Avg_MHz	Busy%	Bzy_MHz	TSC_MHz	IPC	IRQ	NMI	SMI	LLCMRPS	LLC%hit	POLL%	C1%	C1E%	C6%	CPU%c1	CPU%c6	CoreTmp	CoreThr	PkgTmp	Pkg%pc2	Pkg%pc6	PkgWatt	RAMWatt	PKG_%	RAM_%	UncMHz
410	19.28	2091	2138	0.00	234	0	0	0	nan	0.00	1.16	45.02	36.16	80.72	0.00	38	0	42	0.00	0.00	66.00	7.71	0.00	0.00	2000
386	17.94	2140	2110	0.00	228	0	0	0	nan	0.01	1.33	28.37	53.04	82.06	0.00	37	0	42	0.00	0.00	69.75	8.02	0.00	0.00	2000
78	7.13	1081	2139	0.00	194	0	0	0	nan	0.01	0.03	4.14	90.59	92.87	0.00	37	0	42	0.00	0.00	59.03	7.81	0.00	0.00	2000
73	6.96	1056	2100	0.00	194	0	0	0	nan	0.00	0.00	3.31	89.96	93.04	0.00	37	0	43	0.00	0.00	53.93	7.10	0.00	0.00	2000
74	6.35	1170	2106	0.00	193	0	0	0	nan	0.00	0.00	2.75	91.07	93.65	0.00	37	0	42	0.00	0.00	59.05	7.73	0.00	0.00	2000
73	6.85	1066	2099	0.00	194	0	0	0	nan	0.00	0.00	3.14	90.14	93.15	0.00	37	0	43	0.00	0.00	57.97	7.71	0.00	0.00	2000
73	6.75	1089	2082	0.00	193	0	0	0	nan	0.00	0.00	3.18	89.34	93.25	0.00	37	0	42	0.00	0.00	58.01	7.50	0.00	0.00	2000
73	6.83	1059	2107	0.00	194	0	0	0	nan	0.00	0.00	4.06	89.55	93.17	0.00	37	0	42	0.00	0.00	58.43	7.41	0.00	0.00	2000
73	6.78	1074	2112	0.00	194	0	0	0	nan	0.00	0.00	3.34	90.52	93.22	0.00	37	0	43	0.00	0.00	57.67	7.54	0.00	0.00	2000
71	6.82	1051	2089	0.00	193	0	0	0	nan	0.00	0.01	3.19	89.59	93.18	0.00	37	0	42	0.00	0.00	57.36	7.26	0.00	0.00	2000
114	8.83	1289	2107	0.00	194	0	0	0	nan	0.00	0.03	2.93	88.60	91.17	0.00	37	0	42	0.00	0.00	61.54	7.69	0.00	0.00	2000
71	7.15	999	2096	0.00	194	0	0	0	nan	0.00	0.00	2.83	89.99	92.85	0.00	37	0	42	0.00	0.00	58.75	7.48	0.00	0.00	2000
73	6.92	1062	2097	0.00	194	0	0	0	nan	0.00	0.02	2.67	90.40	93.08	0.00	37	0	42	0.00	0.00	57.87	7.27	0.00	0.00	2000
72	6.72	1077	2095	0.00	194	0	0	0	nan	0.00	0.02	3.12	90.11	93.28	0.00	37	0	42	0.00	0.00	54.06	7.13	0.00	0.00	2000
75	6.87	1083	2110	0.00	194	0	0	0	nan	0.00	0.03	2.39	91.24	93.13	0.00	37	0	42	0.00	0.00	58.94	7.56	0.00	0.00	2000
74	6.39	1151	2101	0.00	195	0	0	0	nan	0.00	0.00	3.54	89.96	93.61	0.00	37	0	42	0.00	0.00	58.93	7.49	0.00	0.00	2000
73	6.98	1051	2097	0.31	193	0	0	1	74.75	0.00	0.02	2.93	90.13	93.02	0.00	37	0	42	0.00	0.00	58.42	7.52	0.00	0.00	2000
74	6.70	1095	2107	0.18	193	0	0	0	nan	0.00	0.00	3.15	90.63	93.30	0.00	37	0	42	0.00	0.00	59.68	7.76	0.00	0.00	2000
183	9.97	1853	2075	0.00	214	0	0	0	nan	0.00	0.02	3.60	85.53	90.03	0.00	39	0	42	0.00	0.00	60.80	7.23	0.00	0.00	2000
233	11.13	2096	2094	0.00	206	0	0	0	nan	0.00	0.01	5.54	83.12	88.87	0.00	39	0	42	0.00	0.00	64.38	7.45	0.00	0.00	2000
232	11.30	2028	2131	0.00	230	0	0	0	nan	0.00	0.00	4.57	85.46	88.70	0.00	40	0	42	0.00	0.00	66.14	7.59	0.00	0.00	2000
224	11.09	2056	2067	0.00	203	0	0	0	nan	0.00	0.00	3.51	84.09	88.91	0.00	40	0	42	0.00	0.00	64.97	7.40	0.00	0.00	2000
237	11.58	2025	2125	0.00	194	0	0	0	nan	0.00	0.00	8.23	81.40	88.42	0.00	38	0	42	0.00	0.00	63.64	7.57	0.00	0.00	2000
225	11.10	2036	2090	0.00	200	0	0	0	nan	0.00	0.00	5.31	83.32	88.90	0.00	38	0	42	0.00	0.00	64.62	8.15	0.00	0.00	2000
220	10.92	2026	2090	0.00	201	0	0	0	nan	0.00	0.00	5.51	83.28	89.08	0.00	38	0	42	0.00	0.00	62.25	7.45	0.00	0.00	2000
232	11.34	2035	2113	0.00	196	0	0	0	nan	0.00	0.05	4.41	84.86	88.66	0.00	38	0	42	0.00	0.00	69.07	8.29	0.00	0.00	2000
233	10.97	2120	2107	0.00	214	0	0	0	nan	0.01	0.00	5.08	84.31	89.03	0.00	39	0	43	0.00	0.00	67.42	8.05	0.00	0.00	2000
226	11.08	2066	2074	0.00	183	0	0	0	nan	0.00	0.01	6.27	81.64	88.92	0.00	39	0	42	0.00	0.00	62.34	7.25	0.00	0.00	2000
233	11.15	2061	2126	0.00	214	0	0	0	nan	0.00	1.08	4.79	84.18	88.85	0.00	39	0	43	0.00	0.00	66.68	7.88	0.00	0.00	2000
229	11.18	2071	2075	0.00	203	0	0	0	nan	0.00	0.13	5.82	81.83	88.82	0.00	40	0	42	0.00	0.00	61.38	7.12	0.00	0.00	2000
236	11.01	2109	2131	0.00	215	0	0	0	nan	0.00	0.00	7.55	82.85	88.99	0.00	40	0	42	0.00	0.00	67.13	7.85	0.00	0.00	2000
229	10.96	2103	2090	0.00	181	0	0	0	nan	0.00	0.00	5.28	83.41	89.04	0.00	40	0	42	0.00	0.00	63.26	7.27	0.00	0.00	2000
231	11.01	2095	2105	0.00	199	0	0	1	89.89	0.00	0.03	4.43	84.86	88.99	0.00	40	0	42	0.00	0.00	65.70	7.47	0.00	0.00	2000
228	11.62	1959	2106	0.56	214	0	0	18	54.52	0.00	0.00	6.08	82.68	88.38	0.00	40	0	42	0.00	0.00	65.74	7.63	0.00	0.00	2000
231	10.96	2120	2092	0.03	203	0	0	0	nan	0.00	0.00	5.56	83.17	89.04	0.00	40	0	42	0.00	0.00	65.87	7.70	0.00	0.00	2000
215	11.08	1956	2086	0.00	215	0	0	0	nan	0.00	0.05	7.12	81.35	88.92	0.00	38	0	42	0.00	0.00	65.31	7.27	0.00	0.00	2000
239	11.74	2022	2111	0.00	196	0	0	0	nan	0.00	0.00	8.30	80.66	88.26	0.00	38	0	42	0.00	0.00	63.29	7.83	0.00	0.00	2000
226	10.99	2050	2107	0.00	197	0	0	0	nan	0.00	0.02	4.99	84.46	89.01	0.00	38	0	42	0.00	0.00	65.34	7.90	0.00	0.00	2000
227	11.05	2051	2099	0.00	197	0	0	0	nan	0.00	0.02	5.91	83.17	88.95	0.00	39	0	42	0.00	0.00	64.53	7.80	0.00	0.00	2000
226	10.95	2060	2102	0.00	204	0	0	0	nan	0.00	0.02	7.36	81.93	89.05	0.00	39	0	43	0.00	0.00	64.98	7.80	0.00	0.00	2000
225	10.89	2060	2102	0.00	199	0	0	0	nan	0.00	0.07	3.85	85.41	89.11	0.00	39	0	42	0.00	0.00	63.42	7.83	0.00	0.00	2000
224	10.99	2038	2099	0.00	196	0	0	0	nan	0.00	0.06	2.49	86.58	89.01	0.00	39	0	42	0.00	0.00	62.99	7.70	0.00	0.00	2000
223	10.87	2052	2098	0.00	199	0	0	0	nan	0.03	0.00	4.29	84.99	89.13	0.00	39	0	42	0.00	0.00	65.08	7.83	0.00	0.00	2000
226	11.07	2038	2101	0.00	198	0	0	0	nan	0.00	0.02	5.59	83.49	88.93	0.00	39	0	42	0.00	0.00	64.69	7.74	0.00	0.00	2000
221	10.93	2063	2056	0.00	201	0	0	0	nan	0.00	0.43	6.31	80.59	89.07	0.00	40	0	43	0.00	0.00	62.80	7.44	0.00	0.00	2000
221	10.87	1998	2136	0.00	199	0	0	0	nan	0.00	0.00	6.42	84.34	89.13	0.00	40	0	42	0.00	0.00	63.95	7.50	0.00	0.00	2000
222	11.04	1992	2119	0.00	197	0	0	0	nan	0.00	0.05	6.48	83.47	88.96	0.00	40	0	42	0.00	0.00	65.24	7.64	0.00	0.00	2000
221	10.68	2074	2097	0.00	198	0	0	0	nan	0.00	0.03	5.49	83.80	89.32	0.00	40	0	42	0.00	0.00	65.49	7.50	0.00	0.00	2000
222	11.21	2038	2045	0.00	198	0	0	0	nan	0.00	0.00	6.82	79.85	88.79	0.00	40	0	42	0.00	0.00	62.20	7.38	0.00	0.00	2000
222	10.79	2064	2093	0.00	198	0	0	0	98.97	0.00	0.00	5.33	83.63	89.21	0.00	40	0	42	0.00	0.00	63.38	7.29	0.00	0.00	2000
217	11.09	2025	2032	0.69	197	0	0	5	92.08	0.00	0.00	5.59	80.54	88.91	0.00	40	0	42	0.00	0.00	60.26	6.74	0.00	0.00	2000
223	10.81	2000	2172	0.05	214	0	0	0	nan	0.00	0.00	5.89	86.53	89.19	0.00	40	0	42	0.00	0.00	67.78	7.90	0.00	0.00	2000
221	10.85	1995	2147	0.00	198	0	0	0	nan	0.00	0.00	5.85	85.45	89.15	0.00	40	0	43	0.00	0.00	64.55	7.42	0.00	0.00	2000
224	10.89	2039	2115	0.00	200	0	0	0	nan	0.00	0.00	6.81	83.03	89.11	0.00	40	0	42	0.00	0.00	65.52	7.74	0.00	0.00	2000
219	11.00	2052	2041	0.00	206	0	0	0	nan	0.00	0.02	5.03	81.60	89.00	0.00	40	0	42	0.00	0.00	62.81	6.85	0.00	0.00	2000
228	11.04	2039	2125	0.00	202	0	0	0	nan	0.00	2.12	4.88	83.25	88.96	0.00	40	0	42	0.00	0.00	64.45	7.81	0.00	0.00	2000
219	10.89	2039	2074	0.00	213	0	0	0	nan	0.00	0.05	2.90	85.25	89.11	0.00	40	0	42	0.00	0.00	63.44	7.41	0.00	0.00	2000
221	10.78	2041	2114	0.00	196	0	0	0	nan	0.02	1.52	6.02	82.45	89.22	0.00	40	0	42	0.00	0.00	64.16	7.56	0.00	0.00	2000
223	10.86	2020	2134	0.00	202	0	0	0	nan	0.00	0.00	6.95	83.80	89.14	0.00	40	0	42	0.00	0.00	63.75	7.46	0.00	0.00	2000
219	10.98	2015	2084	0.00	195	0	0	0	nan	0.00	0.03	7.03	81.52	89.02	0.00	40	0	42	0.00	0.00	62.07	7.29	0.00	0.00	2000
222	10.71	2064	2112	0.00	202	0	0	0	nan	0.00	0.00	7.78	82.10	89.29	0.00	40	0	42	0.00	0.00	67.53	8.05	0.00	0.00	2000
222	10.89	2031	2108	0.00	199	0	0	0	nan	0.00	0.01	5.73	83.92	89.11	0.00	40	0	42	0.00	0.00	62.65	7.48	0.00	0.00	2000
222	10.77	2050	2115	0.00	196	0	0	0	nan	0.00	0.02	5.72	84.27	89.23	0.00	40	0	42	0.00	0.00	65.52	7.72	0.00	0.00	2000
219	11.39	2056	1964	0.00	195	0	0	0	nan	0.00	0.00	4.73	78.33	88.61	0.00	40	0	42	0.00	0.00	58.82	6.93	0.00	0.00	2000
224	10.65	2007	2200	0.00	204	0	0	0	nan	0.00	0.00	5.78	87.98	89.35	0.00	40	0	42	0.00	0.00	68.93	8.12	0.00	0.00	2000
221	10.73	2070	2087	0.00	197	0	0	0	nan	0.00	0.00	6.74	82.08	89.27	0.00	41	0	42	0.00	0.00	64.60	7.54	0.00	0.00	2000
221	10.85	2006	2137	0.00	197	0	0	0	98.24	0.00	0.02	5.25	85.71	89.15	0.00	40	0	42	0.00	0.00	64.27	7.53	0.00	0.00	2000
220	11.09	2017	2069	0.90	198	0	0	7	87.67	0.00	0.00	5.46	82.36	88.91	0.00	40	0	42	0.00	0.00	61.02	7.33	0.00	0.00	2000
225	11.03	2036	2108	0.18	200	0	0	0	nan	0.00	0.00	6.48	83.02	88.97	0.00	40	0	42	0.00	0.00	67.03	7.89	0.00	0.00	2000
222	10.72	2029	2147	0.00	206	0	0	0	nan	0.00	0.03	4.21	87.27	89.28	0.00	40	0	42	0.00	0.00	62.67	7.49	0.00	0.00	2000
218	11.13	2035	2021	0.00	195	0	0	0	nan	0.00	0.04	3.00	82.71	88.87	0.00	41	0	42	0.00	0.00	62.49	7.27	0.00	0.00	2000
223	10.61	2028	2180	0.00	198	0	0	0	nan	0.03	0.00	5.18	87.85	89.39	0.00	40	0	43	0.00	0.00	65.41	7.64	0.00	0.00	2000
219	10.99	2069	2021	0.00	197	0	0	0	nan	0.00	0.44	5.76	79.71	89.01	0.00	41	0	42	0.00	0.00	62.76	7.46	0.00	0.00	2000
225	10.87	2038	2128	0.00	199	0	0	0	nan	0.00	0.04	7.19	83.30	89.13	0.00	40	0	42	0.00	0.00	64.08	7.40	0.00	0.00	2000
220	10.75	2008	2141	0.00	201	0	0	0	nan	0.00	0.00	5.68	85.46	89.25	0.00	41	0	42	0.00	0.00	66.73	7.98	0.00	0.00	2000
222	10.99	2006	2113	0.00	196	0	0	0	nan	0.04	0.00	8.74	81.03	89.01	0.00	40	0	42	0.00	0.00	62.90	7.36	0.00	0.00	2000
219	11.01	2027	2058	0.00	196	0	0	0	nan	0.00	0.01	5.41	82.00	88.99	0.00	41	0	42	0.00	0.00	63.10	7.47	0.00	0.00	2000
219	10.88	2032	2080	0.00	199	0	0	0	nan	0.00	0.00	5.65	82.82	89.12	0.00	40	0	42	0.00	0.00	62.58	7.29	0.00	0.00	2000
224	10.69	2075	2123	0.00	198	0	0	0	nan	0.00	0.00	5.67	84.68	89.31	0.00	40	0	42	0.00	0.00	64.62	7.45	0.00	0.00	2000
220	10.92	2034	2081	0.00	203	0	0	0	nan	0.00	0.02	6.64	81.85	89.08	0.00	40	0	42	0.00	0.00	63.55	7.41	0.00	0.00	2000
221	10.82	1994	2154	0.00	200	0	0	0	nan	0.00	0.02	7.09	84.56	89.18	0.00	40	0	42	0.00	0.00	67.09	7.82	0.00	0.00	2000
221	11.26	2008	2054	0.00	198	0	0	0	nan	0.00	0.00	7.24	79.77	88.74	0.00	40	0	42	0.00	0.00	60.73	7.30	0.00	0.00	2000
221	10.78	2005	2143	0.00	197	0	0	0	nan	0.00	0.00	5.51	85.73	89.22	0.00	41	0	42	0.00	0.00	66.82	7.83	0.00	0.00	2000
221	11.14	2006	2078	0.00	199	0	0	0	nan	0.00	0.00	6.16	81.94	88.86	0.00	40	0	42	0.00	0.00	61.61	7.55	0.00	0.00	2000
227	10.48	2176	2092	0.67	199	0	0	9	54.88	0.02	3.14	5.99	80.21	89.52	0.00	40	0	42	0.00	0.00	65.90	7.71	0.00	0.00	2000
220	10.84	2045	2086	0.46	199	0	0	0	nan	0.00	0.02	7.25	81.44	89.16	0.00	40	0	42	0.00	0.00	63.98	7.63	0.00	0.00	2000
222	10.87	1996	2147	0.00	198	0	0	0	nan	0.00	0.00	4.95	86.40	89.13	0.00	40	0	42	0.00	0.00	66.81	8.05	0.00	0.00	2000
220	11.03	2035	2057	0.00	198	0	0	0	nan	0.00	0.02	7.49	79.77	88.97	0.00	41	0	42	0.00	0.00	61.36	7.27	0.00	0.00	2000
221	10.59	2078	2107	0.00	196	0	0	0	nan	0.00	0.02	6.19	83.63	89.41	0.00	41	0	42	0.00	0.00	64.28	7.52	0.00	0.00	2000
224	10.85	2068	2099	0.00	204	0	0	0	nan	0.00	0.02	6.38	82.80	89.15	0.00	40	0	42	0.00	0.00	63.84	7.57	0.00	0.00	2000
222	10.97	2021	2104	0.00	198	0	0	0	nan	0.00	0.00	7.15	82.27	89.03	0.00	41	0	42	0.00	0.00	63.98	7.64	0.00	0.00	2000
220	10.78	2056	2089	0.00	195	0	0	0	nan	0.00	0.00	7.74	81.14	89.22	0.00	41	0	42	0.00	0.00	63.92	7.42	0.00	0.00	2000
220	10.80	2021	2120	0.00	197	0	0	0	nan	0.00	0.00	4.72	85.46	89.20	0.00	41	0	42	0.00	0.00	63.60	7.50	0.00	0.00	2000
220	10.84	2034	2093	0.00	198	0	0	0	nan	0.00	0.03	5.70	83.29	89.16	0.00	41	0	42	0.00	0.00	64.29	7.38	0.00	0.00	2000
224	10.95	2012	2139	0.00	202	0	0	0	nan	0.00	0.00	7.74	83.16	89.05	0.00	40	0	42	0.00	0.00	65.11	7.55	0.00	0.00	2000
246	12.19	2099	2020	0.00	197	0	0	0	nan	0.00	0.00	6.02	78.58	87.81	0.00	40	0	42	0.00	0.00	61.03	7.05	0.00	0.00	2000
223	10.41	2080	2163	0.00	199	0	0	0	nan	0.00	0.00	7.39	85.02	89.59	0.00	40	0	42	0.00	0.00	67.90	7.84	0.00	0.00	2000
219	11.00	2040	2053	0.00	197	0	0	0	nan	0.00	0.02	6.15	80.98	89.00	0.00	40	0	42	0.00	0.00	60.17	6.91	0.00	0.00	2000
222	10.62	2053	2137	0.00	196	0	0	0	nan	0.01	0.00	4.47	86.68	89.38	0.00	40	0	42	0.00	0.00	66.84	7.78	0.00	0.00	2000
224	10.44	2158	2091	0.00	198	0	0	0	nan	0.00	1.10	4.59	83.58	89.56	0.00	40	0	42	0.00	0.00	65.19	7.50	0.00	0.00	2000
228	10.69	2129	2107	0.00	219	0	0	0	nan	0.03	2.06	7.95	79.75	89.31	0.00	40	0	42	0.00	0.00	65.51	7.47	0.00	0.00	2000
221	10.65	2069	2109	0.28	202	0	0	4	91.71	0.00	0.00	10.57	79.37	89.35	0.00	41	0	42	0.00	0.00	64.28	7.47	0.00	0.00	2000
219	11.13	2011	2055	0.46	197	0	0	1	91.36	0.00	0.05	6.37	80.64	88.87	0.00	40	0	42	0.00	0.00	62.43	7.18	0.00	0.00	2000
220	11.05	1995	2097	0.00	213	0	0	0	nan	0.00	0.02	5.65	83.33	88.95	0.00	40	0	42	0.00	0.00	63.54	7.52	0.00	0.00	2000
222	11.01	2077	2036	0.00	200	0	0	0	nan	0.00	0.01	5.74	80.53	88.99	0.00	40	0	42	0.00	0.00	64.10	7.51	0.00	0.00	2000
223	10.36	2072	2184	0.00	198	0	0	0	nan	0.00	0.00	6.94	86.41	89.64	0.00	40	0	42	0.00	0.00	64.45	7.45	0.00	0.00	2000
222	10.80	2042	2110	0.00	198	0	0	0	nan	0.00	0.02	6.05	83.68	89.20	0.00	40	0	42	0.00	0.00	64.38	7.40	0.00	0.00	2000
221	10.72	2036	2123	0.00	197	0	0	0	nan	0.00	0.03	5.65	84.77	89.28	0.00	40	0	42	0.00	0.00	65.79	8.88	0.00	0.00	2000
218	11.11	2010	2050	0.00	214	0	0	0	nan	0.00	0.00	5.19	81.69	88.89	0.00	40	0	42	0.00	0.00	65.72	8.87	0.00	0.00	2000
224	10.62	2089	2122	0.00	199	0	0	0	nan	0.00	0.01	5.45	84.88	89.38	0.00	40	0	42	0.00	0.00	66.21	8.89	0.00	0.00	2000
221	10.89	2006	2127	0.00	197	0	0	0	nan	0.00	0.00	7.47	82.99	89.11	0.00	40	0	42	0.00	0.00	68.30	8.93	0.00	0.00	2000
222	10.92	2010	2126	0.00	197	0	0	0	nan	0.00	0.00	5.35	85.09	89.08	0.00	40	0	42	0.00	0.00	64.78	8.98	0.00	0.00	2000
220	10.72	2056	2099	0.00	197	0	0	0	nan	0.00	0.00	5.07	84.23	89.28	0.00	40	0	42	0.00	0.00	64.75	7.61	0.00	0.00	2000
223	10.91	2042	2101	0.00	197	0	0	0	nan	0.06	0.00	7.96	81.33	89.09	0.00	40	0	42	0.00	0.00	63.50	7.35	0.00	0.00	2000
223	10.74	2080	2097	0.00	203	0	0	0	nan	0.00	1.06	2.85	85.36	89.26	0.00	40	0	42	0.00	0.00	64.71	7.61	0.00	0.00	2000
221	10.95	2019	2096	0.00	197	0	0	0	nan	0.00	0.01	5.10	83.95	89.05	0.00	40	0	42	0.00	0.00	64.29	7.63	0.00	0.00	2000
223	10.97	2028	2103	0.00	196	0	0	0	nan	0.00	0.01	5.05	84.27	89.03	0.00	40	0	42	0.00	0.00	63.22	7.40	0.00	0.00	2000
217	10.93	2122	1961	0.00	178	0	0	0	nan	0.00	0.98	5.27	77.16	89.07	0.00	40	0	42	0.00	0.00	61.06	7.09	0.00	0.00	2000
226	10.29	2047	2256	0.29	212	0	0	4	52.96	0.00	0.01	5.67	90.75	89.71	0.00	40	0	42	0.00	0.00	69.04	8.00	0.00	0.00	2000
224	10.84	2069	2098	0.60	199	0	0	2	89.14	0.00	0.00	6.41	82.79	89.16	0.00	40	0	42	0.00	0.00	63.47	7.44	0.00	0.00	2000
222	10.61	2095	2100	0.00	198	0	0	0	nan	0.00	0.00	6.75	82.69	89.39	0.00	40	0	42	0.00	0.00	65.94	7.77	0.00	0.00	2000
223	11.21	1997	2096	0.00	182	0	0	0	nan	0.04	0.02	8.19	80.70	88.79	0.00	40	0	42	0.00	0.00	62.32	7.56	0.00	0.00	2000
222	10.99	2012	2107	0.00	198	0	0	0	nan	0.00	0.00	6.27	83.19	89.01	0.00	40	0	42	0.00	0.00	65.81	7.95	0.00	0.00	2000
221	10.74	2066	2094	0.00	197	0	0	0	nan	0.00	0.01	6.20	82.92	89.26	0.00	40	0	42	0.00	0.00	62.83	7.39	0.00	0.00	2000
221	10.92	2023	2100	0.00	180	0	0	0	nan	0.00	0.00	5.18	84.01	89.08	0.00	40	0	42	0.00	0.00	63.11	7.53	0.00	0.00	2000
222	10.95	2033	2097	0.00	217	0	0	0	nan	0.00	0.00	6.87	82.23	89.05	0.00	40	0	42	0.00	0.00	65.27	7.70	0.00	0.00	2000
221	10.70	2058	2106	0.00	197	0	0	0	nan	0.00	0.00	6.11	83.60	89.30	0.00	40	0	42	0.00	0.00	65.10	7.67	0.00	0.00	2000
220	10.83	2042	2094	0.00	199	0	0	0	nan	0.00	0.02	6.16	82.90	89.17	0.00	40	0	42	0.00	0.00	64.32	7.64	0.00	0.00	2000
219	10.99	2076	2018	0.00	198	0	0	0	nan	0.00	0.02	2.86	82.83	89.01	0.00	40	0	42	0.00	0.00	61.78	7.28	0.00	0.00	2000
224	10.67	2013	2191	0.00	197	0	0	0	nan	0.06	0.02	2.71	90.70	89.33	0.00	40	0	42	0.00	0.00	65.11	7.72	0.00	0.00	2000
223	10.90	2042	2102	0.00	198	0	0	0	nan	0.00	0.03	5.17	84.16	89.10	0.00	40	0	42	0.00	0.00	64.92	7.72	0.00	0.00	2000
218	11.06	2061	2010	0.00	202	1	0	0	nan	0.00	0.00	6.14	78.97	88.94	0.00	40	0	42	0.00	0.00	62.29	7.56	0.00	0.00	2000
225	10.66	2019	2194	0.00	197	0	0	0	nan	0.00	0.02	7.11	86.28	89.34	0.00	40	0	42	0.00	0.00	64.91	7.65	0.00	0.00	2000
221	10.81	2049	2098	0.00	196	0	0	0	nan	0.00	0.00	6.15	83.08	89.19	0.00	40	0	42	0.00	0.00	65.53	7.71	0.00	0.00	2000
221	10.92	2022	2098	0.00	196	0	0	0	nan	0.00	0.01	5.77	83.32	89.08	0.00	40	0	42	0.00	0.00	64.83	7.70	0.00	0.00	2000
224	10.95	2045	2102	0.00	198	0	0	3	63.38	0.00	0.02	5.56	83.69	89.05	0.00	40	0	42	0.00	0.00	63.19	7.53	0.00	0.00	2000
222	10.97	2028	2097	0.80	189	0	0	4	61.60	0.00	0.01	3.32	85.70	89.03	0.00	40	0	42	0.00	0.00	62.38	7.26	0.00	0.00	2000
222	10.55	2101	2106	0.00	198	0	0	0	nan	0.00	0.02	5.36	84.50	89.45	0.00	41	0	42	0.00	0.00	66.85	8.02	0.00	0.00	2000
229	10.75	2124	2101	0.00	198	0	0	0	nan	0.00	0.01	5.62	83.78	89.25	0.00	40	0	42	0.00	0.00	63.17	7.50	0.00	0.00	2000
217	11.13	2056	1996	0.00	198	0	0	0	nan	0.00	0.00	5.26	79.38	88.87	0.00	40	0	42	0.00	0.00	61.68	7.43	0.00	0.00	2000
224	10.45	2040	2207	0.00	199	0	0	0	nan	0.00	0.00	6.24	88.07	89.55	0.00	40	0	42	0.00	0.00	68.60	8.08	0.00	0.00	2000
224	10.64	2112	2099	0.00	203	0	0	0	nan	0.00	0.03	7.23	82.07	89.36	0.00	40	0	42	0.00	0.00	62.78	7.32	0.00	0.00	2000
222	10.80	2061	2099	0.00	198	0	0	0	nan	0.00	0.00	7.91	81.37	89.20	0.00	40	0	42	0.00	0.00	65.43	7.67	0.00	0.00	2000
221	10.67	2074	2100	0.00	198	0	0	0	nan	0.00	0.02	3.76	85.69	89.33	0.00	40	0	42	0.00	0.00	65.46	7.46	0.00	0.00	2000
212	11.24	2110	1879	0.00	182	0	0	0	nan	0.00	0.04	2.29	77.22	88.76	0.00	38	0	42	0.00	0.00	52.95	6.44	0.00	0.00	2000
237	10.76	1957	2361	0.00	230	0	0	0	nan	0.05	0.00	5.66	94.93	89.24	0.00	38	0	42	0.00	0.00	76.22	8.92	0.00	0.00	2000
231	11.12	2068	2106	0.00	205	0	0	0	nan	0.00	0.00	4.69	84.57	88.88	0.00	38	0	42	0.00	0.00	63.41	7.54	0.00	0.00	2000
229	11.00	2085	2099	0.00	198	0	0	0	nan	0.00	0.01	6.45	82.61	89.00	0.00	38	0	42	0.00	0.00	66.60	7.81	0.00	0.00	2000
230	11.21	2052	2096	0.00	182	0	0	0	nan	0.00	0.00	5.92	82.91	88.79	0.00	38	0	42	0.00	0.00	62.44	7.51	0.00	0.00	2000
228	11.17	2043	2098	0.00	197	0	0	0	nan	0.00	0.03	7.26	81.65	88.83	0.00	38	0	42	0.00	0.00	65.62	7.64	0.00	0.00	2000
230	11.36	2020	2106	0.00	196	0	0	0	nan	0.00	0.00	6.66	82.41	88.64	0.00	38	0	42	0.00	0.00	65.25	7.84	0.00	0.00	2000
233	11.36	2052	2098	0.00	200	0	0	0	nan	0.00	0.03	7.56	81.17	88.64	0.00	38	0	42	0.00	0.00	63.21	7.56	0.00	0.00	2000
230	11.23	2048	2096	0.00	203	0	0	1	67.12	0.00	0.01	6.13	82.69	88.77	0.00	38	0	42	0.00	0.00	64.36	7.80	0.00	0.00	2000
229	11.33	2021	2102	0.87	196	0	0	4	55.06	0.00	0.00	6.41	82.57	88.67	0.00	38	0	42	0.00	0.00	62.67	7.44	0.00	0.00	2000
231	11.39	2022	2102	0.00	180	0	0	0	nan	0.00	0.00	6.16	82.77	88.61	0.00	38	0	42	0.00	0.00	64.97	7.67	0.00	0.00	2000
229	11.13	2054	2101	0.00	197	0	0	0	nan	0.00	0.03	5.40	83.60	88.87	0.00	38	0	42	0.00	0.00	65.93	7.77	0.00	0.00	2000
230	11.29	2041	2100	0.00	198	0	0	0	nan	0.00	0.04	5.72	83.13	88.71	0.00	38	0	42	0.00	0.00	63.49	7.56	0.00	0.00	2000
230	11.06	2085	2097	0.00	200	0	0	0	nan	0.00	0.02	5.93	83.05	88.94	0.00	38	0	42	0.00	0.00	63.11	7.43	0.00	0.00	2000
230	11.22	2043	2104	0.00	195	0	0	0	nan	0.00	1.57	5.37	82.20	88.78	0.00	39	0	42	0.00	0.00	65.32	7.76	0.00	0.00	2000
229	11.24	2035	2102	0.00	181	0	0	0	nan	0.00	0.02	3.74	85.23	88.76	0.00	38	0	42	0.00	0.00	66.20	7.85	0.00	0.00	2000
229	11.24	2039	2097	0.00	198	0	0	0	nan	0.00	0.00	5.38	83.48	88.76	0.00	38	0	42	0.00	0.00	62.47	7.37	0.00	0.00	2000
229	11.07	2068	2096	0.00	197	0	0	0	nan	0.00	0.50	5.25	83.19	88.93	0.00	38	0	42	0.00	0.00	62.56	7.35	0.00	0.00	2000
232	11.37	2045	2099	0.00	200	0	0	0	nan	0.00	0.44	6.79	81.62	88.63	0.00	38	0	42	0.00	0.00	64.61	7.78	0.00	0.00	2000
229	11.39	2012	2101	0.00	205	0	0	0	nan	0.00	0.01	6.58	82.30	88.61	0.00	38	0	42	0.00	0.00	64.93	7.69	0.00	0.00	2000
230	11.26	2046	2095	0.00	199	0	0	0	nan	0.00	0.02	5.87	82.80	88.74	0.00	38	0	42	0.00	0.00	64.12	7.60	0.00	0.00	2000
230	11.27	2030	2109	0.00	198	0	0	0	nan	0.00	0.00	6.93	82.33	88.73	0.00	38	0	42	0.00	0.00	66.43	7.69	0.00	0.00	2000
230	11.20	2055	2097	0.00	178	0	0	0	nan	0.00	0.00	6.32	82.47	88.80	0.00	38	0	42	0.00	0.00	65.06	7.65	0.00	0.00	2000
230	11.19	2051	2103	0.00	197	0	0	0	nan	0.00	0.00	5.78	83.25	88.81	0.00	38	0	42	0.00	0.00	63.46	7.64	0.00	0.00	2000
234	11.24	2086	2100	0.00	197	0	0	0	nan	0.00	0.01	5.68	83.29	88.76	0.00	38	0	42	0.00	0.00	65.26	7.77	0.00	0.00	2000
229	11.09	2067	2100	0.00	203	0	0	0	nan	0.00	0.00	5.70	83.23	88.91	0.00	38	0	42	0.00	0.00	63.61	7.38	0.00	0.00	2000
229	11.29	2049	2080	0.37	180	0	0	4	45.65	0.00	0.00	6.05	82.00	88.71	0.00	38	0	42	0.00	0.00	64.23	7.62	0.00	0.00	2000
229	11.05	2057	2116	0.54	198	0	0	1	87.96	0.00	0.00	6.55	83.19	88.95	0.00	39	0	42	0.00	0.00	65.18	7.70	0.00	0.00	2000
229	11.09	2067	2102	0.00	197	0	0	0	nan	0.00	0.02	6.23	82.83	88.91	0.00	38	0	43	0.00	0.00	64.85	7.78	0.00	0.00	2000
227	11.55	2030	2032	0.00	199	0	0	0	nan	0.00	0.09	3.69	82.04	88.45	0.00	38	0	42	0.00	0.00	59.97	7.15	0.00	0.00	2000
234	11.15	2029	2172	0.00	199	0	0	0	nan	0.03	0.05	3.47	88.62	88.85	0.00	38	0	42	0.00	0.00	67.93	8.09	0.00	0.00	2000
259	12.83	2019	2100	0.00	203	0	0	0	nan	0.00	0.02	5.76	81.56	87.17	0.00	38	0	42	0.00	0.00	60.78	7.67	0.00	0.00	2000
231	11.26	2047	2103	0.00	198	0	0	0	nan	0.00	0.00	7.36	81.70	88.74	0.00	39	0	42	0.00	0.00	66.10	7.43	0.00	0.00	2000
229	11.16	2054	2095	0.00	195	0	0	0	nan	0.00	0.00	7.42	81.38	88.84	0.00	38	0	42	0.00	0.00	64.53	7.73	0.00	0.00	2000
229	11.35	2018	2103	0.00	199	0	0	0	nan	0.00	0.00	7.12	81.89	88.65	0.00	38	0	42	0.00	0.00	65.04	7.83	0.00	0.00	2000
231	11.18	2064	2102	0.00	181	0	0	0	nan	0.00	0.03	6.49	82.59	88.82	0.00	38	0	42	0.00	0.00	62.93	7.35	0.00	0.00	2000
231	11.37	2036	2099	0.00	204	0	0	0	nan	0.00	0.00	7.51	81.16	88.63	0.00	38	0	42	0.00	0.00	64.93	7.64	0.00	0.00	2000
229	11.11	2065	2099	0.00	199	0	0	0	nan	0.00	0.00	7.82	81.16	88.89	0.00	38	0	42	0.00	0.00	62.75	7.40	0.00	0.00	2000
231	11.10	2083	2096	0.00	197	0	0	0	nan	0.00	0.00	5.97	82.88	88.90	0.00	39	0	42	0.00	0.00	64.54	7.61	0.00	0.00	2000
230	11.17	2051	2104	0.00	200	0	0	0	nan	0.00	0.00	7.10	82.03	88.83	0.00	38	0	42	0.00	0.00	66.23	7.82	0.00	0.00	2000
230	11.37	2048	2072	0.00	181	0	0	0	nan	0.00	0.00	5.95	81.67	88.63	0.00	38	0	42	0.00	0.00	61.61	7.28	0.00	0.00	2000
232	11.15	2057	2124	0.00	201	0	0	0	nan	0.00	0.00	7.91	82.09	88.85	0.00	38	0	43	0.00	0.00	67.54	8.11	0.00	0.00	2000
231	11.31	2042	2099	0.00	199	0	0	0	nan	0.00	0.01	7.54	81.20	88.69	0.00	38	0	42	0.00	0.00	62.21	7.36	0.00	0.00	2000
230	11.22	2042	2106	0.00	198	0	0	2	56.99	0.00	0.44	3.84	84.96	88.78	0.00	38	0	42	0.00	0.00	63.75	7.58	0.00	0.00	2000
226	11.52	2068	1993	0.76	196	0	0	4	57.74	0.00	0.05	2.33	81.80	88.48	0.00	38	0	42	0.00	0.00	61.32	7.37	0.00	0.00	2000
231	10.89	2018	2211	0.00	199	0	0	0	nan	0.00	0.00	5.26	88.79	89.11	0.00	38	0	42	0.00	0.00	67.70	8.12	0.00	0.00	2000
234	11.29	2073	2104	0.00	200	0	0	0	nan	0.00	0.02	6.58	82.34	88.71	0.00	38	0	42	0.00	0.00	65.57	7.64	0.00	0.00	2000
229	11.15	2054	2099	0.00	202	0	0	0	nan	0.00	0.03	7.36	81.57	88.85	0.00	38	0	42	0.00	0.00	63.31	7.56	0.00	0.00	2000
230	11.09	2070	2101	0.00	198	0	0	0	nan	0.00	0.00	6.88	82.18	88.91	0.00	38	0	42	0.00	0.00	65.92	7.75	0.00	0.00	2000
228	11.17	2050	2092	0.00	180	0	0	0	nan	0.00	0.02	5.53	83.18	88.83	0.00	38	0	42	0.00	0.00	64.73	7.75	0.00	0.00	2000
229	11.16	2053	2100	0.00	197	0	0	0	nan	0.00	0.00	5.38	83.57	88.84	0.00	38	0	42	0.00	0.00	64.23	7.61	0.00	0.00	2000
228	11.16	2042	2102	0.00	197	0	0	0	nan	0.00	0.00	5.87	83.07	88.84	0.00	39	0	42	0.00	0.00	62.88	7.46	0.00	0.00	2000
234	11.44	2037	2105	0.00	198	0	0	0	nan	0.00	0.02	7.07	81.81	88.56	0.00	38	0	42	0.00	0.00	63.07	7.43	0.00	0.00	2000
230	11.20	2056	2101	0.00	198	0	0	0	nan	0.00	0.01	7.56	81.44	88.80	0.00	38	0	42	0.00	0.00	66.43	7.88	0.00	0.00	2000
230	11.12	2070	2097	0.00	181	0	0	0	nan	0.00	0.01	6.83	82.05	88.88	0.00	38	0	42	0.00	0.00	62.82	7.47	0.00	0.00	2000
231	11.09	2079	2105	0.00	197	0	0	0	nan	0.04	0.01	7.92	81.29	88.91	0.00	38	0	42	0.00	0.00	63.89	7.50	0.00	0.00	2000
226	11.40	2070	2011	0.00	196	0	0	0	nan	0.00	0.02	4.66	80.30	88.60	0.00	38	0	42	0.00	0.00	61.81	7.31	0.00	0.00	2000
232	11.05	2024	2181	0.00	199	0	0	0	nan	0.00	0.02	5.85	86.74	88.95	0.00	38	0	42	0.00	0.00	67.03	7.85	0.00	0.00	2000
233	11.17	2076	2106	0.00	195	0	0	0	nan	0.00	0.00	2.46	86.74	88.83	0.00	38	0	42	0.00	0.00	64.66	7.43	0.00	0.00	2000
228	11.00	2077	2098	0.00	196	0	0	0	nan	0.00	0.00	3.74	85.31	89.00	0.00	39	0	42	0.00	0.00	64.74	7.72	0.00	0.00	2000
230	11.61	1973	2106	0.00	198	0	0	0	nan	0.00	0.00	3.63	85.08	88.39	0.00	39	0	42	0.00	0.00	65.39	7.68	0.00	0.00	2000
229	11.25	2032	2099	0.72	193	0	0	4	38.61	0.00	0.00	3.31	85.58	88.75	0.00	39	0	42	0.00	0.00	63.98	7.55	0.00	0.00	2000
230	11.19	2056	2099	0.22	194	0	0	0	nan	0.00	0.00	3.08	85.79	88.81	0.00	38	0	42	0.00	0.00	62.77	7.48	0.00	0.00	2000
228	11.25	2034	2096	0.00	179	0	0	0	nan	0.00	0.00	3.35	85.32	88.75	0.00	38	0	42	0.00	0.00	65.33	7.79	0.00	0.00	2000
231	11.24	2050	2102	0.00	195	0	0	0	nan	0.01	0.00	3.31	85.61	88.76	0.00	38	0	42	0.00	0.00	65.41	7.87	0.00	0.00	2000
229	11.08	2065	2103	0.00	195	0	0	0	nan	0.00	0.00	3.50	85.69	88.92	0.00	38	0	42	0.00	0.00	63.04	7.27	0.00	0.00	2000
229	11.25	2034	2099	0.00	197	0	0	0	nan	0.00	0.02	3.33	85.58	88.75	0.00	38	0	42	0.00	0.00	65.68	8.11	0.00	0.00	2000
230	10.99	2094	2101	0.00	209	0	0	0	nan	0.00	0.02	4.22	84.90	89.01	0.00	38	0	42	0.00	0.00	63.93	7.41	0.00	0.00	2000
230	10.94	2099	2101	0.00	180	0	0	0	nan	0.00	0.03	3.96	85.29	89.06	0.00	38	0	42	0.00	0.00	62.77	7.42	0.00	0.00	2000
226	11.31	2053	2040	0.00	195	0	0	0	nan	0.00	0.00	3.35	82.96	88.69	0.00	38	0	42	0.00	0.00	62.49	7.32	0.00	0.00	2000
231	11.50	1950	2158	0.00	195	0	0	0	nan	0.00	0.00	3.65	87.50	88.50	0.00	38	0	42	0.00	0.00	67.11	7.96	0.00	0.00	2000
228	11.23	2024	2106	0.00	195	0	0	0	nan	0.00	0.00	2.92	86.30	88.77	0.00	38	0	42	0.00	0.00	64.16	7.43	0.00	0.00	2000
229	11.14	2063	2097	0.00	193	0	0	0	nan	0.00	0.00	3.08	85.74	88.86	0.00	39	0	42	0.00	0.00	65.61	7.63	0.00	0.00	2000
227	11.10	2048	2100	0.00	194	0	0	0	nan	0.00	0.01	3.08	85.91	88.90	0.00	38	0	42	0.00	0.00	62.90	7.37	0.00	0.00	2000
229	11.21	2044	2096	0.00	194	0	0	0	nan	0.00	0.02	2.71	86.06	88.79	0.00	38	0	42	0.00	0.00	64.74	7.53	0.00	0.00	2000
231	11.49	2035	2072	0.00	179	0	0	0	nan	0.00	0.00	3.33	84.15	88.51	0.00	38	0	42	0.00	0.00	62.37	7.23	0.00	0.00	2000
231	11.11	2039	2136	0.00	196	0	0	0	nan	0.00	0.00	4.13	86.28	88.89	0.00	38	0	42	0.00	0.00	66.65	7.90	0.00	0.00	2000
229	10.98	2090	2096	0.00	195	0	0	0	nan	0.00	0.02	3.40	85.59	89.02	0.00	39	0	42	0.00	0.00	65.40	7.76	0.00	0.00	2000
235	11.07	2125	2100	0.21	196	0	0	4	55.46	0.00	0.02	3.50	85.56	88.93	0.00	39	0	42	0.00	0.00	63.29	7.60	0.00	0.00	2000
229	10.98	2086	2098	0.73	180	0	0	2	74.53	0.00	0.00	2.98	86.08	89.02	0.00	38	0	42	0.00	0.00	63.05	7.33	0.00	0.00	2000
230	11.63	2006	2070	0.00	197	0	0	0	nan	0.00	0.04	3.56	83.73	88.37	0.00	38	0	42	0.00	0.00	64.30	7.77	0.00	0.00	2000
232	11.13	2045	2139	0.00	197	0	0	0	nan	0.00	0.01	4.56	86.04	88.87	0.00	38	0	42	0.00	0.00	66.82	7.63	0.00	0.00	2000
230	10.84	2121	2097	0.00	194	0	0	0	nan	0.00	0.00	3.41	85.70	89.16	0.00	38	0	42	0.00	0.00	65.41	7.83	0.00	0.00	2000
227	11.12	2046	2094	0.00	194	0	0	0	nan	0.00	0.02	3.25	85.45	88.88	0.00	38	0	42	0.00	0.00	61.99	7.38	0.00	0.00	2000
229	11.38	2009	2102	0.00	194	0	0	0	nan	0.00	0.01	3.07	85.80	88.62	0.00	38	0	42	0.00	0.00	65.45	7.45	0.00	0.00	2000
227	11.30	2011	2100	0.00	194	0	0	0	nan	0.00	0.00	2.89	86.00	88.70	0.00	38	0	42	0.00	0.00	63.22	7.45	0.00	0.00	2000
228	11.26	2039	2085	0.00	178	0	0	0	nan	0.00	0.02	2.90	85.31	88.74	0.00	38	0	42	0.00	0.00	64.32	7.73	0.00	0.00	2000
230	11.42	1997	2118	0.00	197	0	0	0	nan	0.00	0.00	3.76	85.75	88.58	0.00	39	0	43	0.00	0.00	66.08	7.92	0.00	0.00	2000
229	11.02	2077	2102	0.00	194	0	0	0	nan	0.00	0.00	3.77	85.47	88.98	0.00	39	0	42	0.00	0.00	65.92	7.72	0.00	0.00	2000
224	11.29	2078	2004	0.00	196	0	0	0	nan	0.00	0.02	2.92	81.85	88.71	0.00	38	0	42	0.00	0.00	58.78	6.92	0.00	0.00	2000
231	11.02	2004	2199	0.00	194	0	0	0	nan	0.00	0.00	2.43	90.95	88.98	0.00	38	0	42	0.00	0.00	68.32	7.97	0.00	0.00	2000
227	11.54	1973	2096	0.00	196	0	0	0	nan	0.00	0.02	2.55	85.94	88.46	0.00	39	0	42	0.00	0.00	64.48	7.71	0.00	0.00	2000
232	11.24	2059	2108	0.00	196	0	0	0	nan	0.01	0.00	4.10	85.15	88.76	0.00	38	0	42	0.00	0.00	65.00	7.83	0.00	0.00	2000
228	11.42	2000	2098	0.00	197	0	0	0	nan	0.00	0.00	3.27	85.45	88.58	0.00	38	0	42	0.00	0.00	65.01	7.44	0.00	0.00	2000
228	11.33	2016	2101	0.00	195	0	0	0	nan	0.00	0.00	2.68	86.21	88.67	0.00	38	0	42	0.00	0.00	61.12	7.47	0.00	0.00	2000
228	11.28	2034	2091	0.00	179	0	0	2	63.90	0.00	0.02	2.82	85.74	88.72	0.00	38	0	42	0.00	0.00	64.54	7.81	0.00	0.00	2000
230	11.34	2021	2105	0.86	194	0	0	5	62.05	0.00	0.00	2.84	86.17	88.66	0.00	38	0	42	0.00	0.00	65.10	7.53	0.00	0.00	2000
229	11.42	1998	2106	0.00	196	0	0	0	nan	0.00	0.00	2.70	86.34	88.58	0.00	38	0	42	0.00	0.00	65.89	8.03	0.00	0.00	2000
230	11.47	2014	2092	0.00	196	0	0	0	nan	0.00	0.00	3.39	84.99	88.53	0.00	39	0	42	0.00	0.00	61.21	7.33	0.00	0.00	2000
227	11.39	1992	2104	0.00	194	0	0	0	nan	0.00	0.00	3.37	85.60	88.61	0.00	38	0	42	0.00	0.00	62.87	7.40	0.00	0.00	2000
225	11.45	2054	2006	0.00	194	0	0	0	nan	0.00	0.00	2.92	81.88	88.55	0.00	38	0	42	0.00	0.00	60.72	7.17	0.00	0.00	2000
231	10.94	2022	2195	0.00	199	0	0	0	nan	0.00	0.01	4.42	88.88	89.06	0.00	38	0	42	0.00	0.00	70.22	8.34	0.00	0.00	2000
228	11.12	2053	2101	0.00	195	0	0	0	nan	0.00	0.00	2.89	86.17	88.88	0.00	38	0	42	0.00	0.00	64.79	7.58	0.00	0.00	2000
231	11.22	2051	2107	0.00	196	0	0	0	nan	0.00	0.02	3.52	85.74	88.78	0.00	39	0	42	0.00	0.00	63.24	7.68	0.00	0.00	2000
229	10.95	2098	2096	0.00	195	0	0	0	nan	0.00	0.00	2.82	86.13	89.05	0.00	38	0	42	0.00	0.00	62.18	7.38	0.00	0.00	2000
229	11.43	1997	2103	0.00	196	0	0	0	nan	0.00	0.00	3.20	85.68	88.57	0.00	39	0	42	0.00	0.00	66.50	7.87	0.00	0.00	2000
229	11.52	1989	2097	0.00	179	0	0	0	nan	0.00	0.01	3.10	85.48	88.48	0.00	38	0	42	0.00	0.00	64.98	7.60	0.00	0.00	2000
229	11.14	2049	2107	0.00	195	0	0	0	nan	0.00	0.00	2.36	86.97	88.86	0.00	38	0	42	0.00	0.00	63.43	7.41	0.00	0.00	2000
229	11.31	2029	2096	0.00	194	0	0	0	nan	0.01	0.00	3.24	85.50	88.69	0.00	38	0	42	0.00	0.00	65.29	7.77	0.00	0.00	2000
231	11.28	2049	2101	0.00	195	0	0	0	nan	0.00	0.02	3.50	85.32	88.72	0.00	39	0	42	0.00	0.00	63.60	7.31	0.00	0.00	2000
229	11.33	2040	2079	0.00	179	0	0	0	nan	0.00	0.00	3.41	84.54	88.67	0.00	38	0	42	0.00	0.00	64.63	7.67	0.00	0.00	2000
228	11.33	1991	2123	0.00	196	0	0	0	nan	0.00	0.00	4.04	85.79	88.67	0.00	38	0	42	0.00	0.00	63.36	7.94	0.00	0.00	2000
231	11.19	2063	2098	0.00	194	0	0	0	nan	0.00	0.00	3.90	84.99	88.81	0.00	39	0	42	0.00	0.00	65.45	7.38	0.00	0.00	2000
225	11.16	2099	2017	0.54	195	0	0	4	42.20	0.00	0.01	2.94	82.46	88.84	0.00	38	0	42	0.00	0.00	58.80	7.00	0.00	0.00	2000
233	11.22	1998	2186	0.35	197	0	0	0	nan	0.00	0.06	3.71	88.91	88.78	0.00	38	0	42	0.00	0.00	71.26	8.45	0.00	0.00	2000
230	11.23	2041	2105	0.00	195	0	0	0	nan	0.00	0.02	3.39	85.69	88.77	0.00	38	0	42	0.00	0.00	63.02	7.46	0.00	0.00	2000
229	10.90	2107	2095	0.00	195	0	0	0	nan	0.00	0.02	3.31	85.60	89.10	0.00	38	0	42	0.00	0.00	62.76	7.43	0.00	0.00	2000
229	11.36	2015	2101	0.00	195	0	0	0	nan	0.00	0.00	3.01	85.83	88.64	0.00	39	0	42	0.00	0.00	66.12	7.84	0.00	0.00	2000
256	12.75	2014	2097	0.00	180	0	0	0	nan	0.00	0.02	3.34	83.83	87.25	0.00	38	0	42	0.00	0.00	65.51	7.80	0.00	0.00	2000
228	11.23	2029	2105	0.00	196	0	0	0	nan	0.00	0.00	2.87	86.30	88.77	0.00	38	0	42	0.00	0.00	63.00	7.60	0.00	0.00	2000
231	11.47	2016	2101	0.00	195	0	0	0	nan	0.00	0.00	3.68	85.11	88.53	0.00	39	0	42	0.00	0.00	63.44	7.40	0.00	0.00	2000
228	11.27	2030	2097	0.00	198	0	0	0	nan	0.00	0.01	3.75	85.01	88.73	0.00	38	0	42	0.00	0.00	65.79	7.81	0.00	0.00	2000
231	11.39	2045	2079	0.00	199	0	0	0	nan	0.00	0.00	4.09	83.76	88.61	0.00	38	0	42	0.00	0.00	64.82	7.68	0.00	0.00	2000
228	11.21	2016	2117	0.00	179	0	0	0	nan	0.00	0.00	4.05	85.64	88.79	0.00	39	0	42	0.00	0.00	65.48	7.74	0.00	0.00	2000
230	11.47	1994	2109	0.00	194	0	0	0	nan	0.00	0.00	2.85	86.21	88.53	0.00	39	0	42	0.00	0.00	63.32	7.45	0.00	0.00	2000
228	10.88	2104	2092	0.00	195	0	0	0	nan	0.00	0.00	3.25	85.62	89.12	0.00	39	0	42	0.00	0.00	62.69	7.38	0.00	0.00	2000
230	11.31	2103	2030	0.00	196	0	0	0	nan	0.00	0.00	3.00	82.89	88.69	0.00	38	0	42	0.00	0.00	61.46	7.07	0.00	0.00	2000
228	10.87	2029	2175	0.00	196	0	0	0	nan	0.00	0.03	3.06	89.32	89.13	0.00	39	0	42	0.00	0.00	68.54	7.97	0.00	0.00	2000
235	11.56	2024	2108	0.00	211	0	0	0	nan	0.00	0.01	6.59	82.30	88.44	0.00	38	0	42	0.00	0.00	66.09	7.85	0.00	0.00	2000
228	11.01	2073	2095	0.00	195	0	0	0	nan	0.01	0.02	3.51	85.47	88.99	0.00	38	0	42	0.00	0.00	63.34	7.32	0.00	0.00	2000
231	11.18	2064	2100	0.01	195	0	0	3	49.76	0.01	0.00	3.27	85.57	88.82	0.00	38	0	42	0.00	0.00	66.51	7.81	0.00	0.00	2000
230	11.31	2037	2096	0.83	179	0	0	3	70.39	0.00	0.03	3.20	85.52	88.69	0.00	38	0	42	0.00	0.00	64.89	7.71	0.00	0.00	2000
231	11.24	2050	2108	0.00	194	0	0	0	nan	0.00	0.00	3.31	85.78	88.76	0.00	39	0	42	0.00	0.00	63.66	7.47	0.00	0.00	2000
227	11.20	2036	2094	0.00	194	0	0	0	nan	0.00	0.00	3.48	85.20	88.80	0.00	39	0	42	0.00	0.00	62.69	7.43	0.00	0.00	2000
225	11.60	2021	2017	0.00	194	0	0	0	nan	0.00	0.00	3.09	81.88	88.40	0.00	38	0	42	0.00	0.00	62.33	7.29	0.00	0.00	2000
230	10.86	2032	2186	0.00	197	0	0	0	nan	0.00	0.00	2.66	90.21	89.14	0.00	38	0	42	0.00	0.00	70.67	8.41	0.00	0.00	2000
228	11.35	2007	2101	0.00	194	0	0	0	nan	0.00	0.00	2.69	86.10	88.65	0.00	39	0	42	0.00	0.00	61.90	7.49	0.00	0.00	2000
231	11.19	2057	2105	0.00	197	0	0	0	nan	0.00	0.00	4.01	85.15	88.81	0.00	38	0	42	0.00	0.00	63.48	7.33	0.00	0.00	2000
229	10.97	2093	2097	0.00	195	0	0	0	nan	0.00	0.01	3.12	85.86	89.03	0.00	39	0	42	0.00	0.00	65.45	7.67	0.00	0.00	2000
228	11.08	2057	2097	0.00	196	0	0	0	nan	0.00	0.00	3.44	85.48	88.92	0.00	38	0	42	0.00	0.00	64.85	7.62	0.00	0.00	2000
229	11.01	2078	2101	0.00	195	0	0	0	nan	0.00	0.02	3.09	86.07	88.99	0.00	38	0	42	0.00	0.00	64.83	7.58	0.00	0.00	2000
229	11.02	2074	2106	0.00	195	0	0	0	nan	0.00	0.03	2.87	86.38	88.98	0.00	38	0	42	0.00	0.00	66.42	7.70	0.00	0.00	2000
231	11.38	2034	2099	0.00	181	0	0	0	nan	0.00	0.01	3.87	84.79	88.62	0.00	38	0	42	0.00	0.00	62.97	7.36	0.00	0.00	2000
230	10.98	2098	2100	0.00	195	0	0	0	nan	0.00	0.01	3.11	86.06	89.02	0.00	38	0	42	0.00	0.00	64.34	7.58	0.00	0.00	2000
230	11.08	2075	2099	0.00	194	0	0	0	nan	0.00	0.00	3.28	85.64	88.92	0.00	38	0	42	0.00	0.00	66.23	7.81	0.00	0.00	2000
228	11.12	2049	2101	0.00	194	0	0	0	nan	0.00	0.00	3.13	85.93	88.88	0.00	38	0	42	0.00	0.00	63.53	7.42	0.00	0.00	2000
228	11.24	2030	2097	0.00	178	0	0	0	nan	0.00	0.00	3.22	85.59	88.76	0.00	39	0	42	0.00	0.00	65.41	7.61	0.00	0.00	2000
228	11.57	2020	2045	0.00	195	0	0	1	67.77	0.00	0.01	2.87	83.44	88.43	0.00	39	0	42	0.00	0.00	60.75	7.24	0.00	0.00	2000
233	10.85	2085	2163	0.82	196	0	0	5	57.06	0.00	0.00	3.68	88.22	89.15	0.00	39	0	42	0.00	0.00	69.11	7.98	0.00	0.00	2000
228	11.01	2080	2096	0.04	194	0	0	0	nan	0.01	0.00	3.35	85.53	88.99	0.00	38	0	42	0.00	0.00	62.96	7.31	0.00	0.00	2000
229	10.96	2089	2101	0.00	195	0	0	0	nan	0.00	0.00	3.27	85.91	89.04	0.00	38	0	42	0.00	0.00	64.88	7.64	0.00	0.00	2000
228	10.95	2082	2101	0.00	195	0	0	0	nan	0.00	0.00	3.02	86.14	89.05	0.00	38	0	42	0.00	0.00	63.58	7.52	0.00	0.00	2000
229	11.24	2044	2095	0.00	179	0	0	0	nan	0.00	0.01	3.96	84.62	88.76	0.00	39	0	42	0.00	0.00	64.56	7.54	0.00	0.00	2000
229	11.16	2044	2109	0.00	195	0	0	0	nan	0.00	0.02	2.50	86.87	88.84	0.00	38	0	42	0.00	0.00	64.39	7.37	0.00	0.00	2000
227	11.51	2061	2008	0.00	195	0	0	0	nan	0.00	0.00	3.07	81.67	88.49	0.00	38	0	42	0.00	0.00	62.27	7.12	0.00	0.00	2000
229	10.62	2068	2192	0.00	193	0	0	0	nan	0.00	0.00	2.09	91.31	89.38	0.00	38	0	42	0.00	0.00	65.77	7.63	0.00	0.00	2000
229	11.29	2031	2095	0.00	196	0	0	0	nan	0.00	0.00	2.98	85.64	88.71	0.00	38	0	42	0.00	0.00	64.38	7.54	0.00	0.00	2000
229	11.26	2030	2108	0.00	195	0	0	0	nan	0.00	0.03	3.09	86.08	88.74	0.00	38	0	42	0.00	0.00	66.15	7.61	0.00	0.00	2000
229	11.03	2072	2101	0.00	194	0	0	0	nan	0.00	0.00	2.98	86.11	88.97	0.00	39	0	42	0.00	0.00	63.65	7.22	0.00	0.00	2000
228	11.03	2071	2094	0.00	178	0	0	0	nan	0.00	0.02	3.20	85.65	88.97	0.00	39	0	42	0.00	0.00	62.78	7.32	0.00	0.00	2000
233	11.37	2042	2105	0.00	197	0	0	0	nan	0.00	0.00	3.63	85.37	88.63	0.00	38	0	42	0.00	0.00	65.68	7.71	0.00	0.00	2000
228	11.12	2052	2097	0.00	195	0	0	0	nan	0.00	0.00	3.66	85.24	88.88	0.00	38	0	42	0.00	0.00	65.00	7.50	0.00	0.00	2000
229	11.22	2037	2103	0.00	195	0	0	0	nan	0.00	0.00	3.35	85.71	88.78	0.00	39	0	42	0.00	0.00	65.65	7.64	0.00	0.00	2000
235	11.35	2076	2097	0.00	200	0	0	0	nan	0.00	0.02	4.81	83.75	88.65	0.00	38	0	42	0.00	0.00	66.33	7.80	0.00	0.00	2000
230	10.84	2119	2102	0.00	196	0	0	0	nan	0.01	0.02	3.95	85.33	89.16	0.00	38	0	42	0.00	0.00	63.01	7.23	0.00	0.00	2000
230	11.50	1999	2100	0.38	181	0	0	5	44.96	0.00	0.00	3.22	85.49	88.50	0.00	38	0	42	0.00	0.00	64.33	7.61	0.00	0.00	2000
230	11.41	2030	2085	0.54	196	0	0	1	90.90	0.00	0.02	3.02	85.12	88.59	0.00	38	0	42	0.00	0.00	62.11	7.24	0.00	0.00	2000
227	11.28	2027	2087	0.00	195	0	0	0	nan	0.00	0.00	2.92	85.41	88.72	0.00	38	0	42	0.00	0.00	63.97	7.67	0.00	0.00	2000
229	11.43	1983	2124	0.00	195	0	0	0	nan	0.00	0.00	3.91	85.85	88.57	0.00	38	0	42	0.00	0.00	64.49	7.84	0.00	0.00	2000
229	11.07	2058	2106	0.00	196	0	0	0	nan	0.00	0.00	3.22	86.07	88.93	0.00	38	0	42	0.00	0.00	66.36	7.86	0.00	0.00	2000
228	11.23	2034	2097	0.00	194	0	0	0	nan	0.00	0.00	3.22	85.58	88.77	0.00	38	0	42	0.00	0.00	64.63	7.54	0.00	0.00	2000
228	11.45	1998	2098	0.00	195	0	0	0	nan	0.02	0.00	3.94	84.73	88.55	0.00	38	0	42	0.00	0.00	64.81	7.47	0.00	0.00	2000
226	11.26	2085	2025	0.00	194	0	0	0	nan	0.00	0.02	3.02	82.67	88.74	0.00	39	0	42	0.00	0.00	61.42	7.32	0.00	0.00	2000
230	10.77	2049	2189	0.00	196	0	0	0	nan	0.00	0.01	3.33	89.83	89.23	0.00	38	0	42	0.00	0.00	67.09	7.79	0.00	0.00	2000
229	11.05	2075	2097	0.00	194	0	0	0	nan	0.00	0.02	3.43	85.55	88.95	0.00	39	0	42	0.00	0.00	65.37	7.68	0.00	0.00	2000
228	11.02	2073	2093	0.00	195	0	0	0	nan	0.00	0.01	3.01	85.78	88.98	0.00	38	0	42	0.00	0.00	65.01	7.63	0.00	0.00	2000
230	11.14	2066	2103	0.00	195	0	0	0	nan	0.00	0.00	3.21	85.98	88.86	0.00	39	0	42	0.00	0.00	61.15	7.11	0.00	0.00	2000
230	11.04	2085	2099	0.00	179	0	0	0	nan	0.00	0.00	3.49	85.64	88.96	0.00	39	0	42	0.00	0.00	65.43	7.73	0.00	0.00	2000
228	11.45	1993	2097	0.00	195	0	0	0	nan	0.00	0.00	3.27	85.35	88.55	0.00	38	0	42	0.00	0.00	64.92	7.49	0.00	0.00	2000
228	11.47	1982	2108	0.00	193	0	0	0	nan	0.00	0.03	3.06	85.91	88.53	0.00	39	0	42	0.00	0.00	65.13	7.66	0.00	0.00	2000
228	11.34	2011	2101	0.00	195	0	0	0	nan	0.00	0.00	3.34	85.57	88.66	0.00	39	0	42	0.00	0.00	64.99	7.60	0.00	0.00	2000
223	11.53	2024	2008	0.00	195	0	0	0	nan	0.00	0.02	3.38	81.40	88.47	0.00	39	0	42	0.00	0.00	58.27	7.02	0.00	0.00	2000
234	11.01	2027	2201	0.02	196	0	0	3	51.20	0.00	0.02	2.93	90.45	88.99	0.00	38	0	42	0.00	0.00	69.32	8.11	0.00	0.00	2000
228	11.18	2046	2095	0.82	194	0	0	3	66.97	0.00	0.01	3.73	85.05	88.82	0.00	39	0	42	0.00	0.00	65.08	7.76	0.00	0.00	2000
229	11.23	2040	2100	0.00	196	0	0	0	nan	0.00	0.00	3.85	85.10	88.77	0.00	38	0	42	0.00	0.00	64.97	7.25	0.00	0.00	2000
228	11.16	2045	2098	0.00	196	0	0	0	nan	0.01	0.00	3.55	85.35	88.84	0.00	39	0	42	0.00	0.00	59.37	7.37	0.00	0.00	2000
228	11.45	1995	2100	0.00	196	0	0	0	nan	0.00	0.01	2.88	85.87	88.55	0.00	39	0	42	0.00	0.00	64.30	7.48	0.00	0.00	2000
230	11.32	2031	2105	0.00	195	0	0	0	nan	0.00	0.02	3.52	85.51	88.68	0.00	38	0	42	0.00	0.00	67.20	7.71	0.00	0.00	2000
229	11.19	2049	2093	0.00	179	0	0	0	nan	0.00	0.01	2.98	85.75	88.81	0.00	38	0	42	0.00	0.00	64.17	7.60	0.00	0.00	2000
229	11.43	1993	2108	0.00	194	0	0	0	nan	0.00	0.02	2.40	86.70	88.57	0.00	38	0	42	0.00	0.00	66.22	7.52	0.00	0.00	2000
229	11.44	2002	2101	0.00	196	0	0	0	nan	0.00	0.00	3.48	85.32	88.56	0.00	38	0	42	0.00	0.00	62.36	7.34	0.00	0.00	2000
227	11.28	2021	2093	0.00	193	0	0	0	nan	0.00	0.02	2.94	85.60	88.72	0.00	38	0	42	0.00	0.00	63.30	7.33	0.00	0.00	2000
229	11.47	2000	2100	0.00	179	0	0	0	nan	0.00	0.01	3.24	85.50	88.53	0.00	38	0	42	0.00	0.00	65.11	7.65	0.00	0.00	2000
228	11.53	2040	2037	0.00	195	0	0	0	nan	0.00	0.00	3.08	82.95	88.47	0.00	39	0	42	0.00	0.00	60.54	7.08	0.00	0.00	2000
234	11.05	2054	2163	0.00	198	0	0	0	nan	0.00	0.00	3.58	88.15	88.95	0.00	39	0	42	0.00	0.00	68.00	7.95	0.00	0.00	2000
228	11.01	2068	2098	0.00	195	0	0	0	nan	0.00	0.00	2.94	85.96	88.99	0.00	38	0	42	0.00	0.00	65.17	7.55	0.00	0.00	2000
230	11.38	2011	2108	0.00	195	0	0	0	nan	0.00	0.02	3.44	85.65	88.62	0.00	39	0	42	0.00	0.00	62.93	7.48	0.00	0.00	2000
227	10.92	2086	2094	0.00	196	0	0	0	nan	0.00	0.00	3.17	85.83	89.08	0.00	38	0	42	0.00	0.00	62.58	7.53	0.00	0.00	2000
236	11.80	1997	2104	0.00	196	0	0	0	nan	0.00	0.00	3.28	85.22	88.20	0.00	39	0	42	0.00	0.00	66.35	7.79	0.00	0.00	2000
230	10.99	2102	2095	0.00	180	0	0	0	91.46	0.00	0.00	3.32	85.62	89.01	0.00	39	0	42	0.00	0.00	65.08	7.72	0.00	0.00	2000
230	11.11	2081	2089	0.77	196	0	0	7	50.12	0.00	0.02	2.37	86.19	88.89	0.00	39	0	42	0.00	0.00	64.67	7.49	0.00	0.00	2000
228	11.49	1972	2111	0.14	196	0	0	0	nan	0.00	0.00	3.66	85.54	88.51	0.00	39	0	42	0.00	0.00	64.75	7.57	0.00	0.00	2000
229	11.37	2022	2091	0.00	196	0	0	0	nan	0.00	0.02	2.79	85.55	88.63	0.00	38	0	42	0.00	0.00	64.31	7.65	0.00	0.00	2000
227	11.17	2026	2109	0.00	193	0	0	0	nan	0.00	0.00	3.52	85.83	88.83	0.00	39	0	42	0.00	0.00	65.00	7.74	0.00	0.00	2000
235	12.02	1967	2090	0.00	201	0	0	0	nan	0.00	0.00	5.02	82.67	87.98	0.00	39	0	42	0.00	0.00	65.10	7.43	0.00	0.00	2000
228	11.60	1956	2111	0.00	197	0	0	0	nan	0.00	0.00	5.08	84.03	88.40	0.00	38	0	42	0.00	0.00	64.59	7.55	0.00	0.00	2000
229	11.23	2074	2064	0.00	194	0	0	0	nan	0.00	0.00	2.69	84.68	88.77	0.00	39	0	42	0.00	0.00	64.02	7.24	0.00	0.00	2000
229	11.20	2012	2134	0.00	195	0	0	0	nan	0.00	0.00	4.36	86.02	88.80	0.00	38	0	42	0.00	0.00	64.97	7.96	0.00	0.00	2000
229	11.36	2010	2108	0.00	194	0	0	0	nan	0.00	0.00	2.91	86.18	88.64	0.00	38	0	42	0.00	0.00	63.31	7.46	0.00	0.00	2000
230	11.20	2061	2097	0.00	194	0	0	0	nan	0.00	0.00	3.87	84.94	88.80	0.00	38	0	43	0.00	0.00	62.83	7.44	0.00	0.00	2000
229	11.32	2027	2099	0.00	196	0	0	0	nan	0.00	0.02	2.96	85.72	88.68	0.00	38	0	42	0.00	0.00	64.81	7.68	0.00	0.00	2000
230	11.15	2060	2103	0.00	196	0	0	0	nan	0.00	0.00	3.30	85.82	88.85	0.00	39	0	42	0.00	0.00	65.53	7.61	0.00	0.00	2000
225	11.31	2087	2006	0.00	194	0	0	0	nan	0.00	0.00	2.56	82.32	88.69	0.00	39	0	42	0.00	0.00	60.91	7.17	0.00	0.00	2000
230	11.00	1995	2200	0.00	194	0	0	0	nan	0.00	0.02	2.33	91.07	89.00	0.00	39	0	42	0.00	0.00	71.13	7.98	0.00	0.00	2000
230	11.42	2008	2103	0.00	195	0	0	0	nan	0.00	0.00	3.17	85.75	88.58	0.00	38	0	42	0.00	0.00	62.42	7.50	0.00	0.00	2000
229	11.21	2045	2099	0.00	195	0	0	0	nan	0.00	0.01	3.07	85.72	88.79	0.00	39	0	42	0.00	0.00	63.11	7.32	0.00	0.00	2000
229	11.26	2033	2101	0.00	195	0	0	0	nan	0.00	0.01	3.08	85.80	88.74	0.00	38	0	43	0.00	0.00	65.99	7.79	0.00	0.00	2000
229	11.28	2030	2102	0.46	178	0	0	7	42.23	0.01	0.00	3.41	85.55	88.72	0.00	38	0	42	0.00	0.00	63.54	7.58	0.00	0.00	2000
230	11.20	2053	2100	0.49	195	0	0	0	nan	0.00	0.00	3.74	85.23	88.80	0.00	39	0	42	0.00	0.00	63.17	7.23	0.00	0.00	2000
228	10.94	2091	2092	0.00	196	0	0	0	nan	0.00	0.00	3.21	85.67	89.06	0.00	38	0	42	0.00	0.00	64.99	7.59	0.00	0.00	2000
231	11.36	2030	2105	0.00	194	0	0	0	nan	0.00	0.02	3.30	85.67	88.64	0.00	39	0	43	0.00	0.00	64.98	7.65	0.00	0.00	2000
229	10.95	2090	2100	0.00	196	0	0	0	nan	0.00	0.00	3.22	85.86	89.05	0.00	38	0	42	0.00	0.00	65.87	7.73	0.00	0.00	2000
230	11.35	2028	2103	0.00	181	0	0	0	nan	0.00	0.02	3.85	85.05	88.65	0.00	39	0	42	0.00	0.00	63.33	7.26	0.00	0.00	2000
229	11.16	2051	2097	0.00	196	0	0	0	nan	0.00	0.00	4.17	84.65	88.84	0.00	38	0	42	0.00	0.00	63.28	7.50	0.00	0.00	2000
226	11.14	2112	2017	0.00	196	0	0	0	nan	0.00	0.00	2.69	82.74	88.86	0.00	38	0	42	0.00	0.00	61.88	7.25	0.00	0.00	2000
231	10.92	2030	2192	0.00	197	0	0	0	nan	0.00	0.02	2.74	90.36	89.08	0.00	39	0	42	0.00	0.00	68.62	8.01	0.00	0.00	2000
231	11.46	2018	2093	0.00	196	0	0	0	nan	0.00	0.00	3.58	84.83	88.54	0.00	38	0	42	0.00	0.00	62.06	7.14	0.00	0.00	2000
228	11.35	2008	2104	0.00	193	0	0	0	nan	0.00	0.00	3.60	85.34	88.65	0.00	38	0	42	0.00	0.00	66.03	7.89	0.00	0.00	2000
230	11.24	2052	2096	0.00	195	0	0	0	nan	0.00	0.00	3.15	85.66	88.76	0.00	39	0	42	0.00	0.00	64.60	7.65	0.00	0.00	2000
229	11.28	2022	2105	0.00	194	0	0	0	nan	0.00	0.00	3.01	86.06	88.72	0.00	39	0	42	0.00	0.00	66.18	7.83	0.00	0.00	2000
228	11.33	2017	2095	0.00	178	0	0	0	nan	0.00	0.02	3.13	85.53	88.67	0.00	39	0	42	0.00	0.00	64.21	7.62	0.00	0.00	2000
229	11.34	2015	2107	0.00	194	0	0	0	nan	0.00	0.00	2.67	86.37	88.66	0.00	39	0	42	0.00	0.00	60.65	7.02	0.00	0.00	2000
232	11.11	2086	2100	0.00	196	0	0	0	nan	0.00	0.00	4.63	84.46	88.89	0.00	38	0	42	0.00	0.00	66.22	7.68	0.00	0.00	2000
224	11.31	2077	2006	0.00	195	0	0	0	nan	0.00	0.00	2.88	82.03	88.69	0.00	38	0	42	0.00	0.00	60.50	7.17	0.00	0.00	2000
231	10.90	2028	2199	0.00	194	0	0	4	52.62	0.00	0.02	2.46	90.98	89.10	0.00	38	0	42	0.00	0.00	65.61	7.81	0.00	0.00	2000
231	11.39	2026	2099	0.84	197	0	0	4	62.92	0.00	0.00	3.54	85.14	88.61	0.00	39	0	42	0.00	0.00	65.19	7.56	0.00	0.00	2000
230	11.23	2044	2102	0.00	196	0	0	0	nan	0.00	0.03	3.71	85.26	88.77	0.00	38	0	42	0.00	0.00	65.81	7.81	0.00	0.00	2000
231	11.16	2064	2102	0.00	195	0	0	0	nan	0.01	0.00	2.61	86.39	88.84	0.00	38	0	42	0.00	0.00	66.66	7.91	0.00	0.00	2000
230	11.12	2067	2098	0.00	180	0	0	0	nan	0.00	0.01	2.62	86.17	88.88	0.00	38	0	42	0.00	0.00	62.71	7.40	0.00	0.00	2000
229	11.25	2033	2101	0.00	196	0	0	0	nan	0.00	0.01	2.97	85.96	88.75	0.00	38	0	42	0.00	0.00	63.26	7.60	0.00	0.00	2000
230	11.06	2078	2102	0.00	195	0	0	0	nan	0.00	0.01	3.26	85.87	88.94	0.00	38	0	42	0.00	0.00	66.49	7.62	0.00	0.00	2000
228	11.17	2051	2094	0.00	195	0	0	0	nan	0.00	0.00	2.82	85.91	88.83	0.00	39	0	42	0.00	0.00	63.02	7.35	0.00	0.00	2000
229	11.39	2010	2102	0.00	179	0	0	0	nan	0.00	0.00	3.16	85.64	88.61	0.00	38	0	42	0.00	0.00	62.62	7.27	0.00	0.00	2000
231	12.01	1984	2035	0.00	198	0	0	0	nan	0.00	0.00	5.04	80.43	87.99	0.00	38	0	42	0.00	0.00	63.32	7.62	0.00	0.00	2000
231	11.26	1990	2167	0.00	196	0	0	0	nan	0.00	0.00	4.94	86.84	88.74	0.00	38	0	42	0.00	0.00	65.31	7.74	0.00	0.00	2000
229	11.20	2044	2101	0.00	197	0	0	0	nan	0.00	0.02	2.98	86.01	88.80	0.00	39	0	42	0.00	0.00	65.35	7.61	0.00	0.00	2000
231	11.49	2010	2102	0.00	198	0	0	0	nan	0.00	0.00	4.38	84.30	88.51	0.00	38	0	42	0.00	0.00	65.41	7.70	0.00	0.00	2000
235	11.12	2112	2098	0.00	198	0	0	0	nan	0.00	0.01	3.63	85.32	88.88	0.00	38	0	42	0.00	0.00	66.64	7.80	0.00	0.00	2000
229	11.34	2022	2100	0.00	195	0	0	0	nan	0.00	0.02	3.21	85.54	88.66	0.00	39	0	42	0.00	0.00	60.65	7.12	0.00	0.00	2000
232	11.06	2095	2105	0.00	180	0	0	0	nan	0.00	0.03	3.48	85.77	88.94	0.00	38	0	42	0.00	0.00	67.15	7.94	0.00	0.00	2000
229	11.37	2020	2096	0.00	196	0	0	0	nan	0.00	0.02	3.09	85.55	88.63	0.00	38	0	43	0.00	0.00	64.76	7.51	0.00	0.00	2000
227	11.27	2018	2096	0.00	193	0	0	0	nan	0.00	0.01	3.01	85.71	88.73	0.00	39	0	42	0.00	0.00	65.25	7.58	0.00	0.00	2000
230	11.47	2012	2097	0.69	194	0	0	6	45.62	0.00	0.00	3.05	85.51	88.53	0.00	38	0	42	0.00	0.00	62.84	7.37	0.00	0.00	2000
228	11.37	2038	2066	0.24	179	0	0	0	nan	0.00	0.00	3.76	83.54	88.63	0.00	38	0	42	0.00	0.00	61.96	7.28	0.00	0.00	2000
229	11.27	1989	2142	0.00	194	0	0	0	nan	0.00	0.00	4.37	86.28	88.73	0.00	38	0	43	0.00	0.00	65.21	7.75	0.00	0.00	2000
231	11.13	2070	2103	0.00	197	0	0	0	nan	0.00	0.02	3.32	85.74	88.87	0.00	38	0	42	0.00	0.00	66.49	7.66	0.00	0.00	2000
229	10.98	2087	2097	0.00	194	0	0	0	nan	0.00	0.00	3.29	85.75	89.02	0.00	39	0	42	0.00	0.00	64.97	7.63	0.00	0.00	2000
228	11.15	2048	2100	0.00	196	0	0	0	nan	0.00	0.00	3.28	85.78	88.85	0.00	39	0	42	0.00	0.00	63.12	7.57	0.00	0.00	2000
229	11.31	2024	2101	0.00	179	0	0	0	nan	0.00	0.00	3.27	85.67	88.69	0.00	38	0	42	0.00	0.00	63.18	7.26	0.00	0.00	2000
227	11.23	2061	2058	0.00	196	0	0	0	nan	0.00	0.00	3.04	84.03	88.77	0.00	38	0	42	0.00	0.00	63.48	7.45	0.00	0.00	2000
231	11.17	2031	2140	0.00	195	0	0	0	nan	0.00	0.00	3.99	86.64	88.83	0.00	39	0	42	0.00	0.00	65.61	7.66	0.00	0.00	2000
228	11.23	2034	2094	0.00	196	0	0	0	nan	0.00	0.00	2.66	86.03	88.77	0.00	38	0	42	0.00	0.00	65.27	7.55	0.00	0.00	2000
232	11.54	1998	2112	0.00	195	0	0	0	nan	0.00	0.06	2.98	86.07	88.46	0.00	39	0	42	0.00	0.00	65.45	7.64	0.00	0.00	2000
227	11.26	2023	2097	0.00	193	0	0	0	nan	0.00	0.00	3.13	85.69	88.74	0.00	38	0	42	0.00	0.00	65.84	7.82	0.00	0.00	2000
226	11.50	2048	2013	0.00	194	0	0	0	nan	0.00	0.00	2.80	82.15	88.50	0.00	38	0	42	0.00	0.00	58.15	6.78	0.00	0.00	2000
230	10.82	2029	2200	0.00	194	0	0	0	nan	0.00	0.00	2.88	90.69	89.18	0.00	38	0	42	0.00	0.00	70.04	8.23	0.00	0.00	2000
232	11.00	2107	2098	0.00	198	0	0	0	nan	0.00	0.02	3.78	85.28	89.00	0.00	38	0	42	0.00	0.00	65.96	7.73	0.00	0.00	2000
228	11.28	2023	2098	0.00	196	0	0	0	nan	0.00	0.00	3.53	85.33	88.72	0.00	38	0	42	0.00	0.00	60.42	7.22	0.00	0.00	2000
228	11.16	2050	2097	0.00	178	0	0	0	nan	0.00	0.00	3.15	85.76	88.84	0.00	39	0	42	0.00	0.00	65.41	7.77	0.00	0.00	2000
229	11.21	2041	2104	0.24	196	0	0	5	49.38	0.00	0.01	2.69	86.44	88.79	0.00	38	0	42	0.00	0.00	66.19	8.00	0.00	0.00	2000
230	11.14	2070	2098	0.71	196	0	0	3	73.40	0.00	0.02	3.23	85.74	88.86	0.00	38	0	42	0.00	0.00	64.98	7.83	0.00	0.00	2000
228	11.39	2002	2098	0.00	196	0	0	0	nan	0.00	0.00	3.19	85.48	88.61	0.00	38	0	42	0.00	0.00	59.35	7.13	0.00	0.00	2000
231	11.28	2046	2098	0.00	195	0	0	0	nan	0.00	0.02	2.57	86.26	88.72	0.00	38	0	42	0.00	0.00	65.03	7.58	0.00	0.00	2000
228	11.29	2015	2105	0.00	195	0	0	0	nan	0.00	0.02	2.59	86.45	88.71	0.00	39	0	42	0.00	0.00	66.16	7.94	0.00	0.00	2000
229	11.49	2037	2059	0.00	179	0	0	0	nan	0.00	0.00	3.23	83.68	88.51	0.00	38	0	42	0.00	0.00	63.63	7.59	0.00	0.00	2000
228	11.12	2006	2144	0.00	193	0	0	0	nan	0.00	0.00	4.63	86.32	88.88	0.00	39	0	42	0.00	0.00	66.33	7.99	0.00	0.00	2000
230	11.31	2036	2101	0.00	195	0	0	0	nan	0.00	0.00	3.69	85.19	88.69	0.00	39	0	42	0.00	0.00	62.45	7.41	0.00	0.00	2000
231	11.27	2054	2098	0.00	196	0	0	0	nan	0.00	0.02	3.55	85.23	88.73	0.00	39	0	42	0.00	0.00	63.87	7.46	0.00	0.00	2000
229	11.02	2082	2097	0.00	195	0	0	0	nan	0.00	0.00	3.34	85.62	88.98	0.00	39	0	42	0.00	0.00	66.65	7.82	0.00	0.00	2000
232	11.00	2100	2104	0.00	178	0	0	0	nan	0.00	0.00	3.35	85.88	89.00	0.00	38	0	42	0.00	0.00	64.48	7.96	0.00	0.00	2000
229	11.33	2020	2098	0.00	194	0	0	0	nan	0.00	0.00	2.90	85.92	88.67	0.00	38	0	42	0.00	0.00	62.68	7.02	0.00	0.00	2000
228	11.12	2072	2078	0.00	179	0	0	0	nan	0.00	0.02	3.05	84.99	88.88	0.00	38	0	42	0.00	0.00	65.58	7.85	0.00	0.00	2000
228	11.44	1979	2118	0.00	196	0	0	0	nan	0.00	0.00	3.89	85.63	88.56	0.00	38	0	42	0.00	0.00	64.26	7.76	0.00	0.00	2000
231	11.24	2051	2108	0.00	198	0	0	0	nan	0.00	0.00	3.55	85.66	88.76	0.00	39	0	42	0.00	0.00	66.56	7.91	0.00	0.00	2000
227	11.46	2056	2024	0.00	194	0	0	0	nan	0.00	0.00	2.99	82.51	88.54	0.00	38	0	42	0.00	0.00	57.23	6.78	0.00	0.00	2000
253	11.82	2065	2172	0.00	195	0	0	0	nan	0.00	0.01	3.22	88.15	88.18	0.00	39	0	42	0.00	0.00	71.23	8.26	0.00	0.00	2000
229	11.57	1977	2104	0.00	195	0	0	2	62.84	0.00	0.00	3.13	85.62	88.43	0.00	38	0	42	0.00	0.00	65.95	7.64	0.00	0.00	2000
229	11.64	1976	2094	0.88	196	0	0	6	57.18	0.00	0.00	4.82	83.50	88.36	0.00	38	0	42	0.00	0.00	62.43	7.38	0.00	0.00	2000
230	11.52	1993	2104	0.00	195	0	0	0	nan	0.00	0.00	3.76	85.11	88.48	0.00	38	0	42	0.00	0.00	62.07	7.27	0.00	0.00	2000
230	11.45	2016	2097	0.00	199	0	0	0	nan	0.00	0.01	4.96	83.66	88.55	0.00	39	0	42	0.00	0.00	65.23	7.61	0.00	0.00	2000
229	11.50	1993	2102	0.00	197	0	0	0	nan	0.00	0.00	3.28	85.48	88.50	0.00	38	0	42	0.00	0.00	64.77	7.67	0.00	0.00	2000
229	11.33	2019	2100	0.00	196	0	0	0	nan	0.00	0.00	4.14	84.63	88.67	0.00	39	0	42	0.00	0.00	65.72	7.54	0.00	0.00	2000
229	11.11	2069	2098	0.00	178	0	0	0	nan	0.00	0.02	3.51	85.46	88.89	0.00	38	0	42	0.00	0.00	64.88	7.60	0.00	0.00	2000
228	11.15	2058	2086	0.00	194	0	0	0	nan	0.00	0.02	3.43	84.97	88.85	0.00	38	0	42	0.00	0.00	64.55	7.58	0.00	0.00	2000
232	11.48	1999	2124	0.00	196	0	0	0	nan	0.00	0.02	4.06	85.53	88.52	0.00	38	0	43	0.00	0.00	66.56	7.70	0.00	0.00	2000
227	11.15	2107	2026	0.00	195	0	0	0	nan	0.00	0.02	3.84	82.03	88.85	0.00	39	0	42	0.00	0.00	57.97	6.73	0.00	0.00	2000
231	11.16	2002	2170	0.00	195	0	0	0	nan	0.00	0.00	2.87	89.10	88.84	0.00	38	0	42	0.00	0.00	71.49	8.48	0.00	0.00	2000
229	11.04	2069	2104	0.00	196	0	0	0	nan	0.00	0.00	2.87	86.46	88.96	0.00	39	0	42	0.00	0.00	60.88	7.21	0.00	0.00	2000
229	11.26	2037	2100	0.00	194	0	0	0	nan	0.00	0.00	3.03	85.79	88.74	0.00	38	0	42	0.00	0.00	66.24	7.71	0.00	0.00	2000
228	11.23	2036	2097	0.00	191	0	0	0	nan	0.00	0.00	3.24	85.53	88.77	0.00	39	0	42	0.00	0.00	66.13	7.71	0.00	0.00	2000
232	11.54	2005	2101	0.00	183	0	0	0	nan	0.00	0.00	3.52	85.15	88.46	0.00	38	0	42	0.00	0.00	63.44	7.26	0.00	0.00	2000
232	11.43	2029	2099	0.00	210	0	0	0	nan	0.00	0.00	6.89	81.86	88.57	0.00	38	0	42	0.00	0.00	62.98	7.36	0.00	0.00	2000
228	11.20	2042	2098	0.00	194	0	0	0	nan	0.00	0.00	3.27	85.61	88.80	0.00	38	0	42	0.00	0.00	65.09	7.59	0.00	0.00	2000
228	11.22	2027	2102	0.00	194	0	0	0	nan	0.00	0.00	3.24	85.78	88.78	0.00	38	0	42	0.00	0.00	66.21	7.86	0.00	0.00	2000
229	11.05	2101	2072	0.47	181	0	0	6	44.74	0.00	0.00	3.87	84.03	88.95	0.00	38	0	42	0.00	0.00	65.05	7.60	0.00	0.00	2000
229	11.23	2014	2125	0.44	193	0	0	0	nan	0.00	0.00	4.35	85.59	88.77	0.00	38	0	42	0.00	0.00	65.41	7.70	0.00	0.00	2000
233	11.38	2045	2103	0.00	197	0	0	0	nan	0.00	0.00	4.31	84.52	88.62	0.00	38	0	42	0.00	0.00	60.51	6.99	0.00	0.00	2000
229	10.93	2093	2099	0.00	195	0	0	0	nan	0.00	0.02	3.33	85.82	89.07	0.00	38	0	43	0.00	0.00	66.39	7.73	0.00	0.00	2000
226	11.54	2062	1991	0.00	199	0	0	0	nan	0.01	0.00	3.87	80.09	88.46	0.00	39	0	42	0.00	0.00	61.34	7.11	0.00	0.00	2000
232	10.85	2028	2212	0.00	196	0	0	0	nan	0.00	0.02	3.27	90.78	89.15	0.00	39	0	42	0.00	0.00	70.80	8.26	0.00	0.00	2000
230	11.35	2021	2107	0.00	194	0	0	0	nan	0.00	0.00	3.00	86.06	88.65	0.00	39	0	42	0.00	0.00	63.02	7.37	0.00	0.00	2000
229	11.43	2007	2099	0.00	193	0	0	0	nan	0.00	0.02	3.26	85.44	88.57	0.00	38	0	42	0.00	0.00	64.40	7.61	0.00	0.00	2000
230	11.06	2081	2097	0.00	196	0	0	0	nan	0.00	0.00	2.88	86.03	88.94	0.00	39	0	42	0.00	0.00	65.41	7.63	0.00	0.00	2000
229	11.27	2028	2101	0.00	194	0	0	0	nan	0.00	0.00	2.76	86.24	88.73	0.00	39	0	42	0.00	0.00	66.03	7.66	0.00	0.00	2000
228	11.21	2039	2098	0.00	178	0	0	0	nan	0.00	0.00	3.07	85.77	88.79	0.00	39	0	42	0.00	0.00	64.93	7.33	0.00	0.00	2000
228	11.27	2025	2098	0.00	195	0	0	0	nan	0.00	0.00	2.62	86.09	88.73	0.00	38	0	42	0.00	0.00	60.17	7.06	0.00	0.00	2000
230	11.18	2049	2104	0.00	196	0	0	0	nan	0.00	0.00	3.45	85.62	88.82	0.00	38	0	42	0.00	0.00	64.90	7.64	0.00	0.00	2000
231	11.18	2059	2102	0.00	195	0	0	0	nan	0.00	0.02	3.94	85.10	88.82	0.00	39	0	42	0.00	0.00	65.77	7.76	0.00	0.00	2000
229	11.33	2020	2097	0.00	195	0	0	0	nan	0.00	0.01	2.93	85.71	88.67	0.00	39	0	42	0.00	0.00	64.81	7.69	0.00	0.00	2000
227	10.98	2073	2099	0.00	195	0	0	0	nan	0.00	0.00	3.07	86.05	89.02	0.00	38	0	42	0.00	0.00	65.62	7.63	0.00	0.00	2000
229	11.18	2049	2102	0.00	195	0	0	0	nan	0.00	0.00	2.53	86.55	88.82	0.00	38	0	42	0.00	0.00	65.24	7.80	0.00	0.00	2000
228	10.96	2082	2098	0.00	179	0	0	4	52.92	0.00	0.00	3.04	86.05	89.04	0.00	38	0	42	0.00	0.00	62.61	7.41	0.00	0.00	2000
231	11.55	2023	2076	0.83	194	0	0	4	65.72	0.00	0.02	3.36	84.17	88.45	0.00	39	0	42	0.00	0.00	61.49	7.25	0.00	0.00	2000
229	11.21	2018	2132	0.00	194	0	0	0	nan	0.00	0.00	4.28	85.95	88.79	0.00	38	0	42	0.00	0.00	66.57	7.81	0.00	0.00	2000
229	11.36	2017	2095	0.00	195	0	0	0	nan	0.00	0.00	3.66	84.86	88.64	0.00	38	0	42	0.00	0.00	64.90	7.52	0.00	0.00	2000
228	11.28	2024	2102	0.00	195	0	0	0	nan	0.00	0.00	3.56	85.41	88.72	0.00	38	0	42	0.00	0.00	66.42	7.69	0.00	0.00	2000
229	11.05	2072	2101	0.00	194	0	0	0	nan	0.00	0.02	2.79	86.39	88.95	0.00	39	0	42	0.00	0.00	65.57	7.73	0.00	0.00	2000
228	11.08	2070	2086	0.00	179	0	0	0	nan	0.00	0.00	3.18	85.29	88.92	0.00	39	0	42	0.00	0.00	61.73	7.25	0.00	0.00	2000
232	11.29	2035	2118	0.00	195	0	0	0	nan	0.00	0.00	3.71	85.85	88.71	0.00	39	0	42	0.00	0.00	63.67	7.46	0.00	0.00	2000
227	11.14	2107	2027	0.00	200	0	0	0	nan	0.00	0.01	3.82	82.08	88.86	0.00	39	0	42	0.00	0.00	62.95	7.24	0.00	0.00	2000
231	11.17	2004	2164	0.00	195	0	0	0	nan	0.00	0.00	3.16	88.55	88.83	0.00	39	0	42	0.00	0.00	67.21	7.85	0.00	0.00	2000
235	11.17	2095	2109	0.00	198	0	0	0	nan	0.00	0.00	3.50	85.91	88.83	0.00	38	0	42	0.00	0.00	64.04	7.48	0.00	0.00	2000
229	11.05	2077	2097	0.00	194	0	0	0	nan	0.00	0.00	3.82	85.16	88.95	0.00	38	0	42	0.00	0.00	65.24	7.69	0.00	0.00	2000
251	12.37	2050	2079	0.00	196	0	0	0	nan	0.00	0.00	3.61	83.32	87.63	0.00	38	0	42	0.00	0.00	64.61	7.54	0.00	0.00	2000
241	11.25	2122	2125	0.00	194	0	0	0	nan	0.00	0.00	2.98	86.98	88.75	0.00	38	0	42	0.00	0.00	66.89	7.60	0.00	0.00	2000
227	11.10	2048	2099	0.00	194	0	0	0	nan	0.00	0.01	2.97	85.98	88.90	0.00	38	0	42	0.00	0.00	65.84	7.69	0.00	0.00	2000
229	11.36	2017	2096	0.00	179	0	0	0	nan	0.00	0.03	3.02	85.57	88.64	0.00	39	0	42	0.00	0.00	59.36	6.84	0.00	0.00	2000
227	11.61	2008	2049	0.00	195	0	0	0	nan	0.00	0.00	3.24	83.21	88.39	0.00	38	0	42	0.00	0.00	63.60	7.45	0.00	0.00	2000
230	11.06	2022	2159	0.00	196	0	0	1	69.25	0.00	0.00	3.72	87.88	88.94	0.00	38	0	42	0.00	0.00	65.97	7.71	0.00	0.00	2000
230	11.36	2029	2097	0.82	195	0	0	7	52.30	0.00	0.00	3.56	85.10	88.64	0.00	39	0	42	0.00	0.00	66.47	7.70	0.00	0.00	2000
230	10.91	2112	2096	0.10	194	0	0	0	nan	0.00	0.02	2.88	86.19	89.09	0.00	39	0	42	0.00	0.00	64.88	7.84	0.00	0.00	2000
227	10.99	2073	2096	0.00	195	0	0	0	nan	0.00	0.00	3.04	85.96	89.01	0.00	38	0	42	0.00	0.00	60.06	7.29	0.00	0.00	2000
230	11.04	2076	2108	0.00	180	0	0	0	nan	0.00	0.00	4.25	85.17	88.96	0.00	39	0	42	0.00	0.00	66.29	7.88	0.00	0.00	2000
228	11.30	2019	2097	0.00	196	0	0	0	nan	0.00	0.00	3.45	85.31	88.70	0.00	39	0	42	0.00	0.00	65.47	7.70	0.00	0.00	2000
227	11.24	2083	2034	0.00	196	0	0	0	nan	0.00	0.00	3.32	82.79	88.76	0.00	39	0	42	0.00	0.00	62.95	7.18	0.00	0.00	2000
230	10.83	2054	2171	0.00	195	0	0	0	nan	0.00	0.00	2.91	89.44	89.17	0.00	39	0	42	0.00	0.00	66.09	7.97	0.00	0.00	2000
229	11.32	2029	2098	0.00	196	0	0	0	nan	0.00	0.00	3.88	84.80	88.68	0.00	39	0	42	0.00	0.00	65.09	7.69	0.00	0.00	2000
230	11.18	2051	2104	0.00	195	0	0	0	nan	0.00	0.00	3.21	85.88	88.82	0.00	39	0	42	0.00	0.00	66.23	7.86	0.00	0.00	2000
229	11.37	2012	2100	0.00	195	0	0	0	nan	0.00	0.01	2.84	85.97	88.63	0.00	39	0	42	0.00	0.00	60.15	7.10	0.00	0.00	2000
229	11.01	2087	2091	0.00	182	0	0	0	nan	0.00	0.00	4.55	84.10	88.99	0.00	39	0	42	0.00	0.00	66.39	7.78	0.00	0.00	2000
228	11.34	2011	2101	0.00	197	0	0	0	nan	0.00	0.01	3.54	85.38	88.66	0.00	38	0	42	0.00	0.00	64.62	7.53	0.00	0.00	2000
229	11.15	2051	2101	0.00	195	0	0	0	nan	0.00	0.00	3.48	85.56	88.85	0.00	39	0	42	0.00	0.00	64.57	7.66	0.00	0.00	2000
229	11.22	2037	2100	0.00	196	0	0	0	nan	0.00	0.00	3.17	85.73	88.78	0.00	39	0	42	0.00	0.00	64.75	7.59	0.00	0.00	2000
227	11.41	2008	2082	0.00	195	0	0	0	nan	0.00	0.00	2.82	85.23	88.59	0.00	39	0	42	0.00	0.00	64.03	7.61	0.00	0.00	2000
229	11.28	2009	2122	0.00	196	0	0	0	nan	0.00	0.00	4.49	85.37	88.72	0.00	39	0	42	0.00	0.00	66.00	7.66	0.00	0.00	2000
229	11.09	2061	2103	0.00	197	0	0	0	nan	0.00	0.02	3.19	86.05	88.91	0.00	39	0	42	0.00	0.00	65.84	7.87	0.00	0.00	2000
231	11.22	2055	2101	0.51	195	0	0	11	27.72	0.00	0.00	2.59	86.43	88.78	0.00	39	0	42	0.00	0.00	66.31	7.50	0.00	0.00	2000
228	11.29	2045	2075	0.71	194	0	0	1	89.73	0.00	0.00	2.46	85.40	88.71	0.00	38	0	42	0.00	0.00	57.07	7.72	0.00	0.00	2000
230	11.33	2026	2107	0.00	177	0	0	0	nan	0.00	0.00	3.96	85.14	88.67	0.00	39	0	43	0.00	0.00	67.24	7.64	0.00	0.00	2000
228	11.29	2003	2119	0.00	197	0	0	0	nan	0.00	0.00	3.79	85.81	88.71	0.00	39	0	42	0.00	0.00	66.28	8.09	0.00	0.00	2000
230	11.35	2025	2100	0.00	196	0	0	0	nan	0.00	0.00	3.52	85.35	88.65	0.00	38	0	42	0.00	0.00	65.73	7.78	0.00	0.00	2000
227	11.25	2023	2099	0.00	195	0	0	0	nan	0.00	0.02	3.20	85.63	88.75	0.00	39	0	43	0.00	0.00	60.68	7.00	0.00	0.00	2000
231	11.35	2065	2073	0.00	195	0	0	0	nan	0.00	0.01	3.35	84.29	88.65	0.00	39	0	42	0.00	0.00	65.38	7.68	0.00	0.00	2000
228	10.91	2070	2121	0.00	179	0	0	0	nan	0.00	0.00	4.32	85.76	89.09	0.00	39	0	42	0.00	0.00	65.73	7.74	0.00	0.00	2000
231	11.01	2093	2105	0.00	195	0	0	0	nan	0.00	0.00	2.69	86.59	88.99	0.00	39	0	42	0.00	0.00	66.35	7.86	0.00	0.00	2000
228	11.08	2059	2100	0.00	194	0	0	0	nan	0.00	0.00	3.23	85.89	88.92	0.00	39	0	42	0.00	0.00	65.33	7.70	0.00	0.00	2000
231	10.93	2117	2096	0.00	196	0	0	0	nan	0.00	0.02	3.24	85.68	89.07	0.00	39	0	42	0.00	0.00	59.92	7.10	0.00	0.00	2000
224	11.52	2049	1991	0.00	195	0	0	0	nan	0.00	0.01	2.86	81.17	88.48	0.00	39	0	42	0.00	0.00	61.66	7.34	0.00	0.00	2000
234	11.01	2019	2214	0.00	197	0	0	0	nan	0.00	0.00	2.48	91.50	88.99	0.00	39	0	42	0.00	0.00	70.41	8.32	0.00	0.00	2000
228	11.12	2044	2106	0.00	198	0	0	0	nan	0.00	0.00	2.53	86.76	88.88	0.00	39	0	42	0.00	0.00	66.10	7.84	0.00	0.00	2000
230	11.06	2080	2096	0.00	195	0	0	0	nan	0.00	0.02	4.29	84.47	88.94	0.00	39	0	42	0.00	0.00	62.98	7.40	0.00	0.00	2000
241	11.79	2047	2095	0.00	198	0	0	0	nan	0.00	0.03	3.89	84.12	88.21	0.00	39	0	42	0.00	0.00	65.39	7.48	0.00	0.00	2000
229	11.17	2043	2107	0.00	194	0	0	0	nan	0.01	0.00	3.01	86.27	88.83	0.00	38	0	42	0.00	0.00	61.74	7.64	0.00	0.00	2000
230	11.18	2060	2098	0.01	197	0	0	7	38.65	0.00	0.00	3.57	85.33	88.82	0.00	39	0	42	0.00	0.00	65.46	7.71	0.00	0.00	2000
230	11.22	2044	2106	1.04	196	0	0	6	42.30	0.00	0.01	3.41	85.75	88.78	0.00	39	0	42	0.00	0.00	66.23	7.98	0.00	0.00	2000
229	11.32	2039	2080	0.00	178	0	0	0	nan	0.00	0.00	3.24	84.72	88.68	0.00	39	0	42	0.00	0.00	64.43	7.50	0.00	0.00	2000
230	11.19	2041	2114	0.00	195	0	0	0	nan	0.00	0.00	3.82	85.69	88.81	0.00	39	0	42	0.00	0.00	65.90	7.94	0.00	0.00	2000
229	11.00	2082	2103	0.00	197	0	0	0	nan	0.00	0.02	3.62	85.67	89.00	0.00	39	0	42	0.00	0.00	65.92	7.61	0.00	0.00	2000
229	11.02	2081	2096	0.00	194	0	0	0	nan	0.00	0.02	3.39	85.49	88.98	0.00	39	0	42	0.00	0.00	59.96	6.99	0.00	0.00	2000
232	11.39	2032	2104	0.00	204	0	0	0	nan	0.00	0.02	6.03	82.88	88.61	0.00	39	0	42	0.00	0.00	65.90	7.67	0.00	0.00	2000
228	11.37	2016	2092	0.00	197	0	0	0	nan	0.00	0.00	3.83	84.59	88.63	0.00	39	0	42	0.00	0.00	64.36	7.67	0.00	0.00	2000
229	11.29	2020	2111	0.00	194	0	0	0	nan	0.00	0.00	2.88	86.48	88.71	0.00	39	0	42	0.00	0.00	66.52	7.85	0.00	0.00	2000
230	11.18	2056	2098	0.00	178	0	0	0	nan	0.00	0.02	3.09	85.74	88.82	0.00	39	0	42	0.00	0.00	66.19	7.94	0.00	0.00	2000
228	11.14	2046	2102	0.00	195	0	0	0	nan	0.00	0.02	3.45	85.66	88.86	0.00	38	0	42	0.00	0.00	63.05	7.54	0.00	0.00	2000
231	11.42	2025	2101	0.00	195	0	0	0	nan	0.00	0.00	3.56	85.20	88.58	0.00	39	0	42	0.00	0.00	62.03	7.34	0.00	0.00	2000
228	11.18	2037	2100	0.00	195	0	0	0	nan	0.00	0.00	3.02	85.98	88.82	0.00	39	0	42	0.00	0.00	66.47	7.94	0.00	0.00	2000
228	11.05	2076	2090	0.00	194	0	0	0	nan	0.00	0.02	3.11	85.55	88.95	0.00	39	0	42	0.00	0.00	64.81	7.77	0.00	0.00	2000
227	11.18	2036	2095	0.00	179	0	0	0	nan	0.00	0.00	3.65	85.12	88.82	0.00	39	0	42	0.00	0.00	64.70	7.56	0.00	0.00	2000
229	11.26	2025	2107	0.00	196	0	0	0	nan	0.00	0.00	3.49	85.70	88.74	0.00	39	0	42	0.00	0.00	64.48	7.67	0.00	0.00	2000
228	11.16	2079	2064	0.00	196	0	0	0	nan	0.00	0.02	2.78	84.63	88.84	0.00	39	0	42	0.00	0.00	64.59	7.56	0.00	0.00	2000
231	11.11	2042	2140	0.00	197	0	0	0	nan	0.00	0.00	5.39	85.35	88.89	0.00	39	0	42	0.00	0.00	66.15	7.92	0.00	0.00	2000
231	11.19	2054	2105	0.93	200	0	0	10	27.62	0.00	0.05	3.94	85.17	88.81	0.00	39	0	42	0.00	0.00	61.33	7.16	0.00	0.00	2000
230	11.14	2064	2100	0.26	196	0	0	0	nan	0.00	0.00	3.10	85.84	88.86	0.00	39	0	42	0.00	0.00	66.57	7.86	0.00	0.00	2000
229	11.12	2070	2090	0.00	179	0	0	0	nan	0.00	0.00	3.09	85.52	88.88	0.00	39	0	42	0.00	0.00	65.09	7.77	0.00	0.00	2000
229	11.12	2060	2102	0.00	195	0	0	0	nan	0.00	0.00	3.66	85.40	88.88	0.00	38	0	42	0.00	0.00	65.07	7.84	0.00	0.00	2000
227	11.18	2054	2079	0.00	195	0	0	0	nan	0.00	0.00	2.77	85.20	88.82	0.00	39	0	42	0.00	0.00	64.47	7.80	0.00	0.00	2000
232	11.32	2017	2133	0.00	196	0	0	0	nan	0.00	0.00	4.42	85.70	88.68	0.00	39	0	42	0.00	0.00	66.80	8.05	0.00	0.00	2000
228	10.92	2095	2095	0.00	197	0	0	0	nan	0.00	0.02	4.39	84.62	89.08	0.00	39	0	42	0.00	0.00	60.35	7.18	0.00	0.00	2000
228	11.21	2117	2021	0.00	194	0	0	0	nan	0.00	0.03	2.76	82.74	88.79	0.00	39	0	42	0.00	0.00	62.04	7.26	0.00	0.00	2000
230	11.00	2007	2188	0.00	194	0	0	0	nan	0.00	0.00	2.85	89.99	89.00	0.00	39	0	42	0.00	0.00	68.96	8.25	0.00	0.00	2000
230	11.33	2030	2097	0.00	195	0	0	0	nan	0.00	0.00	3.49	85.20	88.67	0.00	39	0	42	0.00	0.00	62.91	7.37	0.00	0.00	2000
231	11.03	2091	2100	0.00	198	0	0	0	nan	0.00	0.00	3.24	85.81	88.97	0.00	39	0	42	0.00	0.00	66.58	8.10	0.00	0.00	2000
229	11.07	2071	2100	0.00	195	0	0	0	nan	0.00	0.00	3.31	85.70	88.93	0.00	39	0	42	0.00	0.00	66.29	7.97	0.00	0.00	2000
229	11.22	2034	2103	0.00	179	0	0	0	nan	0.00	0.00	3.66	85.36	88.78	0.00	38	0	42	0.00	0.00	60.39	7.35	0.00	0.00	2000
230	11.41	2019	2097	0.00	204	0	0	0	nan	0.00	0.02	4.49	84.10	88.59	0.00	39	0	42	0.00	0.00	65.90	7.83	0.00	0.00	2000
228	11.18	2045	2095	0.00	203	0	0	0	nan	0.00	0.00	3.84	84.91	88.82	0.00	39	0	42	0.00	0.00	64.94	7.77	0.00	0.00	2000
229	11.12	2056	2104	0.00	195	0	0	0	nan	0.00	0.00	2.94	86.21	88.88	0.00	39	0	42	0.00	0.00	66.55	7.91	0.00	0.00	2000
230	11.25	2046	2102	0.00	179	0	0	0	nan	0.00	0.00	3.75	85.13	88.75	0.00	39	0	42	0.00	0.00	60.93	7.30	0.00	0.00	2000
229	11.11	2061	2097	0.28	196	0	0	9	32.33	0.00	0.00	2.98	86.00	88.89	0.00	39	0	42	0.00	0.00	65.22	7.89	0.00	0.00	2000
228	11.16	2043	2101	0.91	196	0	0	3	54.07	0.00	0.00	3.70	85.39	88.84	0.00	39	0	42	0.00	0.00	66.32	8.08	0.00	0.00	2000
231	11.31	2053	2087	0.00	194	0	0	0	nan	0.00	0.00	3.09	85.22	88.69	0.00	39	0	42	0.00	0.00	65.53	7.83	0.00	0.00	2000
229	11.02	2067	2111	0.00	182	0	0	0	nan	0.00	0.00	5.37	84.12	88.98	0.00	39	0	42	0.00	0.00	61.13	7.55	0.00	0.00	2000
230	11.16	2061	2101	0.00	195	0	0	0	nan	0.00	0.00	4.18	84.82	88.84	0.00	39	0	42	0.00	0.00	65.81	7.66	0.00	0.00	2000
226	11.79	2002	2013	0.00	197	0	0	0	nan	0.00	0.00	3.26	81.48	88.21	0.00	39	0	42	0.00	0.00	62.32	7.58	0.00	0.00	2000
231	10.98	2023	2186	0.00	195	0	0	0	nan	0.00	0.00	2.28	90.57	89.02	0.00	39	0	42	0.00	0.00	70.04	8.37	0.00	0.00	2000
228	11.13	2052	2095	0.00	195	0	0	0	nan	0.00	0.00	2.86	85.91	88.87	0.00	39	0	42	0.00	0.00	62.40	7.41	0.00	0.00	2000
235	11.30	2077	2102	0.00	196	0	0	0	nan	0.00	0.02	4.13	84.81	88.70	0.00	39	0	42	0.00	0.00	64.62	7.68	0.00	0.00	2000
228	11.21	2028	2104	0.00	195	0	0	0	nan	0.00	0.00	3.27	85.68	88.79	0.00	39	0	42	0.00	0.00	62.63	7.30	0.00	0.00	2000
230	11.65	1972	2101	0.00	197	0	0	0	nan	0.00	0.00	3.67	84.91	88.35	0.00	39	0	42	0.00	0.00	64.62	8.16	0.00	0.00	2000
229	11.19	2041	2104	0.00	195	0	0	0	nan	0.00	0.00	2.92	86.10	88.81	0.00	39	0	42	0.00	0.00	66.57	7.69	0.00	0.00	2000
229	10.98	2087	2099	0.00	195	0	0	0	nan	0.00	0.01	3.20	85.90	89.02	0.00	39	0	42	0.00	0.00	65.75	7.83	0.00	0.00	2000
227	11.13	2043	2098	0.00	194	0	0	0	nan	0.00	0.00	2.72	86.26	88.87	0.00	39	0	42	0.00	0.00	62.84	7.91	0.00	0.00	2000
230	11.15	2060	2099	0.00	196	0	0	0	nan	0.00	0.03	2.70	86.23	88.85	0.00	39	0	42	0.00	0.00	65.66	7.57	0.00	0.00	2000
229	10.97	2076	2110	0.00	178	0	0	0	nan	0.00	0.00	3.34	86.26	89.03	0.00	39	0	42	0.00	0.00	64.00	7.58	0.00	0.00	2000
231	11.41	2023	2100	0.00	194	0	0	0	nan	0.00	0.00	3.26	85.45	88.59	0.00	39	0	42	0.00	0.00	66.65	7.96	0.00	0.00	2000
228	11.15	2055	2090	0.00	196	0	0	3	41.78	0.00	0.00	2.60	85.98	88.85	0.00	39	0	42	0.00	0.00	60.58	7.04	0.00	0.00	2000
229	11.43	2002	2097	1.11	180	0	0	9	36.65	0.00	0.00	3.26	85.40	88.57	0.00	39	0	42	0.00	0.00	64.44	7.70	0.00	0.00	2000
228	11.42	2006	2089	0.00	193	0	0	0	nan	0.00	0.00	2.98	85.35	88.58	0.00	39	0	42	0.00	0.00	64.95	7.68	0.00	0.00	2000
230	11.45	1987	2118	0.00	196	0	0	0	nan	0.00	0.00	3.79	85.69	88.55	0.00	39	0	42	0.00	0.00	66.14	7.94	0.00	0.00	2000
228	11.37	2002	2102	0.00	196	0	0	0	nan	0.00	0.00	3.21	85.71	88.63	0.00	39	0	42	0.00	0.00	65.56	7.95	0.00	0.00	2000
229	11.62	2031	2037	0.00	196	0	0	0	nan	0.01	0.00	3.65	82.19	88.38	0.00	39	0	42	0.00	0.00	62.65	7.58	0.00	0.00	2000
227	11.09	1992	2159	0.00	195	0	0	0	nan	0.00	0.00	3.60	87.97	88.91	0.00	39	0	42	0.00	0.00	65.59	7.92	0.00	0.00	2000
232	11.49	2008	2107	0.00	198	0	0	0	nan	0.00	0.00	3.41	85.58	88.51	0.00	39	0	42	0.00	0.00	65.70	7.72	0.00	0.00	2000
229	10.90	2098	2101	0.00	196	0	0	0	nan	0.00	0.00	3.44	85.84	89.10	0.00	39	0	42	0.00	0.00	66.75	7.96	0.00	0.00	2000
230	10.89	2111	2097	0.00	195	0	0	0	nan	0.00	0.01	2.91	86.16	89.11	0.00	39	0	42	0.00	0.00	63.18	7.44	0.00	0.00	2000
230	11.28	2041	2099	0.00	195	0	0	0	nan	0.00	0.00	3.41	85.45	88.72	0.00	39	0	42	0.00	0.00	62.90	7.59	0.00	0.00	2000
230	10.95	2101	2104	0.00	180	0	0	0	nan	0.00	0.03	3.29	86.11	89.05	0.00	39	0	42	0.00	0.00	66.40	7.85	0.00	0.00	2000
228	11.27	2026	2097	0.00	195	0	0	0	nan	0.00	0.00	3.27	85.49	88.73	0.00	39	0	42	0.00	0.00	66.46	8.02	0.00	0.00	2000
229	11.14	2059	2098	0.00	194	0	0	0	nan	0.00	0.01	2.76	86.16	88.86	0.00	39	0	42	0.00	0.00	60.47	7.37	0.00	0.00	2000
228	11.35	2012	2097	0.00	180	0	0	0	nan	0.00	0.00	3.54	85.20	88.65	0.00	39	0	42	0.00	0.00	65.85	7.93	0.00	0.00	2000
230	11.20	2048	2104	0.00	196	0	0	0	nan	0.00	0.01	3.67	85.45	88.80	0.00	38	0	42	0.00	0.00	66.12	7.93	0.00	0.00	2000
226	11.60	2040	2007	0.00	196	0	0	0	nan	0.00	0.02	3.08	81.60	88.40	0.00	38	0	42	0.00	0.00	61.97	7.58	0.00	0.00	2000
231	11.10	1992	2193	0.00	196	0	0	0	nan	0.00	0.00	2.08	90.87	88.90	0.00	39	0	42	0.00	0.00	64.98	7.83	0.00	0.00	2000
227	11.41	2007	2086	0.73	196	0	0	10	25.35	0.00	0.00	2.89	85.31	88.59	0.00	39	0	42	0.00	0.00	64.36	8.00	0.00	0.00	2000
231	11.41	2022	2106	0.42	195	0	0	0	nan	0.00	0.00	3.69	85.31	88.59	0.00	39	0	42	0.00	0.00	63.73	7.49	0.00	0.00	2000
232	11.37	2032	2108	0.00	241	0	0	0	nan	0.00	0.01	3.78	85.34	88.63	0.00	39	0	42	0.00	0.00	66.00	7.76	0.00	0.00	2000
233	11.28	2050	2112	0.00	180	0	0	0	nan	0.00	0.03	3.91	85.50	88.72	0.00	39	0	42	0.00	0.00	66.29	8.12	0.00	0.00	2000
228	11.28	2030	2095	0.00	195	0	0	0	nan	0.00	0.00	3.79	84.86	88.72	0.00	39	0	42	0.00	0.00	66.77	7.92	0.00	0.00	2000
228	11.34	2015	2098	0.00	195	0	0	0	nan	0.00	0.00	2.42	86.36	88.66	0.00	39	0	42	0.00	0.00	61.40	7.38	0.00	0.00	2000
229	11.27	2028	2102	0.00	194	0	0	0	nan	0.00	0.02	3.39	85.55	88.73	0.00	39	0	42	0.00	0.00	63.30	7.58	0.00	0.00	2000
229	11.34	2019	2098	0.00	195	0	0	0	nan	0.00	0.00	3.27	85.50	88.66	0.00	39	0	42	0.00	0.00	65.19	7.87	0.00	0.00	2000
228	11.25	2024	2100	0.00	179	0	0	0	nan	0.00	0.00	3.82	85.05	88.75	0.00	39	0	42	0.00	0.00	65.97	7.91	0.00	0.00	2000
238	11.80	2009	2104	0.00	196	0	0	0	nan	0.00	0.00	4.18	84.37	88.20	0.00	39	0	42	0.00	0.00	66.79	8.07	0.00	0.00	2000
226	11.21	2102	2016	0.00	198	0	0	0	nan	0.01	0.00	4.04	81.35	88.79	0.00	38	0	42	0.00	0.00	59.28	7.08	0.00	0.00	2000
231	10.94	2027	2186	0.00	198	0	0	0	nan	0.00	0.00	3.52	89.29	89.06	0.00	39	0	42	0.00	0.00	67.63	8.03	0.00	0.00	2000
229	11.15	2048	2102	0.00	196	0	0	0	nan	0.00	0.00	2.88	86.14	88.85	0.00	39	0	42	0.00	0.00	66.36	7.95	0.00	0.00	2000
229	11.08	2069	2101	0.00	196	0	0	0	nan	0.00	0.00	3.94	85.20	88.92	0.00	39	0	42	0.00	0.00	65.59	7.92	0.00	0.00	2000
232	11.22	2067	2097	0.00	196	0	0	0	nan	0.00	0.00	2.91	85.80	88.78	0.00	39	0	42	0.00	0.00	61.39	7.19	0.00	0.00	2000
232	11.04	2110	2095	0.00	184	0	0	0	nan	0.00	0.00	4.61	84.25	88.97	0.00	39	0	42	0.00	0.00	65.25	7.57	0.00	0.00	2000
227	11.17	2031	2104	0.00	196	0	0	0	nan	0.00	0.00	3.41	85.72	88.83	0.00	39	0	42	0.00	0.00	64.94	7.67	0.00	0.00	2000
230	11.00	2090	2104	0.09	196	0	0	8	33.61	0.00	0.00	2.98	86.32	89.00	0.00	39	0	42	0.00	0.00	66.37	8.03	0.00	0.00	2000
229	11.02	2081	2101	1.02	193	0	0	4	49.23	0.00	0.00	3.00	86.04	88.98	0.00	39	0	42	0.00	0.00	62.38	7.55	0.00	0.00	2000
229	11.41	2015	2096	0.00	194	0	0	0	nan	0.00	0.00	3.04	85.50	88.59	0.00	39	0	42	0.00	0.00	62.49	7.38	0.00	0.00	2000
236	11.83	2082	2016	0.00	231	0	0	0	nan	0.01	1.61	5.54	77.65	88.17	0.00	39	0	42	0.00	0.00	61.13	7.33	0.00	0.00	2000
232	10.96	2032	2184	0.00	196	0	0	0	nan	0.00	0.02	4.08	88.56	89.04	0.00	39	0	42	0.00	0.00	70.51	8.43	0.00	0.00	2000
228	11.23	2026	2102	0.00	195	0	0	0	nan	0.00	0.00	3.30	85.69	88.77	0.00	39	0	42	0.00	0.00	64.86	7.70	0.00	0.00	2000
229	11.30	2032	2100	0.00	197	0	0	0	nan	0.00	0.00	2.75	86.03	88.70	0.00	39	0	42	0.00	0.00	64.73	8.01	0.00	0.00	2000
229	11.26	2027	2104	0.00	195	0	0	0	nan	0.00	0.00	3.02	85.98	88.74	0.00	39	0	42	0.00	0.00	66.29	8.12	0.00	0.00	2000
232	11.22	2065	2102	0.00	198	0	0	0	nan	0.00	0.01	3.75	85.18	88.78	0.00	39	0	42	0.00	0.00	64.87	7.85	0.00	0.00	2000
228	10.95	2084	2101	0.00	195	0	0	0	nan	0.00	0.00	3.38	85.85	89.05	0.00	39	0	42	0.00	0.00	61.08	7.42	0.00	0.00	2000
229	11.08	2064	2099	0.00	195	0	0	0	nan	0.00	0.02	2.85	86.22	88.92	0.00	39	0	42	0.00	0.00	65.74	7.79	0.00	0.00	2000
229	11.02	2078	2103	0.00	179	0	0	0	nan	0.00	0.05	3.56	85.69	88.98	0.00	39	0	42	0.00	0.00	66.36	8.03	0.00	0.00	2000
230	11.15	2063	2097	0.00	194	0	0	0	nan	0.00	0.00	3.81	85.05	88.85	0.00	39	0	42	0.00	0.00	65.24	7.80	0.00	0.00	2000
229	11.32	2024	2095	0.00	202	0	0	0	nan	0.00	0.00	3.45	85.18	88.68	0.00	39	0	42	0.00	0.00	59.62	7.03	0.00	0.00	2000
237	11.61	2034	2104	0.00	213	0	0	0	nan	0.01	0.00	6.76	81.92	88.39	0.00	39	0	42	0.00	0.00	66.03	7.81	0.00	0.00	2000
229	11.23	2044	2092	0.00	179	0	0	0	nan	0.00	0.00	3.65	84.92	88.77	0.00	39	0	42	0.00	0.00	65.46	7.84	0.00	0.00	2000
228	11.46	1990	2103	0.00	196	0	0	0	nan	0.00	0.00	3.83	85.07	88.54	0.00	39	0	42	0.00	0.00	64.56	7.75	0.00	0.00	2000
228	11.20	2047	2084	0.00	197	0	0	3	45.23	0.00	0.00	3.71	84.47	88.80	0.00	39	0	42	0.00	0.00	64.85	7.77	0.00	0.00	2000
230	11.21	2030	2124	1.13	194	0	0	9	38.40	0.00	0.00	4.02	85.90	88.79	0.00	39	0	42	0.00	0.00	66.35	7.94	0.00	0.00	2000
229	11.29	2029	2100	0.00	197	0	0	0	nan	0.00	0.02	3.25	85.62	88.71	0.00	39	0	42	0.00	0.00	60.21	7.33	0.00	0.00	2000
229	11.25	2119	2016	0.00	196	0	0	0	nan	0.00	0.02	3.49	81.89	88.75	0.00	39	0	42	0.00	0.00	62.19	7.46	0.00	0.00	2000
229	10.66	2077	2175	0.00	195	0	0	0	nan	0.00	0.00	2.63	90.02	89.34	0.00	39	0	42	0.00	0.00	70.18	8.34	0.00	0.00	2000
231	11.53	1985	2117	0.00	195	0	0	0	nan	0.00	0.01	3.12	86.23	88.47	0.00	39	0	42	0.00	0.00	66.33	7.90	0.00	0.00	2000
229	11.03	2086	2093	0.00	194	0	0	0	nan	0.00	0.00	3.64	85.16	88.97	0.00	39	0	42	0.00	0.00	60.82	7.16	0.00	0.00	2000
230	10.94	2099	2099	0.00	195	0	0	0	nan	0.00	0.00	2.65	86.45	89.06	0.00	39	0	42	0.00	0.00	65.96	7.93	0.00	0.00	2000
230	11.25	2050	2099	0.00	180	0	0	0	nan	0.00	0.00	3.55	85.21	88.75	0.00	39	0	42	0.00	0.00	64.87	7.67	0.00	0.00	2000
230	11.44	2007	2101	0.00	211	0	0	0	nan	0.00	0.01	3.45	85.27	88.56	0.00	39	0	42	0.00	0.00	66.30	7.96	0.00	0.00	2000
229	11.24	2029	2107	0.00	179	0	0	0	nan	0.00	0.02	3.26	85.93	88.76	0.00	39	0	42	0.00	0.00	61.56	7.38	0.00	0.00	2000
228	11.16	2058	2090	0.00	196	0	0	0	nan	0.00	0.01	2.96	85.61	88.84	0.00	39	0	42	0.00	0.00	64.66	7.83	0.00	0.00	2000
229	11.22	2034	2104	0.00	196	0	0	0	nan	0.00	0.01	3.06	86.02	88.78	0.00	39	0	42	0.00	0.00	67.06	8.11	0.00	0.00	2000
229	11.21	2045	2100	0.00	178	0	0	0	nan	0.00	0.00	3.37	85.45	88.79	0.00	39	0	42	0.00	0.00	66.80	8.06	0.00	0.00	2000
230	11.06	2072	2107	0.00	196	0	0	0	nan	0.00	0.02	3.82	85.53	88.94	0.00	39	0	42	0.00	0.00	60.36	7.41	0.00	0.00	2000
226	11.45	2048	2028	0.00	194	0	0	0	nan	0.00	0.02	3.07	82.61	88.55	0.00	39	0	42	0.00	0.00	62.23	7.48	0.00	0.00	2000
228	11.16	1973	2172	0.00	195	0	0	0	nan	0.00	0.00	2.88	89.21	88.84	0.00	39	0	42	0.00	0.00	71.24	8.59	0.00	0.00	2000
231	10.99	2102	2099	0.00	198	0	0	0	nan	0.00	0.00	4.48	84.58	89.01	0.00	39	0	42	0.00	0.00	60.46	7.21	0.00	0.00	2000
229	10.91	2094	2103	0.64	195	0	0	10	27.45	0.00	0.00	3.11	86.17	89.09	0.00	39	0	42	0.00	0.00	66.14	7.90	0.00	0.00	2000
230	11.01	2090	2097	0.53	195	0	0	0	nan	0.00	0.02	2.57	86.44	88.99	0.00	39	0	42	0.00	0.00	65.88	7.76	0.00	0.00	2000
230	11.29	2038	2097	0.00	179	0	0	0	nan	0.00	0.00	3.30	85.38	88.71	0.00	38	0	42	0.00	0.00	66.17	7.73	0.00	0.00	2000
231	11.20	2054	2104	0.00	196	0	0	0	nan	0.00	0.00	3.40	85.66	88.80	0.00	39	0	42	0.00	0.00	60.48	7.37	0.00	0.00	2000
228	11.31	2016	2099	0.00	196	0	0	0	nan	0.00	0.00	2.95	85.93	88.69	0.00	39	0	42	0.00	0.00	66.77	7.91	0.00	0.00	2000
237	11.35	2086	2098	0.00	198	0	0	0	nan	0.00	0.00	3.16	85.60	88.65	0.00	39	0	42	0.00	0.00	65.95	7.81	0.00	0.00	2000
228	11.27	2018	2107	0.00	179	0	0	0	nan	0.00	0.00	3.64	85.52	88.73	0.00	39	0	42	0.00	0.00	60.57	7.26	0.00	0.00	2000
228	11.60	2018	2042	0.00	196	0	0	0	nan	0.00	0.00	3.62	82.56	88.40	0.00	39	0	42	0.00	0.00	62.36	7.31	0.00	0.00	2000
230	10.95	2050	2153	0.00	195	0	0	0	nan	0.00	0.00	3.66	87.71	89.05	0.00	39	0	42	0.00	0.00	68.44	8.09	0.00	0.00	2000
230	11.25	2039	2102	0.00	195	0	0	0	nan	0.00	0.02	3.15	85.87	88.75	0.00	39	0	42	0.00	0.00	62.96	7.47	0.00	0.00	2000
228	10.87	2093	2104	0.00	195	0	0	0	nan	0.00	0.00	3.31	86.13	89.13	0.00	39	0	42	0.00	0.00	66.43	7.75	0.00	0.00	2000
230	10.96	2101	2096	0.00	195	0	0	0	nan	0.00	0.02	3.13	85.86	89.04	0.00	39	0	42	0.00	0.00	66.31	7.75	0.00	0.00	2000
229	11.37	2009	2103	0.00	180	0	0	0	nan	0.00	0.00	3.25	85.73	88.63	0.00	39	0	42	0.00	0.00	60.98	7.08	0.00	0.00	2000
228	11.26	2027	2098	0.00	195	0	0	0	nan	0.00	0.00	2.98	85.84	88.74	0.00	39	0	42	0.00	0.00	64.90	7.61	0.00	0.00	2000
229	11.28	2024	2102	0.00	195	0	0	0	nan	0.00	0.01	3.18	85.78	88.72	0.00	39	0	42	0.00	0.00	65.95	7.75	0.00	0.00	2000
224	11.53	2044	1997	0.00	195	0	0	0	nan	0.00	0.02	2.87	81.41	88.47	0.00	39	0	42	0.00	0.00	61.37	7.36	0.00	0.00	2000
231	10.88	2025	2203	0.00	196	0	0	0	nan	0.00	0.02	2.96	90.58	89.12	0.00	39	0	42	0.00	0.00	68.31	7.83	0.00	0.00	2000
228	11.46	1992	2099	0.00	195	0	0	7	32.37	0.00	0.00	3.13	85.58	88.54	0.00	38	0	42	0.00	0.00	62.53	7.89	0.00	0.00	2000
229	11.21	2039	2106	1.08	196	0	0	6	47.10	0.00	0.02	3.61	85.55	88.79	0.00	39	0	42	0.00	0.00	65.81	7.87	0.00	0.00	2000
230	11.47	2011	2096	0.00	195	0	0	0	nan	0.00	0.00	3.66	84.87	88.53	0.00	39	0	42	0.00	0.00	64.43	7.77	0.00	0.00	2000
229	11.37	2011	2103	0.00	198	0	0	0	nan	0.00	0.00	5.18	83.76	88.63	0.00	39	0	42	0.00	0.00	65.13	7.79	0.00	0.00	2000
229	11.29	2029	2099	0.00	195	0	0	0	nan	0.00	0.01	3.50	85.31	88.71	0.00	38	0	42	0.00	0.00	65.79	7.66	0.00	0.00	2000
230	11.19	2054	2098	0.00	180	0	0	0	nan	0.00	0.02	3.04	85.90	88.81	0.00	39	0	42	0.00	0.00	60.85	7.22	0.00	0.00	2000
228	10.82	2108	2102	0.00	194	0	0	0	nan	0.00	0.00	3.87	85.45	89.18	0.00	39	0	42	0.00	0.00	65.39	7.79	0.00	0.00	2000
230	11.19	2059	2099	0.00	196	0	0	0	nan	0.00	0.00	4.06	84.85	88.81	0.00	39	0	42	0.00	0.00	65.13	7.75	0.00	0.00	2000
228	11.36	2015	2093	0.00	196	0	0	0	nan	0.00	0.00	3.28	85.25	88.65	0.00	39	0	42	0.00	0.00	64.32	7.67	0.00	0.00	2000
228	11.21	2027	2107	0.00	194	0	0	0	nan	0.00	0.00	3.21	86.02	88.79	0.00	39	0	42	0.00	0.00	65.63	7.79	0.00	0.00	2000
226	11.44	2043	2028	0.00	193	0	0	0	nan	0.00	0.00	2.77	82.84	88.56	0.00	39	0	42	0.00	0.00	61.81	7.29	0.00	0.00	2000
229	11.04	2015	2161	0.00	197	0	0	0	nan	0.00	0.02	3.89	87.81	88.96	0.00	39	0	42	0.00	0.00	64.98	7.76	0.00	0.00	2000
229	11.37	2031	2084	0.00	196	0	0	0	nan	0.00	0.00	3.71	84.33	88.63	0.00	39	0	42	0.00	0.00	64.41	7.85	0.00	0.00	2000
228	11.36	1995	2116	0.00	197	0	0	0	nan	0.00	0.00	4.94	84.60	88.64	0.00	39	0	42	0.00	0.00	64.24	7.61	0.00	0.00	2000
228	11.34	2025	2088	0.00	195	0	0	0	nan	0.00	0.00	3.62	84.58	88.66	0.00	39	0	42	0.00	0.00	64.60	7.70	0.00	0.00	2000
229	11.12	2044	2112	0.00	198	0	0	0	nan	0.00	0.00	4.87	84.66	88.88	0.00	39	0	42	0.00	0.00	64.79	7.62	0.00	0.00	2000
228	11.29	2037	2086	0.00	195	0	0	0	nan	0.00	0.00	3.74	84.46	88.71	0.00	39	0	42	0.00	0.00	64.42	7.65	0.00	0.00	2000
227	10.97	2054	2114	0.00	195	0	0	3	34.38	0.00	0.00	4.14	85.65	89.03	0.00	39	0	42	0.00	0.00	64.74	7.78	0.00	0.00	2000
231	11.57	1993	2099	1.28	196	0	0	7	31.89	0.00	0.00	4.13	84.37	88.43	0.00	39	0	42	0.00	0.00	64.54	7.73	0.00	0.00	2000
227	11.19	2027	2106	0.00	196	0	0	0	nan	0.00	0.00	3.94	85.35	88.81	0.00	39	0	42	0.00	0.00	65.01	7.57	0.00	0.00	2000
229	11.57	1990	2086	0.00	195	0	0	0	nan	0.00	0.00	3.08	84.90	88.43	0.00	39	0	42	0.00	0.00	64.46	7.60	0.00	0.00	2000
227	11.05	2051	2107	0.00	196	0	0	0	nan	0.00	0.00	4.00	85.40	88.95	0.00	39	0	42	0.00	0.00	64.41	7.71	0.00	0.00	2000
229	11.51	1984	2106	0.00	194	0	0	0	nan	0.00	0.00	3.79	85.16	88.49	0.00	39	0	42	0.00	0.00	64.26	7.53	0.00	0.00	2000
230	11.51	1999	2100	0.00	200	0	0	0	nan	0.00	0.00	3.95	84.63	88.49	0.00	39	0	43	0.00	0.00	65.15	7.70	0.00	0.00	2000
229	11.61	1985	2086	0.00	197	0	0	0	nan	0.00	0.00	4.11	83.91	88.39	0.00	39	0	42	0.00	0.00	64.57	7.70	0.00	0.00	2000
226	11.21	2013	2108	0.00	196	0	0	0	nan	0.00	0.00	4.06	85.29	88.79	0.00	39	0	42	0.00	0.00	64.04	7.77	0.00	0.00	2000
242	12.07	2015	2087	0.00	195	0	0	0	nan	0.00	0.00	4.27	83.31	87.93	0.00	39	0	42	0.00	0.00	64.82	7.86	0.00	0.00	2000
227	11.15	2032	2104	0.00	196	0	0	0	nan	0.00	0.00	4.45	84.78	88.85	0.00	39	0	42	0.00	0.00	64.24	7.79	0.00	0.00	2000
230	11.33	2041	2088	0.00	196	0	0	0	nan	0.00	0.02	4.68	83.65	88.67	0.00	39	0	42	0.00	0.00	61.47	7.70	0.00	0.00	2000
227	11.04	2048	2107	0.00	195	0	0	0	nan	0.00	0.00	4.39	85.09	88.96	0.00	39	0	42	0.00	0.00	67.15	7.61	0.00	0.00	2000
230	11.32	2022	2111	0.00	198	0	0	0	nan	0.00	0.02	5.40	83.94	88.68	0.00	39	0	42	0.00	0.00	64.60	7.73	0.00	0.00	2000
227	11.40	2005	2082	0.00	197	0	0	0	nan	0.00	0.00	3.82	84.19	88.60	0.00	39	0	42	0.00	0.00	64.20	7.65	0.00	0.00	2000
229	11.22	2014	2130	0.00	196	0	0	0	nan	0.00	0.00	4.42	85.77	88.78	0.00	39	0	42	0.00	0.00	64.48	7.68	0.00	0.00	2000
228	11.53	1984	2098	0.00	196	0	0	0	nan	0.00	0.00	3.13	85.47	88.47	0.00	39	0	42	0.00	0.00	64.66	7.87	0.00	0.00	2000
230	11.71	1980	2080	0.00	196	0	0	0	97.32	0.00	0.00	3.47	84.20	88.29	0.00	39	0	42	0.00	0.00	64.16	7.78	0.00	0.00	2000
227	11.22	2039	2086	1.15	196	0	0	8	22.64	0.00	0.00	4.49	83.85	88.78	0.00	39	0	43	0.00	0.00	64.23	7.86	0.00	0.00	2000
230	11.11	2027	2140	0.19	195	0	0	0	nan	0.00	0.00	4.12	86.63	88.89	0.00	39	0	42	0.00	0.00	64.72	7.83	0.00	0.00	2000
227	11.29	2023	2084	0.00	197	0	0	0	nan	0.00	0.00	3.22	84.99	88.71	0.00	39	0	42	0.00	0.00	64.23	7.52	0.00	0.00	2000
229	11.28	2029	2105	0.00	195	0	0	0	nan	0.00	0.00	3.98	85.07	88.72	0.00	39	0	42	0.00	0.00	64.54	7.53	0.00	0.00	2000
230	11.48	2017	2083	0.00	197	0	0	0	nan	0.00	0.00	3.99	83.93	88.52	0.00	39	0	42	0.00	0.00	65.03	7.79	0.00	0.00	2000
229	11.23	2015	2127	0.00	197	0	0	0	nan	0.00	0.00	4.51	85.51	88.77	0.00	39	0	42	0.00	0.00	64.44	7.76	0.00	0.00	2000
226	11.04	2058	2094	0.00	195	0	0	0	nan	0.00	0.01	3.26	85.58	88.96	0.00	39	0	42	0.00	0.00	64.40	7.63	0.00	0.00	2000
228	11.28	2042	2083	0.00	195	0	0	0	nan	0.00	0.00	3.51	84.71	88.72	0.00	39	0	42	0.00	0.00	64.55	7.78	0.00	0.00	2000
227	10.95	2067	2105	0.00	196	0	0	0	nan	0.00	0.00	4.11	85.33	89.05	0.00	39	0	42	0.00	0.00	64.17	7.74	0.00	0.00	2000
230	11.69	1971	2099	0.00	200	0	0	0	nan	0.00	0.00	5.69	82.75	88.31	0.00	39	0	42	0.00	0.00	64.81	7.75	0.00	0.00	2000
227	11.20	2014	2111	0.00	196	0	0	0	nan	0.00	0.00	3.91	85.58	88.80	0.00	39	0	42	0.00	0.00	64.27	7.71	0.00	0.00	2000
228	11.68	1973	2082	0.00	196	0	0	0	nan	0.00	0.00	4.17	83.54	88.32	0.00	39	0	42	0.00	0.00	64.47	7.63	0.00	0.00	2000
227	11.28	2001	2115	0.00	196	0	0	0	nan	0.00	0.00	4.17	85.34	88.72	0.00	39	0	42	0.00	0.00	64.56	7.64	0.00	0.00	2000
228	11.51	1990	2090	0.00	196	0	0	0	nan	0.00	0.00	3.61	84.63	88.49	0.00	39	0	42	0.00	0.00	64.13	7.87	0.00	0.00	2000
228	11.53	2001	2080	0.00	198	0	0	0	nan	0.00	0.00	4.55	83.25	88.47	0.00	39	0	42	0.00	0.00	64.22	7.80	0.00	0.00	2000
229	10.90	2075	2128	0.00	194	0	0	0	nan	0.00	0.00	4.59	85.82	89.10	0.00	39	0	42	0.00	0.00	64.62	7.48	0.00	0.00	2000
226	11.09	2037	2103	0.00	196	0	0	0	nan	0.00	0.00	4.02	85.23	88.91	0.00	39	0	42	0.00	0.00	64.24	7.65	0.00	0.00	2000
229	11.09	2054	2107	0.83	195	0	0	8	17.64	0.00	0.00	3.61	85.79	88.91	0.00	39	0	42	0.00	0.00	64.51	7.77	0.00	0.00	2000
227	11.17	2067	2068	0.51	198	0	0	0	nan	0.00	0.02	3.47	84.14	88.83	0.00	39	0	42	0.00	0.00	64.58	7.75	0.00	0.00	2000
231	11.39	2024	2106	0.00	196	0	0	0	nan	0.00	0.02	4.40	84.67	88.61	0.00	39	0	42	0.00	0.00	64.37	7.66	0.00	0.00	2000
228	10.98	2060	2121	0.00	195	0	0	0	nan	0.00	0.00	4.36	85.70	89.02	0.00	39	0	42	0.00	0.00	64.77	7.62	0.00	0.00	2000
229	11.47	1992	2108	0.00	195	0	0	0	nan	0.00	0.00	3.47	85.49	88.53	0.00	39	0	42	0.00	0.00	64.53	7.63	0.00	0.00	2000
227	11.60	1996	2059	0.00	196	0	0	0	nan	0.00	0.00	3.78	83.11	88.40	0.00	39	0	42	0.00	0.00	64.51	7.75	0.00	0.00	2000
229	11.32	2007	2118	0.00	195	0	0	0	nan	0.00	0.00	5.13	84.47	88.68	0.00	39	0	42	0.00	0.00	64.35	7.61	0.00	0.00	2000
228	11.10	2069	2082	0.00	197	0	0	0	nan	0.00	0.00	4.06	84.24	88.90	0.00	39	0	42	0.00	0.00	64.46	7.69	0.00	0.00	2000
230	11.31	1996	2137	0.00	196	0	0	0	nan	0.00	0.00	5.04	85.44	88.69	0.00	39	0	42	0.00	0.00	63.97	7.65	0.00	0.00	2000
227	11.36	2012	2088	0.00	196	0	0	0	nan	0.00	0.00	3.82	84.47	88.64	0.00	39	0	42	0.00	0.00	64.76	7.58	0.00	0.00	2000
228	11.27	2008	2116	0.00	195	0	0	0	nan	0.00	0.00	3.82	85.73	88.73	0.00	39	0	42	0.00	0.00	64.36	7.58	0.00	0.00	2000
227	11.26	2034	2082	0.00	196	0	0	0	nan	0.00	0.02	3.09	85.08	88.75	0.00	39	0	42	0.00	0.00	64.34	7.74	0.00	0.00	2000
230	11.32	2031	2098	0.00	199	0	0	0	nan	0.00	0.00	4.51	84.21	88.68	0.00	39	0	42	0.00	0.00	64.64	7.71	0.00	0.00	2000
229	10.86	2102	2108	0.00	198	0	0	0	nan	0.00	0.00	5.56	84.09	89.14	0.00	39	0	42	0.00	0.00	64.97	7.46	0.00	0.00	2000
229	11.34	2012	2106	0.00	195	0	0	0	nan	0.00	0.00	3.33	85.67	88.66	0.00	39	0	42	0.00	0.00	64.66	7.54	0.00	0.00	2000
227	11.35	2000	2097	0.00	196	0	0	0	nan	0.00	0.00	3.18	85.49	88.65	0.00	39	0	42	0.00	0.00	64.12	7.62	0.00	0.00	2000
228	11.45	2008	2082	0.00	195	0	0	0	nan	0.00	0.00	3.59	84.27	88.55	0.00	39	0	42	0.00	0.00	64.89	7.58	0.00	0.00	2000
227	11.12	2028	2110	0.54	193	0	0	8	14.89	0.00	0.00	4.52	84.95	88.88	0.00	39	0	42	0.00	0.00	64.30	7.47	0.00	0.00	2000
231	11.50	2016	2087	0.78	196	0	0	1	90.20	0.00	0.00	4.78	83.23	88.50	0.00	39	0	42	0.00	0.00	61.92	7.35	0.00	0.00	2000
228	11.31	1995	2119	0.00	197	0	0	0	nan	0.00	0.00	4.61	85.06	88.69	0.00	39	0	42	0.00	0.00	66.93	8.02	0.00	0.00	2000
236	11.67	2008	2111	0.00	199	0	0	0	nan	0.00	0.00	3.73	85.22	88.33	0.00	39	0	42	0.00	0.00	64.72	7.64	0.00	0.00	2000
227	11.25	2050	2071	0.00	195	0	0	0	nan	0.00	0.02	3.21	84.48	88.75	0.00	39	0	42	0.00	0.00	61.54	7.26	0.00	0.00	2000
229	11.24	2014	2120	0.00	196	0	0	0	nan	0.00	0.00	4.88	84.91	88.76	0.00	39	0	42	0.00	0.00	67.11	8.09	0.00	0.00	2000
228	11.71	1965	2083	0.00	198	0	0	0	nan	0.00	0.00	3.47	84.27	88.29	0.00	39	0	42	0.00	0.00	61.80	7.47	0.00	0.00	2000
228	11.06	2039	2125	0.00	195	0	0	0	nan	0.00	0.00	4.46	85.78	88.94	0.00	39	0	42	0.00	0.00	67.09	7.97	0.00	0.00	2000
227	10.94	2070	2107	0.00	196	0	0	0	nan	0.00	0.02	2.89	86.55	89.06	0.00	39	0	42	0.00	0.00	63.58	7.72	0.00	0.00	2000
227	11.20	2087	2038	0.00	196	0	0	0	nan	0.00	0.00	3.79	82.55	88.80	0.00	39	0	42	0.00	0.00	60.56	7.25	0.00	0.00	2000
228	10.96	2056	2124	0.00	195	0	0	0	nan	0.00	0.00	3.06	87.11	89.04	0.00	39	0	42	0.00	0.00	64.60	8.04	0.00	0.00	2000
230	11.44	1986	2127	0.00	195	0	0	0	nan	0.00	0.00	4.61	85.25	88.56	0.00	39	0	42	0.00	0.00	70.16	8.21	0.00	0.00	2000
227	11.44	1989	2096	0.00	196	0	0	0	nan	0.00	0.00	3.69	84.94	88.56	0.00	39	0	42	0.00	0.00	62.01	7.27	0.00	0.00	2000
228	11.32	2025	2091	0.00	196	0	0	0	nan	0.00	0.00	3.95	84.48	88.68	0.00	39	0	42	0.00	0.00	67.26	8.01	0.00	0.00	2000
227	11.31	2025	2081	0.00	196	0	0	0	nan	0.00	0.00	4.10	83.89	88.69	0.00	39	0	42	0.00	0.00	58.96	7.01	0.00	0.00	2000
229	11.24	2026	2109	0.00	196	0	0	0	nan	0.00	0.00	4.49	84.77	88.76	0.00	39	0	42	0.00	0.00	64.69	7.65	0.00	0.00	2000
228	11.08	2039	2117	0.00	201	0	0	0	nan	0.00	0.00	5.75	84.06	88.92	0.00	39	0	42	0.00	0.00	67.59	8.21	0.00	0.00	2000
230	11.39	2012	2106	0.22	196	0	0	9	19.32	0.00	0.00	4.07	85.00	88.61	0.00	39	0	42	0.00	0.00	64.20	7.95	0.00	0.00	2000
227	11.24	2025	2095	1.43	196	0	0	4	39.70	0.00	0.00	3.48	85.30	88.76	0.00	39	0	42	0.00	0.00	64.66	7.91	0.00	0.00	2000
228	11.48	1980	2106	0.00	195	0	0	0	nan	0.00	0.00	3.51	85.41	88.52	0.00	40	0	42	0.00	0.00	64.08	7.78	0.00	0.00	2000
228	11.00	2082	2091	0.00	195	0	0	0	nan	0.00	0.00	3.38	85.29	89.00	0.00	39	0	42	0.00	0.00	64.99	7.59	0.00	0.00	2000
230	11.11	2084	2083	0.00	196	0	0	0	nan	0.00	0.02	3.51	84.64	88.89	0.00	40	0	42	0.00	0.00	61.68	7.94	0.00	0.00	2000
229	11.30	2035	2092	0.00	197	0	0	0	nan	0.00	0.00	4.50	84.00	88.70	0.00	40	0	42	0.00	0.00	64.83	7.84	0.00	0.00	2000
228	11.17	2022	2121	0.00	193	0	0	0	nan	0.00	0.00	4.03	85.83	88.84	0.00	40	0	42	0.00	0.00	64.77	7.78	0.00	0.00	2000
227	11.13	2060	2079	0.00	196	0	0	0	nan	0.00	0.00	4.07	84.06	88.87	0.00	40	0	42	0.00	0.00	64.50	7.94	0.00	0.00	2000
228	11.12	2036	2118	0.00	195	0	0	0	nan	0.00	0.00	3.77	86.02	88.88	0.00	39	0	42	0.00	0.00	64.66	7.84	0.00	0.00	2000
227	11.30	2004	2106	0.00	197	0	0	0	nan	0.00	0.00	4.32	84.83	88.70	0.00	39	0	42	0.00	0.00	64.05	8.13	0.00	0.00	2000
230	11.35	2029	2096	0.00	196	0	0	0	nan	0.00	0.00	4.23	84.34	88.65	0.00	39	0	42	0.00	0.00	64.58	7.95	0.00	0.00	2000
227	11.04	2055	2099	0.00	195	0	0	0	nan	0.00	0.00	4.26	84.81	88.96	0.00	40	0	42	0.00	0.00	62.30	8.02	0.00	0.00	2000
229	11.34	2015	2107	0.00	194	0	0	0	nan	0.00	0.00	4.05	85.04	88.66	0.00	39	0	42	0.00	0.00	67.15	7.76	0.00	0.00	2000
227	11.11	2052	2089	0.00	197	0	0	0	nan	0.00	0.00	4.46	84.10	88.89	0.00	40	0	42	0.00	0.00	64.76	7.73	0.00	0.00	2000
228	11.30	2025	2097	0.00	194	0	0	0	nan	0.00	0.00	4.28	84.42	88.70	0.00	40	0	42	0.00	0.00	64.46	7.96	0.00	0.00	2000
229	11.01	2089	2090	0.00	196	0	0	0	nan	0.00	0.00	4.66	84.11	88.99	0.00	39	0	42	0.00	0.00	65.45	7.87	0.00	0.00	2000
228	11.15	2023	2119	0.00	194	0	0	0	nan	0.00	0.00	4.11	85.71	88.85	0.00	39	0	42	0.00	0.00	64.29	8.00	0.00	0.00	2000
229	11.45	1988	2107	0.00	199	0	0	6	21.21	0.00	0.00	4.54	84.51	88.55	0.00	40	0	42	0.00	0.00	64.62	7.63	0.00	0.00	2000
228	11.41	2011	2091	1.60	193	0	0	7	30.13	0.00	0.00	3.28	85.07	88.59	0.00	40	0	42	0.00	0.00	64.87	7.98	0.00	0.00	2000
228	11.12	2070	2080	0.00	200	0	0	0	nan	0.00	0.00	5.76	82.43	88.88	0.00	40	0	42	0.00	0.00	64.62	7.83	0.00	0.00	2000
231	11.29	2028	2122	0.00	196	0	0	0	nan	0.00	0.00	4.50	85.26	88.71	0.00	39	0	42	0.00	0.00	65.35	7.95	0.00	0.00	2000
230	11.23	2038	2106	0.00	198	0	0	0	nan	0.00	0.00	4.42	84.64	88.77	0.00	40	0	42	0.00	0.00	64.84	7.94	0.00	0.00	2000
230	11.42	2018	2094	0.00	195	0	0	0	nan	0.00	0.00	3.64	84.82	88.58	0.00	40	0	43	0.00	0.00	65.17	7.88	0.00	0.00	2000
227	11.22	2024	2101	0.00	197	1	0	0	nan	0.00	0.00	4.05	84.97	88.78	0.00	40	0	42	0.00	0.00	64.42	7.75	0.00	0.00	2000
228	11.15	2033	2114	0.00	194	0	0	0	nan	0.00	0.00	3.91	85.67	88.85	0.00	40	0	42	0.00	0.00	64.93	7.84	0.00	0.00	2000
232	11.75	2057	2018	0.00	196	0	0	0	nan	0.00	0.00	3.04	81.90	88.25	0.00	40	0	42	0.00	0.00	62.45	7.48	0.00	0.00	2000
241	11.26	2051	2188	0.00	220	0	0	0	nan	0.00	0.03	5.63	86.96	88.74	0.00	40	0	42	0.00	0.00	67.69	8.33	0.00	0.00	2000
228	10.92	2100	2087	0.00	202	0	0	0	nan	0.01	0.49	5.56	82.68	89.08	0.00	39	0	42	0.00	0.00	64.89	8.05	0.00	0.00	2000
229	11.41	1992	2117	0.00	199	0	0	0	nan	0.00	0.00	6.92	82.54	88.59	0.00	39	0	42	0.00	0.00	64.63	7.94	0.00	0.00	2000
228	11.43	2004	2090	0.00	201	0	0	0	nan	0.00	0.00	5.47	82.89	88.57	0.00	39	0	42	0.00	0.00	64.71	7.99	0.00	0.00	2000
230	11.56	1994	2093	0.00	197	0	0	0	nan	0.00	0.00	5.93	82.38	88.44	0.00	40	0	42	0.00	0.00	64.46	7.79	0.00	0.00	2000
228	11.04	2062	2105	0.00	196	0	0	0	nan	0.00	0.00	4.47	84.87	88.96	0.00	40	0	42	0.00	0.00	64.86	7.78	0.00	0.00	2000
228	11.43	1989	2108	0.00	195	0	0	0	nan	0.00	0.00	3.63	85.41	88.57	0.00	39	0	42	0.00	0.00	64.75	7.97	0.00	0.00	2000
227	11.25	2021	2095	0.00	196	0	0	0	nan	0.00	0.00	3.52	85.23	88.75	0.00	39	0	42	0.00	0.00	64.70	7.74	0.00	0.00	2000
228	11.23	2024	2108	0.00	195	0	0	5	23.76	0.00	0.00	4.00	85.22	88.77	0.00	40	0	42	0.00	0.00	64.98	7.71	0.00	0.00	2000
228	11.08	2067	2088	1.60	195	0	0	8	26.87	0.00	0.00	3.24	85.27	88.92	0.00	40	0	42	0.00	0.00	64.54	7.66	0.00	0.00	2000
233	11.52	2028	2098	0.00	196	0	0	0	nan	0.00	0.00	4.47	84.05	88.48	0.00	39	0	42	0.00	0.00	64.76	7.72	0.00	0.00	2000
227	10.95	2069	2105	0.00	195	0	0	0	nan	0.00	0.00	4.03	85.34	89.05	0.00	39	0	42	0.00	0.00	64.60	7.76	0.00	0.00	2000
229	11.44	2008	2093	0.00	196	0	0	0	nan	0.00	0.00	4.08	84.39	88.56	0.00	40	0	42	0.00	0.00	64.45	7.88	0.00	0.00	2000
228	11.35	2024	2083	0.00	199	0	0	0	nan	0.00	0.00	4.38	83.65	88.65	0.00	39	0	42	0.00	0.00	64.58	7.84	0.00	0.00	2000
228	11.14	2017	2132	0.00	195	0	0	0	nan	0.00	0.00	4.06	86.32	88.86	0.00	40	0	42	0.00	0.00	65.19	7.72	0.00	0.00	2000
228	11.42	2011	2087	0.00	195	0	0	0	nan	0.00	0.00	3.63	84.59	88.58	0.00	39	0	42	0.00	0.00	64.60	7.90	0.00	0.00	2000
228	11.30	2000	2118	0.00	195	0	0	0	nan	0.00	0.00	4.43	85.21	88.70	0.00	40	0	42	0.00	0.00	64.89	7.75	0.00	0.00	2000
227	11.27	2023	2087	0.00	195	0	0	0	nan	0.00	0.01	2.72	85.62	88.73	0.00	40	0	42	0.00	0.00	64.40	8.00	0.00	0.00	2000
230	11.36	2040	2080	0.00	195	0	0	0	nan	0.00	0.00	4.32	83.52	88.64	0.00	40	0	42	0.00	0.00	64.88	7.89	0.00	0.00	2000
227	11.21	2026	2102	0.00	197	0	0	0	nan	0.00	0.00	5.24	83.80	88.79	0.00	39	0	42	0.00	0.00	64.30	7.93	0.00	0.00	2000
230	11.53	2001	2094	0.00	197	0	0	0	nan	0.00	0.00	4.85	83.56	88.47	0.00	40	0	42	0.00	0.00	64.57	7.81	0.00	0.00	2000
232	11.35	2019	2121	0.00	211	0	0	0	nan	0.00	0.00	8.22	81.55	88.65	0.00	40	0	42	0.00	0.00	64.64	7.87	0.00	0.00	2000
228	11.30	2008	2112	0.00	194	0	0	0	nan	0.00	0.00	4.23	85.17	88.70	0.00	40	0	42	0.00	0.00	64.58	7.82	0.00	0.00	2000
227	11.35	2008	2089	0.00	195	0	0	0	nan	0.00	0.00	2.87	85.49	88.65	0.00	39	0	42	0.00	0.00	64.38	7.99	0.00	0.00	2000
229	11.19	2036	2111	0.00	195	0	0	0	nan	0.00	0.00	4.20	85.17	88.81	0.00	39	0	42	0.00	0.00	64.79	7.89	0.00	0.00	2000
229	11.31	2012	2109	0.00	195	0	0	2	37.53	0.00	0.00	2.96	86.19	88.69	0.00	39	0	42	0.00	0.00	64.94	7.70	0.00	0.00	2000
229	11.46	2007	2087	1.65	195	0	0	11	22.94	0.00	0.00	2.95	85.25	88.54	0.00	39	0	42	0.00	0.00	64.99	7.92	0.00	0.00	2000
229	11.27	2030	2098	0.00	194	0	0	0	nan	0.00	0.00	3.16	85.57	88.73	0.00	40	0	42	0.00	0.00	65.01	7.73	0.00	0.00	2000
229	11.35	2013	2106	0.00	195	0	0	0	nan	0.00	0.00	3.54	85.53	88.65	0.00	39	0	42	0.00	0.00	64.70	7.70	0.00	0.00	2000
227	11.17	2068	2064	0.00	195	0	0	0	nan	0.00	0.00	3.27	84.21	88.83	0.00	39	0	42	0.00	0.00	65.30	7.80	0.00	0.00	2000
229	11.17	2033	2120	0.00	196	0	0	0	nan	0.00	0.00	4.11	85.72	88.83	0.00	39	0	42	0.00	0.00	64.95	7.74	0.00	0.00	2000
229	11.53	1994	2088	0.00	197	0	0	0	nan	0.00	0.00	4.38	83.81	88.47	0.00	39	0	42	0.00	0.00	64.50	7.72	0.00	0.00	2000
228	11.03	2045	2127	0.00	195	0	0	0	nan	0.00	0.00	4.55	85.74	88.97	0.00	39	0	42	0.00	0.00	65.00	7.74	0.00	0.00	2000
227	11.21	2053	2073	0.00	197	0	0	0	nan	0.00	0.00	3.83	83.94	88.79	0.00	39	0	42	0.00	0.00	64.60	7.84	0.00	0.00	2000
229	11.21	2033	2115	0.00	198	0	0	0	nan	0.00	0.02	6.05	83.51	88.79	0.00	39	0	42	0.00	0.00	64.86	7.88	0.00	0.00	2000
226	11.17	2025	2100	0.00	196	0	0	0	nan	0.00	0.00	4.03	85.02	88.83	0.00	39	0	42	0.00	0.00	64.56	7.81	0.00	0.00	2000
230	11.61	1982	2098	0.00	195	0	0	0	nan	0.00	0.00	3.82	84.69	88.39	0.00	40	0	42	0.00	0.00	64.53	7.87	0.00	0.00	2000
227	11.07	2053	2102	0.00	197	0	0	0	nan	0.00	0.00	3.85	85.23	88.93	0.00	40	0	42	0.00	0.00	64.57	7.82	0.00	0.00	2000
228	11.52	1972	2108	0.00	194	0	0	0	nan	0.00	0.00	3.78	85.25	88.48	0.00	40	0	42	0.00	0.00	64.14	7.97	0.00	0.00	2000
227	11.42	2002	2083	0.00	195	0	0	0	nan	0.00	0.00	3.53	84.48	88.58	0.00	39	0	42	0.00	0.00	64.76	7.89	0.00	0.00	2000
227	11.35	1984	2116	0.00	194	0	0	0	nan	0.00	0.00	4.22	85.30	88.65	0.00	39	0	43	0.00	0.00	64.10	7.84	0.00	0.00	2000
230	11.22	2046	2100	0.00	198	0	0	0	nan	0.00	0.00	4.05	84.83	88.78	0.00	39	0	42	0.00	0.00	65.31	7.74	0.00	0.00	2000
228	11.30	2031	2088	0.00	195	0	0	0	nan	0.00	0.00	3.54	84.77	88.70	0.00	39	0	42	0.00	0.00	64.80	7.94	0.00	0.00	2000
232	11.34	2066	2084	1.26	198	0	0	12	21.51	0.00	0.00	4.71	83.31	88.66	0.00	39	0	42	0.00	0.00	65.08	7.88	0.00	0.00	2000
230	11.21	2020	2133	0.43	195	0	0	0	nan	0.00	0.00	4.65	85.75	88.79	0.00	38	0	42	0.00	0.00	64.23	8.05	0.00	0.00	2000
227	11.06	2076	2082	0.00	196	0	0	0	nan	0.00	0.00	3.45	84.81	88.94	0.00	39	0	42	0.00	0.00	65.03	7.94	0.00	0.00	2000
231	11.25	2061	2091	0.00	196	0	0	0	nan	0.00	0.00	4.48	84.03	88.75	0.00	39	0	42	0.00	0.00	64.66	7.93	0.00	0.00	2000
227	10.84	2107	2089	0.00	194	0	0	0	nan	0.00	0.00	4.37	84.45	89.16	0.00	39	0	42	0.00	0.00	59.58	7.33	0.00	0.00	2000
229	10.86	2091	2118	0.00	194	0	0	0	nan	0.00	0.02	4.34	85.66	89.14	0.00	39	0	42	0.00	0.00	70.82	8.55	0.00	0.00	2000
227	11.29	2009	2099	0.00	196	0	0	0	nan	0.00	0.00	4.08	84.81	88.71	0.00	39	0	43	0.00	0.00	61.74	7.78	0.00	0.00	2000
228	11.28	2003	2115	0.00	194	0	0	0	nan	0.00	0.00	3.89	85.63	88.72	0.00	40	0	42	0.00	0.00	67.39	7.59	0.00	0.00	2000
228	11.45	1981	2112	0.00	194	0	0	0	nan	0.00	0.00	3.64	85.56	88.55	0.00	39	0	42	0.00	0.00	64.66	7.85	0.00	0.00	2000
228	11.64	1991	2070	0.00	196	0	0	0	nan	0.00	0.01	3.32	83.98	88.36	0.00	40	0	42	0.00	0.00	61.92	7.40	0.00	0.00	2000
227	10.98	2051	2119	0.00	195	0	0	0	nan	0.00	0.00	4.49	85.46	89.02	0.00	40	0	42	0.00	0.00	67.75	8.30	0.00	0.00	2000
229	11.29	2023	2102	0.00	198	0	0	0	nan	0.00	0.00	3.98	85.03	88.71	0.00	40	0	43	0.00	0.00	64.81	7.78	0.00	0.00	2000
227	11.24	2020	2097	0.00	197	0	0	0	nan	0.00	0.00	3.57	85.23	88.76	0.00	39	0	42	0.00	0.00	62.16	7.43	0.00	0.00	2000
229	11.24	2029	2105	0.00	195	0	0	0	nan	0.00	0.00	3.51	85.62	88.76	0.00	39	0	43	0.00	0.00	67.42	8.26	0.00	0.00	2000
228	11.34	2021	2093	0.00	196	0	0	0	nan	0.00	0.00	3.76	84.81	88.66	0.00	40	0	42	0.00	0.00	64.35	8.00	0.00	0.00	2000
228	11.54	1986	2094	0.00	195	0	0	0	nan	0.00	0.00	3.63	84.75	88.46	0.00	39	0	42	0.00	0.00	64.60	7.87	0.00	0.00	2000
226	11.12	2044	2092	0.00	195	0	0	0	nan	0.00	0.00	4.14	84.60	88.88	0.00	39	0	42	0.00	0.00	61.50	7.63	0.00	0.00	2000
229	11.08	2043	2121	0.87	195	0	0	11	14.33	0.01	0.00	4.04	85.90	88.92	0.00	40	0	42	0.00	0.00	67.56	8.15	0.00	0.00	2000
228	11.48	2001	2081	0.83	195	0	0	0	nan	0.00	0.00	3.36	84.44	88.52	0.00	40	0	42	0.00	0.00	59.35	7.50	0.00	0.00	2000
230	11.39	1999	2123	0.00	195	0	0	0	nan	0.00	0.00	4.68	85.06	88.61	0.00	40	0	42	0.00	0.00	70.68	7.88	0.00	0.00	2000
227	11.20	2053	2070	0.00	195	0	0	0	nan	0.00	0.00	2.82	84.81	88.80	0.00	40	0	42	0.00	0.00	59.15	7.12	0.00	0.00	2000
228	11.36	2003	2109	0.00	194	0	0	0	nan	0.00	0.00	4.52	84.66	88.64	0.00	40	0	42	0.00	0.00	64.72	7.77	0.00	0.00	2000
227	11.35	1988	2109	0.00	196	0	0	0	nan	0.00	0.00	3.87	85.38	88.65	0.00	40	0	42	0.00	0.00	67.14	8.02	0.00	0.00	2000
229	11.42	2009	2094	0.00	196	0	0	0	nan	0.00	0.00	3.87	84.54	88.58	0.00	39	0	42	0.00	0.00	61.85	7.60	0.00	0.00	2000
229	11.39	2034	2077	0.00	196	0	0	0	nan	0.00	0.00	4.38	83.45	88.61	0.00	40	0	42	0.00	0.00	64.48	8.00	0.00	0.00	2000
228	10.97	2044	2137	0.00	194	0	0	0	nan	0.00	0.00	4.33	86.49	89.03	0.00	40	0	42	0.00	0.00	67.50	8.13	0.00	0.00	2000
227	10.98	2080	2091	0.00	195	0	0	0	nan	0.00	0.00	3.08	85.60	89.02	0.00	40	0	42	0.00	0.00	62.06	7.57	0.00	0.00	2000
229	11.65	1973	2091	0.00	196	0	0	0	nan	0.00	0.00	3.92	84.20	88.35	0.00	40	0	43	0.00	0.00	64.54	7.78	0.00	0.00	2000
227	11.10	2051	2091	0.00	194	0	0	0	nan	0.00	0.00	4.00	84.64	88.90	0.00	40	0	42	0.00	0.00	64.88	7.96	0.00	0.00	2000
231	11.39	2021	2103	0.00	196	0	0	0	nan	0.00	0.00	4.30	84.66	88.61	0.00	40	0	42	0.00	0.00	64.03	7.92	0.00	0.00	2000
227	11.07	2036	2117	0.00	194	0	0	0	nan	0.00	0.00	4.22	85.59	88.93	0.00	40	0	42	0.00	0.00	64.95	7.92	0.00	0.00	2000
229	11.36	2015	2097	0.00	195	0	0	0	nan	0.00	0.00	3.85	84.78	88.64	0.00	40	0	42	0.00	0.00	64.85	8.00	0.00	0.00	2000
228	11.35	2005	2101	0.00	196	0	0	0	nan	0.00	0.00	4.44	84.41	88.65	0.00	39	0	42	0.00	0.00	64.62	7.95	0.00	0.00	2000
228	11.24	2034	2092	0.00	195	0	0	0	nan	0.00	0.00	3.87	84.60	88.76	0.00	39	0	42	0.00	0.00	65.19	8.02	0.00	0.00	2000
227	11.16	2018	2112	0.48	196	0	0	10	17.39	0.00	0.00	4.00	85.49	88.84	0.00	39	0	42	0.00	0.00	64.25	8.11	0.00	0.00	2000
232	11.92	1962	2082	1.23	195	0	0	3	59.09	0.00	0.00	3.99	83.53	88.08	0.00	39	0	43	0.00	0.00	64.05	7.93	0.00	0.00	2000
241	11.96	2028	2086	0.00	197	0	0	0	nan	0.00	0.00	4.79	82.87	88.04	0.00	40	0	43	0.00	0.00	64.64	8.09	0.00	0.00	2000
229	11.10	2021	2144	0.00	195	0	0	0	nan	0.00	0.00	3.76	87.25	88.90	0.00	40	0	42	0.00	0.00	65.77	8.09	0.00	0.00	2000
226	11.46	2029	2038	0.00	196	0	0	0	nan	0.00	0.02	3.07	82.98	88.54	0.00	40	0	42	0.00	0.00	62.98	7.66	0.00	0.00	2000
230	11.23	1988	2160	0.00	194	0	0	0	nan	0.00	0.00	3.13	88.40	88.77	0.00	39	0	42	0.00	0.00	64.22	7.84	0.00	0.00	2000
229	11.48	2012	2081	0.00	198	0	0	0	nan	0.00	0.00	3.75	84.05	88.52	0.00	40	0	42	0.00	0.00	64.66	7.94	0.00	0.00	2000
229	11.28	2032	2099	0.00	198	0	0	0	nan	0.00	0.00	5.17	83.66	88.72	0.00	40	0	42	0.00	0.00	64.58	7.91	0.00	0.00	2000
227	11.26	2009	2103	0.00	196	0	0	0	nan	0.00	0.00	4.09	85.00	88.74	0.00	40	0	42	0.00	0.00	65.61	7.84	0.00	0.00	2000
228	11.35	1999	2106	0.00	193	0	0	0	nan	0.00	0.00	3.69	85.37	88.65	0.00	40	0	42	0.00	0.00	63.81	7.84	0.00	0.00	2000
227	11.52	1990	2083	0.00	195	0	0	0	nan	0.00	0.00	4.35	83.66	88.48	0.00	40	0	42	0.00	0.00	64.39	7.59	0.00	0.00	2000
230	11.45	1984	2126	0.00	195	0	0	0	nan	0.00	0.00	4.88	84.96	88.55	0.00	39	0	42	0.00	0.00	61.97	8.03	0.00	0.00	2000
227	11.15	2044	2095	0.00	196	0	0	0	nan	0.00	0.00	3.28	85.42	88.85	0.00	40	0	43	0.00	0.00	67.69	7.75	0.00	0.00	2000
228	11.36	2004	2104	0.00	195	0	0	0	nan	0.00	0.00	3.56	85.39	88.64	0.00	39	0	42	0.00	0.00	64.62	7.77	0.00	0.00	2000
227	11.07	2056	2092	0.00	197	0	0	0	nan	0.00	0.00	3.93	84.86	88.93	0.00	39	0	42	0.00	0.00	65.11	7.66	0.00	0.00	2000
228	11.35	2015	2095	0.00	195	0	0	0	nan	0.00	0.00	3.71	84.94	88.65	0.00	40	0	42	0.00	0.00	64.18	7.95	0.00	0.00	2000
228	11.22	2060	2076	0.00	197	0	0	0	nan	0.00	0.00	4.47	83.50	88.78	0.00	40	0	42	0.00	0.00	64.56	7.97	0.00	0.00	2000
230	11.08	2047	2127	0.02	194	0	0	8	23.77	0.00	0.00	3.81	86.45	88.92	0.00	40	0	42	0.00	0.00	65.05	8.05	0.00	0.00	2000
229	11.24	2031	2105	1.61	200	0	0	5	34.82	0.00	0.00	5.32	83.85	88.76	0.00	40	0	42	0.00	0.00	64.30	7.75	0.00	0.00	2000
229	11.17	2042	2108	0.00	195	0	0	0	nan	0.00	0.00	3.32	86.01	88.83	0.00	40	0	42	0.00	0.00	65.05	7.91	0.00	0.00	2000
226	11.30	2043	2060	0.00	194	0	0	0	nan	0.00	0.00	3.19	83.98	88.70	0.00	40	0	42	0.00	0.00	64.69	7.91	0.00	0.00	2000
226	11.49	2025	2038	0.00	194	0	0	0	nan	0.00	0.00	4.28	81.66	88.52	0.00	40	0	42	0.00	0.00	59.86	7.28	0.00	0.00	2000
232	10.76	2056	2199	0.00	213	0	0	0	nan	0.00	0.00	3.22	90.34	89.24	0.00	40	0	42	0.00	0.00	71.63	8.78	0.00	0.00	2000
227	11.11	2089	2057	0.00	194	0	0	0	nan	0.00	0.01	3.07	84.19	88.89	0.00	40	0	42	0.00	0.00	63.17	7.67	0.00	0.00	2000
228	11.10	2032	2123	0.00	196	0	0	0	nan	0.00	0.02	3.94	86.09	88.90	0.00	40	0	42	0.00	0.00	64.83	7.97	0.00	0.00	2000
228	11.22	2024	2114	0.00	195	0	0	0	nan	0.00	0.00	4.21	85.37	88.78	0.00	39	0	42	0.00	0.00	64.43	7.96	0.00	0.00	2000
230	11.21	2061	2087	0.00	198	0	0	0	nan	0.00	0.00	4.50	83.78	88.79	0.00	40	0	42	0.00	0.00	64.64	7.67	0.00	0.00	2000
228	11.09	2034	2125	0.00	195	0	0	0	nan	0.00	0.00	4.25	85.94	88.91	0.00	40	0	42	0.00	0.00	64.71	7.81	0.00	0.00	2000
227	11.10	2053	2094	0.00	195	0	0	0	nan	0.00	0.00	3.59	85.13	88.90	0.00	40	0	42	0.00	0.00	64.88	7.77	0.00	0.00	2000
228	11.16	2042	2102	0.00	195	0	0	0	nan	0.00	0.00	2.96	86.14	88.84	0.00	40	0	42	0.00	0.00	65.17	7.75	0.00	0.00	2000
226	11.11	2038	2098	0.00	194	0	0	0	nan	0.00	0.00	3.75	85.11	88.89	0.00	39	0	43	0.00	0.00	65.11	7.77	0.00	0.00	2000
229	11.45	1996	2108	0.00	195	0	0	0	nan	0.00	0.00	3.32	85.72	88.55	0.00	40	0	43	0.00	0.00	64.72	7.60	0.00	0.00	2000
229	11.34	2016	2104	0.00	202	0	0	0	nan	0.00	0.00	5.89	83.08	88.66	0.00	40	0	42	0.00	0.00	65.64	7.76	0.00	0.00	2000
228	11.36	2039	2069	0.00	198	0	0	0	nan	0.00	0.02	5.71	81.68	88.64	0.00	40	0	42	0.00	0.00	63.77	7.62	0.00	0.00	2000
229	11.43	2007	2096	0.00	197	0	0	6	26.54	0.00	0.00	6.33	82.23	88.57	0.00	39	0	42	0.00	0.00	64.80	7.91	0.00	0.00	2000
230	11.27	2038	2106	1.60	199	0	0	7	36.40	0.00	0.00	6.52	82.64	88.73	0.00	39	0	42	0.00	0.00	64.65	7.72	0.00	0.00	2000
228	11.09	2044	2112	0.00	200	0	0	0	nan	0.00	0.00	6.27	83.29	88.91	0.00	40	0	42	0.00	0.00	64.70	7.91	0.00	0.00	2000
232	11.60	2002	2096	0.00	206	0	0	0	nan	0.00	0.03	6.59	81.82	88.40	0.00	39	0	42	0.00	0.00	64.54	7.62	0.00	0.00	2000
229	11.11	2087	2079	0.00	215	0	0	0	nan	0.00	0.52	5.69	82.00	88.89	0.00	40	0	42	0.00	0.00	65.04	7.80	0.00	0.00	2000
230	11.09	2042	2135	0.00	203	0	0	0	nan	0.00	0.07	5.37	85.23	88.91	0.00	39	0	42	0.00	0.00	64.90	7.58	0.00	0.00	2000
229	11.22	2060	2077	0.00	200	0	0	0	nan	0.00	0.00	5.47	82.43	88.78	0.00	40	0	42	0.00	0.00	64.59	7.82	0.00	0.00	2000
229	10.93	2089	2108	0.00	198	0	0	0	nan	0.00	0.02	5.66	83.86	89.07	0.00	39	0	42	0.00	0.00	64.98	7.68	0.00	0.00	2000
230	11.28	2039	2096	0.00	204	0	0	0	nan	0.00	0.00	6.90	81.81	88.72	0.00	40	0	42	0.00	0.00	65.02	7.69	0.00	0.00	2000
230	11.26	2022	2124	0.00	197	0	0	0	nan	0.00	0.00	7.70	82.22	88.74	0.00	40	0	42	0.00	0.00	64.86	7.73	0.00	0.00	2000
227	11.08	2087	2066	0.00	199	0	0	0	nan	0.00	0.00	5.60	82.00	88.92	0.00	40	0	42	0.00	0.00	65.05	7.77	0.00	0.00	2000
229	11.18	2046	2105	0.00	198	0	0	0	nan	0.01	0.00	5.83	83.32	88.82	0.00	40	0	42	0.00	0.00	64.59	7.84	0.00	0.00	2000
228	11.18	2034	2101	0.00	199	0	0	0	nan	0.00	0.00	6.27	82.73	88.82	0.00	39	0	42	0.00	0.00	64.77	7.80	0.00	0.00	2000
232	11.35	2041	2100	0.00	204	0	0	0	nan	0.00	0.00	6.79	82.03	88.65	0.00	40	0	43	0.00	0.00	64.89	7.85	0.00	0.00	2000
227	10.98	2053	2114	0.00	200	0	0	0	nan	0.00	0.00	6.86	82.96	89.02	0.00	39	0	42	0.00	0.00	64.76	7.95	0.00	0.00	2000
234	11.32	2064	2106	0.00	201	0	0	0	nan	0.00	0.57	5.61	82.97	88.68	0.00	40	0	42	0.00	0.00	65.23	7.94	0.00	0.00	2000
227	11.40	2015	2079	0.00	199	0	0	0	nan	0.00	0.03	3.98	83.87	88.60	0.00	39	0	42	0.00	0.00	64.93	7.75	0.00	0.00	2000
231	10.98	2089	2110	0.00	198	0	0	4	30.95	0.00	0.49	7.10	82.03	89.02	0.00	40	0	42	0.00	0.00	65.17	7.71	0.00	0.00	2000
231	11.16	2088	2080	1.64	201	0	0	10	25.56	0.00	0.04	4.58	83.51	88.84	0.00	39	0	42	0.00	0.00	64.68	7.77	0.00	0.00	2000
230	11.20	2018	2135	0.00	208	0	0	0	nan	0.00	0.00	5.05	85.39	88.80	0.00	40	0	42	0.00	0.00	64.74	7.80	0.00	0.00	2000
227	11.35	2035	2063	0.00	199	0	0	0	nan	0.00	0.00	6.03	81.15	88.65	0.00	40	0	42	0.00	0.00	61.94	7.29	0.00	0.00	2000
229	11.22	2004	2140	0.00	197	0	0	0	nan	0.00	0.00	5.99	84.68	88.78	0.00	39	0	42	0.00	0.00	68.05	8.54	0.00	0.00	2000
228	11.19	2057	2082	0.00	201	0	0	0	nan	0.00	0.00	5.88	82.25	88.81	0.00	40	0	42	0.00	0.00	65.29	7.96	0.00	0.00	2000
229	11.22	2040	2104	0.00	198	0	0	0	nan	0.00	0.00	6.29	82.76	88.78	0.00	39	0	42	0.00	0.00	65.57	7.98	0.00	0.00	2000
229	11.43	2028	2078	0.00	204	0	0	0	nan	0.01	0.00	5.84	81.91	88.57	0.00	39	0	42	0.00	0.00	62.03	7.07	0.00	0.00	2000
229	11.24	2004	2134	0.00	198	0	0	0	nan	0.00	0.00	7.50	82.90	88.76	0.00	40	0	42	0.00	0.00	66.89	8.31	0.00	0.00	2000
228	11.34	2031	2078	0.00	202	0	0	0	nan	0.00	0.00	6.06	81.88	88.66	0.00	40	0	42	0.00	0.00	64.55	7.63	0.00	0.00	2000
230	11.08	2053	2121	0.00	198	0	0	0	nan	0.00	0.00	5.83	84.09	88.92	0.00	40	0	42	0.00	0.00	64.91	7.85	0.00	0.00	2000
228	11.09	2048	2105	0.00	200	0	0	0	nan	0.00	0.00	4.44	84.77	88.91	0.00	40	0	42	0.00	0.00	65.53	7.73	0.00	0.00	2000
231	11.49	2052	2058	0.00	205	0	0	0	nan	0.00	0.05	4.39	82.52	88.51	0.00	39	0	42	0.00	0.00	58.36	6.94	0.00	0.00	2000
229	11.17	2013	2134	0.00	199	0	0	0	nan	0.00	0.00	7.45	82.99	88.83	0.00	40	0	42	0.00	0.00	70.45	8.41	0.00	0.00	2000
230	11.14	2057	2103	0.00	198	0	0	0	nan	0.00	0.00	7.45	81.69	88.86	0.00	39	0	42	0.00	0.00	64.75	7.94	0.00	0.00	2000
228	11.16	2049	2091	0.00	200	0	0	0	nan	0.00	0.00	6.34	82.27	88.84	0.00	40	0	42	0.00	0.00	64.81	7.53	0.00	0.00	2000
229	11.30	2011	2117	0.00	198	0	0	0	nan	0.00	0.00	7.08	82.49	88.70	0.00	40	0	42	0.00	0.00	65.33	7.80	0.00	0.00	2000
230	11.48	2057	2049	0.00	204	0	0	0	97.02	0.00	0.00	5.34	81.19	88.52	0.00	40	0	42	0.00	0.00	58.78	7.42	0.00	0.00	2000
229	11.10	2034	2132	1.47	198	0	0	11	15.89	0.00	0.03	6.83	83.59	88.90	0.00	40	0	42	0.00	0.00	70.58	8.15	0.00	0.00	2000
228	11.19	2033	2101	0.23	200	0	0	0	nan	0.00	0.00	6.61	82.32	88.81	0.00	40	0	42	0.00	0.00	62.07	7.69	0.00	0.00	2000
229	11.36	2027	2090	0.00	198	0	0	0	nan	0.00	0.00	5.97	82.40	88.64	0.00	40	0	42	0.00	0.00	61.89	7.63	0.00	0.00	2000
228	11.07	2040	2119	0.00	201	0	0	0	nan	0.00	0.00	5.83	84.04	88.93	0.00	40	0	42	0.00	0.00	67.73	8.18	0.00	0.00	2000
231	11.76	1996	2068	0.00	204	0	0	0	nan	0.03	0.01	3.52	83.52	88.24	0.00	40	0	42	0.00	0.00	61.35	7.49	0.00	0.00	2000
229	11.18	2039	2106	0.00	199	0	0	0	nan	0.00	0.02	6.01	83.25	88.82	0.00	40	0	42	0.00	0.00	65.03	7.82	0.00	0.00	2000
229	11.34	1996	2123	0.00	198	0	0	0	nan	0.00	0.00	6.60	83.26	88.66	0.00	40	0	42	0.00	0.00	67.64	8.15	0.00	0.00	2000
229	11.25	2039	2092	0.00	200	0	0	0	nan	0.00	0.02	4.49	84.06	88.75	0.00	40	0	42	0.00	0.00	64.77	7.79	0.00	0.00	2000
228	11.35	2000	2114	0.00	201	0	0	0	nan	0.00	0.00	5.71	83.64	88.65	0.00	40	0	42	0.00	0.00	64.92	7.91	0.00	0.00	2000
227	11.45	2027	2056	0.00	199	0	0	0	nan	0.00	0.00	5.45	81.47	88.55	0.00	40	0	42	0.00	0.00	61.46	7.59	0.00	0.00	2000
233	11.32	2017	2139	0.00	199	0	0	0	nan	0.00	0.03	5.63	84.85	88.68	0.00	40	0	42	0.00	0.00	67.51	8.27	0.00	0.00	2000
227	11.26	2014	2098	0.00	196	0	0	0	nan	0.00	0.00	4.42	84.44	88.74	0.00	40	0	42	0.00	0.00	64.84	7.69	0.00	0.00	2000
229	11.14	2047	2108	0.00	195	0	0	0	nan	0.00	0.00	4.13	85.24	88.86	0.00	39	0	42	0.00	0.00	61.63	7.84	0.00	0.00	2000
227	11.17	2071	2064	0.00	195	0	0	0	nan	0.00	0.00	3.30	84.07	88.83	0.00	39	0	42	0.00	0.00	64.70	7.33	0.00	0.00	2000
228	11.15	2026	2120	0.00	194	0	0	0	nan	0.00	0.00	3.96	85.96	88.85	0.00	40	0	42	0.00	0.00	64.63	7.73	0.00	0.00	2000
230	11.17	2061	2094	0.00	197	0	0	0	nan	0.00	0.00	3.99	84.73	88.83	0.00	39	0	42	0.00	0.00	64.91	7.79	0.00	0.00	2000
229	11.11	2039	2122	0.00	196	0	0	0	nan	0.00	0.00	4.33	85.59	88.89	0.00	40	0	42	0.00	0.00	64.66	8.14	0.00	0.00	2000
228	11.12	2057	2092	1.09	195	0	0	11	14.77	0.00	0.02	3.27	85.46	88.88	0.00	39	0	42	0.00	0.00	67.54	7.62	0.00	0.00	2000
229	11.20	2051	2096	0.64	195	0	0	0	nan	0.00	0.00	3.46	85.30	88.80	0.00	40	0	42	0.00	0.00	62.11	7.37	0.00	0.00	2000
239	12.06	1993	2086	0.00	196	0	0	0	nan	0.00	0.01	3.75	83.80	87.94	0.00	40	0	42	0.00	0.00	64.98	7.66	0.00	0.00	2000
231	11.65	1957	2126	0.00	196	0	0	0	nan	0.00	0.00	4.73	84.93	88.35	0.00	40	0	42	0.00	0.00	67.48	8.13	0.00	0.00	2000
227	11.08	2061	2084	0.00	195	0	0	0	nan	0.00	0.00	2.88	85.58	88.92	0.00	40	0	42	0.00	0.00	62.26	7.36	0.00	0.00	2000
229	11.37	2000	2115	0.00	196	0	0	0	nan	0.00	0.00	4.30	85.11	88.63	0.00	40	0	42	0.00	0.00	66.97	7.98	0.00	0.00	2000
227	11.25	2027	2091	0.00	196	0	0	0	nan	0.00	0.02	3.21	85.32	88.75	0.00	40	0	42	0.00	0.00	62.28	7.47	0.00	0.00	2000
230	11.21	2044	2104	0.00	195	0	0	0	nan	0.00	0.00	3.68	85.33	88.79	0.00	40	0	42	0.00	0.00	64.17	7.60	0.00	0.00	2000
229	11.34	2049	2068	0.00	196	0	0	0	nan	0.00	0.00	3.92	83.56	88.66	0.00	40	0	42	0.00	0.00	64.94	7.52	0.00	0.00	2000
229	11.30	1990	2139	0.00	195	0	0	0	nan	0.00	0.00	4.06	86.53	88.70	0.00	40	0	42	0.00	0.00	64.50	7.83	0.00	0.00	2000
227	11.21	2034	2088	0.00	195	0	0	0	nan	0.00	0.01	3.09	85.38	88.79	0.00	40	0	42	0.00	0.00	64.35	7.70	0.00	0.00	2000
228	11.39	2022	2080	0.00	196	0	0	0	nan	0.00	0.00	3.72	84.17	88.61	0.00	40	0	42	0.00	0.00	64.06	7.62	0.00	0.00	2000
228	10.99	2083	2088	0.00	196	0	0	0	nan	0.00	0.00	3.80	84.84	89.01	0.00	39	0	42	0.00	0.00	64.90	7.87	0.00	0.00	2000
231	11.21	2036	2129	0.00	195	0	0	0	nan	0.00	0.00	4.53	85.64	88.79	0.00	40	0	42	0.00	0.00	64.77	7.69	0.00	0.00	2000
228	10.95	2099	2084	0.00	197	0	0	0	nan	0.00	0.00	4.19	84.33	89.05	0.00	40	0	42	0.00	0.00	65.00	7.56	0.00	0.00	2000
231	11.41	2020	2102	0.00	195	0	0	0	nan	0.00	0.00	4.92	83.85	88.59	0.00	39	0	42	0.00	0.00	65.01	7.84	0.00	0.00	2000
226	10.91	2086	2084	0.00	195	0	0	0	nan	0.00	0.00	4.25	84.36	89.09	0.00	40	0	42	0.00	0.00	64.24	7.66	0.00	0.00	2000
230	11.35	1996	2128	0.67	194	0	0	11	15.68	0.00	0.00	4.54	85.49	88.65	0.00	40	0	42	0.00	0.00	64.77	7.78	0.00	0.00	2000
229	11.29	2019	2110	1.04	194	0	0	1	89.34	0.00	0.00	4.02	85.26	88.71	0.00	40	0	42	0.00	0.00	65.00	7.60	0.00	0.00	2000
229	11.38	2005	2104	0.00	195	0	0	0	nan	0.00	0.00	3.75	85.19	88.62	0.00	40	0	42	0.00	0.00	64.64	7.84	0.00	0.00	2000
227	11.44	2004	2079	0.00	196	0	0	0	nan	0.00	0.00	3.32	84.57	88.56	0.00	39	0	42	0.00	0.00	64.66	7.77	0.00	0.00	2000
228	11.18	2022	2123	0.00	195	0	0	0	nan	0.00	0.00	4.83	85.11	88.82	0.00	40	0	42	0.00	0.00	64.92	7.66	0.00	0.00	2000
227	11.36	2006	2090	0.00	196	0	0	0	nan	0.00	0.00	3.17	85.18	88.64	0.00	40	0	42	0.00	0.00	64.31	7.64	0.00	0.00	2000
229	11.31	2041	2082	0.00	195	0	0	0	nan	0.00	0.00	3.51	84.61	88.69	0.00	40	0	42	0.00	0.00	64.55	7.74	0.00	0.00	2000
230	10.88	2123	2093	0.00	198	0	0	0	nan	0.00	0.00	4.91	84.05	89.12	0.00	40	0	42	0.00	0.00	65.40	7.78	0.00	0.00	2000
229	11.26	2000	2133	0.00	194	0	0	0	nan	0.00	0.00	4.06	86.22	88.74	0.00	40	0	42	0.00	0.00	64.43	7.89	0.00	0.00	2000
227	11.23	2056	2060	0.00	196	0	0	0	nan	0.00	0.00	2.66	84.61	88.77	0.00	40	0	42	0.00	0.00	64.62	7.75	0.00	0.00	2000
229	11.22	2003	2141	0.00	194	0	0	0	nan	0.00	0.00	4.14	86.52	88.78	0.00	40	0	42	0.00	0.00	64.71	7.72	0.00	0.00	2000
231	11.49	2043	2066	0.00	212	0	0	0	nan	0.00	0.00	6.87	80.34	88.51	0.00	40	0	42	0.00	0.00	64.75	7.83	0.00	0.00	2000
230	11.30	2018	2122	0.00	195	0	0	0	nan	0.00	0.00	5.38	84.41	88.70	0.00	40	0	42	0.00	0.00	64.86	7.83	0.00	0.00	2000
227	11.43	2007	2082	0.00	195	0	0	0	nan	0.00	0.00	3.90	84.01	88.57	0.00	40	0	42	0.00	0.00	64.64	7.69	0.00	0.00	2000
229	11.40	1993	2113	0.00	195	0	0	0	nan	0.00	0.00	4.28	85.09	88.60	0.00	40	0	42	0.00	0.00	61.46	7.83	0.00	0.00	2000
228	11.34	2026	2083	0.00	196	0	0	0	nan	0.00	0.00	3.93	84.19	88.66	0.00	40	0	42	0.00	0.00	67.33	7.65	0.00	0.00	2000
229	11.09	2026	2135	0.00	194	0	0	0	nan	0.00	0.00	4.25	86.36	88.91	0.00	40	0	42	0.00	0.00	64.78	7.75	0.00	0.00	2000
229	11.55	2025	2058	0.22	200	0	0	9	22.13	0.00	0.00	4.52	82.25	88.45	0.00	40	0	42	0.00	0.00	64.93	7.80	0.00	0.00	2000
230	10.94	2063	2137	1.42	198	0	0	4	43.39	0.00	0.00	3.95	86.80	89.06	0.00	40	0	42	0.00	0.00	65.11	7.80	0.00	0.00	2000
227	11.49	1978	2097	0.00	197	0	0	0	nan	0.00	0.00	4.03	84.56	88.51	0.00	40	0	42	0.00	0.00	64.92	7.75	0.00	0.00	2000
228	11.53	1989	2091	0.00	195	0	0	0	nan	0.00	0.00	3.49	84.76	88.47	0.00	40	0	42	0.00	0.00	64.94	7.78	0.00	0.00	2000
227	11.36	1996	2103	0.00	195	0	0	0	nan	0.00	0.00	3.38	85.62	88.64	0.00	40	0	42	0.00	0.00	64.78	7.81	0.00	0.00	2000
231	11.30	2045	2100	0.00	194	0	0	0	nan	0.00	0.00	3.48	85.32	88.70	0.00	40	0	42	0.00	0.00	64.57	7.91	0.00	0.00	2000
227	11.31	2027	2076	0.00	195	0	0	0	nan	0.00	0.00	3.54	84.26	88.69	0.00	40	0	42	0.00	0.00	64.59	7.74	0.00	0.00	2000
231	11.17	2058	2110	0.00	195	0	0	0	nan	0.00	0.00	4.78	84.51	88.83	0.00	40	0	42	0.00	0.00	65.06	7.82	0.00	0.00	2000
227	11.19	2015	2111	0.00	194	0	0	0	nan	0.00	0.00	4.67	84.84	88.81	0.00	40	0	42	0.00	0.00	64.23	7.92	0.00	0.00	2000
228	11.30	2007	2112	0.00	194	0	0	0	nan	0.00	0.00	3.95	85.36	88.70	0.00	40	0	42	0.00	0.00	64.75	7.77	0.00	0.00	2000
227	11.24	2050	2069	0.00	195	0	0	0	nan	0.00	0.00	3.55	83.95	88.76	0.00	40	0	42	0.00	0.00	64.61	7.77	0.00	0.00	2000
230	11.20	2034	2122	0.00	196	0	0	0	nan	0.00	0.00	5.69	84.26	88.80	0.00	39	0	42	0.00	0.00	64.69	7.90	0.00	0.00	2000
232	11.63	2013	2081	0.00	198	0	0	0	nan	0.00	0.03	4.34	83.37	88.37	0.00	40	0	42	0.00	0.00	65.05	8.01	0.00	0.00	2000
229	11.01	2069	2110	0.00	195	0	0	0	nan	0.00	0.00	4.74	84.80	88.99	0.00	40	0	42	0.00	0.00	65.02	7.92	0.00	0.00	2000
226	11.16	2040	2087	0.00	196	0	0	0	nan	0.00	0.00	4.35	84.09	88.84	0.00	40	0	42	0.00	0.00	64.59	8.01	0.00	0.00	2000
231	11.09	2050	2133	0.00	196	0	0	0	nan	0.00	0.01	4.86	85.61	88.91	0.00	40	0	42	0.00	0.00	64.54	7.85	0.00	0.00	2000
228	11.25	2056	2073	0.00	197	0	0	0	nan	0.00	0.00	3.34	84.37	88.75	0.00	40	0	42	0.00	0.00	65.24	7.81	0.00	0.00	2000
228	11.40	1997	2101	0.00	196	0	0	6	24.14	0.00	0.00	4.52	84.33	88.60	0.00	40	0	42	0.00	0.00	64.61	7.77	0.00	0.00	2000
228	11.30	2010	2104	1.60	195	0	0	6	26.94	0.00	0.00	4.19	84.89	88.70	0.00	40	0	42	0.00	0.00	64.66	7.82	0.00	0.00	2000
229	11.30	2015	2114	0.00	196	0	0	0	nan	0.00	0.00	4.51	84.92	88.70	0.00	40	0	42	0.00	0.00	64.80	7.88	0.00	0.00	2000
227	11.15	2062	2069	0.00	195	0	0	0	nan	0.00	0.00	3.86	83.82	88.85	0.00	40	0	42	0.00	0.00	62.16	7.45	0.00	0.00	2000
232	11.42	1988	2141	0.00	198	0	0	0	nan	0.00	0.00	6.50	84.00	88.58	0.00	39	0	42	0.00	0.00	67.61	8.14	0.00	0.00	2000
227	11.24	2060	2060	0.00	196	0	0	0	nan	0.00	0.00	3.70	83.49	88.76	0.00	40	0	42	0.00	0.00	62.40	7.64	0.00	0.00	2000
228	11.02	2042	2133	0.00	195	0	0	0	nan	0.00	0.00	4.74	85.78	88.98	0.00	40	0	42	0.00	0.00	67.50	8.17	0.00	0.00	2000
227	11.43	2013	2072	0.00	196	0	0	0	nan	0.00	0.04	3.56	83.88	88.57	0.00	40	0	42	0.00	0.00	61.86	7.35	0.00	0.00	2000
229	11.10	2049	2113	0.00	195	0	0	0	nan	0.00	0.00	4.32	85.26	88.90	0.00	40	0	42	0.00	0.00	67.50	8.21	0.00	0.00	2000
230	11.26	2036	2102	0.00	197	0	0	0	nan	0.00	0.00	4.78	84.21	88.74	0.00	40	0	42	0.00	0.00	64.40	7.72	0.00	0.00	2000
228	11.34	2002	2112	0.00	196	0	0	0	nan	0.00	0.00	4.08	85.29	88.66	0.00	40	0	42	0.00	0.00	64.48	7.69	0.00	0.00	2000
227	11.27	2016	2098	0.00	195	0	0	0	nan	0.00	0.00	3.38	85.43	88.73	0.00	40	0	42	0.00	0.00	62.37	7.41	0.00	0.00	2000
228	11.56	1994	2081	0.00	194	0	0	0	nan	0.00	0.00	3.67	84.15	88.44	0.00	40	0	42	0.00	0.00	64.36	7.92	0.00	0.00	2000
226	11.18	2011	2115	0.00	194	0	0	0	nan	0.00	0.00	4.26	85.37	88.82	0.00	40	0	42	0.00	0.00	64.91	7.87	0.00	0.00	2000
228	11.59	1974	2094	0.00	194	0	0	0	nan	0.00	0.00	3.83	84.53	88.41	0.00	40	0	42	0.00	0.00	64.60	7.74	0.00	0.00	2000
231	11.36	2050	2084	0.00	204	0	0	0	nan	0.00	0.00	6.33	81.83	88.64	0.00	40	0	42	0.00	0.00	61.56	7.55	0.00	0.00	2000
229	11.16	2026	2122	0.00	198	0	0	0	nan	0.00	0.00	7.28	82.66	88.84	0.00	40	0	42	0.00	0.00	70.09	8.17	0.00	0.00	2000
227	11.38	2014	2082	0.00	198	0	0	4	30.70	0.00	0.03	5.32	82.71	88.62	0.00	40	0	42	0.00	0.00	59.22	7.41	0.00	0.00	2000
229	11.05	2044	2133	1.66	198	0	0	9	25.76	0.00	0.00	4.70	85.73	88.95	0.00	40	0	42	0.00	0.00	67.65	8.15	0.00	0.00	2000
228	11.20	2045	2090	0.00	200	0	0	0	nan	0.00	0.03	3.33	85.22	88.80	0.00	39	0	42	0.00	0.00	64.79	7.67	0.00	0.00	2000
232	11.46	2036	2086	0.00	204	0	0	0	nan	0.00	0.01	5.11	83.01	88.54	0.00	39	0	42	0.00	0.00	64.54	7.92	0.00	0.00	2000
228	11.08	2040	2114	0.00	200	0	0	0	nan	0.00	0.01	7.28	82.42	88.92	0.00	39	0	42	0.00	0.00	64.91	7.87	0.00	0.00	2000
230	11.34	2018	2108	0.00	199	0	0	0	nan	0.00	0.00	5.60	83.59	88.66	0.00	40	0	42	0.00	0.00	64.58	7.88	0.00	0.00	2000
228	11.41	2028	2073	0.00	201	0	0	0	nan	0.00	0.00	5.45	82.14	88.59	0.00	40	0	42	0.00	0.00	64.82	7.34	0.00	0.00	2000
231	11.42	2001	2122	0.00	200	0	0	0	nan	0.00	0.00	6.79	82.88	88.58	0.00	40	0	42	0.00	0.00	64.74	8.16	0.00	0.00	2000
230	11.73	1997	2065	0.00	205	0	0	0	nan	0.00	0.00	5.84	81.19	88.27	0.00	40	0	42	0.00	0.00	61.50	7.52	0.00	0.00	2000
229	11.23	2012	2128	0.00	198	0	0	0	nan	0.00	0.00	6.56	83.61	88.77	0.00	39	0	42	0.00	0.00	67.66	8.09	0.00	0.00	2000
228	11.24	2020	2107	0.00	199	0	0	0	nan	0.00	0.00	5.92	83.35	88.76	0.00	40	0	42	0.00	0.00	64.85	7.87	0.00	0.00	2000
229	11.27	2021	2107	0.00	198	0	0	0	nan	0.00	0.00	5.22	84.02	88.73	0.00	40	0	42	0.00	0.00	64.22	7.77	0.00	0.00	2000
227	11.29	2042	2068	0.00	199	0	0	0	nan	0.00	0.00	4.59	82.89	88.71	0.00	40	0	42	0.00	0.00	61.89	7.67	0.00	0.00	2000
231	11.23	2061	2098	0.00	201	0	0	0	nan	0.00	0.03	6.66	82.17	88.77	0.00	40	0	42	0.00	0.00	64.25	7.86	0.00	0.00	2000
234	11.36	2042	2115	0.00	201	0	0	0	nan	0.00	0.02	4.34	85.14	88.64	0.00	40	0	42	0.00	0.00	67.86	8.24	0.00	0.00	2000
229	11.57	1977	2103	0.00	199	0	0	0	nan	0.00	0.00	6.39	82.36	88.43	0.00	40	0	42	0.00	0.00	58.71	7.65	0.00	0.00	2000
227	11.43	2012	2073	0.00	200	0	0	0	nan	0.00	0.00	6.29	81.33	88.57	0.00	40	0	42	0.00	0.00	66.96	7.70	0.00	0.00	2000
230	10.87	2076	2144	0.00	198	0	0	0	97.58	0.00	0.00	5.72	85.44	89.13	0.00	40	0	42	0.00	0.00	67.75	8.18	0.00	0.00	2000
230	11.42	2019	2096	1.45	198	0	0	11	18.18	0.00	0.01	5.85	82.72	88.58	0.00	40	0	42	0.00	0.00	65.00	7.67	0.00	0.00	2000
232	11.79	1976	2087	0.23	195	0	0	0	nan	0.00	0.00	3.95	83.93	88.21	0.00	40	0	42	0.00	0.00	61.53	7.47	0.00	0.00	2000
228	11.41	2004	2092	0.00	198	0	0	0	nan	0.00	0.00	5.35	83.10	88.59	0.00	40	0	42	0.00	0.00	65.24	7.63	0.00	0.00	2000
229	11.14	2034	2124	0.00	196	0	0	0	nan	0.00	0.00	4.51	85.48	88.86	0.00	40	0	42	0.00	0.00	67.55	8.08	0.00	0.00	2000
227	11.32	2048	2057	0.00	196	0	0	0	nan	0.00	0.00	2.73	84.18	88.68	0.00	40	0	42	0.00	0.00	61.73	7.44	0.00	0.00	2000
230	11.21	2027	2123	0.00	195	0	0	0	nan	0.00	0.00	4.14	85.84	88.79	0.00	40	0	42	0.00	0.00	64.74	7.89	0.00	0.00	2000
229	11.19	2047	2104	0.00	195	0	0	0	nan	0.00	0.00	4.65	84.56	88.81	0.00	40	0	42	0.00	0.00	64.44	7.84	0.00	0.00	2000
228	11.60	1975	2088	0.00	194	0	0	0	nan	0.00	0.00	3.81	84.28	88.40	0.00	40	0	42	0.00	0.00	64.15	7.74	0.00	0.00	2000
227	11.02	2047	2118	0.00	196	0	0	0	nan	0.00	0.00	4.55	85.39	88.98	0.00	40	0	42	0.00	0.00	64.98	7.78	0.00	0.00	2000
228	11.23	2024	2109	0.00	196	0	0	0	nan	0.00	0.00	3.42	85.95	88.77	0.00	39	0	42	0.00	0.00	67.37	8.18	0.00	0.00	2000
228	11.16	2082	2059	0.00	198	0	0	0	nan	0.00	0.00	4.25	83.04	88.84	0.00	40	0	42	0.00	0.00	61.52	7.59	0.00	0.00	2000
230	11.34	2003	2130	0.00	197	0	0	0	nan	0.00	0.00	3.80	86.32	88.66	0.00	40	0	42	0.00	0.00	64.87	7.92	0.00	0.00	2000
227	11.29	2016	2092	0.00	195	0	0	0	nan	0.00	0.00	3.13	85.42	88.71	0.00	39	0	42	0.00	0.00	64.00	8.15	0.00	0.00	2000
230	11.41	2009	2106	0.00	196	0	0	0	nan	0.00	0.00	4.51	84.50	88.59	0.00	40	0	42	0.00	0.00	64.83	7.85	0.00	0.00	2000
226	11.27	2036	2072	0.00	196	0	0	0	nan	0.00	0.00	4.01	83.74	88.73	0.00	40	0	42	0.00	0.00	64.64	7.96	0.00	0.00	2000
228	11.05	2027	2141	0.00	195	0	0	0	nan	0.00	0.00	4.25	86.58	88.95	0.00	40	0	42	0.00	0.00	64.86	7.82	0.00	0.00	2000
228	11.44	1999	2095	0.00	197	0	0	0	nan	0.00	0.00	3.46	85.05	88.56	0.00	40	0	42	0.00	0.00	64.65	7.92	0.00	0.00	2000
233	11.25	2071	2098	1.05	197	0	0	12	13.16	0.01	0.00	3.95	84.84	88.75	0.00	39	0	42	0.00	0.00	64.83	7.84	0.00	0.00	2000
228	11.26	2055	2071	0.63	194	0	0	0	nan	0.00	0.00	3.42	84.21	88.74	0.00	40	0	42	0.00	0.00	64.89	7.76	0.00	0.00	2000
229	11.05	2040	2134	0.00	196	0	0	0	nan	0.00	0.00	4.68	85.93	88.95	0.00	40	0	42	0.00	0.00	64.87	7.95	0.00	0.00	2000
227	11.15	2049	2088	0.00	196	0	0	0	nan	0.00	0.03	3.30	85.20	88.85	0.00	40	0	42	0.00	0.00	64.76	7.86	0.00	0.00	2000
232	11.24	2077	2083	0.00	197	0	0	0	nan	0.00	0.02	4.37	83.75	88.76	0.00	40	0	42	0.00	0.00	65.18	7.80	0.00	0.00	2000
227	11.01	2057	2107	0.00	195	0	0	0	nan	0.00	0.00	4.00	85.45	88.99	0.00	40	0	42	0.00	0.00	64.91	7.77	0.00	0.00	2000
228	11.39	2005	2100	0.00	195	0	0	0	nan	0.00	0.00	4.32	84.45	88.61	0.00	40	0	42	0.00	0.00	65.25	7.83	0.00	0.00	2000
228	11.24	2041	2082	0.00	195	0	0	0	nan	0.00	0.00	4.39	83.78	88.76	0.00	40	0	42	0.00	0.00	64.69	7.60	0.00	0.00	2000
229	11.15	2023	2136	0.00	195	0	0	0	nan	0.00	0.00	4.50	86.03	88.85	0.00	40	0	42	0.00	0.00	64.73	7.70	0.00	0.00	2000
226	11.44	2000	2076	0.00	196	0	0	0	nan	0.00	0.00	3.46	84.27	88.56	0.00	39	0	42	0.00	0.00	64.49	7.57	0.00	0.00	2000
231	11.24	2026	2127	0.00	195	0	0	0	nan	0.00	0.00	4.80	85.23	88.76	0.00	39	0	42	0.00	0.00	64.76	7.49	0.00	0.00	2000
229	11.17	2067	2079	0.00	197	0	0	0	nan	0.00	0.00	3.19	84.85	88.83	0.00	39	0	42	0.00	0.00	65.07	7.35	0.00	0.00	2000
228	11.00	2066	2112	0.00	195	0	0	0	nan	0.00	0.00	3.43	86.15	89.00	0.00	39	0	42	0.00	0.00	65.25	8.20	0.00	0.00	2000
230	11.32	2021	2108	0.00	198	0	0	0	nan	0.00	0.00	4.46	84.74	88.68	0.00	40	0	42	0.00	0.00	66.08	7.82	0.00	0.00	2000
229	11.24	2025	2113	0.00	195	0	0	0	nan	0.00	0.00	4.16	85.31	88.76	0.00	40	0	42	0.00	0.00	66.01	7.77	0.00	0.00	2000
230	10.95	2098	2099	0.00	195	0	0	0	nan	0.00	0.01	3.70	85.48	89.05	0.00	40	0	42	0.00	0.00	62.77	7.31	0.00	0.00	2000
228	11.39	2002	2099	0.00	195	0	0	0	nan	0.00	0.00	2.76	86.01	88.61	0.00	40	0	42	0.00	0.00	65.49	7.52	0.00	0.00	2000
225	11.13	2083	2039	0.55	196	0	0	5	37.40	0.00	0.00	3.01	83.39	88.87	0.00	40	0	42	0.00	0.00	62.81	7.12	0.00	0.00	2000
231	11.08	2022	2167	0.99	195	0	0	2	86.41	0.00	0.00	1.78	90.10	88.92	0.00	40	0	42	0.00	0.00	65.32	8.13	0.00	0.00	2000
224	11.27	2057	2026	0.00	194	0	0	0	nan	0.00	0.02	3.27	82.45	88.73	0.00	39	0	42	0.00	0.00	60.54	7.09	0.00	0.00	2000
232	11.03	2101	2098	0.00	195	0	0	0	nan	0.00	0.00	2.05	86.93	88.97	0.00	39	0	42	0.00	0.00	66.19	7.99	0.00	0.00	2000
229	10.99	2033	2157	0.00	195	0	0	0	nan	0.00	0.02	3.37	88.25	89.01	0.00	40	0	42	0.00	0.00	67.84	8.18	0.00	0.00	2000
229	11.30	2017	2107	0.00	194	0	0	0	nan	0.00	0.00	3.76	85.44	88.70	0.00	40	0	42	0.00	0.00	64.87	7.58	0.00	0.00	2000
227	11.51	1981	2089	0.00	195	0	0	0	nan	0.00	0.00	3.50	84.63	88.49	0.00	40	0	42	0.00	0.00	64.90	7.58	0.00	0.00	2000
228	11.22	2038	2098	0.00	194	0	0	0	nan	0.00	0.00	3.46	85.41	88.78	0.00	40	0	42	0.00	0.00	63.97	7.52	0.00	0.00	2000
229	11.32	2046	2078	0.00	196	0	0	0	nan	0.00	0.00	4.14	83.81	88.68	0.00	40	0	42	0.00	0.00	64.47	7.49	0.00	0.00	2000
229	10.87	2073	2136	0.00	195	0	0	0	nan	0.00	0.00	4.27	86.55	89.13	0.00	41	0	42	0.00	0.00	64.77	7.47	0.00	0.00	2000
219	10.96	2028	2070	0.00	197	0	0	0	nan	0.00	0.01	3.82	84.10	89.04	0.00	38	0	42	0.00	0.00	55.79	6.55	0.00	0.00	2000
231	10.83	2091	2146	0.00	250	0	0	0	nan	0.00	0.01	4.13	87.07	89.17	0.00	38	0	42	0.00	0.00	77.34	8.51	0.00	0.00	2000
229	11.17	2081	2071	0.00	213	0	0	0	nan	0.00	0.02	3.61	84.10	88.83	0.00	39	0	42	0.00	0.00	63.57	7.36	0.00	0.00	2000
230	11.02	2069	2117	0.00	202	0	0	0	nan	0.00	0.00	3.88	85.96	88.98	0.00	40	0	42	0.00	0.00	65.97	8.11	0.00	0.00	2000
225	10.86	2084	2090	0.00	235	0	0	0	nan	0.00	0.02	3.15	85.65	89.14	0.00	40	0	42	0.00	0.00	67.16	9.26	0.00	0.00	2000
233	10.96	2097	2130	0.00	203	0	0	0	nan	0.01	0.00	4.04	86.38	89.04	0.00	40	0	42	0.00	0.00	68.62	9.23	0.00	0.00	2000
229	10.85	2123	2092	0.00	215	0	0	0	nan	0.00	0.02	5.62	83.29	89.15	0.00	41	0	42	0.00	0.00	67.15	9.15	0.00	0.00	2000
227	10.87	2110	2079	1.12	204	0	0	32	4.58	0.00	0.00	3.61	84.62	89.13	0.00	41	0	42	0.00	0.00	65.74	8.97	0.00	0.00	2000
225	10.70	2102	2103	0.05	203	0	0	0	nan	0.00	0.00	3.27	86.21	89.30	0.00	40	0	42	0.00	0.00	67.21	9.16	0.00	0.00	2000
225	10.97	2062	2091	0.00	235	0	0	0	nan	0.00	0.02	3.26	85.42	89.03	0.00	41	0	42	0.00	0.00	66.71	9.17	0.00	0.00	2000
233	11.14	2054	2135	0.00	230	0	0	0	nan	0.00	0.00	4.57	85.85	88.86	0.00	40	0	42	0.00	0.00	68.58	9.45	0.00	0.00	2000
227	10.66	2142	2090	0.00	203	0	0	0	nan	0.00	0.00	3.83	85.20	89.34	0.00	41	0	42	0.00	0.00	66.27	9.14	0.00	0.00	2000
225	10.75	2119	2076	0.00	204	0	0	0	nan	0.00	0.02	3.53	84.75	89.25	0.00	41	0	42	0.00	0.00	62.45	8.61	0.00	0.00	2000
232	10.74	2130	2125	0.00	205	0	0	0	nan	0.01	0.02	4.34	86.01	89.26	0.00	41	0	42	0.00	0.00	71.68	9.31	0.00	0.00	2000
225	11.04	2060	2073	0.00	204	0	0	0	nan	0.00	0.02	3.48	84.40	88.96	0.00	41	0	42	0.00	0.00	65.43	9.06	0.00	0.00	2000
231	11.01	2083	2111	0.00	229	0	0	0	nan	0.01	0.00	3.47	86.01	88.99	0.00	41	0	42	0.00	0.00	67.56	9.73	0.00	0.00	2000
231	10.95	2084	2128	0.00	203	0	0	0	nan	0.00	0.02	3.23	86.99	89.05	0.00	41	0	42	0.00	0.00	65.14	9.11	0.00	0.00	2000
225	10.70	2138	2068	0.00	202	0	0	0	nan	0.00	0.00	3.81	84.16	89.30	0.00	41	0	42	0.00	0.00	65.32	8.91	0.00	0.00	2000
225	10.82	2084	2101	0.00	204	0	0	0	nan	0.00	0.00	3.69	85.61	89.18	0.00	41	0	42	0.00	0.00	67.44	9.08	0.00	0.00	2000
231	10.86	2120	2103	0.00	230	0	0	0	nan	0.00	0.00	3.62	85.69	89.14	0.00	41	0	42	0.00	0.00	67.29	9.16	0.00	0.00	2000
227	10.84	2087	2107	0.00	219	0	0	0	nan	0.00	0.02	3.41	86.10	89.16	0.00	41	0	42	0.00	0.00	67.04	8.70	0.00	0.00	2000
226	11.18	2039	2084	0.00	218	0	0	0	nan	0.00	0.00	2.75	85.46	88.82	0.00	41	0	42	0.00	0.00	63.87	7.54	0.00	0.00	2000
231	11.06	2055	2135	0.00	205	0	0	0	nan	0.00	0.00	4.47	86.09	88.94	0.00	41	0	42	0.00	0.00	66.05	7.65	0.00	0.00	2000
225	11.10	2065	2066	0.12	213	0	0	13	15.44	0.00	0.00	3.86	83.72	88.90	0.00	41	0	42	0.00	0.00	63.87	7.55	0.00	0.00	2000
233	11.06	2071	2135	0.85	203	0	0	21	13.66	0.00	0.02	4.32	86.23	88.94	0.00	41	0	42	0.00	0.00	68.73	9.31	0.00	0.00	2000
226	10.80	2118	2075	0.00	204	0	0	0	nan	0.00	0.00	3.65	84.57	89.20	0.00	40	0	43	0.00	0.00	65.14	8.37	0.00	0.00	2000
236	11.03	2113	2128	0.00	207	0	0	0	nan	0.00	0.01	5.73	84.48	88.97	0.00	40	0	42	0.00	0.00	67.06	7.98	0.00	0.00	2000
224	10.90	2094	2063	0.00	202	0	0	0	nan	0.00	0.00	5.23	82.32	89.10	0.00	40	0	42	0.00	0.00	63.45	7.61	0.00	0.00	2000
232	11.01	2099	2108	0.00	200	0	0	0	nan	0.00	0.00	4.49	84.92	88.99	0.00	40	0	42	0.00	0.00	65.89	7.69	0.00	0.00	2000
234	11.16	2063	2131	0.00	212	0	0	0	nan	0.00	0.02	3.72	86.53	88.84	0.00	40	0	42	0.00	0.00	67.18	7.66	0.00	0.00	2000
226	11.15	2048	2078	0.00	199	0	0	0	nan	0.00	0.00	3.99	84.12	88.85	0.00	39	0	42	0.00	0.00	62.15	7.39	0.00	0.00	2000
121	8.91	1376	2069	0.00	241	0	0	0	nan	0.00	0.10	7.21	82.70	91.09	0.00	37	0	42	0.00	0.00	60.21	7.48	0.00	0.00	2000
75	7.58	981	2118	0.00	193	0	0	0	nan	0.00	0.02	1.54	91.94	92.42	0.00	37	0	42	0.00	0.00	57.98	7.51	0.00	0.00	2000
74	6.96	1042	2131	0.00	209	0	0	0	nan	0.00	0.03	3.92	90.65	93.04	0.00	37	0	42	0.00	0.00	60.26	7.69	0.00	0.00	2000
72	6.83	1061	2099	0.00	193	0	0	0	nan	0.00	0.00	3.32	89.93	93.17	0.00	37	0	42	0.00	0.00	57.39	7.36	0.00	0.00	2000
144	10.23	1418	2092	0.00	49	0	0	0	nan	0.00	0.07	14.93	74.77	89.77	0.00	37	0	42	0.00	0.00	62.07	7.54	0.00	0.00	2000
