Avg_MHz	Busy%	Bzy_MHz	TSC_MHz	IPC	IRQ	NMI	SMI	LLCMRPS	LLC%hit	POLL%	C1%	C1E%	C6%	CPU%c1	CPU%c6	CoreTmp	CoreThr	PkgTmp	Pkg%pc2	Pkg%pc6	PkgWatt	RAMWatt	PKG_%	RAM_%	UncMHz
372	17.74	2052	2147	0.00	294	0	0	0	nan	0.00	0.19	30.13	53.89	82.26	0.00	37	0	42	0.00	0.00	68.08	7.93	0.00	0.00	2000
428	19.37	2227	2083	0.00	244	0	0	0	nan	0.02	1.27	14.62	64.27	80.63	0.00	37	0	42	0.00	0.00	66.45	7.70	0.00	0.00	2000
79	6.74	1146	2142	0.00	211	0	0	0	nan	0.00	0.03	6.76	88.37	93.26	0.00	37	0	42	0.00	0.00	61.26	7.94	0.00	0.00	2000
73	6.49	1123	2101	0.00	193	0	0	0	nan	0.00	0.00	3.46	89.99	93.51	0.00	37	0	42	0.00	0.00	54.26	6.84	0.00	0.00	2000
74	6.44	1153	2103	0.00	193	0	0	0	nan	0.00	0.00	3.68	89.89	93.56	0.00	37	0	42	0.00	0.00	63.74	7.89	0.00	0.00	2000
70	6.40	1115	2070	0.00	193	0	0	0	nan	0.00	0.00	3.22	89.05	93.60	0.00	37	0	42	0.00	0.00	54.74	6.85	0.00	0.00	2000
73	6.83	1060	2105	0.00	194	0	0	0	nan	0.00	0.00	1.61	91.77	93.17	0.00	37	0	42	0.00	0.00	59.67	7.36	0.00	0.00	2000
72	6.65	1074	2112	0.00	193	0	0	0	nan	0.00	0.00	3.57	90.35	93.35	0.00	37	0	42	0.00	0.00	58.92	7.61	0.00	0.00	2000
73	6.83	1057	2116	0.00	211	0	0	0	nan	0.00	0.02	3.39	90.47	93.17	0.00	37	0	42	0.00	0.00	57.59	7.22	0.00	0.00	2000
70	6.78	1048	2069	0.00	194	0	0	0	nan	0.00	0.00	3.28	88.68	93.22	0.00	37	0	42	0.00	0.00	57.62	7.42	0.00	0.00	2000
73	6.80	1064	2110	0.00	194	0	0	0	nan	0.00	0.00	1.70	91.96	93.20	0.00	37	0	42	0.00	0.00	59.45	7.54	0.00	0.00	2000
71	6.72	1064	2095	0.00	193	0	0	0	nan	0.00	0.02	3.21	89.83	93.28	0.00	37	0	42	0.00	0.00	57.93	7.32	0.00	0.00	2000
77	7.44	1037	2099	0.00	212	0	0	0	nan	0.00	0.01	4.40	88.15	92.56	0.00	37	0	42	0.00	0.00	58.15	7.39	0.00	0.00	2000
74	6.56	1123	2110	0.00	197	0	0	0	nan	0.00	0.01	2.61	91.30	93.44	0.00	37	0	42	0.00	0.00	61.28	7.56	0.00	0.00	2000
74	6.46	1150	2101	0.00	194	0	0	0	nan	0.00	0.02	2.22	91.36	93.54	0.00	37	0	42	0.00	0.00	58.18	7.74	0.00	0.00	2000
71	6.33	1127	2103	0.00	192	0	0	1	88.94	0.00	0.03	2.33	91.40	93.67	0.00	37	0	42	0.00	0.00	54.18	6.88	0.00	0.00	2000
75	6.66	1122	2112	0.08	194	0	0	1	86.88	0.00	0.00	2.64	91.22	93.34	0.00	37	0	42	0.00	0.00	58.69	7.42	0.00	0.00	2000
70	6.60	1080	2076	0.00	193	0	0	0	nan	0.00	0.02	2.80	89.57	93.40	0.00	37	0	42	0.00	0.00	57.25	7.22	0.00	0.00	2000
195	9.73	1988	2123	0.00	217	0	0	0	nan	0.00	1.05	3.84	86.49	90.27	0.00	38	0	42	0.00	0.00	68.41	8.33	0.00	0.00	2000
233	11.42	2038	2105	0.00	205	0	0	0	nan	0.00	0.00	4.39	84.51	88.58	0.00	39	0	42	0.00	0.00	64.84	7.39	0.00	0.00	2000
226	11.16	2057	2070	0.00	214	0	0	0	nan	0.00	0.00	3.27	84.41	88.84	0.00	40	0	42	0.00	0.00	63.66	7.44	0.00	0.00	2000
231	11.18	2053	2116	0.00	219	0	0	0	nan	0.00	0.00	4.19	85.46	88.82	0.00	40	0	42	0.00	0.00	64.63	7.51	0.00	0.00	2000
239	11.36	2096	2106	0.00	180	0	0	0	nan	0.00	0.00	7.34	81.65	88.64	0.00	38	0	42	0.00	0.00	64.90	7.76	0.00	0.00	2000
215	11.58	2060	1895	0.00	201	0	0	0	nan	0.00	0.00	5.40	74.61	88.42	0.00	38	0	42	0.00	0.00	55.17	6.77	0.00	0.00	2000
235	10.63	1991	2336	0.00	251	0	0	0	nan	0.00	0.00	8.92	90.51	89.37	0.00	37	0	42	0.00	0.00	75.67	9.18	0.00	0.00	2000
233	11.26	2062	2107	0.00	198	0	0	0	nan	0.00	0.00	6.38	82.69	88.74	0.00	37	0	42	0.00	0.00	65.28	8.10	0.00	0.00	2000
229	10.70	2149	2090	0.00	199	0	0	0	nan	0.00	0.00	4.36	84.57	89.30	0.00	38	0	42	0.00	0.00	66.31	7.75	0.00	0.00	2000
231	10.92	2109	2110	0.00	200	0	0	0	nan	0.00	0.00	4.05	85.41	89.08	0.00	38	0	42	0.00	0.00	65.97	7.54	0.00	0.00	2000
234	11.39	2049	2101	0.00	198	0	0	0	nan	0.01	0.56	4.26	83.88	88.61	0.00	38	0	42	0.00	0.00	64.93	7.42	0.00	0.00	2000
229	10.99	2090	2096	0.00	204	0	0	0	nan	0.00	0.06	5.65	83.23	89.01	0.00	38	0	42	0.00	0.00	63.10	7.32	0.00	0.00	2000
228	10.82	2111	2097	0.00	198	0	0	0	nan	0.00	0.52	4.62	83.98	89.18	0.00	38	0	42	0.00	0.00	65.51	7.57	0.00	0.00	2000
227	11.20	2050	2072	0.00	199	0	0	0	nan	0.00	0.01	4.68	83.11	88.80	0.00	38	0	42	0.00	0.00	62.99	7.21	0.00	0.00	2000
229	11.27	2031	2103	0.00	214	0	0	13	86.68	0.00	0.00	4.68	84.34	88.73	0.00	39	0	42	0.00	0.00	67.19	7.58	0.00	0.00	2000
239	11.42	2077	2119	0.47	206	0	0	11	51.28	0.00	0.03	8.26	81.25	88.58	0.00	38	0	42	0.00	0.00	66.00	7.70	0.00	0.00	2000
234	11.14	2096	2108	0.00	200	0	0	0	nan	0.00	0.00	5.29	83.99	88.86	0.00	38	0	42	0.00	0.00	64.50	7.39	0.00	0.00	2000
231	11.60	2025	2066	0.00	203	0	0	0	nan	0.00	0.00	7.01	80.07	88.40	0.00	38	0	42	0.00	0.00	63.48	7.47	0.00	0.00	2000
228	11.20	2054	2086	0.00	199	0	0	0	nan	0.00	0.01	5.17	83.10	88.80	0.00	37	0	42	0.00	0.00	64.49	8.06	0.00	0.00	2000
233	11.21	2030	2150	0.00	214	0	0	0	nan	0.00	0.02	6.54	84.45	88.79	0.00	38	0	42	0.00	0.00	68.23	8.18	0.00	0.00	2000
236	11.47	2057	2100	0.00	203	0	0	0	nan	0.00	0.00	5.13	83.45	88.53	0.00	38	0	42	0.00	0.00	64.08	7.76	0.00	0.00	2000
232	11.28	2052	2105	0.00	200	0	0	0	nan	0.01	0.03	3.71	85.27	88.72	0.00	38	0	42	0.00	0.00	66.00	8.05	0.00	0.00	2000
231	10.93	2126	2087	0.00	198	0	0	0	nan	0.00	0.00	4.40	84.15	89.07	0.00	38	0	42	0.00	0.00	65.63	7.76	0.00	0.00	2000
231	11.37	2024	2111	0.00	199	0	0	0	nan	0.00	0.52	5.75	82.97	88.63	0.00	38	0	42	0.00	0.00	65.66	7.95	0.00	0.00	2000
230	11.31	2036	2095	0.00	199	0	0	0	nan	0.00	0.00	6.15	82.50	88.69	0.00	38	0	42	0.00	0.00	64.39	7.80	0.00	0.00	2000
232	11.61	2003	2099	0.00	204	0	0	0	nan	0.00	0.00	6.63	81.82	88.39	0.00	38	0	42	0.00	0.00	64.92	7.84	0.00	0.00	2000
230	11.38	2021	2104	0.00	199	0	0	0	nan	0.00	0.00	6.47	82.36	88.62	0.00	39	0	42	0.00	0.00	65.09	7.55	0.00	0.00	2000
227	11.04	2076	2084	0.00	197	0	0	0	nan	0.00	0.00	6.23	82.14	88.96	0.00	39	0	42	0.00	0.00	64.70	7.49	0.00	0.00	2000
229	11.02	2072	2106	0.00	198	0	0	0	nan	0.00	0.00	6.07	83.23	88.98	0.00	39	0	42	0.00	0.00	65.71	7.51	0.00	0.00	2000
230	11.17	2058	2105	0.00	199	0	0	0	nan	0.00	0.00	6.52	82.62	88.83	0.00	39	0	42	0.00	0.00	65.18	7.79	0.00	0.00	2000
232	11.37	2040	2102	0.00	201	0	0	0	nan	0.00	0.00	6.63	82.13	88.63	0.00	39	0	42	0.00	0.00	64.35	7.30	0.00	0.00	2000
228	11.06	2061	2101	0.00	200	0	0	2	88.89	0.00	0.00	6.81	82.23	88.94	0.00	39	0	42	0.00	0.00	65.21	7.41	0.00	0.00	2000
237	11.57	2059	2090	0.66	198	0	0	6	80.90	0.00	0.00	6.43	81.70	88.43	0.00	39	0	42	0.00	0.00	64.79	7.36	0.00	0.00	2000
231	10.94	2100	2107	0.00	198	0	0	0	nan	0.01	0.01	4.40	84.98	89.06	0.00	39	0	42	0.00	0.00	64.85	7.37	0.00	0.00	2000
228	10.62	2160	2089	0.00	199	0	0	0	nan	0.00	0.00	5.80	83.22	89.38	0.00	39	0	42	0.00	0.00	64.32	7.35	0.00	0.00	2000
233	11.51	2022	2105	0.00	203	0	0	0	nan	0.00	0.00	7.61	81.20	88.49	0.00	39	0	42	0.00	0.00	65.35	7.37	0.00	0.00	2000
229	11.27	2026	2104	0.00	203	0	0	0	nan	0.00	0.00	7.99	80.99	88.73	0.00	39	0	42	0.00	0.00	64.29	7.30	0.00	0.00	2000
230	10.67	2151	2103	0.00	198	0	0	0	nan	0.00	0.03	4.54	84.85	89.33	0.00	39	0	42	0.00	0.00	65.90	7.64	0.00	0.00	2000
230	11.10	2071	2103	0.00	200	0	0	0	nan	0.00	0.00	6.50	82.68	88.90	0.00	39	0	42	0.00	0.00	61.95	7.45	0.00	0.00	2000
224	11.08	2059	2066	0.00	195	0	0	0	nan	0.00	0.00	5.86	81.63	88.92	0.00	39	0	42	0.00	0.00	66.30	7.14	0.00	0.00	2000
233	11.34	2045	2110	0.00	198	0	0	0	nan	0.00	0.00	5.42	83.73	88.66	0.00	39	0	42	0.00	0.00	62.88	7.28	0.00	0.00	2000
227	10.71	2128	2091	0.00	203	0	0	0	nan	0.00	0.02	3.67	85.25	89.29	0.00	39	0	42	0.00	0.00	65.05	7.94	0.00	0.00	2000
232	10.85	2112	2122	0.00	199	0	0	0	nan	0.00	0.03	3.60	86.54	89.15	0.00	39	0	42	0.00	0.00	65.34	7.64	0.00	0.00	2000
231	11.24	2080	2075	0.00	198	0	0	0	nan	0.00	0.00	5.30	82.50	88.76	0.00	39	0	43	0.00	0.00	65.44	7.68	0.00	0.00	2000
229	10.85	2073	2138	0.00	214	0	0	0	nan	0.00	0.00	5.65	85.13	89.15	0.00	39	0	42	0.00	0.00	68.06	7.80	0.00	0.00	2000
230	11.30	2035	2097	0.00	198	0	0	0	nan	0.00	0.00	5.49	83.22	88.70	0.00	39	0	42	0.00	0.00	64.90	7.50	0.00	0.00	2000
231	11.25	2057	2099	0.00	204	0	0	0	nan	0.00	0.02	6.48	82.29	88.75	0.00	39	0	42	0.00	0.00	61.49	7.36	0.00	0.00	2000
227	11.07	2070	2083	0.00	198	0	0	0	nan	0.00	0.47	5.97	81.87	88.93	0.00	39	0	42	0.00	0.00	67.20	7.34	0.00	0.00	2000
245	11.25	2151	2122	0.00	256	0	0	2	84.44	0.00	0.98	9.86	79.09	88.75	0.00	39	0	42	0.00	0.00	66.42	7.78	0.00	0.00	2000
224	10.92	2086	2063	1.18	198	0	0	3	86.69	0.00	0.00	5.80	81.79	89.08	0.00	39	0	42	0.00	0.00	63.71	7.12	0.00	0.00	2000
235	11.76	2008	2087	0.00	199	0	0	0	nan	0.00	0.00	5.54	82.33	88.24	0.00	40	0	42	0.00	0.00	63.40	7.24	0.00	0.00	2000
230	11.13	2026	2145	0.00	220	0	0	0	nan	0.00	0.00	6.35	84.50	88.87	0.00	39	0	42	0.00	0.00	67.93	7.79	0.00	0.00	2000
229	11.01	2091	2094	0.00	198	0	0	0	nan	0.00	0.00	6.74	82.09	88.99	0.00	40	0	42	0.00	0.00	65.00	7.51	0.00	0.00	2000
228	11.04	2060	2109	0.00	197	0	0	0	nan	0.00	0.00	6.50	82.92	88.96	0.00	40	0	42	0.00	0.00	65.02	7.49	0.00	0.00	2000
229	10.97	2091	2098	0.00	199	0	0	0	nan	0.00	0.00	6.86	82.11	89.03	0.00	40	0	42	0.00	0.00	64.91	7.62	0.00	0.00	2000
232	10.73	2182	2085	0.00	200	0	0	0	nan	0.00	0.00	6.89	81.68	89.27	0.00	40	0	42	0.00	0.00	62.29	7.21	0.00	0.00	2000
229	10.75	2128	2105	0.00	204	0	0	0	nan	0.00	0.00	7.19	82.35	89.25	0.00	39	0	42	0.00	0.00	68.04	7.75	0.00	0.00	2000
226	10.75	2094	2111	0.00	198	0	0	0	nan	0.00	0.00	5.65	84.04	89.25	0.00	40	0	42	0.00	0.00	64.70	7.40	0.00	0.00	2000
238	11.71	2034	2101	0.00	216	0	0	0	nan	0.00	0.00	9.27	79.18	88.29	0.00	39	0	43	0.00	0.00	65.39	7.50	0.00	0.00	2000
226	10.67	2118	2097	0.00	200	0	0	0	nan	0.01	0.53	5.08	83.68	89.33	0.00	40	0	42	0.00	0.00	64.95	7.44	0.00	0.00	2000
234	10.88	2152	2095	0.00	198	0	0	0	nan	0.00	0.56	4.50	83.97	89.12	0.00	40	0	42	0.00	0.00	64.85	7.48	0.00	0.00	2000
226	10.83	2083	2106	0.00	203	0	0	0	nan	0.00	0.71	6.60	82.25	89.17	0.00	40	0	42	0.00	0.00	64.66	7.32	0.00	0.00	2000
232	11.01	2117	2094	0.00	198	0	0	0	nan	0.00	0.00	7.07	81.72	88.99	0.00	39	0	42	0.00	0.00	65.22	7.78	0.00	0.00	2000
226	11.11	2054	2076	0.00	199	0	0	0	nan	0.00	0.00	6.86	81.10	88.89	0.00	40	0	42	0.00	0.00	63.77	7.48	0.00	0.00	2000
233	10.91	2099	2137	0.00	199	0	0	0	nan	0.00	0.00	5.44	85.30	89.09	0.00	39	0	42	0.00	0.00	65.96	7.73	0.00	0.00	2000
228	11.12	2053	2098	0.00	198	0	0	1	88.21	0.00	0.00	6.29	82.49	88.88	0.00	39	0	42	0.00	0.00	65.02	7.33	0.00	0.00	2000
235	11.10	2126	2089	0.95	203	0	0	2	86.59	0.00	0.00	6.44	81.97	88.90	0.00	40	0	42	0.00	0.00	59.84	6.85	0.00	0.00	2000
227	10.94	2069	2107	0.00	199	0	0	0	nan	0.00	0.00	7.48	81.92	89.06	0.00	39	0	42	0.00	0.00	70.01	8.17	0.00	0.00	2000
230	10.87	2116	2104	0.00	198	0	0	0	nan	0.00	0.00	5.52	83.76	89.13	0.00	39	0	42	0.00	0.00	62.68	7.17	0.00	0.00	2000
227	10.87	2095	2095	0.00	198	0	0	0	nan	0.00	0.03	4.24	84.69	89.13	0.00	39	0	42	0.00	0.00	67.39	7.66	0.00	0.00	2000
229	10.87	2106	2105	0.00	198	0	0	0	nan	0.00	0.01	5.66	83.69	89.13	0.00	40	0	42	0.00	0.00	62.33	7.18	0.00	0.00	2000
230	11.32	2029	2100	0.00	203	0	0	0	nan	0.00	0.00	5.89	82.86	88.68	0.00	40	0	42	0.00	0.00	65.08	7.60	0.00	0.00	2000
230	10.68	2157	2096	0.00	198	0	0	0	nan	0.00	0.00	7.17	81.93	89.32	0.00	40	0	42	0.00	0.00	62.13	7.29	0.00	0.00	2000
227	10.80	2102	2098	0.00	198	0	0	0	nan	0.00	0.00	6.94	82.15	89.20	0.00	39	0	42	0.00	0.00	65.29	7.37	0.00	0.00	2000
229	11.01	2076	2107	0.00	199	0	0	0	nan	0.00	0.00	6.62	82.72	88.99	0.00	39	0	42	0.00	0.00	67.62	7.91	0.00	0.00	2000
229	11.08	2075	2095	0.00	198	0	0	0	nan	0.00	0.00	6.66	82.08	88.92	0.00	39	0	42	0.00	0.00	62.21	7.14	0.00	0.00	2000
233	10.93	2129	2099	0.00	205	0	0	0	nan	0.00	0.00	7.84	81.09	89.07	0.00	39	0	42	0.00	0.00	64.24	7.53	0.00	0.00	2000
236	11.27	2088	2104	0.00	202	0	0	0	nan	0.00	0.00	8.59	80.29	88.73	0.00	39	0	42	0.00	0.00	68.55	7.75	0.00	0.00	2000
228	10.95	2091	2093	0.00	198	0	0	0	nan	0.00	0.00	6.92	81.83	89.05	0.00	39	0	42	0.00	0.00	61.90	7.27	0.00	0.00	2000
227	11.12	2038	2107	0.00	199	0	0	0	nan	0.00	0.00	6.43	82.77	88.88	0.00	39	0	42	0.00	0.00	65.15	7.52	0.00	0.00	2000
227	11.04	2092	2060	0.00	199	0	0	0	nan	0.00	0.02	4.16	83.07	88.96	0.00	39	0	42	0.00	0.00	66.65	7.64	0.00	0.00	2000
232	10.91	2123	2106	0.00	204	0	0	0	nan	0.00	0.07	2.62	86.71	89.09	0.00	39	0	42	0.00	0.00	63.61	7.47	0.00	0.00	2000
228	10.68	2100	2137	0.00	214	0	0	1	89.86	0.00	0.02	7.06	83.87	89.32	0.00	39	0	42	0.00	0.00	67.43	7.54	0.00	0.00	2000
228	10.86	2103	2101	0.86	199	0	0	7	88.94	0.00	1.05	5.19	83.01	89.14	0.00	39	0	43	0.00	0.00	62.14	7.60	0.00	0.00	2000
231	11.36	2030	2102	0.06	198	0	0	0	nan	0.00	0.02	5.84	82.91	88.64	0.00	39	0	42	0.00	0.00	65.69	8.10	0.00	0.00	2000
229	11.24	2041	2098	0.00	198	0	0	0	nan	0.00	0.00	6.59	82.15	88.76	0.00	39	0	42	0.00	0.00	66.92	9.04	0.00	0.00	2000
226	10.96	2096	2067	0.00	203	0	0	0	nan	0.00	0.00	6.64	81.15	89.04	0.00	39	0	42	0.00	0.00	65.47	8.59	0.00	0.00	2000
231	11.35	2052	2084	0.00	197	0	0	0	nan	0.00	0.00	5.41	82.60	88.65	0.00	39	0	42	0.00	0.00	68.34	9.16	0.00	0.00	2000
231	10.69	2115	2142	0.00	214	0	0	0	nan	0.00	0.02	5.59	85.52	89.31	0.00	39	0	43	0.00	0.00	64.18	8.79	0.00	0.00	2000
226	10.85	2080	2098	0.00	199	0	0	0	nan	0.00	0.00	5.86	83.26	89.15	0.00	39	0	42	0.00	0.00	68.66	7.86	0.00	0.00	2000
231	11.21	2045	2112	0.00	198	0	0	0	nan	0.00	0.00	6.49	82.90	88.79	0.00	39	0	42	0.00	0.00	64.52	7.44	0.00	0.00	2000
231	11.11	2079	2097	0.00	200	0	0	0	nan	0.00	0.00	6.77	82.09	88.89	0.00	39	0	42	0.00	0.00	65.38	7.77	0.00	0.00	2000
231	10.92	2108	2104	0.00	200	0	0	0	nan	0.00	0.00	6.45	82.87	89.08	0.00	39	0	42	0.00	0.00	65.52	7.47	0.00	0.00	2000
228	10.52	2174	2096	0.00	198	0	0	0	nan	0.00	0.00	5.08	84.22	89.48	0.00	39	0	43	0.00	0.00	64.91	7.73	0.00	0.00	2000
231	10.99	2095	2106	0.00	198	0	0	0	nan	0.00	0.58	3.68	85.17	89.01	0.00	39	0	42	0.00	0.00	66.20	7.98	0.00	0.00	2000
229	10.83	2112	2098	0.00	182	0	0	0	nan	0.01	0.01	3.81	85.36	89.17	0.00	39	0	42	0.00	0.00	65.45	7.75	0.00	0.00	2000
233	11.06	2112	2092	0.00	203	0	0	0	nan	0.00	0.02	5.06	83.59	88.94	0.00	39	0	42	0.00	0.00	64.78	7.57	0.00	0.00	2000
228	11.14	2048	2095	0.00	206	0	0	0	nan	0.00	0.00	4.16	84.58	88.86	0.00	39	0	42	0.00	0.00	60.18	7.15	0.00	0.00	2000
232	11.60	1987	2111	0.00	197	0	0	0	nan	0.00	0.00	4.52	84.42	88.40	0.00	39	0	42	0.00	0.00	67.56	7.85	0.00	0.00	2000
224	11.09	2043	2073	0.00	198	0	0	0	nan	0.00	0.02	4.24	83.62	88.91	0.00	39	0	42	0.00	0.00	63.60	7.49	0.00	0.00	2000
234	11.22	2060	2127	0.68	199	0	0	4	41.55	0.00	0.02	3.90	86.18	88.78	0.00	39	0	42	0.00	0.00	68.25	7.66	0.00	0.00	2000
234	11.16	2081	2111	0.21	198	0	0	0	nan	0.00	0.00	5.09	84.27	88.84	0.00	39	0	42	0.00	0.00	63.21	7.96	0.00	0.00	2000
225	10.91	2100	2063	0.00	204	0	0	0	nan	0.00	0.02	5.39	82.18	89.09	0.00	39	0	43	0.00	0.00	63.41	7.52	0.00	0.00	2000
235	11.06	2082	2140	0.00	198	0	0	0	nan	0.01	0.00	4.62	86.09	88.94	0.00	39	0	42	0.00	0.00	66.60	7.86	0.00	0.00	2000
227	10.99	2080	2080	0.00	198	0	0	0	nan	0.00	0.00	5.31	83.01	89.01	0.00	39	0	42	0.00	0.00	62.23	7.39	0.00	0.00	2000
229	10.80	2123	2097	0.00	198	0	0	0	nan	0.00	0.02	3.64	85.48	89.20	0.00	39	0	42	0.00	0.00	66.16	7.71	0.00	0.00	2000
230	11.32	2025	2111	0.00	197	0	0	0	nan	0.00	0.02	3.18	86.03	88.68	0.00	40	0	42	0.00	0.00	64.75	7.74	0.00	0.00	2000
230	11.18	2059	2099	0.00	203	0	0	0	nan	0.00	0.03	4.89	83.90	88.82	0.00	39	0	42	0.00	0.00	65.72	7.90	0.00	0.00	2000
230	10.97	2093	2101	0.00	198	0	0	0	nan	0.00	1.01	4.82	83.40	89.03	0.00	39	0	42	0.00	0.00	65.43	7.58	0.00	0.00	2000
226	11.09	2049	2093	0.00	199	0	0	0	nan	0.00	0.01	7.23	81.46	88.91	0.00	39	0	42	0.00	0.00	64.19	7.57	0.00	0.00	2000
230	10.97	2090	2107	0.00	199	0	0	0	nan	0.00	0.00	6.88	82.54	89.03	0.00	39	0	42	0.00	0.00	65.01	7.66	0.00	0.00	2000
232	11.19	2100	2073	0.00	182	0	0	0	nan	0.00	0.00	6.20	81.46	88.81	0.00	39	0	42	0.00	0.00	65.60	7.67	0.00	0.00	2000
234	11.42	2026	2121	0.00	218	0	0	0	nan	0.00	0.00	7.26	82.31	88.58	0.00	39	0	42	0.00	0.00	63.78	7.53	0.00	0.00	2000
227	10.92	2085	2094	0.00	199	0	0	0	nan	0.00	0.00	7.24	81.65	89.08	0.00	39	0	42	0.00	0.00	65.63	7.64	0.00	0.00	2000
232	11.12	2073	2111	0.00	181	0	0	0	nan	0.00	0.00	5.73	83.69	88.88	0.00	39	0	42	0.00	0.00	63.91	7.39	0.00	0.00	2000
231	11.06	2080	2112	0.00	199	0	0	0	nan	0.00	0.01	4.41	85.12	88.94	0.00	39	0	42	0.00	0.00	66.19	7.78	0.00	0.00	2000
227	11.04	2069	2091	0.00	197	0	0	0	nan	0.00	0.00	4.60	84.09	88.96	0.00	39	0	42	0.00	0.00	61.93	7.14	0.00	0.00	2000
236	11.05	2136	2104	0.36	201	0	0	4	49.88	0.00	0.94	3.91	84.27	88.95	0.00	40	0	42	0.00	0.00	64.45	7.82	0.00	0.00	2000
235	11.07	2123	2096	0.55	208	0	0	2	83.30	0.00	0.04	5.74	83.10	88.93	0.00	40	0	42	0.00	0.00	68.23	7.72	0.00	0.00	2000
227	10.96	2085	2084	0.00	199	0	0	0	nan	0.00	0.00	4.44	84.02	89.04	0.00	39	0	42	0.00	0.00	65.27	7.76	0.00	0.00	2000
231	11.09	2075	2111	0.00	199	0	0	0	nan	0.00	0.47	6.30	82.71	88.91	0.00	39	0	42	0.00	0.00	64.23	7.62	0.00	0.00	2000
229	10.78	2126	2101	0.00	199	0	0	0	nan	0.00	1.01	7.20	81.10	89.22	0.00	39	0	42	0.00	0.00	65.31	7.65	0.00	0.00	2000
232	11.04	2093	2105	0.00	196	0	0	0	nan	0.00	0.02	5.64	83.60	88.96	0.00	39	0	42	0.00	0.00	64.09	7.51	0.00	0.00	2000
228	10.97	2099	2081	0.00	183	0	0	0	nan	0.00	0.00	5.37	82.89	89.03	0.00	39	0	42	0.00	0.00	64.08	7.56	0.00	0.00	2000
231	10.96	2095	2113	0.00	222	0	0	0	nan	0.00	0.01	4.75	84.86	89.04	0.00	39	0	42	0.00	0.00	67.06	8.13	0.00	0.00	2000
230	10.81	2115	2110	0.00	183	0	0	0	nan	0.00	0.00	6.50	83.19	89.19	0.00	39	0	42	0.00	0.00	61.07	7.42	0.00	0.00	2000
231	10.95	2103	2103	0.00	198	0	0	0	nan	0.00	0.00	4.81	84.46	89.05	0.00	39	0	42	0.00	0.00	66.09	7.41	0.00	0.00	2000
225	11.01	2065	2082	0.00	198	0	0	0	nan	0.00	0.03	4.86	83.46	88.99	0.00	39	0	42	0.00	0.00	65.51	7.64	0.00	0.00	2000
228	10.84	2112	2093	0.00	198	0	0	0	nan	0.00	0.02	3.74	85.14	89.16	0.00	39	0	42	0.00	0.00	65.24	7.59	0.00	0.00	2000
235	11.41	2040	2117	0.00	202	0	0	0	nan	0.00	0.03	5.12	84.24	88.59	0.00	39	0	42	0.00	0.00	65.87	7.68	0.00	0.00	2000
229	11.47	2002	2098	0.00	198	0	0	0	nan	0.00	0.01	4.85	83.71	88.53	0.00	40	0	42	0.00	0.00	64.71	7.68	0.00	0.00	2000
226	10.99	2067	2088	0.00	199	0	0	0	nan	0.00	0.00	4.88	83.75	89.01	0.00	39	0	42	0.00	0.00	65.03	7.56	0.00	0.00	2000
231	11.11	2072	2108	0.00	197	0	0	0	nan	0.00	0.52	6.58	82.23	88.89	0.00	39	0	42	0.00	0.00	64.79	7.49	0.00	0.00	2000
231	10.93	2106	2109	0.00	198	0	0	0	nan	0.00	0.00	6.66	82.81	89.07	0.00	39	0	42	0.00	0.00	64.76	7.34	0.00	0.00	2000
234	11.10	2105	2105	0.00	185	0	0	3	60.26	0.00	0.07	5.32	83.82	88.90	0.00	39	0	42	0.00	0.00	62.91	7.59	0.00	0.00	2000
226	11.00	2075	2081	0.79	202	0	0	4	61.89	0.00	0.00	5.68	82.57	89.00	0.00	39	0	42	0.00	0.00	66.18	7.75	0.00	0.00	2000
230	11.21	2040	2109	0.00	198	0	0	0	nan	0.00	0.01	5.38	83.92	88.79	0.00	39	0	42	0.00	0.00	64.78	7.45	0.00	0.00	2000
228	11.19	2044	2089	0.00	201	0	0	0	nan	0.00	0.01	5.49	82.85	88.81	0.00	39	0	42	0.00	0.00	65.33	7.52	0.00	0.00	2000
232	11.24	2047	2115	0.00	199	0	0	0	nan	0.00	0.02	4.87	84.61	88.76	0.00	39	0	42	0.00	0.00	65.31	7.64	0.00	0.00	2000
227	10.99	2074	2095	0.00	198	0	0	0	nan	0.00	0.00	5.60	83.28	89.01	0.00	39	0	42	0.00	0.00	65.65	7.67	0.00	0.00	2000
230	11.17	2076	2085	0.00	204	0	0	0	nan	0.00	0.00	5.98	82.36	88.83	0.00	39	0	42	0.00	0.00	62.74	7.29	0.00	0.00	2000
229	11.29	2018	2107	0.00	195	0	0	0	nan	0.00	0.00	6.87	82.30	88.71	0.00	39	0	42	0.00	0.00	66.90	8.01	0.00	0.00	2000
229	11.14	2056	2104	0.00	200	0	0	0	nan	0.01	0.01	4.26	84.89	88.86	0.00	39	0	42	0.00	0.00	64.43	7.63	0.00	0.00	2000
229	10.74	2129	2106	0.00	198	0	0	0	nan	0.00	0.00	4.40	85.09	89.26	0.00	39	0	42	0.00	0.00	65.10	7.54	0.00	0.00	2000
228	11.29	2024	2094	0.00	200	0	0	0	nan	0.00	0.00	5.73	82.77	88.71	0.00	40	0	42	0.00	0.00	64.01	7.48	0.00	0.00	2000
229	10.80	2128	2094	0.00	203	0	0	0	nan	0.00	0.04	3.82	85.12	89.20	0.00	39	0	42	0.00	0.00	65.51	7.26	0.00	0.00	2000
233	10.73	2154	2114	0.00	198	0	0	0	nan	0.00	0.00	7.15	82.71	89.27	0.00	39	0	42	0.00	0.00	63.39	7.41	0.00	0.00	2000
228	10.89	2105	2093	0.00	198	0	0	0	nan	0.00	0.00	6.62	82.09	89.11	0.00	39	0	42	0.00	0.00	64.91	7.50	0.00	0.00	2000
237	11.26	2098	2103	0.00	199	0	0	0	nan	0.00	0.00	7.20	81.68	88.74	0.00	39	0	42	0.00	0.00	64.89	7.57	0.00	0.00	2000
228	10.93	2088	2100	0.00	197	0	0	0	nan	0.00	0.00	6.39	82.74	89.07	0.00	39	0	42	0.00	0.00	65.25	7.57	0.00	0.00	2000
234	10.97	2124	2108	0.00	200	0	0	0	nan	0.00	0.00	6.61	82.79	89.03	0.00	39	0	43	0.00	0.00	65.78	7.70	0.00	0.00	2000
226	10.88	2095	2080	0.00	207	0	0	1	76.61	0.00	0.01	4.57	83.75	89.12	0.00	39	0	42	0.00	0.00	62.58	7.36	0.00	0.00	2000
231	11.10	2078	2108	0.83	198	0	0	5	55.53	0.01	0.00	6.31	82.96	88.90	0.00	39	0	42	0.00	0.00	66.63	7.78	0.00	0.00	2000
227	10.63	2145	2088	0.00	198	0	0	0	nan	0.00	0.00	5.72	83.19	89.37	0.00	39	0	42	0.00	0.00	63.14	7.41	0.00	0.00	2000
234	10.89	2126	2118	0.00	184	0	0	0	nan	0.00	0.58	4.40	84.94	89.11	0.00	39	0	43	0.00	0.00	66.44	7.91	0.00	0.00	2000
228	10.83	2118	2087	0.00	199	0	0	0	nan	0.00	0.00	5.94	82.77	89.17	0.00	39	0	42	0.00	0.00	64.80	7.40	0.00	0.00	2000
229	10.83	2129	2089	0.00	203	0	0	0	nan	0.00	0.02	4.40	84.33	89.17	0.00	39	0	42	0.00	0.00	64.94	7.58	0.00	0.00	2000
228	10.64	2148	2096	0.00	198	0	0	0	nan	0.00	0.03	4.16	85.06	89.36	0.00	39	0	42	0.00	0.00	63.17	7.24	0.00	0.00	2000
237	11.29	2062	2136	0.00	201	0	0	0	nan	0.00	0.01	5.10	85.22	88.71	0.00	39	0	42	0.00	0.00	66.70	7.77	0.00	0.00	2000
227	10.76	2122	2093	0.00	200	0	0	0	nan	0.00	0.52	5.66	82.79	89.24	0.00	39	0	42	0.00	0.00	65.64	7.50	0.00	0.00	2000
239	11.36	2099	2103	0.00	197	0	0	0	nan	0.00	0.01	5.30	83.42	88.64	0.00	39	0	42	0.00	0.00	65.84	7.74	0.00	0.00	2000
228	11.09	2067	2090	0.00	202	0	0	0	nan	0.00	0.00	6.18	82.31	88.91	0.00	39	0	42	0.00	0.00	64.75	7.43	0.00	0.00	2000
230	11.11	2066	2106	0.00	199	0	0	0	nan	0.00	0.00	6.58	82.64	88.89	0.00	39	0	42	0.00	0.00	64.52	7.55	0.00	0.00	2000
230	10.75	2140	2101	0.00	199	0	0	0	nan	0.00	0.00	6.66	82.65	89.25	0.00	39	0	42	0.00	0.00	65.89	7.67	0.00	0.00	2000
229	10.65	2158	2095	0.00	199	0	0	0	nan	0.00	0.00	5.23	83.82	89.35	0.00	39	0	42	0.00	0.00	64.75	7.51	0.00	0.00	2000
230	10.85	2118	2104	0.00	198	0	0	0	nan	0.00	0.00	6.21	83.09	89.15	0.00	39	0	42	0.00	0.00	65.59	7.44	0.00	0.00	2000
234	10.82	2154	2108	0.00	198	0	0	0	nan	0.00	0.00	6.36	83.18	89.18	0.00	39	0	42	0.00	0.00	64.69	7.56	0.00	0.00	2000
225	10.94	2088	2066	0.00	188	0	0	0	nan	0.00	0.04	6.68	81.04	89.06	0.00	39	0	42	0.00	0.00	62.46	7.25	0.00	0.00	2000
231	11.24	2035	2120	0.00	214	0	0	0	nan	0.00	0.05	5.75	83.87	88.76	0.00	39	0	43	0.00	0.00	64.04	7.44	0.00	0.00	2000
228	11.30	2014	2103	0.65	198	0	0	4	40.62	0.00	0.00	6.37	82.54	88.70	0.00	39	0	42	0.00	0.00	67.97	7.84	0.00	0.00	2000
230	11.07	2075	2103	0.26	198	0	0	0	nan	0.00	0.51	6.21	82.41	88.93	0.00	39	0	42	0.00	0.00	64.56	7.40	0.00	0.00	2000
230	10.93	2107	2095	0.00	199	0	0	0	nan	0.00	0.00	6.95	81.88	89.07	0.00	39	0	42	0.00	0.00	62.83	7.20	0.00	0.00	2000
230	11.27	2035	2104	0.00	201	0	0	0	nan	0.00	0.00	6.57	82.35	88.73	0.00	39	0	43	0.00	0.00	63.67	7.49	0.00	0.00	2000
228	11.30	2017	2100	0.00	197	0	0	0	nan	0.00	0.02	6.40	82.37	88.70	0.00	39	0	42	0.00	0.00	65.50	7.67	0.00	0.00	2000
228	11.33	2017	2099	0.00	198	0	0	0	nan	0.00	0.00	5.63	83.22	88.67	0.00	39	0	42	0.00	0.00	64.49	7.52	0.00	0.00	2000
230	11.20	2051	2101	0.00	198	0	0	0	nan	0.00	0.00	5.27	83.71	88.80	0.00	39	0	42	0.00	0.00	65.51	7.37	0.00	0.00	2000
230	11.24	2048	2101	0.00	199	0	0	0	nan	0.00	0.00	6.53	82.38	88.76	0.00	39	0	42	0.00	0.00	65.33	7.54	0.00	0.00	2000
233	11.06	2101	2107	0.00	187	0	0	0	nan	0.00	0.00	6.61	82.76	88.94	0.00	39	0	42	0.00	0.00	67.25	7.72	0.00	0.00	2000
230	10.86	2126	2092	0.00	201	0	0	0	nan	0.00	0.03	5.74	83.13	89.14	0.00	39	0	43	0.00	0.00	63.89	7.61	0.00	0.00	2000
227	11.20	2029	2098	0.00	197	0	0	0	nan	0.00	0.39	3.08	85.44	88.80	0.00	39	0	43	0.00	0.00	65.09	7.57	0.00	0.00	2000
229	11.00	2087	2095	0.00	199	0	0	0	nan	0.00	0.01	3.61	85.22	89.00	0.00	39	0	42	0.00	0.00	64.63	7.54	0.00	0.00	2000
233	11.01	2100	2118	0.00	198	0	0	0	nan	0.00	0.53	4.65	84.62	88.99	0.00	39	0	42	0.00	0.00	63.69	7.63	0.00	0.00	2000
231	11.07	2094	2087	0.00	198	0	0	0	nan	0.00	0.00	5.77	82.71	88.93	0.00	39	0	42	0.00	0.00	64.69	7.40	0.00	0.00	2000
229	11.21	2038	2102	0.00	203	0	0	0	nan	0.00	0.00	6.75	82.20	88.79	0.00	39	0	42	0.00	0.00	64.72	7.50	0.00	0.00	2000
231	11.31	2041	2102	0.00	200	0	0	0	nan	0.00	0.00	6.31	82.49	88.69	0.00	39	0	42	0.00	0.00	64.92	7.58	0.00	0.00	2000
229	11.09	2074	2093	0.00	199	0	0	0	nan	0.00	0.00	5.74	82.90	88.91	0.00	39	0	42	0.00	0.00	65.11	7.45	0.00	0.00	2000
228	11.08	2052	2107	0.37	198	0	0	4	46.58	0.00	0.00	5.87	83.48	88.92	0.00	39	0	42	0.00	0.00	64.45	7.67	0.00	0.00	2000
226	11.17	2042	2079	0.54	198	0	0	2	80.80	0.00	0.00	5.52	82.49	88.83	0.00	39	0	42	0.00	0.00	63.96	7.49	0.00	0.00	2000
235	11.19	2077	2121	0.00	201	0	0	0	nan	0.00	0.02	3.94	85.87	88.81	0.00	39	0	42	0.00	0.00	66.38	7.75	0.00	0.00	2000
229	10.98	2086	2098	0.00	199	0	0	0	nan	0.00	0.00	5.74	83.21	89.02	0.00	39	0	42	0.00	0.00	65.57	7.58	0.00	0.00	2000
229	10.89	2105	2094	0.00	198	0	0	0	nan	0.00	0.00	5.12	83.76	89.11	0.00	39	0	42	0.00	0.00	64.79	7.47	0.00	0.00	2000
229	10.68	2142	2106	0.00	198	0	0	0	nan	0.00	0.05	4.33	85.24	89.32	0.00	39	0	42	0.00	0.00	66.24	7.68	0.00	0.00	2000
229	10.92	2098	2097	0.00	199	0	0	0	nan	0.00	0.00	4.76	84.18	89.08	0.00	39	0	42	0.00	0.00	64.29	7.36	0.00	0.00	2000
231	11.38	2025	2102	0.00	203	0	0	0	nan	0.00	0.00	6.51	82.22	88.62	0.00	39	0	42	0.00	0.00	64.71	7.59	0.00	0.00	2000
229	11.02	2077	2103	0.00	197	0	0	0	nan	0.00	0.99	5.81	82.37	88.98	0.00	39	0	42	0.00	0.00	62.14	7.38	0.00	0.00	2000
228	11.01	2076	2092	0.00	199	0	0	0	nan	0.00	0.99	6.79	81.03	88.99	0.00	39	0	42	0.00	0.00	68.10	7.65	0.00	0.00	2000
230	11.26	2035	2108	0.00	197	0	0	0	nan	0.00	0.00	7.08	82.13	88.74	0.00	39	0	42	0.00	0.00	64.58	7.48	0.00	0.00	2000
241	11.64	2068	2099	0.00	199	0	0	0	nan	0.00	0.00	6.17	82.28	88.36	0.00	39	0	42	0.00	0.00	65.68	7.58	0.00	0.00	2000
229	11.00	2110	2074	0.00	198	0	0	0	nan	0.00	0.00	6.24	81.58	89.00	0.00	39	0	43	0.00	0.00	62.50	7.20	0.00	0.00	2000
232	11.12	2071	2116	0.00	207	0	0	0	nan	0.00	0.00	8.69	80.97	88.88	0.00	39	0	42	0.00	0.00	68.40	7.87	0.00	0.00	2000
231	10.75	2144	2109	0.00	200	0	0	0	nan	0.00	0.00	6.95	82.72	89.25	0.00	39	0	42	0.00	0.00	64.55	7.51	0.00	0.00	2000
229	10.96	2089	2097	0.00	198	0	0	0	nan	0.00	0.00	6.39	82.62	89.04	0.00	39	0	42	0.00	0.00	64.96	7.58	0.00	0.00	2000
229	11.31	2027	2098	0.00	198	0	0	0	nan	0.00	0.32	6.15	82.26	88.69	0.00	39	0	42	0.00	0.00	63.86	7.61	0.00	0.00	2000
233	11.07	2095	2107	0.09	199	0	0	3	54.52	0.00	0.03	4.57	84.65	88.93	0.00	39	0	42	0.00	0.00	65.93	7.57	0.00	0.00	2000
230	10.83	2137	2091	0.75	202	0	0	3	67.31	0.00	0.52	6.07	82.30	89.17	0.00	39	0	42	0.00	0.00	63.54	7.45	0.00	0.00	2000
229	10.77	2121	2105	0.00	183	0	0	0	nan	0.00	0.03	7.21	82.24	89.23	0.00	40	0	42	0.00	0.00	66.29	7.72	0.00	0.00	2000
230	10.92	2108	2102	0.00	198	0	0	0	nan	0.00	0.03	4.93	84.36	89.08	0.00	39	0	42	0.00	0.00	64.97	7.51	0.00	0.00	2000
227	10.86	2100	2093	0.00	198	0	0	0	nan	0.00	0.00	5.69	83.25	89.14	0.00	39	0	42	0.00	0.00	63.01	7.45	0.00	0.00	2000
231	11.10	2065	2115	0.00	198	0	0	0	nan	0.00	0.02	4.02	85.60	88.90	0.00	39	0	42	0.00	0.00	64.59	7.40	0.00	0.00	2000
227	11.32	2024	2085	0.00	204	0	0	0	nan	0.00	0.03	5.48	82.64	88.68	0.00	39	0	42	0.00	0.00	66.06	7.79	0.00	0.00	2000
231	11.30	2035	2112	0.00	198	0	0	0	nan	0.00	0.00	5.84	83.43	88.70	0.00	39	0	42	0.00	0.00	65.30	7.57	0.00	0.00	2000
226	11.18	2035	2090	0.00	198	0	0	0	nan	0.00	0.00	6.09	82.39	88.82	0.00	39	0	42	0.00	0.00	64.70	7.43	0.00	0.00	2000
229	11.08	2074	2096	0.00	199	0	0	0	nan	0.01	0.00	4.99	83.79	88.92	0.00	39	0	42	0.00	0.00	65.18	7.77	0.00	0.00	2000
229	10.74	2131	2099	0.00	200	0	0	0	nan	0.00	0.00	5.95	83.31	89.26	0.00	39	0	42	0.00	0.00	65.67	7.68	0.00	0.00	2000
235	11.26	2072	2118	0.00	195	0	0	0	nan	0.00	0.00	6.02	83.37	88.74	0.00	39	0	42	0.00	0.00	65.66	7.58	0.00	0.00	2000
226	10.98	2071	2090	0.00	202	0	0	0	nan	0.00	0.02	5.10	83.56	89.02	0.00	39	0	42	0.00	0.00	64.55	7.39	0.00	0.00	2000
228	11.18	2050	2091	0.00	198	0	0	0	nan	0.00	0.01	5.83	82.71	88.82	0.00	39	0	42	0.00	0.00	64.80	7.47	0.00	0.00	2000
229	11.05	2064	2110	0.00	198	0	0	0	nan	0.00	0.00	6.78	82.63	88.95	0.00	40	0	42	0.00	0.00	64.56	7.43	0.00	0.00	2000
229	11.21	2053	2092	0.00	202	0	0	0	nan	0.00	0.00	6.42	82.13	88.79	0.00	39	0	42	0.00	0.00	65.09	7.54	0.00	0.00	2000
233	11.16	2084	2105	0.00	202	0	0	0	nan	0.00	0.00	6.70	82.39	88.84	0.00	39	0	42	0.00	0.00	65.57	7.59	0.00	0.00	2000
229	11.06	2082	2092	0.00	204	0	0	2	68.92	0.00	0.00	6.99	81.63	88.94	0.00	39	0	42	0.00	0.00	63.06	7.23	0.00	0.00	2000
229	10.84	2119	2089	0.86	182	0	0	4	58.33	0.00	0.00	6.97	81.81	89.16	0.00	39	0	42	0.00	0.00	62.67	7.17	0.00	0.00	2000
228	11.39	2036	2064	0.00	200	0	0	0	nan	0.00	0.00	5.96	81.23	88.61	0.00	39	0	43	0.00	0.00	64.83	7.57	0.00	0.00	2000
232	10.79	2086	2163	0.00	214	0	0	0	nan	0.00	0.00	6.36	85.61	89.21	0.00	39	0	42	0.00	0.00	69.46	8.01	0.00	0.00	2000
229	10.88	2113	2087	0.00	199	0	0	0	nan	0.00	0.00	5.93	82.68	89.12	0.00	39	0	42	0.00	0.00	62.57	7.20	0.00	0.00	2000
229	11.04	2087	2082	0.00	202	0	0	0	nan	0.00	0.00	6.40	81.91	88.96	0.00	39	0	42	0.00	0.00	65.58	7.52	0.00	0.00	2000
233	10.86	2118	2127	0.00	198	0	0	0	nan	0.00	0.08	6.33	83.87	89.14	0.00	39	0	42	0.00	0.00	65.24	7.65	0.00	0.00	2000
224	10.75	2112	2074	0.00	182	0	0	0	nan	0.00	0.01	3.61	84.54	89.25	0.00	39	0	42	0.00	0.00	59.65	7.26	0.00	0.00	2000
232	11.07	2071	2123	0.00	213	0	0	0	nan	0.00	1.00	6.84	82.10	88.93	0.00	39	0	42	0.00	0.00	70.39	7.63	0.00	0.00	2000
234	10.94	2140	2099	0.00	214	0	0	0	nan	0.00	0.00	8.90	80.19	89.06	0.00	39	0	42	0.00	0.00	65.46	7.45	0.00	0.00	2000
231	10.77	2160	2086	0.00	185	0	0	0	nan	0.00	0.10	4.18	84.48	89.23	0.00	39	0	42	0.00	0.00	62.34	7.22	0.00	0.00	2000
227	11.22	2048	2071	0.00	217	0	0	0	nan	0.00	0.02	4.29	83.29	88.78	0.00	39	0	42	0.00	0.00	64.49	7.52	0.00	0.00	2000
231	11.01	2056	2141	0.00	205	0	0	0	nan	0.00	0.00	7.20	83.60	89.00	0.00	39	0	42	0.00	0.00	68.48	8.03	0.00	0.00	2000
231	10.76	2137	2112	0.00	207	0	0	0	nan	0.00	0.02	6.27	83.41	89.24	0.00	39	0	42	0.00	0.00	63.86	7.42	0.00	0.00	2000
227	11.48	1985	2092	0.00	200	0	0	0	nan	0.00	0.00	5.67	82.60	88.52	0.00	39	0	42	0.00	0.00	64.08	7.52	0.00	0.00	2000
232	11.25	2060	2104	0.00	202	0	0	0	nan	0.00	0.00	6.26	82.63	88.75	0.00	39	0	42	0.00	0.00	65.51	7.46	0.00	0.00	2000
227	11.27	2028	2085	0.00	197	0	0	0	nan	0.00	0.00	6.49	81.70	88.73	0.00	39	0	42	0.00	0.00	63.54	7.51	0.00	0.00	2000
229	10.74	2127	2105	0.00	197	0	0	0	88.31	0.00	0.00	5.05	84.52	89.26	0.00	39	0	42	0.00	0.00	65.62	7.70	0.00	0.00	2000
226	11.23	2077	2033	0.80	199	0	0	5	49.84	0.00	0.00	4.50	81.45	88.77	0.00	39	0	42	0.00	0.00	61.79	7.45	0.00	0.00	2000
237	10.62	2138	2189	0.02	217	0	0	0	nan	0.00	0.14	7.43	85.59	89.38	0.00	39	0	42	0.00	0.00	69.39	8.03	0.00	0.00	2000
233	11.36	2054	2097	0.00	205	0	0	0	nan	0.01	0.01	5.57	82.99	88.64	0.00	39	0	42	0.00	0.00	64.69	7.48	0.00	0.00	2000
230	10.87	2112	2106	0.00	199	0	0	0	nan	0.00	1.02	4.47	83.96	89.13	0.00	39	0	42	0.00	0.00	64.07	7.27	0.00	0.00	2000
229	10.76	2142	2085	0.00	198	0	0	0	nan	0.00	0.02	5.57	83.15	89.24	0.00	39	0	42	0.00	0.00	64.54	7.56	0.00	0.00	2000
230	10.56	2167	2110	0.00	182	0	0	0	nan	0.00	1.01	5.76	83.05	89.44	0.00	39	0	42	0.00	0.00	66.98	7.91	0.00	0.00	2000
237	11.14	2129	2096	0.00	200	0	0	0	nan	0.00	0.01	5.83	82.95	88.86	0.00	39	0	42	0.00	0.00	63.29	7.40	0.00	0.00	2000
231	10.97	2098	2107	0.00	198	0	0	0	nan	0.00	0.00	4.63	84.79	89.03	0.00	39	0	42	0.00	0.00	67.15	7.71	0.00	0.00	2000
232	10.79	2153	2099	0.00	202	0	0	0	nan	0.00	0.01	6.45	82.79	89.21	0.00	39	0	42	0.00	0.00	63.78	7.21	0.00	0.00	2000
229	10.86	2106	2103	0.00	183	0	0	0	nan	0.00	0.04	5.41	83.93	89.14	0.00	39	0	42	0.00	0.00	65.76	7.68	0.00	0.00	2000
231	10.94	2110	2106	0.00	196	0	0	0	nan	0.00	0.00	5.52	83.89	89.06	0.00	40	0	42	0.00	0.00	65.81	7.59	0.00	0.00	2000
222	10.65	2124	2063	0.00	198	0	0	0	nan	0.00	0.00	5.01	82.91	89.35	0.00	39	0	42	0.00	0.00	62.83	7.19	0.00	0.00	2000
232	11.11	2071	2116	0.00	199	0	0	0	nan	0.00	0.00	3.79	85.88	88.89	0.00	39	0	42	0.00	0.00	65.14	7.68	0.00	0.00	2000
235	10.66	2190	2115	0.00	200	0	0	0	nan	0.00	0.00	5.11	84.92	89.34	0.00	39	0	42	0.00	0.00	67.54	7.73	0.00	0.00	2000
228	11.13	2060	2092	0.00	204	0	0	0	nan	0.00	0.02	5.46	83.06	88.87	0.00	39	0	42	0.00	0.00	64.21	7.48	0.00	0.00	2000
232	11.14	2098	2084	0.00	200	0	0	0	nan	0.00	0.07	3.63	84.57	88.86	0.00	39	0	42	0.00	0.00	62.22	7.26	0.00	0.00	2000
229	10.71	2119	2118	0.00	198	0	0	0	nan	0.00	0.07	5.31	84.79	89.29	0.00	39	0	42	0.00	0.00	68.39	7.88	0.00	0.00	2000
228	11.11	2056	2097	0.54	199	0	0	4	42.68	0.00	0.00	5.46	83.37	88.89	0.00	39	0	42	0.00	0.00	65.13	7.54	0.00	0.00	2000
231	11.57	2000	2099	0.37	198	0	0	0	nan	0.00	0.00	6.46	82.06	88.43	0.00	39	0	42	0.00	0.00	64.52	7.37	0.00	0.00	2000
229	10.99	2089	2093	0.00	204	0	0	0	nan	0.00	0.00	6.06	82.76	89.01	0.00	39	0	43	0.00	0.00	63.01	7.28	0.00	0.00	2000
230	11.23	2041	2109	0.00	197	0	0	0	nan	0.00	0.00	7.28	81.95	88.77	0.00	39	0	42	0.00	0.00	67.67	7.82	0.00	0.00	2000
229	11.37	2015	2097	0.00	199	0	0	0	nan	0.00	0.00	6.35	82.25	88.63	0.00	39	0	42	0.00	0.00	64.48	7.38	0.00	0.00	2000
232	10.94	2113	2107	0.00	201	0	0	0	nan	0.00	0.00	8.02	81.43	89.06	0.00	39	0	42	0.00	0.00	62.76	7.23	0.00	0.00	2000
227	10.79	2121	2087	0.00	200	0	0	0	nan	0.00	0.00	6.12	82.63	89.21	0.00	39	0	42	0.00	0.00	65.76	7.56	0.00	0.00	2000
233	11.50	2047	2076	0.00	189	0	0	0	nan	0.00	0.00	6.08	81.62	88.50	0.00	39	0	42	0.00	0.00	63.57	7.24	0.00	0.00	2000
226	10.79	2065	2130	0.00	214	0	0	0	nan	0.00	0.00	8.27	82.35	89.21	0.00	39	0	42	0.00	0.00	67.79	7.33	0.00	0.00	2000
231	11.38	2023	2107	0.00	199	0	0	0	nan	0.00	0.03	4.21	84.77	88.62	0.00	39	0	42	0.00	0.00	61.53	7.42	0.00	0.00	2000
227	11.28	2018	2094	0.00	200	0	0	0	nan	0.00	0.03	4.35	84.26	88.72	0.00	39	0	42	0.00	0.00	65.43	7.58	0.00	0.00	2000
230	11.20	2049	2102	0.00	199	0	0	0	nan	0.00	0.01	5.82	83.14	88.80	0.00	39	0	42	0.00	0.00	64.21	7.41	0.00	0.00	2000
231	11.11	2080	2102	0.00	204	0	0	0	nan	0.00	0.18	4.84	84.08	88.89	0.00	39	0	42	0.00	0.00	65.28	7.51	0.00	0.00	2000
229	11.10	2077	2088	0.00	199	0	0	0	nan	0.00	0.00	6.79	81.62	88.90	0.00	39	0	42	0.00	0.00	65.76	7.67	0.00	0.00	2000
229	11.22	2029	2109	0.00	197	0	0	0	nan	0.00	0.00	7.40	81.87	88.78	0.00	39	0	42	0.00	0.00	64.59	7.46	0.00	0.00	2000
228	11.31	2016	2098	0.00	198	0	0	0	nan	0.00	0.00	6.19	82.51	88.69	0.00	39	0	42	0.00	0.00	63.73	7.34	0.00	0.00	2000
231	11.05	2092	2100	0.00	197	0	0	0	nan	0.00	0.00	5.85	83.04	88.95	0.00	39	0	42	0.00	0.00	65.37	7.60	0.00	0.00	2000
232	10.87	2133	2103	0.37	203	0	0	4	49.00	0.00	0.00	7.33	81.87	89.13	0.00	39	0	42	0.00	0.00	65.50	7.54	0.00	0.00	2000
229	11.23	2037	2099	0.55	198	0	0	2	79.65	0.00	0.00	6.55	82.34	88.77	0.00	39	0	42	0.00	0.00	64.73	7.47	0.00	0.00	2000
230	11.19	2056	2097	0.00	198	0	0	0	nan	0.00	0.00	6.19	82.49	88.81	0.00	39	0	42	0.00	0.00	64.24	7.34	0.00	0.00	2000
230	11.24	2038	2107	0.00	197	0	0	0	nan	0.00	0.00	5.64	83.47	88.76	0.00	39	0	42	0.00	0.00	65.37	7.66	0.00	0.00	2000
228	11.09	2060	2099	0.00	200	0	0	0	nan	0.00	0.00	6.30	82.63	88.91	0.00	39	0	42	0.00	0.00	64.92	7.52	0.00	0.00	2000
235	11.29	2103	2078	0.00	198	0	0	0	nan	0.00	0.00	6.08	81.78	88.71	0.00	39	0	42	0.00	0.00	65.49	7.60	0.00	0.00	2000
229	10.87	2086	2121	0.00	202	0	0	0	nan	0.00	0.00	7.76	82.34	89.13	0.00	39	0	42	0.00	0.00	65.27	7.32	0.00	0.00	2000
228	11.14	2049	2099	0.00	197	0	0	0	nan	0.00	0.96	5.62	82.35	88.86	0.00	39	0	42	0.00	0.00	65.17	7.58	0.00	0.00	2000
232	10.91	2118	2106	0.00	198	0	0	0	nan	0.00	0.53	7.80	81.15	89.09	0.00	39	0	42	0.00	0.00	63.69	7.32	0.00	0.00	2000
228	11.07	2067	2093	0.00	185	0	0	0	nan	0.00	0.47	6.34	81.93	88.93	0.00	39	0	42	0.00	0.00	67.15	7.83	0.00	0.00	2000
232	11.01	2097	2109	0.00	199	0	0	0	nan	0.00	0.00	4.57	84.84	88.99	0.00	39	0	42	0.00	0.00	63.08	7.28	0.00	0.00	2000
237	11.50	2072	2089	0.00	203	0	0	0	nan	0.00	0.01	6.28	81.83	88.50	0.00	39	0	42	0.00	0.00	65.05	7.80	0.00	0.00	2000
231	11.10	2064	2114	0.00	200	0	0	0	nan	0.00	0.00	6.97	82.60	88.90	0.00	39	0	42	0.00	0.00	64.78	7.47	0.00	0.00	2000
228	11.12	2060	2092	0.00	198	0	0	0	nan	0.00	0.00	5.23	83.45	88.88	0.00	39	0	42	0.00	0.00	65.53	7.52	0.00	0.00	2000
229	11.17	2058	2088	0.00	201	0	0	0	nan	0.00	0.00	5.94	82.51	88.83	0.00	39	0	42	0.00	0.00	64.05	7.28	0.00	0.00	2000
229	10.79	2118	2102	0.00	199	0	0	0	nan	0.00	0.00	4.92	84.35	89.21	0.00	39	0	42	0.00	0.00	65.61	7.57	0.00	0.00	2000
236	11.07	2118	2116	0.00	198	0	0	0	nan	0.00	0.00	6.11	83.64	88.93	0.00	39	0	43	0.00	0.00	66.02	7.47	0.00	0.00	2000
228	11.02	2081	2089	0.00	203	0	0	3	58.70	0.00	0.00	5.31	83.23	88.98	0.00	39	0	42	0.00	0.00	64.66	7.44	0.00	0.00	2000
228	11.00	2071	2104	0.78	198	0	0	3	63.88	0.00	0.02	4.24	84.93	89.00	0.00	39	0	42	0.00	0.00	65.06	7.38	0.00	0.00	2000
228	11.08	2062	2096	0.00	199	0	0	0	nan	0.00	0.01	5.51	83.37	88.92	0.00	39	0	42	0.00	0.00	64.80	7.61	0.00	0.00	2000
231	11.34	2035	2103	0.00	197	0	0	0	nan	0.00	0.97	6.70	81.21	88.66	0.00	40	0	42	0.00	0.00	64.40	7.46	0.00	0.00	2000
229	10.77	2131	2099	0.00	199	0	0	0	nan	0.00	0.00	5.86	83.31	89.23	0.00	40	0	42	0.00	0.00	65.34	7.78	0.00	0.00	2000
232	11.20	2092	2080	0.00	201	0	0	0	nan	0.00	0.00	5.97	82.01	88.80	0.00	39	0	42	0.00	0.00	64.52	7.49	0.00	0.00	2000
228	10.87	2077	2121	0.00	198	0	0	0	nan	0.00	0.00	7.65	82.47	89.13	0.00	39	0	42	0.00	0.00	65.83	7.61	0.00	0.00	2000
228	11.08	2057	2097	0.00	198	0	0	0	nan	0.00	0.00	6.28	82.55	88.92	0.00	39	0	42	0.00	0.00	64.10	7.24	0.00	0.00	2000
229	11.00	2078	2099	0.00	199	0	0	0	nan	0.00	0.00	6.36	82.74	89.00	0.00	39	0	42	0.00	0.00	65.47	7.58	0.00	0.00	2000
230	10.93	2101	2105	0.00	198	0	0	0	nan	0.00	0.00	6.09	83.29	89.07	0.00	39	0	42	0.00	0.00	62.37	7.13	0.00	0.00	2000
231	10.97	2106	2098	0.00	204	0	0	0	nan	0.00	0.00	6.31	82.66	89.03	0.00	39	0	43	0.00	0.00	64.87	7.51	0.00	0.00	2000
228	11.19	2036	2100	0.00	198	0	0	0	nan	0.00	0.00	5.50	83.36	88.81	0.00	39	0	42	0.00	0.00	66.96	7.72	0.00	0.00	2000
231	11.27	2054	2099	0.00	204	0	0	0	nan	0.00	0.05	5.61	83.12	88.73	0.00	39	0	42	0.00	0.00	64.43	7.25	0.00	0.00	2000
230	10.95	2096	2103	0.00	198	0	0	0	nan	0.00	0.00	5.86	83.34	89.05	0.00	39	0	42	0.00	0.00	65.48	7.59	0.00	0.00	2000
228	10.82	2111	2100	0.00	197	0	0	0	nan	0.00	0.57	4.30	84.31	89.18	0.00	40	0	42	0.00	0.00	65.01	7.48	0.00	0.00	2000
236	11.37	2080	2096	0.00	209	0	0	0	nan	0.00	0.55	4.57	83.48	88.63	0.00	40	0	42	0.00	0.00	64.72	7.39	0.00	0.00	2000
227	11.30	2007	2101	0.00	197	0	0	0	nan	0.00	0.00	7.07	81.75	88.70	0.00	39	0	42	0.00	0.00	64.61	7.28	0.00	0.00	2000
230	11.11	2082	2093	0.00	199	0	0	2	64.26	0.00	0.02	5.71	82.92	88.89	0.00	39	0	42	0.00	0.00	65.18	7.45	0.00	0.00	2000
229	10.89	2097	2105	0.80	197	0	0	4	58.59	0.00	0.00	6.49	82.77	89.11	0.00	39	0	42	0.00	0.00	65.11	7.49	0.00	0.00	2000
230	11.28	2032	2105	0.00	198	0	0	0	nan	0.00	0.00	5.66	83.31	88.72	0.00	39	0	42	0.00	0.00	64.95	7.26	0.00	0.00	2000
232	11.18	2086	2085	0.00	198	0	0	0	nan	0.00	0.00	6.79	81.45	88.82	0.00	39	0	42	0.00	0.00	65.11	7.36	0.00	0.00	2000
230	11.01	2074	2119	0.00	204	0	0	0	nan	0.00	0.00	6.34	83.43	88.99	0.00	39	0	42	0.00	0.00	65.22	7.63	0.00	0.00	2000
227	10.89	2089	2095	0.00	197	0	0	0	nan	0.00	0.01	5.65	83.30	89.11	0.00	39	0	42	0.00	0.00	62.92	7.19	0.00	0.00	2000
229	11.10	2064	2103	0.00	196	0	0	0	nan	0.00	0.00	5.94	83.18	88.90	0.00	39	0	42	0.00	0.00	66.71	7.64	0.00	0.00	2000
228	11.03	2074	2094	0.00	198	0	0	0	nan	0.00	0.00	5.40	83.46	88.97	0.00	39	0	42	0.00	0.00	62.51	7.28	0.00	0.00	2000
231	11.11	2070	2105	0.00	199	0	0	0	nan	0.00	0.00	7.03	82.13	88.89	0.00	39	0	42	0.00	0.00	65.24	7.58	0.00	0.00	2000
228	10.92	2099	2090	0.00	204	0	0	0	nan	0.00	0.03	5.63	83.08	89.08	0.00	39	0	42	0.00	0.00	65.34	7.65	0.00	0.00	2000
229	11.00	2082	2104	0.00	198	0	0	0	nan	0.00	0.29	4.52	84.41	89.00	0.00	39	0	42	0.00	0.00	67.03	7.76	0.00	0.00	2000
227	11.21	2028	2102	0.00	198	0	0	0	nan	0.00	0.97	5.61	82.34	88.79	0.00	39	0	42	0.00	0.00	64.95	7.58	0.00	0.00	2000
231	10.96	2118	2093	0.00	199	0	0	0	nan	0.00	0.46	6.22	82.11	89.04	0.00	39	0	42	0.00	0.00	65.07	7.42	0.00	0.00	2000
231	11.36	2022	2108	0.00	196	0	0	0	nan	0.00	0.00	5.92	83.14	88.64	0.00	39	0	42	0.00	0.00	63.17	7.07	0.00	0.00	2000
231	11.13	2074	2106	0.00	202	0	0	0	nan	0.00	0.00	5.73	83.43	88.87	0.00	39	0	42	0.00	0.00	65.23	7.50	0.00	0.00	2000
228	10.76	2127	2095	0.00	199	0	0	0	nan	0.00	0.00	6.51	82.50	89.24	0.00	40	0	42	0.00	0.00	65.84	7.61	0.00	0.00	2000
231	11.20	2068	2096	0.00	202	0	0	0	nan	0.00	0.00	7.36	81.41	88.80	0.00	39	0	42	0.00	0.00	64.18	7.41	0.00	0.00	2000
228	10.68	2131	2102	0.00	199	0	0	0	89.58	0.00	0.00	5.99	83.40	89.32	0.00	39	0	42	0.00	0.00	66.10	7.56	0.00	0.00	2000
232	11.21	2069	2099	0.85	200	0	0	7	51.74	0.00	0.00	5.10	83.74	88.79	0.00	39	0	42	0.00	0.00	63.97	7.46	0.00	0.00	2000
231	10.83	2133	2102	0.06	202	0	0	0	nan	0.00	0.04	5.93	83.16	89.17	0.00	39	0	42	0.00	0.00	65.87	7.61	0.00	0.00	2000
229	11.41	2009	2097	0.00	200	0	0	0	nan	0.00	0.03	5.05	83.48	88.59	0.00	39	0	42	0.00	0.00	63.50	7.49	0.00	0.00	2000
237	11.52	2050	2107	0.00	200	0	0	0	nan	0.00	0.00	6.34	82.41	88.48	0.00	40	0	42	0.00	0.00	65.86	7.48	0.00	0.00	2000
230	11.10	2087	2086	0.00	198	0	0	0	nan	0.00	0.00	6.55	81.78	88.90	0.00	39	0	42	0.00	0.00	65.09	7.64	0.00	0.00	2000
229	10.95	2074	2114	0.00	197	0	0	0	nan	0.00	0.00	7.35	82.35	89.05	0.00	39	0	42	0.00	0.00	65.60	7.47	0.00	0.00	2000
231	11.44	2022	2094	0.00	203	0	0	0	nan	0.00	0.00	6.97	81.47	88.56	0.00	39	0	42	0.00	0.00	64.60	7.46	0.00	0.00	2000
228	11.16	2046	2092	0.00	197	0	0	0	nan	0.00	0.00	6.33	82.26	88.84	0.00	39	0	42	0.00	0.00	65.40	7.58	0.00	0.00	2000
231	10.79	2138	2100	0.00	196	0	0	0	nan	0.00	0.00	6.72	82.44	89.21	0.00	39	0	42	0.00	0.00	65.74	7.60	0.00	0.00	2000
232	11.26	2075	2082	0.00	182	0	0	0	nan	0.00	0.00	5.85	82.21	88.74	0.00	40	0	42	0.00	0.00	60.98	7.07	0.00	0.00	2000
229	10.51	2144	2131	0.00	214	0	0	0	nan	0.00	0.00	7.16	83.67	89.49	0.00	39	0	42	0.00	0.00	68.52	7.97	0.00	0.00	2000
233	11.03	2106	2109	0.00	198	0	0	0	nan	0.00	0.00	6.20	83.20	88.97	0.00	39	0	42	0.00	0.00	65.31	7.67	0.00	0.00	2000
228	10.75	2137	2079	0.00	203	0	0	0	nan	0.00	0.01	6.03	82.43	89.25	0.00	39	0	42	0.00	0.00	62.42	7.42	0.00	0.00	2000
230	10.92	2095	2115	0.00	183	0	0	0	nan	0.00	0.06	5.21	84.54	89.08	0.00	39	0	42	0.00	0.00	66.45	7.72	0.00	0.00	2000
227	10.76	2129	2084	0.00	197	0	0	0	nan	0.00	0.02	4.26	84.36	89.24	0.00	40	0	42	0.00	0.00	64.34	7.41	0.00	0.00	2000
228	11.12	2056	2093	0.00	199	0	0	0	nan	0.00	0.02	5.33	83.36	88.88	0.00	40	0	42	0.00	0.00	65.38	7.31	0.00	0.00	2000
235	11.10	2086	2133	0.00	198	0	0	0	nan	0.00	0.03	5.50	84.86	88.90	0.00	39	0	42	0.00	0.00	63.79	7.80	0.00	0.00	2000
231	10.74	2156	2097	0.60	202	0	0	6	44.33	0.00	0.03	3.35	85.83	89.26	0.00	39	0	42	0.00	0.00	67.60	7.92	0.00	0.00	2000
228	11.43	2008	2089	0.35	201	0	0	0	nan	0.00	0.00	5.89	82.28	88.57	0.00	39	0	42	0.00	0.00	64.61	7.42	0.00	0.00	2000
229	11.23	2033	2103	0.00	198	0	0	0	nan	0.00	0.00	6.21	82.73	88.77	0.00	40	0	42	0.00	0.00	65.02	7.54	0.00	0.00	2000
230	11.18	2068	2092	0.00	197	0	0	0	nan	0.00	0.01	5.24	83.26	88.82	0.00	39	0	42	0.00	0.00	65.30	7.69	0.00	0.00	2000
228	11.03	2060	2108	0.00	198	0	0	0	nan	0.00	0.00	6.26	83.11	88.97	0.00	39	0	42	0.00	0.00	65.65	7.64	0.00	0.00	2000
232	11.23	2068	2099	0.00	199	0	0	0	nan	0.00	0.00	6.34	82.48	88.77	0.00	40	0	42	0.00	0.00	65.12	7.53	0.00	0.00	2000
230	11.34	2026	2097	0.00	202	0	0	0	nan	0.00	0.01	6.56	82.08	88.66	0.00	39	0	42	0.00	0.00	64.49	7.63	0.00	0.00	2000
230	11.04	2076	2104	0.00	196	0	0	0	nan	0.00	0.00	6.48	82.69	88.96	0.00	39	0	43	0.00	0.00	65.29	7.50	0.00	0.00	2000
229	11.03	2080	2098	0.00	198	0	0	0	nan	0.00	0.00	5.78	83.16	88.97	0.00	39	0	42	0.00	0.00	65.22	7.44	0.00	0.00	2000
231	11.15	2067	2100	0.00	199	0	0	0	nan	0.00	0.06	4.74	84.11	88.85	0.00	39	0	42	0.00	0.00	64.88	7.38	0.00	0.00	2000
231	10.97	2100	2101	0.00	199	0	0	0	nan	0.00	1.08	4.45	83.60	89.03	0.00	39	0	42	0.00	0.00	65.65	7.51	0.00	0.00	2000
230	10.94	2123	2083	0.00	203	0	0	0	nan	0.00	0.00	6.03	82.37	89.06	0.00	39	0	42	0.00	0.00	62.57	7.23	0.00	0.00	2000
226	11.06	2065	2076	0.00	198	0	0	0	nan	0.00	0.47	6.35	81.22	88.94	0.00	39	0	42	0.00	0.00	62.75	7.15	0.00	0.00	2000
230	10.88	2088	2130	0.00	198	0	0	0	nan	0.00	0.47	6.54	83.41	89.12	0.00	40	0	42	0.00	0.00	68.26	7.87	0.00	0.00	2000
232	10.73	2148	2115	0.00	199	0	0	0	nan	0.00	0.00	4.87	85.05	89.27	0.00	39	0	42	0.00	0.00	66.96	7.74	0.00	0.00	2000
230	11.02	2091	2097	0.00	197	0	0	0	nan	0.00	0.00	5.79	83.15	88.98	0.00	39	0	42	0.00	0.00	65.62	7.76	0.00	0.00	2000
230	11.11	2082	2087	0.00	200	0	0	0	nan	0.01	0.00	5.87	82.56	88.89	0.00	39	0	42	0.00	0.00	62.38	7.18	0.00	0.00	2000
229	11.13	2091	2069	0.36	182	0	0	6	50.90	0.00	0.00	6.02	81.59	88.87	0.00	39	0	42	0.00	0.00	63.30	7.28	0.00	0.00	2000
231	10.62	2127	2147	0.54	214	0	0	2	78.88	0.00	0.00	7.86	83.59	89.38	0.00	39	0	42	0.00	0.00	69.12	8.07	0.00	0.00	2000
229	11.15	2054	2097	0.00	198	0	0	0	nan	0.00	0.00	6.44	82.31	88.85	0.00	39	0	42	0.00	0.00	64.56	7.67	0.00	0.00	2000
230	10.59	2180	2090	0.00	198	0	0	0	nan	0.00	0.00	5.66	83.31	89.41	0.00	39	0	42	0.00	0.00	63.16	7.45	0.00	0.00	2000
233	11.28	2055	2107	0.00	203	0	0	0	nan	0.00	0.01	5.96	83.13	88.72	0.00	39	0	42	0.00	0.00	64.97	7.45	0.00	0.00	2000
234	11.58	2020	2098	0.00	203	0	0	0	nan	0.00	0.00	6.66	81.83	88.42	0.00	39	0	42	0.00	0.00	64.93	7.57	0.00	0.00	2000
230	10.84	2129	2092	0.00	185	0	0	0	nan	0.01	0.01	5.33	83.56	89.16	0.00	39	0	42	0.00	0.00	64.08	7.44	0.00	0.00	2000
227	10.92	2089	2089	0.00	198	0	0	0	nan	0.00	0.02	5.86	82.76	89.08	0.00	40	0	42	0.00	0.00	65.18	7.53	0.00	0.00	2000
233	10.88	2160	2080	0.00	197	0	0	0	nan	0.00	0.49	4.56	83.20	89.12	0.00	40	0	42	0.00	0.00	65.65	7.43	0.00	0.00	2000
231	10.81	2086	2146	0.00	218	0	0	0	nan	0.00	0.00	7.34	83.85	89.19	0.00	39	0	42	0.00	0.00	65.14	7.48	0.00	0.00	2000
234	11.12	2104	2103	0.00	198	0	0	0	nan	0.00	0.00	8.30	80.80	88.88	0.00	40	0	42	0.00	0.00	65.68	7.54	0.00	0.00	2000
230	11.06	2092	2091	0.00	201	0	0	0	nan	0.00	0.02	7.40	81.15	88.94	0.00	39	0	42	0.00	0.00	64.42	7.42	0.00	0.00	2000
230	11.32	2031	2105	0.00	199	0	0	0	nan	0.00	0.00	5.94	83.04	88.68	0.00	40	0	42	0.00	0.00	64.94	7.41	0.00	0.00	2000
231	10.79	2131	2107	0.00	198	0	0	0	nan	0.00	0.00	6.20	83.29	89.21	0.00	39	0	42	0.00	0.00	64.69	7.31	0.00	0.00	2000
233	11.16	2086	2103	0.00	184	0	0	0	nan	0.00	0.00	6.03	83.00	88.84	0.00	40	0	42	0.00	0.00	66.19	7.63	0.00	0.00	2000
229	10.54	2176	2097	0.00	203	0	0	0	nan	0.00	0.00	5.64	83.68	89.46	0.00	40	0	42	0.00	0.00	64.14	7.24	0.00	0.00	2000
229	10.95	2098	2096	0.00	198	0	0	0	nan	0.00	0.02	5.85	83.10	89.05	0.00	39	0	42	0.00	0.00	65.48	7.35	0.00	0.00	2000
228	11.23	2031	2098	0.00	199	0	0	3	53.96	0.00	0.03	4.61	84.11	88.77	0.00	39	0	42	0.00	0.00	65.11	7.52	0.00	0.00	2000
231	10.88	2125	2095	0.81	199	0	0	4	60.82	0.00	0.03	4.28	84.69	89.12	0.00	39	0	42	0.00	0.00	63.12	7.17	0.00	0.00	2000
229	11.18	2087	2063	0.00	182	0	0	0	nan	0.00	0.02	5.73	81.54	88.82	0.00	39	0	42	0.00	0.00	66.05	7.67	0.00	0.00	2000
232	10.78	2107	2142	0.00	219	0	0	0	nan	0.00	0.04	4.94	86.08	89.22	0.00	40	0	42	0.00	0.00	65.17	7.38	0.00	0.00	2000
229	10.68	2153	2089	0.00	198	0	0	0	nan	0.00	0.00	6.02	82.88	89.32	0.00	39	0	42	0.00	0.00	63.60	7.40	0.00	0.00	2000
232	11.03	2088	2117	0.00	198	0	0	0	nan	0.00	0.00	7.10	82.75	88.97	0.00	39	0	42	0.00	0.00	66.82	7.55	0.00	0.00	2000
228	10.94	2090	2092	0.00	181	0	0	0	nan	0.00	0.00	5.53	83.27	89.06	0.00	39	0	42	0.00	0.00	64.86	7.19	0.00	0.00	2000
227	10.71	2141	2075	0.00	198	0	0	0	nan	0.00	0.00	5.61	82.65	89.29	0.00	39	0	42	0.00	0.00	64.70	7.45	0.00	0.00	2000
236	11.20	2069	2135	0.00	198	0	0	0	nan	0.00	0.02	6.13	84.11	88.80	0.00	40	0	42	0.00	0.00	66.84	7.75	0.00	0.00	2000
232	10.62	2184	2099	0.00	203	0	0	0	nan	0.00	0.03	5.65	83.65	89.38	0.00	39	0	42	0.00	0.00	63.79	7.23	0.00	0.00	2000
228	11.08	2067	2095	0.00	202	0	0	0	nan	0.00	0.02	5.86	82.90	88.92	0.00	39	0	42	0.00	0.00	65.23	7.47	0.00	0.00	2000
229	11.02	2081	2095	0.00	198	0	0	0	nan	0.00	0.54	4.29	84.04	88.98	0.00	39	0	43	0.00	0.00	64.74	7.46	0.00	0.00	2000
231	10.81	2139	2100	0.00	197	0	0	0	nan	0.00	0.00	5.31	83.85	89.19	0.00	39	0	43	0.00	0.00	65.13	7.45	0.00	0.00	2000
228	10.89	2093	2105	0.00	198	0	0	0	nan	0.00	0.00	5.57	83.78	89.11	0.00	39	0	42	0.00	0.00	64.85	7.42	0.00	0.00	2000
231	11.27	2046	2100	0.00	204	0	0	0	nan	0.00	0.21	4.96	83.52	88.73	0.00	40	0	42	0.00	0.00	65.56	7.56	0.00	0.00	2000
229	11.48	2048	2042	0.00	199	0	0	0	nan	0.00	0.90	5.68	79.54	88.52	0.00	39	0	42	0.00	0.00	62.11	7.24	0.00	0.00	2000
228	10.74	2064	2160	0.00	217	0	0	0	nan	0.00	0.00	6.91	84.97	89.26	0.00	40	0	42	0.00	0.00	65.66	7.51	0.00	0.00	2000
230	11.11	2061	2105	0.00	198	0	0	2	62.96	0.00	0.00	6.37	82.82	88.89	0.00	39	0	42	0.00	0.00	64.66	7.43	0.00	0.00	2000
228	10.95	2097	2089	0.84	199	0	0	6	56.75	0.00	0.00	5.57	83.11	89.05	0.00	40	0	43	0.00	0.00	65.81	7.52	0.00	0.00	2000
230	11.02	2107	2083	0.00	203	0	0	0	nan	0.00	0.04	6.88	81.37	88.98	0.00	39	0	42	0.00	0.00	65.07	7.37	0.00	0.00	2000
231	10.89	2105	2116	0.00	198	0	0	0	nan	0.00	0.00	7.52	82.30	89.11	0.00	39	0	42	0.00	0.00	66.02	7.66	0.00	0.00	2000
229	11.21	2038	2108	0.00	198	0	0	0	nan	0.00	0.00	6.53	82.63	88.79	0.00	40	0	42	0.00	0.00	63.96	7.50	0.00	0.00	2000
228	11.22	2032	2096	0.00	199	0	0	0	nan	0.00	0.00	6.24	82.42	88.78	0.00	40	0	42	0.00	0.00	64.13	7.60	0.00	0.00	2000
231	11.15	2064	2106	0.00	198	0	0	0	nan	0.00	0.00	5.77	83.27	88.85	0.00	39	0	42	0.00	0.00	64.68	7.78	0.00	0.00	2000
230	10.92	2119	2088	0.00	204	0	0	0	nan	0.00	0.02	5.71	82.91	89.08	0.00	39	0	42	0.00	0.00	66.48	7.55	0.00	0.00	2000
233	11.68	1987	2110	0.00	213	0	0	0	nan	0.00	0.01	9.81	78.93	88.32	0.00	40	0	42	0.00	0.00	64.34	7.53	0.00	0.00	2000
229	10.66	2144	2099	0.00	199	0	0	0	nan	0.00	0.01	6.05	83.22	89.34	0.00	40	0	42	0.00	0.00	65.42	7.63	0.00	0.00	2000
230	10.91	2105	2103	0.00	198	0	0	0	nan	0.00	0.52	6.49	82.26	89.09	0.00	39	0	42	0.00	0.00	65.36	7.54	0.00	0.00	2000
231	10.87	2117	2105	0.00	198	0	0	0	nan	0.00	0.00	6.75	82.60	89.13	0.00	39	0	42	0.00	0.00	66.48	7.65	0.00	0.00	2000
232	10.53	2224	2077	0.00	202	0	0	0	nan	0.00	0.98	4.92	82.47	89.47	0.00	39	0	42	0.00	0.00	64.40	7.35	0.00	0.00	2000
225	11.05	2069	2070	0.00	205	0	0	0	nan	0.00	0.00	5.18	82.48	88.95	0.00	40	0	43	0.00	0.00	62.64	7.27	0.00	0.00	2000
233	11.08	2052	2154	0.00	198	0	0	0	nan	0.00	0.00	7.11	84.19	88.92	0.00	40	0	42	0.00	0.00	65.44	7.70	0.00	0.00	2000
228	10.83	2106	2097	0.00	198	0	0	0	nan	0.00	0.00	5.64	83.43	89.17	0.00	39	0	42	0.00	0.00	66.24	7.56	0.00	0.00	2000
233	10.55	2201	2102	0.00	200	0	0	0	nan	0.00	0.00	6.04	83.52	89.45	0.00	40	0	42	0.00	0.00	66.87	7.37	0.00	0.00	2000
230	10.76	2139	2098	0.00	198	0	0	0	84.83	0.00	0.02	5.08	83.99	89.25	0.00	39	0	42	0.00	0.00	65.62	7.38	0.00	0.00	2000
230	10.74	2146	2101	0.83	204	0	0	6	48.44	0.00	0.00	6.29	83.03	89.26	0.00	39	0	43	0.00	0.00	65.09	7.52	0.00	0.00	2000
236	11.30	2090	2101	0.09	183	0	0	0	nan	0.00	0.05	4.28	84.52	88.70	0.00	40	0	42	0.00	0.00	60.36	7.08	0.00	0.00	2000
227	11.07	2118	2031	0.00	198	0	0	0	nan	0.00	0.08	2.55	83.49	88.93	0.00	39	0	42	0.00	0.00	63.92	7.34	0.00	0.00	2000
229	11.19	1979	2169	0.00	214	0	0	0	nan	0.01	0.02	5.17	86.65	88.81	0.00	39	0	42	0.00	0.00	67.18	7.75	0.00	0.00	2000
234	11.27	2067	2109	0.00	198	0	0	0	nan	0.00	0.00	5.94	83.31	88.73	0.00	40	0	42	0.00	0.00	65.13	7.44	0.00	0.00	2000
228	11.27	2028	2094	0.00	202	0	0	0	nan	0.00	0.05	4.06	84.54	88.73	0.00	40	0	42	0.00	0.00	65.54	7.80	0.00	0.00	2000
231	10.97	2108	2099	0.00	198	0	0	0	nan	0.00	0.97	5.52	82.59	89.03	0.00	39	0	42	0.00	0.00	65.61	7.83	0.00	0.00	2000
228	10.81	2110	2100	0.00	198	0	0	0	nan	0.00	0.00	7.52	81.76	89.19	0.00	39	0	42	0.00	0.00	65.38	7.73	0.00	0.00	2000
230	10.91	2106	2103	0.00	199	0	0	0	nan	0.00	0.02	6.20	83.14	89.09	0.00	40	0	42	0.00	0.00	66.80	7.81	0.00	0.00	2000
230	11.06	2074	2102	0.00	182	0	0	0	nan	0.00	0.02	5.14	84.00	88.94	0.00	40	0	42	0.00	0.00	61.61	7.29	0.00	0.00	2000
233	11.12	2099	2094	0.00	204	0	0	0	nan	0.00	0.02	4.17	84.39	88.88	0.00	39	0	42	0.00	0.00	66.20	7.78	0.00	0.00	2000
228	11.08	2061	2098	0.00	198	0	0	0	nan	0.00	0.00	6.42	82.53	88.92	0.00	39	0	42	0.00	0.00	65.04	7.57	0.00	0.00	2000
230	11.06	2080	2099	0.00	200	0	0	0	nan	0.00	0.00	6.12	82.85	88.94	0.00	39	0	42	0.00	0.00	65.43	7.49	0.00	0.00	2000
228	11.13	2053	2100	0.00	198	0	0	0	nan	0.00	0.00	5.21	83.76	88.87	0.00	39	0	42	0.00	0.00	64.57	7.42	0.00	0.00	2000
231	11.48	2012	2099	0.00	202	0	0	0	nan	0.00	0.02	5.58	82.97	88.52	0.00	40	0	42	0.00	0.00	64.56	7.44	0.00	0.00	2000
231	11.14	2067	2102	0.00	199	0	0	0	nan	0.00	1.10	4.46	83.50	88.86	0.00	40	0	42	0.00	0.00	65.47	7.68	0.00	0.00	2000
229	11.24	2039	2096	0.00	204	0	0	0	nan	0.00	0.00	7.06	81.61	88.76	0.00	39	0	42	0.00	0.00	64.60	7.35	0.00	0.00	2000
228	10.90	2105	2090	0.57	199	0	0	6	47.52	0.00	0.00	6.46	82.31	89.10	0.00	39	0	42	0.00	0.00	65.23	7.52	0.00	0.00	2000
234	11.37	2037	2118	0.36	198	0	0	0	nan	0.00	0.00	6.19	83.31	88.63	0.00	39	0	42	0.00	0.00	65.03	7.62	0.00	0.00	2000
227	11.07	2057	2095	0.00	198	0	0	0	nan	0.00	0.00	6.11	82.73	88.93	0.00	39	0	42	0.00	0.00	65.27	7.55	0.00	0.00	2000
232	11.40	2047	2090	0.00	195	0	0	0	nan	0.00	0.00	5.56	82.69	88.60	0.00	39	0	42	0.00	0.00	64.10	7.58	0.00	0.00	2000
229	11.19	2039	2107	0.00	204	0	0	0	nan	0.00	0.00	7.17	82.04	88.81	0.00	39	0	42	0.00	0.00	64.81	7.61	0.00	0.00	2000
231	11.05	2094	2095	0.00	199	0	0	0	nan	0.00	0.00	5.70	83.15	88.95	0.00	39	0	42	0.00	0.00	65.34	7.62	0.00	0.00	2000
232	11.11	2079	2109	0.00	198	0	0	0	nan	0.00	0.00	5.83	83.46	88.89	0.00	40	0	43	0.00	0.00	65.14	7.52	0.00	0.00	2000
228	10.88	2094	2102	0.00	198	0	0	0	nan	0.00	0.00	6.01	83.26	89.12	0.00	39	0	42	0.00	0.00	65.50	7.51	0.00	0.00	2000
229	11.01	2084	2097	0.00	200	0	0	0	nan	0.00	0.00	6.05	82.83	88.99	0.00	40	0	42	0.00	0.00	65.01	7.57	0.00	0.00	2000
232	11.57	2007	2098	0.00	203	0	0	0	nan	0.00	0.17	6.59	81.63	88.43	0.00	39	0	42	0.00	0.00	64.05	7.49	0.00	0.00	2000
227	11.23	2019	2102	0.00	197	0	0	0	nan	0.02	0.00	7.00	81.99	88.77	0.00	39	0	42	0.00	0.00	64.83	7.48	0.00	0.00	2000
230	11.02	2095	2091	0.00	197	0	0	0	nan	0.00	1.02	4.69	83.01	88.98	0.00	39	0	42	0.00	0.00	64.92	7.69	0.00	0.00	2000
231	10.69	2145	2111	0.00	199	0	0	0	nan	0.01	0.00	6.26	83.65	89.31	0.00	39	0	42	0.00	0.00	65.68	7.70	0.00	0.00	2000
229	11.05	2069	2099	0.00	197	0	0	0	nan	0.00	0.00	6.49	82.52	88.95	0.00	39	0	42	0.00	0.00	64.91	7.54	0.00	0.00	2000
231	11.54	2005	2095	0.00	204	0	0	0	nan	0.00	0.00	6.10	82.23	88.46	0.00	39	0	42	0.00	0.00	64.60	7.59	0.00	0.00	2000
228	11.05	2064	2096	0.00	197	0	0	0	nan	0.00	0.00	6.49	82.39	88.95	0.00	39	0	43	0.00	0.00	65.14	7.66	0.00	0.00	2000
231	11.20	2051	2109	0.00	199	0	0	0	nan	0.00	0.00	6.45	82.74	88.80	0.00	39	0	42	0.00	0.00	65.13	7.67	0.00	0.00	2000
227	10.99	2078	2089	0.36	198	0	0	6	55.42	0.00	0.00	6.23	82.35	89.01	0.00	39	0	43	0.00	0.00	65.06	7.62	0.00	0.00	2000
232	11.29	2075	2083	0.56	201	0	0	2	69.27	0.00	0.00	7.61	80.45	88.71	0.00	39	0	42	0.00	0.00	61.68	7.21	0.00	0.00	2000
234	11.09	2078	2129	0.00	201	0	0	0	nan	0.00	0.00	7.05	83.10	88.93	0.00	39	0	42	0.00	0.00	68.54	8.00	0.00	0.00	2000
229	11.04	2070	2100	0.00	202	0	0	0	nan	0.00	0.02	6.54	82.52	88.96	0.00	39	0	42	0.00	0.00	65.48	7.60	0.00	0.00	2000
236	11.31	2107	2083	0.00	197	0	0	0	nan	0.00	0.00	6.41	81.59	88.69	0.00	39	0	42	0.00	0.00	60.14	7.11	0.00	0.00	2000
229	11.35	2009	2112	0.00	199	0	0	0	nan	0.00	0.54	5.06	83.70	88.65	0.00	39	0	42	0.00	0.00	69.91	8.12	0.00	0.00	2000
229	11.04	2088	2089	0.00	198	0	0	0	nan	0.02	0.00	5.40	83.18	88.96	0.00	39	0	42	0.00	0.00	59.99	6.96	0.00	0.00	2000
233	11.55	2009	2108	0.00	197	0	0	0	nan	0.00	0.00	6.56	82.29	88.45	0.00	39	0	43	0.00	0.00	66.11	7.72	0.00	0.00	2000
228	11.12	2043	2105	0.00	204	0	0	0	nan	0.00	0.00	7.16	82.00	88.88	0.00	39	0	43	0.00	0.00	67.95	7.84	0.00	0.00	2000
232	11.09	2090	2099	0.00	202	0	0	0	nan	0.00	0.03	6.74	82.18	88.91	0.00	40	0	42	0.00	0.00	63.14	7.24	0.00	0.00	2000
231	11.22	2055	2103	0.00	199	0	0	0	nan	0.00	0.00	6.68	82.33	88.78	0.00	40	0	42	0.00	0.00	64.20	7.57	0.00	0.00	2000
230	11.39	2027	2091	0.00	198	0	0	0	nan	0.00	0.00	6.19	82.13	88.61	0.00	39	0	42	0.00	0.00	65.11	7.66	0.00	0.00	2000
230	10.59	2163	2111	0.00	199	0	0	0	nan	0.00	0.00	6.48	83.40	89.41	0.00	40	0	42	0.00	0.00	65.79	7.36	0.00	0.00	2000
232	10.85	2131	2109	0.00	187	0	0	0	nan	0.00	0.00	6.43	83.14	89.15	0.00	39	0	42	0.00	0.00	65.30	8.03	0.00	0.00	2000
229	10.83	2119	2096	0.00	199	0	0	0	nan	0.00	0.00	5.76	83.31	89.17	0.00	40	0	42	0.00	0.00	65.49	7.76	0.00	0.00	2000
226	10.66	2135	2084	0.00	198	0	0	0	nan	0.00	0.02	5.30	83.36	89.34	0.00	40	0	42	0.00	0.00	63.67	7.65	0.00	0.00	2000
232	10.99	2104	2109	0.00	201	0	0	0	nan	0.00	0.57	4.05	84.83	89.01	0.00	40	0	42	0.00	0.00	65.23	7.83	0.00	0.00	2000
227	10.99	2063	2101	0.00	198	0	0	5	33.95	0.00	0.02	3.89	85.18	89.01	0.00	39	0	42	0.00	0.00	65.40	7.71	0.00	0.00	2000
233	10.91	2143	2095	1.01	199	0	0	7	45.19	0.00	0.00	5.60	83.31	89.09	0.00	40	0	42	0.00	0.00	65.08	7.74	0.00	0.00	2000
227	11.08	2053	2099	0.00	203	0	0	0	nan	0.00	0.00	6.80	82.13	88.92	0.00	39	0	42	0.00	0.00	64.46	7.83	0.00	0.00	2000
231	11.13	2072	2103	0.00	199	0	0	0	nan	0.00	0.97	6.15	81.96	88.87	0.00	40	0	42	0.00	0.00	63.10	7.42	0.00	0.00	2000
231	11.21	2062	2094	0.00	203	0	0	0	nan	0.00	0.00	6.99	81.60	88.79	0.00	40	0	42	0.00	0.00	67.36	8.01	0.00	0.00	2000
230	11.18	2051	2109	0.00	199	0	0	0	nan	0.00	0.00	6.13	83.10	88.82	0.00	40	0	42	0.00	0.00	63.15	7.42	0.00	0.00	2000
228	10.79	2117	2095	0.00	199	0	0	0	nan	0.00	0.00	5.96	82.96	89.21	0.00	40	0	42	0.00	0.00	65.08	7.87	0.00	0.00	2000
232	10.96	2122	2093	0.00	207	0	0	0	nan	0.00	0.00	7.08	81.72	89.04	0.00	40	0	42	0.00	0.00	66.22	7.69	0.00	0.00	2000
225	11.03	2083	2057	0.00	182	0	0	0	nan	0.00	0.02	5.95	81.27	88.97	0.00	40	0	42	0.00	0.00	62.55	7.32	0.00	0.00	2000
234	11.02	2064	2159	0.00	214	0	0	0	nan	0.00	0.56	5.08	85.91	88.98	0.00	40	0	42	0.00	0.00	68.25	8.03	0.00	0.00	2000
229	10.95	2091	2095	0.00	198	0	0	0	nan	0.00	0.02	4.65	84.14	89.05	0.00	40	0	42	0.00	0.00	64.08	7.46	0.00	0.00	2000
229	11.12	2055	2101	0.00	199	0	0	0	nan	0.00	0.02	4.40	84.44	88.88	0.00	40	0	42	0.00	0.00	64.52	7.51	0.00	0.00	2000
231	11.20	2068	2095	0.00	203	0	0	0	nan	0.00	0.01	5.25	83.37	88.80	0.00	40	0	42	0.00	0.00	65.67	7.80	0.00	0.00	2000
229	11.50	1986	2106	0.00	198	0	0	0	nan	0.00	0.96	5.35	82.62	88.50	0.00	40	0	42	0.00	0.00	64.46	7.68	0.00	0.00	2000
229	11.01	2080	2098	0.00	198	1	0	0	nan	0.00	0.00	7.71	81.25	88.99	0.00	40	0	42	0.00	0.00	65.97	7.70	0.00	0.00	2000
228	11.08	2059	2098	0.00	198	0	0	0	nan	0.00	0.95	6.62	81.36	88.92	0.00	39	0	42	0.00	0.00	64.66	7.61	0.00	0.00	2000
227	11.14	2039	2098	0.00	199	0	0	0	nan	0.00	0.00	6.71	82.13	88.86	0.00	39	0	42	0.00	0.00	64.72	7.63	0.00	0.00	2000
233	11.13	2088	2107	0.00	202	0	0	4	42.36	0.00	0.00	6.12	83.10	88.87	0.00	40	0	42	0.00	0.00	64.86	7.59	0.00	0.00	2000
228	11.01	2080	2093	1.06	198	0	0	8	35.53	0.00	0.00	6.14	82.63	88.99	0.00	40	0	42	0.00	0.00	65.46	7.59	0.00	0.00	2000
229	11.00	2093	2092	0.00	198	0	0	0	nan	0.00	0.02	5.57	83.17	89.00	0.00	39	0	42	0.00	0.00	64.92	7.80	0.00	0.00	2000
230	11.05	2068	2111	0.00	199	0	0	0	nan	0.00	0.00	5.64	83.85	88.95	0.00	40	0	42	0.00	0.00	66.23	7.93	0.00	0.00	2000
230	10.92	2106	2096	0.00	198	0	0	0	nan	0.00	0.00	6.04	82.86	89.08	0.00	40	0	42	0.00	0.00	64.58	7.78	0.00	0.00	2000
232	10.74	2150	2112	0.00	198	0	0	0	nan	0.00	0.00	6.40	83.49	89.26	0.00	39	0	42	0.00	0.00	66.50	7.83	0.00	0.00	2000
230	10.87	2129	2087	0.00	202	0	0	0	nan	0.00	0.00	5.66	82.88	89.13	0.00	40	0	42	0.00	0.00	64.38	7.57	0.00	0.00	2000
227	10.86	2088	2102	0.00	199	0	0	0	nan	0.00	0.02	5.83	83.43	89.14	0.00	40	0	42	0.00	0.00	64.94	7.64	0.00	0.00	2000
231	11.29	2045	2100	0.00	201	0	0	0	nan	0.00	0.00	7.78	81.14	88.71	0.00	39	0	43	0.00	0.00	64.98	7.76	0.00	0.00	2000
228	11.31	2013	2101	0.00	199	0	0	0	nan	0.00	0.45	6.71	81.80	88.69	0.00	40	0	42	0.00	0.00	64.91	7.77	0.00	0.00	2000
228	11.81	1991	2040	0.00	198	0	0	0	nan	0.00	0.00	6.12	79.73	88.19	0.00	40	0	42	0.00	0.00	62.35	7.50	0.00	0.00	2000
228	11.01	2014	2163	0.00	217	0	0	0	nan	0.00	0.02	6.79	84.97	88.99	0.00	40	0	42	0.00	0.00	68.30	8.03	0.00	0.00	2000
231	11.24	2049	2105	0.00	195	0	0	0	nan	0.00	0.00	5.84	83.23	88.76	0.00	40	0	42	0.00	0.00	65.04	7.73	0.00	0.00	2000
227	11.07	2055	2096	0.00	198	0	0	0	nan	0.00	0.00	5.76	83.14	88.93	0.00	40	0	42	0.00	0.00	65.36	7.69	0.00	0.00	2000
231	11.09	2075	2104	0.00	199	0	0	0	nan	0.00	0.00	5.79	83.25	88.91	0.00	39	0	42	0.00	0.00	65.48	7.86	0.00	0.00	2000
229	11.11	2074	2085	0.00	199	0	0	0	nan	0.00	0.00	6.37	81.98	88.89	0.00	39	0	42	0.00	0.00	64.40	7.72	0.00	0.00	2000
236	11.30	2087	2104	0.00	209	0	0	0	nan	0.00	0.00	5.59	83.44	88.70	0.00	40	0	42	0.00	0.00	65.09	7.72	0.00	0.00	2000
230	10.86	2102	2111	0.00	198	0	0	2	53.40	0.00	0.00	5.89	83.80	89.14	0.00	40	0	42	0.00	0.00	65.81	7.82	0.00	0.00	2000
229	11.27	2037	2091	1.09	199	0	0	10	37.59	0.00	0.54	4.86	83.13	88.73	0.00	40	0	42	0.00	0.00	64.20	7.59	0.00	0.00	2000
232	11.23	2053	2111	0.00	197	0	0	0	nan	0.00	0.01	4.26	84.98	88.77	0.00	40	0	42	0.00	0.00	65.44	7.72	0.00	0.00	2000
231	11.38	2031	2098	0.00	200	0	0	0	nan	0.00	0.01	4.81	83.83	88.62	0.00	40	0	43	0.00	0.00	64.38	7.75	0.00	0.00	2000
230	10.87	2117	2101	0.00	204	0	0	0	nan	0.00	0.03	5.59	83.53	89.13	0.00	40	0	42	0.00	0.00	65.95	7.91	0.00	0.00	2000
230	10.89	2115	2098	0.00	198	0	0	0	nan	0.00	0.00	5.50	83.55	89.11	0.00	40	0	42	0.00	0.00	65.38	7.90	0.00	0.00	2000
228	10.80	2112	2099	0.00	198	0	0	0	nan	0.00	0.00	6.76	82.43	89.20	0.00	40	0	42	0.00	0.00	65.10	7.72	0.00	0.00	2000
228	11.15	2051	2096	0.00	199	0	0	0	nan	0.00	0.00	5.94	82.77	88.85	0.00	40	0	42	0.00	0.00	63.85	7.62	0.00	0.00	2000
230	11.01	2077	2109	0.00	198	0	0	0	nan	0.00	0.01	5.94	83.45	88.99	0.00	40	0	42	0.00	0.00	65.88	7.85	0.00	0.00	2000
232	11.13	2103	2084	0.00	203	0	0	0	nan	0.00	0.00	6.31	81.99	88.87	0.00	40	0	42	0.00	0.00	65.69	7.69	0.00	0.00	2000
230	10.81	2115	2111	0.00	198	0	0	0	nan	0.00	0.00	6.99	82.62	89.19	0.00	40	0	42	0.00	0.00	65.06	7.86	0.00	0.00	2000
232	10.74	2151	2105	0.00	186	0	0	0	nan	0.00	0.01	6.87	82.60	89.26	0.00	40	0	42	0.00	0.00	64.43	7.52	0.00	0.00	2000
225	10.72	2128	2070	0.00	199	0	0	0	nan	0.00	0.02	5.54	82.48	89.28	0.00	40	0	42	0.00	0.00	61.51	7.25	0.00	0.00	2000
232	10.90	2108	2124	0.00	214	0	0	0	nan	0.00	0.00	3.68	86.45	89.10	0.00	40	0	42	0.00	0.00	70.09	8.09	0.00	0.00	2000
227	11.10	2069	2072	0.00	188	0	0	0	nan	0.00	0.04	4.60	83.12	88.90	0.00	39	0	42	0.00	0.00	59.37	7.08	0.00	0.00	2000
234	11.14	2064	2135	0.00	215	0	0	0	nan	0.00	0.49	6.50	83.50	88.86	0.00	40	0	42	0.00	0.00	69.30	8.19	0.00	0.00	2000
225	10.92	2117	2042	0.00	182	0	0	0	nan	0.00	0.98	5.45	80.32	89.08	0.00	40	0	42	0.00	0.00	61.47	7.38	0.00	0.00	2000
233	10.63	2134	2162	0.00	214	0	0	0	nan	0.00	1.01	6.37	84.77	89.39	0.00	40	0	42	0.00	0.00	69.55	8.25	0.00	0.00	2000
228	11.02	2071	2096	0.96	199	0	0	10	24.91	0.00	0.00	5.76	83.14	88.98	0.00	40	0	43	0.00	0.00	65.39	7.78	0.00	0.00	2000
234	11.20	2082	2104	0.21	203	0	0	0	nan	0.00	0.00	7.49	81.56	88.80	0.00	39	0	43	0.00	0.00	65.70	7.92	0.00	0.00	2000
228	10.91	2100	2094	0.00	197	0	0	0	nan	0.00	0.02	6.29	82.63	89.09	0.00	40	0	42	0.00	0.00	65.01	7.72	0.00	0.00	2000
231	11.08	2080	2103	0.00	199	0	0	0	nan	0.00	0.00	6.38	82.79	88.92	0.00	39	0	42	0.00	0.00	64.92	7.75	0.00	0.00	2000
228	11.19	2038	2097	0.00	198	0	0	0	nan	0.00	0.00	5.75	82.93	88.81	0.00	40	0	42	0.00	0.00	64.81	7.68	0.00	0.00	2000
231	10.88	2116	2108	0.00	200	0	0	0	nan	0.00	0.00	6.84	82.68	89.12	0.00	40	0	42	0.00	0.00	64.10	7.74	0.00	0.00	2000
228	10.76	2130	2090	0.00	182	0	0	0	nan	0.00	0.00	5.11	83.78	89.24	0.00	39	0	42	0.00	0.00	62.81	7.50	0.00	0.00	2000
233	11.01	2119	2101	0.00	203	0	0	0	nan	0.00	0.01	4.27	84.86	88.99	0.00	40	0	42	0.00	0.00	66.08	7.97	0.00	0.00	2000
232	11.07	2076	2115	0.00	198	0	0	0	nan	0.00	0.03	2.55	86.97	88.93	0.00	40	0	43	0.00	0.00	65.50	7.80	0.00	0.00	2000
222	11.29	2057	2004	0.00	198	0	0	0	nan	0.00	0.04	2.82	81.95	88.71	0.00	39	0	42	0.00	0.00	62.10	7.41	0.00	0.00	2000
234	10.66	2094	2197	0.00	216	0	0	0	nan	0.00	0.03	3.08	90.38	89.34	0.00	39	0	42	0.00	0.00	68.78	8.09	0.00	0.00	2000
231	11.52	2007	2100	0.00	198	0	0	0	nan	0.00	0.02	4.78	83.77	88.48	0.00	40	0	42	0.00	0.00	65.10	7.79	0.00	0.00	2000
228	10.97	2082	2096	0.00	203	0	0	0	nan	0.00	0.26	5.28	83.37	89.03	0.00	40	0	42	0.00	0.00	65.54	7.63	0.00	0.00	2000
231	11.23	2055	2102	0.00	200	1	0	0	nan	0.00	0.01	6.68	82.21	88.77	0.00	39	0	42	0.00	0.00	65.34	7.99	0.00	0.00	2000
226	10.86	2105	2078	0.00	198	0	0	0	nan	0.00	0.00	7.40	80.83	89.14	0.00	39	0	42	0.00	0.00	64.91	7.43	0.00	0.00	2000
237	11.81	1990	2119	0.00	228	0	0	0	nan	0.00	0.01	6.37	82.74	88.19	0.00	40	0	42	0.00	0.00	64.08	7.90	0.00	0.00	2000
230	10.96	2095	2102	0.00	198	0	0	0	nan	0.00	0.00	4.53	84.61	89.04	0.00	40	0	42	0.00	0.00	66.42	8.06	0.00	0.00	2000
231	10.71	2170	2090	0.69	203	0	0	10	26.85	0.00	0.00	6.18	82.74	89.29	0.00	40	0	42	0.00	0.00	60.45	7.23	0.00	0.00	2000
230	11.03	2078	2105	0.46	199	0	0	0	nan	0.00	0.00	7.52	81.69	88.97	0.00	40	0	42	0.00	0.00	67.99	8.03	0.00	0.00	2000
230	11.10	2069	2101	0.00	195	0	0	0	nan	0.00	0.00	5.05	83.96	88.90	0.00	40	0	42	0.00	0.00	66.60	8.09	0.00	0.00	2000
230	10.79	2129	2105	0.00	197	0	0	0	nan	0.00	0.00	4.93	84.53	89.21	0.00	40	0	42	0.00	0.00	63.15	7.33	0.00	0.00	2000
232	11.11	2095	2096	0.00	197	0	0	0	nan	0.00	0.54	4.39	83.82	88.89	0.00	40	0	42	0.00	0.00	67.04	8.10	0.00	0.00	2000
231	11.21	2061	2102	0.00	203	0	0	0	nan	0.00	0.01	6.59	82.38	88.79	0.00	39	0	42	0.00	0.00	62.86	7.36	0.00	0.00	2000
231	10.79	2142	2100	0.00	201	0	0	0	nan	0.00	0.01	7.22	81.96	89.21	0.00	40	0	42	0.00	0.00	65.01	7.71	0.00	0.00	2000
230	10.89	2119	2095	0.00	199	0	0	0	nan	0.00	0.00	6.44	82.44	89.11	0.00	40	0	42	0.00	0.00	64.72	7.60	0.00	0.00	2000
230	11.19	2050	2103	0.00	198	0	0	0	nan	0.00	0.00	6.40	82.58	88.81	0.00	40	0	42	0.00	0.00	67.18	7.83	0.00	0.00	2000
231	10.85	2122	2110	0.00	198	0	0	0	nan	0.00	0.00	5.83	83.79	89.15	0.00	40	0	42	0.00	0.00	61.15	7.37	0.00	0.00	2000
231	11.29	2086	2058	0.00	182	0	0	0	nan	0.00	0.02	5.06	82.03	88.71	0.00	40	0	42	0.00	0.00	65.83	7.77	0.00	0.00	2000
227	10.63	2100	2133	0.00	218	0	0	0	nan	0.00	0.00	7.51	83.26	89.37	0.00	40	0	42	0.00	0.00	66.09	7.76	0.00	0.00	2000
231	11.06	2084	2103	0.00	197	0	0	0	nan	0.00	0.00	5.93	83.19	88.94	0.00	40	0	42	0.00	0.00	65.39	7.65	0.00	0.00	2000
228	11.01	2073	2100	0.00	199	0	0	0	nan	0.00	0.03	5.68	83.34	88.99	0.00	40	0	43	0.00	0.00	64.74	7.80	0.00	0.00	2000
229	11.06	2073	2099	0.00	195	0	0	0	nan	0.00	0.00	5.62	83.29	88.94	0.00	40	0	42	0.00	0.00	61.92	7.27	0.00	0.00	2000
232	10.89	2123	2112	0.00	198	0	0	0	nan	0.00	0.00	6.24	83.43	89.11	0.00	40	0	42	0.00	0.00	66.05	7.68	0.00	0.00	2000
231	10.89	2122	2096	0.00	203	0	0	0	nan	0.00	0.02	5.99	82.99	89.11	0.00	40	0	42	0.00	0.00	67.62	7.85	0.00	0.00	2000
228	11.14	2057	2088	0.37	184	0	0	9	32.68	0.00	0.00	6.85	81.57	88.86	0.00	40	0	42	0.00	0.00	66.08	7.88	0.00	0.00	2000
233	11.16	2074	2114	0.78	198	0	0	4	58.73	0.00	0.01	4.65	84.71	88.84	0.00	39	0	42	0.00	0.00	65.76	7.63	0.00	0.00	2000
228	10.88	2103	2094	0.00	199	0	0	0	nan	0.00	0.03	4.77	84.12	89.12	0.00	40	0	42	0.00	0.00	63.71	7.41	0.00	0.00	2000
228	10.62	2167	2086	0.00	198	0	0	0	nan	0.00	0.00	5.97	82.82	89.38	0.00	39	0	42	0.00	0.00	62.72	7.30	0.00	0.00	2000
233	11.06	2103	2107	0.00	202	0	0	0	nan	0.00	0.00	6.65	82.69	88.94	0.00	40	0	42	0.00	0.00	64.97	7.71	0.00	0.00	2000
230	11.22	2043	2104	0.00	200	0	0	0	nan	0.00	0.02	7.36	81.65	88.78	0.00	39	0	43	0.00	0.00	66.15	7.72	0.00	0.00	2000
229	11.26	2054	2074	0.00	199	0	0	0	nan	0.00	0.00	5.61	82.13	88.74	0.00	40	0	42	0.00	0.00	64.06	7.66	0.00	0.00	2000
231	10.64	2139	2128	0.00	199	0	0	0	nan	0.00	0.00	7.23	83.31	89.36	0.00	40	0	42	0.00	0.00	65.76	7.63	0.00	0.00	2000
228	10.98	2081	2096	0.00	198	0	0	0	nan	0.00	0.00	5.84	83.03	89.02	0.00	40	0	42	0.00	0.00	64.72	7.54	0.00	0.00	2000
230	10.97	2102	2092	0.00	200	0	0	0	nan	0.00	0.00	6.18	82.48	89.03	0.00	39	0	42	0.00	0.00	64.52	7.56	0.00	0.00	2000
229	11.08	2060	2110	0.00	208	0	0	0	nan	0.00	0.00	4.09	85.36	88.92	0.00	40	0	42	0.00	0.00	65.24	7.68	0.00	0.00	2000
232	11.10	2080	2108	0.00	196	0	0	0	nan	0.01	0.01	3.12	86.02	88.90	0.00	40	0	42	0.00	0.00	68.33	7.91	0.00	0.00	2000
228	11.03	2067	2095	0.00	198	0	0	0	nan	0.00	0.03	4.83	84.08	88.97	0.00	40	0	43	0.00	0.00	62.61	7.37	0.00	0.00	2000
227	11.37	2005	2088	0.00	199	0	0	0	nan	0.00	0.51	6.59	81.12	88.63	0.00	40	0	42	0.00	0.00	63.97	7.57	0.00	0.00	2000
230	11.49	2052	2050	0.00	198	0	0	0	nan	0.00	0.00	4.95	81.44	88.51	0.00	40	0	42	0.00	0.00	63.32	7.43	0.00	0.00	2000
228	10.71	2080	2149	0.00	219	0	0	0	nan	0.00	0.00	6.62	84.87	89.29	0.00	40	0	42	0.00	0.00	68.66	8.05	0.00	0.00	2000
229	11.36	2006	2109	0.00	198	0	0	0	nan	0.00	0.00	7.33	81.88	88.64	0.00	39	0	42	0.00	0.00	64.78	7.76	0.00	0.00	2000
229	11.39	2008	2102	0.11	199	0	0	7	35.58	0.00	0.00	6.88	81.99	88.61	0.00	40	0	42	0.00	0.00	64.87	7.69	0.00	0.00	2000
228	11.30	2015	2098	0.98	198	0	0	5	43.47	0.00	0.00	6.01	82.82	88.70	0.00	40	0	42	0.00	0.00	64.70	7.76	0.00	0.00	2000
233	11.26	2070	2102	0.00	208	0	0	0	nan	0.00	0.00	8.39	80.55	88.74	0.00	40	0	42	0.00	0.00	65.34	7.65	0.00	0.00	2000
232	11.06	2094	2105	0.00	213	0	0	0	nan	0.00	0.00	8.53	80.75	88.94	0.00	40	0	42	0.00	0.00	66.87	7.95	0.00	0.00	2000
230	10.89	2120	2097	0.00	183	0	0	0	nan	0.00	0.01	7.16	81.83	89.11	0.00	40	0	42	0.00	0.00	65.58	7.90	0.00	0.00	2000
228	10.99	2072	2103	0.00	198	0	0	0	nan	0.00	0.02	4.61	84.65	89.01	0.00	40	0	42	0.00	0.00	63.17	7.60	0.00	0.00	2000
230	11.21	2048	2102	0.00	198	0	0	0	nan	0.00	0.03	2.87	86.08	88.79	0.00	39	0	42	0.00	0.00	62.50	7.36	0.00	0.00	2000
230	11.47	2017	2087	0.00	214	0	0	0	nan	0.00	0.00	7.49	80.52	88.53	0.00	40	0	42	0.00	0.00	65.61	7.63	0.00	0.00	2000
232	11.08	2095	2098	0.00	203	0	0	0	nan	0.00	0.00	5.26	83.68	88.92	0.00	40	0	42	0.00	0.00	65.83	7.70	0.00	0.00	2000
232	10.78	2135	2115	0.00	199	0	0	0	nan	0.00	0.00	6.45	83.40	89.22	0.00	40	0	42	0.00	0.00	66.14	7.76	0.00	0.00	2000
227	10.94	2095	2083	0.00	197	0	0	0	nan	0.00	0.96	5.82	81.71	89.06	0.00	40	0	42	0.00	0.00	65.02	7.57	0.00	0.00	2000
230	11.09	2061	2114	0.00	199	0	0	0	nan	0.00	0.00	6.83	82.75	88.91	0.00	40	0	42	0.00	0.00	65.58	7.83	0.00	0.00	2000
229	10.99	2089	2099	0.00	197	0	0	0	nan	0.00	0.02	5.72	83.22	89.01	0.00	40	0	42	0.00	0.00	64.68	7.66	0.00	0.00	2000
231	11.15	2070	2100	0.00	202	0	0	0	nan	0.00	0.00	7.18	81.74	88.85	0.00	40	0	43	0.00	0.00	65.32	7.52	0.00	0.00	2000
237	11.13	2132	2097	0.00	203	0	0	0	nan	0.00	0.00	7.66	81.19	88.87	0.00	40	0	43	0.00	0.00	65.73	7.85	0.00	0.00	2000
227	10.93	2077	2100	0.00	198	0	0	0	nan	0.01	0.00	6.62	82.53	89.07	0.00	40	0	42	0.00	0.00	64.65	7.57	0.00	0.00	2000
231	11.30	2044	2098	0.00	198	0	0	0	nan	0.00	0.00	5.93	82.89	88.70	0.00	40	0	42	0.00	0.00	64.05	7.56	0.00	0.00	2000
225	10.73	2097	2101	0.00	199	0	0	3	41.51	0.00	0.00	6.48	82.93	89.27	0.00	40	0	42	0.00	0.00	64.68	7.71	0.00	0.00	2000
236	10.93	2153	2110	1.03	199	0	0	9	38.01	0.00	0.05	4.44	84.90	89.07	0.00	40	0	42	0.00	0.00	65.99	7.77	0.00	0.00	2000
229	10.99	2094	2090	0.00	205	0	0	0	nan	0.00	0.00	6.70	81.93	89.01	0.00	40	0	42	0.00	0.00	65.03	7.45	0.00	0.00	2000
231	11.06	2087	2102	0.00	198	0	0	0	nan	0.00	0.01	6.32	82.76	88.94	0.00	40	0	42	0.00	0.00	64.90	7.73	0.00	0.00	2000
229	11.00	2079	2099	0.00	198	0	0	0	nan	0.00	0.51	6.33	82.14	89.00	0.00	40	0	42	0.00	0.00	65.06	7.69	0.00	0.00	2000
229	11.23	2041	2103	0.00	199	0	0	0	nan	0.00	0.00	6.37	82.64	88.77	0.00	40	0	42	0.00	0.00	65.58	7.72	0.00	0.00	2000
231	11.22	2067	2087	0.00	198	0	0	0	nan	0.00	0.51	6.19	81.59	88.78	0.00	40	0	42	0.00	0.00	63.98	7.49	0.00	0.00	2000
233	10.94	2127	2104	0.00	196	0	0	0	nan	0.00	0.00	4.23	85.01	89.06	0.00	39	0	42	0.00	0.00	65.47	7.68	0.00	0.00	2000
230	10.97	2087	2113	0.00	195	0	0	0	nan	0.00	0.02	2.96	86.66	89.03	0.00	40	0	42	0.00	0.00	65.89	7.69	0.00	0.00	2000
228	11.21	2040	2091	0.00	195	0	0	0	nan	0.00	0.00	3.67	84.87	88.79	0.00	40	0	42	0.00	0.00	64.04	7.51	0.00	0.00	2000
230	10.90	2103	2105	0.00	194	0	0	0	nan	0.00	0.01	3.75	85.66	89.10	0.00	40	0	42	0.00	0.00	65.63	7.82	0.00	0.00	2000
228	10.87	2098	2101	0.00	194	0	0	0	nan	0.00	0.00	4.52	84.56	89.13	0.00	40	0	42	0.00	0.00	65.49	7.68	0.00	0.00	2000
226	11.01	2084	2064	0.00	195	0	0	0	nan	0.00	0.00	4.41	83.12	88.99	0.00	40	0	42	0.00	0.00	63.38	7.53	0.00	0.00	2000
232	11.16	2044	2133	0.00	195	0	0	0	nan	0.00	0.00	3.51	86.89	88.84	0.00	40	0	42	0.00	0.00	64.76	7.72	0.00	0.00	2000
227	10.97	2077	2094	0.00	194	0	0	0	nan	0.00	0.02	2.43	86.38	89.03	0.00	40	0	42	0.00	0.00	65.89	7.66	0.00	0.00	2000
230	11.07	2072	2109	0.00	194	0	0	0	nan	0.00	0.00	3.71	85.48	88.93	0.00	40	0	42	0.00	0.00	65.24	7.82	0.00	0.00	2000
227	10.95	2075	2099	0.00	194	0	0	0	nan	0.00	0.00	4.18	84.92	89.05	0.00	40	0	42	0.00	0.00	65.31	7.71	0.00	0.00	2000
232	10.96	2111	2101	0.00	195	0	0	0	84.69	0.00	0.00	4.85	84.29	89.04	0.00	40	0	42	0.00	0.00	65.58	7.74	0.00	0.00	2000
229	10.87	2109	2101	1.09	194	0	0	11	29.59	0.00	0.00	3.28	85.99	89.13	0.00	40	0	42	0.00	0.00	63.72	7.45	0.00	0.00	2000
224	11.00	2103	2038	0.09	178	0	0	0	nan	0.00	0.02	2.67	83.74	89.00	0.00	40	0	42	0.00	0.00	61.20	7.03	0.00	0.00	2000
229	10.88	2049	2153	0.00	210	0	0	0	nan	0.00	0.00	3.34	88.21	89.12	0.00	40	0	42	0.00	0.00	68.30	8.09	0.00	0.00	2000
231	11.09	2072	2111	0.00	195	0	0	0	nan	0.00	0.00	3.02	86.46	88.91	0.00	40	0	42	0.00	0.00	65.15	7.68	0.00	0.00	2000
266	12.73	2091	2101	0.00	194	0	0	0	nan	0.00	0.02	3.31	83.99	87.27	0.00	40	0	43	0.00	0.00	65.83	7.75	0.00	0.00	2000
230	11.24	2045	2098	0.00	194	0	0	0	nan	0.00	0.00	4.22	84.56	88.76	0.00	40	0	42	0.00	0.00	64.36	7.52	0.00	0.00	2000
228	10.91	2090	2098	0.00	194	0	0	0	nan	0.00	0.01	3.96	85.11	89.09	0.00	40	0	42	0.00	0.00	65.37	7.85	0.00	0.00	2000
229	10.82	2121	2100	0.00	195	0	0	0	nan	0.00	0.00	4.42	84.73	89.18	0.00	40	0	42	0.00	0.00	65.42	7.75	0.00	0.00	2000
224	10.83	2101	2072	0.00	194	0	0	0	nan	0.00	0.00	4.09	83.94	89.17	0.00	40	0	43	0.00	0.00	62.53	7.30	0.00	0.00	2000
236	11.35	2047	2133	0.00	197	0	0	0	nan	0.00	0.03	6.58	83.56	88.65	0.00	40	0	42	0.00	0.00	66.85	7.80	0.00	0.00	2000
227	10.91	2091	2094	0.00	197	0	0	0	nan	0.00	0.00	3.97	84.88	89.09	0.00	40	0	42	0.00	0.00	65.13	7.84	0.00	0.00	2000
229	11.19	2046	2099	0.00	195	0	0	0	nan	0.00	0.00	4.64	84.19	88.81	0.00	40	0	42	0.00	0.00	64.02	7.55	0.00	0.00	2000
228	10.88	2096	2100	0.00	194	0	0	0	nan	0.00	0.00	4.20	84.95	89.12	0.00	40	0	42	0.00	0.00	65.46	7.59	0.00	0.00	2000
229	10.71	2138	2104	0.00	194	0	0	0	nan	0.00	0.00	4.43	85.01	89.29	0.00	40	0	42	0.00	0.00	65.53	7.71	0.00	0.00	2000
228	11.03	2075	2094	0.00	194	0	0	0	nan	0.00	0.00	3.92	84.77	88.97	0.00	40	0	42	0.00	0.00	64.04	7.59	0.00	0.00	2000
234	11.42	2040	2106	0.00	196	0	0	0	nan	0.00	0.02	4.88	84.01	88.58	0.00	40	0	42	0.00	0.00	64.98	7.73	0.00	0.00	2000
227	10.91	2089	2093	0.00	194	0	0	0	nan	0.00	0.00	3.57	85.24	89.09	0.00	40	0	42	0.00	0.00	64.72	7.75	0.00	0.00	2000
230	10.91	2118	2095	0.85	195	0	0	10	26.87	0.00	0.00	3.66	85.19	89.09	0.00	39	0	42	0.00	0.00	64.79	7.48	0.00	0.00	2000
228	10.79	2104	2112	0.31	193	0	0	0	nan	0.00	0.00	4.23	85.49	89.21	0.00	40	0	42	0.00	0.00	65.49	7.70	0.00	0.00	2000
227	10.74	2129	2089	0.00	195	0	0	0	nan	0.00	0.00	3.41	85.37	89.26	0.00	40	0	42	0.00	0.00	63.12	7.15	0.00	0.00	2000
232	11.11	2102	2087	0.00	183	0	0	0	nan	0.00	0.03	5.89	82.49	88.89	0.00	40	0	43	0.00	0.00	62.38	7.75	0.00	0.00	2000
230	10.72	2147	2104	0.00	195	0	0	0	nan	0.00	0.00	3.99	85.42	89.28	0.00	39	0	42	0.00	0.00	65.31	7.71	0.00	0.00	2000
230	10.91	2105	2101	0.00	194	0	0	0	nan	0.00	0.00	3.92	85.18	89.09	0.00	40	0	42	0.00	0.00	65.48	7.64	0.00	0.00	2000
232	11.07	2116	2085	0.00	194	0	0	0	nan	0.00	0.00	2.57	85.70	88.93	0.00	40	0	42	0.00	0.00	63.37	7.34	0.00	0.00	2000
226	10.70	2084	2131	0.00	211	0	0	0	nan	0.00	0.00	5.37	85.18	89.30	0.00	40	0	42	0.00	0.00	69.79	8.12	0.00	0.00	2000
229	11.05	2082	2094	0.00	195	0	0	0	nan	0.00	0.00	4.04	84.67	88.95	0.00	40	0	42	0.00	0.00	64.41	7.45	0.00	0.00	2000
228	10.77	2115	2101	0.00	194	0	0	0	nan	0.00	0.00	2.66	86.69	89.23	0.00	40	0	42	0.00	0.00	66.10	7.58	0.00	0.00	2000
230	10.97	2088	2109	0.00	194	0	0	0	nan	0.00	0.00	4.03	85.42	89.03	0.00	40	0	42	0.00	0.00	62.92	7.83	0.00	0.00	2000
228	10.89	2094	2098	0.00	195	0	0	0	nan	0.00	0.00	4.89	84.11	89.11	0.00	40	0	42	0.00	0.00	65.24	7.69	0.00	0.00	2000
229	10.94	2095	2100	0.00	194	0	0	0	nan	0.00	0.00	3.83	85.30	89.06	0.00	40	0	42	0.00	0.00	64.85	7.80	0.00	0.00	2000
229	10.82	2129	2085	0.00	198	0	0	0	nan	0.00	0.00	4.32	84.25	89.18	0.00	40	0	42	0.00	0.00	61.78	7.49	0.00	0.00	2000
230	11.03	2070	2112	0.00	195	0	0	0	nan	0.00	0.00	4.42	85.07	88.97	0.00	40	0	42	0.00	0.00	67.64	8.23	0.00	0.00	2000
227	11.07	2048	2100	0.00	194	0	0	0	nan	0.00	0.00	4.46	84.49	88.93	0.00	39	0	42	0.00	0.00	64.77	7.73	0.00	0.00	2000
228	10.84	2109	2092	0.00	194	0	0	0	nan	0.00	0.00	3.77	85.04	89.16	0.00	40	0	42	0.00	0.00	64.43	7.73	0.00	0.00	2000
231	10.75	2132	2113	0.57	194	0	0	10	28.41	0.00	0.00	3.89	85.98	89.25	0.00	40	0	42	0.00	0.00	66.08	7.74	0.00	0.00	2000
231	11.20	2063	2096	0.59	195	0	0	1	85.41	0.00	0.00	4.01	84.70	88.80	0.00	40	0	43	0.00	0.00	64.29	7.67	0.00	0.00	2000
224	10.99	2068	2070	0.00	197	0	0	0	nan	0.00	0.00	5.21	82.63	89.01	0.00	40	0	42	0.00	0.00	63.21	7.52	0.00	0.00	2000
227	11.21	2069	2053	0.00	193	0	0	0	nan	0.00	0.00	2.67	84.18	88.79	0.00	40	0	42	0.00	0.00	62.79	7.34	0.00	0.00	2000
231	10.60	2108	2175	0.00	210	0	0	0	nan	0.00	0.00	2.58	90.10	89.40	0.00	40	0	42	0.00	0.00	69.25	8.39	0.00	0.00	2000
232	10.66	2167	2111	0.00	194	0	0	0	nan	0.00	0.00	3.79	86.00	89.34	0.00	40	0	42	0.00	0.00	65.37	7.83	0.00	0.00	2000
228	10.94	2088	2100	0.00	196	0	0	0	nan	0.00	0.00	4.86	84.08	89.06	0.00	40	0	42	0.00	0.00	62.46	7.34	0.00	0.00	2000
228	10.85	2110	2091	0.00	194	0	0	0	nan	0.00	0.00	4.14	84.60	89.15	0.00	40	0	42	0.00	0.00	65.14	7.70	0.00	0.00	2000
226	11.06	2097	2044	0.00	194	0	0	0	nan	0.00	0.00	3.89	82.59	88.94	0.00	40	0	42	0.00	0.00	65.74	7.76	0.00	0.00	2000
229	10.50	2122	2156	0.00	210	0	0	0	nan	0.00	0.00	3.35	88.64	89.50	0.00	40	0	43	0.00	0.00	65.15	7.81	0.00	0.00	2000
229	10.69	2131	2116	0.00	195	0	0	0	nan	0.00	0.03	4.12	85.91	89.31	0.00	40	0	42	0.00	0.00	65.20	7.91	0.00	0.00	2000
230	10.88	2117	2095	0.00	196	0	0	0	nan	0.00	0.00	3.76	85.22	89.12	0.00	40	0	42	0.00	0.00	64.89	7.78	0.00	0.00	2000
228	10.73	2139	2090	0.00	193	0	0	0	nan	0.00	0.00	4.16	84.61	89.27	0.00	40	0	42	0.00	0.00	65.03	7.80	0.00	0.00	2000
229	10.57	2158	2105	0.00	194	0	0	0	nan	0.00	0.00	4.31	85.34	89.43	0.00	40	0	42	0.00	0.00	65.24	7.68	0.00	0.00	2000
226	10.87	2082	2101	0.00	194	0	0	0	nan	0.00	0.00	4.39	84.82	89.13	0.00	40	0	42	0.00	0.00	65.19	7.69	0.00	0.00	2000
229	10.84	2107	2104	0.00	194	0	0	0	nan	0.00	0.00	4.42	84.94	89.16	0.00	40	0	42	0.00	0.00	65.06	7.66	0.00	0.00	2000
230	11.43	2008	2101	0.00	197	0	0	0	nan	0.00	0.00	4.78	83.99	88.57	0.00	40	0	42	0.00	0.00	65.25	7.82	0.00	0.00	2000
227	11.19	2033	2099	0.70	194	0	0	8	18.36	0.00	0.00	4.29	84.66	88.81	0.00	40	0	42	0.00	0.00	65.26	7.98	0.00	0.00	2000
228	11.23	2044	2085	0.67	194	0	0	0	87.82	0.00	0.00	4.18	84.18	88.77	0.00	40	0	42	0.00	0.00	65.32	7.70	0.00	0.00	2000
227	11.01	2047	2114	0.00	195	0	0	0	nan	0.00	0.00	5.00	84.75	88.99	0.00	40	0	43	0.00	0.00	65.42	7.76	0.00	0.00	2000
227	11.13	2034	2102	0.00	194	0	0	0	nan	0.00	0.00	4.17	84.87	88.87	0.00	40	0	42	0.00	0.00	65.43	7.82	0.00	0.00	2000
231	11.13	2084	2090	0.00	195	0	0	0	nan	0.01	0.00	3.84	84.73	88.87	0.00	40	0	42	0.00	0.00	65.76	7.99	0.00	0.00	2000
228	11.03	2055	2111	0.00	194	0	0	0	nan	0.00	0.00	4.12	85.29	88.97	0.00	40	0	42	0.00	0.00	66.04	7.88	0.00	0.00	2000
229	11.02	2085	2098	0.00	195	0	0	0	nan	0.00	0.00	3.84	85.13	88.98	0.00	40	0	42	0.00	0.00	65.52	7.77	0.00	0.00	2000
228	11.02	2068	2100	0.00	194	0	0	0	nan	0.00	0.00	4.27	84.91	88.98	0.00	40	0	42	0.00	0.00	65.34	7.78	0.00	0.00	2000
229	10.87	2106	2098	0.00	194	0	0	0	nan	0.00	0.00	3.88	85.22	89.13	0.00	40	0	42	0.00	0.00	65.41	7.61	0.00	0.00	2000
229	11.13	2062	2097	0.00	194	0	0	0	nan	0.00	0.00	4.02	84.86	88.87	0.00	40	0	42	0.00	0.00	65.29	7.70	0.00	0.00	2000
221	11.11	2061	2027	0.00	195	0	0	0	nan	0.00	0.00	4.54	81.21	88.89	0.00	40	0	42	0.00	0.00	61.77	7.45	0.00	0.00	2000
236	11.27	2064	2126	0.00	212	0	0	0	nan	0.00	0.00	3.26	86.69	88.73	0.00	40	0	43	0.00	0.00	66.31	7.90	0.00	0.00	2000
230	10.82	2064	2160	0.00	210	0	0	0	nan	0.00	0.02	3.49	88.30	89.18	0.00	40	0	42	0.00	0.00	68.25	8.05	0.00	0.00	2000
227	11.05	2058	2095	0.00	195	0	0	0	nan	0.00	0.00	4.62	84.17	88.95	0.00	40	0	42	0.00	0.00	64.87	7.68	0.00	0.00	2000
230	10.95	2098	2107	0.00	195	0	0	0	nan	0.00	0.00	4.18	85.08	89.05	0.00	40	0	42	0.00	0.00	65.78	7.85	0.00	0.00	2000
225	11.07	2043	2095	0.00	194	0	0	0	nan	0.00	0.00	4.35	84.39	88.93	0.00	40	0	43	0.00	0.00	64.64	7.61	0.00	0.00	2000
230	10.99	2091	2105	0.00	194	0	0	0	nan	0.00	0.00	3.62	85.54	89.01	0.00	40	0	42	0.00	0.00	65.91	7.85	0.00	0.00	2000
223	10.90	2083	2063	0.69	194	0	0	8	19.20	0.00	0.00	4.42	83.21	89.10	0.00	40	0	42	0.00	0.00	63.88	7.71	0.00	0.00	2000
232	10.81	2118	2124	0.69	195	0	0	0	93.60	0.00	0.00	4.63	85.63	89.19	0.00	40	0	42	0.00	0.00	65.88	7.74	0.00	0.00	2000
232	11.03	2089	2109	0.00	198	0	0	0	nan	0.00	0.00	4.28	85.01	88.97	0.00	40	0	42	0.00	0.00	65.66	7.70	0.00	0.00	2000
224	11.36	2045	2029	0.00	195	0	0	0	nan	0.00	0.01	2.87	82.83	88.64	0.00	40	0	42	0.00	0.00	62.25	7.39	0.00	0.00	2000
234	10.68	2117	2178	0.00	212	0	0	0	nan	0.00	0.00	3.79	88.84	89.32	0.00	40	0	42	0.00	0.00	69.04	8.01	0.00	0.00	2000
231	10.88	2126	2099	0.00	194	0	0	0	nan	0.00	0.00	4.67	84.35	89.12	0.00	40	0	42	0.00	0.00	65.55	7.76	0.00	0.00	2000
223	10.96	2065	2068	0.00	195	0	0	0	nan	0.00	0.00	4.13	83.61	89.04	0.00	40	0	42	0.00	0.00	63.02	7.72	0.00	0.00	2000
226	11.26	2055	2051	0.00	194	0	0	0	nan	0.00	0.00	2.37	84.39	88.74	0.00	40	0	42	0.00	0.00	62.54	7.53	0.00	0.00	2000
230	10.58	2101	2175	0.00	210	0	0	0	nan	0.00	0.00	2.33	90.31	89.42	0.00	40	0	42	0.00	0.00	69.07	8.11	0.00	0.00	2000
225	11.43	2026	2045	0.00	194	0	0	0	nan	0.00	0.00	3.66	82.68	88.57	0.00	40	0	42	0.00	0.00	62.06	7.38	0.00	0.00	2000
233	10.62	2129	2166	0.00	211	0	0	0	nan	0.00	0.02	3.98	88.19	89.38	0.00	40	0	43	0.00	0.00	68.71	8.13	0.00	0.00	2000
230	10.82	2115	2111	0.00	195	0	0	0	nan	0.00	0.00	4.83	84.85	89.18	0.00	40	0	42	0.00	0.00	65.53	7.77	0.00	0.00	2000
227	10.99	2074	2092	0.00	194	0	0	0	nan	0.00	0.00	4.12	84.61	89.01	0.00	40	0	42	0.00	0.00	64.86	7.77	0.00	0.00	2000
228	10.98	2071	2106	0.00	194	0	0	0	nan	0.00	0.00	4.43	84.94	89.02	0.00	40	0	43	0.00	0.00	65.02	7.59	0.00	0.00	2000
228	11.00	2075	2096	0.00	195	0	0	0	nan	0.00	0.00	4.93	83.94	89.00	0.00	40	0	43	0.00	0.00	64.82	7.79	0.00	0.00	2000
228	10.87	2108	2093	0.00	194	0	0	0	nan	0.00	0.00	4.60	84.23	89.13	0.00	40	0	42	0.00	0.00	64.85	7.74	0.00	0.00	2000
225	10.84	2096	2079	0.00	195	0	0	0	nan	0.00	0.00	4.57	83.66	89.16	0.00	40	0	42	0.00	0.00	63.97	7.44	0.00	0.00	2000
229	11.25	2062	2075	0.95	194	0	0	7	15.29	0.00	0.00	2.81	84.93	88.75	0.00	40	0	42	0.00	0.00	63.37	7.58	0.00	0.00	2000
229	10.91	2047	2156	0.36	211	0	0	0	nan	0.00	0.02	3.85	87.70	89.09	0.00	40	0	42	0.00	0.00	68.08	8.06	0.00	0.00	2000
229	11.04	2067	2104	0.00	194	0	0	0	nan	0.00	0.00	4.22	84.94	88.96	0.00	40	0	42	0.00	0.00	64.93	7.65	0.00	0.00	2000
229	11.38	2015	2099	0.00	194	0	0	0	nan	0.00	0.00	4.03	84.72	88.62	0.00	40	0	42	0.00	0.00	64.77	7.70	0.00	0.00	2000
227	11.02	2075	2090	0.00	194	0	0	0	nan	0.00	0.00	3.97	84.67	88.98	0.00	40	0	43	0.00	0.00	64.85	7.97	0.00	0.00	2000
230	10.91	2116	2096	0.00	198	0	0	0	nan	0.00	0.00	5.11	83.83	89.09	0.00	40	0	42	0.00	0.00	65.67	7.72	0.00	0.00	2000
227	11.04	2040	2115	0.00	195	0	0	0	nan	0.00	0.00	5.33	84.31	88.96	0.00	40	0	42	0.00	0.00	64.89	7.68	0.00	0.00	2000
226	11.03	2054	2094	0.00	194	0	0	0	nan	0.00	0.00	4.22	84.55	88.97	0.00	40	0	43	0.00	0.00	64.87	7.81	0.00	0.00	2000
225	11.39	2039	2035	0.00	195	0	0	0	nan	0.00	0.00	4.15	81.76	88.61	0.00	40	0	43	0.00	0.00	61.81	7.55	0.00	0.00	2000
232	10.73	2088	2174	0.00	211	0	0	0	nan	0.00	0.00	3.58	88.90	89.27	0.00	40	0	43	0.00	0.00	69.01	8.13	0.00	0.00	2000
227	10.84	2104	2093	0.00	194	0	0	0	nan	0.00	0.00	4.36	84.56	89.16	0.00	40	0	42	0.00	0.00	64.89	7.61	0.00	0.00	2000
227	10.86	2102	2093	0.00	194	0	0	0	nan	0.00	0.00	4.54	84.32	89.14	0.00	40	0	42	0.00	0.00	65.22	7.67	0.00	0.00	2000
228	10.78	2096	2115	0.00	194	0	0	0	nan	0.00	0.00	5.00	84.88	89.22	0.00	40	0	42	0.00	0.00	64.66	7.69	0.00	0.00	2000
230	10.80	2146	2082	0.00	195	0	0	0	nan	0.00	0.00	4.66	83.69	89.20	0.00	40	0	42	0.00	0.00	65.37	7.88	0.00	0.00	2000
233	11.19	2063	2115	0.00	194	0	0	0	nan	0.00	0.00	5.34	84.21	88.81	0.00	40	0	42	0.00	0.00	64.86	7.73	0.00	0.00	2000
226	11.08	2037	2101	0.00	194	0	0	0	nan	0.00	0.00	4.18	84.91	88.92	0.00	40	0	42	0.00	0.00	64.43	7.67	0.00	0.00	2000
222	11.22	2055	2025	0.00	194	0	0	0	nan	0.00	0.00	2.91	82.76	88.78	0.00	40	0	42	0.00	0.00	61.57	7.25	0.00	0.00	2000
231	10.51	2127	2174	0.98	211	0	0	8	15.61	0.00	0.01	2.67	89.96	89.49	0.00	40	0	42	0.00	0.00	68.99	8.10	0.00	0.00	2000
230	10.95	2112	2085	0.36	198	0	0	0	nan	0.00	0.00	4.17	84.23	89.05	0.00	40	0	42	0.00	0.00	64.57	7.65	0.00	0.00	2000
228	10.75	2132	2087	0.00	195	0	0	0	nan	0.00	0.00	3.13	85.39	89.25	0.00	40	0	42	0.00	0.00	63.27	7.34	0.00	0.00	2000
235	10.88	2156	2106	0.00	194	0	0	0	nan	0.00	0.04	1.61	87.69	89.12	0.00	40	0	42	0.00	0.00	65.34	7.70	0.00	0.00	2000
229	10.40	2171	2129	0.00	212	0	0	0	nan	0.00	0.00	5.07	85.62	89.60	0.00	40	0	42	0.00	0.00	67.94	8.05	0.00	0.00	2000
231	10.81	2131	2105	0.00	195	0	0	0	nan	0.00	0.00	4.62	84.71	89.19	0.00	40	0	42	0.00	0.00	65.17	7.71	0.00	0.00	2000
228	10.93	2087	2097	0.00	194	0	0	0	nan	0.00	0.00	4.48	84.49	89.07	0.00	40	0	42	0.00	0.00	65.33	7.73	0.00	0.00	2000
225	10.89	2121	2042	0.00	194	0	0	0	nan	0.00	0.00	3.96	82.59	89.11	0.00	40	0	43	0.00	0.00	62.70	7.43	0.00	0.00	2000
231	10.72	2092	2161	0.00	212	0	0	0	nan	0.00	0.00	3.96	87.97	89.28	0.00	40	0	42	0.00	0.00	66.21	7.87	0.00	0.00	2000
227	10.72	2120	2101	0.00	197	0	0	0	nan	0.00	0.00	5.35	83.90	89.28	0.00	40	0	42	0.00	0.00	68.43	8.15	0.00	0.00	2000
229	11.19	2047	2103	0.00	195	0	0	0	nan	0.00	0.00	4.49	84.43	88.81	0.00	41	0	42	0.00	0.00	63.71	7.51	0.00	0.00	2000
228	11.06	2064	2101	0.00	194	0	0	0	nan	0.00	0.00	3.36	85.65	88.94	0.00	41	0	42	0.00	0.00	68.76	8.27	0.00	0.00	2000
227	11.14	2035	2100	0.00	194	0	0	0	nan	0.00	0.00	3.61	85.25	88.86	0.00	40	0	43	0.00	0.00	63.70	7.51	0.00	0.00	2000
229	11.39	2004	2103	0.00	195	0	0	0	nan	0.00	0.00	4.29	84.60	88.61	0.00	41	0	42	0.00	0.00	66.01	7.75	0.00	0.00	2000
227	10.90	2089	2097	0.00	194	0	0	0	nan	0.00	0.00	3.77	85.15	89.10	0.00	41	0	42	0.00	0.00	66.76	7.86	0.00	0.00	2000
230	11.10	2069	2101	0.00	194	0	0	0	nan	0.00	0.00	4.10	84.83	88.90	0.00	41	0	42	0.00	0.00	66.08	7.89	0.00	0.00	2000
227	11.07	2049	2099	0.00	196	0	0	0	nan	0.00	0.00	4.49	84.44	88.93	0.00	40	0	42	0.00	0.00	66.20	7.57	0.00	0.00	2000
228	10.93	2086	2098	1.27	195	0	0	11	10.99	0.00	0.00	4.85	84.16	89.07	0.00	41	0	42	0.00	0.00	65.76	7.70	0.00	0.00	2000
229	10.66	2147	2097	0.44	194	0	0	0	nan	0.00	0.00	4.16	85.07	89.34	0.00	40	0	42	0.00	0.00	66.67	7.91	0.00	0.00	2000
221	11.12	2063	2020	0.00	194	0	0	0	nan	0.00	0.00	4.05	81.58	88.88	0.00	40	0	42	0.00	0.00	61.69	7.33	0.00	0.00	2000
237	10.87	2079	2200	0.00	211	0	0	0	nan	0.00	0.00	3.24	90.18	89.13	0.00	40	0	43	0.00	0.00	70.53	8.34	0.00	0.00	2000
226	11.27	2067	2036	0.00	195	0	0	0	nan	0.00	0.02	4.13	81.92	88.73	0.00	40	0	43	0.00	0.00	63.71	7.48	0.00	0.00	2000
228	10.70	2084	2150	0.00	210	0	0	0	nan	0.00	0.00	4.02	87.50	89.30	0.00	41	0	42	0.00	0.00	66.08	7.68	0.00	0.00	2000
229	10.80	2103	2114	0.00	194	0	0	0	nan	0.00	0.00	4.90	84.88	89.20	0.00	41	0	42	0.00	0.00	69.46	8.16	0.00	0.00	2000
228	10.76	2120	2097	0.00	194	0	0	0	nan	0.00	0.00	4.60	84.48	89.24	0.00	41	0	42	0.00	0.00	66.44	7.47	0.00	0.00	2000
229	10.92	2098	2102	0.00	196	0	0	0	nan	0.00	0.00	4.35	84.89	89.08	0.00	41	0	42	0.00	0.00	65.70	8.06	0.00	0.00	2000
228	10.82	2110	2097	0.00	195	0	0	0	nan	0.00	0.00	3.96	85.04	89.18	0.00	41	0	42	0.00	0.00	66.33	7.88	0.00	0.00	2000
229	11.11	2056	2101	0.00	194	0	0	0	nan	0.00	0.00	4.04	84.99	88.89	0.00	41	0	42	0.00	0.00	66.26	7.51	0.00	0.00	2000
227	11.05	2057	2100	0.00	194	0	0	0	nan	0.00	0.00	4.28	84.76	88.95	0.00	41	0	42	0.00	0.00	62.90	7.58	0.00	0.00	2000
231	10.93	2115	2096	0.00	197	0	0	0	nan	0.00	0.00	5.82	83.11	89.07	0.00	41	0	42	0.00	0.00	66.34	7.76	0.00	0.00	2000
225	11.08	2054	2073	0.00	196	0	0	0	nan	0.00	0.00	5.18	82.77	88.92	0.00	41	0	42	0.00	0.00	64.46	7.62	0.00	0.00	2000
229	11.30	2049	2079	0.00	195	0	0	0	nan	0.00	0.00	3.37	84.54	88.70	0.00	40	0	42	0.00	0.00	67.74	7.91	0.00	0.00	2000
227	10.66	2082	2152	0.00	210	0	0	0	nan	0.00	0.00	3.47	88.19	89.34	0.00	41	0	42	0.00	0.00	65.80	7.68	0.00	0.00	2000
227	11.08	2041	2104	0.00	196	0	0	0	nan	0.00	0.00	5.16	84.04	88.92	0.00	40	0	42	0.00	0.00	66.11	7.62	0.00	0.00	2000
228	11.13	2051	2100	1.46	195	0	0	11	11.94	0.00	0.02	4.11	84.78	88.87	0.00	41	0	42	0.00	0.00	68.92	8.04	0.00	0.00	2000
226	11.40	2040	2044	0.23	194	0	0	0	nan	0.00	0.02	3.28	82.99	88.60	0.00	40	0	42	0.00	0.00	63.78	7.46	0.00	0.00	2000
225	10.69	2081	2125	0.00	210	0	0	0	nan	0.00	0.00	3.55	86.93	89.31	0.00	41	0	43	0.00	0.00	64.52	7.57	0.00	0.00	2000
230	11.18	2084	2077	0.00	195	0	0	0	nan	0.00	0.00	3.41	84.51	88.82	0.00	41	0	42	0.00	0.00	67.67	8.01	0.00	0.00	2000
228	10.76	2062	2155	0.00	210	0	0	0	nan	0.00	0.01	3.72	87.87	89.24	0.00	40	0	42	0.00	0.00	65.83	7.85	0.00	0.00	2000
233	11.22	2082	2091	0.00	211	0	0	0	nan	0.00	0.00	6.53	81.92	88.78	0.00	41	0	42	0.00	0.00	65.83	7.93	0.00	0.00	2000
230	10.67	2136	2115	0.00	194	0	0	0	nan	0.00	0.00	4.09	85.74	89.33	0.00	41	0	42	0.00	0.00	66.86	7.97	0.00	0.00	2000
229	10.88	2103	2097	0.00	195	0	0	0	nan	0.00	0.00	3.77	85.20	89.12	0.00	40	0	43	0.00	0.00	66.29	7.71	0.00	0.00	2000
230	10.97	2135	2060	0.00	196	0	0	0	nan	0.00	0.01	4.06	83.28	89.03	0.00	41	0	42	0.00	0.00	65.17	7.55	0.00	0.00	2000
229	10.92	2070	2132	0.00	193	0	0	0	nan	0.00	0.00	3.95	86.58	89.08	0.00	40	0	42	0.00	0.00	66.56	7.91	0.00	0.00	2000
232	11.05	2091	2112	0.00	195	0	0	0	nan	0.00	0.00	3.21	86.23	88.95	0.00	40	0	42	0.00	0.00	67.17	7.97	0.00	0.00	2000
229	11.15	2054	2099	0.00	194	0	0	0	nan	0.00	0.00	4.09	84.79	88.85	0.00	40	0	42	0.00	0.00	66.36	7.66	0.00	0.00	2000
227	11.18	2037	2097	0.00	194	0	0	0	nan	0.00	0.00	4.37	84.42	88.82	0.00	41	0	42	0.00	0.00	65.89	7.74	0.00	0.00	2000
223	10.98	2081	2053	0.00	194	0	0	0	nan	0.00	0.00	4.29	82.73	89.02	0.00	41	0	42	0.00	0.00	62.68	7.38	0.00	0.00	2000
230	11.02	2082	2104	0.00	194	0	0	0	nan	0.00	0.02	2.10	87.07	88.98	0.00	41	0	42	0.00	0.00	69.63	8.23	0.00	0.00	2000
231	10.98	2057	2149	0.00	214	0	0	0	nan	0.00	0.00	5.45	85.69	89.02	0.00	41	0	42	0.00	0.00	66.20	7.67	0.00	0.00	2000
229	10.91	2103	2094	0.00	197	0	0	1	89.50	0.00	0.00	4.87	84.03	89.09	0.00	41	0	42	0.00	0.00	66.33	7.82	0.00	0.00	2000
231	10.96	2096	2107	1.65	194	0	0	12	21.82	0.00	0.00	4.43	84.97	89.04	0.00	41	0	43	0.00	0.00	66.37	7.62	0.00	0.00	2000
227	10.83	2104	2095	0.05	194	0	0	0	nan	0.00	0.00	4.51	84.42	89.17	0.00	41	0	42	0.00	0.00	66.16	7.71	0.00	0.00	2000
223	11.14	2083	2018	0.00	194	0	0	0	nan	0.00	0.00	4.01	81.43	88.86	0.00	40	0	42	0.00	0.00	62.12	7.31	0.00	0.00	2000
234	10.61	2117	2186	0.00	212	0	0	0	nan	0.00	0.00	2.52	90.56	89.39	0.00	41	0	42	0.00	0.00	70.66	8.22	0.00	0.00	2000
233	10.91	2120	2111	0.00	194	0	0	0	nan	0.00	0.00	3.23	86.31	89.09	0.00	41	0	42	0.00	0.00	67.09	7.77	0.00	0.00	2000
225	11.00	2072	2068	0.00	194	0	0	0	nan	0.00	0.00	3.37	84.44	89.00	0.00	40	0	42	0.00	0.00	65.80	7.66	0.00	0.00	2000
222	11.15	2040	2050	0.00	194	0	0	0	nan	0.00	0.00	4.02	82.78	88.85	0.00	41	0	42	0.00	0.00	62.45	7.26	0.00	0.00	2000
232	10.92	2050	2173	0.00	212	0	0	0	nan	0.00	0.00	2.91	89.25	89.08	0.00	41	0	42	0.00	0.00	69.53	8.03	0.00	0.00	2000
226	11.19	2052	2065	0.00	194	0	0	0	nan	0.00	0.00	3.21	84.22	88.81	0.00	40	0	43	0.00	0.00	63.05	7.39	0.00	0.00	2000
231	10.99	2099	2106	0.00	194	0	0	0	nan	0.00	0.02	1.55	87.71	89.01	0.00	40	0	42	0.00	0.00	70.25	8.12	0.00	0.00	2000
230	10.96	2052	2142	0.00	210	0	0	0	nan	0.00	0.00	4.64	86.29	89.04	0.00	41	0	42	0.00	0.00	66.06	7.72	0.00	0.00	2000
230	10.84	2127	2100	0.00	196	0	0	0	nan	0.00	0.00	5.25	83.87	89.16	0.00	41	0	42	0.00	0.00	66.15	7.66	0.00	0.00	2000
229	11.17	2047	2100	0.00	195	0	0	0	nan	0.00	0.00	4.10	84.86	88.83	0.00	40	0	42	0.00	0.00	66.04	7.84	0.00	0.00	2000
228	11.00	2083	2093	0.00	194	0	0	0	nan	0.00	0.00	4.13	84.61	89.00	0.00	40	0	42	0.00	0.00	66.58	7.77	0.00	0.00	2000
229	10.90	2093	2107	0.00	194	0	0	0	nan	0.00	0.00	4.52	85.02	89.10	0.00	40	0	42	0.00	0.00	66.02	7.69	0.00	0.00	2000
227	11.04	2059	2097	0.00	195	0	0	0	nan	0.00	0.00	5.00	83.91	88.96	0.00	41	0	42	0.00	0.00	65.95	7.81	0.00	0.00	2000
225	11.19	2065	2042	0.00	194	0	0	3	30.34	0.00	0.00	4.24	82.12	88.81	0.00	41	0	42	0.00	0.00	63.13	7.55	0.00	0.00	2000
232	10.84	2076	2161	1.56	211	0	0	9	23.65	0.00	0.02	3.54	88.28	89.16	0.00	41	0	42	0.00	0.00	69.25	8.07	0.00	0.00	2000
232	11.00	2105	2103	0.00	196	0	0	0	nan	0.00	0.00	4.64	84.51	89.00	0.00	41	0	42	0.00	0.00	66.22	7.86	0.00	0.00	2000
228	11.00	2070	2100	0.00	196	0	0	0	nan	0.00	0.01	4.36	84.63	89.00	0.00	41	0	42	0.00	0.00	66.19	7.75	0.00	0.00	2000
229	11.07	2079	2090	0.00	193	0	0	0	nan	0.00	0.00	4.04	84.59	88.93	0.00	40	0	42	0.00	0.00	63.10	7.62	0.00	0.00	2000
228	11.01	2062	2111	0.00	195	0	0	0	nan	0.00	0.00	4.42	85.01	88.99	0.00	41	0	43	0.00	0.00	69.27	7.77	0.00	0.00	2000
228	11.03	2067	2100	0.00	194	0	0	0	nan	0.00	0.00	4.29	84.72	88.97	0.00	41	0	42	0.00	0.00	66.11	7.74	0.00	0.00	2000
227	11.06	2056	2099	0.00	195	0	0	0	nan	0.00	0.00	4.48	84.47	88.94	0.00	41	0	42	0.00	0.00	66.86	7.55	0.00	0.00	2000
226	11.30	2054	2042	0.00	194	0	0	0	nan	0.00	0.00	3.73	82.56	88.70	0.00	41	0	43	0.00	0.00	63.51	7.48	0.00	0.00	2000
234	10.77	2119	2150	0.00	210	0	0	0	nan	0.00	0.02	4.09	87.32	89.23	0.00	41	0	42	0.00	0.00	69.67	8.35	0.00	0.00	2000
232	10.95	2118	2099	0.00	195	0	0	0	nan	0.00	0.00	5.29	83.72	89.05	0.00	41	0	42	0.00	0.00	66.38	7.81	0.00	0.00	2000
227	10.69	2113	2110	0.00	194	0	0	0	nan	0.00	0.00	5.70	83.98	89.31	0.00	41	0	42	0.00	0.00	66.28	7.73	0.00	0.00	2000
221	11.25	2040	2020	0.00	195	0	0	0	nan	0.00	0.00	4.20	81.22	88.75	0.00	40	0	42	0.00	0.00	61.85	7.35	0.00	0.00	2000
226	10.90	2072	2104	0.00	210	0	0	0	nan	0.00	0.00	2.62	86.71	89.10	0.00	41	0	42	0.00	0.00	66.25	7.82	0.00	0.00	2000
236	10.79	2098	2192	0.00	211	0	0	0	nan	0.00	0.00	3.08	90.09	89.21	0.00	40	0	42	0.00	0.00	70.66	8.23	0.00	0.00	2000
227	11.14	2041	2093	0.00	195	0	0	0	nan	0.00	0.02	3.77	84.82	88.86	0.00	41	0	42	0.00	0.00	65.75	7.70	0.00	0.00	2000
231	10.91	2112	2106	0.00	198	0	0	0	nan	0.00	0.00	5.22	84.21	89.09	0.00	40	0	42	0.00	0.00	66.57	7.80	0.00	0.00	2000
225	11.07	2041	2092	0.00	195	0	0	5	24.33	0.00	0.00	4.09	84.49	88.93	0.00	40	0	42	0.00	0.00	65.68	7.80	0.00	0.00	2000
223	11.34	2037	2028	1.49	193	0	0	7	27.50	0.00	0.00	3.03	82.60	88.66	0.00	41	0	42	0.00	0.00	62.48	7.43	0.00	0.00	2000
234	10.82	2086	2178	0.00	211	0	0	0	nan	0.00	0.02	2.73	89.76	89.18	0.00	41	0	42	0.00	0.00	70.03	8.28	0.00	0.00	2000
226	11.03	2111	2035	0.00	195	0	0	0	nan	0.00	0.00	3.06	83.11	88.97	0.00	40	0	42	0.00	0.00	63.56	7.47	0.00	0.00	2000
232	10.76	2075	2179	0.00	210	0	0	0	nan	0.00	0.00	3.66	88.89	89.24	0.00	40	0	42	0.00	0.00	67.73	7.90	0.00	0.00	2000
230	10.92	2111	2096	0.00	197	0	0	0	nan	0.00	0.00	5.73	83.23	89.08	0.00	41	0	42	0.00	0.00	66.18	7.88	0.00	0.00	2000
229	10.83	2110	2108	0.00	195	0	0	0	nan	0.00	0.00	4.68	84.66	89.17	0.00	41	0	42	0.00	0.00	66.35	7.74	0.00	0.00	2000
229	11.08	2066	2099	0.00	196	0	0	0	nan	0.00	0.00	4.17	84.67	88.92	0.00	41	0	42	0.00	0.00	66.21	7.94	0.00	0.00	2000
227	10.96	2078	2093	0.00	194	0	0	0	nan	0.00	0.00	4.08	84.74	89.04	0.00	41	0	42	0.00	0.00	67.00	7.67	0.00	0.00	2000
229	10.89	2098	2103	0.00	195	0	0	0	nan	0.00	0.00	4.69	84.53	89.11	0.00	41	0	42	0.00	0.00	66.04	7.79	0.00	0.00	2000
226	10.93	2070	2099	0.00	194	0	0	0	nan	0.00	0.00	4.33	84.71	89.07	0.00	40	0	42	0.00	0.00	65.41	7.80	0.00	0.00	2000
229	10.89	2100	2103	0.00	194	0	0	0	nan	0.00	0.00	4.43	84.78	89.11	0.00	40	0	42	0.00	0.00	66.67	7.67	0.00	0.00	2000
229	11.13	2057	2098	0.00	195	0	0	0	nan	0.00	0.00	4.03	84.88	88.87	0.00	41	0	42	0.00	0.00	66.19	7.82	0.00	0.00	2000
230	10.52	2181	2102	0.00	194	0	0	0	nan	0.00	0.00	4.24	85.22	89.48	0.00	40	0	43	0.00	0.00	66.50	7.73	0.00	0.00	2000
227	10.95	2070	2100	0.00	196	0	0	0	nan	0.00	0.00	4.02	84.97	89.05	0.00	41	0	42	0.00	0.00	65.82	7.82	0.00	0.00	2000
227	10.99	2081	2089	0.00	194	0	0	0	nan	0.00	0.00	3.60	84.88	89.01	0.00	40	0	42	0.00	0.00	67.21	8.05	0.00	0.00	2000
230	10.47	2176	2115	0.00	194	0	0	0	nan	0.00	0.00	1.99	88.17	89.53	0.00	41	0	42	0.00	0.00	65.49	7.79	0.00	0.00	2000
225	10.76	2139	2050	0.00	195	0	0	5	28.14	0.00	0.00	3.62	83.58	89.24	0.00	40	0	42	0.00	0.00	61.71	7.28	0.00	0.00	2000
231	11.17	2076	2089	1.48	194	0	0	7	25.07	0.00	0.00	3.43	84.98	88.83	0.00	41	0	42	0.00	0.00	67.59	8.01	0.00	0.00	2000
229	10.90	2043	2159	0.00	211	0	0	0	nan	0.00	0.01	3.43	88.24	89.10	0.00	41	0	42	0.00	0.00	68.64	7.99	0.00	0.00	2000
229	10.80	2122	2099	0.00	194	0	0	0	nan	0.00	0.00	3.75	85.32	89.20	0.00	41	0	42	0.00	0.00	63.74	7.71	0.00	0.00	2000
225	11.21	2076	2034	0.00	195	0	0	0	nan	0.00	0.00	4.12	81.89	88.79	0.00	40	0	42	0.00	0.00	65.94	7.37	0.00	0.00	2000
229	10.74	2063	2170	0.00	211	0	0	0	nan	0.00	0.00	3.84	88.38	89.26	0.00	41	0	43	0.00	0.00	69.59	8.20	0.00	0.00	2000
227	11.32	2062	2046	0.00	195	0	0	0	nan	0.00	0.00	3.45	82.89	88.68	0.00	40	0	42	0.00	0.00	64.24	7.56	0.00	0.00	2000
226	10.45	2132	2131	0.00	210	0	0	0	nan	0.00	0.00	3.31	87.56	89.55	0.00	40	0	43	0.00	0.00	65.36	7.67	0.00	0.00	2000
227	10.46	2167	2101	0.00	197	0	0	0	nan	0.00	0.00	5.43	84.14	89.54	0.00	41	0	42	0.00	0.00	68.86	8.14	0.00	0.00	2000
225	11.46	2014	2047	0.00	197	0	0	0	nan	0.00	0.00	3.22	83.23	88.54	0.00	40	0	42	0.00	0.00	63.19	7.47	0.00	0.00	2000
229	10.50	2123	2158	0.00	211	0	0	0	nan	0.00	0.01	2.63	89.43	89.50	0.00	40	0	42	0.00	0.00	69.01	7.90	0.00	0.00	2000
227	10.81	2099	2101	0.00	194	0	0	0	nan	0.00	0.00	2.52	86.78	89.19	0.00	41	0	43	0.00	0.00	65.92	7.66	0.00	0.00	2000
231	11.14	2054	2119	0.00	193	0	0	0	nan	0.00	0.00	2.43	87.38	88.86	0.00	41	0	42	0.00	0.00	66.75	7.95	0.00	0.00	2000
229	11.33	2011	2107	0.00	195	0	0	0	nan	0.00	0.01	2.86	86.28	88.67	0.00	41	0	43	0.00	0.00	66.81	7.77	0.00	0.00	2000
225	11.21	2037	2072	0.00	195	0	0	0	nan	0.00	0.00	3.90	83.89	88.79	0.00	40	0	42	0.00	0.00	62.38	7.29	0.00	0.00	2000
228	10.84	2083	2120	0.00	194	0	0	0	nan	0.00	0.00	3.81	86.35	89.16	0.00	40	0	42	0.00	0.00	67.28	7.94	0.00	0.00	2000
230	10.79	2130	2100	0.00	194	0	0	0	nan	0.00	0.00	3.86	85.32	89.21	0.00	40	0	43	0.00	0.00	65.91	7.84	0.00	0.00	2000
228	10.79	2106	2107	0.20	194	0	0	7	23.17	0.00	0.00	4.58	85.00	89.21	0.00	41	0	43	0.00	0.00	67.21	7.67	0.00	0.00	2000
227	11.37	2056	2038	1.33	194	0	0	5	35.27	0.00	0.00	4.63	81.50	88.63	0.00	41	0	42	0.00	0.00	65.41	7.59	0.00	0.00	2000
228	10.80	2046	2169	0.00	212	0	0	0	nan	0.00	0.00	3.94	88.25	89.20	0.00	41	0	42	0.00	0.00	66.25	7.81	0.00	0.00	2000
229	11.04	2069	2101	0.00	194	0	0	0	nan	0.00	0.00	4.25	84.76	88.96	0.00	41	0	42	0.00	0.00	66.70	7.68	0.00	0.00	2000
229	11.08	2064	2100	0.00	194	0	0	0	nan	0.00	0.00	4.25	84.75	88.92	0.00	41	0	42	0.00	0.00	66.52	7.82	0.00	0.00	2000
228	11.00	2078	2097	0.00	194	0	0	0	nan	0.00	0.00	4.24	84.63	89.00	0.00	40	0	42	0.00	0.00	65.57	7.82	0.00	0.00	2000
235	11.50	2047	2100	0.00	198	0	0	0	nan	0.00	0.02	4.85	83.76	88.50	0.00	41	0	42	0.00	0.00	65.76	7.78	0.00	0.00	2000
228	10.95	2094	2092	0.00	194	0	0	0	nan	0.00	0.00	2.93	85.83	89.05	0.00	40	0	42	0.00	0.00	66.14	7.69	0.00	0.00	2000
228	10.91	2077	2112	0.00	194	0	0	0	nan	0.00	0.00	3.71	85.76	89.09	0.00	41	0	42	0.00	0.00	67.08	7.88	0.00	0.00	2000
228	11.13	2055	2096	0.00	193	0	0	0	nan	0.00	0.00	3.87	84.99	88.87	0.00	40	0	42	0.00	0.00	66.45	7.79	0.00	0.00	2000
228	11.00	2067	2101	0.00	195	0	0	0	nan	0.00	0.00	4.62	84.48	89.00	0.00	41	0	43	0.00	0.00	66.73	7.81	0.00	0.00	2000
231	10.97	2105	2099	0.00	195	0	0	0	nan	0.00	0.00	4.50	84.49	89.03	0.00	40	0	42	0.00	0.00	66.21	7.91	0.00	0.00	2000
228	11.22	2030	2102	0.00	197	0	0	0	nan	0.00	0.01	4.70	84.26	88.78	0.00	41	0	42	0.00	0.00	66.45	7.64	0.00	0.00	2000
229	11.04	2072	2103	0.00	194	0	0	0	nan	0.00	0.00	4.41	84.78	88.96	0.00	41	0	42	0.00	0.00	66.47	7.91	0.00	0.00	2000
221	10.85	2074	2064	0.00	195	0	0	0	nan	0.00	0.00	4.57	83.08	89.15	0.00	41	0	42	0.00	0.00	65.05	7.83	0.00	0.00	2000
225	11.25	2051	2049	0.00	195	0	0	0	nan	0.00	0.00	2.95	83.74	88.75	0.00	41	0	42	0.00	0.00	63.27	7.61	0.00	0.00	2000
233	10.76	2082	2184	0.00	211	0	0	0	nan	0.00	0.01	3.25	89.61	89.24	0.00	41	0	42	0.00	0.00	70.10	8.27	0.00	0.00	2000
229	11.04	2090	2081	0.20	194	0	0	8	22.89	0.00	0.02	3.27	84.91	88.96	0.00	41	0	42	0.00	0.00	65.87	7.83	0.00	0.00	2000
229	11.40	2036	2068	1.33	195	0	0	5	32.27	0.00	0.00	3.27	84.06	88.60	0.00	41	0	43	0.00	0.00	64.62	7.65	0.00	0.00	2000
229	10.89	2042	2161	0.00	210	0	0	0	nan	0.00	0.02	3.49	88.31	89.11	0.00	40	0	42	0.00	0.00	69.47	8.31	0.00	0.00	2000
228	10.97	2078	2097	0.00	194	0	0	0	nan	0.00	0.00	3.93	84.94	89.03	0.00	41	0	42	0.00	0.00	66.53	7.89	0.00	0.00	2000
231	11.12	2077	2103	0.00	195	0	0	0	nan	0.00	0.00	3.85	85.21	88.88	0.00	41	0	42	0.00	0.00	66.20	7.91	0.00	0.00	2000
228	10.99	2077	2094	0.00	195	0	0	0	nan	0.00	0.00	3.70	85.12	89.01	0.00	40	0	42	0.00	0.00	66.09	7.86	0.00	0.00	2000
222	11.33	2032	2027	0.00	193	0	0	0	nan	0.00	0.00	3.69	81.93	88.67	0.00	41	0	42	0.00	0.00	62.62	7.41	0.00	0.00	2000
231	10.54	2105	2187	0.00	210	0	0	0	nan	0.00	0.00	2.76	90.27	89.46	0.00	41	0	43	0.00	0.00	70.02	8.24	0.00	0.00	2000
231	11.32	2038	2100	0.00	195	0	0	0	nan	0.00	0.00	3.71	85.17	88.68	0.00	41	0	42	0.00	0.00	66.36	7.78	0.00	0.00	2000
226	11.20	2024	2095	0.00	195	0	0	0	nan	0.00	0.00	4.09	84.53	88.80	0.00	41	0	42	0.00	0.00	66.02	7.67	0.00	0.00	2000
229	11.18	2044	2107	0.00	194	0	0	0	nan	0.00	0.00	3.52	85.64	88.82	0.00	41	0	43	0.00	0.00	66.90	7.93	0.00	0.00	2000
229	10.98	2094	2093	0.00	195	0	0	0	nan	0.00	0.00	4.19	84.56	89.02	0.00	41	0	42	0.00	0.00	66.31	7.97	0.00	0.00	2000
228	10.92	2080	2105	0.00	194	0	0	0	nan	0.00	0.00	4.42	84.76	89.08	0.00	40	0	42	0.00	0.00	66.20	7.74	0.00	0.00	2000
224	11.31	2053	2029	0.00	195	0	0	0	nan	0.00	0.02	3.96	81.80	88.69	0.00	41	0	42	0.00	0.00	63.49	7.42	0.00	0.00	2000
225	11.08	2040	2092	0.00	211	0	0	0	nan	0.00	0.02	3.00	85.73	88.92	0.00	41	0	42	0.00	0.00	65.72	7.76	0.00	0.00	2000
226	11.15	2026	2098	0.00	214	0	0	0	nan	0.00	0.01	3.96	84.90	88.85	0.00	41	0	43	0.00	0.00	65.92	7.86	0.00	0.00	2000
227	11.02	2054	2105	0.00	211	0	0	0	nan	0.00	0.00	2.37	86.92	88.98	0.00	41	0	42	0.00	0.00	66.58	7.81	0.00	0.00	2000
228	10.99	2072	2108	1.18	212	0	0	10	11.41	0.00	0.02	1.99	87.36	89.01	0.00	41	0	42	0.00	0.00	66.27	7.91	0.00	0.00	2000
235	10.52	2150	2178	0.44	210	0	0	0	nan	0.00	0.02	2.51	90.09	89.48	0.00	41	0	43	0.00	0.00	70.72	8.35	0.00	0.00	2000
228	10.84	2112	2091	0.00	194	0	0	0	nan	0.00	0.00	3.67	85.11	89.16	0.00	41	0	42	0.00	0.00	66.65	7.80	0.00	0.00	2000
228	11.13	2046	2103	0.00	193	0	0	0	nan	0.00	0.00	3.99	85.12	88.87	0.00	41	0	43	0.00	0.00	66.03	7.72	0.00	0.00	2000
229	11.31	2024	2098	0.00	196	0	0	0	nan	0.00	0.00	4.27	84.43	88.69	0.00	41	0	42	0.00	0.00	66.14	7.94	0.00	0.00	2000
229	10.92	2098	2096	0.00	194	0	0	0	nan	0.00	0.00	3.69	85.26	89.08	0.00	41	0	43	0.00	0.00	66.91	7.86	0.00	0.00	2000
228	11.03	2062	2107	0.00	194	0	0	0	nan	0.00	0.00	4.36	85.01	88.97	0.00	41	0	42	0.00	0.00	66.38	7.86	0.00	0.00	2000
228	11.11	2046	2103	0.00	194	0	0	0	nan	0.00	0.00	4.51	84.61	88.89	0.00	41	0	42	0.00	0.00	66.12	7.79	0.00	0.00	2000
233	11.27	2082	2090	0.00	194	0	0	0	nan	0.00	0.00	4.68	83.64	88.73	0.00	40	0	43	0.00	0.00	66.24	7.82	0.00	0.00	2000
223	11.43	2018	2028	0.00	196	0	0	0	nan	0.00	0.00	4.20	81.43	88.57	0.00	41	0	42	0.00	0.00	62.40	7.34	0.00	0.00	2000
232	10.77	2062	2192	0.00	210	0	0	0	nan	0.00	0.02	2.88	90.31	89.23	0.00	41	0	42	0.00	0.00	70.44	8.32	0.00	0.00	2000
228	11.00	2090	2084	0.00	194	0	0	0	nan	0.00	0.02	4.13	84.22	89.00	0.00	41	0	42	0.00	0.00	66.15	7.67	0.00	0.00	2000
228	10.81	2102	2111	0.00	194	0	0	0	nan	0.00	0.00	4.79	84.89	89.19	0.00	41	0	42	0.00	0.00	66.52	8.03	0.00	0.00	2000
229	10.88	2106	2103	0.00	199	0	0	0	nan	0.00	0.00	5.62	83.59	89.12	0.00	40	0	43	0.00	0.00	66.16	7.73	0.00	0.00	2000
230	11.09	2077	2094	0.00	196	0	0	0	nan	0.00	0.00	4.09	84.68	88.91	0.00	40	0	42	0.00	0.00	66.34	7.81	0.00	0.00	2000
228	11.00	2070	2105	0.00	194	0	0	0	nan	0.00	0.00	4.18	85.07	89.00	0.00	40	0	42	0.00	0.00	65.92	7.72	0.00	0.00	2000
226	11.20	2074	2047	0.00	194	0	0	0	nan	0.00	0.02	3.23	83.38	88.80	0.00	41	0	43	0.00	0.00	61.93	7.34	0.00	0.00	2000
230	10.95	2049	2151	1.24	210	0	0	18	7.98	0.00	0.00	2.84	88.37	89.05	0.00	40	0	43	0.00	0.00	70.14	8.47	0.00	0.00	2000
229	11.00	2077	2103	0.44	198	0	0	0	nan	0.00	0.00	5.11	83.96	89.00	0.00	41	0	42	0.00	0.00	66.25	7.71	0.00	0.00	2000
232	10.86	2139	2100	0.00	195	0	0	0	nan	0.00	0.00	4.79	84.32	89.14	0.00	41	0	43	0.00	0.00	66.42	7.80	0.00	0.00	2000
229	10.91	2095	2100	0.00	194	0	0	0	nan	0.00	0.00	4.36	84.70	89.09	0.00	41	0	42	0.00	0.00	63.78	7.40	0.00	0.00	2000
227	11.02	2066	2098	0.00	195	0	0	0	nan	0.00	0.00	4.81	84.12	88.98	0.00	40	0	42	0.00	0.00	67.97	8.07	0.00	0.00	2000
229	10.76	2129	2099	0.00	194	0	0	0	nan	0.00	0.00	4.26	84.92	89.24	0.00	41	0	42	0.00	0.00	66.47	7.82	0.00	0.00	2000
224	10.79	2105	2073	0.00	194	0	0	0	nan	0.00	0.00	4.44	83.75	89.21	0.00	40	0	42	0.00	0.00	64.87	7.73	0.00	0.00	2000
230	11.16	2076	2083	0.00	195	0	0	0	nan	0.00	0.00	3.76	84.35	88.84	0.00	40	0	42	0.00	0.00	64.22	7.40	0.00	0.00	2000
230	10.59	2120	2148	0.00	211	0	0	0	nan	0.00	0.02	4.17	87.40	89.42	0.00	40	0	42	0.00	0.00	67.31	8.23	0.00	0.00	2000
227	10.95	2073	2101	0.00	194	0	0	0	nan	0.00	0.00	4.61	84.58	89.05	0.00	41	0	42	0.00	0.00	66.02	7.93	0.00	0.00	2000
228	11.15	2048	2100	0.00	194	0	0	0	nan	0.00	0.00	4.56	84.36	88.85	0.00	41	0	43	0.00	0.00	66.03	7.83	0.00	0.00	2000
226	11.10	2038	2097	0.00	196	0	0	0	nan	0.00	0.00	4.28	84.60	88.90	0.00	41	0	43	0.00	0.00	65.57	7.96	0.00	0.00	2000
231	11.21	2055	2105	0.00	196	0	0	0	nan	0.00	0.00	3.58	85.47	88.79	0.00	41	0	42	0.00	0.00	68.84	7.68	0.00	0.00	2000
228	10.87	2098	2095	0.00	194	0	0	0	nan	0.00	0.00	3.77	85.17	89.13	0.00	41	0	42	0.00	0.00	64.56	7.62	0.00	0.00	2000
229	10.75	2127	2105	0.00	194	0	0	0	nan	0.00	0.00	4.18	85.20	89.25	0.00	41	0	43	0.00	0.00	65.96	7.66	0.00	0.00	2000
227	10.77	2111	2096	0.00	194	0	0	0	nan	0.00	0.00	3.88	85.16	89.23	0.00	40	0	43	0.00	0.00	65.87	7.80	0.00	0.00	2000
224	10.71	2137	2056	0.00	195	0	0	0	nan	0.00	0.00	4.06	83.40	89.29	0.00	40	0	42	0.00	0.00	64.78	7.64	0.00	0.00	2000
231	11.25	2062	2094	1.19	195	0	0	10	15.34	0.00	0.00	3.91	84.63	88.75	0.00	41	0	43	0.00	0.00	64.36	7.64	0.00	0.00	2000
228	10.42	2140	2145	0.45	210	0	0	0	nan	0.00	0.00	3.48	88.00	89.58	0.00	41	0	43	0.00	0.00	70.40	8.22	0.00	0.00	2000
225	10.87	2111	2062	0.00	194	0	0	0	nan	0.00	0.00	4.29	83.30	89.13	0.00	41	0	42	0.00	0.00	61.20	7.35	0.00	0.00	2000
224	11.18	2038	2060	0.00	195	0	0	0	nan	0.00	0.04	3.93	83.26	88.82	0.00	41	0	42	0.00	0.00	65.96	7.79	0.00	0.00	2000
232	10.79	2114	2140	0.00	213	0	0	0	nan	0.00	0.00	2.75	88.15	89.21	0.00	41	0	42	0.00	0.00	69.06	8.16	0.00	0.00	2000
228	10.83	2108	2096	0.00	194	0	0	0	nan	0.00	0.00	1.75	87.24	89.17	0.00	40	0	42	0.00	0.00	63.71	7.60	0.00	0.00	2000
228	10.77	2118	2098	0.00	210	0	0	0	nan	0.00	0.00	4.08	85.07	89.23	0.00	40	0	42	0.00	0.00	67.42	8.11	0.00	0.00	2000
231	10.44	2154	2153	0.00	210	0	0	0	nan	0.00	0.00	3.52	88.26	89.56	0.00	41	0	43	0.00	0.00	69.09	8.23	0.00	0.00	2000
229	10.77	2127	2100	0.00	196	0	0	0	nan	0.00	0.00	4.16	85.12	89.23	0.00	40	0	42	0.00	0.00	65.59	7.86	0.00	0.00	2000
231	10.91	2110	2104	0.00	210	0	0	0	nan	0.00	0.00	5.87	83.40	89.09	0.00	41	0	42	0.00	0.00	66.70	8.02	0.00	0.00	2000
228	10.71	2140	2086	0.00	194	0	0	0	nan	0.00	0.00	3.47	85.14	89.29	0.00	41	0	42	0.00	0.00	62.97	7.65	0.00	0.00	2000
230	10.83	2105	2114	0.00	194	0	0	0	nan	0.00	0.00	4.88	84.92	89.17	0.00	41	0	43	0.00	0.00	69.67	8.15	0.00	0.00	2000
222	10.77	2098	2068	0.00	195	0	0	0	nan	0.00	0.00	4.07	83.84	89.23	0.00	41	0	42	0.00	0.00	64.95	7.79	0.00	0.00	2000
228	11.38	2042	2059	0.00	195	0	0	0	nan	0.00	0.00	3.64	83.39	88.62	0.00	41	0	43	0.00	0.00	63.58	7.72	0.00	0.00	2000
230	10.58	2104	2165	0.00	210	0	0	0	nan	0.00	0.00	3.79	88.50	89.42	0.00	41	0	42	0.00	0.00	69.49	8.11	0.00	0.00	2000
231	11.36	2015	2118	0.00	194	0	0	0	nan	0.00	0.00	4.05	85.52	88.64	0.00	40	0	42	0.00	0.00	66.36	7.92	0.00	0.00	2000
227	11.02	2069	2090	0.00	195	0	0	1	89.08	0.00	0.02	4.28	84.33	88.98	0.00	41	0	42	0.00	0.00	66.08	7.92	0.00	0.00	2000
225	11.37	2035	2044	1.55	194	0	0	11	21.95	0.00	0.00	4.18	82.13	88.63	0.00	41	0	43	0.00	0.00	63.10	7.58	0.00	0.00	2000
229	11.15	1998	2162	0.02	211	0	0	0	nan	0.01	0.00	4.41	87.26	88.85	0.00	41	0	42	0.00	0.00	68.84	8.07	0.00	0.00	2000
228	11.08	2066	2090	0.00	194	0	0	0	nan	0.00	0.00	3.79	84.83	88.92	0.00	41	0	42	0.00	0.00	62.60	7.44	0.00	0.00	2000
236	11.15	2113	2104	0.00	197	0	0	0	nan	0.00	0.00	5.27	83.82	88.85	0.00	41	0	42	0.00	0.00	69.88	7.78	0.00	0.00	2000
231	11.33	2031	2107	0.00	210	0	0	0	nan	0.00	0.00	7.30	81.71	88.67	0.00	41	0	42	0.00	0.00	62.70	7.93	0.00	0.00	2000
230	10.88	2112	2098	0.00	194	0	0	0	nan	0.00	0.00	4.27	84.74	89.12	0.00	41	0	43	0.00	0.00	66.61	8.24	0.00	0.00	2000
223	11.30	2049	2024	0.00	195	0	0	0	nan	0.00	0.00	3.48	82.07	88.70	0.00	41	0	42	0.00	0.00	64.31	7.46	0.00	0.00	2000
232	10.72	2084	2181	0.00	214	0	0	0	nan	0.00	0.02	4.33	88.56	89.28	0.00	41	0	42	0.00	0.00	67.61	7.91	0.00	0.00	2000
224	11.43	2025	2032	0.00	195	0	0	0	nan	0.00	0.00	3.10	82.71	88.57	0.00	41	0	42	0.00	0.00	62.09	7.53	0.00	0.00	2000
231	10.79	2059	2185	0.00	210	0	0	0	nan	0.00	0.00	2.67	90.26	89.21	0.00	41	0	42	0.00	0.00	70.17	8.25	0.00	0.00	2000
230	11.08	2084	2095	0.00	195	0	0	0	nan	0.00	0.00	4.09	84.65	88.92	0.00	40	0	42	0.00	0.00	66.09	7.90	0.00	0.00	2000
228	11.00	2070	2101	0.00	195	0	0	0	nan	0.00	0.00	5.21	83.92	89.00	0.00	40	0	42	0.00	0.00	66.22	7.86	0.00	0.00	2000
228	10.94	2098	2087	0.00	194	0	0	0	nan	0.00	0.00	4.07	84.55	89.06	0.00	41	0	42	0.00	0.00	66.15	7.94	0.00	0.00	2000
226	10.79	2084	2112	0.00	194	0	0	0	nan	0.00	0.00	5.29	84.52	89.21	0.00	40	0	43	0.00	0.00	65.81	7.93	0.00	0.00	2000
229	10.81	2116	2100	0.00	194	0	0	0	nan	0.00	0.00	4.29	84.87	89.19	0.00	40	0	42	0.00	0.00	66.58	7.99	0.00	0.00	2000
231	11.10	2084	2101	0.00	196	0	0	0	nan	0.00	0.00	5.16	83.82	88.90	0.00	41	0	42	0.00	0.00	66.00	8.01	0.00	0.00	2000
228	10.89	2102	2088	0.00	194	0	0	2	41.70	0.00	0.00	4.33	84.25	89.11	0.00	41	0	42	0.00	0.00	65.45	7.91	0.00	0.00	2000
229	11.08	2051	2115	1.67	194	0	0	11	22.03	0.00	0.00	4.31	85.31	88.92	0.00	41	0	43	0.00	0.00	66.55	7.91	0.00	0.00	2000
229	11.08	2070	2096	0.00	194	0	0	0	nan	0.00	0.00	4.47	84.37	88.92	0.00	40	0	43	0.00	0.00	66.34	7.83	0.00	0.00	2000
228	11.18	2033	2103	0.00	195	0	0	0	nan	0.00	0.00	4.80	84.22	88.82	0.00	41	0	42	0.00	0.00	65.82	7.79	0.00	0.00	2000
223	11.48	2018	2018	0.00	195	0	0	0	nan	0.00	0.00	3.64	81.55	88.52	0.00	41	0	43	0.00	0.00	62.04	7.43	0.00	0.00	2000
234	10.50	2133	2192	0.00	210	0	0	0	nan	0.00	0.00	2.55	90.91	89.50	0.00	41	0	43	0.00	0.00	70.99	8.20	0.00	0.00	2000
226	11.14	2087	2040	0.00	194	0	0	0	nan	0.00	0.00	3.41	82.93	88.86	0.00	41	0	42	0.00	0.00	63.06	7.47	0.00	0.00	2000
230	10.58	2116	2161	0.00	211	0	0	0	nan	0.00	0.02	3.77	88.30	89.42	0.00	41	0	42	0.00	0.00	69.64	8.33	0.00	0.00	2000
227	11.05	2095	2055	0.00	195	0	0	0	nan	0.00	0.00	4.52	82.60	88.95	0.00	41	0	42	0.00	0.00	63.99	7.55	0.00	0.00	2000
228	10.65	2132	2110	0.00	194	0	0	0	nan	0.00	0.02	2.58	87.25	89.35	0.00	40	0	42	0.00	0.00	67.79	8.02	0.00	0.00	2000
228	10.89	2061	2133	0.00	210	0	0	0	nan	0.00	0.00	4.81	85.87	89.11	0.00	40	0	42	0.00	0.00	65.79	7.90	0.00	0.00	2000
229	11.11	2054	2104	0.00	198	0	0	0	nan	0.00	0.00	6.08	83.05	88.89	0.00	41	0	42	0.00	0.00	66.13	7.87	0.00	0.00	2000
229	10.95	2088	2103	0.00	195	0	0	0	nan	0.00	0.00	4.96	84.24	89.05	0.00	41	0	42	0.00	0.00	66.02	7.68	0.00	0.00	2000
230	11.14	2060	2102	0.00	195	0	0	0	nan	0.00	0.00	4.77	84.22	88.86	0.00	40	0	42	0.00	0.00	66.19	7.80	0.00	0.00	2000
227	11.01	2062	2098	0.00	194	0	0	0	nan	0.00	0.00	4.36	84.63	88.99	0.00	41	0	43	0.00	0.00	65.47	7.71	0.00	0.00	2000
231	10.71	2156	2102	0.00	194	0	0	0	nan	0.00	0.00	3.81	85.47	89.29	0.00	40	0	43	0.00	0.00	67.01	7.87	0.00	0.00	2000
228	10.69	2139	2097	0.00	195	0	0	0	nan	0.00	0.00	4.21	84.90	89.31	0.00	41	0	42	0.00	0.00	66.26	7.82	0.00	0.00	2000
227	10.93	2077	2099	0.00	194	0	0	4	30.60	0.00	0.00	4.31	84.82	89.07	0.00	41	0	42	0.00	0.00	66.35	7.80	0.00	0.00	2000
230	11.03	2101	2088	1.60	195	0	0	9	24.13	0.00	0.00	3.63	84.96	88.97	0.00	41	0	43	0.00	0.00	66.25	7.76	0.00	0.00	2000
222	10.86	2069	2077	0.00	194	0	0	0	nan	0.00	0.00	4.83	83.37	89.14	0.00	41	0	42	0.00	0.00	64.54	7.61	0.00	0.00	2000
235	11.26	2057	2126	0.00	194	0	0	0	nan	0.00	0.03	3.52	86.34	88.74	0.00	41	0	42	0.00	0.00	66.64	7.83	0.00	0.00	2000
230	11.01	2080	2114	0.00	194	0	0	0	nan	0.00	0.00	2.72	86.84	88.99	0.00	41	0	43	0.00	0.00	67.15	7.98	0.00	0.00	2000
227	11.31	2069	2039	0.00	194	0	0	0	nan	0.00	0.01	3.26	82.82	88.69	0.00	40	0	43	0.00	0.00	63.40	7.65	0.00	0.00	2000
226	10.67	2103	2116	0.00	211	0	0	0	nan	0.01	0.00	3.72	86.40	89.33	0.00	40	0	42	0.00	0.00	67.74	8.07	0.00	0.00	2000
225	11.11	2064	2058	0.00	194	0	0	0	nan	0.00	0.00	3.90	83.30	88.89	0.00	40	0	43	0.00	0.00	63.23	7.46	0.00	0.00	2000
233	10.77	2083	2182	0.00	210	0	0	0	nan	0.00	0.00	2.87	89.87	89.23	0.00	41	0	42	0.00	0.00	69.77	8.27	0.00	0.00	2000
225	11.37	2039	2038	0.00	194	0	0	0	nan	0.00	0.00	3.07	82.95	88.63	0.00	41	0	43	0.00	0.00	63.08	7.37	0.00	0.00	2000
234	10.74	2098	2176	0.00	211	0	0	0	nan	0.00	0.01	3.41	89.05	89.26	0.00	41	0	42	0.00	0.00	70.44	8.24	0.00	0.00	2000
229	11.00	2097	2088	0.00	197	0	0	0	nan	0.00	0.00	4.61	83.99	89.00	0.00	40	0	42	0.00	0.00	65.78	7.83	0.00	0.00	2000
228	10.93	2074	2111	0.00	195	0	0	0	nan	0.00	0.00	5.29	84.31	89.07	0.00	41	0	42	0.00	0.00	65.99	7.85	0.00	0.00	2000
229	10.83	2104	2105	0.00	194	0	0	0	nan	0.00	0.00	4.46	84.75	89.17	0.00	41	0	42	0.00	0.00	65.88	7.86	0.00	0.00	2000
229	11.07	2083	2082	0.00	197	0	0	0	nan	0.00	0.00	4.31	83.89	88.93	0.00	41	0	42	0.00	0.00	66.03	7.82	0.00	0.00	2000
230	11.00	2077	2116	0.00	197	0	0	0	nan	0.00	0.00	4.57	85.11	89.00	0.00	41	0	42	0.00	0.00	65.43	7.68	0.00	0.00	2000
230	10.90	2105	2106	0.00	194	0	0	0	nan	0.00	0.00	3.38	85.89	89.10	0.00	41	0	43	0.00	0.00	66.89	7.71	0.00	0.00	2000
228	10.90	2102	2093	0.00	194	0	0	5	29.59	0.00	0.00	3.65	85.14	89.10	0.00	41	0	42	0.00	0.00	66.02	7.74	0.00	0.00	2000
229	10.66	2147	2102	1.59	194	0	0	8	28.06	0.00	0.00	4.27	85.09	89.34	0.00	40	0	43	0.00	0.00	66.03	7.87	0.00	0.00	2000
229	10.68	2153	2089	0.00	195	0	0	0	nan	0.00	0.00	4.45	84.34	89.32	0.00	41	0	42	0.00	0.00	65.92	7.71	0.00	0.00	2000
229	10.81	2112	2110	0.00	195	0	0	0	nan	0.00	0.00	5.12	84.45	89.19	0.00	40	0	43	0.00	0.00	66.30	7.95	0.00	0.00	2000
229	10.78	2123	2101	0.00	195	0	0	0	nan	0.00	0.00	4.42	84.89	89.22	0.00	40	0	42	0.00	0.00	63.49	7.47	0.00	0.00	2000
227	10.88	2093	2097	0.00	194	0	0	0	nan	0.00	0.00	4.39	84.60	89.12	0.00	41	0	42	0.00	0.00	68.45	8.12	0.00	0.00	2000
230	10.90	2104	2103	0.00	195	0	0	0	nan	0.00	0.00	4.98	84.22	89.10	0.00	41	0	42	0.00	0.00	65.99	7.73	0.00	0.00	2000
228	10.89	2101	2095	0.00	194	0	0	0	nan	0.00	0.00	4.61	84.34	89.11	0.00	41	0	43	0.00	0.00	66.27	7.60	0.00	0.00	2000
224	11.21	2062	2031	0.00	194	0	0	0	nan	0.00	0.00	4.37	81.56	88.79	0.00	40	0	42	0.00	0.00	62.31	7.35	0.00	0.00	2000
228	10.83	2061	2145	0.00	211	0	0	0	nan	0.00	0.00	2.78	88.28	89.17	0.00	41	0	43	0.00	0.00	67.52	8.06	0.00	0.00	2000
228	11.06	2074	2090	0.00	213	0	0	0	nan	0.00	0.02	2.33	86.28	88.94	0.00	41	0	43	0.00	0.00	67.57	8.12	0.00	0.00	2000
228	10.60	2111	2141	0.00	194	0	0	0	nan	0.00	0.00	4.31	86.83	89.40	0.00	41	0	42	0.00	0.00	66.92	7.83	0.00	0.00	2000
229	10.77	2129	2098	0.00	194	0	0	0	nan	0.00	0.02	3.24	85.91	89.23	0.00	40	0	43	0.00	0.00	66.63	7.87	0.00	0.00	2000
231	10.92	2118	2094	0.00	196	0	0	0	nan	0.00	0.00	3.62	85.23	89.08	0.00	40	0	42	0.00	0.00	64.01	7.45	0.00	0.00	2000
228	10.93	2097	2086	0.00	194	0	0	0	nan	0.00	0.00	4.98	83.59	89.07	0.00	40	0	42	0.00	0.00	65.32	7.68	0.00	0.00	2000
231	10.59	2149	2130	0.00	195	0	0	0	nan	0.00	0.00	3.92	86.65	89.41	0.00	41	0	42	0.00	0.00	67.07	8.08	0.00	0.00	2000
229	10.66	2151	2096	0.00	194	0	0	0	nan	0.00	0.00	3.87	85.21	89.34	0.00	41	0	42	0.00	0.00	66.92	7.86	0.00	0.00	2000
228	10.59	2157	2099	0.00	197	0	0	5	27.71	0.00	0.00	5.77	83.45	89.41	0.00	40	0	42	0.00	0.00	65.82	7.76	0.00	0.00	2000
231	10.99	2098	2106	1.56	196	0	0	8	26.65	0.00	0.00	5.30	83.85	89.01	0.00	41	0	43	0.00	0.00	65.90	7.82	0.00	0.00	2000
226	11.19	2026	2096	0.00	195	0	0	0	nan	0.00	0.00	4.82	83.94	88.81	0.00	41	0	43	0.00	0.00	65.10	7.89	0.00	0.00	2000
221	11.34	2028	2021	0.00	194	0	0	0	nan	0.00	0.00	3.93	81.49	88.66	0.00	41	0	43	0.00	0.00	62.38	7.33	0.00	0.00	2000
231	10.61	2099	2180	0.00	210	0	0	0	nan	0.00	0.02	2.88	90.01	89.39	0.00	41	0	43	0.00	0.00	69.91	8.14	0.00	0.00	2000
227	11.32	2055	2048	0.00	194	0	0	0	nan	0.00	0.00	3.58	82.95	88.68	0.00	41	0	43	0.00	0.00	63.11	7.46	0.00	0.00	2000
223	11.10	2031	2080	0.00	212	0	0	0	nan	0.00	0.00	3.52	84.56	88.90	0.00	41	0	42	0.00	0.00	65.70	7.71	0.00	0.00	2000
230	10.75	2080	2163	0.00	211	0	0	0	nan	0.00	0.01	2.51	89.50	89.25	0.00	41	0	42	0.00	0.00	68.92	8.05	0.00	0.00	2000
225	11.37	2030	2051	0.00	194	0	0	0	nan	0.00	0.00	2.48	84.20	88.63	0.00	40	0	42	0.00	0.00	63.48	7.70	0.00	0.00	2000
230	10.92	2083	2124	0.00	211	0	0	0	nan	0.00	0.02	2.39	87.70	89.08	0.00	41	0	42	0.00	0.00	68.16	8.21	0.00	0.00	2000
226	10.71	2101	2108	0.00	211	0	0	0	nan	0.00	0.01	2.20	87.37	89.29	0.00	41	0	42	0.00	0.00	66.84	7.98	0.00	0.00	2000
230	11.23	2056	2090	0.00	194	0	0	0	nan	0.00	0.00	3.36	85.12	88.77	0.00	41	0	42	0.00	0.00	64.47	7.65	0.00	0.00	2000
226	10.52	2125	2124	0.00	210	0	0	0	nan	0.00	0.01	3.11	87.47	89.48	0.00	41	0	42	0.00	0.00	68.99	8.28	0.00	0.00	2000
233	10.89	2111	2131	0.00	195	0	0	0	nan	0.00	0.00	4.84	85.55	89.11	0.00	40	0	42	0.00	0.00	66.48	7.90	0.00	0.00	2000
227	11.15	2037	2098	0.00	195	0	0	0	nan	0.00	0.00	4.37	84.42	88.85	0.00	41	0	42	0.00	0.00	65.80	7.75	0.00	0.00	2000
229	10.97	2084	2103	0.00	194	0	0	0	nan	0.00	0.00	4.36	84.75	89.03	0.00	41	0	42	0.00	0.00	66.34	7.71	0.00	0.00	2000
227	11.10	2046	2099	0.00	194	0	0	0	nan	0.00	0.00	4.39	84.46	88.90	0.00	40	0	42	0.00	0.00	66.07	7.76	0.00	0.00	2000
223	11.03	2064	2055	0.74	194	0	0	10	15.83	0.00	0.00	4.05	83.03	88.97	0.00	41	0	42	0.00	0.00	64.74	7.56	0.00	0.00	2000
236	11.15	2128	2093	0.87	198	0	0	1	63.67	0.00	0.06	2.38	86.13	88.85	0.00	40	0	42	0.00	0.00	63.81	7.33	0.00	0.00	2000
229	11.25	2034	2104	0.00	210	0	0	0	nan	0.00	0.00	3.54	85.37	88.75	0.00	41	0	43	0.00	0.00	67.03	7.84	0.00	0.00	2000
229	10.89	2053	2147	0.00	213	0	0	0	nan	0.00	0.01	4.38	86.78	89.11	0.00	41	0	42	0.00	0.00	69.00	8.04	0.00	0.00	2000
229	10.88	2111	2093	0.00	196	0	0	0	nan	0.00	0.00	5.08	83.81	89.12	0.00	41	0	42	0.00	0.00	65.68	7.74	0.00	0.00	2000
229	11.02	2065	2112	0.00	194	0	0	0	nan	0.00	0.00	4.07	85.54	88.98	0.00	41	0	42	0.00	0.00	66.49	7.89	0.00	0.00	2000
230	11.17	2064	2097	0.00	195	0	0	0	nan	0.00	0.00	3.65	85.22	88.83	0.00	41	0	42	0.00	0.00	65.75	7.84	0.00	0.00	2000
224	11.07	2047	2071	0.00	194	0	0	0	nan	0.00	0.00	3.94	83.93	88.93	0.00	40	0	42	0.00	0.00	64.83	7.61	0.00	0.00	2000
231	10.92	2086	2126	0.00	193	0	0	0	nan	0.00	0.00	3.19	87.11	89.08	0.00	40	0	43	0.00	0.00	66.50	7.72	0.00	0.00	2000
224	11.06	2053	2076	0.00	195	0	0	0	nan	0.00	0.00	3.56	84.51	88.94	0.00	40	0	42	0.00	0.00	65.48	7.83	0.00	0.00	2000
230	10.83	2098	2123	0.00	194	0	0	0	nan	0.00	0.00	3.39	86.82	89.17	0.00	41	0	42	0.00	0.00	66.56	7.94	0.00	0.00	2000
231	11.01	2100	2098	0.00	195	0	0	0	nan	0.00	0.02	3.87	85.09	88.99	0.00	41	0	42	0.00	0.00	66.63	8.00	0.00	0.00	2000
228	11.10	2045	2113	0.00	194	0	0	0	nan	0.00	0.00	4.68	84.78	88.90	0.00	41	0	42	0.00	0.00	66.16	7.91	0.00	0.00	2000
229	11.08	2073	2097	0.00	195	0	0	0	nan	0.00	0.00	4.26	84.56	88.92	0.00	41	0	42	0.00	0.00	66.27	7.95	0.00	0.00	2000
228	10.92	2087	2102	0.00	194	0	0	0	nan	0.00	0.00	4.30	84.90	89.08	0.00	41	0	42	0.00	0.00	65.88	7.99	0.00	0.00	2000
228	11.28	2024	2095	0.00	195	0	0	0	nan	0.00	0.00	4.10	84.51	88.72	0.00	40	0	42	0.00	0.00	65.47	7.67	0.00	0.00	2000
229	11.05	2069	2104	0.00	195	0	0	0	nan	0.00	0.00	4.99	84.16	88.95	0.00	41	0	42	0.00	0.00	65.56	7.87	0.00	0.00	2000
226	11.05	2054	2097	0.68	195	0	0	10	20.12	0.00	0.02	4.42	84.45	88.95	0.00	41	0	42	0.00	0.00	65.95	7.84	0.00	0.00	2000
230	10.80	2133	2095	1.02	194	0	0	3	55.03	0.00	0.00	3.57	85.46	89.20	0.00	41	0	43	0.00	0.00	63.20	7.49	0.00	0.00	2000
228	11.14	2038	2108	0.00	194	0	0	0	nan	0.00	0.00	4.23	85.09	88.86	0.00	41	0	42	0.00	0.00	68.91	8.25	0.00	0.00	2000
224	10.87	2097	2068	0.00	194	0	0	0	nan	0.00	0.02	4.04	83.77	89.13	0.00	41	0	42	0.00	0.00	64.55	7.62	0.00	0.00	2000
233	11.03	2080	2137	0.00	195	0	0	0	nan	0.00	0.00	3.17	87.35	88.97	0.00	40	0	43	0.00	0.00	66.52	7.85	0.00	0.00	2000
229	11.21	2043	2097	0.00	194	0	0	0	nan	0.01	0.00	3.55	85.20	88.79	0.00	40	0	42	0.00	0.00	61.78	7.12	0.00	0.00	2000
229	10.80	2126	2097	0.00	194	0	0	0	nan	0.00	0.00	3.73	85.36	89.20	0.00	40	0	43	0.00	0.00	66.04	7.86	0.00	0.00	2000
231	10.89	2121	2105	0.00	181	0	0	0	nan	0.00	0.02	3.75	85.60	89.11	0.00	40	0	43	0.00	0.00	63.82	7.40	0.00	0.00	2000
227	11.25	2070	2049	0.00	194	0	0	0	nan	0.00	0.02	3.10	83.54	88.75	0.00	40	0	42	0.00	0.00	65.75	7.58	0.00	0.00	2000
232	10.92	2073	2152	0.00	212	0	0	0	nan	0.00	0.00	4.29	87.16	89.08	0.00	40	0	42	0.00	0.00	69.07	8.85	0.00	0.00	2000
227	11.12	2045	2094	0.00	194	0	0	0	nan	0.00	0.00	4.47	84.23	88.88	0.00	40	0	43	0.00	0.00	63.75	8.03	0.00	0.00	2000
222	11.33	2036	2020	0.00	194	0	0	0	nan	0.00	0.00	3.29	82.06	88.67	0.00	41	0	43	0.00	0.00	65.56	8.44	0.00	0.00	2000
227	11.09	2030	2114	0.00	210	0	0	0	nan	0.00	0.01	2.41	87.21	88.91	0.00	40	0	43	0.00	0.00	66.67	8.69	0.00	0.00	2000
229	11.29	2036	2093	0.00	211	0	0	0	nan	0.00	0.00	2.94	85.55	88.71	0.00	40	0	42	0.00	0.00	66.32	8.66	0.00	0.00	2000
227	10.93	2075	2103	0.00	211	0	0	0	nan	0.00	0.02	2.48	86.66	89.07	0.00	40	0	42	0.00	0.00	66.98	8.71	0.00	0.00	2000
230	11.11	2054	2120	0.00	210	0	0	0	nan	0.00	0.00	2.29	87.47	88.89	0.00	40	0	42	0.00	0.00	67.57	8.75	0.00	0.00	2000
230	10.56	2143	2138	0.00	210	0	0	0	nan	0.00	0.00	2.80	88.29	89.44	0.00	40	0	42	0.00	0.00	67.08	8.57	0.00	0.00	2000
232	11.00	2084	2122	0.91	196	0	0	35	5.13	0.00	0.02	5.15	84.89	89.00	0.00	40	0	42	0.00	0.00	66.50	8.59	0.00	0.00	2000
229	11.02	2082	2097	0.33	194	0	0	0	nan	0.00	0.00	3.74	85.08	88.98	0.00	40	0	42	0.00	0.00	66.75	8.84	0.00	0.00	2000
235	11.15	2112	2098	0.00	193	0	0	0	nan	0.00	0.00	4.55	84.17	88.85	0.00	40	0	42	0.00	0.00	66.91	8.45	0.00	0.00	2000
227	10.96	2073	2102	0.00	194	0	0	0	nan	0.00	0.00	4.19	85.05	89.04	0.00	40	0	42	0.00	0.00	66.71	8.68	0.00	0.00	2000
222	11.43	2023	2019	0.00	195	0	0	0	nan	0.00	0.00	4.03	81.20	88.57	0.00	40	0	42	0.00	0.00	62.57	8.25	0.00	0.00	2000
229	11.20	2036	2111	0.00	211	0	0	0	nan	0.00	0.02	2.90	86.45	88.80	0.00	40	0	43	0.00	0.00	66.76	8.75	0.00	0.00	2000
229	10.97	2084	2101	0.00	211	0	0	0	nan	0.00	0.00	2.51	86.57	89.03	0.00	40	0	42	0.00	0.00	67.23	8.73	0.00	0.00	2000
233	10.77	2082	2178	0.00	210	0	0	0	nan	0.00	0.02	3.65	88.92	89.23	0.00	40	0	43	0.00	0.00	69.72	8.56	0.00	0.00	2000
232	11.03	2099	2099	0.00	198	0	0	0	nan	0.00	0.00	6.31	82.68	88.97	0.00	40	0	43	0.00	0.00	65.05	7.48	0.00	0.00	2000
229	11.20	2041	2100	0.00	199	0	0	0	nan	0.00	0.00	6.20	82.69	88.80	0.00	40	0	42	0.00	0.00	64.37	7.44	0.00	0.00	2000
223	11.38	2010	2046	0.00	195	0	0	0	nan	0.00	0.00	3.56	82.94	88.62	0.00	39	0	42	0.00	0.00	60.81	7.00	0.00	0.00	2000
231	11.09	2062	2123	0.00	210	0	0	0	nan	0.00	0.00	2.53	87.45	88.91	0.00	39	0	42	0.00	0.00	68.22	8.13	0.00	0.00	2000
233	10.90	2108	2128	0.00	196	0	0	0	nan	0.00	0.00	5.13	85.26	89.10	0.00	39	0	43	0.00	0.00	65.45	7.76	0.00	0.00	2000
220	10.68	2069	2090	0.00	194	0	0	0	nan	0.01	0.00	3.32	85.69	89.32	0.00	39	0	42	0.00	0.00	64.41	7.64	0.00	0.00	2000
193	10.74	1787	2109	0.00	292	0	0	0	nan	0.00	0.02	10.20	79.68	89.26	0.00	38	0	42	0.00	0.00	61.85	7.47	0.00	0.00	2000
78	6.90	1135	2105	0.00	193	0	0	0	nan	0.00	0.00	4.57	88.73	93.10	0.00	38	0	42	0.00	0.00	59.33	7.54	0.00	0.00	2000
126	8.65	1469	2077	0.00	65	0	0	0	nan	0.00	0.00	11.51	78.89	91.35	0.00	38	0	42	0.00	0.00	64.90	7.92	0.00	0.00	2000
