Avg_MHz	Busy%	Bzy_MHz	TSC_MHz	IPC	IRQ	NMI	SMI	LLCMRPS	LLC%hit	POLL%	C1%	C1E%	C6%	CPU%c1	CPU%c6	CoreTmp	CoreThr	PkgTmp	Pkg%pc2	Pkg%pc6	PkgWatt	RAMWatt	PKG_%	RAM_%	UncMHz
291	15.86	1905	2024	0.00	246	0	0	0	nan	0.01	0.00	31.29	49.64	84.14	0.00	37	0	42	0.00	0.00	57.49	7.02	0.00	0.00	2000
485	21.45	2154	2203	0.00	247	0	0	0	nan	0.05	1.56	18.50	62.68	78.55	0.00	37	0	42	0.00	0.00	74.55	8.28	0.00	0.00	2000
83	6.95	1160	2152	0.00	196	0	0	0	nan	0.00	0.00	11.89	83.47	93.05	0.00	37	0	42	0.00	0.00	59.40	7.52	0.00	0.00	2000
73	6.66	1105	2086	0.00	193	0	0	0	nan	0.00	0.02	3.77	88.83	93.34	0.00	37	0	42	0.00	0.00	58.59	7.38	0.00	0.00	2000
73	6.65	1102	2089	0.00	193	0	0	0	nan	0.00	0.02	2.26	90.54	93.35	0.00	37	0	42	0.00	0.00	56.32	7.17	0.00	0.00	2000
73	6.55	1103	2115	0.00	193	0	0	0	nan	0.00	0.04	2.64	91.38	93.45	0.00	37	0	42	0.00	0.00	59.26	7.60	0.00	0.00	2000
75	6.52	1143	2115	0.00	194	0	0	0	nan	0.00	0.00	2.92	91.26	93.48	0.00	37	0	42	0.00	0.00	59.33	7.55	0.00	0.00	2000
72	6.73	1075	2096	0.00	194	0	0	0	nan	0.00	0.02	3.35	89.75	93.27	0.00	37	0	42	0.00	0.00	58.07	7.46	0.00	0.00	2000
72	6.54	1116	2078	0.00	193	0	0	0	nan	0.00	0.00	3.70	88.81	93.46	0.00	37	0	42	0.00	0.00	56.75	7.16	0.00	0.00	2000
73	6.39	1132	2125	0.00	194	0	0	0	nan	0.00	0.01	2.64	92.06	93.61	0.00	37	0	42	0.00	0.00	60.52	7.40	0.00	0.00	2000
73	6.54	1130	2080	0.00	193	0	0	0	nan	0.00	0.00	3.21	89.20	93.46	0.00	37	0	42	0.00	0.00	56.99	7.10	0.00	0.00	2000
73	6.57	1101	2128	0.00	195	0	0	0	nan	0.00	0.01	2.59	92.08	93.43	0.00	37	0	42	0.00	0.00	59.54	7.59	0.00	0.00	2000
73	6.53	1142	2068	0.00	193	0	0	0	nan	0.00	0.00	3.03	88.97	93.47	0.00	37	0	42	0.00	0.00	56.35	7.23	0.00	0.00	2000
72	6.79	1055	2121	0.00	211	0	0	0	nan	0.00	0.00	3.48	90.65	93.21	0.00	37	0	42	0.00	0.00	60.23	7.64	0.00	0.00	2000
73	6.69	1093	2089	0.00	178	0	0	0	nan	0.00	0.02	3.32	89.55	93.31	0.00	37	0	42	0.00	0.00	57.62	7.36	0.00	0.00	2000
72	6.69	1064	2108	0.00	210	0	0	1	88.70	0.00	0.00	4.51	89.19	93.31	0.00	37	0	42	0.00	0.00	61.43	7.65	0.00	0.00	2000
72	6.71	1077	2095	0.06	193	0	0	1	88.53	0.00	0.00	3.87	89.29	93.29	0.00	37	0	42	0.00	0.00	55.37	7.29	0.00	0.00	2000
72	6.88	1037	2115	0.00	194	0	0	0	nan	0.00	0.00	4.04	89.73	93.12	0.00	37	0	42	0.00	0.00	60.31	7.51	0.00	0.00	2000
134	9.02	1489	2092	0.00	213	0	0	0	nan	0.00	0.01	5.45	85.22	90.98	0.00	37	0	42	0.00	0.00	57.97	7.09	0.00	0.00	2000
245	11.75	2073	2109	0.00	205	0	0	0	nan	0.00	0.02	4.31	84.34	88.25	0.00	39	0	42	0.00	0.00	66.94	7.60	0.00	0.00	2000
228	10.96	2095	2083	0.00	203	0	0	0	nan	0.00	0.00	3.71	84.80	89.05	0.00	40	0	42	0.00	0.00	63.80	7.36	0.00	0.00	2000
229	11.06	2094	2071	0.00	208	0	0	0	nan	0.00	0.01	3.68	84.07	88.94	0.00	40	0	42	0.00	0.00	63.64	7.37	0.00	0.00	2000
236	11.53	2016	2136	0.00	235	0	0	0	nan	0.00	0.04	4.16	85.92	88.47	0.00	38	0	42	0.00	0.00	66.25	7.71	0.00	0.00	2000
225	10.97	2053	2099	0.00	197	0	0	0	nan	0.00	0.00	7.73	81.38	89.03	0.00	38	0	42	0.00	0.00	65.25	8.08	0.00	0.00	2000
229	10.80	2119	2102	0.00	202	0	0	0	nan	0.00	0.03	4.31	84.96	89.20	0.00	38	0	42	0.00	0.00	65.18	7.82	0.00	0.00	2000
230	11.05	2093	2090	0.00	199	0	0	0	nan	0.00	0.01	5.37	83.14	88.95	0.00	37	0	42	0.00	0.00	66.83	8.06	0.00	0.00	2000
235	11.00	2129	2110	0.00	203	0	0	0	nan	0.00	0.11	6.92	82.42	89.00	0.00	37	0	42	0.00	0.00	61.32	7.41	0.00	0.00	2000
230	10.95	2104	2094	0.00	198	0	0	0	nan	0.01	0.00	6.19	82.63	89.05	0.00	38	0	42	0.00	0.00	65.44	7.67	0.00	0.00	2000
227	11.06	2059	2097	0.00	198	0	0	0	nan	0.00	0.00	6.13	82.75	88.94	0.00	38	0	42	0.00	0.00	69.15	8.00	0.00	0.00	2000
231	11.31	2043	2099	0.00	199	0	0	0	nan	0.00	0.00	5.91	82.95	88.69	0.00	38	0	42	0.00	0.00	61.54	7.08	0.00	0.00	2000
229	11.12	2056	2102	0.00	199	0	0	0	nan	0.00	0.00	6.39	82.77	88.88	0.00	39	0	42	0.00	0.00	67.71	7.73	0.00	0.00	2000
230	11.23	2058	2093	0.00	201	0	0	0	nan	0.00	0.00	6.14	82.43	88.77	0.00	38	0	42	0.00	0.00	64.35	7.43	0.00	0.00	2000
227	11.12	2066	2076	0.00	205	0	0	4	80.93	0.00	0.00	4.01	83.88	88.88	0.00	38	0	42	0.00	0.00	62.62	7.22	0.00	0.00	2000
231	11.22	2077	2085	0.60	200	0	0	12	84.72	0.00	0.02	2.71	85.58	88.78	0.00	38	0	42	0.00	0.00	64.39	7.48	0.00	0.00	2000
239	10.95	2120	2159	0.00	214	0	0	0	nan	0.00	0.00	5.50	86.04	89.05	0.00	38	0	42	0.00	0.00	67.58	7.76	0.00	0.00	2000
217	13.41	2129	1596	0.00	215	0	0	0	nan	0.00	0.00	4.34	61.57	86.59	0.00	38	0	42	0.00	0.00	48.32	5.56	0.00	0.00	2000
246	9.42	1982	2765	0.00	266	0	0	0	nan	0.00	0.06	8.04	111.40	90.58	0.00	38	0	42	0.00	0.00	85.34	10.38	0.00	0.00	2000
224	11.01	2057	2078	0.00	197	0	0	0	nan	0.00	0.00	6.50	81.74	88.99	0.00	39	0	42	0.00	0.00	64.32	7.91	0.00	0.00	2000
226	10.87	2053	2126	0.00	197	0	0	0	nan	0.00	0.02	5.59	84.79	89.13	0.00	39	0	42	0.00	0.00	63.96	7.73	0.00	0.00	2000
228	10.94	2071	2114	0.00	199	0	0	0	nan	0.00	0.00	7.99	81.74	89.06	0.00	39	0	42	0.00	0.00	65.94	7.95	0.00	0.00	2000
224	10.86	2065	2096	0.00	199	0	0	0	nan	0.00	0.00	7.58	81.49	89.14	0.00	39	0	42	0.00	0.00	64.23	7.87	0.00	0.00	2000
223	10.95	2040	2101	0.00	199	0	0	0	nan	0.00	0.00	6.98	82.26	89.05	0.00	39	0	42	0.00	0.00	64.94	7.80	0.00	0.00	2000
224	10.88	2058	2096	0.00	199	0	0	0	nan	0.00	0.01	5.79	83.24	89.12	0.00	39	0	42	0.00	0.00	63.78	7.53	0.00	0.00	2000
224	10.95	2046	2102	0.00	200	0	0	0	nan	0.00	0.00	4.93	84.31	89.05	0.00	39	0	42	0.00	0.00	62.32	7.52	0.00	0.00	2000
224	11.13	2078	2036	0.00	199	0	0	0	nan	0.00	0.00	5.67	80.63	88.87	0.00	40	0	42	0.00	0.00	62.38	7.39	0.00	0.00	2000
224	10.67	2052	2147	0.00	202	0	0	0	nan	0.04	0.00	5.04	86.38	89.33	0.00	40	0	42	0.00	0.00	67.06	7.87	0.00	0.00	2000
217	11.39	2028	1969	0.00	198	0	0	0	nan	0.00	0.00	7.00	76.20	88.61	0.00	40	0	42	0.00	0.00	59.44	6.82	0.00	0.00	2000
228	10.46	2019	2271	0.00	213	0	0	0	nan	0.00	0.02	5.50	91.42	89.54	0.00	40	0	42	0.00	0.00	71.66	8.24	0.00	0.00	2000
222	10.93	2118	2018	0.00	199	0	0	0	nan	0.00	0.01	5.10	80.51	89.07	0.00	39	0	42	0.00	0.00	57.93	7.15	0.00	0.00	2000
225	10.51	2076	2164	0.29	203	0	0	4	86.08	0.00	0.08	5.67	86.63	89.49	0.00	40	0	42	0.00	0.00	69.47	7.51	0.00	0.00	2000
222	10.57	2127	2076	0.51	196	0	0	3	91.90	0.00	1.10	2.64	84.84	89.43	0.00	40	0	42	0.00	0.00	64.90	7.53	0.00	0.00	2000
223	10.50	2094	2133	0.00	196	0	0	0	nan	0.00	0.03	7.00	83.93	89.50	0.00	40	0	42	0.00	0.00	62.78	7.19	0.00	0.00	2000
219	10.57	2127	2047	0.00	199	0	0	0	nan	0.00	0.44	5.35	81.43	89.43	0.00	40	0	42	0.00	0.00	62.76	7.13	0.00	0.00	2000
223	10.44	2078	2163	0.00	196	0	0	0	nan	0.00	0.00	6.40	85.87	89.56	0.00	40	0	42	0.00	0.00	68.52	7.84	0.00	0.00	2000
223	10.87	2067	2082	0.00	202	0	0	0	nan	0.00	0.00	6.63	81.83	89.13	0.00	40	0	42	0.00	0.00	61.44	6.99	0.00	0.00	2000
219	11.03	2015	2073	0.00	199	0	0	0	nan	0.00	0.00	6.90	81.05	88.97	0.00	40	0	42	0.00	0.00	63.25	7.30	0.00	0.00	2000
222	10.97	2004	2120	0.00	198	0	0	0	nan	0.00	0.00	7.36	82.61	89.03	0.00	40	0	42	0.00	0.00	66.34	7.79	0.00	0.00	2000
220	10.85	2052	2076	0.00	197	0	0	0	nan	0.00	0.00	6.08	82.15	89.15	0.00	40	0	42	0.00	0.00	61.34	7.16	0.00	0.00	2000
221	10.66	2058	2118	0.00	197	0	0	0	nan	0.00	0.00	6.16	84.06	89.34	0.00	40	0	42	0.00	0.00	66.55	7.85	0.00	0.00	2000
224	10.68	2081	2117	0.00	204	0	0	0	nan	0.00	0.00	5.64	84.47	89.32	0.00	40	0	42	0.00	0.00	62.93	7.28	0.00	0.00	2000
220	10.63	2063	2109	0.00	215	0	0	0	nan	0.00	0.02	7.03	82.86	89.37	0.00	40	0	42	0.00	0.00	61.85	7.02	0.00	0.00	2000
222	11.18	2039	2044	0.00	199	0	0	0	nan	0.00	0.00	6.99	79.58	88.82	0.00	40	0	42	0.00	0.00	63.44	7.63	0.00	0.00	2000
224	10.39	2090	2168	0.00	199	0	0	0	nan	0.00	0.00	5.10	87.49	89.61	0.00	40	0	42	0.00	0.00	68.77	8.06	0.00	0.00	2000
220	11.00	2058	2041	0.00	196	0	0	0	nan	0.00	0.02	4.91	81.71	89.00	0.00	41	0	42	0.00	0.00	60.41	6.87	0.00	0.00	2000
224	10.70	2068	2122	0.00	199	0	0	0	nan	0.00	0.09	3.75	86.49	89.30	0.00	40	0	42	0.00	0.00	67.29	7.68	0.00	0.00	2000
221	10.44	2114	2100	0.00	198	0	0	0	nan	0.00	1.05	5.29	83.38	89.56	0.00	40	0	42	0.00	0.00	64.51	7.46	0.00	0.00	2000
229	11.05	2072	2098	0.18	200	0	0	4	79.73	0.00	0.01	8.43	80.54	88.95	0.00	40	0	42	0.00	0.00	64.96	7.49	0.00	0.00	2000
221	10.35	2155	2084	0.61	198	0	0	2	89.18	0.00	0.97	6.30	81.85	89.65	0.00	40	0	42	0.00	0.00	65.19	6.95	0.00	0.00	2000
223	10.66	2082	2115	0.00	199	0	0	0	nan	0.00	0.03	5.78	84.24	89.34	0.00	41	0	42	0.00	0.00	64.53	7.61	0.00	0.00	2000
225	10.71	2087	2115	0.00	202	0	0	0	nan	0.00	0.01	5.78	84.19	89.29	0.00	41	0	42	0.00	0.00	67.35	7.75	0.00	0.00	2000
220	10.90	2047	2070	0.00	212	0	0	0	nan	0.00	0.00	7.41	80.46	89.10	0.00	40	0	42	0.00	0.00	59.66	6.85	0.00	0.00	2000
222	10.72	2034	2134	0.00	198	0	0	0	nan	0.00	0.00	5.43	85.42	89.28	0.00	41	0	42	0.00	0.00	65.35	7.39	0.00	0.00	2000
222	10.71	2080	2093	0.00	199	0	0	0	nan	0.00	0.00	5.66	83.39	89.29	0.00	41	0	42	0.00	0.00	63.67	7.37	0.00	0.00	2000
223	10.82	2051	2108	0.00	195	0	0	0	nan	0.00	0.00	6.79	82.73	89.18	0.00	40	0	42	0.00	0.00	67.65	7.57	0.00	0.00	2000
219	10.97	2017	2078	0.00	215	0	0	0	nan	0.00	0.00	6.48	81.72	89.03	0.00	40	0	42	0.00	0.00	61.58	7.46	0.00	0.00	2000
220	10.80	2043	2091	0.00	196	0	0	0	nan	0.00	0.00	5.61	83.29	89.20	0.00	40	0	42	0.00	0.00	64.19	7.47	0.00	0.00	2000
222	10.52	2075	2132	0.00	197	0	0	0	nan	0.00	0.01	5.67	85.25	89.48	0.00	41	0	42	0.00	0.00	66.92	7.78	0.00	0.00	2000
220	10.81	2046	2090	0.00	197	0	0	0	nan	0.00	0.00	5.55	83.28	89.19	0.00	40	0	42	0.00	0.00	61.68	7.13	0.00	0.00	2000
223	10.83	2061	2099	0.00	218	0	0	0	nan	0.02	0.08	3.20	86.06	89.17	0.00	40	0	42	0.00	0.00	65.17	7.40	0.00	0.00	2000
220	10.81	2044	2093	0.00	194	0	0	0	nan	0.00	0.03	4.97	84.01	89.19	0.00	41	0	42	0.00	0.00	63.34	7.40	0.00	0.00	2000
221	10.82	2043	2098	0.00	198	0	0	0	nan	0.00	0.00	6.49	82.72	89.18	0.00	40	0	42	0.00	0.00	64.66	7.34	0.00	0.00	2000
221	10.60	2080	2108	0.00	202	0	0	0	nan	0.01	0.00	6.03	83.76	89.40	0.00	40	0	42	0.00	0.00	64.48	7.39	0.00	0.00	2000
221	10.59	2082	2104	0.00	197	0	0	0	nan	0.00	0.42	6.66	82.56	89.41	0.00	41	0	42	0.00	0.00	64.87	7.35	0.00	0.00	2000
224	10.84	2067	2101	0.29	200	0	0	19	37.57	0.00	0.02	7.25	81.99	89.16	0.00	40	0	42	0.00	0.00	64.15	7.71	0.00	0.00	2000
223	10.94	2051	2090	0.58	194	0	0	2	85.57	0.00	0.00	7.40	81.32	89.06	0.00	41	0	42	0.00	0.00	64.43	7.55	0.00	0.00	2000
222	10.68	2078	2099	0.00	199	0	0	0	nan	0.00	0.02	6.59	82.76	89.32	0.00	40	0	42	0.00	0.00	64.31	7.33	0.00	0.00	2000
223	10.82	2045	2114	0.00	198	0	0	0	nan	0.00	0.00	6.15	83.69	89.18	0.00	40	0	42	0.00	0.00	64.61	7.47	0.00	0.00	2000
221	10.65	2096	2076	0.00	195	0	0	0	nan	0.00	0.00	6.95	81.44	89.35	0.00	41	0	42	0.00	0.00	64.04	7.34	0.00	0.00	2000
223	10.53	2118	2100	0.00	200	0	0	0	nan	0.00	0.00	6.89	82.60	89.47	0.00	40	0	42	0.00	0.00	64.42	7.25	0.00	0.00	2000
221	10.44	2107	2110	0.00	199	0	0	0	nan	0.00	0.00	7.92	82.06	89.56	0.00	41	0	42	0.00	0.00	64.32	7.40	0.00	0.00	2000
222	10.75	2073	2090	0.00	198	0	0	0	nan	0.04	0.00	8.02	80.86	89.25	0.00	40	0	42	0.00	0.00	64.40	7.30	0.00	0.00	2000
221	10.47	2120	2091	0.00	198	0	0	0	nan	0.00	0.00	4.57	84.57	89.53	0.00	40	0	42	0.00	0.00	64.39	7.46	0.00	0.00	2000
221	10.46	2104	2108	0.00	199	0	0	0	nan	0.00	0.00	6.46	83.50	89.54	0.00	41	0	42	0.00	0.00	64.11	7.34	0.00	0.00	2000
223	10.42	2137	2105	0.00	199	0	0	0	nan	0.00	0.03	4.53	85.23	89.58	0.00	41	0	42	0.00	0.00	64.33	7.44	0.00	0.00	2000
222	10.05	2178	2134	0.00	201	0	0	0	nan	0.03	2.15	4.59	84.87	89.95	0.00	40	0	42	0.00	0.00	67.13	7.43	0.00	0.00	2000
220	10.71	2111	2041	0.00	199	0	0	0	nan	0.00	0.02	5.08	81.72	89.29	0.00	41	0	42	0.00	0.00	62.81	7.27	0.00	0.00	2000
223	10.36	2084	2169	0.00	198	0	0	0	nan	0.00	0.00	5.84	86.81	89.64	0.00	40	0	42	0.00	0.00	65.41	7.38	0.00	0.00	2000
219	10.74	2097	2042	0.00	198	0	0	0	nan	0.00	0.02	6.56	80.20	89.26	0.00	40	0	42	0.00	0.00	63.51	7.26	0.00	0.00	2000
224	10.56	2090	2130	0.00	198	0	0	0	nan	0.00	0.00	4.97	85.80	89.44	0.00	40	0	42	0.00	0.00	64.76	7.40	0.00	0.00	2000
221	10.60	2050	2133	0.00	203	0	0	0	nan	0.00	0.00	6.18	84.65	89.40	0.00	40	0	42	0.00	0.00	65.03	7.41	0.00	0.00	2000
219	10.77	2088	2047	0.09	195	0	0	3	93.21	0.00	0.00	7.81	79.16	89.23	0.00	40	0	42	0.00	0.00	63.36	7.22	0.00	0.00	2000
224	10.46	2116	2123	0.64	200	0	0	3	94.69	0.00	0.02	5.36	85.23	89.54	0.00	40	0	42	0.00	0.00	65.04	7.28	0.00	0.00	2000
221	10.87	2027	2111	0.00	200	0	0	0	nan	0.00	0.00	6.13	83.59	89.13	0.00	40	0	42	0.00	0.00	63.88	7.68	0.00	0.00	2000
245	11.72	2099	2091	0.00	196	0	0	0	nan	0.00	0.00	7.11	80.90	88.28	0.00	40	0	42	0.00	0.00	64.50	7.42	0.00	0.00	2000
221	10.87	2036	2100	0.00	203	0	0	0	nan	0.00	0.04	6.31	82.82	89.13	0.00	40	0	42	0.00	0.00	64.67	7.42	0.00	0.00	2000
221	10.79	2016	2132	0.00	199	0	0	0	nan	0.00	0.00	6.97	83.72	89.21	0.00	40	0	42	0.00	0.00	64.77	7.44	0.00	0.00	2000
222	10.68	2082	2096	0.00	195	0	0	0	nan	0.00	0.00	7.21	81.99	89.32	0.00	40	0	42	0.00	0.00	65.88	7.45	0.00	0.00	2000
221	11.19	2073	1996	0.00	198	0	0	0	nan	0.04	0.00	8.50	75.96	88.81	0.00	40	0	42	0.00	0.00	63.48	8.35	0.00	0.00	2000
228	10.67	2055	2180	0.00	201	0	0	0	nan	0.00	0.03	4.24	88.59	89.33	0.00	40	0	42	0.00	0.00	66.10	8.86	0.00	0.00	2000
224	10.77	2070	2110	0.00	202	0	0	0	nan	0.01	0.02	4.02	85.64	89.23	0.00	40	0	42	0.00	0.00	66.99	8.82	0.00	0.00	2000
222	10.69	2107	2075	0.00	197	0	0	0	nan	0.00	0.51	8.88	78.92	89.31	0.00	40	0	42	0.00	0.00	67.29	8.70	0.00	0.00	2000
222	10.51	2114	2101	0.00	198	0	0	0	nan	0.00	0.01	7.08	82.50	89.49	0.00	40	0	42	0.00	0.00	65.72	8.92	0.00	0.00	2000
222	10.28	2108	2149	0.00	197	0	0	0	nan	0.00	0.44	5.20	86.21	89.72	0.00	40	0	42	0.00	0.00	66.98	8.01	0.00	0.00	2000
222	10.60	2096	2096	0.00	195	0	0	0	nan	0.02	1.49	7.88	79.93	89.40	0.00	40	0	42	0.00	0.00	63.49	7.39	0.00	0.00	2000
220	11.03	2107	1992	0.00	198	0	0	0	nan	0.00	0.02	6.08	78.37	88.97	0.00	40	0	42	0.00	0.00	58.66	6.82	0.00	0.00	2000
224	10.42	2038	2213	0.00	202	0	0	0	nan	0.00	0.01	5.93	88.52	89.58	0.00	40	0	42	0.00	0.00	70.92	8.18	0.00	0.00	2000
221	10.75	2053	2106	0.00	195	0	0	0	nan	0.00	0.00	7.15	82.43	89.25	0.00	41	0	42	0.00	0.00	65.15	7.75	0.00	0.00	2000
221	10.57	2089	2098	0.00	194	0	0	2	70.55	0.01	0.00	6.46	82.92	89.43	0.00	40	0	42	0.00	0.00	60.75	6.95	0.00	0.00	2000
223	10.63	2098	2096	0.82	197	0	0	5	61.80	0.00	0.00	6.43	82.84	89.37	0.00	40	0	42	0.00	0.00	64.92	7.50	0.00	0.00	2000
223	10.72	2087	2098	0.00	181	0	0	0	nan	0.00	0.00	6.19	83.04	89.28	0.00	40	0	42	0.00	0.00	64.89	7.51	0.00	0.00	2000
221	10.79	2046	2108	0.00	216	0	0	0	nan	0.00	0.02	6.28	83.31	89.21	0.00	40	0	42	0.00	0.00	66.31	7.83	0.00	0.00	2000
223	10.77	2072	2100	0.00	196	0	0	0	nan	0.04	0.02	7.97	81.31	89.23	0.00	41	0	42	0.00	0.00	60.86	7.04	0.00	0.00	2000
222	10.62	2095	2097	0.00	201	0	0	0	nan	0.00	0.00	8.36	81.01	89.38	0.00	40	0	42	0.00	0.00	65.18	7.69	0.00	0.00	2000
221	10.88	2030	2103	0.00	180	0	0	0	nan	0.00	2.18	2.95	84.32	89.12	0.00	41	0	42	0.00	0.00	66.26	7.68	0.00	0.00	2000
220	10.64	2070	2099	0.00	196	0	0	0	nan	0.00	0.03	2.87	86.63	89.36	0.00	40	0	42	0.00	0.00	65.10	7.43	0.00	0.00	2000
221	11.18	2054	2023	0.00	204	0	0	0	nan	0.00	0.02	4.46	81.21	88.82	0.00	40	0	42	0.00	0.00	59.90	6.78	0.00	0.00	2000
224	10.48	2061	2178	0.00	199	0	0	0	nan	0.00	0.44	6.31	86.18	89.52	0.00	41	0	42	0.00	0.00	68.48	7.78	0.00	0.00	2000
222	10.91	2039	2099	0.00	196	0	0	0	nan	0.00	0.00	6.67	82.53	89.09	0.00	40	0	42	0.00	0.00	65.10	7.52	0.00	0.00	2000
221	10.83	2037	2100	0.00	197	0	0	0	nan	0.00	0.00	6.47	82.89	89.17	0.00	40	0	42	0.00	0.00	64.61	7.51	0.00	0.00	2000
221	10.79	2047	2104	0.00	196	0	0	0	nan	0.00	0.02	6.65	82.78	89.21	0.00	40	0	42	0.00	0.00	60.56	7.07	0.00	0.00	2000
224	10.94	2047	2097	0.00	199	0	0	0	nan	0.00	0.02	6.94	82.13	89.06	0.00	40	0	42	0.00	0.00	65.02	7.39	0.00	0.00	2000
223	10.20	2186	2104	0.00	186	0	0	0	nan	0.00	1.95	7.05	81.18	89.80	0.00	40	0	42	0.00	0.00	67.96	7.60	0.00	0.00	2000
222	10.52	2111	2097	0.00	198	0	0	0	nan	0.00	0.02	7.43	81.91	89.48	0.00	40	0	42	0.00	0.00	65.24	7.78	0.00	0.00	2000
218	10.95	2066	2022	0.00	196	0	0	0	nan	0.00	0.00	5.92	79.89	89.05	0.00	40	0	42	0.00	0.00	57.02	6.64	0.00	0.00	2000
223	10.55	2036	2183	0.00	197	0	0	0	nan	0.00	0.02	5.35	87.71	89.45	0.00	41	0	42	0.00	0.00	70.67	8.13	0.00	0.00	2000
222	10.84	2048	2097	0.69	200	0	0	4	41.44	0.00	0.00	6.60	82.55	89.16	0.00	40	0	42	0.00	0.00	65.38	7.47	0.00	0.00	2000
223	10.97	2033	2102	0.20	196	0	0	0	nan	0.00	0.02	7.08	82.14	89.03	0.00	40	0	42	0.00	0.00	60.41	6.95	0.00	0.00	2000
213	11.16	2131	1880	0.00	182	0	0	0	nan	0.00	0.00	5.64	74.02	88.84	0.00	39	0	42	0.00	0.00	55.34	6.37	0.00	0.00	2000
237	10.28	2057	2350	0.00	229	0	0	0	nan	0.00	0.52	4.53	95.54	89.72	0.00	37	0	42	0.00	0.00	76.17	8.92	0.00	0.00	2000
230	11.07	2072	2108	0.00	202	0	0	0	nan	0.04	0.01	3.33	85.98	88.93	0.00	38	0	42	0.00	0.00	66.50	7.80	0.00	0.00	2000
232	11.16	2083	2099	0.00	198	0	0	0	nan	0.01	0.00	4.73	84.17	88.84	0.00	38	0	42	0.00	0.00	59.86	6.95	0.00	0.00	2000
230	10.89	2113	2098	0.00	201	0	0	0	nan	0.00	0.44	5.85	82.85	89.11	0.00	38	0	42	0.00	0.00	67.26	7.65	0.00	0.00	2000
233	11.21	2072	2104	0.00	184	0	0	0	nan	0.00	0.00	7.06	81.97	88.79	0.00	38	0	42	0.00	0.00	66.53	7.60	0.00	0.00	2000
229	11.15	2060	2096	0.00	200	0	0	0	nan	0.00	0.00	8.60	80.25	88.85	0.00	38	0	42	0.00	0.00	60.08	6.92	0.00	0.00	2000
230	11.22	2051	2100	0.00	199	0	0	0	nan	0.00	0.01	7.63	81.24	88.78	0.00	38	0	42	0.00	0.00	65.77	7.58	0.00	0.00	2000
230	10.88	2114	2100	0.00	197	0	0	0	nan	0.00	0.00	6.75	82.43	89.12	0.00	38	0	42	0.00	0.00	66.91	7.47	0.00	0.00	2000
233	11.26	2071	2102	0.00	182	0	0	0	nan	0.00	0.00	6.73	82.28	88.74	0.00	38	0	42	0.00	0.00	65.52	7.49	0.00	0.00	2000
230	11.05	2083	2102	0.00	196	0	0	0	nan	0.00	0.02	3.57	85.48	88.95	0.00	38	0	42	0.00	0.00	61.12	7.16	0.00	0.00	2000
229	11.10	2067	2093	0.00	195	0	0	0	nan	0.00	0.00	2.82	85.86	88.90	0.00	38	0	42	0.00	0.00	64.82	7.25	0.00	0.00	2000
234	11.47	2037	2102	0.00	196	0	0	0	nan	0.00	0.00	3.63	85.17	88.53	0.00	38	0	42	0.00	0.00	65.82	7.47	0.00	0.00	2000
229	11.25	2039	2099	0.00	179	0	0	0	nan	0.01	0.00	3.37	85.42	88.75	0.00	38	0	42	0.00	0.00	65.33	7.40	0.00	0.00	2000
229	11.04	2073	2105	0.00	196	0	0	0	nan	0.00	0.01	3.44	85.75	88.96	0.00	38	0	42	0.00	0.00	66.31	7.59	0.00	0.00	2000
231	11.21	2066	2096	0.32	195	0	0	4	49.29	0.00	0.01	3.32	85.39	88.79	0.00	38	0	42	0.00	0.00	60.00	6.90	0.00	0.00	2000
231	11.40	2019	2104	0.59	196	0	0	3	78.36	0.00	0.03	3.06	85.77	88.60	0.00	38	0	42	0.00	0.00	66.86	7.69	0.00	0.00	2000
230	11.35	2025	2097	0.00	194	0	0	0	nan	0.00	0.02	3.12	85.47	88.65	0.00	38	0	42	0.00	0.00	65.48	7.46	0.00	0.00	2000
228	11.13	2050	2102	0.00	178	0	0	0	nan	0.00	0.01	2.77	86.19	88.87	0.00	38	0	42	0.00	0.00	66.61	7.71	0.00	0.00	2000
230	11.25	2045	2101	0.00	196	0	0	0	nan	0.00	0.00	3.47	85.43	88.75	0.00	38	0	42	0.00	0.00	65.28	7.06	0.00	0.00	2000
228	11.17	2049	2095	0.00	194	0	0	0	nan	0.00	0.00	3.57	85.08	88.83	0.00	38	0	42	0.00	0.00	59.83	7.17	0.00	0.00	2000
231	11.23	2057	2105	0.00	195	0	0	0	nan	0.00	0.00	3.35	85.68	88.77	0.00	38	0	42	0.00	0.00	63.70	7.57	0.00	0.00	2000
228	10.89	2093	2099	0.00	194	0	0	0	nan	0.00	0.02	2.61	86.53	89.11	0.00	38	0	42	0.00	0.00	68.53	7.54	0.00	0.00	2000
229	11.27	2039	2096	0.00	179	0	0	0	nan	0.00	0.00	3.08	85.58	88.73	0.00	38	0	42	0.00	0.00	64.79	7.57	0.00	0.00	2000
229	10.86	2104	2105	0.00	195	0	0	0	nan	0.00	0.00	2.84	86.51	89.14	0.00	39	0	43	0.00	0.00	66.27	7.74	0.00	0.00	2000
230	11.11	2071	2100	0.00	195	0	0	0	nan	0.00	0.00	3.35	85.66	88.89	0.00	38	0	42	0.00	0.00	60.32	7.01	0.00	0.00	2000
229	11.11	2066	2099	0.00	199	0	0	0	nan	0.00	0.00	4.46	84.41	88.89	0.00	38	0	42	0.00	0.00	66.85	7.55	0.00	0.00	2000
232	11.15	2084	2098	0.00	197	0	0	0	nan	0.00	0.00	3.13	85.79	88.85	0.00	38	0	42	0.00	0.00	66.28	7.58	0.00	0.00	2000
228	11.38	2038	2064	0.00	180	0	0	0	nan	0.00	0.01	3.04	84.15	88.62	0.00	38	0	42	0.00	0.00	60.71	6.70	0.00	0.00	2000
230	11.02	2045	2143	0.00	194	0	0	0	nan	0.00	0.00	3.49	87.30	88.98	0.00	38	0	42	0.00	0.00	69.07	8.47	0.00	0.00	2000
229	11.07	2069	2098	0.00	195	0	0	0	nan	0.00	0.00	4.20	84.66	88.93	0.00	38	0	42	0.00	0.00	60.39	7.02	0.00	0.00	2000
229	11.17	2051	2101	0.00	195	0	0	0	nan	0.00	0.02	3.53	85.45	88.83	0.00	38	0	42	0.00	0.00	65.92	7.63	0.00	0.00	2000
230	11.13	2069	2094	0.00	194	0	0	1	72.31	0.00	0.01	3.09	85.67	88.87	0.00	38	0	42	0.00	0.00	65.26	7.60	0.00	0.00	2000
231	11.35	2065	2071	0.83	180	0	0	5	59.16	0.00	0.00	3.64	83.85	88.65	0.00	38	0	42	0.00	0.00	64.44	7.53	0.00	0.00	2000
229	10.69	2107	2131	0.00	196	0	0	0	nan	0.00	0.00	4.16	86.49	89.31	0.00	38	0	42	0.00	0.00	65.32	7.65	0.00	0.00	2000
231	11.01	2088	2107	0.00	194	0	0	0	nan	0.01	0.00	2.92	86.39	88.99	0.00	38	0	42	0.00	0.00	60.32	6.94	0.00	0.00	2000
229	11.14	2060	2093	0.00	196	0	0	0	nan	0.00	0.00	3.12	85.46	88.86	0.00	38	0	42	0.00	0.00	65.26	7.68	0.00	0.00	2000
227	11.08	2113	2032	0.00	195	0	0	0	nan	0.00	0.00	3.67	82.38	88.92	0.00	38	0	42	0.00	0.00	61.82	7.03	0.00	0.00	2000
232	10.64	2101	2181	0.00	195	0	0	0	nan	0.00	0.02	3.08	89.74	89.36	0.00	38	0	42	0.00	0.00	66.50	7.74	0.00	0.00	2000
229	10.80	2128	2096	0.00	195	0	0	0	nan	0.00	0.00	2.92	86.12	89.20	0.00	38	0	42	0.00	0.00	65.18	7.29	0.00	0.00	2000
228	11.13	2052	2099	0.00	195	0	0	0	nan	0.00	0.00	3.11	85.82	88.87	0.00	38	0	42	0.00	0.00	65.56	7.62	0.00	0.00	2000
229	10.99	2086	2098	0.00	193	0	0	0	nan	0.00	0.01	2.56	86.39	89.01	0.00	39	0	42	0.00	0.00	64.55	7.40	0.00	0.00	2000
229	11.14	2054	2104	0.00	195	0	0	0	nan	0.00	0.01	3.17	85.92	88.86	0.00	38	0	42	0.00	0.00	66.57	7.48	0.00	0.00	2000
229	11.07	2075	2095	0.00	178	0	0	0	nan	0.00	0.00	3.21	85.50	88.93	0.00	38	0	42	0.00	0.00	64.81	7.39	0.00	0.00	2000
232	10.95	2109	2107	0.00	198	0	0	0	nan	0.00	0.03	3.43	85.94	89.05	0.00	39	0	42	0.00	0.00	61.54	7.03	0.00	0.00	2000
227	11.04	2134	2020	0.00	196	0	0	0	nan	0.00	0.02	3.13	82.50	88.96	0.00	38	0	42	0.00	0.00	62.60	7.03	0.00	0.00	2000
228	10.72	2057	2176	0.00	194	0	0	0	nan	0.00	0.00	2.86	89.83	89.28	0.00	38	0	42	0.00	0.00	67.77	7.34	0.00	0.00	2000
238	11.20	2118	2106	0.00	197	0	0	0	nan	0.00	0.00	4.84	84.20	88.80	0.00	38	0	42	0.00	0.00	64.23	7.57	0.00	0.00	2000
229	10.78	2123	2097	0.00	197	0	0	0	nan	0.00	0.02	4.01	85.00	89.22	0.00	38	0	42	0.00	0.00	65.47	7.43	0.00	0.00	2000
231	11.00	2100	2102	0.00	196	0	0	0	nan	0.00	0.00	3.49	85.64	89.00	0.00	38	0	42	0.00	0.00	66.69	7.66	0.00	0.00	2000
231	10.99	2104	2102	0.56	179	0	0	4	44.08	0.01	0.02	3.07	86.10	89.01	0.00	38	0	42	0.00	0.00	61.03	6.90	0.00	0.00	2000
230	10.85	2123	2097	0.38	195	0	0	0	nan	0.00	0.00	2.95	86.16	89.15	0.00	38	0	42	0.00	0.00	65.74	7.59	0.00	0.00	2000
235	11.07	2122	2097	0.00	195	0	0	0	nan	0.00	0.00	2.94	85.89	88.93	0.00	38	0	42	0.00	0.00	65.88	7.39	0.00	0.00	2000
231	10.98	2102	2101	0.00	194	0	0	0	nan	0.00	0.02	3.40	85.57	89.02	0.00	38	0	42	0.00	0.00	66.67	7.59	0.00	0.00	2000
230	11.03	2085	2100	0.00	181	0	0	0	nan	0.00	0.00	3.35	85.64	88.97	0.00	38	0	42	0.00	0.00	61.20	7.03	0.00	0.00	2000
231	11.19	2060	2103	0.00	196	0	0	0	nan	0.00	0.00	3.72	85.25	88.81	0.00	38	0	42	0.00	0.00	66.40	7.47	0.00	0.00	2000
226	11.16	2125	1998	0.00	195	0	0	0	nan	0.00	0.00	3.36	81.20	88.84	0.00	38	0	42	0.00	0.00	62.27	7.07	0.00	0.00	2000
232	10.56	2097	2203	0.00	196	0	0	0	nan	0.00	0.02	2.95	90.97	89.44	0.00	39	0	42	0.00	0.00	65.43	7.40	0.00	0.00	2000
229	11.11	2056	2108	0.00	195	0	0	0	nan	0.00	0.00	2.99	86.37	88.89	0.00	38	0	42	0.00	0.00	66.82	7.78	0.00	0.00	2000
229	10.73	2138	2096	0.00	194	0	0	0	nan	0.00	0.02	3.34	85.73	89.27	0.00	38	0	42	0.00	0.00	65.33	7.49	0.00	0.00	2000
228	10.84	2102	2101	0.00	196	0	0	0	nan	0.00	0.00	3.52	85.71	89.16	0.00	38	0	42	0.00	0.00	64.27	7.60	0.00	0.00	2000
232	11.32	2051	2099	0.00	181	0	0	0	nan	0.00	0.02	3.99	84.61	88.68	0.00	38	0	42	0.00	0.00	63.37	7.09	0.00	0.00	2000
229	10.78	2121	2102	0.00	194	0	0	0	nan	0.00	0.02	2.93	86.41	89.22	0.00	38	0	42	0.00	0.00	66.31	7.77	0.00	0.00	2000
229	10.95	2093	2098	0.00	195	0	0	0	nan	0.00	0.00	3.00	86.00	89.05	0.00	39	0	42	0.00	0.00	65.82	7.53	0.00	0.00	2000
228	11.06	2064	2100	0.00	195	0	0	0	nan	0.00	0.02	2.89	86.14	88.94	0.00	38	0	42	0.00	0.00	63.87	7.26	0.00	0.00	2000
228	11.28	2025	2095	0.00	177	0	0	0	nan	0.00	0.02	3.03	85.57	88.72	0.00	38	0	42	0.00	0.00	62.23	7.29	0.00	0.00	2000
230	11.18	2050	2108	0.00	196	0	0	0	nan	0.00	0.02	3.66	85.58	88.82	0.00	38	0	42	0.00	0.00	66.37	7.68	0.00	0.00	2000
231	11.44	2023	2095	0.01	196	0	0	3	56.82	0.00	0.00	3.91	84.53	88.56	0.00	38	0	42	0.00	0.00	64.54	7.58	0.00	0.00	2000
232	11.47	2020	2101	0.80	196	0	0	3	62.45	0.00	0.01	5.00	83.79	88.53	0.00	38	0	42	0.00	0.00	65.56	7.60	0.00	0.00	2000
233	11.20	2074	2103	0.00	211	0	0	0	nan	0.00	0.00	6.13	82.88	88.80	0.00	38	0	42	0.00	0.00	63.80	7.50	0.00	0.00	2000
229	11.06	2097	2072	0.00	179	0	0	0	nan	0.00	0.00	3.43	84.42	88.94	0.00	38	0	42	0.00	0.00	62.77	7.31	0.00	0.00	2000
229	10.81	2097	2123	0.00	194	0	0	0	nan	0.01	0.00	3.97	86.27	89.19	0.00	38	0	42	0.00	0.00	65.56	7.66	0.00	0.00	2000
229	10.91	2095	2103	0.00	196	0	0	0	nan	0.00	0.00	3.06	86.23	89.09	0.00	38	0	42	0.00	0.00	66.29	7.69	0.00	0.00	2000
232	11.19	2071	2099	0.00	195	0	0	0	nan	0.00	0.04	3.75	85.08	88.81	0.00	38	0	42	0.00	0.00	64.67	7.73	0.00	0.00	2000
225	11.16	2121	1996	0.00	196	0	0	0	nan	0.00	0.00	3.41	81.14	88.84	0.00	38	0	42	0.00	0.00	56.58	6.55	0.00	0.00	2000
234	10.88	2035	2217	0.00	194	0	0	0	nan	0.00	0.00	2.63	91.54	89.12	0.00	39	0	42	0.00	0.00	72.18	8.13	0.00	0.00	2000
228	11.04	2070	2097	0.00	194	0	0	0	nan	0.00	0.00	3.00	85.93	88.96	0.00	38	0	42	0.00	0.00	66.14	7.69	0.00	0.00	2000
229	11.06	2075	2095	0.00	193	0	0	0	nan	0.00	0.00	2.96	85.81	88.94	0.00	38	0	42	0.00	0.00	62.72	7.20	0.00	0.00	2000
231	11.47	2006	2106	0.00	196	0	0	0	nan	0.00	0.01	3.69	85.16	88.53	0.00	38	0	42	0.00	0.00	62.89	7.34	0.00	0.00	2000
229	11.21	2049	2093	0.00	194	0	0	0	nan	0.00	0.00	2.82	85.70	88.79	0.00	38	0	42	0.00	0.00	65.35	7.52	0.00	0.00	2000
229	10.92	2095	2100	0.00	178	0	0	0	nan	0.00	0.02	3.24	85.83	89.08	0.00	38	0	42	0.00	0.00	65.58	7.55	0.00	0.00	2000
229	11.20	2045	2100	0.00	195	0	0	0	nan	0.00	0.00	2.88	85.96	88.80	0.00	38	0	42	0.00	0.00	64.66	7.46	0.00	0.00	2000
229	11.14	2046	2107	0.00	194	0	0	0	nan	0.00	0.02	2.73	86.53	88.86	0.00	38	0	42	0.00	0.00	66.24	7.64	0.00	0.00	2000
231	11.07	2086	2099	0.00	195	0	0	0	nan	0.00	0.00	3.18	85.78	88.93	0.00	38	0	42	0.00	0.00	66.45	7.70	0.00	0.00	2000
235	11.18	2103	2097	0.00	197	0	0	0	nan	0.00	0.00	4.49	84.22	88.82	0.00	39	0	42	0.00	0.00	61.40	7.13	0.00	0.00	2000
230	10.98	2101	2094	0.75	178	0	0	4	37.56	0.00	0.00	3.32	85.54	89.02	0.00	38	0	42	0.00	0.00	64.88	7.23	0.00	0.00	2000
230	10.97	2091	2104	0.15	194	0	0	0	nan	0.00	0.02	2.44	86.80	89.03	0.00	38	0	42	0.00	0.00	65.46	7.46	0.00	0.00	2000
230	11.46	2043	2061	0.00	195	0	0	0	nan	0.00	0.02	2.98	83.99	88.54	0.00	38	0	42	0.00	0.00	63.64	7.27	0.00	0.00	2000
231	11.20	2013	2147	0.00	198	0	0	0	nan	0.00	0.00	5.27	85.68	88.80	0.00	38	0	42	0.00	0.00	64.12	7.54	0.00	0.00	2000
230	11.15	2068	2100	0.00	194	0	0	0	nan	0.00	0.00	3.64	85.25	88.85	0.00	38	0	42	0.00	0.00	68.46	7.17	0.00	0.00	2000
230	11.11	2079	2094	0.00	195	0	0	0	nan	0.00	0.00	3.12	85.63	88.89	0.00	38	0	42	0.00	0.00	62.93	7.10	0.00	0.00	2000
229	11.18	2050	2102	0.00	195	0	0	0	nan	0.00	0.01	3.21	85.75	88.82	0.00	38	0	42	0.00	0.00	63.42	7.05	0.00	0.00	2000
225	11.42	2071	2000	0.00	194	0	0	0	nan	0.00	0.02	2.90	81.54	88.58	0.00	38	0	42	0.00	0.00	61.19	7.01	0.00	0.00	2000
231	10.86	2029	2203	0.00	194	0	0	0	nan	0.00	0.00	2.97	90.69	89.14	0.00	38	0	42	0.00	0.00	70.48	8.11	0.00	0.00	2000
229	11.09	2061	2101	0.00	196	0	0	0	nan	0.00	0.00	2.90	86.19	88.91	0.00	38	0	42	0.00	0.00	64.92	7.53	0.00	0.00	2000
231	11.27	2052	2099	0.00	196	0	0	0	nan	0.00	0.01	3.22	85.57	88.73	0.00	38	0	42	0.00	0.00	64.75	7.18	0.00	0.00	2000
235	11.19	2090	2107	0.00	197	0	0	0	nan	0.00	0.00	3.18	85.95	88.81	0.00	38	0	42	0.00	0.00	67.02	7.65	0.00	0.00	2000
229	10.97	2090	2095	0.00	193	0	0	0	nan	0.00	0.01	3.94	84.93	89.03	0.00	38	0	42	0.00	0.00	62.56	7.06	0.00	0.00	2000
229	11.07	2063	2101	0.00	194	0	0	0	nan	0.00	0.00	3.22	85.85	88.93	0.00	38	0	42	0.00	0.00	63.12	7.09	0.00	0.00	2000
230	10.74	2142	2100	0.00	195	0	0	0	nan	0.00	0.02	2.82	86.39	89.26	0.00	38	0	42	0.00	0.00	65.17	7.38	0.00	0.00	2000
231	11.15	2070	2103	0.00	194	0	0	0	nan	0.00	0.02	2.82	86.24	88.85	0.00	38	0	42	0.00	0.00	66.46	7.62	0.00	0.00	2000
229	10.97	2093	2095	0.00	178	0	0	0	nan	0.00	0.00	3.18	85.70	89.03	0.00	38	0	42	0.00	0.00	65.22	7.61	0.00	0.00	2000
229	11.11	2052	2107	0.45	195	0	0	5	47.73	0.00	0.00	2.88	86.42	88.89	0.00	38	0	42	0.00	0.00	66.17	7.62	0.00	0.00	2000
230	11.22	2048	2098	0.48	194	0	0	1	88.30	0.00	0.00	3.69	85.08	88.78	0.00	38	0	42	0.00	0.00	62.54	7.37	0.00	0.00	2000
225	11.16	2103	2010	0.00	195	0	0	0	nan	0.00	0.00	3.30	81.74	88.84	0.00	38	0	42	0.00	0.00	59.47	6.91	0.00	0.00	2000
231	10.87	2041	2187	0.00	194	0	0	0	nan	0.00	0.02	2.20	90.66	89.13	0.00	38	0	42	0.00	0.00	69.53	8.02	0.00	0.00	2000
231	10.95	2104	2108	0.00	196	0	0	0	nan	0.00	0.00	3.26	86.22	89.05	0.00	38	0	42	0.00	0.00	66.78	7.66	0.00	0.00	2000
229	10.92	2101	2099	0.00	194	0	0	0	nan	0.00	0.02	3.29	85.84	89.08	0.00	38	0	42	0.00	0.00	59.46	7.09	0.00	0.00	2000
228	10.87	2102	2098	0.00	195	0	0	0	nan	0.00	0.02	3.66	85.45	89.13	0.00	38	0	42	0.00	0.00	66.77	7.79	0.00	0.00	2000
230	10.88	2116	2100	0.00	196	0	0	0	nan	0.01	0.00	3.27	85.94	89.12	0.00	38	0	42	0.00	0.00	66.05	7.51	0.00	0.00	2000
228	11.08	2062	2093	0.00	179	0	0	0	nan	0.00	0.00	3.01	85.71	88.92	0.00	38	0	42	0.00	0.00	64.72	7.52	0.00	0.00	2000
232	11.24	2056	2105	0.00	194	0	0	0	nan	0.00	0.00	2.65	86.33	88.76	0.00	38	0	42	0.00	0.00	65.12	7.61	0.00	0.00	2000
232	10.95	2116	2103	0.00	196	0	0	0	nan	0.00	0.02	3.40	85.81	89.05	0.00	38	0	42	0.00	0.00	63.38	7.25	0.00	0.00	2000
230	10.97	2094	2099	0.00	193	0	0	0	nan	0.00	0.00	3.23	85.80	89.03	0.00	38	0	42	0.00	0.00	62.52	7.11	0.00	0.00	2000
224	11.28	2091	1998	0.00	194	0	0	0	nan	0.00	0.01	2.88	81.57	88.72	0.00	38	0	42	0.00	0.00	61.56	7.23	0.00	0.00	2000
233	10.81	2042	2213	0.00	194	0	0	0	nan	0.00	0.02	2.52	91.54	89.19	0.00	38	0	42	0.00	0.00	68.95	7.93	0.00	0.00	2000
229	11.24	2040	2098	0.00	195	0	0	0	nan	0.00	0.00	3.81	85.01	88.76	0.00	38	0	42	0.00	0.00	62.72	7.44	0.00	0.00	2000
232	11.37	2045	2096	0.00	195	0	0	0	nan	0.00	0.00	3.22	85.34	88.63	0.00	38	0	42	0.00	0.00	64.87	7.43	0.00	0.00	2000
228	11.32	2008	2103	0.00	194	0	0	0	nan	0.00	0.00	3.54	85.41	88.68	0.00	38	0	42	0.00	0.00	66.25	7.97	0.00	0.00	2000
229	10.79	2125	2100	0.00	194	0	0	3	54.58	0.00	0.03	3.22	85.91	89.21	0.00	38	0	42	0.00	0.00	66.39	7.75	0.00	0.00	2000
230	10.98	2088	2103	0.83	179	0	0	3	62.82	0.00	0.02	4.00	85.28	89.02	0.00	38	0	42	0.00	0.00	60.43	6.99	0.00	0.00	2000
230	10.81	2125	2098	0.00	194	0	0	0	nan	0.00	0.01	3.26	85.88	89.19	0.00	38	0	42	0.00	0.00	66.32	7.72	0.00	0.00	2000
229	11.13	2056	2098	0.00	194	0	0	0	nan	0.00	0.00	2.39	86.50	88.87	0.00	38	0	42	0.00	0.00	65.65	7.44	0.00	0.00	2000
231	11.13	2077	2100	0.00	179	0	0	0	nan	0.00	0.02	2.63	86.29	88.87	0.00	38	0	42	0.00	0.00	63.42	7.22	0.00	0.00	2000
230	11.24	2041	2104	0.00	194	0	0	0	nan	0.00	0.01	3.32	85.74	88.76	0.00	38	0	42	0.00	0.00	63.78	7.32	0.00	0.00	2000
230	11.15	2059	2101	0.00	196	0	0	0	nan	0.00	0.00	3.69	85.29	88.85	0.00	38	0	42	0.00	0.00	66.03	7.75	0.00	0.00	2000
228	11.02	2080	2093	0.00	178	0	0	0	nan	0.00	0.02	3.13	85.67	88.98	0.00	38	0	42	0.00	0.00	62.68	7.28	0.00	0.00	2000
229	11.09	2067	2097	0.00	195	0	0	0	nan	0.00	0.02	2.67	86.24	88.91	0.00	38	0	42	0.00	0.00	66.86	7.64	0.00	0.00	2000
228	11.28	2053	2070	0.00	194	0	0	0	nan	0.00	0.00	3.29	84.21	88.72	0.00	38	0	42	0.00	0.00	59.69	6.90	0.00	0.00	2000
231	11.18	2037	2136	0.00	196	0	0	0	nan	0.00	0.00	4.75	85.63	88.82	0.00	38	0	42	0.00	0.00	65.86	7.64	0.00	0.00	2000
230	10.85	2119	2101	0.00	197	0	0	0	nan	0.00	0.00	5.06	84.22	89.15	0.00	38	0	42	0.00	0.00	65.62	7.75	0.00	0.00	2000
229	10.87	2105	2100	0.00	195	0	0	0	nan	0.00	0.01	3.37	85.77	89.13	0.00	38	0	42	0.00	0.00	65.13	7.70	0.00	0.00	2000
228	10.85	2103	2100	0.00	194	0	0	0	nan	0.00	0.00	3.08	86.17	89.15	0.00	38	0	42	0.00	0.00	66.60	7.83	0.00	0.00	2000
255	11.90	2145	2099	0.00	179	0	0	0	nan	0.00	0.00	4.01	84.09	88.10	0.00	38	0	42	0.00	0.00	64.01	7.46	0.00	0.00	2000
231	11.10	2117	2065	0.00	195	0	0	0	nan	0.00	0.02	3.35	84.12	88.90	0.00	38	0	42	0.00	0.00	61.35	7.10	0.00	0.00	2000
231	10.94	2070	2137	0.00	195	0	0	0	nan	0.00	0.02	3.50	87.19	89.06	0.00	38	0	42	0.00	0.00	65.82	7.74	0.00	0.00	2000
229	10.97	2090	2101	0.00	194	0	0	0	nan	0.00	0.02	3.43	85.65	89.03	0.00	38	0	42	0.00	0.00	66.32	7.70	0.00	0.00	2000
230	11.06	2079	2100	0.72	195	0	0	4	40.20	0.00	0.00	3.54	85.53	88.94	0.00	38	0	42	0.00	0.00	65.24	7.50	0.00	0.00	2000
228	11.08	2065	2098	0.20	197	0	0	0	nan	0.00	0.00	4.23	84.69	88.93	0.00	38	0	42	0.00	0.00	65.90	7.71	0.00	0.00	2000
231	11.03	2098	2101	0.00	195	0	0	0	nan	0.00	0.00	3.03	85.96	88.97	0.00	38	0	42	0.00	0.00	64.03	7.37	0.00	0.00	2000
229	11.29	2085	2046	0.00	179	0	0	0	nan	0.00	0.00	3.68	82.90	88.71	0.00	38	0	42	0.00	0.00	61.37	7.18	0.00	0.00	2000
231	10.71	2102	2159	0.00	194	0	0	0	nan	0.00	0.00	3.96	87.77	89.29	0.00	38	0	42	0.00	0.00	66.81	7.75	0.00	0.00	2000
228	10.88	2098	2099	0.00	195	0	0	0	nan	0.00	0.00	3.41	85.85	89.12	0.00	38	0	42	0.00	0.00	65.92	7.68	0.00	0.00	2000
229	10.89	2102	2100	0.00	194	0	0	0	nan	0.00	0.02	3.29	85.78	89.11	0.00	38	0	42	0.00	0.00	66.56	7.77	0.00	0.00	2000
231	10.94	2117	2096	0.00	179	0	0	0	nan	0.00	0.02	3.26	85.65	89.06	0.00	38	0	42	0.00	0.00	60.88	7.05	0.00	0.00	2000
231	10.82	2133	2107	0.00	195	0	0	0	nan	0.00	0.00	2.98	86.52	89.18	0.00	38	0	42	0.00	0.00	66.30	7.78	0.00	0.00	2000
230	11.23	2051	2093	0.00	197	0	0	0	nan	0.00	0.00	3.36	85.17	88.77	0.00	38	0	42	0.00	0.00	65.66	7.73	0.00	0.00	2000
227	11.53	2033	2029	0.00	195	0	0	0	nan	0.00	0.00	3.05	82.54	88.47	0.00	38	0	42	0.00	0.00	61.89	7.19	0.00	0.00	2000
233	11.07	2023	2180	0.00	196	0	0	0	nan	0.00	0.00	3.83	88.58	88.93	0.00	38	0	42	0.00	0.00	66.79	7.75	0.00	0.00	2000
230	10.97	2092	2100	0.00	194	0	0	0	nan	0.00	0.00	3.31	85.73	89.03	0.00	38	0	42	0.00	0.00	66.00	7.54	0.00	0.00	2000
229	11.08	2074	2095	0.00	197	0	0	0	nan	0.00	0.02	3.77	85.00	88.92	0.00	38	0	42	0.00	0.00	65.43	7.53	0.00	0.00	2000
232	11.41	2027	2106	0.00	195	0	0	0	nan	0.00	0.02	3.59	85.44	88.59	0.00	38	0	42	0.00	0.00	64.44	7.36	0.00	0.00	2000
228	10.93	2083	2098	0.00	195	0	0	0	nan	0.00	0.02	3.27	85.85	89.07	0.00	38	0	42	0.00	0.00	64.16	7.31	0.00	0.00	2000
229	11.40	2009	2096	0.00	178	0	0	0	nan	0.00	0.01	3.03	85.57	88.60	0.00	38	0	42	0.00	0.00	62.93	7.30	0.00	0.00	2000
228	11.00	2073	2103	0.24	195	0	0	4	53.69	0.00	0.02	3.59	85.65	89.00	0.00	38	0	42	0.00	0.00	65.55	7.67	0.00	0.00	2000
230	11.03	2080	2101	0.68	194	0	0	3	71.11	0.00	0.00	3.36	85.81	88.97	0.00	38	0	42	0.00	0.00	65.44	7.57	0.00	0.00	2000
225	11.12	2128	1993	0.00	195	0	0	0	nan	0.00	0.02	3.13	81.27	88.88	0.00	38	0	42	0.00	0.00	59.26	6.90	0.00	0.00	2000
233	11.17	1988	2208	0.00	196	0	0	0	nan	0.00	0.00	2.97	90.54	88.83	0.00	38	0	42	0.00	0.00	67.16	7.65	0.00	0.00	2000
228	11.10	2054	2098	0.00	196	0	0	0	nan	0.01	0.00	2.67	86.23	88.90	0.00	38	0	42	0.00	0.00	64.72	7.37	0.00	0.00	2000
231	11.46	2010	2107	0.00	194	0	0	0	nan	0.00	0.01	3.05	85.90	88.54	0.00	38	0	42	0.00	0.00	65.65	7.53	0.00	0.00	2000
228	11.16	2043	2097	0.00	194	0	0	0	nan	0.00	0.00	3.23	85.66	88.84	0.00	38	0	42	0.00	0.00	64.83	7.41	0.00	0.00	2000
229	11.17	2052	2097	0.00	194	0	0	0	nan	0.00	0.00	3.23	85.58	88.83	0.00	38	0	42	0.00	0.00	64.68	7.11	0.00	0.00	2000
230	11.22	2047	2107	0.00	195	0	0	0	nan	0.00	0.00	3.76	85.39	88.78	0.00	38	0	42	0.00	0.00	61.08	7.39	0.00	0.00	2000
231	11.01	2103	2094	0.00	194	0	0	0	nan	0.00	0.02	3.15	85.69	88.99	0.00	38	0	42	0.00	0.00	65.41	7.52	0.00	0.00	2000
228	10.90	2096	2099	0.00	178	0	0	0	nan	0.00	0.00	3.39	85.74	89.10	0.00	38	0	42	0.00	0.00	65.81	7.61	0.00	0.00	2000
230	11.11	2061	2107	0.00	194	0	0	0	nan	0.00	0.00	2.64	86.63	88.89	0.00	38	0	42	0.00	0.00	65.71	7.57	0.00	0.00	2000
228	11.03	2064	2100	0.00	193	0	0	0	nan	0.00	0.00	3.56	85.55	88.97	0.00	38	0	42	0.00	0.00	65.53	7.69	0.00	0.00	2000
229	10.89	2104	2099	0.00	195	0	0	0	nan	0.00	0.01	3.15	85.94	89.11	0.00	38	0	42	0.00	0.00	61.07	7.11	0.00	0.00	2000
232	11.34	2049	2097	0.00	181	0	0	0	nan	0.00	0.00	3.43	85.18	88.66	0.00	39	0	42	0.00	0.00	66.19	7.66	0.00	0.00	2000
230	11.45	2039	2072	0.00	208	0	0	0	nan	0.00	0.02	4.38	83.10	88.55	0.00	38	0	42	0.00	0.00	63.03	7.33	0.00	0.00	2000
228	11.21	2005	2133	0.00	196	0	0	0	nan	0.00	0.00	3.66	86.60	88.79	0.00	38	0	42	0.00	0.00	66.49	7.74	0.00	0.00	2000
230	11.26	2045	2096	0.00	197	0	0	2	66.43	0.00	0.00	4.43	84.27	88.74	0.00	38	0	42	0.00	0.00	64.61	7.61	0.00	0.00	2000
229	11.30	2028	2101	0.80	195	0	0	5	60.36	0.00	0.00	3.79	85.11	88.70	0.00	38	0	42	0.00	0.00	63.10	7.30	0.00	0.00	2000
225	11.42	2064	2000	0.00	194	0	0	0	nan	0.00	0.00	3.10	81.32	88.58	0.00	38	0	42	0.00	0.00	58.41	6.83	0.00	0.00	2000
232	10.97	2052	2170	0.00	195	0	0	0	nan	0.00	0.02	2.85	89.29	89.03	0.00	37	0	42	0.00	0.00	69.36	8.24	0.00	0.00	2000
232	11.06	2056	2140	0.00	195	0	0	0	nan	0.00	0.00	4.69	86.04	88.94	0.00	38	0	42	0.00	0.00	66.12	7.80	0.00	0.00	2000
229	11.02	2085	2097	0.00	195	0	0	0	nan	0.00	0.00	3.70	85.31	88.98	0.00	38	0	42	0.00	0.00	65.38	7.59	0.00	0.00	2000
229	10.92	2101	2101	0.00	195	0	0	0	nan	0.00	0.00	3.26	85.94	89.08	0.00	38	0	42	0.00	0.00	60.73	7.00	0.00	0.00	2000
228	10.83	2112	2095	0.00	194	0	0	0	nan	0.00	0.02	2.70	86.34	89.17	0.00	38	0	42	0.00	0.00	66.14	7.64	0.00	0.00	2000
234	11.24	2077	2106	0.00	182	0	0	0	nan	0.00	0.00	5.23	83.83	88.76	0.00	38	0	42	0.00	0.00	66.57	7.61	0.00	0.00	2000
229	11.07	2072	2095	0.00	195	0	0	0	nan	0.00	0.00	3.56	85.23	88.93	0.00	38	0	42	0.00	0.00	64.51	7.10	0.00	0.00	2000
236	11.36	2079	2101	0.00	196	0	0	0	nan	0.00	0.00	3.54	85.31	88.64	0.00	38	0	42	0.00	0.00	62.97	7.65	0.00	0.00	2000
228	11.24	2036	2096	0.00	179	0	0	0	nan	0.00	0.00	3.34	85.36	88.76	0.00	38	0	42	0.00	0.00	65.83	7.63	0.00	0.00	2000
230	11.13	2062	2106	0.00	195	0	0	0	nan	0.00	0.00	3.01	86.17	88.87	0.00	38	0	42	0.00	0.00	65.72	7.60	0.00	0.00	2000
230	11.12	2067	2098	0.00	194	0	0	0	nan	0.00	0.01	4.36	84.52	88.88	0.00	39	0	42	0.00	0.00	61.37	7.15	0.00	0.00	2000
232	11.25	2065	2098	0.00	194	0	0	0	nan	0.00	0.00	3.14	85.66	88.75	0.00	38	0	42	0.00	0.00	65.23	7.46	0.00	0.00	2000
229	10.99	2086	2096	0.00	179	0	0	0	nan	0.00	0.00	3.36	85.58	89.01	0.00	38	0	42	0.00	0.00	65.32	7.69	0.00	0.00	2000
230	11.16	2055	2102	0.00	211	0	0	0	nan	0.00	0.00	3.51	85.55	88.84	0.00	38	0	42	0.00	0.00	65.12	7.59	0.00	0.00	2000
229	10.87	2102	2103	0.00	179	0	0	0	nan	0.00	0.02	3.83	85.36	89.13	0.00	38	0	42	0.00	0.00	66.22	7.72	0.00	0.00	2000
229	11.31	2024	2100	0.52	195	0	0	4	43.57	0.00	0.00	3.44	85.33	88.69	0.00	38	0	42	0.00	0.00	62.21	7.17	0.00	0.00	2000
228	11.08	2054	2101	0.39	194	0	0	0	nan	0.00	0.00	3.31	85.72	88.92	0.00	38	0	42	0.00	0.00	62.56	7.32	0.00	0.00	2000
226	11.29	2114	1992	0.00	195	0	0	0	nan	0.00	0.02	2.64	81.57	88.71	0.00	38	0	42	0.00	0.00	61.39	7.10	0.00	0.00	2000
233	10.65	2076	2213	0.00	198	0	0	0	nan	0.00	0.02	4.02	90.23	89.35	0.00	38	0	42	0.00	0.00	71.56	8.14	0.00	0.00	2000
231	11.10	2079	2103	0.00	196	0	0	0	nan	0.00	0.00	3.60	85.42	88.90	0.00	38	0	42	0.00	0.00	62.66	7.34	0.00	0.00	2000
228	11.26	2026	2099	0.00	195	0	0	0	nan	0.00	0.01	3.22	85.57	88.74	0.00	39	0	42	0.00	0.00	65.31	7.43	0.00	0.00	2000
229	11.24	2037	2103	0.00	195	0	0	0	nan	0.00	0.00	3.11	85.85	88.76	0.00	39	0	42	0.00	0.00	63.39	7.33	0.00	0.00	2000
229	10.89	2106	2099	0.00	180	0	0	0	nan	0.00	0.00	3.51	85.60	89.11	0.00	38	0	42	0.00	0.00	66.57	7.50	0.00	0.00	2000
232	11.22	2068	2102	0.00	195	0	0	0	nan	0.00	0.02	3.68	85.34	88.78	0.00	38	0	42	0.00	0.00	60.66	7.00	0.00	0.00	2000
229	11.04	2079	2098	0.00	195	0	0	0	nan	0.00	0.01	4.11	84.81	88.96	0.00	38	0	42	0.00	0.00	66.76	7.64	0.00	0.00	2000
230	11.10	2072	2097	0.00	178	0	0	0	nan	0.00	0.02	3.04	85.84	88.90	0.00	38	0	42	0.00	0.00	65.14	7.59	0.00	0.00	2000
230	10.83	2119	2104	0.00	194	0	0	0	nan	0.00	0.00	3.12	86.20	89.17	0.00	38	0	42	0.00	0.00	63.74	7.48	0.00	0.00	2000
230	11.02	2095	2095	0.00	195	0	0	0	nan	0.00	0.00	4.37	84.49	88.98	0.00	38	0	42	0.00	0.00	62.58	7.21	0.00	0.00	2000
230	11.05	2074	2105	0.00	194	0	0	0	nan	0.01	0.00	3.22	86.02	88.95	0.00	38	0	42	0.00	0.00	66.38	7.69	0.00	0.00	2000
231	10.86	2133	2096	0.00	196	0	0	0	nan	0.00	0.00	2.81	86.13	89.14	0.00	38	0	42	0.00	0.00	65.22	7.69	0.00	0.00	2000
228	11.09	2099	2055	0.00	179	0	0	0	nan	0.00	0.01	3.08	84.02	88.91	0.00	38	0	42	0.00	0.00	62.10	7.18	0.00	0.00	2000
231	10.64	2116	2152	0.00	196	0	0	0	nan	0.00	0.00	4.43	87.12	89.36	0.00	38	0	42	0.00	0.00	66.74	7.87	0.00	0.00	2000
228	11.19	2043	2093	0.00	194	0	0	3	54.85	0.00	0.01	3.33	85.35	88.81	0.00	38	0	42	0.00	0.00	62.83	7.18	0.00	0.00	2000
229	10.98	2087	2102	0.81	195	0	0	5	60.73	0.00	0.00	3.36	85.76	89.02	0.00	39	0	42	0.00	0.00	65.24	7.33	0.00	0.00	2000
230	11.34	2026	2104	0.00	196	0	0	0	nan	0.00	0.00	3.61	85.27	88.66	0.00	39	0	42	0.00	0.00	66.11	7.60	0.00	0.00	2000
230	10.95	2103	2096	0.00	180	0	0	0	nan	0.00	0.00	3.93	84.91	89.05	0.00	38	0	42	0.00	0.00	63.61	7.24	0.00	0.00	2000
228	11.08	2061	2100	0.00	195	0	0	0	nan	0.00	0.00	3.67	85.34	88.92	0.00	38	0	42	0.00	0.00	66.17	7.43	0.00	0.00	2000
231	11.35	2030	2103	0.00	195	0	0	0	nan	0.00	0.00	3.26	85.63	88.65	0.00	38	0	42	0.00	0.00	62.75	7.10	0.00	0.00	2000
229	10.65	2149	2100	0.00	194	0	0	0	nan	0.00	0.01	3.18	86.19	89.35	0.00	38	0	42	0.00	0.00	67.39	7.69	0.00	0.00	2000
232	10.93	2124	2098	0.00	183	0	0	0	nan	0.00	0.03	3.16	85.76	89.07	0.00	39	0	42	0.00	0.00	64.32	7.13	0.00	0.00	2000
226	11.46	2120	1951	0.00	196	0	0	0	nan	0.00	0.02	3.40	78.91	88.54	0.00	38	0	42	0.00	0.00	55.53	6.47	0.00	0.00	2000
232	10.73	2008	2265	0.00	211	0	0	0	nan	0.00	0.00	4.10	92.21	89.27	0.00	38	0	42	0.00	0.00	73.48	8.42	0.00	0.00	2000
229	11.19	2045	2102	0.00	196	0	0	0	nan	0.00	0.01	2.67	86.28	88.81	0.00	38	0	42	0.00	0.00	63.30	7.30	0.00	0.00	2000
230	10.79	2127	2101	0.00	195	0	0	0	nan	0.00	0.00	2.84	86.38	89.21	0.00	38	0	42	0.00	0.00	65.10	7.59	0.00	0.00	2000
229	11.03	2073	2099	0.00	195	0	0	0	nan	0.00	0.00	3.05	85.93	88.97	0.00	38	0	42	0.00	0.00	66.39	7.80	0.00	0.00	2000
232	11.37	2043	2098	0.00	179	0	0	0	nan	0.00	0.02	3.11	85.54	88.63	0.00	38	0	42	0.00	0.00	61.91	7.21	0.00	0.00	2000
253	11.83	2136	2104	0.00	196	0	0	0	nan	0.00	0.00	3.76	84.68	88.17	0.00	39	0	42	0.00	0.00	64.49	7.53	0.00	0.00	2000
230	10.92	2103	2101	0.00	194	0	0	0	nan	0.00	0.00	3.11	85.90	89.08	0.00	38	0	42	0.00	0.00	65.70	7.75	0.00	0.00	2000
229	10.89	2105	2098	0.00	195	0	0	0	nan	0.00	0.00	3.20	85.87	89.11	0.00	38	0	42	0.00	0.00	67.10	7.92	0.00	0.00	2000
230	11.27	2040	2098	0.00	181	0	0	0	nan	0.00	0.01	4.30	84.40	88.73	0.00	38	0	42	0.00	0.00	63.32	7.29	0.00	0.00	2000
230	11.22	2053	2101	0.73	196	0	0	6	43.44	0.00	0.02	3.47	85.42	88.78	0.00	38	0	42	0.00	0.00	63.07	7.36	0.00	0.00	2000
231	11.16	2068	2100	0.19	193	0	0	0	nan	0.00	0.00	3.42	85.39	88.84	0.00	39	0	42	0.00	0.00	64.57	7.64	0.00	0.00	2000
229	11.35	2013	2101	0.00	195	0	0	0	nan	0.00	0.00	3.89	84.96	88.65	0.00	38	0	42	0.00	0.00	64.08	7.77	0.00	0.00	2000
229	11.12	2062	2095	0.00	194	0	0	0	nan	0.00	0.00	2.57	86.20	88.88	0.00	38	0	42	0.00	0.00	64.47	7.16	0.00	0.00	2000
228	11.12	2049	2100	0.00	196	0	0	0	nan	0.00	0.00	2.82	86.15	88.88	0.00	38	0	42	0.00	0.00	65.36	7.57	0.00	0.00	2000
229	10.91	2099	2096	0.00	179	0	0	0	nan	0.00	0.00	3.21	85.80	89.09	0.00	38	0	42	0.00	0.00	64.53	7.55	0.00	0.00	2000
229	11.14	2047	2110	0.00	194	0	0	0	nan	0.00	0.00	3.02	86.39	88.86	0.00	38	0	43	0.00	0.00	63.68	7.35	0.00	0.00	2000
229	11.36	2073	2039	0.00	195	0	0	0	nan	0.00	0.02	3.16	82.95	88.64	0.00	38	0	42	0.00	0.00	62.26	7.37	0.00	0.00	2000
228	11.10	2000	2157	0.00	195	0	0	0	nan	0.00	0.00	3.68	87.79	88.90	0.00	38	0	42	0.00	0.00	67.87	7.84	0.00	0.00	2000
230	11.47	2001	2100	0.00	198	0	0	0	nan	0.00	0.02	4.27	84.43	88.53	0.00	38	0	42	0.00	0.00	62.52	7.30	0.00	0.00	2000
230	11.30	2028	2105	0.00	196	0	0	0	nan	0.00	0.01	3.44	85.55	88.70	0.00	38	0	42	0.00	0.00	65.71	7.55	0.00	0.00	2000
230	10.99	2093	2097	0.00	196	0	0	0	nan	0.00	0.02	3.24	85.61	89.01	0.00	38	0	42	0.00	0.00	65.07	7.48	0.00	0.00	2000
228	11.03	2067	2105	0.00	194	0	0	0	nan	0.00	0.00	3.20	86.11	88.97	0.00	38	0	42	0.00	0.00	63.80	7.61	0.00	0.00	2000
232	11.07	2098	2094	0.00	196	0	0	0	nan	0.00	0.03	3.08	85.69	88.93	0.00	38	0	42	0.00	0.00	63.43	7.26	0.00	0.00	2000
228	11.05	2066	2099	0.00	178	0	0	0	nan	0.00	0.00	3.24	85.72	88.95	0.00	38	0	42	0.00	0.00	65.16	7.36	0.00	0.00	2000
228	11.34	2061	2049	0.00	195	0	0	0	nan	0.00	0.00	3.00	83.63	88.66	0.00	38	0	42	0.00	0.00	62.94	7.27	0.00	0.00	2000
230	11.06	2020	2161	0.00	194	0	0	0	nan	0.00	0.00	3.73	87.94	88.94	0.00	38	0	42	0.00	0.00	66.40	7.76	0.00	0.00	2000
233	11.49	2038	2093	0.33	213	0	0	7	51.50	0.00	0.03	6.43	81.93	88.51	0.00	38	0	42	0.00	0.00	64.62	7.63	0.00	0.00	2000
230	11.30	2030	2102	0.59	195	0	0	3	75.74	0.00	0.00	3.79	85.10	88.70	0.00	38	0	42	0.00	0.00	65.40	7.69	0.00	0.00	2000
231	11.23	2055	2099	0.00	196	0	0	0	nan	0.00	0.00	3.90	84.86	88.77	0.00	38	0	42	0.00	0.00	64.21	7.35	0.00	0.00	2000
230	11.00	2092	2096	0.00	195	0	0	0	nan	0.00	0.00	2.93	85.91	89.00	0.00	39	0	42	0.00	0.00	65.43	7.58	0.00	0.00	2000
229	11.18	2047	2107	0.00	195	0	0	0	nan	0.00	0.00	3.40	85.80	88.82	0.00	39	0	42	0.00	0.00	62.75	7.21	0.00	0.00	2000
229	11.27	2056	2075	0.00	178	0	0	0	nan	0.00	0.00	3.15	84.57	88.73	0.00	38	0	42	0.00	0.00	64.28	7.54	0.00	0.00	2000
231	10.98	2077	2131	0.00	196	0	0	0	nan	0.00	0.00	4.71	85.54	89.02	0.00	38	0	42	0.00	0.00	66.41	7.65	0.00	0.00	2000
231	10.95	2110	2097	0.00	195	0	0	0	nan	0.00	0.01	3.74	85.28	89.05	0.00	39	0	42	0.00	0.00	66.64	7.61	0.00	0.00	2000
226	11.32	2108	1989	0.00	195	0	0	0	nan	0.00	0.00	2.80	81.25	88.68	0.00	38	0	42	0.00	0.00	58.83	6.78	0.00	0.00	2000
231	10.61	2063	2213	0.00	195	0	0	0	nan	0.00	0.00	2.88	91.35	89.39	0.00	38	0	42	0.00	0.00	68.46	7.82	0.00	0.00	2000
230	11.14	2059	2106	0.00	195	0	0	0	nan	0.00	0.00	3.44	85.82	88.86	0.00	38	0	42	0.00	0.00	66.21	7.73	0.00	0.00	2000
228	11.10	2059	2096	0.00	194	0	0	0	nan	0.00	0.02	2.92	85.92	88.90	0.00	38	0	42	0.00	0.00	62.59	7.29	0.00	0.00	2000
234	11.54	2019	2105	0.00	195	0	0	0	nan	0.00	0.00	2.77	86.00	88.46	0.00	38	0	42	0.00	0.00	66.24	7.79	0.00	0.00	2000
230	11.15	2063	2099	0.00	182	0	0	0	nan	0.00	0.00	3.25	85.56	88.85	0.00	38	0	42	0.00	0.00	63.68	7.21	0.00	0.00	2000
230	11.25	2047	2102	0.00	196	0	0	0	nan	0.00	0.02	3.86	85.05	88.75	0.00	38	0	42	0.00	0.00	66.21	7.55	0.00	0.00	2000
228	10.96	2087	2096	0.00	196	0	0	0	nan	0.00	0.00	4.10	84.79	89.04	0.00	38	0	42	0.00	0.00	63.47	7.26	0.00	0.00	2000
230	11.04	2079	2105	0.00	194	0	0	0	nan	0.00	0.00	3.67	85.53	88.96	0.00	38	0	42	0.00	0.00	62.87	7.61	0.00	0.00	2000
229	10.97	2096	2094	0.00	179	0	0	2	60.52	0.00	0.00	2.97	85.89	89.03	0.00	38	0	42	0.00	0.00	66.07	7.59	0.00	0.00	2000
231	11.22	2060	2100	0.79	195	0	0	6	58.01	0.00	0.01	3.39	85.54	88.78	0.00	39	0	43	0.00	0.00	65.46	7.65	0.00	0.00	2000
229	10.94	2089	2105	0.00	196	0	0	0	nan	0.00	0.03	3.70	85.64	89.06	0.00	38	0	42	0.00	0.00	66.99	7.74	0.00	0.00	2000
230	11.02	2087	2101	0.00	194	0	0	0	nan	0.00	0.00	3.39	85.66	88.98	0.00	39	0	42	0.00	0.00	63.04	7.31	0.00	0.00	2000
225	11.23	2086	2019	0.00	194	0	0	0	nan	0.00	0.02	3.23	82.23	88.77	0.00	38	0	42	0.00	0.00	61.60	7.21	0.00	0.00	2000
231	10.81	2054	2188	0.00	194	0	0	0	nan	0.00	0.01	2.88	90.09	89.19	0.00	38	0	42	0.00	0.00	69.54	7.86	0.00	0.00	2000
230	10.83	2125	2094	0.00	196	0	0	0	nan	0.00	0.01	3.52	85.39	89.17	0.00	38	0	42	0.00	0.00	62.85	7.16	0.00	0.00	2000
236	11.44	2067	2099	0.00	197	0	0	0	nan	0.00	0.00	3.87	84.63	88.56	0.00	38	0	42	0.00	0.00	65.30	7.43	0.00	0.00	2000
228	11.07	2059	2105	0.00	196	0	0	0	nan	0.00	0.00	3.27	85.97	88.93	0.00	39	0	42	0.00	0.00	63.72	7.48	0.00	0.00	2000
230	11.02	2088	2095	0.00	195	0	0	0	nan	0.00	0.02	3.11	85.76	88.98	0.00	38	0	42	0.00	0.00	65.30	7.50	0.00	0.00	2000
231	11.04	2094	2099	0.00	180	0	0	0	nan	0.00	0.02	4.07	84.87	88.96	0.00	39	0	42	0.00	0.00	67.10	7.68	0.00	0.00	2000
230	11.20	2048	2103	0.00	195	0	0	0	nan	0.00	0.00	3.68	85.35	88.80	0.00	38	0	42	0.00	0.00	61.87	7.32	0.00	0.00	2000
232	11.28	2053	2105	0.00	195	0	0	0	nan	0.00	0.00	3.54	85.48	88.72	0.00	38	0	42	0.00	0.00	66.69	7.75	0.00	0.00	2000
229	11.24	2039	2097	0.00	194	0	0	0	nan	0.00	0.03	3.14	85.57	88.76	0.00	38	0	42	0.00	0.00	63.07	7.25	0.00	0.00	2000
228	10.85	2107	2096	0.00	178	0	0	0	nan	0.00	0.00	3.20	85.84	89.15	0.00	39	0	42	0.00	0.00	65.64	7.55	0.00	0.00	2000
229	11.35	2059	2054	0.00	196	0	0	0	nan	0.00	0.00	2.81	83.96	88.65	0.00	38	0	42	0.00	0.00	61.49	7.13	0.00	0.00	2000
261	11.61	2202	2143	0.00	196	0	0	0	nan	0.00	0.00	3.67	86.54	88.39	0.00	38	0	42	0.00	0.00	68.91	7.76	0.00	0.00	2000
231	11.16	2063	2108	0.00	197	0	0	0	nan	0.00	0.00	3.92	85.30	88.84	0.00	38	0	42	0.00	0.00	63.63	7.35	0.00	0.00	2000
230	11.24	2050	2099	0.62	194	0	0	6	41.29	0.00	0.00	2.99	85.80	88.76	0.00	38	0	42	0.00	0.00	63.74	7.68	0.00	0.00	2000
230	11.14	2066	2101	0.34	196	0	0	0	nan	0.00	0.00	2.91	86.10	88.86	0.00	38	0	42	0.00	0.00	66.40	7.59	0.00	0.00	2000
231	10.86	2124	2102	0.00	179	0	0	0	nan	0.00	0.00	3.13	86.07	89.14	0.00	38	0	42	0.00	0.00	64.25	7.29	0.00	0.00	2000
230	11.08	2079	2097	0.00	195	0	0	0	nan	0.00	0.00	3.41	85.35	88.92	0.00	38	0	42	0.00	0.00	65.10	7.49	0.00	0.00	2000
226	11.02	2135	2017	0.00	194	0	0	0	nan	0.00	0.01	2.90	82.60	88.98	0.00	38	0	42	0.00	0.00	58.90	6.80	0.00	0.00	2000
231	10.79	2060	2183	0.00	196	0	0	0	nan	0.00	0.00	3.04	89.76	89.21	0.00	38	0	42	0.00	0.00	69.99	8.16	0.00	0.00	2000
230	11.01	2088	2099	0.00	197	0	0	0	nan	0.00	0.02	3.04	85.98	88.99	0.00	38	0	42	0.00	0.00	62.75	7.25	0.00	0.00	2000
231	11.12	2070	2109	0.00	195	0	0	0	nan	0.00	0.01	3.09	86.14	88.88	0.00	38	0	42	0.00	0.00	66.28	7.57	0.00	0.00	2000
229	10.92	2102	2096	0.00	195	0	0	0	nan	0.00	0.00	3.19	85.71	89.08	0.00	38	0	42	0.00	0.00	65.57	7.15	0.00	0.00	2000
230	10.85	2120	2100	0.00	195	0	0	0	nan	0.00	0.01	2.91	86.28	89.15	0.00	38	0	42	0.00	0.00	63.40	7.53	0.00	0.00	2000
228	10.81	2108	2100	0.00	194	0	0	0	nan	0.00	0.00	3.06	86.20	89.19	0.00	38	0	42	0.00	0.00	65.47	7.65	0.00	0.00	2000
231	11.47	2017	2102	0.00	178	0	0	0	nan	0.00	0.02	3.20	85.49	88.53	0.00	38	0	42	0.00	0.00	62.10	7.33	0.00	0.00	2000
228	11.22	2055	2079	0.00	195	0	0	0	nan	0.00	0.00	3.15	84.79	88.78	0.00	38	0	42	0.00	0.00	64.40	7.29	0.00	0.00	2000
230	11.21	2033	2117	0.00	195	0	0	0	nan	0.00	0.00	3.84	85.70	88.79	0.00	38	0	42	0.00	0.00	66.21	7.92	0.00	0.00	2000
229	10.79	2121	2103	0.00	196	0	0	0	nan	0.00	0.00	3.27	86.05	89.21	0.00	38	0	42	0.00	0.00	66.67	7.63	0.00	0.00	2000
227	11.35	2053	2048	0.00	195	0	0	0	nan	0.00	0.03	3.19	83.33	88.65	0.00	38	0	42	0.00	0.00	62.36	7.26	0.00	0.00	2000
229	11.12	2003	2156	0.00	196	0	0	0	nan	0.00	0.00	3.61	87.70	88.88	0.00	38	0	42	0.00	0.00	67.10	7.70	0.00	0.00	2000
232	10.90	2131	2100	0.24	196	0	0	5	53.24	0.00	0.00	3.80	85.33	89.10	0.00	38	0	42	0.00	0.00	63.04	7.27	0.00	0.00	2000
229	11.07	2068	2101	0.70	196	0	0	3	66.16	0.00	0.00	3.06	85.97	88.93	0.00	38	0	42	0.00	0.00	67.04	7.74	0.00	0.00	2000
232	11.00	2113	2096	0.00	198	0	0	0	nan	0.00	0.00	4.15	84.73	89.00	0.00	38	0	42	0.00	0.00	62.85	7.35	0.00	0.00	2000
229	10.53	2172	2102	0.00	179	0	0	0	nan	0.00	0.03	3.95	85.46	89.47	0.00	38	0	42	0.00	0.00	67.36	7.67	0.00	0.00	2000
231	11.14	2070	2103	0.00	196	0	0	0	nan	0.00	0.00	3.55	85.51	88.86	0.00	38	0	42	0.00	0.00	63.19	7.30	0.00	0.00	2000
224	11.00	2145	1997	0.00	195	0	0	0	nan	0.00	0.01	2.79	81.78	89.00	0.00	38	0	42	0.00	0.00	62.76	7.20	0.00	0.00	2000
233	10.45	2129	2198	0.00	195	0	0	0	nan	0.01	0.00	1.96	91.79	89.55	0.00	39	0	42	0.00	0.00	68.04	7.78	0.00	0.00	2000
229	11.04	2066	2112	0.00	195	0	0	0	nan	0.00	0.00	2.60	87.01	88.96	0.00	38	0	42	0.00	0.00	67.09	7.73	0.00	0.00	2000
235	11.26	2091	2093	0.00	194	0	0	0	nan	0.00	0.00	3.50	85.05	88.74	0.00	38	0	42	0.00	0.00	63.09	7.42	0.00	0.00	2000
229	11.07	2062	2103	0.00	196	0	0	0	nan	0.00	0.00	3.49	85.66	88.93	0.00	38	0	42	0.00	0.00	66.78	7.75	0.00	0.00	2000
229	10.91	2104	2095	0.00	195	0	0	0	nan	0.00	0.00	2.97	85.91	89.09	0.00	38	0	42	0.00	0.00	63.23	7.11	0.00	0.00	2000
233	10.82	2149	2105	0.00	179	0	0	0	nan	0.00	0.00	3.59	85.80	89.18	0.00	38	0	42	0.00	0.00	63.88	7.47	0.00	0.00	2000
230	10.70	2153	2099	0.00	194	0	0	0	nan	0.00	0.00	3.43	85.87	89.30	0.00	38	0	42	0.00	0.00	65.90	7.61	0.00	0.00	2000
233	11.32	2060	2098	0.00	198	0	0	0	nan	0.00	0.00	3.37	85.22	88.68	0.00	38	0	42	0.00	0.00	66.52	7.78	0.00	0.00	2000
232	10.99	2105	2102	0.00	198	0	0	0	nan	0.00	0.03	3.68	85.43	89.01	0.00	38	0	42	0.00	0.00	63.53	7.32	0.00	0.00	2000
228	11.38	2001	2101	0.00	179	0	0	0	nan	0.00	0.00	3.37	85.38	88.62	0.00	38	0	42	0.00	0.00	66.18	7.73	0.00	0.00	2000
229	11.03	2083	2097	0.00	194	0	0	0	nan	0.00	0.00	3.41	85.52	88.97	0.00	38	0	42	0.00	0.00	62.69	7.26	0.00	0.00	2000
230	11.14	2068	2101	0.00	195	0	0	1	84.62	0.00	0.00	2.83	86.12	88.86	0.00	38	0	42	0.00	0.00	67.40	7.49	0.00	0.00	2000
225	11.35	2080	1999	0.82	195	0	0	6	52.30	0.00	0.00	3.16	81.40	88.65	0.00	38	0	42	0.00	0.00	57.81	6.97	0.00	0.00	2000
231	10.91	2016	2208	0.01	194	0	0	0	nan	0.00	0.00	2.10	91.61	89.09	0.00	38	0	42	0.00	0.00	71.16	8.37	0.00	0.00	2000
230	11.29	2035	2103	0.00	195	0	0	0	nan	0.00	0.00	3.11	85.92	88.71	0.00	38	0	42	0.00	0.00	63.10	7.41	0.00	0.00	2000
228	11.12	2053	2098	0.00	195	0	0	0	nan	0.00	0.02	3.38	85.56	88.88	0.00	38	0	42	0.00	0.00	65.21	7.63	0.00	0.00	2000
231	11.24	2051	2103	0.00	197	0	0	0	nan	0.00	0.00	3.64	85.38	88.76	0.00	38	0	42	0.00	0.00	65.08	7.79	0.00	0.00	2000
229	11.00	2088	2093	0.00	198	0	0	0	nan	0.01	0.00	4.15	84.67	89.00	0.00	39	0	42	0.00	0.00	62.92	7.45	0.00	0.00	2000
230	10.98	2090	2104	0.00	195	0	0	0	nan	0.00	0.00	3.14	86.16	89.03	0.00	38	0	42	0.00	0.00	63.09	7.69	0.00	0.00	2000
229	11.09	2065	2101	0.00	178	0	0	0	nan	0.00	0.00	3.26	85.85	88.91	0.00	39	0	42	0.00	0.00	66.20	7.46	0.00	0.00	2000
230	10.87	2114	2099	0.00	195	0	0	0	nan	0.00	0.02	3.78	85.32	89.13	0.00	38	0	42	0.00	0.00	62.98	7.59	0.00	0.00	2000
228	11.25	2024	2101	0.00	194	0	0	0	nan	0.00	0.02	3.32	85.56	88.75	0.00	38	0	42	0.00	0.00	66.67	7.38	0.00	0.00	2000
233	11.41	2044	2098	0.00	195	0	0	0	nan	0.00	0.00	3.66	84.81	88.59	0.00	38	0	42	0.00	0.00	65.98	7.60	0.00	0.00	2000
228	10.97	2077	2104	0.00	178	0	0	0	nan	0.00	0.00	2.90	86.39	89.03	0.00	38	0	42	0.00	0.00	63.39	7.41	0.00	0.00	2000
227	11.11	2111	2035	0.00	196	0	0	0	nan	0.00	0.00	3.35	82.84	88.89	0.00	38	0	42	0.00	0.00	63.09	7.28	0.00	0.00	2000
228	11.05	2007	2160	0.00	194	0	0	0	nan	0.00	0.00	3.02	88.60	88.95	0.00	38	0	42	0.00	0.00	67.65	7.83	0.00	0.00	2000
231	10.99	2091	2107	0.00	196	0	0	0	nan	0.00	0.00	3.29	85.97	89.01	0.00	38	0	42	0.00	0.00	63.68	7.37	0.00	0.00	2000
228	11.02	2069	2099	0.00	195	0	0	0	nan	0.00	0.00	3.30	85.66	88.98	0.00	39	0	42	0.00	0.00	64.04	7.49	0.00	0.00	2000
232	11.35	2045	2098	0.00	197	0	0	0	nan	0.00	0.02	3.66	85.10	88.65	0.00	38	0	42	0.00	0.00	66.25	7.77	0.00	0.00	2000
230	10.90	2106	2101	0.46	180	0	0	7	51.79	0.00	0.01	3.59	85.61	89.10	0.00	38	0	42	0.00	0.00	63.82	7.35	0.00	0.00	2000
230	10.92	2103	2103	0.49	195	0	0	2	85.66	0.00	0.00	3.43	85.89	89.08	0.00	38	0	42	0.00	0.00	66.25	7.77	0.00	0.00	2000
227	11.34	2094	2003	0.00	195	0	0	0	nan	0.00	0.00	2.83	81.78	88.66	0.00	38	0	42	0.00	0.00	59.55	6.86	0.00	0.00	2000
233	11.01	2013	2205	0.00	195	0	0	0	nan	0.00	0.00	2.87	90.65	88.99	0.00	38	0	42	0.00	0.00	69.17	7.96	0.00	0.00	2000
230	11.20	2055	2095	0.00	195	0	0	0	nan	0.00	0.00	4.04	84.58	88.80	0.00	38	0	42	0.00	0.00	65.45	7.54	0.00	0.00	2000
230	10.80	2130	2098	0.00	195	0	0	0	nan	0.00	0.02	2.91	86.18	89.20	0.00	38	0	42	0.00	0.00	62.47	7.39	0.00	0.00	2000
228	11.13	2049	2101	0.00	197	1	0	0	nan	0.00	0.00	2.83	86.19	88.87	0.00	38	0	42	0.00	0.00	65.07	7.52	0.00	0.00	2000
229	11.10	2060	2100	0.00	194	0	0	0	nan	0.00	0.00	3.00	85.96	88.90	0.00	38	0	42	0.00	0.00	65.54	7.70	0.00	0.00	2000
228	11.20	2038	2101	0.00	194	0	0	0	nan	0.00	0.02	3.81	85.12	88.80	0.00	38	0	42	0.00	0.00	66.97	7.79	0.00	0.00	2000
231	11.10	2084	2101	0.00	181	0	0	0	nan	0.00	0.01	4.82	84.23	88.90	0.00	38	0	42	0.00	0.00	63.40	7.31	0.00	0.00	2000
233	11.23	2071	2104	0.00	197	0	0	0	nan	0.00	0.00	3.96	85.02	88.77	0.00	38	0	42	0.00	0.00	67.66	7.79	0.00	0.00	2000
230	10.89	2117	2097	0.00	195	0	0	0	nan	0.00	0.00	3.24	85.68	89.11	0.00	38	0	42	0.00	0.00	64.31	7.46	0.00	0.00	2000
230	11.19	2078	2073	0.00	180	0	0	0	nan	0.00	0.01	3.09	84.69	88.81	0.00	38	0	42	0.00	0.00	62.14	7.21	0.00	0.00	2000
229	10.97	2066	2120	0.00	195	0	0	0	nan	0.00	0.00	3.75	86.24	89.03	0.00	38	0	42	0.00	0.00	67.94	7.82	0.00	0.00	2000
229	11.00	2077	2107	0.00	195	0	0	0	nan	0.00	0.02	2.80	86.46	89.00	0.00	38	0	42	0.00	0.00	64.01	7.36	0.00	0.00	2000
227	11.05	2118	2038	0.00	195	0	0	0	nan	0.00	0.00	3.22	83.18	88.95	0.00	38	0	42	0.00	0.00	60.23	6.89	0.00	0.00	2000
231	11.19	2008	2162	0.00	197	0	0	0	nan	0.01	0.00	4.25	87.23	88.81	0.00	38	0	42	0.00	0.00	69.09	7.96	0.00	0.00	2000
232	11.21	2061	2106	0.00	195	0	0	4	56.26	0.00	0.02	3.09	85.97	88.79	0.00	38	0	42	0.00	0.00	66.21	7.67	0.00	0.00	2000
228	11.28	2025	2098	0.84	194	0	0	5	55.16	0.00	0.00	3.16	85.67	88.72	0.00	38	0	42	0.00	0.00	64.01	7.35	0.00	0.00	2000
230	10.75	2147	2098	0.00	194	0	0	0	nan	0.00	0.00	2.58	86.60	89.25	0.00	38	0	42	0.00	0.00	63.90	7.36	0.00	0.00	2000
228	11.01	2075	2099	0.00	177	0	0	0	nan	0.00	0.00	3.29	85.75	88.99	0.00	38	0	42	0.00	0.00	65.82	7.76	0.00	0.00	2000
228	11.49	2034	2050	0.00	196	0	0	0	nan	0.00	0.00	3.12	83.33	88.51	0.00	38	0	42	0.00	0.00	61.20	7.06	0.00	0.00	2000
237	11.43	2016	2161	0.00	197	0	0	0	nan	0.00	0.00	4.64	86.58	88.57	0.00	38	0	42	0.00	0.00	69.82	8.26	0.00	0.00	2000
229	11.23	2051	2090	0.00	195	0	0	0	nan	0.00	0.00	3.52	84.99	88.77	0.00	38	0	42	0.00	0.00	62.38	7.35	0.00	0.00	2000
228	10.94	2077	2104	0.00	196	0	0	0	nan	0.00	0.00	3.24	86.09	89.06	0.00	39	0	42	0.00	0.00	65.87	7.70	0.00	0.00	2000
230	10.85	2119	2102	0.00	194	0	0	0	nan	0.00	0.02	3.23	85.93	89.15	0.00	39	0	42	0.00	0.00	66.67	7.60	0.00	0.00	2000
227	10.94	2092	2086	0.00	180	0	0	0	nan	0.00	0.02	2.98	85.56	89.06	0.00	38	0	42	0.00	0.00	62.67	7.31	0.00	0.00	2000
233	11.13	2117	2077	0.00	196	0	0	0	nan	0.00	0.00	3.65	84.22	88.87	0.00	38	0	42	0.00	0.00	65.60	7.60	0.00	0.00	2000
228	11.14	2022	2127	0.00	194	0	0	0	nan	0.00	0.00	4.57	85.58	88.86	0.00	38	0	42	0.00	0.00	65.64	7.69	0.00	0.00	2000
231	11.23	2055	2107	0.00	199	0	0	0	nan	0.00	0.00	3.58	85.56	88.77	0.00	39	0	42	0.00	0.00	63.68	7.46	0.00	0.00	2000
228	10.99	2072	2100	0.00	196	0	0	0	nan	0.00	0.02	3.47	85.55	89.01	0.00	38	0	42	0.00	0.00	66.99	7.88	0.00	0.00	2000
230	11.14	2059	2102	0.00	194	0	0	0	nan	0.00	0.01	2.80	86.28	88.86	0.00	39	0	42	0.00	0.00	62.59	7.46	0.00	0.00	2000
229	11.24	2055	2077	0.00	179	0	0	0	nan	0.01	0.00	3.29	84.59	88.76	0.00	39	0	42	0.00	0.00	65.32	7.71	0.00	0.00	2000
231	11.24	2037	2120	0.00	196	0	0	0	nan	0.00	0.00	4.46	85.31	88.76	0.00	39	0	42	0.00	0.00	66.21	7.78	0.00	0.00	2000
229	11.04	2079	2099	0.00	196	0	0	0	nan	0.00	0.00	3.39	85.47	88.96	0.00	39	0	42	0.00	0.00	62.81	7.30	0.00	0.00	2000
230	10.99	2085	2103	0.93	196	0	0	10	27.01	0.00	0.00	3.42	85.71	89.01	0.00	39	0	42	0.00	0.00	66.75	7.67	0.00	0.00	2000
227	11.18	2109	2022	0.24	194	0	0	0	nan	0.00	0.00	2.82	82.71	88.82	0.00	39	0	42	0.00	0.00	61.46	7.27	0.00	0.00	2000
231	10.63	2100	2176	0.00	195	0	0	0	nan	0.00	0.00	3.16	89.38	89.37	0.00	39	0	42	0.00	0.00	68.29	8.10	0.00	0.00	2000
231	11.23	2051	2104	0.00	197	0	0	0	nan	0.00	0.00	3.36	85.57	88.77	0.00	39	0	42	0.00	0.00	66.37	7.89	0.00	0.00	2000
228	11.07	2070	2090	0.00	195	0	0	0	nan	0.00	0.00	3.34	85.19	88.93	0.00	38	0	42	0.00	0.00	62.20	7.17	0.00	0.00	2000
230	10.95	2095	2106	0.00	195	0	0	0	nan	0.00	0.00	3.38	85.94	89.05	0.00	38	0	42	0.00	0.00	65.81	7.78	0.00	0.00	2000
230	10.87	2112	2100	0.00	194	0	0	0	nan	0.00	0.00	2.46	86.65	89.13	0.00	39	0	42	0.00	0.00	65.58	7.66	0.00	0.00	2000
228	10.94	2083	2105	0.00	195	0	0	0	nan	0.00	0.00	3.66	85.68	89.06	0.00	39	0	42	0.00	0.00	63.99	7.66	0.00	0.00	2000
229	11.21	2047	2097	0.00	195	0	0	0	nan	0.00	0.01	2.74	86.01	88.79	0.00	39	0	42	0.00	0.00	66.38	7.94	0.00	0.00	2000
231	11.20	2071	2094	0.00	178	0	0	0	nan	0.00	0.00	4.17	84.32	88.80	0.00	39	0	42	0.00	0.00	64.04	7.29	0.00	0.00	2000
230	11.34	2020	2109	0.00	195	0	0	0	nan	0.00	0.00	3.40	85.78	88.66	0.00	39	0	42	0.00	0.00	65.27	8.00	0.00	0.00	2000
227	11.07	2117	2036	0.00	197	0	0	0	nan	0.00	0.00	3.69	82.58	88.93	0.00	39	0	42	0.00	0.00	63.43	7.38	0.00	0.00	2000
230	10.86	2055	2160	0.00	195	0	0	0	nan	0.00	0.00	3.59	88.12	89.14	0.00	39	0	42	0.00	0.00	65.85	7.73	0.00	0.00	2000
229	10.74	2128	2108	0.00	196	0	0	0	nan	0.00	0.02	3.43	86.25	89.26	0.00	39	0	42	0.00	0.00	66.59	8.05	0.00	0.00	2000
231	10.94	2114	2101	0.00	195	0	0	0	nan	0.00	0.00	3.28	85.92	89.06	0.00	39	0	42	0.00	0.00	65.11	7.92	0.00	0.00	2000
229	11.15	2064	2092	0.00	197	0	0	0	nan	0.00	0.01	4.38	84.21	88.85	0.00	39	0	42	0.00	0.00	61.28	7.21	0.00	0.00	2000
230	11.23	2044	2101	0.00	195	0	0	0	nan	0.00	0.02	2.68	86.23	88.77	0.00	39	0	42	0.00	0.00	66.35	7.84	0.00	0.00	2000
228	10.74	2120	2098	0.44	180	0	0	10	33.12	0.00	0.00	3.53	85.61	89.26	0.00	38	0	42	0.00	0.00	65.19	7.82	0.00	0.00	2000
230	11.39	2014	2106	0.72	194	0	0	3	62.42	0.00	0.01	2.74	86.17	88.61	0.00	38	0	42	0.00	0.00	66.03	7.83	0.00	0.00	2000
227	11.38	2050	2039	0.00	195	0	0	0	nan	0.00	0.00	3.23	82.90	88.62	0.00	38	0	42	0.00	0.00	62.68	7.47	0.00	0.00	2000
231	11.31	1990	2159	0.00	194	0	0	0	nan	0.00	0.00	3.35	87.92	88.69	0.00	39	0	42	0.00	0.00	65.70	7.75	0.00	0.00	2000
229	11.26	2030	2104	0.00	196	0	0	0	nan	0.00	0.00	3.60	85.43	88.74	0.00	39	0	42	0.00	0.00	65.54	7.75	0.00	0.00	2000
231	11.03	2093	2097	0.00	195	0	0	0	nan	0.00	0.00	3.30	85.60	88.97	0.00	39	0	42	0.00	0.00	62.09	7.48	0.00	0.00	2000
228	10.96	2082	2102	0.00	195	0	0	0	nan	0.00	0.00	3.91	85.25	89.04	0.00	39	0	42	0.00	0.00	66.46	8.02	0.00	0.00	2000
252	12.19	2068	2096	0.00	196	0	0	0	nan	0.00	0.00	3.20	84.48	87.81	0.00	39	0	42	0.00	0.00	63.03	7.50	0.00	0.00	2000
230	10.80	2124	2106	0.00	180	0	0	0	nan	0.00	0.02	3.73	85.57	89.20	0.00	39	0	42	0.00	0.00	67.22	8.10	0.00	0.00	2000
233	10.83	2146	2100	0.00	195	0	0	0	nan	0.00	0.00	3.77	85.47	89.17	0.00	39	0	42	0.00	0.00	65.50	7.98	0.00	0.00	2000
228	10.89	2099	2098	0.00	195	0	0	0	nan	0.00	0.00	3.25	85.85	89.11	0.00	39	0	42	0.00	0.00	62.31	7.55	0.00	0.00	2000
229	11.05	2151	2026	0.00	201	0	0	0	nan	0.00	0.00	4.40	81.39	88.95	0.00	38	0	42	0.00	0.00	62.41	7.37	0.00	0.00	2000
229	10.50	2106	2175	0.00	195	0	0	0	nan	0.00	0.00	3.67	88.97	89.50	0.00	39	0	42	0.00	0.00	68.78	8.32	0.00	0.00	2000
229	10.82	2121	2096	0.00	195	0	0	0	nan	0.00	0.02	3.47	85.53	89.18	0.00	39	0	42	0.00	0.00	65.39	7.57	0.00	0.00	2000
230	11.26	2038	2107	0.00	196	0	0	0	nan	0.00	0.00	3.55	85.54	88.74	0.00	38	0	42	0.00	0.00	65.69	7.66	0.00	0.00	2000
229	11.10	2061	2103	0.00	194	0	0	0	nan	0.00	0.00	3.77	85.24	88.90	0.00	39	0	42	0.00	0.00	62.66	7.59	0.00	0.00	2000
228	11.06	2065	2097	0.00	194	0	0	0	nan	0.00	0.02	2.94	85.89	88.94	0.00	39	0	42	0.00	0.00	64.17	7.66	0.00	0.00	2000
229	11.12	2059	2097	0.00	194	0	0	5	36.81	0.00	0.01	3.36	85.46	88.88	0.00	39	0	42	0.00	0.00	65.01	7.70	0.00	0.00	2000
229	11.05	2069	2107	1.07	179	0	0	8	39.76	0.00	0.00	3.84	85.54	88.95	0.00	39	0	42	0.00	0.00	66.86	8.07	0.00	0.00	2000
231	11.23	2057	2096	0.00	198	0	0	0	nan	0.00	0.00	4.86	83.83	88.77	0.00	39	0	42	0.00	0.00	63.07	7.41	0.00	0.00	2000
230	11.04	2086	2100	0.00	196	0	0	0	nan	0.00	0.02	3.32	85.65	88.96	0.00	39	0	42	0.00	0.00	63.07	7.58	0.00	0.00	2000
229	11.18	2061	2090	0.00	194	0	0	0	nan	0.00	0.00	2.73	85.80	88.82	0.00	39	0	42	0.00	0.00	65.55	7.73	0.00	0.00	2000
228	10.90	2083	2107	0.00	178	0	0	0	nan	0.00	0.00	3.93	85.54	89.10	0.00	39	0	42	0.00	0.00	65.07	7.76	0.00	0.00	2000
232	11.44	2066	2059	0.00	196	0	0	0	nan	0.00	0.00	3.57	83.25	88.56	0.00	39	0	42	0.00	0.00	64.07	7.25	0.00	0.00	2000
228	10.99	2037	2141	0.00	194	0	0	0	nan	0.00	0.00	4.18	86.66	89.01	0.00	39	0	42	0.00	0.00	65.61	8.03	0.00	0.00	2000
233	10.99	2120	2097	0.00	195	0	0	0	nan	0.00	0.00	3.13	85.79	89.01	0.00	39	0	42	0.00	0.00	65.16	7.66	0.00	0.00	2000
228	10.96	2083	2097	0.00	196	0	0	0	nan	0.00	0.01	3.19	85.75	89.04	0.00	39	0	42	0.00	0.00	62.09	7.27	0.00	0.00	2000
231	11.32	2024	2114	0.00	193	0	0	0	nan	0.00	0.00	3.43	85.98	88.68	0.00	39	0	42	0.00	0.00	65.77	7.77	0.00	0.00	2000
228	11.09	2056	2100	0.00	195	0	0	0	nan	0.01	0.00	3.31	85.74	88.91	0.00	39	0	42	0.00	0.00	64.07	7.54	0.00	0.00	2000
229	10.96	2114	2079	0.00	194	0	0	0	nan	0.00	0.00	3.31	84.84	89.04	0.00	38	0	42	0.00	0.00	65.30	7.55	0.00	0.00	2000
229	10.85	2091	2121	0.00	178	0	0	0	nan	0.00	0.00	4.59	85.52	89.15	0.00	39	0	42	0.00	0.00	63.58	7.50	0.00	0.00	2000
231	11.13	2077	2103	0.00	195	0	0	0	nan	0.00	0.00	3.49	85.53	88.87	0.00	39	0	42	0.00	0.00	66.84	7.74	0.00	0.00	2000
229	11.18	2048	2097	0.00	196	0	0	0	nan	0.00	0.00	3.23	85.57	88.82	0.00	39	0	42	0.00	0.00	64.22	7.51	0.00	0.00	2000
229	10.77	2147	2081	0.00	178	0	0	0	nan	0.00	0.00	3.21	85.24	89.23	0.00	39	0	42	0.00	0.00	64.62	7.52	0.00	0.00	2000
233	11.33	2038	2115	0.00	211	0	0	0	nan	0.00	0.00	6.92	82.50	88.67	0.00	39	0	42	0.00	0.00	66.17	7.48	0.00	0.00	2000
230	11.27	2084	2054	0.83	194	0	0	10	25.32	0.00	0.00	3.51	83.42	88.73	0.00	39	0	42	0.00	0.00	60.70	7.56	0.00	0.00	2000
229	10.65	2105	2149	0.30	195	0	0	0	nan	0.00	0.00	3.58	87.78	89.35	0.00	39	0	42	0.00	0.00	66.63	7.78	0.00	0.00	2000
231	11.20	2067	2100	0.00	195	0	0	0	nan	0.00	0.00	3.18	85.71	88.80	0.00	39	0	42	0.00	0.00	65.13	7.61	0.00	0.00	2000
229	10.80	2120	2095	0.00	194	0	0	0	nan	0.00	0.00	3.13	85.77	89.20	0.00	38	0	42	0.00	0.00	62.49	7.40	0.00	0.00	2000
230	11.03	2080	2105	0.00	193	0	0	0	nan	0.00	0.02	3.57	85.68	88.97	0.00	39	0	42	0.00	0.00	65.97	7.76	0.00	0.00	2000
229	10.94	2105	2089	0.00	198	0	0	0	nan	0.00	0.00	2.89	85.70	89.06	0.00	39	0	42	0.00	0.00	66.16	7.71	0.00	0.00	2000
231	11.08	2076	2109	0.00	194	0	0	0	nan	0.00	0.02	3.37	85.91	88.92	0.00	38	0	42	0.00	0.00	66.31	7.24	0.00	0.00	2000
229	11.02	2071	2105	0.00	178	0	0	0	nan	0.00	0.01	3.27	85.99	88.98	0.00	39	0	42	0.00	0.00	63.01	7.66	0.00	0.00	2000
233	11.20	2080	2100	0.00	195	0	0	0	nan	0.00	0.00	3.93	84.98	88.80	0.00	39	0	42	0.00	0.00	65.39	7.66	0.00	0.00	2000
228	11.17	2048	2095	0.00	194	0	0	0	nan	0.00	0.02	3.28	85.43	88.83	0.00	39	0	42	0.00	0.00	62.99	7.52	0.00	0.00	2000
225	11.26	2107	1993	0.00	195	0	0	0	nan	0.00	0.02	2.82	81.48	88.74	0.00	39	0	42	0.00	0.00	61.10	7.33	0.00	0.00	2000
232	10.72	2042	2223	0.00	194	0	0	0	nan	0.00	0.02	3.23	91.37	89.28	0.00	39	0	42	0.00	0.00	69.06	8.14	0.00	0.00	2000
229	10.89	2110	2095	0.00	194	0	0	0	nan	0.00	0.00	3.38	85.59	89.11	0.00	39	0	42	0.00	0.00	62.65	7.63	0.00	0.00	2000
230	11.22	2046	2100	0.00	195	0	0	0	nan	0.00	0.00	3.50	85.36	88.78	0.00	39	0	42	0.00	0.00	66.44	7.79	0.00	0.00	2000
230	11.16	2063	2100	0.00	195	0	0	0	nan	0.00	0.00	2.59	86.43	88.84	0.00	38	0	42	0.00	0.00	63.60	7.36	0.00	0.00	2000
230	10.99	2090	2102	0.00	178	0	0	0	nan	0.00	0.00	3.46	85.68	89.01	0.00	39	0	42	0.00	0.00	66.55	7.77	0.00	0.00	2000
229	11.03	2080	2099	0.00	193	0	0	0	nan	0.00	0.00	3.37	85.57	88.97	0.00	39	0	42	0.00	0.00	63.07	7.30	0.00	0.00	2000
228	11.18	2042	2097	0.22	194	0	0	7	31.99	0.00	0.00	3.31	85.47	88.82	0.00	39	0	42	0.00	0.00	66.19	7.81	0.00	0.00	2000
230	10.95	2101	2103	0.95	195	0	0	5	46.29	0.00	0.01	3.63	85.57	89.05	0.00	39	0	42	0.00	0.00	63.90	7.57	0.00	0.00	2000
237	11.30	2103	2098	0.00	181	0	0	0	nan	0.00	0.00	4.29	84.43	88.70	0.00	39	0	42	0.00	0.00	64.57	7.72	0.00	0.00	2000
229	10.98	2095	2094	0.00	194	0	0	0	nan	0.00	0.00	2.69	86.19	89.02	0.00	39	0	42	0.00	0.00	64.81	7.63	0.00	0.00	2000
228	11.01	2074	2099	0.00	194	0	0	0	nan	0.00	0.02	3.67	85.37	88.99	0.00	38	0	42	0.00	0.00	64.57	7.72	0.00	0.00	2000
230	10.79	2120	2108	0.00	195	0	0	0	nan	0.00	0.00	3.49	86.09	89.21	0.00	39	0	42	0.00	0.00	65.74	7.85	0.00	0.00	2000
229	10.89	2097	2102	0.00	194	0	0	0	nan	0.00	0.00	3.04	86.26	89.11	0.00	39	0	42	0.00	0.00	63.94	7.63	0.00	0.00	2000
230	10.97	2090	2103	0.00	178	0	0	0	nan	0.00	0.00	3.22	85.91	89.03	0.00	39	0	42	0.00	0.00	64.33	7.65	0.00	0.00	2000
229	11.36	2098	2016	0.00	198	0	0	0	nan	0.00	0.00	4.45	80.72	88.64	0.00	39	0	42	0.00	0.00	61.75	7.34	0.00	0.00	2000
231	11.09	2006	2179	0.00	212	0	0	0	nan	0.00	0.00	5.06	87.32	88.91	0.00	39	0	42	0.00	0.00	68.38	8.04	0.00	0.00	2000
230	10.57	2166	2105	0.00	178	0	0	0	nan	0.00	0.00	3.31	86.30	89.43	0.00	39	0	42	0.00	0.00	63.63	7.74	0.00	0.00	2000
230	10.91	2108	2100	0.00	194	0	0	0	nan	0.00	0.00	3.70	85.37	89.09	0.00	39	0	42	0.00	0.00	65.53	7.80	0.00	0.00	2000
228	11.06	2064	2095	0.00	194	0	0	0	nan	0.01	0.00	3.30	85.51	88.94	0.00	39	0	42	0.00	0.00	64.14	7.53	0.00	0.00	2000
232	11.11	2083	2105	0.00	194	0	0	0	nan	0.00	0.00	2.82	86.34	88.89	0.00	39	0	42	0.00	0.00	65.27	7.44	0.00	0.00	2000
229	11.13	2060	2097	0.00	180	0	0	0	nan	0.00	0.00	3.88	84.92	88.87	0.00	39	0	42	0.00	0.00	65.70	7.56	0.00	0.00	2000
229	11.05	2072	2101	0.00	194	0	0	0	nan	0.00	0.00	3.35	85.64	88.95	0.00	39	0	42	0.00	0.00	65.39	7.50	0.00	0.00	2000
229	10.92	2099	2101	0.00	195	0	0	0	nan	0.00	0.00	2.68	86.54	89.08	0.00	39	0	42	0.00	0.00	63.48	7.49	0.00	0.00	2000
230	10.53	2185	2099	0.00	193	0	0	1	60.70	0.00	0.00	2.99	86.36	89.47	0.00	39	0	42	0.00	0.00	66.65	7.84	0.00	0.00	2000
229	10.95	2092	2099	1.15	195	0	0	11	34.57	0.00	0.00	3.56	85.52	89.05	0.00	39	0	42	0.00	0.00	63.53	7.55	0.00	0.00	2000
232	11.15	2078	2104	0.02	179	0	0	0	nan	0.00	0.03	3.49	85.56	88.85	0.00	38	0	42	0.00	0.00	63.61	7.51	0.00	0.00	2000
229	10.94	2101	2095	0.00	194	0	0	0	nan	0.00	0.00	3.42	85.42	89.06	0.00	39	0	42	0.00	0.00	66.48	7.70	0.00	0.00	2000
226	11.39	2049	2038	0.00	194	0	0	0	nan	0.00	0.02	2.87	83.23	88.61	0.00	39	0	42	0.00	0.00	62.05	7.33	0.00	0.00	2000
230	11.06	2025	2157	0.00	194	0	0	0	nan	0.00	0.00	4.38	87.03	88.94	0.00	39	0	42	0.00	0.00	67.83	8.05	0.00	0.00	2000
235	11.04	2120	2109	0.00	224	0	0	0	nan	0.00	0.02	3.91	85.45	88.96	0.00	39	0	42	0.00	0.00	63.37	7.48	0.00	0.00	2000
229	10.93	2095	2102	0.00	194	0	0	0	nan	0.00	0.00	3.68	85.48	89.07	0.00	39	0	42	0.00	0.00	67.20	7.91	0.00	0.00	2000
232	10.95	2126	2097	0.00	195	0	0	0	nan	0.01	0.00	3.17	85.84	89.05	0.00	39	0	42	0.00	0.00	65.82	7.47	0.00	0.00	2000
228	11.01	2072	2102	0.00	195	0	0	0	nan	0.00	0.00	3.93	85.19	88.99	0.00	39	0	42	0.00	0.00	61.11	7.03	0.00	0.00	2000
230	10.83	2118	2104	0.00	178	0	0	0	nan	0.00	0.00	3.09	86.24	89.17	0.00	39	0	42	0.00	0.00	67.20	7.72	0.00	0.00	2000
225	11.13	2113	2010	0.00	194	0	0	0	nan	0.00	0.00	3.41	81.73	88.87	0.00	39	0	42	0.00	0.00	59.56	7.04	0.00	0.00	2000
232	10.66	2095	2185	0.00	197	0	0	0	nan	0.00	0.01	4.54	88.45	89.34	0.00	39	0	42	0.00	0.00	68.66	7.81	0.00	0.00	2000
232	10.89	2124	2107	0.00	197	0	0	0	nan	0.01	0.00	4.11	85.40	89.11	0.00	39	0	42	0.00	0.00	66.82	7.71	0.00	0.00	2000
230	10.99	2095	2095	0.00	195	0	0	0	nan	0.00	0.00	3.04	85.87	89.01	0.00	38	0	42	0.00	0.00	65.28	7.71	0.00	0.00	2000
228	11.07	2059	2097	0.00	194	0	0	0	nan	0.00	0.00	2.90	86.01	88.93	0.00	39	0	42	0.00	0.00	65.84	7.51	0.00	0.00	2000
228	11.07	2062	2102	0.00	194	0	0	0	nan	0.00	0.02	2.76	86.37	88.94	0.00	39	0	42	0.00	0.00	65.14	7.54	0.00	0.00	2000
228	11.27	2021	2101	0.00	193	0	0	0	nan	0.00	0.02	3.37	85.50	88.73	0.00	39	0	42	0.00	0.00	63.60	7.57	0.00	0.00	2000
229	11.36	2021	2097	0.60	195	0	0	10	27.53	0.00	0.00	3.74	84.89	88.64	0.00	39	0	42	0.00	0.00	62.65	7.37	0.00	0.00	2000
232	11.28	2051	2107	0.58	179	0	0	1	90.41	0.00	0.00	3.56	85.61	88.72	0.00	39	0	42	0.00	0.00	67.07	7.90	0.00	0.00	2000
230	11.13	2067	2096	0.00	193	0	0	0	nan	0.00	0.02	3.10	85.69	88.87	0.00	39	0	42	0.00	0.00	65.50	7.70	0.00	0.00	2000
228	10.98	2082	2095	0.00	194	0	0	0	nan	0.00	0.00	3.71	85.06	89.02	0.00	38	0	42	0.00	0.00	63.31	7.35	0.00	0.00	2000
231	10.67	2162	2100	0.00	195	0	0	0	nan	0.00	0.00	3.05	86.28	89.33	0.00	39	0	42	0.00	0.00	65.62	7.60	0.00	0.00	2000
229	10.83	2108	2104	0.00	194	0	0	0	nan	0.00	0.01	3.38	85.87	89.17	0.00	39	0	42	0.00	0.00	64.61	7.43	0.00	0.00	2000
247	11.39	2211	2060	0.00	178	0	0	0	nan	0.00	0.00	3.61	83.30	88.61	0.00	39	0	42	0.00	0.00	65.39	7.49	0.00	0.00	2000
232	11.30	2040	2110	0.00	195	0	0	0	nan	0.00	0.00	4.31	84.96	88.70	0.00	39	0	42	0.00	0.00	65.20	7.67	0.00	0.00	2000
229	10.94	2067	2130	0.00	196	0	0	0	nan	0.00	0.02	3.91	86.49	89.06	0.00	39	0	42	0.00	0.00	66.28	7.68	0.00	0.00	2000
230	11.07	2076	2104	0.00	197	0	0	0	nan	0.00	0.00	3.81	85.39	88.93	0.00	39	0	42	0.00	0.00	63.66	7.61	0.00	0.00	2000
229	11.23	2039	2097	0.00	195	0	0	0	nan	0.00	0.00	3.28	85.46	88.77	0.00	39	0	42	0.00	0.00	63.45	7.52	0.00	0.00	2000
228	11.20	2036	2096	0.00	179	0	0	0	nan	0.00	0.00	2.99	85.86	88.80	0.00	39	0	42	0.00	0.00	65.96	7.93	0.00	0.00	2000
230	11.67	1975	2096	0.00	194	0	0	0	nan	0.00	0.00	3.35	84.98	88.33	0.00	39	0	42	0.00	0.00	63.45	7.55	0.00	0.00	2000
229	11.25	2034	2103	0.00	196	0	0	0	nan	0.00	0.00	3.30	85.70	88.75	0.00	38	0	42	0.00	0.00	66.72	7.71	0.00	0.00	2000
229	11.23	2037	2105	0.00	194	0	0	0	nan	0.00	0.02	3.72	85.43	88.77	0.00	39	0	42	0.00	0.00	65.69	7.59	0.00	0.00	2000
227	11.46	2041	2039	0.00	196	0	0	0	nan	0.00	0.01	5.07	81.03	88.54	0.00	39	0	42	0.00	0.00	59.98	7.25	0.00	0.00	2000
229	11.22	1987	2159	0.00	195	0	0	0	nan	0.00	0.00	3.30	88.13	88.78	0.00	39	0	42	0.00	0.00	67.66	7.93	0.00	0.00	2000
229	10.89	2100	2101	0.00	196	0	0	6	36.15	0.00	0.00	3.12	86.04	89.11	0.00	39	0	42	0.00	0.00	63.79	7.32	0.00	0.00	2000
231	11.03	2096	2098	1.06	195	0	0	7	41.49	0.00	0.00	3.30	85.51	88.97	0.00	38	0	42	0.00	0.00	65.70	7.56	0.00	0.00	2000
229	10.95	2089	2102	0.00	194	0	0	0	nan	0.00	0.00	3.29	85.87	89.05	0.00	38	0	42	0.00	0.00	63.48	7.29	0.00	0.00	2000
229	10.84	2114	2099	0.00	194	0	0	0	nan	0.00	0.02	2.47	86.72	89.16	0.00	39	0	42	0.00	0.00	65.29	7.60	0.00	0.00	2000
229	11.26	2031	2102	0.00	195	0	0	0	nan	0.00	0.02	3.04	85.93	88.74	0.00	39	0	42	0.00	0.00	66.84	7.77	0.00	0.00	2000
229	11.24	2035	2101	0.00	179	0	0	0	nan	0.00	0.00	3.54	85.38	88.76	0.00	38	0	42	0.00	0.00	63.37	7.38	0.00	0.00	2000
240	11.19	2142	2097	0.00	256	0	0	0	nan	0.00	0.75	7.13	81.00	88.81	0.00	39	0	42	0.00	0.00	66.57	7.88	0.00	0.00	2000
233	11.15	2081	2106	0.00	194	0	0	0	nan	0.00	0.02	3.87	85.25	88.85	0.00	39	0	42	0.00	0.00	63.79	7.47	0.00	0.00	2000
224	11.40	2080	1987	0.00	195	0	0	0	nan	0.00	0.02	2.74	81.18	88.60	0.00	38	0	42	0.00	0.00	61.16	7.06	0.00	0.00	2000
232	10.75	2046	2213	0.00	194	0	0	0	nan	0.00	0.00	2.81	91.24	89.25	0.00	39	0	42	0.00	0.00	70.36	8.16	0.00	0.00	2000
228	11.03	2067	2105	0.00	196	0	0	0	nan	0.00	0.02	3.28	85.97	88.97	0.00	38	0	42	0.00	0.00	66.43	7.66	0.00	0.00	2000
229	11.13	2056	2098	0.00	194	0	0	0	nan	0.00	0.00	3.36	85.49	88.87	0.00	39	0	42	0.00	0.00	62.35	7.16	0.00	0.00	2000
231	11.02	2100	2100	0.00	196	0	0	0	nan	0.00	0.00	4.05	84.95	88.98	0.00	39	0	42	0.00	0.00	63.49	7.49	0.00	0.00	2000
231	10.86	2120	2105	0.00	194	0	0	0	nan	0.00	0.00	3.20	86.17	89.14	0.00	38	0	42	0.00	0.00	66.81	7.84	0.00	0.00	2000
227	10.75	2119	2093	0.00	178	0	0	0	nan	0.00	0.00	2.96	86.08	89.25	0.00	38	0	42	0.00	0.00	63.50	7.81	0.00	0.00	2000
231	11.14	2069	2104	0.00	194	0	0	0	nan	0.00	0.00	3.38	85.73	88.86	0.00	38	0	42	0.00	0.00	66.31	7.49	0.00	0.00	2000
229	10.84	2112	2097	0.00	194	0	0	0	nan	0.00	0.02	3.13	85.99	89.16	0.00	39	0	42	0.00	0.00	64.13	7.67	0.00	0.00	2000
229	11.00	2085	2098	0.00	196	0	0	0	nan	0.00	0.01	3.22	85.74	89.00	0.00	39	0	42	0.00	0.00	65.39	7.87	0.00	0.00	2000
232	11.21	2065	2103	0.99	197	0	0	10	26.18	0.00	0.02	3.92	85.09	88.79	0.00	39	0	42	0.00	0.00	67.10	7.82	0.00	0.00	2000
230	10.99	2092	2105	0.19	179	0	0	0	nan	0.00	0.00	3.96	85.35	89.01	0.00	39	0	42	0.00	0.00	63.64	7.39	0.00	0.00	2000
228	10.97	2081	2096	0.00	194	0	0	0	nan	0.00	0.00	3.15	85.86	89.03	0.00	39	0	42	0.00	0.00	62.99	7.37	0.00	0.00	2000
230	11.10	2066	2102	0.00	195	0	0	0	nan	0.00	0.01	3.74	85.22	88.90	0.00	39	0	42	0.00	0.00	66.83	8.07	0.00	0.00	2000
230	10.98	2099	2096	0.00	183	0	0	0	nan	0.00	0.00	4.21	84.63	89.02	0.00	39	0	42	0.00	0.00	63.73	7.53	0.00	0.00	2000
229	11.40	2052	2058	0.00	205	0	0	0	nan	0.01	0.00	4.43	82.45	88.60	0.00	39	0	42	0.00	0.00	63.94	7.50	0.00	0.00	2000
232	10.90	2083	2143	0.00	195	0	0	0	nan	0.00	0.03	4.00	87.03	89.10	0.00	39	0	42	0.00	0.00	66.00	7.99	0.00	0.00	2000
231	11.06	2083	2106	0.00	195	0	0	0	nan	0.01	0.00	3.97	85.40	88.94	0.00	39	0	42	0.00	0.00	66.68	7.93	0.00	0.00	2000
228	11.07	2059	2098	0.00	194	0	0	0	nan	0.00	0.00	3.56	85.31	88.93	0.00	39	0	42	0.00	0.00	64.21	7.63	0.00	0.00	2000
229	11.06	2081	2095	0.00	194	0	0	0	nan	0.00	0.00	2.59	86.24	88.94	0.00	39	0	42	0.00	0.00	65.43	7.67	0.00	0.00	2000
230	11.01	2111	2074	0.00	178	0	0	0	nan	0.00	0.00	3.13	84.81	88.99	0.00	39	0	42	0.00	0.00	63.09	7.29	0.00	0.00	2000
232	10.79	2127	2126	0.00	195	0	0	0	nan	0.00	0.00	5.00	85.27	89.21	0.00	39	0	42	0.00	0.00	66.31	7.53	0.00	0.00	2000
230	10.90	2109	2101	0.00	196	0	0	0	nan	0.00	0.00	2.68	86.56	89.10	0.00	39	0	42	0.00	0.00	63.62	7.32	0.00	0.00	2000
230	11.31	2034	2101	0.00	194	0	0	0	nan	0.00	0.04	3.75	85.03	88.69	0.00	39	0	42	0.00	0.00	66.06	7.71	0.00	0.00	2000
228	11.09	2057	2098	0.00	194	0	0	0	nan	0.00	0.00	3.20	85.68	88.91	0.00	39	0	42	0.00	0.00	66.26	7.76	0.00	0.00	2000
227	11.27	2097	2013	0.00	194	0	0	0	nan	0.00	0.02	3.49	81.60	88.73	0.00	39	0	42	0.00	0.00	61.42	7.10	0.00	0.00	2000
237	10.91	2081	2191	0.00	197	0	0	0	nan	0.01	0.00	4.83	88.16	89.09	0.00	39	0	42	0.00	0.00	68.99	7.87	0.00	0.00	2000
231	11.19	2060	2101	0.44	195	0	0	9	32.48	0.00	0.00	3.67	85.24	88.81	0.00	39	0	42	0.00	0.00	62.90	7.29	0.00	0.00	2000
230	10.93	2104	2101	0.73	194	0	0	3	59.80	0.00	0.00	3.70	85.52	89.07	0.00	39	0	42	0.00	0.00	66.46	7.76	0.00	0.00	2000
230	10.60	2166	2105	0.00	194	0	0	0	nan	0.00	0.02	3.00	86.46	89.40	0.00	39	0	42	0.00	0.00	66.51	7.81	0.00	0.00	2000
230	10.66	2155	2099	0.00	195	0	0	0	nan	0.00	0.02	3.79	85.48	89.34	0.00	39	0	42	0.00	0.00	64.24	7.64	0.00	0.00	2000
230	11.05	2089	2095	0.00	180	0	0	0	nan	0.03	0.00	4.08	84.62	88.95	0.00	39	0	42	0.00	0.00	63.28	7.26	0.00	0.00	2000
230	11.19	2062	2091	0.00	195	0	0	0	nan	0.00	0.00	3.26	85.25	88.81	0.00	38	0	42	0.00	0.00	64.47	7.44	0.00	0.00	2000
233	10.77	2146	2114	0.00	195	0	0	0	nan	0.00	0.00	3.45	86.40	89.23	0.00	38	0	42	0.00	0.00	65.92	7.70	0.00	0.00	2000
228	10.98	2081	2096	0.00	193	0	0	0	nan	0.00	0.02	3.99	84.90	89.02	0.00	39	0	42	0.00	0.00	65.66	7.82	0.00	0.00	2000
229	11.03	2081	2093	0.00	194	0	0	0	nan	0.00	0.01	3.05	85.64	88.97	0.00	39	0	42	0.00	0.00	64.40	7.66	0.00	0.00	2000
228	11.10	2051	2102	0.00	195	0	0	0	nan	0.00	0.00	3.31	85.83	88.90	0.00	39	0	42	0.00	0.00	65.10	7.78	0.00	0.00	2000
230	10.83	2113	2108	0.00	194	0	0	0	nan	0.00	0.00	3.01	86.47	89.17	0.00	39	0	42	0.00	0.00	66.87	7.55	0.00	0.00	2000
231	11.00	2128	2067	0.00	180	0	0	0	nan	0.00	0.00	3.30	84.39	89.00	0.00	39	0	42	0.00	0.00	60.23	7.18	0.00	0.00	2000
230	10.93	2091	2113	0.00	196	0	0	0	nan	0.00	0.00	4.45	85.28	89.07	0.00	39	0	42	0.00	0.00	67.67	7.79	0.00	0.00	2000
228	11.05	2083	2079	0.00	196	0	0	0	nan	0.00	0.00	3.80	84.25	88.95	0.00	39	0	42	0.00	0.00	62.51	7.23	0.00	0.00	2000
231	11.13	2062	2109	0.00	195	0	0	0	nan	0.00	0.00	4.35	84.91	88.87	0.00	39	0	42	0.00	0.00	64.99	7.68	0.00	0.00	2000
229	11.17	2037	2110	0.00	198	0	0	0	nan	0.00	0.00	4.47	84.90	88.83	0.00	39	0	42	0.00	0.00	65.68	7.59	0.00	0.00	2000
232	11.11	2104	2085	0.00	196	0	0	0	nan	0.00	0.00	3.89	84.31	88.89	0.00	39	0	42	0.00	0.00	65.06	7.42	0.00	0.00	2000
227	10.86	2081	2110	0.00	194	0	0	4	33.76	0.00	0.00	3.93	85.68	89.14	0.00	39	0	42	0.00	0.00	65.61	7.48	0.00	0.00	2000
230	11.27	2032	2106	1.24	194	0	0	6	32.22	0.00	0.00	4.12	84.93	88.73	0.00	39	0	42	0.00	0.00	64.79	7.48	0.00	0.00	2000
228	10.78	2143	2073	0.00	194	0	0	0	nan	0.00	0.00	3.65	84.45	89.22	0.00	39	0	42	0.00	0.00	65.40	7.62	0.00	0.00	2000
230	10.95	2085	2111	0.00	196	0	0	0	nan	0.00	0.00	3.79	85.72	89.05	0.00	39	0	42	0.00	0.00	65.46	7.44	0.00	0.00	2000
227	11.00	2070	2094	0.00	194	0	0	0	nan	0.00	0.00	4.67	84.13	89.00	0.00	39	0	42	0.00	0.00	64.69	7.54	0.00	0.00	2000
233	11.06	2099	2107	0.00	196	0	0	0	nan	0.00	0.02	4.22	84.94	88.94	0.00	39	0	42	0.00	0.00	65.04	7.47	0.00	0.00	2000
227	10.97	2061	2111	0.00	196	0	0	0	nan	0.00	0.00	4.66	84.99	89.03	0.00	39	0	42	0.00	0.00	64.63	7.65	0.00	0.00	2000
229	10.69	2159	2088	0.00	197	0	0	0	nan	0.01	0.00	4.17	84.52	89.31	0.00	39	0	42	0.00	0.00	65.23	7.61	0.00	0.00	2000
229	10.80	2127	2094	0.00	199	0	0	0	nan	0.00	0.00	5.63	83.43	89.20	0.00	39	0	42	0.00	0.00	64.98	7.63	0.00	0.00	2000
228	11.37	1996	2112	0.00	195	0	0	0	nan	0.00	0.00	3.54	85.77	88.63	0.00	39	0	42	0.00	0.00	64.68	7.57	0.00	0.00	2000
229	10.83	2124	2094	0.00	196	0	0	0	nan	0.00	0.00	4.65	84.28	89.17	0.00	39	0	42	0.00	0.00	64.90	7.51	0.00	0.00	2000
229	11.29	2021	2111	0.00	195	0	0	0	nan	0.00	0.00	4.58	84.70	88.71	0.00	39	0	42	0.00	0.00	64.57	7.67	0.00	0.00	2000
229	10.70	2132	2105	0.00	195	0	0	0	nan	0.00	0.00	3.84	85.60	89.30	0.00	39	0	42	0.00	0.00	65.58	7.59	0.00	0.00	2000
229	11.08	2087	2082	0.00	195	0	0	0	nan	0.00	0.01	3.09	85.01	88.92	0.00	39	0	42	0.00	0.00	65.02	7.39	0.00	0.00	2000
228	11.11	2053	2096	0.00	195	0	0	0	nan	0.00	0.00	4.25	84.51	88.89	0.00	39	0	42	0.00	0.00	65.03	7.72	0.00	0.00	2000
230	11.24	2035	2115	0.00	196	0	0	0	nan	0.00	0.00	4.33	85.15	88.76	0.00	39	0	42	0.00	0.00	64.97	7.58	0.00	0.00	2000
227	10.94	2091	2084	0.00	195	0	0	0	nan	0.00	0.00	4.36	84.13	89.06	0.00	39	0	42	0.00	0.00	64.86	7.64	0.00	0.00	2000
228	10.93	2059	2130	0.00	195	0	0	2	45.93	0.00	0.00	3.98	86.37	89.07	0.00	39	0	42	0.00	0.00	64.96	7.56	0.00	0.00	2000
231	11.79	1984	2075	1.32	197	0	0	9	33.17	0.00	0.00	3.84	83.47	88.21	0.00	39	0	42	0.00	0.00	64.85	7.69	0.00	0.00	2000
229	11.24	2019	2122	0.00	197	0	0	0	nan	0.00	0.00	4.19	85.58	88.76	0.00	39	0	42	0.00	0.00	64.70	7.65	0.00	0.00	2000
230	11.09	2106	2069	0.00	196	0	0	0	nan	0.00	0.00	4.07	83.65	88.91	0.00	39	0	42	0.00	0.00	64.69	7.59	0.00	0.00	2000
229	11.03	2039	2136	0.00	194	0	0	0	nan	0.00	0.00	3.76	86.85	88.97	0.00	39	0	42	0.00	0.00	64.67	7.60	0.00	0.00	2000
228	11.42	2011	2089	0.00	195	0	0	0	nan	0.00	0.00	3.41	84.80	88.58	0.00	39	0	42	0.00	0.00	64.52	7.63	0.00	0.00	2000
231	11.51	2004	2105	0.00	197	0	0	0	nan	0.00	0.00	3.92	84.88	88.49	0.00	39	0	42	0.00	0.00	65.27	7.65	0.00	0.00	2000
228	11.19	2052	2087	0.00	198	0	0	0	nan	0.00	0.00	4.87	83.50	88.81	0.00	39	0	42	0.00	0.00	65.04	7.59	0.00	0.00	2000
227	11.35	2067	2028	0.00	196	0	0	0	nan	0.01	0.00	3.38	82.21	88.65	0.00	39	0	42	0.00	0.00	59.66	6.96	0.00	0.00	2000
229	11.10	1999	2170	0.00	211	0	0	0	nan	0.00	0.02	2.83	89.06	88.90	0.00	39	0	42	0.00	0.00	69.95	8.34	0.00	0.00	2000
228	11.20	2008	2133	0.00	197	0	0	0	nan	0.00	0.00	4.32	86.02	88.80	0.00	39	0	42	0.00	0.00	64.68	7.77	0.00	0.00	2000
228	11.13	2069	2076	0.00	198	0	0	0	nan	0.00	0.02	3.82	84.15	88.87	0.00	39	0	42	0.00	0.00	64.67	7.72	0.00	0.00	2000
229	11.13	2036	2120	0.00	196	0	0	0	nan	0.00	0.01	4.39	85.39	88.87	0.00	39	0	42	0.00	0.00	64.81	7.64	0.00	0.00	2000
230	11.34	2061	2062	0.00	197	0	0	0	nan	0.00	0.00	3.89	83.22	88.66	0.00	39	0	42	0.00	0.00	64.61	7.65	0.00	0.00	2000
228	10.90	2069	2126	0.00	195	0	0	0	nan	0.00	0.00	4.17	86.08	89.10	0.00	39	0	42	0.00	0.00	64.74	7.69	0.00	0.00	2000
227	10.85	2088	2108	0.00	197	0	0	0	nan	0.00	0.00	4.37	85.10	89.15	0.00	39	0	42	0.00	0.00	62.03	7.69	0.00	0.00	2000
229	11.40	2032	2076	0.00	195	0	0	0	nan	0.01	0.00	3.42	84.18	88.60	0.00	39	0	42	0.00	0.00	67.64	7.62	0.00	0.00	2000
228	10.90	2100	2089	0.00	197	0	0	0	96.33	0.00	0.02	5.02	83.69	89.10	0.00	39	0	42	0.00	0.00	64.67	7.72	0.00	0.00	2000
232	11.10	2076	2113	1.29	196	0	0	8	24.16	0.00	0.00	4.14	85.35	88.90	0.00	39	0	42	0.00	0.00	65.00	7.65	0.00	0.00	2000
227	10.79	2095	2110	0.02	195	0	0	0	nan	0.00	0.00	4.81	84.90	89.21	0.00	39	0	42	0.00	0.00	64.84	7.45	0.00	0.00	2000
229	11.15	2039	2114	0.00	195	0	0	0	nan	0.00	0.00	3.71	85.89	88.85	0.00	39	0	42	0.00	0.00	64.60	7.52	0.00	0.00	2000
228	11.07	2067	2095	0.00	196	0	0	0	nan	0.00	0.00	3.06	85.57	88.93	0.00	39	0	42	0.00	0.00	64.90	7.47	0.00	0.00	2000
232	11.17	2076	2104	0.00	195	0	0	0	nan	0.00	0.00	3.67	85.27	88.83	0.00	39	0	42	0.00	0.00	65.13	7.38	0.00	0.00	2000
227	11.14	2043	2097	0.00	197	0	0	0	nan	0.00	0.00	4.09	84.67	88.86	0.00	39	0	42	0.00	0.00	64.60	7.52	0.00	0.00	2000
230	11.27	2046	2096	0.00	197	0	0	0	nan	0.00	0.00	3.53	85.07	88.73	0.00	39	0	42	0.00	0.00	64.62	7.58	0.00	0.00	2000
228	11.08	2050	2106	0.00	197	0	0	0	nan	0.00	0.00	4.03	85.25	88.92	0.00	39	0	42	0.00	0.00	64.67	7.54	0.00	0.00	2000
228	11.10	2080	2077	0.00	195	0	0	0	nan	0.00	0.00	3.52	84.39	88.90	0.00	39	0	42	0.00	0.00	64.82	7.62	0.00	0.00	2000
228	10.69	2138	2093	0.00	197	0	0	0	nan	0.00	0.00	4.85	84.21	89.31	0.00	39	0	42	0.00	0.00	61.64	7.26	0.00	0.00	2000
229	11.09	2057	2108	0.00	196	0	0	0	nan	0.01	0.00	3.71	85.63	88.91	0.00	39	0	42	0.00	0.00	67.69	7.86	0.00	0.00	2000
230	11.19	2068	2088	0.00	196	0	0	0	nan	0.00	0.00	4.88	83.48	88.81	0.00	39	0	42	0.00	0.00	61.87	7.28	0.00	0.00	2000
230	11.01	2058	2136	0.00	195	0	0	0	nan	0.00	0.00	3.79	86.69	88.99	0.00	38	0	42	0.00	0.00	67.98	8.14	0.00	0.00	2000
229	11.10	2082	2078	0.00	198	0	0	0	nan	0.00	0.00	3.64	84.39	88.90	0.00	39	0	42	0.00	0.00	64.69	7.54	0.00	0.00	2000
229	11.16	2044	2107	0.00	196	0	0	0	nan	0.00	0.00	4.13	85.08	88.84	0.00	39	0	42	0.00	0.00	64.85	7.58	0.00	0.00	2000
231	11.49	2000	2109	0.00	212	0	0	0	nan	0.00	0.00	7.61	81.43	88.51	0.00	39	0	42	0.00	0.00	64.25	7.62	0.00	0.00	2000
230	11.38	2033	2088	0.00	194	0	0	0	nan	0.00	0.00	3.55	84.61	88.62	0.00	39	0	42	0.00	0.00	61.83	7.53	0.00	0.00	2000
226	11.22	2013	2105	1.02	197	0	0	7	12.51	0.00	0.00	4.81	84.26	88.78	0.00	39	0	42	0.00	0.00	67.56	7.65	0.00	0.00	2000
228	11.07	2048	2115	0.36	196	0	0	0	nan	0.00	0.00	4.05	85.53	88.93	0.00	39	0	42	0.00	0.00	64.59	7.54	0.00	0.00	2000
228	11.17	2065	2074	0.00	195	0	0	0	nan	0.00	0.00	3.37	84.44	88.83	0.00	39	0	42	0.00	0.00	61.78	7.30	0.00	0.00	2000
230	11.30	2029	2102	0.00	195	0	0	0	nan	0.00	0.00	4.63	84.26	88.70	0.00	39	0	42	0.00	0.00	64.43	7.50	0.00	0.00	2000
232	11.11	2094	2093	0.00	197	0	0	0	nan	0.00	0.00	4.75	83.93	88.89	0.00	39	0	42	0.00	0.00	64.87	7.70	0.00	0.00	2000
230	11.15	2055	2104	0.00	196	0	0	0	nan	0.00	0.00	4.85	84.20	88.85	0.00	39	0	42	0.00	0.00	64.55	7.55	0.00	0.00	2000
227	10.98	2059	2112	0.00	196	0	0	0	nan	0.00	0.00	4.24	85.34	89.02	0.00	39	0	42	0.00	0.00	67.89	7.86	0.00	0.00	2000
228	11.29	2029	2091	0.00	194	0	0	0	nan	0.00	0.00	4.02	84.35	88.71	0.00	39	0	42	0.00	0.00	61.75	7.21	0.00	0.00	2000
228	10.83	2097	2104	0.00	196	0	0	0	nan	0.00	0.00	4.17	85.24	89.17	0.00	39	0	42	0.00	0.00	67.33	7.87	0.00	0.00	2000
232	11.36	2036	2106	0.00	197	0	0	0	nan	0.00	0.00	4.34	84.72	88.64	0.00	39	0	42	0.00	0.00	64.41	7.61	0.00	0.00	2000
228	10.95	2078	2101	0.00	195	0	0	0	nan	0.00	0.00	3.79	85.34	89.05	0.00	39	0	42	0.00	0.00	65.02	7.64	0.00	0.00	2000
228	11.37	2022	2086	0.00	194	0	0	0	nan	0.00	0.00	3.83	84.20	88.63	0.00	39	0	42	0.00	0.00	61.59	7.28	0.00	0.00	2000
228	11.03	2065	2102	0.00	196	0	0	0	nan	0.00	0.00	4.21	84.97	88.97	0.00	39	0	42	0.00	0.00	64.91	7.74	0.00	0.00	2000
230	11.09	2045	2124	0.00	197	0	0	0	nan	0.01	0.00	4.24	85.77	88.91	0.00	39	0	42	0.00	0.00	67.50	7.66	0.00	0.00	2000
235	11.37	2092	2073	0.00	208	0	0	0	nan	0.00	0.00	3.44	83.97	88.63	0.00	39	0	42	0.00	0.00	62.68	7.19	0.00	0.00	2000
232	11.17	2065	2115	0.00	202	0	0	0	nan	0.00	0.00	6.69	82.89	88.83	0.00	39	0	42	0.00	0.00	64.56	7.47	0.00	0.00	2000
228	10.81	2108	2099	0.00	199	0	0	0	nan	0.00	0.03	4.36	84.80	89.19	0.00	39	0	42	0.00	0.00	63.44	7.24	0.00	0.00	2000
230	11.20	2072	2081	0.85	201	0	0	11	16.55	0.00	0.05	5.54	82.46	88.80	0.00	39	0	42	0.00	0.00	63.98	7.46	0.00	0.00	2000
229	10.75	2103	2128	0.82	198	0	0	1	88.14	0.00	0.02	5.12	85.28	89.25	0.00	39	0	42	0.00	0.00	70.78	8.39	0.00	0.00	2000
230	10.94	2122	2082	0.00	198	0	0	0	nan	0.00	0.05	3.09	85.12	89.06	0.00	40	0	42	0.00	0.00	62.19	7.34	0.00	0.00	2000
231	11.01	2112	2089	0.00	203	0	0	0	nan	0.00	0.00	7.05	81.56	88.99	0.00	40	0	42	0.00	0.00	62.23	7.34	0.00	0.00	2000
230	11.18	2048	2108	0.00	199	0	0	0	nan	0.00	0.01	8.00	81.22	88.82	0.00	39	0	42	0.00	0.00	65.01	7.86	0.00	0.00	2000
228	11.04	2071	2093	0.00	198	0	0	0	nan	0.00	0.00	6.89	81.77	88.96	0.00	40	0	42	0.00	0.00	64.90	7.71	0.00	0.00	2000
230	10.87	2095	2119	0.00	198	0	0	0	nan	0.00	0.00	6.84	83.16	89.13	0.00	39	0	42	0.00	0.00	67.62	7.78	0.00	0.00	2000
228	11.09	2072	2080	0.00	200	0	0	0	nan	0.00	0.00	6.23	81.89	88.91	0.00	39	0	42	0.00	0.00	62.19	7.79	0.00	0.00	2000
232	11.15	2082	2101	0.00	203	0	0	0	nan	0.00	0.00	6.44	82.54	88.85	0.00	39	0	42	0.00	0.00	65.02	7.72	0.00	0.00	2000
228	10.76	2093	2124	0.00	200	0	0	0	nan	0.00	0.00	7.53	82.85	89.24	0.00	40	0	42	0.00	0.00	65.22	7.74	0.00	0.00	2000
230	11.15	2072	2089	0.00	199	0	0	0	nan	0.00	0.00	5.50	82.90	88.85	0.00	40	0	42	0.00	0.00	65.02	8.09	0.00	0.00	2000
229	10.86	2134	2079	0.00	200	0	0	0	nan	0.00	0.00	6.18	82.14	89.14	0.00	39	0	42	0.00	0.00	65.00	7.58	0.00	0.00	2000
231	10.87	2106	2119	0.00	198	0	0	0	nan	0.00	0.03	5.04	84.86	89.13	0.00	40	0	42	0.00	0.00	65.32	7.64	0.00	0.00	2000
230	11.06	2090	2091	0.00	202	0	0	0	nan	0.00	0.00	5.83	82.67	88.94	0.00	39	0	42	0.00	0.00	65.34	7.81	0.00	0.00	2000
230	10.90	2086	2129	0.00	199	0	0	0	nan	0.00	0.00	3.93	86.49	89.10	0.00	40	0	42	0.00	0.00	64.92	7.63	0.00	0.00	2000
227	11.05	2074	2084	0.00	195	0	0	0	nan	0.00	0.00	3.43	84.89	88.95	0.00	39	0	42	0.00	0.00	64.79	7.82	0.00	0.00	2000
229	11.22	2042	2096	0.00	194	0	0	0	nan	0.00	0.00	4.03	84.62	88.78	0.00	39	0	42	0.00	0.00	64.95	7.78	0.00	0.00	2000
227	10.84	2076	2114	0.48	194	0	0	9	17.16	0.00	0.00	3.72	86.09	89.16	0.00	40	0	42	0.00	0.00	64.16	7.65	0.00	0.00	2000
230	11.15	2049	2110	1.23	194	0	0	4	39.79	0.00	0.02	3.18	86.09	88.85	0.00	40	0	42	0.00	0.00	64.99	7.64	0.00	0.00	2000
228	11.04	2093	2076	0.00	196	0	0	0	nan	0.00	0.00	3.23	84.65	88.96	0.00	40	0	42	0.00	0.00	64.69	7.71	0.00	0.00	2000
231	11.18	2076	2095	0.00	198	0	0	0	nan	0.00	0.00	5.32	83.32	88.82	0.00	40	0	42	0.00	0.00	65.28	7.70	0.00	0.00	2000
229	10.81	2110	2107	0.00	198	0	0	0	nan	0.00	0.00	4.90	84.57	89.19	0.00	39	0	42	0.00	0.00	65.30	7.56	0.00	0.00	2000
229	10.84	2116	2097	0.00	195	0	0	0	nan	0.00	0.00	4.29	84.69	89.16	0.00	40	0	42	0.00	0.00	64.74	7.51	0.00	0.00	2000
227	10.84	2090	2106	0.00	196	0	0	0	nan	0.00	0.00	4.07	85.39	89.16	0.00	40	0	42	0.00	0.00	64.94	7.78	0.00	0.00	2000
230	11.29	2050	2090	0.00	195	0	0	0	nan	0.00	0.00	4.35	83.96	88.71	0.00	40	0	42	0.00	0.00	64.68	7.61	0.00	0.00	2000
227	11.08	2060	2092	0.00	196	0	0	0	nan	0.00	0.00	4.67	84.02	88.92	0.00	40	0	42	0.00	0.00	65.16	7.73	0.00	0.00	2000
229	11.22	2037	2107	0.00	194	0	0	0	nan	0.00	0.00	3.29	85.88	88.78	0.00	40	0	43	0.00	0.00	64.64	7.61	0.00	0.00	2000
227	10.88	2072	2118	0.00	194	0	0	0	nan	0.00	0.00	4.34	85.68	89.12	0.00	40	0	42	0.00	0.00	64.66	7.83	0.00	0.00	2000
229	11.21	2058	2081	0.00	195	0	0	0	nan	0.00	0.00	3.63	84.26	88.79	0.00	40	0	42	0.00	0.00	64.90	7.72	0.00	0.00	2000
230	10.98	2058	2134	0.00	197	0	0	0	nan	0.00	0.00	5.11	85.38	89.02	0.00	39	0	42	0.00	0.00	65.64	7.88	0.00	0.00	2000
228	11.26	2042	2080	0.00	194	0	0	0	nan	0.00	0.00	3.06	84.84	88.74	0.00	40	0	42	0.00	0.00	64.39	7.72	0.00	0.00	2000
227	11.22	2042	2076	0.00	195	0	0	0	nan	0.00	0.00	3.56	84.36	88.78	0.00	39	0	42	0.00	0.00	64.63	7.94	0.00	0.00	2000
229	10.91	2068	2136	0.00	195	0	0	0	nan	0.00	0.00	4.19	86.49	89.09	0.00	40	0	42	0.00	0.00	64.88	7.78	0.00	0.00	2000
227	11.20	2040	2085	0.00	196	0	0	0	nan	0.00	0.00	3.87	84.38	88.80	0.00	40	0	42	0.00	0.00	64.96	7.70	0.00	0.00	2000
249	12.38	2019	2091	0.02	196	0	0	10	33.13	0.00	0.04	4.47	82.83	87.62	0.00	40	0	42	0.00	0.00	65.20	7.79	0.00	0.00	2000
228	10.90	2069	2122	1.61	195	0	0	7	31.51	0.00	0.00	4.63	85.57	89.10	0.00	40	0	42	0.00	0.00	64.77	7.72	0.00	0.00	2000
229	11.21	2051	2094	0.00	194	0	0	0	nan	0.00	0.00	3.47	85.14	88.79	0.00	39	0	42	0.00	0.00	64.95	7.72	0.00	0.00	2000
229	10.97	2091	2097	0.00	194	0	0	0	nan	0.01	0.00	3.97	85.05	89.03	0.00	40	0	42	0.00	0.00	64.93	7.85	0.00	0.00	2000
231	11.41	2020	2101	0.00	198	0	0	0	nan	0.00	0.00	4.99	83.73	88.59	0.00	39	0	42	0.00	0.00	65.16	7.67	0.00	0.00	2000
229	11.08	2063	2100	0.00	197	0	0	0	nan	0.00	0.00	3.76	85.24	88.92	0.00	40	0	42	0.00	0.00	64.94	7.58	0.00	0.00	2000
229	11.51	2004	2088	0.00	195	0	0	0	nan	0.00	0.00	4.14	83.96	88.49	0.00	40	0	42	0.00	0.00	64.97	7.71	0.00	0.00	2000
227	11.08	2061	2091	0.00	198	0	0	0	nan	0.00	0.00	5.39	83.14	88.92	0.00	39	0	42	0.00	0.00	65.08	7.58	0.00	0.00	2000
228	10.84	2070	2136	0.00	196	0	0	0	nan	0.00	0.04	4.90	85.88	89.16	0.00	40	0	42	0.00	0.00	65.32	7.61	0.00	0.00	2000
226	11.03	2092	2058	0.00	195	0	0	0	nan	0.00	0.00	3.26	84.06	88.97	0.00	40	0	42	0.00	0.00	64.52	7.70	0.00	0.00	2000
230	11.03	2065	2120	0.00	195	0	0	0	nan	0.00	0.00	4.09	85.80	88.97	0.00	40	0	42	0.00	0.00	65.26	7.88	0.00	0.00	2000
229	11.08	2063	2105	0.00	196	0	0	0	nan	0.00	0.00	4.78	84.48	88.92	0.00	39	0	42	0.00	0.00	64.98	7.66	0.00	0.00	2000
229	11.34	2020	2101	0.00	196	0	0	0	nan	0.00	0.00	4.43	84.38	88.66	0.00	40	0	42	0.00	0.00	65.19	7.62	0.00	0.00	2000
227	11.14	2060	2075	0.00	196	0	0	0	nan	0.00	0.00	4.04	83.90	88.86	0.00	40	0	42	0.00	0.00	64.80	7.60	0.00	0.00	2000
230	11.12	2051	2115	0.00	195	0	0	0	nan	0.00	0.00	4.12	85.38	88.88	0.00	40	0	42	0.00	0.00	65.05	7.82	0.00	0.00	2000
227	10.98	2081	2086	0.00	196	0	0	0	nan	0.00	0.00	4.54	83.99	89.02	0.00	39	0	42	0.00	0.00	64.71	7.61	0.00	0.00	2000
231	11.22	2043	2116	0.00	197	0	0	0	nan	0.00	0.00	4.27	85.33	88.78	0.00	40	0	42	0.00	0.00	65.62	7.78	0.00	0.00	2000
227	11.12	2050	2087	0.00	195	0	0	13	7.66	0.00	0.00	4.03	84.47	88.88	0.00	39	0	42	0.00	0.00	64.32	7.71	0.00	0.00	2000
229	10.94	2056	2137	1.58	193	0	0	9	23.47	0.00	0.00	3.70	87.03	89.06	0.00	39	0	42	0.00	0.00	65.03	7.76	0.00	0.00	2000
227	11.16	2073	2064	0.00	195	0	0	0	nan	0.00	0.00	3.23	84.03	88.84	0.00	40	0	42	0.00	0.00	65.08	7.74	0.00	0.00	2000
231	11.10	2060	2117	0.00	195	0	0	0	nan	0.00	0.00	4.19	85.58	88.90	0.00	40	0	42	0.00	0.00	64.91	7.77	0.00	0.00	2000
229	11.20	2068	2078	0.00	196	0	0	0	nan	0.00	0.00	4.60	83.37	88.80	0.00	40	0	42	0.00	0.00	64.96	7.73	0.00	0.00	2000
229	11.26	2028	2110	0.00	196	0	0	0	nan	0.00	0.00	4.20	85.03	88.74	0.00	40	0	42	0.00	0.00	64.67	7.69	0.00	0.00	2000
228	10.78	2089	2122	0.00	196	0	0	0	nan	0.00	0.00	4.75	85.51	89.22	0.00	39	0	42	0.00	0.00	64.82	7.72	0.00	0.00	2000
228	11.31	2031	2088	0.00	195	0	0	0	nan	0.00	0.00	3.47	84.77	88.69	0.00	40	0	42	0.00	0.00	64.97	7.66	0.00	0.00	2000
228	11.10	2068	2086	0.00	197	0	0	0	nan	0.00	0.00	4.15	84.18	88.90	0.00	40	0	42	0.00	0.00	64.97	7.83	0.00	0.00	2000
231	11.16	2053	2117	0.00	195	0	0	0	nan	0.00	0.00	4.68	84.87	88.84	0.00	40	0	42	0.00	0.00	65.44	7.65	0.00	0.00	2000
229	10.80	2113	2107	0.00	197	0	0	0	nan	0.00	0.00	5.40	84.20	89.20	0.00	40	0	42	0.00	0.00	65.34	7.86	0.00	0.00	2000
230	10.92	2097	2110	0.00	195	0	0	0	nan	0.00	0.00	3.69	85.82	89.08	0.00	39	0	42	0.00	0.00	65.19	7.71	0.00	0.00	2000
227	11.05	2052	2104	0.00	196	0	0	0	nan	0.00	0.00	3.41	85.73	88.95	0.00	40	0	42	0.00	0.00	66.76	8.08	0.00	0.00	2000
228	11.03	2123	2047	0.00	194	0	0	0	nan	0.00	0.00	2.79	83.95	88.97	0.00	40	0	42	0.00	0.00	58.11	6.81	0.00	0.00	2000
230	10.90	2067	2140	0.00	194	0	0	0	nan	0.00	0.00	3.82	87.04	89.10	0.00	40	0	42	0.00	0.00	70.59	8.33	0.00	0.00	2000
229	11.04	2077	2100	0.00	195	0	0	0	nan	0.00	0.00	4.03	84.94	88.96	0.00	40	0	42	0.00	0.00	65.00	7.73	0.00	0.00	2000
229	11.07	2093	2074	0.00	198	0	0	0	nan	0.00	0.00	3.93	83.89	88.93	0.00	39	0	42	0.00	0.00	62.56	7.26	0.00	0.00	2000
229	10.87	2086	2120	0.00	195	0	0	0	92.41	0.00	0.00	4.10	86.00	89.13	0.00	39	0	42	0.00	0.00	68.02	7.98	0.00	0.00	2000
228	10.84	2091	2109	1.66	195	0	0	12	19.05	0.00	0.00	3.79	85.85	89.16	0.00	40	0	42	0.00	0.00	64.87	7.72	0.00	0.00	2000
229	11.04	2096	2080	0.02	195	0	0	0	nan	0.00	0.00	3.58	84.55	88.96	0.00	40	0	42	0.00	0.00	65.04	7.56	0.00	0.00	2000
231	11.05	2088	2103	0.00	197	0	0	0	nan	0.00	0.01	4.90	84.23	88.95	0.00	40	0	42	0.00	0.00	65.42	7.61	0.00	0.00	2000
229	11.23	2017	2124	0.00	195	0	0	0	nan	0.00	0.00	4.37	85.44	88.77	0.00	39	0	42	0.00	0.00	64.79	7.81	0.00	0.00	2000
227	10.97	2113	2060	0.00	195	0	0	0	nan	0.00	0.00	2.91	84.46	89.03	0.00	39	0	42	0.00	0.00	61.96	7.36	0.00	0.00	2000
230	10.79	2089	2144	0.00	195	0	0	0	nan	0.00	0.00	4.35	86.77	89.21	0.00	40	0	42	0.00	0.00	69.85	7.78	0.00	0.00	2000
226	11.15	2092	2038	0.00	194	0	0	0	nan	0.00	0.00	3.57	82.70	88.85	0.00	39	0	42	0.00	0.00	57.63	7.27	0.00	0.00	2000
232	11.08	2045	2151	0.00	194	0	0	0	nan	0.00	0.01	3.79	87.32	88.92	0.00	39	0	42	0.00	0.00	70.64	8.43	0.00	0.00	2000
227	11.03	2066	2092	0.00	195	0	0	0	nan	0.00	0.00	3.47	85.20	88.97	0.00	40	0	42	0.00	0.00	64.43	7.88	0.00	0.00	2000
229	10.93	2107	2089	0.00	195	0	0	0	nan	0.00	0.00	4.08	84.51	89.07	0.00	39	0	42	0.00	0.00	62.11	7.35	0.00	0.00	2000
228	10.80	2102	2108	0.00	196	0	0	0	nan	0.00	0.00	3.93	85.58	89.20	0.00	40	0	42	0.00	0.00	64.95	7.77	0.00	0.00	2000
234	11.22	2083	2105	0.00	197	0	0	0	nan	0.01	0.00	5.21	83.80	88.78	0.00	39	0	42	0.00	0.00	68.52	8.03	0.00	0.00	2000
230	10.98	2117	2077	0.00	195	0	0	0	nan	0.00	0.00	3.92	84.08	89.02	0.00	40	0	42	0.00	0.00	58.97	7.05	0.00	0.00	2000
230	10.92	2089	2121	0.00	199	0	0	0	nan	0.00	0.03	5.06	84.81	89.08	0.00	40	0	42	0.00	0.00	70.86	8.50	0.00	0.00	2000
227	10.97	2070	2099	0.00	196	0	0	0	nan	0.00	0.02	4.18	84.86	89.03	0.00	39	0	42	0.00	0.00	61.77	7.37	0.00	0.00	2000
228	11.34	1996	2121	0.00	195	0	0	0	nan	0.00	0.00	4.26	85.44	88.66	0.00	39	0	43	0.00	0.00	67.55	7.90	0.00	0.00	2000
226	11.21	2058	2057	0.00	194	0	0	0	nan	0.00	0.00	2.48	84.63	88.79	0.00	39	0	42	0.00	0.00	59.02	7.04	0.00	0.00	2000
227	11.23	2076	2044	1.37	194	0	0	10	12.11	0.00	0.00	3.50	82.94	88.77	0.00	39	0	42	0.00	0.00	64.86	7.86	0.00	0.00	2000
231	10.69	2069	2193	0.24	211	0	0	0	nan	0.00	0.00	2.89	90.37	89.31	0.00	39	0	42	0.00	0.00	68.16	8.07	0.00	0.00	2000
229	11.08	2060	2108	0.00	195	0	0	0	nan	0.00	0.00	3.11	86.17	88.92	0.00	40	0	42	0.00	0.00	67.48	8.20	0.00	0.00	2000
227	11.09	2067	2081	0.00	196	0	0	0	nan	0.00	0.00	3.47	84.66	88.91	0.00	40	0	42	0.00	0.00	59.95	7.28	0.00	0.00	2000
229	10.96	2101	2085	0.00	194	0	0	0	nan	0.00	0.00	3.32	85.14	89.04	0.00	39	0	42	0.00	0.00	64.37	7.54	0.00	0.00	2000
230	10.87	2105	2109	0.00	196	0	0	0	nan	0.00	0.00	4.59	84.91	89.13	0.00	40	0	42	0.00	0.00	64.80	7.53	0.00	0.00	2000
229	11.16	2054	2102	0.00	196	0	0	0	nan	0.00	0.00	4.59	84.33	88.84	0.00	39	0	42	0.00	0.00	65.29	7.57	0.00	0.00	2000
227	11.06	2063	2090	0.00	196	0	0	0	nan	0.00	0.00	4.49	84.09	88.94	0.00	40	0	42	0.00	0.00	64.73	7.68	0.00	0.00	2000
229	11.08	2034	2136	0.00	195	0	0	0	nan	0.00	0.00	4.36	86.19	88.92	0.00	39	0	42	0.00	0.00	67.96	8.33	0.00	0.00	2000
228	11.05	2099	2061	0.00	195	0	0	0	nan	0.00	0.00	3.21	84.13	88.95	0.00	39	0	42	0.00	0.00	61.71	7.62	0.00	0.00	2000
232	11.10	2071	2119	0.00	196	0	0	0	nan	0.00	0.00	4.67	85.02	88.90	0.00	40	0	42	0.00	0.00	64.94	7.79	0.00	0.00	2000
227	10.91	2083	2098	0.00	195	0	0	0	nan	0.00	0.00	3.58	85.48	89.09	0.00	39	0	42	0.00	0.00	65.16	7.65	0.00	0.00	2000
230	11.08	2057	2120	0.00	196	1	0	0	nan	0.00	0.00	3.89	85.91	88.92	0.00	40	0	42	0.00	0.00	67.62	8.25	0.00	0.00	2000
228	11.07	2078	2078	0.00	195	0	0	0	nan	0.00	0.00	3.49	84.58	88.93	0.00	39	0	42	0.00	0.00	62.41	7.44	0.00	0.00	2000
229	11.12	2044	2117	0.00	196	0	0	0	nan	0.00	0.00	5.10	84.61	88.88	0.00	40	0	42	0.00	0.00	64.93	7.77	0.00	0.00	2000
227	11.12	2064	2073	0.00	194	0	0	0	nan	0.00	0.00	3.51	84.32	88.88	0.00	40	0	42	0.00	0.00	64.41	7.77	0.00	0.00	2000
231	11.07	2074	2114	0.00	198	0	0	0	nan	0.00	0.00	6.12	83.43	88.93	0.00	40	0	42	0.00	0.00	65.37	7.91	0.00	0.00	2000
226	10.73	2131	2079	1.08	197	0	0	11	14.50	0.00	0.00	4.09	84.27	89.27	0.00	40	0	42	0.00	0.00	64.90	7.72	0.00	0.00	2000
231	10.99	2061	2144	0.63	196	0	0	0	nan	0.00	0.00	4.61	86.41	89.01	0.00	40	0	42	0.00	0.00	67.83	8.07	0.00	0.00	2000
228	11.04	2107	2058	0.00	194	0	0	0	nan	0.00	0.02	3.45	83.83	88.96	0.00	40	0	42	0.00	0.00	62.24	7.36	0.00	0.00	2000
230	10.58	2164	2106	0.00	195	0	0	0	nan	0.00	0.00	4.09	85.42	89.42	0.00	40	0	42	0.00	0.00	65.36	7.71	0.00	0.00	2000
229	11.25	2031	2108	0.00	197	0	0	0	nan	0.00	0.00	4.58	84.59	88.75	0.00	40	0	42	0.00	0.00	65.26	7.83	0.00	0.00	2000
229	10.87	2100	2109	0.00	194	0	0	0	nan	0.00	0.00	4.46	85.00	89.13	0.00	39	0	42	0.00	0.00	65.50	7.71	0.00	0.00	2000
227	11.12	2054	2082	0.00	196	0	0	0	nan	0.00	0.00	3.35	84.81	88.88	0.00	39	0	42	0.00	0.00	65.09	7.84	0.00	0.00	2000
229	11.22	2035	2108	0.00	194	0	0	0	nan	0.00	0.00	4.05	85.08	88.78	0.00	40	0	42	0.00	0.00	64.62	7.79	0.00	0.00	2000
226	11.01	2068	2085	0.00	194	0	0	0	nan	0.00	0.00	4.49	83.97	88.99	0.00	40	0	43	0.00	0.00	64.69	7.66	0.00	0.00	2000
232	11.22	2052	2114	0.00	196	0	0	0	nan	0.00	0.00	4.20	85.25	88.78	0.00	39	0	42	0.00	0.00	64.95	7.63	0.00	0.00	2000
227	11.22	2027	2096	0.00	196	0	0	0	nan	0.00	0.00	5.06	83.68	88.78	0.00	40	0	42	0.00	0.00	64.82	7.76	0.00	0.00	2000
232	11.23	2038	2131	0.00	194	0	0	0	nan	0.00	0.00	4.54	85.70	88.77	0.00	40	0	42	0.00	0.00	65.23	7.75	0.00	0.00	2000
226	11.02	2083	2071	0.00	196	0	0	0	nan	0.00	0.00	3.30	84.58	88.98	0.00	39	0	42	0.00	0.00	64.70	7.84	0.00	0.00	2000
228	11.15	2037	2113	0.00	195	0	0	0	nan	0.00	0.00	4.45	85.11	88.85	0.00	39	0	42	0.00	0.00	65.04	7.83	0.00	0.00	2000
229	11.29	2047	2081	0.00	197	0	0	0	nan	0.00	0.00	4.74	83.32	88.71	0.00	40	0	42	0.00	0.00	65.05	7.72	0.00	0.00	2000
229	11.35	1996	2120	0.00	195	0	0	0	nan	0.00	0.00	4.38	85.27	88.65	0.00	40	0	42	0.00	0.00	64.01	7.81	0.00	0.00	2000
227	10.74	2110	2102	0.00	196	0	0	0	nan	0.00	0.02	4.08	85.21	89.26	0.00	40	0	42	0.00	0.00	65.43	7.76	0.00	0.00	2000
232	11.66	1971	2115	0.66	194	0	0	11	22.29	0.00	0.00	3.71	85.46	88.34	0.00	39	0	42	0.00	0.00	64.55	7.87	0.00	0.00	2000
229	11.26	2057	2081	1.03	199	0	0	3	56.25	0.00	0.02	3.59	84.42	88.74	0.00	40	0	42	0.00	0.00	64.93	7.76	0.00	0.00	2000
227	11.79	2011	2013	0.00	198	0	0	0	nan	0.00	0.00	4.29	80.26	88.21	0.00	39	0	42	0.00	0.00	59.53	7.22	0.00	0.00	2000
230	10.89	2013	2204	0.00	213	0	0	0	nan	0.00	0.00	3.72	89.94	89.11	0.00	40	0	42	0.00	0.00	70.05	8.41	0.00	0.00	2000
229	11.23	2025	2110	0.00	194	0	0	0	nan	0.00	0.00	3.67	85.65	88.77	0.00	39	0	42	0.00	0.00	61.97	7.72	0.00	0.00	2000
227	11.19	2044	2086	0.00	195	0	0	0	nan	0.00	0.00	2.90	85.41	88.81	0.00	40	0	42	0.00	0.00	67.09	7.65	0.00	0.00	2000
228	11.03	2077	2089	0.00	194	0	0	0	nan	0.00	0.00	3.77	84.77	88.97	0.00	40	0	42	0.00	0.00	65.54	7.99	0.00	0.00	2000
229	10.91	2121	2079	0.00	197	0	0	0	nan	0.00	0.00	4.65	83.51	89.09	0.00	39	0	42	0.00	0.00	65.06	7.90	0.00	0.00	2000
229	10.87	2075	2135	0.00	196	0	0	0	nan	0.00	0.00	4.35	86.31	89.13	0.00	40	0	42	0.00	0.00	65.15	7.79	0.00	0.00	2000
228	10.95	2112	2069	0.00	197	0	0	0	nan	0.00	0.00	3.75	83.98	89.05	0.00	40	0	42	0.00	0.00	65.24	7.66	0.00	0.00	2000
229	10.96	2050	2141	0.00	196	0	0	0	nan	0.00	0.00	4.12	86.72	89.04	0.00	40	0	42	0.00	0.00	64.72	7.79	0.00	0.00	2000
227	10.94	2120	2056	0.00	195	0	0	0	nan	0.00	0.00	2.85	84.44	89.06	0.00	40	0	42	0.00	0.00	64.78	7.87	0.00	0.00	2000
233	10.86	2117	2125	0.00	196	0	0	0	nan	0.00	0.00	3.82	86.43	89.14	0.00	39	0	42	0.00	0.00	64.77	7.98	0.00	0.00	2000
227	10.91	2086	2096	0.00	194	0	0	0	nan	0.00	0.00	3.49	85.52	89.09	0.00	39	0	42	0.00	0.00	64.83	7.85	0.00	0.00	2000
229	11.43	2006	2094	0.00	194	0	0	0	nan	0.00	0.00	4.17	84.20	88.57	0.00	40	0	42	0.00	0.00	64.43	7.72	0.00	0.00	2000
227	10.95	2068	2105	0.00	195	0	0	0	nan	0.00	0.00	4.30	85.08	89.05	0.00	39	0	42	0.00	0.00	64.72	7.92	0.00	0.00	2000
228	10.87	2085	2115	0.00	195	0	0	0	nan	0.00	0.00	4.25	85.47	89.13	0.00	40	0	42	0.00	0.00	65.17	7.82	0.00	0.00	2000
226	10.92	2083	2089	0.48	194	0	0	9	22.29	0.00	0.00	3.52	85.09	89.08	0.00	39	0	43	0.00	0.00	65.13	7.96	0.00	0.00	2000
232	11.37	2020	2120	1.23	196	0	0	4	45.85	0.00	0.01	4.25	85.26	88.63	0.00	40	0	42	0.00	0.00	64.81	7.78	0.00	0.00	2000
228	11.08	2066	2089	0.00	196	0	0	0	nan	0.00	0.02	2.77	85.82	88.92	0.00	39	0	42	0.00	0.00	64.65	8.00	0.00	0.00	2000
229	11.07	2081	2087	0.00	195	0	0	0	nan	0.00	0.00	3.54	84.88	88.93	0.00	39	0	42	0.00	0.00	65.09	7.69	0.00	0.00	2000
227	11.11	2054	2087	0.00	196	0	0	0	nan	0.00	0.02	3.91	84.47	88.89	0.00	40	0	42	0.00	0.00	64.38	7.97	0.00	0.00	2000
230	10.95	2094	2107	0.00	195	0	0	0	nan	0.00	0.00	4.49	84.90	89.05	0.00	40	0	42	0.00	0.00	64.73	7.92	0.00	0.00	2000
230	11.23	2052	2091	0.00	200	0	0	0	nan	0.00	0.00	5.88	82.58	88.77	0.00	40	0	42	0.00	0.00	65.16	7.91	0.00	0.00	2000
230	10.78	2117	2116	0.00	196	0	0	0	nan	0.00	0.00	3.78	86.13	89.22	0.00	40	0	42	0.00	0.00	65.48	7.92	0.00	0.00	2000
227	11.01	2081	2085	0.00	195	0	0	0	nan	0.00	0.00	3.94	84.53	88.99	0.00	40	0	42	0.00	0.00	64.71	7.98	0.00	0.00	2000
230	11.20	2039	2114	0.00	194	0	0	0	nan	0.00	0.00	4.50	84.95	88.80	0.00	40	0	42	0.00	0.00	65.29	7.87	0.00	0.00	2000
227	10.90	2091	2094	0.00	195	0	0	0	nan	0.00	0.00	3.99	84.84	89.10	0.00	40	0	42	0.00	0.00	65.19	7.82	0.00	0.00	2000
230	11.18	2055	2101	0.00	196	0	0	0	nan	0.00	0.00	5.04	83.91	88.82	0.00	40	0	42	0.00	0.00	65.00	7.87	0.00	0.00	2000
227	10.91	2054	2128	0.00	195	0	0	0	nan	0.00	0.00	4.53	85.88	89.09	0.00	40	0	42	0.00	0.00	65.67	8.08	0.00	0.00	2000
228	11.16	2085	2059	0.00	195	0	0	0	nan	0.00	0.02	3.63	83.56	88.84	0.00	40	0	42	0.00	0.00	61.41	7.38	0.00	0.00	2000
232	11.05	2086	2116	0.00	194	0	0	0	nan	0.00	0.00	4.51	85.20	88.95	0.00	39	0	42	0.00	0.00	67.37	8.03	0.00	0.00	2000
230	11.15	2058	2101	0.00	211	0	0	0	nan	0.00	0.00	5.24	83.77	88.85	0.00	40	0	42	0.00	0.00	65.14	7.85	0.00	0.00	2000
228	10.99	2095	2082	0.00	196	0	0	0	nan	0.00	0.00	4.42	83.94	89.01	0.00	40	0	42	0.00	0.00	62.24	7.55	0.00	0.00	2000
231	11.09	2047	2138	0.00	196	0	0	7	30.17	0.00	0.00	4.30	86.27	88.91	0.00	40	0	42	0.00	0.00	67.99	8.13	0.00	0.00	2000
228	11.15	2065	2082	1.60	196	0	0	7	30.95	0.00	0.00	3.13	84.95	88.85	0.00	40	0	43	0.00	0.00	65.17	7.71	0.00	0.00	2000
230	11.29	2030	2105	0.00	194	0	0	0	nan	0.00	0.00	3.93	85.09	88.71	0.00	39	0	42	0.00	0.00	64.81	7.85	0.00	0.00	2000
227	11.01	2083	2082	0.00	196	0	0	0	nan	0.00	0.00	3.82	84.45	88.99	0.00	40	0	42	0.00	0.00	64.61	7.78	0.00	0.00	2000
227	11.22	2094	2031	0.00	194	0	0	0	nan	0.00	0.00	4.21	81.62	88.78	0.00	39	0	42	0.00	0.00	59.95	7.23	0.00	0.00	2000
231	10.82	2061	2175	0.00	214	0	0	0	nan	0.00	0.02	3.07	89.28	89.18	0.00	40	0	42	0.00	0.00	64.61	7.88	0.00	0.00	2000
230	10.74	2133	2108	0.00	195	0	0	0	nan	0.00	0.00	3.72	85.78	89.26	0.00	40	0	42	0.00	0.00	68.11	8.14	0.00	0.00	2000
228	10.84	2107	2092	0.00	195	0	0	0	nan	0.00	0.00	4.31	84.62	89.16	0.00	40	0	42	0.00	0.00	61.76	7.41	0.00	0.00	2000
228	10.74	2087	2137	0.00	194	0	0	0	nan	0.00	0.00	4.01	86.78	89.26	0.00	40	0	42	0.00	0.00	70.59	8.51	0.00	0.00	2000
237	11.38	2121	2058	0.00	203	0	0	0	nan	0.00	0.02	5.99	80.87	88.62	0.00	39	0	42	0.00	0.00	59.88	7.23	0.00	0.00	2000
230	11.23	2024	2123	0.00	196	0	0	0	nan	0.00	0.00	5.03	84.81	88.77	0.00	39	0	42	0.00	0.00	70.45	8.73	0.00	0.00	2000
228	10.86	2088	2107	0.00	196	0	0	0	nan	0.00	0.00	4.23	85.26	89.14	0.00	40	0	42	0.00	0.00	62.17	7.47	0.00	0.00	2000
229	11.18	2042	2106	0.00	197	0	0	0	nan	0.00	0.00	3.77	85.24	88.82	0.00	39	0	42	0.00	0.00	67.88	8.36	0.00	0.00	2000
227	11.16	2064	2075	0.00	197	0	0	0	nan	0.00	0.00	3.62	84.19	88.84	0.00	40	0	42	0.00	0.00	59.73	7.01	0.00	0.00	2000
231	11.19	2030	2133	0.00	194	0	0	0	nan	0.00	0.00	4.23	86.08	88.81	0.00	40	0	42	0.00	0.00	70.54	8.42	0.00	0.00	2000
228	11.02	2086	2079	0.00	197	0	0	0	nan	0.00	0.00	3.56	84.54	88.98	0.00	40	0	42	0.00	0.00	62.61	7.60	0.00	0.00	2000
229	10.89	2109	2094	0.00	195	0	0	0	nan	0.00	0.00	4.03	84.79	89.11	0.00	40	0	42	0.00	0.00	62.72	7.67	0.00	0.00	2000
228	10.91	2097	2089	0.00	196	0	0	5	24.44	0.00	0.00	4.52	84.20	89.09	0.00	40	0	42	0.00	0.00	64.95	7.72	0.00	0.00	2000
229	10.99	2078	2108	1.58	195	0	0	8	28.88	0.00	0.00	4.46	84.94	89.01	0.00	40	0	42	0.00	0.00	64.99	7.88	0.00	0.00	2000
228	11.04	2065	2097	0.00	195	0	0	0	nan	0.00	0.00	4.46	84.45	88.96	0.00	40	0	42	0.00	0.00	64.85	7.83	0.00	0.00	2000
230	10.83	2098	2131	0.00	195	0	0	0	nan	0.00	0.00	4.61	85.93	89.17	0.00	39	0	42	0.00	0.00	67.79	8.11	0.00	0.00	2000
228	11.09	2074	2078	0.00	197	0	0	0	nan	0.00	0.03	3.57	84.42	88.91	0.00	40	0	42	0.00	0.00	62.57	7.39	0.00	0.00	2000
229	11.40	2019	2092	0.00	195	0	0	0	nan	0.00	0.00	4.19	84.18	88.60	0.00	40	0	42	0.00	0.00	64.76	7.80	0.00	0.00	2000
227	10.96	2064	2108	0.00	196	0	0	0	nan	0.00	0.00	3.92	85.53	89.04	0.00	40	0	42	0.00	0.00	64.91	7.92	0.00	0.00	2000
229	11.15	2064	2091	0.00	195	0	0	0	nan	0.00	0.00	3.90	84.69	88.85	0.00	39	0	42	0.00	0.00	65.13	7.87	0.00	0.00	2000
230	11.07	2073	2104	0.00	198	0	0	0	nan	0.00	0.00	4.42	84.73	88.93	0.00	39	0	42	0.00	0.00	65.20	7.88	0.00	0.00	2000
229	10.98	2074	2112	0.00	193	0	0	0	nan	0.00	0.00	4.10	85.48	89.02	0.00	39	0	42	0.00	0.00	64.80	7.96	0.00	0.00	2000
227	11.04	2081	2079	0.00	195	0	0	0	nan	0.00	0.00	3.98	84.10	88.96	0.00	39	0	42	0.00	0.00	64.60	7.69	0.00	0.00	2000
230	10.79	2107	2122	0.00	194	0	0	0	nan	0.00	0.00	4.48	85.63	89.21	0.00	40	0	42	0.00	0.00	65.83	7.78	0.00	0.00	2000
227	10.73	2143	2070	0.00	196	0	0	0	nan	0.00	0.00	4.50	83.51	89.27	0.00	40	0	42	0.00	0.00	64.52	7.82	0.00	0.00	2000
233	11.01	2098	2120	0.00	199	0	0	0	nan	0.00	0.00	5.48	84.42	88.99	0.00	40	0	42	0.00	0.00	65.20	7.69	0.00	0.00	2000
227	11.17	2048	2087	0.00	195	0	0	0	nan	0.00	0.00	4.36	84.08	88.83	0.00	40	0	42	0.00	0.00	64.24	7.90	0.00	0.00	2000
229	10.89	2097	2107	0.00	194	0	0	0	nan	0.00	0.00	3.98	85.40	89.11	0.00	40	0	42	0.00	0.00	64.83	7.72	0.00	0.00	2000
227	10.83	2098	2099	0.00	196	0	0	0	nan	0.00	0.00	4.31	84.90	89.17	0.00	39	0	42	0.00	0.00	65.05	7.93	0.00	0.00	2000
230	10.91	2104	2101	0.00	196	0	0	2	37.56	0.00	0.00	4.32	84.83	89.09	0.00	40	0	42	0.00	0.00	64.67	7.94	0.00	0.00	2000
229	11.18	2020	2131	1.64	197	0	0	11	23.83	0.00	0.00	4.68	85.50	88.82	0.00	40	0	42	0.00	0.00	67.71	8.11	0.00	0.00	2000
229	10.81	2149	2072	0.00	195	0	0	0	nan	0.00	0.00	3.30	84.57	89.19	0.00	40	0	42	0.00	0.00	62.06	7.38	0.00	0.00	2000
228	11.00	2071	2099	0.00	196	0	0	0	nan	0.00	0.00	4.52	84.47	89.00	0.00	40	0	42	0.00	0.00	65.29	7.75	0.00	0.00	2000
229	11.45	2006	2098	0.00	195	0	0	0	nan	0.00	0.00	5.05	83.60	88.55	0.00	40	0	42	0.00	0.00	64.22	7.72	0.00	0.00	2000
228	10.86	2082	2119	0.00	196	0	0	0	nan	0.00	0.00	4.27	85.69	89.14	0.00	40	0	42	0.00	0.00	65.02	7.69	0.00	0.00	2000
229	11.28	2043	2088	0.00	195	0	0	0	nan	0.00	0.00	3.68	84.68	88.72	0.00	40	0	42	0.00	0.00	64.71	7.56	0.00	0.00	2000
229	11.34	2002	2115	0.00	196	0	0	0	nan	0.00	0.00	4.30	85.06	88.66	0.00	40	0	42	0.00	0.00	64.90	7.64	0.00	0.00	2000
228	11.28	2029	2094	0.00	196	0	0	0	nan	0.00	0.00	3.64	84.94	88.72	0.00	40	0	42	0.00	0.00	64.84	7.72	0.00	0.00	2000
227	10.94	2098	2074	0.00	195	0	0	0	nan	0.00	0.00	4.11	84.00	89.06	0.00	40	0	42	0.00	0.00	64.93	7.66	0.00	0.00	2000
228	11.10	2028	2129	0.00	195	0	0	0	nan	0.00	0.00	3.75	86.56	88.90	0.00	40	0	42	0.00	0.00	64.18	7.60	0.00	0.00	2000
242	12.11	2026	2070	0.00	196	0	0	0	nan	0.04	0.00	3.92	82.75	87.89	0.00	40	0	42	0.00	0.00	65.14	7.80	0.00	0.00	2000
231	10.64	2136	2139	0.00	196	0	0	0	nan	0.00	0.00	4.71	86.39	89.36	0.00	40	0	42	0.00	0.00	65.40	7.62	0.00	0.00	2000
227	11.21	2066	2060	0.00	196	0	0	0	nan	0.00	0.00	3.02	84.18	88.79	0.00	40	0	42	0.00	0.00	64.81	7.64	0.00	0.00	2000
230	10.54	2142	2137	0.00	195	0	0	0	nan	0.00	0.00	3.84	87.19	89.46	0.00	40	0	42	0.00	0.00	65.16	7.68	0.00	0.00	2000
227	11.14	2028	2109	0.00	196	0	0	0	nan	0.00	0.00	3.61	85.68	88.86	0.00	40	0	42	0.00	0.00	66.24	7.84	0.00	0.00	2000
229	11.52	2045	2042	0.00	199	0	0	0	nan	0.00	0.02	5.52	80.60	88.48	0.00	40	0	42	0.00	0.00	63.78	7.70	0.00	0.00	2000
231	11.28	2008	2140	0.00	196	0	0	0	nan	0.00	0.02	4.93	85.67	88.72	0.00	40	0	42	0.00	0.00	64.87	7.95	0.00	0.00	2000
229	11.24	2034	2102	1.47	195	0	0	11	14.71	0.00	0.00	3.86	85.14	88.76	0.00	40	0	42	0.00	0.00	64.91	7.91	0.00	0.00	2000
227	10.94	2087	2084	0.24	195	0	0	0	nan	0.00	0.00	3.80	84.60	89.06	0.00	40	0	42	0.00	0.00	65.22	7.67	0.00	0.00	2000
230	10.93	2078	2126	0.00	194	0	0	0	nan	0.00	0.00	4.58	85.70	89.07	0.00	40	0	42	0.00	0.00	64.66	7.75	0.00	0.00	2000
227	11.16	2038	2095	0.00	196	0	0	0	nan	0.00	0.00	3.31	85.31	88.84	0.00	40	0	42	0.00	0.00	65.10	7.91	0.00	0.00	2000
230	11.30	2063	2074	0.00	195	0	0	0	nan	0.00	0.00	3.74	83.87	88.70	0.00	40	0	42	0.00	0.00	65.28	7.81	0.00	0.00	2000
228	10.92	2086	2098	0.00	194	0	0	0	nan	0.00	0.00	4.38	84.73	89.08	0.00	40	0	42	0.00	0.00	64.38	7.76	0.00	0.00	2000
230	10.89	2095	2115	0.00	195	0	0	0	nan	0.00	0.00	4.42	85.42	89.11	0.00	40	0	42	0.00	0.00	65.70	8.01	0.00	0.00	2000
227	11.16	2049	2080	0.00	197	0	0	0	nan	0.00	0.00	3.97	84.18	88.84	0.00	40	0	42	0.00	0.00	64.38	7.88	0.00	0.00	2000
229	10.93	2049	2148	0.00	195	0	0	0	nan	0.00	0.00	3.91	87.21	89.07	0.00	40	0	42	0.00	0.00	66.55	8.10	0.00	0.00	2000
226	11.21	2081	2030	0.00	196	0	0	0	nan	0.00	0.00	3.44	82.51	88.79	0.00	40	0	42	0.00	0.00	63.15	7.79	0.00	0.00	2000
231	10.97	2051	2157	0.00	195	0	0	0	nan	0.00	0.02	2.80	88.67	89.03	0.00	40	0	42	0.00	0.00	64.77	7.77	0.00	0.00	2000
228	11.13	2073	2072	0.00	196	0	0	0	nan	0.00	0.00	3.72	84.05	88.87	0.00	40	0	42	0.00	0.00	64.94	7.75	0.00	0.00	2000
229	11.06	2053	2117	0.00	195	0	0	0	nan	0.00	0.00	4.14	85.61	88.94	0.00	40	0	42	0.00	0.00	64.74	7.80	0.00	0.00	2000
228	11.00	2080	2091	0.00	195	0	0	0	nan	0.00	0.00	4.15	84.53	89.00	0.00	40	0	42	0.00	0.00	65.14	7.83	0.00	0.00	2000
228	11.12	2053	2102	0.00	195	0	0	0	nan	0.00	0.00	4.61	84.42	88.88	0.00	40	0	42	0.00	0.00	65.61	7.72	0.00	0.00	2000
230	11.02	2074	2114	0.00	197	0	0	0	nan	0.00	0.00	4.55	85.11	88.98	0.00	40	0	42	0.00	0.00	64.92	7.72	0.00	0.00	2000
228	11.07	2051	2114	0.00	195	0	0	0	nan	0.00	0.00	4.22	85.28	88.93	0.00	40	0	42	0.00	0.00	65.27	7.82	0.00	0.00	2000
227	11.12	2076	2061	1.08	195	0	0	11	20.30	0.00	0.00	3.15	84.19	88.88	0.00	39	0	42	0.00	0.00	64.23	7.91	0.00	0.00	2000
229	10.73	2122	2115	0.64	195	0	0	0	nan	0.00	0.00	4.32	85.59	89.27	0.00	40	0	42	0.00	0.00	65.46	7.71	0.00	0.00	2000
229	10.90	2109	2092	0.00	199	0	0	0	nan	0.00	0.00	4.66	84.12	89.10	0.00	40	0	42	0.00	0.00	65.18	7.84	0.00	0.00	2000
236	11.49	2033	2118	0.00	198	0	0	0	nan	0.00	0.00	5.00	84.35	88.51	0.00	39	0	42	0.00	0.00	65.39	7.80	0.00	0.00	2000
228	10.93	2112	2072	0.00	196	0	0	0	nan	0.00	0.00	3.53	84.39	89.07	0.00	40	0	42	0.00	0.00	64.93	7.77	0.00	0.00	2000
230	11.12	2052	2115	0.00	194	0	0	0	nan	0.00	0.00	3.81	85.77	88.88	0.00	39	0	42	0.00	0.00	65.44	7.82	0.00	0.00	2000
227	10.89	2104	2084	0.00	197	0	0	0	nan	0.00	0.00	4.69	83.79	89.11	0.00	40	0	42	0.00	0.00	64.71	7.69	0.00	0.00	2000
229	11.05	2050	2123	0.00	194	0	0	0	nan	0.00	0.00	4.10	85.97	88.95	0.00	40	0	42	0.00	0.00	64.66	7.73	0.00	0.00	2000
229	11.21	2066	2076	0.00	196	0	0	0	nan	0.00	0.00	4.44	83.44	88.79	0.00	40	0	42	0.00	0.00	65.28	7.79	0.00	0.00	2000
229	11.10	2040	2124	0.00	195	0	0	0	nan	0.00	0.00	3.78	86.21	88.90	0.00	40	0	42	0.00	0.00	64.99	7.59	0.00	0.00	2000
226	11.23	2028	2082	0.00	195	0	0	0	nan	0.00	0.00	4.01	84.03	88.77	0.00	39	0	42	0.00	0.00	64.42	7.77	0.00	0.00	2000
229	11.16	2048	2108	0.00	196	0	0	0	nan	0.00	0.00	4.33	84.90	88.84	0.00	40	0	42	0.00	0.00	64.60	7.62	0.00	0.00	2000
229	10.86	2121	2088	0.00	209	0	0	0	nan	0.00	0.02	5.95	82.71	89.14	0.00	40	0	42	0.00	0.00	65.06	7.75	0.00	0.00	2000
231	11.03	2053	2137	0.00	196	0	0	0	nan	0.00	0.00	4.52	86.10	88.97	0.00	40	0	42	0.00	0.00	64.91	8.00	0.00	0.00	2000
227	10.90	2121	2064	0.00	195	0	0	0	nan	0.00	0.00	3.17	84.43	89.10	0.00	39	0	42	0.00	0.00	62.22	7.62	0.00	0.00	2000
231	11.11	2034	2142	0.00	196	0	0	0	nan	0.00	0.00	4.33	86.45	88.89	0.00	40	0	42	0.00	0.00	67.34	8.10	0.00	0.00	2000
227	11.02	2103	2058	0.00	195	0	0	0	nan	0.00	0.02	2.42	84.92	88.98	0.00	40	0	42	0.00	0.00	64.91	7.79	0.00	0.00	2000
228	10.94	2052	2135	0.67	194	0	0	10	17.86	0.00	0.00	3.76	86.86	89.06	0.00	40	0	42	0.00	0.00	65.00	7.82	0.00	0.00	2000
227	11.29	2049	2063	1.04	196	0	0	3	55.04	0.00	0.00	3.39	83.85	88.71	0.00	40	0	42	0.00	0.00	62.55	7.38	0.00	0.00	2000
232	10.95	2091	2130	0.00	196	0	0	0	nan	0.00	0.00	5.13	85.21	89.05	0.00	40	0	42	0.00	0.00	67.32	7.99	0.00	0.00	2000
227	11.08	2050	2102	0.00	195	0	0	0	nan	0.00	0.00	3.97	85.12	88.92	0.00	40	0	42	0.00	0.00	64.95	7.88	0.00	0.00	2000
229	11.05	2062	2111	0.00	195	0	0	0	nan	0.00	0.00	3.72	85.67	88.95	0.00	40	0	42	0.00	0.00	65.01	7.80	0.00	0.00	2000
229	10.85	2152	2056	0.00	198	0	0	0	nan	0.00	0.00	4.60	82.71	89.15	0.00	40	0	42	0.00	0.00	62.32	7.41	0.00	0.00	2000
235	11.03	2115	2120	0.00	197	0	0	0	nan	0.00	0.00	5.24	84.60	88.97	0.00	40	0	42	0.00	0.00	67.68	8.31	0.00	0.00	2000
230	10.67	2156	2101	0.00	197	0	0	0	nan	0.00	0.00	4.81	84.50	89.33	0.00	40	0	42	0.00	0.00	63.52	7.62	0.00	0.00	2000
229	11.01	2074	2107	0.00	195	0	0	0	nan	0.00	0.00	3.63	85.64	88.99	0.00	40	0	42	0.00	0.00	66.94	8.10	0.00	0.00	2000
228	10.93	2104	2080	0.00	195	0	0	0	nan	0.00	0.00	3.64	84.55	89.07	0.00	40	0	42	0.00	0.00	62.13	7.53	0.00	0.00	2000
230	10.95	2087	2109	0.00	196	0	0	0	nan	0.00	0.00	4.50	85.04	89.05	0.00	40	0	42	0.00	0.00	64.76	7.78	0.00	0.00	2000
228	10.89	2088	2103	0.00	196	0	0	0	nan	0.00	0.00	4.20	85.13	89.11	0.00	40	0	42	0.00	0.00	67.84	8.15	0.00	0.00	2000
231	11.27	2036	2111	0.00	194	0	0	0	nan	0.00	0.00	4.74	84.54	88.73	0.00	40	0	43	0.00	0.00	65.30	7.93	0.00	0.00	2000
227	11.11	2042	2103	0.00	196	0	0	0	nan	0.00	0.00	3.88	85.19	88.89	0.00	40	0	42	0.00	0.00	64.71	7.89	0.00	0.00	2000
230	11.06	2073	2105	0.00	195	0	0	0	nan	0.00	0.00	3.82	85.45	88.94	0.00	40	0	42	0.00	0.00	65.16	7.86	0.00	0.00	2000
228	10.90	2126	2068	0.00	195	0	0	0	nan	0.00	0.00	3.51	84.27	89.10	0.00	40	0	42	0.00	0.00	59.62	7.22	0.00	0.00	2000
229	10.87	2076	2134	0.00	195	0	0	0	nan	0.00	0.00	4.17	86.44	89.13	0.00	40	0	42	0.00	0.00	70.62	8.45	0.00	0.00	2000
228	10.96	2118	2061	0.22	196	0	0	7	19.92	0.00	0.00	3.77	83.66	89.04	0.00	40	0	42	0.00	0.00	59.07	7.16	0.00	0.00	2000
229	10.74	2093	2139	1.43	194	0	0	5	32.45	0.00	0.00	3.51	87.53	89.26	0.00	39	0	42	0.00	0.00	68.06	8.17	0.00	0.00	2000
227	10.84	2109	2088	0.00	197	0	0	0	nan	0.00	0.02	3.29	85.27	89.16	0.00	40	0	42	0.00	0.00	64.85	7.94	0.00	0.00	2000
229	11.08	2058	2106	0.00	195	0	0	0	nan	0.00	0.00	3.87	85.25	88.92	0.00	40	0	42	0.00	0.00	65.00	7.87	0.00	0.00	2000
228	10.88	2124	2071	0.00	196	0	0	0	nan	0.00	0.00	2.96	85.02	89.12	0.00	40	0	42	0.00	0.00	62.28	7.59	0.00	0.00	2000
232	11.09	2054	2138	0.00	195	0	0	0	nan	0.00	0.00	3.75	86.80	88.91	0.00	40	0	42	0.00	0.00	70.56	8.40	0.00	0.00	2000
228	11.19	2056	2079	0.00	195	0	0	0	nan	0.00	0.00	3.43	84.59	88.81	0.00	39	0	42	0.00	0.00	63.02	7.59	0.00	0.00	2000
229	11.08	2042	2121	0.00	195	0	0	0	nan	0.00	0.00	4.09	85.72	88.92	0.00	40	0	42	0.00	0.00	64.88	8.10	0.00	0.00	2000
229	11.13	2093	2061	0.00	198	0	0	0	nan	0.00	0.00	3.94	83.32	88.87	0.00	40	0	42	0.00	0.00	61.74	7.60	0.00	0.00	2000
230	11.10	2032	2138	0.00	195	0	0	0	nan	0.00	0.00	4.59	86.03	88.90	0.00	40	0	42	0.00	0.00	67.54	8.29	0.00	0.00	2000
227	10.97	2113	2057	0.00	196	0	0	0	nan	0.00	0.02	3.26	83.95	89.03	0.00	40	0	42	0.00	0.00	62.20	7.51	0.00	0.00	2000
231	10.77	2115	2133	0.00	195	0	0	0	nan	0.00	0.00	4.56	86.06	89.23	0.00	40	0	42	0.00	0.00	68.54	8.22	0.00	0.00	2000
228	10.77	2142	2072	0.00	195	0	0	0	nan	0.00	0.00	3.77	84.36	89.23	0.00	40	0	42	0.00	0.00	61.45	7.53	0.00	0.00	2000
228	11.00	2036	2140	0.00	194	0	0	0	nan	0.00	0.00	4.01	86.79	89.00	0.00	40	0	42	0.00	0.00	67.53	8.18	0.00	0.00	2000
227	10.82	2112	2090	0.00	197	0	0	0	nan	0.00	0.02	3.09	85.58	89.18	0.00	40	0	42	0.00	0.00	65.34	7.70	0.00	0.00	2000
230	10.97	2103	2093	0.00	195	0	0	0	nan	0.00	0.00	3.52	85.14	89.03	0.00	40	0	42	0.00	0.00	65.34	7.79	0.00	0.00	2000
229	11.32	2028	2098	0.00	197	0	0	0	nan	0.00	0.00	3.92	84.71	88.68	0.00	39	0	42	0.00	0.00	64.99	7.97	0.00	0.00	2000
229	11.05	2066	2107	0.00	195	0	0	5	27.28	0.00	0.00	3.60	85.70	88.95	0.00	40	0	42	0.00	0.00	65.29	7.78	0.00	0.00	2000
228	10.85	2096	2104	1.62	195	0	0	8	25.88	0.00	0.00	3.49	85.87	89.15	0.00	40	0	42	0.00	0.00	62.41	7.69	0.00	0.00	2000
228	11.39	2044	2057	0.00	195	0	0	0	nan	0.00	0.00	3.42	83.52	88.61	0.00	40	0	42	0.00	0.00	63.95	7.27	0.00	0.00	2000
228	10.73	2111	2113	0.00	194	0	0	0	nan	0.00	0.00	3.32	86.42	89.27	0.00	40	0	42	0.00	0.00	64.71	7.47	0.00	0.00	2000
232	11.15	2068	2110	0.00	195	0	0	0	nan	0.00	0.00	4.82	84.55	88.85	0.00	40	0	42	0.00	0.00	65.10	7.66	0.00	0.00	2000
230	10.88	2123	2087	0.00	196	0	0	0	nan	0.00	0.00	4.67	83.94	89.12	0.00	40	0	42	0.00	0.00	64.86	7.78	0.00	0.00	2000
229	11.14	2016	2140	0.00	194	0	0	0	nan	0.00	0.00	4.09	86.55	88.86	0.00	40	0	42	0.00	0.00	67.65	8.02	0.00	0.00	2000
227	11.12	2076	2064	0.00	195	0	0	0	nan	0.00	0.00	3.23	84.26	88.88	0.00	40	0	42	0.00	0.00	61.71	7.42	0.00	0.00	2000
228	11.22	1992	2137	0.00	194	0	0	0	nan	0.00	0.04	3.58	86.96	88.78	0.00	40	0	42	0.00	0.00	67.75	8.01	0.00	0.00	2000
229	11.04	2107	2071	0.00	196	0	0	0	nan	0.00	0.00	3.66	84.12	88.96	0.00	40	0	42	0.00	0.00	61.90	7.46	0.00	0.00	2000
228	11.29	2012	2108	0.00	196	0	0	0	nan	0.00	0.00	3.56	85.65	88.71	0.00	39	0	42	0.00	0.00	64.93	7.89	0.00	0.00	2000
251	11.83	2117	2105	0.00	195	0	0	0	nan	0.00	0.00	4.15	84.34	88.17	0.00	40	0	42	0.00	0.00	65.01	7.88	0.00	0.00	2000
230	11.21	2064	2092	0.00	196	0	0	0	nan	0.00	0.00	4.43	84.07	88.79	0.00	40	0	42	0.00	0.00	65.20	7.77	0.00	0.00	2000
227	10.99	2074	2095	0.00	198	0	0	0	nan	0.00	0.00	4.04	84.90	89.01	0.00	40	0	42	0.00	0.00	64.85	7.86	0.00	0.00	2000
227	11.60	2037	2020	0.00	199	0	0	0	nan	0.00	0.00	4.83	80.36	88.40	0.00	40	0	42	0.00	0.00	62.18	7.57	0.00	0.00	2000
231	10.49	2099	2206	0.00	213	0	0	0	nan	0.00	0.00	3.34	90.76	89.51	0.00	40	0	42	0.00	0.00	67.70	8.39	0.00	0.00	2000
229	11.27	2031	2097	0.00	194	0	0	0	nan	0.01	0.00	3.15	85.62	88.73	0.00	40	0	42	0.00	0.00	64.66	8.02	0.00	0.00	2000
226	11.02	2080	2074	0.00	194	0	0	4	31.44	0.00	0.00	3.66	84.15	88.98	0.00	40	0	42	0.00	0.00	64.51	7.87	0.00	0.00	2000
230	10.91	2087	2119	1.58	195	0	0	9	25.37	0.00	0.00	4.89	84.99	89.09	0.00	40	0	42	0.00	0.00	65.43	7.93	0.00	0.00	2000
229	11.23	2056	2081	0.00	196	0	0	0	nan	0.00	0.00	4.35	83.74	88.77	0.00	40	0	42	0.00	0.00	64.47	7.93	0.00	0.00	2000
229	10.83	2102	2110	0.00	194	0	0	0	nan	0.00	0.00	4.06	85.58	89.17	0.00	40	0	42	0.00	0.00	65.00	7.77	0.00	0.00	2000
228	11.13	2034	2114	0.00	196	0	0	0	nan	0.00	0.00	4.51	85.07	88.87	0.00	40	0	42	0.00	0.00	64.61	7.84	0.00	0.00	2000
230	11.14	2069	2091	0.00	195	0	0	0	nan	0.00	0.00	3.58	84.93	88.86	0.00	40	0	42	0.00	0.00	65.26	7.97	0.00	0.00	2000
226	11.06	2052	2094	0.00	195	0	0	0	nan	0.00	0.00	4.06	84.76	88.94	0.00	40	0	42	0.00	0.00	64.66	7.91	0.00	0.00	2000
230	11.30	2018	2121	0.00	196	0	0	0	nan	0.00	0.00	4.78	84.88	88.70	0.00	40	0	42	0.00	0.00	65.27	7.86	0.00	0.00	2000
228	11.12	2049	2100	0.00	197	0	0	0	nan	0.00	0.00	4.02	84.90	88.88	0.00	40	0	43	0.00	0.00	64.82	7.86	0.00	0.00	2000
229	11.03	2069	2106	0.00	195	0	0	0	nan	0.00	0.00	4.08	85.14	88.97	0.00	40	0	42	0.00	0.00	65.09	7.85	0.00	0.00	2000
227	10.86	2087	2103	0.00	196	0	0	0	nan	0.00	0.00	3.48	85.84	89.14	0.00	40	0	42	0.00	0.00	67.07	7.85	0.00	0.00	2000
228	11.29	2057	2066	0.00	195	0	0	0	nan	0.00	0.00	3.24	84.09	88.71	0.00	40	0	42	0.00	0.00	63.11	7.57	0.00	0.00	2000
227	10.78	2106	2096	0.00	194	0	0	0	nan	0.00	0.00	4.01	85.09	89.22	0.00	40	0	42	0.00	0.00	65.21	7.88	0.00	0.00	2000
231	11.01	2073	2126	0.00	197	0	0	0	nan	0.00	0.00	4.98	85.22	88.99	0.00	39	0	42	0.00	0.00	65.99	7.91	0.00	0.00	2000
229	11.27	2040	2089	0.00	195	0	0	0	nan	0.00	0.00	3.55	84.85	88.73	0.00	39	0	42	0.00	0.00	62.81	7.53	0.00	0.00	2000
229	11.20	2048	2098	0.00	199	0	0	0	nan	0.00	0.00	5.65	83.20	88.80	0.00	39	0	42	0.00	0.00	65.12	7.43	0.00	0.00	2000
230	11.17	2028	2128	0.00	197	0	0	0	nan	0.00	0.00	4.13	85.98	88.83	0.00	39	0	42	0.00	0.00	66.79	8.45	0.00	0.00	2000
231	11.01	2090	2106	0.00	195	0	0	0	nan	0.00	0.00	3.16	86.18	88.99	0.00	38	0	42	0.00	0.00	66.63	8.17	0.00	0.00	2000
232	11.06	2101	2097	0.81	198	0	0	5	33.44	0.00	0.00	2.75	86.17	88.94	0.00	38	0	42	0.00	0.00	60.85	7.01	0.00	0.00	2000
230	11.23	2061	2083	0.18	193	0	0	0	nan	0.00	0.00	3.29	84.88	88.77	0.00	39	0	42	0.00	0.00	66.74	8.60	0.00	0.00	2000
229	11.36	2037	2082	0.00	179	0	0	0	nan	0.00	0.00	4.06	83.92	88.64	0.00	39	0	42	0.00	0.00	66.54	8.93	0.00	0.00	2000
230	11.02	2060	2128	0.00	195	0	0	0	nan	0.00	0.00	4.50	85.76	88.98	0.00	39	0	42	0.00	0.00	66.12	8.69	0.00	0.00	2000
228	11.24	2062	2066	0.00	196	0	0	0	nan	0.00	0.00	3.74	83.68	88.76	0.00	39	0	42	0.00	0.00	65.89	8.56	0.00	0.00	2000
230	11.01	2065	2121	0.00	194	0	0	0	nan	0.00	0.00	4.30	85.64	88.99	0.00	39	0	42	0.00	0.00	66.69	8.77	0.00	0.00	2000
229	11.05	2083	2092	0.00	196	0	0	0	nan	0.00	0.00	4.25	84.48	88.95	0.00	39	0	42	0.00	0.00	66.38	8.81	0.00	0.00	2000
229	11.15	2033	2121	0.00	194	0	0	0	nan	0.00	0.00	4.16	85.72	88.85	0.00	39	0	42	0.00	0.00	65.83	8.57	0.00	0.00	2000
227	11.10	2076	2072	0.00	196	0	0	0	nan	0.00	0.00	3.69	84.06	88.90	0.00	39	0	42	0.00	0.00	66.51	8.77	0.00	0.00	2000
230	11.20	2043	2110	0.00	195	0	0	0	nan	0.00	0.00	4.46	84.90	88.80	0.00	39	0	42	0.00	0.00	66.00	8.49	0.00	0.00	2000
228	11.19	2057	2079	0.00	196	0	0	0	nan	0.00	0.00	4.18	83.77	88.81	0.00	39	0	42	0.00	0.00	66.68	8.77	0.00	0.00	2000
231	11.34	2007	2130	0.00	196	0	0	0	nan	0.00	0.00	3.82	86.26	88.66	0.00	39	0	42	0.00	0.00	66.37	8.66	0.00	0.00	2000
229	10.97	2114	2072	0.00	197	0	0	0	nan	0.00	0.00	3.45	84.47	89.03	0.00	39	0	42	0.00	0.00	66.75	8.76	0.00	0.00	2000
235	11.13	2077	2139	0.00	210	0	0	0	nan	0.00	0.00	7.14	83.37	88.87	0.00	39	0	42	0.00	0.00	66.76	8.69	0.00	0.00	2000
228	11.17	2056	2082	0.00	195	0	0	0	nan	0.00	0.02	3.18	84.97	88.83	0.00	39	0	42	0.00	0.00	66.33	8.83	0.00	0.00	2000
229	11.26	2020	2117	0.00	195	0	0	0	nan	0.00	0.00	3.99	85.63	88.74	0.00	39	0	42	0.00	0.00	66.05	8.61	0.00	0.00	2000
230	11.39	2049	2073	0.00	196	0	0	0	nan	0.00	0.00	3.64	83.88	88.61	0.00	39	0	42	0.00	0.00	66.45	8.83	0.00	0.00	2000
230	11.04	2059	2120	0.47	194	0	0	17	19.05	0.00	0.00	4.58	85.31	88.96	0.00	39	0	42	0.00	0.00	65.24	8.23	0.00	0.00	2000
228	10.79	2146	2066	0.28	198	0	0	0	nan	0.00	0.00	4.00	83.58	89.21	0.00	39	0	42	0.00	0.00	64.70	7.43	0.00	0.00	2000
231	10.83	2095	2133	0.00	195	0	0	0	nan	0.00	0.00	4.55	86.07	89.17	0.00	38	0	42	0.00	0.00	65.68	7.48	0.00	0.00	2000
228	11.04	2089	2075	0.00	196	0	0	0	nan	0.00	0.02	3.24	84.74	88.96	0.00	38	0	42	0.00	0.00	61.53	7.00	0.00	0.00	2000
238	11.43	2071	2111	0.00	199	0	0	0	nan	0.00	0.00	4.59	84.52	88.57	0.00	38	0	42	0.00	0.00	66.96	8.16	0.00	0.00	2000
229	10.90	2099	2106	0.00	195	0	0	0	nan	0.00	0.00	4.53	84.86	89.10	0.00	38	0	42	0.00	0.00	64.43	7.56	0.00	0.00	2000
229	11.36	2018	2102	0.00	195	0	0	0	nan	0.00	0.00	3.95	84.87	88.64	0.00	38	0	42	0.00	0.00	64.11	7.74	0.00	0.00	2000
216	10.59	2050	2091	0.00	212	0	0	0	nan	0.00	0.00	3.97	85.02	89.41	0.00	37	0	42	0.00	0.00	64.52	7.58	0.00	0.00	2000
147	8.86	1640	2119	0.00	223	0	0	0	nan	0.00	0.00	5.14	86.88	91.14	0.00	37	0	42	0.00	0.00	58.76	7.26	0.00	0.00	2000
114	7.65	1494	2086	0.00	229	0	0	0	nan	0.00	0.01	6.27	85.42	92.35	0.00	37	0	42	0.00	0.00	59.81	7.54	0.00	0.00	2000
79	7.22	1076	2127	0.00	193	0	0	0	nan	0.00	0.01	2.45	91.49	92.78	0.00	37	0	42	0.00	0.00	60.28	7.51	0.00	0.00	2000
71	6.51	1111	2066	0.00	193	0	0	0	nan	0.00	0.00	2.97	89.01	93.49	0.00	37	0	42	0.00	0.00	57.52	7.36	0.00	0.00	2000
144	9.53	1458	2179	0.00	50	0	0	0	nan	0.00	0.03	12.16	81.65	90.47	0.00	37	0	42	0.00	0.00	59.68	6.98	0.00	0.00	2000
