Avg_MHz	Busy%	Bzy_MHz	TSC_MHz	IPC	IRQ	NMI	SMI	LLCMRPS	LLC%hit	POLL%	C1%	C1E%	C6%	CPU%c1	CPU%c6	CoreTmp	CoreThr	PkgTmp	Pkg%pc2	Pkg%pc6	PkgWatt	RAMWatt	PKG_%	RAM_%	UncMHz
356	17.45	2004	2136	0.00	227	0	0	0	nan	0.00	0.85	42.28	40.99	82.55	0.00	37	0	42	0.00	0.00	67.72	7.87	0.00	0.00	2000
283	14.61	1903	2137	0.00	225	0	0	0	nan	0.05	0.44	17.62	69.04	85.39	0.00	36	0	41	0.00	0.00	66.45	7.74	0.00	0.00	2000
78	6.58	1181	2109	0.00	195	0	0	0	nan	0.00	0.02	4.33	89.40	93.42	0.00	36	0	41	0.00	0.00	58.83	7.56	0.00	0.00	2000
71	6.21	1155	2082	0.00	193	0	0	0	nan	0.00	0.00	2.96	89.97	93.79	0.00	36	0	42	0.00	0.00	58.48	7.60	0.00	0.00	2000
74	6.77	1082	2114	0.00	193	0	0	0	nan	0.00	0.00	2.30	91.61	93.23	0.00	36	0	42	0.00	0.00	58.96	7.29	0.00	0.00	2000
75	6.65	1136	2096	0.00	194	0	0	0	nan	0.00	0.02	3.58	89.52	93.35	0.00	36	0	42	0.00	0.00	59.50	7.38	0.00	0.00	2000
75	6.81	1095	2107	0.00	198	0	0	0	nan	0.00	0.02	3.69	89.81	93.19	0.00	36	0	41	0.00	0.00	59.27	7.51	0.00	0.00	2000
74	6.61	1129	2091	0.00	197	0	0	0	nan	0.00	0.00	4.80	88.20	93.39	0.00	36	0	42	0.00	0.00	59.50	7.58	0.00	0.00	2000
73	6.62	1110	2079	0.00	194	0	0	0	nan	0.00	0.00	3.68	88.82	93.38	0.00	36	0	42	0.00	0.00	56.97	7.21	0.00	0.00	2000
73	6.74	1073	2106	0.00	194	0	0	0	nan	0.00	0.01	1.62	91.85	93.26	0.00	36	0	42	0.00	0.00	59.97	7.79	0.00	0.00	2000
73	6.75	1071	2121	0.00	210	0	0	0	nan	0.00	0.02	4.05	90.12	93.25	0.00	36	0	42	0.00	0.00	58.34	7.49	0.00	0.00	2000
72	6.76	1061	2105	0.00	193	0	0	0	nan	0.00	0.00	3.58	90.01	93.24	0.00	36	0	42	0.00	0.00	60.32	8.02	0.00	0.00	2000
72	6.76	1064	2100	0.00	194	0	0	0	nan	0.00	0.00	2.74	90.58	93.24	0.00	36	0	41	0.00	0.00	57.87	7.43	0.00	0.00	2000
73	6.46	1123	2101	0.00	194	0	0	0	nan	0.00	0.00	2.90	90.71	93.54	0.00	36	0	41	0.00	0.00	59.54	7.52	0.00	0.00	2000
72	6.41	1139	2066	0.00	194	0	0	0	nan	0.00	0.00	3.16	88.96	93.59	0.00	37	0	41	0.00	0.00	57.72	6.85	0.00	0.00	2000
72	6.76	1052	2134	0.00	192	0	0	1	92.45	0.00	0.02	1.56	93.28	93.24	0.00	36	0	42	0.00	0.00	60.81	7.87	0.00	0.00	2000
73	6.44	1135	2097	0.29	194	0	0	1	88.50	0.00	0.00	2.77	90.69	93.56	0.00	37	0	42	0.00	0.00	56.00	7.66	0.00	0.00	2000
72	6.54	1108	2102	0.01	193	0	0	0	nan	0.01	0.00	3.13	90.50	93.46	0.00	36	0	42	0.00	0.00	60.01	7.35	0.00	0.00	2000
216	10.52	2054	2100	0.00	214	0	0	0	nan	0.03	0.00	5.09	84.50	89.48	0.00	38	0	42	0.00	0.00	66.20	7.80	0.00	0.00	2000
230	10.89	2112	2103	0.00	213	0	0	0	nan	0.00	0.00	3.39	85.91	89.11	0.00	39	0	42	0.00	0.00	65.05	7.59	0.00	0.00	2000
230	10.87	2127	2093	0.00	200	0	0	0	nan	0.00	0.00	3.54	85.33	89.13	0.00	40	0	42	0.00	0.00	62.86	7.28	0.00	0.00	2000
226	10.73	2131	2075	0.00	204	0	0	0	nan	0.00	0.00	3.23	85.06	89.27	0.00	39	0	41	0.00	0.00	62.65	7.36	0.00	0.00	2000
234	11.39	2063	2091	0.00	197	0	0	0	nan	0.00	0.02	6.16	82.17	88.61	0.00	37	0	42	0.00	0.00	65.82	7.78	0.00	0.00	2000
238	11.10	2121	2122	0.00	197	0	0	0	nan	0.00	1.07	3.43	85.30	88.90	0.00	37	0	42	0.00	0.00	65.06	7.86	0.00	0.00	2000
239	11.61	2048	2108	0.00	219	0	0	0	nan	0.00	0.00	6.69	82.10	88.39	0.00	37	0	42	0.00	0.00	68.09	7.96	0.00	0.00	2000
231	11.15	2068	2104	0.00	199	0	0	0	nan	0.00	0.00	6.67	82.47	88.85	0.00	37	0	41	0.00	0.00	66.94	7.86	0.00	0.00	2000
233	10.76	2164	2099	0.00	197	0	0	0	nan	0.00	0.00	6.16	83.12	89.24	0.00	37	0	42	0.00	0.00	66.26	7.72	0.00	0.00	2000
230	11.18	2063	2097	0.00	203	0	0	0	nan	0.00	0.01	5.96	82.76	88.82	0.00	37	0	42	0.00	0.00	64.33	7.52	0.00	0.00	2000
232	10.99	2116	2095	0.00	198	0	0	0	nan	0.00	0.00	6.57	82.35	89.01	0.00	37	0	42	0.00	0.00	65.01	7.42	0.00	0.00	2000
225	11.17	2065	2052	0.00	203	0	0	0	nan	0.00	0.02	7.15	79.80	88.83	0.00	38	0	42	0.00	0.00	64.07	7.34	0.00	0.00	2000
241	11.05	2129	2148	0.00	194	0	0	0	nan	0.00	0.00	6.88	84.14	88.95	0.00	37	0	41	0.00	0.00	65.40	7.45	0.00	0.00	2000
227	11.02	2080	2077	0.00	197	0	0	0	nan	0.00	0.02	5.12	82.92	88.98	0.00	38	0	41	0.00	0.00	63.48	7.28	0.00	0.00	2000
235	11.26	2056	2134	0.00	199	0	0	0	nan	0.00	0.00	4.17	86.18	88.74	0.00	38	0	42	0.00	0.00	64.75	7.47	0.00	0.00	2000
234	11.45	2078	2061	0.54	202	0	0	15	40.89	0.00	0.00	4.46	82.47	88.55	0.00	36	0	42	0.00	0.00	64.00	7.45	0.00	0.00	2000
229	10.59	2151	2115	0.02	220	0	0	0	nan	0.00	0.07	4.85	85.25	89.41	0.00	37	0	42	0.00	0.00	67.45	7.68	0.00	0.00	2000
237	11.56	2069	2083	0.00	201	0	0	0	nan	0.00	0.05	4.03	83.74	88.44	0.00	37	0	42	0.00	0.00	63.60	7.35	0.00	0.00	2000
227	11.14	2033	2105	0.00	198	0	0	0	nan	0.00	0.03	5.78	83.41	88.86	0.00	37	0	42	0.00	0.00	65.93	7.85	0.00	0.00	2000
232	11.04	2074	2127	0.00	212	0	0	0	nan	0.00	0.00	7.45	82.80	88.96	0.00	37	0	42	0.00	0.00	69.07	8.32	0.00	0.00	2000
233	11.42	2066	2077	0.00	200	0	0	0	nan	0.00	0.00	7.42	80.31	88.58	0.00	37	0	42	0.00	0.00	63.16	7.49	0.00	0.00	2000
235	11.50	2005	2137	0.00	199	0	0	0	nan	0.00	0.00	6.38	83.89	88.50	0.00	37	0	42	0.00	0.00	65.41	7.90	0.00	0.00	2000
232	11.43	2028	2099	0.00	198	0	0	0	nan	0.00	0.00	4.44	84.21	88.57	0.00	38	0	42	0.00	0.00	65.41	7.84	0.00	0.00	2000
233	11.24	2067	2102	0.00	196	0	0	0	nan	0.00	0.01	4.18	84.79	88.76	0.00	38	0	42	0.00	0.00	66.86	8.04	0.00	0.00	2000
231	11.12	2085	2094	0.00	197	0	0	0	nan	0.00	0.00	5.33	83.44	88.88	0.00	37	0	42	0.00	0.00	65.50	7.79	0.00	0.00	2000
231	11.39	2072	2055	0.00	182	0	0	0	nan	0.00	0.00	6.21	80.67	88.61	0.00	38	0	42	0.00	0.00	60.08	7.16	0.00	0.00	2000
224	10.93	2049	2102	0.00	217	0	0	0	nan	0.00	0.00	6.51	82.72	89.07	0.00	38	0	42	0.00	0.00	65.39	7.60	0.00	0.00	2000
229	11.07	2073	2096	0.00	213	0	0	0	nan	0.00	0.01	2.66	86.17	88.93	0.00	39	0	41	0.00	0.00	64.16	7.29	0.00	0.00	2000
232	11.27	2005	2153	0.00	198	0	0	0	nan	0.00	0.02	5.50	85.50	88.73	0.00	39	0	42	0.00	0.00	68.40	8.06	0.00	0.00	2000
232	10.94	2133	2086	0.00	201	0	0	0	nan	0.00	0.57	5.43	82.53	89.06	0.00	38	0	42	0.00	0.00	65.88	7.69	0.00	0.00	2000
230	10.96	2116	2080	0.00	203	0	0	0	nan	0.00	0.02	4.64	83.62	89.04	0.00	39	0	42	0.00	0.00	63.85	7.28	0.00	0.00	2000
230	11.16	2039	2125	0.00	196	0	0	1	93.68	0.00	0.00	4.41	85.63	88.84	0.00	39	0	42	0.00	0.00	64.65	7.55	0.00	0.00	2000
226	11.12	2086	2047	0.69	196	0	0	4	93.98	0.00	0.00	3.95	82.65	88.88	0.00	38	0	42	0.00	0.00	62.25	7.42	0.00	0.00	2000
233	11.21	2016	2166	0.00	215	0	0	0	nan	0.00	0.03	5.49	86.11	88.79	0.00	39	0	41	0.00	0.00	68.99	7.84	0.00	0.00	2000
231	11.35	2050	2085	0.00	195	0	0	0	nan	0.00	0.00	5.53	82.62	88.65	0.00	39	0	42	0.00	0.00	64.70	7.45	0.00	0.00	2000
227	11.06	2042	2108	0.00	201	0	0	0	nan	0.00	0.00	7.29	82.10	88.94	0.00	39	0	42	0.00	0.00	64.36	7.26	0.00	0.00	2000
229	10.99	2085	2094	0.00	197	0	0	0	nan	0.00	0.00	6.19	82.72	89.01	0.00	39	0	42	0.00	0.00	65.05	7.43	0.00	0.00	2000
229	11.08	2054	2111	0.00	199	0	0	0	nan	0.00	0.00	5.53	83.95	88.92	0.00	38	0	42	0.00	0.00	61.80	7.67	0.00	0.00	2000
231	10.71	2158	2096	0.00	197	0	0	0	nan	0.00	0.00	5.73	83.50	89.29	0.00	38	0	42	0.00	0.00	67.77	7.31	0.00	0.00	2000
223	10.90	2090	2059	0.00	198	0	0	0	nan	0.00	0.00	6.04	81.48	89.10	0.00	39	0	42	0.00	0.00	60.29	7.05	0.00	0.00	2000
234	11.16	2062	2135	0.00	200	0	0	0	nan	0.00	0.03	5.77	84.71	88.84	0.00	39	0	41	0.00	0.00	68.60	7.87	0.00	0.00	2000
233	11.37	2040	2113	0.00	199	0	0	0	nan	0.00	0.00	5.41	83.82	88.63	0.00	39	0	42	0.00	0.00	66.32	8.09	0.00	0.00	2000
229	11.13	2071	2089	0.00	197	0	0	0	nan	0.00	0.00	7.62	80.85	88.87	0.00	38	0	42	0.00	0.00	65.55	7.31	0.00	0.00	2000
231	11.19	2063	2106	0.00	198	0	0	0	nan	0.00	0.54	4.70	83.87	88.81	0.00	39	0	41	0.00	0.00	64.68	8.00	0.00	0.00	2000
229	10.95	2098	2094	0.00	197	0	0	0	nan	0.00	0.00	6.35	82.52	89.05	0.00	39	0	42	0.00	0.00	61.87	7.21	0.00	0.00	2000
231	10.99	2090	2110	0.00	200	0	0	0	nan	0.00	0.00	7.05	82.47	89.01	0.00	39	0	42	0.00	0.00	65.70	7.75	0.00	0.00	2000
231	11.47	2020	2097	0.00	197	0	0	0	nan	0.00	0.01	6.77	81.74	88.53	0.00	39	0	42	0.00	0.00	67.19	7.88	0.00	0.00	2000
226	11.22	2016	2099	0.00	198	0	0	0	nan	0.00	0.00	6.68	82.15	88.78	0.00	39	0	42	0.00	0.00	64.60	7.46	0.00	0.00	2000
229	11.09	2070	2095	0.00	198	0	0	0	nan	0.00	0.02	5.25	83.52	88.91	0.00	39	0	42	0.00	0.00	64.75	7.42	0.00	0.00	2000
230	11.01	2089	2102	1.00	198	0	0	2	83.60	0.00	0.00	6.41	82.71	88.99	0.00	39	0	42	0.00	0.00	62.53	7.16	0.00	0.00	2000
230	11.11	2082	2091	0.18	203	0	0	0	nan	0.00	0.00	8.16	80.46	88.89	0.00	39	0	42	0.00	0.00	64.19	7.40	0.00	0.00	2000
225	11.49	2016	2037	0.00	204	0	0	0	nan	0.00	0.00	3.32	82.65	88.51	0.00	39	0	42	0.00	0.00	64.74	7.53	0.00	0.00	2000
235	10.91	2067	2190	0.00	214	0	0	0	nan	0.00	0.05	2.52	90.41	89.09	0.00	39	0	41	0.00	0.00	65.46	7.52	0.00	0.00	2000
226	11.32	2004	2094	0.00	195	0	0	0	nan	0.01	0.02	4.88	83.61	88.68	0.00	39	0	42	0.00	0.00	67.75	7.51	0.00	0.00	2000
231	11.00	2095	2106	0.00	198	0	0	0	nan	0.00	0.58	3.69	85.05	89.00	0.00	39	0	42	0.00	0.00	62.23	7.44	0.00	0.00	2000
231	11.48	2020	2089	0.00	200	0	0	0	nan	0.00	0.16	5.99	82.07	88.52	0.00	39	0	42	0.00	0.00	64.38	7.47	0.00	0.00	2000
230	10.69	2153	2099	0.00	196	0	0	0	nan	0.00	0.99	6.47	81.79	89.31	0.00	39	0	42	0.00	0.00	65.09	7.41	0.00	0.00	2000
234	11.37	2061	2098	0.00	200	0	0	0	nan	0.00	0.00	8.15	80.42	88.63	0.00	39	0	42	0.00	0.00	65.11	7.45	0.00	0.00	2000
228	11.16	2038	2109	0.00	198	0	0	0	nan	0.00	0.00	6.36	82.95	88.84	0.00	39	0	42	0.00	0.00	64.40	7.43	0.00	0.00	2000
230	11.27	2038	2100	0.00	199	0	0	0	nan	0.00	0.00	5.47	83.42	88.73	0.00	39	0	42	0.00	0.00	65.04	7.47	0.00	0.00	2000
230	11.30	2034	2099	0.00	201	0	0	0	nan	0.00	0.00	6.80	81.97	88.70	0.00	39	0	42	0.00	0.00	64.59	7.29	0.00	0.00	2000
229	11.06	2068	2101	0.00	196	0	0	0	nan	0.00	0.02	6.20	82.81	88.94	0.00	39	0	42	0.00	0.00	65.11	7.57	0.00	0.00	2000
231	11.05	2088	2099	0.00	197	0	0	0	nan	0.00	0.00	6.70	82.30	88.95	0.00	39	0	42	0.00	0.00	65.21	7.61	0.00	0.00	2000
229	11.11	2068	2095	0.00	198	0	0	0	nan	0.00	0.00	5.90	82.87	88.89	0.00	39	0	41	0.00	0.00	64.99	7.62	0.00	0.00	2000
230	10.77	2134	2102	0.00	198	0	0	0	nan	0.00	0.00	5.70	83.53	89.23	0.00	39	0	42	0.00	0.00	65.43	7.57	0.00	0.00	2000
232	10.72	2175	2093	0.00	198	0	0	0	nan	0.00	0.00	6.37	82.69	89.28	0.00	39	0	42	0.00	0.00	65.16	7.49	0.00	0.00	2000
230	10.80	2118	2110	0.76	202	0	0	1	84.98	0.00	0.02	5.31	84.43	89.20	0.00	39	0	42	0.00	0.00	64.80	7.49	0.00	0.00	2000
229	11.00	2084	2099	0.27	199	0	0	0	nan	0.00	0.00	8.12	80.85	89.00	0.00	39	0	42	0.00	0.00	65.06	7.38	0.00	0.00	2000
229	10.74	2131	2100	0.00	197	0	0	0	nan	0.01	0.01	4.58	84.74	89.26	0.00	39	0	42	0.00	0.00	64.71	7.55	0.00	0.00	2000
228	11.10	2050	2101	0.00	196	0	0	0	nan	0.00	0.00	5.92	83.19	88.90	0.00	39	0	42	0.00	0.00	64.53	7.34	0.00	0.00	2000
233	11.13	2099	2098	0.00	200	0	0	0	nan	0.00	0.00	6.59	82.22	88.87	0.00	39	0	41	0.00	0.00	64.94	7.63	0.00	0.00	2000
228	11.15	2064	2082	0.00	201	0	0	0	nan	0.00	0.00	7.03	81.11	88.85	0.00	39	0	42	0.00	0.00	64.86	7.42	0.00	0.00	2000
228	10.87	2080	2121	0.00	196	0	0	0	nan	0.00	0.00	8.01	82.06	89.13	0.00	39	0	42	0.00	0.00	64.77	7.60	0.00	0.00	2000
228	10.94	2093	2092	0.00	197	0	0	0	nan	0.00	0.00	6.04	82.73	89.06	0.00	39	0	42	0.00	0.00	64.55	7.50	0.00	0.00	2000
229	10.83	2117	2098	0.00	198	0	0	0	nan	0.00	0.00	6.62	82.56	89.17	0.00	39	0	42	0.00	0.00	64.87	7.45	0.00	0.00	2000
228	10.97	2076	2105	0.00	200	0	0	0	nan	0.00	0.00	6.56	82.77	89.03	0.00	39	0	41	0.00	0.00	62.48	7.26	0.00	0.00	2000
231	11.12	2075	2103	0.00	200	0	0	0	nan	0.00	0.01	6.57	82.49	88.88	0.00	39	0	42	0.00	0.00	64.60	7.67	0.00	0.00	2000
229	10.80	2123	2094	0.00	198	0	0	0	nan	0.00	0.00	6.02	82.97	89.20	0.00	39	0	42	0.00	0.00	67.17	7.93	0.00	0.00	2000
228	10.95	2072	2106	0.00	198	0	0	0	nan	0.00	0.00	6.06	83.34	89.05	0.00	39	0	42	0.00	0.00	64.59	7.62	0.00	0.00	2000
228	11.10	2059	2097	0.00	197	0	0	0	nan	0.01	0.00	6.80	82.10	88.90	0.00	39	0	42	0.00	0.00	62.41	7.26	0.00	0.00	2000
228	10.84	2101	2103	0.00	196	0	0	0	nan	0.01	0.54	4.66	84.21	89.16	0.00	39	0	42	0.00	0.00	64.79	7.52	0.00	0.00	2000
230	11.42	2013	2100	0.00	201	0	0	0	nan	0.00	0.17	6.44	82.09	88.58	0.00	39	0	42	0.00	0.00	64.94	7.56	0.00	0.00	2000
229	11.15	2056	2096	0.00	198	0	0	0	nan	0.00	0.00	6.89	81.89	88.85	0.00	39	0	42	0.00	0.00	65.08	7.59	0.00	0.00	2000
227	11.05	2053	2101	0.48	195	0	0	8	86.45	0.00	0.00	6.70	82.32	88.95	0.00	39	0	42	0.00	0.00	64.73	7.47	0.00	0.00	2000
231	10.99	2098	2101	0.37	197	0	0	0	88.82	0.00	0.00	4.81	84.27	89.01	0.00	39	0	42	0.00	0.00	66.13	8.03	0.00	0.00	2000
231	10.67	2165	2098	0.00	199	0	0	0	nan	0.00	0.00	6.59	82.58	89.33	0.00	39	0	42	0.00	0.00	67.19	9.06	0.00	0.00	2000
232	11.07	2090	2105	0.00	197	0	0	0	nan	0.00	0.00	6.78	82.35	88.93	0.00	39	0	41	0.00	0.00	66.55	8.85	0.00	0.00	2000
230	10.74	2147	2094	0.00	196	0	0	0	nan	0.00	0.00	6.49	82.49	89.26	0.00	39	0	42	0.00	0.00	67.49	8.81	0.00	0.00	2000
231	10.89	2116	2103	0.00	200	0	0	0	nan	0.00	0.00	6.48	82.77	89.11	0.00	39	0	41	0.00	0.00	66.92	9.02	0.00	0.00	2000
227	10.79	2106	2101	0.00	197	0	0	0	nan	0.00	0.00	5.30	83.98	89.21	0.00	39	0	42	0.00	0.00	65.73	8.14	0.00	0.00	2000
231	11.08	2083	2101	0.00	201	0	0	0	nan	0.00	1.10	5.60	82.41	88.92	0.00	39	0	42	0.00	0.00	64.89	7.53	0.00	0.00	2000
245	11.62	2108	2101	0.00	199	0	0	0	nan	0.00	0.00	6.33	82.11	88.38	0.00	39	0	41	0.00	0.00	66.31	7.76	0.00	0.00	2000
229	10.99	2089	2095	0.00	203	0	0	0	nan	0.00	0.71	5.84	82.32	89.01	0.00	39	0	42	0.00	0.00	64.17	7.41	0.00	0.00	2000
228	11.07	2062	2096	0.00	198	0	0	0	nan	0.00	0.00	7.09	81.75	88.93	0.00	39	0	42	0.00	0.00	65.13	7.71	0.00	0.00	2000
230	11.48	2000	2107	0.00	194	0	0	0	nan	0.00	0.00	6.78	82.20	88.52	0.00	39	0	42	0.00	0.00	64.92	7.67	0.00	0.00	2000
228	11.12	2051	2101	0.00	198	0	0	0	nan	0.00	0.00	6.40	82.72	88.88	0.00	39	0	42	0.00	0.00	64.47	7.55	0.00	0.00	2000
230	11.15	2071	2092	0.00	198	0	0	0	nan	0.00	0.00	5.94	82.64	88.85	0.00	39	0	42	0.00	0.00	64.81	7.61	0.00	0.00	2000
230	11.01	2101	2085	0.00	203	0	0	0	nan	0.00	0.00	7.62	80.78	88.99	0.00	39	0	41	0.00	0.00	65.30	7.52	0.00	0.00	2000
231	11.12	2066	2112	0.00	198	0	0	0	nan	0.00	0.00	8.43	81.05	88.88	0.00	39	0	42	0.00	0.00	64.99	7.67	0.00	0.00	2000
229	11.16	2044	2108	0.00	198	0	0	0	nan	0.00	0.00	6.75	82.56	88.84	0.00	39	0	42	0.00	0.00	64.76	7.58	0.00	0.00	2000
229	11.07	2078	2090	0.20	199	0	0	4	49.81	0.00	0.00	4.77	83.84	88.93	0.00	39	0	42	0.00	0.00	64.88	7.65	0.00	0.00	2000
230	11.21	2038	2111	0.67	198	0	0	2	71.78	0.00	0.00	5.66	83.72	88.79	0.00	39	0	41	0.00	0.00	64.46	7.58	0.00	0.00	2000
233	11.19	2079	2104	0.00	201	0	0	0	nan	0.00	0.06	5.76	83.27	88.81	0.00	39	0	42	0.00	0.00	65.06	7.51	0.00	0.00	2000
227	11.19	2041	2089	0.00	197	0	0	0	nan	0.00	0.99	4.09	83.49	88.81	0.00	39	0	42	0.00	0.00	65.43	7.78	0.00	0.00	2000
230	11.28	2035	2105	0.00	200	0	0	0	nan	0.01	0.01	7.04	82.06	88.72	0.00	39	0	42	0.00	0.00	63.91	7.48	0.00	0.00	2000
230	10.99	2084	2113	0.00	197	0	0	0	nan	0.00	0.00	6.50	83.24	89.01	0.00	39	0	42	0.00	0.00	66.33	7.61	0.00	0.00	2000
230	11.07	2077	2103	0.00	180	0	0	0	nan	0.00	0.02	5.03	84.14	88.93	0.00	39	0	42	0.00	0.00	61.31	7.03	0.00	0.00	2000
229	10.98	2100	2083	0.00	198	0	0	0	nan	0.00	0.00	4.99	83.29	89.02	0.00	39	0	42	0.00	0.00	66.17	7.84	0.00	0.00	2000
232	11.15	2070	2111	0.00	199	0	0	0	nan	0.00	0.01	5.56	83.79	88.85	0.00	39	0	42	0.00	0.00	66.24	7.63	0.00	0.00	2000
228	11.32	2017	2096	0.00	199	0	0	0	nan	0.00	0.00	5.75	82.87	88.68	0.00	39	0	42	0.00	0.00	64.77	7.63	0.00	0.00	2000
229	11.03	2072	2103	0.00	198	0	0	0	nan	0.00	0.00	6.19	82.94	88.97	0.00	39	0	42	0.00	0.00	64.79	7.66	0.00	0.00	2000
229	11.23	2040	2096	0.00	201	0	0	0	nan	0.00	0.00	6.24	82.51	88.77	0.00	39	0	42	0.00	0.00	61.97	7.74	0.00	0.00	2000
232	11.13	2091	2090	0.00	198	0	0	0	nan	0.00	0.00	7.12	81.41	88.87	0.00	39	0	41	0.00	0.00	67.64	7.71	0.00	0.00	2000
235	11.69	1998	2110	0.00	217	0	0	0	nan	0.00	0.07	6.28	82.55	88.31	0.00	39	0	42	0.00	0.00	64.44	7.55	0.00	0.00	2000
228	11.03	2074	2089	0.00	196	0	0	0	nan	0.00	0.06	4.11	84.49	88.97	0.00	39	0	42	0.00	0.00	64.59	7.57	0.00	0.00	2000
230	11.17	2045	2109	0.00	198	0	0	0	nan	0.00	0.59	4.43	84.32	88.83	0.00	39	0	41	0.00	0.00	64.59	7.43	0.00	0.00	2000
228	11.32	2017	2099	0.00	195	0	0	0	nan	0.00	0.39	4.76	83.54	88.68	0.00	39	0	42	0.00	0.00	64.35	7.50	0.00	0.00	2000
230	10.95	2100	2098	0.00	197	0	0	2	59.90	0.00	1.08	4.65	83.24	89.05	0.00	39	0	42	0.00	0.00	65.23	7.62	0.00	0.00	2000
232	11.07	2098	2097	0.77	201	0	0	4	63.20	0.01	0.18	4.09	84.65	88.93	0.00	39	0	41	0.00	0.00	65.78	7.69	0.00	0.00	2000
229	11.39	2005	2108	0.00	196	0	0	0	nan	0.00	0.00	6.65	82.35	88.61	0.00	39	0	42	0.00	0.00	64.93	7.42	0.00	0.00	2000
228	10.88	2106	2090	0.00	197	0	0	0	nan	0.00	0.00	6.24	82.58	89.12	0.00	39	0	42	0.00	0.00	65.28	7.60	0.00	0.00	2000
229	10.90	2097	2100	0.00	197	0	0	0	nan	0.00	0.00	6.07	83.08	89.10	0.00	39	0	42	0.00	0.00	62.84	7.47	0.00	0.00	2000
230	11.21	2039	2112	0.00	195	0	0	0	nan	0.00	0.00	6.08	83.29	88.79	0.00	39	0	42	0.00	0.00	67.51	7.96	0.00	0.00	2000
233	10.93	2119	2109	0.00	197	0	0	0	nan	0.00	0.00	6.27	83.24	89.07	0.00	39	0	41	0.00	0.00	61.34	7.21	0.00	0.00	2000
230	11.15	2074	2093	0.00	186	0	0	0	nan	0.01	0.02	6.07	82.51	88.85	0.00	39	0	42	0.00	0.00	66.79	7.77	0.00	0.00	2000
227	11.14	2045	2095	0.00	199	0	0	0	nan	0.00	0.00	3.93	84.86	88.86	0.00	39	0	42	0.00	0.00	64.93	7.65	0.00	0.00	2000
230	11.39	2018	2104	0.00	198	0	0	0	nan	0.00	0.56	2.74	85.65	88.61	0.00	39	0	41	0.00	0.00	64.37	7.58	0.00	0.00	2000
227	10.89	2097	2089	0.00	197	0	0	0	nan	0.00	0.00	3.59	85.07	89.11	0.00	39	0	41	0.00	0.00	65.96	7.71	0.00	0.00	2000
229	10.89	2106	2099	0.00	197	0	0	0	nan	0.00	0.03	3.16	85.90	89.11	0.00	39	0	42	0.00	0.00	65.03	7.58	0.00	0.00	2000
234	11.10	2093	2113	0.00	203	0	0	0	nan	0.00	0.00	4.10	85.47	88.90	0.00	39	0	42	0.00	0.00	65.79	7.56	0.00	0.00	2000
230	11.13	2068	2101	0.00	196	0	0	0	nan	0.00	0.00	5.68	83.38	88.87	0.00	39	0	41	0.00	0.00	64.89	7.69	0.00	0.00	2000
231	10.95	2106	2105	0.00	183	0	0	0	nan	0.00	0.00	6.43	82.98	89.05	0.00	39	0	42	0.00	0.00	61.22	7.13	0.00	0.00	2000
230	11.07	2074	2100	0.00	199	0	0	0	nan	0.00	0.00	5.63	83.42	88.93	0.00	39	0	42	0.00	0.00	66.73	7.79	0.00	0.00	2000
224	11.14	2031	2081	0.00	194	0	0	0	nan	0.00	0.02	4.42	83.66	88.86	0.00	39	0	42	0.00	0.00	65.04	7.49	0.00	0.00	2000
234	11.40	2040	2113	0.00	199	0	0	0	nan	0.00	0.00	5.31	83.90	88.60	0.00	39	0	42	0.00	0.00	65.24	7.41	0.00	0.00	2000
229	11.26	2030	2101	0.77	200	0	0	4	40.82	0.00	0.00	5.40	83.50	88.74	0.00	39	0	42	0.00	0.00	65.16	7.62	0.00	0.00	2000
229	11.07	2070	2099	0.15	198	0	0	0	nan	0.00	0.00	5.96	83.03	88.93	0.00	39	0	42	0.00	0.00	64.42	7.51	0.00	0.00	2000
230	10.96	2095	2103	0.00	198	0	0	0	nan	0.00	0.00	4.34	84.88	89.04	0.00	39	0	42	0.00	0.00	65.82	7.59	0.00	0.00	2000
229	10.92	2105	2097	0.00	198	0	0	0	nan	0.00	0.00	6.05	82.96	89.08	0.00	39	0	42	0.00	0.00	65.41	7.47	0.00	0.00	2000
228	10.81	2120	2089	0.00	198	0	0	0	nan	0.00	0.00	5.43	83.36	89.19	0.00	39	0	42	0.00	0.00	60.20	7.08	0.00	0.00	2000
232	10.93	2120	2106	0.00	187	0	0	0	nan	0.00	2.10	6.59	80.69	89.07	0.00	39	0	42	0.00	0.00	66.43	7.65	0.00	0.00	2000
238	11.10	2129	2113	0.00	198	0	0	0	nan	0.00	0.02	4.95	84.53	88.90	0.00	39	0	42	0.00	0.00	66.18	7.77	0.00	0.00	2000
230	10.80	2132	2097	0.00	199	0	0	0	nan	0.00	0.56	4.37	84.24	89.20	0.00	39	0	42	0.00	0.00	66.43	7.69	0.00	0.00	2000
228	11.33	2013	2095	0.00	198	0	0	0	nan	0.00	0.00	5.80	82.76	88.67	0.00	39	0	42	0.00	0.00	65.34	7.57	0.00	0.00	2000
229	10.84	2119	2097	0.00	196	0	0	0	nan	0.00	0.00	6.10	82.98	89.16	0.00	39	0	41	0.00	0.00	61.92	7.12	0.00	0.00	2000
266	12.81	2081	2097	0.00	196	0	0	0	nan	0.00	0.00	6.59	80.55	87.19	0.00	39	0	42	0.00	0.00	68.10	7.39	0.00	0.00	2000
232	10.93	2113	2110	0.00	205	0	0	0	nan	0.00	0.00	6.95	82.57	89.07	0.00	39	0	41	0.00	0.00	61.18	7.38	0.00	0.00	2000
228	10.87	2102	2097	0.00	199	0	0	0	nan	0.00	0.02	5.23	83.89	89.13	0.00	39	0	42	0.00	0.00	65.21	7.62	0.00	0.00	2000
229	10.70	2154	2089	0.00	182	0	0	0	nan	0.00	0.03	5.98	82.85	89.30	0.00	39	0	42	0.00	0.00	66.29	7.59	0.00	0.00	2000
232	10.76	2141	2116	0.00	195	0	0	0	nan	0.00	0.02	3.24	86.71	89.24	0.00	39	0	41	0.00	0.00	66.52	7.67	0.00	0.00	2000
229	10.85	2116	2093	0.00	198	0	0	0	nan	0.00	0.00	4.29	84.64	89.15	0.00	39	0	42	0.00	0.00	61.91	7.11	0.00	0.00	2000
233	10.99	2118	2102	0.00	199	0	0	0	nan	0.00	0.53	4.98	83.61	89.01	0.00	39	0	42	0.00	0.00	66.63	7.52	0.00	0.00	2000
229	10.96	2100	2093	0.36	204	0	0	5	50.16	0.00	0.03	5.55	83.23	89.04	0.00	39	0	42	0.00	0.00	64.08	7.40	0.00	0.00	2000
230	11.12	2059	2105	0.54	199	0	0	2	80.04	0.00	1.00	5.18	83.02	88.88	0.00	39	0	42	0.00	0.00	62.67	7.37	0.00	0.00	2000
228	10.99	2078	2097	0.00	197	0	0	0	nan	0.00	0.48	7.07	81.39	89.01	0.00	39	0	42	0.00	0.00	66.83	7.78	0.00	0.00	2000
228	11.15	2043	2103	0.00	197	0	0	0	nan	0.00	0.00	6.59	82.44	88.85	0.00	39	0	42	0.00	0.00	64.79	7.53	0.00	0.00	2000
231	11.17	2068	2102	0.00	199	0	0	0	nan	0.00	0.00	5.60	83.37	88.83	0.00	39	0	42	0.00	0.00	62.73	7.21	0.00	0.00	2000
228	11.09	2062	2097	0.00	200	0	0	0	nan	0.00	0.00	7.62	81.24	88.91	0.00	39	0	42	0.00	0.00	64.34	7.39	0.00	0.00	2000
231	11.12	2072	2101	0.00	198	0	0	0	nan	0.00	0.00	6.74	82.16	88.88	0.00	39	0	42	0.00	0.00	65.13	7.47	0.00	0.00	2000
230	10.90	2109	2102	0.00	197	0	0	0	nan	0.00	0.00	6.15	83.07	89.10	0.00	39	0	42	0.00	0.00	65.38	7.52	0.00	0.00	2000
228	11.00	2080	2097	0.00	198	0	0	0	nan	0.00	0.00	5.62	83.24	89.00	0.00	39	0	42	0.00	0.00	64.82	7.31	0.00	0.00	2000
227	11.46	2002	2080	0.00	198	0	0	0	nan	0.00	0.00	5.46	82.36	88.54	0.00	39	0	42	0.00	0.00	63.24	7.47	0.00	0.00	2000
231	10.90	2120	2098	0.00	200	0	0	0	nan	0.00	0.00	5.36	83.60	89.10	0.00	39	0	42	0.00	0.00	65.19	7.46	0.00	0.00	2000
232	11.03	2085	2117	0.00	197	0	0	0	nan	0.00	0.03	5.99	83.69	88.97	0.00	39	0	42	0.00	0.00	66.21	7.75	0.00	0.00	2000
231	11.18	2055	2109	0.00	197	0	0	0	nan	0.00	0.00	5.62	83.66	88.82	0.00	39	0	42	0.00	0.00	64.69	7.70	0.00	0.00	2000
227	11.33	2009	2098	0.00	196	0	0	0	nan	0.00	0.00	6.11	82.60	88.67	0.00	39	0	42	0.00	0.00	65.34	7.66	0.00	0.00	2000
229	10.94	2098	2099	0.00	196	0	0	0	nan	0.00	0.00	6.01	82.97	89.06	0.00	39	0	42	0.00	0.00	64.04	7.23	0.00	0.00	2000
232	10.92	2132	2091	0.00	203	0	0	0	nan	0.00	0.55	4.09	84.11	89.08	0.00	39	0	42	0.00	0.00	66.07	7.60	0.00	0.00	2000
232	11.13	2070	2113	0.00	198	0	0	0	nan	0.03	0.00	7.14	82.30	88.87	0.00	39	0	42	0.00	0.00	64.86	7.54	0.00	0.00	2000
228	10.73	2128	2098	0.08	197	0	0	3	57.39	0.00	0.00	6.62	82.55	89.27	0.00	39	0	42	0.00	0.00	65.33	7.59	0.00	0.00	2000
228	11.25	2028	2098	0.77	198	0	0	3	66.39	0.00	0.01	5.70	83.11	88.75	0.00	39	0	42	0.00	0.00	64.15	7.40	0.00	0.00	2000
230	11.01	2088	2103	0.00	199	0	0	0	nan	0.00	0.00	6.50	82.68	88.99	0.00	39	0	42	0.00	0.00	65.24	7.55	0.00	0.00	2000
231	11.18	2075	2088	0.00	197	0	0	0	nan	0.00	0.00	6.54	81.89	88.82	0.00	39	0	42	0.00	0.00	64.77	7.47	0.00	0.00	2000
233	10.80	2137	2116	0.00	208	0	0	0	nan	0.00	0.00	6.24	83.72	89.20	0.00	39	0	42	0.00	0.00	67.04	7.68	0.00	0.00	2000
227	10.85	2112	2080	0.00	181	0	0	0	nan	0.00	0.01	4.92	83.42	89.15	0.00	39	0	42	0.00	0.00	64.72	7.45	0.00	0.00	2000
229	10.87	2100	2110	0.00	216	0	0	0	nan	0.00	0.04	4.43	85.06	89.13	0.00	39	0	42	0.00	0.00	64.38	7.59	0.00	0.00	2000
230	10.90	2104	2108	0.00	199	0	0	0	nan	0.00	0.00	5.23	84.34	89.10	0.00	39	0	42	0.00	0.00	65.25	7.64	0.00	0.00	2000
247	11.93	2064	2105	0.00	179	0	0	0	nan	0.00	0.02	5.99	82.25	88.07	0.00	39	0	42	0.00	0.00	66.98	7.58	0.00	0.00	2000
228	10.75	2151	2071	0.00	197	0	0	0	nan	0.00	0.02	3.48	84.58	89.25	0.00	39	0	42	0.00	0.00	59.58	6.93	0.00	0.00	2000
231	11.08	2062	2123	0.00	194	0	0	0	nan	0.00	0.03	1.33	88.66	88.92	0.00	39	0	42	0.00	0.00	65.42	7.51	0.00	0.00	2000
231	10.67	2156	2107	0.00	195	0	0	0	nan	0.00	0.00	1.88	87.81	89.33	0.00	39	0	42	0.00	0.00	66.58	7.49	0.00	0.00	2000
229	10.91	2108	2093	0.00	198	0	0	0	nan	0.00	0.01	3.63	85.23	89.09	0.00	39	0	42	0.00	0.00	65.57	7.59	0.00	0.00	2000
230	10.85	2114	2101	0.00	194	0	0	0	nan	0.00	0.00	3.70	85.49	89.15	0.00	39	0	42	0.00	0.00	64.41	7.53	0.00	0.00	2000
228	11.15	2050	2098	0.00	195	0	0	0	nan	0.00	0.00	3.96	84.90	88.85	0.00	39	0	42	0.00	0.00	64.67	7.59	0.00	0.00	2000
229	11.45	2004	2096	0.00	194	0	0	0	nan	0.00	0.00	4.26	84.26	88.55	0.00	39	0	42	0.00	0.00	63.96	7.55	0.00	0.00	2000
228	11.41	2000	2102	0.00	194	0	0	0	nan	0.00	0.00	3.92	84.82	88.59	0.00	39	0	42	0.00	0.00	64.55	7.42	0.00	0.00	2000
229	11.02	2076	2105	0.00	194	0	0	2	64.56	0.00	0.00	3.80	85.51	88.98	0.00	39	0	42	0.00	0.00	65.04	7.79	0.00	0.00	2000
227	11.19	2034	2100	0.80	195	0	0	4	60.64	0.00	0.00	4.09	84.86	88.81	0.00	39	0	42	0.00	0.00	62.66	7.51	0.00	0.00	2000
230	11.40	2019	2102	0.00	195	0	0	0	nan	0.00	0.00	4.26	84.57	88.60	0.00	39	0	42	0.00	0.00	66.06	7.38	0.00	0.00	2000
226	11.39	1985	2097	0.00	195	0	0	0	nan	0.00	0.00	3.69	85.00	88.61	0.00	39	0	42	0.00	0.00	64.39	7.62	0.00	0.00	2000
227	11.12	2049	2098	0.00	194	0	0	0	nan	0.00	0.02	3.07	85.86	88.88	0.00	39	0	42	0.00	0.00	64.01	7.28	0.00	0.00	2000
226	10.78	2106	2092	0.00	195	0	0	0	nan	0.00	0.00	2.59	86.22	89.22	0.00	39	0	42	0.00	0.00	65.88	7.40	0.00	0.00	2000
231	11.26	2039	2115	0.00	195	0	0	0	nan	0.00	0.00	4.10	85.34	88.74	0.00	39	0	42	0.00	0.00	65.29	7.56	0.00	0.00	2000
227	11.19	2037	2090	0.00	198	0	0	0	nan	0.00	0.00	4.63	83.85	88.81	0.00	39	0	42	0.00	0.00	64.59	7.48	0.00	0.00	2000
229	11.05	2077	2098	0.00	196	0	0	0	nan	0.00	0.00	3.78	85.18	88.95	0.00	39	0	42	0.00	0.00	64.72	7.47	0.00	0.00	2000
228	11.24	2024	2107	0.00	194	0	0	0	nan	0.00	0.00	3.99	85.18	88.76	0.00	39	0	42	0.00	0.00	64.79	7.44	0.00	0.00	2000
230	10.98	2092	2104	0.00	194	0	0	0	nan	0.00	0.00	3.93	85.43	89.02	0.00	39	0	42	0.00	0.00	65.94	7.54	0.00	0.00	2000
227	10.89	2093	2093	0.00	195	0	0	0	nan	0.00	0.02	3.33	85.46	89.11	0.00	39	0	42	0.00	0.00	64.17	7.47	0.00	0.00	2000
228	10.96	2089	2091	0.00	194	0	0	0	nan	0.00	0.00	3.95	84.76	89.04	0.00	39	0	42	0.00	0.00	64.97	7.43	0.00	0.00	2000
230	11.22	2043	2111	0.00	195	0	0	0	nan	0.00	0.00	5.09	84.24	88.78	0.00	39	0	42	0.00	0.00	64.56	7.61	0.00	0.00	2000
228	11.12	2048	2100	0.00	194	0	0	0	nan	0.00	0.00	4.44	84.61	88.88	0.00	39	0	42	0.00	0.00	64.27	7.42	0.00	0.00	2000
231	10.94	2109	2105	0.00	195	0	0	0	nan	0.00	0.00	5.09	84.20	89.06	0.00	39	0	42	0.00	0.00	65.61	7.51	0.00	0.00	2000
228	10.91	2095	2100	0.00	194	0	0	0	nan	0.00	0.00	3.64	85.52	89.09	0.00	39	0	42	0.00	0.00	64.89	7.64	0.00	0.00	2000
226	10.78	2105	2088	0.00	178	0	0	0	99.10	0.00	0.02	3.49	85.25	89.22	0.00	39	0	42	0.00	0.00	60.31	6.97	0.00	0.00	2000
232	11.12	2076	2111	0.78	195	0	0	4	45.11	0.00	0.00	2.99	86.47	88.88	0.00	39	0	42	0.00	0.00	65.76	7.51	0.00	0.00	2000
226	10.90	2084	2090	0.09	195	0	0	0	nan	0.00	0.02	3.37	85.42	89.10	0.00	39	0	42	0.00	0.00	65.78	7.62	0.00	0.00	2000
228	10.96	2083	2093	0.00	195	0	0	0	nan	0.00	0.00	3.68	85.09	89.04	0.00	39	0	42	0.00	0.00	65.38	7.74	0.00	0.00	2000
230	11.14	2046	2115	0.00	194	0	0	0	nan	0.00	0.00	3.42	86.08	88.86	0.00	39	0	42	0.00	0.00	64.99	7.66	0.00	0.00	2000
227	11.08	2060	2087	0.00	197	0	0	0	nan	0.00	0.00	3.51	84.98	88.92	0.00	39	0	42	0.00	0.00	64.71	7.64	0.00	0.00	2000
229	11.18	2038	2111	0.00	195	0	0	0	nan	0.00	0.00	4.24	85.07	88.82	0.00	39	0	42	0.00	0.00	64.99	7.63	0.00	0.00	2000
233	11.24	2070	2103	0.00	195	0	0	0	nan	0.00	0.00	3.62	85.32	88.76	0.00	39	0	42	0.00	0.00	65.05	7.64	0.00	0.00	2000
227	11.14	2041	2097	0.00	194	0	0	0	nan	0.00	0.00	3.76	85.14	88.86	0.00	39	0	42	0.00	0.00	64.66	7.49	0.00	0.00	2000
230	11.03	2086	2102	0.00	194	0	0	0	nan	0.00	0.00	4.12	84.99	88.97	0.00	39	0	42	0.00	0.00	62.23	7.43	0.00	0.00	2000
226	10.89	2094	2087	0.00	195	0	0	0	nan	0.00	0.00	4.35	84.30	89.11	0.00	39	0	42	0.00	0.00	67.97	7.26	0.00	0.00	2000
232	11.07	2083	2114	0.00	182	0	0	0	nan	0.00	0.00	5.34	84.35	88.93	0.00	39	0	42	0.00	0.00	60.52	7.46	0.00	0.00	2000
229	11.10	2064	2099	0.00	196	0	0	0	nan	0.00	0.00	3.52	85.44	88.90	0.00	39	0	42	0.00	0.00	65.84	7.70	0.00	0.00	2000
229	11.04	2070	2108	0.00	194	0	0	0	nan	0.00	0.01	2.34	87.05	88.96	0.00	39	0	42	0.00	0.00	65.06	7.62	0.00	0.00	2000
224	10.73	2106	2084	0.00	194	0	0	0	nan	0.00	0.02	3.22	85.44	89.27	0.00	39	0	42	0.00	0.00	65.65	7.51	0.00	0.00	2000
234	10.97	2124	2112	0.00	195	0	0	0	nan	0.00	0.00	4.08	85.48	89.03	0.00	39	0	42	0.00	0.00	66.58	7.68	0.00	0.00	2000
227	10.93	2083	2099	0.00	178	0	0	0	nan	0.00	0.00	3.74	85.41	89.07	0.00	39	0	42	0.00	0.00	60.94	7.03	0.00	0.00	2000
229	10.90	2104	2097	0.00	194	0	0	0	nan	0.00	0.00	3.46	85.57	89.10	0.00	39	0	42	0.00	0.00	66.94	7.63	0.00	0.00	2000
228	10.99	2085	2094	0.38	195	0	0	4	51.65	0.00	0.02	2.65	86.19	89.01	0.00	39	0	42	0.00	0.00	65.43	7.64	0.00	0.00	2000
231	11.17	2061	2109	0.54	196	0	0	2	82.10	0.00	0.00	3.33	85.88	88.83	0.00	39	0	42	0.00	0.00	65.34	7.43	0.00	0.00	2000
228	10.94	2083	2097	0.00	194	0	0	0	nan	0.00	0.00	3.57	85.50	89.06	0.00	39	0	42	0.00	0.00	65.25	7.58	0.00	0.00	2000
235	11.29	2088	2095	0.00	194	0	0	0	nan	0.00	0.00	3.83	84.76	88.71	0.00	39	0	42	0.00	0.00	64.71	7.53	0.00	0.00	2000
230	10.92	2093	2110	0.00	197	0	0	0	nan	0.00	0.00	3.64	86.00	89.08	0.00	39	0	42	0.00	0.00	61.16	7.14	0.00	0.00	2000
226	10.89	2094	2080	0.00	180	0	0	0	nan	0.00	0.03	3.65	84.75	89.11	0.00	39	0	42	0.00	0.00	64.68	7.60	0.00	0.00	2000
232	11.08	2078	2112	0.00	195	0	0	0	nan	0.00	0.03	2.69	86.89	88.92	0.00	39	0	42	0.00	0.00	65.49	7.68	0.00	0.00	2000
229	10.83	2114	2100	0.00	194	0	0	0	nan	0.00	0.02	2.95	86.24	89.17	0.00	39	0	42	0.00	0.00	64.59	7.55	0.00	0.00	2000
229	11.00	2078	2108	0.00	194	0	0	0	nan	0.00	0.00	2.73	86.70	89.00	0.00	39	0	42	0.00	0.00	66.60	7.56	0.00	0.00	2000
223	10.86	2086	2068	0.00	195	0	0	0	nan	0.00	0.00	2.66	85.24	89.14	0.00	39	0	42	0.00	0.00	64.78	7.54	0.00	0.00	2000
235	10.89	2116	2137	0.00	194	0	0	0	nan	0.00	0.00	3.10	87.75	89.11	0.00	39	0	42	0.00	0.00	64.23	7.82	0.00	0.00	2000
229	10.77	2138	2091	0.00	195	0	0	0	nan	0.00	0.00	4.26	84.60	89.23	0.00	39	0	42	0.00	0.00	65.01	7.33	0.00	0.00	2000
226	10.63	2143	2085	0.00	178	0	0	0	nan	0.00	0.02	3.63	85.10	89.37	0.00	39	0	42	0.00	0.00	62.54	7.33	0.00	0.00	2000
232	10.83	2128	2114	0.00	199	0	0	0	nan	0.00	0.00	4.08	85.72	89.17	0.00	39	0	42	0.00	0.00	65.63	7.56	0.00	0.00	2000
231	10.96	2101	2107	0.00	196	0	0	0	nan	0.00	0.01	3.78	85.61	89.04	0.00	39	0	42	0.00	0.00	65.69	7.64	0.00	0.00	2000
228	10.99	2075	2096	0.00	194	0	0	0	nan	0.00	0.03	2.39	86.54	89.01	0.00	39	0	42	0.00	0.00	64.75	7.58	0.00	0.00	2000
228	10.99	2078	2099	0.00	194	0	0	0	nan	0.00	0.00	2.52	86.53	89.01	0.00	39	0	42	0.00	0.00	66.07	7.75	0.00	0.00	2000
230	10.97	2104	2089	0.00	195	0	0	3	58.34	0.00	0.00	2.94	85.65	89.03	0.00	39	0	42	0.00	0.00	65.12	7.43	0.00	0.00	2000
230	11.03	2075	2111	0.78	195	0	0	4	61.44	0.00	0.00	3.72	85.77	88.97	0.00	39	0	42	0.00	0.00	62.94	7.27	0.00	0.00	2000
228	10.95	2089	2095	0.00	194	0	0	0	nan	0.00	0.00	3.63	85.38	89.05	0.00	39	0	42	0.00	0.00	64.72	7.38	0.00	0.00	2000
227	11.01	2064	2101	0.00	194	0	0	0	nan	0.00	0.00	3.98	85.16	88.99	0.00	39	0	42	0.00	0.00	64.91	7.61	0.00	0.00	2000
227	10.90	2093	2089	0.00	194	0	0	0	nan	0.00	0.00	3.88	84.86	89.10	0.00	39	0	42	0.00	0.00	62.17	7.24	0.00	0.00	2000
230	11.08	2069	2109	0.00	196	0	0	0	nan	0.00	0.03	4.80	84.55	88.92	0.00	39	0	42	0.00	0.00	64.96	7.53	0.00	0.00	2000
228	10.99	2076	2101	0.00	194	0	0	0	nan	0.00	0.00	4.25	84.86	89.01	0.00	39	0	42	0.00	0.00	67.55	7.94	0.00	0.00	2000
227	11.05	2055	2098	0.00	194	0	0	0	nan	0.00	0.00	4.23	84.73	88.95	0.00	39	0	42	0.00	0.00	64.47	7.44	0.00	0.00	2000
228	10.93	2092	2095	0.00	194	0	0	0	nan	0.00	0.00	4.25	84.66	89.07	0.00	39	0	42	0.00	0.00	62.30	7.42	0.00	0.00	2000
231	10.76	2132	2112	0.00	179	0	0	0	nan	0.00	0.03	4.24	85.55	89.24	0.00	39	0	42	0.00	0.00	66.78	7.78	0.00	0.00	2000
230	10.88	2133	2079	0.00	211	0	0	0	nan	0.00	0.00	3.48	84.80	89.12	0.00	39	0	42	0.00	0.00	63.95	7.51	0.00	0.00	2000
230	11.13	2089	2073	0.00	178	0	0	0	nan	0.00	0.00	3.71	84.11	88.87	0.00	39	0	42	0.00	0.00	63.04	7.43	0.00	0.00	2000
228	11.01	2023	2147	0.00	210	0	0	0	nan	0.00	0.00	4.44	86.64	88.99	0.00	39	0	42	0.00	0.00	67.33	7.93	0.00	0.00	2000
227	11.06	2059	2096	0.00	195	0	0	0	nan	0.00	0.00	3.44	85.34	88.94	0.00	39	0	42	0.00	0.00	65.07	7.45	0.00	0.00	2000
232	10.90	2124	2103	0.00	195	0	0	0	nan	0.00	0.00	3.45	85.76	89.10	0.00	39	0	41	0.00	0.00	64.96	7.70	0.00	0.00	2000
231	11.30	2044	2098	0.00	197	0	0	0	nan	0.00	0.00	3.86	84.85	88.70	0.00	39	0	42	0.00	0.00	65.01	7.41	0.00	0.00	2000
229	11.16	2053	2103	0.00	198	0	0	0	nan	0.00	0.00	3.18	85.83	88.84	0.00	39	0	42	0.00	0.00	64.16	7.48	0.00	0.00	2000
230	10.79	2131	2099	0.00	197	0	0	1	73.80	0.00	0.01	2.84	86.26	89.21	0.00	39	0	42	0.00	0.00	63.08	7.25	0.00	0.00	2000
228	11.24	2031	2099	0.85	194	0	0	5	58.24	0.00	0.00	4.34	84.51	88.76	0.00	39	0	42	0.00	0.00	64.50	7.51	0.00	0.00	2000
237	11.64	2056	2079	0.00	194	0	0	0	nan	0.00	0.00	4.11	83.42	88.36	0.00	39	0	42	0.00	0.00	65.49	7.47	0.00	0.00	2000
229	10.93	2093	2106	0.00	194	0	0	0	nan	0.00	0.00	4.59	84.79	89.07	0.00	39	0	42	0.00	0.00	65.09	7.51	0.00	0.00	2000
233	10.91	2109	2124	0.00	179	0	0	0	nan	0.00	0.00	4.32	85.88	89.09	0.00	39	0	42	0.00	0.00	67.07	7.66	0.00	0.00	2000
227	10.84	2108	2088	0.00	195	0	0	0	nan	0.00	0.00	3.77	84.92	89.16	0.00	39	0	42	0.00	0.00	63.17	7.41	0.00	0.00	2000
227	10.80	2104	2094	0.00	195	0	0	0	nan	0.00	0.00	2.58	86.46	89.20	0.00	39	0	42	0.00	0.00	62.23	7.25	0.00	0.00	2000
230	11.19	2054	2100	0.00	194	0	0	0	nan	0.00	0.00	3.34	85.57	88.81	0.00	39	0	42	0.00	0.00	64.72	7.58	0.00	0.00	2000
229	11.22	2034	2109	0.00	194	0	0	0	nan	0.00	0.00	4.05	85.17	88.78	0.00	39	0	42	0.00	0.00	65.52	7.45	0.00	0.00	2000
232	11.37	2036	2102	0.00	197	0	0	0	nan	0.00	0.00	4.89	83.86	88.63	0.00	39	0	42	0.00	0.00	64.72	7.70	0.00	0.00	2000
227	11.21	2033	2096	0.00	197	0	0	0	nan	0.00	0.00	4.92	83.85	88.79	0.00	39	0	42	0.00	0.00	65.20	7.70	0.00	0.00	2000
231	11.02	2094	2100	0.00	195	0	0	0	nan	0.00	0.00	4.01	85.00	88.98	0.00	39	0	42	0.00	0.00	64.58	7.46	0.00	0.00	2000
225	11.13	2020	2099	0.00	194	0	0	0	nan	0.00	0.00	3.94	85.01	88.87	0.00	39	0	42	0.00	0.00	64.41	7.52	0.00	0.00	2000
228	11.20	2040	2095	0.00	196	0	0	0	nan	0.00	0.00	3.68	85.06	88.80	0.00	39	0	42	0.00	0.00	63.39	7.68	0.00	0.00	2000
232	11.17	2069	2103	0.00	194	0	0	0	nan	0.00	0.01	1.96	87.09	88.83	0.00	39	0	42	0.00	0.00	64.93	7.69	0.00	0.00	2000
225	11.58	1994	2048	0.00	194	0	0	0	nan	0.00	0.00	1.66	84.75	88.42	0.00	39	0	42	0.00	0.00	65.56	7.62	0.00	0.00	2000
229	11.02	2020	2156	0.00	210	0	0	0	nan	0.00	0.02	3.63	87.76	88.98	0.00	39	0	41	0.00	0.00	63.96	7.68	0.00	0.00	2000
230	11.22	2042	2107	0.00	196	0	0	0	nan	0.00	0.00	2.74	86.38	88.78	0.00	39	0	42	0.00	0.00	67.58	7.82	0.00	0.00	2000
232	10.95	2119	2101	0.78	199	0	0	4	41.38	0.00	0.00	3.42	85.82	89.05	0.00	39	0	42	0.00	0.00	63.82	7.43	0.00	0.00	2000
228	10.98	2098	2083	0.15	195	0	0	0	nan	0.00	0.02	4.76	83.69	89.02	0.00	39	0	42	0.00	0.00	65.34	7.49	0.00	0.00	2000
229	11.33	2013	2109	0.00	197	0	0	0	nan	0.00	0.00	5.81	83.34	88.67	0.00	39	0	42	0.00	0.00	64.41	7.55	0.00	0.00	2000
229	10.94	2094	2096	0.00	196	0	0	0	nan	0.00	0.00	4.59	84.35	89.06	0.00	39	0	42	0.00	0.00	65.56	7.58	0.00	0.00	2000
228	11.00	2069	2109	0.00	194	0	0	0	nan	0.03	0.00	4.44	85.08	89.00	0.00	39	0	42	0.00	0.00	64.88	7.63	0.00	0.00	2000
230	10.89	2107	2104	0.00	195	0	0	0	nan	0.00	0.00	3.76	85.63	89.11	0.00	39	0	42	0.00	0.00	66.07	7.79	0.00	0.00	2000
231	11.05	2086	2105	0.00	179	0	0	0	nan	0.01	0.00	2.97	86.27	88.95	0.00	39	0	42	0.00	0.00	63.41	7.42	0.00	0.00	2000
226	11.03	2063	2084	0.00	196	0	0	0	nan	0.00	0.01	3.11	85.34	88.97	0.00	39	0	42	0.00	0.00	62.36	7.26	0.00	0.00	2000
230	11.18	2044	2109	0.00	194	0	0	0	nan	0.00	0.02	1.69	87.67	88.82	0.00	39	0	42	0.00	0.00	64.99	7.53	0.00	0.00	2000
228	11.31	2065	2052	0.00	194	0	0	0	nan	0.00	0.00	2.06	84.61	88.69	0.00	39	0	42	0.00	0.00	63.32	7.45	0.00	0.00	2000
227	10.51	2123	2140	0.00	209	0	0	0	nan	0.00	0.02	3.39	87.90	89.49	0.00	39	0	42	0.00	0.00	68.86	7.93	0.00	0.00	2000
234	11.31	2065	2109	0.00	211	0	0	0	nan	0.00	0.00	7.48	81.61	88.69	0.00	39	0	42	0.00	0.00	64.49	7.54	0.00	0.00	2000
230	11.03	2089	2099	0.00	195	0	0	0	nan	0.00	0.00	4.94	84.06	88.97	0.00	39	0	42	0.00	0.00	65.10	7.70	0.00	0.00	2000
226	11.02	2079	2069	0.00	194	0	0	0	nan	0.00	0.00	3.76	83.99	88.98	0.00	38	0	42	0.00	0.00	63.25	7.55	0.00	0.00	2000
231	11.09	2048	2137	0.00	195	0	0	0	nan	0.00	0.00	3.66	86.86	88.91	0.00	39	0	41	0.00	0.00	65.69	7.66	0.00	0.00	2000
228	11.01	2070	2097	0.00	194	0	0	0	nan	0.00	0.00	3.97	84.98	88.99	0.00	39	0	42	0.00	0.00	65.28	7.54	0.00	0.00	2000
230	11.24	2039	2106	0.00	195	0	0	0	nan	0.00	0.00	4.52	84.61	88.76	0.00	39	0	42	0.00	0.00	64.32	7.26	0.00	0.00	2000
227	11.04	2062	2093	0.57	195	0	0	4	40.87	0.00	0.00	3.93	84.84	88.96	0.00	39	0	42	0.00	0.00	65.05	7.52	0.00	0.00	2000
228	11.15	2044	2099	0.35	196	0	0	0	nan	0.00	0.01	4.15	84.70	88.85	0.00	39	0	42	0.00	0.00	64.63	7.43	0.00	0.00	2000
227	11.06	2058	2098	0.00	194	0	0	0	nan	0.00	0.00	4.23	84.68	88.94	0.00	39	0	42	0.00	0.00	64.44	7.21	0.00	0.00	2000
229	10.92	2096	2104	0.00	196	0	0	0	nan	0.00	0.00	4.26	84.96	89.08	0.00	39	0	42	0.00	0.00	65.40	7.51	0.00	0.00	2000
229	10.97	2087	2098	0.00	194	0	0	0	nan	0.00	0.00	3.76	85.34	89.03	0.00	39	0	42	0.00	0.00	64.87	7.45	0.00	0.00	2000
229	11.18	2053	2097	0.00	203	0	0	0	nan	0.00	0.00	4.41	84.38	88.82	0.00	39	0	42	0.00	0.00	64.40	7.52	0.00	0.00	2000
231	11.14	2072	2104	0.00	205	0	0	0	nan	0.00	0.00	5.87	83.22	88.86	0.00	39	0	42	0.00	0.00	64.82	7.50	0.00	0.00	2000
229	11.20	2048	2095	0.00	195	0	0	0	nan	0.00	0.00	4.28	84.44	88.80	0.00	39	0	41	0.00	0.00	64.38	7.52	0.00	0.00	2000
228	10.89	2089	2102	0.00	194	0	0	0	nan	0.00	0.00	4.01	85.12	89.11	0.00	39	0	42	0.00	0.00	64.78	7.39	0.00	0.00	2000
226	11.03	2063	2090	0.00	194	0	0	0	nan	0.00	0.00	4.13	84.49	88.97	0.00	39	0	42	0.00	0.00	64.91	7.54	0.00	0.00	2000
231	11.25	2044	2114	0.00	195	0	0	0	nan	0.00	0.00	4.88	84.50	88.75	0.00	39	0	42	0.00	0.00	64.68	7.30	0.00	0.00	2000
225	10.97	2080	2068	0.00	196	0	0	0	nan	0.00	0.00	4.00	83.73	89.03	0.00	39	0	42	0.00	0.00	63.66	7.30	0.00	0.00	2000
234	10.80	2127	2138	0.00	194	0	0	0	nan	0.00	0.00	3.75	87.07	89.20	0.00	39	0	42	0.00	0.00	65.98	7.48	0.00	0.00	2000
227	11.20	2033	2094	0.00	194	0	0	0	nan	0.00	0.02	3.78	84.86	88.80	0.00	39	0	42	0.00	0.00	65.11	7.43	0.00	0.00	2000
228	11.10	2054	2098	0.00	195	0	0	0	nan	0.00	0.00	3.84	85.05	88.90	0.00	39	0	42	0.00	0.00	64.07	7.63	0.00	0.00	2000
229	10.99	2089	2091	0.00	196	0	0	0	nan	0.00	0.02	3.64	85.01	89.01	0.00	39	0	42	0.00	0.00	65.44	7.62	0.00	0.00	2000
228	11.06	2078	2080	0.00	194	0	0	0	nan	0.00	0.00	4.10	84.11	88.94	0.00	39	0	42	0.00	0.00	63.80	7.49	0.00	0.00	2000
229	10.91	2069	2133	0.38	194	0	0	4	50.87	0.00	0.00	3.60	86.92	89.09	0.00	39	0	42	0.00	0.00	65.19	7.41	0.00	0.00	2000
234	11.39	2061	2090	0.52	196	0	0	2	82.82	0.00	0.02	2.97	85.26	88.61	0.00	39	0	42	0.00	0.00	64.94	7.47	0.00	0.00	2000
229	11.12	2053	2110	0.00	194	0	0	0	nan	0.00	0.03	2.84	86.59	88.88	0.00	39	0	42	0.00	0.00	65.97	7.48	0.00	0.00	2000
231	11.09	2083	2098	0.00	196	0	0	0	nan	0.00	0.01	3.63	85.31	88.91	0.00	39	0	42	0.00	0.00	64.90	7.56	0.00	0.00	2000
229	11.15	2056	2097	0.00	193	0	0	0	nan	0.00	0.00	3.51	85.33	88.85	0.00	39	0	42	0.00	0.00	64.37	7.39	0.00	0.00	2000
227	11.08	2044	2103	0.00	194	0	0	0	nan	0.00	0.00	3.96	85.20	88.92	0.00	39	0	42	0.00	0.00	64.68	7.49	0.00	0.00	2000
227	11.13	2035	2102	0.00	194	0	0	0	nan	0.00	0.00	3.65	85.41	88.87	0.00	39	0	42	0.00	0.00	65.23	7.48	0.00	0.00	2000
224	11.47	2027	2024	0.00	199	0	0	0	nan	0.00	0.00	4.60	80.83	88.53	0.00	39	0	42	0.00	0.00	61.04	7.01	0.00	0.00	2000
236	10.91	2079	2186	0.00	219	0	0	0	nan	0.00	0.00	5.66	87.09	89.09	0.00	39	0	42	0.00	0.00	69.10	7.97	0.00	0.00	2000
230	10.99	2100	2098	0.00	200	0	0	0	nan	0.00	0.00	5.29	83.68	89.01	0.00	39	0	42	0.00	0.00	65.45	7.59	0.00	0.00	2000
229	10.90	2103	2099	0.00	200	0	0	0	nan	0.00	0.02	5.91	83.21	89.10	0.00	39	0	42	0.00	0.00	63.04	7.15	0.00	0.00	2000
229	10.81	2130	2090	0.00	199	0	0	0	nan	0.00	0.00	5.28	83.55	89.19	0.00	39	0	42	0.00	0.00	64.90	7.50	0.00	0.00	2000
229	10.87	2114	2093	0.00	182	0	0	0	nan	0.00	0.00	5.54	83.37	89.13	0.00	39	0	42	0.00	0.00	62.75	7.25	0.00	0.00	2000
232	11.03	2104	2098	0.00	218	0	0	0	nan	0.00	0.02	6.25	82.65	88.97	0.00	39	0	42	0.00	0.00	64.40	7.34	0.00	0.00	2000
230	11.09	2062	2117	0.00	198	0	0	0	nan	0.00	0.03	6.88	82.84	88.91	0.00	39	0	42	0.00	0.00	67.69	7.63	0.00	0.00	2000
229	10.93	2099	2100	0.00	200	0	0	0	nan	0.01	0.00	5.44	83.64	89.07	0.00	39	0	42	0.00	0.00	64.32	7.36	0.00	0.00	2000
227	10.80	2119	2080	0.00	182	0	0	0	nan	0.00	0.05	3.77	84.61	89.20	0.00	39	0	42	0.00	0.00	62.75	7.10	0.00	0.00	2000
232	10.92	2101	2124	0.19	215	0	0	5	51.47	0.01	0.00	4.95	85.22	89.08	0.00	39	0	42	0.00	0.00	65.13	7.43	0.00	0.00	2000
230	10.98	2097	2099	0.69	182	0	0	4	66.87	0.00	0.04	5.73	83.33	89.02	0.00	39	0	42	0.00	0.00	65.91	7.65	0.00	0.00	2000
228	10.75	2132	2088	0.00	195	0	0	0	nan	0.00	0.02	3.53	85.31	89.25	0.00	39	0	42	0.00	0.00	65.89	7.58	0.00	0.00	2000
229	11.14	2046	2114	0.00	194	0	0	0	nan	0.00	0.01	1.45	88.09	88.86	0.00	39	0	42	0.00	0.00	64.53	7.46	0.00	0.00	2000
228	11.18	2088	2050	0.00	195	0	0	0	nan	0.00	0.03	1.86	84.86	88.82	0.00	39	0	42	0.00	0.00	63.18	7.09	0.00	0.00	2000
228	10.41	2138	2152	0.00	211	0	0	0	nan	0.00	0.00	3.80	87.98	89.59	0.00	39	0	42	0.00	0.00	66.96	7.92	0.00	0.00	2000
229	11.13	2064	2093	0.00	196	0	0	0	nan	0.00	0.01	4.41	84.26	88.87	0.00	39	0	42	0.00	0.00	59.38	7.28	0.00	0.00	2000
227	11.12	2044	2100	0.00	194	0	0	0	nan	0.00	0.00	4.28	84.65	88.88	0.00	39	0	42	0.00	0.00	69.43	7.44	0.00	0.00	2000
230	10.94	2103	2097	0.00	194	0	0	0	nan	0.00	0.00	4.22	84.76	89.06	0.00	39	0	42	0.00	0.00	62.49	7.34	0.00	0.00	2000
229	10.67	2137	2106	0.00	194	0	0	0	nan	0.00	0.00	4.70	84.83	89.33	0.00	39	0	42	0.00	0.00	64.22	7.61	0.00	0.00	2000
228	10.98	2075	2099	0.00	194	0	0	0	nan	0.00	0.00	4.13	84.88	89.02	0.00	39	0	42	0.00	0.00	67.54	7.80	0.00	0.00	2000
227	11.23	2024	2098	0.00	195	0	0	0	nan	0.00	0.00	5.18	83.54	88.77	0.00	39	0	42	0.00	0.00	64.41	7.63	0.00	0.00	2000
234	10.95	2132	2106	0.00	197	0	0	0	nan	0.00	0.00	4.23	85.10	89.05	0.00	39	0	42	0.00	0.00	64.99	7.63	0.00	0.00	2000
229	11.01	2082	2099	0.00	198	0	0	0	nan	0.00	0.00	4.69	84.31	88.99	0.00	39	0	42	0.00	0.00	61.80	7.19	0.00	0.00	2000
229	11.09	2065	2098	0.00	194	0	0	0	nan	0.00	0.00	3.82	85.11	88.91	0.00	39	0	42	0.00	0.00	64.68	7.48	0.00	0.00	2000
229	10.83	2114	2102	0.00	195	0	0	0	nan	0.00	0.00	4.67	84.60	89.17	0.00	39	0	42	0.00	0.00	65.41	7.54	0.00	0.00	2000
228	10.99	2075	2098	0.00	194	0	0	0	nan	0.00	0.00	3.36	85.61	89.01	0.00	39	0	42	0.00	0.00	64.48	7.20	0.00	0.00	2000
229	11.27	2038	2098	0.02	194	0	0	4	54.64	0.00	0.00	3.83	84.86	88.73	0.00	39	0	42	0.00	0.00	64.50	7.49	0.00	0.00	2000
229	10.74	2126	2108	0.84	194	0	0	4	61.88	0.00	0.00	4.20	85.41	89.26	0.00	39	0	42	0.00	0.00	65.63	7.39	0.00	0.00	2000
243	11.68	2088	2092	0.00	195	0	0	0	nan	0.00	0.00	4.65	83.36	88.32	0.00	39	0	42	0.00	0.00	65.07	7.63	0.00	0.00	2000
231	10.80	2135	2101	0.00	194	0	0	0	nan	0.00	0.00	4.11	85.19	89.20	0.00	39	0	42	0.00	0.00	64.85	7.52	0.00	0.00	2000
228	10.69	2124	2106	0.00	195	0	0	0	nan	0.00	0.00	4.33	85.29	89.31	0.00	39	0	42	0.00	0.00	65.51	7.62	0.00	0.00	2000
232	10.83	2139	2099	0.00	195	0	0	0	nan	0.00	0.00	3.94	85.23	89.17	0.00	39	0	42	0.00	0.00	66.42	7.77	0.00	0.00	2000
230	10.81	2121	2109	0.00	179	0	0	0	nan	0.00	0.02	3.66	85.82	89.19	0.00	39	0	42	0.00	0.00	63.96	7.40	0.00	0.00	2000
228	11.32	2070	2045	0.00	196	0	0	0	nan	0.00	0.01	3.92	82.57	88.68	0.00	39	0	42	0.00	0.00	63.69	7.43	0.00	0.00	2000
228	10.61	2104	2147	0.00	211	0	0	0	nan	0.00	0.02	4.19	87.20	89.39	0.00	39	0	42	0.00	0.00	65.31	7.61	0.00	0.00	2000
227	11.15	2040	2094	0.00	194	0	0	0	nan	0.00	0.00	4.24	84.43	88.85	0.00	39	0	42	0.00	0.00	64.21	7.53	0.00	0.00	2000
230	11.27	2038	2105	0.00	196	0	0	0	nan	0.00	0.00	4.32	84.69	88.73	0.00	39	0	42	0.00	0.00	65.19	7.50	0.00	0.00	2000
229	11.48	1998	2099	0.00	194	0	0	0	nan	0.00	0.00	3.58	85.03	88.52	0.00	39	0	42	0.00	0.00	63.81	7.44	0.00	0.00	2000
227	11.22	2026	2099	0.00	195	0	0	0	nan	0.00	0.00	3.43	85.52	88.78	0.00	39	0	42	0.00	0.00	65.35	7.59	0.00	0.00	2000
229	11.37	2013	2100	0.00	194	0	0	0	nan	0.00	0.00	3.77	85.00	88.63	0.00	39	0	42	0.00	0.00	64.04	7.35	0.00	0.00	2000
228	11.28	2024	2101	0.00	194	0	0	0	nan	0.00	0.00	3.74	85.23	88.72	0.00	39	0	42	0.00	0.00	65.33	7.40	0.00	0.00	2000
231	11.31	2043	2101	0.00	197	1	0	0	nan	0.00	0.00	3.84	84.99	88.69	0.00	39	0	42	0.00	0.00	64.54	7.62	0.00	0.00	2000
229	11.16	2055	2102	0.00	198	0	0	0	nan	0.00	0.00	4.63	84.35	88.84	0.00	39	0	42	0.00	0.00	64.78	7.62	0.00	0.00	2000
229	11.30	2024	2099	0.00	195	0	0	2	62.81	0.00	0.00	4.54	84.28	88.70	0.00	39	0	42	0.00	0.00	64.34	7.59	0.00	0.00	2000
226	11.13	2037	2097	0.81	194	0	0	6	58.58	0.00	0.00	4.16	84.66	88.87	0.00	39	0	42	0.00	0.00	64.63	7.65	0.00	0.00	2000
225	11.33	2057	2025	0.00	195	0	0	0	nan	0.00	0.02	3.20	82.32	88.67	0.00	39	0	42	0.00	0.00	61.66	7.06	0.00	0.00	2000
232	10.65	2104	2177	0.00	211	0	0	0	nan	0.00	0.00	3.59	89.06	89.35	0.00	39	0	42	0.00	0.00	68.81	7.88	0.00	0.00	2000
229	11.10	2059	2107	0.00	194	0	0	0	nan	0.00	0.00	4.07	85.20	88.90	0.00	39	0	42	0.00	0.00	64.67	7.33	0.00	0.00	2000
227	10.95	2078	2091	0.00	194	0	0	0	nan	0.00	0.00	3.79	84.95	89.05	0.00	39	0	42	0.00	0.00	65.93	7.67	0.00	0.00	2000
228	11.26	2024	2103	0.00	194	0	0	0	nan	0.00	0.00	4.43	84.56	88.74	0.00	39	0	42	0.00	0.00	63.76	7.48	0.00	0.00	2000
228	11.33	2005	2104	0.00	194	0	0	0	nan	0.00	0.00	4.17	84.76	88.67	0.00	39	0	42	0.00	0.00	64.59	7.37	0.00	0.00	2000
232	11.08	2087	2106	0.00	197	0	0	0	nan	0.00	0.00	3.62	85.62	88.92	0.00	39	0	42	0.00	0.00	65.43	7.42	0.00	0.00	2000
227	10.91	2091	2094	0.00	194	0	0	0	nan	0.00	0.00	3.88	85.09	89.09	0.00	39	0	42	0.00	0.00	65.53	7.51	0.00	0.00	2000
231	10.96	2104	2100	0.00	196	0	0	0	nan	0.00	0.02	3.03	86.10	89.04	0.00	39	0	42	0.00	0.00	64.58	7.45	0.00	0.00	2000
229	10.80	2119	2097	0.00	178	0	0	0	nan	0.00	0.00	3.12	86.05	89.20	0.00	39	0	42	0.00	0.00	64.03	7.37	0.00	0.00	2000
226	10.84	2110	2077	0.00	194	0	0	0	nan	0.01	0.00	2.18	86.13	89.16	0.00	39	0	42	0.00	0.00	61.26	7.35	0.00	0.00	2000
232	11.09	2062	2131	0.00	194	0	0	0	nan	0.00	0.02	1.32	88.97	88.91	0.00	39	0	42	0.00	0.00	66.52	7.74	0.00	0.00	2000
233	11.22	2069	2106	0.00	196	0	0	0	nan	0.00	0.02	3.01	86.01	88.78	0.00	39	0	42	0.00	0.00	64.58	7.58	0.00	0.00	2000
224	10.75	2106	2081	0.00	194	0	0	0	nan	0.00	0.00	3.25	85.32	89.26	0.00	39	0	42	0.00	0.00	65.88	7.68	0.00	0.00	2000
232	10.90	2114	2115	0.00	194	0	0	0	nan	0.00	0.00	3.19	86.64	89.10	0.00	39	0	42	0.00	0.00	66.35	7.74	0.00	0.00	2000
223	11.11	2051	2058	0.00	196	0	0	0	92.59	0.00	0.00	3.84	83.41	88.89	0.00	39	0	42	0.00	0.00	63.16	7.26	0.00	0.00	2000
229	11.03	2062	2113	0.85	195	0	0	7	52.11	0.00	0.00	3.67	85.90	88.97	0.00	39	0	42	0.00	0.00	62.55	7.15	0.00	0.00	2000
232	10.93	2111	2113	0.00	197	0	0	0	nan	0.00	0.00	2.87	86.85	89.07	0.00	39	0	42	0.00	0.00	66.09	7.71	0.00	0.00	2000
233	11.14	2075	2113	0.00	195	0	0	0	nan	0.00	0.00	2.14	87.38	88.86	0.00	39	0	42	0.00	0.00	65.88	7.48	0.00	0.00	2000
226	11.11	2041	2090	0.00	194	0	0	0	nan	0.00	0.01	2.47	86.11	88.89	0.00	39	0	42	0.00	0.00	64.50	7.41	0.00	0.00	2000
229	11.42	2045	2061	0.00	195	0	0	0	nan	0.00	0.00	2.27	84.73	88.58	0.00	39	0	42	0.00	0.00	63.20	7.27	0.00	0.00	2000
228	10.93	2034	2148	0.00	210	0	0	0	nan	0.00	0.00	4.00	87.22	89.07	0.00	39	0	42	0.00	0.00	67.94	7.63	0.00	0.00	2000
231	11.15	2065	2103	0.00	195	0	0	0	nan	0.00	0.00	3.67	85.36	88.85	0.00	39	0	42	0.00	0.00	64.68	7.64	0.00	0.00	2000
227	10.94	2081	2096	0.00	194	0	0	0	nan	0.00	0.00	3.99	85.03	89.06	0.00	39	0	42	0.00	0.00	65.10	7.59	0.00	0.00	2000
228	11.29	2022	2100	0.00	193	0	0	0	nan	0.00	0.00	3.62	85.20	88.71	0.00	39	0	42	0.00	0.00	64.06	7.48	0.00	0.00	2000
229	11.01	2079	2104	0.00	195	0	0	0	nan	0.00	0.00	4.43	84.86	88.99	0.00	39	0	42	0.00	0.00	62.30	7.64	0.00	0.00	2000
230	11.07	2077	2097	0.00	194	0	0	0	nan	0.00	0.00	4.02	84.79	88.93	0.00	39	0	42	0.00	0.00	67.56	7.41	0.00	0.00	2000
229	11.00	2082	2099	0.00	195	0	0	0	nan	0.00	0.00	4.72	84.34	89.00	0.00	39	0	42	0.00	0.00	65.26	7.47	0.00	0.00	2000
228	11.14	2049	2098	0.00	194	0	0	0	nan	0.00	0.00	4.17	84.65	88.86	0.00	39	0	42	0.00	0.00	63.84	7.39	0.00	0.00	2000
228	11.26	2026	2099	0.00	195	0	0	0	nan	0.00	0.00	4.78	84.01	88.74	0.00	39	0	42	0.00	0.00	64.52	7.46	0.00	0.00	2000
227	11.00	2071	2093	0.00	195	0	0	0	nan	0.00	0.00	3.84	84.92	89.00	0.00	39	0	42	0.00	0.00	64.62	7.66	0.00	0.00	2000
237	11.37	2068	2113	0.00	196	0	0	0	nan	0.00	0.00	4.13	85.12	88.63	0.00	39	0	42	0.00	0.00	65.61	7.61	0.00	0.00	2000
230	11.11	2076	2096	0.00	195	0	0	0	nan	0.00	0.00	4.54	84.14	88.89	0.00	39	0	42	0.00	0.00	64.41	7.47	0.00	0.00	2000
229	10.93	2099	2100	0.79	196	0	0	6	44.60	0.00	0.00	4.48	84.58	89.07	0.00	39	0	42	0.00	0.00	65.09	7.59	0.00	0.00	2000
227	11.05	2055	2104	0.15	194	0	0	0	nan	0.00	0.00	4.52	84.63	88.95	0.00	39	0	42	0.00	0.00	64.83	7.60	0.00	0.00	2000
228	11.27	2021	2099	0.00	194	0	0	0	nan	0.00	0.00	3.76	85.04	88.73	0.00	39	0	42	0.00	0.00	65.06	7.42	0.00	0.00	2000
228	11.01	2075	2099	0.00	195	0	0	0	nan	0.00	0.00	3.67	85.27	88.99	0.00	39	0	42	0.00	0.00	64.60	7.49	0.00	0.00	2000
228	10.83	2117	2092	0.00	196	0	0	0	nan	0.00	0.00	4.26	84.58	89.17	0.00	39	0	42	0.00	0.00	63.42	7.46	0.00	0.00	2000
231	11.28	2053	2099	0.00	197	0	0	0	nan	0.00	0.00	5.08	83.62	88.72	0.00	39	0	42	0.00	0.00	66.96	7.81	0.00	0.00	2000
225	10.64	2118	2097	0.00	194	0	0	0	nan	0.00	0.00	4.04	85.20	89.36	0.00	39	0	42	0.00	0.00	63.43	7.35	0.00	0.00	2000
230	11.06	2067	2112	0.00	194	0	0	0	nan	0.00	0.00	4.23	85.35	88.94	0.00	39	0	42	0.00	0.00	66.94	7.91	0.00	0.00	2000
227	11.11	2052	2093	0.00	196	0	0	0	nan	0.00	0.00	4.20	84.48	88.89	0.00	39	0	42	0.00	0.00	61.83	7.23	0.00	0.00	2000
234	11.07	2101	2114	0.00	195	0	0	0	nan	0.00	0.00	4.55	85.00	88.93	0.00	39	0	42	0.00	0.00	67.44	7.81	0.00	0.00	2000
228	10.93	2099	2087	0.00	194	0	0	0	nan	0.00	0.00	3.98	84.56	89.07	0.00	39	0	42	0.00	0.00	64.36	7.35	0.00	0.00	2000
227	10.85	2092	2103	0.00	195	0	0	0	nan	0.00	0.00	4.45	84.78	89.15	0.00	39	0	42	0.00	0.00	64.73	7.49	0.00	0.00	2000
229	10.83	2111	2106	0.00	196	0	0	0	nan	0.00	0.00	4.15	85.30	89.17	0.00	39	0	42	0.00	0.00	63.39	7.31	0.00	0.00	2000
229	10.72	2140	2096	0.00	194	0	0	0	nan	0.00	0.00	3.87	85.30	89.28	0.00	39	0	42	0.00	0.00	64.53	7.38	0.00	0.00	2000
228	11.15	2049	2099	0.00	194	0	0	0	nan	0.00	0.00	4.74	84.15	88.85	0.00	39	0	42	0.00	0.00	64.60	7.39	0.00	0.00	2000
228	11.08	2059	2100	0.00	195	0	0	0	nan	0.00	0.00	4.27	84.69	88.92	0.00	39	0	42	0.00	0.00	67.09	7.60	0.00	0.00	2000
228	10.93	2082	2105	0.00	195	0	0	0	nan	0.00	0.00	3.88	85.43	89.07	0.00	39	0	42	0.00	0.00	63.15	7.30	0.00	0.00	2000
229	10.87	2117	2094	0.58	195	0	0	6	45.10	0.00	0.00	3.74	85.22	89.13	0.00	39	0	42	0.00	0.00	64.56	7.57	0.00	0.00	2000
226	10.68	2124	2092	0.35	194	0	0	0	nan	0.00	0.00	3.76	85.24	89.32	0.00	39	0	42	0.00	0.00	62.84	7.19	0.00	0.00	2000
229	11.32	2014	2109	0.00	194	0	0	0	nan	0.00	0.00	4.03	85.13	88.68	0.00	39	0	42	0.00	0.00	66.93	7.66	0.00	0.00	2000
230	10.75	2135	2101	0.00	194	0	0	0	nan	0.00	0.00	3.82	85.45	89.25	0.00	39	0	42	0.00	0.00	65.74	7.53	0.00	0.00	2000
230	11.01	2091	2094	0.00	195	0	0	0	nan	0.00	0.00	3.85	84.82	88.99	0.00	39	0	42	0.00	0.00	64.55	7.52	0.00	0.00	2000
227	10.70	2113	2111	0.00	194	0	0	0	nan	0.00	0.00	4.26	85.54	89.30	0.00	39	0	42	0.00	0.00	65.41	7.52	0.00	0.00	2000
230	10.67	2155	2103	0.00	195	0	0	0	nan	0.00	0.00	3.74	85.70	89.33	0.00	39	0	42	0.00	0.00	63.69	7.39	0.00	0.00	2000
229	10.90	2099	2101	0.00	178	0	0	0	nan	0.00	0.03	3.05	86.16	89.10	0.00	39	0	42	0.00	0.00	66.06	7.80	0.00	0.00	2000
230	10.89	2137	2074	0.00	200	0	0	0	nan	0.00	0.00	4.48	83.61	89.11	0.00	39	0	42	0.00	0.00	65.01	7.56	0.00	0.00	2000
232	11.13	2073	2113	0.00	196	0	0	0	nan	0.00	0.00	2.83	86.61	88.87	0.00	39	0	42	0.00	0.00	63.63	7.41	0.00	0.00	2000
231	10.97	2093	2112	0.00	194	0	0	0	nan	0.00	0.00	3.19	86.26	89.03	0.00	39	0	42	0.00	0.00	65.64	7.52	0.00	0.00	2000
227	10.86	2095	2094	0.00	194	0	0	0	nan	0.00	0.00	4.35	84.50	89.14	0.00	39	0	42	0.00	0.00	64.68	7.44	0.00	0.00	2000
231	10.99	2110	2088	0.00	195	0	0	0	nan	0.00	0.00	3.86	84.64	89.01	0.00	39	0	42	0.00	0.00	62.41	7.27	0.00	0.00	2000
227	10.46	2158	2113	0.00	194	0	0	0	nan	0.00	0.00	5.10	85.07	89.54	0.00	39	0	42	0.00	0.00	65.75	7.85	0.00	0.00	2000
230	11.28	2041	2096	0.00	195	0	0	0	nan	0.00	0.00	3.26	85.36	88.72	0.00	39	0	42	0.00	0.00	67.05	7.15	0.00	0.00	2000
227	10.68	2136	2093	0.00	194	0	0	0	nan	0.00	0.00	3.50	85.49	89.32	0.00	39	0	42	0.00	0.00	62.74	7.11	0.00	0.00	2000
230	11.06	2069	2113	0.00	195	0	0	0	nan	0.00	0.00	4.14	85.48	88.94	0.00	39	0	42	0.00	0.00	64.71	7.60	0.00	0.00	2000
227	11.16	2041	2093	0.26	194	0	0	5	51.57	0.00	0.00	3.54	85.12	88.84	0.00	39	0	42	0.00	0.00	63.92	7.40	0.00	0.00	2000
244	11.41	2140	2094	0.65	193	0	0	3	70.81	0.00	0.00	4.36	83.95	88.59	0.00	39	0	42	0.00	0.00	65.34	7.52	0.00	0.00	2000
230	11.25	2036	2107	0.00	195	0	0	0	nan	0.00	0.00	4.24	84.91	88.75	0.00	39	0	42	0.00	0.00	64.51	7.51	0.00	0.00	2000
229	11.23	2046	2092	0.00	194	0	0	0	nan	0.00	0.00	4.27	84.25	88.77	0.00	39	0	42	0.00	0.00	65.10	7.20	0.00	0.00	2000
228	10.85	2096	2104	0.00	196	0	0	0	nan	0.00	0.00	4.78	84.53	89.15	0.00	39	0	42	0.00	0.00	65.45	7.47	0.00	0.00	2000
230	11.35	2025	2104	0.00	197	0	0	0	nan	0.00	0.00	4.54	84.50	88.65	0.00	39	0	42	0.00	0.00	64.38	7.64	0.00	0.00	2000
226	11.26	2010	2099	0.00	194	0	0	0	nan	0.00	0.00	4.38	84.46	88.74	0.00	39	0	42	0.00	0.00	64.04	7.53	0.00	0.00	2000
230	11.38	2018	2105	0.00	195	0	0	0	nan	0.00	0.00	4.36	84.60	88.62	0.00	39	0	42	0.00	0.00	64.85	7.47	0.00	0.00	2000
228	11.34	2013	2099	0.00	195	0	0	0	nan	0.00	0.01	4.38	84.38	88.66	0.00	39	0	42	0.00	0.00	64.63	7.58	0.00	0.00	2000
229	11.51	1987	2103	0.00	194	0	0	0	nan	0.00	0.00	4.00	84.83	88.49	0.00	39	0	42	0.00	0.00	67.09	7.80	0.00	0.00	2000
229	11.14	2055	2103	0.00	195	0	0	0	nan	0.00	0.00	3.02	86.01	88.86	0.00	39	0	42	0.00	0.00	62.75	7.22	0.00	0.00	2000
222	11.36	2036	2019	0.00	194	0	0	0	nan	0.00	0.00	3.89	81.39	88.64	0.00	39	0	42	0.00	0.00	63.70	7.19	0.00	0.00	2000
234	10.84	2079	2176	0.00	216	0	0	0	nan	0.00	0.01	4.06	88.41	89.16	0.00	39	0	42	0.00	0.00	65.42	7.86	0.00	0.00	2000
233	11.00	2099	2115	0.00	196	0	0	0	nan	0.00	0.00	2.89	86.80	89.00	0.00	39	0	42	0.00	0.00	65.79	7.61	0.00	0.00	2000
228	10.82	2114	2096	0.00	194	0	0	0	nan	0.00	0.00	3.36	85.68	89.18	0.00	39	0	42	0.00	0.00	65.70	7.52	0.00	0.00	2000
229	11.09	2074	2091	0.00	195	0	0	0	nan	0.00	0.00	3.50	85.10	88.91	0.00	39	0	42	0.00	0.00	63.97	7.51	0.00	0.00	2000
228	11.03	2069	2094	0.00	195	0	0	0	nan	0.00	0.00	4.25	84.58	88.97	0.00	39	0	42	0.00	0.00	65.58	7.53	0.00	0.00	2000
231	11.44	2012	2105	0.11	197	0	0	5	51.18	0.00	0.00	5.15	83.72	88.56	0.00	39	0	42	0.00	0.00	63.83	7.37	0.00	0.00	2000
230	10.77	2123	2110	0.75	195	0	0	4	66.98	0.00	0.00	3.91	85.77	89.23	0.00	39	0	42	0.00	0.00	65.97	7.65	0.00	0.00	2000
228	10.95	2082	2100	0.00	194	0	0	0	nan	0.00	0.00	4.22	84.93	89.05	0.00	39	0	42	0.00	0.00	64.81	7.55	0.00	0.00	2000
228	10.99	2073	2099	0.00	195	0	0	0	nan	0.00	0.00	4.45	84.65	89.01	0.00	39	0	42	0.00	0.00	64.76	7.55	0.00	0.00	2000
227	11.27	2018	2096	0.00	194	0	0	0	nan	0.00	0.00	3.97	84.68	88.73	0.00	39	0	42	0.00	0.00	64.17	7.52	0.00	0.00	2000
230	11.11	2067	2106	0.00	196	0	0	0	nan	0.00	0.00	4.81	84.48	88.89	0.00	39	0	42	0.00	0.00	65.58	7.61	0.00	0.00	2000
229	10.98	2085	2098	0.00	194	0	0	0	nan	0.00	0.01	3.79	85.21	89.02	0.00	39	0	42	0.00	0.00	64.53	7.31	0.00	0.00	2000
227	11.24	2024	2093	0.00	195	0	0	0	nan	0.00	0.00	4.46	84.11	88.76	0.00	39	0	42	0.00	0.00	61.06	7.42	0.00	0.00	2000
230	11.04	2078	2107	0.00	194	0	0	0	nan	0.00	0.00	4.45	84.85	88.96	0.00	39	0	42	0.00	0.00	67.81	7.53	0.00	0.00	2000
229	11.07	2071	2100	0.00	194	0	0	0	nan	0.00	0.00	3.58	85.41	88.93	0.00	39	0	42	0.00	0.00	65.00	7.61	0.00	0.00	2000
235	11.37	2072	2091	0.00	195	0	0	0	nan	0.00	0.00	4.85	83.51	88.63	0.00	39	0	42	0.00	0.00	64.67	7.55	0.00	0.00	2000
229	10.80	2123	2100	0.00	210	0	0	0	nan	0.00	0.00	4.15	85.08	89.20	0.00	39	0	42	0.00	0.00	65.94	7.57	0.00	0.00	2000
228	11.03	2064	2106	0.00	196	0	0	0	nan	0.00	0.00	3.64	85.64	88.97	0.00	39	0	41	0.00	0.00	64.30	7.45	0.00	0.00	2000
228	11.25	2027	2097	0.00	194	0	0	0	nan	0.00	0.00	3.68	85.02	88.75	0.00	39	0	42	0.00	0.00	64.57	7.57	0.00	0.00	2000
230	11.01	2078	2108	0.00	196	0	0	0	nan	0.00	0.00	4.47	84.95	88.99	0.00	39	0	42	0.00	0.00	65.66	7.67	0.00	0.00	2000
229	11.32	2028	2095	0.00	198	0	0	0	nan	0.00	0.00	5.42	83.15	88.68	0.00	39	0	42	0.00	0.00	64.74	7.78	0.00	0.00	2000
228	10.97	2089	2092	0.00	196	0	0	0	nan	0.00	0.00	5.26	83.53	89.03	0.00	39	0	42	0.00	0.00	65.01	7.51	0.00	0.00	2000
230	11.04	2069	2111	0.00	194	0	0	4	37.23	0.00	0.00	4.36	85.06	88.96	0.00	39	0	42	0.00	0.00	65.43	7.99	0.00	0.00	2000
227	10.99	2070	2099	1.04	194	0	0	8	41.00	0.00	0.00	4.39	84.66	89.01	0.00	39	0	42	0.00	0.00	65.50	7.60	0.00	0.00	2000
227	10.94	2107	2071	0.00	194	0	0	0	nan	0.00	0.00	4.00	83.87	89.06	0.00	39	0	42	0.00	0.00	64.73	7.58	0.00	0.00	2000
231	11.09	2050	2137	0.00	195	0	0	0	nan	0.00	0.00	5.27	85.30	88.91	0.00	39	0	42	0.00	0.00	65.36	7.64	0.00	0.00	2000
227	11.06	2061	2096	0.00	195	0	0	0	nan	0.00	0.02	3.61	85.22	88.94	0.00	39	0	42	0.00	0.00	65.63	7.62	0.00	0.00	2000
229	11.20	2042	2100	0.00	194	0	0	0	nan	0.00	0.00	4.12	84.80	88.80	0.00	39	0	42	0.00	0.00	64.72	7.63	0.00	0.00	2000
226	10.87	2088	2089	0.00	194	0	0	0	nan	0.00	0.00	3.54	85.17	89.13	0.00	39	0	42	0.00	0.00	66.25	7.94	0.00	0.00	2000
231	10.88	2111	2114	0.00	195	0	0	0	nan	0.00	0.00	3.93	85.88	89.12	0.00	39	0	42	0.00	0.00	64.10	7.52	0.00	0.00	2000
228	10.87	2105	2089	0.00	178	0	0	0	nan	0.00	0.00	2.62	86.13	89.13	0.00	39	0	42	0.00	0.00	65.65	7.70	0.00	0.00	2000
236	11.04	2118	2118	0.00	194	0	0	0	nan	0.00	0.00	2.53	87.21	88.96	0.00	40	0	42	0.00	0.00	64.02	7.62	0.00	0.00	2000
228	10.79	2118	2095	0.00	194	0	0	0	nan	0.00	0.00	2.60	86.47	89.21	0.00	39	0	42	0.00	0.00	66.71	7.87	0.00	0.00	2000
229	11.03	2078	2095	0.00	195	0	0	0	nan	0.00	0.02	3.90	84.94	88.97	0.00	39	0	42	0.00	0.00	65.49	7.72	0.00	0.00	2000
228	11.01	2095	2072	0.00	194	0	0	0	nan	0.00	0.00	3.99	83.92	88.99	0.00	39	0	42	0.00	0.00	65.06	7.71	0.00	0.00	2000
229	10.98	2061	2128	0.00	194	0	0	0	nan	0.00	0.00	5.54	84.72	89.02	0.00	39	0	42	0.00	0.00	65.39	7.61	0.00	0.00	2000
237	11.09	2127	2105	0.00	196	0	0	0	nan	0.00	0.00	4.37	84.74	88.91	0.00	40	0	42	0.00	0.00	65.54	7.54	0.00	0.00	2000
231	10.68	2161	2100	0.00	195	0	0	0	nan	0.00	0.00	4.03	85.30	89.32	0.00	39	0	42	0.00	0.00	64.83	7.62	0.00	0.00	2000
225	10.76	2115	2074	0.00	178	0	0	0	nan	0.01	0.02	2.94	85.28	89.24	0.00	39	0	42	0.00	0.00	61.88	7.44	0.00	0.00	2000
229	10.87	2096	2114	0.00	210	0	0	0	98.01	0.00	0.00	3.67	86.03	89.13	0.00	39	0	42	0.00	0.00	67.45	7.78	0.00	0.00	2000
228	10.95	2085	2101	1.08	194	0	0	10	30.24	0.02	0.00	3.94	85.21	89.05	0.00	39	0	42	0.00	0.00	67.42	7.87	0.00	0.00	2000
231	11.01	2113	2090	0.03	197	0	0	0	nan	0.00	0.00	4.92	83.67	88.99	0.00	39	0	42	0.00	0.00	65.17	7.53	0.00	0.00	2000
228	10.46	2170	2110	0.00	197	0	0	0	nan	0.00	0.00	4.53	85.30	89.54	0.00	39	0	42	0.00	0.00	65.63	7.71	0.00	0.00	2000
230	10.91	2097	2108	0.00	194	0	0	0	nan	0.00	0.00	4.08	85.38	89.09	0.00	39	0	42	0.00	0.00	65.76	7.68	0.00	0.00	2000
228	10.93	2093	2094	0.00	194	0	0	0	nan	0.00	0.00	3.84	85.04	89.07	0.00	39	0	42	0.00	0.00	65.26	7.68	0.00	0.00	2000
225	10.73	2117	2076	0.00	194	0	0	0	nan	0.00	0.00	3.40	84.89	89.27	0.00	39	0	42	0.00	0.00	62.56	7.37	0.00	0.00	2000
233	11.03	2090	2121	0.00	194	0	0	0	nan	0.00	0.00	4.76	85.10	88.97	0.00	39	0	42	0.00	0.00	67.22	7.97	0.00	0.00	2000
232	10.85	2124	2109	0.00	195	0	0	0	nan	0.00	0.00	4.55	84.99	89.15	0.00	39	0	42	0.00	0.00	63.31	7.44	0.00	0.00	2000
227	10.79	2116	2086	0.00	194	0	0	0	nan	0.00	0.00	3.95	84.77	89.21	0.00	39	0	42	0.00	0.00	66.13	7.87	0.00	0.00	2000
234	10.78	2142	2123	0.00	178	0	0	0	nan	0.00	0.01	3.44	86.77	89.22	0.00	39	0	42	0.00	0.00	63.66	7.61	0.00	0.00	2000
225	10.93	2077	2085	0.00	195	0	0	0	nan	0.00	0.00	3.48	85.06	89.07	0.00	39	0	42	0.00	0.00	65.93	7.62	0.00	0.00	2000
223	11.21	2064	2023	0.00	194	0	0	0	nan	0.00	0.02	2.06	83.56	88.79	0.00	39	0	42	0.00	0.00	62.15	7.36	0.00	0.00	2000
236	10.58	2136	2193	0.00	211	0	0	0	nan	0.00	0.00	3.10	90.31	89.42	0.00	39	0	42	0.00	0.00	67.98	7.82	0.00	0.00	2000
228	11.10	2062	2095	0.00	195	0	0	0	nan	0.00	0.00	3.94	84.93	88.90	0.00	39	0	42	0.00	0.00	64.84	7.63	0.00	0.00	2000
227	11.09	2051	2098	0.00	195	0	0	0	nan	0.00	0.00	4.92	84.00	88.91	0.00	39	0	42	0.00	0.00	65.45	7.58	0.00	0.00	2000
228	11.02	2069	2101	0.00	194	0	0	0	nan	0.00	0.00	4.17	84.95	88.98	0.00	39	0	42	0.00	0.00	64.76	7.65	0.00	0.00	2000
227	11.07	2048	2099	0.00	194	0	0	0	nan	0.00	0.00	4.43	84.55	88.93	0.00	39	0	42	0.00	0.00	65.41	7.84	0.00	0.00	2000
232	10.86	2133	2105	0.81	195	0	0	10	24.58	0.00	0.00	3.83	85.59	89.14	0.00	39	0	42	0.00	0.00	67.30	7.93	0.00	0.00	2000
228	10.88	2094	2103	0.36	179	0	0	0	nan	0.00	0.00	3.47	85.86	89.12	0.00	39	0	42	0.00	0.00	63.60	7.51	0.00	0.00	2000
227	10.70	2140	2079	0.00	194	0	0	0	nan	0.00	0.01	2.13	86.25	89.30	0.00	39	0	42	0.00	0.00	63.39	7.51	0.00	0.00	2000
227	10.51	2159	2104	0.00	194	0	0	0	nan	0.00	0.00	1.77	87.87	89.49	0.00	39	0	42	0.00	0.00	64.73	7.48	0.00	0.00	2000
232	11.25	2046	2116	0.00	197	0	0	0	nan	0.00	0.03	1.44	88.12	88.75	0.00	39	0	42	0.00	0.00	67.41	8.10	0.00	0.00	2000
228	11.04	2069	2099	0.00	194	0	0	0	nan	0.00	0.00	2.07	86.95	88.96	0.00	39	0	42	0.00	0.00	64.59	7.66	0.00	0.00	2000
233	10.72	2170	2105	0.00	196	0	0	0	nan	0.00	0.00	3.33	86.09	89.28	0.00	39	0	42	0.00	0.00	65.41	7.52	0.00	0.00	2000
229	10.86	2121	2093	0.00	194	0	0	0	nan	0.00	0.01	3.76	85.11	89.14	0.00	39	0	42	0.00	0.00	65.33	7.74	0.00	0.00	2000
229	10.99	2080	2101	0.00	194	0	0	0	nan	0.00	0.00	4.37	84.80	89.01	0.00	39	0	42	0.00	0.00	65.33	7.79	0.00	0.00	2000
228	11.03	2069	2094	0.00	194	0	0	0	nan	0.00	0.00	4.16	84.60	88.97	0.00	39	0	42	0.00	0.00	64.81	7.67	0.00	0.00	2000
229	11.20	2070	2076	0.00	194	0	0	0	nan	0.00	0.00	4.24	83.65	88.80	0.00	39	0	42	0.00	0.00	60.99	7.34	0.00	0.00	2000
229	10.90	2070	2129	0.00	195	0	0	0	nan	0.00	0.00	5.62	84.84	89.10	0.00	39	0	42	0.00	0.00	68.12	8.12	0.00	0.00	2000
245	11.27	2175	2103	0.00	194	0	0	0	nan	0.00	0.02	3.75	85.19	88.73	0.00	39	0	42	0.00	0.00	67.21	7.90	0.00	0.00	2000
227	10.67	2138	2091	0.00	194	0	0	0	nan	0.00	0.02	3.64	85.24	89.33	0.00	39	0	42	0.00	0.00	65.33	7.75	0.00	0.00	2000
228	10.73	2133	2093	0.00	195	0	0	0	nan	0.00	0.00	4.10	84.82	89.27	0.00	39	0	42	0.00	0.00	62.15	7.31	0.00	0.00	2000
228	11.01	2065	2107	0.00	194	0	0	0	nan	0.00	0.00	4.25	85.02	88.99	0.00	39	0	42	0.00	0.00	64.76	7.65	0.00	0.00	2000
230	11.50	2002	2100	0.00	196	0	0	0	nan	0.00	0.00	3.64	84.95	88.50	0.00	39	0	42	0.00	0.00	67.09	7.92	0.00	0.00	2000
227	11.27	2007	2103	0.47	194	0	0	10	33.39	0.00	0.00	3.91	85.11	88.73	0.00	39	0	42	0.00	0.00	65.01	7.62	0.00	0.00	2000
230	11.23	2052	2099	0.70	195	0	0	3	64.78	0.00	0.00	4.08	84.68	88.77	0.00	39	0	42	0.00	0.00	65.52	7.79	0.00	0.00	2000
228	11.26	2020	2103	0.00	197	0	0	0	nan	0.00	0.00	5.15	83.86	88.74	0.00	39	0	42	0.00	0.00	64.97	7.65	0.00	0.00	2000
228	11.01	2072	2098	0.00	195	0	0	0	nan	0.00	0.00	4.32	84.77	88.99	0.00	39	0	42	0.00	0.00	65.21	7.76	0.00	0.00	2000
229	10.93	2097	2099	0.00	194	0	0	0	nan	0.00	0.00	4.30	84.77	89.07	0.00	39	0	42	0.00	0.00	62.13	7.58	0.00	0.00	2000
224	11.06	2093	2037	0.00	196	0	0	0	nan	0.00	0.00	4.43	81.93	88.94	0.00	39	0	42	0.00	0.00	62.27	7.27	0.00	0.00	2000
233	10.94	2059	2177	0.00	194	0	0	0	nan	0.00	0.00	3.38	88.98	89.06	0.00	39	0	42	0.00	0.00	68.56	8.10	0.00	0.00	2000
229	11.12	2073	2088	0.00	193	0	0	0	nan	0.00	0.02	2.95	85.49	88.88	0.00	39	0	42	0.00	0.00	66.15	7.83	0.00	0.00	2000
232	10.95	2108	2111	0.00	198	0	0	0	nan	0.00	0.02	4.43	85.11	89.05	0.00	39	0	42	0.00	0.00	67.09	7.69	0.00	0.00	2000
230	11.08	2079	2095	0.00	195	0	0	0	nan	0.00	0.00	4.29	84.53	88.92	0.00	39	0	42	0.00	0.00	64.95	7.64	0.00	0.00	2000
229	11.08	2072	2099	0.00	196	0	0	0	nan	0.00	0.00	3.89	85.08	88.92	0.00	39	0	42	0.00	0.00	62.25	7.37	0.00	0.00	2000
229	11.18	2043	2101	0.00	194	0	0	0	nan	0.00	0.00	3.72	85.25	88.82	0.00	39	0	42	0.00	0.00	62.47	7.73	0.00	0.00	2000
226	11.10	2039	2096	0.00	194	0	0	0	nan	0.00	0.00	4.21	84.61	88.90	0.00	39	0	42	0.00	0.00	67.19	7.63	0.00	0.00	2000
228	10.99	2082	2092	0.00	194	0	0	0	nan	0.00	0.00	4.05	84.80	89.01	0.00	39	0	42	0.00	0.00	65.44	7.84	0.00	0.00	2000
232	11.11	2078	2106	0.00	225	0	0	0	nan	0.00	0.00	4.29	84.94	88.89	0.00	39	0	42	0.00	0.00	64.72	7.61	0.00	0.00	2000
231	11.23	2048	2106	0.00	194	0	0	0	nan	0.00	0.00	3.13	85.95	88.77	0.00	39	0	42	0.00	0.00	67.46	7.93	0.00	0.00	2000
227	10.95	2081	2090	0.00	196	0	0	0	nan	0.00	0.00	2.66	85.97	89.05	0.00	39	0	42	0.00	0.00	63.08	7.46	0.00	0.00	2000
230	11.22	2037	2110	0.13	194	0	0	7	31.92	0.00	0.00	4.33	84.94	88.78	0.00	39	0	42	0.00	0.00	64.64	7.67	0.00	0.00	2000
229	10.97	2111	2078	0.94	195	0	0	5	45.64	0.00	0.00	3.80	84.30	89.03	0.00	39	0	42	0.00	0.00	65.18	7.76	0.00	0.00	2000
229	10.66	2124	2125	0.00	194	0	0	0	nan	0.00	0.00	5.56	84.93	89.34	0.00	39	0	42	0.00	0.00	65.54	7.74	0.00	0.00	2000
225	11.03	2072	2068	0.00	195	0	0	0	nan	0.00	0.00	4.27	83.46	88.97	0.00	39	0	42	0.00	0.00	65.11	7.72	0.00	0.00	2000
227	11.02	2066	2098	0.00	196	0	0	0	nan	0.00	0.00	4.27	84.73	88.98	0.00	40	0	42	0.00	0.00	64.66	7.45	0.00	0.00	2000
230	11.31	2007	2124	0.00	195	0	0	0	nan	0.00	0.00	4.86	84.96	88.69	0.00	40	0	42	0.00	0.00	64.20	7.62	0.00	0.00	2000
227	11.23	2026	2093	0.00	196	0	0	0	nan	0.00	0.00	3.23	85.28	88.77	0.00	40	0	42	0.00	0.00	63.70	7.36	0.00	0.00	2000
229	11.10	2060	2105	0.00	194	0	0	0	nan	0.00	0.00	2.44	86.78	88.90	0.00	39	0	42	0.00	0.00	65.55	7.72	0.00	0.00	2000
233	11.43	2029	2113	0.00	195	0	0	0	nan	0.00	0.00	2.99	86.22	88.57	0.00	39	0	42	0.00	0.00	65.90	7.88	0.00	0.00	2000
228	10.94	2086	2099	0.00	194	0	0	0	nan	0.00	0.00	3.69	85.45	89.06	0.00	39	0	42	0.00	0.00	66.05	7.74	0.00	0.00	2000
230	11.07	2100	2080	0.00	194	0	0	0	nan	0.00	0.00	3.15	84.96	88.93	0.00	40	0	42	0.00	0.00	64.24	7.76	0.00	0.00	2000
229	10.65	2126	2119	0.00	199	0	0	0	nan	0.00	0.00	5.42	84.85	89.35	0.00	39	0	42	0.00	0.00	65.62	7.72	0.00	0.00	2000
228	10.93	2096	2090	0.00	194	0	0	0	nan	0.00	0.00	3.84	84.86	89.07	0.00	40	0	42	0.00	0.00	65.30	7.82	0.00	0.00	2000
229	10.77	2117	2106	0.00	179	0	0	0	nan	0.00	0.00	3.80	85.70	89.23	0.00	39	0	42	0.00	0.00	64.17	7.64	0.00	0.00	2000
231	10.98	2106	2101	0.00	195	0	0	0	nan	0.00	0.02	2.55	86.59	89.02	0.00	39	0	42	0.00	0.00	64.28	7.64	0.00	0.00	2000
226	10.72	2117	2087	0.00	195	0	0	0	nan	0.00	0.02	2.96	85.86	89.28	0.00	39	0	42	0.00	0.00	63.04	7.41	0.00	0.00	2000
230	11.08	2069	2107	0.00	194	0	0	0	nan	0.00	0.02	2.02	87.27	88.92	0.00	40	0	42	0.00	0.00	65.58	7.79	0.00	0.00	2000
230	10.77	2126	2112	0.00	194	0	0	3	41.83	0.00	0.00	2.42	87.29	89.23	0.00	39	0	42	0.00	0.00	66.84	7.80	0.00	0.00	2000
229	11.12	2059	2096	1.04	195	0	0	9	39.69	0.00	0.00	4.06	84.64	88.88	0.00	39	0	42	0.00	0.00	64.61	7.66	0.00	0.00	2000
229	10.82	2116	2101	0.00	195	0	0	0	nan	0.00	0.00	4.72	84.47	89.18	0.00	39	0	42	0.00	0.00	65.50	7.79	0.00	0.00	2000
229	10.97	2089	2096	0.00	194	0	0	0	nan	0.00	0.00	4.11	84.90	89.03	0.00	40	0	42	0.00	0.00	64.46	7.71	0.00	0.00	2000
227	11.02	2059	2104	0.00	194	0	0	0	nan	0.00	0.00	4.53	84.67	88.98	0.00	39	0	42	0.00	0.00	65.04	7.74	0.00	0.00	2000
228	10.78	2117	2100	0.00	196	0	0	0	nan	0.00	0.00	4.33	84.89	89.22	0.00	40	0	42	0.00	0.00	65.20	7.59	0.00	0.00	2000
229	10.95	2099	2090	0.00	194	0	0	0	nan	0.00	0.00	3.86	84.74	89.05	0.00	39	0	42	0.00	0.00	64.74	7.64	0.00	0.00	2000
230	11.27	2034	2110	0.00	195	0	0	0	nan	0.00	0.00	4.19	85.07	88.73	0.00	39	0	42	0.00	0.00	64.54	7.59	0.00	0.00	2000
229	10.72	2134	2100	0.00	194	0	0	0	nan	0.00	0.00	3.79	85.48	89.28	0.00	39	0	42	0.00	0.00	66.18	7.77	0.00	0.00	2000
229	11.04	2083	2096	0.00	194	0	0	0	nan	0.00	0.00	4.10	84.74	88.96	0.00	39	0	42	0.00	0.00	64.62	7.66	0.00	0.00	2000
229	10.94	2091	2106	0.00	194	0	0	0	nan	0.00	0.00	3.79	85.67	89.06	0.00	39	0	42	0.00	0.00	64.02	7.57	0.00	0.00	2000
234	11.01	2141	2087	0.00	180	0	0	0	nan	0.00	0.00	4.30	84.18	88.99	0.00	39	0	42	0.00	0.00	60.78	7.50	0.00	0.00	2000
230	11.10	2101	2068	0.00	194	0	0	0	nan	0.00	0.00	2.29	85.24	88.90	0.00	39	0	42	0.00	0.00	66.68	7.78	0.00	0.00	2000
230	10.85	2080	2140	0.00	212	0	0	0	nan	0.00	0.02	5.11	85.82	89.15	0.00	39	0	42	0.00	0.00	67.46	7.89	0.00	0.00	2000
228	10.97	2072	2105	0.00	194	0	0	0	nan	0.00	0.02	3.10	86.12	89.03	0.00	39	0	42	0.00	0.00	65.40	7.84	0.00	0.00	2000
228	10.88	2111	2087	0.00	198	0	0	0	nan	0.00	0.02	4.03	84.59	89.12	0.00	39	0	42	0.00	0.00	65.46	7.87	0.00	0.00	2000
228	11.19	2030	2106	0.00	194	0	0	0	nan	0.00	0.00	4.54	84.55	88.81	0.00	39	0	42	0.00	0.00	64.58	7.71	0.00	0.00	2000
230	10.98	2083	2108	0.00	196	0	0	0	90.61	0.00	0.00	4.95	84.45	89.02	0.00	39	0	42	0.00	0.00	62.87	7.42	0.00	0.00	2000
229	10.97	2092	2096	1.09	196	0	0	10	28.33	0.00	0.01	4.22	84.63	89.03	0.00	39	0	42	0.00	0.00	65.15	7.96	0.00	0.00	2000
228	10.81	2108	2098	0.03	194	0	0	0	nan	0.00	0.00	4.37	84.70	89.19	0.00	39	0	42	0.00	0.00	64.88	7.76	0.00	0.00	2000
227	10.86	2092	2101	0.00	194	0	0	0	nan	0.00	0.00	4.15	85.02	89.14	0.00	39	0	42	0.00	0.00	65.26	7.60	0.00	0.00	2000
228	10.89	2096	2101	0.00	195	0	0	0	nan	0.00	0.00	4.45	84.62	89.11	0.00	39	0	42	0.00	0.00	64.56	7.81	0.00	0.00	2000
225	10.98	2057	2096	0.00	194	0	0	0	nan	0.00	0.00	3.82	85.03	89.02	0.00	40	0	42	0.00	0.00	64.29	7.63	0.00	0.00	2000
233	10.91	2138	2097	0.00	196	0	0	0	nan	0.00	0.00	2.85	86.03	89.09	0.00	40	0	42	0.00	0.00	65.37	7.60	0.00	0.00	2000
230	11.08	2064	2111	0.00	195	0	0	0	nan	0.00	0.00	3.53	85.91	88.92	0.00	39	0	42	0.00	0.00	65.47	7.70	0.00	0.00	2000
229	11.07	2073	2096	0.00	195	0	0	0	nan	0.00	0.00	3.69	85.06	88.93	0.00	39	0	42	0.00	0.00	65.31	7.72	0.00	0.00	2000
229	10.98	2086	2099	0.00	195	0	0	0	nan	0.00	0.00	4.91	84.12	89.02	0.00	39	0	42	0.00	0.00	65.42	7.77	0.00	0.00	2000
228	11.04	2063	2102	0.00	194	0	0	0	nan	0.00	0.00	4.54	84.56	88.96	0.00	39	0	42	0.00	0.00	65.01	7.66	0.00	0.00	2000
229	10.97	2095	2092	0.00	195	0	0	0	nan	0.00	0.00	4.57	84.13	89.03	0.00	39	0	42	0.00	0.00	65.76	7.72	0.00	0.00	2000
228	11.15	2039	2105	0.00	194	0	0	0	nan	0.00	0.00	4.31	84.84	88.85	0.00	39	0	42	0.00	0.00	64.57	7.49	0.00	0.00	2000
227	10.79	2111	2094	0.00	195	0	0	0	nan	0.00	0.00	4.74	84.22	89.21	0.00	39	0	42	0.00	0.00	65.63	7.93	0.00	0.00	2000
231	10.98	2112	2089	0.00	194	0	0	0	nan	0.00	0.03	4.18	84.39	89.02	0.00	39	0	42	0.00	0.00	64.63	7.72	0.00	0.00	2000
228	10.48	2148	2122	0.00	194	0	0	0	nan	0.00	0.00	5.37	85.01	89.52	0.00	40	0	42	0.00	0.00	65.63	7.92	0.00	0.00	2000
229	10.73	2138	2095	0.00	195	0	0	0	nan	0.00	0.00	4.50	84.47	89.27	0.00	39	0	42	0.00	0.00	64.37	7.68	0.00	0.00	2000
225	10.78	2108	2076	0.00	195	0	0	0	nan	0.00	0.00	4.23	84.01	89.22	0.00	39	0	42	0.00	0.00	65.25	7.92	0.00	0.00	2000
229	10.95	2097	2099	0.83	197	0	0	10	24.92	0.00	0.00	5.33	83.62	89.05	0.00	39	0	42	0.00	0.00	65.05	7.63	0.00	0.00	2000
230	10.81	2105	2122	0.34	196	0	0	0	nan	0.00	0.00	4.12	86.02	89.19	0.00	39	0	42	0.00	0.00	65.35	7.76	0.00	0.00	2000
230	11.02	2077	2110	0.00	195	0	0	0	nan	0.00	0.00	4.14	85.30	88.98	0.00	40	0	42	0.00	0.00	65.11	7.77	0.00	0.00	2000
228	10.92	2091	2094	0.00	196	0	0	0	nan	0.00	0.00	3.85	84.96	89.08	0.00	39	0	42	0.00	0.00	65.17	7.88	0.00	0.00	2000
229	11.08	2074	2092	0.00	195	0	0	0	nan	0.00	0.00	3.69	84.99	88.92	0.00	40	0	42	0.00	0.00	65.30	7.92	0.00	0.00	2000
229	10.83	2114	2102	0.00	195	0	0	0	nan	0.00	0.03	4.43	84.80	89.17	0.00	39	0	42	0.00	0.00	65.45	7.50	0.00	0.00	2000
230	11.20	2071	2081	0.00	194	0	0	0	nan	0.00	0.03	4.18	83.90	88.80	0.00	39	0	42	0.00	0.00	60.49	7.79	0.00	0.00	2000
229	10.63	2120	2131	0.00	196	0	0	0	nan	0.00	0.00	5.48	85.23	89.37	0.00	39	0	42	0.00	0.00	69.14	8.56	0.00	0.00	2000
226	11.05	2078	2065	0.00	194	0	0	0	nan	0.00	0.00	4.22	83.27	88.95	0.00	39	0	42	0.00	0.00	62.72	7.32	0.00	0.00	2000
236	11.04	2088	2146	0.00	195	0	0	0	nan	0.00	0.00	2.88	88.01	88.96	0.00	40	0	42	0.00	0.00	65.12	7.72	0.00	0.00	2000
226	11.13	2047	2082	0.00	194	0	0	0	nan	0.00	0.00	3.17	85.17	88.87	0.00	39	0	42	0.00	0.00	65.45	7.65	0.00	0.00	2000
242	11.88	2048	2093	0.00	195	0	0	0	nan	0.00	0.02	3.22	84.71	88.12	0.00	39	0	42	0.00	0.00	65.44	7.60	0.00	0.00	2000
230	11.03	2076	2106	0.00	194	0	0	0	nan	0.00	0.00	2.91	86.33	88.97	0.00	40	0	42	0.00	0.00	65.58	7.55	0.00	0.00	2000
227	11.10	2049	2099	0.00	194	0	0	0	nan	0.00	0.00	3.46	85.55	88.90	0.00	40	0	42	0.00	0.00	65.70	7.82	0.00	0.00	2000
231	11.26	2048	2108	0.00	195	0	0	0	nan	0.00	0.00	3.67	85.55	88.74	0.00	39	0	42	0.00	0.00	64.51	7.51	0.00	0.00	2000
230	11.00	2085	2102	0.00	194	0	0	0	nan	0.01	0.00	3.39	85.75	89.00	0.00	40	0	42	0.00	0.00	65.54	7.74	0.00	0.00	2000
230	10.82	2121	2101	0.00	198	0	0	0	nan	0.00	0.00	5.34	83.91	89.18	0.00	39	0	42	0.00	0.00	65.67	7.65	0.00	0.00	2000
224	10.84	2100	2070	0.55	194	0	0	10	29.28	0.00	0.00	3.51	84.44	89.16	0.00	39	0	42	0.00	0.00	58.83	7.29	0.00	0.00	2000
233	11.22	2060	2114	0.60	194	0	0	1	76.24	0.00	0.00	4.59	84.87	88.78	0.00	39	0	42	0.00	0.00	67.87	7.57	0.00	0.00	2000
228	10.88	2082	2111	0.00	196	0	0	0	nan	0.00	0.00	5.26	84.44	89.12	0.00	39	0	42	0.00	0.00	67.77	7.97	0.00	0.00	2000
230	10.97	2092	2105	0.00	197	0	0	0	nan	0.00	0.00	4.64	84.64	89.03	0.00	39	0	42	0.00	0.00	65.53	7.88	0.00	0.00	2000
227	10.99	2075	2086	0.00	197	0	0	0	nan	0.00	0.00	4.26	84.23	89.01	0.00	39	0	42	0.00	0.00	62.07	7.39	0.00	0.00	2000
232	11.04	2090	2113	0.00	194	0	0	0	nan	0.00	0.00	4.54	84.95	88.96	0.00	39	0	42	0.00	0.00	64.84	7.74	0.00	0.00	2000
230	11.18	2071	2084	0.00	194	0	0	0	nan	0.00	0.00	3.64	84.60	88.82	0.00	39	0	42	0.00	0.00	64.39	7.65	0.00	0.00	2000
231	10.88	2108	2114	0.00	196	0	0	0	nan	0.00	0.00	5.40	84.43	89.12	0.00	39	0	42	0.00	0.00	68.14	8.05	0.00	0.00	2000
229	10.94	2091	2104	0.00	195	0	0	0	nan	0.00	0.00	4.24	85.11	89.06	0.00	39	0	42	0.00	0.00	62.44	7.50	0.00	0.00	2000
230	10.80	2130	2101	0.00	195	0	0	0	nan	0.00	0.00	3.95	85.36	89.20	0.00	39	0	42	0.00	0.00	63.66	7.59	0.00	0.00	2000
228	10.95	2079	2100	0.00	178	0	0	0	nan	0.00	0.00	3.17	85.96	89.05	0.00	39	0	42	0.00	0.00	66.56	7.81	0.00	0.00	2000
231	10.99	2097	2104	0.00	195	0	0	0	nan	0.00	0.01	2.28	86.88	89.01	0.00	39	0	42	0.00	0.00	65.02	7.90	0.00	0.00	2000
226	11.12	2047	2090	0.00	194	0	0	0	nan	0.00	0.02	2.47	86.07	88.88	0.00	39	0	42	0.00	0.00	65.83	7.79	0.00	0.00	2000
230	10.92	2105	2098	0.00	194	0	0	0	nan	0.01	0.00	1.40	87.67	89.08	0.00	39	0	42	0.00	0.00	63.72	7.65	0.00	0.00	2000
228	10.92	2086	2100	0.00	193	0	0	0	nan	0.00	0.00	1.81	87.39	89.08	0.00	39	0	42	0.00	0.00	64.81	7.74	0.00	0.00	2000
226	11.13	2082	2048	0.00	195	0	0	0	nan	0.00	0.00	2.28	84.48	88.87	0.00	39	0	42	0.00	0.00	64.03	7.51	0.00	0.00	2000
230	10.87	2055	2163	0.00	210	0	0	0	nan	0.00	0.00	3.59	88.21	89.13	0.00	39	0	42	0.00	0.00	68.73	8.31	0.00	0.00	2000
228	11.01	2091	2085	0.32	195	0	0	8	32.27	0.00	0.00	3.58	84.89	88.99	0.00	39	0	42	0.00	0.00	62.23	7.39	0.00	0.00	2000
230	11.22	2034	2115	0.83	194	0	0	4	50.57	0.00	0.00	4.04	85.46	88.78	0.00	39	0	42	0.00	0.00	65.68	7.79	0.00	0.00	2000
228	11.20	2039	2098	0.00	196	0	0	0	nan	0.00	0.00	4.47	84.30	88.80	0.00	39	0	42	0.00	0.00	64.67	7.66	0.00	0.00	2000
227	10.91	2081	2100	0.00	195	0	0	0	nan	0.00	0.00	4.24	84.94	89.09	0.00	39	0	42	0.00	0.00	66.07	7.80	0.00	0.00	2000
224	10.98	2071	2070	0.00	194	0	0	0	nan	0.00	0.00	3.72	84.18	89.02	0.00	39	0	42	0.00	0.00	61.83	7.39	0.00	0.00	2000
231	11.31	2020	2125	0.00	194	0	0	0	nan	0.00	0.00	5.20	84.56	88.69	0.00	40	0	42	0.00	0.00	67.04	7.97	0.00	0.00	2000
233	11.05	2098	2114	0.00	196	0	0	0	nan	0.00	0.01	4.06	85.62	88.95	0.00	39	0	42	0.00	0.00	65.98	7.84	0.00	0.00	2000
227	10.86	2108	2086	0.00	197	0	0	0	nan	0.01	0.00	3.99	84.52	89.14	0.00	39	0	42	0.00	0.00	65.16	7.76	0.00	0.00	2000
229	11.34	2017	2101	0.00	195	0	0	0	nan	0.01	0.00	3.81	84.94	88.66	0.00	39	0	42	0.00	0.00	63.16	7.86	0.00	0.00	2000
231	11.12	2101	2073	0.00	214	0	0	0	nan	0.00	0.00	6.24	81.56	88.88	0.00	39	0	42	0.00	0.00	65.21	7.56	0.00	0.00	2000
229	10.89	2085	2121	0.00	194	0	0	0	nan	0.00	0.00	3.97	86.05	89.11	0.00	39	0	42	0.00	0.00	65.32	7.93	0.00	0.00	2000
233	11.02	2102	2113	0.00	195	0	0	0	nan	0.00	0.00	4.13	85.51	88.98	0.00	40	0	42	0.00	0.00	65.87	7.84	0.00	0.00	2000
229	10.92	2099	2095	0.00	195	0	0	0	nan	0.00	0.00	3.52	85.38	89.08	0.00	39	0	42	0.00	0.00	64.87	7.67	0.00	0.00	2000
230	11.10	2066	2102	0.00	209	0	0	0	nan	0.00	0.00	5.46	83.57	88.90	0.00	39	0	42	0.00	0.00	65.29	7.72	0.00	0.00	2000
228	10.96	2081	2099	0.00	194	0	0	0	nan	0.00	0.00	3.97	85.16	89.04	0.00	39	0	42	0.00	0.00	64.79	7.65	0.00	0.00	2000
228	10.95	2081	2100	0.00	195	0	0	0	nan	0.00	0.00	5.02	84.09	89.05	0.00	39	0	42	0.00	0.00	65.31	7.73	0.00	0.00	2000
231	11.26	2059	2095	0.00	196	0	0	0	nan	0.00	0.00	4.71	83.95	88.74	0.00	39	0	42	0.00	0.00	64.58	7.75	0.00	0.00	2000
225	10.68	2108	2095	0.01	194	0	0	5	36.57	0.00	0.00	4.27	84.91	89.32	0.00	40	0	42	0.00	0.00	63.40	7.50	0.00	0.00	2000
229	10.81	2115	2099	1.07	194	0	0	7	40.78	0.00	0.00	4.24	84.92	89.19	0.00	39	0	42	0.00	0.00	65.28	7.79	0.00	0.00	2000
227	10.77	2113	2097	0.00	179	0	0	0	nan	0.00	0.00	4.61	84.57	89.23	0.00	40	0	42	0.00	0.00	65.84	7.76	0.00	0.00	2000
230	11.23	2070	2078	0.00	194	0	0	0	nan	0.00	0.02	3.42	84.57	88.78	0.00	40	0	42	0.00	0.00	66.29	7.86	0.00	0.00	2000
231	10.65	2133	2136	0.00	211	0	0	0	nan	0.00	0.00	5.40	85.49	89.35	0.00	40	0	42	0.00	0.00	65.37	7.81	0.00	0.00	2000
229	10.99	2087	2099	0.00	194	0	0	0	nan	0.00	0.00	4.20	84.88	89.01	0.00	40	0	42	0.00	0.00	65.46	7.86	0.00	0.00	2000
226	11.16	2031	2098	0.00	195	0	0	0	nan	0.00	0.00	4.64	84.21	88.84	0.00	40	0	42	0.00	0.00	64.88	7.71	0.00	0.00	2000
229	10.88	2102	2102	0.00	194	0	0	0	nan	0.00	0.00	3.95	85.30	89.12	0.00	40	0	42	0.00	0.00	65.69	7.74	0.00	0.00	2000
233	11.16	2094	2098	0.00	195	0	0	0	nan	0.00	0.00	4.40	84.34	88.84	0.00	40	0	42	0.00	0.00	64.69	7.80	0.00	0.00	2000
232	10.84	2145	2092	0.00	195	0	0	0	nan	0.00	0.00	4.07	84.75	89.16	0.00	40	0	42	0.00	0.00	65.48	7.74	0.00	0.00	2000
229	10.89	2095	2106	0.00	197	0	0	0	nan	0.00	0.00	6.29	83.04	89.11	0.00	40	0	42	0.00	0.00	65.02	7.94	0.00	0.00	2000
229	10.78	2123	2103	0.00	196	0	0	0	nan	0.00	0.00	4.59	84.70	89.22	0.00	40	0	42	0.00	0.00	65.12	7.78	0.00	0.00	2000
228	10.91	2093	2099	0.00	194	0	0	0	nan	0.00	0.00	4.39	84.72	89.09	0.00	40	0	42	0.00	0.00	65.22	7.71	0.00	0.00	2000
227	10.76	2110	2100	0.00	194	0	0	0	nan	0.00	0.00	4.58	84.66	89.24	0.00	40	0	42	0.00	0.00	65.39	7.60	0.00	0.00	2000
228	11.31	2015	2099	0.00	195	0	0	0	nan	0.00	0.00	4.28	84.47	88.69	0.00	40	0	42	0.00	0.00	64.74	7.77	0.00	0.00	2000
226	10.74	2127	2079	0.00	195	0	0	0	nan	0.00	0.00	3.63	84.65	89.26	0.00	40	0	42	0.00	0.00	64.87	7.90	0.00	0.00	2000
231	11.01	2068	2130	0.00	194	0	0	0	nan	0.00	0.00	3.46	86.90	88.99	0.00	40	0	42	0.00	0.00	63.40	7.78	0.00	0.00	2000
228	10.86	2108	2096	0.00	194	0	0	3	36.03	0.00	0.00	4.23	84.80	89.14	0.00	40	0	42	0.00	0.00	65.60	7.72	0.00	0.00	2000
228	10.74	2142	2084	1.27	194	0	0	7	32.88	0.00	0.00	4.27	84.23	89.26	0.00	40	0	42	0.00	0.00	66.02	8.02	0.00	0.00	2000
228	10.71	2107	2117	0.00	195	0	0	0	nan	0.00	0.00	5.06	85.00	89.29	0.00	40	0	42	0.00	0.00	64.78	7.35	0.00	0.00	2000
230	10.94	2103	2097	0.00	195	0	0	0	nan	0.00	0.00	3.76	85.13	89.06	0.00	40	0	42	0.00	0.00	65.96	7.82	0.00	0.00	2000
224	10.89	2094	2059	0.00	194	0	0	0	nan	0.00	0.00	3.91	83.56	89.11	0.00	39	0	42	0.00	0.00	63.64	7.48	0.00	0.00	2000
231	10.79	2099	2137	0.00	194	0	0	0	nan	0.00	0.00	3.24	87.64	89.21	0.00	39	0	42	0.00	0.00	67.98	7.91	0.00	0.00	2000
232	10.96	2106	2111	0.00	194	0	0	0	nan	0.00	0.00	3.02	86.46	89.04	0.00	40	0	42	0.00	0.00	63.96	7.69	0.00	0.00	2000
227	11.09	2047	2096	0.00	194	0	0	0	nan	0.00	0.00	3.93	84.87	88.91	0.00	40	0	42	0.00	0.00	64.95	7.62	0.00	0.00	2000
230	10.86	2114	2101	0.00	195	0	0	0	nan	0.00	0.00	4.44	84.66	89.14	0.00	40	0	42	0.00	0.00	65.22	7.84	0.00	0.00	2000
226	11.10	2036	2098	0.00	194	0	0	0	nan	0.00	0.00	4.09	84.75	88.90	0.00	40	0	42	0.00	0.00	64.76	7.72	0.00	0.00	2000
225	11.21	2075	2033	0.00	195	0	0	0	nan	0.01	0.00	3.06	82.97	88.79	0.00	40	0	42	0.00	0.00	60.20	7.55	0.00	0.00	2000
232	10.50	2130	2176	0.00	210	0	0	0	nan	0.00	0.00	3.60	89.07	89.50	0.00	40	0	42	0.00	0.00	71.32	8.26	0.00	0.00	2000
230	10.66	2148	2106	0.00	194	0	0	0	nan	0.00	0.00	4.56	85.02	89.34	0.00	40	0	42	0.00	0.00	65.60	7.79	0.00	0.00	2000
227	10.81	2112	2091	0.00	195	0	0	0	nan	0.00	0.00	3.94	84.97	89.19	0.00	40	0	42	0.00	0.00	65.29	7.88	0.00	0.00	2000
229	10.92	2106	2093	0.00	198	0	0	0	nan	0.00	0.00	5.79	83.03	89.08	0.00	40	0	42	0.00	0.00	64.92	7.97	0.00	0.00	2000
227	10.85	2084	2109	0.00	195	0	0	0	nan	0.00	0.00	5.32	84.24	89.15	0.00	40	0	42	0.00	0.00	65.42	7.85	0.00	0.00	2000
228	10.68	2133	2100	0.00	194	0	0	0	nan	0.00	0.00	4.31	85.03	89.32	0.00	40	0	42	0.00	0.00	65.14	7.82	0.00	0.00	2000
228	10.67	2141	2095	0.00	194	0	0	2	47.93	0.00	0.00	4.34	84.72	89.33	0.00	40	0	42	0.00	0.00	65.10	7.80	0.00	0.00	2000
230	11.03	2082	2107	1.30	196	0	0	8	29.23	0.00	0.00	3.89	85.47	88.97	0.00	40	0	42	0.00	0.00	64.99	7.76	0.00	0.00	2000
223	10.97	2064	2069	0.00	194	0	0	0	nan	0.00	0.00	3.88	83.91	89.03	0.00	40	0	42	0.00	0.00	63.69	7.60	0.00	0.00	2000
230	11.02	2068	2121	0.00	193	0	0	0	nan	0.00	0.00	3.21	86.79	88.98	0.00	40	0	42	0.00	0.00	65.52	7.82	0.00	0.00	2000
231	11.15	2070	2101	0.00	196	0	0	0	nan	0.00	0.00	3.55	85.52	88.85	0.00	40	0	42	0.00	0.00	65.79	7.67	0.00	0.00	2000
229	10.94	2095	2101	0.00	194	0	0	0	nan	0.00	0.00	3.53	85.70	89.06	0.00	40	0	42	0.00	0.00	65.10	7.66	0.00	0.00	2000
231	11.49	2060	2046	0.00	196	0	0	0	nan	0.00	0.00	4.62	81.60	88.51	0.00	40	0	42	0.00	0.00	62.73	7.62	0.00	0.00	2000
231	10.80	2074	2165	0.00	210	0	0	0	nan	0.00	0.00	3.69	88.47	89.20	0.00	40	0	42	0.00	0.00	68.21	8.02	0.00	0.00	2000
226	11.20	2012	2102	0.00	194	0	0	0	nan	0.00	0.00	4.55	84.47	88.80	0.00	40	0	42	0.00	0.00	64.46	7.59	0.00	0.00	2000
223	11.24	2053	2027	0.00	194	0	0	0	nan	0.00	0.00	3.20	82.51	88.76	0.00	40	0	42	0.00	0.00	61.92	7.31	0.00	0.00	2000
232	10.80	2077	2171	0.00	212	0	0	0	nan	0.00	0.02	3.42	88.89	89.20	0.00	40	0	42	0.00	0.00	68.74	8.12	0.00	0.00	2000
230	11.18	2064	2091	0.00	194	0	0	0	nan	0.00	0.00	3.62	84.84	88.82	0.00	40	0	42	0.00	0.00	64.43	7.66	0.00	0.00	2000
231	10.95	2095	2113	0.00	194	0	0	0	nan	0.00	0.00	3.38	86.22	89.05	0.00	39	0	42	0.00	0.00	65.69	7.73	0.00	0.00	2000
229	11.04	2066	2108	0.00	194	0	0	0	nan	0.00	0.00	3.58	85.72	88.96	0.00	40	0	42	0.00	0.00	65.39	7.78	0.00	0.00	2000
229	11.05	2072	2096	0.00	197	0	0	0	nan	0.00	0.01	3.78	85.08	88.95	0.00	40	0	42	0.00	0.00	65.51	7.76	0.00	0.00	2000
230	10.98	2108	2090	0.00	197	0	0	0	nan	0.00	0.00	4.11	84.63	89.02	0.00	40	0	42	0.00	0.00	64.54	7.53	0.00	0.00	2000
226	11.11	2027	2109	0.00	194	0	0	0	nan	0.00	0.00	4.31	85.08	88.89	0.00	40	0	42	0.00	0.00	64.87	7.67	0.00	0.00	2000
229	11.12	2059	2104	0.00	197	0	0	2	49.54	0.00	0.00	4.82	84.31	88.88	0.00	40	0	42	0.00	0.00	65.13	7.77	0.00	0.00	2000
229	11.12	2060	2098	1.33	196	0	0	8	28.32	0.00	0.00	4.47	84.40	88.88	0.00	39	0	42	0.00	0.00	64.95	7.72	0.00	0.00	2000
229	11.04	2068	2101	0.00	194	0	0	0	nan	0.00	0.00	4.68	84.38	88.96	0.00	39	0	42	0.00	0.00	65.18	7.75	0.00	0.00	2000
228	11.19	2045	2095	0.00	195	0	0	0	nan	0.00	0.00	4.32	84.34	88.81	0.00	40	0	42	0.00	0.00	64.59	7.55	0.00	0.00	2000
223	11.38	2030	2030	0.00	194	0	0	0	nan	0.00	0.00	3.24	82.55	88.62	0.00	40	0	42	0.00	0.00	61.90	7.39	0.00	0.00	2000
229	10.86	2040	2170	0.00	212	0	0	0	nan	0.00	0.00	3.20	89.10	89.14	0.00	39	0	42	0.00	0.00	68.45	8.20	0.00	0.00	2000
224	11.41	2027	2036	0.00	194	0	0	0	nan	0.00	0.00	2.97	82.98	88.59	0.00	40	0	42	0.00	0.00	62.28	7.34	0.00	0.00	2000
230	11.12	2046	2118	0.00	211	0	0	0	nan	0.00	0.02	3.08	86.56	88.88	0.00	40	0	42	0.00	0.00	65.80	7.75	0.00	0.00	2000
230	10.56	2123	2150	0.00	210	0	0	0	nan	0.00	0.00	3.79	87.85	89.44	0.00	40	0	42	0.00	0.00	68.22	7.95	0.00	0.00	2000
228	10.94	2087	2100	0.00	195	0	0	0	nan	0.00	0.00	5.09	83.99	89.06	0.00	40	0	42	0.00	0.00	62.21	7.33	0.00	0.00	2000
227	11.16	2022	2111	0.00	194	0	0	0	nan	0.00	0.00	4.74	84.61	88.84	0.00	39	0	42	0.00	0.00	67.84	8.07	0.00	0.00	2000
228	11.10	2054	2102	0.00	194	0	0	0	nan	0.00	0.00	3.37	85.68	88.90	0.00	40	0	42	0.00	0.00	65.58	7.85	0.00	0.00	2000
228	10.99	2092	2085	0.00	195	0	0	0	nan	0.00	0.00	4.07	84.39	89.01	0.00	40	0	42	0.00	0.00	61.43	7.29	0.00	0.00	2000
228	11.05	2052	2112	0.00	195	0	0	0	nan	0.00	0.00	4.73	84.89	88.95	0.00	40	0	42	0.00	0.00	68.29	7.86	0.00	0.00	2000
228	10.89	2102	2089	0.00	193	0	0	0	nan	0.00	0.00	4.16	84.49	89.11	0.00	39	0	42	0.00	0.00	59.13	7.73	0.00	0.00	2000
227	11.08	2041	2113	0.00	194	0	0	0	nan	0.00	0.00	4.28	85.31	88.92	0.00	40	0	42	0.00	0.00	67.75	7.65	0.00	0.00	2000
227	11.01	2067	2098	0.00	194	0	0	0	nan	0.00	0.00	4.15	84.83	88.99	0.00	40	0	42	0.00	0.00	67.96	8.07	0.00	0.00	2000
230	11.10	2068	2100	0.00	196	0	0	3	40.99	0.00	0.00	5.10	83.87	88.90	0.00	40	0	42	0.00	0.00	62.65	7.55	0.00	0.00	2000
228	10.90	2096	2099	1.24	194	0	0	7	29.30	0.00	0.00	4.21	84.91	89.11	0.00	40	0	42	0.00	0.00	64.92	7.84	0.00	0.00	2000
226	10.88	2081	2098	0.00	194	0	0	0	nan	0.00	0.00	4.68	84.47	89.12	0.00	40	0	42	0.00	0.00	65.20	7.83	0.00	0.00	2000
230	11.14	2060	2104	0.00	197	0	0	0	nan	0.00	0.00	5.72	83.31	88.86	0.00	40	0	42	0.00	0.00	64.95	7.81	0.00	0.00	2000
227	11.23	2021	2098	0.00	195	0	0	0	nan	0.00	0.00	4.79	84.01	88.77	0.00	40	0	42	0.00	0.00	64.35	7.73	0.00	0.00	2000
226	11.38	2045	2034	0.00	195	0	0	0	nan	0.00	0.00	4.65	81.24	88.62	0.00	40	0	42	0.00	0.00	62.30	7.34	0.00	0.00	2000
232	10.49	2134	2172	0.00	211	0	0	0	nan	0.00	0.00	3.65	88.87	89.51	0.00	40	0	42	0.00	0.00	68.75	8.12	0.00	0.00	2000
228	10.99	2074	2099	0.00	196	0	0	0	nan	0.00	0.00	4.68	84.39	89.01	0.00	40	0	42	0.00	0.00	64.56	7.64	0.00	0.00	2000
228	11.01	2068	2105	0.00	194	0	0	0	nan	0.00	0.02	3.43	85.75	88.99	0.00	40	0	42	0.00	0.00	65.64	7.61	0.00	0.00	2000
231	11.00	2103	2097	0.00	195	0	0	0	nan	0.00	0.00	4.26	84.67	89.00	0.00	40	0	42	0.00	0.00	65.52	7.83	0.00	0.00	2000
229	11.22	2037	2099	0.00	195	0	0	0	nan	0.00	0.00	4.01	84.78	88.78	0.00	40	0	42	0.00	0.00	65.88	7.84	0.00	0.00	2000
228	11.08	2056	2104	0.00	193	0	0	0	nan	0.00	0.00	3.76	85.38	88.92	0.00	40	0	42	0.00	0.00	66.32	7.95	0.00	0.00	2000
224	10.91	2086	2063	0.00	194	0	0	0	nan	0.00	0.00	3.76	83.80	89.09	0.00	40	0	42	0.00	0.00	65.45	7.73	0.00	0.00	2000
233	10.71	2129	2142	0.00	195	0	0	0	nan	0.00	0.00	3.60	87.52	89.29	0.00	40	0	42	0.00	0.00	67.54	7.97	0.00	0.00	2000
223	10.81	2103	2057	0.00	194	0	0	0	nan	0.00	0.02	4.19	83.20	89.19	0.00	41	0	42	0.00	0.00	65.26	7.62	0.00	0.00	2000
235	10.76	2141	2145	0.00	195	0	0	0	nan	0.00	0.00	4.15	87.10	89.24	0.00	40	0	42	0.00	0.00	67.56	8.10	0.00	0.00	2000
225	10.86	2113	2064	0.00	194	0	0	0	nan	0.00	0.00	3.74	83.94	89.14	0.00	40	0	42	0.00	0.00	66.11	7.75	0.00	0.00	2000
228	10.92	2060	2130	0.00	195	0	0	2	40.95	0.00	0.00	5.01	85.40	89.08	0.00	40	0	42	0.00	0.00	66.33	7.84	0.00	0.00	2000
227	11.32	2010	2098	1.68	194	0	0	11	21.74	0.00	0.02	4.02	84.68	88.68	0.00	40	0	42	0.00	0.00	66.14	7.88	0.00	0.00	2000
228	11.06	2067	2098	0.00	194	0	0	0	nan	0.00	0.00	4.38	84.51	88.94	0.00	40	0	42	0.00	0.00	66.23	8.01	0.00	0.00	2000
229	10.99	2094	2088	0.00	195	0	0	0	nan	0.00	0.00	4.16	84.40	89.01	0.00	40	0	42	0.00	0.00	66.29	7.90	0.00	0.00	2000
230	10.48	2184	2112	0.00	196	0	0	0	nan	0.00	0.00	4.89	85.03	89.52	0.00	40	0	42	0.00	0.00	66.47	7.96	0.00	0.00	2000
227	10.92	2080	2100	0.00	194	0	0	0	nan	0.00	0.00	4.13	84.95	89.08	0.00	40	0	42	0.00	0.00	65.96	7.92	0.00	0.00	2000
235	11.12	2128	2089	0.00	196	0	0	0	nan	0.00	0.00	4.88	83.56	88.88	0.00	40	0	42	0.00	0.00	66.69	7.91	0.00	0.00	2000
229	11.01	2066	2110	0.00	198	0	0	0	nan	0.00	0.00	5.75	83.75	88.99	0.00	40	0	42	0.00	0.00	66.13	7.84	0.00	0.00	2000
221	11.21	2050	2020	0.00	195	0	0	0	nan	0.00	0.02	3.69	81.73	88.79	0.00	40	0	42	0.00	0.00	62.20	7.30	0.00	0.00	2000
233	10.72	2089	2182	0.00	212	0	0	0	nan	0.00	0.00	2.52	90.34	89.28	0.00	40	0	42	0.00	0.00	70.12	8.34	0.00	0.00	2000
229	10.89	2105	2101	0.00	194	0	0	0	nan	0.00	0.00	3.17	85.95	89.11	0.00	40	0	42	0.00	0.00	66.90	7.94	0.00	0.00	2000
229	10.69	2140	2107	0.00	194	0	0	0	nan	0.00	0.00	4.20	85.35	89.31	0.00	40	0	42	0.00	0.00	64.48	7.71	0.00	0.00	2000
228	10.86	2103	2100	0.00	194	0	0	0	nan	0.00	0.00	4.68	84.54	89.14	0.00	40	0	42	0.00	0.00	66.18	7.97	0.00	0.00	2000
230	10.85	2114	2104	0.00	194	0	0	0	nan	0.00	0.00	4.80	84.50	89.15	0.00	40	0	42	0.00	0.00	66.27	8.02	0.00	0.00	2000
229	10.78	2133	2094	0.00	195	0	0	0	nan	0.00	0.00	4.17	84.73	89.22	0.00	40	0	42	0.00	0.00	66.54	7.88	0.00	0.00	2000
225	10.93	2061	2097	0.00	195	0	0	0	nan	0.00	0.00	4.67	84.33	89.07	0.00	40	0	42	0.00	0.00	68.16	8.06	0.00	0.00	2000
229	11.06	2060	2109	0.00	194	0	0	0	nan	0.00	0.00	3.53	85.77	88.94	0.00	40	0	42	0.00	0.00	64.32	7.75	0.00	0.00	2000
227	11.21	2032	2094	0.00	195	0	0	0	92.63	0.00	0.02	4.13	84.49	88.79	0.00	40	0	42	0.00	0.00	66.52	7.89	0.00	0.00	2000
229	10.96	2087	2105	1.66	194	0	0	12	18.69	0.00	0.00	4.62	84.66	89.04	0.00	40	0	42	0.00	0.00	66.27	8.01	0.00	0.00	2000
231	10.81	2145	2087	0.00	195	0	0	0	nan	0.00	0.01	3.72	84.97	89.19	0.00	40	0	42	0.00	0.00	66.17	7.86	0.00	0.00	2000
229	10.86	2099	2112	0.00	194	0	0	0	nan	0.00	0.00	4.61	85.20	89.14	0.00	40	0	42	0.00	0.00	67.01	7.94	0.00	0.00	2000
222	10.75	2101	2061	0.00	195	0	0	0	nan	0.00	0.00	3.77	83.87	89.25	0.00	40	0	42	0.00	0.00	65.24	7.66	0.00	0.00	2000
227	11.16	2068	2064	0.00	193	0	0	0	nan	0.00	0.00	2.58	84.77	88.84	0.00	40	0	42	0.00	0.00	63.44	7.64	0.00	0.00	2000
232	10.65	2106	2173	0.00	211	0	0	0	nan	0.00	0.00	2.13	90.42	89.35	0.00	40	0	42	0.00	0.00	69.87	8.30	0.00	0.00	2000
230	10.97	2090	2108	0.00	194	0	0	0	nan	0.00	0.00	3.27	86.26	89.03	0.00	40	0	42	0.00	0.00	66.56	7.97	0.00	0.00	2000
226	10.81	2120	2070	0.00	195	0	0	0	nan	0.00	0.00	4.22	83.75	89.19	0.00	40	0	42	0.00	0.00	65.95	7.86	0.00	0.00	2000
226	10.72	2111	2102	0.00	194	0	0	0	nan	0.00	0.00	4.80	84.60	89.28	0.00	40	0	42	0.00	0.00	66.17	7.73	0.00	0.00	2000
231	10.72	2123	2127	0.00	196	0	0	0	nan	0.00	0.00	3.96	86.49	89.28	0.00	40	0	42	0.00	0.00	67.59	8.04	0.00	0.00	2000
223	11.23	2067	2016	0.00	196	0	0	0	nan	0.00	0.00	3.83	81.49	88.77	0.00	40	0	42	0.00	0.00	62.01	7.56	0.00	0.00	2000
230	10.85	2093	2130	0.00	211	0	0	0	nan	0.00	0.00	2.75	87.66	89.15	0.00	40	0	42	0.00	0.00	67.45	7.93	0.00	0.00	2000
223	10.81	2085	2078	0.00	210	0	0	0	nan	0.00	0.02	3.16	85.16	89.19	0.00	40	0	42	0.00	0.00	65.60	7.77	0.00	0.00	2000
233	10.71	2085	2189	0.00	210	0	0	0	nan	0.00	0.02	3.05	89.96	89.29	0.00	40	0	42	0.00	0.00	70.40	8.38	0.00	0.00	2000
230	10.96	2103	2096	0.00	195	0	0	0	nan	0.00	0.00	4.76	84.15	89.04	0.00	40	0	42	0.00	0.00	66.61	7.81	0.00	0.00	2000
228	10.85	2102	2099	0.00	195	0	0	0	nan	0.00	0.00	4.61	84.53	89.15	0.00	40	0	42	0.00	0.00	66.37	7.81	0.00	0.00	2000
229	11.04	2077	2099	0.00	195	0	0	4	34.11	0.00	0.00	4.07	84.87	88.96	0.00	40	0	42	0.00	0.00	65.99	7.79	0.00	0.00	2000
229	10.94	2088	2100	1.62	194	0	0	10	25.36	0.00	0.00	3.94	85.16	89.06	0.00	40	0	42	0.00	0.00	66.98	7.94	0.00	0.00	2000
230	11.06	2075	2102	0.00	194	0	0	0	nan	0.00	0.00	3.93	85.13	88.94	0.00	40	0	42	0.00	0.00	66.39	7.72	0.00	0.00	2000
230	11.19	2053	2098	0.00	196	0	0	0	nan	0.00	0.00	4.69	84.14	88.81	0.00	40	0	42	0.00	0.00	66.18	7.86	0.00	0.00	2000
227	10.95	2076	2097	0.00	194	0	0	0	nan	0.00	0.00	3.96	85.15	89.05	0.00	40	0	42	0.00	0.00	66.12	7.65	0.00	0.00	2000
228	11.07	2057	2101	0.00	195	0	0	0	nan	0.00	0.00	4.40	84.75	88.93	0.00	40	0	42	0.00	0.00	66.19	7.76	0.00	0.00	2000
238	11.59	2083	2074	0.00	194	0	0	0	nan	0.00	0.00	4.51	82.95	88.41	0.00	40	0	42	0.00	0.00	65.62	7.71	0.00	0.00	2000
230	10.89	2094	2120	0.00	195	0	0	0	nan	0.00	0.00	4.99	85.12	89.11	0.00	40	0	42	0.00	0.00	67.15	7.77	0.00	0.00	2000
228	11.12	2043	2109	0.00	195	0	0	0	nan	0.00	0.00	5.02	84.36	88.88	0.00	40	0	42	0.00	0.00	65.88	7.96	0.00	0.00	2000
229	11.07	2084	2088	0.00	194	0	0	0	nan	0.00	0.01	3.98	84.54	88.93	0.00	40	0	42	0.00	0.00	66.45	8.12	0.00	0.00	2000
230	10.75	2127	2110	0.00	194	0	0	0	nan	0.00	0.00	5.10	84.68	89.25	0.00	40	0	42	0.00	0.00	66.58	7.75	0.00	0.00	2000
225	11.05	2061	2070	0.00	194	0	0	0	nan	0.00	0.00	4.55	83.23	88.95	0.00	40	0	42	0.00	0.00	65.07	7.48	0.00	0.00	2000
231	11.12	2052	2125	0.00	199	0	0	0	nan	0.00	0.00	4.98	85.13	88.88	0.00	40	0	42	0.00	0.00	66.33	7.71	0.00	0.00	2000
228	11.18	2049	2095	0.00	198	0	0	0	nan	0.00	0.01	4.85	83.92	88.82	0.00	40	0	42	0.00	0.00	66.62	7.91	0.00	0.00	2000
232	11.07	2081	2114	0.00	196	0	0	0	nan	0.00	0.00	3.64	85.84	88.93	0.00	40	0	42	0.00	0.00	66.55	7.90	0.00	0.00	2000
226	10.87	2088	2090	0.00	194	0	0	0	nan	0.00	0.00	3.97	84.80	89.13	0.00	40	0	42	0.00	0.00	67.03	7.88	0.00	0.00	2000
231	11.34	2031	2106	0.00	195	0	0	0	nan	0.00	0.00	4.31	84.70	88.66	0.00	40	0	42	0.00	0.00	65.73	7.65	0.00	0.00	2000
225	11.03	2069	2073	0.00	194	0	0	0	94.03	0.00	0.00	3.87	84.11	88.97	0.00	40	0	42	0.00	0.00	62.56	7.38	0.00	0.00	2000
224	11.21	2045	2050	1.56	193	0	0	11	19.42	0.00	0.00	3.82	82.91	88.79	0.00	40	0	42	0.00	0.00	66.15	7.72	0.00	0.00	2000
232	11.08	2081	2110	0.00	211	0	0	0	nan	0.00	0.02	2.52	86.73	88.92	0.00	40	0	42	0.00	0.00	66.94	7.83	0.00	0.00	2000
230	10.70	2088	2162	0.00	211	0	0	0	nan	0.00	0.00	4.37	87.59	89.30	0.00	40	0	42	0.00	0.00	69.60	8.11	0.00	0.00	2000
227	10.96	2075	2099	0.00	194	0	0	0	nan	0.00	0.00	4.44	84.62	89.04	0.00	40	0	42	0.00	0.00	66.45	7.87	0.00	0.00	2000
227	11.18	2025	2109	0.00	194	0	0	0	nan	0.00	0.00	4.60	84.70	88.82	0.00	40	0	42	0.00	0.00	65.76	7.78	0.00	0.00	2000
231	10.96	2105	2100	0.00	195	0	0	0	nan	0.00	0.00	4.56	84.49	89.04	0.00	40	0	42	0.00	0.00	66.87	7.74	0.00	0.00	2000
228	11.04	2066	2102	0.00	196	0	0	0	nan	0.00	0.00	4.41	84.73	88.96	0.00	40	0	42	0.00	0.00	65.81	7.97	0.00	0.00	2000
227	11.27	2017	2101	0.00	194	0	0	0	nan	0.00	0.00	4.34	84.57	88.73	0.00	40	0	42	0.00	0.00	66.26	8.00	0.00	0.00	2000
230	11.00	2090	2099	0.00	194	0	0	0	nan	0.00	0.00	4.32	84.69	89.00	0.00	40	0	42	0.00	0.00	66.49	7.94	0.00	0.00	2000
228	10.97	2078	2098	0.00	195	0	0	0	nan	0.00	0.00	4.25	84.79	89.03	0.00	40	0	42	0.00	0.00	66.44	7.88	0.00	0.00	2000
230	10.97	2109	2088	0.00	196	0	0	0	nan	0.00	0.00	4.57	84.00	89.03	0.00	40	0	42	0.00	0.00	63.21	7.50	0.00	0.00	2000
227	10.84	2086	2113	0.00	194	0	0	0	nan	0.00	0.00	4.47	85.27	89.16	0.00	41	0	42	0.00	0.00	69.61	7.83	0.00	0.00	2000
227	10.98	2074	2088	0.00	194	0	0	0	nan	0.00	0.00	3.95	84.66	89.02	0.00	40	0	42	0.00	0.00	65.50	8.26	0.00	0.00	2000
223	10.87	2073	2081	0.00	194	0	0	0	nan	0.00	0.00	4.20	84.16	89.13	0.00	40	0	42	0.00	0.00	62.14	7.33	0.00	0.00	2000
225	11.38	2023	2055	0.00	195	0	0	0	nan	0.00	0.00	2.79	84.09	88.62	0.00	40	0	42	0.00	0.00	66.03	7.88	0.00	0.00	2000
233	10.92	2065	2172	0.00	213	0	0	0	nan	0.00	0.00	2.74	89.55	89.08	0.00	40	0	42	0.00	0.00	70.16	8.18	0.00	0.00	2000
228	11.00	2071	2102	0.00	195	0	0	2	40.33	0.00	0.00	3.74	85.43	89.00	0.00	40	0	42	0.00	0.00	66.79	7.88	0.00	0.00	2000
230	11.26	2036	2110	1.67	194	0	0	11	24.61	0.00	0.00	4.20	85.01	88.74	0.00	40	0	42	0.00	0.00	66.57	7.83	0.00	0.00	2000
229	11.05	2069	2100	0.00	195	0	0	0	nan	0.00	0.02	4.24	84.71	88.95	0.00	40	0	42	0.00	0.00	65.63	7.88	0.00	0.00	2000
227	11.09	2053	2096	0.00	194	0	0	0	nan	0.00	0.00	4.33	84.48	88.91	0.00	40	0	42	0.00	0.00	66.36	7.86	0.00	0.00	2000
230	11.21	2047	2104	0.00	197	0	0	0	nan	0.00	0.00	5.07	83.95	88.79	0.00	40	0	42	0.00	0.00	66.03	7.76	0.00	0.00	2000
227	11.21	2029	2096	0.00	195	0	0	0	nan	0.00	0.00	4.34	84.38	88.79	0.00	40	0	42	0.00	0.00	63.14	7.43	0.00	0.00	2000
229	10.94	2095	2102	0.00	195	0	0	0	nan	0.00	0.00	4.49	84.65	89.06	0.00	40	0	42	0.00	0.00	69.45	7.94	0.00	0.00	2000
223	10.91	2080	2067	0.00	194	0	0	0	nan	0.00	0.00	4.16	83.61	89.09	0.00	40	0	42	0.00	0.00	62.50	7.45	0.00	0.00	2000
225	11.09	2076	2049	0.00	194	0	0	0	nan	0.00	0.00	3.33	83.47	88.91	0.00	40	0	42	0.00	0.00	65.76	7.83	0.00	0.00	2000
230	11.12	2062	2105	0.00	227	0	0	0	nan	0.00	0.00	5.33	83.81	88.88	0.00	40	0	42	0.00	0.00	64.27	7.48	0.00	0.00	2000
229	11.23	2029	2107	0.00	211	0	0	0	nan	0.00	0.00	2.01	87.18	88.77	0.00	40	0	42	0.00	0.00	66.57	7.91	0.00	0.00	2000
231	10.79	2063	2177	0.00	210	0	0	0	nan	0.00	0.00	3.35	89.18	89.21	0.00	40	0	42	0.00	0.00	70.32	8.17	0.00	0.00	2000
227	11.02	2062	2099	0.00	194	0	0	0	nan	0.00	0.00	3.74	85.26	88.98	0.00	40	0	42	0.00	0.00	65.49	7.83	0.00	0.00	2000
221	11.42	2018	2016	0.00	195	0	0	0	nan	0.00	0.00	3.27	81.84	88.58	0.00	40	0	42	0.00	0.00	65.21	7.68	0.00	0.00	2000
227	11.05	2046	2108	0.00	211	0	0	0	nan	0.00	0.00	2.21	87.18	88.95	0.00	40	0	42	0.00	0.00	63.83	7.64	0.00	0.00	2000
227	10.98	2056	2107	0.00	210	0	0	0	nan	0.00	0.00	2.35	87.02	89.02	0.00	40	0	42	0.00	0.00	66.65	7.76	0.00	0.00	2000
232	10.81	2075	2168	0.00	212	0	0	0	nan	0.00	0.00	3.06	89.03	89.19	0.00	40	0	42	0.00	0.00	69.71	8.04	0.00	0.00	2000
222	11.20	2058	2024	0.38	194	0	0	8	21.24	0.00	0.00	3.39	82.32	88.80	0.00	40	0	42	0.00	0.00	62.34	7.75	0.00	0.00	2000
234	10.81	2085	2183	1.23	211	0	0	4	43.89	0.00	0.00	2.74	89.94	89.19	0.00	40	0	42	0.00	0.00	69.96	8.39	0.00	0.00	2000
231	11.16	2069	2104	0.00	196	0	0	0	nan	0.00	0.00	3.42	85.80	88.84	0.00	40	0	42	0.00	0.00	66.98	8.01	0.00	0.00	2000
236	11.20	2106	2100	0.00	196	0	0	0	nan	0.00	0.01	4.55	84.24	88.80	0.00	40	0	42	0.00	0.00	66.50	7.77	0.00	0.00	2000
229	10.88	2107	2099	0.00	195	0	0	0	nan	0.00	0.00	4.87	84.19	89.12	0.00	40	0	42	0.00	0.00	66.37	8.04	0.00	0.00	2000
227	10.59	2147	2099	0.00	194	0	0	0	nan	0.00	0.00	4.50	84.76	89.41	0.00	40	0	42	0.00	0.00	66.18	7.76	0.00	0.00	2000
229	11.00	2080	2098	0.00	195	0	0	0	nan	0.00	0.00	4.47	84.49	89.00	0.00	40	0	42	0.00	0.00	65.75	7.80	0.00	0.00	2000
229	10.68	2148	2093	0.00	194	0	0	0	nan	0.00	0.00	3.77	85.22	89.32	0.00	40	0	42	0.00	0.00	66.61	7.92	0.00	0.00	2000
227	10.59	2132	2108	0.00	194	0	0	0	nan	0.00	0.00	4.81	84.96	89.41	0.00	40	0	42	0.00	0.00	65.92	7.78	0.00	0.00	2000
228	11.28	2073	2049	0.00	195	0	0	0	nan	0.00	0.00	3.72	82.84	88.72	0.00	40	0	42	0.00	0.00	63.53	7.59	0.00	0.00	2000
228	10.70	2078	2155	0.00	212	0	0	0	nan	0.00	0.00	3.69	88.05	89.30	0.00	40	0	42	0.00	0.00	69.00	8.06	0.00	0.00	2000
229	10.95	2090	2103	0.00	194	0	0	0	nan	0.00	0.00	4.15	85.08	89.05	0.00	40	0	42	0.00	0.00	66.57	7.94	0.00	0.00	2000
228	10.81	2112	2100	0.00	194	0	0	0	nan	0.00	0.00	4.31	84.89	89.19	0.00	40	0	42	0.00	0.00	64.22	7.67	0.00	0.00	2000
228	10.69	2133	2102	0.00	194	0	0	0	nan	0.00	0.00	4.74	84.66	89.31	0.00	40	0	42	0.00	0.00	66.20	7.92	0.00	0.00	2000
230	11.02	2087	2099	0.00	197	0	0	0	nan	0.00	0.00	5.47	83.50	88.98	0.00	40	0	42	0.00	0.00	66.04	7.88	0.00	0.00	2000
228	10.95	2097	2090	0.00	194	0	0	0	nan	0.00	0.00	4.40	84.35	89.06	0.00	40	0	42	0.00	0.00	66.50	7.81	0.00	0.00	2000
232	10.99	2102	2107	0.00	197	0	0	0	nan	0.00	0.00	6.66	82.71	89.01	0.00	40	0	42	0.00	0.00	66.45	7.91	0.00	0.00	2000
229	10.92	2093	2102	0.20	195	0	0	7	23.79	0.00	0.00	4.80	84.34	89.08	0.00	40	0	42	0.00	0.00	65.46	7.73	0.00	0.00	2000
229	10.98	2098	2090	1.44	195	0	0	6	35.86	0.00	0.00	4.63	83.99	89.02	0.00	40	0	42	0.00	0.00	66.65	7.94	0.00	0.00	2000
230	10.92	2105	2101	0.00	195	0	0	0	nan	0.00	0.00	5.40	83.76	89.08	0.00	40	0	42	0.00	0.00	66.77	7.74	0.00	0.00	2000
227	10.84	2089	2108	0.00	194	0	0	0	nan	0.00	0.00	4.54	85.02	89.16	0.00	40	0	42	0.00	0.00	65.72	7.97	0.00	0.00	2000
226	10.80	2120	2074	0.00	194	0	0	0	nan	0.00	0.00	4.18	83.95	89.20	0.00	40	0	42	0.00	0.00	65.82	7.79	0.00	0.00	2000
231	10.91	2088	2130	0.00	197	0	0	0	nan	0.00	0.00	5.43	85.06	89.09	0.00	40	0	42	0.00	0.00	66.93	8.23	0.00	0.00	2000
230	10.62	2173	2096	0.00	196	0	0	0	nan	0.00	0.00	4.73	84.37	89.38	0.00	40	0	42	0.00	0.00	66.76	7.82	0.00	0.00	2000
228	10.96	2077	2100	0.00	195	0	0	0	nan	0.00	0.00	3.88	85.15	89.04	0.00	40	0	42	0.00	0.00	65.97	7.74	0.00	0.00	2000
229	10.87	2116	2090	0.00	194	0	0	0	nan	0.00	0.00	3.90	84.86	89.13	0.00	40	0	42	0.00	0.00	66.73	7.78	0.00	0.00	2000
228	10.99	2067	2110	0.00	195	0	0	0	nan	0.00	0.00	5.09	84.43	89.01	0.00	41	0	42	0.00	0.00	65.66	7.82	0.00	0.00	2000
228	10.88	2093	2103	0.00	194	0	0	0	nan	0.00	0.00	4.29	85.01	89.12	0.00	40	0	42	0.00	0.00	65.98	7.86	0.00	0.00	2000
227	11.10	2045	2097	0.00	194	0	0	0	nan	0.00	0.00	4.46	84.37	88.90	0.00	40	0	42	0.00	0.00	66.32	7.92	0.00	0.00	2000
230	11.02	2083	2102	0.00	196	0	0	0	nan	0.00	0.00	4.70	84.46	88.98	0.00	40	0	42	0.00	0.00	66.30	7.98	0.00	0.00	2000
227	11.00	2065	2097	0.00	194	0	0	0	nan	0.00	0.00	4.49	84.47	89.00	0.00	40	0	42	0.00	0.00	66.04	7.98	0.00	0.00	2000
229	10.88	2105	2101	0.00	195	0	0	0	nan	0.00	0.00	4.53	84.64	89.12	0.00	40	0	42	0.00	0.00	66.22	7.92	0.00	0.00	2000
228	11.00	2078	2098	0.00	194	0	0	0	nan	0.00	0.00	4.55	84.46	89.00	0.00	40	0	42	0.00	0.00	66.47	7.95	0.00	0.00	2000
222	11.33	2026	2028	0.00	194	0	0	0	nan	0.00	0.00	4.16	81.59	88.67	0.00	40	0	42	0.00	0.00	62.49	7.60	0.00	0.00	2000
233	10.89	2110	2125	0.20	211	0	0	7	22.79	0.00	0.02	3.10	87.00	89.11	0.00	40	0	42	0.00	0.00	67.55	7.98	0.00	0.00	2000
229	10.55	2133	2142	1.42	211	0	0	5	35.73	0.00	0.02	3.08	88.15	89.45	0.00	40	0	42	0.00	0.00	69.07	8.29	0.00	0.00	2000
230	11.01	2079	2114	0.00	194	0	0	0	nan	0.00	0.00	4.00	85.60	88.99	0.00	40	0	42	0.00	0.00	67.15	8.08	0.00	0.00	2000
226	11.11	2038	2098	0.00	194	0	0	0	nan	0.00	0.00	4.00	84.85	88.89	0.00	40	0	42	0.00	0.00	65.49	8.07	0.00	0.00	2000
228	11.12	2051	2103	0.00	195	0	0	0	nan	0.00	0.00	3.66	85.51	88.88	0.00	40	0	42	0.00	0.00	66.62	7.91	0.00	0.00	2000
234	11.48	2063	2070	0.00	195	0	0	0	nan	0.00	0.00	4.08	83.28	88.52	0.00	40	0	42	0.00	0.00	66.26	7.88	0.00	0.00	2000
230	11.08	2049	2128	0.00	195	0	0	0	nan	0.00	0.00	4.44	85.83	88.92	0.00	41	0	42	0.00	0.00	66.79	8.11	0.00	0.00	2000
228	11.20	2038	2099	0.00	194	0	0	0	nan	0.00	0.00	4.04	84.86	88.80	0.00	40	0	42	0.00	0.00	65.80	8.00	0.00	0.00	2000
226	10.93	2089	2074	0.00	194	0	0	0	nan	0.00	0.00	4.03	84.05	89.07	0.00	40	0	42	0.00	0.00	65.93	7.83	0.00	0.00	2000
229	11.22	2069	2070	0.00	200	0	0	0	nan	0.00	0.00	4.87	82.66	88.78	0.00	40	0	42	0.00	0.00	64.02	7.76	0.00	0.00	2000
232	10.89	2081	2147	0.00	212	0	0	0	nan	0.00	0.02	4.85	86.32	89.11	0.00	40	0	42	0.00	0.00	69.48	8.29	0.00	0.00	2000
229	10.81	2103	2110	0.00	194	0	0	0	nan	0.00	0.00	4.85	84.82	89.19	0.00	40	0	42	0.00	0.00	66.23	7.94	0.00	0.00	2000
225	10.89	2092	2074	0.00	194	0	0	0	nan	0.00	0.00	4.36	83.75	89.11	0.00	40	0	42	0.00	0.00	65.64	7.77	0.00	0.00	2000
229	10.99	2067	2118	0.00	195	0	0	0	nan	0.00	0.00	4.60	85.25	89.01	0.00	40	0	42	0.00	0.00	66.55	8.09	0.00	0.00	2000
229	10.93	2101	2099	0.00	195	0	0	0	nan	0.00	0.00	4.62	84.44	89.07	0.00	40	0	42	0.00	0.00	67.28	7.94	0.00	0.00	2000
230	11.02	2080	2111	0.00	195	0	0	0	nan	0.00	0.00	5.09	84.37	88.98	0.00	40	0	42	0.00	0.00	66.25	8.04	0.00	0.00	2000
229	10.94	2098	2099	0.00	194	0	0	0	nan	0.01	0.00	3.89	85.18	89.06	0.00	40	0	42	0.00	0.00	66.30	7.91	0.00	0.00	2000
229	10.79	2116	2102	0.01	195	0	0	6	20.96	0.00	0.02	4.37	84.84	89.21	0.00	40	0	42	0.00	0.00	66.64	7.94	0.00	0.00	2000
226	10.94	2096	2071	1.63	194	0	0	7	30.77	0.00	0.00	3.50	84.44	89.06	0.00	40	0	42	0.00	0.00	65.87	7.88	0.00	0.00	2000
229	10.86	2089	2122	0.00	194	0	0	0	nan	0.00	0.00	4.38	85.73	89.14	0.00	40	0	42	0.00	0.00	66.31	7.83	0.00	0.00	2000
230	10.96	2094	2104	0.00	194	0	0	0	nan	0.00	0.00	3.82	85.48	89.04	0.00	40	0	42	0.00	0.00	66.63	8.01	0.00	0.00	2000
229	10.77	2133	2094	0.00	195	0	0	0	nan	0.00	0.00	4.26	84.81	89.23	0.00	40	0	42	0.00	0.00	66.62	7.95	0.00	0.00	2000
227	10.99	2056	2110	0.00	194	0	0	0	nan	0.00	0.00	4.57	84.85	89.01	0.00	40	0	42	0.00	0.00	66.21	7.93	0.00	0.00	2000
228	10.96	2089	2089	0.00	194	0	0	0	nan	0.00	0.00	4.35	84.31	89.04	0.00	40	0	42	0.00	0.00	66.13	7.91	0.00	0.00	2000
228	10.83	2109	2097	0.00	195	0	0	0	nan	0.00	0.00	4.81	84.30	89.17	0.00	40	0	42	0.00	0.00	66.55	8.02	0.00	0.00	2000
226	10.93	2081	2084	0.00	197	0	0	0	nan	0.00	0.00	5.58	82.91	89.07	0.00	40	0	42	0.00	0.00	61.55	7.73	0.00	0.00	2000
233	10.83	2113	2135	0.00	194	0	0	0	nan	0.00	0.00	3.51	87.30	89.17	0.00	40	0	42	0.00	0.00	70.94	8.00	0.00	0.00	2000
228	11.00	2088	2084	0.00	194	0	0	0	nan	0.00	0.00	4.09	84.31	89.00	0.00	40	0	42	0.00	0.00	66.37	7.90	0.00	0.00	2000
229	10.85	2096	2110	0.00	195	0	0	0	nan	0.00	0.00	4.77	84.81	89.15	0.00	40	0	42	0.00	0.00	66.33	7.97	0.00	0.00	2000
227	10.99	2069	2099	0.00	197	0	0	0	nan	0.00	0.00	5.24	83.81	89.01	0.00	40	0	42	0.00	0.00	65.71	7.89	0.00	0.00	2000
232	11.09	2083	2106	0.00	197	0	0	0	nan	0.01	0.01	4.38	84.76	88.91	0.00	40	0	42	0.00	0.00	66.77	7.95	0.00	0.00	2000
229	10.91	2104	2095	0.00	194	0	0	0	nan	0.00	0.00	3.74	85.21	89.10	0.00	40	0	42	0.00	0.00	66.57	7.98	0.00	0.00	2000
227	10.79	2104	2099	0.00	194	0	0	0	nan	0.00	0.00	4.38	84.78	89.21	0.00	40	0	42	0.00	0.00	66.30	7.97	0.00	0.00	2000
229	11.10	2071	2093	0.00	194	0	0	0	nan	0.00	0.00	4.38	84.35	88.90	0.00	40	0	42	0.00	0.00	65.99	7.83	0.00	0.00	2000
228	10.97	2071	2106	0.00	195	0	0	4	30.91	0.00	0.00	4.64	84.62	89.03	0.00	40	0	42	0.00	0.00	65.75	8.22	0.00	0.00	2000
229	11.03	2074	2103	1.59	194	0	0	10	26.54	0.00	0.00	4.16	84.91	88.97	0.00	40	0	42	0.00	0.00	66.05	7.87	0.00	0.00	2000
229	11.19	2049	2101	0.00	197	0	0	0	nan	0.00	0.02	3.66	85.24	88.81	0.00	40	0	42	0.00	0.00	66.39	8.03	0.00	0.00	2000
230	11.11	2068	2100	0.00	194	0	0	0	nan	0.00	0.00	3.96	84.98	88.89	0.00	40	0	42	0.00	0.00	66.24	7.95	0.00	0.00	2000
228	11.03	2070	2098	0.00	196	0	0	0	nan	0.00	0.00	4.27	84.74	88.97	0.00	40	0	42	0.00	0.00	66.25	7.88	0.00	0.00	2000
228	10.92	2092	2100	0.00	194	0	0	0	nan	0.00	0.00	4.70	84.45	89.08	0.00	40	0	42	0.00	0.00	66.05	7.89	0.00	0.00	2000
228	11.09	2056	2103	0.00	195	0	0	0	nan	0.00	0.00	4.48	84.57	88.91	0.00	40	0	42	0.00	0.00	66.10	7.79	0.00	0.00	2000
224	11.24	2045	2050	0.00	194	0	0	0	nan	0.00	0.00	4.01	82.72	88.76	0.00	40	0	42	0.00	0.00	62.09	7.38	0.00	0.00	2000
226	10.86	2090	2095	0.00	194	0	0	0	nan	0.00	0.00	2.70	86.28	89.14	0.00	40	0	42	0.00	0.00	66.12	7.71	0.00	0.00	2000
233	10.80	2099	2162	0.00	210	0	0	0	nan	0.00	0.00	4.15	87.59	89.20	0.00	41	0	42	0.00	0.00	70.93	8.47	0.00	0.00	2000
229	10.76	2136	2091	0.00	194	0	0	0	nan	0.00	0.00	4.07	84.80	89.24	0.00	40	0	42	0.00	0.00	62.82	7.50	0.00	0.00	2000
231	10.93	2124	2092	0.00	195	0	0	0	nan	0.00	0.00	4.71	84.09	89.07	0.00	40	0	42	0.00	0.00	65.93	7.91	0.00	0.00	2000
224	10.65	2118	2083	0.00	195	0	0	0	nan	0.00	0.00	4.69	83.87	89.35	0.00	40	0	42	0.00	0.00	66.29	7.72	0.00	0.00	2000
232	10.97	2093	2120	0.00	194	0	0	0	nan	0.00	0.00	4.64	85.39	89.03	0.00	40	0	42	0.00	0.00	66.29	7.82	0.00	0.00	2000
225	10.89	2089	2078	0.00	194	0	0	0	nan	0.00	0.00	4.28	84.02	89.11	0.00	40	0	42	0.00	0.00	65.78	7.76	0.00	0.00	2000
231	10.77	2117	2125	0.00	196	0	0	0	nan	0.00	0.00	5.58	84.69	89.23	0.00	40	0	42	0.00	0.00	70.06	8.30	0.00	0.00	2000
233	11.17	2079	2110	0.00	197	0	0	0	nan	0.00	0.00	5.10	84.15	88.83	0.00	40	0	42	0.00	0.00	66.90	7.93	0.00	0.00	2000
228	10.97	2081	2094	0.00	194	0	0	2	46.73	0.00	0.00	3.91	84.96	89.03	0.00	40	0	42	0.00	0.00	62.76	7.53	0.00	0.00	2000
236	11.16	2122	2091	1.65	196	0	0	11	24.97	0.00	0.01	4.44	84.04	88.84	0.00	40	0	42	0.00	0.00	66.85	7.92	0.00	0.00	2000
228	10.73	2111	2115	0.00	194	0	0	0	nan	0.00	0.00	5.33	84.56	89.27	0.00	40	0	42	0.00	0.00	66.46	7.89	0.00	0.00	2000
226	11.00	2057	2096	0.00	194	0	0	0	nan	0.00	0.00	4.18	84.75	89.00	0.00	40	0	42	0.00	0.00	65.78	7.84	0.00	0.00	2000
229	11.06	2068	2105	0.00	196	0	0	0	nan	0.00	0.00	5.10	84.10	88.94	0.00	41	0	42	0.00	0.00	66.19	7.82	0.00	0.00	2000
228	11.06	2063	2100	0.00	194	0	0	0	nan	0.00	0.01	3.99	85.02	88.94	0.00	40	0	42	0.00	0.00	66.42	8.07	0.00	0.00	2000
225	11.10	2086	2039	0.00	194	0	0	0	nan	0.00	0.00	3.81	82.54	88.90	0.00	40	0	42	0.00	0.00	63.63	7.41	0.00	0.00	2000
229	10.46	2125	2161	0.00	210	0	0	0	nan	0.00	0.00	3.78	88.34	89.54	0.00	40	0	42	0.00	0.00	69.06	8.41	0.00	0.00	2000
228	10.81	2108	2103	0.00	195	0	0	0	nan	0.00	0.00	4.69	84.57	89.19	0.00	40	0	42	0.00	0.00	65.75	7.79	0.00	0.00	2000
230	10.86	2114	2100	0.00	195	0	0	0	nan	0.00	0.00	4.44	84.69	89.14	0.00	41	0	42	0.00	0.00	66.49	7.97	0.00	0.00	2000
228	11.15	2045	2098	0.00	194	0	0	0	nan	0.00	0.00	4.15	84.67	88.85	0.00	40	0	42	0.00	0.00	66.30	7.76	0.00	0.00	2000
228	10.97	2078	2099	0.00	195	0	0	0	nan	0.00	0.00	3.85	85.16	89.03	0.00	40	0	42	0.00	0.00	66.31	7.78	0.00	0.00	2000
228	10.81	2109	2103	0.00	195	0	0	0	nan	0.00	0.00	4.24	85.13	89.19	0.00	40	0	42	0.00	0.00	66.55	7.79	0.00	0.00	2000
227	10.87	2087	2097	0.00	194	0	0	0	nan	0.00	0.00	4.03	84.92	89.13	0.00	41	0	42	0.00	0.00	66.26	7.73	0.00	0.00	2000
232	11.05	2096	2104	0.00	195	0	0	0	nan	0.00	0.00	3.97	85.13	88.95	0.00	40	0	42	0.00	0.00	64.02	7.58	0.00	0.00	2000
226	10.74	2111	2093	0.00	194	0	0	0	nan	0.00	0.00	4.15	84.76	89.26	0.00	41	0	42	0.00	0.00	68.27	8.14	0.00	0.00	2000
232	10.96	2106	2111	0.00	195	0	0	0	nan	0.00	0.00	3.56	85.99	89.04	0.00	40	0	42	0.00	0.00	67.08	7.64	0.00	0.00	2000
227	11.04	2061	2093	0.00	194	0	0	0	93.58	0.00	0.00	4.06	84.62	88.96	0.00	40	0	42	0.00	0.00	63.62	8.02	0.00	0.00	2000
229	10.98	2082	2101	1.66	194	0	0	12	18.80	0.00	0.00	4.53	84.63	89.02	0.00	40	0	42	0.00	0.00	66.37	7.79	0.00	0.00	2000
229	10.81	2123	2097	0.00	196	0	0	0	nan	0.00	0.00	4.88	84.14	89.19	0.00	40	0	42	0.00	0.00	66.50	7.84	0.00	0.00	2000
224	11.22	2068	2027	0.00	197	0	0	0	nan	0.00	0.02	4.07	81.70	88.78	0.00	41	0	42	0.00	0.00	64.60	7.85	0.00	0.00	2000
229	10.97	2065	2122	0.00	210	0	0	0	nan	0.00	0.00	2.86	87.12	89.03	0.00	40	0	42	0.00	0.00	65.07	7.69	0.00	0.00	2000
229	10.56	2118	2150	0.00	211	0	0	0	nan	0.00	0.00	3.68	87.92	89.44	0.00	40	0	42	0.00	0.00	69.54	8.25	0.00	0.00	2000
227	10.91	2074	2109	0.00	195	0	0	0	nan	0.00	0.00	5.05	84.45	89.09	0.00	40	0	42	0.00	0.00	66.20	7.79	0.00	0.00	2000
231	10.93	2110	2103	0.00	195	0	0	0	nan	0.00	0.00	3.94	85.25	89.07	0.00	40	0	42	0.00	0.00	66.63	7.70	0.00	0.00	2000
225	10.95	2087	2072	0.00	194	0	0	0	nan	0.00	0.00	3.79	84.15	89.05	0.00	40	0	42	0.00	0.00	66.14	7.65	0.00	0.00	2000
228	10.74	2105	2118	0.00	194	0	0	0	nan	0.00	0.00	4.26	85.78	89.26	0.00	40	0	42	0.00	0.00	65.74	7.93	0.00	0.00	2000
229	10.91	2092	2111	0.00	193	0	0	0	nan	0.00	0.00	3.85	85.80	89.09	0.00	40	0	42	0.00	0.00	66.71	7.92	0.00	0.00	2000
227	10.87	2087	2099	0.00	195	0	0	0	nan	0.00	0.00	3.80	85.27	89.13	0.00	40	0	42	0.00	0.00	66.63	7.78	0.00	0.00	2000
232	10.90	2124	2101	0.00	195	0	0	0	nan	0.00	0.00	3.87	85.28	89.10	0.00	40	0	42	0.00	0.00	66.60	7.94	0.00	0.00	2000
230	10.83	2121	2102	0.00	195	0	0	0	nan	0.00	0.00	4.56	84.77	89.17	0.00	40	0	42	0.00	0.00	66.75	7.92	0.00	0.00	2000
228	10.98	2084	2094	0.00	194	0	0	0	nan	0.00	0.00	4.24	84.58	89.02	0.00	39	0	42	0.00	0.00	65.98	7.99	0.00	0.00	2000
231	10.79	2135	2104	0.00	194	0	0	0	nan	0.00	0.00	4.39	84.96	89.21	0.00	40	0	42	0.00	0.00	66.37	7.96	0.00	0.00	2000
225	10.77	2119	2070	0.00	196	0	0	0	nan	0.00	0.00	4.02	83.97	89.23	0.00	40	0	42	0.00	0.00	65.78	7.97	0.00	0.00	2000
239	11.34	2149	2057	0.00	195	0	0	2	31.19	0.00	0.00	5.13	81.65	88.66	0.00	40	0	42	0.00	0.00	63.65	7.72	0.00	0.00	2000
231	10.48	2132	2168	1.66	210	0	0	10	20.00	0.00	0.00	3.72	88.66	89.52	0.00	40	0	42	0.00	0.00	69.82	8.43	0.00	0.00	2000
228	10.75	2116	2110	0.00	194	0	0	0	nan	0.00	0.00	4.23	85.40	89.25	0.00	40	0	42	0.00	0.00	66.58	7.89	0.00	0.00	2000
228	10.92	2096	2097	0.00	195	0	0	0	nan	0.00	0.00	4.64	84.34	89.08	0.00	40	0	42	0.00	0.00	66.42	7.92	0.00	0.00	2000
227	10.80	2097	2102	0.00	194	0	0	0	nan	0.00	0.00	4.11	85.24	89.20	0.00	40	0	42	0.00	0.00	66.05	7.91	0.00	0.00	2000
231	11.29	2045	2100	0.00	198	0	0	0	nan	0.00	0.00	4.96	83.77	88.71	0.00	40	0	42	0.00	0.00	66.24	7.86	0.00	0.00	2000
228	11.14	2051	2093	0.00	195	0	0	0	nan	0.00	0.00	3.95	84.68	88.86	0.00	40	0	42	0.00	0.00	65.82	7.72	0.00	0.00	2000
230	11.21	2054	2095	0.00	198	0	0	0	nan	0.00	0.00	5.78	82.93	88.79	0.00	40	0	42	0.00	0.00	66.66	8.02	0.00	0.00	2000
229	10.99	2074	2114	0.00	194	0	0	0	nan	0.00	0.00	4.71	85.09	89.01	0.00	40	0	42	0.00	0.00	66.23	7.89	0.00	0.00	2000
222	11.10	2032	2065	0.00	194	0	0	0	nan	0.00	0.00	3.85	83.78	88.90	0.00	40	0	42	0.00	0.00	64.48	7.85	0.00	0.00	2000
232	11.38	2018	2124	0.00	195	0	0	0	nan	0.00	0.00	3.96	85.86	88.62	0.00	40	0	42	0.00	0.00	67.03	8.12	0.00	0.00	2000
228	11.16	2069	2072	0.00	195	0	0	0	nan	0.00	0.03	2.34	85.45	88.84	0.00	40	0	42	0.00	0.00	63.47	7.44	0.00	0.00	2000
228	10.93	2049	2141	0.00	210	0	0	0	nan	0.00	0.01	4.31	86.65	89.07	0.00	40	0	42	0.00	0.00	68.95	8.13	0.00	0.00	2000
229	10.93	2102	2095	0.00	194	0	0	0	nan	0.00	0.00	4.43	84.47	89.07	0.00	40	0	42	0.00	0.00	66.48	7.67	0.00	0.00	2000
228	11.20	2093	2044	0.00	194	0	0	0	nan	0.00	0.00	4.37	82.19	88.80	0.00	41	0	42	0.00	0.00	62.90	7.49	0.00	0.00	2000
231	10.66	2101	2168	0.00	213	0	0	0	nan	0.00	0.02	4.43	87.76	89.34	0.00	40	0	42	0.00	0.00	69.51	8.31	0.00	0.00	2000
230	10.89	2106	2101	0.00	194	0	0	0	nan	0.00	0.00	4.24	84.82	89.11	0.00	40	0	42	0.00	0.00	66.52	7.93	0.00	0.00	2000
227	10.80	2125	2079	0.00	194	0	0	2	38.82	0.00	0.00	3.88	84.40	89.20	0.00	40	0	42	0.00	0.00	66.06	7.71	0.00	0.00	2000
230	10.98	2072	2121	1.65	194	0	0	11	23.47	0.00	0.00	5.19	84.82	89.02	0.00	40	0	42	0.00	0.00	66.07	7.94	0.00	0.00	2000
228	10.93	2115	2069	0.00	196	0	0	0	nan	0.00	0.00	4.36	83.49	89.07	0.00	40	0	42	0.00	0.00	65.79	7.75	0.00	0.00	2000
223	11.19	2039	2048	0.00	194	0	0	0	nan	0.00	0.00	3.90	82.73	88.81	0.00	40	0	42	0.00	0.00	62.60	7.42	0.00	0.00	2000
228	10.91	2049	2139	0.00	210	0	0	0	nan	0.00	0.02	2.05	88.85	89.09	0.00	40	0	42	0.00	0.00	68.49	8.24	0.00	0.00	2000
232	11.12	2051	2138	0.00	210	0	0	0	nan	0.00	0.00	1.58	88.97	88.88	0.00	40	0	42	0.00	0.00	67.70	8.18	0.00	0.00	2000
224	10.84	2099	2064	0.00	196	0	0	0	nan	0.00	0.00	4.39	83.35	89.16	0.00	40	0	42	0.00	0.00	64.63	7.87	0.00	0.00	2000
231	11.30	2049	2095	0.00	194	0	0	0	nan	0.00	0.00	3.61	84.99	88.70	0.00	40	0	42	0.00	0.00	64.48	7.68	0.00	0.00	2000
229	10.86	2060	2145	0.00	213	0	0	0	nan	0.00	0.00	4.42	86.68	89.14	0.00	40	0	42	0.00	0.00	69.22	8.21	0.00	0.00	2000
228	11.14	2045	2105	0.00	195	0	0	0	nan	0.00	0.00	4.90	84.24	88.86	0.00	40	0	42	0.00	0.00	66.35	7.94	0.00	0.00	2000
229	11.09	2067	2098	0.00	195	0	0	0	nan	0.00	0.02	4.55	84.29	88.91	0.00	40	0	42	0.00	0.00	66.54	7.97	0.00	0.00	2000
230	11.01	2086	2100	0.00	195	0	0	0	nan	0.00	0.00	4.73	84.32	88.99	0.00	40	0	42	0.00	0.00	66.23	7.82	0.00	0.00	2000
225	11.10	2033	2097	0.00	194	0	0	0	nan	0.00	0.00	4.29	84.52	88.90	0.00	40	0	42	0.00	0.00	66.01	7.86	0.00	0.00	2000
228	11.14	2042	2103	0.00	194	0	0	0	nan	0.00	0.00	4.27	84.79	88.86	0.00	40	0	42	0.00	0.00	66.24	7.95	0.00	0.00	2000
229	11.06	2080	2089	0.00	195	0	0	0	nan	0.00	0.01	4.39	84.18	88.94	0.00	40	0	42	0.00	0.00	66.28	7.83	0.00	0.00	2000
229	11.07	2061	2102	0.00	194	0	0	0	nan	0.00	0.00	4.65	84.54	88.93	0.00	40	0	42	0.00	0.00	65.97	7.94	0.00	0.00	2000
229	11.08	2060	2110	0.00	197	0	0	0	nan	0.00	0.00	4.28	85.10	88.92	0.00	40	0	42	0.00	0.00	66.30	7.82	0.00	0.00	2000
228	11.15	2044	2102	0.00	194	0	0	4	34.94	0.00	0.00	3.67	85.33	88.85	0.00	40	0	42	0.00	0.00	66.38	7.88	0.00	0.00	2000
229	11.09	2065	2097	1.61	194	0	0	9	27.80	0.00	0.00	3.77	85.04	88.91	0.00	40	0	42	0.00	0.00	66.14	7.81	0.00	0.00	2000
230	11.18	2057	2100	0.00	196	0	0	0	nan	0.00	0.00	4.58	84.39	88.82	0.00	40	0	42	0.00	0.00	66.32	7.81	0.00	0.00	2000
230	11.09	2086	2086	0.00	205	0	0	0	nan	0.00	0.00	5.25	83.15	88.91	0.00	40	0	42	0.00	0.00	63.32	7.51	0.00	0.00	2000
230	11.02	2069	2114	0.00	199	0	0	0	nan	0.00	0.00	5.11	84.54	88.98	0.00	40	0	42	0.00	0.00	69.24	8.20	0.00	0.00	2000
226	11.10	2039	2097	0.00	195	0	0	0	nan	0.00	0.00	4.43	84.45	88.90	0.00	40	0	42	0.00	0.00	65.95	7.84	0.00	0.00	2000
227	11.11	2056	2089	0.00	195	0	0	0	nan	0.00	0.00	3.91	84.68	88.89	0.00	40	0	42	0.00	0.00	65.87	8.00	0.00	0.00	2000
228	10.88	2090	2105	0.00	194	0	0	0	nan	0.00	0.00	4.39	85.09	89.12	0.00	40	0	42	0.00	0.00	66.74	7.86	0.00	0.00	2000
224	11.52	2016	2026	0.00	210	0	0	0	nan	0.00	0.00	7.09	78.37	88.48	0.00	40	0	42	0.00	0.00	62.38	7.59	0.00	0.00	2000
228	11.26	2017	2105	0.00	211	0	0	0	nan	0.00	0.02	3.01	86.11	88.74	0.00	40	0	42	0.00	0.00	66.11	8.05	0.00	0.00	2000
231	10.72	2080	2173	0.00	211	0	0	0	nan	0.00	0.02	2.76	89.53	89.28	0.00	40	0	42	0.00	0.00	69.88	8.17	0.00	0.00	2000
224	11.58	1999	2035	0.00	196	0	0	0	nan	0.00	0.00	2.87	82.90	88.42	0.00	40	0	42	0.00	0.00	63.23	7.51	0.00	0.00	2000
228	10.51	2118	2150	0.00	211	0	0	0	nan	0.00	0.00	2.81	88.84	89.49	0.00	40	0	42	0.00	0.00	68.74	8.16	0.00	0.00	2000
235	11.15	2081	2123	0.00	195	0	0	0	nan	0.00	0.00	2.48	87.46	88.85	0.00	40	0	42	0.00	0.00	67.48	8.09	0.00	0.00	2000
232	10.98	2104	2112	0.00	195	0	0	0	nan	0.00	0.02	2.87	86.68	89.02	0.00	40	0	42	0.00	0.00	67.10	8.05	0.00	0.00	2000
227	11.53	2042	2029	0.00	194	0	0	0	nan	0.00	0.00	3.59	82.01	88.47	0.00	40	0	42	0.00	0.00	62.80	7.42	0.00	0.00	2000
226	11.00	2066	2090	0.00	212	0	0	0	nan	0.00	0.00	2.90	85.70	89.00	0.00	40	0	42	0.00	0.00	65.84	7.83	0.00	0.00	2000
232	10.70	2089	2175	0.21	210	0	0	8	21.47	0.00	0.00	2.38	90.26	89.30	0.00	40	0	42	0.00	0.00	69.95	8.36	0.00	0.00	2000
224	11.27	2056	2031	1.34	195	0	0	5	34.09	0.00	0.00	2.82	82.98	88.73	0.00	40	0	42	0.00	0.00	62.80	7.45	0.00	0.00	2000
230	10.98	2073	2125	0.00	210	0	0	0	nan	0.00	0.02	2.40	87.65	89.02	0.00	41	0	42	0.00	0.00	68.13	7.90	0.00	0.00	2000
230	10.49	2135	2156	0.00	210	0	0	0	nan	0.00	0.00	3.53	88.37	89.51	0.00	41	0	42	0.00	0.00	66.07	8.10	0.00	0.00	2000
228	11.05	2075	2089	0.00	194	0	0	0	nan	0.00	0.00	4.31	84.28	88.95	0.00	40	0	42	0.00	0.00	66.60	7.95	0.00	0.00	2000
230	10.90	2098	2111	0.00	196	0	0	0	nan	0.00	0.00	5.35	84.22	89.10	0.00	40	0	42	0.00	0.00	65.87	7.99	0.00	0.00	2000
226	10.80	2119	2075	0.00	194	0	0	0	nan	0.00	0.00	4.18	83.98	89.20	0.00	40	0	42	0.00	0.00	65.39	7.90	0.00	0.00	2000
230	10.81	2100	2123	0.00	194	0	0	0	nan	0.00	0.00	4.56	85.63	89.19	0.00	40	0	42	0.00	0.00	67.26	7.95	0.00	0.00	2000
227	11.19	2025	2108	0.00	195	0	0	0	nan	0.00	0.00	4.36	84.83	88.81	0.00	40	0	42	0.00	0.00	65.58	8.09	0.00	0.00	2000
231	10.72	2155	2098	0.00	195	0	0	0	nan	0.00	0.00	4.63	84.47	89.28	0.00	40	0	42	0.00	0.00	66.52	7.99	0.00	0.00	2000
230	10.82	2126	2100	0.00	195	0	0	0	nan	0.00	0.00	3.87	85.23	89.18	0.00	40	0	42	0.00	0.00	66.41	7.93	0.00	0.00	2000
229	10.82	2119	2100	0.00	194	0	0	0	nan	0.00	0.00	4.26	84.89	89.18	0.00	40	0	42	0.00	0.00	66.17	7.92	0.00	0.00	2000
226	10.97	2063	2100	0.00	194	0	0	0	nan	0.00	0.00	3.92	85.13	89.03	0.00	40	0	42	0.00	0.00	66.04	7.88	0.00	0.00	2000
230	11.22	2051	2100	0.00	195	0	0	0	nan	0.00	0.00	4.00	84.90	88.78	0.00	40	0	42	0.00	0.00	66.00	7.96	0.00	0.00	2000
230	10.83	2120	2099	0.00	197	0	0	0	nan	0.00	0.00	5.16	83.96	89.17	0.00	40	0	42	0.00	0.00	66.81	7.98	0.00	0.00	2000
229	11.13	2058	2101	0.00	196	0	0	0	nan	0.00	0.00	4.11	84.84	88.87	0.00	40	0	42	0.00	0.00	65.96	7.96	0.00	0.00	2000
226	11.06	2050	2098	0.00	194	0	0	0	nan	0.00	0.00	4.25	84.64	88.94	0.00	40	0	42	0.00	0.00	66.49	7.83	0.00	0.00	2000
229	11.06	2061	2107	0.21	195	0	0	8	20.62	0.00	0.00	3.84	85.45	88.94	0.00	40	0	42	0.00	0.00	63.98	7.58	0.00	0.00	2000
228	10.81	2119	2091	1.44	194	0	0	5	32.15	0.00	0.00	4.40	84.36	89.19	0.00	40	0	42	0.00	0.00	66.02	7.92	0.00	0.00	2000
230	10.67	2146	2107	0.00	194	0	0	0	nan	0.00	0.00	4.55	85.12	89.33	0.00	40	0	42	0.00	0.00	66.32	7.88	0.00	0.00	2000
228	10.97	2081	2096	0.00	195	0	0	0	nan	0.00	0.00	5.10	83.73	89.03	0.00	40	0	42	0.00	0.00	66.06	8.00	0.00	0.00	2000
228	11.01	2071	2104	0.00	194	0	0	0	nan	0.00	0.00	4.36	84.85	88.99	0.00	40	0	42	0.00	0.00	66.08	8.01	0.00	0.00	2000
265	12.30	2160	2095	0.00	196	0	0	0	nan	0.00	0.00	4.71	82.78	87.70	0.00	40	0	42	0.00	0.00	66.85	7.85	0.00	0.00	2000
223	10.78	2098	2070	0.00	194	0	0	0	nan	0.00	0.00	4.35	83.60	89.22	0.00	40	0	42	0.00	0.00	61.97	7.99	0.00	0.00	2000
231	11.00	2063	2137	0.00	195	0	0	0	nan	0.00	0.00	3.80	86.81	89.00	0.00	40	0	42	0.00	0.00	70.68	8.15	0.00	0.00	2000
231	11.17	2070	2100	0.00	195	0	0	0	nan	0.00	0.02	3.75	85.17	88.83	0.00	40	0	42	0.00	0.00	66.83	8.07	0.00	0.00	2000
226	10.97	2072	2093	0.00	195	0	0	0	nan	0.00	0.00	4.20	84.46	89.03	0.00	40	0	42	0.00	0.00	66.22	7.76	0.00	0.00	2000
231	11.04	2096	2094	0.00	194	0	0	0	nan	0.00	0.00	3.49	85.31	88.96	0.00	40	0	42	0.00	0.00	66.16	8.01	0.00	0.00	2000
226	10.77	2118	2085	0.00	194	0	0	0	nan	0.00	0.00	4.14	84.49	89.23	0.00	40	0	42	0.00	0.00	66.38	8.01	0.00	0.00	2000
230	10.79	2107	2128	0.00	193	0	0	0	nan	0.00	0.00	4.01	86.38	89.21	0.00	40	0	42	0.00	0.00	66.86	8.11	0.00	0.00	2000
230	11.00	2120	2073	0.00	197	0	0	0	nan	0.00	0.00	4.18	83.73	89.00	0.00	40	0	42	0.00	0.00	65.33	7.96	0.00	0.00	2000
229	10.80	2097	2127	0.00	194	0	0	0	nan	0.00	0.00	4.62	85.75	89.20	0.00	40	0	42	0.00	0.00	66.67	7.90	0.00	0.00	2000
223	10.81	2110	2054	0.00	194	0	0	0	nan	0.00	0.00	3.94	83.33	89.19	0.00	40	0	42	0.00	0.00	64.94	7.81	0.00	0.00	2000
240	11.89	2028	2088	0.00	193	0	0	0	nan	0.00	0.00	3.78	83.89	88.11	0.00	40	0	42	0.00	0.00	64.70	7.91	0.00	0.00	2000
229	10.52	2122	2154	0.01	211	0	0	6	23.32	0.00	0.00	3.96	87.92	89.48	0.00	40	0	42	0.00	0.00	66.72	8.42	0.00	0.00	2000
231	11.02	2102	2096	1.61	198	0	0	7	33.46	0.00	0.00	6.48	82.31	88.98	0.00	40	0	42	0.00	0.00	68.52	7.69	0.00	0.00	2000
228	11.15	2038	2106	0.00	195	0	0	0	nan	0.00	0.00	5.26	83.94	88.85	0.00	40	0	42	0.00	0.00	66.32	8.04	0.00	0.00	2000
227	11.01	2062	2101	0.00	194	0	0	0	nan	0.00	0.00	4.64	84.40	88.99	0.00	39	0	42	0.00	0.00	65.31	7.89	0.00	0.00	2000
227	11.26	2020	2097	0.00	198	0	0	0	nan	0.00	0.00	4.93	83.86	88.74	0.00	39	0	42	0.00	0.00	64.67	7.43	0.00	0.00	2000
230	11.19	2049	2104	0.00	195	0	0	0	nan	0.00	0.00	3.83	85.28	88.81	0.00	39	0	42	0.00	0.00	65.24	7.85	0.00	0.00	2000
227	11.16	2035	2096	0.00	195	0	0	0	nan	0.00	0.00	3.90	84.88	88.84	0.00	39	0	42	0.00	0.00	64.81	7.82	0.00	0.00	2000
230	11.27	2036	2104	0.00	194	0	0	0	nan	0.00	0.00	3.26	85.74	88.73	0.00	39	0	42	0.00	0.00	65.36	8.04	0.00	0.00	2000
223	11.55	2004	2022	0.00	195	0	0	0	nan	0.00	0.00	3.83	81.49	88.45	0.00	39	0	42	0.00	0.00	62.72	8.41	0.00	0.00	2000
231	11.04	2073	2122	0.00	209	0	0	0	nan	0.00	0.00	2.41	87.47	88.96	0.00	40	0	42	0.00	0.00	67.73	8.91	0.00	0.00	2000
233	10.92	2070	2161	0.00	212	0	0	0	nan	0.00	0.02	3.31	88.44	89.08	0.00	39	0	42	0.00	0.00	69.78	9.16	0.00	0.00	2000
230	10.78	2126	2108	0.00	194	0	0	0	nan	0.00	0.00	4.76	84.87	89.22	0.00	39	0	42	0.00	0.00	66.70	7.90	0.00	0.00	2000
227	10.83	2119	2075	0.00	179	0	0	0	nan	0.01	0.01	3.52	84.65	89.17	0.00	39	0	42	0.00	0.00	59.69	7.27	0.00	0.00	2000
230	10.90	2135	2079	0.00	195	0	0	0	nan	0.00	0.00	2.52	85.57	89.10	0.00	39	0	42	0.00	0.00	65.58	7.86	0.00	0.00	2000
227	10.80	2067	2138	0.00	210	0	0	0	nan	0.00	0.00	4.67	86.24	89.20	0.00	40	0	42	0.00	0.00	69.89	9.26	0.00	0.00	2000
230	11.13	2066	2099	0.00	194	0	0	0	nan	0.00	0.00	4.79	84.21	88.87	0.00	40	0	42	0.00	0.00	66.35	8.73	0.00	0.00	2000
230	11.00	2102	2088	0.00	195	0	0	0	nan	0.00	0.02	4.03	84.48	89.00	0.00	39	0	42	0.00	0.00	67.46	8.73	0.00	0.00	2000
228	10.98	2060	2117	0.01	195	0	0	18	10.02	0.00	0.00	5.07	84.84	89.02	0.00	40	0	42	0.00	0.00	66.63	8.75	0.00	0.00	2000
229	11.17	2048	2098	1.17	194	0	0	18	12.74	0.00	0.00	3.97	84.79	88.83	0.00	39	0	42	0.00	0.00	66.92	8.83	0.00	0.00	2000
227	11.10	2049	2099	0.00	194	0	0	0	nan	0.00	0.00	4.42	84.55	88.90	0.00	40	0	42	0.00	0.00	66.40	8.73	0.00	0.00	2000
228	11.35	2008	2100	0.00	194	0	0	0	nan	0.00	0.00	3.71	85.09	88.65	0.00	40	0	42	0.00	0.00	66.65	8.80	0.00	0.00	2000
229	11.45	2065	2039	0.00	198	0	0	0	nan	0.00	0.00	3.63	82.40	88.55	0.00	40	0	42	0.00	0.00	64.12	8.26	0.00	0.00	2000
230	10.85	2059	2164	0.00	211	0	0	0	nan	0.00	0.00	3.37	88.55	89.15	0.00	40	0	42	0.00	0.00	69.55	9.15	0.00	0.00	2000
229	11.07	2067	2104	0.00	193	0	0	0	nan	0.00	0.00	4.04	85.02	88.93	0.00	40	0	42	0.00	0.00	67.09	8.74	0.00	0.00	2000
229	11.10	2082	2085	0.00	195	0	0	0	nan	0.00	0.02	3.39	84.94	88.90	0.00	40	0	42	0.00	0.00	66.92	8.82	0.00	0.00	2000
223	11.33	2036	2034	0.00	196	0	0	0	nan	0.00	0.00	4.64	81.30	88.67	0.00	40	0	42	0.00	0.00	62.89	8.22	0.00	0.00	2000
232	10.84	2060	2181	0.00	210	0	0	0	nan	0.00	0.00	3.02	89.68	89.16	0.00	40	0	42	0.00	0.00	70.32	8.90	0.00	0.00	2000
228	11.08	2045	2108	0.00	194	0	0	0	nan	0.00	0.00	3.67	85.62	88.92	0.00	39	0	42	0.00	0.00	64.69	7.73	0.00	0.00	2000
229	11.24	2039	2099	0.00	194	0	0	0	nan	0.01	0.00	3.89	84.93	88.76	0.00	40	0	42	0.00	0.00	65.08	7.46	0.00	0.00	2000
230	11.10	2075	2100	0.00	195	0	0	0	nan	0.00	0.01	4.37	84.61	88.90	0.00	40	0	42	0.00	0.00	64.89	7.55	0.00	0.00	2000
229	11.16	2048	2100	0.00	195	0	0	0	nan	0.00	0.00	5.00	83.91	88.84	0.00	39	0	42	0.00	0.00	65.02	7.96	0.00	0.00	2000
230	10.99	2106	2089	0.00	196	0	0	0	nan	0.00	0.00	4.77	83.83	89.01	0.00	39	0	42	0.00	0.00	65.03	7.70	0.00	0.00	2000
229	11.14	2045	2112	0.00	195	0	0	0	nan	0.00	0.00	4.90	84.57	88.86	0.00	39	0	42	0.00	0.00	64.85	7.79	0.00	0.00	2000
222	10.86	2059	2086	0.00	194	0	0	0	nan	0.00	0.00	4.62	83.96	89.14	0.00	38	0	42	0.00	0.00	61.81	7.38	0.00	0.00	2000
121	7.82	1549	2104	0.02	207	0	0	1	82.11	0.00	0.01	4.21	88.15	92.18	0.00	38	0	42	0.00	0.00	62.33	7.78	0.00	0.00	2000
109	8.40	1299	2090	0.41	218	0	0	8	71.47	0.00	0.03	6.06	85.21	91.60	0.00	37	0	42	0.00	0.00	59.70	7.65	0.00	0.00	2000
74	7.26	1005	2118	0.00	209	0	0	0	nan	0.00	0.00	4.44	89.18	92.74	0.00	37	0	42	0.00	0.00	60.61	7.87	0.00	0.00	2000
87	7.05	1235	2091	0.00	130	0	0	0	nan	0.00	0.02	5.29	87.22	92.95	0.00	37	0	42	0.00	0.00	55.00	7.21	0.00	0.00	2000
