Avg_MHz	Busy%	Bzy_MHz	TSC_MHz	IPC	IRQ	NMI	SMI	LLCMRPS	LLC%hit	POLL%	C1%	C1E%	C6%	CPU%c1	CPU%c6	CoreTmp	CoreThr	PkgTmp	Pkg%pc2	Pkg%pc6	PkgWatt	RAMWatt	PKG_%	RAM_%	UncMHz
329	15.70	2086	2112	0.00	220	0	0	0	nan	0.00	0.51	39.99	44.28	84.30	0.00	37	0	42	0.00	0.00	64.52	7.46	0.00	0.00	2000
286	14.54	1952	2116	0.00	226	0	0	0	nan	0.08	0.70	21.17	64.40	85.46	0.00	37	0	42	0.00	0.00	68.22	7.82	0.00	0.00	2000
76	7.00	1091	2099	0.00	195	0	0	0	nan	0.00	0.00	2.86	90.07	93.00	0.00	36	0	42	0.00	0.00	56.97	7.05	0.00	0.00	2000
75	6.95	1058	2133	0.00	210	0	0	0	nan	0.00	0.04	4.47	89.99	93.05	0.00	37	0	42	0.00	0.00	64.30	8.31	0.00	0.00	2000
73	6.43	1132	2104	0.00	193	0	0	0	nan	0.00	0.00	3.37	90.33	93.57	0.00	37	0	42	0.00	0.00	59.44	7.45	0.00	0.00	2000
73	6.62	1101	2096	0.00	196	0	0	0	nan	0.00	0.00	4.09	89.13	93.38	0.00	36	0	42	0.00	0.00	59.05	7.43	0.00	0.00	2000
75	6.58	1140	2100	0.00	195	0	0	0	nan	0.00	0.00	3.91	89.52	93.42	0.00	37	0	42	0.00	0.00	60.16	7.40	0.00	0.00	2000
71	6.61	1090	2083	0.00	177	0	0	0	nan	0.00	0.00	3.48	89.27	93.39	0.00	36	0	42	0.00	0.00	56.59	7.16	0.00	0.00	2000
74	6.76	1078	2122	0.00	209	0	0	0	nan	0.00	0.00	4.53	89.66	93.24	0.00	36	0	42	0.00	0.00	61.82	7.73	0.00	0.00	2000
72	6.68	1074	2102	0.00	194	0	0	0	nan	0.00	0.00	3.70	89.67	93.32	0.00	36	0	42	0.00	0.00	58.71	7.46	0.00	0.00	2000
100	7.79	1299	2080	0.00	194	0	0	0	nan	0.00	0.03	3.59	87.61	92.21	0.00	36	0	42	0.00	0.00	61.02	7.48	0.00	0.00	2000
74	6.24	1182	2112	0.00	193	0	0	0	nan	0.00	0.00	3.62	90.51	93.76	0.00	36	0	42	0.00	0.00	60.24	7.58	0.00	0.00	2000
72	6.52	1102	2107	0.00	193	0	0	0	nan	0.00	0.00	3.61	90.20	93.48	0.00	36	0	42	0.00	0.00	59.28	7.40	0.00	0.00	2000
72	6.17	1177	2092	0.00	193	0	0	0	nan	0.00	0.02	3.54	89.82	93.83	0.00	36	0	42	0.00	0.00	57.42	7.26	0.00	0.00	2000
75	6.62	1133	2098	0.00	197	0	0	0	nan	0.00	0.00	5.20	88.25	93.38	0.00	36	0	42	0.00	0.00	57.02	7.12	0.00	0.00	2000
73	6.53	1115	2105	0.00	197	0	0	0	96.92	0.00	0.01	3.98	89.66	93.47	0.00	36	0	42	0.00	0.00	60.23	7.56	0.00	0.00	2000
72	6.77	1081	2076	0.29	194	0	0	1	85.61	0.00	0.02	2.90	89.33	93.23	0.00	36	0	42	0.00	0.00	61.48	7.61	0.00	0.00	2000
74	6.88	1068	2126	0.00	193	0	0	0	nan	0.00	0.00	3.00	91.35	93.12	0.00	36	0	42	0.00	0.00	56.81	7.29	0.00	0.00	2000
192	9.79	1977	2086	0.00	212	0	0	0	nan	0.03	0.00	5.44	84.18	90.21	0.00	38	0	42	0.00	0.00	64.00	7.08	0.00	0.00	2000
234	10.90	2137	2111	0.00	225	0	0	0	nan	0.00	0.01	3.91	85.73	89.10	0.00	39	0	42	0.00	0.00	64.91	7.51	0.00	0.00	2000
226	11.06	2061	2079	0.00	205	0	0	0	nan	0.00	0.00	2.81	85.32	88.94	0.00	40	0	42	0.00	0.00	63.28	7.12	0.00	0.00	2000
232	11.10	2064	2126	0.00	202	0	0	0	nan	0.00	0.00	4.32	85.75	88.90	0.00	40	0	42	0.00	0.00	70.90	8.01	0.00	0.00	2000
234	11.39	2051	2103	0.00	194	0	0	0	nan	0.00	0.01	6.70	82.09	88.61	0.00	38	0	42	0.00	0.00	65.29	7.56	0.00	0.00	2000
226	11.03	2083	2069	0.00	198	0	0	0	nan	0.00	0.01	5.46	82.27	88.97	0.00	38	0	42	0.00	0.00	63.11	7.48	0.00	0.00	2000
240	11.36	2102	2106	0.00	203	0	0	0	nan	0.00	0.02	5.73	83.23	88.64	0.00	37	0	42	0.00	0.00	66.11	7.45	0.00	0.00	2000
233	11.07	2089	2115	0.00	215	0	0	0	nan	0.00	0.00	5.07	84.58	88.93	0.00	36	0	42	0.00	0.00	65.85	7.72	0.00	0.00	2000
231	11.09	2085	2101	0.00	197	0	0	0	nan	0.00	0.01	5.30	83.83	88.91	0.00	37	0	42	0.00	0.00	64.97	7.38	0.00	0.00	2000
230	10.97	2098	2103	0.00	199	0	0	0	nan	0.00	0.00	5.38	83.87	89.03	0.00	37	0	42	0.00	0.00	65.09	7.48	0.00	0.00	2000
229	10.79	2123	2101	0.00	198	0	0	0	nan	0.00	0.00	3.42	85.89	89.21	0.00	37	0	42	0.00	0.00	65.89	7.53	0.00	0.00	2000
232	11.36	2059	2085	0.00	202	0	0	0	nan	0.00	0.57	4.02	83.60	88.64	0.00	37	0	42	0.00	0.00	65.08	7.55	0.00	0.00	2000
223	10.73	2105	2076	0.00	195	0	0	0	nan	0.00	0.04	4.21	84.06	89.27	0.00	38	0	42	0.00	0.00	66.34	7.38	0.00	0.00	2000
232	10.89	2121	2111	0.00	199	0	0	0	nan	0.00	0.03	2.43	87.13	89.11	0.00	38	0	42	0.00	0.00	64.35	7.16	0.00	0.00	2000
230	11.31	2032	2098	0.00	213	0	0	3	78.89	0.00	0.00	3.18	85.57	88.69	0.00	38	0	42	0.00	0.00	63.61	7.39	0.00	0.00	2000
225	11.25	2032	2065	0.44	197	0	0	19	72.62	0.00	0.00	5.35	82.02	88.75	0.00	37	0	42	0.00	0.00	61.45	7.20	0.00	0.00	2000
234	11.11	2079	2129	0.00	234	0	0	0	nan	0.00	0.00	6.33	83.88	88.89	0.00	38	0	42	0.00	0.00	68.60	7.69	0.00	0.00	2000
245	11.55	2080	2142	0.00	219	0	0	0	nan	0.00	0.03	6.61	83.60	88.45	0.00	37	0	42	0.00	0.00	69.26	7.88	0.00	0.00	2000
226	11.45	2029	2042	0.00	199	0	0	0	nan	0.00	0.00	6.22	79.95	88.55	0.00	37	0	42	0.00	0.00	64.24	7.62	0.00	0.00	2000
232	11.02	2066	2144	0.00	218	0	0	0	nan	0.00	0.00	6.22	84.74	88.98	0.00	37	0	42	0.00	0.00	63.21	7.51	0.00	0.00	2000
234	11.21	2078	2111	0.00	195	0	0	0	nan	0.00	0.00	5.50	83.87	88.81	0.00	37	0	42	0.00	0.00	68.20	7.69	0.00	0.00	2000
232	11.04	2098	2099	0.00	196	0	0	0	nan	0.00	0.02	5.82	83.19	88.96	0.00	38	0	42	0.00	0.00	62.58	7.81	0.00	0.00	2000
233	11.35	2046	2109	0.00	198	0	0	0	nan	0.00	0.04	3.98	85.12	88.65	0.00	38	0	42	0.00	0.00	67.57	7.89	0.00	0.00	2000
230	10.90	2117	2090	0.00	195	0	0	0	nan	0.00	0.02	5.40	83.26	89.10	0.00	38	0	42	0.00	0.00	62.63	7.76	0.00	0.00	2000
236	11.80	1994	2106	0.00	205	0	0	0	nan	0.00	0.00	7.04	81.47	88.20	0.00	38	0	42	0.00	0.00	64.23	7.84	0.00	0.00	2000
230	11.16	2082	2077	0.00	198	0	0	0	nan	0.01	0.00	6.33	81.64	88.84	0.00	38	0	42	0.00	0.00	65.15	7.74	0.00	0.00	2000
229	11.40	2035	2071	0.00	197	0	0	0	nan	0.00	0.00	5.39	82.07	88.60	0.00	39	0	42	0.00	0.00	65.61	7.45	0.00	0.00	2000
229	11.18	2000	2155	0.00	229	0	0	0	nan	0.00	0.02	6.40	84.84	88.82	0.00	39	0	42	0.00	0.00	64.69	7.48	0.00	0.00	2000
229	11.10	2082	2085	0.00	199	0	0	0	nan	0.00	0.00	5.97	82.38	88.90	0.00	38	0	42	0.00	0.00	65.42	7.50	0.00	0.00	2000
232	11.30	2073	2082	0.00	203	0	0	0	nan	0.00	0.00	7.54	80.50	88.70	0.00	39	0	42	0.00	0.00	64.85	7.76	0.00	0.00	2000
229	10.99	2065	2121	0.00	197	0	0	0	nan	0.00	0.00	7.07	82.98	89.01	0.00	39	0	42	0.00	0.00	65.21	7.49	0.00	0.00	2000
231	11.33	2031	2108	0.01	196	0	0	2	89.49	0.00	0.00	5.39	83.67	88.67	0.00	39	0	42	0.00	0.00	64.79	7.45	0.00	0.00	2000
229	11.00	2078	2105	0.72	196	0	0	4	92.71	0.00	0.00	6.09	83.19	89.00	0.00	39	0	42	0.00	0.00	64.79	7.51	0.00	0.00	2000
230	11.08	2091	2085	0.00	199	0	0	0	nan	0.00	0.02	5.17	83.22	88.92	0.00	38	0	42	0.00	0.00	65.36	7.56	0.00	0.00	2000
226	11.03	2067	2077	0.00	198	0	0	0	nan	0.00	0.01	6.13	81.99	88.97	0.00	39	0	42	0.00	0.00	62.80	7.39	0.00	0.00	2000
229	11.28	2033	2094	0.00	198	0	0	0	nan	0.00	0.00	5.45	83.09	88.72	0.00	39	0	42	0.00	0.00	67.78	7.82	0.00	0.00	2000
232	10.78	2115	2133	0.00	214	0	0	0	nan	0.00	0.51	5.65	84.54	89.22	0.00	39	0	42	0.00	0.00	64.65	7.26	0.00	0.00	2000
231	11.19	2066	2094	0.00	199	0	0	0	nan	0.00	0.02	7.29	81.30	88.81	0.00	39	0	42	0.00	0.00	63.86	7.37	0.00	0.00	2000
230	11.30	2027	2105	0.00	196	0	0	0	nan	0.00	0.00	6.99	82.05	88.70	0.00	39	0	42	0.00	0.00	64.62	7.34	0.00	0.00	2000
230	10.84	2116	2103	0.00	200	0	0	0	nan	0.00	0.00	6.70	82.66	89.16	0.00	39	0	42	0.00	0.00	65.73	7.54	0.00	0.00	2000
238	11.30	2117	2090	0.00	199	0	0	0	nan	0.00	0.00	6.69	81.62	88.70	0.00	39	0	42	0.00	0.00	64.41	7.29	0.00	0.00	2000
229	10.92	2085	2113	0.00	197	0	0	0	nan	0.00	0.00	7.41	82.37	89.08	0.00	39	0	42	0.00	0.00	65.38	7.57	0.00	0.00	2000
230	11.05	2075	2107	0.00	197	0	0	0	nan	0.00	0.03	6.95	82.39	88.95	0.00	38	0	42	0.00	0.00	64.78	7.49	0.00	0.00	2000
229	11.19	2053	2098	0.00	198	0	0	0	nan	0.00	0.02	5.87	82.83	88.81	0.00	39	0	42	0.00	0.00	65.05	7.47	0.00	0.00	2000
230	11.13	2088	2078	0.00	203	0	0	0	nan	0.00	0.00	5.62	82.42	88.87	0.00	39	0	42	0.00	0.00	64.68	7.32	0.00	0.00	2000
223	11.54	1990	2042	0.00	196	0	0	0	nan	0.00	0.02	6.32	79.79	88.46	0.00	39	0	42	0.00	0.00	61.60	7.02	0.00	0.00	2000
228	11.00	2064	2110	0.00	213	0	0	0	nan	0.00	0.00	4.06	85.52	89.00	0.00	39	0	42	0.00	0.00	64.97	7.29	0.00	0.00	2000
232	11.38	2027	2110	0.00	214	0	0	0	nan	0.00	0.44	5.08	83.63	88.62	0.00	39	0	42	0.00	0.00	65.67	7.44	0.00	0.00	2000
231	10.92	2072	2147	0.37	215	0	0	3	83.90	0.00	0.54	3.83	86.80	89.08	0.00	39	0	42	0.00	0.00	67.96	7.62	0.00	0.00	2000
229	11.12	2056	2104	0.86	198	0	0	2	90.65	0.00	0.00	7.92	81.25	88.88	0.00	39	0	42	0.00	0.00	64.81	7.45	0.00	0.00	2000
230	11.15	2059	2102	0.00	197	0	0	0	nan	0.00	0.00	7.48	81.55	88.85	0.00	39	0	42	0.00	0.00	65.01	7.57	0.00	0.00	2000
228	11.24	2021	2108	0.00	197	0	0	0	nan	0.00	0.00	6.92	82.35	88.76	0.00	39	0	42	0.00	0.00	64.41	7.58	0.00	0.00	2000
230	11.42	2013	2102	0.00	198	0	0	0	nan	0.00	0.00	5.58	83.25	88.58	0.00	39	0	42	0.00	0.00	64.47	7.46	0.00	0.00	2000
227	11.07	2056	2099	0.00	201	0	0	0	nan	0.00	0.00	6.32	82.61	88.93	0.00	39	0	42	0.00	0.00	65.26	7.38	0.00	0.00	2000
230	11.29	2031	2102	0.00	195	0	0	0	nan	0.00	0.02	5.67	83.23	88.71	0.00	39	0	42	0.00	0.00	64.92	7.60	0.00	0.00	2000
230	11.18	2065	2095	0.00	195	0	0	0	nan	0.00	0.00	4.75	83.98	88.82	0.00	39	0	42	0.00	0.00	65.45	7.57	0.00	0.00	2000
230	11.05	2073	2105	0.00	198	0	0	0	nan	0.00	0.00	5.27	83.89	88.95	0.00	39	0	42	0.00	0.00	64.78	7.51	0.00	0.00	2000
230	11.10	2069	2101	0.00	201	0	0	0	nan	0.00	0.00	7.58	81.45	88.90	0.00	39	0	42	0.00	0.00	64.87	7.52	0.00	0.00	2000
227	11.01	2097	2065	0.00	200	0	0	0	nan	0.00	0.06	6.12	81.50	88.99	0.00	39	0	42	0.00	0.00	63.38	7.27	0.00	0.00	2000
233	10.65	2143	2141	0.00	198	0	0	0	nan	0.00	0.05	3.71	87.46	89.35	0.00	39	0	42	0.00	0.00	66.45	7.58	0.00	0.00	2000
228	11.11	2054	2095	0.00	198	0	0	0	nan	0.00	0.00	5.37	83.40	88.89	0.00	39	0	42	0.00	0.00	65.04	7.44	0.00	0.00	2000
226	11.34	1996	2099	0.00	197	0	0	0	nan	0.00	0.00	6.04	82.66	88.66	0.00	39	0	42	0.00	0.00	64.40	7.45	0.00	0.00	2000
226	11.72	2005	2022	0.00	196	0	0	0	nan	0.00	0.00	5.30	79.70	88.28	0.00	39	0	42	0.00	0.00	61.84	7.33	0.00	0.00	2000
236	11.14	2034	2185	0.00	214	0	0	0	nan	0.00	0.02	5.22	87.32	88.86	0.00	39	0	42	0.00	0.00	69.53	8.06	0.00	0.00	2000
229	11.05	2078	2092	0.00	198	0	0	0	nan	0.00	0.00	6.92	81.77	88.95	0.00	39	0	42	0.00	0.00	64.91	7.33	0.00	0.00	2000
228	10.91	2093	2101	0.16	198	0	0	1	82.87	0.00	0.00	6.77	82.47	89.09	0.00	40	0	42	0.00	0.00	65.36	7.47	0.00	0.00	2000
225	10.94	2080	2081	0.84	198	0	0	1	90.85	0.00	0.00	6.19	82.14	89.06	0.00	39	0	42	0.00	0.00	63.31	7.29	0.00	0.00	2000
230	11.03	2076	2109	0.00	199	0	0	0	nan	0.00	0.00	4.79	84.65	88.97	0.00	39	0	42	0.00	0.00	64.76	7.42	0.00	0.00	2000
231	11.02	2087	2112	0.00	202	0	0	0	nan	0.00	0.00	4.74	84.86	88.98	0.00	39	0	42	0.00	0.00	65.80	7.51	0.00	0.00	2000
230	11.04	2067	2113	0.00	197	0	0	0	nan	0.00	0.07	4.39	85.07	88.96	0.00	39	0	42	0.00	0.00	65.20	7.50	0.00	0.00	2000
223	11.23	2059	2029	0.00	196	0	0	0	nan	0.00	0.00	5.15	80.71	88.77	0.00	39	0	42	0.00	0.00	61.66	7.02	0.00	0.00	2000
233	10.83	2077	2176	0.00	214	0	0	0	nan	0.00	0.08	3.63	88.78	89.17	0.00	39	0	42	0.00	0.00	68.41	7.60	0.00	0.00	2000
229	11.32	2063	2058	0.00	197	0	0	0	nan	0.01	0.52	4.52	81.95	88.68	0.00	39	0	42	0.00	0.00	61.77	6.98	0.00	0.00	2000
228	10.65	2148	2096	0.00	203	0	0	0	nan	0.00	0.89	3.52	84.88	89.35	0.00	39	0	42	0.00	0.00	65.70	7.43	0.00	0.00	2000
231	10.88	2076	2151	0.00	211	0	0	0	nan	0.00	0.55	8.05	82.80	89.12	0.00	39	0	42	0.00	0.00	68.27	7.72	0.00	0.00	2000
224	11.06	2069	2053	0.00	196	0	0	0	nan	0.00	0.00	5.44	81.59	88.94	0.00	39	0	42	0.00	0.00	62.91	7.24	0.00	0.00	2000
240	11.38	2072	2142	0.00	199	0	0	0	nan	0.00	0.00	6.01	84.48	88.62	0.00	39	0	42	0.00	0.00	65.33	7.34	0.00	0.00	2000
228	11.07	2097	2058	0.00	204	0	0	0	nan	0.00	0.00	4.79	82.33	88.93	0.00	39	0	42	0.00	0.00	64.17	7.49	0.00	0.00	2000
228	11.16	2038	2109	0.00	214	0	0	0	nan	0.00	0.00	5.41	83.99	88.84	0.00	39	0	42	0.00	0.00	66.22	7.40	0.00	0.00	2000
230	11.41	2033	2087	0.00	203	0	0	0	nan	0.00	0.02	6.43	81.72	88.59	0.00	39	0	42	0.00	0.00	63.77	7.28	0.00	0.00	2000
231	10.62	2127	2150	0.00	215	0	0	0	nan	0.00	0.00	3.98	87.63	89.38	0.00	39	0	42	0.00	0.00	65.61	7.43	0.00	0.00	2000
230	11.09	2090	2088	0.00	197	0	0	0	nan	0.00	0.00	5.71	82.71	88.91	0.00	39	0	42	0.00	0.00	66.44	7.67	0.00	0.00	2000
226	10.77	2113	2083	0.38	201	0	0	5	85.46	0.00	0.01	6.95	81.63	89.23	0.00	39	0	42	0.00	0.00	64.32	7.33	0.00	0.00	2000
229	10.84	2114	2094	0.52	198	0	0	3	96.24	0.01	0.21	5.41	83.35	89.16	0.00	39	0	42	0.00	0.00	64.59	7.47	0.00	0.00	2000
231	11.24	2031	2129	0.00	198	0	0	0	nan	0.00	0.00	4.91	85.25	88.76	0.00	39	0	42	0.00	0.00	67.56	8.77	0.00	0.00	2000
224	11.13	2032	2076	0.00	196	0	0	0	nan	0.00	0.00	5.57	82.33	88.87	0.00	39	0	42	0.00	0.00	66.03	8.68	0.00	0.00	2000
237	11.15	2086	2138	0.00	196	0	0	0	nan	0.00	0.02	4.77	85.72	88.85	0.00	39	0	42	0.00	0.00	68.38	9.18	0.00	0.00	2000
229	11.17	2078	2073	0.00	202	0	0	0	nan	0.01	0.00	6.47	81.33	88.83	0.00	39	0	42	0.00	0.00	63.69	8.48	0.00	0.00	2000
229	10.94	2070	2119	0.00	197	0	0	0	nan	0.00	0.00	8.00	81.92	89.06	0.00	39	0	42	0.00	0.00	69.77	9.03	0.00	0.00	2000
227	11.05	2060	2092	0.00	199	0	0	0	nan	0.00	0.00	5.16	83.57	88.95	0.00	39	0	42	0.00	0.00	62.72	7.19	0.00	0.00	2000
229	11.29	2025	2104	0.00	199	0	0	0	nan	0.00	0.00	5.36	83.73	88.71	0.00	39	0	42	0.00	0.00	64.88	7.51	0.00	0.00	2000
229	11.12	2055	2105	0.00	198	0	0	0	nan	0.00	0.00	5.73	83.47	88.88	0.00	39	0	42	0.00	0.00	65.00	7.70	0.00	0.00	2000
231	11.25	2063	2095	0.00	205	0	0	0	nan	0.00	0.02	5.82	82.84	88.75	0.00	39	0	42	0.00	0.00	64.56	7.42	0.00	0.00	2000
230	10.84	2114	2110	0.00	197	0	0	0	nan	0.00	0.00	5.52	84.20	89.16	0.00	39	0	42	0.00	0.00	65.79	7.66	0.00	0.00	2000
228	11.09	2060	2096	0.00	197	0	0	0	nan	0.00	0.00	6.23	82.67	88.91	0.00	39	0	42	0.00	0.00	61.69	7.17	0.00	0.00	2000
227	10.95	2086	2088	0.00	198	0	0	0	nan	0.00	0.04	4.44	84.15	89.05	0.00	39	0	42	0.00	0.00	64.38	7.48	0.00	0.00	2000
232	10.88	2123	2114	0.00	197	0	0	0	nan	0.00	0.52	6.76	82.52	89.12	0.00	39	0	42	0.00	0.00	65.91	7.74	0.00	0.00	2000
234	10.90	2141	2107	0.00	184	0	0	0	nan	0.00	0.00	7.46	81.95	89.10	0.00	39	0	42	0.00	0.00	67.36	7.87	0.00	0.00	2000
225	11.06	2069	2067	0.00	202	0	0	0	nan	0.00	0.01	5.61	82.01	88.94	0.00	39	0	42	0.00	0.00	64.12	7.40	0.00	0.00	2000
230	10.97	2093	2107	0.04	198	0	0	3	58.24	0.00	0.03	4.73	84.67	89.03	0.00	39	0	42	0.00	0.00	64.84	7.50	0.00	0.00	2000
230	10.93	2101	2106	0.79	197	0	0	3	59.53	0.00	0.03	4.66	84.75	89.07	0.00	39	0	42	0.00	0.00	65.79	7.62	0.00	0.00	2000
230	11.10	2064	2109	0.00	198	0	0	0	nan	0.00	0.03	4.39	84.99	88.90	0.00	39	0	42	0.00	0.00	66.74	7.53	0.00	0.00	2000
233	11.27	2059	2108	0.00	198	0	0	0	nan	0.00	0.00	4.63	84.56	88.73	0.00	39	0	42	0.00	0.00	64.87	7.50	0.00	0.00	2000
227	10.91	2094	2085	0.00	202	0	0	0	nan	0.00	0.00	5.68	82.86	89.09	0.00	39	0	42	0.00	0.00	60.36	7.08	0.00	0.00	2000
229	11.14	2060	2099	0.00	197	0	0	0	nan	0.00	0.00	5.43	83.53	88.86	0.00	39	0	43	0.00	0.00	65.48	7.53	0.00	0.00	2000
231	10.87	2111	2114	0.00	198	0	0	0	nan	0.00	0.00	5.61	84.21	89.13	0.00	39	0	42	0.00	0.00	65.90	7.62	0.00	0.00	2000
230	10.80	2129	2098	0.00	200	0	0	0	nan	0.00	0.01	5.26	83.92	89.20	0.00	39	0	42	0.00	0.00	64.88	7.50	0.00	0.00	2000
230	10.77	2126	2109	0.00	179	0	0	0	nan	0.00	0.08	3.86	85.85	89.23	0.00	39	0	42	0.00	0.00	67.15	7.90	0.00	0.00	2000
233	11.21	2077	2097	0.00	199	0	0	0	nan	0.00	0.00	4.45	84.35	88.79	0.00	39	0	42	0.00	0.00	66.04	7.66	0.00	0.00	2000
230	11.11	2065	2102	0.00	203	0	0	0	nan	0.00	0.00	5.13	83.89	88.89	0.00	39	0	42	0.00	0.00	62.94	7.29	0.00	0.00	2000
226	10.86	2101	2079	0.00	196	0	0	0	nan	0.00	0.01	5.31	83.07	89.14	0.00	39	0	42	0.00	0.00	62.38	7.26	0.00	0.00	2000
230	11.27	2028	2112	0.00	197	0	0	0	nan	0.00	0.00	6.07	83.24	88.73	0.00	39	0	42	0.00	0.00	65.05	7.58	0.00	0.00	2000
230	10.95	2098	2099	0.00	198	0	0	0	nan	0.00	0.00	6.06	83.00	89.05	0.00	39	0	42	0.00	0.00	65.51	7.69	0.00	0.00	2000
227	11.37	2008	2085	0.00	199	0	0	0	nan	0.00	0.00	5.38	82.70	88.63	0.00	39	0	42	0.00	0.00	64.12	7.54	0.00	0.00	2000
232	10.82	2135	2105	0.00	200	0	0	0	nan	0.00	0.00	6.20	83.19	89.18	0.00	39	0	42	0.00	0.00	65.61	7.61	0.00	0.00	2000
229	11.20	2037	2110	0.00	197	0	0	0	nan	0.00	0.00	6.78	82.53	88.80	0.00	39	0	42	0.00	0.00	64.73	7.60	0.00	0.00	2000
230	10.93	2108	2095	0.00	199	0	0	1	73.93	0.00	0.00	5.58	83.33	89.07	0.00	39	0	42	0.00	0.00	65.26	7.48	0.00	0.00	2000
228	10.76	2129	2090	0.86	196	0	0	5	56.59	0.00	0.57	4.07	84.30	89.24	0.00	39	0	42	0.00	0.00	65.83	7.64	0.00	0.00	2000
234	10.97	2111	2120	0.00	186	0	0	0	nan	0.00	0.02	5.73	84.27	89.03	0.00	39	0	42	0.00	0.00	66.54	7.89	0.00	0.00	2000
229	11.24	2057	2078	0.00	202	0	0	0	nan	0.00	0.03	6.32	81.65	88.76	0.00	39	0	42	0.00	0.00	64.39	7.46	0.00	0.00	2000
232	10.76	2148	2106	0.00	203	0	0	0	nan	0.00	0.52	3.88	85.20	89.24	0.00	39	0	42	0.00	0.00	65.68	7.56	0.00	0.00	2000
231	11.02	2080	2116	0.00	196	0	0	0	nan	0.00	1.55	4.52	83.79	88.98	0.00	39	0	42	0.00	0.00	63.52	7.46	0.00	0.00	2000
231	10.86	2129	2102	0.00	197	0	0	0	nan	0.00	0.00	6.68	82.45	89.14	0.00	39	0	42	0.00	0.00	63.36	7.49	0.00	0.00	2000
237	11.18	2118	2097	0.00	199	0	0	0	nan	0.00	0.00	6.61	82.16	88.82	0.00	39	0	42	0.00	0.00	67.04	7.77	0.00	0.00	2000
238	11.28	2109	2105	0.00	181	0	0	0	nan	0.00	0.01	6.02	83.06	88.72	0.00	39	0	42	0.00	0.00	66.27	7.67	0.00	0.00	2000
231	11.09	2095	2092	0.00	218	0	0	0	nan	0.00	0.02	6.44	82.09	88.91	0.00	39	0	42	0.00	0.00	64.91	7.56	0.00	0.00	2000
226	10.94	2088	2081	0.00	194	0	0	0	nan	0.00	0.00	5.21	83.17	89.06	0.00	39	0	42	0.00	0.00	64.17	7.50	0.00	0.00	2000
231	10.68	2147	2117	0.00	196	0	0	0	nan	0.00	0.03	3.11	86.86	89.32	0.00	39	0	42	0.00	0.00	64.84	7.67	0.00	0.00	2000
230	10.77	2131	2102	0.00	196	0	0	0	nan	0.00	0.01	5.03	84.36	89.23	0.00	39	0	42	0.00	0.00	65.50	7.54	0.00	0.00	2000
229	11.09	2061	2106	0.00	200	0	0	0	nan	0.00	0.05	3.50	85.77	88.91	0.00	39	0	42	0.00	0.00	61.02	7.18	0.00	0.00	2000
227	10.89	2110	2078	0.00	197	0	0	0	nan	0.00	0.00	4.10	84.21	89.11	0.00	39	0	42	0.00	0.00	63.37	7.27	0.00	0.00	2000
234	11.45	2012	2129	0.00	201	0	0	0	nan	0.00	0.01	4.21	85.67	88.55	0.00	39	0	42	0.00	0.00	68.58	7.96	0.00	0.00	2000
228	10.92	2095	2091	0.00	195	0	0	0	nan	0.00	1.01	4.95	82.91	89.08	0.00	39	0	42	0.00	0.00	62.39	7.57	0.00	0.00	2000
228	11.23	2037	2089	0.00	199	0	0	0	nan	0.00	0.01	5.89	82.47	88.77	0.00	39	0	42	0.00	0.00	65.59	7.44	0.00	0.00	2000
228	11.25	2030	2096	0.55	195	0	0	4	42.43	0.00	0.00	5.32	83.44	88.75	0.00	39	0	42	0.00	0.00	65.03	7.58	0.00	0.00	2000
232	11.55	1997	2113	0.36	197	0	0	0	nan	0.00	0.00	5.95	83.17	88.45	0.00	39	0	42	0.00	0.00	65.07	7.49	0.00	0.00	2000
231	10.95	2106	2098	0.00	201	0	0	0	nan	0.00	0.00	6.15	82.94	89.05	0.00	39	0	42	0.00	0.00	65.97	7.68	0.00	0.00	2000
228	10.69	2145	2091	0.00	184	0	0	0	nan	0.00	0.00	6.00	82.94	89.31	0.00	39	0	42	0.00	0.00	66.03	7.79	0.00	0.00	2000
233	10.93	2115	2117	0.00	201	0	0	0	nan	0.01	0.00	5.53	84.36	89.07	0.00	39	0	42	0.00	0.00	64.00	7.50	0.00	0.00	2000
229	11.07	2064	2104	0.00	199	0	0	0	nan	0.00	0.02	3.34	85.74	88.93	0.00	39	0	42	0.00	0.00	62.29	7.24	0.00	0.00	2000
228	11.05	2071	2092	0.00	197	0	0	0	nan	0.00	0.01	2.78	85.97	88.95	0.00	39	0	42	0.00	0.00	64.97	7.48	0.00	0.00	2000
233	11.10	2091	2104	0.00	198	0	0	0	nan	0.00	0.03	4.88	84.23	88.90	0.00	39	0	42	0.00	0.00	66.08	7.64	0.00	0.00	2000
228	11.22	2049	2086	0.00	201	0	0	0	nan	0.00	0.01	6.41	81.85	88.78	0.00	39	0	42	0.00	0.00	66.22	7.59	0.00	0.00	2000
229	10.90	2096	2108	0.00	198	0	0	0	nan	0.00	0.99	5.25	83.35	89.10	0.00	39	0	42	0.00	0.00	65.44	7.46	0.00	0.00	2000
229	11.08	2067	2096	0.00	198	0	0	0	nan	0.00	0.00	6.28	82.57	88.92	0.00	39	0	42	0.00	0.00	64.20	7.39	0.00	0.00	2000
229	10.91	2097	2102	0.00	196	0	0	0	nan	0.00	0.00	5.63	83.64	89.09	0.00	39	0	42	0.00	0.00	64.99	7.48	0.00	0.00	2000
231	10.99	2106	2097	0.00	198	0	0	0	nan	0.00	0.00	6.72	82.24	89.01	0.00	39	0	42	0.00	0.00	64.79	7.48	0.00	0.00	2000
227	10.96	2091	2077	0.00	184	0	0	0	nan	0.00	0.00	5.49	82.57	89.04	0.00	39	0	42	0.00	0.00	62.37	7.23	0.00	0.00	2000
232	11.07	2069	2125	0.00	215	0	0	0	nan	0.00	0.00	6.29	83.84	88.93	0.00	39	0	42	0.00	0.00	67.42	7.83	0.00	0.00	2000
228	10.79	2120	2098	0.00	198	0	0	0	nan	0.00	0.02	5.27	83.83	89.21	0.00	39	0	42	0.00	0.00	65.54	7.50	0.00	0.00	2000
228	10.88	2105	2089	0.00	197	0	0	0	nan	0.00	0.02	5.09	83.52	89.12	0.00	39	0	42	0.00	0.00	63.71	7.33	0.00	0.00	2000
231	10.82	2116	2115	0.23	182	0	0	3	51.87	0.00	0.00	5.24	84.61	89.18	0.00	39	0	42	0.00	0.00	64.21	7.40	0.00	0.00	2000
233	11.26	2069	2105	0.69	203	0	0	3	70.38	0.00	0.56	4.23	84.34	88.74	0.00	39	0	42	0.00	0.00	65.78	7.61	0.00	0.00	2000
229	11.13	2055	2106	0.00	196	0	0	0	nan	0.00	0.00	5.27	83.93	88.87	0.00	39	0	42	0.00	0.00	62.08	7.27	0.00	0.00	2000
226	10.79	2118	2080	0.00	199	0	0	0	nan	0.00	0.03	4.88	83.57	89.21	0.00	39	0	42	0.00	0.00	65.64	7.54	0.00	0.00	2000
229	11.34	2010	2112	0.00	199	0	0	0	nan	0.00	0.00	5.54	83.66	88.66	0.00	39	0	42	0.00	0.00	65.65	7.74	0.00	0.00	2000
228	11.05	2070	2098	0.00	198	0	0	0	nan	0.00	0.00	4.97	83.90	88.95	0.00	39	0	42	0.00	0.00	65.02	7.61	0.00	0.00	2000
272	13.27	2056	2095	0.00	196	0	0	0	nan	0.00	0.00	6.28	80.31	86.73	0.00	39	0	43	0.00	0.00	65.73	7.48	0.00	0.00	2000
229	11.02	2089	2091	0.00	200	0	0	0	nan	0.00	0.00	6.42	82.24	88.98	0.00	39	0	42	0.00	0.00	63.03	7.20	0.00	0.00	2000
232	10.77	2142	2111	0.00	184	0	0	0	nan	0.00	0.02	8.13	81.54	89.23	0.00	39	0	42	0.00	0.00	63.97	7.91	0.00	0.00	2000
232	11.28	2051	2109	0.00	201	0	0	0	nan	0.00	0.03	4.25	84.93	88.72	0.00	39	0	42	0.00	0.00	66.11	7.35	0.00	0.00	2000
228	10.87	2098	2096	0.00	198	0	0	0	nan	0.00	0.03	4.81	84.05	89.13	0.00	39	0	43	0.00	0.00	65.98	7.60	0.00	0.00	2000
231	11.06	2089	2103	0.00	199	0	0	0	nan	0.00	0.01	3.45	85.69	88.94	0.00	39	0	42	0.00	0.00	65.66	7.56	0.00	0.00	2000
233	10.93	2133	2100	0.00	203	0	0	0	nan	0.00	0.02	6.63	82.50	89.07	0.00	39	0	42	0.00	0.00	63.78	7.39	0.00	0.00	2000
229	11.09	2074	2090	0.00	188	0	0	0	nan	0.00	0.01	5.18	83.41	88.91	0.00	39	0	42	0.00	0.00	62.73	7.27	0.00	0.00	2000
231	10.94	2101	2110	0.00	198	0	0	0	nan	0.00	1.04	2.99	85.61	89.06	0.00	39	0	42	0.00	0.00	66.85	7.52	0.00	0.00	2000
225	10.65	2145	2067	0.00	196	0	0	0	nan	0.00	0.00	2.72	85.13	89.35	0.00	39	0	42	0.00	0.00	63.64	7.25	0.00	0.00	2000
231	10.86	2116	2113	0.00	201	0	0	0	nan	0.00	0.00	4.44	85.27	89.14	0.00	39	0	42	0.00	0.00	65.57	7.60	0.00	0.00	2000
233	11.35	2033	2126	0.00	196	0	0	1	72.06	0.00	0.01	3.66	86.17	88.65	0.00	39	0	42	0.00	0.00	66.40	7.62	0.00	0.00	2000
229	11.61	1977	2092	0.78	198	0	0	5	57.95	0.00	0.02	5.42	82.80	88.39	0.00	39	0	42	0.00	0.00	64.55	7.61	0.00	0.00	2000
231	11.27	2038	2108	0.00	196	0	0	0	nan	0.00	0.01	5.27	83.77	88.73	0.00	39	0	42	0.00	0.00	65.11	7.55	0.00	0.00	2000
225	10.84	2100	2079	0.00	197	0	0	0	nan	0.00	0.02	4.74	83.67	89.16	0.00	39	0	42	0.00	0.00	65.75	7.75	0.00	0.00	2000
232	11.28	2043	2112	0.00	198	0	0	0	nan	0.00	0.00	5.90	83.36	88.72	0.00	39	0	42	0.00	0.00	64.59	7.63	0.00	0.00	2000
227	11.00	2072	2091	0.00	199	0	0	0	nan	0.00	0.00	5.89	82.80	89.00	0.00	39	0	42	0.00	0.00	62.87	7.21	0.00	0.00	2000
234	11.07	2099	2116	0.00	199	0	0	0	nan	0.00	0.00	6.24	83.47	88.93	0.00	39	0	42	0.00	0.00	65.83	7.68	0.00	0.00	2000
229	10.83	2117	2095	0.00	203	0	0	0	nan	0.00	0.00	5.61	83.41	89.17	0.00	39	0	42	0.00	0.00	62.56	7.22	0.00	0.00	2000
228	10.84	2117	2086	0.00	180	0	0	0	nan	0.00	0.02	4.65	84.06	89.16	0.00	39	0	42	0.00	0.00	65.41	7.60	0.00	0.00	2000
227	10.70	2135	2084	0.00	194	0	0	0	nan	0.00	0.00	5.08	83.60	89.30	0.00	39	0	42	0.00	0.00	65.45	7.51	0.00	0.00	2000
231	10.92	2112	2103	0.00	200	0	0	0	nan	0.00	0.02	2.81	86.42	89.08	0.00	39	0	42	0.00	0.00	64.57	7.58	0.00	0.00	2000
232	10.84	2133	2107	0.00	199	0	0	0	nan	0.00	0.10	2.17	87.32	89.16	0.00	39	0	42	0.00	0.00	65.43	7.55	0.00	0.00	2000
232	10.99	2108	2101	0.00	207	0	0	0	nan	0.00	0.00	4.89	84.28	89.01	0.00	39	0	42	0.00	0.00	65.78	7.39	0.00	0.00	2000
233	11.14	2069	2121	0.00	196	0	0	0	nan	0.00	0.02	3.84	85.93	88.86	0.00	39	0	42	0.00	0.00	65.38	7.72	0.00	0.00	2000
227	11.14	2054	2085	0.00	196	0	0	0	nan	0.00	0.01	5.26	83.15	88.86	0.00	39	0	42	0.00	0.00	65.40	7.27	0.00	0.00	2000
229	11.04	2071	2102	0.00	199	0	0	0	nan	0.00	0.00	5.89	83.21	88.96	0.00	39	0	42	0.00	0.00	63.27	7.50	0.00	0.00	2000
231	11.42	2018	2103	0.00	199	0	0	0	nan	0.00	0.00	5.99	82.82	88.58	0.00	39	0	42	0.00	0.00	64.07	7.43	0.00	0.00	2000
226	11.57	2024	2029	0.00	201	0	0	0	nan	0.00	0.00	5.38	80.11	88.43	0.00	38	0	42	0.00	0.00	64.28	7.62	0.00	0.00	2000
233	10.69	2095	2185	0.76	214	0	0	4	39.54	0.00	0.00	6.73	86.35	89.31	0.00	39	0	42	0.00	0.00	66.69	7.60	0.00	0.00	2000
230	10.96	2096	2106	0.16	195	0	0	0	nan	0.00	0.00	5.69	83.72	89.04	0.00	39	0	42	0.00	0.00	63.68	7.37	0.00	0.00	2000
229	10.93	2101	2092	0.00	200	0	0	0	nan	0.01	0.01	3.75	85.00	89.07	0.00	39	0	42	0.00	0.00	64.67	7.50	0.00	0.00	2000
227	10.87	2104	2086	0.00	183	0	0	0	nan	0.00	0.04	4.26	84.31	89.13	0.00	39	0	42	0.00	0.00	66.10	7.70	0.00	0.00	2000
238	11.19	2102	2124	0.00	199	0	0	0	nan	0.00	0.00	2.70	87.20	88.81	0.00	39	0	42	0.00	0.00	65.39	7.57	0.00	0.00	2000
223	10.82	2096	2065	0.00	200	0	0	0	nan	0.00	0.00	5.49	82.32	89.18	0.00	39	0	42	0.00	0.00	62.60	7.15	0.00	0.00	2000
234	11.17	2068	2129	0.00	197	0	0	0	nan	0.00	1.00	4.62	84.59	88.83	0.00	39	0	42	0.00	0.00	67.74	7.92	0.00	0.00	2000
229	10.89	2098	2101	0.00	196	0	0	0	nan	0.00	0.98	5.00	83.17	89.11	0.00	39	0	42	0.00	0.00	63.32	7.30	0.00	0.00	2000
230	11.14	2066	2098	0.00	196	0	0	0	nan	0.00	0.02	5.08	83.72	88.86	0.00	39	0	42	0.00	0.00	65.53	7.48	0.00	0.00	2000
229	11.12	2074	2087	0.00	199	0	0	0	nan	0.00	0.00	5.97	82.44	88.88	0.00	39	0	42	0.00	0.00	62.32	7.31	0.00	0.00	2000
229	10.75	2141	2091	0.00	202	0	0	0	nan	0.00	0.00	6.00	82.84	89.25	0.00	39	0	42	0.00	0.00	65.38	7.52	0.00	0.00	2000
229	11.18	2036	2111	0.00	199	0	0	0	nan	0.00	0.03	6.74	82.63	88.82	0.00	39	0	42	0.00	0.00	64.34	7.34	0.00	0.00	2000
229	11.30	2024	2106	0.00	197	0	0	0	nan	0.00	0.04	5.27	83.71	88.70	0.00	39	0	42	0.00	0.00	67.28	7.61	0.00	0.00	2000
228	11.05	2059	2099	0.00	197	0	0	0	nan	0.00	0.00	5.40	83.62	88.95	0.00	39	0	42	0.00	0.00	61.33	7.14	0.00	0.00	2000
228	11.03	2091	2077	0.00	201	0	0	0	nan	0.00	0.00	5.89	82.20	88.97	0.00	39	0	42	0.00	0.00	64.97	7.56	0.00	0.00	2000
235	11.30	2057	2118	0.00	200	0	0	0	nan	0.03	0.00	6.11	83.48	88.70	0.00	39	0	42	0.00	0.00	65.62	7.48	0.00	0.00	2000
229	10.99	2087	2100	0.00	197	0	0	0	nan	0.00	0.02	6.66	82.43	89.01	0.00	39	0	42	0.00	0.00	64.82	7.50	0.00	0.00	2000
228	10.83	2108	2093	0.43	198	0	0	4	48.34	0.00	0.03	4.32	84.60	89.17	0.00	39	0	42	0.00	0.00	65.44	7.45	0.00	0.00	2000
231	11.17	2057	2109	0.47	199	0	0	1	83.93	0.00	0.51	6.58	82.23	88.83	0.00	39	0	42	0.00	0.00	64.39	7.34	0.00	0.00	2000
229	11.06	2066	2106	0.00	199	0	0	0	nan	0.00	0.00	5.73	83.55	88.94	0.00	39	0	42	0.00	0.00	65.81	7.69	0.00	0.00	2000
240	11.79	2033	2101	0.00	184	0	0	0	nan	0.00	0.02	5.69	82.70	88.21	0.00	39	0	42	0.00	0.00	66.08	7.70	0.00	0.00	2000
228	11.12	2053	2097	0.00	202	0	0	0	nan	0.00	0.00	6.37	82.58	88.88	0.00	39	0	42	0.00	0.00	64.92	7.59	0.00	0.00	2000
225	11.04	2063	2073	0.00	200	0	0	0	nan	0.00	0.00	4.78	83.18	88.96	0.00	39	0	42	0.00	0.00	62.15	7.36	0.00	0.00	2000
233	10.91	2107	2124	0.00	198	0	0	0	nan	0.00	0.03	3.73	86.38	89.09	0.00	39	0	42	0.00	0.00	67.46	7.84	0.00	0.00	2000
228	10.87	2111	2086	0.00	197	0	0	0	nan	0.00	0.02	3.68	84.90	89.13	0.00	39	0	42	0.00	0.00	62.11	7.12	0.00	0.00	2000
234	10.98	2103	2124	0.00	198	0	0	0	nan	0.00	0.03	4.33	85.76	89.02	0.00	39	0	42	0.00	0.00	66.95	7.71	0.00	0.00	2000
226	10.91	2095	2074	0.00	200	0	0	0	nan	0.00	0.02	4.02	84.02	89.09	0.00	39	0	42	0.00	0.00	61.96	7.23	0.00	0.00	2000
232	11.36	2020	2123	0.00	198	0	0	0	nan	0.00	0.01	5.36	84.35	88.64	0.00	39	0	42	0.00	0.00	67.96	7.70	0.00	0.00	2000
230	11.10	2066	2103	0.00	197	0	0	0	nan	0.00	0.03	3.13	85.94	88.91	0.00	39	0	42	0.00	0.00	62.91	7.19	0.00	0.00	2000
227	11.38	2001	2097	0.00	199	0	0	0	nan	0.00	0.02	6.44	82.15	88.62	0.00	39	0	42	0.00	0.00	64.89	7.62	0.00	0.00	2000
229	10.81	2116	2100	0.00	198	0	0	0	nan	0.00	0.00	5.07	84.06	89.19	0.00	39	0	42	0.00	0.00	64.84	7.49	0.00	0.00	2000
233	11.22	2079	2101	0.00	202	0	0	0	nan	0.00	0.02	6.13	82.78	88.78	0.00	39	0	42	0.00	0.00	66.81	7.80	0.00	0.00	2000
231	10.96	2102	2109	0.00	182	0	0	0	nan	0.00	0.01	5.51	84.00	89.04	0.00	39	0	43	0.00	0.00	64.42	7.40	0.00	0.00	2000
229	10.72	2138	2095	0.00	197	0	0	0	nan	0.00	0.01	6.28	82.88	89.28	0.00	39	0	42	0.00	0.00	64.19	7.53	0.00	0.00	2000
230	11.05	2084	2095	0.01	195	0	0	3	57.07	0.00	0.01	5.19	83.60	88.95	0.00	39	0	42	0.00	0.00	65.34	7.43	0.00	0.00	2000
230	11.03	2090	2097	0.84	200	0	0	4	61.35	0.00	0.00	7.34	81.50	88.97	0.00	39	0	42	0.00	0.00	65.46	7.52	0.00	0.00	2000
228	10.91	2099	2090	0.00	200	0	0	0	nan	0.00	0.00	4.98	83.81	89.09	0.00	39	0	42	0.00	0.00	65.36	7.56	0.00	0.00	2000
231	11.13	2068	2109	0.00	200	0	0	0	nan	0.00	0.00	6.48	82.88	88.87	0.00	39	0	42	0.00	0.00	64.85	7.49	0.00	0.00	2000
230	10.88	2110	2103	0.00	199	0	0	0	nan	0.00	0.07	4.83	84.40	89.12	0.00	39	0	42	0.00	0.00	64.89	7.36	0.00	0.00	2000
227	10.87	2103	2089	0.00	182	0	0	0	nan	0.00	0.03	4.36	84.31	89.13	0.00	39	0	42	0.00	0.00	63.64	7.38	0.00	0.00	2000
233	11.00	2096	2119	0.00	198	0	0	0	nan	0.00	0.00	4.22	85.76	89.00	0.00	39	0	42	0.00	0.00	66.08	7.63	0.00	0.00	2000
224	10.86	2098	2066	0.00	196	0	0	0	nan	0.00	1.06	2.86	83.86	89.14	0.00	39	0	42	0.00	0.00	63.91	7.36	0.00	0.00	2000
234	11.05	2108	2112	0.00	200	0	0	0	nan	0.00	0.49	4.62	84.49	88.95	0.00	39	0	42	0.00	0.00	64.32	7.39	0.00	0.00	2000
230	10.90	2101	2106	0.00	222	0	0	0	nan	0.00	0.00	4.29	85.04	89.10	0.00	39	0	42	0.00	0.00	64.68	7.60	0.00	0.00	2000
231	10.83	2126	2109	0.00	182	0	0	0	nan	0.00	0.00	6.49	83.09	89.17	0.00	39	0	42	0.00	0.00	66.43	7.48	0.00	0.00	2000
225	10.68	2131	2079	0.00	198	0	0	0	nan	0.00	0.02	5.13	83.38	89.32	0.00	39	0	42	0.00	0.00	62.52	7.39	0.00	0.00	2000
232	11.59	2022	2076	0.00	196	0	0	0	nan	0.00	0.00	3.57	83.92	88.41	0.00	39	0	42	0.00	0.00	66.79	7.84	0.00	0.00	2000
231	10.69	2107	2156	0.00	215	0	0	0	nan	0.00	0.02	6.28	85.37	89.31	0.00	39	0	42	0.00	0.00	66.24	7.56	0.00	0.00	2000
229	10.93	2102	2093	0.00	202	0	0	0	nan	0.00	0.02	3.91	85.02	89.07	0.00	39	0	42	0.00	0.00	62.78	7.20	0.00	0.00	2000
228	10.86	2102	2095	0.00	198	0	0	0	nan	0.00	0.02	5.06	83.95	89.14	0.00	39	0	42	0.00	0.00	65.18	7.48	0.00	0.00	2000
229	10.95	2092	2102	0.00	197	0	0	0	nan	0.00	0.00	5.54	83.78	89.05	0.00	39	0	42	0.00	0.00	64.46	7.40	0.00	0.00	2000
226	10.96	2076	2088	0.00	195	0	0	2	65.42	0.00	0.00	4.70	83.90	89.04	0.00	39	0	42	0.00	0.00	66.36	7.77	0.00	0.00	2000
235	10.89	2137	2115	0.75	199	0	0	5	56.85	0.00	0.00	6.66	83.12	89.11	0.00	39	0	42	0.00	0.00	62.93	7.31	0.00	0.00	2000
227	10.98	2077	2090	0.00	200	0	0	0	nan	0.01	0.03	5.24	83.46	89.02	0.00	39	0	42	0.00	0.00	64.59	7.32	0.00	0.00	2000
228	11.26	2026	2097	0.00	198	0	0	0	nan	0.00	0.00	6.07	82.68	88.74	0.00	39	0	42	0.00	0.00	67.01	7.71	0.00	0.00	2000
233	10.83	2137	2113	0.00	199	0	0	0	nan	0.00	0.85	6.90	82.01	89.17	0.00	39	0	42	0.00	0.00	63.11	7.36	0.00	0.00	2000
234	11.06	2116	2105	0.00	200	0	0	0	nan	0.00	0.00	6.64	82.67	88.94	0.00	39	0	43	0.00	0.00	66.10	7.61	0.00	0.00	2000
229	11.24	2059	2077	0.00	197	0	0	0	nan	0.00	0.01	5.13	82.80	88.76	0.00	39	0	42	0.00	0.00	63.79	7.62	0.00	0.00	2000
232	10.89	2120	2108	0.00	187	0	0	0	nan	0.00	0.00	6.09	83.47	89.11	0.00	39	0	42	0.00	0.00	65.92	7.70	0.00	0.00	2000
229	10.44	2188	2104	0.00	198	0	0	0	nan	0.01	0.00	6.91	82.76	89.56	0.00	39	0	42	0.00	0.00	63.49	7.26	0.00	0.00	2000
228	11.29	2071	2050	0.00	199	0	0	0	nan	0.00	0.02	4.34	82.30	88.71	0.00	39	0	42	0.00	0.00	63.36	7.31	0.00	0.00	2000
229	10.84	2063	2150	0.00	219	0	0	0	nan	0.00	0.00	5.10	86.26	89.16	0.00	39	0	42	0.00	0.00	68.44	7.71	0.00	0.00	2000
229	11.10	2064	2098	0.00	199	0	0	0	nan	0.00	0.00	5.55	83.43	88.90	0.00	39	0	42	0.00	0.00	64.51	7.55	0.00	0.00	2000
233	11.13	2082	2106	0.00	199	0	0	0	nan	0.00	0.04	6.34	82.82	88.87	0.00	39	0	42	0.00	0.00	63.18	7.29	0.00	0.00	2000
229	11.06	2065	2102	0.00	197	0	0	0	nan	0.00	0.07	4.14	84.94	88.94	0.00	39	0	42	0.00	0.00	64.56	7.57	0.00	0.00	2000
229	11.46	1997	2100	0.00	197	0	0	0	nan	0.00	0.00	5.72	82.93	88.54	0.00	39	0	42	0.00	0.00	64.87	7.51	0.00	0.00	2000
230	11.32	2026	2103	0.00	199	0	0	0	nan	0.00	0.00	5.85	83.05	88.68	0.00	39	0	42	0.00	0.00	65.17	7.52	0.00	0.00	2000
228	10.94	2089	2099	0.00	198	0	0	0	nan	0.00	0.00	6.14	82.98	89.06	0.00	39	0	42	0.00	0.00	65.29	7.64	0.00	0.00	2000
230	11.40	2022	2097	0.00	200	0	0	0	97.37	0.00	0.00	6.42	82.15	88.60	0.00	39	0	42	0.00	0.00	64.23	7.04	0.00	0.00	2000
228	11.49	1984	2101	0.86	198	0	0	4	45.24	0.00	0.00	7.09	81.57	88.51	0.00	39	0	42	0.00	0.00	64.87	7.61	0.00	0.00	2000
230	10.98	2090	2102	0.01	196	0	0	0	nan	0.00	0.00	6.39	82.78	89.02	0.00	39	0	42	0.00	0.00	65.87	7.50	0.00	0.00	2000
228	10.89	2098	2098	0.00	194	0	0	0	nan	0.00	0.00	5.86	83.25	89.11	0.00	39	0	42	0.00	0.00	65.74	7.70	0.00	0.00	2000
228	11.20	2067	2066	0.00	198	0	0	0	nan	0.00	0.01	4.81	82.70	88.80	0.00	39	0	42	0.00	0.00	62.88	7.24	0.00	0.00	2000
229	10.99	2064	2120	0.00	199	0	0	0	nan	0.00	0.00	7.30	82.71	89.01	0.00	39	0	42	0.00	0.00	65.31	7.62	0.00	0.00	2000
234	11.45	2017	2126	0.00	199	0	0	0	nan	0.00	0.06	5.63	84.07	88.55	0.00	39	0	42	0.00	0.00	64.85	7.33	0.00	0.00	2000
229	10.70	2147	2091	0.00	198	0	0	0	nan	0.00	0.02	4.46	84.54	89.30	0.00	39	0	42	0.00	0.00	66.13	7.77	0.00	0.00	2000
229	11.16	2056	2096	0.00	201	0	0	0	nan	0.00	0.02	4.61	84.08	88.84	0.00	39	0	42	0.00	0.00	64.38	7.48	0.00	0.00	2000
230	11.19	2054	2101	0.00	199	0	0	0	nan	0.00	0.01	5.90	83.04	88.81	0.00	39	0	42	0.00	0.00	65.44	7.58	0.00	0.00	2000
231	11.14	2080	2094	0.00	196	0	0	0	nan	0.00	0.01	3.86	84.79	88.86	0.00	39	0	42	0.00	0.00	64.40	7.55	0.00	0.00	2000
233	11.18	2088	2095	0.00	200	0	0	0	nan	0.00	0.00	6.16	82.44	88.82	0.00	39	0	42	0.00	0.00	65.90	7.43	0.00	0.00	2000
228	10.96	2064	2113	0.00	199	0	0	0	nan	0.00	0.00	7.37	82.26	89.04	0.00	39	0	42	0.00	0.00	65.25	7.50	0.00	0.00	2000
228	10.98	2077	2099	0.00	195	0	0	0	nan	0.00	0.00	6.73	82.41	89.02	0.00	39	0	42	0.00	0.00	65.29	7.65	0.00	0.00	2000
229	11.03	2089	2089	0.00	196	0	0	0	nan	0.00	0.02	5.20	83.43	88.97	0.00	39	0	42	0.00	0.00	61.82	7.20	0.00	0.00	2000
231	11.19	2050	2116	0.00	183	0	0	0	nan	0.00	0.00	6.07	83.54	88.81	0.00	39	0	42	0.00	0.00	66.60	7.73	0.00	0.00	2000
230	11.49	2046	2054	0.00	201	0	0	0	nan	0.00	0.00	5.58	81.16	88.51	0.00	39	0	42	0.00	0.00	62.67	7.17	0.00	0.00	2000
229	10.68	2092	2149	0.00	217	0	0	0	nan	0.00	0.00	6.90	84.67	89.32	0.00	39	0	42	0.00	0.00	66.10	7.56	0.00	0.00	2000
229	10.85	2115	2094	0.63	198	0	0	4	40.22	0.00	0.00	5.09	83.90	89.15	0.00	39	0	42	0.00	0.00	65.37	7.65	0.00	0.00	2000
229	10.64	2150	2099	0.28	198	0	0	0	nan	0.00	0.00	4.97	84.37	89.36	0.00	39	0	42	0.00	0.00	64.82	7.45	0.00	0.00	2000
230	10.76	2136	2101	0.00	199	0	0	0	nan	0.00	0.00	5.12	84.25	89.24	0.00	39	0	42	0.00	0.00	64.72	7.45	0.00	0.00	2000
230	10.77	2144	2093	0.00	182	0	0	0	nan	0.00	0.05	4.05	84.95	89.23	0.00	39	0	42	0.00	0.00	66.48	7.61	0.00	0.00	2000
231	10.71	2150	2105	0.00	201	0	0	0	nan	0.00	0.06	4.50	85.00	89.29	0.00	39	0	43	0.00	0.00	64.65	7.44	0.00	0.00	2000
229	11.04	2075	2099	0.00	198	0	0	0	nan	0.00	0.02	3.92	85.05	88.96	0.00	39	0	42	0.00	0.00	65.07	7.31	0.00	0.00	2000
231	11.04	2092	2099	0.00	197	0	0	0	nan	0.00	0.00	5.25	83.74	88.96	0.00	39	0	42	0.00	0.00	65.04	7.44	0.00	0.00	2000
227	11.18	2035	2099	0.00	196	0	0	0	nan	0.00	0.01	4.25	84.66	88.82	0.00	39	0	42	0.00	0.00	63.55	7.28	0.00	0.00	2000
231	11.39	2030	2100	0.00	199	0	0	0	nan	0.00	0.00	4.70	84.04	88.61	0.00	39	0	42	0.00	0.00	65.15	7.55	0.00	0.00	2000
229	11.14	2059	2099	0.00	201	0	0	0	nan	0.00	0.00	5.31	83.64	88.86	0.00	39	0	42	0.00	0.00	66.14	7.68	0.00	0.00	2000
231	10.96	2103	2100	0.00	200	0	0	0	nan	0.00	0.00	8.16	80.92	89.04	0.00	39	0	42	0.00	0.00	62.55	7.28	0.00	0.00	2000
226	11.19	2047	2074	0.00	200	0	0	0	nan	0.00	0.00	5.41	82.43	88.81	0.00	39	0	42	0.00	0.00	63.11	7.43	0.00	0.00	2000
231	10.75	2123	2126	0.00	196	0	0	0	nan	0.00	0.00	5.63	84.80	89.25	0.00	39	0	42	0.00	0.00	68.68	8.04	0.00	0.00	2000
232	11.23	2063	2102	0.00	199	0	0	0	nan	0.01	0.01	3.57	85.36	88.77	0.00	39	0	42	0.00	0.00	65.28	7.59	0.00	0.00	2000
235	10.93	2137	2116	0.00	200	0	0	0	nan	0.00	0.09	4.81	84.78	89.07	0.00	39	0	42	0.00	0.00	63.32	7.45	0.00	0.00	2000
227	10.99	2077	2084	0.00	183	0	0	0	nan	0.00	0.00	4.62	83.81	89.01	0.00	39	0	42	0.00	0.00	66.09	7.50	0.00	0.00	2000
232	10.94	2111	2107	0.00	215	0	0	0	nan	0.01	0.02	4.12	85.29	89.06	0.00	39	0	43	0.00	0.00	64.96	7.37	0.00	0.00	2000
226	10.94	2078	2089	0.31	181	0	0	4	48.46	0.00	0.00	6.24	82.36	89.06	0.00	39	0	42	0.00	0.00	63.52	7.08	0.00	0.00	2000
236	11.48	2105	2053	0.57	199	0	0	2	75.34	0.00	0.05	4.31	82.37	88.52	0.00	39	0	42	0.00	0.00	64.16	7.32	0.00	0.00	2000
232	10.80	2087	2165	0.00	215	0	0	0	nan	0.00	0.00	5.79	86.17	89.20	0.00	39	0	42	0.00	0.00	65.97	7.49	0.00	0.00	2000
230	11.35	2029	2101	0.00	197	0	0	0	nan	0.00	0.01	6.65	82.08	88.65	0.00	39	0	42	0.00	0.00	64.69	7.47	0.00	0.00	2000
230	10.96	2094	2103	0.00	195	0	0	0	nan	0.00	0.00	6.57	82.69	89.04	0.00	39	0	42	0.00	0.00	64.49	7.37	0.00	0.00	2000
230	10.95	2094	2103	0.00	181	0	0	0	nan	0.00	0.03	5.40	83.82	89.05	0.00	39	0	42	0.00	0.00	67.07	7.68	0.00	0.00	2000
227	11.10	2052	2093	0.00	197	0	0	0	nan	0.00	0.00	4.57	84.09	88.90	0.00	39	0	42	0.00	0.00	65.50	7.53	0.00	0.00	2000
231	11.28	2063	2085	0.00	212	0	0	0	nan	0.00	0.02	6.50	81.62	88.72	0.00	39	0	42	0.00	0.00	65.48	7.11	0.00	0.00	2000
233	11.34	2038	2115	0.00	202	0	0	0	nan	0.00	0.03	5.11	84.30	88.66	0.00	39	0	42	0.00	0.00	62.70	7.49	0.00	0.00	2000
228	11.02	2084	2087	0.00	199	0	0	0	nan	0.00	0.00	4.94	83.56	88.98	0.00	39	0	42	0.00	0.00	65.27	7.48	0.00	0.00	2000
229	11.07	2065	2103	0.00	197	0	0	0	nan	0.00	0.00	5.65	83.52	88.93	0.00	39	0	42	0.00	0.00	65.28	7.60	0.00	0.00	2000
230	11.16	2054	2107	0.00	195	0	0	0	nan	0.00	0.06	4.24	84.93	88.84	0.00	39	0	42	0.00	0.00	64.29	7.47	0.00	0.00	2000
228	11.18	2040	2102	0.00	197	0	0	0	nan	0.00	0.52	6.16	82.28	88.82	0.00	39	0	42	0.00	0.00	64.93	7.74	0.00	0.00	2000
234	11.30	2064	2102	0.00	197	0	0	0	nan	0.00	0.00	5.67	83.19	88.70	0.00	39	0	42	0.00	0.00	65.01	7.47	0.00	0.00	2000
229	10.95	2095	2096	0.00	200	0	0	0	nan	0.00	0.00	8.04	80.93	89.05	0.00	39	0	42	0.00	0.00	65.90	7.54	0.00	0.00	2000
229	11.16	2089	2067	0.00	181	0	0	0	nan	0.00	0.00	5.96	81.55	88.84	0.00	39	0	42	0.00	0.00	64.04	7.07	0.00	0.00	2000
227	10.86	2067	2128	0.00	214	0	0	0	nan	0.00	0.00	7.98	82.44	89.14	0.00	39	0	42	0.00	0.00	65.84	7.63	0.00	0.00	2000
229	10.98	2087	2104	0.01	196	0	0	2	56.10	0.00	0.00	6.46	82.81	89.02	0.00	39	0	42	0.00	0.00	64.96	7.42	0.00	0.00	2000
233	11.21	2064	2112	0.83	199	0	0	3	61.02	0.00	0.00	6.55	82.85	88.79	0.00	39	0	42	0.00	0.00	65.85	7.86	0.00	0.00	2000
227	10.68	2148	2082	0.00	200	0	0	0	nan	0.00	0.02	5.13	83.45	89.32	0.00	39	0	42	0.00	0.00	62.29	7.26	0.00	0.00	2000
229	10.78	2122	2106	0.00	199	0	0	0	nan	0.00	0.01	5.16	84.27	89.22	0.00	39	0	42	0.00	0.00	67.07	7.88	0.00	0.00	2000
230	10.60	2169	2101	0.00	182	0	0	0	nan	0.00	0.08	4.50	84.86	89.40	0.00	39	0	42	0.00	0.00	63.76	7.36	0.00	0.00	2000
230	10.92	2100	2109	0.00	196	0	0	0	nan	0.00	0.09	3.18	86.31	89.08	0.00	39	0	42	0.00	0.00	67.68	7.73	0.00	0.00	2000
229	11.21	2050	2097	0.00	197	0	0	0	nan	0.00	0.02	4.21	84.53	88.79	0.00	39	0	43	0.00	0.00	62.85	7.39	0.00	0.00	2000
232	11.17	2085	2090	0.00	202	0	0	0	nan	0.00	0.02	6.10	82.25	88.83	0.00	39	0	42	0.00	0.00	64.93	7.53	0.00	0.00	2000
226	11.01	2075	2081	0.00	196	0	0	0	nan	0.00	0.00	5.75	82.53	88.99	0.00	39	0	42	0.00	0.00	63.99	7.58	0.00	0.00	2000
231	11.06	2053	2132	0.00	198	0	0	0	nan	0.00	0.00	6.65	83.65	88.94	0.00	39	0	42	0.00	0.00	65.86	7.82	0.00	0.00	2000
229	10.94	2105	2092	0.00	195	0	0	0	nan	0.00	0.00	5.80	82.96	89.06	0.00	39	0	42	0.00	0.00	65.40	7.49	0.00	0.00	2000
229	10.96	2088	2101	0.00	199	0	0	0	nan	0.00	0.00	6.37	82.68	89.04	0.00	39	0	43	0.00	0.00	62.80	7.21	0.00	0.00	2000
229	11.24	2059	2075	0.00	197	0	0	0	nan	0.00	0.00	6.31	81.49	88.77	0.00	39	0	42	0.00	0.00	64.38	7.67	0.00	0.00	2000
233	10.88	2110	2129	0.00	200	0	0	0	nan	0.00	0.00	7.24	83.12	89.12	0.00	39	0	42	0.00	0.00	66.39	7.75	0.00	0.00	2000
231	11.04	2092	2101	0.00	199	0	0	0	nan	0.00	0.00	5.19	83.97	88.96	0.00	39	0	42	0.00	0.00	65.75	7.74	0.00	0.00	2000
227	10.64	2144	2086	0.00	182	0	0	0	nan	0.00	0.00	4.48	84.31	89.36	0.00	39	0	42	0.00	0.00	65.99	7.75	0.00	0.00	2000
227	11.09	2103	2045	0.00	198	0	0	0	nan	0.00	0.03	3.66	82.94	88.91	0.00	39	0	42	0.00	0.00	60.72	7.24	0.00	0.00	2000
235	11.21	2032	2171	0.00	215	0	0	2	71.55	0.00	0.03	4.70	87.20	88.79	0.00	39	0	42	0.00	0.00	69.26	7.74	0.00	0.00	2000
230	11.47	2005	2101	0.80	200	0	0	7	56.00	0.00	0.00	7.00	81.69	88.53	0.00	39	0	42	0.00	0.00	64.70	7.78	0.00	0.00	2000
230	10.91	2102	2102	0.00	196	0	0	0	nan	0.00	1.05	5.51	82.71	89.09	0.00	39	0	42	0.00	0.00	63.81	7.35	0.00	0.00	2000
227	10.97	2083	2090	0.00	197	0	0	0	nan	0.00	0.01	7.45	81.20	89.03	0.00	39	0	42	0.00	0.00	64.04	7.28	0.00	0.00	2000
228	11.54	1972	2103	0.00	195	0	0	0	nan	0.00	0.00	6.09	82.67	88.46	0.00	39	0	42	0.00	0.00	66.77	7.40	0.00	0.00	2000
237	11.65	2033	2099	0.00	197	0	0	0	nan	0.00	0.00	6.34	82.12	88.35	0.00	39	0	42	0.00	0.00	62.73	7.51	0.00	0.00	2000
226	10.95	2082	2078	0.00	202	0	0	0	nan	0.00	0.00	6.50	81.73	89.05	0.00	39	0	42	0.00	0.00	65.16	7.68	0.00	0.00	2000
233	11.46	2009	2125	0.00	201	0	0	0	nan	0.00	0.00	8.52	81.23	88.54	0.00	39	0	43	0.00	0.00	66.61	7.80	0.00	0.00	2000
229	11.31	2024	2104	0.00	201	0	0	0	nan	0.00	0.02	4.95	84.00	88.69	0.00	39	0	42	0.00	0.00	62.71	7.17	0.00	0.00	2000
226	10.93	2097	2071	0.00	198	0	0	0	nan	0.00	0.00	5.12	82.80	89.07	0.00	39	0	42	0.00	0.00	62.55	7.49	0.00	0.00	2000
233	11.16	2061	2127	0.00	199	0	0	0	nan	0.00	0.00	6.10	83.97	88.84	0.00	39	0	42	0.00	0.00	67.99	7.48	0.00	0.00	2000
232	11.51	2015	2103	0.00	204	0	0	0	nan	0.00	0.01	6.69	81.98	88.49	0.00	39	0	42	0.00	0.00	64.63	7.46	0.00	0.00	2000
229	11.06	2071	2096	0.00	195	0	0	0	nan	0.00	0.03	4.19	84.73	88.94	0.00	39	0	42	0.00	0.00	65.59	7.49	0.00	0.00	2000
231	11.05	2103	2086	0.00	196	0	0	0	nan	0.00	0.56	3.83	84.11	88.95	0.00	39	0	42	0.00	0.00	64.54	7.64	0.00	0.00	2000
226	11.02	2044	2105	0.00	198	0	0	0	nan	0.00	0.00	6.79	82.51	88.98	0.00	39	0	42	0.00	0.00	65.13	7.52	0.00	0.00	2000
230	11.32	2025	2106	0.00	198	0	0	0	nan	0.00	0.00	7.57	81.51	88.68	0.00	39	0	42	0.00	0.00	64.87	7.39	0.00	0.00	2000
235	11.25	2083	2103	0.00	201	0	0	0	nan	0.00	0.00	6.80	82.16	88.75	0.00	39	0	42	0.00	0.00	65.72	7.74	0.00	0.00	2000
230	11.11	2070	2100	0.00	200	0	0	0	nan	0.00	0.03	7.45	81.58	88.89	0.00	39	0	42	0.00	0.00	64.90	7.54	0.00	0.00	2000
227	10.95	2082	2091	0.75	195	0	0	6	43.18	0.00	0.00	6.21	82.57	89.05	0.00	39	0	42	0.00	0.00	65.40	7.61	0.00	0.00	2000
231	11.22	2062	2100	0.18	199	0	0	0	nan	0.00	0.00	6.31	82.44	88.78	0.00	39	0	42	0.00	0.00	63.80	7.33	0.00	0.00	2000
229	10.87	2093	2113	0.00	196	0	0	0	nan	0.00	0.00	5.59	84.15	89.13	0.00	39	0	42	0.00	0.00	66.54	7.61	0.00	0.00	2000
233	11.17	2091	2095	0.00	202	0	0	0	nan	0.00	0.01	7.22	81.48	88.83	0.00	39	0	42	0.00	0.00	65.40	7.46	0.00	0.00	2000
229	10.77	2132	2098	0.00	208	0	0	0	nan	0.00	0.03	5.47	83.69	89.23	0.00	39	0	42	0.00	0.00	64.60	7.56	0.00	0.00	2000
228	11.06	2092	2069	0.00	198	0	0	0	nan	0.00	0.00	4.50	83.21	88.94	0.00	39	0	42	0.00	0.00	63.00	7.31	0.00	0.00	2000
229	11.06	2038	2134	0.00	195	0	0	0	nan	0.01	0.00	6.64	83.83	88.94	0.00	39	0	42	0.00	0.00	64.85	7.56	0.00	0.00	2000
231	11.28	2040	2105	0.00	196	0	0	0	nan	0.00	0.02	5.39	83.58	88.72	0.00	39	0	42	0.00	0.00	65.54	7.71	0.00	0.00	2000
232	10.93	2128	2095	0.00	196	0	0	0	nan	0.00	0.55	4.48	83.84	89.07	0.00	39	0	42	0.00	0.00	66.11	7.63	0.00	0.00	2000
231	11.11	2073	2104	0.00	203	0	0	0	nan	0.00	0.00	6.43	82.79	88.89	0.00	39	0	42	0.00	0.00	66.18	7.78	0.00	0.00	2000
227	10.87	2103	2090	0.00	182	0	0	0	nan	0.00	0.02	5.59	83.18	89.13	0.00	39	0	42	0.00	0.00	60.75	7.07	0.00	0.00	2000
232	11.29	2043	2109	0.00	195	0	0	0	nan	0.00	0.00	4.79	84.46	88.71	0.00	39	0	42	0.00	0.00	65.33	7.78	0.00	0.00	2000
223	11.49	2015	2028	0.00	199	0	0	0	nan	0.00	0.00	3.44	82.06	88.51	0.00	39	0	42	0.00	0.00	62.69	7.30	0.00	0.00	2000
234	11.02	2046	2177	0.00	213	0	0	0	nan	0.00	0.00	4.65	87.59	88.98	0.00	39	0	42	0.00	0.00	68.39	7.82	0.00	0.00	2000
229	11.32	2035	2088	0.00	201	0	0	0	nan	0.00	0.02	5.80	82.48	88.68	0.00	39	0	42	0.00	0.00	66.55	7.66	0.00	0.00	2000
229	11.21	2034	2106	0.00	196	0	0	0	nan	0.00	0.00	6.44	82.70	88.79	0.00	39	0	42	0.00	0.00	63.51	7.54	0.00	0.00	2000
229	11.40	2005	2105	0.00	201	0	0	0	nan	0.00	0.00	4.84	84.15	88.60	0.00	39	0	42	0.00	0.00	65.69	7.56	0.00	0.00	2000
229	11.06	2068	2099	0.57	199	0	0	6	42.95	0.00	0.00	5.26	83.72	88.94	0.00	39	0	42	0.00	0.00	64.70	7.52	0.00	0.00	2000
230	10.86	2111	2107	0.36	199	0	0	0	nan	0.00	0.05	3.98	85.58	89.14	0.00	39	0	42	0.00	0.00	66.44	7.80	0.00	0.00	2000
231	11.15	2078	2092	0.00	203	0	0	0	nan	0.00	0.02	5.72	82.85	88.85	0.00	39	0	42	0.00	0.00	64.45	7.47	0.00	0.00	2000
230	11.03	2081	2100	0.00	213	0	0	0	nan	0.00	0.00	6.20	82.85	88.97	0.00	39	0	42	0.00	0.00	62.36	7.32	0.00	0.00	2000
227	11.31	2017	2088	0.00	198	0	0	0	nan	0.00	0.00	6.61	81.78	88.69	0.00	39	0	42	0.00	0.00	64.24	7.60	0.00	0.00	2000
229	11.02	2075	2107	0.00	195	0	0	0	nan	0.00	0.00	6.49	82.82	88.98	0.00	39	0	42	0.00	0.00	64.77	7.58	0.00	0.00	2000
230	11.19	2057	2095	0.00	201	0	0	0	nan	0.00	0.00	6.95	81.72	88.81	0.00	39	0	42	0.00	0.00	67.93	7.91	0.00	0.00	2000
233	10.99	2118	2104	0.00	197	0	0	0	nan	0.00	0.00	7.24	81.99	89.01	0.00	39	0	42	0.00	0.00	62.89	7.38	0.00	0.00	2000
231	11.04	2083	2108	0.00	199	0	0	0	nan	0.00	0.00	6.80	82.53	88.96	0.00	39	0	42	0.00	0.00	67.72	7.76	0.00	0.00	2000
228	11.00	2116	2060	0.00	184	0	0	0	nan	0.00	0.03	5.06	82.26	89.00	0.00	39	0	42	0.00	0.00	60.64	6.99	0.00	0.00	2000
228	10.60	2120	2129	0.00	214	0	0	0	nan	0.00	0.00	6.54	84.17	89.40	0.00	39	0	42	0.00	0.00	68.20	7.78	0.00	0.00	2000
231	11.05	2077	2110	0.00	198	0	0	0	nan	0.00	0.05	4.16	85.19	88.95	0.00	39	0	42	0.00	0.00	64.81	7.69	0.00	0.00	2000
233	11.34	2048	2108	0.00	198	0	0	0	nan	0.00	1.09	3.88	84.09	88.66	0.00	39	0	42	0.00	0.00	65.73	7.52	0.00	0.00	2000
230	11.01	2095	2098	0.00	201	0	0	0	nan	0.00	0.02	6.00	82.97	88.99	0.00	39	0	42	0.00	0.00	63.59	7.23	0.00	0.00	2000
228	10.71	2146	2087	0.00	183	0	0	0	nan	0.00	1.02	4.85	82.89	89.29	0.00	39	0	42	0.00	0.00	63.35	7.23	0.00	0.00	2000
237	10.95	2154	2108	0.00	197	0	0	0	nan	0.00	0.02	5.05	84.35	89.05	0.00	39	0	42	0.00	0.00	64.88	7.70	0.00	0.00	2000
230	10.89	2117	2095	0.00	214	0	0	0	nan	0.00	0.53	5.34	83.15	89.11	0.00	39	0	42	0.00	0.00	64.48	7.38	0.00	0.00	2000
227	10.64	2142	2089	0.31	181	0	0	5	49.83	0.00	0.02	5.59	83.30	89.36	0.00	39	0	42	0.00	0.00	65.92	7.60	0.00	0.00	2000
232	11.48	2057	2067	0.59	201	0	0	3	72.84	0.00	0.02	4.42	82.80	88.52	0.00	39	0	42	0.00	0.00	63.81	7.27	0.00	0.00	2000
231	11.23	2004	2159	0.00	213	0	0	0	nan	0.00	0.00	6.71	84.68	88.77	0.00	39	0	42	0.00	0.00	68.99	8.01	0.00	0.00	2000
230	10.94	2101	2099	0.00	198	0	0	0	nan	0.00	0.00	5.75	83.36	89.06	0.00	39	0	42	0.00	0.00	63.22	7.35	0.00	0.00	2000
228	10.61	2159	2093	0.00	195	0	0	0	nan	0.01	0.00	4.71	84.35	89.39	0.00	39	0	42	0.00	0.00	65.26	7.48	0.00	0.00	2000
230	10.98	2094	2098	0.00	201	0	0	0	nan	0.00	0.00	5.48	83.47	89.02	0.00	39	0	42	0.00	0.00	64.34	7.50	0.00	0.00	2000
233	11.05	2105	2105	0.00	199	0	0	0	nan	0.00	0.00	5.77	83.44	88.95	0.00	39	0	42	0.00	0.00	65.63	7.54	0.00	0.00	2000
231	10.67	2166	2100	0.00	195	0	0	0	nan	0.00	0.02	5.99	83.37	89.33	0.00	39	0	42	0.00	0.00	64.99	7.30	0.00	0.00	2000
228	10.65	2147	2097	0.00	198	0	0	0	nan	0.00	0.00	5.18	84.08	89.35	0.00	39	0	42	0.00	0.00	62.45	7.31	0.00	0.00	2000
231	11.12	2078	2096	0.00	197	0	0	0	nan	0.01	0.01	4.41	84.37	88.88	0.00	39	0	42	0.00	0.00	67.13	7.72	0.00	0.00	2000
233	10.81	2161	2093	0.00	201	0	0	0	nan	0.00	0.05	4.46	84.38	89.19	0.00	39	0	42	0.00	0.00	64.39	7.46	0.00	0.00	2000
230	10.63	2164	2103	0.00	201	0	0	0	nan	0.00	0.03	6.57	82.96	89.37	0.00	39	0	42	0.00	0.00	63.01	7.12	0.00	0.00	2000
230	10.84	2112	2110	0.00	195	0	0	0	nan	0.00	0.99	5.77	83.00	89.16	0.00	39	0	42	0.00	0.00	66.73	7.67	0.00	0.00	2000
229	11.07	2079	2089	0.00	198	0	0	0	nan	0.00	0.02	7.70	80.80	88.93	0.00	39	0	42	0.00	0.00	63.71	7.33	0.00	0.00	2000
229	11.11	2052	2107	0.00	197	0	0	0	nan	0.00	0.00	6.50	82.77	88.89	0.00	39	0	42	0.00	0.00	64.89	7.53	0.00	0.00	2000
231	11.14	2073	2098	0.00	197	0	0	0	nan	0.00	0.00	6.15	82.73	88.86	0.00	39	0	42	0.00	0.00	66.99	7.85	0.00	0.00	2000
231	10.86	2115	2115	0.00	197	0	0	0	nan	0.00	0.00	6.97	82.89	89.14	0.00	39	0	42	0.00	0.00	63.65	7.41	0.00	0.00	2000
225	11.04	2073	2064	0.09	203	0	0	4	52.88	0.00	0.02	5.11	82.47	88.96	0.00	39	0	42	0.00	0.00	64.40	7.51	0.00	0.00	2000
233	11.05	2075	2131	0.77	198	0	0	4	62.01	0.00	0.00	7.54	82.82	88.95	0.00	39	0	42	0.00	0.00	65.49	7.57	0.00	0.00	2000
231	10.93	2124	2089	0.00	198	0	0	0	nan	0.00	0.02	4.71	83.91	89.07	0.00	39	0	42	0.00	0.00	66.73	7.34	0.00	0.00	2000
227	10.58	2141	2101	0.00	195	0	0	0	nan	0.00	0.56	4.29	84.59	89.42	0.00	39	0	42	0.00	0.00	63.80	7.29	0.00	0.00	2000
232	10.99	2104	2106	0.00	198	0	0	0	nan	0.00	0.03	5.58	83.82	89.01	0.00	39	0	42	0.00	0.00	65.03	7.67	0.00	0.00	2000
227	11.22	2070	2051	0.00	186	0	0	0	nan	0.00	0.03	4.50	82.29	88.78	0.00	39	0	42	0.00	0.00	65.84	7.73	0.00	0.00	2000
230	11.20	2003	2153	0.00	215	0	0	0	nan	0.00	0.00	7.05	84.10	88.80	0.00	39	0	42	0.00	0.00	67.63	7.95	0.00	0.00	2000
227	11.10	2051	2094	0.00	197	0	0	0	nan	0.00	0.01	4.30	84.42	88.90	0.00	39	0	42	0.00	0.00	62.87	7.50	0.00	0.00	2000
229	11.06	2074	2096	0.00	196	0	0	0	nan	0.00	0.00	6.16	82.72	88.94	0.00	39	0	42	0.00	0.00	62.79	7.38	0.00	0.00	2000
232	11.07	2091	2100	0.00	198	0	0	0	nan	0.00	0.00	6.80	82.23	88.93	0.00	39	0	42	0.00	0.00	65.53	7.52	0.00	0.00	2000
229	11.17	2065	2082	0.00	202	0	0	0	nan	0.00	0.00	5.10	83.13	88.83	0.00	39	0	42	0.00	0.00	65.09	7.38	0.00	0.00	2000
230	11.25	2027	2115	0.00	195	0	0	0	nan	0.00	0.00	6.96	82.57	88.75	0.00	39	0	42	0.00	0.00	62.01	7.52	0.00	0.00	2000
230	11.14	2061	2107	0.00	196	0	0	0	nan	0.00	0.00	5.44	83.84	88.86	0.00	39	0	42	0.00	0.00	67.51	7.50	0.00	0.00	2000
230	11.04	2085	2103	0.00	202	0	0	0	nan	0.00	0.00	7.61	81.67	88.96	0.00	39	0	42	0.00	0.00	65.06	7.46	0.00	0.00	2000
227	11.15	2043	2097	0.00	199	0	0	0	nan	0.00	0.55	4.79	83.48	88.85	0.00	39	0	42	0.00	0.00	64.12	7.24	0.00	0.00	2000
230	11.32	2038	2095	0.00	198	0	0	0	nan	0.00	0.05	5.41	83.17	88.68	0.00	39	0	42	0.00	0.00	65.18	7.62	0.00	0.00	2000
237	11.46	2070	2096	0.00	198	0	0	0	nan	0.00	0.02	5.98	82.45	88.54	0.00	39	0	42	0.00	0.00	64.57	7.43	0.00	0.00	2000
227	11.01	2055	2111	0.00	198	0	0	3	57.09	0.00	0.00	7.29	82.25	88.99	0.00	39	0	42	0.00	0.00	65.09	7.60	0.00	0.00	2000
229	11.24	2040	2101	0.81	197	0	0	5	58.60	0.00	0.00	6.26	82.67	88.76	0.00	39	0	42	0.00	0.00	64.96	7.50	0.00	0.00	2000
230	11.10	2065	2107	0.00	195	0	0	0	nan	0.00	0.00	6.45	82.88	88.90	0.00	39	0	42	0.00	0.00	66.93	7.82	0.00	0.00	2000
227	11.40	2054	2037	0.00	181	0	0	0	nan	0.00	0.00	5.41	80.65	88.60	0.00	39	0	42	0.00	0.00	62.63	7.30	0.00	0.00	2000
231	10.78	2093	2151	0.00	219	0	0	0	nan	0.00	0.03	6.73	84.70	89.22	0.00	39	0	42	0.00	0.00	65.55	7.57	0.00	0.00	2000
232	11.13	2076	2112	0.00	200	0	0	0	nan	0.00	0.00	7.65	81.76	88.87	0.00	39	0	42	0.00	0.00	65.76	7.61	0.00	0.00	2000
229	10.99	2098	2087	0.00	197	0	0	0	nan	0.00	0.00	6.01	82.48	89.01	0.00	39	0	42	0.00	0.00	65.91	7.56	0.00	0.00	2000
232	11.08	2083	2113	0.00	198	0	0	0	nan	0.00	0.00	5.14	84.49	88.92	0.00	39	0	42	0.00	0.00	66.20	7.67	0.00	0.00	2000
229	11.02	2090	2091	0.00	181	0	0	0	nan	0.00	0.01	5.22	83.48	88.98	0.00	39	0	42	0.00	0.00	64.78	7.45	0.00	0.00	2000
230	10.94	2111	2095	0.00	201	0	0	0	nan	0.00	0.03	6.21	82.59	89.07	0.00	39	0	42	0.00	0.00	62.60	7.33	0.00	0.00	2000
235	11.10	2093	2120	0.00	196	0	0	0	nan	0.00	1.00	2.88	85.99	88.90	0.00	39	0	42	0.00	0.00	64.19	7.43	0.00	0.00	2000
228	10.99	2085	2089	0.00	198	0	0	0	nan	0.00	1.01	5.69	81.92	89.01	0.00	39	0	42	0.00	0.00	66.67	7.78	0.00	0.00	2000
230	11.00	2080	2107	0.00	198	0	0	0	nan	0.01	0.01	2.52	86.91	89.00	0.00	39	0	42	0.00	0.00	62.98	7.34	0.00	0.00	2000
232	10.96	2111	2102	0.00	198	0	0	0	nan	0.00	0.00	4.39	84.82	89.04	0.00	39	0	42	0.00	0.00	66.51	7.57	0.00	0.00	2000
231	11.01	2104	2096	0.00	200	0	0	0	nan	0.00	0.00	6.04	82.85	88.99	0.00	39	0	42	0.00	0.00	66.49	7.80	0.00	0.00	2000
229	11.02	2086	2095	0.00	196	0	0	0	nan	0.00	0.01	5.58	83.32	88.98	0.00	39	0	42	0.00	0.00	64.81	7.48	0.00	0.00	2000
228	10.69	2138	2098	0.00	183	0	0	0	nan	0.00	0.00	6.26	82.99	89.31	0.00	39	0	42	0.00	0.00	66.54	7.81	0.00	0.00	2000
230	11.20	2094	2057	0.00	200	0	0	0	93.36	0.00	0.02	4.59	82.44	88.80	0.00	39	0	42	0.00	0.00	59.18	6.99	0.00	0.00	2000
227	10.84	2049	2143	0.86	213	0	0	7	52.09	0.00	0.00	5.75	85.35	89.16	0.00	39	0	42	0.00	0.00	67.87	7.81	0.00	0.00	2000
234	10.94	2128	2115	0.01	198	0	0	0	nan	0.00	0.00	6.55	83.18	89.06	0.00	39	0	42	0.00	0.00	66.18	7.54	0.00	0.00	2000
231	10.91	2112	2104	0.00	183	0	0	0	nan	0.00	0.02	6.03	83.37	89.09	0.00	39	0	42	0.00	0.00	67.19	7.85	0.00	0.00	2000
227	10.87	2111	2082	0.00	197	0	0	0	nan	0.00	0.02	4.46	83.99	89.13	0.00	39	0	42	0.00	0.00	61.93	7.30	0.00	0.00	2000
231	11.23	2045	2111	0.00	198	0	0	0	nan	0.01	0.03	3.60	85.70	88.77	0.00	39	0	42	0.00	0.00	63.58	7.35	0.00	0.00	2000
231	11.10	2082	2100	0.00	197	0	0	0	nan	0.01	1.01	5.44	82.52	88.90	0.00	39	0	42	0.00	0.00	66.16	7.67	0.00	0.00	2000
226	10.96	2082	2083	0.00	197	0	0	0	nan	0.01	0.02	4.03	84.42	89.04	0.00	39	0	42	0.00	0.00	65.27	7.59	0.00	0.00	2000
233	11.43	2034	2102	0.00	203	0	0	0	nan	0.00	0.00	7.38	81.41	88.57	0.00	39	0	42	0.00	0.00	65.27	7.60	0.00	0.00	2000
229	10.94	2095	2097	0.00	196	0	0	0	nan	0.00	0.00	7.39	81.62	89.06	0.00	39	0	42	0.00	0.00	65.54	7.82	0.00	0.00	2000
231	11.21	2051	2110	0.00	197	0	0	0	nan	0.00	0.00	7.31	81.92	88.79	0.00	39	0	42	0.00	0.00	64.56	7.47	0.00	0.00	2000
229	10.95	2096	2095	0.00	197	0	0	0	nan	0.00	0.00	5.93	82.99	89.05	0.00	39	0	42	0.00	0.00	65.62	7.74	0.00	0.00	2000
232	11.09	2099	2089	0.00	197	0	0	0	nan	0.00	0.02	5.62	82.84	88.91	0.00	39	0	42	0.00	0.00	63.66	7.42	0.00	0.00	2000
233	10.54	2175	2130	0.00	198	0	0	0	nan	0.00	0.00	7.30	83.53	89.46	0.00	39	0	42	0.00	0.00	67.06	7.96	0.00	0.00	2000
229	10.93	2107	2089	0.00	203	0	0	0	nan	0.00	0.00	5.86	82.84	89.07	0.00	39	0	42	0.00	0.00	64.36	7.48	0.00	0.00	2000
229	10.88	2105	2102	0.00	200	0	0	0	nan	0.00	0.01	5.17	84.09	89.12	0.00	39	0	42	0.00	0.00	65.07	7.45	0.00	0.00	2000
229	10.91	2101	2099	0.00	198	0	0	0	nan	0.00	0.00	4.62	84.56	89.09	0.00	39	0	42	0.00	0.00	64.95	7.57	0.00	0.00	2000
229	10.74	2133	2101	0.00	197	0	0	0	nan	0.00	0.01	4.05	85.26	89.26	0.00	39	0	42	0.00	0.00	64.69	7.71	0.00	0.00	2000
230	11.19	2061	2095	0.55	198	0	0	6	42.48	0.00	0.00	5.18	83.58	88.81	0.00	39	0	42	0.00	0.00	64.29	7.54	0.00	0.00	2000
231	11.12	2076	2098	0.36	201	0	0	0	nan	0.00	0.05	6.38	82.50	88.88	0.00	40	0	42	0.00	0.00	64.37	7.46	0.00	0.00	2000
230	11.33	2018	2112	0.00	199	0	0	0	nan	0.00	0.00	6.11	83.10	88.67	0.00	39	0	42	0.00	0.00	65.35	7.54	0.00	0.00	2000
228	11.21	2042	2092	0.00	200	0	0	0	nan	0.00	0.01	6.40	82.15	88.79	0.00	39	0	42	0.00	0.00	65.27	7.63	0.00	0.00	2000
226	11.35	2026	2067	0.00	197	0	0	0	nan	0.00	0.00	5.99	81.43	88.65	0.00	39	0	42	0.00	0.00	63.08	7.38	0.00	0.00	2000
233	11.33	2020	2139	0.00	198	0	0	0	nan	0.00	0.00	5.79	84.67	88.67	0.00	39	0	42	0.00	0.00	64.81	7.53	0.00	0.00	2000
230	10.99	2094	2103	0.00	201	0	0	0	nan	0.00	0.00	4.67	84.59	89.01	0.00	39	0	42	0.00	0.00	65.93	7.57	0.00	0.00	2000
229	11.08	2069	2100	0.00	197	0	0	0	nan	0.00	0.00	6.90	82.13	88.92	0.00	39	0	42	0.00	0.00	66.01	7.78	0.00	0.00	2000
227	11.08	2088	2062	0.00	198	0	0	0	nan	0.00	0.02	5.05	82.28	88.92	0.00	39	0	42	0.00	0.00	60.39	7.20	0.00	0.00	2000
231	11.23	2021	2137	0.00	197	0	0	0	nan	0.00	0.03	5.35	85.05	88.77	0.00	39	0	42	0.00	0.00	68.89	8.07	0.00	0.00	2000
231	11.18	2058	2105	0.00	195	0	0	0	nan	0.00	0.01	5.25	83.81	88.82	0.00	39	0	42	0.00	0.00	64.72	7.84	0.00	0.00	2000
233	10.72	2176	2096	0.00	203	0	0	0	nan	0.00	0.00	6.69	82.53	89.28	0.00	40	0	42	0.00	0.00	64.09	7.11	0.00	0.00	2000
232	10.85	2129	2107	0.00	179	0	0	0	nan	0.03	0.03	4.64	84.80	89.15	0.00	40	0	42	0.00	0.00	63.65	7.70	0.00	0.00	2000
235	11.27	2088	2093	0.00	195	0	0	0	nan	0.00	0.05	3.09	85.47	88.73	0.00	39	0	42	0.00	0.00	65.70	7.93	0.00	0.00	2000
225	10.60	2152	2070	0.00	197	0	0	0	nan	0.00	0.03	4.02	84.05	89.41	0.00	39	0	42	0.00	0.00	63.77	7.52	0.00	0.00	2000
232	11.24	2085	2082	0.00	196	0	0	0	nan	0.00	0.51	3.86	83.70	88.76	0.00	39	0	42	0.00	0.00	64.85	7.61	0.00	0.00	2000
231	11.00	2059	2138	0.00	216	0	0	0	nan	0.00	0.03	7.97	82.73	89.00	0.00	39	0	42	0.00	0.00	68.69	7.71	0.00	0.00	2000
228	11.15	2040	2104	0.46	197	0	0	9	31.10	0.00	0.01	7.14	81.95	88.86	0.00	40	0	42	0.00	0.00	64.93	8.07	0.00	0.00	2000
231	11.12	2068	2106	0.71	196	0	0	3	60.26	0.00	0.00	6.76	82.53	88.88	0.00	40	0	42	0.00	0.00	62.29	7.24	0.00	0.00	2000
228	10.79	2118	2096	0.00	184	0	0	0	nan	0.00	0.00	5.30	83.75	89.21	0.00	39	0	42	0.00	0.00	64.06	7.57	0.00	0.00	2000
229	10.74	2136	2093	0.00	199	0	0	0	nan	0.00	0.00	5.93	83.11	89.26	0.00	39	0	42	0.00	0.00	65.99	7.65	0.00	0.00	2000
230	11.23	2047	2100	0.00	197	0	0	0	nan	0.00	0.02	4.25	84.64	88.77	0.00	40	0	42	0.00	0.00	65.85	7.70	0.00	0.00	2000
235	11.07	2103	2117	0.00	203	0	0	0	nan	0.00	0.01	4.80	84.87	88.93	0.00	39	0	42	0.00	0.00	66.72	7.90	0.00	0.00	2000
233	11.38	2055	2094	0.00	217	0	0	0	nan	0.00	0.01	7.79	80.67	88.62	0.00	39	0	42	0.00	0.00	62.30	7.29	0.00	0.00	2000
229	11.10	2064	2095	0.00	198	0	0	0	nan	0.00	0.00	5.71	83.13	88.90	0.00	39	0	42	0.00	0.00	65.01	7.77	0.00	0.00	2000
229	11.13	2049	2104	0.00	197	0	0	0	nan	0.00	0.00	6.42	82.67	88.87	0.00	39	0	42	0.00	0.00	65.72	7.73	0.00	0.00	2000
229	11.08	2069	2095	0.00	196	0	0	0	nan	0.00	0.00	6.30	82.54	88.92	0.00	40	0	42	0.00	0.00	64.52	7.54	0.00	0.00	2000
232	11.13	2079	2108	0.00	200	0	0	0	nan	0.00	0.00	6.58	82.70	88.87	0.00	40	0	42	0.00	0.00	65.71	7.76	0.00	0.00	2000
229	11.02	2093	2088	0.00	197	0	0	0	nan	0.00	0.02	6.46	82.04	88.98	0.00	39	0	42	0.00	0.00	64.82	7.62	0.00	0.00	2000
226	10.99	2054	2103	0.00	193	0	0	0	nan	0.00	0.00	6.95	82.27	89.01	0.00	39	0	42	0.00	0.00	64.88	7.83	0.00	0.00	2000
228	11.06	2064	2098	0.00	198	0	0	0	nan	0.00	0.00	6.34	82.59	88.94	0.00	39	0	42	0.00	0.00	65.17	7.68	0.00	0.00	2000
228	11.22	2033	2100	0.00	198	0	0	0	nan	0.00	0.00	6.44	82.43	88.78	0.00	39	0	42	0.00	0.00	65.35	7.45	0.00	0.00	2000
232	11.32	2041	2104	0.00	200	0	0	0	nan	0.00	0.00	6.89	82.12	88.68	0.00	40	0	42	0.00	0.00	64.62	8.04	0.00	0.00	2000
228	10.88	2097	2095	0.00	206	0	0	0	nan	0.00	0.00	5.09	83.85	89.12	0.00	40	0	42	0.00	0.00	62.87	7.35	0.00	0.00	2000
231	11.19	2057	2109	0.01	195	0	0	6	33.63	0.00	0.00	5.66	83.64	88.81	0.00	40	0	42	0.00	0.00	67.04	8.04	0.00	0.00	2000
228	10.97	2075	2100	1.10	199	0	0	6	43.35	0.00	0.03	4.08	84.98	89.03	0.00	39	0	42	0.00	0.00	62.70	7.48	0.00	0.00	2000
228	11.20	2040	2099	0.00	197	0	0	0	nan	0.00	0.00	4.30	84.57	88.80	0.00	39	0	42	0.00	0.00	67.02	7.95	0.00	0.00	2000
231	11.12	2090	2091	0.00	197	0	0	0	nan	0.00	0.00	5.74	82.75	88.88	0.00	39	0	42	0.00	0.00	65.24	7.74	0.00	0.00	2000
228	11.20	2028	2112	0.00	201	0	0	0	nan	0.00	0.77	6.05	82.61	88.80	0.00	39	0	42	0.00	0.00	67.49	7.65	0.00	0.00	2000
229	10.93	2093	2098	0.00	197	0	0	0	nan	0.00	0.01	6.99	82.11	89.07	0.00	39	0	42	0.00	0.00	60.06	7.32	0.00	0.00	2000
231	10.97	2102	2108	0.00	196	0	0	0	nan	0.00	0.00	5.71	83.76	89.03	0.00	39	0	42	0.00	0.00	66.82	8.06	0.00	0.00	2000
227	10.85	2101	2089	0.00	196	0	0	0	nan	0.00	0.00	5.16	83.63	89.15	0.00	39	0	42	0.00	0.00	64.62	7.65	0.00	0.00	2000
227	11.17	2072	2057	0.00	179	0	0	0	nan	0.00	0.00	5.85	81.26	88.83	0.00	40	0	42	0.00	0.00	64.25	7.44	0.00	0.00	2000
232	11.37	2045	2095	0.00	220	0	0	0	nan	0.00	0.00	7.90	80.69	88.63	0.00	39	0	43	0.00	0.00	65.84	7.79	0.00	0.00	2000
231	11.00	2053	2145	0.00	199	0	0	0	nan	0.00	0.00	7.61	83.39	89.00	0.00	39	0	42	0.00	0.00	64.96	7.49	0.00	0.00	2000
225	11.05	2067	2067	0.00	198	0	0	0	nan	0.00	0.00	4.32	83.27	88.95	0.00	39	0	42	0.00	0.00	63.20	7.41	0.00	0.00	2000
231	10.92	2091	2127	0.00	199	0	0	0	nan	0.00	0.02	3.22	87.07	89.08	0.00	39	0	42	0.00	0.00	67.77	7.93	0.00	0.00	2000
232	11.27	2054	2108	0.00	217	0	0	0	nan	0.00	0.02	2.73	86.47	88.73	0.00	39	0	42	0.00	0.00	64.36	7.77	0.00	0.00	2000
229	11.08	2067	2102	0.00	199	0	0	0	nan	0.01	0.04	4.69	84.40	88.92	0.00	40	0	42	0.00	0.00	64.19	7.65	0.00	0.00	2000
227	10.96	2075	2096	0.00	196	0	0	0	nan	0.01	0.06	4.44	84.46	89.04	0.00	39	0	42	0.00	0.00	64.25	7.61	0.00	0.00	2000
234	11.56	2026	2097	0.00	198	0	0	0	nan	0.00	0.96	6.81	80.72	88.44	0.00	39	0	42	0.00	0.00	64.92	7.70	0.00	0.00	2000
229	11.54	1983	2106	0.00	195	0	0	5	38.26	0.00	0.00	6.41	82.48	88.46	0.00	40	0	42	0.00	0.00	64.18	7.56	0.00	0.00	2000
232	11.03	2098	2104	1.03	197	0	0	8	40.47	0.00	0.00	7.18	82.01	88.97	0.00	39	0	42	0.00	0.00	65.72	7.81	0.00	0.00	2000
230	11.13	2077	2086	0.00	204	0	0	0	nan	0.00	0.00	6.90	81.54	88.87	0.00	39	0	42	0.00	0.00	66.09	7.91	0.00	0.00	2000
229	11.23	2035	2106	0.00	199	0	0	0	nan	0.00	0.00	6.62	82.53	88.77	0.00	39	0	42	0.00	0.00	64.13	7.71	0.00	0.00	2000
230	11.12	2064	2107	0.00	197	0	0	0	nan	0.00	0.00	6.58	82.74	88.88	0.00	40	0	43	0.00	0.00	65.24	7.60	0.00	0.00	2000
228	10.80	2126	2089	0.00	199	0	0	0	nan	0.00	0.00	4.54	84.23	89.20	0.00	39	0	42	0.00	0.00	65.14	7.88	0.00	0.00	2000
229	11.10	2063	2100	0.00	184	0	0	0	nan	0.00	0.00	5.25	83.75	88.90	0.00	39	0	42	0.00	0.00	66.11	7.83	0.00	0.00	2000
233	11.38	2040	2105	0.00	218	0	0	0	nan	0.00	0.00	5.15	83.82	88.62	0.00	40	0	42	0.00	0.00	63.93	7.58	0.00	0.00	2000
229	11.07	2106	2063	0.00	179	0	0	0	nan	0.00	0.02	5.33	82.11	88.93	0.00	39	0	43	0.00	0.00	63.32	7.63	0.00	0.00	2000
228	10.97	2042	2141	0.00	213	0	0	0	nan	0.00	0.02	6.53	84.21	89.03	0.00	40	0	42	0.00	0.00	64.61	7.70	0.00	0.00	2000
229	10.95	2092	2099	0.00	198	0	0	0	nan	0.00	0.00	5.26	83.80	89.05	0.00	40	0	42	0.00	0.00	65.36	7.79	0.00	0.00	2000
230	10.99	2092	2100	0.00	195	0	0	0	nan	0.00	0.00	5.84	83.20	89.01	0.00	40	0	42	0.00	0.00	65.87	7.91	0.00	0.00	2000
231	11.40	2025	2098	0.00	202	0	0	0	nan	0.00	0.00	7.06	81.61	88.60	0.00	39	0	42	0.00	0.00	65.06	7.71	0.00	0.00	2000
232	10.77	2143	2107	0.00	198	0	0	0	nan	0.00	0.00	6.99	82.58	89.23	0.00	39	0	42	0.00	0.00	66.21	7.90	0.00	0.00	2000
227	10.93	2081	2093	0.00	197	0	0	0	nan	0.00	0.02	5.73	83.11	89.07	0.00	40	0	42	0.00	0.00	64.97	7.61	0.00	0.00	2000
229	11.11	2066	2094	0.00	196	0	0	0	nan	0.00	0.00	5.84	82.92	88.89	0.00	39	0	42	0.00	0.00	64.91	7.72	0.00	0.00	2000
229	11.04	2064	2109	0.00	198	0	0	0	nan	0.00	0.00	5.98	83.49	88.96	0.00	39	0	42	0.00	0.00	65.12	7.72	0.00	0.00	2000
228	11.11	2071	2081	0.00	199	0	0	2	57.54	0.00	0.00	5.65	82.41	88.89	0.00	40	0	43	0.00	0.00	63.57	7.66	0.00	0.00	2000
231	11.07	2073	2111	1.05	198	0	0	10	32.84	0.00	0.00	7.00	82.51	88.93	0.00	40	0	42	0.00	0.00	65.50	7.68	0.00	0.00	2000
229	11.20	2040	2107	0.00	195	0	0	0	nan	0.00	0.00	6.54	82.65	88.80	0.00	40	0	42	0.00	0.00	64.26	7.49	0.00	0.00	2000
230	11.08	2084	2093	0.00	196	0	0	0	nan	0.00	0.00	4.82	83.90	88.92	0.00	40	0	42	0.00	0.00	65.60	7.61	0.00	0.00	2000
228	11.17	2033	2110	0.00	195	0	0	0	nan	0.00	0.02	6.51	82.71	88.83	0.00	40	0	42	0.00	0.00	64.89	7.69	0.00	0.00	2000
232	10.88	2128	2108	0.00	195	0	0	0	nan	0.00	0.03	3.94	85.58	89.12	0.00	40	0	42	0.00	0.00	66.85	7.97	0.00	0.00	2000
228	10.93	2098	2089	0.00	203	0	0	0	nan	0.00	0.05	4.39	84.26	89.07	0.00	40	0	42	0.00	0.00	64.53	7.64	0.00	0.00	2000
229	11.05	2070	2102	0.00	198	0	0	0	nan	0.00	0.00	5.78	83.32	88.95	0.00	39	0	43	0.00	0.00	65.66	7.97	0.00	0.00	2000
229	11.00	2112	2066	0.00	197	0	0	0	nan	0.00	0.02	6.09	81.47	89.00	0.00	40	0	42	0.00	0.00	62.66	7.47	0.00	0.00	2000
230	11.19	2023	2136	0.00	196	0	0	0	nan	0.00	0.00	5.66	84.81	88.81	0.00	40	0	42	0.00	0.00	64.92	7.66	0.00	0.00	2000
233	11.56	2007	2107	0.00	200	0	0	0	nan	0.00	0.02	3.97	84.91	88.44	0.00	40	0	42	0.00	0.00	65.06	7.70	0.00	0.00	2000
230	10.66	2156	2099	0.00	201	0	0	0	nan	0.00	0.00	5.09	84.26	89.34	0.00	39	0	42	0.00	0.00	67.17	8.00	0.00	0.00	2000
229	10.91	2103	2098	0.00	200	0	0	0	nan	0.00	0.00	6.00	83.03	89.09	0.00	40	0	42	0.00	0.00	66.79	7.81	0.00	0.00	2000
227	11.15	2074	2059	0.00	179	0	0	0	nan	0.00	0.01	4.80	82.44	88.85	0.00	39	0	42	0.00	0.00	62.57	7.55	0.00	0.00	2000
230	11.10	2038	2138	0.00	211	0	0	0	nan	0.00	0.00	7.08	83.40	88.90	0.00	39	0	42	0.00	0.00	64.46	7.47	0.00	0.00	2000
230	10.71	2139	2105	0.00	197	0	0	0	nan	0.00	0.02	4.15	85.42	89.29	0.00	40	0	42	0.00	0.00	67.01	7.89	0.00	0.00	2000
232	11.05	2103	2097	0.00	203	0	0	0	nan	0.00	0.02	6.79	82.10	88.95	0.00	39	0	42	0.00	0.00	64.83	7.83	0.00	0.00	2000
226	11.04	2055	2093	0.00	199	0	0	0	nan	0.00	0.06	4.36	84.35	88.96	0.00	40	0	42	0.00	0.00	64.42	7.69	0.00	0.00	2000
230	11.32	2044	2090	0.96	227	0	0	10	24.25	0.00	0.00	6.27	82.08	88.68	0.00	39	0	42	0.00	0.00	64.07	7.50	0.00	0.00	2000
231	11.48	1998	2117	0.17	196	0	0	0	nan	0.00	0.02	5.46	83.85	88.52	0.00	39	0	42	0.00	0.00	65.22	7.72	0.00	0.00	2000
231	10.98	2097	2108	0.00	197	0	0	0	nan	0.00	0.00	4.52	84.88	89.02	0.00	40	0	42	0.00	0.00	65.81	7.60	0.00	0.00	2000
228	11.46	2000	2090	0.00	199	0	0	0	nan	0.00	0.00	5.66	82.56	88.54	0.00	40	0	42	0.00	0.00	64.45	7.53	0.00	0.00	2000
229	10.99	2089	2095	0.00	195	0	0	0	nan	0.00	0.00	5.53	83.33	89.01	0.00	40	0	42	0.00	0.00	66.45	7.83	0.00	0.00	2000
229	11.08	2075	2094	0.00	200	0	0	0	nan	0.00	0.00	6.69	82.00	88.92	0.00	39	0	42	0.00	0.00	64.38	7.66	0.00	0.00	2000
229	11.34	2009	2113	0.00	194	0	0	0	nan	0.00	0.00	5.63	83.63	88.66	0.00	39	0	42	0.00	0.00	65.41	7.50	0.00	0.00	2000
231	10.98	2098	2106	0.00	197	0	0	0	nan	0.00	0.58	3.49	85.26	89.03	0.00	39	0	42	0.00	0.00	66.33	7.71	0.00	0.00	2000
234	11.02	2122	2103	0.00	198	0	0	0	nan	0.00	0.00	5.17	84.02	88.98	0.00	40	0	42	0.00	0.00	62.73	7.47	0.00	0.00	2000
224	11.05	2101	2026	0.00	184	0	0	0	nan	0.00	0.03	4.87	80.94	88.95	0.00	40	0	42	0.00	0.00	62.61	7.32	0.00	0.00	2000
240	11.08	2092	2172	0.00	216	0	0	0	nan	0.00	1.11	4.36	86.66	88.92	0.00	40	0	42	0.00	0.00	68.10	7.93	0.00	0.00	2000
230	10.64	2161	2102	0.00	197	0	0	0	nan	0.00	0.59	2.63	86.20	89.36	0.00	39	0	42	0.00	0.00	66.61	7.71	0.00	0.00	2000
228	11.33	2021	2093	0.00	199	0	0	0	nan	0.00	0.00	6.37	82.11	88.67	0.00	39	0	42	0.00	0.00	64.18	7.46	0.00	0.00	2000
227	11.12	2067	2075	0.00	200	0	0	0	nan	0.00	0.00	5.21	82.57	88.88	0.00	39	0	42	0.00	0.00	64.93	7.82	0.00	0.00	2000
234	11.24	2056	2124	0.00	199	0	0	0	nan	0.00	0.00	6.04	83.83	88.76	0.00	39	0	42	0.00	0.00	66.20	7.75	0.00	0.00	2000
228	11.21	2029	2105	0.00	198	0	0	0	nan	0.00	0.00	6.91	82.12	88.79	0.00	39	0	42	0.00	0.00	64.88	7.85	0.00	0.00	2000
228	11.21	2035	2101	0.00	197	0	0	0	nan	0.00	0.00	6.03	82.89	88.79	0.00	40	0	42	0.00	0.00	64.61	7.71	0.00	0.00	2000
228	11.08	2062	2100	0.72	197	0	0	10	26.38	0.00	0.00	5.82	83.09	88.92	0.00	40	0	42	0.00	0.00	65.39	7.92	0.00	0.00	2000
229	11.10	2068	2092	0.46	199	0	0	0	nan	0.00	0.00	7.17	81.48	88.90	0.00	40	0	42	0.00	0.00	62.22	7.44	0.00	0.00	2000
234	11.28	2066	2108	0.00	202	0	0	0	nan	0.00	0.00	7.57	81.59	88.72	0.00	39	0	43	0.00	0.00	68.67	8.03	0.00	0.00	2000
231	11.21	2063	2102	0.00	195	0	0	0	nan	0.00	0.00	6.10	82.83	88.79	0.00	39	0	42	0.00	0.00	64.67	7.79	0.00	0.00	2000
227	11.22	2028	2094	0.00	199	0	0	0	nan	0.00	0.01	5.25	83.40	88.78	0.00	39	0	42	0.00	0.00	62.16	7.50	0.00	0.00	2000
229	10.94	2096	2096	0.00	197	0	0	0	nan	0.00	0.00	5.16	83.82	89.06	0.00	39	0	42	0.00	0.00	65.05	7.83	0.00	0.00	2000
225	10.97	2081	2071	0.00	198	0	0	0	nan	0.00	0.03	4.22	83.65	89.03	0.00	39	0	42	0.00	0.00	63.00	7.41	0.00	0.00	2000
242	11.11	2137	2143	0.00	205	0	0	0	nan	0.00	0.25	5.03	85.49	88.89	0.00	40	0	42	0.00	0.00	70.15	8.44	0.00	0.00	2000
228	10.89	2107	2089	0.00	198	0	0	0	nan	0.00	0.22	6.86	81.54	89.11	0.00	39	0	42	0.00	0.00	60.29	7.11	0.00	0.00	2000
229	11.17	2048	2102	0.00	197	0	0	0	nan	0.00	0.00	7.12	81.89	88.83	0.00	39	0	42	0.00	0.00	66.36	7.92	0.00	0.00	2000
228	11.01	2073	2095	0.00	196	0	0	0	nan	0.00	0.00	6.22	82.61	88.99	0.00	39	0	42	0.00	0.00	62.61	7.40	0.00	0.00	2000
231	11.05	2083	2110	0.00	196	0	0	0	nan	0.00	0.00	7.48	81.95	88.95	0.00	39	0	42	0.00	0.00	67.77	7.64	0.00	0.00	2000
231	11.28	2057	2090	0.00	198	0	0	0	nan	0.00	0.00	5.85	82.57	88.72	0.00	39	0	42	0.00	0.00	64.28	7.77	0.00	0.00	2000
227	10.88	2092	2098	0.00	206	0	0	0	nan	0.00	0.00	7.00	82.14	89.12	0.00	39	0	42	0.00	0.00	65.29	7.86	0.00	0.00	2000
229	10.98	2078	2112	0.00	199	0	0	0	nan	0.00	0.00	6.66	82.98	89.02	0.00	39	0	42	0.00	0.00	63.09	7.32	0.00	0.00	2000
228	11.41	2003	2095	0.00	199	0	0	0	nan	0.00	0.03	4.47	84.02	88.59	0.00	39	0	42	0.00	0.00	66.32	7.72	0.00	0.00	2000
230	10.85	2118	2107	0.00	198	0	0	0	nan	0.00	0.06	4.14	85.37	89.15	0.00	40	0	43	0.00	0.00	63.27	7.50	0.00	0.00	2000
228	10.84	2132	2071	0.43	198	0	0	9	33.95	0.00	0.03	4.08	83.88	89.16	0.00	40	0	42	0.00	0.00	65.23	7.64	0.00	0.00	2000
230	11.28	2053	2090	0.72	200	0	0	3	56.47	0.00	0.49	6.72	81.20	88.72	0.00	39	0	42	0.00	0.00	66.20	7.95	0.00	0.00	2000
231	10.68	2126	2140	0.00	195	0	0	0	nan	0.00	0.52	8.08	82.47	89.32	0.00	39	0	42	0.00	0.00	63.44	7.41	0.00	0.00	2000
227	10.74	2120	2097	0.00	197	0	0	0	nan	0.00	0.00	6.75	82.52	89.26	0.00	39	0	42	0.00	0.00	65.56	7.58	0.00	0.00	2000
229	10.77	2137	2090	0.00	196	0	0	0	nan	0.00	0.01	5.76	83.08	89.23	0.00	40	0	42	0.00	0.00	65.76	7.81	0.00	0.00	2000
230	11.10	2079	2094	0.00	198	0	0	0	nan	0.00	0.01	6.47	82.27	88.90	0.00	40	0	42	0.00	0.00	64.02	7.63	0.00	0.00	2000
233	10.79	2152	2103	0.00	202	0	0	0	nan	0.00	0.02	5.66	83.73	89.21	0.00	40	0	42	0.00	0.00	65.99	7.68	0.00	0.00	2000
230	10.99	2086	2110	0.00	195	0	0	0	nan	0.00	0.00	6.30	83.22	89.01	0.00	39	0	42	0.00	0.00	65.32	7.85	0.00	0.00	2000
228	11.21	2043	2095	0.00	198	0	0	0	nan	0.00	0.00	6.51	82.16	88.79	0.00	40	0	42	0.00	0.00	63.54	7.69	0.00	0.00	2000
229	10.88	2099	2106	0.00	197	0	0	0	nan	0.00	0.00	5.69	83.76	89.12	0.00	40	0	42	0.00	0.00	65.76	7.83	0.00	0.00	2000
233	11.30	2104	2060	0.00	195	0	0	0	nan	0.00	0.00	4.43	82.59	88.70	0.00	40	0	42	0.00	0.00	64.33	7.63	0.00	0.00	2000
229	10.68	2115	2133	0.00	201	0	0	0	nan	0.00	0.00	5.50	85.32	89.32	0.00	40	0	42	0.00	0.00	63.43	7.58	0.00	0.00	2000
232	11.30	2040	2113	0.00	197	0	0	0	nan	0.00	0.99	4.53	83.83	88.70	0.00	39	0	42	0.00	0.00	70.47	8.35	0.00	0.00	2000
227	11.04	2062	2089	0.00	195	0	0	0	nan	0.00	0.02	6.29	82.30	88.96	0.00	39	0	42	0.00	0.00	60.08	7.16	0.00	0.00	2000
227	10.83	2112	2082	0.00	198	0	0	0	nan	0.00	0.00	6.74	81.75	89.17	0.00	40	0	42	0.00	0.00	64.90	7.67	0.00	0.00	2000
232	11.17	2060	2116	0.00	200	0	0	0	nan	0.00	0.00	6.18	83.34	88.83	0.00	39	0	42	0.00	0.00	65.72	7.69	0.00	0.00	2000
232	11.27	2064	2099	0.00	197	0	0	0	nan	0.00	0.00	7.10	81.67	88.73	0.00	39	0	42	0.00	0.00	65.84	8.02	0.00	0.00	2000
229	10.96	2088	2101	0.12	202	0	0	7	35.23	0.00	0.05	7.25	81.85	89.04	0.00	39	0	42	0.00	0.00	65.26	7.80	0.00	0.00	2000
231	11.23	2047	2107	0.97	195	0	0	5	44.33	0.00	0.00	7.34	81.83	88.77	0.00	39	0	42	0.00	0.00	64.11	7.69	0.00	0.00	2000
230	10.91	2105	2106	0.00	197	0	0	0	nan	0.00	0.00	6.11	83.34	89.09	0.00	39	0	42	0.00	0.00	65.96	7.60	0.00	0.00	2000
229	10.84	2112	2100	0.00	197	0	0	0	nan	0.01	0.00	5.59	83.65	89.16	0.00	39	0	42	0.00	0.00	65.04	7.65	0.00	0.00	2000
232	10.87	2131	2103	0.00	198	0	0	0	nan	0.00	0.02	5.91	83.36	89.13	0.00	39	0	42	0.00	0.00	64.91	7.63	0.00	0.00	2000
229	10.91	2104	2093	0.00	200	0	0	0	nan	0.00	0.00	5.83	83.11	89.09	0.00	40	0	42	0.00	0.00	64.61	7.60	0.00	0.00	2000
231	11.00	2114	2088	0.00	195	0	0	0	nan	0.00	0.06	4.21	84.24	89.00	0.00	39	0	42	0.00	0.00	64.34	7.62	0.00	0.00	2000
229	11.13	2044	2112	0.00	197	0	0	0	nan	0.00	0.01	6.25	83.23	88.87	0.00	39	0	42	0.00	0.00	65.17	7.65	0.00	0.00	2000
229	11.14	2061	2091	0.00	202	0	0	0	nan	0.00	0.02	6.68	81.94	88.86	0.00	39	0	42	0.00	0.00	64.52	7.59	0.00	0.00	2000
232	11.20	2064	2110	0.00	199	0	0	0	nan	0.00	0.03	5.07	84.14	88.80	0.00	40	0	42	0.00	0.00	64.62	7.59	0.00	0.00	2000
228	11.21	2037	2098	0.00	200	0	0	0	nan	0.00	0.26	6.03	82.54	88.79	0.00	39	0	43	0.00	0.00	64.93	7.62	0.00	0.00	2000
231	11.11	2079	2102	0.00	197	0	0	0	nan	0.00	0.00	6.36	82.58	88.89	0.00	40	0	43	0.00	0.00	65.62	7.77	0.00	0.00	2000
226	10.90	2079	2098	0.00	198	0	0	0	nan	0.00	0.00	6.88	82.18	89.10	0.00	40	0	42	0.00	0.00	65.26	7.75	0.00	0.00	2000
231	11.34	2042	2090	0.00	197	0	0	0	nan	0.00	0.00	5.87	82.50	88.67	0.00	39	0	42	0.00	0.00	64.70	7.50	0.00	0.00	2000
228	10.92	2078	2109	0.00	198	0	0	0	nan	0.00	0.00	6.77	82.69	89.08	0.00	39	0	42	0.00	0.00	65.00	7.65	0.00	0.00	2000
231	11.09	2078	2108	0.00	201	0	0	0	nan	0.00	0.00	6.33	83.00	88.91	0.00	39	0	42	0.00	0.00	66.47	7.72	0.00	0.00	2000
227	10.93	2088	2086	0.00	199	0	0	0	nan	0.00	0.00	6.59	81.94	89.07	0.00	39	0	42	0.00	0.00	64.14	7.54	0.00	0.00	2000
230	10.99	2092	2101	0.00	194	0	0	4	38.39	0.00	0.03	4.91	84.13	89.01	0.00	39	0	42	0.00	0.00	65.36	7.55	0.00	0.00	2000
230	11.14	2067	2097	1.02	195	0	0	8	37.96	0.00	0.04	4.94	83.84	88.86	0.00	39	0	42	0.00	0.00	63.92	7.51	0.00	0.00	2000
228	11.07	2047	2113	0.00	198	0	0	0	nan	0.00	0.59	5.00	84.02	88.93	0.00	39	0	42	0.00	0.00	64.35	7.68	0.00	0.00	2000
229	11.12	2071	2089	0.00	202	0	0	0	nan	0.00	0.03	4.66	83.83	88.88	0.00	39	0	42	0.00	0.00	65.59	7.80	0.00	0.00	2000
230	10.94	2099	2105	0.00	195	0	0	0	nan	0.00	0.00	5.79	83.45	89.06	0.00	39	0	42	0.00	0.00	65.65	7.52	0.00	0.00	2000
228	11.01	2073	2101	0.00	197	0	0	0	nan	0.01	0.53	5.21	83.45	88.99	0.00	39	0	42	0.00	0.00	65.40	7.57	0.00	0.00	2000
230	11.18	2054	2102	0.00	197	0	0	0	nan	0.00	0.00	6.22	82.78	88.82	0.00	39	0	42	0.00	0.00	64.23	7.45	0.00	0.00	2000
229	11.37	2023	2092	0.00	199	0	0	0	nan	0.00	0.00	5.73	82.71	88.63	0.00	39	0	42	0.00	0.00	65.00	7.66	0.00	0.00	2000
230	11.24	2043	2101	0.00	201	0	0	0	nan	0.00	0.00	7.00	81.96	88.76	0.00	40	0	42	0.00	0.00	65.26	7.62	0.00	0.00	2000
231	11.11	2070	2111	0.00	197	0	0	0	nan	0.00	0.00	6.90	82.51	88.89	0.00	39	0	42	0.00	0.00	65.76	7.75	0.00	0.00	2000
230	11.15	2061	2099	0.00	202	0	0	0	nan	0.00	0.03	6.10	82.74	88.85	0.00	40	0	42	0.00	0.00	64.43	7.55	0.00	0.00	2000
228	11.11	2052	2097	0.00	199	0	0	0	nan	0.00	0.00	5.41	83.45	88.89	0.00	39	0	42	0.00	0.00	65.14	7.65	0.00	0.00	2000
231	11.39	2026	2104	0.00	201	0	0	0	nan	0.00	0.00	5.49	83.45	88.61	0.00	40	0	42	0.00	0.00	64.25	7.51	0.00	0.00	2000
232	11.16	2066	2109	0.00	198	0	0	0	nan	0.00	0.05	5.02	84.20	88.84	0.00	39	0	42	0.00	0.00	65.37	7.68	0.00	0.00	2000
229	10.84	2129	2082	0.00	202	0	0	0	nan	0.01	0.07	5.24	83.13	89.16	0.00	39	0	42	0.00	0.00	64.69	7.73	0.00	0.00	2000
228	10.88	2086	2111	0.00	196	0	0	0	nan	0.00	0.00	4.71	84.97	89.12	0.00	40	0	42	0.00	0.00	65.32	7.62	0.00	0.00	2000
231	10.91	2113	2104	0.00	196	0	0	0	nan	0.00	0.00	6.52	82.76	89.09	0.00	40	0	42	0.00	0.00	66.99	7.89	0.00	0.00	2000
227	11.10	2101	2045	0.00	181	0	0	2	45.24	0.00	0.02	4.79	81.81	88.90	0.00	39	0	42	0.00	0.00	60.06	7.24	0.00	0.00	2000
233	10.97	2070	2154	1.01	213	0	0	10	36.17	0.00	0.00	6.11	85.23	89.03	0.00	39	0	42	0.00	0.00	68.59	8.10	0.00	0.00	2000
228	11.07	2062	2100	0.00	202	0	0	0	nan	0.00	0.00	6.57	82.36	88.93	0.00	39	0	42	0.00	0.00	64.98	7.71	0.00	0.00	2000
229	11.30	2029	2099	0.00	195	0	0	0	nan	0.00	0.00	6.64	82.09	88.70	0.00	39	0	42	0.00	0.00	65.24	7.65	0.00	0.00	2000
229	11.42	2002	2101	0.00	195	0	0	0	nan	0.00	0.00	5.79	82.92	88.58	0.00	40	0	42	0.00	0.00	65.01	7.77	0.00	0.00	2000
230	11.20	2053	2098	0.00	200	0	0	0	nan	0.00	0.00	5.18	83.51	88.80	0.00	39	0	42	0.00	0.00	65.27	7.71	0.00	0.00	2000
229	10.98	2086	2098	0.00	198	0	0	0	nan	0.00	0.00	5.96	82.94	89.02	0.00	39	0	42	0.00	0.00	65.35	7.84	0.00	0.00	2000
234	11.15	2091	2104	0.00	201	0	0	0	nan	0.00	0.00	6.00	83.13	88.85	0.00	40	0	42	0.00	0.00	65.44	7.76	0.00	0.00	2000
227	10.92	2090	2092	0.00	199	0	0	0	nan	0.00	0.00	6.11	82.61	89.08	0.00	39	0	42	0.00	0.00	64.73	7.68	0.00	0.00	2000
238	11.23	2110	2110	0.00	200	0	0	0	nan	0.00	0.58	4.96	83.76	88.77	0.00	39	0	42	0.00	0.00	64.80	7.53	0.00	0.00	2000
228	11.04	2073	2095	0.00	198	0	0	0	nan	0.00	0.00	5.93	82.93	88.96	0.00	39	0	42	0.00	0.00	65.16	7.68	0.00	0.00	2000
228	11.05	2073	2095	0.00	199	0	0	0	nan	0.01	0.01	4.57	84.23	88.95	0.00	39	0	42	0.00	0.00	64.84	7.91	0.00	0.00	2000
233	11.23	2070	2107	0.00	199	0	0	0	nan	0.00	0.02	6.27	82.86	88.77	0.00	39	0	43	0.00	0.00	65.48	7.75	0.00	0.00	2000
231	10.82	2146	2087	0.00	198	0	0	0	nan	0.00	0.97	4.27	83.44	89.18	0.00	39	0	42	0.00	0.00	64.18	7.64	0.00	0.00	2000
226	10.93	2061	2110	0.00	197	0	0	0	nan	0.00	0.00	8.37	81.20	89.07	0.00	40	0	42	0.00	0.00	65.21	7.65	0.00	0.00	2000
230	11.45	2002	2104	0.00	199	0	0	0	nan	0.00	0.00	6.78	82.07	88.55	0.00	40	0	42	0.00	0.00	64.35	7.57	0.00	0.00	2000
228	11.00	2083	2090	0.00	200	0	0	0	nan	0.00	0.00	6.29	82.37	89.00	0.00	40	0	42	0.00	0.00	66.13	7.80	0.00	0.00	2000
232	11.33	2042	2102	0.00	200	0	0	0	nan	0.00	0.00	6.59	82.26	88.67	0.00	39	0	42	0.00	0.00	65.08	7.73	0.00	0.00	2000
230	10.89	2108	2109	0.97	201	0	0	10	24.47	0.00	0.00	7.13	82.40	89.11	0.00	39	0	42	0.00	0.00	63.68	7.58	0.00	0.00	2000
229	11.21	2052	2088	0.21	198	0	0	0	nan	0.00	0.00	5.46	82.92	88.79	0.00	39	0	42	0.00	0.00	65.95	7.88	0.00	0.00	2000
228	11.08	2044	2111	0.00	197	0	0	0	nan	0.00	0.00	7.09	82.46	88.92	0.00	39	0	42	0.00	0.00	64.63	7.72	0.00	0.00	2000
229	11.14	2066	2089	0.00	199	0	0	0	nan	0.00	0.03	4.61	83.86	88.86	0.00	40	0	42	0.00	0.00	65.29	7.65	0.00	0.00	2000
236	11.03	2135	2099	0.00	198	0	0	0	nan	0.00	0.00	6.83	82.19	88.97	0.00	40	0	42	0.00	0.00	62.78	7.74	0.00	0.00	2000
231	10.68	2161	2107	0.00	219	0	0	0	nan	0.00	0.07	9.02	80.63	89.32	0.00	40	0	42	0.00	0.00	67.59	7.58	0.00	0.00	2000
229	10.86	2111	2093	0.00	199	0	0	0	nan	0.00	0.22	4.94	83.80	89.14	0.00	40	0	42	0.00	0.00	65.04	7.66	0.00	0.00	2000
229	10.89	2089	2115	0.00	198	0	0	0	nan	0.00	0.52	5.82	83.43	89.11	0.00	40	0	42	0.00	0.00	64.73	7.63	0.00	0.00	2000
228	11.09	2071	2090	0.00	197	0	0	0	nan	0.00	0.01	5.81	82.69	88.91	0.00	40	0	42	0.00	0.00	65.20	7.76	0.00	0.00	2000
231	11.29	2042	2100	0.00	198	0	0	0	nan	0.00	0.00	6.40	82.44	88.71	0.00	40	0	42	0.00	0.00	64.81	7.76	0.00	0.00	2000
227	10.96	2081	2095	0.00	201	0	0	0	nan	0.00	0.00	7.18	81.75	89.04	0.00	40	0	42	0.00	0.00	60.26	7.13	0.00	0.00	2000
231	11.02	2091	2103	0.00	197	0	0	0	nan	0.00	0.00	7.02	82.13	88.98	0.00	40	0	42	0.00	0.00	66.56	7.91	0.00	0.00	2000
227	11.01	2061	2103	0.00	197	0	0	0	nan	0.00	0.00	6.35	82.82	88.99	0.00	40	0	42	0.00	0.00	67.87	8.16	0.00	0.00	2000
229	10.95	2096	2095	0.00	197	0	0	0	nan	0.00	0.00	6.29	82.70	89.05	0.00	40	0	42	0.00	0.00	64.92	7.72	0.00	0.00	2000
228	10.95	2081	2098	0.00	199	0	0	0	nan	0.00	0.00	6.89	82.14	89.05	0.00	40	0	42	0.00	0.00	62.00	7.40	0.00	0.00	2000
230	11.13	2077	2087	0.00	198	0	0	0	nan	0.00	0.00	7.20	81.21	88.87	0.00	40	0	42	0.00	0.00	64.37	7.60	0.00	0.00	2000
229	10.85	2099	2116	0.00	199	0	0	0	nan	0.00	0.01	6.24	83.64	89.15	0.00	40	0	42	0.00	0.00	63.18	7.34	0.00	0.00	2000
230	11.05	2068	2113	0.85	199	0	0	8	14.95	0.00	0.00	7.48	82.14	88.95	0.00	40	0	42	0.00	0.00	70.73	8.30	0.00	0.00	2000
229	11.04	2086	2090	0.50	202	0	0	0	nan	0.00	0.00	7.38	81.16	88.96	0.00	40	0	42	0.00	0.00	59.54	7.34	0.00	0.00	2000
229	10.99	2085	2095	0.00	198	0	0	0	nan	0.00	0.00	6.86	82.09	89.01	0.00	40	0	42	0.00	0.00	65.19	7.41	0.00	0.00	2000
231	11.22	2059	2097	0.00	204	0	0	0	nan	0.00	0.00	6.92	81.82	88.78	0.00	40	0	42	0.00	0.00	65.36	7.48	0.00	0.00	2000
228	10.94	2083	2104	0.00	193	0	0	0	nan	0.00	0.00	7.34	82.04	89.06	0.00	40	0	42	0.00	0.00	65.06	7.86	0.00	0.00	2000
228	11.00	2081	2096	0.00	196	0	0	0	nan	0.00	0.00	6.61	82.27	89.00	0.00	40	0	43	0.00	0.00	65.49	7.39	0.00	0.00	2000
228	10.95	2080	2106	0.00	199	0	0	0	nan	0.00	0.00	7.37	81.96	89.05	0.00	40	0	42	0.00	0.00	64.76	7.70	0.00	0.00	2000
227	11.10	2052	2097	0.00	197	0	0	0	nan	0.00	0.00	6.44	82.42	88.90	0.00	40	0	42	0.00	0.00	65.10	7.71	0.00	0.00	2000
229	11.15	2068	2086	0.00	199	0	0	0	nan	0.00	0.00	6.14	82.27	88.85	0.00	40	0	42	0.00	0.00	64.54	7.67	0.00	0.00	2000
228	11.53	2025	2049	0.00	201	1	0	0	nan	0.00	0.00	6.32	80.10	88.47	0.00	40	0	42	0.00	0.00	65.28	7.55	0.00	0.00	2000
227	11.16	2035	2103	0.00	213	0	0	0	nan	0.00	0.01	3.98	85.10	88.84	0.00	40	0	42	0.00	0.00	65.13	7.82	0.00	0.00	2000
234	10.55	2138	2174	0.00	213	0	0	0	nan	0.00	0.00	3.98	88.66	89.45	0.00	40	0	43	0.00	0.00	65.96	7.96	0.00	0.00	2000
231	10.93	2120	2093	0.00	198	0	0	0	nan	0.00	0.00	5.47	83.42	89.07	0.00	40	0	42	0.00	0.00	65.07	7.79	0.00	0.00	2000
228	10.80	2104	2107	0.00	203	0	0	0	nan	0.00	0.01	6.66	82.94	89.20	0.00	40	0	42	0.00	0.00	65.28	7.67	0.00	0.00	2000
232	11.07	2099	2092	0.00	199	0	0	0	nan	0.00	1.00	5.90	81.84	88.93	0.00	40	0	42	0.00	0.00	65.01	7.76	0.00	0.00	2000
226	10.96	2058	2102	0.00	196	0	0	0	nan	0.00	0.00	8.03	81.19	89.04	0.00	40	0	42	0.00	0.00	65.21	7.79	0.00	0.00	2000
231	11.38	2028	2101	0.00	198	0	0	0	nan	0.00	0.00	6.16	82.67	88.62	0.00	40	0	42	0.00	0.00	64.84	7.67	0.00	0.00	2000
229	11.04	2087	2090	0.86	198	0	0	7	14.06	0.00	0.00	6.14	82.44	88.96	0.00	40	0	42	0.00	0.00	64.97	7.68	0.00	0.00	2000
230	11.01	2083	2103	0.51	202	0	0	0	nan	0.00	0.00	7.33	81.91	88.99	0.00	40	0	42	0.00	0.00	65.12	7.92	0.00	0.00	2000
226	11.22	1999	2111	0.00	199	0	0	0	nan	0.00	0.00	7.07	82.29	88.78	0.00	40	0	43	0.00	0.00	64.69	7.70	0.00	0.00	2000
230	11.10	2070	2098	0.00	197	0	0	0	nan	0.00	0.00	5.20	83.75	88.90	0.00	40	0	43	0.00	0.00	65.33	7.72	0.00	0.00	2000
230	11.06	2081	2095	0.00	198	0	0	0	nan	0.00	0.00	6.84	81.93	88.94	0.00	40	0	42	0.00	0.00	65.45	7.58	0.00	0.00	2000
230	11.12	2066	2101	0.00	201	0	0	0	nan	0.00	0.00	6.18	82.86	88.88	0.00	40	0	42	0.00	0.00	65.01	7.64	0.00	0.00	2000
229	10.72	2133	2103	0.00	201	0	0	0	nan	0.00	0.00	6.69	82.77	89.28	0.00	40	0	42	0.00	0.00	66.09	7.58	0.00	0.00	2000
230	11.25	2058	2090	0.00	196	0	0	0	nan	0.00	0.04	6.10	82.24	88.75	0.00	40	0	42	0.00	0.00	64.29	7.56	0.00	0.00	2000
229	10.82	2104	2114	0.00	197	0	0	0	nan	0.00	0.00	6.67	83.18	89.18	0.00	40	0	42	0.00	0.00	64.65	7.54	0.00	0.00	2000
228	11.05	2068	2097	0.00	196	0	0	0	nan	0.00	0.97	6.96	81.02	88.95	0.00	40	0	42	0.00	0.00	64.59	7.53	0.00	0.00	2000
225	11.08	2055	2076	0.00	198	0	0	0	nan	0.00	0.00	6.16	81.86	88.92	0.00	40	0	42	0.00	0.00	64.62	7.53	0.00	0.00	2000
226	11.46	2022	2049	0.00	200	0	0	0	nan	0.00	0.00	6.20	80.35	88.54	0.00	40	0	42	0.00	0.00	61.79	7.31	0.00	0.00	2000
227	11.06	2047	2109	0.00	213	0	0	0	nan	0.00	0.00	5.36	84.06	88.94	0.00	40	0	42	0.00	0.00	65.53	7.68	0.00	0.00	2000
227	11.31	2007	2096	0.00	215	0	0	0	nan	0.00	0.02	4.65	83.97	88.69	0.00	40	0	42	0.00	0.00	65.09	7.80	0.00	0.00	2000
233	11.12	2018	2179	0.00	212	0	0	0	nan	0.00	0.00	5.41	86.85	88.88	0.00	40	0	42	0.00	0.00	68.39	8.00	0.00	0.00	2000
229	11.25	2054	2082	0.00	202	0	0	0	nan	0.00	0.00	5.85	82.29	88.75	0.00	40	0	42	0.00	0.00	64.87	7.49	0.00	0.00	2000
229	11.12	2042	2122	0.00	197	0	0	0	nan	0.00	0.00	7.19	82.73	88.88	0.00	40	0	42	0.00	0.00	65.63	7.72	0.00	0.00	2000
222	11.37	2028	2024	1.09	196	0	0	7	12.16	0.00	0.00	4.93	80.65	88.63	0.00	40	0	42	0.00	0.00	61.14	7.13	0.00	0.00	2000
229	11.00	2063	2122	0.18	213	0	0	0	nan	0.00	0.00	3.99	86.00	89.00	0.00	40	0	42	0.00	0.00	66.09	7.63	0.00	0.00	2000
231	10.66	2127	2143	0.00	216	0	0	0	nan	0.00	0.01	4.73	86.51	89.34	0.00	40	0	42	0.00	0.00	67.88	7.80	0.00	0.00	2000
228	11.13	2032	2117	0.00	197	0	0	0	nan	0.00	0.52	6.01	83.21	88.87	0.00	39	0	42	0.00	0.00	64.78	7.83	0.00	0.00	2000
223	11.36	2038	2021	0.00	198	0	0	0	nan	0.00	0.02	5.03	80.36	88.64	0.00	40	0	42	0.00	0.00	61.35	7.25	0.00	0.00	2000
227	11.27	2003	2109	0.00	212	0	0	0	nan	0.00	0.01	4.02	85.25	88.73	0.00	40	0	42	0.00	0.00	65.39	7.82	0.00	0.00	2000
235	11.14	2035	2178	0.00	217	0	0	0	nan	0.00	0.00	5.27	86.93	88.86	0.00	40	0	42	0.00	0.00	69.01	8.14	0.00	0.00	2000
230	11.30	2039	2096	0.00	200	0	0	0	nan	0.00	0.00	8.07	80.60	88.70	0.00	40	0	42	0.00	0.00	65.05	7.90	0.00	0.00	2000
228	11.08	2070	2091	0.00	198	0	0	0	nan	0.00	0.00	7.03	81.62	88.92	0.00	40	0	42	0.00	0.00	64.85	7.65	0.00	0.00	2000
228	11.18	2032	2110	0.00	204	0	0	0	nan	0.00	0.00	7.57	81.71	88.82	0.00	40	0	43	0.00	0.00	65.06	7.61	0.00	0.00	2000
225	11.53	2024	2026	0.00	207	0	0	0	nan	0.00	0.00	5.93	79.49	88.47	0.00	40	0	42	0.00	0.00	61.28	7.14	0.00	0.00	2000
229	11.17	2038	2113	0.00	213	0	0	0	nan	0.00	0.01	3.01	86.40	88.83	0.00	40	0	43	0.00	0.00	65.18	7.68	0.00	0.00	2000
225	11.09	2044	2087	0.00	211	0	0	0	nan	0.00	0.00	2.92	85.49	88.91	0.00	40	0	42	0.00	0.00	64.66	7.62	0.00	0.00	2000
233	10.66	2104	2182	0.00	210	0	0	0	nan	0.00	0.00	2.62	90.31	89.34	0.00	40	0	42	0.00	0.00	69.19	8.19	0.00	0.00	2000
224	11.29	2047	2036	0.00	194	0	0	0	nan	0.00	0.00	4.14	81.92	88.71	0.00	40	0	42	0.00	0.00	61.71	7.28	0.00	0.00	2000
231	10.87	2065	2162	0.00	211	0	0	0	nan	0.00	0.00	4.09	87.78	89.13	0.00	40	0	42	0.00	0.00	67.96	8.10	0.00	0.00	2000
228	10.87	2098	2099	0.01	195	0	0	4	25.76	0.00	0.00	4.69	84.43	89.13	0.00	40	0	42	0.00	0.00	64.64	7.76	0.00	0.00	2000
228	10.77	2121	2094	1.27	195	0	0	5	35.53	0.00	0.02	4.15	84.79	89.23	0.00	39	0	42	0.00	0.00	64.86	7.83	0.00	0.00	2000
225	10.83	2089	2088	0.00	194	0	0	0	nan	0.00	0.00	4.66	84.03	89.17	0.00	40	0	42	0.00	0.00	64.01	7.74	0.00	0.00	2000
231	10.75	2117	2128	0.00	195	0	0	0	nan	0.00	0.00	3.93	86.46	89.25	0.00	40	0	42	0.00	0.00	65.85	7.69	0.00	0.00	2000
229	11.45	2053	2045	0.00	194	0	0	0	nan	0.00	0.00	4.20	82.08	88.55	0.00	40	0	42	0.00	0.00	61.86	7.45	0.00	0.00	2000
229	10.59	2107	2152	0.00	211	0	0	0	nan	0.00	0.00	3.80	87.88	89.41	0.00	40	0	43	0.00	0.00	68.15	7.96	0.00	0.00	2000
235	11.14	2109	2101	0.00	196	0	0	0	nan	0.00	0.00	5.59	83.38	88.86	0.00	40	0	43	0.00	0.00	64.94	7.34	0.00	0.00	2000
227	10.97	2073	2097	0.00	194	0	0	0	nan	0.00	0.00	4.78	84.24	89.03	0.00	40	0	42	0.00	0.00	61.53	7.68	0.00	0.00	2000
231	10.91	2107	2114	0.00	194	0	0	0	nan	0.00	0.00	5.08	84.57	89.09	0.00	40	0	42	0.00	0.00	69.00	7.72	0.00	0.00	2000
228	10.90	2106	2086	0.00	196	0	0	0	nan	0.00	0.00	4.65	83.89	89.10	0.00	40	0	42	0.00	0.00	66.13	7.80	0.00	0.00	2000
229	11.07	2052	2114	0.00	194	0	0	0	nan	0.00	0.00	5.14	84.39	88.93	0.00	40	0	42	0.00	0.00	65.82	7.79	0.00	0.00	2000
228	10.97	2084	2099	0.00	198	0	0	0	nan	0.00	0.00	5.55	83.43	89.03	0.00	40	0	43	0.00	0.00	65.97	7.78	0.00	0.00	2000
227	10.93	2075	2104	0.00	195	0	0	0	nan	0.00	0.00	4.10	85.12	89.07	0.00	40	0	42	0.00	0.00	66.20	7.75	0.00	0.00	2000
227	10.95	2075	2095	0.00	195	0	0	0	nan	0.00	0.02	4.58	84.26	89.05	0.00	40	0	42	0.00	0.00	66.24	7.85	0.00	0.00	2000
226	10.88	2108	2066	0.00	195	0	0	0	nan	0.00	0.00	3.32	84.40	89.12	0.00	41	0	42	0.00	0.00	64.74	7.56	0.00	0.00	2000
233	10.85	2109	2135	0.00	194	0	0	0	nan	0.00	0.00	3.37	87.36	89.15	0.00	40	0	42	0.00	0.00	67.41	7.84	0.00	0.00	2000
228	10.94	2093	2087	0.00	194	0	0	0	nan	0.00	0.00	3.92	84.66	89.06	0.00	40	0	42	0.00	0.00	63.49	7.42	0.00	0.00	2000
226	10.75	2105	2100	0.00	195	0	0	5	23.44	0.00	0.00	5.34	83.97	89.25	0.00	40	0	42	0.00	0.00	69.28	8.18	0.00	0.00	2000
230	10.79	2116	2111	1.60	193	0	0	8	27.03	0.00	0.00	4.60	85.04	89.21	0.00	40	0	42	0.00	0.00	66.11	7.82	0.00	0.00	2000
229	10.99	2087	2093	0.00	196	0	0	0	nan	0.00	0.00	4.13	84.67	89.01	0.00	40	0	42	0.00	0.00	65.86	8.05	0.00	0.00	2000
228	10.94	2091	2098	0.00	194	0	0	0	nan	0.00	0.00	4.71	84.37	89.06	0.00	40	0	42	0.00	0.00	65.77	7.77	0.00	0.00	2000
229	10.98	2079	2103	0.00	195	0	0	0	nan	0.00	0.00	5.37	83.80	89.02	0.00	40	0	43	0.00	0.00	66.08	7.86	0.00	0.00	2000
221	10.99	2037	2076	0.00	194	0	0	0	nan	0.00	0.00	4.73	83.35	89.01	0.00	40	0	43	0.00	0.00	63.84	7.58	0.00	0.00	2000
228	11.09	2083	2072	0.00	193	0	0	0	nan	0.01	0.00	1.95	85.76	88.92	0.00	40	0	43	0.00	0.00	64.36	7.79	0.00	0.00	2000
230	10.61	2131	2140	0.00	211	0	0	0	nan	0.00	0.02	3.91	87.16	89.39	0.00	40	0	42	0.00	0.00	69.33	8.18	0.00	0.00	2000
231	10.94	2084	2127	0.00	195	0	0	0	nan	0.00	0.00	4.08	86.14	89.06	0.00	40	0	42	0.00	0.00	67.26	7.88	0.00	0.00	2000
228	10.84	2117	2084	0.00	194	0	0	0	nan	0.00	0.00	4.38	84.18	89.16	0.00	40	0	42	0.00	0.00	65.89	7.85	0.00	0.00	2000
228	10.93	2089	2101	0.00	194	0	0	0	nan	0.00	0.00	5.00	84.21	89.07	0.00	40	0	42	0.00	0.00	63.14	7.46	0.00	0.00	2000
228	10.89	2087	2104	0.00	194	0	0	0	nan	0.00	0.00	5.22	84.15	89.11	0.00	41	0	42	0.00	0.00	69.07	7.99	0.00	0.00	2000
229	11.01	2078	2104	0.00	196	0	0	0	nan	0.00	0.00	4.81	84.43	88.99	0.00	41	0	42	0.00	0.00	63.97	7.60	0.00	0.00	2000
227	11.03	2053	2104	0.00	194	0	0	0	nan	0.00	0.00	4.25	84.93	88.97	0.00	40	0	42	0.00	0.00	65.76	7.78	0.00	0.00	2000
228	11.04	2079	2091	0.00	197	0	0	0	nan	0.00	0.00	3.95	84.72	88.96	0.00	40	0	42	0.00	0.00	63.12	7.36	0.00	0.00	2000
228	11.13	2038	2111	0.00	195	0	0	0	nan	0.00	0.00	4.41	85.02	88.87	0.00	40	0	43	0.00	0.00	69.49	8.21	0.00	0.00	2000
227	11.09	2053	2094	0.00	194	0	0	0	nan	0.00	0.00	3.92	84.90	88.91	0.00	40	0	42	0.00	0.00	66.23	7.84	0.00	0.00	2000
223	11.35	2030	2029	0.00	196	0	0	4	26.06	0.00	0.00	4.76	80.98	88.65	0.00	40	0	42	0.00	0.00	62.60	7.50	0.00	0.00	2000
233	10.68	2102	2180	1.57	210	0	0	8	25.70	0.00	0.02	3.16	89.62	89.32	0.00	40	0	42	0.00	0.00	66.97	8.05	0.00	0.00	2000
229	10.80	2119	2102	0.00	194	0	0	0	nan	0.00	0.00	4.41	84.85	89.20	0.00	40	0	43	0.00	0.00	66.24	7.77	0.00	0.00	2000
228	10.99	2079	2091	0.00	194	0	0	0	nan	0.00	0.00	4.35	84.38	89.01	0.00	40	0	42	0.00	0.00	66.19	7.83	0.00	0.00	2000
225	11.21	2069	2035	0.00	196	0	0	0	nan	0.00	0.00	5.12	81.00	88.79	0.00	40	0	42	0.00	0.00	65.69	7.65	0.00	0.00	2000
231	10.65	2087	2182	0.00	210	0	0	0	nan	0.00	0.00	3.18	89.70	89.35	0.00	40	0	42	0.00	0.00	66.20	8.04	0.00	0.00	2000
229	10.92	2102	2099	0.00	194	0	0	0	nan	0.00	0.00	4.40	84.68	89.08	0.00	40	0	42	0.00	0.00	66.36	7.91	0.00	0.00	2000
226	11.16	2024	2098	0.00	194	0	0	0	nan	0.00	0.00	4.32	84.57	88.84	0.00	40	0	42	0.00	0.00	65.91	7.82	0.00	0.00	2000
222	10.74	2104	2066	0.00	195	0	0	0	nan	0.00	0.00	4.41	83.45	89.26	0.00	41	0	42	0.00	0.00	64.61	7.57	0.00	0.00	2000
241	11.04	2140	2142	0.00	196	0	0	0	nan	0.00	0.00	3.25	87.38	88.96	0.00	40	0	42	0.00	0.00	71.21	8.10	0.00	0.00	2000
229	10.91	2109	2086	0.00	194	0	0	0	nan	0.00	0.00	3.53	85.02	89.09	0.00	40	0	42	0.00	0.00	63.06	7.87	0.00	0.00	2000
227	10.92	2083	2100	0.00	194	0	0	0	nan	0.00	0.00	4.60	84.59	89.08	0.00	40	0	42	0.00	0.00	66.28	8.04	0.00	0.00	2000
230	10.92	2095	2109	0.00	197	0	0	0	nan	0.00	0.02	5.96	83.65	89.08	0.00	40	0	42	0.00	0.00	65.95	7.89	0.00	0.00	2000
227	10.96	2079	2092	0.00	195	0	0	0	nan	0.00	0.00	4.25	84.55	89.04	0.00	40	0	42	0.00	0.00	66.10	7.98	0.00	0.00	2000
231	10.83	2139	2096	0.00	196	0	0	0	nan	0.00	0.00	5.00	83.99	89.17	0.00	40	0	42	0.00	0.00	66.11	7.90	0.00	0.00	2000
226	10.84	2076	2112	0.00	194	0	0	0	nan	0.00	0.00	5.04	84.65	89.16	0.00	41	0	42	0.00	0.00	66.92	7.98	0.00	0.00	2000
229	11.17	2048	2100	0.00	194	0	0	0	nan	0.00	0.00	4.35	84.63	88.83	0.00	40	0	42	0.00	0.00	65.25	7.79	0.00	0.00	2000
227	11.21	2026	2100	0.00	198	0	0	3	30.65	0.00	0.00	5.58	83.33	88.79	0.00	40	0	42	0.00	0.00	65.66	7.89	0.00	0.00	2000
228	11.01	2079	2092	1.59	195	0	0	9	25.03	0.00	0.00	4.60	84.14	88.99	0.00	40	0	42	0.00	0.00	66.13	8.03	0.00	0.00	2000
226	11.32	2041	2050	0.00	194	0	0	0	nan	0.00	0.00	4.64	82.00	88.68	0.00	41	0	42	0.00	0.00	65.86	7.72	0.00	0.00	2000
225	11.07	2049	2086	0.00	212	0	0	0	nan	0.00	0.00	2.69	85.70	88.93	0.00	40	0	42	0.00	0.00	62.78	7.45	0.00	0.00	2000
232	10.79	2081	2170	0.00	213	0	0	0	nan	0.00	0.00	3.29	88.95	89.21	0.00	40	0	42	0.00	0.00	69.98	8.32	0.00	0.00	2000
228	10.95	2084	2100	0.00	194	0	0	0	nan	0.00	0.00	4.86	84.29	89.05	0.00	40	0	42	0.00	0.00	66.07	7.75	0.00	0.00	2000
222	10.86	2074	2066	0.00	194	0	0	0	nan	0.00	0.00	4.34	83.44	89.14	0.00	40	0	42	0.00	0.00	64.44	7.57	0.00	0.00	2000
231	11.37	2046	2083	0.00	195	0	0	0	nan	0.00	0.00	2.74	85.29	88.63	0.00	40	0	42	0.00	0.00	66.91	7.97	0.00	0.00	2000
227	10.76	2078	2135	0.00	210	0	0	0	nan	0.00	0.02	3.15	87.68	89.24	0.00	40	0	43	0.00	0.00	65.05	8.08	0.00	0.00	2000
227	10.80	2101	2099	0.00	195	0	0	0	nan	0.00	0.00	3.34	85.85	89.20	0.00	40	0	42	0.00	0.00	65.48	7.97	0.00	0.00	2000
227	11.49	2015	2056	0.00	194	0	0	0	nan	0.00	0.00	2.21	84.59	88.51	0.00	40	0	42	0.00	0.00	66.92	7.92	0.00	0.00	2000
228	11.12	2044	2110	0.00	212	0	0	0	nan	0.00	0.00	2.54	86.79	88.88	0.00	40	0	42	0.00	0.00	66.37	7.93	0.00	0.00	2000
231	10.82	2083	2155	0.00	212	0	0	0	nan	0.00	0.00	2.95	88.65	89.18	0.00	40	0	42	0.00	0.00	66.70	7.95	0.00	0.00	2000
223	11.44	2008	2034	0.00	194	0	0	0	nan	0.00	0.00	4.40	81.52	88.56	0.00	40	0	42	0.00	0.00	62.45	7.43	0.00	0.00	2000
228	10.86	2065	2135	0.00	210	0	0	0	nan	0.00	0.02	2.83	87.84	89.14	0.00	40	0	42	0.00	0.00	67.99	8.12	0.00	0.00	2000
232	11.00	2064	2142	0.00	212	0	0	0	nan	0.00	0.00	2.82	88.04	89.00	0.00	40	0	42	0.00	0.00	68.13	8.29	0.00	0.00	2000
226	10.80	2101	2093	0.00	194	0	0	0	nan	0.00	0.00	4.46	84.49	89.20	0.00	40	0	43	0.00	0.00	65.97	7.89	0.00	0.00	2000
222	11.38	2012	2035	0.82	194	0	0	10	15.43	0.00	0.00	4.32	81.63	88.62	0.00	41	0	43	0.00	0.00	62.34	7.55	0.00	0.00	2000
232	10.75	2078	2179	0.82	210	0	0	0	89.80	0.00	0.00	3.31	89.40	89.25	0.00	40	0	42	0.00	0.00	70.37	8.59	0.00	0.00	2000
225	11.37	2049	2027	0.00	196	0	0	0	nan	0.00	0.00	4.39	81.23	88.63	0.00	40	0	42	0.00	0.00	62.44	7.55	0.00	0.00	2000
224	10.87	2060	2098	0.00	214	0	0	0	nan	0.00	0.00	3.07	85.99	89.13	0.00	40	0	43	0.00	0.00	65.96	7.75	0.00	0.00	2000
229	11.22	2033	2112	0.00	214	0	0	0	nan	0.00	0.01	2.11	87.26	88.78	0.00	40	0	43	0.00	0.00	66.31	7.85	0.00	0.00	2000
230	10.83	2052	2176	0.00	210	0	0	0	nan	0.00	0.00	2.36	90.12	89.17	0.00	40	0	42	0.00	0.00	70.30	8.35	0.00	0.00	2000
225	11.12	2065	2055	0.00	195	0	0	0	nan	0.00	0.00	4.07	83.03	88.88	0.00	40	0	42	0.00	0.00	62.99	7.47	0.00	0.00	2000
229	11.00	2080	2101	0.00	211	0	0	0	nan	0.00	0.01	0.82	88.29	89.00	0.00	40	0	42	0.00	0.00	68.84	8.07	0.00	0.00	2000
233	10.96	2079	2142	0.00	194	0	0	0	nan	0.00	0.00	4.61	86.33	89.04	0.00	40	0	43	0.00	0.00	66.95	8.04	0.00	0.00	2000
226	11.04	2047	2097	0.00	194	0	0	0	nan	0.00	0.00	4.55	84.34	88.96	0.00	40	0	42	0.00	0.00	65.62	7.84	0.00	0.00	2000
227	11.08	2071	2077	0.00	196	0	0	0	nan	0.00	0.00	4.35	83.68	88.92	0.00	41	0	42	0.00	0.00	65.33	7.60	0.00	0.00	2000
232	10.84	2117	2125	0.00	194	0	0	0	nan	0.00	0.00	3.66	86.62	89.16	0.00	40	0	43	0.00	0.00	66.92	8.21	0.00	0.00	2000
228	10.94	2096	2091	0.00	194	0	0	0	nan	0.00	0.00	4.68	84.05	89.06	0.00	40	0	42	0.00	0.00	66.18	7.82	0.00	0.00	2000
224	10.81	2094	2075	0.00	194	0	0	0	nan	0.00	0.00	4.56	83.65	89.19	0.00	41	0	42	0.00	0.00	65.20	7.81	0.00	0.00	2000
229	10.90	2075	2129	0.00	194	0	0	0	nan	0.00	0.00	4.66	85.67	89.10	0.00	40	0	42	0.00	0.00	66.76	7.77	0.00	0.00	2000
229	11.20	2033	2109	0.00	196	0	0	0	nan	0.00	0.02	4.02	85.19	88.80	0.00	40	0	42	0.00	0.00	66.73	7.95	0.00	0.00	2000
231	11.12	2077	2102	0.00	195	0	0	0	nan	0.00	0.01	4.17	84.77	88.88	0.00	40	0	42	0.00	0.00	66.46	7.87	0.00	0.00	2000
226	10.97	2088	2070	1.28	194	0	0	11	11.64	0.00	0.00	3.42	84.44	89.03	0.00	40	0	42	0.00	0.00	65.92	7.79	0.00	0.00	2000
227	10.95	2077	2099	0.44	194	0	0	0	nan	0.00	0.00	4.97	84.15	89.05	0.00	40	0	42	0.00	0.00	65.38	7.75	0.00	0.00	2000
231	10.97	2081	2129	0.00	196	0	0	0	nan	0.00	0.00	3.90	86.41	89.03	0.00	40	0	43	0.00	0.00	67.57	7.88	0.00	0.00	2000
235	11.10	2131	2086	0.00	196	0	0	0	nan	0.00	0.00	4.33	84.04	88.90	0.00	40	0	42	0.00	0.00	66.18	7.84	0.00	0.00	2000
230	10.90	2105	2101	0.00	195	0	0	0	nan	0.00	0.00	4.59	84.58	89.10	0.00	40	0	43	0.00	0.00	66.10	8.04	0.00	0.00	2000
229	10.62	2153	2108	0.00	194	0	0	0	nan	0.00	0.00	4.39	85.37	89.38	0.00	40	0	42	0.00	0.00	66.21	8.01	0.00	0.00	2000
228	11.12	2071	2077	0.00	197	0	0	0	nan	0.00	0.00	4.73	83.35	88.88	0.00	40	0	42	0.00	0.00	66.07	7.85	0.00	0.00	2000
223	10.77	2080	2089	0.00	195	0	0	0	nan	0.00	0.00	5.37	83.47	89.23	0.00	40	0	42	0.00	0.00	64.53	7.48	0.00	0.00	2000
233	11.02	2076	2144	0.00	194	0	0	0	nan	0.00	0.00	3.02	87.85	88.98	0.00	40	0	42	0.00	0.00	66.63	7.82	0.00	0.00	2000
231	10.88	2127	2095	0.00	195	0	0	0	nan	0.00	0.00	3.39	85.63	89.12	0.00	40	0	42	0.00	0.00	67.09	8.09	0.00	0.00	2000
229	10.87	2113	2093	0.00	196	0	0	0	nan	0.00	0.02	4.24	84.55	89.13	0.00	40	0	42	0.00	0.00	66.24	7.81	0.00	0.00	2000
228	10.80	2115	2100	0.00	194	0	0	0	nan	0.00	0.00	4.52	84.72	89.20	0.00	40	0	42	0.00	0.00	66.58	7.79	0.00	0.00	2000
228	10.98	2077	2100	0.00	194	0	0	0	nan	0.00	0.00	4.52	84.57	89.02	0.00	40	0	42	0.00	0.00	66.02	7.83	0.00	0.00	2000
228	10.82	2110	2098	0.00	194	0	0	0	nan	0.00	0.00	4.95	84.16	89.18	0.00	40	0	42	0.00	0.00	66.17	7.90	0.00	0.00	2000
230	10.89	2108	2103	0.00	196	0	0	0	nan	0.00	0.00	4.83	84.43	89.11	0.00	41	0	42	0.00	0.00	66.58	7.74	0.00	0.00	2000
229	10.95	2088	2100	0.00	194	0	0	0	nan	0.00	0.00	4.13	84.99	89.05	0.00	40	0	42	0.00	0.00	65.53	7.74	0.00	0.00	2000
227	11.06	2053	2102	0.00	194	0	0	0	nan	0.00	0.00	4.37	84.76	88.94	0.00	40	0	42	0.00	0.00	65.71	7.69	0.00	0.00	2000
227	10.88	2088	2100	0.88	194	0	0	11	15.73	0.00	0.00	3.96	85.33	89.12	0.00	41	0	42	0.00	0.00	66.22	7.76	0.00	0.00	2000
225	10.86	2104	2072	0.83	195	0	0	0	88.62	0.00	0.00	4.38	83.63	89.14	0.00	41	0	42	0.00	0.00	64.68	7.68	0.00	0.00	2000
234	10.81	2132	2132	0.00	195	0	0	0	nan	0.00	0.00	3.74	86.78	89.19	0.00	40	0	42	0.00	0.00	64.75	7.77	0.00	0.00	2000
227	10.89	2092	2094	0.00	194	0	0	0	nan	0.00	0.00	4.54	84.37	89.11	0.00	40	0	42	0.00	0.00	68.49	8.14	0.00	0.00	2000
231	11.22	2057	2102	0.00	210	0	0	0	nan	0.00	0.00	7.29	81.62	88.78	0.00	40	0	43	0.00	0.00	64.25	7.64	0.00	0.00	2000
227	10.82	2101	2098	0.00	194	0	0	0	nan	0.00	0.00	4.43	84.64	89.18	0.00	40	0	42	0.00	0.00	68.25	8.07	0.00	0.00	2000
227	10.95	2078	2093	0.00	195	0	0	0	nan	0.00	0.00	4.49	84.37	89.05	0.00	41	0	43	0.00	0.00	66.08	8.16	0.00	0.00	2000
225	11.41	2029	2038	0.00	194	0	0	0	nan	0.00	0.00	4.48	81.62	88.59	0.00	40	0	42	0.00	0.00	61.55	7.62	0.00	0.00	2000
230	10.90	2072	2135	0.00	211	0	0	0	nan	0.00	0.02	2.95	87.69	89.10	0.00	40	0	42	0.00	0.00	66.37	7.71	0.00	0.00	2000
227	10.84	2098	2091	0.00	196	0	0	0	nan	0.01	0.00	2.31	86.56	89.16	0.00	41	0	43	0.00	0.00	66.22	7.82	0.00	0.00	2000
231	10.99	2050	2153	0.00	214	0	0	0	nan	0.00	0.00	4.00	87.39	89.01	0.00	40	0	43	0.00	0.00	67.56	7.86	0.00	0.00	2000
227	10.97	2075	2092	0.00	194	0	0	0	nan	0.00	0.00	4.15	84.66	89.03	0.00	40	0	43	0.00	0.00	66.20	7.52	0.00	0.00	2000
229	11.08	2059	2104	0.00	195	0	0	0	nan	0.00	0.00	4.34	84.89	88.92	0.00	40	0	42	0.00	0.00	68.03	8.39	0.00	0.00	2000
226	10.83	2099	2092	0.00	194	0	0	0	nan	0.00	0.00	3.85	85.02	89.17	0.00	40	0	42	0.00	0.00	61.88	7.12	0.00	0.00	2000
229	10.98	2099	2091	0.00	194	0	0	0	nan	0.00	0.00	3.99	84.67	89.02	0.00	40	0	42	0.00	0.00	65.51	7.82	0.00	0.00	2000
228	10.76	2107	2113	0.00	193	0	0	0	nan	0.00	0.00	4.75	85.07	89.24	0.00	41	0	42	0.00	0.00	69.10	8.22	0.00	0.00	2000
227	10.99	2058	2105	0.00	194	0	0	0	nan	0.00	0.00	4.16	85.12	89.01	0.00	41	0	42	0.00	0.00	65.73	7.68	0.00	0.00	2000
229	11.15	2056	2100	0.89	195	0	0	11	15.23	0.00	0.00	4.36	84.51	88.85	0.00	41	0	42	0.00	0.00	66.39	7.83	0.00	0.00	2000
228	11.02	2070	2099	0.85	195	0	0	0	90.94	0.00	0.00	3.68	85.33	88.98	0.00	41	0	42	0.00	0.00	66.47	7.81	0.00	0.00	2000
229	11.08	2076	2089	0.00	195	0	0	0	nan	0.00	0.00	4.03	84.51	88.92	0.00	40	0	42	0.00	0.00	63.31	7.57	0.00	0.00	2000
233	11.03	2101	2110	0.00	194	0	0	0	nan	0.00	0.00	5.30	84.25	88.97	0.00	41	0	42	0.00	0.00	69.50	8.37	0.00	0.00	2000
228	10.91	2087	2103	0.00	194	0	0	0	nan	0.00	0.00	4.42	84.82	89.09	0.00	40	0	42	0.00	0.00	65.92	8.05	0.00	0.00	2000
230	11.05	2086	2091	0.00	196	0	0	0	nan	0.00	0.00	4.99	83.71	88.95	0.00	40	0	42	0.00	0.00	62.69	7.46	0.00	0.00	2000
227	11.01	2062	2097	0.00	194	0	0	0	nan	0.00	0.00	5.09	83.95	88.99	0.00	40	0	42	0.00	0.00	66.12	7.83	0.00	0.00	2000
221	11.32	2016	2038	0.00	194	0	0	0	nan	0.00	0.00	4.65	81.50	88.68	0.00	40	0	42	0.00	0.00	65.67	7.59	0.00	0.00	2000
232	11.00	2031	2181	0.00	210	0	0	0	nan	0.00	0.00	3.16	89.36	89.00	0.00	40	0	42	0.00	0.00	69.44	8.25	0.00	0.00	2000
231	11.19	2077	2091	0.00	199	0	0	0	nan	0.00	0.00	4.58	83.96	88.81	0.00	40	0	43	0.00	0.00	63.40	7.50	0.00	0.00	2000
228	11.09	2051	2107	0.00	196	0	0	0	nan	0.00	0.00	4.35	84.90	88.91	0.00	40	0	42	0.00	0.00	65.68	7.95	0.00	0.00	2000
229	11.19	2055	2093	0.00	194	0	0	0	nan	0.00	0.00	3.98	84.66	88.81	0.00	41	0	42	0.00	0.00	66.30	7.96	0.00	0.00	2000
227	11.07	2045	2106	0.00	193	0	0	0	nan	0.00	0.00	4.46	84.80	88.93	0.00	40	0	42	0.00	0.00	65.77	7.86	0.00	0.00	2000
229	11.06	2081	2094	0.00	198	0	0	0	nan	0.00	0.00	4.90	83.86	88.94	0.00	40	0	43	0.00	0.00	66.56	7.86	0.00	0.00	2000
228	10.97	2075	2105	0.00	195	0	0	0	nan	0.00	0.00	5.77	83.54	89.03	0.00	40	0	42	0.00	0.00	66.38	7.78	0.00	0.00	2000
229	10.74	2135	2095	0.00	195	0	0	0	nan	0.00	0.00	5.15	83.89	89.26	0.00	40	0	42	0.00	0.00	66.25	7.76	0.00	0.00	2000
228	10.89	2090	2107	0.00	196	0	0	0	nan	0.00	0.00	4.44	84.99	89.11	0.00	40	0	43	0.00	0.00	66.01	7.66	0.00	0.00	2000
229	10.87	2116	2091	0.67	194	0	0	11	20.74	0.00	0.00	4.68	84.08	89.13	0.00	40	0	42	0.00	0.00	66.04	7.79	0.00	0.00	2000
229	10.77	2124	2103	1.03	195	0	0	3	54.10	0.00	0.00	4.65	84.67	89.23	0.00	40	0	42	0.00	0.00	66.71	7.92	0.00	0.00	2000
229	10.85	2103	2108	0.00	194	0	0	0	nan	0.00	0.00	5.05	84.49	89.15	0.00	40	0	42	0.00	0.00	65.98	7.68	0.00	0.00	2000
229	10.79	2122	2098	0.00	195	0	0	0	nan	0.00	0.00	4.86	84.26	89.21	0.00	41	0	42	0.00	0.00	66.18	7.87	0.00	0.00	2000
226	10.89	2100	2075	0.00	194	0	0	0	nan	0.00	0.00	4.65	83.53	89.11	0.00	40	0	43	0.00	0.00	65.25	7.68	0.00	0.00	2000
229	10.99	2054	2132	0.00	195	0	0	0	nan	0.00	0.00	4.78	85.57	89.01	0.00	40	0	42	0.00	0.00	66.55	7.89	0.00	0.00	2000
227	11.02	2062	2098	0.00	194	0	0	0	nan	0.00	0.00	3.72	85.19	88.98	0.00	41	0	42	0.00	0.00	65.64	7.81	0.00	0.00	2000
226	11.36	1995	2098	0.00	194	0	0	0	nan	0.00	0.01	3.36	85.35	88.64	0.00	41	0	42	0.00	0.00	65.92	7.79	0.00	0.00	2000
232	11.28	2048	2105	0.00	195	0	0	0	nan	0.00	0.02	3.01	85.94	88.72	0.00	40	0	42	0.00	0.00	66.54	7.88	0.00	0.00	2000
227	11.24	2026	2094	0.00	195	0	0	0	nan	0.00	0.02	4.11	84.47	88.76	0.00	40	0	42	0.00	0.00	65.79	7.68	0.00	0.00	2000
229	11.04	2077	2097	0.00	194	0	0	0	nan	0.00	0.00	3.28	85.64	88.96	0.00	40	0	43	0.00	0.00	65.71	7.92	0.00	0.00	2000
228	10.98	2082	2097	0.00	195	0	0	0	nan	0.00	0.00	4.22	84.76	89.02	0.00	40	0	42	0.00	0.00	65.97	7.75	0.00	0.00	2000
228	10.80	2108	2100	0.00	194	0	0	0	nan	0.00	0.00	4.88	84.36	89.20	0.00	40	0	42	0.00	0.00	65.94	7.79	0.00	0.00	2000
227	10.95	2080	2089	0.00	195	0	0	0	nan	0.00	0.00	5.27	83.42	89.05	0.00	41	0	42	0.00	0.00	65.38	7.65	0.00	0.00	2000
230	10.73	2130	2117	0.00	195	0	0	0	nan	0.00	0.00	3.78	86.20	89.27	0.00	40	0	42	0.00	0.00	66.91	7.72	0.00	0.00	2000
229	10.99	2080	2099	0.00	195	0	0	0	nan	0.00	0.00	4.51	84.50	89.01	0.00	40	0	42	0.00	0.00	66.47	7.89	0.00	0.00	2000
226	11.09	2060	2075	0.00	196	0	0	0	nan	0.00	0.00	4.23	83.76	88.91	0.00	40	0	42	0.00	0.00	65.50	7.71	0.00	0.00	2000
232	10.87	2106	2126	0.26	196	0	0	8	20.16	0.00	0.00	4.96	85.32	89.13	0.00	40	0	42	0.00	0.00	66.97	7.99	0.00	0.00	2000
226	11.34	2050	2037	1.33	194	0	0	5	37.63	0.00	0.00	4.22	81.86	88.66	0.00	40	0	42	0.00	0.00	62.63	7.32	0.00	0.00	2000
226	11.08	2047	2096	0.00	213	0	0	0	nan	0.00	0.00	2.62	86.20	88.92	0.00	40	0	42	0.00	0.00	66.23	7.75	0.00	0.00	2000
225	10.86	2042	2132	0.00	210	0	0	0	nan	0.00	0.02	2.64	87.93	89.14	0.00	41	0	42	0.00	0.00	66.71	7.90	0.00	0.00	2000
232	11.23	2066	2101	0.00	195	0	0	0	nan	0.00	0.02	1.46	87.40	88.77	0.00	40	0	42	0.00	0.00	69.29	8.30	0.00	0.00	2000
230	10.86	2088	2132	0.00	211	0	0	0	nan	0.00	0.00	3.60	87.02	89.14	0.00	40	0	42	0.00	0.00	66.10	7.98	0.00	0.00	2000
228	10.90	2087	2104	0.00	194	0	0	0	nan	0.00	0.00	4.66	84.63	89.10	0.00	40	0	42	0.00	0.00	66.35	7.79	0.00	0.00	2000
228	10.90	2098	2095	0.00	194	0	0	0	nan	0.00	0.00	4.22	84.81	89.10	0.00	40	0	42	0.00	0.00	66.01	7.60	0.00	0.00	2000
228	11.00	2071	2101	0.00	195	0	0	0	nan	0.00	0.00	5.01	84.10	89.00	0.00	40	0	43	0.00	0.00	66.41	7.81	0.00	0.00	2000
225	10.83	2094	2082	0.00	194	0	0	0	nan	0.00	0.00	5.06	83.46	89.17	0.00	40	0	42	0.00	0.00	65.14	7.57	0.00	0.00	2000
229	10.97	2081	2104	0.00	195	0	0	0	nan	0.00	0.00	4.34	84.89	89.03	0.00	41	0	43	0.00	0.00	66.09	7.53	0.00	0.00	2000
229	11.15	2070	2079	0.00	194	0	0	0	nan	0.00	0.00	3.35	84.64	88.85	0.00	40	0	42	0.00	0.00	65.05	7.69	0.00	0.00	2000
230	10.57	2138	2135	0.00	211	0	0	0	nan	0.00	0.01	2.43	88.40	89.43	0.00	40	0	42	0.00	0.00	68.69	7.91	0.00	0.00	2000
230	10.82	2123	2100	0.00	194	0	0	0	nan	0.00	0.00	4.58	84.64	89.18	0.00	40	0	42	0.00	0.00	66.23	7.78	0.00	0.00	2000
228	10.85	2102	2105	0.00	194	0	0	0	nan	0.00	0.00	5.28	84.07	89.15	0.00	40	0	42	0.00	0.00	66.06	7.52	0.00	0.00	2000
231	11.02	2090	2105	0.00	195	0	0	0	nan	0.00	0.00	5.48	83.83	88.98	0.00	40	0	42	0.00	0.00	66.15	7.71	0.00	0.00	2000
230	10.57	2194	2085	0.00	194	0	0	0	nan	0.00	0.00	4.04	84.61	89.43	0.00	40	0	42	0.00	0.00	65.96	7.73	0.00	0.00	2000
227	10.87	2069	2122	0.68	195	0	0	10	19.80	0.00	0.00	4.73	85.44	89.13	0.00	40	0	42	0.00	0.00	66.07	7.73	0.00	0.00	2000
236	11.06	2141	2089	1.03	196	0	0	3	49.26	0.00	0.00	5.07	83.41	88.94	0.00	40	0	42	0.00	0.00	66.08	7.82	0.00	0.00	2000
225	11.17	2073	2039	0.00	197	0	0	0	nan	0.00	0.00	5.03	81.22	88.83	0.00	40	0	42	0.00	0.00	62.89	7.53	0.00	0.00	2000
233	10.70	2105	2170	0.00	212	0	0	0	nan	0.00	0.00	3.58	88.70	89.30	0.00	40	0	43	0.00	0.00	69.95	8.08	0.00	0.00	2000
228	10.82	2114	2093	0.00	194	0	0	0	nan	0.00	0.00	4.06	84.88	89.18	0.00	41	0	42	0.00	0.00	66.22	7.78	0.00	0.00	2000
227	10.79	2099	2104	0.00	194	0	0	0	nan	0.00	0.00	4.50	84.90	89.21	0.00	40	0	43	0.00	0.00	65.75	7.78	0.00	0.00	2000
223	11.10	2072	2039	0.00	194	0	0	0	nan	0.00	0.00	4.26	82.07	88.90	0.00	40	0	42	0.00	0.00	63.33	7.44	0.00	0.00	2000
232	10.73	2098	2169	0.00	211	0	0	0	nan	0.00	0.00	4.06	88.17	89.27	0.00	40	0	43	0.00	0.00	69.20	8.08	0.00	0.00	2000
224	11.16	2075	2034	0.00	195	0	0	0	nan	0.00	0.00	4.21	81.85	88.84	0.00	40	0	42	0.00	0.00	62.95	7.41	0.00	0.00	2000
230	10.78	2063	2169	0.00	210	0	0	0	nan	0.00	0.00	3.85	88.40	89.22	0.00	40	0	42	0.00	0.00	69.61	8.18	0.00	0.00	2000
230	11.12	2068	2095	0.00	196	0	0	0	nan	0.00	0.00	4.91	83.86	88.88	0.00	40	0	42	0.00	0.00	66.36	7.65	0.00	0.00	2000
229	10.73	2133	2105	0.00	194	0	0	0	nan	0.00	0.00	4.55	84.92	89.27	0.00	40	0	43	0.00	0.00	66.38	7.90	0.00	0.00	2000
230	10.94	2107	2095	0.00	196	0	0	0	nan	0.00	0.00	5.14	83.80	89.06	0.00	41	0	42	0.00	0.00	66.34	7.70	0.00	0.00	2000
228	11.01	2060	2107	0.00	195	0	0	0	nan	0.00	0.00	5.06	84.30	88.99	0.00	41	0	42	0.00	0.00	66.37	7.34	0.00	0.00	2000
227	10.90	2086	2093	0.00	194	0	0	0	nan	0.00	0.00	4.92	84.01	89.10	0.00	40	0	42	0.00	0.00	65.89	8.02	0.00	0.00	2000
228	10.96	2073	2107	0.00	194	0	0	0	nan	0.00	0.00	4.66	84.77	89.04	0.00	40	0	42	0.00	0.00	66.07	7.92	0.00	0.00	2000
229	10.85	2119	2094	0.00	195	0	0	0	nan	0.00	0.00	4.46	84.47	89.15	0.00	41	0	43	0.00	0.00	66.04	7.78	0.00	0.00	2000
229	10.96	2083	2109	0.89	195	0	0	11	17.59	0.00	0.00	4.51	84.99	89.04	0.00	40	0	42	0.00	0.00	66.56	7.94	0.00	0.00	2000
228	10.86	2108	2094	0.83	193	0	0	0	90.35	0.00	0.00	3.98	84.94	89.14	0.00	40	0	43	0.00	0.00	65.98	7.68	0.00	0.00	2000
228	10.96	2072	2104	0.00	194	0	0	0	nan	0.00	0.00	4.28	85.01	89.04	0.00	41	0	42	0.00	0.00	66.11	7.83	0.00	0.00	2000
228	11.05	2070	2097	0.00	195	0	0	0	nan	0.00	0.00	4.90	84.01	88.95	0.00	40	0	43	0.00	0.00	66.09	7.76	0.00	0.00	2000
228	10.70	2128	2103	0.00	196	0	0	0	nan	0.00	0.00	4.85	84.55	89.30	0.00	40	0	42	0.00	0.00	66.27	7.74	0.00	0.00	2000
230	10.85	2117	2101	0.00	195	0	0	0	nan	0.00	0.00	5.04	84.19	89.15	0.00	40	0	42	0.00	0.00	63.82	7.42	0.00	0.00	2000
228	11.06	2067	2098	0.00	200	0	0	0	nan	0.00	0.00	6.12	82.83	88.94	0.00	40	0	42	0.00	0.00	65.86	7.99	0.00	0.00	2000
227	11.03	2061	2101	0.00	195	0	0	0	nan	0.00	0.00	4.84	84.32	88.97	0.00	40	0	42	0.00	0.00	68.38	8.33	0.00	0.00	2000
227	10.96	2072	2096	0.00	195	0	0	0	nan	0.00	0.00	4.60	84.34	89.04	0.00	40	0	42	0.00	0.00	65.78	7.75	0.00	0.00	2000
228	10.89	2085	2110	0.00	194	0	0	0	nan	0.00	0.00	4.06	85.47	89.11	0.00	40	0	42	0.00	0.00	66.18	7.73	0.00	0.00	2000
229	10.96	2100	2088	0.00	194	0	0	0	nan	0.00	0.01	4.20	84.35	89.04	0.00	40	0	42	0.00	0.00	64.13	7.47	0.00	0.00	2000
227	10.85	2105	2082	0.00	195	0	0	0	nan	0.00	0.00	5.08	83.45	89.15	0.00	40	0	42	0.00	0.00	65.83	7.49	0.00	0.00	2000
226	11.28	2043	2057	0.00	195	0	0	0	nan	0.00	0.00	3.06	83.90	88.72	0.00	41	0	42	0.00	0.00	65.33	7.47	0.00	0.00	2000
225	11.19	2015	2095	0.00	210	0	0	0	nan	0.00	0.02	2.51	86.20	88.81	0.00	40	0	42	0.00	0.00	63.69	7.76	0.00	0.00	2000
231	10.67	2093	2176	0.00	210	0	0	0	nan	0.00	0.01	2.63	89.97	89.34	0.00	40	0	42	0.00	0.00	70.39	8.13	0.00	0.00	2000
232	11.12	2081	2105	0.00	196	0	0	0	nan	0.00	0.00	4.15	85.04	88.88	0.00	40	0	42	0.00	0.00	66.05	7.88	0.00	0.00	2000
226	10.85	2108	2072	0.00	195	0	0	0	nan	0.00	0.00	3.71	84.30	89.15	0.00	40	0	42	0.00	0.00	62.42	7.46	0.00	0.00	2000
224	11.30	2022	2057	1.02	195	0	0	10	15.76	0.00	0.00	4.22	82.79	88.70	0.00	40	0	42	0.00	0.00	66.30	7.84	0.00	0.00	2000
231	10.77	2077	2172	0.63	211	0	0	0	89.12	0.00	0.00	3.54	88.87	89.23	0.00	40	0	43	0.00	0.00	69.59	8.24	0.00	0.00	2000
236	10.95	2158	2101	0.00	196	0	0	0	nan	0.00	0.00	5.05	84.05	89.05	0.00	40	0	43	0.00	0.00	66.80	7.74	0.00	0.00	2000
228	10.89	2102	2087	0.00	196	0	0	0	nan	0.00	0.00	4.57	84.04	89.11	0.00	40	0	42	0.00	0.00	63.04	7.36	0.00	0.00	2000
228	10.64	2133	2108	0.00	194	0	0	0	nan	0.00	0.00	5.04	84.65	89.36	0.00	40	0	42	0.00	0.00	65.47	7.57	0.00	0.00	2000
227	11.06	2049	2104	0.00	194	0	0	0	nan	0.00	0.00	4.77	84.49	88.94	0.00	40	0	43	0.00	0.00	69.28	8.16	0.00	0.00	2000
229	10.97	2085	2098	0.00	197	0	0	0	nan	0.00	0.00	4.80	84.22	89.03	0.00	40	0	42	0.00	0.00	66.16	7.73	0.00	0.00	2000
227	10.93	2093	2079	0.00	196	0	0	0	nan	0.00	0.00	4.96	83.32	89.07	0.00	40	0	42	0.00	0.00	62.57	7.37	0.00	0.00	2000
232	10.92	2097	2125	0.00	195	0	0	0	nan	0.00	0.00	4.54	85.63	89.08	0.00	40	0	42	0.00	0.00	69.36	8.06	0.00	0.00	2000
229	11.31	2020	2103	0.00	197	0	0	0	nan	0.00	0.00	4.56	84.36	88.69	0.00	41	0	42	0.00	0.00	66.20	7.68	0.00	0.00	2000
229	10.92	2103	2092	0.00	195	0	0	0	nan	0.00	0.00	4.04	84.74	89.08	0.00	41	0	42	0.00	0.00	66.40	7.75	0.00	0.00	2000
228	10.94	2081	2099	0.00	195	0	0	0	nan	0.00	0.00	4.87	84.22	89.06	0.00	40	0	43	0.00	0.00	63.09	7.39	0.00	0.00	2000
225	10.85	2094	2082	0.00	195	0	0	0	nan	0.00	0.00	4.50	83.96	89.15	0.00	40	0	42	0.00	0.00	65.04	7.68	0.00	0.00	2000
226	11.19	2064	2050	0.00	194	0	0	0	nan	0.00	0.00	3.26	83.50	88.81	0.00	40	0	42	0.00	0.00	66.26	7.72	0.00	0.00	2000
226	10.98	2057	2104	0.00	210	0	0	0	nan	0.00	0.00	2.41	86.74	89.02	0.00	40	0	42	0.00	0.00	65.77	7.74	0.00	0.00	2000
233	10.85	2076	2173	0.00	211	0	0	0	nan	0.00	0.00	3.52	88.82	89.15	0.00	40	0	42	0.00	0.00	70.24	7.91	0.00	0.00	2000
227	11.03	2052	2106	0.00	194	0	0	0	nan	0.00	0.00	4.58	84.69	88.97	0.00	41	0	43	0.00	0.00	65.97	8.23	0.00	0.00	2000
229	11.02	2077	2100	1.09	195	0	0	11	12.67	0.00	0.00	4.28	84.67	88.98	0.00	41	0	42	0.00	0.00	66.26	7.84	0.00	0.00	2000
228	10.75	2136	2090	0.64	194	0	0	0	nan	0.00	0.02	3.69	85.10	89.25	0.00	40	0	42	0.00	0.00	63.26	7.51	0.00	0.00	2000
226	11.02	2053	2095	0.00	195	0	0	0	nan	0.00	0.00	5.27	83.67	88.98	0.00	41	0	42	0.00	0.00	65.76	7.84	0.00	0.00	2000
229	10.95	2082	2110	0.00	194	0	0	0	nan	0.00	0.00	4.21	85.36	89.05	0.00	40	0	43	0.00	0.00	66.56	7.78	0.00	0.00	2000
228	11.10	2050	2101	0.00	194	0	0	0	nan	0.00	0.00	4.56	84.56	88.90	0.00	41	0	42	0.00	0.00	66.11	7.75	0.00	0.00	2000
229	11.00	2082	2102	0.00	195	0	0	0	nan	0.00	0.00	4.77	84.42	89.00	0.00	40	0	42	0.00	0.00	69.08	8.10	0.00	0.00	2000
228	11.09	2069	2090	0.00	195	0	0	0	nan	0.00	0.00	4.33	84.26	88.91	0.00	40	0	42	0.00	0.00	62.80	7.28	0.00	0.00	2000
228	11.21	2019	2112	0.00	194	0	0	0	nan	0.00	0.00	4.40	85.07	88.79	0.00	41	0	42	0.00	0.00	66.02	7.80	0.00	0.00	2000
228	11.04	2075	2089	0.00	194	0	0	0	nan	0.00	0.02	3.69	84.90	88.96	0.00	41	0	42	0.00	0.00	66.22	7.69	0.00	0.00	2000
225	10.90	2087	2081	0.00	194	0	0	0	nan	0.00	0.00	4.36	84.01	89.10	0.00	41	0	42	0.00	0.00	65.52	7.65	0.00	0.00	2000
232	11.06	2077	2118	0.00	196	0	0	0	nan	0.00	0.00	3.81	85.91	88.94	0.00	40	0	42	0.00	0.00	67.07	7.78	0.00	0.00	2000
223	11.26	2044	2037	0.00	194	0	0	0	nan	0.00	0.00	3.40	82.74	88.74	0.00	41	0	42	0.00	0.00	62.90	7.65	0.00	0.00	2000
231	10.58	2102	2181	0.00	213	0	0	0	nan	0.00	0.02	4.61	88.28	89.42	0.00	40	0	42	0.00	0.00	70.51	8.35	0.00	0.00	2000
228	11.04	2075	2091	0.00	195	0	0	0	nan	0.00	0.00	4.92	83.77	88.96	0.00	40	0	42	0.00	0.00	65.73	7.91	0.00	0.00	2000
228	10.83	2101	2102	0.00	194	0	0	0	nan	0.00	0.00	4.79	84.48	89.17	0.00	41	0	43	0.00	0.00	66.20	7.88	0.00	0.00	2000
231	11.26	2054	2098	0.00	196	0	0	0	nan	0.00	0.00	4.97	83.83	88.74	0.00	41	0	42	0.00	0.00	66.21	7.74	0.00	0.00	2000
228	10.95	2082	2097	0.00	196	0	0	0	nan	0.00	0.00	5.01	84.04	89.05	0.00	41	0	42	0.00	0.00	66.05	7.86	0.00	0.00	2000
227	10.81	2089	2114	0.88	194	0	0	11	16.29	0.00	0.00	5.02	84.77	89.19	0.00	41	0	42	0.00	0.00	66.14	7.87	0.00	0.00	2000
227	10.96	2076	2099	0.84	194	0	0	0	88.08	0.01	0.00	4.00	84.97	89.04	0.00	40	0	42	0.00	0.00	66.14	7.77	0.00	0.00	2000
227	10.85	2115	2073	0.00	195	0	0	0	nan	0.00	0.02	4.20	83.85	89.15	0.00	40	0	42	0.00	0.00	65.64	7.75	0.00	0.00	2000
231	10.90	2100	2117	0.00	195	0	0	0	nan	0.00	0.00	4.72	85.14	89.10	0.00	40	0	42	0.00	0.00	67.10	7.99	0.00	0.00	2000
228	10.83	2103	2098	0.00	194	0	0	0	nan	0.00	0.00	4.44	84.66	89.17	0.00	40	0	42	0.00	0.00	65.96	7.89	0.00	0.00	2000
225	10.91	2084	2082	0.00	194	0	0	0	nan	0.00	0.00	3.96	84.47	89.09	0.00	40	0	42	0.00	0.00	65.72	7.84	0.00	0.00	2000
227	11.30	2036	2076	0.00	194	0	0	0	nan	0.00	0.00	3.66	84.07	88.70	0.00	41	0	42	0.00	0.00	63.84	7.59	0.00	0.00	2000
228	10.88	2043	2156	0.00	210	0	0	0	nan	0.00	0.01	2.94	88.62	89.12	0.00	40	0	42	0.00	0.00	68.91	8.30	0.00	0.00	2000
231	10.73	2162	2088	0.00	194	0	0	0	nan	0.00	0.00	4.17	84.63	89.27	0.00	40	0	42	0.00	0.00	66.61	7.94	0.00	0.00	2000
228	10.56	2157	2103	0.00	194	0	0	0	nan	0.00	0.00	4.41	85.10	89.44	0.00	40	0	42	0.00	0.00	66.15	7.69	0.00	0.00	2000
228	11.10	2046	2110	0.00	195	0	0	0	nan	0.00	0.00	4.31	85.08	88.90	0.00	41	0	42	0.00	0.00	65.68	7.96	0.00	0.00	2000
228	10.93	2099	2084	0.00	194	0	0	0	nan	0.00	0.00	4.15	84.30	89.07	0.00	41	0	43	0.00	0.00	66.41	7.86	0.00	0.00	2000
229	10.84	2097	2111	0.00	194	0	0	0	nan	0.00	0.00	4.87	84.79	89.16	0.00	40	0	42	0.00	0.00	66.02	7.60	0.00	0.00	2000
229	11.14	2056	2103	0.00	195	0	0	0	nan	0.00	0.00	4.80	84.24	88.86	0.00	41	0	42	0.00	0.00	65.85	7.71	0.00	0.00	2000
230	11.17	2063	2094	0.00	195	0	0	0	nan	0.00	0.00	4.57	84.16	88.83	0.00	40	0	42	0.00	0.00	65.84	7.90	0.00	0.00	2000
237	11.16	2120	2100	0.00	199	0	0	0	nan	0.00	0.01	5.36	83.50	88.84	0.00	40	0	42	0.00	0.00	66.17	7.91	0.00	0.00	2000
221	11.32	2025	2028	0.00	195	0	0	0	nan	0.00	0.00	4.59	81.13	88.68	0.00	40	0	42	0.00	0.00	62.12	7.36	0.00	0.00	2000
229	10.97	2072	2116	1.00	210	0	0	11	22.03	0.00	0.00	3.15	86.59	89.03	0.00	41	0	43	0.00	0.00	66.61	7.92	0.00	0.00	2000
228	10.75	2083	2141	0.64	212	0	0	1	91.08	0.00	0.02	3.16	87.91	89.25	0.00	40	0	42	0.00	0.00	68.85	8.02	0.00	0.00	2000
232	10.73	2136	2125	0.00	194	0	0	0	nan	0.00	0.00	3.22	87.13	89.27	0.00	41	0	42	0.00	0.00	67.97	8.05	0.00	0.00	2000
227	10.83	2109	2092	0.00	194	0	0	0	nan	0.00	0.00	4.32	84.54	89.17	0.00	40	0	42	0.00	0.00	65.23	7.92	0.00	0.00	2000
228	10.84	2095	2105	0.00	194	0	0	0	nan	0.00	0.00	4.23	85.16	89.16	0.00	41	0	42	0.00	0.00	66.34	7.93	0.00	0.00	2000
230	10.90	2113	2097	0.00	195	0	0	0	nan	0.00	0.00	4.20	84.82	89.10	0.00	40	0	42	0.00	0.00	66.44	7.78	0.00	0.00	2000
227	11.09	2049	2100	0.00	194	0	0	0	nan	0.00	0.00	4.34	84.73	88.91	0.00	40	0	42	0.00	0.00	65.83	7.75	0.00	0.00	2000
228	10.84	2103	2101	0.00	194	0	0	0	nan	0.00	0.00	4.36	84.86	89.16	0.00	41	0	42	0.00	0.00	66.09	7.73	0.00	0.00	2000
227	11.10	2049	2100	0.00	194	0	0	0	nan	0.00	0.00	4.61	84.45	88.90	0.00	40	0	42	0.00	0.00	65.90	7.75	0.00	0.00	2000
230	10.90	2110	2098	0.00	197	0	0	0	nan	0.00	0.00	4.91	84.14	89.10	0.00	41	0	43	0.00	0.00	66.19	7.80	0.00	0.00	2000
230	11.07	2073	2107	0.00	196	0	0	0	nan	0.00	0.00	4.72	84.60	88.93	0.00	41	0	42	0.00	0.00	66.17	7.99	0.00	0.00	2000
225	10.90	2090	2077	0.00	195	0	0	0	nan	0.00	0.00	4.37	83.84	89.10	0.00	41	0	42	0.00	0.00	65.55	7.74	0.00	0.00	2000
227	10.81	2099	2102	0.00	195	0	0	0	nan	0.00	0.00	3.94	85.37	89.19	0.00	41	0	42	0.00	0.00	65.69	7.82	0.00	0.00	2000
227	11.21	2061	2067	0.00	194	0	0	0	nan	0.00	0.00	3.35	84.03	88.79	0.00	40	0	42	0.00	0.00	63.29	7.65	0.00	0.00	2000
231	10.74	2096	2153	0.00	211	0	0	0	nan	0.00	0.00	4.14	87.39	89.26	0.00	40	0	42	0.00	0.00	69.88	8.30	0.00	0.00	2000
230	11.05	2080	2097	0.00	195	0	0	0	nan	0.00	0.00	5.01	83.90	88.95	0.00	41	0	42	0.00	0.00	65.95	7.77	0.00	0.00	2000
227	10.93	2078	2101	0.00	194	0	0	0	nan	0.00	0.00	4.36	84.83	89.07	0.00	41	0	42	0.00	0.00	66.01	7.68	0.00	0.00	2000
227	10.88	2085	2102	0.89	194	0	0	11	16.10	0.00	0.00	4.43	84.88	89.12	0.00	40	0	43	0.00	0.00	66.02	7.76	0.00	0.00	2000
227	11.04	2049	2105	0.83	195	0	0	0	88.40	0.00	0.00	4.60	84.61	88.96	0.00	40	0	42	0.00	0.00	65.78	7.75	0.00	0.00	2000
230	10.97	2104	2092	0.00	196	0	0	0	nan	0.00	0.00	3.26	85.46	89.03	0.00	41	0	43	0.00	0.00	66.37	7.89	0.00	0.00	2000
232	11.39	2027	2106	0.00	210	0	0	0	nan	0.00	0.00	7.16	81.84	88.61	0.00	40	0	42	0.00	0.00	63.47	7.49	0.00	0.00	2000
223	11.25	2046	2031	0.00	194	0	0	0	nan	0.00	0.00	3.81	82.10	88.75	0.00	40	0	42	0.00	0.00	64.62	7.75	0.00	0.00	2000
231	10.63	2101	2177	0.00	211	0	0	0	nan	0.00	0.00	3.75	88.94	89.37	0.00	40	0	42	0.00	0.00	67.30	7.98	0.00	0.00	2000
229	11.18	2041	2106	0.00	195	0	0	0	nan	0.00	0.00	4.43	84.76	88.82	0.00	41	0	42	0.00	0.00	65.75	7.88	0.00	0.00	2000
228	11.02	2085	2086	0.00	195	0	0	0	nan	0.00	0.01	4.04	84.44	88.98	0.00	41	0	42	0.00	0.00	66.39	7.86	0.00	0.00	2000
230	11.07	2064	2112	0.00	195	0	0	0	nan	0.00	0.00	5.19	84.30	88.93	0.00	41	0	42	0.00	0.00	65.72	7.77	0.00	0.00	2000
228	10.88	2107	2090	0.00	195	0	0	0	nan	0.00	0.00	4.97	83.76	89.12	0.00	40	0	42	0.00	0.00	66.38	7.85	0.00	0.00	2000
227	10.90	2081	2100	0.00	194	0	0	0	nan	0.00	0.00	4.74	84.46	89.10	0.00	41	0	43	0.00	0.00	65.84	7.87	0.00	0.00	2000
224	10.91	2072	2081	0.00	194	0	0	0	nan	0.00	0.00	4.74	83.63	89.09	0.00	40	0	42	0.00	0.00	65.03	7.55	0.00	0.00	2000
230	11.02	2063	2123	0.00	194	0	0	0	nan	0.00	0.00	3.87	86.15	88.98	0.00	41	0	42	0.00	0.00	66.48	7.99	0.00	0.00	2000
227	11.50	2038	2030	0.00	196	0	0	0	nan	0.00	0.01	3.85	81.74	88.50	0.00	41	0	42	0.00	0.00	63.12	7.43	0.00	0.00	2000
233	10.81	2070	2184	0.00	210	0	0	0	nan	0.00	0.00	2.69	90.15	89.19	0.00	40	0	42	0.00	0.00	69.82	8.28	0.00	0.00	2000
228	10.75	2127	2095	0.00	195	0	0	0	nan	0.00	0.00	4.00	85.02	89.25	0.00	40	0	43	0.00	0.00	67.15	7.60	0.00	0.00	2000
223	11.22	2051	2030	0.00	194	0	0	0	nan	0.00	0.00	3.66	82.23	88.78	0.00	40	0	42	0.00	0.00	62.16	7.72	0.00	0.00	2000
226	11.10	2035	2099	1.19	212	0	0	10	11.97	0.00	0.00	2.67	86.25	88.90	0.00	40	0	42	0.00	0.00	65.16	7.69	0.00	0.00	2000
237	10.91	2086	2186	0.44	210	0	0	0	nan	0.00	0.00	2.89	89.96	89.09	0.00	40	0	43	0.00	0.00	70.74	8.09	0.00	0.00	2000
226	11.04	2077	2070	0.00	194	0	0	0	nan	0.00	0.00	4.01	83.76	88.96	0.00	41	0	42	0.00	0.00	61.65	7.54	0.00	0.00	2000
230	10.93	2080	2124	0.00	194	0	0	0	nan	0.00	0.00	4.50	85.70	89.07	0.00	40	0	42	0.00	0.00	70.49	8.19	0.00	0.00	2000
228	10.91	2095	2095	0.00	199	0	0	0	nan	0.00	0.00	6.09	82.81	89.09	0.00	40	0	42	0.00	0.00	66.39	7.94	0.00	0.00	2000
232	11.27	2056	2106	0.00	199	0	0	0	nan	0.00	0.00	7.45	81.67	88.73	0.00	40	0	42	0.00	0.00	65.49	7.94	0.00	0.00	2000
228	10.86	2101	2099	0.00	195	0	0	0	nan	0.00	0.00	4.69	84.43	89.14	0.00	40	0	42	0.00	0.00	65.74	7.81	0.00	0.00	2000
226	10.81	2111	2077	0.00	194	0	0	0	nan	0.00	0.00	4.77	83.48	89.19	0.00	40	0	42	0.00	0.00	65.02	7.79	0.00	0.00	2000
226	10.94	2084	2083	0.00	195	0	0	0	nan	0.00	0.00	3.87	84.46	89.06	0.00	41	0	42	0.00	0.00	65.84	7.90	0.00	0.00	2000
230	11.04	2075	2111	0.00	210	0	0	0	nan	0.00	0.02	1.72	87.79	88.96	0.00	40	0	42	0.00	0.00	63.87	7.62	0.00	0.00	2000
230	10.86	2092	2127	0.00	195	0	0	0	nan	0.00	0.00	5.09	85.21	89.14	0.00	40	0	42	0.00	0.00	69.33	8.21	0.00	0.00	2000
228	10.88	2086	2110	0.00	194	0	0	0	nan	0.00	0.00	4.30	85.23	89.12	0.00	41	0	43	0.00	0.00	65.68	7.70	0.00	0.00	2000
228	10.87	2114	2085	0.00	195	0	0	0	nan	0.00	0.02	3.31	85.22	89.13	0.00	41	0	43	0.00	0.00	63.41	7.59	0.00	0.00	2000
229	10.86	2093	2115	0.00	195	0	0	0	nan	0.00	0.00	4.75	85.07	89.14	0.00	40	0	42	0.00	0.00	69.34	8.25	0.00	0.00	2000
228	11.00	2078	2096	0.00	194	0	0	0	nan	0.00	0.00	3.95	84.99	89.00	0.00	41	0	43	0.00	0.00	66.12	7.88	0.00	0.00	2000
228	11.23	2028	2103	0.00	194	0	0	0	nan	0.00	0.00	4.31	84.67	88.77	0.00	40	0	42	0.00	0.00	65.62	7.89	0.00	0.00	2000
228	11.03	2076	2090	0.00	194	0	0	0	nan	0.00	0.00	3.78	84.88	88.97	0.00	41	0	42	0.00	0.00	62.99	7.67	0.00	0.00	2000
239	12.07	2035	2043	1.12	195	0	0	10	16.14	0.00	0.00	4.46	81.26	87.93	0.00	40	0	43	0.00	0.00	65.32	7.64	0.00	0.00	2000
246	11.31	2132	2147	0.41	211	0	0	0	nan	0.00	0.00	3.39	87.30	88.69	0.00	40	0	43	0.00	0.00	66.24	7.82	0.00	0.00	2000
226	11.19	2058	2062	0.00	195	0	0	0	nan	0.00	0.00	3.65	83.56	88.81	0.00	40	0	42	0.00	0.00	66.26	7.69	0.00	0.00	2000
229	10.77	2088	2138	0.00	210	0	0	0	nan	0.00	0.00	3.34	87.54	89.23	0.00	39	0	42	0.00	0.00	64.40	7.42	0.00	0.00	2000
230	10.72	2128	2118	0.00	194	0	0	0	nan	0.00	0.00	3.92	86.11	89.28	0.00	40	0	42	0.00	0.00	65.17	7.68	0.00	0.00	2000
224	10.74	2110	2080	0.00	194	0	0	0	nan	0.00	0.00	4.15	84.31	89.26	0.00	40	0	42	0.00	0.00	65.69	8.22	0.00	0.00	2000
235	10.93	2118	2130	0.00	194	0	0	0	nan	0.00	0.00	3.82	86.50	89.07	0.00	40	0	42	0.00	0.00	65.85	7.93	0.00	0.00	2000
225	10.92	2090	2070	0.00	195	0	0	0	nan	0.00	0.00	4.32	83.59	89.08	0.00	40	0	42	0.00	0.00	64.45	7.79	0.00	0.00	2000
226	10.97	2076	2085	0.00	198	0	0	0	nan	0.00	0.00	4.32	84.04	89.03	0.00	40	0	42	0.00	0.00	65.38	7.61	0.00	0.00	2000
231	10.93	2104	2114	0.00	195	0	0	0	nan	0.00	0.03	1.59	88.15	89.07	0.00	40	0	42	0.00	0.00	66.43	7.82	0.00	0.00	2000
226	10.86	2083	2095	0.00	210	0	0	0	nan	0.00	0.03	1.46	87.53	89.14	0.00	40	0	42	0.00	0.00	62.30	7.28	0.00	0.00	2000
225	11.14	2024	2093	0.00	194	0	0	0	nan	0.00	0.00	3.79	84.87	88.86	0.00	41	0	43	0.00	0.00	64.98	7.79	0.00	0.00	2000
236	10.97	2124	2130	0.00	211	0	0	0	nan	0.00	0.01	1.41	88.84	89.03	0.00	40	0	42	0.00	0.00	65.63	7.35	0.00	0.00	2000
227	10.90	2074	2106	0.00	196	0	0	0	nan	0.00	0.00	4.67	84.81	89.10	0.00	40	0	42	0.00	0.00	65.98	8.19	0.00	0.00	2000
229	11.02	2075	2106	0.00	194	0	0	0	nan	0.00	0.00	4.37	84.87	88.98	0.00	40	0	42	0.00	0.00	64.28	7.73	0.00	0.00	2000
226	10.97	2088	2073	0.00	194	0	0	0	nan	0.00	0.02	3.95	84.03	89.03	0.00	41	0	42	0.00	0.00	64.67	7.52	0.00	0.00	2000
227	11.12	2056	2087	0.00	197	0	0	0	98.94	0.00	0.00	4.42	83.94	88.88	0.00	40	0	42	0.00	0.00	65.06	7.61	0.00	0.00	2000
228	11.06	2057	2101	1.42	225	0	0	5	31.80	0.00	0.00	3.03	86.03	88.94	0.00	41	0	42	0.00	0.00	64.85	7.57	0.00	0.00	2000
231	11.26	2012	2142	0.02	194	0	0	0	nan	0.00	0.00	4.42	86.19	88.74	0.00	41	0	43	0.00	0.00	66.93	7.84	0.00	0.00	2000
225	10.82	2114	2068	0.00	195	0	0	0	nan	0.00	0.01	2.17	85.59	89.18	0.00	40	0	42	0.00	0.00	64.90	7.61	0.00	0.00	2000
225	10.30	2166	2120	0.00	211	0	0	0	nan	0.00	0.03	2.21	88.28	89.70	0.00	39	0	42	0.00	0.00	63.11	7.44	0.00	0.00	2000
230	10.90	2121	2086	0.00	215	0	0	0	nan	0.00	0.00	5.03	83.52	89.10	0.00	38	0	42	0.00	0.00	62.57	7.49	0.00	0.00	2000
234	10.94	2104	2135	0.00	214	0	0	0	nan	0.00	0.53	2.97	87.10	89.06	0.00	38	0	42	0.00	0.00	68.30	7.84	0.00	0.00	2000
226	10.74	2119	2081	0.00	198	0	0	0	nan	0.00	0.53	2.88	84.95	89.26	0.00	38	0	42	0.00	0.00	64.26	8.06	0.00	0.00	2000
233	10.79	2146	2110	0.00	215	0	0	0	nan	0.00	0.02	3.94	85.62	89.21	0.00	39	0	43	0.00	0.00	65.72	8.59	0.00	0.00	2000
226	11.12	2059	2069	0.00	203	0	0	0	nan	0.00	0.00	7.19	80.51	88.88	0.00	39	0	42	0.00	0.00	64.79	8.39	0.00	0.00	2000
228	10.91	2099	2092	0.00	198	0	0	0	nan	0.00	0.01	5.70	83.11	89.09	0.00	39	0	42	0.00	0.00	67.08	8.62	0.00	0.00	2000
227	10.74	2116	2096	0.00	214	0	0	0	nan	0.00	0.01	4.18	84.88	89.26	0.00	39	0	42	0.00	0.00	66.47	8.68	0.00	0.00	2000
233	10.63	2167	2129	0.00	217	0	0	0	nan	0.00	0.04	5.49	85.02	89.37	0.00	39	0	42	0.00	0.00	70.57	9.31	0.00	0.00	2000
238	11.58	2070	2085	0.00	205	0	0	0	nan	0.00	0.01	6.06	81.77	88.42	0.00	39	0	42	0.00	0.00	63.96	8.46	0.00	0.00	2000
229	10.70	2132	2108	0.00	215	0	0	0	nan	0.00	0.02	5.58	84.03	89.30	0.00	39	0	43	0.00	0.00	66.19	8.57	0.00	0.00	2000
227	10.99	2083	2084	0.00	212	0	0	0	nan	0.01	0.00	3.56	84.81	89.01	0.00	39	0	42	0.00	0.00	66.66	8.77	0.00	0.00	2000
228	10.68	2133	2105	0.00	217	0	0	0	nan	0.00	0.02	5.61	83.84	89.32	0.00	39	0	42	0.00	0.00	67.08	8.62	0.00	0.00	2000
228	10.99	2080	2092	0.60	203	0	0	29	9.36	0.00	0.00	5.33	83.35	89.01	0.00	39	0	42	0.00	0.00	66.65	8.56	0.00	0.00	2000
229	10.59	2154	2110	0.57	216	0	0	5	23.81	0.00	0.00	4.28	85.51	89.41	0.00	39	0	42	0.00	0.00	67.18	8.69	0.00	0.00	2000
233	10.91	2087	2145	0.00	214	0	0	0	nan	0.00	0.03	3.85	87.15	89.09	0.00	39	0	42	0.00	0.00	71.01	9.27	0.00	0.00	2000
229	10.94	2098	2096	0.00	199	0	0	0	nan	0.00	0.01	3.62	85.39	89.06	0.00	39	0	42	0.00	0.00	63.50	8.26	0.00	0.00	2000
226	10.71	2148	2066	0.00	203	0	0	0	nan	0.00	0.07	3.92	83.89	89.29	0.00	39	0	42	0.00	0.00	64.89	8.46	0.00	0.00	2000
231	10.93	2094	2122	0.00	198	0	0	0	nan	0.00	0.53	4.87	84.64	89.07	0.00	39	0	42	0.00	0.00	69.71	9.06	0.00	0.00	2000
230	10.72	2141	2106	0.00	198	0	0	0	nan	0.00	0.01	4.90	84.67	89.28	0.00	38	0	43	0.00	0.00	61.77	7.63	0.00	0.00	2000
230	10.82	2124	2104	0.00	215	0	0	0	nan	0.00	0.00	4.64	84.72	89.18	0.00	39	0	42	0.00	0.00	67.39	7.39	0.00	0.00	2000
227	10.80	2123	2082	0.00	199	0	0	0	nan	0.00	0.00	5.93	82.57	89.20	0.00	39	0	43	0.00	0.00	63.20	7.13	0.00	0.00	2000
241	11.47	2075	2125	0.00	241	0	0	0	nan	0.00	1.69	8.37	79.69	88.53	0.00	39	0	42	0.00	0.00	67.34	8.91	0.00	0.00	2000
225	10.93	2096	2060	0.00	198	0	0	0	nan	0.00	0.00	6.05	81.46	89.07	0.00	39	0	42	0.00	0.00	63.67	7.48	0.00	0.00	2000
229	10.75	2144	2088	0.00	199	0	0	0	nan	0.00	0.00	5.14	83.58	89.25	0.00	38	0	42	0.00	0.00	59.32	7.39	0.00	0.00	2000
234	10.90	2114	2131	0.00	215	0	0	0	nan	0.00	0.03	4.25	86.24	89.10	0.00	39	0	42	0.00	0.00	71.67	7.93	0.00	0.00	2000
231	11.11	2093	2085	0.00	204	0	0	0	nan	0.00	0.00	5.75	82.60	88.89	0.00	38	0	42	0.00	0.00	64.56	7.61	0.00	0.00	2000
197	10.41	1890	2101	0.00	239	0	0	0	nan	0.03	0.03	9.24	80.48	89.59	0.00	38	0	42	0.00	0.00	63.56	7.55	0.00	0.00	2000
87	7.38	1167	2128	0.00	163	0	0	0	nan	0.00	0.00	3.73	90.08	92.62	0.00	38	0	43	0.00	0.00	62.12	7.84	0.00	0.00	2000
