Avg_MHz	Busy%	Bzy_MHz	TSC_MHz	IPC	IRQ	NMI	SMI	LLCMRPS	LLC%hit	POLL%	C1%	C1E%	C6%	CPU%c1	CPU%c6	CoreTmp	CoreThr	PkgTmp	Pkg%pc2	Pkg%pc6	PkgWatt	RAMWatt	PKG_%	RAM_%	UncMHz
226	14.15	1714	1954	0.00	247	0	0	0	nan	0.00	0.18	21.97	57.82	85.85	0.00	37	0	42	0.00	0.00	56.49	7.08	0.00	0.00	2000
394	16.70	2139	2319	0.00	247	0	0	0	nan	0.00	1.46	12.99	77.90	83.30	0.00	37	0	42	0.00	0.00	73.97	8.38	0.00	0.00	2000
78	7.05	1092	2133	0.00	211	0	0	0	nan	0.00	0.00	12.17	82.31	92.95	0.00	37	0	43	0.00	0.00	60.49	7.96	0.00	0.00	2000
76	6.89	1103	2098	0.00	200	0	0	0	nan	0.00	0.00	3.68	89.52	93.11	0.00	37	0	42	0.00	0.00	58.29	7.54	0.00	0.00	2000
73	6.40	1147	2096	0.00	194	0	0	0	nan	0.00	0.00	3.32	90.13	93.60	0.00	37	0	42	0.00	0.00	58.19	7.67	0.00	0.00	2000
72	6.68	1075	2104	0.00	193	0	0	0	nan	0.00	0.00	3.43	90.15	93.32	0.00	37	0	42	0.00	0.00	58.12	7.51	0.00	0.00	2000
73	7.00	1046	2096	0.00	194	0	0	0	nan	0.00	0.02	3.60	89.23	93.00	0.00	37	0	42	0.00	0.00	57.54	7.32	0.00	0.00	2000
73	6.48	1123	2095	0.00	193	0	0	0	nan	0.00	0.00	3.60	89.68	93.52	0.00	37	0	42	0.00	0.00	59.18	7.65	0.00	0.00	2000
73	6.50	1116	2112	0.00	194	0	0	0	nan	0.00	0.00	3.70	90.28	93.50	0.00	37	0	42	0.00	0.00	57.89	7.36	0.00	0.00	2000
72	6.50	1104	2100	0.00	193	0	0	0	nan	0.01	0.00	3.78	89.78	93.50	0.00	37	0	43	0.00	0.00	57.80	7.62	0.00	0.00	2000
73	6.43	1134	2094	0.00	193	0	0	0	nan	0.00	0.00	3.46	89.87	93.57	0.00	37	0	42	0.00	0.00	57.88	7.48	0.00	0.00	2000
72	6.41	1125	2107	0.00	194	0	0	0	nan	0.00	0.00	3.75	90.20	93.59	0.00	37	0	42	0.00	0.00	57.78	7.54	0.00	0.00	2000
74	6.42	1152	2103	0.00	193	0	0	0	nan	0.00	0.00	3.36	90.39	93.58	0.00	37	0	42	0.00	0.00	58.20	7.37	0.00	0.00	2000
77	6.80	1152	2070	0.00	197	0	0	0	nan	0.00	0.02	6.83	85.05	93.20	0.00	37	0	42	0.00	0.00	56.45	7.39	0.00	0.00	2000
74	6.98	1051	2115	0.00	212	0	0	0	nan	0.00	0.00	2.67	91.07	93.02	0.00	37	0	42	0.00	0.00	60.41	7.59	0.00	0.00	2000
72	6.32	1134	2104	0.00	210	0	0	1	89.57	0.00	0.00	2.88	90.92	93.68	0.00	37	0	42	0.00	0.00	57.62	7.80	0.00	0.00	2000
73	6.51	1117	2099	0.07	193	0	0	1	87.59	0.00	0.02	3.62	89.78	93.49	0.00	37	0	42	0.00	0.00	57.54	7.49	0.00	0.00	2000
72	6.43	1121	2108	0.00	193	0	0	0	nan	0.00	0.00	3.72	90.21	93.57	0.00	36	0	42	0.00	0.00	58.47	7.55	0.00	0.00	2000
147	8.74	1709	2061	0.00	206	0	0	0	nan	0.00	0.52	5.20	83.93	91.26	0.00	38	0	42	0.00	0.00	56.68	7.03	0.00	0.00	2000
235	11.15	2059	2148	0.00	198	0	0	0	nan	0.00	0.00	6.72	84.26	88.85	0.00	39	0	43	0.00	0.00	69.03	8.13	0.00	0.00	2000
230	11.02	2087	2096	0.00	198	0	0	0	nan	0.00	0.00	5.27	83.66	88.98	0.00	40	0	42	0.00	0.00	62.12	7.28	0.00	0.00	2000
227	11.15	2069	2069	0.00	203	0	0	0	nan	0.00	0.00	5.41	82.22	88.85	0.00	39	0	42	0.00	0.00	63.25	7.48	0.00	0.00	2000
235	11.17	2087	2115	0.00	198	0	0	0	nan	0.00	0.01	6.58	82.96	88.83	0.00	38	0	43	0.00	0.00	65.16	7.52	0.00	0.00	2000
233	11.18	2064	2119	0.00	199	0	0	0	nan	0.00	0.04	5.10	84.58	88.82	0.00	37	0	42	0.00	0.00	66.38	8.07	0.00	0.00	2000
231	11.02	2098	2097	0.00	198	0	0	0	nan	0.00	0.00	4.50	84.46	88.98	0.00	37	0	42	0.00	0.00	67.04	7.97	0.00	0.00	2000
228	10.93	2080	2103	0.00	203	0	0	0	nan	0.00	0.02	3.46	85.74	89.07	0.00	38	0	42	0.00	0.00	66.45	7.89	0.00	0.00	2000
234	11.20	2086	2099	0.00	205	0	0	0	nan	0.00	0.00	4.11	84.73	88.80	0.00	39	0	42	0.00	0.00	66.16	7.86	0.00	0.00	2000
228	10.97	2084	2096	0.00	214	0	0	0	nan	0.00	0.02	3.96	84.98	89.03	0.00	40	0	42	0.00	0.00	65.08	7.62	0.00	0.00	2000
226	10.87	2103	2077	0.00	202	0	0	0	nan	0.00	0.00	3.39	84.82	89.14	0.00	40	0	42	0.00	0.00	63.56	7.24	0.00	0.00	2000
233	11.15	2068	2125	0.00	204	0	0	0	nan	0.00	0.03	3.07	86.93	88.85	0.00	40	0	43	0.00	0.00	65.67	7.90	0.00	0.00	2000
227	10.89	2098	2087	0.00	203	0	0	0	nan	0.00	0.01	2.54	86.12	89.12	0.00	40	0	43	0.00	0.00	63.74	7.46	0.00	0.00	2000
233	11.01	2100	2113	0.00	230	0	0	0	nan	0.00	0.02	3.11	86.50	88.99	0.00	41	0	42	0.00	0.00	65.58	7.57	0.00	0.00	2000
225	10.74	2121	2073	0.00	203	0	0	4	94.32	0.00	0.02	3.73	84.47	89.26	0.00	40	0	42	0.00	0.00	61.41	7.16	0.00	0.00	2000
232	10.96	2090	2126	0.58	203	0	0	13	81.88	0.01	0.01	2.47	87.76	89.04	0.00	41	0	42	0.00	0.00	65.13	7.82	0.00	0.00	2000
231	10.84	2135	2099	0.00	207	0	0	0	nan	0.00	0.02	4.86	84.28	89.16	0.00	41	0	42	0.00	0.00	64.46	7.39	0.00	0.00	2000
231	11.27	2067	2083	0.00	204	0	0	0	nan	0.00	0.01	3.63	84.55	88.73	0.00	40	0	42	0.00	0.00	64.27	7.46	0.00	0.00	2000
231	11.32	2091	2051	0.00	225	0	0	0	nan	0.00	0.03	4.40	82.25	88.68	0.00	39	0	42	0.00	0.00	62.96	7.53	0.00	0.00	2000
234	10.94	2092	2148	0.00	216	0	0	0	nan	0.00	0.00	6.07	85.10	89.06	0.00	38	0	42	0.00	0.00	66.72	7.72	0.00	0.00	2000
236	11.56	2059	2082	0.00	222	1	0	0	nan	0.00	0.00	6.15	81.64	88.44	0.00	38	0	43	0.00	0.00	66.19	7.71	0.00	0.00	2000
227	10.92	2045	2131	0.00	217	0	0	0	nan	0.00	0.02	6.70	83.82	89.08	0.00	38	0	42	0.00	0.00	66.28	8.11	0.00	0.00	2000
230	11.21	2071	2080	0.00	203	0	0	0	nan	0.00	0.00	5.79	82.28	88.79	0.00	38	0	42	0.00	0.00	63.13	7.78	0.00	0.00	2000
233	11.21	2059	2122	0.00	198	0	0	0	nan	0.00	0.00	4.77	85.17	88.79	0.00	38	0	42	0.00	0.00	65.51	7.91	0.00	0.00	2000
232	11.09	2086	2105	0.00	199	0	0	0	nan	0.01	0.01	4.53	84.69	88.91	0.00	38	0	42	0.00	0.00	64.72	7.92	0.00	0.00	2000
229	11.04	2088	2084	0.00	199	0	0	0	nan	0.00	0.07	2.57	85.84	88.96	0.00	38	0	43	0.00	0.00	65.08	7.90	0.00	0.00	2000
234	11.11	2105	2103	0.00	198	0	0	0	nan	0.00	1.06	2.44	85.67	88.89	0.00	38	0	43	0.00	0.00	63.98	7.98	0.00	0.00	2000
232	11.12	2082	2105	0.00	208	0	0	0	nan	0.00	0.00	3.69	85.51	88.88	0.00	38	0	42	0.00	0.00	65.29	8.13	0.00	0.00	2000
228	11.15	2073	2070	0.00	198	0	0	0	nan	0.01	0.00	5.47	82.27	88.85	0.00	38	0	43	0.00	0.00	61.40	7.62	0.00	0.00	2000
227	11.09	2052	2097	0.00	215	0	0	0	nan	0.00	0.00	4.90	83.97	88.91	0.00	39	0	42	0.00	0.00	64.42	7.58	0.00	0.00	2000
234	10.76	2133	2138	0.00	214	0	0	0	nan	0.00	0.00	5.39	85.48	89.24	0.00	39	0	42	0.00	0.00	68.28	7.98	0.00	0.00	2000
231	11.14	2063	2112	0.26	197	0	0	5	58.83	0.00	0.03	4.15	85.38	88.86	0.00	38	0	43	0.00	0.00	66.11	7.86	0.00	0.00	2000
230	11.24	2047	2102	0.50	194	0	0	4	69.54	0.00	0.00	3.12	85.89	88.76	0.00	39	0	42	0.00	0.00	64.03	7.70	0.00	0.00	2000
225	11.20	2039	2070	0.00	194	0	0	0	nan	0.00	0.00	3.27	84.28	88.80	0.00	39	0	43	0.00	0.00	63.15	7.36	0.00	0.00	2000
228	11.13	2056	2093	0.00	195	0	0	0	nan	0.00	0.00	3.21	85.52	88.87	0.00	39	0	42	0.00	0.00	62.61	7.34	0.00	0.00	2000
232	11.00	2083	2123	0.00	212	0	0	0	nan	0.00	0.00	3.26	86.70	89.00	0.00	39	0	42	0.00	0.00	66.10	7.83	0.00	0.00	2000
228	10.93	2089	2096	0.00	197	0	0	0	nan	0.00	0.00	2.73	86.29	89.07	0.00	39	0	43	0.00	0.00	63.91	7.51	0.00	0.00	2000
228	10.90	2091	2104	0.00	194	0	0	0	nan	0.00	0.00	3.24	86.13	89.10	0.00	39	0	43	0.00	0.00	62.60	7.33	0.00	0.00	2000
224	10.78	2098	2083	0.00	211	0	0	0	nan	0.00	0.02	3.46	85.07	89.22	0.00	39	0	42	0.00	0.00	67.15	7.90	0.00	0.00	2000
223	11.06	2028	2090	0.00	194	0	0	0	nan	0.00	0.00	2.46	86.12	88.94	0.00	39	0	42	0.00	0.00	61.57	7.03	0.00	0.00	2000
236	11.04	2094	2139	0.00	211	0	0	0	nan	0.00	0.04	2.26	88.37	88.96	0.00	39	0	42	0.00	0.00	69.32	7.97	0.00	0.00	2000
226	11.26	2006	2101	0.00	194	0	0	0	nan	0.00	0.00	2.88	85.98	88.74	0.00	39	0	42	0.00	0.00	63.48	7.46	0.00	0.00	2000
228	11.20	2037	2101	0.00	194	0	0	0	nan	0.00	0.02	3.80	85.20	88.80	0.00	39	0	42	0.00	0.00	64.71	7.65	0.00	0.00	2000
228	10.76	2116	2104	0.00	194	0	0	0	nan	0.00	0.02	3.13	86.34	89.24	0.00	39	0	42	0.00	0.00	64.06	7.53	0.00	0.00	2000
230	10.99	2091	2100	0.00	194	0	0	0	nan	0.00	0.00	3.29	85.75	89.01	0.00	39	0	42	0.00	0.00	65.01	7.79	0.00	0.00	2000
226	11.04	2084	2060	0.00	195	0	0	0	nan	0.00	0.02	3.84	83.46	88.96	0.00	38	0	42	0.00	0.00	60.58	7.39	0.00	0.00	2000
231	10.93	2095	2115	0.00	195	0	0	0	nan	0.00	0.00	3.69	86.09	89.07	0.00	39	0	42	0.00	0.00	65.77	7.78	0.00	0.00	2000
221	10.78	2077	2071	0.00	211	0	0	0	nan	0.00	0.00	2.86	85.23	89.22	0.00	39	0	42	0.00	0.00	62.79	7.40	0.00	0.00	2000
228	11.09	2047	2106	0.55	210	0	0	13	81.35	0.00	0.05	2.33	86.96	88.91	0.00	39	0	43	0.00	0.00	64.79	7.83	0.00	0.00	2000
232	11.18	2062	2109	0.19	214	0	0	0	nan	0.00	0.02	3.05	86.27	88.82	0.00	39	0	42	0.00	0.00	64.72	7.63	0.00	0.00	2000
233	11.20	2039	2143	0.00	211	0	0	0	nan	0.00	0.02	3.19	87.59	88.81	0.00	39	0	42	0.00	0.00	68.47	8.03	0.00	0.00	2000
221	11.21	2017	2049	0.00	194	0	0	0	nan	0.00	0.00	2.91	83.92	88.79	0.00	39	0	43	0.00	0.00	58.37	7.41	0.00	0.00	2000
233	11.11	2068	2131	0.00	211	0	0	0	nan	0.00	0.00	2.83	87.42	88.89	0.00	39	0	42	0.00	0.00	65.93	7.79	0.00	0.00	2000
222	11.06	2038	2073	0.00	210	0	0	0	nan	0.00	0.01	2.58	85.40	88.94	0.00	39	0	42	0.00	0.00	63.35	7.59	0.00	0.00	2000
227	10.94	2072	2101	0.00	211	0	0	0	nan	0.00	0.00	2.76	86.51	89.06	0.00	39	0	43	0.00	0.00	64.55	7.51	0.00	0.00	2000
228	11.07	2047	2108	0.00	214	0	0	0	nan	0.00	0.02	3.21	86.20	88.93	0.00	39	0	42	0.00	0.00	64.61	7.54	0.00	0.00	2000
228	11.04	2069	2096	0.00	211	0	0	0	nan	0.00	0.02	2.16	86.79	88.96	0.00	39	0	43	0.00	0.00	64.40	7.45	0.00	0.00	2000
227	10.99	2050	2118	0.00	210	0	0	0	nan	0.00	0.00	2.16	87.72	89.01	0.00	39	0	42	0.00	0.00	65.04	7.79	0.00	0.00	2000
230	10.96	2071	2125	0.00	211	0	0	0	nan	0.00	0.01	3.12	87.05	89.04	0.00	39	0	42	0.00	0.00	67.39	8.09	0.00	0.00	2000
225	11.01	2057	2084	0.00	194	0	0	0	nan	0.00	0.01	3.12	85.16	88.99	0.00	39	0	42	0.00	0.00	63.59	7.53	0.00	0.00	2000
228	10.78	2127	2087	0.00	211	0	0	0	nan	0.00	0.02	3.91	84.85	89.22	0.00	39	0	42	0.00	0.00	61.77	7.36	0.00	0.00	2000
235	11.38	2053	2114	0.00	196	0	0	0	nan	0.00	0.00	3.11	86.23	88.62	0.00	39	0	43	0.00	0.00	67.52	7.95	0.00	0.00	2000
225	11.03	2059	2084	0.00	213	0	0	0	nan	0.00	0.00	3.15	85.22	88.97	0.00	39	0	42	0.00	0.00	61.39	7.26	0.00	0.00	2000
232	10.99	2075	2132	0.00	194	0	0	0	nan	0.00	0.00	2.82	87.66	89.01	0.00	39	0	42	0.00	0.00	68.74	8.11	0.00	0.00	2000
226	11.14	2058	2068	0.36	195	0	0	8	57.54	0.00	0.00	3.96	83.63	88.86	0.00	39	0	43	0.00	0.00	63.48	7.82	0.00	0.00	2000
235	11.04	2095	2137	0.83	194	0	0	3	90.06	0.00	0.00	3.19	87.38	88.96	0.00	39	0	43	0.00	0.00	66.28	7.84	0.00	0.00	2000
227	11.22	2030	2095	0.00	195	0	0	0	nan	0.00	0.00	3.65	85.01	88.78	0.00	39	0	42	0.00	0.00	64.40	7.57	0.00	0.00	2000
226	10.95	2080	2088	0.00	194	0	0	0	nan	0.00	0.00	2.61	86.00	89.05	0.00	39	0	42	0.00	0.00	61.92	7.19	0.00	0.00	2000
229	10.93	2078	2115	0.00	211	0	0	0	nan	0.00	0.00	3.21	86.59	89.07	0.00	39	0	42	0.00	0.00	67.36	7.78	0.00	0.00	2000
229	11.01	2077	2102	0.00	194	0	0	0	nan	0.00	0.00	2.64	86.43	88.99	0.00	39	0	42	0.00	0.00	64.75	7.58	0.00	0.00	2000
223	10.94	2067	2070	0.00	195	0	0	0	nan	0.00	0.00	3.45	84.43	89.06	0.00	39	0	42	0.00	0.00	60.09	7.20	0.00	0.00	2000
229	11.08	2057	2113	0.00	194	0	0	0	nan	0.00	0.02	2.10	87.48	88.92	0.00	39	0	43	0.00	0.00	65.38	7.71	0.00	0.00	2000
226	10.86	2072	2110	0.00	210	0	0	0	nan	0.00	0.00	3.10	86.54	89.14	0.00	39	0	43	0.00	0.00	66.98	7.82	0.00	0.00	2000
228	11.17	2043	2102	0.00	195	0	0	0	nan	0.00	0.00	3.20	85.87	88.83	0.00	39	0	42	0.00	0.00	64.47	7.67	0.00	0.00	2000
225	11.07	2051	2080	0.00	194	0	0	0	nan	0.00	0.02	3.13	85.01	88.93	0.00	39	0	42	0.00	0.00	63.69	7.45	0.00	0.00	2000
226	11.20	2020	2099	0.00	213	0	0	0	nan	0.00	0.02	4.91	83.94	88.80	0.00	39	0	43	0.00	0.00	61.90	7.35	0.00	0.00	2000
231	11.16	2046	2126	0.00	195	0	0	0	nan	0.00	0.00	3.11	86.97	88.84	0.00	39	0	43	0.00	0.00	68.10	8.15	0.00	0.00	2000
228	11.30	2015	2099	0.00	194	0	0	0	nan	0.00	0.02	3.86	84.89	88.70	0.00	39	0	42	0.00	0.00	64.33	7.66	0.00	0.00	2000
227	11.02	2083	2081	0.00	195	0	0	0	nan	0.00	0.02	4.36	83.78	88.98	0.00	39	0	43	0.00	0.00	63.46	7.59	0.00	0.00	2000
225	11.10	2035	2095	0.00	210	0	0	0	nan	0.00	0.02	3.59	85.19	88.90	0.00	39	0	42	0.00	0.00	61.90	7.32	0.00	0.00	2000
230	10.96	2079	2116	0.00	194	0	0	0	nan	0.00	0.02	2.60	87.22	89.04	0.00	39	0	43	0.00	0.00	67.25	8.04	0.00	0.00	2000
227	10.87	2078	2112	0.46	210	0	0	4	93.33	0.00	0.02	2.57	87.09	89.13	0.00	39	0	42	0.00	0.00	64.29	7.60	0.00	0.00	2000
227	11.03	2092	2063	0.32	196	0	0	0	88.75	0.00	0.01	3.88	83.61	88.97	0.00	39	0	42	0.00	0.00	61.32	7.17	0.00	0.00	2000
227	11.10	2036	2114	0.00	210	0	0	0	nan	0.00	0.00	2.35	87.25	88.90	0.00	39	0	43	0.00	0.00	66.53	7.87	0.00	0.00	2000
226	11.13	2035	2093	0.00	194	0	0	0	nan	0.00	0.00	2.81	85.86	88.87	0.00	39	0	42	0.00	0.00	63.85	7.67	0.00	0.00	2000
229	10.64	2143	2113	0.00	194	0	0	0	nan	0.01	0.00	2.06	87.93	89.36	0.00	39	0	43	0.00	0.00	64.37	7.97	0.00	0.00	2000
232	10.93	2105	2119	0.00	195	0	0	0	nan	0.00	0.00	3.77	86.16	89.07	0.00	39	0	42	0.00	0.00	66.68	8.45	0.00	0.00	2000
229	11.19	2048	2096	0.00	195	0	0	0	nan	0.00	0.00	3.69	85.00	88.81	0.00	39	0	43	0.00	0.00	64.38	7.87	0.00	0.00	2000
229	11.02	2071	2103	0.00	194	0	0	0	nan	0.00	0.00	3.22	85.98	88.98	0.00	39	0	42	0.00	0.00	64.38	7.69	0.00	0.00	2000
228	10.99	2076	2098	0.00	194	0	0	0	nan	0.00	0.00	3.68	85.36	89.01	0.00	39	0	42	0.00	0.00	65.92	7.93	0.00	0.00	2000
230	11.10	2071	2101	0.00	195	0	0	0	nan	0.00	0.02	4.35	84.62	88.90	0.00	39	0	43	0.00	0.00	64.85	7.86	0.00	0.00	2000
224	10.78	2100	2075	0.00	194	0	0	0	nan	0.00	0.00	3.89	84.34	89.22	0.00	39	0	42	0.00	0.00	63.44	7.62	0.00	0.00	2000
234	11.06	2094	2123	0.00	195	0	0	0	nan	0.01	0.00	3.36	86.59	88.94	0.00	39	0	43	0.00	0.00	66.77	8.35	0.00	0.00	2000
225	11.02	2054	2086	0.00	194	0	0	0	nan	0.00	0.02	3.79	84.73	88.98	0.00	40	0	42	0.00	0.00	64.99	7.77	0.00	0.00	2000
229	11.38	2029	2085	0.00	195	0	0	0	nan	0.00	0.00	3.98	84.08	88.62	0.00	40	0	42	0.00	0.00	62.45	7.52	0.00	0.00	2000
227	11.13	2048	2095	0.00	196	0	0	0	nan	0.00	0.04	2.25	86.51	88.87	0.00	40	0	42	0.00	0.00	65.49	7.74	0.00	0.00	2000
234	11.11	2067	2137	0.00	211	0	0	0	nan	0.00	0.00	3.71	86.81	88.89	0.00	40	0	42	0.00	0.00	66.45	7.69	0.00	0.00	2000
227	11.04	2063	2096	0.00	194	0	0	0	nan	0.00	0.00	3.49	85.35	88.96	0.00	40	0	42	0.00	0.00	62.03	7.83	0.00	0.00	2000
227	10.98	2089	2081	0.94	195	0	0	5	28.42	0.00	0.00	3.70	84.60	89.02	0.00	40	0	42	0.00	0.00	64.47	7.65	0.00	0.00	2000
229	11.04	2053	2122	0.38	194	0	0	0	nan	0.00	0.01	2.61	87.38	88.96	0.00	39	0	42	0.00	0.00	65.28	7.60	0.00	0.00	2000
230	11.33	2027	2100	0.00	195	0	0	0	nan	0.00	0.00	3.14	85.62	88.67	0.00	40	0	42	0.00	0.00	65.79	8.42	0.00	0.00	2000
224	11.04	2056	2074	0.00	197	0	0	0	nan	0.00	0.02	3.47	84.47	88.96	0.00	40	0	43	0.00	0.00	63.29	7.65	0.00	0.00	2000
231	11.15	2063	2105	0.00	195	0	0	0	nan	0.00	0.02	3.34	85.73	88.85	0.00	40	0	43	0.00	0.00	62.99	7.29	0.00	0.00	2000
230	11.27	2020	2120	0.00	211	0	0	0	nan	0.00	0.05	3.45	86.21	88.73	0.00	40	0	43	0.00	0.00	68.88	7.97	0.00	0.00	2000
226	10.83	2095	2090	0.00	194	0	0	0	nan	0.00	0.01	3.48	85.35	89.17	0.00	40	0	42	0.00	0.00	62.40	7.44	0.00	0.00	2000
224	10.95	2067	2076	0.00	194	0	0	0	nan	0.00	0.00	4.35	83.77	89.05	0.00	40	0	43	0.00	0.00	63.89	7.73	0.00	0.00	2000
231	10.89	2100	2116	0.00	195	0	0	0	nan	0.01	0.00	3.48	86.42	89.11	0.00	39	0	42	0.00	0.00	65.14	7.61	0.00	0.00	2000
232	11.16	2055	2124	0.00	196	0	0	0	nan	0.00	0.03	2.86	87.07	88.84	0.00	40	0	42	0.00	0.00	66.86	8.57	0.00	0.00	2000
228	11.02	2070	2096	0.00	193	0	0	0	nan	0.00	0.02	2.94	85.97	88.98	0.00	40	0	42	0.00	0.00	64.55	7.63	0.00	0.00	2000
228	10.98	2078	2098	0.00	194	0	0	0	nan	0.00	0.02	3.01	86.02	89.02	0.00	40	0	42	0.00	0.00	64.88	7.77	0.00	0.00	2000
230	11.03	2082	2102	0.00	196	0	0	0	nan	0.00	0.00	3.32	85.85	88.97	0.00	40	0	43	0.00	0.00	65.12	7.59	0.00	0.00	2000
227	11.09	2050	2098	0.00	197	0	0	0	nan	0.00	0.00	3.07	85.81	88.91	0.00	40	0	43	0.00	0.00	63.00	7.52	0.00	0.00	2000
225	11.11	2063	2065	0.00	194	0	0	0	nan	0.00	0.01	3.42	84.08	88.89	0.00	40	0	43	0.00	0.00	64.23	7.58	0.00	0.00	2000
231	10.98	2069	2133	0.00	194	0	0	0	nan	0.01	0.00	2.18	88.41	89.02	0.00	40	0	43	0.00	0.00	64.17	7.49	0.00	0.00	2000
226	10.93	2085	2079	0.00	194	0	0	0	nan	0.00	0.02	2.41	85.93	89.07	0.00	40	0	42	0.00	0.00	63.61	8.11	0.00	0.00	2000
233	11.18	2059	2121	0.92	214	0	0	6	30.46	0.00	0.00	4.74	85.03	88.82	0.00	40	0	42	0.00	0.00	68.78	8.13	0.00	0.00	2000
230	11.22	2046	2103	0.58	196	0	0	0	nan	0.00	0.00	3.96	85.08	88.78	0.00	40	0	43	0.00	0.00	64.26	7.50	0.00	0.00	2000
223	10.86	2086	2064	0.00	194	0	0	0	nan	0.00	0.01	3.30	84.33	89.14	0.00	40	0	43	0.00	0.00	63.13	7.51	0.00	0.00	2000
230	11.08	2054	2120	0.00	194	0	0	0	nan	0.00	0.03	3.21	86.57	88.92	0.00	40	0	42	0.00	0.00	63.24	7.40	0.00	0.00	2000
227	10.86	2084	2101	0.00	195	0	0	0	nan	0.00	0.00	3.23	86.09	89.14	0.00	40	0	42	0.00	0.00	65.57	7.50	0.00	0.00	2000
231	11.03	2089	2109	0.00	194	0	0	0	nan	0.00	0.01	3.28	86.13	88.97	0.00	39	0	42	0.00	0.00	63.65	7.53	0.00	0.00	2000
229	11.08	2070	2099	0.00	212	0	0	0	nan	0.00	0.00	4.91	84.00	88.92	0.00	39	0	42	0.00	0.00	68.15	8.03	0.00	0.00	2000
228	11.15	2044	2106	0.00	194	0	0	0	nan	0.00	0.00	3.59	85.63	88.85	0.00	39	0	42	0.00	0.00	64.67	7.41	0.00	0.00	2000
223	10.81	2096	2065	0.00	195	0	0	0	nan	0.00	0.00	4.09	83.72	89.19	0.00	40	0	43	0.00	0.00	63.20	7.59	0.00	0.00	2000
233	11.04	2074	2138	0.00	194	0	0	0	nan	0.00	0.00	3.30	87.31	88.96	0.00	39	0	43	0.00	0.00	63.53	7.59	0.00	0.00	2000
227	11.26	2015	2102	0.00	194	0	0	0	nan	0.00	0.02	3.21	85.77	88.74	0.00	40	0	42	0.00	0.00	67.58	7.52	0.00	0.00	2000
230	11.17	2060	2094	0.00	194	0	0	0	nan	0.00	0.00	3.32	85.30	88.83	0.00	40	0	42	0.00	0.00	64.07	7.83	0.00	0.00	2000
228	11.26	2023	2101	0.00	195	0	0	0	nan	0.00	0.02	3.36	85.62	88.74	0.00	40	0	42	0.00	0.00	60.19	7.28	0.00	0.00	2000
228	11.24	2050	2081	0.00	193	0	0	0	nan	0.00	0.00	3.03	85.07	88.76	0.00	40	0	42	0.00	0.00	63.69	7.11	0.00	0.00	2000
223	10.92	2047	2093	0.00	210	0	0	0	nan	0.00	0.00	3.30	85.54	89.08	0.00	40	0	43	0.00	0.00	66.25	7.62	0.00	0.00	2000
232	10.92	2107	2116	0.00	195	0	0	0	nan	0.00	0.00	3.52	86.33	89.08	0.00	40	0	42	0.00	0.00	65.25	7.62	0.00	0.00	2000
231	11.40	2042	2089	0.00	195	0	0	0	nan	0.00	0.00	3.99	84.20	88.61	0.00	40	0	42	0.00	0.00	63.25	7.41	0.00	0.00	2000
228	10.85	2105	2100	1.18	210	0	0	5	59.93	0.00	0.01	3.43	85.76	89.15	0.00	40	0	43	0.00	0.00	64.22	7.59	0.00	0.00	2000
224	11.01	2036	2095	0.21	211	0	0	0	nan	0.00	0.00	3.33	85.51	88.99	0.00	40	0	42	0.00	0.00	66.38	7.75	0.00	0.00	2000
231	11.42	2017	2109	0.00	194	0	0	0	nan	0.00	0.02	2.80	86.30	88.58	0.00	40	0	42	0.00	0.00	62.83	7.43	0.00	0.00	2000
231	11.03	2078	2118	0.00	215	0	0	0	nan	0.00	0.00	5.09	84.74	88.97	0.00	40	0	42	0.00	0.00	67.58	8.03	0.00	0.00	2000
226	10.89	2088	2089	0.00	195	0	0	0	nan	0.00	0.00	4.13	84.70	89.11	0.00	40	0	42	0.00	0.00	61.12	7.16	0.00	0.00	2000
224	11.11	2035	2084	0.00	194	0	0	0	nan	0.00	0.00	3.18	85.15	88.89	0.00	39	0	42	0.00	0.00	67.30	8.03	0.00	0.00	2000
231	11.12	2067	2111	0.00	194	0	0	0	nan	0.00	0.02	2.45	87.04	88.88	0.00	40	0	43	0.00	0.00	62.17	7.24	0.00	0.00	2000
224	10.92	2067	2081	0.00	210	0	0	0	nan	0.00	0.00	4.14	84.29	89.08	0.00	40	0	43	0.00	0.00	65.70	7.78	0.00	0.00	2000
232	11.36	2023	2118	0.00	195	0	0	0	nan	0.00	0.00	2.61	86.96	88.64	0.00	40	0	42	0.00	0.00	63.40	7.40	0.00	0.00	2000
223	10.71	2098	2086	0.00	210	0	0	0	nan	0.00	0.00	3.79	85.05	89.29	0.00	40	0	42	0.00	0.00	65.58	7.72	0.00	0.00	2000
234	11.10	2072	2137	0.00	194	0	0	0	nan	0.00	0.02	3.45	87.14	88.90	0.00	40	0	43	0.00	0.00	65.58	7.86	0.00	0.00	2000
229	11.05	2117	2058	0.00	196	0	0	0	nan	0.00	0.02	3.76	83.44	88.95	0.00	40	0	43	0.00	0.00	63.30	7.53	0.00	0.00	2000
230	11.12	2081	2086	0.00	196	0	0	0	nan	0.00	0.02	3.87	84.51	88.88	0.00	40	0	43	0.00	0.00	59.60	7.29	0.00	0.00	2000
225	10.97	2060	2093	0.00	210	0	0	0	nan	0.00	0.04	2.26	86.53	89.03	0.00	40	0	42	0.00	0.00	66.51	7.47	0.00	0.00	2000
234	11.05	2075	2140	0.00	211	0	0	0	nan	0.00	0.02	2.76	87.99	88.95	0.00	40	0	42	0.00	0.00	66.08	7.74	0.00	0.00	2000
223	11.03	2062	2060	0.00	212	0	0	0	nan	0.00	0.00	4.07	83.19	88.97	0.00	40	0	43	0.00	0.00	62.77	7.31	0.00	0.00	2000
227	11.05	2056	2103	0.16	210	0	0	4	73.51	0.00	0.02	3.00	86.19	88.95	0.00	40	0	43	0.00	0.00	64.26	7.52	0.00	0.00	2000
235	10.94	2079	2165	1.22	210	0	0	3	79.20	0.00	0.01	3.08	88.79	89.06	0.00	40	0	42	0.00	0.00	69.73	8.03	0.00	0.00	2000
224	11.07	2065	2058	0.00	194	0	0	0	nan	0.00	0.00	2.89	84.34	88.93	0.00	40	0	42	0.00	0.00	60.91	7.12	0.00	0.00	2000
230	11.02	2068	2115	0.00	212	0	0	0	nan	0.00	0.01	2.85	86.88	88.98	0.00	40	0	43	0.00	0.00	67.22	7.64	0.00	0.00	2000
232	11.30	2047	2104	0.00	195	0	0	0	nan	0.00	0.00	3.23	85.71	88.70	0.00	41	0	43	0.00	0.00	62.61	7.36	0.00	0.00	2000
229	10.85	2088	2122	0.00	211	0	0	0	nan	0.00	0.00	3.02	87.17	89.15	0.00	40	0	43	0.00	0.00	64.77	7.56	0.00	0.00	2000
221	11.07	2048	2045	0.00	195	0	0	0	nan	0.00	0.00	3.07	83.59	88.93	0.00	39	0	43	0.00	0.00	63.08	7.37	0.00	0.00	2000
235	11.06	2088	2136	0.00	214	0	0	0	nan	0.00	0.02	2.97	87.61	88.94	0.00	40	0	42	0.00	0.00	66.48	7.75	0.00	0.00	2000
224	10.78	2084	2095	0.00	212	0	0	0	nan	0.00	0.03	3.88	85.17	89.22	0.00	40	0	43	0.00	0.00	63.33	7.51	0.00	0.00	2000
225	11.11	2054	2071	0.00	194	0	0	0	nan	0.00	0.00	2.69	85.03	88.89	0.00	40	0	42	0.00	0.00	62.03	7.52	0.00	0.00	2000
232	10.92	2089	2135	0.00	211	0	0	0	nan	0.00	0.00	2.74	87.89	89.08	0.00	40	0	42	0.00	0.00	70.05	7.86	0.00	0.00	2000
229	11.20	2040	2100	0.00	212	0	0	0	nan	0.00	0.01	4.24	84.69	88.80	0.00	40	0	43	0.00	0.00	62.09	7.30	0.00	0.00	2000
231	11.07	2064	2124	0.00	194	0	0	0	nan	0.00	0.00	3.26	86.81	88.93	0.00	40	0	43	0.00	0.00	65.15	7.68	0.00	0.00	2000
230	11.17	2077	2085	0.00	199	1	0	0	nan	0.00	0.00	5.37	82.95	88.83	0.00	40	0	42	0.00	0.00	64.07	7.54	0.00	0.00	2000
233	11.39	2054	2090	0.00	211	0	0	0	nan	0.00	0.02	6.90	81.34	88.61	0.00	40	0	43	0.00	0.00	65.23	7.46	0.00	0.00	2000
226	10.85	2075	2105	0.00	211	0	0	0	nan	0.00	0.00	3.88	85.54	89.15	0.00	40	0	42	0.00	0.00	63.49	7.27	0.00	0.00	2000
236	11.29	2067	2127	0.00	195	0	0	0	nan	0.00	0.00	2.70	87.24	88.71	0.00	40	0	42	0.00	0.00	65.91	7.72	0.00	0.00	2000
223	10.75	2121	2057	1.09	195	0	0	5	68.94	0.00	0.00	3.59	83.87	89.25	0.00	40	0	42	0.00	0.00	62.83	7.43	0.00	0.00	2000
232	11.12	2072	2116	0.36	195	0	0	0	nan	0.00	0.00	3.01	86.63	88.88	0.00	40	0	43	0.00	0.00	65.66	7.62	0.00	0.00	2000
223	10.96	2044	2089	0.00	209	0	0	0	nan	0.00	0.00	3.25	85.40	89.04	0.00	40	0	42	0.00	0.00	63.26	7.40	0.00	0.00	2000
234	11.13	2091	2109	0.00	197	0	0	0	nan	0.00	0.00	2.73	86.50	88.87	0.00	40	0	43	0.00	0.00	66.02	7.65	0.00	0.00	2000
224	10.50	2144	2089	0.00	210	0	0	0	nan	0.00	0.02	4.14	84.89	89.50	0.00	40	0	43	0.00	0.00	63.33	7.44	0.00	0.00	2000
227	11.22	2034	2092	0.00	194	0	0	0	nan	0.00	0.00	3.01	85.57	88.78	0.00	40	0	42	0.00	0.00	62.45	7.51	0.00	0.00	2000
226	11.00	2055	2098	0.00	210	0	0	0	nan	0.00	0.01	2.57	86.34	89.00	0.00	40	0	43	0.00	0.00	66.84	7.60	0.00	0.00	2000
229	10.99	2083	2104	0.00	211	0	0	0	nan	0.00	0.02	2.85	86.43	89.01	0.00	40	0	43	0.00	0.00	64.52	7.75	0.00	0.00	2000
226	11.01	2061	2095	0.00	210	0	0	0	nan	0.00	0.02	2.60	86.27	88.99	0.00	40	0	43	0.00	0.00	64.33	7.57	0.00	0.00	2000
231	11.10	2067	2118	0.00	211	0	0	0	nan	0.00	0.01	4.16	85.61	88.90	0.00	40	0	42	0.00	0.00	65.31	7.80	0.00	0.00	2000
228	10.89	2085	2109	0.00	214	0	0	0	nan	0.00	0.00	3.92	85.70	89.11	0.00	40	0	42	0.00	0.00	64.19	7.69	0.00	0.00	2000
227	11.17	2061	2068	0.00	194	0	0	0	nan	0.00	0.01	3.34	84.28	88.83	0.00	40	0	42	0.00	0.00	58.00	7.14	0.00	0.00	2000
233	11.17	2045	2146	0.00	212	0	0	0	nan	0.00	0.00	2.40	88.47	88.83	0.00	40	0	43	0.00	0.00	71.82	7.88	0.00	0.00	2000
230	11.02	2082	2102	0.00	193	0	0	0	nan	0.00	0.01	3.00	86.16	88.98	0.00	40	0	42	0.00	0.00	64.62	7.59	0.00	0.00	2000
229	11.00	2082	2103	0.00	195	0	0	0	nan	0.00	0.00	3.35	85.86	89.00	0.00	40	0	42	0.00	0.00	65.10	7.59	0.00	0.00	2000
227	10.96	2107	2066	0.00	195	0	0	0	nan	0.00	0.02	3.79	83.86	89.04	0.00	41	0	43	0.00	0.00	63.14	7.36	0.00	0.00	2000
231	10.86	2106	2125	0.00	196	0	0	4	74.47	0.00	0.00	3.90	86.41	89.14	0.00	40	0	43	0.00	0.00	65.33	7.74	0.00	0.00	2000
230	11.26	2054	2088	1.26	196	0	0	4	81.13	0.00	0.00	2.44	85.88	88.74	0.00	40	0	42	0.00	0.00	62.42	7.22	0.00	0.00	2000
228	11.07	2032	2126	0.00	210	0	0	0	nan	0.00	0.02	3.54	86.58	88.93	0.00	40	0	43	0.00	0.00	67.78	7.81	0.00	0.00	2000
229	11.22	2041	2097	0.00	195	0	0	0	nan	0.00	0.01	3.80	84.94	88.78	0.00	40	0	42	0.00	0.00	64.54	7.61	0.00	0.00	2000
225	11.10	2051	2072	0.00	195	0	0	0	nan	0.00	0.00	4.88	82.92	88.90	0.00	40	0	42	0.00	0.00	63.30	7.47	0.00	0.00	2000
227	11.13	2058	2077	0.00	194	0	0	0	nan	0.00	0.02	2.68	85.36	88.87	0.00	40	0	43	0.00	0.00	64.46	7.49	0.00	0.00	2000
229	10.72	2099	2138	0.00	211	0	0	0	nan	0.00	0.00	2.44	88.56	89.28	0.00	40	0	42	0.00	0.00	65.06	7.66	0.00	0.00	2000
232	11.26	2056	2102	0.00	195	0	0	0	nan	0.00	0.00	3.32	85.60	88.74	0.00	40	0	43	0.00	0.00	65.80	7.75	0.00	0.00	2000
228	10.87	2088	2105	0.00	211	0	0	0	nan	0.00	0.00	4.80	84.62	89.13	0.00	40	0	42	0.00	0.00	64.28	7.60	0.00	0.00	2000
223	11.10	2056	2057	0.00	194	0	0	0	nan	0.00	0.00	3.32	83.82	88.90	0.00	39	0	43	0.00	0.00	60.17	7.28	0.00	0.00	2000
229	11.17	2030	2124	0.00	210	0	0	0	nan	0.00	0.01	2.11	87.85	88.83	0.00	40	0	43	0.00	0.00	65.76	7.96	0.00	0.00	2000
229	11.03	2064	2109	0.00	211	0	0	0	nan	0.00	0.05	3.18	86.24	88.97	0.00	40	0	43	0.00	0.00	65.40	7.52	0.00	0.00	2000
226	10.99	2065	2089	0.00	211	0	0	0	nan	0.00	0.00	2.83	85.87	89.01	0.00	40	0	43	0.00	0.00	65.96	7.61	0.00	0.00	2000
234	11.44	2022	2122	0.00	196	0	0	0	nan	0.00	0.04	3.30	86.31	88.56	0.00	40	0	42	0.00	0.00	61.97	7.37	0.00	0.00	2000
223	11.05	2038	2076	0.00	211	0	0	0	nan	0.00	0.00	3.22	84.84	88.95	0.00	40	0	42	0.00	0.00	66.95	8.09	0.00	0.00	2000
228	11.14	2051	2093	0.00	195	0	0	0	nan	0.00	0.00	3.39	85.22	88.86	0.00	40	0	42	0.00	0.00	61.18	7.32	0.00	0.00	2000
229	11.16	2046	2103	0.00	211	0	0	0	nan	0.00	0.00	2.94	86.11	88.84	0.00	40	0	43	0.00	0.00	67.77	7.88	0.00	0.00	2000
228	11.05	2060	2103	1.13	194	0	0	5	66.79	0.00	0.02	3.72	85.46	88.95	0.00	40	0	43	0.00	0.00	62.46	7.26	0.00	0.00	2000
226	11.18	2031	2095	0.29	210	0	0	0	nan	0.00	0.00	3.61	85.15	88.82	0.00	40	0	42	0.00	0.00	66.64	7.96	0.00	0.00	2000
233	10.87	2107	2135	0.00	195	0	0	0	nan	0.00	0.00	3.95	86.75	89.13	0.00	40	0	43	0.00	0.00	64.75	7.56	0.00	0.00	2000
227	11.22	2049	2078	0.00	195	0	0	0	nan	0.00	0.00	2.74	85.21	88.78	0.00	40	0	43	0.00	0.00	62.62	7.37	0.00	0.00	2000
232	11.06	2057	2139	0.00	217	0	0	0	nan	0.00	0.02	3.37	87.35	88.94	0.00	40	0	42	0.00	0.00	68.49	8.11	0.00	0.00	2000
226	11.31	2005	2095	0.00	194	0	0	0	nan	0.00	0.00	4.00	84.53	88.69	0.00	40	0	42	0.00	0.00	62.44	7.57	0.00	0.00	2000
227	10.87	2102	2090	0.00	195	0	0	0	nan	0.00	0.01	4.04	84.71	89.13	0.00	40	0	43	0.00	0.00	65.58	7.68	0.00	0.00	2000
230	11.29	2030	2110	0.00	194	0	0	0	nan	0.00	0.01	3.59	85.67	88.71	0.00	40	0	43	0.00	0.00	63.97	7.73	0.00	0.00	2000
224	10.98	2081	2061	0.00	195	0	0	0	nan	0.00	0.00	3.26	84.22	89.02	0.00	41	0	42	0.00	0.00	64.98	7.68	0.00	0.00	2000
231	11.23	2041	2120	0.00	194	0	0	0	nan	0.00	0.00	2.66	87.02	88.77	0.00	40	0	43	0.00	0.00	61.85	7.35	0.00	0.00	2000
229	11.06	2061	2114	0.00	211	0	0	0	nan	0.00	0.00	3.34	86.33	88.94	0.00	40	0	43	0.00	0.00	66.27	7.72	0.00	0.00	2000
227	10.81	2104	2093	0.00	194	0	0	0	nan	0.00	0.00	4.08	84.85	89.19	0.00	40	0	42	0.00	0.00	66.92	7.81	0.00	0.00	2000
229	11.06	2057	2114	0.00	194	0	0	0	nan	0.00	0.00	3.52	86.01	88.94	0.00	40	0	43	0.00	0.00	62.08	7.51	0.00	0.00	2000
229	11.38	2041	2075	0.00	196	0	0	0	nan	0.00	0.02	3.06	84.59	88.62	0.00	40	0	42	0.00	0.00	63.03	7.55	0.00	0.00	2000
232	11.00	2082	2124	0.00	211	0	0	0	nan	0.00	0.02	4.24	85.81	89.00	0.00	40	0	42	0.00	0.00	67.65	7.91	0.00	0.00	2000
223	10.85	2093	2066	0.00	194	0	0	0	nan	0.00	0.00	4.00	83.82	89.15	0.00	40	0	43	0.00	0.00	65.23	7.70	0.00	0.00	2000
233	11.36	2037	2113	0.00	195	0	0	1	75.56	0.00	0.02	2.96	86.34	88.64	0.00	40	0	42	0.00	0.00	60.95	7.20	0.00	0.00	2000
227	10.97	2069	2098	1.39	212	0	0	6	69.21	0.00	0.02	4.18	84.91	89.03	0.00	40	0	43	0.00	0.00	66.45	7.72	0.00	0.00	2000
226	11.21	2044	2067	0.00	196	0	0	0	nan	0.00	0.00	3.01	84.48	88.79	0.00	40	0	43	0.00	0.00	61.06	7.27	0.00	0.00	2000
226	10.94	2064	2106	0.00	210	0	0	0	nan	0.00	0.02	2.54	86.86	89.06	0.00	40	0	43	0.00	0.00	64.50	7.44	0.00	0.00	2000
235	10.86	2099	2161	0.00	210	0	0	0	nan	0.00	0.00	3.08	88.74	89.14	0.00	40	0	43	0.00	0.00	69.22	8.02	0.00	0.00	2000
224	10.93	2094	2057	0.00	195	0	0	0	nan	0.00	0.01	3.29	83.98	89.07	0.00	40	0	43	0.00	0.00	60.21	6.97	0.00	0.00	2000
226	11.11	2049	2085	0.00	195	0	0	0	nan	0.00	0.02	3.14	85.18	88.89	0.00	40	0	43	0.00	0.00	64.60	7.77	0.00	0.00	2000
226	11.04	2044	2105	0.00	210	0	0	0	nan	0.00	0.00	2.04	87.23	88.96	0.00	40	0	42	0.00	0.00	64.32	7.75	0.00	0.00	2000
230	11.19	2029	2130	0.00	210	0	0	0	nan	0.00	0.00	2.21	87.96	88.81	0.00	40	0	43	0.00	0.00	67.24	7.94	0.00	0.00	2000
238	11.42	2069	2112	0.00	213	0	0	0	nan	0.00	0.01	3.68	85.59	88.58	0.00	40	0	43	0.00	0.00	62.96	7.33	0.00	0.00	2000
225	10.74	2124	2074	0.00	195	0	0	0	nan	0.00	0.00	4.28	83.96	89.26	0.00	40	0	43	0.00	0.00	66.16	7.65	0.00	0.00	2000
226	11.34	2003	2091	0.00	194	0	0	0	nan	0.00	0.02	2.77	85.72	88.66	0.00	40	0	43	0.00	0.00	61.51	7.36	0.00	0.00	2000
227	10.92	2080	2100	0.00	210	0	0	0	nan	0.00	0.02	2.40	86.67	89.08	0.00	40	0	43	0.00	0.00	64.33	7.67	0.00	0.00	2000
234	11.02	2078	2143	0.00	211	0	0	0	nan	0.00	0.03	3.49	87.40	88.98	0.00	40	0	43	0.00	0.00	68.79	8.16	0.00	0.00	2000
225	11.13	2062	2059	0.00	195	0	0	0	nan	0.01	0.00	3.39	83.85	88.87	0.00	40	0	43	0.00	0.00	60.84	7.27	0.00	0.00	2000
231	10.98	2055	2150	0.00	211	0	0	0	nan	0.00	0.03	2.61	88.62	89.02	0.00	40	0	43	0.00	0.00	67.22	7.97	0.00	0.00	2000
228	11.13	2070	2077	0.00	194	0	0	0	nan	0.00	0.01	2.80	85.19	88.87	0.00	39	0	43	0.00	0.00	62.91	7.55	0.00	0.00	2000
224	10.76	2099	2082	0.76	211	0	0	6	70.50	0.00	0.01	3.89	84.73	89.24	0.00	40	0	43	0.00	0.00	62.69	7.38	0.00	0.00	2000
232	11.13	2067	2118	0.67	194	0	0	1	88.55	0.00	0.00	3.05	86.62	88.87	0.00	40	0	43	0.00	0.00	66.03	7.79	0.00	0.00	2000
224	10.75	2084	2098	0.00	210	0	0	0	nan	0.00	0.02	3.30	86.00	89.25	0.00	40	0	43	0.00	0.00	63.28	7.42	0.00	0.00	2000
232	11.33	2050	2100	0.00	197	0	0	0	nan	0.00	0.00	3.82	84.90	88.67	0.00	40	0	42	0.00	0.00	65.42	7.66	0.00	0.00	2000
230	11.26	2018	2125	0.00	211	0	0	0	nan	0.00	0.02	3.37	86.54	88.74	0.00	40	0	43	0.00	0.00	67.82	7.83	0.00	0.00	2000
223	11.13	2049	2056	0.00	195	0	0	0	nan	0.00	0.00	3.29	83.73	88.87	0.00	40	0	43	0.00	0.00	60.82	7.14	0.00	0.00	2000
231	10.98	2058	2147	0.00	213	0	0	0	nan	0.00	0.01	2.32	88.76	89.02	0.00	40	0	42	0.00	0.00	68.06	7.95	0.00	0.00	2000
229	11.23	2054	2081	0.00	194	0	0	0	nan	0.00	0.00	2.89	85.13	88.77	0.00	40	0	43	0.00	0.00	62.17	7.33	0.00	0.00	2000
230	10.80	2108	2118	0.00	211	0	0	0	nan	0.00	0.00	4.19	85.94	89.20	0.00	40	0	43	0.00	0.00	64.62	7.44	0.00	0.00	2000
225	10.97	2072	2082	0.00	195	0	0	0	nan	0.00	0.00	4.43	83.92	89.03	0.00	40	0	43	0.00	0.00	63.33	7.41	0.00	0.00	2000
230	11.07	2060	2118	0.00	193	0	0	0	nan	0.00	0.01	3.30	86.48	88.93	0.00	40	0	43	0.00	0.00	64.96	7.62	0.00	0.00	2000
224	11.13	2045	2066	0.00	194	0	0	0	nan	0.00	0.00	3.90	83.63	88.87	0.00	40	0	43	0.00	0.00	64.14	7.47	0.00	0.00	2000
227	11.08	2039	2107	0.00	209	0	0	0	nan	0.00	0.00	2.77	86.53	88.92	0.00	40	0	43	0.00	0.00	64.78	7.65	0.00	0.00	2000
235	11.03	2097	2133	0.00	211	0	0	0	nan	0.00	0.00	3.75	86.74	88.97	0.00	40	0	42	0.00	0.00	64.93	7.55	0.00	0.00	2000
228	11.01	2070	2099	0.00	194	0	0	0	nan	0.00	0.00	3.86	85.20	88.99	0.00	40	0	43	0.00	0.00	64.53	7.60	0.00	0.00	2000
229	10.70	2142	2101	0.00	194	0	0	0	nan	0.00	0.00	3.58	85.82	89.30	0.00	40	0	43	0.00	0.00	64.71	7.66	0.00	0.00	2000
222	10.82	2082	2070	0.00	196	1	0	0	94.89	0.00	0.00	3.84	84.19	89.18	0.00	40	0	42	0.00	0.00	62.79	7.34	0.00	0.00	2000
231	11.11	2076	2101	1.32	195	0	0	6	73.04	0.00	0.00	3.25	85.79	88.89	0.00	40	0	43	0.00	0.00	65.98	7.73	0.00	0.00	2000
231	10.95	2080	2127	0.01	210	0	0	0	nan	0.00	0.00	2.94	87.26	89.05	0.00	40	0	42	0.00	0.00	64.87	7.68	0.00	0.00	2000
228	10.99	2082	2098	0.00	194	0	0	0	nan	0.00	0.00	3.63	85.39	89.01	0.00	40	0	43	0.00	0.00	64.48	7.90	0.00	0.00	2000
223	11.34	2017	2048	0.00	197	0	0	0	nan	0.00	0.00	3.77	82.76	88.66	0.00	40	0	43	0.00	0.00	63.36	7.71	0.00	0.00	2000
233	11.10	2060	2140	0.00	212	0	0	0	nan	0.01	0.02	3.12	87.60	88.91	0.00	40	0	43	0.00	0.00	66.35	7.89	0.00	0.00	2000
225	10.91	2077	2085	0.00	212	0	0	0	nan	0.00	0.00	4.71	83.83	89.09	0.00	40	0	43	0.00	0.00	63.23	7.43	0.00	0.00	2000
236	11.25	2059	2144	0.00	199	0	0	0	nan	0.00	0.01	4.71	85.94	88.75	0.00	40	0	42	0.00	0.00	66.03	7.64	0.00	0.00	2000
224	10.89	2087	2071	0.00	195	0	0	0	nan	0.00	0.00	3.68	84.18	89.11	0.00	40	0	43	0.00	0.00	63.27	7.46	0.00	0.00	2000
229	11.18	2049	2103	0.00	195	0	0	0	nan	0.00	0.02	3.40	85.63	88.82	0.00	40	0	43	0.00	0.00	66.71	7.72	0.00	0.00	2000
229	11.14	2051	2103	0.00	212	0	0	0	nan	0.00	0.00	4.17	84.93	88.86	0.00	40	0	43	0.00	0.00	62.59	7.36	0.00	0.00	2000
231	11.03	2079	2115	0.00	194	0	0	0	nan	0.00	0.02	3.91	85.72	88.97	0.00	40	0	43	0.00	0.00	65.03	7.78	0.00	0.00	2000
228	11.08	2052	2107	0.00	195	0	0	0	nan	0.00	0.00	3.87	85.38	88.92	0.00	40	0	43	0.00	0.00	64.64	7.43	0.00	0.00	2000
227	11.06	2086	2064	0.00	195	0	0	0	nan	0.00	0.00	4.04	83.46	88.94	0.00	40	0	43	0.00	0.00	63.52	7.42	0.00	0.00	2000
233	11.19	2068	2112	0.00	194	0	0	0	nan	0.00	0.00	2.18	87.18	88.81	0.00	40	0	42	0.00	0.00	62.91	7.57	0.00	0.00	2000
229	11.22	2051	2087	0.00	214	0	0	0	nan	0.00	0.02	3.45	84.92	88.78	0.00	40	0	43	0.00	0.00	64.26	7.51	0.00	0.00	2000
225	10.60	2123	2098	0.00	211	0	0	0	nan	0.00	0.00	2.97	86.48	89.40	0.00	40	0	42	0.00	0.00	66.26	7.67	0.00	0.00	2000
234	11.19	2047	2142	0.00	195	0	0	4	76.68	0.00	0.00	3.36	87.32	88.81	0.00	40	0	43	0.00	0.00	66.28	7.70	0.00	0.00	2000
226	11.35	2012	2080	1.30	195	0	0	4	79.42	0.01	0.00	2.78	85.09	88.65	0.00	40	0	42	0.00	0.00	61.16	7.28	0.00	0.00	2000
231	10.96	2103	2101	0.00	213	0	0	0	nan	0.00	0.00	3.90	85.34	89.04	0.00	41	0	43	0.00	0.00	67.60	7.88	0.00	0.00	2000
224	11.01	2046	2086	0.00	195	0	0	0	nan	0.00	0.00	3.94	84.61	88.99	0.00	40	0	43	0.00	0.00	63.62	7.35	0.00	0.00	2000
230	11.03	2085	2104	0.00	195	0	0	0	nan	0.00	0.00	3.51	85.74	88.97	0.00	40	0	43	0.00	0.00	63.04	7.46	0.00	0.00	2000
227	11.14	2014	2127	0.00	210	0	0	0	nan	0.00	0.00	3.50	86.61	88.86	0.00	40	0	42	0.00	0.00	67.37	7.90	0.00	0.00	2000
230	11.14	2075	2094	0.00	196	0	0	0	nan	0.00	0.00	3.63	85.00	88.86	0.00	41	0	43	0.00	0.00	64.62	7.53	0.00	0.00	2000
227	10.99	2072	2097	0.00	194	0	0	0	nan	0.00	0.01	3.37	85.63	89.01	0.00	40	0	43	0.00	0.00	65.40	7.79	0.00	0.00	2000
226	11.24	2033	2079	0.00	196	0	0	0	nan	0.00	0.00	3.63	84.29	88.76	0.00	40	0	43	0.00	0.00	62.82	7.44	0.00	0.00	2000
228	11.24	2030	2098	0.00	195	0	0	0	nan	0.00	0.00	2.70	86.09	88.76	0.00	40	0	43	0.00	0.00	62.58	7.35	0.00	0.00	2000
227	11.08	2051	2100	0.00	214	0	0	0	nan	0.00	0.01	2.32	86.67	88.92	0.00	40	0	42	0.00	0.00	66.10	7.77	0.00	0.00	2000
234	11.33	2054	2112	0.00	196	0	0	0	nan	0.00	0.02	2.77	86.44	88.67	0.00	40	0	42	0.00	0.00	63.35	7.20	0.00	0.00	2000
228	10.82	2103	2107	0.00	212	0	0	0	nan	0.00	0.02	3.56	86.07	89.18	0.00	40	0	43	0.00	0.00	66.98	7.68	0.00	0.00	2000
225	10.99	2073	2079	0.00	194	0	0	0	nan	0.00	0.00	3.31	84.92	89.01	0.00	40	0	43	0.00	0.00	63.48	7.43	0.00	0.00	2000
232	11.26	2042	2121	0.00	194	0	0	0	nan	0.00	0.00	2.43	87.26	88.74	0.00	40	0	42	0.00	0.00	62.24	7.47	0.00	0.00	2000
229	11.12	2055	2106	0.00	212	0	0	0	nan	0.01	0.01	3.08	86.17	88.88	0.00	40	0	42	0.00	0.00	68.30	8.02	0.00	0.00	2000
223	10.92	2064	2074	0.00	194	0	0	0	nan	0.00	0.00	3.93	84.12	89.08	0.00	40	0	43	0.00	0.00	62.42	7.30	0.00	0.00	2000
225	10.89	2090	2075	0.72	195	0	0	6	70.90	0.00	0.04	3.00	85.08	89.11	0.00	40	0	43	0.00	0.00	62.26	7.38	0.00	0.00	2000
233	11.07	2062	2140	0.67	227	0	0	1	89.42	0.00	0.04	2.71	87.99	88.93	0.00	40	0	43	0.00	0.00	69.10	8.25	0.00	0.00	2000
229	10.94	2092	2103	0.00	195	0	0	0	nan	0.00	0.00	4.98	84.24	89.06	0.00	40	0	43	0.00	0.00	64.40	7.44	0.00	0.00	2000
227	11.26	2038	2080	0.00	202	0	0	0	nan	0.00	0.02	5.32	82.72	88.74	0.00	40	0	42	0.00	0.00	61.58	7.34	0.00	0.00	2000
226	10.77	2092	2106	0.00	216	0	0	0	nan	0.00	0.00	4.72	84.88	89.23	0.00	40	0	43	0.00	0.00	66.93	7.82	0.00	0.00	2000
231	10.86	2110	2113	0.00	198	0	0	0	nan	0.00	0.02	4.62	85.12	89.14	0.00	40	0	43	0.00	0.00	64.80	7.71	0.00	0.00	2000
231	11.24	2035	2117	0.00	197	0	0	0	nan	0.00	0.01	4.33	85.32	88.76	0.00	40	0	43	0.00	0.00	65.51	7.59	0.00	0.00	2000
231	11.37	2054	2076	0.00	205	0	0	0	nan	0.00	0.04	3.13	84.48	88.63	0.00	40	0	43	0.00	0.00	61.61	7.32	0.00	0.00	2000
229	10.91	2077	2121	0.00	216	0	0	0	nan	0.00	1.03	4.81	84.23	89.09	0.00	40	0	43	0.00	0.00	67.71	7.80	0.00	0.00	2000
225	11.13	2039	2081	0.00	199	0	0	0	nan	0.00	0.00	6.37	81.79	88.87	0.00	40	0	43	0.00	0.00	63.28	7.47	0.00	0.00	2000
232	11.36	2038	2101	0.00	204	0	0	0	nan	0.00	0.00	6.28	82.49	88.64	0.00	40	0	42	0.00	0.00	60.76	7.13	0.00	0.00	2000
232	11.18	2053	2123	0.00	230	0	0	0	nan	0.00	0.00	7.14	82.76	88.82	0.00	40	0	43	0.00	0.00	69.74	8.21	0.00	0.00	2000
232	11.11	2100	2087	0.00	201	0	0	0	nan	0.00	0.00	7.19	81.20	88.89	0.00	40	0	42	0.00	0.00	64.58	7.53	0.00	0.00	2000
229	11.21	2054	2093	0.00	199	0	0	0	nan	0.00	0.00	5.90	82.74	88.79	0.00	41	0	43	0.00	0.00	61.01	7.16	0.00	0.00	2000
228	11.03	2060	2104	0.00	215	0	0	0	nan	0.00	0.00	5.05	84.23	88.97	0.00	40	0	43	0.00	0.00	68.04	8.02	0.00	0.00	2000
232	11.28	2062	2093	0.00	198	0	0	0	nan	0.00	0.02	5.40	83.08	88.72	0.00	40	0	43	0.00	0.00	60.60	6.98	0.00	0.00	2000
226	11.06	2027	2122	0.00	221	0	0	0	96.48	0.00	0.00	6.54	83.42	88.94	0.00	40	0	43	0.00	0.00	69.31	8.12	0.00	0.00	2000
230	11.23	2050	2101	1.42	197	0	0	6	70.12	0.00	0.01	5.04	83.92	88.77	0.00	40	0	43	0.00	0.00	62.54	7.32	0.00	0.00	2000
227	11.18	2027	2100	0.03	198	0	0	0	nan	0.00	0.00	5.07	83.88	88.82	0.00	40	0	42	0.00	0.00	64.47	7.59	0.00	0.00	2000
230	11.12	2074	2098	0.00	199	0	0	0	nan	0.00	0.00	4.67	84.31	88.88	0.00	40	0	42	0.00	0.00	64.77	7.60	0.00	0.00	2000
225	10.98	2086	2067	0.00	200	0	0	0	nan	0.00	0.00	5.06	82.65	89.02	0.00	40	0	42	0.00	0.00	63.55	7.57	0.00	0.00	2000
232	11.12	2072	2114	0.00	203	0	0	0	nan	0.00	0.04	3.49	86.08	88.88	0.00	40	0	43	0.00	0.00	62.80	7.47	0.00	0.00	2000
228	11.16	2023	2123	0.00	215	0	0	0	nan	0.00	0.01	4.54	85.34	88.84	0.00	40	0	43	0.00	0.00	67.88	7.74	0.00	0.00	2000
230	10.95	2143	2060	0.00	200	0	0	0	nan	0.00	0.97	6.43	80.07	89.05	0.00	40	0	43	0.00	0.00	62.84	7.36	0.00	0.00	2000
229	11.30	2036	2092	0.00	199	0	0	0	nan	0.00	0.01	4.52	83.99	88.70	0.00	40	0	43	0.00	0.00	62.82	7.32	0.00	0.00	2000
235	11.26	2036	2153	0.00	213	0	0	0	nan	0.00	0.00	4.72	86.45	88.74	0.00	40	0	42	0.00	0.00	68.44	7.99	0.00	0.00	2000
228	11.09	2065	2095	0.00	195	0	0	0	nan	0.00	0.00	3.89	84.99	88.91	0.00	40	0	43	0.00	0.00	64.64	7.52	0.00	0.00	2000
224	10.49	2168	2064	0.00	194	0	0	0	nan	0.00	0.00	4.43	83.63	89.51	0.00	40	0	43	0.00	0.00	63.11	7.40	0.00	0.00	2000
227	11.13	2045	2099	0.00	195	0	0	0	nan	0.00	0.02	3.26	85.65	88.87	0.00	40	0	43	0.00	0.00	62.42	7.44	0.00	0.00	2000
230	11.16	2066	2097	0.00	211	0	0	0	nan	0.00	0.02	3.04	85.81	88.84	0.00	40	0	42	0.00	0.00	64.67	7.55	0.00	0.00	2000
230	11.07	2052	2127	0.00	210	0	0	0	nan	0.00	0.01	2.46	87.68	88.93	0.00	40	0	43	0.00	0.00	66.27	7.86	0.00	0.00	2000
224	10.81	2083	2091	0.00	211	0	0	0	nan	0.00	0.01	2.92	86.00	89.19	0.00	40	0	42	0.00	0.00	65.47	7.67	0.00	0.00	2000
233	11.07	2078	2125	0.00	198	0	0	0	nan	0.00	0.03	3.93	86.16	88.93	0.00	40	0	42	0.00	0.00	65.29	7.89	0.00	0.00	2000
227	11.00	2081	2086	0.00	196	0	0	18	7.73	0.00	0.00	4.56	83.96	89.00	0.00	40	0	43	0.00	0.00	64.33	7.70	0.00	0.00	2000
226	11.01	2073	2081	1.35	196	0	0	5	74.89	0.00	0.00	3.07	85.21	88.99	0.00	40	0	42	0.00	0.00	63.70	7.49	0.00	0.00	2000
225	10.93	2087	2076	0.00	194	0	0	0	nan	0.01	0.00	2.39	85.73	89.07	0.00	40	0	42	0.00	0.00	61.54	7.35	0.00	0.00	2000
232	10.95	2064	2155	0.00	211	0	0	0	nan	0.00	0.03	2.64	88.82	89.05	0.00	41	0	42	0.00	0.00	68.54	8.10	0.00	0.00	2000
228	11.18	2064	2073	0.00	195	0	0	0	nan	0.00	0.02	2.44	85.33	88.82	0.00	40	0	43	0.00	0.00	61.88	7.42	0.00	0.00	2000
232	11.13	2050	2136	0.00	210	0	0	0	nan	0.00	0.00	2.98	87.57	88.87	0.00	40	0	42	0.00	0.00	67.76	7.83	0.00	0.00	2000
225	11.22	2029	2077	0.00	195	0	0	0	nan	0.00	0.00	3.42	84.44	88.78	0.00	40	0	42	0.00	0.00	64.11	7.45	0.00	0.00	2000
230	11.01	2079	2106	0.00	195	0	0	0	nan	0.00	0.01	3.12	86.22	88.99	0.00	40	0	42	0.00	0.00	62.41	7.29	0.00	0.00	2000
220	10.95	2054	2058	0.00	211	0	0	0	nan	0.00	0.00	3.81	83.55	89.05	0.00	40	0	42	0.00	0.00	63.00	7.20	0.00	0.00	2000
231	11.17	2033	2131	0.00	211	0	0	0	nan	0.00	0.01	2.98	87.24	88.83	0.00	40	0	43	0.00	0.00	66.16	7.81	0.00	0.00	2000
227	11.13	2047	2097	0.00	213	0	0	0	nan	0.00	0.00	3.32	85.50	88.87	0.00	40	0	43	0.00	0.00	63.45	7.42	0.00	0.00	2000
228	11.08	2052	2108	0.00	196	0	0	0	nan	0.00	0.00	3.76	85.57	88.92	0.00	40	0	42	0.00	0.00	67.97	7.87	0.00	0.00	2000
233	11.30	2041	2119	0.00	211	0	0	0	nan	0.00	0.00	3.25	86.40	88.70	0.00	40	0	42	0.00	0.00	62.16	7.28	0.00	0.00	2000
233	11.31	2056	2107	0.00	212	0	0	0	nan	0.00	0.00	7.53	81.51	88.69	0.00	40	0	43	0.00	0.00	64.76	7.49	0.00	0.00	2000
226	10.99	2077	2079	0.00	194	0	0	0	nan	0.00	0.00	3.50	84.66	89.01	0.00	40	0	43	0.00	0.00	64.92	7.51	0.00	0.00	2000
227	11.11	2020	2122	0.00	212	0	0	0	nan	0.00	0.02	3.95	85.94	88.89	0.00	40	0	43	0.00	0.00	67.14	7.88	0.00	0.00	2000
223	11.12	2051	2055	0.00	194	0	0	0	nan	0.00	0.00	2.83	84.29	88.88	0.00	40	0	42	0.00	0.00	60.81	7.06	0.00	0.00	2000
230	11.11	2044	2125	0.97	212	0	0	5	73.05	0.00	0.00	2.72	87.31	88.89	0.00	40	0	43	0.00	0.00	67.73	7.82	0.00	0.00	2000
227	10.95	2078	2098	0.45	211	0	0	0	nan	0.00	0.00	3.38	85.67	89.05	0.00	40	0	43	0.00	0.00	61.97	7.26	0.00	0.00	2000
232	11.10	2065	2127	0.00	195	0	0	0	nan	0.00	0.02	4.27	85.87	88.90	0.00	40	0	43	0.00	0.00	65.38	7.76	0.00	0.00	2000
228	11.08	2057	2098	0.00	196	0	0	0	nan	0.00	0.00	3.54	85.41	88.92	0.00	40	0	43	0.00	0.00	67.36	7.86	0.00	0.00	2000
228	11.26	2043	2083	0.00	195	0	0	0	nan	0.00	0.00	2.89	85.17	88.74	0.00	40	0	42	0.00	0.00	62.20	7.40	0.00	0.00	2000
232	10.72	2139	2121	0.00	212	0	0	0	nan	0.01	0.00	4.21	86.12	89.28	0.00	40	0	43	0.00	0.00	64.61	7.40	0.00	0.00	2000
231	10.96	2115	2096	0.00	195	0	0	0	nan	0.00	0.00	4.57	84.41	89.04	0.00	40	0	43	0.00	0.00	64.75	7.87	0.00	0.00	2000
226	11.08	2059	2081	0.00	194	0	0	0	nan	0.00	0.00	4.26	83.88	88.92	0.00	40	0	42	0.00	0.00	64.49	7.51	0.00	0.00	2000
222	10.79	2074	2085	0.00	211	0	0	0	nan	0.00	0.00	4.09	84.57	89.21	0.00	40	0	43	0.00	0.00	63.08	7.36	0.00	0.00	2000
228	11.29	2036	2083	0.00	195	0	0	0	nan	0.00	0.02	3.71	84.34	88.71	0.00	40	0	43	0.00	0.00	64.48	7.64	0.00	0.00	2000
230	11.19	2032	2123	0.00	211	0	0	0	nan	0.00	0.02	2.63	87.26	88.81	0.00	40	0	42	0.00	0.00	65.81	7.66	0.00	0.00	2000
233	10.99	2088	2129	0.00	210	0	0	0	nan	0.00	0.02	3.14	87.20	89.01	0.00	40	0	43	0.00	0.00	64.49	7.71	0.00	0.00	2000
225	11.21	2029	2075	0.00	198	0	0	0	nan	0.00	0.00	5.18	82.65	88.79	0.00	40	0	43	0.00	0.00	63.50	7.56	0.00	0.00	2000
232	11.26	2055	2103	0.00	196	0	0	0	nan	0.00	0.00	2.60	86.38	88.74	0.00	40	0	42	0.00	0.00	66.48	7.71	0.00	0.00	2000
226	11.03	2052	2095	0.00	211	0	0	0	nan	0.00	0.01	2.83	85.98	88.97	0.00	40	0	43	0.00	0.00	62.64	7.32	0.00	0.00	2000
235	10.91	2110	2141	0.00	194	0	0	0	nan	0.00	0.00	2.05	88.72	89.09	0.00	40	0	42	0.00	0.00	66.15	7.90	0.00	0.00	2000
222	10.97	2060	2063	0.00	194	0	0	1	79.48	0.00	0.02	3.12	84.46	89.03	0.00	40	0	42	0.00	0.00	62.73	7.34	0.00	0.00	2000
228	11.03	2078	2091	1.33	195	0	0	6	76.24	0.00	0.00	3.15	85.55	88.97	0.00	40	0	43	0.00	0.00	65.16	7.70	0.00	0.00	2000
231	11.11	2056	2120	0.00	211	0	0	0	nan	0.00	0.02	2.56	87.25	88.89	0.00	40	0	42	0.00	0.00	62.53	7.37	0.00	0.00	2000
227	11.19	2034	2093	0.00	211	0	0	0	nan	0.00	0.02	3.64	85.00	88.81	0.00	40	0	43	0.00	0.00	66.55	7.93	0.00	0.00	2000
229	11.18	2045	2102	0.00	193	0	0	0	nan	0.00	0.00	3.79	85.17	88.82	0.00	40	0	43	0.00	0.00	62.33	7.39	0.00	0.00	2000
225	10.99	2069	2079	0.00	211	0	0	0	nan	0.00	0.02	3.57	84.64	89.01	0.00	40	0	43	0.00	0.00	63.79	7.63	0.00	0.00	2000
231	11.08	2059	2123	0.00	215	0	0	0	nan	0.00	0.02	3.73	86.26	88.92	0.00	40	0	43	0.00	0.00	65.96	7.79	0.00	0.00	2000
226	11.02	2073	2078	0.00	211	0	0	0	nan	0.01	0.01	2.81	85.33	88.98	0.00	40	0	42	0.00	0.00	65.18	7.64	0.00	0.00	2000
229	11.22	2029	2114	0.00	195	0	0	0	nan	0.00	0.01	3.44	86.07	88.78	0.00	40	0	43	0.00	0.00	63.11	7.34	0.00	0.00	2000
230	11.27	2030	2116	0.00	212	0	0	0	nan	0.00	0.00	3.09	86.33	88.73	0.00	40	0	43	0.00	0.00	64.33	7.66	0.00	0.00	2000
226	11.01	2058	2098	0.00	211	0	0	0	nan	0.00	0.02	3.22	85.81	88.99	0.00	40	0	42	0.00	0.00	67.24	7.89	0.00	0.00	2000
228	11.26	2038	2084	0.00	193	0	0	0	nan	0.00	0.02	3.18	85.04	88.74	0.00	41	0	42	0.00	0.00	61.95	7.29	0.00	0.00	2000
225	10.98	2047	2105	0.00	210	0	0	0	nan	0.00	0.00	2.77	86.60	89.02	0.00	40	0	43	0.00	0.00	65.30	7.77	0.00	0.00	2000
228	11.21	2058	2076	0.00	194	0	0	0	nan	0.00	0.03	2.96	84.84	88.79	0.00	40	0	43	0.00	0.00	65.37	7.81	0.00	0.00	2000
228	11.10	2032	2126	0.00	211	0	0	0	nan	0.00	0.02	3.15	86.94	88.90	0.00	40	0	43	0.00	0.00	63.73	7.49	0.00	0.00	2000
230	11.22	2041	2109	0.00	211	0	0	0	nan	0.00	0.02	3.06	86.25	88.78	0.00	40	0	43	0.00	0.00	66.94	7.96	0.00	0.00	2000
229	10.89	2087	2118	0.00	195	0	0	0	nan	0.00	0.00	4.64	85.39	89.11	0.00	40	0	43	0.00	0.00	64.74	7.58	0.00	0.00	2000
229	11.24	2035	2106	0.92	195	0	0	5	63.17	0.00	0.00	4.31	84.80	88.76	0.00	40	0	42	0.00	0.00	61.95	7.57	0.00	0.00	2000
230	11.17	2062	2094	0.54	196	0	0	0	nan	0.00	0.02	4.44	84.28	88.83	0.00	40	0	42	0.00	0.00	67.55	7.51	0.00	0.00	2000
228	11.01	2073	2101	0.00	195	0	0	0	nan	0.00	0.00	4.16	84.95	88.99	0.00	40	0	42	0.00	0.00	64.55	7.64	0.00	0.00	2000
222	10.88	2078	2064	0.00	195	0	0	0	nan	0.00	0.00	4.07	83.61	89.12	0.00	40	0	43	0.00	0.00	63.21	7.56	0.00	0.00	2000
231	11.18	2052	2120	0.00	210	0	0	0	nan	0.00	0.00	2.93	86.82	88.82	0.00	40	0	43	0.00	0.00	65.76	7.96	0.00	0.00	2000
229	11.30	2010	2118	0.00	196	0	0	0	nan	0.00	0.00	5.14	84.47	88.70	0.00	40	0	42	0.00	0.00	64.33	7.71	0.00	0.00	2000
228	11.06	2063	2094	0.00	194	0	0	0	nan	0.00	0.02	2.98	85.86	88.94	0.00	40	0	43	0.00	0.00	64.95	7.61	0.00	0.00	2000
229	10.93	2090	2104	0.00	194	0	0	0	nan	0.00	0.00	3.28	86.09	89.07	0.00	40	0	43	0.00	0.00	65.05	7.78	0.00	0.00	2000
229	11.18	2054	2098	0.00	198	0	0	0	nan	0.00	0.00	4.89	83.96	88.82	0.00	40	0	42	0.00	0.00	64.56	7.62	0.00	0.00	2000
229	11.10	2060	2102	0.00	199	0	0	0	nan	0.00	0.00	4.54	84.45	88.90	0.00	40	0	43	0.00	0.00	64.85	7.75	0.00	0.00	2000
230	11.29	2050	2083	0.00	195	0	0	0	nan	0.00	0.01	3.13	84.95	88.71	0.00	40	0	43	0.00	0.00	60.95	7.16	0.00	0.00	2000
228	11.03	2063	2100	0.00	211	0	0	0	nan	0.00	0.01	2.59	86.44	88.97	0.00	40	0	43	0.00	0.00	67.82	7.93	0.00	0.00	2000
224	10.95	2059	2084	0.00	193	0	0	0	nan	0.00	0.00	2.82	85.70	89.05	0.00	40	0	42	0.00	0.00	60.53	7.20	0.00	0.00	2000
229	11.02	2067	2106	0.00	213	0	0	0	nan	0.00	0.00	3.59	85.73	88.98	0.00	41	0	43	0.00	0.00	68.10	8.04	0.00	0.00	2000
231	11.18	2058	2109	0.00	196	0	0	0	nan	0.00	0.00	3.68	85.69	88.82	0.00	40	0	43	0.00	0.00	62.52	7.40	0.00	0.00	2000
228	11.09	2054	2106	0.00	210	0	0	0	nan	0.00	0.00	2.73	86.57	88.91	0.00	40	0	43	0.00	0.00	65.41	7.74	0.00	0.00	2000
226	11.09	2037	2105	0.00	201	0	0	0	nan	0.00	0.00	5.53	83.68	88.91	0.00	40	0	43	0.00	0.00	64.52	7.81	0.00	0.00	2000
229	11.24	2026	2108	1.17	195	0	0	5	65.50	0.00	0.00	3.32	85.87	88.76	0.00	40	0	43	0.00	0.00	64.99	7.55	0.00	0.00	2000
231	10.82	2125	2108	0.22	194	0	0	0	nan	0.00	0.00	3.79	85.78	89.18	0.00	40	0	43	0.00	0.00	65.97	7.83	0.00	0.00	2000
223	11.17	2044	2052	0.00	195	0	0	0	nan	0.00	0.02	4.20	82.75	88.83	0.00	40	0	43	0.00	0.00	60.45	7.35	0.00	0.00	2000
231	11.06	2061	2129	0.00	195	0	0	0	nan	0.00	0.04	2.82	87.46	88.94	0.00	39	0	43	0.00	0.00	67.42	8.11	0.00	0.00	2000
236	11.33	2090	2090	0.00	197	0	0	0	nan	0.00	0.02	2.55	85.77	88.67	0.00	40	0	43	0.00	0.00	61.93	7.22	0.00	0.00	2000
229	10.94	2065	2125	0.00	211	0	0	0	nan	0.00	0.00	3.28	86.92	89.06	0.00	40	0	43	0.00	0.00	67.10	7.97	0.00	0.00	2000
223	10.63	2126	2075	0.00	194	0	0	0	nan	0.00	0.00	3.06	85.25	89.37	0.00	40	0	42	0.00	0.00	64.67	7.59	0.00	0.00	2000
228	11.20	2061	2071	0.00	194	0	0	0	nan	0.00	0.01	1.73	86.00	88.80	0.00	40	0	43	0.00	0.00	60.98	7.32	0.00	0.00	2000
231	11.11	2045	2135	0.00	210	0	0	0	nan	0.01	0.00	1.68	88.81	88.89	0.00	40	0	42	0.00	0.00	66.12	7.82	0.00	0.00	2000
229	11.03	2049	2124	0.00	212	0	0	0	nan	0.00	0.00	3.57	86.58	88.97	0.00	40	0	43	0.00	0.00	67.01	7.85	0.00	0.00	2000
223	10.97	2068	2065	0.00	195	0	0	0	nan	0.00	0.00	3.55	84.03	89.03	0.00	40	0	43	0.00	0.00	63.45	7.26	0.00	0.00	2000
231	11.28	2058	2086	0.00	197	0	0	0	nan	0.00	0.00	3.04	85.08	88.72	0.00	40	0	43	0.00	0.00	61.95	7.29	0.00	0.00	2000
227	11.05	2048	2109	0.00	212	0	0	0	nan	0.00	0.04	2.74	86.68	88.95	0.00	41	0	43	0.00	0.00	65.58	7.70	0.00	0.00	2000
232	10.98	2077	2134	0.00	211	0	0	0	nan	0.00	0.01	2.60	87.96	89.02	0.00	40	0	43	0.00	0.00	67.44	7.98	0.00	0.00	2000
226	10.88	2082	2093	0.00	195	0	0	0	nan	0.00	0.00	3.48	85.39	89.12	0.00	40	0	43	0.00	0.00	62.59	7.28	0.00	0.00	2000
232	11.24	2064	2096	0.00	197	0	0	0	nan	0.00	0.00	3.44	85.26	88.76	0.00	41	0	42	0.00	0.00	63.23	7.23	0.00	0.00	2000
226	11.14	2035	2097	0.00	194	0	0	3	76.10	0.00	0.00	3.46	85.39	88.86	0.00	40	0	42	0.00	0.00	66.52	7.80	0.00	0.00	2000
226	10.86	2091	2092	1.32	212	0	0	5	77.28	0.00	0.01	3.15	85.82	89.14	0.00	40	0	42	0.00	0.00	62.28	7.31	0.00	0.00	2000
230	11.40	2013	2103	0.00	198	0	0	0	nan	0.00	0.02	2.53	86.32	88.60	0.00	41	0	42	0.00	0.00	66.48	7.75	0.00	0.00	2000
232	11.00	2090	2117	0.00	211	0	0	0	nan	0.00	0.04	3.10	86.63	89.00	0.00	40	0	43	0.00	0.00	63.31	7.49	0.00	0.00	2000
226	11.29	2002	2104	0.00	195	0	0	0	nan	0.00	0.02	3.59	85.36	88.71	0.00	40	0	43	0.00	0.00	67.26	7.90	0.00	0.00	2000
225	11.05	2066	2072	0.00	195	0	0	0	nan	0.00	0.00	2.94	84.87	88.95	0.00	40	0	43	0.00	0.00	60.64	7.24	0.00	0.00	2000
228	11.21	2038	2095	0.00	194	0	0	0	nan	0.00	0.00	2.34	86.35	88.79	0.00	40	0	43	0.00	0.00	64.99	7.91	0.00	0.00	2000
227	11.12	2043	2099	0.00	209	0	0	0	nan	0.00	0.02	2.36	86.65	88.88	0.00	41	0	43	0.00	0.00	64.52	7.51	0.00	0.00	2000
226	11.18	2017	2105	0.00	212	0	0	0	nan	0.00	0.00	3.28	85.91	88.82	0.00	41	0	43	0.00	0.00	66.45	7.77	0.00	0.00	2000
232	11.28	2032	2124	0.00	212	0	0	0	nan	0.00	0.01	3.47	86.34	88.72	0.00	41	0	43	0.00	0.00	62.53	7.28	0.00	0.00	2000
224	11.18	2029	2069	0.00	194	0	0	0	nan	0.00	0.00	3.98	83.59	88.82	0.00	41	0	42	0.00	0.00	62.82	7.46	0.00	0.00	2000
230	11.33	2028	2105	0.00	195	0	0	0	nan	0.00	0.02	2.63	86.39	88.67	0.00	40	0	43	0.00	0.00	65.40	7.91	0.00	0.00	2000
228	10.68	2124	2110	0.00	211	0	0	0	nan	0.00	0.00	3.56	86.33	89.32	0.00	40	0	43	0.00	0.00	64.14	7.74	0.00	0.00	2000
231	11.14	2071	2103	0.00	194	0	0	0	nan	0.00	0.00	3.00	86.06	88.86	0.00	40	0	43	0.00	0.00	65.68	7.63	0.00	0.00	2000
222	10.76	2080	2080	0.00	211	0	0	0	nan	0.00	0.00	3.94	84.65	89.24	0.00	40	0	43	0.00	0.00	63.08	7.44	0.00	0.00	2000
232	11.08	2076	2121	0.00	197	0	0	0	nan	0.00	0.00	4.29	85.63	88.92	0.00	40	0	42	0.00	0.00	67.26	7.99	0.00	0.00	2000
230	11.02	2087	2105	0.00	212	0	0	0	nan	0.00	0.00	4.11	85.19	88.98	0.00	40	0	42	0.00	0.00	62.91	7.30	0.00	0.00	2000
232	10.81	2122	2121	0.73	196	0	0	6	69.22	0.00	0.00	3.82	86.32	89.19	0.00	40	0	42	0.00	0.00	66.24	7.90	0.00	0.00	2000
224	11.25	2030	2061	0.74	194	0	0	1	90.98	0.00	0.01	3.36	83.80	88.75	0.00	40	0	42	0.00	0.00	62.16	7.28	0.00	0.00	2000
232	11.20	2058	2114	0.00	193	0	0	0	nan	0.00	0.00	2.31	87.15	88.80	0.00	40	0	43	0.00	0.00	62.89	8.05	0.00	0.00	2000
226	10.67	2120	2097	0.00	211	0	0	0	nan	0.00	0.00	3.35	85.92	89.33	0.00	40	0	42	0.00	0.00	66.48	7.34	0.00	0.00	2000
231	11.19	2056	2105	0.00	195	0	0	0	nan	0.00	0.00	3.25	85.83	88.81	0.00	40	0	42	0.00	0.00	66.27	7.85	0.00	0.00	2000
227	10.78	2094	2111	0.00	210	0	0	0	nan	0.00	0.02	3.46	86.34	89.22	0.00	40	0	42	0.00	0.00	63.56	7.35	0.00	0.00	2000
230	11.38	2030	2089	0.00	195	0	0	0	nan	0.00	0.00	3.37	84.84	88.62	0.00	40	0	43	0.00	0.00	65.74	7.61	0.00	0.00	2000
224	10.77	2106	2075	0.00	211	0	0	0	nan	0.00	0.03	3.76	84.45	89.23	0.00	40	0	43	0.00	0.00	61.64	7.41	0.00	0.00	2000
234	11.37	2025	2131	0.00	196	0	0	0	nan	0.00	0.00	3.34	86.75	88.63	0.00	40	0	42	0.00	0.00	67.85	8.16	0.00	0.00	2000
230	11.17	2048	2112	0.00	213	0	0	0	nan	0.00	0.02	4.30	85.09	88.83	0.00	40	0	43	0.00	0.00	63.82	7.43	0.00	0.00	2000
225	10.88	2096	2069	0.00	196	0	0	0	nan	0.00	0.00	4.00	83.84	89.12	0.00	40	0	43	0.00	0.00	62.62	7.37	0.00	0.00	2000
230	11.33	2024	2109	0.00	195	0	0	0	nan	0.00	0.00	2.95	86.20	88.67	0.00	40	0	43	0.00	0.00	65.82	7.68	0.00	0.00	2000
231	11.01	2090	2105	0.00	213	0	0	0	nan	0.00	0.01	3.66	85.57	88.99	0.00	40	0	42	0.00	0.00	66.04	7.70	0.00	0.00	2000
224	10.88	2081	2076	0.00	213	0	0	0	nan	0.00	0.02	2.74	85.41	89.12	0.00	40	0	43	0.00	0.00	61.43	7.20	0.00	0.00	2000
230	11.01	2069	2119	0.00	194	0	0	0	nan	0.00	0.02	2.23	87.64	88.99	0.00	40	0	43	0.00	0.00	66.95	7.93	0.00	0.00	2000
224	11.18	2015	2092	0.00	210	0	0	0	nan	0.00	0.02	2.77	85.75	88.82	0.00	40	0	43	0.00	0.00	62.16	7.28	0.00	0.00	2000
230	11.17	2054	2102	0.00	195	0	0	2	77.02	0.00	0.00	2.63	86.46	88.83	0.00	40	0	43	0.00	0.00	66.75	8.05	0.00	0.00	2000
232	11.07	2069	2125	1.34	210	0	0	5	76.07	0.00	0.00	3.11	86.95	88.93	0.00	40	0	43	0.00	0.00	63.86	7.51	0.00	0.00	2000
227	10.93	2088	2093	0.00	198	0	0	0	nan	0.00	0.00	5.00	83.90	89.07	0.00	40	0	43	0.00	0.00	62.27	7.65	0.00	0.00	2000
225	11.07	2061	2069	0.00	196	0	0	0	nan	0.00	0.00	3.57	84.15	88.93	0.00	39	0	42	0.00	0.00	64.91	7.50	0.00	0.00	2000
229	11.10	2081	2086	0.00	197	0	0	0	nan	0.00	0.00	4.14	84.28	88.90	0.00	40	0	43	0.00	0.00	62.07	7.28	0.00	0.00	2000
230	10.72	2106	2136	0.00	210	0	0	0	nan	0.00	0.03	3.23	87.68	89.28	0.00	40	0	42	0.00	0.00	68.24	7.81	0.00	0.00	2000
230	11.09	2063	2116	0.00	194	0	0	0	nan	0.00	0.00	3.18	86.48	88.91	0.00	40	0	43	0.00	0.00	65.13	7.73	0.00	0.00	2000
227	11.12	2060	2081	0.00	194	0	0	0	nan	0.00	0.00	3.40	84.82	88.88	0.00	40	0	42	0.00	0.00	61.95	7.37	0.00	0.00	2000
226	11.11	2041	2091	0.00	211	0	0	0	nan	0.00	0.00	4.30	84.28	88.89	0.00	40	0	43	0.00	0.00	65.64	7.75	0.00	0.00	2000
235	11.20	2063	2139	0.00	195	0	0	0	nan	0.00	0.03	3.18	87.37	88.80	0.00	40	0	42	0.00	0.00	66.32	7.68	0.00	0.00	2000
226	10.85	2099	2079	0.00	195	0	0	0	nan	0.00	0.00	3.41	85.01	89.15	0.00	40	0	42	0.00	0.00	63.69	7.53	0.00	0.00	2000
234	11.03	2126	2094	0.00	236	0	0	0	nan	0.00	1.71	6.27	80.91	88.97	0.00	40	0	43	0.00	0.00	64.49	7.76	0.00	0.00	2000
226	11.11	2064	2072	0.00	195	0	0	0	nan	0.00	0.00	2.95	84.87	88.89	0.00	40	0	43	0.00	0.00	61.29	7.16	0.00	0.00	2000
228	11.04	2063	2103	0.00	210	0	0	0	nan	0.00	0.00	1.93	87.25	88.96	0.00	40	0	42	0.00	0.00	67.45	7.86	0.00	0.00	2000
230	11.21	2033	2118	0.00	211	0	0	0	nan	0.01	0.00	3.07	86.60	88.79	0.00	40	0	43	0.00	0.00	62.57	7.39	0.00	0.00	2000
221	11.11	2021	2072	0.00	211	0	0	0	nan	0.00	0.00	2.53	85.36	88.89	0.00	40	0	43	0.00	0.00	63.23	7.37	0.00	0.00	2000
231	11.15	2043	2130	0.00	212	0	0	0	nan	0.00	0.02	3.42	86.79	88.85	0.00	40	0	43	0.00	0.00	65.92	7.66	0.00	0.00	2000
226	10.63	2133	2093	0.59	211	0	0	5	73.90	0.00	0.00	3.63	85.50	89.37	0.00	40	0	42	0.00	0.00	66.67	7.61	0.00	0.00	2000
226	11.00	2075	2082	0.83	194	0	0	2	87.44	0.00	0.00	2.98	85.37	89.00	0.00	40	0	42	0.00	0.00	61.68	7.25	0.00	0.00	2000
226	11.03	2045	2103	0.00	211	0	0	0	nan	0.00	0.02	2.62	86.62	88.97	0.00	40	0	42	0.00	0.00	64.40	7.35	0.00	0.00	2000
229	11.16	2048	2104	0.00	213	0	0	0	nan	0.00	0.03	3.63	85.54	88.84	0.00	40	0	43	0.00	0.00	64.68	7.71	0.00	0.00	2000
227	10.93	2066	2116	0.00	212	0	0	0	nan	0.00	0.00	3.42	86.45	89.07	0.00	40	0	42	0.00	0.00	67.41	7.92	0.00	0.00	2000
232	10.89	2110	2119	0.00	196	0	0	0	nan	0.00	0.00	3.80	86.09	89.11	0.00	40	0	43	0.00	0.00	65.32	7.56	0.00	0.00	2000
231	11.18	2052	2115	0.00	193	0	0	0	nan	0.00	0.03	3.21	86.35	88.82	0.00	40	0	42	0.00	0.00	65.69	7.80	0.00	0.00	2000
228	10.87	2110	2086	0.00	195	0	0	0	nan	0.00	0.00	4.15	84.51	89.13	0.00	40	0	43	0.00	0.00	64.00	7.46	0.00	0.00	2000
230	10.77	2147	2093	0.00	196	0	0	0	nan	0.00	0.00	3.49	85.52	89.23	0.00	41	0	43	0.00	0.00	64.42	7.53	0.00	0.00	2000
225	11.19	2039	2071	0.00	194	0	0	0	nan	0.00	0.00	2.54	85.19	88.81	0.00	41	0	42	0.00	0.00	60.94	7.29	0.00	0.00	2000
232	10.97	2066	2150	0.00	211	0	0	0	nan	0.00	0.02	2.30	88.93	89.03	0.00	40	0	42	0.00	0.00	69.15	7.97	0.00	0.00	2000
227	11.09	2066	2085	0.00	195	0	0	0	nan	0.00	0.00	3.01	85.38	88.91	0.00	41	0	42	0.00	0.00	61.80	7.18	0.00	0.00	2000
229	11.02	2082	2096	0.00	210	0	0	0	nan	0.00	0.00	2.53	86.33	88.98	0.00	40	0	43	0.00	0.00	67.43	8.03	0.00	0.00	2000
230	10.99	2076	2115	0.00	194	0	0	0	nan	0.00	0.02	3.59	86.18	89.01	0.00	40	0	42	0.00	0.00	62.86	7.53	0.00	0.00	2000
222	10.79	2104	2053	0.00	194	0	0	0	nan	0.01	0.00	2.15	85.18	89.21	0.00	40	0	42	0.00	0.00	62.53	7.48	0.00	0.00	2000
232	10.85	2095	2144	0.00	211	0	0	0	nan	0.00	0.02	3.04	88.05	89.15	0.00	40	0	42	0.00	0.00	68.35	8.07	0.00	0.00	2000
230	11.17	2049	2111	0.00	193	0	0	0	nan	0.00	0.02	3.28	86.15	88.83	0.00	40	0	43	0.00	0.00	62.68	7.38	0.00	0.00	2000
227	10.83	2125	2074	1.25	196	0	0	5	65.69	0.00	0.00	4.52	83.62	89.17	0.00	40	0	42	0.00	0.00	66.15	7.82	0.00	0.00	2000
238	11.33	2075	2124	0.20	196	0	0	0	nan	0.00	0.00	4.18	85.59	88.67	0.00	40	0	42	0.00	0.00	65.82	7.69	0.00	0.00	2000
226	11.20	2048	2072	0.00	194	0	0	0	nan	0.00	0.01	3.31	84.41	88.80	0.00	41	0	42	0.00	0.00	59.82	7.04	0.00	0.00	2000
231	11.07	2049	2137	0.00	211	0	0	0	nan	0.00	0.03	3.81	86.85	88.93	0.00	40	0	43	0.00	0.00	67.76	7.95	0.00	0.00	2000
228	11.21	2033	2101	0.00	195	0	0	0	nan	0.00	0.00	3.36	85.57	88.79	0.00	40	0	42	0.00	0.00	64.63	7.58	0.00	0.00	2000
224	11.10	2051	2065	0.00	196	0	0	0	nan	0.00	0.00	3.33	84.16	88.90	0.00	41	0	42	0.00	0.00	63.53	7.33	0.00	0.00	2000
230	10.88	2099	2117	0.00	194	0	0	0	nan	0.00	0.00	2.76	87.17	89.12	0.00	40	0	43	0.00	0.00	65.12	7.68	0.00	0.00	2000
224	11.23	2036	2058	0.00	195	0	0	0	nan	0.00	0.02	3.29	83.83	88.77	0.00	40	0	43	0.00	0.00	61.46	7.34	0.00	0.00	2000
234	11.32	2027	2144	0.00	229	0	0	0	nan	0.00	0.02	3.01	87.72	88.68	0.00	40	0	43	0.00	0.00	65.89	7.65	0.00	0.00	2000
225	11.14	2034	2084	0.00	195	0	0	0	nan	0.00	0.00	4.75	83.49	88.86	0.00	40	0	42	0.00	0.00	66.99	7.87	0.00	0.00	2000
228	11.17	2054	2083	0.00	196	0	0	0	nan	0.00	0.02	3.03	85.24	88.83	0.00	41	0	43	0.00	0.00	61.20	7.31	0.00	0.00	2000
228	11.11	2042	2108	0.00	211	0	0	0	nan	0.00	0.00	2.29	87.02	88.89	0.00	41	0	42	0.00	0.00	64.85	7.69	0.00	0.00	2000
232	11.07	2060	2137	0.00	210	0	0	0	nan	0.00	0.02	3.21	87.44	88.93	0.00	41	0	43	0.00	0.00	68.69	7.94	0.00	0.00	2000
223	11.05	2068	2047	0.00	195	0	0	0	nan	0.00	0.00	3.35	83.43	88.95	0.00	40	0	43	0.00	0.00	60.70	7.22	0.00	0.00	2000
231	11.21	2034	2128	0.00	211	0	0	0	nan	0.00	0.02	2.72	87.39	88.79	0.00	40	0	42	0.00	0.00	65.60	7.77	0.00	0.00	2000
231	10.92	2076	2138	0.00	210	0	0	0	nan	0.00	0.00	3.47	87.31	89.08	0.00	40	0	43	0.00	0.00	68.32	8.11	0.00	0.00	2000
229	10.92	2097	2096	0.00	195	0	0	3	76.39	0.00	0.00	3.78	85.12	89.08	0.00	40	0	43	0.00	0.00	64.45	7.69	0.00	0.00	2000
228	11.12	2051	2099	1.36	195	0	0	4	79.30	0.00	0.00	4.06	84.95	88.88	0.00	40	0	43	0.00	0.00	64.71	7.82	0.00	0.00	2000
230	11.21	2070	2081	0.00	197	0	0	0	nan	0.00	0.00	2.73	85.26	88.79	0.00	40	0	43	0.00	0.00	62.02	7.45	0.00	0.00	2000
222	10.70	2093	2082	0.00	210	0	0	0	nan	0.00	0.00	3.14	85.55	89.30	0.00	40	0	43	0.00	0.00	65.67	7.67	0.00	0.00	2000
228	11.07	2057	2099	0.00	194	0	0	0	nan	0.00	0.00	2.34	86.52	88.93	0.00	40	0	43	0.00	0.00	62.48	7.35	0.00	0.00	2000
228	11.08	2047	2107	0.00	210	0	0	0	nan	0.00	0.00	2.08	87.31	88.92	0.00	40	0	42	0.00	0.00	67.46	8.32	0.00	0.00	2000
231	11.17	2049	2117	0.00	212	0	0	0	nan	0.00	0.02	3.95	85.68	88.83	0.00	41	0	42	0.00	0.00	62.15	7.39	0.00	0.00	2000
226	10.86	2086	2092	0.00	195	0	0	0	nan	0.00	0.00	4.38	84.54	89.14	0.00	41	0	42	0.00	0.00	67.04	7.80	0.00	0.00	2000
228	11.04	2085	2082	0.00	194	0	0	0	nan	0.00	0.00	3.01	85.31	88.96	0.00	40	0	43	0.00	0.00	61.76	7.29	0.00	0.00	2000
231	11.10	2057	2121	0.00	212	0	0	0	nan	0.00	0.01	3.27	86.60	88.90	0.00	40	0	43	0.00	0.00	66.13	7.83	0.00	0.00	2000
224	11.03	2047	2085	0.00	211	0	0	0	nan	0.00	0.01	3.41	85.00	88.97	0.00	40	0	43	0.00	0.00	65.69	7.29	0.00	0.00	2000
230	10.92	2093	2118	0.00	197	0	0	0	nan	0.00	0.00	4.75	85.19	89.08	0.00	40	0	42	0.00	0.00	64.73	7.98	0.00	0.00	2000
232	11.42	2048	2079	0.00	211	0	0	0	nan	0.00	0.00	5.94	81.82	88.58	0.00	40	0	42	0.00	0.00	62.19	7.22	0.00	0.00	2000
228	10.97	2069	2111	0.00	210	0	0	0	nan	0.00	0.01	3.48	86.12	89.03	0.00	41	0	43	0.00	0.00	67.00	7.85	0.00	0.00	2000
230	11.11	2072	2099	0.00	196	0	0	0	nan	0.00	0.03	3.08	85.84	88.89	0.00	40	0	43	0.00	0.00	64.75	7.58	0.00	0.00	2000
226	11.08	2055	2087	0.00	211	0	0	0	nan	0.00	0.00	3.81	84.62	88.92	0.00	40	0	42	0.00	0.00	61.25	7.24	0.00	0.00	2000
232	11.04	2081	2122	0.00	195	0	0	0	nan	0.00	0.01	3.21	86.79	88.96	0.00	41	0	43	0.00	0.00	66.13	7.79	0.00	0.00	2000
223	11.25	1997	2088	1.09	211	0	0	6	71.54	0.00	0.00	3.55	84.86	88.75	0.00	40	0	43	0.00	0.00	66.02	7.73	0.00	0.00	2000
234	11.27	2064	2111	0.36	197	0	0	0	nan	0.00	0.02	2.78	86.46	88.73	0.00	38	0	43	0.00	0.00	62.68	7.42	0.00	0.00	2000
223	10.93	2059	2078	0.00	210	0	0	0	nan	0.00	0.00	3.00	85.27	89.07	0.00	39	0	43	0.00	0.00	63.41	7.44	0.00	0.00	2000
232	11.11	2057	2134	0.00	211	0	0	0	nan	0.00	0.01	2.68	87.73	88.89	0.00	39	0	43	0.00	0.00	66.18	7.72	0.00	0.00	2000
231	10.76	2131	2113	0.00	211	0	0	0	nan	0.00	0.00	4.23	85.53	89.24	0.00	40	0	43	0.00	0.00	64.80	7.54	0.00	0.00	2000
226	11.15	2049	2078	0.00	195	0	0	0	nan	0.00	0.00	4.21	83.87	88.85	0.00	39	0	42	0.00	0.00	64.34	7.49	0.00	0.00	2000
222	10.95	2053	2072	0.00	210	0	0	0	nan	0.00	0.00	2.84	85.06	89.05	0.00	40	0	43	0.00	0.00	63.10	7.41	0.00	0.00	2000
231	11.08	2071	2112	0.00	212	0	0	0	nan	0.00	0.03	2.97	86.57	88.92	0.00	39	0	42	0.00	0.00	65.15	7.58	0.00	0.00	2000
233	10.83	2125	2126	0.00	213	0	0	0	nan	0.00	0.00	3.06	87.28	89.17	0.00	40	0	42	0.00	0.00	68.26	7.99	0.00	0.00	2000
227	10.99	2080	2084	0.00	195	0	0	0	nan	0.00	0.00	3.72	84.71	89.01	0.00	40	0	42	0.00	0.00	63.76	7.36	0.00	0.00	2000
233	11.07	2070	2137	0.00	194	0	0	0	nan	0.00	0.00	2.66	87.87	88.93	0.00	39	0	43	0.00	0.00	66.37	7.62	0.00	0.00	2000
226	11.10	2048	2084	0.00	194	0	0	0	nan	0.00	0.00	3.58	84.73	88.90	0.00	39	0	43	0.00	0.00	63.31	7.38	0.00	0.00	2000
228	11.17	2037	2101	0.00	210	0	0	0	nan	0.00	0.00	3.28	85.78	88.83	0.00	40	0	42	0.00	0.00	62.46	7.32	0.00	0.00	2000
228	10.94	2098	2084	0.00	196	0	0	0	nan	0.00	0.02	3.83	84.61	89.06	0.00	39	0	43	0.00	0.00	63.66	7.46	0.00	0.00	2000
226	11.14	2044	2080	0.00	198	0	0	0	nan	0.00	0.00	2.73	85.33	88.86	0.00	39	0	43	0.00	0.00	64.20	7.46	0.00	0.00	2000
234	11.11	2068	2137	0.00	211	0	0	0	nan	0.00	0.02	2.61	87.82	88.89	0.00	39	0	43	0.00	0.00	66.56	7.97	0.00	0.00	2000
223	10.57	2131	2075	0.17	211	0	0	4	72.85	0.00	0.02	3.23	85.21	89.43	0.00	39	0	43	0.00	0.00	62.81	7.36	0.00	0.00	2000
236	11.13	2096	2122	1.15	197	0	0	3	79.67	0.00	0.03	3.24	86.64	88.87	0.00	40	0	43	0.00	0.00	66.90	7.65	0.00	0.00	2000
225	11.06	2046	2090	0.00	211	0	0	0	nan	0.00	0.00	3.00	85.59	88.94	0.00	39	0	42	0.00	0.00	63.22	7.38	0.00	0.00	2000
227	11.09	2061	2083	0.00	194	0	0	0	nan	0.00	0.01	2.74	85.62	88.91	0.00	40	0	43	0.00	0.00	64.10	7.54	0.00	0.00	2000
230	10.99	2064	2129	0.00	210	0	0	0	nan	0.00	0.00	2.54	87.75	89.01	0.00	40	0	42	0.00	0.00	66.38	7.71	0.00	0.00	2000
229	11.12	2049	2111	0.00	213	0	0	0	nan	0.00	0.01	3.61	85.89	88.88	0.00	39	0	42	0.00	0.00	66.75	7.87	0.00	0.00	2000
229	11.03	2078	2102	0.00	195	0	0	0	nan	0.00	0.00	3.39	85.74	88.97	0.00	40	0	43	0.00	0.00	61.95	7.05	0.00	0.00	2000
229	11.22	2038	2101	0.00	194	0	0	0	nan	0.00	0.00	3.76	85.10	88.78	0.00	39	0	43	0.00	0.00	67.79	7.89	0.00	0.00	2000
231	10.84	2132	2096	0.00	224	0	0	0	nan	0.00	0.02	3.45	85.59	89.16	0.00	40	0	42	0.00	0.00	61.68	7.16	0.00	0.00	2000
228	11.05	2087	2073	0.00	196	0	0	0	nan	0.00	0.00	3.94	83.97	88.95	0.00	39	0	43	0.00	0.00	63.58	7.37	0.00	0.00	2000
227	11.21	2041	2084	0.00	195	0	0	0	nan	0.00	0.02	2.13	86.12	88.79	0.00	40	0	43	0.00	0.00	64.46	7.40	0.00	0.00	2000
228	10.99	2065	2105	0.00	210	0	0	0	nan	0.00	0.02	2.85	86.46	89.01	0.00	40	0	43	0.00	0.00	64.90	7.58	0.00	0.00	2000
232	11.14	2041	2146	0.00	210	0	0	0	nan	0.00	0.00	2.50	88.46	88.86	0.00	39	0	43	0.00	0.00	66.66	7.73	0.00	0.00	2000
229	11.36	2013	2100	0.00	194	0	0	0	nan	0.00	0.00	2.80	86.00	88.64	0.00	40	0	43	0.00	0.00	64.17	7.44	0.00	0.00	2000
229	11.30	2027	2098	0.00	195	0	0	0	nan	0.00	0.00	3.30	85.42	88.70	0.00	39	0	42	0.00	0.00	64.69	7.66	0.00	0.00	2000
223	10.99	2067	2058	0.00	193	0	0	0	nan	0.00	0.00	3.06	84.35	89.01	0.00	40	0	43	0.00	0.00	63.43	7.47	0.00	0.00	2000
229	10.99	2059	2130	0.00	210	0	0	0	nan	0.00	0.02	2.36	87.99	89.01	0.00	40	0	43	0.00	0.00	64.76	7.56	0.00	0.00	2000
227	11.11	2064	2077	1.06	215	0	0	6	71.68	0.00	0.00	4.75	83.27	88.89	0.00	40	0	43	0.00	0.00	63.81	7.56	0.00	0.00	2000
233	11.15	2064	2125	0.37	196	0	0	0	nan	0.00	0.02	3.67	86.34	88.85	0.00	40	0	43	0.00	0.00	63.71	7.43	0.00	0.00	2000
226	11.15	2038	2093	0.00	210	0	0	0	nan	0.01	0.00	3.05	85.63	88.85	0.00	40	0	42	0.00	0.00	66.59	7.96	0.00	0.00	2000
227	11.18	2035	2093	0.00	198	0	0	0	nan	0.00	0.01	3.71	84.81	88.82	0.00	40	0	42	0.00	0.00	62.21	7.41	0.00	0.00	2000
233	11.23	2048	2129	0.00	213	0	0	0	nan	0.00	0.01	3.87	86.20	88.77	0.00	39	0	42	0.00	0.00	67.53	7.84	0.00	0.00	2000
226	11.18	2052	2064	0.00	196	0	0	0	nan	0.00	0.00	4.11	83.29	88.82	0.00	40	0	43	0.00	0.00	63.80	7.44	0.00	0.00	2000
229	11.08	2072	2096	0.00	210	0	0	0	nan	0.00	0.00	2.75	86.12	88.92	0.00	40	0	43	0.00	0.00	64.69	7.51	0.00	0.00	2000
233	10.84	2097	2149	0.00	194	0	0	0	nan	0.00	0.02	3.32	87.90	89.16	0.00	40	0	43	0.00	0.00	66.31	7.76	0.00	0.00	2000
227	11.14	2047	2095	0.00	194	0	0	0	nan	0.00	0.00	3.72	85.10	88.86	0.00	39	0	43	0.00	0.00	64.39	7.47	0.00	0.00	2000
224	11.11	2046	2068	0.00	195	0	0	0	nan	0.00	0.00	3.19	84.43	88.89	0.00	39	0	43	0.00	0.00	63.40	7.70	0.00	0.00	2000
231	10.93	2102	2114	0.00	194	0	0	0	nan	0.00	0.00	2.43	87.34	89.07	0.00	39	0	43	0.00	0.00	65.26	7.47	0.00	0.00	2000
224	11.15	2042	2069	0.00	194	0	0	0	nan	0.00	0.00	2.26	85.35	88.85	0.00	40	0	43	0.00	0.00	61.01	7.11	0.00	0.00	2000
227	10.97	2060	2108	0.00	211	0	0	0	nan	0.01	0.00	2.86	86.60	89.03	0.00	39	0	43	0.00	0.00	64.76	7.58	0.00	0.00	2000
236	11.21	2059	2143	0.00	212	0	0	0	nan	0.00	0.00	2.95	87.76	88.79	0.00	40	0	43	0.00	0.00	67.31	7.90	0.00	0.00	2000
229	11.06	2079	2095	0.00	195	0	0	0	nan	0.00	0.00	3.77	85.06	88.94	0.00	40	0	43	0.00	0.00	64.85	7.52	0.00	0.00	2000
230	10.78	2124	2104	0.00	195	0	0	0	nan	0.00	0.00	3.57	85.90	89.22	0.00	40	0	42	0.00	0.00	64.87	7.73	0.00	0.00	2000
233	11.14	2099	2087	0.00	197	0	0	1	77.27	0.00	0.01	4.27	84.13	88.86	0.00	40	0	43	0.00	0.00	65.42	7.70	0.00	0.00	2000
226	11.17	2043	2078	1.40	196	0	0	7	73.08	0.00	0.02	3.69	84.37	88.83	0.00	39	0	43	0.00	0.00	64.87	7.41	0.00	0.00	2000
228	11.01	2075	2092	0.00	194	0	0	0	nan	0.00	0.00	2.73	86.01	88.99	0.00	40	0	43	0.00	0.00	60.23	7.36	0.00	0.00	2000
227	11.20	2023	2104	0.00	211	0	0	0	nan	0.00	0.00	2.55	86.56	88.80	0.00	40	0	42	0.00	0.00	64.70	7.54	0.00	0.00	2000
227	11.16	2043	2092	0.00	213	0	0	0	nan	0.00	0.04	2.58	86.02	88.84	0.00	40	0	42	0.00	0.00	63.94	7.62	0.00	0.00	2000
229	10.91	2071	2132	0.00	212	0	0	0	nan	0.00	0.01	3.35	87.17	89.09	0.00	39	0	42	0.00	0.00	68.20	8.03	0.00	0.00	2000
230	11.22	2067	2084	0.00	194	0	0	0	nan	0.00	0.00	2.35	85.85	88.78	0.00	40	0	43	0.00	0.00	61.93	7.26	0.00	0.00	2000
233	11.16	2047	2138	0.00	210	0	0	0	nan	0.00	0.01	3.10	87.52	88.84	0.00	40	0	43	0.00	0.00	68.71	8.02	0.00	0.00	2000
229	11.21	2041	2099	0.00	194	0	0	0	nan	0.00	0.00	3.18	85.79	88.79	0.00	39	0	43	0.00	0.00	64.45	7.53	0.00	0.00	2000
228	11.22	2032	2101	0.00	196	0	0	0	nan	0.00	0.00	4.07	84.87	88.78	0.00	40	0	43	0.00	0.00	64.79	7.50	0.00	0.00	2000
228	11.12	2051	2097	0.00	194	0	0	0	nan	0.00	0.00	3.79	85.07	88.88	0.00	40	0	43	0.00	0.00	64.70	7.66	0.00	0.00	2000
225	11.17	2042	2070	0.00	195	0	0	0	nan	0.00	0.00	4.23	83.42	88.83	0.00	40	0	43	0.00	0.00	63.29	7.27	0.00	0.00	2000
227	11.11	2054	2088	0.00	195	0	0	0	nan	0.00	0.02	2.88	85.58	88.89	0.00	39	0	43	0.00	0.00	61.69	7.37	0.00	0.00	2000
232	11.08	2050	2144	0.00	213	0	0	0	nan	0.00	0.01	3.19	87.68	88.92	0.00	40	0	43	0.00	0.00	68.74	7.99	0.00	0.00	2000
225	11.08	2070	2061	0.00	193	0	0	0	nan	0.00	0.02	3.07	84.30	88.92	0.00	40	0	43	0.00	0.00	61.00	7.05	0.00	0.00	2000
231	10.85	2097	2135	0.00	211	0	0	0	nan	0.00	0.00	3.53	87.20	89.15	0.00	40	0	42	0.00	0.00	67.74	7.94	0.00	0.00	2000
231	11.07	2078	2110	0.00	194	0	0	0	nan	0.00	0.01	3.28	86.17	88.93	0.00	39	0	43	0.00	0.00	65.49	7.87	0.00	0.00	2000
227	11.23	2018	2098	0.17	195	0	0	5	73.00	0.00	0.00	4.62	84.18	88.77	0.00	40	0	43	0.00	0.00	64.28	7.53	0.00	0.00	2000
229	11.34	2019	2099	1.23	194	0	0	3	79.64	0.00	0.02	3.49	85.27	88.66	0.00	40	0	43	0.00	0.00	64.96	7.56	0.00	0.00	2000
222	11.15	2034	2052	0.00	195	0	0	0	nan	0.00	0.01	3.04	83.96	88.85	0.00	40	0	42	0.00	0.00	60.39	7.09	0.00	0.00	2000
232	10.98	2086	2128	0.00	211	0	0	0	nan	0.00	0.01	2.72	87.59	89.02	0.00	40	0	43	0.00	0.00	67.72	8.10	0.00	0.00	2000
232	10.99	2086	2121	0.00	211	0	0	0	nan	0.00	0.00	3.96	86.01	89.01	0.00	39	0	43	0.00	0.00	66.00	7.94	0.00	0.00	2000
227	11.04	2060	2100	0.00	194	0	0	0	nan	0.00	0.00	3.53	85.58	88.96	0.00	39	0	42	0.00	0.00	64.46	7.61	0.00	0.00	2000
226	10.79	2119	2081	0.00	194	0	0	0	nan	0.00	0.00	2.87	85.65	89.21	0.00	40	0	43	0.00	0.00	64.04	7.42	0.00	0.00	2000
227	11.02	2083	2077	0.00	197	0	0	0	nan	0.00	0.00	2.95	85.11	88.98	0.00	40	0	43	0.00	0.00	61.45	7.23	0.00	0.00	2000
231	11.02	2083	2111	0.00	213	0	0	0	nan	0.00	0.01	3.29	86.13	88.98	0.00	40	0	43	0.00	0.00	65.34	7.82	0.00	0.00	2000
226	10.91	2076	2094	0.00	210	0	0	0	nan	0.00	0.00	2.61	86.18	89.09	0.00	39	0	42	0.00	0.00	65.60	7.65	0.00	0.00	2000
228	11.14	2032	2119	0.00	209	0	0	0	nan	0.00	0.02	1.86	87.90	88.86	0.00	40	0	43	0.00	0.00	66.56	7.71	0.00	0.00	2000
229	11.11	2072	2090	0.00	195	0	0	0	nan	0.00	0.02	3.52	85.05	88.89	0.00	40	0	42	0.00	0.00	64.06	7.46	0.00	0.00	2000
228	10.99	2072	2104	0.00	196	0	0	0	nan	0.00	0.02	2.69	86.59	89.01	0.00	40	0	42	0.00	0.00	62.75	7.41	0.00	0.00	2000
228	11.11	2059	2091	0.00	212	0	0	0	nan	0.00	0.00	2.76	85.94	88.89	0.00	39	0	43	0.00	0.00	64.06	7.72	0.00	0.00	2000
231	11.08	2046	2141	0.00	210	0	0	0	nan	0.00	0.02	3.00	87.75	88.92	0.00	39	0	43	0.00	0.00	68.31	7.95	0.00	0.00	2000
229	10.87	2125	2081	0.00	194	0	0	0	nan	0.00	0.02	3.32	85.05	89.13	0.00	39	0	42	0.00	0.00	64.00	7.52	0.00	0.00	2000
227	11.13	2058	2084	0.00	197	0	0	0	nan	0.00	0.00	2.84	85.47	88.87	0.00	40	0	43	0.00	0.00	63.66	7.60	0.00	0.00	2000
229	11.10	2074	2092	1.17	195	0	0	5	68.92	0.00	0.00	2.80	85.85	88.90	0.00	39	0	42	0.00	0.00	61.80	7.51	0.00	0.00	2000
230	11.04	2056	2127	0.20	210	0	0	0	nan	0.00	0.00	2.28	87.84	88.96	0.00	40	0	42	0.00	0.00	67.78	7.88	0.00	0.00	2000
225	11.13	2043	2082	0.00	211	0	0	0	nan	0.00	0.02	3.12	85.09	88.87	0.00	39	0	42	0.00	0.00	64.59	7.61	0.00	0.00	2000
229	11.12	2060	2097	0.00	197	0	0	0	nan	0.00	0.00	3.03	85.75	88.88	0.00	40	0	43	0.00	0.00	62.27	7.47	0.00	0.00	2000
228	10.97	2077	2098	0.00	213	0	0	0	nan	0.00	0.00	3.99	85.06	89.03	0.00	40	0	43	0.00	0.00	64.38	7.62	0.00	0.00	2000
234	11.10	2067	2144	0.00	211	0	0	0	nan	0.00	0.02	3.25	87.62	88.90	0.00	39	0	43	0.00	0.00	69.04	8.09	0.00	0.00	2000
229	10.94	2100	2092	0.00	194	0	0	0	nan	0.00	0.00	3.80	85.01	89.06	0.00	39	0	43	0.00	0.00	64.56	7.64	0.00	0.00	2000
228	11.38	2007	2101	0.00	195	0	0	0	nan	0.00	0.00	4.45	84.30	88.62	0.00	40	0	43	0.00	0.00	64.31	7.61	0.00	0.00	2000
224	11.02	2064	2065	0.00	194	0	0	0	nan	0.00	0.02	3.00	84.67	88.98	0.00	40	0	43	0.00	0.00	60.91	7.30	0.00	0.00	2000
232	11.00	2063	2144	0.00	210	0	0	0	nan	0.00	0.02	3.06	87.91	89.00	0.00	40	0	43	0.00	0.00	68.97	8.13	0.00	0.00	2000
224	11.00	2067	2063	0.00	197	0	0	0	nan	0.00	0.02	4.63	82.90	89.00	0.00	40	0	43	0.00	0.00	62.70	7.51	0.00	0.00	2000
230	11.02	2084	2099	0.00	213	0	0	0	nan	0.00	0.02	4.09	84.83	88.98	0.00	40	0	42	0.00	0.00	61.98	7.08	0.00	0.00	2000
228	10.98	2079	2095	0.00	195	0	0	0	nan	0.00	0.00	2.98	85.89	89.02	0.00	40	0	43	0.00	0.00	64.64	7.55	0.00	0.00	2000
231	10.83	2102	2132	0.00	211	0	0	0	nan	0.00	0.03	2.68	87.88	89.17	0.00	39	0	43	0.00	0.00	68.19	8.17	0.00	0.00	2000
231	10.97	2101	2109	0.00	194	0	0	0	nan	0.00	0.00	3.44	86.02	89.03	0.00	40	0	43	0.00	0.00	65.52	7.56	0.00	0.00	2000
223	11.17	2027	2068	0.00	195	0	0	0	nan	0.00	0.00	3.40	84.18	88.83	0.00	39	0	43	0.00	0.00	62.96	7.33	0.00	0.00	2000
228	11.16	2059	2085	0.00	195	0	0	3	74.73	0.00	0.01	2.81	85.51	88.84	0.00	39	0	42	0.00	0.00	61.95	7.58	0.00	0.00	2000
228	10.97	2059	2119	1.37	210	0	0	4	76.92	0.00	0.00	2.69	87.25	89.03	0.00	40	0	43	0.00	0.00	67.87	7.81	0.00	0.00	2000
230	11.01	2076	2109	0.00	210	0	0	0	nan	0.00	0.00	3.06	86.37	88.99	0.00	40	0	43	0.00	0.00	63.91	7.59	0.00	0.00	2000
230	11.09	2061	2114	0.00	195	0	0	0	nan	0.00	0.00	3.67	85.95	88.91	0.00	40	0	43	0.00	0.00	64.21	7.59	0.00	0.00	2000
231	11.16	2068	2104	0.00	195	0	0	0	nan	0.00	0.00	4.37	84.63	88.84	0.00	40	0	43	0.00	0.00	67.67	7.92	0.00	0.00	2000
225	11.03	2065	2072	0.00	195	0	0	0	nan	0.00	0.00	3.49	84.40	88.97	0.00	40	0	42	0.00	0.00	63.33	7.48	0.00	0.00	2000
230	11.13	2054	2116	0.00	211	0	0	0	nan	0.00	0.00	3.15	86.50	88.87	0.00	39	0	43	0.00	0.00	62.68	7.57	0.00	0.00	2000
228	11.13	2028	2117	0.00	196	0	0	0	nan	0.00	0.00	4.66	85.03	88.87	0.00	40	0	43	0.00	0.00	68.32	7.92	0.00	0.00	2000
223	11.12	2050	2054	0.00	195	0	0	0	nan	0.00	0.00	3.38	83.60	88.88	0.00	40	0	42	0.00	0.00	60.49	7.09	0.00	0.00	2000
229	10.84	2092	2120	0.00	211	0	0	0	nan	0.00	0.01	2.42	87.70	89.16	0.00	40	0	43	0.00	0.00	68.12	7.99	0.00	0.00	2000
227	10.97	2087	2083	0.00	196	0	0	0	nan	0.00	0.00	2.80	85.64	89.03	0.00	40	0	43	0.00	0.00	61.88	7.38	0.00	0.00	2000
233	11.28	2015	2153	0.00	212	0	0	0	nan	0.00	0.03	2.92	88.24	88.72	0.00	40	0	43	0.00	0.00	69.25	8.10	0.00	0.00	2000
224	11.05	2061	2065	0.00	194	0	0	0	nan	0.00	0.02	2.91	84.61	88.95	0.00	40	0	43	0.00	0.00	61.08	7.08	0.00	0.00	2000
229	11.02	2072	2103	0.00	210	0	0	0	nan	0.00	0.02	3.01	86.17	88.98	0.00	39	0	43	0.00	0.00	64.01	7.63	0.00	0.00	2000
230	10.98	2090	2106	0.00	198	0	0	0	nan	0.00	0.02	3.74	85.61	89.02	0.00	39	0	43	0.00	0.00	68.12	7.98	0.00	0.00	2000
227	11.19	2039	2089	0.00	195	0	0	0	nan	0.00	0.00	3.38	85.02	88.81	0.00	39	0	43	0.00	0.00	61.82	7.35	0.00	0.00	2000
225	11.08	2040	2088	0.00	210	0	0	0	nan	0.00	0.00	2.74	85.76	88.92	0.00	40	0	43	0.00	0.00	64.08	7.49	0.00	0.00	2000
235	11.20	2050	2155	0.93	213	0	0	6	71.39	0.00	0.00	4.61	86.59	88.80	0.00	40	0	43	0.00	0.00	69.66	8.23	0.00	0.00	2000
231	11.24	2053	2100	0.55	209	0	0	0	nan	0.00	0.00	5.83	83.11	88.76	0.00	40	0	42	0.00	0.00	61.54	7.43	0.00	0.00	2000
227	10.99	2077	2087	0.00	196	0	0	0	nan	0.00	0.00	4.39	84.13	89.01	0.00	39	0	43	0.00	0.00	64.52	7.58	0.00	0.00	2000
229	10.98	2083	2106	0.00	193	0	0	0	nan	0.00	0.01	3.94	85.44	89.02	0.00	40	0	43	0.00	0.00	65.32	7.71	0.00	0.00	2000
229	11.24	2048	2087	0.00	194	0	0	0	nan	0.00	0.00	4.09	84.27	88.76	0.00	40	0	43	0.00	0.00	64.39	7.47	0.00	0.00	2000
225	11.29	2011	2083	0.00	211	0	0	0	nan	0.00	0.01	3.14	84.98	88.71	0.00	40	0	43	0.00	0.00	65.27	7.71	0.00	0.00	2000
232	11.18	2050	2122	0.00	196	0	0	0	nan	0.00	0.02	4.07	85.80	88.82	0.00	39	0	42	0.00	0.00	64.32	7.69	0.00	0.00	2000
223	11.00	2048	2082	0.00	211	0	0	0	nan	0.00	0.00	3.69	84.66	89.00	0.00	40	0	43	0.00	0.00	63.08	7.54	0.00	0.00	2000
227	10.82	2097	2100	0.00	194	0	0	0	nan	0.00	0.01	2.74	86.52	89.18	0.00	40	0	43	0.00	0.00	64.42	7.59	0.00	0.00	2000
229	11.08	2080	2086	0.00	194	0	0	0	nan	0.01	0.00	3.06	85.38	88.92	0.00	40	0	43	0.00	0.00	64.78	7.81	0.00	0.00	2000
227	10.73	2102	2114	0.00	211	0	0	0	nan	0.01	0.00	3.15	86.81	89.27	0.00	40	0	43	0.00	0.00	64.82	7.50	0.00	0.00	2000
227	11.09	2067	2083	0.00	194	0	0	0	nan	0.00	0.00	3.18	85.06	88.91	0.00	40	0	43	0.00	0.00	64.56	7.53	0.00	0.00	2000
234	11.10	2054	2155	0.00	212	0	0	0	nan	0.00	0.02	3.05	88.25	88.90	0.00	39	0	43	0.00	0.00	63.94	7.76	0.00	0.00	2000
237	11.34	2097	2093	0.00	197	0	0	0	nan	0.00	0.00	4.18	84.29	88.66	0.00	40	0	43	0.00	0.00	64.64	7.38	0.00	0.00	2000
229	11.19	2040	2108	0.00	195	0	0	0	nan	0.00	0.00	4.71	84.59	88.81	0.00	40	0	42	0.00	0.00	65.03	7.50	0.00	0.00	2000
228	11.14	2047	2098	0.00	194	0	0	0	nan	0.00	0.00	3.76	85.17	88.86	0.00	39	0	43	0.00	0.00	64.68	7.47	0.00	0.00	2000
224	10.84	2106	2064	0.00	195	0	0	0	nan	0.00	0.00	3.76	84.04	89.16	0.00	40	0	42	0.00	0.00	63.57	7.52	0.00	0.00	2000
229	10.98	2088	2100	1.25	197	0	0	6	64.58	0.01	0.00	3.59	85.55	89.02	0.00	40	0	43	0.00	0.00	64.22	7.62	0.00	0.00	2000
230	10.94	2100	2105	0.20	196	0	0	0	nan	0.00	0.01	3.26	86.11	89.06	0.00	40	0	43	0.00	0.00	65.02	7.72	0.00	0.00	2000
235	11.08	2082	2134	0.00	197	0	0	0	nan	0.00	0.00	3.53	86.98	88.92	0.00	40	0	43	0.00	0.00	66.50	7.79	0.00	0.00	2000
222	11.15	2029	2063	0.00	194	0	0	0	nan	0.00	0.02	3.34	84.09	88.85	0.00	40	0	43	0.00	0.00	63.14	7.34	0.00	0.00	2000
232	11.13	2067	2115	0.00	194	0	0	0	nan	0.00	0.02	2.93	86.67	88.87	0.00	40	0	43	0.00	0.00	64.95	7.67	0.00	0.00	2000
225	10.97	2070	2082	0.00	211	0	0	0	nan	0.00	0.00	3.48	84.86	89.03	0.00	40	0	42	0.00	0.00	64.16	7.61	0.00	0.00	2000
234	10.97	2098	2130	0.00	195	0	0	0	nan	0.00	0.00	3.65	86.68	89.03	0.00	40	0	43	0.00	0.00	65.64	7.70	0.00	0.00	2000
228	11.30	2014	2106	0.00	193	0	0	0	nan	0.00	0.00	2.85	86.32	88.70	0.00	40	0	43	0.00	0.00	64.73	7.68	0.00	0.00	2000
229	11.16	2060	2089	0.00	193	0	0	0	nan	0.01	0.01	3.03	85.46	88.84	0.00	40	0	43	0.00	0.00	62.57	7.24	0.00	0.00	2000
223	10.78	2082	2085	0.00	210	0	0	0	nan	0.00	0.02	3.85	84.82	89.22	0.00	40	0	43	0.00	0.00	66.35	7.82	0.00	0.00	2000
230	11.11	2063	2105	0.00	212	0	0	0	nan	0.00	0.00	3.82	85.40	88.89	0.00	39	0	43	0.00	0.00	67.28	7.93	0.00	0.00	2000
227	11.23	2039	2085	0.00	194	0	0	0	nan	0.00	0.02	3.68	84.49	88.77	0.00	40	0	43	0.00	0.00	61.81	7.14	0.00	0.00	2000
232	11.13	2061	2125	0.00	211	0	0	0	nan	0.00	0.02	3.65	86.38	88.87	0.00	40	0	43	0.00	0.00	66.28	7.79	0.00	0.00	2000
228	11.08	2043	2112	0.00	195	0	0	0	nan	0.00	0.00	4.29	85.27	88.92	0.00	40	0	43	0.00	0.00	64.43	7.63	0.00	0.00	2000
226	11.12	2064	2064	0.00	195	0	0	0	nan	0.00	0.02	3.64	83.79	88.88	0.00	40	0	43	0.00	0.00	61.12	7.29	0.00	0.00	2000
229	10.75	2111	2117	0.00	211	0	0	0	nan	0.00	0.04	3.45	86.62	89.25	0.00	40	0	42	0.00	0.00	67.79	7.84	0.00	0.00	2000
224	11.10	2042	2073	0.00	194	0	0	3	80.43	0.00	0.00	3.02	84.82	88.90	0.00	40	0	43	0.00	0.00	61.03	7.38	0.00	0.00	2000
228	11.05	2050	2111	1.27	211	0	0	5	78.79	0.00	0.03	2.60	86.92	88.95	0.00	40	0	42	0.00	0.00	65.16	7.58	0.00	0.00	2000
236	11.13	2078	2144	0.00	211	0	0	0	nan	0.00	0.00	2.68	88.15	88.87	0.00	40	0	42	0.00	0.00	68.87	8.12	0.00	0.00	2000
228	11.22	2035	2096	0.00	198	0	0	0	nan	0.00	0.01	5.08	83.65	88.78	0.00	39	0	43	0.00	0.00	64.60	7.68	0.00	0.00	2000
226	11.04	2074	2071	0.00	194	0	0	0	nan	0.00	0.02	3.07	84.76	88.96	0.00	40	0	43	0.00	0.00	61.13	7.43	0.00	0.00	2000
231	11.00	2067	2132	0.00	211	0	0	0	nan	0.00	0.02	2.97	87.48	89.00	0.00	40	0	42	0.00	0.00	68.54	8.05	0.00	0.00	2000
228	11.29	2018	2101	0.00	194	0	0	0	nan	0.00	0.00	3.68	85.20	88.71	0.00	40	0	43	0.00	0.00	64.35	7.69	0.00	0.00	2000
224	11.17	2043	2065	0.00	196	0	0	0	nan	0.00	0.02	3.79	83.55	88.83	0.00	40	0	43	0.00	0.00	61.22	7.14	0.00	0.00	2000
226	11.00	2063	2091	0.00	227	0	0	0	nan	0.00	0.00	2.93	85.81	89.00	0.00	40	0	43	0.00	0.00	63.86	7.72	0.00	0.00	2000
233	10.79	2128	2128	0.00	198	0	0	0	nan	0.00	0.00	4.41	86.04	89.21	0.00	39	0	43	0.00	0.00	68.71	8.28	0.00	0.00	2000
228	10.98	2082	2090	0.00	195	0	0	0	nan	0.00	0.00	2.93	85.69	89.02	0.00	40	0	43	0.00	0.00	62.00	7.37	0.00	0.00	2000
234	11.38	2045	2112	0.00	228	0	0	0	nan	0.00	0.01	6.13	83.14	88.62	0.00	40	0	43	0.00	0.00	66.41	7.76	0.00	0.00	2000
226	11.04	2062	2089	0.00	211	0	0	0	nan	0.00	0.00	3.41	85.13	88.96	0.00	40	0	43	0.00	0.00	65.09	7.71	0.00	0.00	2000
227	11.08	2055	2097	0.00	194	0	0	0	nan	0.00	0.00	3.08	85.83	88.92	0.00	40	0	43	0.00	0.00	64.28	7.77	0.00	0.00	2000
229	11.25	2041	2097	0.00	213	0	0	0	nan	0.00	0.00	4.04	84.62	88.75	0.00	40	0	42	0.00	0.00	65.01	7.72	0.00	0.00	2000
236	11.16	2076	2143	0.00	201	0	0	0	nan	0.00	0.00	2.50	88.21	88.84	0.00	40	0	43	0.00	0.00	66.06	7.97	0.00	0.00	2000
225	10.76	2126	2065	0.00	193	0	0	0	nan	0.00	0.00	3.40	84.47	89.24	0.00	40	0	43	0.00	0.00	64.62	7.77	0.00	0.00	2000
231	11.17	2042	2123	0.70	195	0	0	6	66.56	0.00	0.00	2.06	87.85	88.83	0.00	40	0	43	0.00	0.00	64.63	7.69	0.00	0.00	2000
225	10.98	2078	2066	0.71	194	0	0	1	91.23	0.00	0.00	3.33	84.36	89.02	0.00	40	0	43	0.00	0.00	63.48	7.38	0.00	0.00	2000
228	11.06	2059	2103	0.00	198	0	0	0	nan	0.00	0.01	3.13	86.03	88.94	0.00	40	0	43	0.00	0.00	64.56	7.73	0.00	0.00	2000
233	11.34	2049	2103	0.00	213	0	0	0	nan	0.00	0.01	3.23	85.70	88.66	0.00	40	0	43	0.00	0.00	65.38	7.80	0.00	0.00	2000
229	11.07	2059	2113	0.00	194	0	0	0	nan	0.00	0.00	2.74	86.82	88.93	0.00	40	0	43	0.00	0.00	63.00	7.61	0.00	0.00	2000
230	11.09	2069	2107	0.00	211	0	0	0	nan	0.00	0.00	3.53	85.79	88.91	0.00	40	0	43	0.00	0.00	64.17	7.62	0.00	0.00	2000
228	10.95	2073	2113	0.00	197	0	0	0	nan	0.00	0.00	4.31	85.36	89.05	0.00	40	0	43	0.00	0.00	67.93	8.00	0.00	0.00	2000
227	10.97	2094	2071	0.00	195	0	0	0	nan	0.00	0.00	4.29	83.60	89.03	0.00	40	0	43	0.00	0.00	63.53	7.53	0.00	0.00	2000
225	11.05	2054	2087	0.00	194	0	0	0	nan	0.00	0.02	2.72	85.76	88.95	0.00	40	0	43	0.00	0.00	61.77	7.35	0.00	0.00	2000
227	10.98	2075	2095	0.00	211	0	0	0	nan	0.00	0.02	3.75	85.13	89.02	0.00	40	0	43	0.00	0.00	64.68	7.63	0.00	0.00	2000
226	10.98	2056	2100	0.00	227	0	0	0	nan	0.00	0.00	2.40	86.73	89.02	0.00	40	0	43	0.00	0.00	64.50	7.60	0.00	0.00	2000
236	11.07	2089	2142	0.00	212	0	0	0	nan	0.00	0.02	3.10	87.71	88.93	0.00	39	0	43	0.00	0.00	67.59	8.06	0.00	0.00	2000
226	10.93	2090	2073	0.00	178	0	0	0	nan	0.00	0.01	2.59	85.43	89.07	0.00	40	0	43	0.00	0.00	62.64	7.51	0.00	0.00	2000
229	11.24	2032	2110	0.00	211	0	0	0	nan	0.00	0.00	2.55	86.79	88.76	0.00	40	0	43	0.00	0.00	65.22	7.81	0.00	0.00	2000
225	10.77	2099	2087	0.00	211	0	0	0	nan	0.00	0.01	2.91	85.94	89.23	0.00	40	0	42	0.00	0.00	66.28	7.81	0.00	0.00	2000
228	10.99	2087	2089	0.00	195	0	0	0	nan	0.00	0.00	2.97	85.68	89.01	0.00	40	0	42	0.00	0.00	61.96	7.39	0.00	0.00	2000
227	10.91	2070	2115	0.00	210	0	0	2	78.77	0.00	0.02	2.51	87.33	89.09	0.00	40	0	42	0.00	0.00	67.76	7.98	0.00	0.00	2000
227	10.95	2087	2087	1.27	195	0	0	5	76.48	0.00	0.00	3.54	85.03	89.05	0.00	40	0	43	0.00	0.00	62.29	7.29	0.00	0.00	2000
232	11.02	2072	2134	0.00	210	0	0	0	nan	0.00	0.02	2.90	87.55	88.98	0.00	39	0	43	0.00	0.00	66.60	7.97	0.00	0.00	2000
229	11.00	2094	2087	0.00	211	0	0	0	nan	0.00	0.00	4.10	84.42	89.00	0.00	40	0	43	0.00	0.00	63.20	7.36	0.00	0.00	2000
232	11.07	2070	2129	0.00	194	0	0	0	nan	0.00	0.02	3.55	86.65	88.93	0.00	40	0	43	0.00	0.00	69.13	8.07	0.00	0.00	2000
225	10.65	2144	2065	0.00	195	0	0	0	nan	0.00	0.00	4.21	83.75	89.35	0.00	40	0	43	0.00	0.00	60.26	7.21	0.00	0.00	2000
226	10.96	2078	2086	0.00	194	0	0	0	nan	0.00	0.01	3.11	85.36	89.04	0.00	40	0	43	0.00	0.00	64.92	7.72	0.00	0.00	2000
234	10.96	2096	2139	0.00	213	0	0	0	nan	0.00	0.00	3.80	86.97	89.04	0.00	39	0	43	0.00	0.00	68.76	8.21	0.00	0.00	2000
229	11.23	2031	2110	0.00	194	0	0	0	nan	0.00	0.03	2.87	86.46	88.77	0.00	40	0	43	0.00	0.00	65.23	7.87	0.00	0.00	2000
266	12.59	2107	2104	0.00	194	0	0	0	nan	0.00	0.01	3.72	84.00	87.41	0.00	40	0	42	0.00	0.00	65.15	7.65	0.00	0.00	2000
227	11.26	2024	2097	0.00	196	0	0	0	nan	0.00	0.00	3.48	85.25	88.74	0.00	40	0	43	0.00	0.00	64.55	7.59	0.00	0.00	2000
229	10.94	2111	2086	0.00	195	0	0	0	nan	0.00	0.03	3.24	85.20	89.06	0.00	39	0	42	0.00	0.00	61.37	7.35	0.00	0.00	2000
231	11.23	2046	2114	0.00	193	0	0	0	nan	0.00	0.02	3.05	86.38	88.77	0.00	39	0	42	0.00	0.00	68.52	8.07	0.00	0.00	2000
230	11.17	2060	2103	0.00	194	0	0	0	nan	0.00	0.04	3.30	85.81	88.83	0.00	40	0	43	0.00	0.00	61.74	7.36	0.00	0.00	2000
223	10.99	2072	2060	0.00	194	0	0	0	nan	0.00	0.00	3.96	83.45	89.01	0.00	40	0	43	0.00	0.00	63.02	7.56	0.00	0.00	2000
231	10.93	2097	2118	0.00	196	0	0	0	nan	0.00	0.00	4.63	85.32	89.07	0.00	40	0	43	0.00	0.00	68.38	8.12	0.00	0.00	2000
228	11.15	2046	2102	0.00	194	0	0	0	nan	0.00	0.02	2.96	86.09	88.85	0.00	40	0	43	0.00	0.00	62.68	7.42	0.00	0.00	2000
229	11.18	2056	2091	0.01	213	0	0	4	78.07	0.00	0.02	3.76	84.79	88.82	0.00	39	0	43	0.00	0.00	63.55	7.58	0.00	0.00	2000
233	11.17	2061	2126	1.36	194	0	0	4	77.68	0.00	0.00	3.99	86.08	88.83	0.00	40	0	43	0.00	0.00	65.85	7.80	0.00	0.00	2000
229	11.11	2056	2102	0.00	194	0	0	0	nan	0.00	0.00	3.92	85.23	88.89	0.00	40	0	43	0.00	0.00	64.63	7.58	0.00	0.00	2000
231	10.88	2124	2101	0.00	194	0	0	0	nan	0.00	0.00	4.31	84.94	89.12	0.00	40	0	43	0.00	0.00	63.37	7.44	0.00	0.00	2000
223	10.78	2109	2063	0.00	194	0	0	0	nan	0.00	0.00	4.45	83.36	89.22	0.00	40	0	42	0.00	0.00	64.91	7.83	0.00	0.00	2000
233	11.12	2063	2131	0.00	196	0	0	0	nan	0.00	0.00	4.26	86.04	88.88	0.00	40	0	43	0.00	0.00	65.95	8.03	0.00	0.00	2000
225	11.04	2067	2071	0.00	194	0	0	0	nan	0.00	0.00	2.82	85.05	88.96	0.00	40	0	43	0.00	0.00	63.93	7.59	0.00	0.00	2000
230	11.10	2037	2135	0.00	210	0	0	0	nan	0.00	0.00	3.13	87.43	88.90	0.00	40	0	43	0.00	0.00	68.41	8.09	0.00	0.00	2000
229	11.14	2058	2099	0.00	193	0	0	0	nan	0.00	0.03	3.19	85.76	88.86	0.00	40	0	43	0.00	0.00	61.87	7.45	0.00	0.00	2000
229	11.15	2045	2107	0.00	195	0	0	0	nan	0.00	0.02	3.76	85.46	88.85	0.00	40	0	43	0.00	0.00	62.36	7.51	0.00	0.00	2000
230	11.22	2052	2094	0.00	194	0	0	0	nan	0.00	0.00	3.53	85.02	88.78	0.00	40	0	43	0.00	0.00	66.85	7.96	0.00	0.00	2000
228	11.21	2035	2102	0.00	194	0	0	0	nan	0.00	0.00	3.63	85.38	88.79	0.00	40	0	43	0.00	0.00	64.81	7.76	0.00	0.00	2000
232	11.32	2084	2061	0.00	195	0	0	0	nan	0.00	0.02	4.00	83.18	88.68	0.00	39	0	42	0.00	0.00	59.03	7.17	0.00	0.00	2000
234	11.05	2074	2146	0.00	213	0	0	0	nan	0.00	0.00	4.66	86.35	88.95	0.00	40	0	43	0.00	0.00	69.25	8.21	0.00	0.00	2000
232	11.15	2077	2106	0.00	197	0	0	0	nan	0.00	0.00	4.51	84.68	88.85	0.00	40	0	43	0.00	0.00	64.90	7.69	0.00	0.00	2000
227	11.13	2044	2095	0.00	194	0	0	0	nan	0.00	0.00	4.01	84.80	88.87	0.00	40	0	43	0.00	0.00	64.42	7.60	0.00	0.00	2000
228	11.09	2056	2097	0.00	194	0	0	0	nan	0.00	0.00	3.54	85.38	88.91	0.00	40	0	42	0.00	0.00	64.76	7.52	0.00	0.00	2000
226	11.31	1998	2097	0.00	195	0	0	4	78.00	0.00	0.01	4.04	84.64	88.69	0.00	40	0	43	0.00	0.00	64.17	7.58	0.00	0.00	2000
223	11.15	2044	2057	1.28	194	0	0	4	79.42	0.00	0.02	2.82	84.39	88.85	0.00	39	0	43	0.00	0.00	61.01	7.21	0.00	0.00	2000
231	11.16	2057	2109	0.00	211	0	0	0	nan	0.00	0.02	2.84	86.55	88.84	0.00	40	0	43	0.00	0.00	67.69	7.97	0.00	0.00	2000
231	11.16	2044	2129	0.00	226	0	0	0	nan	0.00	0.00	2.29	87.95	88.84	0.00	40	0	43	0.00	0.00	65.45	7.88	0.00	0.00	2000
226	11.27	1997	2112	0.00	195	0	0	0	nan	0.00	0.00	4.03	85.42	88.73	0.00	40	0	43	0.00	0.00	61.07	7.53	0.00	0.00	2000
228	11.19	2038	2097	0.00	194	0	0	0	nan	0.00	0.00	3.27	85.53	88.81	0.00	40	0	43	0.00	0.00	67.50	7.54	0.00	0.00	2000
230	11.16	2056	2105	0.00	195	0	0	0	nan	0.00	0.02	3.17	86.04	88.84	0.00	40	0	43	0.00	0.00	65.13	7.92	0.00	0.00	2000
223	11.17	2031	2061	0.00	193	0	0	0	nan	0.00	0.00	3.46	83.85	88.83	0.00	40	0	43	0.00	0.00	62.76	7.43	0.00	0.00	2000
230	10.77	2119	2113	0.00	195	0	0	0	nan	0.00	0.02	3.00	86.82	89.23	0.00	40	0	42	0.00	0.00	64.83	7.71	0.00	0.00	2000
235	11.02	2105	2130	0.00	194	0	0	0	nan	0.00	0.00	2.96	87.36	88.98	0.00	40	0	43	0.00	0.00	66.15	7.85	0.00	0.00	2000
227	11.09	2052	2094	0.00	194	0	0	0	nan	0.00	0.00	4.44	84.39	88.91	0.00	40	0	43	0.00	0.00	62.25	7.61	0.00	0.00	2000
224	11.20	2044	2054	0.00	194	0	0	0	nan	0.00	0.00	3.83	83.02	88.80	0.00	40	0	43	0.00	0.00	62.80	7.11	0.00	0.00	2000
228	11.05	2052	2107	0.00	211	0	0	0	nan	0.02	0.00	3.21	86.10	88.95	0.00	40	0	43	0.00	0.00	65.05	7.69	0.00	0.00	2000
232	10.82	2109	2134	0.00	211	0	0	0	nan	0.00	0.00	3.60	87.14	89.18	0.00	40	0	43	0.00	0.00	68.24	7.95	0.00	0.00	2000
224	11.05	2056	2069	0.00	193	0	0	0	nan	0.00	0.02	3.09	84.71	88.95	0.00	40	0	43	0.00	0.00	61.36	7.36	0.00	0.00	2000
228	11.00	2080	2094	0.00	212	0	0	0	nan	0.00	0.01	3.27	85.56	89.00	0.00	40	0	43	0.00	0.00	64.40	7.71	0.00	0.00	2000
230	11.11	2049	2123	0.00	214	0	0	0	nan	0.00	0.00	4.44	85.55	88.89	0.00	40	0	43	0.00	0.00	65.64	7.76	0.00	0.00	2000
226	10.97	2070	2089	1.10	211	0	0	6	74.59	0.00	0.00	3.64	85.05	89.03	0.00	40	0	43	0.00	0.00	66.26	7.84	0.00	0.00	2000
231	11.13	2055	2120	0.36	195	0	0	0	nan	0.00	0.02	2.26	87.55	88.87	0.00	40	0	43	0.00	0.00	63.37	7.56	0.00	0.00	2000
228	10.99	2088	2088	0.00	211	0	0	0	nan	0.00	0.00	3.04	85.55	89.01	0.00	40	0	42	0.00	0.00	66.53	7.78	0.00	0.00	2000
226	11.26	2027	2080	0.00	196	0	0	0	nan	0.00	0.03	2.70	85.31	88.74	0.00	40	0	43	0.00	0.00	61.25	7.33	0.00	0.00	2000
229	10.88	2084	2120	0.00	209	0	0	0	nan	0.00	0.00	2.50	87.52	89.12	0.00	39	0	43	0.00	0.00	67.78	8.12	0.00	0.00	2000
230	11.08	2057	2118	0.00	210	0	0	0	nan	0.00	0.02	3.66	86.12	88.92	0.00	40	0	43	0.00	0.00	65.95	7.91	0.00	0.00	2000
230	11.07	2074	2106	0.00	194	0	0	0	nan	0.00	0.03	4.20	85.07	88.93	0.00	40	0	43	0.00	0.00	64.82	7.82	0.00	0.00	2000
223	10.96	2065	2069	0.00	195	0	0	0	nan	0.00	0.00	3.57	84.29	89.04	0.00	40	0	43	0.00	0.00	61.18	7.33	0.00	0.00	2000
233	11.12	2057	2139	0.00	211	0	0	0	nan	0.00	0.00	3.06	87.57	88.88	0.00	40	0	43	0.00	0.00	68.40	8.07	0.00	0.00	2000
229	11.01	2074	2106	0.00	194	0	0	0	nan	0.00	0.00	3.42	85.92	88.99	0.00	40	0	43	0.00	0.00	65.12	7.82	0.00	0.00	2000
229	11.30	2065	2062	0.00	198	1	0	0	nan	0.00	0.00	4.07	83.18	88.70	0.00	40	0	42	0.00	0.00	63.49	7.52	0.00	0.00	2000
232	11.11	2067	2119	0.00	195	0	0	0	nan	0.00	0.00	3.15	86.58	88.89	0.00	40	0	43	0.00	0.00	62.90	7.65	0.00	0.00	2000
226	10.56	2148	2094	0.00	210	0	0	0	nan	0.00	0.02	3.89	85.45	89.44	0.00	40	0	43	0.00	0.00	66.62	7.81	0.00	0.00	2000
230	11.09	2057	2116	0.00	195	0	0	0	nan	0.00	0.00	3.28	86.42	88.91	0.00	40	0	42	0.00	0.00	65.74	7.59	0.00	0.00	2000
231	11.08	2076	2110	0.00	194	0	0	0	nan	0.01	0.01	3.45	85.92	88.92	0.00	40	0	43	0.00	0.00	64.39	7.67	0.00	0.00	2000
229	11.10	2070	2090	0.00	196	0	0	0	nan	0.00	0.00	4.29	84.31	88.90	0.00	40	0	43	0.00	0.00	64.56	7.72	0.00	0.00	2000
225	11.07	2067	2066	0.00	195	0	0	2	75.99	0.00	0.01	2.88	84.70	88.93	0.00	40	0	42	0.00	0.00	61.62	7.34	0.00	0.00	2000
227	11.03	2056	2098	1.26	211	0	0	5	79.01	0.00	0.00	2.37	86.67	88.97	0.00	40	0	43	0.00	0.00	63.87	7.63	0.00	0.00	2000
233	11.20	2053	2128	0.00	210	0	0	0	nan	0.00	0.00	2.36	87.75	88.80	0.00	40	0	43	0.00	0.00	65.74	7.83	0.00	0.00	2000
226	10.95	2082	2082	0.00	215	0	0	0	nan	0.00	0.00	4.98	83.43	89.05	0.00	40	0	43	0.00	0.00	66.44	7.91	0.00	0.00	2000
232	11.13	2071	2117	0.00	194	0	0	0	nan	0.00	0.02	2.86	86.69	88.87	0.00	40	0	43	0.00	0.00	63.17	7.72	0.00	0.00	2000
223	10.73	2102	2074	0.00	210	0	0	0	nan	0.00	0.00	3.56	84.74	89.27	0.00	40	0	43	0.00	0.00	66.08	7.80	0.00	0.00	2000
231	11.13	2049	2123	0.00	210	0	0	0	nan	0.00	0.02	3.14	86.78	88.87	0.00	39	0	43	0.00	0.00	62.74	7.43	0.00	0.00	2000
231	11.08	2070	2119	0.00	196	0	0	0	nan	0.00	0.00	4.74	85.06	88.92	0.00	40	0	43	0.00	0.00	68.36	8.18	0.00	0.00	2000
229	11.28	2031	2098	0.00	194	0	0	0	nan	0.00	0.02	3.41	85.44	88.72	0.00	40	0	43	0.00	0.00	64.56	7.67	0.00	0.00	2000
230	11.04	2081	2097	0.00	194	0	0	0	nan	0.00	0.02	3.52	85.36	88.96	0.00	40	0	42	0.00	0.00	65.08	7.61	0.00	0.00	2000
231	10.91	2112	2102	0.00	193	0	0	0	nan	0.00	0.00	3.79	85.41	89.09	0.00	40	0	43	0.00	0.00	65.06	7.59	0.00	0.00	2000
229	10.84	2115	2102	0.00	195	0	0	0	nan	0.00	0.00	4.24	85.03	89.16	0.00	40	0	43	0.00	0.00	63.18	7.60	0.00	0.00	2000
226	11.02	2083	2066	0.00	195	0	0	0	nan	0.01	0.02	3.92	83.70	88.98	0.00	40	0	43	0.00	0.00	61.72	7.32	0.00	0.00	2000
233	11.10	2062	2138	0.00	194	0	0	0	nan	0.00	0.00	2.33	88.28	88.90	0.00	40	0	43	0.00	0.00	69.66	8.15	0.00	0.00	2000
225	10.60	2156	2068	0.00	194	0	0	0	nan	0.00	0.02	3.07	85.00	89.40	0.00	39	0	43	0.00	0.00	63.59	7.57	0.00	0.00	2000
232	11.11	2056	2133	0.00	195	0	0	0	nan	0.00	0.00	2.71	87.66	88.89	0.00	40	0	43	0.00	0.00	65.58	7.78	0.00	0.00	2000
223	11.21	2023	2063	0.00	194	0	0	0	nan	0.00	0.01	2.99	84.29	88.79	0.00	39	0	43	0.00	0.00	62.52	7.52	0.00	0.00	2000
234	11.21	2060	2127	0.14	194	0	0	4	74.49	0.00	0.00	3.19	86.84	88.79	0.00	40	0	42	0.00	0.00	63.35	7.31	0.00	0.00	2000
225	11.10	2047	2079	1.25	210	0	0	4	81.82	0.00	0.02	3.54	84.57	88.90	0.00	40	0	43	0.00	0.00	64.54	7.78	0.00	0.00	2000
231	11.26	2041	2115	0.00	194	0	0	0	nan	0.00	0.00	2.21	87.26	88.74	0.00	40	0	43	0.00	0.00	65.44	7.82	0.00	0.00	2000
230	10.71	2129	2116	0.00	211	0	0	0	nan	0.00	0.02	3.80	86.25	89.29	0.00	40	0	43	0.00	0.00	65.86	7.48	0.00	0.00	2000
231	10.90	2120	2098	0.00	194	0	0	0	nan	0.00	0.02	4.07	84.98	89.10	0.00	40	0	43	0.00	0.00	63.80	7.80	0.00	0.00	2000
229	10.72	2139	2101	0.00	195	0	0	0	nan	0.00	0.00	4.22	85.26	89.28	0.00	39	0	43	0.00	0.00	64.96	7.78	0.00	0.00	2000
222	10.79	2097	2063	0.00	197	0	0	0	nan	0.00	0.00	6.04	81.69	89.21	0.00	40	0	42	0.00	0.00	62.48	7.58	0.00	0.00	2000
227	11.07	2065	2088	0.00	195	0	0	0	nan	0.00	0.00	3.68	84.91	88.93	0.00	40	0	43	0.00	0.00	64.80	7.62	0.00	0.00	2000
233	11.03	2059	2157	0.00	210	0	0	0	nan	0.00	0.00	3.08	88.39	88.97	0.00	40	0	43	0.00	0.00	69.72	8.28	0.00	0.00	2000
226	11.15	2059	2063	0.00	195	0	0	0	nan	0.00	0.02	4.15	83.21	88.85	0.00	40	0	43	0.00	0.00	62.96	7.20	0.00	0.00	2000
226	11.08	2051	2085	0.00	194	0	0	0	nan	0.00	0.00	2.63	85.77	88.92	0.00	40	0	43	0.00	0.00	61.85	7.59	0.00	0.00	2000
229	11.00	2063	2118	0.00	227	0	0	0	nan	0.00	0.00	2.80	87.05	89.00	0.00	40	0	43	0.00	0.00	64.86	7.54	0.00	0.00	2000
233	11.09	2075	2127	0.00	194	0	0	0	nan	0.00	0.00	4.30	85.82	88.91	0.00	40	0	43	0.00	0.00	65.91	7.84	0.00	0.00	2000
224	11.13	2056	2055	0.00	195	0	0	0	nan	0.00	0.00	3.68	83.41	88.87	0.00	40	0	43	0.00	0.00	63.00	7.48	0.00	0.00	2000
228	10.91	2073	2119	0.00	210	0	0	0	nan	0.00	0.00	2.46	87.52	89.09	0.00	40	0	43	0.00	0.00	67.74	8.12	0.00	0.00	2000
232	11.31	2044	2111	0.00	196	0	0	0	nan	0.00	0.01	3.08	86.12	88.69	0.00	40	0	43	0.00	0.00	63.23	7.51	0.00	0.00	2000
225	10.84	2087	2086	0.00	210	0	0	0	nan	0.00	0.00	3.45	85.20	89.16	0.00	39	0	42	0.00	0.00	63.32	7.59	0.00	0.00	2000
230	11.14	2071	2090	1.02	211	0	0	5	71.75	0.00	0.02	3.79	84.74	88.86	0.00	39	0	43	0.00	0.00	64.81	7.74	0.00	0.00	2000
234	11.20	2035	2153	0.39	194	0	0	0	nan	0.00	0.00	3.44	87.76	88.80	0.00	39	0	43	0.00	0.00	66.43	7.75	0.00	0.00	2000
230	10.98	2092	2098	0.00	196	0	0	0	nan	0.00	0.00	4.37	84.67	89.02	0.00	39	0	43	0.00	0.00	64.78	7.54	0.00	0.00	2000
227	11.23	2024	2097	0.00	194	0	0	0	nan	0.00	0.00	3.95	84.79	88.77	0.00	39	0	42	0.00	0.00	64.31	7.70	0.00	0.00	2000
229	11.11	2056	2104	0.00	193	0	0	0	nan	0.00	0.00	3.64	85.46	88.89	0.00	40	0	43	0.00	0.00	64.71	7.67	0.00	0.00	2000
224	11.07	2056	2064	0.00	195	0	0	0	nan	0.00	0.00	4.22	83.32	88.93	0.00	39	0	43	0.00	0.00	63.35	7.47	0.00	0.00	2000
235	11.01	2094	2140	0.00	195	0	0	0	nan	0.00	0.01	4.35	86.41	88.99	0.00	40	0	42	0.00	0.00	63.83	7.62	0.00	0.00	2000
223	11.11	2045	2062	0.00	194	0	0	0	nan	0.00	0.01	3.17	84.20	88.89	0.00	40	0	43	0.00	0.00	65.52	7.67	0.00	0.00	2000
232	10.94	2101	2123	0.00	194	0	0	0	nan	0.00	0.02	3.09	87.04	89.06	0.00	40	0	43	0.00	0.00	65.77	7.76	0.00	0.00	2000
238	11.52	2055	2113	0.00	200	0	0	0	nan	0.00	0.01	3.79	85.38	88.48	0.00	40	0	43	0.00	0.00	62.59	7.61	0.00	0.00	2000
226	11.23	2049	2067	0.00	194	0	0	0	nan	0.00	0.01	3.60	83.95	88.77	0.00	40	0	43	0.00	0.00	65.61	7.86	0.00	0.00	2000
230	11.08	2060	2118	0.00	211	0	0	0	nan	0.00	0.00	2.35	87.43	88.92	0.00	40	0	43	0.00	0.00	64.22	7.52	0.00	0.00	2000
228	11.27	2014	2111	0.00	195	0	0	0	nan	0.00	0.00	3.32	86.03	88.73	0.00	40	0	43	0.00	0.00	63.69	7.35	0.00	0.00	2000
227	11.17	2036	2101	0.00	194	0	0	0	nan	0.00	0.00	3.09	85.94	88.83	0.00	40	0	43	0.00	0.00	64.38	7.59	0.00	0.00	2000
231	11.28	2039	2105	0.00	194	0	0	0	nan	0.00	0.02	4.16	84.89	88.72	0.00	39	0	43	0.00	0.00	64.86	7.47	0.00	0.00	2000
225	11.25	2031	2067	0.00	195	0	0	0	nan	0.00	0.00	4.20	83.32	88.75	0.00	40	0	43	0.00	0.00	63.26	7.46	0.00	0.00	2000
226	11.13	2042	2084	0.00	194	0	0	0	nan	0.00	0.04	3.08	85.30	88.87	0.00	39	0	43	0.00	0.00	64.40	7.68	0.00	0.00	2000
236	10.91	2107	2154	1.10	210	0	0	6	70.49	0.00	0.00	2.44	88.85	89.09	0.00	40	0	43	0.00	0.00	66.12	7.89	0.00	0.00	2000
223	11.00	2075	2049	0.36	195	0	0	0	nan	0.00	0.00	3.98	83.01	89.00	0.00	40	0	43	0.00	0.00	60.63	7.08	0.00	0.00	2000
232	11.14	2048	2134	0.00	211	0	0	0	nan	0.00	0.02	3.19	87.17	88.86	0.00	40	0	43	0.00	0.00	68.11	7.99	0.00	0.00	2000
231	11.21	2040	2118	0.00	211	0	0	0	nan	0.00	0.02	3.19	86.49	88.79	0.00	40	0	43	0.00	0.00	66.18	7.79	0.00	0.00	2000
226	11.11	2034	2100	0.00	194	0	0	0	nan	0.00	0.00	3.98	84.99	88.89	0.00	40	0	43	0.00	0.00	63.59	7.68	0.00	0.00	2000
228	11.19	2036	2100	0.00	195	0	0	0	nan	0.00	0.00	4.01	84.90	88.81	0.00	40	0	43	0.00	0.00	64.16	7.61	0.00	0.00	2000
224	11.03	2054	2074	0.00	194	0	0	0	nan	0.00	0.00	3.66	84.31	88.97	0.00	40	0	43	0.00	0.00	63.75	7.49	0.00	0.00	2000
233	11.20	2069	2114	0.00	194	0	0	0	nan	0.01	0.00	2.60	86.89	88.80	0.00	40	0	43	0.00	0.00	62.84	7.33	0.00	0.00	2000
226	10.98	2051	2109	0.00	210	0	0	0	nan	0.00	0.00	3.87	85.67	89.02	0.00	40	0	43	0.00	0.00	67.11	7.90	0.00	0.00	2000
224	11.11	2051	2067	0.00	194	0	0	0	nan	0.00	0.02	3.39	84.16	88.89	0.00	40	0	43	0.00	0.00	61.31	7.12	0.00	0.00	2000
231	11.08	2043	2141	0.00	210	0	0	0	nan	0.00	0.00	3.59	87.21	88.92	0.00	40	0	43	0.00	0.00	68.38	7.83	0.00	0.00	2000
225	11.36	2029	2053	0.00	194	0	0	0	nan	0.00	0.02	3.78	82.94	88.64	0.00	40	0	43	0.00	0.00	60.42	7.08	0.00	0.00	2000
235	11.01	2077	2155	0.00	212	0	0	0	nan	0.00	0.02	3.58	87.78	88.99	0.00	40	0	43	0.00	0.00	69.49	8.27	0.00	0.00	2000
227	11.25	2029	2093	0.00	195	0	0	0	nan	0.00	0.00	4.43	84.11	88.75	0.00	40	0	43	0.00	0.00	64.20	7.54	0.00	0.00	2000
228	11.07	2060	2100	0.00	194	0	0	0	nan	0.00	0.02	4.08	85.00	88.93	0.00	40	0	43	0.00	0.00	64.71	7.53	0.00	0.00	2000
227	10.73	2131	2082	0.00	193	0	0	0	nan	0.00	0.02	4.22	84.29	89.27	0.00	40	0	43	0.00	0.00	63.94	7.58	0.00	0.00	2000
237	11.33	2076	2121	0.00	198	0	0	1	79.65	0.00	0.02	3.55	86.10	88.67	0.00	40	0	43	0.00	0.00	65.68	7.42	0.00	0.00	2000
225	11.13	2053	2071	1.42	194	0	0	6	76.99	0.00	0.00	3.71	84.04	88.87	0.00	39	0	43	0.00	0.00	63.27	7.45	0.00	0.00	2000
230	10.90	2090	2119	0.00	194	0	0	0	nan	0.00	0.01	2.44	87.55	89.10	0.00	40	0	43	0.00	0.00	65.38	7.68	0.00	0.00	2000
231	11.18	2056	2114	0.00	194	0	0	0	nan	0.00	0.00	2.68	86.86	88.82	0.00	40	0	43	0.00	0.00	65.58	7.66	0.00	0.00	2000
224	11.05	2048	2074	0.00	194	0	0	0	nan	0.00	0.00	4.11	83.80	88.95	0.00	40	0	43	0.00	0.00	60.40	7.77	0.00	0.00	2000
229	11.13	2064	2090	0.00	195	0	0	0	nan	0.00	0.03	2.73	85.88	88.87	0.00	40	0	43	0.00	0.00	64.67	7.30	0.00	0.00	2000
224	10.98	2059	2084	0.00	212	0	0	0	nan	0.00	0.00	2.72	85.69	89.02	0.00	40	0	42	0.00	0.00	63.67	7.64	0.00	0.00	2000
233	10.96	2095	2128	0.00	212	0	0	0	nan	0.00	0.02	3.09	87.25	89.04	0.00	40	0	43	0.00	0.00	66.28	7.93	0.00	0.00	2000
226	11.04	2055	2091	0.00	212	0	0	0	nan	0.00	0.00	3.76	84.96	88.96	0.00	40	0	42	0.00	0.00	66.21	7.79	0.00	0.00	2000
230	11.12	2062	2104	0.00	195	0	0	0	nan	0.00	0.00	3.39	85.74	88.88	0.00	40	0	42	0.00	0.00	63.09	7.54	0.00	0.00	2000
232	11.19	2089	2084	0.00	211	0	0	0	nan	0.00	0.03	6.08	82.11	88.81	0.00	40	0	43	0.00	0.00	63.71	7.44	0.00	0.00	2000
229	11.00	2074	2109	0.00	210	0	0	0	nan	0.00	0.00	4.19	85.24	89.00	0.00	40	0	43	0.00	0.00	64.98	7.69	0.00	0.00	2000
233	11.14	2051	2137	0.00	211	0	0	0	nan	0.00	0.00	4.02	86.51	88.86	0.00	40	0	43	0.00	0.00	68.43	8.03	0.00	0.00	2000
226	11.10	2065	2070	0.00	193	0	0	0	nan	0.00	0.00	3.59	84.06	88.90	0.00	39	0	43	0.00	0.00	61.39	7.28	0.00	0.00	2000
231	11.11	2061	2118	0.00	218	0	0	0	nan	0.00	0.01	4.14	85.57	88.89	0.00	40	0	43	0.00	0.00	65.63	7.74	0.00	0.00	2000
231	10.94	2102	2111	0.00	216	0	0	0	nan	0.00	0.01	4.93	84.71	89.06	0.00	39	0	43	0.00	0.00	68.00	7.84	0.00	0.00	2000
223	10.83	2091	2064	0.00	195	0	0	0	nan	0.00	0.00	3.85	83.89	89.17	0.00	40	0	43	0.00	0.00	62.88	7.30	0.00	0.00	2000
231	11.06	2093	2094	0.55	196	0	0	5	73.76	0.00	0.00	2.98	85.77	88.94	0.00	40	0	42	0.00	0.00	62.20	7.33	0.00	0.00	2000
227	10.95	2070	2101	0.83	209	0	0	2	87.34	0.00	0.02	2.72	86.40	89.05	0.00	40	0	43	0.00	0.00	64.68	7.60	0.00	0.00	2000
226	10.89	2075	2095	0.00	211	0	0	0	nan	0.00	0.00	2.51	86.51	89.11	0.00	40	0	42	0.00	0.00	63.74	7.39	0.00	0.00	2000
231	11.08	2057	2128	0.00	227	0	0	0	nan	0.00	0.02	3.60	86.58	88.92	0.00	40	0	43	0.00	0.00	66.77	7.89	0.00	0.00	2000
230	11.29	2022	2119	0.00	195	0	0	0	nan	0.00	0.00	3.42	86.22	88.71	0.00	40	0	42	0.00	0.00	67.15	7.84	0.00	0.00	2000
223	11.12	2038	2068	0.00	194	0	0	0	nan	0.00	0.00	3.56	84.07	88.88	0.00	40	0	42	0.00	0.00	62.64	7.34	0.00	0.00	2000
228	10.97	2090	2087	0.00	194	0	0	0	nan	0.00	0.02	2.92	85.63	89.03	0.00	39	0	43	0.00	0.00	62.34	7.30	0.00	0.00	2000
232	10.91	2092	2133	0.00	213	1	0	0	nan	0.00	0.02	2.95	87.54	89.09	0.00	40	0	43	0.00	0.00	65.60	7.67	0.00	0.00	2000
226	11.03	2067	2086	0.00	212	0	0	0	nan	0.00	0.02	2.94	85.51	88.97	0.00	40	0	43	0.00	0.00	66.01	7.80	0.00	0.00	2000
228	11.10	2045	2108	0.00	194	0	0	0	nan	0.00	0.00	3.17	86.21	88.90	0.00	40	0	43	0.00	0.00	62.95	7.40	0.00	0.00	2000
227	11.23	2027	2092	0.00	210	0	0	0	nan	0.00	0.00	2.97	85.69	88.77	0.00	40	0	43	0.00	0.00	62.54	7.42	0.00	0.00	2000
228	10.78	2108	2105	0.00	194	0	0	0	nan	0.00	0.02	3.37	86.13	89.22	0.00	39	0	43	0.00	0.00	68.16	7.90	0.00	0.00	2000
229	11.15	2066	2086	0.00	196	0	0	0	nan	0.00	0.05	2.37	86.04	88.85	0.00	39	0	43	0.00	0.00	61.40	7.41	0.00	0.00	2000
225	11.03	2054	2088	0.00	210	0	0	0	nan	0.00	0.02	2.24	86.36	88.97	0.00	39	0	42	0.00	0.00	63.89	7.37	0.00	0.00	2000
232	11.07	2060	2138	0.00	226	0	0	0	nan	0.00	0.02	2.52	88.10	88.93	0.00	40	0	42	0.00	0.00	65.61	7.83	0.00	0.00	2000
230	10.95	2101	2103	0.00	194	0	0	0	nan	0.00	0.00	4.06	85.14	89.05	0.00	39	0	42	0.00	0.00	64.47	7.53	0.00	0.00	2000
223	11.08	2052	2063	0.00	195	0	0	3	75.98	0.00	0.00	3.41	84.05	88.92	0.00	39	0	43	0.00	0.00	63.34	7.53	0.00	0.00	2000
227	11.02	2058	2104	1.26	210	0	0	4	78.84	0.00	0.02	2.44	86.80	88.98	0.00	40	0	42	0.00	0.00	64.63	7.69	0.00	0.00	2000
232	11.13	2057	2133	0.00	229	0	0	0	nan	0.00	0.00	4.18	86.18	88.87	0.00	40	0	42	0.00	0.00	66.12	7.76	0.00	0.00	2000
225	11.08	2048	2081	0.00	196	0	0	0	nan	0.00	0.00	4.75	83.48	88.92	0.00	39	0	42	0.00	0.00	66.56	7.60	0.00	0.00	2000
231	11.19	2058	2107	0.00	195	0	0	0	nan	0.00	0.01	3.71	85.50	88.81	0.00	39	0	43	0.00	0.00	62.76	7.59	0.00	0.00	2000
230	11.15	2037	2127	0.00	210	0	0	0	nan	0.00	0.00	3.29	86.78	88.85	0.00	39	0	43	0.00	0.00	67.96	8.07	0.00	0.00	2000
223	10.88	2085	2064	0.00	194	0	0	0	nan	0.00	0.00	3.54	84.15	89.12	0.00	39	0	42	0.00	0.00	63.02	7.45	0.00	0.00	2000
231	11.10	2077	2103	0.00	195	0	0	0	nan	0.00	0.01	3.02	85.99	88.90	0.00	39	0	43	0.00	0.00	62.52	7.52	0.00	0.00	2000
231	10.83	2120	2114	0.00	211	0	0	0	nan	0.00	0.03	3.49	86.37	89.17	0.00	40	0	43	0.00	0.00	68.18	8.05	0.00	0.00	2000
232	11.07	2080	2117	0.00	193	0	0	0	nan	0.00	0.00	2.86	86.91	88.93	0.00	39	0	42	0.00	0.00	65.23	7.78	0.00	0.00	2000
232	11.47	2025	2101	0.00	197	0	0	0	nan	0.00	0.00	4.96	83.73	88.53	0.00	40	0	43	0.00	0.00	64.68	7.53	0.00	0.00	2000
224	11.19	2032	2069	0.00	194	0	0	0	nan	0.00	0.01	2.63	84.99	88.81	0.00	39	0	43	0.00	0.00	63.27	7.41	0.00	0.00	2000
231	11.08	2086	2102	0.00	195	0	0	0	nan	0.00	0.00	3.17	86.00	88.92	0.00	40	0	43	0.00	0.00	64.69	7.67	0.00	0.00	2000
235	11.15	2077	2128	0.00	194	0	0	0	nan	0.00	0.02	2.50	87.62	88.85	0.00	40	0	43	0.00	0.00	66.00	7.79	0.00	0.00	2000
230	11.23	2051	2102	0.00	193	0	0	0	nan	0.00	0.00	3.33	85.61	88.77	0.00	39	0	43	0.00	0.00	64.63	7.64	0.00	0.00	2000
229	10.78	2125	2099	0.00	194	0	0	0	nan	0.00	0.00	3.76	85.47	89.23	0.00	39	0	43	0.00	0.00	59.63	7.14	0.00	0.00	2000
230	10.99	2091	2099	0.00	194	0	0	0	nan	0.00	0.00	4.15	84.91	89.01	0.00	39	0	42	0.00	0.00	66.92	7.91	0.00	0.00	2000
229	11.30	2029	2102	0.19	196	0	0	4	73.76	0.00	0.00	4.67	84.23	88.70	0.00	40	0	43	0.00	0.00	64.73	7.83	0.00	0.00	2000
226	11.06	2057	2087	1.25	194	0	0	4	79.73	0.00	0.00	3.88	84.67	88.94	0.00	40	0	43	0.00	0.00	62.88	7.47	0.00	0.00	2000
225	11.15	2043	2078	0.00	194	0	0	0	nan	0.00	0.02	3.05	84.99	88.85	0.00	40	0	43	0.00	0.00	65.04	7.95	0.00	0.00	2000
234	11.25	2075	2101	0.00	194	0	0	0	nan	0.00	0.00	3.26	85.63	88.75	0.00	38	0	43	0.00	0.00	64.45	7.58	0.00	0.00	2000
229	11.08	2033	2131	0.00	211	0	0	0	nan	0.00	0.00	4.96	85.38	88.92	0.00	39	0	43	0.00	0.00	64.60	7.64	0.00	0.00	2000
232	11.09	2097	2092	0.00	197	0	0	0	nan	0.00	0.01	4.12	84.56	88.91	0.00	39	0	43	0.00	0.00	64.67	7.62	0.00	0.00	2000
234	11.39	2050	2105	0.00	194	0	0	0	nan	0.00	0.00	4.59	84.35	88.61	0.00	39	0	42	0.00	0.00	64.58	7.56	0.00	0.00	2000
228	11.36	2041	2062	0.00	196	0	0	0	nan	0.00	0.02	2.79	84.25	88.64	0.00	39	0	43	0.00	0.00	62.12	7.44	0.00	0.00	2000
224	10.65	2104	2100	0.00	211	0	0	0	nan	0.00	0.00	4.07	85.45	89.35	0.00	40	0	43	0.00	0.00	66.01	7.83	0.00	0.00	2000
229	11.34	2017	2105	0.00	194	0	0	0	nan	0.00	0.00	2.68	86.34	88.66	0.00	40	0	43	0.00	0.00	63.90	7.55	0.00	0.00	2000
229	11.06	2074	2098	0.00	210	0	0	0	nan	0.00	0.01	2.81	86.13	88.94	0.00	40	0	43	0.00	0.00	65.71	7.70	0.00	0.00	2000
229	11.39	2012	2101	0.00	194	0	0	0	nan	0.00	0.00	3.33	85.48	88.61	0.00	40	0	42	0.00	0.00	62.64	7.30	0.00	0.00	2000
226	10.88	2065	2112	0.00	211	0	0	0	nan	0.00	0.00	4.72	85.07	89.12	0.00	40	0	42	0.00	0.00	66.48	7.79	0.00	0.00	2000
230	11.39	2031	2088	0.00	194	0	0	0	nan	0.00	0.00	3.47	84.70	88.61	0.00	39	0	42	0.00	0.00	62.68	7.36	0.00	0.00	2000
230	11.20	2016	2138	0.00	211	0	0	0	nan	0.00	0.02	4.75	85.80	88.80	0.00	40	0	43	0.00	0.00	67.47	7.91	0.00	0.00	2000
228	11.08	2078	2079	0.00	195	0	0	0	nan	0.00	0.00	4.29	83.89	88.92	0.00	39	0	43	0.00	0.00	63.85	7.55	0.00	0.00	2000
231	11.00	2080	2121	0.00	195	0	0	0	nan	0.00	0.00	4.01	85.96	89.00	0.00	39	0	43	0.00	0.00	65.12	7.68	0.00	0.00	2000
229	10.96	2093	2101	0.75	195	0	0	6	71.79	0.00	0.00	4.62	84.55	89.04	0.00	39	0	43	0.00	0.00	64.70	7.57	0.00	0.00	2000
227	11.05	2066	2090	0.73	194	0	0	1	91.10	0.00	0.00	4.85	83.78	88.95	0.00	39	0	43	0.00	0.00	64.75	7.41	0.00	0.00	2000
230	11.01	2086	2102	0.00	196	0	0	0	nan	0.00	0.00	4.83	84.35	88.99	0.00	40	0	43	0.00	0.00	64.50	7.65	0.00	0.00	2000
228	10.96	2086	2097	0.00	195	0	0	0	nan	0.00	0.00	3.94	85.05	89.04	0.00	40	0	43	0.00	0.00	64.69	7.40	0.00	0.00	2000
227	10.90	2092	2091	0.00	194	0	0	0	nan	0.00	0.00	4.37	84.45	89.10	0.00	40	0	43	0.00	0.00	61.37	7.50	0.00	0.00	2000
224	11.32	2018	2064	0.00	195	0	0	0	nan	0.00	0.00	3.14	84.11	88.68	0.00	40	0	43	0.00	0.00	63.96	7.40	0.00	0.00	2000
236	10.88	2106	2162	0.00	209	0	0	0	nan	0.00	0.02	2.24	89.61	89.12	0.00	40	0	42	0.00	0.00	68.49	8.11	0.00	0.00	2000
228	11.07	2066	2096	0.00	195	0	0	0	nan	0.00	0.01	3.89	84.97	88.93	0.00	40	0	42	0.00	0.00	64.70	7.60	0.00	0.00	2000
225	11.06	2059	2073	0.00	197	0	0	0	nan	0.00	0.00	5.18	82.73	88.94	0.00	40	0	43	0.00	0.00	62.84	7.38	0.00	0.00	2000
231	11.03	2067	2125	0.00	195	0	0	0	nan	0.00	0.00	3.18	86.92	88.97	0.00	40	0	43	0.00	0.00	65.39	7.48	0.00	0.00	2000
230	11.14	2067	2101	0.00	194	0	0	0	nan	0.00	0.00	3.38	85.58	88.86	0.00	40	0	43	0.00	0.00	64.97	7.44	0.00	0.00	2000
228	11.09	2066	2090	0.00	194	0	0	0	nan	0.00	0.00	3.90	84.68	88.91	0.00	40	0	43	0.00	0.00	64.39	7.39	0.00	0.00	2000
229	11.28	2053	2076	0.00	195	0	0	0	nan	0.00	0.00	3.48	84.27	88.72	0.00	40	0	43	0.00	0.00	62.57	7.34	0.00	0.00	2000
229	10.79	2087	2139	0.00	210	0	0	0	nan	0.00	0.00	3.95	87.07	89.21	0.00	40	0	42	0.00	0.00	67.65	7.80	0.00	0.00	2000
224	11.04	2057	2072	0.00	194	0	0	0	nan	0.00	0.00	4.32	83.51	88.96	0.00	40	0	43	0.00	0.00	63.08	7.31	0.00	0.00	2000
233	11.55	2017	2098	0.00	195	0	0	0	nan	0.00	0.00	2.77	85.70	88.45	0.00	40	0	42	0.00	0.00	63.17	7.55	0.00	0.00	2000
230	10.84	2099	2122	0.00	211	0	0	0	nan	0.00	0.00	3.72	86.52	89.16	0.00	40	0	43	0.00	0.00	67.24	7.92	0.00	0.00	2000
228	10.97	2076	2103	0.94	194	0	0	6	72.78	0.00	0.00	3.60	85.63	89.03	0.00	40	0	42	0.00	0.00	64.91	7.54	0.00	0.00	2000
229	10.98	2084	2103	0.55	194	0	0	0	nan	0.00	0.00	4.24	84.99	89.02	0.00	40	0	43	0.00	0.00	64.61	7.50	0.00	0.00	2000
227	11.09	2046	2102	0.00	194	0	0	0	nan	0.00	0.00	4.22	84.87	88.91	0.00	40	0	43	0.00	0.00	64.53	7.84	0.00	0.00	2000
229	11.11	2062	2099	0.00	196	0	0	0	nan	0.00	0.00	3.45	85.56	88.89	0.00	40	0	43	0.00	0.00	64.48	7.58	0.00	0.00	2000
226	11.02	2085	2061	0.00	194	0	0	0	nan	0.00	0.00	4.12	83.28	88.98	0.00	40	0	43	0.00	0.00	63.35	7.43	0.00	0.00	2000
233	11.08	2061	2147	0.00	194	0	0	0	nan	0.00	0.00	3.49	87.52	88.92	0.00	40	0	43	0.00	0.00	66.10	7.87	0.00	0.00	2000
229	11.07	2078	2094	0.00	194	0	0	0	nan	0.00	0.00	3.53	85.23	88.93	0.00	40	0	42	0.00	0.00	64.64	7.55	0.00	0.00	2000
230	11.03	2078	2103	0.00	195	0	0	0	nan	0.00	0.00	4.87	84.30	88.97	0.00	40	0	43	0.00	0.00	64.65	7.60	0.00	0.00	2000
227	10.83	2104	2096	0.00	195	0	0	0	nan	0.00	0.00	4.91	84.17	89.17	0.00	40	0	43	0.00	0.00	64.62	7.43	0.00	0.00	2000
229	11.10	2059	2107	0.00	195	0	0	0	nan	0.00	0.00	5.14	84.12	88.90	0.00	40	0	43	0.00	0.00	64.53	7.59	0.00	0.00	2000
231	11.15	2075	2092	0.00	194	0	0	0	nan	0.00	0.00	3.63	84.98	88.85	0.00	40	0	43	0.00	0.00	64.71	7.69	0.00	0.00	2000
229	11.16	2054	2101	0.00	198	0	0	0	nan	0.00	0.00	6.41	82.59	88.84	0.00	40	0	42	0.00	0.00	64.91	7.74	0.00	0.00	2000
230	11.06	2083	2099	0.00	197	0	0	0	nan	0.00	0.00	5.13	83.80	88.94	0.00	40	0	42	0.00	0.00	64.37	7.42	0.00	0.00	2000
228	11.04	2066	2098	0.00	194	0	0	0	nan	0.00	0.00	5.09	83.91	88.96	0.00	40	0	42	0.00	0.00	64.30	7.65	0.00	0.00	2000
231	11.17	2064	2100	0.00	195	0	0	0	nan	0.00	0.00	4.12	84.83	88.83	0.00	40	0	43	0.00	0.00	64.56	7.56	0.00	0.00	2000
232	10.81	2136	2107	0.00	196	0	0	0	nan	0.00	0.00	3.78	85.86	89.19	0.00	40	0	43	0.00	0.00	65.10	7.57	0.00	0.00	2000
227	11.02	2057	2103	0.00	194	0	0	0	nan	0.00	0.00	4.33	84.90	88.98	0.00	40	0	43	0.00	0.00	64.45	7.52	0.00	0.00	2000
224	10.89	2091	2065	0.59	194	0	0	6	75.52	0.00	0.00	3.14	84.54	89.11	0.00	40	0	43	0.00	0.00	63.38	7.38	0.00	0.00	2000
226	11.08	2041	2103	0.89	192	0	0	2	86.09	0.00	0.00	2.63	86.48	88.92	0.00	40	0	43	0.00	0.00	64.25	7.53	0.00	0.00	2000
232	11.37	2055	2089	0.00	196	0	0	0	nan	0.00	0.00	2.45	85.84	88.63	0.00	40	0	43	0.00	0.00	62.71	7.37	0.00	0.00	2000
228	10.85	2071	2134	0.00	210	0	0	0	nan	0.00	0.00	3.36	87.32	89.15	0.00	39	0	43	0.00	0.00	67.98	7.90	0.00	0.00	2000
231	11.17	2064	2102	0.00	194	0	0	0	nan	0.00	0.00	3.53	85.54	88.83	0.00	40	0	42	0.00	0.00	64.77	7.72	0.00	0.00	2000
228	10.90	2087	2105	0.00	194	0	0	0	nan	0.00	0.00	4.65	84.74	89.10	0.00	40	0	42	0.00	0.00	62.90	7.42	0.00	0.00	2000
231	11.02	2102	2093	0.00	195	0	0	0	nan	0.00	0.00	4.54	84.18	88.98	0.00	40	0	43	0.00	0.00	64.19	7.42	0.00	0.00	2000
229	10.97	2079	2107	0.00	195	0	0	0	nan	0.00	0.00	4.78	84.65	89.03	0.00	40	0	42	0.00	0.00	66.70	8.08	0.00	0.00	2000
226	11.23	2054	2061	0.00	194	0	0	0	nan	0.00	0.00	3.66	83.52	88.77	0.00	40	0	42	0.00	0.00	61.85	7.19	0.00	0.00	2000
223	10.55	2111	2099	0.00	210	0	0	0	nan	0.00	0.00	5.10	84.37	89.45	0.00	40	0	43	0.00	0.00	63.00	7.44	0.00	0.00	2000
230	11.34	2038	2093	0.00	196	0	0	0	nan	0.00	0.00	3.73	84.73	88.66	0.00	40	0	43	0.00	0.00	65.45	7.54	0.00	0.00	2000
234	10.96	2086	2146	0.00	211	0	0	0	nan	0.00	0.00	3.60	87.50	89.04	0.00	40	0	42	0.00	0.00	68.28	8.05	0.00	0.00	2000
224	11.09	2039	2076	0.00	194	0	0	0	nan	0.00	0.00	3.75	84.27	88.91	0.00	40	0	43	0.00	0.00	62.98	7.34	0.00	0.00	2000
232	11.14	2053	2133	0.00	193	0	0	0	nan	0.00	0.00	2.35	88.00	88.86	0.00	40	0	43	0.00	0.00	65.76	7.78	0.00	0.00	2000
229	11.35	2045	2070	0.00	197	0	0	0	nan	0.00	0.00	3.68	83.79	88.65	0.00	40	0	42	0.00	0.00	61.50	7.21	0.00	0.00	2000
226	10.92	2075	2098	0.00	210	0	0	0	nan	0.01	0.00	2.15	86.95	89.08	0.00	40	0	43	0.00	0.00	64.55	7.55	0.00	0.00	2000
232	11.05	2077	2122	0.00	195	0	0	0	nan	0.00	0.00	3.61	86.31	88.95	0.00	40	0	43	0.00	0.00	64.71	7.61	0.00	0.00	2000
229	11.26	2021	2109	0.94	194	0	0	6	72.69	0.00	0.00	3.44	85.80	88.74	0.00	40	0	43	0.00	0.00	68.05	7.98	0.00	0.00	2000
229	11.14	2057	2095	0.56	194	0	0	0	nan	0.00	0.00	3.64	85.16	88.86	0.00	40	0	43	0.00	0.00	61.81	7.13	0.00	0.00	2000
229	11.17	2042	2108	0.00	195	0	0	0	nan	0.00	0.00	4.39	84.87	88.83	0.00	40	0	42	0.00	0.00	65.18	7.68	0.00	0.00	2000
228	11.13	2057	2089	0.00	194	0	0	0	nan	0.00	0.00	3.78	84.75	88.87	0.00	40	0	43	0.00	0.00	63.27	7.59	0.00	0.00	2000
229	11.22	2037	2107	0.00	196	0	0	0	nan	0.00	0.00	4.17	85.01	88.78	0.00	40	0	42	0.00	0.00	65.26	7.62	0.00	0.00	2000
229	11.16	2058	2096	0.00	194	0	0	0	nan	0.00	0.00	3.56	85.27	88.84	0.00	40	0	42	0.00	0.00	61.61	7.43	0.00	0.00	2000
226	10.85	2085	2095	0.00	195	0	0	0	nan	0.00	0.00	4.14	84.88	89.15	0.00	40	0	42	0.00	0.00	65.42	7.69	0.00	0.00	2000
230	11.28	2033	2107	0.00	195	0	0	0	nan	0.00	0.00	4.22	84.90	88.72	0.00	40	0	43	0.00	0.00	63.96	7.50	0.00	0.00	2000
230	11.33	2027	2099	0.00	210	0	0	0	nan	0.00	0.00	5.83	82.91	88.67	0.00	40	0	43	0.00	0.00	64.87	7.60	0.00	0.00	2000
230	11.08	2074	2105	0.00	195	0	0	0	nan	0.00	0.00	3.37	85.79	88.92	0.00	40	0	42	0.00	0.00	65.23	7.48	0.00	0.00	2000
230	10.94	2105	2094	0.00	195	0	0	0	nan	0.00	0.00	3.94	84.91	89.06	0.00	40	0	43	0.00	0.00	65.11	7.41	0.00	0.00	2000
230	11.13	2061	2106	0.00	195	0	0	0	nan	0.00	0.00	3.80	85.49	88.87	0.00	40	0	43	0.00	0.00	67.26	8.04	0.00	0.00	2000
228	11.15	2052	2096	0.00	193	0	0	0	nan	0.00	0.00	3.37	85.40	88.85	0.00	40	0	43	0.00	0.00	61.52	7.26	0.00	0.00	2000
223	11.11	2037	2070	0.00	194	0	0	0	nan	0.00	0.00	3.83	83.90	88.89	0.00	40	0	42	0.00	0.00	63.09	7.36	0.00	0.00	2000
232	11.47	2042	2080	0.00	195	0	0	0	nan	0.00	0.00	3.05	84.74	88.53	0.00	40	0	43	0.00	0.00	66.10	7.70	0.00	0.00	2000
230	11.24	2031	2115	0.00	211	0	0	0	nan	0.00	0.00	2.92	86.55	88.76	0.00	40	0	43	0.00	0.00	65.16	7.58	0.00	0.00	2000
227	10.68	2108	2117	0.00	211	0	0	0	nan	0.00	0.00	4.30	85.90	89.32	0.00	40	0	43	0.00	0.00	63.83	7.32	0.00	0.00	2000
224	11.22	2033	2064	1.02	195	0	0	5	71.70	0.00	0.00	4.40	82.96	88.78	0.00	40	0	43	0.00	0.00	64.58	7.37	0.00	0.00	2000
233	11.19	2060	2119	0.35	216	0	0	0	nan	0.00	0.02	3.93	85.79	88.81	0.00	40	0	43	0.00	0.00	65.16	7.67	0.00	0.00	2000
225	10.66	2101	2107	0.00	211	0	0	0	nan	0.00	0.01	3.62	86.17	89.34	0.00	40	0	43	0.00	0.00	63.02	7.30	0.00	0.00	2000
230	11.04	2062	2124	0.00	193	0	0	0	nan	0.00	0.00	3.31	86.79	88.96	0.00	40	0	43	0.00	0.00	65.17	7.65	0.00	0.00	2000
232	11.55	2055	2056	0.00	196	0	0	0	nan	0.00	0.00	3.56	83.08	88.45	0.00	40	0	43	0.00	0.00	64.92	7.33	0.00	0.00	2000
233	11.12	2036	2160	0.00	211	0	0	0	nan	0.00	0.00	3.40	88.11	88.88	0.00	40	0	43	0.00	0.00	65.01	7.94	0.00	0.00	2000
228	11.22	2045	2090	0.00	194	0	0	0	nan	0.00	0.00	3.77	84.81	88.78	0.00	40	0	43	0.00	0.00	64.72	7.55	0.00	0.00	2000
226	11.22	2011	2108	0.00	194	0	0	0	nan	0.00	0.00	4.23	84.98	88.78	0.00	40	0	43	0.00	0.00	64.42	7.65	0.00	0.00	2000
228	11.40	2001	2103	0.00	194	0	0	0	nan	0.00	0.00	3.58	85.35	88.60	0.00	40	0	42	0.00	0.00	64.55	7.60	0.00	0.00	2000
228	11.30	2022	2096	0.00	194	0	0	0	nan	0.00	0.00	3.39	85.29	88.70	0.00	39	0	43	0.00	0.00	64.59	7.68	0.00	0.00	2000
227	11.02	2083	2079	0.00	195	0	0	0	nan	0.00	0.00	3.43	84.71	88.98	0.00	40	0	43	0.00	0.00	63.70	7.39	0.00	0.00	2000
225	11.37	2013	2067	0.00	194	0	0	0	nan	0.00	0.00	3.17	84.21	88.63	0.00	40	0	43	0.00	0.00	62.02	7.39	0.00	0.00	2000
230	11.09	2053	2125	0.00	210	0	0	0	nan	0.00	0.00	2.60	87.48	88.91	0.00	40	0	43	0.00	0.00	66.67	7.82	0.00	0.00	2000
232	11.20	2046	2126	0.00	211	0	0	0	nan	0.00	0.02	3.33	86.66	88.80	0.00	40	0	43	0.00	0.00	66.18	7.79	0.00	0.00	2000
230	11.08	2072	2105	0.00	194	0	0	0	nan	0.00	0.00	4.28	84.98	88.92	0.00	40	0	43	0.00	0.00	64.38	7.72	0.00	0.00	2000
222	10.93	2068	2061	0.00	195	0	0	0	nan	0.00	0.00	4.22	83.29	89.07	0.00	40	0	43	0.00	0.00	63.64	7.46	0.00	0.00	2000
232	11.26	2052	2107	0.00	194	0	0	1	78.92	0.00	0.00	3.16	86.03	88.74	0.00	40	0	43	0.00	0.00	66.04	7.62	0.00	0.00	2000
228	10.80	2087	2124	1.44	211	0	0	6	75.49	0.00	0.00	4.40	85.91	89.20	0.00	40	0	43	0.00	0.00	64.36	7.54	0.00	0.00	2000
227	10.84	2107	2086	0.00	194	0	0	0	nan	0.00	0.00	4.64	84.06	89.16	0.00	40	0	43	0.00	0.00	60.82	7.44	0.00	0.00	2000
231	11.00	2082	2115	0.00	195	0	0	0	nan	0.00	0.00	3.73	86.01	89.00	0.00	40	0	43	0.00	0.00	68.04	7.56	0.00	0.00	2000
230	11.37	2049	2072	0.00	195	0	0	0	nan	0.00	0.00	3.76	83.76	88.63	0.00	40	0	43	0.00	0.00	62.30	7.25	0.00	0.00	2000
227	10.68	2108	2117	0.00	215	0	0	0	nan	0.00	0.00	4.69	85.52	89.32	0.00	40	0	43	0.00	0.00	67.24	7.89	0.00	0.00	2000
232	11.43	2051	2083	0.00	197	0	0	0	nan	0.00	0.01	4.15	83.76	88.57	0.00	40	0	43	0.00	0.00	62.29	7.33	0.00	0.00	2000
231	10.91	2079	2137	0.00	211	0	0	0	nan	0.00	0.02	4.57	86.25	89.09	0.00	40	0	43	0.00	0.00	67.66	7.89	0.00	0.00	2000
228	10.94	2087	2095	0.00	194	0	0	0	nan	0.00	0.00	4.19	84.79	89.06	0.00	40	0	43	0.00	0.00	64.34	7.44	0.00	0.00	2000
223	11.01	2048	2076	0.00	195	0	0	0	nan	0.00	0.00	4.87	83.21	88.99	0.00	40	0	43	0.00	0.00	63.26	7.29	0.00	0.00	2000
232	11.04	2075	2129	0.00	194	0	0	0	nan	0.00	0.00	3.44	86.85	88.96	0.00	40	0	43	0.00	0.00	65.67	7.86	0.00	0.00	2000
228	11.14	2050	2097	0.00	194	0	0	0	nan	0.00	0.00	3.49	85.29	88.86	0.00	40	0	42	0.00	0.00	64.62	7.65	0.00	0.00	2000
233	10.87	2130	2109	0.00	194	0	0	0	nan	0.00	0.00	4.53	85.07	89.13	0.00	40	0	43	0.00	0.00	65.03	7.57	0.00	0.00	2000
229	11.05	2078	2098	0.00	195	0	0	0	nan	0.00	0.00	4.51	84.44	88.95	0.00	40	0	43	0.00	0.00	64.84	7.37	0.00	0.00	2000
227	11.00	2085	2075	0.00	196	0	0	0	nan	0.00	0.00	5.00	83.02	89.00	0.00	40	0	43	0.00	0.00	63.62	7.36	0.00	0.00	2000
230	11.02	2070	2120	0.00	194	0	0	0	nan	0.00	0.00	3.87	86.11	88.98	0.00	40	0	42	0.00	0.00	65.59	7.60	0.00	0.00	2000
224	11.18	2030	2074	0.00	195	0	0	0	nan	0.00	0.00	4.80	83.05	88.82	0.00	40	0	43	0.00	0.00	63.32	7.37	0.00	0.00	2000
231	11.07	2061	2124	0.00	193	0	0	1	78.99	0.00	0.00	3.19	86.85	88.93	0.00	40	0	42	0.00	0.00	65.34	7.65	0.00	0.00	2000
230	11.42	2045	2071	1.31	196	0	0	6	77.09	0.00	0.00	3.68	83.74	88.58	0.00	40	0	42	0.00	0.00	62.19	7.13	0.00	0.00	2000
224	10.76	2083	2102	0.00	212	0	0	0	nan	0.00	0.02	3.94	85.55	89.24	0.00	40	0	42	0.00	0.00	65.86	7.48	0.00	0.00	2000
232	11.31	2051	2102	0.00	195	0	0	0	nan	0.00	0.00	2.70	86.18	88.69	0.00	40	0	43	0.00	0.00	63.34	7.29	0.00	0.00	2000
228	10.86	2105	2094	0.00	209	0	0	0	nan	0.00	0.00	4.07	84.91	89.14	0.00	40	0	43	0.00	0.00	66.02	7.47	0.00	0.00	2000
234	11.45	2039	2105	0.00	196	0	0	0	nan	0.00	0.00	3.46	85.36	88.55	0.00	40	0	43	0.00	0.00	63.06	7.41	0.00	0.00	2000
224	10.79	2072	2106	0.00	210	0	0	0	nan	0.00	0.00	4.16	85.41	89.21	0.00	40	0	42	0.00	0.00	66.57	7.67	0.00	0.00	2000
233	11.03	2080	2135	0.00	194	0	0	0	nan	0.00	0.00	3.63	86.91	88.97	0.00	40	0	43	0.00	0.00	65.74	7.65	0.00	0.00	2000
223	11.16	2037	2066	0.00	198	0	0	0	nan	0.00	0.00	5.47	82.01	88.84	0.00	40	0	43	0.00	0.00	63.34	7.33	0.00	0.00	2000
235	11.17	2101	2100	0.00	201	0	0	0	nan	0.00	0.00	5.46	83.47	88.83	0.00	40	0	43	0.00	0.00	64.23	7.66	0.00	0.00	2000
233	11.27	2065	2098	0.00	209	0	0	0	nan	0.00	0.01	3.56	85.18	88.73	0.00	40	0	43	0.00	0.00	63.42	7.50	0.00	0.00	2000
230	10.85	2090	2127	0.00	211	0	0	0	nan	0.00	0.00	4.13	86.28	89.15	0.00	40	0	42	0.00	0.00	67.63	7.84	0.00	0.00	2000
229	11.11	2053	2105	0.00	194	0	0	0	nan	0.00	0.00	4.32	84.81	88.89	0.00	40	0	42	0.00	0.00	64.71	7.57	0.00	0.00	2000
230	11.03	2095	2094	0.00	195	0	0	0	nan	0.00	0.00	4.34	84.41	88.97	0.00	40	0	43	0.00	0.00	64.54	7.72	0.00	0.00	2000
230	11.26	2033	2110	0.00	195	0	0	0	nan	0.00	0.00	4.50	84.75	88.74	0.00	40	0	43	0.00	0.00	64.82	7.60	0.00	0.00	2000
228	11.10	2062	2090	0.00	194	0	0	0	nan	0.00	0.00	3.47	85.14	88.90	0.00	40	0	43	0.00	0.00	64.46	7.56	0.00	0.00	2000
230	11.01	2081	2105	0.00	194	0	0	0	nan	0.00	0.00	3.93	85.25	88.99	0.00	40	0	43	0.00	0.00	65.00	7.54	0.00	0.00	2000
230	11.02	2084	2102	0.00	195	0	0	3	73.61	0.00	0.00	4.10	84.97	88.98	0.00	40	0	43	0.00	0.00	64.96	7.45	0.00	0.00	2000
223	11.08	2041	2069	1.36	193	0	0	5	72.34	0.00	0.00	4.15	83.55	88.92	0.00	40	0	42	0.00	0.00	63.16	7.26	0.00	0.00	2000
236	11.09	2089	2136	0.00	195	0	0	0	nan	0.00	0.00	2.95	87.51	88.91	0.00	40	0	42	0.00	0.00	66.06	7.78	0.00	0.00	2000
229	11.07	2066	2097	0.00	194	0	0	0	nan	0.00	0.02	3.92	84.93	88.93	0.00	40	0	43	0.00	0.00	64.94	7.49	0.00	0.00	2000
227	11.03	2080	2080	0.00	196	0	0	0	nan	0.00	0.00	4.16	84.04	88.97	0.00	40	0	43	0.00	0.00	64.23	7.46	0.00	0.00	2000
229	10.88	2089	2114	0.00	194	0	0	0	nan	0.00	0.00	3.89	85.79	89.12	0.00	40	0	43	0.00	0.00	64.75	7.56	0.00	0.00	2000
232	10.81	2135	2108	0.00	194	0	0	0	nan	0.00	0.00	3.67	85.82	89.19	0.00	40	0	42	0.00	0.00	65.38	7.74	0.00	0.00	2000
223	11.13	2031	2073	0.00	194	0	0	0	nan	0.00	0.00	5.24	82.55	88.87	0.00	40	0	43	0.00	0.00	62.90	7.32	0.00	0.00	2000
232	11.37	2046	2097	0.00	195	0	0	0	nan	0.00	0.00	2.73	85.83	88.63	0.00	40	0	42	0.00	0.00	63.39	7.49	0.00	0.00	2000
222	10.91	2034	2098	0.00	211	0	0	0	nan	0.00	0.00	4.68	84.43	89.09	0.00	40	0	43	0.00	0.00	65.72	7.66	0.00	0.00	2000
232	11.36	2042	2102	0.00	194	0	0	0	nan	0.00	0.00	2.77	86.04	88.64	0.00	40	0	43	0.00	0.00	63.19	7.51	0.00	0.00	2000
228	10.97	2046	2133	0.00	213	0	0	0	nan	0.00	0.00	5.66	84.95	89.03	0.00	40	0	43	0.00	0.00	67.91	7.79	0.00	0.00	2000
234	11.19	2099	2092	0.00	196	0	0	0	nan	0.00	0.01	2.70	85.83	88.81	0.00	40	0	42	0.00	0.00	64.26	7.61	0.00	0.00	2000
227	11.14	2031	2108	0.00	195	0	0	0	nan	0.00	0.02	3.76	85.54	88.86	0.00	40	0	43	0.00	0.00	64.57	7.56	0.00	0.00	2000
229	11.15	2066	2091	0.00	194	0	0	0	nan	0.00	0.00	2.96	85.62	88.85	0.00	40	0	42	0.00	0.00	65.36	7.58	0.00	0.00	2000
228	11.14	2038	2106	0.00	193	0	0	0	nan	0.00	0.00	3.13	86.09	88.86	0.00	40	0	43	0.00	0.00	64.65	7.53	0.00	0.00	2000
229	11.19	2044	2103	0.00	195	0	0	0	nan	0.00	0.00	3.29	85.76	88.81	0.00	40	0	43	0.00	0.00	61.89	7.33	0.00	0.00	2000
230	10.97	2105	2095	0.00	195	0	0	3	77.56	0.00	0.00	4.74	84.13	89.03	0.00	40	0	42	0.00	0.00	61.56	7.31	0.00	0.00	2000
226	10.84	2106	2083	1.35	194	0	0	5	79.46	0.00	0.00	4.29	84.31	89.16	0.00	40	0	43	0.00	0.00	67.14	7.71	0.00	0.00	2000
229	11.20	2025	2123	0.00	194	0	0	0	nan	0.00	0.00	4.08	85.82	88.80	0.00	40	0	43	0.00	0.00	65.74	7.65	0.00	0.00	2000
229	11.20	2043	2098	0.00	194	0	0	0	nan	0.00	0.00	3.61	85.22	88.80	0.00	40	0	43	0.00	0.00	64.52	7.53	0.00	0.00	2000
227	11.03	2064	2097	0.00	195	0	0	0	nan	0.00	0.00	4.40	84.46	88.97	0.00	40	0	43	0.00	0.00	64.71	7.48	0.00	0.00	2000
230	11.32	2030	2102	0.00	195	0	0	0	nan	0.00	0.00	4.20	84.66	88.68	0.00	40	0	43	0.00	0.00	64.92	7.61	0.00	0.00	2000
229	11.00	2089	2096	0.00	195	0	0	0	nan	0.00	0.00	4.26	84.63	89.00	0.00	39	0	43	0.00	0.00	61.73	7.20	0.00	0.00	2000
229	10.81	2124	2096	0.00	195	0	0	0	nan	0.00	0.00	4.28	84.83	89.19	0.00	40	0	43	0.00	0.00	64.41	7.66	0.00	0.00	2000
228	11.21	2030	2107	0.00	195	0	0	0	nan	0.00	0.00	4.33	84.87	88.79	0.00	40	0	43	0.00	0.00	67.91	7.95	0.00	0.00	2000
224	10.93	2085	2065	0.00	194	0	0	0	nan	0.00	0.00	3.30	84.36	89.07	0.00	40	0	43	0.00	0.00	63.68	7.43	0.00	0.00	2000
228	10.95	2106	2073	0.00	195	0	0	0	nan	0.00	0.04	2.23	85.71	89.05	0.00	40	0	43	0.00	0.00	61.29	7.11	0.00	0.00	2000
229	11.11	2055	2110	0.00	210	0	0	0	nan	0.00	0.00	2.24	87.19	88.89	0.00	40	0	43	0.00	0.00	65.83	7.65	0.00	0.00	2000
233	10.81	2103	2148	0.00	210	0	0	0	nan	0.00	0.02	3.18	88.15	89.19	0.00	40	0	43	0.00	0.00	68.48	7.80	0.00	0.00	2000
230	10.83	2124	2099	0.00	194	0	0	0	nan	0.00	0.00	3.97	85.26	89.17	0.00	40	0	43	0.00	0.00	61.84	7.22	0.00	0.00	2000
229	11.27	2029	2107	0.00	198	0	0	0	nan	0.00	0.00	5.55	83.57	88.73	0.00	40	0	42	0.00	0.00	67.79	7.64	0.00	0.00	2000
227	11.26	2051	2061	0.00	195	0	0	0	nan	0.00	0.00	4.17	83.00	88.74	0.00	40	0	43	0.00	0.00	62.38	7.17	0.00	0.00	2000
226	10.62	2107	2119	0.00	211	0	0	0	nan	0.00	0.02	4.31	86.02	89.38	0.00	40	0	42	0.00	0.00	63.83	7.60	0.00	0.00	2000
231	10.91	2090	2123	0.00	194	0	0	4	72.38	0.00	0.00	4.53	85.59	89.09	0.00	40	0	43	0.00	0.00	68.67	8.14	0.00	0.00	2000
229	11.34	2018	2097	1.37	194	0	0	5	78.34	0.00	0.01	3.52	85.13	88.66	0.00	40	0	43	0.00	0.00	61.62	7.35	0.00	0.00	2000
237	11.29	2108	2095	0.00	197	0	0	0	nan	0.00	0.00	4.83	83.76	88.71	0.00	40	0	43	0.00	0.00	64.51	7.53	0.00	0.00	2000
225	11.08	2063	2068	0.00	195	0	0	0	nan	0.00	0.00	4.20	83.48	88.92	0.00	40	0	43	0.00	0.00	63.72	7.28	0.00	0.00	2000
230	11.17	2048	2110	0.00	194	0	0	0	nan	0.00	0.00	2.91	86.48	88.83	0.00	40	0	43	0.00	0.00	66.79	7.65	0.00	0.00	2000
230	11.05	2055	2124	0.00	210	0	0	0	nan	0.00	0.00	3.90	86.18	88.95	0.00	40	0	43	0.00	0.00	63.75	7.32	0.00	0.00	2000
227	11.20	2019	2107	0.00	195	0	0	0	nan	0.00	0.00	3.96	85.24	88.80	0.00	40	0	43	0.00	0.00	64.33	7.41	0.00	0.00	2000
225	11.15	2045	2068	0.00	196	0	0	0	nan	0.00	0.00	3.64	84.02	88.85	0.00	40	0	42	0.00	0.00	63.31	7.27	0.00	0.00	2000
231	11.53	2009	2097	0.00	194	0	0	0	nan	0.00	0.00	2.46	86.11	88.47	0.00	40	0	43	0.00	0.00	65.77	7.71	0.00	0.00	2000
226	10.84	2075	2111	0.00	209	0	0	0	nan	0.00	0.00	3.48	86.35	89.16	0.00	40	0	42	0.00	0.00	64.13	7.35	0.00	0.00	2000
223	11.16	2042	2055	0.00	194	0	0	0	nan	0.00	0.00	3.84	83.18	88.84	0.00	40	0	43	0.00	0.00	63.62	7.41	0.00	0.00	2000
236	11.26	2054	2142	0.00	212	0	0	0	nan	0.00	0.02	2.90	87.75	88.74	0.00	40	0	43	0.00	0.00	64.25	7.56	0.00	0.00	2000
224	10.90	2063	2092	0.00	210	0	0	0	nan	0.01	0.02	3.93	85.00	89.10	0.00	40	0	43	0.00	0.00	64.89	7.07	0.00	0.00	2000
228	11.26	2018	2104	0.00	193	0	0	0	nan	0.00	0.00	2.68	86.39	88.74	0.00	40	0	43	0.00	0.00	67.25	7.72	0.00	0.00	2000
228	11.10	2049	2102	0.00	210	0	0	0	nan	0.00	0.00	3.09	86.05	88.90	0.00	40	0	43	0.00	0.00	61.94	7.08	0.00	0.00	2000
234	10.87	2124	2131	0.00	196	0	0	0	nan	0.00	0.00	4.62	85.85	89.13	0.00	40	0	43	0.00	0.00	65.64	7.54	0.00	0.00	2000
229	10.89	2101	2100	0.00	194	0	0	0	nan	0.00	0.00	4.20	85.03	89.11	0.00	40	0	43	0.00	0.00	64.79	7.58	0.00	0.00	2000
228	11.15	2048	2100	0.58	197	0	0	6	72.49	0.00	0.00	4.75	84.19	88.85	0.00	40	0	43	0.00	0.00	64.57	7.54	0.00	0.00	2000
224	11.37	2024	2045	0.84	195	0	0	2	87.45	0.00	0.00	3.91	82.49	88.63	0.00	40	0	43	0.00	0.00	63.78	7.19	0.00	0.00	2000
232	10.92	2066	2164	0.00	210	0	0	0	nan	0.00	0.00	3.43	88.41	89.08	0.00	40	0	43	0.00	0.00	65.54	7.85	0.00	0.00	2000
229	10.98	2112	2074	0.00	196	0	0	0	nan	0.00	0.00	3.29	84.62	89.02	0.00	40	0	43	0.00	0.00	64.29	7.47	0.00	0.00	2000
230	10.92	2088	2119	0.00	194	0	0	0	nan	0.00	0.00	3.72	86.19	89.08	0.00	40	0	43	0.00	0.00	65.32	7.64	0.00	0.00	2000
229	11.06	2064	2105	0.00	195	0	0	0	nan	0.00	0.00	3.62	85.50	88.94	0.00	40	0	43	0.00	0.00	64.93	7.62	0.00	0.00	2000
227	11.08	2061	2091	0.00	194	0	0	0	nan	0.00	0.00	4.23	84.47	88.92	0.00	40	0	43	0.00	0.00	64.30	7.59	0.00	0.00	2000
226	10.85	2102	2084	0.00	194	0	0	0	nan	0.00	0.00	4.38	84.16	89.15	0.00	40	0	43	0.00	0.00	63.94	7.36	0.00	0.00	2000
232	10.98	2095	2119	0.00	195	0	0	0	nan	0.00	0.00	3.86	86.14	89.02	0.00	40	0	43	0.00	0.00	65.67	7.78	0.00	0.00	2000
229	10.95	2093	2104	0.00	194	0	0	0	nan	0.00	0.00	4.29	85.03	89.05	0.00	40	0	43	0.00	0.00	64.83	7.73	0.00	0.00	2000
222	10.95	2056	2071	0.00	194	0	0	0	nan	0.00	0.00	5.17	82.69	89.05	0.00	40	0	42	0.00	0.00	62.80	7.12	0.00	0.00	2000
233	11.09	2074	2124	0.00	195	0	0	0	nan	0.00	0.00	3.37	86.66	88.91	0.00	40	0	43	0.00	0.00	65.50	7.56	0.00	0.00	2000
230	11.04	2068	2112	0.00	194	0	0	0	nan	0.00	0.00	2.84	86.73	88.96	0.00	40	0	43	0.00	0.00	65.39	7.54	0.00	0.00	2000
225	11.37	2039	2042	0.00	195	0	0	0	nan	0.00	0.02	3.38	82.88	88.63	0.00	40	0	43	0.00	0.00	61.27	7.32	0.00	0.00	2000
232	10.89	2082	2151	0.00	212	0	0	0	nan	0.00	0.01	2.48	88.87	89.11	0.00	40	0	42	0.00	0.00	68.37	7.96	0.00	0.00	2000
225	11.37	2021	2051	0.00	195	0	0	0	nan	0.00	0.00	3.23	83.47	88.64	0.00	40	0	43	0.00	0.00	61.11	7.13	0.00	0.00	2000
231	11.20	2039	2123	0.00	210	0	0	0	nan	0.00	0.00	1.97	87.88	88.80	0.00	40	0	43	0.00	0.00	65.59	7.77	0.00	0.00	2000
227	10.83	2086	2113	0.92	211	0	0	6	71.27	0.00	0.00	3.49	86.35	89.17	0.00	40	0	43	0.00	0.00	66.61	7.77	0.00	0.00	2000
233	10.90	2116	2122	0.55	194	0	0	0	nan	0.00	0.00	3.26	86.87	89.10	0.00	40	0	43	0.00	0.00	65.51	7.67	0.00	0.00	2000
224	10.91	2082	2072	0.00	196	0	0	0	nan	0.00	0.00	3.67	84.34	89.09	0.00	40	0	43	0.00	0.00	63.03	7.50	0.00	0.00	2000
237	11.39	2045	2137	0.00	197	0	0	0	nan	0.00	0.01	3.59	86.67	88.61	0.00	40	0	43	0.00	0.00	66.30	7.91	0.00	0.00	2000
229	11.07	2080	2088	0.00	196	0	0	0	nan	0.00	0.00	3.29	85.22	88.93	0.00	40	0	43	0.00	0.00	64.61	7.83	0.00	0.00	2000
229	11.20	2038	2109	0.00	195	0	0	0	nan	0.00	0.00	4.57	84.73	88.80	0.00	40	0	43	0.00	0.00	64.43	7.59	0.00	0.00	2000
226	10.96	2085	2076	0.00	195	0	0	0	nan	0.00	0.02	3.81	84.30	89.04	0.00	40	0	43	0.00	0.00	64.07	7.46	0.00	0.00	2000
232	11.08	2074	2119	0.00	197	0	0	0	nan	0.00	0.00	6.16	83.69	88.92	0.00	40	0	43	0.00	0.00	65.00	7.45	0.00	0.00	2000
225	11.28	2055	2038	0.00	226	0	0	0	nan	0.00	0.00	3.50	82.68	88.72	0.00	39	0	43	0.00	0.00	60.57	7.14	0.00	0.00	2000
239	10.91	2112	2180	0.00	211	0	0	0	nan	0.00	0.02	4.32	88.26	89.09	0.00	40	0	43	0.00	0.00	69.53	8.11	0.00	0.00	2000
232	11.06	2102	2093	0.00	194	0	0	0	nan	0.00	0.00	3.91	84.76	88.94	0.00	40	0	43	0.00	0.00	65.02	7.57	0.00	0.00	2000
226	10.80	2111	2083	0.00	194	0	0	0	nan	0.00	0.00	5.11	83.51	89.20	0.00	40	0	42	0.00	0.00	64.11	7.46	0.00	0.00	2000
226	10.71	2115	2094	0.00	194	0	0	0	nan	0.00	0.00	4.45	84.69	89.29	0.00	40	0	43	0.00	0.00	63.72	7.46	0.00	0.00	2000
228	10.75	2117	2101	0.00	194	0	0	0	nan	0.00	0.00	3.62	85.78	89.25	0.00	40	0	43	0.00	0.00	64.43	7.61	0.00	0.00	2000
231	11.36	2056	2081	0.00	197	0	0	0	nan	0.00	0.01	2.87	85.13	88.64	0.00	40	0	43	0.00	0.00	62.33	7.25	0.00	0.00	2000
231	10.82	2095	2143	0.00	210	0	0	0	nan	0.00	0.00	3.51	87.52	89.18	0.00	40	0	43	0.00	0.00	68.26	7.78	0.00	0.00	2000
223	10.88	2081	2071	0.00	194	0	0	0	nan	0.00	0.00	3.90	84.07	89.12	0.00	40	0	43	0.00	0.00	62.96	7.46	0.00	0.00	2000
231	11.32	2047	2098	1.02	193	0	0	5	71.46	0.00	0.02	2.41	86.24	88.68	0.00	40	0	42	0.00	0.00	63.24	7.51	0.00	0.00	2000
230	11.10	2035	2133	0.39	210	0	0	0	nan	0.00	0.02	3.60	86.73	88.90	0.00	40	0	43	0.00	0.00	67.46	7.94	0.00	0.00	2000
229	11.19	2050	2098	0.00	195	0	0	0	nan	0.00	0.00	3.73	85.06	88.81	0.00	40	0	43	0.00	0.00	64.55	7.61	0.00	0.00	2000
224	11.03	2056	2076	0.00	194	0	0	0	nan	0.00	0.00	3.59	84.45	88.97	0.00	40	0	43	0.00	0.00	63.35	7.35	0.00	0.00	2000
232	11.09	2059	2135	0.00	194	0	0	0	nan	0.00	0.00	2.75	87.74	88.91	0.00	40	0	43	0.00	0.00	66.08	7.71	0.00	0.00	2000
225	10.81	2116	2062	0.00	194	0	0	0	nan	0.00	0.00	3.28	84.30	89.19	0.00	40	0	43	0.00	0.00	63.20	7.37	0.00	0.00	2000
230	10.85	2107	2109	0.00	197	0	0	0	nan	0.00	0.00	3.70	85.95	89.15	0.00	40	0	42	0.00	0.00	64.49	7.52	0.00	0.00	2000
233	11.41	2054	2088	0.00	196	0	0	0	nan	0.00	0.01	3.42	84.78	88.59	0.00	40	0	43	0.00	0.00	62.94	7.44	0.00	0.00	2000
228	10.76	2085	2129	0.00	210	0	0	0	nan	0.01	0.00	3.71	86.88	89.24	0.00	40	0	43	0.00	0.00	67.55	7.80	0.00	0.00	2000
226	10.86	2096	2085	0.00	195	0	0	0	nan	0.00	0.00	4.17	84.42	89.14	0.00	40	0	43	0.00	0.00	63.73	7.50	0.00	0.00	2000
226	10.98	2073	2090	0.00	195	0	0	0	nan	0.00	0.00	4.08	84.66	89.02	0.00	40	0	42	0.00	0.00	63.59	7.59	0.00	0.00	2000
234	11.22	2095	2091	0.00	194	0	0	0	nan	0.00	0.01	2.68	85.79	88.78	0.00	40	0	43	0.00	0.00	63.80	7.27	0.00	0.00	2000
229	10.84	2077	2139	0.00	212	0	0	0	nan	0.00	0.04	3.02	87.87	89.16	0.00	40	0	43	0.00	0.00	67.18	8.18	0.00	0.00	2000
228	11.12	2051	2103	0.00	194	0	0	0	nan	0.00	0.00	3.68	85.37	88.88	0.00	40	0	43	0.00	0.00	64.53	7.47	0.00	0.00	2000
229	10.99	2090	2097	0.00	195	0	0	0	nan	0.00	0.00	4.44	84.46	89.01	0.00	40	0	43	0.00	0.00	62.05	7.35	0.00	0.00	2000
223	11.02	2050	2071	0.00	193	0	0	0	nan	0.00	0.00	3.89	83.93	88.98	0.00	40	0	43	0.00	0.00	65.32	7.66	0.00	0.00	2000
230	10.92	2100	2110	0.00	194	0	0	0	nan	0.01	0.00	2.46	87.14	89.08	0.00	40	0	43	0.00	0.00	65.20	7.73	0.00	0.00	2000
232	11.34	2053	2093	1.17	194	0	0	5	71.44	0.00	0.01	2.76	85.76	88.66	0.00	40	0	43	0.00	0.00	62.92	7.43	0.00	0.00	2000
229	10.90	2071	2127	0.21	211	0	0	0	nan	0.00	0.00	4.77	85.53	89.10	0.00	40	0	43	0.00	0.00	67.44	7.89	0.00	0.00	2000
229	10.87	2110	2101	0.00	195	0	0	0	nan	0.00	0.00	5.11	84.16	89.13	0.00	39	0	43	0.00	0.00	64.68	7.32	0.00	0.00	2000
228	10.95	2085	2099	0.00	194	0	0	0	nan	0.00	0.00	4.65	84.48	89.05	0.00	40	0	43	0.00	0.00	64.22	8.01	0.00	0.00	2000
230	11.23	2044	2106	0.00	195	0	0	0	nan	0.00	0.00	4.52	84.61	88.77	0.00	40	0	43	0.00	0.00	64.73	7.57	0.00	0.00	2000
229	11.00	2089	2089	0.00	195	0	0	0	nan	0.00	0.00	4.28	84.36	89.00	0.00	40	0	43	0.00	0.00	64.79	7.71	0.00	0.00	2000
230	11.13	2061	2106	0.00	194	0	0	0	nan	0.00	0.00	4.46	84.77	88.87	0.00	40	0	42	0.00	0.00	64.66	7.62	0.00	0.00	2000
226	11.14	2028	2097	0.00	194	0	0	0	nan	0.00	0.00	4.79	84.06	88.86	0.00	40	0	43	0.00	0.00	64.20	7.51	0.00	0.00	2000
228	11.08	2061	2100	0.00	194	0	0	0	nan	0.00	0.00	3.64	85.42	88.92	0.00	40	0	43	0.00	0.00	64.78	7.57	0.00	0.00	2000
232	11.45	2022	2105	0.00	196	0	0	0	nan	0.00	0.00	4.12	84.73	88.55	0.00	39	0	43	0.00	0.00	62.47	7.78	0.00	0.00	2000
229	10.93	2100	2094	0.00	196	0	0	0	nan	0.00	0.00	3.23	85.67	89.07	0.00	40	0	43	0.00	0.00	61.29	7.21	0.00	0.00	2000
229	10.98	2083	2100	0.00	194	0	0	0	nan	0.00	0.00	3.32	85.77	89.02	0.00	40	0	43	0.00	0.00	65.70	7.60	0.00	0.00	2000
228	11.03	2060	2107	0.00	193	0	0	0	nan	0.00	0.00	3.79	85.59	88.97	0.00	40	0	43	0.00	0.00	67.86	7.58	0.00	0.00	2000
231	11.09	2087	2094	0.00	195	0	0	0	nan	0.00	0.02	3.89	84.85	88.91	0.00	40	0	43	0.00	0.00	61.65	7.45	0.00	0.00	2000
225	10.86	2110	2066	0.00	195	0	0	0	nan	0.00	0.00	4.32	83.53	89.14	0.00	40	0	43	0.00	0.00	63.66	7.53	0.00	0.00	2000
231	11.01	2063	2134	0.00	193	0	0	0	nan	0.00	0.02	3.25	87.28	88.99	0.00	40	0	43	0.00	0.00	68.37	8.20	0.00	0.00	2000
231	11.71	2021	2050	0.00	196	0	0	0	nan	0.00	0.02	3.53	82.74	88.29	0.00	40	0	43	0.00	0.00	61.77	7.48	0.00	0.00	2000
232	10.80	2093	2153	1.10	211	0	0	6	69.15	0.00	0.00	3.49	88.12	89.20	0.00	40	0	43	0.00	0.00	64.73	7.77	0.00	0.00	2000
227	10.95	2086	2087	0.39	195	0	0	0	nan	0.00	0.00	3.97	84.63	89.05	0.00	40	0	43	0.00	0.00	67.42	8.00	0.00	0.00	2000
233	10.86	2125	2122	0.00	195	0	0	0	nan	0.00	0.00	4.09	86.02	89.14	0.00	40	0	43	0.00	0.00	62.90	7.49	0.00	0.00	2000
228	10.87	2105	2092	0.00	194	0	0	0	nan	0.00	0.00	4.34	84.60	89.13	0.00	40	0	43	0.00	0.00	64.53	7.59	0.00	0.00	2000
225	10.88	2081	2084	0.00	194	0	0	0	nan	0.00	0.00	4.65	83.88	89.12	0.00	40	0	42	0.00	0.00	63.69	7.64	0.00	0.00	2000
231	11.14	2050	2127	0.00	196	0	0	0	nan	0.00	0.00	4.00	86.12	88.86	0.00	40	0	43	0.00	0.00	69.37	8.30	0.00	0.00	2000
223	11.18	2046	2044	0.00	194	0	0	0	nan	0.00	0.02	2.61	84.01	88.82	0.00	39	0	43	0.00	0.00	59.95	7.18	0.00	0.00	2000
233	11.07	2050	2159	0.00	213	0	0	0	nan	0.00	0.00	2.13	89.35	88.93	0.00	40	0	43	0.00	0.00	67.67	8.08	0.00	0.00	2000
223	11.11	2046	2063	0.00	195	0	0	0	nan	0.01	0.00	2.59	84.84	88.89	0.00	40	0	42	0.00	0.00	64.11	7.50	0.00	0.00	2000
233	11.22	2058	2120	0.00	210	0	0	0	nan	0.00	0.01	2.57	87.20	88.78	0.00	40	0	42	0.00	0.00	63.31	7.58	0.00	0.00	2000
222	10.79	2085	2074	0.00	194	0	0	0	nan	0.00	0.00	4.93	83.27	89.21	0.00	40	0	43	0.00	0.00	62.99	7.44	0.00	0.00	2000
234	11.55	2015	2111	0.00	195	0	0	0	nan	0.00	0.00	3.51	85.54	88.45	0.00	40	0	43	0.00	0.00	66.52	7.69	0.00	0.00	2000
222	11.08	2004	2100	0.00	210	0	0	0	nan	0.00	0.00	4.38	84.69	88.92	0.00	40	0	43	0.00	0.00	62.67	7.32	0.00	0.00	2000
227	11.50	2003	2072	0.00	199	0	0	0	nan	0.00	0.00	4.14	83.40	88.50	0.00	40	0	43	0.00	0.00	65.14	7.81	0.00	0.00	2000
227	11.21	2027	2100	0.00	211	0	0	0	nan	0.00	0.04	2.32	86.60	88.79	0.00	40	0	43	0.00	0.00	64.40	7.57	0.00	0.00	2000
230	11.02	2063	2128	0.00	211	0	0	0	nan	0.00	0.00	2.82	87.52	88.98	0.00	40	0	42	0.00	0.00	67.74	7.90	0.00	0.00	2000
231	11.05	2091	2096	0.00	195	0	0	2	74.71	0.00	0.02	2.43	86.46	88.95	0.00	40	0	43	0.00	0.00	62.37	7.26	0.00	0.00	2000
229	10.92	2070	2130	1.37	211	0	0	6	77.98	0.00	0.03	3.75	86.75	89.08	0.00	39	0	43	0.00	0.00	64.43	7.80	0.00	0.00	2000
222	10.94	2067	2064	0.00	194	0	0	0	nan	0.00	0.00	4.74	82.89	89.06	0.00	40	0	43	0.00	0.00	63.05	7.41	0.00	0.00	2000
232	11.08	2079	2117	0.00	194	0	0	0	nan	0.00	0.00	3.30	86.42	88.92	0.00	40	0	43	0.00	0.00	65.56	7.66	0.00	0.00	2000
229	11.11	2065	2092	0.00	211	0	0	0	nan	0.00	0.03	2.04	86.59	88.89	0.00	40	0	42	0.00	0.00	64.75	7.57	0.00	0.00	2000
228	11.07	2044	2113	0.00	194	0	0	0	nan	0.00	0.00	3.87	85.64	88.93	0.00	40	0	43	0.00	0.00	65.48	7.62	0.00	0.00	2000
224	11.01	2081	2051	0.00	195	0	0	0	nan	0.00	0.00	1.57	85.42	88.99	0.00	40	0	42	0.00	0.00	62.67	7.30	0.00	0.00	2000
235	10.87	2083	2182	0.00	210	0	0	0	nan	0.00	0.00	2.23	90.50	89.13	0.00	40	0	42	0.00	0.00	66.09	7.73	0.00	0.00	2000
230	11.22	2056	2093	0.00	195	0	0	0	nan	0.01	0.00	3.50	85.14	88.78	0.00	40	0	43	0.00	0.00	65.11	7.77	0.00	0.00	2000
227	11.09	2070	2079	0.00	195	0	0	0	nan	0.00	0.00	4.06	84.07	88.91	0.00	40	0	43	0.00	0.00	63.56	7.51	0.00	0.00	2000
231	10.84	2110	2124	0.00	194	0	0	0	nan	0.00	0.00	3.60	86.69	89.16	0.00	40	0	43	0.00	0.00	65.44	7.83	0.00	0.00	2000
228	10.98	2070	2101	0.00	194	0	0	0	nan	0.00	0.00	4.01	85.16	89.02	0.00	40	0	43	0.00	0.00	64.58	7.71	0.00	0.00	2000
228	11.06	2069	2092	0.00	195	0	0	0	nan	0.00	0.00	4.01	84.68	88.94	0.00	40	0	43	0.00	0.00	65.04	7.52	0.00	0.00	2000
226	11.05	2067	2075	0.00	196	0	0	0	nan	0.00	0.00	4.68	83.26	88.95	0.00	40	0	43	0.00	0.00	62.82	7.50	0.00	0.00	2000
232	11.21	2063	2102	0.00	194	0	0	0	nan	0.00	0.00	2.97	85.98	88.79	0.00	40	0	42	0.00	0.00	64.26	7.60	0.00	0.00	2000
225	11.03	2046	2094	0.00	210	0	0	0	nan	0.00	0.00	2.99	85.83	88.97	0.00	39	0	43	0.00	0.00	64.81	7.88	0.00	0.00	2000
231	11.04	2062	2127	0.00	193	0	0	0	nan	0.00	0.00	3.52	86.69	88.96	0.00	40	0	43	0.00	0.00	65.34	7.80	0.00	0.00	2000
232	11.42	2053	2078	0.01	200	0	0	4	75.87	0.00	0.00	4.40	83.32	88.58	0.00	40	0	43	0.00	0.00	65.27	7.70	0.00	0.00	2000
223	10.82	2066	2097	1.35	211	0	0	4	76.94	0.00	0.00	3.94	85.23	89.18	0.00	40	0	43	0.00	0.00	63.03	7.44	0.00	0.00	2000
234	11.26	2044	2135	0.00	194	0	0	0	nan	0.00	0.00	2.83	87.51	88.74	0.00	40	0	42	0.00	0.00	65.62	7.85	0.00	0.00	2000
231	11.02	2097	2100	0.00	194	0	0	0	nan	0.00	0.00	2.74	86.26	88.98	0.00	40	0	43	0.00	0.00	65.41	7.59	0.00	0.00	2000
229	10.89	2108	2097	0.00	194	0	0	0	nan	0.00	0.00	4.20	84.95	89.11	0.00	40	0	43	0.00	0.00	64.58	7.57	0.00	0.00	2000
229	11.22	2038	2105	0.00	198	0	0	0	nan	0.00	0.00	4.59	84.50	88.78	0.00	40	0	43	0.00	0.00	64.48	7.65	0.00	0.00	2000
229	10.98	2085	2099	0.00	195	0	0	0	nan	0.00	0.00	3.90	85.16	89.02	0.00	40	0	43	0.00	0.00	65.07	7.79	0.00	0.00	2000
226	11.21	2020	2099	0.00	194	0	0	0	nan	0.00	0.00	3.53	85.31	88.79	0.00	40	0	42	0.00	0.00	64.01	7.60	0.00	0.00	2000
233	11.26	2077	2091	0.00	196	0	0	0	nan	0.00	0.02	5.38	83.08	88.74	0.00	40	0	43	0.00	0.00	64.67	7.56	0.00	0.00	2000
231	11.10	2080	2105	0.00	210	0	0	0	nan	0.00	0.00	3.94	85.24	88.90	0.00	40	0	43	0.00	0.00	65.27	7.82	0.00	0.00	2000
233	10.84	2133	2113	0.00	194	0	0	0	nan	0.00	0.01	4.16	85.46	89.16	0.00	40	0	43	0.00	0.00	65.08	7.62	0.00	0.00	2000
228	10.98	2081	2092	0.00	195	0	0	0	nan	0.00	0.00	4.23	84.54	89.02	0.00	40	0	43	0.00	0.00	64.68	7.49	0.00	0.00	2000
230	11.19	2049	2103	0.00	195	0	0	0	nan	0.00	0.00	4.52	84.52	88.81	0.00	40	0	42	0.00	0.00	64.69	7.55	0.00	0.00	2000
222	10.99	2053	2064	0.00	194	0	0	0	nan	0.00	0.00	4.13	83.51	89.01	0.00	40	0	43	0.00	0.00	63.00	7.43	0.00	0.00	2000
227	11.19	2066	2062	0.00	194	0	0	0	nan	0.00	0.00	2.70	84.53	88.81	0.00	40	0	43	0.00	0.00	61.60	7.38	0.00	0.00	2000
229	11.08	2053	2117	0.00	211	0	0	0	nan	0.00	0.02	1.67	88.05	88.92	0.00	40	0	42	0.00	0.00	66.32	7.71	0.00	0.00	2000
235	11.15	2056	2151	0.00	210	0	0	0	nan	0.00	0.01	2.70	88.37	88.85	0.00	40	0	43	0.00	0.00	67.33	7.95	0.00	0.00	2000
227	11.12	2035	2110	0.00	195	0	0	4	77.10	0.00	0.00	2.78	86.60	88.88	0.00	40	0	42	0.00	0.00	64.87	7.43	0.00	0.00	2000
224	11.15	2062	2047	1.28	194	0	0	4	78.83	0.00	0.02	2.65	84.04	88.85	0.00	39	0	43	0.00	0.00	61.74	7.26	0.00	0.00	2000
231	11.27	2033	2116	0.00	211	0	0	0	nan	0.00	0.01	2.45	87.07	88.73	0.00	40	0	43	0.00	0.00	63.11	7.78	0.00	0.00	2000
229	10.80	2101	2119	0.00	213	0	0	0	nan	0.00	0.01	4.01	86.03	89.20	0.00	40	0	42	0.00	0.00	69.87	7.67	0.00	0.00	2000
224	11.22	2036	2064	0.00	195	0	0	0	nan	0.00	0.00	3.62	83.68	88.78	0.00	40	0	43	0.00	0.00	61.73	7.28	0.00	0.00	2000
229	10.81	2087	2131	0.00	210	0	0	0	nan	0.00	0.00	2.62	87.99	89.19	0.00	40	0	42	0.00	0.00	65.27	7.74	0.00	0.00	2000
231	10.97	2112	2092	0.00	196	0	0	0	nan	0.00	0.02	2.74	86.07	89.03	0.00	40	0	43	0.00	0.00	64.84	7.68	0.00	0.00	2000
224	11.05	2051	2078	0.00	211	0	0	0	nan	0.00	0.00	3.82	84.25	88.95	0.00	40	0	42	0.00	0.00	64.00	7.50	0.00	0.00	2000
232	10.83	2088	2156	0.00	210	0	0	0	nan	0.00	0.00	3.09	88.50	89.17	0.00	40	0	42	0.00	0.00	68.20	7.94	0.00	0.00	2000
225	11.14	2066	2049	0.00	194	0	0	0	nan	0.00	0.00	3.68	83.14	88.86	0.00	40	0	43	0.00	0.00	61.45	7.34	0.00	0.00	2000
230	11.15	2046	2120	0.00	211	0	0	0	nan	0.00	0.00	2.89	86.87	88.85	0.00	40	0	42	0.00	0.00	65.81	7.78	0.00	0.00	2000
229	10.85	2073	2138	0.00	211	0	0	0	nan	0.00	0.00	3.89	86.99	89.15	0.00	40	0	43	0.00	0.00	67.14	7.88	0.00	0.00	2000
229	10.90	2102	2100	0.00	194	0	0	0	nan	0.00	0.02	3.16	85.98	89.10	0.00	40	0	43	0.00	0.00	62.29	7.56	0.00	0.00	2000
228	11.17	2048	2097	0.00	194	0	0	0	nan	0.00	0.00	4.18	84.69	88.83	0.00	40	0	43	0.00	0.00	64.94	7.25	0.00	0.00	2000
223	10.85	2092	2061	0.00	194	0	0	0	nan	0.00	0.00	4.16	83.41	89.15	0.00	40	0	43	0.00	0.00	65.61	7.73	0.00	0.00	2000
235	11.26	2074	2110	0.00	194	0	0	0	nan	0.00	0.00	3.23	85.93	88.74	0.00	40	0	43	0.00	0.00	63.65	7.37	0.00	0.00	2000
222	10.88	2041	2099	0.00	213	0	0	0	nan	0.00	0.00	4.52	84.67	89.12	0.00	40	0	42	0.00	0.00	65.80	7.64	0.00	0.00	2000
234	11.09	2075	2133	1.10	195	0	0	6	71.64	0.00	0.00	4.03	86.39	88.91	0.00	40	0	42	0.00	0.00	66.08	7.65	0.00	0.00	2000
229	11.05	2078	2093	0.38	194	0	0	0	nan	0.00	0.02	3.95	84.79	88.95	0.00	40	0	43	0.00	0.00	65.12	7.53	0.00	0.00	2000
226	11.39	2025	2055	0.00	195	0	0	0	nan	0.00	0.00	4.14	82.67	88.61	0.00	40	0	43	0.00	0.00	61.57	7.19	0.00	0.00	2000
231	11.05	2034	2160	0.00	212	0	0	0	nan	0.00	0.00	3.27	88.28	88.95	0.00	40	0	43	0.00	0.00	68.17	8.04	0.00	0.00	2000
230	11.05	2087	2092	0.00	195	0	0	0	nan	0.00	0.02	3.79	84.91	88.95	0.00	40	0	43	0.00	0.00	64.92	7.42	0.00	0.00	2000
223	11.04	2043	2072	0.00	197	0	0	0	nan	0.00	0.00	5.73	82.15	88.96	0.00	40	0	43	0.00	0.00	63.15	7.78	0.00	0.00	2000
232	11.24	2068	2099	0.00	195	0	0	0	nan	0.00	0.00	3.00	85.77	88.76	0.00	40	0	43	0.00	0.00	61.13	7.25	0.00	0.00	2000
226	10.84	2085	2104	0.00	212	0	0	0	nan	0.00	0.00	4.29	85.19	89.16	0.00	40	0	43	0.00	0.00	68.61	8.03	0.00	0.00	2000
231	11.01	2069	2125	0.00	194	0	0	0	nan	0.00	0.00	3.04	87.10	88.99	0.00	40	0	43	0.00	0.00	65.66	7.76	0.00	0.00	2000
229	10.97	2090	2100	0.00	194	0	0	0	nan	0.00	0.02	2.82	86.31	89.03	0.00	40	0	42	0.00	0.00	65.63	7.53	0.00	0.00	2000
229	10.93	2091	2100	0.00	194	0	0	0	nan	0.00	0.00	3.77	85.40	89.07	0.00	40	0	43	0.00	0.00	59.46	6.91	0.00	0.00	2000
230	10.91	2105	2102	0.00	195	0	0	0	nan	0.00	0.02	3.93	85.30	89.09	0.00	40	0	43	0.00	0.00	62.07	7.57	0.00	0.00	2000
229	11.33	2018	2102	0.00	198	0	0	0	nan	0.00	0.00	4.29	84.59	88.67	0.00	40	0	43	0.00	0.00	70.10	7.71	0.00	0.00	2000
236	11.31	2079	2103	0.00	196	0	0	0	nan	0.00	0.01	3.85	85.05	88.69	0.00	40	0	43	0.00	0.00	63.07	7.35	0.00	0.00	2000
229	11.11	2060	2098	0.00	194	0	0	0	nan	0.01	0.00	4.11	84.84	88.89	0.00	40	0	43	0.00	0.00	64.31	7.53	0.00	0.00	2000
224	11.14	2050	2057	0.00	194	0	0	0	nan	0.00	0.00	4.56	82.63	88.86	0.00	40	0	43	0.00	0.00	62.46	7.24	0.00	0.00	2000
228	11.16	2051	2091	0.00	195	0	0	0	nan	0.00	0.00	3.04	85.54	88.84	0.00	40	0	43	0.00	0.00	65.11	7.62	0.00	0.00	2000
234	11.07	2056	2157	1.25	211	0	0	5	68.62	0.00	0.02	3.69	87.70	88.93	0.00	40	0	43	0.00	0.00	68.77	7.82	0.00	0.00	2000
221	11.23	2025	2037	0.21	194	0	0	0	nan	0.00	0.00	3.26	82.94	88.77	0.00	40	0	42	0.00	0.00	61.34	7.19	0.00	0.00	2000
234	10.93	2085	2161	0.00	211	0	0	0	nan	0.00	0.01	2.30	89.50	89.07	0.00	40	0	43	0.00	0.00	67.78	7.84	0.00	0.00	2000
228	11.10	2049	2108	0.00	194	0	0	0	nan	0.00	0.00	3.36	85.93	88.90	0.00	40	0	43	0.00	0.00	64.96	7.51	0.00	0.00	2000
229	11.21	2053	2092	0.00	195	0	0	0	nan	0.00	0.01	3.74	84.79	88.79	0.00	40	0	43	0.00	0.00	61.51	7.15	0.00	0.00	2000
226	11.24	2042	2071	0.00	194	0	0	0	nan	0.00	0.00	2.97	84.63	88.76	0.00	40	0	43	0.00	0.00	65.53	7.60	0.00	0.00	2000
228	10.76	2104	2116	0.00	211	0	0	0	nan	0.00	0.01	2.92	87.16	89.24	0.00	40	0	43	0.00	0.00	63.76	7.48	0.00	0.00	2000
229	11.25	2052	2081	0.00	194	0	0	0	nan	0.00	0.00	3.57	84.44	88.75	0.00	40	0	43	0.00	0.00	65.11	7.57	0.00	0.00	2000
229	10.75	2111	2120	0.00	212	0	0	0	nan	0.00	0.01	4.45	85.79	89.25	0.00	40	0	43	0.00	0.00	63.92	7.38	0.00	0.00	2000
229	11.34	2031	2085	0.00	197	0	0	0	nan	0.00	0.01	3.82	84.23	88.66	0.00	40	0	43	0.00	0.00	65.47	7.54	0.00	0.00	2000
228	11.07	2025	2136	0.00	211	0	0	0	nan	0.00	0.00	3.41	87.17	88.93	0.00	40	0	43	0.00	0.00	67.26	7.76	0.00	0.00	2000
224	11.21	2035	2065	0.00	195	0	0	0	nan	0.00	0.00	3.46	83.97	88.79	0.00	40	0	43	0.00	0.00	63.61	7.29	0.00	0.00	2000
231	11.25	2038	2114	0.00	210	0	0	0	nan	0.00	0.00	2.78	86.74	88.76	0.00	40	0	42	0.00	0.00	62.23	7.22	0.00	0.00	2000
231	11.39	2034	2091	0.00	195	0	0	0	nan	0.00	0.00	3.20	85.19	88.61	0.00	40	0	43	0.00	0.00	65.78	7.55	0.00	0.00	2000
225	10.85	2066	2107	0.00	211	0	0	0	nan	0.00	0.00	4.70	84.85	89.15	0.00	40	0	43	0.00	0.00	63.44	7.43	0.00	0.00	2000
224	11.17	2039	2066	0.00	194	0	0	0	nan	0.00	0.00	3.36	84.18	88.83	0.00	40	0	43	0.00	0.00	65.02	7.58	0.00	0.00	2000
228	11.28	2021	2102	0.17	212	0	0	4	75.90	0.00	0.02	2.70	86.22	88.72	0.00	40	0	43	0.00	0.00	64.30	7.42	0.00	0.00	2000
232	10.91	2074	2155	1.21	210	0	0	4	78.81	0.00	0.01	2.51	89.01	89.09	0.00	40	0	43	0.00	0.00	64.83	7.60	0.00	0.00	2000
229	11.12	2058	2098	0.00	195	0	0	0	nan	0.00	0.00	4.16	84.75	88.88	0.00	40	0	43	0.00	0.00	64.91	7.52	0.00	0.00	2000
229	10.95	2089	2101	0.00	194	0	0	0	nan	0.00	0.00	3.76	85.38	89.05	0.00	40	0	43	0.00	0.00	64.70	7.45	0.00	0.00	2000
228	10.91	2093	2095	0.00	194	0	0	0	nan	0.00	0.02	4.48	84.52	89.09	0.00	40	0	43	0.00	0.00	64.95	7.68	0.00	0.00	2000
233	10.97	2115	2107	0.00	195	0	0	0	nan	0.00	0.00	4.64	84.75	89.03	0.00	40	0	43	0.00	0.00	64.80	7.59	0.00	0.00	2000
223	10.78	2106	2061	0.00	194	0	0	0	nan	0.00	0.00	5.06	82.64	89.22	0.00	40	0	43	0.00	0.00	63.21	7.38	0.00	0.00	2000
233	11.23	2064	2112	0.00	194	0	0	0	nan	0.00	0.00	3.49	85.89	88.77	0.00	40	0	43	0.00	0.00	65.95	7.66	0.00	0.00	2000
228	11.02	2036	2134	0.00	210	0	0	0	nan	0.00	0.00	5.05	85.49	88.98	0.00	40	0	43	0.00	0.00	64.56	7.53	0.00	0.00	2000
230	11.07	2084	2090	0.00	194	0	0	0	nan	0.00	0.00	4.07	84.51	88.93	0.00	40	0	42	0.00	0.00	64.63	7.55	0.00	0.00	2000
230	11.02	2087	2100	0.00	196	0	0	0	nan	0.00	0.00	6.01	83.07	88.98	0.00	40	0	42	0.00	0.00	64.94	7.61	0.00	0.00	2000
229	10.90	2092	2107	0.00	194	0	0	0	nan	0.00	0.00	4.38	85.08	89.10	0.00	40	0	43	0.00	0.00	64.53	7.68	0.00	0.00	2000
227	10.85	2100	2092	0.00	196	0	0	0	nan	0.00	0.00	5.45	83.50	89.15	0.00	40	0	43	0.00	0.00	65.37	7.76	0.00	0.00	2000
225	11.14	2055	2065	0.00	195	0	0	0	nan	0.00	0.00	4.42	83.11	88.86	0.00	40	0	43	0.00	0.00	62.47	7.64	0.00	0.00	2000
239	11.72	2029	2106	0.00	196	0	0	0	nan	0.00	0.01	3.85	84.76	88.28	0.00	40	0	42	0.00	0.00	66.15	7.71	0.00	0.00	2000
233	10.96	2089	2133	0.00	214	1	0	0	nan	0.00	0.01	4.88	85.71	89.04	0.00	40	0	43	0.00	0.00	64.84	7.62	0.00	0.00	2000
229	11.06	2069	2099	0.00	194	0	0	0	nan	0.00	0.00	4.66	84.34	88.94	0.00	40	0	42	0.00	0.00	64.84	7.68	0.00	0.00	2000
224	10.94	2068	2079	0.17	194	0	0	4	69.01	0.00	0.00	3.88	84.29	89.06	0.00	40	0	42	0.00	0.00	63.26	7.58	0.00	0.00	2000
231	11.29	2049	2093	1.16	193	0	0	3	74.62	0.00	0.00	2.80	85.74	88.71	0.00	40	0	43	0.00	0.00	63.07	7.36	0.00	0.00	2000
233	10.93	2100	2127	0.00	215	0	0	0	nan	0.00	0.02	5.57	84.81	89.07	0.00	40	0	43	0.00	0.00	67.38	7.99	0.00	0.00	2000
229	10.94	2081	2112	0.00	194	0	0	0	nan	0.00	0.00	4.41	85.20	89.06	0.00	40	0	43	0.00	0.00	65.45	7.79	0.00	0.00	2000
230	11.18	2065	2092	0.00	194	0	0	0	nan	0.00	0.00	4.28	84.26	88.82	0.00	40	0	42	0.00	0.00	64.31	7.50	0.00	0.00	2000
228	10.86	2107	2090	0.00	194	0	0	0	nan	0.00	0.00	4.10	84.65	89.14	0.00	40	0	43	0.00	0.00	64.64	7.75	0.00	0.00	2000
229	10.92	2084	2113	0.00	195	0	0	0	nan	0.00	0.00	6.12	83.64	89.08	0.00	40	0	43	0.00	0.00	64.57	7.74	0.00	0.00	2000
231	11.15	2079	2096	0.00	195	0	0	0	nan	0.00	0.00	4.53	84.26	88.85	0.00	41	0	43	0.00	0.00	64.75	7.76	0.00	0.00	2000
229	11.07	2066	2105	0.00	195	0	0	0	nan	0.00	0.00	5.08	84.15	88.93	0.00	41	0	43	0.00	0.00	64.57	7.69	0.00	0.00	2000
222	11.00	2052	2066	0.00	194	0	0	0	nan	0.00	0.00	4.44	83.21	89.00	0.00	40	0	43	0.00	0.00	63.12	7.51	0.00	0.00	2000
230	11.30	2047	2083	0.00	195	0	0	0	nan	0.00	0.01	3.14	85.01	88.70	0.00	41	0	43	0.00	0.00	62.19	7.41	0.00	0.00	2000
229	10.91	2050	2151	0.00	210	0	0	0	nan	0.00	0.00	3.78	87.55	89.09	0.00	41	0	42	0.00	0.00	68.20	8.04	0.00	0.00	2000
229	11.01	2104	2075	0.00	195	0	0	0	nan	0.00	0.02	3.86	84.11	88.99	0.00	41	0	43	0.00	0.00	64.06	7.56	0.00	0.00	2000
231	11.26	2063	2084	0.00	194	0	0	0	nan	0.00	0.00	3.48	84.59	88.74	0.00	41	0	42	0.00	0.00	62.80	7.58	0.00	0.00	2000
231	10.76	2113	2137	0.00	212	0	0	0	nan	0.00	0.00	3.96	86.93	89.24	0.00	40	0	43	0.00	0.00	67.93	7.94	0.00	0.00	2000
229	10.78	2127	2098	0.00	194	0	0	0	nan	0.00	0.00	5.41	83.83	89.22	0.00	41	0	43	0.00	0.00	64.47	7.51	0.00	0.00	2000
228	11.04	2083	2086	0.00	199	0	0	0	nan	0.00	0.00	5.41	83.06	88.96	0.00	40	0	43	0.00	0.00	64.00	7.44	0.00	0.00	2000
231	11.06	2063	2125	0.42	194	0	0	5	77.72	0.00	0.00	4.00	86.00	88.94	0.00	41	0	43	0.00	0.00	65.20	7.55	0.00	0.00	2000
231	11.14	2077	2099	1.05	195	0	0	3	84.87	0.00	0.00	3.82	85.07	88.86	0.00	41	0	43	0.00	0.00	64.94	7.49	0.00	0.00	2000
227	11.22	2031	2097	0.00	194	0	0	0	nan	0.00	0.00	4.75	83.97	88.78	0.00	41	0	42	0.00	0.00	64.37	7.66	0.00	0.00	2000
230	10.92	2110	2093	0.00	194	0	0	0	nan	0.00	0.00	3.97	84.89	89.08	0.00	41	0	43	0.00	0.00	64.87	7.65	0.00	0.00	2000
226	11.09	2029	2107	0.00	194	0	0	0	nan	0.00	0.00	4.94	84.36	88.91	0.00	41	0	43	0.00	0.00	64.39	7.62	0.00	0.00	2000
230	11.51	2034	2058	0.00	196	0	0	0	nan	0.00	0.02	3.47	83.31	88.49	0.00	41	0	42	0.00	0.00	62.12	7.41	0.00	0.00	2000
230	10.59	2135	2138	0.00	210	0	0	0	nan	0.00	0.00	4.18	86.86	89.41	0.00	41	0	43	0.00	0.00	67.69	7.82	0.00	0.00	2000
230	10.72	2137	2105	0.00	194	0	0	0	nan	0.00	0.00	4.99	84.55	89.28	0.00	41	0	43	0.00	0.00	64.65	7.44	0.00	0.00	2000
227	11.07	2050	2102	0.00	194	0	0	0	nan	0.00	0.00	5.04	84.04	88.93	0.00	41	0	43	0.00	0.00	64.56	7.54	0.00	0.00	2000
230	11.03	2094	2091	0.00	195	0	0	0	nan	0.00	0.00	4.18	84.52	88.97	0.00	41	0	43	0.00	0.00	64.73	7.59	0.00	0.00	2000
229	10.99	2080	2107	0.00	195	0	0	0	nan	0.00	0.00	5.14	84.25	89.01	0.00	41	0	43	0.00	0.00	64.69	7.66	0.00	0.00	2000
227	11.11	2038	2105	0.00	194	0	0	0	nan	0.00	0.00	4.13	85.06	88.89	0.00	41	0	43	0.00	0.00	64.27	7.57	0.00	0.00	2000
229	10.96	2100	2087	0.00	194	0	0	0	nan	0.00	0.02	3.78	84.73	89.04	0.00	41	0	43	0.00	0.00	64.90	7.51	0.00	0.00	2000
229	10.95	2084	2109	0.00	194	0	0	0	nan	0.00	0.00	4.14	85.38	89.05	0.00	41	0	42	0.00	0.00	64.52	7.70	0.00	0.00	2000
227	11.19	2032	2100	0.00	196	0	0	0	nan	0.00	0.00	4.50	84.42	88.81	0.00	41	0	43	0.00	0.00	64.32	7.62	0.00	0.00	2000
232	11.14	2084	2103	0.00	204	0	0	0	nan	0.00	0.00	5.24	83.81	88.86	0.00	41	0	42	0.00	0.00	64.77	7.54	0.00	0.00	2000
230	11.05	2088	2093	0.00	200	0	0	0	nan	0.00	0.00	5.09	83.59	88.95	0.00	41	0	43	0.00	0.00	62.22	7.28	0.00	0.00	2000
229	10.82	2117	2103	0.17	194	0	0	4	75.86	0.00	0.00	4.94	84.42	89.18	0.00	41	0	43	0.00	0.00	64.59	7.66	0.00	0.00	2000
230	10.93	2100	2101	1.23	195	0	0	4	82.46	0.00	0.00	5.19	84.02	89.07	0.00	41	0	43	0.00	0.00	64.74	7.54	0.00	0.00	2000
227	10.97	2097	2077	0.00	197	0	0	0	nan	0.00	0.00	5.31	82.86	89.03	0.00	41	0	42	0.00	0.00	66.38	7.88	0.00	0.00	2000
229	10.90	2100	2099	0.00	196	0	0	0	nan	0.00	0.00	5.19	83.91	89.10	0.00	41	0	43	0.00	0.00	64.77	7.51	0.00	0.00	2000
228	11.29	2049	2066	0.00	195	0	0	0	nan	0.00	0.00	3.03	84.36	88.71	0.00	41	0	43	0.00	0.00	62.16	7.43	0.00	0.00	2000
229	10.74	2076	2156	0.00	211	0	0	0	nan	0.00	0.00	2.82	88.92	89.26	0.00	41	0	43	0.00	0.00	66.19	7.71	0.00	0.00	2000
238	11.44	2097	2081	0.00	252	0	0	0	nan	0.00	0.50	7.76	79.68	88.56	0.00	40	0	43	0.00	0.00	64.57	7.61	0.00	0.00	2000
228	11.12	2059	2094	0.00	194	0	0	0	nan	0.00	0.00	3.84	84.88	88.88	0.00	41	0	43	0.00	0.00	66.07	7.49	0.00	0.00	2000
232	11.32	2047	2101	0.00	194	0	0	0	nan	0.00	0.00	2.15	86.73	88.68	0.00	41	0	43	0.00	0.00	62.03	7.80	0.00	0.00	2000
228	10.91	2104	2088	0.00	195	0	0	0	nan	0.00	0.00	3.10	85.55	89.09	0.00	41	0	43	0.00	0.00	62.96	7.36	0.00	0.00	2000
228	11.16	2032	2110	0.00	210	0	0	0	nan	0.00	0.00	3.22	86.16	88.84	0.00	41	0	43	0.00	0.00	66.34	7.86	0.00	0.00	2000
233	11.17	2087	2099	0.00	212	0	0	0	nan	0.00	0.02	2.04	86.85	88.83	0.00	41	0	43	0.00	0.00	62.35	7.24	0.00	0.00	2000
233	11.10	2073	2127	0.00	195	0	0	0	nan	0.00	0.00	3.58	86.53	88.90	0.00	41	0	43	0.00	0.00	67.80	7.84	0.00	0.00	2000
224	11.39	2021	2040	0.00	195	0	0	0	nan	0.00	0.00	2.94	83.23	88.61	0.00	41	0	43	0.00	0.00	61.88	7.21	0.00	0.00	2000
231	10.90	2062	2164	0.00	210	0	0	0	nan	0.00	0.01	2.64	89.25	89.11	0.00	41	0	43	0.00	0.00	67.99	7.88	0.00	0.00	2000
229	11.01	2080	2100	0.00	194	0	0	0	nan	0.00	0.00	3.46	85.65	88.99	0.00	41	0	43	0.00	0.00	65.30	7.72	0.00	0.00	2000
227	10.92	2092	2089	0.00	195	0	0	0	nan	0.00	0.00	4.20	84.53	89.08	0.00	41	0	43	0.00	0.00	63.90	7.46	0.00	0.00	2000
225	11.35	2026	2054	0.72	196	0	0	6	73.66	0.00	0.00	3.43	83.42	88.65	0.00	41	0	43	0.00	0.00	62.23	7.38	0.00	0.00	2000
230	11.15	2045	2118	0.67	210	0	0	1	90.40	0.00	0.02	2.71	86.96	88.85	0.00	41	0	43	0.00	0.00	65.98	7.71	0.00	0.00	2000
229	10.94	2044	2147	0.00	210	0	0	0	nan	0.00	0.00	3.66	87.51	89.06	0.00	41	0	43	0.00	0.00	66.71	7.85	0.00	0.00	2000
229	10.78	2129	2092	0.00	194	0	0	0	nan	0.00	0.00	4.70	84.28	89.22	0.00	41	0	43	0.00	0.00	64.90	7.53	0.00	0.00	2000
230	11.01	2089	2100	0.00	196	0	0	0	nan	0.00	0.00	4.80	84.29	88.99	0.00	41	0	43	0.00	0.00	61.75	7.39	0.00	0.00	2000
234	11.27	2067	2112	0.00	196	0	0	0	nan	0.00	0.02	3.90	85.49	88.73	0.00	41	0	42	0.00	0.00	64.97	7.57	0.00	0.00	2000
228	10.86	2111	2093	0.00	194	0	0	0	nan	0.00	0.00	3.99	84.89	89.14	0.00	41	0	43	0.00	0.00	64.37	7.69	0.00	0.00	2000
229	10.99	2076	2106	0.00	194	0	0	0	nan	0.00	0.00	4.31	85.05	89.01	0.00	41	0	42	0.00	0.00	67.54	7.95	0.00	0.00	2000
228	11.25	2030	2097	0.00	195	0	0	0	nan	0.00	0.00	4.35	84.40	88.75	0.00	41	0	42	0.00	0.00	61.52	7.34	0.00	0.00	2000
230	11.29	2040	2094	0.00	194	0	0	0	nan	0.00	0.00	4.00	84.63	88.71	0.00	41	0	43	0.00	0.00	66.92	7.92	0.00	0.00	2000
228	11.18	2037	2101	0.00	194	0	0	0	nan	0.00	0.00	3.68	85.34	88.82	0.00	41	0	43	0.00	0.00	61.64	7.28	0.00	0.00	2000
228	11.17	2045	2099	0.00	195	0	0	0	nan	0.00	0.00	4.13	84.80	88.83	0.00	41	0	43	0.00	0.00	64.31	7.41	0.00	0.00	2000
227	11.27	2010	2106	0.00	195	0	0	0	nan	0.00	0.00	5.00	84.15	88.73	0.00	41	0	42	0.00	0.00	67.69	7.89	0.00	0.00	2000
224	11.39	2029	2039	0.00	195	0	0	0	nan	0.00	0.02	3.03	83.09	88.61	0.00	41	0	42	0.00	0.00	61.70	7.32	0.00	0.00	2000
233	10.99	2057	2160	0.00	211	0	0	0	nan	0.00	0.02	3.41	88.31	89.01	0.00	41	0	42	0.00	0.00	65.09	7.47	0.00	0.00	2000
223	11.43	2004	2043	0.00	194	0	0	0	nan	0.00	0.00	3.56	82.79	88.57	0.00	41	0	43	0.00	0.00	63.73	7.37	0.00	0.00	2000
228	11.12	2026	2130	0.00	211	0	0	0	nan	0.00	0.02	2.85	87.28	88.88	0.00	41	0	43	0.00	0.00	66.57	7.74	0.00	0.00	2000
230	11.12	2038	2135	1.06	210	0	0	5	71.67	0.00	0.02	3.35	87.16	88.88	0.00	41	0	42	0.00	0.00	63.28	7.47	0.00	0.00	2000
231	11.13	2067	2104	0.39	195	0	0	0	nan	0.00	0.00	4.54	84.60	88.87	0.00	41	0	42	0.00	0.00	64.57	7.67	0.00	0.00	2000
228	11.14	2046	2100	0.00	194	0	0	0	nan	0.00	0.00	4.19	84.82	88.86	0.00	41	0	42	0.00	0.00	64.60	7.61	0.00	0.00	2000
228	11.06	2068	2095	0.00	194	0	0	0	nan	0.00	0.00	4.25	84.56	88.94	0.00	41	0	43	0.00	0.00	64.36	7.58	0.00	0.00	2000
227	11.00	2063	2099	0.00	195	0	0	0	nan	0.00	0.00	4.22	84.83	89.00	0.00	41	0	43	0.00	0.00	64.22	7.49	0.00	0.00	2000
228	11.07	2077	2081	0.00	194	0	0	0	nan	0.00	0.00	2.99	85.25	88.93	0.00	41	0	42	0.00	0.00	64.16	7.48	0.00	0.00	2000
232	11.18	2052	2120	0.00	194	0	0	0	nan	0.00	0.00	3.05	86.77	88.82	0.00	41	0	43	0.00	0.00	64.74	7.78	0.00	0.00	2000
229	11.05	2071	2100	0.00	194	0	0	0	nan	0.00	0.00	3.00	86.03	88.95	0.00	41	0	43	0.00	0.00	65.16	7.56	0.00	0.00	2000
230	11.37	2016	2111	0.00	198	0	0	0	nan	0.00	0.00	5.48	83.72	88.63	0.00	41	0	43	0.00	0.00	64.96	7.68	0.00	0.00	2000
229	11.24	2040	2094	0.00	196	0	0	0	nan	0.00	0.00	4.74	83.85	88.76	0.00	41	0	43	0.00	0.00	64.20	7.67	0.00	0.00	2000
229	11.01	2081	2100	0.00	194	0	0	0	nan	0.00	0.00	3.72	85.38	88.99	0.00	40	0	43	0.00	0.00	64.79	7.63	0.00	0.00	2000
230	11.06	2088	2088	0.00	195	0	0	0	nan	0.00	0.00	4.71	83.83	88.94	0.00	41	0	42	0.00	0.00	64.76	7.53	0.00	0.00	2000
226	11.36	2035	2051	0.00	196	0	0	0	nan	0.00	0.00	4.14	82.55	88.64	0.00	40	0	42	0.00	0.00	61.33	7.29	0.00	0.00	2000
228	10.87	2062	2135	0.00	211	0	0	0	nan	0.00	0.00	2.83	87.85	89.13	0.00	41	0	43	0.00	0.00	66.77	7.79	0.00	0.00	2000
227	11.34	2038	2062	0.00	194	0	0	0	nan	0.00	0.00	2.24	84.90	88.66	0.00	41	0	43	0.00	0.00	64.65	7.47	0.00	0.00	2000
234	11.01	2055	2175	0.00	211	0	0	0	nan	0.00	0.02	3.24	89.04	88.99	0.00	41	0	43	0.00	0.00	65.93	7.59	0.00	0.00	2000
230	11.18	2067	2091	0.00	198	0	0	0	nan	0.00	0.00	4.08	84.46	88.82	0.00	41	0	43	0.00	0.00	64.49	7.54	0.00	0.00	2000
227	10.95	2090	2084	1.10	195	0	0	6	63.42	0.00	0.00	4.11	84.38	89.05	0.00	41	0	43	0.00	0.00	64.48	7.68	0.00	0.00	2000
229	11.33	2037	2080	0.36	194	0	0	0	nan	0.00	0.00	3.37	84.50	88.67	0.00	41	0	43	0.00	0.00	62.69	7.40	0.00	0.00	2000
229	10.76	2098	2136	0.00	210	0	0	0	nan	0.00	0.00	3.62	87.24	89.24	0.00	41	0	43	0.00	0.00	67.57	7.80	0.00	0.00	2000
230	11.18	2056	2104	0.00	195	0	0	0	nan	0.00	0.00	4.30	84.82	88.82	0.00	41	0	43	0.00	0.00	64.28	7.35	0.00	0.00	2000
227	11.03	2074	2080	0.00	194	0	0	0	nan	0.00	0.00	4.13	84.08	88.97	0.00	41	0	42	0.00	0.00	64.09	7.42	0.00	0.00	2000
232	10.91	2099	2129	0.00	194	0	0	0	nan	0.00	0.00	4.25	86.10	89.09	0.00	41	0	42	0.00	0.00	65.49	7.61	0.00	0.00	2000
227	11.01	2062	2096	0.00	194	0	0	0	nan	0.00	0.00	4.27	84.64	88.99	0.00	41	0	43	0.00	0.00	64.85	7.45	0.00	0.00	2000
231	11.49	2011	2103	0.00	211	0	0	0	nan	0.00	0.00	7.25	81.49	88.51	0.00	41	0	43	0.00	0.00	64.13	7.51	0.00	0.00	2000
230	10.97	2101	2098	0.00	195	0	0	0	nan	0.00	0.00	4.52	84.46	89.03	0.00	41	0	43	0.00	0.00	64.51	7.62	0.00	0.00	2000
231	11.09	2078	2102	0.00	194	0	0	0	nan	0.00	0.00	4.46	84.63	88.91	0.00	41	0	42	0.00	0.00	64.58	7.51	0.00	0.00	2000
228	11.07	2061	2099	0.00	194	0	0	0	nan	0.00	0.00	4.85	84.15	88.93	0.00	41	0	43	0.00	0.00	64.37	7.65	0.00	0.00	2000
232	10.99	2117	2095	0.00	198	0	0	0	nan	0.00	0.00	5.31	83.56	89.01	0.00	41	0	43	0.00	0.00	64.70	7.66	0.00	0.00	2000
229	10.78	2126	2096	0.00	195	0	0	0	nan	0.00	0.00	5.16	83.99	89.22	0.00	41	0	42	0.00	0.00	64.50	7.74	0.00	0.00	2000
226	11.24	2061	2048	0.00	196	0	0	0	nan	0.00	0.00	4.32	82.37	88.76	0.00	41	0	43	0.00	0.00	61.12	7.17	0.00	0.00	2000
230	10.81	2071	2160	0.00	210	0	0	0	nan	0.00	0.00	2.62	89.21	89.19	0.00	41	0	43	0.00	0.00	67.86	7.86	0.00	0.00	2000
223	11.34	2025	2040	0.00	195	0	0	0	nan	0.00	0.00	3.32	82.90	88.66	0.00	41	0	43	0.00	0.00	61.11	7.15	0.00	0.00	2000
233	10.83	2081	2167	0.00	210	0	0	0	nan	0.00	0.02	2.05	89.93	89.17	0.00	41	0	42	0.00	0.00	68.43	7.98	0.00	0.00	2000
232	11.14	2071	2110	1.24	194	0	0	5	72.09	0.00	0.00	3.00	86.33	88.86	0.00	41	0	43	0.00	0.00	65.00	7.62	0.00	0.00	2000
228	11.08	2068	2093	0.21	194	0	0	0	nan	0.00	0.00	3.92	84.74	88.92	0.00	41	0	43	0.00	0.00	64.68	7.63	0.00	0.00	2000
224	11.00	2059	2071	0.00	195	0	0	0	nan	0.00	0.00	4.60	83.34	89.00	0.00	41	0	42	0.00	0.00	62.67	7.29	0.00	0.00	2000
228	11.43	2022	2068	0.00	194	0	0	0	nan	0.00	0.00	2.42	84.90	88.57	0.00	41	0	43	0.00	0.00	62.43	7.37	0.00	0.00	2000
232	11.11	2068	2119	0.00	210	0	0	0	nan	0.00	0.00	2.02	87.72	88.89	0.00	41	0	43	0.00	0.00	65.88	7.68	0.00	0.00	2000
231	10.66	2134	2135	0.00	211	0	0	0	nan	0.01	0.00	4.07	86.74	89.34	0.00	41	0	43	0.00	0.00	67.57	7.86	0.00	0.00	2000
230	11.02	2069	2116	0.00	195	0	0	0	nan	0.00	0.00	4.91	84.85	88.98	0.00	41	0	43	0.00	0.00	64.40	7.62	0.00	0.00	2000
222	10.98	2070	2050	0.00	194	0	0	0	nan	0.00	0.00	3.99	83.02	89.02	0.00	41	0	42	0.00	0.00	62.86	7.27	0.00	0.00	2000
230	10.86	2095	2127	0.00	194	0	0	0	nan	0.00	0.00	3.36	87.04	89.14	0.00	41	0	43	0.00	0.00	64.85	7.54	0.00	0.00	2000
231	11.04	2078	2113	0.00	194	0	0	0	nan	0.00	0.00	2.82	86.86	88.96	0.00	41	0	43	0.00	0.00	65.69	7.70	0.00	0.00	2000
232	10.98	2109	2100	0.00	195	0	0	0	nan	0.00	0.00	3.16	85.92	89.02	0.00	41	0	43	0.00	0.00	64.95	7.51	0.00	0.00	2000
229	10.99	2083	2096	0.00	195	0	0	0	nan	0.00	0.00	4.52	84.42	89.01	0.00	41	0	43	0.00	0.00	64.96	7.49	0.00	0.00	2000
231	10.79	2129	2109	0.00	196	0	0	0	nan	0.00	0.00	4.68	85.00	89.21	0.00	41	0	43	0.00	0.00	64.70	7.59	0.00	0.00	2000
227	11.09	2052	2098	0.00	194	0	0	0	nan	0.00	0.00	4.49	84.37	88.91	0.00	41	0	43	0.00	0.00	64.54	7.47	0.00	0.00	2000
225	11.41	2028	2038	0.00	197	0	0	0	nan	0.00	0.00	3.25	82.84	88.59	0.00	41	0	42	0.00	0.00	61.06	7.28	0.00	0.00	2000
235	10.95	2079	2164	0.00	213	0	0	0	nan	0.00	0.03	2.99	88.80	89.05	0.00	41	0	42	0.00	0.00	68.33	7.99	0.00	0.00	2000
228	11.02	2072	2099	0.00	194	0	0	0	97.81	0.00	0.00	3.81	85.19	88.98	0.00	41	0	43	0.00	0.00	64.69	7.60	0.00	0.00	2000
225	11.01	2059	2081	1.44	194	0	0	6	73.86	0.00	0.00	3.39	84.84	88.99	0.00	41	0	43	0.00	0.00	63.70	7.44	0.00	0.00	2000
228	11.31	2051	2066	0.05	193	0	0	0	nan	0.00	0.02	2.67	84.69	88.69	0.00	41	0	43	0.00	0.00	62.06	7.18	0.00	0.00	2000
231	10.86	2084	2144	0.00	212	0	0	0	nan	0.00	0.02	3.59	87.51	89.14	0.00	41	0	43	0.00	0.00	67.84	7.92	0.00	0.00	2000
231	11.43	2045	2078	0.00	194	0	0	0	nan	0.00	0.00	3.30	84.35	88.57	0.00	41	0	42	0.00	0.00	62.32	7.34	0.00	0.00	2000
229	10.76	2098	2132	0.00	211	0	0	0	nan	0.00	0.00	3.75	87.00	89.24	0.00	41	0	43	0.00	0.00	65.41	7.53	0.00	0.00	2000
229	11.15	2035	2116	0.00	194	0	0	0	nan	0.00	0.00	4.68	84.94	88.85	0.00	41	0	43	0.00	0.00	64.52	7.61	0.00	0.00	2000
228	10.96	2087	2094	0.00	195	0	0	0	nan	0.00	0.00	5.53	83.31	89.04	0.00	41	0	43	0.00	0.00	66.96	7.97	0.00	0.00	2000
227	10.96	2080	2092	0.00	195	0	0	0	nan	0.00	0.00	4.27	84.52	89.04	0.00	41	0	43	0.00	0.00	64.18	7.35	0.00	0.00	2000
237	11.56	2044	2105	0.00	196	0	0	0	nan	0.00	0.03	3.93	84.77	88.44	0.00	41	0	43	0.00	0.00	65.27	7.40	0.00	0.00	2000
228	11.28	2023	2096	0.00	194	0	0	0	nan	0.00	0.00	3.24	85.45	88.72	0.00	41	0	43	0.00	0.00	64.06	7.83	0.00	0.00	2000
224	11.08	2046	2078	0.00	195	0	0	0	nan	0.00	0.00	3.42	84.62	88.92	0.00	41	0	43	0.00	0.00	63.82	7.41	0.00	0.00	2000
235	11.01	2092	2140	0.00	193	0	0	0	nan	0.00	0.00	2.50	88.28	89.00	0.00	41	0	43	0.00	0.00	63.54	7.31	0.00	0.00	2000
230	11.07	2094	2085	0.00	195	0	0	0	nan	0.00	0.00	4.13	84.23	88.93	0.00	41	0	43	0.00	0.00	64.59	7.64	0.00	0.00	2000
228	11.14	2043	2104	0.00	194	0	0	0	nan	0.00	0.00	4.42	84.73	88.86	0.00	41	0	43	0.00	0.00	64.29	7.48	0.00	0.00	2000
229	11.05	2075	2095	0.00	195	0	0	0	nan	0.00	0.00	4.12	84.73	88.95	0.00	41	0	43	0.00	0.00	65.07	7.61	0.00	0.00	2000
230	11.05	2073	2108	0.00	194	0	0	0	nan	0.00	0.00	4.30	85.07	88.95	0.00	41	0	43	0.00	0.00	64.75	7.64	0.00	0.00	2000
228	10.76	2125	2092	0.00	194	0	0	0	98.42	0.00	0.00	5.10	83.91	89.24	0.00	41	0	43	0.00	0.00	64.32	7.49	0.00	0.00	2000
231	10.98	2101	2106	1.40	196	0	0	6	71.36	0.00	0.00	5.66	83.75	89.02	0.00	41	0	43	0.00	0.00	64.99	7.50	0.00	0.00	2000
230	11.06	2079	2100	0.04	198	0	0	0	nan	0.00	0.00	5.50	83.57	88.94	0.00	41	0	42	0.00	0.00	64.69	7.71	0.00	0.00	2000
223	11.10	2045	2060	0.00	194	0	0	0	nan	0.00	0.00	3.93	83.37	88.90	0.00	41	0	43	0.00	0.00	63.95	7.44	0.00	0.00	2000
232	11.17	2068	2112	0.00	210	0	0	0	nan	0.00	0.01	2.39	86.99	88.83	0.00	41	0	43	0.00	0.00	62.30	7.39	0.00	0.00	2000
232	11.18	2042	2131	0.00	194	0	0	0	nan	0.00	0.00	5.06	85.16	88.82	0.00	41	0	43	0.00	0.00	68.95	8.17	0.00	0.00	2000
228	11.37	2041	2059	0.00	195	0	0	0	nan	0.00	0.03	2.57	84.34	88.63	0.00	41	0	43	0.00	0.00	61.17	7.03	0.00	0.00	2000
229	11.02	2034	2145	0.00	211	0	0	0	nan	0.00	0.00	4.16	86.84	88.98	0.00	41	0	43	0.00	0.00	67.10	7.77	0.00	0.00	2000
228	11.14	2048	2097	0.00	194	0	0	0	nan	0.00	0.00	3.88	84.96	88.86	0.00	41	0	43	0.00	0.00	61.75	7.24	0.00	0.00	2000
229	11.06	2072	2101	0.00	194	0	0	0	nan	0.00	0.00	4.16	84.94	88.94	0.00	41	0	43	0.00	0.00	64.93	7.60	0.00	0.00	2000
224	10.97	2072	2067	0.00	195	0	0	0	nan	0.00	0.00	4.26	83.48	89.03	0.00	41	0	43	0.00	0.00	65.72	7.67	0.00	0.00	2000
232	11.45	2034	2094	0.00	194	0	0	0	nan	0.00	0.00	3.03	85.42	88.55	0.00	41	0	43	0.00	0.00	63.25	7.30	0.00	0.00	2000
229	10.97	2048	2137	0.00	210	0	0	0	nan	0.00	0.02	4.57	86.17	89.03	0.00	41	0	43	0.00	0.00	64.45	7.65	0.00	0.00	2000
228	11.20	2036	2102	0.00	195	0	0	0	nan	0.00	0.00	5.27	83.81	88.80	0.00	41	0	43	0.00	0.00	64.68	7.56	0.00	0.00	2000
228	11.08	2062	2093	0.00	194	0	0	0	nan	0.00	0.00	4.68	84.09	88.92	0.00	41	0	43	0.00	0.00	64.34	7.44	0.00	0.00	2000
229	11.09	2078	2084	0.00	196	0	0	0	nan	0.00	0.00	5.49	82.89	88.91	0.00	41	0	43	0.00	0.00	64.26	7.52	0.00	0.00	2000
225	11.44	2000	2064	0.00	194	0	0	0	nan	0.00	0.00	3.73	83.48	88.56	0.00	41	0	43	0.00	0.00	64.85	7.73	0.00	0.00	2000
225	11.11	2029	2093	0.00	210	0	0	3	74.68	0.00	0.02	2.93	85.76	88.89	0.00	41	0	43	0.00	0.00	64.00	7.51	0.00	0.00	2000
226	11.23	2008	2101	1.27	210	0	0	5	77.62	0.00	0.00	2.46	86.55	88.77	0.00	41	0	43	0.00	0.00	64.34	7.40	0.00	0.00	2000
230	11.26	2043	2102	0.00	212	0	0	0	nan	0.00	0.01	2.20	86.79	88.74	0.00	41	0	43	0.00	0.00	64.70	7.58	0.00	0.00	2000
231	11.15	2050	2124	0.00	210	0	0	0	nan	0.00	0.00	1.74	88.22	88.85	0.00	41	0	42	0.00	0.00	65.67	7.73	0.00	0.00	2000
226	10.68	2104	2115	0.00	213	0	0	0	nan	0.00	0.00	4.75	85.36	89.32	0.00	41	0	43	0.00	0.00	63.99	7.54	0.00	0.00	2000
231	11.07	2070	2119	0.00	195	0	0	0	nan	0.00	0.00	3.98	85.88	88.93	0.00	41	0	43	0.00	0.00	65.13	7.63	0.00	0.00	2000
227	11.01	2079	2082	0.00	195	0	0	0	nan	0.00	0.00	3.48	84.78	88.99	0.00	41	0	42	0.00	0.00	64.20	7.54	0.00	0.00	2000
232	11.03	2084	2120	0.00	195	0	0	0	nan	0.00	0.02	2.86	87.08	88.97	0.00	41	0	43	0.00	0.00	65.55	7.77	0.00	0.00	2000
224	11.31	2039	2040	0.00	195	0	0	0	nan	0.00	0.00	3.10	83.10	88.69	0.00	41	0	43	0.00	0.00	63.93	7.25	0.00	0.00	2000
232	10.87	2071	2165	0.00	210	0	0	0	nan	0.00	0.02	2.74	89.24	89.13	0.00	41	0	43	0.00	0.00	64.85	8.00	0.00	0.00	2000
231	11.21	2060	2101	0.00	196	0	0	0	nan	0.00	0.00	4.27	84.67	88.79	0.00	41	0	42	0.00	0.00	65.02	7.64	0.00	0.00	2000
229	11.06	2061	2107	0.00	194	0	0	0	nan	0.00	0.00	4.24	85.10	88.94	0.00	41	0	43	0.00	0.00	64.78	7.57	0.00	0.00	2000
229	11.22	2036	2102	0.00	194	0	0	0	nan	0.00	0.00	4.58	84.41	88.78	0.00	41	0	43	0.00	0.00	64.44	7.44	0.00	0.00	2000
227	11.07	2080	2072	0.00	195	0	0	0	nan	0.00	0.00	4.29	83.56	88.93	0.00	41	0	43	0.00	0.00	63.86	7.41	0.00	0.00	2000
231	11.08	2068	2119	0.00	197	0	0	0	nan	0.00	0.00	4.84	84.97	88.92	0.00	41	0	43	0.00	0.00	64.83	7.56	0.00	0.00	2000
229	11.24	2027	2110	0.00	195	0	0	0	nan	0.00	0.00	4.47	84.78	88.76	0.00	41	0	43	0.00	0.00	65.14	7.85	0.00	0.00	2000
230	11.04	2093	2090	0.00	195	0	0	0	nan	0.00	0.00	4.39	84.26	88.96	0.00	41	0	43	0.00	0.00	64.65	7.63	0.00	0.00	2000
227	11.02	2064	2099	0.17	202	0	0	4	74.85	0.00	0.00	4.70	84.40	88.98	0.00	41	0	43	0.00	0.00	64.42	7.54	0.00	0.00	2000
231	11.14	2061	2109	1.22	195	0	0	4	77.26	0.00	0.00	4.94	84.41	88.86	0.00	41	0	43	0.00	0.00	64.58	7.53	0.00	0.00	2000
223	10.91	2085	2056	0.00	194	0	0	0	nan	0.00	0.00	4.22	83.10	89.09	0.00	41	0	43	0.00	0.00	63.25	7.44	0.00	0.00	2000
230	11.30	2054	2080	0.00	194	0	0	0	nan	0.00	0.00	2.68	85.29	88.70	0.00	41	0	43	0.00	0.00	62.55	7.07	0.00	0.00	2000
232	10.92	2069	2158	0.00	210	0	0	0	nan	0.00	0.00	2.74	88.92	89.08	0.00	41	0	43	0.00	0.00	67.87	7.78	0.00	0.00	2000
224	11.10	2036	2080	0.00	195	0	0	0	nan	0.00	0.00	3.69	84.48	88.90	0.00	41	0	43	0.00	0.00	63.36	7.37	0.00	0.00	2000
233	11.19	2051	2132	0.00	193	0	0	0	nan	0.00	0.02	2.86	87.41	88.81	0.00	41	0	43	0.00	0.00	66.09	7.65	0.00	0.00	2000
228	11.04	2082	2087	0.00	194	0	0	0	nan	0.00	0.00	3.57	84.91	88.96	0.00	41	0	43	0.00	0.00	64.53	7.61	0.00	0.00	2000
232	11.33	2035	2109	0.00	199	0	0	0	nan	0.00	0.00	4.89	84.30	88.67	0.00	41	0	43	0.00	0.00	65.08	7.62	0.00	0.00	2000
229	11.08	2074	2089	0.00	195	0	0	0	nan	0.00	0.00	4.33	84.22	88.92	0.00	41	0	43	0.00	0.00	64.37	7.50	0.00	0.00	2000
228	11.18	2030	2113	0.00	194	0	0	0	nan	0.00	0.00	3.98	85.51	88.82	0.00	41	0	43	0.00	0.00	64.37	7.54	0.00	0.00	2000
228	11.25	2033	2090	0.00	194	0	0	0	nan	0.00	0.01	3.36	85.06	88.75	0.00	41	0	43	0.00	0.00	64.54	7.66	0.00	0.00	2000
229	11.13	2058	2102	0.00	194	0	0	0	nan	0.00	0.00	3.77	85.30	88.87	0.00	41	0	43	0.00	0.00	65.06	7.67	0.00	0.00	2000
229	11.21	2037	2108	0.00	194	0	0	0	nan	0.00	0.00	4.72	84.51	88.79	0.00	41	0	43	0.00	0.00	64.64	7.47	0.00	0.00	2000
230	11.12	2076	2090	0.00	196	0	0	0	nan	0.00	0.00	4.15	84.40	88.88	0.00	41	0	43	0.00	0.00	64.86	7.64	0.00	0.00	2000
228	11.05	2060	2107	0.00	195	0	0	0	nan	0.00	0.00	4.05	85.33	88.95	0.00	41	0	43	0.00	0.00	64.43	7.55	0.00	0.00	2000
227	11.01	2072	2092	0.00	194	0	0	0	nan	0.00	0.00	4.30	84.46	88.99	0.00	41	0	43	0.00	0.00	64.48	7.67	0.00	0.00	2000
228	10.88	2096	2102	0.00	194	0	0	3	77.62	0.00	0.00	4.02	85.26	89.12	0.00	41	0	43	0.00	0.00	64.60	7.58	0.00	0.00	2000
230	11.10	2065	2106	1.35	194	0	0	4	76.83	0.00	0.00	5.14	84.09	88.90	0.00	41	0	43	0.00	0.00	64.66	7.69	0.00	0.00	2000
231	11.05	2096	2097	0.00	196	0	0	0	nan	0.00	0.00	4.72	84.20	88.95	0.00	41	0	43	0.00	0.00	65.11	7.58	0.00	0.00	2000
229	11.03	2082	2094	0.00	195	0	0	0	nan	0.00	0.00	4.57	84.23	88.97	0.00	41	0	43	0.00	0.00	64.41	7.63	0.00	0.00	2000
228	10.94	2074	2112	0.00	194	0	0	0	nan	0.00	0.00	5.17	84.52	89.06	0.00	41	0	42	0.00	0.00	64.48	7.61	0.00	0.00	2000
224	11.01	2067	2070	0.00	195	0	0	0	nan	0.00	0.00	4.77	83.04	88.99	0.00	41	0	42	0.00	0.00	63.55	7.39	0.00	0.00	2000
230	11.23	2059	2089	0.00	194	0	0	0	nan	0.00	0.00	3.33	84.88	88.77	0.00	41	0	43	0.00	0.00	62.90	7.44	0.00	0.00	2000
230	10.97	2061	2140	0.00	211	0	0	0	nan	0.00	0.00	5.17	85.72	89.03	0.00	41	0	43	0.00	0.00	67.85	7.85	0.00	0.00	2000
227	10.81	2118	2078	0.00	194	0	0	0	nan	0.00	0.00	4.76	83.51	89.19	0.00	41	0	43	0.00	0.00	64.20	7.41	0.00	0.00	2000
228	10.80	2108	2103	0.00	195	0	0	0	nan	0.00	0.00	4.34	85.03	89.20	0.00	41	0	43	0.00	0.00	64.78	7.62	0.00	0.00	2000
230	11.26	2026	2119	0.00	196	0	0	0	nan	0.00	0.00	4.25	85.42	88.74	0.00	41	0	43	0.00	0.00	63.75	7.54	0.00	0.00	2000
226	10.74	2132	2078	0.00	196	0	0	0	nan	0.00	0.01	4.34	84.06	89.26	0.00	41	0	43	0.00	0.00	64.72	7.67	0.00	0.00	2000
236	11.06	2102	2128	0.00	195	0	0	0	nan	0.00	0.02	2.86	87.35	88.94	0.00	41	0	43	0.00	0.00	66.06	7.80	0.00	0.00	2000
228	11.10	2070	2089	0.00	195	0	0	0	nan	0.00	0.00	4.12	84.41	88.90	0.00	41	0	43	0.00	0.00	64.94	7.72	0.00	0.00	2000
230	11.12	2068	2100	0.00	194	0	0	0	nan	0.00	0.00	4.53	84.43	88.88	0.00	41	0	43	0.00	0.00	64.47	7.60	0.00	0.00	2000
222	10.96	2048	2074	0.00	195	0	0	0	nan	0.00	0.00	4.54	83.48	89.04	0.00	41	0	43	0.00	0.00	62.88	7.41	0.00	0.00	2000
229	10.98	2087	2101	0.00	194	0	0	0	nan	0.00	0.00	2.36	86.76	89.02	0.00	41	0	42	0.00	0.00	63.18	7.34	0.00	0.00	2000
230	11.18	2065	2097	0.00	213	0	0	3	77.99	0.00	0.02	2.09	86.67	88.82	0.00	41	0	43	0.00	0.00	67.36	7.70	0.00	0.00	2000
229	11.23	2046	2091	1.25	194	0	0	4	78.88	0.00	0.00	4.22	84.23	88.77	0.00	41	0	42	0.00	0.00	62.21	7.17	0.00	0.00	2000
230	10.69	2119	2133	0.00	210	0	0	0	nan	0.00	0.00	3.91	86.89	89.31	0.00	41	0	43	0.00	0.00	67.93	7.87	0.00	0.00	2000
223	10.84	2081	2078	0.00	195	0	0	0	nan	0.00	0.00	5.28	83.03	89.16	0.00	41	0	43	0.00	0.00	62.58	7.52	0.00	0.00	2000
233	11.17	2057	2127	0.00	194	0	0	0	nan	0.00	0.00	3.44	86.64	88.83	0.00	41	0	43	0.00	0.00	65.55	7.63	0.00	0.00	2000
230	11.05	2078	2103	0.00	194	0	0	0	nan	0.00	0.00	3.53	85.59	88.95	0.00	41	0	43	0.00	0.00	65.25	7.66	0.00	0.00	2000
236	11.29	2095	2097	0.00	196	0	0	0	nan	0.01	0.00	4.40	84.29	88.71	0.00	41	0	43	0.00	0.00	65.37	7.53	0.00	0.00	2000
223	11.26	2030	2044	0.00	194	0	0	0	nan	0.00	0.00	4.28	82.18	88.74	0.00	41	0	43	0.00	0.00	59.20	6.85	0.00	0.00	2000
231	10.87	2058	2164	0.00	211	0	0	0	nan	0.00	0.00	3.10	88.80	89.13	0.00	41	0	43	0.00	0.00	70.21	8.47	0.00	0.00	2000
232	11.24	2050	2111	0.00	195	0	0	0	nan	0.00	0.00	2.56	86.71	88.76	0.00	41	0	42	0.00	0.00	65.01	7.57	0.00	0.00	2000
228	11.09	2065	2092	0.00	194	0	0	0	nan	0.00	0.00	3.46	85.22	88.91	0.00	41	0	43	0.00	0.00	64.64	7.55	0.00	0.00	2000
229	11.02	2071	2105	0.00	194	0	0	0	nan	0.00	0.00	4.09	85.18	88.98	0.00	42	0	42	0.00	0.00	62.07	7.21	0.00	0.00	2000
228	10.99	2093	2083	0.00	193	0	0	0	nan	0.00	0.00	3.68	84.72	89.01	0.00	41	0	42	0.00	0.00	67.20	7.90	0.00	0.00	2000
229	11.04	2058	2117	0.00	195	0	0	0	nan	0.00	0.00	4.12	85.73	88.96	0.00	41	0	42	0.00	0.00	62.55	7.36	0.00	0.00	2000
232	11.31	2058	2094	0.00	197	0	0	0	nan	0.00	0.02	4.77	83.74	88.69	0.00	41	0	43	0.00	0.00	64.21	7.57	0.00	0.00	2000
227	11.11	2045	2104	0.00	195	0	0	0	nan	0.00	0.01	5.00	84.16	88.89	0.00	41	0	43	0.00	0.00	64.24	7.54	0.00	0.00	2000
227	11.14	2039	2100	0.00	194	0	0	0	nan	0.00	0.01	3.83	85.11	88.86	0.00	41	0	43	0.00	0.00	64.55	7.51	0.00	0.00	2000
230	11.28	2030	2105	0.00	195	0	0	4	77.93	0.00	0.00	3.55	85.51	88.72	0.00	41	0	43	0.00	0.00	64.75	7.56	0.00	0.00	2000
227	11.23	2023	2094	1.37	194	0	0	4	81.20	0.00	0.00	4.04	84.59	88.77	0.00	41	0	43	0.00	0.00	64.16	7.42	0.00	0.00	2000
232	11.17	2072	2105	0.00	195	0	0	0	nan	0.00	0.00	3.66	85.40	88.83	0.00	41	0	43	0.00	0.00	64.61	7.53	0.00	0.00	2000
229	10.92	2107	2094	0.00	194	0	0	0	nan	0.00	0.01	3.77	85.08	89.08	0.00	41	0	43	0.00	0.00	64.96	7.51	0.00	0.00	2000
229	10.98	2086	2102	0.00	195	0	0	0	nan	0.00	0.00	5.03	84.22	89.02	0.00	41	0	43	0.00	0.00	64.62	7.43	0.00	0.00	2000
228	11.07	2063	2099	0.00	194	0	0	0	nan	0.00	0.00	4.39	84.57	88.93	0.00	41	0	43	0.00	0.00	64.42	7.47	0.00	0.00	2000
228	10.92	2093	2092	0.00	194	0	0	0	nan	0.00	0.00	4.24	84.67	89.08	0.00	41	0	43	0.00	0.00	64.33	7.49	0.00	0.00	2000
230	11.02	2081	2108	0.00	195	0	0	0	nan	0.00	0.00	4.35	85.08	88.98	0.00	41	0	43	0.00	0.00	64.92	7.59	0.00	0.00	2000
228	10.87	2107	2092	0.00	195	0	0	0	nan	0.00	0.00	4.73	84.22	89.13	0.00	41	0	42	0.00	0.00	64.43	7.59	0.00	0.00	2000
228	11.09	2060	2098	0.00	193	0	0	0	nan	0.00	0.00	4.49	84.49	88.91	0.00	41	0	43	0.00	0.00	61.87	6.97	0.00	0.00	2000
228	11.07	2050	2114	0.00	194	0	0	0	nan	0.00	0.00	4.07	85.57	88.93	0.00	41	0	42	0.00	0.00	67.15	7.96	0.00	0.00	2000
227	11.07	2065	2088	0.00	194	0	0	0	nan	0.00	0.00	4.18	84.38	88.93	0.00	41	0	43	0.00	0.00	61.87	7.22	0.00	0.00	2000
229	11.00	2082	2100	0.00	196	0	0	0	nan	0.00	0.00	5.46	83.64	89.00	0.00	41	0	43	0.00	0.00	66.97	7.83	0.00	0.00	2000
229	11.04	2075	2102	0.00	194	0	0	0	nan	0.00	0.00	4.14	85.00	88.96	0.00	41	0	43	0.00	0.00	62.04	7.27	0.00	0.00	2000
226	10.85	2095	2084	0.00	194	0	0	0	nan	0.00	0.00	4.73	83.85	89.15	0.00	41	0	43	0.00	0.00	64.01	7.42	0.00	0.00	2000
229	10.93	2067	2125	0.00	194	0	0	0	nan	0.00	0.00	4.01	86.23	89.07	0.00	41	0	43	0.00	0.00	68.02	7.91	0.00	0.00	2000
227	11.32	2038	2065	0.00	195	0	0	0	nan	0.00	0.01	3.56	83.72	88.68	0.00	41	0	43	0.00	0.00	63.68	7.40	0.00	0.00	2000
230	10.94	2095	2106	0.00	211	0	0	3	76.35	0.00	0.00	2.61	86.80	89.06	0.00	41	0	43	0.00	0.00	62.69	7.29	0.00	0.00	2000
232	11.01	2088	2123	1.33	198	0	0	5	79.83	0.00	0.01	4.99	85.07	88.99	0.00	41	0	42	0.00	0.00	64.66	7.37	0.00	0.00	2000
228	11.05	2060	2099	0.00	194	0	0	0	nan	0.00	0.00	4.37	84.61	88.95	0.00	41	0	42	0.00	0.00	64.15	7.40	0.00	0.00	2000
230	10.99	2095	2100	0.00	196	0	0	0	nan	0.00	0.00	4.74	84.41	89.01	0.00	41	0	42	0.00	0.00	64.65	7.51	0.00	0.00	2000
224	11.57	1984	2046	0.00	196	0	0	0	nan	0.00	0.00	3.43	82.87	88.43	0.00	41	0	42	0.00	0.00	64.13	7.45	0.00	0.00	2000
232	11.53	1991	2122	0.00	212	0	0	0	nan	0.00	0.00	2.48	87.08	88.47	0.00	41	0	43	0.00	0.00	65.18	7.73	0.00	0.00	2000
228	11.16	2000	2144	0.00	209	0	0	0	nan	0.00	0.00	3.28	87.64	88.84	0.00	41	0	43	0.00	0.00	64.40	7.41	0.00	0.00	2000
230	11.18	2064	2089	0.00	194	0	0	0	nan	0.00	0.00	4.46	84.08	88.82	0.00	41	0	43	0.00	0.00	64.24	7.49	0.00	0.00	2000
231	11.21	2052	2107	0.00	195	0	0	0	nan	0.00	0.00	4.64	84.60	88.79	0.00	41	0	43	0.00	0.00	64.73	7.41	0.00	0.00	2000
228	11.26	2028	2096	0.00	195	0	0	0	nan	0.00	0.00	4.89	83.87	88.74	0.00	41	0	42	0.00	0.00	66.88	7.88	0.00	0.00	2000
227	11.17	2033	2104	0.00	194	0	0	0	nan	0.00	0.00	3.29	85.82	88.83	0.00	41	0	42	0.00	0.00	64.92	7.48	0.00	0.00	2000
229	11.26	2038	2096	0.00	194	0	0	0	nan	0.00	0.00	3.55	85.24	88.74	0.00	41	0	42	0.00	0.00	61.46	7.04	0.00	0.00	2000
230	11.14	2064	2099	0.00	198	0	0	0	nan	0.00	0.00	6.18	82.76	88.86	0.00	41	0	43	0.00	0.00	64.62	7.41	0.00	0.00	2000
229	11.02	2075	2107	0.00	196	0	0	0	nan	0.00	0.00	4.47	84.98	88.98	0.00	41	0	43	0.00	0.00	64.61	7.55	0.00	0.00	2000
229	11.05	2079	2097	0.00	194	0	0	0	nan	0.00	0.00	4.53	84.41	88.95	0.00	41	0	43	0.00	0.00	64.60	7.63	0.00	0.00	2000
231	11.18	2060	2103	0.00	195	0	0	0	nan	0.00	0.00	4.67	84.43	88.82	0.00	41	0	43	0.00	0.00	64.08	7.38	0.00	0.00	2000
226	11.02	2075	2072	0.00	195	0	0	0	nan	0.00	0.00	4.01	83.91	88.98	0.00	41	0	43	0.00	0.00	64.10	7.42	0.00	0.00	2000
230	11.08	2055	2118	0.00	194	0	0	3	78.20	0.00	0.00	3.47	86.32	88.92	0.00	41	0	43	0.00	0.00	65.06	7.51	0.00	0.00	2000
228	11.04	2081	2084	1.36	194	0	0	5	77.74	0.00	0.00	2.98	85.39	88.96	0.00	41	0	43	0.00	0.00	64.27	7.40	0.00	0.00	2000
231	11.23	2075	2085	0.00	194	0	0	0	nan	0.00	0.00	2.99	85.18	88.77	0.00	40	0	43	0.00	0.00	65.87	7.65	0.00	0.00	2000
227	10.73	2099	2114	0.00	211	0	0	0	nan	0.00	0.02	3.84	86.14	89.27	0.00	41	0	43	0.00	0.00	63.56	7.42	0.00	0.00	2000
234	11.23	2049	2138	0.00	197	0	0	0	nan	0.00	0.00	5.53	84.93	88.77	0.00	41	0	43	0.00	0.00	67.37	7.86	0.00	0.00	2000
227	11.42	2033	2049	0.00	195	0	0	0	nan	0.00	0.01	3.49	83.06	88.58	0.00	41	0	43	0.00	0.00	62.93	7.35	0.00	0.00	2000
232	11.17	2041	2133	0.00	226	0	0	0	nan	0.00	0.00	6.93	83.46	88.83	0.00	41	0	43	0.00	0.00	64.13	7.53	0.00	0.00	2000
230	11.29	2032	2109	0.00	196	0	0	0	nan	0.00	0.00	5.53	83.66	88.71	0.00	41	0	42	0.00	0.00	64.42	7.66	0.00	0.00	2000
229	10.88	2115	2095	0.00	194	0	0	0	nan	0.00	0.00	4.29	84.71	89.12	0.00	41	0	43	0.00	0.00	64.87	7.47	0.00	0.00	2000
227	11.03	2056	2105	0.00	194	0	0	0	nan	0.00	0.00	5.03	84.27	88.97	0.00	41	0	43	0.00	0.00	64.58	7.60	0.00	0.00	2000
228	11.01	2074	2101	0.00	194	0	0	0	nan	0.00	0.00	5.06	84.04	88.99	0.00	41	0	43	0.00	0.00	64.34	7.35	0.00	0.00	2000
226	11.08	2041	2099	0.00	194	0	0	0	nan	0.00	0.00	4.74	84.26	88.92	0.00	41	0	42	0.00	0.00	64.46	7.44	0.00	0.00	2000
230	11.20	2063	2092	0.00	196	0	0	0	nan	0.00	0.00	4.41	84.16	88.80	0.00	41	0	43	0.00	0.00	64.32	7.50	0.00	0.00	2000
229	11.15	2048	2111	0.00	194	0	0	0	nan	0.00	0.00	3.90	85.46	88.85	0.00	41	0	43	0.00	0.00	64.85	7.63	0.00	0.00	2000
228	11.12	2062	2091	0.00	194	0	0	0	nan	0.00	0.00	4.34	84.26	88.88	0.00	41	0	42	0.00	0.00	64.40	7.37	0.00	0.00	2000
229	11.05	2070	2098	0.00	195	0	0	0	nan	0.00	0.00	4.29	84.69	88.95	0.00	41	0	43	0.00	0.00	64.82	7.38	0.00	0.00	2000
229	10.99	2070	2112	0.00	194	0	0	0	nan	0.00	0.00	4.11	85.46	89.01	0.00	41	0	43	0.00	0.00	64.66	7.61	0.00	0.00	2000
225	11.11	2072	2055	0.02	195	0	0	3	71.47	0.00	0.00	3.82	83.29	88.89	0.00	41	0	43	0.00	0.00	63.13	7.23	0.00	0.00	2000
228	11.25	2046	2079	1.25	194	0	0	5	77.52	0.00	0.00	2.73	85.28	88.75	0.00	41	0	43	0.00	0.00	64.48	7.48	0.00	0.00	2000
229	10.63	2114	2140	0.00	211	0	0	0	nan	0.00	0.00	3.21	88.02	89.37	0.00	41	0	43	0.00	0.00	64.37	7.60	0.00	0.00	2000
229	10.84	2107	2100	0.00	193	0	0	0	nan	0.00	0.02	2.99	86.27	89.16	0.00	41	0	42	0.00	0.00	64.56	7.39	0.00	0.00	2000
229	11.22	2026	2117	0.00	194	0	0	0	nan	0.00	0.00	2.46	87.17	88.78	0.00	41	0	43	0.00	0.00	65.29	7.64	0.00	0.00	2000
232	11.17	2079	2101	0.00	195	0	0	0	nan	0.00	0.02	3.68	85.27	88.83	0.00	41	0	42	0.00	0.00	65.16	7.42	0.00	0.00	2000
229	11.20	2038	2110	0.00	194	0	0	0	nan	0.00	0.00	3.46	85.87	88.80	0.00	41	0	43	0.00	0.00	64.94	7.46	0.00	0.00	2000
231	11.04	2098	2094	0.00	198	0	0	0	nan	0.00	0.00	4.96	83.86	88.96	0.00	41	0	43	0.00	0.00	64.70	7.43	0.00	0.00	2000
229	10.95	2084	2105	0.00	196	0	0	0	nan	0.00	0.00	5.75	83.59	89.05	0.00	41	0	43	0.00	0.00	64.62	7.29	0.00	0.00	2000
228	11.19	2033	2101	0.00	194	0	0	0	nan	0.00	0.01	4.25	84.68	88.81	0.00	41	0	43	0.00	0.00	64.24	7.51	0.00	0.00	2000
229	11.12	2073	2090	0.00	195	0	0	0	nan	0.00	0.02	4.07	84.49	88.88	0.00	41	0	42	0.00	0.00	64.90	7.28	0.00	0.00	2000
225	11.36	2032	2045	0.00	195	0	0	0	nan	0.00	0.00	3.53	82.84	88.64	0.00	41	0	43	0.00	0.00	61.23	7.05	0.00	0.00	2000
228	10.90	2050	2141	0.00	210	0	0	0	nan	0.00	0.00	2.24	88.67	89.10	0.00	41	0	43	0.00	0.00	66.81	7.62	0.00	0.00	2000
228	11.39	2036	2068	0.00	194	0	0	0	nan	0.00	0.02	2.00	85.36	88.61	0.00	41	0	43	0.00	0.00	62.30	7.25	0.00	0.00	2000
228	11.21	2040	2099	0.00	210	0	0	0	nan	0.00	0.02	1.96	86.83	88.79	0.00	41	0	43	0.00	0.00	65.00	7.67	0.00	0.00	2000
226	11.20	2019	2095	0.00	211	0	0	0	nan	0.00	0.03	2.82	85.79	88.80	0.00	41	0	43	0.00	0.00	64.04	7.47	0.00	0.00	2000
231	10.86	2067	2160	0.00	210	0	0	0	nan	0.00	0.02	2.63	89.15	89.14	0.00	41	0	43	0.00	0.00	68.41	7.97	0.00	0.00	2000
227	11.00	2081	2087	0.39	194	0	0	5	72.63	0.00	0.00	4.01	84.47	89.00	0.00	41	0	43	0.00	0.00	63.94	7.41	0.00	0.00	2000
227	11.45	2015	2062	0.99	195	0	0	3	82.84	0.00	0.00	3.58	83.48	88.55	0.00	41	0	42	0.00	0.00	61.49	7.31	0.00	0.00	2000
230	11.08	2048	2126	0.00	211	0	0	0	nan	0.00	0.00	2.82	87.24	88.92	0.00	41	0	42	0.00	0.00	66.14	7.62	0.00	0.00	2000
229	11.00	2057	2129	0.00	211	0	0	0	nan	0.00	0.02	3.23	87.14	89.00	0.00	41	0	43	0.00	0.00	67.00	7.57	0.00	0.00	2000
272	12.68	2138	2105	0.00	196	0	0	0	nan	0.00	0.00	5.56	82.07	87.32	0.00	41	0	43	0.00	0.00	64.86	7.45	0.00	0.00	2000
226	11.46	2028	2045	0.00	194	0	0	0	nan	0.00	0.00	4.13	82.22	88.54	0.00	41	0	43	0.00	0.00	61.49	7.19	0.00	0.00	2000
224	11.09	2024	2095	0.00	213	0	0	0	nan	0.00	0.00	3.29	85.52	88.91	0.00	41	0	43	0.00	0.00	64.47	7.51	0.00	0.00	2000
234	10.74	2118	2161	0.00	212	0	0	0	nan	0.00	0.00	2.33	89.49	89.26	0.00	41	0	43	0.00	0.00	68.23	7.76	0.00	0.00	2000
229	10.91	2089	2106	0.00	195	0	0	0	nan	0.00	0.00	4.37	85.06	89.09	0.00	41	0	43	0.00	0.00	64.53	7.69	0.00	0.00	2000
228	10.93	2089	2097	0.00	194	0	0	0	nan	0.00	0.00	4.00	85.00	89.07	0.00	41	0	43	0.00	0.00	64.55	7.45	0.00	0.00	2000
232	11.10	2096	2096	0.00	198	0	0	0	nan	0.00	0.02	4.84	84.01	88.90	0.00	41	0	43	0.00	0.00	64.52	7.68	0.00	0.00	2000
226	11.05	2042	2103	0.00	193	0	0	0	nan	0.00	0.00	4.18	84.95	88.95	0.00	41	0	43	0.00	0.00	64.17	7.45	0.00	0.00	2000
229	11.02	2085	2094	0.00	194	0	0	0	nan	0.00	0.00	3.12	85.72	88.98	0.00	41	0	43	0.00	0.00	64.73	7.45	0.00	0.00	2000
228	11.02	2062	2106	0.00	194	0	0	0	nan	0.00	0.00	3.89	85.41	88.98	0.00	41	0	43	0.00	0.00	64.98	7.53	0.00	0.00	2000
225	11.06	2058	2073	0.00	195	0	0	0	nan	0.00	0.00	4.27	83.68	88.94	0.00	41	0	43	0.00	0.00	63.40	7.56	0.00	0.00	2000
233	11.15	2063	2124	0.00	195	0	0	0	nan	0.00	0.00	3.85	86.11	88.85	0.00	41	0	43	0.00	0.00	65.21	7.51	0.00	0.00	2000
226	11.49	2017	2050	0.00	194	0	0	0	nan	0.00	0.00	2.94	83.57	88.51	0.00	41	0	43	0.00	0.00	61.74	7.18	0.00	0.00	2000
233	10.93	2067	2165	0.92	210	0	0	6	67.26	0.00	0.00	3.28	88.60	89.07	0.00	41	0	42	0.00	0.00	68.01	7.86	0.00	0.00	2000
226	10.90	2102	2067	0.55	195	0	0	0	nan	0.00	0.00	4.43	83.41	89.10	0.00	41	0	43	0.00	0.00	61.38	7.11	0.00	0.00	2000
235	11.04	2091	2138	0.00	196	0	0	0	nan	0.00	0.00	3.69	86.96	88.96	0.00	41	0	43	0.00	0.00	66.49	7.89	0.00	0.00	2000
229	10.85	2108	2100	0.00	194	0	0	0	nan	0.00	0.02	2.80	86.34	89.15	0.00	41	0	43	0.00	0.00	64.60	7.48	0.00	0.00	2000
222	11.22	2039	2035	0.00	193	0	0	0	nan	0.00	0.02	2.67	83.50	88.78	0.00	41	0	42	0.00	0.00	62.21	7.40	0.00	0.00	2000
231	10.84	2079	2156	0.00	211	0	0	0	nan	0.00	0.00	3.17	88.47	89.16	0.00	41	0	43	0.00	0.00	68.29	7.85	0.00	0.00	2000
227	11.00	2077	2086	0.00	194	0	0	0	nan	0.00	0.00	3.07	85.45	89.00	0.00	41	0	43	0.00	0.00	64.60	7.17	0.00	0.00	2000
227	11.50	2017	2058	0.00	195	0	0	0	nan	0.00	0.00	3.33	83.51	88.50	0.00	41	0	43	0.00	0.00	61.49	7.06	0.00	0.00	2000
231	10.76	2083	2161	0.00	209	0	0	0	nan	0.00	0.00	2.82	89.12	89.24	0.00	41	0	43	0.00	0.00	66.10	8.01	0.00	0.00	2000
230	11.00	2079	2110	0.00	195	0	0	0	nan	0.00	0.00	4.26	85.27	89.00	0.00	41	0	42	0.00	0.00	64.67	7.48	0.00	0.00	2000
228	11.13	2053	2096	0.00	194	0	0	0	nan	0.00	0.00	4.03	84.81	88.87	0.00	41	0	43	0.00	0.00	64.38	7.46	0.00	0.00	2000
228	11.27	2019	2102	0.00	194	0	0	0	nan	0.00	0.00	4.88	84.02	88.73	0.00	41	0	43	0.00	0.00	64.19	7.45	0.00	0.00	2000
231	11.10	2093	2091	0.00	195	0	0	0	nan	0.00	0.00	4.59	84.03	88.90	0.00	41	0	43	0.00	0.00	65.05	7.55	0.00	0.00	2000
231	10.84	2125	2108	0.00	200	1	0	0	nan	0.00	0.00	6.70	82.88	89.16	0.00	41	0	43	0.00	0.00	64.65	7.50	0.00	0.00	2000
230	11.03	2086	2098	0.00	195	0	0	0	nan	0.00	0.00	4.96	83.97	88.97	0.00	41	0	43	0.00	0.00	64.88	7.55	0.00	0.00	2000
225	10.79	2110	2079	0.00	194	0	0	0	nan	0.00	0.00	5.21	83.26	89.21	0.00	41	0	43	0.00	0.00	63.79	7.30	0.00	0.00	2000
225	11.45	2012	2054	0.00	195	0	0	0	nan	0.00	0.00	3.73	82.98	88.55	0.00	41	0	43	0.00	0.00	61.49	7.34	0.00	0.00	2000
229	11.24	2030	2106	1.17	211	0	0	5	70.53	0.00	0.01	3.19	85.98	88.76	0.00	41	0	43	0.00	0.00	64.12	7.64	0.00	0.00	2000
231	10.96	2048	2161	0.21	211	0	0	0	nan	0.00	0.02	2.27	89.46	89.04	0.00	41	0	43	0.00	0.00	68.18	7.93	0.00	0.00	2000
226	10.93	2083	2084	0.00	194	0	0	0	nan	0.00	0.00	3.45	85.02	89.07	0.00	41	0	43	0.00	0.00	64.28	7.53	0.00	0.00	2000
233	11.15	2065	2125	0.00	194	0	0	0	nan	0.00	0.04	2.97	86.97	88.85	0.00	41	0	43	0.00	0.00	65.68	7.57	0.00	0.00	2000
231	11.27	2050	2100	0.00	196	0	0	0	nan	0.00	0.00	4.43	84.41	88.73	0.00	41	0	43	0.00	0.00	64.79	7.38	0.00	0.00	2000
227	11.06	2055	2097	0.00	194	0	0	0	nan	0.00	0.00	4.01	84.84	88.94	0.00	41	0	43	0.00	0.00	64.10	7.56	0.00	0.00	2000
226	10.96	2088	2077	0.00	195	0	0	0	nan	0.00	0.00	3.58	84.59	89.04	0.00	41	0	43	0.00	0.00	64.16	7.37	0.00	0.00	2000
232	10.88	2110	2121	0.00	194	0	0	0	nan	0.00	0.00	3.37	86.73	89.12	0.00	41	0	42	0.00	0.00	62.28	7.34	0.00	0.00	2000
229	11.15	2051	2107	0.00	194	0	0	0	nan	0.00	0.00	4.41	84.86	88.85	0.00	41	0	43	0.00	0.00	68.11	7.80	0.00	0.00	2000
230	11.24	2053	2095	0.00	199	0	0	0	nan	0.00	0.00	5.50	83.19	88.76	0.00	41	0	43	0.00	0.00	61.61	7.28	0.00	0.00	2000
228	11.21	2028	2106	0.00	196	0	0	0	nan	0.00	0.00	4.70	84.45	88.79	0.00	41	0	43	0.00	0.00	67.69	7.74	0.00	0.00	2000
227	11.38	1998	2096	0.00	194	0	0	0	nan	0.00	0.00	4.11	84.44	88.62	0.00	41	0	43	0.00	0.00	64.41	7.54	0.00	0.00	2000
227	11.35	2010	2093	0.00	194	0	0	0	nan	0.00	0.00	4.03	84.48	88.65	0.00	41	0	43	0.00	0.00	64.11	7.36	0.00	0.00	2000
229	11.30	2027	2102	0.00	195	0	0	0	nan	0.00	0.00	3.75	85.22	88.70	0.00	41	0	43	0.00	0.00	64.85	7.68	0.00	0.00	2000
225	11.11	2046	2080	0.00	194	0	0	0	nan	0.00	0.00	4.45	83.70	88.89	0.00	41	0	43	0.00	0.00	60.85	7.07	0.00	0.00	2000
235	10.98	2115	2128	0.00	195	0	0	0	nan	0.00	0.00	3.17	87.11	89.02	0.00	41	0	43	0.00	0.00	69.06	7.98	0.00	0.00	2000
231	11.08	2086	2095	0.00	197	0	0	0	nan	0.00	0.00	5.30	83.60	88.92	0.00	41	0	43	0.00	0.00	61.22	7.17	0.00	0.00	2000
228	11.19	2044	2091	0.94	196	0	0	6	72.01	0.00	0.00	5.01	83.63	88.81	0.00	41	0	43	0.00	0.00	64.80	7.50	0.00	0.00	2000
224	11.38	2011	2052	0.52	194	0	0	0	nan	0.00	0.00	4.29	82.40	88.62	0.00	41	0	43	0.00	0.00	63.82	7.35	0.00	0.00	2000
228	11.26	2027	2101	0.00	210	0	0	0	nan	0.00	0.01	2.10	86.77	88.74	0.00	41	0	43	0.00	0.00	64.57	7.55	0.00	0.00	2000
226	11.23	2012	2097	0.00	210	0	0	0	nan	0.00	0.00	1.98	86.77	88.77	0.00	41	0	43	0.00	0.00	63.92	7.44	0.00	0.00	2000
231	10.76	2086	2164	0.00	211	0	0	0	nan	0.01	0.00	2.58	89.52	89.24	0.00	41	0	43	0.00	0.00	65.01	7.65	0.00	0.00	2000
223	11.51	2000	2039	0.00	194	0	0	0	nan	0.00	0.00	3.13	82.91	88.49	0.00	41	0	43	0.00	0.00	64.08	7.49	0.00	0.00	2000
236	10.79	2108	2175	0.00	211	0	0	0	nan	0.00	0.02	3.11	89.30	89.21	0.00	41	0	43	0.00	0.00	65.74	7.55	0.00	0.00	2000
229	10.95	2097	2098	0.00	194	0	0	0	nan	0.00	0.00	4.27	84.80	89.06	0.00	41	0	43	0.00	0.00	64.57	7.46	0.00	0.00	2000
227	11.16	2032	2099	0.00	195	0	0	0	nan	0.00	0.00	4.80	84.09	88.84	0.00	41	0	43	0.00	0.00	64.12	7.27	0.00	0.00	2000
229	11.08	2062	2106	0.00	194	0	0	0	nan	0.00	0.02	3.63	85.64	88.92	0.00	41	0	43	0.00	0.00	64.75	7.66	0.00	0.00	2000
228	11.06	2065	2095	0.00	194	0	0	0	nan	0.00	0.00	4.02	84.81	88.94	0.00	41	0	43	0.00	0.00	64.83	7.43	0.00	0.00	2000
231	11.01	2095	2101	0.00	195	0	0	0	nan	0.00	0.00	5.11	83.96	88.99	0.00	41	0	43	0.00	0.00	64.65	7.34	0.00	0.00	2000
229	10.95	2095	2099	0.00	195	0	0	0	nan	0.00	0.00	5.21	83.96	89.05	0.00	41	0	43	0.00	0.00	64.49	7.38	0.00	0.00	2000
229	11.19	2044	2103	0.00	194	0	0	0	nan	0.00	0.00	4.26	84.75	88.81	0.00	41	0	43	0.00	0.00	64.67	7.41	0.00	0.00	2000
221	11.04	2041	2064	0.00	194	0	0	0	nan	0.00	0.00	3.98	83.52	88.96	0.00	41	0	43	0.00	0.00	62.86	7.36	0.00	0.00	2000
233	11.48	2032	2099	0.00	194	0	0	0	nan	0.00	0.01	2.23	86.39	88.52	0.00	41	0	43	0.00	0.00	65.95	7.60	0.00	0.00	2000
228	11.00	2044	2132	0.00	211	0	0	0	97.89	0.00	0.00	4.91	85.53	89.00	0.00	41	0	43	0.00	0.00	64.14	7.32	0.00	0.00	2000
226	11.06	2066	2078	1.43	194	0	0	6	68.12	0.00	0.00	3.11	84.99	88.94	0.00	40	0	43	0.00	0.00	63.92	7.57	0.00	0.00	2000
230	11.05	2058	2122	0.04	194	0	0	0	nan	0.00	0.00	3.12	86.86	88.95	0.00	41	0	43	0.00	0.00	65.30	7.71	0.00	0.00	2000
231	11.16	2068	2100	0.00	196	0	0	0	nan	0.00	0.00	3.55	85.38	88.84	0.00	41	0	43	0.00	0.00	64.97	7.43	0.00	0.00	2000
228	10.98	2085	2097	0.00	195	0	0	0	nan	0.00	0.01	4.51	84.47	89.02	0.00	41	0	42	0.00	0.00	64.72	7.62	0.00	0.00	2000
231	11.09	2079	2101	0.00	197	0	0	0	nan	0.00	0.00	5.94	83.11	88.91	0.00	41	0	43	0.00	0.00	64.49	7.50	0.00	0.00	2000
231	11.11	2071	2105	0.00	212	0	0	0	nan	0.00	0.00	5.94	83.22	88.89	0.00	41	0	43	0.00	0.00	64.63	7.56	0.00	0.00	2000
227	11.04	2065	2094	0.00	194	0	0	0	nan	0.00	0.00	4.61	84.23	88.96	0.00	41	0	43	0.00	0.00	64.46	7.43	0.00	0.00	2000
228	11.10	2050	2107	0.00	194	0	0	0	nan	0.00	0.00	4.70	84.64	88.90	0.00	41	0	43	0.00	0.00	64.77	7.60	0.00	0.00	2000
229	11.15	2047	2103	0.00	195	0	0	0	nan	0.00	0.00	4.46	84.60	88.85	0.00	41	0	42	0.00	0.00	64.18	7.53	0.00	0.00	2000
230	11.29	2037	2103	0.00	195	0	0	0	nan	0.00	0.00	4.16	84.78	88.71	0.00	41	0	43	0.00	0.00	64.83	7.61	0.00	0.00	2000
227	11.10	2059	2088	0.00	194	0	0	0	nan	0.00	0.02	3.11	85.36	88.90	0.00	41	0	42	0.00	0.00	64.37	7.48	0.00	0.00	2000
230	11.03	2076	2109	0.00	194	0	0	0	nan	0.00	0.02	4.01	85.38	88.97	0.00	41	0	43	0.00	0.00	65.00	7.52	0.00	0.00	2000
225	10.91	2092	2072	0.00	195	0	0	0	nan	0.00	0.00	4.26	83.75	89.09	0.00	41	0	43	0.00	0.00	63.38	7.32	0.00	0.00	2000
225	11.31	2025	2060	0.00	194	0	0	0	nan	0.00	0.00	3.02	84.13	88.69	0.00	41	0	43	0.00	0.00	61.60	7.29	0.00	0.00	2000
233	10.80	2108	2147	0.00	210	0	0	0	nan	0.00	0.00	2.42	88.92	89.20	0.00	41	0	43	0.00	0.00	67.32	7.91	0.00	0.00	2000
229	11.36	2040	2074	0.00	195	0	0	0	nan	0.00	0.00	2.27	85.36	88.64	0.00	41	0	43	0.00	0.00	62.58	7.21	0.00	0.00	2000
229	10.95	2046	2144	0.00	211	0	0	0	98.08	0.00	0.00	3.11	87.85	89.05	0.00	41	0	43	0.00	0.00	67.64	7.88	0.00	0.00	2000
226	11.04	2063	2082	1.44	194	0	0	6	70.94	0.00	0.00	3.57	84.71	88.96	0.00	41	0	43	0.00	0.00	63.89	7.35	0.00	0.00	2000
239	11.43	2086	2108	0.05	197	0	0	0	nan	0.00	0.01	3.43	85.64	88.57	0.00	41	0	43	0.00	0.00	65.57	7.11	0.00	0.00	2000
226	11.02	2067	2089	0.00	194	0	0	0	nan	0.00	0.03	2.64	86.03	88.98	0.00	40	0	43	0.00	0.00	64.41	7.86	0.00	0.00	2000
234	11.01	2101	2126	0.00	212	0	0	0	nan	0.00	0.00	3.53	86.62	88.99	0.00	38	0	42	0.00	0.00	63.98	7.30	0.00	0.00	2000
228	10.87	2092	2102	0.00	194	0	0	0	nan	0.00	0.00	3.95	85.40	89.13	0.00	39	0	42	0.00	0.00	64.90	7.45	0.00	0.00	2000
228	11.01	2076	2093	0.00	205	0	0	0	nan	0.00	0.00	4.69	84.06	88.99	0.00	39	0	42	0.00	0.00	65.29	7.72	0.00	0.00	2000
230	11.30	2033	2105	0.00	196	0	0	0	nan	0.00	0.00	3.29	85.70	88.70	0.00	39	0	43	0.00	0.00	65.14	7.81	0.00	0.00	2000
229	11.26	2027	2110	0.00	195	0	0	0	nan	0.00	0.00	2.46	86.76	88.74	0.00	39	0	43	0.00	0.00	64.28	7.49	0.00	0.00	2000
226	11.04	2053	2093	0.00	194	0	0	0	nan	0.00	0.01	2.98	85.66	88.96	0.00	39	0	43	0.00	0.00	64.88	7.43	0.00	0.00	2000
229	11.15	2052	2103	0.00	195	0	0	0	nan	0.00	0.00	2.67	86.42	88.85	0.00	39	0	43	0.00	0.00	64.59	7.69	0.00	0.00	2000
227	11.12	2040	2101	0.00	194	0	0	0	nan	0.00	0.00	2.58	86.35	88.88	0.00	39	0	43	0.00	0.00	65.42	7.95	0.00	0.00	2000
232	11.15	2074	2103	0.00	194	0	0	0	nan	0.00	0.02	2.48	86.59	88.85	0.00	39	0	43	0.00	0.00	65.45	8.22	0.00	0.00	2000
228	11.21	2038	2099	0.00	194	0	0	0	nan	0.00	0.00	2.90	85.88	88.79	0.00	39	0	43	0.00	0.00	66.08	8.44	0.00	0.00	2000
227	11.13	2066	2072	0.00	193	0	0	0	nan	0.00	0.02	2.99	84.80	88.87	0.00	39	0	43	0.00	0.00	61.83	7.62	0.00	0.00	2000
230	10.94	2100	2103	0.00	210	0	0	0	nan	0.00	0.00	2.97	86.19	89.06	0.00	39	0	43	0.00	0.00	64.83	7.66	0.00	0.00	2000
222	10.79	2033	2128	0.00	213	0	0	0	nan	0.00	0.00	5.21	85.32	89.21	0.00	38	0	43	0.00	0.00	67.59	8.14	0.00	0.00	2000
90	7.04	1279	2098	0.00	210	0	0	1	85.69	0.00	0.00	5.00	87.94	92.96	0.00	38	0	42	0.00	0.00	59.71	7.87	0.00	0.00	2000
77	7.19	1069	2103	0.31	194	0	0	3	83.84	0.00	0.00	2.93	90.02	92.81	0.00	38	0	43	0.00	0.00	55.73	7.39	0.00	0.00	2000
73	6.63	1108	2084	0.00	193	0	0	0	nan	0.00	0.02	3.30	89.36	93.37	0.00	38	0	43	0.00	0.00	58.92	7.43	0.00	0.00	2000
73	6.95	1047	2104	0.00	193	0	0	0	nan	0.00	0.00	4.19	89.06	93.05	0.00	38	0	42	0.00	0.00	57.61	7.66	0.00	0.00	2000
