Avg_MHz	Busy%	Bzy_MHz	TSC_MHz	IPC	IRQ	NMI	SMI	LLCMRPS	LLC%hit	POLL%	C1%	C1E%	C6%	CPU%c1	CPU%c6	CoreTmp	CoreThr	PkgTmp	Pkg%pc2	Pkg%pc6	PkgWatt	RAMWatt	PKG_%	RAM_%	UncMHz
281	15.30	1796	2149	0.00	236	0	0	0	nan	0.00	0.00	34.29	52.43	84.70	0.00	38	0	43	0.00	0.00	65.13	7.95	0.00	0.00	2000
351	17.01	2035	2128	0.00	224	0	0	0	nan	0.07	1.09	16.21	66.95	82.99	0.00	38	0	42	0.00	0.00	65.65	7.52	0.00	0.00	2000
76	6.91	1107	2082	0.00	194	0	0	0	nan	0.00	0.00	7.45	85.06	93.09	0.00	37	0	43	0.00	0.00	57.41	7.35	0.00	0.00	2000
75	6.81	1085	2125	0.00	194	0	0	0	nan	0.00	0.00	2.94	91.39	93.19	0.00	37	0	43	0.00	0.00	57.74	7.53	0.00	0.00	2000
74	6.83	1077	2110	0.00	193	0	0	0	nan	0.00	0.00	2.62	91.02	93.17	0.00	38	0	43	0.00	0.00	58.42	7.56	0.00	0.00	2000
71	6.69	1067	2096	0.00	193	0	0	0	nan	0.00	0.00	3.54	89.71	93.31	0.00	37	0	43	0.00	0.00	57.82	7.40	0.00	0.00	2000
73	7.08	1026	2105	0.00	193	0	0	0	nan	0.00	0.02	3.04	90.29	92.92	0.00	37	0	42	0.00	0.00	57.97	7.47	0.00	0.00	2000
74	7.21	1022	2098	0.00	194	0	0	0	nan	0.00	0.03	3.02	89.88	92.79	0.00	37	0	43	0.00	0.00	57.41	7.49	0.00	0.00	2000
72	6.95	1051	2070	0.00	194	0	0	0	nan	0.00	0.00	3.88	87.88	93.05	0.00	37	0	43	0.00	0.00	56.03	7.04	0.00	0.00	2000
72	6.75	1059	2121	0.00	193	0	0	0	nan	0.00	0.00	2.95	91.29	93.25	0.00	37	0	43	0.00	0.00	59.99	7.44	0.00	0.00	2000
73	6.99	1046	2086	0.00	193	0	0	0	nan	0.00	0.03	2.63	89.89	93.01	0.00	37	0	43	0.00	0.00	57.13	7.43	0.00	0.00	2000
72	6.96	1025	2117	0.00	209	0	0	0	nan	0.00	0.00	3.74	90.12	93.04	0.00	37	0	43	0.00	0.00	60.18	7.73	0.00	0.00	2000
73	6.65	1095	2099	0.00	193	0	0	0	nan	0.00	0.00	3.52	89.84	93.35	0.00	37	0	43	0.00	0.00	57.60	7.58	0.00	0.00	2000
72	6.67	1085	2098	0.00	193	0	0	0	nan	0.00	0.00	3.68	89.69	93.33	0.00	37	0	43	0.00	0.00	56.15	7.37	0.00	0.00	2000
74	7.02	1051	2103	0.00	197	0	0	0	nan	0.00	0.00	4.47	88.80	92.98	0.00	37	0	43	0.00	0.00	57.59	7.40	0.00	0.00	2000
72	6.70	1080	2099	0.00	195	0	0	0	97.88	0.00	0.01	3.18	90.08	93.30	0.00	37	0	43	0.00	0.00	58.01	7.37	0.00	0.00	2000
73	6.55	1122	2091	0.30	178	0	0	1	87.38	0.00	0.00	3.50	89.51	93.45	0.00	37	0	43	0.00	0.00	58.83	7.63	0.00	0.00	2000
72	7.01	1028	2108	0.07	197	0	0	0	nan	0.00	0.00	4.15	89.45	92.99	0.00	37	0	42	0.00	0.00	57.91	7.53	0.00	0.00	2000
143	8.61	1670	2092	0.00	216	0	0	0	nan	0.00	0.02	4.79	86.32	91.39	0.00	38	0	43	0.00	0.00	61.48	7.57	0.00	0.00	2000
230	10.99	2089	2101	0.00	203	0	0	0	nan	0.00	0.00	3.99	85.16	89.01	0.00	39	0	43	0.00	0.00	65.03	7.64	0.00	0.00	2000
230	10.98	2086	2104	0.00	201	0	0	0	nan	0.00	0.00	3.55	85.79	89.02	0.00	40	0	43	0.00	0.00	64.95	7.64	0.00	0.00	2000
233	11.20	2070	2110	0.00	204	0	0	0	nan	0.00	0.00	3.36	85.91	88.80	0.00	40	0	43	0.00	0.00	65.56	7.60	0.00	0.00	2000
228	11.10	2098	2059	0.00	205	0	0	0	nan	0.00	0.00	4.33	82.90	88.90	0.00	39	0	43	0.00	0.00	59.01	6.92	0.00	0.00	2000
238	11.16	2093	2136	0.00	218	0	0	0	nan	0.00	0.02	5.90	84.57	88.84	0.00	38	0	42	0.00	0.00	69.02	8.19	0.00	0.00	2000
234	11.06	2113	2105	0.00	196	0	0	0	nan	0.00	0.01	3.83	85.33	88.94	0.00	38	0	42	0.00	0.00	65.43	7.81	0.00	0.00	2000
234	11.00	2128	2098	0.00	197	0	0	0	nan	0.00	0.07	2.98	85.93	89.00	0.00	38	0	43	0.00	0.00	67.04	7.83	0.00	0.00	2000
235	11.60	2025	2103	0.00	200	0	0	0	nan	0.00	0.02	3.96	84.68	88.40	0.00	37	0	42	0.00	0.00	65.32	7.58	0.00	0.00	2000
232	10.83	2141	2102	0.00	200	0	0	0	nan	0.00	0.00	6.12	83.23	89.17	0.00	37	0	42	0.00	0.00	66.52	7.77	0.00	0.00	2000
229	11.21	2046	2095	0.00	197	0	0	0	nan	0.00	0.00	7.61	81.09	88.79	0.00	38	0	43	0.00	0.00	63.85	7.31	0.00	0.00	2000
225	11.00	2073	2075	0.00	198	0	0	0	nan	0.00	0.96	6.69	80.43	89.00	0.00	38	0	43	0.00	0.00	62.17	7.12	0.00	0.00	2000
229	11.29	2035	2090	0.00	199	0	0	0	nan	0.00	0.02	4.75	83.56	88.71	0.00	38	0	42	0.00	0.00	66.14	7.58	0.00	0.00	2000
237	11.28	2059	2141	0.00	197	0	0	0	nan	0.00	0.00	4.29	86.24	88.72	0.00	39	0	42	0.00	0.00	65.52	7.45	0.00	0.00	2000
226	10.85	2113	2067	0.00	200	0	0	0	nan	0.00	0.00	5.67	82.13	89.15	0.00	39	0	43	0.00	0.00	63.06	7.30	0.00	0.00	2000
231	11.29	2046	2103	0.59	215	0	0	21	81.87	0.00	0.02	4.33	84.60	88.71	0.00	38	0	43	0.00	0.00	67.35	7.82	0.00	0.00	2000
232	11.62	2020	2072	0.04	213	0	0	0	nan	0.00	0.00	8.44	78.83	88.38	0.00	37	0	43	0.00	0.00	62.01	7.29	0.00	0.00	2000
222	10.76	2116	2051	0.00	214	0	0	0	nan	0.00	0.01	3.87	83.33	89.24	0.00	38	0	43	0.00	0.00	56.98	6.52	0.00	0.00	2000
242	11.35	2036	2197	0.00	285	0	0	0	nan	0.00	0.03	7.18	85.78	88.65	0.00	37	0	42	0.00	0.00	76.48	8.95	0.00	0.00	2000
227	11.39	1984	2109	0.00	198	0	0	0	nan	0.00	0.06	6.43	82.73	88.61	0.00	38	0	43	0.00	0.00	64.01	7.59	0.00	0.00	2000
227	11.38	1990	2102	0.00	217	0	0	0	nan	0.00	0.00	6.48	82.44	88.62	0.00	39	0	42	0.00	0.00	65.97	7.76	0.00	0.00	2000
219	11.48	2026	1981	0.00	197	0	0	0	nan	0.00	0.00	7.87	75.86	88.52	0.00	39	0	43	0.00	0.00	57.79	7.39	0.00	0.00	2000
226	10.68	1994	2230	0.00	196	0	0	0	nan	0.00	0.02	5.69	89.35	89.32	0.00	38	0	43	0.00	0.00	69.55	8.74	0.00	0.00	2000
224	11.06	2017	2105	0.00	195	0	0	0	nan	0.00	2.20	3.30	83.97	88.94	0.00	39	0	43	0.00	0.00	62.55	7.57	0.00	0.00	2000
220	11.21	2038	2023	0.00	196	0	0	0	nan	0.01	0.01	2.27	83.45	88.79	0.00	39	0	43	0.00	0.00	61.87	7.70	0.00	0.00	2000
227	10.83	2028	2171	0.00	200	0	0	0	nan	0.00	0.01	7.29	85.09	89.17	0.00	39	0	43	0.00	0.00	66.93	8.16	0.00	0.00	2000
219	11.21	1997	2057	0.00	213	0	0	0	nan	0.00	0.02	6.27	80.84	88.79	0.00	39	0	43	0.00	0.00	63.90	7.56	0.00	0.00	2000
222	10.91	1987	2149	0.00	197	0	0	0	nan	0.00	0.02	5.97	85.43	89.09	0.00	40	0	43	0.00	0.00	64.60	7.63	0.00	0.00	2000
221	11.06	1997	2098	0.00	195	0	0	0	nan	0.00	0.05	6.07	82.98	88.94	0.00	40	0	43	0.00	0.00	61.52	7.62	0.00	0.00	2000
225	11.08	2020	2107	0.00	196	0	0	0	nan	0.00	0.02	5.58	83.82	88.92	0.00	40	0	43	0.00	0.00	64.97	7.58	0.00	0.00	2000
223	11.01	2038	2085	0.00	202	0	0	0	nan	0.00	0.00	6.39	82.12	88.99	0.00	39	0	43	0.00	0.00	63.57	7.47	0.00	0.00	2000
220	10.90	2007	2117	0.06	196	0	0	5	89.37	0.00	0.00	7.55	82.47	89.10	0.00	39	0	42	0.00	0.00	64.31	7.59	0.00	0.00	2000
219	11.13	2040	2024	0.70	199	0	0	4	93.15	0.01	0.00	5.12	80.69	88.87	0.00	40	0	43	0.00	0.00	61.84	7.31	0.00	0.00	2000
223	10.84	2014	2143	0.00	196	0	0	0	nan	0.00	0.00	5.54	85.62	89.16	0.00	40	0	43	0.00	0.00	64.31	7.43	0.00	0.00	2000
221	10.70	2061	2109	0.00	195	0	0	0	nan	0.00	0.02	5.61	84.27	89.30	0.00	39	0	43	0.00	0.00	62.82	7.46	0.00	0.00	2000
221	10.87	2062	2070	0.00	197	0	0	0	nan	0.00	0.00	6.49	81.59	89.13	0.00	40	0	43	0.00	0.00	63.26	7.58	0.00	0.00	2000
223	10.64	2059	2138	0.00	196	0	0	0	nan	0.06	0.00	6.62	84.56	89.36	0.00	40	0	43	0.00	0.00	62.47	7.18	0.00	0.00	2000
218	11.00	2079	2001	0.00	197	0	0	0	nan	0.00	0.08	3.61	81.31	89.00	0.00	40	0	42	0.00	0.00	60.84	7.35	0.00	0.00	2000
223	10.80	1967	2206	0.00	197	0	0	0	nan	0.00	0.07	3.17	90.75	89.20	0.00	40	0	43	0.00	0.00	68.37	8.11	0.00	0.00	2000
228	11.35	2009	2101	0.00	202	0	0	0	nan	0.02	1.52	8.82	78.56	88.65	0.00	40	0	43	0.00	0.00	63.83	7.44	0.00	0.00	2000
224	11.03	2031	2097	0.00	198	0	0	0	nan	0.00	1.01	8.77	79.34	88.97	0.00	40	0	42	0.00	0.00	64.70	7.59	0.00	0.00	2000
220	11.20	2007	2059	0.00	196	0	0	0	nan	0.02	1.42	6.87	79.01	88.80	0.00	40	0	43	0.00	0.00	60.61	7.03	0.00	0.00	2000
222	10.74	2026	2139	0.00	199	0	0	0	nan	0.00	0.00	6.85	84.28	89.26	0.00	40	0	43	0.00	0.00	64.35	8.02	0.00	0.00	2000
220	10.96	2007	2098	0.00	196	0	0	0	nan	0.00	0.02	6.14	83.03	89.04	0.00	40	0	43	0.00	0.00	65.93	8.02	0.00	0.00	2000
221	11.25	1974	2094	0.00	197	0	0	0	nan	0.00	0.00	6.21	82.52	88.75	0.00	39	0	43	0.00	0.00	63.07	7.47	0.00	0.00	2000
224	11.24	1967	2129	0.00	199	0	0	0	nan	0.00	0.03	6.20	84.01	88.76	0.00	40	0	43	0.00	0.00	64.78	7.57	0.00	0.00	2000
220	11.18	2008	2059	0.00	196	0	0	0	nan	0.00	0.00	6.69	80.60	88.82	0.00	40	0	43	0.00	0.00	60.72	7.21	0.00	0.00	2000
220	10.92	2032	2083	0.00	195	0	0	0	nan	0.00	0.02	7.33	81.25	89.08	0.00	40	0	42	0.00	0.00	63.69	7.61	0.00	0.00	2000
217	11.16	2040	2000	0.00	197	0	0	3	88.04	0.00	0.01	5.09	79.70	88.84	0.00	40	0	42	0.00	0.00	61.43	7.25	0.00	0.00	2000
224	10.68	1983	2219	0.94	213	0	0	6	91.34	0.00	0.00	5.98	88.59	89.32	0.00	40	0	42	0.00	0.00	66.01	7.65	0.00	0.00	2000
225	10.79	2047	2142	0.00	197	0	0	0	nan	0.02	1.08	8.53	81.59	89.21	0.00	40	0	42	0.00	0.00	66.84	7.68	0.00	0.00	2000
220	10.93	2011	2100	0.00	197	0	0	0	nan	0.00	0.08	4.23	85.02	89.07	0.00	40	0	43	0.00	0.00	61.65	7.31	0.00	0.00	2000
220	11.02	2041	2059	0.00	195	0	0	0	nan	0.00	0.05	2.71	84.62	88.98	0.00	40	0	43	0.00	0.00	63.67	7.46	0.00	0.00	2000
222	10.77	2015	2152	0.00	195	0	0	0	nan	0.00	0.00	6.43	85.25	89.23	0.00	40	0	43	0.00	0.00	65.51	7.59	0.00	0.00	2000
220	11.02	2042	2052	0.00	195	0	0	0	nan	0.00	0.02	6.02	81.07	88.98	0.00	40	0	43	0.00	0.00	62.36	7.26	0.00	0.00	2000
223	11.21	1972	2122	0.00	200	0	0	0	nan	0.00	0.39	7.58	81.95	88.79	0.00	40	0	43	0.00	0.00	63.80	7.46	0.00	0.00	2000
220	11.03	1976	2117	0.00	195	0	0	0	nan	0.00	0.00	8.74	81.13	88.97	0.00	40	0	43	0.00	0.00	63.48	7.20	0.00	0.00	2000
220	11.14	1994	2082	0.00	197	0	0	0	nan	0.00	0.02	7.15	81.16	88.86	0.00	40	0	43	0.00	0.00	64.65	7.46	0.00	0.00	2000
220	10.79	2069	2066	0.00	195	0	0	0	nan	0.00	0.00	6.09	81.76	89.21	0.00	40	0	43	0.00	0.00	60.29	6.87	0.00	0.00	2000
221	10.78	2019	2130	0.00	196	0	0	0	nan	0.00	0.00	6.61	84.02	89.22	0.00	40	0	43	0.00	0.00	66.30	7.67	0.00	0.00	2000
224	10.62	2095	2119	0.00	200	0	0	0	nan	0.00	0.25	9.04	81.05	89.38	0.00	40	0	43	0.00	0.00	65.20	7.62	0.00	0.00	2000
220	10.82	2030	2102	0.00	194	0	0	0	nan	0.00	0.01	6.99	82.50	89.18	0.00	40	0	43	0.00	0.00	61.32	7.18	0.00	0.00	2000
218	11.08	2013	2047	0.00	194	0	0	0	nan	0.00	0.00	6.42	80.48	88.92	0.00	41	0	43	0.00	0.00	62.04	7.33	0.00	0.00	2000
220	10.88	2018	2105	0.00	198	0	0	0	nan	0.00	0.00	6.05	83.44	89.12	0.00	40	0	43	0.00	0.00	66.25	7.42	0.00	0.00	2000
220	10.75	2029	2123	0.00	196	0	0	0	nan	0.00	0.00	6.31	84.14	89.25	0.00	41	0	43	0.00	0.00	63.84	7.82	0.00	0.00	2000
223	10.89	2046	2103	0.00	196	0	0	2	65.81	0.00	0.38	6.67	82.39	89.11	0.00	40	0	43	0.00	0.00	60.82	7.36	0.00	0.00	2000
223	11.11	2015	2090	1.09	199	0	0	9	60.58	0.00	0.67	5.54	82.45	88.89	0.00	40	0	43	0.00	0.00	66.21	7.67	0.00	0.00	2000
220	10.85	2026	2105	0.00	197	0	0	0	nan	0.05	0.01	6.64	82.92	89.15	0.00	39	0	43	0.00	0.00	63.32	7.45	0.00	0.00	2000
220	10.95	2013	2101	0.00	196	0	0	0	nan	0.00	0.00	6.78	82.56	89.05	0.00	40	0	43	0.00	0.00	63.75	7.76	0.00	0.00	2000
220	10.86	2022	2103	0.00	195	0	0	0	nan	0.00	0.02	7.23	82.10	89.14	0.00	40	0	43	0.00	0.00	61.13	7.28	0.00	0.00	2000
223	10.75	2080	2090	0.00	194	0	0	0	nan	0.00	0.94	8.31	79.72	89.25	0.00	40	0	43	0.00	0.00	64.40	7.41	0.00	0.00	2000
221	10.81	2051	2092	0.00	201	0	0	0	nan	0.00	0.02	7.52	81.46	89.19	0.00	40	0	43	0.00	0.00	63.34	7.58	0.00	0.00	2000
221	10.89	2020	2112	0.00	196	0	0	0	nan	0.00	0.02	7.77	82.06	89.11	0.00	40	0	43	0.00	0.00	66.20	7.78	0.00	0.00	2000
219	10.79	2050	2084	0.00	196	0	0	0	nan	0.00	0.00	5.80	82.87	89.21	0.00	40	0	43	0.00	0.00	61.43	7.16	0.00	0.00	2000
226	11.00	2020	2134	0.00	195	0	0	0	nan	0.00	0.00	6.50	84.06	89.00	0.00	40	0	43	0.00	0.00	66.43	7.65	0.00	0.00	2000
222	11.20	2005	2072	0.00	196	0	0	0	nan	0.00	0.03	7.10	80.72	88.80	0.00	40	0	43	0.00	0.00	61.33	7.20	0.00	0.00	2000
223	10.79	2014	2151	0.00	200	0	0	0	nan	0.00	0.01	7.20	84.43	89.21	0.00	40	0	42	0.00	0.00	64.97	7.66	0.00	0.00	2000
220	10.96	2029	2081	0.00	197	0	0	0	nan	0.00	0.00	7.09	81.30	89.04	0.00	40	0	43	0.00	0.00	63.95	7.38	0.00	0.00	2000
217	11.19	2013	2026	0.00	195	0	0	0	nan	0.00	0.00	6.10	79.80	88.81	0.00	40	0	43	0.00	0.00	61.66	7.26	0.00	0.00	2000
223	10.81	1991	2181	0.00	198	0	0	0	nan	0.00	0.00	7.06	85.75	89.19	0.00	40	0	43	0.00	0.00	64.00	7.37	0.00	0.00	2000
221	11.19	2001	2073	0.00	201	0	0	0	nan	0.00	0.03	8.48	79.36	88.81	0.00	40	0	43	0.00	0.00	63.39	7.53	0.00	0.00	2000
223	10.48	2111	2120	0.00	195	0	0	0	nan	0.00	1.62	4.92	84.06	89.52	0.00	40	0	43	0.00	0.00	64.90	7.60	0.00	0.00	2000
220	10.76	2050	2094	0.00	194	0	0	1	95.53	0.00	1.04	5.34	82.82	89.24	0.00	40	0	42	0.00	0.00	64.02	7.43	0.00	0.00	2000
221	10.74	2055	2106	0.72	199	0	0	5	91.88	0.00	0.43	5.61	83.62	89.26	0.00	40	0	43	0.00	0.00	63.89	7.47	0.00	0.00	2000
219	11.11	1966	2109	0.00	197	0	0	0	nan	0.00	0.08	7.77	81.71	88.89	0.00	40	0	43	0.00	0.00	63.43	7.45	0.00	0.00	2000
219	11.07	2014	2061	0.00	194	0	0	0	nan	0.00	0.00	7.10	80.40	88.93	0.00	40	0	43	0.00	0.00	62.92	7.45	0.00	0.00	2000
222	10.91	1995	2143	0.00	196	0	0	0	nan	0.00	0.03	7.83	83.32	89.09	0.00	40	0	43	0.00	0.00	63.43	7.47	0.00	0.00	2000
218	11.18	1997	2051	0.00	213	0	0	0	nan	0.00	0.02	8.08	78.89	88.82	0.00	40	0	43	0.00	0.00	63.18	7.54	0.00	0.00	2000
218	11.30	2011	2010	0.00	197	0	0	0	nan	0.00	0.02	5.94	79.13	88.70	0.00	40	0	43	0.00	0.00	58.84	6.99	0.00	0.00	2000
225	10.71	1985	2222	0.00	214	0	0	0	nan	0.00	0.02	5.79	88.78	89.29	0.00	40	0	43	0.00	0.00	71.21	9.56	0.00	0.00	2000
225	11.01	2053	2091	0.00	196	0	0	0	nan	0.04	0.24	8.70	79.81	88.99	0.00	40	0	43	0.00	0.00	65.90	8.85	0.00	0.00	2000
221	10.76	2055	2101	0.00	195	0	0	0	nan	0.00	0.02	8.02	81.43	89.24	0.00	40	0	43	0.00	0.00	65.68	8.95	0.00	0.00	2000
221	10.81	2038	2105	0.00	197	0	0	0	nan	0.00	0.00	6.78	82.80	89.19	0.00	40	0	43	0.00	0.00	65.44	8.94	0.00	0.00	2000
222	10.80	2018	2139	0.00	195	0	0	0	nan	0.00	0.00	6.09	85.01	89.20	0.00	40	0	43	0.00	0.00	66.73	8.82	0.00	0.00	2000
220	10.86	2032	2098	0.00	195	0	0	0	nan	0.00	0.00	6.64	82.51	89.14	0.00	40	0	43	0.00	0.00	63.96	7.53	0.00	0.00	2000
222	11.08	2010	2098	0.00	196	0	0	0	nan	0.00	0.28	6.83	81.96	88.92	0.00	40	0	43	0.00	0.00	64.20	7.50	0.00	0.00	2000
221	10.77	2051	2102	0.00	201	0	0	0	nan	0.00	0.79	4.40	84.33	89.23	0.00	40	0	43	0.00	0.00	64.32	7.48	0.00	0.00	2000
220	10.95	2011	2097	0.00	195	0	0	0	nan	0.00	0.01	4.71	84.33	89.05	0.00	40	0	43	0.00	0.00	64.29	7.55	0.00	0.00	2000
220	11.00	1998	2107	0.00	196	0	0	0	nan	0.00	0.01	6.34	83.15	89.00	0.00	40	0	42	0.00	0.00	63.64	7.30	0.00	0.00	2000
217	11.37	2035	1968	0.00	182	0	0	1	53.67	0.00	0.01	6.03	77.19	88.63	0.00	41	0	43	0.00	0.00	57.20	6.92	0.00	0.00	2000
229	10.81	1986	2242	0.78	215	0	0	5	54.59	0.02	1.43	9.20	84.82	89.19	0.00	40	0	42	0.00	0.00	70.26	8.20	0.00	0.00	2000
221	10.98	2018	2098	0.01	202	0	0	0	nan	0.00	0.00	8.05	81.04	89.02	0.00	40	0	42	0.00	0.00	62.92	7.24	0.00	0.00	2000
221	11.00	2008	2102	0.00	199	0	0	0	nan	0.00	0.00	7.25	82.04	89.00	0.00	40	0	43	0.00	0.00	64.69	7.49	0.00	0.00	2000
220	10.95	2015	2099	0.00	195	0	0	0	nan	0.00	0.00	5.96	83.23	89.05	0.00	40	0	43	0.00	0.00	65.58	7.69	0.00	0.00	2000
221	10.89	2026	2101	0.00	197	0	0	0	nan	0.00	0.00	5.80	83.51	89.11	0.00	40	0	43	0.00	0.00	62.80	7.59	0.00	0.00	2000
221	10.85	2036	2098	0.00	179	0	0	0	nan	0.00	0.03	7.79	81.48	89.15	0.00	40	0	43	0.00	0.00	64.57	7.76	0.00	0.00	2000
225	11.00	2040	2103	0.00	195	0	0	0	nan	0.00	0.19	7.97	81.12	89.00	0.00	40	0	43	0.00	0.00	62.87	7.40	0.00	0.00	2000
218	11.05	2065	2007	0.00	197	0	0	0	nan	0.00	0.00	6.36	78.74	88.95	0.00	40	0	42	0.00	0.00	61.75	7.36	0.00	0.00	2000
225	10.44	2053	2202	0.00	196	0	0	0	nan	0.00	0.00	6.69	87.37	89.56	0.00	40	0	42	0.00	0.00	68.75	8.09	0.00	0.00	2000
215	11.65	2073	1872	0.00	212	0	0	0	nan	0.00	0.00	8.07	70.72	88.35	0.00	40	0	42	0.00	0.00	55.65	6.55	0.00	0.00	2000
229	10.11	2017	2358	0.00	215	0	0	0	nan	0.00	0.03	4.05	96.99	89.89	0.00	40	0	42	0.00	0.00	73.74	8.74	0.00	0.00	2000
224	11.13	2016	2099	0.00	197	0	0	0	nan	0.00	0.09	3.51	85.50	88.87	0.00	40	0	42	0.00	0.00	63.29	7.42	0.00	0.00	2000
221	10.90	2024	2098	0.00	197	0	0	0	nan	0.00	0.00	6.70	82.53	89.10	0.00	40	0	42	0.00	0.00	61.91	7.39	0.00	0.00	2000
222	11.18	1981	2103	0.00	182	0	0	0	nan	0.00	0.00	7.98	81.14	88.82	0.00	40	0	42	0.00	0.00	65.57	7.70	0.00	0.00	2000
220	11.11	1989	2095	0.00	196	0	0	0	nan	0.00	0.00	7.69	81.20	88.89	0.00	40	0	43	0.00	0.00	64.16	7.58	0.00	0.00	2000
220	11.03	1992	2104	0.00	195	0	0	0	nan	0.00	0.03	7.22	82.11	88.97	0.00	40	0	42	0.00	0.00	62.57	7.54	0.00	0.00	2000
218	11.17	2059	1985	0.00	197	0	0	0	nan	0.00	0.02	5.42	78.72	88.83	0.00	40	0	43	0.00	0.00	61.40	7.11	0.00	0.00	2000
228	10.67	2017	2222	0.51	199	0	0	4	39.72	0.01	0.00	8.42	86.24	89.33	0.00	40	0	43	0.00	0.00	65.51	7.65	0.00	0.00	2000
220	10.94	2016	2096	0.37	194	0	0	0	nan	0.00	0.01	7.19	81.93	89.06	0.00	40	0	43	0.00	0.00	63.81	7.65	0.00	0.00	2000
222	11.11	1997	2103	0.00	195	0	0	0	nan	0.04	0.01	7.06	82.19	88.89	0.00	40	0	42	0.00	0.00	65.67	7.77	0.00	0.00	2000
222	10.97	2022	2099	0.00	196	0	0	0	nan	0.04	0.00	8.08	81.09	89.03	0.00	40	0	43	0.00	0.00	62.12	7.42	0.00	0.00	2000
220	11.05	1995	2098	0.00	183	0	0	0	nan	0.00	0.02	6.80	82.23	88.95	0.00	40	0	43	0.00	0.00	65.51	7.54	0.00	0.00	2000
231	11.24	2046	2106	0.00	198	0	0	0	nan	0.00	0.03	7.42	81.77	88.76	0.00	40	0	42	0.00	0.00	62.49	7.37	0.00	0.00	2000
221	10.97	2024	2093	0.00	197	0	0	0	nan	0.00	0.02	8.56	80.39	89.03	0.00	40	0	43	0.00	0.00	64.00	7.61	0.00	0.00	2000
221	11.03	2000	2101	0.00	195	0	0	0	nan	0.00	0.00	7.74	81.51	88.97	0.00	40	0	42	0.00	0.00	61.64	7.34	0.00	0.00	2000
221	10.86	2035	2099	0.00	195	0	0	0	nan	0.00	2.72	2.99	83.73	89.14	0.00	40	0	42	0.00	0.00	64.68	7.57	0.00	0.00	2000
221	11.00	2002	2105	0.00	198	0	0	0	nan	0.00	0.07	3.11	86.30	89.00	0.00	40	0	43	0.00	0.00	65.22	7.73	0.00	0.00	2000
220	10.88	2031	2092	0.00	179	0	0	0	nan	0.03	0.01	4.33	84.69	89.12	0.00	40	0	42	0.00	0.00	64.79	7.51	0.00	0.00	2000
224	11.18	1996	2110	0.00	197	0	0	0	nan	0.00	0.04	7.29	82.16	88.82	0.00	40	0	43	0.00	0.00	62.02	7.48	0.00	0.00	2000
221	10.59	2092	2092	0.00	196	0	0	0	nan	0.00	1.11	6.21	81.97	89.41	0.00	40	0	43	0.00	0.00	65.35	7.60	0.00	0.00	2000
221	11.03	1997	2102	0.00	197	0	0	0	nan	0.00	0.02	7.06	82.20	88.97	0.00	40	0	42	0.00	0.00	61.45	7.05	0.00	0.00	2000
220	10.89	2029	2096	0.00	197	0	0	0	nan	0.00	0.02	5.29	83.80	89.11	0.00	40	0	43	0.00	0.00	64.66	7.60	0.00	0.00	2000
217	11.33	2023	1988	0.00	195	0	0	0	nan	0.00	0.02	6.04	78.03	88.67	0.00	40	0	43	0.00	0.00	61.07	7.38	0.00	0.00	2000
228	10.75	2000	2224	0.00	197	0	0	0	nan	0.00	0.00	7.36	87.43	89.25	0.00	40	0	43	0.00	0.00	67.25	8.00	0.00	0.00	2000
221	10.76	2055	2102	0.06	195	0	0	4	57.69	0.04	0.03	8.16	81.29	89.24	0.00	40	0	43	0.00	0.00	65.55	7.66	0.00	0.00	2000
217	11.29	2041	1974	0.77	197	0	0	2	68.75	0.00	0.00	5.40	78.20	88.71	0.00	41	0	42	0.00	0.00	58.82	7.02	0.00	0.00	2000
225	10.37	2037	2235	0.00	197	0	0	0	nan	0.00	0.02	5.78	89.81	89.63	0.00	40	0	43	0.00	0.00	67.74	7.98	0.00	0.00	2000
221	10.95	2026	2097	0.00	196	0	0	0	nan	0.00	0.00	6.31	82.73	89.05	0.00	40	0	42	0.00	0.00	62.49	7.23	0.00	0.00	2000
223	11.04	2017	2099	0.00	196	0	0	0	nan	0.00	0.00	6.52	82.58	88.96	0.00	40	0	42	0.00	0.00	63.73	7.53	0.00	0.00	2000
221	10.82	2044	2101	0.00	202	0	0	0	nan	0.00	0.05	4.87	84.51	89.18	0.00	40	0	42	0.00	0.00	65.67	7.77	0.00	0.00	2000
221	11.00	2007	2100	0.00	179	0	0	0	nan	0.01	0.51	2.66	86.02	89.00	0.00	40	0	43	0.00	0.00	64.73	7.49	0.00	0.00	2000
222	10.94	2027	2100	0.00	215	0	0	0	nan	0.03	0.06	5.67	83.46	89.06	0.00	40	0	43	0.00	0.00	61.74	7.45	0.00	0.00	2000
222	11.00	2019	2097	0.00	198	0	0	0	nan	0.04	0.02	6.60	82.46	89.00	0.00	40	0	43	0.00	0.00	62.68	7.37	0.00	0.00	2000
223	11.20	1989	2100	0.00	194	0	0	0	nan	0.00	0.00	7.03	82.02	88.80	0.00	40	0	42	0.00	0.00	64.22	7.60	0.00	0.00	2000
221	10.90	2027	2102	0.00	199	0	0	0	nan	0.00	0.00	7.06	82.23	89.10	0.00	40	0	42	0.00	0.00	64.96	7.62	0.00	0.00	2000
221	10.77	2048	2102	0.00	194	0	0	0	nan	0.00	0.00	7.17	82.31	89.23	0.00	40	0	43	0.00	0.00	65.61	7.69	0.00	0.00	2000
221	10.88	2030	2099	0.00	196	0	0	0	nan	0.04	0.00	6.65	82.56	89.12	0.00	40	0	43	0.00	0.00	61.62	7.21	0.00	0.00	2000
220	10.81	2039	2098	0.00	195	0	0	0	nan	0.01	0.00	6.20	83.08	89.19	0.00	40	0	43	0.00	0.00	63.62	7.52	0.00	0.00	2000
224	11.18	2012	2088	0.00	196	0	0	0	nan	0.04	0.02	7.10	81.43	88.82	0.00	40	0	42	0.00	0.00	64.10	7.38	0.00	0.00	2000
223	11.03	2009	2112	0.00	200	0	0	0	nan	0.00	0.00	6.68	83.03	88.97	0.00	40	0	42	0.00	0.00	65.80	7.81	0.00	0.00	2000
222	11.06	2012	2099	0.00	181	0	0	0	nan	0.00	0.02	6.75	82.33	88.94	0.00	40	0	43	0.00	0.00	62.26	7.42	0.00	0.00	2000
221	10.89	2024	2104	0.00	198	0	0	2	68.79	0.00	0.00	6.76	82.72	89.11	0.00	40	0	42	0.00	0.00	62.81	7.52	0.00	0.00	2000
221	10.94	2021	2098	0.82	196	0	0	4	61.00	0.00	0.01	5.57	83.65	89.06	0.00	40	0	43	0.00	0.00	64.62	7.62	0.00	0.00	2000
221	10.91	2027	2098	0.00	196	0	0	0	nan	0.00	0.02	5.54	83.57	89.09	0.00	40	0	43	0.00	0.00	64.92	7.60	0.00	0.00	2000
215	11.45	2071	1900	0.00	180	0	0	0	nan	0.00	0.01	4.94	75.39	88.55	0.00	38	0	43	0.00	0.00	51.82	6.17	0.00	0.00	2000
235	10.21	2065	2342	0.00	234	0	0	0	nan	0.00	1.13	5.94	93.29	89.79	0.00	37	0	43	0.00	0.00	76.73	9.10	0.00	0.00	2000
231	11.26	2044	2104	0.00	198	0	0	0	nan	0.00	0.03	5.89	83.12	88.74	0.00	37	0	42	0.00	0.00	65.43	7.39	0.00	0.00	2000
228	11.23	2039	2093	0.00	194	0	0	0	nan	0.00	0.03	6.59	82.10	88.77	0.00	37	0	42	0.00	0.00	61.60	7.64	0.00	0.00	2000
232	11.15	2073	2103	0.00	196	0	0	0	nan	0.00	0.01	5.33	83.69	88.85	0.00	37	0	43	0.00	0.00	65.67	7.76	0.00	0.00	2000
234	11.60	2023	2094	0.00	181	0	0	0	nan	0.02	1.46	8.26	78.69	88.40	0.00	37	0	42	0.00	0.00	61.69	7.37	0.00	0.00	2000
230	11.44	2009	2104	0.00	201	0	0	0	nan	0.00	0.02	7.78	81.13	88.56	0.00	37	0	43	0.00	0.00	65.01	7.73	0.00	0.00	2000
229	11.43	2006	2100	0.00	195	0	0	0	nan	0.00	0.02	7.54	81.26	88.57	0.00	37	0	42	0.00	0.00	61.93	7.35	0.00	0.00	2000
231	11.57	1998	2101	0.00	200	0	0	0	nan	0.00	0.04	7.58	81.01	88.43	0.00	37	0	43	0.00	0.00	64.67	7.66	0.00	0.00	2000
228	11.19	2041	2100	0.00	199	0	0	0	nan	0.00	0.00	7.72	81.24	88.81	0.00	37	0	43	0.00	0.00	65.26	7.77	0.00	0.00	2000
230	11.35	2024	2100	0.00	196	0	0	0	nan	0.00	0.00	5.94	82.95	88.65	0.00	38	0	42	0.00	0.00	62.36	7.40	0.00	0.00	2000
232	11.31	2052	2100	0.00	183	0	0	0	nan	0.00	0.00	6.21	82.59	88.69	0.00	37	0	42	0.00	0.00	66.00	7.66	0.00	0.00	2000
230	11.35	2025	2102	0.00	197	0	0	0	nan	0.00	0.00	8.18	80.80	88.65	0.00	38	0	43	0.00	0.00	62.38	7.58	0.00	0.00	2000
229	11.24	2042	2097	0.00	195	0	0	0	nan	0.00	0.02	6.76	82.04	88.76	0.00	37	0	43	0.00	0.00	64.70	7.62	0.00	0.00	2000
229	11.26	2036	2099	0.00	196	0	0	0	nan	0.00	0.02	6.61	82.25	88.74	0.00	38	0	43	0.00	0.00	63.98	7.68	0.00	0.00	2000
228	11.27	2026	2100	0.76	197	0	0	4	40.75	0.00	2.20	3.04	83.73	88.73	0.00	38	0	43	0.00	0.00	62.44	7.36	0.00	0.00	2000
232	11.23	2066	2099	0.15	196	0	0	0	nan	0.01	0.01	3.14	85.76	88.77	0.00	37	0	42	0.00	0.00	65.00	7.48	0.00	0.00	2000
230	11.37	2016	2105	0.00	183	0	0	0	nan	0.01	0.00	7.45	81.64	88.63	0.00	37	0	43	0.00	0.00	63.51	7.55	0.00	0.00	2000
230	10.99	2103	2093	0.00	194	0	0	0	nan	0.00	1.06	8.37	79.49	89.01	0.00	38	0	43	0.00	0.00	64.49	7.49	0.00	0.00	2000
228	11.42	1999	2102	0.00	197	0	0	0	nan	0.00	0.03	6.87	81.97	88.58	0.00	38	0	43	0.00	0.00	64.34	7.44	0.00	0.00	2000
229	11.32	2028	2098	0.00	196	0	0	0	nan	0.00	0.00	6.10	82.68	88.68	0.00	38	0	43	0.00	0.00	64.01	7.58	0.00	0.00	2000
230	11.08	2070	2101	0.00	198	0	0	0	nan	0.00	0.01	4.89	84.10	88.92	0.00	37	0	42	0.00	0.00	64.99	7.67	0.00	0.00	2000
232	11.51	2014	2101	0.00	198	0	0	0	nan	0.00	0.02	7.60	81.14	88.49	0.00	38	0	42	0.00	0.00	63.90	7.47	0.00	0.00	2000
229	11.36	2014	2103	0.00	204	0	0	0	nan	0.00	0.02	5.45	83.54	88.64	0.00	38	0	43	0.00	0.00	63.10	7.36	0.00	0.00	2000
230	11.34	2030	2102	0.00	181	0	0	0	nan	0.00	0.00	7.68	81.30	88.66	0.00	38	0	43	0.00	0.00	63.23	7.44	0.00	0.00	2000
229	11.24	2034	2099	0.00	195	0	0	0	nan	0.00	0.00	6.04	82.92	88.76	0.00	38	0	43	0.00	0.00	65.24	7.83	0.00	0.00	2000
230	11.38	2024	2099	0.00	197	0	0	0	nan	0.00	0.00	6.42	82.40	88.62	0.00	38	0	43	0.00	0.00	62.57	7.42	0.00	0.00	2000
229	11.40	2006	2103	0.00	178	0	0	0	nan	0.02	0.00	7.16	81.81	88.60	0.00	37	0	43	0.00	0.00	63.22	7.59	0.00	0.00	2000
231	11.17	2075	2097	0.00	196	0	0	0	nan	0.00	0.00	6.32	82.60	88.83	0.00	38	0	42	0.00	0.00	64.97	7.61	0.00	0.00	2000
229	11.19	2048	2097	0.00	205	0	0	0	nan	0.00	1.41	5.03	82.41	88.81	0.00	38	0	43	0.00	0.00	65.36	7.66	0.00	0.00	2000
231	11.32	2048	2096	0.00	197	0	0	0	nan	0.00	0.01	5.91	82.69	88.68	0.00	38	0	42	0.00	0.00	62.07	7.32	0.00	0.00	2000
229	11.21	2037	2102	0.00	180	0	0	0	nan	0.00	0.00	7.48	81.58	88.79	0.00	37	0	43	0.00	0.00	62.89	7.37	0.00	0.00	2000
234	11.81	2007	2076	0.19	212	0	0	5	48.52	0.00	0.00	9.93	77.49	88.19	0.00	38	0	43	0.00	0.00	62.65	7.47	0.00	0.00	2000
229	11.39	1983	2128	0.66	193	0	0	3	74.95	0.00	0.00	8.84	81.13	88.61	0.00	38	0	42	0.00	0.00	66.23	7.87	0.00	0.00	2000
233	11.55	2017	2099	0.00	198	0	0	0	nan	0.02	1.44	8.85	78.39	88.45	0.00	38	0	42	0.00	0.00	62.14	7.59	0.00	0.00	2000
229	11.39	2009	2101	0.00	195	0	0	0	nan	0.00	0.06	9.07	79.79	88.61	0.00	38	0	43	0.00	0.00	67.76	7.76	0.00	0.00	2000
226	11.57	2043	2010	0.00	195	0	0	0	nan	0.04	0.00	7.04	77.83	88.43	0.00	38	0	42	0.00	0.00	57.96	6.94	0.00	0.00	2000
231	10.99	2011	2194	0.00	194	0	0	0	nan	0.00	0.00	6.84	86.38	89.01	0.00	38	0	42	0.00	0.00	68.26	7.99	0.00	0.00	2000
229	11.31	2031	2098	0.00	195	0	0	0	nan	0.00	0.00	6.97	81.75	88.69	0.00	38	0	43	0.00	0.00	64.33	7.67	0.00	0.00	2000
231	11.51	2053	2054	0.00	203	0	0	0	nan	0.00	0.00	6.38	80.33	88.49	0.00	37	0	42	0.00	0.00	63.28	7.64	0.00	0.00	2000
230	11.22	2001	2146	0.00	210	0	0	0	nan	0.00	0.00	8.96	81.95	88.78	0.00	37	0	43	0.00	0.00	66.52	7.92	0.00	0.00	2000
229	11.40	2010	2102	0.00	196	0	0	0	nan	0.00	0.00	7.18	81.73	88.60	0.00	38	0	42	0.00	0.00	62.06	7.43	0.00	0.00	2000
229	11.49	1995	2097	0.00	182	0	0	0	nan	0.00	0.02	5.90	82.70	88.51	0.00	38	0	43	0.00	0.00	64.07	7.51	0.00	0.00	2000
232	11.57	1997	2108	0.00	198	0	0	0	nan	0.06	0.00	7.75	81.22	88.43	0.00	38	0	42	0.00	0.00	66.01	7.75	0.00	0.00	2000
232	11.08	2098	2098	0.00	195	0	0	0	nan	0.00	0.63	3.14	85.31	88.92	0.00	38	0	43	0.00	0.00	62.80	7.40	0.00	0.00	2000
229	11.36	2017	2101	0.00	202	0	0	0	nan	0.00	0.05	4.34	84.54	88.64	0.00	38	0	42	0.00	0.00	65.73	7.81	0.00	0.00	2000
230	11.33	2029	2099	0.00	180	0	0	0	nan	0.00	0.00	7.39	81.42	88.67	0.00	38	0	43	0.00	0.00	62.70	7.26	0.00	0.00	2000
229	11.42	2005	2095	0.00	197	0	0	0	nan	0.00	0.03	9.38	79.18	88.58	0.00	38	0	43	0.00	0.00	64.68	7.80	0.00	0.00	2000
230	11.43	2010	2105	0.00	196	0	0	0	nan	0.00	1.00	7.16	80.86	88.57	0.00	38	0	43	0.00	0.00	64.57	7.45	0.00	0.00	2000
228	11.43	1997	2101	0.00	196	0	0	2	64.71	0.00	0.02	8.22	80.61	88.57	0.00	38	0	43	0.00	0.00	63.07	7.58	0.00	0.00	2000
233	11.35	2056	2101	0.80	197	0	0	5	57.27	0.00	0.01	8.05	80.83	88.65	0.00	38	0	42	0.00	0.00	62.79	7.39	0.00	0.00	2000
228	11.38	2008	2092	0.00	187	0	0	0	nan	0.00	0.00	5.88	82.63	88.62	0.00	38	0	42	0.00	0.00	63.61	7.52	0.00	0.00	2000
234	11.53	2028	2101	0.00	206	0	0	0	nan	0.00	0.02	4.93	83.79	88.47	0.00	38	0	42	0.00	0.00	64.40	7.43	0.00	0.00	2000
230	11.38	2017	2107	0.00	196	0	0	0	nan	0.00	0.00	6.37	82.72	88.62	0.00	38	0	43	0.00	0.00	66.32	7.86	0.00	0.00	2000
229	11.27	2039	2097	0.00	196	0	0	0	nan	0.00	0.02	5.99	82.81	88.73	0.00	37	0	43	0.00	0.00	62.13	7.28	0.00	0.00	2000
230	11.27	2036	2101	0.00	198	0	0	0	nan	0.00	0.01	5.78	83.17	88.73	0.00	38	0	42	0.00	0.00	63.05	7.51	0.00	0.00	2000
233	11.61	2003	2100	0.00	184	0	0	0	nan	0.00	0.00	6.96	81.67	88.39	0.00	38	0	43	0.00	0.00	65.13	7.74	0.00	0.00	2000
227	11.28	2076	2035	0.00	195	0	0	0	nan	0.00	0.00	7.63	78.55	88.72	0.00	38	0	43	0.00	0.00	59.23	6.88	0.00	0.00	2000
231	10.96	2043	2166	0.00	215	0	0	0	nan	0.00	0.03	3.49	88.53	89.04	0.00	38	0	42	0.00	0.00	67.20	7.85	0.00	0.00	2000
229	11.07	2066	2105	0.00	181	0	0	0	nan	0.00	2.19	3.66	83.52	88.93	0.00	38	0	42	0.00	0.00	66.30	7.90	0.00	0.00	2000
230	11.30	2037	2098	0.00	196	0	0	0	nan	0.00	0.00	7.37	81.48	88.70	0.00	37	0	43	0.00	0.00	61.70	7.32	0.00	0.00	2000
230	11.22	2053	2094	0.00	196	0	0	0	nan	0.01	0.00	6.28	82.41	88.78	0.00	38	0	43	0.00	0.00	61.67	7.26	0.00	0.00	2000
229	11.35	2018	2103	0.00	199	0	0	0	nan	0.00	0.00	7.02	81.92	88.65	0.00	38	0	42	0.00	0.00	64.68	7.55	0.00	0.00	2000
228	11.28	2023	2100	0.00	195	0	0	0	nan	0.00	0.02	7.28	81.64	88.72	0.00	37	0	42	0.00	0.00	65.85	7.61	0.00	0.00	2000
230	11.47	2005	2097	0.00	181	0	0	0	nan	0.00	0.00	7.15	81.48	88.53	0.00	38	0	42	0.00	0.00	63.67	7.50	0.00	0.00	2000
229	11.47	1993	2099	0.00	196	0	0	0	nan	0.00	0.02	6.96	81.72	88.53	0.00	38	0	42	0.00	0.00	64.49	7.52	0.00	0.00	2000
233	11.37	2036	2110	0.00	197	0	0	0	nan	0.04	0.00	8.61	80.53	88.63	0.00	38	0	43	0.00	0.00	62.85	7.30	0.00	0.00	2000
230	11.22	2059	2094	0.60	196	0	0	4	38.23	0.00	0.02	7.40	81.30	88.78	0.00	38	0	43	0.00	0.00	62.54	7.30	0.00	0.00	2000
231	11.21	2056	2102	0.33	204	0	0	0	nan	0.00	0.01	6.33	82.64	88.79	0.00	38	0	42	0.00	0.00	65.41	7.73	0.00	0.00	2000
228	11.26	2044	2077	0.00	179	0	0	0	nan	0.00	0.00	7.55	80.46	88.74	0.00	38	0	42	0.00	0.00	63.73	7.52	0.00	0.00	2000
230	11.30	2015	2120	0.00	215	0	0	0	nan	0.00	0.00	7.99	81.80	88.70	0.00	38	0	42	0.00	0.00	64.76	7.36	0.00	0.00	2000
229	11.28	2025	2105	0.00	182	0	0	0	nan	0.00	0.02	6.09	83.05	88.72	0.00	38	0	43	0.00	0.00	65.53	7.58	0.00	0.00	2000
229	11.33	2038	2080	0.00	196	0	0	0	nan	0.00	0.06	7.67	80.31	88.67	0.00	38	0	42	0.00	0.00	61.00	7.17	0.00	0.00	2000
229	11.40	2047	2063	0.00	199	0	0	0	nan	0.00	0.06	2.96	84.20	88.60	0.00	38	0	42	0.00	0.00	58.80	7.31	0.00	0.00	2000
232	11.38	1982	2157	0.00	211	0	0	0	nan	0.02	1.58	5.89	83.75	88.62	0.00	38	0	42	0.00	0.00	71.40	7.84	0.00	0.00	2000
229	11.25	2034	2104	0.00	179	0	0	0	nan	0.00	0.00	9.73	79.40	88.75	0.00	37	0	42	0.00	0.00	62.73	7.25	0.00	0.00	2000
230	11.21	2056	2098	0.00	195	0	0	0	nan	0.02	0.01	7.09	81.78	88.79	0.00	37	0	42	0.00	0.00	61.48	7.23	0.00	0.00	2000
228	11.34	2012	2098	0.00	197	0	0	0	nan	0.00	0.08	6.07	82.68	88.66	0.00	38	0	42	0.00	0.00	64.85	7.63	0.00	0.00	2000
232	11.45	2031	2096	0.00	195	0	0	0	nan	0.00	0.02	8.00	80.60	88.55	0.00	38	0	43	0.00	0.00	63.47	7.62	0.00	0.00	2000
228	11.35	2012	2101	0.00	203	0	0	0	nan	0.00	0.01	5.99	82.91	88.65	0.00	38	0	43	0.00	0.00	64.09	7.62	0.00	0.00	2000
229	11.42	2017	2087	0.00	196	0	0	0	nan	0.00	0.00	7.95	80.24	88.58	0.00	38	0	42	0.00	0.00	64.00	7.56	0.00	0.00	2000
230	11.36	2005	2118	0.00	180	0	0	0	nan	0.00	0.00	7.70	81.85	88.64	0.00	38	0	43	0.00	0.00	64.92	7.56	0.00	0.00	2000
228	11.32	2022	2096	0.00	197	0	0	0	nan	0.00	0.00	6.86	81.84	88.68	0.00	38	0	42	0.00	0.00	61.37	7.27	0.00	0.00	2000
230	11.53	2056	2040	0.00	197	0	0	0	nan	0.04	0.02	7.37	78.75	88.47	0.00	38	0	43	0.00	0.00	59.28	7.13	0.00	0.00	2000
230	11.15	2002	2162	0.21	211	0	0	4	52.27	0.00	0.00	7.29	84.41	88.85	0.00	38	0	43	0.00	0.00	69.36	8.02	0.00	0.00	2000
229	11.13	2051	2101	0.64	180	0	0	2	71.35	0.00	0.02	7.52	81.61	88.87	0.00	38	0	43	0.00	0.00	64.75	7.59	0.00	0.00	2000
233	11.57	2005	2105	0.00	196	0	0	0	nan	0.00	0.02	7.68	81.12	88.43	0.00	38	0	43	0.00	0.00	61.80	7.35	0.00	0.00	2000
228	11.07	2063	2097	0.00	196	0	0	0	nan	0.00	0.06	3.33	85.63	88.93	0.00	38	0	42	0.00	0.00	62.83	7.53	0.00	0.00	2000
230	11.14	2065	2099	0.00	195	0	0	0	nan	0.00	0.04	2.50	86.48	88.86	0.00	38	0	43	0.00	0.00	64.16	7.60	0.00	0.00	2000
232	11.41	2032	2101	0.00	198	0	0	0	nan	0.00	0.01	7.74	81.01	88.59	0.00	38	0	43	0.00	0.00	62.54	7.50	0.00	0.00	2000
231	10.40	2218	2103	0.00	182	0	0	0	nan	0.00	2.03	6.85	80.98	89.60	0.00	38	0	43	0.00	0.00	66.92	7.64	0.00	0.00	2000
230	11.09	2080	2097	0.00	202	0	0	0	nan	0.01	0.03	7.54	81.27	88.91	0.00	38	0	43	0.00	0.00	62.66	7.35	0.00	0.00	2000
231	11.52	2012	2094	0.00	196	0	0	0	nan	0.00	0.00	7.97	80.47	88.48	0.00	38	0	42	0.00	0.00	62.30	7.51	0.00	0.00	2000
229	11.18	2047	2104	0.00	181	0	0	0	nan	0.00	0.00	8.57	80.60	88.82	0.00	38	0	43	0.00	0.00	68.05	7.49	0.00	0.00	2000
229	11.54	2021	2058	0.00	201	0	0	0	nan	0.00	0.01	6.21	80.57	88.46	0.00	38	0	42	0.00	0.00	59.38	6.98	0.00	0.00	2000
231	11.44	1987	2138	0.00	215	0	0	0	nan	0.00	0.00	7.10	83.31	88.56	0.00	38	0	43	0.00	0.00	66.67	8.03	0.00	0.00	2000
230	11.09	2067	2107	0.00	198	0	0	0	nan	0.00	0.00	8.49	80.89	88.91	0.00	38	0	42	0.00	0.00	62.53	7.40	0.00	0.00	2000
229	11.25	2039	2101	0.00	180	0	0	0	nan	0.00	0.00	8.10	80.79	88.75	0.00	38	0	42	0.00	0.00	62.61	7.48	0.00	0.00	2000
233	11.42	2041	2102	0.00	202	0	0	0	nan	0.00	0.00	6.90	81.98	88.58	0.00	38	0	42	0.00	0.00	65.62	7.56	0.00	0.00	2000
228	11.21	2049	2088	0.00	196	0	0	0	nan	0.00	0.00	5.62	82.84	88.79	0.00	38	0	42	0.00	0.00	64.93	7.73	0.00	0.00	2000
231	11.34	2034	2107	0.00	195	0	0	0	nan	0.00	0.00	7.68	81.46	88.66	0.00	38	0	42	0.00	0.00	61.58	7.44	0.00	0.00	2000
228	11.27	2070	2048	0.00	183	0	0	1	69.49	0.00	0.57	4.86	81.39	88.73	0.00	38	0	43	0.00	0.00	60.28	7.11	0.00	0.00	2000
232	10.80	2096	2150	0.85	212	0	0	5	54.34	0.03	1.07	4.24	86.21	89.20	0.00	38	0	42	0.00	0.00	70.33	8.02	0.00	0.00	2000
228	11.24	2031	2100	0.00	179	0	0	0	nan	0.00	0.00	6.89	82.04	88.76	0.00	38	0	43	0.00	0.00	61.36	7.15	0.00	0.00	2000
230	11.43	2010	2100	0.00	197	0	0	0	nan	0.00	0.02	7.13	81.55	88.57	0.00	38	0	42	0.00	0.00	63.56	7.57	0.00	0.00	2000
230	11.43	2006	2107	0.00	195	0	0	0	nan	0.00	0.02	7.22	81.85	88.57	0.00	38	0	43	0.00	0.00	62.88	7.38	0.00	0.00	2000
232	11.40	2042	2095	0.00	198	0	0	0	nan	0.03	1.47	8.24	78.95	88.60	0.00	38	0	42	0.00	0.00	63.87	7.41	0.00	0.00	2000
228	11.32	2015	2098	0.00	197	0	0	0	nan	0.00	0.01	8.41	80.40	88.68	0.00	38	0	42	0.00	0.00	64.24	7.56	0.00	0.00	2000
235	11.63	2019	2103	0.00	201	0	0	0	nan	0.00	0.00	8.91	79.79	88.37	0.00	38	0	43	0.00	0.00	64.72	7.30	0.00	0.00	2000
230	11.42	2014	2100	0.00	181	0	0	0	nan	0.04	0.02	7.63	81.18	88.58	0.00	38	0	43	0.00	0.00	62.11	7.75	0.00	0.00	2000
230	11.35	2025	2097	0.00	198	0	0	0	nan	0.00	0.00	5.82	82.90	88.65	0.00	38	0	42	0.00	0.00	61.51	7.14	0.00	0.00	2000
229	11.66	2035	2029	0.00	196	0	0	0	nan	0.00	0.06	7.06	78.51	88.34	0.00	38	0	43	0.00	0.00	61.38	7.29	0.00	0.00	2000
232	11.11	2011	2177	0.00	217	0	0	0	nan	0.00	0.00	7.73	84.66	88.89	0.00	38	0	43	0.00	0.00	66.93	8.04	0.00	0.00	2000
228	11.26	2026	2098	0.00	180	0	0	0	nan	0.00	0.00	7.58	81.31	88.74	0.00	38	0	43	0.00	0.00	64.38	7.39	0.00	0.00	2000
229	11.37	2016	2098	0.00	196	0	0	0	nan	0.00	0.01	6.98	81.69	88.63	0.00	38	0	43	0.00	0.00	61.11	7.16	0.00	0.00	2000
232	11.33	2040	2108	0.00	198	0	0	0	nan	0.06	0.08	4.18	85.00	88.67	0.00	38	0	43	0.00	0.00	65.34	7.67	0.00	0.00	2000
230	11.15	2063	2095	0.00	195	0	0	0	nan	0.00	2.71	2.90	83.36	88.85	0.00	38	0	42	0.00	0.00	64.16	7.46	0.00	0.00	2000
231	11.31	2042	2099	0.00	200	0	0	0	nan	0.06	0.02	3.52	85.24	88.69	0.00	38	0	43	0.00	0.00	64.28	7.41	0.00	0.00	2000
229	11.31	2029	2098	0.00	195	0	0	0	nan	0.00	0.02	6.41	82.35	88.69	0.00	38	0	43	0.00	0.00	63.83	7.38	0.00	0.00	2000
228	11.38	2010	2098	0.60	197	0	0	4	43.79	0.00	1.98	7.32	79.50	88.62	0.00	38	0	43	0.00	0.00	63.95	7.45	0.00	0.00	2000
229	11.24	2035	2104	0.32	196	0	0	0	nan	0.00	0.03	8.46	80.61	88.76	0.00	38	0	43	0.00	0.00	63.59	7.58	0.00	0.00	2000
228	11.19	2036	2098	0.00	197	0	0	0	nan	0.00	0.00	6.64	82.26	88.81	0.00	38	0	42	0.00	0.00	64.14	7.46	0.00	0.00	2000
232	11.35	2043	2101	0.00	195	0	0	0	nan	0.00	0.00	6.83	82.04	88.65	0.00	38	0	42	0.00	0.00	61.62	7.28	0.00	0.00	2000
229	11.25	2035	2101	0.00	206	0	0	0	nan	0.00	0.00	6.77	82.20	88.75	0.00	38	0	42	0.00	0.00	65.47	7.63	0.00	0.00	2000
229	11.45	2002	2099	0.00	180	0	0	0	nan	0.00	0.01	7.28	81.46	88.55	0.00	38	0	42	0.00	0.00	61.77	7.25	0.00	0.00	2000
228	11.53	2013	2061	0.00	197	0	0	0	nan	0.00	0.00	6.70	80.29	88.47	0.00	38	0	42	0.00	0.00	62.45	7.40	0.00	0.00	2000
231	11.35	1990	2144	0.00	211	0	0	0	nan	0.00	0.04	7.53	83.14	88.65	0.00	38	0	42	0.00	0.00	65.78	7.81	0.00	0.00	2000
233	11.37	2050	2096	0.00	181	0	0	0	nan	0.04	0.00	7.59	81.02	88.63	0.00	38	0	42	0.00	0.00	65.79	7.59	0.00	0.00	2000
232	11.04	2096	2104	0.00	199	0	0	0	nan	0.00	0.00	6.40	82.85	88.96	0.00	38	0	42	0.00	0.00	59.77	7.38	0.00	0.00	2000
229	10.95	2092	2100	0.00	195	0	0	0	nan	0.00	0.01	7.03	82.16	89.05	0.00	38	0	43	0.00	0.00	68.05	7.52	0.00	0.00	2000
230	11.35	2027	2103	0.00	180	0	0	0	nan	0.00	2.24	4.60	82.21	88.65	0.00	38	0	42	0.00	0.00	62.14	7.49	0.00	0.00	2000
225	11.39	2062	2016	0.00	195	0	0	0	nan	0.01	0.02	2.79	82.39	88.61	0.00	38	0	43	0.00	0.00	59.01	6.89	0.00	0.00	2000
233	11.18	2003	2186	0.00	214	0	0	0	nan	0.00	0.03	7.51	85.16	88.82	0.00	38	0	43	0.00	0.00	69.03	8.05	0.00	0.00	2000
232	11.11	2087	2103	0.00	180	0	0	0	nan	0.00	0.48	6.81	81.89	88.89	0.00	38	0	42	0.00	0.00	62.91	7.29	0.00	0.00	2000
230	11.15	2069	2096	0.00	199	0	0	0	nan	0.00	1.24	5.52	82.07	88.85	0.00	38	0	42	0.00	0.00	64.70	7.52	0.00	0.00	2000
228	11.29	2022	2098	0.00	196	0	0	0	nan	0.00	0.01	8.21	80.63	88.71	0.00	38	0	43	0.00	0.00	64.49	7.57	0.00	0.00	2000
234	11.64	2010	2102	0.13	199	0	0	4	59.49	0.00	0.00	7.65	80.98	88.36	0.00	38	0	42	0.00	0.00	65.17	7.68	0.00	0.00	2000
229	11.29	2030	2099	0.76	181	0	0	3	68.54	0.00	0.00	7.82	81.08	88.71	0.00	38	0	42	0.00	0.00	62.79	7.32	0.00	0.00	2000
229	11.31	2024	2099	0.00	199	0	0	0	nan	0.00	0.00	7.35	81.49	88.69	0.00	38	0	42	0.00	0.00	64.83	7.49	0.00	0.00	2000
232	11.43	2030	2103	0.00	198	0	0	0	nan	0.00	0.79	8.31	79.81	88.57	0.00	38	0	43	0.00	0.00	62.44	7.42	0.00	0.00	2000
227	11.56	2045	2018	0.00	195	0	0	0	nan	0.04	0.00	8.73	76.47	88.44	0.00	38	0	43	0.00	0.00	61.41	7.11	0.00	0.00	2000
231	10.86	2050	2184	0.00	196	0	0	0	nan	0.00	0.00	6.17	86.64	89.14	0.00	38	0	42	0.00	0.00	66.96	8.38	0.00	0.00	2000
229	11.34	2018	2102	0.00	196	0	0	0	nan	0.00	0.03	5.33	83.51	88.66	0.00	38	0	42	0.00	0.00	65.49	7.41	0.00	0.00	2000
228	11.45	1990	2104	0.00	195	0	0	0	nan	0.00	0.00	5.55	83.38	88.55	0.00	38	0	42	0.00	0.00	65.57	7.52	0.00	0.00	2000
233	11.32	2058	2097	0.00	198	0	0	0	nan	0.00	0.00	7.49	81.27	88.68	0.00	38	0	42	0.00	0.00	62.43	7.20	0.00	0.00	2000
229	11.29	2033	2098	0.00	201	0	0	0	nan	0.00	0.05	3.89	84.98	88.71	0.00	38	0	42	0.00	0.00	62.04	7.40	0.00	0.00	2000
229	11.37	2011	2100	0.00	197	0	0	0	nan	0.01	0.01	5.05	83.80	88.63	0.00	38	0	43	0.00	0.00	64.62	7.64	0.00	0.00	2000
229	11.33	2015	2103	0.00	196	0	0	0	nan	0.00	0.00	6.17	82.85	88.67	0.00	38	0	42	0.00	0.00	65.48	7.56	0.00	0.00	2000
229	11.35	2013	2104	0.00	180	0	0	0	nan	0.00	0.00	6.95	82.05	88.65	0.00	38	0	42	0.00	0.00	65.42	7.50	0.00	0.00	2000
229	11.29	2035	2094	0.00	197	0	0	0	nan	0.00	0.00	6.35	82.34	88.71	0.00	38	0	43	0.00	0.00	62.78	7.31	0.00	0.00	2000
233	11.52	2020	2101	0.00	197	0	0	0	nan	0.04	0.02	7.77	81.00	88.48	0.00	38	0	42	0.00	0.00	62.89	7.53	0.00	0.00	2000
229	11.13	2060	2100	0.00	195	0	0	0	nan	0.00	0.00	7.76	81.28	88.87	0.00	38	0	42	0.00	0.00	65.38	7.77	0.00	0.00	2000
229	11.44	2006	2095	0.00	182	0	0	0	nan	0.00	0.00	6.35	82.25	88.56	0.00	38	0	42	0.00	0.00	63.75	7.52	0.00	0.00	2000
228	11.53	2012	2064	0.00	198	0	0	1	71.34	0.00	0.00	8.07	79.04	88.47	0.00	38	0	42	0.00	0.00	62.80	7.27	0.00	0.00	2000
230	11.37	1981	2142	0.87	215	0	0	5	58.31	0.00	0.00	7.49	83.11	88.63	0.00	38	0	42	0.00	0.00	65.31	7.73	0.00	0.00	2000
231	11.47	2012	2099	0.00	182	0	0	0	nan	0.00	0.00	6.73	82.01	88.53	0.00	38	0	43	0.00	0.00	64.44	7.61	0.00	0.00	2000
231	11.37	2033	2102	0.00	199	0	0	0	nan	0.00	0.04	7.97	80.92	88.63	0.00	38	0	42	0.00	0.00	62.00	7.23	0.00	0.00	2000
228	11.01	2077	2096	0.00	196	0	0	0	nan	0.00	0.01	7.42	81.45	88.99	0.00	38	0	43	0.00	0.00	62.19	7.33	0.00	0.00	2000
229	11.17	2047	2103	0.00	197	0	0	0	nan	0.00	0.00	6.30	82.88	88.83	0.00	38	0	43	0.00	0.00	65.09	7.70	0.00	0.00	2000
228	11.08	2083	2076	0.00	178	0	0	0	nan	0.00	0.08	3.26	84.72	88.92	0.00	38	0	42	0.00	0.00	63.93	7.51	0.00	0.00	2000
229	11.38	1988	2124	0.00	213	0	0	0	nan	0.01	0.02	4.32	85.52	88.62	0.00	38	0	42	0.00	0.00	65.49	7.81	0.00	0.00	2000
232	11.41	2032	2102	0.00	180	0	0	0	nan	0.00	0.04	6.79	82.10	88.59	0.00	38	0	43	0.00	0.00	62.37	7.37	0.00	0.00	2000
228	11.51	2051	2031	0.00	199	0	0	0	nan	0.00	0.00	6.15	79.65	88.49	0.00	38	0	42	0.00	0.00	58.38	7.08	0.00	0.00	2000
229	11.20	1983	2168	0.00	196	0	0	0	nan	0.00	0.03	7.35	84.48	88.80	0.00	38	0	42	0.00	0.00	69.81	8.40	0.00	0.00	2000
229	11.52	1986	2099	0.00	195	0	0	0	nan	0.00	0.02	7.13	81.54	88.48	0.00	38	0	42	0.00	0.00	63.86	7.70	0.00	0.00	2000
229	11.33	2025	2098	0.00	196	0	0	0	nan	0.04	0.00	7.70	81.07	88.67	0.00	38	0	42	0.00	0.00	64.43	7.63	0.00	0.00	2000
233	11.69	1985	2109	0.00	196	0	0	0	nan	0.00	0.26	7.41	81.25	88.31	0.00	38	0	42	0.00	0.00	61.98	7.32	0.00	0.00	2000
229	11.14	2057	2098	0.00	200	0	0	0	nan	0.00	0.02	5.88	82.99	88.86	0.00	38	0	43	0.00	0.00	63.42	7.36	0.00	0.00	2000
230	11.17	2060	2097	0.00	194	0	0	0	nan	0.00	0.02	6.20	82.67	88.83	0.00	38	0	43	0.00	0.00	64.29	7.60	0.00	0.00	2000
228	11.21	2034	2102	0.00	195	0	0	0	nan	0.00	0.02	6.15	82.85	88.79	0.00	38	0	42	0.00	0.00	66.35	8.02	0.00	0.00	2000
230	11.57	2015	2069	0.00	181	0	0	0	nan	0.00	0.02	7.02	80.34	88.43	0.00	38	0	42	0.00	0.00	62.19	7.43	0.00	0.00	2000
229	11.14	2023	2131	0.55	199	0	0	6	44.31	0.00	0.00	6.58	83.69	88.86	0.00	38	0	42	0.00	0.00	63.09	7.65	0.00	0.00	2000
235	11.54	2031	2104	0.40	195	0	0	0	nan	0.00	0.00	6.96	81.87	88.46	0.00	38	0	42	0.00	0.00	65.56	7.77	0.00	0.00	2000
231	11.30	2046	2098	0.00	208	0	0	0	nan	0.00	1.31	3.38	84.19	88.70	0.00	38	0	42	0.00	0.00	63.65	7.42	0.00	0.00	2000
231	11.09	2081	2099	0.00	198	0	0	0	nan	0.00	0.06	3.32	85.68	88.91	0.00	38	0	42	0.00	0.00	62.96	7.37	0.00	0.00	2000
228	11.35	2073	2038	0.00	181	0	0	0	nan	0.00	0.02	6.28	79.93	88.65	0.00	38	0	42	0.00	0.00	62.57	7.23	0.00	0.00	2000
231	10.86	2066	2162	0.00	213	0	0	0	nan	0.00	0.48	5.71	85.74	89.14	0.00	38	0	42	0.00	0.00	68.01	8.06	0.00	0.00	2000
229	11.49	1997	2100	0.00	182	0	0	0	nan	0.04	0.01	8.65	80.06	88.51	0.00	38	0	42	0.00	0.00	62.20	7.37	0.00	0.00	2000
234	11.70	1993	2104	0.00	199	0	0	0	nan	0.02	1.45	8.25	79.02	88.30	0.00	38	0	42	0.00	0.00	64.65	7.73	0.00	0.00	2000
229	11.47	1997	2096	0.00	197	0	0	0	nan	0.00	0.00	8.25	80.33	88.53	0.00	38	0	42	0.00	0.00	61.95	7.25	0.00	0.00	2000
231	11.52	1999	2101	0.00	196	0	0	0	nan	0.00	0.05	6.84	81.90	88.48	0.00	38	0	42	0.00	0.00	64.55	7.65	0.00	0.00	2000
228	11.33	2013	2101	0.00	197	0	0	0	nan	0.00	0.00	5.47	83.47	88.67	0.00	38	0	42	0.00	0.00	66.08	7.79	0.00	0.00	2000
231	11.32	2036	2101	0.00	200	0	0	0	nan	0.00	0.02	5.57	83.37	88.68	0.00	38	0	42	0.00	0.00	62.67	7.52	0.00	0.00	2000
231	11.66	2033	2050	0.00	181	0	0	0	nan	0.06	0.00	7.13	79.32	88.34	0.00	38	0	43	0.00	0.00	62.15	6.96	0.00	0.00	2000
230	11.24	1996	2153	0.00	213	0	0	0	nan	0.00	0.05	8.51	82.65	88.76	0.00	38	0	42	0.00	0.00	65.37	8.09	0.00	0.00	2000
230	11.24	2043	2101	0.00	180	0	0	0	nan	0.00	0.01	7.42	81.51	88.76	0.00	38	0	43	0.00	0.00	62.84	7.40	0.00	0.00	2000
230	11.30	2042	2092	0.00	195	0	0	0	nan	0.00	0.02	7.55	80.93	88.70	0.00	38	0	42	0.00	0.00	63.69	7.51	0.00	0.00	2000
229	11.43	2002	2105	0.00	198	0	0	0	nan	0.00	0.00	6.93	82.07	88.57	0.00	38	0	43	0.00	0.00	65.04	7.62	0.00	0.00	2000
230	11.18	2055	2098	0.03	194	0	0	4	54.14	0.00	0.61	3.96	84.44	88.82	0.00	38	0	43	0.00	0.00	64.10	7.41	0.00	0.00	2000
231	11.35	2034	2101	0.82	197	0	0	4	62.08	0.01	0.03	3.56	85.29	88.65	0.00	38	0	42	0.00	0.00	64.32	7.63	0.00	0.00	2000
230	11.29	2037	2104	0.00	197	0	0	0	nan	0.00	0.02	7.25	81.76	88.71	0.00	38	0	42	0.00	0.00	62.82	7.92	0.00	0.00	2000
229	11.39	2035	2074	0.00	182	0	0	0	nan	0.00	0.01	7.34	80.37	88.61	0.00	38	0	43	0.00	0.00	63.53	7.23	0.00	0.00	2000
230	11.09	2050	2125	0.00	211	0	0	0	nan	0.02	1.49	8.90	79.73	88.91	0.00	38	0	43	0.00	0.00	65.41	7.79	0.00	0.00	2000
229	10.97	2088	2102	0.00	182	0	0	0	nan	0.00	0.00	6.66	82.59	89.03	0.00	38	0	43	0.00	0.00	63.68	7.54	0.00	0.00	2000
234	11.51	2036	2096	0.00	199	0	0	0	nan	0.04	0.03	8.25	80.24	88.49	0.00	38	0	43	0.00	0.00	64.12	7.70	0.00	0.00	2000
231	11.33	2033	2103	0.00	203	0	0	0	nan	0.00	0.00	7.47	81.44	88.67	0.00	38	0	43	0.00	0.00	65.81	7.84	0.00	0.00	2000
230	11.19	2065	2087	0.00	198	0	0	0	nan	0.00	0.01	7.33	81.06	88.81	0.00	38	0	42	0.00	0.00	61.07	7.29	0.00	0.00	2000
230	11.28	2027	2110	0.00	181	0	0	0	nan	0.00	0.00	7.94	81.38	88.72	0.00	38	0	43	0.00	0.00	65.53	7.82	0.00	0.00	2000
229	11.49	2030	2058	0.00	196	0	0	0	nan	0.00	0.00	7.85	78.97	88.51	0.00	38	0	42	0.00	0.00	59.69	7.05	0.00	0.00	2000
229	11.22	2003	2142	0.00	198	0	0	0	nan	0.00	0.00	8.06	82.61	88.78	0.00	38	0	43	0.00	0.00	67.30	7.97	0.00	0.00	2000
233	11.49	2024	2103	0.00	197	0	0	0	nan	0.00	0.13	8.22	80.53	88.51	0.00	38	0	42	0.00	0.00	64.92	7.85	0.00	0.00	2000
228	11.35	2010	2103	0.00	194	0	0	0	nan	0.00	0.00	7.99	80.95	88.65	0.00	38	0	42	0.00	0.00	62.46	7.57	0.00	0.00	2000
230	11.12	2069	2097	0.00	196	0	0	0	nan	0.00	0.09	5.01	83.81	88.88	0.00	38	0	42	0.00	0.00	64.52	7.67	0.00	0.00	2000
229	10.99	2084	2102	0.00	197	0	0	0	nan	0.00	0.55	3.30	85.47	89.01	0.00	38	0	42	0.00	0.00	63.38	7.57	0.00	0.00	2000
230	11.36	2057	2071	0.00	198	0	0	0	nan	0.00	0.00	6.67	80.88	88.64	0.00	38	0	42	0.00	0.00	64.33	7.74	0.00	0.00	2000
234	11.50	2007	2130	0.00	195	0	0	0	nan	0.00	0.00	12.32	77.62	88.50	0.00	38	0	42	0.00	0.00	66.01	7.88	0.00	0.00	2000
235	11.16	2104	2102	0.81	200	0	0	6	47.20	0.04	0.96	8.92	79.30	88.84	0.00	38	0	42	0.00	0.00	63.52	7.41	0.00	0.00	2000
229	11.20	2048	2097	0.08	197	0	0	0	nan	0.00	0.61	8.88	79.49	88.80	0.00	38	0	43	0.00	0.00	63.16	7.36	0.00	0.00	2000
230	11.25	2044	2098	0.00	196	0	0	0	nan	0.00	0.00	7.61	81.28	88.75	0.00	38	0	42	0.00	0.00	64.61	7.70	0.00	0.00	2000
229	11.28	2067	2060	0.00	180	0	0	0	nan	0.00	0.00	8.03	79.23	88.72	0.00	38	0	42	0.00	0.00	61.08	7.20	0.00	0.00	2000
230	11.18	2020	2141	0.00	215	0	0	0	nan	0.00	0.00	8.06	82.66	88.82	0.00	38	0	42	0.00	0.00	66.99	7.92	0.00	0.00	2000
232	11.30	2052	2103	0.00	178	0	0	0	nan	0.00	0.00	7.90	81.04	88.70	0.00	38	0	42	0.00	0.00	63.44	7.30	0.00	0.00	2000
232	11.27	2055	2102	0.00	202	0	0	0	nan	0.00	0.00	7.21	81.73	88.73	0.00	38	0	42	0.00	0.00	65.50	7.73	0.00	0.00	2000
229	11.04	2080	2094	0.00	195	0	0	0	nan	0.00	0.00	6.82	81.98	88.96	0.00	38	0	42	0.00	0.00	62.32	7.37	0.00	0.00	2000
231	11.38	2026	2101	0.00	196	0	0	0	nan	0.00	0.01	6.05	82.84	88.62	0.00	38	0	42	0.00	0.00	64.34	7.58	0.00	0.00	2000
230	11.11	2104	2069	0.00	201	0	0	0	nan	0.00	0.03	5.53	82.20	88.89	0.00	38	0	42	0.00	0.00	61.64	7.39	0.00	0.00	2000
231	11.07	2054	2130	0.00	196	0	0	0	nan	0.00	0.00	9.39	80.99	88.93	0.00	38	0	43	0.00	0.00	67.61	7.91	0.00	0.00	2000
232	11.44	2026	2101	0.00	181	0	0	0	nan	0.03	0.03	3.92	84.89	88.56	0.00	38	0	42	0.00	0.00	63.30	7.30	0.00	0.00	2000
231	11.38	2030	2103	0.00	203	0	0	0	nan	0.00	0.02	5.23	83.76	88.62	0.00	38	0	42	0.00	0.00	64.91	7.78	0.00	0.00	2000
228	11.27	2025	2098	0.00	197	0	0	0	nan	0.00	0.03	7.76	81.10	88.73	0.00	38	0	42	0.00	0.00	63.39	7.53	0.00	0.00	2000
230	11.10	2075	2101	0.00	199	0	0	0	nan	0.00	0.44	5.76	82.96	88.90	0.00	38	0	42	0.00	0.00	65.99	7.69	0.00	0.00	2000
234	11.61	2055	2057	0.00	181	0	0	0	nan	0.00	0.01	8.12	78.65	88.39	0.00	38	0	42	0.00	0.00	60.44	7.06	0.00	0.00	2000
230	11.35	1988	2144	0.00	213	0	0	0	nan	0.00	0.00	8.64	82.12	88.65	0.00	38	0	42	0.00	0.00	65.00	7.56	0.00	0.00	2000
231	11.52	2011	2092	0.36	184	0	0	6	51.40	0.00	0.02	8.06	80.33	88.48	0.00	38	0	42	0.00	0.00	64.57	7.65	0.00	0.00	2000
231	11.36	2025	2111	0.58	196	0	0	3	70.05	0.00	0.04	8.51	80.76	88.64	0.00	38	0	43	0.00	0.00	65.53	7.75	0.00	0.00	2000
228	11.32	2022	2096	0.00	200	0	0	0	nan	0.00	0.06	8.16	80.56	88.68	0.00	38	0	42	0.00	0.00	62.65	7.41	0.00	0.00	2000
230	11.29	2039	2097	0.00	195	0	0	0	nan	0.00	0.00	5.94	82.87	88.71	0.00	38	0	42	0.00	0.00	64.09	7.58	0.00	0.00	2000
228	11.30	2017	2103	0.00	195	0	0	0	nan	0.00	0.00	6.71	82.27	88.70	0.00	38	0	43	0.00	0.00	63.08	7.38	0.00	0.00	2000
232	11.68	2009	2073	0.00	183	0	0	0	nan	0.00	0.03	5.16	82.25	88.32	0.00	38	0	42	0.00	0.00	62.98	7.43	0.00	0.00	2000
229	10.95	2060	2129	0.00	198	0	0	0	nan	0.00	0.00	7.80	82.50	89.05	0.00	38	0	43	0.00	0.00	65.73	7.75	0.00	0.00	2000
230	11.39	2019	2103	0.00	195	0	0	0	nan	0.00	0.00	8.87	80.09	88.61	0.00	38	0	42	0.00	0.00	65.80	7.60	0.00	0.00	2000
228	11.21	2040	2094	0.00	195	0	0	0	nan	0.00	2.20	3.24	83.43	88.79	0.00	38	0	42	0.00	0.00	62.38	7.14	0.00	0.00	2000
226	11.59	2037	2012	0.00	195	0	0	0	nan	0.02	0.03	2.59	82.33	88.41	0.00	38	0	43	0.00	0.00	60.16	7.08	0.00	0.00	2000
233	11.12	2015	2182	0.00	197	0	0	0	nan	0.00	0.00	6.50	86.09	88.88	0.00	38	0	42	0.00	0.00	67.73	7.84	0.00	0.00	2000
232	11.53	2005	2110	0.00	196	0	0	0	nan	0.00	0.03	6.86	82.18	88.47	0.00	38	0	43	0.00	0.00	64.70	7.60	0.00	0.00	2000
230	11.42	2010	2107	0.00	196	0	0	0	nan	0.00	0.42	6.93	81.78	88.58	0.00	38	0	43	0.00	0.00	65.59	7.65	0.00	0.00	2000
229	11.32	2032	2096	0.00	198	0	0	0	nan	0.00	0.00	7.78	80.94	88.68	0.00	38	0	43	0.00	0.00	64.61	7.59	0.00	0.00	2000
229	11.31	2019	2103	0.00	196	0	0	0	nan	0.00	0.00	6.90	82.14	88.69	0.00	38	0	43	0.00	0.00	62.39	7.45	0.00	0.00	2000
229	11.29	2034	2095	0.00	196	0	0	0	nan	0.00	0.00	6.24	82.47	88.71	0.00	38	0	42	0.00	0.00	61.80	7.04	0.00	0.00	2000
231	11.46	2013	2104	0.00	195	0	0	0	nan	0.00	0.01	7.54	81.36	88.54	0.00	38	0	43	0.00	0.00	65.51	7.64	0.00	0.00	2000
229	11.39	2016	2097	0.00	182	0	0	3	58.75	0.00	0.03	6.86	81.78	88.61	0.00	38	0	43	0.00	0.00	64.13	7.59	0.00	0.00	2000
228	11.44	1990	2101	0.82	198	0	0	5	56.24	0.00	0.02	7.84	80.96	88.56	0.00	38	0	43	0.00	0.00	64.87	7.48	0.00	0.00	2000
229	11.47	1998	2098	0.00	197	0	0	0	nan	0.00	0.01	6.95	81.73	88.54	0.00	38	0	42	0.00	0.00	63.54	7.46	0.00	0.00	2000
228	11.48	1981	2104	0.00	194	0	0	0	nan	0.00	0.04	5.54	83.38	88.52	0.00	38	0	43	0.00	0.00	61.70	7.38	0.00	0.00	2000
230	11.22	2044	2101	0.00	198	0	0	0	nan	0.00	0.00	6.26	82.79	88.78	0.00	38	0	43	0.00	0.00	65.40	7.62	0.00	0.00	2000
232	11.23	2072	2092	0.00	197	0	0	0	nan	0.00	0.77	5.59	82.34	88.77	0.00	38	0	42	0.00	0.00	62.67	7.27	0.00	0.00	2000
229	11.42	2001	2106	0.00	196	0	0	0	nan	0.00	0.38	4.25	84.46	88.58	0.00	38	0	42	0.00	0.00	64.18	7.73	0.00	0.00	2000
228	11.57	2005	2064	0.00	180	0	0	0	nan	0.00	0.02	6.62	80.52	88.43	0.00	38	0	42	0.00	0.00	62.90	7.45	0.00	0.00	2000
230	11.30	2002	2134	0.00	211	0	0	0	nan	0.00	0.00	7.93	82.39	88.70	0.00	38	0	42	0.00	0.00	64.28	7.58	0.00	0.00	2000
229	11.27	2029	2107	0.00	179	0	0	0	nan	0.00	0.02	7.33	81.86	88.73	0.00	38	0	42	0.00	0.00	62.73	7.47	0.00	0.00	2000
233	11.45	2041	2095	0.00	196	0	0	0	nan	0.00	0.03	7.31	81.17	88.55	0.00	38	0	42	0.00	0.00	64.19	7.65	0.00	0.00	2000
230	11.46	2002	2104	0.00	197	0	0	0	nan	0.00	0.01	7.31	81.63	88.54	0.00	38	0	42	0.00	0.00	63.43	7.45	0.00	0.00	2000
230	11.18	2057	2100	0.00	195	0	0	0	nan	0.00	0.00	7.03	81.94	88.82	0.00	38	0	42	0.00	0.00	65.22	7.69	0.00	0.00	2000
222	11.69	2103	1897	0.00	181	0	0	0	nan	0.00	0.01	4.61	75.25	88.31	0.00	38	0	42	0.00	0.00	51.92	6.21	0.00	0.00	2000
236	10.89	1943	2340	0.00	245	0	0	0	nan	0.00	0.00	8.47	91.08	89.11	0.00	38	0	43	0.00	0.00	78.61	9.50	0.00	0.00	2000
231	11.42	2023	2102	0.00	181	0	0	0	nan	0.01	0.00	6.52	82.33	88.58	0.00	38	0	43	0.00	0.00	63.16	7.47	0.00	0.00	2000
230	11.36	2027	2094	0.00	197	0	0	0	nan	0.00	0.00	8.07	80.47	88.64	0.00	38	0	42	0.00	0.00	64.39	7.53	0.00	0.00	2000
229	11.44	1999	2103	0.00	196	0	0	1	76.55	0.00	0.03	6.82	82.10	88.56	0.00	38	0	42	0.00	0.00	62.43	7.29	0.00	0.00	2000
230	11.20	2055	2098	0.87	196	0	0	7	53.97	0.00	0.02	5.45	83.46	88.80	0.00	38	0	42	0.00	0.00	64.01	7.69	0.00	0.00	2000
229	11.31	2028	2101	0.00	197	0	0	0	nan	0.00	0.00	6.57	82.40	88.69	0.00	38	0	42	0.00	0.00	64.69	7.75	0.00	0.00	2000
232	11.25	2059	2100	0.00	196	0	0	0	nan	0.00	0.05	3.24	85.64	88.75	0.00	38	0	42	0.00	0.00	64.37	7.46	0.00	0.00	2000
230	11.36	2023	2105	0.00	203	0	0	0	nan	0.00	0.03	5.83	83.16	88.64	0.00	38	0	42	0.00	0.00	66.76	7.53	0.00	0.00	2000
230	11.38	2021	2096	0.00	183	0	0	0	nan	0.00	0.45	8.27	79.89	88.62	0.00	38	0	42	0.00	0.00	61.80	7.67	0.00	0.00	2000
229	11.39	2007	2104	0.00	196	0	0	0	nan	0.00	0.00	7.73	81.23	88.61	0.00	38	0	42	0.00	0.00	65.09	7.78	0.00	0.00	2000
231	11.34	2038	2096	0.00	194	0	0	0	nan	0.00	0.03	5.72	82.93	88.66	0.00	38	0	43	0.00	0.00	61.69	7.48	0.00	0.00	2000
228	11.33	2017	2096	0.00	198	0	0	0	nan	0.00	0.00	5.38	83.36	88.67	0.00	38	0	43	0.00	0.00	64.41	7.69	0.00	0.00	2000
232	11.55	2007	2103	0.00	198	0	0	0	nan	0.00	0.01	7.10	81.70	88.45	0.00	38	0	42	0.00	0.00	65.58	7.97	0.00	0.00	2000
232	10.88	2129	2102	0.00	181	0	0	0	nan	0.00	0.02	7.08	82.28	89.12	0.00	38	0	43	0.00	0.00	63.86	7.60	0.00	0.00	2000
230	11.18	2056	2104	0.00	197	0	0	0	nan	0.00	0.00	7.43	81.74	88.82	0.00	38	0	43	0.00	0.00	63.05	7.45	0.00	0.00	2000
228	11.26	2033	2095	0.00	197	0	0	0	nan	0.00	0.02	5.53	83.23	88.74	0.00	38	0	43	0.00	0.00	64.84	7.67	0.00	0.00	2000
230	11.28	2037	2100	0.00	198	0	0	0	nan	0.00	0.02	5.09	83.79	88.72	0.00	38	0	42	0.00	0.00	64.80	7.57	0.00	0.00	2000
230	11.09	2072	2099	0.00	197	0	0	0	nan	0.00	0.01	6.43	82.57	88.91	0.00	38	0	43	0.00	0.00	62.72	7.44	0.00	0.00	2000
235	11.71	1998	2105	0.00	180	0	0	0	nan	0.04	0.03	7.78	80.98	88.29	0.00	38	0	42	0.00	0.00	65.63	7.74	0.00	0.00	2000
229	11.31	2025	2098	0.00	194	0	0	0	nan	0.00	0.00	8.37	80.45	88.69	0.00	38	0	42	0.00	0.00	63.21	7.50	0.00	0.00	2000
230	11.11	2074	2095	0.00	197	0	0	0	nan	0.00	0.07	2.66	86.19	88.89	0.00	38	0	42	0.00	0.00	64.12	7.59	0.00	0.00	2000
229	11.20	2041	2102	0.38	196	0	0	6	51.67	0.00	0.07	2.96	86.03	88.80	0.00	38	0	43	0.00	0.00	66.22	7.77	0.00	0.00	2000
230	11.20	2056	2097	0.58	180	0	0	2	75.98	0.00	0.00	6.43	82.37	88.80	0.00	38	0	42	0.00	0.00	61.87	7.30	0.00	0.00	2000
228	11.39	2014	2087	0.00	197	0	0	0	nan	0.00	0.00	8.06	80.17	88.61	0.00	38	0	43	0.00	0.00	64.07	7.53	0.00	0.00	2000
232	11.56	1995	2111	0.00	199	0	0	0	nan	0.00	0.99	7.32	80.83	88.44	0.00	38	0	43	0.00	0.00	64.20	7.64	0.00	0.00	2000
228	11.31	2015	2101	0.00	197	0	0	0	nan	0.00	0.01	8.39	80.46	88.69	0.00	38	0	42	0.00	0.00	64.69	7.72	0.00	0.00	2000
232	11.33	2043	2108	0.00	197	0	0	0	nan	0.00	0.00	8.65	80.47	88.67	0.00	38	0	42	0.00	0.00	63.21	7.45	0.00	0.00	2000
229	11.06	2073	2097	0.00	195	0	0	0	nan	0.00	0.03	6.31	82.59	88.94	0.00	38	0	42	0.00	0.00	64.60	7.64	0.00	0.00	2000
230	11.36	2024	2099	0.00	195	0	0	0	nan	0.00	0.00	5.09	83.67	88.64	0.00	38	0	42	0.00	0.00	64.74	7.63	0.00	0.00	2000
231	11.37	2030	2100	0.00	198	0	0	0	nan	0.00	0.00	5.24	83.52	88.63	0.00	38	0	43	0.00	0.00	62.40	7.24	0.00	0.00	2000
232	11.20	2074	2099	0.00	185	0	0	0	nan	0.00	0.00	6.50	82.37	88.80	0.00	38	0	42	0.00	0.00	64.64	7.61	0.00	0.00	2000
229	11.33	2021	2104	0.00	196	0	0	0	nan	0.00	0.00	7.15	81.80	88.67	0.00	38	0	43	0.00	0.00	63.35	7.21	0.00	0.00	2000
228	11.39	2059	2039	0.00	195	0	0	0	nan	0.00	0.00	6.52	79.69	88.61	0.00	38	0	42	0.00	0.00	61.60	7.31	0.00	0.00	2000
230	11.13	2005	2161	0.00	198	0	0	0	nan	0.00	0.00	7.26	84.29	88.87	0.00	38	0	42	0.00	0.00	68.54	8.11	0.00	0.00	2000
232	11.28	2065	2095	0.00	197	0	0	0	nan	0.00	0.02	8.12	80.54	88.72	0.00	38	0	43	0.00	0.00	60.96	7.26	0.00	0.00	2000
229	11.13	2050	2110	0.00	200	0	0	0	nan	0.03	0.05	2.37	87.02	88.87	0.00	38	0	42	0.00	0.00	66.53	7.70	0.00	0.00	2000
231	11.34	2034	2099	0.00	196	0	0	0	nan	0.00	0.02	5.88	82.90	88.66	0.00	38	0	42	0.00	0.00	64.64	7.63	0.00	0.00	2000
229	11.22	2040	2097	0.00	197	0	0	0	nan	0.01	0.00	6.95	81.86	88.78	0.00	38	0	42	0.00	0.00	65.12	7.39	0.00	0.00	2000
231	11.38	2032	2101	0.00	210	0	0	3	56.87	0.02	0.00	9.46	79.36	88.62	0.00	38	0	42	0.00	0.00	61.82	7.60	0.00	0.00	2000
230	11.35	2018	2104	0.83	181	0	0	5	59.20	0.00	0.00	6.69	82.36	88.65	0.00	38	0	42	0.00	0.00	63.43	7.44	0.00	0.00	2000
233	11.33	2056	2098	0.00	195	0	0	0	nan	0.00	0.00	6.42	82.32	88.67	0.00	38	0	42	0.00	0.00	65.00	7.66	0.00	0.00	2000
229	11.33	2028	2095	0.00	202	0	0	0	nan	0.00	0.01	5.87	82.82	88.67	0.00	38	0	42	0.00	0.00	62.89	7.28	0.00	0.00	2000
231	11.40	2032	2090	0.00	200	0	0	0	nan	0.00	0.00	8.00	80.30	88.60	0.00	38	0	42	0.00	0.00	64.42	7.59	0.00	0.00	2000
229	11.36	2004	2111	0.00	180	0	0	0	nan	0.00	0.00	8.85	80.46	88.64	0.00	38	0	43	0.00	0.00	62.41	7.33	0.00	0.00	2000
229	11.45	2024	2075	0.00	200	0	0	0	nan	0.01	0.00	5.86	81.85	88.55	0.00	38	0	42	0.00	0.00	63.07	7.70	0.00	0.00	2000
228	11.32	1993	2125	0.00	197	0	0	0	nan	0.00	0.00	7.36	82.61	88.68	0.00	38	0	43	0.00	0.00	64.41	7.63	0.00	0.00	2000
233	11.31	2061	2098	0.00	199	0	0	0	nan	0.00	0.02	6.87	81.79	88.69	0.00	38	0	42	0.00	0.00	64.15	7.58	0.00	0.00	2000
229	11.33	2020	2100	0.00	197	0	0	0	nan	0.00	0.00	6.10	82.79	88.67	0.00	38	0	42	0.00	0.00	64.23	7.83	0.00	0.00	2000
230	11.42	2017	2099	0.00	197	0	0	0	nan	0.00	0.00	7.07	81.69	88.58	0.00	38	0	42	0.00	0.00	63.80	7.56	0.00	0.00	2000
228	11.01	2089	2079	0.00	196	0	0	0	nan	0.00	1.09	3.46	83.81	88.99	0.00	38	0	43	0.00	0.00	64.01	7.40	0.00	0.00	2000
230	11.37	1990	2130	0.00	213	0	0	0	nan	0.00	0.04	3.65	86.36	88.63	0.00	38	0	42	0.00	0.00	65.07	7.84	0.00	0.00	2000
239	11.65	2048	2100	0.00	183	0	0	0	nan	0.00	0.01	8.47	80.02	88.35	0.00	38	0	43	0.00	0.00	66.44	7.73	0.00	0.00	2000
231	10.29	2251	2097	0.00	198	0	0	0	nan	0.01	3.01	7.39	79.46	89.71	0.00	38	0	42	0.00	0.00	65.78	7.74	0.00	0.00	2000
229	11.22	2040	2097	0.00	194	0	0	0	nan	0.00	0.03	8.14	80.60	88.78	0.00	38	0	42	0.00	0.00	62.13	7.25	0.00	0.00	2000
230	11.39	2015	2103	0.00	196	0	0	0	nan	0.00	0.02	7.07	81.84	88.61	0.00	38	0	43	0.00	0.00	65.75	7.75	0.00	0.00	2000
229	11.17	2061	2085	0.00	183	0	0	0	nan	0.00	0.02	5.84	82.49	88.83	0.00	38	0	42	0.00	0.00	61.54	7.33	0.00	0.00	2000
229	11.41	1997	2113	0.76	214	0	0	6	44.19	0.00	0.00	7.26	82.06	88.59	0.00	38	0	42	0.00	0.00	64.57	7.52	0.00	0.00	2000
232	11.28	2052	2103	0.16	181	0	0	0	nan	0.02	1.36	8.24	79.47	88.72	0.00	38	0	42	0.00	0.00	65.26	7.78	0.00	0.00	2000
229	11.53	2033	2055	0.00	196	0	0	0	nan	0.00	0.53	7.67	78.56	88.47	0.00	38	0	42	0.00	0.00	61.81	7.22	0.00	0.00	2000
228	11.28	1980	2147	0.00	197	0	0	0	nan	0.00	0.00	9.58	81.36	88.72	0.00	38	0	42	0.00	0.00	64.95	7.64	0.00	0.00	2000
229	11.36	2019	2096	0.00	196	0	0	0	nan	0.00	0.02	6.23	82.40	88.64	0.00	38	0	42	0.00	0.00	64.65	7.77	0.00	0.00	2000
228	11.49	1985	2098	0.00	197	0	0	0	nan	0.00	0.00	6.55	82.11	88.51	0.00	38	0	43	0.00	0.00	64.92	7.81	0.00	0.00	2000
231	11.39	2030	2102	0.00	198	0	0	0	nan	0.00	0.00	6.37	82.55	88.61	0.00	38	0	43	0.00	0.00	65.19	7.78	0.00	0.00	2000
230	11.21	2040	2108	0.00	208	0	0	0	nan	0.00	1.46	4.36	83.60	88.79	0.00	39	0	42	0.00	0.00	62.14	7.52	0.00	0.00	2000
231	11.09	2091	2094	0.00	199	0	0	0	nan	0.00	0.00	7.43	81.42	88.91	0.00	38	0	43	0.00	0.00	65.47	7.71	0.00	0.00	2000
230	11.40	2019	2100	0.00	200	0	0	0	nan	0.02	1.55	6.60	80.71	88.60	0.00	39	0	42	0.00	0.00	62.95	7.44	0.00	0.00	2000
231	11.29	2059	2087	0.00	182	0	0	0	nan	0.00	0.44	8.35	79.54	88.71	0.00	38	0	42	0.00	0.00	64.06	7.70	0.00	0.00	2000
229	11.13	2039	2116	0.00	195	0	0	0	nan	0.00	0.00	8.44	81.34	88.87	0.00	38	0	43	0.00	0.00	66.42	7.97	0.00	0.00	2000
230	11.60	2032	2049	0.00	201	0	0	0	nan	0.00	1.91	8.50	76.14	88.40	0.00	38	0	42	0.00	0.00	62.00	7.41	0.00	0.00	2000
230	11.32	1978	2153	0.00	196	0	0	0	nan	0.00	0.00	9.95	81.17	88.68	0.00	38	0	42	0.00	0.00	65.42	7.82	0.00	0.00	2000
229	11.49	1994	2099	0.00	195	0	0	0	nan	0.01	0.00	8.18	80.54	88.51	0.00	38	0	42	0.00	0.00	64.79	7.74	0.00	0.00	2000
229	11.47	1997	2096	0.00	197	0	0	0	nan	0.00	0.02	6.62	81.97	88.53	0.00	38	0	42	0.00	0.00	61.64	7.71	0.00	0.00	2000
228	11.53	1985	2096	0.00	196	0	0	0	nan	0.00	0.00	6.76	81.77	88.47	0.00	38	0	42	0.00	0.00	66.16	7.85	0.00	0.00	2000
231	11.50	2001	2109	0.52	196	0	0	10	32.45	0.00	0.00	6.90	82.23	88.50	0.00	38	0	43	0.00	0.00	62.98	7.70	0.00	0.00	2000
228	11.18	2068	2067	0.65	198	0	0	2	69.75	0.00	0.02	7.42	80.16	88.82	0.00	38	0	42	0.00	0.00	60.23	7.25	0.00	0.00	2000
230	11.25	2011	2134	0.00	195	0	0	0	nan	0.00	0.03	6.18	84.24	88.75	0.00	38	0	42	0.00	0.00	67.52	8.10	0.00	0.00	2000
229	11.38	2013	2099	0.00	198	0	0	0	nan	0.00	0.00	5.61	83.21	88.62	0.00	38	0	42	0.00	0.00	64.80	7.99	0.00	0.00	2000
228	11.33	2020	2092	0.00	196	0	0	0	nan	0.00	0.00	5.98	82.59	88.67	0.00	38	0	43	0.00	0.00	61.50	7.23	0.00	0.00	2000
233	11.38	2043	2108	0.00	195	0	0	0	nan	0.00	0.11	3.42	85.61	88.62	0.00	39	0	42	0.00	0.00	65.83	7.86	0.00	0.00	2000
228	11.08	2081	2078	0.00	183	0	0	0	nan	0.00	0.51	4.63	83.07	88.92	0.00	38	0	42	0.00	0.00	64.77	7.72	0.00	0.00	2000
230	11.45	1985	2121	0.00	213	0	0	0	nan	0.00	0.00	7.74	81.92	88.55	0.00	39	0	42	0.00	0.00	65.34	7.77	0.00	0.00	2000
229	11.43	2009	2095	0.00	183	0	0	0	nan	0.00	0.02	6.60	81.91	88.57	0.00	38	0	42	0.00	0.00	64.68	7.71	0.00	0.00	2000
229	11.49	1998	2099	0.00	198	0	0	0	nan	0.00	0.02	6.62	81.99	88.51	0.00	38	0	42	0.00	0.00	64.35	7.86	0.00	0.00	2000
230	11.36	2017	2107	0.00	196	0	0	0	nan	0.00	0.00	7.50	81.65	88.64	0.00	38	0	42	0.00	0.00	63.16	7.67	0.00	0.00	2000
234	11.48	2041	2100	0.00	200	0	0	0	nan	0.04	0.01	7.95	80.76	88.52	0.00	38	0	43	0.00	0.00	62.83	7.64	0.00	0.00	2000
232	11.49	2027	2088	0.00	197	0	0	0	nan	0.00	0.00	8.60	79.57	88.51	0.00	38	0	42	0.00	0.00	65.25	7.93	0.00	0.00	2000
231	11.32	2029	2111	0.00	196	0	0	0	nan	0.00	0.00	7.92	81.44	88.68	0.00	38	0	43	0.00	0.00	65.80	7.86	0.00	0.00	2000
228	11.43	2043	2046	0.00	180	0	0	0	nan	0.00	0.00	7.11	79.41	88.57	0.00	39	0	42	0.00	0.00	60.25	7.34	0.00	0.00	2000
231	11.18	2017	2152	0.00	213	0	0	0	nan	0.00	0.03	6.75	84.41	88.82	0.00	39	0	42	0.00	0.00	67.40	8.16	0.00	0.00	2000
230	11.52	1997	2103	0.00	180	0	0	0	nan	0.00	0.00	7.37	81.47	88.48	0.00	38	0	43	0.00	0.00	62.63	7.46	0.00	0.00	2000
232	11.22	2061	2103	0.00	201	0	0	5	41.18	0.00	0.03	6.77	82.32	88.78	0.00	38	0	43	0.00	0.00	66.21	7.95	0.00	0.00	2000
229	11.36	2023	2095	1.05	198	0	0	7	38.76	0.00	0.00	7.68	81.00	88.64	0.00	38	0	42	0.00	0.00	62.27	7.51	0.00	0.00	2000
231	11.04	2086	2107	0.00	200	0	0	0	nan	0.00	0.57	3.00	85.84	88.96	0.00	38	0	43	0.00	0.00	66.13	8.00	0.00	0.00	2000
230	10.98	2091	2101	0.00	181	0	0	0	nan	0.03	0.01	3.19	85.92	89.02	0.00	38	0	42	0.00	0.00	63.81	7.67	0.00	0.00	2000
229	11.29	2035	2097	0.00	195	0	0	0	nan	0.00	0.00	6.32	82.46	88.71	0.00	38	0	42	0.00	0.00	63.21	7.71	0.00	0.00	2000
231	11.07	2090	2095	0.00	198	0	0	0	nan	0.00	0.02	6.03	82.81	88.93	0.00	38	0	42	0.00	0.00	65.42	7.97	0.00	0.00	2000
231	11.38	2034	2095	0.00	199	0	0	0	nan	0.00	0.02	6.95	81.61	88.62	0.00	38	0	42	0.00	0.00	64.84	7.91	0.00	0.00	2000
229	11.28	2021	2108	0.00	180	0	0	0	nan	0.00	0.00	8.59	80.59	88.72	0.00	38	0	42	0.00	0.00	63.40	7.89	0.00	0.00	2000
229	11.51	2031	2058	0.00	198	0	0	0	nan	0.00	0.02	7.44	79.48	88.49	0.00	38	0	43	0.00	0.00	62.64	7.76	0.00	0.00	2000
229	11.34	1982	2143	0.00	196	0	0	0	nan	0.00	0.06	7.93	82.68	88.66	0.00	38	0	43	0.00	0.00	68.68	8.34	0.00	0.00	2000
230	11.42	2017	2098	0.00	195	0	0	0	nan	0.00	0.00	6.67	81.99	88.58	0.00	38	0	42	0.00	0.00	65.13	7.69	0.00	0.00	2000
235	11.50	2032	2108	0.00	201	0	0	0	nan	0.04	0.00	8.37	80.61	88.50	0.00	38	0	42	0.00	0.00	64.22	7.65	0.00	0.00	2000
230	11.30	2039	2094	0.00	194	0	0	0	nan	0.00	0.02	8.02	80.57	88.70	0.00	38	0	42	0.00	0.00	62.64	7.44	0.00	0.00	2000
228	11.26	2028	2101	0.00	197	0	0	0	nan	0.00	0.00	6.14	82.87	88.74	0.00	38	0	42	0.00	0.00	64.78	7.83	0.00	0.00	2000
230	11.34	2030	2097	0.00	198	0	0	0	nan	0.00	0.02	5.39	83.29	88.66	0.00	38	0	43	0.00	0.00	64.17	7.79	0.00	0.00	2000
229	11.29	2032	2100	0.00	201	0	0	0	nan	0.00	0.00	8.22	80.71	88.71	0.00	38	0	43	0.00	0.00	64.54	7.92	0.00	0.00	2000
234	11.49	2044	2089	0.00	197	0	0	0	nan	0.00	0.03	7.37	80.83	88.51	0.00	38	0	42	0.00	0.00	61.36	7.56	0.00	0.00	2000
228	11.09	2047	2113	0.00	181	0	0	0	nan	0.01	0.02	4.97	84.59	88.91	0.00	38	0	42	0.00	0.00	65.02	8.11	0.00	0.00	2000
229	11.36	2018	2102	0.97	196	0	0	10	24.81	0.03	0.00	5.13	83.80	88.64	0.00	39	0	42	0.00	0.00	64.98	7.84	0.00	0.00	2000
227	11.39	2050	2039	0.20	197	0	0	0	nan	0.00	0.00	6.54	79.65	88.61	0.00	38	0	43	0.00	0.00	60.34	7.27	0.00	0.00	2000
231	11.18	2011	2163	0.00	214	0	0	0	nan	0.00	0.02	7.31	84.35	88.82	0.00	39	0	42	0.00	0.00	67.81	8.02	0.00	0.00	2000
229	10.99	2077	2105	0.00	179	0	0	0	nan	0.00	0.43	8.17	80.73	89.01	0.00	38	0	42	0.00	0.00	64.21	7.66	0.00	0.00	2000
234	11.18	2094	2094	0.00	200	0	0	0	nan	0.00	0.03	6.41	82.26	88.82	0.00	38	0	42	0.00	0.00	64.30	7.80	0.00	0.00	2000
229	11.23	2036	2102	0.00	195	0	0	0	nan	0.00	0.00	8.38	80.62	88.77	0.00	38	0	42	0.00	0.00	65.25	7.88	0.00	0.00	2000
230	11.25	2046	2098	0.00	197	0	0	0	nan	0.00	0.02	6.02	82.80	88.75	0.00	38	0	42	0.00	0.00	62.43	7.66	0.00	0.00	2000
230	11.35	2025	2102	0.00	179	0	0	0	nan	0.00	0.02	6.66	82.25	88.65	0.00	38	0	42	0.00	0.00	65.37	7.92	0.00	0.00	2000
229	11.41	2013	2094	0.00	195	0	0	0	nan	0.00	0.00	7.38	81.14	88.59	0.00	39	0	42	0.00	0.00	61.36	7.42	0.00	0.00	2000
231	11.44	2020	2101	0.00	197	0	0	0	nan	0.00	0.02	6.46	82.28	88.56	0.00	39	0	42	0.00	0.00	64.81	7.84	0.00	0.00	2000
232	11.38	2028	2109	0.00	201	0	0	0	nan	0.00	0.09	6.24	82.90	88.62	0.00	39	0	42	0.00	0.00	65.55	7.91	0.00	0.00	2000
229	11.19	2063	2082	0.00	195	0	0	0	nan	0.04	0.01	7.13	81.08	88.81	0.00	38	0	43	0.00	0.00	64.50	7.75	0.00	0.00	2000
232	11.10	2074	2114	0.00	196	0	0	0	nan	0.00	0.01	6.06	83.53	88.90	0.00	38	0	42	0.00	0.00	62.70	7.65	0.00	0.00	2000
229	11.11	2060	2099	0.00	180	0	0	0	nan	0.00	0.00	7.36	81.66	88.89	0.00	38	0	42	0.00	0.00	64.96	7.78	0.00	0.00	2000
229	11.41	2015	2097	0.00	197	0	0	0	nan	0.00	2.16	3.12	83.49	88.59	0.00	38	0	42	0.00	0.00	63.98	7.96	0.00	0.00	2000
235	11.51	2044	2098	0.00	213	0	0	0	nan	0.00	0.02	8.15	80.42	88.49	0.00	39	0	43	0.00	0.00	64.67	7.75	0.00	0.00	2000
231	11.28	2037	2114	0.00	205	0	0	0	nan	0.00	0.52	5.15	83.82	88.72	0.00	39	0	42	0.00	0.00	61.00	7.82	0.00	0.00	2000
227	11.06	2120	2034	0.45	194	0	0	9	31.99	0.00	0.90	6.73	78.73	88.94	0.00	39	0	42	0.00	0.00	65.31	7.52	0.00	0.00	2000
232	11.26	2004	2159	0.68	217	0	0	3	67.90	0.00	0.04	7.59	83.81	88.74	0.00	39	0	42	0.00	0.00	67.14	8.21	0.00	0.00	2000
229	11.35	2013	2104	0.00	184	0	0	0	nan	0.00	0.02	6.47	82.53	88.65	0.00	39	0	43	0.00	0.00	63.08	7.72	0.00	0.00	2000
233	11.47	2030	2100	0.00	197	0	0	0	nan	0.00	0.00	6.11	82.64	88.53	0.00	38	0	42	0.00	0.00	65.34	7.84	0.00	0.00	2000
229	11.12	2060	2097	0.00	196	0	0	0	nan	0.00	0.02	6.72	82.19	88.88	0.00	38	0	42	0.00	0.00	64.88	7.85	0.00	0.00	2000
230	11.12	2071	2101	0.00	197	0	0	0	nan	0.04	0.02	7.19	81.78	88.88	0.00	38	0	42	0.00	0.00	64.58	7.87	0.00	0.00	2000
230	11.19	2052	2100	0.00	196	0	0	0	nan	0.00	0.02	5.54	83.38	88.81	0.00	38	0	42	0.00	0.00	62.99	7.65	0.00	0.00	2000
230	11.52	2000	2101	0.00	195	0	0	0	nan	0.00	0.00	7.01	81.77	88.48	0.00	39	0	43	0.00	0.00	62.75	7.63	0.00	0.00	2000
228	11.27	2025	2097	0.00	179	0	0	0	nan	0.00	0.01	6.79	81.99	88.73	0.00	39	0	43	0.00	0.00	64.99	7.93	0.00	0.00	2000
233	11.26	2063	2106	0.00	196	0	0	0	nan	0.00	0.15	7.60	81.37	88.74	0.00	38	0	43	0.00	0.00	65.02	7.83	0.00	0.00	2000
235	11.30	2087	2092	0.00	206	0	0	0	nan	0.00	0.03	6.12	82.39	88.70	0.00	39	0	43	0.00	0.00	64.86	7.95	0.00	0.00	2000
228	11.54	2031	2040	0.00	195	0	0	0	nan	0.00	2.07	3.27	80.89	88.46	0.00	39	0	43	0.00	0.00	60.93	7.37	0.00	0.00	2000
230	11.24	1982	2164	0.00	197	0	0	0	nan	0.00	0.07	3.75	87.93	88.76	0.00	38	0	43	0.00	0.00	64.54	7.89	0.00	0.00	2000
230	11.48	2002	2102	0.00	197	0	0	0	nan	0.02	1.51	7.40	79.90	88.52	0.00	38	0	43	0.00	0.00	64.57	7.72	0.00	0.00	2000
232	11.32	2040	2109	0.00	201	0	0	0	nan	0.00	0.00	6.49	82.66	88.68	0.00	38	0	42	0.00	0.00	66.87	7.97	0.00	0.00	2000
231	10.27	2251	2095	0.00	198	0	0	0	nan	0.00	3.81	5.61	80.30	89.73	0.00	38	0	43	0.00	0.00	64.73	7.49	0.00	0.00	2000
229	11.29	2034	2096	0.00	196	0	0	0	nan	0.00	0.00	8.52	80.24	88.71	0.00	38	0	42	0.00	0.00	63.22	7.60	0.00	0.00	2000
229	11.29	2032	2098	0.00	181	0	0	4	37.06	0.00	0.00	7.43	81.36	88.71	0.00	38	0	42	0.00	0.00	64.21	7.85	0.00	0.00	2000
229	11.12	2054	2102	1.04	197	0	0	8	40.72	0.00	0.00	7.50	81.57	88.88	0.00	39	0	42	0.00	0.00	65.78	7.84	0.00	0.00	2000
229	11.51	1988	2101	0.00	196	0	0	0	nan	0.00	0.02	7.10	81.63	88.49	0.00	38	0	43	0.00	0.00	63.81	7.84	0.00	0.00	2000
232	11.52	2007	2106	0.00	199	0	0	0	nan	0.00	0.00	7.29	81.65	88.48	0.00	39	0	43	0.00	0.00	66.85	7.86	0.00	0.00	2000
229	11.24	2037	2101	0.00	196	0	0	0	nan	0.00	0.02	7.90	81.13	88.76	0.00	38	0	43	0.00	0.00	62.09	7.63	0.00	0.00	2000
230	11.30	2059	2075	0.00	200	0	0	0	nan	0.00	0.00	7.18	80.60	88.70	0.00	38	0	42	0.00	0.00	62.79	7.43	0.00	0.00	2000
230	11.23	2028	2120	0.00	199	0	0	0	nan	0.00	0.00	7.95	81.83	88.77	0.00	38	0	43	0.00	0.00	65.55	7.95	0.00	0.00	2000
229	11.48	1999	2097	0.00	180	0	0	0	nan	0.00	0.00	6.44	82.18	88.52	0.00	38	0	42	0.00	0.00	64.07	7.76	0.00	0.00	2000
230	11.48	2013	2091	0.00	196	0	0	0	nan	0.00	0.01	8.17	80.19	88.52	0.00	38	0	43	0.00	0.00	64.85	7.72	0.00	0.00	2000
232	10.72	2148	2112	0.00	197	0	0	0	nan	0.00	1.10	2.67	86.26	89.28	0.00	38	0	42	0.00	0.00	65.66	7.71	0.00	0.00	2000
230	11.42	2012	2102	0.00	198	0	0	0	nan	0.00	0.01	6.09	82.77	88.58	0.00	39	0	42	0.00	0.00	59.97	7.16	0.00	0.00	2000
226	11.41	2063	2014	0.00	196	0	0	0	nan	0.00	0.01	5.57	79.58	88.59	0.00	38	0	42	0.00	0.00	60.26	7.37	0.00	0.00	2000
231	11.17	1985	2192	0.00	213	0	0	0	nan	0.00	0.00	6.75	86.22	88.83	0.00	39	0	42	0.00	0.00	70.14	8.57	0.00	0.00	2000
237	11.75	2036	2081	0.00	179	0	0	0	nan	0.00	0.02	6.77	80.88	88.25	0.00	38	0	42	0.00	0.00	62.77	7.77	0.00	0.00	2000
259	11.79	2182	2112	0.00	242	0	0	0	nan	0.00	0.00	8.79	80.08	88.21	0.00	38	0	43	0.00	0.00	66.83	8.07	0.00	0.00	2000
232	11.15	2071	2106	0.00	195	0	0	0	nan	0.00	0.00	8.60	80.58	88.85	0.00	38	0	43	0.00	0.00	62.19	7.54	0.00	0.00	2000
229	11.33	2022	2102	0.00	196	0	0	0	nan	0.00	0.00	6.29	82.71	88.67	0.00	38	0	43	0.00	0.00	64.31	7.96	0.00	0.00	2000
226	11.33	2014	2084	0.00	195	0	0	1	76.33	0.00	0.02	6.36	81.86	88.67	0.00	38	0	42	0.00	0.00	63.93	7.83	0.00	0.00	2000
231	11.30	2029	2117	1.12	198	0	0	11	33.20	0.00	0.00	6.37	83.18	88.70	0.00	38	0	42	0.00	0.00	65.59	7.85	0.00	0.00	2000
233	11.32	2058	2096	0.01	183	0	0	0	nan	0.04	0.00	7.60	81.05	88.68	0.00	38	0	43	0.00	0.00	65.24	7.80	0.00	0.00	2000
228	11.46	1998	2095	0.00	196	0	0	0	nan	0.00	0.00	9.19	79.41	88.54	0.00	38	0	42	0.00	0.00	63.80	7.69	0.00	0.00	2000
229	11.20	2036	2113	0.00	196	0	0	0	nan	0.00	0.01	6.77	82.69	88.80	0.00	38	0	43	0.00	0.00	63.54	7.61	0.00	0.00	2000
230	11.19	2056	2096	0.00	199	0	0	0	nan	0.00	0.00	6.74	82.06	88.81	0.00	38	0	42	0.00	0.00	65.54	7.84	0.00	0.00	2000
228	11.21	2037	2098	0.00	196	0	0	0	nan	0.00	2.23	4.38	82.34	88.79	0.00	38	0	42	0.00	0.00	63.42	7.72	0.00	0.00	2000
234	11.48	2042	2097	0.00	195	0	0	0	nan	0.00	0.00	7.40	81.22	88.52	0.00	39	0	43	0.00	0.00	64.90	7.96	0.00	0.00	2000
229	11.32	2023	2099	0.00	186	0	0	0	nan	0.00	0.00	8.74	80.13	88.68	0.00	39	0	43	0.00	0.00	65.73	7.95	0.00	0.00	2000
229	11.46	2003	2099	0.00	196	0	0	0	nan	0.00	0.53	8.88	79.35	88.54	0.00	38	0	42	0.00	0.00	64.14	7.81	0.00	0.00	2000
231	11.35	2027	2108	0.00	197	0	0	0	nan	0.00	0.51	6.43	82.35	88.65	0.00	39	0	42	0.00	0.00	63.14	7.71	0.00	0.00	2000
227	11.54	2055	2008	0.00	196	0	0	0	nan	0.01	0.86	6.38	77.58	88.46	0.00	38	0	43	0.00	0.00	58.38	6.97	0.00	0.00	2000
233	11.07	2013	2195	0.00	195	0	0	0	nan	0.00	0.00	7.46	85.65	88.93	0.00	38	0	42	0.00	0.00	71.63	8.73	0.00	0.00	2000
233	11.61	2013	2096	0.00	196	0	0	0	nan	0.00	0.00	9.21	79.21	88.39	0.00	38	0	43	0.00	0.00	64.09	7.74	0.00	0.00	2000
229	11.48	1986	2108	0.00	198	0	0	0	nan	0.03	0.00	8.01	80.96	88.52	0.00	38	0	43	0.00	0.00	62.38	7.28	0.00	0.00	2000
230	11.44	2011	2098	0.00	196	0	0	0	nan	0.00	0.00	7.07	81.62	88.56	0.00	38	0	43	0.00	0.00	62.08	7.74	0.00	0.00	2000
229	11.11	2064	2100	0.00	198	0	0	0	nan	0.00	0.01	6.54	82.48	88.89	0.00	38	0	42	0.00	0.00	65.00	7.84	0.00	0.00	2000
229	11.37	2013	2100	0.00	198	0	0	0	nan	0.00	0.00	6.62	82.24	88.63	0.00	38	0	43	0.00	0.00	64.52	7.66	0.00	0.00	2000
231	11.38	2032	2100	0.62	197	0	0	11	28.51	0.00	0.01	6.77	81.99	88.62	0.00	38	0	42	0.00	0.00	66.21	7.87	0.00	0.00	2000
231	11.20	2059	2103	0.57	199	0	0	1	84.45	0.00	0.00	7.50	81.62	88.80	0.00	38	0	42	0.00	0.00	65.36	7.96	0.00	0.00	2000
229	11.43	2006	2095	0.00	181	0	0	0	nan	0.05	0.02	8.63	79.96	88.57	0.00	39	0	43	0.00	0.00	61.85	7.61	0.00	0.00	2000
230	11.35	2020	2106	0.00	194	0	0	0	nan	0.00	2.66	4.03	82.50	88.65	0.00	38	0	43	0.00	0.00	62.24	7.59	0.00	0.00	2000
229	11.17	2050	2099	0.00	200	0	0	0	nan	0.00	0.05	2.96	86.00	88.83	0.00	38	0	42	0.00	0.00	65.64	8.05	0.00	0.00	2000
229	11.22	2048	2097	0.00	198	0	0	0	nan	0.00	0.00	6.08	82.69	88.78	0.00	38	0	42	0.00	0.00	64.84	8.03	0.00	0.00	2000
232	11.21	2063	2103	0.00	196	0	0	0	nan	0.00	0.01	7.22	81.79	88.79	0.00	38	0	42	0.00	0.00	66.00	7.96	0.00	0.00	2000
231	11.28	2051	2098	0.00	196	0	0	0	nan	0.00	0.02	7.05	81.75	88.72	0.00	38	0	43	0.00	0.00	65.39	7.88	0.00	0.00	2000
229	11.37	2050	2062	0.00	182	0	0	0	nan	0.00	0.01	8.44	78.68	88.63	0.00	38	0	43	0.00	0.00	61.44	7.56	0.00	0.00	2000
230	11.16	2028	2137	0.00	212	0	0	0	nan	0.00	0.00	8.60	82.01	88.84	0.00	38	0	42	0.00	0.00	67.88	8.40	0.00	0.00	2000
230	11.22	2048	2099	0.00	180	0	0	0	nan	0.04	0.00	7.52	81.35	88.78	0.00	39	0	42	0.00	0.00	62.37	7.74	0.00	0.00	2000
235	11.69	2007	2105	0.00	200	0	0	0	nan	0.00	0.00	8.92	79.83	88.31	0.00	38	0	42	0.00	0.00	63.08	7.72	0.00	0.00	2000
229	10.97	2094	2098	0.00	201	0	0	0	nan	0.00	0.00	6.81	82.28	89.03	0.00	39	0	42	0.00	0.00	65.49	7.91	0.00	0.00	2000
230	11.39	2018	2100	0.00	198	0	0	0	nan	0.00	0.00	7.93	80.91	88.61	0.00	38	0	42	0.00	0.00	64.45	7.80	0.00	0.00	2000
228	11.35	2009	2103	0.00	196	0	0	0	nan	0.01	0.00	5.82	83.16	88.65	0.00	38	0	42	0.00	0.00	66.64	8.12	0.00	0.00	2000
229	11.39	2040	2072	0.00	178	0	0	0	nan	0.00	0.00	6.27	81.36	88.61	0.00	39	0	43	0.00	0.00	60.96	7.52	0.00	0.00	2000
228	11.28	1996	2125	0.00	194	0	0	0	nan	0.00	0.00	8.13	81.89	88.72	0.00	38	0	43	0.00	0.00	68.16	8.37	0.00	0.00	2000
231	11.29	2050	2099	0.00	199	0	0	5	35.42	0.00	0.07	6.40	82.34	88.71	0.00	38	0	43	0.00	0.00	60.02	7.31	0.00	0.00	2000
228	11.30	2081	2033	1.02	199	0	0	6	39.30	0.00	1.06	4.41	80.63	88.70	0.00	38	0	43	0.00	0.00	62.42	7.73	0.00	0.00	2000
232	11.10	2020	2170	0.00	210	0	0	0	nan	0.02	1.53	5.25	85.30	88.90	0.00	39	0	43	0.00	0.00	67.94	8.22	0.00	0.00	2000
229	11.22	2037	2107	0.00	180	0	0	0	nan	0.00	0.00	8.88	80.38	88.78	0.00	38	0	43	0.00	0.00	63.80	7.71	0.00	0.00	2000
230	11.21	2054	2098	0.00	197	0	0	0	nan	0.00	0.02	7.26	81.60	88.79	0.00	39	0	43	0.00	0.00	66.12	8.04	0.00	0.00	2000
229	11.22	2068	2072	0.00	195	0	0	0	nan	0.02	0.94	6.70	80.14	88.78	0.00	38	0	43	0.00	0.00	62.09	7.70	0.00	0.00	2000
233	11.52	2006	2121	0.00	199	0	0	0	nan	0.00	0.00	7.04	82.56	88.48	0.00	39	0	43	0.00	0.00	67.87	7.85	0.00	0.00	2000
229	11.34	2020	2102	0.00	182	0	0	0	nan	0.00	0.00	6.95	82.01	88.66	0.00	38	0	43	0.00	0.00	59.53	7.26	0.00	0.00	2000
229	11.50	1994	2099	0.00	198	0	0	0	nan	0.00	0.02	7.60	81.06	88.50	0.00	39	0	42	0.00	0.00	65.09	7.85	0.00	0.00	2000
229	11.34	2019	2104	0.00	195	0	0	0	nan	0.00	0.00	6.67	82.38	88.66	0.00	39	0	42	0.00	0.00	65.77	7.94	0.00	0.00	2000
230	11.34	2029	2098	0.00	197	0	0	0	nan	0.00	0.00	5.12	83.66	88.66	0.00	38	0	42	0.00	0.00	64.28	7.62	0.00	0.00	2000
232	11.56	2002	2102	0.00	194	0	0	0	nan	0.00	0.00	7.10	81.61	88.44	0.00	38	0	43	0.00	0.00	65.69	7.71	0.00	0.00	2000
231	11.28	2046	2098	0.00	200	0	0	0	nan	0.00	0.00	7.30	81.51	88.72	0.00	39	0	42	0.00	0.00	64.96	7.87	0.00	0.00	2000
228	11.35	2030	2082	0.00	182	0	0	0	nan	0.00	0.00	7.59	80.42	88.65	0.00	38	0	43	0.00	0.00	59.02	6.96	0.00	0.00	2000
229	11.45	1991	2114	0.00	213	0	0	0	nan	0.00	0.00	7.88	81.48	88.55	0.00	39	0	42	0.00	0.00	66.99	8.00	0.00	0.00	2000
230	11.25	2041	2103	0.00	186	0	0	0	nan	0.00	2.17	5.25	81.76	88.75	0.00	38	0	42	0.00	0.00	62.59	7.60	0.00	0.00	2000
232	11.58	2028	2072	0.00	195	0	0	0	nan	0.01	0.02	3.26	84.18	88.42	0.00	38	0	42	0.00	0.00	63.63	7.57	0.00	0.00	2000
229	11.09	2035	2129	0.00	201	0	0	0	92.89	0.00	0.46	7.94	81.93	88.91	0.00	38	0	43	0.00	0.00	66.10	8.11	0.00	0.00	2000
230	10.86	2117	2103	1.07	196	0	0	10	28.57	0.00	1.50	8.82	79.17	89.14	0.00	38	0	43	0.00	0.00	66.21	7.66	0.00	0.00	2000
229	11.36	2017	2097	0.08	195	0	0	0	nan	0.02	1.48	7.31	79.95	88.64	0.00	38	0	42	0.00	0.00	64.31	7.75	0.00	0.00	2000
229	11.45	2001	2102	0.00	195	0	0	0	nan	0.00	0.04	6.37	82.44	88.55	0.00	38	0	42	0.00	0.00	64.63	7.87	0.00	0.00	2000
225	11.42	2064	2007	0.00	198	0	0	0	nan	0.00	0.02	6.27	78.54	88.58	0.00	38	0	42	0.00	0.00	61.12	7.32	0.00	0.00	2000
235	11.16	2012	2201	0.00	214	0	0	0	nan	0.00	0.00	7.03	86.36	88.84	0.00	38	0	43	0.00	0.00	65.61	8.03	0.00	0.00	2000
228	11.36	2009	2097	0.00	181	0	0	0	nan	0.00	0.02	8.34	80.33	88.64	0.00	38	0	43	0.00	0.00	65.65	7.90	0.00	0.00	2000
231	11.42	2023	2103	0.00	195	0	0	0	nan	0.04	0.02	8.23	80.69	88.58	0.00	39	0	42	0.00	0.00	65.20	7.80	0.00	0.00	2000
234	11.44	2048	2101	0.00	198	0	0	0	nan	0.00	0.02	6.65	82.15	88.56	0.00	39	0	42	0.00	0.00	66.74	8.13	0.00	0.00	2000
231	11.22	2063	2099	0.00	195	0	0	0	nan	0.00	0.00	6.56	82.36	88.78	0.00	39	0	43	0.00	0.00	59.76	7.27	0.00	0.00	2000
231	11.28	2054	2098	0.00	181	0	0	0	nan	0.00	0.00	6.65	82.15	88.72	0.00	39	0	43	0.00	0.00	66.18	8.11	0.00	0.00	2000
231	11.13	2078	2100	0.00	196	0	0	0	nan	0.00	0.03	4.08	84.93	88.87	0.00	39	0	43	0.00	0.00	65.37	8.04	0.00	0.00	2000
229	11.16	2048	2100	0.00	195	0	0	0	nan	0.01	0.01	2.49	86.52	88.84	0.00	39	0	43	0.00	0.00	62.37	7.63	0.00	0.00	2000
228	11.42	2004	2096	0.00	196	0	0	0	nan	0.00	0.00	2.82	85.80	88.58	0.00	38	0	42	0.00	0.00	66.76	8.23	0.00	0.00	2000
228	11.29	2016	2107	0.00	195	0	0	0	nan	0.00	0.00	2.96	86.21	88.71	0.00	38	0	43	0.00	0.00	60.58	7.55	0.00	0.00	2000
228	11.45	1998	2096	0.00	178	0	0	0	nan	0.00	0.03	3.19	85.39	88.55	0.00	39	0	43	0.00	0.00	64.88	7.96	0.00	0.00	2000
228	11.37	1999	2109	0.00	196	0	0	0	nan	0.00	0.00	3.12	86.12	88.63	0.00	38	0	42	0.00	0.00	66.34	7.91	0.00	0.00	2000
231	11.41	2026	2097	0.00	196	0	0	0	nan	0.00	0.01	3.60	85.09	88.59	0.00	38	0	43	0.00	0.00	60.00	7.23	0.00	0.00	2000
228	11.25	2036	2089	0.49	197	0	0	10	32.52	0.03	0.00	3.68	84.77	88.75	0.00	38	0	42	0.00	0.00	65.35	7.72	0.00	0.00	2000
230	11.17	2051	2104	0.68	197	0	0	3	66.22	0.00	0.00	3.77	85.38	88.83	0.00	38	0	43	0.00	0.00	64.64	7.83	0.00	0.00	2000
228	11.30	2033	2082	0.00	196	1	0	0	nan	0.00	0.00	3.50	84.65	88.70	0.00	39	0	42	0.00	0.00	64.70	7.94	0.00	0.00	2000
229	11.17	2031	2119	0.00	196	0	0	0	nan	0.00	0.00	4.83	85.01	88.83	0.00	38	0	43	0.00	0.00	65.53	7.89	0.00	0.00	2000
231	11.34	2032	2102	0.00	180	0	0	0	nan	0.00	0.00	3.94	85.02	88.66	0.00	38	0	42	0.00	0.00	65.54	7.87	0.00	0.00	2000
230	11.10	2067	2104	0.00	194	0	0	0	nan	0.00	0.02	3.53	85.76	88.90	0.00	39	0	42	0.00	0.00	65.93	8.11	0.00	0.00	2000
227	11.29	2016	2097	0.00	195	0	0	0	nan	0.00	0.02	2.90	85.90	88.71	0.00	39	0	43	0.00	0.00	62.13	7.67	0.00	0.00	2000
230	11.25	2045	2097	0.00	197	0	0	0	nan	0.00	0.00	2.92	85.92	88.75	0.00	39	0	42	0.00	0.00	63.51	7.80	0.00	0.00	2000
227	11.44	2018	2068	0.00	178	0	0	0	nan	0.00	0.00	3.50	83.93	88.56	0.00	39	0	43	0.00	0.00	64.03	7.90	0.00	0.00	2000
229	11.32	1995	2131	0.00	211	0	0	0	nan	0.00	0.00	5.18	84.99	88.68	0.00	38	0	42	0.00	0.00	65.41	7.90	0.00	0.00	2000
230	11.44	2006	2103	0.00	179	0	0	0	nan	0.00	0.02	3.59	85.30	88.56	0.00	38	0	43	0.00	0.00	63.71	7.57	0.00	0.00	2000
229	11.32	2028	2096	0.00	195	0	0	0	nan	0.00	0.02	3.48	85.22	88.68	0.00	38	0	43	0.00	0.00	65.32	7.88	0.00	0.00	2000
224	11.52	2025	2015	0.00	195	0	0	0	nan	0.00	0.00	2.57	82.52	88.48	0.00	39	0	43	0.00	0.00	57.39	6.93	0.00	0.00	2000
230	11.28	1978	2168	0.00	211	0	0	0	nan	0.00	0.00	3.17	88.62	88.72	0.00	39	0	42	0.00	0.00	69.75	8.24	0.00	0.00	2000
227	11.24	2014	2107	0.00	178	0	0	0	nan	0.00	0.00	4.70	84.56	88.76	0.00	39	0	42	0.00	0.00	64.14	8.02	0.00	0.00	2000
230	11.50	2012	2089	0.00	214	0	0	0	nan	0.00	0.02	5.09	83.14	88.50	0.00	38	0	43	0.00	0.00	64.43	7.86	0.00	0.00	2000
227	11.45	1986	2099	0.00	180	0	0	0	nan	0.00	0.00	4.91	83.80	88.55	0.00	39	0	42	0.00	0.00	64.02	7.80	0.00	0.00	2000
227	11.10	2039	2109	0.01	210	0	0	5	32.66	0.00	0.00	5.15	84.36	88.90	0.00	39	0	43	0.00	0.00	64.39	7.73	0.00	0.00	2000
228	11.25	2032	2092	1.29	179	0	0	5	33.34	0.00	0.01	4.21	84.40	88.75	0.00	39	0	43	0.00	0.00	64.65	7.64	0.00	0.00	2000
227	11.11	2043	2105	0.00	211	0	0	0	nan	0.00	0.00	4.77	84.52	88.89	0.00	39	0	43	0.00	0.00	64.03	7.83	0.00	0.00	2000
229	11.47	1988	2112	0.00	181	0	0	0	nan	0.00	0.00	5.25	83.94	88.53	0.00	39	0	42	0.00	0.00	64.37	7.72	0.00	0.00	2000
231	11.57	1994	2098	0.00	214	0	0	0	nan	0.00	0.00	5.52	83.04	88.43	0.00	39	0	43	0.00	0.00	64.34	7.71	0.00	0.00	2000
227	11.33	2005	2099	0.00	179	0	0	0	nan	0.00	0.00	4.46	84.33	88.67	0.00	39	0	42	0.00	0.00	64.28	7.78	0.00	0.00	2000
229	11.57	1982	2100	0.00	211	0	0	0	nan	0.00	0.00	4.81	83.85	88.43	0.00	38	0	42	0.00	0.00	64.39	7.73	0.00	0.00	2000
228	11.40	2017	2082	0.00	180	0	0	0	nan	0.00	0.00	4.66	83.36	88.60	0.00	39	0	42	0.00	0.00	64.28	7.62	0.00	0.00	2000
228	11.18	2019	2125	0.00	212	0	0	0	nan	0.00	0.00	4.93	85.17	88.82	0.00	38	0	43	0.00	0.00	64.48	7.83	0.00	0.00	2000
230	11.40	2032	2083	0.00	179	0	0	0	nan	0.00	0.00	3.86	84.22	88.60	0.00	39	0	43	0.00	0.00	64.10	7.69	0.00	0.00	2000
228	11.16	2035	2113	0.00	210	0	0	0	nan	0.00	0.00	4.83	84.72	88.84	0.00	39	0	42	0.00	0.00	64.46	7.71	0.00	0.00	2000
227	11.54	1985	2084	0.00	181	0	0	0	nan	0.00	0.00	5.62	82.32	88.46	0.00	39	0	43	0.00	0.00	64.47	7.92	0.00	0.00	2000
229	11.52	1975	2116	0.00	212	0	0	0	nan	0.00	0.00	4.68	84.69	88.48	0.00	39	0	43	0.00	0.00	64.26	7.74	0.00	0.00	2000
227	11.49	1995	2083	0.00	181	0	0	0	nan	0.00	0.00	4.94	83.02	88.51	0.00	39	0	42	0.00	0.00	64.58	7.74	0.00	0.00	2000
230	11.50	1986	2112	0.00	212	0	0	0	nan	0.00	0.00	5.17	84.01	88.50	0.00	39	0	42	0.00	0.00	64.74	7.79	0.00	0.00	2000
227	11.24	2018	2103	0.00	180	0	0	0	nan	0.00	0.00	4.58	84.53	88.76	0.00	39	0	42	0.00	0.00	64.45	7.73	0.00	0.00	2000
228	11.49	1983	2103	0.00	212	0	0	0	nan	0.00	0.00	3.90	84.97	88.51	0.00	39	0	42	0.00	0.00	64.38	7.78	0.00	0.00	2000
227	11.20	2047	2079	0.00	178	0	0	3	43.08	0.00	0.00	4.14	83.90	88.80	0.00	39	0	42	0.00	0.00	64.56	7.84	0.00	0.00	2000
228	11.37	1999	2108	1.31	211	0	0	7	30.62	0.00	0.00	5.14	84.06	88.63	0.00	39	0	42	0.00	0.00	64.16	7.87	0.00	0.00	2000
230	11.50	2010	2090	0.00	183	0	0	0	nan	0.00	0.00	5.34	82.93	88.50	0.00	38	0	43	0.00	0.00	61.42	7.44	0.00	0.00	2000
228	11.36	1986	2121	0.00	211	0	0	0	nan	0.00	0.00	5.28	84.48	88.64	0.00	38	0	43	0.00	0.00	67.17	7.93	0.00	0.00	2000
228	11.43	2010	2084	0.00	179	0	0	0	nan	0.00	0.00	4.13	83.98	88.57	0.00	38	0	43	0.00	0.00	64.29	7.75	0.00	0.00	2000
229	11.19	2023	2122	0.00	211	0	0	0	nan	0.00	0.00	4.88	84.99	88.81	0.00	39	0	43	0.00	0.00	64.49	7.76	0.00	0.00	2000
227	11.22	2039	2086	0.00	179	0	0	0	nan	0.00	0.02	3.89	84.51	88.78	0.00	39	0	43	0.00	0.00	64.29	7.75	0.00	0.00	2000
231	11.34	2046	2092	0.00	217	0	0	0	nan	0.00	0.07	4.85	83.68	88.66	0.00	39	0	43	0.00	0.00	64.42	7.63	0.00	0.00	2000
229	11.09	2054	2110	0.00	181	0	0	0	nan	0.00	0.00	5.08	84.42	88.91	0.00	38	0	43	0.00	0.00	65.07	7.68	0.00	0.00	2000
229	11.35	2010	2112	0.00	211	0	0	0	nan	0.00	0.00	4.09	85.23	88.65	0.00	39	0	42	0.00	0.00	64.38	7.74	0.00	0.00	2000
227	11.33	2014	2085	0.00	177	0	0	0	nan	0.00	0.00	3.96	84.26	88.67	0.00	39	0	42	0.00	0.00	64.39	7.75	0.00	0.00	2000
228	11.58	1963	2108	0.00	213	0	0	0	nan	0.00	0.00	4.26	84.72	88.42	0.00	39	0	43	0.00	0.00	64.07	7.81	0.00	0.00	2000
227	11.18	2022	2111	0.00	179	0	0	0	nan	0.00	0.00	4.37	85.00	88.82	0.00	39	0	43	0.00	0.00	63.34	7.60	0.00	0.00	2000
229	11.56	2024	2059	0.00	195	0	0	0	nan	0.00	0.00	3.55	83.35	88.44	0.00	39	0	42	0.00	0.00	60.29	7.30	0.00	0.00	2000
226	11.29	1986	2117	0.00	194	0	0	0	nan	0.00	0.00	4.36	85.21	88.71	0.00	39	0	42	0.00	0.00	66.59	8.07	0.00	0.00	2000
229	11.29	2016	2109	0.00	213	0	0	0	nan	0.00	0.00	4.61	84.71	88.71	0.00	38	0	43	0.00	0.00	67.35	8.04	0.00	0.00	2000
227	11.21	2030	2097	0.00	180	0	0	0	nan	0.00	0.00	4.63	84.26	88.79	0.00	39	0	43	0.00	0.00	61.37	7.48	0.00	0.00	2000
228	11.27	2002	2118	0.00	210	0	0	0	96.10	0.00	0.00	4.73	84.94	88.73	0.00	39	0	42	0.00	0.00	67.80	8.14	0.00	0.00	2000
229	11.32	2059	2060	1.31	180	0	0	8	14.98	0.00	0.02	3.25	83.90	88.68	0.00	39	0	43	0.00	0.00	58.10	6.97	0.00	0.00	2000
229	11.31	1992	2133	0.02	213	0	0	0	nan	0.00	0.00	4.47	85.79	88.69	0.00	39	0	43	0.00	0.00	69.80	8.41	0.00	0.00	2000
227	11.42	1995	2095	0.00	180	0	0	0	nan	0.00	0.00	4.13	84.41	88.58	0.00	38	0	42	0.00	0.00	64.31	7.87	0.00	0.00	2000
235	11.87	1983	2098	0.00	220	0	0	0	nan	0.00	0.00	5.22	83.02	88.13	0.00	39	0	42	0.00	0.00	64.32	7.73	0.00	0.00	2000
228	11.41	1998	2098	0.00	178	0	0	0	nan	0.00	0.00	4.89	83.85	88.59	0.00	39	0	43	0.00	0.00	61.51	7.48	0.00	0.00	2000
231	11.54	1990	2111	0.00	213	0	0	0	nan	0.00	0.00	5.31	83.77	88.46	0.00	39	0	42	0.00	0.00	67.67	7.99	0.00	0.00	2000
227	11.31	2015	2091	0.00	179	0	0	0	nan	0.00	0.00	3.89	84.59	88.69	0.00	39	0	42	0.00	0.00	61.84	7.37	0.00	0.00	2000
228	11.51	1980	2106	0.00	212	0	0	0	nan	0.00	0.00	4.49	84.46	88.49	0.00	39	0	43	0.00	0.00	66.99	8.24	0.00	0.00	2000
227	11.46	1983	2099	0.00	179	0	0	0	nan	0.00	0.00	4.04	84.61	88.54	0.00	39	0	43	0.00	0.00	61.59	7.42	0.00	0.00	2000
229	11.34	2023	2092	0.00	211	0	0	0	nan	0.00	0.00	4.63	83.92	88.66	0.00	39	0	43	0.00	0.00	64.51	7.89	0.00	0.00	2000
230	11.41	2028	2087	0.00	181	0	0	0	nan	0.00	0.01	4.96	83.26	88.59	0.00	38	0	42	0.00	0.00	61.79	7.47	0.00	0.00	2000
229	11.23	2032	2108	0.00	211	0	0	0	nan	0.00	0.02	4.92	84.34	88.77	0.00	39	0	42	0.00	0.00	66.97	8.01	0.00	0.00	2000
228	10.97	2060	2114	0.00	179	0	0	0	nan	0.00	0.00	4.90	84.89	89.03	0.00	38	0	43	0.00	0.00	67.52	8.11	0.00	0.00	2000
229	11.20	2042	2101	0.00	213	0	0	0	nan	0.00	0.00	4.03	85.02	88.80	0.00	39	0	42	0.00	0.00	61.74	7.49	0.00	0.00	2000
232	11.45	2034	2091	0.00	197	0	0	0	nan	0.00	0.00	7.14	81.17	88.55	0.00	39	0	43	0.00	0.00	64.23	7.82	0.00	0.00	2000
230	11.51	1980	2119	0.00	211	0	0	0	nan	0.00	0.00	4.50	84.94	88.49	0.00	38	0	43	0.00	0.00	67.26	8.19	0.00	0.00	2000
228	11.31	2030	2083	0.00	179	0	0	0	nan	0.00	0.00	3.76	84.40	88.69	0.00	39	0	42	0.00	0.00	59.05	7.15	0.00	0.00	2000
228	11.46	1981	2106	1.02	211	0	0	8	16.35	0.00	0.00	4.48	84.53	88.54	0.00	39	0	42	0.00	0.00	66.95	8.08	0.00	0.00	2000
227	11.36	2004	2095	0.35	180	0	0	0	nan	0.00	0.00	4.65	83.92	88.64	0.00	38	0	43	0.00	0.00	62.01	7.48	0.00	0.00	2000
229	11.24	2042	2093	0.00	213	0	0	0	nan	0.00	0.00	4.41	84.14	88.76	0.00	39	0	43	0.00	0.00	64.44	7.73	0.00	0.00	2000
228	11.13	2035	2112	0.00	178	0	0	0	nan	0.00	0.00	4.83	84.65	88.87	0.00	39	0	42	0.00	0.00	64.60	7.79	0.00	0.00	2000
230	11.26	2052	2088	0.00	212	0	0	0	nan	0.00	0.00	4.10	84.35	88.74	0.00	39	0	42	0.00	0.00	64.61	7.71	0.00	0.00	2000
234	11.52	2031	2097	0.00	184	0	0	0	nan	0.00	0.00	5.49	83.01	88.48	0.00	39	0	43	0.00	0.00	64.68	7.87	0.00	0.00	2000
228	11.45	1980	2116	0.00	212	0	0	0	nan	0.00	0.00	4.87	84.53	88.55	0.00	39	0	42	0.00	0.00	66.59	7.79	0.00	0.00	2000
228	10.93	2094	2094	0.00	178	0	0	0	nan	0.00	0.00	4.04	84.88	89.07	0.00	39	0	43	0.00	0.00	62.15	7.77	0.00	0.00	2000
229	11.30	2023	2104	0.00	211	0	0	0	nan	0.00	0.00	4.46	84.46	88.70	0.00	39	0	42	0.00	0.00	64.81	7.76	0.00	0.00	2000
229	11.43	2012	2093	0.00	181	0	0	0	nan	0.00	0.00	4.23	84.25	88.57	0.00	39	0	42	0.00	0.00	64.03	7.51	0.00	0.00	2000
228	11.35	2006	2103	0.00	212	0	0	0	nan	0.00	0.00	4.15	84.78	88.65	0.00	39	0	42	0.00	0.00	64.70	7.81	0.00	0.00	2000
227	11.49	1974	2096	0.00	179	0	0	0	nan	0.00	0.00	4.36	84.22	88.51	0.00	39	0	42	0.00	0.00	64.11	7.68	0.00	0.00	2000
228	11.35	2005	2108	0.00	211	0	0	0	nan	0.00	0.00	4.66	84.50	88.65	0.00	38	0	42	0.00	0.00	64.32	7.73	0.00	0.00	2000
228	11.65	1959	2097	0.00	184	0	0	0	nan	0.00	0.00	5.38	83.06	88.35	0.00	39	0	43	0.00	0.00	64.01	7.91	0.00	0.00	2000
230	11.57	1984	2104	0.00	214	0	0	0	nan	0.00	0.00	4.67	84.12	88.43	0.00	38	0	42	0.00	0.00	64.41	7.94	0.00	0.00	2000
227	11.27	2027	2085	0.00	179	0	0	0	nan	0.00	0.00	4.04	84.21	88.73	0.00	39	0	43	0.00	0.00	64.11	7.90	0.00	0.00	2000
228	11.22	2014	2116	0.00	211	0	0	0	nan	0.00	0.00	4.80	84.87	88.78	0.00	39	0	43	0.00	0.00	64.50	7.68	0.00	0.00	2000
227	11.15	2054	2085	0.87	180	0	0	12	16.08	0.00	0.03	4.05	84.24	88.85	0.00	39	0	42	0.00	0.00	64.13	7.92	0.00	0.00	2000
229	11.33	2020	2100	0.84	210	0	0	1	89.17	0.00	0.00	4.71	84.07	88.67	0.00	39	0	43	0.00	0.00	64.57	7.84	0.00	0.00	2000
230	11.34	2014	2118	0.00	179	0	0	0	nan	0.00	0.01	4.89	84.74	88.66	0.00	39	0	42	0.00	0.00	65.30	7.86	0.00	0.00	2000
229	11.09	2071	2090	0.00	210	0	0	0	nan	0.00	0.00	3.70	84.89	88.91	0.00	39	0	43	0.00	0.00	64.26	8.01	0.00	0.00	2000
226	11.13	2037	2098	0.00	178	0	0	0	nan	0.00	0.00	4.12	84.87	88.87	0.00	39	0	42	0.00	0.00	64.54	7.88	0.00	0.00	2000
228	11.43	1998	2100	0.00	210	0	0	0	nan	0.00	0.00	4.12	84.64	88.57	0.00	39	0	42	0.00	0.00	64.20	8.05	0.00	0.00	2000
227	11.47	1978	2100	0.00	179	0	0	0	nan	0.00	0.00	4.47	84.28	88.53	0.00	39	0	42	0.00	0.00	64.77	7.95	0.00	0.00	2000
228	11.36	2019	2089	0.00	212	0	0	0	nan	0.00	0.00	4.19	84.10	88.64	0.00	39	0	42	0.00	0.00	64.55	7.96	0.00	0.00	2000
229	11.51	1991	2096	0.00	180	0	0	0	nan	0.00	0.00	4.89	83.66	88.49	0.00	39	0	42	0.00	0.00	64.08	7.92	0.00	0.00	2000
229	11.18	2024	2124	0.00	211	0	0	0	nan	0.00	0.00	4.94	85.06	88.82	0.00	39	0	42	0.00	0.00	64.75	7.86	0.00	0.00	2000
226	11.05	2069	2080	0.00	178	0	0	0	nan	0.00	0.00	4.02	84.22	88.95	0.00	39	0	42	0.00	0.00	64.45	7.93	0.00	0.00	2000
228	11.18	2038	2103	0.00	211	0	0	0	nan	0.00	0.00	4.50	84.60	88.82	0.00	38	0	42	0.00	0.00	64.59	8.07	0.00	0.00	2000
228	11.11	2037	2112	0.00	178	0	0	0	nan	0.00	0.00	4.90	84.66	88.89	0.00	39	0	42	0.00	0.00	64.79	7.79	0.00	0.00	2000
230	11.19	2056	2102	0.00	214	0	0	0	nan	0.00	0.00	4.21	84.90	88.81	0.00	39	0	42	0.00	0.00	64.60	8.24	0.00	0.00	2000
227	11.18	2044	2087	0.00	179	0	0	0	nan	0.00	0.00	3.81	84.62	88.82	0.00	39	0	42	0.00	0.00	64.35	7.85	0.00	0.00	2000
228	11.16	2028	2115	0.00	211	0	0	0	nan	0.00	0.00	4.46	85.24	88.84	0.00	39	0	42	0.00	0.00	64.58	8.04	0.00	0.00	2000
227	11.05	2058	2097	0.00	179	0	0	0	nan	0.00	0.00	4.04	84.96	88.95	0.00	39	0	42	0.00	0.00	64.30	8.09	0.00	0.00	2000
229	11.60	1987	2086	0.42	217	0	0	9	19.97	0.00	0.00	6.08	81.90	88.40	0.00	39	0	43	0.00	0.00	64.43	8.15	0.00	0.00	2000
228	11.42	1993	2108	1.24	179	0	0	4	43.12	0.00	0.00	5.32	83.80	88.58	0.00	39	0	42	0.00	0.00	64.28	8.21	0.00	0.00	2000
229	11.35	2013	2106	0.00	211	0	0	0	nan	0.00	0.00	4.06	85.03	88.65	0.00	39	0	43	0.00	0.00	64.92	7.89	0.00	0.00	2000
226	11.37	1995	2095	0.00	178	0	0	0	nan	0.00	0.00	4.24	84.37	88.63	0.00	39	0	43	0.00	0.00	63.61	8.05	0.00	0.00	2000
229	11.48	1985	2107	0.00	211	0	0	0	nan	0.00	0.00	4.97	84.08	88.52	0.00	39	0	42	0.00	0.00	64.48	7.75	0.00	0.00	2000
226	11.16	2038	2091	0.00	178	0	0	0	nan	0.00	0.00	4.08	84.54	88.84	0.00	39	0	42	0.00	0.00	64.60	7.70	0.00	0.00	2000
235	11.57	2038	2094	0.00	212	0	0	0	nan	0.00	0.00	4.43	83.89	88.43	0.00	39	0	43	0.00	0.00	64.39	7.92	0.00	0.00	2000
228	11.27	2029	2095	0.00	179	0	0	0	nan	0.00	0.00	4.96	83.75	88.73	0.00	39	0	43	0.00	0.00	64.51	7.88	0.00	0.00	2000
228	11.16	2038	2107	0.00	212	0	0	0	nan	0.00	0.00	5.29	84.07	88.84	0.00	39	0	43	0.00	0.00	64.34	7.98	0.00	0.00	2000
228	10.89	2089	2107	0.00	179	0	0	0	nan	0.00	0.02	4.40	85.03	89.11	0.00	39	0	43	0.00	0.00	64.55	8.04	0.00	0.00	2000
228	11.48	1977	2109	0.00	211	0	0	0	nan	0.00	0.00	4.45	84.67	88.52	0.00	39	0	42	0.00	0.00	64.77	7.90	0.00	0.00	2000
228	11.43	1997	2095	0.00	180	0	0	0	nan	0.00	0.00	4.09	84.47	88.57	0.00	39	0	42	0.00	0.00	64.33	7.77	0.00	0.00	2000
230	11.46	2012	2093	0.00	213	0	0	0	nan	0.00	0.00	4.16	84.27	88.54	0.00	39	0	43	0.00	0.00	64.29	7.92	0.00	0.00	2000
228	11.25	2023	2099	0.00	180	0	0	0	nan	0.00	0.00	5.15	83.70	88.75	0.00	40	0	42	0.00	0.00	64.45	7.91	0.00	0.00	2000
228	11.54	1970	2107	0.00	211	0	0	0	nan	0.00	0.00	4.62	84.36	88.46	0.00	39	0	42	0.00	0.00	63.87	7.87	0.00	0.00	2000
227	11.35	2007	2088	0.00	178	0	0	0	nan	0.00	0.00	4.26	84.09	88.65	0.00	39	0	43	0.00	0.00	64.38	7.95	0.00	0.00	2000
228	11.20	2021	2115	0.00	211	0	0	0	nan	0.00	0.00	4.98	84.65	88.80	0.00	39	0	42	0.00	0.00	64.35	7.71	0.00	0.00	2000
228	11.15	2047	2099	0.01	180	0	0	6	23.23	0.00	0.00	4.60	84.38	88.85	0.00	39	0	42	0.00	0.00	64.69	7.82	0.00	0.00	2000
228	11.41	1995	2105	1.61	210	0	0	7	28.31	0.00	0.00	4.16	84.82	88.59	0.00	39	0	42	0.00	0.00	64.64	7.87	0.00	0.00	2000
229	11.14	2059	2093	0.00	179	0	0	0	nan	0.00	0.00	3.63	85.14	88.86	0.00	39	0	42	0.00	0.00	64.65	7.97	0.00	0.00	2000
228	10.93	2078	2112	0.00	213	0	0	0	nan	0.00	0.00	4.96	84.77	89.07	0.00	39	0	42	0.00	0.00	64.59	7.85	0.00	0.00	2000
227	11.55	1992	2075	0.00	180	0	0	0	nan	0.00	0.00	4.04	83.56	88.45	0.00	39	0	42	0.00	0.00	64.40	7.94	0.00	0.00	2000
231	11.38	2026	2102	0.00	212	0	0	0	nan	0.00	0.00	5.30	83.52	88.62	0.00	39	0	43	0.00	0.00	65.14	8.00	0.00	0.00	2000
227	11.23	2008	2112	0.00	178	0	0	0	nan	0.00	0.00	5.01	84.50	88.77	0.00	39	0	42	0.00	0.00	64.66	7.86	0.00	0.00	2000
228	11.65	1976	2084	0.00	195	0	0	0	nan	0.00	0.00	3.98	83.87	88.35	0.00	39	0	42	0.00	0.00	63.91	7.71	0.00	0.00	2000
228	11.38	2003	2098	0.00	195	0	0	0	nan	0.00	0.00	5.36	83.32	88.62	0.00	39	0	43	0.00	0.00	64.11	7.75	0.00	0.00	2000
229	11.14	2036	2118	0.00	210	0	0	0	nan	0.00	0.00	4.66	85.12	88.86	0.00	39	0	42	0.00	0.00	64.53	7.87	0.00	0.00	2000
229	11.07	2089	2078	0.00	179	0	0	0	nan	0.00	0.00	4.68	83.39	88.93	0.00	39	0	42	0.00	0.00	61.68	7.54	0.00	0.00	2000
229	10.98	2077	2110	0.00	210	0	0	0	nan	0.00	0.00	4.93	84.64	89.02	0.00	39	0	43	0.00	0.00	67.82	8.25	0.00	0.00	2000
227	11.30	2008	2104	0.00	180	0	0	0	nan	0.00	0.00	4.96	84.08	88.70	0.00	39	0	43	0.00	0.00	64.25	8.11	0.00	0.00	2000
228	11.26	2029	2095	0.00	211	0	0	0	nan	0.00	0.02	3.90	84.83	88.74	0.00	39	0	43	0.00	0.00	64.30	7.77	0.00	0.00	2000
227	11.10	2052	2092	0.00	179	0	0	0	nan	0.00	0.00	4.57	84.13	88.90	0.00	39	0	43	0.00	0.00	61.59	7.54	0.00	0.00	2000
230	11.43	1988	2124	0.00	211	0	0	0	nan	0.00	0.00	4.83	84.95	88.57	0.00	39	0	43	0.00	0.00	66.97	8.26	0.00	0.00	2000
228	11.20	2044	2091	0.00	180	0	0	0	nan	0.00	0.03	4.07	84.42	88.80	0.00	39	0	42	0.00	0.00	64.62	7.78	0.00	0.00	2000
228	11.46	1994	2094	0.00	211	0	0	10	11.04	0.00	0.00	4.53	83.96	88.54	0.00	38	0	43	0.00	0.00	64.28	8.02	0.00	0.00	2000
227	11.29	2004	2111	1.67	179	0	0	9	24.28	0.00	0.00	4.91	84.47	88.71	0.00	39	0	43	0.00	0.00	64.24	8.15	0.00	0.00	2000
225	11.49	2036	2025	0.00	211	0	0	0	nan	0.00	0.00	3.89	81.60	88.51	0.00	39	0	43	0.00	0.00	59.38	7.35	0.00	0.00	2000
231	11.35	1971	2171	0.00	195	0	0	0	nan	0.00	0.00	3.69	88.19	88.65	0.00	39	0	42	0.00	0.00	67.15	8.27	0.00	0.00	2000
230	11.18	2047	2112	0.00	195	0	0	0	nan	0.00	0.00	4.16	85.34	88.82	0.00	39	0	43	0.00	0.00	66.92	8.27	0.00	0.00	2000
227	11.22	2045	2081	0.00	197	0	0	0	nan	0.00	0.00	3.79	84.40	88.78	0.00	39	0	42	0.00	0.00	61.49	7.46	0.00	0.00	2000
229	11.54	1975	2114	0.00	215	0	0	0	nan	0.00	0.00	6.30	82.98	88.46	0.00	39	0	43	0.00	0.00	67.27	7.78	0.00	0.00	2000
229	11.27	2034	2096	0.00	195	0	0	0	nan	0.00	0.02	6.27	82.47	88.73	0.00	39	0	43	0.00	0.00	61.46	7.54	0.00	0.00	2000
231	11.23	2060	2095	0.00	212	0	0	0	nan	0.00	0.00	4.64	84.05	88.77	0.00	39	0	43	0.00	0.00	64.48	8.20	0.00	0.00	2000
228	11.27	2012	2110	0.00	179	0	0	0	nan	0.00	0.00	4.94	84.39	88.73	0.00	39	0	43	0.00	0.00	67.69	7.97	0.00	0.00	2000
228	11.45	1987	2107	0.00	209	0	0	0	nan	0.00	0.00	3.63	85.44	88.55	0.00	39	0	42	0.00	0.00	64.33	8.15	0.00	0.00	2000
227	11.45	2003	2078	0.00	179	0	0	0	nan	0.00	0.00	4.01	83.82	88.55	0.00	39	0	42	0.00	0.00	59.26	7.21	0.00	0.00	2000
229	11.50	1979	2113	0.00	213	0	0	0	nan	0.00	0.00	4.65	84.61	88.50	0.00	39	0	42	0.00	0.00	66.81	8.13	0.00	0.00	2000
227	11.48	1992	2083	0.00	178	0	0	0	nan	0.00	0.00	4.94	83.07	88.52	0.00	39	0	42	0.00	0.00	61.63	7.46	0.00	0.00	2000
231	11.25	2031	2120	0.00	211	0	0	0	nan	0.00	0.00	5.23	84.48	88.75	0.00	39	0	42	0.00	0.00	66.97	8.30	0.00	0.00	2000
227	11.27	2013	2102	0.00	178	0	0	0	nan	0.00	0.00	4.28	84.73	88.73	0.00	39	0	42	0.00	0.00	64.70	7.97	0.00	0.00	2000
228	11.14	2054	2096	0.00	211	0	0	0	nan	0.00	0.00	4.65	84.17	88.86	0.00	39	0	43	0.00	0.00	64.52	7.86	0.00	0.00	2000
226	11.16	2036	2092	0.00	178	0	0	2	38.17	0.00	0.00	4.41	84.22	88.84	0.00	39	0	43	0.00	0.00	61.80	7.64	0.00	0.00	2000
228	11.14	2037	2114	1.67	211	0	0	11	23.95	0.00	0.02	4.46	85.16	88.86	0.00	39	0	42	0.00	0.00	67.16	8.17	0.00	0.00	2000
230	11.12	2066	2098	0.00	179	0	0	0	nan	0.00	0.02	3.71	85.27	88.88	0.00	39	0	42	0.00	0.00	64.61	7.53	0.00	0.00	2000
234	11.09	2122	2091	0.00	213	0	0	0	nan	0.00	0.00	5.10	83.51	88.91	0.00	39	0	42	0.00	0.00	59.67	7.97	0.00	0.00	2000
227	11.40	1992	2101	0.00	178	0	0	0	nan	0.00	0.00	4.69	84.17	88.60	0.00	39	0	43	0.00	0.00	67.29	7.91	0.00	0.00	2000
229	11.42	2002	2100	0.00	210	0	0	0	nan	0.00	0.00	5.01	83.73	88.58	0.00	39	0	42	0.00	0.00	64.47	7.87	0.00	0.00	2000
227	11.31	2010	2101	0.00	179	0	0	0	nan	0.00	0.00	4.75	84.14	88.69	0.00	39	0	43	0.00	0.00	64.57	7.97	0.00	0.00	2000
230	11.58	1979	2107	0.00	213	0	0	0	nan	0.00	0.00	5.07	83.87	88.42	0.00	39	0	42	0.00	0.00	64.51	7.78	0.00	0.00	2000
227	11.54	1967	2100	0.00	179	0	0	0	nan	0.00	0.00	4.19	84.51	88.46	0.00	39	0	42	0.00	0.00	64.00	7.99	0.00	0.00	2000
229	11.19	2055	2087	0.00	211	0	0	0	nan	0.00	0.00	4.11	84.28	88.81	0.00	39	0	42	0.00	0.00	64.49	7.90	0.00	0.00	2000
228	10.82	2098	2113	0.00	180	0	0	0	nan	0.00	0.00	5.44	84.42	89.18	0.00	39	0	42	0.00	0.00	64.67	7.89	0.00	0.00	2000
229	11.00	2082	2102	0.00	211	0	0	0	nan	0.00	0.00	4.74	84.53	89.00	0.00	39	0	42	0.00	0.00	64.59	7.96	0.00	0.00	2000
229	11.23	2057	2083	0.00	180	0	0	0	nan	0.00	0.00	4.91	83.28	88.77	0.00	39	0	43	0.00	0.00	64.67	7.84	0.00	0.00	2000
230	11.11	2058	2109	0.00	195	0	0	0	nan	0.00	0.00	4.55	84.79	88.89	0.00	39	0	42	0.00	0.00	64.88	7.99	0.00	0.00	2000
226	11.00	2054	2104	0.00	194	0	0	0	nan	0.00	0.02	4.19	85.12	89.00	0.00	39	0	42	0.00	0.00	64.36	7.84	0.00	0.00	2000
227	11.56	1974	2092	0.00	210	0	0	0	nan	0.00	0.00	4.35	83.97	88.44	0.00	39	0	42	0.00	0.00	64.64	7.88	0.00	0.00	2000
227	11.17	2034	2102	0.00	179	0	0	0	nan	0.00	0.00	4.93	84.21	88.83	0.00	39	0	42	0.00	0.00	64.57	7.79	0.00	0.00	2000
230	11.50	1984	2118	0.00	211	0	0	0	nan	0.00	0.00	4.19	85.23	88.50	0.00	39	0	42	0.00	0.00	64.62	7.86	0.00	0.00	2000
229	11.30	2032	2091	1.48	179	0	0	11	11.11	0.00	0.00	3.81	84.74	88.70	0.00	39	0	42	0.00	0.00	63.95	7.75	0.00	0.00	2000
228	11.41	1994	2105	0.24	210	0	0	0	nan	0.00	0.00	4.03	84.99	88.59	0.00	39	0	42	0.00	0.00	64.86	8.02	0.00	0.00	2000
227	11.30	2014	2093	0.00	179	0	0	0	nan	0.00	0.00	4.37	84.23	88.70	0.00	39	0	42	0.00	0.00	63.93	7.98	0.00	0.00	2000
228	11.21	2049	2087	0.00	211	0	0	0	nan	0.00	0.00	4.14	84.05	88.79	0.00	39	0	42	0.00	0.00	65.08	7.97	0.00	0.00	2000
229	11.66	1952	2114	0.00	181	0	0	0	nan	0.00	0.00	6.67	82.48	88.34	0.00	39	0	42	0.00	0.00	64.09	8.06	0.00	0.00	2000
231	11.15	2068	2099	0.00	212	0	0	0	nan	0.00	0.00	4.60	84.29	88.85	0.00	39	0	42	0.00	0.00	64.83	7.88	0.00	0.00	2000
227	11.39	1994	2098	0.00	179	0	0	0	nan	0.00	0.00	4.72	83.94	88.61	0.00	39	0	43	0.00	0.00	64.56	7.94	0.00	0.00	2000
228	11.59	1963	2102	0.00	211	0	0	0	nan	0.00	0.00	3.99	84.73	88.41	0.00	39	0	42	0.00	0.00	64.45	7.99	0.00	0.00	2000
227	11.41	1998	2089	0.00	178	0	0	0	nan	0.00	0.00	4.32	83.97	88.59	0.00	39	0	43	0.00	0.00	64.22	8.01	0.00	0.00	2000
228	11.21	2026	2113	0.00	211	0	0	0	nan	0.00	0.00	4.47	85.07	88.79	0.00	39	0	43	0.00	0.00	64.28	7.96	0.00	0.00	2000
228	11.29	2036	2087	0.00	179	0	0	0	nan	0.00	0.00	4.22	84.07	88.71	0.00	39	0	43	0.00	0.00	64.57	7.88	0.00	0.00	2000
228	11.45	1986	2108	0.00	212	0	0	0	nan	0.00	0.00	4.32	84.75	88.55	0.00	39	0	42	0.00	0.00	64.33	7.91	0.00	0.00	2000
228	11.50	1992	2091	0.00	182	0	0	0	nan	0.00	0.00	5.47	82.83	88.50	0.00	39	0	42	0.00	0.00	64.77	7.82	0.00	0.00	2000
229	11.36	2005	2109	0.00	211	0	0	0	nan	0.00	0.00	4.86	84.32	88.64	0.00	39	0	42	0.00	0.00	64.12	8.02	0.00	0.00	2000
227	11.29	2009	2098	0.00	179	0	0	0	nan	0.00	0.00	4.33	84.52	88.71	0.00	39	0	43	0.00	0.00	64.61	7.88	0.00	0.00	2000
229	11.38	2002	2114	0.00	212	0	0	0	nan	0.00	0.00	4.86	84.58	88.62	0.00	39	0	42	0.00	0.00	64.52	8.00	0.00	0.00	2000
226	11.28	2030	2077	0.00	178	0	0	0	nan	0.00	0.00	3.66	84.31	88.72	0.00	39	0	42	0.00	0.00	64.26	7.98	0.00	0.00	2000
230	11.57	1973	2116	1.08	211	0	0	11	15.19	0.00	0.00	4.20	85.12	88.43	0.00	39	0	42	0.00	0.00	64.82	8.15	0.00	0.00	2000
227	11.23	2032	2090	0.64	178	0	0	0	nan	0.00	0.00	4.04	84.39	88.77	0.00	39	0	42	0.00	0.00	64.66	8.02	0.00	0.00	2000
229	11.24	2017	2118	0.00	212	0	0	0	nan	0.00	0.00	4.79	84.96	88.76	0.00	39	0	42	0.00	0.00	64.72	8.00	0.00	0.00	2000
229	11.51	1994	2096	0.00	180	0	0	0	nan	0.01	0.00	3.64	84.83	88.49	0.00	39	0	42	0.00	0.00	64.08	8.04	0.00	0.00	2000
229	11.52	1988	2096	0.00	211	0	0	0	nan	0.00	0.00	3.96	84.55	88.48	0.00	39	0	42	0.00	0.00	64.61	8.00	0.00	0.00	2000
229	11.49	2000	2091	0.00	178	0	0	0	nan	0.00	0.00	3.93	84.30	88.51	0.00	39	0	42	0.00	0.00	64.13	7.97	0.00	0.00	2000
229	11.37	2015	2096	0.00	212	0	0	0	nan	0.00	0.00	4.60	84.02	88.63	0.00	39	0	42	0.00	0.00	64.73	7.75	0.00	0.00	2000
227	11.38	1992	2104	0.00	179	0	0	0	nan	0.00	0.00	4.80	84.19	88.62	0.00	39	0	42	0.00	0.00	64.07	7.79	0.00	0.00	2000
229	11.69	1958	2100	0.00	214	0	0	0	nan	0.00	0.00	4.73	83.80	88.31	0.00	39	0	42	0.00	0.00	64.24	8.13	0.00	0.00	2000
229	11.55	1988	2091	0.00	180	0	0	0	nan	0.00	0.00	4.50	83.77	88.45	0.00	39	0	43	0.00	0.00	64.06	8.10	0.00	0.00	2000
228	11.47	1977	2114	0.00	212	0	0	0	nan	0.00	0.00	5.40	83.92	88.53	0.00	39	0	43	0.00	0.00	64.14	8.06	0.00	0.00	2000
227	11.37	2006	2094	0.00	178	0	0	0	nan	0.00	0.00	4.29	84.28	88.63	0.00	39	0	43	0.00	0.00	64.28	7.93	0.00	0.00	2000
228	11.15	2044	2103	0.00	210	0	0	0	nan	0.00	0.00	4.69	84.43	88.85	0.00	39	0	42	0.00	0.00	64.54	8.02	0.00	0.00	2000
228	11.18	2031	2104	0.00	179	0	0	0	nan	0.00	0.00	4.57	84.64	88.82	0.00	39	0	42	0.00	0.00	64.27	7.92	0.00	0.00	2000
230	11.58	1999	2091	0.00	213	0	0	0	nan	0.00	0.00	4.28	83.95	88.42	0.00	39	0	43	0.00	0.00	64.66	7.85	0.00	0.00	2000
227	11.05	2042	2110	0.00	178	0	0	0	nan	0.00	0.00	4.48	85.10	88.95	0.00	39	0	42	0.00	0.00	64.01	7.91	0.00	0.00	2000
228	11.32	2012	2104	0.00	213	0	0	0	nan	0.00	0.00	4.47	84.58	88.68	0.00	39	0	42	0.00	0.00	64.45	7.98	0.00	0.00	2000
228	11.33	2026	2084	0.67	179	0	0	10	19.10	0.00	0.00	4.60	83.61	88.67	0.00	39	0	42	0.00	0.00	64.07	7.94	0.00	0.00	2000
229	11.42	1999	2110	1.04	211	0	0	3	55.67	0.00	0.00	5.63	83.55	88.58	0.00	39	0	42	0.00	0.00	64.64	8.00	0.00	0.00	2000
229	11.54	1986	2100	0.00	180	0	0	0	nan	0.00	0.00	4.70	83.99	88.46	0.00	39	0	42	0.00	0.00	64.44	8.03	0.00	0.00	2000
228	11.26	2020	2105	0.00	210	0	0	0	nan	0.00	0.00	4.19	84.90	88.74	0.00	39	0	42	0.00	0.00	64.65	7.72	0.00	0.00	2000
227	11.35	2007	2095	0.00	178	0	0	0	nan	0.00	0.00	3.98	84.61	88.65	0.00	39	0	42	0.00	0.00	64.33	7.86	0.00	0.00	2000
228	11.56	1966	2106	0.00	211	0	0	0	nan	0.00	0.00	4.55	84.36	88.44	0.00	39	0	42	0.00	0.00	61.63	7.72	0.00	0.00	2000
227	11.34	2011	2087	0.00	180	0	0	0	nan	0.00	0.00	4.04	84.24	88.66	0.00	39	0	42	0.00	0.00	66.77	7.93	0.00	0.00	2000
231	11.47	2010	2103	0.00	213	0	0	0	nan	0.00	0.00	4.67	84.12	88.53	0.00	39	0	43	0.00	0.00	64.94	8.07	0.00	0.00	2000
227	11.40	1990	2102	0.00	180	0	0	0	nan	0.00	0.02	4.28	84.62	88.60	0.00	39	0	42	0.00	0.00	63.94	7.89	0.00	0.00	2000
229	11.42	1990	2116	0.00	210	0	0	0	nan	0.00	0.00	3.71	85.71	88.58	0.00	39	0	42	0.00	0.00	64.65	7.94	0.00	0.00	2000
226	11.23	2046	2068	0.00	179	0	0	0	nan	0.00	0.00	4.10	83.41	88.77	0.00	39	0	42	0.00	0.00	64.68	8.01	0.00	0.00	2000
229	11.23	2011	2124	0.00	210	0	0	0	nan	0.00	0.00	4.71	85.24	88.77	0.00	39	0	42	0.00	0.00	64.55	7.83	0.00	0.00	2000
229	11.28	2039	2094	0.00	177	0	0	0	nan	0.00	0.00	4.03	84.45	88.72	0.00	39	0	42	0.00	0.00	64.76	7.93	0.00	0.00	2000
229	11.39	2004	2104	0.00	211	0	0	0	nan	0.00	0.00	4.42	84.55	88.61	0.00	39	0	42	0.00	0.00	64.46	7.96	0.00	0.00	2000
228	11.44	2006	2083	0.00	180	0	0	0	nan	0.00	0.00	4.51	83.46	88.56	0.00	39	0	42	0.00	0.00	64.25	8.03	0.00	0.00	2000
228	11.41	1984	2117	0.00	211	0	0	0	nan	0.00	0.00	5.02	84.49	88.59	0.00	39	0	42	0.00	0.00	64.21	7.77	0.00	0.00	2000
226	11.52	1973	2093	0.00	179	0	0	0	nan	0.00	0.00	4.17	84.22	88.48	0.00	39	0	43	0.00	0.00	64.21	7.87	0.00	0.00	2000
229	11.30	2032	2096	0.20	212	0	0	7	22.97	0.00	0.00	4.28	84.44	88.70	0.00	39	0	43	0.00	0.00	64.41	8.07	0.00	0.00	2000
229	11.22	2035	2107	1.43	180	0	0	5	37.39	0.00	0.00	5.22	84.08	88.78	0.00	39	0	42	0.00	0.00	64.29	7.91	0.00	0.00	2000
225	11.40	2051	2025	0.00	213	0	0	0	nan	0.00	0.00	5.18	80.39	88.60	0.00	39	0	42	0.00	0.00	59.49	7.52	0.00	0.00	2000
232	11.04	2027	2181	0.00	198	0	0	0	nan	0.00	0.00	5.11	87.46	88.96	0.00	39	0	42	0.00	0.00	69.72	8.56	0.00	0.00	2000
229	11.61	1964	2108	0.00	212	0	0	0	nan	0.00	0.00	4.88	84.08	88.39	0.00	39	0	42	0.00	0.00	65.02	7.94	0.00	0.00	2000
228	11.06	2065	2096	0.00	179	0	0	0	nan	0.00	0.00	3.63	85.26	88.94	0.00	39	0	42	0.00	0.00	61.54	7.59	0.00	0.00	2000
229	11.52	2002	2088	0.00	210	0	0	0	nan	0.00	0.00	4.07	83.89	88.48	0.00	39	0	43	0.00	0.00	67.18	8.17	0.00	0.00	2000
228	11.39	1986	2113	0.00	179	0	0	0	nan	0.00	0.00	4.92	84.46	88.61	0.00	39	0	42	0.00	0.00	64.38	7.86	0.00	0.00	2000
229	11.24	2033	2103	0.00	212	0	0	0	nan	0.00	0.00	3.88	85.10	88.76	0.00	39	0	42	0.00	0.00	64.39	7.95	0.00	0.00	2000
228	11.39	2007	2094	0.00	180	0	0	0	nan	0.00	0.00	4.18	84.36	88.61	0.00	39	0	42	0.00	0.00	64.82	8.03	0.00	0.00	2000
229	11.48	1995	2098	0.00	212	0	0	0	nan	0.00	0.00	3.82	84.79	88.52	0.00	39	0	42	0.00	0.00	64.33	7.77	0.00	0.00	2000
228	11.36	2010	2100	0.00	179	0	0	0	nan	0.00	0.00	4.41	84.36	88.64	0.00	39	0	42	0.00	0.00	64.42	7.83	0.00	0.00	2000
228	11.35	1998	2109	0.00	211	0	0	0	nan	0.00	0.00	4.38	84.85	88.65	0.00	39	0	42	0.00	0.00	64.16	7.95	0.00	0.00	2000
232	11.40	2046	2086	0.00	178	0	0	0	nan	0.00	0.00	4.69	83.52	88.60	0.00	39	0	42	0.00	0.00	64.25	7.47	0.00	0.00	2000
229	11.26	2023	2113	0.00	229	0	0	0	nan	0.00	0.00	4.76	84.75	88.74	0.00	39	0	42	0.00	0.00	64.54	8.13	0.00	0.00	2000
227	11.11	2046	2094	0.00	178	0	0	0	nan	0.00	0.00	4.12	84.61	88.89	0.00	39	0	42	0.00	0.00	62.11	7.54	0.00	0.00	2000
227	11.38	2071	2023	0.00	212	0	0	0	nan	0.00	0.00	3.63	81.90	88.62	0.00	39	0	43	0.00	0.00	62.08	7.48	0.00	0.00	2000
235	11.40	1983	2181	0.20	204	0	0	8	26.06	0.00	0.00	3.91	88.31	88.60	0.00	39	0	42	0.00	0.00	67.27	8.09	0.00	0.00	2000
230	11.37	2023	2102	1.44	214	0	0	6	36.39	0.00	0.00	6.11	82.71	88.63	0.00	39	0	43	0.00	0.00	67.43	8.39	0.00	0.00	2000
228	11.45	1995	2098	0.00	183	0	0	0	nan	0.00	0.00	6.71	81.97	88.55	0.00	39	0	43	0.00	0.00	58.77	7.13	0.00	0.00	2000
231	11.55	1982	2115	0.00	215	0	0	0	nan	0.00	0.00	6.87	82.43	88.45	0.00	39	0	42	0.00	0.00	67.59	8.37	0.00	0.00	2000
227	11.38	2021	2076	0.00	180	0	0	0	nan	0.00	0.00	3.67	84.03	88.62	0.00	39	0	42	0.00	0.00	61.80	7.42	0.00	0.00	2000
228	11.45	1972	2124	0.00	213	0	0	0	nan	0.00	0.00	5.09	84.70	88.55	0.00	39	0	42	0.00	0.00	67.01	8.33	0.00	0.00	2000
227	11.13	2054	2090	0.00	181	0	0	0	nan	0.00	0.02	4.13	84.49	88.87	0.00	39	0	42	0.00	0.00	64.82	7.88	0.00	0.00	2000
228	11.25	2029	2101	0.00	211	0	0	0	nan	0.00	0.00	4.11	84.88	88.75	0.00	39	0	42	0.00	0.00	61.37	7.55	0.00	0.00	2000
227	10.98	2094	2077	0.00	178	0	0	0	nan	0.00	0.00	4.20	83.87	89.02	0.00	39	0	43	0.00	0.00	65.01	8.18	0.00	0.00	2000
230	11.53	1988	2111	0.00	213	0	0	0	nan	0.00	0.00	5.67	83.42	88.47	0.00	39	0	42	0.00	0.00	64.66	7.85	0.00	0.00	2000
227	11.15	2042	2094	0.00	178	0	0	0	nan	0.00	0.00	4.51	84.28	88.85	0.00	39	0	42	0.00	0.00	64.89	7.98	0.00	0.00	2000
228	11.10	2034	2123	0.00	211	0	0	0	nan	0.00	0.00	4.80	85.29	88.90	0.00	39	0	42	0.00	0.00	64.67	8.09	0.00	0.00	2000
227	11.38	2003	2090	0.00	179	0	0	0	nan	0.00	0.00	3.91	84.43	88.62	0.00	39	0	42	0.00	0.00	64.51	7.71	0.00	0.00	2000
227	11.43	1988	2101	0.00	211	0	0	0	nan	0.00	0.00	4.18	84.64	88.57	0.00	39	0	42	0.00	0.00	64.56	7.89	0.00	0.00	2000
229	11.73	1962	2090	0.00	180	0	0	0	nan	0.00	0.00	4.65	83.42	88.27	0.00	39	0	43	0.00	0.00	64.58	7.89	0.00	0.00	2000
229	11.41	2001	2103	0.00	211	0	0	0	nan	0.00	0.00	4.40	84.47	88.59	0.00	39	0	42	0.00	0.00	64.62	7.80	0.00	0.00	2000
228	11.29	2020	2098	0.00	179	0	0	0	nan	0.00	0.00	4.69	84.13	88.71	0.00	39	0	42	0.00	0.00	64.33	7.85	0.00	0.00	2000
228	11.22	2018	2114	0.00	212	0	0	5	24.35	0.00	0.00	5.27	84.32	88.78	0.00	39	0	43	0.00	0.00	64.65	7.91	0.00	0.00	2000
227	11.32	2023	2081	1.61	179	0	0	8	26.93	0.00	0.00	4.02	84.03	88.68	0.00	39	0	43	0.00	0.00	63.84	7.81	0.00	0.00	2000
231	11.12	2070	2107	0.00	211	0	0	0	nan	0.00	0.00	5.22	84.08	88.88	0.00	39	0	43	0.00	0.00	64.87	7.80	0.00	0.00	2000
227	11.09	2039	2110	0.00	178	0	0	0	nan	0.00	0.00	4.89	84.65	88.91	0.00	39	0	42	0.00	0.00	64.57	7.94	0.00	0.00	2000
228	11.03	2069	2102	0.00	212	0	0	0	nan	0.00	0.02	4.30	84.89	88.97	0.00	39	0	43	0.00	0.00	64.45	7.83	0.00	0.00	2000
227	11.34	2011	2087	0.00	178	0	0	0	nan	0.00	0.00	3.79	84.53	88.66	0.00	39	0	43	0.00	0.00	65.06	7.85	0.00	0.00	2000
228	11.43	1983	2111	0.00	211	0	0	0	nan	0.00	0.00	4.80	84.43	88.57	0.00	39	0	42	0.00	0.00	64.28	7.88	0.00	0.00	2000
227	11.08	2052	2097	0.00	178	0	0	0	nan	0.00	0.00	3.88	85.04	88.92	0.00	39	0	42	0.00	0.00	64.45	7.92	0.00	0.00	2000
229	11.52	1990	2098	0.00	210	0	0	0	nan	0.00	0.00	4.37	84.22	88.48	0.00	39	0	42	0.00	0.00	64.63	7.51	0.00	0.00	2000
229	11.28	2031	2097	0.00	182	0	0	0	nan	0.00	0.00	6.07	82.62	88.72	0.00	39	0	42	0.00	0.00	64.31	7.86	0.00	0.00	2000
228	11.50	1973	2109	0.00	212	0	0	0	nan	0.03	0.00	4.28	84.81	88.50	0.00	39	0	42	0.00	0.00	64.28	7.91	0.00	0.00	2000
227	11.35	2009	2093	0.00	179	0	0	0	nan	0.00	0.00	4.27	84.30	88.65	0.00	39	0	42	0.00	0.00	64.48	7.79	0.00	0.00	2000
228	11.32	2003	2112	0.00	211	0	0	0	nan	0.00	0.00	4.21	85.19	88.68	0.00	39	0	42	0.00	0.00	64.07	7.87	0.00	0.00	2000
229	11.47	2013	2079	0.00	180	0	0	0	nan	0.00	0.00	4.32	83.52	88.53	0.00	39	0	43	0.00	0.00	64.50	7.95	0.00	0.00	2000
229	11.21	2033	2109	0.00	210	0	0	0	nan	0.00	0.00	4.64	84.75	88.79	0.00	39	0	42	0.00	0.00	64.52	7.93	0.00	0.00	2000
227	11.36	1990	2106	0.00	179	0	0	0	nan	0.00	0.00	4.60	84.53	88.64	0.00	38	0	42	0.00	0.00	64.38	7.94	0.00	0.00	2000
230	11.49	2001	2098	0.00	210	0	0	0	nan	0.00	0.00	4.06	84.57	88.51	0.00	39	0	42	0.00	0.00	64.44	7.86	0.00	0.00	2000
229	11.49	2009	2081	0.00	178	0	0	2	39.34	0.00	0.00	4.82	83.08	88.51	0.00	39	0	42	0.00	0.00	64.07	7.87	0.00	0.00	2000
231	11.42	2004	2120	1.64	212	0	0	11	24.47	0.00	0.00	5.19	84.45	88.58	0.00	39	0	42	0.00	0.00	64.59	7.98	0.00	0.00	2000
228	11.50	1979	2100	0.00	178	0	0	0	nan	0.00	0.00	4.33	84.34	88.50	0.00	39	0	42	0.00	0.00	64.19	7.84	0.00	0.00	2000
228	11.41	1988	2108	0.00	211	0	0	0	nan	0.00	0.00	3.77	85.31	88.59	0.00	39	0	42	0.00	0.00	64.43	7.89	0.00	0.00	2000
227	11.33	2011	2091	0.00	179	0	0	0	nan	0.00	0.00	4.11	84.36	88.67	0.00	39	0	43	0.00	0.00	64.33	8.00	0.00	0.00	2000
229	11.41	2018	2088	0.00	210	0	0	0	nan	0.00	0.00	4.26	83.96	88.59	0.00	39	0	42	0.00	0.00	64.85	7.98	0.00	0.00	2000
231	11.36	2037	2094	0.00	182	0	0	0	nan	0.00	0.02	7.10	81.44	88.64	0.00	39	0	42	0.00	0.00	64.93	7.95	0.00	0.00	2000
225	11.31	2045	2039	0.00	212	0	0	0	nan	0.00	0.00	4.52	81.71	88.69	0.00	39	0	42	0.00	0.00	59.39	7.25	0.00	0.00	2000
230	10.82	2050	2180	0.00	196	0	0	0	nan	0.00	0.02	3.63	89.15	89.18	0.00	39	0	43	0.00	0.00	70.63	8.48	0.00	0.00	2000
229	11.47	1998	2096	0.00	211	0	0	0	nan	0.00	0.00	4.67	83.87	88.53	0.00	39	0	42	0.00	0.00	64.66	7.98	0.00	0.00	2000
227	10.98	2063	2110	0.00	178	0	0	0	nan	0.00	0.00	4.52	85.07	89.02	0.00	39	0	42	0.00	0.00	64.79	7.88	0.00	0.00	2000
226	11.53	2017	2040	0.00	210	0	0	0	nan	0.00	0.00	3.91	82.24	88.47	0.00	39	0	42	0.00	0.00	59.78	7.32	0.00	0.00	2000
230	11.06	2032	2148	0.00	197	0	0	0	nan	0.00	0.00	3.36	87.76	88.94	0.00	39	0	42	0.00	0.00	69.69	8.34	0.00	0.00	2000
228	11.60	1960	2107	0.00	211	0	0	0	nan	0.00	0.00	4.92	83.98	88.40	0.00	39	0	42	0.00	0.00	64.21	7.91	0.00	0.00	2000
227	11.40	1986	2106	0.00	178	0	0	0	nan	0.00	0.00	4.72	84.35	88.60	0.00	39	0	42	0.00	0.00	64.03	7.88	0.00	0.00	2000
228	11.33	2015	2098	0.00	210	0	0	0	nan	0.00	0.00	4.03	84.70	88.67	0.00	39	0	42	0.00	0.00	64.59	7.89	0.00	0.00	2000
231	11.26	2059	2094	0.00	179	0	0	0	nan	0.00	0.01	4.45	84.14	88.74	0.00	39	0	43	0.00	0.00	64.72	7.76	0.00	0.00	2000
230	11.21	2037	2110	0.00	211	0	0	2	39.37	0.00	0.00	4.55	84.88	88.79	0.00	39	0	42	0.00	0.00	64.48	7.89	0.00	0.00	2000
227	11.34	2005	2100	1.67	179	0	0	11	26.06	0.00	0.00	4.33	84.53	88.66	0.00	39	0	43	0.00	0.00	64.14	7.74	0.00	0.00	2000
229	11.32	2029	2094	0.00	211	0	0	0	nan	0.00	0.01	4.30	84.28	88.68	0.00	39	0	43	0.00	0.00	64.76	7.71	0.00	0.00	2000
227	11.10	2052	2088	0.00	178	0	0	0	nan	0.00	0.00	4.70	83.83	88.90	0.00	39	0	43	0.00	0.00	64.47	8.00	0.00	0.00	2000
230	11.58	1962	2127	0.00	213	0	0	0	nan	0.00	0.00	5.09	84.65	88.42	0.00	39	0	42	0.00	0.00	64.62	8.00	0.00	0.00	2000
228	10.98	2080	2095	0.00	178	0	0	0	nan	0.00	0.00	3.56	85.41	89.02	0.00	39	0	43	0.00	0.00	64.64	7.87	0.00	0.00	2000
228	11.44	2000	2094	0.00	209	0	0	0	nan	0.00	0.00	4.09	84.41	88.56	0.00	39	0	43	0.00	0.00	64.81	7.88	0.00	0.00	2000
227	11.36	1995	2100	0.00	178	0	0	0	nan	0.00	0.00	4.55	84.31	88.64	0.00	39	0	42	0.00	0.00	64.24	7.68	0.00	0.00	2000
229	11.09	2058	2107	0.00	213	0	0	0	nan	0.00	0.00	4.94	84.34	88.91	0.00	39	0	43	0.00	0.00	64.60	7.81	0.00	0.00	2000
229	11.24	2044	2097	0.00	179	0	0	0	nan	0.00	0.00	4.62	84.12	88.76	0.00	39	0	42	0.00	0.00	65.21	7.69	0.00	0.00	2000
228	11.38	2016	2089	0.00	211	0	0	0	nan	0.00	0.00	3.81	84.40	88.62	0.00	39	0	43	0.00	0.00	64.63	7.98	0.00	0.00	2000
227	11.24	2015	2109	0.00	179	0	0	0	nan	0.00	0.00	4.81	84.54	88.76	0.00	39	0	42	0.00	0.00	64.31	7.79	0.00	0.00	2000
229	11.25	2033	2099	0.00	213	0	0	0	nan	0.00	0.00	5.83	83.02	88.75	0.00	39	0	42	0.00	0.00	64.57	7.89	0.00	0.00	2000
227	10.90	2081	2104	0.00	179	0	0	0	nan	0.00	0.00	4.49	84.83	89.10	0.00	39	0	43	0.00	0.00	65.02	7.80	0.00	0.00	2000
230	11.35	2037	2087	0.00	212	0	0	0	nan	0.00	0.00	4.56	83.70	88.65	0.00	39	0	42	0.00	0.00	61.15	8.01	0.00	0.00	2000
230	11.11	2070	2097	0.00	178	0	0	0	nan	0.00	0.00	4.12	84.80	88.89	0.00	39	0	42	0.00	0.00	67.56	7.92	0.00	0.00	2000
230	11.51	1980	2116	0.00	214	0	0	0	nan	0.00	0.00	5.95	83.44	88.49	0.00	39	0	42	0.00	0.00	64.46	8.05	0.00	0.00	2000
227	11.53	1979	2086	0.00	179	0	0	0	nan	0.00	0.00	4.26	83.84	88.47	0.00	39	0	42	0.00	0.00	64.46	7.88	0.00	0.00	2000
229	11.25	2023	2111	1.47	211	0	0	11	19.06	0.00	0.00	4.18	85.21	88.75	0.00	39	0	43	0.00	0.00	64.37	8.01	0.00	0.00	2000
229	11.22	2043	2101	0.23	179	0	0	0	nan	0.00	0.00	4.92	84.03	88.78	0.00	39	0	42	0.00	0.00	64.95	7.98	0.00	0.00	2000
229	11.31	2023	2106	0.00	213	0	0	0	nan	0.00	0.00	4.85	84.28	88.69	0.00	39	0	42	0.00	0.00	61.61	7.92	0.00	0.00	2000
227	11.32	2027	2074	0.00	178	0	0	0	nan	0.00	0.00	3.89	83.83	88.68	0.00	39	0	42	0.00	0.00	61.80	7.16	0.00	0.00	2000
229	11.12	2035	2122	0.00	211	0	0	0	nan	0.00	0.00	4.97	84.93	88.88	0.00	39	0	42	0.00	0.00	70.15	8.43	0.00	0.00	2000
227	11.44	1985	2101	0.00	179	0	0	0	nan	0.00	0.00	4.10	84.69	88.56	0.00	39	0	42	0.00	0.00	64.73	7.93	0.00	0.00	2000
229	11.28	2029	2105	0.00	210	0	0	0	nan	0.00	0.00	4.41	84.73	88.72	0.00	39	0	42	0.00	0.00	64.33	7.83	0.00	0.00	2000
229	11.45	2019	2082	0.00	181	0	0	0	nan	0.00	0.00	3.81	84.09	88.55	0.00	39	0	43	0.00	0.00	64.60	7.93	0.00	0.00	2000
229	11.16	2043	2106	0.00	211	0	0	0	nan	0.00	0.00	4.42	84.82	88.84	0.00	39	0	43	0.00	0.00	64.50	7.68	0.00	0.00	2000
227	11.22	2024	2103	0.00	178	0	0	0	nan	0.00	0.00	4.16	84.94	88.78	0.00	39	0	42	0.00	0.00	64.49	7.92	0.00	0.00	2000
228	11.24	2022	2105	0.00	211	0	0	0	nan	0.00	0.00	4.04	85.12	88.76	0.00	39	0	42	0.00	0.00	64.45	7.91	0.00	0.00	2000
227	11.61	1967	2087	0.00	179	0	0	0	nan	0.00	0.00	4.58	83.46	88.39	0.00	39	0	42	0.00	0.00	64.26	7.90	0.00	0.00	2000
230	11.47	1983	2125	0.00	211	0	0	0	nan	0.00	0.00	5.24	84.50	88.53	0.00	39	0	42	0.00	0.00	63.25	7.41	0.00	0.00	2000
227	11.43	2030	2049	0.00	179	0	0	0	nan	0.00	0.02	3.10	83.54	88.57	0.00	39	0	42	0.00	0.00	60.30	7.85	0.00	0.00	2000
236	11.56	1999	2141	0.00	213	0	0	0	nan	0.00	0.00	4.25	86.15	88.44	0.00	39	0	42	0.00	0.00	70.19	8.61	0.00	0.00	2000
227	11.63	1977	2075	0.00	179	0	0	0	nan	0.00	0.00	4.45	83.02	88.37	0.00	39	0	42	0.00	0.00	58.45	7.19	0.00	0.00	2000
228	11.17	2027	2117	0.00	210	0	0	0	nan	0.00	0.00	4.82	84.95	88.83	0.00	39	0	42	0.00	0.00	67.30	8.40	0.00	0.00	2000
229	11.43	2022	2084	1.08	179	0	0	11	13.92	0.00	0.00	4.80	83.30	88.57	0.00	39	0	43	0.00	0.00	61.08	7.35	0.00	0.00	2000
230	11.06	2071	2109	0.64	213	0	0	0	nan	0.00	0.00	6.11	83.32	88.94	0.00	39	0	43	0.00	0.00	64.81	7.99	0.00	0.00	2000
228	11.01	2059	2109	0.00	181	0	0	0	nan	0.00	0.00	5.49	84.02	88.99	0.00	39	0	42	0.00	0.00	67.32	8.24	0.00	0.00	2000
228	11.25	2017	2105	0.00	211	0	0	0	nan	0.01	0.00	4.42	84.74	88.75	0.00	39	0	42	0.00	0.00	64.36	7.92	0.00	0.00	2000
227	11.11	2064	2077	0.00	178	0	0	0	nan	0.00	0.01	3.83	84.17	88.89	0.00	39	0	42	0.00	0.00	61.53	7.49	0.00	0.00	2000
230	11.44	1972	2141	0.00	212	0	0	0	nan	0.00	0.00	4.95	85.55	88.56	0.00	39	0	42	0.00	0.00	69.58	8.54	0.00	0.00	2000
228	11.15	2067	2074	0.00	178	0	0	0	nan	0.00	0.01	3.16	84.67	88.85	0.00	39	0	42	0.00	0.00	59.12	7.34	0.00	0.00	2000
228	11.49	1987	2096	0.00	211	0	0	0	nan	0.00	0.00	4.23	84.31	88.51	0.00	39	0	42	0.00	0.00	64.40	7.92	0.00	0.00	2000
228	11.23	2040	2090	0.00	179	0	0	0	nan	0.00	0.00	4.92	83.53	88.77	0.00	39	0	43	0.00	0.00	64.22	7.98	0.00	0.00	2000
228	11.37	1994	2115	0.00	212	0	0	0	nan	0.00	0.00	5.38	84.12	88.63	0.00	39	0	42	0.00	0.00	64.34	8.05	0.00	0.00	2000
227	11.25	2028	2090	0.00	179	0	0	0	nan	0.00	0.03	4.60	83.86	88.75	0.00	39	0	42	0.00	0.00	64.34	7.77	0.00	0.00	2000
229	11.48	1990	2107	0.00	211	0	0	0	nan	0.00	0.00	5.02	84.01	88.52	0.00	39	0	42	0.00	0.00	64.15	7.93	0.00	0.00	2000
227	11.11	2034	2110	0.00	179	0	0	0	nan	0.00	0.00	4.85	84.66	88.89	0.00	39	0	43	0.00	0.00	64.14	7.83	0.00	0.00	2000
228	11.16	2044	2103	0.00	211	0	0	0	nan	0.00	0.00	4.17	84.99	88.84	0.00	39	0	42	0.00	0.00	64.57	7.95	0.00	0.00	2000
229	11.20	2059	2087	0.00	179	0	0	0	nan	0.00	0.00	4.20	84.18	88.80	0.00	39	0	43	0.00	0.00	64.78	7.90	0.00	0.00	2000
228	11.19	2027	2113	0.00	211	0	0	0	nan	0.00	0.02	4.76	84.82	88.81	0.00	39	0	42	0.00	0.00	64.40	7.85	0.00	0.00	2000
230	11.28	2059	2080	0.00	179	0	0	0	nan	0.00	0.00	3.63	84.32	88.72	0.00	39	0	42	0.00	0.00	65.35	7.93	0.00	0.00	2000
229	11.24	2013	2122	0.68	211	0	0	10	19.88	0.00	0.00	4.68	85.16	88.76	0.00	39	0	42	0.00	0.00	67.24	7.85	0.00	0.00	2000
227	11.43	1990	2095	1.03	177	0	0	3	53.44	0.00	0.00	3.92	84.55	88.57	0.00	39	0	42	0.00	0.00	61.71	7.98	0.00	0.00	2000
228	11.39	2000	2103	0.00	211	0	0	0	nan	0.00	0.00	3.83	85.10	88.61	0.00	39	0	43	0.00	0.00	64.17	7.90	0.00	0.00	2000
226	11.37	1996	2094	0.00	178	0	0	0	nan	0.00	0.00	4.20	84.38	88.63	0.00	39	0	43	0.00	0.00	64.33	7.81	0.00	0.00	2000
229	11.64	1970	2101	0.00	212	0	0	0	nan	0.00	0.00	4.60	84.02	88.36	0.00	39	0	42	0.00	0.00	64.49	7.95	0.00	0.00	2000
228	11.20	2035	2101	0.00	182	0	0	0	nan	0.00	0.00	5.89	83.07	88.80	0.00	38	0	42	0.00	0.00	64.52	8.08	0.00	0.00	2000
228	11.33	2009	2103	0.00	211	0	0	0	nan	0.00	0.00	4.35	84.61	88.67	0.00	39	0	42	0.00	0.00	64.45	7.80	0.00	0.00	2000
227	11.45	2000	2082	0.00	179	0	0	0	nan	0.00	0.00	4.12	83.89	88.55	0.00	39	0	42	0.00	0.00	64.29	7.96	0.00	0.00	2000
228	11.27	2014	2112	0.00	212	0	0	0	nan	0.00	0.02	5.00	84.44	88.73	0.00	39	0	42	0.00	0.00	64.21	7.95	0.00	0.00	2000
230	11.34	2041	2082	0.00	180	0	0	0	nan	0.00	0.00	4.88	83.23	88.66	0.00	39	0	42	0.00	0.00	64.50	7.91	0.00	0.00	2000
228	11.38	1985	2122	0.00	212	0	0	0	nan	0.00	0.00	5.54	84.24	88.62	0.00	39	0	42	0.00	0.00	64.28	7.83	0.00	0.00	2000
226	11.41	1987	2097	0.00	178	0	0	0	nan	0.00	0.00	3.94	84.71	88.59	0.00	39	0	42	0.00	0.00	64.65	8.00	0.00	0.00	2000
228	11.24	2020	2109	0.00	212	0	0	0	nan	0.00	0.00	3.67	85.67	88.76	0.00	39	0	43	0.00	0.00	64.34	7.98	0.00	0.00	2000
227	11.16	2050	2078	0.00	177	0	0	0	nan	0.00	0.00	3.61	84.42	88.84	0.00	39	0	42	0.00	0.00	64.71	7.97	0.00	0.00	2000
233	11.48	2015	2113	0.00	212	0	0	0	nan	0.00	0.00	5.02	84.19	88.52	0.00	39	0	42	0.00	0.00	64.64	8.00	0.00	0.00	2000
228	11.20	2034	2100	0.00	180	0	0	0	nan	0.00	0.00	4.59	84.37	88.80	0.00	39	0	42	0.00	0.00	64.93	8.09	0.00	0.00	2000
232	11.85	1952	2108	0.00	210	0	0	0	nan	0.00	0.00	4.05	84.66	88.15	0.00	39	0	42	0.00	0.00	63.97	7.83	0.00	0.00	2000
227	11.07	2070	2079	0.21	178	0	0	8	23.66	0.00	0.00	3.92	84.25	88.93	0.00	39	0	42	0.00	0.00	64.80	8.01	0.00	0.00	2000
228	11.45	1981	2114	1.45	211	0	0	5	35.46	0.00	0.00	5.45	83.90	88.55	0.00	39	0	42	0.00	0.00	64.05	7.81	0.00	0.00	2000
228	11.27	2026	2095	0.00	179	0	0	0	nan	0.00	0.00	4.42	84.30	88.73	0.00	39	0	42	0.00	0.00	64.19	7.86	0.00	0.00	2000
231	11.31	2027	2119	0.00	213	0	0	0	nan	0.00	0.00	5.55	84.11	88.69	0.00	39	0	42	0.00	0.00	65.80	8.15	0.00	0.00	2000
226	11.49	2019	2046	0.00	180	0	0	0	nan	0.01	0.00	3.23	83.21	88.51	0.00	39	0	42	0.00	0.00	63.52	7.88	0.00	0.00	2000
229	10.89	2061	2146	0.00	210	0	0	0	nan	0.00	0.00	3.18	88.04	89.11	0.00	39	0	42	0.00	0.00	64.65	7.77	0.00	0.00	2000
227	11.44	1998	2086	0.00	179	0	0	0	nan	0.00	0.00	4.58	83.56	88.56	0.00	39	0	42	0.00	0.00	65.02	8.06	0.00	0.00	2000
229	11.22	2029	2115	0.00	211	0	0	0	nan	0.00	0.00	4.36	85.25	88.78	0.00	39	0	43	0.00	0.00	64.12	8.16	0.00	0.00	2000
229	11.75	1946	2105	0.00	182	0	0	0	nan	0.00	0.00	5.36	83.33	88.25	0.00	39	0	43	0.00	0.00	65.50	8.07	0.00	0.00	2000
228	11.51	2013	2067	0.00	196	0	0	0	nan	0.00	0.00	3.33	83.95	88.49	0.00	39	0	42	0.00	0.00	63.91	7.80	0.00	0.00	2000
227	11.32	1996	2109	0.00	196	0	0	0	nan	0.00	0.00	5.02	84.23	88.68	0.00	39	0	42	0.00	0.00	63.87	7.97	0.00	0.00	2000
228	11.34	1994	2119	0.00	210	0	0	0	nan	0.00	0.00	5.00	84.69	88.66	0.00	39	0	42	0.00	0.00	64.79	7.84	0.00	0.00	2000
228	11.24	2051	2074	0.00	179	0	0	0	nan	0.00	0.00	4.09	83.62	88.76	0.00	39	0	42	0.00	0.00	64.07	7.90	0.00	0.00	2000
231	11.21	2043	2114	0.00	211	0	0	0	nan	0.00	0.00	5.20	84.31	88.79	0.00	39	0	42	0.00	0.00	64.84	8.02	0.00	0.00	2000
229	11.05	2062	2108	0.00	180	0	0	0	nan	0.00	0.00	5.07	84.44	88.95	0.00	39	0	42	0.00	0.00	64.19	7.92	0.00	0.00	2000
230	11.12	2078	2089	0.00	211	0	0	0	nan	0.00	0.00	3.86	84.69	88.88	0.00	39	0	42	0.00	0.00	64.84	8.11	0.00	0.00	2000
229	11.31	2016	2109	0.00	180	0	0	0	nan	0.00	0.00	4.79	84.45	88.69	0.00	40	0	42	0.00	0.00	64.68	7.75	0.00	0.00	2000
228	11.35	2017	2090	0.00	211	0	0	5	25.05	0.00	0.00	4.36	83.97	88.65	0.00	39	0	42	0.00	0.00	64.45	8.04	0.00	0.00	2000
230	11.44	1990	2120	1.59	180	0	0	8	26.57	0.00	0.00	4.94	84.61	88.56	0.00	39	0	42	0.00	0.00	64.53	7.95	0.00	0.00	2000
228	11.49	1989	2092	0.00	211	0	0	0	nan	0.00	0.00	3.96	84.46	88.51	0.00	39	0	42	0.00	0.00	63.99	7.96	0.00	0.00	2000
227	11.38	2010	2087	0.00	179	0	0	0	nan	0.00	0.00	4.30	83.90	88.62	0.00	39	0	43	0.00	0.00	64.68	8.07	0.00	0.00	2000
228	11.36	1996	2115	0.00	212	0	0	0	nan	0.00	0.00	4.49	85.01	88.64	0.00	39	0	42	0.00	0.00	64.26	8.02	0.00	0.00	2000
228	11.16	2064	2074	0.00	180	0	0	0	nan	0.00	0.00	4.31	83.50	88.84	0.00	39	0	42	0.00	0.00	65.17	7.87	0.00	0.00	2000
229	11.31	2007	2114	0.00	210	0	0	0	nan	0.00	0.00	4.52	84.94	88.69	0.00	39	0	43	0.00	0.00	64.39	7.93	0.00	0.00	2000
228	11.36	2014	2092	0.00	179	0	0	0	nan	0.00	0.00	4.71	83.75	88.64	0.00	39	0	42	0.00	0.00	64.25	7.87	0.00	0.00	2000
228	11.24	2021	2108	0.00	210	0	0	0	nan	0.00	0.00	4.66	84.62	88.76	0.00	39	0	42	0.00	0.00	64.42	7.83	0.00	0.00	2000
229	11.11	2053	2105	0.00	178	0	0	0	nan	0.00	0.00	4.76	84.48	88.89	0.00	39	0	42	0.00	0.00	64.81	7.87	0.00	0.00	2000
229	11.27	2021	2107	0.00	211	0	0	0	nan	0.00	0.00	4.52	84.61	88.73	0.00	39	0	43	0.00	0.00	64.59	7.95	0.00	0.00	2000
228	11.45	2011	2076	0.00	180	0	0	0	nan	0.00	0.00	4.80	82.83	88.55	0.00	39	0	43	0.00	0.00	64.06	7.84	0.00	0.00	2000
232	11.35	2007	2139	0.00	216	0	0	0	nan	0.00	0.00	5.93	84.59	88.65	0.00	39	0	42	0.00	0.00	65.70	7.89	0.00	0.00	2000
228	11.20	2053	2080	0.00	179	0	0	0	nan	0.00	0.00	3.16	84.94	88.80	0.00	39	0	42	0.00	0.00	58.05	6.78	0.00	0.00	2000
228	11.37	2033	2067	0.00	194	0	0	0	nan	0.00	0.02	2.21	85.21	88.63	0.00	38	0	42	0.00	0.00	61.50	7.49	0.00	0.00	2000
229	11.23	2007	2135	0.00	195	0	0	0	nan	0.00	0.02	4.02	86.38	88.77	0.00	39	0	42	0.00	0.00	70.46	8.68	0.00	0.00	2000
230	11.35	2035	2091	0.00	212	0	0	0	nan	0.00	0.00	4.80	83.61	88.65	0.00	39	0	43	0.00	0.00	64.53	7.57	0.00	0.00	2000
228	11.42	1988	2112	0.00	179	0	0	1	60.36	0.00	0.00	5.21	84.10	88.58	0.00	39	0	42	0.00	0.00	64.10	7.40	0.00	0.00	2000
228	11.33	2009	2105	1.50	211	0	0	6	45.18	0.00	0.00	4.35	84.68	88.67	0.00	39	0	42	0.00	0.00	64.09	7.60	0.00	0.00	2000
227	11.09	2059	2087	0.00	178	0	0	0	nan	0.00	0.00	4.07	84.50	88.91	0.00	39	0	42	0.00	0.00	64.20	7.54	0.00	0.00	2000
228	11.26	2018	2106	0.00	210	0	0	0	nan	0.00	0.00	4.67	84.53	88.74	0.00	39	0	42	0.00	0.00	63.97	7.63	0.00	0.00	2000
228	11.20	2031	2105	0.00	178	0	0	0	nan	0.00	0.00	4.43	84.66	88.80	0.00	40	0	42	0.00	0.00	65.72	7.18	0.00	0.00	2000
231	11.16	2063	2111	0.00	196	0	0	0	nan	0.00	0.02	4.72	84.80	88.84	0.00	39	0	42	0.00	0.00	59.30	7.47	0.00	0.00	2000
225	11.47	2037	2021	0.00	195	0	0	0	nan	0.00	0.00	2.70	82.70	88.53	0.00	38	0	42	0.00	0.00	62.46	7.79	0.00	0.00	2000
231	10.87	2042	2186	0.00	211	0	0	0	nan	0.00	0.01	2.59	90.39	89.13	0.00	39	0	42	0.00	0.00	65.76	8.59	0.00	0.00	2000
227	11.31	2026	2084	0.00	179	0	0	0	nan	0.00	0.02	3.17	84.97	88.69	0.00	39	0	42	0.00	0.00	64.89	6.90	0.00	0.00	2000
229	11.34	2007	2112	0.00	195	0	0	0	nan	0.00	0.00	3.34	86.04	88.66	0.00	39	0	42	0.00	0.00	65.21	7.78	0.00	0.00	2000
227	11.12	2052	2085	0.00	194	0	0	0	nan	0.00	0.01	2.79	85.53	88.88	0.00	39	0	42	0.00	0.00	65.30	7.66	0.00	0.00	2000
228	11.21	2066	2071	0.00	195	0	0	0	nan	0.00	0.02	3.04	84.67	88.79	0.00	39	0	42	0.00	0.00	62.44	7.19	0.00	0.00	2000
228	11.09	2015	2146	0.00	194	0	0	0	nan	0.00	0.01	1.45	89.57	88.91	0.00	39	0	42	0.00	0.00	65.27	7.74	0.00	0.00	2000
229	11.53	2005	2082	0.00	213	0	0	0	nan	0.00	0.00	7.10	80.74	88.47	0.00	38	0	42	0.00	0.00	58.99	7.15	0.00	0.00	2000
229	10.78	2097	2122	0.00	233	0	0	0	nan	0.00	0.00	4.79	85.38	89.22	0.00	38	0	42	0.00	0.00	69.93	8.26	0.00	0.00	2000
231	11.06	2113	2076	0.00	216	0	0	0	nan	0.00	0.04	4.46	83.54	88.94	0.00	40	0	42	0.00	0.00	63.88	7.43	0.00	0.00	2000
227	10.92	2083	2098	0.00	220	0	0	0	nan	0.00	0.00	4.13	84.92	89.08	0.00	40	0	42	0.00	0.00	65.64	8.03	0.00	0.00	2000
228	11.02	2067	2098	0.00	220	0	0	8	13.30	0.00	0.00	4.71	84.27	88.98	0.00	41	0	42	0.00	0.00	66.78	9.27	0.00	0.00	2000
228	11.04	2064	2104	0.91	203	0	0	23	10.39	0.00	0.02	3.89	85.36	88.96	0.00	40	0	42	0.00	0.00	67.29	9.20	0.00	0.00	2000
227	10.85	2091	2097	0.00	227	0	0	0	nan	0.00	0.02	2.29	86.82	89.15	0.00	41	0	42	0.00	0.00	66.18	9.39	0.00	0.00	2000
226	10.83	2079	2106	0.00	236	0	0	0	nan	0.00	0.00	3.60	85.88	89.17	0.00	41	0	42	0.00	0.00	67.17	9.49	0.00	0.00	2000
227	10.80	2102	2103	0.00	220	0	0	0	nan	0.00	0.00	3.76	85.64	89.20	0.00	41	0	42	0.00	0.00	67.35	9.39	0.00	0.00	2000
234	11.10	2078	2129	0.00	212	0	0	0	nan	0.00	0.00	4.11	86.04	88.90	0.00	41	0	42	0.00	0.00	68.10	9.47	0.00	0.00	2000
223	10.87	2090	2065	0.00	203	0	0	0	nan	0.00	0.00	3.70	84.12	89.13	0.00	41	0	42	0.00	0.00	65.11	9.08	0.00	0.00	2000
230	10.79	2108	2123	0.00	203	0	0	0	nan	0.00	0.02	4.08	86.13	89.21	0.00	41	0	42	0.00	0.00	68.11	9.49	0.00	0.00	2000
227	10.95	2093	2081	0.00	204	0	0	0	nan	0.00	0.01	4.02	84.33	89.05	0.00	41	0	43	0.00	0.00	66.09	9.08	0.00	0.00	2000
232	11.01	2076	2132	0.00	203	0	0	0	nan	0.00	0.00	3.68	86.64	88.99	0.00	41	0	42	0.00	0.00	68.24	9.72	0.00	0.00	2000
229	11.05	2084	2089	0.00	213	0	0	0	nan	0.00	0.00	4.14	84.52	88.95	0.00	41	0	42	0.00	0.00	66.49	9.14	0.00	0.00	2000
224	11.05	2053	2073	0.00	203	0	0	0	nan	0.00	0.01	3.39	84.48	88.95	0.00	41	0	43	0.00	0.00	65.50	9.31	0.00	0.00	2000
229	11.06	2069	2104	0.00	203	0	0	0	nan	0.02	0.00	3.70	85.57	88.94	0.00	41	0	42	0.00	0.00	67.06	9.21	0.00	0.00	2000
225	10.88	2072	2099	0.00	219	0	0	0	nan	0.00	0.00	3.56	85.60	89.12	0.00	41	0	43	0.00	0.00	66.82	9.38	0.00	0.00	2000
229	11.08	2068	2097	0.00	229	0	0	0	nan	0.00	0.01	4.01	84.92	88.92	0.00	42	0	42	0.00	0.00	66.71	9.22	0.00	0.00	2000
233	11.07	2065	2140	0.00	219	0	0	0	nan	0.00	0.02	4.04	86.71	88.93	0.00	41	0	42	0.00	0.00	68.83	9.61	0.00	0.00	2000
226	10.67	2136	2087	0.00	204	0	0	0	nan	0.00	0.00	3.53	85.36	89.33	0.00	41	0	42	0.00	0.00	65.54	8.71	0.00	0.00	2000
228	10.81	2109	2099	0.47	204	0	0	3	84.37	0.00	0.02	3.09	86.17	89.19	0.00	41	0	42	0.00	0.00	64.31	7.52	0.00	0.00	2000
232	10.78	2137	2114	0.31	206	0	0	2	87.08	0.00	0.00	3.49	86.18	89.22	0.00	41	0	42	0.00	0.00	65.36	7.60	0.00	0.00	2000
225	10.86	2100	2072	0.00	211	0	0	0	nan	0.00	0.02	4.02	84.01	89.14	0.00	41	0	43	0.00	0.00	64.63	7.87	0.00	0.00	2000
228	10.79	2110	2097	0.00	220	0	0	0	nan	0.00	0.00	3.69	85.36	89.21	0.00	41	0	42	0.00	0.00	66.69	8.98	0.00	0.00	2000
231	10.73	2132	2121	0.00	203	0	0	0	nan	0.00	0.01	3.93	86.29	89.27	0.00	40	0	42	0.00	0.00	67.39	8.33	0.00	0.00	2000
229	11.05	2091	2083	0.00	199	0	0	0	nan	0.00	0.01	4.87	83.37	88.95	0.00	40	0	42	0.00	0.00	64.15	7.69	0.00	0.00	2000
232	11.15	2054	2124	0.00	219	0	0	0	nan	0.00	0.00	3.67	86.28	88.85	0.00	40	0	43	0.00	0.00	66.77	7.82	0.00	0.00	2000
229	10.75	2138	2091	0.00	214	0	0	0	nan	0.00	0.02	3.85	85.12	89.25	0.00	40	0	42	0.00	0.00	64.76	7.39	0.00	0.00	2000
224	10.98	2070	2074	0.00	200	0	0	0	nan	0.00	0.01	4.79	83.24	89.02	0.00	40	0	42	0.00	0.00	63.90	7.56	0.00	0.00	2000
160	9.35	1686	2133	0.00	239	0	0	0	nan	0.00	0.00	5.63	86.51	90.65	0.00	39	0	42	0.00	0.00	61.91	7.54	0.00	0.00	2000
108	8.08	1360	2070	0.00	216	0	0	0	nan	0.00	0.00	8.05	82.66	91.92	0.00	38	0	43	0.00	0.00	60.76	7.63	0.00	0.00	2000
76	7.05	1078	2099	0.00	193	0	0	0	nan	0.00	0.00	2.70	90.23	92.95	0.00	38	0	42	0.00	0.00	59.75	7.65	0.00	0.00	2000
