Avg_MHz	Busy%	Bzy_MHz	TSC_MHz	IPC	IRQ	NMI	SMI	LLCMRPS	LLC%hit	POLL%	C1%	C1E%	C6%	CPU%c1	CPU%c6	CoreTmp	CoreThr	PkgTmp	Pkg%pc2	Pkg%pc6	PkgWatt	RAMWatt	PKG_%	RAM_%	UncMHz
370	17.16	2085	2171	0.00	231	0	0	0	nan	0.00	0.85	33.49	51.58	82.84	0.00	38	0	43	0.00	0.00	68.62	7.86	0.00	0.00	2000
285	14.22	2027	2078	0.00	207	0	0	0	nan	0.06	0.63	19.96	64.46	85.78	0.00	38	0	43	0.00	0.00	63.72	7.43	0.00	0.00	2000
77	6.88	1110	2122	0.00	196	0	0	0	nan	0.00	0.01	2.72	91.56	93.12	0.00	38	0	43	0.00	0.00	61.26	7.86	0.00	0.00	2000
74	6.98	1057	2110	0.00	193	0	0	0	nan	0.00	0.00	2.38	91.24	93.02	0.00	38	0	43	0.00	0.00	54.76	7.30	0.00	0.00	2000
72	6.35	1143	2079	0.00	193	0	0	0	nan	0.00	0.00	2.78	89.90	93.65	0.00	38	0	43	0.00	0.00	60.88	7.37	0.00	0.00	2000
72	6.87	1042	2117	0.00	192	0	0	0	nan	0.00	0.00	1.76	92.27	93.13	0.00	38	0	43	0.00	0.00	59.99	7.56	0.00	0.00	2000
73	6.68	1094	2107	0.00	193	0	0	0	nan	0.00	0.02	2.77	90.91	93.32	0.00	38	0	42	0.00	0.00	59.22	7.51	0.00	0.00	2000
71	6.83	1050	2067	0.00	194	0	0	0	nan	0.00	0.02	2.36	89.45	93.17	0.00	38	0	43	0.00	0.00	57.46	7.20	0.00	0.00	2000
75	6.75	1096	2124	0.00	210	0	0	0	nan	0.00	0.03	4.05	90.21	93.25	0.00	38	0	43	0.00	0.00	59.66	7.44	0.00	0.00	2000
72	6.62	1079	2111	0.00	193	0	0	0	nan	0.00	0.02	3.67	90.21	93.38	0.00	37	0	43	0.00	0.00	58.87	7.40	0.00	0.00	2000
74	6.91	1067	2101	0.00	194	0	0	0	nan	0.00	0.01	3.00	90.20	93.09	0.00	38	0	43	0.00	0.00	59.40	7.62	0.00	0.00	2000
72	6.70	1075	2102	0.00	195	0	0	0	nan	0.00	0.00	3.51	90.02	93.30	0.00	38	0	43	0.00	0.00	58.35	7.39	0.00	0.00	2000
73	6.57	1119	2081	0.00	178	0	0	0	nan	0.00	0.00	2.57	90.04	93.43	0.00	37	0	43	0.00	0.00	58.83	7.40	0.00	0.00	2000
72	6.63	1075	2122	0.00	194	0	0	0	nan	0.00	0.00	2.87	91.56	93.37	0.00	37	0	43	0.00	0.00	57.47	7.37	0.00	0.00	2000
73	6.34	1159	2094	0.00	193	0	0	0	nan	0.00	0.00	2.99	90.33	93.66	0.00	37	0	43	0.00	0.00	59.13	7.53	0.00	0.00	2000
73	6.99	1043	2099	0.00	194	0	0	0	nan	0.00	0.00	3.59	89.45	93.01	0.00	38	0	43	0.00	0.00	58.79	7.30	0.00	0.00	2000
72	6.64	1090	2090	0.30	193	0	0	0	82.17	0.00	0.00	2.87	90.00	93.36	0.00	38	0	43	0.00	0.00	58.41	7.45	0.00	0.00	2000
73	6.35	1151	2097	0.17	194	0	0	0	nan	0.00	0.01	2.15	91.29	93.65	0.00	38	0	43	0.00	0.00	58.49	7.32	0.00	0.00	2000
192	10.25	1883	2084	0.00	213	0	0	0	nan	0.00	0.34	4.36	84.41	89.75	0.00	40	0	43	0.00	0.00	61.20	7.18	0.00	0.00	2000
237	11.42	2045	2131	0.00	217	0	0	0	nan	0.00	0.00	5.44	84.48	88.58	0.00	40	0	43	0.00	0.00	68.08	7.66	0.00	0.00	2000
227	10.77	2124	2086	0.00	214	0	0	0	nan	0.00	0.01	2.89	85.81	89.23	0.00	41	0	43	0.00	0.00	65.91	7.37	0.00	0.00	2000
231	11.29	2029	2118	0.00	201	0	0	0	nan	0.00	0.02	2.55	87.09	88.71	0.00	41	0	43	0.00	0.00	64.36	7.43	0.00	0.00	2000
236	11.04	2133	2101	0.00	196	0	0	0	nan	0.00	0.02	5.96	83.09	88.96	0.00	38	0	43	0.00	0.00	66.74	7.78	0.00	0.00	2000
225	11.02	2076	2064	0.00	198	0	0	0	nan	0.00	0.00	5.56	81.93	88.98	0.00	38	0	43	0.00	0.00	64.37	7.52	0.00	0.00	2000
239	11.23	2117	2111	0.00	199	0	0	0	nan	0.00	0.02	4.54	84.72	88.77	0.00	38	0	43	0.00	0.00	64.10	7.49	0.00	0.00	2000
231	10.98	2101	2102	0.00	198	0	0	0	nan	0.00	2.15	4.35	82.78	89.02	0.00	38	0	43	0.00	0.00	65.18	7.63	0.00	0.00	2000
232	11.04	2092	2107	0.00	196	0	0	0	nan	0.00	0.99	3.64	84.82	88.96	0.00	39	0	43	0.00	0.00	66.17	7.67	0.00	0.00	2000
228	11.13	2079	2075	0.00	198	0	0	0	nan	0.00	0.00	5.50	82.35	88.87	0.00	39	0	43	0.00	0.00	64.62	7.68	0.00	0.00	2000
232	11.19	2039	2137	0.00	213	0	0	0	nan	0.00	0.00	7.22	83.25	88.81	0.00	39	0	43	0.00	0.00	64.99	7.25	0.00	0.00	2000
232	11.06	2107	2093	0.00	197	0	0	0	nan	0.00	0.00	6.47	82.15	88.94	0.00	40	0	43	0.00	0.00	65.21	7.48	0.00	0.00	2000
231	10.74	2148	2102	0.00	200	0	0	0	nan	0.00	0.01	7.43	81.89	89.26	0.00	40	0	42	0.00	0.00	64.74	7.35	0.00	0.00	2000
227	10.69	2131	2096	0.00	197	0	0	0	nan	0.00	0.00	6.37	82.87	89.31	0.00	40	0	43	0.00	0.00	63.44	7.37	0.00	0.00	2000
230	11.07	2113	2061	0.00	183	0	0	0	nan	0.00	0.02	5.66	81.65	88.93	0.00	40	0	43	0.00	0.00	64.92	7.55	0.00	0.00	2000
231	10.84	2127	2105	0.54	212	0	0	14	42.10	0.00	0.00	6.93	82.49	89.16	0.00	39	0	43	0.00	0.00	64.67	7.69	0.00	0.00	2000
234	10.75	2158	2118	0.03	217	0	0	0	nan	0.00	0.06	4.36	85.72	89.25	0.00	38	0	43	0.00	0.00	68.19	7.82	0.00	0.00	2000
242	11.67	2121	2057	0.00	202	0	0	0	nan	0.01	0.00	4.42	82.04	88.33	0.00	38	0	43	0.00	0.00	63.34	7.52	0.00	0.00	2000
231	11.15	2089	2082	0.00	215	0	0	0	nan	0.01	0.00	6.83	81.33	88.85	0.00	39	0	43	0.00	0.00	64.95	7.75	0.00	0.00	2000
244	11.27	2079	2186	0.00	215	0	0	0	nan	0.00	0.05	4.26	88.20	88.73	0.00	40	0	43	0.00	0.00	69.14	8.26	0.00	0.00	2000
238	11.19	2123	2106	0.00	200	0	0	0	nan	0.00	0.02	4.33	84.78	88.81	0.00	40	0	43	0.00	0.00	63.11	7.71	0.00	0.00	2000
233	11.39	2053	2095	0.00	185	0	0	0	nan	0.00	0.02	9.51	79.01	88.61	0.00	40	0	43	0.00	0.00	65.80	8.00	0.00	0.00	2000
233	11.29	2064	2100	0.00	200	0	0	0	nan	0.00	0.00	7.09	81.69	88.71	0.00	40	0	43	0.00	0.00	65.38	7.75	0.00	0.00	2000
231	10.93	2111	2104	0.00	195	0	0	0	nan	0.00	0.98	7.00	81.46	89.07	0.00	40	0	43	0.00	0.00	67.14	7.95	0.00	0.00	2000
233	11.17	2080	2101	0.00	197	0	0	0	nan	0.00	0.00	7.04	81.96	88.83	0.00	40	0	43	0.00	0.00	66.32	7.88	0.00	0.00	2000
233	11.16	2093	2096	0.00	198	0	0	0	nan	0.00	0.00	4.73	84.06	88.84	0.00	40	0	43	0.00	0.00	62.84	7.40	0.00	0.00	2000
228	11.30	2060	2055	0.00	200	0	0	0	nan	0.00	0.03	6.41	80.51	88.70	0.00	41	0	43	0.00	0.00	62.56	7.20	0.00	0.00	2000
230	10.81	2081	2144	0.00	196	0	0	0	nan	0.00	0.02	6.01	85.14	89.19	0.00	41	0	43	0.00	0.00	68.64	7.92	0.00	0.00	2000
230	11.01	2076	2114	0.00	195	0	0	0	nan	0.00	0.02	6.26	83.43	88.99	0.00	41	0	43	0.00	0.00	66.72	7.61	0.00	0.00	2000
229	11.02	2108	2073	0.00	195	0	0	0	nan	0.00	0.02	6.22	81.65	88.98	0.00	41	0	43	0.00	0.00	61.79	7.32	0.00	0.00	2000
231	11.31	2068	2073	0.00	193	0	0	0	nan	0.00	0.03	4.96	82.69	88.69	0.00	41	0	43	0.00	0.00	62.68	7.14	0.00	0.00	2000
230	10.89	2062	2152	0.00	197	0	0	0	nan	0.00	1.02	6.84	83.59	89.12	0.00	41	0	43	0.00	0.00	69.52	7.91	0.00	0.00	2000
229	11.07	2086	2084	0.69	196	0	0	3	91.34	0.00	0.00	7.14	81.14	88.93	0.00	41	0	43	0.00	0.00	63.94	7.22	0.00	0.00	2000
228	11.33	2048	2068	0.08	196	0	0	0	nan	0.00	0.04	3.10	84.32	88.68	0.00	41	0	43	0.00	0.00	62.22	7.26	0.00	0.00	2000
230	11.10	2059	2112	0.00	197	0	0	0	nan	0.00	2.14	2.96	84.55	88.90	0.00	41	0	43	0.00	0.00	63.56	7.25	0.00	0.00	2000
230	11.16	2060	2106	0.00	214	0	0	0	nan	0.00	0.03	4.53	84.67	88.84	0.00	41	0	43	0.00	0.00	64.37	7.46	0.00	0.00	2000
231	11.17	2042	2122	0.00	200	0	0	0	nan	0.00	0.00	10.55	79.35	88.83	0.00	41	0	43	0.00	0.00	65.23	7.38	0.00	0.00	2000
228	11.16	2066	2075	0.00	178	0	0	0	nan	0.00	0.02	9.01	78.88	88.84	0.00	41	0	43	0.00	0.00	64.05	7.34	0.00	0.00	2000
230	11.17	2052	2110	0.00	211	0	0	0	nan	0.00	0.02	9.02	80.23	88.83	0.00	41	0	43	0.00	0.00	64.26	7.56	0.00	0.00	2000
228	11.10	2051	2107	0.00	196	0	0	0	nan	0.00	0.00	8.95	80.47	88.90	0.00	41	0	43	0.00	0.00	64.53	7.36	0.00	0.00	2000
229	11.10	2053	2108	0.00	195	0	0	0	nan	0.00	0.00	8.17	81.13	88.90	0.00	41	0	43	0.00	0.00	65.72	7.55	0.00	0.00	2000
232	11.25	2063	2098	0.00	182	0	0	0	nan	0.00	0.04	8.99	79.77	88.75	0.00	42	0	43	0.00	0.00	65.51	7.89	0.00	0.00	2000
232	11.32	2044	2110	0.00	200	0	0	0	nan	0.00	0.03	10.14	79.00	88.68	0.00	41	0	43	0.00	0.00	66.55	7.70	0.00	0.00	2000
229	11.15	2110	2042	0.00	197	0	0	0	nan	0.00	0.00	6.66	79.86	88.85	0.00	41	0	43	0.00	0.00	60.52	7.23	0.00	0.00	2000
231	11.08	2042	2149	0.00	213	0	0	0	nan	0.00	0.00	6.14	84.98	88.92	0.00	42	0	43	0.00	0.00	67.92	7.75	0.00	0.00	2000
228	11.01	2074	2095	0.00	198	0	0	0	nan	0.00	0.00	6.45	82.30	88.99	0.00	41	0	43	0.00	0.00	65.46	7.34	0.00	0.00	2000
232	11.29	2060	2092	0.00	197	0	0	0	nan	0.00	0.00	8.29	80.17	88.71	0.00	41	0	43	0.00	0.00	64.80	7.46	0.00	0.00	2000
229	10.96	2083	2108	0.00	196	0	0	0	nan	0.00	0.00	10.33	79.18	89.04	0.00	41	0	43	0.00	0.00	65.23	7.34	0.00	0.00	2000
230	11.19	2046	2108	0.00	195	0	0	0	nan	0.00	2.17	5.93	81.17	88.81	0.00	42	0	43	0.00	0.00	65.43	7.50	0.00	0.00	2000
229	11.23	2065	2073	0.90	181	0	0	2	76.74	0.00	0.05	4.62	83.05	88.77	0.00	42	0	43	0.00	0.00	64.39	7.32	0.00	0.00	2000
231	11.21	2038	2125	0.31	212	0	0	0	nan	0.00	0.00	8.41	81.64	88.79	0.00	42	0	43	0.00	0.00	65.12	7.30	0.00	0.00	2000
241	11.60	2064	2111	0.00	198	0	0	0	nan	0.00	0.00	8.38	80.60	88.40	0.00	41	0	43	0.00	0.00	67.07	7.50	0.00	0.00	2000
231	11.11	2119	2057	0.00	183	0	0	0	nan	0.00	0.03	6.20	80.91	88.89	0.00	42	0	43	0.00	0.00	63.88	7.38	0.00	0.00	2000
229	11.05	2042	2129	0.00	212	0	0	0	nan	0.00	0.00	8.98	81.25	88.95	0.00	41	0	43	0.00	0.00	64.92	7.50	0.00	0.00	2000
231	11.25	2050	2101	0.00	195	0	0	0	nan	0.04	0.00	8.96	79.89	88.75	0.00	42	0	43	0.00	0.00	64.85	7.44	0.00	0.00	2000
227	11.13	2054	2090	0.00	198	0	0	0	nan	0.00	0.00	7.08	81.49	88.87	0.00	42	0	43	0.00	0.00	65.19	7.56	0.00	0.00	2000
242	11.84	2040	2102	0.00	196	0	0	0	nan	0.00	0.00	9.24	79.04	88.16	0.00	42	0	43	0.00	0.00	65.33	7.57	0.00	0.00	2000
229	11.12	2053	2110	0.00	203	0	0	0	nan	0.00	0.00	9.45	79.92	88.88	0.00	42	0	43	0.00	0.00	66.17	7.57	0.00	0.00	2000
229	11.13	2065	2093	0.00	181	0	0	0	nan	0.00	0.00	8.46	80.15	88.87	0.00	42	0	43	0.00	0.00	64.87	7.48	0.00	0.00	2000
228	10.96	2101	2077	0.00	200	0	0	0	nan	0.00	0.00	8.01	80.18	89.04	0.00	42	0	43	0.00	0.00	61.68	7.00	0.00	0.00	2000
229	10.98	2061	2126	0.00	210	0	0	0	nan	0.00	0.00	7.52	82.74	89.02	0.00	42	0	43	0.00	0.00	67.87	7.55	0.00	0.00	2000
230	11.02	2077	2112	0.00	195	0	0	0	nan	0.00	0.00	7.68	81.87	88.98	0.00	42	0	43	0.00	0.00	66.80	7.55	0.00	0.00	2000
230	10.91	2106	2105	0.00	185	0	0	0	nan	0.00	0.09	8.37	80.99	89.09	0.00	42	0	43	0.00	0.00	66.19	7.60	0.00	0.00	2000
229	10.98	2141	2043	0.00	197	0	0	0	nan	0.00	0.02	3.47	83.16	89.02	0.00	42	0	43	0.00	0.00	60.47	7.30	0.00	0.00	2000
226	10.95	2090	2075	0.00	211	0	0	0	nan	0.00	0.02	6.72	81.34	89.05	0.00	41	0	43	0.00	0.00	65.52	7.54	0.00	0.00	2000
231	10.79	2069	2172	0.00	216	0	0	0	nan	0.00	0.46	6.04	85.88	89.21	0.00	41	0	43	0.00	0.00	67.60	7.86	0.00	0.00	2000
233	11.08	2099	2103	0.64	196	0	0	1	73.75	0.00	0.45	7.61	81.08	88.92	0.00	41	0	43	0.00	0.00	65.80	7.54	0.00	0.00	2000
228	11.19	2040	2099	0.38	202	0	0	0	nan	0.00	0.00	6.87	82.03	88.81	0.00	41	0	43	0.00	0.00	62.34	7.33	0.00	0.00	2000
229	11.13	2065	2089	0.00	195	0	0	0	nan	0.00	0.00	9.24	79.29	88.87	0.00	41	0	43	0.00	0.00	67.10	7.91	0.00	0.00	2000
227	11.12	2049	2095	0.00	196	0	0	0	nan	0.00	0.00	7.74	81.04	88.88	0.00	42	0	43	0.00	0.00	62.48	7.06	0.00	0.00	2000
228	10.95	2067	2116	0.00	196	0	0	0	nan	0.00	0.00	7.97	81.85	89.05	0.00	41	0	43	0.00	0.00	64.65	7.52	0.00	0.00	2000
230	11.10	2078	2098	0.00	197	0	0	0	nan	0.00	0.00	8.05	80.82	88.90	0.00	42	0	43	0.00	0.00	67.90	7.94	0.00	0.00	2000
230	10.91	2112	2094	0.00	201	0	0	0	nan	0.00	0.00	7.85	81.09	89.09	0.00	42	0	43	0.00	0.00	62.93	7.39	0.00	0.00	2000
227	10.99	2073	2096	0.00	197	0	0	0	nan	0.00	0.00	7.40	81.47	89.01	0.00	41	0	43	0.00	0.00	64.67	7.61	0.00	0.00	2000
229	11.12	2062	2102	0.00	195	0	0	0	nan	0.00	0.00	8.72	80.29	88.88	0.00	41	0	43	0.00	0.00	64.89	7.61	0.00	0.00	2000
228	10.92	2086	2101	0.00	196	0	0	0	nan	0.00	0.00	7.67	81.57	89.09	0.00	41	0	43	0.00	0.00	67.22	7.98	0.00	0.00	2000
230	11.14	2058	2109	0.00	195	0	0	0	nan	0.00	0.03	8.13	81.23	88.86	0.00	42	0	43	0.00	0.00	61.70	7.65	0.00	0.00	2000
228	11.07	2072	2089	0.00	198	0	0	0	nan	0.01	0.06	4.55	83.96	88.93	0.00	41	0	43	0.00	0.00	65.33	7.10	0.00	0.00	2000
229	10.92	2073	2120	0.00	197	0	0	0	nan	0.00	0.03	7.16	82.85	89.08	0.00	41	0	43	0.00	0.00	67.89	7.87	0.00	0.00	2000
227	11.21	2047	2075	0.00	196	0	0	0	nan	0.00	0.00	7.16	80.65	88.79	0.00	41	0	43	0.00	0.00	61.82	7.24	0.00	0.00	2000
229	11.20	2040	2105	0.00	198	0	0	0	nan	0.00	0.00	7.82	81.30	88.80	0.00	41	0	43	0.00	0.00	64.61	7.47	0.00	0.00	2000
230	11.02	2090	2096	0.00	196	0	0	0	nan	0.00	0.03	8.55	80.35	88.98	0.00	42	0	43	0.00	0.00	64.77	7.47	0.00	0.00	2000
231	11.21	2046	2110	0.00	201	0	0	0	nan	0.00	0.00	12.47	76.87	88.79	0.00	41	0	43	0.00	0.00	65.20	7.44	0.00	0.00	2000
230	11.02	2071	2119	0.33	183	0	0	5	81.11	0.00	0.00	8.84	81.11	88.98	0.00	41	0	43	0.00	0.00	65.49	7.66	0.00	0.00	2000
229	11.21	2087	2055	0.56	198	0	0	3	93.90	0.00	0.00	7.55	79.40	88.79	0.00	41	0	43	0.00	0.00	63.24	7.24	0.00	0.00	2000
229	11.09	2035	2130	0.00	211	0	0	0	nan	0.00	0.00	6.56	83.80	88.91	0.00	41	0	43	0.00	0.00	66.56	8.97	0.00	0.00	2000
229	11.11	2071	2092	0.00	195	0	0	0	nan	0.00	0.00	8.03	80.65	88.89	0.00	41	0	43	0.00	0.00	66.70	9.04	0.00	0.00	2000
231	11.07	2096	2093	0.00	197	0	0	0	nan	0.02	1.25	9.03	78.51	88.93	0.00	41	0	43	0.00	0.00	66.81	9.03	0.00	0.00	2000
231	11.11	2061	2116	0.00	196	0	0	0	nan	0.00	0.00	10.41	79.25	88.89	0.00	41	0	43	0.00	0.00	66.77	9.01	0.00	0.00	2000
229	11.22	2028	2117	0.00	197	0	0	0	nan	0.00	0.00	7.58	82.04	88.78	0.00	41	0	43	0.00	0.00	64.68	8.82	0.00	0.00	2000
229	11.18	2055	2095	0.00	178	0	0	0	nan	0.00	0.00	6.09	82.65	88.82	0.00	41	0	43	0.00	0.00	65.13	7.71	0.00	0.00	2000
229	11.08	2059	2108	0.00	196	0	0	0	nan	0.00	0.00	6.72	82.60	88.92	0.00	42	0	43	0.00	0.00	67.12	7.78	0.00	0.00	2000
231	11.24	2063	2097	0.00	196	0	0	0	nan	0.01	2.19	3.22	83.37	88.76	0.00	42	0	43	0.00	0.00	62.32	7.63	0.00	0.00	2000
228	11.19	2039	2099	0.00	200	0	0	0	nan	0.06	0.03	5.31	83.63	88.81	0.00	42	0	43	0.00	0.00	68.43	7.49	0.00	0.00	2000
229	10.81	2111	2102	0.00	196	0	0	0	nan	0.00	1.00	4.98	83.49	89.19	0.00	41	0	43	0.00	0.00	65.85	7.37	0.00	0.00	2000
229	11.28	2026	2101	0.00	197	0	0	0	nan	0.00	0.01	8.68	80.27	88.72	0.00	41	0	43	0.00	0.00	63.52	7.34	0.00	0.00	2000
229	11.12	2062	2095	0.00	178	0	0	0	nan	0.00	0.00	7.46	81.39	88.88	0.00	41	0	43	0.00	0.00	62.38	7.41	0.00	0.00	2000
229	11.09	2069	2097	0.00	196	0	0	0	nan	0.02	1.47	8.16	79.29	88.91	0.00	41	0	43	0.00	0.00	65.15	7.73	0.00	0.00	2000
233	11.40	2037	2108	0.00	200	0	0	0	nan	0.00	0.02	6.36	82.67	88.60	0.00	41	0	43	0.00	0.00	66.86	7.79	0.00	0.00	2000
232	11.28	2062	2096	0.00	197	0	0	0	nan	0.00	0.00	8.49	80.17	88.72	0.00	41	0	43	0.00	0.00	65.85	7.69	0.00	0.00	2000
230	11.31	2029	2102	0.00	196	0	0	3	61.88	0.00	0.00	6.41	82.57	88.69	0.00	41	0	43	0.00	0.00	65.41	7.72	0.00	0.00	2000
229	11.23	2039	2103	0.80	196	0	0	4	64.11	0.00	0.02	6.86	82.20	88.77	0.00	41	0	43	0.00	0.00	61.39	7.45	0.00	0.00	2000
235	11.58	2029	2097	0.00	183	0	0	0	nan	0.00	0.16	7.58	80.75	88.42	0.00	41	0	43	0.00	0.00	66.94	7.42	0.00	0.00	2000
231	11.23	2057	2096	0.00	199	0	0	0	nan	0.00	0.03	7.51	81.22	88.77	0.00	41	0	43	0.00	0.00	66.17	7.71	0.00	0.00	2000
232	11.24	2060	2101	0.00	197	0	0	0	nan	0.00	0.05	7.29	81.57	88.76	0.00	41	0	43	0.00	0.00	65.14	7.45	0.00	0.00	2000
229	11.22	2037	2104	0.00	197	0	0	0	nan	0.00	0.00	8.02	81.04	88.78	0.00	41	0	43	0.00	0.00	64.46	7.65	0.00	0.00	2000
230	11.22	2051	2098	0.00	195	0	0	0	nan	0.00	0.00	6.50	82.45	88.78	0.00	41	0	43	0.00	0.00	62.39	7.45	0.00	0.00	2000
228	11.11	2056	2097	0.00	178	0	0	0	nan	0.01	0.08	4.67	84.19	88.89	0.00	41	0	43	0.00	0.00	65.42	7.74	0.00	0.00	2000
228	11.17	2045	2100	0.00	197	0	0	0	nan	0.00	0.04	3.37	85.53	88.83	0.00	41	0	43	0.00	0.00	65.02	7.59	0.00	0.00	2000
231	11.16	2063	2108	0.00	196	0	0	0	nan	0.00	1.06	5.96	82.29	88.84	0.00	41	0	43	0.00	0.00	66.45	7.79	0.00	0.00	2000
238	11.42	2092	2097	0.00	220	0	0	0	nan	0.00	0.00	10.37	78.18	88.58	0.00	41	0	43	0.00	0.00	65.79	7.48	0.00	0.00	2000
229	11.00	2079	2101	0.00	196	0	0	0	nan	0.00	0.00	7.11	82.02	89.00	0.00	41	0	43	0.00	0.00	61.72	7.23	0.00	0.00	2000
229	11.10	2069	2096	0.00	195	0	0	0	nan	0.00	0.03	8.54	80.34	88.90	0.00	41	0	43	0.00	0.00	66.58	7.73	0.00	0.00	2000
230	11.03	2080	2102	0.00	180	0	0	0	nan	0.00	0.02	7.11	82.06	88.97	0.00	41	0	43	0.00	0.00	66.72	7.78	0.00	0.00	2000
230	11.23	2053	2098	0.00	195	0	0	0	nan	0.04	0.03	8.29	80.46	88.77	0.00	41	0	43	0.00	0.00	65.05	7.72	0.00	0.00	2000
231	11.40	2022	2103	0.00	197	0	0	0	nan	0.00	0.00	7.11	81.77	88.60	0.00	41	0	43	0.00	0.00	61.33	7.22	0.00	0.00	2000
230	10.92	2106	2098	0.00	199	0	0	0	nan	0.00	0.00	7.36	81.80	89.08	0.00	41	0	43	0.00	0.00	66.48	7.76	0.00	0.00	2000
230	11.04	2081	2104	0.00	180	0	0	0	nan	0.00	0.01	7.29	81.95	88.96	0.00	41	0	43	0.00	0.00	66.62	7.85	0.00	0.00	2000
229	11.17	2053	2095	0.60	195	0	0	4	46.49	0.00	0.01	7.04	81.74	88.83	0.00	41	0	43	0.00	0.00	62.87	7.41	0.00	0.00	2000
228	11.12	2048	2099	0.31	197	0	0	0	nan	0.00	0.00	6.08	82.88	88.88	0.00	41	0	43	0.00	0.00	65.69	7.48	0.00	0.00	2000
230	11.22	2048	2104	0.00	194	0	0	0	nan	0.00	0.02	6.77	82.27	88.78	0.00	41	0	43	0.00	0.00	63.76	7.40	0.00	0.00	2000
232	11.18	2076	2097	0.00	180	0	0	0	nan	0.00	0.00	7.21	81.53	88.82	0.00	41	0	43	0.00	0.00	66.48	7.79	0.00	0.00	2000
231	11.18	2069	2099	0.00	198	0	0	0	nan	0.04	0.08	5.06	83.77	88.82	0.00	41	0	43	0.00	0.00	65.76	7.37	0.00	0.00	2000
230	11.03	2083	2104	0.00	195	0	0	0	nan	0.00	0.05	5.49	83.79	88.97	0.00	41	0	43	0.00	0.00	63.15	7.43	0.00	0.00	2000
230	11.34	2027	2097	0.00	199	0	0	0	nan	0.00	0.00	6.23	82.39	88.66	0.00	41	0	43	0.00	0.00	64.61	7.68	0.00	0.00	2000
228	11.02	2072	2100	0.00	197	0	0	0	nan	0.00	0.49	7.31	81.27	88.98	0.00	41	0	43	0.00	0.00	65.92	7.73	0.00	0.00	2000
231	10.78	2149	2096	0.00	196	0	0	0	nan	0.00	0.99	6.98	81.21	89.22	0.00	41	0	43	0.00	0.00	62.56	7.27	0.00	0.00	2000
231	11.11	2068	2108	0.00	201	0	0	0	nan	0.04	0.02	6.58	82.74	88.89	0.00	41	0	43	0.00	0.00	66.66	7.71	0.00	0.00	2000
228	11.30	2025	2097	0.00	179	0	0	0	nan	0.00	0.02	9.14	79.62	88.70	0.00	41	0	42	0.00	0.00	66.30	7.89	0.00	0.00	2000
228	11.20	2040	2101	0.00	197	0	0	0	nan	0.00	0.02	7.11	81.84	88.81	0.00	41	0	43	0.00	0.00	62.60	7.41	0.00	0.00	2000
228	11.22	2035	2096	0.00	194	0	0	0	nan	0.00	0.00	6.43	82.27	88.78	0.00	41	0	43	0.00	0.00	64.54	7.43	0.00	0.00	2000
228	11.14	2045	2101	0.00	196	0	0	0	nan	0.00	0.00	6.85	82.14	88.86	0.00	41	0	43	0.00	0.00	65.28	7.60	0.00	0.00	2000
232	11.26	2058	2098	0.00	197	0	0	0	nan	0.00	0.00	6.03	82.72	88.74	0.00	42	0	43	0.00	0.00	64.56	7.40	0.00	0.00	2000
229	11.05	2063	2105	0.00	203	0	0	0	nan	0.00	0.00	5.66	83.53	88.95	0.00	41	0	43	0.00	0.00	62.64	7.39	0.00	0.00	2000
232	10.85	2138	2096	0.00	196	0	0	0	nan	0.00	0.01	5.04	83.99	89.15	0.00	41	0	43	0.00	0.00	65.33	7.39	0.00	0.00	2000
229	11.07	2059	2105	0.08	197	0	0	3	57.79	0.00	0.00	7.63	81.59	88.93	0.00	42	0	43	0.00	0.00	67.61	7.75	0.00	0.00	2000
229	10.74	2137	2096	0.76	180	0	0	3	67.81	0.00	0.00	4.68	84.49	89.26	0.00	41	0	43	0.00	0.00	65.34	7.60	0.00	0.00	2000
253	12.09	2091	2102	0.00	196	0	0	0	nan	0.00	0.09	4.57	83.48	87.91	0.00	41	0	43	0.00	0.00	66.96	7.62	0.00	0.00	2000
233	10.83	2154	2101	0.00	197	0	0	0	nan	0.03	1.06	3.53	84.74	89.17	0.00	41	0	43	0.00	0.00	61.17	6.82	0.00	0.00	2000
228	10.91	2095	2098	0.00	196	0	0	0	nan	0.01	0.00	6.93	82.12	89.09	0.00	41	0	43	0.00	0.00	65.76	7.39	0.00	0.00	2000
229	11.09	2061	2105	0.00	197	0	0	0	nan	0.00	0.00	6.86	82.32	88.91	0.00	41	0	43	0.00	0.00	66.76	7.62	0.00	0.00	2000
230	11.18	2057	2099	0.00	183	0	0	0	nan	0.00	0.00	8.40	80.45	88.82	0.00	41	0	43	0.00	0.00	66.44	7.66	0.00	0.00	2000
230	11.06	2080	2099	0.00	196	0	0	0	nan	0.00	0.42	6.54	82.05	88.94	0.00	41	0	43	0.00	0.00	60.27	7.01	0.00	0.00	2000
231	11.05	2092	2097	0.00	195	0	0	0	nan	0.00	0.00	6.69	82.25	88.95	0.00	41	0	43	0.00	0.00	65.50	7.52	0.00	0.00	2000
229	11.06	2074	2099	0.00	201	0	0	0	nan	0.00	0.00	7.66	81.31	88.94	0.00	41	0	43	0.00	0.00	65.07	7.48	0.00	0.00	2000
229	11.21	2039	2101	0.00	201	0	0	0	nan	0.00	0.05	9.13	79.82	88.79	0.00	41	0	43	0.00	0.00	66.52	7.74	0.00	0.00	2000
230	10.98	2090	2104	0.00	179	0	0	0	nan	0.00	0.00	7.71	81.49	89.02	0.00	41	0	43	0.00	0.00	66.08	7.42	0.00	0.00	2000
229	10.98	2085	2099	0.00	196	0	0	0	nan	0.00	0.00	6.08	83.00	89.02	0.00	41	0	43	0.00	0.00	60.57	7.31	0.00	0.00	2000
228	10.92	2094	2097	0.00	195	0	0	0	nan	0.00	0.00	6.03	82.97	89.08	0.00	41	0	43	0.00	0.00	65.08	7.53	0.00	0.00	2000
230	11.17	2060	2102	0.00	195	0	0	0	nan	0.00	0.00	6.94	82.07	88.83	0.00	41	0	43	0.00	0.00	67.40	7.73	0.00	0.00	2000
229	11.02	2081	2095	0.00	184	0	0	0	nan	0.00	0.01	6.07	82.76	88.98	0.00	41	0	43	0.00	0.00	62.61	7.30	0.00	0.00	2000
229	11.26	2033	2099	0.00	198	0	0	0	nan	0.00	0.06	4.25	84.53	88.74	0.00	41	0	43	0.00	0.00	64.65	7.46	0.00	0.00	2000
231	11.14	2065	2106	0.00	197	0	0	0	nan	0.00	2.72	3.50	83.10	88.86	0.00	41	0	43	0.00	0.00	65.89	7.57	0.00	0.00	2000
229	11.19	2045	2100	0.78	194	0	0	4	47.10	0.00	0.05	3.14	85.75	88.81	0.00	41	0	43	0.00	0.00	64.22	7.31	0.00	0.00	2000
230	11.13	2068	2100	0.14	198	0	0	0	nan	0.01	0.00	5.56	83.47	88.87	0.00	41	0	43	0.00	0.00	65.38	7.64	0.00	0.00	2000
230	11.33	2035	2095	0.00	183	0	0	0	nan	0.00	0.00	6.46	82.18	88.67	0.00	41	0	43	0.00	0.00	62.33	7.14	0.00	0.00	2000
230	10.92	2101	2105	0.00	204	0	0	0	nan	0.00	0.96	6.26	82.15	89.08	0.00	41	0	43	0.00	0.00	63.70	7.34	0.00	0.00	2000
228	11.12	2056	2097	0.00	193	0	0	0	nan	0.00	0.03	7.83	81.05	88.88	0.00	41	0	43	0.00	0.00	65.38	7.61	0.00	0.00	2000
229	11.24	2034	2098	0.00	197	0	0	0	nan	0.00	0.00	5.49	83.30	88.76	0.00	41	0	43	0.00	0.00	64.64	7.55	0.00	0.00	2000
229	11.26	2034	2105	0.00	195	0	0	0	nan	0.00	0.00	7.76	81.29	88.74	0.00	41	0	43	0.00	0.00	67.11	7.60	0.00	0.00	2000
230	10.99	2097	2097	0.00	196	0	0	0	nan	0.04	0.00	7.48	81.51	89.01	0.00	41	0	43	0.00	0.00	63.62	7.44	0.00	0.00	2000
232	11.16	2077	2103	0.00	182	0	0	0	nan	0.02	0.01	7.90	81.18	88.84	0.00	41	0	43	0.00	0.00	63.87	7.46	0.00	0.00	2000
229	10.89	2106	2099	0.00	196	0	0	0	nan	0.00	0.03	8.24	80.83	89.11	0.00	41	0	43	0.00	0.00	66.58	7.66	0.00	0.00	2000
229	11.08	2063	2098	0.00	195	0	0	0	nan	0.00	0.02	7.39	81.62	88.92	0.00	42	0	43	0.00	0.00	66.10	7.59	0.00	0.00	2000
230	11.22	2055	2096	0.00	179	0	0	0	nan	0.04	0.00	8.04	80.68	88.78	0.00	41	0	43	0.00	0.00	62.52	7.43	0.00	0.00	2000
230	11.12	2060	2108	0.00	198	0	0	0	nan	0.00	0.00	7.32	82.03	88.88	0.00	41	0	43	0.00	0.00	64.41	7.48	0.00	0.00	2000
229	11.02	2082	2099	0.00	195	0	0	0	nan	0.00	0.00	6.21	82.82	88.98	0.00	41	0	43	0.00	0.00	66.65	7.70	0.00	0.00	2000
232	11.18	2075	2099	0.00	196	0	0	0	nan	0.00	0.67	5.52	82.78	88.82	0.00	41	0	43	0.00	0.00	64.44	7.48	0.00	0.00	2000
232	10.84	2138	2102	0.00	180	0	0	0	nan	0.00	1.49	6.92	80.90	89.16	0.00	41	0	43	0.00	0.00	64.41	7.46	0.00	0.00	2000
228	10.97	2083	2093	0.00	198	0	0	0	nan	0.00	0.00	8.20	80.61	89.03	0.00	41	0	43	0.00	0.00	66.51	7.61	0.00	0.00	2000
230	11.23	2042	2104	0.12	197	0	0	3	55.68	0.00	0.00	5.48	83.58	88.77	0.00	41	0	43	0.00	0.00	66.59	7.57	0.00	0.00	2000
231	11.11	2076	2100	0.73	199	0	0	3	70.66	0.00	0.02	6.15	82.86	88.89	0.00	41	0	43	0.00	0.00	61.56	7.16	0.00	0.00	2000
231	11.20	2096	2068	0.00	181	0	0	0	nan	0.01	0.91	7.53	79.08	88.80	0.00	41	0	43	0.00	0.00	67.69	7.86	0.00	0.00	2000
229	10.89	2074	2133	0.00	217	0	0	0	nan	0.00	0.00	8.93	81.68	89.11	0.00	41	0	43	0.00	0.00	63.52	7.39	0.00	0.00	2000
230	11.13	2063	2103	0.00	179	0	0	0	nan	0.00	0.02	8.79	80.24	88.87	0.00	42	0	43	0.00	0.00	66.70	7.87	0.00	0.00	2000
228	11.13	2058	2092	0.00	196	0	0	0	nan	0.01	0.00	6.52	82.14	88.87	0.00	41	0	43	0.00	0.00	66.53	7.62	0.00	0.00	2000
228	11.39	2072	2027	0.00	195	0	0	0	nan	0.04	0.00	7.30	78.37	88.61	0.00	41	0	43	0.00	0.00	64.41	7.49	0.00	0.00	2000
231	11.04	2008	2185	0.00	211	0	0	0	nan	0.00	0.01	6.14	86.57	88.96	0.00	42	0	43	0.00	0.00	63.79	7.52	0.00	0.00	2000
232	11.38	2035	2101	0.00	183	0	0	0	nan	0.02	0.20	8.64	79.95	88.62	0.00	41	0	43	0.00	0.00	66.07	7.64	0.00	0.00	2000
228	11.27	2026	2101	0.00	197	0	0	0	nan	0.00	0.00	8.45	80.48	88.73	0.00	42	0	43	0.00	0.00	66.55	7.63	0.00	0.00	2000
229	11.35	2019	2099	0.00	195	0	0	0	nan	0.00	0.00	8.33	80.49	88.65	0.00	42	0	43	0.00	0.00	64.02	7.44	0.00	0.00	2000
228	11.17	2046	2097	0.00	180	0	0	0	nan	0.00	0.00	7.53	81.39	88.83	0.00	41	0	43	0.00	0.00	62.84	7.30	0.00	0.00	2000
230	11.06	2079	2097	0.00	198	0	0	0	nan	0.00	0.04	4.71	84.20	88.94	0.00	42	0	43	0.00	0.00	65.24	7.52	0.00	0.00	2000
230	11.04	2073	2107	0.00	195	0	0	0	nan	0.00	0.56	3.50	85.30	88.96	0.00	41	0	43	0.00	0.00	67.08	7.65	0.00	0.00	2000
232	11.27	2057	2099	0.00	198	0	0	0	nan	0.00	0.30	6.22	82.32	88.73	0.00	41	0	43	0.00	0.00	67.06	7.63	0.00	0.00	2000
230	11.14	2070	2090	0.00	196	0	0	0	nan	0.00	0.00	7.71	80.90	88.86	0.00	41	0	43	0.00	0.00	63.45	7.26	0.00	0.00	2000
231	11.17	2059	2109	0.00	200	0	0	0	nan	0.00	0.00	9.37	79.95	88.83	0.00	41	0	43	0.00	0.00	62.86	7.55	0.00	0.00	2000
234	11.22	2112	2073	0.00	184	0	0	2	64.11	0.00	0.00	7.85	79.83	88.78	0.00	41	0	43	0.00	0.00	66.94	7.90	0.00	0.00	2000
230	11.19	2029	2123	0.83	211	0	0	6	59.99	0.00	0.00	9.02	80.89	88.81	0.00	41	0	43	0.00	0.00	64.93	7.60	0.00	0.00	2000
230	11.28	2038	2104	0.00	195	0	0	0	nan	0.00	0.00	7.79	81.29	88.72	0.00	41	0	43	0.00	0.00	63.12	7.23	0.00	0.00	2000
230	10.35	2222	2099	0.00	181	0	0	0	nan	0.00	2.42	8.81	78.48	89.65	0.00	41	0	43	0.00	0.00	67.29	7.67	0.00	0.00	2000
227	11.08	2099	2050	0.00	199	0	0	0	nan	0.00	0.00	6.89	80.05	88.92	0.00	42	0	43	0.00	0.00	66.17	7.54	0.00	0.00	2000
230	11.02	2035	2155	0.00	210	0	0	0	nan	0.00	0.02	8.00	83.36	88.98	0.00	41	0	43	0.00	0.00	63.25	7.53	0.00	0.00	2000
229	10.89	2101	2104	0.00	182	0	0	0	nan	0.00	0.00	7.35	82.03	89.11	0.00	41	0	43	0.00	0.00	67.81	7.65	0.00	0.00	2000
230	11.16	2066	2095	0.00	198	0	0	0	nan	0.00	0.00	7.10	81.64	88.84	0.00	41	0	43	0.00	0.00	62.78	7.40	0.00	0.00	2000
231	10.70	2158	2100	0.00	196	0	0	0	nan	0.00	0.65	7.91	80.83	89.30	0.00	41	0	43	0.00	0.00	66.18	7.73	0.00	0.00	2000
229	10.92	2097	2101	0.00	195	0	0	0	nan	0.00	0.00	7.39	81.83	89.08	0.00	42	0	43	0.00	0.00	63.58	7.41	0.00	0.00	2000
230	11.10	2065	2104	0.00	181	0	0	0	nan	0.00	0.62	4.22	84.40	88.90	0.00	41	0	43	0.00	0.00	67.14	7.86	0.00	0.00	2000
226	11.05	2119	2031	0.00	196	0	0	0	nan	0.00	0.04	3.36	82.73	88.95	0.00	41	0	43	0.00	0.00	59.73	6.80	0.00	0.00	2000
230	10.92	2035	2169	0.00	215	0	0	0	nan	0.00	0.02	7.36	84.74	89.08	0.00	42	0	43	0.00	0.00	68.98	8.08	0.00	0.00	2000
232	10.80	2151	2099	0.00	182	0	0	0	nan	0.01	0.99	8.28	80.00	89.20	0.00	41	0	43	0.00	0.00	66.78	7.73	0.00	0.00	2000
229	11.13	2056	2103	0.00	205	0	0	0	nan	0.00	1.31	4.63	83.17	88.87	0.00	41	0	43	0.00	0.00	66.17	7.91	0.00	0.00	2000
230	11.10	2075	2101	0.00	197	0	0	0	nan	0.00	0.04	7.96	81.06	88.90	0.00	41	0	43	0.00	0.00	62.82	7.34	0.00	0.00	2000
229	11.14	2056	2100	0.00	200	0	0	0	nan	0.00	0.00	5.25	83.71	88.87	0.00	41	0	43	0.00	0.00	63.65	7.29	0.00	0.00	2000
230	11.18	2056	2098	0.00	196	0	0	0	nan	0.00	0.00	7.11	81.74	88.82	0.00	41	0	43	0.00	0.00	65.66	7.55	0.00	0.00	2000
229	11.14	2050	2102	0.51	181	0	0	5	48.78	0.00	0.00	7.48	81.58	88.86	0.00	41	0	43	0.00	0.00	67.14	7.76	0.00	0.00	2000
233	11.26	2069	2098	0.42	198	0	0	0	76.47	0.00	0.00	5.81	82.99	88.74	0.00	41	0	43	0.00	0.00	62.85	7.50	0.00	0.00	2000
227	11.32	2083	2021	0.00	202	0	0	0	nan	0.00	0.02	7.58	77.84	88.68	0.00	41	0	43	0.00	0.00	61.29	7.09	0.00	0.00	2000
232	10.88	2047	2188	0.00	214	0	0	0	nan	0.00	0.02	7.68	85.22	89.12	0.00	41	0	43	0.00	0.00	69.02	8.29	0.00	0.00	2000
230	10.86	2115	2102	0.00	180	0	0	0	nan	0.00	0.01	7.84	81.51	89.14	0.00	41	0	43	0.00	0.00	64.34	7.50	0.00	0.00	2000
229	11.01	2084	2096	0.00	195	0	0	0	nan	0.00	0.00	6.55	82.38	88.99	0.00	41	0	43	0.00	0.00	65.04	7.67	0.00	0.00	2000
231	11.30	2048	2099	0.00	198	0	0	0	nan	0.00	0.00	7.24	81.53	88.70	0.00	42	0	43	0.00	0.00	63.86	7.47	0.00	0.00	2000
230	10.98	2096	2102	0.00	200	0	0	0	nan	0.00	0.04	4.05	85.15	89.02	0.00	41	0	43	0.00	0.00	66.41	7.74	0.00	0.00	2000
229	10.74	2133	2102	0.00	179	0	0	0	nan	0.00	1.00	4.98	83.49	89.26	0.00	42	0	43	0.00	0.00	64.15	7.41	0.00	0.00	2000
228	11.01	2073	2100	0.00	194	0	0	0	nan	0.00	0.00	7.87	81.16	88.99	0.00	41	0	43	0.00	0.00	63.71	7.33	0.00	0.00	2000
229	11.06	2068	2098	0.00	195	0	0	0	nan	0.00	0.02	6.87	82.11	88.94	0.00	42	0	43	0.00	0.00	66.19	7.75	0.00	0.00	2000
229	11.13	2061	2097	0.00	183	0	0	0	nan	0.00	0.02	7.00	81.79	88.87	0.00	41	0	43	0.00	0.00	64.91	7.60	0.00	0.00	2000
229	11.23	2080	2060	0.00	197	0	0	0	nan	0.00	0.88	7.25	79.06	88.77	0.00	41	0	42	0.00	0.00	63.23	7.47	0.00	0.00	2000
239	11.42	2047	2144	0.00	216	0	0	0	nan	0.00	0.00	8.97	81.57	88.58	0.00	41	0	43	0.00	0.00	65.83	7.74	0.00	0.00	2000
229	11.11	2062	2103	0.00	178	0	0	0	nan	0.00	0.00	9.31	79.80	88.89	0.00	41	0	42	0.00	0.00	66.71	7.98	0.00	0.00	2000
229	11.15	2062	2095	0.00	195	0	0	0	nan	0.00	0.00	7.46	81.18	88.85	0.00	41	0	43	0.00	0.00	61.98	7.17	0.00	0.00	2000
228	11.18	2039	2103	0.00	196	0	0	0	nan	0.00	0.03	6.66	82.41	88.82	0.00	41	0	43	0.00	0.00	65.72	7.62	0.00	0.00	2000
229	11.13	2062	2098	0.01	196	0	0	3	60.27	0.04	0.00	7.08	81.82	88.87	0.00	41	0	43	0.00	0.00	62.65	7.18	0.00	0.00	2000
241	11.44	2114	2090	0.74	196	0	0	4	66.76	0.00	0.03	6.75	81.46	88.56	0.00	41	0	43	0.00	0.00	65.40	7.64	0.00	0.00	2000
230	10.87	2107	2108	0.00	196	0	0	0	nan	0.00	0.00	8.82	80.80	89.13	0.00	41	0	43	0.00	0.00	65.43	7.67	0.00	0.00	2000
229	11.17	2081	2071	0.00	196	0	0	0	nan	0.04	0.00	7.58	80.08	88.83	0.00	42	0	43	0.00	0.00	64.96	7.55	0.00	0.00	2000
230	10.86	2083	2134	0.00	196	0	0	0	nan	0.00	0.00	9.83	80.90	89.14	0.00	42	0	43	0.00	0.00	67.04	7.76	0.00	0.00	2000
229	11.06	2074	2094	0.00	181	0	0	0	nan	0.00	0.08	3.90	84.79	88.94	0.00	41	0	43	0.00	0.00	65.32	7.57	0.00	0.00	2000
232	11.22	2066	2100	0.00	201	0	0	0	nan	0.02	1.09	3.11	84.71	88.78	0.00	41	0	43	0.00	0.00	64.91	7.51	0.00	0.00	2000
231	11.05	2081	2105	0.00	209	0	0	0	nan	0.00	1.48	4.78	82.94	88.95	0.00	41	0	43	0.00	0.00	61.92	7.19	0.00	0.00	2000
228	11.00	2140	2035	0.00	195	0	0	0	nan	0.00	0.02	5.72	80.57	89.00	0.00	41	0	43	0.00	0.00	64.52	7.31	0.00	0.00	2000
229	10.77	2059	2170	0.00	210	0	0	0	nan	0.00	0.00	7.18	85.07	89.23	0.00	41	0	43	0.00	0.00	69.70	8.06	0.00	0.00	2000
228	11.22	2038	2096	0.00	182	0	0	0	nan	0.00	0.00	6.25	82.47	88.78	0.00	42	0	43	0.00	0.00	65.37	7.48	0.00	0.00	2000
232	11.19	2067	2109	0.00	196	0	0	0	nan	0.00	0.02	5.38	83.90	88.81	0.00	41	0	43	0.00	0.00	61.19	7.19	0.00	0.00	2000
229	11.09	2074	2096	0.00	200	0	0	0	nan	0.00	0.03	6.04	82.78	88.91	0.00	42	0	43	0.00	0.00	65.56	7.62	0.00	0.00	2000
229	10.93	2093	2099	0.00	196	0	0	0	nan	0.00	0.02	7.70	81.38	89.07	0.00	41	0	43	0.00	0.00	67.12	7.72	0.00	0.00	2000
230	11.21	2055	2097	0.00	178	0	0	0	nan	0.00	0.02	7.39	81.38	88.79	0.00	41	0	43	0.00	0.00	62.88	7.20	0.00	0.00	2000
229	11.09	2061	2107	0.00	198	0	0	0	nan	0.00	0.01	7.21	82.08	88.91	0.00	41	0	43	0.00	0.00	63.40	7.36	0.00	0.00	2000
227	11.16	2091	2040	0.00	195	0	0	0	nan	0.00	0.00	6.28	80.12	88.84	0.00	41	0	43	0.00	0.00	64.78	7.51	0.00	0.00	2000
233	11.05	2046	2159	0.00	213	0	0	1	73.12	0.04	0.02	8.21	83.30	88.95	0.00	41	0	43	0.00	0.00	68.88	8.05	0.00	0.00	2000
231	10.92	2109	2105	0.87	181	0	0	5	59.42	0.00	0.00	9.01	80.33	89.08	0.00	41	0	43	0.00	0.00	64.17	7.42	0.00	0.00	2000
230	10.97	2099	2098	0.02	197	0	0	0	nan	0.00	0.06	5.15	83.89	89.03	0.00	41	0	43	0.00	0.00	62.61	7.38	0.00	0.00	2000
229	11.14	2056	2100	0.00	196	0	0	0	nan	0.01	0.02	2.58	86.37	88.86	0.00	42	0	43	0.00	0.00	65.95	7.67	0.00	0.00	2000
228	11.12	2050	2101	0.00	196	0	0	0	nan	0.03	0.00	5.07	83.98	88.88	0.00	41	0	43	0.00	0.00	63.68	7.75	0.00	0.00	2000
228	11.17	2059	2083	0.00	179	0	0	0	nan	0.00	0.00	6.58	81.59	88.83	0.00	41	0	43	0.00	0.00	65.19	7.18	0.00	0.00	2000
231	11.05	2119	2070	0.00	200	0	0	0	nan	0.00	0.90	8.06	78.92	88.95	0.00	42	0	43	0.00	0.00	64.34	7.48	0.00	0.00	2000
231	10.82	2086	2147	0.00	212	0	0	0	nan	0.02	1.96	9.50	79.86	89.18	0.00	41	0	43	0.00	0.00	66.72	7.75	0.00	0.00	2000
229	11.07	2068	2101	0.00	182	0	0	0	nan	0.00	0.01	7.59	81.46	88.93	0.00	41	0	43	0.00	0.00	63.21	7.25	0.00	0.00	2000
229	11.32	2027	2096	0.00	199	0	0	0	nan	0.00	0.00	9.52	79.13	88.68	0.00	41	0	43	0.00	0.00	65.23	7.55	0.00	0.00	2000
229	11.26	2033	2101	0.00	198	0	0	0	nan	0.00	0.00	7.17	81.80	88.74	0.00	41	0	43	0.00	0.00	65.39	7.73	0.00	0.00	2000
231	11.01	2096	2102	0.00	196	0	0	0	nan	0.00	0.01	6.91	82.19	88.99	0.00	41	0	43	0.00	0.00	66.55	7.81	0.00	0.00	2000
229	11.15	2097	2059	0.00	187	0	0	0	nan	0.00	0.00	5.99	81.22	88.85	0.00	41	0	43	0.00	0.00	61.31	7.19	0.00	0.00	2000
230	11.03	2041	2142	0.00	212	0	0	0	nan	0.00	0.00	7.86	83.00	88.97	0.00	41	0	43	0.00	0.00	65.83	7.83	0.00	0.00	2000
229	11.05	2079	2094	0.00	179	0	0	0	nan	0.00	0.00	6.89	81.86	88.95	0.00	41	0	43	0.00	0.00	65.17	7.56	0.00	0.00	2000
229	11.24	2038	2102	0.00	199	0	0	0	nan	0.00	0.00	5.76	83.16	88.76	0.00	41	0	43	0.00	0.00	65.14	7.56	0.00	0.00	2000
229	11.08	2060	2104	0.00	195	0	0	0	nan	0.00	0.02	6.73	82.42	88.93	0.00	41	0	43	0.00	0.00	63.41	7.42	0.00	0.00	2000
232	11.36	2127	2021	0.00	206	0	0	0	nan	0.00	1.14	3.94	80.37	88.64	0.00	41	0	43	0.00	0.00	64.23	7.66	0.00	0.00	2000
232	10.75	2076	2183	0.55	221	0	0	5	49.27	0.00	0.06	4.27	88.64	89.25	0.00	41	0	43	0.00	0.00	65.86	7.81	0.00	0.00	2000
230	11.12	2066	2099	0.36	180	0	0	0	nan	0.01	0.00	7.83	81.12	88.88	0.00	41	0	43	0.00	0.00	65.40	7.77	0.00	0.00	2000
229	11.10	2066	2096	0.00	198	0	0	0	nan	0.00	0.00	5.73	83.07	88.90	0.00	41	0	43	0.00	0.00	62.86	7.51	0.00	0.00	2000
230	11.09	2065	2106	0.00	195	0	0	0	nan	0.00	0.45	6.03	82.77	88.91	0.00	41	0	43	0.00	0.00	65.60	7.84	0.00	0.00	2000
232	11.28	2057	2100	0.00	199	0	0	0	nan	0.02	1.45	8.17	79.26	88.72	0.00	41	0	43	0.00	0.00	66.62	7.64	0.00	0.00	2000
229	11.13	2061	2094	0.00	196	0	0	0	nan	0.00	0.02	8.05	80.68	88.87	0.00	41	0	43	0.00	0.00	64.41	7.37	0.00	0.00	2000
228	11.07	2062	2102	0.00	199	0	0	0	nan	0.00	0.00	5.97	83.15	88.93	0.00	41	0	43	0.00	0.00	64.78	7.78	0.00	0.00	2000
230	11.19	2056	2100	0.00	197	0	0	0	nan	0.00	0.00	7.14	81.74	88.81	0.00	41	0	43	0.00	0.00	65.08	7.50	0.00	0.00	2000
228	11.21	2033	2105	0.00	196	0	0	0	nan	0.00	0.01	6.65	82.53	88.79	0.00	41	0	43	0.00	0.00	64.07	7.58	0.00	0.00	2000
231	11.49	2051	2062	0.00	183	0	0	0	nan	0.00	0.02	5.52	81.43	88.51	0.00	41	0	43	0.00	0.00	64.11	7.51	0.00	0.00	2000
229	11.13	2023	2136	0.00	215	0	0	0	nan	0.00	0.00	8.74	81.83	88.87	0.00	42	0	43	0.00	0.00	62.89	7.36	0.00	0.00	2000
229	11.20	2036	2104	0.00	179	0	0	0	nan	0.00	0.02	7.97	81.13	88.80	0.00	41	0	43	0.00	0.00	66.53	7.64	0.00	0.00	2000
230	10.97	2100	2097	0.00	196	0	0	0	nan	0.01	0.03	7.47	81.52	89.03	0.00	41	0	43	0.00	0.00	66.09	7.45	0.00	0.00	2000
230	11.11	2072	2100	0.00	200	0	0	0	nan	0.00	0.04	3.91	85.06	88.89	0.00	41	0	43	0.00	0.00	65.64	7.59	0.00	0.00	2000
234	11.05	2135	2083	0.00	197	0	0	0	nan	0.00	3.23	3.71	81.61	88.95	0.00	41	0	43	0.00	0.00	63.37	7.37	0.00	0.00	2000
234	11.27	2061	2115	0.00	200	0	0	0	nan	0.03	0.02	5.80	83.72	88.73	0.00	41	0	43	0.00	0.00	65.50	7.53	0.00	0.00	2000
228	11.20	2034	2096	0.00	181	0	0	0	nan	0.00	0.02	7.53	81.32	88.80	0.00	41	0	43	0.00	0.00	62.64	7.29	0.00	0.00	2000
229	11.12	2099	2062	0.10	198	0	0	4	59.77	0.00	0.54	6.10	80.68	88.88	0.00	42	0	43	0.00	0.00	66.66	7.61	0.00	0.00	2000
229	10.94	2053	2145	0.76	215	0	0	3	69.89	0.00	0.00	7.70	83.37	89.06	0.00	41	0	43	0.00	0.00	64.48	7.49	0.00	0.00	2000
230	10.90	2111	2103	0.00	178	0	0	0	nan	0.00	0.01	5.71	83.54	89.10	0.00	41	0	43	0.00	0.00	66.91	7.75	0.00	0.00	2000
228	11.08	2061	2099	0.00	197	0	0	0	nan	0.00	0.00	7.48	81.50	88.92	0.00	41	0	43	0.00	0.00	64.40	7.50	0.00	0.00	2000
233	11.28	2068	2100	0.00	197	0	0	0	nan	0.02	1.40	8.11	79.39	88.72	0.00	41	0	43	0.00	0.00	64.45	7.57	0.00	0.00	2000
229	10.82	2116	2099	0.00	179	0	0	0	nan	0.00	0.00	8.96	80.30	89.18	0.00	41	0	43	0.00	0.00	66.79	7.70	0.00	0.00	2000
226	10.98	2137	2021	0.00	195	0	0	0	nan	0.00	0.05	6.29	79.39	89.02	0.00	41	0	43	0.00	0.00	61.72	7.00	0.00	0.00	2000
231	10.83	2051	2183	0.00	212	0	0	0	nan	0.00	0.00	6.59	86.22	89.17	0.00	41	0	43	0.00	0.00	66.55	7.73	0.00	0.00	2000
229	11.18	2054	2096	0.00	179	0	0	0	nan	0.00	0.02	5.74	83.02	88.82	0.00	41	0	43	0.00	0.00	64.88	7.60	0.00	0.00	2000
239	11.49	2074	2106	0.00	214	0	0	0	nan	0.04	0.00	10.55	78.30	88.51	0.00	41	0	43	0.00	0.00	66.66	7.81	0.00	0.00	2000
231	10.55	2191	2098	0.00	195	0	0	0	nan	0.01	2.10	8.33	79.13	89.45	0.00	41	0	43	0.00	0.00	64.50	7.59	0.00	0.00	2000
228	11.20	2036	2102	0.00	195	0	0	0	nan	0.00	2.22	4.86	82.02	88.80	0.00	41	0	43	0.00	0.00	64.29	7.14	0.00	0.00	2000
229	10.99	2087	2100	0.00	180	0	0	0	nan	0.02	0.02	4.07	84.96	89.01	0.00	41	0	43	0.00	0.00	66.59	7.72	0.00	0.00	2000
230	11.04	2088	2100	0.00	200	0	0	0	nan	0.00	0.02	5.86	83.19	88.96	0.00	41	0	43	0.00	0.00	66.55	7.71	0.00	0.00	2000
228	11.35	2077	2027	0.00	197	0	0	0	nan	0.00	0.00	5.62	80.06	88.65	0.00	41	0	43	0.00	0.00	61.77	7.22	0.00	0.00	2000
234	11.10	2031	2176	0.00	217	0	0	0	nan	0.04	0.00	9.05	83.19	88.90	0.00	41	0	43	0.00	0.00	62.48	7.93	0.00	0.00	2000
230	11.12	2065	2100	0.00	181	0	0	0	nan	0.00	0.03	8.60	80.38	88.88	0.00	41	0	43	0.00	0.00	69.42	7.79	0.00	0.00	2000
229	11.21	2043	2101	0.00	197	0	0	1	82.05	0.00	0.02	8.19	80.76	88.79	0.00	41	0	43	0.00	0.00	66.17	7.61	0.00	0.00	2000
230	11.13	2064	2100	0.87	194	0	0	6	60.68	0.00	0.00	5.04	83.93	88.87	0.00	41	0	43	0.00	0.00	63.15	7.27	0.00	0.00	2000
229	11.07	2068	2099	0.03	195	0	0	0	nan	0.00	0.00	6.03	82.97	88.93	0.00	42	0	43	0.00	0.00	64.17	7.33	0.00	0.00	2000
232	11.27	2059	2100	0.00	183	0	0	0	nan	0.00	0.01	5.40	83.42	88.73	0.00	41	0	43	0.00	0.00	65.66	7.79	0.00	0.00	2000
229	11.07	2063	2104	0.00	200	0	0	0	nan	0.00	0.00	6.73	82.47	88.93	0.00	41	0	43	0.00	0.00	67.19	7.86	0.00	0.00	2000
230	10.88	2114	2099	0.00	196	0	0	0	nan	0.00	0.03	8.91	80.17	89.12	0.00	41	0	43	0.00	0.00	61.37	7.01	0.00	0.00	2000
229	10.90	2103	2099	0.00	194	0	0	0	nan	0.00	0.02	5.29	83.89	89.10	0.00	41	0	43	0.00	0.00	66.85	7.75	0.00	0.00	2000
228	11.19	2038	2100	0.00	179	0	0	0	nan	0.00	0.03	6.19	82.68	88.81	0.00	41	0	43	0.00	0.00	66.67	7.68	0.00	0.00	2000
228	10.94	2139	2041	0.00	197	0	0	0	nan	0.00	0.02	5.64	81.02	89.06	0.00	41	0	43	0.00	0.00	60.32	6.74	0.00	0.00	2000
234	11.09	2048	2161	0.00	214	0	0	0	nan	0.04	0.54	9.00	82.08	88.91	0.00	41	0	43	0.00	0.00	69.26	8.03	0.00	0.00	2000
228	11.06	2065	2098	0.00	179	0	0	0	nan	0.00	0.64	3.81	84.52	88.94	0.00	41	0	43	0.00	0.00	66.09	7.70	0.00	0.00	2000
230	11.06	2078	2106	0.00	198	0	0	0	nan	0.03	0.00	5.66	83.57	88.94	0.00	42	0	43	0.00	0.00	64.36	7.39	0.00	0.00	2000
228	10.96	2088	2093	0.00	195	0	0	0	nan	0.00	0.00	5.91	82.96	89.04	0.00	41	0	43	0.00	0.00	61.93	7.10	0.00	0.00	2000
241	11.78	2047	2104	0.00	196	0	0	0	nan	0.00	0.00	8.57	79.85	88.22	0.00	41	0	43	0.00	0.00	67.02	7.76	0.00	0.00	2000
230	11.08	2073	2102	0.00	180	0	0	0	nan	0.02	1.52	6.92	80.71	88.92	0.00	41	0	43	0.00	0.00	66.91	7.69	0.00	0.00	2000
229	11.14	2126	2035	0.00	199	0	0	0	nan	0.00	0.00	5.83	80.34	88.86	0.00	41	0	43	0.00	0.00	59.75	6.98	0.00	0.00	2000
229	10.77	2062	2167	0.00	211	0	0	0	nan	0.00	0.00	8.64	83.44	89.23	0.00	42	0	43	0.00	0.00	69.24	8.07	0.00	0.00	2000
231	11.03	2090	2104	0.00	179	0	0	0	nan	0.00	0.00	7.85	81.31	88.97	0.00	41	0	43	0.00	0.00	63.47	7.58	0.00	0.00	2000
228	11.21	2036	2094	0.40	196	0	0	5	55.21	0.00	0.00	7.02	81.57	88.79	0.00	42	0	43	0.00	0.00	64.97	7.25	0.00	0.00	2000
232	11.43	2026	2103	0.52	199	0	0	2	84.99	0.04	0.00	7.63	81.23	88.57	0.00	41	0	43	0.00	0.00	64.91	7.70	0.00	0.00	2000
231	11.14	2074	2102	0.00	196	0	0	0	nan	0.00	0.00	6.63	82.37	88.86	0.00	42	0	43	0.00	0.00	64.21	7.33	0.00	0.00	2000
230	10.94	2102	2098	0.00	184	0	0	0	nan	0.00	0.00	7.26	81.73	89.06	0.00	41	0	43	0.00	0.00	65.85	7.65	0.00	0.00	2000
228	10.90	2147	2044	0.00	198	0	0	0	nan	0.00	0.00	7.01	79.79	89.10	0.00	41	0	43	0.00	0.00	60.68	6.86	0.00	0.00	2000
232	10.76	2096	2156	0.00	212	0	0	0	nan	0.00	0.00	6.95	84.78	89.24	0.00	41	0	43	0.00	0.00	68.32	7.67	0.00	0.00	2000
228	10.95	2086	2097	0.00	179	0	0	0	nan	0.00	1.61	5.29	82.07	89.05	0.00	41	0	43	0.00	0.00	65.26	7.53	0.00	0.00	2000
230	11.31	2030	2107	0.00	194	0	0	0	nan	0.01	0.03	2.78	86.25	88.69	0.00	41	0	43	0.00	0.00	66.07	7.47	0.00	0.00	2000
229	11.26	2103	2032	0.00	199	0	0	0	nan	0.00	0.06	6.72	79.26	88.74	0.00	41	0	43	0.00	0.00	60.07	7.18	0.00	0.00	2000
231	10.78	2075	2171	0.00	214	0	0	0	nan	0.00	0.02	7.64	84.56	89.22	0.00	41	0	43	0.00	0.00	68.61	8.30	0.00	0.00	2000
228	11.10	2057	2095	0.00	180	0	0	0	nan	0.00	0.00	5.40	83.34	88.90	0.00	41	0	43	0.00	0.00	62.97	7.33	0.00	0.00	2000
230	11.13	2063	2107	0.00	196	0	0	0	nan	0.00	0.05	6.57	82.67	88.87	0.00	41	0	43	0.00	0.00	66.49	7.62	0.00	0.00	2000
230	11.08	2075	2097	0.00	198	0	0	0	nan	0.00	0.01	5.53	83.35	88.92	0.00	42	0	43	0.00	0.00	63.57	7.19	0.00	0.00	2000
232	11.04	2105	2099	0.00	196	0	0	0	nan	0.00	0.00	6.13	82.87	88.96	0.00	41	0	43	0.00	0.00	65.88	7.59	0.00	0.00	2000
229	10.98	2080	2103	0.00	199	0	0	0	nan	0.00	0.00	7.23	81.98	89.02	0.00	41	0	43	0.00	0.00	66.92	7.97	0.00	0.00	2000
229	10.99	2092	2096	0.00	178	0	0	0	nan	0.00	0.02	6.86	82.11	89.01	0.00	41	0	43	0.00	0.00	63.64	7.35	0.00	0.00	2000
230	11.08	2073	2100	0.00	197	0	0	0	nan	0.00	0.00	6.78	82.19	88.92	0.00	41	0	43	0.00	0.00	66.42	7.64	0.00	0.00	2000
229	11.24	2040	2099	0.00	196	0	0	3	56.79	0.00	0.00	6.54	82.29	88.76	0.00	41	0	43	0.00	0.00	65.44	7.49	0.00	0.00	2000
229	11.16	2050	2105	0.82	194	0	0	5	61.29	0.00	0.00	6.47	82.71	88.84	0.00	41	0	43	0.00	0.00	63.86	7.33	0.00	0.00	2000
229	11.21	2126	2021	0.00	197	0	0	0	nan	0.00	0.02	6.54	78.99	88.79	0.00	41	0	43	0.00	0.00	63.38	7.28	0.00	0.00	2000
231	11.05	2009	2184	0.00	213	0	0	0	nan	0.00	0.02	7.90	84.69	88.95	0.00	41	0	43	0.00	0.00	66.06	7.66	0.00	0.00	2000
229	10.99	2086	2097	0.00	179	0	0	0	nan	0.01	0.09	3.56	85.32	89.01	0.00	41	0	43	0.00	0.00	62.97	7.55	0.00	0.00	2000
230	11.08	2067	2106	0.00	199	0	0	0	nan	0.00	0.08	3.48	85.80	88.92	0.00	41	0	43	0.00	0.00	67.37	7.31	0.00	0.00	2000
230	11.01	2091	2094	0.00	196	0	0	0	nan	0.00	0.03	5.10	83.75	88.99	0.00	42	0	43	0.00	0.00	65.66	7.44	0.00	0.00	2000
232	11.21	2070	2098	0.00	198	0	0	0	nan	0.00	0.00	7.51	81.32	88.79	0.00	41	0	43	0.00	0.00	65.44	7.57	0.00	0.00	2000
231	10.72	2146	2108	0.00	198	0	0	0	nan	0.01	0.44	6.33	82.83	89.28	0.00	42	0	43	0.00	0.00	67.84	7.76	0.00	0.00	2000
229	11.02	2082	2096	0.00	180	0	0	0	nan	0.02	1.47	7.65	79.84	88.98	0.00	41	0	43	0.00	0.00	64.09	7.35	0.00	0.00	2000
231	11.22	2057	2102	0.00	197	0	0	0	nan	0.00	0.00	7.65	81.31	88.78	0.00	41	0	43	0.00	0.00	63.73	7.42	0.00	0.00	2000
226	11.18	2096	2025	0.00	194	0	0	0	nan	0.00	0.01	5.50	80.25	88.82	0.00	42	0	43	0.00	0.00	64.33	7.43	0.00	0.00	2000
236	11.04	2059	2179	0.00	213	0	0	0	nan	0.00	0.02	6.80	85.58	88.96	0.00	41	0	43	0.00	0.00	66.06	7.55	0.00	0.00	2000
228	11.11	2056	2097	0.00	184	0	0	0	nan	0.00	0.02	7.46	81.46	88.89	0.00	42	0	43	0.00	0.00	65.89	7.68	0.00	0.00	2000
229	11.09	2062	2098	0.00	194	0	0	0	nan	0.00	0.00	6.89	81.98	88.91	0.00	42	0	43	0.00	0.00	65.37	7.50	0.00	0.00	2000
231	11.00	2093	2108	0.00	194	0	0	0	nan	0.04	0.00	7.16	82.21	89.00	0.00	41	0	43	0.00	0.00	63.52	7.28	0.00	0.00	2000
230	11.07	2078	2099	0.00	196	0	0	0	nan	0.00	0.00	6.35	82.64	88.93	0.00	42	0	43	0.00	0.00	66.15	7.59	0.00	0.00	2000
230	10.99	2093	2101	0.00	196	0	0	0	93.55	0.00	0.02	5.89	83.19	89.01	0.00	41	0	43	0.00	0.00	64.34	7.40	0.00	0.00	2000
234	10.93	2141	2098	0.83	184	0	0	7	50.86	0.00	0.00	6.19	82.98	89.07	0.00	41	0	43	0.00	0.00	64.11	7.34	0.00	0.00	2000
227	11.04	2117	2036	0.08	196	0	0	0	nan	0.00	1.61	5.19	79.63	88.96	0.00	41	0	43	0.00	0.00	65.36	7.40	0.00	0.00	2000
231	10.88	2053	2170	0.00	212	0	0	0	nan	0.00	0.03	3.86	88.38	89.12	0.00	42	0	43	0.00	0.00	66.86	7.67	0.00	0.00	2000
229	11.22	2042	2100	0.00	181	0	0	0	nan	0.03	0.00	4.80	84.11	88.78	0.00	42	0	43	0.00	0.00	64.19	7.47	0.00	0.00	2000
230	10.80	2136	2099	0.00	196	0	0	0	nan	0.00	0.50	6.32	82.50	89.20	0.00	41	0	43	0.00	0.00	66.18	7.62	0.00	0.00	2000
230	11.32	2029	2099	0.00	196	0	0	0	nan	0.04	0.01	7.47	81.37	88.68	0.00	42	0	43	0.00	0.00	63.26	7.27	0.00	0.00	2000
234	11.22	2085	2099	0.00	196	0	0	0	nan	0.00	0.00	7.53	81.33	88.78	0.00	41	0	43	0.00	0.00	63.64	7.36	0.00	0.00	2000
231	11.21	2061	2099	0.00	186	0	0	0	nan	0.00	0.02	9.29	79.55	88.79	0.00	41	0	43	0.00	0.00	65.74	7.62	0.00	0.00	2000
230	11.27	2040	2104	0.00	200	0	0	0	nan	0.00	0.00	6.42	82.63	88.73	0.00	41	0	43	0.00	0.00	65.77	7.55	0.00	0.00	2000
229	11.13	2066	2091	0.00	196	0	0	0	nan	0.00	0.00	6.39	82.22	88.87	0.00	42	0	43	0.00	0.00	64.12	7.37	0.00	0.00	2000
230	11.17	2075	2086	0.00	196	0	0	0	nan	0.04	0.00	7.95	80.46	88.83	0.00	41	0	43	0.00	0.00	65.50	7.18	0.00	0.00	2000
237	11.60	2028	2119	0.00	200	0	0	0	nan	0.00	0.00	8.94	80.44	88.40	0.00	41	0	43	0.00	0.00	66.85	7.48	0.00	0.00	2000
230	11.18	2058	2104	0.00	187	0	0	0	nan	0.00	0.01	6.73	82.32	88.82	0.00	41	0	43	0.00	0.00	63.76	7.31	0.00	0.00	2000
226	11.20	2094	2028	0.00	195	0	0	0	nan	0.00	0.00	7.70	78.12	88.80	0.00	41	0	43	0.00	0.00	65.16	7.49	0.00	0.00	2000
232	10.80	2073	2174	0.00	214	0	0	0	nan	0.00	0.02	5.55	86.93	89.20	0.00	41	0	43	0.00	0.00	66.45	7.67	0.00	0.00	2000
228	10.96	2087	2095	0.00	184	0	0	0	nan	0.00	0.02	6.72	82.26	89.04	0.00	41	0	43	0.00	0.00	62.40	7.27	0.00	0.00	2000
230	11.28	2033	2102	0.00	195	0	0	0	nan	0.00	2.23	4.22	82.52	88.72	0.00	41	0	43	0.00	0.00	66.07	7.59	0.00	0.00	2000
233	11.16	2084	2104	0.41	197	0	0	7	53.25	0.00	0.05	4.04	85.07	88.84	0.00	41	0	43	0.00	0.00	67.01	7.70	0.00	0.00	2000
231	11.07	2087	2102	0.51	196	0	0	2	81.72	0.00	0.00	7.10	81.95	88.93	0.00	42	0	43	0.00	0.00	63.10	7.27	0.00	0.00	2000
229	10.68	2144	2098	0.00	197	0	0	0	nan	0.00	0.97	8.33	80.04	89.32	0.00	41	0	43	0.00	0.00	64.90	7.40	0.00	0.00	2000
230	11.03	2089	2092	0.00	178	0	0	0	nan	0.00	0.42	7.93	80.42	88.97	0.00	41	0	43	0.00	0.00	65.52	7.44	0.00	0.00	2000
228	11.37	2051	2054	0.00	196	0	0	0	nan	0.00	0.05	5.92	80.84	88.63	0.00	41	0	43	0.00	0.00	66.17	7.63	0.00	0.00	2000
232	11.09	2043	2154	0.00	211	0	0	0	nan	0.00	0.39	9.13	81.81	88.91	0.00	41	0	43	0.00	0.00	63.07	7.28	0.00	0.00	2000
229	11.18	2048	2097	0.00	189	0	0	0	nan	0.00	0.03	5.81	82.94	88.82	0.00	41	0	43	0.00	0.00	66.01	7.53	0.00	0.00	2000
231	11.24	2046	2107	0.00	197	0	0	0	nan	0.00	0.00	7.09	82.01	88.76	0.00	41	0	43	0.00	0.00	66.48	7.75	0.00	0.00	2000
229	11.28	2037	2094	0.00	195	0	0	0	nan	0.00	0.00	6.82	81.76	88.72	0.00	41	0	43	0.00	0.00	65.48	7.52	0.00	0.00	2000
230	11.13	2063	2105	0.00	195	0	0	0	nan	0.00	0.06	6.48	82.67	88.87	0.00	41	0	43	0.00	0.00	63.44	7.37	0.00	0.00	2000
228	11.16	2130	2016	0.00	198	0	0	0	nan	0.00	0.02	4.83	80.56	88.84	0.00	42	0	43	0.00	0.00	63.65	7.39	0.00	0.00	2000
234	10.97	2048	2192	0.00	217	0	0	0	nan	0.00	0.00	9.00	83.93	89.03	0.00	42	0	43	0.00	0.00	66.46	7.86	0.00	0.00	2000
231	10.78	2136	2102	0.00	182	0	0	0	nan	0.00	0.02	6.28	83.15	89.22	0.00	41	0	43	0.00	0.00	67.57	7.62	0.00	0.00	2000
230	11.07	2078	2095	0.00	197	0	0	0	nan	0.00	0.01	6.04	82.74	88.93	0.00	41	0	43	0.00	0.00	62.38	7.46	0.00	0.00	2000
229	11.24	2039	2102	0.00	196	0	0	0	nan	0.04	0.06	3.36	85.55	88.76	0.00	41	0	43	0.00	0.00	65.80	7.91	0.00	0.00	2000
230	11.08	2071	2104	0.00	196	0	0	0	nan	0.00	0.05	2.72	86.43	88.92	0.00	41	0	43	0.00	0.00	63.99	7.43	0.00	0.00	2000
232	11.02	2104	2099	0.00	180	0	0	0	nan	0.00	0.03	5.88	83.16	88.98	0.00	41	0	43	0.00	0.00	66.81	7.74	0.00	0.00	2000
230	11.01	2089	2098	0.00	199	0	0	4	58.46	0.00	0.00	7.00	82.03	88.99	0.00	41	0	43	0.00	0.00	63.58	7.23	0.00	0.00	2000
229	11.08	2073	2098	0.81	196	0	0	5	59.54	0.02	0.96	7.04	80.97	88.92	0.00	41	0	43	0.00	0.00	65.95	7.68	0.00	0.00	2000
231	11.20	2068	2091	0.00	195	0	0	0	nan	0.00	0.02	6.82	81.69	88.80	0.00	42	0	43	0.00	0.00	63.14	7.34	0.00	0.00	2000
229	11.10	2055	2113	0.00	196	0	0	0	nan	0.00	0.00	7.98	81.58	88.90	0.00	41	0	43	0.00	0.00	67.29	7.80	0.00	0.00	2000
230	11.10	2124	2046	0.00	180	0	0	0	nan	0.06	0.00	7.34	79.35	88.90	0.00	41	0	43	0.00	0.00	63.70	7.37	0.00	0.00	2000
233	10.84	2097	2153	0.00	213	0	0	0	nan	0.06	0.02	9.12	82.31	89.16	0.00	42	0	43	0.00	0.00	66.98	7.89	0.00	0.00	2000
230	11.18	2055	2103	0.00	182	0	0	0	nan	0.00	0.01	7.69	81.36	88.82	0.00	41	0	43	0.00	0.00	65.81	7.68	0.00	0.00	2000
240	11.35	2113	2100	0.00	195	0	0	0	nan	0.00	0.00	7.53	81.18	88.65	0.00	41	0	43	0.00	0.00	64.13	7.41	0.00	0.00	2000
230	11.11	2073	2097	0.00	196	0	0	0	nan	0.00	0.00	6.04	82.77	88.89	0.00	41	0	43	0.00	0.00	66.15	7.42	0.00	0.00	2000
229	11.13	2056	2102	0.00	195	0	0	0	nan	0.00	0.01	6.26	82.78	88.87	0.00	41	0	43	0.00	0.00	63.31	7.89	0.00	0.00	2000
230	11.16	2073	2089	0.00	180	0	0	0	nan	0.00	0.02	6.75	81.73	88.84	0.00	41	0	43	0.00	0.00	64.86	7.50	0.00	0.00	2000
230	11.18	2080	2077	0.00	195	0	0	0	nan	0.00	0.04	3.25	84.61	88.82	0.00	41	0	43	0.00	0.00	64.50	7.35	0.00	0.00	2000
235	11.30	2056	2127	0.00	211	0	0	0	nan	0.00	0.00	4.25	85.63	88.70	0.00	41	0	43	0.00	0.00	65.14	7.68	0.00	0.00	2000
229	11.08	2066	2106	0.00	195	0	0	0	nan	0.00	0.00	4.02	85.27	88.92	0.00	41	0	43	0.00	0.00	67.32	7.69	0.00	0.00	2000
230	11.00	2081	2105	0.00	180	0	0	0	nan	0.00	0.00	3.38	85.87	89.00	0.00	41	0	43	0.00	0.00	64.24	7.59	0.00	0.00	2000
229	11.14	2058	2095	0.00	197	0	0	0	nan	0.00	0.01	4.42	84.30	88.86	0.00	41	0	43	0.00	0.00	66.20	7.70	0.00	0.00	2000
233	11.25	2080	2089	0.00	199	0	0	0	nan	0.00	0.00	4.29	84.01	88.75	0.00	42	0	43	0.00	0.00	64.04	7.33	0.00	0.00	2000
227	10.78	2103	2107	0.00	196	0	0	0	nan	0.00	0.00	4.25	85.31	89.22	0.00	41	0	43	0.00	0.00	66.01	7.78	0.00	0.00	2000
228	11.23	2044	2087	0.77	194	0	0	6	45.61	0.00	0.00	3.58	84.75	88.77	0.00	42	0	43	0.00	0.00	64.68	7.55	0.00	0.00	2000
228	11.29	2009	2116	0.14	195	0	0	0	nan	0.00	0.00	5.04	84.35	88.71	0.00	41	0	43	0.00	0.00	66.36	7.71	0.00	0.00	2000
228	11.13	2055	2097	0.00	179	0	0	0	nan	0.00	0.00	2.81	86.02	88.87	0.00	42	0	43	0.00	0.00	65.19	7.49	0.00	0.00	2000
227	11.22	2048	2076	0.00	194	0	0	0	nan	0.00	0.02	2.74	85.00	88.78	0.00	42	0	43	0.00	0.00	63.56	7.30	0.00	0.00	2000
230	11.05	2048	2131	0.00	211	0	0	0	nan	0.00	0.00	4.80	85.55	88.95	0.00	41	0	43	0.00	0.00	65.97	7.65	0.00	0.00	2000
229	10.90	2097	2103	0.00	180	0	0	0	nan	0.00	0.02	3.83	85.37	89.10	0.00	41	0	43	0.00	0.00	65.03	7.51	0.00	0.00	2000
229	10.89	2107	2095	0.00	195	0	0	0	nan	0.00	0.02	3.14	85.77	89.11	0.00	41	0	43	0.00	0.00	65.83	7.90	0.00	0.00	2000
228	11.19	2045	2095	0.00	195	0	0	0	nan	0.00	0.00	2.83	85.85	88.81	0.00	41	0	43	0.00	0.00	63.95	7.43	0.00	0.00	2000
229	11.05	2070	2106	0.00	194	0	0	0	nan	0.00	0.00	3.80	85.53	88.95	0.00	41	0	43	0.00	0.00	66.30	7.61	0.00	0.00	2000
230	11.27	2050	2090	0.00	179	0	0	0	nan	0.00	0.00	3.44	84.92	88.73	0.00	41	0	43	0.00	0.00	61.67	7.18	0.00	0.00	2000
229	11.05	2064	2110	0.00	211	0	0	0	nan	0.00	0.00	3.73	85.72	88.95	0.00	41	0	43	0.00	0.00	69.72	7.97	0.00	0.00	2000
227	11.11	2099	2048	0.00	179	0	0	0	nan	0.00	0.00	2.90	83.94	88.89	0.00	42	0	43	0.00	0.00	61.37	7.18	0.00	0.00	2000
230	10.90	2059	2155	0.00	210	0	0	0	nan	0.00	0.03	4.07	87.42	89.10	0.00	41	0	43	0.00	0.00	68.65	7.96	0.00	0.00	2000
227	11.04	2055	2096	0.00	179	0	0	0	nan	0.00	0.00	3.68	85.26	88.96	0.00	42	0	43	0.00	0.00	63.69	7.36	0.00	0.00	2000
228	11.04	2066	2100	0.00	195	0	0	0	nan	0.00	0.02	2.63	86.34	88.96	0.00	42	0	43	0.00	0.00	65.25	7.56	0.00	0.00	2000
230	11.09	2071	2104	0.00	196	0	0	0	nan	0.00	0.00	3.15	85.96	88.91	0.00	41	0	43	0.00	0.00	66.53	7.75	0.00	0.00	2000
229	11.09	2062	2099	0.00	195	0	0	0	nan	0.00	0.00	3.12	85.82	88.91	0.00	41	0	43	0.00	0.00	63.32	7.32	0.00	0.00	2000
229	10.90	2108	2093	0.39	198	0	0	6	54.12	0.00	0.03	4.10	84.74	89.10	0.00	41	0	43	0.00	0.00	67.36	7.75	0.00	0.00	2000
230	11.02	2078	2107	0.56	197	0	0	2	78.12	0.00	0.00	4.52	84.91	88.98	0.00	41	0	43	0.00	0.00	66.75	7.49	0.00	0.00	2000
227	11.04	2098	2054	0.00	179	0	0	0	nan	0.00	0.00	2.56	84.54	88.96	0.00	42	0	43	0.00	0.00	61.13	7.18	0.00	0.00	2000
232	11.21	2022	2147	0.00	211	0	0	0	nan	0.00	0.00	4.37	86.53	88.79	0.00	41	0	43	0.00	0.00	68.16	7.86	0.00	0.00	2000
228	11.20	2035	2101	0.00	178	0	0	0	nan	0.00	0.00	3.51	85.43	88.80	0.00	41	0	43	0.00	0.00	63.56	7.28	0.00	0.00	2000
230	11.16	2054	2104	0.00	196	0	0	0	nan	0.00	0.00	2.97	86.11	88.84	0.00	41	0	43	0.00	0.00	64.29	7.58	0.00	0.00	2000
228	10.93	2088	2098	0.00	194	0	0	0	nan	0.00	0.00	3.21	85.90	89.07	0.00	42	0	43	0.00	0.00	63.23	7.32	0.00	0.00	2000
230	11.16	2057	2099	0.00	194	0	0	0	nan	0.00	0.01	2.87	85.97	88.84	0.00	41	0	43	0.00	0.00	69.90	7.67	0.00	0.00	2000
228	11.04	2087	2078	0.00	179	0	0	0	nan	0.00	0.00	3.21	84.99	88.96	0.00	41	0	43	0.00	0.00	61.82	7.27	0.00	0.00	2000
233	11.17	2058	2124	0.00	213	0	0	0	nan	0.00	0.00	4.32	85.68	88.83	0.00	41	0	43	0.00	0.00	66.70	7.56	0.00	0.00	2000
228	10.86	2106	2099	0.00	179	0	0	0	nan	0.00	0.00	2.80	86.38	89.14	0.00	41	0	43	0.00	0.00	63.91	7.48	0.00	0.00	2000
225	11.26	2070	2030	0.00	194	0	0	0	nan	0.00	0.00	3.04	82.76	88.74	0.00	41	0	43	0.00	0.00	65.31	7.49	0.00	0.00	2000
230	10.63	2086	2176	0.00	211	0	0	0	nan	0.00	0.02	3.04	89.62	89.37	0.00	42	0	43	0.00	0.00	67.49	7.66	0.00	0.00	2000
229	11.16	2061	2093	0.00	180	0	0	0	nan	0.00	0.00	3.03	85.55	88.84	0.00	41	0	43	0.00	0.00	65.51	7.69	0.00	0.00	2000
229	11.06	2063	2106	0.00	195	0	0	0	nan	0.00	0.00	2.68	86.61	88.94	0.00	41	0	43	0.00	0.00	62.96	7.35	0.00	0.00	2000
231	11.27	2047	2101	0.00	195	0	0	0	nan	0.00	0.00	3.09	85.76	88.73	0.00	42	0	43	0.00	0.00	65.94	7.51	0.00	0.00	2000
229	11.06	2067	2099	0.00	195	0	0	0	nan	0.00	0.00	3.13	85.88	88.94	0.00	41	0	43	0.00	0.00	66.07	7.52	0.00	0.00	2000
228	10.95	2082	2097	0.00	194	0	0	3	54.29	0.00	0.00	2.88	86.09	89.05	0.00	41	0	43	0.00	0.00	65.08	7.49	0.00	0.00	2000
229	11.07	2063	2103	0.83	196	0	0	5	60.82	0.00	0.01	3.40	85.70	88.93	0.00	42	0	43	0.00	0.00	64.73	7.46	0.00	0.00	2000
228	11.37	2052	2057	0.00	178	0	0	0	nan	0.00	0.02	2.95	83.97	88.63	0.00	41	0	43	0.00	0.00	63.17	7.42	0.00	0.00	2000
230	11.17	2015	2145	0.00	213	0	0	0	nan	0.00	0.00	5.00	85.80	88.83	0.00	41	0	43	0.00	0.00	66.99	7.82	0.00	0.00	2000
230	10.95	2101	2103	0.00	181	0	0	0	nan	0.00	0.01	4.37	84.90	89.05	0.00	41	0	43	0.00	0.00	64.18	7.40	0.00	0.00	2000
229	10.96	2089	2097	0.00	197	0	0	0	nan	0.00	0.04	2.74	86.19	89.04	0.00	41	0	43	0.00	0.00	66.24	7.58	0.00	0.00	2000
229	11.02	2077	2101	0.00	194	0	0	0	nan	0.00	0.02	2.92	86.19	88.98	0.00	41	0	43	0.00	0.00	66.10	7.28	0.00	0.00	2000
229	11.11	2094	2063	0.00	179	0	0	0	nan	0.00	0.00	3.51	83.98	88.89	0.00	41	0	43	0.00	0.00	62.28	7.27	0.00	0.00	2000
228	10.72	2094	2137	0.00	210	0	0	0	nan	0.00	0.00	4.99	85.96	89.28	0.00	41	0	43	0.00	0.00	66.80	7.78	0.00	0.00	2000
239	11.36	2098	2103	0.00	183	0	0	0	nan	0.00	0.00	3.45	85.43	88.64	0.00	41	0	43	0.00	0.00	64.75	7.40	0.00	0.00	2000
229	11.31	2028	2097	0.00	193	0	0	0	nan	0.00	0.00	3.43	85.30	88.69	0.00	41	0	43	0.00	0.00	65.48	7.47	0.00	0.00	2000
228	11.14	2043	2103	0.00	195	0	0	0	nan	0.00	0.00	2.79	86.29	88.86	0.00	41	0	43	0.00	0.00	64.66	7.59	0.00	0.00	2000
229	11.05	2076	2100	0.00	178	0	0	0	nan	0.00	0.01	3.20	85.85	88.95	0.00	41	0	43	0.00	0.00	64.02	7.61	0.00	0.00	2000
226	11.12	2090	2043	0.00	196	0	0	0	nan	0.00	0.00	3.83	82.74	88.88	0.00	41	0	43	0.00	0.00	65.05	7.52	0.00	0.00	2000
231	11.17	2009	2157	0.00	210	0	0	0	nan	0.00	0.03	3.90	87.42	88.83	0.00	41	0	43	0.00	0.00	65.25	7.59	0.00	0.00	2000
229	10.82	2121	2098	0.00	196	0	0	0	nan	0.01	0.00	3.62	85.51	89.18	0.00	41	0	43	0.00	0.00	64.39	7.36	0.00	0.00	2000
230	10.80	2128	2104	0.00	179	0	0	0	nan	0.00	0.00	3.74	85.71	89.20	0.00	41	0	43	0.00	0.00	67.27	7.87	0.00	0.00	2000
229	10.81	2116	2100	0.00	195	0	0	0	nan	0.00	0.00	3.68	85.61	89.19	0.00	42	0	43	0.00	0.00	64.26	7.48	0.00	0.00	2000
229	11.01	2081	2098	0.67	195	0	0	6	46.56	0.00	0.02	3.50	85.53	88.99	0.00	41	0	43	0.00	0.00	64.30	7.28	0.00	0.00	2000
228	11.26	2062	2062	0.27	179	0	0	0	nan	0.00	0.00	3.07	84.17	88.74	0.00	41	0	43	0.00	0.00	66.16	7.66	0.00	0.00	2000
232	11.03	2065	2141	0.00	211	0	0	0	nan	0.00	0.00	4.94	85.81	88.97	0.00	42	0	43	0.00	0.00	64.06	7.40	0.00	0.00	2000
229	11.03	2078	2102	0.00	179	0	0	0	nan	0.00	0.01	2.96	86.26	88.97	0.00	41	0	43	0.00	0.00	67.07	7.70	0.00	0.00	2000
229	10.77	2128	2095	0.00	195	0	0	0	nan	0.00	0.01	2.99	86.08	89.23	0.00	41	0	43	0.00	0.00	63.55	7.21	0.00	0.00	2000
228	11.27	2020	2099	0.00	195	0	0	0	nan	0.00	0.01	2.75	86.04	88.73	0.00	42	0	43	0.00	0.00	65.20	7.47	0.00	0.00	2000
228	11.13	2062	2090	0.00	194	0	0	0	nan	0.00	0.02	3.41	85.12	88.87	0.00	41	0	43	0.00	0.00	65.75	7.52	0.00	0.00	2000
233	11.70	1983	2111	0.00	214	0	0	0	nan	0.00	0.00	8.52	80.36	88.30	0.00	41	0	43	0.00	0.00	63.13	7.35	0.00	0.00	2000
231	11.41	2077	2052	0.00	181	0	0	0	nan	0.00	0.00	3.96	82.68	88.59	0.00	41	0	43	0.00	0.00	66.69	7.58	0.00	0.00	2000
229	10.95	2045	2150	0.00	210	0	0	0	nan	0.00	0.01	4.01	87.27	89.05	0.00	41	0	43	0.00	0.00	63.35	7.39	0.00	0.00	2000
229	10.96	2090	2098	0.00	179	0	0	0	nan	0.00	0.02	3.32	85.77	89.04	0.00	41	0	43	0.00	0.00	65.32	7.49	0.00	0.00	2000
227	11.15	2040	2100	0.00	195	0	0	0	nan	0.00	0.00	2.88	86.08	88.85	0.00	41	0	43	0.00	0.00	66.22	7.58	0.00	0.00	2000
230	11.45	2002	2104	0.00	195	0	0	0	nan	0.00	0.00	3.55	85.33	88.55	0.00	41	0	43	0.00	0.00	66.36	7.61	0.00	0.00	2000
229	10.98	2088	2097	0.00	195	0	0	0	nan	0.00	0.00	3.10	85.93	89.02	0.00	41	0	43	0.00	0.00	63.02	7.14	0.00	0.00	2000
231	10.90	2122	2094	0.00	196	0	0	0	nan	0.00	0.02	2.55	86.30	89.10	0.00	42	0	43	0.00	0.00	66.03	7.73	0.00	0.00	2000
228	11.18	2032	2104	0.00	195	0	0	0	nan	0.00	0.00	3.87	85.34	88.82	0.00	41	0	43	0.00	0.00	63.25	7.44	0.00	0.00	2000
229	11.19	2042	2101	0.00	179	0	0	0	nan	0.00	0.00	3.33	85.68	88.82	0.00	41	0	43	0.00	0.00	65.17	7.65	0.00	0.00	2000
226	11.15	2067	2061	0.26	195	0	0	8	30.36	0.00	0.00	2.96	84.30	88.85	0.00	42	0	43	0.00	0.00	66.95	7.93	0.00	0.00	2000
230	11.11	2029	2141	0.83	211	0	0	4	54.17	0.00	0.00	4.67	86.04	88.89	0.00	42	0	43	0.00	0.00	63.54	7.47	0.00	0.00	2000
229	11.43	2003	2099	0.00	180	0	0	0	nan	0.00	0.00	3.47	85.17	88.57	0.00	42	0	43	0.00	0.00	65.85	7.69	0.00	0.00	2000
228	11.14	2051	2098	0.00	195	0	0	0	nan	0.00	0.00	2.81	86.00	88.86	0.00	42	0	43	0.00	0.00	65.82	7.71	0.00	0.00	2000
229	11.33	2013	2109	0.00	195	0	0	0	nan	0.00	0.01	2.62	86.56	88.67	0.00	41	0	43	0.00	0.00	67.04	7.78	0.00	0.00	2000
228	10.98	2083	2097	0.00	195	0	0	0	nan	0.00	0.02	3.07	85.91	89.02	0.00	42	0	43	0.00	0.00	63.81	7.44	0.00	0.00	2000
233	11.48	2051	2082	0.00	194	0	0	0	nan	0.00	0.02	3.39	84.48	88.52	0.00	41	0	43	0.00	0.00	66.01	7.80	0.00	0.00	2000
230	11.32	2023	2110	0.00	196	0	0	0	nan	0.00	0.00	4.25	84.96	88.68	0.00	41	0	43	0.00	0.00	63.28	7.20	0.00	0.00	2000
231	11.23	2050	2105	0.00	183	0	0	0	nan	0.00	0.00	3.63	85.43	88.77	0.00	42	0	43	0.00	0.00	67.16	7.82	0.00	0.00	2000
228	11.39	2057	2045	0.00	196	0	0	0	nan	0.00	0.00	2.97	83.49	88.61	0.00	42	0	43	0.00	0.00	60.47	7.08	0.00	0.00	2000
230	10.98	2037	2156	0.00	215	0	0	0	nan	0.00	0.00	5.09	86.35	89.02	0.00	42	0	43	0.00	0.00	70.60	8.02	0.00	0.00	2000
229	11.15	2050	2106	0.00	179	0	0	0	nan	0.00	0.00	3.90	85.23	88.85	0.00	42	0	43	0.00	0.00	66.25	7.77	0.00	0.00	2000
233	11.40	2046	2094	0.00	196	0	0	0	nan	0.00	0.00	3.89	84.57	88.60	0.00	42	0	43	0.00	0.00	63.40	7.39	0.00	0.00	2000
231	10.88	2120	2106	0.00	197	0	0	0	nan	0.00	0.01	3.00	86.31	89.12	0.00	42	0	43	0.00	0.00	64.31	7.61	0.00	0.00	2000
229	10.98	2090	2096	0.00	197	0	0	0	nan	0.01	0.02	3.47	85.49	89.02	0.00	42	0	43	0.00	0.00	67.01	7.69	0.00	0.00	2000
229	11.15	2056	2098	0.00	179	0	0	0	nan	0.00	0.00	3.41	85.50	88.85	0.00	42	0	43	0.00	0.00	65.97	7.65	0.00	0.00	2000
228	10.96	2079	2097	0.00	196	0	0	0	nan	0.00	0.00	2.74	86.23	89.04	0.00	42	0	43	0.00	0.00	66.60	7.65	0.00	0.00	2000
228	11.04	2109	2057	0.00	194	0	0	3	43.87	0.00	0.02	3.00	84.17	88.96	0.00	42	0	43	0.00	0.00	60.44	7.08	0.00	0.00	2000
229	10.79	2073	2151	1.12	211	0	0	9	39.45	0.00	0.00	4.53	86.87	89.21	0.00	42	0	43	0.00	0.00	70.30	8.18	0.00	0.00	2000
232	11.11	2083	2103	0.00	180	0	0	0	nan	0.00	0.02	3.47	85.65	88.89	0.00	41	0	43	0.00	0.00	65.96	7.64	0.00	0.00	2000
228	11.13	2054	2098	0.00	196	0	0	0	nan	0.00	0.00	3.27	85.60	88.87	0.00	42	0	43	0.00	0.00	64.23	7.48	0.00	0.00	2000
229	10.74	2133	2099	0.00	195	0	0	0	nan	0.00	0.00	2.20	87.06	89.26	0.00	42	0	43	0.00	0.00	65.63	7.64	0.00	0.00	2000
227	11.12	2042	2101	0.00	195	0	0	0	nan	0.00	0.00	2.90	86.07	88.88	0.00	41	0	43	0.00	0.00	63.93	7.45	0.00	0.00	2000
229	11.00	2112	2067	0.00	194	0	0	0	nan	0.00	0.00	3.22	84.35	89.00	0.00	42	0	43	0.00	0.00	62.45	7.34	0.00	0.00	2000
230	11.16	2029	2131	0.00	196	0	0	0	nan	0.00	0.00	5.15	85.12	88.84	0.00	42	0	43	0.00	0.00	68.93	8.07	0.00	0.00	2000
231	11.15	2074	2101	0.00	180	0	0	0	nan	0.00	0.04	3.33	85.62	88.85	0.00	42	0	43	0.00	0.00	64.20	7.51	0.00	0.00	2000
230	11.20	2049	2103	0.00	196	0	0	0	nan	0.00	0.01	3.35	85.72	88.80	0.00	42	0	43	0.00	0.00	66.77	7.80	0.00	0.00	2000
229	10.89	2106	2099	0.00	196	0	0	0	nan	0.00	0.02	3.06	86.10	89.11	0.00	42	0	43	0.00	0.00	64.18	7.62	0.00	0.00	2000
228	10.89	2124	2070	0.00	194	0	0	0	nan	0.00	0.01	3.74	84.20	89.11	0.00	41	0	43	0.00	0.00	63.01	7.31	0.00	0.00	2000
230	11.01	2059	2132	0.00	195	0	0	0	nan	0.00	0.00	5.54	84.92	88.99	0.00	42	0	43	0.00	0.00	70.15	8.09	0.00	0.00	2000
231	10.82	2135	2099	0.00	179	0	0	0	nan	0.00	0.00	3.22	86.01	89.18	0.00	42	0	43	0.00	0.00	64.50	7.49	0.00	0.00	2000
230	10.90	2110	2097	0.00	196	0	0	0	nan	0.00	0.02	3.64	85.38	89.10	0.00	42	0	43	0.00	0.00	64.01	7.61	0.00	0.00	2000
228	10.89	2110	2086	0.00	196	0	0	0	nan	0.01	0.00	2.95	85.65	89.11	0.00	42	0	43	0.00	0.00	65.72	7.77	0.00	0.00	2000
228	11.23	2023	2111	0.00	195	0	0	0	nan	0.00	0.00	4.62	84.71	88.77	0.00	42	0	43	0.00	0.00	65.32	7.54	0.00	0.00	2000
229	11.18	2067	2077	0.00	195	0	0	0	nan	0.00	0.00	3.49	84.39	88.82	0.00	41	0	43	0.00	0.00	62.68	7.50	0.00	0.00	2000
229	11.12	2033	2123	0.71	195	0	0	10	26.13	0.00	0.00	4.51	85.44	88.88	0.00	42	0	43	0.00	0.00	68.03	8.02	0.00	0.00	2000
230	11.01	2088	2104	0.46	181	0	0	0	nan	0.00	0.00	4.26	84.83	88.99	0.00	42	0	43	0.00	0.00	64.68	7.70	0.00	0.00	2000
231	11.05	2085	2104	0.00	196	0	0	0	nan	0.00	0.02	3.94	85.29	88.95	0.00	42	0	43	0.00	0.00	66.83	7.56	0.00	0.00	2000
228	11.12	2057	2094	0.00	195	0	0	0	nan	0.00	0.01	3.12	85.58	88.88	0.00	42	0	43	0.00	0.00	63.79	7.91	0.00	0.00	2000
229	11.11	2073	2093	0.00	194	0	0	0	nan	0.00	0.00	3.99	84.82	88.89	0.00	42	0	43	0.00	0.00	65.08	7.32	0.00	0.00	2000
228	10.89	2087	2105	0.00	197	0	0	0	nan	0.00	0.00	3.93	85.48	89.11	0.00	42	0	43	0.00	0.00	63.57	7.71	0.00	0.00	2000
228	11.20	2067	2072	0.00	179	0	0	0	nan	0.00	0.00	3.60	84.04	88.80	0.00	42	0	43	0.00	0.00	64.55	7.57	0.00	0.00	2000
232	11.20	2036	2135	0.00	212	0	0	0	nan	0.00	0.00	5.56	84.77	88.80	0.00	42	0	43	0.00	0.00	67.48	7.77	0.00	0.00	2000
228	11.17	2048	2094	0.00	179	0	0	0	nan	0.00	0.01	3.30	85.34	88.83	0.00	42	0	43	0.00	0.00	65.58	7.67	0.00	0.00	2000
231	11.61	1981	2104	0.00	197	0	0	0	nan	0.00	0.02	3.39	85.26	88.39	0.00	42	0	43	0.00	0.00	66.57	7.63	0.00	0.00	2000
230	11.06	2081	2103	0.00	194	0	0	0	nan	0.00	0.00	2.83	86.26	88.94	0.00	42	0	43	0.00	0.00	63.98	7.37	0.00	0.00	2000
229	10.99	2095	2092	0.00	197	0	0	0	nan	0.00	0.01	3.37	85.36	89.01	0.00	42	0	43	0.00	0.00	67.53	7.57	0.00	0.00	2000
231	11.35	2030	2102	0.00	195	0	0	0	nan	0.00	0.00	4.05	84.81	88.65	0.00	41	0	43	0.00	0.00	64.99	7.92	0.00	0.00	2000
228	11.08	2073	2081	0.00	194	0	0	0	nan	0.00	0.00	3.59	84.61	88.92	0.00	42	0	43	0.00	0.00	63.03	7.45	0.00	0.00	2000
229	11.15	2031	2123	0.00	196	0	0	0	nan	0.00	0.00	4.73	85.20	88.85	0.00	42	0	43	0.00	0.00	66.25	7.75	0.00	0.00	2000
227	11.28	2015	2099	0.00	180	0	0	0	nan	0.00	0.02	3.91	84.85	88.72	0.00	42	0	43	0.00	0.00	65.90	7.59	0.00	0.00	2000
228	11.36	2012	2095	0.00	195	0	0	0	nan	0.00	0.00	2.86	85.69	88.64	0.00	42	0	43	0.00	0.00	64.60	7.54	0.00	0.00	2000
229	11.37	2008	2107	0.05	200	0	0	7	34.34	0.00	0.00	4.26	84.78	88.63	0.00	42	0	43	0.00	0.00	64.58	7.43	0.00	0.00	2000
230	11.39	2072	2043	0.94	196	0	0	6	47.12	0.00	0.00	3.51	82.83	88.61	0.00	42	0	43	0.00	0.00	65.11	7.46	0.00	0.00	2000
229	11.10	2003	2163	0.00	211	0	0	0	nan	0.00	0.00	3.99	87.75	88.90	0.00	42	0	43	0.00	0.00	67.32	8.06	0.00	0.00	2000
229	11.35	2016	2097	0.00	179	0	0	0	nan	0.00	0.01	3.68	84.98	88.65	0.00	41	0	43	0.00	0.00	65.53	7.70	0.00	0.00	2000
229	10.94	2087	2106	0.00	194	0	0	0	nan	0.00	0.00	3.18	86.19	89.06	0.00	42	0	43	0.00	0.00	64.64	7.70	0.00	0.00	2000
229	10.75	2131	2097	0.00	195	0	0	0	nan	0.00	0.01	2.53	86.61	89.25	0.00	42	0	43	0.00	0.00	64.05	7.63	0.00	0.00	2000
235	11.44	2056	2102	0.00	198	0	0	0	nan	0.00	0.00	3.64	85.21	88.56	0.00	42	0	43	0.00	0.00	66.33	7.79	0.00	0.00	2000
232	11.17	2084	2094	0.00	179	0	0	0	nan	0.00	0.00	2.93	85.81	88.83	0.00	41	0	43	0.00	0.00	66.31	7.74	0.00	0.00	2000
228	11.12	2048	2105	0.00	196	0	0	0	nan	0.00	0.02	3.38	85.80	88.88	0.00	42	0	43	0.00	0.00	64.23	7.56	0.00	0.00	2000
227	11.03	2127	2029	0.00	195	0	0	0	nan	0.01	0.00	2.68	83.37	88.97	0.00	42	0	43	0.00	0.00	65.27	7.67	0.00	0.00	2000
230	10.80	2057	2173	0.00	210	0	0	0	nan	0.00	0.00	3.00	89.46	89.20	0.00	42	0	43	0.00	0.00	66.28	7.91	0.00	0.00	2000
229	11.31	2022	2101	0.00	181	0	0	0	nan	0.00	0.02	2.99	85.78	88.69	0.00	42	0	43	0.00	0.00	65.83	7.87	0.00	0.00	2000
229	11.01	2085	2094	0.00	197	0	0	0	nan	0.00	0.00	3.11	85.72	88.99	0.00	42	0	43	0.00	0.00	60.19	7.45	0.00	0.00	2000
229	11.32	2020	2108	0.00	194	0	0	0	nan	0.00	0.03	3.14	85.98	88.68	0.00	42	0	43	0.00	0.00	68.92	8.02	0.00	0.00	2000
234	11.01	2133	2092	0.00	197	0	0	0	nan	0.00	0.00	4.42	84.28	88.99	0.00	41	0	43	0.00	0.00	63.32	7.31	0.00	0.00	2000
229	11.11	2057	2105	0.00	195	0	0	0	nan	0.00	0.02	2.50	86.73	88.89	0.00	41	0	43	0.00	0.00	66.81	7.99	0.00	0.00	2000
228	10.92	2094	2098	0.00	194	0	0	0	nan	0.00	0.00	3.63	85.44	89.08	0.00	42	0	43	0.00	0.00	66.50	7.76	0.00	0.00	2000
231	11.19	2064	2101	0.00	179	0	0	2	55.50	0.00	0.02	3.46	85.32	88.81	0.00	41	0	43	0.00	0.00	66.55	7.98	0.00	0.00	2000
228	10.89	2102	2095	1.10	194	0	0	10	35.08	0.00	0.00	2.28	86.66	89.11	0.00	42	0	43	0.00	0.00	63.14	7.63	0.00	0.00	2000
228	11.32	2053	2060	0.02	194	0	0	0	nan	0.00	0.00	2.95	84.11	88.68	0.00	42	0	43	0.00	0.00	66.59	7.84	0.00	0.00	2000
229	11.01	2035	2147	0.00	213	0	0	0	nan	0.00	0.00	4.79	86.31	88.99	0.00	42	0	43	0.00	0.00	63.86	7.68	0.00	0.00	2000
229	11.15	2053	2099	0.00	179	0	0	0	nan	0.00	0.01	3.64	85.27	88.85	0.00	42	0	43	0.00	0.00	68.60	8.15	0.00	0.00	2000
229	11.12	2051	2108	0.00	194	0	0	0	nan	0.00	0.02	2.89	86.37	88.88	0.00	42	0	43	0.00	0.00	63.46	7.73	0.00	0.00	2000
230	11.33	2038	2096	0.00	196	0	0	0	nan	0.00	0.00	3.71	84.89	88.67	0.00	42	0	43	0.00	0.00	63.65	7.40	0.00	0.00	2000
226	11.34	2057	2038	0.00	194	0	0	0	nan	0.00	0.02	3.14	82.98	88.66	0.00	41	0	43	0.00	0.00	64.18	7.68	0.00	0.00	2000
230	10.97	2038	2163	0.00	210	0	0	0	nan	0.00	0.02	3.54	88.25	89.03	0.00	42	0	43	0.00	0.00	68.81	8.14	0.00	0.00	2000
228	11.07	2053	2102	0.00	178	0	0	0	nan	0.00	0.00	3.76	85.41	88.93	0.00	42	0	43	0.00	0.00	63.73	7.59	0.00	0.00	2000
231	11.14	2065	2104	0.00	196	0	0	0	nan	0.00	0.00	3.29	85.78	88.86	0.00	42	0	43	0.00	0.00	67.28	7.98	0.00	0.00	2000
229	10.86	2114	2096	0.00	195	0	0	0	nan	0.00	0.00	3.05	86.04	89.14	0.00	42	0	43	0.00	0.00	64.33	7.44	0.00	0.00	2000
230	10.96	2096	2103	0.00	194	0	0	0	nan	0.00	0.00	3.25	86.05	89.04	0.00	42	0	43	0.00	0.00	63.77	7.67	0.00	0.00	2000
227	11.13	2042	2093	0.00	178	0	0	0	nan	0.00	0.00	2.61	86.07	88.87	0.00	42	0	43	0.00	0.00	66.11	7.80	0.00	0.00	2000
228	11.12	2071	2076	0.00	195	0	0	0	nan	0.00	0.00	3.15	84.72	88.88	0.00	42	0	43	0.00	0.00	66.51	7.99	0.00	0.00	2000
228	11.16	2017	2128	0.00	211	0	0	0	nan	0.00	0.00	4.77	85.31	88.84	0.00	41	0	43	0.00	0.00	64.10	7.63	0.00	0.00	2000
228	11.07	2067	2095	0.00	178	0	0	0	nan	0.00	0.02	3.16	85.62	88.93	0.00	41	0	43	0.00	0.00	65.17	7.58	0.00	0.00	2000
229	11.36	2058	2059	0.00	195	0	0	0	nan	0.00	0.01	3.70	83.29	88.64	0.00	41	0	43	0.00	0.00	66.64	7.87	0.00	0.00	2000
230	10.80	2083	2147	0.83	210	0	0	10	25.50	0.00	0.00	4.47	86.84	89.20	0.00	42	0	43	0.00	0.00	63.87	7.56	0.00	0.00	2000
230	11.09	2067	2104	0.34	179	0	0	0	nan	0.00	0.01	3.60	85.56	88.91	0.00	42	0	43	0.00	0.00	64.81	7.59	0.00	0.00	2000
229	10.89	2110	2094	0.00	193	0	0	0	nan	0.00	0.00	2.75	86.16	89.11	0.00	42	0	43	0.00	0.00	64.95	7.60	0.00	0.00	2000
227	10.95	2077	2100	0.00	194	0	0	0	nan	0.00	0.00	3.24	85.91	89.05	0.00	42	0	43	0.00	0.00	66.40	7.75	0.00	0.00	2000
231	11.09	2081	2105	0.00	195	0	0	0	nan	0.00	0.02	3.10	86.09	88.91	0.00	42	0	43	0.00	0.00	65.63	7.68	0.00	0.00	2000
228	11.35	2076	2033	0.00	195	0	0	0	nan	0.00	0.00	2.88	82.98	88.65	0.00	42	0	43	0.00	0.00	61.96	7.28	0.00	0.00	2000
239	11.57	2068	2100	0.00	197	0	0	0	nan	0.00	0.00	3.24	85.31	88.43	0.00	42	0	43	0.00	0.00	66.89	8.05	0.00	0.00	2000
229	10.98	2023	2168	0.00	210	0	0	0	nan	0.00	0.01	3.22	88.71	89.02	0.00	42	0	43	0.00	0.00	66.59	7.96	0.00	0.00	2000
228	11.02	2069	2097	0.00	177	0	0	0	nan	0.00	0.02	3.66	85.16	88.98	0.00	42	0	43	0.00	0.00	65.94	7.68	0.00	0.00	2000
230	11.25	2046	2099	0.00	196	0	0	0	nan	0.00	0.02	3.51	85.18	88.75	0.00	42	0	43	0.00	0.00	63.35	7.57	0.00	0.00	2000
230	11.23	2042	2109	0.00	196	0	0	0	nan	0.00	0.00	3.43	85.74	88.77	0.00	42	0	43	0.00	0.00	66.38	7.90	0.00	0.00	2000
229	11.03	2076	2098	0.00	199	0	0	0	nan	0.00	0.00	3.80	85.19	88.97	0.00	42	0	43	0.00	0.00	62.91	7.88	0.00	0.00	2000
228	10.97	2086	2095	0.00	194	0	0	0	nan	0.00	0.00	2.97	85.89	89.03	0.00	42	0	43	0.00	0.00	68.27	7.73	0.00	0.00	2000
228	11.06	2055	2105	0.00	195	0	0	0	nan	0.00	0.01	3.30	85.89	88.94	0.00	42	0	43	0.00	0.00	63.77	7.64	0.00	0.00	2000
229	11.11	2083	2078	0.00	178	0	0	0	nan	0.00	0.01	3.12	84.91	88.89	0.00	42	0	43	0.00	0.00	64.27	7.57	0.00	0.00	2000
229	10.92	2077	2119	0.00	212	0	0	0	nan	0.00	0.00	4.45	85.46	89.08	0.00	42	0	43	0.00	0.00	66.46	7.96	0.00	0.00	2000
228	11.23	2031	2103	0.00	178	0	0	0	nan	0.00	0.01	3.34	85.69	88.77	0.00	41	0	43	0.00	0.00	64.95	7.79	0.00	0.00	2000
227	11.15	2086	2054	0.46	195	0	0	9	31.67	0.00	0.02	2.30	84.58	88.85	0.00	42	0	43	0.00	0.00	61.20	7.21	0.00	0.00	2000
230	11.05	2030	2150	0.70	211	0	0	3	65.54	0.00	0.00	4.54	86.61	88.95	0.00	41	0	43	0.00	0.00	69.00	8.26	0.00	0.00	2000
227	11.23	2030	2094	0.00	179	0	0	0	nan	0.00	0.00	3.06	85.55	88.77	0.00	41	0	43	0.00	0.00	62.88	7.49	0.00	0.00	2000
230	11.45	2010	2103	0.00	194	0	0	0	nan	0.00	0.00	3.39	85.36	88.55	0.00	41	0	43	0.00	0.00	64.98	7.75	0.00	0.00	2000
226	11.25	2014	2099	0.00	194	0	0	0	nan	0.00	0.00	2.82	85.97	88.75	0.00	42	0	43	0.00	0.00	65.73	7.65	0.00	0.00	2000
231	11.40	2029	2094	0.00	215	0	0	0	nan	0.00	0.00	3.29	85.21	88.60	0.00	42	0	43	0.00	0.00	63.41	7.47	0.00	0.00	2000
231	11.09	2074	2112	0.00	195	0	0	0	nan	0.00	0.02	3.75	85.69	88.91	0.00	42	0	43	0.00	0.00	67.09	7.75	0.00	0.00	2000
230	10.97	2098	2098	0.00	194	0	0	0	nan	0.00	0.00	3.05	85.87	89.03	0.00	42	0	43	0.00	0.00	66.31	7.79	0.00	0.00	2000
227	11.49	2027	2044	0.00	194	0	0	0	nan	0.00	0.00	2.63	83.68	88.51	0.00	42	0	43	0.00	0.00	61.37	7.37	0.00	0.00	2000
231	10.94	2050	2161	0.00	213	0	0	0	nan	0.00	0.05	4.51	87.22	89.06	0.00	42	0	43	0.00	0.00	69.15	8.18	0.00	0.00	2000
228	11.23	2037	2097	0.00	181	0	0	0	nan	0.00	0.00	3.83	84.84	88.77	0.00	42	0	43	0.00	0.00	63.18	7.51	0.00	0.00	2000
230	10.86	2106	2107	0.00	194	0	0	0	nan	0.00	0.00	2.85	86.60	89.14	0.00	42	0	43	0.00	0.00	66.67	7.72	0.00	0.00	2000
228	10.84	2111	2097	0.00	194	0	0	0	nan	0.00	0.00	2.84	86.27	89.16	0.00	42	0	43	0.00	0.00	63.67	7.46	0.00	0.00	2000
228	10.80	2118	2097	0.00	196	0	0	0	nan	0.00	0.00	2.20	86.95	89.20	0.00	42	0	43	0.00	0.00	68.21	8.24	0.00	0.00	2000
229	11.25	2042	2096	0.00	194	0	0	0	nan	0.00	0.02	2.78	85.84	88.75	0.00	42	0	43	0.00	0.00	64.34	7.65	0.00	0.00	2000
228	11.12	2073	2077	0.00	194	0	0	0	nan	0.00	0.00	3.54	84.44	88.88	0.00	41	0	43	0.00	0.00	61.91	7.41	0.00	0.00	2000
229	10.87	2078	2129	0.00	194	0	0	0	nan	0.00	0.00	5.15	85.27	89.13	0.00	41	0	43	0.00	0.00	67.18	7.92	0.00	0.00	2000
231	11.04	2084	2105	0.00	179	0	0	5	36.38	0.00	0.02	3.67	85.58	88.96	0.00	41	0	43	0.00	0.00	66.07	7.74	0.00	0.00	2000
229	10.93	2098	2095	1.06	194	0	0	7	43.60	0.00	0.00	3.66	85.26	89.07	0.00	42	0	43	0.00	0.00	63.82	7.56	0.00	0.00	2000
232	11.04	2101	2099	0.00	194	0	0	0	nan	0.00	0.01	2.86	86.12	88.96	0.00	42	0	43	0.00	0.00	65.95	7.86	0.00	0.00	2000
229	10.91	2093	2105	0.00	196	0	0	0	nan	0.00	0.00	2.59	86.81	89.09	0.00	41	0	43	0.00	0.00	67.40	7.83	0.00	0.00	2000
228	10.90	2109	2080	0.00	194	0	0	0	nan	0.00	0.00	3.58	84.66	89.10	0.00	41	0	43	0.00	0.00	62.07	7.26	0.00	0.00	2000
228	11.18	2023	2117	0.00	195	0	0	0	nan	0.00	0.00	4.40	85.16	88.82	0.00	42	0	43	0.00	0.00	66.83	7.95	0.00	0.00	2000
230	11.06	2086	2095	0.00	179	0	0	0	nan	0.00	0.00	3.70	85.06	88.94	0.00	42	0	43	0.00	0.00	64.94	7.60	0.00	0.00	2000
228	11.35	2053	2059	0.00	205	0	0	0	nan	0.00	0.02	3.82	83.15	88.65	0.00	42	0	43	0.00	0.00	63.85	7.58	0.00	0.00	2000
230	10.99	2050	2145	0.00	215	0	0	0	nan	0.00	0.00	3.99	87.04	89.01	0.00	42	0	43	0.00	0.00	64.80	7.82	0.00	0.00	2000
228	11.33	2014	2102	0.00	195	0	0	0	nan	0.00	0.00	4.27	84.62	88.67	0.00	42	0	43	0.00	0.00	66.18	7.82	0.00	0.00	2000
229	11.18	2052	2097	0.00	178	0	0	0	nan	0.00	0.00	3.18	85.62	88.82	0.00	42	0	43	0.00	0.00	65.15	7.61	0.00	0.00	2000
228	10.96	2076	2102	0.00	194	0	0	0	nan	0.00	0.02	3.21	85.97	89.04	0.00	42	0	43	0.00	0.00	65.50	8.00	0.00	0.00	2000
229	11.13	2059	2100	0.00	194	0	0	0	nan	0.00	0.00	2.91	85.98	88.87	0.00	42	0	43	0.00	0.00	66.15	7.75	0.00	0.00	2000
230	11.50	2051	2048	0.00	199	0	0	0	nan	0.00	0.02	4.41	81.92	88.50	0.00	41	0	43	0.00	0.00	63.34	7.43	0.00	0.00	2000
230	10.68	2098	2157	0.00	211	0	0	0	nan	0.00	0.00	3.98	87.84	89.32	0.00	42	0	43	0.00	0.00	66.44	7.88	0.00	0.00	2000
229	10.68	2140	2107	0.00	179	0	0	0	nan	0.01	0.03	3.45	86.23	89.32	0.00	42	0	43	0.00	0.00	67.26	8.04	0.00	0.00	2000
229	10.85	2111	2096	0.00	194	0	0	0	nan	0.00	0.00	3.27	85.79	89.15	0.00	41	0	43	0.00	0.00	63.29	7.60	0.00	0.00	2000
230	10.95	2101	2100	0.00	195	0	0	0	92.60	0.00	0.01	3.42	85.63	89.05	0.00	42	0	43	0.00	0.00	61.26	7.63	0.00	0.00	2000
230	11.11	2070	2098	1.08	194	0	0	11	32.53	0.00	0.02	3.69	85.29	88.89	0.00	42	0	43	0.00	0.00	68.68	7.75	0.00	0.00	2000
231	11.10	2076	2106	0.07	179	0	0	0	nan	0.00	0.02	3.23	86.05	88.90	0.00	41	0	43	0.00	0.00	63.83	7.71	0.00	0.00	2000
227	11.47	2029	2048	0.00	194	0	0	0	nan	0.00	0.00	3.00	83.50	88.53	0.00	41	0	43	0.00	0.00	64.97	7.37	0.00	0.00	2000
233	11.50	1982	2150	0.00	212	0	0	0	nan	0.00	0.00	5.71	85.09	88.50	0.00	42	0	43	0.00	0.00	66.09	7.61	0.00	0.00	2000
228	11.34	2011	2102	0.00	180	0	0	0	nan	0.00	0.01	3.56	85.37	88.66	0.00	42	0	43	0.00	0.00	65.43	7.82	0.00	0.00	2000
228	11.28	2023	2097	0.00	194	0	0	0	nan	0.00	0.02	2.58	86.16	88.72	0.00	42	0	43	0.00	0.00	65.46	7.83	0.00	0.00	2000
231	11.26	2052	2103	0.00	195	0	0	0	nan	0.00	0.00	3.30	85.66	88.74	0.00	42	0	43	0.00	0.00	63.72	7.77	0.00	0.00	2000
228	10.99	2076	2099	0.00	194	0	0	0	nan	0.00	0.01	2.73	86.39	89.01	0.00	42	0	43	0.00	0.00	66.09	7.70	0.00	0.00	2000
229	11.24	2051	2088	0.00	195	0	0	0	nan	0.00	0.01	3.47	84.86	88.76	0.00	41	0	43	0.00	0.00	62.85	7.33	0.00	0.00	2000
228	10.74	2112	2111	0.00	194	0	0	0	nan	0.00	0.00	4.23	85.54	89.26	0.00	41	0	43	0.00	0.00	66.31	7.89	0.00	0.00	2000
229	11.03	2109	2063	0.00	178	0	0	0	nan	0.00	0.02	3.18	84.27	88.97	0.00	41	0	43	0.00	0.00	63.92	7.59	0.00	0.00	2000
228	10.81	2073	2134	0.00	210	0	0	0	nan	0.00	0.02	4.97	85.76	89.19	0.00	42	0	43	0.00	0.00	65.42	7.67	0.00	0.00	2000
231	11.07	2083	2103	0.00	196	0	0	0	nan	0.00	0.00	3.66	85.50	88.93	0.00	42	0	43	0.00	0.00	66.48	7.55	0.00	0.00	2000
229	10.58	2167	2102	0.00	178	0	0	0	nan	0.00	0.00	3.20	86.41	89.42	0.00	42	0	43	0.00	0.00	63.75	7.89	0.00	0.00	2000
228	11.24	2032	2098	0.00	194	0	0	0	nan	0.00	0.02	2.93	85.82	88.76	0.00	42	0	43	0.00	0.00	64.01	7.45	0.00	0.00	2000
228	11.02	2067	2103	0.00	193	0	0	0	nan	0.00	0.02	3.09	86.14	88.98	0.00	42	0	43	0.00	0.00	67.10	7.82	0.00	0.00	2000
230	11.18	2057	2096	0.00	183	0	0	0	nan	0.00	0.00	4.12	84.64	88.82	0.00	42	0	43	0.00	0.00	65.24	7.50	0.00	0.00	2000
228	11.32	2065	2051	0.57	195	0	0	10	28.97	0.00	0.00	2.64	84.11	88.68	0.00	42	0	43	0.00	0.00	63.33	7.86	0.00	0.00	2000
233	10.82	2096	2154	0.57	211	0	0	1	94.16	0.00	0.00	4.66	86.82	89.18	0.00	42	0	43	0.00	0.00	65.94	7.96	0.00	0.00	2000
229	11.08	2064	2106	0.00	178	0	0	0	nan	0.00	0.00	3.12	86.14	88.92	0.00	42	0	42	0.00	0.00	64.55	7.71	0.00	0.00	2000
229	10.89	2102	2097	0.00	195	0	0	0	nan	0.00	0.00	2.92	86.11	89.11	0.00	42	0	43	0.00	0.00	63.83	7.74	0.00	0.00	2000
228	10.79	2112	2098	0.00	194	0	0	0	nan	0.00	0.00	3.35	85.87	89.21	0.00	42	0	43	0.00	0.00	66.61	7.82	0.00	0.00	2000
230	11.05	2082	2100	0.00	178	0	0	0	nan	0.00	0.04	3.56	85.41	88.95	0.00	42	0	43	0.00	0.00	63.67	7.40	0.00	0.00	2000
234	11.48	2081	2056	0.00	210	0	0	0	nan	0.00	0.02	5.82	80.91	88.52	0.00	42	0	43	0.00	0.00	65.80	7.77	0.00	0.00	2000
231	11.22	2010	2146	0.00	212	0	0	0	nan	0.00	0.00	5.21	85.55	88.78	0.00	42	0	43	0.00	0.00	63.87	7.56	0.00	0.00	2000
229	11.09	2056	2104	0.00	179	0	0	0	nan	0.03	0.01	2.75	86.49	88.91	0.00	41	0	43	0.00	0.00	66.85	7.92	0.00	0.00	2000
229	10.98	2095	2095	0.00	195	0	0	0	nan	0.00	0.00	3.12	85.72	89.02	0.00	42	0	43	0.00	0.00	63.68	7.41	0.00	0.00	2000
228	11.15	2049	2100	0.00	195	1	0	0	nan	0.00	0.00	2.74	86.19	88.85	0.00	42	0	43	0.00	0.00	66.97	7.94	0.00	0.00	2000
228	11.22	2056	2078	0.00	194	0	0	0	nan	0.00	0.00	3.66	84.31	88.78	0.00	42	0	43	0.00	0.00	64.53	7.69	0.00	0.00	2000
229	11.16	2033	2123	0.00	195	0	0	0	nan	0.00	0.00	5.49	84.38	88.84	0.00	42	0	43	0.00	0.00	64.47	7.43	0.00	0.00	2000
228	11.06	2068	2092	0.00	178	0	0	0	nan	0.00	0.02	3.45	85.29	88.94	0.00	41	0	43	0.00	0.00	64.48	7.74	0.00	0.00	2000
228	11.04	2057	2107	0.00	194	0	0	0	nan	0.01	0.00	3.02	86.35	88.96	0.00	41	0	43	0.00	0.00	66.50	8.02	0.00	0.00	2000
230	10.75	2136	2102	0.00	194	0	0	0	nan	0.00	0.02	2.97	86.45	89.25	0.00	42	0	43	0.00	0.00	62.74	7.56	0.00	0.00	2000
226	11.26	2070	2035	0.00	195	0	0	0	nan	0.00	0.01	2.86	83.30	88.74	0.00	41	0	43	0.00	0.00	63.88	7.69	0.00	0.00	2000
236	11.07	2067	2166	0.01	211	0	0	6	36.07	0.00	0.00	4.92	86.96	88.93	0.00	42	0	43	0.00	0.00	63.39	8.05	0.00	0.00	2000
232	11.06	2097	2101	1.01	181	0	0	7	41.25	0.00	0.00	4.21	84.80	88.94	0.00	42	0	43	0.00	0.00	68.95	7.62	0.00	0.00	2000
231	10.79	2143	2102	0.00	197	0	0	0	nan	0.00	0.00	4.03	85.32	89.21	0.00	42	0	43	0.00	0.00	64.08	7.57	0.00	0.00	2000
230	11.03	2084	2098	0.00	197	0	0	0	nan	0.00	0.02	3.14	85.74	88.97	0.00	42	0	43	0.00	0.00	66.81	7.88	0.00	0.00	2000
229	11.29	2027	2098	0.00	194	0	0	0	nan	0.00	0.00	3.39	85.40	88.71	0.00	41	0	43	0.00	0.00	62.30	7.40	0.00	0.00	2000
229	11.18	2051	2100	0.00	177	0	0	0	nan	0.00	0.01	3.49	85.33	88.82	0.00	42	0	43	0.00	0.00	65.12	7.74	0.00	0.00	2000
231	11.78	1979	2077	0.00	195	0	0	0	nan	0.00	0.00	2.83	84.64	88.22	0.00	42	0	43	0.00	0.00	66.32	7.89	0.00	0.00	2000
228	11.11	2053	2097	0.00	212	0	0	0	nan	0.00	0.00	5.15	83.66	88.89	0.00	42	0	43	0.00	0.00	64.94	7.65	0.00	0.00	2000
229	11.08	2049	2114	0.00	194	0	0	0	nan	0.00	0.00	5.35	84.28	88.92	0.00	42	0	43	0.00	0.00	65.32	7.82	0.00	0.00	2000
228	11.06	2064	2097	0.00	197	0	0	0	nan	0.00	0.00	5.17	83.75	88.94	0.00	42	0	43	0.00	0.00	65.25	7.61	0.00	0.00	2000
229	11.08	2057	2106	0.00	194	0	0	0	nan	0.00	0.00	4.64	84.62	88.92	0.00	42	0	43	0.00	0.00	65.01	7.66	0.00	0.00	2000
230	10.87	2133	2080	0.00	195	0	0	0	nan	0.00	0.00	4.85	83.48	89.13	0.00	42	0	43	0.00	0.00	64.98	7.74	0.00	0.00	2000
229	10.99	2067	2113	0.00	195	0	0	0	nan	0.00	0.00	5.91	83.71	89.01	0.00	42	0	43	0.00	0.00	65.52	7.59	0.00	0.00	2000
226	11.30	2001	2101	0.00	194	0	0	0	nan	0.00	0.00	4.48	84.41	88.70	0.00	43	0	43	0.00	0.00	64.82	7.36	0.00	0.00	2000
228	11.03	2064	2102	0.00	194	0	0	0	nan	0.00	0.00	3.96	85.29	88.97	0.00	42	0	43	0.00	0.00	62.00	7.67	0.00	0.00	2000
227	11.14	2032	2105	0.00	194	0	0	0	nan	0.00	0.00	4.59	84.57	88.86	0.00	42	0	43	0.00	0.00	67.74	7.69	0.00	0.00	2000
231	11.40	2019	2104	0.00	195	0	0	0	nan	0.00	0.00	4.33	84.53	88.60	0.00	42	0	43	0.00	0.00	61.84	7.72	0.00	0.00	2000
227	11.15	2046	2084	0.00	194	0	0	2	45.87	0.00	0.00	3.85	84.43	88.85	0.00	42	0	43	0.00	0.00	64.85	7.80	0.00	0.00	2000
230	11.13	2054	2111	1.29	194	0	0	8	30.69	0.00	0.00	4.89	84.42	88.87	0.00	42	0	43	0.00	0.00	65.11	7.68	0.00	0.00	2000
227	10.98	2077	2093	0.00	194	0	0	0	nan	0.00	0.00	4.49	84.34	89.02	0.00	42	0	43	0.00	0.00	64.63	7.71	0.00	0.00	2000
228	11.04	2059	2110	0.00	195	0	0	0	nan	0.00	0.00	5.43	83.97	88.96	0.00	42	0	43	0.00	0.00	66.22	7.88	0.00	0.00	2000
228	10.79	2147	2064	0.00	178	0	0	0	nan	0.00	0.02	3.73	84.02	89.21	0.00	42	0	43	0.00	0.00	61.11	7.21	0.00	0.00	2000
232	10.77	2119	2137	0.00	211	0	0	0	nan	0.00	0.00	5.09	85.80	89.23	0.00	42	0	43	0.00	0.00	67.99	8.01	0.00	0.00	2000
228	10.99	2093	2080	0.00	196	0	0	0	nan	0.00	0.00	5.52	82.72	89.01	0.00	42	0	43	0.00	0.00	62.73	7.29	0.00	0.00	2000
229	10.80	2110	2108	0.00	196	0	0	0	nan	0.00	0.00	5.93	83.70	89.20	0.00	42	0	43	0.00	0.00	67.69	8.07	0.00	0.00	2000
227	10.79	2115	2091	0.00	194	0	0	0	nan	0.00	0.00	4.65	84.23	89.21	0.00	42	0	43	0.00	0.00	62.38	7.35	0.00	0.00	2000
228	10.77	2108	2107	0.00	194	0	0	0	nan	0.00	0.01	5.47	84.17	89.23	0.00	42	0	43	0.00	0.00	67.68	7.88	0.00	0.00	2000
230	11.13	2070	2094	0.00	195	0	0	0	nan	0.00	0.00	4.96	83.77	88.87	0.00	42	0	43	0.00	0.00	63.12	7.37	0.00	0.00	2000
229	11.01	2074	2106	0.00	194	0	0	0	nan	0.00	0.00	5.88	83.41	88.99	0.00	42	0	42	0.00	0.00	65.27	7.68	0.00	0.00	2000
227	11.05	2061	2091	0.00	194	0	0	0	nan	0.00	0.00	4.81	83.87	88.95	0.00	42	0	43	0.00	0.00	65.14	7.72	0.00	0.00	2000
228	11.08	2037	2120	0.00	194	0	0	0	nan	0.00	0.00	5.48	84.39	88.92	0.00	42	0	43	0.00	0.00	67.74	7.95	0.00	0.00	2000
227	10.95	2078	2093	0.00	194	0	0	0	nan	0.00	0.00	4.51	84.33	89.05	0.00	42	0	43	0.00	0.00	65.32	7.64	0.00	0.00	2000
231	11.17	2069	2096	0.00	196	0	0	0	nan	0.00	0.00	5.18	83.42	88.83	0.00	42	0	43	0.00	0.00	63.00	7.40	0.00	0.00	2000
228	10.98	2078	2096	0.00	194	0	0	0	nan	0.00	0.00	5.17	83.72	89.02	0.00	42	0	43	0.00	0.00	65.36	7.78	0.00	0.00	2000
229	10.86	2105	2104	0.00	194	0	0	0	nan	0.00	0.00	5.36	83.99	89.14	0.00	42	0	43	0.00	0.00	65.34	7.61	0.00	0.00	2000
228	11.04	2057	2106	1.18	194	0	0	8	15.85	0.00	0.00	4.60	84.68	88.96	0.00	42	0	43	0.00	0.00	64.60	7.62	0.00	0.00	2000
228	11.14	2051	2094	0.20	194	0	0	0	nan	0.00	0.02	4.64	84.07	88.86	0.00	42	0	43	0.00	0.00	64.96	7.67	0.00	0.00	2000
229	10.96	2103	2091	0.00	196	0	0	0	nan	0.00	0.00	5.17	83.56	89.04	0.00	42	0	43	0.00	0.00	65.04	7.59	0.00	0.00	2000
226	10.82	2142	2049	0.00	194	0	0	0	nan	0.00	0.00	4.36	82.73	89.18	0.00	42	0	43	0.00	0.00	62.72	7.44	0.00	0.00	2000
231	11.10	2027	2157	0.00	212	0	0	0	nan	0.00	0.00	4.35	87.03	88.90	0.00	42	0	43	0.00	0.00	67.28	7.91	0.00	0.00	2000
229	10.90	2091	2109	0.00	193	0	0	0	nan	0.00	0.00	5.00	84.50	89.10	0.00	42	0	43	0.00	0.00	65.13	7.74	0.00	0.00	2000
228	11.02	2076	2092	0.00	195	0	0	0	nan	0.00	0.00	5.13	83.57	88.98	0.00	42	0	43	0.00	0.00	64.81	7.82	0.00	0.00	2000
230	11.30	2032	2107	0.00	195	0	0	0	nan	0.00	0.00	5.82	83.29	88.70	0.00	42	0	43	0.00	0.00	64.82	7.68	0.00	0.00	2000
228	11.10	2065	2090	0.00	197	0	0	0	nan	0.00	0.00	7.09	81.43	88.90	0.00	42	0	43	0.00	0.00	64.97	7.59	0.00	0.00	2000
229	10.96	2067	2119	0.00	195	0	0	0	nan	0.00	0.00	5.99	83.92	89.04	0.00	42	0	43	0.00	0.00	64.87	7.74	0.00	0.00	2000
227	11.34	2009	2093	0.00	194	0	0	0	nan	0.00	0.00	4.40	84.18	88.66	0.00	42	0	43	0.00	0.00	64.52	7.57	0.00	0.00	2000
228	11.10	2051	2108	0.00	196	0	0	0	nan	0.00	0.00	4.67	84.73	88.90	0.00	42	0	43	0.00	0.00	64.46	7.73	0.00	0.00	2000
229	11.06	2087	2081	0.00	195	0	0	0	nan	0.00	0.00	4.65	83.60	88.94	0.00	42	0	43	0.00	0.00	64.98	7.61	0.00	0.00	2000
229	10.81	2108	2108	0.00	194	0	0	0	nan	0.00	0.00	5.45	84.22	89.19	0.00	42	0	43	0.00	0.00	64.80	7.37	0.00	0.00	2000
228	11.01	2071	2103	0.00	195	0	0	0	nan	0.00	0.00	4.74	84.61	88.99	0.00	42	0	43	0.00	0.00	64.93	7.63	0.00	0.00	2000
228	11.24	2024	2103	0.00	194	0	0	0	nan	0.00	0.00	3.97	85.12	88.76	0.00	42	0	43	0.00	0.00	64.44	7.69	0.00	0.00	2000
228	11.15	2057	2086	0.00	194	0	0	0	nan	0.00	0.00	4.62	83.68	88.85	0.00	42	0	43	0.00	0.00	65.01	7.65	0.00	0.00	2000
230	11.25	2041	2103	1.02	194	0	0	7	9.62	0.00	0.00	4.99	84.13	88.75	0.00	42	0	42	0.00	0.00	64.94	7.60	0.00	0.00	2000
234	11.02	2128	2096	0.34	197	0	0	0	nan	0.00	0.00	5.54	83.27	88.98	0.00	42	0	43	0.00	0.00	65.26	7.47	0.00	0.00	2000
228	11.19	2020	2120	0.00	194	0	0	0	nan	0.00	0.00	4.98	84.86	88.81	0.00	42	0	43	0.00	0.00	65.30	7.70	0.00	0.00	2000
228	11.09	2073	2084	0.00	194	0	0	0	nan	0.00	0.00	3.87	84.45	88.91	0.00	42	0	43	0.00	0.00	65.32	7.63	0.00	0.00	2000
229	11.09	2058	2106	0.00	194	0	0	0	nan	0.00	0.00	4.62	84.59	88.91	0.00	42	0	43	0.00	0.00	65.38	7.71	0.00	0.00	2000
227	11.05	2064	2090	0.00	196	0	0	0	nan	0.00	0.00	5.47	83.19	88.95	0.00	42	0	42	0.00	0.00	65.34	7.57	0.00	0.00	2000
230	11.06	2058	2118	0.00	195	0	0	0	nan	0.00	0.00	5.26	84.55	88.94	0.00	42	0	43	0.00	0.00	64.95	7.80	0.00	0.00	2000
227	11.32	2011	2092	0.00	194	0	0	0	nan	0.00	0.00	3.95	84.57	88.68	0.00	42	0	43	0.00	0.00	65.03	7.56	0.00	0.00	2000
227	11.15	2042	2098	0.00	194	0	0	0	nan	0.00	0.00	4.47	84.36	88.85	0.00	42	0	43	0.00	0.00	64.93	7.56	0.00	0.00	2000
227	10.95	2083	2090	0.00	194	0	0	0	nan	0.00	0.00	4.58	84.11	89.05	0.00	42	0	43	0.00	0.00	65.48	7.57	0.00	0.00	2000
228	11.21	2013	2119	0.00	195	0	0	0	nan	0.00	0.00	5.97	83.79	88.79	0.00	42	0	43	0.00	0.00	65.12	7.60	0.00	0.00	2000
229	11.20	2044	2104	0.00	195	0	0	0	nan	0.00	0.00	4.49	84.64	88.80	0.00	41	0	43	0.00	0.00	65.94	7.73	0.00	0.00	2000
231	11.35	2047	2085	0.00	181	0	0	0	nan	0.00	0.00	3.95	84.18	88.65	0.00	42	0	43	0.00	0.00	64.82	7.59	0.00	0.00	2000
228	11.08	2058	2103	0.00	211	0	0	0	nan	0.00	0.00	4.64	84.45	88.92	0.00	42	0	43	0.00	0.00	65.03	7.53	0.00	0.00	2000
228	11.06	2065	2099	0.00	195	0	0	0	nan	0.00	0.00	5.36	83.59	88.94	0.00	42	0	43	0.00	0.00	62.16	7.54	0.00	0.00	2000
227	11.05	2044	2107	0.00	194	0	0	0	nan	0.00	0.00	4.98	84.40	88.95	0.00	42	0	43	0.00	0.00	67.43	7.53	0.00	0.00	2000
231	11.11	2071	2105	0.00	195	0	0	0	nan	0.00	0.00	4.95	84.32	88.89	0.00	42	0	43	0.00	0.00	64.79	7.47	0.00	0.00	2000
227	10.98	2076	2094	0.71	195	0	0	8	16.17	0.00	0.00	3.92	84.93	89.02	0.00	42	0	43	0.00	0.00	65.24	7.80	0.00	0.00	2000
229	10.94	2101	2091	0.66	195	0	0	1	91.75	0.00	0.00	5.12	83.64	89.06	0.00	42	0	43	0.00	0.00	65.14	7.56	0.00	0.00	2000
227	10.83	2095	2105	0.00	194	0	0	0	nan	0.00	0.00	5.07	84.40	89.17	0.00	42	0	42	0.00	0.00	65.31	7.50	0.00	0.00	2000
231	10.88	2104	2114	0.00	194	0	0	0	nan	0.00	0.00	4.83	84.92	89.12	0.00	42	0	43	0.00	0.00	65.32	7.67	0.00	0.00	2000
229	11.00	2109	2072	0.00	195	0	0	0	nan	0.00	0.00	4.22	83.69	89.00	0.00	42	0	43	0.00	0.00	64.62	7.43	0.00	0.00	2000
229	11.02	2061	2117	0.00	195	0	0	0	nan	0.00	0.00	5.17	84.70	88.98	0.00	42	0	43	0.00	0.00	65.46	7.67	0.00	0.00	2000
227	10.96	2075	2097	0.00	194	0	0	0	nan	0.00	0.00	4.24	84.73	89.04	0.00	42	0	43	0.00	0.00	65.34	7.69	0.00	0.00	2000
228	11.20	2044	2094	0.00	193	0	0	0	nan	0.00	0.00	4.38	84.27	88.80	0.00	42	0	43	0.00	0.00	65.26	7.72	0.00	0.00	2000
227	10.88	2081	2104	0.00	194	0	0	0	nan	0.00	0.00	5.08	84.32	89.12	0.00	42	0	43	0.00	0.00	65.57	7.71	0.00	0.00	2000
230	11.08	2070	2104	0.00	195	0	0	0	nan	0.00	0.00	5.34	83.87	88.92	0.00	42	0	43	0.00	0.00	64.61	7.58	0.00	0.00	2000
228	11.06	2073	2086	0.00	195	0	0	0	nan	0.00	0.00	4.67	83.67	88.94	0.00	42	0	43	0.00	0.00	65.69	7.73	0.00	0.00	2000
229	10.93	2073	2119	0.00	194	0	0	0	nan	0.00	0.00	5.38	84.66	89.07	0.00	43	0	43	0.00	0.00	65.81	7.74	0.00	0.00	2000
227	10.95	2096	2080	0.00	195	0	0	0	nan	0.00	0.00	4.45	83.83	89.05	0.00	42	0	43	0.00	0.00	64.85	7.90	0.00	0.00	2000
228	10.81	2100	2108	0.00	195	0	0	0	nan	0.00	0.00	5.56	84.00	89.19	0.00	43	0	43	0.00	0.00	65.40	7.87	0.00	0.00	2000
228	11.14	2045	2101	0.00	194	0	0	0	nan	0.00	0.00	5.09	83.83	88.86	0.00	42	0	43	0.00	0.00	65.50	7.81	0.00	0.00	2000
231	11.31	2040	2100	0.00	198	0	0	0	nan	0.00	0.00	6.23	82.52	88.69	0.00	43	0	43	0.00	0.00	65.41	7.69	0.00	0.00	2000
234	11.40	2050	2100	0.00	195	0	0	0	nan	0.00	0.00	5.53	83.12	88.60	0.00	43	0	43	0.00	0.00	65.95	7.64	0.00	0.00	2000
229	10.84	2104	2105	0.43	194	0	0	9	18.28	0.00	0.00	4.59	84.83	89.16	0.00	42	0	43	0.00	0.00	66.20	7.78	0.00	0.00	2000
228	11.27	2025	2098	1.25	195	0	0	4	41.83	0.00	0.00	4.36	84.40	88.73	0.00	42	0	43	0.00	0.00	65.31	7.86	0.00	0.00	2000
228	11.26	2025	2103	0.00	193	0	0	0	nan	0.00	0.00	4.67	84.26	88.74	0.00	43	0	43	0.00	0.00	65.05	7.82	0.00	0.00	2000
231	11.08	2083	2100	0.00	195	0	0	0	nan	0.00	0.00	5.05	83.93	88.92	0.00	42	0	43	0.00	0.00	65.47	7.90	0.00	0.00	2000
229	10.92	2079	2113	0.00	194	0	0	0	nan	0.00	0.00	4.68	84.94	89.08	0.00	42	0	42	0.00	0.00	65.84	7.83	0.00	0.00	2000
228	11.20	2046	2088	0.00	195	0	0	0	nan	0.00	0.00	3.57	84.81	88.80	0.00	42	0	43	0.00	0.00	65.50	7.77	0.00	0.00	2000
229	11.23	2046	2089	0.00	197	0	0	0	nan	0.00	0.00	5.72	82.76	88.77	0.00	42	0	43	0.00	0.00	65.27	7.73	0.00	0.00	2000
227	10.96	2068	2106	0.00	195	0	0	0	nan	0.00	0.00	4.73	84.73	89.04	0.00	42	0	43	0.00	0.00	65.12	7.77	0.00	0.00	2000
230	10.94	2102	2096	0.00	195	0	0	0	nan	0.00	0.00	5.15	83.83	89.06	0.00	42	0	43	0.00	0.00	65.24	7.85	0.00	0.00	2000
228	10.91	2095	2093	0.00	195	0	0	0	nan	0.00	0.00	5.05	83.79	89.09	0.00	42	0	43	0.00	0.00	65.88	7.86	0.00	0.00	2000
229	11.01	2063	2112	0.00	194	0	0	0	nan	0.00	0.00	4.98	84.71	88.99	0.00	42	0	43	0.00	0.00	65.09	7.75	0.00	0.00	2000
227	10.81	2116	2084	0.00	194	0	0	0	nan	0.00	0.00	4.45	84.05	89.19	0.00	42	0	43	0.00	0.00	65.14	7.51	0.00	0.00	2000
228	10.83	2096	2109	0.00	194	0	0	0	nan	0.00	0.00	5.11	84.57	89.17	0.00	42	0	43	0.00	0.00	65.62	7.67	0.00	0.00	2000
229	11.36	1993	2120	0.00	195	0	0	0	nan	0.00	0.00	5.14	84.52	88.64	0.00	43	0	43	0.00	0.00	64.96	7.77	0.00	0.00	2000
228	11.09	2067	2089	0.00	194	0	0	0	nan	0.00	0.00	4.10	84.39	88.91	0.00	43	0	43	0.00	0.00	65.85	7.95	0.00	0.00	2000
227	11.34	2002	2097	0.00	178	0	0	0	nan	0.00	0.00	5.32	83.39	88.66	0.00	42	0	43	0.00	0.00	64.85	7.83	0.00	0.00	2000
228	11.00	2084	2092	0.00	210	0	0	0	nan	0.00	0.00	4.64	84.06	89.00	0.00	43	0	43	0.00	0.00	65.43	7.69	0.00	0.00	2000
227	10.95	2072	2100	0.00	196	0	0	6	21.02	0.00	0.00	5.71	83.49	89.05	0.00	43	0	43	0.00	0.00	65.19	7.78	0.00	0.00	2000
229	11.02	2074	2102	1.60	194	0	0	7	32.47	0.00	0.00	5.24	83.89	88.98	0.00	43	0	43	0.00	0.00	65.41	7.62	0.00	0.00	2000
231	11.32	2048	2095	0.00	197	0	0	0	nan	0.00	0.00	5.58	82.97	88.68	0.00	43	0	43	0.00	0.00	62.68	7.45	0.00	0.00	2000
228	10.87	2085	2115	0.00	195	0	0	0	nan	0.00	0.00	5.32	84.53	89.13	0.00	42	0	43	0.00	0.00	67.55	7.97	0.00	0.00	2000
229	11.01	2096	2082	0.00	195	0	0	0	nan	0.00	0.00	4.75	83.50	88.99	0.00	42	0	43	0.00	0.00	59.90	7.28	0.00	0.00	2000
228	11.05	2060	2108	0.00	195	0	0	0	nan	0.00	0.00	5.49	83.84	88.95	0.00	42	0	43	0.00	0.00	65.14	8.16	0.00	0.00	2000
227	10.96	2066	2107	0.00	194	0	0	0	nan	0.00	0.00	5.20	84.25	89.04	0.00	43	0	43	0.00	0.00	68.14	7.92	0.00	0.00	2000
229	11.02	2076	2105	0.00	195	0	0	0	nan	0.00	0.00	3.89	85.37	88.98	0.00	43	0	43	0.00	0.00	65.51	8.09	0.00	0.00	2000
227	11.04	2064	2091	0.00	193	0	0	0	nan	0.00	0.00	4.01	84.66	88.96	0.00	42	0	43	0.00	0.00	65.37	7.68	0.00	0.00	2000
228	11.21	2040	2096	0.00	195	0	0	0	nan	0.00	0.00	5.36	83.31	88.79	0.00	43	0	43	0.00	0.00	63.01	7.53	0.00	0.00	2000
227	10.73	2112	2106	0.00	194	0	0	0	nan	0.00	0.00	5.16	84.42	89.27	0.00	42	0	43	0.00	0.00	68.12	8.09	0.00	0.00	2000
227	11.05	2059	2100	0.00	194	0	0	0	nan	0.00	0.00	4.80	84.15	88.95	0.00	43	0	43	0.00	0.00	65.80	7.78	0.00	0.00	2000
230	11.04	2087	2096	0.00	195	0	0	0	nan	0.00	0.00	5.23	83.68	88.96	0.00	43	0	43	0.00	0.00	62.77	7.33	0.00	0.00	2000
228	11.06	2053	2111	0.00	196	0	0	0	nan	0.00	0.00	4.95	84.54	88.94	0.00	42	0	42	0.00	0.00	68.72	8.06	0.00	0.00	2000
227	11.07	2072	2079	0.00	194	0	0	0	nan	0.00	0.00	4.40	83.69	88.93	0.00	42	0	43	0.00	0.00	62.78	7.54	0.00	0.00	2000
229	10.82	2107	2107	0.00	194	0	0	0	nan	0.00	0.00	5.41	84.15	89.18	0.00	43	0	43	0.00	0.00	65.16	7.66	0.00	0.00	2000
228	10.78	2118	2094	0.00	194	0	0	0	nan	0.00	0.00	5.17	83.88	89.22	0.00	42	0	43	0.00	0.00	65.52	7.97	0.00	0.00	2000
231	10.93	2105	2107	0.00	196	0	0	4	33.97	0.00	0.00	5.90	83.55	89.07	0.00	43	0	43	0.00	0.00	65.59	7.79	0.00	0.00	2000
228	10.96	2071	2108	1.67	194	0	0	9	25.38	0.00	0.00	5.14	84.37	89.04	0.00	43	0	43	0.00	0.00	65.75	7.87	0.00	0.00	2000
230	11.26	2044	2094	0.00	194	0	0	0	nan	0.00	0.00	4.15	84.31	88.74	0.00	43	0	43	0.00	0.00	65.61	7.69	0.00	0.00	2000
229	11.13	2051	2102	0.00	193	0	0	0	nan	0.00	0.00	4.50	84.62	88.87	0.00	43	0	43	0.00	0.00	65.07	7.79	0.00	0.00	2000
228	11.00	2060	2117	0.00	195	0	0	0	nan	0.00	0.00	5.36	84.39	89.00	0.00	42	0	42	0.00	0.00	62.72	7.70	0.00	0.00	2000
230	11.24	2056	2089	0.00	197	0	0	0	nan	0.00	0.02	5.29	83.06	88.76	0.00	43	0	43	0.00	0.00	68.66	7.69	0.00	0.00	2000
229	11.23	2050	2092	0.00	196	0	0	0	nan	0.00	0.00	4.75	83.77	88.77	0.00	43	0	43	0.00	0.00	65.26	7.84	0.00	0.00	2000
227	11.30	2007	2102	0.00	194	0	0	0	nan	0.00	0.00	5.02	83.84	88.70	0.00	43	0	43	0.00	0.00	65.38	7.88	0.00	0.00	2000
228	11.29	2024	2095	0.00	195	0	0	0	nan	0.00	0.00	4.88	83.72	88.71	0.00	43	0	43	0.00	0.00	65.13	7.69	0.00	0.00	2000
227	10.92	2073	2106	0.00	194	0	0	0	nan	0.00	0.00	5.09	84.33	89.08	0.00	42	0	43	0.00	0.00	65.53	7.75	0.00	0.00	2000
228	11.40	1996	2107	0.00	195	0	0	0	nan	0.00	0.00	4.81	84.25	88.60	0.00	42	0	43	0.00	0.00	65.11	7.82	0.00	0.00	2000
229	11.04	2093	2081	0.00	195	0	0	0	nan	0.00	0.00	4.45	83.86	88.96	0.00	42	0	43	0.00	0.00	65.45	7.90	0.00	0.00	2000
229	10.93	2085	2113	0.00	194	0	0	0	nan	0.00	0.00	5.11	84.61	89.07	0.00	43	0	43	0.00	0.00	65.59	7.79	0.00	0.00	2000
227	10.94	2077	2101	0.00	195	0	0	0	nan	0.00	0.00	4.39	84.80	89.06	0.00	42	0	43	0.00	0.00	65.52	7.76	0.00	0.00	2000
228	11.02	2075	2095	0.00	194	0	0	0	nan	0.00	0.00	3.86	85.02	88.98	0.00	43	0	43	0.00	0.00	65.00	7.75	0.00	0.00	2000
227	11.30	2011	2095	0.00	193	0	0	0	nan	0.00	0.00	4.81	83.83	88.70	0.00	43	0	43	0.00	0.00	65.11	7.82	0.00	0.00	2000
237	11.35	2079	2107	0.00	197	0	0	0	nan	0.00	0.00	6.07	82.96	88.65	0.00	43	0	43	0.00	0.00	65.92	7.89	0.00	0.00	2000
227	11.21	2028	2098	0.00	196	0	0	0	91.00	0.00	0.00	4.96	83.92	88.79	0.00	43	0	43	0.00	0.00	65.64	7.97	0.00	0.00	2000
229	11.29	2023	2102	1.69	194	0	0	12	18.90	0.00	0.00	4.73	84.11	88.71	0.00	43	0	43	0.00	0.00	65.53	7.83	0.00	0.00	2000
229	11.12	2063	2100	0.05	194	0	0	0	nan	0.00	0.00	4.91	84.03	88.88	0.00	43	0	43	0.00	0.00	65.94	7.84	0.00	0.00	2000
228	11.06	2065	2101	0.00	194	0	0	0	nan	0.00	0.00	4.30	84.78	88.94	0.00	43	0	43	0.00	0.00	65.09	7.83	0.00	0.00	2000
230	11.42	2024	2088	0.00	197	0	0	0	nan	0.00	0.00	4.58	83.56	88.58	0.00	43	0	43	0.00	0.00	65.41	7.91	0.00	0.00	2000
228	11.18	2018	2120	0.00	194	0	0	0	nan	0.00	0.00	5.43	84.32	88.82	0.00	43	0	43	0.00	0.00	65.26	7.77	0.00	0.00	2000
227	11.08	2063	2086	0.00	194	0	0	0	nan	0.00	0.00	4.40	84.04	88.92	0.00	43	0	43	0.00	0.00	65.55	7.70	0.00	0.00	2000
229	10.92	2088	2113	0.00	194	0	0	0	nan	0.00	0.00	4.74	84.91	89.08	0.00	42	0	43	0.00	0.00	65.53	7.78	0.00	0.00	2000
228	11.06	2069	2095	0.00	195	0	0	0	nan	0.00	0.00	4.54	84.37	88.94	0.00	43	0	43	0.00	0.00	65.54	7.80	0.00	0.00	2000
230	10.95	2090	2111	0.00	198	0	0	0	nan	0.00	0.00	5.57	83.99	89.05	0.00	43	0	43	0.00	0.00	65.65	7.95	0.00	0.00	2000
227	11.21	2039	2088	0.00	194	0	0	0	nan	0.00	0.00	3.89	84.51	88.79	0.00	43	0	43	0.00	0.00	65.24	7.90	0.00	0.00	2000
228	11.06	2072	2094	0.00	194	0	0	0	nan	0.00	0.00	4.69	83.91	88.94	0.00	43	0	43	0.00	0.00	65.46	7.91	0.00	0.00	2000
229	11.14	2048	2109	0.00	195	0	0	0	nan	0.00	0.00	5.22	84.12	88.86	0.00	43	0	43	0.00	0.00	65.64	7.67	0.00	0.00	2000
228	11.16	2050	2096	0.00	194	0	0	0	nan	0.00	0.00	5.11	83.66	88.84	0.00	43	0	43	0.00	0.00	65.41	7.84	0.00	0.00	2000
228	10.84	2119	2088	0.00	194	0	0	0	nan	0.00	0.00	4.97	83.73	89.16	0.00	42	0	43	0.00	0.00	64.83	7.91	0.00	0.00	2000
230	10.88	2101	2110	0.00	195	0	0	0	nan	0.00	0.00	5.29	84.37	89.12	0.00	43	0	43	0.00	0.00	65.66	7.84	0.00	0.00	2000
228	11.16	2034	2105	0.00	195	0	0	0	nan	0.00	0.00	4.96	84.20	88.84	0.00	43	0	43	0.00	0.00	65.19	7.83	0.00	0.00	2000
228	11.04	2081	2090	0.00	194	0	0	0	nan	0.00	0.02	4.59	83.95	88.96	0.00	42	0	43	0.00	0.00	65.70	7.81	0.00	0.00	2000
228	10.81	2098	2107	1.29	194	0	0	11	13.19	0.00	0.00	5.19	84.36	89.19	0.00	42	0	43	0.00	0.00	65.20	7.88	0.00	0.00	2000
230	11.35	2018	2108	0.44	194	0	0	0	nan	0.00	0.00	4.68	84.35	88.65	0.00	42	0	43	0.00	0.00	65.93	7.90	0.00	0.00	2000
230	11.04	2104	2080	0.00	195	0	0	0	nan	0.00	0.00	3.93	84.27	88.96	0.00	43	0	43	0.00	0.00	65.44	7.77	0.00	0.00	2000
228	10.80	2092	2120	0.00	194	0	0	0	nan	0.00	0.00	5.57	84.60	89.20	0.00	42	0	43	0.00	0.00	65.50	7.82	0.00	0.00	2000
227	10.98	2075	2092	0.00	194	0	0	0	nan	0.00	0.00	4.13	84.64	89.02	0.00	42	0	43	0.00	0.00	64.90	7.97	0.00	0.00	2000
232	11.32	2044	2107	0.00	210	0	0	0	nan	0.00	0.00	8.38	80.66	88.68	0.00	43	0	43	0.00	0.00	65.34	7.75	0.00	0.00	2000
228	11.06	2061	2097	0.00	194	0	0	0	nan	0.00	0.00	3.98	84.91	88.94	0.00	43	0	43	0.00	0.00	65.05	7.77	0.00	0.00	2000
231	11.03	2082	2109	0.00	196	0	0	0	nan	0.00	0.00	5.40	84.07	88.97	0.00	43	0	43	0.00	0.00	65.26	7.81	0.00	0.00	2000
226	10.97	2083	2081	0.00	195	0	0	0	nan	0.00	0.00	4.19	84.19	89.03	0.00	42	0	43	0.00	0.00	65.02	7.72	0.00	0.00	2000
228	11.04	2057	2107	0.00	194	0	0	0	nan	0.00	0.00	5.01	84.36	88.96	0.00	43	0	43	0.00	0.00	65.22	7.89	0.00	0.00	2000
227	10.92	2090	2087	0.00	194	0	0	0	nan	0.00	0.00	4.75	83.75	89.08	0.00	43	0	43	0.00	0.00	65.06	7.83	0.00	0.00	2000
229	11.24	2023	2119	0.00	197	0	0	0	nan	0.00	0.01	6.76	82.98	88.76	0.00	43	0	43	0.00	0.00	65.30	7.93	0.00	0.00	2000
230	11.37	2042	2077	0.00	196	0	0	0	nan	0.00	0.00	4.83	82.89	88.63	0.00	43	0	43	0.00	0.00	65.01	7.84	0.00	0.00	2000
225	11.06	2086	2049	0.00	194	0	0	0	nan	0.00	0.00	5.10	81.72	88.94	0.00	43	0	43	0.00	0.00	63.14	7.29	0.00	0.00	2000
230	10.88	2039	2174	0.00	210	0	0	0	nan	0.00	0.00	3.56	88.76	89.12	0.00	43	0	43	0.00	0.00	67.51	8.11	0.00	0.00	2000
229	11.00	2090	2089	0.00	195	0	0	0	nan	0.00	0.00	4.27	84.37	89.00	0.00	43	0	43	0.00	0.00	65.16	7.95	0.00	0.00	2000
243	11.62	2085	2103	0.00	193	0	0	0	nan	0.00	0.00	5.34	83.30	88.38	0.00	43	0	43	0.00	0.00	65.81	7.73	0.00	0.00	2000
228	11.20	2098	2039	1.10	195	0	0	27	5.65	0.00	0.00	4.81	81.52	88.80	0.00	42	0	43	0.00	0.00	63.10	7.52	0.00	0.00	2000
231	10.74	2092	2158	0.43	211	0	0	0	nan	0.00	0.00	3.45	88.14	89.26	0.00	42	0	43	0.00	0.00	68.22	8.06	0.00	0.00	2000
229	11.09	2059	2106	0.00	195	0	0	0	nan	0.00	0.00	5.82	83.39	88.91	0.00	43	0	43	0.00	0.00	65.46	7.70	0.00	0.00	2000
229	10.81	2122	2094	0.00	197	0	0	0	nan	0.00	0.00	6.37	82.54	89.19	0.00	43	0	43	0.00	0.00	66.47	7.78	0.00	0.00	2000
228	10.93	2068	2118	0.00	195	0	0	0	nan	0.00	0.00	5.57	84.37	89.07	0.00	43	0	43	0.00	0.00	64.90	7.83	0.00	0.00	2000
229	10.88	2107	2096	0.00	195	0	0	0	nan	0.00	0.00	4.44	84.60	89.12	0.00	42	0	43	0.00	0.00	66.00	7.86	0.00	0.00	2000
229	10.65	2152	2100	0.00	195	0	0	0	nan	0.00	0.00	4.84	84.50	89.35	0.00	43	0	43	0.00	0.00	65.25	7.77	0.00	0.00	2000
227	10.82	2100	2102	0.00	194	0	0	0	nan	0.00	0.00	4.37	84.91	89.18	0.00	43	0	43	0.00	0.00	65.54	7.88	0.00	0.00	2000
228	10.99	2075	2099	0.00	194	0	0	0	nan	0.00	0.00	4.18	84.83	89.01	0.00	43	0	43	0.00	0.00	62.16	7.86	0.00	0.00	2000
227	11.13	2054	2087	0.00	194	0	0	0	nan	0.00	0.00	4.62	83.79	88.87	0.00	43	0	43	0.00	0.00	65.71	7.34	0.00	0.00	2000
231	11.17	2051	2116	0.00	195	0	0	0	nan	0.00	0.00	5.53	84.00	88.83	0.00	42	0	43	0.00	0.00	68.72	8.13	0.00	0.00	2000
227	11.08	2060	2088	0.00	195	0	0	0	nan	0.00	0.00	4.51	83.94	88.92	0.00	42	0	43	0.00	0.00	65.63	7.78	0.00	0.00	2000
228	11.14	2039	2111	0.00	194	0	0	0	nan	0.00	0.00	5.09	84.27	88.86	0.00	43	0	43	0.00	0.00	62.66	7.39	0.00	0.00	2000
228	11.02	2082	2084	0.00	194	0	0	0	nan	0.00	0.00	4.50	83.96	88.98	0.00	43	0	43	0.00	0.00	68.30	8.15	0.00	0.00	2000
229	10.91	2088	2114	0.00	197	0	0	0	nan	0.00	0.00	6.60	83.20	89.09	0.00	42	0	43	0.00	0.00	64.73	7.82	0.00	0.00	2000
229	11.27	2048	2084	0.00	197	0	0	0	nan	0.00	0.04	5.09	83.04	88.73	0.00	42	0	43	0.00	0.00	63.05	7.44	0.00	0.00	2000
228	10.96	2070	2113	0.00	194	0	0	0	nan	0.00	0.00	5.40	84.30	89.04	0.00	43	0	43	0.00	0.00	67.90	8.14	0.00	0.00	2000
228	11.16	2041	2099	0.89	194	0	0	12	19.66	0.00	0.00	4.85	84.02	88.84	0.00	42	0	43	0.00	0.00	65.02	7.69	0.00	0.00	2000
229	11.15	2057	2096	0.84	194	0	0	1	91.88	0.00	0.00	4.85	83.88	88.85	0.00	42	0	42	0.00	0.00	62.62	7.40	0.00	0.00	2000
227	10.81	2110	2092	0.00	195	0	0	0	nan	0.01	0.00	4.79	84.10	89.19	0.00	43	0	43	0.00	0.00	65.41	7.85	0.00	0.00	2000
264	12.32	2114	2124	0.00	194	0	0	0	nan	0.00	0.00	5.51	83.31	87.68	0.00	43	0	43	0.00	0.00	69.21	8.24	0.00	0.00	2000
227	11.14	2055	2082	0.00	194	0	0	0	nan	0.00	0.00	4.02	84.19	88.86	0.00	43	0	43	0.00	0.00	62.50	7.44	0.00	0.00	2000
228	11.17	2030	2108	0.00	194	0	0	0	nan	0.00	0.00	5.09	84.19	88.83	0.00	42	0	43	0.00	0.00	67.95	8.15	0.00	0.00	2000
228	11.10	2053	2099	0.00	195	0	0	0	nan	0.00	0.00	4.73	84.22	88.90	0.00	42	0	43	0.00	0.00	62.77	7.63	0.00	0.00	2000
228	11.09	2053	2103	0.00	194	0	0	0	nan	0.00	0.00	4.78	84.31	88.91	0.00	43	0	43	0.00	0.00	65.60	7.96	0.00	0.00	2000
227	11.20	2026	2098	0.00	194	0	0	0	nan	0.00	0.00	4.79	84.05	88.80	0.00	42	0	43	0.00	0.00	65.13	7.41	0.00	0.00	2000
231	11.35	2039	2094	0.00	195	0	0	0	nan	0.00	0.00	4.45	84.02	88.65	0.00	43	0	43	0.00	0.00	62.30	7.80	0.00	0.00	2000
227	11.02	2068	2094	0.00	195	0	0	0	nan	0.00	0.00	5.06	83.78	88.98	0.00	43	0	43	0.00	0.00	65.35	7.86	0.00	0.00	2000
228	10.87	2084	2116	0.00	194	0	0	0	nan	0.00	0.00	5.31	84.61	89.13	0.00	43	0	43	0.00	0.00	65.23	7.81	0.00	0.00	2000
228	11.14	2051	2097	0.00	195	0	0	0	nan	0.00	0.00	4.36	84.52	88.86	0.00	43	0	43	0.00	0.00	65.12	7.64	0.00	0.00	2000
228	11.11	2063	2091	0.00	194	0	0	0	nan	0.00	0.00	4.57	84.01	88.89	0.00	43	0	43	0.00	0.00	65.22	7.81	0.00	0.00	2000
230	10.89	2113	2097	0.00	196	0	0	0	nan	0.00	0.02	4.78	84.18	89.11	0.00	42	0	43	0.00	0.00	65.76	7.72	0.00	0.00	2000
228	11.13	2040	2111	0.00	194	0	0	0	nan	0.00	0.00	4.97	84.45	88.87	0.00	43	0	43	0.00	0.00	65.91	7.74	0.00	0.00	2000
227	11.05	2068	2088	0.00	193	0	0	0	nan	0.00	0.00	3.96	84.49	88.95	0.00	43	0	43	0.00	0.00	65.44	7.87	0.00	0.00	2000
230	11.17	2029	2127	0.40	194	0	0	9	18.25	0.00	0.00	4.94	85.13	88.83	0.00	43	0	43	0.00	0.00	67.00	8.06	0.00	0.00	2000
228	11.10	2079	2075	1.28	180	0	0	4	39.28	0.00	0.02	3.93	84.01	88.90	0.00	43	0	43	0.00	0.00	64.52	7.93	0.00	0.00	2000
231	11.30	2034	2108	0.00	213	0	0	0	nan	0.00	0.00	4.73	84.41	88.70	0.00	43	0	43	0.00	0.00	65.07	7.74	0.00	0.00	2000
228	10.98	2077	2098	0.00	194	0	0	0	nan	0.00	0.00	4.50	84.47	89.02	0.00	43	0	43	0.00	0.00	65.75	7.82	0.00	0.00	2000
229	10.97	2089	2096	0.00	194	0	0	0	nan	0.00	0.00	4.53	84.37	89.03	0.00	42	0	43	0.00	0.00	65.41	7.68	0.00	0.00	2000
228	10.66	2126	2112	0.00	194	0	0	0	nan	0.00	0.00	5.64	84.29	89.34	0.00	42	0	43	0.00	0.00	65.76	7.79	0.00	0.00	2000
228	11.16	2046	2098	0.00	196	0	0	0	nan	0.00	0.00	5.24	83.65	88.84	0.00	43	0	43	0.00	0.00	65.00	7.83	0.00	0.00	2000
229	11.39	2028	2084	0.00	196	0	0	0	nan	0.00	0.00	4.64	83.39	88.61	0.00	43	0	43	0.00	0.00	65.05	7.85	0.00	0.00	2000
229	11.18	2039	2106	0.00	194	0	0	0	nan	0.00	0.00	5.52	83.69	88.82	0.00	43	0	43	0.00	0.00	65.32	7.69	0.00	0.00	2000
228	10.76	2126	2097	0.00	194	0	0	0	nan	0.00	0.00	4.74	84.43	89.24	0.00	43	0	43	0.00	0.00	65.56	7.74	0.00	0.00	2000
229	11.12	2043	2115	0.00	195	0	0	0	nan	0.00	0.00	5.48	84.25	88.88	0.00	43	0	43	0.00	0.00	65.14	7.82	0.00	0.00	2000
227	11.30	2030	2081	0.00	193	0	0	0	nan	0.00	0.00	4.97	82.99	88.70	0.00	42	0	43	0.00	0.00	64.87	7.80	0.00	0.00	2000
230	11.26	2014	2133	0.00	194	0	0	0	nan	0.00	0.00	5.52	84.71	88.74	0.00	43	0	43	0.00	0.00	65.48	7.81	0.00	0.00	2000
228	11.10	2084	2067	0.00	195	0	0	0	nan	0.00	0.00	3.95	83.56	88.90	0.00	43	0	43	0.00	0.00	65.29	7.79	0.00	0.00	2000
235	11.07	2110	2118	0.00	197	0	0	0	nan	0.00	0.00	5.61	84.17	88.93	0.00	43	0	43	0.00	0.00	65.12	7.69	0.00	0.00	2000
228	11.07	2078	2084	0.00	194	0	0	0	nan	0.00	0.00	4.63	83.68	88.93	0.00	43	0	43	0.00	0.00	64.76	7.75	0.00	0.00	2000
229	10.67	2138	2109	0.00	194	0	0	0	nan	0.00	0.00	5.50	84.30	89.33	0.00	43	0	43	0.00	0.00	65.07	7.94	0.00	0.00	2000
229	11.33	2027	2090	0.00	195	0	0	6	21.40	0.00	0.00	4.92	83.47	88.67	0.00	42	0	43	0.00	0.00	64.83	7.87	0.00	0.00	2000
232	10.99	2104	2108	1.57	196	0	0	7	32.19	0.00	0.00	5.80	83.59	89.01	0.00	42	0	43	0.00	0.00	65.40	7.69	0.00	0.00	2000
228	10.84	2097	2104	0.00	194	0	0	0	nan	0.00	0.00	5.12	84.27	89.16	0.00	43	0	43	0.00	0.00	65.32	8.01	0.00	0.00	2000
228	11.05	2060	2103	0.00	194	0	0	0	nan	0.00	0.00	4.85	84.24	88.95	0.00	42	0	43	0.00	0.00	65.06	7.96	0.00	0.00	2000
228	11.37	2011	2097	0.00	197	0	0	0	nan	0.00	0.00	6.02	82.56	88.63	0.00	43	0	43	0.00	0.00	65.10	8.01	0.00	0.00	2000
228	11.16	2041	2101	0.00	196	0	0	0	nan	0.00	0.00	5.11	83.87	88.84	0.00	43	0	43	0.00	0.00	64.84	7.91	0.00	0.00	2000
230	11.47	2018	2088	0.00	194	0	0	0	nan	0.00	0.00	4.99	83.09	88.53	0.00	43	0	43	0.00	0.00	65.01	7.88	0.00	0.00	2000
228	10.95	2077	2108	0.00	194	0	0	0	nan	0.00	0.00	5.44	83.95	89.05	0.00	42	0	43	0.00	0.00	65.35	7.72	0.00	0.00	2000
227	10.96	2083	2090	0.00	194	0	0	0	nan	0.00	0.00	5.23	83.46	89.04	0.00	42	0	43	0.00	0.00	65.36	7.79	0.00	0.00	2000
229	11.14	2043	2111	0.00	194	0	0	0	nan	0.00	0.00	5.54	83.90	88.86	0.00	43	0	43	0.00	0.00	65.34	7.79	0.00	0.00	2000
228	10.93	2096	2091	0.00	195	0	0	0	nan	0.00	0.00	5.12	83.69	89.07	0.00	43	0	43	0.00	0.00	65.53	7.76	0.00	0.00	2000
230	11.18	2034	2123	0.00	195	0	0	0	nan	0.00	0.00	5.77	84.17	88.82	0.00	43	0	43	0.00	0.00	65.08	7.77	0.00	0.00	2000
228	11.16	2051	2088	0.00	194	0	0	0	nan	0.00	0.00	4.10	84.33	88.84	0.00	43	0	43	0.00	0.00	65.07	7.88	0.00	0.00	2000
229	11.01	2073	2102	0.00	194	0	0	0	nan	0.00	0.00	5.29	83.81	88.99	0.00	43	0	43	0.00	0.00	65.50	8.02	0.00	0.00	2000
227	11.04	2073	2087	0.00	195	0	0	0	nan	0.00	0.00	4.88	83.61	88.96	0.00	43	0	43	0.00	0.00	65.52	7.91	0.00	0.00	2000
229	10.75	2110	2118	0.00	194	0	0	0	nan	0.00	0.02	5.53	84.52	89.25	0.00	43	0	43	0.00	0.00	65.41	7.96	0.00	0.00	2000
231	10.92	2131	2087	0.00	195	0	0	0	nan	0.00	0.02	4.14	84.47	89.08	0.00	43	0	43	0.00	0.00	65.47	7.79	0.00	0.00	2000
230	10.89	2106	2107	0.00	194	0	0	13	8.21	0.00	0.00	4.50	85.04	89.11	0.00	42	0	43	0.00	0.00	65.61	8.05	0.00	0.00	2000
228	11.08	2054	2104	1.67	194	0	0	11	20.36	0.00	0.03	4.50	84.69	88.92	0.00	42	0	43	0.00	0.00	65.08	7.87	0.00	0.00	2000
228	11.15	2046	2102	0.00	194	0	0	0	nan	0.00	0.00	4.19	84.91	88.85	0.00	43	0	43	0.00	0.00	65.04	7.91	0.00	0.00	2000
227	11.14	2055	2082	0.00	194	0	0	0	nan	0.00	0.00	4.13	84.02	88.86	0.00	42	0	43	0.00	0.00	65.24	7.74	0.00	0.00	2000
228	10.99	2072	2106	0.00	194	0	0	0	nan	0.00	0.00	5.55	83.75	89.01	0.00	43	0	43	0.00	0.00	65.24	7.94	0.00	0.00	2000
229	10.86	2090	2122	0.00	195	0	0	0	nan	0.00	0.00	5.03	85.05	89.14	0.00	42	0	43	0.00	0.00	66.57	7.80	0.00	0.00	2000
229	11.09	2102	2065	0.00	178	0	0	0	nan	0.00	0.02	3.24	84.18	88.91	0.00	42	0	42	0.00	0.00	64.15	7.72	0.00	0.00	2000
227	10.91	2073	2106	0.00	210	0	0	0	nan	0.00	0.00	4.58	84.85	89.09	0.00	43	0	43	0.00	0.00	65.09	7.67	0.00	0.00	2000
229	10.90	2091	2112	0.00	197	0	0	0	nan	0.00	0.00	6.94	82.79	89.10	0.00	43	0	43	0.00	0.00	65.23	7.91	0.00	0.00	2000
228	11.15	2055	2088	0.00	196	0	0	0	nan	0.00	0.00	5.02	83.39	88.85	0.00	43	0	43	0.00	0.00	64.81	7.81	0.00	0.00	2000
230	10.68	2148	2109	0.00	195	0	0	0	nan	0.00	0.02	5.01	84.70	89.32	0.00	43	0	43	0.00	0.00	65.02	7.77	0.00	0.00	2000
232	11.26	2054	2105	0.00	194	0	0	0	nan	0.00	0.00	5.00	84.12	88.74	0.00	42	0	43	0.00	0.00	65.33	7.75	0.00	0.00	2000
229	11.00	2073	2106	0.00	194	0	0	0	nan	0.00	0.00	4.28	85.00	89.00	0.00	43	0	43	0.00	0.00	64.79	7.89	0.00	0.00	2000
228	11.12	2052	2093	0.00	194	0	0	0	nan	0.00	0.00	4.51	84.08	88.88	0.00	43	0	43	0.00	0.00	65.15	7.94	0.00	0.00	2000
228	11.24	2021	2107	0.00	195	0	0	0	nan	0.00	0.00	4.83	84.26	88.76	0.00	43	0	43	0.00	0.00	65.18	7.76	0.00	0.00	2000
229	11.05	2079	2096	0.00	196	0	0	0	nan	0.00	0.00	4.89	84.01	88.95	0.00	43	0	43	0.00	0.00	65.55	7.86	0.00	0.00	2000
230	11.25	2048	2098	0.00	194	0	0	0	nan	0.00	0.00	4.49	84.31	88.75	0.00	43	0	43	0.00	0.00	64.82	7.91	0.00	0.00	2000
227	11.24	2032	2087	0.00	194	0	0	0	90.30	0.00	0.00	4.72	83.58	88.76	0.00	43	0	43	0.00	0.00	64.81	7.88	0.00	0.00	2000
230	11.02	2067	2119	1.69	197	0	0	12	23.72	0.00	0.00	5.90	83.96	88.98	0.00	43	0	43	0.00	0.00	65.42	7.97	0.00	0.00	2000
227	10.87	2096	2094	0.05	195	0	0	0	nan	0.00	0.00	4.53	84.44	89.13	0.00	43	0	43	0.00	0.00	65.08	7.84	0.00	0.00	2000
231	11.04	2097	2095	0.00	195	0	0	0	nan	0.00	0.00	5.01	83.74	88.96	0.00	43	0	43	0.00	0.00	65.57	8.04	0.00	0.00	2000
227	11.06	2050	2100	0.00	194	0	0	0	nan	0.00	0.00	4.70	84.31	88.94	0.00	43	0	43	0.00	0.00	65.36	7.98	0.00	0.00	2000
229	10.97	2078	2108	0.00	195	0	0	0	nan	0.00	0.00	5.22	84.25	89.03	0.00	43	0	43	0.00	0.00	65.16	7.96	0.00	0.00	2000
228	11.11	2053	2097	0.00	194	0	0	0	nan	0.00	0.00	4.72	84.08	88.89	0.00	42	0	43	0.00	0.00	65.07	7.91	0.00	0.00	2000
228	11.34	2008	2101	0.00	194	0	0	0	nan	0.00	0.00	4.74	84.04	88.66	0.00	42	0	43	0.00	0.00	64.98	8.16	0.00	0.00	2000
230	11.05	2066	2112	0.00	193	0	0	0	nan	0.00	0.00	4.48	85.00	88.95	0.00	43	0	43	0.00	0.00	65.13	7.82	0.00	0.00	2000
228	11.19	2056	2081	0.00	196	0	0	0	nan	0.00	0.00	4.30	83.82	88.81	0.00	43	0	43	0.00	0.00	65.34	7.96	0.00	0.00	2000
227	11.00	2045	2123	0.00	194	0	0	0	nan	0.00	0.00	4.82	85.20	89.00	0.00	42	0	43	0.00	0.00	66.18	8.10	0.00	0.00	2000
229	11.18	2066	2084	0.00	181	0	0	0	nan	0.00	0.00	4.04	84.14	88.82	0.00	43	0	43	0.00	0.00	62.14	7.31	0.00	0.00	2000
227	10.88	2100	2087	0.00	212	0	0	0	nan	0.00	0.00	4.00	84.65	89.12	0.00	43	0	43	0.00	0.00	65.24	7.86	0.00	0.00	2000
228	11.29	2000	2121	0.00	195	0	0	0	nan	0.00	0.00	6.07	83.71	88.71	0.00	43	0	43	0.00	0.00	67.45	7.88	0.00	0.00	2000
229	11.11	2067	2093	0.00	196	0	0	0	nan	0.00	0.00	4.29	84.40	88.89	0.00	43	0	43	0.00	0.00	65.21	7.76	0.00	0.00	2000
227	11.10	2043	2106	0.00	194	0	0	0	nan	0.00	0.00	4.58	84.57	88.90	0.00	43	0	43	0.00	0.00	62.24	7.48	0.00	0.00	2000
228	10.84	2113	2091	0.00	194	0	0	0	nan	0.00	0.00	4.05	84.80	89.16	0.00	43	0	43	0.00	0.00	65.40	7.91	0.00	0.00	2000
228	11.03	2065	2102	0.00	195	0	0	0	nan	0.00	0.00	5.41	83.75	88.97	0.00	43	0	43	0.00	0.00	67.55	8.22	0.00	0.00	2000
228	11.18	2055	2088	1.29	195	0	0	11	12.43	0.00	0.00	4.44	83.92	88.82	0.00	43	0	43	0.00	0.00	64.95	7.45	0.00	0.00	2000
231	10.83	2125	2108	0.44	194	0	0	0	nan	0.00	0.00	5.02	84.55	89.17	0.00	43	0	43	0.00	0.00	65.38	8.16	0.00	0.00	2000
228	11.05	2069	2092	0.00	194	0	0	0	nan	0.00	0.00	5.04	83.62	88.95	0.00	43	0	43	0.00	0.00	62.62	7.51	0.00	0.00	2000
228	11.13	2035	2112	0.00	195	0	0	0	nan	0.00	0.00	5.91	83.55	88.87	0.00	43	0	43	0.00	0.00	67.82	8.24	0.00	0.00	2000
227	11.12	2047	2098	0.00	194	0	0	0	nan	0.00	0.00	4.87	84.01	88.88	0.00	43	0	43	0.00	0.00	64.99	7.74	0.00	0.00	2000
228	11.17	2031	2107	0.00	194	0	0	0	nan	0.00	0.00	5.00	84.22	88.83	0.00	43	0	43	0.00	0.00	65.00	7.75	0.00	0.00	2000
229	10.98	2085	2102	0.00	195	0	0	0	nan	0.00	0.00	4.61	84.61	89.02	0.00	43	0	43	0.00	0.00	64.87	7.41	0.00	0.00	2000
229	11.22	2047	2097	0.00	194	0	0	0	nan	0.00	0.00	4.32	84.41	88.78	0.00	43	0	43	0.00	0.00	65.24	8.30	0.00	0.00	2000
228	11.22	2044	2084	0.00	196	0	0	0	nan	0.00	0.02	5.07	83.07	88.78	0.00	43	0	43	0.00	0.00	62.72	7.55	0.00	0.00	2000
229	11.13	2038	2119	0.00	194	0	0	0	nan	0.00	0.00	5.44	84.35	88.87	0.00	43	0	43	0.00	0.00	64.47	7.90	0.00	0.00	2000
227	10.97	2076	2096	0.00	195	0	0	0	nan	0.00	0.02	4.50	84.45	89.03	0.00	43	0	43	0.00	0.00	64.93	7.85	0.00	0.00	2000
230	10.82	2136	2093	0.00	195	0	0	0	nan	0.00	0.00	4.67	84.25	89.18	0.00	42	0	43	0.00	0.00	65.36	7.92	0.00	0.00	2000
227	11.10	2046	2103	0.00	195	0	0	0	nan	0.00	0.00	5.12	84.06	88.90	0.00	43	0	43	0.00	0.00	65.09	7.94	0.00	0.00	2000
230	11.13	2046	2119	0.00	194	0	0	0	nan	0.00	0.00	5.61	84.11	88.87	0.00	43	0	43	0.00	0.00	65.29	7.94	0.00	0.00	2000
228	11.30	2039	2083	0.00	213	0	0	0	nan	0.00	0.01	6.60	81.49	88.70	0.00	42	0	43	0.00	0.00	64.63	8.07	0.00	0.00	2000
230	11.11	2066	2105	0.00	194	0	0	0	nan	0.00	0.00	4.85	84.36	88.89	0.00	43	0	43	0.00	0.00	65.34	7.87	0.00	0.00	2000
228	11.01	2084	2087	0.00	195	0	0	0	nan	0.00	0.00	4.72	83.78	88.99	0.00	43	0	43	0.00	0.00	64.99	7.89	0.00	0.00	2000
230	11.29	2036	2106	0.89	195	0	0	11	15.71	0.00	0.00	5.20	83.85	88.71	0.00	42	0	43	0.00	0.00	65.09	8.03	0.00	0.00	2000
228	11.10	2053	2105	0.84	194	0	0	1	91.12	0.00	0.00	4.92	84.30	88.90	0.00	42	0	42	0.00	0.00	64.65	7.60	0.00	0.00	2000
228	10.88	2098	2101	0.00	194	0	0	0	nan	0.00	0.00	4.68	84.58	89.12	0.00	43	0	43	0.00	0.00	62.44	7.72	0.00	0.00	2000
227	10.91	2084	2099	0.00	195	0	0	0	nan	0.00	0.00	4.64	84.46	89.09	0.00	43	0	43	0.00	0.00	64.81	7.90	0.00	0.00	2000
228	11.00	2080	2095	0.00	195	0	0	0	nan	0.00	0.00	4.71	84.15	89.00	0.00	42	0	43	0.00	0.00	65.32	7.92	0.00	0.00	2000
229	11.07	2060	2107	0.00	196	0	0	0	nan	0.00	0.00	4.21	85.14	88.93	0.00	42	0	43	0.00	0.00	65.17	7.83	0.00	0.00	2000
229	10.98	2081	2100	0.00	194	0	0	0	nan	0.00	0.00	4.22	84.95	89.02	0.00	42	0	42	0.00	0.00	65.22	7.82	0.00	0.00	2000
228	11.15	2062	2084	0.00	195	0	0	0	nan	0.00	0.00	4.37	83.88	88.85	0.00	43	0	43	0.00	0.00	65.16	7.82	0.00	0.00	2000
228	10.92	2078	2113	0.00	193	0	0	0	nan	0.00	0.00	5.51	84.15	89.08	0.00	43	0	43	0.00	0.00	62.56	7.79	0.00	0.00	2000
227	11.08	2051	2100	0.00	194	0	0	0	nan	0.00	0.00	4.95	84.09	88.92	0.00	42	0	43	0.00	0.00	67.57	7.78	0.00	0.00	2000
231	11.22	2050	2107	0.00	195	0	0	0	nan	0.00	0.00	4.96	84.21	88.78	0.00	43	0	43	0.00	0.00	65.23	7.88	0.00	0.00	2000
233	11.39	2047	2098	0.00	196	0	0	0	nan	0.00	0.00	4.59	84.01	88.61	0.00	43	0	43	0.00	0.00	65.69	7.77	0.00	0.00	2000
229	11.03	2077	2099	0.00	195	0	0	0	nan	0.00	0.00	4.48	84.44	88.97	0.00	43	0	43	0.00	0.00	65.42	7.90	0.00	0.00	2000
228	11.10	2068	2087	0.00	194	0	0	0	nan	0.00	0.00	4.42	84.00	88.90	0.00	42	0	43	0.00	0.00	64.92	7.70	0.00	0.00	2000
228	11.19	2023	2118	0.00	194	0	0	0	nan	0.00	0.00	4.66	85.02	88.81	0.00	43	0	43	0.00	0.00	65.02	7.82	0.00	0.00	2000
231	11.10	2101	2077	0.00	195	0	0	0	nan	0.00	0.00	4.21	83.79	88.90	0.00	42	0	43	0.00	0.00	64.96	7.76	0.00	0.00	2000
229	10.75	2111	2121	0.00	195	0	0	0	nan	0.00	0.00	5.95	84.34	89.25	0.00	42	0	43	0.00	0.00	65.33	7.77	0.00	0.00	2000
228	10.88	2108	2089	0.42	196	0	0	9	22.21	0.00	0.02	4.56	84.17	89.12	0.00	43	0	43	0.00	0.00	64.83	7.80	0.00	0.00	2000
230	11.17	2050	2106	1.24	195	0	0	4	42.34	0.00	0.00	4.69	84.54	88.83	0.00	43	0	43	0.00	0.00	65.54	7.84	0.00	0.00	2000
228	11.22	2043	2085	0.00	194	0	0	0	nan	0.00	0.00	4.70	83.52	88.78	0.00	43	0	43	0.00	0.00	65.04	7.81	0.00	0.00	2000
231	11.32	2028	2113	0.00	195	0	0	0	nan	0.00	0.00	5.85	83.47	88.68	0.00	42	0	43	0.00	0.00	65.48	7.83	0.00	0.00	2000
228	11.10	2066	2086	0.00	194	0	0	0	nan	0.00	0.00	4.87	83.50	88.90	0.00	43	0	43	0.00	0.00	65.30	7.64	0.00	0.00	2000
229	10.82	2096	2116	0.00	194	0	0	0	nan	0.00	0.00	5.52	84.45	89.18	0.00	43	0	43	0.00	0.00	65.05	7.94	0.00	0.00	2000
227	11.18	2031	2099	0.00	194	0	0	0	nan	0.00	0.00	4.68	84.22	88.82	0.00	43	0	43	0.00	0.00	65.30	7.73	0.00	0.00	2000
229	11.45	2000	2100	0.00	196	0	0	0	nan	0.00	0.00	4.56	84.14	88.55	0.00	43	0	43	0.00	0.00	64.78	7.76	0.00	0.00	2000
227	11.05	2055	2099	0.00	194	0	0	0	nan	0.00	0.00	4.27	84.72	88.95	0.00	43	0	43	0.00	0.00	65.17	7.74	0.00	0.00	2000
230	11.07	2074	2106	0.00	195	0	0	0	nan	0.00	0.00	4.57	84.67	88.93	0.00	43	0	43	0.00	0.00	65.62	7.74	0.00	0.00	2000
228	10.86	2092	2103	0.00	194	0	0	0	nan	0.00	0.02	4.38	84.94	89.14	0.00	43	0	43	0.00	0.00	65.80	8.02	0.00	0.00	2000
231	11.29	2060	2090	0.00	191	0	0	0	nan	0.00	0.00	4.58	83.75	88.71	0.00	43	0	43	0.00	0.00	64.88	7.71	0.00	0.00	2000
228	11.10	2065	2089	0.00	200	0	0	0	nan	0.00	0.00	3.91	84.60	88.90	0.00	43	0	43	0.00	0.00	65.46	7.73	0.00	0.00	2000
228	11.10	2039	2120	0.00	194	0	0	0	nan	0.00	0.00	5.12	84.72	88.90	0.00	42	0	43	0.00	0.00	65.35	7.71	0.00	0.00	2000
231	11.20	2079	2082	0.00	194	0	0	0	nan	0.00	0.00	4.07	84.05	88.80	0.00	43	0	43	0.00	0.00	65.39	7.89	0.00	0.00	2000
229	11.01	2064	2112	0.00	195	0	0	0	nan	0.00	0.00	5.52	84.03	88.99	0.00	43	0	43	0.00	0.00	65.53	7.89	0.00	0.00	2000
227	11.11	2044	2098	0.00	194	0	0	0	nan	0.00	0.00	4.67	84.30	88.89	0.00	43	0	43	0.00	0.00	65.45	7.83	0.00	0.00	2000
228	11.17	2036	2106	0.00	195	0	0	6	27.19	0.00	0.00	4.33	84.79	88.83	0.00	43	0	43	0.00	0.00	65.60	7.70	0.00	0.00	2000
228	11.01	2089	2082	1.61	195	0	0	7	34.02	0.00	0.00	4.47	83.72	88.99	0.00	43	0	43	0.00	0.00	65.64	7.66	0.00	0.00	2000
231	10.94	2103	2107	0.00	195	0	0	0	nan	0.00	0.00	6.13	83.21	89.06	0.00	42	0	43	0.00	0.00	65.75	7.89	0.00	0.00	2000
228	11.02	2059	2113	0.00	196	0	0	0	nan	0.00	0.00	6.07	83.55	88.98	0.00	43	0	43	0.00	0.00	65.77	7.80	0.00	0.00	2000
228	11.12	2066	2086	0.00	198	0	0	0	nan	0.00	0.00	4.38	83.94	88.88	0.00	43	0	43	0.00	0.00	64.90	7.76	0.00	0.00	2000
231	11.09	2071	2114	0.00	210	0	0	0	nan	0.00	0.00	8.16	81.46	88.91	0.00	43	0	43	0.00	0.00	65.36	7.70	0.00	0.00	2000
228	10.94	2083	2105	0.00	194	0	0	0	nan	0.00	0.00	4.35	85.03	89.06	0.00	43	0	43	0.00	0.00	65.80	8.02	0.00	0.00	2000
229	11.20	2077	2072	0.00	181	0	0	0	nan	0.00	0.00	3.57	84.12	88.80	0.00	43	0	43	0.00	0.00	64.48	7.69	0.00	0.00	2000
228	11.13	2031	2118	0.00	210	0	0	0	nan	0.00	0.00	5.13	84.71	88.87	0.00	43	0	43	0.00	0.00	65.43	7.78	0.00	0.00	2000
228	11.01	2070	2100	0.00	193	0	0	0	nan	0.00	0.00	4.33	84.72	89.00	0.00	43	0	43	0.00	0.00	64.82	7.86	0.00	0.00	2000
235	11.50	2040	2101	0.00	194	0	0	0	nan	0.00	0.00	4.90	83.55	88.50	0.00	43	0	43	0.00	0.00	65.58	7.89	0.00	0.00	2000
228	10.79	2097	2118	0.00	195	0	0	0	nan	0.00	0.00	4.92	85.08	89.21	0.00	42	0	43	0.00	0.00	67.42	8.08	0.00	0.00	2000
228	11.07	2095	2063	0.00	178	0	0	0	nan	0.00	0.02	3.63	83.83	88.93	0.00	42	0	43	0.00	0.00	60.85	7.17	0.00	0.00	2000
229	11.17	2036	2110	0.00	211	0	0	0	nan	0.00	0.00	5.52	83.89	88.83	0.00	42	0	43	0.00	0.00	67.72	8.15	0.00	0.00	2000
230	11.08	2077	2102	0.00	194	0	0	0	nan	0.00	0.00	4.82	84.25	88.92	0.00	43	0	43	0.00	0.00	65.07	7.94	0.00	0.00	2000
229	10.85	2097	2115	0.00	195	0	0	0	nan	0.00	0.01	5.64	84.25	89.15	0.00	43	0	43	0.00	0.00	66.60	7.89	0.00	0.00	2000
229	11.13	2070	2089	0.00	181	0	0	0	nan	0.00	0.02	4.69	83.72	88.87	0.00	42	0	43	0.00	0.00	63.95	7.61	0.00	0.00	2000
227	11.05	2056	2097	0.00	211	0	0	4	30.69	0.00	0.00	4.02	84.96	88.95	0.00	43	0	43	0.00	0.00	64.58	7.79	0.00	0.00	2000
231	11.03	2083	2109	1.63	195	0	0	10	25.92	0.00	0.00	4.61	84.83	88.97	0.00	43	0	43	0.00	0.00	65.58	7.87	0.00	0.00	2000
228	10.82	2112	2098	0.00	195	0	0	0	nan	0.00	0.00	4.24	84.84	89.18	0.00	42	0	43	0.00	0.00	64.57	7.85	0.00	0.00	2000
228	11.02	2079	2092	0.00	194	0	0	0	nan	0.00	0.00	4.36	84.38	88.98	0.00	43	0	43	0.00	0.00	64.91	7.91	0.00	0.00	2000
227	11.11	2036	2104	0.00	194	0	0	0	nan	0.00	0.00	4.83	84.28	88.89	0.00	43	0	43	0.00	0.00	64.64	7.82	0.00	0.00	2000
229	11.03	2083	2094	0.00	194	0	0	0	nan	0.00	0.00	4.91	83.81	88.97	0.00	43	0	43	0.00	0.00	65.76	7.82	0.00	0.00	2000
229	11.07	2062	2110	0.00	196	0	0	0	nan	0.00	0.01	5.56	83.94	88.94	0.00	42	0	43	0.00	0.00	65.37	7.88	0.00	0.00	2000
229	10.86	2101	2105	0.00	197	0	0	0	nan	0.00	0.03	5.07	84.39	89.14	0.00	43	0	43	0.00	0.00	64.87	7.92	0.00	0.00	2000
229	10.82	2136	2079	0.00	196	0	0	0	nan	0.00	0.00	4.54	83.67	89.18	0.00	42	0	42	0.00	0.00	62.84	7.19	0.00	0.00	2000
228	11.15	2041	2108	0.00	194	0	0	0	nan	0.00	0.00	5.46	83.82	88.85	0.00	43	0	43	0.00	0.00	67.52	8.07	0.00	0.00	2000
228	11.15	2041	2102	0.00	194	0	0	0	nan	0.00	0.00	5.10	83.90	88.85	0.00	43	0	43	0.00	0.00	62.45	7.50	0.00	0.00	2000
230	11.21	2032	2121	0.00	196	0	0	0	nan	0.00	0.01	5.40	84.42	88.79	0.00	43	0	43	0.00	0.00	66.46	8.00	0.00	0.00	2000
227	11.10	2084	2059	0.00	178	0	0	0	nan	0.00	0.02	3.15	83.99	88.90	0.00	43	0	43	0.00	0.00	63.54	7.64	0.00	0.00	2000
228	11.07	2032	2130	0.00	210	0	0	0	nan	0.00	0.00	4.30	86.03	88.93	0.00	43	0	43	0.00	0.00	67.70	8.04	0.00	0.00	2000
229	11.14	2065	2094	0.00	194	0	0	0	nan	0.00	0.00	4.47	84.24	88.86	0.00	42	0	43	0.00	0.00	64.93	7.79	0.00	0.00	2000
229	11.21	2037	2102	0.00	195	0	0	0	nan	0.00	0.00	4.55	84.36	88.79	0.00	43	0	43	0.00	0.00	65.19	7.70	0.00	0.00	2000
229	11.07	2074	2094	0.00	193	0	0	0	nan	0.00	0.00	4.46	84.24	88.93	0.00	43	0	43	0.00	0.00	64.72	7.44	0.00	0.00	2000
228	10.91	2092	2099	0.00	195	0	0	0	92.62	0.00	0.00	5.05	84.11	89.09	0.00	43	0	43	0.00	0.00	62.39	7.84	0.00	0.00	2000
228	11.00	2080	2092	1.69	194	0	0	12	18.65	0.00	0.00	5.20	83.45	89.00	0.00	43	0	43	0.00	0.00	64.61	7.82	0.00	0.00	2000
229	10.85	2103	2108	0.05	195	0	0	0	nan	0.00	0.00	5.54	84.05	89.15	0.00	43	0	43	0.00	0.00	65.27	7.80	0.00	0.00	2000
227	10.85	2086	2110	0.00	194	0	0	0	nan	0.00	0.00	4.76	84.82	89.15	0.00	43	0	43	0.00	0.00	65.46	7.84	0.00	0.00	2000
228	11.12	2049	2102	0.00	194	0	0	0	nan	0.00	0.00	4.59	84.48	88.88	0.00	43	0	43	0.00	0.00	67.01	8.02	0.00	0.00	2000
229	11.14	2059	2100	0.00	196	0	0	0	nan	0.00	0.00	4.35	84.62	88.86	0.00	43	0	43	0.00	0.00	62.38	7.48	0.00	0.00	2000
229	11.13	2070	2089	0.00	195	0	0	0	nan	0.00	0.00	4.82	83.66	88.87	0.00	43	0	43	0.00	0.00	65.13	8.02	0.00	0.00	2000
228	10.91	2084	2104	0.00	194	0	0	0	nan	0.00	0.00	5.09	84.21	89.09	0.00	43	0	43	0.00	0.00	65.52	7.80	0.00	0.00	2000
228	11.03	2075	2096	0.00	194	0	0	0	nan	0.00	0.00	4.52	84.40	88.97	0.00	43	0	43	0.00	0.00	64.86	7.73	0.00	0.00	2000
227	10.88	2091	2098	0.00	194	0	0	0	nan	0.00	0.00	4.74	84.39	89.12	0.00	43	0	43	0.00	0.00	65.29	7.88	0.00	0.00	2000
231	11.61	1989	2103	0.00	197	0	0	0	nan	0.00	0.00	5.70	82.90	88.39	0.00	42	0	43	0.00	0.00	65.21	7.83	0.00	0.00	2000
228	10.82	2105	2101	0.00	194	0	0	0	nan	0.00	0.00	4.36	84.97	89.18	0.00	42	0	43	0.00	0.00	65.23	7.86	0.00	0.00	2000
229	11.19	2046	2097	0.00	194	0	0	0	nan	0.00	0.00	4.90	83.81	88.81	0.00	43	0	43	0.00	0.00	64.71	7.74	0.00	0.00	2000
227	10.97	2060	2109	0.00	194	0	0	0	nan	0.00	0.00	5.13	84.42	89.03	0.00	43	0	43	0.00	0.00	65.36	7.84	0.00	0.00	2000
226	11.27	2067	2033	0.00	195	0	0	0	nan	0.00	0.00	4.19	81.76	88.73	0.00	43	0	43	0.00	0.00	62.49	7.41	0.00	0.00	2000
231	11.17	2002	2174	0.00	211	0	0	0	nan	0.00	0.00	4.21	87.85	88.83	0.00	42	0	43	0.00	0.00	67.96	8.02	0.00	0.00	2000
228	11.09	2060	2098	0.00	194	0	0	0	nan	0.00	0.00	4.10	84.88	88.91	0.00	42	0	43	0.00	0.00	64.49	7.87	0.00	0.00	2000
227	11.23	2037	2084	0.00	194	0	0	0	nan	0.00	0.00	4.27	83.91	88.78	0.00	43	0	43	0.00	0.00	64.82	7.74	0.00	0.00	2000
229	11.37	2003	2110	1.49	194	0	0	11	16.38	0.00	0.03	5.66	83.53	88.63	0.00	43	0	43	0.00	0.00	65.43	7.72	0.00	0.00	2000
228	11.19	2015	2124	0.24	196	0	0	0	nan	0.00	0.00	5.87	84.16	88.81	0.00	43	0	43	0.00	0.00	64.45	7.73	0.00	0.00	2000
230	10.74	2179	2068	0.00	180	0	0	0	nan	0.00	0.00	2.95	85.03	89.26	0.00	42	0	43	0.00	0.00	64.52	7.37	0.00	0.00	2000
227	11.22	2006	2120	0.00	195	0	0	0	nan	0.00	0.01	2.58	87.22	88.78	0.00	42	0	43	0.00	0.00	64.70	7.36	0.00	0.00	2000
229	11.20	2035	2109	0.00	194	0	0	0	nan	0.00	0.00	3.24	85.98	88.80	0.00	42	0	43	0.00	0.00	65.55	7.47	0.00	0.00	2000
230	11.36	2016	2107	0.00	195	0	0	0	nan	0.00	0.01	3.06	86.03	88.64	0.00	41	0	43	0.00	0.00	66.76	7.54	0.00	0.00	2000
228	11.15	2113	2029	0.00	194	0	0	0	nan	0.00	0.00	2.28	83.68	88.85	0.00	42	0	43	0.00	0.00	65.31	8.27	0.00	0.00	2000
231	11.23	2005	2152	0.00	211	0	0	0	nan	0.00	0.00	3.94	87.12	88.77	0.00	42	0	43	0.00	0.00	66.27	8.70	0.00	0.00	2000
234	11.64	2009	2103	0.00	196	0	0	0	nan	0.00	0.00	5.13	83.46	88.36	0.00	42	0	43	0.00	0.00	67.18	8.85	0.00	0.00	2000
228	11.27	2022	2100	0.00	196	0	0	0	nan	0.00	0.00	4.58	84.28	88.73	0.00	42	0	43	0.00	0.00	66.40	8.63	0.00	0.00	2000
228	11.19	2050	2092	0.00	194	0	0	0	nan	0.00	0.00	4.40	84.15	88.81	0.00	42	0	43	0.00	0.00	66.28	8.93	0.00	0.00	2000
228	11.15	2036	2104	0.00	194	0	0	0	nan	0.00	0.00	5.00	84.19	88.85	0.00	42	0	43	0.00	0.00	63.85	8.36	0.00	0.00	2000
232	11.30	2054	2097	0.00	195	0	0	0	nan	0.00	0.00	5.01	83.59	88.70	0.00	42	0	43	0.00	0.00	69.97	8.84	0.00	0.00	2000
229	10.86	2118	2094	0.00	199	0	0	0	nan	0.00	0.00	6.35	82.60	89.14	0.00	42	0	43	0.00	0.00	64.35	8.63	0.00	0.00	2000
229	11.26	2026	2109	0.00	195	0	0	0	nan	0.00	0.00	5.44	83.79	88.74	0.00	42	0	43	0.00	0.00	66.76	8.62	0.00	0.00	2000
228	11.26	2021	2100	0.00	194	0	0	0	nan	0.00	0.00	4.43	84.39	88.74	0.00	42	0	43	0.00	0.00	66.95	8.83	0.00	0.00	2000
229	10.94	2080	2117	0.00	194	0	0	0	nan	0.00	0.00	4.45	85.42	89.06	0.00	42	0	43	0.00	0.00	66.77	8.68	0.00	0.00	2000
230	11.42	2030	2082	0.78	194	0	0	35	8.23	0.00	0.03	3.89	84.05	88.58	0.00	42	0	43	0.00	0.00	66.49	8.87	0.00	0.00	2000
230	11.30	2030	2105	0.46	196	0	0	0	nan	0.00	0.00	4.48	84.55	88.70	0.00	42	0	42	0.00	0.00	66.54	8.86	0.00	0.00	2000
228	11.09	2060	2098	0.00	194	0	0	0	nan	0.00	0.00	4.66	84.21	88.91	0.00	42	0	43	0.00	0.00	66.69	8.90	0.00	0.00	2000
228	11.26	2023	2106	0.00	194	0	0	0	nan	0.00	0.00	4.58	84.48	88.74	0.00	42	0	43	0.00	0.00	66.23	8.93	0.00	0.00	2000
228	11.10	2076	2081	0.00	194	0	0	0	nan	0.00	0.00	4.37	83.79	88.90	0.00	42	0	43	0.00	0.00	66.59	8.81	0.00	0.00	2000
229	10.85	2097	2117	0.00	194	0	0	0	nan	0.00	0.00	5.46	84.55	89.15	0.00	42	0	43	0.00	0.00	65.43	8.11	0.00	0.00	2000
230	11.14	2054	2108	0.00	195	0	0	0	nan	0.00	0.01	4.77	84.46	88.86	0.00	42	0	43	0.00	0.00	65.93	7.74	0.00	0.00	2000
229	11.27	2058	2073	0.00	178	0	0	0	nan	0.00	0.02	3.46	84.21	88.73	0.00	42	0	43	0.00	0.00	63.63	7.51	0.00	0.00	2000
227	10.84	2091	2102	0.00	211	0	0	0	nan	0.00	0.00	5.03	84.22	89.16	0.00	42	0	43	0.00	0.00	64.38	7.50	0.00	0.00	2000
230	10.88	2103	2110	0.00	195	0	0	0	nan	0.00	0.00	5.06	84.55	89.12	0.00	41	0	42	0.00	0.00	64.39	7.93	0.00	0.00	2000
228	10.89	2093	2102	0.00	194	0	0	0	nan	0.00	0.00	4.57	84.73	89.11	0.00	41	0	43	0.00	0.00	64.28	7.77	0.00	0.00	2000
231	11.28	2053	2096	0.00	194	0	0	0	nan	0.00	0.00	4.28	84.36	88.72	0.00	41	0	43	0.00	0.00	63.93	7.72	0.00	0.00	2000
223	10.47	2109	2121	0.00	202	0	0	0	nan	0.00	0.00	5.60	84.87	89.53	0.00	40	0	43	0.00	0.00	66.77	7.94	0.00	0.00	2000
165	9.56	1737	2086	0.00	222	0	0	0	nan	0.00	0.00	7.02	82.88	90.44	0.00	39	0	43	0.00	0.00	60.63	7.24	0.00	0.00	2000
82	7.19	1131	2103	0.00	209	0	0	0	nan	0.00	0.00	4.36	88.49	92.81	0.00	38	0	42	0.00	0.00	59.22	7.47	0.00	0.00	2000
74	6.68	1100	2109	0.00	193	0	0	0	nan	0.00	0.00	3.93	89.87	93.32	0.00	38	0	43	0.00	0.00	58.31	7.41	0.00	0.00	2000
74	6.55	1122	2105	0.00	180	0	0	0	nan	0.00	0.00	4.20	89.53	93.45	0.00	38	0	43	0.00	0.00	60.39	7.79	0.00	0.00	2000
103	7.97	1304	2088	0.00	97	0	0	2	87.55	0.02	0.00	10.67	80.88	92.03	0.00	38	0	43	0.00	0.00	55.18	6.97	0.00	0.00	2000
