Avg_MHz	Busy%	Bzy_MHz	TSC_MHz	IPC	IRQ	NMI	SMI	LLCMRPS	LLC%hit	POLL%	C1%	C1E%	C6%	CPU%c1	CPU%c6	CoreTmp	CoreThr	PkgTmp	Pkg%pc2	Pkg%pc6	PkgWatt	RAMWatt	PKG_%	RAM_%	UncMHz
257	15.02	1730	2079	0.00	223	0	0	0	nan	0.00	0.02	27.64	56.53	84.98	0.00	36	0	42	0.00	0.00	57.12	7.06	0.00	0.00	2000
364	16.10	2174	2183	0.00	220	0	0	0	nan	0.02	1.97	19.84	65.73	83.90	0.00	36	0	42	0.00	0.00	73.87	8.06	0.00	0.00	2000
76	7.30	1035	2125	0.00	210	0	0	0	nan	0.00	0.02	9.57	84.40	92.70	0.00	36	0	42	0.00	0.00	60.33	7.63	0.00	0.00	2000
73	7.00	1037	2098	0.00	193	0	0	0	nan	0.00	0.01	3.02	89.96	93.00	0.00	36	0	42	0.00	0.00	59.15	7.54	0.00	0.00	2000
73	7.02	1047	2072	0.00	193	0	0	0	nan	0.00	0.02	2.32	89.57	92.98	0.00	36	0	42	0.00	0.00	56.60	7.15	0.00	0.00	2000
71	7.16	992	2106	0.00	196	0	0	0	nan	0.00	0.03	3.09	90.25	92.84	0.00	36	0	41	0.00	0.00	60.51	7.75	0.00	0.00	2000
73	7.23	990	2129	0.00	211	0	0	0	nan	0.00	0.00	3.79	90.42	92.77	0.00	36	0	42	0.00	0.00	57.42	7.48	0.00	0.00	2000
72	6.68	1072	2098	0.00	193	0	0	0	nan	0.00	0.00	3.42	89.96	93.32	0.00	36	0	42	0.00	0.00	59.18	7.54	0.00	0.00	2000
72	6.83	1057	2097	0.00	193	0	0	0	nan	0.00	0.00	3.45	89.79	93.17	0.00	36	0	41	0.00	0.00	58.57	7.52	0.00	0.00	2000
73	6.86	1066	2098	0.00	193	0	0	0	nan	0.00	0.00	3.93	89.29	93.14	0.00	36	0	42	0.00	0.00	59.19	7.46	0.00	0.00	2000
73	7.12	1019	2099	0.00	195	0	0	0	nan	0.00	0.00	3.61	89.37	92.88	0.00	36	0	41	0.00	0.00	57.90	7.45	0.00	0.00	2000
72	6.88	1044	2108	0.00	193	0	0	0	nan	0.00	0.00	4.09	89.58	93.12	0.00	36	0	41	0.00	0.00	58.47	7.33	0.00	0.00	2000
73	6.79	1077	2100	0.00	193	0	0	0	nan	0.00	0.00	3.81	89.54	93.21	0.00	36	0	42	0.00	0.00	58.56	7.33	0.00	0.00	2000
72	7.01	1039	2086	0.00	197	0	0	0	nan	0.00	0.00	4.98	87.58	92.99	0.00	36	0	42	0.00	0.00	59.31	7.67	0.00	0.00	2000
73	7.07	1024	2112	0.00	194	0	0	0	nan	0.00	0.00	4.06	89.53	92.93	0.00	36	0	42	0.00	0.00	57.46	7.54	0.00	0.00	2000
71	6.78	1050	2099	0.00	193	0	0	1	88.17	0.01	0.00	3.17	90.05	93.22	0.00	36	0	42	0.00	0.00	56.25	7.67	0.00	0.00	2000
73	6.95	1047	2101	0.29	193	0	0	1	88.02	0.00	0.00	3.04	90.00	93.05	0.00	36	0	42	0.00	0.00	62.68	7.63	0.00	0.00	2000
72	7.34	976	2101	0.00	194	0	0	0	nan	0.00	0.00	2.76	90.14	92.66	0.00	37	0	42	0.00	0.00	58.70	7.42	0.00	0.00	2000
160	9.93	1657	2041	0.00	209	0	0	0	nan	0.00	0.05	8.02	79.50	90.07	0.00	37	0	41	0.00	0.00	60.73	7.45	0.00	0.00	2000
232	10.84	2088	2153	0.00	215	0	0	0	nan	0.00	0.00	5.76	85.82	89.16	0.00	38	0	42	0.00	0.00	64.98	7.40	0.00	0.00	2000
226	10.93	2100	2066	0.00	198	0	0	0	nan	0.00	0.00	5.64	82.14	89.07	0.00	38	0	42	0.00	0.00	64.55	7.38	0.00	0.00	2000
238	11.14	2097	2138	0.00	203	0	0	0	nan	0.00	0.00	5.47	84.99	88.86	0.00	38	0	42	0.00	0.00	66.17	7.64	0.00	0.00	2000
228	11.07	2062	2102	0.00	196	0	0	0	nan	0.00	0.02	4.92	84.19	88.93	0.00	38	0	41	0.00	0.00	65.33	7.55	0.00	0.00	2000
230	11.21	2057	2095	0.00	199	0	0	0	nan	0.00	0.04	5.66	83.06	88.79	0.00	38	0	41	0.00	0.00	66.61	7.81	0.00	0.00	2000
230	11.14	2066	2100	0.00	198	0	0	0	nan	0.00	0.01	4.60	84.41	88.86	0.00	38	0	42	0.00	0.00	65.36	7.59	0.00	0.00	2000
232	11.33	2048	2101	0.00	198	0	0	0	nan	0.01	0.02	4.05	84.68	88.67	0.00	37	0	42	0.00	0.00	65.35	7.49	0.00	0.00	2000
234	11.77	1985	2101	0.00	204	0	0	0	nan	0.00	0.01	6.33	82.04	88.23	0.00	37	0	42	0.00	0.00	65.46	7.85	0.00	0.00	2000
228	11.07	2085	2079	0.00	198	0	0	0	nan	0.00	0.00	6.19	82.00	88.93	0.00	37	0	41	0.00	0.00	63.89	7.41	0.00	0.00	2000
227	11.14	2035	2101	0.00	196	0	0	0	nan	0.00	0.02	5.78	83.21	88.86	0.00	37	0	42	0.00	0.00	66.20	7.62	0.00	0.00	2000
231	11.08	2080	2108	0.00	198	0	0	0	nan	0.00	0.03	3.52	85.82	88.92	0.00	37	0	42	0.00	0.00	64.91	7.56	0.00	0.00	2000
230	11.39	2037	2085	0.00	214	0	0	0	nan	0.00	0.01	4.17	83.93	88.61	0.00	37	0	42	0.00	0.00	63.80	7.30	0.00	0.00	2000
231	10.87	2099	2128	0.00	204	0	0	0	nan	0.00	0.00	6.69	83.75	89.13	0.00	37	0	42	0.00	0.00	66.61	7.73	0.00	0.00	2000
230	11.08	2078	2102	0.00	200	0	0	2	87.46	0.00	0.00	5.46	83.58	88.92	0.00	37	0	42	0.00	0.00	65.36	7.54	0.00	0.00	2000
240	11.81	2076	2059	0.60	220	0	0	22	74.32	0.00	0.01	9.33	77.28	88.19	0.00	37	0	42	0.00	0.00	63.42	7.34	0.00	0.00	2000
233	10.86	2135	2110	0.00	199	0	0	0	nan	0.00	0.01	5.35	84.26	89.14	0.00	37	0	41	0.00	0.00	65.05	7.38	0.00	0.00	2000
228	11.16	2072	2074	0.00	199	0	0	0	nan	0.00	0.03	5.08	82.73	88.84	0.00	37	0	42	0.00	0.00	57.90	6.67	0.00	0.00	2000
238	11.55	2037	2123	0.00	270	0	0	0	nan	0.00	0.09	3.44	86.13	88.45	0.00	38	0	41	0.00	0.00	74.60	8.92	0.00	0.00	2000
226	11.15	1997	2133	0.00	197	0	0	0	nan	0.00	0.02	3.15	87.24	88.85	0.00	38	0	42	0.00	0.00	68.32	8.28	0.00	0.00	2000
226	11.24	2021	2088	0.00	200	0	0	0	nan	0.00	0.01	4.45	83.99	88.76	0.00	38	0	41	0.00	0.00	64.22	7.62	0.00	0.00	2000
224	11.03	2015	2116	0.00	202	0	0	0	nan	0.00	0.01	6.74	83.06	88.97	0.00	38	0	41	0.00	0.00	65.86	7.93	0.00	0.00	2000
234	11.15	2095	2103	0.00	196	0	0	0	nan	0.00	0.90	6.86	81.41	88.85	0.00	37	0	41	0.00	0.00	67.18	8.09	0.00	0.00	2000
233	11.39	2043	2102	0.00	200	0	0	0	nan	0.00	0.00	7.75	81.17	88.61	0.00	36	0	41	0.00	0.00	64.01	7.66	0.00	0.00	2000
230	11.59	2058	2022	0.00	197	0	0	0	nan	0.00	0.02	5.21	80.13	88.41	0.00	36	0	41	0.00	0.00	63.10	7.68	0.00	0.00	2000
234	11.22	2018	2173	0.00	198	0	0	0	nan	0.00	0.02	4.92	87.16	88.78	0.00	37	0	41	0.00	0.00	68.77	8.41	0.00	0.00	2000
232	11.43	2029	2102	0.00	201	0	0	0	nan	0.00	0.03	6.06	82.71	88.57	0.00	37	0	41	0.00	0.00	64.79	7.65	0.00	0.00	2000
230	11.18	2049	2106	0.00	195	0	0	0	nan	0.00	0.02	7.79	81.50	88.82	0.00	37	0	42	0.00	0.00	64.95	7.31	0.00	0.00	2000
229	11.12	2081	2080	0.00	197	0	0	0	nan	0.00	0.02	6.34	81.89	88.88	0.00	37	0	41	0.00	0.00	64.84	7.47	0.00	0.00	2000
231	11.28	2025	2120	0.00	198	0	0	0	nan	0.00	0.02	6.29	83.51	88.72	0.00	36	0	41	0.00	0.00	63.40	7.78	0.00	0.00	2000
226	11.56	2053	2004	0.00	198	0	0	0	nan	0.00	0.00	5.49	79.11	88.44	0.00	37	0	42	0.00	0.00	62.20	7.47	0.00	0.00	2000
232	11.12	2047	2145	0.00	197	0	0	2	89.55	0.00	0.00	4.89	86.09	88.88	0.00	37	0	42	0.00	0.00	66.88	7.66	0.00	0.00	2000
230	11.26	2013	2131	0.70	208	0	0	3	92.63	0.00	0.12	3.97	86.25	88.74	0.00	37	0	41	0.00	0.00	67.33	7.78	0.00	0.00	2000
230	11.34	2008	2116	0.00	196	0	0	0	nan	0.00	0.00	7.62	81.90	88.66	0.00	37	0	41	0.00	0.00	63.18	7.32	0.00	0.00	2000
229	11.34	2036	2088	0.00	199	0	0	0	nan	0.00	0.03	5.53	82.80	88.66	0.00	37	0	42	0.00	0.00	65.13	7.65	0.00	0.00	2000
231	11.01	2081	2118	0.00	201	0	0	0	nan	0.00	0.01	5.87	84.02	88.99	0.00	37	0	42	0.00	0.00	63.66	7.34	0.00	0.00	2000
230	11.40	2062	2051	0.00	198	0	0	0	nan	0.00	0.02	5.77	80.92	88.60	0.00	37	0	42	0.00	0.00	63.42	7.32	0.00	0.00	2000
230	11.03	2052	2137	0.00	202	0	0	0	nan	0.00	0.01	6.34	84.36	88.97	0.00	37	0	42	0.00	0.00	66.48	7.77	0.00	0.00	2000
228	11.17	2066	2077	0.00	197	0	0	0	nan	0.00	0.02	5.50	82.52	88.83	0.00	37	0	42	0.00	0.00	63.17	7.32	0.00	0.00	2000
228	11.48	2019	2062	0.00	197	0	0	0	nan	0.00	0.00	5.62	81.50	88.52	0.00	37	0	42	0.00	0.00	62.44	6.97	0.00	0.00	2000
230	11.07	2012	2171	0.00	197	0	0	0	nan	0.01	0.02	4.73	87.41	88.93	0.00	37	0	42	0.00	0.00	67.73	7.61	0.00	0.00	2000
232	11.65	1993	2094	0.00	197	0	0	0	nan	0.00	0.02	7.18	81.17	88.35	0.00	37	0	42	0.00	0.00	65.17	7.65	0.00	0.00	2000
230	11.36	2024	2102	0.00	204	0	0	0	nan	0.00	0.01	6.82	82.14	88.64	0.00	37	0	42	0.00	0.00	67.48	7.42	0.00	0.00	2000
230	11.52	2006	2092	0.00	198	0	0	0	nan	0.00	0.00	6.84	81.49	88.48	0.00	37	0	41	0.00	0.00	63.04	7.63	0.00	0.00	2000
229	11.32	2010	2115	0.00	199	0	0	0	nan	0.00	0.02	6.73	82.75	88.68	0.00	37	0	42	0.00	0.00	64.87	7.45	0.00	0.00	2000
228	11.17	2082	2057	0.00	198	0	0	0	nan	0.00	0.02	6.11	80.99	88.83	0.00	37	0	41	0.00	0.00	59.51	7.08	0.00	0.00	2000
228	11.59	2047	2018	0.00	199	0	0	0	nan	0.00	0.04	6.68	78.47	88.41	0.00	37	0	42	0.00	0.00	64.54	7.11	0.00	0.00	2000
284	12.51	2128	2243	0.00	218	0	0	0	nan	0.00	0.09	5.02	88.53	87.49	0.00	37	0	41	0.00	0.00	71.06	8.02	0.00	0.00	2000
227	11.43	2040	2048	0.00	199	0	0	1	86.31	0.00	0.00	5.98	80.60	88.57	0.00	37	0	42	0.00	0.00	65.63	7.52	0.00	0.00	2000
229	11.22	2018	2122	1.14	198	0	0	5	88.84	0.00	0.45	6.25	83.19	88.78	0.00	37	0	42	0.00	0.00	65.41	7.44	0.00	0.00	2000
231	11.50	2006	2103	0.00	195	0	0	0	nan	0.00	0.00	7.16	81.67	88.50	0.00	38	0	41	0.00	0.00	64.58	7.15	0.00	0.00	2000
231	11.37	2013	2123	0.00	198	0	0	0	nan	0.00	0.00	8.05	81.71	88.63	0.00	37	0	42	0.00	0.00	64.92	7.38	0.00	0.00	2000
231	11.70	1984	2090	0.00	203	0	0	0	nan	0.00	0.00	7.98	80.15	88.30	0.00	37	0	42	0.00	0.00	64.45	7.55	0.00	0.00	2000
229	11.42	2005	2096	0.00	199	0	0	0	nan	0.00	0.00	8.18	80.38	88.58	0.00	37	0	41	0.00	0.00	64.95	7.59	0.00	0.00	2000
229	11.55	1993	2093	0.00	199	0	0	0	nan	0.00	0.00	6.11	82.29	88.45	0.00	37	0	41	0.00	0.00	64.90	7.40	0.00	0.00	2000
229	11.31	1996	2129	0.00	200	0	0	0	nan	0.00	0.00	7.57	82.55	88.69	0.00	37	0	41	0.00	0.00	66.28	7.56	0.00	0.00	2000
231	11.42	2033	2087	0.00	200	0	0	0	nan	0.00	0.00	7.11	81.17	88.58	0.00	37	0	41	0.00	0.00	62.48	7.25	0.00	0.00	2000
228	11.21	2066	2063	0.00	197	0	0	0	nan	0.00	0.01	3.80	83.57	88.79	0.00	37	0	42	0.00	0.00	64.85	7.54	0.00	0.00	2000
230	11.08	2044	2130	0.00	195	0	0	0	nan	0.00	0.02	2.70	87.70	88.92	0.00	38	0	41	0.00	0.00	65.03	7.59	0.00	0.00	2000
224	11.36	2067	2004	0.00	194	0	0	0	nan	0.00	0.00	2.72	82.06	88.64	0.00	37	0	42	0.00	0.00	62.14	7.01	0.00	0.00	2000
232	10.90	2049	2179	0.00	196	0	0	0	nan	0.00	0.04	2.41	90.25	89.10	0.00	38	0	42	0.00	0.00	64.13	7.39	0.00	0.00	2000
226	11.20	1997	2125	0.00	194	0	0	0	nan	0.00	0.00	3.93	86.15	88.80	0.00	37	0	42	0.00	0.00	67.63	7.60	0.00	0.00	2000
229	11.15	2059	2096	0.00	195	0	0	0	nan	0.00	0.00	3.47	85.39	88.85	0.00	37	0	42	0.00	0.00	65.79	7.48	0.00	0.00	2000
229	11.54	1997	2089	0.00	196	0	0	0	nan	0.00	0.00	3.46	84.72	88.46	0.00	37	0	41	0.00	0.00	61.76	7.54	0.00	0.00	2000
228	11.32	1994	2125	0.00	194	0	0	0	nan	0.00	0.02	4.00	85.87	88.68	0.00	37	0	42	0.00	0.00	67.93	7.81	0.00	0.00	2000
228	11.31	2023	2090	0.00	195	0	0	1	90.08	0.00	0.02	3.09	85.36	88.69	0.00	37	0	42	0.00	0.00	64.75	7.55	0.00	0.00	2000
228	11.27	2023	2104	0.97	194	0	0	2	86.31	0.00	0.00	3.36	85.70	88.73	0.00	37	0	42	0.00	0.00	65.05	7.52	0.00	0.00	2000
232	11.52	2050	2059	0.01	197	0	0	0	nan	0.00	0.00	3.86	83.04	88.48	0.00	37	0	42	0.00	0.00	62.04	7.21	0.00	0.00	2000
230	11.02	2037	2148	0.00	195	0	0	0	nan	0.00	0.03	3.80	87.41	88.98	0.00	37	0	42	0.00	0.00	67.29	7.67	0.00	0.00	2000
227	11.18	2070	2058	0.00	194	0	0	0	nan	0.00	0.02	2.60	84.63	88.82	0.00	37	0	42	0.00	0.00	60.97	7.06	0.00	0.00	2000
228	10.87	2067	2133	0.00	194	0	0	0	nan	0.00	0.01	3.33	87.36	89.13	0.00	37	0	42	0.00	0.00	67.64	7.80	0.00	0.00	2000
227	11.23	2054	2065	0.00	196	0	0	0	nan	0.00	0.00	3.71	83.79	88.77	0.00	37	0	42	0.00	0.00	61.72	7.21	0.00	0.00	2000
230	11.26	2029	2116	0.00	196	0	0	0	nan	0.00	0.02	3.37	86.25	88.74	0.00	37	0	42	0.00	0.00	64.17	7.44	0.00	0.00	2000
226	10.98	2052	2106	0.00	194	0	0	0	nan	0.00	0.00	3.35	86.13	89.02	0.00	37	0	41	0.00	0.00	64.48	7.34	0.00	0.00	2000
228	11.47	1972	2114	0.00	194	0	0	0	nan	0.00	0.00	3.76	85.56	88.53	0.00	37	0	41	0.00	0.00	67.23	7.87	0.00	0.00	2000
227	11.32	2015	2089	0.00	195	0	0	0	nan	0.00	0.00	3.49	84.84	88.68	0.00	37	0	42	0.00	0.00	61.62	7.23	0.00	0.00	2000
229	11.49	1983	2109	0.00	198	0	0	0	nan	0.00	0.00	4.91	84.13	88.51	0.00	37	0	42	0.00	0.00	64.72	7.21	0.00	0.00	2000
227	11.59	1981	2079	0.00	195	0	0	0	nan	0.00	0.00	3.44	84.29	88.41	0.00	37	0	42	0.00	0.00	64.42	7.38	0.00	0.00	2000
229	11.45	1993	2105	0.00	195	0	0	0	nan	0.00	0.00	4.68	84.27	88.55	0.00	37	0	42	0.00	0.00	64.45	7.37	0.00	0.00	2000
227	11.35	2018	2077	0.00	197	0	0	0	nan	0.00	0.00	4.65	83.19	88.65	0.00	37	0	42	0.00	0.00	64.52	7.47	0.00	0.00	2000
229	10.88	2058	2149	0.00	195	0	0	0	nan	0.00	0.03	3.63	87.65	89.12	0.00	37	0	42	0.00	0.00	67.51	7.82	0.00	0.00	2000
227	11.23	2066	2057	0.00	194	0	0	0	nan	0.00	0.00	2.86	84.29	88.77	0.00	37	0	41	0.00	0.00	62.05	6.97	0.00	0.00	2000
227	10.82	2062	2140	0.00	195	0	0	0	nan	0.00	0.00	3.63	87.37	89.18	0.00	37	0	42	0.00	0.00	64.53	7.35	0.00	0.00	2000
231	11.51	2005	2104	0.59	196	0	0	2	90.76	0.00	0.01	3.49	85.38	88.49	0.00	37	0	42	0.00	0.00	65.93	7.50	0.00	0.00	2000
230	11.43	2009	2103	0.26	195	0	0	0	nan	0.00	0.00	2.96	85.95	88.57	0.00	37	0	42	0.00	0.00	66.17	7.56	0.00	0.00	2000
225	11.43	2058	2010	0.00	195	0	0	0	nan	0.00	0.02	2.78	82.12	88.57	0.00	37	0	42	0.00	0.00	61.78	8.12	0.00	0.00	2000
231	11.10	1997	2185	0.00	194	0	0	0	nan	0.00	0.02	2.64	90.06	88.90	0.00	37	0	42	0.00	0.00	68.93	9.15	0.00	0.00	2000
227	11.27	2026	2092	0.00	194	0	0	0	nan	0.00	0.00	2.95	85.55	88.73	0.00	37	0	42	0.00	0.00	66.95	8.94	0.00	0.00	2000
230	11.75	1956	2105	0.00	196	0	0	0	nan	0.00	0.02	3.71	84.96	88.25	0.00	37	0	42	0.00	0.00	66.74	8.80	0.00	0.00	2000
227	11.39	1984	2111	0.00	194	0	0	0	nan	0.00	0.00	3.51	85.77	88.61	0.00	37	0	42	0.00	0.00	67.75	9.24	0.00	0.00	2000
229	11.56	1978	2101	0.00	195	0	0	0	nan	0.00	0.01	3.17	85.47	88.44	0.00	37	0	42	0.00	0.00	65.25	7.66	0.00	0.00	2000
229	11.38	2008	2102	0.00	194	0	0	0	nan	0.00	0.05	3.47	85.39	88.62	0.00	37	0	41	0.00	0.00	64.02	7.45	0.00	0.00	2000
229	11.21	2046	2096	0.00	195	0	0	0	nan	0.00	0.00	3.12	85.70	88.79	0.00	37	0	42	0.00	0.00	64.74	7.74	0.00	0.00	2000
227	11.08	2051	2101	0.00	194	0	0	0	nan	0.00	0.01	3.61	85.54	88.92	0.00	37	0	42	0.00	0.00	63.56	7.50	0.00	0.00	2000
231	11.27	2048	2104	0.00	179	0	0	0	nan	0.00	0.02	3.07	85.87	88.73	0.00	37	0	42	0.00	0.00	66.70	7.73	0.00	0.00	2000
228	11.18	2043	2095	0.00	195	0	0	0	nan	0.00	0.00	3.70	85.12	88.82	0.00	37	0	42	0.00	0.00	62.48	7.48	0.00	0.00	2000
230	11.03	2085	2101	0.00	198	0	0	0	nan	0.03	0.01	4.25	84.88	88.97	0.00	37	0	42	0.00	0.00	66.36	7.63	0.00	0.00	2000
228	11.05	2060	2099	0.00	195	0	0	0	nan	0.00	0.01	2.83	86.26	88.95	0.00	37	0	41	0.00	0.00	65.68	7.63	0.00	0.00	2000
234	11.61	2019	2101	0.00	197	0	0	0	nan	0.00	0.02	4.47	84.12	88.39	0.00	37	0	42	0.00	0.00	63.20	7.38	0.00	0.00	2000
230	11.44	2015	2097	0.00	178	0	0	0	nan	0.00	0.02	3.02	85.61	88.56	0.00	37	0	41	0.00	0.00	64.86	7.60	0.00	0.00	2000
231	11.24	2057	2102	0.29	213	0	0	5	55.22	0.00	0.00	3.00	86.05	88.76	0.00	37	0	42	0.00	0.00	66.30	7.70	0.00	0.00	2000
230	11.29	2033	2104	0.64	178	0	0	2	81.44	0.00	0.00	3.33	85.67	88.71	0.00	37	0	41	0.00	0.00	67.05	7.89	0.00	0.00	2000
229	11.13	2060	2098	0.00	194	0	0	0	nan	0.00	0.00	3.40	85.57	88.87	0.00	37	0	42	0.00	0.00	62.89	7.30	0.00	0.00	2000
228	11.06	2061	2097	0.00	194	0	0	0	nan	0.00	0.00	3.09	85.86	88.94	0.00	37	0	42	0.00	0.00	65.82	7.65	0.00	0.00	2000
229	11.20	2045	2102	0.00	196	0	0	0	nan	0.00	0.00	3.19	85.90	88.80	0.00	37	0	42	0.00	0.00	65.70	7.57	0.00	0.00	2000
231	11.11	2074	2102	0.00	195	0	0	0	nan	0.00	0.02	3.17	85.93	88.89	0.00	37	0	42	0.00	0.00	64.55	7.52	0.00	0.00	2000
229	11.14	2055	2101	0.00	178	0	0	0	nan	0.00	0.00	3.59	85.49	88.86	0.00	37	0	41	0.00	0.00	63.01	7.34	0.00	0.00	2000
227	11.33	2007	2099	0.00	194	0	0	0	nan	0.00	0.00	3.57	85.21	88.67	0.00	37	0	41	0.00	0.00	66.25	7.73	0.00	0.00	2000
229	11.09	2068	2100	0.00	195	0	0	0	nan	0.00	0.00	2.65	86.31	88.91	0.00	37	0	41	0.00	0.00	63.61	7.30	0.00	0.00	2000
227	11.19	2032	2100	0.00	179	0	0	0	nan	0.00	0.00	2.62	86.41	88.81	0.00	37	0	42	0.00	0.00	66.51	7.94	0.00	0.00	2000
229	11.26	2033	2100	0.00	195	0	0	0	nan	0.00	0.02	3.05	85.88	88.74	0.00	37	0	42	0.00	0.00	63.50	7.43	0.00	0.00	2000
230	11.28	2036	2100	0.00	195	0	0	0	nan	0.00	0.00	2.87	86.04	88.72	0.00	37	0	42	0.00	0.00	63.72	7.64	0.00	0.00	2000
230	11.14	2066	2097	0.00	194	0	0	0	nan	0.00	0.00	2.58	86.31	88.86	0.00	37	0	41	0.00	0.00	65.91	7.69	0.00	0.00	2000
228	11.38	2004	2098	0.00	180	0	0	0	nan	0.00	0.03	3.19	85.55	88.63	0.00	37	0	41	0.00	0.00	65.00	7.73	0.00	0.00	2000
229	11.33	2015	2103	0.00	194	0	0	0	nan	0.00	0.02	2.65	86.32	88.67	0.00	37	0	42	0.00	0.00	66.18	7.86	0.00	0.00	2000
228	11.18	2040	2102	0.00	195	0	0	0	nan	0.00	0.00	3.61	85.48	88.82	0.00	37	0	41	0.00	0.00	59.93	7.35	0.00	0.00	2000
229	11.20	2048	2098	0.00	195	0	0	0	nan	0.00	0.00	3.56	85.23	88.80	0.00	37	0	42	0.00	0.00	68.89	7.63	0.00	0.00	2000
232	11.35	2044	2098	0.00	199	0	0	1	65.14	0.00	0.00	4.36	84.42	88.65	0.00	37	0	42	0.00	0.00	65.54	7.42	0.00	0.00	2000
229	10.98	2080	2105	0.87	195	0	0	4	56.34	0.00	0.00	3.46	85.98	89.02	0.00	37	0	42	0.00	0.00	63.60	7.47	0.00	0.00	2000
228	11.33	2016	2096	0.00	179	0	0	0	nan	0.01	0.00	2.97	85.74	88.67	0.00	37	0	41	0.00	0.00	66.80	7.64	0.00	0.00	2000
228	11.43	2000	2096	0.00	195	0	0	0	nan	0.01	0.00	3.43	85.14	88.57	0.00	37	0	42	0.00	0.00	62.23	7.08	0.00	0.00	2000
229	11.41	2001	2110	0.00	195	0	0	0	nan	0.00	0.01	3.32	85.82	88.59	0.00	37	0	41	0.00	0.00	64.53	7.61	0.00	0.00	2000
229	11.32	2027	2093	0.00	195	0	0	0	nan	0.00	0.01	2.94	85.59	88.68	0.00	37	0	42	0.00	0.00	65.09	7.65	0.00	0.00	2000
229	11.56	1984	2100	0.00	195	0	0	0	nan	0.00	0.03	3.24	85.41	88.44	0.00	37	0	42	0.00	0.00	65.42	7.71	0.00	0.00	2000
229	11.44	1998	2104	0.00	195	0	0	0	nan	0.00	0.02	3.02	85.91	88.56	0.00	37	0	41	0.00	0.00	65.61	7.75	0.00	0.00	2000
227	11.22	2027	2097	0.00	178	0	0	0	nan	0.00	0.03	2.99	85.85	88.78	0.00	37	0	42	0.00	0.00	65.97	7.64	0.00	0.00	2000
228	11.40	1998	2103	0.00	195	0	0	0	nan	0.00	0.00	3.39	85.53	88.60	0.00	37	0	41	0.00	0.00	62.22	7.19	0.00	0.00	2000
229	11.40	2006	2101	0.00	195	0	0	0	nan	0.00	0.02	3.02	85.77	88.60	0.00	37	0	42	0.00	0.00	67.04	7.51	0.00	0.00	2000
230	11.27	2043	2102	0.00	195	0	0	0	nan	0.01	0.00	3.21	85.78	88.73	0.00	37	0	41	0.00	0.00	62.04	7.13	0.00	0.00	2000
228	11.14	2047	2097	0.00	196	0	0	0	nan	0.00	0.00	3.48	85.47	88.86	0.00	37	0	41	0.00	0.00	66.36	7.56	0.00	0.00	2000
229	11.09	2068	2100	0.00	195	0	0	0	nan	0.00	0.02	3.37	85.73	88.91	0.00	37	0	41	0.00	0.00	63.83	7.27	0.00	0.00	2000
227	11.12	2047	2099	0.00	180	0	0	0	nan	0.00	0.00	3.40	85.64	88.88	0.00	37	0	41	0.00	0.00	64.97	7.41	0.00	0.00	2000
229	11.16	2052	2104	0.00	195	0	0	0	nan	0.00	0.00	3.03	86.14	88.84	0.00	37	0	42	0.00	0.00	63.56	7.55	0.00	0.00	2000
253	12.49	2030	2092	0.00	195	0	0	0	nan	0.00	0.00	3.59	83.76	87.51	0.00	37	0	41	0.00	0.00	66.44	7.65	0.00	0.00	2000
233	11.60	2004	2104	0.00	195	0	0	0	nan	0.00	0.00	3.42	85.35	88.40	0.00	37	0	42	0.00	0.00	65.93	7.87	0.00	0.00	2000
229	11.08	2070	2099	0.38	178	0	0	5	49.81	0.00	0.00	2.71	86.34	88.92	0.00	37	0	41	0.00	0.00	63.27	7.20	0.00	0.00	2000
229	11.36	2011	2102	0.55	195	0	0	1	89.78	0.00	0.01	2.65	86.24	88.64	0.00	37	0	42	0.00	0.00	66.03	7.69	0.00	0.00	2000
229	11.49	1990	2103	0.00	197	0	0	0	nan	0.00	0.02	4.53	84.32	88.51	0.00	37	0	42	0.00	0.00	63.83	7.42	0.00	0.00	2000
229	11.31	2030	2096	0.00	198	0	0	0	nan	0.00	0.01	4.80	83.95	88.69	0.00	37	0	42	0.00	0.00	66.50	7.69	0.00	0.00	2000
228	11.17	2047	2096	0.00	178	0	0	0	nan	0.00	0.02	2.74	86.07	88.83	0.00	37	0	41	0.00	0.00	63.23	7.37	0.00	0.00	2000
232	11.36	2036	2108	0.00	197	0	0	0	nan	0.00	0.02	3.36	85.73	88.64	0.00	37	0	41	0.00	0.00	66.81	7.79	0.00	0.00	2000
228	11.18	2037	2099	0.00	194	0	0	0	nan	0.03	0.00	3.30	85.66	88.82	0.00	37	0	41	0.00	0.00	64.14	7.39	0.00	0.00	2000
228	11.30	2025	2098	0.00	194	0	0	0	nan	0.00	0.02	2.85	85.96	88.70	0.00	37	0	42	0.00	0.00	63.51	7.38	0.00	0.00	2000
227	11.41	1995	2097	0.00	180	0	0	0	nan	0.00	0.00	3.77	84.87	88.59	0.00	37	0	41	0.00	0.00	65.37	7.72	0.00	0.00	2000
228	11.62	1968	2098	0.00	195	0	0	0	nan	0.00	0.00	2.69	85.81	88.38	0.00	37	0	42	0.00	0.00	62.13	7.74	0.00	0.00	2000
228	11.16	2042	2105	0.00	197	0	0	0	nan	0.00	0.00	2.77	86.49	88.84	0.00	37	0	42	0.00	0.00	67.13	7.38	0.00	0.00	2000
230	11.50	2000	2101	0.00	194	0	0	0	nan	0.00	0.00	2.87	85.85	88.50	0.00	37	0	42	0.00	0.00	63.77	7.30	0.00	0.00	2000
227	11.40	1999	2095	0.00	180	0	0	0	nan	0.00	0.02	3.33	85.28	88.60	0.00	37	0	41	0.00	0.00	65.75	7.60	0.00	0.00	2000
229	11.52	1990	2096	0.00	196	0	0	0	nan	0.00	0.00	2.65	85.89	88.48	0.00	37	0	41	0.00	0.00	64.57	7.36	0.00	0.00	2000
227	11.35	2001	2101	0.00	194	0	0	0	nan	0.00	0.02	3.16	85.71	88.65	0.00	37	0	42	0.00	0.00	64.90	7.51	0.00	0.00	2000
227	11.55	1967	2102	0.00	194	0	0	0	nan	0.00	0.00	3.10	85.65	88.45	0.00	37	0	41	0.00	0.00	65.22	7.50	0.00	0.00	2000
229	11.31	2019	2104	0.00	196	0	0	0	nan	0.00	0.02	3.64	85.43	88.69	0.00	37	0	41	0.00	0.00	63.70	7.33	0.00	0.00	2000
231	11.21	2063	2097	0.00	195	0	0	2	63.34	0.00	0.02	3.28	85.55	88.79	0.00	37	0	42	0.00	0.00	62.57	7.30	0.00	0.00	2000
228	11.16	2036	2105	0.82	194	0	0	4	57.44	0.00	0.01	3.41	85.84	88.84	0.00	37	0	42	0.00	0.00	67.44	7.85	0.00	0.00	2000
230	11.08	2075	2097	0.00	194	0	0	0	nan	0.00	0.02	2.87	86.13	88.92	0.00	37	0	41	0.00	0.00	66.31	7.88	0.00	0.00	2000
229	11.46	1995	2100	0.00	180	0	0	0	nan	0.00	0.02	3.54	85.19	88.54	0.00	37	0	41	0.00	0.00	62.99	7.22	0.00	0.00	2000
229	11.20	2046	2102	0.00	195	0	0	0	nan	0.00	0.00	3.30	85.77	88.80	0.00	37	0	41	0.00	0.00	66.04	7.69	0.00	0.00	2000
227	11.03	2065	2093	0.00	194	0	0	0	nan	0.00	0.00	2.57	86.18	88.97	0.00	37	0	42	0.00	0.00	63.20	7.45	0.00	0.00	2000
230	11.43	2009	2105	0.00	194	0	0	0	nan	0.00	0.01	3.36	85.61	88.57	0.00	37	0	41	0.00	0.00	66.18	7.70	0.00	0.00	2000
229	11.18	2052	2097	0.00	182	0	0	0	nan	0.00	0.00	3.55	85.32	88.82	0.00	37	0	42	0.00	0.00	65.93	7.67	0.00	0.00	2000
229	11.61	1969	2107	0.00	197	0	0	0	nan	0.00	0.00	2.73	86.16	88.39	0.00	37	0	42	0.00	0.00	63.30	7.42	0.00	0.00	2000
228	11.32	2016	2097	0.00	193	0	0	0	nan	0.01	0.00	3.81	84.97	88.68	0.00	37	0	42	0.00	0.00	63.98	7.43	0.00	0.00	2000
228	11.36	2009	2096	0.00	194	0	0	0	nan	0.00	0.02	2.99	85.69	88.64	0.00	37	0	41	0.00	0.00	64.82	7.48	0.00	0.00	2000
229	11.37	2013	2100	0.00	195	0	0	0	nan	0.00	0.00	3.33	85.52	88.63	0.00	37	0	42	0.00	0.00	64.90	7.45	0.00	0.00	2000
230	11.22	2043	2105	0.00	197	0	0	0	nan	0.01	0.00	3.33	85.87	88.78	0.00	37	0	41	0.00	0.00	66.74	7.70	0.00	0.00	2000
229	10.92	2100	2095	0.00	178	0	0	0	nan	0.00	0.01	2.77	86.23	89.08	0.00	37	0	42	0.00	0.00	65.86	7.77	0.00	0.00	2000
229	11.26	2037	2097	0.00	196	0	0	0	nan	0.00	0.00	2.84	85.93	88.74	0.00	37	0	41	0.00	0.00	65.07	7.53	0.00	0.00	2000
228	11.26	2018	2103	0.00	195	0	0	0	nan	0.00	0.00	3.11	85.96	88.74	0.00	37	0	42	0.00	0.00	63.85	7.15	0.00	0.00	2000
231	11.19	2057	2106	0.00	195	0	0	0	nan	0.00	0.02	3.19	86.07	88.81	0.00	37	0	42	0.00	0.00	66.73	7.65	0.00	0.00	2000
231	11.49	2011	2100	0.00	195	0	0	0	nan	0.00	0.02	3.10	85.59	88.51	0.00	37	0	41	0.00	0.00	64.67	7.53	0.00	0.00	2000
228	11.21	2039	2096	0.48	193	0	0	4	42.39	0.00	0.00	2.83	85.98	88.79	0.00	37	0	42	0.00	0.00	66.15	7.43	0.00	0.00	2000
229	11.20	2040	2107	0.44	179	0	0	0	nan	0.00	0.02	3.24	85.99	88.80	0.00	37	0	41	0.00	0.00	64.33	7.45	0.00	0.00	2000
229	11.25	2040	2094	0.00	195	0	0	0	nan	0.00	0.02	3.59	85.13	88.75	0.00	37	0	41	0.00	0.00	62.76	7.31	0.00	0.00	2000
228	11.21	2031	2099	0.00	194	0	0	0	nan	0.00	0.01	3.19	85.77	88.79	0.00	37	0	42	0.00	0.00	65.91	7.69	0.00	0.00	2000
228	11.43	1995	2098	0.00	194	0	0	0	nan	0.00	0.00	3.15	85.52	88.57	0.00	37	0	41	0.00	0.00	65.52	7.62	0.00	0.00	2000
230	11.44	2011	2102	0.00	196	0	0	0	nan	0.00	0.02	3.40	85.43	88.56	0.00	37	0	41	0.00	0.00	66.04	7.55	0.00	0.00	2000
232	11.36	2043	2100	0.00	179	0	0	0	nan	0.00	0.01	3.76	85.02	88.64	0.00	37	0	41	0.00	0.00	63.44	7.28	0.00	0.00	2000
230	11.22	2042	2105	0.00	197	0	0	0	nan	0.00	0.00	3.24	85.97	88.78	0.00	37	0	41	0.00	0.00	64.65	7.42	0.00	0.00	2000
228	11.07	2066	2097	0.00	194	0	0	0	nan	0.00	0.03	3.23	85.75	88.93	0.00	37	0	42	0.00	0.00	66.07	7.74	0.00	0.00	2000
229	10.97	2088	2102	0.00	198	0	0	0	nan	0.00	0.00	4.05	85.16	89.03	0.00	37	0	42	0.00	0.00	64.47	7.44	0.00	0.00	2000
229	11.03	2082	2096	0.00	181	0	0	0	nan	0.00	0.02	2.85	86.03	88.97	0.00	37	0	41	0.00	0.00	66.03	7.50	0.00	0.00	2000
229	11.35	2021	2097	0.00	196	0	0	0	nan	0.00	0.00	3.42	85.32	88.65	0.00	37	0	42	0.00	0.00	63.23	7.36	0.00	0.00	2000
228	11.28	2021	2101	0.00	193	0	0	0	nan	0.00	0.01	3.40	85.47	88.72	0.00	37	0	42	0.00	0.00	65.66	7.49	0.00	0.00	2000
236	11.47	2053	2106	0.00	198	0	0	0	nan	0.00	0.00	4.65	84.28	88.53	0.00	37	0	42	0.00	0.00	67.43	7.76	0.00	0.00	2000
230	11.19	2058	2096	0.00	196	0	0	0	nan	0.00	0.00	2.93	85.86	88.81	0.00	37	0	42	0.00	0.00	65.99	7.59	0.00	0.00	2000
229	11.38	2016	2098	0.00	195	0	0	0	nan	0.00	0.00	3.79	84.92	88.62	0.00	37	0	42	0.00	0.00	65.64	7.56	0.00	0.00	2000
231	11.43	2024	2099	0.00	194	0	0	0	nan	0.00	0.02	3.13	85.52	88.57	0.00	37	0	42	0.00	0.00	64.74	7.43	0.00	0.00	2000
235	11.51	2047	2093	0.00	213	0	0	10	18.66	0.00	0.02	6.68	81.69	88.49	0.00	37	0	42	0.00	0.00	63.50	7.42	0.00	0.00	2000
230	11.38	2015	2110	0.79	196	0	0	4	69.51	0.00	0.00	2.82	86.33	88.62	0.00	37	0	41	0.00	0.00	65.71	7.70	0.00	0.00	2000
229	10.99	2073	2107	0.00	179	0	0	0	nan	0.00	0.00	3.78	85.66	89.01	0.00	37	0	42	0.00	0.00	67.62	7.69	0.00	0.00	2000
229	11.07	2068	2098	0.00	194	0	0	0	nan	0.00	0.00	3.82	85.25	88.93	0.00	37	0	42	0.00	0.00	63.69	7.36	0.00	0.00	2000
228	11.07	2062	2098	0.00	195	0	0	0	nan	0.00	0.02	3.46	85.59	88.93	0.00	37	0	41	0.00	0.00	66.30	7.57	0.00	0.00	2000
230	11.32	2036	2099	0.00	195	0	0	0	nan	0.00	0.00	2.78	86.03	88.68	0.00	37	0	42	0.00	0.00	63.49	7.34	0.00	0.00	2000
228	11.42	1991	2104	0.00	178	0	0	0	nan	0.00	0.01	3.47	85.49	88.58	0.00	37	0	42	0.00	0.00	66.66	7.80	0.00	0.00	2000
229	11.40	2015	2095	0.00	195	0	0	0	nan	0.00	0.00	3.59	85.04	88.60	0.00	37	0	41	0.00	0.00	63.64	7.42	0.00	0.00	2000
228	11.27	2027	2098	0.00	195	0	0	0	nan	0.00	0.02	2.95	85.90	88.73	0.00	37	0	42	0.00	0.00	65.40	7.71	0.00	0.00	2000
230	11.20	2049	2103	0.00	195	0	0	0	nan	0.00	0.00	3.43	85.58	88.80	0.00	37	0	41	0.00	0.00	63.95	7.42	0.00	0.00	2000
228	11.47	1985	2103	0.00	178	0	0	0	nan	0.01	0.00	3.36	85.50	88.53	0.00	37	0	42	0.00	0.00	63.59	7.27	0.00	0.00	2000
231	11.26	2055	2099	0.00	196	0	0	0	nan	0.00	0.00	4.12	84.78	88.74	0.00	37	0	42	0.00	0.00	66.56	7.77	0.00	0.00	2000
228	11.13	2052	2097	0.00	196	0	0	0	nan	0.00	0.00	2.92	86.03	88.87	0.00	37	0	42	0.00	0.00	63.81	7.44	0.00	0.00	2000
230	11.01	2095	2099	0.00	181	0	0	0	nan	0.00	0.01	4.16	84.90	88.99	0.00	37	0	41	0.00	0.00	65.76	7.37	0.00	0.00	2000
228	11.07	2061	2101	0.00	196	0	0	0	nan	0.00	0.00	3.84	85.34	88.93	0.00	37	0	41	0.00	0.00	63.41	7.47	0.00	0.00	2000
230	11.18	2053	2106	0.00	195	0	0	0	nan	0.00	0.02	4.09	85.12	88.82	0.00	37	0	42	0.00	0.00	66.95	7.80	0.00	0.00	2000
229	11.08	2071	2091	0.00	197	0	0	0	nan	0.00	0.00	3.05	85.70	88.92	0.00	37	0	41	0.00	0.00	65.13	7.60	0.00	0.00	2000
231	11.12	2076	2104	0.00	196	0	0	0	nan	0.00	0.02	2.84	86.38	88.88	0.00	37	0	41	0.00	0.00	63.55	7.37	0.00	0.00	2000
229	11.15	2054	2097	0.58	179	0	0	4	41.90	0.00	0.00	3.21	85.68	88.85	0.00	37	0	41	0.00	0.00	63.20	7.17	0.00	0.00	2000
230	11.22	2044	2108	0.35	194	0	0	0	nan	0.00	0.01	3.57	85.77	88.78	0.00	37	0	42	0.00	0.00	65.81	7.78	0.00	0.00	2000
228	11.31	2022	2096	0.00	195	0	0	0	nan	0.00	0.00	3.35	85.33	88.69	0.00	37	0	42	0.00	0.00	64.64	7.29	0.00	0.00	2000
230	11.37	2021	2101	0.00	194	0	0	0	nan	0.00	0.02	2.82	86.07	88.63	0.00	37	0	42	0.00	0.00	66.04	7.89	0.00	0.00	2000
227	11.30	2018	2093	0.00	178	0	0	0	nan	0.00	0.02	3.01	85.58	88.70	0.00	37	0	42	0.00	0.00	62.99	7.36	0.00	0.00	2000
232	11.40	2026	2108	0.00	197	0	0	0	nan	0.00	0.00	3.45	85.65	88.60	0.00	37	0	42	0.00	0.00	66.68	7.76	0.00	0.00	2000
229	11.16	2051	2097	0.00	196	0	0	0	nan	0.00	0.02	3.33	85.57	88.84	0.00	37	0	42	0.00	0.00	63.95	7.30	0.00	0.00	2000
228	11.17	2045	2098	0.00	196	0	0	0	nan	0.00	0.00	3.15	85.79	88.83	0.00	37	0	41	0.00	0.00	65.61	7.70	0.00	0.00	2000
227	11.11	2042	2105	0.00	194	0	0	0	nan	0.00	0.00	3.04	86.24	88.89	0.00	37	0	41	0.00	0.00	64.40	7.37	0.00	0.00	2000
237	11.58	2051	2093	0.00	178	0	0	0	nan	0.00	0.00	3.97	84.38	88.42	0.00	37	0	42	0.00	0.00	65.70	7.71	0.00	0.00	2000
229	11.11	2056	2107	0.00	196	0	0	0	nan	0.00	0.00	3.52	85.82	88.89	0.00	37	0	41	0.00	0.00	64.32	7.46	0.00	0.00	2000
231	11.24	2057	2097	0.00	195	0	0	0	nan	0.00	0.02	2.73	86.09	88.76	0.00	37	0	41	0.00	0.00	67.01	7.81	0.00	0.00	2000
227	11.17	2031	2102	0.00	178	0	0	0	nan	0.00	0.00	2.97	86.05	88.83	0.00	37	0	41	0.00	0.00	64.45	7.44	0.00	0.00	2000
230	11.29	2035	2102	0.00	194	0	0	0	nan	0.00	0.00	2.83	86.18	88.71	0.00	37	0	41	0.00	0.00	66.55	7.80	0.00	0.00	2000
228	11.25	2032	2094	0.00	196	0	0	0	nan	0.00	0.01	3.23	85.47	88.75	0.00	37	0	42	0.00	0.00	62.75	7.29	0.00	0.00	2000
237	11.70	2024	2099	0.00	195	0	0	0	nan	0.00	0.02	3.42	85.01	88.30	0.00	37	0	42	0.00	0.00	65.25	7.38	0.00	0.00	2000
230	11.44	2005	2103	0.00	197	0	0	0	nan	0.00	0.02	4.13	84.73	88.56	0.00	37	0	41	0.00	0.00	64.44	7.31	0.00	0.00	2000
230	11.36	2032	2096	0.01	182	0	0	3	56.99	0.00	0.01	4.86	83.80	88.64	0.00	37	0	42	0.00	0.00	64.84	7.51	0.00	0.00	2000
228	11.08	2054	2101	0.78	195	0	0	3	63.74	0.00	0.02	3.25	85.90	88.92	0.00	37	0	42	0.00	0.00	65.85	7.56	0.00	0.00	2000
229	11.43	2002	2098	0.00	195	0	0	0	nan	0.00	0.00	2.99	85.70	88.57	0.00	37	0	42	0.00	0.00	65.20	7.52	0.00	0.00	2000
229	11.45	1991	2110	0.00	195	0	0	0	nan	0.00	0.00	2.78	86.35	88.55	0.00	37	0	41	0.00	0.00	67.06	7.39	0.00	0.00	2000
228	11.12	2056	2098	0.00	194	0	0	0	nan	0.00	0.02	3.42	85.54	88.88	0.00	37	0	42	0.00	0.00	60.85	7.58	0.00	0.00	2000
228	11.02	2073	2099	0.00	195	0	0	0	nan	0.00	0.00	2.97	86.16	88.98	0.00	37	0	42	0.00	0.00	66.76	7.72	0.00	0.00	2000
230	11.41	2018	2099	0.00	180	0	0	0	nan	0.00	0.00	2.76	86.00	88.59	0.00	37	0	41	0.00	0.00	66.09	7.66	0.00	0.00	2000
228	11.25	2027	2105	0.00	194	0	0	0	nan	0.00	0.02	3.04	86.00	88.75	0.00	37	0	41	0.00	0.00	63.56	7.36	0.00	0.00	2000
228	11.30	2022	2096	0.00	193	0	0	0	nan	0.00	0.00	3.04	85.68	88.70	0.00	37	0	41	0.00	0.00	63.10	7.31	0.00	0.00	2000
223	11.64	2027	1981	0.00	195	0	0	0	nan	0.00	0.00	2.97	80.59	88.36	0.00	37	0	42	0.00	0.00	61.19	7.08	0.00	0.00	2000
232	11.08	1979	2220	0.00	195	0	0	0	nan	0.00	0.02	2.67	91.57	88.92	0.00	37	0	41	0.00	0.00	70.10	8.10	0.00	0.00	2000
232	11.44	2019	2108	0.00	195	0	0	0	nan	0.00	0.00	3.27	85.77	88.56	0.00	37	0	41	0.00	0.00	64.27	7.41	0.00	0.00	2000
228	11.25	2049	2073	0.00	194	0	0	0	nan	0.00	0.00	3.07	84.76	88.75	0.00	37	0	41	0.00	0.00	65.38	7.56	0.00	0.00	2000
229	11.04	2048	2124	0.00	195	0	0	0	nan	0.00	0.00	2.88	87.32	88.96	0.00	37	0	41	0.00	0.00	63.39	7.34	0.00	0.00	2000
231	11.31	2038	2102	0.00	196	0	0	0	nan	0.00	0.02	3.03	85.93	88.69	0.00	37	0	41	0.00	0.00	66.37	7.70	0.00	0.00	2000
228	11.05	2065	2098	0.00	178	0	0	0	nan	0.00	0.00	3.12	85.95	88.95	0.00	37	0	42	0.00	0.00	65.91	7.75	0.00	0.00	2000
228	11.37	2006	2095	0.00	194	0	0	0	nan	0.00	0.00	3.16	85.43	88.63	0.00	37	0	42	0.00	0.00	64.56	7.43	0.00	0.00	2000
230	11.34	2022	2109	0.00	196	0	0	0	nan	0.00	0.00	3.04	86.20	88.66	0.00	37	0	42	0.00	0.00	63.66	7.37	0.00	0.00	2000
229	11.31	2029	2096	0.71	196	0	0	4	40.98	0.00	0.00	2.80	85.93	88.69	0.00	37	0	41	0.00	0.00	62.56	7.13	0.00	0.00	2000
228	11.09	2050	2103	0.20	194	0	0	0	nan	0.00	0.02	2.94	86.30	88.91	0.00	37	0	41	0.00	0.00	67.29	7.74	0.00	0.00	2000
229	11.38	2022	2093	0.00	181	0	0	0	nan	0.00	0.00	3.93	84.55	88.62	0.00	37	0	41	0.00	0.00	65.81	7.62	0.00	0.00	2000
230	11.35	2015	2108	0.00	197	0	0	0	nan	0.00	0.00	3.66	85.53	88.65	0.00	37	0	41	0.00	0.00	64.33	7.49	0.00	0.00	2000
230	11.13	2071	2095	0.00	195	0	0	0	nan	0.00	0.01	3.34	85.40	88.87	0.00	37	0	42	0.00	0.00	64.03	7.21	0.00	0.00	2000
230	11.41	2018	2102	0.00	195	0	0	0	nan	0.00	0.00	3.31	85.45	88.59	0.00	37	0	41	0.00	0.00	66.67	7.64	0.00	0.00	2000
228	11.56	1999	2076	0.00	178	0	0	0	nan	0.00	0.02	3.03	84.54	88.44	0.00	37	0	42	0.00	0.00	61.85	7.33	0.00	0.00	2000
229	10.92	2063	2131	0.00	195	0	0	0	nan	0.00	0.00	3.87	86.72	89.08	0.00	37	0	41	0.00	0.00	67.35	7.84	0.00	0.00	2000
228	11.25	2034	2092	0.00	195	0	0	0	nan	0.00	0.02	3.23	85.40	88.75	0.00	37	0	41	0.00	0.00	62.14	7.23	0.00	0.00	2000
228	11.11	2044	2105	0.00	195	0	0	0	nan	0.00	0.00	4.23	85.01	88.89	0.00	37	0	42	0.00	0.00	67.34	7.68	0.00	0.00	2000
229	10.98	2085	2098	0.00	194	0	0	0	nan	0.00	0.00	2.70	86.41	89.02	0.00	37	0	41	0.00	0.00	65.85	7.80	0.00	0.00	2000
229	11.45	2026	2073	0.00	180	0	0	0	nan	0.01	0.00	2.48	85.13	88.55	0.00	37	0	41	0.00	0.00	62.15	6.95	0.00	0.00	2000
228	11.18	2020	2125	0.00	197	0	0	0	nan	0.00	0.00	4.06	86.01	88.82	0.00	37	0	42	0.00	0.00	65.96	7.58	0.00	0.00	2000
231	11.39	2028	2101	0.00	211	0	0	0	nan	0.00	0.01	4.38	84.51	88.61	0.00	37	0	42	0.00	0.00	66.66	7.63	0.00	0.00	2000
231	11.43	2016	2103	0.00	193	0	0	0	nan	0.00	0.00	3.75	85.16	88.57	0.00	37	0	42	0.00	0.00	63.74	7.44	0.00	0.00	2000
225	11.38	2064	2012	0.00	196	0	0	0	nan	0.00	0.00	3.15	81.92	88.62	0.00	37	0	41	0.00	0.00	61.80	7.28	0.00	0.00	2000
232	11.32	1967	2187	0.00	195	0	0	0	nan	0.00	0.01	3.68	88.81	88.68	0.00	37	0	42	0.00	0.00	71.02	8.43	0.00	0.00	2000
228	11.13	2048	2100	0.27	195	0	0	5	49.77	0.00	0.00	3.59	85.31	88.87	0.00	37	0	41	0.00	0.00	63.26	7.18	0.00	0.00	2000
230	11.29	2030	2108	0.66	194	0	0	2	79.46	0.00	0.00	3.22	86.04	88.71	0.00	37	0	41	0.00	0.00	63.80	7.29	0.00	0.00	2000
228	11.12	2052	2095	0.00	194	0	0	0	nan	0.00	0.00	3.13	85.72	88.88	0.00	37	0	42	0.00	0.00	66.00	7.63	0.00	0.00	2000
229	11.33	2022	2103	0.00	194	0	0	0	nan	0.00	0.00	2.96	85.99	88.67	0.00	37	0	42	0.00	0.00	66.19	7.59	0.00	0.00	2000
228	11.15	2045	2101	0.00	179	0	0	0	nan	0.00	0.00	3.75	85.30	88.85	0.00	37	0	42	0.00	0.00	64.08	7.47	0.00	0.00	2000
231	11.12	2076	2097	0.00	195	0	0	0	nan	0.00	0.00	4.11	84.85	88.88	0.00	37	0	42	0.00	0.00	63.15	7.38	0.00	0.00	2000
229	11.60	1970	2101	0.00	198	0	0	0	nan	0.00	0.00	4.38	84.27	88.40	0.00	37	0	42	0.00	0.00	67.24	7.75	0.00	0.00	2000
226	11.60	2035	2008	0.00	197	1	0	0	nan	0.00	0.00	3.44	81.26	88.40	0.00	37	0	42	0.00	0.00	62.14	7.21	0.00	0.00	2000
230	11.05	1987	2201	0.00	195	0	0	0	nan	0.00	0.00	2.76	90.66	88.95	0.00	37	0	42	0.00	0.00	69.37	8.14	0.00	0.00	2000
228	11.49	1989	2095	0.00	194	0	0	0	nan	0.00	0.00	3.60	84.89	88.51	0.00	37	0	41	0.00	0.00	62.82	7.25	0.00	0.00	2000
236	11.72	2010	2105	0.00	198	0	0	0	nan	0.00	0.00	3.94	84.69	88.28	0.00	37	0	42	0.00	0.00	67.39	7.75	0.00	0.00	2000
229	11.10	2068	2098	0.00	196	0	0	0	nan	0.00	0.00	3.40	85.57	88.90	0.00	37	0	42	0.00	0.00	66.83	7.78	0.00	0.00	2000
228	11.23	2032	2095	0.00	178	0	0	0	nan	0.00	0.02	3.15	85.52	88.77	0.00	37	0	41	0.00	0.00	63.14	7.25	0.00	0.00	2000
229	11.30	2026	2101	0.00	195	0	0	0	nan	0.00	0.01	3.08	85.81	88.70	0.00	37	0	42	0.00	0.00	66.18	7.71	0.00	0.00	2000
231	11.26	2045	2102	0.00	195	0	0	0	nan	0.00	0.02	3.48	85.58	88.74	0.00	37	0	42	0.00	0.00	63.36	7.68	0.00	0.00	2000
229	11.28	2030	2104	0.00	195	0	0	0	nan	0.00	0.00	3.43	85.66	88.72	0.00	37	0	41	0.00	0.00	66.58	7.75	0.00	0.00	2000
229	10.91	2107	2092	0.00	195	0	0	0	nan	0.00	0.00	3.70	85.26	89.09	0.00	37	0	41	0.00	0.00	65.44	7.79	0.00	0.00	2000
228	11.16	2046	2101	0.00	195	0	0	2	62.99	0.00	0.02	3.54	85.51	88.84	0.00	37	0	42	0.00	0.00	65.37	7.70	0.00	0.00	2000
224	11.62	2042	1981	0.80	194	0	0	4	59.18	0.00	0.00	2.78	80.73	88.38	0.00	37	0	42	0.00	0.00	58.40	6.89	0.00	0.00	2000
233	10.76	2033	2231	0.00	195	0	0	0	nan	0.00	0.00	2.48	92.53	89.24	0.00	37	0	42	0.00	0.00	71.16	8.32	0.00	0.00	2000
228	11.08	2058	2103	0.00	194	0	0	0	nan	0.00	0.00	2.87	86.39	88.92	0.00	37	0	42	0.00	0.00	65.04	7.58	0.00	0.00	2000
231	11.43	2022	2098	0.00	195	0	0	0	nan	0.00	0.02	3.19	85.42	88.57	0.00	37	0	42	0.00	0.00	63.91	7.46	0.00	0.00	2000
227	11.49	1982	2097	0.00	179	0	0	0	nan	0.00	0.01	2.69	85.92	88.51	0.00	37	0	42	0.00	0.00	65.92	7.69	0.00	0.00	2000
231	11.25	2044	2106	0.00	195	0	0	0	nan	0.00	0.00	3.42	85.70	88.75	0.00	37	0	42	0.00	0.00	64.39	7.49	0.00	0.00	2000
227	11.29	2014	2098	0.00	196	0	0	0	nan	0.00	0.00	3.27	85.51	88.71	0.00	37	0	42	0.00	0.00	67.19	7.81	0.00	0.00	2000
229	11.03	2077	2100	0.00	195	0	0	0	nan	0.00	0.02	2.88	86.30	88.97	0.00	37	0	42	0.00	0.00	64.07	7.48	0.00	0.00	2000
230	11.29	2035	2099	0.00	182	0	0	0	nan	0.00	0.00	4.46	84.44	88.71	0.00	37	0	42	0.00	0.00	64.24	7.33	0.00	0.00	2000
231	11.21	2059	2099	0.00	195	0	0	0	nan	0.00	0.01	4.28	84.64	88.79	0.00	37	0	41	0.00	0.00	65.63	7.44	0.00	0.00	2000
228	11.06	2065	2096	0.00	196	0	0	0	nan	0.00	0.00	3.49	85.49	88.94	0.00	37	0	42	0.00	0.00	65.48	7.74	0.00	0.00	2000
229	11.07	2068	2103	0.00	195	0	0	0	nan	0.00	0.01	3.23	85.96	88.93	0.00	37	0	41	0.00	0.00	64.31	7.30	0.00	0.00	2000
229	11.01	2078	2099	0.00	179	0	0	0	nan	0.01	0.01	2.38	86.76	88.99	0.00	37	0	42	0.00	0.00	63.99	7.42	0.00	0.00	2000
230	11.35	2030	2101	0.00	195	0	0	0	nan	0.00	0.01	3.03	85.77	88.65	0.00	37	0	42	0.00	0.00	66.59	7.67	0.00	0.00	2000
227	11.50	2029	2041	0.00	194	0	0	0	nan	0.00	0.00	3.45	82.75	88.50	0.00	37	0	41	0.00	0.00	63.66	7.77	0.00	0.00	2000
231	11.15	2010	2163	0.00	194	0	0	0	nan	0.00	0.02	3.73	87.92	88.86	0.00	37	0	42	0.00	0.00	66.46	7.60	0.00	0.00	2000
228	11.42	2001	2098	0.00	196	0	0	0	nan	0.00	0.02	3.36	85.33	88.58	0.00	37	0	41	0.00	0.00	65.82	7.65	0.00	0.00	2000
229	11.35	2013	2106	0.53	195	0	0	4	40.35	0.00	0.00	3.60	85.47	88.65	0.00	37	0	42	0.00	0.00	66.49	7.68	0.00	0.00	2000
228	11.26	2025	2096	0.40	194	0	0	0	nan	0.00	0.02	3.87	84.88	88.74	0.00	37	0	42	0.00	0.00	64.49	7.39	0.00	0.00	2000
229	11.34	2023	2099	0.00	179	0	0	0	nan	0.00	0.01	2.96	85.83	88.66	0.00	37	0	42	0.00	0.00	64.91	7.30	0.00	0.00	2000
229	11.23	2039	2102	0.00	196	0	0	0	nan	0.00	0.00	3.59	85.49	88.77	0.00	37	0	41	0.00	0.00	63.89	7.47	0.00	0.00	2000
228	11.24	2110	2019	0.00	195	0	0	0	nan	0.00	0.02	3.23	82.27	88.76	0.00	37	0	41	0.00	0.00	62.27	7.22	0.00	0.00	2000
229	10.86	2028	2189	0.00	195	0	0	0	nan	0.00	0.02	2.85	90.21	89.14	0.00	37	0	42	0.00	0.00	69.91	8.07	0.00	0.00	2000
228	11.16	2045	2099	0.00	194	0	0	0	nan	0.00	0.00	3.47	85.48	88.84	0.00	37	0	42	0.00	0.00	65.65	7.64	0.00	0.00	2000
227	11.34	2007	2097	0.00	196	0	0	0	nan	0.00	0.00	3.35	85.34	88.66	0.00	37	0	42	0.00	0.00	64.68	7.29	0.00	0.00	2000
233	11.19	2088	2095	0.00	195	0	0	0	nan	0.00	0.00	2.66	86.15	88.81	0.00	37	0	42	0.00	0.00	62.97	7.15	0.00	0.00	2000
239	11.92	2001	2107	0.00	194	0	0	0	nan	0.00	0.00	3.83	84.74	88.08	0.00	37	0	42	0.00	0.00	66.78	7.81	0.00	0.00	2000
229	11.24	2038	2097	0.00	178	0	0	0	nan	0.00	0.03	3.08	85.62	88.76	0.00	37	0	41	0.00	0.00	65.77	7.59	0.00	0.00	2000
227	11.41	1995	2098	0.00	195	0	0	0	nan	0.00	0.00	2.68	85.93	88.59	0.00	37	0	42	0.00	0.00	65.53	7.64	0.00	0.00	2000
230	11.24	2087	2057	0.00	198	0	0	0	nan	0.00	0.00	4.36	82.78	88.76	0.00	37	0	42	0.00	0.00	65.03	7.52	0.00	0.00	2000
229	11.05	2031	2143	0.00	197	0	0	0	nan	0.00	0.01	4.26	86.69	88.95	0.00	37	0	42	0.00	0.00	65.57	7.62	0.00	0.00	2000
234	11.44	2046	2099	0.00	197	0	0	0	nan	0.00	0.02	4.95	83.68	88.56	0.00	37	0	42	0.00	0.00	65.30	7.71	0.00	0.00	2000
230	11.42	2007	2104	0.00	197	0	0	0	nan	0.00	0.02	3.43	85.53	88.58	0.00	37	0	42	0.00	0.00	65.34	7.69	0.00	0.00	2000
230	11.32	2026	2103	0.00	196	0	0	0	nan	0.00	0.00	3.39	85.61	88.68	0.00	37	0	42	0.00	0.00	66.47	7.84	0.00	0.00	2000
226	11.25	2017	2095	0.05	194	0	0	3	50.56	0.00	0.00	3.37	85.36	88.75	0.00	37	0	42	0.00	0.00	59.36	7.13	0.00	0.00	2000
226	11.24	2084	2027	0.76	194	0	0	2	68.78	0.00	0.00	2.98	82.85	88.76	0.00	37	0	42	0.00	0.00	62.23	7.26	0.00	0.00	2000
229	11.20	1972	2173	0.00	195	0	0	0	nan	0.00	0.00	2.72	89.37	88.80	0.00	37	0	42	0.00	0.00	70.36	8.17	0.00	0.00	2000
230	11.35	2029	2101	0.00	197	0	0	0	nan	0.00	0.00	3.83	85.00	88.65	0.00	37	0	42	0.00	0.00	65.17	7.58	0.00	0.00	2000
227	11.51	1970	2102	0.00	194	0	0	0	nan	0.00	0.00	2.96	85.76	88.49	0.00	37	0	42	0.00	0.00	65.63	7.71	0.00	0.00	2000
229	11.43	1997	2109	0.00	194	0	0	0	nan	0.00	0.00	3.29	85.88	88.57	0.00	37	0	42	0.00	0.00	64.08	7.68	0.00	0.00	2000
228	11.00	2078	2091	0.00	195	0	0	0	nan	0.00	0.01	3.29	85.44	89.00	0.00	37	0	42	0.00	0.00	63.02	7.52	0.00	0.00	2000
229	11.43	2000	2099	0.00	195	0	0	0	nan	0.00	0.00	3.39	85.32	88.57	0.00	37	0	42	0.00	0.00	64.74	7.55	0.00	0.00	2000
229	11.23	2036	2105	0.00	195	0	0	0	nan	0.00	0.00	3.60	85.56	88.77	0.00	37	0	42	0.00	0.00	66.05	7.70	0.00	0.00	2000
229	11.13	2058	2099	0.00	195	0	0	0	nan	0.00	0.00	3.03	85.94	88.87	0.00	37	0	42	0.00	0.00	66.31	7.78	0.00	0.00	2000
227	11.16	2085	2049	0.00	179	0	0	0	nan	0.00	0.02	3.01	83.79	88.84	0.00	37	0	42	0.00	0.00	62.38	7.46	0.00	0.00	2000
230	11.06	2034	2150	0.00	196	0	0	0	nan	0.00	0.03	4.19	87.07	88.94	0.00	37	0	42	0.00	0.00	68.90	7.79	0.00	0.00	2000
228	11.08	2050	2108	0.00	194	0	0	0	nan	0.00	0.00	2.81	86.64	88.92	0.00	37	0	41	0.00	0.00	64.12	7.39	0.00	0.00	2000
230	11.04	2085	2096	0.00	193	0	0	0	nan	0.00	0.01	3.30	85.56	88.96	0.00	37	0	42	0.00	0.00	64.29	7.34	0.00	0.00	2000
231	11.23	2057	2099	0.00	195	0	0	0	nan	0.00	0.00	2.75	86.16	88.77	0.00	37	0	41	0.00	0.00	66.52	7.71	0.00	0.00	2000
228	11.47	1993	2098	0.00	178	0	0	0	nan	0.00	0.02	3.28	85.38	88.53	0.00	37	0	42	0.00	0.00	65.36	7.42	0.00	0.00	2000
228	11.43	2006	2090	0.00	199	0	0	0	nan	0.00	0.02	4.28	84.07	88.57	0.00	37	0	41	0.00	0.00	64.99	7.36	0.00	0.00	2000
228	11.46	1979	2115	0.00	194	0	0	2	61.60	0.00	0.00	3.42	85.91	88.54	0.00	37	0	42	0.00	0.00	63.57	7.26	0.00	0.00	2000
226	11.47	2040	2032	0.86	196	0	0	6	56.71	0.00	0.00	3.29	82.52	88.53	0.00	37	0	42	0.00	0.00	60.84	6.95	0.00	0.00	2000
229	11.08	2007	2163	0.00	195	0	0	0	nan	0.00	0.00	2.59	89.18	88.92	0.00	37	0	41	0.00	0.00	70.76	8.20	0.00	0.00	2000
231	11.50	2003	2108	0.00	196	0	0	0	nan	0.00	0.00	3.83	85.16	88.50	0.00	37	0	41	0.00	0.00	63.78	7.38	0.00	0.00	2000
229	11.04	2076	2098	0.00	194	0	0	0	nan	0.00	0.02	3.73	85.21	88.96	0.00	37	0	42	0.00	0.00	63.37	7.31	0.00	0.00	2000
228	11.14	2043	2101	0.00	195	0	0	0	nan	0.00	0.00	3.30	85.82	88.86	0.00	37	0	42	0.00	0.00	67.11	7.72	0.00	0.00	2000
229	11.10	2068	2098	0.00	195	0	0	0	nan	0.00	0.04	2.76	86.06	88.90	0.00	37	0	41	0.00	0.00	66.41	7.47	0.00	0.00	2000
228	11.15	2086	2054	0.00	179	0	0	0	nan	0.00	0.02	3.54	83.44	88.85	0.00	37	0	42	0.00	0.00	62.09	7.13	0.00	0.00	2000
230	11.40	1975	2147	0.00	197	0	0	0	nan	0.00	0.00	4.11	86.66	88.60	0.00	37	0	41	0.00	0.00	67.85	7.68	0.00	0.00	2000
228	11.46	1993	2094	0.00	195	0	0	0	nan	0.00	0.00	3.01	85.50	88.54	0.00	37	0	42	0.00	0.00	62.29	7.21	0.00	0.00	2000
228	11.58	1967	2101	0.00	195	0	0	0	nan	0.00	0.02	3.44	85.23	88.42	0.00	37	0	41	0.00	0.00	64.89	7.49	0.00	0.00	2000
230	11.65	1971	2104	0.00	197	0	0	0	nan	0.00	0.00	4.02	84.69	88.35	0.00	37	0	41	0.00	0.00	63.37	7.34	0.00	0.00	2000
229	11.57	1976	2101	0.00	194	0	0	0	nan	0.00	0.00	3.52	85.16	88.43	0.00	37	0	42	0.00	0.00	64.98	7.51	0.00	0.00	2000
227	11.60	2027	2024	0.00	195	0	0	0	nan	0.00	0.00	3.59	81.77	88.40	0.00	37	0	41	0.00	0.00	63.21	7.30	0.00	0.00	2000
232	11.01	2037	2176	0.00	195	0	0	0	nan	0.00	0.02	3.01	89.35	88.99	0.00	37	0	42	0.00	0.00	68.87	7.82	0.00	0.00	2000
229	11.38	2009	2101	0.00	195	0	0	0	nan	0.00	0.00	3.02	85.85	88.62	0.00	37	0	42	0.00	0.00	63.21	7.23	0.00	0.00	2000
228	11.29	2020	2100	0.00	194	0	0	0	nan	0.00	0.00	3.38	85.53	88.71	0.00	37	0	42	0.00	0.00	65.51	7.66	0.00	0.00	2000
228	11.22	2035	2102	0.00	194	0	0	0	nan	0.00	0.02	3.63	85.44	88.78	0.00	37	0	42	0.00	0.00	66.46	7.52	0.00	0.00	2000
229	11.11	2065	2098	0.61	194	0	0	6	44.90	0.00	0.00	3.02	85.99	88.89	0.00	37	0	41	0.00	0.00	62.75	7.50	0.00	0.00	2000
232	11.41	2029	2101	0.31	198	0	0	0	nan	0.00	0.01	4.35	84.45	88.59	0.00	37	0	41	0.00	0.00	70.31	7.70	0.00	0.00	2000
230	11.08	2076	2103	0.00	180	0	0	0	nan	0.00	0.03	3.24	86.01	88.92	0.00	37	0	42	0.00	0.00	64.32	7.26	0.00	0.00	2000
228	11.20	2043	2094	0.00	194	0	0	0	nan	0.00	0.00	2.95	85.73	88.80	0.00	37	0	41	0.00	0.00	63.17	7.33	0.00	0.00	2000
229	11.33	2024	2102	0.00	196	0	0	0	nan	0.00	0.00	3.67	85.21	88.67	0.00	37	0	41	0.00	0.00	65.77	7.61	0.00	0.00	2000
225	11.66	2037	1989	0.00	194	0	0	0	nan	0.00	0.00	3.04	80.81	88.34	0.00	37	0	41	0.00	0.00	62.22	7.15	0.00	0.00	2000
233	10.86	2041	2210	0.00	195	0	0	0	nan	0.00	0.02	2.37	91.51	89.14	0.00	37	0	42	0.00	0.00	69.74	7.95	0.00	0.00	2000
229	11.20	2044	2104	0.00	196	0	0	0	nan	0.00	0.00	2.87	86.27	88.80	0.00	37	0	41	0.00	0.00	63.10	7.39	0.00	0.00	2000
237	11.53	2048	2104	0.00	198	0	0	0	nan	0.00	0.00	2.86	85.92	88.47	0.00	37	0	41	0.00	0.00	66.21	7.46	0.00	0.00	2000
229	11.21	2042	2097	0.00	194	0	0	0	nan	0.00	0.00	3.76	85.13	88.79	0.00	37	0	41	0.00	0.00	64.25	7.30	0.00	0.00	2000
230	11.08	2078	2102	0.00	195	0	0	0	nan	0.00	0.02	3.20	85.97	88.92	0.00	37	0	41	0.00	0.00	66.73	7.75	0.00	0.00	2000
227	11.28	2020	2096	0.00	179	0	0	0	nan	0.01	0.02	3.01	85.71	88.72	0.00	37	0	42	0.00	0.00	63.59	7.47	0.00	0.00	2000
233	11.29	2062	2104	0.00	196	0	0	0	nan	0.00	0.03	3.70	85.35	88.71	0.00	37	0	42	0.00	0.00	63.33	7.25	0.00	0.00	2000
228	11.17	2043	2098	0.00	195	0	0	0	nan	0.00	0.00	2.79	86.13	88.83	0.00	37	0	42	0.00	0.00	66.17	7.67	0.00	0.00	2000
229	11.26	2042	2094	0.00	195	0	0	0	nan	0.00	0.00	2.84	85.81	88.74	0.00	37	0	42	0.00	0.00	64.77	7.52	0.00	0.00	2000
228	11.45	1987	2104	0.00	196	0	0	0	nan	0.00	0.00	3.38	85.53	88.55	0.00	37	0	42	0.00	0.00	66.47	7.66	0.00	0.00	2000
234	11.78	1989	2099	0.00	196	0	0	0	nan	0.00	0.00	6.77	81.61	88.22	0.00	38	0	41	0.00	0.00	63.26	7.20	0.00	0.00	2000
226	11.40	2037	2043	0.11	194	0	0	5	51.51	0.00	0.00	3.16	83.23	88.60	0.00	37	0	42	0.00	0.00	62.06	7.18	0.00	0.00	2000
232	11.32	1997	2156	0.74	196	0	0	3	71.84	0.00	0.00	3.58	87.67	88.68	0.00	37	0	42	0.00	0.00	67.69	7.93	0.00	0.00	2000
230	11.52	1983	2110	0.00	196	0	0	0	nan	0.00	0.01	3.11	86.03	88.48	0.00	37	0	42	0.00	0.00	64.51	7.46	0.00	0.00	2000
229	11.34	2023	2097	0.00	194	0	0	0	nan	0.00	0.02	3.73	85.00	88.66	0.00	37	0	42	0.00	0.00	65.72	7.61	0.00	0.00	2000
228	11.14	2054	2093	0.00	194	0	0	0	nan	0.00	0.02	3.26	85.37	88.86	0.00	37	0	41	0.00	0.00	65.77	7.49	0.00	0.00	2000
230	11.26	2039	2104	0.00	197	0	0	0	nan	0.00	0.02	3.65	85.45	88.74	0.00	37	0	42	0.00	0.00	63.75	7.28	0.00	0.00	2000
229	11.20	2043	2099	0.00	182	0	0	0	nan	0.01	0.00	3.54	85.45	88.80	0.00	37	0	42	0.00	0.00	63.90	7.35	0.00	0.00	2000
232	11.40	2028	2104	0.00	195	0	0	0	nan	0.00	0.00	3.52	85.42	88.60	0.00	37	0	42	0.00	0.00	65.60	7.58	0.00	0.00	2000
226	11.48	2038	2030	0.00	194	0	0	0	nan	0.00	0.02	3.35	82.35	88.52	0.00	37	0	42	0.00	0.00	63.52	7.43	0.00	0.00	2000
230	11.20	1983	2176	0.00	195	0	0	0	nan	0.01	0.00	2.47	89.77	88.80	0.00	37	0	42	0.00	0.00	66.39	7.75	0.00	0.00	2000
229	11.36	2017	2095	0.00	195	0	0	0	nan	0.00	0.01	3.53	85.11	88.64	0.00	37	0	42	0.00	0.00	66.73	7.64	0.00	0.00	2000
229	11.41	2009	2098	0.00	196	0	0	0	nan	0.00	0.00	2.76	85.90	88.59	0.00	37	0	42	0.00	0.00	66.00	7.72	0.00	0.00	2000
232	11.37	2036	2103	0.00	196	0	0	0	nan	0.00	0.02	2.83	86.08	88.63	0.00	37	0	42	0.00	0.00	64.50	7.46	0.00	0.00	2000
229	11.36	2021	2092	0.00	178	0	0	0	nan	0.00	0.00	3.24	85.30	88.64	0.00	37	0	42	0.00	0.00	62.72	7.09	0.00	0.00	2000
229	11.32	2018	2108	0.00	196	0	0	0	nan	0.00	0.00	3.23	86.00	88.68	0.00	37	0	42	0.00	0.00	67.36	7.66	0.00	0.00	2000
228	11.50	2035	2043	0.00	193	0	0	0	nan	0.00	0.00	3.28	82.98	88.50	0.00	37	0	41	0.00	0.00	63.14	7.36	0.00	0.00	2000
228	11.35	1957	2153	0.00	194	0	0	0	nan	0.00	0.00	3.58	87.55	88.65	0.00	37	0	42	0.00	0.00	65.65	7.55	0.00	0.00	2000
229	11.43	2001	2105	0.00	194	0	0	2	63.37	0.00	0.02	3.50	85.45	88.57	0.00	37	0	41	0.00	0.00	66.45	7.57	0.00	0.00	2000
231	11.06	2084	2101	0.88	196	0	0	6	56.43	0.00	0.00	4.39	84.79	88.94	0.00	37	0	41	0.00	0.00	64.07	7.36	0.00	0.00	2000
230	11.10	2074	2097	0.00	195	0	0	0	nan	0.00	0.02	2.72	86.26	88.90	0.00	37	0	42	0.00	0.00	65.54	7.60	0.00	0.00	2000
231	11.58	2000	2097	0.00	178	0	0	0	nan	0.00	0.00	3.05	85.45	88.42	0.00	37	0	42	0.00	0.00	63.65	7.07	0.00	0.00	2000
229	11.31	2041	2078	0.00	194	0	0	0	nan	0.00	0.00	2.82	85.16	88.69	0.00	37	0	41	0.00	0.00	64.87	7.57	0.00	0.00	2000
229	10.97	2057	2128	0.00	195	0	0	0	nan	0.00	0.00	3.92	86.49	89.03	0.00	37	0	42	0.00	0.00	66.51	7.86	0.00	0.00	2000
229	11.05	2074	2100	0.00	197	0	0	0	nan	0.01	0.00	3.27	85.75	88.95	0.00	37	0	42	0.00	0.00	66.54	7.60	0.00	0.00	2000
230	11.32	2038	2097	0.00	195	0	0	0	nan	0.00	0.03	3.14	85.53	88.68	0.00	37	0	41	0.00	0.00	63.69	7.30	0.00	0.00	2000
226	11.52	2050	2008	0.00	194	0	0	0	nan	0.00	0.01	3.30	81.44	88.48	0.00	37	0	41	0.00	0.00	61.33	6.78	0.00	0.00	2000
243	11.62	1999	2199	0.00	199	0	0	0	nan	0.00	0.00	3.98	88.62	88.38	0.00	37	0	42	0.00	0.00	70.13	8.18	0.00	0.00	2000
229	11.33	2023	2096	0.00	195	0	0	0	nan	0.00	0.00	3.81	84.89	88.67	0.00	37	0	41	0.00	0.00	64.99	7.53	0.00	0.00	2000
229	11.21	2035	2105	0.00	194	0	0	0	nan	0.00	0.03	3.21	85.89	88.79	0.00	37	0	42	0.00	0.00	66.29	7.36	0.00	0.00	2000
233	11.74	1980	2103	0.00	198	0	0	0	nan	0.00	0.00	5.51	83.11	88.26	0.00	37	0	42	0.00	0.00	63.97	7.31	0.00	0.00	2000
229	11.15	2051	2101	0.00	195	0	0	0	nan	0.00	0.00	3.27	85.81	88.85	0.00	37	0	41	0.00	0.00	63.77	7.55	0.00	0.00	2000
229	11.23	2044	2097	0.00	180	0	0	0	nan	0.00	0.00	3.86	85.00	88.77	0.00	37	0	41	0.00	0.00	65.91	7.48	0.00	0.00	2000
228	11.29	2018	2101	0.00	195	0	0	0	nan	0.00	0.00	3.21	85.70	88.71	0.00	37	0	42	0.00	0.00	65.82	7.52	0.00	0.00	2000
229	11.19	2041	2103	0.00	194	0	0	0	nan	0.00	0.02	3.65	85.50	88.81	0.00	37	0	42	0.00	0.00	63.79	7.58	0.00	0.00	2000
228	10.90	2097	2097	0.00	195	0	0	0	nan	0.00	0.01	2.73	86.40	89.10	0.00	37	0	42	0.00	0.00	64.07	7.28	0.00	0.00	2000
231	11.40	2026	2097	0.48	181	0	0	6	45.24	0.00	0.00	3.61	85.08	88.60	0.00	37	0	42	0.00	0.00	64.89	7.58	0.00	0.00	2000
229	11.23	2035	2108	0.45	194	0	0	0	nan	0.00	0.02	3.17	86.08	88.77	0.00	37	0	42	0.00	0.00	67.91	7.83	0.00	0.00	2000
225	11.45	2043	2021	0.00	194	0	0	0	nan	0.00	0.00	2.85	82.55	88.55	0.00	37	0	41	0.00	0.00	59.66	7.03	0.00	0.00	2000
229	11.08	2000	2175	0.00	195	0	0	0	nan	0.00	0.00	3.03	89.29	88.92	0.00	37	0	41	0.00	0.00	68.71	7.97	0.00	0.00	2000
231	11.21	2048	2107	0.00	196	0	0	0	nan	0.00	0.01	3.98	85.16	88.79	0.00	37	0	41	0.00	0.00	66.54	7.70	0.00	0.00	2000
229	11.27	2033	2097	0.00	197	0	0	0	nan	0.00	0.00	3.42	85.36	88.73	0.00	37	0	41	0.00	0.00	62.88	7.25	0.00	0.00	2000
229	11.04	2078	2095	0.00	194	0	0	0	nan	0.00	0.01	2.88	86.03	88.96	0.00	37	0	41	0.00	0.00	62.70	7.27	0.00	0.00	2000
228	11.15	2044	2103	0.00	195	0	0	0	nan	0.00	0.00	3.18	85.92	88.85	0.00	37	0	41	0.00	0.00	67.53	7.94	0.00	0.00	2000
230	11.03	2081	2101	0.00	179	0	0	0	nan	0.00	0.00	3.35	85.89	88.97	0.00	37	0	42	0.00	0.00	66.42	7.52	0.00	0.00	2000
228	11.24	2026	2098	0.00	196	0	0	0	nan	0.00	0.02	3.44	85.42	88.76	0.00	37	0	41	0.00	0.00	65.40	7.71	0.00	0.00	2000
227	11.43	2049	2033	0.00	195	0	0	0	nan	0.00	0.01	3.23	82.70	88.57	0.00	37	0	41	0.00	0.00	61.29	6.95	0.00	0.00	2000
235	10.58	2146	2173	0.00	197	0	0	0	nan	0.00	0.02	3.06	89.55	89.42	0.00	37	0	42	0.00	0.00	70.14	8.05	0.00	0.00	2000
229	11.30	2030	2102	0.00	196	0	0	0	nan	0.00	0.00	3.68	85.30	88.70	0.00	38	0	42	0.00	0.00	63.45	7.45	0.00	0.00	2000
227	11.29	2014	2100	0.00	194	0	0	0	nan	0.00	0.01	3.28	85.63	88.71	0.00	37	0	41	0.00	0.00	64.32	7.26	0.00	0.00	2000
228	11.20	2043	2095	0.00	194	0	0	0	nan	0.00	0.02	2.72	86.00	88.80	0.00	37	0	42	0.00	0.00	65.69	7.44	0.00	0.00	2000
229	11.39	2008	2106	0.00	180	0	0	0	nan	0.00	0.00	3.34	85.71	88.61	0.00	37	0	41	0.00	0.00	67.03	7.60	0.00	0.00	2000
229	11.36	2017	2097	0.00	194	0	0	0	nan	0.00	0.00	3.40	85.32	88.64	0.00	37	0	42	0.00	0.00	60.51	7.26	0.00	0.00	2000
226	11.39	2075	2007	0.02	196	0	0	4	52.26	0.00	0.00	4.16	80.72	88.61	0.00	37	0	42	0.00	0.00	62.34	7.19	0.00	0.00	2000
231	10.78	2051	2194	0.81	195	0	0	4	63.79	0.00	0.00	2.51	90.87	89.22	0.00	37	0	42	0.00	0.00	70.82	8.22	0.00	0.00	2000
228	11.21	2036	2099	0.00	195	0	0	0	nan	0.00	0.00	2.87	86.04	88.79	0.00	37	0	42	0.00	0.00	66.06	7.50	0.00	0.00	2000
229	11.35	2011	2106	0.00	195	0	0	0	nan	0.00	0.00	3.51	85.58	88.65	0.00	37	0	41	0.00	0.00	62.79	7.12	0.00	0.00	2000
229	11.25	2028	2103	0.00	195	0	0	0	nan	0.00	0.03	3.46	85.59	88.75	0.00	37	0	41	0.00	0.00	64.28	7.23	0.00	0.00	2000
231	10.93	2113	2098	0.00	195	0	0	0	nan	0.00	0.02	3.09	86.04	89.07	0.00	37	0	41	0.00	0.00	67.17	7.54	0.00	0.00	2000
228	11.18	2047	2095	0.00	178	0	0	0	nan	0.00	0.01	2.67	86.11	88.82	0.00	37	0	42	0.00	0.00	66.29	7.60	0.00	0.00	2000
229	11.28	2031	2104	0.00	195	0	0	0	nan	0.00	0.01	3.08	86.00	88.72	0.00	37	0	42	0.00	0.00	63.30	7.25	0.00	0.00	2000
228	11.39	1998	2101	0.00	192	0	0	0	nan	0.00	0.02	3.56	85.27	88.61	0.00	37	0	42	0.00	0.00	64.76	7.42	0.00	0.00	2000
225	11.55	2059	1985	0.00	195	0	0	0	nan	0.00	0.01	2.54	81.22	88.45	0.00	37	0	42	0.00	0.00	61.52	7.03	0.00	0.00	2000
232	10.80	2028	2225	0.00	195	0	0	0	nan	0.00	0.02	2.50	92.16	89.20	0.00	37	0	41	0.00	0.00	69.42	7.89	0.00	0.00	2000
232	11.39	2040	2100	0.00	195	0	0	0	nan	0.00	0.00	3.96	84.86	88.61	0.00	37	0	41	0.00	0.00	64.03	7.27	0.00	0.00	2000
228	11.31	2018	2095	0.00	194	0	0	0	nan	0.00	0.00	3.05	85.63	88.69	0.00	37	0	42	0.00	0.00	66.05	7.69	0.00	0.00	2000
228	11.20	2042	2098	0.00	195	0	0	0	nan	0.00	0.00	2.96	85.98	88.80	0.00	37	0	42	0.00	0.00	65.22	7.59	0.00	0.00	2000
228	11.04	2062	2103	0.00	179	0	0	0	nan	0.00	0.01	3.52	85.77	88.96	0.00	37	0	41	0.00	0.00	63.62	7.27	0.00	0.00	2000
231	11.32	2035	2104	0.00	198	0	0	0	nan	0.00	0.02	4.71	84.33	88.68	0.00	37	0	41	0.00	0.00	63.63	7.40	0.00	0.00	2000
229	10.96	2095	2095	0.00	195	0	0	0	nan	0.00	0.01	3.35	85.54	89.04	0.00	37	0	41	0.00	0.00	66.12	7.54	0.00	0.00	2000
230	11.29	2036	2102	0.00	196	0	0	1	72.66	0.00	0.01	2.62	86.24	88.71	0.00	37	0	41	0.00	0.00	65.56	7.61	0.00	0.00	2000
228	11.38	2009	2099	0.80	195	0	0	6	51.33	0.01	0.00	2.88	85.89	88.62	0.00	37	0	41	0.00	0.00	66.33	7.56	0.00	0.00	2000
230	11.44	2004	2103	0.13	180	0	0	0	nan	0.00	0.00	3.73	85.10	88.56	0.00	37	0	42	0.00	0.00	66.15	7.47	0.00	0.00	2000
227	11.49	1977	2102	0.00	193	0	0	0	nan	0.00	0.00	3.27	85.56	88.51	0.00	37	0	42	0.00	0.00	60.71	7.06	0.00	0.00	2000
230	11.20	2050	2101	0.00	195	0	0	0	nan	0.00	0.00	3.69	85.26	88.80	0.00	37	0	42	0.00	0.00	66.86	7.51	0.00	0.00	2000
227	11.68	2050	1988	0.00	196	0	0	0	nan	0.00	0.02	3.37	80.45	88.32	0.00	37	0	41	0.00	0.00	62.96	7.22	0.00	0.00	2000
238	11.07	2038	2215	0.00	198	0	0	0	nan	0.00	0.00	4.01	89.96	88.93	0.00	37	0	42	0.00	0.00	68.98	7.90	0.00	0.00	2000
228	11.35	2014	2096	0.00	194	0	0	0	nan	0.00	0.00	3.14	85.53	88.65	0.00	37	0	41	0.00	0.00	62.95	7.16	0.00	0.00	2000
230	11.05	2071	2108	0.00	195	0	0	0	nan	0.00	0.00	3.79	85.65	88.95	0.00	37	0	41	0.00	0.00	66.61	7.74	0.00	0.00	2000
228	11.15	2050	2096	0.00	194	0	0	0	nan	0.00	0.00	2.97	85.89	88.85	0.00	37	0	41	0.00	0.00	66.31	7.85	0.00	0.00	2000
229	11.15	2058	2095	0.00	195	0	0	0	nan	0.00	0.02	3.22	85.62	88.85	0.00	37	0	41	0.00	0.00	65.37	7.67	0.00	0.00	2000
230	11.20	2054	2105	0.00	195	0	0	0	nan	0.00	0.02	3.02	86.17	88.80	0.00	37	0	42	0.00	0.00	65.54	7.43	0.00	0.00	2000
228	11.09	2058	2101	0.00	178	0	0	0	nan	0.00	0.02	2.71	86.44	88.91	0.00	38	0	42	0.00	0.00	62.82	7.80	0.00	0.00	2000
229	11.36	2009	2103	0.00	196	0	0	0	nan	0.00	0.02	3.54	85.42	88.64	0.00	37	0	42	0.00	0.00	63.76	7.39	0.00	0.00	2000
229	11.42	2010	2096	0.00	194	0	0	0	nan	0.00	0.00	3.38	85.24	88.58	0.00	37	0	42	0.00	0.00	65.30	7.64	0.00	0.00	2000
228	11.32	2011	2100	0.00	194	0	0	0	nan	0.00	0.01	3.32	85.46	88.68	0.00	37	0	41	0.00	0.00	66.73	7.84	0.00	0.00	2000
231	11.47	2019	2097	0.00	194	0	0	0	nan	0.00	0.00	3.01	85.54	88.53	0.00	37	0	42	0.00	0.00	62.64	7.33	0.00	0.00	2000
230	11.34	2021	2105	0.00	181	0	0	0	nan	0.00	0.02	4.56	84.53	88.66	0.00	37	0	42	0.00	0.00	64.25	7.57	0.00	0.00	2000
226	11.50	2052	2009	0.38	193	0	0	6	47.85	0.00	0.02	3.16	81.71	88.51	0.00	37	0	42	0.00	0.00	62.56	7.37	0.00	0.00	2000
233	10.82	2057	2200	0.55	198	0	0	1	90.10	0.00	0.01	4.35	89.23	89.18	0.00	37	0	42	0.00	0.00	67.36	7.92	0.00	0.00	2000
229	11.38	2016	2098	0.00	194	0	0	0	nan	0.00	0.01	3.21	85.51	88.62	0.00	37	0	42	0.00	0.00	66.29	7.64	0.00	0.00	2000
229	11.19	2049	2097	0.00	196	0	0	0	nan	0.00	0.02	3.87	85.02	88.81	0.00	37	0	42	0.00	0.00	63.14	7.46	0.00	0.00	2000
233	10.97	2119	2104	0.00	180	0	0	0	nan	0.00	0.02	3.65	85.68	89.03	0.00	37	0	42	0.00	0.00	64.40	7.28	0.00	0.00	2000
227	10.89	2093	2095	0.00	194	0	0	0	nan	0.00	0.02	3.75	85.31	89.11	0.00	37	0	42	0.00	0.00	67.23	7.49	0.00	0.00	2000
229	11.34	2021	2097	0.00	194	0	0	0	nan	0.00	0.01	2.89	85.86	88.66	0.00	37	0	42	0.00	0.00	65.30	7.50	0.00	0.00	2000
228	11.13	2050	2099	0.00	196	0	0	0	nan	0.00	0.02	3.33	85.69	88.87	0.00	37	0	42	0.00	0.00	65.47	7.53	0.00	0.00	2000
229	11.34	2015	2105	0.00	195	0	0	0	nan	0.00	0.01	3.00	86.09	88.66	0.00	37	0	42	0.00	0.00	62.89	7.26	0.00	0.00	2000
227	11.25	2019	2096	0.00	177	0	0	0	nan	0.00	0.00	2.86	85.91	88.75	0.00	37	0	42	0.00	0.00	63.19	7.25	0.00	0.00	2000
232	11.41	2031	2100	0.00	196	0	0	0	nan	0.00	0.02	3.21	85.57	88.59	0.00	37	0	41	0.00	0.00	64.97	7.34	0.00	0.00	2000
228	11.36	2043	2067	0.00	196	0	0	0	nan	0.00	0.00	2.76	84.58	88.64	0.00	37	0	42	0.00	0.00	64.92	7.52	0.00	0.00	2000
229	11.24	2002	2137	0.00	195	0	0	0	nan	0.00	0.00	4.72	85.80	88.76	0.00	37	0	42	0.00	0.00	65.77	7.60	0.00	0.00	2000
230	11.30	2028	2104	0.00	194	0	0	0	nan	0.00	0.00	2.82	86.12	88.70	0.00	37	0	42	0.00	0.00	67.14	7.77	0.00	0.00	2000
229	11.02	2078	2097	0.00	196	0	0	0	nan	0.00	0.00	2.99	86.07	88.98	0.00	37	0	42	0.00	0.00	65.09	7.43	0.00	0.00	2000
228	11.06	2063	2102	0.00	195	0	0	0	nan	0.00	0.00	3.37	85.83	88.94	0.00	38	0	42	0.00	0.00	61.53	7.61	0.00	0.00	2000
232	11.43	2050	2078	0.00	180	0	0	0	nan	0.00	0.01	3.39	84.40	88.57	0.00	37	0	41	0.00	0.00	65.48	7.38	0.00	0.00	2000
227	11.08	2031	2117	0.00	195	0	0	4	37.11	0.00	0.00	4.31	85.52	88.92	0.00	37	0	42	0.00	0.00	66.46	7.59	0.00	0.00	2000
230	11.36	2014	2108	1.05	194	0	0	8	37.64	0.00	0.01	3.12	86.00	88.64	0.00	38	0	42	0.00	0.00	67.05	7.87	0.00	0.00	2000
224	11.56	2034	2001	0.00	196	0	0	0	nan	0.00	0.02	3.14	81.29	88.44	0.00	38	0	42	0.00	0.00	59.74	6.94	0.00	0.00	2000
239	11.17	2050	2193	0.00	195	0	0	0	nan	0.01	0.00	3.37	89.61	88.83	0.00	38	0	41	0.00	0.00	67.95	7.97	0.00	0.00	2000
230	11.45	2003	2102	0.00	197	0	0	0	nan	0.00	0.01	3.73	85.08	88.55	0.00	37	0	42	0.00	0.00	65.74	7.76	0.00	0.00	2000
229	11.27	2029	2100	0.00	196	0	0	0	nan	0.00	0.02	3.48	85.39	88.73	0.00	37	0	42	0.00	0.00	65.58	7.71	0.00	0.00	2000
229	11.41	2000	2106	0.00	194	0	0	0	nan	0.01	0.00	3.07	85.92	88.59	0.00	38	0	42	0.00	0.00	65.93	7.89	0.00	0.00	2000
229	11.21	2047	2097	0.00	197	0	0	0	nan	0.00	0.02	3.31	85.50	88.79	0.00	37	0	42	0.00	0.00	63.24	7.50	0.00	0.00	2000
234	11.48	2042	2097	0.00	195	0	0	0	nan	0.00	0.00	3.33	85.21	88.52	0.00	38	0	41	0.00	0.00	64.71	7.45	0.00	0.00	2000
229	11.31	2024	2103	0.00	179	0	0	0	nan	0.00	0.00	3.53	85.49	88.69	0.00	37	0	41	0.00	0.00	66.29	8.03	0.00	0.00	2000
233	11.16	2087	2103	0.00	200	0	0	0	nan	0.00	0.00	5.18	83.98	88.84	0.00	38	0	42	0.00	0.00	65.98	7.87	0.00	0.00	2000
229	11.14	2057	2100	0.00	198	0	0	0	nan	0.00	0.00	3.28	85.78	88.86	0.00	38	0	41	0.00	0.00	63.17	7.50	0.00	0.00	2000
227	10.99	2077	2088	0.00	196	0	0	0	nan	0.00	0.00	3.29	85.37	89.01	0.00	38	0	41	0.00	0.00	62.35	7.43	0.00	0.00	2000
229	11.43	1994	2105	0.00	195	0	0	0	nan	0.00	0.02	3.01	85.97	88.57	0.00	37	0	41	0.00	0.00	64.85	7.78	0.00	0.00	2000
229	11.40	2005	2101	0.00	194	0	0	0	nan	0.00	0.01	3.39	85.46	88.60	0.00	37	0	41	0.00	0.00	67.49	7.72	0.00	0.00	2000
231	11.14	2071	2102	0.00	178	0	0	0	nan	0.00	0.00	3.19	85.89	88.86	0.00	38	0	41	0.00	0.00	64.73	7.80	0.00	0.00	2000
229	11.21	2073	2069	0.00	195	0	0	0	nan	0.00	0.00	3.69	83.87	88.79	0.00	37	0	41	0.00	0.00	64.61	7.53	0.00	0.00	2000
229	11.24	2010	2132	0.00	210	0	0	0	nan	0.00	0.00	3.79	86.51	88.76	0.00	37	0	41	0.00	0.00	66.47	7.77	0.00	0.00	2000
229	11.28	2021	2105	0.82	178	0	0	10	26.16	0.00	0.00	3.39	85.74	88.72	0.00	37	0	41	0.00	0.00	63.81	7.49	0.00	0.00	2000
227	11.44	2061	2024	0.35	194	0	0	0	nan	0.00	0.01	2.94	82.55	88.56	0.00	37	0	42	0.00	0.00	62.54	7.21	0.00	0.00	2000
229	10.97	2024	2168	0.00	194	0	0	0	nan	0.00	0.00	3.87	88.21	89.03	0.00	38	0	42	0.00	0.00	68.81	8.09	0.00	0.00	2000
232	11.33	2033	2113	0.00	195	0	0	0	nan	0.00	0.00	3.58	85.84	88.67	0.00	38	0	42	0.00	0.00	66.97	7.82	0.00	0.00	2000
228	11.00	2073	2096	0.00	194	0	0	0	nan	0.00	0.00	3.65	85.39	89.00	0.00	38	0	42	0.00	0.00	60.63	7.02	0.00	0.00	2000
228	11.23	2039	2096	0.00	194	0	0	0	nan	0.00	0.03	3.23	85.58	88.77	0.00	37	0	41	0.00	0.00	65.38	7.78	0.00	0.00	2000
228	11.12	2051	2102	0.00	195	0	0	0	nan	0.00	0.02	3.24	85.93	88.88	0.00	37	0	41	0.00	0.00	67.38	8.02	0.00	0.00	2000
229	11.32	2029	2098	0.00	181	0	0	0	nan	0.00	0.01	4.47	84.20	88.68	0.00	37	0	42	0.00	0.00	65.78	7.65	0.00	0.00	2000
230	11.42	2013	2100	0.00	196	0	0	0	nan	0.00	0.02	3.26	85.50	88.58	0.00	38	0	42	0.00	0.00	65.12	7.59	0.00	0.00	2000
229	11.53	1989	2101	0.00	194	0	0	0	nan	0.00	0.01	3.15	85.54	88.47	0.00	37	0	42	0.00	0.00	65.51	7.56	0.00	0.00	2000
228	11.49	1997	2085	0.00	196	0	0	0	nan	0.00	0.00	2.90	85.12	88.51	0.00	37	0	42	0.00	0.00	65.29	7.56	0.00	0.00	2000
228	11.52	1971	2111	0.00	195	0	0	0	nan	0.00	0.00	3.57	85.57	88.48	0.00	37	0	41	0.00	0.00	65.76	7.61	0.00	0.00	2000
228	11.39	1994	2106	0.00	196	0	0	0	nan	0.00	0.00	3.06	85.95	88.61	0.00	38	0	41	0.00	0.00	65.99	7.85	0.00	0.00	2000
227	11.52	2028	2037	0.00	195	0	0	0	nan	0.00	0.03	3.29	82.73	88.48	0.00	37	0	41	0.00	0.00	60.81	7.21	0.00	0.00	2000
232	11.16	2014	2167	0.00	196	0	0	0	nan	0.00	0.02	3.99	87.87	88.84	0.00	37	0	41	0.00	0.00	66.80	7.98	0.00	0.00	2000
228	11.16	2039	2103	0.00	195	0	0	0	nan	0.00	0.00	3.36	85.82	88.84	0.00	37	0	41	0.00	0.00	66.06	7.80	0.00	0.00	2000
228	11.10	2064	2093	0.00	195	0	0	0	nan	0.00	0.00	3.72	85.02	88.90	0.00	37	0	42	0.00	0.00	63.93	7.52	0.00	0.00	2000
229	11.03	2074	2104	0.35	196	0	0	10	31.48	0.00	0.00	3.12	86.22	88.97	0.00	37	0	42	0.00	0.00	66.96	8.02	0.00	0.00	2000
227	11.12	2050	2095	0.82	179	0	0	3	64.98	0.00	0.00	3.39	85.40	88.88	0.00	37	0	42	0.00	0.00	66.10	7.50	0.00	0.00	2000
231	11.53	2001	2101	0.00	196	0	0	0	nan	0.00	0.00	2.61	86.00	88.47	0.00	38	0	41	0.00	0.00	64.45	7.64	0.00	0.00	2000
229	11.38	2005	2104	0.00	197	0	0	0	nan	0.00	0.00	3.25	85.68	88.62	0.00	37	0	41	0.00	0.00	67.11	7.91	0.00	0.00	2000
230	11.40	2013	2101	0.00	194	0	0	0	nan	0.00	0.00	3.41	85.42	88.60	0.00	37	0	41	0.00	0.00	64.06	7.55	0.00	0.00	2000
229	11.33	2023	2095	0.00	196	0	0	0	nan	0.00	0.01	3.08	85.53	88.67	0.00	37	0	41	0.00	0.00	63.16	7.37	0.00	0.00	2000
227	11.52	2037	2028	0.00	198	0	0	0	nan	0.00	0.00	3.27	82.38	88.48	0.00	37	0	41	0.00	0.00	62.76	7.22	0.00	0.00	2000
230	10.95	2026	2176	0.00	194	0	0	0	nan	0.00	0.01	2.64	89.79	89.05	0.00	37	0	41	0.00	0.00	68.68	8.35	0.00	0.00	2000
233	11.22	2072	2102	0.00	197	0	0	0	nan	0.00	0.00	3.41	85.54	88.78	0.00	37	0	42	0.00	0.00	65.96	7.32	0.00	0.00	2000
229	11.29	2023	2105	0.00	196	0	0	0	nan	0.00	0.01	3.08	86.02	88.71	0.00	38	0	42	0.00	0.00	67.31	8.03	0.00	0.00	2000
229	11.02	2082	2092	0.00	195	0	0	0	nan	0.00	0.03	3.56	85.26	88.98	0.00	38	0	42	0.00	0.00	62.56	7.31	0.00	0.00	2000
229	11.19	2038	2107	0.00	197	0	0	0	nan	0.00	0.01	3.38	85.91	88.81	0.00	37	0	42	0.00	0.00	66.40	7.80	0.00	0.00	2000
229	11.40	2007	2100	0.00	196	0	0	0	nan	0.00	0.00	3.09	85.71	88.60	0.00	37	0	41	0.00	0.00	66.66	7.72	0.00	0.00	2000
230	11.44	2015	2097	0.00	179	0	0	0	nan	0.00	0.02	3.25	85.37	88.56	0.00	37	0	41	0.00	0.00	63.81	7.64	0.00	0.00	2000
229	11.15	2054	2096	0.00	196	0	0	0	nan	0.00	0.00	3.63	85.29	88.85	0.00	37	0	41	0.00	0.00	62.57	7.72	0.00	0.00	2000
227	11.64	1984	2064	0.00	194	0	0	0	nan	0.00	0.03	2.81	84.25	88.36	0.00	37	0	41	0.00	0.00	64.32	7.20	0.00	0.00	2000
230	11.30	1996	2141	0.00	196	0	0	0	nan	0.00	0.00	3.42	87.16	88.70	0.00	37	0	42	0.00	0.00	68.00	8.09	0.00	0.00	2000
228	11.24	2024	2101	0.00	196	0	0	5	34.60	0.00	0.00	3.10	85.91	88.76	0.00	38	0	42	0.00	0.00	64.65	7.73	0.00	0.00	2000
229	11.15	2055	2098	1.03	194	0	0	7	40.77	0.00	0.01	3.21	85.69	88.85	0.00	37	0	42	0.00	0.00	65.78	7.62	0.00	0.00	2000
230	11.23	2045	2105	0.00	197	0	0	0	nan	0.00	0.02	3.78	85.34	88.77	0.00	37	0	41	0.00	0.00	66.36	7.66	0.00	0.00	2000
231	11.89	2055	1984	0.00	197	0	0	0	nan	0.00	0.01	3.52	79.90	88.11	0.00	38	0	41	0.00	0.00	61.86	7.26	0.00	0.00	2000
232	10.83	2026	2220	0.00	195	0	0	0	nan	0.00	0.01	3.03	91.41	89.17	0.00	37	0	41	0.00	0.00	68.91	8.06	0.00	0.00	2000
230	11.07	2070	2109	0.00	196	0	0	0	nan	0.00	0.00	3.59	85.88	88.93	0.00	38	0	42	0.00	0.00	64.70	7.43	0.00	0.00	2000
229	10.97	2099	2089	0.00	197	0	0	0	nan	0.00	0.00	3.73	84.99	89.03	0.00	38	0	41	0.00	0.00	65.83	7.65	0.00	0.00	2000
231	11.33	2026	2109	0.00	195	0	0	0	nan	0.00	0.01	3.45	85.79	88.67	0.00	38	0	41	0.00	0.00	67.12	7.75	0.00	0.00	2000
229	11.36	2025	2095	0.00	179	0	0	0	nan	0.00	0.00	2.93	85.70	88.64	0.00	37	0	42	0.00	0.00	63.94	7.53	0.00	0.00	2000
228	11.22	2036	2099	0.00	196	0	0	0	nan	0.00	0.01	3.39	85.46	88.78	0.00	38	0	41	0.00	0.00	65.68	7.72	0.00	0.00	2000
228	11.39	2000	2098	0.00	194	0	0	0	nan	0.00	0.01	3.57	85.11	88.61	0.00	38	0	41	0.00	0.00	65.94	7.64	0.00	0.00	2000
231	11.25	2045	2110	0.00	196	0	0	0	nan	0.00	0.00	3.36	85.92	88.75	0.00	37	0	42	0.00	0.00	64.62	7.51	0.00	0.00	2000
227	11.22	2036	2087	0.00	195	0	0	0	nan	0.00	0.00	3.06	85.35	88.78	0.00	37	0	41	0.00	0.00	66.01	7.74	0.00	0.00	2000
230	11.12	2064	2109	0.00	195	0	0	0	nan	0.00	0.00	3.55	85.84	88.88	0.00	37	0	42	0.00	0.00	65.95	7.67	0.00	0.00	2000
229	11.25	2039	2099	0.00	200	0	0	0	nan	0.00	0.01	5.17	83.76	88.75	0.00	37	0	42	0.00	0.00	64.63	7.51	0.00	0.00	2000
233	11.50	2028	2097	0.00	196	0	0	0	nan	0.00	0.02	6.62	81.89	88.50	0.00	37	0	42	0.00	0.00	66.00	7.57	0.00	0.00	2000
227	11.41	2028	2064	0.00	194	0	0	0	nan	0.00	0.00	2.97	84.30	88.59	0.00	37	0	41	0.00	0.00	62.08	7.28	0.00	0.00	2000
229	11.21	2007	2135	0.00	195	0	0	0	97.30	0.00	0.00	4.15	86.32	88.79	0.00	37	0	41	0.00	0.00	67.58	8.02	0.00	0.00	2000
231	11.31	2038	2103	0.95	196	0	0	11	30.78	0.00	0.01	3.63	85.38	88.69	0.00	37	0	42	0.00	0.00	64.03	7.57	0.00	0.00	2000
231	11.12	2068	2105	0.20	195	0	0	0	nan	0.00	0.00	2.86	86.44	88.88	0.00	37	0	42	0.00	0.00	67.36	7.90	0.00	0.00	2000
228	10.95	2083	2096	0.00	196	0	0	0	nan	0.01	0.00	2.70	86.30	89.05	0.00	37	0	42	0.00	0.00	66.56	7.84	0.00	0.00	2000
228	11.44	1993	2102	0.00	194	0	0	0	nan	0.00	0.00	3.11	85.75	88.56	0.00	37	0	41	0.00	0.00	63.35	7.33	0.00	0.00	2000
228	11.51	1984	2096	0.00	179	0	0	0	nan	0.00	0.00	3.34	85.18	88.49	0.00	37	0	42	0.00	0.00	63.99	7.45	0.00	0.00	2000
230	11.46	2002	2107	0.00	197	0	0	0	nan	0.00	0.00	3.46	85.60	88.54	0.00	37	0	42	0.00	0.00	66.81	7.78	0.00	0.00	2000
226	11.60	2024	2022	0.00	195	0	0	0	nan	0.00	0.00	3.55	81.75	88.40	0.00	37	0	41	0.00	0.00	63.56	7.29	0.00	0.00	2000
230	10.89	2046	2171	0.00	195	0	0	0	nan	0.00	0.02	2.60	89.73	89.11	0.00	38	0	41	0.00	0.00	65.75	7.68	0.00	0.00	2000
229	11.32	2015	2110	0.00	195	0	0	0	nan	0.00	0.00	3.34	85.96	88.68	0.00	38	0	42	0.00	0.00	67.49	7.97	0.00	0.00	2000
230	11.23	2052	2098	0.00	195	0	0	0	nan	0.00	0.00	3.71	85.18	88.77	0.00	37	0	42	0.00	0.00	67.07	7.68	0.00	0.00	2000
228	11.17	2047	2097	0.00	195	0	0	0	nan	0.01	0.00	3.03	85.86	88.83	0.00	37	0	42	0.00	0.00	63.72	7.69	0.00	0.00	2000
228	11.19	2047	2091	0.00	178	0	0	0	nan	0.00	0.00	3.46	85.17	88.81	0.00	37	0	42	0.00	0.00	62.45	7.39	0.00	0.00	2000
230	11.17	2051	2106	0.00	195	0	0	0	nan	0.00	0.00	3.67	85.64	88.83	0.00	38	0	42	0.00	0.00	66.07	7.82	0.00	0.00	2000
229	11.52	1986	2098	0.00	195	0	0	0	nan	0.00	0.02	2.68	85.87	88.48	0.00	37	0	42	0.00	0.00	66.06	7.73	0.00	0.00	2000
229	11.33	2007	2111	0.00	195	0	0	0	nan	0.00	0.00	2.93	86.32	88.67	0.00	37	0	41	0.00	0.00	66.94	7.92	0.00	0.00	2000
228	11.22	2038	2092	0.00	195	0	0	0	nan	0.00	0.00	3.09	85.57	88.78	0.00	38	0	42	0.00	0.00	65.22	7.71	0.00	0.00	2000
228	11.47	1990	2100	0.00	194	0	0	0	nan	0.00	0.00	3.35	85.38	88.53	0.00	37	0	42	0.00	0.00	65.94	7.77	0.00	0.00	2000
232	11.27	2059	2101	0.39	199	0	0	10	30.45	0.00	0.02	3.76	85.17	88.73	0.00	38	0	42	0.00	0.00	65.87	7.84	0.00	0.00	2000
229	11.10	2064	2096	0.76	196	0	0	2	74.47	0.00	0.01	3.74	85.14	88.90	0.00	37	0	41	0.00	0.00	63.89	7.67	0.00	0.00	2000
250	12.58	1984	2105	0.00	179	0	0	0	nan	0.00	0.00	4.32	83.50	87.42	0.00	38	0	42	0.00	0.00	63.88	7.51	0.00	0.00	2000
229	11.36	2013	2098	0.00	196	0	0	0	nan	0.00	0.00	2.86	85.91	88.64	0.00	37	0	42	0.00	0.00	66.17	7.88	0.00	0.00	2000
228	11.70	1991	2055	0.00	195	0	0	0	nan	0.00	0.04	3.36	83.22	88.30	0.00	37	0	42	0.00	0.00	63.99	7.49	0.00	0.00	2000
228	11.10	2011	2145	0.00	196	0	0	0	nan	0.00	0.00	3.39	87.60	88.90	0.00	38	0	42	0.00	0.00	67.05	7.91	0.00	0.00	2000
231	11.03	2098	2100	0.00	195	0	0	0	nan	0.00	0.00	3.90	85.26	88.97	0.00	37	0	42	0.00	0.00	67.05	7.55	0.00	0.00	2000
231	11.06	2085	2101	0.00	198	0	0	0	nan	0.00	0.02	3.16	85.99	88.94	0.00	37	0	42	0.00	0.00	63.21	7.88	0.00	0.00	2000
230	11.09	2067	2104	0.00	196	0	0	0	nan	0.00	0.00	2.86	86.34	88.91	0.00	37	0	42	0.00	0.00	67.06	8.07	0.00	0.00	2000
228	10.98	2079	2101	0.00	196	0	0	0	nan	0.00	0.02	2.49	86.73	89.02	0.00	37	0	42	0.00	0.00	64.63	7.40	0.00	0.00	2000
228	11.33	2014	2095	0.00	179	0	0	0	nan	0.00	0.00	3.25	85.39	88.67	0.00	37	0	42	0.00	0.00	65.55	7.74	0.00	0.00	2000
229	11.15	2054	2103	0.00	194	0	0	0	nan	0.01	0.00	3.08	86.03	88.85	0.00	37	0	42	0.00	0.00	67.61	7.68	0.00	0.00	2000
228	11.42	2061	2033	0.00	195	0	0	0	nan	0.00	0.00	3.33	82.59	88.58	0.00	38	0	42	0.00	0.00	61.40	7.13	0.00	0.00	2000
231	11.10	2007	2176	0.00	196	0	0	0	nan	0.00	0.01	3.31	89.05	88.90	0.00	38	0	42	0.00	0.00	70.16	8.32	0.00	0.00	2000
229	11.23	2037	2098	0.00	193	0	0	0	nan	0.00	0.02	3.10	85.72	88.77	0.00	37	0	42	0.00	0.00	63.83	7.49	0.00	0.00	2000
230	11.12	2075	2089	0.00	226	0	0	0	nan	0.00	0.00	2.81	85.69	88.88	0.00	38	0	42	0.00	0.00	65.98	7.59	0.00	0.00	2000
232	11.10	2082	2109	0.00	195	0	0	0	nan	0.00	0.02	3.43	86.00	88.90	0.00	38	0	41	0.00	0.00	65.90	7.66	0.00	0.00	2000
231	11.03	2101	2093	0.00	196	0	0	5	38.78	0.00	0.02	4.24	84.56	88.97	0.00	37	0	42	0.00	0.00	65.32	7.58	0.00	0.00	2000
230	11.09	2068	2108	1.04	180	0	0	8	41.15	0.00	0.00	3.72	85.72	88.91	0.00	37	0	42	0.00	0.00	67.09	7.90	0.00	0.00	2000
228	11.15	2050	2093	0.00	193	0	0	0	nan	0.00	0.00	3.38	85.41	88.85	0.00	37	0	42	0.00	0.00	66.04	7.70	0.00	0.00	2000
229	11.41	2007	2101	0.00	194	0	0	0	nan	0.00	0.02	3.09	85.67	88.59	0.00	38	0	42	0.00	0.00	62.73	7.29	0.00	0.00	2000
226	11.55	2025	2029	0.00	200	0	0	0	nan	0.00	0.00	4.44	81.15	88.45	0.00	38	0	42	0.00	0.00	63.83	7.45	0.00	0.00	2000
231	11.31	1973	2173	0.00	195	0	0	0	nan	0.00	0.00	2.95	89.02	88.69	0.00	37	0	42	0.00	0.00	67.57	8.05	0.00	0.00	2000
230	11.06	2077	2098	0.00	195	0	0	0	nan	0.00	0.03	2.75	86.20	88.94	0.00	37	0	42	0.00	0.00	66.35	7.97	0.00	0.00	2000
230	11.50	1991	2106	0.00	196	0	0	0	nan	0.00	0.00	2.97	85.99	88.50	0.00	37	0	42	0.00	0.00	65.28	7.68	0.00	0.00	2000
229	11.35	2011	2103	0.00	194	0	0	0	nan	0.00	0.00	3.20	85.80	88.65	0.00	37	0	42	0.00	0.00	64.19	7.59	0.00	0.00	2000
229	11.11	2060	2099	0.00	196	0	0	0	nan	0.01	0.00	3.23	85.76	88.89	0.00	37	0	42	0.00	0.00	64.62	7.43	0.00	0.00	2000
228	11.23	2038	2095	0.00	196	0	0	0	nan	0.00	0.00	2.95	85.81	88.77	0.00	38	0	42	0.00	0.00	66.43	7.83	0.00	0.00	2000
232	11.56	1998	2110	0.00	179	0	0	0	nan	0.01	0.00	3.62	85.45	88.44	0.00	37	0	42	0.00	0.00	66.90	7.97	0.00	0.00	2000
227	11.05	2060	2095	0.00	194	0	0	0	nan	0.00	0.00	3.60	85.31	88.95	0.00	38	0	42	0.00	0.00	64.19	7.45	0.00	0.00	2000
226	11.30	2102	1997	0.00	196	0	0	0	nan	0.00	0.02	3.42	81.08	88.70	0.00	38	0	42	0.00	0.00	60.50	7.06	0.00	0.00	2000
230	10.94	2006	2200	0.00	194	0	0	0	nan	0.00	0.00	2.05	91.40	89.06	0.00	37	0	42	0.00	0.00	71.21	8.54	0.00	0.00	2000
228	11.43	1991	2107	0.00	196	0	0	0	nan	0.00	0.00	2.79	86.25	88.57	0.00	38	0	42	0.00	0.00	66.34	7.91	0.00	0.00	2000
228	11.39	2001	2100	0.00	197	0	0	0	nan	0.00	0.00	3.65	85.09	88.61	0.00	37	0	42	0.00	0.00	63.25	7.52	0.00	0.00	2000
231	11.65	1985	2098	0.00	196	0	0	0	nan	0.00	0.00	3.94	84.54	88.35	0.00	37	0	42	0.00	0.00	66.27	7.86	0.00	0.00	2000
229	11.30	2024	2099	0.91	196	0	0	10	26.86	0.00	0.00	2.83	86.07	88.70	0.00	38	0	42	0.00	0.00	63.26	7.65	0.00	0.00	2000
230	11.46	2003	2102	0.26	197	0	0	0	nan	0.00	0.01	3.03	85.77	88.54	0.00	37	0	42	0.00	0.00	66.72	7.95	0.00	0.00	2000
228	11.54	1978	2098	0.00	185	0	0	0	nan	0.00	0.00	3.89	84.73	88.46	0.00	37	0	42	0.00	0.00	66.53	8.05	0.00	0.00	2000
231	11.41	2024	2105	0.00	207	0	0	0	nan	0.00	0.00	4.82	84.12	88.59	0.00	37	0	42	0.00	0.00	63.96	7.89	0.00	0.00	2000
230	11.39	2025	2094	0.00	195	0	0	0	nan	0.00	0.02	3.51	85.00	88.61	0.00	37	0	42	0.00	0.00	62.87	7.29	0.00	0.00	2000
229	11.20	2048	2100	0.00	197	0	0	0	nan	0.00	0.00	3.00	85.97	88.80	0.00	38	0	42	0.00	0.00	66.13	7.82	0.00	0.00	2000
231	11.34	2032	2102	0.00	198	0	0	0	nan	0.00	0.02	4.11	84.82	88.66	0.00	38	0	41	0.00	0.00	67.13	8.11	0.00	0.00	2000
229	11.55	1988	2097	0.00	180	0	0	0	nan	0.00	0.00	4.06	84.48	88.45	0.00	37	0	42	0.00	0.00	65.85	7.58	0.00	0.00	2000
229	11.00	2073	2106	0.00	197	0	0	0	nan	0.00	0.00	3.39	86.02	89.00	0.00	37	0	42	0.00	0.00	64.87	7.74	0.00	0.00	2000
226	11.50	2031	2036	0.00	194	0	0	0	nan	0.00	0.03	3.13	82.86	88.50	0.00	37	0	42	0.00	0.00	60.70	7.26	0.00	0.00	2000
230	11.21	1998	2160	0.00	196	0	0	0	nan	0.00	0.00	3.35	88.14	88.79	0.00	37	0	42	0.00	0.00	71.61	8.26	0.00	0.00	2000
230	11.52	1986	2113	0.00	194	0	0	0	nan	0.00	0.00	3.12	86.11	88.48	0.00	37	0	42	0.00	0.00	63.94	7.84	0.00	0.00	2000
227	11.18	2038	2093	0.00	196	0	0	0	nan	0.00	0.00	3.44	85.28	88.82	0.00	37	0	42	0.00	0.00	64.24	7.79	0.00	0.00	2000
229	11.22	2043	2095	0.00	195	0	0	0	nan	0.00	0.01	3.16	85.60	88.78	0.00	37	0	42	0.00	0.00	65.42	7.72	0.00	0.00	2000
228	11.34	2010	2099	0.00	196	0	0	0	nan	0.00	0.00	3.83	84.93	88.66	0.00	37	0	41	0.00	0.00	66.18	7.80	0.00	0.00	2000
229	11.20	2047	2101	0.00	195	0	0	0	nan	0.00	0.02	3.13	85.92	88.80	0.00	38	0	42	0.00	0.00	62.77	7.72	0.00	0.00	2000
230	11.37	2040	2082	0.00	182	0	0	0	nan	0.00	0.00	3.43	84.65	88.63	0.00	38	0	42	0.00	0.00	65.51	7.33	0.00	0.00	2000
236	11.40	2047	2119	0.34	197	0	0	10	37.13	0.00	0.00	4.76	84.74	88.60	0.00	37	0	42	0.00	0.00	66.98	7.72	0.00	0.00	2000
230	11.45	2005	2106	0.86	195	0	0	3	64.39	0.00	0.02	4.27	84.74	88.55	0.00	38	0	42	0.00	0.00	64.45	7.59	0.00	0.00	2000
230	11.25	2043	2101	0.00	196	0	0	0	nan	0.00	0.00	2.85	86.02	88.75	0.00	37	0	42	0.00	0.00	66.93	7.84	0.00	0.00	2000
229	11.23	2065	2076	0.00	180	0	0	0	nan	0.00	0.03	2.89	85.01	88.77	0.00	37	0	42	0.00	0.00	63.35	7.44	0.00	0.00	2000
240	11.91	1995	2120	0.00	219	0	0	0	nan	0.00	1.73	6.41	81.06	88.09	0.00	37	0	41	0.00	0.00	65.79	7.92	0.00	0.00	2000
230	11.11	2061	2108	0.00	196	0	0	0	nan	0.00	0.00	3.68	85.72	88.89	0.00	37	0	42	0.00	0.00	67.94	7.60	0.00	0.00	2000
227	11.51	2026	2040	0.00	192	0	0	0	nan	0.00	0.00	3.00	83.18	88.49	0.00	38	0	42	0.00	0.00	60.76	7.38	0.00	0.00	2000
229	11.26	1979	2155	0.00	195	0	0	0	nan	0.00	0.00	3.49	87.72	88.74	0.00	37	0	42	0.00	0.00	68.73	8.20	0.00	0.00	2000
229	11.61	1971	2100	0.00	196	0	0	0	nan	0.00	0.00	3.17	85.44	88.39	0.00	37	0	41	0.00	0.00	63.03	7.32	0.00	0.00	2000
227	11.31	2029	2076	0.00	193	0	0	0	nan	0.00	0.00	3.62	84.17	88.69	0.00	37	0	42	0.00	0.00	66.09	7.73	0.00	0.00	2000
232	11.27	2040	2122	0.00	197	0	0	0	nan	0.00	0.00	3.40	86.34	88.73	0.00	37	0	42	0.00	0.00	65.89	7.69	0.00	0.00	2000
229	11.11	2063	2095	0.00	197	0	0	0	nan	0.00	0.00	2.76	86.08	88.89	0.00	37	0	42	0.00	0.00	66.07	7.66	0.00	0.00	2000
230	11.14	2048	2113	0.00	195	0	0	0	nan	0.00	0.02	3.07	86.47	88.86	0.00	38	0	42	0.00	0.00	67.29	7.85	0.00	0.00	2000
228	11.17	2054	2090	0.00	179	0	0	0	nan	0.00	0.02	2.94	85.71	88.83	0.00	37	0	42	0.00	0.00	63.13	7.45	0.00	0.00	2000
229	11.06	2066	2101	0.00	195	0	0	0	nan	0.00	0.00	2.83	86.28	88.94	0.00	37	0	41	0.00	0.00	65.45	7.78	0.00	0.00	2000
231	10.89	2113	2107	0.00	194	0	0	0	nan	0.00	0.00	2.68	86.87	89.11	0.00	37	0	42	0.00	0.00	67.26	8.05	0.00	0.00	2000
231	11.06	2083	2103	0.00	198	0	0	0	nan	0.00	0.00	3.24	85.91	88.94	0.00	37	0	42	0.00	0.00	64.44	7.71	0.00	0.00	2000
225	11.46	2047	2011	0.00	195	0	0	4	37.51	0.00	0.00	2.74	82.20	88.54	0.00	37	0	41	0.00	0.00	62.29	7.27	0.00	0.00	2000
230	11.11	1989	2186	1.01	194	0	0	8	39.33	0.00	0.02	2.92	89.83	88.89	0.00	38	0	42	0.00	0.00	68.40	7.99	0.00	0.00	2000
229	11.20	2047	2100	0.00	196	0	0	0	nan	0.00	0.00	3.04	85.91	88.80	0.00	38	0	42	0.00	0.00	64.53	7.62	0.00	0.00	2000
230	11.27	2038	2103	0.00	195	0	0	0	nan	0.00	0.01	3.38	85.67	88.73	0.00	37	0	41	0.00	0.00	67.08	7.90	0.00	0.00	2000
231	11.47	2015	2096	0.00	198	0	0	0	nan	0.00	0.00	3.49	85.02	88.53	0.00	37	0	42	0.00	0.00	64.00	7.60	0.00	0.00	2000
229	11.52	1982	2105	0.00	179	0	0	0	nan	0.00	0.02	3.41	85.50	88.48	0.00	37	0	42	0.00	0.00	66.38	7.90	0.00	0.00	2000
230	11.22	2049	2097	0.00	196	0	0	0	nan	0.00	0.00	3.17	85.70	88.78	0.00	37	0	42	0.00	0.00	64.82	7.77	0.00	0.00	2000
230	11.39	2019	2098	0.00	195	0	0	0	nan	0.00	0.02	3.45	85.27	88.61	0.00	37	0	42	0.00	0.00	66.76	7.83	0.00	0.00	2000
229	11.34	2020	2103	0.00	196	0	0	0	nan	0.00	0.00	2.96	85.96	88.66	0.00	38	0	42	0.00	0.00	64.47	7.70	0.00	0.00	2000
230	11.36	2018	2104	0.00	178	0	0	0	nan	0.00	0.00	3.70	85.34	88.64	0.00	37	0	42	0.00	0.00	64.48	7.46	0.00	0.00	2000
226	11.24	2126	1989	0.00	196	0	0	0	nan	0.00	0.00	2.90	81.29	88.76	0.00	37	0	42	0.00	0.00	60.12	7.10	0.00	0.00	2000
232	10.67	2067	2204	0.00	196	0	0	0	nan	0.00	0.00	2.32	91.61	89.33	0.00	37	0	41	0.00	0.00	68.50	7.87	0.00	0.00	2000
227	11.32	2007	2099	0.00	193	0	0	0	nan	0.00	0.00	2.67	86.14	88.68	0.00	37	0	42	0.00	0.00	65.28	7.70	0.00	0.00	2000
230	11.43	1997	2113	0.00	194	0	0	0	nan	0.00	0.00	3.52	85.78	88.57	0.00	37	0	42	0.00	0.00	66.73	7.79	0.00	0.00	2000
233	11.48	2036	2093	0.00	200	0	0	0	nan	0.00	0.00	4.87	83.52	88.52	0.00	37	0	42	0.00	0.00	67.26	7.51	0.00	0.00	2000
231	11.28	2046	2101	0.00	195	0	0	0	nan	0.00	0.01	2.79	86.17	88.72	0.00	37	0	42	0.00	0.00	63.24	7.66	0.00	0.00	2000
228	11.42	2003	2092	0.00	181	0	0	0	nan	0.00	0.00	3.48	84.99	88.58	0.00	37	0	41	0.00	0.00	65.55	7.30	0.00	0.00	2000
228	11.41	1995	2106	0.00	196	0	0	0	nan	0.00	0.00	2.95	86.11	88.59	0.00	37	0	42	0.00	0.00	63.32	7.82	0.00	0.00	2000
230	11.19	2047	2105	0.70	196	0	0	10	25.12	0.00	0.00	3.47	85.73	88.81	0.00	38	0	42	0.00	0.00	66.92	7.75	0.00	0.00	2000
240	11.74	2047	2100	0.46	193	0	0	0	nan	0.00	0.03	3.36	85.09	88.26	0.00	37	0	42	0.00	0.00	66.64	8.05	0.00	0.00	2000
229	11.05	2075	2095	0.00	196	0	0	0	nan	0.00	0.02	3.50	85.33	88.95	0.00	37	0	42	0.00	0.00	64.09	7.53	0.00	0.00	2000
231	11.42	2020	2103	0.00	179	0	0	0	nan	0.00	0.00	3.52	85.37	88.58	0.00	37	0	42	0.00	0.00	63.63	7.56	0.00	0.00	2000
230	11.43	2009	2098	0.00	199	0	0	0	nan	0.00	0.00	4.21	84.52	88.57	0.00	38	0	42	0.00	0.00	66.77	7.86	0.00	0.00	2000
230	11.34	2027	2105	0.00	195	0	0	0	nan	0.00	0.00	3.02	86.06	88.66	0.00	38	0	41	0.00	0.00	63.46	7.47	0.00	0.00	2000
224	11.57	2039	1995	0.00	194	0	0	0	nan	0.00	0.00	3.40	80.76	88.43	0.00	37	0	42	0.00	0.00	62.42	7.29	0.00	0.00	2000
231	10.91	2051	2164	0.00	195	0	0	0	nan	0.00	0.00	1.92	90.04	89.09	0.00	38	0	41	0.00	0.00	68.84	7.81	0.00	0.00	2000
228	11.14	2020	2126	0.00	196	0	0	0	nan	0.00	0.00	3.93	86.17	88.86	0.00	37	0	42	0.00	0.00	65.90	7.73	0.00	0.00	2000
230	11.51	2009	2086	0.00	196	0	0	0	nan	0.00	0.00	3.97	84.07	88.49	0.00	38	0	42	0.00	0.00	65.74	7.78	0.00	0.00	2000
227	11.33	1996	2109	0.00	196	0	0	0	nan	0.00	0.00	4.88	84.37	88.67	0.00	38	0	42	0.00	0.00	64.87	7.56	0.00	0.00	2000
228	11.18	2019	2117	0.00	195	0	0	0	nan	0.00	0.00	3.87	85.81	88.82	0.00	38	0	42	0.00	0.00	65.31	7.46	0.00	0.00	2000
227	11.43	2025	2060	0.00	195	0	0	0	nan	0.00	0.02	3.04	84.04	88.57	0.00	38	0	42	0.00	0.00	65.48	7.43	0.00	0.00	2000
228	10.86	2061	2142	0.00	194	0	0	0	nan	0.00	0.00	4.09	86.99	89.14	0.00	38	0	42	0.00	0.00	65.45	7.87	0.00	0.00	2000
229	11.17	2060	2089	0.00	196	0	0	0	nan	0.01	0.00	3.89	84.66	88.83	0.00	38	0	42	0.00	0.00	64.97	7.74	0.00	0.00	2000
228	11.47	1992	2093	0.00	195	0	0	0	nan	0.00	0.00	3.17	85.24	88.53	0.00	38	0	42	0.00	0.00	65.18	7.59	0.00	0.00	2000
228	11.58	1974	2093	0.00	197	0	0	0	nan	0.00	0.04	4.43	83.88	88.42	0.00	38	0	41	0.00	0.00	65.22	7.78	0.00	0.00	2000
228	11.40	1988	2116	0.39	195	0	0	7	20.15	0.00	0.00	4.68	84.83	88.60	0.00	37	0	42	0.00	0.00	65.44	7.70	0.00	0.00	2000
227	11.48	1988	2093	0.95	194	0	0	2	61.78	0.00	0.00	2.73	85.71	88.52	0.00	38	0	41	0.00	0.00	64.63	7.71	0.00	0.00	2000
230	11.44	1993	2116	0.00	197	0	0	0	nan	0.00	0.00	4.43	84.95	88.56	0.00	38	0	42	0.00	0.00	65.67	7.83	0.00	0.00	2000
227	11.48	2004	2075	0.00	196	0	0	0	nan	0.00	0.00	3.01	84.56	88.52	0.00	38	0	42	0.00	0.00	64.84	7.60	0.00	0.00	2000
229	11.17	2035	2112	0.00	195	0	0	0	nan	0.00	0.00	4.11	85.39	88.83	0.00	38	0	41	0.00	0.00	65.89	7.70	0.00	0.00	2000
227	11.36	2033	2065	0.00	195	0	0	0	nan	0.00	0.00	3.16	84.21	88.64	0.00	38	0	41	0.00	0.00	62.05	7.37	0.00	0.00	2000
224	11.31	2058	2024	0.00	196	0	0	0	nan	0.00	0.01	3.87	81.79	88.69	0.00	38	0	41	0.00	0.00	63.27	7.50	0.00	0.00	2000
232	10.72	2054	2215	0.00	213	0	0	0	nan	0.00	0.00	3.28	90.91	89.28	0.00	38	0	41	0.00	0.00	71.11	8.33	0.00	0.00	2000
228	11.55	1971	2104	0.00	194	0	0	0	nan	0.00	0.00	3.62	85.20	88.45	0.00	38	0	42	0.00	0.00	65.49	7.56	0.00	0.00	2000
227	11.09	2047	2100	0.00	195	0	0	0	nan	0.00	0.00	3.65	85.39	88.91	0.00	38	0	42	0.00	0.00	65.37	7.78	0.00	0.00	2000
228	11.31	2018	2096	0.00	196	0	0	0	nan	0.00	0.00	3.23	85.48	88.69	0.00	38	0	41	0.00	0.00	65.12	7.77	0.00	0.00	2000
227	11.24	2027	2093	0.00	196	0	0	0	nan	0.00	0.00	3.52	85.16	88.76	0.00	38	0	41	0.00	0.00	65.52	7.82	0.00	0.00	2000
230	11.56	1974	2114	0.00	195	0	0	0	nan	0.00	0.00	4.04	85.18	88.44	0.00	38	0	42	0.00	0.00	65.27	7.67	0.00	0.00	2000
228	11.28	2022	2097	0.00	195	0	0	0	nan	0.00	0.00	3.19	85.54	88.72	0.00	38	0	41	0.00	0.00	65.86	7.65	0.00	0.00	2000
227	11.56	1976	2091	0.00	196	0	0	0	nan	0.00	0.00	3.13	85.15	88.44	0.00	38	0	42	0.00	0.00	65.04	7.75	0.00	0.00	2000
227	11.48	1978	2102	0.00	196	0	0	0	nan	0.00	0.00	4.03	84.81	88.52	0.00	38	0	41	0.00	0.00	62.76	7.77	0.00	0.00	2000
228	11.45	1983	2110	0.00	197	0	0	0	nan	0.00	0.00	3.92	85.28	88.55	0.00	37	0	41	0.00	0.00	68.18	7.60	0.00	0.00	2000
228	11.27	2052	2071	0.14	195	0	0	7	26.09	0.00	0.00	3.91	83.76	88.73	0.00	38	0	41	0.00	0.00	63.11	7.33	0.00	0.00	2000
230	11.26	2030	2115	1.13	195	0	0	3	49.53	0.00	0.00	3.03	86.56	88.74	0.00	38	0	42	0.00	0.00	65.11	7.58	0.00	0.00	2000
228	11.30	2009	2106	0.00	195	0	0	0	nan	0.00	0.00	4.32	84.84	88.70	0.00	38	0	42	0.00	0.00	68.20	8.02	0.00	0.00	2000
230	11.36	2009	2112	0.00	199	0	0	0	nan	0.00	0.02	4.49	84.79	88.64	0.00	38	0	41	0.00	0.00	65.55	7.71	0.00	0.00	2000
227	11.30	2034	2076	0.00	194	0	0	0	nan	0.00	0.00	3.27	84.57	88.70	0.00	38	0	42	0.00	0.00	62.66	7.31	0.00	0.00	2000
227	11.89	1983	2018	0.00	196	0	0	0	nan	0.00	0.00	3.99	80.89	88.11	0.00	38	0	41	0.00	0.00	63.24	7.44	0.00	0.00	2000
230	11.19	1969	2190	0.00	211	0	0	0	nan	0.00	0.00	2.47	90.35	88.81	0.00	38	0	41	0.00	0.00	67.88	8.10	0.00	0.00	2000
228	11.43	1990	2106	0.00	193	0	0	0	nan	0.00	0.00	4.21	84.83	88.57	0.00	38	0	42	0.00	0.00	65.13	7.67	0.00	0.00	2000
228	11.23	2034	2098	0.00	194	0	0	0	nan	0.00	0.00	3.74	85.10	88.77	0.00	38	0	41	0.00	0.00	64.87	7.79	0.00	0.00	2000
227	11.39	1987	2109	0.00	194	0	0	0	nan	0.00	0.00	4.09	85.12	88.61	0.00	38	0	41	0.00	0.00	67.60	8.09	0.00	0.00	2000
229	11.51	2020	2070	0.00	197	0	0	0	nan	0.00	0.00	3.97	83.46	88.49	0.00	38	0	41	0.00	0.00	62.27	7.45	0.00	0.00	2000
229	11.07	2036	2130	0.00	195	0	0	0	nan	0.00	0.00	5.02	85.34	88.93	0.00	38	0	42	0.00	0.00	65.04	7.72	0.00	0.00	2000
227	11.35	1995	2102	0.00	195	0	0	0	nan	0.00	0.00	3.62	85.27	88.65	0.00	38	0	42	0.00	0.00	68.38	7.97	0.00	0.00	2000
227	11.38	2027	2071	0.00	195	0	0	0	nan	0.00	0.00	3.39	84.20	88.62	0.00	38	0	42	0.00	0.00	61.89	7.33	0.00	0.00	2000
228	11.06	2039	2124	0.00	195	0	0	0	nan	0.00	0.00	4.47	85.71	88.94	0.00	38	0	41	0.00	0.00	65.34	7.63	0.00	0.00	2000
236	11.81	1993	2104	0.00	198	0	0	0	nan	0.00	0.00	5.01	83.51	88.19	0.00	38	0	41	0.00	0.00	65.42	7.73	0.00	0.00	2000
227	11.40	2029	2065	0.00	195	0	0	0	nan	0.00	0.00	3.42	83.91	88.60	0.00	38	0	42	0.00	0.00	65.44	7.62	0.00	0.00	2000
229	10.77	2080	2146	0.01	196	0	0	6	27.70	0.00	0.04	3.42	87.91	89.23	0.00	38	0	41	0.00	0.00	68.42	7.93	0.00	0.00	2000
229	11.37	2051	2059	1.27	195	0	0	4	40.89	0.00	0.02	3.19	83.89	88.63	0.00	38	0	42	0.00	0.00	62.25	7.32	0.00	0.00	2000
229	11.45	1999	2099	0.00	194	0	0	0	nan	0.00	0.01	3.84	84.87	88.55	0.00	37	0	41	0.00	0.00	64.75	7.69	0.00	0.00	2000
226	11.45	2036	2040	0.00	195	0	0	0	nan	0.00	0.00	4.13	81.97	88.55	0.00	38	0	41	0.00	0.00	63.95	7.62	0.00	0.00	2000
232	10.92	2023	2209	0.00	212	0	0	0	nan	0.01	0.00	2.28	91.67	89.08	0.00	38	0	42	0.00	0.00	68.00	8.05	0.00	0.00	2000
227	11.44	2005	2080	0.00	195	0	0	0	nan	0.00	0.00	3.49	84.40	88.56	0.00	38	0	41	0.00	0.00	65.10	7.84	0.00	0.00	2000
224	11.86	1985	1998	0.00	198	0	0	0	nan	0.00	0.00	4.84	79.21	88.14	0.00	38	0	41	0.00	0.00	62.89	7.41	0.00	0.00	2000
230	10.81	2049	2183	0.00	211	0	0	0	nan	0.00	0.00	3.48	89.32	89.19	0.00	38	0	42	0.00	0.00	65.45	7.76	0.00	0.00	2000
230	10.90	2076	2134	0.00	196	0	0	0	nan	0.00	0.00	4.08	86.62	89.10	0.00	38	0	41	0.00	0.00	67.98	8.20	0.00	0.00	2000
227	11.59	1976	2082	0.00	196	0	0	0	nan	0.00	0.00	4.13	83.73	88.41	0.00	38	0	41	0.00	0.00	65.09	7.73	0.00	0.00	2000
228	11.11	2039	2117	0.00	194	0	0	0	nan	0.00	0.00	4.12	85.71	88.89	0.00	38	0	41	0.00	0.00	65.14	7.63	0.00	0.00	2000
226	11.02	2089	2065	0.00	195	0	0	0	nan	0.00	0.01	3.37	84.19	88.98	0.00	38	0	42	0.00	0.00	62.60	7.29	0.00	0.00	2000
230	11.12	2028	2137	0.00	196	0	0	0	nan	0.00	0.03	3.38	87.21	88.88	0.00	38	0	42	0.00	0.00	67.84	7.99	0.00	0.00	2000
229	11.55	2012	2069	0.00	195	0	0	0	nan	0.00	0.00	4.35	82.93	88.45	0.00	38	0	41	0.00	0.00	62.68	7.27	0.00	0.00	2000
234	11.50	2011	2125	0.00	211	0	0	0	nan	0.00	0.00	6.94	82.87	88.50	0.00	38	0	42	0.00	0.00	67.62	7.89	0.00	0.00	2000
227	11.25	2016	2101	0.00	196	0	0	0	nan	0.00	0.00	3.94	85.02	88.75	0.00	38	0	42	0.00	0.00	65.12	7.64	0.00	0.00	2000
228	11.40	2020	2080	0.00	196	0	0	0	nan	0.00	0.00	3.74	84.22	88.60	0.00	38	0	42	0.00	0.00	65.02	7.68	0.00	0.00	2000
227	11.29	1992	2120	0.01	195	0	0	6	28.38	0.00	0.00	4.35	85.43	88.71	0.00	37	0	41	0.00	0.00	64.58	7.62	0.00	0.00	2000
231	11.55	2019	2083	1.27	196	0	0	4	43.11	0.00	0.02	4.05	83.88	88.45	0.00	38	0	41	0.00	0.00	65.10	7.70	0.00	0.00	2000
227	11.13	2036	2103	0.00	195	0	0	0	nan	0.00	0.00	3.81	85.40	88.87	0.00	38	0	41	0.00	0.00	65.30	7.51	0.00	0.00	2000
228	11.17	2047	2096	0.00	194	0	0	0	nan	0.00	0.00	4.41	84.41	88.83	0.00	38	0	41	0.00	0.00	65.35	8.00	0.00	0.00	2000
230	11.13	2037	2127	0.00	195	0	0	0	nan	0.00	0.00	4.59	85.63	88.87	0.00	38	0	42	0.00	0.00	65.18	7.57	0.00	0.00	2000
228	11.67	1962	2094	0.00	196	0	0	0	nan	0.00	0.00	3.25	85.00	88.33	0.00	38	0	42	0.00	0.00	65.38	7.67	0.00	0.00	2000
229	11.04	2107	2071	0.00	195	0	0	0	nan	0.00	0.00	3.02	84.82	88.96	0.00	38	0	42	0.00	0.00	62.89	7.32	0.00	0.00	2000
230	11.40	1996	2119	0.00	196	0	0	0	nan	0.00	0.02	4.28	85.31	88.60	0.00	38	0	41	0.00	0.00	66.06	7.61	0.00	0.00	2000
228	11.22	2026	2104	0.00	195	0	0	0	nan	0.00	0.00	4.15	84.91	88.78	0.00	38	0	42	0.00	0.00	65.23	7.75	0.00	0.00	2000
229	11.45	2001	2102	0.00	197	0	0	0	nan	0.00	0.00	5.37	83.41	88.55	0.00	38	0	41	0.00	0.00	68.31	8.07	0.00	0.00	2000
227	11.04	2064	2091	0.00	196	0	0	0	nan	0.00	0.00	4.09	84.66	88.96	0.00	38	0	41	0.00	0.00	62.62	7.46	0.00	0.00	2000
227	11.30	2002	2112	0.00	195	0	0	0	nan	0.00	0.00	4.33	85.09	88.70	0.00	38	0	41	0.00	0.00	67.83	7.50	0.00	0.00	2000
228	11.49	2006	2081	0.00	197	0	0	0	nan	0.00	0.00	4.04	83.81	88.51	0.00	38	0	42	0.00	0.00	62.64	7.68	0.00	0.00	2000
240	11.87	2017	2109	0.00	196	0	0	0	nan	0.00	0.00	5.47	83.22	88.13	0.00	39	0	41	0.00	0.00	65.63	7.89	0.00	0.00	2000
227	11.08	2038	2110	0.00	194	0	0	0	nan	0.00	0.00	4.23	85.32	88.92	0.00	38	0	41	0.00	0.00	65.31	7.85	0.00	0.00	2000
228	11.37	1989	2114	0.00	195	0	0	0	nan	0.00	0.00	3.62	85.78	88.63	0.00	38	0	42	0.00	0.00	65.26	7.98	0.00	0.00	2000
227	11.17	2050	2081	0.00	195	0	0	0	nan	0.00	0.02	3.09	85.13	88.83	0.00	38	0	41	0.00	0.00	65.57	7.86	0.00	0.00	2000
230	11.18	2059	2099	0.00	196	0	0	5	26.17	0.00	0.00	4.03	84.97	88.82	0.00	39	0	42	0.00	0.00	65.92	7.87	0.00	0.00	2000
228	11.26	2013	2110	1.61	195	0	0	8	24.25	0.00	0.00	3.71	85.60	88.74	0.00	38	0	42	0.00	0.00	65.56	7.84	0.00	0.00	2000
229	11.51	1986	2102	0.00	197	0	0	0	nan	0.00	0.00	4.66	84.06	88.49	0.00	38	0	42	0.00	0.00	65.95	7.84	0.00	0.00	2000
227	11.52	1985	2087	0.00	195	0	0	0	nan	0.00	0.00	3.23	84.90	88.48	0.00	38	0	42	0.00	0.00	65.21	7.89	0.00	0.00	2000
229	11.46	1979	2122	0.00	196	0	0	0	nan	0.00	0.00	3.61	86.07	88.54	0.00	38	0	41	0.00	0.00	65.44	7.75	0.00	0.00	2000
229	11.51	2035	2053	0.00	195	0	0	0	nan	0.00	0.02	3.38	83.28	88.49	0.00	39	0	42	0.00	0.00	65.42	7.83	0.00	0.00	2000
228	11.18	2000	2140	0.00	194	0	0	0	nan	0.00	0.00	3.41	87.33	88.82	0.00	38	0	42	0.00	0.00	65.61	8.00	0.00	0.00	2000
226	11.28	2015	2090	0.00	195	0	0	0	nan	0.00	0.00	3.50	84.96	88.72	0.00	38	0	42	0.00	0.00	65.35	7.92	0.00	0.00	2000
229	11.29	2013	2112	0.00	196	0	0	0	nan	0.00	0.00	3.83	85.60	88.71	0.00	38	0	42	0.00	0.00	65.40	7.79	0.00	0.00	2000
227	11.28	2050	2063	0.00	195	0	0	0	nan	0.00	0.00	3.26	84.06	88.72	0.00	39	0	41	0.00	0.00	66.10	7.79	0.00	0.00	2000
229	11.10	2064	2102	0.00	195	0	0	0	nan	0.00	0.00	4.43	84.75	88.90	0.00	39	0	41	0.00	0.00	65.13	7.84	0.00	0.00	2000
228	10.96	2067	2112	0.00	195	0	0	0	nan	0.00	0.02	3.99	85.70	89.04	0.00	39	0	41	0.00	0.00	64.98	7.80	0.00	0.00	2000
228	11.39	1984	2121	0.00	195	0	0	0	nan	0.00	0.02	4.01	85.68	88.61	0.00	39	0	42	0.00	0.00	65.72	7.88	0.00	0.00	2000
228	11.28	2042	2081	0.00	199	0	0	0	nan	0.00	0.00	4.30	83.76	88.72	0.00	39	0	42	0.00	0.00	65.28	7.70	0.00	0.00	2000
228	11.36	1985	2120	0.00	195	0	0	0	nan	0.00	0.00	4.20	85.50	88.64	0.00	38	0	42	0.00	0.00	65.13	7.81	0.00	0.00	2000
228	11.34	2012	2100	0.00	194	0	0	0	nan	0.00	0.00	3.03	85.77	88.66	0.00	39	0	42	0.00	0.00	65.19	7.84	0.00	0.00	2000
229	11.49	1991	2099	0.00	196	0	0	0	nan	0.00	0.00	3.60	85.07	88.51	0.00	38	0	42	0.00	0.00	65.33	7.83	0.00	0.00	2000
227	11.18	2040	2088	0.00	194	0	0	2	35.35	0.00	0.00	3.45	84.95	88.82	0.00	39	0	42	0.00	0.00	65.80	7.74	0.00	0.00	2000
228	11.22	2025	2110	1.69	194	0	0	11	21.05	0.00	0.00	3.85	85.47	88.78	0.00	39	0	42	0.00	0.00	65.54	7.62	0.00	0.00	2000
227	11.32	2039	2062	0.01	195	0	0	0	nan	0.00	0.00	3.47	83.81	88.68	0.00	38	0	42	0.00	0.00	64.93	7.68	0.00	0.00	2000
229	11.08	2040	2125	0.00	194	0	0	0	nan	0.00	0.02	4.28	85.89	88.92	0.00	38	0	42	0.00	0.00	65.95	7.76	0.00	0.00	2000
232	10.99	2127	2080	0.00	196	0	0	0	nan	0.00	0.00	4.44	83.88	89.01	0.00	38	0	42	0.00	0.00	65.19	7.80	0.00	0.00	2000
228	10.77	2099	2118	0.00	194	0	0	0	nan	0.00	0.00	3.70	86.41	89.23	0.00	38	0	42	0.00	0.00	65.75	7.85	0.00	0.00	2000
227	11.37	2011	2080	0.00	195	0	0	0	nan	0.00	0.00	3.86	84.11	88.63	0.00	38	0	41	0.00	0.00	62.69	7.39	0.00	0.00	2000
229	10.72	2106	2128	0.00	196	0	0	0	nan	0.00	0.00	3.38	87.14	89.28	0.00	38	0	41	0.00	0.00	69.06	8.23	0.00	0.00	2000
227	11.33	2022	2082	0.00	196	0	0	0	nan	0.00	0.00	3.40	84.68	88.67	0.00	38	0	42	0.00	0.00	64.95	7.82	0.00	0.00	2000
230	11.39	1984	2134	0.00	194	0	0	0	nan	0.00	0.00	4.33	85.85	88.61	0.00	38	0	41	0.00	0.00	65.77	7.81	0.00	0.00	2000
227	11.38	2000	2091	0.00	194	0	0	0	nan	0.00	0.02	2.97	85.45	88.62	0.00	38	0	41	0.00	0.00	65.72	7.76	0.00	0.00	2000
228	11.45	1987	2103	0.00	195	0	0	0	nan	0.00	0.00	3.53	85.34	88.55	0.00	38	0	42	0.00	0.00	65.79	7.92	0.00	0.00	2000
226	11.33	2035	2055	0.00	195	0	0	0	nan	0.00	0.00	3.48	83.47	88.67	0.00	38	0	42	0.00	0.00	62.12	7.37	0.00	0.00	2000
228	11.20	2021	2117	0.00	194	0	0	0	nan	0.00	0.02	3.10	86.64	88.80	0.00	38	0	42	0.00	0.00	64.76	7.84	0.00	0.00	2000
231	11.39	2031	2094	0.00	196	0	0	0	nan	0.00	0.00	4.10	84.41	88.61	0.00	38	0	42	0.00	0.00	65.96	8.01	0.00	0.00	2000
228	11.12	2030	2123	0.00	195	0	0	0	nan	0.00	0.00	3.54	86.51	88.88	0.00	38	0	42	0.00	0.00	67.99	8.18	0.00	0.00	2000
229	11.29	2053	2078	0.00	199	0	0	0	nan	0.00	0.00	4.73	83.25	88.71	0.00	38	0	42	0.00	0.00	62.28	7.39	0.00	0.00	2000
228	11.03	2063	2104	0.00	195	0	0	0	nan	0.00	0.01	4.60	84.74	88.97	0.00	38	0	42	0.00	0.00	65.17	7.90	0.00	0.00	2000
228	10.94	2068	2112	1.29	195	0	0	11	14.12	0.00	0.02	3.94	85.79	89.06	0.00	38	0	41	0.00	0.00	68.20	8.28	0.00	0.00	2000
231	11.32	2014	2129	0.45	195	0	0	0	nan	0.00	0.02	4.15	85.95	88.68	0.00	39	0	42	0.00	0.00	65.78	7.79	0.00	0.00	2000
229	11.35	2039	2078	0.00	196	0	0	0	nan	0.00	0.02	3.01	84.87	88.65	0.00	38	0	42	0.00	0.00	65.20	7.78	0.00	0.00	2000
228	11.41	2016	2082	0.00	194	0	0	0	nan	0.00	0.00	4.20	83.84	88.59	0.00	38	0	41	0.00	0.00	62.63	7.49	0.00	0.00	2000
228	11.23	2004	2125	0.00	195	0	0	0	nan	0.00	0.00	3.85	86.13	88.77	0.00	38	0	42	0.00	0.00	68.05	8.25	0.00	0.00	2000
228	11.44	1984	2109	0.00	195	0	0	0	nan	0.00	0.00	3.06	86.09	88.56	0.00	38	0	42	0.00	0.00	65.39	7.77	0.00	0.00	2000
227	11.36	2013	2085	0.00	195	0	0	0	nan	0.00	0.02	3.12	84.99	88.64	0.00	38	0	41	0.00	0.00	65.64	7.86	0.00	0.00	2000
230	11.39	2014	2110	0.00	197	0	0	0	nan	0.00	0.00	4.64	84.58	88.61	0.00	38	0	42	0.00	0.00	65.15	7.94	0.00	0.00	2000
227	11.34	2034	2064	0.00	195	0	0	0	nan	0.00	0.00	3.24	84.06	88.66	0.00	38	0	41	0.00	0.00	62.83	7.31	0.00	0.00	2000
229	11.14	2016	2141	0.00	196	0	0	0	nan	0.00	0.00	4.66	86.14	88.86	0.00	38	0	42	0.00	0.00	67.54	8.07	0.00	0.00	2000
226	11.21	2058	2061	0.00	194	0	0	0	nan	0.00	0.01	3.00	84.26	88.79	0.00	38	0	41	0.00	0.00	62.59	7.45	0.00	0.00	2000
228	11.00	2049	2123	0.00	195	0	0	0	nan	0.00	0.00	4.53	85.66	89.00	0.00	38	0	42	0.00	0.00	65.06	7.90	0.00	0.00	2000
235	11.63	2022	2095	0.00	198	0	0	0	nan	0.00	0.00	5.03	83.29	88.37	0.00	38	0	41	0.00	0.00	65.70	7.72	0.00	0.00	2000
230	11.36	2021	2103	0.00	196	0	0	0	nan	0.00	0.00	3.73	85.20	88.64	0.00	38	0	42	0.00	0.00	65.17	7.86	0.00	0.00	2000
228	11.31	2034	2077	0.00	195	0	0	0	nan	0.00	0.00	3.97	83.91	88.69	0.00	38	0	41	0.00	0.00	64.86	7.82	0.00	0.00	2000
228	11.34	1991	2126	0.00	194	0	0	0	nan	0.00	0.00	4.54	85.42	88.66	0.00	38	0	42	0.00	0.00	65.12	7.77	0.00	0.00	2000
227	11.47	1976	2103	0.00	195	0	0	0	nan	0.00	0.00	3.63	85.26	88.53	0.00	38	0	41	0.00	0.00	65.07	7.90	0.00	0.00	2000
230	11.53	2021	2072	0.89	196	0	0	11	17.67	0.00	0.00	3.80	83.66	88.47	0.00	38	0	41	0.00	0.00	65.17	7.79	0.00	0.00	2000
229	11.03	2042	2131	0.85	195	0	0	0	88.46	0.00	0.00	4.32	86.15	88.97	0.00	38	0	42	0.00	0.00	65.24	7.80	0.00	0.00	2000
230	11.47	2032	2075	0.00	199	0	0	0	nan	0.00	0.01	4.57	83.10	88.53	0.00	39	0	42	0.00	0.00	65.04	7.81	0.00	0.00	2000
229	11.07	2082	2089	0.00	197	0	0	0	nan	0.00	0.00	4.29	84.37	88.93	0.00	38	0	42	0.00	0.00	65.47	7.60	0.00	0.00	2000
230	10.84	2091	2130	0.00	195	0	0	0	nan	0.00	0.02	3.72	86.81	89.16	0.00	38	0	42	0.00	0.00	65.74	7.96	0.00	0.00	2000
228	11.31	2041	2078	0.00	195	0	0	0	nan	0.00	0.00	4.06	83.87	88.69	0.00	38	0	42	0.00	0.00	65.16	7.87	0.00	0.00	2000
228	10.94	2070	2119	0.00	195	0	0	0	nan	0.00	0.02	4.04	85.97	89.06	0.00	38	0	41	0.00	0.00	65.47	7.76	0.00	0.00	2000
227	11.06	2059	2094	0.00	195	0	0	0	nan	0.00	0.01	3.61	85.21	88.94	0.00	38	0	42	0.00	0.00	65.39	7.63	0.00	0.00	2000
228	11.29	2006	2111	0.00	194	0	0	0	nan	0.00	0.00	3.77	85.58	88.71	0.00	38	0	42	0.00	0.00	65.65	7.70	0.00	0.00	2000
227	11.12	2039	2103	0.00	195	0	0	0	nan	0.00	0.00	3.33	85.81	88.88	0.00	38	0	42	0.00	0.00	65.18	7.81	0.00	0.00	2000
224	11.64	2029	1995	0.00	193	0	0	0	nan	0.00	0.00	2.93	81.14	88.36	0.00	38	0	41	0.00	0.00	59.82	7.22	0.00	0.00	2000
232	11.02	1997	2210	0.00	213	0	0	0	nan	0.00	0.02	2.99	90.77	88.98	0.00	38	0	42	0.00	0.00	70.86	8.31	0.00	0.00	2000
229	11.14	2040	2113	0.00	195	0	0	0	nan	0.00	0.00	3.72	85.79	88.86	0.00	38	0	41	0.00	0.00	62.48	7.89	0.00	0.00	2000
227	11.26	2030	2084	0.00	194	0	0	0	nan	0.00	0.02	2.72	85.42	88.74	0.00	38	0	42	0.00	0.00	68.17	7.67	0.00	0.00	2000
228	11.13	2035	2114	0.00	194	0	0	0	nan	0.00	0.00	3.80	85.81	88.87	0.00	38	0	42	0.00	0.00	65.78	7.92	0.00	0.00	2000
229	11.24	2078	2056	0.00	197	0	0	0	nan	0.00	0.00	4.10	82.92	88.76	0.00	38	0	42	0.00	0.00	62.38	7.53	0.00	0.00	2000
229	11.04	2030	2145	0.00	195	0	0	0	nan	0.01	0.00	3.42	87.65	88.96	0.00	38	0	42	0.00	0.00	68.38	8.18	0.00	0.00	2000
227	11.03	2067	2089	0.70	194	0	0	12	17.03	0.00	0.00	3.27	85.35	88.97	0.00	38	0	41	0.00	0.00	65.24	7.83	0.00	0.00	2000
229	11.31	2016	2111	1.05	195	0	0	1	89.59	0.00	0.00	3.62	85.75	88.69	0.00	38	0	42	0.00	0.00	65.60	7.78	0.00	0.00	2000
228	11.71	1991	2055	0.00	196	0	0	0	nan	0.00	0.00	3.22	83.38	88.29	0.00	38	0	42	0.00	0.00	62.62	7.42	0.00	0.00	2000
232	11.26	2014	2148	0.00	194	0	0	0	nan	0.00	0.04	3.40	87.44	88.74	0.00	39	0	41	0.00	0.00	68.05	8.18	0.00	0.00	2000
227	11.37	2011	2087	0.00	194	0	0	0	nan	0.00	0.00	3.26	85.03	88.63	0.00	38	0	42	0.00	0.00	65.44	7.32	0.00	0.00	2000
228	11.39	2006	2098	0.00	197	0	0	0	nan	0.00	0.00	5.12	83.60	88.61	0.00	38	0	42	0.00	0.00	66.03	8.13	0.00	0.00	2000
228	11.43	1995	2098	0.00	197	0	0	0	nan	0.00	0.00	4.02	84.68	88.57	0.00	39	0	42	0.00	0.00	62.54	7.52	0.00	0.00	2000
228	11.47	1971	2115	0.00	195	0	0	0	nan	0.00	0.00	3.79	85.59	88.53	0.00	38	0	42	0.00	0.00	67.63	8.07	0.00	0.00	2000
226	11.42	2022	2056	0.00	194	0	0	0	nan	0.00	0.00	3.12	83.73	88.58	0.00	38	0	42	0.00	0.00	62.77	7.54	0.00	0.00	2000
230	10.92	2081	2123	0.00	195	0	0	0	nan	0.00	0.00	4.23	85.94	89.08	0.00	38	0	42	0.00	0.00	67.73	7.68	0.00	0.00	2000
228	11.14	2047	2096	0.00	196	0	0	0	nan	0.00	0.01	4.20	84.64	88.86	0.00	39	0	42	0.00	0.00	62.83	7.78	0.00	0.00	2000
228	11.22	2044	2092	0.00	194	0	0	0	nan	0.00	0.02	4.27	84.38	88.78	0.00	38	0	42	0.00	0.00	65.68	7.86	0.00	0.00	2000
252	12.54	2001	2107	0.00	195	0	0	0	nan	0.00	0.00	4.49	83.47	87.46	0.00	38	0	41	0.00	0.00	65.81	7.79	0.00	0.00	2000
228	11.07	2067	2092	0.00	194	0	0	0	nan	0.00	0.00	4.29	84.50	88.93	0.00	39	0	42	0.00	0.00	65.45	7.76	0.00	0.00	2000
230	11.29	2020	2115	0.00	196	0	0	0	nan	0.00	0.00	3.50	86.01	88.71	0.00	38	0	42	0.00	0.00	65.49	7.92	0.00	0.00	2000
228	11.36	1996	2115	0.00	195	0	0	0	nan	0.00	0.00	3.95	85.46	88.64	0.00	38	0	42	0.00	0.00	65.83	7.96	0.00	0.00	2000
228	11.64	1959	2096	0.00	195	0	0	0	nan	0.00	0.00	3.39	85.01	88.36	0.00	38	0	42	0.00	0.00	66.10	7.87	0.00	0.00	2000
228	11.56	1967	2101	0.21	197	0	0	9	18.52	0.00	0.00	3.06	85.62	88.44	0.00	38	0	42	0.00	0.00	65.44	7.83	0.00	0.00	2000
227	11.33	2044	2061	1.46	195	0	0	4	39.63	0.00	0.00	3.54	83.51	88.67	0.00	38	0	42	0.00	0.00	65.21	7.73	0.00	0.00	2000
232	11.36	2030	2112	0.00	197	0	0	0	nan	0.00	0.01	3.91	85.36	88.64	0.00	38	0	42	0.00	0.00	63.95	7.71	0.00	0.00	2000
224	11.24	2064	2027	0.00	210	0	0	0	nan	0.00	0.01	2.72	83.08	88.76	0.00	38	0	42	0.00	0.00	65.44	7.67	0.00	0.00	2000
231	10.91	2008	2213	0.00	194	0	0	0	nan	0.00	0.02	2.38	91.62	89.09	0.00	39	0	42	0.00	0.00	67.60	8.16	0.00	0.00	2000
227	11.58	1975	2083	0.00	195	0	0	0	nan	0.00	0.02	3.03	84.84	88.42	0.00	38	0	41	0.00	0.00	66.09	7.80	0.00	0.00	2000
228	11.21	2027	2110	0.00	196	0	0	0	nan	0.00	0.00	3.60	85.82	88.79	0.00	38	0	41	0.00	0.00	65.11	7.86	0.00	0.00	2000
228	11.60	1977	2090	0.00	195	0	0	0	nan	0.00	0.00	3.78	84.40	88.40	0.00	38	0	42	0.00	0.00	65.44	7.90	0.00	0.00	2000
228	11.08	2054	2105	0.00	197	0	0	0	nan	0.00	0.00	4.21	85.06	88.92	0.00	38	0	41	0.00	0.00	66.15	7.85	0.00	0.00	2000
228	11.12	2050	2101	0.00	196	0	0	0	nan	0.00	0.00	3.43	85.63	88.88	0.00	38	0	42	0.00	0.00	65.46	7.91	0.00	0.00	2000
228	11.25	2027	2100	0.00	195	0	0	0	nan	0.00	0.00	3.67	85.16	88.75	0.00	38	0	42	0.00	0.00	66.15	7.88	0.00	0.00	2000
228	11.47	1997	2091	0.00	193	0	0	0	nan	0.00	0.00	3.60	84.73	88.53	0.00	38	0	42	0.00	0.00	65.19	8.06	0.00	0.00	2000
229	11.36	2034	2082	0.00	195	0	0	0	nan	0.00	0.00	4.38	83.66	88.64	0.00	38	0	42	0.00	0.00	65.35	7.95	0.00	0.00	2000
228	11.27	2008	2116	0.00	195	0	0	0	nan	0.00	0.00	4.00	85.65	88.73	0.00	37	0	42	0.00	0.00	66.12	7.95	0.00	0.00	2000
228	11.46	1999	2090	0.00	196	0	0	0	nan	0.00	0.00	4.55	83.75	88.54	0.00	38	0	41	0.00	0.00	65.20	7.79	0.00	0.00	2000
227	11.01	2054	2112	0.00	195	0	0	0	nan	0.00	0.00	4.18	85.48	88.99	0.00	39	0	42	0.00	0.00	65.85	7.80	0.00	0.00	2000
228	11.29	2000	2116	0.00	194	0	0	0	nan	0.00	0.00	3.91	85.63	88.71	0.00	38	0	41	0.00	0.00	64.92	7.93	0.00	0.00	2000
229	11.25	2060	2072	0.02	196	0	0	8	22.28	0.00	0.00	3.65	84.06	88.75	0.00	38	0	42	0.00	0.00	65.86	7.80	0.00	0.00	2000
230	10.93	2079	2128	1.64	196	0	0	5	33.53	0.00	0.02	4.64	85.75	89.07	0.00	38	0	42	0.00	0.00	65.49	7.83	0.00	0.00	2000
228	11.02	2073	2091	0.00	194	0	0	0	nan	0.00	0.00	3.03	85.67	88.98	0.00	38	0	42	0.00	0.00	65.08	7.99	0.00	0.00	2000
227	11.57	1973	2092	0.00	194	0	0	0	nan	0.00	0.00	3.66	84.64	88.43	0.00	38	0	42	0.00	0.00	64.97	7.75	0.00	0.00	2000
227	11.15	2039	2098	0.00	195	0	0	0	nan	0.00	0.00	3.82	85.16	88.85	0.00	38	0	41	0.00	0.00	65.23	7.87	0.00	0.00	2000
230	11.41	2008	2110	0.00	195	0	0	0	nan	0.00	0.00	4.63	84.52	88.59	0.00	38	0	42	0.00	0.00	65.35	7.98	0.00	0.00	2000
228	11.54	1987	2085	0.00	194	0	0	0	nan	0.00	0.00	4.12	83.91	88.46	0.00	38	0	42	0.00	0.00	65.01	8.04	0.00	0.00	2000
228	11.06	2051	2111	0.00	195	0	0	0	nan	0.00	0.00	4.39	85.12	88.94	0.00	38	0	41	0.00	0.00	65.76	8.07	0.00	0.00	2000
227	11.48	1982	2096	0.00	195	0	0	0	nan	0.00	0.00	3.90	84.65	88.52	0.00	38	0	42	0.00	0.00	64.91	7.71	0.00	0.00	2000
228	11.35	1991	2121	0.00	195	0	0	0	nan	0.00	0.00	4.65	85.09	88.65	0.00	38	0	41	0.00	0.00	65.28	7.89	0.00	0.00	2000
227	11.35	2035	2061	0.00	195	0	0	0	nan	0.00	0.00	3.10	84.11	88.65	0.00	38	0	41	0.00	0.00	62.04	7.53	0.00	0.00	2000
230	11.07	2057	2123	0.00	195	0	0	0	nan	0.00	0.00	4.03	85.96	88.93	0.00	38	0	42	0.00	0.00	68.48	8.25	0.00	0.00	2000
227	11.29	2017	2095	0.00	198	0	0	0	nan	0.00	0.00	5.57	83.14	88.71	0.00	39	0	41	0.00	0.00	65.59	7.94	0.00	0.00	2000
229	11.39	2003	2107	0.00	196	0	0	0	nan	0.00	0.00	4.56	84.53	88.61	0.00	38	0	42	0.00	0.00	65.30	7.93	0.00	0.00	2000
227	11.26	2017	2101	0.00	195	0	0	0	nan	0.00	0.00	4.38	84.61	88.74	0.00	38	0	42	0.00	0.00	65.43	7.92	0.00	0.00	2000
228	11.24	2050	2078	0.00	195	0	0	0	nan	0.00	0.00	3.34	84.70	88.76	0.00	38	0	41	0.00	0.00	62.47	7.49	0.00	0.00	2000
229	11.20	2035	2111	0.00	196	0	0	0	nan	0.00	0.00	3.61	85.87	88.80	0.00	38	0	41	0.00	0.00	68.38	8.18	0.00	0.00	2000
228	11.33	2018	2090	0.00	193	0	0	5	23.53	0.00	0.00	4.23	84.23	88.67	0.00	38	0	42	0.00	0.00	61.98	7.39	0.00	0.00	2000
229	11.21	2037	2106	1.62	196	0	0	8	25.20	0.00	0.00	4.37	84.84	88.79	0.00	39	0	42	0.00	0.00	65.38	7.87	0.00	0.00	2000
229	11.23	2017	2121	0.00	194	0	0	0	nan	0.00	0.00	4.35	85.45	88.77	0.00	38	0	42	0.00	0.00	67.93	8.29	0.00	0.00	2000
227	11.24	2026	2094	0.00	195	0	0	0	nan	0.00	0.00	3.44	85.23	88.76	0.00	39	0	42	0.00	0.00	65.15	7.96	0.00	0.00	2000
232	11.16	2067	2109	0.00	196	0	0	0	nan	0.00	0.00	4.12	85.13	88.84	0.00	38	0	41	0.00	0.00	64.12	7.64	0.00	0.00	2000
226	11.14	2094	2034	0.00	195	0	0	0	nan	0.00	0.00	3.63	82.55	88.86	0.00	38	0	42	0.00	0.00	61.82	7.47	0.00	0.00	2000
229	10.91	2061	2136	0.00	194	0	0	0	nan	0.00	0.01	2.50	88.32	89.09	0.00	38	0	42	0.00	0.00	68.12	8.31	0.00	0.00	2000
227	11.13	2027	2117	0.00	196	0	0	0	nan	0.00	0.02	4.65	85.13	88.87	0.00	38	0	42	0.00	0.00	68.18	8.22	0.00	0.00	2000
228	11.29	2014	2103	0.00	195	0	0	0	nan	0.00	0.00	3.49	85.53	88.71	0.00	38	0	42	0.00	0.00	62.48	7.44	0.00	0.00	2000
230	11.22	2059	2091	0.00	195	0	0	0	nan	0.00	0.00	4.41	84.14	88.78	0.00	38	0	42	0.00	0.00	64.96	7.87	0.00	0.00	2000
234	11.42	2039	2107	0.00	197	0	0	0	nan	0.00	0.00	4.43	84.63	88.58	0.00	39	0	41	0.00	0.00	65.49	7.97	0.00	0.00	2000
228	11.17	2066	2071	0.00	195	0	0	0	nan	0.00	0.00	4.05	83.73	88.83	0.00	39	0	42	0.00	0.00	65.33	7.90	0.00	0.00	2000
229	11.10	2023	2141	0.00	194	0	0	0	nan	0.00	0.00	3.82	87.00	88.90	0.00	38	0	41	0.00	0.00	66.39	8.03	0.00	0.00	2000
228	11.31	2058	2057	0.00	195	0	0	0	nan	0.00	0.02	3.49	83.53	88.69	0.00	38	0	41	0.00	0.00	62.04	7.45	0.00	0.00	2000
229	11.21	2005	2136	0.00	194	0	0	0	nan	0.00	0.00	3.02	87.47	88.79	0.00	38	0	42	0.00	0.00	70.70	8.22	0.00	0.00	2000
229	11.25	2037	2101	0.00	199	0	0	0	nan	0.00	0.00	4.61	84.35	88.75	0.00	38	0	41	0.00	0.00	65.60	7.92	0.00	0.00	2000
228	11.28	2011	2110	0.00	196	0	0	0	nan	0.00	0.00	3.71	85.67	88.72	0.00	38	0	41	0.00	0.00	65.43	7.98	0.00	0.00	2000
226	11.24	2055	2060	0.00	194	0	0	2	35.47	0.00	0.00	3.18	84.02	88.76	0.00	38	0	42	0.00	0.00	62.92	7.52	0.00	0.00	2000
230	10.86	2083	2135	1.69	195	0	0	11	22.51	0.00	0.01	3.73	87.06	89.14	0.00	38	0	41	0.00	0.00	65.58	7.70	0.00	0.00	2000
227	11.43	2018	2068	0.01	195	0	0	0	nan	0.00	0.00	3.41	83.95	88.57	0.00	38	0	41	0.00	0.00	64.83	7.69	0.00	0.00	2000
231	11.37	2017	2115	0.00	195	0	0	0	nan	0.00	0.01	4.28	85.20	88.63	0.00	38	0	41	0.00	0.00	65.50	7.73	0.00	0.00	2000
227	11.14	2043	2098	0.00	194	0	0	0	nan	0.00	0.02	3.94	85.02	88.86	0.00	38	0	41	0.00	0.00	65.05	7.86	0.00	0.00	2000
228	11.22	2009	2124	0.00	195	0	0	0	nan	0.00	0.00	4.37	85.56	88.78	0.00	39	0	41	0.00	0.00	65.09	7.72	0.00	0.00	2000
227	11.40	2005	2088	0.00	195	0	0	0	nan	0.00	0.00	2.83	85.44	88.60	0.00	38	0	42	0.00	0.00	65.45	7.87	0.00	0.00	2000
228	11.43	1987	2106	0.00	194	0	0	0	nan	0.00	0.00	3.36	85.64	88.57	0.00	38	0	41	0.00	0.00	65.47	7.85	0.00	0.00	2000
228	11.31	2068	2043	0.00	195	0	0	0	nan	0.00	0.00	3.75	82.60	88.69	0.00	39	0	42	0.00	0.00	61.95	7.54	0.00	0.00	2000
229	10.97	2047	2145	0.00	195	0	0	0	nan	0.00	0.03	2.72	88.30	89.03	0.00	38	0	41	0.00	0.00	68.04	8.22	0.00	0.00	2000
227	11.22	2030	2096	0.00	195	0	0	0	nan	0.00	0.00	4.16	84.61	88.78	0.00	38	0	42	0.00	0.00	65.08	7.84	0.00	0.00	2000
228	11.05	2042	2122	0.00	195	0	0	0	nan	0.00	0.00	4.18	85.84	88.95	0.00	38	0	42	0.00	0.00	65.12	7.89	0.00	0.00	2000
226	11.36	2009	2083	0.00	194	0	0	0	nan	0.00	0.00	3.17	84.97	88.64	0.00	38	0	42	0.00	0.00	62.69	7.61	0.00	0.00	2000
235	11.66	2032	2083	0.00	212	0	0	0	nan	0.00	0.00	7.22	80.61	88.34	0.00	38	0	41	0.00	0.00	65.42	7.75	0.00	0.00	2000
228	11.27	2022	2099	0.00	195	0	0	0	nan	0.00	0.00	4.83	84.10	88.73	0.00	38	0	42	0.00	0.00	65.35	7.83	0.00	0.00	2000
228	11.23	1992	2137	0.00	195	0	0	0	nan	0.00	0.00	3.93	86.61	88.77	0.00	38	0	42	0.00	0.00	67.63	8.06	0.00	0.00	2000
227	11.13	2083	2060	0.00	194	0	0	0	nan	0.00	0.02	2.30	85.06	88.87	0.00	39	0	42	0.00	0.00	62.29	7.54	0.00	0.00	2000
228	11.33	1993	2121	0.00	195	0	0	0	nan	0.00	0.00	4.04	85.72	88.67	0.00	38	0	42	0.00	0.00	67.78	8.13	0.00	0.00	2000
229	11.40	2030	2077	1.28	195	0	0	11	14.77	0.00	0.00	3.97	83.81	88.60	0.00	38	0	42	0.00	0.00	62.89	7.48	0.00	0.00	2000
232	11.22	2031	2142	0.39	198	0	0	0	nan	0.00	0.03	4.98	85.66	88.78	0.00	38	0	41	0.00	0.00	68.07	8.35	0.00	0.00	2000
227	11.41	2010	2082	0.00	195	0	0	0	nan	0.00	0.02	3.09	84.84	88.59	0.00	38	0	42	0.00	0.00	62.67	7.56	0.00	0.00	2000
227	11.29	1998	2117	0.00	195	0	0	0	nan	0.00	0.00	4.04	85.61	88.71	0.00	38	0	42	0.00	0.00	67.93	8.21	0.00	0.00	2000
228	11.40	2041	2061	0.00	195	0	0	0	nan	0.00	0.00	2.79	84.30	88.60	0.00	39	0	42	0.00	0.00	62.72	7.49	0.00	0.00	2000
228	10.99	2038	2139	0.00	196	0	0	0	nan	0.00	0.00	4.03	86.74	89.01	0.00	38	0	41	0.00	0.00	65.46	7.85	0.00	0.00	2000
240	11.61	2062	2103	0.00	196	0	0	0	nan	0.00	0.02	4.23	84.41	88.39	0.00	39	0	42	0.00	0.00	67.35	8.14	0.00	0.00	2000
227	11.22	2093	2028	0.00	195	0	0	0	nan	0.00	0.03	2.98	82.84	88.78	0.00	38	0	41	0.00	0.00	63.94	7.62	0.00	0.00	2000
228	10.92	2066	2126	0.00	196	0	0	0	nan	0.00	0.02	2.65	87.74	89.08	0.00	38	0	41	0.00	0.00	65.33	7.84	0.00	0.00	2000
229	10.98	2048	2138	0.00	195	0	0	0	nan	0.00	0.02	3.80	87.05	89.02	0.00	38	0	41	0.00	0.00	65.46	7.83	0.00	0.00	2000
226	11.49	2006	2062	0.00	194	0	0	0	nan	0.00	0.00	3.18	83.85	88.51	0.00	38	0	41	0.00	0.00	65.53	7.73	0.00	0.00	2000
237	11.39	2040	2138	0.00	195	0	0	0	nan	0.00	0.00	3.69	86.73	88.61	0.00	39	0	41	0.00	0.00	65.64	7.78	0.00	0.00	2000
228	11.46	2002	2083	0.00	197	0	0	0	nan	0.00	0.00	4.03	83.96	88.54	0.00	38	0	42	0.00	0.00	65.83	7.93	0.00	0.00	2000
228	11.21	2041	2094	0.00	193	0	0	0	nan	0.00	0.00	3.88	84.74	88.79	0.00	38	0	42	0.00	0.00	65.66	7.81	0.00	0.00	2000
229	11.01	2056	2120	0.00	197	0	0	0	nan	0.00	0.00	5.24	84.75	88.99	0.00	38	0	42	0.00	0.00	66.94	7.97	0.00	0.00	2000
227	11.36	2021	2074	0.00	195	0	0	0	nan	0.00	0.00	3.53	84.22	88.64	0.00	38	0	41	0.00	0.00	64.35	7.60	0.00	0.00	2000
230	11.46	2015	2089	0.00	197	0	0	0	nan	0.00	0.00	4.68	83.55	88.54	0.00	39	0	41	0.00	0.00	65.26	7.73	0.00	0.00	2000
230	11.07	2042	2134	0.89	195	0	0	11	17.49	0.00	0.01	3.51	87.04	88.93	0.00	38	0	42	0.00	0.00	66.09	7.78	0.00	0.00	2000
228	11.10	2075	2075	0.84	195	0	0	0	nan	0.00	0.00	3.88	84.10	88.90	0.00	38	0	41	0.00	0.00	65.87	7.70	0.00	0.00	2000
228	11.17	2022	2123	0.00	196	0	0	0	nan	0.00	0.00	3.18	86.76	88.83	0.00	38	0	41	0.00	0.00	65.59	7.75	0.00	0.00	2000
228	11.32	2015	2096	0.00	196	0	0	0	nan	0.00	0.02	4.45	84.25	88.68	0.00	38	0	41	0.00	0.00	65.64	7.82	0.00	0.00	2000
231	11.19	2073	2096	0.00	198	0	0	0	nan	0.00	0.00	5.17	83.65	88.81	0.00	38	0	42	0.00	0.00	65.98	7.88	0.00	0.00	2000
227	10.89	2091	2094	0.00	195	0	0	0	nan	0.00	0.00	4.15	84.85	89.11	0.00	38	0	41	0.00	0.00	66.13	7.80	0.00	0.00	2000
227	11.21	2036	2093	0.00	194	0	0	0	nan	0.00	0.00	3.27	85.45	88.79	0.00	38	0	41	0.00	0.00	65.43	7.86	0.00	0.00	2000
227	11.35	1996	2106	0.00	196	0	0	0	nan	0.00	0.00	4.48	84.60	88.65	0.00	38	0	41	0.00	0.00	65.55	7.91	0.00	0.00	2000
228	11.28	1990	2132	0.00	194	0	0	0	nan	0.00	0.00	4.11	86.20	88.72	0.00	38	0	41	0.00	0.00	65.50	7.97	0.00	0.00	2000
227	11.28	2038	2076	0.00	195	0	0	0	nan	0.00	0.02	2.82	85.01	88.72	0.00	38	0	42	0.00	0.00	66.78	7.86	0.00	0.00	2000
254	12.20	2108	2075	0.00	195	0	0	0	nan	0.00	0.01	3.74	83.14	87.80	0.00	38	0	41	0.00	0.00	65.35	7.74	0.00	0.00	2000
239	11.31	2079	2133	0.00	196	0	0	0	nan	0.00	0.00	3.29	86.89	88.69	0.00	38	0	42	0.00	0.00	66.20	7.98	0.00	0.00	2000
228	11.09	2046	2112	0.00	195	0	0	0	nan	0.00	0.00	3.82	85.59	88.91	0.00	38	0	42	0.00	0.00	65.61	7.92	0.00	0.00	2000
226	11.28	2014	2092	0.00	194	0	0	0	nan	0.00	0.00	3.32	85.28	88.72	0.00	38	0	42	0.00	0.00	65.22	7.74	0.00	0.00	2000
227	11.08	2048	2106	0.00	194	0	0	0	nan	0.00	0.00	3.67	85.65	88.92	0.00	38	0	42	0.00	0.00	65.67	7.71	0.00	0.00	2000
229	11.35	2036	2078	0.00	196	0	0	0	nan	0.00	0.02	3.78	84.06	88.65	0.00	38	0	41	0.00	0.00	65.48	7.86	0.00	0.00	2000
230	11.30	2005	2130	0.00	196	0	0	0	nan	0.00	0.00	4.44	85.69	88.70	0.00	38	0	41	0.00	0.00	65.98	7.81	0.00	0.00	2000
226	11.00	2066	2091	0.49	194	0	0	10	18.56	0.00	0.01	2.69	86.00	89.00	0.00	38	0	41	0.00	0.00	62.79	7.85	0.00	0.00	2000
228	11.48	1995	2095	1.25	195	0	0	3	54.93	0.00	0.00	3.39	85.08	88.52	0.00	38	0	42	0.00	0.00	68.38	7.93	0.00	0.00	2000
227	11.47	2007	2073	0.00	195	0	0	0	nan	0.00	0.00	3.75	83.85	88.53	0.00	38	0	41	0.00	0.00	65.60	7.81	0.00	0.00	2000
231	11.25	2043	2108	0.00	195	0	0	0	nan	0.00	0.00	4.10	85.13	88.75	0.00	38	0	42	0.00	0.00	65.67	7.78	0.00	0.00	2000
228	11.13	2051	2093	0.00	194	0	0	0	nan	0.00	0.00	4.33	84.43	88.87	0.00	38	0	41	0.00	0.00	65.65	7.76	0.00	0.00	2000
228	11.01	2031	2140	0.00	194	0	0	0	nan	0.00	0.00	3.27	87.57	88.99	0.00	38	0	41	0.00	0.00	65.22	7.94	0.00	0.00	2000
228	11.40	2037	2059	0.00	195	0	0	0	nan	0.00	0.02	3.03	83.92	88.60	0.00	38	0	42	0.00	0.00	65.45	7.92	0.00	0.00	2000
228	11.21	2017	2121	0.00	196	0	0	0	nan	0.00	0.01	4.24	85.63	88.79	0.00	38	0	41	0.00	0.00	65.26	7.89	0.00	0.00	2000
229	11.27	2048	2086	0.00	197	0	0	0	nan	0.00	0.00	4.81	83.46	88.73	0.00	38	0	41	0.00	0.00	65.66	7.89	0.00	0.00	2000
228	10.87	2071	2129	0.00	195	0	0	0	nan	0.00	0.00	3.54	86.99	89.13	0.00	38	0	41	0.00	0.00	65.79	7.65	0.00	0.00	2000
229	11.27	2038	2093	0.00	208	0	0	0	nan	0.00	0.00	4.78	83.83	88.73	0.00	38	0	41	0.00	0.00	65.43	7.91	0.00	0.00	2000
229	11.30	2051	2079	0.00	198	0	0	0	nan	0.00	0.02	3.74	84.23	88.70	0.00	38	0	42	0.00	0.00	65.50	7.81	0.00	0.00	2000
228	10.85	2106	2093	0.00	195	0	0	0	nan	0.00	0.00	3.97	85.02	89.15	0.00	38	0	41	0.00	0.00	62.69	7.49	0.00	0.00	2000
225	11.52	2023	2026	0.00	194	0	0	0	nan	0.00	0.00	3.37	82.15	88.48	0.00	38	0	41	0.00	0.00	62.80	7.39	0.00	0.00	2000
231	11.17	1978	2197	0.00	211	0	0	0	nan	0.00	0.00	2.84	90.24	88.83	0.00	39	0	42	0.00	0.00	71.15	8.69	0.00	0.00	2000
228	11.26	2013	2115	0.00	195	0	0	0	nan	0.00	0.00	4.27	85.25	88.74	0.00	38	0	42	0.00	0.00	65.56	8.01	0.00	0.00	2000
228	11.46	2022	2069	0.00	194	0	0	0	nan	0.00	0.00	3.47	83.89	88.54	0.00	38	0	41	0.00	0.00	62.59	7.54	0.00	0.00	2000
228	11.02	2037	2134	0.21	195	0	0	9	18.89	0.00	0.00	3.61	86.95	88.98	0.00	38	0	41	0.00	0.00	68.71	8.23	0.00	0.00	2000
230	11.50	2035	2060	1.45	196	0	0	4	42.36	0.00	0.00	3.77	83.21	88.50	0.00	38	0	41	0.00	0.00	62.71	7.50	0.00	0.00	2000
229	11.30	1995	2133	0.00	196	0	0	0	nan	0.00	0.00	3.81	86.50	88.70	0.00	38	0	41	0.00	0.00	68.72	8.31	0.00	0.00	2000
229	11.05	2093	2077	0.00	194	0	0	0	nan	0.00	0.00	3.79	84.33	88.95	0.00	38	0	41	0.00	0.00	62.88	7.54	0.00	0.00	2000
229	10.94	2060	2132	0.00	195	0	0	0	nan	0.00	0.00	5.20	85.35	89.06	0.00	38	0	41	0.00	0.00	68.94	8.19	0.00	0.00	2000
227	11.38	2023	2072	0.00	195	0	0	0	nan	0.00	0.00	3.38	84.29	88.62	0.00	38	0	42	0.00	0.00	62.81	7.64	0.00	0.00	2000
231	11.58	1964	2132	0.00	196	0	0	0	nan	0.00	0.01	4.09	85.83	88.42	0.00	38	0	41	0.00	0.00	68.50	8.06	0.00	0.00	2000
227	11.23	2042	2083	0.00	195	0	0	0	nan	0.00	0.00	3.43	84.87	88.77	0.00	38	0	41	0.00	0.00	65.79	7.89	0.00	0.00	2000
233	11.58	2025	2082	0.00	196	0	0	0	nan	0.00	0.00	4.03	83.78	88.42	0.00	38	0	41	0.00	0.00	62.58	7.51	0.00	0.00	2000
228	11.16	2031	2116	0.00	195	0	0	0	nan	0.00	0.03	3.55	86.13	88.84	0.00	38	0	42	0.00	0.00	68.85	8.24	0.00	0.00	2000
229	11.11	2042	2117	0.00	195	0	0	0	nan	0.00	0.00	4.47	85.22	88.89	0.00	38	0	42	0.00	0.00	66.04	7.93	0.00	0.00	2000
229	11.42	2015	2093	0.00	197	0	0	0	nan	0.00	0.00	4.02	84.38	88.58	0.00	38	0	42	0.00	0.00	66.13	7.59	0.00	0.00	2000
229	11.50	1986	2109	0.00	196	0	0	0	nan	0.00	0.00	4.16	84.85	88.50	0.00	38	0	41	0.00	0.00	65.82	7.93	0.00	0.00	2000
227	11.44	1995	2086	0.00	195	0	0	0	nan	0.00	0.00	2.65	85.53	88.56	0.00	38	0	41	0.00	0.00	65.37	7.84	0.00	0.00	2000
228	11.28	2010	2113	0.00	195	0	0	0	nan	0.00	0.00	3.72	85.71	88.72	0.00	38	0	41	0.00	0.00	65.77	7.79	0.00	0.00	2000
228	11.25	2035	2086	0.00	196	0	0	0	nan	0.00	0.00	3.22	85.02	88.75	0.00	38	0	41	0.00	0.00	63.39	7.62	0.00	0.00	2000
229	11.29	2033	2093	0.00	194	0	0	0	nan	0.00	0.00	3.77	84.83	88.71	0.00	38	0	42	0.00	0.00	65.43	7.91	0.00	0.00	2000
229	11.29	2042	2083	0.00	196	0	0	6	23.43	0.00	0.02	4.53	83.65	88.71	0.00	38	0	41	0.00	0.00	65.86	7.89	0.00	0.00	2000
229	11.33	1991	2130	1.62	195	0	0	7	28.76	0.00	0.00	3.65	86.51	88.67	0.00	38	0	41	0.00	0.00	65.48	7.92	0.00	0.00	2000
227	11.34	2010	2090	0.00	195	0	0	0	nan	0.00	0.00	2.95	85.43	88.66	0.00	39	0	41	0.00	0.00	65.99	8.05	0.00	0.00	2000
229	11.14	2058	2099	0.00	194	0	0	0	nan	0.00	0.00	3.59	85.36	88.86	0.00	38	0	41	0.00	0.00	65.73	7.72	0.00	0.00	2000
226	11.46	2002	2071	0.00	194	0	0	0	nan	0.00	0.00	4.05	83.50	88.54	0.00	38	0	41	0.00	0.00	62.49	7.44	0.00	0.00	2000
232	11.32	2018	2136	0.00	196	0	0	0	nan	0.00	0.03	4.05	86.33	88.68	0.00	38	0	41	0.00	0.00	68.42	8.19	0.00	0.00	2000
227	11.06	2048	2109	0.00	195	0	0	0	nan	0.00	0.00	3.99	85.41	88.94	0.00	38	0	41	0.00	0.00	66.27	8.45	0.00	0.00	2000
228	11.53	1992	2088	0.00	195	0	0	0	nan	0.00	0.00	3.08	85.03	88.47	0.00	38	0	41	0.00	0.00	64.94	7.34	0.00	0.00	2000
227	11.10	2044	2104	0.00	195	0	0	0	nan	0.00	0.00	4.01	85.13	88.90	0.00	38	0	41	0.00	0.00	65.68	7.99	0.00	0.00	2000
229	11.31	2042	2079	0.00	195	0	0	0	nan	0.00	0.00	3.64	84.35	88.69	0.00	38	0	42	0.00	0.00	63.00	7.44	0.00	0.00	2000
229	11.05	2081	2088	0.00	196	0	0	0	nan	0.00	0.00	4.67	83.91	88.95	0.00	38	0	42	0.00	0.00	65.06	7.95	0.00	0.00	2000
229	10.66	2101	2145	0.00	194	0	0	0	nan	0.00	0.02	3.84	87.51	89.34	0.00	38	0	42	0.00	0.00	71.38	8.62	0.00	0.00	2000
226	11.20	2064	2053	0.00	195	0	0	0	nan	0.00	0.00	2.83	84.12	88.80	0.00	38	0	42	0.00	0.00	59.57	7.32	0.00	0.00	2000
230	11.13	2031	2138	0.00	195	0	0	0	nan	0.00	0.03	3.36	87.21	88.87	0.00	38	0	41	0.00	0.00	68.78	8.17	0.00	0.00	2000
227	11.45	2019	2064	0.00	197	0	0	0	nan	0.00	0.00	4.03	83.21	88.55	0.00	38	0	41	0.00	0.00	62.79	7.53	0.00	0.00	2000
231	11.29	2013	2139	0.00	197	0	0	0	nan	0.00	0.00	4.73	85.84	88.71	0.00	38	0	42	0.00	0.00	68.37	8.07	0.00	0.00	2000
229	11.27	2054	2081	0.00	195	0	0	0	nan	0.00	0.00	3.77	84.29	88.73	0.00	38	0	42	0.00	0.00	63.39	7.70	0.00	0.00	2000
228	11.35	2000	2109	0.00	195	0	0	4	33.82	0.00	0.00	4.35	84.90	88.65	0.00	38	0	42	0.00	0.00	68.44	8.29	0.00	0.00	2000
228	11.30	2014	2102	1.70	195	0	0	10	27.70	0.00	0.00	3.96	84.98	88.70	0.00	38	0	42	0.00	0.00	62.96	7.64	0.00	0.00	2000
228	11.17	2039	2105	0.00	195	0	0	0	nan	0.00	0.00	4.28	84.81	88.83	0.00	38	0	41	0.00	0.00	68.41	8.38	0.00	0.00	2000
227	11.29	2019	2095	0.00	195	0	0	0	nan	0.00	0.00	3.72	84.96	88.71	0.00	38	0	41	0.00	0.00	63.15	7.56	0.00	0.00	2000
231	11.35	2030	2103	0.00	196	0	0	0	nan	0.00	0.00	4.08	84.85	88.65	0.00	38	0	42	0.00	0.00	67.68	8.21	0.00	0.00	2000
227	11.21	2028	2094	0.00	194	0	0	0	nan	0.00	0.00	3.30	85.35	88.79	0.00	38	0	42	0.00	0.00	63.25	7.72	0.00	0.00	2000
238	11.59	2070	2084	0.00	195	0	0	0	nan	0.00	0.00	5.10	82.77	88.41	0.00	38	0	42	0.00	0.00	65.57	7.95	0.00	0.00	2000
228	10.88	2102	2099	0.00	195	0	0	0	nan	0.00	0.00	3.11	86.11	89.12	0.00	38	0	42	0.00	0.00	65.56	7.97	0.00	0.00	2000
228	11.26	1992	2132	0.00	195	0	0	0	nan	0.00	0.00	3.92	86.33	88.74	0.00	38	0	42	0.00	0.00	65.83	7.97	0.00	0.00	2000
229	11.77	1982	2061	0.00	195	0	0	0	nan	0.00	0.00	3.88	82.90	88.23	0.00	38	0	41	0.00	0.00	64.87	7.89	0.00	0.00	2000
230	10.79	2088	2147	0.00	195	0	0	0	nan	0.00	0.02	4.37	86.93	89.21	0.00	38	0	41	0.00	0.00	67.97	7.96	0.00	0.00	2000
225	11.53	2027	2019	0.00	194	0	0	0	nan	0.00	0.01	3.09	82.17	88.47	0.00	38	0	42	0.00	0.00	63.61	7.62	0.00	0.00	2000
230	11.11	2018	2160	0.00	197	0	0	0	nan	0.00	0.00	2.63	88.99	88.89	0.00	38	0	41	0.00	0.00	65.44	8.00	0.00	0.00	2000
227	11.27	2030	2085	0.00	195	0	0	0	nan	0.00	0.00	4.26	84.03	88.73	0.00	38	0	41	0.00	0.00	65.56	7.90	0.00	0.00	2000
231	11.18	2029	2136	0.00	196	0	0	0	nan	0.00	0.00	4.73	85.82	88.82	0.00	37	0	42	0.00	0.00	66.79	8.14	0.00	0.00	2000
226	11.23	2072	2044	0.00	194	0	0	0	nan	0.00	0.02	3.22	83.38	88.77	0.00	38	0	42	0.00	0.00	63.55	7.68	0.00	0.00	2000
229	11.11	2010	2158	0.00	195	0	0	0	nan	0.00	0.02	3.59	87.90	88.89	0.00	38	0	41	0.00	0.00	65.56	7.98	0.00	0.00	2000
227	11.30	2018	2089	0.00	194	0	0	0	97.65	0.00	0.02	3.13	85.23	88.70	0.00	38	0	42	0.00	0.00	65.56	7.81	0.00	0.00	2000
229	11.37	2007	2107	1.49	200	1	0	12	18.22	0.00	0.00	5.42	83.71	88.63	0.00	38	0	41	0.00	0.00	65.27	7.90	0.00	0.00	2000
229	11.38	2042	2071	0.23	195	0	0	0	nan	0.00	0.00	2.98	84.62	88.62	0.00	38	0	41	0.00	0.00	65.06	7.72	0.00	0.00	2000
229	11.09	2048	2121	0.00	195	0	0	0	nan	0.00	0.00	3.77	86.25	88.91	0.00	38	0	42	0.00	0.00	65.31	7.99	0.00	0.00	2000
227	11.36	2000	2102	0.00	194	0	0	0	nan	0.00	0.00	3.68	85.22	88.64	0.00	38	0	41	0.00	0.00	65.29	7.90	0.00	0.00	2000
227	11.31	2032	2075	0.00	194	0	0	0	nan	0.00	0.00	2.78	85.03	88.69	0.00	38	0	41	0.00	0.00	65.44	7.93	0.00	0.00	2000
227	11.32	2005	2102	0.00	196	0	0	0	nan	0.00	0.00	4.39	84.58	88.68	0.00	38	0	41	0.00	0.00	64.94	7.83	0.00	0.00	2000
228	11.33	1981	2135	0.00	195	0	0	0	nan	0.00	0.00	4.03	86.33	88.67	0.00	38	0	42	0.00	0.00	64.90	7.98	0.00	0.00	2000
229	11.35	2029	2087	0.00	196	0	0	0	nan	0.00	0.01	2.93	85.25	88.65	0.00	38	0	42	0.00	0.00	65.16	7.88	0.00	0.00	2000
227	11.20	2021	2110	0.00	194	0	0	0	nan	0.00	0.00	3.61	85.82	88.80	0.00	38	0	42	0.00	0.00	65.09	7.79	0.00	0.00	2000
228	11.46	2026	2061	0.00	196	0	0	0	nan	0.00	0.02	3.52	83.56	88.54	0.00	38	0	42	0.00	0.00	64.99	7.88	0.00	0.00	2000
229	11.04	2033	2140	0.00	195	0	0	0	nan	0.00	0.00	3.62	87.24	88.96	0.00	38	0	41	0.00	0.00	65.19	7.80	0.00	0.00	2000
227	10.97	2108	2061	0.00	194	0	0	0	nan	0.00	0.02	3.15	84.35	89.03	0.00	38	0	42	0.00	0.00	65.81	7.83	0.00	0.00	2000
230	11.32	2004	2125	0.00	195	0	0	0	nan	0.00	0.00	4.45	85.44	88.68	0.00	38	0	42	0.00	0.00	64.64	7.94	0.00	0.00	2000
228	11.19	2068	2068	0.00	196	0	0	0	nan	0.00	0.00	3.54	84.01	88.81	0.00	38	0	42	0.00	0.00	65.86	7.71	0.00	0.00	2000
230	10.96	2073	2130	0.00	195	0	0	0	nan	0.00	0.03	3.72	86.64	89.04	0.00	38	0	42	0.00	0.00	65.49	7.90	0.00	0.00	2000
226	11.13	2051	2082	0.00	193	0	0	0	nan	0.00	0.00	3.63	84.59	88.87	0.00	38	0	42	0.00	0.00	65.43	7.94	0.00	0.00	2000
227	11.20	1999	2133	0.00	194	0	0	0	nan	0.00	0.00	3.83	86.57	88.80	0.00	38	0	41	0.00	0.00	66.03	7.84	0.00	0.00	2000
229	11.31	2035	2088	1.09	197	0	0	11	10.98	0.00	0.00	3.13	85.21	88.69	0.00	38	0	41	0.00	0.00	65.33	7.90	0.00	0.00	2000
229	11.33	2014	2104	0.65	194	0	0	0	nan	0.00	0.00	3.70	85.31	88.67	0.00	38	0	42	0.00	0.00	65.80	7.95	0.00	0.00	2000
227	11.22	2055	2068	0.00	195	0	0	0	nan	0.00	0.00	3.51	84.05	88.78	0.00	38	0	42	0.00	0.00	65.05	7.86	0.00	0.00	2000
229	11.18	2032	2116	0.00	197	0	0	0	nan	0.00	0.00	4.90	84.77	88.82	0.00	38	0	42	0.00	0.00	65.15	7.97	0.00	0.00	2000
227	11.22	2016	2113	0.00	197	0	0	0	nan	0.00	0.00	4.77	84.78	88.78	0.00	38	0	41	0.00	0.00	65.31	7.92	0.00	0.00	2000
230	11.38	2042	2078	0.00	196	0	0	0	nan	0.00	0.00	3.95	83.91	88.62	0.00	38	0	42	0.00	0.00	64.75	7.88	0.00	0.00	2000
228	10.98	2060	2115	0.00	195	0	0	0	nan	0.00	0.00	3.96	85.83	89.02	0.00	38	0	42	0.00	0.00	65.22	8.20	0.00	0.00	2000
228	11.07	2042	2117	0.00	195	0	0	0	nan	0.00	0.00	3.67	86.14	88.93	0.00	38	0	42	0.00	0.00	65.59	7.88	0.00	0.00	2000
228	11.56	1993	2080	0.00	195	0	0	0	nan	0.00	0.00	3.27	84.50	88.44	0.00	38	0	42	0.00	0.00	65.44	7.77	0.00	0.00	2000
228	11.19	2033	2108	0.00	196	0	0	0	nan	0.00	0.00	3.80	85.57	88.81	0.00	38	0	42	0.00	0.00	65.17	7.94	0.00	0.00	2000
226	11.28	2007	2097	0.00	193	0	0	0	nan	0.00	0.00	3.81	84.94	88.72	0.00	38	0	42	0.00	0.00	65.78	7.90	0.00	0.00	2000
231	11.42	2027	2098	0.00	203	0	0	0	nan	0.00	0.00	6.27	82.34	88.58	0.00	38	0	42	0.00	0.00	65.47	7.75	0.00	0.00	2000
228	11.20	2029	2103	0.00	199	0	0	0	nan	0.00	0.00	6.65	82.45	88.80	0.00	38	0	42	0.00	0.00	65.86	7.86	0.00	0.00	2000
229	11.43	1998	2106	0.00	199	0	0	0	nan	0.00	0.02	4.76	84.27	88.57	0.00	38	0	41	0.00	0.00	65.67	7.83	0.00	0.00	2000
229	11.32	2029	2094	0.00	199	0	0	0	nan	0.00	0.45	6.44	81.71	88.68	0.00	38	0	41	0.00	0.00	65.57	7.84	0.00	0.00	2000
229	11.13	2052	2102	0.00	199	0	0	0	nan	0.00	0.00	5.97	83.14	88.87	0.00	38	0	41	0.00	0.00	65.67	7.97	0.00	0.00	2000
231	11.12	2101	2075	0.00	203	0	0	0	nan	0.00	0.03	5.56	82.43	88.88	0.00	38	0	41	0.00	0.00	65.72	8.00	0.00	0.00	2000
229	11.17	2014	2138	0.69	199	0	0	12	20.05	0.00	0.00	5.04	85.55	88.83	0.00	38	0	41	0.00	0.00	65.47	7.87	0.00	0.00	2000
230	11.02	2122	2062	1.04	200	0	0	1	89.90	0.00	0.02	5.86	81.54	88.98	0.00	38	0	41	0.00	0.00	65.90	7.47	0.00	0.00	2000
228	11.14	2041	2103	0.00	197	0	0	0	nan	0.00	0.00	5.73	83.41	88.86	0.00	38	0	41	0.00	0.00	65.25	8.16	0.00	0.00	2000
229	11.08	2033	2134	0.00	198	0	0	0	nan	0.00	0.00	5.90	84.67	88.92	0.00	37	0	41	0.00	0.00	63.69	7.45	0.00	0.00	2000
233	11.50	2022	2108	0.00	206	0	0	0	nan	0.00	0.00	5.57	83.41	88.50	0.00	37	0	41	0.00	0.00	63.88	7.34	0.00	0.00	2000
235	11.19	2099	2101	0.00	200	0	0	0	nan	0.00	0.02	7.09	81.88	88.81	0.00	37	0	42	0.00	0.00	67.61	7.95	0.00	0.00	2000
231	11.39	2053	2077	0.00	183	0	0	0	nan	0.00	0.03	5.76	81.95	88.61	0.00	37	0	41	0.00	0.00	65.63	7.73	0.00	0.00	2000
231	11.10	2100	2078	0.00	199	0	0	0	nan	0.00	0.00	6.37	81.72	88.90	0.00	38	0	41	0.00	0.00	63.93	8.37	0.00	0.00	2000
231	11.25	2033	2118	0.00	200	0	0	0	nan	0.00	0.02	5.94	83.74	88.75	0.00	37	0	41	0.00	0.00	70.09	9.25	0.00	0.00	2000
229	11.15	2047	2103	0.00	199	0	0	0	nan	0.00	0.00	6.59	82.55	88.85	0.00	38	0	41	0.00	0.00	67.04	8.86	0.00	0.00	2000
231	11.05	2074	2114	0.00	203	0	0	0	nan	0.00	0.00	6.05	83.67	88.95	0.00	38	0	41	0.00	0.00	67.05	8.56	0.00	0.00	2000
227	11.44	2029	2057	0.00	198	0	0	0	nan	0.00	0.41	5.54	81.01	88.56	0.00	38	0	42	0.00	0.00	64.26	8.52	0.00	0.00	2000
231	11.19	2018	2148	0.00	199	0	0	0	nan	0.00	0.03	7.59	83.39	88.81	0.00	38	0	42	0.00	0.00	69.86	9.20	0.00	0.00	2000
227	11.61	1968	2090	0.00	199	0	0	0	nan	0.00	0.01	5.22	82.94	88.39	0.00	37	0	41	0.00	0.00	66.92	8.81	0.00	0.00	2000
230	11.53	2003	2093	0.00	198	0	0	0	nan	0.00	0.00	5.10	83.21	88.47	0.00	38	0	42	0.00	0.00	66.81	8.81	0.00	0.00	2000
231	11.35	2032	2105	0.00	203	0	0	0	nan	0.00	0.00	6.73	82.24	88.65	0.00	38	0	41	0.00	0.00	67.33	8.86	0.00	0.00	2000
229	11.62	1987	2086	0.00	199	0	0	0	nan	0.00	0.00	6.70	81.30	88.38	0.00	38	0	41	0.00	0.00	63.87	8.27	0.00	0.00	2000
229	11.10	2076	2086	0.01	199	0	0	23	20.95	0.00	0.00	6.80	81.67	88.90	0.00	38	0	42	0.00	0.00	66.38	8.88	0.00	0.00	2000
234	11.36	2045	2117	1.14	202	0	0	14	17.81	0.00	0.00	6.51	83.03	88.64	0.00	38	0	41	0.00	0.00	67.40	8.73	0.00	0.00	2000
229	11.44	2010	2093	0.00	199	0	0	0	nan	0.00	0.00	6.35	82.13	88.56	0.00	37	0	41	0.00	0.00	67.38	8.66	0.00	0.00	2000
232	11.37	2054	2090	0.00	199	0	0	0	nan	0.00	0.02	6.74	81.62	88.63	0.00	38	0	41	0.00	0.00	67.02	8.60	0.00	0.00	2000
230	11.14	2034	2131	0.00	204	0	0	0	nan	0.00	0.02	5.31	85.09	88.86	0.00	38	0	41	0.00	0.00	70.33	9.27	0.00	0.00	2000
230	11.15	2060	2100	0.00	198	0	0	0	nan	0.01	0.05	3.26	85.65	88.85	0.00	38	0	42	0.00	0.00	67.32	8.55	0.00	0.00	2000
229	11.05	2108	2061	0.00	199	0	0	0	nan	0.00	0.00	3.56	83.83	88.95	0.00	37	0	42	0.00	0.00	60.31	7.25	0.00	0.00	2000
230	11.39	1986	2137	0.00	200	0	0	0	nan	0.00	0.00	6.29	84.11	88.61	0.00	37	0	41	0.00	0.00	70.43	7.88	0.00	0.00	2000
229	11.28	2017	2111	0.00	199	0	0	0	nan	0.00	0.00	6.46	82.92	88.72	0.00	37	0	42	0.00	0.00	64.89	7.83	0.00	0.00	2000
229	11.32	2028	2093	0.00	194	0	0	0	nan	0.01	0.00	3.13	85.35	88.68	0.00	37	0	41	0.00	0.00	65.12	7.64	0.00	0.00	2000
230	11.33	2063	2066	0.00	199	0	0	0	nan	0.00	0.00	4.58	82.78	88.67	0.00	37	0	42	0.00	0.00	59.61	7.04	0.00	0.00	2000
230	11.12	2050	2118	0.00	196	0	0	0	nan	0.00	0.02	4.87	84.88	88.88	0.00	37	0	41	0.00	0.00	67.89	8.19	0.00	0.00	2000
234	11.40	2041	2110	0.00	212	0	0	0	nan	0.00	0.00	8.05	81.03	88.60	0.00	37	0	41	0.00	0.00	65.45	7.50	0.00	0.00	2000
223	11.07	2038	2072	0.00	195	0	0	0	nan	0.00	0.00	3.60	84.13	88.93	0.00	37	0	41	0.00	0.00	62.51	7.84	0.00	0.00	2000
137	8.77	1534	2139	0.00	237	0	0	0	nan	0.00	0.00	8.20	84.85	91.23	0.00	37	0	41	0.00	0.00	64.34	7.86	0.00	0.00	2000
82	6.78	1202	2106	0.00	194	0	0	0	nan	0.00	0.00	3.40	90.22	93.22	0.00	37	0	41	0.00	0.00	59.08	7.19	0.00	0.00	2000
78	7.20	1090	2096	0.00	161	0	0	0	nan	0.00	0.02	4.05	88.71	92.80	0.00	37	0	41	0.00	0.00	58.67	7.42	0.00	0.00	2000
