Avg_MHz	Busy%	Bzy_MHz	TSC_MHz	IPC	IRQ	NMI	SMI	LLCMRPS	LLC%hit	POLL%	C1%	C1E%	C6%	CPU%c1	CPU%c6	CoreTmp	CoreThr	PkgTmp	Pkg%pc2	Pkg%pc6	PkgWatt	RAMWatt	PKG_%	RAM_%	UncMHz
359	16.40	2149	2136	0.00	234	0	0	0	nan	0.02	0.66	37.91	46.50	83.60	0.00	37	0	42	0.00	0.00	67.98	7.79	0.00	0.00	2000
284	14.02	2018	2110	0.00	220	0	0	0	nan	0.04	2.12	17.69	66.79	85.98	0.00	36	0	42	0.00	0.00	66.21	7.65	0.00	0.00	2000
77	6.64	1159	2111	0.00	193	0	0	0	nan	0.00	0.00	4.23	89.61	93.36	0.00	36	0	42	0.00	0.00	59.67	7.44	0.00	0.00	2000
74	6.51	1136	2100	0.00	195	0	0	0	nan	0.00	0.00	3.03	90.46	93.49	0.00	37	0	42	0.00	0.00	56.89	7.27	0.00	0.00	2000
73	6.76	1084	2086	0.00	193	0	0	0	nan	0.00	0.00	2.67	89.93	93.24	0.00	37	0	42	0.00	0.00	58.88	7.32	0.00	0.00	2000
73	6.62	1092	2112	0.00	193	0	0	0	nan	0.00	0.00	4.10	89.78	93.38	0.00	36	0	42	0.00	0.00	60.85	7.53	0.00	0.00	2000
73	6.31	1151	2105	0.00	193	0	0	0	nan	0.00	0.02	3.77	90.03	93.69	0.00	36	0	42	0.00	0.00	59.51	7.47	0.00	0.00	2000
73	6.81	1079	2083	0.00	195	0	0	0	nan	0.00	0.00	3.89	88.69	93.19	0.00	36	0	42	0.00	0.00	56.02	7.01	0.00	0.00	2000
73	6.85	1061	2106	0.00	193	0	0	0	nan	0.00	0.03	3.93	89.52	93.15	0.00	37	0	42	0.00	0.00	60.95	7.61	0.00	0.00	2000
71	6.72	1071	2079	0.00	194	0	0	0	nan	0.00	0.00	4.07	88.28	93.28	0.00	36	0	42	0.00	0.00	58.67	7.30	0.00	0.00	2000
74	6.83	1068	2133	0.00	196	0	0	0	nan	0.00	0.00	2.26	92.43	93.17	0.00	37	0	42	0.00	0.00	59.10	7.39	0.00	0.00	2000
71	6.60	1094	2074	0.00	193	0	0	0	nan	0.00	0.03	3.47	88.73	93.40	0.00	37	0	42	0.00	0.00	57.86	7.30	0.00	0.00	2000
74	6.53	1129	2114	0.00	193	0	0	0	nan	0.00	0.01	3.12	90.97	93.47	0.00	37	0	42	0.00	0.00	59.87	7.45	0.00	0.00	2000
71	6.48	1112	2082	0.00	194	0	0	0	nan	0.00	0.02	3.32	89.36	93.52	0.00	36	0	42	0.00	0.00	58.11	7.23	0.00	0.00	2000
73	6.68	1085	2123	0.00	194	0	0	0	nan	0.00	0.02	2.95	91.43	93.32	0.00	36	0	42	0.00	0.00	58.39	7.35	0.00	0.00	2000
72	6.32	1147	2093	0.00	195	0	0	0	97.61	0.00	0.00	3.44	89.93	93.68	0.00	36	0	42	0.00	0.00	59.55	7.55	0.00	0.00	2000
73	6.25	1174	2099	0.30	194	0	0	1	82.18	0.00	0.00	2.94	90.74	93.75	0.00	37	0	42	0.00	0.00	59.40	7.49	0.00	0.00	2000
72	6.53	1104	2104	0.11	194	0	0	0	nan	0.00	0.03	2.45	91.19	93.47	0.00	36	0	42	0.00	0.00	59.77	7.49	0.00	0.00	2000
190	10.03	1910	2078	0.00	215	0	0	0	nan	0.00	0.04	3.21	85.84	89.97	0.00	38	0	42	0.00	0.00	61.03	7.18	0.00	0.00	2000
236	11.18	2077	2132	0.00	205	0	0	0	nan	0.00	0.00	5.03	85.22	88.82	0.00	39	0	42	0.00	0.00	66.64	7.71	0.00	0.00	2000
225	11.11	2046	2082	0.00	226	0	0	0	nan	0.00	0.01	2.94	85.25	88.89	0.00	40	0	42	0.00	0.00	65.13	7.43	0.00	0.00	2000
230	11.08	2065	2112	0.00	203	0	0	0	nan	0.00	0.00	3.53	85.93	88.92	0.00	40	0	42	0.00	0.00	65.20	7.51	0.00	0.00	2000
234	11.33	2056	2107	0.00	198	0	0	0	nan	0.00	0.01	6.31	82.75	88.67	0.00	38	0	42	0.00	0.00	65.32	7.78	0.00	0.00	2000
231	11.16	2073	2097	0.00	200	0	0	0	nan	0.00	0.00	5.86	82.85	88.84	0.00	38	0	42	0.00	0.00	66.31	7.96	0.00	0.00	2000
231	11.38	2063	2068	0.00	202	0	0	0	nan	0.00	0.01	5.54	81.78	88.62	0.00	37	0	42	0.00	0.00	65.66	7.68	0.00	0.00	2000
233	11.00	2092	2130	0.00	199	0	0	0	nan	0.00	0.02	5.19	85.09	89.00	0.00	37	0	42	0.00	0.00	67.02	7.97	0.00	0.00	2000
232	11.04	2107	2097	0.00	198	0	0	0	nan	0.00	0.00	4.48	84.51	88.96	0.00	37	0	42	0.00	0.00	65.16	7.58	0.00	0.00	2000
233	11.02	2105	2112	0.00	200	0	0	0	nan	0.00	0.01	3.93	85.53	88.98	0.00	37	0	42	0.00	0.00	63.97	7.32	0.00	0.00	2000
230	10.62	2168	2101	0.00	199	0	0	0	nan	0.00	0.58	4.03	84.97	89.38	0.00	38	0	42	0.00	0.00	63.54	7.29	0.00	0.00	2000
238	11.34	2115	2085	0.00	201	0	0	0	nan	0.00	0.53	3.90	83.69	88.66	0.00	38	0	42	0.00	0.00	63.66	7.17	0.00	0.00	2000
226	10.81	2119	2071	0.00	204	0	0	0	nan	0.00	0.00	7.74	80.27	89.19	0.00	38	0	42	0.00	0.00	65.90	7.09	0.00	0.00	2000
226	11.18	2043	2081	0.00	199	0	0	0	nan	0.00	0.00	5.58	82.60	88.82	0.00	38	0	42	0.00	0.00	64.75	7.71	0.00	0.00	2000
228	10.96	2081	2102	0.00	214	0	0	1	90.88	0.00	0.00	5.55	83.69	89.04	0.00	38	0	42	0.00	0.00	63.10	7.32	0.00	0.00	2000
232	11.13	2059	2127	0.75	215	0	0	20	92.68	0.00	0.03	4.44	85.69	88.87	0.00	38	0	42	0.00	0.00	67.19	7.86	0.00	0.00	2000
229	10.68	2157	2090	0.00	219	0	0	0	nan	0.00	0.02	6.11	82.66	89.32	0.00	39	0	42	0.00	0.00	62.95	7.09	0.00	0.00	2000
231	11.15	2071	2096	0.00	200	0	0	0	nan	0.00	0.00	5.12	83.59	88.85	0.00	38	0	42	0.00	0.00	65.78	7.59	0.00	0.00	2000
236	11.05	2090	2147	0.00	215	0	0	0	nan	0.00	0.03	4.99	85.99	88.95	0.00	38	0	42	0.00	0.00	69.63	8.03	0.00	0.00	2000
227	11.24	2045	2070	0.00	198	0	0	0	nan	0.00	0.00	4.42	83.18	88.76	0.00	38	0	42	0.00	0.00	60.45	6.94	0.00	0.00	2000
235	11.06	2112	2116	0.00	252	0	0	0	nan	0.01	0.00	6.50	83.29	88.94	0.00	37	0	42	0.00	0.00	68.41	8.19	0.00	0.00	2000
223	11.24	2084	2000	0.00	198	0	0	0	nan	0.01	0.01	4.76	79.95	88.76	0.00	37	0	42	0.00	0.00	62.31	7.38	0.00	0.00	2000
227	10.50	2060	2200	0.00	196	0	0	0	nan	0.01	0.00	4.57	89.36	89.50	0.00	38	0	42	0.00	0.00	68.94	8.37	0.00	0.00	2000
219	11.33	2137	1895	0.00	199	0	0	0	nan	0.01	0.03	3.14	76.84	88.67	0.00	37	0	42	0.00	0.00	53.58	6.60	0.00	0.00	2000
239	9.86	2184	2333	0.00	245	0	0	0	nan	0.00	2.03	6.21	92.02	90.14	0.00	38	0	42	0.00	0.00	80.22	9.52	0.00	0.00	2000
232	11.07	2083	2117	0.00	181	0	0	0	nan	0.00	0.00	7.71	82.07	88.93	0.00	38	0	42	0.00	0.00	66.03	7.89	0.00	0.00	2000
234	11.38	2053	2103	0.00	198	0	0	0	nan	0.00	0.04	6.24	82.62	88.62	0.00	38	0	42	0.00	0.00	63.36	7.62	0.00	0.00	2000
235	11.24	2094	2100	0.00	196	0	0	0	nan	0.00	0.00	5.98	82.83	88.76	0.00	38	0	42	0.00	0.00	66.33	8.11	0.00	0.00	2000
230	11.36	2087	2034	0.00	203	0	0	0	nan	0.00	0.02	5.33	80.57	88.64	0.00	39	0	42	0.00	0.00	60.26	6.99	0.00	0.00	2000
230	11.20	2008	2152	0.00	196	0	0	0	nan	0.00	0.00	7.58	83.53	88.80	0.00	39	0	42	0.00	0.00	70.37	8.15	0.00	0.00	2000
230	11.40	2026	2090	0.00	198	0	0	0	nan	0.00	0.00	7.16	81.16	88.60	0.00	39	0	42	0.00	0.00	62.27	7.17	0.00	0.00	2000
230	11.12	2038	2131	0.19	197	0	0	7	51.96	0.00	0.00	7.36	83.06	88.88	0.00	39	0	42	0.00	0.00	66.77	7.89	0.00	0.00	2000
235	11.48	2096	2052	0.49	201	0	0	4	73.91	0.00	0.00	5.92	80.64	88.52	0.00	39	0	42	0.00	0.00	61.00	7.07	0.00	0.00	2000
231	11.02	2070	2121	0.00	199	0	0	0	nan	0.00	0.02	6.94	83.02	88.98	0.00	39	0	42	0.00	0.00	69.34	7.66	0.00	0.00	2000
230	11.24	2055	2094	0.00	199	0	0	0	nan	0.00	0.00	9.22	79.33	88.76	0.00	39	0	42	0.00	0.00	61.50	7.46	0.00	0.00	2000
228	10.97	2085	2095	0.00	198	0	0	0	nan	0.00	0.01	7.16	81.79	89.03	0.00	39	0	42	0.00	0.00	64.68	7.38	0.00	0.00	2000
229	11.09	2046	2120	0.00	199	0	0	0	nan	0.00	0.00	7.41	82.47	88.91	0.00	39	0	42	0.00	0.00	65.09	7.51	0.00	0.00	2000
230	11.13	2105	2060	0.00	198	0	0	0	nan	0.00	0.04	7.89	79.37	88.87	0.00	39	0	42	0.00	0.00	64.57	7.04	0.00	0.00	2000
231	10.44	2166	2147	0.00	199	0	0	0	nan	0.00	1.12	3.97	86.61	89.56	0.00	39	0	42	0.00	0.00	67.37	8.15	0.00	0.00	2000
228	11.01	2074	2097	0.00	196	0	0	0	nan	0.00	0.00	5.77	83.20	88.99	0.00	39	0	42	0.00	0.00	64.62	7.49	0.00	0.00	2000
229	11.07	2066	2103	0.00	197	0	0	0	nan	0.00	0.44	7.57	81.22	88.93	0.00	39	0	42	0.00	0.00	62.01	7.27	0.00	0.00	2000
229	10.84	2122	2093	0.00	197	0	0	0	nan	0.00	0.45	6.47	82.01	89.16	0.00	39	0	42	0.00	0.00	65.59	7.52	0.00	0.00	2000
232	11.22	2073	2092	0.00	199	0	0	0	nan	0.00	0.00	7.01	81.54	88.78	0.00	39	0	42	0.00	0.00	63.81	7.39	0.00	0.00	2000
232	11.11	2095	2095	0.00	219	0	0	0	nan	0.00	0.00	6.56	82.18	88.89	0.00	39	0	42	0.00	0.00	66.29	7.36	0.00	0.00	2000
231	11.10	2058	2126	0.00	197	0	0	0	nan	0.00	0.00	7.62	82.51	88.90	0.00	40	0	42	0.00	0.00	65.73	7.85	0.00	0.00	2000
230	11.21	2087	2065	0.00	183	0	0	0	nan	0.00	0.00	6.13	81.24	88.79	0.00	39	0	42	0.00	0.00	65.33	7.49	0.00	0.00	2000
232	11.13	2050	2132	0.00	215	0	0	0	nan	0.00	0.00	7.98	82.36	88.87	0.00	40	0	42	0.00	0.00	64.47	7.52	0.00	0.00	2000
230	11.32	2046	2082	0.00	182	0	0	0	nan	0.00	0.02	6.17	81.81	88.68	0.00	40	0	42	0.00	0.00	65.47	7.22	0.00	0.00	2000
235	11.26	2062	2124	0.00	201	0	0	5	87.27	0.00	0.03	9.79	79.98	88.74	0.00	39	0	42	0.00	0.00	66.49	7.69	0.00	0.00	2000
233	11.12	2132	2062	0.60	201	0	0	5	78.77	0.00	0.00	9.00	78.29	88.88	0.00	40	0	42	0.00	0.00	62.14	7.04	0.00	0.00	2000
232	11.00	2122	2091	0.00	199	0	0	0	nan	0.00	0.02	5.86	82.83	89.00	0.00	39	0	42	0.00	0.00	63.79	7.32	0.00	0.00	2000
229	10.74	2100	2134	0.00	197	0	0	0	nan	0.01	0.00	5.60	85.23	89.26	0.00	40	0	42	0.00	0.00	67.33	7.72	0.00	0.00	2000
230	10.97	2103	2099	0.00	200	0	0	0	nan	0.00	0.05	5.53	83.50	89.03	0.00	40	0	42	0.00	0.00	65.16	7.55	0.00	0.00	2000
232	11.19	2070	2100	0.00	199	0	0	0	nan	0.00	0.06	4.28	84.59	88.81	0.00	40	0	42	0.00	0.00	65.04	7.52	0.00	0.00	2000
231	11.13	2070	2104	0.00	207	0	0	0	nan	0.00	0.00	6.50	82.61	88.87	0.00	40	0	42	0.00	0.00	64.75	7.41	0.00	0.00	2000
229	10.91	2126	2074	0.00	198	0	0	0	nan	0.00	0.81	6.55	80.68	89.09	0.00	40	0	42	0.00	0.00	62.70	6.98	0.00	0.00	2000
229	11.10	2037	2129	0.00	196	0	0	0	nan	0.02	1.43	8.45	80.41	88.90	0.00	39	0	42	0.00	0.00	66.94	7.95	0.00	0.00	2000
228	11.09	2058	2098	0.00	197	0	0	0	nan	0.00	0.02	7.27	81.67	88.91	0.00	40	0	42	0.00	0.00	64.88	7.50	0.00	0.00	2000
233	11.29	2086	2074	0.00	197	0	0	0	nan	0.00	0.32	8.23	79.05	88.71	0.00	40	0	42	0.00	0.00	64.38	7.00	0.00	0.00	2000
229	11.00	2057	2124	0.00	204	0	0	0	nan	0.00	0.02	8.09	82.03	89.00	0.00	40	0	42	0.00	0.00	65.60	7.53	0.00	0.00	2000
228	11.19	2066	2075	0.00	198	0	0	0	nan	0.00	0.02	7.46	80.37	88.82	0.00	40	0	42	0.00	0.00	61.40	7.45	0.00	0.00	2000
229	10.94	2096	2097	0.00	197	0	0	0	nan	0.00	0.02	7.73	81.29	89.06	0.00	39	0	42	0.00	0.00	65.64	7.33	0.00	0.00	2000
230	11.00	2057	2131	0.00	197	0	0	0	nan	0.00	0.00	6.81	83.53	89.00	0.00	40	0	42	0.00	0.00	64.83	7.14	0.00	0.00	2000
230	11.10	2107	2070	0.00	198	0	0	0	nan	0.00	0.00	6.69	80.94	88.90	0.00	40	0	42	0.00	0.00	64.51	7.44	0.00	0.00	2000
230	11.03	2054	2128	0.00	198	0	0	0	nan	0.00	0.00	8.87	81.36	88.97	0.00	40	0	42	0.00	0.00	64.70	7.29	0.00	0.00	2000
228	11.19	2041	2097	0.00	199	0	0	5	54.90	0.00	0.02	8.14	80.64	88.81	0.00	39	0	42	0.00	0.00	64.65	7.60	0.00	0.00	2000
233	11.29	2073	2087	1.06	215	0	0	7	74.47	0.00	0.03	4.49	83.77	88.71	0.00	39	0	42	0.00	0.00	64.58	7.56	0.00	0.00	2000
229	11.00	2085	2097	0.00	183	0	0	0	nan	0.00	0.07	5.51	83.44	89.00	0.00	39	0	42	0.00	0.00	64.92	7.34	0.00	0.00	2000
232	11.21	2070	2100	0.00	198	0	0	0	nan	0.00	0.00	6.58	82.23	88.79	0.00	40	0	42	0.00	0.00	64.75	7.32	0.00	0.00	2000
230	10.77	2133	2102	0.00	199	0	0	0	nan	0.00	0.98	9.54	78.92	89.23	0.00	40	0	42	0.00	0.00	65.79	7.42	0.00	0.00	2000
229	10.89	2089	2116	0.00	198	0	0	0	nan	0.00	0.00	8.50	81.32	89.11	0.00	40	0	42	0.00	0.00	65.04	7.34	0.00	0.00	2000
228	10.99	2097	2075	0.00	199	0	0	0	nan	0.00	0.00	7.71	80.27	89.01	0.00	40	0	42	0.00	0.00	64.69	7.55	0.00	0.00	2000
233	11.12	2077	2120	0.00	199	0	0	0	nan	0.00	0.00	10.20	79.58	88.88	0.00	40	0	42	0.00	0.00	65.51	7.55	0.00	0.00	2000
228	10.97	2102	2078	0.00	197	0	0	0	nan	0.00	0.00	7.56	80.60	89.03	0.00	40	0	42	0.00	0.00	64.67	7.33	0.00	0.00	2000
233	11.05	2094	2113	0.00	204	0	0	0	nan	0.00	0.00	6.34	83.15	88.95	0.00	40	0	42	0.00	0.00	64.87	7.36	0.00	0.00	2000
228	10.92	2064	2124	0.00	199	0	0	0	nan	0.00	0.00	8.38	81.81	89.08	0.00	40	0	42	0.00	0.00	64.92	7.48	0.00	0.00	2000
229	11.12	2077	2084	0.00	197	0	0	0	nan	0.00	0.00	5.16	83.14	88.88	0.00	40	0	42	0.00	0.00	64.37	7.30	0.00	0.00	2000
229	11.10	2052	2108	0.00	196	0	0	0	nan	0.00	0.01	7.63	81.67	88.90	0.00	39	0	42	0.00	0.00	64.47	7.38	0.00	0.00	2000
229	11.05	2074	2097	0.00	196	0	0	0	nan	0.00	0.00	5.82	83.11	88.95	0.00	40	0	42	0.00	0.00	65.36	7.59	0.00	0.00	2000
231	11.28	2050	2098	0.00	202	0	0	0	nan	0.00	0.00	7.44	81.26	88.72	0.00	40	0	42	0.00	0.00	65.48	7.61	0.00	0.00	2000
229	10.93	2102	2093	0.00	198	0	0	0	nan	0.00	0.00	7.37	81.50	89.07	0.00	40	0	42	0.00	0.00	64.58	7.42	0.00	0.00	2000
228	11.19	2048	2093	0.00	198	0	0	0	nan	0.00	0.11	5.16	83.36	88.81	0.00	40	0	42	0.00	0.00	64.54	7.47	0.00	0.00	2000
230	10.99	2088	2102	0.00	197	0	0	0	98.43	0.00	0.05	4.64	84.42	89.01	0.00	40	0	42	0.00	0.00	64.91	7.38	0.00	0.00	2000
230	11.02	2075	2112	0.71	196	0	0	5	93.02	0.00	0.01	6.96	82.71	88.98	0.00	39	0	42	0.00	0.00	64.95	7.50	0.00	0.00	2000
232	11.25	2053	2105	0.01	199	0	0	0	nan	0.00	0.00	6.72	82.36	88.75	0.00	40	0	42	0.00	0.00	64.76	7.24	0.00	0.00	2000
229	11.12	2053	2102	0.00	203	0	0	0	nan	0.00	0.00	5.92	83.21	88.88	0.00	39	0	42	0.00	0.00	64.51	7.24	0.00	0.00	2000
229	11.21	2043	2097	0.00	200	0	0	0	nan	0.00	0.00	7.39	81.43	88.79	0.00	40	0	42	0.00	0.00	64.52	7.42	0.00	0.00	2000
228	11.13	2042	2103	0.00	198	0	0	0	nan	0.00	0.00	5.99	83.16	88.87	0.00	39	0	42	0.00	0.00	65.87	8.15	0.00	0.00	2000
231	11.17	2052	2112	0.00	213	0	0	0	nan	0.00	0.00	7.43	82.00	88.83	0.00	40	0	42	0.00	0.00	65.99	7.72	0.00	0.00	2000
233	11.15	2088	2103	0.00	183	0	0	0	nan	0.00	0.00	7.83	81.28	88.85	0.00	39	0	42	0.00	0.00	63.64	7.67	0.00	0.00	2000
232	11.31	2054	2094	0.00	201	0	0	0	nan	0.00	0.00	7.23	81.39	88.69	0.00	39	0	42	0.00	0.00	64.98	7.69	0.00	0.00	2000
228	11.26	2033	2095	0.00	197	0	0	0	nan	0.00	0.00	5.83	82.88	88.74	0.00	40	0	42	0.00	0.00	64.92	7.69	0.00	0.00	2000
232	11.05	2092	2109	0.00	197	0	0	0	nan	0.00	0.01	5.75	83.64	88.95	0.00	39	0	42	0.00	0.00	64.22	7.64	0.00	0.00	2000
231	11.17	2086	2085	0.00	184	0	0	0	nan	0.00	0.00	5.72	82.53	88.83	0.00	39	0	42	0.00	0.00	66.16	7.85	0.00	0.00	2000
236	11.45	2082	2082	0.00	200	0	0	0	nan	0.00	0.00	6.67	81.21	88.55	0.00	40	0	42	0.00	0.00	65.90	8.35	0.00	0.00	2000
232	11.13	2068	2114	0.00	198	0	0	0	nan	0.00	0.00	8.92	80.68	88.87	0.00	41	0	42	0.00	0.00	65.72	7.35	0.00	0.00	2000
231	11.19	2045	2117	0.00	203	0	0	0	nan	0.00	1.13	5.67	82.97	88.81	0.00	40	0	42	0.00	0.00	60.25	7.60	0.00	0.00	2000
227	11.14	2095	2043	0.00	196	0	0	0	nan	0.00	0.56	2.73	83.33	88.86	0.00	40	0	42	0.00	0.00	65.22	7.16	0.00	0.00	2000
230	11.17	2021	2141	0.00	198	0	0	0	nan	0.00	0.00	6.65	83.93	88.83	0.00	40	0	42	0.00	0.00	68.24	7.99	0.00	0.00	2000
228	10.94	2073	2108	0.00	197	0	0	0	nan	0.00	0.52	6.30	82.70	89.06	0.00	41	0	42	0.00	0.00	63.02	7.30	0.00	0.00	2000
233	11.20	2073	2108	0.88	197	0	0	5	27.81	0.00	0.02	7.22	82.04	88.80	0.00	41	0	42	0.00	0.00	66.35	7.59	0.00	0.00	2000
230	10.99	2088	2101	0.36	201	0	0	0	82.61	0.00	0.01	6.67	82.43	89.01	0.00	40	0	42	0.00	0.00	62.72	7.07	0.00	0.00	2000
230	11.10	2078	2095	0.00	198	0	0	0	nan	0.00	0.00	6.84	81.92	88.90	0.00	40	0	42	0.00	0.00	66.07	8.45	0.00	0.00	2000
228	11.19	2043	2091	0.00	197	0	0	0	nan	0.00	0.02	5.38	83.21	88.81	0.00	40	0	42	0.00	0.00	65.84	7.65	0.00	0.00	2000
231	11.07	2068	2118	0.00	198	0	0	0	nan	0.00	0.01	5.05	84.81	88.93	0.00	41	0	42	0.00	0.00	66.33	7.59	0.00	0.00	2000
228	11.24	2050	2075	0.00	182	0	0	0	nan	0.00	0.03	5.84	81.92	88.76	0.00	40	0	42	0.00	0.00	62.74	7.28	0.00	0.00	2000
233	11.03	2101	2112	0.00	199	0	0	0	nan	0.00	0.00	7.31	82.22	88.97	0.00	41	0	42	0.00	0.00	66.42	7.58	0.00	0.00	2000
230	10.94	2095	2107	0.00	195	0	0	0	nan	0.01	0.00	7.79	81.67	89.06	0.00	41	0	42	0.00	0.00	66.36	7.44	0.00	0.00	2000
229	11.03	2071	2104	0.00	197	0	0	0	nan	0.00	0.00	5.86	83.38	88.97	0.00	41	0	42	0.00	0.00	63.31	7.44	0.00	0.00	2000
230	11.16	2070	2090	0.00	199	0	0	0	nan	0.00	0.00	5.97	82.64	88.84	0.00	40	0	42	0.00	0.00	64.43	8.58	0.00	0.00	2000
230	11.15	2062	2104	0.00	182	0	0	0	nan	0.00	0.00	6.52	82.55	88.85	0.00	40	0	42	0.00	0.00	67.69	7.75	0.00	0.00	2000
230	10.94	2125	2076	0.00	197	0	0	0	nan	0.00	0.07	3.87	84.24	89.06	0.00	41	0	42	0.00	0.00	62.75	7.39	0.00	0.00	2000
232	11.12	2062	2127	0.00	197	0	0	0	nan	0.00	0.03	3.47	86.61	88.88	0.00	41	0	42	0.00	0.00	66.96	7.79	0.00	0.00	2000
230	10.91	2109	2098	0.00	196	0	0	0	nan	0.00	0.00	3.30	85.78	89.09	0.00	41	0	42	0.00	0.00	63.64	7.35	0.00	0.00	2000
228	11.30	2062	2058	0.00	198	0	0	0	nan	0.00	0.00	3.77	83.27	88.70	0.00	41	0	42	0.00	0.00	63.14	7.50	0.00	0.00	2000
228	11.22	2019	2110	0.00	194	0	0	0	nan	0.00	0.00	2.52	86.72	88.78	0.00	40	0	42	0.00	0.00	67.08	7.81	0.00	0.00	2000
230	11.10	2039	2130	0.00	195	0	0	0	nan	0.00	0.00	5.31	84.93	88.90	0.00	40	0	42	0.00	0.00	69.25	8.71	0.00	0.00	2000
231	11.14	2090	2083	0.16	196	0	0	4	41.51	0.00	0.00	4.58	83.64	88.86	0.00	40	0	42	0.00	0.00	63.38	7.45	0.00	0.00	2000
230	10.79	2111	2123	1.32	195	0	0	4	56.41	0.00	0.01	3.72	86.47	89.21	0.00	40	0	42	0.00	0.00	66.40	7.55	0.00	0.00	2000
229	11.00	2087	2096	0.00	194	0	0	0	nan	0.00	0.02	3.15	85.74	89.00	0.00	40	0	42	0.00	0.00	64.12	7.48	0.00	0.00	2000
228	11.14	2088	2058	0.00	194	0	0	0	nan	0.00	0.05	2.53	84.50	88.86	0.00	41	0	42	0.00	0.00	63.22	7.24	0.00	0.00	2000
228	10.82	2061	2150	0.00	195	0	0	0	nan	0.00	0.03	2.20	89.11	89.18	0.00	41	0	42	0.00	0.00	69.55	8.06	0.00	0.00	2000
230	11.26	2078	2066	0.00	196	0	0	0	nan	0.00	0.00	3.57	83.82	88.74	0.00	40	0	42	0.00	0.00	61.04	7.02	0.00	0.00	2000
231	11.06	2066	2125	0.00	195	0	0	0	nan	0.00	0.02	4.02	86.09	88.94	0.00	38	0	42	0.00	0.00	70.89	8.21	0.00	0.00	2000
229	11.13	2056	2100	0.00	195	0	0	0	nan	0.00	0.01	2.87	86.07	88.87	0.00	37	0	42	0.00	0.00	65.11	7.40	0.00	0.00	2000
227	11.13	2049	2094	0.00	194	0	0	0	nan	0.00	0.00	3.98	84.62	88.87	0.00	37	0	42	0.00	0.00	62.96	7.07	0.00	0.00	2000
229	11.11	2047	2114	0.00	196	0	0	0	nan	0.00	0.00	4.46	85.10	88.89	0.00	38	0	42	0.00	0.00	68.18	7.83	0.00	0.00	2000
228	11.17	2070	2067	0.00	195	0	0	0	nan	0.00	0.02	3.39	84.15	88.83	0.00	38	0	42	0.00	0.00	62.40	7.07	0.00	0.00	2000
235	11.39	2039	2126	0.00	196	0	0	0	nan	0.00	0.00	5.02	84.77	88.61	0.00	38	0	42	0.00	0.00	68.01	7.61	0.00	0.00	2000
228	11.19	2072	2069	0.00	196	0	0	0	nan	0.00	0.00	3.64	83.92	88.81	0.00	38	0	42	0.00	0.00	59.33	7.37	0.00	0.00	2000
230	11.02	2072	2112	0.00	196	0	0	0	nan	0.00	0.00	4.17	85.40	88.98	0.00	38	0	42	0.00	0.00	68.04	7.94	0.00	0.00	2000
228	10.78	2132	2087	0.00	196	0	0	0	nan	0.00	0.00	4.75	83.96	89.22	0.00	38	0	42	0.00	0.00	62.73	7.22	0.00	0.00	2000
229	10.73	2105	2130	0.00	194	0	0	0	nan	0.01	0.00	4.28	86.32	89.27	0.00	38	0	42	0.00	0.00	68.26	7.87	0.00	0.00	2000
240	11.56	2103	2075	0.00	215	0	0	0	nan	0.00	0.00	7.48	79.91	88.44	0.00	38	0	42	0.00	0.00	62.35	7.23	0.00	0.00	2000
231	10.94	2106	2108	0.00	199	0	0	3	72.95	0.00	0.02	4.99	84.44	89.06	0.00	38	0	42	0.00	0.00	66.27	7.49	0.00	0.00	2000
227	10.84	2084	2115	1.38	196	0	0	4	68.32	0.00	0.00	4.59	85.28	89.16	0.00	38	0	42	0.00	0.00	67.70	7.89	0.00	0.00	2000
230	10.98	2092	2106	0.00	195	0	0	0	nan	0.00	0.01	3.41	85.85	89.02	0.00	38	0	42	0.00	0.00	65.67	7.44	0.00	0.00	2000
228	11.26	2027	2097	0.00	194	0	0	0	nan	0.00	0.00	3.98	84.73	88.74	0.00	38	0	42	0.00	0.00	63.40	7.24	0.00	0.00	2000
231	11.60	2006	2082	0.00	196	0	0	0	nan	0.00	0.00	3.45	84.29	88.40	0.00	38	0	42	0.00	0.00	64.55	7.59	0.00	0.00	2000
228	11.11	2070	2083	0.00	194	0	0	0	nan	0.00	0.00	4.86	83.49	88.90	0.00	38	0	42	0.00	0.00	65.41	7.43	0.00	0.00	2000
230	10.95	2086	2112	0.00	194	0	0	0	nan	0.00	0.00	4.22	85.37	89.05	0.00	38	0	42	0.00	0.00	64.61	7.68	0.00	0.00	2000
228	10.82	2088	2116	0.00	196	0	0	0	nan	0.00	0.00	5.03	84.90	89.18	0.00	38	0	42	0.00	0.00	65.07	7.48	0.00	0.00	2000
229	11.04	2072	2106	0.00	195	0	0	0	nan	0.03	0.00	3.33	85.85	88.96	0.00	38	0	42	0.00	0.00	65.05	7.48	0.00	0.00	2000
229	11.52	2019	2070	0.00	196	0	0	0	nan	0.00	0.00	3.99	83.33	88.48	0.00	38	0	42	0.00	0.00	65.23	7.62	0.00	0.00	2000
231	10.96	2074	2138	0.00	194	0	0	0	nan	0.00	0.00	4.31	86.44	89.04	0.00	38	0	42	0.00	0.00	65.36	7.51	0.00	0.00	2000
229	11.06	2082	2086	0.00	197	0	0	0	nan	0.01	0.01	3.44	84.99	88.94	0.00	38	0	42	0.00	0.00	64.85	7.59	0.00	0.00	2000
229	11.06	2089	2084	0.00	195	0	0	0	nan	0.00	0.00	3.29	84.99	88.94	0.00	38	0	42	0.00	0.00	65.31	7.60	0.00	0.00	2000
228	10.98	2079	2092	0.00	195	0	0	0	nan	0.00	0.00	4.43	84.47	89.02	0.00	38	0	42	0.00	0.00	65.12	7.49	0.00	0.00	2000
233	11.02	2096	2114	0.00	195	0	0	0	nan	0.00	0.00	4.71	84.81	88.98	0.00	38	0	42	0.00	0.00	65.46	7.49	0.00	0.00	2000
229	11.08	2092	2078	0.00	198	0	0	0	nan	0.00	0.00	3.92	84.19	88.92	0.00	38	0	42	0.00	0.00	62.27	7.39	0.00	0.00	2000
232	11.06	2066	2134	0.00	196	0	0	0	nan	0.00	0.00	5.57	84.88	88.94	0.00	38	0	42	0.00	0.00	68.03	7.51	0.00	0.00	2000
228	11.05	2083	2075	0.00	195	0	0	1	76.87	0.00	0.00	3.91	83.93	88.95	0.00	38	0	42	0.00	0.00	64.89	7.40	0.00	0.00	2000
230	11.15	2047	2114	1.42	194	0	0	6	76.66	0.00	0.00	4.47	85.11	88.85	0.00	38	0	42	0.00	0.00	65.31	7.55	0.00	0.00	2000
228	10.99	2091	2084	0.00	195	0	0	0	nan	0.00	0.00	4.68	83.74	89.01	0.00	38	0	42	0.00	0.00	65.27	7.51	0.00	0.00	2000
232	10.86	2122	2113	0.00	197	0	0	0	nan	0.00	0.00	5.78	84.03	89.14	0.00	38	0	42	0.00	0.00	65.34	7.36	0.00	0.00	2000
229	11.07	2057	2115	0.00	200	0	0	0	nan	0.00	0.02	4.66	84.98	88.93	0.00	39	0	42	0.00	0.00	65.58	7.33	0.00	0.00	2000
230	11.03	2084	2101	0.00	195	0	0	0	nan	0.00	0.00	3.84	85.19	88.97	0.00	38	0	42	0.00	0.00	64.92	7.46	0.00	0.00	2000
229	11.19	2047	2101	0.00	196	0	0	0	nan	0.00	0.00	3.83	85.10	88.81	0.00	38	0	42	0.00	0.00	65.53	7.47	0.00	0.00	2000
230	11.31	2053	2078	0.00	195	0	0	0	nan	0.00	0.00	3.57	84.27	88.69	0.00	38	0	42	0.00	0.00	64.75	7.63	0.00	0.00	2000
229	11.04	2074	2105	0.00	197	0	0	0	nan	0.00	0.00	4.34	84.82	88.96	0.00	38	0	42	0.00	0.00	65.31	7.59	0.00	0.00	2000
229	11.22	2022	2124	0.00	195	0	0	0	nan	0.00	0.00	4.64	85.28	88.78	0.00	38	0	42	0.00	0.00	64.44	7.61	0.00	0.00	2000
227	11.39	2028	2067	0.00	195	0	0	0	nan	0.00	0.00	3.32	83.83	88.61	0.00	38	0	42	0.00	0.00	65.35	7.55	0.00	0.00	2000
231	11.37	2000	2131	0.00	196	0	0	0	nan	0.00	0.00	4.54	85.55	88.63	0.00	38	0	42	0.00	0.00	64.77	7.58	0.00	0.00	2000
229	11.45	2039	2060	0.00	211	0	0	0	nan	0.00	0.00	5.90	81.11	88.55	0.00	38	0	42	0.00	0.00	65.56	7.46	0.00	0.00	2000
233	11.08	2086	2119	0.00	196	0	0	0	nan	0.00	0.00	5.65	84.11	88.92	0.00	38	0	42	0.00	0.00	65.78	7.59	0.00	0.00	2000
228	11.15	2061	2088	0.00	195	0	0	0	nan	0.00	0.00	4.75	83.80	88.85	0.00	38	0	42	0.00	0.00	65.53	7.50	0.00	0.00	2000
230	10.92	2067	2138	0.00	195	0	0	0	nan	0.00	0.00	4.18	86.65	89.08	0.00	38	0	42	0.00	0.00	65.17	7.44	0.00	0.00	2000
229	11.03	2086	2089	0.00	196	0	0	0	nan	0.00	0.00	3.83	84.76	88.97	0.00	38	0	42	0.00	0.00	65.40	7.40	0.00	0.00	2000
229	11.06	2064	2108	0.00	195	0	0	0	nan	0.00	0.01	3.60	85.81	88.94	0.00	38	0	42	0.00	0.00	65.42	7.39	0.00	0.00	2000
229	11.37	2036	2081	1.26	197	0	0	5	69.64	0.00	0.00	3.87	84.01	88.63	0.00	38	0	42	0.00	0.00	65.07	7.38	0.00	0.00	2000
230	11.21	2042	2109	0.21	196	0	0	0	nan	0.00	0.00	3.96	85.31	88.79	0.00	38	0	42	0.00	0.00	65.53	7.41	0.00	0.00	2000
228	11.14	2043	2101	0.00	196	0	0	0	nan	0.00	0.00	4.45	84.52	88.86	0.00	38	0	42	0.00	0.00	65.12	7.40	0.00	0.00	2000
231	11.24	2044	2108	0.00	195	0	0	0	nan	0.00	0.00	4.11	85.04	88.76	0.00	38	0	42	0.00	0.00	65.64	7.40	0.00	0.00	2000
228	11.04	2071	2095	0.00	197	0	0	0	nan	0.00	0.00	3.42	85.28	88.96	0.00	38	0	42	0.00	0.00	65.47	7.23	0.00	0.00	2000
231	11.37	2048	2080	0.00	196	0	0	0	nan	0.00	0.01	4.06	83.63	88.63	0.00	38	0	42	0.00	0.00	65.47	7.33	0.00	0.00	2000
230	11.30	2039	2099	0.00	200	0	0	0	nan	0.00	0.00	6.04	82.74	88.70	0.00	38	0	42	0.00	0.00	65.03	7.46	0.00	0.00	2000
229	11.02	2058	2124	0.00	197	0	0	0	nan	0.00	0.00	5.76	84.38	88.98	0.00	38	0	42	0.00	0.00	65.26	7.36	0.00	0.00	2000
231	11.39	2061	2070	0.00	194	0	0	0	nan	0.00	0.00	3.58	83.69	88.61	0.00	38	0	42	0.00	0.00	65.00	7.50	0.00	0.00	2000
232	11.06	2061	2133	0.00	197	0	0	0	nan	0.00	0.00	4.62	85.75	88.94	0.00	38	0	42	0.00	0.00	65.54	7.35	0.00	0.00	2000
228	11.09	2090	2067	0.00	196	0	0	0	nan	0.00	0.00	3.71	83.86	88.91	0.00	38	0	42	0.00	0.00	64.77	7.51	0.00	0.00	2000
232	11.39	2030	2111	0.00	196	0	0	0	nan	0.00	0.00	5.57	83.58	88.61	0.00	38	0	42	0.00	0.00	65.20	7.46	0.00	0.00	2000
228	10.87	2091	2110	0.00	196	0	0	0	nan	0.00	0.00	4.39	85.27	89.13	0.00	39	0	42	0.00	0.00	64.93	7.28	0.00	0.00	2000
229	11.06	2059	2114	0.00	194	0	0	0	nan	0.00	0.00	3.51	86.13	88.94	0.00	38	0	42	0.00	0.00	65.29	7.36	0.00	0.00	2000
227	11.05	2076	2083	0.00	194	0	0	0	nan	0.00	0.02	3.15	85.11	88.95	0.00	38	0	42	0.00	0.00	66.06	7.58	0.00	0.00	2000
230	11.29	2053	2088	0.00	195	0	0	0	nan	0.00	0.00	4.07	84.21	88.71	0.00	38	0	42	0.00	0.00	64.68	7.25	0.00	0.00	2000
229	11.25	2025	2117	0.00	196	0	0	0	nan	0.00	0.00	4.41	85.15	88.75	0.00	38	0	42	0.00	0.00	65.24	7.46	0.00	0.00	2000
230	11.27	2058	2082	0.92	195	0	0	6	72.89	0.01	0.00	3.49	84.53	88.73	0.00	38	0	42	0.00	0.00	65.16	7.22	0.00	0.00	2000
228	10.92	2067	2123	0.55	194	0	0	0	nan	0.00	0.00	4.66	85.44	89.08	0.00	38	0	42	0.00	0.00	65.18	7.40	0.00	0.00	2000
229	11.19	2056	2094	0.00	195	0	0	0	nan	0.00	0.01	3.85	84.75	88.81	0.00	38	0	42	0.00	0.00	65.63	7.39	0.00	0.00	2000
228	10.95	2115	2073	0.00	194	0	0	0	nan	0.00	0.00	4.41	83.59	89.05	0.00	38	0	42	0.00	0.00	62.54	7.05	0.00	0.00	2000
233	11.22	2061	2114	0.00	195	0	0	0	nan	0.00	0.00	4.90	84.53	88.78	0.00	39	0	42	0.00	0.00	68.31	7.67	0.00	0.00	2000
228	11.20	2033	2107	0.00	195	0	0	0	nan	0.00	0.00	4.55	84.64	88.80	0.00	38	0	42	0.00	0.00	65.56	7.58	0.00	0.00	2000
230	10.94	2079	2122	0.00	195	0	0	0	nan	0.01	0.00	4.86	85.18	89.06	0.00	38	0	42	0.00	0.00	65.69	7.53	0.00	0.00	2000
228	11.04	2085	2083	0.00	196	0	0	0	nan	0.00	0.02	2.87	85.44	88.96	0.00	38	0	42	0.00	0.00	65.24	7.43	0.00	0.00	2000
229	10.98	2079	2110	0.00	195	0	0	0	nan	0.00	0.00	3.99	85.51	89.02	0.00	38	0	42	0.00	0.00	65.81	7.40	0.00	0.00	2000
230	11.32	2047	2085	0.00	196	0	0	0	nan	0.00	0.00	3.68	84.41	88.68	0.00	38	0	42	0.00	0.00	65.30	7.54	0.00	0.00	2000
231	11.26	2053	2101	0.00	196	0	0	0	nan	0.00	0.00	4.42	84.43	88.74	0.00	38	0	42	0.00	0.00	65.53	7.38	0.00	0.00	2000
229	11.07	2057	2111	0.00	197	0	0	0	nan	0.00	0.00	4.45	85.05	88.93	0.00	38	0	42	0.00	0.00	65.28	7.37	0.00	0.00	2000
229	11.26	2030	2107	0.00	194	0	0	0	nan	0.00	0.00	3.72	85.38	88.74	0.00	38	0	42	0.00	0.00	65.70	7.52	0.00	0.00	2000
228	11.06	2099	2065	0.00	195	0	0	0	nan	0.00	0.00	3.45	84.05	88.94	0.00	38	0	42	0.00	0.00	62.34	6.98	0.00	0.00	2000
230	11.23	2017	2130	0.00	195	0	0	0	nan	0.00	0.01	4.41	85.76	88.77	0.00	38	0	42	0.00	0.00	68.06	7.82	0.00	0.00	2000
231	11.23	2073	2081	0.00	196	0	0	0	nan	0.00	0.00	4.18	83.89	88.77	0.00	39	0	42	0.00	0.00	65.52	7.27	0.00	0.00	2000
229	11.14	2050	2104	0.00	195	0	0	0	nan	0.00	0.02	4.43	84.58	88.86	0.00	38	0	42	0.00	0.00	65.37	7.32	0.00	0.00	2000
227	11.23	2045	2079	0.59	194	0	0	6	72.61	0.00	0.00	4.69	83.35	88.77	0.00	38	0	42	0.00	0.00	59.52	6.79	0.00	0.00	2000
230	10.68	2108	2145	0.90	194	0	0	2	85.67	0.00	0.00	4.59	86.64	89.32	0.00	38	0	42	0.00	0.00	69.67	8.01	0.00	0.00	2000
227	11.21	2085	2042	0.00	197	0	0	0	nan	0.00	0.02	3.27	83.14	88.79	0.00	38	0	42	0.00	0.00	61.42	6.90	0.00	0.00	2000
233	11.30	2020	2139	0.00	196	0	0	0	nan	0.00	0.00	3.40	87.05	88.70	0.00	38	0	42	0.00	0.00	71.13	7.94	0.00	0.00	2000
227	10.97	2069	2105	0.00	204	0	0	0	nan	0.00	0.00	4.15	85.14	89.03	0.00	37	0	42	0.00	0.00	64.67	7.50	0.00	0.00	2000
233	11.24	2053	2116	0.00	195	0	0	0	nan	0.00	0.00	3.78	85.73	88.76	0.00	38	0	42	0.00	0.00	66.41	7.60	0.00	0.00	2000
229	10.88	2102	2106	0.00	196	0	0	0	nan	0.00	0.00	3.45	85.98	89.12	0.00	38	0	42	0.00	0.00	61.80	7.06	0.00	0.00	2000
229	10.88	2107	2100	0.00	193	0	0	0	nan	0.01	0.00	3.39	85.69	89.12	0.00	38	0	42	0.00	0.00	66.78	7.48	0.00	0.00	2000
228	11.20	2105	2026	0.00	194	0	0	0	nan	0.00	0.00	3.22	82.41	88.80	0.00	38	0	42	0.00	0.00	62.63	7.23	0.00	0.00	2000
231	10.89	2070	2153	0.00	195	0	0	0	nan	0.00	0.02	3.16	88.18	89.11	0.00	38	0	42	0.00	0.00	67.92	7.67	0.00	0.00	2000
230	11.08	2091	2085	0.00	197	0	0	0	nan	0.00	0.00	4.47	83.82	88.92	0.00	38	0	42	0.00	0.00	63.29	7.08	0.00	0.00	2000
231	11.26	2052	2100	0.00	196	0	0	0	nan	0.00	0.00	4.49	84.31	88.74	0.00	38	0	42	0.00	0.00	65.59	7.40	0.00	0.00	2000
228	10.82	2118	2089	0.00	196	0	0	0	nan	0.00	0.02	4.29	84.52	89.18	0.00	38	0	42	0.00	0.00	66.07	7.40	0.00	0.00	2000
235	10.87	2105	2153	0.00	200	0	0	0	nan	0.00	0.03	6.66	84.77	89.13	0.00	37	0	42	0.00	0.00	67.90	7.65	0.00	0.00	2000
227	11.06	2142	2011	0.00	195	0	0	0	nan	0.00	0.02	3.55	81.59	88.94	0.00	38	0	42	0.00	0.00	64.11	7.35	0.00	0.00	2000
231	10.95	2046	2164	0.00	195	0	0	0	nan	0.01	0.01	2.58	89.28	89.05	0.00	38	0	42	0.00	0.00	66.14	7.37	0.00	0.00	2000
227	11.05	2064	2094	0.00	194	0	0	0	nan	0.00	0.00	4.60	84.11	88.95	0.00	38	0	42	0.00	0.00	65.52	7.46	0.00	0.00	2000
230	10.93	2107	2094	0.17	195	0	0	4	68.40	0.00	0.00	4.64	84.14	89.07	0.00	38	0	42	0.00	0.00	66.15	7.53	0.00	0.00	2000
229	10.95	2078	2116	1.22	195	0	0	4	75.58	0.00	0.00	4.29	85.50	89.05	0.00	38	0	42	0.00	0.00	65.43	7.51	0.00	0.00	2000
232	11.36	2048	2096	0.00	197	0	0	0	nan	0.00	0.00	4.96	83.55	88.64	0.00	38	0	42	0.00	0.00	65.89	7.52	0.00	0.00	2000
227	10.70	2150	2076	0.00	195	0	0	0	nan	0.00	0.00	4.35	83.95	89.30	0.00	38	0	42	0.00	0.00	65.48	7.47	0.00	0.00	2000
230	11.01	2045	2143	0.00	194	0	0	0	nan	0.00	0.00	4.11	86.77	88.99	0.00	38	0	42	0.00	0.00	67.74	7.68	0.00	0.00	2000
227	11.07	2061	2089	0.00	195	0	0	0	nan	0.00	0.02	3.07	85.54	88.93	0.00	38	0	42	0.00	0.00	63.46	7.52	0.00	0.00	2000
230	10.98	2093	2104	0.00	196	0	0	0	nan	0.00	0.00	4.42	84.73	89.02	0.00	38	0	42	0.00	0.00	65.11	7.08	0.00	0.00	2000
230	11.10	2103	2068	0.00	196	0	0	0	nan	0.00	0.02	3.88	83.71	88.90	0.00	38	0	42	0.00	0.00	65.46	7.47	0.00	0.00	2000
228	11.23	2011	2125	0.00	194	0	0	0	nan	0.00	0.00	4.44	85.53	88.77	0.00	38	0	42	0.00	0.00	65.78	7.31	0.00	0.00	2000
228	11.10	2079	2072	0.00	195	0	0	0	nan	0.00	0.00	3.81	83.95	88.90	0.00	38	0	42	0.00	0.00	65.37	7.41	0.00	0.00	2000
230	11.14	2045	2119	0.00	195	0	0	0	nan	0.00	0.00	4.86	84.90	88.86	0.00	38	0	42	0.00	0.00	65.89	7.27	0.00	0.00	2000
227	11.10	2039	2108	0.00	194	0	0	0	nan	0.00	0.00	4.29	85.04	88.90	0.00	38	0	42	0.00	0.00	65.35	7.41	0.00	0.00	2000
231	11.34	2055	2085	0.00	196	0	0	0	nan	0.00	0.00	4.30	83.74	88.66	0.00	38	0	42	0.00	0.00	65.35	7.42	0.00	0.00	2000
229	10.99	2081	2100	0.00	195	0	0	0	nan	0.00	0.00	4.37	84.67	89.01	0.00	38	0	42	0.00	0.00	66.17	7.51	0.00	0.00	2000
232	11.20	2067	2101	0.00	195	0	0	0	nan	0.00	0.00	5.57	83.28	88.80	0.00	38	0	42	0.00	0.00	65.17	7.54	0.00	0.00	2000
228	10.92	2067	2120	0.00	195	0	0	0	nan	0.00	0.00	5.13	84.93	89.08	0.00	38	0	42	0.00	0.00	65.73	7.42	0.00	0.00	2000
230	11.35	2017	2105	0.00	198	0	0	0	nan	0.00	0.00	4.22	84.76	88.65	0.00	38	0	42	0.00	0.00	65.36	7.49	0.00	0.00	2000
228	11.14	2084	2066	0.00	196	0	0	3	75.31	0.00	0.00	4.39	83.08	88.86	0.00	38	0	42	0.00	0.00	65.28	7.69	0.00	0.00	2000
232	10.99	2100	2109	1.33	196	0	0	5	75.05	0.00	0.00	5.05	84.39	89.01	0.00	38	0	42	0.00	0.00	65.30	7.49	0.00	0.00	2000
228	11.05	2046	2113	0.00	195	0	0	0	nan	0.00	0.02	4.74	84.88	88.95	0.00	38	0	42	0.00	0.00	65.65	7.28	0.00	0.00	2000
229	11.33	2013	2106	0.00	194	0	0	0	nan	0.00	0.00	3.50	85.49	88.67	0.00	38	0	42	0.00	0.00	65.14	7.43	0.00	0.00	2000
228	11.38	2028	2077	0.00	197	0	0	0	nan	0.00	0.00	3.66	84.06	88.62	0.00	38	0	42	0.00	0.00	65.19	7.45	0.00	0.00	2000
231	11.54	1971	2130	0.00	195	0	0	0	nan	0.00	0.00	4.27	85.67	88.46	0.00	38	0	42	0.00	0.00	64.99	7.53	0.00	0.00	2000
228	11.59	1998	2066	0.00	196	0	0	0	nan	0.00	0.00	4.20	82.90	88.41	0.00	38	0	42	0.00	0.00	64.93	7.48	0.00	0.00	2000
230	11.26	2018	2129	0.00	195	0	0	0	nan	0.00	0.00	4.27	85.85	88.74	0.00	38	0	42	0.00	0.00	65.58	7.55	0.00	0.00	2000
227	11.22	2047	2076	0.00	196	0	0	0	nan	0.00	0.00	3.83	84.03	88.78	0.00	38	0	42	0.00	0.00	65.29	7.36	0.00	0.00	2000
229	11.20	2048	2101	0.00	195	0	0	0	nan	0.00	0.00	5.04	83.84	88.80	0.00	38	0	42	0.00	0.00	65.89	7.50	0.00	0.00	2000
229	11.06	2050	2119	0.00	196	0	0	0	nan	0.00	0.00	4.79	85.12	88.94	0.00	38	0	42	0.00	0.00	65.44	7.34	0.00	0.00	2000
231	11.28	2051	2099	0.00	195	0	0	0	nan	0.00	0.01	3.86	84.86	88.72	0.00	38	0	42	0.00	0.00	65.49	7.54	0.00	0.00	2000
229	11.16	2049	2100	0.00	195	0	0	0	nan	0.00	0.02	4.05	84.88	88.84	0.00	38	0	42	0.00	0.00	65.51	7.37	0.00	0.00	2000
230	11.09	2063	2110	0.00	195	0	0	0	nan	0.00	0.02	3.65	85.72	88.91	0.00	38	0	42	0.00	0.00	65.77	7.51	0.00	0.00	2000
229	11.23	2079	2059	0.00	196	0	0	0	nan	0.00	0.00	3.82	83.42	88.77	0.00	38	0	42	0.00	0.00	65.27	7.29	0.00	0.00	2000
230	10.70	2111	2136	0.00	194	0	0	0	nan	0.00	0.02	3.79	87.10	89.30	0.00	38	0	42	0.00	0.00	66.00	7.25	0.00	0.00	2000
230	11.11	2086	2083	0.00	196	0	0	0	nan	0.00	0.00	3.89	84.33	88.89	0.00	38	0	42	0.00	0.00	65.64	7.56	0.00	0.00	2000
229	11.20	2026	2116	0.00	194	0	0	1	79.62	0.00	0.00	3.75	85.83	88.80	0.00	38	0	42	0.00	0.00	65.40	7.45	0.00	0.00	2000
228	11.15	2048	2095	1.43	195	0	0	6	74.67	0.00	0.00	3.95	84.81	88.85	0.00	38	0	42	0.00	0.00	65.50	7.42	0.00	0.00	2000
230	11.45	2030	2083	0.00	195	0	0	0	nan	0.00	0.00	3.73	84.14	88.55	0.00	38	0	42	0.00	0.00	65.54	7.27	0.00	0.00	2000
229	11.20	2058	2089	0.00	198	0	0	0	nan	0.00	0.00	6.49	82.01	88.80	0.00	37	0	42	0.00	0.00	65.62	7.32	0.00	0.00	2000
232	11.10	2085	2111	0.00	197	0	0	0	nan	0.00	0.00	4.62	84.71	88.90	0.00	38	0	42	0.00	0.00	65.93	7.66	0.00	0.00	2000
228	10.80	2099	2114	0.00	197	0	0	0	nan	0.00	0.00	4.83	85.08	89.20	0.00	38	0	42	0.00	0.00	65.85	7.46	0.00	0.00	2000
229	11.04	2060	2112	0.00	195	0	0	0	nan	0.00	0.00	4.50	85.00	88.96	0.00	38	0	42	0.00	0.00	65.26	7.33	0.00	0.00	2000
234	11.21	2091	2093	0.00	197	0	0	0	nan	0.00	0.00	4.02	84.61	88.79	0.00	38	0	42	0.00	0.00	65.85	7.35	0.00	0.00	2000
231	11.36	2047	2081	0.00	195	0	0	0	nan	0.00	0.00	3.76	84.18	88.64	0.00	38	0	42	0.00	0.00	64.89	7.41	0.00	0.00	2000
231	11.32	2029	2112	0.00	197	0	0	0	nan	0.00	0.00	4.74	84.56	88.68	0.00	38	0	42	0.00	0.00	65.74	7.36	0.00	0.00	2000
228	11.34	2010	2104	0.00	195	0	0	0	nan	0.00	0.00	4.42	84.53	88.66	0.00	38	0	42	0.00	0.00	64.73	7.50	0.00	0.00	2000
227	11.07	2050	2101	0.00	196	0	0	0	nan	0.00	0.00	3.86	85.28	88.93	0.00	38	0	42	0.00	0.00	65.11	7.37	0.00	0.00	2000
230	11.23	2040	2109	0.00	194	0	0	0	nan	0.00	0.00	3.70	85.55	88.77	0.00	38	0	42	0.00	0.00	64.92	7.36	0.00	0.00	2000
231	11.25	2062	2087	0.00	198	0	0	0	nan	0.00	0.00	3.58	84.72	88.75	0.00	38	0	42	0.00	0.00	65.02	7.34	0.00	0.00	2000
228	11.62	2047	2011	0.00	196	0	0	0	nan	0.00	0.02	3.88	80.86	88.38	0.00	38	0	42	0.00	0.00	60.26	6.84	0.00	0.00	2000
232	10.86	2064	2172	0.00	213	0	0	0	nan	0.00	0.01	3.53	88.80	89.14	0.00	38	0	42	0.00	0.00	70.83	7.97	0.00	0.00	2000
230	10.89	2106	2108	0.00	194	0	0	0	nan	0.00	0.00	4.45	85.03	89.11	0.00	38	0	42	0.00	0.00	65.12	7.46	0.00	0.00	2000
228	10.90	2070	2123	0.00	196	0	0	0	92.67	0.00	0.00	4.56	85.65	89.10	0.00	38	0	42	0.00	0.00	66.55	7.55	0.00	0.00	2000
230	11.34	2066	2061	1.40	195	0	0	6	72.88	0.00	0.02	4.07	83.02	88.66	0.00	38	0	42	0.00	0.00	64.06	7.35	0.00	0.00	2000
232	10.84	2116	2119	0.01	195	0	0	0	nan	0.00	0.01	4.75	85.25	89.16	0.00	38	0	42	0.00	0.00	65.68	7.45	0.00	0.00	2000
230	11.24	2037	2106	0.00	195	0	0	0	nan	0.00	0.00	3.82	85.42	88.76	0.00	38	0	42	0.00	0.00	65.49	7.47	0.00	0.00	2000
228	10.95	2091	2087	0.00	195	0	0	0	nan	0.00	0.00	4.46	84.13	89.05	0.00	38	0	42	0.00	0.00	65.59	7.63	0.00	0.00	2000
230	11.10	2033	2136	0.00	196	0	0	0	nan	0.00	0.00	4.80	85.80	88.90	0.00	38	0	42	0.00	0.00	64.94	7.47	0.00	0.00	2000
228	11.43	2029	2064	0.00	198	0	0	0	nan	0.00	0.02	4.86	82.31	88.57	0.00	38	0	42	0.00	0.00	65.28	7.55	0.00	0.00	2000
227	11.45	2053	2032	0.00	195	0	0	0	nan	0.01	0.00	4.49	81.26	88.55	0.00	37	0	42	0.00	0.00	60.59	6.80	0.00	0.00	2000
231	10.88	2023	2202	0.00	211	0	0	0	nan	0.00	0.00	3.24	90.20	89.12	0.00	38	0	42	0.00	0.00	71.36	8.34	0.00	0.00	2000
229	11.40	2010	2103	0.00	196	0	0	0	nan	0.01	0.00	3.80	85.02	88.60	0.00	38	0	42	0.00	0.00	65.87	7.50	0.00	0.00	2000
227	11.20	2055	2074	0.00	195	0	0	0	nan	0.00	0.00	3.80	84.01	88.80	0.00	38	0	42	0.00	0.00	65.30	7.49	0.00	0.00	2000
230	11.01	2064	2127	0.00	195	0	0	0	nan	0.01	0.01	4.21	85.98	88.99	0.00	38	0	42	0.00	0.00	65.63	7.38	0.00	0.00	2000
231	11.13	2116	2062	0.00	196	0	0	0	nan	0.00	0.00	3.77	83.52	88.87	0.00	38	0	42	0.00	0.00	62.54	7.15	0.00	0.00	2000
232	10.83	2101	2141	0.00	198	0	0	0	nan	0.00	0.00	4.30	86.74	89.17	0.00	38	0	42	0.00	0.00	68.37	7.79	0.00	0.00	2000
227	11.27	2031	2087	0.00	196	0	0	0	nan	0.00	0.00	3.74	84.61	88.73	0.00	38	0	42	0.00	0.00	65.58	7.35	0.00	0.00	2000
229	11.14	2047	2111	0.00	195	0	0	0	nan	0.00	0.00	3.69	85.65	88.86	0.00	39	0	42	0.00	0.00	65.60	7.51	0.00	0.00	2000
227	10.89	2102	2086	0.00	196	0	0	0	nan	0.00	0.00	3.33	85.24	89.11	0.00	38	0	42	0.00	0.00	65.73	7.43	0.00	0.00	2000
231	11.15	2049	2120	0.00	195	0	0	0	nan	0.01	0.00	4.24	85.54	88.85	0.00	38	0	42	0.00	0.00	65.88	7.30	0.00	0.00	2000
228	11.24	2068	2060	1.27	195	0	0	5	68.85	0.00	0.02	3.47	83.70	88.76	0.00	38	0	42	0.00	0.00	62.56	6.73	0.00	0.00	2000
230	11.07	2050	2127	0.22	195	0	0	0	nan	0.00	0.00	4.50	85.67	88.93	0.00	38	0	42	0.00	0.00	68.23	8.06	0.00	0.00	2000
228	11.28	2045	2075	0.00	195	0	0	0	nan	0.00	0.00	3.67	84.08	88.72	0.00	38	0	42	0.00	0.00	62.46	6.75	0.00	0.00	2000
229	10.84	2089	2126	0.00	195	0	0	0	nan	0.00	0.01	5.15	85.14	89.16	0.00	38	0	42	0.00	0.00	68.46	8.00	0.00	0.00	2000
232	11.15	2074	2102	0.00	196	0	0	0	nan	0.00	0.00	3.83	85.22	88.85	0.00	38	0	42	0.00	0.00	62.91	7.47	0.00	0.00	2000
231	11.15	2097	2079	0.00	195	0	0	0	nan	0.00	0.00	3.93	84.08	88.85	0.00	38	0	42	0.00	0.00	65.67	6.93	0.00	0.00	2000
229	10.81	2128	2087	0.00	196	0	0	0	nan	0.00	0.00	3.83	84.87	89.19	0.00	38	0	42	0.00	0.00	63.16	7.25	0.00	0.00	2000
229	10.93	2085	2114	0.00	195	0	0	0	nan	0.00	0.01	4.26	85.46	89.07	0.00	38	0	42	0.00	0.00	68.08	7.74	0.00	0.00	2000
229	10.85	2115	2098	0.00	198	0	0	0	nan	0.00	0.00	4.89	84.20	89.15	0.00	38	0	42	0.00	0.00	57.70	7.13	0.00	0.00	2000
234	11.23	2057	2123	0.00	197	0	0	0	nan	0.00	0.00	5.30	84.49	88.77	0.00	38	0	42	0.00	0.00	77.21	7.88	0.00	0.00	2000
230	11.17	2091	2071	0.00	200	0	0	0	nan	0.00	0.00	5.08	82.53	88.83	0.00	38	0	42	0.00	0.00	59.78	6.79	0.00	0.00	2000
229	11.13	2032	2131	0.00	194	0	0	0	nan	0.00	0.00	4.96	85.33	88.88	0.00	37	0	42	0.00	0.00	68.91	7.85	0.00	0.00	2000
231	11.25	2078	2074	0.00	197	0	0	0	nan	0.00	0.00	3.79	83.87	88.75	0.00	38	0	42	0.00	0.00	63.33	7.37	0.00	0.00	2000
230	11.18	2053	2101	0.00	195	0	0	0	nan	0.00	0.00	5.03	83.96	88.82	0.00	38	0	42	0.00	0.00	65.04	7.42	0.00	0.00	2000
233	11.29	2060	2103	0.00	212	0	0	0	nan	0.00	0.00	7.89	81.05	88.71	0.00	38	0	42	0.00	0.00	65.41	7.56	0.00	0.00	2000
232	11.23	2069	2099	0.00	196	0	0	0	nan	0.00	0.00	4.99	83.61	88.77	0.00	38	0	42	0.00	0.00	65.10	7.62	0.00	0.00	2000
229	11.13	2065	2089	0.00	197	0	0	0	nan	0.00	0.00	5.36	83.16	88.87	0.00	38	0	42	0.00	0.00	65.55	7.56	0.00	0.00	2000
229	10.98	2073	2114	0.93	195	0	0	6	67.64	0.00	0.00	4.16	85.50	89.02	0.00	39	0	42	0.00	0.00	65.36	7.33	0.00	0.00	2000
228	10.79	2103	2112	0.55	196	0	0	0	nan	0.00	0.02	4.10	85.67	89.21	0.00	38	0	42	0.00	0.00	65.16	7.22	0.00	0.00	2000
229	11.09	2058	2107	0.00	194	0	0	0	nan	0.00	0.02	3.68	85.56	88.91	0.00	38	0	42	0.00	0.00	68.29	7.67	0.00	0.00	2000
231	11.14	2094	2076	0.00	198	0	0	0	nan	0.00	0.00	4.88	83.04	88.86	0.00	38	0	42	0.00	0.00	62.64	7.06	0.00	0.00	2000
229	11.02	2080	2099	0.00	195	0	0	0	nan	0.00	0.00	4.65	84.35	88.98	0.00	38	0	42	0.00	0.00	65.65	7.50	0.00	0.00	2000
228	10.88	2107	2085	0.00	196	0	0	0	nan	0.00	0.00	4.63	83.99	89.12	0.00	38	0	42	0.00	0.00	65.50	7.39	0.00	0.00	2000
231	10.85	2112	2116	0.00	194	0	0	0	nan	0.00	0.00	4.09	85.69	89.15	0.00	38	0	42	0.00	0.00	65.55	7.54	0.00	0.00	2000
228	11.02	2071	2099	0.00	195	0	0	0	nan	0.00	0.00	5.57	83.42	88.98	0.00	38	0	42	0.00	0.00	65.73	7.53	0.00	0.00	2000
227	11.40	2059	2028	0.00	195	0	0	0	nan	0.00	0.00	4.39	81.27	88.60	0.00	38	0	42	0.00	0.00	63.35	7.14	0.00	0.00	2000
231	10.80	2068	2171	0.00	212	0	0	0	nan	0.00	0.02	3.12	89.04	89.20	0.00	38	0	42	0.00	0.00	67.50	7.79	0.00	0.00	2000
229	11.05	2047	2130	0.00	195	0	0	0	nan	0.00	0.00	4.05	86.21	88.95	0.00	38	0	42	0.00	0.00	65.87	7.39	0.00	0.00	2000
228	11.15	2053	2092	0.00	198	0	0	0	nan	0.00	0.00	3.30	85.29	88.85	0.00	38	0	42	0.00	0.00	65.08	7.47	0.00	0.00	2000
232	11.17	2061	2114	0.00	197	0	0	0	nan	0.00	0.02	5.04	84.41	88.83	0.00	38	0	42	0.00	0.00	65.94	7.42	0.00	0.00	2000
230	11.38	2061	2061	0.00	198	0	0	0	nan	0.00	0.02	3.58	83.46	88.62	0.00	38	0	42	0.00	0.00	65.38	7.36	0.00	0.00	2000
229	10.86	2099	2113	0.00	195	0	0	0	nan	0.00	0.02	4.24	85.50	89.14	0.00	38	0	42	0.00	0.00	66.05	7.60	0.00	0.00	2000
229	11.03	2036	2138	0.00	194	0	0	0	nan	0.00	0.00	4.82	85.93	88.97	0.00	38	0	42	0.00	0.00	67.15	7.72	0.00	0.00	2000
228	11.12	2126	2029	0.00	196	0	0	0	nan	0.00	0.00	3.25	82.70	88.88	0.00	38	0	42	0.00	0.00	63.59	7.17	0.00	0.00	2000
229	11.01	2032	2153	0.75	195	0	0	17	20.03	0.00	0.00	3.82	87.51	88.99	0.00	38	0	42	0.00	0.00	65.19	7.58	0.00	0.00	2000
231	11.23	2048	2112	0.73	193	0	0	1	89.38	0.00	0.00	3.32	86.00	88.77	0.00	39	0	42	0.00	0.00	64.96	7.42	0.00	0.00	2000
229	11.13	2067	2086	0.00	197	0	0	0	nan	0.00	0.00	4.36	84.03	88.87	0.00	38	0	42	0.00	0.00	65.58	7.34	0.00	0.00	2000
230	11.22	2067	2083	0.00	196	0	0	0	nan	0.00	0.00	4.65	83.42	88.78	0.00	38	0	42	0.00	0.00	65.51	7.42	0.00	0.00	2000
228	11.13	2052	2094	0.00	194	0	0	0	nan	0.00	0.00	4.97	83.76	88.87	0.00	38	0	42	0.00	0.00	64.81	7.41	0.00	0.00	2000
229	11.23	2014	2131	0.00	195	0	0	0	nan	0.00	0.02	4.15	86.02	88.77	0.00	38	0	42	0.00	0.00	64.84	7.35	0.00	0.00	2000
227	11.13	2073	2063	0.00	195	0	0	0	nan	0.00	0.00	3.73	83.67	88.87	0.00	38	0	42	0.00	0.00	64.98	7.39	0.00	0.00	2000
231	11.12	2043	2136	0.00	197	0	0	0	nan	0.00	0.05	4.88	85.66	88.88	0.00	38	0	42	0.00	0.00	65.30	7.52	0.00	0.00	2000
227	11.30	2025	2088	0.00	196	0	0	0	nan	0.00	0.02	3.74	84.60	88.70	0.00	38	0	42	0.00	0.00	65.70	7.43	0.00	0.00	2000
229	11.38	2018	2095	0.00	195	0	0	0	nan	0.00	0.00	3.85	84.75	88.62	0.00	38	0	42	0.00	0.00	65.17	7.48	0.00	0.00	2000
228	11.10	2051	2099	0.00	196	0	0	0	nan	0.00	0.00	4.19	84.78	88.90	0.00	38	0	42	0.00	0.00	65.26	7.57	0.00	0.00	2000
230	11.16	2041	2121	0.00	195	0	0	0	nan	0.00	0.00	4.09	85.76	88.84	0.00	38	0	42	0.00	0.00	65.56	7.48	0.00	0.00	2000
231	11.37	2041	2093	0.00	196	0	0	0	nan	0.00	0.00	3.63	84.83	88.63	0.00	38	0	42	0.00	0.00	65.43	7.35	0.00	0.00	2000
230	11.33	2023	2104	0.00	195	0	0	0	nan	0.00	0.01	3.11	85.90	88.67	0.00	38	0	42	0.00	0.00	65.65	7.30	0.00	0.00	2000
228	11.22	2060	2068	0.00	196	0	0	0	nan	0.00	0.00	3.57	83.88	88.78	0.00	38	0	42	0.00	0.00	65.24	7.35	0.00	0.00	2000
230	11.16	2035	2131	0.00	198	0	0	0	nan	0.00	0.00	5.04	85.24	88.84	0.00	38	0	42	0.00	0.00	65.87	7.31	0.00	0.00	2000
228	11.27	2053	2066	0.00	196	0	0	0	nan	0.00	0.00	4.09	83.31	88.73	0.00	38	0	42	0.00	0.00	65.29	7.44	0.00	0.00	2000
232	11.10	2075	2113	0.42	197	0	0	5	75.85	0.00	0.00	5.48	83.91	88.90	0.00	38	0	42	0.00	0.00	65.14	7.46	0.00	0.00	2000
229	11.21	2053	2087	1.05	196	0	0	3	79.51	0.00	0.00	5.38	82.99	88.79	0.00	39	0	42	0.00	0.00	65.25	7.38	0.00	0.00	2000
230	10.91	2078	2134	0.00	194	0	0	0	nan	0.00	0.00	4.86	85.77	89.09	0.00	38	0	42	0.00	0.00	65.60	7.50	0.00	0.00	2000
228	11.12	2067	2078	0.00	197	0	0	0	nan	0.00	0.00	4.33	83.70	88.88	0.00	38	0	42	0.00	0.00	65.73	7.51	0.00	0.00	2000
235	11.24	2070	2121	0.00	197	0	0	0	nan	0.00	0.02	5.29	84.48	88.76	0.00	38	0	42	0.00	0.00	65.31	7.47	0.00	0.00	2000
230	11.36	2044	2081	0.00	194	0	0	0	nan	0.00	0.00	3.94	83.97	88.64	0.00	38	0	42	0.00	0.00	65.04	7.41	0.00	0.00	2000
229	11.00	2066	2119	0.00	196	0	0	0	nan	0.00	0.00	4.64	85.16	89.00	0.00	38	0	42	0.00	0.00	65.65	7.75	0.00	0.00	2000
228	11.21	2037	2097	0.00	196	0	0	0	nan	0.00	0.00	4.75	83.95	88.79	0.00	38	0	42	0.00	0.00	65.20	7.61	0.00	0.00	2000
228	11.31	2004	2109	0.00	194	0	0	0	nan	0.00	0.00	3.96	85.21	88.69	0.00	38	0	42	0.00	0.00	65.16	7.49	0.00	0.00	2000
229	11.07	2098	2067	0.00	196	0	0	0	nan	0.00	0.00	3.79	83.83	88.93	0.00	38	0	42	0.00	0.00	65.50	7.55	0.00	0.00	2000
230	11.12	2057	2107	0.00	194	0	0	0	nan	0.00	0.00	4.32	84.96	88.88	0.00	38	0	42	0.00	0.00	65.18	7.59	0.00	0.00	2000
231	11.08	2068	2116	0.00	197	0	0	0	nan	0.00	0.00	5.68	84.00	88.92	0.00	39	0	42	0.00	0.00	65.29	7.52	0.00	0.00	2000
229	11.25	2029	2105	0.00	195	0	0	0	nan	0.00	0.00	3.87	85.20	88.75	0.00	38	0	42	0.00	0.00	65.18	7.63	0.00	0.00	2000
229	11.38	1997	2115	0.00	196	0	0	0	nan	0.00	0.00	3.84	85.47	88.62	0.00	38	0	42	0.00	0.00	67.29	7.67	0.00	0.00	2000
228	11.42	2049	2044	0.00	196	0	0	0	nan	0.00	0.03	3.50	82.78	88.58	0.00	38	0	42	0.00	0.00	63.11	7.30	0.00	0.00	2000
229	10.84	2070	2139	0.00	195	0	0	0	nan	0.00	0.00	4.68	86.23	89.16	0.00	38	0	42	0.00	0.00	65.00	7.43	0.00	0.00	2000
231	11.10	2103	2081	0.00	196	0	0	0	nan	0.00	0.02	3.76	84.29	88.90	0.00	39	0	42	0.00	0.00	65.32	7.38	0.00	0.00	2000
228	11.03	2041	2126	0.00	195	0	0	4	76.27	0.00	0.00	4.47	85.74	88.97	0.00	38	0	42	0.00	0.00	66.13	7.40	0.00	0.00	2000
229	11.28	2063	2069	1.38	195	0	0	4	79.23	0.00	0.02	2.84	84.77	88.72	0.00	38	0	42	0.00	0.00	64.83	7.31	0.00	0.00	2000
230	11.28	2036	2100	0.00	199	0	0	0	nan	0.00	0.00	5.81	83.08	88.72	0.00	38	0	42	0.00	0.00	64.98	7.33	0.00	0.00	2000
229	11.11	2045	2118	0.00	195	0	0	0	nan	0.01	0.00	4.13	85.63	88.89	0.00	38	0	42	0.00	0.00	65.37	7.42	0.00	0.00	2000
230	11.20	2077	2076	0.00	196	0	0	0	nan	0.00	0.00	4.69	83.17	88.80	0.00	38	0	42	0.00	0.00	65.66	7.55	0.00	0.00	2000
230	10.98	2060	2138	0.00	194	0	0	0	nan	0.00	0.00	3.61	87.04	89.02	0.00	38	0	42	0.00	0.00	65.07	7.55	0.00	0.00	2000
228	11.27	2059	2062	0.00	196	0	0	0	nan	0.00	0.00	3.87	83.27	88.73	0.00	38	0	42	0.00	0.00	64.96	7.49	0.00	0.00	2000
231	11.17	2060	2113	0.00	195	0	0	0	nan	0.00	0.00	4.07	85.40	88.83	0.00	38	0	42	0.00	0.00	65.68	7.50	0.00	0.00	2000
228	11.06	2038	2121	0.00	195	0	0	0	nan	0.00	0.00	5.04	84.90	88.94	0.00	38	0	42	0.00	0.00	65.28	7.64	0.00	0.00	2000
231	11.35	2061	2075	0.00	196	0	0	0	nan	0.00	0.01	3.89	83.66	88.65	0.00	38	0	42	0.00	0.00	62.80	7.57	0.00	0.00	2000
229	10.74	2129	2099	0.00	195	0	0	0	nan	0.00	0.00	4.97	84.31	89.26	0.00	38	0	42	0.00	0.00	68.46	7.43	0.00	0.00	2000
231	10.86	2100	2131	0.00	196	0	0	0	nan	0.00	0.00	4.88	85.65	89.14	0.00	39	0	42	0.00	0.00	65.54	7.61	0.00	0.00	2000
228	11.07	2063	2094	0.00	196	0	0	0	nan	0.00	0.00	3.48	85.28	88.93	0.00	38	0	42	0.00	0.00	65.38	7.35	0.00	0.00	2000
230	11.48	2002	2103	0.00	194	0	0	0	nan	0.00	0.00	4.02	84.73	88.52	0.00	38	0	42	0.00	0.00	65.14	7.91	0.00	0.00	2000
228	11.06	2082	2077	0.00	195	0	0	0	nan	0.00	0.00	3.34	84.62	88.94	0.00	38	0	42	0.00	0.00	65.66	7.68	0.00	0.00	2000
231	11.16	2056	2110	0.00	196	0	0	0	nan	0.00	0.00	4.73	84.59	88.84	0.00	38	0	42	0.00	0.00	65.73	7.67	0.00	0.00	2000
229	11.09	2066	2097	0.00	196	0	0	0	nan	0.00	0.00	3.91	85.02	88.91	0.00	38	0	42	0.00	0.00	65.10	7.52	0.00	0.00	2000
230	11.00	2086	2102	0.00	194	0	0	2	73.00	0.00	0.00	4.20	84.92	89.00	0.00	38	0	42	0.00	0.00	65.64	7.52	0.00	0.00	2000
227	11.09	2069	2079	1.36	195	0	0	5	69.21	0.00	0.00	4.31	83.78	88.91	0.00	38	0	42	0.00	0.00	60.11	7.05	0.00	0.00	2000
231	10.91	2073	2141	0.00	196	0	0	0	nan	0.00	0.00	5.03	85.90	89.09	0.00	39	0	42	0.00	0.00	71.17	8.06	0.00	0.00	2000
229	11.18	2064	2088	0.00	197	0	0	0	nan	0.00	0.00	3.84	84.47	88.82	0.00	38	0	42	0.00	0.00	62.75	7.05	0.00	0.00	2000
248	12.09	2068	2086	0.00	195	0	0	0	nan	0.00	0.00	4.48	82.83	87.91	0.00	38	0	42	0.00	0.00	68.69	7.56	0.00	0.00	2000
229	11.17	2028	2120	0.00	198	0	0	0	nan	0.00	0.00	5.33	84.56	88.83	0.00	39	0	42	0.00	0.00	65.20	7.67	0.00	0.00	2000
230	11.09	2065	2106	0.00	197	0	0	0	nan	0.00	0.00	4.94	84.20	88.91	0.00	38	0	42	0.00	0.00	63.15	7.24	0.00	0.00	2000
228	11.29	2025	2091	0.00	195	0	0	0	nan	0.00	0.00	3.27	85.12	88.71	0.00	38	0	42	0.00	0.00	65.32	7.65	0.00	0.00	2000
231	11.73	1990	2082	0.00	199	0	0	0	nan	0.00	0.00	4.79	82.75	88.27	0.00	39	0	42	0.00	0.00	62.50	7.57	0.00	0.00	2000
228	11.08	2062	2099	0.00	195	0	0	0	nan	0.00	0.00	5.11	83.84	88.92	0.00	38	0	42	0.00	0.00	66.03	7.23	0.00	0.00	2000
229	11.11	2065	2100	0.00	195	0	0	0	nan	0.00	0.00	5.50	83.39	88.89	0.00	38	0	42	0.00	0.00	65.40	7.40	0.00	0.00	2000
229	10.98	2070	2118	0.00	196	0	0	0	nan	0.00	0.00	4.46	85.42	89.02	0.00	39	0	42	0.00	0.00	68.31	7.72	0.00	0.00	2000
229	11.37	2025	2088	0.00	195	0	0	0	nan	0.00	0.00	4.38	83.81	88.63	0.00	38	0	42	0.00	0.00	62.57	7.20	0.00	0.00	2000
230	11.15	2078	2084	0.00	195	0	0	0	nan	0.00	0.00	4.93	83.34	88.85	0.00	38	0	42	0.00	0.00	64.93	7.44	0.00	0.00	2000
230	10.80	2091	2135	0.00	196	0	0	0	nan	0.00	0.00	4.49	86.30	89.20	0.00	38	0	42	0.00	0.00	68.28	7.83	0.00	0.00	2000
228	11.07	2065	2090	0.00	196	0	0	0	nan	0.00	0.00	3.69	84.86	88.93	0.00	39	0	42	0.00	0.00	65.78	7.26	0.00	0.00	2000
229	11.41	2023	2084	0.00	194	0	0	0	nan	0.00	0.00	4.08	83.86	88.59	0.00	38	0	42	0.00	0.00	62.48	7.20	0.00	0.00	2000
228	10.80	2082	2128	0.00	202	0	0	0	93.51	0.00	0.00	5.60	84.84	89.20	0.00	38	0	42	0.00	0.00	68.90	7.87	0.00	0.00	2000
232	11.25	2051	2110	1.29	194	0	0	6	68.14	0.00	0.00	2.76	86.44	88.75	0.00	38	0	42	0.00	0.00	64.04	7.40	0.00	0.00	2000
231	11.03	2099	2095	0.07	194	0	0	0	nan	0.00	0.03	3.37	85.44	88.97	0.00	38	0	42	0.00	0.00	66.86	7.60	0.00	0.00	2000
230	11.01	2086	2103	0.00	195	0	0	0	nan	0.00	0.00	3.19	86.00	88.99	0.00	38	0	42	0.00	0.00	66.56	7.71	0.00	0.00	2000
224	11.30	2075	2010	0.00	195	0	0	0	nan	0.00	0.00	3.08	81.88	88.70	0.00	38	0	42	0.00	0.00	62.04	7.35	0.00	0.00	2000
230	10.93	2022	2187	0.00	195	0	0	0	nan	0.00	0.00	3.19	89.66	89.07	0.00	38	0	42	0.00	0.00	68.12	7.84	0.00	0.00	2000
228	11.14	2054	2090	0.00	195	0	0	0	nan	0.00	0.02	3.57	84.94	88.86	0.00	38	0	42	0.00	0.00	62.71	7.19	0.00	0.00	2000
232	11.38	2057	2083	0.00	195	0	0	0	nan	0.00	0.00	3.94	83.93	88.62	0.00	38	0	42	0.00	0.00	65.44	7.46	0.00	0.00	2000
228	11.00	2079	2091	0.00	194	0	0	0	nan	0.00	0.00	5.30	83.44	89.00	0.00	39	0	42	0.00	0.00	65.34	7.46	0.00	0.00	2000
231	11.00	2094	2105	0.00	199	0	0	0	nan	0.00	0.00	6.10	83.21	89.00	0.00	38	0	42	0.00	0.00	65.26	7.76	0.00	0.00	2000
228	10.99	2081	2089	0.00	196	0	0	0	nan	0.00	0.00	4.98	83.73	89.01	0.00	38	0	42	0.00	0.00	65.31	7.55	0.00	0.00	2000
231	11.17	2051	2114	0.00	194	0	0	0	nan	0.00	0.00	4.56	84.89	88.83	0.00	38	0	42	0.00	0.00	65.18	7.53	0.00	0.00	2000
230	11.43	1989	2121	0.00	197	0	0	0	nan	0.00	0.00	5.55	84.05	88.57	0.00	38	0	42	0.00	0.00	65.63	7.32	0.00	0.00	2000
229	11.39	2002	2108	0.00	194	0	0	0	nan	0.00	0.00	3.77	85.19	88.61	0.00	38	0	42	0.00	0.00	67.34	7.72	0.00	0.00	2000
229	11.25	2081	2055	0.00	195	0	0	0	nan	0.00	0.02	3.54	83.46	88.75	0.00	38	0	42	0.00	0.00	62.00	7.05	0.00	0.00	2000
230	11.34	1995	2140	0.00	195	0	0	0	nan	0.00	0.00	4.38	86.19	88.66	0.00	38	0	42	0.00	0.00	65.23	7.52	0.00	0.00	2000
228	11.41	2035	2062	0.00	196	0	0	0	nan	0.00	0.00	4.08	83.08	88.59	0.00	38	0	42	0.00	0.00	64.79	7.45	0.00	0.00	2000
232	11.09	2071	2119	0.00	195	0	0	0	nan	0.00	0.00	5.03	84.77	88.91	0.00	38	0	42	0.00	0.00	65.94	7.55	0.00	0.00	2000
228	11.05	2065	2098	1.10	197	0	0	6	70.72	0.00	0.00	5.18	83.76	88.95	0.00	38	0	42	0.00	0.00	64.79	7.62	0.00	0.00	2000
230	11.17	2034	2125	0.39	194	0	0	0	nan	0.00	0.00	4.68	85.39	88.83	0.00	38	0	42	0.00	0.00	65.23	7.52	0.00	0.00	2000
228	11.23	2037	2089	0.00	194	0	0	0	nan	0.00	0.00	3.78	84.66	88.77	0.00	38	0	42	0.00	0.00	65.03	7.60	0.00	0.00	2000
230	11.29	2027	2106	0.00	195	0	0	0	nan	0.00	0.00	3.91	85.18	88.71	0.00	38	0	42	0.00	0.00	65.06	7.39	0.00	0.00	2000
230	11.29	2044	2089	0.00	197	0	0	0	nan	0.00	0.00	4.83	83.44	88.71	0.00	38	0	42	0.00	0.00	65.28	7.45	0.00	0.00	2000
230	11.18	2049	2108	0.00	194	0	0	0	nan	0.00	0.00	3.98	85.28	88.82	0.00	38	0	42	0.00	0.00	65.28	7.74	0.00	0.00	2000
227	11.38	2004	2092	0.00	195	0	0	0	nan	0.00	0.00	4.31	84.10	88.62	0.00	38	0	42	0.00	0.00	65.13	7.45	0.00	0.00	2000
230	11.10	2088	2087	0.00	195	0	0	0	nan	0.00	0.00	3.40	85.00	88.90	0.00	38	0	42	0.00	0.00	65.16	7.37	0.00	0.00	2000
227	10.95	2088	2085	0.00	194	0	0	0	nan	0.00	0.00	4.93	83.60	89.05	0.00	38	0	42	0.00	0.00	65.53	7.51	0.00	0.00	2000
234	11.07	2064	2146	0.00	196	0	0	0	nan	0.00	0.01	4.52	86.38	88.93	0.00	38	0	42	0.00	0.00	65.45	7.36	0.00	0.00	2000
229	11.16	2081	2068	0.00	197	0	0	0	nan	0.00	0.02	3.99	83.50	88.84	0.00	38	0	42	0.00	0.00	65.84	7.60	0.00	0.00	2000
230	11.22	2022	2124	0.00	197	0	0	0	nan	0.00	0.00	6.48	83.44	88.78	0.00	38	0	42	0.00	0.00	65.33	7.56	0.00	0.00	2000
228	11.25	2037	2092	0.00	197	0	0	0	nan	0.00	0.00	4.40	84.13	88.75	0.00	38	0	42	0.00	0.00	65.36	7.68	0.00	0.00	2000
230	11.49	1997	2109	0.00	195	0	0	0	nan	0.00	0.00	4.12	84.90	88.51	0.00	38	0	42	0.00	0.00	65.29	7.47	0.00	0.00	2000
229	11.20	2078	2067	0.00	195	0	0	0	nan	0.00	0.00	3.42	83.97	88.80	0.00	38	0	42	0.00	0.00	64.92	7.62	0.00	0.00	2000
233	11.49	2000	2130	0.00	197	0	0	0	nan	0.00	0.04	4.67	85.21	88.51	0.00	38	0	42	0.00	0.00	65.20	7.57	0.00	0.00	2000
228	11.31	2025	2094	0.00	196	0	0	0	nan	0.00	0.00	3.58	84.98	88.69	0.00	38	0	42	0.00	0.00	65.35	7.62	0.00	0.00	2000
230	11.42	2028	2081	0.76	196	0	0	6	68.12	0.02	0.00	4.31	83.48	88.58	0.00	38	0	42	0.00	0.00	65.01	7.39	0.00	0.00	2000
233	11.16	2066	2123	0.70	196	0	0	1	89.89	0.00	0.00	4.98	84.98	88.84	0.00	38	0	42	0.00	0.00	65.07	7.48	0.00	0.00	2000
230	11.17	2062	2100	0.00	194	0	0	0	nan	0.00	0.00	3.56	85.32	88.83	0.00	39	0	42	0.00	0.00	65.30	7.58	0.00	0.00	2000
229	11.29	2068	2065	0.00	196	0	0	0	nan	0.00	0.00	3.53	83.76	88.71	0.00	38	0	42	0.00	0.00	62.39	7.40	0.00	0.00	2000
231	10.92	2071	2142	0.00	196	0	0	0	nan	0.00	0.02	5.28	85.63	89.08	0.00	38	0	42	0.00	0.00	67.75	7.35	0.00	0.00	2000
228	11.05	2097	2066	0.00	196	0	0	0	nan	0.00	0.00	3.26	84.24	88.95	0.00	38	0	42	0.00	0.00	64.98	7.60	0.00	0.00	2000
229	11.17	2046	2108	0.00	195	0	0	0	nan	0.00	0.00	3.64	85.70	88.83	0.00	38	0	42	0.00	0.00	64.96	7.50	0.00	0.00	2000
228	10.96	2086	2091	0.00	195	0	0	0	nan	0.00	0.02	4.64	84.13	89.04	0.00	38	0	42	0.00	0.00	65.16	7.42	0.00	0.00	2000
232	11.06	2093	2106	0.00	196	0	0	0	nan	0.00	0.00	4.78	84.49	88.94	0.00	38	0	42	0.00	0.00	65.06	7.35	0.00	0.00	2000
229	10.86	2088	2118	0.00	194	0	0	0	nan	0.00	0.00	4.26	85.70	89.14	0.00	38	0	42	0.00	0.00	65.35	7.35	0.00	0.00	2000
229	11.13	2049	2113	0.00	195	0	0	0	nan	0.00	0.00	3.67	85.78	88.87	0.00	38	0	42	0.00	0.00	65.04	7.42	0.00	0.00	2000
228	11.09	2070	2090	0.00	195	0	0	0	nan	0.00	0.01	3.17	85.46	88.91	0.00	39	0	42	0.00	0.00	64.87	7.45	0.00	0.00	2000
230	11.22	2042	2109	0.00	195	0	0	0	nan	0.00	0.00	3.76	85.39	88.78	0.00	39	0	42	0.00	0.00	65.24	7.40	0.00	0.00	2000
229	11.19	2072	2078	0.00	196	0	0	0	nan	0.00	0.00	2.99	84.81	88.81	0.00	38	0	42	0.00	0.00	65.12	7.43	0.00	0.00	2000
231	11.28	2024	2126	0.00	195	0	0	0	nan	0.00	0.00	3.95	85.95	88.72	0.00	38	0	42	0.00	0.00	64.82	7.50	0.00	0.00	2000
230	11.16	2079	2081	0.00	199	0	0	0	nan	0.01	0.00	3.23	84.86	88.84	0.00	38	0	42	0.00	0.00	65.73	7.35	0.00	0.00	2000
230	11.26	2028	2113	0.00	195	0	0	0	nan	0.00	0.00	4.02	85.36	88.74	0.00	38	0	42	0.00	0.00	64.95	7.47	0.00	0.00	2000
228	11.07	2065	2095	0.42	197	0	0	5	72.06	0.00	0.00	3.83	84.85	88.93	0.00	38	0	42	0.00	0.00	65.20	7.51	0.00	0.00	2000
229	11.52	2008	2080	1.07	194	0	0	3	83.13	0.00	0.00	3.54	84.15	88.48	0.00	39	0	42	0.00	0.00	64.94	7.58	0.00	0.00	2000
230	10.92	2090	2116	0.00	197	0	0	0	nan	0.00	0.00	5.09	84.79	89.08	0.00	38	0	42	0.00	0.00	65.17	7.58	0.00	0.00	2000
231	11.29	2037	2108	0.00	195	0	0	0	nan	0.01	0.00	3.66	85.38	88.71	0.00	38	0	42	0.00	0.00	62.65	7.69	0.00	0.00	2000
227	11.12	2072	2068	0.00	195	0	0	0	nan	0.00	0.00	3.93	83.61	88.88	0.00	38	0	42	0.00	0.00	67.08	7.48	0.00	0.00	2000
229	10.90	2071	2134	0.00	195	0	0	0	nan	0.00	0.00	4.33	86.29	89.10	0.00	38	0	42	0.00	0.00	65.36	7.47	0.00	0.00	2000
228	11.15	2060	2086	0.00	195	0	0	0	nan	0.00	0.00	3.49	84.79	88.85	0.00	38	0	42	0.00	0.00	66.22	7.67	0.00	0.00	2000
231	11.32	2056	2089	0.00	196	0	0	0	nan	0.00	0.00	4.27	83.97	88.68	0.00	38	0	42	0.00	0.00	63.88	7.27	0.00	0.00	2000
228	11.21	2022	2115	0.00	195	0	0	0	nan	0.00	0.00	4.53	84.98	88.79	0.00	38	0	42	0.00	0.00	65.17	7.28	0.00	0.00	2000
230	11.24	2066	2084	0.00	194	0	0	0	nan	0.00	0.00	3.92	84.14	88.76	0.00	38	0	42	0.00	0.00	64.78	7.61	0.00	0.00	2000
228	11.02	2083	2087	0.00	196	0	0	0	nan	0.00	0.00	4.28	84.21	88.98	0.00	38	0	42	0.00	0.00	62.53	7.16	0.00	0.00	2000
230	10.95	2094	2112	0.00	195	0	0	0	nan	0.00	0.00	4.85	84.71	89.05	0.00	38	0	42	0.00	0.00	67.56	7.83	0.00	0.00	2000
230	10.90	2089	2119	0.00	198	0	0	0	nan	0.00	0.02	5.25	84.73	89.10	0.00	38	0	42	0.00	0.00	65.26	7.34	0.00	0.00	2000
231	11.16	2089	2081	0.00	195	0	0	0	nan	0.00	0.00	3.89	84.18	88.84	0.00	39	0	42	0.00	0.00	62.21	7.01	0.00	0.00	2000
228	10.91	2075	2119	0.00	196	0	0	0	nan	0.00	0.00	4.73	85.28	89.09	0.00	38	0	42	0.00	0.00	67.33	7.95	0.00	0.00	2000
235	11.20	2100	2103	0.00	194	0	0	0	nan	0.00	0.00	4.29	84.68	88.80	0.00	39	0	42	0.00	0.00	65.39	7.37	0.00	0.00	2000
228	10.98	2107	2069	0.00	195	0	0	0	nan	0.00	0.00	4.00	83.74	89.02	0.00	39	0	42	0.00	0.00	59.79	6.72	0.00	0.00	2000
231	10.88	2112	2114	0.02	195	0	0	4	76.15	0.00	0.00	4.42	85.31	89.12	0.00	38	0	42	0.00	0.00	67.99	7.79	0.00	0.00	2000
229	10.82	2128	2088	1.37	198	0	0	4	77.28	0.00	0.01	5.44	83.32	89.18	0.00	38	0	42	0.00	0.00	62.23	7.17	0.00	0.00	2000
230	11.16	2057	2107	0.00	196	0	0	0	nan	0.00	0.00	5.15	84.01	88.84	0.00	39	0	42	0.00	0.00	68.36	7.69	0.00	0.00	2000
233	11.47	2035	2098	0.00	196	0	0	0	nan	0.00	0.00	4.72	83.79	88.53	0.00	38	0	42	0.00	0.00	62.32	7.19	0.00	0.00	2000
231	11.08	2051	2131	0.00	194	0	0	0	nan	0.00	0.00	4.48	85.80	88.92	0.00	38	0	42	0.00	0.00	68.42	7.82	0.00	0.00	2000
228	11.02	2072	2091	0.00	195	0	0	0	nan	0.00	0.00	3.15	85.55	88.98	0.00	38	0	42	0.00	0.00	65.65	7.31	0.00	0.00	2000
232	11.45	2022	2103	0.00	198	0	0	0	nan	0.00	0.00	5.65	83.09	88.55	0.00	38	0	42	0.00	0.00	65.56	7.44	0.00	0.00	2000
228	11.04	2092	2069	0.00	197	0	0	0	nan	0.00	0.00	3.75	83.98	88.96	0.00	38	0	42	0.00	0.00	62.68	6.98	0.00	0.00	2000
231	10.87	2121	2102	0.00	195	0	0	0	nan	0.00	0.00	4.20	85.05	89.13	0.00	38	0	42	0.00	0.00	65.43	7.21	0.00	0.00	2000
229	10.96	2077	2113	0.00	195	0	0	0	nan	0.00	0.00	4.71	85.05	89.04	0.00	38	0	42	0.00	0.00	65.27	7.50	0.00	0.00	2000
229	10.92	2078	2120	0.00	194	0	0	0	nan	0.00	0.01	4.58	85.31	89.08	0.00	38	0	42	0.00	0.00	67.96	7.69	0.00	0.00	2000
228	11.32	2058	2061	0.00	195	0	0	0	nan	0.00	0.00	4.23	82.85	88.68	0.00	38	0	42	0.00	0.00	61.98	7.07	0.00	0.00	2000
231	11.02	2060	2136	0.00	196	0	0	0	nan	0.00	0.00	5.00	85.54	88.98	0.00	38	0	42	0.00	0.00	68.11	8.04	0.00	0.00	2000
228	10.95	2107	2074	0.00	196	0	0	0	nan	0.00	0.00	3.23	84.73	89.05	0.00	38	0	42	0.00	0.00	62.49	7.04	0.00	0.00	2000
235	11.14	2077	2133	0.00	210	0	0	0	nan	0.00	0.00	7.52	82.86	88.86	0.00	38	0	42	0.00	0.00	67.83	7.73	0.00	0.00	2000
229	11.06	2071	2098	0.00	196	0	0	0	nan	0.00	0.01	3.31	85.65	88.94	0.00	38	0	42	0.00	0.00	63.84	7.38	0.00	0.00	2000
230	11.47	2045	2065	0.00	196	0	0	0	nan	0.00	0.00	3.45	83.74	88.53	0.00	38	0	42	0.00	0.00	63.65	7.17	0.00	0.00	2000
229	10.90	2059	2140	0.00	194	0	0	2	76.23	0.00	0.00	4.20	86.72	89.10	0.00	38	0	42	0.00	0.00	67.18	7.64	0.00	0.00	2000
229	11.15	2110	2042	1.31	195	0	0	6	72.37	0.00	0.02	3.24	83.19	88.85	0.00	38	0	42	0.00	0.00	63.99	7.12	0.00	0.00	2000
228	10.85	2077	2128	0.00	196	0	0	0	nan	0.00	0.00	3.08	87.31	89.15	0.00	38	0	42	0.00	0.00	65.38	7.53	0.00	0.00	2000
230	10.93	2076	2125	0.00	195	0	0	0	nan	0.00	0.00	4.84	85.27	89.07	0.00	38	0	42	0.00	0.00	68.21	7.66	0.00	0.00	2000
231	11.27	2078	2068	0.00	199	0	0	0	nan	0.00	0.00	3.73	83.71	88.73	0.00	38	0	42	0.00	0.00	62.22	7.11	0.00	0.00	2000
230	10.96	2081	2115	0.00	195	0	0	0	nan	0.00	0.00	4.64	85.04	89.04	0.00	38	0	42	0.00	0.00	65.22	7.32	0.00	0.00	2000
228	11.14	2032	2112	0.00	196	0	0	0	nan	0.00	0.00	3.95	85.50	88.86	0.00	38	0	42	0.00	0.00	68.20	7.78	0.00	0.00	2000
230	11.25	2061	2080	0.00	196	0	0	0	nan	0.00	0.00	4.19	83.86	88.75	0.00	38	0	42	0.00	0.00	62.60	7.18	0.00	0.00	2000
227	10.78	2119	2089	0.00	196	0	0	0	nan	0.00	0.00	4.07	84.78	89.22	0.00	38	0	42	0.00	0.00	65.41	7.58	0.00	0.00	2000
228	11.44	2051	2039	0.00	195	0	0	0	nan	0.00	0.00	4.01	82.03	88.56	0.00	38	0	42	0.00	0.00	62.76	7.23	0.00	0.00	2000
230	10.99	2003	2196	0.00	210	0	0	0	nan	0.01	0.00	2.93	90.30	89.01	0.00	38	0	42	0.00	0.00	67.87	7.83	0.00	0.00	2000
230	11.35	2023	2107	0.00	195	0	0	0	nan	0.00	0.00	4.24	84.75	88.65	0.00	38	0	42	0.00	0.00	64.66	7.62	0.00	0.00	2000
229	11.02	2068	2109	0.00	194	0	0	0	nan	0.00	0.00	3.65	85.85	88.98	0.00	38	0	42	0.00	0.00	68.08	7.71	0.00	0.00	2000
228	11.55	2024	2049	0.00	196	0	0	0	nan	0.00	0.00	3.36	83.09	88.45	0.00	38	0	42	0.00	0.00	62.59	7.50	0.00	0.00	2000
233	11.43	1983	2156	0.00	197	0	0	0	nan	0.00	0.00	4.39	86.70	88.57	0.00	38	0	42	0.00	0.00	68.00	7.72	0.00	0.00	2000
228	11.23	2083	2049	0.00	194	0	0	0	nan	0.00	0.00	3.41	83.30	88.77	0.00	38	0	42	0.00	0.00	63.45	7.30	0.00	0.00	2000
229	11.01	2030	2154	0.00	195	0	0	0	nan	0.00	0.03	4.59	86.85	88.99	0.00	38	0	42	0.00	0.00	67.45	7.71	0.00	0.00	2000
227	11.28	2084	2030	0.00	193	0	0	1	76.61	0.00	0.00	3.44	82.40	88.72	0.00	38	0	42	0.00	0.00	63.04	7.18	0.00	0.00	2000
228	11.04	2038	2129	1.43	195	0	0	6	76.02	0.01	0.00	3.37	86.91	88.96	0.00	38	0	42	0.00	0.00	65.57	7.46	0.00	0.00	2000
233	11.08	2098	2102	0.00	211	0	0	0	nan	0.00	0.02	5.54	83.55	88.92	0.00	38	0	42	0.00	0.00	64.92	7.45	0.00	0.00	2000
229	10.78	2099	2120	0.00	196	0	0	0	nan	0.00	0.00	4.57	85.60	89.22	0.00	38	0	42	0.00	0.00	65.75	7.46	0.00	0.00	2000
230	11.22	2038	2114	0.00	194	0	0	0	nan	0.00	0.00	3.68	85.80	88.78	0.00	38	0	42	0.00	0.00	65.62	7.46	0.00	0.00	2000
228	11.35	2034	2069	0.00	194	0	0	0	nan	0.00	0.02	3.34	84.11	88.65	0.00	38	0	42	0.00	0.00	65.45	7.78	0.00	0.00	2000
230	11.18	2039	2115	0.00	194	0	0	0	nan	0.00	0.00	5.02	84.48	88.82	0.00	38	0	42	0.00	0.00	65.49	7.45	0.00	0.00	2000
228	11.07	2084	2075	0.00	197	0	0	0	nan	0.00	0.00	4.14	83.82	88.93	0.00	38	0	42	0.00	0.00	65.32	7.47	0.00	0.00	2000
234	11.11	2091	2114	0.00	199	0	0	0	nan	0.00	0.01	6.34	83.12	88.89	0.00	38	0	42	0.00	0.00	65.78	7.33	0.00	0.00	2000
229	11.04	2084	2091	0.00	196	0	0	0	nan	0.00	0.00	5.12	83.50	88.96	0.00	38	0	42	0.00	0.00	65.21	7.44	0.00	0.00	2000
230	10.90	2098	2115	0.00	194	0	0	0	nan	0.00	0.00	4.49	85.27	89.10	0.00	38	0	42	0.00	0.00	65.68	7.23	0.00	0.00	2000
228	11.28	2038	2081	0.00	198	0	0	0	nan	0.00	0.00	4.92	83.17	88.72	0.00	39	0	42	0.00	0.00	64.90	7.50	0.00	0.00	2000
268	11.88	2244	2112	0.00	195	0	0	0	nan	0.00	0.00	4.21	84.31	88.12	0.00	38	0	42	0.00	0.00	66.55	7.76	0.00	0.00	2000
230	11.29	2025	2111	0.00	197	0	0	0	nan	0.00	0.02	4.80	84.41	88.71	0.00	38	0	42	0.00	0.00	65.85	7.43	0.00	0.00	2000
230	11.36	2017	2106	0.00	195	0	0	0	nan	0.00	0.02	3.75	85.24	88.64	0.00	38	0	42	0.00	0.00	65.28	7.46	0.00	0.00	2000
229	11.09	2087	2081	0.00	197	0	0	0	nan	0.00	0.00	3.27	84.99	88.91	0.00	38	0	42	0.00	0.00	65.71	7.66	0.00	0.00	2000
229	11.24	2039	2099	0.00	195	0	0	0	nan	0.00	0.00	3.48	85.36	88.76	0.00	38	0	42	0.00	0.00	65.08	7.47	0.00	0.00	2000
234	10.97	2109	2123	0.00	195	0	0	0	nan	0.00	0.00	4.57	85.55	89.03	0.00	38	0	42	0.00	0.00	65.71	7.43	0.00	0.00	2000
232	11.39	2059	2079	1.25	196	0	0	5	69.08	0.00	0.00	3.69	84.01	88.61	0.00	38	0	42	0.00	0.00	65.56	7.46	0.00	0.00	2000
231	11.15	2060	2110	0.21	195	0	0	0	nan	0.00	0.00	4.66	84.75	88.85	0.00	36	0	42	0.00	0.00	66.38	7.61	0.00	0.00	2000
229	11.32	2027	2098	0.00	196	0	0	0	nan	0.00	0.00	3.88	84.80	88.68	0.00	37	0	42	0.00	0.00	65.72	7.54	0.00	0.00	2000
228	11.23	2048	2078	0.00	195	0	0	0	nan	0.00	0.00	4.10	83.82	88.77	0.00	38	0	42	0.00	0.00	65.37	7.47	0.00	0.00	2000
230	10.90	2099	2107	0.00	195	0	0	0	nan	0.00	0.01	3.23	86.22	89.10	0.00	37	0	42	0.00	0.00	65.70	7.35	0.00	0.00	2000
230	10.94	2097	2101	0.00	196	0	0	0	nan	0.00	0.00	3.79	85.39	89.06	0.00	37	0	42	0.00	0.00	65.21	7.45	0.00	0.00	2000
230	10.99	2072	2125	0.00	195	0	0	0	nan	0.00	0.02	3.79	86.32	89.01	0.00	37	0	42	0.00	0.00	65.62	7.52	0.00	0.00	2000
229	11.26	2067	2069	0.00	194	0	0	0	nan	0.00	0.00	3.67	83.85	88.74	0.00	38	0	42	0.00	0.00	65.41	7.37	0.00	0.00	2000
231	11.09	2054	2127	0.00	195	0	0	0	nan	0.01	0.00	3.31	86.76	88.91	0.00	37	0	42	0.00	0.00	66.24	7.63	0.00	0.00	2000
228	11.08	2079	2074	0.00	195	0	0	0	nan	0.00	0.00	3.58	84.38	88.92	0.00	38	0	42	0.00	0.00	65.45	7.54	0.00	0.00	2000
232	11.22	2027	2141	0.00	197	0	0	0	nan	0.00	0.01	5.88	84.77	88.78	0.00	38	0	42	0.00	0.00	65.98	7.72	0.00	0.00	2000
230	11.49	2020	2077	0.00	195	0	0	0	nan	0.00	0.00	3.99	83.71	88.51	0.00	38	0	42	0.00	0.00	65.43	7.43	0.00	0.00	2000
230	11.16	2072	2089	0.00	194	0	0	0	nan	0.00	0.00	3.95	84.52	88.84	0.00	37	0	42	0.00	0.00	65.39	7.43	0.00	0.00	2000
229	10.91	2105	2098	0.00	195	0	0	0	nan	0.00	0.00	3.61	85.41	89.09	0.00	38	0	42	0.00	0.00	65.49	7.52	0.00	0.00	2000
231	11.24	2057	2099	0.00	196	0	0	0	nan	0.00	0.00	3.96	84.83	88.76	0.00	38	0	42	0.00	0.00	65.52	7.44	0.00	0.00	2000
229	10.99	2081	2101	0.00	195	0	0	0	nan	0.00	0.00	3.58	85.49	89.01	0.00	37	0	42	0.00	0.00	65.43	7.82	0.00	0.00	2000
231	10.87	2126	2102	0.00	195	0	0	0	nan	0.00	0.00	4.42	84.90	89.13	0.00	38	0	42	0.00	0.00	65.54	7.47	0.00	0.00	2000
228	10.89	2069	2127	0.93	195	0	0	6	72.78	0.00	0.00	4.17	86.16	89.11	0.00	38	0	42	0.00	0.00	65.30	7.41	0.00	0.00	2000
231	11.15	2083	2088	0.55	195	0	0	0	85.99	0.00	0.00	3.67	84.69	88.85	0.00	38	0	42	0.00	0.00	65.77	7.47	0.00	0.00	2000
229	11.29	2047	2079	0.00	194	0	0	0	nan	0.00	0.00	4.54	83.39	88.71	0.00	38	0	42	0.00	0.00	62.67	7.19	0.00	0.00	2000
230	10.72	2142	2105	0.00	195	0	0	0	nan	0.01	0.01	3.42	86.08	89.28	0.00	38	0	42	0.00	0.00	68.39	7.51	0.00	0.00	2000
230	11.09	2071	2106	0.00	196	0	0	0	nan	0.00	0.00	3.96	85.36	88.91	0.00	38	0	42	0.00	0.00	62.63	7.59	0.00	0.00	2000
229	11.31	2035	2093	0.00	195	0	0	0	nan	0.00	0.00	4.18	84.37	88.69	0.00	37	0	42	0.00	0.00	68.20	7.71	0.00	0.00	2000
227	10.98	2081	2089	0.00	194	0	0	0	nan	0.00	0.00	4.68	83.95	89.02	0.00	38	0	42	0.00	0.00	60.39	6.90	0.00	0.00	2000
231	11.10	2064	2119	0.00	195	0	0	0	nan	0.00	0.02	3.52	86.17	88.90	0.00	38	0	42	0.00	0.00	71.25	7.92	0.00	0.00	2000
229	11.00	2093	2087	0.00	194	0	0	0	nan	0.00	0.00	5.15	83.41	89.00	0.00	38	0	41	0.00	0.00	59.61	6.78	0.00	0.00	2000
232	10.79	2151	2099	0.00	196	0	0	0	nan	0.00	0.02	4.59	84.58	89.21	0.00	37	0	42	0.00	0.00	65.57	7.58	0.00	0.00	2000
229	11.02	2050	2131	0.00	196	0	0	0	nan	0.00	0.02	4.05	86.38	88.98	0.00	38	0	42	0.00	0.00	68.49	7.86	0.00	0.00	2000
229	11.07	2078	2088	0.00	194	0	0	0	nan	0.00	0.00	3.77	84.69	88.93	0.00	38	0	42	0.00	0.00	62.77	7.24	0.00	0.00	2000
229	10.93	2110	2084	0.00	195	0	0	0	nan	0.00	0.00	4.15	84.26	89.07	0.00	37	0	42	0.00	0.00	64.67	7.41	0.00	0.00	2000
229	10.86	2073	2141	0.00	194	0	0	0	nan	0.00	0.00	4.31	86.67	89.14	0.00	38	0	42	0.00	0.00	70.71	8.23	0.00	0.00	2000
236	11.86	2014	2077	0.00	197	0	0	0	nan	0.00	0.01	4.94	82.26	88.14	0.00	38	0	42	0.00	0.00	63.02	7.04	0.00	0.00	2000
231	11.15	2074	2100	0.00	197	0	0	0	nan	0.00	0.00	3.54	85.41	88.85	0.00	38	0	42	0.00	0.00	65.39	7.61	0.00	0.00	2000
228	11.24	2029	2098	0.00	195	0	0	0	nan	0.00	0.00	4.32	84.44	88.76	0.00	37	0	42	0.00	0.00	65.22	7.51	0.00	0.00	2000
228	10.90	2072	2124	0.59	195	0	0	6	75.80	0.00	0.00	3.73	86.43	89.10	0.00	38	0	42	0.00	0.00	65.60	7.37	0.00	0.00	2000
229	11.27	2069	2059	0.89	196	0	0	2	85.77	0.00	0.02	3.75	83.26	88.73	0.00	38	0	42	0.00	0.00	62.73	7.05	0.00	0.00	2000
231	10.74	2106	2146	0.00	194	0	0	0	nan	0.00	0.01	3.84	87.30	89.26	0.00	37	0	42	0.00	0.00	68.34	7.82	0.00	0.00	2000
245	11.57	2162	2058	0.00	270	0	0	0	nan	0.00	0.77	8.95	77.02	88.43	0.00	38	0	42	0.00	0.00	64.00	7.05	0.00	0.00	2000
230	11.06	2079	2104	0.00	196	0	0	0	nan	0.00	0.01	4.20	84.97	88.94	0.00	38	0	42	0.00	0.00	64.74	7.56	0.00	0.00	2000
228	10.75	2127	2099	0.00	196	0	0	0	nan	0.00	0.00	4.83	84.37	89.25	0.00	38	0	42	0.00	0.00	65.52	7.61	0.00	0.00	2000
230	11.03	2079	2101	0.00	195	0	0	0	nan	0.00	0.00	4.01	85.16	88.97	0.00	38	0	42	0.00	0.00	65.28	7.49	0.00	0.00	2000
229	10.85	2121	2091	0.00	195	0	0	0	nan	0.00	0.00	4.48	84.31	89.15	0.00	38	0	42	0.00	0.00	65.90	7.38	0.00	0.00	2000
231	10.88	2108	2116	0.00	195	0	0	0	nan	0.00	0.00	3.63	86.25	89.12	0.00	38	0	42	0.00	0.00	64.74	7.42	0.00	0.00	2000
229	10.77	2123	2100	0.00	195	0	0	0	nan	0.00	0.00	4.83	84.44	89.23	0.00	37	0	42	0.00	0.00	66.56	7.41	0.00	0.00	2000
229	11.09	2071	2091	0.00	195	0	0	0	nan	0.00	0.00	3.50	85.14	88.91	0.00	38	0	42	0.00	0.00	65.00	7.71	0.00	0.00	2000
228	10.85	2089	2116	0.00	194	0	0	0	nan	0.00	0.00	3.13	86.77	89.15	0.00	38	0	42	0.00	0.00	65.92	7.43	0.00	0.00	2000
230	11.15	2077	2082	0.00	194	0	0	0	nan	0.00	0.02	3.64	84.53	88.85	0.00	38	0	42	0.00	0.00	65.63	7.40	0.00	0.00	2000
231	11.06	2073	2116	0.00	196	0	0	0	nan	0.00	0.00	4.29	85.38	88.94	0.00	38	0	42	0.00	0.00	65.77	7.45	0.00	0.00	2000
231	10.99	2113	2088	0.00	194	0	0	0	nan	0.00	0.01	3.97	84.55	89.01	0.00	38	0	42	0.00	0.00	65.59	7.47	0.00	0.00	2000
229	10.80	2116	2109	0.00	194	0	0	0	nan	0.00	0.00	3.85	85.71	89.20	0.00	38	0	42	0.00	0.00	65.79	7.52	0.00	0.00	2000
229	10.95	2098	2091	0.00	195	0	0	0	nan	0.00	0.00	3.92	84.86	89.05	0.00	38	0	42	0.00	0.00	65.88	7.23	0.00	0.00	2000
229	10.87	2120	2091	0.17	198	0	0	4	71.89	0.00	0.00	5.28	83.49	89.13	0.00	38	0	42	0.00	0.00	65.93	7.39	0.00	0.00	2000
233	11.31	2026	2132	1.22	197	0	0	4	80.00	0.00	0.00	3.98	86.10	88.69	0.00	37	0	42	0.00	0.00	64.97	7.44	0.00	0.00	2000
228	11.20	2069	2064	0.00	195	0	0	0	nan	0.00	0.00	3.87	83.53	88.80	0.00	38	0	42	0.00	0.00	65.39	7.38	0.00	0.00	2000
231	10.79	2095	2147	0.00	195	0	0	0	nan	0.00	0.01	3.12	88.13	89.21	0.00	38	0	42	0.00	0.00	65.48	7.41	0.00	0.00	2000
227	11.09	2081	2066	0.00	194	0	0	0	nan	0.00	0.00	2.40	85.10	88.91	0.00	38	0	42	0.00	0.00	65.40	7.48	0.00	0.00	2000
230	10.86	2079	2136	0.00	196	0	0	0	nan	0.00	0.00	3.73	86.98	89.14	0.00	38	0	42	0.00	0.00	65.26	7.49	0.00	0.00	2000
230	11.28	2049	2095	0.00	195	0	0	0	nan	0.00	0.02	2.34	86.20	88.72	0.00	38	0	42	0.00	0.00	65.57	7.35	0.00	0.00	2000
230	11.22	2045	2103	0.00	195	0	0	0	nan	0.00	0.00	3.82	85.22	88.78	0.00	38	0	42	0.00	0.00	65.13	7.44	0.00	0.00	2000
227	11.41	2022	2070	0.00	195	0	0	0	nan	0.00	0.00	3.25	84.12	88.59	0.00	38	0	42	0.00	0.00	65.25	7.39	0.00	0.00	2000
230	11.03	2055	2132	0.00	195	0	0	0	nan	0.00	0.00	4.01	86.44	88.97	0.00	38	0	42	0.00	0.00	64.86	7.38	0.00	0.00	2000
227	11.19	2052	2078	0.00	195	0	0	0	nan	0.00	0.02	3.21	84.77	88.81	0.00	38	0	42	0.00	0.00	66.19	7.56	0.00	0.00	2000
231	11.30	2078	2069	0.00	195	0	0	0	nan	0.00	0.02	3.30	84.06	88.70	0.00	38	0	42	0.00	0.00	64.76	7.28	0.00	0.00	2000
231	10.83	2125	2108	0.00	196	0	0	0	nan	0.00	0.00	4.17	85.42	89.17	0.00	38	0	42	0.00	0.00	65.54	7.44	0.00	0.00	2000
227	11.38	2075	2019	0.00	196	0	0	0	nan	0.00	0.02	3.28	82.07	88.62	0.00	38	0	42	0.00	0.00	59.99	6.83	0.00	0.00	2000
236	10.83	2050	2230	0.00	241	0	0	0	nan	0.00	0.00	4.12	90.65	89.17	0.00	38	0	42	0.00	0.00	70.24	7.90	0.00	0.00	2000
230	11.53	2010	2087	0.00	194	0	0	0	nan	0.00	0.02	3.41	84.61	88.47	0.00	38	0	42	0.00	0.00	65.19	7.50	0.00	0.00	2000
229	11.14	2061	2098	0.00	194	0	0	0	nan	0.00	0.00	3.62	85.24	88.86	0.00	38	0	42	0.00	0.00	65.13	7.37	0.00	0.00	2000
230	11.33	2046	2083	0.00	197	0	0	4	75.92	0.00	0.00	3.86	84.26	88.67	0.00	38	0	42	0.00	0.00	64.52	7.62	0.00	0.00	2000
229	11.23	2047	2092	1.37	194	0	0	4	77.90	0.00	0.00	3.87	84.69	88.77	0.00	38	0	42	0.00	0.00	64.64	7.47	0.00	0.00	2000
230	11.04	2075	2109	0.00	194	0	0	0	nan	0.00	0.00	4.17	85.29	88.96	0.00	38	0	42	0.00	0.00	64.35	7.21	0.00	0.00	2000
228	11.18	2046	2094	0.00	196	0	0	0	nan	0.00	0.00	4.14	84.54	88.82	0.00	38	0	42	0.00	0.00	64.75	7.39	0.00	0.00	2000
231	10.78	2140	2105	0.00	198	0	0	0	nan	0.00	0.01	4.79	84.74	89.22	0.00	37	0	42	0.00	0.00	64.87	7.55	0.00	0.00	2000
231	10.99	2069	2131	0.00	195	0	0	0	nan	0.00	0.00	4.82	85.58	89.01	0.00	38	0	42	0.00	0.00	66.20	7.89	0.00	0.00	2000
229	11.03	2115	2066	0.00	195	0	0	0	nan	0.00	0.00	3.49	84.09	88.97	0.00	38	0	42	0.00	0.00	63.90	7.40	0.00	0.00	2000
229	11.23	2029	2109	0.00	195	0	0	0	nan	0.00	0.00	4.69	84.62	88.77	0.00	38	0	42	0.00	0.00	64.51	7.40	0.00	0.00	2000
228	10.99	2071	2104	0.00	194	0	0	0	nan	0.00	0.02	4.75	84.52	89.01	0.00	38	0	42	0.00	0.00	63.61	7.45	0.00	0.00	2000
226	11.41	2073	2003	0.00	196	0	0	0	nan	0.00	0.00	3.59	80.96	88.59	0.00	37	0	42	0.00	0.00	61.05	6.98	0.00	0.00	2000
234	10.89	2041	2214	0.00	214	0	0	0	nan	0.00	0.00	3.29	90.75	89.11	0.00	38	0	42	0.00	0.00	70.33	8.02	0.00	0.00	2000
228	11.12	2076	2078	0.00	194	0	0	0	nan	0.00	0.00	3.80	84.27	88.88	0.00	38	0	42	0.00	0.00	65.51	7.65	0.00	0.00	2000
229	10.91	2066	2134	0.00	195	0	0	0	nan	0.00	0.00	3.52	87.09	89.09	0.00	38	0	42	0.00	0.00	65.01	7.52	0.00	0.00	2000
228	11.38	2042	2056	0.00	196	0	0	0	nan	0.00	0.00	2.94	84.00	88.62	0.00	38	0	42	0.00	0.00	65.58	7.50	0.00	0.00	2000
237	11.18	2106	2112	0.00	205	0	0	0	nan	0.00	0.02	4.09	85.33	88.82	0.00	37	0	42	0.00	0.00	65.53	7.18	0.00	0.00	2000
232	10.97	2124	2090	0.00	204	0	0	0	nan	0.00	0.00	6.83	81.84	89.03	0.00	38	0	42	0.00	0.00	65.13	7.30	0.00	0.00	2000
230	10.97	2056	2140	0.00	199	0	0	0	nan	0.00	0.00	6.46	84.36	89.03	0.00	38	0	42	0.00	0.00	65.49	7.43	0.00	0.00	2000
229	11.35	2051	2066	0.00	199	0	0	3	76.18	0.00	0.00	5.26	82.11	88.65	0.00	38	0	42	0.00	0.00	65.18	7.25	0.00	0.00	2000
231	10.98	2100	2101	1.34	199	0	0	5	77.82	0.00	0.02	5.21	84.01	89.02	0.00	38	0	42	0.00	0.00	65.36	7.56	0.00	0.00	2000
229	10.87	2099	2105	0.00	199	0	0	0	nan	0.01	0.00	5.04	84.31	89.13	0.00	38	0	42	0.00	0.00	65.32	7.48	0.00	0.00	2000
231	11.06	2084	2109	0.00	202	0	0	0	nan	0.00	0.02	6.11	83.34	88.94	0.00	38	0	42	0.00	0.00	65.34	7.45	0.00	0.00	2000
229	11.22	2059	2079	0.00	200	0	0	0	nan	0.00	0.00	7.49	80.55	88.78	0.00	38	0	42	0.00	0.00	65.16	7.28	0.00	0.00	2000
230	10.78	2122	2115	0.00	198	0	0	0	nan	0.00	0.02	6.38	83.57	89.22	0.00	38	0	42	0.00	0.00	65.02	7.29	0.00	0.00	2000
230	11.02	2070	2119	0.00	198	0	0	0	nan	0.00	0.02	5.59	84.35	88.98	0.00	38	0	42	0.00	0.00	65.45	7.55	0.00	0.00	2000
231	11.48	2033	2079	0.00	201	0	0	0	nan	0.00	0.04	6.37	81.35	88.52	0.00	38	0	42	0.00	0.00	64.96	7.49	0.00	0.00	2000
231	11.36	2054	2081	0.00	202	0	0	0	nan	0.00	0.00	6.97	80.95	88.64	0.00	38	0	42	0.00	0.00	65.37	7.60	0.00	0.00	2000
230	10.99	2043	2151	0.00	198	0	0	0	nan	0.00	0.00	6.34	84.90	89.01	0.00	38	0	42	0.00	0.00	65.02	7.48	0.00	0.00	2000
229	11.32	2058	2064	0.00	198	0	0	0	nan	0.00	0.02	5.40	81.78	88.68	0.00	38	0	42	0.00	0.00	65.41	7.46	0.00	0.00	2000
231	11.08	2081	2099	0.00	198	0	0	0	nan	0.00	0.00	5.45	83.52	88.92	0.00	38	0	42	0.00	0.00	65.28	7.48	0.00	0.00	2000
229	10.93	2106	2091	0.00	199	0	0	0	nan	0.00	0.00	5.79	82.89	89.07	0.00	38	0	42	0.00	0.00	65.59	7.47	0.00	0.00	2000
233	11.03	2106	2103	0.00	203	0	0	0	nan	0.00	0.01	5.74	83.48	88.97	0.00	38	0	42	0.00	0.00	65.70	7.59	0.00	0.00	2000
231	11.13	2068	2106	0.00	198	0	0	0	nan	0.00	0.03	5.62	83.57	88.87	0.00	37	0	42	0.00	0.00	65.11	7.61	0.00	0.00	2000
226	11.29	2096	2006	0.00	198	0	0	0	nan	0.00	0.00	3.70	81.15	88.71	0.00	38	0	42	0.00	0.00	60.65	6.91	0.00	0.00	2000
232	10.95	2035	2187	0.00	215	0	0	0	nan	0.00	0.00	5.37	87.43	89.05	0.00	38	0	42	0.00	0.00	67.93	7.82	0.00	0.00	2000
232	10.96	2092	2120	0.00	198	0	0	2	74.71	0.00	0.02	5.47	84.45	89.04	0.00	38	0	42	0.00	0.00	67.98	8.07	0.00	0.00	2000
230	11.24	2041	2110	1.33	203	0	0	6	74.26	0.00	0.00	7.40	81.86	88.76	0.00	38	0	42	0.00	0.00	62.58	7.20	0.00	0.00	2000
230	11.19	2062	2096	0.00	197	0	0	0	nan	0.00	0.00	7.55	81.06	88.81	0.00	38	0	42	0.00	0.00	68.30	7.71	0.00	0.00	2000
230	11.18	2065	2097	0.00	197	0	0	0	nan	0.00	0.00	8.28	80.53	88.82	0.00	38	0	42	0.00	0.00	65.11	7.48	0.00	0.00	2000
230	11.26	2015	2126	0.00	199	0	0	0	nan	0.00	0.00	6.29	83.67	88.74	0.00	38	0	42	0.00	0.00	65.53	7.54	0.00	0.00	2000
228	11.37	2041	2067	0.00	198	0	0	0	nan	0.00	0.00	5.82	81.41	88.63	0.00	38	0	42	0.00	0.00	62.42	7.31	0.00	0.00	2000
233	11.25	2075	2099	0.00	203	0	0	0	nan	0.00	0.00	6.38	82.44	88.75	0.00	37	0	42	0.00	0.00	65.41	7.81	0.00	0.00	2000
229	10.96	2082	2111	0.00	198	0	0	0	nan	0.00	0.00	7.02	82.55	89.04	0.00	38	0	42	0.00	0.00	65.59	7.59	0.00	0.00	2000
230	11.18	2064	2089	0.00	198	0	0	0	nan	0.00	0.00	6.52	82.00	88.82	0.00	38	0	42	0.00	0.00	65.13	7.54	0.00	0.00	2000
231	11.15	2052	2125	0.00	198	0	0	0	nan	0.00	0.02	4.07	85.96	88.85	0.00	38	0	42	0.00	0.00	64.85	7.57	0.00	0.00	2000
231	11.16	2092	2082	0.00	201	0	0	0	nan	0.00	0.04	4.98	83.08	88.84	0.00	38	0	42	0.00	0.00	68.17	7.81	0.00	0.00	2000
231	11.24	2063	2090	0.00	200	0	0	0	nan	0.00	0.00	8.47	79.96	88.76	0.00	38	0	42	0.00	0.00	59.90	6.82	0.00	0.00	2000
232	10.68	2130	2137	0.00	196	0	0	0	nan	0.00	0.01	4.01	86.88	89.32	0.00	38	0	42	0.00	0.00	71.14	8.23	0.00	0.00	2000
228	11.05	2099	2065	0.00	194	0	0	0	nan	0.00	0.00	2.33	85.23	88.95	0.00	38	0	42	0.00	0.00	60.02	6.96	0.00	0.00	2000
234	11.31	2067	2100	0.00	194	0	0	0	nan	0.00	0.00	4.13	84.65	88.69	0.00	38	0	42	0.00	0.00	65.58	7.47	0.00	0.00	2000
228	10.74	2135	2091	0.00	194	0	0	0	nan	0.00	0.00	3.07	85.82	89.26	0.00	38	0	42	0.00	0.00	65.30	7.46	0.00	0.00	2000
231	10.83	2122	2108	0.00	195	0	0	0	nan	0.00	0.03	2.99	86.48	89.17	0.00	38	0	42	0.00	0.00	64.97	7.65	0.00	0.00	2000
230	10.91	2113	2093	0.00	195	0	0	0	97.02	0.00	0.00	3.92	84.83	89.09	0.00	38	0	42	0.00	0.00	66.11	7.44	0.00	0.00	2000
231	10.69	2122	2142	1.42	197	0	0	7	74.53	0.00	0.04	4.70	86.38	89.31	0.00	38	0	42	0.00	0.00	67.94	7.85	0.00	0.00	2000
228	11.11	2096	2058	0.02	195	0	0	0	nan	0.00	0.02	3.23	83.86	88.89	0.00	38	0	42	0.00	0.00	62.43	7.21	0.00	0.00	2000
237	11.13	2125	2108	0.00	223	0	0	0	nan	0.00	1.82	5.77	81.69	88.87	0.00	38	0	42	0.00	0.00	65.48	7.40	0.00	0.00	2000
229	11.19	2044	2102	0.00	194	0	0	0	nan	0.00	0.00	3.72	85.30	88.81	0.00	38	0	42	0.00	0.00	65.84	7.45	0.00	0.00	2000
233	11.12	2074	2118	0.00	195	0	0	0	nan	0.00	0.00	4.05	85.66	88.88	0.00	38	0	42	0.00	0.00	68.68	7.73	0.00	0.00	2000
229	11.15	2075	2078	0.00	194	0	0	0	nan	0.00	0.00	3.96	84.01	88.85	0.00	38	0	42	0.00	0.00	62.62	7.45	0.00	0.00	2000
229	11.17	2054	2095	0.00	195	0	0	0	nan	0.00	0.00	3.17	85.58	88.83	0.00	38	0	42	0.00	0.00	65.17	7.34	0.00	0.00	2000
228	10.63	2141	2098	0.00	194	0	0	0	nan	0.00	0.01	3.37	85.91	89.37	0.00	38	0	42	0.00	0.00	65.63	7.37	0.00	0.00	2000
230	11.03	2061	2128	0.00	195	0	0	0	nan	0.00	0.01	3.54	86.59	88.97	0.00	38	0	42	0.00	0.00	65.08	7.41	0.00	0.00	2000
229	11.32	2023	2103	0.00	194	0	0	0	nan	0.00	0.00	3.96	84.94	88.68	0.00	37	0	42	0.00	0.00	65.92	7.30	0.00	0.00	2000
229	11.07	2080	2093	0.00	194	0	0	0	nan	0.00	0.00	3.76	84.82	88.93	0.00	38	0	42	0.00	0.00	65.06	7.60	0.00	0.00	2000
228	11.25	2047	2077	0.00	195	0	0	0	nan	0.00	0.02	4.29	83.59	88.75	0.00	38	0	42	0.00	0.00	65.84	7.50	0.00	0.00	2000
236	11.12	2112	2111	0.00	210	0	0	0	nan	0.00	0.02	6.81	82.63	88.88	0.00	38	0	42	0.00	0.00	65.22	7.65	0.00	0.00	2000
230	10.92	2109	2097	0.00	196	0	0	0	nan	0.00	0.03	5.55	83.45	89.08	0.00	38	0	42	0.00	0.00	65.63	7.46	0.00	0.00	2000
231	11.24	2053	2100	0.00	196	0	0	0	nan	0.00	0.00	4.67	84.20	88.76	0.00	38	0	42	0.00	0.00	65.61	7.28	0.00	0.00	2000
229	11.13	2061	2100	0.00	194	0	0	0	nan	0.00	0.00	4.07	84.85	88.87	0.00	38	0	42	0.00	0.00	65.14	7.46	0.00	0.00	2000
230	10.95	2096	2100	0.00	194	0	0	0	nan	0.00	0.00	4.32	84.78	89.05	0.00	38	0	42	0.00	0.00	66.03	7.52	0.00	0.00	2000
228	10.82	2083	2125	1.10	195	0	0	6	63.23	0.00	0.00	4.09	86.21	89.18	0.00	38	0	42	0.00	0.00	65.66	7.32	0.00	0.00	2000
230	11.16	2069	2089	0.39	194	0	0	0	nan	0.00	0.00	4.09	84.26	88.84	0.00	38	0	42	0.00	0.00	65.57	7.59	0.00	0.00	2000
231	11.26	2064	2085	0.00	195	0	0	0	nan	0.00	0.00	3.71	84.50	88.74	0.00	38	0	42	0.00	0.00	65.60	7.49	0.00	0.00	2000
231	10.99	2080	2119	0.00	195	0	0	0	nan	0.00	0.00	4.63	85.24	89.01	0.00	38	0	42	0.00	0.00	65.62	7.68	0.00	0.00	2000
230	11.14	2093	2072	0.00	194	0	0	0	nan	0.00	0.00	3.83	83.88	88.86	0.00	38	0	42	0.00	0.00	65.50	7.49	0.00	0.00	2000
230	11.00	2055	2135	0.00	194	0	0	0	nan	0.00	0.00	3.98	86.59	89.00	0.00	38	0	42	0.00	0.00	65.72	7.39	0.00	0.00	2000
229	11.10	2070	2090	0.00	195	0	0	0	nan	0.00	0.00	4.12	84.40	88.90	0.00	38	0	42	0.00	0.00	65.67	7.55	0.00	0.00	2000
230	11.04	2094	2091	0.00	195	0	0	0	nan	0.00	0.00	4.38	84.28	88.96	0.00	38	0	42	0.00	0.00	65.56	7.36	0.00	0.00	2000
230	11.04	2101	2086	0.00	195	0	0	0	nan	0.00	0.00	3.95	84.42	88.96	0.00	38	0	42	0.00	0.00	65.65	7.35	0.00	0.00	2000
225	11.25	2086	2012	0.00	194	0	0	0	nan	0.00	0.00	3.77	81.34	88.75	0.00	38	0	42	0.00	0.00	60.82	6.91	0.00	0.00	2000
232	10.81	2047	2201	0.00	211	0	0	0	nan	0.01	0.00	2.90	90.60	89.19	0.00	38	0	42	0.00	0.00	70.90	7.92	0.00	0.00	2000
229	11.05	2037	2140	0.00	194	0	0	0	nan	0.00	0.02	3.45	87.30	88.95	0.00	38	0	42	0.00	0.00	66.61	7.59	0.00	0.00	2000
229	11.60	2013	2057	0.00	195	0	0	0	nan	0.00	0.00	3.79	83.00	88.40	0.00	38	0	42	0.00	0.00	64.56	7.39	0.00	0.00	2000
230	11.20	2031	2123	0.00	195	0	0	0	nan	0.00	0.00	3.25	86.65	88.80	0.00	37	0	42	0.00	0.00	65.32	7.43	0.00	0.00	2000
228	11.20	2036	2099	0.00	195	0	0	0	nan	0.00	0.00	3.81	85.04	88.80	0.00	37	0	42	0.00	0.00	65.54	7.63	0.00	0.00	2000
230	11.12	2089	2084	0.00	195	0	0	0	nan	0.00	0.00	3.66	84.70	88.88	0.00	38	0	42	0.00	0.00	66.07	7.40	0.00	0.00	2000
229	11.25	2035	2100	0.00	196	0	0	0	nan	0.00	0.00	4.31	84.53	88.75	0.00	38	0	42	0.00	0.00	65.14	7.48	0.00	0.00	2000
229	11.14	2046	2114	0.92	195	0	0	6	70.40	0.00	0.00	3.97	85.60	88.86	0.00	38	0	42	0.00	0.00	65.76	7.41	0.00	0.00	2000
229	11.10	2087	2079	0.56	195	0	0	0	84.58	0.00	0.00	5.09	83.01	88.90	0.00	38	0	42	0.00	0.00	65.23	7.47	0.00	0.00	2000
230	11.09	2053	2121	0.00	195	0	0	0	nan	0.01	0.00	3.63	86.25	88.91	0.00	38	0	42	0.00	0.00	65.78	7.54	0.00	0.00	2000
228	11.01	2089	2078	0.00	194	0	0	0	nan	0.00	0.00	4.15	84.03	88.99	0.00	38	0	42	0.00	0.00	65.03	7.43	0.00	0.00	2000
232	10.97	2096	2116	0.00	194	0	0	0	nan	0.00	0.01	3.64	86.18	89.03	0.00	38	0	42	0.00	0.00	65.55	7.42	0.00	0.00	2000
229	11.07	2074	2092	0.00	195	0	0	0	nan	0.00	0.00	4.57	84.14	88.93	0.00	38	0	42	0.00	0.00	64.97	7.49	0.00	0.00	2000
231	11.31	2045	2102	0.00	196	0	0	0	nan	0.00	0.02	4.67	84.22	88.69	0.00	38	0	42	0.00	0.00	65.50	7.59	0.00	0.00	2000
229	11.03	2084	2088	0.00	195	0	0	0	nan	0.00	0.00	4.24	84.36	88.97	0.00	38	0	42	0.00	0.00	65.10	7.47	0.00	0.00	2000
230	10.75	2133	2111	0.00	194	0	0	0	nan	0.00	0.03	3.23	86.56	89.25	0.00	38	0	42	0.00	0.00	65.53	7.43	0.00	0.00	2000
229	10.84	2104	2110	0.00	194	0	0	0	nan	0.00	0.00	3.59	85.92	89.16	0.00	38	0	42	0.00	0.00	65.60	7.51	0.00	0.00	2000
229	10.94	2071	2123	0.00	196	0	0	0	nan	0.00	0.00	4.72	85.42	89.06	0.00	37	0	42	0.00	0.00	65.65	7.39	0.00	0.00	2000
236	11.55	2054	2087	0.00	196	0	0	0	nan	0.00	0.00	3.22	84.71	88.45	0.00	38	0	42	0.00	0.00	65.57	7.41	0.00	0.00	2000
230	11.36	2034	2092	0.00	194	0	0	0	nan	0.00	0.00	4.47	83.88	88.64	0.00	38	0	42	0.00	0.00	65.82	7.46	0.00	0.00	2000
228	11.14	2070	2080	0.00	194	0	0	0	nan	0.00	0.00	3.82	84.22	88.86	0.00	38	0	42	0.00	0.00	65.49	7.48	0.00	0.00	2000
230	11.08	2080	2098	0.00	195	0	0	0	nan	0.00	0.00	4.48	84.48	88.92	0.00	37	0	42	0.00	0.00	64.94	7.33	0.00	0.00	2000
230	10.88	2055	2157	0.00	200	0	0	0	nan	0.00	0.00	4.78	86.80	89.12	0.00	38	0	42	0.00	0.00	67.17	7.55	0.00	0.00	2000
231	11.27	2056	2099	0.00	195	0	0	0	nan	0.00	0.00	4.22	84.56	88.73	0.00	38	0	42	0.00	0.00	65.19	7.53	0.00	0.00	2000
230	11.09	2079	2096	0.47	197	0	0	6	64.26	0.00	0.00	3.44	85.37	88.91	0.00	38	0	42	0.00	0.00	61.29	7.17	0.00	0.00	2000
226	11.45	2087	1984	0.96	197	0	0	3	81.12	0.00	0.00	3.57	80.19	88.55	0.00	38	0	42	0.00	0.00	61.98	7.12	0.00	0.00	2000
231	10.73	2084	2170	0.00	195	0	0	0	nan	0.00	0.00	2.74	89.64	89.27	0.00	38	0	42	0.00	0.00	70.70	8.06	0.00	0.00	2000
231	11.06	2081	2110	0.00	197	0	0	0	nan	0.01	0.00	4.05	85.41	88.94	0.00	38	0	42	0.00	0.00	65.83	7.40	0.00	0.00	2000
231	11.33	2020	2121	0.00	194	0	0	0	nan	0.00	0.00	3.51	86.21	88.67	0.00	38	0	42	0.00	0.00	65.46	7.60	0.00	0.00	2000
230	11.21	2053	2101	0.00	195	0	0	0	nan	0.00	0.00	4.12	84.83	88.79	0.00	38	0	42	0.00	0.00	65.30	7.72	0.00	0.00	2000
228	11.37	2032	2076	0.00	195	0	0	0	nan	0.00	0.00	3.77	84.00	88.63	0.00	38	0	42	0.00	0.00	65.03	7.48	0.00	0.00	2000
230	11.13	2051	2113	0.00	194	0	0	0	nan	0.00	0.00	3.69	85.80	88.87	0.00	38	0	42	0.00	0.00	65.23	7.62	0.00	0.00	2000
228	11.12	2053	2101	0.00	194	0	0	0	nan	0.00	0.00	3.99	85.07	88.88	0.00	38	0	42	0.00	0.00	65.36	7.50	0.00	0.00	2000
230	11.10	2072	2097	0.00	194	0	0	0	nan	0.00	0.00	4.54	84.29	88.90	0.00	38	0	42	0.00	0.00	65.46	7.43	0.00	0.00	2000
231	11.11	2074	2104	0.00	196	0	0	0	nan	0.00	0.00	5.00	84.21	88.89	0.00	38	0	42	0.00	0.00	65.33	7.40	0.00	0.00	2000
229	11.36	2032	2087	0.00	194	0	0	0	nan	0.00	0.00	4.41	83.77	88.64	0.00	38	0	42	0.00	0.00	64.85	7.42	0.00	0.00	2000
228	10.97	2088	2094	0.00	194	0	0	0	nan	0.00	0.00	3.60	85.27	89.03	0.00	38	0	42	0.00	0.00	65.26	7.46	0.00	0.00	2000
231	10.80	2098	2138	0.00	195	0	0	0	nan	0.00	0.02	4.01	86.85	89.20	0.00	38	0	42	0.00	0.00	65.52	7.34	0.00	0.00	2000
229	11.05	2087	2083	0.00	195	0	0	0	nan	0.00	0.00	3.22	85.04	88.95	0.00	38	0	42	0.00	0.00	65.44	7.41	0.00	0.00	2000
232	10.85	2141	2094	0.00	196	0	0	0	nan	0.00	0.00	4.52	84.43	89.15	0.00	38	0	42	0.00	0.00	65.84	7.34	0.00	0.00	2000
228	10.99	2097	2077	0.00	194	0	0	0	nan	0.00	0.00	3.92	84.26	89.01	0.00	38	0	42	0.00	0.00	62.65	7.10	0.00	0.00	2000
231	11.07	2059	2126	0.17	194	0	0	4	72.63	0.00	0.03	3.89	86.16	88.93	0.00	38	0	42	0.00	0.00	68.09	7.58	0.00	0.00	2000
228	11.14	2067	2081	1.24	195	0	0	3	79.21	0.00	0.00	3.83	84.35	88.86	0.00	37	0	42	0.00	0.00	65.01	7.02	0.00	0.00	2000
230	10.85	2116	2108	0.00	194	0	0	0	nan	0.00	0.00	4.32	85.19	89.15	0.00	38	0	42	0.00	0.00	65.56	7.92	0.00	0.00	2000
231	10.96	2096	2113	0.00	195	0	0	0	nan	0.00	0.00	4.46	85.14	89.04	0.00	37	0	42	0.00	0.00	61.08	6.81	0.00	0.00	2000
229	10.97	2114	2071	0.00	194	0	0	0	nan	0.00	0.00	3.32	84.57	89.03	0.00	38	0	42	0.00	0.00	63.75	7.22	0.00	0.00	2000
229	10.68	2134	2114	0.00	195	0	0	0	nan	0.00	0.00	3.12	86.82	89.32	0.00	38	0	42	0.00	0.00	67.94	7.79	0.00	0.00	2000
230	10.86	2085	2133	0.00	196	0	0	0	nan	0.00	0.01	4.73	85.92	89.14	0.00	38	0	42	0.00	0.00	68.10	7.64	0.00	0.00	2000
230	11.09	2060	2118	0.00	195	0	0	0	nan	0.00	0.02	3.72	85.96	88.91	0.00	37	0	42	0.00	0.00	61.52	7.15	0.00	0.00	2000
234	11.30	2081	2090	0.00	194	0	0	0	nan	0.00	0.00	3.28	85.05	88.70	0.00	38	0	42	0.00	0.00	65.37	7.46	0.00	0.00	2000
226	11.42	2051	2030	0.00	196	0	0	0	nan	0.00	0.00	2.84	82.95	88.58	0.00	38	0	42	0.00	0.00	62.92	7.19	0.00	0.00	2000
230	10.89	2077	2141	0.00	194	0	0	0	nan	0.00	0.00	3.18	87.70	89.11	0.00	38	0	42	0.00	0.00	68.27	7.64	0.00	0.00	2000
227	11.05	2072	2083	0.00	194	0	0	0	nan	0.00	0.00	3.45	84.90	88.95	0.00	38	0	42	0.00	0.00	62.38	7.10	0.00	0.00	2000
231	10.83	2115	2117	0.00	193	0	0	0	nan	0.00	0.01	3.56	86.31	89.17	0.00	38	0	42	0.00	0.00	70.47	7.66	0.00	0.00	2000
229	11.03	2088	2085	0.00	196	0	0	0	nan	0.00	0.00	3.95	84.48	88.97	0.00	38	0	42	0.00	0.00	59.58	7.10	0.00	0.00	2000
232	10.97	2100	2111	0.00	195	0	0	0	nan	0.01	0.00	3.98	85.55	89.03	0.00	38	0	42	0.00	0.00	65.23	7.41	0.00	0.00	2000
229	10.99	2056	2132	0.00	197	0	0	0	nan	0.00	0.00	5.36	85.06	89.01	0.00	38	0	42	0.00	0.00	68.73	7.72	0.00	0.00	2000
230	11.42	2036	2078	0.00	196	0	0	0	nan	0.00	0.00	3.70	83.93	88.58	0.00	37	0	42	0.00	0.00	62.36	7.08	0.00	0.00	2000
228	11.00	2094	2075	0.00	194	0	0	3	76.52	0.00	0.00	3.72	84.35	89.00	0.00	38	0	42	0.00	0.00	65.72	7.42	0.00	0.00	2000
232	10.66	2123	2152	1.34	195	0	0	5	75.99	0.00	0.02	4.00	87.61	89.34	0.00	38	0	42	0.00	0.00	68.52	7.69	0.00	0.00	2000
229	11.52	2015	2076	0.00	195	0	0	0	nan	0.00	0.01	3.48	84.06	88.48	0.00	38	0	42	0.00	0.00	63.11	7.13	0.00	0.00	2000
231	10.95	2102	2104	0.00	194	0	0	0	nan	0.00	0.00	4.47	84.73	89.05	0.00	38	0	42	0.00	0.00	68.56	7.48	0.00	0.00	2000
228	11.28	2039	2084	0.00	194	0	0	0	nan	0.00	0.00	3.90	84.24	88.72	0.00	38	0	42	0.00	0.00	62.91	7.54	0.00	0.00	2000
230	11.00	2087	2101	0.00	195	0	0	0	nan	0.00	0.00	4.29	84.80	89.00	0.00	38	0	42	0.00	0.00	65.07	7.66	0.00	0.00	2000
228	11.04	2077	2089	0.00	194	0	0	0	nan	0.00	0.00	4.08	84.51	88.96	0.00	38	0	42	0.00	0.00	65.67	7.44	0.00	0.00	2000
231	11.32	2006	2141	0.00	195	0	0	0	nan	0.00	0.01	3.93	86.59	88.68	0.00	38	0	42	0.00	0.00	68.84	7.78	0.00	0.00	2000
229	10.92	2112	2081	0.00	194	0	0	0	nan	0.00	0.00	3.84	84.42	89.08	0.00	38	0	42	0.00	0.00	62.47	7.16	0.00	0.00	2000
230	11.39	2029	2089	0.00	199	0	0	0	nan	0.00	0.00	5.71	82.54	88.61	0.00	38	0	42	0.00	0.00	65.40	7.32	0.00	0.00	2000
228	10.93	2094	2091	0.00	195	0	0	0	nan	0.00	0.00	4.22	84.60	89.07	0.00	38	0	42	0.00	0.00	65.67	7.70	0.00	0.00	2000
231	10.67	2147	2116	0.00	195	0	0	0	nan	0.00	0.00	3.87	86.15	89.33	0.00	38	0	42	0.00	0.00	65.74	7.41	0.00	0.00	2000
230	11.02	2089	2101	0.00	195	0	0	0	nan	0.00	0.00	4.57	84.49	88.98	0.00	38	0	42	0.00	0.00	65.51	7.31	0.00	0.00	2000
230	11.00	2090	2105	0.00	195	0	0	0	nan	0.00	0.00	4.93	84.30	89.00	0.00	38	0	42	0.00	0.00	65.67	7.49	0.00	0.00	2000
229	11.07	2080	2086	0.00	194	0	0	0	nan	0.00	0.00	4.44	83.98	88.93	0.00	38	0	42	0.00	0.00	65.91	7.37	0.00	0.00	2000
230	10.85	2115	2101	0.00	194	0	0	0	nan	0.00	0.00	4.38	84.86	89.15	0.00	38	0	42	0.00	0.00	65.80	7.46	0.00	0.00	2000
228	10.79	2119	2096	0.00	194	0	0	0	nan	0.00	0.00	3.44	85.70	89.21	0.00	38	0	42	0.00	0.00	65.69	7.36	0.00	0.00	2000
232	11.15	2071	2112	0.00	196	0	0	2	85.08	0.00	0.01	4.00	85.47	88.85	0.00	38	0	42	0.00	0.00	65.45	7.50	0.00	0.00	2000
229	11.01	2094	2082	1.42	194	0	0	6	76.15	0.00	0.00	3.85	84.46	88.99	0.00	38	0	42	0.00	0.00	65.88	7.35	0.00	0.00	2000
230	11.03	2076	2107	0.00	195	0	0	0	nan	0.00	0.00	3.58	85.73	88.97	0.00	38	0	42	0.00	0.00	65.56	7.33	0.00	0.00	2000
230	10.88	2115	2099	0.00	194	0	0	0	nan	0.01	0.00	3.04	86.07	89.12	0.00	37	0	42	0.00	0.00	65.41	7.30	0.00	0.00	2000
230	11.07	2069	2112	0.00	195	0	0	0	nan	0.00	0.00	4.42	85.06	88.93	0.00	38	0	42	0.00	0.00	65.44	7.49	0.00	0.00	2000
228	11.21	2053	2081	0.00	194	0	0	0	nan	0.00	0.00	3.84	84.23	88.79	0.00	38	0	42	0.00	0.00	65.18	7.55	0.00	0.00	2000
232	10.81	2114	2134	0.00	195	0	0	0	nan	0.00	0.01	3.72	86.89	89.19	0.00	38	0	42	0.00	0.00	65.35	7.70	0.00	0.00	2000
229	11.23	2070	2068	0.00	194	0	0	0	nan	0.00	0.00	3.58	83.90	88.77	0.00	38	0	42	0.00	0.00	65.30	7.38	0.00	0.00	2000
229	10.84	2071	2144	0.00	194	0	0	0	nan	0.00	0.00	3.39	87.69	89.16	0.00	38	0	42	0.00	0.00	65.58	7.60	0.00	0.00	2000
229	11.08	2096	2067	0.00	195	0	0	0	nan	0.00	0.02	3.93	83.68	88.92	0.00	38	0	42	0.00	0.00	65.57	7.50	0.00	0.00	2000
229	11.14	2029	2131	0.00	194	0	0	0	nan	0.00	0.00	3.87	86.49	88.86	0.00	38	0	42	0.00	0.00	65.20	7.46	0.00	0.00	2000
230	11.15	2086	2075	0.00	195	0	0	0	nan	0.00	0.01	3.45	84.36	88.85	0.00	38	0	42	0.00	0.00	65.62	7.47	0.00	0.00	2000
229	11.30	2028	2103	0.00	194	0	0	0	nan	0.00	0.00	3.69	85.26	88.70	0.00	38	0	42	0.00	0.00	65.16	7.48	0.00	0.00	2000
229	11.44	2002	2101	0.00	197	0	0	0	nan	0.00	0.03	5.24	83.54	88.56	0.00	38	0	42	0.00	0.00	65.08	7.43	0.00	0.00	2000
229	11.37	2017	2100	0.00	195	0	0	0	nan	0.00	0.00	4.40	84.38	88.63	0.00	38	0	42	0.00	0.00	65.00	7.41	0.00	0.00	2000
228	11.10	2079	2075	0.00	195	0	0	0	nan	0.00	0.00	4.63	83.31	88.90	0.00	38	0	42	0.00	0.00	65.69	7.48	0.00	0.00	2000
232	11.09	2077	2113	0.00	195	0	0	0	nan	0.00	0.02	4.01	85.64	88.91	0.00	38	0	42	0.00	0.00	61.95	7.40	0.00	0.00	2000
230	10.89	2097	2114	0.00	195	0	0	0	nan	0.00	0.00	4.43	85.33	89.11	0.00	38	0	42	0.00	0.00	69.09	7.48	0.00	0.00	2000
229	11.06	2057	2117	1.27	194	0	0	6	72.94	0.00	0.00	4.17	85.58	88.94	0.00	38	0	42	0.00	0.00	65.68	7.55	0.00	0.00	2000
228	11.17	2080	2060	0.21	194	0	0	0	nan	0.00	0.00	3.68	83.58	88.83	0.00	38	0	42	0.00	0.00	64.73	7.44	0.00	0.00	2000
231	10.84	2118	2115	0.00	194	0	0	0	nan	0.00	0.00	3.92	85.91	89.16	0.00	38	0	42	0.00	0.00	66.15	7.41	0.00	0.00	2000
232	10.96	2118	2096	0.00	195	0	0	0	nan	0.00	0.00	5.01	83.94	89.04	0.00	38	0	42	0.00	0.00	65.79	7.29	0.00	0.00	2000
230	10.90	2082	2131	0.00	196	0	0	0	nan	0.00	0.00	3.76	86.74	89.10	0.00	37	0	42	0.00	0.00	65.24	7.31	0.00	0.00	2000
228	11.04	2104	2066	0.00	196	0	0	0	nan	0.00	0.00	2.99	84.54	88.96	0.00	38	0	42	0.00	0.00	65.31	7.30	0.00	0.00	2000
229	10.98	2055	2135	0.00	194	0	0	0	nan	0.00	0.00	3.73	86.88	89.02	0.00	38	0	42	0.00	0.00	65.33	7.34	0.00	0.00	2000
227	11.41	2026	2065	0.00	194	0	0	0	nan	0.00	0.00	3.76	83.44	88.59	0.00	38	0	42	0.00	0.00	64.83	7.42	0.00	0.00	2000
235	11.37	2060	2106	0.00	196	0	0	0	nan	0.00	0.00	4.44	84.60	88.63	0.00	38	0	42	0.00	0.00	65.92	7.36	0.00	0.00	2000
230	11.10	2061	2111	0.00	195	0	0	0	nan	0.00	0.00	5.19	84.35	88.90	0.00	38	0	42	0.00	0.00	65.35	7.22	0.00	0.00	2000
229	11.05	2068	2106	0.00	194	0	0	0	nan	0.00	0.00	4.31	84.86	88.95	0.00	38	0	42	0.00	0.00	65.49	7.43	0.00	0.00	2000
230	11.17	2061	2094	0.00	194	0	0	0	nan	0.00	0.00	4.41	84.27	88.83	0.00	38	0	42	0.00	0.00	65.71	7.61	0.00	0.00	2000
229	11.34	2046	2073	0.00	195	0	0	0	nan	0.00	0.00	4.12	83.51	88.66	0.00	38	0	42	0.00	0.00	64.73	7.28	0.00	0.00	2000
229	10.74	2131	2101	0.00	195	0	0	0	nan	0.00	0.00	4.07	85.26	89.26	0.00	38	0	42	0.00	0.00	65.02	7.46	0.00	0.00	2000
231	11.29	2027	2124	0.00	196	0	0	0	nan	0.00	0.00	4.32	85.53	88.71	0.00	38	0	42	0.00	0.00	65.42	7.59	0.00	0.00	2000
228	11.32	2020	2095	0.00	195	0	0	0	nan	0.00	0.00	4.12	84.44	88.68	0.00	38	0	42	0.00	0.00	65.11	7.38	0.00	0.00	2000
230	11.23	2057	2091	0.00	195	0	0	0	nan	0.00	0.00	3.90	84.61	88.77	0.00	38	0	42	0.00	0.00	65.15	7.49	0.00	0.00	2000
229	10.68	2149	2092	0.92	194	0	0	6	73.45	0.00	0.00	4.29	84.64	89.32	0.00	38	0	42	0.00	0.00	65.21	7.52	0.00	0.00	2000
230	11.10	2058	2115	0.55	194	0	0	0	90.41	0.00	0.02	3.97	85.61	88.90	0.00	38	0	42	0.00	0.00	65.54	7.35	0.00	0.00	2000
231	11.37	2026	2108	0.00	194	0	0	0	nan	0.00	0.00	4.59	84.43	88.63	0.00	38	0	42	0.00	0.00	65.59	7.41	0.00	0.00	2000
229	11.24	2021	2118	0.00	195	0	0	0	nan	0.00	0.00	4.46	85.18	88.76	0.00	38	0	42	0.00	0.00	65.26	7.44	0.00	0.00	2000
231	11.23	2081	2073	0.00	195	0	0	0	nan	0.00	0.02	3.52	84.09	88.77	0.00	38	0	42	0.00	0.00	65.80	7.78	0.00	0.00	2000
230	11.07	2085	2094	0.00	194	0	0	0	nan	0.00	0.00	4.73	84.03	88.93	0.00	38	0	42	0.00	0.00	64.94	7.46	0.00	0.00	2000
227	10.70	2132	2093	0.00	194	0	0	0	nan	0.00	0.00	4.21	84.73	89.30	0.00	38	0	42	0.00	0.00	64.69	7.30	0.00	0.00	2000
232	10.99	2105	2109	0.00	196	0	0	0	nan	0.00	0.02	4.81	84.65	89.01	0.00	38	0	42	0.00	0.00	65.10	7.50	0.00	0.00	2000
230	10.96	2070	2126	0.00	194	0	0	0	nan	0.00	0.00	4.31	85.90	89.04	0.00	38	0	42	0.00	0.00	64.99	7.40	0.00	0.00	2000
229	11.44	2024	2082	0.00	194	0	0	0	nan	0.00	0.00	3.63	84.22	88.56	0.00	38	0	42	0.00	0.00	65.48	7.52	0.00	0.00	2000
228	10.77	2134	2080	0.00	194	0	0	0	nan	0.00	0.01	4.10	84.29	89.23	0.00	38	0	42	0.00	0.00	65.23	7.43	0.00	0.00	2000
230	10.63	2120	2145	0.00	195	0	0	0	nan	0.00	0.01	3.52	87.77	89.37	0.00	37	0	42	0.00	0.00	65.89	7.54	0.00	0.00	2000
228	11.19	2080	2057	0.00	194	0	0	0	nan	0.00	0.00	3.00	84.03	88.81	0.00	38	0	42	0.00	0.00	65.32	7.65	0.00	0.00	2000
232	11.14	2037	2143	0.00	194	0	0	0	nan	0.00	0.00	3.81	87.00	88.86	0.00	38	0	42	0.00	0.00	65.46	7.44	0.00	0.00	2000
227	11.36	2050	2050	0.00	194	0	0	0	nan	0.00	0.00	3.72	82.91	88.64	0.00	38	0	42	0.00	0.00	62.38	7.08	0.00	0.00	2000
231	10.86	2073	2153	0.00	195	0	0	0	nan	0.00	0.00	4.57	86.88	89.14	0.00	38	0	42	0.00	0.00	67.78	7.83	0.00	0.00	2000
228	11.16	2079	2063	0.00	194	0	0	0	nan	0.00	0.00	3.73	83.53	88.84	0.00	38	0	42	0.00	0.00	65.49	7.42	0.00	0.00	2000
230	11.13	2036	2133	0.58	194	0	0	6	72.65	0.00	0.00	4.63	85.72	88.87	0.00	38	0	42	0.00	0.00	65.35	7.63	0.00	0.00	2000
232	11.39	2064	2071	0.88	195	0	0	2	86.46	0.00	0.02	4.08	83.30	88.61	0.00	38	0	42	0.00	0.00	65.52	7.43	0.00	0.00	2000
231	11.15	2055	2114	0.00	197	0	0	0	nan	0.00	0.00	6.14	83.38	88.85	0.00	38	0	42	0.00	0.00	65.49	7.54	0.00	0.00	2000
228	11.32	2045	2067	0.00	196	0	0	0	nan	0.00	0.03	5.09	82.26	88.68	0.00	38	0	41	0.00	0.00	59.93	6.82	0.00	0.00	2000
231	10.76	2123	2123	0.00	194	0	0	0	nan	0.00	0.00	4.03	86.17	89.24	0.00	38	0	42	0.00	0.00	70.82	8.15	0.00	0.00	2000
228	10.99	2086	2093	0.00	194	0	0	0	nan	0.00	0.00	3.92	84.90	89.01	0.00	38	0	42	0.00	0.00	62.61	7.17	0.00	0.00	2000
232	11.18	2054	2117	0.00	195	0	0	0	nan	0.00	0.00	4.01	85.64	88.82	0.00	38	0	42	0.00	0.00	68.32	7.91	0.00	0.00	2000
228	11.26	2053	2067	0.00	195	0	0	0	nan	0.00	0.00	5.17	82.26	88.74	0.00	38	0	42	0.00	0.00	59.70	6.88	0.00	0.00	2000
239	11.20	2108	2123	0.00	193	0	0	0	nan	0.00	0.02	4.45	85.31	88.80	0.00	38	0	42	0.00	0.00	68.60	7.83	0.00	0.00	2000
228	10.92	2095	2091	0.00	194	0	0	0	nan	0.00	0.00	3.56	85.21	89.08	0.00	38	0	42	0.00	0.00	65.31	7.24	0.00	0.00	2000
230	11.06	2075	2101	0.00	194	0	0	0	nan	0.00	0.00	4.92	84.18	88.94	0.00	38	0	41	0.00	0.00	65.03	7.53	0.00	0.00	2000
230	10.86	2139	2082	0.00	196	0	0	0	nan	0.00	0.00	5.52	82.83	89.14	0.00	38	0	42	0.00	0.00	62.34	7.10	0.00	0.00	2000
231	10.81	2092	2143	0.00	194	0	0	0	nan	0.00	0.00	4.53	86.52	89.19	0.00	38	0	42	0.00	0.00	68.10	7.69	0.00	0.00	2000
229	11.21	2072	2074	0.00	198	0	0	0	nan	0.00	0.00	5.02	82.81	88.79	0.00	38	0	42	0.00	0.00	62.75	7.08	0.00	0.00	2000
229	10.83	2121	2098	0.00	194	0	0	0	nan	0.00	0.00	5.07	84.05	89.17	0.00	38	0	42	0.00	0.00	64.52	7.49	0.00	0.00	2000
229	10.61	2166	2095	0.00	195	0	0	0	nan	0.00	0.00	4.50	84.64	89.39	0.00	38	0	42	0.00	0.00	65.36	7.59	0.00	0.00	2000
232	11.03	2085	2118	0.00	195	0	0	0	nan	0.00	0.00	4.33	85.45	88.97	0.00	38	0	42	0.00	0.00	68.37	7.83	0.00	0.00	2000
229	11.08	2058	2105	0.18	194	0	0	4	74.91	0.00	0.00	3.97	85.29	88.92	0.00	38	0	41	0.00	0.00	65.84	7.49	0.00	0.00	2000
233	11.19	2093	2084	1.21	195	0	0	4	79.62	0.00	0.00	4.82	83.41	88.81	0.00	38	0	42	0.00	0.00	62.38	7.37	0.00	0.00	2000
229	10.97	2092	2097	0.00	195	0	0	0	nan	0.00	0.00	4.84	84.19	89.03	0.00	38	0	42	0.00	0.00	64.62	7.61	0.00	0.00	2000
229	11.03	2074	2104	0.00	193	0	0	0	nan	0.00	0.00	3.97	85.25	88.97	0.00	37	0	42	0.00	0.00	65.38	7.60	0.00	0.00	2000
228	10.97	2085	2091	0.00	194	0	0	0	nan	0.00	0.00	4.43	84.21	89.03	0.00	38	0	42	0.00	0.00	64.98	7.82	0.00	0.00	2000
232	10.82	2103	2144	0.00	197	0	0	0	nan	0.00	0.02	5.09	85.99	89.18	0.00	38	0	42	0.00	0.00	68.63	7.66	0.00	0.00	2000
228	11.14	2098	2048	0.00	196	0	0	0	nan	0.00	0.01	4.72	81.98	88.86	0.00	38	0	42	0.00	0.00	62.39	7.16	0.00	0.00	2000
231	10.94	2094	2116	0.00	195	0	0	0	nan	0.00	0.02	3.98	85.80	89.06	0.00	38	0	42	0.00	0.00	64.89	7.54	0.00	0.00	2000
229	11.08	2073	2090	0.00	194	0	0	0	nan	0.00	0.00	4.36	84.17	88.92	0.00	38	0	42	0.00	0.00	65.24	7.41	0.00	0.00	2000
230	10.60	2135	2134	0.00	194	0	0	0	nan	0.00	0.00	3.94	86.88	89.40	0.00	38	0	42	0.00	0.00	65.66	7.56	0.00	0.00	2000
230	10.83	2154	2068	0.00	196	0	0	0	nan	0.00	0.02	4.63	83.19	89.17	0.00	38	0	42	0.00	0.00	65.32	7.33	0.00	0.00	2000
230	10.76	2131	2109	0.00	195	0	0	0	nan	0.00	0.01	3.72	85.88	89.24	0.00	38	0	42	0.00	0.00	65.20	7.60	0.00	0.00	2000
234	10.79	2170	2098	0.00	210	0	0	0	nan	0.00	0.00	7.63	81.48	89.21	0.00	38	0	42	0.00	0.00	66.00	7.55	0.00	0.00	2000
229	10.70	2143	2100	0.00	194	0	0	0	nan	0.00	0.00	4.08	85.23	89.30	0.00	38	0	42	0.00	0.00	64.97	7.43	0.00	0.00	2000
229	10.84	2118	2094	0.00	194	0	0	0	nan	0.00	0.00	3.99	84.95	89.16	0.00	38	0	42	0.00	0.00	65.42	7.53	0.00	0.00	2000
232	11.01	2058	2146	0.00	195	0	0	0	nan	0.00	0.02	4.19	86.78	88.99	0.00	38	0	42	0.00	0.00	67.85	7.74	0.00	0.00	2000
226	11.40	2037	2048	0.00	194	0	0	0	nan	0.00	0.00	3.31	83.16	88.60	0.00	38	0	42	0.00	0.00	62.47	7.09	0.00	0.00	2000
230	10.81	2076	2150	0.00	194	0	0	3	69.26	0.00	0.02	4.14	87.22	89.19	0.00	38	0	42	0.00	0.00	68.00	7.63	0.00	0.00	2000
232	11.07	2086	2106	1.39	194	0	0	5	79.16	0.00	0.02	4.01	85.24	88.93	0.00	38	0	42	0.00	0.00	64.30	7.44	0.00	0.00	2000
228	11.04	2137	2030	0.00	194	0	0	0	nan	0.00	0.02	3.62	82.40	88.96	0.00	37	0	42	0.00	0.00	63.89	7.31	0.00	0.00	2000
231	11.40	1997	2129	0.00	195	0	0	0	nan	0.00	0.00	3.84	86.17	88.60	0.00	38	0	42	0.00	0.00	65.12	7.40	0.00	0.00	2000
230	11.10	2038	2134	0.00	194	0	0	0	nan	0.00	0.00	4.03	86.46	88.90	0.00	38	0	42	0.00	0.00	67.77	7.73	0.00	0.00	2000
228	11.48	2021	2062	0.00	194	0	0	0	nan	0.00	0.00	4.10	82.92	88.52	0.00	38	0	42	0.00	0.00	62.06	7.06	0.00	0.00	2000
230	11.34	2020	2108	0.00	195	0	0	0	nan	0.00	0.01	4.25	84.96	88.66	0.00	38	0	42	0.00	0.00	64.83	7.52	0.00	0.00	2000
228	11.29	2019	2104	0.00	194	0	0	0	nan	0.00	0.00	4.43	84.63	88.71	0.00	38	0	42	0.00	0.00	65.11	7.38	0.00	0.00	2000
230	10.94	2086	2121	0.00	195	0	0	0	nan	0.00	0.00	3.92	86.10	89.06	0.00	38	0	42	0.00	0.00	65.52	7.27	0.00	0.00	2000
229	11.75	1994	2055	0.00	211	0	0	0	nan	0.00	0.00	6.47	80.10	88.25	0.00	38	0	42	0.00	0.00	64.36	7.52	0.00	0.00	2000
230	10.85	2069	2154	0.00	195	0	0	0	nan	0.00	0.02	3.78	87.70	89.15	0.00	38	0	42	0.00	0.00	68.12	7.71	0.00	0.00	2000
227	11.51	1992	2080	0.00	194	0	0	0	nan	0.00	0.02	3.62	84.19	88.49	0.00	37	0	42	0.00	0.00	62.43	7.21	0.00	0.00	2000
230	11.29	2041	2096	0.00	194	0	0	0	nan	0.00	0.00	4.66	83.93	88.71	0.00	38	0	42	0.00	0.00	65.77	7.40	0.00	0.00	2000
229	11.33	2042	2077	0.00	195	0	0	0	nan	0.00	0.00	5.18	82.62	88.67	0.00	38	0	42	0.00	0.00	64.78	7.47	0.00	0.00	2000
232	10.98	2099	2117	0.00	196	0	0	0	nan	0.00	0.00	4.54	85.16	89.02	0.00	38	0	42	0.00	0.00	65.29	7.34	0.00	0.00	2000
228	11.12	2062	2091	0.00	194	0	0	0	nan	0.00	0.00	5.10	83.56	88.88	0.00	38	0	42	0.00	0.00	64.94	7.46	0.00	0.00	2000
229	11.10	2057	2108	0.00	194	0	0	0	nan	0.00	0.02	4.57	84.74	88.90	0.00	38	0	42	0.00	0.00	65.41	7.46	0.00	0.00	2000
228	10.93	2074	2113	0.00	194	0	0	1	80.56	0.00	0.02	4.45	85.26	89.07	0.00	38	0	42	0.00	0.00	65.45	7.49	0.00	0.00	2000
231	10.86	2115	2116	1.42	195	0	0	7	75.02	0.00	0.00	4.34	85.48	89.14	0.00	38	0	42	0.00	0.00	65.52	7.38	0.00	0.00	2000
232	11.27	2088	2067	0.00	196	0	0	0	nan	0.00	0.02	3.49	83.89	88.73	0.00	38	0	42	0.00	0.00	65.66	7.54	0.00	0.00	2000
230	11.12	2037	2132	0.00	195	0	0	0	nan	0.00	0.00	3.77	86.56	88.88	0.00	38	0	42	0.00	0.00	65.29	7.27	0.00	0.00	2000
228	11.45	2026	2066	0.00	193	0	0	0	nan	0.00	0.00	3.46	83.73	88.55	0.00	38	0	42	0.00	0.00	65.23	7.84	0.00	0.00	2000
229	11.30	2021	2101	0.00	194	0	0	0	nan	0.00	0.00	4.32	84.59	88.70	0.00	38	0	42	0.00	0.00	65.51	7.40	0.00	0.00	2000
231	10.92	2078	2141	0.00	195	0	0	0	nan	0.00	0.00	4.54	86.37	89.08	0.00	38	0	42	0.00	0.00	67.99	7.85	0.00	0.00	2000
235	11.69	2100	2009	0.00	197	0	0	0	nan	0.00	0.00	3.91	80.68	88.31	0.00	38	0	42	0.00	0.00	61.17	6.97	0.00	0.00	2000
232	10.56	2106	2191	0.00	194	0	0	0	nan	0.00	0.00	3.11	90.37	89.44	0.00	38	0	42	0.00	0.00	69.71	8.12	0.00	0.00	2000
228	11.02	2126	2039	0.00	194	0	0	0	nan	0.00	0.02	3.10	83.33	88.98	0.00	38	0	42	0.00	0.00	63.87	7.32	0.00	0.00	2000
230	10.65	2102	2163	0.00	195	0	0	0	nan	0.00	0.00	3.79	88.27	89.35	0.00	38	0	42	0.00	0.00	67.24	7.63	0.00	0.00	2000
228	10.99	2134	2045	0.00	193	0	0	0	nan	0.00	0.01	3.16	83.59	89.01	0.00	38	0	42	0.00	0.00	61.17	7.01	0.00	0.00	2000
232	10.95	2083	2136	0.00	197	0	0	0	nan	0.00	0.00	5.75	84.90	89.05	0.00	38	0	42	0.00	0.00	68.25	7.68	0.00	0.00	2000
229	10.68	2128	2119	0.00	196	0	0	0	nan	0.00	0.00	4.03	86.20	89.32	0.00	38	0	42	0.00	0.00	65.54	7.45	0.00	0.00	2000
229	11.29	2065	2060	0.00	201	0	0	0	nan	0.00	0.00	3.50	83.63	88.71	0.00	38	0	42	0.00	0.00	65.15	7.56	0.00	0.00	2000
229	10.97	2061	2128	0.00	194	0	0	0	nan	0.00	0.02	3.44	86.83	89.03	0.00	38	0	42	0.00	0.00	65.73	7.33	0.00	0.00	2000
228	11.39	2025	2076	0.00	193	0	0	0	nan	0.00	0.00	4.33	83.39	88.61	0.00	38	0	42	0.00	0.00	64.62	7.35	0.00	0.00	2000
230	11.06	2072	2110	0.00	194	0	0	0	nan	0.01	0.00	4.18	85.22	88.94	0.00	38	0	42	0.00	0.00	65.44	7.53	0.00	0.00	2000
232	11.15	2086	2093	1.25	196	0	0	6	68.86	0.00	0.00	4.68	83.97	88.85	0.00	38	0	42	0.00	0.00	65.27	7.38	0.00	0.00	2000
230	11.12	2070	2104	0.22	194	0	0	0	nan	0.00	0.00	4.44	84.82	88.88	0.00	38	0	42	0.00	0.00	65.46	7.61	0.00	0.00	2000
229	10.98	2072	2111	0.00	194	0	0	0	nan	0.00	0.00	4.56	84.91	89.02	0.00	38	0	42	0.00	0.00	65.11	7.45	0.00	0.00	2000
230	11.11	2080	2090	0.00	194	0	0	0	nan	0.00	0.00	4.44	84.11	88.89	0.00	38	0	42	0.00	0.00	65.50	7.56	0.00	0.00	2000
228	11.12	2054	2098	0.00	195	0	0	0	nan	0.00	0.00	4.92	83.96	88.88	0.00	37	0	42	0.00	0.00	65.27	7.47	0.00	0.00	2000
231	10.91	2113	2108	0.00	196	0	0	0	nan	0.00	0.01	4.69	84.76	89.09	0.00	37	0	42	0.00	0.00	65.92	7.37	0.00	0.00	2000
229	11.17	2070	2079	0.00	194	0	0	0	nan	0.00	0.00	4.65	83.39	88.83	0.00	38	0	42	0.00	0.00	65.73	7.55	0.00	0.00	2000
230	10.81	2101	2126	0.00	194	0	0	0	nan	0.00	0.00	3.27	87.02	89.19	0.00	37	0	42	0.00	0.00	65.46	7.29	0.00	0.00	2000
228	11.22	2051	2084	0.00	194	0	0	0	nan	0.00	0.00	4.50	83.61	88.78	0.00	38	0	42	0.00	0.00	65.11	7.43	0.00	0.00	2000
230	11.25	2007	2135	0.00	195	0	0	0	nan	0.00	0.00	4.96	85.40	88.75	0.00	38	0	42	0.00	0.00	65.22	7.57	0.00	0.00	2000
230	11.26	2056	2083	0.00	194	0	0	0	nan	0.00	0.02	3.62	84.44	88.74	0.00	37	0	42	0.00	0.00	65.28	7.56	0.00	0.00	2000
230	11.23	2061	2086	0.00	194	0	0	0	nan	0.00	0.00	4.45	83.76	88.77	0.00	37	0	42	0.00	0.00	65.05	7.48	0.00	0.00	2000
228	10.99	2088	2085	0.00	194	0	0	0	nan	0.00	0.00	4.64	83.78	89.01	0.00	38	0	42	0.00	0.00	62.89	7.06	0.00	0.00	2000
231	10.80	2128	2109	0.00	195	0	0	0	nan	0.00	0.02	4.76	84.88	89.20	0.00	38	0	42	0.00	0.00	65.72	7.46	0.00	0.00	2000
229	11.18	2050	2100	0.00	194	0	0	0	nan	0.00	0.00	4.28	84.72	88.82	0.00	38	0	42	0.00	0.00	65.22	7.23	0.00	0.00	2000
232	11.07	2096	2101	0.00	198	0	0	0	nan	0.00	0.00	5.14	83.88	88.93	0.00	38	0	42	0.00	0.00	65.64	7.36	0.00	0.00	2000
230	11.17	2045	2118	0.00	194	0	0	0	nan	0.01	0.00	3.87	85.89	88.83	0.00	38	0	42	0.00	0.00	67.82	7.64	0.00	0.00	2000
230	10.98	2109	2086	0.93	195	0	0	6	71.95	0.00	0.00	5.22	83.25	89.02	0.00	38	0	42	0.00	0.00	63.02	7.02	0.00	0.00	2000
229	10.78	2137	2089	0.55	194	0	0	0	88.08	0.00	0.00	4.56	84.24	89.22	0.00	38	0	42	0.00	0.00	65.76	7.40	0.00	0.00	2000
230	10.88	2075	2142	0.00	194	0	0	0	nan	0.00	0.00	3.31	87.63	89.12	0.00	38	0	42	0.00	0.00	68.44	7.71	0.00	0.00	2000
228	11.03	2118	2050	0.00	194	0	0	0	nan	0.00	0.00	3.13	83.75	88.97	0.00	37	0	42	0.00	0.00	62.77	7.03	0.00	0.00	2000
232	11.01	2093	2118	0.00	196	0	0	0	nan	0.00	0.02	3.57	86.21	88.99	0.00	38	0	42	0.00	0.00	68.16	7.88	0.00	0.00	2000
227	10.87	2101	2090	0.00	194	0	0	0	nan	0.00	0.00	4.38	84.37	89.13	0.00	38	0	42	0.00	0.00	63.01	7.09	0.00	0.00	2000
226	11.14	2114	2013	0.00	194	0	0	0	nan	0.00	0.01	3.89	81.23	88.86	0.00	38	0	42	0.00	0.00	63.00	6.92	0.00	0.00	2000
234	11.00	2022	2206	0.00	210	0	0	0	nan	0.00	0.00	3.01	90.50	89.00	0.00	38	0	42	0.00	0.00	68.37	7.57	0.00	0.00	2000
232	11.13	2055	2128	0.00	196	0	0	0	nan	0.00	0.00	4.58	85.49	88.87	0.00	38	0	42	0.00	0.00	65.65	7.27	0.00	0.00	2000
232	11.10	2133	2059	0.00	197	0	0	0	nan	0.00	0.00	5.55	81.62	88.90	0.00	37	0	42	0.00	0.00	66.71	7.39	0.00	0.00	2000
231	11.00	2055	2144	0.00	198	0	0	0	nan	0.01	0.00	5.61	85.30	89.00	0.00	37	0	42	0.00	0.00	65.40	7.20	0.00	0.00	2000
228	11.15	2091	2057	0.00	195	0	0	0	nan	0.00	0.02	3.63	83.30	88.85	0.00	38	0	42	0.00	0.00	65.66	7.23	0.00	0.00	2000
230	10.76	2130	2110	0.00	195	0	0	0	nan	0.00	0.00	4.10	85.58	89.24	0.00	38	0	42	0.00	0.00	65.79	7.38	0.00	0.00	2000
232	10.95	2087	2129	0.00	195	0	0	0	nan	0.00	0.02	4.37	85.92	89.05	0.00	38	0	42	0.00	0.00	65.47	7.24	0.00	0.00	2000
231	11.09	2090	2090	0.00	195	0	0	0	nan	0.00	0.00	3.94	84.57	88.91	0.00	38	0	42	0.00	0.00	65.82	7.34	0.00	0.00	2000
228	11.18	2055	2081	0.00	194	0	0	0	nan	0.00	0.00	4.16	83.91	88.82	0.00	38	0	42	0.00	0.00	65.16	7.11	0.00	0.00	2000
231	11.16	2063	2106	0.00	193	0	0	0	nan	0.00	0.00	3.91	85.34	88.84	0.00	38	0	42	0.00	0.00	65.48	7.25	0.00	0.00	2000
228	11.08	2074	2082	0.76	195	0	0	6	72.59	0.00	0.02	4.60	83.55	88.92	0.00	38	0	42	0.00	0.00	62.76	6.96	0.00	0.00	2000
233	11.01	2105	2110	0.72	197	0	0	1	88.41	0.00	0.01	5.37	84.07	88.99	0.00	38	0	42	0.00	0.00	65.86	7.11	0.00	0.00	2000
231	11.03	2082	2112	0.00	196	0	0	0	nan	0.00	0.00	4.70	84.73	88.97	0.00	38	0	42	0.00	0.00	68.92	7.62	0.00	0.00	2000
227	10.95	2080	2092	0.00	195	0	0	0	nan	0.00	0.00	4.74	84.02	89.05	0.00	39	0	42	0.00	0.00	64.27	7.20	0.00	0.00	2000
230	10.91	2086	2125	0.00	195	0	0	0	nan	0.00	0.00	5.01	85.19	89.09	0.00	40	0	42	0.00	0.00	65.91	7.49	0.00	0.00	2000
229	11.49	1988	2104	0.00	195	0	0	0	nan	0.00	0.00	3.84	84.94	88.51	0.00	40	0	42	0.00	0.00	65.42	7.33	0.00	0.00	2000
228	11.07	2067	2091	0.00	194	0	0	0	nan	0.00	0.04	4.12	84.38	88.93	0.00	41	0	42	0.00	0.00	65.81	7.37	0.00	0.00	2000
233	11.40	2052	2090	0.00	195	0	0	0	nan	0.00	0.00	4.32	83.87	88.60	0.00	40	0	42	0.00	0.00	65.82	7.41	0.00	0.00	2000
228	11.04	2053	2112	0.00	195	0	0	0	nan	0.00	0.00	4.63	84.94	88.96	0.00	40	0	42	0.00	0.00	65.69	7.45	0.00	0.00	2000
229	11.17	2047	2105	0.00	194	0	0	0	nan	0.00	0.00	3.72	85.42	88.83	0.00	41	0	42	0.00	0.00	65.48	7.42	0.00	0.00	2000
228	10.95	2083	2096	0.00	194	0	0	0	nan	0.00	0.02	4.11	84.81	89.05	0.00	40	0	42	0.00	0.00	65.33	7.37	0.00	0.00	2000
229	11.31	2040	2083	0.00	194	0	0	0	nan	0.00	0.00	3.66	84.31	88.69	0.00	40	0	42	0.00	0.00	65.38	7.31	0.00	0.00	2000
231	11.27	2042	2108	0.00	197	0	0	0	nan	0.00	0.02	5.54	83.63	88.73	0.00	40	0	42	0.00	0.00	65.44	7.32	0.00	0.00	2000
229	11.10	2055	2112	0.00	195	0	0	0	nan	0.00	0.00	4.51	85.04	88.90	0.00	40	0	42	0.00	0.00	65.24	7.50	0.00	0.00	2000
228	11.08	2057	2101	0.00	195	0	0	0	nan	0.00	0.02	4.55	84.51	88.92	0.00	40	0	42	0.00	0.00	65.24	7.37	0.00	0.00	2000
230	11.22	2044	2103	0.00	194	0	0	0	nan	0.00	0.00	3.91	85.15	88.78	0.00	40	0	42	0.00	0.00	65.21	7.45	0.00	0.00	2000
230	11.24	2054	2092	0.00	196	0	0	0	nan	0.00	0.01	4.40	84.14	88.76	0.00	40	0	42	0.00	0.00	65.24	7.37	0.00	0.00	2000
231	11.29	2056	2086	0.42	195	0	0	5	74.71	0.00	0.00	4.59	83.74	88.71	0.00	40	0	42	0.00	0.00	65.07	7.54	0.00	0.00	2000
230	11.13	2065	2098	1.05	194	0	0	3	81.18	0.00	0.02	5.21	83.66	88.87	0.00	40	0	42	0.00	0.00	62.51	7.01	0.00	0.00	2000
231	11.02	2086	2107	0.00	194	0	0	0	nan	0.00	0.00	4.63	84.77	88.98	0.00	41	0	42	0.00	0.00	68.16	7.66	0.00	0.00	2000
228	11.10	2049	2109	0.00	195	0	0	0	nan	0.00	0.00	5.61	83.79	88.90	0.00	41	0	42	0.00	0.00	65.27	7.43	0.00	0.00	2000
230	11.48	1995	2107	0.00	197	0	0	0	nan	0.00	0.00	3.96	85.04	88.52	0.00	40	0	42	0.00	0.00	65.07	7.30	0.00	0.00	2000
231	11.00	2103	2095	0.00	195	0	0	0	nan	0.00	0.03	4.80	84.12	89.00	0.00	40	0	42	0.00	0.00	63.24	7.23	0.00	0.00	2000
230	11.03	2101	2087	0.00	195	0	0	0	nan	0.00	0.00	3.59	84.93	88.97	0.00	40	0	42	0.00	0.00	67.64	7.58	0.00	0.00	2000
228	11.00	2067	2104	0.00	194	0	0	0	nan	0.00	0.00	4.10	85.17	89.00	0.00	41	0	42	0.00	0.00	63.03	7.30	0.00	0.00	2000
230	11.18	2082	2079	0.00	197	1	0	0	nan	0.00	0.01	3.97	83.98	88.82	0.00	41	0	42	0.00	0.00	64.99	7.17	0.00	0.00	2000
228	11.08	2035	2126	0.00	194	0	0	0	nan	0.00	0.00	4.02	86.17	88.92	0.00	40	0	42	0.00	0.00	68.21	7.74	0.00	0.00	2000
230	11.25	2037	2105	0.00	195	0	0	0	nan	0.00	0.00	4.07	84.94	88.75	0.00	40	0	42	0.00	0.00	65.40	7.44	0.00	0.00	2000
231	11.23	2055	2103	0.00	195	0	0	0	nan	0.00	0.02	4.05	84.94	88.77	0.00	40	0	42	0.00	0.00	63.24	7.26	0.00	0.00	2000
229	11.17	2086	2067	0.00	196	0	0	0	nan	0.00	0.00	3.86	83.64	88.83	0.00	40	0	42	0.00	0.00	64.09	7.42	0.00	0.00	2000
229	10.75	2093	2140	0.00	194	0	0	0	nan	0.00	0.00	4.11	86.94	89.25	0.00	40	0	42	0.00	0.00	66.56	7.59	0.00	0.00	2000
230	11.24	2077	2066	0.00	194	0	0	0	nan	0.00	0.00	3.45	83.93	88.76	0.00	40	0	42	0.00	0.00	64.82	7.33	0.00	0.00	2000
230	10.91	2075	2132	0.00	195	0	0	0	nan	0.00	0.00	3.56	87.01	89.09	0.00	40	0	42	0.00	0.00	66.69	7.53	0.00	0.00	2000
233	11.34	2084	2067	0.00	196	0	0	0	nan	0.00	0.02	3.31	83.99	88.66	0.00	40	0	42	0.00	0.00	63.59	7.18	0.00	0.00	2000
229	11.27	2004	2129	0.01	195	0	0	4	79.24	0.00	0.02	4.37	85.67	88.73	0.00	41	0	42	0.00	0.00	68.20	7.71	0.00	0.00	2000
230	11.28	2037	2104	1.37	193	0	0	4	77.16	0.00	0.00	3.49	85.57	88.72	0.00	40	0	42	0.00	0.00	65.58	7.36	0.00	0.00	2000
228	11.24	2062	2067	0.00	195	0	0	0	nan	0.00	0.00	4.20	83.21	88.76	0.00	40	0	42	0.00	0.00	61.94	7.05	0.00	0.00	2000
231	10.99	2073	2129	0.00	196	0	0	0	nan	0.00	0.00	5.18	85.13	89.01	0.00	40	0	42	0.00	0.00	68.13	7.76	0.00	0.00	2000
237	11.34	2110	2077	0.00	197	0	0	0	nan	0.01	0.00	5.12	82.62	88.66	0.00	40	0	42	0.00	0.00	62.86	7.27	0.00	0.00	2000
230	11.24	2042	2103	0.00	195	0	0	0	nan	0.00	0.00	5.04	83.94	88.76	0.00	40	0	42	0.00	0.00	65.59	7.31	0.00	0.00	2000
228	11.00	2054	2121	0.00	195	0	0	0	nan	0.00	0.02	5.13	84.81	89.00	0.00	41	0	42	0.00	0.00	68.52	7.67	0.00	0.00	2000
231	10.86	2133	2097	0.00	195	0	0	0	nan	0.00	0.00	4.40	84.66	89.14	0.00	41	0	42	0.00	0.00	62.81	7.08	0.00	0.00	2000
229	11.04	2078	2097	0.00	198	0	0	0	nan	0.00	0.00	5.63	83.24	88.96	0.00	41	0	42	0.00	0.00	65.76	7.45	0.00	0.00	2000
231	11.38	2047	2082	0.00	196	0	0	0	nan	0.00	0.00	5.01	82.93	88.62	0.00	40	0	42	0.00	0.00	65.35	7.44	0.00	0.00	2000
229	10.69	2129	2119	0.00	195	0	0	0	nan	0.00	0.01	5.00	85.08	89.31	0.00	40	0	42	0.00	0.00	65.88	7.26	0.00	0.00	2000
229	11.24	2032	2108	0.00	196	0	0	0	nan	0.00	0.00	4.42	84.81	88.76	0.00	40	0	42	0.00	0.00	65.75	7.47	0.00	0.00	2000
228	11.23	2059	2071	0.00	195	0	0	0	nan	0.00	0.02	3.82	83.83	88.77	0.00	40	0	42	0.00	0.00	65.50	7.51	0.00	0.00	2000
230	11.26	2032	2109	0.00	194	0	0	0	nan	0.00	0.00	4.83	84.40	88.74	0.00	40	0	42	0.00	0.00	65.39	7.51	0.00	0.00	2000
229	10.90	2118	2081	0.00	195	0	0	0	nan	0.00	0.00	5.18	83.12	89.10	0.00	40	0	42	0.00	0.00	65.19	7.33	0.00	0.00	2000
234	10.94	2100	2137	0.00	195	0	0	0	nan	0.00	0.00	5.06	85.60	89.06	0.00	41	0	42	0.00	0.00	65.47	7.47	0.00	0.00	2000
227	10.94	2083	2095	0.00	195	0	0	0	nan	0.00	0.02	4.44	84.36	89.06	0.00	40	0	42	0.00	0.00	65.83	7.53	0.00	0.00	2000
229	10.99	2079	2108	0.00	195	0	0	2	78.34	0.00	0.00	3.77	85.59	89.01	0.00	41	0	42	0.00	0.00	64.99	7.51	0.00	0.00	2000
231	11.30	2048	2091	1.35	194	0	0	6	77.54	0.00	0.01	4.15	84.16	88.70	0.00	40	0	42	0.00	0.00	62.84	7.57	0.00	0.00	2000
230	11.05	2074	2107	0.00	194	0	0	0	nan	0.00	0.00	3.84	85.48	88.95	0.00	41	0	42	0.00	0.00	67.08	7.39	0.00	0.00	2000
230	11.15	2092	2068	0.00	196	0	0	0	nan	0.00	0.00	3.90	83.72	88.85	0.00	40	0	42	0.00	0.00	65.03	7.51	0.00	0.00	2000
229	11.23	2012	2130	0.00	194	0	0	0	nan	0.00	0.00	4.60	85.63	88.77	0.00	41	0	42	0.00	0.00	64.58	7.44	0.00	0.00	2000
228	11.17	2077	2067	0.00	195	0	0	0	nan	0.00	0.04	3.67	83.86	88.83	0.00	40	0	42	0.00	0.00	65.08	7.55	0.00	0.00	2000
231	11.14	2051	2120	0.00	196	0	0	0	nan	0.00	0.00	4.26	85.55	88.86	0.00	41	0	42	0.00	0.00	65.50	7.39	0.00	0.00	2000
228	10.98	2072	2108	0.00	196	0	0	0	nan	0.00	0.02	4.41	85.01	89.02	0.00	40	0	42	0.00	0.00	64.91	7.65	0.00	0.00	2000
231	11.18	2076	2090	0.00	194	0	0	0	nan	0.00	0.02	3.50	84.97	88.82	0.00	41	0	42	0.00	0.00	65.76	7.72	0.00	0.00	2000
228	10.93	2075	2109	0.00	195	0	0	0	nan	0.00	0.02	4.96	84.47	89.07	0.00	40	0	42	0.00	0.00	65.32	7.50	0.00	0.00	2000
229	11.27	2036	2095	0.00	194	0	0	0	nan	0.00	0.00	4.30	84.28	88.73	0.00	41	0	42	0.00	0.00	65.48	7.53	0.00	0.00	2000
230	11.08	2102	2073	0.00	198	0	0	0	nan	0.00	0.00	5.51	82.22	88.92	0.00	40	0	42	0.00	0.00	62.44	7.12	0.00	0.00	2000
230	10.97	2067	2130	0.00	196	0	0	0	nan	0.00	0.00	5.06	85.30	89.03	0.00	40	0	42	0.00	0.00	68.07	7.69	0.00	0.00	2000
230	11.16	2083	2076	0.00	196	0	0	0	nan	0.00	0.02	4.90	82.96	88.84	0.00	40	0	42	0.00	0.00	65.37	7.33	0.00	0.00	2000
229	11.18	2038	2114	0.00	194	0	0	0	nan	0.00	0.00	4.32	85.22	88.82	0.00	40	0	42	0.00	0.00	65.05	7.44	0.00	0.00	2000
229	10.95	2108	2085	0.00	195	0	0	0	nan	0.00	0.02	5.13	83.33	89.05	0.00	40	0	42	0.00	0.00	65.11	7.48	0.00	0.00	2000
230	11.14	2035	2131	0.00	195	0	0	0	nan	0.00	0.00	5.28	84.99	88.86	0.00	40	0	42	0.00	0.00	65.91	7.55	0.00	0.00	2000
228	10.57	2206	2052	0.00	194	0	0	0	95.67	0.00	0.02	3.47	83.82	89.43	0.00	40	0	42	0.00	0.00	61.53	6.87	0.00	0.00	2000
232	11.00	2055	2158	1.40	196	0	0	7	72.60	0.00	0.00	4.57	86.90	89.00	0.00	40	0	42	0.00	0.00	67.80	7.77	0.00	0.00	2000
232	11.18	2089	2087	0.01	195	0	0	0	nan	0.00	0.02	3.97	84.29	88.82	0.00	41	0	42	0.00	0.00	65.42	7.55	0.00	0.00	2000
229	11.13	2059	2103	0.00	195	0	0	0	nan	0.00	0.00	4.33	84.64	88.87	0.00	41	0	42	0.00	0.00	64.85	7.52	0.00	0.00	2000
227	10.93	2078	2098	0.00	195	0	0	0	nan	0.00	0.00	4.45	84.56	89.07	0.00	40	0	42	0.00	0.00	65.44	7.35	0.00	0.00	2000
230	10.99	2096	2100	0.00	194	0	0	0	nan	0.00	0.00	4.46	84.55	89.01	0.00	40	0	42	0.00	0.00	65.49	7.54	0.00	0.00	2000
229	10.86	2103	2103	0.00	195	0	0	0	nan	0.00	0.02	4.59	84.57	89.14	0.00	41	0	42	0.00	0.00	65.53	7.60	0.00	0.00	2000
232	11.28	2070	2089	0.00	197	0	0	0	nan	0.00	0.00	4.89	83.36	88.72	0.00	40	0	42	0.00	0.00	65.28	7.57	0.00	0.00	2000
229	11.07	2075	2092	0.00	197	0	0	0	nan	0.00	0.00	5.69	82.96	88.93	0.00	40	0	42	0.00	0.00	63.06	7.25	0.00	0.00	2000
231	10.95	2110	2099	0.00	195	0	0	0	nan	0.00	0.00	5.07	84.04	89.05	0.00	40	0	42	0.00	0.00	65.05	7.51	0.00	0.00	2000
229	10.63	2136	2116	0.00	195	0	0	0	nan	0.00	0.00	4.72	85.35	89.37	0.00	40	0	42	0.00	0.00	65.42	7.34	0.00	0.00	2000
230	11.04	2100	2080	0.00	196	0	0	0	nan	0.00	0.00	4.79	83.32	88.96	0.00	40	0	42	0.00	0.00	65.68	7.43	0.00	0.00	2000
231	11.31	2035	2107	0.00	195	0	0	0	nan	0.00	0.02	4.72	84.37	88.69	0.00	40	0	42	0.00	0.00	65.73	7.48	0.00	0.00	2000
229	11.10	2046	2119	0.00	195	0	0	0	nan	0.00	0.02	4.14	85.62	88.90	0.00	40	0	42	0.00	0.00	65.31	7.47	0.00	0.00	2000
228	11.02	2068	2098	0.00	194	0	0	0	nan	0.00	0.02	3.57	85.43	88.98	0.00	40	0	42	0.00	0.00	65.02	7.45	0.00	0.00	2000
231	11.17	2086	2086	0.00	198	0	0	0	nan	0.00	0.00	4.77	83.51	88.83	0.00	40	0	42	0.00	0.00	65.33	7.45	0.00	0.00	2000
228	10.93	2102	2084	0.00	194	0	0	0	nan	0.00	0.00	4.56	83.81	89.07	0.00	41	0	42	0.00	0.00	64.54	7.41	0.00	0.00	2000
232	11.23	2037	2131	0.00	196	0	0	0	nan	0.00	0.00	4.56	85.58	88.77	0.00	41	0	42	0.00	0.00	65.17	7.69	0.00	0.00	2000
228	10.87	2098	2097	1.10	194	0	0	6	70.56	0.00	0.00	4.19	84.74	89.13	0.00	41	0	42	0.00	0.00	65.53	7.45	0.00	0.00	2000
232	11.07	2111	2083	0.38	196	0	0	0	nan	0.00	0.00	4.38	83.76	88.93	0.00	41	0	42	0.00	0.00	65.05	7.56	0.00	0.00	2000
229	10.90	2081	2116	0.00	195	0	0	0	nan	0.00	0.02	4.40	85.53	89.10	0.00	41	0	42	0.00	0.00	65.08	7.47	0.00	0.00	2000
229	11.01	2077	2104	0.00	195	0	0	0	nan	0.00	0.00	3.99	85.12	88.99	0.00	40	0	42	0.00	0.00	65.23	7.52	0.00	0.00	2000
230	11.31	2059	2072	0.00	196	0	0	0	nan	0.00	0.02	4.39	83.15	88.69	0.00	40	0	42	0.00	0.00	65.28	7.57	0.00	0.00	2000
230	11.08	2049	2125	0.00	195	0	0	0	nan	0.00	0.00	4.64	85.35	88.92	0.00	40	0	42	0.00	0.00	65.10	7.55	0.00	0.00	2000
228	10.92	2112	2076	0.00	195	0	0	0	nan	0.00	0.02	3.51	84.55	89.08	0.00	40	0	42	0.00	0.00	64.93	7.53	0.00	0.00	2000
230	11.06	2056	2120	0.00	195	0	0	0	nan	0.00	0.00	4.10	85.76	88.94	0.00	40	0	42	0.00	0.00	64.83	7.44	0.00	0.00	2000
227	11.08	2053	2100	0.00	194	0	0	0	nan	0.00	0.00	4.68	84.28	88.92	0.00	40	0	42	0.00	0.00	64.44	7.49	0.00	0.00	2000
230	11.11	2086	2081	0.00	194	0	0	0	nan	0.00	0.00	4.55	83.52	88.89	0.00	40	0	42	0.00	0.00	65.00	7.64	0.00	0.00	2000
234	11.21	2093	2099	0.00	197	0	0	0	nan	0.00	0.02	4.87	83.91	88.79	0.00	40	0	42	0.00	0.00	65.14	7.58	0.00	0.00	2000
230	10.98	2093	2106	0.00	211	0	0	0	nan	0.00	0.00	5.57	83.75	89.02	0.00	41	0	42	0.00	0.00	65.04	7.59	0.00	0.00	2000
228	10.82	2088	2118	0.00	194	0	0	0	nan	0.00	0.02	5.11	84.88	89.18	0.00	40	0	42	0.00	0.00	64.83	7.49	0.00	0.00	2000
230	11.35	2024	2105	0.00	195	0	0	0	nan	0.00	0.00	4.12	84.83	88.65	0.00	40	0	42	0.00	0.00	64.47	7.32	0.00	0.00	2000
231	11.01	2089	2106	0.00	195	0	0	0	nan	0.00	0.03	4.45	84.74	88.99	0.00	41	0	42	0.00	0.00	66.34	7.55	0.00	0.00	2000
230	11.36	2080	2044	0.00	195	0	0	0	nan	0.00	0.02	3.70	82.68	88.64	0.00	40	0	42	0.00	0.00	60.43	7.01	0.00	0.00	2000
230	11.16	2041	2122	0.00	195	0	0	0	nan	0.00	0.04	3.57	86.36	88.84	0.00	40	0	42	0.00	0.00	68.07	7.81	0.00	0.00	2000
230	11.05	2050	2131	0.75	198	0	0	6	71.67	0.00	0.00	5.77	84.58	88.95	0.00	40	0	42	0.00	0.00	64.95	7.43	0.00	0.00	2000
230	11.35	2048	2076	0.71	196	0	0	1	89.71	0.00	0.02	4.49	83.27	88.65	0.00	40	0	42	0.00	0.00	65.27	7.36	0.00	0.00	2000
230	11.08	2063	2118	0.00	195	0	0	0	nan	0.00	0.00	3.94	85.89	88.92	0.00	41	0	42	0.00	0.00	64.99	7.35	0.00	0.00	2000
229	11.67	1991	2073	0.00	196	0	0	0	nan	0.00	0.00	4.56	82.84	88.33	0.00	41	0	42	0.00	0.00	61.52	7.14	0.00	0.00	2000
229	11.30	1996	2131	0.00	195	0	0	0	nan	0.00	0.00	3.88	86.29	88.70	0.00	40	0	42	0.00	0.00	67.89	7.75	0.00	0.00	2000
229	11.11	2065	2095	0.00	196	0	0	0	nan	0.00	0.00	4.69	83.98	88.89	0.00	41	0	42	0.00	0.00	64.81	7.35	0.00	0.00	2000
231	11.13	2075	2102	0.00	194	0	0	0	nan	0.00	0.00	3.92	84.96	88.87	0.00	40	0	42	0.00	0.00	65.23	7.38	0.00	0.00	2000
227	11.13	2040	2101	0.00	194	0	0	0	nan	0.00	0.00	4.32	84.59	88.87	0.00	41	0	42	0.00	0.00	64.77	7.38	0.00	0.00	2000
232	11.17	2095	2078	0.00	196	0	0	0	nan	0.00	0.00	3.75	84.21	88.83	0.00	41	0	42	0.00	0.00	62.34	7.10	0.00	0.00	2000
228	10.99	2059	2120	0.00	196	0	0	0	nan	0.00	0.02	4.94	84.98	89.01	0.00	40	0	42	0.00	0.00	68.02	7.80	0.00	0.00	2000
230	11.09	2065	2105	0.00	194	0	0	0	nan	0.00	0.00	3.92	85.27	88.91	0.00	40	0	42	0.00	0.00	65.18	7.17	0.00	0.00	2000
228	11.08	2087	2072	0.00	194	0	0	0	nan	0.00	0.02	4.19	83.55	88.92	0.00	40	0	42	0.00	0.00	62.31	7.13	0.00	0.00	2000
230	10.92	2100	2103	0.00	195	0	0	0	nan	0.00	0.00	4.34	84.90	89.08	0.00	40	0	42	0.00	0.00	64.49	7.37	0.00	0.00	2000
233	11.22	2052	2120	0.00	197	0	0	0	nan	0.00	0.02	5.22	84.46	88.78	0.00	41	0	42	0.00	0.00	67.91	7.62	0.00	0.00	2000
231	10.93	2113	2102	0.00	195	0	0	0	nan	0.00	0.08	4.19	85.02	89.07	0.00	40	0	41	0.00	0.00	64.69	7.45	0.00	0.00	2000
228	11.31	2015	2099	0.00	195	0	0	0	nan	0.00	0.00	4.30	84.40	88.69	0.00	40	0	42	0.00	0.00	64.78	7.07	0.00	0.00	2000
230	11.26	2051	2088	0.00	194	0	0	0	nan	0.00	0.00	3.88	84.39	88.74	0.00	40	0	42	0.00	0.00	62.13	7.06	0.00	0.00	2000
228	11.08	2045	2115	0.41	195	0	0	5	74.17	0.00	0.03	5.10	84.49	88.92	0.00	40	0	42	0.00	0.00	67.96	7.65	0.00	0.00	2000
237	11.51	2058	2099	1.04	199	0	0	3	82.71	0.00	0.00	4.07	84.42	88.49	0.00	40	0	42	0.00	0.00	65.16	7.29	0.00	0.00	2000
230	11.55	2018	2075	0.00	196	0	0	0	nan	0.00	0.02	4.06	83.41	88.45	0.00	40	0	42	0.00	0.00	61.78	6.91	0.00	0.00	2000
230	11.18	2028	2129	0.00	195	0	0	0	nan	0.00	0.00	4.67	85.47	88.82	0.00	40	0	42	0.00	0.00	67.74	7.63	0.00	0.00	2000
229	11.15	2092	2064	0.00	197	0	0	0	nan	0.00	0.02	4.65	82.74	88.85	0.00	40	0	42	0.00	0.00	62.18	6.95	0.00	0.00	2000
231	11.16	2056	2113	0.00	195	0	0	0	nan	0.00	0.00	5.70	83.75	88.84	0.00	41	0	42	0.00	0.00	65.18	7.48	0.00	0.00	2000
228	11.15	2031	2118	0.00	194	0	0	0	nan	0.00	0.00	5.03	84.69	88.85	0.00	40	0	42	0.00	0.00	68.01	7.62	0.00	0.00	2000
231	11.23	2078	2081	0.00	196	0	0	0	nan	0.00	0.00	4.03	84.09	88.77	0.00	41	0	42	0.00	0.00	62.40	6.99	0.00	0.00	2000
228	11.27	2027	2095	0.00	195	0	0	0	nan	0.00	0.00	4.67	84.03	88.73	0.00	40	0	42	0.00	0.00	64.86	7.43	0.00	0.00	2000
229	11.04	2049	2128	0.00	195	0	0	0	nan	0.00	0.00	5.04	85.22	88.96	0.00	41	0	42	0.00	0.00	66.18	7.54	0.00	0.00	2000
228	11.38	2039	2059	0.00	196	0	0	0	nan	0.00	0.01	3.59	83.41	88.62	0.00	40	0	42	0.00	0.00	63.66	7.18	0.00	0.00	2000
230	11.15	2019	2147	0.00	194	0	0	0	nan	0.00	0.00	4.42	86.56	88.85	0.00	40	0	42	0.00	0.00	67.88	7.18	0.00	0.00	2000
230	11.13	2113	2054	0.00	195	0	0	0	nan	0.00	0.00	3.70	83.26	88.87	0.00	40	0	42	0.00	0.00	61.69	7.24	0.00	0.00	2000
232	10.95	2076	2142	0.00	195	0	0	0	nan	0.00	0.01	4.46	86.41	89.05	0.00	40	0	42	0.00	0.00	64.96	7.92	0.00	0.00	2000
228	11.04	2066	2098	0.00	194	0	0	0	nan	0.00	0.02	4.30	84.68	88.96	0.00	40	0	42	0.00	0.00	64.90	7.20	0.00	0.00	2000
230	11.14	2062	2100	0.00	195	0	0	0	nan	0.00	0.00	3.26	85.69	88.86	0.00	40	0	42	0.00	0.00	67.27	7.76	0.00	0.00	2000
228	11.28	2037	2084	0.00	195	0	0	0	nan	0.00	0.00	4.42	83.66	88.72	0.00	40	0	42	0.00	0.00	62.74	7.09	0.00	0.00	2000
232	11.16	2082	2095	0.02	196	0	0	4	69.44	0.00	0.00	5.14	83.52	88.84	0.00	40	0	42	0.00	0.00	64.14	7.35	0.00	0.00	2000
229	10.94	2085	2104	1.38	194	0	0	4	72.39	0.00	0.02	4.80	84.49	89.06	0.00	40	0	42	0.00	0.00	64.87	7.48	0.00	0.00	2000
230	10.89	2097	2118	0.00	195	0	0	0	nan	0.00	0.00	4.36	85.54	89.11	0.00	40	0	42	0.00	0.00	65.56	7.41	0.00	0.00	2000
228	11.14	2080	2068	0.00	194	0	0	0	nan	0.00	0.02	4.46	83.15	88.86	0.00	40	0	42	0.00	0.00	63.98	7.51	0.00	0.00	2000
230	11.26	2017	2128	0.00	195	0	0	0	nan	0.00	0.00	6.16	83.87	88.74	0.00	40	0	42	0.00	0.00	65.05	7.38	0.00	0.00	2000
227	11.25	2041	2077	0.00	195	0	0	0	nan	0.00	0.00	4.46	83.44	88.75	0.00	40	0	42	0.00	0.00	64.69	7.45	0.00	0.00	2000
232	11.24	2047	2113	0.00	196	0	0	0	nan	0.00	0.00	5.98	83.46	88.76	0.00	41	0	42	0.00	0.00	64.02	7.43	0.00	0.00	2000
229	11.24	2050	2091	0.00	197	0	0	0	nan	0.00	0.00	6.62	81.85	88.76	0.00	40	0	42	0.00	0.00	65.12	7.39	0.00	0.00	2000
229	11.06	2049	2125	0.00	195	0	0	0	nan	0.00	0.00	5.61	84.39	88.94	0.00	40	0	42	0.00	0.00	64.65	7.35	0.00	0.00	2000
227	11.02	2069	2094	0.00	195	0	0	0	nan	0.00	0.02	4.60	84.24	88.98	0.00	41	0	42	0.00	0.00	64.03	7.57	0.00	0.00	2000
229	10.95	2095	2101	0.00	194	0	0	0	nan	0.00	0.00	4.49	84.64	89.05	0.00	40	0	42	0.00	0.00	64.69	7.43	0.00	0.00	2000
229	11.24	2043	2097	0.00	196	0	0	0	nan	0.00	0.00	4.83	83.86	88.76	0.00	41	0	42	0.00	0.00	64.88	7.40	0.00	0.00	2000
230	11.18	2072	2082	0.00	194	0	0	0	nan	0.00	0.02	4.29	83.78	88.82	0.00	41	0	42	0.00	0.00	65.16	7.49	0.00	0.00	2000
230	10.82	2109	2120	0.00	196	0	0	0	nan	0.00	0.01	5.65	84.43	89.18	0.00	40	0	42	0.00	0.00	64.60	7.47	0.00	0.00	2000
230	11.13	2060	2105	0.00	195	0	0	0	nan	0.00	0.00	3.44	85.62	88.87	0.00	40	0	42	0.00	0.00	65.05	7.29	0.00	0.00	2000
228	11.07	2092	2072	0.00	194	0	0	0	nan	0.00	0.00	4.07	83.60	88.93	0.00	40	0	42	0.00	0.00	64.86	7.20	0.00	0.00	2000
232	11.46	2007	2115	0.00	195	0	0	0	nan	0.00	0.00	5.44	83.90	88.54	0.00	40	0	42	0.00	0.00	64.94	7.52	0.00	0.00	2000
228	11.02	2067	2105	0.00	196	0	0	2	78.64	0.00	0.00	5.12	84.11	88.98	0.00	40	0	42	0.00	0.00	64.68	7.26	0.00	0.00	2000
233	11.41	2029	2110	1.35	194	0	0	5	77.78	0.00	0.00	4.35	84.65	88.59	0.00	40	0	42	0.00	0.00	65.13	7.41	0.00	0.00	2000
229	11.18	2079	2067	0.00	195	0	0	0	nan	0.00	0.04	3.43	84.06	88.82	0.00	40	0	42	0.00	0.00	64.07	7.25	0.00	0.00	2000
229	11.24	2025	2114	0.00	195	0	0	0	nan	0.00	0.00	4.54	84.94	88.76	0.00	41	0	42	0.00	0.00	64.91	7.38	0.00	0.00	2000
230	10.94	2114	2084	0.00	196	0	0	0	nan	0.00	0.02	5.71	82.69	89.06	0.00	40	0	42	0.00	0.00	62.24	7.17	0.00	0.00	2000
230	10.94	2072	2133	0.00	196	0	0	0	nan	0.00	0.00	4.46	86.12	89.06	0.00	40	0	42	0.00	0.00	67.58	7.62	0.00	0.00	2000
228	11.01	2081	2093	0.00	197	0	0	0	nan	0.00	0.00	4.71	84.09	88.99	0.00	40	0	42	0.00	0.00	64.75	7.39	0.00	0.00	2000
230	11.36	2034	2093	0.00	194	0	0	0	nan	0.00	0.00	3.98	84.46	88.64	0.00	40	0	42	0.00	0.00	64.76	7.32	0.00	0.00	2000
228	10.78	2127	2085	0.00	196	0	0	0	nan	0.00	0.00	5.07	83.51	89.22	0.00	40	0	42	0.00	0.00	62.57	7.13	0.00	0.00	2000
231	10.84	2090	2141	0.00	196	0	0	0	nan	0.00	0.00	4.32	86.62	89.16	0.00	41	0	42	0.00	0.00	67.85	7.63	0.00	0.00	2000
228	11.36	2036	2070	0.00	194	0	0	0	nan	0.00	0.02	3.92	83.53	88.64	0.00	40	0	42	0.00	0.00	62.59	7.15	0.00	0.00	2000
230	10.85	2129	2095	0.00	198	0	0	0	nan	0.00	0.00	4.23	84.70	89.15	0.00	40	0	42	0.00	0.00	65.12	7.33	0.00	0.00	2000
229	11.22	2032	2105	0.00	196	0	0	0	nan	0.00	0.02	5.59	83.54	88.78	0.00	40	0	42	0.00	0.00	65.83	7.37	0.00	0.00	2000
230	11.20	2049	2108	0.00	195	0	0	0	nan	0.00	0.02	4.14	85.15	88.80	0.00	41	0	42	0.00	0.00	64.45	7.40	0.00	0.00	2000
228	11.06	2090	2075	0.00	195	0	0	0	nan	0.00	0.00	4.53	83.36	88.94	0.00	41	0	42	0.00	0.00	65.06	7.36	0.00	0.00	2000
232	10.81	2133	2114	0.00	195	0	0	0	nan	0.00	0.00	5.25	84.62	89.19	0.00	41	0	42	0.00	0.00	65.31	7.41	0.00	0.00	2000
227	10.84	2079	2116	0.00	194	0	0	0	nan	0.00	0.00	5.12	84.83	89.16	0.00	40	0	42	0.00	0.00	64.87	7.27	0.00	0.00	2000
234	11.26	2104	2074	0.00	203	0	0	0	91.37	0.00	0.00	4.24	83.45	88.74	0.00	40	0	42	0.00	0.00	64.75	7.58	0.00	0.00	2000
230	10.94	2100	2102	1.42	195	0	0	7	71.04	0.00	0.00	5.07	84.09	89.06	0.00	40	0	42	0.00	0.00	65.18	7.54	0.00	0.00	2000
230	10.99	2089	2104	0.01	195	0	0	0	nan	0.00	0.00	5.16	84.09	89.01	0.00	40	0	42	0.00	0.00	65.17	7.44	0.00	0.00	2000
231	10.63	2151	2119	0.00	196	0	0	0	nan	0.01	0.02	4.62	85.54	89.37	0.00	40	0	42	0.00	0.00	65.27	7.34	0.00	0.00	2000
230	11.32	2029	2104	0.00	196	0	0	0	nan	0.00	0.00	3.71	85.12	88.68	0.00	40	0	42	0.00	0.00	65.17	7.45	0.00	0.00	2000
229	11.27	2052	2077	0.00	193	0	0	0	nan	0.00	0.02	3.54	84.35	88.73	0.00	40	0	42	0.00	0.00	64.43	7.41	0.00	0.00	2000
230	11.09	2069	2103	0.00	195	0	0	0	nan	0.00	0.00	4.24	84.84	88.91	0.00	40	0	42	0.00	0.00	64.88	7.28	0.00	0.00	2000
227	10.98	2083	2089	0.00	195	0	0	0	nan	0.00	0.00	4.67	83.97	89.02	0.00	40	0	42	0.00	0.00	64.70	7.41	0.00	0.00	2000
230	11.35	2019	2110	0.00	196	0	0	0	nan	0.00	0.02	4.98	84.18	88.65	0.00	41	0	42	0.00	0.00	64.24	7.28	0.00	0.00	2000
228	10.93	2081	2104	0.00	195	0	0	0	nan	0.00	0.02	4.68	84.59	89.07	0.00	40	0	42	0.00	0.00	64.46	7.42	0.00	0.00	2000
229	11.15	2036	2118	0.00	194	0	0	0	nan	0.00	0.00	4.07	85.62	88.85	0.00	40	0	42	0.00	0.00	64.26	7.27	0.00	0.00	2000
227	11.13	2051	2087	0.00	194	0	0	0	nan	0.00	0.00	3.91	84.51	88.87	0.00	40	0	42	0.00	0.00	61.92	7.44	0.00	0.00	2000
231	10.95	2121	2089	0.00	197	0	0	0	nan	0.00	0.00	4.41	84.18	89.05	0.00	40	0	42	0.00	0.00	67.52	7.18	0.00	0.00	2000
233	11.00	2119	2097	0.00	196	0	0	0	nan	0.00	0.02	5.15	83.75	89.00	0.00	40	0	42	0.00	0.00	64.85	7.28	0.00	0.00	2000
232	11.17	2069	2106	0.00	195	0	0	0	nan	0.00	0.00	4.26	84.79	88.83	0.00	41	0	42	0.00	0.00	65.09	7.47	0.00	0.00	2000
229	11.07	2038	2127	0.00	196	0	0	0	nan	0.00	0.00	4.60	85.59	88.93	0.00	41	0	42	0.00	0.00	65.95	7.45	0.00	0.00	2000
230	11.03	2127	2056	0.00	195	0	0	0	nan	0.00	0.00	3.20	83.92	88.97	0.00	40	0	42	0.00	0.00	60.86	6.80	0.00	0.00	2000
229	11.07	2035	2134	0.00	194	0	0	0	nan	0.00	0.01	4.13	86.32	88.93	0.00	40	0	42	0.00	0.00	67.52	7.77	0.00	0.00	2000
231	11.32	2045	2092	1.09	194	0	0	5	70.96	0.00	0.00	3.95	84.54	88.68	0.00	40	0	42	0.00	0.00	64.41	7.37	0.00	0.00	2000
229	11.30	2022	2104	0.38	197	0	0	0	nan	0.00	0.02	4.72	84.24	88.70	0.00	41	0	42	0.00	0.00	64.84	7.38	0.00	0.00	2000
230	11.29	2031	2102	0.00	194	0	0	0	nan	0.00	0.00	4.47	84.44	88.71	0.00	40	0	42	0.00	0.00	64.59	7.33	0.00	0.00	2000
228	11.07	2076	2083	0.00	196	0	0	0	nan	0.00	0.02	4.45	83.84	88.93	0.00	40	0	42	0.00	0.00	64.98	7.12	0.00	0.00	2000
230	11.35	2024	2101	0.00	194	0	0	0	nan	0.00	0.00	5.17	83.62	88.65	0.00	40	0	42	0.00	0.00	64.49	7.45	0.00	0.00	2000
228	10.79	2095	2121	0.00	195	0	0	0	nan	0.00	0.01	4.92	85.25	89.21	0.00	40	0	42	0.00	0.00	64.96	7.39	0.00	0.00	2000
231	11.01	2096	2101	0.00	196	0	0	0	nan	0.00	0.00	4.51	84.48	88.99	0.00	40	0	42	0.00	0.00	65.01	7.30	0.00	0.00	2000
228	11.19	2039	2096	0.00	196	0	0	0	nan	0.00	0.02	4.37	84.37	88.81	0.00	40	0	42	0.00	0.00	64.82	7.27	0.00	0.00	2000
229	11.26	2032	2106	0.00	195	0	0	0	nan	0.00	0.00	4.38	84.61	88.74	0.00	40	0	42	0.00	0.00	64.85	7.33	0.00	0.00	2000
229	10.91	2101	2094	0.00	195	0	0	0	nan	0.00	0.02	3.87	84.98	89.09	0.00	41	0	42	0.00	0.00	65.05	7.33	0.00	0.00	2000
229	11.17	2073	2079	0.00	195	0	0	0	nan	0.00	0.00	4.15	83.77	88.83	0.00	40	0	41	0.00	0.00	64.65	7.19	0.00	0.00	2000
232	11.58	2007	2099	0.00	196	0	0	0	nan	0.00	0.00	6.24	82.24	88.42	0.00	40	0	42	0.00	0.00	59.45	7.03	0.00	0.00	2000
230	11.44	1985	2126	0.00	197	0	0	0	nan	0.00	0.00	4.73	85.16	88.56	0.00	41	0	42	0.00	0.00	70.11	7.52	0.00	0.00	2000
228	11.36	2011	2096	0.00	195	0	0	0	nan	0.00	0.00	4.38	84.19	88.64	0.00	41	0	42	0.00	0.00	64.53	7.37	0.00	0.00	2000
229	11.18	2048	2100	0.00	194	0	0	0	nan	0.00	0.02	4.16	84.70	88.82	0.00	40	0	42	0.00	0.00	64.99	7.29	0.00	0.00	2000
233	11.57	2044	2071	0.00	196	0	0	0	nan	0.00	0.02	5.23	82.07	88.43	0.00	40	0	42	0.00	0.00	61.68	7.14	0.00	0.00	2000
233	11.15	2073	2113	0.00	200	0	0	0	nan	0.00	0.00	5.81	83.74	88.85	0.00	41	0	42	0.00	0.00	64.75	7.35	0.00	0.00	2000
228	11.14	2040	2105	0.77	195	0	0	6	72.89	0.00	0.02	4.59	84.61	88.86	0.00	40	0	42	0.00	0.00	67.70	7.89	0.00	0.00	2000
231	11.03	2098	2092	0.72	195	0	0	1	89.20	0.01	0.00	3.90	84.70	88.97	0.00	40	0	42	0.00	0.00	61.97	6.96	0.00	0.00	2000
229	11.22	2052	2093	0.00	196	0	0	0	nan	0.00	0.00	5.31	83.26	88.78	0.00	40	0	42	0.00	0.00	64.73	7.54	0.00	0.00	2000
231	10.90	2093	2124	0.00	194	0	0	0	nan	0.00	0.00	4.36	85.86	89.10	0.00	41	0	42	0.00	0.00	68.55	7.82	0.00	0.00	2000
230	10.86	2115	2107	0.00	194	0	0	0	nan	0.00	0.00	3.86	85.68	89.14	0.00	40	0	42	0.00	0.00	63.34	7.57	0.00	0.00	2000
230	11.30	2080	2056	0.00	199	0	0	0	nan	0.00	0.01	3.98	82.91	88.70	0.00	40	0	42	0.00	0.00	63.37	7.21	0.00	0.00	2000
230	10.98	2050	2142	0.00	194	0	0	0	nan	0.00	0.02	4.53	86.39	89.02	0.00	40	0	42	0.00	0.00	67.60	7.81	0.00	0.00	2000
229	11.02	2078	2103	0.00	195	0	0	0	nan	0.00	0.00	3.43	85.78	88.98	0.00	40	0	42	0.00	0.00	64.61	7.46	0.00	0.00	2000
228	11.04	2078	2091	0.00	195	0	0	0	nan	0.00	0.00	4.23	84.46	88.96	0.00	40	0	42	0.00	0.00	64.74	7.45	0.00	0.00	2000
229	11.14	2051	2109	0.00	194	0	0	0	nan	0.00	0.00	4.18	85.15	88.86	0.00	40	0	42	0.00	0.00	64.91	7.26	0.00	0.00	2000
229	11.19	2061	2088	0.00	196	0	0	0	nan	0.00	0.00	4.67	83.80	88.81	0.00	40	0	42	0.00	0.00	64.28	7.38	0.00	0.00	2000
231	11.16	2059	2112	0.00	196	0	0	0	nan	0.00	0.00	3.88	85.58	88.84	0.00	41	0	42	0.00	0.00	65.01	7.33	0.00	0.00	2000
228	10.95	2088	2092	0.00	194	0	0	0	nan	0.00	0.00	4.28	84.54	89.05	0.00	40	0	42	0.00	0.00	64.33	7.34	0.00	0.00	2000
230	11.16	2060	2102	0.00	195	0	0	0	nan	0.00	0.02	4.14	84.84	88.84	0.00	40	0	42	0.00	0.00	64.83	7.47	0.00	0.00	2000
230	10.83	2138	2083	0.00	195	0	0	0	nan	0.00	0.03	4.48	83.89	89.17	0.00	40	0	42	0.00	0.00	62.59	7.14	0.00	0.00	2000
232	10.85	2135	2098	0.00	196	0	0	0	nan	0.00	0.00	5.40	83.69	89.15	0.00	40	0	42	0.00	0.00	65.19	7.47	0.00	0.00	2000
229	11.06	2059	2111	0.00	194	0	0	0	nan	0.00	0.02	4.28	85.22	88.94	0.00	40	0	42	0.00	0.00	65.33	7.50	0.00	0.00	2000
230	11.19	2065	2089	0.42	195	0	0	5	73.56	0.00	0.00	3.79	84.61	88.81	0.00	40	0	42	0.00	0.00	64.88	7.63	0.00	0.00	2000
228	11.17	2026	2119	1.05	193	0	0	3	83.64	0.00	0.02	4.61	85.16	88.83	0.00	41	0	42	0.00	0.00	68.17	7.74	0.00	0.00	2000
231	11.28	2063	2084	0.00	196	0	0	0	nan	0.00	0.00	4.05	84.07	88.72	0.00	40	0	42	0.00	0.00	62.60	7.25	0.00	0.00	2000
232	11.15	2097	2085	0.00	198	0	0	0	nan	0.00	0.00	6.10	82.21	88.85	0.00	40	0	42	0.00	0.00	65.32	7.58	0.00	0.00	2000
230	10.96	2057	2142	0.00	196	0	0	0	nan	0.00	0.00	4.87	86.05	89.04	0.00	40	0	42	0.00	0.00	68.49	7.85	0.00	0.00	2000
229	11.21	2065	2074	0.00	197	0	0	0	nan	0.00	0.00	3.73	84.02	88.79	0.00	40	0	42	0.00	0.00	62.06	7.04	0.00	0.00	2000
230	11.24	2036	2106	0.00	196	0	0	0	nan	0.00	0.02	4.93	84.07	88.76	0.00	41	0	42	0.00	0.00	65.47	7.49	0.00	0.00	2000
228	10.79	2131	2081	0.00	194	0	0	0	nan	0.00	0.00	4.14	84.30	89.21	0.00	40	0	42	0.00	0.00	64.59	7.34	0.00	0.00	2000
231	11.20	2035	2127	0.00	195	0	0	0	nan	0.00	0.00	4.71	85.39	88.80	0.00	41	0	42	0.00	0.00	65.67	7.49	0.00	0.00	2000
228	11.19	2051	2083	0.00	195	0	0	0	nan	0.00	0.00	3.61	84.53	88.81	0.00	40	0	42	0.00	0.00	64.08	7.35	0.00	0.00	2000
230	10.96	2092	2104	0.00	195	0	0	0	nan	0.00	0.00	4.21	84.98	89.04	0.00	40	0	42	0.00	0.00	65.87	7.40	0.00	0.00	2000
230	11.18	2062	2094	0.00	195	0	0	0	nan	0.00	0.01	4.68	83.99	88.82	0.00	40	0	42	0.00	0.00	65.15	7.43	0.00	0.00	2000
230	11.36	2002	2128	0.00	194	0	0	0	nan	0.00	0.00	5.11	84.87	88.64	0.00	40	0	42	0.00	0.00	64.32	7.47	0.00	0.00	2000
230	11.30	2051	2085	0.00	193	0	0	0	nan	0.00	0.00	3.91	84.25	88.70	0.00	40	0	42	0.00	0.00	65.31	7.42	0.00	0.00	2000
230	11.16	2070	2093	0.00	197	0	0	0	nan	0.00	0.00	4.91	83.73	88.84	0.00	41	0	42	0.00	0.00	65.67	7.29	0.00	0.00	2000
228	11.01	2060	2113	0.00	195	0	0	0	nan	0.00	0.02	5.07	84.51	88.99	0.00	40	0	42	0.00	0.00	65.19	7.49	0.00	0.00	2000
229	10.74	2126	2106	0.00	194	0	0	0	nan	0.00	0.00	4.22	85.18	89.26	0.00	40	0	42	0.00	0.00	66.44	7.80	0.00	0.00	2000
227	10.95	2121	2055	0.01	195	0	0	4	75.63	0.00	0.01	3.21	84.04	89.05	0.00	40	0	42	0.00	0.00	61.42	7.02	0.00	0.00	2000
232	11.04	2060	2143	1.38	194	0	0	5	79.93	0.00	0.02	4.50	86.33	88.96	0.00	40	0	42	0.00	0.00	67.77	7.91	0.00	0.00	2000
229	11.12	2066	2097	0.00	196	0	0	0	nan	0.02	0.00	4.19	84.55	88.88	0.00	40	0	42	0.00	0.00	64.97	7.43	0.00	0.00	2000
231	10.99	2120	2085	0.00	196	0	0	0	nan	0.00	0.00	4.32	83.96	89.01	0.00	41	0	42	0.00	0.00	65.08	7.52	0.00	0.00	2000
229	10.76	2135	2095	0.00	195	0	0	0	nan	0.00	0.02	4.97	84.13	89.24	0.00	41	0	42	0.00	0.00	65.50	7.57	0.00	0.00	2000
229	10.94	2074	2120	0.00	194	0	0	0	nan	0.00	0.00	5.05	84.91	89.06	0.00	40	0	42	0.00	0.00	64.61	7.43	0.00	0.00	2000
229	10.91	2111	2084	0.00	198	0	0	0	nan	0.00	0.02	4.77	83.59	89.09	0.00	40	0	42	0.00	0.00	64.69	7.28	0.00	0.00	2000
232	11.25	2052	2108	0.00	196	0	0	0	nan	0.00	0.00	5.28	83.84	88.75	0.00	40	0	42	0.00	0.00	65.03	7.30	0.00	0.00	2000
227	11.15	2043	2093	0.00	195	0	0	0	nan	0.00	0.00	4.78	83.91	88.85	0.00	40	0	42	0.00	0.00	64.63	7.34	0.00	0.00	2000
230	11.16	2039	2121	0.00	195	0	0	0	nan	0.00	0.00	5.11	84.79	88.84	0.00	40	0	42	0.00	0.00	64.34	7.45	0.00	0.00	2000
228	11.07	2065	2093	0.00	195	0	0	0	nan	0.00	0.02	3.95	84.79	88.93	0.00	40	0	42	0.00	0.00	64.90	7.69	0.00	0.00	2000
229	11.39	2027	2085	0.00	194	0	0	0	nan	0.00	0.00	3.96	84.03	88.61	0.00	40	0	42	0.00	0.00	61.81	7.24	0.00	0.00	2000
231	10.80	2152	2089	0.00	196	0	0	0	nan	0.00	0.00	4.93	83.79	89.20	0.00	40	0	41	0.00	0.00	65.43	7.47	0.00	0.00	2000
230	11.16	2039	2122	0.00	194	0	0	0	nan	0.00	0.00	4.31	85.59	88.84	0.00	40	0	42	0.00	0.00	64.73	7.32	0.00	0.00	2000
228	11.27	2026	2097	0.00	195	0	0	0	nan	0.00	0.00	4.68	83.99	88.73	0.00	40	0	42	0.00	0.00	64.83	7.49	0.00	0.00	2000
230	11.18	2052	2102	0.00	195	0	0	0	nan	0.00	0.00	4.31	84.69	88.82	0.00	40	0	42	0.00	0.00	67.57	7.72	0.00	0.00	2000
229	10.77	2143	2080	0.00	195	0	0	0	nan	0.00	0.00	4.49	83.92	89.23	0.00	40	0	42	0.00	0.00	62.64	7.14	0.00	0.00	2000
232	11.00	2091	2116	0.00	196	0	0	2	76.12	0.00	0.00	4.35	85.32	89.00	0.00	40	0	42	0.00	0.00	64.75	7.43	0.00	0.00	2000
228	10.69	2140	2096	1.35	196	0	0	5	76.27	0.00	0.02	4.10	85.07	89.31	0.00	40	0	42	0.00	0.00	64.81	7.37	0.00	0.00	2000
229	11.20	2025	2121	0.00	193	0	0	0	nan	0.00	0.00	3.90	85.91	88.80	0.00	41	0	42	0.00	0.00	64.85	7.40	0.00	0.00	2000
229	11.03	2109	2069	0.00	195	0	0	0	nan	0.00	0.03	4.30	83.46	88.97	0.00	40	0	42	0.00	0.00	64.51	7.40	0.00	0.00	2000
231	10.97	2092	2116	0.00	195	0	0	0	nan	0.00	0.00	4.80	84.94	89.03	0.00	40	0	42	0.00	0.00	64.99	7.46	0.00	0.00	2000
228	11.02	2081	2083	0.00	196	0	0	0	nan	0.00	0.00	4.75	83.56	88.98	0.00	40	0	42	0.00	0.00	65.47	7.50	0.00	0.00	2000
232	11.05	2064	2134	0.00	196	0	0	0	nan	0.00	0.00	5.10	85.34	88.95	0.00	41	0	42	0.00	0.00	64.62	7.53	0.00	0.00	2000
228	11.10	2057	2093	0.00	194	0	0	0	nan	0.00	0.02	4.16	84.61	88.90	0.00	40	0	42	0.00	0.00	64.72	7.43	0.00	0.00	2000
229	11.29	2047	2084	0.00	194	0	0	0	nan	0.00	0.00	3.89	84.15	88.71	0.00	41	0	42	0.00	0.00	65.40	7.52	0.00	0.00	2000
228	10.68	2148	2087	0.00	194	0	0	0	nan	0.00	0.02	4.73	84.11	89.32	0.00	41	0	42	0.00	0.00	65.11	7.37	0.00	0.00	2000
235	11.38	2038	2131	0.00	215	0	0	0	nan	0.00	0.00	9.13	80.91	88.62	0.00	40	0	42	0.00	0.00	65.20	7.46	0.00	0.00	2000
231	11.37	2034	2100	0.00	196	0	0	0	nan	0.01	0.00	4.24	84.56	88.63	0.00	41	0	42	0.00	0.00	64.73	7.20	0.00	0.00	2000
230	10.82	2130	2100	0.00	195	0	0	0	nan	0.00	0.00	3.82	85.31	89.18	0.00	40	0	42	0.00	0.00	65.59	7.48	0.00	0.00	2000
228	11.11	2055	2097	0.00	194	0	0	0	nan	0.00	0.00	4.42	84.49	88.89	0.00	40	0	42	0.00	0.00	64.74	7.21	0.00	0.00	2000
230	11.47	2019	2082	0.00	194	0	0	0	nan	0.00	0.00	4.51	83.37	88.53	0.00	40	0	42	0.00	0.00	64.94	7.39	0.00	0.00	2000
228	11.14	2034	2115	0.00	196	0	0	0	nan	0.00	0.00	5.11	84.48	88.86	0.00	41	0	42	0.00	0.00	65.21	7.32	0.00	0.00	2000
232	11.52	2012	2097	0.00	205	0	0	0	nan	0.00	0.00	5.73	82.73	88.48	0.00	41	0	42	0.00	0.00	65.11	7.19	0.00	0.00	2000
230	11.05	2100	2078	0.00	200	0	0	0	95.80	0.00	0.02	4.18	83.95	88.95	0.00	41	0	42	0.00	0.00	65.25	7.25	0.00	0.00	2000
229	11.40	1995	2116	1.43	195	0	0	6	73.97	0.00	0.00	5.41	84.06	88.60	0.00	40	0	42	0.00	0.00	64.75	7.32	0.00	0.00	2000
230	11.05	2066	2111	0.01	195	0	0	0	nan	0.00	0.02	4.81	84.68	88.95	0.00	41	0	42	0.00	0.00	65.20	7.27	0.00	0.00	2000
229	11.08	2063	2108	0.00	195	0	0	0	nan	0.00	0.00	3.75	85.58	88.92	0.00	40	0	42	0.00	0.00	64.98	7.28	0.00	0.00	2000
230	11.00	2096	2097	0.00	195	0	0	0	nan	0.00	0.02	4.77	84.21	89.00	0.00	40	0	42	0.00	0.00	66.85	7.56	0.00	0.00	2000
229	11.31	2054	2074	0.00	196	0	0	0	nan	0.00	0.02	3.34	84.34	88.69	0.00	41	0	42	0.00	0.00	63.48	7.36	0.00	0.00	2000
228	11.17	2024	2117	0.00	194	0	0	0	nan	0.00	0.03	3.58	86.14	88.83	0.00	40	0	42	0.00	0.00	64.36	7.55	0.00	0.00	2000
229	11.33	2015	2109	0.00	195	0	0	0	nan	0.01	0.00	4.05	85.13	88.67	0.00	40	0	42	0.00	0.00	64.77	7.29	0.00	0.00	2000
228	11.24	2059	2069	0.00	195	0	0	0	nan	0.00	0.02	4.05	83.50	88.76	0.00	41	0	42	0.00	0.00	64.63	7.37	0.00	0.00	2000
233	11.12	2053	2142	0.00	196	0	0	0	nan	0.00	0.00	5.48	85.15	88.88	0.00	40	0	42	0.00	0.00	65.22	7.56	0.00	0.00	2000
230	11.54	2032	2064	0.00	195	0	0	0	nan	0.00	0.02	3.15	83.90	88.46	0.00	40	0	42	0.00	0.00	64.48	7.46	0.00	0.00	2000
230	11.00	2071	2120	0.00	195	0	0	0	nan	0.00	0.00	4.51	85.39	89.00	0.00	40	0	42	0.00	0.00	65.21	7.29	0.00	0.00	2000
228	10.94	2086	2100	0.00	195	0	0	0	nan	0.00	0.00	4.53	84.44	89.06	0.00	40	0	42	0.00	0.00	65.24	7.34	0.00	0.00	2000
231	10.85	2126	2103	0.00	198	0	0	0	nan	0.00	0.03	4.87	84.49	89.15	0.00	40	0	42	0.00	0.00	65.65	7.36	0.00	0.00	2000
234	11.53	2051	2079	0.00	198	0	0	0	nan	0.00	0.00	5.04	82.63	88.47	0.00	41	0	42	0.00	0.00	64.98	7.37	0.00	0.00	2000
231	11.27	2031	2122	0.00	196	0	0	0	nan	0.00	0.00	5.14	84.55	88.73	0.00	40	0	42	0.00	0.00	64.80	7.38	0.00	0.00	2000
228	11.14	2042	2102	0.00	194	0	0	0	nan	0.00	0.00	3.97	85.12	88.86	0.00	40	0	42	0.00	0.00	65.22	7.63	0.00	0.00	2000
229	11.19	2052	2098	0.00	195	0	0	0	nan	0.00	0.01	3.91	84.80	88.81	0.00	40	0	42	0.00	0.00	64.49	7.45	0.00	0.00	2000
228	10.97	2078	2097	1.10	196	0	0	6	69.32	0.00	0.00	3.72	85.34	89.03	0.00	41	0	42	0.00	0.00	65.05	7.18	0.00	0.00	2000
231	11.20	2055	2108	0.38	195	0	0	0	nan	0.00	0.00	4.16	85.03	88.80	0.00	40	0	42	0.00	0.00	65.03	7.44	0.00	0.00	2000
230	11.37	2033	2085	0.00	194	0	0	0	nan	0.00	0.02	4.52	83.63	88.63	0.00	40	0	42	0.00	0.00	64.55	7.41	0.00	0.00	2000
230	11.32	2043	2086	0.00	194	0	0	0	nan	0.00	0.00	4.47	83.72	88.68	0.00	40	0	42	0.00	0.00	61.83	7.19	0.00	0.00	2000
228	11.04	2044	2123	0.00	195	0	0	0	nan	0.00	0.02	6.03	84.10	88.96	0.00	40	0	42	0.00	0.00	67.46	7.80	0.00	0.00	2000
229	11.11	2067	2098	0.00	195	0	0	0	nan	0.00	0.00	3.98	84.95	88.89	0.00	40	0	42	0.00	0.00	64.84	7.59	0.00	0.00	2000
228	11.25	2032	2092	0.00	195	0	0	0	nan	0.00	0.02	4.52	83.93	88.75	0.00	41	0	42	0.00	0.00	64.90	7.39	0.00	0.00	2000
229	11.24	2112	2028	0.00	195	0	0	0	nan	0.00	0.01	4.67	81.21	88.76	0.00	40	0	42	0.00	0.00	59.49	6.75	0.00	0.00	2000
233	11.07	2015	2191	0.00	242	0	0	0	nan	0.00	0.00	4.26	88.60	88.93	0.00	40	0	42	0.00	0.00	70.81	8.13	0.00	0.00	2000
231	11.17	2072	2099	0.00	211	0	0	0	nan	0.00	0.00	3.46	85.39	88.83	0.00	41	0	42	0.00	0.00	64.82	7.22	0.00	0.00	2000
228	10.91	2089	2099	0.00	178	0	0	0	nan	0.00	0.03	4.03	85.03	89.09	0.00	40	0	42	0.00	0.00	64.81	7.48	0.00	0.00	2000
229	11.09	2068	2102	0.00	195	0	0	0	nan	0.00	0.00	3.61	85.53	88.91	0.00	40	0	42	0.00	0.00	65.02	7.35	0.00	0.00	2000
230	11.18	2054	2105	0.00	197	0	0	0	nan	0.00	0.02	3.70	85.36	88.82	0.00	40	0	42	0.00	0.00	60.44	7.38	0.00	0.00	2000
230	11.36	2048	2073	0.00	194	0	0	0	nan	0.00	0.02	3.22	84.35	88.64	0.00	41	0	42	0.00	0.00	67.01	7.22	0.00	0.00	2000
228	11.10	2032	2122	0.00	193	0	0	0	nan	0.00	0.00	4.28	85.60	88.90	0.00	40	0	42	0.00	0.00	66.14	7.58	0.00	0.00	2000
230	11.46	2033	2076	0.00	195	0	0	0	nan	0.00	0.02	3.74	83.90	88.54	0.00	40	0	42	0.00	0.00	63.89	7.17	0.00	0.00	2000
230	11.18	2040	2120	0.00	198	0	0	0	nan	0.00	0.02	5.89	83.78	88.82	0.00	40	0	42	0.00	0.00	68.48	7.77	0.00	0.00	2000
232	11.19	2088	2084	0.92	196	0	0	6	72.66	0.00	0.00	4.26	83.87	88.81	0.00	41	0	42	0.00	0.00	62.65	7.00	0.00	0.00	2000
229	10.90	2084	2115	0.55	195	0	0	0	nan	0.00	0.00	4.51	85.35	89.10	0.00	40	0	42	0.00	0.00	68.60	7.60	0.00	0.00	2000
229	11.12	2078	2080	0.00	194	0	0	0	nan	0.00	0.00	3.85	84.29	88.88	0.00	40	0	42	0.00	0.00	62.33	7.07	0.00	0.00	2000
229	11.11	2062	2098	0.00	195	0	0	0	nan	0.00	0.02	4.68	84.22	88.89	0.00	40	0	42	0.00	0.00	65.47	7.56	0.00	0.00	2000
230	10.96	2078	2124	0.00	195	0	0	0	nan	0.00	0.00	5.01	85.06	89.04	0.00	40	0	42	0.00	0.00	65.28	7.50	0.00	0.00	2000
230	11.30	2057	2081	0.00	196	0	0	0	nan	0.00	0.03	4.95	82.97	88.70	0.00	40	0	42	0.00	0.00	65.34	7.60	0.00	0.00	2000
230	11.10	2061	2108	0.00	195	0	0	0	nan	0.00	0.00	4.64	84.62	88.90	0.00	41	0	42	0.00	0.00	65.45	7.56	0.00	0.00	2000
228	11.17	2032	2107	0.00	195	0	0	0	nan	0.00	0.00	4.50	84.68	88.83	0.00	40	0	42	0.00	0.00	65.59	7.49	0.00	0.00	2000
230	11.19	2067	2086	0.00	196	0	0	0	nan	0.00	0.00	3.66	84.56	88.81	0.00	40	0	42	0.00	0.00	65.59	7.34	0.00	0.00	2000
230	10.75	2125	2118	0.00	195	0	0	0	nan	0.00	0.02	4.81	85.27	89.25	0.00	40	0	42	0.00	0.00	65.25	7.43	0.00	0.00	2000
227	11.40	2080	2012	0.00	195	0	0	0	nan	0.00	0.00	3.63	81.19	88.60	0.00	41	0	42	0.00	0.00	62.64	7.15	0.00	0.00	2000
234	10.86	2090	2166	0.00	212	0	0	0	nan	0.00	0.00	3.75	88.14	89.14	0.00	40	0	42	0.00	0.00	65.17	7.49	0.00	0.00	2000
230	10.96	2074	2129	0.00	196	0	0	0	nan	0.00	0.00	4.93	85.44	89.04	0.00	40	0	42	0.00	0.00	67.86	7.61	0.00	0.00	2000
229	10.94	2098	2095	0.00	195	0	0	0	nan	0.00	0.02	4.36	84.47	89.06	0.00	40	0	42	0.00	0.00	65.31	7.29	0.00	0.00	2000
229	11.07	2067	2104	0.00	194	0	0	0	nan	0.00	0.00	4.19	84.93	88.93	0.00	40	0	42	0.00	0.00	65.62	7.38	0.00	0.00	2000
230	11.37	2051	2071	0.00	195	0	0	0	nan	0.00	0.00	4.81	82.63	88.63	0.00	41	0	42	0.00	0.00	62.24	7.08	0.00	0.00	2000
230	10.82	2091	2135	0.00	195	0	0	0	nan	0.00	0.00	5.17	85.56	89.18	0.00	40	0	42	0.00	0.00	68.87	7.69	0.00	0.00	2000
228	11.20	2059	2081	0.77	197	0	0	6	74.47	0.00	0.00	5.08	82.97	88.80	0.00	41	0	42	0.00	0.00	62.64	7.40	0.00	0.00	2000
231	10.99	2104	2096	0.72	196	0	0	1	90.21	0.00	0.00	4.09	84.77	89.01	0.00	40	0	42	0.00	0.00	65.36	7.12	0.00	0.00	2000
229	10.97	2089	2097	0.00	198	0	0	0	nan	0.00	0.02	6.32	82.62	89.03	0.00	40	0	42	0.00	0.00	65.28	7.47	0.00	0.00	2000
233	11.23	2061	2112	0.00	196	0	0	0	nan	0.00	0.02	5.62	83.68	88.77	0.00	40	0	42	0.00	0.00	65.75	7.61	0.00	0.00	2000
228	10.86	2097	2106	0.00	194	0	0	0	nan	0.00	0.02	3.57	85.88	89.14	0.00	39	0	42	0.00	0.00	64.90	7.51	0.00	0.00	2000
230	11.32	2041	2090	0.00	211	0	0	0	nan	0.00	0.00	3.81	84.39	88.68	0.00	40	0	42	0.00	0.00	65.69	7.71	0.00	0.00	2000
228	11.05	2075	2084	0.00	179	0	0	0	nan	0.00	0.00	5.62	82.76	88.95	0.00	40	0	42	0.00	0.00	65.56	7.48	0.00	0.00	2000
230	11.16	2040	2119	0.00	196	0	0	0	nan	0.00	0.00	5.65	84.09	88.84	0.00	41	0	42	0.00	0.00	66.99	7.78	0.00	0.00	2000
231	10.94	2101	2110	0.00	194	0	0	0	nan	0.00	0.02	4.51	84.95	89.06	0.00	40	0	42	0.00	0.00	62.74	7.12	0.00	0.00	2000
233	11.39	2037	2107	0.00	195	0	0	0	nan	0.00	0.00	4.35	84.58	88.61	0.00	40	0	42	0.00	0.00	64.95	7.45	0.00	0.00	2000
228	11.02	2088	2079	0.00	195	0	0	0	nan	0.00	0.01	3.96	84.18	88.98	0.00	41	0	42	0.00	0.00	65.34	7.41	0.00	0.00	2000
230	11.11	2050	2119	0.00	196	0	0	0	nan	0.00	0.00	5.38	84.36	88.89	0.00	40	0	42	0.00	0.00	64.83	7.50	0.00	0.00	2000
228	11.06	2089	2068	0.00	194	0	0	0	nan	0.00	0.02	3.65	83.89	88.94	0.00	40	0	42	0.00	0.00	65.05	7.58	0.00	0.00	2000
231	10.94	2096	2112	0.00	195	0	0	0	nan	0.00	0.02	4.70	84.95	89.06	0.00	40	0	42	0.00	0.00	64.56	7.50	0.00	0.00	2000
230	11.14	2075	2093	0.00	196	0	0	0	nan	0.00	0.02	5.63	83.02	88.86	0.00	40	0	42	0.00	0.00	65.44	7.36	0.00	0.00	2000
229	11.10	2040	2124	0.00	195	0	0	0	nan	0.00	0.00	5.55	84.47	88.90	0.00	40	0	42	0.00	0.00	64.58	7.30	0.00	0.00	2000
230	11.35	2054	2077	0.00	196	0	0	0	nan	0.00	0.00	4.57	83.13	88.65	0.00	40	0	42	0.00	0.00	64.81	7.41	0.00	0.00	2000
229	11.14	2038	2120	0.42	194	0	0	5	72.65	0.00	0.00	5.25	84.55	88.86	0.00	40	0	42	0.00	0.00	65.22	7.37	0.00	0.00	2000
229	10.96	2090	2101	1.06	194	0	0	3	80.52	0.00	0.01	4.99	84.02	89.04	0.00	40	0	42	0.00	0.00	65.07	7.47	0.00	0.00	2000
231	10.93	2137	2080	0.00	196	0	0	0	nan	0.00	0.00	4.95	83.22	89.07	0.00	40	0	42	0.00	0.00	65.14	7.43	0.00	0.00	2000
229	10.98	2066	2120	0.00	196	0	0	0	nan	0.00	0.02	6.11	83.87	89.02	0.00	40	0	42	0.00	0.00	65.20	7.48	0.00	0.00	2000
230	11.00	2093	2100	0.00	194	0	0	0	nan	0.00	0.00	4.12	84.96	89.00	0.00	40	0	42	0.00	0.00	65.24	7.43	0.00	0.00	2000
229	10.80	2119	2100	0.00	197	0	0	0	nan	0.00	0.03	5.09	84.08	89.20	0.00	40	0	42	0.00	0.00	65.22	7.53	0.00	0.00	2000
230	10.88	2115	2098	0.00	195	0	0	0	nan	0.00	0.00	4.31	84.88	89.12	0.00	41	0	42	0.00	0.00	65.13	7.45	0.00	0.00	2000
230	11.21	2079	2074	0.00	196	0	0	0	nan	0.00	0.02	5.27	82.42	88.79	0.00	41	0	42	0.00	0.00	64.49	7.39	0.00	0.00	2000
231	11.06	2072	2117	0.00	209	0	0	0	nan	0.00	0.00	4.66	84.97	88.94	0.00	41	0	42	0.00	0.00	64.95	7.35	0.00	0.00	2000
229	11.29	2036	2091	0.00	182	0	0	0	nan	0.00	0.02	4.87	83.59	88.71	0.00	40	0	42	0.00	0.00	65.30	7.54	0.00	0.00	2000
230	11.15	2040	2122	0.00	195	0	0	0	nan	0.00	0.01	4.51	85.37	88.85	0.00	40	0	42	0.00	0.00	65.96	7.50	0.00	0.00	2000
229	11.27	2064	2066	0.00	197	0	0	0	nan	0.00	0.00	3.66	83.72	88.73	0.00	40	0	42	0.00	0.00	64.20	7.19	0.00	0.00	2000
230	11.24	2008	2137	0.00	195	0	0	0	nan	0.00	0.00	3.94	86.52	88.76	0.00	40	0	42	0.00	0.00	64.84	7.49	0.00	0.00	2000
231	11.19	2064	2100	0.00	196	0	0	0	nan	0.00	0.02	3.81	85.14	88.81	0.00	40	0	42	0.00	0.00	65.23	7.42	0.00	0.00	2000
229	11.13	2057	2101	0.00	195	0	0	0	nan	0.00	0.00	3.42	85.51	88.87	0.00	41	0	42	0.00	0.00	65.23	7.29	0.00	0.00	2000
228	11.27	2025	2096	0.00	196	0	0	0	nan	0.00	0.02	4.02	84.70	88.73	0.00	40	0	42	0.00	0.00	64.59	7.27	0.00	0.00	2000
229	11.21	2065	2078	0.00	194	0	0	0	nan	0.00	0.00	3.44	84.45	88.79	0.00	40	0	42	0.00	0.00	65.18	7.18	0.00	0.00	2000
228	11.04	2065	2100	0.01	195	0	0	4	75.05	0.00	0.01	4.78	84.21	88.96	0.00	40	0	42	0.00	0.00	64.57	7.38	0.00	0.00	2000
232	11.45	2022	2105	1.38	195	0	0	4	79.28	0.00	0.00	4.89	83.99	88.55	0.00	40	0	42	0.00	0.00	64.86	7.39	0.00	0.00	2000
228	11.14	2054	2093	0.00	195	0	0	0	nan	0.00	0.00	4.52	84.10	88.86	0.00	40	0	42	0.00	0.00	64.61	7.39	0.00	0.00	2000
229	11.13	2056	2105	0.00	195	0	0	0	nan	0.00	0.00	4.35	84.76	88.87	0.00	40	0	42	0.00	0.00	64.51	7.41	0.00	0.00	2000
228	10.96	2071	2113	0.00	195	0	0	0	nan	0.00	0.02	4.89	84.77	89.04	0.00	40	0	42	0.00	0.00	62.00	7.35	0.00	0.00	2000
230	11.26	2045	2096	0.00	193	0	0	0	nan	0.00	0.00	3.91	84.81	88.74	0.00	40	0	42	0.00	0.00	67.28	7.32	0.00	0.00	2000
230	11.30	2043	2089	0.00	195	0	0	0	nan	0.00	0.00	5.43	82.86	88.70	0.00	40	0	42	0.00	0.00	64.64	7.45	0.00	0.00	2000
230	11.11	2046	2128	0.00	197	0	0	0	nan	0.00	0.00	5.13	85.07	88.89	0.00	41	0	42	0.00	0.00	64.69	7.46	0.00	0.00	2000
229	11.29	2054	2073	0.00	195	0	0	0	nan	0.00	0.02	4.10	83.55	88.71	0.00	40	0	42	0.00	0.00	64.67	7.37	0.00	0.00	2000
231	11.33	2024	2118	0.00	199	0	0	0	nan	0.00	0.00	6.33	83.23	88.67	0.00	40	0	42	0.00	0.00	64.79	7.45	0.00	0.00	2000
228	11.08	2055	2100	0.00	196	0	0	0	nan	0.00	0.00	4.77	84.30	88.92	0.00	40	0	42	0.00	0.00	64.57	7.54	0.00	0.00	2000
237	11.53	2066	2085	0.00	198	0	0	0	nan	0.00	0.00	5.08	82.80	88.47	0.00	41	0	42	0.00	0.00	64.89	7.39	0.00	0.00	2000
229	11.03	2068	2105	0.00	195	0	0	0	nan	0.00	0.01	5.01	84.16	88.97	0.00	40	0	42	0.00	0.00	64.91	7.58	0.00	0.00	2000
231	10.93	2088	2121	0.00	195	0	0	0	nan	0.00	0.00	4.35	85.61	89.07	0.00	40	0	43	0.00	0.00	65.09	7.42	0.00	0.00	2000
228	11.22	2059	2074	0.00	194	0	0	0	nan	0.00	0.00	3.83	83.88	88.78	0.00	40	0	42	0.00	0.00	65.11	7.46	0.00	0.00	2000
231	11.16	2059	2107	0.00	195	0	0	0	nan	0.00	0.00	4.45	84.77	88.84	0.00	41	0	42	0.00	0.00	65.07	7.55	0.00	0.00	2000
230	11.32	2031	2101	0.00	196	0	0	0	nan	0.00	0.00	3.93	84.90	88.68	0.00	40	0	42	0.00	0.00	64.17	7.39	0.00	0.00	2000
230	10.99	2076	2120	0.00	196	0	0	2	74.35	0.00	0.00	4.40	85.47	89.01	0.00	40	0	42	0.00	0.00	65.31	7.54	0.00	0.00	2000
228	11.32	2049	2061	1.35	195	0	0	5	71.96	0.00	0.00	3.05	84.04	88.68	0.00	40	0	42	0.00	0.00	61.13	6.99	0.00	0.00	2000
230	11.08	2040	2134	0.00	195	0	0	0	nan	0.00	0.00	5.01	85.45	88.92	0.00	41	0	42	0.00	0.00	67.08	7.66	0.00	0.00	2000
230	11.35	2056	2072	0.00	195	0	0	0	nan	0.00	0.03	4.23	83.40	88.65	0.00	37	0	42	0.00	0.00	62.37	7.09	0.00	0.00	2000
229	10.99	2061	2126	0.00	195	0	0	0	nan	0.00	0.00	4.20	86.07	89.01	0.00	37	0	42	0.00	0.00	67.66	7.74	0.00	0.00	2000
231	11.32	2045	2093	0.00	196	0	0	0	nan	0.00	0.00	3.90	84.53	88.68	0.00	37	0	42	0.00	0.00	64.66	7.50	0.00	0.00	2000
230	11.13	2059	2106	0.00	196	0	0	0	nan	0.00	0.00	3.68	85.46	88.87	0.00	37	0	42	0.00	0.00	65.79	7.50	0.00	0.00	2000
227	11.12	2094	2050	0.00	195	0	0	0	nan	0.00	0.01	3.76	83.13	88.88	0.00	37	0	42	0.00	0.00	58.36	6.80	0.00	0.00	2000
228	11.02	2108	2065	0.00	194	0	0	0	nan	0.00	0.02	3.54	83.95	88.98	0.00	37	0	42	0.00	0.00	66.32	7.69	0.00	0.00	2000
230	10.83	2079	2142	0.00	210	0	0	0	nan	0.00	0.02	2.23	88.74	89.17	0.00	37	0	42	0.00	0.00	63.49	7.36	0.00	0.00	2000
231	10.87	2079	2150	0.00	197	0	0	0	nan	0.00	0.03	3.00	88.25	89.13	0.00	37	0	42	0.00	0.00	70.45	8.18	0.00	0.00	2000
228	11.18	2083	2055	0.00	194	0	0	0	nan	0.00	0.02	3.10	83.85	88.82	0.00	37	0	42	0.00	0.00	61.98	7.19	0.00	0.00	2000
231	11.03	2052	2147	0.00	197	0	0	0	nan	0.00	0.02	5.06	86.00	88.97	0.00	37	0	42	0.00	0.00	67.74	7.77	0.00	0.00	2000
229	11.38	2043	2073	0.00	195	0	0	0	nan	0.00	0.02	3.45	84.02	88.62	0.00	37	0	42	0.00	0.00	62.14	7.08	0.00	0.00	2000
230	11.15	2069	2094	0.00	195	0	0	0	nan	0.00	0.00	5.41	83.29	88.85	0.00	38	0	42	0.00	0.00	64.70	7.51	0.00	0.00	2000
230	11.36	2026	2099	0.00	197	0	0	0	nan	0.00	0.00	5.22	83.56	88.64	0.00	37	0	42	0.00	0.00	64.65	7.53	0.00	0.00	2000
230	11.12	2048	2119	0.00	195	0	0	0	nan	0.00	0.00	4.30	85.44	88.88	0.00	37	0	42	0.00	0.00	64.85	7.41	0.00	0.00	2000
228	11.09	2065	2092	0.00	195	0	0	1	80.83	0.00	0.00	4.87	83.77	88.91	0.00	37	0	42	0.00	0.00	64.85	7.54	0.00	0.00	2000
228	10.92	2102	2088	1.43	194	0	0	6	76.01	0.00	0.00	4.83	83.77	89.08	0.00	37	0	42	0.00	0.00	64.89	7.41	0.00	0.00	2000
229	11.02	2075	2100	0.00	196	0	0	0	nan	0.00	0.00	5.06	83.94	88.98	0.00	37	0	42	0.00	0.00	64.94	7.30	0.00	0.00	2000
231	11.16	2068	2103	0.00	196	0	0	0	nan	0.00	0.00	5.00	84.00	88.84	0.00	37	0	42	0.00	0.00	65.01	7.32	0.00	0.00	2000
228	11.06	2069	2092	0.00	194	0	0	0	nan	0.00	0.00	4.52	84.19	88.94	0.00	37	0	42	0.00	0.00	62.18	7.26	0.00	0.00	2000
230	10.81	2083	2140	0.00	195	0	0	0	nan	0.00	0.00	4.54	86.42	89.19	0.00	37	0	42	0.00	0.00	70.24	8.05	0.00	0.00	2000
229	10.91	2145	2052	0.00	195	0	0	0	nan	0.00	0.01	3.91	83.03	89.09	0.00	37	0	42	0.00	0.00	59.47	6.82	0.00	0.00	2000
231	10.61	2165	2115	0.00	194	0	0	0	nan	0.00	0.00	4.32	85.60	89.39	0.00	37	0	42	0.00	0.00	64.73	7.54	0.00	0.00	2000
232	11.11	2099	2087	0.00	196	0	0	0	nan	0.00	0.00	5.10	83.26	88.89	0.00	37	0	42	0.00	0.00	65.08	7.48	0.00	0.00	2000
230	11.01	2074	2114	0.00	194	0	0	0	nan	0.00	0.00	4.21	85.48	88.99	0.00	37	0	42	0.00	0.00	65.05	7.62	0.00	0.00	2000
228	11.18	2050	2092	0.00	196	0	0	0	nan	0.00	0.00	4.72	83.85	88.82	0.00	37	0	42	0.00	0.00	64.58	7.44	0.00	0.00	2000
230	10.70	2137	2110	0.00	195	0	0	0	nan	0.00	0.00	4.16	85.58	89.30	0.00	37	0	42	0.00	0.00	67.66	7.92	0.00	0.00	2000
231	11.42	2030	2089	0.00	195	0	0	0	nan	0.00	0.00	4.07	84.23	88.58	0.00	37	0	42	0.00	0.00	62.44	7.12	0.00	0.00	2000
232	10.74	2148	2113	0.00	196	0	0	0	nan	0.00	0.00	4.40	85.39	89.26	0.00	37	0	42	0.00	0.00	65.02	7.47	0.00	0.00	2000
229	10.93	2087	2106	0.00	196	0	0	0	nan	0.00	0.00	4.23	85.13	89.07	0.00	37	0	42	0.00	0.00	65.51	7.46	0.00	0.00	2000
230	11.17	2042	2120	0.00	197	0	0	0	nan	0.00	0.00	4.32	85.43	88.83	0.00	37	0	42	0.00	0.00	66.58	7.43	0.00	0.00	2000
228	11.00	2092	2083	0.00	197	0	0	0	nan	0.00	0.02	4.21	84.10	89.00	0.00	37	0	42	0.00	0.00	62.77	7.66	0.00	0.00	2000
229	11.04	2067	2103	0.00	195	0	0	0	nan	0.00	0.00	3.25	85.86	88.96	0.00	37	0	42	0.00	0.00	64.41	7.40	0.00	0.00	2000
228	11.18	2070	2068	1.26	195	0	0	6	70.54	0.00	0.00	4.58	82.95	88.82	0.00	37	0	42	0.00	0.00	65.22	7.49	0.00	0.00	2000
232	11.18	2047	2127	0.22	196	0	0	0	nan	0.00	0.02	4.05	86.07	88.82	0.00	37	0	42	0.00	0.00	63.83	7.50	0.00	0.00	2000
229	10.90	2096	2107	0.00	194	0	0	0	nan	0.00	0.00	3.98	85.48	89.10	0.00	36	0	42	0.00	0.00	65.14	7.46	0.00	0.00	2000
230	10.86	2105	2113	0.00	195	0	0	0	nan	0.00	0.00	3.96	85.71	89.14	0.00	37	0	42	0.00	0.00	67.25	7.59	0.00	0.00	2000
227	11.20	2079	2050	0.00	195	0	0	0	nan	0.00	0.00	4.08	82.75	88.80	0.00	37	0	42	0.00	0.00	62.31	7.27	0.00	0.00	2000
230	11.19	2036	2122	0.00	196	0	0	0	nan	0.00	0.03	4.13	85.68	88.81	0.00	37	0	42	0.00	0.00	64.88	7.44	0.00	0.00	2000
232	10.76	2145	2110	0.00	196	0	0	0	nan	0.00	0.00	4.86	84.78	89.24	0.00	37	0	42	0.00	0.00	65.43	7.45	0.00	0.00	2000
229	11.10	2059	2102	0.00	194	0	0	0	nan	0.00	0.00	4.73	84.23	88.90	0.00	37	0	42	0.00	0.00	64.92	7.33	0.00	0.00	2000
228	11.30	2037	2077	0.00	195	0	0	0	nan	0.00	0.00	4.38	83.47	88.70	0.00	38	0	42	0.00	0.00	64.30	7.54	0.00	0.00	2000
229	10.98	2081	2109	0.00	196	0	0	0	nan	0.00	0.00	3.38	86.03	89.02	0.00	37	0	42	0.00	0.00	64.39	7.28	0.00	0.00	2000
228	11.04	2057	2104	0.00	194	0	0	0	nan	0.00	0.00	4.26	84.90	88.96	0.00	37	0	42	0.00	0.00	64.33	7.37	0.00	0.00	2000
231	11.27	2045	2104	0.00	195	0	0	0	nan	0.00	0.00	5.07	83.89	88.73	0.00	37	0	42	0.00	0.00	65.02	7.46	0.00	0.00	2000
230	10.87	2083	2130	0.00	197	1	0	0	nan	0.00	0.00	4.39	86.12	89.13	0.00	37	0	42	0.00	0.00	66.24	7.60	0.00	0.00	2000
227	11.14	2108	2033	0.00	194	0	0	0	nan	0.00	0.01	3.42	82.58	88.86	0.00	37	0	42	0.00	0.00	62.93	7.07	0.00	0.00	2000
229	10.77	2102	2127	0.00	194	0	0	0	nan	0.00	0.01	3.51	86.86	89.23	0.00	37	0	42	0.00	0.00	65.23	7.27	0.00	0.00	2000
230	11.04	2078	2104	0.00	195	0	0	0	nan	0.00	0.00	3.65	85.53	88.96	0.00	37	0	42	0.00	0.00	64.52	7.38	0.00	0.00	2000
229	11.32	2036	2091	0.00	196	0	0	0	nan	0.00	0.00	4.59	83.87	88.69	0.00	37	0	42	0.00	0.00	64.68	7.40	0.00	0.00	2000
230	10.80	2134	2099	0.92	197	0	0	6	71.99	0.00	0.01	3.69	85.58	89.20	0.00	37	0	42	0.00	0.00	64.60	7.18	0.00	0.00	2000
230	10.72	2119	2123	0.55	198	0	0	0	88.71	0.00	0.01	5.42	84.81	89.28	0.00	37	0	42	0.00	0.00	65.39	7.39	0.00	0.00	2000
229	10.92	2123	2072	0.00	195	0	0	0	nan	0.01	0.00	4.08	83.90	89.08	0.00	37	0	42	0.00	0.00	63.87	7.07	0.00	0.00	2000
229	10.44	2162	2128	0.00	195	0	0	0	nan	0.00	0.01	2.88	87.79	89.56	0.00	37	0	42	0.00	0.00	66.06	7.35	0.00	0.00	2000
232	11.08	2093	2104	0.00	195	0	0	0	nan	0.00	0.04	2.73	86.37	88.92	0.00	38	0	42	0.00	0.00	63.78	7.13	0.00	0.00	2000
230	10.97	2081	2115	0.00	195	0	0	0	nan	0.00	0.03	3.36	86.48	89.03	0.00	37	0	42	0.00	0.00	66.39	7.58	0.00	0.00	2000
230	11.34	2076	2047	0.00	196	0	0	0	nan	0.00	0.00	3.24	83.27	88.66	0.00	37	0	42	0.00	0.00	63.82	7.24	0.00	0.00	2000
230	11.15	2033	2130	0.00	195	0	0	0	nan	0.00	0.02	3.44	86.83	88.85	0.00	38	0	42	0.00	0.00	64.52	7.30	0.00	0.00	2000
230	11.39	2042	2074	0.00	195	0	0	0	nan	0.00	0.00	4.38	83.27	88.61	0.00	37	0	42	0.00	0.00	64.13	7.34	0.00	0.00	2000
232	11.20	2025	2150	0.00	210	0	0	0	nan	0.00	0.02	7.37	83.71	88.80	0.00	37	0	42	0.00	0.00	65.23	7.33	0.00	0.00	2000
231	11.15	2100	2070	0.00	195	0	0	0	nan	0.00	0.00	3.78	83.88	88.85	0.00	37	0	42	0.00	0.00	64.74	7.33	0.00	0.00	2000
229	10.92	2105	2091	0.00	194	0	0	0	nan	0.00	0.00	4.31	84.56	89.08	0.00	37	0	42	0.00	0.00	61.74	7.38	0.00	0.00	2000
229	10.78	2119	2108	0.00	195	0	0	0	nan	0.00	0.00	3.93	85.58	89.22	0.00	37	0	42	0.00	0.00	67.74	7.32	0.00	0.00	2000
229	10.97	2069	2123	0.00	196	0	0	0	nan	0.00	0.02	4.63	85.43	89.03	0.00	37	0	42	0.00	0.00	64.55	7.44	0.00	0.00	2000
229	11.29	2020	2107	0.00	194	0	0	0	nan	0.00	0.00	3.74	85.31	88.71	0.00	37	0	42	0.00	0.00	65.07	7.24	0.00	0.00	2000
231	11.00	2106	2089	0.00	196	0	0	0	nan	0.00	0.00	3.82	84.71	89.00	0.00	37	0	42	0.00	0.00	65.75	7.65	0.00	0.00	2000
228	11.18	2078	2059	0.00	196	0	0	0	nan	0.00	0.00	3.05	84.19	88.82	0.00	37	0	42	0.00	0.00	63.78	7.16	0.00	0.00	2000
229	10.91	2092	2107	0.58	195	0	0	6	75.19	0.00	0.02	3.96	85.53	89.09	0.00	37	0	42	0.00	0.00	64.65	7.28	0.00	0.00	2000
231	11.11	2058	2119	0.89	195	0	0	2	84.73	0.00	0.03	3.96	85.76	88.89	0.00	38	0	42	0.00	0.00	65.09	7.45	0.00	0.00	2000
229	11.15	2034	2117	0.00	195	0	0	0	nan	0.00	0.00	4.75	84.96	88.85	0.00	37	0	42	0.00	0.00	64.71	7.33	0.00	0.00	2000
231	11.25	2081	2072	0.00	196	0	0	0	nan	0.00	0.00	4.23	83.33	88.75	0.00	37	0	42	0.00	0.00	64.58	7.38	0.00	0.00	2000
230	11.05	2062	2123	0.00	196	0	0	0	nan	0.00	0.00	5.44	84.60	88.95	0.00	37	0	42	0.00	0.00	65.41	7.51	0.00	0.00	2000
230	11.38	2012	2111	0.00	198	0	0	0	nan	0.00	0.00	3.82	85.38	88.62	0.00	37	0	42	0.00	0.00	64.68	7.43	0.00	0.00	2000
230	11.12	2097	2071	0.00	194	0	0	0	nan	0.00	0.00	3.61	84.04	88.88	0.00	37	0	42	0.00	0.00	64.88	7.37	0.00	0.00	2000
230	10.91	2072	2134	0.00	195	0	0	0	nan	0.00	0.00	4.13	86.51	89.09	0.00	37	0	42	0.00	0.00	64.94	7.40	0.00	0.00	2000
236	11.75	2032	2076	0.00	198	0	0	0	nan	0.00	0.01	4.28	83.09	88.25	0.00	37	0	42	0.00	0.00	64.91	7.37	0.00	0.00	2000
229	11.12	2045	2111	0.00	194	0	0	0	nan	0.00	0.00	3.98	85.50	88.88	0.00	37	0	42	0.00	0.00	65.09	7.36	0.00	0.00	2000
229	11.22	2053	2084	0.00	195	0	0	0	nan	0.00	0.00	3.40	84.82	88.78	0.00	37	0	42	0.00	0.00	65.25	7.47	0.00	0.00	2000
230	11.11	2063	2110	0.00	195	0	0	0	nan	0.00	0.02	3.66	85.81	88.89	0.00	37	0	42	0.00	0.00	64.93	7.73	0.00	0.00	2000
228	11.25	2038	2091	0.00	194	0	0	0	nan	0.00	0.00	4.35	84.10	88.75	0.00	37	0	42	0.00	0.00	64.74	7.42	0.00	0.00	2000
228	11.21	2010	2126	0.00	195	0	0	0	nan	0.00	0.00	4.45	85.55	88.79	0.00	37	0	41	0.00	0.00	64.84	7.61	0.00	0.00	2000
232	11.36	2070	2076	0.00	204	0	0	0	nan	0.00	0.00	5.57	82.10	88.64	0.00	37	0	42	0.00	0.00	65.00	7.43	0.00	0.00	2000
231	11.08	2090	2094	0.00	198	0	0	0	nan	0.00	0.00	7.25	81.45	88.92	0.00	37	0	42	0.00	0.00	64.93	7.49	0.00	0.00	2000
229	10.83	2121	2096	0.00	200	0	0	0	nan	0.00	0.00	7.43	81.67	89.17	0.00	37	0	42	0.00	0.00	64.85	7.46	0.00	0.00	2000
229	11.36	2005	2110	0.17	199	0	0	4	73.05	0.00	0.03	6.78	82.44	88.64	0.00	37	0	42	0.00	0.00	64.31	7.38	0.00	0.00	2000
229	10.98	2100	2090	1.23	199	0	0	4	80.85	0.00	0.00	4.68	83.96	89.02	0.00	37	0	42	0.00	0.00	64.86	7.46	0.00	0.00	2000
233	11.28	2057	2110	0.00	204	0	0	0	nan	0.00	0.00	7.61	81.61	88.72	0.00	37	0	42	0.00	0.00	65.17	7.30	0.00	0.00	2000
228	10.92	2104	2082	0.00	199	0	0	0	nan	0.00	0.00	7.68	80.75	89.08	0.00	37	0	42	0.00	0.00	61.55	7.11	0.00	0.00	2000
231	11.08	2061	2120	0.00	200	0	0	0	nan	0.00	0.01	7.45	82.36	88.92	0.00	38	0	42	0.00	0.00	68.33	7.60	0.00	0.00	2000
230	11.25	2042	2101	0.00	199	0	0	0	nan	0.00	0.00	6.77	82.05	88.75	0.00	37	0	42	0.00	0.00	64.81	7.57	0.00	0.00	2000
232	11.21	2075	2095	0.00	199	0	0	0	nan	0.00	0.00	6.54	82.01	88.79	0.00	38	0	42	0.00	0.00	65.29	7.37	0.00	0.00	2000
266	12.37	2172	2079	0.00	202	0	0	0	nan	0.00	0.00	7.16	79.66	87.63	0.00	38	0	42	0.00	0.00	60.32	6.81	0.00	0.00	2000
232	10.91	2081	2145	0.00	203	0	0	0	nan	0.00	0.00	8.95	82.14	89.09	0.00	37	0	42	0.00	0.00	71.07	7.98	0.00	0.00	2000
229	11.10	2085	2079	0.00	200	0	0	0	nan	0.00	0.00	5.76	82.29	88.90	0.00	37	0	42	0.00	0.00	65.51	7.58	0.00	0.00	2000
230	11.11	2081	2092	0.00	198	0	0	0	nan	0.00	0.02	5.92	82.66	88.89	0.00	37	0	42	0.00	0.00	61.91	7.02	0.00	0.00	2000
229	11.05	2046	2128	0.00	198	0	0	0	nan	0.00	0.01	4.62	85.51	88.95	0.00	37	0	42	0.00	0.00	68.46	7.83	0.00	0.00	2000
232	11.39	2062	2079	0.00	200	0	0	0	nan	0.01	0.01	4.64	83.05	88.61	0.00	37	0	42	0.00	0.00	61.71	6.77	0.00	0.00	2000
229	11.18	2047	2104	0.00	194	0	0	0	nan	0.00	0.00	4.04	85.03	88.82	0.00	37	0	42	0.00	0.00	67.65	8.04	0.00	0.00	2000
231	10.90	2131	2088	0.00	195	0	0	0	nan	0.00	0.00	4.24	84.27	89.10	0.00	37	0	42	0.00	0.00	59.54	6.83	0.00	0.00	2000
229	10.59	2172	2093	0.00	195	0	0	0	nan	0.00	0.00	4.00	85.11	89.41	0.00	37	0	42	0.00	0.00	64.77	7.38	0.00	0.00	2000
230	10.85	2093	2124	0.00	195	0	0	0	nan	0.00	0.01	4.59	85.57	89.15	0.00	37	0	42	0.00	0.00	70.34	8.04	0.00	0.00	2000
227	11.15	2067	2068	0.00	195	0	0	3	77.16	0.00	0.00	3.98	83.57	88.85	0.00	37	0	42	0.00	0.00	59.08	6.74	0.00	0.00	2000
228	11.14	2122	2029	1.26	195	0	0	5	78.89	0.00	0.04	4.26	81.48	88.86	0.00	37	0	42	0.00	0.00	64.97	7.29	0.00	0.00	2000
231	10.46	2120	2187	0.00	210	0	0	0	nan	0.00	0.01	2.96	90.29	89.54	0.00	37	0	42	0.00	0.00	64.88	7.37	0.00	0.00	2000
230	10.88	2089	2123	0.00	196	0	0	0	nan	0.00	0.00	4.30	85.89	89.12	0.00	37	0	42	0.00	0.00	67.57	7.37	0.00	0.00	2000
228	11.01	2093	2073	0.00	195	0	0	0	nan	0.00	0.00	3.40	84.60	88.99	0.00	37	0	42	0.00	0.00	61.59	7.29	0.00	0.00	2000
235	11.15	2098	2108	0.00	195	0	0	0	nan	0.00	0.03	4.51	84.73	88.85	0.00	37	0	42	0.00	0.00	65.32	7.40	0.00	0.00	2000
230	11.32	2026	2103	0.00	195	0	0	0	nan	0.00	0.00	4.45	84.40	88.68	0.00	37	0	42	0.00	0.00	65.29	7.48	0.00	0.00	2000
230	11.13	2064	2101	0.00	196	0	0	0	nan	0.00	0.00	4.43	84.54	88.87	0.00	37	0	42	0.00	0.00	65.81	7.40	0.00	0.00	2000
228	10.62	2161	2091	0.00	195	0	0	0	nan	0.00	0.00	3.64	85.27	89.38	0.00	37	0	42	0.00	0.00	65.24	7.36	0.00	0.00	2000
230	10.88	2104	2109	0.00	195	0	0	0	nan	0.00	0.00	3.50	85.99	89.12	0.00	37	0	42	0.00	0.00	65.35	7.25	0.00	0.00	2000
230	10.96	2091	2109	0.00	195	0	0	0	nan	0.00	0.00	4.00	85.40	89.04	0.00	37	0	42	0.00	0.00	64.87	7.25	0.00	0.00	2000
231	11.25	2050	2099	0.00	198	0	0	0	nan	0.00	0.00	5.45	83.30	88.75	0.00	37	0	42	0.00	0.00	65.63	7.44	0.00	0.00	2000
229	10.93	2116	2078	0.00	197	0	0	0	nan	0.00	0.00	5.11	83.08	89.07	0.00	37	0	42	0.00	0.00	64.51	7.29	0.00	0.00	2000
232	10.96	2099	2115	0.00	199	0	0	0	nan	0.00	0.06	4.01	85.75	89.04	0.00	37	0	42	0.00	0.00	65.60	7.39	0.00	0.00	2000
229	11.00	2087	2092	0.00	194	0	0	0	nan	0.00	0.00	4.38	84.37	89.00	0.00	38	0	42	0.00	0.00	65.25	7.37	0.00	0.00	2000
229	10.96	2079	2116	0.00	195	0	0	0	nan	0.00	0.00	4.31	85.38	89.04	0.00	37	0	42	0.00	0.00	65.23	7.51	0.00	0.00	2000
230	10.83	2118	2104	0.00	197	0	0	0	nan	0.00	0.00	5.04	84.35	89.17	0.00	38	0	42	0.00	0.00	65.22	7.30	0.00	0.00	2000
229	11.10	2076	2091	0.00	195	0	0	2	78.32	0.00	0.00	4.33	84.23	88.90	0.00	37	0	42	0.00	0.00	65.15	7.23	0.00	0.00	2000
228	10.80	2120	2094	1.36	195	0	0	6	77.94	0.00	0.00	4.40	84.59	89.20	0.00	37	0	42	0.00	0.00	65.68	7.36	0.00	0.00	2000
229	11.02	2074	2107	0.00	194	0	0	0	nan	0.00	0.00	4.63	84.76	88.98	0.00	37	0	42	0.00	0.00	65.01	7.39	0.00	0.00	2000
229	11.15	2053	2101	0.00	195	0	0	0	nan	0.00	0.00	4.46	84.48	88.85	0.00	37	0	42	0.00	0.00	65.28	7.41	0.00	0.00	2000
231	11.19	2055	2109	0.00	196	0	0	0	nan	0.00	0.00	4.36	84.94	88.81	0.00	37	0	42	0.00	0.00	65.61	7.66	0.00	0.00	2000
229	11.17	2060	2093	0.00	197	0	0	0	nan	0.00	0.00	3.23	85.36	88.83	0.00	38	0	42	0.00	0.00	64.89	7.29	0.00	0.00	2000
230	10.98	2075	2116	0.00	194	0	0	0	nan	0.00	0.00	4.30	85.56	89.02	0.00	37	0	42	0.00	0.00	66.08	7.57	0.00	0.00	2000
228	11.32	2056	2059	0.00	196	0	0	0	nan	0.00	0.02	3.46	83.57	88.68	0.00	38	0	42	0.00	0.00	63.82	7.23	0.00	0.00	2000
230	10.95	2059	2143	0.00	195	0	0	0	nan	0.00	0.00	4.02	86.91	89.05	0.00	37	0	42	0.00	0.00	64.64	7.44	0.00	0.00	2000
229	11.15	2088	2061	0.00	195	0	0	0	nan	0.00	0.00	3.83	83.46	88.85	0.00	37	0	42	0.00	0.00	65.03	7.44	0.00	0.00	2000
229	10.74	2110	2126	0.00	195	0	0	0	nan	0.00	0.02	3.91	86.42	89.26	0.00	37	0	42	0.00	0.00	65.25	7.47	0.00	0.00	2000
228	11.17	2057	2080	0.00	195	0	0	0	nan	0.00	0.00	4.14	83.96	88.83	0.00	37	0	42	0.00	0.00	64.88	7.60	0.00	0.00	2000
225	11.31	2067	2019	0.00	194	0	0	0	nan	0.00	0.02	4.54	80.81	88.69	0.00	37	0	42	0.00	0.00	59.63	6.97	0.00	0.00	2000
231	10.85	2033	2202	0.00	211	0	0	0	nan	0.00	0.02	2.58	91.03	89.15	0.00	37	0	42	0.00	0.00	71.21	8.14	0.00	0.00	2000
232	11.02	2108	2094	0.00	195	0	0	0	nan	0.00	0.00	4.97	83.83	88.98	0.00	37	0	42	0.00	0.00	64.55	7.47	0.00	0.00	2000
229	10.74	2123	2112	0.00	198	0	0	0	nan	0.00	0.00	4.66	85.19	89.26	0.00	37	0	42	0.00	0.00	66.34	7.44	0.00	0.00	2000
225	11.15	2117	1999	0.00	196	0	0	0	nan	0.00	0.00	3.70	80.91	88.85	0.00	37	0	42	0.00	0.00	59.93	6.93	0.00	0.00	2000
232	10.69	2080	2190	0.00	211	0	0	2	76.57	0.00	0.00	2.83	90.30	89.31	0.00	37	0	42	0.00	0.00	70.58	8.15	0.00	0.00	2000
229	10.96	2081	2108	1.36	193	0	0	6	77.53	0.00	0.00	4.14	85.35	89.04	0.00	37	0	42	0.00	0.00	65.36	7.50	0.00	0.00	2000
232	11.18	2081	2090	0.00	197	0	0	0	nan	0.00	0.01	4.52	83.98	88.82	0.00	37	0	42	0.00	0.00	64.86	7.67	0.00	0.00	2000
229	10.82	2108	2112	0.00	195	0	0	0	nan	0.00	0.00	4.24	85.44	89.18	0.00	37	0	42	0.00	0.00	65.09	7.46	0.00	0.00	2000
228	10.88	2113	2087	0.00	194	0	0	0	nan	0.00	0.00	4.44	84.12	89.12	0.00	37	0	42	0.00	0.00	65.07	7.42	0.00	0.00	2000
232	11.04	2087	2110	0.00	195	0	0	0	nan	0.00	0.00	4.19	85.25	88.96	0.00	37	0	42	0.00	0.00	64.62	7.56	0.00	0.00	2000
229	10.92	2104	2090	0.00	195	0	0	0	nan	0.00	0.00	4.50	84.18	89.08	0.00	37	0	42	0.00	0.00	64.56	7.54	0.00	0.00	2000
233	11.01	2078	2139	0.00	196	0	0	0	nan	0.00	0.02	5.36	85.41	88.99	0.00	37	0	42	0.00	0.00	65.56	7.31	0.00	0.00	2000
228	10.99	2113	2061	0.00	195	0	0	0	nan	0.00	0.00	3.59	83.83	89.01	0.00	37	0	42	0.00	0.00	65.07	7.40	0.00	0.00	2000
228	10.88	2089	2111	0.00	194	0	0	0	nan	0.00	0.00	4.82	84.83	89.12	0.00	38	0	42	0.00	0.00	64.67	7.49	0.00	0.00	2000
229	10.89	2101	2103	0.00	194	0	0	0	nan	0.00	0.00	4.10	85.18	89.11	0.00	37	0	42	0.00	0.00	64.84	7.39	0.00	0.00	2000
229	11.11	2059	2106	0.00	196	0	0	0	nan	0.00	0.00	4.86	84.44	88.89	0.00	37	0	42	0.00	0.00	64.90	7.48	0.00	0.00	2000
230	11.42	2022	2095	0.00	196	0	0	0	nan	0.00	0.00	4.48	83.96	88.58	0.00	37	0	42	0.00	0.00	64.99	7.58	0.00	0.00	2000
230	11.30	2029	2106	0.00	195	0	0	0	nan	0.00	0.00	4.67	84.39	88.70	0.00	37	0	42	0.00	0.00	64.73	7.53	0.00	0.00	2000
228	11.15	2074	2072	0.00	195	0	0	0	nan	0.00	0.00	4.16	83.60	88.85	0.00	37	0	42	0.00	0.00	64.87	7.68	0.00	0.00	2000
230	10.88	2100	2115	0.00	195	0	0	0	nan	0.00	0.00	4.30	85.48	89.12	0.00	37	0	42	0.00	0.00	65.45	7.57	0.00	0.00	2000
227	11.12	2045	2099	0.00	194	0	0	0	nan	0.00	0.00	4.23	84.68	88.88	0.00	37	0	42	0.00	0.00	64.94	7.62	0.00	0.00	2000
231	11.09	2089	2094	0.00	195	0	0	0	95.95	0.00	0.00	5.00	83.72	88.91	0.00	38	0	42	0.00	0.00	64.87	7.43	0.00	0.00	2000
230	10.93	2105	2096	1.43	198	0	0	6	75.27	0.00	0.00	5.30	83.79	89.07	0.00	37	0	42	0.00	0.00	65.22	7.45	0.00	0.00	2000
231	10.98	2095	2111	0.02	197	0	0	0	nan	0.00	0.03	5.12	84.40	89.02	0.00	37	0	42	0.00	0.00	65.28	7.44	0.00	0.00	2000
230	11.02	2087	2098	0.00	196	0	0	0	nan	0.00	0.00	4.73	84.23	88.98	0.00	37	0	42	0.00	0.00	65.30	7.40	0.00	0.00	2000
229	10.87	2109	2101	0.00	194	0	0	0	nan	0.00	0.00	4.37	84.89	89.13	0.00	37	0	42	0.00	0.00	64.81	7.48	0.00	0.00	2000
230	11.26	2024	2121	0.00	195	0	0	0	nan	0.00	0.00	4.33	85.44	88.74	0.00	37	0	42	0.00	0.00	64.94	7.49	0.00	0.00	2000
237	11.66	2052	2084	0.00	199	0	0	0	nan	0.00	0.00	5.16	82.56	88.34	0.00	37	0	42	0.00	0.00	65.44	7.49	0.00	0.00	2000
228	11.06	2078	2086	0.00	196	0	0	0	nan	0.00	0.00	4.68	83.76	88.94	0.00	37	0	42	0.00	0.00	65.21	7.35	0.00	0.00	2000
229	10.91	2090	2110	0.00	194	0	0	0	nan	0.00	0.01	3.57	85.97	89.09	0.00	37	0	42	0.00	0.00	65.14	7.41	0.00	0.00	2000
228	10.95	2093	2092	0.00	195	0	0	0	nan	0.00	0.00	4.45	84.38	89.05	0.00	37	0	42	0.00	0.00	64.63	7.45	0.00	0.00	2000
226	11.34	2070	2019	0.00	195	0	0	0	nan	0.00	0.02	4.18	81.22	88.66	0.00	37	0	42	0.00	0.00	60.01	6.81	0.00	0.00	2000
232	10.87	2035	2206	0.00	211	0	0	0	nan	0.00	0.00	3.70	90.09	89.13	0.00	37	0	42	0.00	0.00	70.64	7.93	0.00	0.00	2000
229	11.14	2048	2107	0.00	195	0	0	0	nan	0.00	0.00	4.38	84.83	88.86	0.00	38	0	42	0.00	0.00	65.74	7.47	0.00	0.00	2000
229	11.13	2073	2081	0.00	195	0	0	0	nan	0.00	0.00	3.26	84.89	88.87	0.00	37	0	42	0.00	0.00	61.48	7.14	0.00	0.00	2000
230	11.29	2037	2100	0.00	195	0	0	0	nan	0.00	0.00	4.45	84.32	88.71	0.00	37	0	42	0.00	0.00	67.78	8.12	0.00	0.00	2000
231	10.76	2140	2112	0.00	195	0	0	0	nan	0.00	0.00	3.91	85.82	89.24	0.00	37	0	42	0.00	0.00	65.13	7.58	0.00	0.00	2000
230	11.13	2044	2125	0.00	203	0	0	0	nan	0.00	0.00	6.50	83.41	88.87	0.00	37	0	42	0.00	0.00	65.93	7.54	0.00	0.00	2000
231	11.21	2059	2105	0.00	195	0	0	0	nan	0.00	0.01	4.08	85.03	88.79	0.00	37	0	42	0.00	0.00	61.72	7.04	0.00	0.00	2000
230	11.01	2092	2092	1.09	195	0	0	5	62.30	0.00	0.00	2.83	85.93	88.99	0.00	37	0	42	0.00	0.00	64.95	7.38	0.00	0.00	2000
225	11.28	2110	1985	0.28	196	0	0	0	nan	0.00	0.00	3.44	80.38	88.72	0.00	37	0	42	0.00	0.00	62.74	7.19	0.00	0.00	2000
233	10.62	2079	2215	0.00	194	0	0	0	nan	0.00	0.02	3.89	90.37	89.38	0.00	37	0	42	0.00	0.00	70.89	8.10	0.00	0.00	2000
231	11.36	2052	2085	0.00	198	0	0	0	nan	0.00	0.00	4.54	83.64	88.64	0.00	37	0	42	0.00	0.00	65.07	7.53	0.00	0.00	2000
231	11.06	2096	2089	0.00	196	0	0	0	nan	0.00	0.00	5.00	83.56	88.94	0.00	37	0	42	0.00	0.00	65.56	7.46	0.00	0.00	2000
228	10.97	2075	2108	0.00	196	0	0	0	nan	0.00	0.00	4.26	85.21	89.03	0.00	37	0	42	0.00	0.00	65.05	7.37	0.00	0.00	2000
231	11.24	2061	2092	0.00	195	0	0	0	nan	0.00	0.02	4.70	83.79	88.76	0.00	37	0	42	0.00	0.00	65.43	7.38	0.00	0.00	2000
228	10.96	2092	2084	0.00	195	0	0	0	nan	0.00	0.00	3.91	84.61	89.04	0.00	37	0	42	0.00	0.00	62.46	6.74	0.00	0.00	2000
232	11.16	2048	2134	0.00	196	0	0	0	nan	0.00	0.03	3.41	86.92	88.84	0.00	37	0	42	0.00	0.00	68.15	8.11	0.00	0.00	2000
231	10.96	2132	2073	0.00	194	0	0	0	nan	0.00	0.00	3.79	84.03	89.04	0.00	37	0	42	0.00	0.00	59.73	6.56	0.00	0.00	2000
229	10.96	2083	2109	0.00	195	0	0	0	nan	0.00	0.02	3.77	85.75	89.04	0.00	37	0	42	0.00	0.00	68.00	7.74	0.00	0.00	2000
228	11.09	2072	2085	0.00	195	0	0	0	nan	0.00	0.00	4.32	84.05	88.91	0.00	37	0	42	0.00	0.00	62.15	7.12	0.00	0.00	2000
231	11.06	2064	2121	0.00	195	0	0	0	nan	0.00	0.00	4.00	85.86	88.94	0.00	37	0	42	0.00	0.00	71.25	8.10	0.00	0.00	2000
231	11.31	2062	2077	0.00	196	0	0	0	nan	0.00	0.00	4.34	83.45	88.69	0.00	37	0	42	0.00	0.00	59.17	6.89	0.00	0.00	2000
229	10.84	2084	2134	0.00	194	0	0	0	nan	0.00	0.00	3.78	86.99	89.16	0.00	37	0	42	0.00	0.00	70.71	8.19	0.00	0.00	2000
228	11.09	2080	2076	0.00	195	0	0	0	nan	0.00	0.00	3.97	84.04	88.91	0.00	37	0	42	0.00	0.00	59.41	6.97	0.00	0.00	2000
229	11.12	2027	2137	0.00	194	0	0	0	nan	0.00	0.02	4.21	86.44	88.88	0.00	37	0	42	0.00	0.00	70.42	8.07	0.00	0.00	2000
228	10.94	2121	2063	0.92	195	0	0	6	70.82	0.00	0.00	3.46	84.06	89.06	0.00	37	0	42	0.00	0.00	59.66	6.70	0.00	0.00	2000
233	10.92	2118	2111	0.55	196	0	0	0	85.28	0.00	0.00	4.32	85.22	89.08	0.00	37	0	42	0.00	0.00	68.14	7.50	0.00	0.00	2000
228	10.69	2131	2106	0.00	195	0	0	0	nan	0.00	0.00	3.99	85.52	89.31	0.00	37	0	42	0.00	0.00	63.98	7.55	0.00	0.00	2000
232	11.11	2107	2078	0.00	194	0	0	0	nan	0.00	0.00	3.30	84.69	88.89	0.00	37	0	42	0.00	0.00	63.76	7.30	0.00	0.00	2000
229	10.81	2117	2101	0.00	193	0	0	0	nan	0.01	0.00	4.57	84.67	89.19	0.00	37	0	41	0.00	0.00	65.31	7.47	0.00	0.00	2000
232	11.15	2056	2125	0.00	195	0	0	0	nan	0.00	0.00	3.91	86.08	88.85	0.00	37	0	42	0.00	0.00	67.92	7.54	0.00	0.00	2000
229	11.17	2069	2076	0.00	195	0	0	0	nan	0.00	0.00	4.20	83.67	88.83	0.00	38	0	42	0.00	0.00	62.50	7.15	0.00	0.00	2000
232	11.21	2060	2108	0.00	198	0	0	0	nan	0.00	0.00	5.46	83.69	88.79	0.00	37	0	42	0.00	0.00	65.23	7.20	0.00	0.00	2000
229	11.01	2068	2109	0.00	196	0	0	0	nan	0.00	0.00	4.54	84.93	88.99	0.00	37	0	42	0.00	0.00	65.14	7.21	0.00	0.00	2000
230	10.90	2109	2100	0.00	195	0	0	0	nan	0.00	0.00	5.18	83.96	89.10	0.00	37	0	42	0.00	0.00	65.50	7.37	0.00	0.00	2000
228	11.14	2060	2088	0.00	199	0	0	0	nan	0.00	0.00	5.68	82.84	88.86	0.00	37	0	42	0.00	0.00	65.41	7.40	0.00	0.00	2000
231	10.88	2103	2118	0.00	195	0	0	0	nan	0.00	0.00	4.55	85.30	89.12	0.00	38	0	42	0.00	0.00	64.97	7.49	0.00	0.00	2000
229	10.90	2118	2086	0.00	195	0	0	0	nan	0.00	0.00	4.78	83.75	89.10	0.00	37	0	42	0.00	0.00	65.75	7.45	0.00	0.00	2000
230	10.95	2082	2118	0.00	196	0	0	0	nan	0.00	0.02	5.16	84.73	89.05	0.00	37	0	42	0.00	0.00	65.13	7.38	0.00	0.00	2000
228	11.12	2073	2081	0.00	195	0	0	0	nan	0.00	0.00	3.56	84.49	88.88	0.00	37	0	42	0.00	0.00	65.83	7.19	0.00	0.00	2000
230	10.79	2094	2135	0.00	195	0	0	0	nan	0.00	0.00	4.34	86.37	89.21	0.00	38	0	42	0.00	0.00	67.99	7.77	0.00	0.00	2000
228	11.09	2079	2075	0.00	195	0	0	0	nan	0.00	0.00	2.81	85.08	88.91	0.00	37	0	42	0.00	0.00	62.92	7.24	0.00	0.00	2000
231	11.17	2051	2116	0.59	196	0	0	6	73.97	0.00	0.00	4.60	84.97	88.83	0.00	37	0	42	0.00	0.00	68.30	7.70	0.00	0.00	2000
228	11.17	2039	2102	0.90	195	0	0	2	86.30	0.00	0.00	3.63	85.39	88.83	0.00	37	0	42	0.00	0.00	62.90	7.21	0.00	0.00	2000
230	11.08	2089	2084	0.00	195	0	0	0	nan	0.00	0.00	3.73	84.44	88.92	0.00	37	0	42	0.00	0.00	64.83	7.17	0.00	0.00	2000
230	10.85	2112	2107	0.00	195	0	0	0	nan	0.00	0.00	4.21	85.28	89.15	0.00	37	0	42	0.00	0.00	66.27	7.56	0.00	0.00	2000
229	10.98	2119	2068	0.00	196	0	0	0	nan	0.00	0.00	3.79	83.99	89.02	0.00	37	0	42	0.00	0.00	64.29	7.41	0.00	0.00	2000
231	11.08	2048	2140	0.00	196	0	0	0	nan	0.00	0.02	4.10	86.55	88.92	0.00	37	0	42	0.00	0.00	66.41	7.63	0.00	0.00	2000
229	11.00	2107	2074	0.00	194	0	0	0	nan	0.00	0.01	3.06	84.79	89.00	0.00	37	0	42	0.00	0.00	64.24	7.24	0.00	0.00	2000
229	10.74	2115	2113	0.00	194	0	0	0	nan	0.00	0.00	4.02	85.75	89.26	0.00	37	0	42	0.00	0.00	65.78	7.68	0.00	0.00	2000
228	11.33	2023	2092	0.00	196	0	0	0	nan	0.00	0.00	4.14	84.34	88.67	0.00	37	0	42	0.00	0.00	64.22	7.32	0.00	0.00	2000
227	11.35	1997	2099	0.00	195	0	0	0	nan	0.00	0.00	3.83	84.99	88.65	0.00	37	0	42	0.00	0.00	64.58	7.18	0.00	0.00	2000
232	11.39	2011	2124	0.00	197	0	0	0	nan	0.00	0.00	5.25	84.40	88.61	0.00	37	0	42	0.00	0.00	67.44	7.72	0.00	0.00	2000
231	11.22	2076	2080	0.00	197	0	0	0	nan	0.00	0.02	3.65	84.36	88.78	0.00	37	0	42	0.00	0.00	63.09	7.14	0.00	0.00	2000
229	11.09	2045	2122	0.00	194	0	0	0	nan	0.00	0.00	4.13	85.89	88.91	0.00	37	0	42	0.00	0.00	64.90	7.32	0.00	0.00	2000
229	11.19	2057	2086	0.00	196	0	0	0	nan	0.00	0.00	4.37	83.84	88.81	0.00	37	0	42	0.00	0.00	65.65	7.37	0.00	0.00	2000
233	11.25	2061	2107	0.00	195	0	0	0	nan	0.00	0.00	4.35	84.79	88.75	0.00	38	0	42	0.00	0.00	65.41	7.53	0.00	0.00	2000
229	11.24	2046	2089	0.00	195	0	0	0	nan	0.00	0.00	4.26	84.08	88.76	0.00	37	0	42	0.00	0.00	65.63	7.34	0.00	0.00	2000
230	11.37	2019	2104	0.00	195	0	0	0	nan	0.00	0.02	4.61	84.28	88.63	0.00	37	0	42	0.00	0.00	65.49	7.38	0.00	0.00	2000
228	11.10	2082	2073	0.17	196	0	0	4	73.86	0.00	0.00	3.88	83.96	88.90	0.00	37	0	42	0.00	0.00	65.05	7.23	0.00	0.00	2000
230	10.71	2104	2144	1.24	196	0	0	4	78.98	0.00	0.00	3.57	87.56	89.29	0.00	37	0	42	0.00	0.00	66.62	7.55	0.00	0.00	2000
228	11.00	2117	2054	0.00	194	0	0	0	nan	0.00	0.02	3.56	83.51	89.00	0.00	37	0	42	0.00	0.00	64.08	7.34	0.00	0.00	2000
231	10.84	2086	2150	0.00	195	0	0	0	nan	0.00	0.01	2.93	88.37	89.16	0.00	37	0	42	0.00	0.00	66.35	7.43	0.00	0.00	2000
230	11.33	2072	2060	0.00	197	0	0	0	nan	0.00	0.02	3.49	83.53	88.67	0.00	38	0	42	0.00	0.00	64.22	7.51	0.00	0.00	2000
230	11.26	2006	2141	0.00	194	0	0	0	nan	0.00	0.00	4.77	85.81	88.74	0.00	37	0	42	0.00	0.00	64.73	7.46	0.00	0.00	2000
229	11.31	2030	2094	0.00	210	0	0	0	nan	0.00	0.00	5.03	83.51	88.69	0.00	37	0	42	0.00	0.00	65.59	7.40	0.00	0.00	2000
230	11.31	2041	2093	0.00	195	0	0	0	nan	0.00	0.00	3.35	85.09	88.69	0.00	37	0	42	0.00	0.00	65.67	7.33	0.00	0.00	2000
233	11.45	2043	2088	0.00	212	0	0	0	nan	0.00	0.00	7.47	80.74	88.55	0.00	37	0	41	0.00	0.00	65.62	7.46	0.00	0.00	2000
231	11.39	2008	2125	0.00	196	0	0	0	nan	0.00	0.00	4.92	84.84	88.61	0.00	37	0	42	0.00	0.00	65.02	7.29	0.00	0.00	2000
228	11.04	2095	2070	0.00	195	0	0	0	nan	0.00	0.00	3.42	84.36	88.96	0.00	37	0	42	0.00	0.00	65.20	7.41	0.00	0.00	2000
229	11.12	2055	2105	0.00	194	0	0	0	nan	0.00	0.02	4.49	84.67	88.88	0.00	37	0	42	0.00	0.00	61.84	7.39	0.00	0.00	2000
229	11.18	2057	2087	0.00	196	0	0	0	nan	0.00	0.00	4.69	83.66	88.82	0.00	38	0	42	0.00	0.00	67.94	7.30	0.00	0.00	2000
230	10.79	2114	2121	0.00	194	0	0	0	nan	0.00	0.00	4.58	85.56	89.21	0.00	37	0	42	0.00	0.00	65.27	7.40	0.00	0.00	2000
231	10.90	2126	2097	0.00	197	0	0	0	nan	0.00	0.03	4.49	84.48	89.10	0.00	37	0	42	0.00	0.00	65.59	7.55	0.00	0.00	2000
230	11.08	2072	2108	0.00	197	0	0	0	nan	0.00	0.00	4.83	84.42	88.92	0.00	37	0	42	0.00	0.00	65.07	7.56	0.00	0.00	2000
228	11.05	2086	2082	0.00	196	0	0	0	nan	0.00	0.00	3.85	84.45	88.95	0.00	37	0	42	0.00	0.00	65.63	7.36	0.00	0.00	2000
230	11.30	2032	2100	0.00	197	0	0	3	75.53	0.00	0.00	5.01	83.73	88.70	0.00	37	0	42	0.00	0.00	64.44	7.35	0.00	0.00	2000
229	11.05	2078	2092	1.36	195	0	0	5	78.14	0.00	0.00	4.39	84.37	88.95	0.00	37	0	42	0.00	0.00	62.53	7.41	0.00	0.00	2000
231	10.77	2136	2107	0.00	195	0	0	0	nan	0.00	0.00	4.35	85.16	89.23	0.00	37	0	41	0.00	0.00	68.58	7.42	0.00	0.00	2000
235	10.94	2111	2138	0.00	195	0	0	0	nan	0.00	0.00	4.67	86.03	89.06	0.00	37	0	42	0.00	0.00	65.56	7.42	0.00	0.00	2000
227	11.32	2131	1977	0.00	198	0	0	0	nan	0.00	0.02	3.65	79.94	88.68	0.00	37	0	42	0.00	0.00	60.36	6.85	0.00	0.00	2000
232	10.71	2076	2189	0.00	211	0	0	0	nan	0.00	0.00	3.22	89.97	89.29	0.00	37	0	42	0.00	0.00	70.54	8.02	0.00	0.00	2000
229	11.01	2057	2127	0.00	195	0	0	0	nan	0.00	0.00	4.65	85.60	88.99	0.00	37	0	42	0.00	0.00	65.27	7.50	0.00	0.00	2000
231	11.27	2045	2103	0.00	196	0	0	0	nan	0.00	0.01	4.55	84.40	88.73	0.00	37	0	42	0.00	0.00	65.63	7.27	0.00	0.00	2000
230	11.14	2054	2108	0.00	194	0	0	0	nan	0.00	0.00	3.32	85.95	88.86	0.00	37	0	42	0.00	0.00	65.44	7.42	0.00	0.00	2000
228	10.76	2154	2062	0.00	194	0	0	0	nan	0.00	0.02	2.77	84.80	89.24	0.00	38	0	42	0.00	0.00	65.38	7.34	0.00	0.00	2000
229	11.04	2038	2142	0.00	195	0	0	0	nan	0.00	0.00	3.65	87.19	88.96	0.00	37	0	41	0.00	0.00	65.35	7.43	0.00	0.00	2000
229	11.41	2038	2068	0.00	197	0	0	0	nan	0.00	0.00	3.74	83.56	88.59	0.00	37	0	42	0.00	0.00	65.30	7.46	0.00	0.00	2000
230	11.31	2029	2104	0.00	196	0	0	0	nan	0.00	0.00	4.62	84.41	88.69	0.00	37	0	42	0.00	0.00	65.62	7.40	0.00	0.00	2000
230	11.06	2064	2116	0.00	195	0	0	0	nan	0.00	0.00	4.81	84.93	88.94	0.00	37	0	42	0.00	0.00	65.47	7.29	0.00	0.00	2000
230	11.33	2018	2111	0.00	194	0	0	0	nan	0.00	0.00	3.05	86.11	88.67	0.00	37	0	42	0.00	0.00	65.56	7.57	0.00	0.00	2000
228	11.01	2117	2053	0.00	194	0	0	0	nan	0.00	0.01	3.07	84.00	88.99	0.00	37	0	42	0.00	0.00	62.73	7.08	0.00	0.00	2000
231	10.83	2123	2114	0.00	196	0	0	0	nan	0.00	0.02	3.96	85.84	89.17	0.00	37	0	42	0.00	0.00	68.47	7.55	0.00	0.00	2000
229	10.99	2095	2089	0.00	197	0	0	2	76.94	0.00	0.00	5.65	83.05	89.01	0.00	38	0	42	0.00	0.00	62.49	6.98	0.00	0.00	2000
231	11.05	2083	2111	1.32	196	0	0	6	77.94	0.00	0.02	4.24	85.23	88.96	0.00	37	0	42	0.00	0.00	67.88	7.71	0.00	0.00	2000
230	10.76	2142	2096	0.00	195	0	0	0	nan	0.00	0.01	4.43	84.68	89.24	0.00	37	0	42	0.00	0.00	64.99	7.51	0.00	0.00	2000
229	10.91	2102	2102	0.00	196	0	0	0	nan	0.00	0.00	3.96	85.28	89.09	0.00	37	0	42	0.00	0.00	62.31	6.97	0.00	0.00	2000
228	10.91	2091	2098	0.00	194	0	0	0	nan	0.00	0.00	4.12	85.00	89.09	0.00	37	0	42	0.00	0.00	65.05	7.47	0.00	0.00	2000
230	11.09	2066	2103	0.00	195	0	0	0	nan	0.00	0.00	4.18	84.96	88.91	0.00	38	0	42	0.00	0.00	65.24	7.60	0.00	0.00	2000
230	11.29	2024	2114	0.00	195	0	0	0	nan	0.00	0.00	4.02	85.37	88.71	0.00	37	0	42	0.00	0.00	65.15	7.24	0.00	0.00	2000
231	11.08	2094	2090	0.00	196	0	0	0	nan	0.00	0.00	4.75	83.76	88.92	0.00	37	0	42	0.00	0.00	65.26	7.31	0.00	0.00	2000
229	10.99	2073	2106	0.00	194	0	0	0	nan	0.00	0.00	4.79	84.53	89.01	0.00	38	0	42	0.00	0.00	65.38	7.34	0.00	0.00	2000
230	10.91	2120	2088	0.00	194	0	0	0	nan	0.00	0.00	4.50	84.08	89.09	0.00	37	0	41	0.00	0.00	65.22	7.25	0.00	0.00	2000
228	10.91	2097	2097	0.00	195	0	0	0	nan	0.00	0.00	4.75	84.28	89.09	0.00	37	0	42	0.00	0.00	65.14	7.33	0.00	0.00	2000
231	11.13	2072	2103	0.00	196	0	0	0	nan	0.00	0.00	4.92	84.08	88.87	0.00	37	0	42	0.00	0.00	65.40	7.42	0.00	0.00	2000
229	10.89	2112	2093	0.00	196	0	0	0	nan	0.00	0.01	5.09	83.82	89.11	0.00	37	0	42	0.00	0.00	64.90	7.56	0.00	0.00	2000
229	11.15	2047	2106	0.00	195	0	0	0	nan	0.00	0.00	4.02	85.17	88.85	0.00	38	0	42	0.00	0.00	65.87	7.31	0.00	0.00	2000
228	11.08	2066	2093	0.00	195	0	0	0	nan	0.00	0.00	4.32	84.32	88.92	0.00	38	0	42	0.00	0.00	64.52	7.38	0.00	0.00	2000
230	11.03	2076	2111	0.00	194	0	0	0	nan	0.00	0.02	4.50	85.09	88.97	0.00	37	0	42	0.00	0.00	65.65	7.37	0.00	0.00	2000
230	11.14	2051	2119	0.00	195	0	0	0	nan	0.00	0.00	3.91	85.86	88.86	0.00	37	0	42	0.00	0.00	65.10	7.41	0.00	0.00	2000
231	11.10	2089	2089	0.00	195	0	0	0	97.05	0.00	0.02	3.71	84.65	88.90	0.00	37	0	42	0.00	0.00	65.82	7.47	0.00	0.00	2000
229	11.09	2062	2105	1.43	195	0	0	6	75.24	0.00	0.02	4.18	84.97	88.91	0.00	37	0	42	0.00	0.00	65.76	7.41	0.00	0.00	2000
230	10.92	2093	2115	0.02	195	0	0	0	nan	0.00	0.00	3.50	86.22	89.08	0.00	37	0	42	0.00	0.00	64.74	7.35	0.00	0.00	2000
230	11.04	2096	2084	0.00	196	0	0	0	nan	0.00	0.00	4.02	84.23	88.96	0.00	38	0	42	0.00	0.00	65.45	7.37	0.00	0.00	2000
230	11.14	2075	2089	0.00	199	0	0	0	nan	0.00	0.00	5.34	83.04	88.86	0.00	37	0	42	0.00	0.00	65.11	7.29	0.00	0.00	2000
232	11.00	2117	2092	0.00	197	0	0	0	nan	0.00	0.00	4.64	84.09	89.00	0.00	37	0	42	0.00	0.00	62.12	7.07	0.00	0.00	2000
231	10.71	2135	2120	0.00	195	0	0	0	nan	0.00	0.00	3.63	86.37	89.29	0.00	38	0	42	0.00	0.00	68.47	7.68	0.00	0.00	2000
229	11.09	2086	2074	0.00	196	0	0	0	nan	0.00	0.02	4.53	83.30	88.91	0.00	37	0	42	0.00	0.00	61.61	7.08	0.00	0.00	2000
230	10.83	2118	2109	0.00	197	0	0	0	nan	0.00	0.01	3.99	85.60	89.17	0.00	37	0	42	0.00	0.00	65.18	7.62	0.00	0.00	2000
228	11.00	2061	2113	0.00	196	0	0	0	nan	0.00	0.00	3.88	85.71	89.00	0.00	38	0	42	0.00	0.00	67.51	7.75	0.00	0.00	2000
231	11.50	1998	2109	0.00	195	0	0	0	nan	0.00	0.00	4.13	84.78	88.50	0.00	37	0	42	0.00	0.00	64.99	7.35	0.00	0.00	2000
228	11.01	2098	2070	0.00	195	0	0	0	nan	0.00	0.00	3.92	83.90	88.99	0.00	37	0	42	0.00	0.00	61.95	7.08	0.00	0.00	2000
229	10.83	2108	2110	0.00	194	0	0	0	nan	0.00	0.01	3.59	85.93	89.17	0.00	37	0	42	0.00	0.00	64.72	7.45	0.00	0.00	2000
229	11.10	2038	2122	0.00	195	0	0	0	nan	0.00	0.00	4.39	85.55	88.90	0.00	38	0	42	0.00	0.00	67.65	7.72	0.00	0.00	2000
229	11.29	2047	2081	0.00	194	0	0	0	nan	0.00	0.00	4.24	83.66	88.71	0.00	38	0	42	0.00	0.00	61.71	7.13	0.00	0.00	2000
229	11.16	2080	2075	0.00	197	0	0	0	nan	0.00	0.00	5.14	82.67	88.84	0.00	38	0	42	0.00	0.00	65.19	7.23	0.00	0.00	2000
231	10.89	2074	2151	0.00	195	0	0	0	nan	0.00	0.03	3.90	87.38	89.11	0.00	37	0	42	0.00	0.00	68.45	7.76	0.00	0.00	2000
228	11.42	2027	2065	0.00	194	0	0	0	nan	0.00	0.00	3.53	83.62	88.58	0.00	37	0	42	0.00	0.00	61.88	7.12	0.00	0.00	2000
229	11.04	2071	2104	1.10	195	0	0	6	73.04	0.00	0.00	3.72	85.43	88.96	0.00	37	0	42	0.00	0.00	64.80	7.37	0.00	0.00	2000
229	11.16	2045	2106	0.38	195	0	0	0	nan	0.00	0.00	4.61	84.59	88.84	0.00	37	0	42	0.00	0.00	64.54	7.38	0.00	0.00	2000
231	11.05	2089	2097	0.00	196	0	0	0	nan	0.00	0.00	5.29	83.69	88.95	0.00	37	0	42	0.00	0.00	64.73	7.37	0.00	0.00	2000
228	11.15	2041	2108	0.00	196	0	0	0	nan	0.00	0.00	4.19	85.12	88.85	0.00	38	0	42	0.00	0.00	64.99	7.34	0.00	0.00	2000
229	11.02	2085	2097	0.00	194	0	0	0	nan	0.00	0.00	4.21	84.64	88.98	0.00	37	0	42	0.00	0.00	64.81	7.38	0.00	0.00	2000
229	11.07	2079	2089	0.00	195	0	0	0	nan	0.00	0.00	4.05	84.64	88.93	0.00	37	0	42	0.00	0.00	64.66	7.45	0.00	0.00	2000
230	11.23	2045	2102	0.00	197	0	0	0	nan	0.00	0.00	4.98	84.04	88.77	0.00	37	0	42	0.00	0.00	64.47	7.24	0.00	0.00	2000
229	10.99	2061	2122	0.00	196	0	0	0	nan	0.00	0.00	4.36	85.60	89.01	0.00	37	0	42	0.00	0.00	67.91	7.27	0.00	0.00	2000
230	11.26	2066	2079	0.00	196	0	0	0	nan	0.00	0.00	3.91	83.95	88.74	0.00	37	0	42	0.00	0.00	61.64	7.34	0.00	0.00	2000
229	11.05	2075	2093	0.00	194	0	0	0	nan	0.00	0.00	4.17	84.64	88.95	0.00	37	0	42	0.00	0.00	64.54	7.33	0.00	0.00	2000
229	10.80	2090	2135	0.00	195	0	0	0	nan	0.00	0.00	4.52	86.21	89.20	0.00	38	0	42	0.00	0.00	65.50	7.43	0.00	0.00	2000
228	11.17	2059	2079	0.00	195	0	0	0	nan	0.00	0.00	3.04	85.00	88.83	0.00	37	0	42	0.00	0.00	64.50	7.32	0.00	0.00	2000
231	10.93	2087	2131	0.00	195	0	0	0	nan	0.00	0.00	3.88	86.49	89.07	0.00	38	0	42	0.00	0.00	66.38	7.71	0.00	0.00	2000
230	11.10	2130	2038	0.00	195	0	0	0	nan	0.00	0.02	3.80	82.52	88.90	0.00	37	0	42	0.00	0.00	61.29	7.46	0.00	0.00	2000
230	11.07	2042	2138	0.00	195	0	0	0	nan	0.00	0.00	4.07	86.52	88.93	0.00	37	0	41	0.00	0.00	67.93	7.45	0.00	0.00	2000
228	11.03	2054	2111	0.00	196	0	0	0	nan	0.00	0.00	3.94	85.62	88.97	0.00	37	0	42	0.00	0.00	65.58	7.53	0.00	0.00	2000
229	11.22	2092	2054	0.00	194	0	0	0	nan	0.00	0.00	3.95	83.02	88.78	0.00	38	0	42	0.00	0.00	63.60	7.28	0.00	0.00	2000
229	10.83	2104	2110	0.75	194	0	0	6	64.32	0.00	0.00	3.39	86.26	89.17	0.00	37	0	42	0.00	0.00	64.58	7.56	0.00	0.00	2000
234	11.00	2093	2137	0.72	195	0	0	1	89.87	0.00	0.03	4.10	86.53	89.00	0.00	37	0	42	0.00	0.00	65.08	7.55	0.00	0.00	2000
229	11.00	2105	2073	0.00	195	0	0	0	nan	0.00	0.00	4.09	83.70	89.00	0.00	37	0	42	0.00	0.00	65.55	7.42	0.00	0.00	2000
229	11.03	2049	2130	0.00	194	0	0	0	nan	0.00	0.00	4.84	85.50	88.97	0.00	37	0	42	0.00	0.00	64.22	7.39	0.00	0.00	2000
229	11.18	2083	2064	0.00	194	0	0	0	nan	0.00	0.00	3.47	83.86	88.82	0.00	37	0	42	0.00	0.00	65.02	7.47	0.00	0.00	2000
229	10.79	2088	2140	0.00	194	0	0	0	nan	0.00	0.00	4.65	86.23	89.21	0.00	37	0	42	0.00	0.00	65.43	7.43	0.00	0.00	2000
230	11.39	2061	2054	0.00	196	0	0	0	nan	0.00	0.00	4.19	82.59	88.61	0.00	37	0	42	0.00	0.00	64.95	7.50	0.00	0.00	2000
231	10.67	2137	2126	0.00	195	0	0	0	nan	0.00	0.00	3.96	86.45	89.33	0.00	38	0	42	0.00	0.00	65.20	7.46	0.00	0.00	2000
229	10.93	2115	2081	0.00	194	0	0	0	nan	0.00	0.00	4.63	83.73	89.07	0.00	38	0	42	0.00	0.00	65.22	7.35	0.00	0.00	2000
231	10.76	2102	2141	0.00	195	0	0	0	nan	0.00	0.01	4.99	85.91	89.24	0.00	38	0	42	0.00	0.00	65.24	7.47	0.00	0.00	2000
229	11.13	2073	2087	0.00	198	0	0	0	nan	0.00	0.02	3.75	84.73	88.87	0.00	37	0	42	0.00	0.00	64.93	7.46	0.00	0.00	2000
229	11.12	2051	2112	0.00	195	0	0	0	nan	0.00	0.00	3.28	86.17	88.88	0.00	37	0	42	0.00	0.00	64.86	7.43	0.00	0.00	2000
231	11.15	2062	2108	0.00	195	0	0	0	nan	0.00	0.00	3.58	85.62	88.85	0.00	37	0	42	0.00	0.00	67.95	7.61	0.00	0.00	2000
228	11.21	2089	2044	0.00	195	0	0	0	nan	0.00	0.00	3.24	83.23	88.79	0.00	38	0	42	0.00	0.00	60.56	6.96	0.00	0.00	2000
230	11.17	2045	2114	0.00	197	0	0	0	nan	0.03	0.00	4.57	85.01	88.83	0.00	37	0	42	0.00	0.00	67.39	7.81	0.00	0.00	2000
229	11.21	2008	2135	0.00	195	0	0	0	nan	0.00	0.00	4.81	85.61	88.79	0.00	37	0	42	0.00	0.00	64.26	7.45	0.00	0.00	2000
229	11.11	2105	2053	0.00	194	0	0	0	nan	0.00	0.00	3.26	83.69	88.89	0.00	37	0	42	0.00	0.00	65.06	7.42	0.00	0.00	2000
234	11.07	2086	2124	0.43	196	0	0	5	75.74	0.00	0.01	4.09	85.91	88.93	0.00	37	0	42	0.00	0.00	65.23	7.45	0.00	0.00	2000
234	11.37	2054	2107	1.06	198	0	0	3	85.43	0.00	0.01	5.33	83.68	88.63	0.00	38	0	42	0.00	0.00	65.40	7.41	0.00	0.00	2000
229	11.21	2061	2084	0.00	195	0	0	0	nan	0.00	0.00	3.69	84.54	88.79	0.00	38	0	41	0.00	0.00	64.74	7.61	0.00	0.00	2000
228	10.94	2092	2095	0.00	195	0	0	0	nan	0.00	0.00	3.86	85.08	89.06	0.00	38	0	42	0.00	0.00	64.97	7.46	0.00	0.00	2000
229	11.09	2060	2105	0.00	195	0	0	0	nan	0.00	0.00	4.15	85.05	88.91	0.00	37	0	42	0.00	0.00	64.92	7.27	0.00	0.00	2000
230	11.02	2103	2088	0.00	197	0	0	0	nan	0.00	0.00	4.72	83.81	88.98	0.00	37	0	42	0.00	0.00	65.22	7.45	0.00	0.00	2000
230	10.83	2108	2113	0.00	195	0	0	0	nan	0.00	0.02	4.08	85.73	89.17	0.00	37	0	42	0.00	0.00	65.12	7.39	0.00	0.00	2000
229	10.84	2117	2093	0.00	194	0	0	0	nan	0.00	0.00	4.29	84.63	89.16	0.00	38	0	42	0.00	0.00	64.71	7.17	0.00	0.00	2000
229	11.05	2049	2125	0.00	196	0	0	0	nan	0.00	0.00	4.23	85.82	88.95	0.00	38	0	42	0.00	0.00	64.66	7.66	0.00	0.00	2000
228	11.31	2020	2094	0.00	196	0	0	0	nan	0.00	0.00	4.73	83.77	88.69	0.00	37	0	42	0.00	0.00	65.08	7.45	0.00	0.00	2000
231	11.41	2034	2093	0.00	196	0	0	0	nan	0.00	0.00	4.53	83.80	88.59	0.00	37	0	42	0.00	0.00	65.33	7.44	0.00	0.00	2000
228	10.81	2118	2094	0.00	195	0	0	0	nan	0.00	0.00	4.36	84.64	89.19	0.00	37	0	42	0.00	0.00	62.62	7.02	0.00	0.00	2000
230	10.86	2119	2104	0.00	194	0	0	0	nan	0.00	0.02	4.13	85.17	89.14	0.00	37	0	42	0.00	0.00	67.92	7.82	0.00	0.00	2000
230	10.75	2142	2094	0.00	198	0	0	0	nan	0.00	0.02	5.77	83.21	89.25	0.00	37	0	42	0.00	0.00	64.90	7.32	0.00	0.00	2000
230	11.11	2067	2102	0.00	197	0	0	0	nan	0.00	0.00	4.69	84.39	88.89	0.00	37	0	42	0.00	0.00	62.62	6.84	0.00	0.00	2000
228	11.07	2073	2087	0.00	195	0	0	0	nan	0.00	0.00	4.58	83.86	88.93	0.00	37	0	42	0.00	0.00	64.72	7.42	0.00	0.00	2000
230	11.09	2042	2137	0.00	194	0	0	0	nan	0.00	0.03	4.09	86.46	88.91	0.00	37	0	42	0.00	0.00	67.57	7.56	0.00	0.00	2000
229	11.18	2047	2101	0.00	195	0	0	4	74.20	0.00	0.00	3.93	84.98	88.82	0.00	37	0	42	0.00	0.00	62.22	7.10	0.00	0.00	2000
230	11.20	2080	2076	1.38	195	0	0	4	79.48	0.00	0.00	3.88	83.88	88.80	0.00	38	0	42	0.00	0.00	65.59	7.49	0.00	0.00	2000
228	10.88	2102	2098	0.00	194	0	0	0	nan	0.00	0.00	3.94	85.10	89.12	0.00	37	0	42	0.00	0.00	64.58	7.46	0.00	0.00	2000
230	10.92	2103	2105	0.00	195	0	0	0	nan	0.00	0.00	3.92	85.39	89.08	0.00	37	0	42	0.00	0.00	65.36	7.42	0.00	0.00	2000
230	10.93	2098	2109	0.00	196	0	0	0	nan	0.00	0.00	4.59	84.93	89.07	0.00	37	0	42	0.00	0.00	64.67	7.45	0.00	0.00	2000
230	11.16	2042	2119	0.00	195	0	0	0	nan	0.00	0.00	4.43	85.20	88.84	0.00	37	0	42	0.00	0.00	64.69	7.46	0.00	0.00	2000
228	10.92	2127	2060	0.00	195	0	0	0	nan	0.00	0.00	3.22	84.11	89.08	0.00	38	0	42	0.00	0.00	64.80	7.40	0.00	0.00	2000
230	10.80	2113	2119	0.00	195	0	0	0	nan	0.01	0.02	3.69	86.32	89.20	0.00	38	0	42	0.00	0.00	65.16	7.42	0.00	0.00	2000
229	10.82	2110	2106	0.00	195	0	0	0	nan	0.00	0.00	4.03	85.42	89.18	0.00	37	0	42	0.00	0.00	65.28	7.50	0.00	0.00	2000
231	11.29	2046	2099	0.00	197	0	0	0	nan	0.00	0.00	4.54	84.17	88.71	0.00	37	0	42	0.00	0.00	65.21	7.52	0.00	0.00	2000
228	11.03	2073	2098	0.00	195	0	0	0	nan	0.00	0.00	3.97	84.99	88.97	0.00	37	0	42	0.00	0.00	62.08	7.24	0.00	0.00	2000
228	11.12	2057	2097	0.00	193	0	0	0	nan	0.00	0.00	4.29	84.54	88.88	0.00	37	0	42	0.00	0.00	68.41	7.16	0.00	0.00	2000
229	11.24	2049	2086	0.00	195	0	0	0	nan	0.00	0.00	4.16	84.12	88.76	0.00	37	0	42	0.00	0.00	64.21	7.26	0.00	0.00	2000
230	10.97	2087	2113	0.00	195	0	0	0	nan	0.00	0.00	4.72	84.93	89.03	0.00	37	0	42	0.00	0.00	64.38	7.54	0.00	0.00	2000
230	11.18	2082	2073	0.00	196	0	0	0	nan	0.00	0.00	4.89	82.82	88.82	0.00	37	0	42	0.00	0.00	64.59	7.35	0.00	0.00	2000
230	11.03	2064	2122	0.00	195	0	0	0	nan	0.00	0.01	4.05	85.84	88.97	0.00	38	0	42	0.00	0.00	64.84	7.45	0.00	0.00	2000
232	11.28	2075	2080	0.00	198	0	0	0	nan	0.00	0.00	5.42	82.61	88.72	0.00	37	0	42	0.00	0.00	64.23	7.33	0.00	0.00	2000
233	10.96	2105	2124	0.00	197	0	0	2	78.14	0.00	0.05	4.17	85.85	89.04	0.00	37	0	41	0.00	0.00	65.30	7.44	0.00	0.00	2000
228	11.13	2073	2079	1.36	196	0	0	6	76.35	0.00	0.00	4.27	83.80	88.87	0.00	37	0	42	0.00	0.00	64.51	7.26	0.00	0.00	2000
233	11.12	2059	2134	0.00	195	0	0	0	nan	0.00	0.00	4.47	85.88	88.88	0.00	37	0	42	0.00	0.00	64.73	7.41	0.00	0.00	2000
228	10.93	2107	2077	0.00	195	0	0	0	nan	0.00	0.00	3.84	84.33	89.07	0.00	38	0	42	0.00	0.00	65.00	7.49	0.00	0.00	2000
229	11.10	2036	2129	0.00	195	0	0	0	nan	0.00	0.00	4.28	85.96	88.90	0.00	37	0	42	0.00	0.00	64.65	7.40	0.00	0.00	2000
228	11.57	2007	2066	0.00	199	0	0	0	nan	0.00	0.00	5.04	82.13	88.43	0.00	37	0	42	0.00	0.00	64.55	7.65	0.00	0.00	2000
229	11.07	2046	2125	0.00	195	0	0	0	nan	0.00	0.00	4.12	85.97	88.93	0.00	37	0	42	0.00	0.00	64.99	7.47	0.00	0.00	2000
228	11.15	2068	2075	0.00	195	0	0	0	nan	0.00	0.00	3.99	83.90	88.85	0.00	37	0	42	0.00	0.00	64.53	7.49	0.00	0.00	2000
232	11.09	2067	2123	0.00	196	0	0	0	nan	0.00	0.00	4.43	85.60	88.91	0.00	37	0	42	0.00	0.00	64.99	7.47	0.00	0.00	2000
228	11.13	2049	2097	0.00	195	0	0	0	nan	0.00	0.00	4.04	84.82	88.87	0.00	37	0	42	0.00	0.00	64.88	7.39	0.00	0.00	2000
229	11.17	2057	2097	0.00	195	0	0	0	nan	0.00	0.00	4.38	84.40	88.83	0.00	37	0	42	0.00	0.00	64.87	7.46	0.00	0.00	2000
227	11.13	2028	2116	0.00	195	0	0	0	nan	0.00	0.00	4.30	85.36	88.87	0.00	37	0	42	0.00	0.00	65.96	7.39	0.00	0.00	2000
229	11.14	2071	2085	0.00	194	0	0	0	nan	0.00	0.00	3.52	84.79	88.86	0.00	37	0	42	0.00	0.00	64.02	7.36	0.00	0.00	2000
230	11.20	2071	2085	0.00	197	0	0	0	nan	0.00	0.03	3.70	84.53	88.80	0.00	37	0	42	0.00	0.00	62.04	7.13	0.00	0.00	2000
230	11.04	2052	2130	0.00	195	0	0	0	nan	0.00	0.00	4.00	86.39	88.96	0.00	37	0	42	0.00	0.00	67.62	7.57	0.00	0.00	2000
229	10.71	2170	2068	0.00	195	0	0	0	nan	0.00	0.00	3.29	84.54	89.29	0.00	38	0	42	0.00	0.00	62.32	7.08	0.00	0.00	2000
229	10.71	2095	2139	0.00	195	0	0	0	nan	0.00	0.00	3.52	87.47	89.29	0.00	38	0	42	0.00	0.00	68.29	7.79	0.00	0.00	2000
229	11.35	2031	2088	0.00	195	0	0	0	97.46	0.00	0.00	2.96	85.30	88.65	0.00	37	0	42	0.00	0.00	64.80	7.38	0.00	0.00	2000
231	11.48	2016	2094	1.41	194	0	0	6	74.09	0.00	0.00	4.22	84.13	88.52	0.00	38	0	42	0.00	0.00	64.78	7.46	0.00	0.00	2000
228	11.34	2045	2069	0.02	196	0	0	0	nan	0.00	0.02	4.39	83.10	88.66	0.00	38	0	42	0.00	0.00	60.79	7.13	0.00	0.00	2000
231	11.17	2026	2149	0.00	215	0	0	0	nan	0.00	0.00	5.95	85.13	88.83	0.00	39	0	42	0.00	0.00	67.58	7.96	0.00	0.00	2000
227	11.13	2075	2066	0.00	181	0	0	0	nan	0.00	0.00	4.63	82.81	88.87	0.00	39	0	42	0.00	0.00	61.64	7.08	0.00	0.00	2000
235	11.14	2094	2111	0.00	204	0	0	0	nan	0.00	0.02	6.50	82.79	88.86	0.00	38	0	42	0.00	0.00	65.15	7.68	0.00	0.00	2000
231	11.00	2075	2129	0.00	196	0	0	0	nan	0.00	0.00	4.68	85.69	89.00	0.00	37	0	42	0.00	0.00	66.81	8.35	0.00	0.00	2000
229	11.05	2077	2095	0.00	194	0	0	0	nan	0.00	0.02	3.20	85.66	88.95	0.00	37	0	42	0.00	0.00	63.77	7.30	0.00	0.00	2000
228	11.07	2063	2101	0.00	195	0	0	0	nan	0.00	0.02	3.20	85.78	88.93	0.00	37	0	42	0.00	0.00	66.07	7.61	0.00	0.00	2000
230	10.92	2100	2107	0.00	180	0	0	0	nan	0.00	0.02	3.52	85.87	89.08	0.00	37	0	42	0.00	0.00	63.57	7.39	0.00	0.00	2000
227	11.31	2059	2047	0.00	197	0	0	0	nan	0.00	0.00	3.46	83.06	88.69	0.00	36	0	42	0.00	0.00	63.91	7.96	0.00	0.00	2000
229	11.15	2004	2155	0.00	194	0	0	0	nan	0.00	0.02	3.75	87.54	88.85	0.00	37	0	42	0.00	0.00	65.80	8.10	0.00	0.00	2000
232	11.37	2037	2103	0.00	196	0	0	0	nan	0.00	0.00	3.45	85.41	88.63	0.00	37	0	42	0.00	0.00	68.04	8.70	0.00	0.00	2000
226	11.23	2126	1985	0.00	195	0	0	0	nan	0.01	0.00	2.92	81.05	88.77	0.00	37	0	42	0.00	0.00	59.47	7.51	0.00	0.00	2000
233	10.97	2046	2179	0.00	197	0	0	0	nan	0.01	0.00	3.20	89.25	89.03	0.00	36	0	42	0.00	0.00	66.93	8.26	0.00	0.00	2000
218	10.66	2027	2116	0.00	211	0	0	0	nan	0.00	0.00	4.34	85.68	89.34	0.00	37	0	42	0.00	0.00	66.91	7.90	0.00	0.00	2000
175	9.22	1907	2093	0.00	230	0	0	0	nan	0.00	0.00	6.74	83.68	90.78	0.00	37	0	42	0.00	0.00	58.31	6.91	0.00	0.00	2000
179	10.09	1771	2105	0.00	84	0	0	0	nan	0.00	0.00	27.59	62.68	89.91	0.00	37	0	42	0.00	0.00	80.03	9.20	0.00	0.00	2000
