Avg_MHz	Busy%	Bzy_MHz	TSC_MHz	IPC	IRQ	NMI	SMI	LLCMRPS	LLC%hit	POLL%	C1%	C1E%	C6%	CPU%c1	CPU%c6	CoreTmp	CoreThr	PkgTmp	Pkg%pc2	Pkg%pc6	PkgWatt	RAMWatt	PKG_%	RAM_%	UncMHz
187	10.85	1696	2134	0.00	217	0	0	0	nan	0.00	0.00	30.52	60.10	89.15	0.00	37	0	42	0.00	0.00	62.31	7.40	0.00	0.00	2000
326	16.69	1980	2071	0.00	203	0	0	0	nan	0.02	0.53	10.88	70.75	83.31	0.00	37	0	42	0.00	0.00	65.00	7.37	0.00	0.00	2000
299	14.82	2011	2103	0.00	227	0	0	0	nan	0.04	0.82	19.94	64.72	85.18	0.00	37	0	42	0.00	0.00	67.93	7.72	0.00	0.00	2000
76	6.81	1099	2122	0.00	193	0	0	0	nan	0.00	0.05	3.66	90.38	93.19	0.00	36	0	42	0.00	0.00	55.56	7.05	0.00	0.00	2000
74	6.81	1078	2116	0.00	210	0	0	0	nan	0.00	0.00	3.91	89.97	93.19	0.00	36	0	42	0.00	0.00	65.23	7.65	0.00	0.00	2000
73	6.86	1064	2100	0.00	194	0	0	0	nan	0.00	0.00	4.05	89.10	93.14	0.00	36	0	42	0.00	0.00	59.38	7.35	0.00	0.00	2000
77	7.04	1092	2095	0.00	211	0	0	0	nan	0.00	0.00	7.55	85.26	92.96	0.00	36	0	42	0.00	0.00	59.42	7.17	0.00	0.00	2000
74	6.41	1157	2099	0.00	196	0	0	0	nan	0.00	0.00	4.34	88.99	93.59	0.00	36	0	41	0.00	0.00	57.71	7.43	0.00	0.00	2000
73	6.76	1069	2113	0.00	193	0	0	0	nan	0.00	0.00	4.07	89.72	93.24	0.00	36	0	42	0.00	0.00	60.64	7.68	0.00	0.00	2000
71	6.59	1089	2070	0.00	193	0	0	0	nan	0.00	0.00	3.46	88.65	93.41	0.00	36	0	42	0.00	0.00	57.42	7.25	0.00	0.00	2000
73	6.77	1067	2131	0.00	194	0	0	0	nan	0.00	0.00	2.36	92.18	93.23	0.00	37	0	42	0.00	0.00	58.76	7.50	0.00	0.00	2000
71	6.80	1051	2100	0.00	194	0	0	0	nan	0.00	0.00	2.76	90.55	93.20	0.00	36	0	42	0.00	0.00	62.04	7.67	0.00	0.00	2000
73	6.58	1108	2091	0.00	193	0	0	0	nan	0.00	0.00	3.10	90.01	93.42	0.00	36	0	42	0.00	0.00	59.55	7.46	0.00	0.00	2000
72	6.67	1090	2079	0.00	193	0	0	0	nan	0.00	0.01	2.23	90.29	93.33	0.00	36	0	42	0.00	0.00	55.55	6.81	0.00	0.00	2000
72	6.60	1085	2120	0.00	209	0	0	0	nan	0.00	0.00	2.69	91.62	93.40	0.00	36	0	42	0.00	0.00	61.37	7.65	0.00	0.00	2000
71	6.52	1088	2110	0.00	194	0	0	1	87.37	0.00	0.00	3.23	90.77	93.48	0.00	36	0	42	0.00	0.00	59.63	7.31	0.00	0.00	2000
72	6.74	1088	2067	0.29	177	0	0	1	87.65	0.00	0.02	2.71	89.02	93.26	0.00	36	0	42	0.00	0.00	58.17	7.15	0.00	0.00	2000
71	6.75	1054	2103	0.00	209	0	0	0	nan	0.00	0.00	3.93	89.45	93.25	0.00	36	0	42	0.00	0.00	59.28	7.38	0.00	0.00	2000
73	6.84	1058	2131	0.00	193	0	0	0	nan	0.00	0.00	4.29	90.30	93.16	0.00	36	0	42	0.00	0.00	62.28	7.60	0.00	0.00	2000
195	10.39	1893	2080	0.00	210	0	0	0	nan	0.00	0.00	5.81	83.04	89.61	0.00	38	0	42	0.00	0.00	62.34	7.47	0.00	0.00	2000
238	10.95	2142	2127	0.00	213	0	0	0	nan	0.00	0.02	4.17	85.99	89.05	0.00	39	0	42	0.00	0.00	64.24	7.17	0.00	0.00	2000
225	10.90	2091	2071	0.00	204	0	0	0	nan	0.00	0.00	4.34	83.57	89.10	0.00	40	0	42	0.00	0.00	64.06	7.25	0.00	0.00	2000
236	10.88	2149	2117	0.00	204	0	0	0	nan	0.00	0.00	4.54	85.35	89.12	0.00	40	0	42	0.00	0.00	66.49	7.54	0.00	0.00	2000
236	11.42	2079	2083	0.00	200	0	0	0	nan	0.00	0.01	7.09	80.97	88.58	0.00	38	0	42	0.00	0.00	64.50	7.50	0.00	0.00	2000
229	11.37	2064	2049	0.00	198	0	0	0	nan	0.00	0.02	5.53	80.97	88.63	0.00	37	0	41	0.00	0.00	65.33	7.48	0.00	0.00	2000
233	10.86	2105	2136	0.00	220	0	0	0	nan	0.00	0.73	3.44	86.53	89.14	0.00	37	0	42	0.00	0.00	63.75	7.20	0.00	0.00	2000
229	10.66	2135	2113	0.00	214	0	0	0	nan	0.00	0.88	5.84	83.28	89.34	0.00	37	0	42	0.00	0.00	70.58	8.11	0.00	0.00	2000
234	11.24	2069	2114	0.00	201	0	0	0	nan	0.00	0.05	6.98	82.43	88.76	0.00	37	0	42	0.00	0.00	66.73	7.80	0.00	0.00	2000
232	11.32	2036	2114	0.00	199	0	0	0	nan	0.00	0.03	4.83	84.53	88.68	0.00	37	0	42	0.00	0.00	66.47	7.63	0.00	0.00	2000
233	11.17	2084	2104	0.00	198	0	0	0	nan	0.00	0.01	4.08	84.96	88.83	0.00	37	0	42	0.00	0.00	65.10	7.55	0.00	0.00	2000
232	10.99	2127	2088	0.00	200	0	0	0	nan	0.00	0.05	5.43	83.16	89.01	0.00	37	0	42	0.00	0.00	62.84	7.05	0.00	0.00	2000
229	11.21	2040	2105	0.00	198	0	0	0	nan	0.00	0.00	5.27	83.84	88.79	0.00	38	0	42	0.00	0.00	68.60	7.67	0.00	0.00	2000
227	10.95	2098	2074	0.00	200	0	0	6	96.79	0.00	0.00	3.90	84.05	89.05	0.00	38	0	42	0.00	0.00	62.51	7.09	0.00	0.00	2000
229	11.04	2052	2122	0.58	214	0	0	16	86.95	0.00	0.05	3.04	86.91	88.96	0.00	38	0	42	0.00	0.00	67.98	7.83	0.00	0.00	2000
231	11.31	2042	2103	0.00	196	0	0	0	nan	0.00	0.03	4.31	84.56	88.69	0.00	38	0	42	0.00	0.00	65.59	7.36	0.00	0.00	2000
231	10.97	2110	2094	0.00	207	0	0	0	nan	0.00	0.00	4.04	84.78	89.03	0.00	38	0	42	0.00	0.00	62.82	7.07	0.00	0.00	2000
234	11.00	2125	2105	0.00	200	0	0	0	nan	0.00	0.01	5.48	83.66	89.00	0.00	37	0	42	0.00	0.00	65.40	7.40	0.00	0.00	2000
226	11.05	2065	2079	0.00	198	0	0	0	nan	0.00	0.00	5.82	82.36	88.95	0.00	39	0	42	0.00	0.00	63.32	7.39	0.00	0.00	2000
223	12.31	2052	1856	0.00	199	0	0	0	nan	0.00	0.00	3.84	73.74	87.69	0.00	39	0	42	0.00	0.00	58.30	6.61	0.00	0.00	2000
245	9.98	2109	2444	0.00	285	0	0	0	nan	0.00	0.00	10.14	94.69	90.02	0.00	38	0	42	0.00	0.00	77.84	8.86	0.00	0.00	2000
224	10.97	2042	2104	0.00	198	0	0	0	nan	0.00	0.00	5.97	83.28	89.03	0.00	38	0	42	0.00	0.00	67.13	8.01	0.00	0.00	2000
225	11.07	2025	2105	0.00	196	0	0	0	nan	0.00	0.01	5.18	84.06	88.93	0.00	39	0	42	0.00	0.00	66.42	7.92	0.00	0.00	2000
228	10.88	2091	2104	0.00	200	0	0	0	nan	0.00	0.00	6.48	82.86	89.12	0.00	39	0	42	0.00	0.00	65.75	7.90	0.00	0.00	2000
225	11.04	2039	2101	0.00	196	0	0	0	nan	0.00	0.00	7.48	81.65	88.96	0.00	39	0	42	0.00	0.00	66.64	8.04	0.00	0.00	2000
225	10.71	2104	2098	0.00	193	0	0	0	nan	0.00	0.00	7.33	81.94	89.29	0.00	39	0	42	0.00	0.00	62.96	7.47	0.00	0.00	2000
223	10.91	2048	2099	0.00	197	0	0	0	nan	0.00	0.00	5.03	84.10	89.09	0.00	39	0	42	0.00	0.00	66.04	7.86	0.00	0.00	2000
223	10.88	2052	2100	0.00	195	0	0	0	nan	0.00	0.01	5.09	84.05	89.12	0.00	39	0	42	0.00	0.00	65.17	7.82	0.00	0.00	2000
224	11.10	2080	2034	0.00	204	1	0	0	nan	0.00	0.00	6.40	79.80	88.90	0.00	39	0	42	0.00	0.00	64.41	7.31	0.00	0.00	2000
223	10.42	2076	2168	0.00	201	0	0	0	nan	0.00	0.05	4.72	87.83	89.58	0.00	40	0	42	0.00	0.00	67.96	7.84	0.00	0.00	2000
221	10.88	2047	2081	0.24	196	0	0	6	89.93	0.03	0.03	2.71	85.69	89.12	0.00	40	0	42	0.00	0.00	63.82	7.21	0.00	0.00	2000
222	10.53	2084	2122	0.95	196	0	0	3	90.37	0.00	0.00	4.73	85.78	89.47	0.00	40	0	42	0.00	0.00	66.40	7.44	0.00	0.00	2000
220	11.17	2040	2027	0.00	197	0	0	0	nan	0.00	0.00	6.50	79.36	88.83	0.00	40	0	42	0.00	0.00	63.33	7.43	0.00	0.00	2000
226	10.89	2036	2137	0.00	195	0	0	0	nan	0.00	0.00	7.31	83.54	89.11	0.00	40	0	42	0.00	0.00	65.40	7.44	0.00	0.00	2000
229	10.88	2125	2084	0.00	202	0	0	0	nan	0.00	0.02	6.17	82.32	89.14	0.00	40	0	42	0.00	0.00	65.34	7.53	0.00	0.00	2000
223	10.31	2115	2149	0.00	198	0	0	0	nan	0.00	0.02	6.31	85.47	89.69	0.00	40	0	42	0.00	0.00	65.54	7.43	0.00	0.00	2000
220	10.97	2009	2100	0.00	213	0	0	0	nan	0.00	0.00	6.32	82.86	89.03	0.00	40	0	42	0.00	0.00	66.10	7.68	0.00	0.00	2000
219	10.84	2053	2066	0.00	194	0	0	0	nan	0.00	0.00	6.44	81.39	89.16	0.00	40	0	42	0.00	0.00	64.21	7.38	0.00	0.00	2000
222	10.86	2069	2075	0.00	197	0	0	0	nan	0.00	0.00	5.44	82.77	89.14	0.00	40	0	42	0.00	0.00	64.26	7.35	0.00	0.00	2000
221	10.53	2072	2128	0.00	197	0	0	0	nan	0.00	0.01	6.85	83.93	89.47	0.00	40	0	42	0.00	0.00	65.09	7.38	0.00	0.00	2000
221	10.70	2088	2079	0.00	196	0	0	0	nan	0.00	0.00	6.79	81.67	89.30	0.00	40	0	42	0.00	0.00	64.73	7.32	0.00	0.00	2000
224	10.68	2056	2146	0.00	197	0	0	0	nan	0.00	0.02	7.16	84.19	89.32	0.00	40	0	42	0.00	0.00	65.36	7.36	0.00	0.00	2000
220	10.84	2056	2075	0.00	194	0	0	0	nan	0.00	0.00	6.48	81.72	89.16	0.00	40	0	42	0.00	0.00	65.42	7.56	0.00	0.00	2000
224	10.67	2106	2090	0.00	196	0	0	0	nan	0.00	0.00	5.55	83.44	89.33	0.00	40	0	42	0.00	0.00	64.93	7.36	0.00	0.00	2000
222	10.40	2101	2131	0.00	206	0	0	0	nan	0.00	0.02	2.70	88.27	89.60	0.00	40	0	42	0.00	0.00	65.73	7.77	0.00	0.00	2000
224	10.81	2062	2106	0.00	195	0	0	0	nan	0.00	0.49	6.15	82.90	89.19	0.00	40	0	42	0.00	0.00	65.73	7.72	0.00	0.00	2000
223	10.67	2082	2107	0.00	195	0	0	0	nan	0.00	1.02	6.17	82.64	89.33	0.00	39	0	42	0.00	0.00	66.86	7.67	0.00	0.00	2000
219	10.80	2079	2048	0.18	209	0	0	3	75.46	0.00	0.02	6.45	80.62	89.20	0.00	40	0	42	0.00	0.00	63.88	7.24	0.00	0.00	2000
225	10.98	2028	2125	0.58	205	0	0	3	80.88	0.00	0.00	7.28	82.86	89.02	0.00	40	0	42	0.00	0.00	65.23	7.50	0.00	0.00	2000
223	10.98	2030	2097	0.00	195	0	0	0	nan	0.00	0.00	7.72	81.35	89.02	0.00	40	0	42	0.00	0.00	64.92	7.54	0.00	0.00	2000
223	10.74	2076	2097	0.00	197	0	0	0	nan	0.00	0.01	7.03	82.19	89.26	0.00	40	0	42	0.00	0.00	65.22	7.56	0.00	0.00	2000
224	10.53	2081	2143	0.00	195	0	0	0	nan	0.04	0.00	7.27	84.10	89.47	0.00	40	0	42	0.00	0.00	66.90	7.40	0.00	0.00	2000
220	10.84	2096	2029	0.00	196	0	0	0	nan	0.00	0.02	5.79	80.41	89.16	0.00	40	0	42	0.00	0.00	63.49	7.19	0.00	0.00	2000
228	10.68	2060	2174	0.00	198	0	0	0	nan	0.04	0.00	8.33	84.20	89.32	0.00	40	0	42	0.00	0.00	66.55	7.56	0.00	0.00	2000
219	10.96	2066	2035	0.00	195	0	0	0	nan	0.00	0.02	7.88	78.46	89.04	0.00	40	0	42	0.00	0.00	63.62	7.33	0.00	0.00	2000
222	10.62	2073	2120	0.00	197	0	0	0	nan	0.04	0.00	7.02	83.27	89.38	0.00	40	0	42	0.00	0.00	64.91	7.32	0.00	0.00	2000
222	10.64	2086	2098	0.00	196	0	0	0	nan	0.00	0.00	6.03	83.36	89.36	0.00	40	0	42	0.00	0.00	65.25	7.63	0.00	0.00	2000
222	10.47	2115	2107	0.00	198	0	0	0	nan	0.01	0.00	5.80	84.14	89.53	0.00	40	0	42	0.00	0.00	64.85	7.52	0.00	0.00	2000
224	10.63	2098	2107	0.00	196	0	0	0	nan	0.01	0.56	4.37	84.82	89.38	0.00	40	0	42	0.00	0.00	65.24	7.25	0.00	0.00	2000
222	10.98	2021	2098	0.00	197	0	0	0	nan	0.00	0.03	5.16	83.93	89.02	0.00	41	0	42	0.00	0.00	65.24	7.33	0.00	0.00	2000
220	10.55	2067	2121	0.00	196	0	0	0	nan	0.00	0.00	6.93	83.47	89.45	0.00	40	0	42	0.00	0.00	65.27	7.47	0.00	0.00	2000
220	10.90	2058	2055	0.00	213	0	0	0	nan	0.00	0.39	7.46	79.47	89.10	0.00	40	0	42	0.00	0.00	62.66	6.93	0.00	0.00	2000
222	10.49	2069	2152	0.00	194	0	0	0	nan	0.00	0.00	6.75	85.04	89.51	0.00	40	0	42	0.00	0.00	66.19	7.54	0.00	0.00	2000
221	10.81	2076	2068	0.00	199	0	0	0	nan	0.00	0.02	7.05	80.88	89.19	0.00	40	0	42	0.00	0.00	64.25	7.27	0.00	0.00	2000
220	10.82	2055	2077	0.13	196	0	0	2	78.34	0.00	0.00	7.45	80.81	89.18	0.00	40	0	42	0.00	0.00	64.85	7.46	0.00	0.00	2000
222	10.60	2069	2122	0.96	196	0	0	2	87.92	0.00	0.00	5.86	84.60	89.40	0.00	40	0	42	0.00	0.00	67.78	7.78	0.00	0.00	2000
223	10.37	2108	2146	0.00	197	0	0	0	nan	0.00	0.00	5.97	85.66	89.63	0.00	40	0	42	0.00	0.00	64.42	7.29	0.00	0.00	2000
218	10.89	2095	2009	0.00	196	0	0	0	nan	0.00	0.02	4.86	80.40	89.11	0.00	40	0	42	0.00	0.00	63.75	7.49	0.00	0.00	2000
227	10.72	2066	2152	0.00	201	0	0	0	nan	0.00	0.00	8.82	82.81	89.28	0.00	40	0	42	0.00	0.00	65.26	7.56	0.00	0.00	2000
222	10.65	2051	2135	0.00	196	0	0	0	nan	0.00	0.00	8.36	82.60	89.35	0.00	40	0	42	0.00	0.00	66.06	7.57	0.00	0.00	2000
219	10.83	2084	2042	0.00	196	0	0	0	nan	0.00	0.02	6.51	80.23	89.17	0.00	40	0	42	0.00	0.00	64.19	7.30	0.00	0.00	2000
224	10.46	2091	2154	0.00	195	0	0	0	nan	0.04	0.01	6.54	85.30	89.54	0.00	40	0	42	0.00	0.00	68.17	7.75	0.00	0.00	2000
222	10.99	2050	2072	0.00	195	0	0	0	nan	0.06	0.03	6.51	81.40	89.01	0.00	40	0	42	0.00	0.00	62.14	7.05	0.00	0.00	2000
223	10.89	2036	2110	0.00	196	0	0	0	nan	0.00	0.06	4.34	85.23	89.11	0.00	40	0	42	0.00	0.00	64.76	7.43	0.00	0.00	2000
220	10.79	2049	2092	0.00	204	0	0	0	nan	0.00	0.03	5.12	83.80	89.21	0.00	40	0	42	0.00	0.00	65.38	7.24	0.00	0.00	2000
221	10.51	2075	2127	0.00	195	0	0	0	nan	0.00	0.45	7.12	83.16	89.49	0.00	41	0	42	0.00	0.00	68.02	7.76	0.00	0.00	2000
220	10.87	2074	2047	0.00	196	0	0	0	nan	0.00	0.03	7.82	79.08	89.13	0.00	40	0	42	0.00	0.00	62.34	7.07	0.00	0.00	2000
222	10.55	2068	2135	0.00	196	0	0	0	nan	0.00	0.00	5.95	85.05	89.45	0.00	40	0	42	0.00	0.00	65.12	7.45	0.00	0.00	2000
223	10.94	2055	2082	0.00	198	0	0	0	nan	0.00	0.07	6.91	81.46	89.06	0.00	40	0	42	0.00	0.00	65.03	7.42	0.00	0.00	2000
221	10.62	2039	2140	0.00	197	0	0	0	nan	0.00	0.00	7.14	84.07	89.38	0.00	40	0	42	0.00	0.00	67.88	7.69	0.00	0.00	2000
219	11.08	2033	2047	0.00	194	0	0	0	nan	0.01	0.00	7.94	78.84	88.92	0.00	40	0	42	0.00	0.00	62.39	7.24	0.00	0.00	2000
220	10.60	2046	2135	0.00	195	0	0	3	93.19	0.00	0.00	6.97	84.04	89.40	0.00	40	0	42	0.00	0.00	64.83	7.33	0.00	0.00	2000
220	10.80	2040	2100	0.66	213	0	0	4	90.20	0.00	0.00	6.14	83.22	89.20	0.00	40	0	42	0.00	0.00	66.17	7.53	0.00	0.00	2000
224	11.15	2027	2080	0.00	195	0	0	0	nan	0.04	0.00	6.02	82.09	88.85	0.00	40	0	42	0.00	0.00	63.44	7.29	0.00	0.00	2000
220	10.92	2031	2084	0.00	198	0	0	0	nan	0.00	0.00	7.05	81.52	89.08	0.00	40	0	42	0.00	0.00	65.41	7.47	0.00	0.00	2000
221	10.63	2052	2126	0.00	196	0	0	0	nan	0.00	0.00	5.47	85.16	89.37	0.00	40	0	42	0.00	0.00	64.46	7.50	0.00	0.00	2000
228	11.26	2006	2122	0.00	200	0	0	0	nan	0.04	0.00	8.55	81.34	88.74	0.00	40	0	42	0.00	0.00	65.35	7.42	0.00	0.00	2000
219	10.97	2027	2073	0.00	196	0	0	0	nan	0.00	0.00	6.83	81.23	89.03	0.00	40	0	42	0.00	0.00	64.58	7.49	0.00	0.00	2000
223	10.56	2107	2105	0.00	195	0	0	0	nan	0.01	0.56	3.88	85.27	89.44	0.00	40	0	42	0.00	0.00	65.76	7.42	0.00	0.00	2000
223	10.67	2051	2135	0.00	204	0	0	0	nan	0.00	0.04	5.07	85.80	89.33	0.00	40	0	41	0.00	0.00	66.61	7.53	0.00	0.00	2000
218	11.05	2071	1999	0.00	195	0	0	0	nan	0.00	0.00	6.84	77.94	88.95	0.00	40	0	42	0.00	0.00	61.12	7.49	0.00	0.00	2000
226	10.30	2094	2201	0.00	197	0	0	0	nan	0.00	0.02	5.15	88.99	89.70	0.00	40	0	42	0.00	0.00	69.84	8.42	0.00	0.00	2000
220	10.83	2087	2044	0.00	196	0	0	0	nan	0.00	0.00	5.04	81.85	89.17	0.00	39	0	42	0.00	0.00	61.46	7.23	0.00	0.00	2000
227	10.86	2029	2162	0.00	195	0	0	0	nan	0.00	0.03	5.90	85.92	89.14	0.00	40	0	42	0.00	0.00	68.73	8.13	0.00	0.00	2000
222	10.78	2064	2098	0.00	215	0	0	0	nan	0.00	0.00	6.75	82.51	89.22	0.00	40	0	42	0.00	0.00	63.78	7.36	0.00	0.00	2000
223	10.70	2084	2103	0.00	198	0	0	0	nan	0.04	0.00	7.84	81.63	89.30	0.00	40	0	42	0.00	0.00	65.70	7.62	0.00	0.00	2000
217	11.20	2065	1975	0.00	195	0	0	0	nan	0.00	0.00	5.20	78.43	88.80	0.00	40	0	42	0.00	0.00	63.25	7.39	0.00	0.00	2000
224	10.47	2043	2194	0.00	195	0	0	0	nan	0.00	0.01	6.19	87.47	89.53	0.00	40	0	42	0.00	0.00	68.14	8.13	0.00	0.00	2000
224	10.83	2072	2100	0.00	198	0	0	3	58.55	0.04	0.00	7.62	81.63	89.17	0.00	40	0	42	0.00	0.00	65.50	7.83	0.00	0.00	2000
222	10.78	2057	2103	1.47	197	0	0	5	50.41	0.00	0.00	8.56	80.86	89.22	0.00	41	0	42	0.00	0.00	64.66	7.56	0.00	0.00	2000
220	10.72	2063	2092	0.00	195	0	0	0	nan	0.00	0.00	7.61	81.42	89.28	0.00	41	0	42	0.00	0.00	64.71	7.60	0.00	0.00	2000
222	10.81	2051	2099	0.00	194	0	0	0	nan	0.00	0.00	6.48	82.78	89.19	0.00	41	0	42	0.00	0.00	65.11	7.60	0.00	0.00	2000
222	10.54	2078	2128	0.00	196	0	0	0	nan	0.00	0.00	6.22	84.54	89.46	0.00	41	0	42	0.00	0.00	66.01	7.23	0.00	0.00	2000
224	10.86	2059	2105	0.00	195	0	0	0	nan	0.00	2.12	3.90	83.42	89.14	0.00	41	0	42	0.00	0.00	62.78	7.65	0.00	0.00	2000
220	10.26	2196	2054	0.00	202	0	0	0	nan	0.00	2.08	4.66	81.19	89.74	0.00	41	0	42	0.00	0.00	65.01	7.34	0.00	0.00	2000
222	10.65	2027	2160	0.00	196	0	0	0	nan	0.02	0.00	8.07	83.91	89.35	0.00	40	0	42	0.00	0.00	66.60	7.62	0.00	0.00	2000
220	10.97	2056	2051	0.00	194	0	0	0	nan	0.00	0.02	7.01	80.04	89.03	0.00	41	0	42	0.00	0.00	64.41	8.17	0.00	0.00	2000
221	10.73	2045	2119	0.00	197	0	0	0	nan	0.00	0.03	6.11	84.04	89.27	0.00	41	0	42	0.00	0.00	67.95	7.73	0.00	0.00	2000
223	10.96	2065	2069	0.00	196	0	0	0	nan	0.00	0.00	6.37	81.47	89.04	0.00	41	0	42	0.00	0.00	62.99	7.20	0.00	0.00	2000
224	10.79	2054	2119	0.00	202	0	0	0	nan	0.04	0.00	7.87	82.25	89.21	0.00	41	0	42	0.00	0.00	65.61	7.44	0.00	0.00	2000
224	10.72	2049	2140	0.00	197	0	0	0	nan	0.00	0.00	9.15	81.96	89.28	0.00	41	0	42	0.00	0.00	66.20	7.61	0.00	0.00	2000
221	10.92	2033	2088	0.00	194	0	0	0	nan	0.00	0.00	6.36	82.32	89.08	0.00	41	0	42	0.00	0.00	65.77	7.55	0.00	0.00	2000
220	10.88	2045	2076	0.00	196	0	0	0	nan	0.00	0.00	5.68	82.58	89.12	0.00	41	0	42	0.00	0.00	66.14	7.59	0.00	0.00	2000
220	10.78	2092	2045	0.00	195	0	0	0	nan	0.00	0.00	5.00	81.88	89.22	0.00	40	0	42	0.00	0.00	63.27	7.55	0.00	0.00	2000
228	10.60	2080	2172	0.00	197	0	0	0	nan	0.04	0.00	8.20	84.38	89.40	0.00	41	0	42	0.00	0.00	66.78	8.14	0.00	0.00	2000
221	10.45	2111	2102	0.00	197	0	0	1	60.43	0.01	0.00	8.13	81.60	89.55	0.00	41	0	42	0.00	0.00	65.57	7.56	0.00	0.00	2000
223	10.63	2081	2117	1.45	194	0	0	6	42.98	0.00	2.19	2.96	85.10	89.37	0.00	41	0	42	0.00	0.00	66.42	7.60	0.00	0.00	2000
219	10.68	2109	2043	0.00	196	0	0	0	nan	0.00	2.09	2.81	82.14	89.32	0.00	41	0	42	0.00	0.00	60.68	7.25	0.00	0.00	2000
221	10.61	2076	2104	0.00	196	0	0	0	nan	0.00	0.05	2.97	86.60	89.39	0.00	41	0	42	0.00	0.00	68.00	7.43	0.00	0.00	2000
237	11.05	2127	2120	0.00	198	0	0	0	nan	0.00	0.03	5.95	83.92	88.95	0.00	41	0	41	0.00	0.00	65.81	7.60	0.00	0.00	2000
224	10.17	2161	2140	0.00	198	0	0	0	nan	0.00	1.08	8.13	82.46	89.83	0.00	41	0	42	0.00	0.00	67.21	7.79	0.00	0.00	2000
222	10.54	2108	2095	0.00	198	0	0	0	nan	0.00	0.04	5.49	83.72	89.46	0.00	41	0	42	0.00	0.00	66.29	8.28	0.00	0.00	2000
221	10.68	2083	2091	0.00	196	0	0	0	nan	0.00	0.02	5.42	83.55	89.32	0.00	41	0	42	0.00	0.00	65.92	7.60	0.00	0.00	2000
218	11.12	2058	2002	0.00	196	0	0	0	nan	0.00	0.00	5.41	79.41	88.88	0.00	41	0	42	0.00	0.00	59.78	6.84	0.00	0.00	2000
227	10.73	2040	2176	0.00	205	0	0	0	nan	0.00	0.00	8.30	84.28	89.27	0.00	41	0	42	0.00	0.00	67.97	7.88	0.00	0.00	2000
222	10.55	2074	2131	0.00	195	0	0	0	nan	0.00	0.02	7.91	82.95	89.45	0.00	41	0	42	0.00	0.00	65.54	7.62	0.00	0.00	2000
219	10.95	2039	2063	0.00	194	0	0	0	nan	0.00	0.00	7.10	80.51	89.05	0.00	41	0	42	0.00	0.00	63.71	7.24	0.00	0.00	2000
221	10.80	2046	2099	0.00	195	0	0	0	nan	0.00	0.00	5.97	83.31	89.20	0.00	41	0	42	0.00	0.00	65.09	7.51	0.00	0.00	2000
226	10.78	2101	2091	0.00	196	0	0	0	nan	0.04	0.00	8.64	80.29	89.22	0.00	38	0	42	0.00	0.00	65.23	7.44	0.00	0.00	2000
233	11.14	2050	2145	0.00	215	0	0	0	nan	0.00	0.00	7.87	83.02	88.86	0.00	39	0	42	0.00	0.00	67.83	7.76	0.00	0.00	2000
231	11.14	2090	2083	0.00	198	0	0	0	nan	0.06	0.04	9.08	79.08	88.86	0.00	39	0	42	0.00	0.00	62.02	7.01	0.00	0.00	2000
233	11.10	2077	2118	0.00	197	0	0	0	nan	0.00	0.55	7.78	81.50	88.90	0.00	40	0	42	0.00	0.00	68.39	7.70	0.00	0.00	2000
230	11.17	2068	2090	0.00	196	0	0	0	nan	0.03	0.02	4.49	84.02	88.83	0.00	40	0	42	0.00	0.00	65.10	7.48	0.00	0.00	2000
231	11.28	2049	2099	1.25	196	0	0	6	27.71	0.00	0.00	8.61	80.18	88.72	0.00	40	0	42	0.00	0.00	62.37	7.17	0.00	0.00	2000
232	11.12	2093	2092	0.20	198	0	0	0	nan	0.00	0.00	10.33	78.22	88.88	0.00	40	0	42	0.00	0.00	62.60	7.17	0.00	0.00	2000
230	10.95	2081	2119	0.00	200	0	0	0	nan	0.01	0.00	7.77	82.21	89.05	0.00	40	0	42	0.00	0.00	68.28	7.57	0.00	0.00	2000
230	11.02	2109	2082	0.00	198	0	0	0	nan	0.02	1.46	8.20	78.62	88.98	0.00	40	0	42	0.00	0.00	62.65	7.19	0.00	0.00	2000
230	11.06	2065	2112	0.00	196	0	0	0	nan	0.00	0.00	10.33	79.25	88.94	0.00	40	0	42	0.00	0.00	67.87	7.72	0.00	0.00	2000
229	11.10	2068	2098	0.00	197	0	0	0	nan	0.00	0.00	7.96	80.92	88.90	0.00	40	0	42	0.00	0.00	62.73	7.07	0.00	0.00	2000
231	11.24	2063	2091	0.00	196	0	0	0	nan	0.00	0.00	8.71	79.71	88.76	0.00	41	0	42	0.00	0.00	64.85	7.35	0.00	0.00	2000
230	10.95	2088	2112	0.00	201	0	0	0	nan	0.00	0.00	9.60	80.09	89.05	0.00	40	0	42	0.00	0.00	65.79	7.38	0.00	0.00	2000
231	11.16	2064	2102	0.00	195	0	0	0	nan	0.00	0.00	8.60	80.42	88.84	0.00	40	0	42	0.00	0.00	68.06	7.98	0.00	0.00	2000
229	11.11	2066	2096	0.00	194	0	0	0	nan	0.00	0.00	8.62	80.16	88.89	0.00	41	0	42	0.00	0.00	62.48	7.06	0.00	0.00	2000
226	11.19	2087	2034	0.00	194	0	0	0	nan	0.00	0.00	7.44	78.60	88.81	0.00	41	0	42	0.00	0.00	62.47	7.13	0.00	0.00	2000
235	11.06	2065	2165	0.00	212	0	0	0	nan	0.00	0.00	7.93	83.76	88.94	0.00	41	0	42	0.00	0.00	68.01	7.51	0.00	0.00	2000
230	11.13	2071	2100	0.00	195	0	0	0	nan	0.00	0.00	10.18	78.76	88.87	0.00	40	0	42	0.00	0.00	65.10	7.68	0.00	0.00	2000
232	11.00	2116	2092	0.00	197	0	0	0	nan	0.00	2.17	5.82	80.83	89.00	0.00	40	0	42	0.00	0.00	64.99	7.42	0.00	0.00	2000
229	11.03	2064	2117	0.00	195	0	0	0	nan	0.00	0.05	5.53	84.28	88.97	0.00	41	0	42	0.00	0.00	65.13	7.30	0.00	0.00	2000
230	11.02	2101	2084	0.00	196	0	0	0	nan	0.01	0.00	7.21	81.11	88.98	0.00	41	0	42	0.00	0.00	65.06	7.30	0.00	0.00	2000
234	11.13	2084	2115	0.00	196	0	0	0	nan	0.00	0.45	10.86	78.31	88.87	0.00	40	0	42	0.00	0.00	66.02	7.62	0.00	0.00	2000
231	11.37	2045	2087	1.09	202	0	0	6	59.82	0.04	0.03	9.93	78.16	88.63	0.00	40	0	42	0.00	0.00	64.90	7.59	0.00	0.00	2000
230	11.22	2033	2112	0.38	197	0	0	0	nan	0.00	0.00	8.92	80.55	88.78	0.00	40	0	41	0.00	0.00	64.52	7.63	0.00	0.00	2000
229	11.26	2017	2116	0.00	195	0	0	0	nan	0.00	0.00	8.92	80.53	88.74	0.00	40	0	42	0.00	0.00	67.47	7.67	0.00	0.00	2000
229	11.01	2130	2054	0.00	181	0	0	0	nan	0.00	0.02	6.81	80.33	88.99	0.00	40	0	42	0.00	0.00	63.43	7.23	0.00	0.00	2000
232	11.07	2063	2130	0.00	212	0	0	0	nan	0.00	0.00	8.38	81.89	88.93	0.00	40	0	42	0.00	0.00	65.09	7.49	0.00	0.00	2000
231	11.42	2027	2094	0.00	199	0	0	0	nan	0.04	0.00	9.08	79.43	88.58	0.00	41	0	42	0.00	0.00	65.86	7.26	0.00	0.00	2000
235	11.44	2048	2104	0.00	195	0	0	0	nan	0.00	0.00	10.77	78.09	88.56	0.00	40	0	42	0.00	0.00	64.72	7.52	0.00	0.00	2000
231	11.21	2046	2111	0.00	213	0	0	0	nan	0.00	0.00	8.66	80.72	88.79	0.00	40	0	42	0.00	0.00	64.92	7.47	0.00	0.00	2000
229	11.15	2064	2088	0.00	195	0	0	0	nan	0.00	0.00	7.99	80.48	88.85	0.00	41	0	42	0.00	0.00	65.23	7.48	0.00	0.00	2000
232	11.25	2055	2104	0.00	195	0	0	0	nan	0.00	0.00	8.72	80.24	88.75	0.00	41	0	42	0.00	0.00	64.12	7.56	0.00	0.00	2000
229	11.00	2080	2101	0.00	201	0	0	0	nan	0.00	0.09	6.72	82.40	89.00	0.00	41	0	42	0.00	0.00	65.36	7.48	0.00	0.00	2000
231	10.77	2126	2115	0.00	196	0	0	0	nan	0.00	0.90	4.02	85.10	89.23	0.00	41	0	42	0.00	0.00	65.30	7.45	0.00	0.00	2000
230	11.33	2057	2071	0.00	196	0	0	0	nan	0.02	0.97	7.45	79.07	88.67	0.00	40	0	42	0.00	0.00	65.41	7.43	0.00	0.00	2000
231	11.11	2067	2108	0.00	194	0	0	0	nan	0.00	0.00	10.44	78.86	88.89	0.00	40	0	42	0.00	0.00	65.62	7.51	0.00	0.00	2000
230	11.25	2038	2108	0.00	193	0	0	0	nan	0.00	0.02	9.52	79.74	88.75	0.00	40	0	42	0.00	0.00	65.46	7.35	0.00	0.00	2000
230	11.15	2056	2112	0.00	201	0	0	0	nan	0.00	0.00	8.53	80.82	88.85	0.00	40	0	42	0.00	0.00	64.95	7.49	0.00	0.00	2000
230	11.17	2072	2082	0.00	195	0	0	0	nan	0.00	0.00	7.24	80.93	88.83	0.00	40	0	42	0.00	0.00	65.04	7.60	0.00	0.00	2000
230	11.20	2048	2108	0.75	196	0	0	6	64.35	0.00	0.00	8.81	80.39	88.80	0.00	40	0	42	0.00	0.00	65.09	7.51	0.00	0.00	2000
229	11.18	2058	2094	0.70	196	0	0	0	89.31	0.00	0.00	7.52	81.15	88.82	0.00	41	0	42	0.00	0.00	65.15	7.48	0.00	0.00	2000
235	11.46	2047	2106	0.00	197	0	0	0	nan	0.00	0.00	9.86	79.06	88.54	0.00	41	0	42	0.00	0.00	65.22	7.39	0.00	0.00	2000
232	11.33	2057	2092	0.00	202	0	0	0	nan	0.00	0.00	10.32	78.11	88.67	0.00	41	0	42	0.00	0.00	64.86	7.42	0.00	0.00	2000
230	11.14	2064	2097	0.00	196	0	0	0	nan	0.00	0.00	10.53	78.28	88.86	0.00	41	0	42	0.00	0.00	64.88	7.46	0.00	0.00	2000
230	10.86	2121	2094	0.00	195	0	0	0	nan	0.00	0.00	8.76	80.15	89.14	0.00	41	0	42	0.00	0.00	65.48	7.43	0.00	0.00	2000
230	10.88	2104	2110	0.00	194	0	0	0	nan	0.00	0.00	8.78	80.89	89.12	0.00	41	0	42	0.00	0.00	65.42	7.30	0.00	0.00	2000
231	11.24	2066	2090	0.00	197	0	0	0	nan	0.04	0.00	9.63	78.76	88.76	0.00	40	0	42	0.00	0.00	65.26	7.50	0.00	0.00	2000
232	11.06	2086	2115	0.00	199	0	0	0	nan	0.00	0.10	7.06	82.58	88.94	0.00	41	0	42	0.00	0.00	65.10	7.23	0.00	0.00	2000
229	11.21	2044	2102	0.00	196	0	0	0	nan	0.00	0.00	7.32	81.66	88.79	0.00	40	0	42	0.00	0.00	65.05	7.48	0.00	0.00	2000
230	11.34	2034	2092	0.00	195	0	0	0	nan	0.00	0.00	8.25	80.27	88.66	0.00	41	0	42	0.00	0.00	64.60	7.54	0.00	0.00	2000
230	11.10	2077	2093	0.00	198	0	0	0	nan	0.00	0.00	8.09	80.54	88.90	0.00	41	0	42	0.00	0.00	65.07	7.33	0.00	0.00	2000
231	11.22	2042	2118	0.00	195	0	0	0	nan	0.02	0.42	9.49	79.83	88.78	0.00	40	0	42	0.00	0.00	64.75	7.48	0.00	0.00	2000
231	11.07	2087	2100	0.00	197	0	0	0	nan	0.00	0.00	7.63	81.40	88.93	0.00	41	0	42	0.00	0.00	65.07	7.49	0.00	0.00	2000
230	11.20	2053	2098	0.00	206	0	0	0	nan	0.00	0.00	6.81	82.08	88.80	0.00	41	0	42	0.00	0.00	65.13	7.31	0.00	0.00	2000
229	11.17	2052	2095	0.00	197	0	0	0	nan	0.00	0.00	9.14	79.52	88.83	0.00	40	0	42	0.00	0.00	64.78	7.62	0.00	0.00	2000
232	11.02	2089	2113	0.00	195	0	0	0	nan	0.00	0.00	6.90	82.70	88.98	0.00	40	0	42	0.00	0.00	65.48	7.37	0.00	0.00	2000
229	10.96	2094	2093	0.42	196	0	0	5	70.33	0.00	0.00	7.29	81.52	89.04	0.00	41	0	42	0.00	0.00	65.52	7.53	0.00	0.00	2000
234	11.47	2057	2087	1.04	196	0	0	3	78.66	0.04	0.00	8.80	79.35	88.53	0.00	41	0	42	0.00	0.00	64.99	7.26	0.00	0.00	2000
230	10.97	2085	2113	0.00	199	0	0	0	nan	0.00	0.00	8.69	80.89	89.03	0.00	41	0	42	0.00	0.00	65.76	7.44	0.00	0.00	2000
230	11.28	2053	2087	0.00	196	0	0	0	nan	0.00	0.00	8.82	79.47	88.72	0.00	41	0	42	0.00	0.00	65.23	7.41	0.00	0.00	2000
228	11.09	2051	2109	0.00	197	0	0	0	nan	0.00	0.00	8.66	80.83	88.91	0.00	41	0	42	0.00	0.00	64.95	7.41	0.00	0.00	2000
230	11.25	2042	2101	0.00	195	0	0	0	nan	0.00	0.10	4.85	84.00	88.75	0.00	40	0	42	0.00	0.00	65.71	7.30	0.00	0.00	2000
232	11.27	2072	2088	0.00	179	0	0	0	nan	0.01	0.05	5.13	83.12	88.73	0.00	41	0	42	0.00	0.00	65.20	7.45	0.00	0.00	2000
232	11.19	2065	2108	0.00	218	0	0	0	nan	0.00	0.00	9.20	80.09	88.81	0.00	41	0	42	0.00	0.00	65.00	7.46	0.00	0.00	2000
231	10.77	2136	2107	0.00	195	0	0	0	nan	0.00	0.47	10.12	78.98	89.23	0.00	41	0	42	0.00	0.00	66.26	7.46	0.00	0.00	2000
230	11.08	2092	2086	0.00	194	0	0	0	nan	0.02	1.46	9.19	77.76	88.92	0.00	40	0	42	0.00	0.00	65.31	7.42	0.00	0.00	2000
230	11.09	2076	2095	0.00	196	0	0	0	nan	0.00	0.00	9.90	78.95	88.91	0.00	41	0	42	0.00	0.00	65.66	7.47	0.00	0.00	2000
230	11.08	2066	2108	0.00	198	0	0	0	nan	0.00	0.00	8.48	80.88	88.92	0.00	41	0	42	0.00	0.00	64.97	7.29	0.00	0.00	2000
233	11.29	2062	2099	0.00	197	0	0	0	nan	0.04	0.00	8.96	79.90	88.71	0.00	41	0	42	0.00	0.00	65.80	7.61	0.00	0.00	2000
230	11.09	2061	2111	0.00	196	0	0	0	nan	0.00	0.00	10.65	78.86	88.91	0.00	41	0	42	0.00	0.00	65.33	7.40	0.00	0.00	2000
229	11.02	2085	2093	0.00	195	0	0	0	nan	0.00	0.00	7.90	80.89	88.98	0.00	41	0	42	0.00	0.00	65.73	7.44	0.00	0.00	2000
232	11.23	2074	2094	0.00	195	0	0	0	nan	0.00	0.00	7.54	80.98	88.77	0.00	41	0	42	0.00	0.00	65.27	7.61	0.00	0.00	2000
230	10.93	2100	2106	0.00	196	0	0	0	nan	0.00	0.00	7.98	81.46	89.07	0.00	41	0	42	0.00	0.00	64.79	7.37	0.00	0.00	2000
233	11.04	2114	2097	0.01	197	0	0	4	69.91	0.06	0.00	9.12	79.77	88.96	0.00	40	0	42	0.00	0.00	65.47	7.64	0.00	0.00	2000
229	11.07	2068	2098	1.37	197	0	0	4	74.11	0.00	0.00	9.65	79.26	88.93	0.00	41	0	42	0.00	0.00	65.58	7.45	0.00	0.00	2000
230	11.07	2076	2101	0.00	198	0	0	0	nan	0.00	0.10	7.11	81.89	88.93	0.00	40	0	42	0.00	0.00	65.21	7.34	0.00	0.00	2000
235	11.78	2067	2029	0.00	195	0	0	0	nan	0.00	0.05	4.51	80.87	88.22	0.00	41	0	42	0.00	0.00	62.61	7.15	0.00	0.00	2000
234	11.01	2051	2181	0.00	212	0	0	0	nan	0.03	0.00	5.85	86.69	88.99	0.00	40	0	42	0.00	0.00	68.15	7.67	0.00	0.00	2000
230	11.16	2051	2106	0.00	197	0	0	0	nan	0.00	0.00	10.22	79.00	88.84	0.00	41	0	42	0.00	0.00	65.53	7.16	0.00	0.00	2000
230	11.32	2037	2096	0.00	198	0	0	0	nan	0.01	0.00	11.36	77.32	88.68	0.00	41	0	42	0.00	0.00	65.03	7.34	0.00	0.00	2000
229	10.96	2107	2087	0.00	200	0	0	0	nan	0.00	0.02	8.06	80.41	89.04	0.00	41	0	42	0.00	0.00	65.43	7.39	0.00	0.00	2000
230	11.19	2037	2119	0.00	197	0	0	0	nan	0.00	0.00	9.01	80.71	88.81	0.00	41	0	42	0.00	0.00	65.43	7.51	0.00	0.00	2000
229	11.15	2081	2070	0.00	197	0	0	0	nan	0.00	0.00	8.00	79.68	88.85	0.00	41	0	42	0.00	0.00	62.02	7.18	0.00	0.00	2000
229	11.29	2066	2061	0.00	202	0	0	0	nan	0.00	0.03	10.75	76.44	88.71	0.00	41	0	42	0.00	0.00	66.06	7.49	0.00	0.00	2000
230	11.04	2023	2165	0.00	222	0	0	0	nan	0.00	0.00	9.13	82.72	88.96	0.00	40	0	42	0.00	0.00	67.05	7.65	0.00	0.00	2000
230	11.18	2039	2121	0.00	196	0	0	0	nan	0.00	0.00	7.34	82.56	88.82	0.00	40	0	42	0.00	0.00	62.87	7.16	0.00	0.00	2000
229	11.07	2074	2096	0.00	179	0	0	0	nan	0.00	0.02	7.24	81.52	88.93	0.00	40	0	42	0.00	0.00	63.63	7.30	0.00	0.00	2000
232	11.33	2049	2099	0.00	197	0	0	0	nan	0.00	0.00	7.41	81.33	88.67	0.00	40	0	42	0.00	0.00	65.57	7.53	0.00	0.00	2000
229	11.36	2069	2044	0.00	200	0	0	0	nan	0.00	0.03	6.11	80.23	88.64	0.00	41	0	42	0.00	0.00	65.94	7.52	0.00	0.00	2000
230	10.98	2043	2150	0.00	210	0	0	0	nan	0.01	0.00	8.72	82.53	89.02	0.00	41	0	42	0.00	0.00	67.98	7.73	0.00	0.00	2000
228	11.12	2059	2096	0.01	197	0	0	4	70.90	0.00	0.08	4.86	83.97	88.88	0.00	40	0	42	0.00	0.00	62.51	7.09	0.00	0.00	2000
230	11.07	2084	2093	1.38	197	0	0	4	75.30	0.03	0.02	4.53	84.18	88.93	0.00	41	0	42	0.00	0.00	62.38	7.16	0.00	0.00	2000
231	10.97	2098	2104	0.00	195	0	0	0	nan	0.00	0.00	8.80	80.54	89.03	0.00	40	0	42	0.00	0.00	68.13	7.82	0.00	0.00	2000
231	10.75	2126	2122	0.00	200	0	0	0	nan	0.00	0.99	8.23	81.03	89.25	0.00	40	0	42	0.00	0.00	66.93	7.73	0.00	0.00	2000
228	11.14	2073	2071	0.00	179	0	0	0	nan	0.00	0.02	7.44	80.27	88.86	0.00	40	0	42	0.00	0.00	64.74	7.53	0.00	0.00	2000
230	11.07	2062	2114	0.00	215	0	0	0	nan	0.00	0.01	6.92	82.66	88.93	0.00	41	0	42	0.00	0.00	65.51	7.50	0.00	0.00	2000
229	11.08	2075	2092	0.00	196	0	0	0	nan	0.00	0.00	8.12	80.51	88.92	0.00	41	0	42	0.00	0.00	63.13	7.14	0.00	0.00	2000
230	11.11	2076	2096	0.00	194	0	0	0	nan	0.00	0.02	8.43	80.34	88.89	0.00	40	0	42	0.00	0.00	64.35	7.30	0.00	0.00	2000
233	11.09	2095	2109	0.00	200	0	0	0	nan	0.00	0.00	7.16	82.18	88.91	0.00	40	0	42	0.00	0.00	66.22	7.64	0.00	0.00	2000
231	11.14	2063	2112	0.00	195	0	0	0	nan	0.00	0.01	9.24	80.17	88.86	0.00	40	0	42	0.00	0.00	65.97	7.67	0.00	0.00	2000
229	11.13	2088	2067	0.00	181	0	0	0	nan	0.00	0.00	8.09	79.45	88.87	0.00	40	0	42	0.00	0.00	65.03	7.54	0.00	0.00	2000
229	10.90	2088	2115	0.00	214	0	0	0	nan	0.00	0.00	8.29	81.50	89.10	0.00	40	0	42	0.00	0.00	65.13	7.45	0.00	0.00	2000
229	10.91	2109	2092	0.00	196	0	0	0	nan	0.00	0.00	6.98	81.69	89.09	0.00	40	0	42	0.00	0.00	65.58	7.45	0.00	0.00	2000
234	11.19	2086	2105	0.00	201	0	0	0	nan	0.00	0.00	10.82	78.35	88.81	0.00	41	0	42	0.00	0.00	65.20	7.41	0.00	0.00	2000
231	10.79	2129	2110	0.00	199	0	0	0	nan	0.00	0.08	7.29	82.41	89.21	0.00	41	0	42	0.00	0.00	66.69	7.35	0.00	0.00	2000
230	11.00	2095	2097	0.00	195	0	0	0	nan	0.00	0.38	6.70	81.92	89.00	0.00	40	0	42	0.00	0.00	65.12	7.17	0.00	0.00	2000
229	11.01	2093	2088	0.00	198	0	0	0	nan	0.00	0.00	8.11	80.36	88.99	0.00	41	0	42	0.00	0.00	65.26	7.34	0.00	0.00	2000
229	10.84	2105	2110	0.00	197	0	0	2	76.62	0.00	0.50	7.65	81.55	89.16	0.00	41	0	42	0.00	0.00	66.29	7.54	0.00	0.00	2000
233	11.20	2077	2103	1.31	197	0	0	6	75.56	0.04	0.00	10.97	77.96	88.80	0.00	41	0	42	0.00	0.00	65.82	7.19	0.00	0.00	2000
231	11.19	2063	2104	0.00	217	0	0	0	nan	0.00	0.00	8.78	80.29	88.81	0.00	41	0	42	0.00	0.00	64.70	7.56	0.00	0.00	2000
229	11.33	2030	2095	0.00	199	0	0	0	nan	0.00	0.00	8.72	79.86	88.67	0.00	41	0	42	0.00	0.00	66.27	7.49	0.00	0.00	2000
231	11.38	2030	2105	0.00	196	0	0	0	nan	0.04	0.00	9.28	79.71	88.62	0.00	40	0	42	0.00	0.00	65.28	7.37	0.00	0.00	2000
229	11.21	2050	2097	0.00	199	0	0	0	nan	0.00	0.00	8.78	79.97	88.79	0.00	41	0	42	0.00	0.00	65.56	7.42	0.00	0.00	2000
232	11.30	2057	2096	0.00	197	0	0	0	nan	0.00	0.00	6.61	81.99	88.70	0.00	41	0	42	0.00	0.00	66.09	7.44	0.00	0.00	2000
229	11.15	2050	2101	0.00	200	0	0	0	nan	0.00	0.00	8.32	80.71	88.85	0.00	40	0	42	0.00	0.00	65.42	7.75	0.00	0.00	2000
231	11.09	2070	2115	0.00	194	0	0	0	nan	0.00	0.02	7.70	81.92	88.91	0.00	41	0	42	0.00	0.00	67.02	7.52	0.00	0.00	2000
228	10.99	2092	2079	0.00	179	0	0	0	nan	0.00	0.02	8.03	80.18	89.01	0.00	41	0	42	0.00	0.00	65.02	7.37	0.00	0.00	2000
230	11.30	2017	2116	0.00	214	0	0	0	nan	0.00	0.00	8.06	81.43	88.70	0.00	40	0	42	0.00	0.00	65.08	7.41	0.00	0.00	2000
232	11.07	2099	2094	0.00	197	0	0	0	nan	0.00	0.00	7.62	81.16	88.93	0.00	41	0	42	0.00	0.00	65.64	7.46	0.00	0.00	2000
229	11.05	2073	2102	0.00	202	0	0	0	nan	0.01	0.05	4.78	84.30	88.95	0.00	41	0	42	0.00	0.00	65.25	7.35	0.00	0.00	2000
230	11.17	2059	2096	0.00	199	0	0	0	nan	0.00	0.00	6.13	82.58	88.83	0.00	41	0	42	0.00	0.00	65.57	7.39	0.00	0.00	2000
229	10.86	2110	2102	0.00	196	0	0	0	nan	0.00	0.49	7.83	80.93	89.14	0.00	41	0	42	0.00	0.00	66.40	7.48	0.00	0.00	2000
229	11.24	2044	2097	0.00	193	0	0	0	nan	0.00	0.00	9.44	79.25	88.76	0.00	41	0	42	0.00	0.00	65.22	7.55	0.00	0.00	2000
233	11.22	2062	2116	0.00	194	0	0	0	nan	0.00	0.00	9.12	80.43	88.78	0.00	41	0	42	0.00	0.00	65.51	7.55	0.00	0.00	2000
235	11.73	2014	2087	0.00	205	0	0	0	93.21	0.00	0.00	10.66	77.17	88.27	0.00	41	0	42	0.00	0.00	65.50	7.42	0.00	0.00	2000
230	11.31	2036	2102	1.41	198	0	0	6	70.46	0.00	0.00	8.49	80.39	88.69	0.00	41	0	42	0.00	0.00	64.89	7.28	0.00	0.00	2000
228	11.17	2049	2096	0.00	195	0	0	0	nan	0.00	0.00	8.86	79.89	88.83	0.00	41	0	41	0.00	0.00	65.26	7.34	0.00	0.00	2000
229	11.15	2046	2109	0.00	196	0	0	0	nan	0.00	0.00	7.35	82.00	88.85	0.00	41	0	42	0.00	0.00	65.60	7.37	0.00	0.00	2000
229	11.04	2079	2093	0.00	196	0	0	0	nan	0.00	0.00	7.02	81.76	88.96	0.00	41	0	42	0.00	0.00	65.24	7.32	0.00	0.00	2000
236	11.24	2105	2092	0.00	200	0	0	0	nan	0.00	0.20	9.50	78.73	88.76	0.00	41	0	42	0.00	0.00	65.72	7.34	0.00	0.00	2000
231	11.02	2094	2102	0.00	199	0	0	0	nan	0.04	0.00	9.82	79.34	88.98	0.00	41	0	42	0.00	0.00	65.91	7.43	0.00	0.00	2000
229	11.11	2056	2108	0.00	196	0	0	0	nan	0.00	0.00	9.00	80.37	88.89	0.00	41	0	42	0.00	0.00	65.32	7.39	0.00	0.00	2000
229	11.27	2044	2084	0.00	195	0	0	0	nan	0.00	0.00	8.39	79.77	88.73	0.00	41	0	42	0.00	0.00	65.20	7.53	0.00	0.00	2000
231	10.95	2096	2109	0.00	197	0	0	0	nan	0.00	0.09	5.45	84.03	89.05	0.00	41	0	42	0.00	0.00	65.40	7.48	0.00	0.00	2000
231	10.67	2176	2091	0.00	199	0	0	0	nan	0.00	1.06	6.36	81.66	89.33	0.00	41	0	42	0.00	0.00	65.88	7.39	0.00	0.00	2000
231	11.07	2063	2120	0.00	195	0	0	0	nan	0.00	0.00	8.41	81.57	88.93	0.00	41	0	42	0.00	0.00	65.25	7.66	0.00	0.00	2000
228	11.20	2050	2085	0.00	194	0	0	0	nan	0.00	0.00	8.18	80.15	88.80	0.00	41	0	42	0.00	0.00	65.34	7.36	0.00	0.00	2000
230	11.22	2039	2110	0.00	195	0	0	0	nan	0.00	0.00	9.81	79.52	88.78	0.00	41	0	42	0.00	0.00	65.46	7.37	0.00	0.00	2000
230	11.32	2036	2095	0.00	196	0	0	0	nan	0.00	0.00	7.95	80.62	88.68	0.00	41	0	42	0.00	0.00	65.60	7.61	0.00	0.00	2000
233	11.43	2049	2093	0.00	197	0	0	0	nan	0.00	0.00	8.77	79.67	88.57	0.00	41	0	42	0.00	0.00	64.83	7.51	0.00	0.00	2000
230	11.04	2076	2106	0.00	201	0	0	0	nan	0.00	0.00	7.88	81.41	88.96	0.00	41	0	42	0.00	0.00	65.47	7.50	0.00	0.00	2000
229	11.14	2050	2106	0.00	196	0	0	0	nan	0.00	0.00	7.77	81.56	88.86	0.00	41	0	42	0.00	0.00	65.18	7.48	0.00	0.00	2000
229	11.16	2041	2107	1.09	197	0	0	6	67.98	0.00	0.00	8.39	80.83	88.84	0.00	41	0	41	0.00	0.00	65.08	7.53	0.00	0.00	2000
229	11.08	2069	2098	0.38	197	0	0	0	nan	0.00	0.00	7.30	81.60	88.92	0.00	41	0	42	0.00	0.00	64.98	7.44	0.00	0.00	2000
232	11.19	2093	2078	0.00	199	0	0	0	nan	0.00	0.00	9.73	78.20	88.81	0.00	41	0	42	0.00	0.00	65.47	7.38	0.00	0.00	2000
230	10.94	2083	2121	0.00	199	0	0	0	nan	0.00	0.00	10.39	79.69	89.06	0.00	41	0	42	0.00	0.00	64.77	7.33	0.00	0.00	2000
230	11.30	2050	2083	0.00	196	0	0	0	nan	0.00	0.00	9.56	78.54	88.70	0.00	41	0	42	0.00	0.00	65.05	7.38	0.00	0.00	2000
231	11.20	2051	2111	0.00	196	0	0	0	nan	0.00	0.06	5.74	83.63	88.80	0.00	41	0	41	0.00	0.00	65.27	7.37	0.00	0.00	2000
229	11.09	2063	2106	0.00	194	0	0	0	nan	0.00	0.53	4.52	84.17	88.91	0.00	40	0	42	0.00	0.00	65.36	7.51	0.00	0.00	2000
233	11.19	2075	2106	0.00	196	0	0	0	nan	0.02	1.50	8.20	79.51	88.81	0.00	41	0	42	0.00	0.00	65.24	7.46	0.00	0.00	2000
229	11.15	2064	2090	0.00	201	0	0	0	nan	0.00	0.00	8.11	80.43	88.85	0.00	41	0	42	0.00	0.00	64.83	7.45	0.00	0.00	2000
231	11.03	2081	2110	0.00	195	0	0	0	nan	0.02	1.43	8.36	79.76	88.97	0.00	41	0	42	0.00	0.00	65.69	7.52	0.00	0.00	2000
228	11.08	2071	2085	0.00	196	0	0	0	nan	0.00	0.00	8.69	79.74	88.93	0.00	40	0	42	0.00	0.00	65.12	7.35	0.00	0.00	2000
230	11.16	2050	2114	0.00	196	0	0	0	nan	0.00	0.00	8.60	80.87	88.84	0.00	41	0	42	0.00	0.00	65.51	7.34	0.00	0.00	2000
229	11.31	2047	2077	0.00	198	0	0	0	nan	0.00	0.00	7.92	79.94	88.69	0.00	40	0	42	0.00	0.00	64.75	7.44	0.00	0.00	2000
233	11.27	2061	2111	0.00	199	0	0	0	nan	0.00	0.00	8.56	80.70	88.73	0.00	41	0	42	0.00	0.00	65.37	7.30	0.00	0.00	2000
234	11.59	2019	2101	0.00	195	0	0	0	nan	0.00	0.00	9.51	79.06	88.41	0.00	40	0	42	0.00	0.00	65.14	7.56	0.00	0.00	2000
230	11.16	2068	2095	0.00	197	0	0	0	nan	0.00	0.00	8.49	80.25	88.84	0.00	41	0	42	0.00	0.00	65.13	7.44	0.00	0.00	2000
230	11.04	2056	2123	0.00	198	0	0	0	nan	0.00	0.00	8.07	82.00	88.96	0.00	40	0	42	0.00	0.00	66.79	7.46	0.00	0.00	2000
229	11.24	2075	2061	0.74	179	0	0	6	68.17	0.01	0.00	5.74	81.47	88.76	0.00	41	0	42	0.00	0.00	61.58	6.89	0.00	0.00	2000
233	11.04	2100	2108	0.71	217	0	0	0	90.04	0.00	0.00	8.35	81.07	88.96	0.00	41	0	42	0.00	0.00	68.11	7.81	0.00	0.00	2000
230	10.99	2076	2118	0.00	195	0	0	0	nan	0.00	1.83	8.30	79.89	89.01	0.00	40	0	42	0.00	0.00	65.45	7.33	0.00	0.00	2000
230	11.05	2090	2093	0.00	201	0	0	0	nan	0.01	0.05	4.91	83.81	88.95	0.00	41	0	42	0.00	0.00	65.69	7.39	0.00	0.00	2000
230	11.10	2074	2099	0.00	198	0	0	0	nan	0.00	0.00	7.10	81.82	88.90	0.00	41	0	42	0.00	0.00	65.61	7.53	0.00	0.00	2000
228	11.09	2056	2102	0.00	196	0	0	0	nan	0.01	0.00	6.66	82.45	88.91	0.00	41	0	42	0.00	0.00	65.42	7.46	0.00	0.00	2000
235	11.17	2103	2104	0.00	199	0	0	0	nan	0.06	0.45	11.19	77.47	88.83	0.00	41	0	42	0.00	0.00	65.70	7.35	0.00	0.00	2000
229	10.90	2116	2084	0.00	201	0	0	0	nan	0.00	0.00	8.60	79.84	89.10	0.00	41	0	42	0.00	0.00	62.75	6.97	0.00	0.00	2000
230	10.89	2099	2115	0.00	196	0	0	0	nan	0.00	0.00	10.77	79.08	89.11	0.00	41	0	42	0.00	0.00	67.98	7.64	0.00	0.00	2000
229	11.15	2051	2099	0.00	195	0	0	0	nan	0.00	0.00	9.31	79.63	88.85	0.00	41	0	42	0.00	0.00	65.55	7.43	0.00	0.00	2000
230	11.02	2094	2091	0.00	195	0	0	0	nan	0.00	0.00	6.19	82.46	88.98	0.00	41	0	42	0.00	0.00	65.52	7.25	0.00	0.00	2000
232	11.08	2099	2095	0.00	194	0	0	0	nan	0.00	0.00	9.89	78.92	88.92	0.00	41	0	42	0.00	0.00	62.91	7.23	0.00	0.00	2000
231	11.23	2035	2120	0.00	203	0	0	0	nan	0.00	0.00	9.86	79.89	88.77	0.00	41	0	42	0.00	0.00	67.94	7.64	0.00	0.00	2000
231	11.16	2083	2090	0.00	195	0	0	0	nan	0.00	0.00	8.77	79.76	88.84	0.00	41	0	42	0.00	0.00	65.51	7.50	0.00	0.00	2000
230	11.16	2054	2105	0.00	197	0	0	0	nan	0.00	0.00	8.40	80.70	88.84	0.00	41	0	41	0.00	0.00	65.19	7.33	0.00	0.00	2000
229	10.94	2106	2085	0.00	197	0	0	0	nan	0.00	0.00	7.01	81.39	89.06	0.00	41	0	42	0.00	0.00	62.88	7.14	0.00	0.00	2000
233	10.71	2145	2126	0.00	198	0	0	0	nan	0.00	0.03	8.31	82.25	89.29	0.00	40	0	42	0.00	0.00	63.36	7.09	0.00	0.00	2000
228	10.98	2119	2057	0.41	182	0	0	5	72.95	0.00	0.10	3.84	83.48	89.02	0.00	41	0	42	0.00	0.00	66.68	7.52	0.00	0.00	2000
230	11.04	2047	2139	1.04	211	0	0	3	80.61	0.00	0.00	8.91	81.83	88.96	0.00	41	0	42	0.00	0.00	67.67	7.73	0.00	0.00	2000
228	11.18	2068	2077	0.00	197	0	0	0	nan	0.00	0.00	7.16	80.78	88.83	0.00	40	0	42	0.00	0.00	62.52	7.32	0.00	0.00	2000
230	10.99	2069	2122	0.00	197	0	0	0	nan	0.00	0.00	9.81	80.32	89.01	0.00	40	0	42	0.00	0.00	67.86	7.74	0.00	0.00	2000
230	10.92	2091	2113	0.00	194	0	0	0	nan	0.02	1.51	9.17	79.05	89.08	0.00	41	0	42	0.00	0.00	61.78	7.08	0.00	0.00	2000
232	11.31	2098	2050	0.00	184	0	0	0	nan	0.00	0.02	8.35	78.33	88.69	0.00	41	0	42	0.00	0.00	63.44	7.16	0.00	0.00	2000
229	11.11	2031	2133	0.00	211	0	0	0	nan	0.00	0.00	8.47	81.99	88.89	0.00	41	0	42	0.00	0.00	65.38	7.36	0.00	0.00	2000
231	11.08	2090	2093	0.00	197	0	0	0	nan	0.00	0.00	8.97	79.71	88.92	0.00	41	0	41	0.00	0.00	65.23	7.31	0.00	0.00	2000
229	10.91	2092	2103	0.00	199	0	0	0	nan	0.00	0.00	8.37	80.98	89.09	0.00	41	0	42	0.00	0.00	65.46	7.47	0.00	0.00	2000
230	11.24	2046	2099	0.00	199	0	0	0	nan	0.00	0.00	9.57	79.23	88.76	0.00	41	0	42	0.00	0.00	65.21	7.59	0.00	0.00	2000
231	11.30	2041	2106	0.00	199	0	0	0	nan	0.02	1.24	9.60	78.25	88.70	0.00	41	0	42	0.00	0.00	65.49	7.35	0.00	0.00	2000
230	11.03	2070	2113	0.00	195	0	0	0	nan	0.00	0.00	9.22	80.39	88.97	0.00	40	0	42	0.00	0.00	65.22	7.26	0.00	0.00	2000
228	11.11	2069	2083	0.00	195	0	0	0	nan	0.00	0.02	7.29	80.97	88.89	0.00	41	0	42	0.00	0.00	65.44	7.40	0.00	0.00	2000
232	10.99	2113	2095	0.00	195	0	0	0	nan	0.00	0.07	4.49	84.31	89.01	0.00	41	0	42	0.00	0.00	65.38	7.28	0.00	0.00	2000
230	11.01	2085	2102	0.00	197	0	0	0	nan	0.00	2.17	5.61	81.50	88.99	0.00	40	0	42	0.00	0.00	65.32	7.76	0.00	0.00	2000
232	11.15	2077	2104	0.00	196	0	0	0	nan	0.03	0.72	4.85	83.52	88.85	0.00	41	0	42	0.00	0.00	65.06	7.40	0.00	0.00	2000
228	10.96	2080	2104	0.00	197	0	0	0	nan	0.00	0.76	8.22	80.38	89.04	0.00	41	0	42	0.00	0.00	66.04	7.38	0.00	0.00	2000
229	11.10	2059	2101	0.01	195	0	0	3	73.35	0.00	0.00	7.62	81.40	88.90	0.00	40	0	42	0.00	0.00	65.72	7.63	0.00	0.00	2000
228	11.34	2019	2095	1.39	197	0	0	4	76.04	0.00	0.02	8.68	79.79	88.66	0.00	41	0	42	0.00	0.00	65.10	7.40	0.00	0.00	2000
230	11.24	2047	2101	0.00	197	0	0	0	nan	0.00	0.00	6.84	82.08	88.76	0.00	41	0	42	0.00	0.00	65.15	7.33	0.00	0.00	2000
232	11.32	2056	2089	0.00	197	0	0	0	nan	0.00	0.00	9.61	78.70	88.68	0.00	40	0	42	0.00	0.00	65.39	7.35	0.00	0.00	2000
231	11.26	2041	2113	0.00	200	0	0	0	nan	0.04	0.00	9.49	79.97	88.74	0.00	41	0	42	0.00	0.00	65.01	7.53	0.00	0.00	2000
229	11.29	2025	2101	0.00	197	0	0	0	nan	0.00	0.00	9.91	79.01	88.71	0.00	41	0	42	0.00	0.00	65.27	7.54	0.00	0.00	2000
235	11.45	2048	2102	0.00	211	0	0	0	nan	0.00	0.00	10.94	77.78	88.55	0.00	41	0	41	0.00	0.00	66.17	7.42	0.00	0.00	2000
229	11.19	2058	2093	0.00	182	0	0	0	nan	0.00	0.00	7.78	80.85	88.81	0.00	41	0	42	0.00	0.00	64.22	7.28	0.00	0.00	2000
233	11.40	2026	2118	0.00	214	0	0	0	nan	0.00	0.00	7.71	81.76	88.60	0.00	41	0	42	0.00	0.00	65.59	7.72	0.00	0.00	2000
228	11.02	2102	2072	0.00	203	0	0	0	nan	0.00	0.00	6.26	81.63	88.98	0.00	41	0	42	0.00	0.00	66.19	7.45	0.00	0.00	2000
229	11.02	2053	2121	0.00	195	0	0	0	nan	0.00	0.00	9.90	80.10	88.98	0.00	41	0	42	0.00	0.00	65.23	7.56	0.00	0.00	2000
229	10.98	2109	2079	0.00	199	0	0	0	nan	0.00	0.57	5.80	81.92	89.02	0.00	41	0	42	0.00	0.00	66.03	7.46	0.00	0.00	2000
230	11.03	2081	2108	0.00	197	0	0	0	nan	0.00	0.07	5.24	84.09	88.97	0.00	41	0	42	0.00	0.00	64.81	7.52	0.00	0.00	2000
233	10.83	2144	2109	0.00	199	0	0	0	nan	0.00	0.44	8.01	81.25	89.17	0.00	41	0	42	0.00	0.00	66.25	7.43	0.00	0.00	2000
237	11.07	2135	2104	0.00	204	0	0	0	nan	0.01	0.45	8.76	79.97	88.93	0.00	41	0	42	0.00	0.00	65.70	7.44	0.00	0.00	2000
229	11.32	2029	2097	0.00	198	0	0	0	nan	0.00	0.00	9.72	78.96	88.68	0.00	40	0	41	0.00	0.00	65.56	7.47	0.00	0.00	2000
231	11.06	2097	2091	0.00	196	0	0	0	nan	0.04	0.00	9.29	79.20	88.94	0.00	40	0	41	0.00	0.00	65.97	7.28	0.00	0.00	2000
229	10.88	2093	2110	0.00	197	0	0	2	78.16	0.00	0.00	7.87	81.79	89.12	0.00	41	0	42	0.00	0.00	65.37	7.42	0.00	0.00	2000
230	11.17	2074	2083	1.34	195	0	0	5	75.59	0.00	0.00	6.80	81.43	88.83	0.00	41	0	42	0.00	0.00	65.01	7.40	0.00	0.00	2000
231	11.01	2071	2126	0.00	199	0	0	0	nan	0.00	0.00	8.42	81.86	88.99	0.00	41	0	42	0.00	0.00	66.26	7.47	0.00	0.00	2000
230	11.23	2060	2090	0.00	196	0	0	0	nan	0.00	0.02	8.71	79.65	88.77	0.00	41	0	42	0.00	0.00	65.08	7.47	0.00	0.00	2000
229	11.20	2043	2098	0.00	197	0	0	0	nan	0.00	0.00	7.94	80.95	88.80	0.00	41	0	42	0.00	0.00	65.12	7.38	0.00	0.00	2000
230	11.15	2062	2107	0.00	195	0	0	0	nan	0.00	0.00	7.88	81.32	88.86	0.00	41	0	42	0.00	0.00	65.57	7.38	0.00	0.00	2000
230	11.22	2073	2080	0.00	197	0	0	0	nan	0.00	0.00	8.62	79.33	88.78	0.00	40	0	42	0.00	0.00	65.63	7.38	0.00	0.00	2000
233	11.33	2042	2119	0.00	198	0	0	0	nan	0.06	0.00	10.74	78.92	88.67	0.00	41	0	42	0.00	0.00	65.47	7.32	0.00	0.00	2000
229	10.96	2094	2094	0.00	195	0	0	0	nan	0.00	1.81	6.81	80.21	89.04	0.00	41	0	42	0.00	0.00	65.81	7.34	0.00	0.00	2000
230	11.05	2078	2105	0.00	196	0	0	0	nan	0.03	0.37	4.88	83.98	88.95	0.00	41	0	41	0.00	0.00	65.35	7.37	0.00	0.00	2000
229	11.09	2085	2081	0.00	196	0	0	0	nan	0.00	0.00	6.77	81.33	88.91	0.00	40	0	42	0.00	0.00	65.14	7.32	0.00	0.00	2000
229	10.97	2071	2121	0.00	198	0	0	0	nan	0.00	0.00	9.69	80.35	89.03	0.00	41	0	42	0.00	0.00	65.19	7.46	0.00	0.00	2000
232	11.28	2071	2090	0.00	196	0	0	0	nan	0.00	0.03	8.54	79.84	88.72	0.00	41	0	42	0.00	0.00	65.26	7.44	0.00	0.00	2000
231	11.10	2063	2116	0.00	204	0	0	0	nan	0.00	0.00	7.69	81.98	88.90	0.00	41	0	42	0.00	0.00	65.61	7.39	0.00	0.00	2000
230	11.20	2059	2093	0.00	196	0	0	0	nan	0.00	0.00	7.97	80.62	88.80	0.00	40	0	42	0.00	0.00	65.06	7.71	0.00	0.00	2000
230	11.32	2027	2102	0.00	198	0	0	0	nan	0.00	0.00	6.35	82.62	88.68	0.00	41	0	42	0.00	0.00	64.56	7.50	0.00	0.00	2000
229	11.03	2089	2090	0.00	200	0	0	0	nan	0.00	0.02	5.84	82.76	88.97	0.00	41	0	41	0.00	0.00	65.38	7.60	0.00	0.00	2000
232	11.22	2069	2096	0.00	199	0	0	0	91.75	0.00	0.00	7.13	81.55	88.78	0.00	41	0	42	0.00	0.00	65.14	7.36	0.00	0.00	2000
230	11.13	2060	2103	1.42	199	0	0	6	66.10	0.00	0.00	9.31	79.78	88.87	0.00	40	0	42	0.00	0.00	64.84	7.44	0.00	0.00	2000
230	11.22	2043	2104	0.00	197	0	0	0	nan	0.00	0.00	9.43	79.56	88.78	0.00	40	0	42	0.00	0.00	65.16	7.43	0.00	0.00	2000
229	11.03	2077	2101	0.00	197	0	0	0	nan	0.00	0.00	9.05	80.01	88.97	0.00	41	0	42	0.00	0.00	65.01	7.16	0.00	0.00	2000
230	11.22	2055	2098	0.00	195	0	0	0	nan	0.00	0.00	7.58	81.25	88.78	0.00	41	0	41	0.00	0.00	65.51	7.47	0.00	0.00	2000
233	11.27	2061	2103	0.00	196	0	0	0	nan	0.00	0.03	9.94	78.98	88.73	0.00	41	0	42	0.00	0.00	66.38	7.69	0.00	0.00	2000
230	10.61	2191	2074	0.00	182	0	0	0	nan	0.00	1.59	5.33	81.55	89.39	0.00	41	0	42	0.00	0.00	65.11	7.45	0.00	0.00	2000
229	11.04	2061	2112	0.00	212	0	0	0	nan	0.00	0.00	7.87	81.72	88.96	0.00	41	0	42	0.00	0.00	65.36	7.39	0.00	0.00	2000
230	11.08	2065	2111	0.00	196	0	0	0	nan	0.00	0.00	8.66	80.89	88.92	0.00	41	0	42	0.00	0.00	65.04	7.38	0.00	0.00	2000
229	11.06	2079	2093	0.00	196	0	0	0	nan	0.00	0.00	8.79	79.92	88.94	0.00	40	0	42	0.00	0.00	65.62	7.35	0.00	0.00	2000
232	11.10	2078	2112	0.00	196	0	0	0	nan	0.00	0.00	7.62	81.86	88.90	0.00	41	0	41	0.00	0.00	65.17	7.36	0.00	0.00	2000
230	11.16	2079	2081	0.00	200	0	0	0	nan	0.00	1.86	9.48	76.87	88.85	0.00	40	0	41	0.00	0.00	65.34	7.29	0.00	0.00	2000
231	11.11	2061	2115	0.00	194	0	0	0	nan	0.00	0.00	10.17	79.41	88.89	0.00	41	0	42	0.00	0.00	65.40	7.62	0.00	0.00	2000
229	11.17	2050	2099	0.00	197	0	0	0	nan	0.00	0.00	9.14	79.77	88.83	0.00	40	0	42	0.00	0.00	65.13	7.40	0.00	0.00	2000
227	11.10	2110	2033	0.00	198	0	0	0	nan	0.00	0.00	5.81	80.34	88.90	0.00	41	0	42	0.00	0.00	62.98	7.17	0.00	0.00	2000
245	11.61	2036	2175	0.00	215	0	0	0	nan	0.00	0.00	8.59	83.06	88.39	0.00	40	0	42	0.00	0.00	68.39	7.71	0.00	0.00	2000
231	10.91	2101	2113	0.00	199	0	0	0	nan	0.00	0.51	7.09	82.17	89.10	0.00	40	0	41	0.00	0.00	65.79	7.53	0.00	0.00	2000
228	11.10	2087	2071	0.00	194	0	0	0	nan	0.00	0.00	7.96	79.74	88.90	0.00	40	0	42	0.00	0.00	65.03	7.25	0.00	0.00	2000
231	11.12	2069	2106	1.26	197	0	0	6	69.94	0.00	0.02	8.93	80.32	88.88	0.00	41	0	42	0.00	0.00	65.01	7.56	0.00	0.00	2000
229	11.10	2060	2105	0.20	198	0	0	0	nan	0.00	0.02	9.04	80.20	88.90	0.00	41	0	42	0.00	0.00	65.11	7.46	0.00	0.00	2000
232	11.20	2069	2108	0.00	199	0	0	0	nan	0.03	0.05	6.32	82.85	88.80	0.00	41	0	42	0.00	0.00	65.08	7.41	0.00	0.00	2000
230	11.12	2085	2079	0.00	203	0	0	0	nan	0.00	0.02	5.84	82.21	88.88	0.00	41	0	42	0.00	0.00	65.43	7.49	0.00	0.00	2000
230	10.90	2096	2114	0.00	197	0	0	0	nan	0.00	0.45	8.85	80.51	89.10	0.00	41	0	42	0.00	0.00	65.70	7.47	0.00	0.00	2000
229	11.21	2047	2097	0.00	196	0	0	0	nan	0.00	0.00	9.96	78.82	88.79	0.00	41	0	42	0.00	0.00	65.75	7.38	0.00	0.00	2000
229	11.23	2042	2101	0.00	195	0	0	0	nan	0.00	0.03	8.03	80.88	88.77	0.00	40	0	42	0.00	0.00	64.91	7.38	0.00	0.00	2000
232	11.22	2067	2098	0.00	199	0	0	0	nan	0.00	0.00	7.55	81.27	88.78	0.00	41	0	42	0.00	0.00	65.20	7.14	0.00	0.00	2000
230	11.14	2064	2099	0.00	200	0	0	0	nan	0.00	0.00	10.10	78.77	88.86	0.00	41	0	42	0.00	0.00	65.15	7.19	0.00	0.00	2000
229	11.32	2019	2102	0.00	196	0	0	0	nan	0.00	0.00	10.85	78.10	88.68	0.00	41	0	42	0.00	0.00	64.68	7.40	0.00	0.00	2000
231	11.13	2057	2117	0.00	194	0	0	0	nan	0.00	0.00	9.81	79.83	88.87	0.00	40	0	41	0.00	0.00	65.26	7.45	0.00	0.00	2000
230	11.26	2064	2082	0.00	196	0	0	0	nan	0.00	0.00	7.69	80.39	88.74	0.00	41	0	42	0.00	0.00	62.71	7.12	0.00	0.00	2000
229	11.07	2056	2112	0.00	194	0	0	0	nan	0.00	0.00	8.45	81.11	88.93	0.00	40	0	42	0.00	0.00	67.79	7.61	0.00	0.00	2000
232	11.28	2076	2080	0.00	199	0	0	0	nan	0.00	0.00	8.08	79.86	88.72	0.00	40	0	42	0.00	0.00	62.34	6.72	0.00	0.00	2000
231	10.98	2093	2106	0.00	195	0	0	0	nan	0.00	0.00	9.55	79.77	89.02	0.00	41	0	42	0.00	0.00	64.71	7.72	0.00	0.00	2000
229	10.72	2124	2114	0.00	195	0	0	0	nan	0.00	0.00	8.95	81.00	89.28	0.00	41	0	42	0.00	0.00	65.39	6.91	0.00	0.00	2000
229	10.94	2105	2091	0.00	195	0	0	0	nan	0.00	0.60	5.57	82.68	89.06	0.00	41	0	42	0.00	0.00	65.35	7.36	0.00	0.00	2000
228	11.04	2067	2099	0.92	197	0	0	6	68.33	0.00	0.02	4.85	84.10	88.96	0.00	41	0	42	0.00	0.00	62.25	7.45	0.00	0.00	2000
232	11.24	2059	2107	0.55	200	0	0	0	nan	0.00	0.03	7.15	81.98	88.76	0.00	41	0	42	0.00	0.00	65.01	7.51	0.00	0.00	2000
230	10.90	2106	2100	0.00	194	0	0	0	nan	0.00	0.49	9.20	79.45	89.10	0.00	41	0	42	0.00	0.00	65.56	7.34	0.00	0.00	2000
230	11.07	2078	2101	0.00	195	0	0	0	nan	0.00	0.03	9.85	79.22	88.93	0.00	41	0	41	0.00	0.00	65.39	7.26	0.00	0.00	2000
229	11.21	2060	2081	0.00	196	0	0	0	nan	0.00	0.00	8.96	79.12	88.79	0.00	41	0	42	0.00	0.00	65.39	7.40	0.00	0.00	2000
232	11.15	2048	2133	0.00	202	0	0	0	nan	0.00	0.00	9.70	80.67	88.85	0.00	41	0	42	0.00	0.00	66.27	7.72	0.00	0.00	2000
232	11.16	2081	2098	0.00	190	0	0	0	nan	0.00	0.00	6.16	82.62	88.84	0.00	40	0	42	0.00	0.00	66.34	7.57	0.00	0.00	2000
231	11.11	2071	2107	0.00	200	0	0	0	nan	0.00	0.00	6.91	82.40	88.89	0.00	41	0	42	0.00	0.00	67.07	7.63	0.00	0.00	2000
229	10.91	2104	2098	0.00	197	0	0	0	nan	0.00	0.00	7.95	81.11	89.09	0.00	41	0	42	0.00	0.00	64.25	7.42	0.00	0.00	2000
230	10.98	2134	2059	0.00	182	0	0	0	nan	0.00	0.00	5.23	82.10	89.02	0.00	41	0	41	0.00	0.00	61.56	7.11	0.00	0.00	2000
228	11.06	2046	2118	0.00	212	0	0	0	nan	0.00	0.00	7.61	82.20	88.94	0.00	41	0	42	0.00	0.00	65.16	7.48	0.00	0.00	2000
232	11.23	2040	2124	0.00	195	0	0	0	nan	0.01	0.00	7.65	82.18	88.77	0.00	40	0	42	0.00	0.00	66.31	7.85	0.00	0.00	2000
234	11.30	2133	2042	0.00	182	0	0	0	nan	0.02	1.44	7.89	77.07	88.70	0.00	41	0	42	0.00	0.00	63.46	7.41	0.00	0.00	2000
231	10.92	2078	2140	0.00	221	0	0	0	nan	0.00	0.08	4.65	86.24	89.08	0.00	40	0	42	0.00	0.00	64.92	7.53	0.00	0.00	2000
229	11.25	2038	2097	0.00	197	0	0	0	nan	0.00	0.05	5.12	83.59	88.75	0.00	41	0	42	0.00	0.00	64.94	7.49	0.00	0.00	2000
230	11.48	2009	2095	0.00	199	0	0	0	nan	0.02	1.50	7.43	79.64	88.52	0.00	41	0	42	0.00	0.00	65.20	7.61	0.00	0.00	2000
229	11.15	2042	2109	0.00	197	0	0	0	nan	0.00	0.00	8.18	81.23	88.85	0.00	41	0	42	0.00	0.00	61.44	7.38	0.00	0.00	2000
233	10.95	2123	2107	0.41	198	0	0	5	67.81	0.04	0.44	9.26	79.84	89.05	0.00	41	0	42	0.00	0.00	68.17	7.32	0.00	0.00	2000
229	11.51	2008	2080	1.05	183	0	0	3	77.32	0.00	0.00	7.66	80.20	88.49	0.00	41	0	42	0.00	0.00	64.97	7.33	0.00	0.00	2000
229	11.24	2025	2108	0.00	211	0	0	0	nan	0.00	0.00	9.38	79.89	88.76	0.00	41	0	42	0.00	0.00	65.78	7.27	0.00	0.00	2000
228	11.22	2032	2102	0.00	198	0	0	0	nan	0.00	0.01	8.44	80.60	88.78	0.00	41	0	42	0.00	0.00	64.15	7.48	0.00	0.00	2000
229	11.20	2044	2103	0.00	196	0	0	0	nan	0.00	0.00	7.25	81.80	88.80	0.00	41	0	42	0.00	0.00	65.52	7.37	0.00	0.00	2000
231	11.22	2063	2096	0.00	196	0	0	0	nan	0.00	0.02	7.43	81.24	88.78	0.00	41	0	42	0.00	0.00	64.64	7.49	0.00	0.00	2000
229	11.21	2040	2106	0.00	201	0	0	0	nan	0.00	0.48	8.65	80.07	88.79	0.00	41	0	42	0.00	0.00	64.83	7.42	0.00	0.00	2000
228	11.12	2059	2092	0.00	195	0	0	0	nan	0.00	0.00	8.21	80.34	88.88	0.00	41	0	42	0.00	0.00	65.27	7.48	0.00	0.00	2000
229	11.07	2077	2096	0.00	194	0	0	0	nan	0.00	0.00	9.31	79.51	88.93	0.00	40	0	42	0.00	0.00	65.67	7.58	0.00	0.00	2000
230	10.92	2115	2094	0.00	202	0	0	0	nan	0.00	0.00	9.08	79.78	89.08	0.00	41	0	41	0.00	0.00	65.62	7.40	0.00	0.00	2000
232	11.24	2046	2119	0.00	196	0	0	0	nan	0.00	0.00	9.36	80.32	88.76	0.00	41	0	42	0.00	0.00	65.15	7.30	0.00	0.00	2000
230	10.53	2195	2094	0.00	199	0	0	0	nan	0.01	2.11	6.79	80.49	89.47	0.00	41	0	42	0.00	0.00	66.54	7.58	0.00	0.00	2000
235	11.37	2069	2101	0.00	200	0	0	0	nan	0.00	0.02	10.42	78.29	88.63	0.00	41	0	42	0.00	0.00	65.29	7.30	0.00	0.00	2000
229	11.40	2021	2087	0.00	197	0	0	0	nan	0.00	0.00	8.96	79.18	88.60	0.00	41	0	42	0.00	0.00	64.98	7.48	0.00	0.00	2000
229	11.11	2055	2106	0.00	195	0	0	0	nan	0.00	0.00	9.72	79.48	88.89	0.00	40	0	41	0.00	0.00	65.19	7.25	0.00	0.00	2000
232	11.07	2108	2091	0.00	196	0	0	0	nan	0.00	0.00	8.29	80.41	88.93	0.00	41	0	42	0.00	0.00	65.12	7.30	0.00	0.00	2000
229	11.28	2014	2119	0.00	196	0	0	0	nan	0.00	0.00	10.82	78.94	88.72	0.00	40	0	42	0.00	0.00	65.64	7.48	0.00	0.00	2000
229	11.30	2033	2090	0.01	184	0	0	4	74.89	0.00	0.00	8.28	80.17	88.70	0.00	41	0	42	0.00	0.00	65.08	7.29	0.00	0.00	2000
230	11.08	2068	2110	1.39	210	0	0	4	77.11	0.00	0.00	9.53	79.88	88.92	0.00	40	0	42	0.00	0.00	65.63	7.37	0.00	0.00	2000
230	10.95	2088	2108	0.00	195	0	0	0	nan	0.00	0.00	6.36	83.03	89.05	0.00	41	0	42	0.00	0.00	66.98	7.65	0.00	0.00	2000
232	11.12	2084	2105	0.00	180	0	0	0	nan	0.00	0.00	6.88	82.32	88.88	0.00	41	0	42	0.00	0.00	63.59	7.50	0.00	0.00	2000
229	11.38	2072	2045	0.00	195	0	0	0	nan	0.00	0.02	6.91	79.44	88.62	0.00	41	0	41	0.00	0.00	62.34	7.06	0.00	0.00	2000
231	11.24	2015	2141	0.00	222	0	0	0	nan	0.00	0.00	7.01	83.62	88.76	0.00	41	0	42	0.00	0.00	67.84	7.84	0.00	0.00	2000
229	11.10	2060	2100	0.00	196	0	0	0	nan	0.00	0.00	7.26	81.74	88.90	0.00	41	0	42	0.00	0.00	64.95	7.26	0.00	0.00	2000
230	11.35	2023	2106	0.00	195	0	0	0	nan	0.00	0.00	10.12	78.93	88.65	0.00	41	0	42	0.00	0.00	65.14	7.39	0.00	0.00	2000
229	11.22	2049	2095	0.00	198	0	0	0	nan	0.00	2.15	4.70	81.91	88.78	0.00	41	0	42	0.00	0.00	65.02	7.50	0.00	0.00	2000
233	11.06	2093	2112	0.00	200	0	0	0	nan	0.03	0.57	4.13	84.74	88.94	0.00	40	0	42	0.00	0.00	66.92	7.51	0.00	0.00	2000
230	11.19	2100	2060	0.00	180	0	0	0	nan	0.04	0.39	8.53	78.31	88.81	0.00	41	0	42	0.00	0.00	63.74	7.22	0.00	0.00	2000
230	10.91	2075	2132	0.00	210	0	0	0	nan	0.00	0.00	7.86	82.65	89.09	0.00	41	0	42	0.00	0.00	65.65	7.49	0.00	0.00	2000
229	11.28	2040	2088	0.00	184	0	0	0	nan	0.00	0.01	9.31	79.00	88.72	0.00	41	0	42	0.00	0.00	64.83	7.42	0.00	0.00	2000
230	11.24	2024	2124	0.00	216	0	0	0	nan	0.00	0.00	7.59	82.32	88.76	0.00	41	0	42	0.00	0.00	65.13	7.31	0.00	0.00	2000
231	11.33	2067	2073	0.00	199	0	0	0	nan	0.00	0.00	7.15	80.43	88.67	0.00	40	0	42	0.00	0.00	65.15	7.42	0.00	0.00	2000
230	11.22	2035	2118	0.00	200	0	0	0	nan	0.00	0.00	8.82	80.92	88.78	0.00	41	0	42	0.00	0.00	65.10	7.55	0.00	0.00	2000
231	11.07	2102	2088	0.00	196	0	0	0	nan	0.04	0.00	9.72	78.75	88.93	0.00	41	0	42	0.00	0.00	65.65	7.45	0.00	0.00	2000
229	11.09	2064	2102	0.00	197	0	0	2	76.04	0.00	0.00	8.91	80.27	88.91	0.00	41	0	42	0.00	0.00	64.73	7.32	0.00	0.00	2000
230	11.12	2071	2100	1.34	194	0	0	6	73.48	0.00	0.00	8.55	80.41	88.88	0.00	40	0	42	0.00	0.00	65.45	7.26	0.00	0.00	2000
233	11.32	2048	2108	0.00	195	0	0	0	nan	0.00	0.00	8.82	80.35	88.68	0.00	41	0	42	0.00	0.00	64.98	7.55	0.00	0.00	2000
230	10.90	2126	2083	0.00	200	0	0	0	nan	0.00	0.00	8.03	80.45	89.10	0.00	41	0	42	0.00	0.00	65.45	7.39	0.00	0.00	2000
230	11.11	2063	2105	0.00	195	0	0	0	nan	0.00	0.00	9.82	79.41	88.89	0.00	41	0	42	0.00	0.00	64.84	7.33	0.00	0.00	2000
229	10.90	2097	2105	0.00	198	0	0	0	nan	0.00	0.05	5.92	83.46	89.10	0.00	41	0	42	0.00	0.00	64.81	7.13	0.00	0.00	2000
229	11.12	2060	2103	0.00	195	0	0	0	nan	0.00	0.04	5.27	83.79	88.88	0.00	41	0	41	0.00	0.00	64.94	7.54	0.00	0.00	2000
231	11.18	2070	2099	0.00	196	0	0	0	nan	0.00	0.00	8.49	80.34	88.82	0.00	41	0	42	0.00	0.00	64.70	7.46	0.00	0.00	2000
231	10.44	2207	2105	0.00	199	0	0	0	nan	0.00	2.02	9.26	78.74	89.56	0.00	41	0	42	0.00	0.00	66.07	7.23	0.00	0.00	2000
237	11.52	2081	2080	0.00	196	0	0	0	nan	0.02	1.42	8.48	77.87	88.48	0.00	41	0	42	0.00	0.00	65.01	7.39	0.00	0.00	2000
231	11.02	2068	2127	0.00	196	0	0	0	nan	0.00	0.00	10.56	79.70	88.98	0.00	41	0	42	0.00	0.00	65.33	7.38	0.00	0.00	2000
230	11.15	2078	2084	0.00	197	0	0	0	nan	0.00	0.00	6.93	81.34	88.85	0.00	40	0	42	0.00	0.00	65.25	7.74	0.00	0.00	2000
231	11.25	2054	2102	0.00	197	0	0	0	nan	0.00	0.00	9.25	79.69	88.75	0.00	41	0	42	0.00	0.00	64.60	7.45	0.00	0.00	2000
230	11.16	2061	2103	0.00	198	0	0	0	nan	0.00	0.00	8.63	80.52	88.84	0.00	41	0	42	0.00	0.00	65.34	7.44	0.00	0.00	2000
233	11.39	2051	2094	0.00	196	0	0	0	nan	0.04	0.00	10.01	78.46	88.61	0.00	41	0	42	0.00	0.00	65.00	7.37	0.00	0.00	2000
232	11.09	2096	2092	0.00	198	0	0	0	nan	0.00	0.00	8.68	79.99	88.91	0.00	41	0	42	0.00	0.00	65.15	7.40	0.00	0.00	2000
231	11.15	2050	2120	0.00	200	0	0	0	nan	0.00	0.03	9.26	80.55	88.85	0.00	41	0	41	0.00	0.00	62.63	7.41	0.00	0.00	2000
228	11.00	2087	2087	0.00	196	0	0	0	90.80	0.00	0.00	7.54	80.95	89.00	0.00	41	0	42	0.00	0.00	68.14	7.46	0.00	0.00	2000
231	11.26	2057	2100	1.41	196	0	0	6	70.03	0.00	0.00	8.94	79.85	88.74	0.00	41	0	42	0.00	0.00	65.14	7.42	0.00	0.00	2000
229	10.81	2114	2104	0.00	197	0	0	0	nan	0.00	0.07	5.91	83.54	89.19	0.00	41	0	42	0.00	0.00	65.53	7.39	0.00	0.00	2000
230	11.06	2087	2096	0.00	198	0	0	0	nan	0.00	0.37	5.44	83.03	88.94	0.00	41	0	42	0.00	0.00	65.14	7.23	0.00	0.00	2000
229	11.17	2045	2103	0.00	198	0	0	0	nan	0.00	0.00	8.45	80.63	88.83	0.00	41	0	42	0.00	0.00	65.03	7.44	0.00	0.00	2000
232	11.21	2056	2110	0.00	195	0	0	0	nan	0.00	0.00	8.61	80.70	88.79	0.00	41	0	42	0.00	0.00	64.93	7.53	0.00	0.00	2000
232	11.16	2081	2093	0.00	195	0	0	0	nan	0.00	0.00	8.71	79.92	88.84	0.00	41	0	41	0.00	0.00	64.90	7.29	0.00	0.00	2000
230	11.28	2043	2094	0.00	203	0	0	0	nan	0.00	0.02	6.99	81.59	88.72	0.00	41	0	41	0.00	0.00	62.31	7.37	0.00	0.00	2000
229	11.20	2037	2110	0.00	197	0	0	0	nan	0.00	0.01	9.73	79.62	88.80	0.00	41	0	42	0.00	0.00	67.50	7.39	0.00	0.00	2000
230	11.12	2080	2085	0.00	195	0	0	0	nan	0.00	0.01	8.40	79.87	88.88	0.00	41	0	42	0.00	0.00	61.86	7.00	0.00	0.00	2000
230	10.98	2101	2099	0.00	197	0	0	0	nan	0.00	0.00	9.71	79.38	89.02	0.00	41	0	42	0.00	0.00	64.64	7.35	0.00	0.00	2000
233	11.15	2068	2120	0.00	196	0	0	0	nan	0.00	0.02	8.24	81.56	88.85	0.00	41	0	42	0.00	0.00	62.71	7.21	0.00	0.00	2000
228	11.24	2042	2088	0.00	186	0	0	0	nan	0.00	0.00	7.47	80.90	88.76	0.00	41	0	42	0.00	0.00	66.74	7.43	0.00	0.00	2000
230	11.19	2056	2098	0.00	211	0	0	0	nan	0.00	0.00	8.63	80.16	88.81	0.00	40	0	42	0.00	0.00	64.85	7.40	0.00	0.00	2000
229	10.97	2091	2094	0.00	197	0	0	0	nan	0.00	0.00	8.38	80.50	89.03	0.00	40	0	42	0.00	0.00	64.85	7.50	0.00	0.00	2000
230	10.85	2099	2117	0.00	195	0	0	0	nan	0.00	0.00	9.41	80.56	89.15	0.00	41	0	42	0.00	0.00	67.98	7.75	0.00	0.00	2000
232	11.07	2115	2084	0.00	197	0	0	0	nan	0.00	0.21	8.50	79.60	88.93	0.00	41	0	42	0.00	0.00	62.30	7.04	0.00	0.00	2000
229	11.08	2052	2119	0.00	199	0	0	0	nan	0.00	0.92	6.46	82.53	88.92	0.00	41	0	42	0.00	0.00	67.34	7.56	0.00	0.00	2000
229	11.06	2085	2086	1.10	197	0	0	6	68.82	0.00	0.00	7.89	80.55	88.94	0.00	40	0	42	0.00	0.00	62.39	6.95	0.00	0.00	2000
230	11.22	2046	2108	0.38	199	0	0	0	nan	0.00	0.00	10.05	79.19	88.78	0.00	41	0	42	0.00	0.00	65.38	7.40	0.00	0.00	2000
230	10.49	2193	2098	0.00	197	0	0	0	nan	0.00	2.50	8.79	78.33	89.51	0.00	41	0	41	0.00	0.00	66.21	7.21	0.00	0.00	2000
233	11.20	2075	2101	0.00	195	0	0	0	nan	0.00	0.03	9.66	79.21	88.80	0.00	40	0	42	0.00	0.00	62.95	7.37	0.00	0.00	2000
229	11.20	2043	2100	0.00	197	0	0	0	nan	0.00	1.86	9.68	77.45	88.80	0.00	41	0	42	0.00	0.00	67.74	7.70	0.00	0.00	2000
229	11.16	2048	2102	0.00	195	0	0	0	nan	0.00	0.00	10.21	78.79	88.84	0.00	41	0	42	0.00	0.00	64.80	7.10	0.00	0.00	2000
230	11.26	2044	2095	0.00	197	0	0	0	nan	0.00	0.00	8.31	80.28	88.74	0.00	41	0	42	0.00	0.00	62.03	7.47	0.00	0.00	2000
230	11.15	2056	2107	0.00	195	0	0	0	nan	0.00	0.00	7.95	81.23	88.85	0.00	41	0	42	0.00	0.00	65.03	7.53	0.00	0.00	2000
229	11.12	2064	2094	0.00	196	0	0	0	nan	0.00	0.00	8.35	80.32	88.88	0.00	41	0	42	0.00	0.00	64.84	7.44	0.00	0.00	2000
233	11.36	2046	2105	0.00	199	0	0	0	nan	0.00	0.02	9.17	79.76	88.64	0.00	41	0	42	0.00	0.00	64.78	7.42	0.00	0.00	2000
228	11.19	2044	2097	0.00	195	0	0	0	nan	0.00	0.00	9.53	79.20	88.81	0.00	41	0	42	0.00	0.00	65.08	7.40	0.00	0.00	2000
229	11.27	2032	2100	0.00	196	0	0	0	nan	0.00	0.00	9.28	79.58	88.73	0.00	41	0	41	0.00	0.00	64.63	7.59	0.00	0.00	2000
229	11.07	2064	2109	0.00	198	0	0	0	nan	0.00	0.00	9.36	80.12	88.93	0.00	41	0	42	0.00	0.00	64.96	7.44	0.00	0.00	2000
229	11.18	2062	2089	0.00	195	0	0	0	nan	0.00	0.06	4.66	83.87	88.82	0.00	41	0	41	0.00	0.00	64.99	7.32	0.00	0.00	2000
231	11.27	2047	2101	0.00	199	0	0	0	nan	0.00	0.01	5.65	83.32	88.73	0.00	41	0	41	0.00	0.00	64.97	7.27	0.00	0.00	2000
232	11.29	2052	2101	0.00	199	0	0	0	nan	0.00	0.00	8.65	80.22	88.71	0.00	41	0	42	0.00	0.00	65.34	7.20	0.00	0.00	2000
228	11.36	2007	2102	0.00	196	0	0	0	nan	0.00	0.00	8.71	80.23	88.64	0.00	41	0	41	0.00	0.00	64.23	7.40	0.00	0.00	2000
230	11.06	2078	2101	0.75	197	0	0	6	71.01	0.00	0.91	8.31	79.93	88.94	0.00	41	0	42	0.00	0.00	66.51	7.46	0.00	0.00	2000
229	11.09	2066	2096	0.72	198	0	0	0	90.28	0.00	0.00	6.90	81.89	88.91	0.00	41	0	41	0.00	0.00	64.48	7.46	0.00	0.00	2000
232	11.17	2072	2103	0.00	196	0	0	0	nan	0.00	0.00	8.68	80.33	88.83	0.00	41	0	42	0.00	0.00	66.02	7.26	0.00	0.00	2000
229	11.21	2049	2096	0.00	206	0	0	0	nan	0.00	0.00	6.53	82.19	88.79	0.00	41	0	42	0.00	0.00	64.97	7.34	0.00	0.00	2000
230	11.15	2047	2115	0.00	197	0	0	0	nan	0.00	0.00	9.37	80.17	88.85	0.00	41	0	42	0.00	0.00	65.17	7.19	0.00	0.00	2000
234	11.38	2077	2082	0.00	213	0	0	0	nan	0.00	0.00	11.10	76.86	88.62	0.00	40	0	42	0.00	0.00	65.11	7.36	0.00	0.00	2000
230	11.00	2080	2110	0.00	198	0	0	0	nan	0.00	0.00	7.92	81.53	89.00	0.00	41	0	41	0.00	0.00	65.92	7.39	0.00	0.00	2000
230	11.17	2072	2089	0.00	179	0	0	0	nan	0.00	0.01	7.25	81.16	88.83	0.00	41	0	42	0.00	0.00	64.45	7.38	0.00	0.00	2000
231	11.33	2043	2100	0.00	214	0	0	0	nan	0.05	0.00	7.32	81.45	88.67	0.00	41	0	42	0.00	0.00	65.15	7.21	0.00	0.00	2000
235	11.25	2074	2111	0.00	198	0	0	0	nan	0.00	0.02	10.31	79.02	88.75	0.00	40	0	42	0.00	0.00	65.50	7.39	0.00	0.00	2000
230	11.12	2068	2104	0.00	197	0	0	0	nan	0.00	2.17	4.61	82.46	88.88	0.00	41	0	42	0.00	0.00	65.31	7.51	0.00	0.00	2000
229	11.04	2082	2095	0.00	197	0	0	0	nan	0.03	0.02	4.50	84.34	88.96	0.00	41	0	42	0.00	0.00	65.25	7.47	0.00	0.00	2000
231	11.24	2066	2090	0.00	196	0	0	0	nan	0.00	0.00	8.29	80.17	88.76	0.00	40	0	42	0.00	0.00	64.95	7.46	0.00	0.00	2000
229	11.13	2048	2110	0.00	196	0	0	0	nan	0.00	0.00	10.34	79.07	88.88	0.00	40	0	42	0.00	0.00	65.55	7.62	0.00	0.00	2000
230	11.01	2094	2092	0.00	196	0	0	0	nan	0.00	0.04	8.93	79.80	88.99	0.00	41	0	42	0.00	0.00	65.28	7.40	0.00	0.00	2000
230	10.95	2094	2103	0.00	196	0	0	0	nan	0.00	0.00	9.68	79.60	89.05	0.00	41	0	42	0.00	0.00	65.13	7.52	0.00	0.00	2000
230	11.33	2035	2099	0.00	195	0	0	0	nan	0.00	0.00	8.99	79.77	88.67	0.00	41	0	42	0.00	0.00	65.31	7.45	0.00	0.00	2000
231	11.08	2087	2099	0.42	197	0	0	5	64.67	0.04	0.00	9.04	79.92	88.92	0.00	41	0	42	0.00	0.00	65.15	7.27	0.00	0.00	2000
232	11.14	2076	2109	1.04	199	0	0	3	73.56	0.00	0.00	7.57	81.82	88.86	0.00	41	0	42	0.00	0.00	65.32	7.55	0.00	0.00	2000
229	11.27	2037	2095	0.00	198	0	0	0	nan	0.00	0.00	8.51	80.06	88.73	0.00	41	0	42	0.00	0.00	65.26	7.45	0.00	0.00	2000
231	11.37	2034	2094	0.00	194	0	0	0	nan	0.04	0.00	8.93	79.52	88.63	0.00	40	0	42	0.00	0.00	64.74	7.29	0.00	0.00	2000
230	11.05	2076	2105	0.00	196	0	0	0	nan	0.00	0.00	9.29	80.03	88.95	0.00	41	0	42	0.00	0.00	65.51	7.36	0.00	0.00	2000
231	11.19	2066	2100	0.00	196	0	0	0	nan	0.00	0.00	8.96	79.80	88.81	0.00	41	0	42	0.00	0.00	65.16	7.53	0.00	0.00	2000
233	11.18	2081	2098	0.00	196	0	0	0	nan	0.00	0.00	8.34	80.49	88.82	0.00	41	0	42	0.00	0.00	65.80	7.46	0.00	0.00	2000
230	11.17	2046	2109	0.00	197	0	0	0	nan	0.00	0.09	7.37	81.90	88.83	0.00	41	0	41	0.00	0.00	65.21	7.39	0.00	0.00	2000
230	11.22	2064	2090	0.00	200	0	0	0	nan	0.00	0.00	9.74	78.73	88.78	0.00	41	0	42	0.00	0.00	65.23	7.39	0.00	0.00	2000
230	11.23	2046	2099	0.00	197	0	0	0	nan	0.00	0.00	8.57	80.27	88.77	0.00	41	0	42	0.00	0.00	64.90	7.41	0.00	0.00	2000
223	11.28	2067	2012	0.00	200	0	0	0	nan	0.00	0.00	7.10	78.00	88.72	0.00	38	0	42	0.00	0.00	62.07	7.18	0.00	0.00	2000
227	10.34	2106	2192	0.00	199	0	0	0	nan	0.00	0.94	9.24	83.51	89.66	0.00	39	0	42	0.00	0.00	68.38	7.94	0.00	0.00	2000
221	10.83	2050	2089	0.00	195	0	0	0	nan	0.00	0.00	8.48	80.32	89.17	0.00	40	0	42	0.00	0.00	63.01	7.26	0.00	0.00	2000
222	10.66	2089	2091	0.00	196	0	0	0	nan	0.00	0.02	6.09	82.97	89.34	0.00	40	0	42	0.00	0.00	64.94	7.39	0.00	0.00	2000
221	10.76	2072	2085	0.00	197	0	0	0	nan	0.00	0.00	6.84	81.86	89.24	0.00	40	0	42	0.00	0.00	63.13	7.53	0.00	0.00	2000
223	10.61	2087	2113	0.00	198	0	0	0	nan	0.00	0.01	5.20	84.85	89.39	0.00	40	0	42	0.00	0.00	67.75	7.58	0.00	0.00	2000
226	10.77	2115	2085	0.00	199	0	0	0	nan	0.00	0.00	8.18	80.44	89.23	0.00	40	0	42	0.00	0.00	65.50	7.60	0.00	0.00	2000
223	10.46	2111	2118	0.18	196	0	0	4	71.15	0.00	0.02	8.42	81.92	89.54	0.00	40	0	41	0.00	0.00	65.09	7.42	0.00	0.00	2000
222	10.69	2067	2109	1.26	196	0	0	4	79.43	0.00	0.02	7.84	81.93	89.31	0.00	41	0	42	0.00	0.00	65.23	7.46	0.00	0.00	2000
220	10.81	2042	2097	0.00	196	0	0	0	nan	0.00	0.00	6.53	82.72	89.19	0.00	41	0	42	0.00	0.00	65.11	7.56	0.00	0.00	2000
222	10.65	2092	2093	0.00	195	0	0	0	nan	0.00	0.02	6.82	82.28	89.35	0.00	41	0	42	0.00	0.00	65.19	7.42	0.00	0.00	2000
224	10.67	2094	2107	0.00	196	0	0	0	nan	0.00	0.05	7.12	82.63	89.33	0.00	41	0	42	0.00	0.00	65.08	7.42	0.00	0.00	2000
222	10.64	2082	2107	0.00	207	0	0	0	nan	0.03	0.03	3.61	86.09	89.36	0.00	41	0	42	0.00	0.00	65.06	7.41	0.00	0.00	2000
222	10.94	2034	2098	0.00	197	0	0	0	nan	0.00	0.00	6.32	82.84	89.06	0.00	41	0	42	0.00	0.00	65.21	7.60	0.00	0.00	2000
221	10.79	2066	2082	0.00	197	0	0	0	nan	0.00	0.00	6.60	81.90	89.21	0.00	41	0	42	0.00	0.00	65.36	7.54	0.00	0.00	2000
237	11.38	2059	2123	0.00	196	0	0	0	nan	0.00	0.00	7.05	82.59	88.62	0.00	40	0	42	0.00	0.00	65.84	7.71	0.00	0.00	2000
224	10.95	2056	2085	0.00	195	0	0	0	nan	0.00	0.00	6.49	82.05	89.05	0.00	40	0	42	0.00	0.00	65.43	7.48	0.00	0.00	2000
221	10.69	2038	2134	0.00	200	0	0	0	nan	0.00	0.00	7.36	83.52	89.31	0.00	41	0	41	0.00	0.00	65.11	7.52	0.00	0.00	2000
222	11.10	2051	2046	0.00	203	0	0	0	nan	0.00	0.02	7.80	78.91	88.90	0.00	41	0	42	0.00	0.00	65.42	7.39	0.00	0.00	2000
224	10.65	2082	2118	0.00	197	0	0	0	nan	0.00	0.02	7.11	83.12	89.35	0.00	40	0	41	0.00	0.00	65.17	7.36	0.00	0.00	2000
222	10.63	2103	2089	0.00	199	0	0	0	nan	0.00	0.01	5.66	83.34	89.37	0.00	40	0	42	0.00	0.00	65.14	7.46	0.00	0.00	2000
224	10.75	2062	2126	0.00	198	0	0	0	nan	0.00	0.02	7.91	82.50	89.25	0.00	40	0	42	0.00	0.00	64.81	7.48	0.00	0.00	2000
222	10.82	2059	2090	0.00	200	0	0	0	nan	0.00	0.00	7.33	81.51	89.18	0.00	41	0	42	0.00	0.00	64.99	7.34	0.00	0.00	2000
222	10.75	2074	2095	0.00	198	0	0	0	nan	0.00	0.00	7.93	81.15	89.25	0.00	41	0	42	0.00	0.00	65.12	7.52	0.00	0.00	2000
222	10.47	2122	2094	0.00	197	0	0	3	76.95	0.00	0.01	5.79	83.61	89.53	0.00	41	0	42	0.00	0.00	64.90	7.61	0.00	0.00	2000
222	10.67	2057	2127	1.40	197	0	0	5	75.37	0.00	0.00	8.18	82.38	89.33	0.00	41	0	42	0.00	0.00	65.26	7.56	0.00	0.00	2000
221	10.86	2044	2090	0.00	197	0	0	0	nan	0.00	0.54	3.37	84.96	89.14	0.00	41	0	41	0.00	0.00	65.07	7.42	0.00	0.00	2000
224	11.01	2035	2097	0.00	197	0	0	0	nan	0.00	2.09	4.39	82.57	88.99	0.00	41	0	42	0.00	0.00	64.91	7.51	0.00	0.00	2000
222	10.60	2097	2096	0.00	198	0	0	0	nan	0.00	0.01	7.99	81.30	89.40	0.00	41	0	42	0.00	0.00	64.94	7.48	0.00	0.00	2000
223	10.82	2054	2105	0.00	196	0	0	0	nan	0.02	0.00	7.46	82.05	89.18	0.00	40	0	42	0.00	0.00	64.94	7.42	0.00	0.00	2000
221	10.77	2068	2081	0.00	196	0	0	0	nan	0.00	0.01	6.30	82.20	89.23	0.00	41	0	42	0.00	0.00	64.69	7.64	0.00	0.00	2000
223	10.61	2067	2132	0.00	195	0	0	0	nan	0.00	0.02	6.81	84.00	89.39	0.00	41	0	42	0.00	0.00	64.74	7.62	0.00	0.00	2000
226	11.12	2029	2100	0.00	198	0	0	0	nan	0.04	0.00	8.79	80.21	88.88	0.00	41	0	42	0.00	0.00	65.14	7.41	0.00	0.00	2000
222	10.99	2040	2081	0.00	196	0	0	0	nan	0.04	0.00	8.61	79.70	89.01	0.00	41	0	42	0.00	0.00	64.56	7.47	0.00	0.00	2000
221	10.66	2072	2105	0.00	197	0	0	0	nan	0.00	0.00	8.23	81.33	89.34	0.00	41	0	42	0.00	0.00	64.22	7.52	0.00	0.00	2000
221	10.76	2064	2086	0.00	195	0	0	0	nan	0.00	0.00	6.50	82.24	89.24	0.00	41	0	42	0.00	0.00	64.59	7.43	0.00	0.00	2000
222	10.55	2107	2098	0.00	197	0	0	0	nan	0.00	0.00	5.18	84.24	89.46	0.00	41	0	42	0.00	0.00	65.10	7.43	0.00	0.00	2000
225	10.75	2091	2099	0.00	197	0	0	0	nan	0.00	0.01	7.76	81.51	89.25	0.00	41	0	42	0.00	0.00	64.76	7.44	0.00	0.00	2000
223	10.71	2071	2110	0.00	198	0	0	0	nan	0.00	0.01	8.43	81.42	89.29	0.00	40	0	42	0.00	0.00	64.75	7.47	0.00	0.00	2000
222	10.70	2065	2110	0.00	197	0	0	0	nan	0.00	0.00	8.32	81.51	89.30	0.00	41	0	42	0.00	0.00	65.25	7.28	0.00	0.00	2000
223	10.91	2045	2095	0.00	197	0	0	0	nan	0.00	2.08	3.57	83.44	89.09	0.00	41	0	42	0.00	0.00	64.80	7.47	0.00	0.00	2000
221	10.83	2030	2109	0.00	197	0	0	1	75.82	0.01	0.01	3.02	86.62	89.17	0.00	41	0	42	0.00	0.00	64.95	7.25	0.00	0.00	2000
224	11.10	2024	2094	1.35	202	0	0	7	73.99	0.02	1.50	5.58	81.72	88.90	0.00	41	0	42	0.00	0.00	64.64	7.49	0.00	0.00	2000
222	10.02	2191	2126	0.00	198	0	0	0	nan	0.00	2.53	8.17	80.56	89.98	0.00	40	0	42	0.00	0.00	66.54	7.57	0.00	0.00	2000
221	11.00	2032	2071	0.00	199	0	0	0	nan	0.00	0.03	6.18	81.65	89.00	0.00	41	0	42	0.00	0.00	64.51	7.40	0.00	0.00	2000
221	10.68	2065	2106	0.00	197	0	0	0	nan	0.00	0.00	6.86	82.81	89.32	0.00	40	0	42	0.00	0.00	64.76	7.59	0.00	0.00	2000
221	10.70	2076	2093	0.00	198	0	0	0	nan	0.00	0.00	6.00	83.10	89.30	0.00	41	0	42	0.00	0.00	62.17	7.24	0.00	0.00	2000
223	10.65	2100	2090	0.00	196	0	0	0	nan	0.00	0.00	6.89	82.09	89.35	0.00	41	0	42	0.00	0.00	67.41	7.31	0.00	0.00	2000
223	10.83	2057	2098	0.00	197	0	0	0	nan	0.00	0.00	7.81	81.42	89.17	0.00	41	0	42	0.00	0.00	64.74	7.40	0.00	0.00	2000
217	11.13	2055	1994	0.00	195	0	0	0	nan	0.00	0.04	7.77	76.61	88.87	0.00	41	0	42	0.00	0.00	59.80	6.75	0.00	0.00	2000
226	10.68	2015	2207	0.00	226	0	0	0	nan	0.00	0.00	6.60	87.33	89.32	0.00	41	0	42	0.00	0.00	67.67	8.02	0.00	0.00	2000
222	10.63	2055	2140	0.00	203	0	0	0	nan	0.00	0.00	6.19	84.94	89.37	0.00	41	0	42	0.00	0.00	68.20	7.51	0.00	0.00	2000
225	10.88	2087	2079	0.00	199	0	0	0	nan	0.00	0.00	6.87	81.46	89.12	0.00	41	0	42	0.00	0.00	64.44	7.30	0.00	0.00	2000
223	11.14	1998	2100	0.00	198	0	0	0	nan	0.06	0.00	7.26	81.83	88.86	0.00	40	0	42	0.00	0.00	64.57	7.46	0.00	0.00	2000
221	10.90	2030	2101	0.00	197	0	0	0	nan	0.00	2.11	6.03	81.26	89.10	0.00	41	0	42	0.00	0.00	65.01	7.28	0.00	0.00	2000
221	10.92	2025	2100	0.00	196	0	0	0	nan	0.00	0.04	3.43	85.83	89.08	0.00	41	0	42	0.00	0.00	64.80	7.27	0.00	0.00	2000
221	10.64	2082	2094	0.00	198	0	0	0	nan	0.00	0.03	5.23	83.94	89.36	0.00	41	0	42	0.00	0.00	65.35	7.47	0.00	0.00	2000
224	10.53	2118	2112	0.00	197	0	0	0	nan	0.00	0.47	6.33	83.22	89.47	0.00	41	0	42	0.00	0.00	66.14	7.56	0.00	0.00	2000
221	10.85	2051	2085	0.00	203	0	0	0	98.65	0.01	0.03	7.64	81.01	89.15	0.00	41	0	42	0.00	0.00	64.62	7.45	0.00	0.00	2000
222	10.63	2073	2112	1.38	199	0	0	6	70.17	0.00	0.00	7.99	82.00	89.37	0.00	41	0	42	0.00	0.00	65.53	7.02	0.00	0.00	2000
219	10.99	2075	2013	0.03	197	0	0	0	nan	0.00	0.02	7.03	78.41	89.01	0.00	41	0	42	0.00	0.00	61.08	7.27	0.00	0.00	2000
230	10.69	2105	2146	0.00	242	0	0	0	nan	0.00	0.01	6.44	84.94	89.31	0.00	37	0	42	0.00	0.00	62.11	7.03	0.00	0.00	2000
236	11.17	2052	2162	0.00	198	0	0	0	nan	0.02	1.30	9.01	81.32	88.83	0.00	38	0	42	0.00	0.00	71.82	8.00	0.00	0.00	2000
230	11.33	2033	2101	0.00	211	0	0	0	nan	0.00	0.00	9.57	79.20	88.67	0.00	38	0	42	0.00	0.00	64.86	7.51	0.00	0.00	2000
230	11.29	2032	2101	0.00	181	0	0	0	nan	0.00	0.00	8.47	80.38	88.71	0.00	38	0	42	0.00	0.00	64.88	7.51	0.00	0.00	2000
238	11.47	2070	2104	0.00	213	0	0	0	nan	0.04	0.00	8.93	79.90	88.53	0.00	38	0	42	0.00	0.00	65.69	7.26	0.00	0.00	2000
230	11.17	2063	2094	0.00	180	0	0	0	nan	0.00	0.00	7.66	81.00	88.83	0.00	38	0	42	0.00	0.00	65.05	7.33	0.00	0.00	2000
234	11.30	2061	2106	0.00	212	0	0	0	nan	0.02	0.00	9.01	80.02	88.70	0.00	38	0	42	0.00	0.00	65.46	7.37	0.00	0.00	2000
229	11.21	2048	2094	0.00	180	0	0	0	nan	0.00	1.72	7.04	79.92	88.79	0.00	38	0	42	0.00	0.00	64.96	7.40	0.00	0.00	2000
230	10.87	2104	2112	0.00	211	0	0	0	nan	0.00	0.93	4.51	84.34	89.13	0.00	38	0	42	0.00	0.00	65.58	7.56	0.00	0.00	2000
229	11.28	2057	2069	0.00	182	0	0	0	nan	0.00	0.00	7.65	79.84	88.72	0.00	38	0	42	0.00	0.00	64.73	7.42	0.00	0.00	2000
231	11.24	2036	2122	0.00	213	0	0	0	nan	0.00	0.00	9.19	80.62	88.77	0.00	38	0	42	0.00	0.00	65.64	7.33	0.00	0.00	2000
231	11.23	2059	2102	0.00	181	0	0	0	nan	0.00	0.00	7.24	81.72	88.77	0.00	39	0	42	0.00	0.00	64.83	7.33	0.00	0.00	2000
231	11.19	2083	2082	0.00	224	0	0	0	nan	0.00	0.00	7.48	80.63	88.81	0.00	38	0	42	0.00	0.00	64.51	7.45	0.00	0.00	2000
231	11.23	2047	2111	0.00	180	0	0	0	nan	0.04	0.00	10.26	79.11	88.77	0.00	38	0	42	0.00	0.00	65.03	7.44	0.00	0.00	2000
230	11.00	2086	2106	0.00	212	0	0	0	nan	0.00	0.00	7.82	81.55	89.00	0.00	38	0	42	0.00	0.00	65.02	7.59	0.00	0.00	2000
229	11.27	2056	2076	1.25	180	0	0	6	64.33	0.00	0.00	6.87	80.85	88.73	0.00	39	0	42	0.00	0.00	65.25	7.25	0.00	0.00	2000
232	11.19	2053	2122	0.21	213	0	0	0	nan	0.00	0.00	8.16	81.69	88.81	0.00	38	0	42	0.00	0.00	65.24	7.51	0.00	0.00	2000
231	11.43	2020	2100	0.00	184	0	0	0	nan	0.04	0.00	7.73	81.03	88.57	0.00	38	0	42	0.00	0.00	65.03	7.43	0.00	0.00	2000
232	11.30	2056	2100	0.00	215	0	0	0	nan	0.00	0.00	10.74	78.06	88.70	0.00	38	0	42	0.00	0.00	65.79	7.49	0.00	0.00	2000
230	11.23	2075	2076	0.00	180	0	0	0	nan	0.00	0.02	8.02	79.82	88.77	0.00	38	0	42	0.00	0.00	61.68	7.04	0.00	0.00	2000
230	11.19	2040	2113	0.00	212	0	0	0	nan	0.00	0.00	6.84	82.65	88.81	0.00	38	0	42	0.00	0.00	67.87	7.76	0.00	0.00	2000
233	11.17	2075	2109	0.00	180	0	0	0	nan	0.01	0.09	4.80	84.52	88.83	0.00	38	0	42	0.00	0.00	64.84	7.50	0.00	0.00	2000
231	11.11	2076	2106	0.00	218	0	0	0	nan	0.00	0.12	4.13	85.02	88.89	0.00	38	0	42	0.00	0.00	65.31	7.45	0.00	0.00	2000
229	11.16	2085	2069	0.00	182	0	0	0	nan	0.02	1.51	5.68	80.38	88.84	0.00	39	0	42	0.00	0.00	61.95	6.94	0.00	0.00	2000
231	10.88	2095	2130	0.00	211	0	0	0	nan	0.00	0.45	11.42	78.64	89.12	0.00	39	0	42	0.00	0.00	69.23	7.80	0.00	0.00	2000
229	11.14	2068	2085	0.00	182	0	0	0	nan	0.00	0.00	7.90	80.42	88.86	0.00	38	0	42	0.00	0.00	64.24	7.11	0.00	0.00	2000
220	12.65	2093	1742	0.00	212	0	0	0	nan	0.00	0.02	5.63	66.87	87.35	0.00	38	0	42	0.00	0.00	52.88	6.02	0.00	0.00	2000
236	9.77	2015	2513	0.00	232	0	0	0	nan	0.00	0.02	7.62	100.39	90.23	0.00	39	0	42	0.00	0.00	75.41	8.34	0.00	0.00	2000
222	10.44	2110	2112	0.00	196	0	0	0	nan	0.00	0.01	6.56	83.56	89.56	0.00	40	0	42	0.00	0.00	65.07	7.44	0.00	0.00	2000
221	10.76	2071	2087	0.00	195	0	0	0	nan	0.00	0.03	7.43	81.38	89.24	0.00	40	0	42	0.00	0.00	65.03	7.37	0.00	0.00	2000
225	10.60	2108	2118	0.00	198	0	0	0	nan	0.00	0.02	6.87	83.35	89.40	0.00	40	0	42	0.00	0.00	64.16	7.39	0.00	0.00	2000
223	10.66	2102	2092	0.00	197	0	0	0	98.65	0.03	0.15	8.30	80.63	89.34	0.00	40	0	42	0.00	0.00	64.64	7.24	0.00	0.00	2000
224	10.74	2073	2108	1.36	195	0	0	6	73.00	0.04	0.00	8.63	81.09	89.26	0.00	40	0	42	0.00	0.00	64.96	7.32	0.00	0.00	2000
222	10.71	2051	2118	0.03	197	0	0	0	nan	0.00	0.01	6.77	83.43	89.29	0.00	41	0	42	0.00	0.00	64.53	7.55	0.00	0.00	2000
223	10.94	2053	2085	0.00	196	0	0	0	nan	0.00	0.00	5.82	82.72	89.06	0.00	40	0	42	0.00	0.00	64.86	7.28	0.00	0.00	2000
221	10.74	2084	2071	0.00	196	0	0	0	nan	0.00	0.00	7.66	80.51	89.26	0.00	41	0	42	0.00	0.00	64.41	7.10	0.00	0.00	2000
226	9.84	2256	2135	0.00	200	0	0	0	nan	0.00	2.17	4.88	84.84	90.16	0.00	40	0	42	0.00	0.00	66.44	7.37	0.00	0.00	2000
223	10.63	2116	2080	0.00	197	0	0	0	nan	0.00	0.96	4.73	83.01	89.37	0.00	41	0	42	0.00	0.00	65.16	7.44	0.00	0.00	2000
223	10.66	2073	2115	0.00	196	0	0	0	nan	0.00	0.02	9.46	80.54	89.34	0.00	41	0	42	0.00	0.00	64.57	7.14	0.00	0.00	2000
232	11.32	2060	2089	0.00	199	0	0	0	nan	0.00	0.00	7.92	80.46	88.68	0.00	41	0	42	0.00	0.00	65.19	7.37	0.00	0.00	2000
221	10.74	2060	2101	0.00	195	0	0	0	nan	0.00	0.01	6.46	82.97	89.26	0.00	41	0	42	0.00	0.00	64.87	7.40	0.00	0.00	2000
223	10.56	2136	2077	0.00	200	0	0	0	nan	0.00	0.38	7.02	81.13	89.44	0.00	41	0	42	0.00	0.00	65.16	7.31	0.00	0.00	2000
225	10.67	2057	2153	0.00	200	0	0	0	nan	0.00	0.02	8.47	83.23	89.33	0.00	40	0	41	0.00	0.00	64.67	7.34	0.00	0.00	2000
221	11.03	2042	2065	0.00	198	0	0	0	nan	0.00	0.02	6.23	81.35	88.97	0.00	41	0	42	0.00	0.00	64.56	7.37	0.00	0.00	2000
221	10.62	2079	2103	0.00	197	0	0	0	nan	0.00	0.00	6.07	83.53	89.38	0.00	41	0	42	0.00	0.00	64.26	7.31	0.00	0.00	2000
223	10.62	2100	2098	0.00	198	0	0	0	nan	0.00	0.00	6.06	83.28	89.38	0.00	40	0	42	0.00	0.00	64.68	7.30	0.00	0.00	2000
224	10.77	2067	2111	0.00	197	0	0	0	nan	0.00	0.00	7.27	82.55	89.23	0.00	40	0	42	0.00	0.00	64.43	7.72	0.00	0.00	2000
222	10.64	2101	2084	0.00	201	0	0	0	nan	0.00	0.00	9.02	79.71	89.36	0.00	40	0	42	0.00	0.00	64.42	7.17	0.00	0.00	2000
221	10.63	2084	2100	0.00	195	0	0	0	nan	0.00	0.00	7.89	81.53	89.37	0.00	41	0	42	0.00	0.00	64.47	7.30	0.00	0.00	2000
223	10.72	2072	2108	1.01	197	0	0	6	65.64	0.00	0.02	5.99	83.71	89.28	0.00	41	0	42	0.00	0.00	64.80	7.27	0.00	0.00	2000
221	10.66	2078	2097	0.38	195	0	0	0	nan	0.00	0.02	4.81	84.56	89.34	0.00	40	0	42	0.00	0.00	64.03	7.35	0.00	0.00	2000
225	10.65	2118	2094	0.00	196	0	0	0	nan	0.00	0.56	4.35	84.35	89.35	0.00	41	0	41	0.00	0.00	64.53	7.39	0.00	0.00	2000
223	10.71	2064	2121	0.00	201	0	0	0	nan	0.00	0.00	7.56	82.72	89.29	0.00	41	0	42	0.00	0.00	64.24	7.37	0.00	0.00	2000
222	10.86	2041	2099	0.00	195	0	0	0	nan	0.00	0.00	8.42	80.80	89.14	0.00	41	0	42	0.00	0.00	64.41	7.48	0.00	0.00	2000
222	10.88	2060	2080	0.00	196	0	0	0	nan	0.00	0.02	6.51	81.85	89.12	0.00	41	0	42	0.00	0.00	64.65	7.39	0.00	0.00	2000
222	10.69	2072	2109	0.00	199	0	0	0	nan	0.00	0.00	5.69	84.12	89.31	0.00	41	0	42	0.00	0.00	64.84	7.29	0.00	0.00	2000
223	10.84	2051	2106	0.00	195	0	0	0	nan	0.00	0.00	7.40	82.20	89.16	0.00	41	0	42	0.00	0.00	64.49	7.53	0.00	0.00	2000
221	10.83	2053	2084	0.00	202	0	0	0	nan	0.00	0.00	6.37	82.23	89.17	0.00	41	0	42	0.00	0.00	64.26	7.14	0.00	0.00	2000
221	10.58	2080	2113	0.00	196	0	0	0	nan	0.00	0.00	8.62	81.49	89.42	0.00	41	0	42	0.00	0.00	64.44	7.34	0.00	0.00	2000
222	10.88	2042	2096	0.00	199	0	0	0	nan	0.00	0.02	8.42	80.66	89.12	0.00	41	0	42	0.00	0.00	64.99	7.36	0.00	0.00	2000
222	10.75	2030	2135	0.00	200	0	0	0	nan	0.00	0.00	6.59	84.27	89.25	0.00	41	0	42	0.00	0.00	64.66	7.48	0.00	0.00	2000
223	11.06	2041	2077	0.00	198	0	0	0	nan	0.00	0.02	6.12	81.90	88.94	0.00	41	0	42	0.00	0.00	64.49	7.45	0.00	0.00	2000
224	10.66	2117	2080	0.00	203	0	0	0	nan	0.00	0.00	5.62	82.80	89.34	0.00	41	0	42	0.00	0.00	65.13	7.30	0.00	0.00	2000
222	10.42	2122	2108	0.00	195	0	0	0	nan	0.00	0.00	7.69	82.34	89.58	0.00	41	0	42	0.00	0.00	64.77	7.22	0.00	0.00	2000
221	10.76	2031	2130	0.00	196	0	0	0	nan	0.00	2.11	4.43	84.12	89.24	0.00	41	0	42	0.00	0.00	64.75	7.39	0.00	0.00	2000
221	10.95	2041	2077	0.00	197	0	0	0	nan	0.01	0.01	3.26	84.86	89.05	0.00	41	0	42	0.00	0.00	64.47	7.31	0.00	0.00	2000
222	10.86	2036	2111	0.67	197	0	0	6	72.17	0.00	0.00	5.58	84.14	89.14	0.00	41	0	42	0.00	0.00	64.72	7.31	0.00	0.00	2000
223	11.01	2045	2082	0.74	199	0	0	1	89.84	0.00	0.00	8.13	80.29	88.99	0.00	40	0	42	0.00	0.00	64.38	7.49	0.00	0.00	2000
221	10.69	2040	2133	0.00	196	0	0	0	nan	0.02	1.46	7.69	81.72	89.31	0.00	41	0	42	0.00	0.00	65.12	7.41	0.00	0.00	2000
222	10.97	2049	2071	0.00	197	0	0	0	nan	0.00	0.02	8.43	79.45	89.03	0.00	41	0	42	0.00	0.00	64.61	7.56	0.00	0.00	2000
221	10.82	2028	2114	0.00	196	0	0	0	nan	0.00	0.00	6.77	83.11	89.18	0.00	41	0	42	0.00	0.00	64.77	7.48	0.00	0.00	2000
222	11.00	2029	2088	0.00	198	0	0	0	nan	0.00	0.00	5.51	83.09	89.00	0.00	41	0	42	0.00	0.00	64.40	7.32	0.00	0.00	2000
226	11.04	2022	2129	0.00	199	0	0	0	nan	0.09	0.00	8.83	81.52	88.96	0.00	41	0	42	0.00	0.00	66.32	7.62	0.00	0.00	2000
219	11.06	2042	2037	0.00	196	0	0	0	nan	0.00	0.00	8.06	78.38	88.94	0.00	41	0	42	0.00	0.00	63.03	7.22	0.00	0.00	2000
223	10.83	2019	2144	0.00	196	0	0	0	nan	0.04	0.00	7.66	83.46	89.17	0.00	41	0	42	0.00	0.00	64.39	7.39	0.00	0.00	2000
221	10.86	2043	2089	0.00	196	0	0	0	nan	0.00	0.00	6.92	81.90	89.14	0.00	41	0	41	0.00	0.00	65.00	7.48	0.00	0.00	2000
223	10.97	2017	2116	0.00	196	0	0	0	nan	0.06	0.00	7.00	82.86	89.03	0.00	41	0	42	0.00	0.00	64.62	7.45	0.00	0.00	2000
224	11.14	2019	2092	0.00	198	0	0	0	nan	0.04	0.00	8.11	80.60	88.86	0.00	41	0	42	0.00	0.00	64.41	7.38	0.00	0.00	2000
221	10.73	2083	2075	0.00	219	0	0	0	nan	0.00	0.02	3.13	85.11	89.27	0.00	40	0	42	0.00	0.00	63.48	7.21	0.00	0.00	2000
222	10.64	2074	2112	0.00	199	0	0	0	nan	0.00	0.07	3.60	86.33	89.36	0.00	41	0	41	0.00	0.00	66.88	7.72	0.00	0.00	2000
222	10.54	2069	2140	0.00	197	0	0	0	nan	0.00	0.04	5.55	85.65	89.46	0.00	41	0	42	0.00	0.00	65.70	7.63	0.00	0.00	2000
220	11.00	2073	2023	0.00	197	0	0	0	nan	0.00	0.02	6.22	79.60	89.00	0.00	41	0	42	0.00	0.00	61.00	7.07	0.00	0.00	2000
227	10.58	2093	2150	0.00	199	0	0	0	nan	0.00	0.00	7.56	84.12	89.42	0.00	41	0	42	0.00	0.00	67.35	7.80	0.00	0.00	2000
221	10.71	2058	2105	0.50	195	0	0	6	67.92	0.00	0.03	8.62	80.92	89.29	0.00	41	0	42	0.00	0.00	65.43	7.35	0.00	0.00	2000
221	10.87	2031	2104	0.91	197	0	0	2	85.06	0.00	0.00	6.19	83.11	89.13	0.00	41	0	42	0.00	0.00	64.86	7.40	0.00	0.00	2000
221	10.80	2079	2065	0.00	198	0	0	0	nan	0.00	0.00	7.13	80.65	89.20	0.00	41	0	42	0.00	0.00	64.43	7.26	0.00	0.00	2000
222	10.45	2110	2118	0.00	195	0	0	0	nan	0.00	0.00	6.00	84.39	89.55	0.00	41	0	42	0.00	0.00	64.77	7.37	0.00	0.00	2000
237	11.36	2089	2097	0.00	213	0	0	0	nan	0.04	0.00	12.62	75.97	88.64	0.00	41	0	42	0.00	0.00	64.71	7.51	0.00	0.00	2000
222	10.71	2070	2104	0.00	196	0	0	0	nan	0.00	0.01	8.92	80.64	89.29	0.00	41	0	42	0.00	0.00	64.37	7.63	0.00	0.00	2000
222	10.68	2086	2091	0.00	195	0	0	0	nan	0.00	0.00	7.97	80.96	89.32	0.00	41	0	42	0.00	0.00	64.77	7.27	0.00	0.00	2000
223	10.68	2066	2121	0.00	196	0	0	0	nan	0.00	0.02	6.39	83.90	89.32	0.00	41	0	42	0.00	0.00	64.67	7.51	0.00	0.00	2000
221	10.81	2059	2082	0.00	196	0	0	0	nan	0.00	0.00	6.71	81.83	89.19	0.00	41	0	42	0.00	0.00	64.82	7.53	0.00	0.00	2000
224	10.52	2127	2104	0.00	196	0	0	0	nan	0.00	0.01	7.05	82.66	89.48	0.00	41	0	42	0.00	0.00	64.86	7.34	0.00	0.00	2000
225	10.95	2055	2101	0.00	206	0	0	0	nan	0.04	0.06	3.66	85.53	89.05	0.00	41	0	42	0.00	0.00	64.62	7.39	0.00	0.00	2000
222	10.75	2047	2116	0.00	197	0	0	0	nan	0.00	0.03	3.18	86.88	89.25	0.00	41	0	42	0.00	0.00	65.17	6.97	0.00	0.00	2000
221	10.95	2036	2087	0.00	195	0	0	0	nan	0.00	0.03	5.97	82.63	89.05	0.00	41	0	42	0.00	0.00	61.65	7.30	0.00	0.00	2000
222	10.71	2061	2116	0.00	198	0	0	0	nan	0.00	0.49	7.77	81.85	89.29	0.00	41	0	42	0.00	0.00	68.27	7.85	0.00	0.00	2000
224	10.85	2093	2068	0.00	201	0	0	0	nan	0.00	0.00	6.76	81.07	89.15	0.00	41	0	42	0.00	0.00	59.87	6.87	0.00	0.00	2000
221	10.69	2066	2106	0.00	201	0	0	0	nan	0.00	0.05	6.04	83.59	89.31	0.00	41	0	42	0.00	0.00	67.88	7.77	0.00	0.00	2000
223	10.50	2111	2108	0.00	196	0	0	0	nan	0.00	0.02	6.43	83.47	89.50	0.00	41	0	42	0.00	0.00	65.01	7.43	0.00	0.00	2000
220	10.82	2053	2080	0.30	215	0	0	5	72.79	0.00	0.02	6.85	81.61	89.18	0.00	41	0	42	0.00	0.00	63.02	7.19	0.00	0.00	2000
222	10.59	2092	2108	1.09	197	0	0	3	80.98	0.00	0.00	7.89	81.91	89.41	0.00	41	0	42	0.00	0.00	64.90	7.41	0.00	0.00	2000
225	10.72	2102	2091	0.00	216	0	0	0	nan	0.00	0.02	6.39	82.60	89.28	0.00	41	0	42	0.00	0.00	64.87	7.42	0.00	0.00	2000
223	10.70	2071	2110	0.00	195	0	0	0	nan	0.01	0.00	7.06	82.71	89.30	0.00	41	0	42	0.00	0.00	64.56	7.43	0.00	0.00	2000
223	10.71	2060	2124	0.00	194	0	0	0	nan	0.00	0.02	6.21	84.14	89.29	0.00	41	0	42	0.00	0.00	64.97	7.87	0.00	0.00	2000
220	10.97	2031	2076	0.00	199	0	0	0	nan	0.00	0.00	6.01	82.12	89.03	0.00	41	0	42	0.00	0.00	64.46	7.21	0.00	0.00	2000
221	10.75	2050	2110	0.00	196	0	0	0	nan	0.00	0.01	6.10	83.62	89.25	0.00	41	0	42	0.00	0.00	64.92	7.44	0.00	0.00	2000
224	10.60	2135	2080	0.00	199	0	0	0	nan	0.03	1.15	8.06	79.41	89.40	0.00	41	0	42	0.00	0.00	64.94	7.46	0.00	0.00	2000
223	10.55	2094	2119	0.00	194	0	0	0	nan	0.00	1.90	6.45	82.00	89.45	0.00	41	0	42	0.00	0.00	65.24	7.23	0.00	0.00	2000
222	10.73	2067	2102	0.00	197	0	0	0	nan	0.00	0.03	3.54	85.88	89.27	0.00	41	0	42	0.00	0.00	64.56	7.58	0.00	0.00	2000
222	10.65	2074	2109	0.00	195	0	0	0	nan	0.03	0.00	5.47	84.37	89.35	0.00	41	0	42	0.00	0.00	64.48	7.50	0.00	0.00	2000
221	10.57	2096	2098	0.00	196	0	0	0	nan	0.00	0.45	5.81	83.15	89.43	0.00	41	0	42	0.00	0.00	64.79	7.45	0.00	0.00	2000
225	10.75	2093	2100	0.00	199	0	0	0	nan	0.00	0.02	6.88	82.41	89.25	0.00	41	0	42	0.00	0.00	64.72	7.57	0.00	0.00	2000
221	10.60	2111	2077	0.00	195	0	0	0	nan	0.00	0.50	8.20	79.86	89.40	0.00	41	0	42	0.00	0.00	65.12	7.49	0.00	0.00	2000
223	10.64	2077	2115	0.00	197	0	0	0	nan	0.00	0.00	6.04	84.08	89.36	0.00	41	0	42	0.00	0.00	64.90	7.52	0.00	0.00	2000
222	10.64	2082	2106	0.00	197	0	0	0	nan	0.00	0.01	5.42	84.29	89.36	0.00	41	0	42	0.00	0.00	64.54	7.41	0.00	0.00	2000
220	10.67	2069	2092	0.00	196	0	0	0	nan	0.00	0.00	6.96	82.16	89.33	0.00	41	0	42	0.00	0.00	64.77	7.28	0.00	0.00	2000
226	10.73	2096	2106	0.17	201	0	0	4	71.78	0.00	0.01	5.84	83.81	89.27	0.00	41	0	42	0.00	0.00	64.76	7.33	0.00	0.00	2000
221	10.60	2086	2096	1.25	196	0	0	4	79.21	0.00	0.00	8.17	81.14	89.40	0.00	41	0	42	0.00	0.00	65.00	7.27	0.00	0.00	2000
261	12.05	2147	2117	0.00	195	0	0	0	nan	0.00	0.01	7.86	80.87	87.95	0.00	41	0	42	0.00	0.00	66.04	7.40	0.00	0.00	2000
224	11.01	2050	2081	0.00	198	0	0	0	nan	0.00	0.00	8.31	80.00	88.99	0.00	41	0	42	0.00	0.00	65.22	7.18	0.00	0.00	2000
223	10.79	2054	2111	0.00	198	0	0	0	nan	0.00	0.00	6.43	83.30	89.21	0.00	41	0	42	0.00	0.00	64.78	7.55	0.00	0.00	2000
225	10.83	2076	2101	0.00	197	0	0	0	nan	0.00	0.35	6.71	82.35	89.18	0.00	41	0	42	0.00	0.00	65.03	7.45	0.00	0.00	2000
221	10.71	2075	2092	0.00	202	0	0	0	nan	0.00	0.73	2.63	85.70	89.29	0.00	41	0	42	0.00	0.00	65.13	7.30	0.00	0.00	2000
220	10.72	2060	2088	0.00	210	0	0	0	nan	0.00	0.03	5.32	83.56	89.28	0.00	41	0	42	0.00	0.00	64.85	7.41	0.00	0.00	2000
222	10.81	2051	2104	0.00	199	0	0	0	nan	0.00	0.00	7.95	81.55	89.19	0.00	41	0	42	0.00	0.00	64.87	7.44	0.00	0.00	2000
217	11.08	2067	1992	0.00	199	0	0	0	nan	0.00	0.00	5.80	78.63	88.92	0.00	41	0	42	0.00	0.00	60.19	6.68	0.00	0.00	2000
227	10.64	2003	2237	0.00	213	0	0	0	nan	0.00	0.39	8.68	86.21	89.36	0.00	41	0	42	0.00	0.00	70.06	8.02	0.00	0.00	2000
220	10.85	2051	2075	0.00	211	0	0	0	nan	0.00	0.00	7.95	80.23	89.15	0.00	41	0	41	0.00	0.00	65.00	7.31	0.00	0.00	2000
221	10.67	2069	2106	0.00	198	0	0	0	nan	0.00	0.03	5.42	84.28	89.33	0.00	41	0	42	0.00	0.00	64.96	7.37	0.00	0.00	2000
222	10.68	2073	2106	0.00	200	0	0	0	nan	0.00	0.00	5.24	84.42	89.32	0.00	41	0	42	0.00	0.00	64.85	7.44	0.00	0.00	2000
224	10.63	2110	2097	0.00	202	0	0	0	nan	0.00	0.01	6.96	82.35	89.37	0.00	41	0	42	0.00	0.00	64.88	7.46	0.00	0.00	2000
222	10.71	2072	2101	0.00	195	0	0	0	nan	0.00	0.02	8.12	81.27	89.29	0.00	41	0	42	0.00	0.00	64.73	7.47	0.00	0.00	2000
224	10.71	2081	2107	0.00	195	0	0	0	nan	0.00	0.00	7.82	81.88	89.29	0.00	41	0	42	0.00	0.00	65.17	7.33	0.00	0.00	2000
222	10.82	2018	2139	0.30	198	0	0	5	72.11	0.00	0.00	6.40	84.56	89.18	0.00	41	0	42	0.00	0.00	65.80	7.57	0.00	0.00	2000
221	10.93	2074	2047	1.11	196	0	0	3	80.19	0.01	0.00	6.91	80.04	89.07	0.00	41	0	42	0.00	0.00	61.25	7.41	0.00	0.00	2000
225	10.84	2029	2149	0.00	198	0	0	0	nan	0.04	0.00	7.47	83.92	89.16	0.00	41	0	42	0.00	0.00	67.10	7.34	0.00	0.00	2000
221	10.93	2064	2059	0.00	201	0	0	0	nan	0.00	0.03	4.92	82.46	89.07	0.00	41	0	42	0.00	0.00	64.64	7.29	0.00	0.00	2000
222	10.84	2029	2119	0.00	198	0	0	0	nan	0.00	0.08	3.23	86.77	89.16	0.00	41	0	42	0.00	0.00	64.80	7.37	0.00	0.00	2000
221	10.73	2082	2077	0.00	197	0	0	0	nan	0.00	0.00	5.58	82.77	89.27	0.00	41	0	42	0.00	0.00	64.22	7.39	0.00	0.00	2000
223	10.69	2084	2101	0.00	198	0	0	0	nan	0.04	0.00	7.68	81.72	89.31	0.00	41	0	42	0.00	0.00	64.32	7.41	0.00	0.00	2000
224	10.73	2087	2096	0.00	200	0	0	0	nan	0.00	0.03	6.34	82.85	89.27	0.00	41	0	42	0.00	0.00	64.10	7.40	0.00	0.00	2000
223	10.63	2063	2132	0.00	200	0	0	0	nan	0.00	0.01	6.69	84.11	89.37	0.00	41	0	42	0.00	0.00	64.73	7.23	0.00	0.00	2000
222	10.80	2063	2091	0.00	199	0	0	0	nan	0.00	0.00	7.80	81.08	89.20	0.00	40	0	42	0.00	0.00	64.71	7.55	0.00	0.00	2000
222	10.75	2080	2082	0.00	195	0	0	0	nan	0.00	0.00	8.22	80.32	89.25	0.00	41	0	42	0.00	0.00	62.32	7.64	0.00	0.00	2000
221	10.61	2086	2098	0.00	199	0	0	0	nan	0.00	0.00	5.32	84.05	89.39	0.00	41	0	42	0.00	0.00	67.61	7.33	0.00	0.00	2000
224	10.56	2081	2142	0.00	196	0	0	0	nan	0.00	0.00	6.89	84.42	89.44	0.00	41	0	42	0.00	0.00	64.88	7.48	0.00	0.00	2000
220	11.04	2042	2051	0.00	217	0	0	0	nan	0.00	0.02	6.24	80.69	88.96	0.00	41	0	42	0.00	0.00	64.59	7.50	0.00	0.00	2000
222	10.61	2064	2128	0.00	195	0	0	0	nan	0.00	0.00	6.76	83.88	89.39	0.00	41	0	42	0.00	0.00	64.60	7.36	0.00	0.00	2000
220	10.72	2077	2080	0.00	194	0	0	0	nan	0.00	0.00	6.73	81.80	89.28	0.00	41	0	42	0.00	0.00	64.93	7.34	0.00	0.00	2000
222	10.42	2126	2104	0.00	197	0	0	0	nan	0.01	0.00	5.10	84.70	89.58	0.00	41	0	42	0.00	0.00	64.95	7.34	0.00	0.00	2000
223	10.71	2086	2098	0.18	197	0	0	4	72.87	0.00	0.00	6.73	82.55	89.29	0.00	41	0	42	0.00	0.00	64.58	7.39	0.00	0.00	2000
223	10.58	2100	2104	1.24	203	0	0	4	74.90	0.00	0.01	2.90	86.73	89.42	0.00	41	0	42	0.00	0.00	64.47	7.47	0.00	0.00	2000
222	10.56	2104	2096	0.00	199	0	0	0	nan	0.00	0.02	5.29	84.01	89.44	0.00	41	0	42	0.00	0.00	64.89	7.45	0.00	0.00	2000
222	10.70	2050	2129	0.00	197	0	0	0	nan	0.00	0.00	6.06	84.54	89.30	0.00	41	0	42	0.00	0.00	65.14	7.51	0.00	0.00	2000
222	10.97	2004	2119	0.00	201	0	0	0	nan	0.00	0.30	6.10	83.60	89.03	0.00	41	0	42	0.00	0.00	66.16	7.53	0.00	0.00	2000
222	11.25	2010	2066	0.00	195	0	0	0	nan	0.00	0.02	7.45	79.92	88.75	0.00	41	0	42	0.00	0.00	63.88	7.23	0.00	0.00	2000
221	11.04	2000	2100	0.00	200	0	0	0	nan	0.04	0.00	7.35	81.80	88.96	0.00	41	0	42	0.00	0.00	64.52	7.45	0.00	0.00	2000
220	10.92	2023	2089	0.00	196	0	0	0	nan	0.00	0.00	7.13	81.64	89.08	0.00	41	0	42	0.00	0.00	64.60	7.39	0.00	0.00	2000
223	10.56	2112	2095	0.00	200	0	0	0	nan	0.00	0.02	4.56	84.73	89.44	0.00	41	0	42	0.00	0.00	65.26	7.44	0.00	0.00	2000
222	10.36	2135	2112	0.00	197	0	0	0	nan	0.00	0.02	5.59	84.54	89.64	0.00	41	0	42	0.00	0.00	65.34	7.26	0.00	0.00	2000
224	10.81	2067	2101	0.00	198	0	0	0	nan	0.00	0.00	8.65	80.71	89.19	0.00	41	0	42	0.00	0.00	65.17	7.37	0.00	0.00	2000
223	10.51	2123	2104	0.00	197	0	0	0	nan	0.00	0.00	4.03	85.72	89.49	0.00	41	0	42	0.00	0.00	65.01	7.35	0.00	0.00	2000
221	10.81	2060	2081	0.00	196	0	0	0	nan	0.01	0.00	4.05	84.38	89.19	0.00	41	0	42	0.00	0.00	64.63	7.35	0.00	0.00	2000
220	10.67	2053	2109	0.00	194	0	0	0	nan	0.00	0.02	3.38	86.35	89.33	0.00	41	0	42	0.00	0.00	64.75	7.31	0.00	0.00	2000
221	10.67	2053	2117	0.00	195	0	0	0	nan	0.00	0.02	3.32	86.81	89.33	0.00	41	0	42	0.00	0.00	65.01	7.38	0.00	0.00	2000
220	10.78	2046	2093	0.00	194	0	0	0	nan	0.00	0.00	3.13	85.93	89.22	0.00	41	0	42	0.00	0.00	64.76	7.35	0.00	0.00	2000
222	10.94	2022	2110	0.00	196	0	0	0	nan	0.01	0.00	3.26	86.26	89.06	0.00	41	0	42	0.00	0.00	64.86	7.27	0.00	0.00	2000
220	10.88	2025	2094	0.00	195	0	0	3	78.08	0.00	0.00	3.53	85.39	89.12	0.00	41	0	42	0.00	0.00	64.66	7.31	0.00	0.00	2000
220	10.90	2024	2099	1.41	195	0	0	5	73.74	0.00	0.00	3.59	85.47	89.10	0.00	41	0	42	0.00	0.00	64.84	7.32	0.00	0.00	2000
227	10.84	2088	2104	0.00	197	0	0	0	nan	0.00	0.00	5.31	84.07	89.16	0.00	41	0	42	0.00	0.00	65.14	7.33	0.00	0.00	2000
221	11.05	2006	2097	0.00	194	0	0	0	nan	0.00	0.00	3.34	85.59	88.95	0.00	41	0	42	0.00	0.00	64.31	7.51	0.00	0.00	2000
221	10.84	2071	2065	0.00	212	0	0	0	nan	0.00	0.00	3.95	83.83	89.16	0.00	41	0	42	0.00	0.00	61.96	6.95	0.00	0.00	2000
223	10.68	2029	2160	0.00	194	0	0	0	nan	0.00	0.00	2.69	89.28	89.32	0.00	41	0	42	0.00	0.00	65.20	7.41	0.00	0.00	2000
219	10.87	2069	2047	0.00	195	0	0	0	nan	0.00	0.00	3.13	83.81	89.13	0.00	41	0	42	0.00	0.00	64.01	7.47	0.00	0.00	2000
222	10.53	2097	2112	0.00	194	0	0	0	nan	0.00	0.03	3.08	86.98	89.47	0.00	41	0	42	0.00	0.00	67.88	7.59	0.00	0.00	2000
221	10.78	2046	2108	0.00	195	0	0	0	nan	0.00	0.01	3.64	85.92	89.22	0.00	41	0	42	0.00	0.00	64.73	7.41	0.00	0.00	2000
223	10.77	2059	2111	0.00	195	0	0	0	nan	0.00	0.00	3.60	86.19	89.23	0.00	40	0	42	0.00	0.00	65.02	7.72	0.00	0.00	2000
221	10.83	2049	2087	0.00	194	0	0	0	nan	0.00	0.00	3.35	85.36	89.17	0.00	41	0	42	0.00	0.00	64.83	7.61	0.00	0.00	2000
222	10.61	2073	2115	0.00	194	0	0	0	nan	0.00	0.01	2.77	87.33	89.39	0.00	41	0	42	0.00	0.00	64.63	7.35	0.00	0.00	2000
221	10.80	2049	2094	0.00	194	0	0	0	nan	0.00	0.00	3.33	85.71	89.20	0.00	41	0	42	0.00	0.00	61.82	7.08	0.00	0.00	2000
222	11.02	2016	2102	0.00	198	0	0	0	nan	0.00	0.01	5.06	84.04	88.98	0.00	41	0	42	0.00	0.00	67.46	7.34	0.00	0.00	2000
222	11.26	1988	2083	0.00	196	0	0	0	nan	0.00	0.00	4.13	84.01	88.74	0.00	41	0	42	0.00	0.00	61.60	7.15	0.00	0.00	2000
221	10.66	2075	2097	0.00	194	0	0	0	nan	0.00	0.00	3.28	85.97	89.34	0.00	41	0	42	0.00	0.00	64.90	7.23	0.00	0.00	2000
222	10.64	2038	2148	0.00	195	0	0	0	nan	0.00	0.02	3.41	88.03	89.36	0.00	41	0	42	0.00	0.00	68.12	7.58	0.00	0.00	2000
220	10.99	2001	2102	0.00	210	0	0	3	75.49	0.00	0.04	2.88	86.30	89.01	0.00	41	0	42	0.00	0.00	59.96	6.97	0.00	0.00	2000
221	10.67	2078	2096	1.40	194	0	0	5	73.41	0.00	0.00	3.14	86.13	89.33	0.00	41	0	42	0.00	0.00	65.31	7.36	0.00	0.00	2000
220	11.14	2069	2002	0.00	195	0	0	0	nan	0.00	0.02	3.38	81.45	88.86	0.00	41	0	42	0.00	0.00	63.26	7.18	0.00	0.00	2000
224	10.58	2049	2169	0.00	195	0	0	0	nan	0.00	0.02	3.04	89.30	89.42	0.00	41	0	42	0.00	0.00	64.98	7.57	0.00	0.00	2000
222	10.35	2119	2123	0.00	195	0	0	0	nan	0.00	0.00	2.82	87.87	89.65	0.00	41	0	42	0.00	0.00	67.77	7.74	0.00	0.00	2000
218	10.76	2054	2071	0.00	210	0	0	0	nan	0.00	0.00	3.11	84.97	89.24	0.00	41	0	42	0.00	0.00	62.25	7.04	0.00	0.00	2000
221	10.82	2044	2098	0.00	194	0	0	0	nan	0.00	0.02	2.85	86.32	89.18	0.00	41	0	42	0.00	0.00	64.36	7.42	0.00	0.00	2000
223	10.77	2064	2108	0.00	196	0	0	0	nan	0.00	0.01	3.68	85.95	89.23	0.00	41	0	42	0.00	0.00	64.20	7.55	0.00	0.00	2000
223	10.79	2061	2105	0.00	194	0	0	0	nan	0.00	0.00	3.33	86.17	89.21	0.00	41	0	42	0.00	0.00	64.78	7.51	0.00	0.00	2000
220	10.68	2030	2135	0.00	194	0	0	0	nan	0.00	0.00	3.27	87.62	89.32	0.00	41	0	41	0.00	0.00	67.24	7.76	0.00	0.00	2000
220	11.04	2047	2042	0.00	194	0	0	0	nan	0.01	0.00	3.13	83.51	88.96	0.00	41	0	42	0.00	0.00	61.22	6.91	0.00	0.00	2000
217	11.10	2052	2003	0.00	195	0	0	0	nan	0.00	0.02	3.42	81.51	88.90	0.00	41	0	42	0.00	0.00	61.88	7.13	0.00	0.00	2000
226	10.58	2028	2213	0.00	211	0	0	0	nan	0.01	0.00	3.28	91.03	89.42	0.00	41	0	42	0.00	0.00	67.09	7.61	0.00	0.00	2000
221	10.28	2124	2129	0.00	194	0	0	0	nan	0.00	0.02	3.20	87.80	89.72	0.00	41	0	42	0.00	0.00	65.15	7.27	0.00	0.00	2000
220	10.63	2095	2079	0.00	193	0	0	0	nan	0.00	0.01	3.80	84.74	89.37	0.00	41	0	42	0.00	0.00	64.12	7.34	0.00	0.00	2000
220	10.55	2081	2102	0.00	194	0	0	0	nan	0.00	0.02	3.53	86.11	89.45	0.00	41	0	42	0.00	0.00	64.34	7.27	0.00	0.00	2000
224	10.80	2053	2122	0.00	197	0	0	0	nan	0.00	0.01	4.12	86.10	89.20	0.00	41	0	42	0.00	0.00	64.50	7.46	0.00	0.00	2000
223	10.45	2111	2124	0.00	202	0	0	4	54.95	0.00	0.00	3.58	86.99	89.55	0.00	41	0	42	0.00	0.00	65.97	7.46	0.00	0.00	2000
227	11.12	2051	2095	1.10	225	0	0	4	74.03	0.00	0.00	2.66	86.07	88.88	0.00	41	0	42	0.00	0.00	65.18	7.38	0.00	0.00	2000
223	10.74	2066	2107	0.00	194	0	0	0	nan	0.00	0.02	3.18	86.43	89.26	0.00	41	0	42	0.00	0.00	64.96	7.58	0.00	0.00	2000
217	11.20	2056	1978	0.00	195	0	0	0	nan	0.00	0.00	3.97	79.77	88.80	0.00	41	0	42	0.00	0.00	62.43	7.32	0.00	0.00	2000
225	10.59	2038	2193	0.00	195	0	0	0	nan	0.00	0.00	3.05	90.40	89.41	0.00	41	0	42	0.00	0.00	65.02	7.28	0.00	0.00	2000
221	10.73	2070	2093	0.00	198	0	0	0	nan	0.00	0.00	4.93	84.18	89.27	0.00	41	0	42	0.00	0.00	64.92	7.38	0.00	0.00	2000
222	10.69	2044	2135	0.00	195	0	0	0	nan	0.00	0.00	3.63	87.26	89.31	0.00	41	0	42	0.00	0.00	65.16	7.24	0.00	0.00	2000
220	11.17	2020	2044	0.00	195	0	0	0	nan	0.01	0.00	3.43	83.15	88.83	0.00	41	0	42	0.00	0.00	64.56	7.39	0.00	0.00	2000
222	10.39	2093	2146	0.00	194	0	0	0	nan	0.00	0.00	3.38	88.23	89.61	0.00	41	0	42	0.00	0.00	64.75	7.32	0.00	0.00	2000
222	10.52	2111	2097	0.00	211	0	0	0	nan	0.00	0.00	4.04	85.41	89.48	0.00	41	0	42	0.00	0.00	66.08	7.66	0.00	0.00	2000
219	10.81	2066	2059	0.00	194	0	0	0	nan	0.00	0.00	2.67	84.88	89.19	0.00	40	0	42	0.00	0.00	63.46	7.36	0.00	0.00	2000
222	10.48	2093	2122	0.00	196	0	0	0	nan	0.00	0.01	2.78	87.75	89.52	0.00	41	0	42	0.00	0.00	64.97	7.32	0.00	0.00	2000
220	10.86	2010	2115	0.00	194	0	0	0	nan	0.00	0.00	3.25	86.60	89.14	0.00	41	0	42	0.00	0.00	64.28	7.35	0.00	0.00	2000
221	11.01	2020	2083	0.00	193	0	0	0	nan	0.00	0.00	3.73	84.63	88.99	0.00	41	0	42	0.00	0.00	64.62	7.31	0.00	0.00	2000
223	10.85	2036	2116	0.00	195	0	0	0	nan	0.00	0.00	3.29	86.68	89.15	0.00	41	0	42	0.00	0.00	64.81	7.14	0.00	0.00	2000
221	10.94	2052	2065	0.00	195	0	0	0	nan	0.00	0.00	3.63	84.02	89.06	0.00	41	0	42	0.00	0.00	64.89	7.35	0.00	0.00	2000
222	10.56	2085	2121	0.00	194	0	0	0	nan	0.00	0.00	3.65	86.74	89.44	0.00	41	0	42	0.00	0.00	62.09	7.46	0.00	0.00	2000
220	10.54	2107	2078	0.00	194	0	0	3	74.98	0.00	0.02	3.74	84.82	89.46	0.00	41	0	42	0.00	0.00	68.02	7.20	0.00	0.00	2000
222	10.33	2124	2127	1.39	194	0	0	5	77.85	0.00	0.00	3.41	87.49	89.67	0.00	41	0	42	0.00	0.00	64.34	7.41	0.00	0.00	2000
224	10.56	2147	2074	0.00	199	0	0	0	nan	0.00	0.00	5.03	83.40	89.44	0.00	41	0	42	0.00	0.00	64.90	7.44	0.00	0.00	2000
223	10.46	2108	2122	0.00	195	0	0	0	nan	0.00	0.00	3.59	86.97	89.54	0.00	41	0	42	0.00	0.00	64.84	7.32	0.00	0.00	2000
221	10.85	2051	2086	0.00	194	0	0	0	nan	0.00	0.02	3.29	85.38	89.15	0.00	41	0	42	0.00	0.00	64.84	7.36	0.00	0.00	2000
222	10.31	2139	2114	0.00	194	0	0	0	nan	0.00	0.01	2.70	87.63	89.69	0.00	41	0	41	0.00	0.00	64.80	7.19	0.00	0.00	2000
220	10.66	2073	2096	0.00	195	0	0	0	nan	0.00	0.00	3.27	86.03	89.34	0.00	41	0	42	0.00	0.00	64.73	7.12	0.00	0.00	2000
222	10.76	2072	2091	0.00	194	0	0	0	nan	0.00	0.00	3.28	85.62	89.24	0.00	41	0	42	0.00	0.00	64.63	7.29	0.00	0.00	2000
222	10.68	2059	2115	0.00	195	0	0	0	nan	0.00	0.00	3.43	86.58	89.32	0.00	41	0	42	0.00	0.00	65.28	7.20	0.00	0.00	2000
216	11.30	2029	1977	0.00	194	0	0	0	nan	0.00	0.00	3.62	79.98	88.70	0.00	41	0	42	0.00	0.00	59.67	6.66	0.00	0.00	2000
225	10.42	2023	2238	0.00	211	0	0	0	nan	0.00	0.00	3.18	92.36	89.58	0.00	41	0	42	0.00	0.00	70.26	7.96	0.00	0.00	2000
221	10.92	2014	2109	0.00	211	0	0	0	nan	0.00	0.00	3.52	86.03	89.08	0.00	41	0	42	0.00	0.00	66.09	7.37	0.00	0.00	2000
221	10.38	2131	2095	0.00	194	0	0	0	nan	0.00	0.02	3.24	86.17	89.62	0.00	41	0	42	0.00	0.00	65.34	7.58	0.00	0.00	2000
220	10.83	2069	2059	0.00	194	0	0	0	nan	0.00	0.00	2.78	84.70	89.17	0.00	41	0	42	0.00	0.00	62.98	7.16	0.00	0.00	2000
222	10.57	2078	2121	0.00	194	0	0	0	nan	0.00	0.00	3.26	87.18	89.43	0.00	41	0	42	0.00	0.00	64.30	7.31	0.00	0.00	2000
220	10.81	2041	2097	0.00	195	0	0	0	nan	0.00	0.02	3.61	85.54	89.19	0.00	41	0	42	0.00	0.00	64.58	7.55	0.00	0.00	2000
224	10.80	2053	2119	0.00	194	0	0	0	nan	0.00	0.00	3.33	86.75	89.20	0.00	41	0	42	0.00	0.00	64.80	7.31	0.00	0.00	2000
221	10.53	2083	2120	0.00	195	0	0	4	78.07	0.00	0.00	3.24	87.19	89.47	0.00	41	0	42	0.00	0.00	64.81	7.23	0.00	0.00	2000
221	11.21	2007	2059	1.41	195	0	0	4	77.97	0.00	0.00	3.16	84.05	88.79	0.00	41	0	42	0.00	0.00	64.34	7.46	0.00	0.00	2000
221	11.02	1984	2124	0.00	194	0	0	0	nan	0.00	0.00	3.38	86.79	88.98	0.00	41	0	42	0.00	0.00	64.23	7.32	0.00	0.00	2000
220	10.92	2027	2089	0.00	194	0	0	0	nan	0.00	0.00	3.78	84.99	89.08	0.00	41	0	41	0.00	0.00	64.43	7.34	0.00	0.00	2000
220	10.97	2003	2107	0.00	194	0	0	0	nan	0.00	0.00	3.23	86.27	89.03	0.00	41	0	42	0.00	0.00	64.66	7.44	0.00	0.00	2000
224	10.68	2067	2127	0.00	195	0	0	0	nan	0.00	0.00	4.22	86.33	89.32	0.00	41	0	42	0.00	0.00	63.83	7.57	0.00	0.00	2000
221	10.82	2089	2058	0.00	198	0	0	0	nan	0.00	0.06	4.08	83.38	89.18	0.00	41	0	42	0.00	0.00	65.75	7.42	0.00	0.00	2000
221	10.67	2053	2121	0.00	195	0	0	0	nan	0.00	0.00	3.55	86.76	89.33	0.00	41	0	42	0.00	0.00	64.84	7.29	0.00	0.00	2000
220	10.87	2044	2082	0.00	194	0	0	0	nan	0.00	0.00	3.38	85.13	89.13	0.00	41	0	42	0.00	0.00	64.96	7.23	0.00	0.00	2000
224	10.66	2096	2110	0.00	194	0	0	0	nan	0.00	0.01	3.65	86.19	89.34	0.00	41	0	42	0.00	0.00	65.09	7.32	0.00	0.00	2000
224	10.90	2047	2109	0.00	199	0	0	0	nan	0.00	0.00	4.28	85.27	89.10	0.00	41	0	42	0.00	0.00	64.68	7.40	0.00	0.00	2000
220	10.93	2039	2075	0.00	194	0	0	0	nan	0.00	0.00	2.94	85.16	89.07	0.00	41	0	42	0.00	0.00	65.30	7.19	0.00	0.00	2000
221	10.69	2048	2118	0.00	194	0	0	0	nan	0.00	0.00	3.13	87.05	89.31	0.00	41	0	42	0.00	0.00	64.45	8.07	0.00	0.00	2000
220	10.82	2042	2092	0.00	194	0	0	0	nan	0.00	0.00	3.68	85.25	89.18	0.00	41	0	42	0.00	0.00	64.75	7.52	0.00	0.00	2000
220	10.67	2066	2095	0.00	194	0	0	0	nan	0.00	0.00	4.03	85.06	89.33	0.00	41	0	42	0.00	0.00	65.20	7.35	0.00	0.00	2000
222	10.94	2052	2079	0.00	196	0	0	0	nan	0.00	0.02	3.30	84.94	89.06	0.00	41	0	42	0.00	0.00	62.18	7.11	0.00	0.00	2000
223	10.66	2048	2147	0.00	194	0	0	0	nan	0.00	0.00	3.26	88.11	89.34	0.00	41	0	42	0.00	0.00	68.26	7.74	0.00	0.00	2000
226	11.28	2019	2082	0.00	197	0	0	2	77.73	0.00	0.00	4.98	83.01	88.72	0.00	41	0	41	0.00	0.00	65.50	7.35	0.00	0.00	2000
221	10.66	2084	2094	1.40	195	0	0	6	73.54	0.00	0.00	4.14	85.02	89.34	0.00	41	0	42	0.00	0.00	64.70	7.48	0.00	0.00	2000
221	10.72	2080	2085	0.00	194	0	0	0	nan	0.00	0.02	3.18	85.50	89.28	0.00	41	0	42	0.00	0.00	65.33	7.25	0.00	0.00	2000
229	10.96	2031	2163	0.00	211	0	0	0	nan	0.01	0.00	6.61	85.10	89.04	0.00	41	0	42	0.00	0.00	66.35	7.93	0.00	0.00	2000
220	10.87	2090	2030	0.00	194	0	0	0	nan	0.00	0.00	3.72	82.48	89.13	0.00	41	0	42	0.00	0.00	61.73	6.80	0.00	0.00	2000
222	10.75	2017	2147	0.00	194	0	0	0	nan	0.00	0.00	3.22	88.09	89.25	0.00	41	0	42	0.00	0.00	67.67	7.81	0.00	0.00	2000
221	10.93	2015	2104	0.00	195	0	0	0	nan	0.00	0.00	3.60	85.67	89.07	0.00	41	0	42	0.00	0.00	64.86	7.55	0.00	0.00	2000
220	10.74	2052	2097	0.00	194	0	0	0	nan	0.00	0.00	3.26	85.97	89.26	0.00	41	0	42	0.00	0.00	65.12	7.61	0.00	0.00	2000
221	11.10	2005	2087	0.00	194	0	0	0	nan	0.00	0.00	3.47	84.98	88.90	0.00	41	0	42	0.00	0.00	61.88	7.08	0.00	0.00	2000
223	11.07	2026	2085	0.00	195	0	0	0	nan	0.00	0.00	4.12	84.26	88.93	0.00	41	0	42	0.00	0.00	64.40	7.37	0.00	0.00	2000
221	10.86	2023	2117	0.00	196	0	0	0	nan	0.00	0.00	3.80	86.14	89.14	0.00	41	0	42	0.00	0.00	64.65	7.40	0.00	0.00	2000
220	10.83	2051	2082	0.00	194	0	0	0	nan	0.00	0.00	3.56	84.96	89.17	0.00	41	0	42	0.00	0.00	64.68	7.40	0.00	0.00	2000
221	10.82	2049	2094	0.00	194	0	0	0	nan	0.00	0.00	3.54	85.48	89.18	0.00	41	0	42	0.00	0.00	64.54	7.39	0.00	0.00	2000
221	10.47	2105	2105	0.00	194	0	0	0	nan	0.00	0.00	3.60	86.20	89.53	0.00	41	0	42	0.00	0.00	64.75	7.41	0.00	0.00	2000
224	10.57	2083	2136	0.00	197	0	0	0	nan	0.00	0.00	3.65	87.41	89.43	0.00	41	0	42	0.00	0.00	65.18	7.30	0.00	0.00	2000
221	10.98	2018	2093	0.00	194	0	0	0	nan	0.00	0.00	3.26	85.58	89.02	0.00	41	0	42	0.00	0.00	64.51	7.31	0.00	0.00	2000
220	10.67	2101	2060	0.00	194	0	0	0	nan	0.00	0.00	4.28	83.45	89.33	0.00	41	0	42	0.00	0.00	65.03	7.49	0.00	0.00	2000
223	10.47	2090	2141	0.00	194	0	0	0	97.94	0.00	0.02	2.94	88.44	89.53	0.00	41	0	42	0.00	0.00	64.94	7.37	0.00	0.00	2000
221	10.97	2051	2066	1.38	194	0	0	6	74.45	0.00	0.00	3.52	84.15	89.03	0.00	41	0	42	0.00	0.00	64.54	7.37	0.00	0.00	2000
224	10.81	2041	2131	0.04	195	0	0	0	nan	0.00	0.02	3.38	87.29	89.19	0.00	41	0	42	0.00	0.00	64.15	7.36	0.00	0.00	2000
220	10.95	2045	2064	0.00	193	0	0	0	nan	0.00	0.00	3.52	84.12	89.05	0.00	41	0	42	0.00	0.00	64.50	7.59	0.00	0.00	2000
222	10.50	2085	2126	0.00	194	0	0	0	nan	0.00	0.00	3.02	87.62	89.50	0.00	41	0	42	0.00	0.00	64.77	7.50	0.00	0.00	2000
220	10.82	2055	2079	0.00	195	0	0	0	nan	0.00	0.00	3.57	84.80	89.18	0.00	41	0	42	0.00	0.00	64.53	7.57	0.00	0.00	2000
223	10.67	2056	2132	0.00	194	0	0	0	nan	0.00	0.02	3.21	87.54	89.33	0.00	41	0	42	0.00	0.00	65.34	7.03	0.00	0.00	2000
222	10.99	2040	2077	0.00	196	0	0	0	nan	0.00	0.00	3.93	84.20	89.01	0.00	41	0	42	0.00	0.00	64.42	7.63	0.00	0.00	2000
222	10.43	2087	2137	0.00	194	0	0	0	nan	0.00	0.01	3.50	87.63	89.57	0.00	41	0	42	0.00	0.00	65.94	7.52	0.00	0.00	2000
220	10.98	2031	2069	0.00	195	0	0	0	nan	0.00	0.00	3.33	84.54	89.02	0.00	41	0	42	0.00	0.00	62.00	7.28	0.00	0.00	2000
220	10.55	2075	2108	0.00	194	0	0	0	nan	0.00	0.00	3.53	86.31	89.45	0.00	41	0	42	0.00	0.00	64.88	7.33	0.00	0.00	2000
220	10.72	2062	2093	0.00	194	0	0	0	nan	0.00	0.00	3.43	85.63	89.28	0.00	41	0	42	0.00	0.00	64.91	7.37	0.00	0.00	2000
223	10.58	2089	2119	0.00	194	0	0	0	nan	0.00	0.00	3.58	86.70	89.42	0.00	41	0	42	0.00	0.00	67.51	7.46	0.00	0.00	2000
222	11.14	1994	2100	0.00	199	0	0	0	nan	0.00	0.00	5.18	83.85	88.86	0.00	41	0	42	0.00	0.00	64.74	7.62	0.00	0.00	2000
221	11.07	2002	2096	0.00	195	0	0	0	nan	0.00	0.00	4.10	84.79	88.93	0.00	40	0	41	0.00	0.00	62.07	7.49	0.00	0.00	2000
219	10.88	2042	2073	0.00	194	0	0	0	nan	0.00	0.00	3.78	84.31	89.12	0.00	41	0	42	0.00	0.00	64.76	7.49	0.00	0.00	2000
221	10.59	2056	2128	0.00	195	0	0	0	nan	0.00	0.00	3.37	87.27	89.41	0.00	41	0	42	0.00	0.00	65.12	7.37	0.00	0.00	2000
220	10.96	2021	2087	0.00	194	0	0	0	nan	0.00	0.00	3.59	85.02	89.04	0.00	41	0	42	0.00	0.00	65.08	7.61	0.00	0.00	2000
232	11.32	2042	2105	1.01	196	0	0	7	58.32	0.00	0.00	4.52	84.51	88.68	0.00	41	0	42	0.00	0.00	64.90	7.44	0.00	0.00	2000
221	10.92	2050	2069	0.39	194	0	0	0	nan	0.00	0.00	3.76	84.10	89.08	0.00	41	0	42	0.00	0.00	64.69	7.38	0.00	0.00	2000
222	10.63	2054	2131	0.00	195	0	0	0	nan	0.00	0.01	3.52	87.29	89.37	0.00	41	0	42	0.00	0.00	65.00	7.59	0.00	0.00	2000
221	10.91	2041	2085	0.00	197	0	0	0	nan	0.00	0.00	3.57	85.03	89.09	0.00	41	0	42	0.00	0.00	64.36	7.54	0.00	0.00	2000
222	10.66	2060	2122	0.00	195	0	0	0	nan	0.00	0.03	3.85	86.47	89.34	0.00	41	0	42	0.00	0.00	65.20	7.54	0.00	0.00	2000
223	10.58	2128	2084	0.00	196	0	0	0	nan	0.00	0.02	3.54	85.29	89.42	0.00	41	0	42	0.00	0.00	65.17	7.51	0.00	0.00	2000
221	10.87	2036	2095	0.00	194	0	0	0	nan	0.00	0.00	3.36	85.66	89.13	0.00	41	0	42	0.00	0.00	65.27	7.49	0.00	0.00	2000
221	10.62	2078	2101	0.00	194	0	0	0	nan	0.00	0.00	3.42	86.03	89.38	0.00	41	0	41	0.00	0.00	65.01	7.37	0.00	0.00	2000
220	10.65	2072	2093	0.00	195	0	0	0	nan	0.00	0.00	3.25	85.92	89.35	0.00	41	0	42	0.00	0.00	64.99	7.47	0.00	0.00	2000
222	10.53	2092	2112	0.00	193	0	0	0	nan	0.00	0.00	3.16	86.90	89.47	0.00	41	0	42	0.00	0.00	65.37	7.57	0.00	0.00	2000
223	10.70	2069	2116	0.00	195	0	0	0	nan	0.00	0.00	3.62	86.43	89.30	0.00	41	0	42	0.00	0.00	64.89	7.61	0.00	0.00	2000
220	10.78	2070	2072	0.00	194	0	0	0	nan	0.00	0.00	3.63	84.50	89.22	0.00	41	0	42	0.00	0.00	65.42	7.61	0.00	0.00	2000
222	10.59	2084	2111	0.00	195	0	0	0	nan	0.00	0.00	3.58	86.36	89.41	0.00	41	0	42	0.00	0.00	64.72	7.64	0.00	0.00	2000
220	10.55	2110	2076	0.00	194	0	0	0	nan	0.00	0.00	3.65	84.77	89.45	0.00	41	0	42	0.00	0.00	65.31	7.47	0.00	0.00	2000
222	10.70	2061	2112	0.00	194	0	0	0	nan	0.00	0.02	2.90	86.96	89.30	0.00	41	0	42	0.00	0.00	64.47	7.63	0.00	0.00	2000
224	10.58	2095	2126	0.00	197	0	0	0	nan	0.00	0.00	4.31	86.32	89.42	0.00	41	0	42	0.00	0.00	64.83	7.46	0.00	0.00	2000
222	10.57	2126	2074	0.00	195	0	0	0	nan	0.00	0.00	4.52	83.83	89.43	0.00	41	0	42	0.00	0.00	65.00	7.48	0.00	0.00	2000
221	10.39	2113	2110	0.69	195	0	0	6	73.17	0.00	0.00	2.99	87.14	89.61	0.00	41	0	41	0.00	0.00	65.33	7.43	0.00	0.00	2000
222	10.56	2096	2104	0.73	194	0	0	1	90.73	0.00	0.00	3.72	85.99	89.44	0.00	41	0	42	0.00	0.00	64.77	7.59	0.00	0.00	2000
221	10.78	2050	2096	0.00	194	0	0	0	nan	0.00	0.00	3.58	85.56	89.22	0.00	41	0	42	0.00	0.00	65.38	7.50	0.00	0.00	2000
223	10.95	2010	2124	0.00	194	0	0	0	nan	0.00	0.00	3.33	86.88	89.05	0.00	41	0	42	0.00	0.00	64.30	7.50	0.00	0.00	2000
221	10.90	2059	2073	0.00	196	0	0	0	nan	0.00	0.01	3.86	84.26	89.10	0.00	41	0	42	0.00	0.00	65.25	7.59	0.00	0.00	2000
221	10.82	2024	2115	0.00	194	0	0	0	nan	0.00	0.00	3.31	86.55	89.18	0.00	41	0	42	0.00	0.00	64.70	7.62	0.00	0.00	2000
220	10.95	2040	2068	0.00	194	0	0	0	nan	0.00	0.00	3.38	84.41	89.05	0.00	41	0	41	0.00	0.00	65.07	7.49	0.00	0.00	2000
222	10.55	2051	2151	0.00	194	0	0	0	nan	0.00	0.00	3.06	88.62	89.45	0.00	41	0	42	0.00	0.00	64.57	7.46	0.00	0.00	2000
221	10.97	2040	2073	0.00	195	0	0	0	nan	0.00	0.00	3.70	84.21	89.03	0.00	41	0	42	0.00	0.00	65.17	7.55	0.00	0.00	2000
222	10.68	2090	2085	0.00	195	0	0	0	nan	0.00	0.00	3.62	85.15	89.32	0.00	41	0	42	0.00	0.00	65.15	7.80	0.00	0.00	2000
221	10.52	2098	2099	0.00	195	0	0	0	nan	0.00	0.00	3.09	86.42	89.48	0.00	41	0	42	0.00	0.00	64.92	7.46	0.00	0.00	2000
221	10.49	2099	2110	0.00	194	0	0	0	nan	0.00	0.00	3.26	86.71	89.51	0.00	41	0	42	0.00	0.00	64.96	7.29	0.00	0.00	2000
221	10.69	2082	2082	0.00	196	0	0	0	nan	0.00	0.00	3.09	85.52	89.31	0.00	41	0	42	0.00	0.00	65.28	7.34	0.00	0.00	2000
222	10.56	2065	2137	0.00	194	0	0	0	nan	0.00	0.00	3.28	87.75	89.44	0.00	41	0	41	0.00	0.00	65.03	7.28	0.00	0.00	2000
221	11.22	1999	2073	0.00	195	0	0	0	nan	0.00	0.00	3.34	84.39	88.78	0.00	41	0	42	0.00	0.00	64.96	7.49	0.00	0.00	2000
221	10.67	2062	2108	0.00	195	0	0	0	nan	0.00	0.00	3.59	86.15	89.33	0.00	40	0	42	0.00	0.00	65.20	7.36	0.00	0.00	2000
223	10.93	2051	2092	0.00	209	0	0	0	nan	0.00	0.00	5.39	83.41	89.07	0.00	40	0	42	0.00	0.00	65.27	7.58	0.00	0.00	2000
222	10.68	2037	2139	0.33	194	0	0	5	73.13	0.00	0.00	3.21	87.81	89.32	0.00	41	0	42	0.00	0.00	65.30	7.52	0.00	0.00	2000
220	11.04	2020	2071	1.10	196	0	0	3	78.12	0.00	0.00	4.31	83.57	88.96	0.00	41	0	42	0.00	0.00	65.06	7.32	0.00	0.00	2000
223	11.17	2004	2092	0.00	198	0	0	0	nan	0.00	0.00	4.51	84.20	88.83	0.00	41	0	42	0.00	0.00	64.94	7.42	0.00	0.00	2000
222	10.82	2040	2110	0.00	196	0	0	0	nan	0.00	0.00	3.27	86.42	89.18	0.00	40	0	42	0.00	0.00	65.08	7.47	0.00	0.00	2000
221	10.78	2054	2095	0.00	194	0	0	0	nan	0.00	0.00	3.59	85.57	89.22	0.00	41	0	42	0.00	0.00	64.72	7.63	0.00	0.00	2000
221	10.50	2082	2126	0.00	194	0	0	0	nan	0.00	0.00	3.71	86.92	89.50	0.00	41	0	42	0.00	0.00	65.47	7.40	0.00	0.00	2000
220	10.81	2053	2084	0.00	194	0	0	0	nan	0.00	0.00	3.10	85.43	89.19	0.00	41	0	42	0.00	0.00	64.61	7.63	0.00	0.00	2000
222	10.59	2097	2102	0.00	194	0	0	0	nan	0.00	0.00	3.75	85.83	89.41	0.00	41	0	42	0.00	0.00	65.39	7.41	0.00	0.00	2000
216	11.04	2081	1976	0.00	196	0	0	0	nan	0.00	0.00	3.56	80.18	88.96	0.00	41	0	42	0.00	0.00	59.36	6.93	0.00	0.00	2000
223	10.56	2011	2206	0.00	210	0	0	0	nan	0.00	0.00	2.65	91.42	89.44	0.00	41	0	42	0.00	0.00	70.69	8.10	0.00	0.00	2000
221	10.53	2080	2120	0.00	194	0	0	0	nan	0.00	0.00	2.54	87.87	89.47	0.00	41	0	42	0.00	0.00	65.06	7.44	0.00	0.00	2000
220	10.96	2004	2106	0.00	194	0	0	0	nan	0.00	0.02	4.00	85.36	89.04	0.00	41	0	42	0.00	0.00	64.28	7.31	0.00	0.00	2000
222	10.98	2000	2123	0.00	196	0	0	0	nan	0.00	0.00	4.17	85.88	89.02	0.00	41	0	42	0.00	0.00	64.79	7.41	0.00	0.00	2000
219	10.92	2042	2066	0.00	210	0	0	0	nan	0.00	0.00	3.51	84.23	89.08	0.00	41	0	42	0.00	0.00	62.91	7.05	0.00	0.00	2000
227	11.09	2031	2118	0.00	197	0	0	0	nan	0.00	0.00	4.67	85.06	88.91	0.00	41	0	42	0.00	0.00	67.66	7.78	0.00	0.00	2000
220	10.70	2089	2067	0.00	195	0	0	0	nan	0.00	0.00	3.42	84.50	89.30	0.00	41	0	42	0.00	0.00	65.14	7.59	0.00	0.00	2000
223	10.40	2120	2125	0.00	195	0	0	0	nan	0.00	0.02	3.52	87.17	89.60	0.00	41	0	42	0.00	0.00	64.92	7.54	0.00	0.00	2000
222	10.99	2007	2110	0.34	195	0	0	5	75.28	0.00	0.01	3.91	85.59	89.01	0.00	41	0	42	0.00	0.00	65.40	7.56	0.00	0.00	2000
220	10.88	2033	2087	1.08	194	0	0	3	81.83	0.00	0.01	3.66	85.01	89.12	0.00	40	0	42	0.00	0.00	64.66	7.31	0.00	0.00	2000
221	10.34	2143	2095	0.00	194	0	0	0	nan	0.00	0.00	3.27	86.19	89.66	0.00	41	0	42	0.00	0.00	65.31	7.41	0.00	0.00	2000
223	10.69	2071	2115	0.00	195	0	0	0	nan	0.00	0.02	3.64	86.41	89.31	0.00	41	0	42	0.00	0.00	64.99	7.40	0.00	0.00	2000
220	10.90	2040	2075	0.00	194	0	0	0	nan	0.00	0.00	3.46	84.69	89.10	0.00	41	0	42	0.00	0.00	62.22	7.25	0.00	0.00	2000
224	10.91	2051	2104	0.00	197	0	0	0	nan	0.00	0.02	4.62	84.70	89.09	0.00	41	0	42	0.00	0.00	67.71	7.63	0.00	0.00	2000
221	10.87	2037	2093	0.00	196	0	0	0	nan	0.01	0.00	4.13	84.86	89.13	0.00	41	0	41	0.00	0.00	62.57	7.17	0.00	0.00	2000
222	10.65	2051	2129	0.00	195	0	0	0	nan	0.00	0.00	3.58	86.96	89.35	0.00	41	0	42	0.00	0.00	68.01	7.62	0.00	0.00	2000
221	10.87	2029	2104	0.00	195	0	0	0	nan	0.00	0.00	3.80	85.61	89.13	0.00	41	0	42	0.00	0.00	65.21	7.43	0.00	0.00	2000
221	10.84	2037	2102	0.00	194	0	0	0	nan	0.00	0.00	3.97	85.33	89.16	0.00	41	0	42	0.00	0.00	65.06	7.41	0.00	0.00	2000
221	10.92	2044	2082	0.00	195	0	0	0	nan	0.00	0.00	3.87	84.52	89.08	0.00	41	0	42	0.00	0.00	63.05	7.17	0.00	0.00	2000
220	10.67	2077	2087	0.00	195	0	0	0	nan	0.00	0.00	3.22	85.64	89.33	0.00	41	0	42	0.00	0.00	63.95	7.48	0.00	0.00	2000
221	10.77	2054	2101	0.00	194	0	0	0	nan	0.01	0.00	3.30	86.09	89.23	0.00	41	0	42	0.00	0.00	64.87	7.51	0.00	0.00	2000
221	10.59	2070	2122	0.00	194	0	0	0	nan	0.00	0.01	3.10	87.29	89.41	0.00	41	0	42	0.00	0.00	67.07	7.80	0.00	0.00	2000
220	10.75	2063	2082	0.00	194	0	0	0	nan	0.00	0.01	3.27	85.34	89.25	0.00	41	0	42	0.00	0.00	62.00	6.97	0.00	0.00	2000
225	10.33	2131	2146	0.00	196	0	0	0	nan	0.00	0.02	3.75	87.85	89.67	0.00	41	0	42	0.00	0.00	62.03	7.32	0.00	0.00	2000
221	10.90	2065	2059	0.00	195	0	0	0	nan	0.00	0.02	3.08	84.41	89.10	0.00	41	0	42	0.00	0.00	67.65	7.43	0.00	0.00	2000
220	10.76	2035	2106	0.00	193	0	0	3	74.70	0.01	0.00	2.96	86.68	89.24	0.00	41	0	42	0.00	0.00	62.17	7.46	0.00	0.00	2000
221	10.90	2035	2097	1.41	194	0	0	4	77.64	0.00	0.00	3.77	85.33	89.10	0.00	41	0	42	0.00	0.00	67.35	7.39	0.00	0.00	2000
220	10.74	2038	2111	0.00	196	0	0	0	nan	0.00	0.00	3.04	86.77	89.26	0.00	41	0	42	0.00	0.00	65.29	7.48	0.00	0.00	2000
223	10.92	2050	2087	0.00	195	0	0	0	nan	0.00	0.00	4.03	84.59	89.08	0.00	41	0	42	0.00	0.00	64.59	7.56	0.00	0.00	2000
224	10.53	2130	2098	0.00	195	0	0	0	nan	0.01	0.00	3.57	85.80	89.47	0.00	41	0	42	0.00	0.00	65.36	7.24	0.00	0.00	2000
223	10.66	2087	2103	0.00	194	0	0	0	nan	0.00	0.02	3.25	86.27	89.34	0.00	41	0	42	0.00	0.00	65.01	7.58	0.00	0.00	2000
223	10.39	2107	2136	0.00	194	0	0	0	nan	0.00	0.00	3.40	87.78	89.61	0.00	41	0	41	0.00	0.00	66.65	7.54	0.00	0.00	2000
221	10.79	2100	2045	0.00	195	0	0	0	nan	0.00	0.02	3.07	83.88	89.21	0.00	41	0	42	0.00	0.00	60.97	6.95	0.00	0.00	2000
222	10.45	2095	2134	0.00	196	0	0	0	nan	0.00	0.01	3.18	87.79	89.55	0.00	41	0	42	0.00	0.00	67.89	8.00	0.00	0.00	2000
223	10.83	2028	2130	0.00	196	0	0	0	nan	0.00	0.00	4.30	86.28	89.17	0.00	41	0	42	0.00	0.00	66.44	7.59	0.00	0.00	2000
219	11.18	2012	2042	0.00	194	0	0	0	nan	0.00	0.00	3.54	82.99	88.82	0.00	41	0	42	0.00	0.00	63.58	7.09	0.00	0.00	2000
222	10.77	2047	2116	0.00	195	0	0	0	nan	0.00	0.00	3.33	86.70	89.23	0.00	41	0	42	0.00	0.00	62.65	7.34	0.00	0.00	2000
222	10.84	2040	2105	0.00	209	0	0	0	nan	0.00	0.00	2.80	86.62	89.16	0.00	41	0	42	0.00	0.00	67.24	7.45	0.00	0.00	2000
222	10.85	2035	2109	0.00	195	0	0	0	nan	0.00	0.00	2.85	86.73	89.15	0.00	41	0	42	0.00	0.00	65.05	7.79	0.00	0.00	2000
222	10.94	2024	2106	0.00	195	0	0	0	nan	0.00	0.00	3.84	85.64	89.06	0.00	41	0	42	0.00	0.00	61.83	7.10	0.00	0.00	2000
221	10.85	2068	2068	0.00	196	0	0	0	nan	0.00	0.00	3.83	84.12	89.15	0.00	41	0	42	0.00	0.00	65.41	7.52	0.00	0.00	2000
222	10.63	2066	2123	0.00	194	0	0	0	nan	0.00	0.02	3.08	87.32	89.37	0.00	41	0	42	0.00	0.00	65.18	7.61	0.00	0.00	2000
220	10.69	2077	2081	0.00	194	0	0	3	79.82	0.00	0.00	3.42	85.12	89.31	0.00	41	0	42	0.00	0.00	64.64	7.65	0.00	0.00	2000
224	10.56	2081	2137	1.39	200	0	0	6	78.30	0.00	0.00	4.44	86.62	89.44	0.00	41	0	42	0.00	0.00	67.96	7.93	0.00	0.00	2000
222	10.90	2074	2059	0.00	196	0	0	0	nan	0.00	0.00	4.08	83.32	89.10	0.00	41	0	42	0.00	0.00	62.22	7.07	0.00	0.00	2000
222	10.67	2058	2118	0.00	194	0	0	0	nan	0.00	0.02	3.23	86.97	89.33	0.00	41	0	42	0.00	0.00	65.01	7.50	0.00	0.00	2000
221	10.90	2031	2098	0.00	195	0	0	0	nan	0.00	0.01	3.59	85.58	89.10	0.00	41	0	42	0.00	0.00	64.88	7.50	0.00	0.00	2000
221	10.57	2101	2089	0.00	194	0	0	0	nan	0.00	0.00	2.94	86.10	89.43	0.00	41	0	42	0.00	0.00	64.93	7.51	0.00	0.00	2000
222	10.62	2073	2113	0.00	199	0	0	0	nan	0.00	0.00	3.32	86.69	89.38	0.00	41	0	41	0.00	0.00	64.77	7.54	0.00	0.00	2000
221	10.92	2032	2087	0.00	210	0	0	0	nan	0.00	0.00	3.21	85.40	89.08	0.00	41	0	41	0.00	0.00	65.26	7.53	0.00	0.00	2000
223	11.23	1998	2092	0.00	197	0	0	0	nan	0.00	0.00	5.05	83.43	88.77	0.00	41	0	42	0.00	0.00	65.11	7.40	0.00	0.00	2000
222	10.74	2016	2156	0.00	195	0	0	0	nan	0.00	0.00	3.83	87.95	89.26	0.00	41	0	42	0.00	0.00	67.77	7.69	0.00	0.00	2000
221	10.98	2041	2075	0.00	195	0	0	0	nan	0.00	0.00	3.76	84.30	89.02	0.00	41	0	42	0.00	0.00	63.71	7.40	0.00	0.00	2000
221	10.62	2133	2048	0.00	193	0	0	0	nan	0.00	0.00	3.07	84.07	89.38	0.00	41	0	42	0.00	0.00	64.77	7.37	0.00	0.00	2000
225	10.73	2058	2144	0.00	199	0	0	0	nan	0.00	0.02	4.62	86.53	89.27	0.00	41	0	42	0.00	0.00	65.08	7.66	0.00	0.00	2000
221	10.72	2053	2104	0.00	194	0	0	0	nan	0.00	0.00	3.87	85.73	89.28	0.00	41	0	42	0.00	0.00	65.49	7.57	0.00	0.00	2000
220	10.73	2060	2086	0.00	194	0	0	0	nan	0.00	0.00	3.46	85.28	89.27	0.00	41	0	41	0.00	0.00	65.14	7.52	0.00	0.00	2000
223	10.60	2087	2115	0.00	195	0	0	0	nan	0.01	0.02	3.80	86.33	89.40	0.00	41	0	42	0.00	0.00	65.48	7.58	0.00	0.00	2000
220	10.64	2068	2102	0.00	194	0	0	0	nan	0.00	0.00	4.32	85.18	89.36	0.00	41	0	41	0.00	0.00	65.48	7.63	0.00	0.00	2000
221	11.19	2000	2077	0.00	195	0	0	2	81.24	0.00	0.00	3.56	84.39	88.81	0.00	41	0	42	0.00	0.00	64.88	7.59	0.00	0.00	2000
221	10.76	2060	2096	1.39	194	0	0	6	74.84	0.00	0.00	3.32	85.87	89.24	0.00	41	0	42	0.00	0.00	65.01	7.42	0.00	0.00	2000
223	10.63	2064	2130	0.00	194	0	0	0	nan	0.00	0.02	3.53	87.16	89.37	0.00	41	0	42	0.00	0.00	65.05	7.39	0.00	0.00	2000
221	10.86	2064	2071	0.00	194	0	0	0	nan	0.00	0.00	3.00	85.03	89.14	0.00	41	0	42	0.00	0.00	65.09	7.44	0.00	0.00	2000
222	10.62	2038	2149	0.00	194	0	0	0	nan	0.00	0.01	3.19	88.33	89.38	0.00	41	0	42	0.00	0.00	65.12	7.24	0.00	0.00	2000
223	10.99	2046	2085	0.00	196	0	0	0	nan	0.00	0.01	3.62	84.80	89.01	0.00	41	0	42	0.00	0.00	66.25	7.56	0.00	0.00	2000
220	10.85	2072	2052	0.00	194	0	0	0	nan	0.00	0.02	3.50	83.66	89.15	0.00	41	0	42	0.00	0.00	63.69	7.23	0.00	0.00	2000
223	10.46	2102	2125	0.00	194	0	0	0	nan	0.00	0.00	3.28	87.43	89.54	0.00	41	0	42	0.00	0.00	65.34	7.66	0.00	0.00	2000
220	10.54	2048	2138	0.00	194	0	0	0	nan	0.00	0.00	2.96	88.18	89.46	0.00	41	0	42	0.00	0.00	64.82	7.41	0.00	0.00	2000
220	11.16	1997	2071	0.00	194	0	0	0	nan	0.00	0.04	3.40	84.29	88.84	0.00	41	0	42	0.00	0.00	65.00	7.37	0.00	0.00	2000
222	10.58	2097	2105	0.00	195	0	0	0	nan	0.00	0.00	4.71	84.94	89.42	0.00	41	0	42	0.00	0.00	65.38	7.44	0.00	0.00	2000
221	10.63	2083	2099	0.00	195	0	0	0	nan	0.00	0.00	3.14	86.29	89.37	0.00	41	0	41	0.00	0.00	65.27	7.43	0.00	0.00	2000
220	11.00	2013	2090	0.00	194	0	0	0	nan	0.00	0.00	3.16	85.59	89.00	0.00	41	0	42	0.00	0.00	65.03	7.47	0.00	0.00	2000
220	10.51	2114	2079	0.00	194	0	0	0	nan	0.00	0.02	3.29	85.40	89.49	0.00	41	0	42	0.00	0.00	65.05	7.54	0.00	0.00	2000
221	10.45	2108	2110	0.00	194	0	0	0	nan	0.00	0.01	3.27	86.82	89.55	0.00	41	0	42	0.00	0.00	65.45	7.48	0.00	0.00	2000
222	10.66	2083	2100	0.00	196	0	0	0	nan	0.00	0.00	3.84	85.62	89.34	0.00	41	0	42	0.00	0.00	64.55	7.45	0.00	0.00	2000
223	10.46	2124	2108	0.00	196	0	0	0	nan	0.00	0.00	4.17	85.81	89.54	0.00	41	0	42	0.00	0.00	65.73	7.49	0.00	0.00	2000
221	10.59	2101	2082	0.00	194	0	0	0	98.58	0.00	0.00	3.06	85.64	89.41	0.00	41	0	42	0.00	0.00	65.07	7.46	0.00	0.00	2000
222	10.64	2047	2142	1.37	194	0	0	6	70.41	0.00	0.02	3.27	87.99	89.36	0.00	41	0	42	0.00	0.00	65.43	7.49	0.00	0.00	2000
220	10.80	2047	2092	0.03	195	0	0	0	nan	0.00	0.00	3.98	85.02	89.20	0.00	41	0	41	0.00	0.00	65.09	7.64	0.00	0.00	2000
221	10.92	2029	2090	0.00	194	0	0	0	nan	0.00	0.00	3.47	85.29	89.08	0.00	41	0	42	0.00	0.00	64.62	7.72	0.00	0.00	2000
222	10.50	2122	2095	0.00	197	0	0	0	nan	0.00	0.00	3.94	85.42	89.50	0.00	41	0	42	0.00	0.00	65.41	7.48	0.00	0.00	2000
221	10.57	2071	2119	0.00	194	0	0	0	nan	0.00	0.00	3.72	86.54	89.43	0.00	41	0	41	0.00	0.00	65.92	7.44	0.00	0.00	2000
221	10.63	2098	2077	0.00	195	0	0	0	nan	0.00	0.01	3.13	85.36	89.37	0.00	41	0	42	0.00	0.00	64.80	7.46	0.00	0.00	2000
222	10.65	2062	2120	0.00	194	0	0	0	nan	0.01	0.00	2.91	87.34	89.35	0.00	41	0	42	0.00	0.00	65.21	7.29	0.00	0.00	2000
219	11.09	1997	2081	0.00	194	0	0	0	nan	0.00	0.00	3.54	84.74	88.91	0.00	41	0	42	0.00	0.00	65.20	7.46	0.00	0.00	2000
225	10.85	2063	2112	0.00	196	0	0	0	nan	0.00	0.00	3.22	86.53	89.15	0.00	41	0	42	0.00	0.00	64.86	7.71	0.00	0.00	2000
221	10.75	2077	2076	0.00	194	0	0	0	nan	0.00	0.02	3.29	84.96	89.25	0.00	41	0	42	0.00	0.00	61.90	7.33	0.00	0.00	2000
220	10.59	2072	2109	0.00	194	0	0	0	nan	0.00	0.02	3.59	86.30	89.41	0.00	41	0	42	0.00	0.00	68.03	7.98	0.00	0.00	2000
226	10.92	2074	2096	0.00	197	0	0	0	nan	0.00	0.02	4.23	84.82	89.08	0.00	41	0	42	0.00	0.00	65.12	7.55	0.00	0.00	2000
222	10.51	2082	2129	0.00	194	0	0	0	nan	0.00	0.02	3.44	87.24	89.49	0.00	41	0	42	0.00	0.00	65.29	7.45	0.00	0.00	2000
224	11.03	2036	2092	0.00	196	0	0	0	nan	0.00	0.00	4.54	84.15	88.97	0.00	41	0	42	0.00	0.00	65.21	7.49	0.00	0.00	2000
221	10.85	2036	2097	0.00	194	0	0	0	nan	0.00	0.03	3.33	85.74	89.15	0.00	41	0	42	0.00	0.00	65.59	7.46	0.00	0.00	2000
220	10.74	2057	2091	0.00	194	0	0	0	nan	0.00	0.00	3.91	85.07	89.26	0.00	41	0	42	0.00	0.00	62.49	7.07	0.00	0.00	2000
220	10.69	2051	2112	0.00	194	0	0	0	nan	0.00	0.00	3.72	86.17	89.31	0.00	41	0	42	0.00	0.00	67.39	7.94	0.00	0.00	2000
222	10.75	2064	2099	1.02	198	0	0	6	69.53	0.00	0.01	4.47	84.84	89.25	0.00	41	0	42	0.00	0.00	65.34	7.52	0.00	0.00	2000
227	10.99	2099	2069	0.36	195	0	0	0	nan	0.00	0.00	3.99	83.73	89.01	0.00	38	0	42	0.00	0.00	63.56	7.22	0.00	0.00	2000
234	11.15	2056	2145	0.00	211	0	0	0	nan	0.00	0.00	6.53	84.34	88.85	0.00	37	0	42	0.00	0.00	65.56	7.54	0.00	0.00	2000
230	11.34	2022	2104	0.00	210	0	0	0	nan	0.00	0.00	4.67	84.29	88.66	0.00	38	0	42	0.00	0.00	65.31	7.45	0.00	0.00	2000
229	11.09	2072	2089	0.00	179	0	0	0	nan	0.00	0.00	4.69	83.61	88.91	0.00	38	0	42	0.00	0.00	66.06	7.31	0.00	0.00	2000
230	11.58	1988	2094	0.00	211	0	0	0	nan	0.00	0.00	4.72	83.55	88.42	0.00	38	0	41	0.00	0.00	64.86	7.46	0.00	0.00	2000
229	11.07	2053	2112	0.00	179	0	0	0	nan	0.00	0.00	5.65	83.89	88.93	0.00	38	0	41	0.00	0.00	65.80	7.34	0.00	0.00	2000
231	11.10	2087	2097	0.00	211	0	0	0	nan	0.00	0.00	5.10	83.68	88.90	0.00	39	0	42	0.00	0.00	65.09	7.47	0.00	0.00	2000
229	10.97	2084	2100	0.00	178	0	0	0	nan	0.00	0.00	5.42	83.73	89.03	0.00	38	0	42	0.00	0.00	65.44	7.44	0.00	0.00	2000
230	10.97	2093	2104	0.00	211	0	0	0	nan	0.00	0.00	5.24	83.84	89.03	0.00	39	0	42	0.00	0.00	65.35	7.49	0.00	0.00	2000
228	11.30	2027	2092	0.00	178	0	0	0	nan	0.00	0.00	4.97	83.43	88.70	0.00	38	0	42	0.00	0.00	65.47	7.81	0.00	0.00	2000
230	11.01	2073	2113	0.00	211	0	0	0	nan	0.00	0.00	4.28	85.29	88.99	0.00	38	0	41	0.00	0.00	65.44	7.60	0.00	0.00	2000
229	11.20	2041	2105	0.00	180	0	0	0	nan	0.00	0.00	3.64	85.52	88.80	0.00	38	0	42	0.00	0.00	66.60	7.72	0.00	0.00	2000
231	11.27	2065	2081	0.00	196	0	0	0	nan	0.00	0.00	3.40	84.69	88.73	0.00	38	0	42	0.00	0.00	64.36	7.33	0.00	0.00	2000
229	11.47	2008	2089	0.00	194	0	0	0	nan	0.00	0.02	4.10	84.07	88.53	0.00	38	0	42	0.00	0.00	65.59	7.66	0.00	0.00	2000
229	11.13	2044	2118	0.00	209	0	0	0	nan	0.00	0.00	5.25	84.48	88.87	0.00	39	0	41	0.00	0.00	62.15	7.64	0.00	0.00	2000
228	11.12	2056	2096	0.00	178	0	0	0	nan	0.00	0.01	4.45	84.32	88.88	0.00	39	0	41	0.00	0.00	67.96	7.40	0.00	0.00	2000
231	11.24	2050	2107	0.76	213	0	0	6	71.64	0.00	0.00	5.39	83.72	88.76	0.00	38	0	42	0.00	0.00	65.51	7.43	0.00	0.00	2000
229	11.19	2058	2088	0.71	178	0	0	1	89.41	0.00	0.00	4.12	84.30	88.81	0.00	39	0	42	0.00	0.00	65.23	7.50	0.00	0.00	2000
230	11.18	2064	2096	0.00	210	0	0	0	nan	0.00	0.00	4.76	83.98	88.82	0.00	38	0	42	0.00	0.00	65.15	7.54	0.00	0.00	2000
229	11.03	2066	2108	0.00	178	0	0	0	nan	0.00	0.00	5.09	84.36	88.97	0.00	38	0	42	0.00	0.00	65.33	7.53	0.00	0.00	2000
231	11.12	2071	2108	0.00	215	0	0	0	nan	0.00	0.00	6.16	83.12	88.88	0.00	38	0	42	0.00	0.00	65.68	7.40	0.00	0.00	2000
230	11.27	2068	2073	0.00	180	0	0	0	nan	0.00	0.00	4.60	83.09	88.73	0.00	39	0	42	0.00	0.00	62.67	6.91	0.00	0.00	2000
229	10.87	2082	2129	0.00	210	0	0	0	nan	0.00	0.02	4.66	85.80	89.13	0.00	38	0	42	0.00	0.00	68.50	7.71	0.00	0.00	2000
228	11.21	2046	2088	0.00	178	0	0	0	nan	0.00	0.00	3.78	84.60	88.79	0.00	39	0	42	0.00	0.00	65.17	7.56	0.00	0.00	2000
230	10.99	2092	2104	0.00	212	0	0	0	nan	0.00	0.00	4.41	84.82	89.01	0.00	39	0	42	0.00	0.00	65.72	7.50	0.00	0.00	2000
228	11.46	2006	2080	0.00	178	0	0	0	nan	0.00	0.00	4.21	83.60	88.54	0.00	39	0	41	0.00	0.00	62.90	7.48	0.00	0.00	2000
229	11.08	2047	2120	0.00	210	0	0	0	nan	0.00	0.00	5.10	84.77	88.92	0.00	39	0	42	0.00	0.00	68.27	7.47	0.00	0.00	2000
234	11.48	2051	2085	0.00	181	0	0	0	nan	0.00	0.00	5.12	82.84	88.52	0.00	39	0	42	0.00	0.00	62.25	7.28	0.00	0.00	2000
229	11.20	2036	2114	0.00	212	0	0	0	nan	0.00	0.00	4.89	84.63	88.80	0.00	39	0	42	0.00	0.00	68.82	7.64	0.00	0.00	2000
229	11.18	2067	2082	0.00	178	0	0	0	nan	0.00	0.00	4.32	83.76	88.82	0.00	39	0	42	0.00	0.00	62.41	7.33	0.00	0.00	2000
229	10.87	2084	2123	0.00	210	0	0	0	nan	0.00	0.02	5.05	85.11	89.13	0.00	38	0	42	0.00	0.00	68.42	7.85	0.00	0.00	2000
230	10.89	2116	2097	0.00	181	0	0	0	nan	0.00	0.00	4.71	84.41	89.11	0.00	38	0	42	0.00	0.00	65.63	7.50	0.00	0.00	2000
231	11.30	2051	2093	0.00	213	0	0	0	nan	0.00	0.00	4.04	84.37	88.70	0.00	39	0	42	0.00	0.00	62.59	7.20	0.00	0.00	2000
228	10.91	2081	2105	0.42	179	0	0	5	74.84	0.00	0.00	4.31	85.11	89.09	0.00	39	0	42	0.00	0.00	65.75	7.46	0.00	0.00	2000
229	11.23	2032	2107	1.06	211	0	0	3	82.05	0.00	0.00	3.80	85.36	88.77	0.00	38	0	42	0.00	0.00	67.60	7.89	0.00	0.00	2000
228	11.23	2035	2092	0.00	177	0	0	0	nan	0.00	0.00	4.00	84.55	88.77	0.00	39	0	42	0.00	0.00	62.59	7.11	0.00	0.00	2000
230	11.25	2058	2090	0.00	211	0	0	0	nan	0.00	0.00	4.13	84.28	88.75	0.00	38	0	42	0.00	0.00	65.34	7.47	0.00	0.00	2000
231	11.06	2072	2112	0.00	180	0	0	0	nan	0.00	0.01	5.81	83.80	88.94	0.00	38	0	42	0.00	0.00	65.62	7.53	0.00	0.00	2000
230	11.18	2057	2098	0.00	211	0	0	0	nan	0.00	0.00	4.25	84.51	88.82	0.00	39	0	42	0.00	0.00	68.19	7.87	0.00	0.00	2000
228	11.33	2013	2101	0.00	178	0	0	0	nan	0.00	0.00	4.58	84.26	88.67	0.00	39	0	42	0.00	0.00	62.81	7.28	0.00	0.00	2000
230	11.21	2036	2113	0.00	213	0	0	0	nan	0.00	0.00	5.45	83.99	88.79	0.00	39	0	42	0.00	0.00	65.35	7.39	0.00	0.00	2000
229	11.29	2034	2089	0.00	179	0	0	0	nan	0.00	0.02	3.88	84.46	88.71	0.00	39	0	42	0.00	0.00	65.34	7.36	0.00	0.00	2000
231	11.33	2055	2084	0.00	212	0	0	0	nan	0.00	0.00	4.41	83.66	88.67	0.00	38	0	42	0.00	0.00	65.35	7.48	0.00	0.00	2000
228	10.92	2078	2115	0.00	178	0	0	0	nan	0.00	0.00	5.27	84.53	89.08	0.00	39	0	42	0.00	0.00	65.53	7.33	0.00	0.00	2000
230	11.27	2049	2088	0.00	211	0	0	0	nan	0.00	0.00	3.97	84.29	88.73	0.00	39	0	42	0.00	0.00	65.50	7.55	0.00	0.00	2000
229	10.94	2092	2101	0.00	179	0	0	0	nan	0.00	0.00	4.94	84.28	89.06	0.00	38	0	41	0.00	0.00	65.50	7.52	0.00	0.00	2000
230	11.01	2091	2100	0.00	211	0	0	0	nan	0.00	0.00	4.56	84.53	88.99	0.00	38	0	42	0.00	0.00	65.08	7.58	0.00	0.00	2000
229	11.27	2021	2114	0.00	177	0	0	0	nan	0.00	0.00	5.30	84.11	88.73	0.00	39	0	42	0.00	0.00	65.17	7.70	0.00	0.00	2000
230	11.20	2050	2103	0.00	212	0	0	0	nan	0.00	0.00	4.16	84.88	88.80	0.00	39	0	42	0.00	0.00	65.75	7.43	0.00	0.00	2000
229	11.05	2074	2094	0.00	179	0	0	0	nan	0.00	0.00	4.05	84.74	88.95	0.00	39	0	42	0.00	0.00	65.34	7.45	0.00	0.00	2000
229	11.19	2045	2104	0.01	211	0	0	4	69.88	0.00	0.00	4.05	84.98	88.81	0.00	39	0	42	0.00	0.00	65.37	7.47	0.00	0.00	2000
229	11.04	2100	2074	1.39	178	0	0	4	74.28	0.00	0.00	4.15	83.70	88.96	0.00	39	0	42	0.00	0.00	62.27	7.16	0.00	0.00	2000
230	10.98	2062	2135	0.00	210	0	0	0	nan	0.00	0.00	5.08	85.43	89.02	0.00	39	0	42	0.00	0.00	68.34	7.88	0.00	0.00	2000
230	11.44	2036	2072	0.00	180	0	0	0	nan	0.00	0.01	3.62	83.86	88.56	0.00	39	0	42	0.00	0.00	62.58	7.26	0.00	0.00	2000
230	10.88	2090	2126	0.00	211	0	0	0	nan	0.00	0.00	4.88	85.40	89.12	0.00	39	0	42	0.00	0.00	68.29	7.70	0.00	0.00	2000
229	10.92	2103	2091	0.00	178	0	0	0	nan	0.00	0.00	3.45	85.33	89.08	0.00	39	0	42	0.00	0.00	65.48	7.10	0.00	0.00	2000
229	11.13	2061	2098	0.00	211	0	0	0	nan	0.00	0.00	3.69	85.20	88.87	0.00	39	0	42	0.00	0.00	65.50	7.38	0.00	0.00	2000
228	11.07	2065	2092	0.00	178	0	0	0	nan	0.00	0.00	4.16	84.46	88.93	0.00	39	0	42	0.00	0.00	65.26	7.51	0.00	0.00	2000
230	11.54	1992	2104	0.00	212	0	0	0	nan	0.00	0.00	5.62	83.11	88.46	0.00	39	0	42	0.00	0.00	65.08	7.41	0.00	0.00	2000
227	11.11	2038	2105	0.00	178	0	0	0	nan	0.00	0.00	4.38	84.84	88.89	0.00	39	0	42	0.00	0.00	65.34	7.62	0.00	0.00	2000
229	11.20	2033	2112	0.00	211	0	0	0	nan	0.00	0.00	4.06	85.35	88.80	0.00	39	0	42	0.00	0.00	65.00	7.75	0.00	0.00	2000
230	11.12	2082	2083	0.00	181	0	0	0	nan	0.00	0.00	5.50	82.70	88.88	0.00	39	0	42	0.00	0.00	65.48	7.54	0.00	0.00	2000
229	11.40	2000	2108	0.00	213	0	0	0	nan	0.00	0.00	5.45	83.59	88.60	0.00	38	0	42	0.00	0.00	65.12	7.47	0.00	0.00	2000
232	11.42	2053	2077	0.00	179	0	0	0	nan	0.00	0.00	4.19	83.47	88.58	0.00	39	0	42	0.00	0.00	62.17	7.29	0.00	0.00	2000
229	10.92	2077	2119	0.00	210	0	0	0	nan	0.00	0.00	5.44	84.59	89.08	0.00	38	0	42	0.00	0.00	68.15	7.86	0.00	0.00	2000
229	11.21	2042	2100	0.00	178	0	0	0	nan	0.00	0.00	4.54	84.40	88.79	0.00	38	0	42	0.00	0.00	64.83	7.61	0.00	0.00	2000
229	11.02	2078	2101	0.00	212	0	0	0	nan	0.00	0.00	4.93	84.20	88.98	0.00	39	0	42	0.00	0.00	65.13	7.64	0.00	0.00	2000
227	11.01	2064	2095	0.00	178	0	0	2	76.66	0.00	0.00	4.66	84.28	88.99	0.00	39	0	42	0.00	0.00	61.78	7.15	0.00	0.00	2000
232	11.19	2071	2098	1.34	212	0	0	6	76.53	0.00	0.00	4.28	84.52	88.81	0.00	39	0	42	0.00	0.00	66.02	7.49	0.00	0.00	2000
228	11.19	2037	2103	0.00	177	0	0	0	nan	0.00	0.00	4.57	84.48	88.81	0.00	39	0	42	0.00	0.00	64.56	7.48	0.00	0.00	2000
229	11.24	2029	2109	0.00	212	0	0	0	nan	0.00	0.00	5.04	84.14	88.76	0.00	39	0	42	0.00	0.00	67.84	7.85	0.00	0.00	2000
229	11.11	2067	2090	0.00	178	0	0	0	nan	0.00	0.00	4.02	84.56	88.89	0.00	38	0	42	0.00	0.00	62.08	7.33	0.00	0.00	2000
230	11.19	2045	2110	0.00	211	0	0	0	nan	0.00	0.00	4.75	84.59	88.81	0.00	39	0	42	0.00	0.00	68.32	7.87	0.00	0.00	2000
228	11.20	2039	2096	0.00	178	0	0	0	nan	0.00	0.00	4.20	84.52	88.80	0.00	39	0	42	0.00	0.00	62.46	7.30	0.00	0.00	2000
232	11.28	2069	2085	0.00	213	0	0	0	nan	0.00	0.00	5.29	82.91	88.72	0.00	39	0	42	0.00	0.00	64.93	7.52	0.00	0.00	2000
228	10.81	2099	2112	0.00	180	0	0	0	nan	0.00	0.00	4.61	85.20	89.19	0.00	39	0	42	0.00	0.00	68.45	7.43	0.00	0.00	2000
235	11.33	2066	2109	0.00	212	0	0	0	nan	0.00	0.00	4.92	84.23	88.67	0.00	39	0	42	0.00	0.00	65.50	7.66	0.00	0.00	2000
228	11.08	2075	2088	0.00	179	0	0	0	nan	0.00	0.01	4.32	84.17	88.92	0.00	39	0	42	0.00	0.00	62.55	7.31	0.00	0.00	2000
230	11.32	2041	2089	0.00	212	0	0	0	nan	0.00	0.00	5.00	83.27	88.68	0.00	38	0	42	0.00	0.00	64.86	7.42	0.00	0.00	2000
231	11.03	2082	2111	0.00	179	0	0	0	nan	0.00	0.00	5.42	84.12	88.97	0.00	39	0	42	0.00	0.00	65.14	7.45	0.00	0.00	2000
228	11.22	2029	2107	0.00	211	0	0	0	nan	0.00	0.00	4.15	85.01	88.78	0.00	39	0	42	0.00	0.00	65.41	7.67	0.00	0.00	2000
229	11.47	2018	2076	0.00	181	0	0	0	nan	0.00	0.07	5.06	82.50	88.53	0.00	39	0	42	0.00	0.00	64.40	7.62	0.00	0.00	2000
230	11.21	2025	2124	0.00	211	0	0	0	nan	0.00	0.00	5.08	84.91	88.79	0.00	39	0	42	0.00	0.00	65.14	7.42	0.00	0.00	2000
229	11.07	2080	2089	0.00	181	0	0	0	nan	0.00	0.00	4.56	83.96	88.93	0.00	38	0	42	0.00	0.00	65.75	7.69	0.00	0.00	2000
231	11.12	2069	2110	0.00	196	0	0	0	94.07	0.00	0.00	4.46	84.95	88.88	0.00	39	0	42	0.00	0.00	65.11	7.58	0.00	0.00	2000
230	11.08	2076	2095	1.31	194	0	0	26	13.29	0.00	0.00	4.07	84.67	88.92	0.00	38	0	42	0.00	0.00	65.41	7.81	0.00	0.00	2000
230	11.06	2064	2114	0.01	210	0	0	0	nan	0.00	0.00	4.82	84.77	88.94	0.00	39	0	42	0.00	0.00	65.04	7.65	0.00	0.00	2000
229	10.85	2142	2067	0.00	179	0	0	0	nan	0.01	0.02	3.78	84.00	89.15	0.00	39	0	41	0.00	0.00	65.01	7.42	0.00	0.00	2000
231	11.00	2075	2122	0.00	210	0	0	0	nan	0.00	0.00	5.41	84.69	89.00	0.00	38	0	42	0.00	0.00	65.34	7.55	0.00	0.00	2000
230	11.63	1992	2087	0.00	180	0	0	0	nan	0.00	0.00	4.41	83.48	88.37	0.00	39	0	42	0.00	0.00	65.22	7.56	0.00	0.00	2000
229	11.20	2037	2109	0.00	210	0	0	0	nan	0.00	0.00	4.53	84.77	88.80	0.00	39	0	41	0.00	0.00	64.97	7.67	0.00	0.00	2000
228	11.38	1999	2103	0.00	178	0	0	0	nan	0.00	0.00	4.26	84.67	88.62	0.00	39	0	42	0.00	0.00	64.83	7.60	0.00	0.00	2000
229	11.16	2069	2087	0.00	211	0	0	0	nan	0.00	0.00	3.86	84.54	88.84	0.00	39	0	42	0.00	0.00	64.98	7.76	0.00	0.00	2000
227	11.16	2038	2100	0.00	177	0	0	0	nan	0.00	0.00	4.68	84.27	88.84	0.00	39	0	42	0.00	0.00	65.00	7.67	0.00	0.00	2000
231	11.26	2033	2119	0.00	211	0	0	0	nan	0.00	0.00	4.91	84.74	88.74	0.00	39	0	42	0.00	0.00	65.33	7.53	0.00	0.00	2000
229	11.22	2045	2092	0.00	180	0	0	0	nan	0.00	0.00	4.24	84.27	88.78	0.00	38	0	42	0.00	0.00	64.82	7.39	0.00	0.00	2000
231	11.22	2072	2087	0.00	211	0	0	0	nan	0.00	0.00	4.10	84.23	88.78	0.00	39	0	42	0.00	0.00	65.07	7.43	0.00	0.00	2000
229	11.06	2076	2092	0.00	178	0	0	0	nan	0.00	0.00	5.16	83.54	88.94	0.00	39	0	42	0.00	0.00	64.89	7.52	0.00	0.00	2000
230	11.00	2074	2113	0.00	211	0	0	0	nan	0.00	0.00	5.36	84.30	89.00	0.00	38	0	42	0.00	0.00	64.99	7.63	0.00	0.00	2000
228	10.86	2104	2095	0.00	179	0	0	0	nan	0.00	0.00	4.66	84.42	89.14	0.00	39	0	42	0.00	0.00	64.62	7.56	0.00	0.00	2000
231	11.07	2070	2115	0.00	211	0	0	0	nan	0.00	0.00	5.35	84.31	88.93	0.00	39	0	42	0.00	0.00	64.66	7.66	0.00	0.00	2000
229	11.13	2077	2077	0.00	178	0	0	0	nan	0.00	0.00	4.32	83.51	88.87	0.00	38	0	42	0.00	0.00	64.69	7.52	0.00	0.00	2000
231	11.28	2039	2108	1.09	211	0	0	6	72.70	0.00	0.00	5.59	83.57	88.72	0.00	39	0	42	0.00	0.00	64.80	7.65	0.00	0.00	2000
229	11.02	2065	2110	0.38	179	0	0	0	nan	0.00	0.00	5.42	84.03	88.98	0.00	39	0	42	0.00	0.00	64.49	7.44	0.00	0.00	2000
229	11.18	2041	2105	0.00	211	0	0	0	nan	0.00	0.00	4.73	84.39	88.82	0.00	38	0	42	0.00	0.00	64.21	7.54	0.00	0.00	2000
230	11.19	2075	2081	0.00	178	0	0	0	nan	0.00	0.00	4.11	84.00	88.81	0.00	39	0	42	0.00	0.00	65.04	7.51	0.00	0.00	2000
231	11.09	2065	2118	0.00	210	0	0	0	nan	0.00	0.00	6.00	83.79	88.91	0.00	39	0	42	0.00	0.00	64.67	7.37	0.00	0.00	2000
229	11.20	2043	2099	0.00	178	0	0	0	nan	0.00	0.00	4.56	84.35	88.80	0.00	38	0	42	0.00	0.00	64.29	7.62	0.00	0.00	2000
229	11.17	2048	2105	0.00	212	0	0	0	nan	0.00	0.00	5.06	84.16	88.83	0.00	39	0	42	0.00	0.00	65.18	7.54	0.00	0.00	2000
228	11.30	2021	2096	0.00	178	0	0	0	nan	0.00	0.00	4.24	84.45	88.70	0.00	39	0	42	0.00	0.00	64.35	7.54	0.00	0.00	2000
231	11.33	2036	2103	0.00	212	0	0	0	nan	0.00	0.00	5.13	83.81	88.67	0.00	39	0	42	0.00	0.00	64.58	7.58	0.00	0.00	2000
228	10.98	2064	2111	0.00	178	0	0	0	nan	0.00	0.00	4.58	84.99	89.02	0.00	39	0	42	0.00	0.00	65.68	7.54	0.00	0.00	2000
230	11.33	2050	2074	0.00	195	0	0	0	nan	0.00	0.02	4.03	83.69	88.67	0.00	39	0	42	0.00	0.00	63.93	7.39	0.00	0.00	2000
230	11.18	2049	2109	0.00	195	0	0	0	nan	0.00	0.00	4.31	84.97	88.82	0.00	39	0	42	0.00	0.00	64.59	7.46	0.00	0.00	2000
230	11.03	2086	2103	0.00	213	0	0	0	nan	0.00	0.00	6.92	82.23	88.97	0.00	39	0	42	0.00	0.00	64.81	7.47	0.00	0.00	2000
230	11.34	2017	2110	0.00	180	0	0	0	nan	0.00	0.00	4.82	84.37	88.66	0.00	39	0	42	0.00	0.00	64.79	7.42	0.00	0.00	2000
230	11.10	2088	2086	0.00	211	0	0	0	nan	0.00	0.00	4.01	84.37	88.90	0.00	39	0	42	0.00	0.00	65.16	7.39	0.00	0.00	2000
227	11.20	2027	2101	0.00	177	0	0	0	nan	0.00	0.00	4.93	84.00	88.80	0.00	39	0	42	0.00	0.00	62.25	7.13	0.00	0.00	2000
230	11.16	2057	2100	0.00	211	0	0	0	nan	0.00	0.02	4.47	84.36	88.84	0.00	39	0	42	0.00	0.00	68.05	7.73	0.00	0.00	2000
227	11.26	2037	2081	0.76	178	0	0	6	73.42	0.00	0.00	4.47	83.52	88.74	0.00	39	0	42	0.00	0.00	63.19	7.26	0.00	0.00	2000
231	11.12	2052	2130	0.73	212	0	0	1	88.92	0.00	0.00	5.96	84.30	88.88	0.00	39	0	41	0.00	0.00	67.54	7.83	0.00	0.00	2000
229	11.16	2066	2086	0.00	179	0	0	0	nan	0.00	0.00	3.79	84.50	88.84	0.00	39	0	42	0.00	0.00	62.77	7.07	0.00	0.00	2000
230	11.47	1998	2106	0.00	213	0	0	0	nan	0.01	0.00	5.78	83.11	88.53	0.00	39	0	42	0.00	0.00	67.22	7.88	0.00	0.00	2000
229	11.02	2077	2101	0.00	179	0	0	0	nan	0.00	0.00	4.52	84.60	88.98	0.00	39	0	42	0.00	0.00	62.52	7.26	0.00	0.00	2000
230	11.39	2022	2096	0.00	212	0	0	0	nan	0.00	0.00	4.31	84.24	88.61	0.00	38	0	42	0.00	0.00	67.20	7.85	0.00	0.00	2000
228	11.26	2042	2079	0.00	178	0	0	0	nan	0.00	0.00	4.92	82.97	88.74	0.00	39	0	42	0.00	0.00	62.55	7.43	0.00	0.00	2000
231	10.98	2093	2113	0.00	212	0	0	0	nan	0.00	0.00	5.25	84.34	89.02	0.00	39	0	42	0.00	0.00	65.15	7.43	0.00	0.00	2000
229	11.23	2043	2093	0.00	178	0	0	0	nan	0.00	0.00	4.98	83.54	88.77	0.00	38	0	42	0.00	0.00	65.07	7.45	0.00	0.00	2000
229	11.11	2039	2123	0.00	211	0	0	0	nan	0.00	0.00	5.45	84.51	88.90	0.00	39	0	42	0.00	0.00	64.66	7.48	0.00	0.00	2000
228	11.25	2034	2097	0.00	179	0	0	0	nan	0.00	0.00	4.45	84.30	88.75	0.00	39	0	42	0.00	0.00	65.02	7.60	0.00	0.00	2000
230	11.18	2049	2110	0.00	211	0	0	0	nan	0.00	0.00	4.40	84.89	88.82	0.00	38	0	42	0.00	0.00	65.16	7.51	0.00	0.00	2000
230	11.15	2073	2090	0.00	179	0	0	0	nan	0.00	0.00	4.14	84.31	88.85	0.00	38	0	42	0.00	0.00	65.71	7.63	0.00	0.00	2000
229	11.06	2072	2098	0.00	211	0	0	0	nan	0.00	0.00	4.58	84.42	88.94	0.00	39	0	42	0.00	0.00	64.80	7.53	0.00	0.00	2000
229	11.14	2055	2097	0.00	179	0	0	0	nan	0.00	0.00	5.02	83.85	88.86	0.00	39	0	42	0.00	0.00	65.36	7.39	0.00	0.00	2000
229	11.22	2054	2089	0.00	211	0	0	0	nan	0.00	0.00	4.75	83.56	88.78	0.00	39	0	42	0.00	0.00	65.00	7.46	0.00	0.00	2000
229	10.91	2097	2104	0.00	178	0	0	0	nan	0.00	0.00	5.71	83.65	89.09	0.00	39	0	42	0.00	0.00	65.62	7.45	0.00	0.00	2000
231	11.00	2103	2094	0.42	212	0	0	5	76.04	0.00	0.00	5.60	83.25	89.00	0.00	38	0	42	0.00	0.00	64.94	7.54	0.00	0.00	2000
229	11.10	2049	2114	1.05	179	0	0	3	82.41	0.00	0.00	4.92	84.72	88.90	0.00	38	0	42	0.00	0.00	65.58	7.61	0.00	0.00	2000
229	11.19	2051	2099	0.00	210	0	0	0	nan	0.00	0.00	4.55	84.27	88.81	0.00	38	0	41	0.00	0.00	65.20	7.58	0.00	0.00	2000
228	11.24	2043	2081	0.00	178	0	0	0	nan	0.00	0.00	5.24	82.75	88.76	0.00	39	0	42	0.00	0.00	62.23	7.19	0.00	0.00	2000
230	11.01	2082	2110	0.00	209	0	0	0	nan	0.00	0.00	5.04	84.44	88.99	0.00	39	0	42	0.00	0.00	68.02	7.73	0.00	0.00	2000
230	11.26	2018	2123	0.00	179	0	0	0	nan	0.00	0.00	5.82	83.99	88.74	0.00	39	0	42	0.00	0.00	65.31	7.49	0.00	0.00	2000
230	11.11	2092	2080	0.00	213	0	0	0	nan	0.00	0.00	4.85	83.23	88.89	0.00	39	0	42	0.00	0.00	65.24	7.39	0.00	0.00	2000
228	11.19	2033	2107	0.00	182	0	0	0	nan	0.00	0.00	5.28	83.89	88.81	0.00	39	0	42	0.00	0.00	65.51	7.47	0.00	0.00	2000
229	11.30	2021	2104	0.00	211	0	0	0	nan	0.00	0.00	4.83	84.21	88.70	0.00	39	0	42	0.00	0.00	64.81	7.35	0.00	0.00	2000
228	11.23	2034	2096	0.00	179	0	0	0	nan	0.00	0.00	4.69	84.00	88.77	0.00	39	0	42	0.00	0.00	64.78	7.44	0.00	0.00	2000
229	11.12	2052	2109	0.00	211	0	0	0	nan	0.00	0.00	4.51	84.92	88.88	0.00	39	0	42	0.00	0.00	65.01	7.45	0.00	0.00	2000
231	11.26	2059	2093	0.00	179	0	0	0	nan	0.00	0.00	3.91	84.64	88.74	0.00	39	0	42	0.00	0.00	64.90	7.48	0.00	0.00	2000
229	10.84	2099	2112	0.00	211	0	0	0	nan	0.00	0.00	4.42	85.29	89.16	0.00	39	0	42	0.00	0.00	65.07	7.32	0.00	0.00	2000
229	11.06	2100	2066	0.00	179	0	0	0	nan	0.00	0.05	3.84	83.75	88.94	0.00	39	0	42	0.00	0.00	62.19	7.02	0.00	0.00	2000
229	11.18	2037	2111	0.00	211	0	0	0	nan	0.00	0.00	4.26	85.13	88.82	0.00	39	0	42	0.00	0.00	65.14	7.29	0.00	0.00	2000
228	11.13	2038	2110	0.00	178	0	0	0	nan	0.00	0.00	5.01	84.38	88.87	0.00	38	0	42	0.00	0.00	68.18	7.53	0.00	0.00	2000
230	11.48	2016	2089	0.00	211	0	0	0	nan	0.00	0.00	3.99	84.18	88.52	0.00	39	0	42	0.00	0.00	62.76	6.97	0.00	0.00	2000
228	11.01	2057	2111	0.01	178	0	0	4	78.62	0.00	0.00	4.75	84.71	88.99	0.00	39	0	42	0.00	0.00	67.00	7.80	0.00	0.00	2000
229	11.16	2051	2099	1.39	212	0	0	4	79.30	0.00	0.00	4.46	84.34	88.84	0.00	39	0	42	0.00	0.00	65.43	7.18	0.00	0.00	2000
228	11.17	2035	2101	0.00	178	0	0	0	nan	0.00	0.00	4.60	84.33	88.83	0.00	39	0	42	0.00	0.00	65.46	7.40	0.00	0.00	2000
230	10.97	2093	2103	0.00	211	0	0	0	nan	0.00	0.00	4.12	84.93	89.03	0.00	39	0	42	0.00	0.00	65.26	7.54	0.00	0.00	2000
230	11.14	2086	2077	0.00	179	0	0	0	nan	0.00	0.00	4.81	83.07	88.86	0.00	39	0	42	0.00	0.00	61.87	7.10	0.00	0.00	2000
230	11.14	2056	2109	0.00	211	0	0	0	nan	0.00	0.02	4.72	84.64	88.86	0.00	39	0	41	0.00	0.00	65.42	7.36	0.00	0.00	2000
226	11.25	2064	2039	0.00	178	0	0	0	nan	0.00	0.00	4.84	81.35	88.75	0.00	38	0	42	0.00	0.00	62.94	7.07	0.00	0.00	2000
236	10.99	2067	2180	0.00	230	0	0	0	nan	0.00	0.00	3.48	89.04	89.01	0.00	39	0	42	0.00	0.00	71.13	7.47	0.00	0.00	2000
228	10.93	2114	2076	0.00	178	0	0	0	nan	0.00	0.01	4.69	83.34	89.07	0.00	38	0	42	0.00	0.00	62.32	7.44	0.00	0.00	2000
231	11.01	2072	2127	0.00	212	0	0	0	nan	0.00	0.00	5.60	84.57	88.99	0.00	39	0	42	0.00	0.00	68.49	7.73	0.00	0.00	2000
229	11.39	2035	2080	0.00	180	0	0	0	nan	0.00	0.00	5.28	82.51	88.61	0.00	38	0	42	0.00	0.00	62.27	7.17	0.00	0.00	2000
230	11.15	2049	2112	0.00	212	0	0	0	nan	0.00	0.00	5.46	83.98	88.85	0.00	39	0	42	0.00	0.00	65.58	7.55	0.00	0.00	2000
227	11.11	2041	2106	0.00	178	0	0	0	nan	0.00	0.00	5.00	84.25	88.89	0.00	38	0	42	0.00	0.00	64.73	7.51	0.00	0.00	2000
230	11.14	2061	2104	0.00	212	0	0	0	nan	0.00	0.00	4.34	84.78	88.86	0.00	39	0	42	0.00	0.00	68.77	7.82	0.00	0.00	2000
230	11.01	2122	2072	0.00	179	0	0	0	nan	0.00	0.00	4.74	83.15	88.99	0.00	38	0	42	0.00	0.00	62.54	7.23	0.00	0.00	2000
231	11.03	2066	2124	0.00	210	0	0	0	nan	0.00	0.00	4.97	85.14	88.97	0.00	39	0	42	0.00	0.00	65.33	7.48	0.00	0.00	2000
228	11.01	2087	2081	0.00	178	0	0	0	nan	0.00	0.00	4.55	83.64	88.99	0.00	39	0	42	0.00	0.00	65.12	7.37	0.00	0.00	2000
229	11.07	2067	2101	0.00	212	0	0	3	75.99	0.00	0.00	5.26	83.74	88.93	0.00	39	0	42	0.00	0.00	65.10	7.45	0.00	0.00	2000
233	11.31	2067	2094	1.34	194	0	0	5	77.74	0.00	0.00	8.15	80.40	88.69	0.00	39	0	42	0.00	0.00	65.32	7.41	0.00	0.00	2000
231	11.47	2005	2112	0.00	211	0	0	0	nan	0.00	0.00	5.00	84.12	88.53	0.00	39	0	42	0.00	0.00	65.17	7.57	0.00	0.00	2000
228	10.92	2073	2116	0.00	178	0	0	0	nan	0.00	0.00	4.19	85.68	89.08	0.00	39	0	42	0.00	0.00	66.07	7.71	0.00	0.00	2000
229	11.31	2040	2088	0.00	196	0	0	0	nan	0.00	0.06	3.62	84.62	88.69	0.00	39	0	42	0.00	0.00	64.48	7.27	0.00	0.00	2000
230	11.27	2041	2100	0.00	193	0	0	0	nan	0.00	0.00	3.71	85.03	88.73	0.00	39	0	42	0.00	0.00	65.80	7.42	0.00	0.00	2000
229	11.14	2081	2076	0.00	194	0	0	0	nan	0.00	0.00	4.01	83.99	88.86	0.00	39	0	42	0.00	0.00	63.69	7.54	0.00	0.00	2000
229	11.15	2024	2127	0.00	194	0	0	0	nan	0.00	0.00	4.14	85.92	88.85	0.00	39	0	42	0.00	0.00	64.79	7.34	0.00	0.00	2000
233	11.18	2093	2087	0.00	220	0	0	0	nan	0.00	0.00	6.57	81.78	88.82	0.00	39	0	41	0.00	0.00	65.17	7.47	0.00	0.00	2000
230	11.04	2065	2115	0.00	183	0	0	0	nan	0.00	0.00	7.79	82.00	88.96	0.00	39	0	42	0.00	0.00	65.11	7.52	0.00	0.00	2000
229	11.14	2074	2079	0.00	215	0	0	0	nan	0.00	0.00	6.12	81.98	88.86	0.00	39	0	42	0.00	0.00	63.11	7.11	0.00	0.00	2000
233	10.87	2100	2139	0.00	198	0	0	0	nan	0.00	0.00	5.11	85.79	89.13	0.00	39	0	42	0.00	0.00	66.97	7.66	0.00	0.00	2000
231	11.07	2116	2072	0.00	198	0	0	0	nan	0.00	0.00	6.19	81.51	88.93	0.00	39	0	42	0.00	0.00	65.14	7.37	0.00	0.00	2000
236	11.17	2102	2106	0.00	192	0	0	0	nan	0.00	0.54	8.88	79.82	88.83	0.00	39	0	42	0.00	0.00	65.20	7.45	0.00	0.00	2000
232	11.14	2093	2095	0.00	245	0	0	0	nan	0.00	0.37	9.50	78.85	88.86	0.00	39	0	41	0.00	0.00	65.07	7.37	0.00	0.00	2000
230	11.19	2038	2114	0.00	181	0	0	0	nan	0.00	0.00	7.80	81.71	88.81	0.00	38	0	42	0.00	0.00	65.35	7.39	0.00	0.00	2000
229	11.20	2067	2082	0.00	213	0	0	0	nan	0.00	0.00	5.91	82.25	88.80	0.00	38	0	42	0.00	0.00	65.01	7.52	0.00	0.00	2000
229	11.00	2068	2112	0.00	183	0	0	2	81.27	0.00	0.01	7.81	81.81	89.00	0.00	39	0	42	0.00	0.00	65.18	7.53	0.00	0.00	2000
232	11.25	2053	2115	1.38	219	0	0	6	76.13	0.00	0.00	6.74	82.67	88.75	0.00	39	0	42	0.00	0.00	64.96	7.47	0.00	0.00	2000
229	11.10	2071	2089	0.00	182	0	0	0	nan	0.00	0.00	6.71	81.75	88.90	0.00	39	0	42	0.00	0.00	64.90	7.49	0.00	0.00	2000
229	11.32	2021	2102	0.00	215	0	0	0	nan	0.00	0.00	5.46	83.47	88.68	0.00	39	0	42	0.00	0.00	64.47	7.47	0.00	0.00	2000
229	10.95	2094	2099	0.00	183	0	0	0	nan	0.00	0.00	6.15	82.95	89.05	0.00	39	0	42	0.00	0.00	65.19	7.51	0.00	0.00	2000
233	11.22	2074	2103	0.00	215	0	0	0	nan	0.00	0.03	4.32	84.67	88.78	0.00	39	0	41	0.00	0.00	65.03	7.49	0.00	0.00	2000
232	11.29	2074	2080	0.00	183	0	0	0	nan	0.00	0.45	7.24	80.25	88.71	0.00	39	0	41	0.00	0.00	62.69	7.18	0.00	0.00	2000
229	11.14	2046	2114	0.00	226	0	0	0	nan	0.00	0.00	6.74	82.82	88.86	0.00	39	0	42	0.00	0.00	67.91	7.83	0.00	0.00	2000
229	10.98	2083	2102	0.00	184	0	0	0	nan	0.00	0.00	7.58	81.55	89.02	0.00	39	0	42	0.00	0.00	62.74	6.93	0.00	0.00	2000
230	11.43	2021	2088	0.00	214	0	0	0	nan	0.00	0.00	6.21	82.00	88.57	0.00	39	0	42	0.00	0.00	64.70	7.33	0.00	0.00	2000
231	11.39	2017	2112	0.00	182	0	0	0	nan	0.00	0.00	7.20	82.03	88.61	0.00	39	0	42	0.00	0.00	65.23	7.37	0.00	0.00	2000
232	11.31	2043	2109	0.00	217	0	0	0	nan	0.00	0.00	7.00	82.15	88.69	0.00	39	0	42	0.00	0.00	67.48	7.64	0.00	0.00	2000
229	11.01	2105	2071	0.00	180	0	0	0	nan	0.00	0.00	4.89	82.84	88.99	0.00	38	0	42	0.00	0.00	62.73	7.26	0.00	0.00	2000
229	11.25	2025	2106	0.00	211	0	0	0	nan	0.00	0.00	5.10	84.01	88.75	0.00	38	0	42	0.00	0.00	64.72	7.50	0.00	0.00	2000
229	11.04	2080	2093	0.00	178	0	0	0	nan	0.00	0.00	5.62	83.06	88.96	0.00	39	0	42	0.00	0.00	65.33	7.46	0.00	0.00	2000
230	10.94	2079	2119	0.00	210	0	0	0	nan	0.00	0.00	5.23	84.75	89.06	0.00	39	0	42	0.00	0.00	65.38	7.34	0.00	0.00	2000
228	11.28	2023	2097	0.00	178	0	0	0	nan	0.00	0.00	5.00	83.71	88.72	0.00	39	0	42	0.00	0.00	64.58	7.52	0.00	0.00	2000
232	11.23	2050	2117	0.00	216	0	0	0	nan	0.00	0.00	6.13	83.40	88.77	0.00	39	0	42	0.00	0.00	65.01	7.68	0.00	0.00	2000
229	11.05	2101	2070	1.27	179	0	0	6	68.68	0.00	0.02	3.75	84.03	88.95	0.00	39	0	41	0.00	0.00	65.11	7.43	0.00	0.00	2000
230	11.07	2057	2121	0.21	211	0	0	0	nan	0.00	0.00	4.51	85.44	88.93	0.00	39	0	42	0.00	0.00	65.62	7.44	0.00	0.00	2000
229	11.54	2004	2076	0.00	178	0	0	0	nan	0.00	0.00	4.67	82.89	88.46	0.00	38	0	42	0.00	0.00	65.18	7.65	0.00	0.00	2000
230	10.96	2070	2127	0.00	212	0	0	0	nan	0.00	0.00	5.16	85.11	89.04	0.00	39	0	42	0.00	0.00	65.76	7.49	0.00	0.00	2000
231	11.06	2094	2090	0.00	178	0	0	0	nan	0.00	0.01	3.63	84.92	88.94	0.00	39	0	42	0.00	0.00	65.81	7.37	0.00	0.00	2000
231	11.16	2067	2107	0.00	211	0	0	0	nan	0.00	0.00	4.29	84.88	88.84	0.00	39	0	42	0.00	0.00	64.62	7.56	0.00	0.00	2000
228	11.12	2051	2097	0.00	178	0	0	0	nan	0.00	0.00	4.25	84.51	88.88	0.00	39	0	42	0.00	0.00	65.84	7.42	0.00	0.00	2000
229	11.24	2057	2085	0.00	212	0	0	0	nan	0.00	0.00	4.54	83.51	88.76	0.00	38	0	42	0.00	0.00	65.19	7.43	0.00	0.00	2000
228	11.22	2019	2111	0.00	178	0	0	0	nan	0.00	0.00	4.73	84.57	88.78	0.00	39	0	41	0.00	0.00	64.87	7.34	0.00	0.00	2000
232	11.33	2056	2092	0.00	212	0	0	0	nan	0.00	0.00	4.61	83.82	88.67	0.00	39	0	42	0.00	0.00	65.04	7.26	0.00	0.00	2000
228	11.05	2066	2097	0.00	178	0	0	0	nan	0.00	0.00	5.03	83.80	88.95	0.00	39	0	42	0.00	0.00	65.57	7.31	0.00	0.00	2000
230	11.00	2075	2114	0.00	212	0	0	0	nan	0.00	0.00	5.36	84.34	89.00	0.00	39	0	42	0.00	0.00	65.28	7.48	0.00	0.00	2000
229	10.93	2082	2114	0.00	178	0	0	0	nan	0.00	0.00	4.58	85.13	89.07	0.00	39	0	41	0.00	0.00	66.29	7.56	0.00	0.00	2000
228	11.16	2065	2080	0.00	195	0	0	0	nan	0.01	0.00	2.54	85.44	88.84	0.00	39	0	42	0.00	0.00	64.47	7.41	0.00	0.00	2000
230	11.36	2006	2118	0.00	196	0	0	0	nan	0.00	0.00	3.92	85.52	88.64	0.00	39	0	41	0.00	0.00	64.87	7.64	0.00	0.00	2000
229	11.34	2024	2097	0.00	211	0	0	0	nan	0.00	0.00	4.61	84.03	88.66	0.00	39	0	42	0.00	0.00	65.19	7.55	0.00	0.00	2000
227	11.23	2032	2089	0.00	177	0	0	0	nan	0.00	0.00	3.78	84.69	88.77	0.00	39	0	42	0.00	0.00	65.25	7.49	0.00	0.00	2000
228	11.24	2044	2088	0.93	211	0	0	6	71.38	0.00	0.00	4.58	83.79	88.76	0.00	39	0	42	0.00	0.00	65.01	7.52	0.00	0.00	2000
228	11.29	2007	2112	0.55	178	0	0	0	nan	0.00	0.00	5.30	84.15	88.71	0.00	39	0	42	0.00	0.00	65.01	7.54	0.00	0.00	2000
231	11.47	1997	2116	0.00	215	0	0	0	nan	0.00	0.00	6.93	82.46	88.53	0.00	39	0	42	0.00	0.00	65.41	7.52	0.00	0.00	2000
229	11.34	2032	2082	0.00	180	0	0	0	nan	0.00	0.02	4.42	83.59	88.66	0.00	39	0	41	0.00	0.00	65.37	7.52	0.00	0.00	2000
230	11.17	2044	2111	0.00	211	0	0	0	nan	0.00	0.00	4.71	84.73	88.83	0.00	38	0	42	0.00	0.00	64.56	7.58	0.00	0.00	2000
229	11.14	2067	2087	0.00	179	0	0	0	nan	0.00	0.00	4.25	84.21	88.86	0.00	39	0	41	0.00	0.00	64.70	7.42	0.00	0.00	2000
231	11.57	1980	2115	0.00	226	0	0	0	nan	0.00	0.00	6.16	83.03	88.43	0.00	39	0	42	0.00	0.00	65.06	7.59	0.00	0.00	2000
228	10.98	2083	2092	0.00	179	0	0	0	nan	0.00	0.00	4.36	84.47	89.02	0.00	39	0	42	0.00	0.00	65.01	7.51	0.00	0.00	2000
232	11.22	2082	2089	0.00	212	0	0	0	nan	0.00	0.00	4.58	83.79	88.78	0.00	39	0	42	0.00	0.00	65.18	7.55	0.00	0.00	2000
227	11.09	2043	2109	0.00	178	0	0	0	nan	0.00	0.00	5.25	84.19	88.91	0.00	39	0	42	0.00	0.00	65.32	7.45	0.00	0.00	2000
229	11.20	2055	2090	0.00	211	0	0	0	nan	0.00	0.00	4.41	84.03	88.80	0.00	38	0	42	0.00	0.00	65.40	7.17	0.00	0.00	2000
228	11.22	2021	2110	0.00	179	0	0	0	nan	0.00	0.00	5.36	84.02	88.78	0.00	39	0	42	0.00	0.00	65.18	7.89	0.00	0.00	2000
229	11.28	2022	2109	0.00	211	0	0	0	nan	0.00	0.00	4.66	84.50	88.72	0.00	39	0	42	0.00	0.00	65.53	7.54	0.00	0.00	2000
229	11.16	2064	2092	0.00	179	0	0	0	nan	0.00	0.00	4.72	83.88	88.84	0.00	38	0	42	0.00	0.00	65.52	7.55	0.00	0.00	2000
229	11.33	2013	2108	0.00	211	0	0	0	nan	0.00	0.00	4.65	84.39	88.67	0.00	38	0	42	0.00	0.00	65.23	7.24	0.00	0.00	2000
228	10.98	2106	2072	0.00	178	0	0	0	nan	0.00	0.00	4.49	83.32	89.02	0.00	39	0	42	0.00	0.00	62.64	7.16	0.00	0.00	2000
229	11.20	2036	2107	0.00	210	0	0	0	nan	0.00	0.00	4.94	84.27	88.80	0.00	39	0	42	0.00	0.00	64.98	7.47	0.00	0.00	2000
228	10.86	2105	2094	0.59	178	0	0	6	72.97	0.00	0.00	5.49	83.42	89.14	0.00	39	0	42	0.00	0.00	65.23	7.50	0.00	0.00	2000
231	11.03	2090	2104	0.89	211	0	0	2	85.83	0.00	0.00	5.67	83.53	88.97	0.00	39	0	41	0.00	0.00	65.26	7.56	0.00	0.00	2000
230	10.89	2095	2114	0.00	179	0	0	0	nan	0.00	0.00	5.11	84.72	89.11	0.00	39	0	42	0.00	0.00	68.98	7.85	0.00	0.00	2000
230	11.16	2049	2108	0.00	210	0	0	0	nan	0.00	0.00	4.58	84.76	88.84	0.00	39	0	42	0.00	0.00	65.44	7.32	0.00	0.00	2000
235	11.66	2035	2077	0.00	181	0	0	0	nan	0.00	0.00	4.82	82.54	88.34	0.00	39	0	42	0.00	0.00	62.83	7.20	0.00	0.00	2000
230	11.41	2013	2104	0.00	211	0	0	0	nan	0.00	0.00	5.25	83.61	88.59	0.00	38	0	42	0.00	0.00	64.62	7.48	0.00	0.00	2000
232	11.27	2050	2105	0.00	181	0	0	0	nan	0.00	0.00	5.84	83.17	88.73	0.00	38	0	42	0.00	0.00	65.49	7.66	0.00	0.00	2000
234	11.28	2078	2096	0.00	214	0	0	0	nan	0.00	0.00	5.28	83.37	88.72	0.00	39	0	42	0.00	0.00	65.61	7.46	0.00	0.00	2000
229	11.10	2052	2115	0.00	178	0	0	0	nan	0.00	0.00	5.49	84.16	88.90	0.00	38	0	42	0.00	0.00	68.19	7.79	0.00	0.00	2000
229	11.17	2063	2087	0.00	210	0	0	0	nan	0.00	0.00	4.09	84.30	88.83	0.00	39	0	42	0.00	0.00	62.74	7.21	0.00	0.00	2000
229	11.11	2054	2110	0.00	178	0	0	0	nan	0.00	0.00	5.56	83.87	88.89	0.00	38	0	42	0.00	0.00	68.33	7.78	0.00	0.00	2000
229	11.21	2046	2099	0.00	212	0	0	0	nan	0.00	0.00	4.20	84.66	88.79	0.00	39	0	42	0.00	0.00	62.26	7.22	0.00	0.00	2000
229	11.39	2029	2084	0.00	179	0	0	0	nan	0.00	0.02	4.70	83.26	88.61	0.00	39	0	42	0.00	0.00	64.98	7.47	0.00	0.00	2000
230	10.89	2090	2124	0.00	211	0	0	0	nan	0.00	0.00	5.04	85.10	89.11	0.00	39	0	42	0.00	0.00	68.28	7.84	0.00	0.00	2000
228	11.14	2055	2090	0.00	178	0	0	0	nan	0.00	0.00	4.48	84.05	88.86	0.00	38	0	42	0.00	0.00	62.57	7.33	0.00	0.00	2000
230	11.14	2064	2099	0.00	211	0	0	0	nan	0.00	0.00	5.26	83.65	88.86	0.00	39	0	42	0.00	0.00	64.89	7.43	0.00	0.00	2000
228	11.22	2027	2108	0.00	178	0	0	0	nan	0.00	0.00	4.83	84.41	88.78	0.00	39	0	42	0.00	0.00	64.88	7.63	0.00	0.00	2000
231	11.25	2054	2098	0.20	211	0	0	4	74.58	0.00	0.00	4.28	84.47	88.75	0.00	39	0	42	0.00	0.00	64.97	7.52	0.00	0.00	2000
230	10.98	2095	2100	1.21	178	0	0	3	79.73	0.00	0.00	4.48	84.53	89.02	0.00	39	0	41	0.00	0.00	65.32	7.50	0.00	0.00	2000
229	11.13	2060	2098	0.00	212	0	0	0	nan	0.00	0.00	4.62	84.24	88.87	0.00	39	0	41	0.00	0.00	64.89	7.41	0.00	0.00	2000
228	11.01	2068	2102	0.00	178	0	0	0	nan	0.00	0.00	5.00	84.10	88.99	0.00	39	0	42	0.00	0.00	64.93	7.48	0.00	0.00	2000
230	11.11	2070	2099	0.00	212	0	0	0	nan	0.00	0.00	4.62	84.33	88.89	0.00	39	0	42	0.00	0.00	65.05	7.46	0.00	0.00	2000
230	11.15	2085	2081	0.00	179	0	0	0	nan	0.00	0.00	5.24	82.84	88.85	0.00	39	0	42	0.00	0.00	65.22	7.45	0.00	0.00	2000
231	11.12	2053	2121	0.00	211	0	0	0	nan	0.00	0.00	5.66	84.16	88.88	0.00	39	0	42	0.00	0.00	65.36	7.39	0.00	0.00	2000
228	11.05	2085	2078	0.00	178	0	0	0	nan	0.00	0.00	4.90	83.16	88.95	0.00	39	0	42	0.00	0.00	64.97	7.40	0.00	0.00	2000
230	10.85	2104	2120	0.00	210	0	0	0	nan	0.00	0.00	4.91	85.12	89.15	0.00	39	0	42	0.00	0.00	64.96	7.34	0.00	0.00	2000
230	11.06	2069	2109	0.00	181	0	0	0	nan	0.00	0.02	6.60	82.79	88.94	0.00	39	0	42	0.00	0.00	67.28	7.16	0.00	0.00	2000
232	11.14	2105	2073	0.00	197	0	0	0	nan	0.00	0.02	4.07	83.69	88.86	0.00	39	0	42	0.00	0.00	61.09	7.16	0.00	0.00	2000
229	11.14	2041	2117	0.00	195	0	0	0	nan	0.00	0.00	4.88	84.82	88.86	0.00	39	0	42	0.00	0.00	67.48	7.71	0.00	0.00	2000
229	11.22	2036	2105	0.00	210	0	0	0	nan	0.00	0.00	4.96	84.14	88.78	0.00	39	0	42	0.00	0.00	65.19	7.53	0.00	0.00	2000
228	11.10	2061	2095	0.00	178	0	0	0	nan	0.00	0.00	4.30	84.45	88.90	0.00	39	0	42	0.00	0.00	65.20	7.42	0.00	0.00	2000
229	11.20	2059	2090	0.00	212	0	0	0	nan	0.00	0.00	4.94	83.51	88.80	0.00	39	0	42	0.00	0.00	65.56	7.46	0.00	0.00	2000
228	10.93	2072	2111	0.00	178	0	0	0	nan	0.00	0.00	5.35	84.30	89.07	0.00	39	0	42	0.00	0.00	65.28	7.45	0.00	0.00	2000
231	11.18	2056	2113	0.00	212	0	0	0	nan	0.00	0.00	4.73	84.62	88.82	0.00	39	0	42	0.00	0.00	65.55	7.54	0.00	0.00	2000
228	11.16	2072	2068	0.00	178	0	0	3	74.94	0.00	0.02	3.61	83.91	88.84	0.00	39	0	42	0.00	0.00	62.37	7.16	0.00	0.00	2000
229	10.89	2082	2121	1.36	211	0	0	5	77.19	0.00	0.00	5.37	84.76	89.11	0.00	39	0	42	0.00	0.00	68.11	7.77	0.00	0.00	2000
228	11.16	2048	2094	0.00	179	0	0	0	nan	0.00	0.00	4.30	84.39	88.84	0.00	39	0	42	0.00	0.00	62.54	7.16	0.00	0.00	2000
231	11.20	2048	2115	0.00	211	0	0	0	nan	0.00	0.00	4.22	85.26	88.80	0.00	39	0	42	0.00	0.00	68.29	7.77	0.00	0.00	2000
230	11.12	2104	2069	0.00	179	0	0	0	nan	0.00	0.00	3.46	84.15	88.88	0.00	39	0	42	0.00	0.00	62.26	7.25	0.00	0.00	2000
231	11.60	1979	2113	0.00	210	0	0	0	nan	0.00	0.00	4.98	84.10	88.40	0.00	39	0	42	0.00	0.00	65.24	7.53	0.00	0.00	2000
229	11.30	2024	2105	0.00	180	0	0	0	nan	0.00	0.00	4.85	84.15	88.70	0.00	39	0	42	0.00	0.00	65.29	7.51	0.00	0.00	2000
228	11.32	2017	2101	0.00	210	0	0	0	nan	0.00	0.00	4.12	84.67	88.68	0.00	39	0	42	0.00	0.00	65.41	7.41	0.00	0.00	2000
232	11.36	2059	2079	0.00	181	0	0	0	nan	0.00	0.00	5.69	82.12	88.64	0.00	39	0	42	0.00	0.00	65.44	7.59	0.00	0.00	2000
232	11.03	2084	2122	0.00	212	0	0	0	nan	0.00	0.00	5.60	84.34	88.97	0.00	39	0	42	0.00	0.00	65.69	7.52	0.00	0.00	2000
228	11.22	2033	2098	0.00	179	0	0	0	nan	0.00	0.00	4.54	84.22	88.78	0.00	39	0	42	0.00	0.00	65.88	7.37	0.00	0.00	2000
230	11.10	2086	2088	0.00	210	0	0	0	nan	0.00	0.00	4.55	83.87	88.90	0.00	39	0	42	0.00	0.00	64.87	7.38	0.00	0.00	2000
229	10.81	2101	2118	0.00	178	0	0	0	nan	0.00	0.00	5.43	84.64	89.19	0.00	39	0	42	0.00	0.00	65.75	7.43	0.00	0.00	2000
230	10.97	2089	2108	0.00	199	0	0	0	nan	0.00	0.00	4.76	84.63	89.03	0.00	39	0	42	0.00	0.00	66.16	7.67	0.00	0.00	2000
230	11.42	2057	2061	0.00	196	0	0	0	nan	0.00	0.03	4.36	82.72	88.58	0.00	39	0	42	0.00	0.00	64.41	7.29	0.00	0.00	2000
231	10.83	2102	2129	0.00	210	0	0	0	nan	0.00	0.00	4.82	85.68	89.17	0.00	39	0	42	0.00	0.00	65.66	7.53	0.00	0.00	2000
229	10.96	2086	2100	0.00	178	0	0	0	nan	0.00	0.00	4.27	84.80	89.04	0.00	39	0	42	0.00	0.00	65.54	7.62	0.00	0.00	2000
230	11.19	2046	2105	0.00	211	0	0	1	72.83	0.00	0.00	4.26	84.78	88.81	0.00	39	0	42	0.00	0.00	65.48	7.48	0.00	0.00	2000
229	11.15	2065	2090	1.42	180	0	0	6	67.89	0.00	0.00	4.07	84.50	88.85	0.00	39	0	42	0.00	0.00	65.05	7.56	0.00	0.00	2000
231	11.22	2056	2105	0.00	210	0	0	0	nan	0.00	0.00	4.60	84.43	88.78	0.00	39	0	42	0.00	0.00	65.76	7.50	0.00	0.00	2000
228	11.28	2040	2079	0.00	180	0	0	0	nan	0.00	0.00	4.76	83.11	88.72	0.00	39	0	42	0.00	0.00	65.44	7.38	0.00	0.00	2000
230	11.05	2052	2126	0.00	211	0	0	0	nan	0.00	0.00	5.65	84.51	88.95	0.00	39	0	42	0.00	0.00	65.88	7.53	0.00	0.00	2000
228	11.08	2057	2103	0.00	179	0	0	0	nan	0.00	0.00	4.28	84.90	88.92	0.00	39	0	42	0.00	0.00	67.03	7.58	0.00	0.00	2000
230	11.24	2092	2050	0.00	195	0	0	0	nan	0.00	0.02	4.05	82.69	88.76	0.00	39	0	42	0.00	0.00	63.83	7.24	0.00	0.00	2000
230	10.84	2097	2128	0.00	194	0	0	0	nan	0.00	0.00	3.87	86.52	89.16	0.00	38	0	42	0.00	0.00	65.56	7.64	0.00	0.00	2000
232	11.27	2046	2114	0.00	211	0	0	0	nan	0.02	0.00	4.97	84.44	88.73	0.00	39	0	42	0.00	0.00	65.42	7.36	0.00	0.00	2000
228	11.15	2053	2091	0.00	178	0	0	0	nan	0.00	0.00	4.44	84.06	88.85	0.00	39	0	42	0.00	0.00	65.64	7.51	0.00	0.00	2000
230	10.99	2083	2110	0.00	196	0	0	0	nan	0.00	0.00	4.48	85.00	89.01	0.00	39	0	42	0.00	0.00	63.00	7.54	0.00	0.00	2000
228	11.06	2068	2095	0.00	194	0	0	0	nan	0.00	0.02	4.03	84.74	88.94	0.00	39	0	42	0.00	0.00	68.04	7.64	0.00	0.00	2000
229	11.14	2054	2106	0.00	195	0	0	0	nan	0.00	0.00	3.65	85.54	88.86	0.00	39	0	42	0.00	0.00	64.81	7.60	0.00	0.00	2000
230	11.16	2054	2107	0.00	196	0	0	0	nan	0.00	0.01	3.95	85.27	88.84	0.00	39	0	42	0.00	0.00	65.36	7.72	0.00	0.00	2000
229	11.49	2012	2077	0.00	196	0	0	0	nan	0.00	0.01	3.55	84.13	88.51	0.00	39	0	42	0.00	0.00	65.04	7.32	0.00	0.00	2000
228	11.13	2019	2129	0.00	194	0	0	0	nan	0.00	0.00	5.00	85.24	88.87	0.00	39	0	42	0.00	0.00	65.98	7.65	0.00	0.00	2000
229	11.34	2041	2079	0.00	197	0	0	0	nan	0.00	0.02	3.59	84.27	88.66	0.00	39	0	42	0.00	0.00	64.18	7.42	0.00	0.00	2000
228	11.24	2014	2112	0.00	194	0	0	0	nan	0.00	0.00	4.17	85.26	88.76	0.00	39	0	42	0.00	0.00	64.67	7.50	0.00	0.00	2000
231	11.27	2040	2105	1.26	213	0	0	5	72.33	0.00	0.00	4.68	84.41	88.73	0.00	39	0	42	0.00	0.00	65.00	7.48	0.00	0.00	2000
228	11.10	2068	2084	0.21	178	0	0	0	nan	0.00	0.00	4.32	84.05	88.90	0.00	39	0	42	0.00	0.00	64.73	7.52	0.00	0.00	2000
228	11.09	2043	2117	0.00	211	0	0	0	nan	0.00	0.02	4.48	85.29	88.91	0.00	39	0	41	0.00	0.00	65.72	7.54	0.00	0.00	2000
228	11.10	2065	2087	0.00	178	0	0	0	nan	0.00	0.00	4.27	84.23	88.90	0.00	39	0	42	0.00	0.00	64.99	7.59	0.00	0.00	2000
230	11.28	2024	2113	0.00	212	0	0	0	nan	0.00	0.00	4.89	84.47	88.72	0.00	39	0	42	0.00	0.00	64.77	7.60	0.00	0.00	2000
231	11.31	2052	2087	0.00	179	0	0	0	nan	0.00	0.00	3.93	84.31	88.69	0.00	39	0	41	0.00	0.00	65.45	7.50	0.00	0.00	2000
231	11.13	2065	2111	0.00	211	0	0	0	nan	0.00	0.00	4.81	84.62	88.87	0.00	39	0	42	0.00	0.00	65.05	7.41	0.00	0.00	2000
229	11.12	2044	2117	0.00	178	0	0	0	nan	0.00	0.00	4.48	85.10	88.88	0.00	39	0	42	0.00	0.00	67.16	7.74	0.00	0.00	2000
229	11.38	2059	2048	0.00	195	0	0	0	nan	0.00	0.00	4.21	82.38	88.62	0.00	39	0	42	0.00	0.00	58.31	6.41	0.00	0.00	2000
229	11.28	2019	2109	0.00	195	0	0	0	nan	0.00	0.00	4.78	84.38	88.72	0.00	39	0	42	0.00	0.00	67.60	7.83	0.00	0.00	2000
231	11.03	2056	2138	0.00	210	0	0	0	nan	0.00	0.00	4.90	85.80	88.97	0.00	39	0	42	0.00	0.00	68.22	7.79	0.00	0.00	2000
230	11.31	2066	2064	0.00	179	0	0	0	nan	0.00	0.01	4.17	83.05	88.69	0.00	39	0	42	0.00	0.00	61.95	7.23	0.00	0.00	2000
231	10.77	2117	2131	0.00	212	0	0	0	nan	0.00	0.00	6.09	84.49	89.23	0.00	38	0	41	0.00	0.00	69.23	7.84	0.00	0.00	2000
228	11.05	2103	2062	0.00	178	0	0	0	nan	0.00	0.00	3.88	83.50	88.95	0.00	38	0	42	0.00	0.00	61.95	7.11	0.00	0.00	2000
230	11.01	2076	2110	0.00	194	0	0	0	nan	0.00	0.00	4.72	84.72	88.99	0.00	38	0	42	0.00	0.00	68.11	7.36	0.00	0.00	2000
228	11.02	2048	2118	0.00	194	0	0	0	nan	0.00	0.00	4.92	84.99	88.98	0.00	39	0	42	0.00	0.00	65.19	7.64	0.00	0.00	2000
231	11.24	2056	2102	0.00	195	0	0	0	nan	0.00	0.00	4.27	84.62	88.76	0.00	39	0	42	0.00	0.00	62.73	7.24	0.00	0.00	2000
228	10.81	2135	2073	0.92	196	0	0	6	72.85	0.00	0.02	3.71	84.40	89.19	0.00	39	0	42	0.00	0.00	64.56	7.52	0.00	0.00	2000
236	11.42	2049	2116	0.54	197	0	0	0	90.25	0.00	0.00	5.41	83.88	88.58	0.00	39	0	42	0.00	0.00	65.12	7.41	0.00	0.00	2000
229	11.06	2060	2110	0.00	198	0	0	0	nan	0.00	0.08	4.67	84.75	88.94	0.00	39	0	42	0.00	0.00	68.12	7.86	0.00	0.00	2000
229	11.28	2030	2101	0.00	194	0	0	0	nan	0.00	0.00	3.87	84.95	88.72	0.00	39	0	42	0.00	0.00	65.19	7.69	0.00	0.00	2000
230	11.39	2054	2066	0.00	198	0	0	0	nan	0.00	0.00	4.03	83.17	88.61	0.00	39	0	42	0.00	0.00	62.50	7.16	0.00	0.00	2000
229	11.05	2063	2112	0.00	194	0	0	0	nan	0.00	0.00	3.95	85.57	88.95	0.00	39	0	42	0.00	0.00	64.84	7.52	0.00	0.00	2000
230	11.09	2053	2121	0.00	194	0	0	0	nan	0.00	0.00	4.70	85.26	88.91	0.00	39	0	42	0.00	0.00	67.72	7.69	0.00	0.00	2000
231	11.29	2061	2080	0.00	194	0	0	0	nan	0.00	0.00	3.63	84.29	88.71	0.00	39	0	42	0.00	0.00	62.85	7.22	0.00	0.00	2000
228	11.26	2014	2114	0.00	196	0	0	0	nan	0.00	0.00	4.70	84.76	88.74	0.00	39	0	41	0.00	0.00	64.88	7.62	0.00	0.00	2000
230	11.29	2056	2079	0.00	195	0	0	0	nan	0.00	0.00	4.21	83.64	88.71	0.00	39	0	42	0.00	0.00	64.96	7.50	0.00	0.00	2000
229	11.06	2051	2124	0.00	196	0	0	0	nan	0.00	0.00	4.60	85.39	88.94	0.00	39	0	42	0.00	0.00	68.57	7.75	0.00	0.00	2000
230	11.11	2058	2113	0.00	194	0	0	0	nan	0.00	0.00	3.43	86.11	88.89	0.00	39	0	42	0.00	0.00	65.17	7.34	0.00	0.00	2000
228	11.07	2086	2077	0.00	196	0	0	0	nan	0.00	0.02	3.12	84.97	88.93	0.00	39	0	42	0.00	0.00	62.19	7.10	0.00	0.00	2000
229	11.23	2023	2119	0.00	194	0	0	0	nan	0.00	0.00	3.57	86.10	88.77	0.00	39	0	42	0.00	0.00	67.96	7.78	0.00	0.00	2000
228	11.05	2096	2064	0.00	194	0	0	0	nan	0.00	0.00	3.26	84.26	88.95	0.00	39	0	42	0.00	0.00	59.45	6.80	0.00	0.00	2000
232	10.99	2078	2129	0.00	195	0	0	0	nan	0.00	0.00	4.34	85.98	89.01	0.00	39	0	42	0.00	0.00	67.47	7.55	0.00	0.00	2000
228	11.09	2054	2098	0.00	196	0	0	0	nan	0.00	0.00	3.78	85.09	88.91	0.00	39	0	42	0.00	0.00	65.23	7.49	0.00	0.00	2000
235	11.52	2055	2081	0.57	210	0	0	6	76.43	0.00	0.00	7.39	80.36	88.48	0.00	39	0	42	0.00	0.00	65.59	7.63	0.00	0.00	2000
229	10.93	2104	2089	0.88	195	0	0	2	86.03	0.00	0.00	5.04	83.65	89.07	0.00	39	0	42	0.00	0.00	62.02	6.95	0.00	0.00	2000
229	10.88	2075	2135	0.00	194	0	0	0	nan	0.00	0.00	4.38	86.23	89.12	0.00	39	0	42	0.00	0.00	67.91	7.72	0.00	0.00	2000
230	11.25	2069	2074	0.00	196	0	0	0	nan	0.00	0.02	4.31	83.39	88.75	0.00	39	0	42	0.00	0.00	62.44	7.14	0.00	0.00	2000
230	10.96	2065	2132	0.00	195	0	0	0	nan	0.00	0.00	4.13	86.44	89.04	0.00	39	0	42	0.00	0.00	70.85	7.83	0.00	0.00	2000
229	11.19	2055	2092	0.00	198	0	0	0	nan	0.00	0.02	4.43	84.12	88.81	0.00	39	0	42	0.00	0.00	59.67	7.29	0.00	0.00	2000
233	11.30	2056	2106	0.00	196	0	0	0	nan	0.00	0.00	3.44	85.61	88.70	0.00	39	0	42	0.00	0.00	68.11	7.81	0.00	0.00	2000
229	10.89	2141	2065	0.00	195	0	0	0	nan	0.00	0.00	3.43	84.18	89.11	0.00	39	0	42	0.00	0.00	62.43	7.13	0.00	0.00	2000
231	11.30	2016	2133	0.00	195	0	0	0	nan	0.00	0.00	4.80	85.45	88.70	0.00	39	0	42	0.00	0.00	70.72	7.64	0.00	0.00	2000
228	11.29	2026	2093	0.00	195	0	0	0	nan	0.00	0.00	3.80	84.69	88.71	0.00	39	0	42	0.00	0.00	60.25	7.25	0.00	0.00	2000
231	11.20	2041	2122	0.00	194	0	0	0	nan	0.00	0.00	3.58	86.22	88.80	0.00	39	0	42	0.00	0.00	67.00	7.68	0.00	0.00	2000
226	11.22	2101	2008	0.00	194	0	0	0	nan	0.00	0.02	3.80	81.24	88.78	0.00	39	0	42	0.00	0.00	63.55	7.25	0.00	0.00	2000
231	10.81	2061	2182	0.00	195	0	0	0	nan	0.00	0.01	3.48	89.30	89.19	0.00	39	0	42	0.00	0.00	65.58	7.29	0.00	0.00	2000
231	11.14	2111	2060	0.00	196	0	0	0	nan	0.00	0.00	4.23	82.91	88.86	0.00	39	0	42	0.00	0.00	65.11	7.13	0.00	0.00	2000
230	11.17	2044	2114	0.00	196	0	0	0	nan	0.00	0.00	3.67	85.91	88.83	0.00	39	0	42	0.00	0.00	65.34	7.29	0.00	0.00	2000
228	11.06	2074	2091	0.00	194	0	0	0	nan	0.00	0.00	4.93	83.84	88.94	0.00	39	0	42	0.00	0.00	64.76	7.45	0.00	0.00	2000
232	11.26	2025	2134	0.00	195	0	0	0	nan	0.00	0.00	4.86	85.54	88.74	0.00	39	0	41	0.00	0.00	64.95	7.30	0.00	0.00	2000
228	11.38	2031	2067	0.17	194	0	0	4	75.16	0.00	0.00	3.72	83.55	88.62	0.00	39	0	42	0.00	0.00	65.42	7.39	0.00	0.00	2000
232	11.40	2014	2120	1.22	195	0	0	4	82.76	0.00	0.00	4.45	85.09	88.60	0.00	39	0	42	0.00	0.00	65.04	7.44	0.00	0.00	2000
228	10.94	2076	2106	0.00	195	0	0	0	nan	0.00	0.00	3.73	85.64	89.06	0.00	39	0	42	0.00	0.00	65.63	7.40	0.00	0.00	2000
229	11.28	2048	2080	0.00	194	0	0	0	nan	0.00	0.00	3.70	84.22	88.72	0.00	39	0	42	0.00	0.00	65.12	7.30	0.00	0.00	2000
229	10.96	2075	2113	0.00	195	0	0	0	nan	0.00	0.00	4.05	85.60	89.04	0.00	39	0	42	0.00	0.00	66.09	7.51	0.00	0.00	2000
230	11.36	2051	2069	0.00	196	0	0	0	nan	0.00	0.00	3.76	83.73	88.64	0.00	39	0	42	0.00	0.00	64.31	7.31	0.00	0.00	2000
231	10.98	2090	2113	0.00	196	0	0	0	nan	0.00	0.00	3.35	86.32	89.02	0.00	39	0	41	0.00	0.00	65.21	7.29	0.00	0.00	2000
232	11.09	2067	2126	0.00	196	0	0	0	nan	0.00	0.00	5.38	84.69	88.91	0.00	39	0	42	0.00	0.00	65.47	7.19	0.00	0.00	2000
229	11.44	2027	2072	0.00	198	0	0	0	nan	0.00	0.02	5.12	82.32	88.56	0.00	39	0	42	0.00	0.00	65.18	7.37	0.00	0.00	2000
231	11.00	2061	2136	0.00	195	0	0	0	nan	0.00	0.00	4.27	86.35	89.00	0.00	39	0	41	0.00	0.00	65.28	7.30	0.00	0.00	2000
229	11.06	2075	2091	0.00	195	0	0	0	nan	0.00	0.00	3.01	85.61	88.94	0.00	39	0	42	0.00	0.00	65.48	7.43	0.00	0.00	2000
229	11.27	2048	2083	0.00	194	0	0	0	nan	0.00	0.00	3.71	84.34	88.73	0.00	39	0	42	0.00	0.00	65.09	7.50	0.00	0.00	2000
230	11.37	2008	2113	0.00	197	0	0	0	nan	0.00	0.00	4.58	84.69	88.63	0.00	39	0	42	0.00	0.00	65.28	7.52	0.00	0.00	2000
231	11.09	2066	2113	0.00	195	0	0	0	nan	0.00	0.00	3.81	85.75	88.91	0.00	39	0	42	0.00	0.00	65.49	7.37	0.00	0.00	2000
227	11.15	2076	2063	0.00	194	0	0	0	nan	0.00	0.00	3.25	84.19	88.85	0.00	39	0	42	0.00	0.00	65.13	7.34	0.00	0.00	2000
230	11.07	2055	2124	0.00	193	0	0	0	nan	0.00	0.00	4.07	85.98	88.93	0.00	39	0	42	0.00	0.00	65.39	7.56	0.00	0.00	2000
228	11.32	2044	2071	0.00	197	0	0	0	nan	0.00	0.00	4.29	83.25	88.68	0.00	39	0	42	0.00	0.00	65.02	7.45	0.00	0.00	2000
232	11.17	2034	2146	0.00	195	0	0	3	72.99	0.00	0.00	4.84	86.04	88.83	0.00	39	0	42	0.00	0.00	65.77	7.41	0.00	0.00	2000
228	11.26	2063	2063	1.35	196	0	0	5	72.82	0.00	0.00	3.34	83.87	88.74	0.00	39	0	42	0.00	0.00	65.40	7.40	0.00	0.00	2000
229	10.95	2065	2128	0.00	194	0	0	0	nan	0.00	0.00	4.73	85.64	89.05	0.00	39	0	42	0.00	0.00	65.70	7.41	0.00	0.00	2000
228	11.19	2039	2096	0.00	197	0	0	0	nan	0.00	0.00	3.96	84.78	88.81	0.00	39	0	42	0.00	0.00	65.54	7.61	0.00	0.00	2000
230	11.17	2048	2113	0.00	194	0	0	0	nan	0.00	0.00	3.80	85.73	88.83	0.00	39	0	42	0.00	0.00	64.79	7.33	0.00	0.00	2000
231	11.09	2092	2089	0.00	195	0	0	0	nan	0.00	0.02	3.40	85.07	88.91	0.00	39	0	42	0.00	0.00	65.62	7.46	0.00	0.00	2000
229	11.12	2066	2096	0.00	194	0	0	0	nan	0.00	0.00	4.48	84.29	88.88	0.00	39	0	42	0.00	0.00	65.33	7.65	0.00	0.00	2000
228	11.34	2032	2080	0.00	196	0	0	0	nan	0.00	0.00	3.91	83.97	88.66	0.00	39	0	42	0.00	0.00	65.18	7.54	0.00	0.00	2000
230	11.36	2023	2104	0.00	194	0	0	0	nan	0.00	0.00	4.27	84.64	88.64	0.00	39	0	42	0.00	0.00	64.92	7.68	0.00	0.00	2000
228	11.27	2004	2118	0.00	195	0	0	0	nan	0.00	0.00	4.98	84.65	88.73	0.00	39	0	42	0.00	0.00	65.33	7.36	0.00	0.00	2000
226	11.68	2030	2003	0.00	193	0	0	0	nan	0.01	0.00	3.02	81.32	88.32	0.00	39	0	42	0.00	0.00	59.82	6.84	0.00	0.00	2000
232	11.14	1982	2204	0.00	211	0	0	0	nan	0.00	0.00	3.30	90.13	88.86	0.00	39	0	42	0.00	0.00	70.65	7.94	0.00	0.00	2000
229	11.47	1990	2109	0.00	197	0	0	0	nan	0.01	0.00	4.88	84.16	88.53	0.00	39	0	42	0.00	0.00	64.79	7.38	0.00	0.00	2000
227	11.34	2015	2090	0.00	196	0	0	0	nan	0.00	0.00	3.97	84.42	88.66	0.00	39	0	42	0.00	0.00	64.66	7.44	0.00	0.00	2000
229	11.29	2028	2103	0.00	194	0	0	0	nan	0.00	0.00	3.71	85.22	88.71	0.00	39	0	42	0.00	0.00	65.07	7.58	0.00	0.00	2000
231	11.29	2075	2068	0.00	196	0	0	0	nan	0.00	0.00	3.72	83.68	88.71	0.00	39	0	42	0.00	0.00	64.81	7.50	0.00	0.00	2000
229	11.05	2030	2141	0.00	194	0	0	0	nan	0.01	0.01	3.45	87.36	88.95	0.00	39	0	42	0.00	0.00	64.76	7.52	0.00	0.00	2000
227	10.89	2121	2064	0.00	194	0	0	2	76.54	0.00	0.02	3.42	84.31	89.11	0.00	39	0	42	0.00	0.00	65.15	7.64	0.00	0.00	2000
229	11.25	2003	2135	1.35	194	0	0	5	76.05	0.00	0.00	3.39	86.98	88.75	0.00	39	0	42	0.00	0.00	65.51	7.40	0.00	0.00	2000
228	10.79	2130	2085	0.00	195	0	0	0	nan	0.00	0.00	3.22	85.42	89.21	0.00	39	0	42	0.00	0.00	66.06	7.49	0.00	0.00	2000
232	11.30	2051	2101	0.00	195	0	0	0	nan	0.00	0.01	3.47	85.33	88.70	0.00	39	0	42	0.00	0.00	63.54	7.40	0.00	0.00	2000
229	11.30	2043	2080	0.00	196	0	0	0	nan	0.00	0.00	3.78	84.18	88.70	0.00	39	0	42	0.00	0.00	65.59	7.67	0.00	0.00	2000
231	11.09	2050	2130	0.00	194	0	0	0	nan	0.00	0.00	4.05	86.21	88.91	0.00	39	0	42	0.00	0.00	65.90	7.43	0.00	0.00	2000
229	11.17	2065	2081	0.00	196	0	0	0	nan	0.00	0.00	3.92	84.21	88.83	0.00	39	0	42	0.00	0.00	64.17	7.45	0.00	0.00	2000
229	11.20	2023	2125	0.00	195	0	0	0	nan	0.00	0.00	4.56	85.40	88.80	0.00	39	0	42	0.00	0.00	64.94	7.59	0.00	0.00	2000
228	11.21	2075	2063	0.00	194	0	0	0	nan	0.00	0.00	3.53	83.79	88.79	0.00	39	0	42	0.00	0.00	65.25	7.37	0.00	0.00	2000
231	11.11	2050	2128	0.00	196	0	0	0	nan	0.00	0.00	4.62	85.58	88.89	0.00	39	0	41	0.00	0.00	65.27	7.35	0.00	0.00	2000
227	11.11	2049	2098	0.00	195	0	0	0	nan	0.01	0.00	4.00	84.88	88.89	0.00	40	0	42	0.00	0.00	64.99	7.21	0.00	0.00	2000
230	10.99	2081	2107	0.00	195	0	0	0	nan	0.01	0.00	4.36	84.98	89.01	0.00	39	0	42	0.00	0.00	66.00	7.21	0.00	0.00	2000
227	10.98	2106	2060	0.00	194	0	0	0	nan	0.00	0.00	3.87	83.55	89.02	0.00	39	0	42	0.00	0.00	62.24	6.97	0.00	0.00	2000
230	11.03	2052	2139	0.00	194	0	0	0	nan	0.00	0.00	4.51	86.16	88.97	0.00	39	0	42	0.00	0.00	67.92	7.75	0.00	0.00	2000
230	11.21	2059	2089	0.00	196	0	0	0	nan	0.00	0.01	3.57	84.82	88.79	0.00	39	0	41	0.00	0.00	65.48	7.38	0.00	0.00	2000
231	11.08	2066	2115	0.00	196	0	0	0	nan	0.00	0.00	4.86	84.77	88.92	0.00	39	0	42	0.00	0.00	65.32	7.32	0.00	0.00	2000
234	11.42	2053	2091	0.00	199	0	0	0	nan	0.00	0.00	3.98	84.21	88.58	0.00	39	0	42	0.00	0.00	65.69	7.43	0.00	0.00	2000
228	11.31	2013	2107	0.00	195	0	0	0	95.94	0.00	0.01	3.96	85.10	88.69	0.00	39	0	42	0.00	0.00	65.40	7.32	0.00	0.00	2000
228	11.27	2049	2073	1.44	195	0	0	6	73.61	0.00	0.00	3.68	83.92	88.73	0.00	39	0	42	0.00	0.00	65.58	7.28	0.00	0.00	2000
231	11.24	2061	2095	0.01	196	0	0	0	nan	0.00	0.00	5.33	83.34	88.76	0.00	39	0	42	0.00	0.00	62.39	7.24	0.00	0.00	2000
228	10.87	2105	2091	0.00	195	0	0	0	nan	0.00	0.00	4.22	84.65	89.13	0.00	39	0	42	0.00	0.00	65.72	7.17	0.00	0.00	2000
231	10.91	2069	2145	0.00	195	0	0	0	nan	0.00	0.00	4.41	86.71	89.09	0.00	39	0	42	0.00	0.00	68.41	8.02	0.00	0.00	2000
229	11.06	2079	2092	0.00	195	0	0	0	nan	0.02	0.02	3.07	85.60	88.94	0.00	39	0	42	0.00	0.00	65.60	7.26	0.00	0.00	2000
233	11.27	2092	2078	0.00	197	0	0	0	nan	0.00	0.02	4.10	83.74	88.73	0.00	39	0	42	0.00	0.00	62.35	7.13	0.00	0.00	2000
231	11.03	2075	2116	0.00	196	0	0	0	nan	0.00	0.00	3.95	85.78	88.97	0.00	39	0	42	0.00	0.00	68.63	7.64	0.00	0.00	2000
231	11.08	2075	2108	0.00	194	0	0	0	nan	0.00	0.00	3.73	85.62	88.92	0.00	39	0	42	0.00	0.00	65.01	7.31	0.00	0.00	2000
228	11.26	2055	2070	0.00	195	0	0	0	nan	0.00	0.00	3.59	83.98	88.75	0.00	39	0	42	0.00	0.00	62.70	6.68	0.00	0.00	2000
230	11.25	2016	2127	0.00	193	0	0	0	nan	0.00	0.00	4.27	85.80	88.75	0.00	39	0	42	0.00	0.00	67.69	7.94	0.00	0.00	2000
228	11.19	2041	2099	0.00	197	0	0	0	nan	0.00	0.00	3.77	85.04	88.81	0.00	39	0	42	0.00	0.00	65.85	7.38	0.00	0.00	2000
229	11.20	2043	2099	0.00	194	0	0	0	nan	0.00	0.00	3.75	85.04	88.80	0.00	39	0	41	0.00	0.00	65.36	7.40	0.00	0.00	2000
231	11.11	2076	2099	0.00	196	0	0	0	nan	0.00	0.00	4.13	84.71	88.89	0.00	39	0	42	0.00	0.00	65.22	7.39	0.00	0.00	2000
230	11.30	2025	2106	0.00	195	0	0	0	nan	0.00	0.00	3.49	85.51	88.70	0.00	39	0	42	0.00	0.00	65.09	7.42	0.00	0.00	2000
228	11.27	2027	2094	0.00	197	0	0	0	nan	0.00	0.00	4.07	84.54	88.73	0.00	39	0	42	0.00	0.00	65.32	7.12	0.00	0.00	2000
230	11.18	2050	2106	0.00	194	0	0	0	nan	0.00	0.00	3.55	85.62	88.82	0.00	39	0	42	0.00	0.00	65.24	7.68	0.00	0.00	2000
228	11.08	2079	2082	0.00	196	0	0	0	nan	0.00	0.00	3.62	84.58	88.93	0.00	39	0	42	0.00	0.00	62.58	7.06	0.00	0.00	2000
231	10.79	2150	2093	1.09	195	0	0	5	68.73	0.01	0.00	4.31	84.64	89.21	0.00	39	0	42	0.00	0.00	62.81	7.27	0.00	0.00	2000
229	11.10	2042	2124	0.38	199	0	0	0	nan	0.00	0.00	5.92	84.04	88.90	0.00	39	0	42	0.00	0.00	71.19	7.56	0.00	0.00	2000
229	11.15	2043	2108	0.00	195	0	0	0	nan	0.01	0.00	3.15	86.17	88.85	0.00	39	0	41	0.00	0.00	65.39	7.67	0.00	0.00	2000
229	11.10	2097	2064	0.00	194	0	0	0	nan	0.00	0.02	3.08	84.42	88.90	0.00	39	0	42	0.00	0.00	59.71	6.52	0.00	0.00	2000
233	11.17	2074	2108	0.00	193	0	0	0	nan	0.00	0.00	4.63	84.61	88.83	0.00	39	0	42	0.00	0.00	65.00	7.16	0.00	0.00	2000
231	11.27	2064	2084	0.00	198	0	0	0	nan	0.00	0.00	4.78	83.39	88.73	0.00	39	0	42	0.00	0.00	65.00	7.13	0.00	0.00	2000
231	10.91	2075	2140	0.00	194	0	0	0	nan	0.00	0.00	4.65	86.25	89.09	0.00	39	0	42	0.00	0.00	70.98	7.89	0.00	0.00	2000
229	11.11	2071	2093	0.00	196	0	0	0	nan	0.00	0.00	3.32	85.29	88.89	0.00	39	0	42	0.00	0.00	59.86	6.90	0.00	0.00	2000
230	11.36	2017	2105	0.00	194	0	0	0	nan	0.00	0.00	4.14	84.69	88.64	0.00	39	0	42	0.00	0.00	65.23	7.23	0.00	0.00	2000
228	11.01	2109	2064	0.00	196	0	0	0	nan	0.00	0.00	3.50	84.10	88.99	0.00	39	0	42	0.00	0.00	65.03	7.37	0.00	0.00	2000
231	10.80	2133	2108	0.00	195	0	0	0	nan	0.00	0.00	4.89	84.73	89.20	0.00	39	0	42	0.00	0.00	64.88	7.69	0.00	0.00	2000
228	10.96	2090	2093	0.00	196	0	0	0	nan	0.00	0.00	4.31	84.49	89.04	0.00	39	0	42	0.00	0.00	64.87	7.44	0.00	0.00	2000
229	10.87	2066	2141	0.00	194	0	0	0	nan	0.00	0.00	4.84	86.13	89.13	0.00	39	0	41	0.00	0.00	65.39	7.34	0.00	0.00	2000
228	11.27	2047	2073	0.00	197	0	0	0	nan	0.00	0.00	2.92	84.68	88.73	0.00	39	0	42	0.00	0.00	64.94	7.40	0.00	0.00	2000
229	10.96	2087	2102	0.00	194	0	0	0	nan	0.01	0.00	4.89	84.32	89.04	0.00	39	0	42	0.00	0.00	65.56	7.45	0.00	0.00	2000
232	11.52	2007	2107	0.00	194	0	0	0	nan	0.00	0.00	4.50	84.42	88.48	0.00	39	0	42	0.00	0.00	65.29	7.50	0.00	0.00	2000
230	11.48	1993	2110	0.00	194	0	0	0	nan	0.00	0.00	5.14	83.95	88.52	0.00	39	0	42	0.00	0.00	65.09	7.47	0.00	0.00	2000
228	11.13	2048	2096	0.77	196	0	0	6	71.12	0.00	0.00	3.68	85.08	88.87	0.00	39	0	42	0.00	0.00	65.73	7.52	0.00	0.00	2000
230	11.15	2084	2082	0.72	195	0	0	1	90.02	0.00	0.00	4.14	84.00	88.85	0.00	39	0	42	0.00	0.00	65.49	7.39	0.00	0.00	2000
228	11.09	2065	2094	0.00	199	0	0	0	nan	0.00	0.00	4.97	83.81	88.91	0.00	39	0	42	0.00	0.00	65.74	7.47	0.00	0.00	2000
230	11.07	2067	2111	0.00	195	0	0	0	nan	0.00	0.00	4.92	84.52	88.93	0.00	39	0	41	0.00	0.00	65.50	7.46	0.00	0.00	2000
231	11.50	2021	2092	0.00	200	0	0	0	nan	0.00	0.00	4.93	83.33	88.50	0.00	39	0	41	0.00	0.00	65.58	7.52	0.00	0.00	2000
230	11.10	2040	2132	0.00	196	0	0	0	nan	0.00	0.00	5.24	85.16	88.90	0.00	39	0	42	0.00	0.00	64.83	7.60	0.00	0.00	2000
229	11.19	2084	2058	0.00	195	0	0	0	nan	0.00	0.00	2.88	84.26	88.81	0.00	39	0	41	0.00	0.00	65.46	7.43	0.00	0.00	2000
230	10.97	2062	2141	0.00	194	0	0	0	nan	0.00	0.00	3.84	86.97	89.03	0.00	39	0	42	0.00	0.00	65.37	7.56	0.00	0.00	2000
227	10.95	2107	2069	0.00	196	0	0	0	nan	0.00	0.00	3.04	84.73	89.05	0.00	39	0	42	0.00	0.00	65.10	7.40	0.00	0.00	2000
232	11.03	2096	2104	0.00	196	0	0	0	nan	0.00	0.00	4.93	84.24	88.97	0.00	39	0	42	0.00	0.00	65.52	7.65	0.00	0.00	2000
228	10.96	2075	2104	0.00	195	0	0	0	nan	0.00	0.00	4.02	85.37	89.04	0.00	39	0	42	0.00	0.00	65.34	7.63	0.00	0.00	2000
230	11.30	2019	2119	0.00	193	0	0	0	nan	0.00	0.00	4.56	85.07	88.70	0.00	39	0	42	0.00	0.00	65.19	7.52	0.00	0.00	2000
229	11.26	2063	2069	0.00	195	0	0	0	nan	0.00	0.00	3.21	84.29	88.74	0.00	39	0	42	0.00	0.00	64.96	7.38	0.00	0.00	2000
230	11.07	2047	2131	0.00	195	0	0	0	nan	0.00	0.00	4.76	85.66	88.93	0.00	38	0	42	0.00	0.00	65.20	7.58	0.00	0.00	2000
230	11.22	2076	2075	0.00	197	0	0	0	nan	0.00	0.00	4.25	83.49	88.78	0.00	39	0	42	0.00	0.00	65.34	7.73	0.00	0.00	2000
229	10.99	2059	2125	0.00	194	0	0	0	nan	0.00	0.00	4.10	86.03	89.01	0.00	39	0	41	0.00	0.00	65.15	7.54	0.00	0.00	2000
227	11.08	2086	2062	0.00	195	0	0	0	nan	0.00	0.00	3.88	83.53	88.92	0.00	39	0	42	0.00	0.00	64.78	7.32	0.00	0.00	2000
230	10.93	2072	2137	0.41	195	0	0	5	66.76	0.00	0.00	4.90	85.78	89.07	0.00	39	0	42	0.00	0.00	65.26	7.48	0.00	0.00	2000
229	11.00	2108	2071	1.06	196	0	0	3	76.87	0.00	0.00	3.88	83.94	89.00	0.00	39	0	42	0.00	0.00	65.42	7.43	0.00	0.00	2000
231	10.87	2104	2126	0.00	197	1	0	0	nan	0.02	0.00	4.86	85.46	89.13	0.00	39	0	42	0.00	0.00	66.11	7.56	0.00	0.00	2000
229	11.18	2062	2086	0.00	194	0	0	0	nan	0.00	0.02	3.65	84.62	88.82	0.00	39	0	42	0.00	0.00	64.67	7.54	0.00	0.00	2000
230	11.42	1993	2120	0.00	196	0	0	0	nan	0.00	0.00	4.19	85.26	88.58	0.00	39	0	42	0.00	0.00	65.27	7.50	0.00	0.00	2000
228	11.25	2058	2066	0.00	195	0	0	0	nan	0.00	0.00	3.82	83.60	88.75	0.00	39	0	42	0.00	0.00	65.15	7.41	0.00	0.00	2000
230	11.16	2022	2139	0.00	193	0	0	0	nan	0.00	0.00	4.80	85.76	88.84	0.00	39	0	42	0.00	0.00	65.32	7.34	0.00	0.00	2000
228	11.44	2005	2087	0.00	196	0	0	0	nan	0.00	0.02	3.49	84.62	88.56	0.00	39	0	42	0.00	0.00	65.51	7.40	0.00	0.00	2000
232	11.46	2043	2081	0.00	197	0	0	0	nan	0.01	0.02	4.87	82.95	88.54	0.00	39	0	41	0.00	0.00	65.67	7.44	0.00	0.00	2000
228	11.31	2016	2100	0.00	196	0	0	0	nan	0.00	0.00	5.10	83.78	88.69	0.00	39	0	42	0.00	0.00	65.25	7.39	0.00	0.00	2000
229	11.21	2013	2129	0.00	194	0	0	0	nan	0.00	0.00	4.59	85.52	88.79	0.00	39	0	42	0.00	0.00	64.99	7.48	0.00	0.00	2000
228	11.09	2067	2089	0.00	195	0	0	0	nan	0.00	0.00	3.29	85.07	88.91	0.00	39	0	42	0.00	0.00	65.29	7.34	0.00	0.00	2000
229	11.52	1983	2101	0.00	195	0	0	0	nan	0.01	0.00	3.31	85.34	88.48	0.00	39	0	42	0.00	0.00	64.82	7.61	0.00	0.00	2000
230	11.29	2055	2081	0.00	197	0	0	0	nan	0.00	0.02	4.54	83.47	88.71	0.00	39	0	42	0.00	0.00	65.64	7.57	0.00	0.00	2000
229	11.15	2029	2124	0.00	195	0	0	0	nan	0.00	0.01	3.82	86.17	88.85	0.00	39	0	42	0.00	0.00	65.37	7.65	0.00	0.00	2000
227	11.37	2026	2072	0.00	194	0	0	0	nan	0.00	0.00	2.91	84.57	88.63	0.00	39	0	42	0.00	0.00	65.04	7.50	0.00	0.00	2000
229	11.14	2020	2135	0.00	195	0	0	0	nan	0.00	0.00	3.73	86.69	88.86	0.00	39	0	41	0.00	0.00	66.43	7.43	0.00	0.00	2000
227	11.12	2086	2056	0.00	195	0	0	3	74.51	0.00	0.01	3.30	83.80	88.88	0.00	39	0	42	0.00	0.00	63.83	7.20	0.00	0.00	2000
232	11.23	2024	2148	1.38	194	0	0	4	78.87	0.00	0.00	3.89	87.01	88.77	0.00	39	0	42	0.00	0.00	65.75	7.41	0.00	0.00	2000
228	11.25	2056	2072	0.00	195	0	0	0	nan	0.00	0.00	3.22	84.44	88.75	0.00	39	0	42	0.00	0.00	64.81	7.27	0.00	0.00	2000
231	11.19	2039	2122	0.00	194	0	0	0	nan	0.00	0.00	4.56	85.29	88.81	0.00	39	0	42	0.00	0.00	65.13	7.30	0.00	0.00	2000
228	11.17	2077	2068	0.00	197	0	0	0	nan	0.00	0.00	3.69	83.88	88.83	0.00	39	0	42	0.00	0.00	65.56	7.43	0.00	0.00	2000
230	10.97	2061	2137	0.00	194	0	0	0	nan	0.00	0.00	3.90	86.78	89.03	0.00	39	0	42	0.00	0.00	65.51	7.33	0.00	0.00	2000
229	11.08	2115	2056	0.00	196	0	0	0	nan	0.00	0.02	3.72	83.41	88.92	0.00	39	0	42	0.00	0.00	65.42	7.42	0.00	0.00	2000
230	10.83	2083	2142	0.00	196	0	0	0	nan	0.00	0.00	4.52	86.49	89.17	0.00	39	0	41	0.00	0.00	65.65	7.44	0.00	0.00	2000
228	11.08	2070	2090	0.00	197	0	0	0	nan	0.00	0.04	3.06	85.43	88.92	0.00	39	0	42	0.00	0.00	65.71	7.60	0.00	0.00	2000
229	10.91	2086	2108	0.00	194	0	0	0	nan	0.01	0.00	4.06	85.41	89.09	0.00	39	0	42	0.00	0.00	65.74	7.42	0.00	0.00	2000
227	11.07	2060	2092	0.00	195	0	0	0	nan	0.00	0.00	2.83	85.81	88.93	0.00	39	0	42	0.00	0.00	64.83	7.50	0.00	0.00	2000
232	11.45	2022	2100	0.00	197	0	0	0	nan	0.00	0.00	4.85	83.77	88.55	0.00	39	0	41	0.00	0.00	66.07	7.33	0.00	0.00	2000
228	11.26	2060	2069	0.00	196	0	0	0	nan	0.00	0.00	4.13	83.39	88.74	0.00	39	0	42	0.00	0.00	64.92	7.30	0.00	0.00	2000
231	10.93	2072	2138	0.00	194	0	0	0	nan	0.00	0.00	4.52	86.18	89.07	0.00	39	0	42	0.00	0.00	65.72	7.44	0.00	0.00	2000
234	11.59	2033	2086	0.00	198	0	0	0	nan	0.00	0.00	4.47	83.36	88.41	0.00	39	0	42	0.00	0.00	66.63	7.47	0.00	0.00	2000
229	11.12	2095	2068	0.00	194	0	0	0	nan	0.00	0.00	3.49	84.07	88.88	0.00	39	0	42	0.00	0.00	59.24	6.68	0.00	0.00	2000
229	10.79	2099	2121	0.00	195	0	0	0	nan	0.01	0.00	3.53	86.61	89.21	0.00	39	0	42	0.00	0.00	71.11	7.97	0.00	0.00	2000
231	11.08	2079	2106	0.00	196	0	0	2	78.83	0.00	0.01	4.98	84.22	88.92	0.00	39	0	42	0.00	0.00	65.68	7.32	0.00	0.00	2000
228	10.98	2065	2113	1.36	196	0	0	5	75.28	0.00	0.00	4.69	84.96	89.02	0.00	39	0	41	0.00	0.00	65.61	7.47	0.00	0.00	2000
229	11.14	2051	2107	0.00	194	0	0	0	nan	0.00	0.00	4.19	85.07	88.86	0.00	39	0	42	0.00	0.00	65.35	7.40	0.00	0.00	2000
229	11.20	2078	2068	0.00	196	0	0	0	nan	0.00	0.00	3.33	84.18	88.80	0.00	39	0	42	0.00	0.00	64.80	7.38	0.00	0.00	2000
231	10.90	2107	2108	0.00	196	0	0	0	nan	0.00	0.02	5.00	84.46	89.10	0.00	39	0	42	0.00	0.00	65.46	7.49	0.00	0.00	2000
233	11.31	2037	2120	0.00	199	0	0	0	nan	0.03	0.00	5.11	84.49	88.69	0.00	39	0	42	0.00	0.00	65.46	7.48	0.00	0.00	2000
232	11.02	2085	2118	0.00	194	0	0	0	nan	0.00	0.00	3.17	86.61	88.98	0.00	39	0	42	0.00	0.00	67.59	7.84	0.00	0.00	2000
226	11.35	2058	2035	0.00	193	0	0	0	nan	0.00	0.02	3.22	82.82	88.65	0.00	39	0	42	0.00	0.00	58.17	6.95	0.00	0.00	2000
231	11.07	2059	2127	0.00	195	0	0	0	nan	0.00	0.00	3.59	86.53	88.93	0.00	39	0	42	0.00	0.00	70.86	7.97	0.00	0.00	2000
229	10.90	2080	2119	0.00	196	0	0	0	nan	0.00	0.00	4.09	85.81	89.10	0.00	39	0	42	0.00	0.00	64.98	7.41	0.00	0.00	2000
231	11.31	2040	2102	0.00	195	0	0	0	nan	0.00	0.00	4.10	84.64	88.69	0.00	39	0	42	0.00	0.00	65.33	7.46	0.00	0.00	2000
228	11.09	2062	2098	0.00	196	0	0	0	nan	0.00	0.00	3.55	85.35	88.91	0.00	39	0	41	0.00	0.00	65.01	7.59	0.00	0.00	2000
229	11.36	2002	2109	0.00	195	0	0	0	nan	0.00	0.00	4.17	84.95	88.64	0.00	39	0	42	0.00	0.00	64.89	7.40	0.00	0.00	2000
228	11.23	2036	2093	0.00	196	0	0	0	nan	0.00	0.00	3.42	85.03	88.77	0.00	39	0	42	0.00	0.00	65.15	7.49	0.00	0.00	2000
231	11.26	2075	2075	0.00	197	0	0	0	nan	0.00	0.00	4.29	83.47	88.74	0.00	39	0	42	0.00	0.00	59.79	6.77	0.00	0.00	2000
231	11.00	2096	2107	0.00	198	0	0	0	nan	0.00	0.00	5.58	83.75	89.00	0.00	39	0	42	0.00	0.00	65.89	7.45	0.00	0.00	2000
233	11.08	2084	2120	0.00	211	0	0	0	nan	0.00	0.00	7.58	82.31	88.92	0.00	39	0	42	0.00	0.00	70.86	8.18	0.00	0.00	2000
227	11.36	2028	2070	0.00	195	0	0	0	96.51	0.00	0.00	4.37	83.10	88.64	0.00	39	0	42	0.00	0.00	59.48	6.73	0.00	0.00	2000
229	11.02	2054	2129	1.43	194	0	0	6	72.66	0.00	0.00	4.67	85.64	88.98	0.00	39	0	42	0.00	0.00	70.78	7.94	0.00	0.00	2000
228	11.20	2039	2095	0.01	195	0	0	0	nan	0.00	0.00	3.62	85.00	88.80	0.00	39	0	42	0.00	0.00	62.68	6.92	0.00	0.00	2000
229	11.59	2068	2007	0.00	195	0	0	0	nan	0.00	0.00	3.91	80.63	88.41	0.00	39	0	42	0.00	0.00	60.34	6.74	0.00	0.00	2000
232	10.92	2022	2205	0.00	214	0	0	0	nan	0.00	0.00	3.69	89.90	89.08	0.00	39	0	42	0.00	0.00	71.07	8.02	0.00	0.00	2000
230	11.26	2034	2106	0.00	194	0	0	0	nan	0.00	0.00	3.51	85.59	88.74	0.00	39	0	42	0.00	0.00	62.67	7.42	0.00	0.00	2000
228	11.05	2070	2094	0.00	196	0	0	0	nan	0.00	0.00	3.79	84.94	88.95	0.00	39	0	42	0.00	0.00	67.47	7.36	0.00	0.00	2000
228	11.09	2051	2109	0.00	194	0	0	0	nan	0.01	0.00	3.47	85.91	88.91	0.00	39	0	41	0.00	0.00	65.16	7.24	0.00	0.00	2000
230	11.25	2085	2059	0.00	196	0	0	0	nan	0.00	0.00	4.52	82.60	88.75	0.00	39	0	42	0.00	0.00	62.48	7.01	0.00	0.00	2000
231	10.84	2110	2118	0.00	194	0	0	0	nan	0.00	0.00	4.09	85.87	89.16	0.00	39	0	42	0.00	0.00	65.28	7.44	0.00	0.00	2000
228	11.11	2072	2082	0.00	196	0	0	0	nan	0.00	0.00	4.34	83.91	88.89	0.00	39	0	42	0.00	0.00	65.17	7.61	0.00	0.00	2000
229	10.99	2046	2142	0.00	194	0	0	0	nan	0.00	0.00	4.52	86.32	89.01	0.00	39	0	42	0.00	0.00	68.45	7.61	0.00	0.00	2000
228	11.35	2034	2073	0.00	196	0	0	0	nan	0.00	0.00	3.93	83.67	88.65	0.00	39	0	42	0.00	0.00	62.69	7.09	0.00	0.00	2000
231	11.23	2058	2098	0.00	196	0	0	0	nan	0.00	0.00	3.50	85.35	88.77	0.00	39	0	42	0.00	0.00	64.68	7.10	0.00	0.00	2000
229	11.19	2027	2117	0.00	195	0	0	0	nan	0.00	0.01	5.47	84.15	88.81	0.00	39	0	41	0.00	0.00	65.38	7.37	0.00	0.00	2000
231	11.76	1982	2083	0.00	194	0	0	0	nan	0.00	0.00	3.60	84.05	88.24	0.00	39	0	42	0.00	0.00	64.90	7.42	0.00	0.00	2000
228	10.98	2087	2092	0.00	196	0	0	0	nan	0.00	0.00	5.73	83.12	89.02	0.00	39	0	42	0.00	0.00	65.10	7.51	0.00	0.00	2000
229	11.09	2038	2123	0.00	194	0	0	0	nan	0.00	0.00	4.04	85.99	88.91	0.00	39	0	42	0.00	0.00	65.06	7.45	0.00	0.00	2000
230	11.39	2035	2081	1.25	200	0	0	6	72.72	0.00	0.00	7.04	80.81	88.61	0.00	39	0	42	0.00	0.00	65.29	7.34	0.00	0.00	2000
233	11.10	2095	2103	0.21	195	0	0	0	nan	0.00	0.00	4.55	84.52	88.90	0.00	39	0	42	0.00	0.00	64.68	7.51	0.00	0.00	2000
227	11.31	2016	2093	0.00	197	0	0	0	nan	0.00	0.00	5.47	83.05	88.69	0.00	39	0	42	0.00	0.00	64.55	7.26	0.00	0.00	2000
231	10.91	2086	2128	0.00	195	0	0	0	nan	0.00	0.00	4.37	86.01	89.09	0.00	39	0	42	0.00	0.00	64.86	7.48	0.00	0.00	2000
229	11.15	2085	2072	0.00	196	0	0	0	nan	0.00	0.00	4.17	83.53	88.85	0.00	39	0	41	0.00	0.00	65.48	7.23	0.00	0.00	2000
230	11.21	2039	2113	0.00	195	0	0	0	nan	0.00	0.00	4.47	84.96	88.79	0.00	39	0	42	0.00	0.00	64.85	7.30	0.00	0.00	2000
230	11.38	2035	2088	0.00	197	0	0	0	nan	0.00	0.00	4.33	83.86	88.62	0.00	39	0	42	0.00	0.00	64.95	7.49	0.00	0.00	2000
229	11.07	2066	2107	0.00	194	0	0	0	nan	0.00	0.00	4.04	85.22	88.93	0.00	39	0	42	0.00	0.00	65.12	7.40	0.00	0.00	2000
229	11.15	2040	2110	0.00	194	0	0	0	nan	0.00	0.00	4.26	85.14	88.85	0.00	39	0	42	0.00	0.00	65.24	7.43	0.00	0.00	2000
230	11.33	2016	2117	0.00	194	0	0	0	nan	0.01	0.00	4.10	85.31	88.67	0.00	39	0	42	0.00	0.00	64.90	7.43	0.00	0.00	2000
228	11.45	1998	2094	0.00	195	0	0	0	nan	0.00	0.03	3.30	85.11	88.55	0.00	39	0	42	0.00	0.00	65.02	7.41	0.00	0.00	2000
230	11.16	2091	2073	0.00	196	0	0	0	nan	0.00	0.00	3.60	84.18	88.84	0.00	39	0	42	0.00	0.00	65.19	7.44	0.00	0.00	2000
228	11.05	2074	2092	0.00	196	0	0	0	nan	0.00	0.00	4.22	84.58	88.95	0.00	39	0	42	0.00	0.00	65.03	7.48	0.00	0.00	2000
267	12.12	2185	2114	0.00	195	0	0	0	nan	0.00	0.00	4.22	84.34	87.88	0.00	39	0	42	0.00	0.00	66.12	7.57	0.00	0.00	2000
228	10.94	2063	2118	0.00	195	0	0	0	nan	0.00	0.00	4.94	84.97	89.06	0.00	39	0	42	0.00	0.00	65.80	7.49	0.00	0.00	2000
229	11.18	2044	2108	0.00	194	0	0	0	nan	0.00	0.00	3.82	85.50	88.82	0.00	39	0	42	0.00	0.00	65.17	7.31	0.00	0.00	2000
230	11.51	2026	2068	0.00	196	0	0	0	nan	0.00	0.00	3.64	83.64	88.49	0.00	39	0	42	0.00	0.00	65.46	7.50	0.00	0.00	2000
229	10.72	2127	2108	0.93	194	0	0	6	72.73	0.00	0.03	3.51	86.09	89.28	0.00	39	0	42	0.00	0.00	65.53	7.43	0.00	0.00	2000
228	11.14	2032	2117	0.48	195	0	0	0	nan	0.00	0.00	4.76	85.00	88.86	0.00	39	0	42	0.00	0.00	64.93	7.49	0.00	0.00	2000
229	11.20	2069	2080	0.00	195	0	0	0	nan	0.00	0.00	4.02	84.02	88.80	0.00	39	0	42	0.00	0.00	65.12	7.32	0.00	0.00	2000
229	10.99	2087	2094	0.00	198	0	0	0	nan	0.00	0.00	5.49	83.37	89.01	0.00	39	0	42	0.00	0.00	65.54	7.41	0.00	0.00	2000
232	11.39	2002	2138	0.00	195	0	0	0	nan	0.00	0.00	4.93	85.42	88.61	0.00	39	0	42	0.00	0.00	65.14	7.43	0.00	0.00	2000
229	11.30	2077	2053	0.00	196	0	0	0	nan	0.00	0.02	3.50	83.29	88.70	0.00	39	0	42	0.00	0.00	65.51	7.53	0.00	0.00	2000
231	10.97	2062	2148	0.00	195	0	0	0	nan	0.00	0.00	5.00	86.09	89.03	0.00	39	0	42	0.00	0.00	65.93	7.38	0.00	0.00	2000
228	11.08	2080	2080	0.00	194	0	0	0	nan	0.00	0.00	3.17	84.95	88.92	0.00	39	0	41	0.00	0.00	66.63	7.41	0.00	0.00	2000
229	11.04	2107	2069	0.00	195	0	0	0	nan	0.00	0.00	3.84	83.94	88.96	0.00	39	0	41	0.00	0.00	64.12	7.33	0.00	0.00	2000
228	10.86	2089	2107	0.00	195	0	0	0	nan	0.00	0.01	3.28	86.30	89.14	0.00	39	0	42	0.00	0.00	65.67	7.41	0.00	0.00	2000
233	11.07	2066	2136	0.00	196	0	0	0	nan	0.04	0.00	4.90	85.65	88.93	0.00	39	0	42	0.00	0.00	66.26	7.41	0.00	0.00	2000
227	11.26	2023	2092	0.00	196	0	0	0	nan	0.00	0.00	3.22	85.31	88.74	0.00	39	0	42	0.00	0.00	64.59	7.57	0.00	0.00	2000
229	11.20	2062	2082	0.00	195	0	0	0	nan	0.00	0.02	3.30	84.87	88.80	0.00	39	0	42	0.00	0.00	65.52	7.45	0.00	0.00	2000
229	11.16	2033	2122	0.00	211	0	0	0	nan	0.00	0.00	5.69	84.13	88.84	0.00	39	0	42	0.00	0.00	65.62	7.29	0.00	0.00	2000
230	11.19	2050	2102	0.00	195	0	0	0	nan	0.00	0.00	3.65	85.42	88.81	0.00	39	0	42	0.00	0.00	64.90	7.39	0.00	0.00	2000
229	11.46	1991	2108	0.00	194	0	0	0	nan	0.00	0.00	3.86	85.11	88.54	0.00	39	0	42	0.00	0.00	65.48	7.50	0.00	0.00	2000
229	11.32	2037	2087	0.00	194	0	0	0	nan	0.00	0.01	2.89	85.27	88.68	0.00	39	0	41	0.00	0.00	64.35	7.27	0.00	0.00	2000
227	11.22	2014	2110	0.56	195	0	0	6	74.50	0.00	0.00	3.88	85.41	88.78	0.00	40	0	42	0.00	0.00	66.68	7.48	0.00	0.00	2000
232	11.37	2064	2073	0.90	195	0	0	2	84.92	0.00	0.00	3.50	84.11	88.63	0.00	39	0	41	0.00	0.00	64.17	7.33	0.00	0.00	2000
229	10.94	2057	2133	0.00	196	0	0	0	nan	0.00	0.00	4.53	86.00	89.06	0.00	39	0	42	0.00	0.00	66.48	7.56	0.00	0.00	2000
229	11.35	2085	2032	0.00	195	0	0	0	nan	0.00	0.00	3.35	82.58	88.65	0.00	39	0	42	0.00	0.00	61.34	6.82	0.00	0.00	2000
231	10.69	2087	2174	0.00	195	0	0	0	nan	0.00	0.00	3.21	89.40	89.31	0.00	39	0	42	0.00	0.00	67.08	7.96	0.00	0.00	2000
228	11.19	2091	2046	0.00	194	0	0	0	nan	0.00	0.00	3.34	83.31	88.81	0.00	39	0	42	0.00	0.00	63.24	6.87	0.00	0.00	2000
228	11.25	2012	2116	0.00	196	0	0	0	nan	0.00	0.00	4.63	84.90	88.75	0.00	39	0	42	0.00	0.00	67.32	7.95	0.00	0.00	2000
317	14.19	2215	2121	0.00	208	0	0	0	nan	0.00	0.08	6.01	80.78	85.81	0.00	39	0	42	0.00	0.00	66.94	7.72	0.00	0.00	2000
233	11.50	2018	2108	0.00	200	0	0	0	nan	0.00	0.00	6.02	82.92	88.50	0.00	39	0	42	0.00	0.00	65.55	7.60	0.00	0.00	2000
230	11.43	2034	2082	0.00	202	0	0	0	nan	0.00	0.00	6.23	81.62	88.57	0.00	39	0	42	0.00	0.00	65.44	7.60	0.00	0.00	2000
229	11.16	2064	2088	0.00	198	0	0	0	nan	0.00	0.00	7.94	80.46	88.84	0.00	39	0	42	0.00	0.00	65.01	7.47	0.00	0.00	2000
237	11.16	2092	2135	0.00	202	0	0	0	nan	0.00	0.00	8.08	82.32	88.84	0.00	39	0	42	0.00	0.00	65.38	7.61	0.00	0.00	2000
229	11.32	2067	2058	0.00	199	0	0	0	nan	0.00	0.00	5.54	81.44	88.68	0.00	39	0	42	0.00	0.00	64.74	7.46	0.00	0.00	2000
233	10.83	2108	2141	0.00	198	0	0	0	nan	0.00	0.00	6.32	84.59	89.17	0.00	39	0	42	0.00	0.00	65.15	7.71	0.00	0.00	2000
229	11.06	2094	2078	0.00	198	0	0	0	nan	0.00	0.00	4.21	83.84	88.94	0.00	39	0	42	0.00	0.00	65.10	7.74	0.00	0.00	2000
229	11.31	2011	2114	0.00	194	0	0	0	nan	0.00	0.00	4.61	84.80	88.69	0.00	39	0	42	0.00	0.00	64.69	7.48	0.00	0.00	2000
227	11.24	2053	2068	0.00	196	0	0	0	nan	0.00	0.02	4.03	83.50	88.76	0.00	39	0	42	0.00	0.00	64.28	7.36	0.00	0.00	2000
230	10.78	2102	2135	0.17	194	0	0	4	74.35	0.00	0.00	4.59	86.23	89.22	0.00	39	0	42	0.00	0.00	65.18	7.89	0.00	0.00	2000
230	11.31	2058	2075	1.23	197	0	0	4	81.62	0.00	0.00	4.01	83.66	88.69	0.00	39	0	42	0.00	0.00	65.19	7.55	0.00	0.00	2000
231	11.51	1991	2112	0.00	195	0	0	0	nan	0.00	0.00	4.95	84.17	88.49	0.00	39	0	42	0.00	0.00	65.82	7.54	0.00	0.00	2000
229	11.10	2087	2077	0.00	195	0	0	0	nan	0.00	0.00	4.09	83.97	88.90	0.00	39	0	42	0.00	0.00	64.89	7.22	0.00	0.00	2000
230	11.09	2058	2120	0.00	193	0	0	0	nan	0.00	0.00	4.96	84.82	88.91	0.00	39	0	42	0.00	0.00	64.66	7.91	0.00	0.00	2000
228	10.85	2091	2114	0.00	196	0	0	0	nan	0.00	0.00	4.88	84.96	89.15	0.00	39	0	42	0.00	0.00	65.31	7.31	0.00	0.00	2000
231	11.26	2041	2106	0.00	194	0	0	0	nan	0.01	0.00	3.98	85.07	88.74	0.00	39	0	42	0.00	0.00	65.65	7.38	0.00	0.00	2000
230	11.19	2095	2061	0.00	196	0	0	0	nan	0.00	0.00	4.17	83.01	88.81	0.00	39	0	42	0.00	0.00	59.55	6.87	0.00	0.00	2000
229	10.76	2094	2139	0.00	196	0	0	0	nan	0.01	0.00	3.36	87.60	89.24	0.00	39	0	42	0.00	0.00	71.63	7.92	0.00	0.00	2000
229	11.06	2075	2093	0.00	195	0	0	0	nan	0.00	0.00	3.80	84.79	88.94	0.00	39	0	42	0.00	0.00	65.57	7.57	0.00	0.00	2000
230	11.36	2014	2109	0.00	198	0	0	0	nan	0.01	0.03	4.05	85.06	88.64	0.00	39	0	42	0.00	0.00	65.06	7.27	0.00	0.00	2000
229	11.23	2045	2090	0.00	196	0	0	0	nan	0.00	0.02	3.57	84.83	88.77	0.00	40	0	42	0.00	0.00	62.83	7.11	0.00	0.00	2000
232	11.50	2033	2089	0.00	196	0	0	0	nan	0.00	0.01	3.95	84.16	88.50	0.00	39	0	42	0.00	0.00	67.54	7.66	0.00	0.00	2000
228	10.73	2118	2108	0.00	195	0	0	0	nan	0.00	0.00	3.66	86.05	89.27	0.00	39	0	42	0.00	0.00	65.30	7.45	0.00	0.00	2000
229	11.19	2067	2083	0.00	195	0	0	0	nan	0.00	0.00	3.77	84.40	88.81	0.00	39	0	42	0.00	0.00	62.69	7.35	0.00	0.00	2000
227	11.00	2043	2122	0.00	196	0	0	0	nan	0.00	0.00	4.17	85.87	89.00	0.00	39	0	42	0.00	0.00	65.38	7.50	0.00	0.00	2000
230	11.37	2029	2099	0.00	194	0	0	0	nan	0.00	0.00	3.26	85.45	88.63	0.00	39	0	42	0.00	0.00	65.58	7.42	0.00	0.00	2000
226	11.68	2025	2007	0.00	194	0	0	4	71.42	0.00	0.00	3.60	80.92	88.32	0.00	40	0	42	0.00	0.00	60.13	7.11	0.00	0.00	2000
235	11.27	2001	2188	1.33	212	0	0	5	71.51	0.00	0.00	3.38	89.21	88.73	0.00	39	0	42	0.00	0.00	71.11	8.24	0.00	0.00	2000
228	11.10	2053	2102	0.00	196	0	0	0	nan	0.00	0.00	4.19	84.91	88.90	0.00	39	0	42	0.00	0.00	65.79	7.40	0.00	0.00	2000
230	11.14	2051	2115	0.00	194	0	0	0	nan	0.01	0.00	4.68	84.79	88.86	0.00	39	0	42	0.00	0.00	65.02	7.50	0.00	0.00	2000
228	11.25	2028	2095	0.00	195	0	0	0	nan	0.00	0.00	3.63	84.96	88.75	0.00	39	0	42	0.00	0.00	65.19	7.48	0.00	0.00	2000
231	11.64	1997	2086	0.00	196	0	0	0	nan	0.00	0.00	4.38	83.37	88.36	0.00	39	0	42	0.00	0.00	65.15	7.35	0.00	0.00	2000
228	10.96	2084	2097	0.00	195	0	0	0	nan	0.00	0.02	4.35	84.66	89.04	0.00	39	0	42	0.00	0.00	62.31	7.07	0.00	0.00	2000
230	11.03	2058	2125	0.00	195	0	0	0	nan	0.00	0.00	4.64	85.48	88.97	0.00	39	0	42	0.00	0.00	68.51	7.70	0.00	0.00	2000
227	11.01	2092	2073	0.00	196	0	0	0	nan	0.00	0.00	2.92	85.01	88.99	0.00	39	0	42	0.00	0.00	62.09	7.15	0.00	0.00	2000
234	11.17	2071	2121	0.00	195	0	0	0	nan	0.00	0.00	4.88	84.98	88.83	0.00	39	0	42	0.00	0.00	65.47	7.77	0.00	0.00	2000
230	11.24	2052	2093	0.00	195	0	0	0	nan	0.00	0.00	3.22	85.28	88.76	0.00	39	0	42	0.00	0.00	67.44	7.56	0.00	0.00	2000
230	11.33	2031	2103	0.00	195	0	0	0	nan	0.00	0.00	4.85	84.08	88.67	0.00	39	0	42	0.00	0.00	65.09	7.31	0.00	0.00	2000
228	11.09	2052	2102	0.00	195	0	0	0	nan	0.00	0.00	3.77	85.32	88.91	0.00	39	0	41	0.00	0.00	65.09	7.31	0.00	0.00	2000
231	11.32	2051	2086	0.00	196	0	0	0	nan	0.00	0.00	5.49	82.71	88.68	0.00	39	0	41	0.00	0.00	62.28	7.06	0.00	0.00	2000
229	10.76	2113	2114	0.00	198	0	0	0	nan	0.00	0.00	4.97	84.86	89.24	0.00	39	0	41	0.00	0.00	68.49	7.80	0.00	0.00	2000
231	10.93	2111	2100	0.00	197	0	0	0	nan	0.00	0.00	4.52	84.59	89.07	0.00	39	0	42	0.00	0.00	65.86	7.29	0.00	0.00	2000
229	11.15	2089	2066	0.00	198	0	0	0	nan	0.00	0.00	4.05	83.46	88.85	0.00	39	0	42	0.00	0.00	62.20	7.08	0.00	0.00	2000
232	10.79	2103	2146	0.00	195	0	0	2	78.32	0.00	0.00	5.06	86.13	89.21	0.00	39	0	41	0.00	0.00	68.22	7.79	0.00	0.00	2000
228	10.94	2102	2085	1.36	196	0	0	6	79.40	0.00	0.00	3.90	84.62	89.06	0.00	39	0	42	0.00	0.00	65.40	7.49	0.00	0.00	2000
231	11.09	2098	2083	0.00	195	0	0	0	nan	0.00	0.00	3.38	84.86	88.91	0.00	39	0	41	0.00	0.00	62.34	7.10	0.00	0.00	2000
228	11.24	2011	2117	0.00	195	0	0	0	nan	0.00	0.00	4.30	85.34	88.76	0.00	39	0	42	0.00	0.00	67.97	7.65	0.00	0.00	2000
232	11.09	2098	2092	0.00	196	0	0	0	nan	0.00	0.00	3.37	85.24	88.91	0.00	39	0	41	0.00	0.00	62.36	7.12	0.00	0.00	2000
228	10.86	2097	2107	0.00	195	0	0	0	nan	0.00	0.00	4.31	85.17	89.14	0.00	39	0	42	0.00	0.00	65.56	7.39	0.00	0.00	2000
230	11.22	2047	2099	0.00	194	0	0	0	nan	0.01	0.00	3.80	84.98	88.78	0.00	39	0	42	0.00	0.00	64.99	7.54	0.00	0.00	2000
228	11.04	2093	2073	0.00	195	0	0	0	nan	0.00	0.00	3.60	84.28	88.96	0.00	39	0	42	0.00	0.00	64.76	7.44	0.00	0.00	2000
231	11.03	2073	2119	0.00	195	0	0	0	nan	0.00	0.00	4.64	85.19	88.97	0.00	39	0	42	0.00	0.00	65.17	7.54	0.00	0.00	2000
230	11.18	2070	2087	0.00	198	0	0	0	nan	0.00	0.01	4.79	83.61	88.82	0.00	39	0	42	0.00	0.00	65.39	7.46	0.00	0.00	2000
230	11.06	2056	2120	0.00	194	0	0	0	nan	0.01	0.00	3.69	86.31	88.94	0.00	39	0	42	0.00	0.00	64.54	7.43	0.00	0.00	2000
228	11.17	2063	2078	0.00	195	0	0	0	nan	0.00	0.00	4.08	83.98	88.83	0.00	39	0	42	0.00	0.00	64.85	7.49	0.00	0.00	2000
230	10.97	2054	2147	0.00	202	0	0	0	nan	0.00	0.01	5.94	85.12	89.03	0.00	39	0	41	0.00	0.00	66.78	7.67	0.00	0.00	2000
228	10.90	2097	2098	0.00	195	0	0	0	nan	0.00	0.02	4.02	85.15	89.10	0.00	39	0	42	0.00	0.00	66.41	7.58	0.00	0.00	2000
236	11.04	2145	2097	0.00	248	0	0	0	nan	0.00	1.51	7.57	79.98	88.96	0.00	39	0	42	0.00	0.00	64.52	7.21	0.00	0.00	2000
232	11.21	2086	2080	0.00	196	0	0	0	nan	0.00	0.00	2.63	85.44	88.79	0.00	39	0	41	0.00	0.00	62.96	6.97	0.00	0.00	2000
228	11.21	2023	2114	0.00	178	0	0	0	nan	0.00	0.00	4.19	85.34	88.79	0.00	39	0	42	0.00	0.00	67.62	7.73	0.00	0.00	2000
230	11.23	2070	2078	0.00	196	0	0	0	nan	0.00	0.00	3.78	84.06	88.77	0.00	39	0	42	0.00	0.00	62.48	7.05	0.00	0.00	2000
230	10.98	2100	2095	1.26	195	0	0	6	70.17	0.00	0.00	4.24	84.59	89.02	0.00	39	0	42	0.00	0.00	64.64	7.38	0.00	0.00	2000
228	11.17	2033	2106	0.21	195	0	0	0	nan	0.00	0.00	4.24	84.96	88.83	0.00	39	0	42	0.00	0.00	64.76	7.51	0.00	0.00	2000
232	11.37	2019	2119	0.00	195	0	0	0	nan	0.00	0.00	4.83	84.68	88.63	0.00	40	0	42	0.00	0.00	65.24	7.43	0.00	0.00	2000
228	11.09	2083	2074	0.00	195	0	0	0	nan	0.00	0.00	3.69	84.13	88.91	0.00	39	0	42	0.00	0.00	64.46	7.39	0.00	0.00	2000
230	11.20	2020	2132	0.00	195	0	0	0	nan	0.00	0.00	4.64	85.61	88.80	0.00	39	0	42	0.00	0.00	64.43	7.48	0.00	0.00	2000
228	10.91	2103	2087	0.00	195	0	0	0	nan	0.00	0.02	3.27	85.35	89.09	0.00	39	0	42	0.00	0.00	64.25	7.40	0.00	0.00	2000
229	11.11	2076	2082	0.00	194	0	0	0	nan	0.00	0.00	3.87	84.23	88.89	0.00	39	0	42	0.00	0.00	64.97	7.47	0.00	0.00	2000
230	11.24	2050	2094	0.00	196	0	0	0	nan	0.00	0.00	4.72	83.81	88.76	0.00	39	0	42	0.00	0.00	64.85	7.60	0.00	0.00	2000
230	11.05	2048	2136	0.00	196	0	0	0	nan	0.00	0.00	4.37	86.16	88.95	0.00	38	0	42	0.00	0.00	65.64	7.60	0.00	0.00	2000
228	11.16	2067	2075	0.00	196	0	0	0	nan	0.00	0.00	2.93	84.97	88.84	0.00	39	0	41	0.00	0.00	65.33	7.66	0.00	0.00	2000
229	11.34	2000	2121	0.00	194	0	0	0	nan	0.00	0.00	4.03	85.60	88.66	0.00	39	0	42	0.00	0.00	65.10	7.40	0.00	0.00	2000
228	11.22	2052	2077	0.00	194	0	0	0	nan	0.00	0.00	3.22	84.63	88.78	0.00	39	0	42	0.00	0.00	65.27	7.49	0.00	0.00	2000
231	11.10	2047	2138	0.00	194	0	0	0	nan	0.00	0.00	4.38	86.14	88.90	0.00	39	0	42	0.00	0.00	66.00	7.80	0.00	0.00	2000
229	11.33	2090	2027	0.00	195	0	0	0	nan	0.00	0.02	4.27	81.43	88.67	0.00	39	0	42	0.00	0.00	60.78	7.06	0.00	0.00	2000
230	10.91	2047	2164	0.00	194	0	0	0	nan	0.00	0.00	3.05	88.79	89.09	0.00	39	0	42	0.00	0.00	68.88	8.06	0.00	0.00	2000
228	11.14	2083	2062	0.00	196	0	0	0	nan	0.00	0.02	3.31	83.99	88.86	0.00	39	0	42	0.00	0.00	61.44	6.92	0.00	0.00	2000
230	11.04	2051	2137	0.00	195	0	0	0	nan	0.00	0.02	4.16	86.37	88.96	0.00	39	0	42	0.00	0.00	67.56	7.78	0.00	0.00	2000
228	11.00	2097	2073	0.92	196	0	0	6	68.02	0.00	0.00	3.59	84.30	89.00	0.00	39	0	42	0.00	0.00	65.69	7.54	0.00	0.00	2000
230	11.02	2089	2103	0.56	195	0	0	0	85.54	0.00	0.02	4.34	84.89	88.98	0.00	39	0	42	0.00	0.00	62.52	7.47	0.00	0.00	2000
229	11.05	2069	2103	0.00	196	0	0	0	nan	0.00	0.00	5.34	83.77	88.95	0.00	39	0	42	0.00	0.00	68.53	7.32	0.00	0.00	2000
230	11.36	2019	2105	0.00	199	0	0	0	nan	0.00	0.00	4.43	84.51	88.64	0.00	39	0	42	0.00	0.00	65.09	7.41	0.00	0.00	2000
227	11.25	2032	2089	0.00	195	0	0	0	nan	0.00	0.00	4.55	83.78	88.75	0.00	39	0	41	0.00	0.00	64.90	7.36	0.00	0.00	2000
229	10.99	2056	2130	0.00	194	0	0	0	nan	0.00	0.00	4.28	86.16	89.01	0.00	39	0	42	0.00	0.00	62.16	7.47	0.00	0.00	2000
231	11.31	2058	2080	0.00	196	0	0	0	nan	0.00	0.00	3.21	84.77	88.69	0.00	39	0	41	0.00	0.00	67.74	7.52	0.00	0.00	2000
229	11.25	2037	2099	0.00	195	0	0	0	nan	0.00	0.00	4.57	84.24	88.75	0.00	39	0	41	0.00	0.00	65.08	7.38	0.00	0.00	2000
234	11.38	2066	2087	0.00	196	0	0	0	nan	0.00	0.00	5.46	82.74	88.62	0.00	39	0	41	0.00	0.00	65.03	7.36	0.00	0.00	2000
231	11.05	2081	2106	0.00	195	0	0	0	nan	0.00	0.00	4.87	84.39	88.95	0.00	39	0	42	0.00	0.00	64.68	7.64	0.00	0.00	2000
228	10.95	2063	2119	0.00	196	0	0	0	nan	0.00	0.00	5.01	85.00	89.05	0.00	39	0	42	0.00	0.00	65.13	7.46	0.00	0.00	2000
231	11.32	2063	2075	0.00	195	0	0	0	nan	0.00	0.00	4.28	83.34	88.68	0.00	39	0	42	0.00	0.00	64.82	7.60	0.00	0.00	2000
229	10.77	2100	2124	0.00	197	0	0	0	nan	0.00	0.00	4.71	85.62	89.23	0.00	39	0	42	0.00	0.00	65.07	7.45	0.00	0.00	2000
229	11.06	2072	2102	0.00	195	0	0	0	nan	0.00	0.00	3.84	85.23	88.94	0.00	39	0	42	0.00	0.00	64.81	7.60	0.00	0.00	2000
228	11.02	2067	2101	0.00	195	0	0	0	nan	0.00	0.00	4.07	85.01	88.98	0.00	39	0	42	0.00	0.00	65.02	7.44	0.00	0.00	2000
230	11.22	2041	2105	0.00	195	0	0	0	nan	0.01	0.00	3.41	85.70	88.78	0.00	39	0	42	0.00	0.00	64.95	7.56	0.00	0.00	2000
231	11.45	2035	2084	0.00	196	0	0	0	nan	0.00	0.00	3.89	84.04	88.55	0.00	39	0	42	0.00	0.00	64.90	7.56	0.00	0.00	2000
229	11.18	2036	2113	0.60	195	0	0	6	72.52	0.00	0.00	4.79	84.71	88.82	0.00	39	0	42	0.00	0.00	64.94	7.53	0.00	0.00	2000
229	11.38	2032	2075	0.89	195	0	0	2	85.70	0.00	0.00	3.39	84.24	88.62	0.00	39	0	42	0.00	0.00	62.37	7.13	0.00	0.00	2000
223	11.24	2103	1978	0.00	211	0	0	0	nan	0.00	0.00	4.86	78.81	88.76	0.00	38	0	42	0.00	0.00	62.05	7.22	0.00	0.00	2000
236	10.99	1986	2271	0.00	228	0	0	0	nan	0.00	0.02	3.97	92.36	89.01	0.00	39	0	42	0.00	0.00	70.09	8.12	0.00	0.00	2000
234	11.28	2070	2105	0.00	196	0	0	0	nan	0.00	0.00	3.69	85.37	88.72	0.00	40	0	42	0.00	0.00	65.44	7.70	0.00	0.00	2000
229	11.23	2048	2091	0.00	196	0	0	0	nan	0.00	0.01	3.31	85.17	88.77	0.00	39	0	41	0.00	0.00	65.48	7.67	0.00	0.00	2000
230	11.10	2059	2109	0.00	200	0	0	0	nan	0.00	0.00	4.76	84.66	88.90	0.00	40	0	42	0.00	0.00	65.87	8.08	0.00	0.00	2000
228	10.97	2083	2099	0.00	180	0	0	0	nan	0.00	0.02	4.29	84.75	89.03	0.00	40	0	42	0.00	0.00	64.20	7.71	0.00	0.00	2000
229	10.98	2086	2101	0.00	196	0	0	0	nan	0.00	0.02	3.06	86.05	89.02	0.00	40	0	42	0.00	0.00	65.44	7.49	0.00	0.00	2000
230	10.83	2131	2090	0.00	196	0	0	0	nan	0.00	0.00	3.67	85.20	89.17	0.00	40	0	42	0.00	0.00	65.43	7.74	0.00	0.00	2000
230	10.96	2085	2115	0.00	196	0	0	0	nan	0.00	0.00	2.08	87.64	89.04	0.00	40	0	42	0.00	0.00	66.31	8.11	0.00	0.00	2000
228	10.99	2079	2096	0.00	207	0	0	0	nan	0.00	0.00	5.33	83.60	89.01	0.00	40	0	42	0.00	0.00	63.04	7.88	0.00	0.00	2000
229	11.29	2024	2101	0.00	195	0	0	0	nan	0.00	0.00	2.98	85.91	88.71	0.00	40	0	42	0.00	0.00	66.37	8.44	0.00	0.00	2000
229	11.27	2028	2100	0.00	178	0	0	0	nan	0.00	0.00	3.54	85.25	88.73	0.00	40	0	42	0.00	0.00	64.49	8.38	0.00	0.00	2000
228	11.39	2039	2059	0.00	195	0	0	0	nan	0.00	0.02	3.23	83.69	88.61	0.00	39	0	42	0.00	0.00	63.48	8.03	0.00	0.00	2000
239	11.46	2050	2133	0.00	229	0	0	0	nan	0.00	0.00	9.39	80.59	88.54	0.00	40	0	42	0.00	0.00	68.41	8.21	0.00	0.00	2000
222	10.95	2031	2101	0.00	219	0	0	0	nan	0.00	0.00	7.35	81.85	89.05	0.00	38	0	41	0.00	0.00	64.31	7.57	0.00	0.00	2000
146	9.16	1616	2072	0.14	236	0	0	4	54.17	0.00	0.00	8.69	81.02	90.84	0.00	37	0	42	0.00	0.00	60.57	7.57	0.00	0.00	2000
80	7.08	1119	2123	0.27	193	0	0	3	88.34	0.00	0.00	5.04	88.84	92.92	0.00	37	0	42	0.00	0.00	62.53	7.84	0.00	0.00	2000
76	6.94	1089	2119	0.00	178	0	0	0	nan	0.00	0.01	3.84	90.06	93.06	0.00	37	0	42	0.00	0.00	59.10	7.74	0.00	0.00	2000
