Avg_MHz	Busy%	Bzy_MHz	TSC_MHz	IPC	IRQ	NMI	SMI	LLCMRPS	LLC%hit	POLL%	C1%	C1E%	C6%	CPU%c1	CPU%c6	CoreTmp	CoreThr	PkgTmp	Pkg%pc2	Pkg%pc6	PkgWatt	RAMWatt	PKG_%	RAM_%	UncMHz
313	16.30	1852	2180	0.00	307	0	0	0	nan	0.00	0.20	20.69	66.11	83.70	0.00	36	0	42	0.00	0.00	70.24	8.18	0.00	0.00	2000
334	16.54	1990	2129	0.00	223	0	0	0	nan	0.01	1.10	20.51	63.21	83.46	0.00	36	0	42	0.00	0.00	69.29	7.75	0.00	0.00	2000
76	6.87	1111	2095	0.00	195	0	0	0	nan	0.00	0.02	5.69	87.31	93.13	0.00	36	0	42	0.00	0.00	58.82	7.38	0.00	0.00	2000
72	6.73	1077	2082	0.00	193	0	0	0	nan	0.00	0.00	3.86	88.72	93.27	0.00	36	0	42	0.00	0.00	57.39	7.10	0.00	0.00	2000
72	6.95	1037	2101	0.00	194	0	0	0	nan	0.00	0.07	2.21	90.97	93.05	0.00	36	0	41	0.00	0.00	59.82	7.41	0.00	0.00	2000
71	7.10	993	2117	0.00	209	0	0	0	nan	0.00	0.00	4.02	89.71	92.90	0.00	36	0	41	0.00	0.00	61.07	7.81	0.00	0.00	2000
74	6.90	1062	2114	0.00	194	0	0	0	nan	0.00	0.00	3.17	90.64	93.10	0.00	36	0	42	0.00	0.00	61.32	7.74	0.00	0.00	2000
71	6.87	1041	2096	0.00	196	0	0	0	nan	0.00	0.00	2.50	90.52	93.13	0.00	36	0	42	0.00	0.00	59.10	7.43	0.00	0.00	2000
73	6.47	1128	2091	0.00	192	0	0	0	nan	0.00	0.00	2.50	90.52	93.53	0.00	36	0	42	0.00	0.00	58.43	7.32	0.00	0.00	2000
74	6.53	1117	2119	0.00	194	0	0	0	nan	0.00	0.02	2.94	91.42	93.47	0.00	36	0	42	0.00	0.00	62.10	7.82	0.00	0.00	2000
74	6.70	1115	2070	0.00	197	0	0	0	nan	0.00	0.00	4.23	87.76	93.30	0.00	36	0	41	0.00	0.00	58.06	7.09	0.00	0.00	2000
71	7.15	995	2095	0.00	195	0	0	0	nan	0.01	0.00	3.11	89.70	92.85	0.00	36	0	42	0.00	0.00	57.72	7.27	0.00	0.00	2000
72	7.12	1009	2098	0.00	210	0	0	0	nan	0.00	0.03	3.85	88.95	92.88	0.00	36	0	41	0.00	0.00	58.81	7.57	0.00	0.00	2000
74	6.95	1050	2141	0.00	194	0	0	0	nan	0.00	0.01	1.93	92.97	93.05	0.00	36	0	42	0.00	0.00	62.94	7.48	0.00	0.00	2000
152	9.52	1611	2088	0.00	192	0	0	0	nan	0.00	0.02	3.78	86.17	90.48	0.00	36	0	42	0.00	0.00	58.81	7.17	0.00	0.00	2000
73	6.51	1120	2108	0.00	194	0	0	1	88.32	0.00	0.00	3.69	90.02	93.49	0.00	36	0	41	0.00	0.00	60.45	7.50	0.00	0.00	2000
73	6.72	1090	2096	0.09	193	0	0	2	88.65	0.01	0.00	2.66	90.58	93.28	0.00	36	0	42	0.00	0.00	59.55	7.46	0.00	0.00	2000
72	7.07	1018	2102	0.00	193	0	0	0	nan	0.01	0.00	2.68	90.47	92.93	0.00	36	0	42	0.00	0.00	59.06	7.39	0.00	0.00	2000
182	9.78	1878	2076	0.00	217	0	0	0	nan	0.02	0.02	5.42	83.88	90.22	0.00	38	0	42	0.00	0.00	64.17	7.69	0.00	0.00	2000
235	11.30	2060	2116	0.00	223	0	0	0	nan	0.00	0.02	5.04	84.40	88.70	0.00	39	0	42	0.00	0.00	64.66	7.53	0.00	0.00	2000
228	11.11	2057	2098	0.00	212	0	0	0	nan	0.00	0.00	4.51	84.48	88.89	0.00	39	0	41	0.00	0.00	66.83	7.53	0.00	0.00	2000
228	11.18	2037	2100	0.00	202	0	0	0	nan	0.00	0.02	3.08	85.91	88.82	0.00	39	0	42	0.00	0.00	65.38	7.57	0.00	0.00	2000
232	11.39	2062	2078	0.00	198	0	0	0	nan	0.00	0.50	6.37	81.02	88.61	0.00	38	0	42	0.00	0.00	61.91	7.32	0.00	0.00	2000
231	11.57	2008	2088	0.00	198	0	0	0	nan	0.00	0.00	4.32	83.83	88.43	0.00	36	0	42	0.00	0.00	67.83	7.94	0.00	0.00	2000
236	11.39	2029	2145	0.00	215	0	0	0	nan	0.00	0.00	4.95	85.70	88.61	0.00	36	0	42	0.00	0.00	66.99	7.64	0.00	0.00	2000
229	11.46	1997	2100	0.00	195	0	0	0	nan	0.00	0.00	4.70	84.02	88.54	0.00	36	0	42	0.00	0.00	66.52	7.76	0.00	0.00	2000
231	11.32	2042	2097	0.00	198	0	0	0	nan	0.00	0.02	4.61	84.00	88.68	0.00	37	0	42	0.00	0.00	66.23	7.72	0.00	0.00	2000
232	11.31	2058	2095	0.00	200	0	0	0	nan	0.00	0.00	5.42	83.15	88.69	0.00	37	0	42	0.00	0.00	65.77	7.53	0.00	0.00	2000
230	11.34	2026	2103	0.00	195	0	0	0	nan	0.00	0.00	4.68	84.24	88.66	0.00	37	0	42	0.00	0.00	63.99	7.45	0.00	0.00	2000
230	11.59	2016	2068	0.00	196	0	0	0	nan	0.00	0.04	2.93	84.29	88.41	0.00	37	0	42	0.00	0.00	62.25	7.17	0.00	0.00	2000
232	11.10	2071	2117	0.00	221	0	0	0	nan	0.00	0.51	6.13	83.21	88.90	0.00	38	0	42	0.00	0.00	69.58	8.03	0.00	0.00	2000
226	10.93	2078	2089	0.00	201	0	0	0	nan	0.00	0.00	7.10	81.73	89.07	0.00	38	0	42	0.00	0.00	65.26	7.54	0.00	0.00	2000
232	11.13	2070	2118	0.00	198	0	0	10	84.43	0.00	0.03	3.19	86.63	88.87	0.00	38	0	42	0.00	0.00	65.30	7.38	0.00	0.00	2000
233	11.53	2065	2057	0.51	199	0	0	12	65.11	0.00	0.00	5.87	80.94	88.47	0.00	36	0	42	0.00	0.00	61.85	7.09	0.00	0.00	2000
233	10.97	2094	2134	0.00	218	0	0	0	nan	0.00	0.00	6.78	83.86	89.03	0.00	37	0	42	0.00	0.00	68.29	7.76	0.00	0.00	2000
236	11.29	2088	2098	0.00	203	0	0	0	nan	0.00	0.00	7.81	80.97	88.71	0.00	37	0	42	0.00	0.00	64.56	7.35	0.00	0.00	2000
215	10.61	2029	2094	0.00	220	0	0	0	nan	0.00	0.01	4.12	85.10	89.39	0.00	38	0	42	0.00	0.00	67.25	8.02	0.00	0.00	2000
233	11.52	2012	2113	0.00	203	0	0	0	nan	0.00	0.00	2.83	86.36	88.48	0.00	38	0	42	0.00	0.00	67.79	8.06	0.00	0.00	2000
237	11.33	2070	2121	0.00	214	0	0	0	nan	0.00	0.00	4.69	85.06	88.67	0.00	39	0	42	0.00	0.00	66.91	7.94	0.00	0.00	2000
230	11.02	2086	2101	0.00	204	0	0	0	nan	0.00	0.00	3.26	85.93	88.98	0.00	39	0	42	0.00	0.00	63.27	7.69	0.00	0.00	2000
234	11.15	2091	2104	0.00	200	0	0	0	nan	0.00	0.03	2.95	86.10	88.85	0.00	39	0	41	0.00	0.00	65.81	7.88	0.00	0.00	2000
229	11.09	2070	2097	0.00	202	0	0	0	nan	0.00	0.00	3.51	85.47	88.91	0.00	39	0	42	0.00	0.00	66.45	8.01	0.00	0.00	2000
229	10.95	2105	2085	0.00	203	0	0	0	nan	0.00	0.00	3.32	85.24	89.05	0.00	40	0	42	0.00	0.00	63.24	7.66	0.00	0.00	2000
231	10.89	2131	2091	0.00	205	0	0	0	nan	0.00	0.04	3.20	85.62	89.11	0.00	40	0	41	0.00	0.00	64.63	7.69	0.00	0.00	2000
227	10.89	2081	2104	0.00	229	0	0	0	nan	0.01	0.00	3.03	86.37	89.11	0.00	40	0	42	0.00	0.00	65.31	7.63	0.00	0.00	2000
233	11.16	2062	2126	0.00	203	0	0	0	nan	0.00	0.00	3.20	86.83	88.84	0.00	41	0	42	0.00	0.00	66.39	7.59	0.00	0.00	2000
228	11.21	2034	2095	0.00	203	0	0	0	nan	0.00	0.00	3.77	85.01	88.79	0.00	40	0	42	0.00	0.00	63.49	7.47	0.00	0.00	2000
229	11.51	1989	2102	0.00	203	0	0	0	nan	0.00	0.02	3.02	85.76	88.50	0.00	40	0	42	0.00	0.00	67.20	8.27	0.00	0.00	2000
232	11.52	2015	2096	0.00	221	0	0	0	nan	0.00	0.00	4.11	84.36	88.48	0.00	40	0	42	0.00	0.00	63.99	7.45	0.00	0.00	2000
227	11.06	2053	2101	0.24	211	0	0	3	90.24	0.00	0.00	3.88	85.26	88.94	0.00	40	0	42	0.00	0.00	65.21	7.53	0.00	0.00	2000
227	11.12	2062	2075	0.46	204	0	0	3	94.76	0.00	0.00	3.02	84.91	88.88	0.00	40	0	42	0.00	0.00	63.55	7.39	0.00	0.00	2000
227	11.06	2055	2100	0.00	204	0	0	0	nan	0.00	0.00	3.62	85.46	88.94	0.00	40	0	42	0.00	0.00	66.33	7.53	0.00	0.00	2000
228	11.34	2023	2087	0.00	218	0	0	0	nan	0.00	0.00	4.47	83.84	88.66	0.00	40	0	42	0.00	0.00	63.47	7.47	0.00	0.00	2000
229	10.91	2090	2109	0.00	213	0	0	0	nan	0.00	0.02	2.22	87.40	89.09	0.00	40	0	41	0.00	0.00	64.90	7.55	0.00	0.00	2000
231	11.09	2058	2130	0.00	219	0	0	0	nan	0.00	0.02	3.88	86.46	88.91	0.00	40	0	41	0.00	0.00	68.24	7.77	0.00	0.00	2000
223	10.97	2065	2067	0.00	187	0	0	0	nan	0.00	0.02	3.52	84.22	89.03	0.00	40	0	42	0.00	0.00	61.92	7.14	0.00	0.00	2000
233	11.31	2023	2135	0.00	220	0	0	0	nan	0.00	0.00	5.02	85.25	88.69	0.00	40	0	42	0.00	0.00	66.44	7.54	0.00	0.00	2000
229	11.16	2053	2100	0.00	203	0	0	0	nan	0.00	0.00	3.79	85.23	88.84	0.00	40	0	42	0.00	0.00	64.42	7.30	0.00	0.00	2000
227	10.81	2107	2095	0.00	213	0	0	0	nan	0.00	0.00	3.50	85.55	89.19	0.00	40	0	42	0.00	0.00	65.16	7.40	0.00	0.00	2000
224	10.99	2069	2071	0.00	204	0	0	0	nan	0.00	0.00	2.74	85.08	89.01	0.00	40	0	42	0.00	0.00	65.45	7.84	0.00	0.00	2000
233	11.04	2080	2127	0.00	220	0	0	0	nan	0.00	0.00	5.05	85.12	88.96	0.00	40	0	41	0.00	0.00	68.51	7.99	0.00	0.00	2000
225	11.00	2058	2083	0.00	200	0	0	0	nan	0.00	0.00	3.00	85.43	89.00	0.00	40	0	42	0.00	0.00	61.50	7.04	0.00	0.00	2000
230	11.07	2090	2090	0.00	213	0	0	0	nan	0.00	0.02	3.49	85.15	88.93	0.00	41	0	41	0.00	0.00	64.40	7.53	0.00	0.00	2000
227	10.96	2065	2105	0.00	219	0	0	0	nan	0.00	0.01	4.06	85.25	89.04	0.00	41	0	42	0.00	0.00	65.60	7.63	0.00	0.00	2000
230	11.11	2065	2103	0.00	222	0	0	0	nan	0.00	0.02	4.57	84.65	88.89	0.00	40	0	42	0.00	0.00	65.49	7.59	0.00	0.00	2000
229	10.65	2145	2101	0.00	203	0	0	0	nan	0.00	0.00	3.54	85.94	89.35	0.00	41	0	42	0.00	0.00	67.12	7.85	0.00	0.00	2000
235	10.99	2113	2126	0.88	204	0	0	4	88.31	0.01	0.01	3.53	86.72	89.01	0.00	41	0	42	0.00	0.00	64.14	7.49	0.00	0.00	2000
224	11.00	2071	2067	0.32	211	0	0	0	94.20	0.00	0.02	3.30	84.48	89.00	0.00	41	0	41	0.00	0.00	66.15	7.75	0.00	0.00	2000
227	11.00	2054	2106	0.00	220	0	0	0	nan	0.00	0.00	4.48	84.95	89.00	0.00	41	0	42	0.00	0.00	65.34	7.41	0.00	0.00	2000
229	10.94	2087	2104	0.00	202	0	0	0	nan	0.00	0.01	3.09	86.19	89.06	0.00	41	0	42	0.00	0.00	63.30	7.78	0.00	0.00	2000
234	11.27	2047	2125	0.00	222	0	0	0	nan	0.00	0.02	4.61	85.26	88.73	0.00	41	0	42	0.00	0.00	66.91	7.66	0.00	0.00	2000
228	10.89	2094	2097	0.00	214	0	0	0	nan	0.00	0.00	4.47	84.55	89.11	0.00	41	0	42	0.00	0.00	65.42	7.47	0.00	0.00	2000
224	11.00	2066	2072	0.00	204	0	0	0	nan	0.00	0.00	3.73	84.22	89.00	0.00	41	0	42	0.00	0.00	63.69	7.22	0.00	0.00	2000
228	10.96	2071	2108	0.00	201	0	0	0	nan	0.00	0.01	2.99	86.52	89.04	0.00	41	0	42	0.00	0.00	65.41	7.50	0.00	0.00	2000
230	10.89	2095	2120	0.00	219	0	0	0	nan	0.00	0.01	3.13	86.96	89.11	0.00	41	0	42	0.00	0.00	66.61	7.65	0.00	0.00	2000
228	11.29	2031	2092	0.00	202	0	0	0	nan	0.00	0.03	2.73	85.76	88.71	0.00	41	0	42	0.00	0.00	64.95	7.58	0.00	0.00	2000
225	11.05	2051	2089	0.00	214	0	0	0	nan	0.00	0.02	3.58	85.08	88.95	0.00	41	0	41	0.00	0.00	63.74	7.20	0.00	0.00	2000
230	10.82	2105	2124	0.00	203	0	0	0	nan	0.00	0.01	2.83	87.38	89.18	0.00	41	0	41	0.00	0.00	66.08	7.66	0.00	0.00	2000
229	10.84	2110	2101	0.00	203	0	0	0	nan	0.00	0.00	3.32	85.98	89.16	0.00	41	0	41	0.00	0.00	64.92	7.54	0.00	0.00	2000
222	11.25	2010	2063	0.00	199	0	0	0	nan	0.00	0.00	3.58	83.75	88.75	0.00	41	0	41	0.00	0.00	63.03	7.22	0.00	0.00	2000
232	11.08	2080	2112	0.00	229	0	0	0	nan	0.00	0.00	4.78	84.68	88.92	0.00	40	0	42	0.00	0.00	66.31	7.80	0.00	0.00	2000
231	11.03	2076	2122	0.00	203	0	0	0	nan	0.00	0.02	3.18	86.83	88.97	0.00	40	0	42	0.00	0.00	66.36	7.76	0.00	0.00	2000
230	10.94	2098	2101	0.00	202	0	0	0	nan	0.00	0.00	3.24	85.95	89.06	0.00	40	0	42	0.00	0.00	65.37	7.52	0.00	0.00	2000
227	10.90	2083	2099	0.96	200	0	0	1	75.70	0.00	0.02	3.16	86.00	89.10	0.00	40	0	42	0.00	0.00	65.43	7.39	0.00	0.00	2000
229	11.27	2034	2099	0.09	204	0	0	0	nan	0.00	0.00	3.42	85.49	88.73	0.00	41	0	42	0.00	0.00	64.89	7.46	0.00	0.00	2000
225	10.83	2107	2068	0.00	201	0	0	0	nan	0.00	0.00	3.74	84.16	89.17	0.00	41	0	42	0.00	0.00	63.43	7.17	0.00	0.00	2000
233	11.00	2081	2137	0.00	211	0	0	0	nan	0.01	0.00	3.16	87.51	89.00	0.00	41	0	41	0.00	0.00	66.45	7.71	0.00	0.00	2000
222	10.88	2071	2065	0.00	204	0	0	0	nan	0.00	0.00	3.42	84.36	89.12	0.00	41	0	42	0.00	0.00	63.33	7.11	0.00	0.00	2000
227	11.07	2043	2110	0.00	218	0	0	0	nan	0.00	0.00	3.62	85.87	88.93	0.00	40	0	42	0.00	0.00	65.50	7.52	0.00	0.00	2000
231	10.82	2119	2115	0.00	204	0	0	0	nan	0.01	0.00	3.21	86.63	89.18	0.00	40	0	42	0.00	0.00	66.08	7.54	0.00	0.00	2000
229	10.76	2129	2096	0.00	213	0	0	0	nan	0.00	0.00	4.39	84.75	89.24	0.00	41	0	41	0.00	0.00	66.16	7.53	0.00	0.00	2000
225	11.15	2031	2085	0.00	204	0	0	0	nan	0.00	0.02	3.16	85.17	88.85	0.00	40	0	42	0.00	0.00	63.24	7.17	0.00	0.00	2000
240	11.86	2026	2096	0.00	205	0	0	0	nan	0.00	0.00	3.13	85.04	88.14	0.00	41	0	42	0.00	0.00	65.43	7.39	0.00	0.00	2000
228	11.28	2012	2110	0.00	220	0	0	0	nan	0.00	0.00	3.64	85.70	88.72	0.00	40	0	42	0.00	0.00	64.93	7.38	0.00	0.00	2000
233	11.33	2039	2123	0.00	203	0	0	0	nan	0.00	0.00	3.38	86.48	88.67	0.00	41	0	42	0.00	0.00	65.69	7.53	0.00	0.00	2000
228	10.88	2097	2100	0.00	212	0	0	0	nan	0.00	0.02	3.66	85.50	89.12	0.00	41	0	42	0.00	0.00	65.13	7.26	0.00	0.00	2000
230	11.00	2088	2101	0.00	205	0	0	0	nan	0.00	0.00	3.53	85.57	89.00	0.00	41	0	42	0.00	0.00	65.02	7.48	0.00	0.00	2000
255	12.19	2121	2070	0.00	204	0	0	0	nan	0.00	0.02	3.39	83.35	87.81	0.00	41	0	42	0.00	0.00	62.13	7.07	0.00	0.00	2000
230	11.08	2082	2095	0.00	220	0	0	0	nan	0.00	0.00	3.91	84.99	88.92	0.00	40	0	42	0.00	0.00	68.02	7.68	0.00	0.00	2000
229	11.16	2056	2100	0.00	203	0	0	0	88.47	0.00	0.04	2.65	86.29	88.84	0.00	40	0	42	0.00	0.00	64.45	7.39	0.00	0.00	2000
232	11.43	2002	2124	0.69	231	0	0	3	89.44	0.01	0.02	3.16	86.62	88.57	0.00	40	0	42	0.00	0.00	66.01	7.69	0.00	0.00	2000
225	11.17	2039	2078	0.05	205	0	0	0	nan	0.00	0.02	3.08	84.97	88.83	0.00	41	0	42	0.00	0.00	62.77	7.40	0.00	0.00	2000
235	11.29	2050	2129	0.00	219	0	0	0	nan	0.00	0.02	3.87	86.18	88.71	0.00	41	0	42	0.00	0.00	67.89	8.94	0.00	0.00	2000
226	10.97	2095	2065	0.00	220	0	0	0	nan	0.00	0.00	3.52	84.20	89.03	0.00	40	0	42	0.00	0.00	62.85	8.68	0.00	0.00	2000
231	11.27	2018	2135	0.00	227	0	0	0	nan	0.00	0.00	4.33	86.05	88.73	0.00	41	0	42	0.00	0.00	71.01	9.05	0.00	0.00	2000
223	11.11	2037	2065	0.00	203	0	0	0	nan	0.00	0.02	3.55	83.96	88.89	0.00	41	0	42	0.00	0.00	65.35	8.59	0.00	0.00	2000
228	11.06	2062	2101	0.00	203	0	0	0	nan	0.00	0.00	3.44	85.64	88.94	0.00	41	0	42	0.00	0.00	66.13	8.27	0.00	0.00	2000
229	11.04	2061	2114	0.00	203	0	0	0	nan	0.00	0.00	4.65	85.04	88.96	0.00	40	0	42	0.00	0.00	65.74	7.75	0.00	0.00	2000
231	11.09	2083	2102	0.00	213	0	0	0	nan	0.00	0.00	3.92	85.22	88.91	0.00	41	0	42	0.00	0.00	65.52	7.58	0.00	0.00	2000
232	10.77	2131	2119	0.00	204	0	0	0	nan	0.00	0.00	3.42	86.67	89.23	0.00	40	0	42	0.00	0.00	67.43	7.65	0.00	0.00	2000
227	11.11	2055	2091	0.00	204	0	0	0	nan	0.00	0.02	3.23	85.47	88.89	0.00	41	0	41	0.00	0.00	62.14	7.09	0.00	0.00	2000
230	10.97	2089	2105	0.00	207	0	0	0	nan	0.00	0.00	3.96	85.48	89.03	0.00	41	0	42	0.00	0.00	64.68	7.30	0.00	0.00	2000
227	10.89	2099	2084	0.00	203	0	0	0	nan	0.01	0.00	3.48	85.01	89.11	0.00	41	0	42	0.00	0.00	63.55	7.42	0.00	0.00	2000
234	11.12	2094	2113	0.00	204	0	0	0	nan	0.00	0.01	4.62	84.94	88.88	0.00	40	0	41	0.00	0.00	67.16	7.70	0.00	0.00	2000
229	11.14	2052	2104	0.00	214	0	0	0	nan	0.00	0.00	3.07	86.16	88.86	0.00	41	0	42	0.00	0.00	66.70	7.81	0.00	0.00	2000
227	11.32	2005	2098	0.00	186	0	0	0	nan	0.00	0.03	2.94	85.84	88.68	0.00	40	0	42	0.00	0.00	63.41	7.42	0.00	0.00	2000
230	11.18	2048	2107	0.00	201	0	0	0	nan	0.00	0.02	3.01	86.18	88.82	0.00	40	0	41	0.00	0.00	65.24	7.66	0.00	0.00	2000
225	10.85	2094	2078	0.86	205	0	0	4	44.47	0.00	0.00	4.23	84.13	89.15	0.00	40	0	42	0.00	0.00	64.37	7.29	0.00	0.00	2000
233	11.13	2075	2116	0.07	203	0	0	0	nan	0.00	0.01	3.13	86.58	88.87	0.00	40	0	42	0.00	0.00	66.88	7.64	0.00	0.00	2000
231	11.18	2059	2105	0.00	201	0	0	0	nan	0.00	0.00	4.04	85.18	88.82	0.00	40	0	42	0.00	0.00	66.29	7.72	0.00	0.00	2000
227	10.75	2132	2081	0.00	198	0	0	0	nan	0.00	0.00	2.80	85.67	89.25	0.00	40	0	42	0.00	0.00	63.32	7.34	0.00	0.00	2000
228	11.12	2045	2105	0.00	202	0	0	0	nan	0.00	0.00	2.85	86.44	88.88	0.00	41	0	42	0.00	0.00	68.30	7.79	0.00	0.00	2000
231	11.10	2064	2116	0.00	204	0	0	0	nan	0.00	0.02	3.38	86.33	88.90	0.00	41	0	42	0.00	0.00	66.40	7.70	0.00	0.00	2000
226	11.01	2063	2088	0.00	203	0	0	0	nan	0.00	0.00	3.68	85.00	88.99	0.00	40	0	41	0.00	0.00	62.06	7.33	0.00	0.00	2000
230	11.07	2077	2104	0.00	202	0	0	0	nan	0.00	0.00	2.89	86.30	88.93	0.00	40	0	41	0.00	0.00	63.92	7.28	0.00	0.00	2000
227	11.07	2062	2086	0.00	213	0	0	0	nan	0.00	0.02	2.94	85.60	88.93	0.00	40	0	42	0.00	0.00	65.64	7.62	0.00	0.00	2000
229	10.85	2108	2102	0.00	204	0	0	0	nan	0.00	0.02	3.27	86.04	89.15	0.00	41	0	42	0.00	0.00	65.69	7.57	0.00	0.00	2000
229	11.24	2026	2109	0.00	203	0	0	0	nan	0.00	0.00	3.99	85.33	88.76	0.00	40	0	42	0.00	0.00	66.02	7.66	0.00	0.00	2000
229	11.07	2068	2101	0.00	201	0	0	0	nan	0.00	0.00	3.32	85.77	88.93	0.00	41	0	41	0.00	0.00	66.16	7.82	0.00	0.00	2000
228	11.13	2044	2103	0.00	187	0	0	0	nan	0.00	0.00	3.02	86.11	88.87	0.00	40	0	42	0.00	0.00	63.33	7.45	0.00	0.00	2000
230	11.35	2033	2093	0.00	204	0	0	0	nan	0.00	0.00	3.51	84.98	88.65	0.00	40	0	42	0.00	0.00	65.66	7.63	0.00	0.00	2000
233	11.05	2092	2112	0.00	216	0	0	0	nan	0.00	0.02	4.44	85.10	88.95	0.00	40	0	42	0.00	0.00	65.18	7.58	0.00	0.00	2000
229	11.09	2070	2098	0.00	204	0	0	0	nan	0.00	0.00	3.19	85.77	88.91	0.00	40	0	42	0.00	0.00	66.78	7.66	0.00	0.00	2000
224	10.87	2089	2077	0.00	187	0	0	0	nan	0.00	0.01	2.52	85.71	89.13	0.00	40	0	42	0.00	0.00	62.23	7.32	0.00	0.00	2000
232	10.93	2108	2113	0.43	220	0	0	4	52.36	0.00	0.00	3.17	86.53	89.07	0.00	40	0	42	0.00	0.00	67.86	7.92	0.00	0.00	2000
230	10.83	2116	2104	0.43	204	0	0	2	74.18	0.00	0.00	3.32	86.07	89.17	0.00	41	0	42	0.00	0.00	65.60	7.50	0.00	0.00	2000
232	10.86	2145	2088	0.00	196	0	0	0	nan	0.00	0.03	3.32	85.39	89.14	0.00	41	0	42	0.00	0.00	63.20	7.35	0.00	0.00	2000
229	11.13	2050	2107	0.00	201	0	0	0	nan	0.00	0.03	3.31	85.97	88.87	0.00	41	0	42	0.00	0.00	63.33	7.32	0.00	0.00	2000
231	10.95	2097	2111	0.00	204	0	0	0	nan	0.00	0.00	2.39	87.22	89.05	0.00	41	0	42	0.00	0.00	66.33	7.53	0.00	0.00	2000
226	11.08	2050	2091	0.00	203	0	0	0	nan	0.00	0.00	2.93	85.64	88.92	0.00	41	0	42	0.00	0.00	64.73	7.62	0.00	0.00	2000
231	11.19	2053	2114	0.00	200	0	0	0	nan	0.00	0.00	2.43	87.06	88.81	0.00	41	0	42	0.00	0.00	65.60	7.70	0.00	0.00	2000
227	10.88	2105	2081	0.00	202	0	0	0	nan	0.00	0.00	3.45	84.96	89.12	0.00	41	0	42	0.00	0.00	66.55	7.84	0.00	0.00	2000
230	11.31	2028	2108	0.00	214	0	0	0	nan	0.00	0.00	2.87	86.26	88.69	0.00	40	0	42	0.00	0.00	65.27	7.63	0.00	0.00	2000
227	11.33	2002	2097	0.00	204	0	0	0	nan	0.00	0.00	3.28	85.39	88.67	0.00	40	0	42	0.00	0.00	65.11	7.52	0.00	0.00	2000
228	11.36	2004	2104	0.00	203	0	0	0	nan	0.00	0.00	2.30	86.65	88.64	0.00	41	0	42	0.00	0.00	64.04	7.48	0.00	0.00	2000
228	11.00	2068	2102	0.00	202	0	0	0	nan	0.00	0.02	2.95	86.12	89.00	0.00	41	0	42	0.00	0.00	66.27	7.65	0.00	0.00	2000
230	11.13	2072	2092	0.00	203	0	0	0	nan	0.00	0.00	3.27	85.41	88.87	0.00	41	0	41	0.00	0.00	64.18	7.60	0.00	0.00	2000
234	10.90	2136	2114	0.00	215	0	0	0	nan	0.00	0.00	3.10	86.65	89.10	0.00	40	0	42	0.00	0.00	68.17	8.06	0.00	0.00	2000
227	10.97	2085	2087	0.00	203	0	0	0	nan	0.00	0.00	3.50	85.02	89.03	0.00	41	0	42	0.00	0.00	64.72	7.42	0.00	0.00	2000
226	10.78	2108	2087	0.00	203	0	0	0	nan	0.00	0.02	3.65	85.11	89.22	0.00	40	0	42	0.00	0.00	65.76	7.56	0.00	0.00	2000
231	11.55	1981	2118	0.00	201	0	0	0	nan	0.00	0.00	3.99	85.37	88.45	0.00	41	0	42	0.00	0.00	64.75	7.53	0.00	0.00	2000
227	11.28	2019	2097	0.15	204	0	0	2	57.75	0.00	0.02	3.25	85.49	88.72	0.00	41	0	42	0.00	0.00	65.94	7.55	0.00	0.00	2000
233	11.49	2027	2103	0.60	215	0	0	4	63.84	0.00	0.00	4.73	84.03	88.51	0.00	40	0	42	0.00	0.00	65.97	7.70	0.00	0.00	2000
229	10.88	2098	2106	0.00	206	0	0	0	nan	0.00	0.02	4.08	85.36	89.12	0.00	40	0	42	0.00	0.00	66.45	7.71	0.00	0.00	2000
228	10.96	2083	2095	0.00	202	0	0	0	nan	0.00	0.00	4.00	84.95	89.04	0.00	41	0	42	0.00	0.00	65.49	7.62	0.00	0.00	2000
227	11.15	2046	2091	0.00	202	0	0	0	nan	0.00	0.00	3.76	84.86	88.85	0.00	41	0	42	0.00	0.00	62.27	7.22	0.00	0.00	2000
231	11.02	2087	2109	0.00	187	0	0	0	nan	0.00	0.00	3.64	85.87	88.98	0.00	41	0	42	0.00	0.00	64.30	7.47	0.00	0.00	2000
230	11.02	2084	2100	0.00	202	0	0	0	nan	0.00	0.00	3.13	85.97	88.98	0.00	41	0	42	0.00	0.00	65.65	7.70	0.00	0.00	2000
229	10.83	2116	2102	0.00	212	0	0	0	nan	0.00	0.00	3.37	85.95	89.17	0.00	41	0	41	0.00	0.00	66.95	7.73	0.00	0.00	2000
226	11.30	2005	2097	0.00	202	0	0	0	nan	0.01	0.00	3.59	85.05	88.70	0.00	40	0	42	0.00	0.00	65.39	7.54	0.00	0.00	2000
228	11.01	2073	2094	0.00	203	0	0	0	nan	0.00	0.00	2.84	86.04	88.99	0.00	41	0	41	0.00	0.00	66.17	7.57	0.00	0.00	2000
226	11.34	1998	2099	0.00	203	0	0	0	nan	0.00	0.00	3.69	85.02	88.66	0.00	41	0	42	0.00	0.00	65.00	7.67	0.00	0.00	2000
227	11.00	2072	2096	0.00	204	0	0	0	nan	0.00	0.00	3.03	85.88	89.00	0.00	40	0	42	0.00	0.00	65.40	7.65	0.00	0.00	2000
230	11.64	1965	2108	0.00	210	0	0	0	nan	0.00	0.00	4.06	84.78	88.36	0.00	40	0	42	0.00	0.00	64.72	7.28	0.00	0.00	2000
231	10.91	2104	2112	0.00	204	0	0	0	nan	0.00	0.02	3.03	86.63	89.09	0.00	41	0	42	0.00	0.00	67.22	7.89	0.00	0.00	2000
227	10.86	2098	2089	0.00	186	0	0	0	nan	0.00	0.00	3.19	85.60	89.14	0.00	41	0	42	0.00	0.00	60.67	7.09	0.00	0.00	2000
228	10.98	2088	2094	0.00	203	0	0	0	nan	0.00	0.01	3.30	85.59	89.02	0.00	41	0	42	0.00	0.00	65.75	7.62	0.00	0.00	2000
228	11.05	2067	2095	0.00	203	0	0	0	nan	0.00	0.00	2.66	86.15	88.95	0.00	40	0	42	0.00	0.00	65.53	7.48	0.00	0.00	2000
236	11.01	2117	2127	0.00	204	0	0	1	89.63	0.00	0.02	3.82	86.44	88.99	0.00	41	0	42	0.00	0.00	65.95	7.62	0.00	0.00	2000
228	10.87	2104	2096	0.89	213	0	0	5	52.97	0.00	0.03	3.57	85.46	89.13	0.00	40	0	42	0.00	0.00	67.87	7.83	0.00	0.00	2000
229	10.57	2169	2095	0.06	205	0	0	0	nan	0.00	0.00	3.64	85.72	89.43	0.00	41	0	42	0.00	0.00	62.75	7.25	0.00	0.00	2000
228	10.91	2090	2096	0.00	203	0	0	0	nan	0.00	0.02	3.61	85.39	89.09	0.00	40	0	42	0.00	0.00	65.16	7.49	0.00	0.00	2000
228	11.23	2038	2096	0.00	206	0	0	0	nan	0.00	0.00	4.34	84.40	88.77	0.00	41	0	42	0.00	0.00	67.90	7.68	0.00	0.00	2000
230	10.71	2137	2109	0.00	204	0	0	0	nan	0.00	0.00	3.63	86.11	89.29	0.00	41	0	42	0.00	0.00	60.87	7.05	0.00	0.00	2000
228	11.45	2002	2086	0.00	213	0	0	0	nan	0.00	0.02	3.75	84.41	88.55	0.00	40	0	41	0.00	0.00	66.46	8.10	0.00	0.00	2000
231	10.99	2084	2119	0.00	202	0	0	0	nan	0.00	0.00	3.71	86.23	89.01	0.00	41	0	42	0.00	0.00	64.51	7.31	0.00	0.00	2000
227	10.88	2099	2092	0.00	204	0	0	0	nan	0.00	0.02	3.23	85.62	89.12	0.00	40	0	42	0.00	0.00	64.80	7.55	0.00	0.00	2000
228	11.09	2056	2098	0.00	203	0	0	0	nan	0.00	0.02	3.52	85.43	88.91	0.00	40	0	42	0.00	0.00	64.48	7.58	0.00	0.00	2000
261	12.43	2098	2099	0.00	204	0	0	0	nan	0.00	0.00	3.53	84.19	87.57	0.00	41	0	42	0.00	0.00	66.61	7.52	0.00	0.00	2000
229	11.10	2067	2093	0.00	188	0	0	0	nan	0.00	0.01	3.75	84.99	88.90	0.00	40	0	41	0.00	0.00	66.29	7.78	0.00	0.00	2000
230	11.06	2072	2112	0.00	214	0	0	0	nan	0.00	0.02	2.72	86.87	88.94	0.00	41	0	42	0.00	0.00	66.50	7.59	0.00	0.00	2000
228	11.19	2039	2100	0.00	203	0	0	0	nan	0.00	0.00	2.99	85.96	88.81	0.00	41	0	42	0.00	0.00	65.86	7.72	0.00	0.00	2000
228	11.25	2028	2097	0.00	202	0	0	0	nan	0.00	0.00	3.04	85.72	88.75	0.00	40	0	42	0.00	0.00	64.13	7.55	0.00	0.00	2000
234	11.48	2046	2092	0.00	204	0	0	0	nan	0.00	0.01	2.88	85.48	88.52	0.00	40	0	42	0.00	0.00	62.45	7.19	0.00	0.00	2000
231	11.49	2010	2105	0.00	204	0	0	0	nan	0.00	0.01	4.22	84.61	88.51	0.00	41	0	42	0.00	0.00	67.28	7.82	0.00	0.00	2000
235	10.94	2134	2113	0.00	215	0	0	0	nan	0.00	0.01	2.75	86.94	89.06	0.00	41	0	42	0.00	0.00	61.76	7.07	0.00	0.00	2000
226	10.97	2073	2082	0.70	203	0	0	4	46.80	0.00	0.00	3.37	85.07	89.03	0.00	41	0	41	0.00	0.00	64.96	7.47	0.00	0.00	2000
229	11.15	2044	2111	0.22	202	0	0	0	nan	0.00	0.00	4.27	85.25	88.85	0.00	40	0	42	0.00	0.00	66.65	7.72	0.00	0.00	2000
228	11.05	2070	2090	0.00	187	0	0	0	nan	0.00	0.00	3.33	85.33	88.95	0.00	41	0	41	0.00	0.00	65.93	7.42	0.00	0.00	2000
232	11.23	2040	2122	0.00	204	0	0	0	nan	0.00	0.06	3.08	86.74	88.77	0.00	41	0	42	0.00	0.00	66.15	7.77	0.00	0.00	2000
229	11.29	2034	2093	0.00	202	0	0	0	nan	0.00	0.00	3.74	84.87	88.71	0.00	40	0	42	0.00	0.00	65.52	7.50	0.00	0.00	2000
228	11.16	2042	2102	0.00	211	0	0	0	nan	0.00	0.01	3.06	86.05	88.84	0.00	40	0	42	0.00	0.00	61.13	6.84	0.00	0.00	2000
228	10.91	2098	2096	0.00	201	0	0	0	nan	0.00	0.00	3.47	85.58	89.09	0.00	40	0	42	0.00	0.00	65.66	7.51	0.00	0.00	2000
231	10.71	2142	2110	0.00	206	0	0	0	nan	0.00	0.00	4.42	85.33	89.29	0.00	40	0	42	0.00	0.00	67.26	7.83	0.00	0.00	2000
226	10.86	2100	2082	0.00	204	0	0	0	nan	0.00	0.00	3.36	85.16	89.14	0.00	41	0	42	0.00	0.00	64.72	7.45	0.00	0.00	2000
228	11.18	2045	2096	0.00	203	0	0	0	nan	0.01	0.00	3.21	85.64	88.82	0.00	41	0	42	0.00	0.00	65.32	7.53	0.00	0.00	2000
229	10.94	2094	2103	0.00	212	0	0	0	nan	0.00	0.00	2.75	86.55	89.06	0.00	41	0	42	0.00	0.00	66.39	7.50	0.00	0.00	2000
228	11.23	2027	2108	0.00	204	0	0	0	nan	0.00	0.00	2.18	87.09	88.77	0.00	40	0	42	0.00	0.00	64.76	7.47	0.00	0.00	2000
225	11.17	2037	2075	0.00	201	0	0	0	nan	0.00	0.01	2.66	85.08	88.83	0.00	40	0	42	0.00	0.00	63.64	7.21	0.00	0.00	2000
231	11.41	1998	2128	0.00	202	0	0	0	nan	0.00	0.01	2.36	87.61	88.59	0.00	41	0	42	0.00	0.00	66.12	7.74	0.00	0.00	2000
229	11.27	2034	2100	0.00	202	0	0	0	nan	0.00	0.00	2.86	86.00	88.73	0.00	41	0	41	0.00	0.00	65.30	7.51	0.00	0.00	2000
230	10.84	2135	2084	0.00	214	0	0	0	nan	0.00	0.00	4.22	84.35	89.16	0.00	40	0	42	0.00	0.00	63.66	7.45	0.00	0.00	2000
231	10.83	2125	2105	0.00	201	0	0	0	nan	0.00	0.00	3.14	86.33	89.17	0.00	41	0	42	0.00	0.00	65.76	7.54	0.00	0.00	2000
231	11.20	2047	2119	0.24	203	0	0	14	13.83	0.00	0.03	2.83	86.84	88.80	0.00	40	0	42	0.00	0.00	65.22	7.67	0.00	0.00	2000
228	11.21	2036	2093	0.46	201	0	0	3	65.71	0.00	0.00	3.61	85.09	88.79	0.00	41	0	42	0.00	0.00	65.41	7.70	0.00	0.00	2000
227	11.22	2022	2099	0.00	200	0	0	0	nan	0.00	0.00	2.88	85.96	88.78	0.00	41	0	42	0.00	0.00	60.23	6.90	0.00	0.00	2000
233	11.21	2067	2107	0.00	203	0	0	0	nan	0.00	0.00	3.13	86.10	88.79	0.00	41	0	42	0.00	0.00	66.34	7.44	0.00	0.00	2000
227	10.73	2123	2095	0.00	213	0	0	0	nan	0.00	0.00	3.26	85.94	89.27	0.00	41	0	42	0.00	0.00	66.39	7.54	0.00	0.00	2000
228	10.66	2143	2099	0.00	203	0	0	0	nan	0.00	0.00	3.20	86.18	89.34	0.00	41	0	42	0.00	0.00	65.45	7.45	0.00	0.00	2000
227	10.60	2148	2095	0.00	187	0	0	0	nan	0.00	0.02	2.41	86.82	89.40	0.00	41	0	42	0.00	0.00	66.07	7.56	0.00	0.00	2000
228	10.72	2131	2097	0.00	204	0	0	0	nan	0.00	0.00	3.63	85.65	89.28	0.00	41	0	42	0.00	0.00	64.89	7.48	0.00	0.00	2000
226	10.75	2113	2093	0.00	204	0	0	0	nan	0.00	0.00	2.96	86.08	89.25	0.00	41	0	42	0.00	0.00	64.37	7.46	0.00	0.00	2000
233	11.17	2064	2122	0.00	212	0	0	0	nan	0.00	0.00	4.07	85.88	88.83	0.00	41	0	42	0.00	0.00	61.11	7.02	0.00	0.00	2000
224	11.01	2066	2068	0.00	205	0	0	0	nan	0.00	0.02	3.88	83.81	88.99	0.00	41	0	42	0.00	0.00	65.78	7.62	0.00	0.00	2000
232	11.04	2076	2127	0.00	222	0	0	0	nan	0.00	0.02	4.49	85.69	88.96	0.00	41	0	42	0.00	0.00	67.87	8.01	0.00	0.00	2000
226	10.71	2124	2087	0.00	186	0	0	0	nan	0.00	0.00	2.99	85.81	89.29	0.00	41	0	41	0.00	0.00	62.96	7.34	0.00	0.00	2000
229	10.89	2104	2097	0.00	204	0	0	0	nan	0.00	0.01	2.86	86.14	89.11	0.00	41	0	42	0.00	0.00	68.14	7.87	0.00	0.00	2000
231	10.93	2105	2104	0.00	211	0	0	0	nan	0.00	0.01	3.09	86.23	89.07	0.00	41	0	42	0.00	0.00	65.38	7.28	0.00	0.00	2000
231	10.84	2135	2100	0.00	204	0	0	0	nan	0.00	0.02	3.63	85.55	89.16	0.00	41	0	42	0.00	0.00	65.26	8.02	0.00	0.00	2000
229	10.94	2084	2106	0.00	204	0	0	0	nan	0.00	0.02	2.75	86.69	89.07	0.00	40	0	42	0.00	0.00	61.90	7.33	0.00	0.00	2000
227	10.76	2122	2090	0.09	204	0	0	2	60.18	0.00	0.02	3.18	85.63	89.24	0.00	40	0	42	0.00	0.00	67.46	7.80	0.00	0.00	2000
229	10.80	2112	2108	0.69	203	0	0	4	61.57	0.00	0.00	3.29	86.28	89.20	0.00	41	0	42	0.00	0.00	61.07	7.18	0.00	0.00	2000
233	11.46	2027	2107	0.00	202	0	0	0	nan	0.00	0.00	3.43	85.49	88.54	0.00	41	0	42	0.00	0.00	66.40	7.82	0.00	0.00	2000
226	10.96	2078	2081	0.00	212	0	0	0	nan	0.00	0.02	2.72	85.61	89.04	0.00	41	0	42	0.00	0.00	66.48	7.35	0.00	0.00	2000
234	10.95	2101	2131	0.00	203	0	0	0	nan	0.00	0.02	3.20	87.25	89.05	0.00	40	0	42	0.00	0.00	63.43	7.87	0.00	0.00	2000
228	11.08	2059	2101	0.00	205	0	0	0	nan	0.00	0.00	3.91	85.09	88.92	0.00	41	0	42	0.00	0.00	65.80	7.73	0.00	0.00	2000
227	10.97	2077	2092	0.00	203	0	0	0	nan	0.00	0.00	4.07	84.70	89.03	0.00	41	0	42	0.00	0.00	65.22	7.60	0.00	0.00	2000
230	10.68	2165	2092	0.00	202	0	0	0	nan	0.00	0.00	3.49	85.54	89.32	0.00	41	0	42	0.00	0.00	66.16	7.73	0.00	0.00	2000
232	10.82	2133	2110	0.00	210	0	0	0	nan	0.01	0.00	3.03	86.67	89.18	0.00	41	0	42	0.00	0.00	66.77	7.68	0.00	0.00	2000
228	11.03	2066	2098	0.00	200	0	0	0	nan	0.00	0.00	3.34	85.62	88.97	0.00	41	0	42	0.00	0.00	64.81	7.59	0.00	0.00	2000
226	10.97	2077	2086	0.00	202	0	0	0	nan	0.00	0.00	3.14	85.42	89.03	0.00	41	0	42	0.00	0.00	65.18	7.53	0.00	0.00	2000
230	10.95	2094	2109	0.00	206	0	0	0	nan	0.00	0.01	3.99	85.60	89.05	0.00	41	0	42	0.00	0.00	63.06	7.49	0.00	0.00	2000
229	10.78	2153	2075	0.00	203	0	0	0	nan	0.00	0.02	3.57	84.67	89.22	0.00	41	0	42	0.00	0.00	63.06	7.18	0.00	0.00	2000
228	10.93	2087	2098	0.00	211	0	0	0	nan	0.00	0.00	2.68	86.41	89.07	0.00	41	0	42	0.00	0.00	64.98	7.39	0.00	0.00	2000
234	11.07	2083	2130	0.00	221	0	0	0	nan	0.00	0.02	2.65	87.61	88.93	0.00	41	0	42	0.00	0.00	70.08	8.06	0.00	0.00	2000
229	10.82	2128	2088	0.00	189	0	0	0	nan	0.00	0.00	3.11	85.65	89.18	0.00	41	0	42	0.00	0.00	60.49	6.96	0.00	0.00	2000
228	11.07	2070	2092	0.00	201	0	0	0	nan	0.00	0.01	2.88	85.81	88.93	0.00	41	0	42	0.00	0.00	64.46	7.51	0.00	0.00	2000
230	10.84	2096	2130	0.00	204	0	0	1	69.74	0.00	0.00	3.67	86.77	89.16	0.00	41	0	42	0.00	0.00	66.85	7.70	0.00	0.00	2000
232	11.05	2097	2100	0.85	214	0	0	5	58.19	0.00	0.00	4.61	84.43	88.95	0.00	41	0	42	0.00	0.00	65.26	7.72	0.00	0.00	2000
226	10.96	2072	2091	0.03	203	0	0	0	nan	0.00	0.02	3.31	85.46	89.04	0.00	41	0	42	0.00	0.00	65.04	7.70	0.00	0.00	2000
232	11.00	2097	2109	0.00	204	0	0	0	nan	0.00	0.00	3.04	86.40	89.00	0.00	41	0	42	0.00	0.00	65.89	7.79	0.00	0.00	2000
229	10.80	2116	2100	0.00	202	0	0	0	nan	0.00	0.00	3.46	85.83	89.20	0.00	41	0	42	0.00	0.00	65.01	7.59	0.00	0.00	2000
227	10.97	2080	2092	0.00	203	0	0	0	nan	0.00	0.00	3.33	85.52	89.03	0.00	41	0	42	0.00	0.00	65.54	7.66	0.00	0.00	2000
233	10.67	2176	2106	0.00	203	0	0	0	nan	0.00	0.00	3.77	85.77	89.33	0.00	41	0	42	0.00	0.00	67.10	7.76	0.00	0.00	2000
229	10.72	2133	2102	0.00	213	0	0	0	nan	0.00	0.01	3.62	85.82	89.28	0.00	41	0	42	0.00	0.00	63.04	7.33	0.00	0.00	2000
225	10.56	2151	2077	0.00	202	0	0	0	nan	0.00	0.01	3.20	85.28	89.44	0.00	41	0	42	0.00	0.00	66.02	7.57	0.00	0.00	2000
229	11.08	2061	2106	0.00	203	0	0	0	nan	0.00	0.00	2.75	86.47	88.92	0.00	41	0	42	0.00	0.00	65.63	7.66	0.00	0.00	2000
227	11.09	2058	2090	0.00	205	0	0	0	nan	0.00	0.01	3.27	85.30	88.91	0.00	40	0	42	0.00	0.00	65.91	7.51	0.00	0.00	2000
233	11.55	2000	2118	0.00	201	0	0	0	nan	0.00	0.00	4.12	85.16	88.45	0.00	41	0	42	0.00	0.00	64.66	7.63	0.00	0.00	2000
225	11.07	2047	2083	0.00	213	0	0	0	nan	0.00	0.00	3.42	84.92	88.93	0.00	41	0	42	0.00	0.00	60.03	7.19	0.00	0.00	2000
233	11.00	2096	2126	0.00	202	0	0	0	nan	0.00	0.00	4.25	85.95	89.01	0.00	40	0	42	0.00	0.00	66.92	7.71	0.00	0.00	2000
228	10.77	2118	2099	0.00	187	0	0	0	nan	0.00	0.00	2.53	86.75	89.23	0.00	41	0	42	0.00	0.00	67.30	7.77	0.00	0.00	2000
228	11.07	2079	2080	0.00	203	0	0	0	nan	0.00	0.02	3.05	85.10	88.93	0.00	41	0	42	0.00	0.00	63.30	7.46	0.00	0.00	2000
226	10.76	2109	2088	0.00	204	0	0	0	nan	0.00	0.00	2.88	86.01	89.24	0.00	41	0	42	0.00	0.00	65.41	7.64	0.00	0.00	2000
238	11.25	2083	2135	0.00	214	0	0	0	nan	0.01	0.02	3.64	86.67	88.75	0.00	41	0	42	0.00	0.00	65.43	7.54	0.00	0.00	2000
225	10.72	2130	2069	0.85	204	0	0	3	38.91	0.00	0.02	3.78	84.21	89.28	0.00	40	0	42	0.00	0.00	64.56	7.57	0.00	0.00	2000
231	10.61	2165	2116	0.07	204	0	0	0	nan	0.00	0.02	3.45	86.63	89.39	0.00	41	0	42	0.00	0.00	65.20	7.48	0.00	0.00	2000
226	11.25	2020	2087	0.00	202	0	0	0	nan	0.00	0.00	2.93	85.36	88.75	0.00	41	0	42	0.00	0.00	64.31	7.35	0.00	0.00	2000
230	11.08	2064	2111	0.00	203	0	0	0	nan	0.00	0.00	3.35	86.17	88.92	0.00	41	0	42	0.00	0.00	65.24	7.57	0.00	0.00	2000
233	11.28	2044	2120	0.00	201	0	0	0	nan	0.00	0.00	3.13	86.51	88.72	0.00	40	0	42	0.00	0.00	66.07	7.52	0.00	0.00	2000
225	11.10	2058	2070	0.00	213	0	0	0	nan	0.00	0.00	4.10	83.62	88.90	0.00	41	0	42	0.00	0.00	63.61	7.38	0.00	0.00	2000
229	11.05	2057	2114	0.00	204	0	0	0	nan	0.00	0.02	3.51	86.09	88.95	0.00	41	0	42	0.00	0.00	65.56	7.64	0.00	0.00	2000
228	10.98	2082	2094	0.00	202	0	0	0	nan	0.00	0.00	3.42	85.51	89.02	0.00	41	0	42	0.00	0.00	65.82	7.44	0.00	0.00	2000
267	12.83	2079	2104	0.00	205	0	0	0	nan	0.00	0.00	3.61	83.85	87.17	0.00	41	0	42	0.00	0.00	66.80	7.74	0.00	0.00	2000
230	11.55	2004	2089	0.00	201	0	0	0	nan	0.00	0.01	2.86	85.26	88.45	0.00	41	0	42	0.00	0.00	62.65	7.40	0.00	0.00	2000
227	10.93	2075	2104	0.00	214	0	0	0	nan	0.00	0.02	3.26	86.17	89.07	0.00	41	0	42	0.00	0.00	65.87	7.60	0.00	0.00	2000
232	11.10	2075	2118	0.00	203	0	0	0	nan	0.00	0.01	2.44	87.37	88.90	0.00	41	0	42	0.00	0.00	65.76	7.59	0.00	0.00	2000
229	10.92	2091	2106	0.00	201	0	0	0	nan	0.00	0.00	3.42	86.06	89.08	0.00	41	0	42	0.00	0.00	64.23	7.47	0.00	0.00	2000
232	10.97	2110	2102	0.00	208	0	0	0	nan	0.00	0.02	5.31	83.95	89.03	0.00	41	0	42	0.00	0.00	65.20	7.48	0.00	0.00	2000
227	11.41	1997	2089	0.00	203	0	0	0	nan	0.00	0.00	3.35	84.97	88.59	0.00	41	0	42	0.00	0.00	65.50	7.35	0.00	0.00	2000
232	11.39	2033	2103	0.00	212	0	0	0	nan	0.00	0.01	2.57	86.31	88.61	0.00	41	0	42	0.00	0.00	65.21	7.55	0.00	0.00	2000
226	11.04	2059	2088	0.00	202	0	0	0	nan	0.00	0.02	3.20	85.45	88.96	0.00	41	0	42	0.00	0.00	66.12	7.48	0.00	0.00	2000
229	11.20	2044	2098	0.60	204	0	0	4	45.66	0.00	0.00	3.41	85.42	88.80	0.00	41	0	42	0.00	0.00	59.54	7.11	0.00	0.00	2000
232	11.01	2084	2118	0.32	205	0	0	1	83.14	0.00	0.00	3.55	86.35	88.99	0.00	41	0	42	0.00	0.00	67.37	7.62	0.00	0.00	2000
231	11.17	2075	2092	0.00	218	0	0	0	nan	0.00	0.00	5.65	82.98	88.83	0.00	41	0	42	0.00	0.00	64.78	7.35	0.00	0.00	2000
230	11.25	2051	2090	0.00	192	0	0	0	nan	0.00	0.00	4.00	84.52	88.75	0.00	41	0	42	0.00	0.00	65.64	7.54	0.00	0.00	2000
226	11.03	2055	2094	0.00	231	0	0	0	nan	0.00	0.00	3.50	85.40	88.97	0.00	41	0	42	0.00	0.00	64.77	7.54	0.00	0.00	2000
232	10.93	2098	2128	0.00	205	0	0	0	nan	0.00	0.02	4.14	86.15	89.07	0.00	41	0	42	0.00	0.00	66.30	7.68	0.00	0.00	2000
228	11.01	2078	2092	0.00	204	0	0	0	nan	0.00	0.02	3.38	85.43	88.99	0.00	41	0	42	0.00	0.00	65.44	7.55	0.00	0.00	2000
229	11.01	2075	2102	0.00	203	0	0	0	nan	0.00	0.00	2.99	86.19	88.99	0.00	41	0	42	0.00	0.00	63.98	7.08	0.00	0.00	2000
230	11.30	2037	2097	0.00	203	0	0	0	nan	0.00	0.00	3.08	85.57	88.70	0.00	41	0	42	0.00	0.00	64.90	7.61	0.00	0.00	2000
226	11.29	2013	2088	0.00	214	0	0	0	nan	0.00	0.00	4.38	84.00	88.71	0.00	40	0	42	0.00	0.00	62.87	7.23	0.00	0.00	2000
231	10.81	2124	2113	0.00	203	0	0	0	nan	0.00	0.00	4.18	85.64	89.19	0.00	41	0	42	0.00	0.00	65.63	7.47	0.00	0.00	2000
225	11.28	2008	2088	0.00	201	0	0	0	nan	0.00	0.00	3.60	84.74	88.72	0.00	41	0	42	0.00	0.00	64.46	7.56	0.00	0.00	2000
230	11.21	2040	2113	0.00	201	0	0	0	nan	0.00	0.00	4.14	85.33	88.79	0.00	40	0	42	0.00	0.00	65.18	7.58	0.00	0.00	2000
231	10.91	2113	2101	0.00	205	0	0	0	nan	0.00	0.00	3.60	85.62	89.10	0.00	41	0	42	0.00	0.00	67.24	7.53	0.00	0.00	2000
234	11.08	2103	2105	0.00	197	0	0	0	nan	0.00	0.01	3.50	85.79	88.92	0.00	41	0	42	0.00	0.00	66.89	7.54	0.00	0.00	2000
226	11.21	2028	2087	0.00	202	0	0	0	nan	0.00	0.00	3.12	85.28	88.79	0.00	41	0	42	0.00	0.00	65.14	7.35	0.00	0.00	2000
227	11.09	2058	2086	0.00	202	0	0	0	nan	0.00	0.02	2.43	86.09	88.91	0.00	41	0	42	0.00	0.00	62.87	7.21	0.00	0.00	2000
231	11.12	2052	2125	0.28	204	0	0	3	54.56	0.00	0.04	3.64	86.44	88.88	0.00	41	0	42	0.00	0.00	66.88	7.83	0.00	0.00	2000
229	11.05	2070	2100	0.54	203	0	0	3	67.25	0.00	0.02	3.18	85.88	88.95	0.00	41	0	42	0.00	0.00	63.86	7.39	0.00	0.00	2000
231	11.01	2090	2104	0.00	202	0	0	0	nan	0.00	0.02	3.42	85.80	88.99	0.00	41	0	42	0.00	0.00	62.45	7.29	0.00	0.00	2000
225	10.70	2124	2077	0.00	213	0	0	0	nan	0.00	0.01	2.65	85.70	89.30	0.00	41	0	42	0.00	0.00	67.84	7.68	0.00	0.00	2000
227	11.03	2065	2094	0.00	202	0	0	0	nan	0.00	0.00	3.27	85.58	88.97	0.00	41	0	42	0.00	0.00	64.69	7.55	0.00	0.00	2000
232	10.90	2105	2124	0.00	219	0	0	0	nan	0.00	0.00	3.84	86.34	89.10	0.00	41	0	42	0.00	0.00	65.08	7.51	0.00	0.00	2000
228	10.99	2076	2097	0.00	205	0	0	0	nan	0.00	0.00	3.37	85.68	89.01	0.00	40	0	42	0.00	0.00	64.77	7.64	0.00	0.00	2000
233	11.16	2075	2111	0.00	187	0	0	0	nan	0.00	0.02	3.56	85.89	88.84	0.00	41	0	42	0.00	0.00	66.65	7.58	0.00	0.00	2000
224	10.86	2091	2075	0.00	211	0	0	0	nan	0.00	0.00	3.43	84.76	89.14	0.00	41	0	42	0.00	0.00	60.67	7.05	0.00	0.00	2000
229	11.25	2031	2101	0.00	205	0	0	0	nan	0.00	0.02	2.56	86.34	88.75	0.00	41	0	42	0.00	0.00	67.67	7.99	0.00	0.00	2000
228	10.63	2142	2105	0.00	203	0	0	0	nan	0.00	0.00	2.85	86.69	89.37	0.00	41	0	42	0.00	0.00	63.95	7.33	0.00	0.00	2000
230	11.04	2076	2109	0.00	203	0	0	0	nan	0.00	0.02	2.58	86.89	88.96	0.00	41	0	42	0.00	0.00	65.62	7.60	0.00	0.00	2000
229	11.22	2047	2096	0.00	201	0	0	0	nan	0.00	0.00	3.79	84.95	88.78	0.00	41	0	42	0.00	0.00	62.31	7.23	0.00	0.00	2000
229	11.11	2073	2092	0.00	214	0	0	0	nan	0.00	0.00	2.80	85.81	88.89	0.00	41	0	42	0.00	0.00	65.90	7.69	0.00	0.00	2000
229	11.16	2046	2111	0.00	203	0	0	0	nan	0.00	0.02	2.39	86.93	88.84	0.00	41	0	42	0.00	0.00	65.00	7.66	0.00	0.00	2000
226	11.05	2061	2086	0.00	203	0	0	0	nan	0.00	0.00	2.95	85.50	88.95	0.00	40	0	42	0.00	0.00	68.51	8.07	0.00	0.00	2000
233	11.23	2050	2125	0.00	203	0	0	0	nan	0.00	0.02	3.69	86.17	88.77	0.00	41	0	42	0.00	0.00	61.23	6.89	0.00	0.00	2000
225	11.10	2040	2083	0.09	203	0	0	2	58.70	0.00	0.00	3.82	84.54	88.90	0.00	41	0	42	0.00	0.00	63.93	7.50	0.00	0.00	2000
234	11.07	2100	2117	0.68	213	0	0	4	66.56	0.00	0.02	3.32	86.33	88.93	0.00	41	0	42	0.00	0.00	66.74	7.81	0.00	0.00	2000
226	11.03	2062	2091	0.00	202	0	0	0	nan	0.00	0.02	3.04	85.60	88.97	0.00	41	0	42	0.00	0.00	64.68	7.61	0.00	0.00	2000
225	10.95	2070	2087	0.00	204	0	0	0	nan	0.00	0.01	2.85	85.78	89.05	0.00	40	0	42	0.00	0.00	66.04	7.68	0.00	0.00	2000
229	11.20	2048	2100	0.00	204	0	0	0	nan	0.00	0.00	3.95	84.95	88.80	0.00	41	0	42	0.00	0.00	62.56	7.17	0.00	0.00	2000
227	10.84	2095	2099	0.00	203	0	0	0	nan	0.00	0.02	2.79	86.35	89.16	0.00	41	0	42	0.00	0.00	67.71	7.94	0.00	0.00	2000
234	11.12	2086	2119	0.00	211	0	0	0	nan	0.00	0.02	3.62	86.11	88.88	0.00	41	0	42	0.00	0.00	63.03	7.39	0.00	0.00	2000
229	10.79	2114	2105	0.00	202	0	0	0	nan	0.00	0.00	3.08	86.37	89.21	0.00	41	0	42	0.00	0.00	65.44	7.59	0.00	0.00	2000
232	10.92	2130	2097	0.00	205	0	0	0	nan	0.00	0.00	4.81	84.18	89.08	0.00	41	0	42	0.00	0.00	65.81	7.84	0.00	0.00	2000
224	10.82	2094	2078	0.00	204	0	0	0	nan	0.00	0.00	3.80	84.56	89.18	0.00	41	0	42	0.00	0.00	66.58	7.66	0.00	0.00	2000
230	10.60	2174	2096	0.00	206	0	0	0	nan	0.00	0.00	4.65	84.61	89.40	0.00	41	0	42	0.00	0.00	62.22	7.34	0.00	0.00	2000
236	10.71	2171	2127	0.00	204	0	0	0	nan	0.00	0.00	2.40	88.05	89.29	0.00	41	0	42	0.00	0.00	67.77	7.96	0.00	0.00	2000
226	11.09	2048	2094	0.00	214	0	0	0	nan	0.00	0.00	3.32	85.40	88.91	0.00	41	0	42	0.00	0.00	64.79	7.46	0.00	0.00	2000
231	11.14	2068	2108	0.00	202	0	0	0	nan	0.00	0.01	2.88	86.47	88.86	0.00	41	0	42	0.00	0.00	67.13	7.62	0.00	0.00	2000
226	11.12	2043	2087	0.00	203	0	0	0	nan	0.00	0.00	3.39	85.03	88.88	0.00	41	0	42	0.00	0.00	64.91	7.39	0.00	0.00	2000
231	10.94	2092	2115	0.00	203	0	0	0	nan	0.00	0.00	3.70	86.06	89.06	0.00	41	0	42	0.00	0.00	63.23	7.16	0.00	0.00	2000
230	11.17	2070	2089	0.00	205	0	0	0	nan	0.00	0.00	4.25	84.22	88.83	0.00	41	0	41	0.00	0.00	66.10	7.36	0.00	0.00	2000
226	10.89	2087	2091	0.00	212	0	0	1	75.64	0.01	0.00	3.40	85.42	89.11	0.00	41	0	42	0.00	0.00	66.40	7.79	0.00	0.00	2000
229	11.18	2044	2104	0.85	203	0	0	4	54.81	0.00	0.00	2.66	86.42	88.82	0.00	41	0	42	0.00	0.00	64.43	7.56	0.00	0.00	2000
228	11.23	2024	2103	0.04	204	0	0	0	nan	0.00	0.02	2.30	86.67	88.77	0.00	41	0	42	0.00	0.00	65.08	7.31	0.00	0.00	2000
232	10.86	2124	2112	0.00	203	0	0	0	nan	0.00	0.02	2.73	86.97	89.14	0.00	41	0	42	0.00	0.00	67.24	7.74	0.00	0.00	2000
227	10.64	2150	2088	0.00	204	0	0	0	nan	0.00	0.00	3.70	85.24	89.36	0.00	41	0	42	0.00	0.00	64.29	7.17	0.00	0.00	2000
230	10.86	2128	2087	0.00	188	0	0	0	nan	0.00	0.04	2.94	85.65	89.14	0.00	41	0	42	0.00	0.00	62.68	7.16	0.00	0.00	2000
228	10.98	2072	2110	0.00	210	0	0	0	nan	0.00	0.00	2.89	86.63	89.02	0.00	41	0	42	0.00	0.00	66.45	7.54	0.00	0.00	2000
226	10.91	2086	2084	0.00	203	0	0	0	nan	0.00	0.00	2.89	85.58	89.09	0.00	41	0	42	0.00	0.00	63.58	7.17	0.00	0.00	2000
229	10.96	2080	2112	0.00	203	0	0	0	nan	0.00	0.00	3.59	86.03	89.04	0.00	41	0	42	0.00	0.00	66.74	7.62	0.00	0.00	2000
232	11.32	2031	2120	0.00	202	0	0	0	nan	0.00	0.02	2.85	86.77	88.68	0.00	41	0	42	0.00	0.00	65.66	7.60	0.00	0.00	2000
230	11.20	2056	2100	0.00	203	0	0	0	nan	0.00	0.00	3.49	85.42	88.81	0.00	40	0	42	0.00	0.00	65.34	7.38	0.00	0.00	2000
228	10.96	2087	2092	0.00	213	0	0	0	nan	0.00	0.00	3.81	84.92	89.04	0.00	41	0	42	0.00	0.00	66.77	7.61	0.00	0.00	2000
227	11.18	2030	2097	0.00	203	0	0	0	nan	0.00	0.00	2.97	85.78	88.82	0.00	40	0	42	0.00	0.00	64.43	7.56	0.00	0.00	2000
229	11.10	2082	2082	0.00	206	0	0	0	nan	0.00	0.02	3.84	84.30	88.90	0.00	41	0	42	0.00	0.00	63.19	7.23	0.00	0.00	2000
229	11.04	2062	2114	0.00	219	0	0	0	nan	0.00	0.02	3.86	85.83	88.96	0.00	41	0	42	0.00	0.00	67.45	7.77	0.00	0.00	2000
229	11.22	2045	2096	0.00	201	0	0	0	nan	0.00	0.00	3.99	84.75	88.78	0.00	41	0	42	0.00	0.00	66.48	7.65	0.00	0.00	2000
226	10.87	2086	2090	0.00	215	0	0	0	nan	0.00	0.00	3.76	85.07	89.13	0.00	40	0	42	0.00	0.00	61.10	7.03	0.00	0.00	2000
229	11.05	2063	2107	0.00	203	0	0	0	90.21	0.00	0.00	3.57	85.84	88.95	0.00	40	0	42	0.00	0.00	65.68	7.44	0.00	0.00	2000
231	10.76	2131	2116	0.87	204	0	0	6	45.48	0.01	0.00	2.81	87.16	89.24	0.00	41	0	42	0.00	0.00	66.93	7.66	0.00	0.00	2000
228	11.26	2023	2099	0.07	201	0	0	0	nan	0.00	0.01	2.80	86.02	88.74	0.00	41	0	42	0.00	0.00	64.84	7.62	0.00	0.00	2000
257	12.56	2039	2105	0.00	202	0	0	0	nan	0.00	0.01	3.16	84.54	87.44	0.00	41	0	42	0.00	0.00	65.78	7.54	0.00	0.00	2000
230	10.94	2096	2103	0.00	214	0	0	0	nan	0.00	0.00	3.42	85.93	89.06	0.00	41	0	42	0.00	0.00	64.23	7.54	0.00	0.00	2000
224	11.17	2019	2082	0.00	203	0	0	0	nan	0.00	0.00	3.36	84.91	88.83	0.00	41	0	42	0.00	0.00	64.48	7.34	0.00	0.00	2000
230	11.19	2046	2111	0.00	201	0	0	0	nan	0.00	0.00	4.05	85.30	88.81	0.00	41	0	42	0.00	0.00	65.02	7.69	0.00	0.00	2000
228	10.93	2085	2097	0.00	200	0	0	0	nan	0.00	0.00	3.82	85.28	89.07	0.00	41	0	42	0.00	0.00	65.57	7.61	0.00	0.00	2000
226	11.22	2039	2075	0.00	204	0	0	0	nan	0.00	0.02	3.48	84.36	88.78	0.00	41	0	42	0.00	0.00	62.24	7.35	0.00	0.00	2000
241	11.35	2086	2137	0.00	214	0	0	0	nan	0.00	0.02	3.85	86.37	88.65	0.00	41	0	41	0.00	0.00	67.38	7.86	0.00	0.00	2000
228	11.05	2074	2093	0.00	202	0	0	0	nan	0.00	0.01	3.27	85.53	88.95	0.00	41	0	42	0.00	0.00	65.06	7.63	0.00	0.00	2000
228	11.43	1998	2101	0.00	203	0	0	0	nan	0.00	0.02	3.96	84.73	88.57	0.00	41	0	42	0.00	0.00	64.84	7.55	0.00	0.00	2000
230	11.21	2053	2102	0.00	204	0	0	0	nan	0.00	0.01	2.91	86.06	88.79	0.00	41	0	42	0.00	0.00	65.61	7.51	0.00	0.00	2000
224	11.13	2046	2066	0.00	203	0	0	0	nan	0.00	0.02	3.14	84.43	88.87	0.00	41	0	42	0.00	0.00	62.63	7.16	0.00	0.00	2000
234	11.43	2025	2126	0.00	212	0	0	0	nan	0.00	0.00	3.12	86.62	88.57	0.00	41	0	42	0.00	0.00	67.17	7.69	0.00	0.00	2000
226	10.98	2071	2084	0.00	203	0	0	0	nan	0.00	0.02	2.65	85.74	89.02	0.00	41	0	41	0.00	0.00	63.53	7.38	0.00	0.00	2000
233	11.12	2063	2131	0.00	201	0	0	0	nan	0.00	0.02	3.14	87.13	88.88	0.00	40	0	42	0.00	0.00	66.53	7.63	0.00	0.00	2000
227	10.98	2086	2082	0.00	206	0	0	0	nan	0.00	0.00	4.27	84.10	89.02	0.00	40	0	42	0.00	0.00	66.63	7.78	0.00	0.00	2000
228	11.09	2057	2098	0.72	205	0	0	6	45.09	0.00	0.01	2.85	86.11	88.91	0.00	41	0	42	0.00	0.00	63.05	7.22	0.00	0.00	2000
228	11.20	2048	2091	0.21	204	0	0	0	nan	0.00	0.00	3.78	84.74	88.80	0.00	41	0	42	0.00	0.00	64.90	7.59	0.00	0.00	2000
232	11.63	1986	2107	0.00	215	0	0	0	nan	0.00	0.02	3.55	85.19	88.37	0.00	41	0	42	0.00	0.00	65.20	7.60	0.00	0.00	2000
229	10.90	2091	2106	0.00	201	0	0	0	nan	0.00	0.02	2.80	86.69	89.10	0.00	41	0	42	0.00	0.00	66.25	7.62	0.00	0.00	2000
230	11.11	2060	2112	0.00	203	0	0	0	nan	0.00	0.00	2.52	87.06	88.89	0.00	41	0	42	0.00	0.00	65.60	7.68	0.00	0.00	2000
226	10.90	2088	2087	0.00	203	0	0	0	nan	0.00	0.03	3.32	85.36	89.10	0.00	41	0	42	0.00	0.00	63.71	7.42	0.00	0.00	2000
230	11.30	2039	2097	0.00	205	0	0	0	nan	0.00	0.00	3.54	85.21	88.70	0.00	41	0	42	0.00	0.00	61.87	7.27	0.00	0.00	2000
227	11.04	2060	2099	0.00	213	0	0	0	nan	0.00	0.00	3.51	85.46	88.96	0.00	41	0	42	0.00	0.00	67.86	8.01	0.00	0.00	2000
229	10.93	2099	2098	0.00	200	0	0	0	nan	0.00	0.02	3.15	85.98	89.07	0.00	41	0	42	0.00	0.00	65.86	7.51	0.00	0.00	2000
228	11.24	2027	2105	0.00	203	0	0	0	nan	0.00	0.00	2.67	86.45	88.76	0.00	41	0	42	0.00	0.00	66.58	7.85	0.00	0.00	2000
232	11.06	2087	2115	0.00	203	0	0	0	nan	0.00	0.00	2.81	86.89	88.94	0.00	41	0	42	0.00	0.00	64.30	7.40	0.00	0.00	2000
229	10.93	2094	2099	0.00	205	0	0	0	nan	0.00	0.01	3.41	85.76	89.07	0.00	41	0	42	0.00	0.00	64.07	7.47	0.00	0.00	2000
230	10.95	2118	2085	0.00	196	0	0	0	nan	0.00	0.00	3.15	85.48	89.06	0.00	40	0	42	0.00	0.00	65.90	7.63	0.00	0.00	2000
225	11.02	2058	2084	0.00	203	0	0	0	nan	0.00	0.02	2.94	85.55	88.98	0.00	41	0	42	0.00	0.00	64.23	7.58	0.00	0.00	2000
233	11.05	2077	2128	0.00	203	0	0	0	nan	0.00	0.02	3.49	86.77	88.95	0.00	41	0	42	0.00	0.00	66.65	7.81	0.00	0.00	2000
231	10.89	2111	2109	0.00	204	0	0	0	nan	0.00	0.03	3.86	85.69	89.11	0.00	41	0	42	0.00	0.00	66.06	7.62	0.00	0.00	2000
226	11.02	2068	2081	0.00	203	0	0	0	nan	0.00	0.02	3.47	84.90	88.98	0.00	41	0	42	0.00	0.00	63.26	7.41	0.00	0.00	2000
232	11.54	1997	2116	0.37	203	0	0	5	54.70	0.00	0.05	2.91	86.39	88.46	0.00	41	0	42	0.00	0.00	65.38	7.62	0.00	0.00	2000
225	10.59	2147	2079	0.46	213	0	0	3	69.41	0.00	0.00	3.07	85.58	89.41	0.00	41	0	42	0.00	0.00	65.56	7.65	0.00	0.00	2000
230	11.18	2048	2106	0.00	206	0	0	0	nan	0.00	0.01	4.74	84.53	88.82	0.00	41	0	42	0.00	0.00	65.88	7.71	0.00	0.00	2000
229	11.17	2054	2101	0.00	202	0	0	0	nan	0.00	0.00	3.02	85.99	88.83	0.00	41	0	42	0.00	0.00	63.36	7.18	0.00	0.00	2000
224	11.09	2042	2080	0.00	203	0	0	0	nan	0.00	0.00	2.64	85.63	88.91	0.00	41	0	42	0.00	0.00	66.28	7.58	0.00	0.00	2000
237	11.22	2080	2137	0.00	203	0	0	0	nan	0.00	0.01	2.83	87.54	88.78	0.00	41	0	42	0.00	0.00	66.55	7.58	0.00	0.00	2000
224	11.00	2074	2063	0.00	220	0	0	0	nan	0.00	0.00	4.59	82.86	89.00	0.00	41	0	42	0.00	0.00	63.39	7.26	0.00	0.00	2000
233	11.13	2061	2128	0.00	227	0	0	0	nan	0.00	0.00	5.28	84.90	88.87	0.00	41	0	42	0.00	0.00	65.29	7.40	0.00	0.00	2000
225	10.81	2092	2091	0.00	185	0	0	0	nan	0.00	0.00	2.83	86.04	89.19	0.00	41	0	42	0.00	0.00	66.07	7.67	0.00	0.00	2000
230	11.31	2023	2114	0.00	220	0	0	0	nan	0.00	0.00	3.72	85.68	88.69	0.00	41	0	42	0.00	0.00	63.56	7.31	0.00	0.00	2000
233	10.93	2123	2104	0.00	213	0	0	0	nan	0.00	0.00	4.07	85.26	89.07	0.00	41	0	42	0.00	0.00	65.78	7.61	0.00	0.00	2000
227	11.04	2076	2084	0.00	202	0	0	0	nan	0.00	0.00	3.94	84.44	88.96	0.00	40	0	42	0.00	0.00	65.85	7.48	0.00	0.00	2000
225	10.91	2084	2079	0.00	203	0	0	0	nan	0.00	0.00	2.32	85.95	89.09	0.00	41	0	42	0.00	0.00	63.43	7.36	0.00	0.00	2000
235	11.33	2039	2135	0.00	205	0	0	0	nan	0.00	0.00	2.60	87.66	88.67	0.00	41	0	42	0.00	0.00	66.92	7.74	0.00	0.00	2000
230	10.88	2114	2102	0.00	205	0	0	0	nan	0.00	0.00	3.09	86.06	89.12	0.00	41	0	42	0.00	0.00	65.00	7.60	0.00	0.00	2000
232	11.13	2087	2101	0.00	204	0	0	0	nan	0.00	0.01	3.49	85.40	88.87	0.00	41	0	41	0.00	0.00	65.47	7.63	0.00	0.00	2000
226	10.93	2085	2083	0.00	213	0	0	0	nan	0.00	0.00	4.08	84.41	89.07	0.00	41	0	41	0.00	0.00	63.66	7.42	0.00	0.00	2000
227	10.96	2084	2083	0.28	205	0	0	4	53.42	0.00	0.02	2.75	85.61	89.04	0.00	41	0	42	0.00	0.00	65.10	7.62	0.00	0.00	2000
231	10.87	2107	2116	0.55	203	0	0	4	61.40	0.00	0.02	3.51	86.31	89.13	0.00	41	0	42	0.00	0.00	65.69	7.70	0.00	0.00	2000
227	10.76	2127	2084	0.00	205	0	0	0	nan	0.01	0.01	3.53	85.03	89.24	0.00	41	0	42	0.00	0.00	64.02	7.54	0.00	0.00	2000
232	10.95	2104	2118	0.00	203	0	0	0	nan	0.00	0.00	3.43	86.50	89.05	0.00	41	0	42	0.00	0.00	63.28	7.37	0.00	0.00	2000
230	10.94	2096	2103	0.00	213	0	0	0	nan	0.00	0.00	2.55	86.75	89.06	0.00	41	0	42	0.00	0.00	66.81	7.66	0.00	0.00	2000
234	10.94	2124	2111	0.00	205	0	0	0	nan	0.00	0.02	3.12	86.47	89.06	0.00	41	0	42	0.00	0.00	66.85	7.88	0.00	0.00	2000
231	11.01	2098	2097	0.00	206	0	0	0	nan	0.00	0.00	5.12	83.84	88.99	0.00	41	0	42	0.00	0.00	65.62	7.49	0.00	0.00	2000
224	10.92	2076	2076	0.00	202	0	0	0	nan	0.00	0.00	3.56	84.61	89.08	0.00	41	0	42	0.00	0.00	64.22	7.47	0.00	0.00	2000
232	11.03	2089	2118	0.00	218	0	0	0	nan	0.00	0.00	3.91	85.88	88.97	0.00	41	0	42	0.00	0.00	66.66	8.01	0.00	0.00	2000
228	10.89	2098	2093	0.00	199	0	0	0	nan	0.00	0.00	3.33	85.55	89.11	0.00	41	0	42	0.00	0.00	63.57	7.49	0.00	0.00	2000
229	10.83	2122	2088	0.00	204	0	0	0	nan	0.00	0.00	2.79	85.93	89.17	0.00	41	0	42	0.00	0.00	59.91	7.26	0.00	0.00	2000
235	11.16	2071	2133	0.00	204	0	0	0	nan	0.00	0.02	2.28	88.06	88.84	0.00	41	0	42	0.00	0.00	71.37	7.80	0.00	0.00	2000
224	10.84	2100	2066	0.00	203	0	0	0	nan	0.00	0.01	3.19	84.58	89.16	0.00	41	0	42	0.00	0.00	60.51	7.13	0.00	0.00	2000
235	11.08	2084	2135	0.00	204	0	0	0	nan	0.00	0.00	3.16	87.29	88.92	0.00	41	0	42	0.00	0.00	66.66	7.73	0.00	0.00	2000
227	10.88	2116	2073	0.00	213	0	0	0	nan	0.00	0.00	3.95	84.06	89.12	0.00	41	0	42	0.00	0.00	67.07	7.80	0.00	0.00	2000
228	10.67	2132	2105	0.00	203	0	0	0	nan	0.00	0.02	2.80	86.80	89.33	0.00	41	0	42	0.00	0.00	65.32	7.70	0.00	0.00	2000
228	10.62	2157	2094	0.00	204	0	0	0	nan	0.00	0.01	3.22	85.93	89.38	0.00	41	0	42	0.00	0.00	62.30	7.33	0.00	0.00	2000
231	10.86	2114	2117	0.09	203	0	0	3	57.04	0.00	0.03	2.43	87.48	89.14	0.00	41	0	42	0.00	0.00	68.39	8.06	0.00	0.00	2000
228	10.97	2092	2086	0.69	204	0	0	5	60.77	0.00	0.00	4.03	84.41	89.03	0.00	41	0	42	0.00	0.00	64.29	7.51	0.00	0.00	2000
231	10.97	2096	2106	0.00	204	0	0	0	nan	0.00	0.02	2.73	86.62	89.03	0.00	41	0	42	0.00	0.00	65.51	7.66	0.00	0.00	2000
230	10.93	2100	2107	0.00	211	0	0	0	nan	0.00	0.03	3.27	86.17	89.07	0.00	41	0	42	0.00	0.00	65.66	7.56	0.00	0.00	2000
228	11.26	2026	2103	0.00	203	0	0	0	nan	0.01	0.00	3.01	86.00	88.74	0.00	41	0	42	0.00	0.00	63.23	7.48	0.00	0.00	2000
227	11.08	2057	2088	0.00	202	0	0	0	nan	0.00	0.02	3.28	85.14	88.92	0.00	41	0	42	0.00	0.00	66.51	7.88	0.00	0.00	2000
225	10.76	2109	2084	0.00	204	0	0	0	nan	0.00	0.02	2.81	85.80	89.24	0.00	41	0	42	0.00	0.00	62.66	7.43	0.00	0.00	2000
229	11.11	2059	2104	0.00	219	0	0	0	nan	0.00	0.01	2.10	87.04	88.89	0.00	40	0	42	0.00	0.00	64.33	7.55	0.00	0.00	2000
228	10.93	2076	2113	0.00	210	0	0	0	nan	0.00	0.02	3.43	86.32	89.07	0.00	41	0	42	0.00	0.00	66.62	7.88	0.00	0.00	2000
230	10.99	2090	2102	0.00	207	0	0	0	nan	0.00	0.00	3.37	85.87	89.01	0.00	41	0	42	0.00	0.00	65.46	7.54	0.00	0.00	2000
227	10.93	2078	2095	0.00	205	0	0	0	nan	0.00	0.01	2.76	86.17	89.07	0.00	41	0	42	0.00	0.00	65.89	7.77	0.00	0.00	2000
233	10.94	2109	2118	0.00	204	0	0	0	nan	0.00	0.00	1.96	87.89	89.06	0.00	41	0	42	0.00	0.00	65.79	7.74	0.00	0.00	2000
231	10.99	2099	2104	0.00	203	0	0	0	nan	0.00	0.02	3.72	85.57	89.01	0.00	41	0	42	0.00	0.00	66.41	7.80	0.00	0.00	2000
227	10.96	2080	2087	0.00	213	0	0	0	nan	0.00	0.00	3.43	85.11	89.04	0.00	41	0	42	0.00	0.00	64.83	7.52	0.00	0.00	2000
227	11.05	2059	2091	0.00	204	0	0	0	nan	0.00	0.01	4.10	84.54	88.95	0.00	41	0	42	0.00	0.00	65.03	7.79	0.00	0.00	2000
227	10.73	2131	2087	0.00	203	0	0	0	nan	0.00	0.00	3.52	85.24	89.27	0.00	41	0	42	0.00	0.00	62.26	7.30	0.00	0.00	2000
232	10.94	2094	2129	0.00	203	0	0	0	nan	0.00	0.00	3.83	86.48	89.06	0.00	41	0	42	0.00	0.00	66.75	7.91	0.00	0.00	2000
228	11.02	2071	2099	0.00	203	0	0	2	64.38	0.00	0.01	3.43	85.64	88.98	0.00	41	0	42	0.00	0.00	65.32	7.58	0.00	0.00	2000
226	11.06	2059	2082	0.82	211	0	0	6	55.20	0.00	0.02	3.42	84.86	88.94	0.00	41	0	42	0.00	0.00	62.33	7.26	0.00	0.00	2000
234	11.01	2101	2127	0.00	204	0	0	0	nan	0.00	0.02	3.04	87.11	88.99	0.00	40	0	42	0.00	0.00	66.63	7.83	0.00	0.00	2000
250	12.07	2078	2092	0.00	202	0	0	0	nan	0.00	0.02	4.55	83.12	87.93	0.00	41	0	42	0.00	0.00	66.47	7.80	0.00	0.00	2000
226	10.81	2108	2080	0.00	203	0	0	0	nan	0.00	0.02	3.11	85.28	89.19	0.00	40	0	42	0.00	0.00	63.65	7.45	0.00	0.00	2000
231	11.14	2068	2105	0.00	204	0	0	0	nan	0.00	0.02	3.86	85.16	88.86	0.00	41	0	42	0.00	0.00	65.33	7.56	0.00	0.00	2000
231	10.80	2125	2114	0.00	229	0	0	0	nan	0.00	0.00	3.71	86.15	89.20	0.00	40	0	42	0.00	0.00	67.64	8.10	0.00	0.00	2000
228	10.71	2132	2097	0.00	203	0	0	0	nan	0.00	0.00	3.10	86.08	89.29	0.00	41	0	42	0.00	0.00	64.94	7.27	0.00	0.00	2000
231	10.83	2129	2105	0.00	206	0	0	0	nan	0.00	0.02	4.98	84.51	89.17	0.00	41	0	42	0.00	0.00	64.72	7.93	0.00	0.00	2000
229	10.91	2096	2100	0.00	205	0	0	0	nan	0.00	0.02	3.92	85.30	89.09	0.00	41	0	42	0.00	0.00	64.83	7.51	0.00	0.00	2000
233	10.77	2152	2107	0.00	202	0	0	0	nan	0.00	0.00	3.46	86.12	89.23	0.00	41	0	42	0.00	0.00	64.54	7.46	0.00	0.00	2000
227	11.12	2045	2096	0.00	212	0	0	0	nan	0.00	0.00	3.28	85.56	88.88	0.00	41	0	42	0.00	0.00	66.01	7.64	0.00	0.00	2000
229	11.31	2024	2097	0.00	204	0	0	0	nan	0.00	0.00	4.25	84.37	88.69	0.00	41	0	42	0.00	0.00	65.06	7.70	0.00	0.00	2000
227	11.07	2056	2091	0.00	206	0	0	0	nan	0.00	0.02	3.28	85.42	88.93	0.00	41	0	42	0.00	0.00	66.15	7.47	0.00	0.00	2000
227	11.08	2054	2092	0.00	205	0	0	0	nan	0.00	0.00	3.12	85.61	88.92	0.00	41	0	42	0.00	0.00	62.65	7.39	0.00	0.00	2000
228	11.26	2028	2098	0.00	204	0	0	0	nan	0.00	0.00	3.70	85.09	88.74	0.00	41	0	42	0.00	0.00	65.28	7.53	0.00	0.00	2000
229	11.19	2050	2100	0.00	213	0	0	0	nan	0.00	0.00	3.24	85.71	88.81	0.00	41	0	41	0.00	0.00	65.24	7.66	0.00	0.00	2000
229	11.23	2029	2115	0.00	204	0	0	1	75.34	0.00	0.00	4.07	85.47	88.77	0.00	41	0	42	0.00	0.00	65.05	7.42	0.00	0.00	2000
229	11.18	2062	2086	0.88	205	0	0	7	56.10	0.00	0.02	3.80	84.55	88.82	0.00	41	0	42	0.00	0.00	65.05	7.22	0.00	0.00	2000
230	11.04	2073	2111	0.05	220	0	0	0	nan	0.00	0.00	6.81	82.77	88.97	0.00	41	0	42	0.00	0.00	64.40	7.86	0.00	0.00	2000
232	11.08	2094	2101	0.00	219	0	0	0	nan	0.00	0.02	2.84	86.23	88.92	0.00	41	0	42	0.00	0.00	64.77	7.48	0.00	0.00	2000
228	10.93	2083	2105	0.00	197	0	0	0	nan	0.00	0.00	2.93	86.49	89.07	0.00	41	0	41	0.00	0.00	66.28	7.76	0.00	0.00	2000
229	11.16	2046	2102	0.00	202	0	0	0	nan	0.00	0.03	3.36	85.75	88.84	0.00	41	0	42	0.00	0.00	65.01	7.55	0.00	0.00	2000
228	10.94	2079	2101	0.00	203	0	0	0	nan	0.00	0.00	2.97	86.20	89.06	0.00	41	0	42	0.00	0.00	65.14	7.42	0.00	0.00	2000
227	11.35	2005	2094	0.00	202	0	0	0	nan	0.00	0.02	2.85	85.73	88.65	0.00	41	0	42	0.00	0.00	65.02	7.55	0.00	0.00	2000
227	11.16	2042	2096	0.00	204	0	0	0	nan	0.00	0.00	2.82	85.95	88.84	0.00	41	0	42	0.00	0.00	63.67	7.43	0.00	0.00	2000
231	11.45	2013	2103	0.00	214	0	0	0	nan	0.00	0.00	3.30	85.47	88.55	0.00	41	0	42	0.00	0.00	66.69	7.72	0.00	0.00	2000
232	10.93	2110	2115	0.00	204	0	0	0	nan	0.00	0.00	2.66	87.11	89.07	0.00	41	0	42	0.00	0.00	65.07	7.44	0.00	0.00	2000
228	10.89	2098	2094	0.00	204	0	0	0	nan	0.00	0.00	3.41	85.60	89.11	0.00	41	0	42	0.00	0.00	62.72	7.15	0.00	0.00	2000
229	11.03	2071	2107	0.00	188	0	0	0	nan	0.03	0.00	2.73	86.70	88.97	0.00	41	0	42	0.00	0.00	66.65	7.67	0.00	0.00	2000
229	11.04	2072	2099	0.00	205	0	0	0	nan	0.00	0.00	3.42	85.58	88.96	0.00	41	0	42	0.00	0.00	65.02	7.50	0.00	0.00	2000
229	10.90	2099	2100	0.00	202	0	0	0	nan	0.00	0.00	3.65	85.55	89.10	0.00	41	0	42	0.00	0.00	63.52	7.41	0.00	0.00	2000
226	10.86	2113	2065	0.00	213	0	0	0	nan	0.00	0.01	3.13	84.69	89.14	0.00	41	0	42	0.00	0.00	64.90	7.46	0.00	0.00	2000
232	11.47	1988	2133	0.00	205	0	0	0	nan	0.00	0.01	4.74	85.37	88.53	0.00	41	0	42	0.00	0.00	66.80	7.86	0.00	0.00	2000
225	11.06	2064	2075	0.00	205	0	0	0	nan	0.00	0.00	4.04	83.99	88.94	0.00	41	0	42	0.00	0.00	64.48	7.45	0.00	0.00	2000
231	11.06	2066	2122	0.85	204	0	0	6	44.83	0.00	0.00	2.33	87.62	88.94	0.00	41	0	42	0.00	0.00	66.19	7.69	0.00	0.00	2000
226	11.03	2061	2088	0.08	202	0	0	0	nan	0.00	0.00	3.45	85.08	88.97	0.00	41	0	42	0.00	0.00	63.38	7.44	0.00	0.00	2000
230	11.00	2084	2101	0.00	214	0	0	0	nan	0.00	0.01	3.00	86.20	89.00	0.00	40	0	42	0.00	0.00	67.02	7.63	0.00	0.00	2000
228	10.94	2089	2099	0.00	203	0	0	0	nan	0.00	0.02	3.61	85.52	89.06	0.00	41	0	42	0.00	0.00	62.66	7.17	0.00	0.00	2000
231	11.05	2069	2119	0.00	205	0	0	0	nan	0.00	0.00	2.94	86.86	88.95	0.00	41	0	42	0.00	0.00	66.03	7.85	0.00	0.00	2000
228	11.02	2070	2095	0.00	202	0	0	0	nan	0.00	0.00	3.61	85.25	88.98	0.00	41	0	42	0.00	0.00	65.90	7.56	0.00	0.00	2000
225	10.91	2076	2086	0.00	206	0	0	0	nan	0.00	0.00	3.06	85.52	89.09	0.00	41	0	42	0.00	0.00	65.52	7.08	0.00	0.00	2000
235	11.16	2090	2117	0.00	202	0	0	0	nan	0.00	0.02	3.17	86.52	88.84	0.00	41	0	42	0.00	0.00	63.02	7.66	0.00	0.00	2000
223	11.05	2047	2073	0.00	214	0	0	0	nan	0.00	0.00	4.44	83.41	88.95	0.00	41	0	42	0.00	0.00	64.46	7.27	0.00	0.00	2000
234	10.79	2143	2127	0.00	204	0	0	0	nan	0.00	0.00	3.21	87.18	89.21	0.00	41	0	42	0.00	0.00	66.36	7.70	0.00	0.00	2000
224	10.72	2114	2075	0.00	203	0	0	0	nan	0.00	0.01	3.74	84.55	89.28	0.00	41	0	42	0.00	0.00	63.83	7.29	0.00	0.00	2000
229	11.01	2072	2110	0.00	204	0	0	0	nan	0.00	0.00	3.65	85.85	88.99	0.00	41	0	42	0.00	0.00	65.65	7.54	0.00	0.00	2000
234	11.32	2044	2121	0.00	201	0	0	0	nan	0.00	0.02	3.48	86.21	88.68	0.00	41	0	42	0.00	0.00	66.26	7.54	0.00	0.00	2000
227	10.90	2095	2091	0.00	211	0	0	0	nan	0.00	0.02	3.36	85.38	89.10	0.00	41	0	42	0.00	0.00	65.77	7.53	0.00	0.00	2000
229	10.88	2104	2105	0.00	203	0	0	0	nan	0.00	0.00	3.35	85.95	89.12	0.00	41	0	42	0.00	0.00	64.05	7.36	0.00	0.00	2000
227	11.12	2046	2094	0.00	203	0	0	0	nan	0.00	0.00	3.42	85.29	88.88	0.00	41	0	42	0.00	0.00	65.43	7.64	0.00	0.00	2000
229	10.91	2091	2107	0.00	205	0	0	0	nan	0.00	0.01	4.24	85.24	89.09	0.00	41	0	42	0.00	0.00	65.71	7.47	0.00	0.00	2000
224	10.84	2098	2067	0.75	203	0	0	9	27.69	0.00	0.00	3.62	84.21	89.16	0.00	41	0	42	0.00	0.00	62.94	7.49	0.00	0.00	2000
231	11.05	2088	2100	0.42	215	0	0	2	64.03	0.00	0.00	4.18	84.83	88.95	0.00	41	0	42	0.00	0.00	65.69	7.28	0.00	0.00	2000
228	10.97	2074	2101	0.00	203	0	0	0	nan	0.00	0.00	4.34	84.89	89.04	0.00	41	0	42	0.00	0.00	66.81	7.83	0.00	0.00	2000
232	11.25	2039	2122	0.00	223	0	0	0	nan	0.00	0.00	4.08	85.70	88.75	0.00	41	0	42	0.00	0.00	67.58	7.81	0.00	0.00	2000
230	10.83	2116	2104	0.00	187	0	0	0	nan	0.00	0.00	3.54	85.93	89.17	0.00	41	0	42	0.00	0.00	64.68	7.56	0.00	0.00	2000
227	10.95	2092	2085	0.00	203	0	0	0	nan	0.00	0.00	3.32	85.11	89.05	0.00	41	0	42	0.00	0.00	65.51	7.62	0.00	0.00	2000
229	10.86	2115	2098	0.00	214	0	0	0	nan	0.00	0.00	3.27	85.83	89.14	0.00	41	0	42	0.00	0.00	65.97	7.86	0.00	0.00	2000
230	11.22	2030	2119	0.00	203	0	0	0	nan	0.00	0.00	2.84	86.81	88.78	0.00	41	0	42	0.00	0.00	66.98	7.71	0.00	0.00	2000
229	11.04	2072	2099	0.00	202	0	0	0	nan	0.00	0.02	3.09	85.84	88.96	0.00	41	0	42	0.00	0.00	62.51	7.27	0.00	0.00	2000
224	11.23	2025	2073	0.00	202	0	0	0	nan	0.00	0.00	2.83	84.92	88.77	0.00	41	0	42	0.00	0.00	67.08	7.69	0.00	0.00	2000
232	11.17	2066	2115	0.00	220	0	0	0	nan	0.00	0.02	4.53	85.00	88.83	0.00	41	0	42	0.00	0.00	64.89	7.51	0.00	0.00	2000
230	10.98	2083	2116	0.00	212	0	0	0	nan	0.00	0.02	3.12	86.64	89.02	0.00	41	0	42	0.00	0.00	67.00	7.87	0.00	0.00	2000
224	10.87	2085	2079	0.00	203	0	0	0	nan	0.00	0.02	3.13	85.19	89.13	0.00	41	0	42	0.00	0.00	65.93	7.67	0.00	0.00	2000
228	10.79	2107	2108	0.00	201	0	0	0	nan	0.00	0.00	3.47	86.17	89.21	0.00	41	0	42	0.00	0.00	66.53	7.85	0.00	0.00	2000
232	11.17	2058	2119	0.00	205	0	0	0	nan	0.00	0.03	2.59	87.17	88.83	0.00	41	0	42	0.00	0.00	64.41	7.64	0.00	0.00	2000
229	10.60	2159	2104	0.00	203	0	0	0	nan	0.00	0.00	3.19	86.38	89.40	0.00	41	0	42	0.00	0.00	67.41	7.53	0.00	0.00	2000
230	10.76	2142	2093	0.00	214	0	0	0	nan	0.00	0.03	3.33	85.70	89.24	0.00	41	0	42	0.00	0.00	63.40	7.61	0.00	0.00	2000
228	10.72	2125	2099	0.59	204	0	0	9	34.20	0.01	0.02	3.18	86.13	89.28	0.00	41	0	42	0.00	0.00	65.55	7.75	0.00	0.00	2000
228	11.12	2052	2100	0.54	201	0	0	3	55.65	0.00	0.00	3.51	85.52	88.88	0.00	41	0	42	0.00	0.00	65.44	7.71	0.00	0.00	2000
228	10.78	2112	2099	0.00	203	0	0	0	nan	0.00	0.00	3.03	86.29	89.22	0.00	41	0	42	0.00	0.00	66.05	7.68	0.00	0.00	2000
228	10.88	2105	2088	0.00	187	0	0	0	nan	0.00	0.00	3.28	85.42	89.12	0.00	41	0	42	0.00	0.00	66.66	7.85	0.00	0.00	2000
232	11.12	2068	2121	0.00	200	0	0	0	nan	0.01	0.00	3.36	86.59	88.88	0.00	41	0	42	0.00	0.00	64.59	7.57	0.00	0.00	2000
225	11.03	2072	2070	0.00	215	0	0	0	nan	0.00	0.00	4.77	83.09	88.97	0.00	41	0	42	0.00	0.00	67.21	7.89	0.00	0.00	2000
229	10.77	2113	2111	0.00	202	0	0	0	nan	0.00	0.00	3.55	86.20	89.23	0.00	41	0	42	0.00	0.00	63.28	7.46	0.00	0.00	2000
229	11.11	2059	2099	0.00	205	0	0	0	nan	0.00	0.02	2.96	86.09	88.89	0.00	41	0	42	0.00	0.00	65.18	7.62	0.00	0.00	2000
229	10.98	2073	2118	0.00	203	0	0	0	nan	0.00	0.00	2.91	87.03	89.03	0.00	41	0	42	0.00	0.00	66.39	7.82	0.00	0.00	2000
228	11.07	2084	2071	0.00	204	0	0	0	nan	0.00	0.02	3.94	83.90	88.93	0.00	41	0	42	0.00	0.00	66.04	7.66	0.00	0.00	2000
234	11.07	2081	2131	0.00	211	0	0	0	nan	0.00	0.02	2.25	87.99	88.93	0.00	41	0	42	0.00	0.00	64.86	7.58	0.00	0.00	2000
225	10.89	2082	2081	0.00	204	0	0	0	nan	0.00	0.00	3.51	84.93	89.11	0.00	41	0	42	0.00	0.00	65.58	7.89	0.00	0.00	2000
228	10.77	2112	2107	0.00	203	0	0	0	nan	0.00	0.00	2.92	86.72	89.23	0.00	41	0	42	0.00	0.00	66.13	7.21	0.00	0.00	2000
226	10.96	2077	2083	0.00	203	0	0	0	nan	0.00	0.00	2.97	85.49	89.04	0.00	42	0	42	0.00	0.00	65.67	7.72	0.00	0.00	2000
232	11.41	2007	2125	0.00	201	0	0	0	nan	0.00	0.02	2.08	87.70	88.59	0.00	41	0	42	0.00	0.00	66.36	7.85	0.00	0.00	2000
232	10.95	2120	2099	0.00	212	0	0	0	nan	0.00	0.00	3.52	85.49	89.05	0.00	41	0	42	0.00	0.00	63.97	7.44	0.00	0.00	2000
228	10.85	2101	2100	0.00	201	0	0	0	nan	0.00	0.01	3.64	85.66	89.15	0.00	41	0	42	0.00	0.00	66.82	7.75	0.00	0.00	2000
227	11.01	2068	2097	0.17	205	0	0	5	36.01	0.00	0.00	3.32	85.68	88.99	0.00	41	0	42	0.00	0.00	65.39	7.62	0.00	0.00	2000
227	11.14	2045	2096	0.86	203	0	0	7	39.15	0.00	0.00	3.71	85.01	88.86	0.00	41	0	42	0.00	0.00	65.36	7.54	0.00	0.00	2000
238	11.68	2046	2087	0.00	204	0	0	0	nan	0.00	0.00	5.29	82.53	88.32	0.00	41	0	42	0.00	0.00	64.06	7.49	0.00	0.00	2000
232	11.14	2070	2115	0.00	227	0	0	0	nan	0.00	0.01	3.20	86.30	88.86	0.00	41	0	42	0.00	0.00	68.29	7.94	0.00	0.00	2000
230	10.74	2138	2105	0.00	203	0	0	0	nan	0.00	0.02	3.32	86.25	89.27	0.00	41	0	42	0.00	0.00	65.76	7.58	0.00	0.00	2000
226	10.85	2102	2085	0.00	188	0	0	0	nan	0.00	0.00	3.08	85.57	89.15	0.00	41	0	42	0.00	0.00	62.90	7.23	0.00	0.00	2000
231	10.83	2129	2102	0.00	207	0	0	0	nan	0.00	0.03	4.33	85.01	89.17	0.00	41	0	42	0.00	0.00	66.25	7.76	0.00	0.00	2000
233	11.40	2033	2114	0.00	209	0	0	0	nan	0.00	0.00	3.64	85.65	88.60	0.00	41	0	42	0.00	0.00	67.05	7.96	0.00	0.00	2000
234	11.40	2046	2105	0.00	206	0	0	0	nan	0.00	0.00	4.30	84.71	88.60	0.00	41	0	42	0.00	0.00	65.49	7.69	0.00	0.00	2000
228	11.21	2036	2096	0.00	215	0	0	0	nan	0.00	0.00	4.12	84.66	88.79	0.00	41	0	42	0.00	0.00	66.10	7.70	0.00	0.00	2000
228	10.86	2104	2096	0.00	203	0	0	0	nan	0.00	0.00	2.95	86.07	89.14	0.00	41	0	42	0.00	0.00	65.02	7.47	0.00	0.00	2000
231	10.85	2119	2109	0.00	203	0	0	0	nan	0.00	0.00	3.88	85.75	89.15	0.00	41	0	42	0.00	0.00	65.17	7.62	0.00	0.00	2000
225	11.00	2062	2081	0.00	203	0	0	0	nan	0.00	0.00	3.02	85.34	89.00	0.00	41	0	42	0.00	0.00	66.57	7.52	0.00	0.00	2000
229	11.25	2041	2094	0.00	203	0	0	0	nan	0.00	0.00	3.52	85.13	88.75	0.00	41	0	42	0.00	0.00	66.43	7.69	0.00	0.00	2000
230	11.22	2046	2105	0.00	211	0	0	0	nan	0.00	0.03	3.94	85.11	88.78	0.00	41	0	42	0.00	0.00	66.27	7.74	0.00	0.00	2000
230	10.93	2094	2115	0.00	204	0	0	0	nan	0.00	0.00	4.75	84.97	89.07	0.00	41	0	42	0.00	0.00	66.72	7.53	0.00	0.00	2000
225	10.74	2110	2081	0.00	203	0	0	0	nan	0.00	0.00	3.37	85.17	89.26	0.00	41	0	42	0.00	0.00	63.38	7.44	0.00	0.00	2000
231	10.79	2115	2125	0.00	203	0	0	3	41.22	0.00	0.00	2.75	87.56	89.21	0.00	41	0	42	0.00	0.00	67.00	7.76	0.00	0.00	2000
229	10.90	2104	2095	1.10	203	0	0	9	37.93	0.00	0.03	3.76	85.20	89.10	0.00	41	0	42	0.00	0.00	64.53	7.44	0.00	0.00	2000
227	11.14	2056	2085	0.00	214	0	0	0	nan	0.00	0.03	3.54	84.69	88.86	0.00	41	0	42	0.00	0.00	66.75	7.65	0.00	0.00	2000
232	10.98	2093	2118	0.00	204	0	0	0	nan	0.00	0.00	2.94	86.87	89.02	0.00	41	0	42	0.00	0.00	67.56	7.70	0.00	0.00	2000
223	10.84	2085	2075	0.00	203	0	0	0	nan	0.00	0.00	3.26	84.91	89.16	0.00	41	0	42	0.00	0.00	64.73	7.60	0.00	0.00	2000
231	11.39	2012	2116	0.00	202	0	0	0	nan	0.00	0.00	3.21	86.15	88.62	0.00	42	0	42	0.00	0.00	65.99	7.75	0.00	0.00	2000
230	11.07	2071	2105	0.00	205	0	0	0	nan	0.00	0.02	3.61	85.65	88.93	0.00	41	0	42	0.00	0.00	66.44	7.74	0.00	0.00	2000
228	10.80	2125	2086	0.00	202	0	0	0	nan	0.00	0.00	3.27	85.31	89.20	0.00	41	0	42	0.00	0.00	62.36	7.30	0.00	0.00	2000
230	10.95	2090	2107	0.00	212	0	0	0	nan	0.00	0.01	2.74	86.69	89.05	0.00	41	0	42	0.00	0.00	66.52	7.73	0.00	0.00	2000
231	11.05	2077	2117	0.00	203	0	0	0	nan	0.00	0.00	2.70	86.97	88.95	0.00	41	0	42	0.00	0.00	66.35	7.81	0.00	0.00	2000
229	10.88	2104	2100	0.00	200	0	0	0	nan	0.00	0.00	3.43	85.70	89.12	0.00	41	0	42	0.00	0.00	66.07	7.64	0.00	0.00	2000
230	10.94	2109	2098	0.00	204	0	0	0	nan	0.00	0.02	3.20	85.80	89.06	0.00	41	0	42	0.00	0.00	65.54	7.81	0.00	0.00	2000
230	11.02	2094	2094	0.00	211	0	0	0	nan	0.00	0.00	4.08	84.69	88.98	0.00	41	0	42	0.00	0.00	66.92	7.56	0.00	0.00	2000
225	10.76	2119	2072	0.00	206	0	0	0	nan	0.00	0.02	2.81	85.25	89.24	0.00	41	0	42	0.00	0.00	65.04	7.50	0.00	0.00	2000
234	10.98	2094	2135	0.00	203	0	0	0	nan	0.00	0.00	2.23	88.27	89.02	0.00	41	0	42	0.00	0.00	65.43	7.66	0.00	0.00	2000
227	10.94	2086	2086	0.00	204	0	0	0	nan	0.00	0.03	3.51	85.10	89.06	0.00	41	0	42	0.00	0.00	66.34	7.71	0.00	0.00	2000
227	10.96	2071	2103	0.00	203	0	0	0	nan	0.00	0.02	2.77	86.43	89.04	0.00	41	0	42	0.00	0.00	65.28	7.85	0.00	0.00	2000
230	11.37	2026	2095	0.00	202	0	0	0	86.43	0.00	0.01	2.71	85.77	88.63	0.00	41	0	42	0.00	0.00	65.32	7.80	0.00	0.00	2000
228	11.24	2025	2106	1.12	213	0	0	10	26.66	0.00	0.02	2.82	86.29	88.76	0.00	41	0	42	0.00	0.00	65.10	7.68	0.00	0.00	2000
225	11.31	2011	2077	0.06	201	0	0	0	nan	0.00	0.00	2.61	85.21	88.69	0.00	41	0	42	0.00	0.00	62.64	7.34	0.00	0.00	2000
229	11.03	2065	2116	0.00	203	0	0	0	nan	0.00	0.01	4.04	85.76	88.97	0.00	41	0	42	0.00	0.00	65.56	7.78	0.00	0.00	2000
229	11.12	2061	2096	0.00	251	0	0	0	nan	0.00	0.00	3.51	85.40	88.89	0.00	41	0	42	0.00	0.00	65.49	7.66	0.00	0.00	2000
229	11.18	2060	2090	0.00	210	0	0	0	nan	0.00	0.00	4.09	84.34	88.82	0.00	41	0	42	0.00	0.00	65.44	7.61	0.00	0.00	2000
231	10.97	2088	2120	0.00	224	0	0	0	nan	0.00	0.02	4.28	85.57	89.03	0.00	41	0	42	0.00	0.00	67.26	7.88	0.00	0.00	2000
228	10.99	2077	2103	0.00	202	0	0	0	nan	0.00	0.00	3.44	85.82	89.01	0.00	41	0	42	0.00	0.00	65.17	7.72	0.00	0.00	2000
230	11.02	2084	2103	0.00	204	0	0	0	nan	0.00	0.02	3.62	85.55	88.98	0.00	41	0	42	0.00	0.00	65.27	7.62	0.00	0.00	2000
228	10.70	2137	2098	0.00	187	0	0	0	nan	0.00	0.00	3.65	85.65	89.30	0.00	41	0	42	0.00	0.00	64.16	7.56	0.00	0.00	2000
229	10.69	2158	2082	0.00	205	0	0	0	nan	0.00	0.02	3.80	84.83	89.31	0.00	41	0	42	0.00	0.00	66.40	7.76	0.00	0.00	2000
230	10.77	2124	2108	0.00	214	1	0	0	nan	0.00	0.02	2.70	86.97	89.23	0.00	41	0	42	0.00	0.00	65.00	7.60	0.00	0.00	2000
232	11.15	2060	2118	0.00	204	0	0	0	nan	0.00	0.02	3.23	86.50	88.85	0.00	41	0	42	0.00	0.00	67.33	7.73	0.00	0.00	2000
228	11.15	2048	2098	0.00	204	0	0	0	nan	0.00	0.00	4.44	84.45	88.85	0.00	41	0	42	0.00	0.00	64.93	7.68	0.00	0.00	2000
228	11.01	2076	2099	0.00	203	0	0	0	nan	0.00	0.00	3.46	85.56	88.99	0.00	41	0	42	0.00	0.00	64.72	7.60	0.00	0.00	2000
232	11.23	2064	2097	0.00	205	0	0	0	nan	0.00	0.00	4.79	83.94	88.77	0.00	41	0	42	0.00	0.00	66.85	7.87	0.00	0.00	2000
229	10.94	2091	2101	0.00	214	0	0	0	nan	0.00	0.00	2.82	86.35	89.06	0.00	41	0	42	0.00	0.00	63.71	7.57	0.00	0.00	2000
224	10.82	2080	2087	0.00	203	0	0	0	98.22	0.00	0.00	3.67	85.05	89.18	0.00	41	0	42	0.00	0.00	64.45	7.54	0.00	0.00	2000
231	10.96	2111	2100	1.08	205	0	0	10	29.22	0.00	0.02	3.88	85.20	89.04	0.00	41	0	42	0.00	0.00	65.79	7.78	0.00	0.00	2000
226	10.85	2101	2079	0.06	204	0	0	0	nan	0.00	0.00	3.14	85.10	89.15	0.00	41	0	42	0.00	0.00	65.85	7.56	0.00	0.00	2000
234	11.25	2059	2119	0.00	200	0	0	0	nan	0.00	0.04	2.10	87.57	88.75	0.00	41	0	42	0.00	0.00	64.54	7.71	0.00	0.00	2000
231	11.02	2078	2116	0.00	211	0	0	0	nan	0.00	0.02	2.85	86.83	88.98	0.00	41	0	42	0.00	0.00	67.00	7.98	0.00	0.00	2000
226	10.94	2085	2081	0.00	203	0	0	0	nan	0.00	0.01	3.74	84.59	89.06	0.00	41	0	42	0.00	0.00	63.40	7.64	0.00	0.00	2000
229	10.98	2085	2103	0.00	204	0	0	0	nan	0.00	0.00	2.99	86.30	89.02	0.00	41	0	42	0.00	0.00	65.61	7.86	0.00	0.00	2000
228	10.80	2111	2103	0.00	202	0	0	0	nan	0.00	0.00	2.79	86.68	89.20	0.00	41	0	42	0.00	0.00	65.50	7.84	0.00	0.00	2000
228	10.92	2088	2098	0.00	202	0	0	0	nan	0.00	0.00	3.41	85.79	89.08	0.00	41	0	42	0.00	0.00	66.20	7.88	0.00	0.00	2000
230	11.33	2042	2085	0.00	213	0	0	0	nan	0.00	0.01	3.23	84.96	88.67	0.00	41	0	42	0.00	0.00	63.92	7.57	0.00	0.00	2000
231	11.05	2069	2125	0.00	222	0	0	0	nan	0.00	0.00	4.75	85.23	88.95	0.00	41	0	42	0.00	0.00	65.94	7.75	0.00	0.00	2000
229	10.84	2119	2097	0.00	204	0	0	0	nan	0.00	0.02	3.37	85.68	89.16	0.00	42	0	42	0.00	0.00	65.13	7.56	0.00	0.00	2000
225	10.91	2068	2099	0.00	187	0	0	0	nan	0.00	0.00	3.12	86.05	89.10	0.00	41	0	42	0.00	0.00	67.17	7.81	0.00	0.00	2000
228	11.16	2063	2075	0.00	220	0	0	0	nan	0.00	0.00	3.24	84.67	88.84	0.00	41	0	42	0.00	0.00	65.60	7.63	0.00	0.00	2000
231	11.08	2060	2127	0.00	230	0	0	0	nan	0.00	0.00	2.47	87.74	88.92	0.00	41	0	42	0.00	0.00	65.39	7.63	0.00	0.00	2000
229	10.79	2123	2095	0.00	203	0	0	0	nan	0.00	0.00	2.90	86.16	89.21	0.00	41	0	42	0.00	0.00	64.61	7.66	0.00	0.00	2000
230	11.01	2088	2100	0.00	185	0	0	0	nan	0.00	0.00	3.48	85.61	88.99	0.00	41	0	42	0.00	0.00	67.39	7.97	0.00	0.00	2000
231	11.14	2054	2116	0.00	203	0	0	0	nan	0.00	0.01	3.74	85.90	88.86	0.00	42	0	42	0.00	0.00	66.15	7.88	0.00	0.00	2000
228	10.89	2102	2095	1.10	207	0	0	10	25.54	0.01	0.02	5.11	83.84	89.11	0.00	41	0	42	0.00	0.00	66.49	7.83	0.00	0.00	2000
230	10.92	2121	2086	0.10	214	0	0	0	nan	0.00	0.01	3.09	85.49	89.08	0.00	41	0	42	0.00	0.00	60.40	7.21	0.00	0.00	2000
228	11.36	2002	2107	0.00	203	0	0	0	nan	0.00	0.01	3.32	85.73	88.64	0.00	41	0	42	0.00	0.00	67.71	8.06	0.00	0.00	2000
229	11.16	2048	2105	0.00	203	0	0	0	nan	0.00	0.00	2.35	86.76	88.84	0.00	41	0	42	0.00	0.00	66.34	7.70	0.00	0.00	2000
228	11.09	2054	2100	0.00	204	0	0	0	nan	0.00	0.01	2.93	86.06	88.91	0.00	41	0	42	0.00	0.00	65.97	7.57	0.00	0.00	2000
229	10.78	2122	2104	0.00	204	0	0	0	nan	0.00	0.00	2.77	86.66	89.22	0.00	41	0	42	0.00	0.00	65.11	7.64	0.00	0.00	2000
231	10.97	2105	2101	0.00	203	0	0	0	nan	0.00	0.02	3.78	85.42	89.03	0.00	41	0	42	0.00	0.00	67.65	7.99	0.00	0.00	2000
231	10.84	2128	2104	0.00	197	0	0	0	nan	0.00	0.00	2.95	86.51	89.16	0.00	41	0	42	0.00	0.00	66.59	7.77	0.00	0.00	2000
225	11.00	2055	2089	0.00	203	0	0	0	nan	0.00	0.00	3.24	85.46	89.00	0.00	41	0	42	0.00	0.00	62.99	7.25	0.00	0.00	2000
227	11.15	2051	2083	0.00	204	0	0	0	nan	0.02	0.02	2.61	85.67	88.85	0.00	41	0	42	0.00	0.00	67.32	7.82	0.00	0.00	2000
229	11.13	2044	2111	0.00	204	0	0	0	nan	0.00	0.00	2.57	86.89	88.87	0.00	41	0	42	0.00	0.00	65.47	7.50	0.00	0.00	2000
230	10.81	2131	2101	0.00	203	0	0	0	nan	0.00	0.02	3.67	85.64	89.19	0.00	41	0	42	0.00	0.00	66.39	7.57	0.00	0.00	2000
231	10.81	2120	2113	0.00	213	0	0	0	nan	0.00	0.00	3.58	86.30	89.19	0.00	41	0	42	0.00	0.00	61.61	7.37	0.00	0.00	2000
247	12.45	1992	2094	0.00	204	0	0	0	nan	0.00	0.00	3.51	83.91	87.55	0.00	41	0	42	0.00	0.00	67.99	7.95	0.00	0.00	2000
225	10.97	2066	2082	0.00	202	0	0	0	nan	0.00	0.02	2.99	85.36	89.03	0.00	41	0	42	0.00	0.00	66.93	7.82	0.00	0.00	2000
231	11.13	2059	2115	0.00	219	0	0	0	nan	0.00	0.00	3.02	86.58	88.87	0.00	41	0	42	0.00	0.00	65.40	7.53	0.00	0.00	2000
226	10.93	2076	2089	0.00	186	0	0	0	nan	0.00	0.00	3.32	85.44	89.07	0.00	41	0	42	0.00	0.00	66.30	7.71	0.00	0.00	2000
231	11.06	2088	2102	0.72	212	0	0	10	31.44	0.00	0.00	3.46	85.64	88.94	0.00	41	0	42	0.00	0.00	65.79	7.66	0.00	0.00	2000
238	11.10	2136	2108	0.42	204	0	0	2	62.81	0.00	0.00	3.75	85.51	88.90	0.00	41	0	42	0.00	0.00	64.01	7.57	0.00	0.00	2000
228	10.70	2140	2089	0.00	203	0	0	0	nan	0.00	0.00	2.84	85.97	89.30	0.00	41	0	42	0.00	0.00	66.23	7.92	0.00	0.00	2000
231	11.28	2031	2116	0.00	204	0	0	0	nan	0.00	0.00	2.12	87.46	88.72	0.00	41	0	42	0.00	0.00	63.52	7.51	0.00	0.00	2000
232	11.18	2064	2107	0.00	208	0	0	0	nan	0.00	0.02	3.61	85.51	88.82	0.00	41	0	42	0.00	0.00	67.68	7.76	0.00	0.00	2000
226	10.83	2118	2066	0.00	205	0	0	0	nan	0.00	0.00	3.50	84.30	89.17	0.00	41	0	42	0.00	0.00	63.58	7.33	0.00	0.00	2000
229	10.78	2126	2098	0.00	212	0	0	0	nan	0.00	0.00	3.91	85.28	89.22	0.00	42	0	42	0.00	0.00	63.24	7.68	0.00	0.00	2000
233	11.14	2053	2138	0.00	201	0	0	0	nan	0.00	0.00	5.21	85.29	88.86	0.00	41	0	42	0.00	0.00	70.79	7.74	0.00	0.00	2000
230	10.71	2143	2100	0.00	204	0	0	0	nan	0.00	0.01	3.56	85.72	89.29	0.00	41	0	42	0.00	0.00	66.04	7.74	0.00	0.00	2000
227	10.81	2104	2095	0.00	202	0	0	0	nan	0.00	0.02	3.40	85.65	89.19	0.00	41	0	42	0.00	0.00	63.66	7.60	0.00	0.00	2000
231	11.05	2089	2105	0.00	199	0	0	0	nan	0.00	0.00	3.89	85.38	88.95	0.00	41	0	42	0.00	0.00	65.11	7.59	0.00	0.00	2000
227	11.21	2031	2094	0.00	211	0	0	0	nan	0.00	0.02	3.24	85.38	88.79	0.00	41	0	42	0.00	0.00	66.71	7.75	0.00	0.00	2000
227	11.29	2020	2091	0.00	204	0	0	0	nan	0.00	0.00	3.70	84.73	88.71	0.00	41	0	42	0.00	0.00	66.29	7.70	0.00	0.00	2000
229	11.22	2033	2104	0.00	202	0	0	0	nan	0.00	0.02	2.54	86.44	88.78	0.00	41	0	42	0.00	0.00	65.87	7.80	0.00	0.00	2000
228	11.36	2006	2097	0.00	203	0	0	0	nan	0.00	0.02	2.51	86.17	88.64	0.00	41	0	42	0.00	0.00	64.47	7.59	0.00	0.00	2000
231	11.37	2023	2113	0.00	203	0	0	0	nan	0.00	0.00	2.66	86.62	88.63	0.00	41	0	42	0.00	0.00	64.53	7.55	0.00	0.00	2000
227	10.89	2095	2092	0.00	213	0	0	0	nan	0.00	0.00	3.49	85.41	89.11	0.00	41	0	42	0.00	0.00	67.20	7.80	0.00	0.00	2000
232	11.23	2064	2104	0.32	220	0	0	7	38.35	0.00	0.00	6.39	82.56	88.77	0.00	41	0	42	0.00	0.00	67.22	7.84	0.00	0.00	2000
226	10.73	2121	2083	0.70	201	0	0	5	44.53	0.00	0.01	2.97	85.69	89.27	0.00	41	0	42	0.00	0.00	61.96	7.25	0.00	0.00	2000
230	10.83	2112	2110	0.00	204	0	0	0	nan	0.00	0.02	2.79	86.84	89.17	0.00	41	0	42	0.00	0.00	66.41	7.76	0.00	0.00	2000
231	10.95	2102	2106	0.00	203	0	0	0	nan	0.00	0.00	3.07	86.32	89.05	0.00	41	0	42	0.00	0.00	66.12	7.68	0.00	0.00	2000
232	10.81	2145	2102	0.00	214	0	0	0	nan	0.00	0.03	3.59	85.64	89.19	0.00	41	0	42	0.00	0.00	67.86	7.76	0.00	0.00	2000
228	10.99	2076	2097	0.00	203	0	0	0	nan	0.00	0.00	3.43	85.53	89.01	0.00	41	0	42	0.00	0.00	65.95	7.72	0.00	0.00	2000
229	10.99	2084	2102	0.00	202	0	0	0	nan	0.00	0.00	3.50	85.69	89.01	0.00	41	0	42	0.00	0.00	66.29	7.84	0.00	0.00	2000
229	10.93	2100	2097	0.00	206	0	0	0	nan	0.00	0.01	5.08	83.96	89.07	0.00	41	0	42	0.00	0.00	62.51	7.28	0.00	0.00	2000
230	10.86	2131	2086	0.00	191	0	0	0	nan	0.00	0.02	5.85	82.72	89.14	0.00	41	0	42	0.00	0.00	64.57	7.62	0.00	0.00	2000
230	11.11	2081	2089	0.00	203	0	0	0	nan	0.00	0.02	2.92	85.58	88.89	0.00	41	0	42	0.00	0.00	65.84	7.87	0.00	0.00	2000
233	10.76	2132	2134	0.00	214	0	0	0	nan	0.00	0.02	2.71	87.98	89.24	0.00	41	0	42	0.00	0.00	66.23	7.82	0.00	0.00	2000
229	10.84	2115	2099	0.00	202	0	0	0	nan	0.00	0.00	3.40	85.82	89.16	0.00	41	0	42	0.00	0.00	66.38	7.79	0.00	0.00	2000
229	10.66	2149	2100	0.00	203	0	0	0	nan	0.00	0.00	4.06	85.39	89.34	0.00	41	0	42	0.00	0.00	68.18	8.08	0.00	0.00	2000
226	10.76	2121	2082	0.00	203	0	0	0	nan	0.00	0.00	3.48	85.01	89.24	0.00	42	0	42	0.00	0.00	65.75	7.86	0.00	0.00	2000
227	11.02	2074	2086	0.00	204	0	0	0	nan	0.00	0.00	4.30	84.17	88.98	0.00	41	0	42	0.00	0.00	61.85	7.34	0.00	0.00	2000
231	10.84	2123	2108	0.00	213	0	0	0	nan	0.00	0.00	3.58	85.95	89.16	0.00	41	0	42	0.00	0.00	65.92	7.55	0.00	0.00	2000
231	10.72	2139	2113	0.00	222	0	0	0	nan	0.00	0.00	3.69	86.15	89.28	0.00	42	0	42	0.00	0.00	65.16	7.70	0.00	0.00	2000
229	10.83	2112	2099	0.03	203	0	0	4	40.34	0.00	0.00	3.24	85.94	89.17	0.00	41	0	42	0.00	0.00	67.63	8.01	0.00	0.00	2000
229	10.85	2106	2107	1.08	187	0	0	9	39.22	0.00	0.02	3.49	86.00	89.15	0.00	42	0	42	0.00	0.00	64.84	7.58	0.00	0.00	2000
226	10.80	2128	2069	0.00	202	0	0	0	nan	0.00	0.02	3.41	84.47	89.20	0.00	41	0	42	0.00	0.00	65.91	7.78	0.00	0.00	2000
236	11.27	2060	2137	0.00	213	0	0	0	nan	0.00	0.01	2.56	87.83	88.73	0.00	41	0	42	0.00	0.00	67.34	7.85	0.00	0.00	2000
228	10.98	2076	2095	0.00	203	0	0	0	nan	0.00	0.02	3.06	85.78	89.02	0.00	41	0	42	0.00	0.00	65.26	7.61	0.00	0.00	2000
226	10.88	2087	2090	0.00	203	0	0	0	nan	0.00	0.02	3.24	85.46	89.12	0.00	41	0	42	0.00	0.00	66.59	7.69	0.00	0.00	2000
226	11.03	2071	2080	0.00	203	0	0	0	nan	0.00	0.02	2.74	85.48	88.97	0.00	41	0	42	0.00	0.00	62.62	7.21	0.00	0.00	2000
231	10.90	2092	2125	0.00	219	0	0	0	nan	0.00	0.02	3.50	86.72	89.10	0.00	41	0	42	0.00	0.00	65.77	7.62	0.00	0.00	2000
229	11.35	2025	2093	0.00	213	0	0	0	nan	0.00	0.00	3.17	85.27	88.65	0.00	41	0	42	0.00	0.00	67.18	7.92	0.00	0.00	2000
228	10.99	2067	2104	0.00	203	0	0	0	nan	0.00	0.00	4.00	85.34	89.01	0.00	41	0	42	0.00	0.00	68.66	8.09	0.00	0.00	2000
231	10.77	2136	2112	0.00	203	0	0	0	nan	0.00	0.02	3.77	86.02	89.23	0.00	41	0	42	0.00	0.00	63.88	7.43	0.00	0.00	2000
226	11.29	2018	2081	0.00	204	0	0	0	nan	0.00	0.00	3.94	84.12	88.71	0.00	41	0	42	0.00	0.00	64.40	7.71	0.00	0.00	2000
229	11.32	2018	2101	0.00	204	0	0	0	nan	0.00	0.00	4.40	84.46	88.68	0.00	41	0	42	0.00	0.00	65.34	7.70	0.00	0.00	2000
229	11.28	2031	2102	0.00	213	0	0	0	nan	0.00	0.00	4.10	84.83	88.72	0.00	42	0	42	0.00	0.00	65.67	7.67	0.00	0.00	2000
229	11.22	2037	2101	0.00	203	0	0	0	nan	0.00	0.00	3.62	85.33	88.78	0.00	41	0	42	0.00	0.00	65.33	7.61	0.00	0.00	2000
231	11.11	2080	2100	0.00	205	0	0	0	nan	0.01	0.00	3.33	85.69	88.89	0.00	41	0	42	0.00	0.00	66.30	7.76	0.00	0.00	2000
231	11.07	2073	2117	0.00	204	0	0	0	nan	0.00	0.01	2.48	87.29	88.93	0.00	42	0	42	0.00	0.00	65.96	7.80	0.00	0.00	2000
225	10.96	2069	2082	0.00	201	0	0	1	61.42	0.00	0.00	4.78	83.64	89.04	0.00	41	0	42	0.00	0.00	66.50	7.76	0.00	0.00	2000
228	11.16	2060	2086	1.10	203	0	0	11	35.83	0.00	0.00	3.06	85.33	88.84	0.00	41	0	42	0.00	0.00	61.94	7.77	0.00	0.00	2000
232	11.02	2086	2122	0.05	214	0	0	0	nan	0.00	0.03	2.59	87.42	88.98	0.00	41	0	42	0.00	0.00	69.46	7.55	0.00	0.00	2000
227	10.91	2092	2085	0.00	204	0	0	0	nan	0.00	0.00	3.11	85.43	89.09	0.00	41	0	42	0.00	0.00	60.27	7.07	0.00	0.00	2000
229	10.77	2112	2110	0.00	204	0	0	0	nan	0.00	0.00	3.62	86.11	89.23	0.00	41	0	42	0.00	0.00	68.79	7.99	0.00	0.00	2000
227	10.81	2106	2092	0.00	203	0	0	0	nan	0.00	0.00	2.94	85.92	89.19	0.00	41	0	42	0.00	0.00	65.37	7.59	0.00	0.00	2000
235	10.90	2141	2118	0.00	204	0	0	0	nan	0.00	0.01	3.50	86.42	89.10	0.00	41	0	42	0.00	0.00	66.39	7.58	0.00	0.00	2000
226	10.96	2088	2075	0.00	215	0	0	0	nan	0.00	0.02	3.58	84.60	89.04	0.00	42	0	42	0.00	0.00	64.98	7.54	0.00	0.00	2000
229	10.91	2079	2119	0.00	203	0	0	0	nan	0.00	0.01	3.54	86.44	89.09	0.00	41	0	42	0.00	0.00	66.85	7.94	0.00	0.00	2000
227	10.91	2095	2089	0.00	203	0	0	0	nan	0.00	0.00	3.36	85.33	89.09	0.00	41	0	42	0.00	0.00	65.37	7.56	0.00	0.00	2000
229	10.78	2112	2112	0.00	203	0	0	0	nan	0.00	0.00	3.60	86.15	89.22	0.00	41	0	42	0.00	0.00	67.52	7.94	0.00	0.00	2000
233	11.31	2047	2113	0.00	203	0	0	0	nan	0.00	0.02	3.49	85.89	88.69	0.00	42	0	42	0.00	0.00	67.07	7.61	0.00	0.00	2000
225	10.76	2105	2087	0.00	213	0	0	0	nan	0.00	0.00	3.54	85.20	89.24	0.00	41	0	42	0.00	0.00	66.15	7.54	0.00	0.00	2000
232	11.21	2057	2113	0.00	200	0	0	0	nan	0.00	0.04	3.00	86.45	88.79	0.00	41	0	42	0.00	0.00	66.58	7.71	0.00	0.00	2000
223	10.95	2074	2066	0.00	205	0	0	0	nan	0.00	0.00	4.63	83.12	89.05	0.00	42	0	42	0.00	0.00	64.73	7.50	0.00	0.00	2000
230	10.65	2144	2112	0.00	204	0	0	0	nan	0.00	0.02	4.03	85.83	89.35	0.00	42	0	42	0.00	0.00	66.99	7.64	0.00	0.00	2000
230	11.08	2079	2098	0.00	204	0	0	0	nan	0.00	0.06	3.66	85.19	88.92	0.00	41	0	42	0.00	0.00	66.01	7.61	0.00	0.00	2000
232	10.82	2116	2126	0.00	214	0	0	0	nan	0.00	0.02	2.98	87.39	89.18	0.00	41	0	42	0.00	0.00	67.34	7.72	0.00	0.00	2000
223	11.08	2041	2073	1.33	202	0	0	7	11.18	0.00	0.00	3.26	84.72	88.92	0.00	42	0	42	0.00	0.00	64.92	7.55	0.00	0.00	2000
227	11.01	2074	2088	0.06	203	0	0	0	nan	0.00	0.00	3.21	85.42	88.99	0.00	42	0	42	0.00	0.00	65.33	7.53	0.00	0.00	2000
227	11.04	2045	2107	0.00	203	0	0	0	nan	0.00	0.02	4.46	84.94	88.96	0.00	41	0	42	0.00	0.00	66.44	7.62	0.00	0.00	2000
235	11.02	2101	2131	0.00	219	0	0	0	nan	0.00	0.01	3.96	86.37	88.98	0.00	41	0	42	0.00	0.00	67.74	7.87	0.00	0.00	2000
225	10.98	2079	2073	0.00	213	0	0	0	nan	0.00	0.02	3.15	84.87	89.02	0.00	42	0	42	0.00	0.00	65.09	7.58	0.00	0.00	2000
229	10.82	2107	2111	0.00	203	0	0	0	nan	0.00	0.00	3.63	86.15	89.18	0.00	41	0	42	0.00	0.00	66.73	7.59	0.00	0.00	2000
231	11.08	2065	2115	0.00	205	0	0	0	nan	0.00	0.00	3.50	86.16	88.92	0.00	41	0	42	0.00	0.00	67.57	7.73	0.00	0.00	2000
225	10.83	2096	2081	0.00	203	0	0	0	nan	0.00	0.00	3.17	85.33	89.17	0.00	41	0	42	0.00	0.00	65.52	7.50	0.00	0.00	2000
233	11.09	2079	2120	0.00	200	0	0	0	nan	0.02	0.00	3.12	86.74	88.91	0.00	42	0	42	0.00	0.00	67.34	7.72	0.00	0.00	2000
224	10.72	2125	2065	0.00	213	0	0	0	nan	0.00	0.00	3.44	84.44	89.28	0.00	41	0	42	0.00	0.00	64.68	7.44	0.00	0.00	2000
225	10.87	2069	2104	0.00	219	0	0	0	nan	0.00	0.02	3.66	85.70	89.13	0.00	42	0	42	0.00	0.00	66.02	7.39	0.00	0.00	2000
232	11.07	2064	2131	0.00	219	0	0	0	nan	0.00	0.02	4.32	85.89	88.93	0.00	42	0	42	0.00	0.00	67.69	7.90	0.00	0.00	2000
242	11.97	2046	2077	0.00	202	0	0	0	nan	0.00	0.00	4.06	82.98	88.03	0.00	41	0	42	0.00	0.00	63.21	7.50	0.00	0.00	2000
230	11.05	2084	2103	0.00	212	0	0	0	nan	0.00	0.03	3.06	86.07	88.95	0.00	41	0	42	0.00	0.00	69.25	7.57	0.00	0.00	2000
226	10.89	2082	2096	0.00	203	0	0	0	nan	0.00	0.00	3.27	85.76	89.11	0.00	42	0	42	0.00	0.00	65.30	7.60	0.00	0.00	2000
229	10.92	2081	2120	0.00	217	0	0	0	nan	0.00	0.01	3.33	86.71	89.09	0.00	41	0	42	0.00	0.00	66.86	7.75	0.00	0.00	2000
230	11.08	2077	2103	0.00	205	0	0	2	53.35	0.00	0.02	4.97	84.15	88.92	0.00	42	0	42	0.00	0.00	66.13	7.54	0.00	0.00	2000
233	11.00	2116	2100	1.32	207	0	0	8	30.46	0.00	0.00	5.37	83.67	89.00	0.00	42	0	42	0.00	0.00	66.72	7.57	0.00	0.00	2000
223	10.59	2143	2066	0.03	212	0	0	0	nan	0.00	0.00	3.89	84.11	89.41	0.00	41	0	42	0.00	0.00	60.95	7.05	0.00	0.00	2000
230	10.88	2110	2105	0.00	202	0	0	0	nan	0.00	0.02	2.12	87.22	89.12	0.00	42	0	42	0.00	0.00	69.73	8.01	0.00	0.00	2000
227	10.75	2109	2106	0.00	203	0	0	0	nan	0.00	0.02	3.63	85.88	89.25	0.00	42	0	42	0.00	0.00	66.68	7.70	0.00	0.00	2000
231	10.67	2160	2101	0.00	203	0	0	0	nan	0.00	0.03	3.15	86.26	89.33	0.00	41	0	42	0.00	0.00	67.15	7.71	0.00	0.00	2000
233	10.84	2134	2118	0.00	204	0	0	0	nan	0.00	0.00	3.43	86.52	89.16	0.00	42	0	42	0.00	0.00	64.43	7.44	0.00	0.00	2000
225	10.63	2149	2071	0.00	215	0	0	0	nan	0.00	0.02	3.09	85.09	89.37	0.00	42	0	42	0.00	0.00	67.09	7.75	0.00	0.00	2000
229	11.03	2058	2115	0.00	203	0	0	0	nan	0.00	0.02	3.62	86.12	88.97	0.00	42	0	42	0.00	0.00	66.82	7.64	0.00	0.00	2000
229	11.12	2055	2108	0.00	203	0	0	0	nan	0.00	0.02	3.42	85.97	88.88	0.00	42	0	42	0.00	0.00	66.67	7.35	0.00	0.00	2000
223	10.94	2067	2074	0.00	202	0	0	0	nan	0.00	0.02	3.17	84.84	89.06	0.00	41	0	42	0.00	0.00	62.42	7.50	0.00	0.00	2000
233	11.29	2033	2136	0.00	204	0	0	0	nan	0.00	0.03	3.46	86.87	88.71	0.00	41	0	42	0.00	0.00	67.71	7.77	0.00	0.00	2000
224	10.77	2110	2073	0.00	228	0	0	0	nan	0.00	0.02	3.40	84.74	89.23	0.00	42	0	42	0.00	0.00	63.83	7.46	0.00	0.00	2000
226	10.85	2088	2096	0.00	219	0	0	0	nan	0.00	0.02	3.26	85.76	89.15	0.00	42	0	42	0.00	0.00	64.23	7.35	0.00	0.00	2000
228	10.71	2129	2100	0.00	202	0	0	0	nan	0.00	0.00	3.61	85.70	89.29	0.00	42	0	42	0.00	0.00	65.78	7.54	0.00	0.00	2000
229	11.14	2052	2100	0.00	220	0	0	0	nan	0.00	0.00	3.34	85.60	88.86	0.00	42	0	42	0.00	0.00	69.51	7.92	0.00	0.00	2000
229	10.83	2107	2109	0.00	215	0	0	0	nan	0.00	0.02	3.88	85.78	89.17	0.00	42	0	42	0.00	0.00	63.53	7.35	0.00	0.00	2000
228	10.98	2080	2099	0.00	202	0	0	3	39.51	0.00	0.03	3.05	86.02	89.02	0.00	42	0	42	0.00	0.00	66.51	7.61	0.00	0.00	2000
230	10.99	2074	2122	1.33	203	0	0	7	28.64	0.00	0.02	2.81	87.20	89.01	0.00	41	0	42	0.00	0.00	68.15	7.78	0.00	0.00	2000
225	10.76	2120	2073	0.00	203	0	0	0	nan	0.00	0.00	3.38	84.80	89.24	0.00	41	0	42	0.00	0.00	65.42	7.61	0.00	0.00	2000
232	10.96	2090	2130	0.00	203	0	0	0	nan	0.00	0.01	4.14	86.22	89.04	0.00	41	0	42	0.00	0.00	67.95	7.90	0.00	0.00	2000
230	10.65	2178	2079	0.00	216	0	0	0	nan	0.00	0.01	4.06	84.51	89.35	0.00	41	0	42	0.00	0.00	65.63	7.55	0.00	0.00	2000
230	11.06	2058	2119	0.00	202	0	0	0	nan	0.00	0.00	2.85	86.99	88.94	0.00	42	0	42	0.00	0.00	67.39	7.81	0.00	0.00	2000
225	10.83	2099	2077	0.00	203	0	0	0	nan	0.00	0.00	3.34	84.91	89.17	0.00	42	0	42	0.00	0.00	65.57	7.43	0.00	0.00	2000
231	11.11	2056	2124	0.00	204	0	0	0	nan	0.00	0.00	2.80	87.21	88.89	0.00	41	0	42	0.00	0.00	67.52	7.85	0.00	0.00	2000
224	10.91	2084	2070	0.00	203	0	0	0	nan	0.00	0.00	3.41	84.51	89.09	0.00	41	0	42	0.00	0.00	65.28	7.66	0.00	0.00	2000
231	10.88	2102	2119	0.00	214	0	0	0	nan	0.00	0.00	3.63	86.39	89.12	0.00	42	0	42	0.00	0.00	66.70	7.77	0.00	0.00	2000
227	10.76	2121	2090	0.00	201	0	0	0	nan	0.00	0.02	3.04	85.84	89.24	0.00	41	0	42	0.00	0.00	65.42	7.50	0.00	0.00	2000
233	10.82	2126	2124	0.00	204	0	0	0	nan	0.00	0.03	2.78	87.48	89.18	0.00	41	0	42	0.00	0.00	67.51	7.74	0.00	0.00	2000
228	10.95	2084	2097	0.00	203	0	0	0	nan	0.00	0.00	3.35	85.66	89.05	0.00	42	0	42	0.00	0.00	66.39	7.62	0.00	0.00	2000
223	10.71	2116	2070	0.00	203	0	0	0	nan	0.00	0.02	3.40	84.66	89.29	0.00	41	0	42	0.00	0.00	64.57	7.53	0.00	0.00	2000
229	11.18	2056	2095	0.00	245	0	0	0	nan	0.00	0.00	5.10	83.51	88.82	0.00	41	0	42	0.00	0.00	65.90	7.60	0.00	0.00	2000
226	10.97	2057	2101	0.00	219	0	0	0	nan	0.00	0.02	2.89	86.28	89.03	0.00	41	0	42	0.00	0.00	65.77	7.59	0.00	0.00	2000
226	11.02	2046	2108	0.00	203	0	0	0	nan	0.00	0.00	3.18	86.30	88.98	0.00	41	0	42	0.00	0.00	66.13	7.59	0.00	0.00	2000
229	10.72	2121	2114	0.15	221	0	0	4	33.92	0.00	0.02	3.28	86.61	89.28	0.00	41	0	42	0.00	0.00	67.05	7.67	0.00	0.00	2000
233	11.17	2071	2111	1.03	213	0	0	7	35.15	0.00	0.00	4.30	85.09	88.83	0.00	41	0	42	0.00	0.00	66.59	7.73	0.00	0.00	2000
223	10.89	2077	2070	0.00	202	0	0	0	nan	0.00	0.01	3.29	84.65	89.11	0.00	41	0	42	0.00	0.00	64.87	7.34	0.00	0.00	2000
229	11.01	2061	2120	0.00	219	0	0	0	nan	0.00	0.00	3.63	86.24	88.99	0.00	41	0	42	0.00	0.00	66.97	7.66	0.00	0.00	2000
229	10.63	2153	2100	0.00	203	0	0	0	nan	0.00	0.01	3.14	86.27	89.37	0.00	41	0	42	0.00	0.00	66.58	7.55	0.00	0.00	2000
233	11.20	2070	2108	0.00	201	0	0	0	nan	0.00	0.02	3.82	85.44	88.80	0.00	41	0	42	0.00	0.00	66.29	7.67	0.00	0.00	2000
225	10.89	2084	2077	0.00	212	0	0	0	nan	0.00	0.00	3.26	84.99	89.11	0.00	41	0	42	0.00	0.00	64.59	7.51	0.00	0.00	2000
228	10.77	2116	2098	0.00	206	0	0	0	nan	0.00	0.00	4.18	85.05	89.23	0.00	42	0	42	0.00	0.00	65.55	7.78	0.00	0.00	2000
229	10.82	2100	2114	0.00	221	0	0	0	nan	0.00	0.00	3.63	86.16	89.18	0.00	41	0	42	0.00	0.00	66.73	7.51	0.00	0.00	2000
226	10.98	2075	2080	0.00	204	0	0	0	nan	0.00	0.00	3.46	84.86	89.02	0.00	41	0	42	0.00	0.00	64.57	7.67	0.00	0.00	2000
228	11.20	2037	2097	0.00	200	0	0	0	nan	0.00	0.00	3.36	85.42	88.80	0.00	42	0	42	0.00	0.00	65.76	7.60	0.00	0.00	2000
228	10.98	2062	2113	0.00	213	0	0	0	nan	0.00	0.00	3.86	85.76	89.02	0.00	42	0	42	0.00	0.00	66.79	7.75	0.00	0.00	2000
228	11.03	2075	2090	0.00	219	0	0	0	nan	0.00	0.02	3.26	85.37	88.97	0.00	42	0	42	0.00	0.00	66.04	7.67	0.00	0.00	2000
234	11.15	2061	2137	0.00	204	0	0	0	nan	0.00	0.00	4.36	86.12	88.85	0.00	42	0	42	0.00	0.00	68.67	7.99	0.00	0.00	2000
227	10.61	2148	2087	0.00	202	0	0	0	nan	0.00	0.00	3.86	84.99	89.39	0.00	42	0	42	0.00	0.00	66.62	7.81	0.00	0.00	2000
232	11.08	2080	2112	0.00	213	0	0	0	nan	0.00	0.00	3.51	85.99	88.92	0.00	42	0	42	0.00	0.00	67.22	8.02	0.00	0.00	2000
222	10.88	2078	2065	0.00	202	0	0	0	nan	0.00	0.00	3.29	84.40	89.12	0.00	42	0	42	0.00	0.00	65.30	7.50	0.00	0.00	2000
231	11.02	2065	2134	0.55	217	0	0	7	18.18	0.00	0.02	4.03	86.47	88.98	0.00	42	0	42	0.00	0.00	68.03	8.02	0.00	0.00	2000
222	11.09	2040	2065	1.01	203	0	0	5	31.63	0.00	0.00	3.21	84.41	88.91	0.00	42	0	42	0.00	0.00	64.84	7.64	0.00	0.00	2000
236	10.93	2118	2138	0.00	203	0	0	0	nan	0.00	0.01	3.86	86.84	89.07	0.00	42	0	42	0.00	0.00	68.64	7.94	0.00	0.00	2000
224	10.75	2124	2064	0.00	213	0	0	0	nan	0.00	0.00	3.58	84.19	89.25	0.00	42	0	42	0.00	0.00	64.86	7.72	0.00	0.00	2000
226	10.91	2069	2102	0.00	217	0	0	0	nan	0.00	0.00	3.66	85.66	89.09	0.00	42	0	42	0.00	0.00	66.76	7.79	0.00	0.00	2000
226	11.06	2036	2105	0.00	219	0	0	0	nan	0.00	0.00	3.26	85.99	88.94	0.00	42	0	42	0.00	0.00	67.10	7.91	0.00	0.00	2000
228	11.03	2073	2098	0.00	202	0	0	0	nan	0.00	0.02	3.49	85.44	88.97	0.00	41	0	42	0.00	0.00	66.51	7.95	0.00	0.00	2000
228	11.24	2035	2093	0.00	211	0	0	0	nan	0.00	0.02	3.51	85.01	88.76	0.00	42	0	42	0.00	0.00	66.22	7.85	0.00	0.00	2000
231	11.14	2042	2134	0.00	219	0	0	0	nan	0.00	0.00	3.98	86.42	88.86	0.00	42	0	42	0.00	0.00	68.42	8.23	0.00	0.00	2000
224	10.76	2111	2070	0.00	203	0	0	0	nan	0.00	0.02	3.35	84.57	89.24	0.00	42	0	42	0.00	0.00	65.30	7.61	0.00	0.00	2000
227	11.02	2060	2097	0.00	224	0	0	0	nan	0.00	0.00	4.77	84.20	88.98	0.00	42	0	42	0.00	0.00	66.47	7.88	0.00	0.00	2000
227	11.17	2031	2098	0.00	228	0	0	0	nan	0.00	0.01	3.46	85.36	88.83	0.00	42	0	42	0.00	0.00	66.40	7.94	0.00	0.00	2000
227	11.10	2041	2105	0.00	203	0	0	0	nan	0.00	0.00	3.72	85.58	88.90	0.00	42	0	42	0.00	0.00	64.43	7.66	0.00	0.00	2000
229	11.09	2046	2114	0.00	220	0	0	0	nan	0.00	0.00	3.60	86.01	88.91	0.00	42	0	42	0.00	0.00	69.59	8.14	0.00	0.00	2000
229	11.01	2077	2103	0.00	204	0	0	0	nan	0.00	0.00	2.94	86.25	88.99	0.00	42	0	42	0.00	0.00	66.77	7.81	0.00	0.00	2000
228	10.76	2130	2087	0.00	205	0	0	0	nan	0.00	0.00	3.35	85.35	89.24	0.00	42	0	42	0.00	0.00	66.15	7.77	0.00	0.00	2000
229	10.76	2121	2110	0.00	212	0	0	0	nan	0.00	0.03	2.79	86.94	89.24	0.00	42	0	42	0.00	0.00	67.46	7.98	0.00	0.00	2000
227	10.80	2107	2096	1.45	203	0	0	11	13.94	0.00	0.01	2.48	86.68	89.20	0.00	42	0	42	0.00	0.00	66.34	7.67	0.00	0.00	2000
231	11.15	2051	2123	0.25	201	0	0	0	nan	0.00	0.02	3.18	86.65	88.85	0.00	42	0	42	0.00	0.00	67.86	7.92	0.00	0.00	2000
227	11.07	2054	2100	0.00	201	0	0	0	nan	0.00	0.00	3.27	85.74	88.93	0.00	42	0	42	0.00	0.00	66.56	7.89	0.00	0.00	2000
232	11.40	2032	2099	0.00	203	0	0	0	nan	0.00	0.00	3.54	85.17	88.60	0.00	41	0	42	0.00	0.00	66.71	7.74	0.00	0.00	2000
225	10.84	2100	2079	0.00	214	0	0	0	nan	0.00	0.02	3.25	84.91	89.16	0.00	42	0	42	0.00	0.00	65.77	7.72	0.00	0.00	2000
227	10.82	2108	2090	0.00	203	0	0	0	nan	0.01	0.00	3.15	85.74	89.18	0.00	42	0	42	0.00	0.00	66.14	7.86	0.00	0.00	2000
231	11.11	2051	2133	0.00	203	0	0	0	nan	0.00	0.00	3.71	86.66	88.89	0.00	42	0	42	0.00	0.00	68.26	8.17	0.00	0.00	2000
226	11.09	2078	2063	0.00	204	0	0	0	nan	0.00	0.00	3.55	83.91	88.91	0.00	42	0	42	0.00	0.00	65.07	7.62	0.00	0.00	2000
233	11.01	2090	2123	0.00	204	0	0	0	nan	0.00	0.03	4.39	85.57	88.99	0.00	42	0	42	0.00	0.00	68.09	7.88	0.00	0.00	2000
231	10.91	2104	2115	0.00	213	0	0	0	nan	0.00	0.02	3.07	86.76	89.09	0.00	41	0	42	0.00	0.00	67.29	7.83	0.00	0.00	2000
222	10.46	2159	2067	0.00	202	0	0	0	nan	0.00	0.02	3.36	84.75	89.54	0.00	42	0	42	0.00	0.00	65.22	7.52	0.00	0.00	2000
228	10.88	2080	2117	0.00	219	0	0	0	nan	0.00	0.02	3.39	86.51	89.12	0.00	42	0	42	0.00	0.00	63.97	7.47	0.00	0.00	2000
246	11.35	2171	2097	0.00	202	0	0	0	nan	0.00	0.00	4.10	84.50	88.65	0.00	42	0	42	0.00	0.00	70.80	8.37	0.00	0.00	2000
235	11.16	2085	2122	0.00	205	0	0	0	nan	0.00	0.03	3.62	86.10	88.84	0.00	42	0	42	0.00	0.00	67.72	8.14	0.00	0.00	2000
223	10.93	2072	2063	0.00	212	0	0	0	nan	0.00	0.00	3.72	83.89	89.07	0.00	42	0	42	0.00	0.00	65.22	7.65	0.00	0.00	2000
227	10.97	2070	2104	0.00	207	0	0	0	nan	0.00	0.02	4.66	84.56	89.03	0.00	42	0	42	0.00	0.00	66.99	7.87	0.00	0.00	2000
233	11.03	2075	2134	0.00	221	0	0	0	nan	0.00	0.00	4.60	85.79	88.97	0.00	42	0	42	0.00	0.00	68.38	7.97	0.00	0.00	2000
227	10.86	2102	2090	1.44	204	0	0	11	14.84	0.00	0.00	3.27	85.56	89.14	0.00	42	0	42	0.00	0.00	64.30	7.44	0.00	0.00	2000
231	11.10	2072	2112	0.25	214	0	0	0	nan	0.00	0.02	3.28	86.23	88.90	0.00	42	0	42	0.00	0.00	67.43	7.91	0.00	0.00	2000
229	10.95	2097	2096	0.00	203	0	0	0	nan	0.00	0.00	3.40	85.52	89.05	0.00	41	0	42	0.00	0.00	66.16	7.88	0.00	0.00	2000
225	10.92	2085	2071	0.00	203	0	0	0	nan	0.00	0.01	3.56	84.39	89.08	0.00	42	0	42	0.00	0.00	65.57	7.51	0.00	0.00	2000
225	11.05	2045	2095	0.00	220	0	0	0	nan	0.00	0.00	2.81	85.96	88.95	0.00	42	0	42	0.00	0.00	66.72	7.86	0.00	0.00	2000
234	10.69	2163	2122	0.00	203	0	0	0	nan	0.00	0.00	3.63	86.63	89.31	0.00	42	0	42	0.00	0.00	67.53	7.99	0.00	0.00	2000
229	10.68	2142	2106	0.00	212	0	0	0	nan	0.00	0.00	3.19	86.41	89.32	0.00	42	0	42	0.00	0.00	66.87	8.01	0.00	0.00	2000
225	11.25	2029	2074	0.00	204	0	0	0	nan	0.00	0.04	3.70	84.03	88.75	0.00	42	0	42	0.00	0.00	65.30	7.67	0.00	0.00	2000
231	11.12	2042	2132	0.00	219	0	0	0	nan	0.00	0.01	3.61	86.72	88.88	0.00	42	0	42	0.00	0.00	68.36	8.11	0.00	0.00	2000
223	10.85	2082	2074	0.00	202	0	0	0	nan	0.00	0.01	3.34	84.78	89.15	0.00	42	0	42	0.00	0.00	65.00	7.80	0.00	0.00	2000
232	11.12	2076	2114	0.00	220	0	0	0	nan	0.00	0.01	3.81	85.69	88.88	0.00	42	0	42	0.00	0.00	68.10	8.14	0.00	0.00	2000
225	10.83	2080	2093	0.00	197	0	0	0	nan	0.00	0.00	3.24	85.68	89.17	0.00	42	0	42	0.00	0.00	65.58	7.57	0.00	0.00	2000
233	10.91	2112	2124	0.00	220	0	0	0	nan	0.00	0.01	3.28	86.81	89.09	0.00	42	0	42	0.00	0.00	64.31	7.84	0.00	0.00	2000
223	11.08	2047	2065	0.00	199	0	0	0	nan	0.00	0.00	3.22	84.34	88.92	0.00	42	0	42	0.00	0.00	67.83	8.10	0.00	0.00	2000
234	10.98	2094	2132	0.00	218	0	0	0	nan	0.00	0.00	3.95	86.46	89.02	0.00	42	0	42	0.00	0.00	65.48	7.67	0.00	0.00	2000
225	10.67	2135	2080	0.00	213	0	0	0	nan	0.00	0.00	3.95	84.61	89.33	0.00	42	0	42	0.00	0.00	65.66	7.82	0.00	0.00	2000
234	10.93	2141	2098	0.00	223	0	0	0	99.19	0.00	0.01	7.10	81.95	89.07	0.00	42	0	42	0.00	0.00	66.78	8.29	0.00	0.00	2000
229	10.80	2117	2106	1.65	203	0	0	11	18.61	0.00	0.02	2.94	86.52	89.20	0.00	42	0	42	0.00	0.00	66.94	7.53	0.00	0.00	2000
230	10.87	2110	2109	0.07	201	0	0	0	nan	0.00	0.02	3.35	86.18	89.13	0.00	42	0	42	0.00	0.00	67.64	7.90	0.00	0.00	2000
228	11.13	2069	2074	0.00	204	0	0	0	nan	0.00	0.00	3.19	84.68	88.87	0.00	42	0	42	0.00	0.00	65.17	7.61	0.00	0.00	2000
230	10.95	2096	2107	0.00	215	0	0	0	nan	0.00	0.02	4.06	85.45	89.05	0.00	42	0	42	0.00	0.00	66.62	7.90	0.00	0.00	2000
225	10.93	2060	2101	0.00	219	0	0	0	nan	0.00	0.00	3.25	85.91	89.07	0.00	42	0	42	0.00	0.00	66.66	7.84	0.00	0.00	2000
226	10.83	2087	2102	0.00	205	0	0	0	nan	0.00	0.00	3.20	86.15	89.17	0.00	42	0	42	0.00	0.00	66.52	7.90	0.00	0.00	2000
228	10.70	2125	2104	0.00	219	0	0	0	nan	0.00	0.01	2.92	86.58	89.30	0.00	42	0	42	0.00	0.00	66.98	7.92	0.00	0.00	2000
231	11.03	2091	2102	0.00	214	0	0	0	nan	0.00	0.03	3.64	85.48	88.97	0.00	42	0	42	0.00	0.00	66.90	7.94	0.00	0.00	2000
229	10.65	2138	2107	0.00	203	0	0	0	nan	0.00	0.02	3.04	86.65	89.35	0.00	42	0	42	0.00	0.00	67.05	7.96	0.00	0.00	2000
226	10.87	2095	2082	0.00	203	0	0	0	nan	0.00	0.00	3.25	85.22	89.13	0.00	42	0	42	0.00	0.00	65.66	7.55	0.00	0.00	2000
228	10.88	2091	2109	0.00	204	0	0	0	nan	0.00	0.03	3.47	86.11	89.12	0.00	42	0	42	0.00	0.00	66.57	7.97	0.00	0.00	2000
228	11.08	2069	2090	0.00	219	0	0	0	nan	0.00	0.00	3.26	85.29	88.92	0.00	42	0	42	0.00	0.00	66.16	7.71	0.00	0.00	2000
233	10.85	2116	2132	0.00	213	0	0	0	nan	0.00	0.03	3.28	87.29	89.16	0.00	42	0	42	0.00	0.00	68.39	7.90	0.00	0.00	2000
223	10.57	2145	2065	0.00	203	0	0	0	nan	0.00	0.02	3.01	84.93	89.43	0.00	42	0	42	0.00	0.00	64.78	7.65	0.00	0.00	2000
229	10.92	2080	2117	0.00	202	0	0	0	nan	0.00	0.02	3.59	86.25	89.08	0.00	42	0	42	0.00	0.00	67.52	7.75	0.00	0.00	2000
228	11.04	2073	2096	0.00	204	0	0	0	nan	0.00	0.00	3.03	85.80	88.96	0.00	42	0	42	0.00	0.00	66.20	7.80	0.00	0.00	2000
227	11.03	2076	2087	0.00	203	0	0	1	89.91	0.00	0.02	2.86	85.68	88.97	0.00	41	0	42	0.00	0.00	65.80	7.88	0.00	0.00	2000
230	10.99	2090	2099	1.64	213	0	0	12	21.26	0.00	0.03	3.03	86.01	89.01	0.00	42	0	42	0.00	0.00	66.43	7.95	0.00	0.00	2000
231	10.99	2084	2120	0.05	203	0	0	0	nan	0.01	0.00	3.49	86.41	89.01	0.00	42	0	42	0.00	0.00	68.17	8.03	0.00	0.00	2000
234	11.05	2098	2118	0.00	207	0	0	0	nan	0.00	0.00	4.68	85.07	88.95	0.00	42	0	42	0.00	0.00	67.84	7.92	0.00	0.00	2000
227	10.98	2082	2085	0.00	205	0	0	0	nan	0.00	0.00	4.05	84.44	89.02	0.00	42	0	42	0.00	0.00	68.02	7.92	0.00	0.00	2000
226	11.03	2067	2085	0.00	203	0	0	0	nan	0.00	0.00	2.32	86.07	88.97	0.00	42	0	42	0.00	0.00	64.49	7.24	0.00	0.00	2000
231	10.74	2140	2110	0.00	213	0	0	0	nan	0.00	0.02	3.60	86.18	89.26	0.00	42	0	42	0.00	0.00	67.31	8.03	0.00	0.00	2000
230	10.76	2135	2106	0.00	204	0	0	0	nan	0.00	0.03	3.87	85.70	89.24	0.00	42	0	42	0.00	0.00	67.14	7.87	0.00	0.00	2000
228	11.04	2063	2102	0.00	202	0	0	0	nan	0.00	0.02	2.93	86.21	88.96	0.00	42	0	42	0.00	0.00	66.43	7.77	0.00	0.00	2000
230	10.91	2097	2109	0.00	203	0	0	0	nan	0.00	0.02	3.14	86.41	89.09	0.00	42	0	42	0.00	0.00	67.18	7.77	0.00	0.00	2000
226	10.88	2104	2071	0.00	204	0	0	0	nan	0.00	0.02	3.68	84.27	89.12	0.00	42	0	42	0.00	0.00	65.05	7.62	0.00	0.00	2000
229	11.16	2053	2098	0.00	230	0	0	0	nan	0.01	0.00	3.93	84.93	88.84	0.00	42	0	42	0.00	0.00	66.44	7.71	0.00	0.00	2000
229	10.78	2112	2116	0.00	204	0	0	0	nan	0.00	0.00	3.65	86.30	89.22	0.00	42	0	42	0.00	0.00	67.71	7.92	0.00	0.00	2000
228	10.61	2154	2094	0.00	203	0	0	0	nan	0.00	0.02	3.47	85.68	89.39	0.00	42	0	42	0.00	0.00	66.23	7.81	0.00	0.00	2000
246	11.72	2091	2110	0.00	203	0	0	0	nan	0.00	0.05	2.82	86.00	88.28	0.00	42	0	42	0.00	0.00	66.50	7.89	0.00	0.00	2000
246	11.49	2160	2084	0.00	204	0	0	0	nan	0.00	0.00	3.04	84.82	88.51	0.00	42	0	42	0.00	0.00	66.77	7.57	0.00	0.00	2000
232	10.84	2128	2110	0.00	214	0	0	0	nan	0.00	0.01	3.59	86.03	89.16	0.00	41	0	42	0.00	0.00	67.24	7.80	0.00	0.00	2000
227	10.94	2071	2100	0.00	203	0	0	1	89.56	0.00	0.00	3.00	86.21	89.06	0.00	42	0	42	0.00	0.00	66.53	7.92	0.00	0.00	2000
227	10.91	2082	2098	1.67	222	0	0	12	22.28	0.00	0.02	2.88	86.27	89.09	0.00	42	0	42	0.00	0.00	66.64	7.84	0.00	0.00	2000
230	10.66	2156	2102	0.06	203	0	0	0	nan	0.00	0.00	3.14	86.24	89.34	0.00	42	0	42	0.00	0.00	66.95	7.73	0.00	0.00	2000
229	11.29	2038	2087	0.00	203	0	0	0	nan	0.00	0.02	3.46	84.81	88.71	0.00	42	0	42	0.00	0.00	65.80	7.50	0.00	0.00	2000
232	10.87	2101	2132	0.00	229	0	0	0	nan	0.00	0.02	3.67	86.85	89.13	0.00	42	0	42	0.00	0.00	68.07	8.15	0.00	0.00	2000
222	10.74	2103	2064	0.00	201	0	0	0	nan	0.01	0.00	3.33	84.47	89.26	0.00	42	0	42	0.00	0.00	64.91	7.42	0.00	0.00	2000
231	10.94	2078	2134	0.00	221	0	0	0	nan	0.00	0.01	3.38	87.19	89.06	0.00	42	0	42	0.00	0.00	68.10	7.85	0.00	0.00	2000
225	10.76	2127	2064	0.00	205	0	0	0	nan	0.00	0.03	3.89	83.86	89.24	0.00	42	0	42	0.00	0.00	64.66	7.50	0.00	0.00	2000
231	10.82	2118	2115	0.00	213	0	0	0	nan	0.01	0.02	3.57	86.27	89.18	0.00	42	0	42	0.00	0.00	67.11	7.69	0.00	0.00	2000
228	10.77	2107	2113	0.00	203	0	0	0	nan	0.00	0.00	3.32	86.53	89.23	0.00	42	0	42	0.00	0.00	66.94	7.75	0.00	0.00	2000
226	11.16	2046	2074	0.00	202	0	0	0	nan	0.00	0.02	2.94	84.85	88.84	0.00	41	0	42	0.00	0.00	64.54	7.69	0.00	0.00	2000
225	11.04	2043	2100	0.00	222	0	0	0	nan	0.00	0.00	4.36	84.67	88.96	0.00	42	0	42	0.00	0.00	66.39	7.84	0.00	0.00	2000
236	10.98	2110	2137	0.00	203	0	0	0	nan	0.00	0.02	3.88	86.80	89.02	0.00	42	0	42	0.00	0.00	66.01	7.75	0.00	0.00	2000
226	10.79	2095	2099	0.00	229	0	0	0	nan	0.00	0.00	2.63	86.70	89.21	0.00	42	0	42	0.00	0.00	69.28	7.98	0.00	0.00	2000
224	10.99	2070	2066	0.00	203	0	0	0	nan	0.00	0.00	3.21	84.48	89.01	0.00	42	0	42	0.00	0.00	64.73	7.46	0.00	0.00	2000
227	11.08	2043	2104	0.00	206	0	0	0	nan	0.00	0.01	3.16	86.02	88.92	0.00	42	0	42	0.00	0.00	66.69	7.72	0.00	0.00	2000
234	10.76	2145	2130	0.00	220	0	0	0	nan	0.00	0.00	3.94	86.60	89.24	0.00	42	0	42	0.00	0.00	68.37	7.90	0.00	0.00	2000
228	10.57	2154	2101	0.17	213	0	0	5	28.70	0.00	0.02	3.54	86.01	89.43	0.00	42	0	42	0.00	0.00	67.82	7.89	0.00	0.00	2000
224	10.93	2078	2068	1.39	203	0	0	8	24.31	0.00	0.00	3.08	84.69	89.07	0.00	42	0	42	0.00	0.00	64.60	7.66	0.00	0.00	2000
228	11.08	2050	2111	0.00	202	0	0	0	nan	0.00	0.01	4.00	85.47	88.92	0.00	42	0	42	0.00	0.00	66.86	7.84	0.00	0.00	2000
229	11.00	2079	2099	0.00	203	0	0	0	nan	0.00	0.02	3.59	85.46	89.00	0.00	42	0	42	0.00	0.00	66.58	7.86	0.00	0.00	2000
231	11.17	2043	2123	0.00	202	0	0	0	nan	0.00	0.02	2.77	87.17	88.83	0.00	42	0	42	0.00	0.00	67.77	7.82	0.00	0.00	2000
227	10.90	2104	2078	0.00	212	0	0	0	nan	0.00	0.00	3.87	84.38	89.10	0.00	42	0	42	0.00	0.00	65.73	7.51	0.00	0.00	2000
231	11.08	2065	2124	0.00	203	0	0	0	nan	0.00	0.02	2.79	87.17	88.92	0.00	42	0	42	0.00	0.00	67.65	8.00	0.00	0.00	2000
240	11.45	2133	2069	0.00	203	0	0	0	nan	0.00	0.00	3.82	83.46	88.55	0.00	42	0	42	0.00	0.00	65.62	7.51	0.00	0.00	2000
225	10.72	2104	2095	0.00	219	0	0	0	nan	0.00	0.00	3.24	85.83	89.28	0.00	42	0	42	0.00	0.00	66.15	7.63	0.00	0.00	2000
234	11.07	2095	2117	0.00	206	0	0	0	nan	0.00	0.03	5.12	84.60	88.93	0.00	42	0	42	0.00	0.00	67.52	8.00	0.00	0.00	2000
228	10.87	2096	2099	0.00	214	0	0	0	nan	0.00	0.00	3.44	85.70	89.14	0.00	42	0	42	0.00	0.00	66.41	7.85	0.00	0.00	2000
226	10.96	2077	2088	0.00	203	0	0	0	nan	0.00	0.00	3.21	85.40	89.04	0.00	42	0	42	0.00	0.00	66.16	7.74	0.00	0.00	2000
241	11.37	2109	2110	0.00	203	0	0	0	nan	0.01	0.02	3.55	85.58	88.63	0.00	42	0	42	0.00	0.00	67.19	7.90	0.00	0.00	2000
231	11.10	2058	2120	0.00	222	0	0	0	nan	0.01	0.00	5.07	84.78	88.90	0.00	42	0	42	0.00	0.00	67.86	7.85	0.00	0.00	2000
230	11.03	2090	2093	0.00	203	0	0	0	nan	0.00	0.02	4.15	84.59	88.97	0.00	42	0	42	0.00	0.00	66.76	7.76	0.00	0.00	2000
225	11.16	2045	2071	0.00	211	0	0	0	nan	0.00	0.00	3.47	84.26	88.84	0.00	42	0	42	0.00	0.00	63.66	7.47	0.00	0.00	2000
228	10.83	2097	2106	0.00	203	0	0	0	nan	0.00	0.02	3.57	85.93	89.17	0.00	42	0	42	0.00	0.00	66.05	7.89	0.00	0.00	2000
226	10.91	2077	2097	0.36	219	0	0	6	23.85	0.00	0.00	3.53	85.49	89.09	0.00	42	0	42	0.00	0.00	68.72	8.14	0.00	0.00	2000
231	11.10	2063	2120	1.19	202	0	0	7	34.90	0.00	0.01	3.82	86.04	88.90	0.00	42	0	42	0.00	0.00	65.62	7.69	0.00	0.00	2000
230	10.86	2123	2094	0.00	213	0	0	0	nan	0.00	0.00	3.47	85.51	89.14	0.00	42	0	42	0.00	0.00	66.58	7.92	0.00	0.00	2000
226	10.91	2083	2088	0.00	204	0	0	0	nan	0.00	0.00	2.87	85.77	89.09	0.00	42	0	42	0.00	0.00	66.00	7.75	0.00	0.00	2000
226	11.05	2052	2098	0.00	218	0	0	0	nan	0.00	0.00	3.48	85.47	88.95	0.00	42	0	42	0.00	0.00	66.48	7.82	0.00	0.00	2000
233	10.82	2116	2136	0.00	203	0	0	0	nan	0.00	0.02	3.92	86.74	89.18	0.00	42	0	42	0.00	0.00	68.11	8.09	0.00	0.00	2000
226	10.82	2119	2072	0.00	205	0	0	0	nan	0.00	0.01	3.97	84.04	89.18	0.00	42	0	42	0.00	0.00	65.16	7.81	0.00	0.00	2000
232	10.81	2115	2129	0.00	213	0	0	0	nan	0.00	0.02	3.27	87.10	89.19	0.00	42	0	42	0.00	0.00	67.86	7.99	0.00	0.00	2000
224	10.75	2115	2069	0.00	204	0	0	0	nan	0.00	0.00	3.30	84.66	89.25	0.00	42	0	42	0.00	0.00	65.32	7.68	0.00	0.00	2000
230	10.42	2184	2121	0.00	203	0	0	0	nan	0.01	0.00	3.28	87.14	89.58	0.00	42	0	42	0.00	0.00	67.70	8.01	0.00	0.00	2000
232	11.08	2077	2115	0.00	205	0	0	0	nan	0.00	0.01	3.46	86.14	88.92	0.00	42	0	42	0.00	0.00	67.64	7.89	0.00	0.00	2000
226	10.98	2063	2098	0.00	201	0	0	0	nan	0.00	0.00	3.45	85.58	89.02	0.00	42	0	42	0.00	0.00	66.11	7.85	0.00	0.00	2000
229	10.98	2104	2080	0.00	216	0	0	0	nan	0.00	0.01	4.40	83.83	89.02	0.00	42	0	42	0.00	0.00	65.55	7.56	0.00	0.00	2000
231	11.03	2076	2123	0.00	204	0	0	0	nan	0.00	0.00	3.43	86.50	88.97	0.00	42	0	42	0.00	0.00	67.48	8.10	0.00	0.00	2000
228	11.11	2063	2093	0.00	205	0	0	0	nan	0.00	0.00	3.82	84.89	88.89	0.00	42	0	42	0.00	0.00	64.10	7.53	0.00	0.00	2000
226	10.60	2152	2084	0.00	203	0	0	0	nan	0.00	0.00	3.17	85.58	89.40	0.00	42	0	42	0.00	0.00	68.71	8.01	0.00	0.00	2000
231	11.05	2073	2119	0.00	203	0	0	0	nan	0.00	0.00	3.19	86.65	88.95	0.00	41	0	42	0.00	0.00	67.70	8.09	0.00	0.00	2000
231	11.18	2064	2097	0.19	214	0	0	5	35.85	0.00	0.00	3.57	85.22	88.82	0.00	42	0	42	0.00	0.00	66.16	7.82	0.00	0.00	2000
226	11.03	2072	2080	1.37	205	0	0	8	30.85	0.00	0.00	3.66	84.51	88.97	0.00	42	0	42	0.00	0.00	65.32	7.59	0.00	0.00	2000
229	10.77	2110	2114	0.00	204	0	0	0	nan	0.00	0.01	3.59	86.28	89.23	0.00	42	0	42	0.00	0.00	67.44	8.01	0.00	0.00	2000
229	11.05	2069	2103	0.00	203	0	0	0	nan	0.00	0.04	2.98	86.14	88.95	0.00	42	0	42	0.00	0.00	66.51	7.83	0.00	0.00	2000
228	10.64	2143	2098	0.00	203	0	0	0	nan	0.00	0.00	3.10	86.18	89.36	0.00	42	0	42	0.00	0.00	63.84	7.44	0.00	0.00	2000
234	10.71	2168	2112	0.00	204	0	0	0	nan	0.00	0.00	3.29	86.46	89.29	0.00	42	0	42	0.00	0.00	70.64	8.37	0.00	0.00	2000
223	10.66	2126	2067	0.00	213	0	0	0	nan	0.00	0.00	3.19	84.82	89.34	0.00	42	0	42	0.00	0.00	64.97	7.59	0.00	0.00	2000
226	10.96	2063	2100	0.00	219	0	0	0	nan	0.00	0.00	3.16	85.94	89.04	0.00	42	0	42	0.00	0.00	66.68	7.92	0.00	0.00	2000
229	10.85	2091	2116	0.00	201	0	0	0	nan	0.00	0.02	3.47	86.41	89.15	0.00	42	0	42	0.00	0.00	67.46	7.79	0.00	0.00	2000
232	10.96	2103	2118	0.00	204	0	0	0	nan	0.00	0.02	3.52	86.33	89.04	0.00	42	0	42	0.00	0.00	67.53	7.96	0.00	0.00	2000
225	11.00	2075	2067	0.00	211	0	0	0	nan	0.00	0.00	3.75	83.96	89.00	0.00	42	0	42	0.00	0.00	65.16	7.78	0.00	0.00	2000
226	10.97	2062	2101	0.00	219	0	0	0	nan	0.00	0.00	3.24	85.97	89.03	0.00	42	0	42	0.00	0.00	66.53	7.86	0.00	0.00	2000
229	10.85	2094	2115	0.00	202	0	0	0	nan	0.00	0.00	3.46	86.41	89.15	0.00	42	0	42	0.00	0.00	67.12	7.83	0.00	0.00	2000
231	11.03	2085	2108	0.00	205	0	0	0	nan	0.00	0.00	3.37	86.01	88.97	0.00	41	0	42	0.00	0.00	63.58	7.46	0.00	0.00	2000
228	11.08	2070	2086	0.00	202	0	0	0	nan	0.00	0.00	3.32	85.09	88.92	0.00	42	0	42	0.00	0.00	65.94	7.65	0.00	0.00	2000
229	10.74	2121	2113	0.00	213	0	0	0	nan	0.00	0.01	3.29	86.66	89.26	0.00	43	0	43	0.00	0.00	67.39	7.73	0.00	0.00	2000
225	10.95	2078	2074	0.00	205	0	0	0	nan	0.00	0.06	3.10	84.92	89.05	0.00	42	0	42	0.00	0.00	65.17	7.64	0.00	0.00	2000
228	11.16	2042	2106	0.36	204	0	0	6	22.99	0.00	0.02	3.23	86.00	88.84	0.00	42	0	42	0.00	0.00	66.68	7.77	0.00	0.00	2000
228	10.67	2136	2097	1.19	221	0	0	7	29.84	0.00	0.00	3.61	85.59	89.33	0.00	42	0	42	0.00	0.00	66.28	7.85	0.00	0.00	2000
231	11.05	2096	2099	0.00	203	0	0	0	nan	0.01	0.02	3.94	85.06	88.95	0.00	42	0	42	0.00	0.00	66.74	7.78	0.00	0.00	2000
226	10.86	2077	2109	0.00	231	0	0	0	nan	0.00	0.00	3.59	85.92	89.14	0.00	42	0	42	0.00	0.00	66.86	7.74	0.00	0.00	2000
231	10.76	2134	2117	0.00	204	0	0	0	nan	0.00	0.00	4.02	86.01	89.24	0.00	42	0	42	0.00	0.00	67.98	7.80	0.00	0.00	2000
228	10.69	2130	2098	0.00	204	0	0	0	nan	0.00	0.00	3.34	85.97	89.31	0.00	41	0	42	0.00	0.00	66.16	7.87	0.00	0.00	2000
229	10.88	2101	2101	0.00	203	0	0	0	nan	0.00	0.04	3.44	85.78	89.12	0.00	42	0	42	0.00	0.00	66.36	7.64	0.00	0.00	2000
229	11.00	2096	2088	0.00	214	0	0	0	nan	0.00	0.02	3.29	85.18	89.00	0.00	42	0	42	0.00	0.00	65.75	7.49	0.00	0.00	2000
227	10.77	2109	2100	0.00	205	0	0	0	nan	0.00	0.00	3.43	85.89	89.23	0.00	42	0	42	0.00	0.00	66.67	7.73	0.00	0.00	2000
225	10.99	2063	2088	0.00	221	0	0	0	nan	0.00	0.00	3.16	85.41	89.01	0.00	42	0	42	0.00	0.00	66.13	7.64	0.00	0.00	2000
231	10.84	2107	2126	0.00	203	0	0	0	nan	0.00	0.02	3.56	86.76	89.16	0.00	42	0	42	0.00	0.00	67.80	7.92	0.00	0.00	2000
227	11.08	2062	2090	0.00	204	0	0	0	nan	0.00	0.00	3.10	85.47	88.92	0.00	42	0	42	0.00	0.00	66.25	7.67	0.00	0.00	2000
230	10.85	2111	2109	0.00	211	0	0	0	nan	0.00	0.00	3.25	86.37	89.15	0.00	42	0	42	0.00	0.00	67.04	7.62	0.00	0.00	2000
225	10.99	2069	2074	0.00	204	0	0	0	nan	0.00	0.02	3.55	84.47	89.01	0.00	42	0	42	0.00	0.00	65.22	7.63	0.00	0.00	2000
226	11.02	2050	2101	0.00	219	0	0	0	nan	0.00	0.00	3.16	85.94	88.98	0.00	42	0	42	0.00	0.00	66.44	7.81	0.00	0.00	2000
229	11.07	2055	2115	0.00	205	0	0	0	nan	0.00	0.00	3.62	86.02	88.93	0.00	42	0	42	0.00	0.00	67.89	7.92	0.00	0.00	2000
232	11.17	2071	2102	0.00	203	0	0	0	nan	0.00	0.02	3.34	85.64	88.83	0.00	42	0	42	0.00	0.00	67.42	7.87	0.00	0.00	2000
225	10.83	2094	2086	0.58	214	0	0	8	23.51	0.00	0.01	3.42	85.16	89.17	0.00	42	0	42	0.00	0.00	66.42	7.74	0.00	0.00	2000
233	10.95	2097	2134	1.04	203	0	0	5	32.86	0.00	0.02	3.52	87.00	89.05	0.00	42	0	42	0.00	0.00	68.70	8.02	0.00	0.00	2000
224	10.91	2082	2068	0.00	205	0	0	0	nan	0.00	0.00	4.67	83.11	89.09	0.00	42	0	42	0.00	0.00	65.12	7.76	0.00	0.00	2000
231	10.90	2090	2133	0.00	221	0	0	0	nan	0.00	0.00	3.27	87.20	89.10	0.00	42	0	42	0.00	0.00	67.98	8.03	0.00	0.00	2000
228	11.02	2081	2090	0.00	204	0	0	0	nan	0.00	0.00	4.43	84.18	88.98	0.00	42	0	42	0.00	0.00	67.40	7.88	0.00	0.00	2000
228	10.88	2097	2099	0.00	211	0	0	0	nan	0.00	0.01	2.87	86.30	89.12	0.00	42	0	42	0.00	0.00	65.92	7.54	0.00	0.00	2000
228	10.83	2101	2108	0.00	203	0	0	0	nan	0.00	0.00	2.78	86.83	89.17	0.00	42	0	42	0.00	0.00	66.81	7.80	0.00	0.00	2000
228	11.22	2036	2100	0.00	201	0	0	0	nan	0.00	0.00	3.27	85.61	88.78	0.00	42	0	42	0.00	0.00	66.39	7.78	0.00	0.00	2000
223	11.04	2047	2070	0.00	201	0	0	0	nan	0.00	0.00	3.75	84.10	88.96	0.00	42	0	42	0.00	0.00	64.90	7.65	0.00	0.00	2000
235	10.95	2118	2132	0.00	202	0	0	0	nan	0.00	0.00	3.53	86.93	89.05	0.00	42	0	42	0.00	0.00	68.46	7.81	0.00	0.00	2000
226	10.56	2151	2086	0.00	212	0	0	0	nan	0.00	0.00	3.47	85.36	89.44	0.00	42	0	42	0.00	0.00	66.29	7.62	0.00	0.00	2000
228	10.93	2100	2091	0.00	203	0	0	0	nan	0.00	0.01	2.96	85.78	89.07	0.00	42	0	42	0.00	0.00	66.09	7.73	0.00	0.00	2000
227	10.89	2096	2090	0.00	204	0	0	0	nan	0.01	0.00	3.26	85.42	89.11	0.00	41	0	42	0.00	0.00	66.57	7.80	0.00	0.00	2000
231	10.84	2100	2131	0.00	203	0	0	0	nan	0.00	0.00	3.33	87.17	89.16	0.00	42	0	42	0.00	0.00	68.27	7.99	0.00	0.00	2000
229	10.99	2082	2098	0.00	229	0	0	0	nan	0.00	0.00	3.69	85.30	89.01	0.00	42	0	42	0.00	0.00	66.59	7.73	0.00	0.00	2000
224	10.99	2069	2070	0.00	202	0	0	0	nan	0.00	0.00	3.52	84.38	89.01	0.00	42	0	42	0.00	0.00	65.30	7.63	0.00	0.00	2000
232	10.94	2094	2131	0.00	204	0	0	0	nan	0.00	0.00	3.69	86.68	89.06	0.00	42	0	42	0.00	0.00	68.48	7.99	0.00	0.00	2000
223	10.60	2141	2068	0.59	203	0	0	7	20.11	0.00	0.02	3.36	84.69	89.40	0.00	42	0	42	0.00	0.00	64.86	7.44	0.00	0.00	2000
227	11.11	2049	2097	0.94	220	0	0	5	35.80	0.00	0.02	3.59	85.23	88.89	0.00	42	0	42	0.00	0.00	66.53	7.63	0.00	0.00	2000
230	10.93	2091	2116	0.00	212	0	0	0	nan	0.00	0.03	4.03	85.75	89.07	0.00	42	0	43	0.00	0.00	67.53	7.81	0.00	0.00	2000
226	11.19	2035	2085	0.00	202	0	0	0	nan	0.00	0.00	3.65	84.62	88.81	0.00	42	0	42	0.00	0.00	65.66	7.75	0.00	0.00	2000
228	11.09	2054	2105	0.00	220	0	0	0	nan	0.00	0.01	3.53	85.68	88.91	0.00	42	0	42	0.00	0.00	67.10	7.93	0.00	0.00	2000
224	11.49	2082	1969	0.00	222	0	0	0	nan	0.00	0.01	4.79	78.20	88.51	0.00	42	0	42	0.00	0.00	61.10	7.22	0.00	0.00	2000
267	11.72	2136	2236	0.00	243	0	0	0	nan	0.00	0.00	5.59	88.53	88.28	0.00	42	0	42	0.00	0.00	71.66	8.38	0.00	0.00	2000
230	10.78	2118	2115	0.00	202	0	0	0	nan	0.01	0.02	2.04	87.82	89.22	0.00	42	0	42	0.00	0.00	68.80	8.06	0.00	0.00	2000
227	10.78	2117	2094	0.00	202	0	0	0	nan	0.00	0.00	3.07	85.91	89.22	0.00	42	0	42	0.00	0.00	66.44	7.62	0.00	0.00	2000
230	11.09	2062	2110	0.00	202	0	0	0	nan	0.00	0.00	3.58	85.80	88.91	0.00	42	0	42	0.00	0.00	67.44	7.87	0.00	0.00	2000
230	10.83	2111	2109	0.00	232	0	0	0	nan	0.00	0.00	3.63	86.06	89.17	0.00	42	0	42	0.00	0.00	67.18	7.99	0.00	0.00	2000
229	11.29	2022	2109	0.00	204	0	0	0	nan	0.03	0.02	3.01	86.22	88.71	0.00	42	0	42	0.00	0.00	67.10	7.75	0.00	0.00	2000
231	10.79	2142	2104	0.00	204	0	0	0	nan	0.00	0.02	3.35	86.04	89.21	0.00	42	0	42	0.00	0.00	64.54	7.59	0.00	0.00	2000
225	10.63	2129	2089	0.00	203	0	0	0	nan	0.00	0.00	3.11	85.93	89.37	0.00	42	0	42	0.00	0.00	65.94	7.71	0.00	0.00	2000
228	10.74	2143	2077	0.00	203	0	0	0	nan	0.00	0.02	2.76	85.58	89.26	0.00	42	0	42	0.00	0.00	65.99	7.89	0.00	0.00	2000
229	10.96	2089	2102	0.00	211	0	0	0	nan	0.00	0.00	3.57	85.62	89.04	0.00	42	0	42	0.00	0.00	69.01	8.07	0.00	0.00	2000
232	11.04	2071	2128	0.00	220	0	0	0	nan	0.00	0.00	3.40	86.80	88.96	0.00	42	0	42	0.00	0.00	65.87	7.71	0.00	0.00	2000
227	10.84	2093	2105	1.59	203	0	0	11	14.30	0.00	0.02	3.44	85.95	89.16	0.00	42	0	42	0.00	0.00	66.84	7.91	0.00	0.00	2000
231	11.02	2094	2100	0.07	203	0	0	0	nan	0.00	0.00	3.32	85.67	88.98	0.00	42	0	42	0.00	0.00	66.46	7.84	0.00	0.00	2000
226	11.04	2075	2076	0.00	202	0	0	0	nan	0.00	0.00	3.54	84.40	88.96	0.00	42	0	42	0.00	0.00	65.42	7.78	0.00	0.00	2000
230	10.80	2118	2108	0.00	214	0	0	0	nan	0.00	0.00	3.32	86.27	89.20	0.00	42	0	42	0.00	0.00	67.17	7.97	0.00	0.00	2000
243	11.53	2127	2079	0.00	242	0	0	0	nan	0.00	0.61	5.41	81.69	88.47	0.00	42	0	42	0.00	0.00	65.73	7.78	0.00	0.00	2000
229	10.91	2088	2110	0.00	230	0	0	0	nan	0.00	0.00	6.83	82.79	89.09	0.00	42	0	42	0.00	0.00	67.28	8.13	0.00	0.00	2000
228	10.55	2159	2104	0.00	220	0	0	0	nan	0.00	0.00	3.33	86.33	89.45	0.00	42	0	42	0.00	0.00	66.88	7.92	0.00	0.00	2000
230	10.92	2108	2100	0.00	208	0	0	0	nan	0.00	0.03	3.73	85.46	89.08	0.00	42	0	42	0.00	0.00	66.17	8.01	0.00	0.00	2000
229	10.50	2171	2109	0.00	212	0	0	0	nan	0.00	0.00	2.74	87.18	89.50	0.00	42	0	42	0.00	0.00	66.91	7.70	0.00	0.00	2000
226	11.14	2050	2080	0.00	203	0	0	0	nan	0.00	0.02	3.08	85.05	88.86	0.00	42	0	42	0.00	0.00	65.32	7.70	0.00	0.00	2000
227	10.80	2100	2099	0.00	218	0	0	0	nan	0.00	0.00	2.90	86.24	89.20	0.00	42	0	42	0.00	0.00	66.65	7.83	0.00	0.00	2000
235	11.20	2067	2130	0.00	204	0	0	0	nan	0.00	0.00	3.91	86.26	88.80	0.00	42	0	42	0.00	0.00	68.03	7.83	0.00	0.00	2000
223	10.75	2107	2071	0.00	228	0	0	0	nan	0.00	0.00	3.43	84.61	89.25	0.00	42	0	42	0.00	0.00	65.45	7.66	0.00	0.00	2000
230	10.77	2125	2110	0.00	203	0	0	0	nan	0.00	0.00	3.20	86.50	89.23	0.00	42	0	42	0.00	0.00	67.12	7.81	0.00	0.00	2000
227	10.82	2098	2099	0.00	204	0	0	0	nan	0.00	0.00	2.90	86.30	89.18	0.00	42	0	42	0.00	0.00	66.59	7.49	0.00	0.00	2000
235	11.16	2103	2099	0.00	221	0	0	0	nan	0.00	0.02	6.46	82.42	88.84	0.00	42	0	42	0.00	0.00	66.65	7.80	0.00	0.00	2000
231	11.02	2076	2120	0.00	220	0	0	0	88.83	0.00	0.02	3.21	86.65	88.98	0.00	42	0	42	0.00	0.00	68.40	7.90	0.00	0.00	2000
224	10.56	2153	2067	1.63	213	0	0	11	15.34	0.00	0.00	3.40	84.65	89.44	0.00	42	0	42	0.00	0.00	64.33	7.46	0.00	0.00	2000
230	10.94	2079	2119	0.05	202	0	0	0	nan	0.00	0.01	4.02	85.96	89.06	0.00	42	0	42	0.00	0.00	67.58	7.98	0.00	0.00	2000
230	10.71	2144	2105	0.00	204	0	0	0	nan	0.00	0.02	3.91	85.66	89.29	0.00	42	0	42	0.00	0.00	66.78	7.98	0.00	0.00	2000
224	10.96	2065	2077	0.00	203	0	0	0	nan	0.00	0.02	2.65	85.50	89.04	0.00	42	0	42	0.00	0.00	66.05	7.61	0.00	0.00	2000
237	11.05	2106	2137	0.00	203	0	0	0	nan	0.00	0.03	4.36	86.20	88.95	0.00	42	0	42	0.00	0.00	68.33	8.21	0.00	0.00	2000
222	10.88	2077	2066	0.00	210	0	0	0	nan	0.00	0.00	3.77	84.00	89.12	0.00	42	0	42	0.00	0.00	65.36	7.53	0.00	0.00	2000
227	10.89	2083	2105	0.00	204	0	0	0	nan	0.00	0.02	4.01	85.28	89.11	0.00	42	0	42	0.00	0.00	66.89	7.85	0.00	0.00	2000
232	11.00	2076	2131	0.00	219	0	0	0	nan	0.00	0.02	3.16	87.17	89.00	0.00	42	0	42	0.00	0.00	67.86	8.01	0.00	0.00	2000
227	10.76	2124	2090	0.00	203	0	0	0	nan	0.00	0.00	3.50	85.40	89.24	0.00	42	0	42	0.00	0.00	66.44	7.75	0.00	0.00	2000
230	11.12	2065	2107	0.00	213	0	0	0	nan	0.00	0.00	3.60	85.65	88.88	0.00	42	0	42	0.00	0.00	67.08	7.84	0.00	0.00	2000
225	10.90	2092	2070	0.00	204	0	0	0	nan	0.00	0.00	3.75	84.24	89.10	0.00	42	0	42	0.00	0.00	65.27	7.62	0.00	0.00	2000
228	10.78	2117	2100	0.00	206	0	0	0	nan	0.00	0.00	4.43	84.86	89.22	0.00	42	0	42	0.00	0.00	66.24	7.87	0.00	0.00	2000
226	10.89	2082	2097	0.00	219	0	0	0	nan	0.00	0.02	3.25	85.76	89.11	0.00	42	0	42	0.00	0.00	66.78	7.74	0.00	0.00	2000
229	10.99	2084	2099	0.00	203	0	0	0	nan	0.00	0.02	3.89	85.19	89.01	0.00	42	0	42	0.00	0.00	66.20	7.70	0.00	0.00	2000
233	11.07	2085	2119	0.00	215	0	0	0	nan	0.00	0.03	3.73	86.09	88.93	0.00	42	0	42	0.00	0.00	67.54	7.90	0.00	0.00	2000
226	11.14	2040	2084	0.00	201	0	0	0	nan	0.00	0.02	2.85	85.41	88.86	0.00	42	0	42	0.00	0.00	65.68	7.75	0.00	0.00	2000
228	11.00	2059	2109	0.00	219	0	0	2	38.67	0.00	0.02	3.52	85.85	89.00	0.00	42	0	42	0.00	0.00	67.04	7.82	0.00	0.00	2000
231	11.04	2068	2126	1.66	203	0	0	11	23.38	0.00	0.00	2.72	87.39	88.96	0.00	42	0	42	0.00	0.00	64.84	7.66	0.00	0.00	2000
231	11.08	2091	2099	0.03	203	0	0	0	nan	0.00	0.00	3.64	85.23	88.92	0.00	42	0	42	0.00	0.00	69.96	8.24	0.00	0.00	2000
223	10.82	2095	2069	0.00	213	0	0	0	nan	0.00	0.00	3.35	84.52	89.18	0.00	42	0	42	0.00	0.00	62.34	7.28	0.00	0.00	2000
227	10.79	2111	2094	0.00	203	0	0	0	nan	0.00	0.00	3.13	85.85	89.21	0.00	42	0	42	0.00	0.00	66.54	7.91	0.00	0.00	2000
229	11.10	2062	2102	0.00	221	0	0	0	nan	0.00	0.02	3.86	85.26	88.90	0.00	41	0	42	0.00	0.00	66.51	7.93	0.00	0.00	2000
230	11.13	2056	2110	0.00	220	0	0	0	nan	0.00	0.01	4.08	85.27	88.87	0.00	42	0	42	0.00	0.00	66.93	7.87	0.00	0.00	2000
228	10.74	2118	2102	0.00	214	0	0	0	nan	0.00	0.00	3.18	86.12	89.26	0.00	42	0	42	0.00	0.00	66.69	7.88	0.00	0.00	2000
226	10.65	2125	2096	0.00	203	0	0	0	nan	0.00	0.00	3.26	86.02	89.35	0.00	42	0	42	0.00	0.00	66.52	7.85	0.00	0.00	2000
228	10.72	2124	2104	0.00	220	0	0	0	nan	0.00	0.03	3.15	86.36	89.28	0.00	42	0	42	0.00	0.00	66.61	7.86	0.00	0.00	2000
232	10.97	2093	2124	0.00	204	0	0	0	nan	0.00	0.02	3.31	86.69	89.03	0.00	42	0	42	0.00	0.00	68.00	7.77	0.00	0.00	2000
229	11.41	2009	2099	0.00	204	0	0	0	nan	0.00	0.00	3.50	85.15	88.59	0.00	42	0	42	0.00	0.00	66.24	7.87	0.00	0.00	2000
226	10.89	2096	2078	0.00	213	0	0	0	nan	0.00	0.00	3.17	85.05	89.11	0.00	42	0	42	0.00	0.00	65.84	7.67	0.00	0.00	2000
230	10.95	2087	2112	0.00	204	0	0	0	nan	0.00	0.01	2.88	86.69	89.05	0.00	42	0	42	0.00	0.00	67.21	7.90	0.00	0.00	2000
225	10.98	2074	2077	0.00	203	0	0	0	nan	0.00	0.00	3.09	85.04	89.02	0.00	41	0	42	0.00	0.00	65.00	7.65	0.00	0.00	2000
228	11.13	2048	2099	0.00	222	0	0	0	nan	0.00	0.01	4.88	84.04	88.87	0.00	42	0	42	0.00	0.00	67.37	7.83	0.00	0.00	2000
233	11.20	2064	2114	0.00	205	0	0	0	nan	0.00	0.00	3.91	85.63	88.80	0.00	42	0	42	0.00	0.00	66.35	7.90	0.00	0.00	2000
225	11.09	2039	2089	0.19	213	0	0	5	28.91	0.00	0.00	2.66	85.91	88.91	0.00	42	0	42	0.00	0.00	65.79	7.67	0.00	0.00	2000
232	10.90	2096	2132	1.28	218	0	0	7	25.54	0.00	0.00	3.21	87.21	89.10	0.00	42	0	42	0.00	0.00	68.28	7.81	0.00	0.00	2000
224	10.96	2072	2069	0.00	204	0	0	0	nan	0.00	0.00	3.36	84.43	89.04	0.00	42	0	42	0.00	0.00	65.10	7.71	0.00	0.00	2000
232	10.81	2134	2116	0.00	203	0	0	0	nan	0.00	0.03	3.47	86.35	89.19	0.00	42	0	42	0.00	0.00	67.83	7.92	0.00	0.00	2000
226	10.88	2094	2078	0.00	213	0	0	0	nan	0.00	0.01	2.87	85.36	89.12	0.00	42	0	42	0.00	0.00	65.40	7.80	0.00	0.00	2000
228	10.84	2088	2115	0.00	219	0	0	0	nan	0.00	0.02	4.10	85.77	89.16	0.00	42	0	42	0.00	0.00	67.35	7.98	0.00	0.00	2000
226	11.03	2061	2092	0.00	204	0	0	0	nan	0.00	0.02	2.81	85.84	88.97	0.00	42	0	42	0.00	0.00	66.13	7.79	0.00	0.00	2000
229	11.05	2062	2111	0.00	204	0	0	0	nan	0.00	0.00	3.02	86.46	88.95	0.00	42	0	42	0.00	0.00	66.95	7.99	0.00	0.00	2000
232	11.11	2073	2117	0.00	203	0	0	0	nan	0.00	0.00	3.04	86.71	88.89	0.00	42	0	42	0.00	0.00	67.32	7.87	0.00	0.00	2000
226	11.09	2057	2077	0.00	211	0	0	0	nan	0.00	0.00	3.20	84.76	88.91	0.00	42	0	42	0.00	0.00	65.42	7.59	0.00	0.00	2000
227	10.84	2095	2102	0.00	205	0	0	0	nan	0.00	0.02	3.45	85.84	89.16	0.00	42	0	42	0.00	0.00	66.65	7.76	0.00	0.00	2000
230	10.87	2108	2102	0.00	204	0	0	0	nan	0.01	0.02	3.16	86.20	89.13	0.00	42	0	42	0.00	0.00	64.16	7.91	0.00	0.00	2000
225	10.63	2131	2087	0.00	204	0	0	0	nan	0.00	0.00	2.90	85.86	89.37	0.00	42	0	42	0.00	0.00	68.94	7.72	0.00	0.00	2000
232	11.01	2093	2115	0.00	203	0	0	0	nan	0.00	0.00	3.89	85.75	88.99	0.00	42	0	42	0.00	0.00	67.38	7.75	0.00	0.00	2000
232	11.10	2073	2117	0.00	214	0	0	0	nan	0.00	0.02	3.87	85.71	88.90	0.00	42	0	42	0.00	0.00	67.44	7.94	0.00	0.00	2000
226	10.75	2118	2081	0.00	203	0	0	0	nan	0.00	0.00	3.20	85.38	89.25	0.00	42	0	42	0.00	0.00	65.67	7.73	0.00	0.00	2000
229	10.91	2084	2112	0.00	204	0	0	0	nan	0.00	0.02	2.81	86.85	89.09	0.00	42	0	42	0.00	0.00	67.25	7.83	0.00	0.00	2000
236	11.64	2044	2078	0.19	203	0	0	6	29.95	0.00	0.00	3.44	84.12	88.36	0.00	42	0	42	0.00	0.00	65.74	7.80	0.00	0.00	2000
233	11.19	2049	2132	1.38	206	0	0	9	32.71	0.00	0.02	4.18	86.09	88.81	0.00	42	0	42	0.00	0.00	68.14	8.00	0.00	0.00	2000
229	10.77	2138	2090	0.00	214	0	0	0	nan	0.00	0.00	3.57	85.37	89.23	0.00	42	0	42	0.00	0.00	65.99	7.72	0.00	0.00	2000
226	10.93	2076	2089	0.00	202	0	0	0	nan	0.00	0.02	2.92	85.76	89.07	0.00	42	0	42	0.00	0.00	65.99	7.68	0.00	0.00	2000
229	10.93	2091	2108	0.00	203	0	0	0	nan	0.00	0.02	3.20	86.22	89.07	0.00	42	0	42	0.00	0.00	67.30	7.84	0.00	0.00	2000
225	11.01	2060	2083	0.00	203	0	0	0	nan	0.00	0.00	2.99	85.33	88.99	0.00	42	0	42	0.00	0.00	65.67	7.62	0.00	0.00	2000
239	11.26	2105	2116	0.00	204	0	0	0	nan	0.00	0.00	3.88	85.69	88.74	0.00	42	0	42	0.00	0.00	67.36	8.03	0.00	0.00	2000
229	11.11	2069	2089	0.00	214	0	0	0	nan	0.00	0.02	3.38	85.16	88.89	0.00	42	0	42	0.00	0.00	66.32	7.81	0.00	0.00	2000
228	10.79	2111	2101	0.00	222	0	0	0	nan	0.00	0.00	3.54	85.82	89.21	0.00	42	0	42	0.00	0.00	64.47	7.72	0.00	0.00	2000
232	11.12	2061	2126	0.00	205	0	0	0	nan	0.00	0.00	3.63	86.38	88.88	0.00	42	0	42	0.00	0.00	68.36	7.73	0.00	0.00	2000
226	10.76	2114	2087	0.00	205	0	0	0	nan	0.00	0.00	3.89	84.83	89.24	0.00	42	0	42	0.00	0.00	66.01	7.71	0.00	0.00	2000
228	10.82	2116	2091	0.00	204	0	0	0	nan	0.01	0.00	3.28	85.41	89.18	0.00	42	0	42	0.00	0.00	66.02	7.84	0.00	0.00	2000
228	10.98	2077	2097	0.00	215	0	0	0	nan	0.00	0.00	3.22	85.77	89.02	0.00	42	0	42	0.00	0.00	66.50	7.81	0.00	0.00	2000
230	11.22	2028	2125	0.00	201	0	0	0	nan	0.00	0.00	2.76	87.16	88.78	0.00	41	0	42	0.00	0.00	67.64	8.06	0.00	0.00	2000
224	11.12	2053	2063	0.00	204	0	0	0	nan	0.00	0.00	3.60	83.80	88.88	0.00	42	0	42	0.00	0.00	65.00	7.58	0.00	0.00	2000
227	10.94	2061	2112	0.00	219	0	0	0	nan	0.00	0.02	3.27	86.36	89.06	0.00	42	0	42	0.00	0.00	67.09	7.84	0.00	0.00	2000
233	11.21	2055	2123	0.00	219	0	0	0	nan	0.00	0.00	3.48	86.37	88.79	0.00	42	0	42	0.00	0.00	68.56	8.04	0.00	0.00	2000
228	10.80	2114	2101	0.20	198	0	0	5	28.33	0.00	0.02	3.32	86.00	89.20	0.00	42	0	42	0.00	0.00	65.60	7.78	0.00	0.00	2000
229	10.81	2119	2101	1.37	205	0	0	8	26.67	0.00	0.00	3.35	85.96	89.19	0.00	42	0	42	0.00	0.00	67.01	7.88	0.00	0.00	2000
223	10.83	2088	2069	0.00	201	0	0	0	nan	0.00	0.00	3.27	84.66	89.17	0.00	42	0	42	0.00	0.00	65.22	7.75	0.00	0.00	2000
226	11.02	2053	2101	0.00	222	0	0	0	nan	0.00	0.00	2.77	86.32	88.98	0.00	42	0	42	0.00	0.00	66.42	7.85	0.00	0.00	2000
234	10.92	2121	2122	0.00	217	0	0	0	nan	0.00	0.00	4.87	85.17	89.08	0.00	42	0	42	0.00	0.00	67.65	7.98	0.00	0.00	2000
229	10.89	2100	2106	0.00	205	0	0	0	nan	0.00	0.00	3.78	85.69	89.11	0.00	42	0	42	0.00	0.00	66.69	7.92	0.00	0.00	2000
224	10.85	2090	2075	0.00	202	0	0	0	nan	0.00	0.02	3.77	84.41	89.15	0.00	42	0	42	0.00	0.00	65.34	7.81	0.00	0.00	2000
230	10.85	2107	2110	0.00	203	0	0	0	nan	0.00	0.02	3.18	86.42	89.15	0.00	42	0	42	0.00	0.00	67.08	7.87	0.00	0.00	2000
228	10.72	2119	2107	0.00	203	0	0	0	nan	0.00	0.01	3.06	86.52	89.28	0.00	42	0	42	0.00	0.00	66.56	8.11	0.00	0.00	2000
234	10.95	2125	2112	0.00	204	0	0	0	nan	0.00	0.01	3.33	86.24	89.05	0.00	42	0	42	0.00	0.00	67.43	7.91	0.00	0.00	2000
224	10.85	2087	2079	0.00	212	0	0	0	nan	0.00	0.00	3.23	84.97	89.15	0.00	41	0	42	0.00	0.00	64.94	7.63	0.00	0.00	2000
230	10.90	2093	2117	0.00	205	0	0	0	nan	0.00	0.00	3.40	86.50	89.10	0.00	41	0	42	0.00	0.00	64.27	7.47	0.00	0.00	2000
226	10.78	2112	2088	0.00	203	0	0	0	nan	0.00	0.00	2.73	86.08	89.22	0.00	41	0	42	0.00	0.00	66.19	7.70	0.00	0.00	2000
232	10.89	2118	2113	0.00	204	0	0	0	nan	0.00	0.00	3.16	86.54	89.11	0.00	41	0	42	0.00	0.00	66.89	7.91	0.00	0.00	2000
230	10.86	2120	2095	0.00	203	0	0	0	nan	0.00	0.00	3.58	85.41	89.14	0.00	41	0	42	0.00	0.00	64.04	7.16	0.00	0.00	2000
227	10.85	2120	2072	0.00	213	0	0	0	nan	0.00	0.00	3.11	84.85	89.15	0.00	41	0	42	0.00	0.00	65.79	8.36	0.00	0.00	2000
230	10.70	2126	2126	0.00	204	0	0	0	nan	0.00	0.00	3.95	86.48	89.30	0.00	42	0	42	0.00	0.00	68.10	8.85	0.00	0.00	2000
227	10.81	2112	2088	0.00	203	0	0	10	19.09	0.00	0.02	3.31	85.43	89.19	0.00	42	0	42	0.00	0.00	66.07	8.43	0.00	0.00	2000
230	10.79	2133	2098	1.22	204	0	0	26	21.55	0.00	0.00	2.85	86.32	89.21	0.00	42	0	42	0.00	0.00	64.72	8.60	0.00	0.00	2000
229	10.93	2106	2086	0.00	203	0	0	0	nan	0.00	0.00	3.23	85.28	89.07	0.00	42	0	42	0.00	0.00	68.82	8.39	0.00	0.00	2000
231	10.93	2099	2115	0.00	214	0	0	0	nan	0.00	0.01	4.46	85.32	89.07	0.00	41	0	42	0.00	0.00	67.79	8.70	0.00	0.00	2000
231	11.08	2080	2104	0.00	217	0	0	0	nan	0.01	0.00	5.28	83.91	88.92	0.00	42	0	42	0.00	0.00	67.28	8.77	0.00	0.00	2000
229	11.05	2077	2095	0.00	204	0	0	0	nan	0.00	0.00	2.81	85.94	88.95	0.00	42	0	42	0.00	0.00	67.33	8.50	0.00	0.00	2000
228	10.91	2097	2095	0.00	220	0	0	0	nan	0.00	0.00	3.25	85.62	89.09	0.00	42	0	42	0.00	0.00	66.55	8.55	0.00	0.00	2000
234	10.89	2120	2131	0.00	203	0	0	0	nan	0.00	0.00	4.03	86.41	89.11	0.00	41	0	42	0.00	0.00	68.60	8.98	0.00	0.00	2000
227	10.90	2106	2076	0.00	216	0	0	0	nan	0.00	0.00	4.66	83.53	89.10	0.00	41	0	42	0.00	0.00	65.96	8.32	0.00	0.00	2000
228	10.90	2096	2101	0.00	203	0	0	0	nan	0.00	0.00	3.13	86.03	89.10	0.00	41	0	42	0.00	0.00	66.91	8.65	0.00	0.00	2000
233	11.01	2091	2125	0.00	203	0	0	0	nan	0.00	0.04	3.09	87.06	88.99	0.00	42	0	42	0.00	0.00	68.30	8.83	0.00	0.00	2000
225	10.83	2097	2077	0.00	202	0	0	0	nan	0.00	0.00	3.26	84.99	89.17	0.00	41	0	42	0.00	0.00	65.69	8.36	0.00	0.00	2000
232	10.98	2112	2102	0.00	203	0	0	0	nan	0.00	0.00	3.90	85.26	89.02	0.00	42	0	42	0.00	0.00	66.93	8.72	0.00	0.00	2000
229	11.05	2079	2098	0.00	215	0	0	0	nan	0.00	0.02	3.25	85.67	88.95	0.00	42	0	42	0.00	0.00	66.75	8.67	0.00	0.00	2000
230	10.88	2111	2107	0.00	203	0	0	0	nan	0.01	0.00	3.72	85.75	89.12	0.00	41	0	42	0.00	0.00	65.56	7.81	0.00	0.00	2000
230	11.05	2067	2115	0.00	205	0	0	0	nan	0.00	0.00	3.62	86.01	88.95	0.00	41	0	42	0.00	0.00	66.95	7.70	0.00	0.00	2000
224	11.25	2023	2066	0.00	203	0	0	0	nan	0.00	0.00	2.77	84.61	88.75	0.00	41	0	42	0.00	0.00	62.07	6.94	0.00	0.00	2000
233	11.31	2030	2133	0.00	220	0	0	5	26.83	0.04	0.00	3.83	86.35	88.69	0.00	41	0	42	0.00	0.00	67.03	7.93	0.00	0.00	2000
227	10.90	2101	2079	0.95	209	0	0	12	30.55	0.00	0.00	6.03	82.32	89.10	0.00	40	0	42	0.00	0.00	64.19	7.56	0.00	0.00	2000
230	10.93	2092	2114	0.00	203	0	0	0	nan	0.00	0.01	3.33	86.38	89.07	0.00	41	0	42	0.00	0.00	62.48	7.47	0.00	0.00	2000
229	10.95	2116	2071	0.00	206	0	0	0	nan	0.00	0.00	4.30	83.50	89.05	0.00	40	0	42	0.00	0.00	66.99	7.82	0.00	0.00	2000
141	8.47	1656	2114	0.00	209	0	0	0	nan	0.00	0.00	5.66	86.46	91.53	0.00	38	0	42	0.00	0.00	62.03	7.49	0.00	0.00	2000
101	8.28	1234	2079	0.00	237	0	0	0	nan	0.00	0.01	6.83	83.92	91.72	0.00	38	0	42	0.00	0.00	59.89	7.40	0.00	0.00	2000
79	7.09	1085	2146	0.00	193	0	0	0	nan	0.01	0.00	1.88	93.16	92.91	0.00	37	0	43	0.00	0.00	62.95	7.85	0.00	0.00	2000
73	6.78	1081	2082	0.00	192	0	0	0	nan	0.00	0.00	2.78	89.65	93.22	0.00	37	0	42	0.00	0.00	57.75	7.08	0.00	0.00	2000
74	6.68	1103	2107	0.00	193	0	0	0	nan	0.00	0.00	3.35	90.26	93.32	0.00	37	0	42	0.00	0.00	59.17	7.48	0.00	0.00	2000
