Avg_MHz	Busy%	Bzy_MHz	TSC_MHz	IPC	IRQ	NMI	SMI	LLCMRPS	LLC%hit	POLL%	C1%	C1E%	C6%	CPU%c1	CPU%c6	CoreTmp	CoreThr	PkgTmp	Pkg%pc2	Pkg%pc6	PkgWatt	RAMWatt	PKG_%	RAM_%	UncMHz
342	16.92	2003	2119	0.00	254	0	0	0	nan	0.00	0.48	41.13	42.33	83.08	0.00	38	0	43	0.00	0.00	67.98	7.78	0.00	0.00	2000
311	15.44	1998	2113	0.00	210	0	0	0	nan	0.04	1.08	24.97	59.20	84.56	0.00	38	0	43	0.00	0.00	66.60	7.77	0.00	0.00	2000
78	6.88	1120	2113	0.00	209	0	0	0	nan	0.00	0.01	5.36	88.32	93.12	0.00	38	0	43	0.00	0.00	60.95	7.53	0.00	0.00	2000
71	6.69	1069	2080	0.00	193	0	0	0	nan	0.00	0.00	3.50	88.88	93.31	0.00	37	0	43	0.00	0.00	58.82	7.26	0.00	0.00	2000
74	6.68	1096	2136	0.00	193	0	0	0	nan	0.00	0.00	1.60	93.26	93.32	0.00	37	0	43	0.00	0.00	59.71	7.20	0.00	0.00	2000
72	6.62	1097	2094	0.00	193	0	0	0	nan	0.00	0.00	3.02	90.15	93.38	0.00	38	0	43	0.00	0.00	60.29	7.54	0.00	0.00	2000
77	6.77	1136	2090	0.00	194	0	0	0	nan	0.00	0.01	2.67	90.05	93.23	0.00	38	0	43	0.00	0.00	57.33	7.20	0.00	0.00	2000
71	6.71	1072	2080	0.00	199	0	0	0	nan	0.00	0.00	3.68	88.75	93.29	0.00	38	0	43	0.00	0.00	60.09	7.37	0.00	0.00	2000
73	6.88	1054	2109	0.00	193	0	0	0	nan	0.00	0.02	1.84	91.69	93.12	0.00	38	0	43	0.00	0.00	57.27	7.30	0.00	0.00	2000
72	6.69	1064	2118	0.00	209	0	0	0	nan	0.00	0.00	3.59	90.53	93.31	0.00	38	0	43	0.00	0.00	59.56	7.28	0.00	0.00	2000
73	6.65	1105	2087	0.00	194	0	0	0	nan	0.00	0.02	3.33	89.41	93.35	0.00	37	0	43	0.00	0.00	58.42	7.38	0.00	0.00	2000
72	6.52	1101	2110	0.00	194	0	0	0	nan	0.00	0.03	4.07	89.81	93.48	0.00	37	0	43	0.00	0.00	59.57	7.41	0.00	0.00	2000
79	7.16	1112	2084	0.00	196	0	0	0	nan	0.00	0.00	4.26	87.90	92.84	0.00	38	0	43	0.00	0.00	59.07	7.33	0.00	0.00	2000
73	6.39	1125	2122	0.00	194	0	0	0	nan	0.00	0.00	4.38	90.22	93.61	0.00	38	0	43	0.00	0.00	60.49	7.40	0.00	0.00	2000
73	6.83	1065	2099	0.00	195	0	0	0	nan	0.00	0.02	3.99	89.09	93.17	0.00	37	0	43	0.00	0.00	59.07	7.29	0.00	0.00	2000
71	6.52	1092	2098	0.00	177	0	0	0	88.38	0.00	0.00	3.49	89.95	93.48	0.00	38	0	43	0.00	0.00	59.97	7.50	0.00	0.00	2000
74	6.52	1132	2104	0.29	209	0	0	1	86.16	0.00	0.01	3.53	90.02	93.48	0.00	38	0	43	0.00	0.00	59.46	7.42	0.00	0.00	2000
74	7.00	1064	2095	0.02	194	0	0	0	nan	0.00	0.02	3.81	89.02	93.00	0.00	38	0	43	0.00	0.00	59.07	7.42	0.00	0.00	2000
195	9.85	1984	2094	0.00	219	0	0	0	nan	0.01	0.00	7.08	82.85	90.15	0.00	40	0	43	0.00	0.00	65.69	7.56	0.00	0.00	2000
232	11.03	2092	2108	0.00	231	0	0	0	nan	0.00	0.00	4.18	85.21	88.97	0.00	40	0	43	0.00	0.00	65.35	7.49	0.00	0.00	2000
229	11.04	2067	2104	0.00	201	0	0	0	nan	0.00	0.01	3.68	85.51	88.96	0.00	41	0	43	0.00	0.00	64.70	7.36	0.00	0.00	2000
228	11.31	2013	2099	0.00	203	0	0	0	nan	0.00	0.00	3.73	85.04	88.69	0.00	41	0	43	0.00	0.00	67.80	7.54	0.00	0.00	2000
238	11.18	2139	2093	0.00	199	0	0	0	nan	0.01	0.45	6.34	81.79	88.82	0.00	39	0	43	0.00	0.00	63.44	7.47	0.00	0.00	2000
226	10.92	2111	2062	0.00	197	0	0	0	nan	0.00	0.50	6.29	80.74	89.08	0.00	39	0	43	0.00	0.00	64.05	7.64	0.00	0.00	2000
233	11.03	2074	2137	0.00	202	0	0	0	nan	0.00	0.00	5.47	85.09	88.97	0.00	38	0	43	0.00	0.00	68.79	8.08	0.00	0.00	2000
233	11.19	2066	2112	0.00	198	0	0	0	nan	0.00	0.01	5.06	84.36	88.81	0.00	39	0	43	0.00	0.00	66.63	7.75	0.00	0.00	2000
230	11.07	2084	2093	0.00	198	0	0	0	nan	0.00	0.00	5.93	82.92	88.93	0.00	40	0	43	0.00	0.00	68.52	7.91	0.00	0.00	2000
230	11.09	2069	2100	0.00	199	0	0	0	nan	0.00	0.01	4.80	84.24	88.91	0.00	40	0	43	0.00	0.00	65.29	7.43	0.00	0.00	2000
230	11.01	2086	2102	0.00	198	0	0	0	nan	0.00	0.01	4.96	84.28	88.99	0.00	40	0	43	0.00	0.00	65.55	7.40	0.00	0.00	2000
231	11.10	2083	2097	0.00	202	0	0	0	nan	0.00	0.00	4.66	84.24	88.90	0.00	40	0	43	0.00	0.00	63.19	7.18	0.00	0.00	2000
230	10.99	2088	2105	0.00	212	0	0	0	nan	0.00	0.03	6.12	83.24	89.01	0.00	41	0	43	0.00	0.00	63.62	7.18	0.00	0.00	2000
230	11.08	2063	2110	0.00	200	0	0	0	nan	0.00	0.01	4.53	84.88	88.92	0.00	41	0	43	0.00	0.00	68.57	7.44	0.00	0.00	2000
226	11.25	2044	2064	0.00	201	0	0	3	92.91	0.00	0.03	6.37	80.98	88.75	0.00	40	0	43	0.00	0.00	66.43	7.64	0.00	0.00	2000
231	10.96	2113	2095	0.82	197	0	0	19	92.83	0.00	0.06	3.48	85.36	89.04	0.00	41	0	43	0.00	0.00	63.28	7.13	0.00	0.00	2000
235	11.02	2105	2127	0.00	201	0	0	0	nan	0.00	0.98	5.64	83.65	88.98	0.00	41	0	43	0.00	0.00	66.71	7.54	0.00	0.00	2000
232	11.02	2097	2104	0.00	218	0	0	0	nan	0.00	0.00	7.00	82.32	88.98	0.00	40	0	43	0.00	0.00	64.25	7.31	0.00	0.00	2000
234	11.37	2110	2052	0.00	197	0	0	0	nan	0.00	0.00	6.01	80.58	88.63	0.00	38	0	43	0.00	0.00	67.94	7.71	0.00	0.00	2000
231	11.01	2052	2147	0.00	215	0	0	0	nan	0.00	0.02	6.11	84.93	88.99	0.00	39	0	43	0.00	0.00	65.58	7.44	0.00	0.00	2000
239	11.83	2063	2058	0.00	202	0	0	0	nan	0.00	0.02	7.17	79.28	88.17	0.00	38	0	43	0.00	0.00	65.33	7.25	0.00	0.00	2000
236	11.13	2083	2136	0.00	199	0	0	0	nan	0.00	0.03	6.32	84.21	88.87	0.00	38	0	43	0.00	0.00	68.30	8.18	0.00	0.00	2000
235	11.08	2122	2102	0.00	196	0	0	0	nan	0.00	0.00	5.94	83.05	88.92	0.00	38	0	43	0.00	0.00	65.29	7.72	0.00	0.00	2000
234	11.24	2077	2103	0.00	195	0	0	0	nan	0.00	0.02	5.62	83.34	88.76	0.00	38	0	43	0.00	0.00	62.88	7.58	0.00	0.00	2000
234	11.35	2057	2101	0.00	194	0	0	0	nan	0.00	0.02	6.37	82.38	88.65	0.00	38	0	43	0.00	0.00	64.73	7.79	0.00	0.00	2000
235	11.41	2058	2103	0.00	195	0	0	0	nan	0.00	0.00	6.81	82.03	88.59	0.00	38	0	43	0.00	0.00	68.72	8.12	0.00	0.00	2000
233	11.10	2094	2102	0.00	204	0	0	0	nan	0.00	0.02	5.43	83.66	88.90	0.00	38	0	43	0.00	0.00	63.48	7.61	0.00	0.00	2000
229	11.25	2115	2017	0.00	197	0	0	0	nan	0.00	0.50	4.06	80.74	88.75	0.00	38	0	43	0.00	0.00	61.88	7.48	0.00	0.00	2000
227	11.14	2100	2039	0.00	197	0	0	0	nan	0.00	0.04	2.96	83.34	88.86	0.00	39	0	43	0.00	0.00	62.51	7.30	0.00	0.00	2000
233	10.82	2039	2215	0.00	210	0	0	0	nan	0.01	0.03	3.64	90.55	89.18	0.00	39	0	43	0.00	0.00	70.28	8.04	0.00	0.00	2000
232	11.14	2069	2113	0.00	200	0	0	0	nan	0.00	0.00	7.23	82.28	88.86	0.00	40	0	43	0.00	0.00	65.79	7.43	0.00	0.00	2000
231	10.22	2236	2125	0.00	195	0	0	2	76.93	0.00	2.05	5.92	82.99	89.78	0.00	39	0	43	0.00	0.00	64.22	7.26	0.00	0.00	2000
232	11.35	2054	2086	0.59	195	0	0	9	62.77	0.02	1.42	7.99	78.78	88.65	0.00	39	0	43	0.00	0.00	65.10	7.71	0.00	0.00	2000
228	11.25	2080	2047	0.00	199	0	0	0	nan	0.00	0.02	5.30	81.32	88.75	0.00	39	0	43	0.00	0.00	62.51	7.08	0.00	0.00	2000
232	10.84	2114	2124	0.00	197	0	0	0	nan	0.02	0.03	8.10	82.10	89.16	0.00	39	0	43	0.00	0.00	67.38	7.75	0.00	0.00	2000
230	11.06	2087	2095	0.00	200	0	0	0	nan	0.00	0.00	8.10	80.75	88.94	0.00	39	0	43	0.00	0.00	64.90	7.14	0.00	0.00	2000
229	10.88	2092	2116	0.00	194	0	0	0	nan	0.00	0.00	8.14	81.77	89.12	0.00	39	0	43	0.00	0.00	65.05	7.42	0.00	0.00	2000
230	10.84	2091	2135	0.00	196	0	0	0	nan	0.00	0.03	7.97	82.73	89.16	0.00	39	0	43	0.00	0.00	63.44	7.54	0.00	0.00	2000
228	10.98	2145	2031	0.00	196	0	0	0	nan	0.00	0.02	6.29	79.74	89.02	0.00	40	0	43	0.00	0.00	63.55	7.27	0.00	0.00	2000
229	10.93	2072	2124	0.00	194	0	0	0	nan	0.00	0.02	5.70	84.42	89.07	0.00	39	0	43	0.00	0.00	64.69	7.55	0.00	0.00	2000
233	11.06	2068	2144	0.00	197	0	0	0	nan	0.00	0.00	7.97	82.94	88.94	0.00	39	0	43	0.00	0.00	68.30	7.90	0.00	0.00	2000
229	10.87	2116	2091	0.00	195	0	0	0	nan	0.00	0.02	8.75	80.11	89.13	0.00	39	0	43	0.00	0.00	63.80	7.15	0.00	0.00	2000
226	11.42	2064	2012	0.00	196	0	0	0	nan	0.00	2.04	4.02	79.00	88.58	0.00	39	0	43	0.00	0.00	62.40	6.80	0.00	0.00	2000
230	10.74	2086	2152	0.00	198	0	0	0	nan	0.03	0.02	1.99	89.59	89.26	0.00	39	0	43	0.00	0.00	64.26	7.55	0.00	0.00	2000
231	11.00	2086	2116	0.00	198	0	0	0	nan	0.00	0.03	6.50	83.26	89.00	0.00	39	0	43	0.00	0.00	65.98	7.97	0.00	0.00	2000
234	10.95	2097	2136	0.00	194	0	0	0	nan	0.00	0.00	7.97	82.73	89.05	0.00	39	0	43	0.00	0.00	66.89	7.94	0.00	0.00	2000
233	11.48	2111	2016	0.00	201	0	0	0	nan	0.00	0.06	6.71	78.29	88.52	0.00	40	0	43	0.00	0.00	63.23	7.41	0.00	0.00	2000
232	10.79	2111	2138	0.00	196	0	0	0	nan	0.00	0.14	8.80	81.98	89.21	0.00	40	0	43	0.00	0.00	65.23	7.54	0.00	0.00	2000
225	11.26	2080	2021	0.00	195	0	0	2	97.66	0.00	0.01	7.35	78.15	88.74	0.00	39	0	43	0.00	0.00	60.45	6.99	0.00	0.00	2000
233	10.75	2054	2214	0.65	213	0	0	6	74.92	0.00	0.03	6.15	88.02	89.25	0.00	39	0	43	0.00	0.00	70.32	8.19	0.00	0.00	2000
233	11.37	2078	2073	0.00	197	0	0	0	nan	0.00	0.02	7.41	80.19	88.63	0.00	40	0	43	0.00	0.00	63.76	7.37	0.00	0.00	2000
228	11.10	2062	2092	0.00	196	0	0	0	nan	0.00	0.00	8.09	80.56	88.90	0.00	40	0	43	0.00	0.00	65.13	7.45	0.00	0.00	2000
230	10.93	2086	2123	0.00	195	0	0	0	nan	0.01	0.00	6.58	83.55	89.07	0.00	40	0	43	0.00	0.00	64.98	7.44	0.00	0.00	2000
228	11.09	2078	2076	0.00	195	0	0	0	nan	0.00	0.00	6.56	81.45	88.91	0.00	40	0	43	0.00	0.00	64.97	7.33	0.00	0.00	2000
233	10.87	2120	2121	0.00	198	0	0	0	nan	0.00	0.00	7.01	83.07	89.13	0.00	40	0	43	0.00	0.00	65.49	7.45	0.00	0.00	2000
231	11.30	2035	2114	0.00	197	0	0	0	nan	0.00	0.00	7.40	81.99	88.70	0.00	40	0	43	0.00	0.00	65.59	7.39	0.00	0.00	2000
231	11.07	2072	2113	0.00	205	0	0	0	nan	0.00	1.42	4.69	83.59	88.93	0.00	40	0	43	0.00	0.00	66.70	7.53	0.00	0.00	2000
226	10.86	2124	2058	0.00	197	0	0	0	nan	0.00	0.59	3.18	83.68	89.14	0.00	40	0	43	0.00	0.00	65.02	7.34	0.00	0.00	2000
230	11.18	2056	2104	0.00	200	0	0	0	nan	0.01	0.00	6.43	82.71	88.82	0.00	40	0	43	0.00	0.00	64.16	7.23	0.00	0.00	2000
227	10.76	2121	2092	0.00	199	0	0	0	nan	0.00	0.50	6.56	81.89	89.24	0.00	40	0	43	0.00	0.00	65.42	7.30	0.00	0.00	2000
231	10.96	2085	2126	0.00	197	0	0	0	nan	0.00	0.00	7.40	82.80	89.04	0.00	40	0	43	0.00	0.00	65.46	7.40	0.00	0.00	2000
228	10.98	2105	2072	0.00	201	0	0	0	nan	0.00	0.00	6.09	81.80	89.02	0.00	40	0	43	0.00	0.00	65.32	7.33	0.00	0.00	2000
229	10.75	2116	2110	0.00	195	0	0	0	nan	0.00	0.00	8.17	81.56	89.25	0.00	40	0	43	0.00	0.00	65.37	7.18	0.00	0.00	2000
228	10.93	2084	2101	0.00	197	0	0	0	nan	0.00	0.00	5.41	83.80	89.07	0.00	40	0	43	0.00	0.00	65.20	7.39	0.00	0.00	2000
230	10.97	2054	2145	0.00	199	0	0	0	nan	0.00	0.02	6.70	84.29	89.03	0.00	40	0	43	0.00	0.00	66.31	7.51	0.00	0.00	2000
229	11.34	2085	2031	0.00	197	0	0	0	nan	0.00	0.00	7.16	78.69	88.66	0.00	39	0	43	0.00	0.00	63.72	7.42	0.00	0.00	2000
233	11.00	2093	2128	1.01	197	0	0	7	68.10	0.00	0.00	7.46	82.79	89.00	0.00	40	0	43	0.00	0.00	65.33	7.56	0.00	0.00	2000
229	10.84	2119	2090	0.18	198	0	0	0	nan	0.00	0.02	7.38	81.37	89.16	0.00	39	0	43	0.00	0.00	65.47	7.33	0.00	0.00	2000
231	10.77	2123	2118	0.00	195	0	0	0	nan	0.00	0.02	6.82	83.22	89.23	0.00	40	0	43	0.00	0.00	65.42	7.42	0.00	0.00	2000
228	10.75	2138	2082	0.00	196	0	0	0	nan	0.00	0.00	6.22	82.31	89.25	0.00	40	0	43	0.00	0.00	65.30	7.21	0.00	0.00	2000
229	10.72	2123	2110	0.00	195	0	0	0	nan	0.00	0.01	6.82	82.95	89.28	0.00	40	0	43	0.00	0.00	64.96	7.45	0.00	0.00	2000
230	10.65	2138	2122	0.00	200	0	0	0	nan	0.00	3.18	3.62	83.68	89.35	0.00	40	0	43	0.00	0.00	65.73	7.48	0.00	0.00	2000
230	10.93	2118	2087	0.00	195	0	0	0	nan	0.02	1.02	4.79	82.87	89.07	0.00	40	0	43	0.00	0.00	65.30	7.38	0.00	0.00	2000
228	11.20	2033	2098	0.00	197	0	0	0	nan	0.00	0.00	7.11	81.74	88.80	0.00	40	0	43	0.00	0.00	64.93	7.37	0.00	0.00	2000
229	10.95	2058	2133	0.00	197	0	0	0	nan	0.00	0.43	7.52	82.60	89.05	0.00	40	0	43	0.00	0.00	65.20	7.42	0.00	0.00	2000
227	11.25	2055	2065	0.00	199	0	0	0	nan	0.00	0.05	7.62	79.66	88.75	0.00	40	0	43	0.00	0.00	64.79	7.31	0.00	0.00	2000
232	11.20	2083	2091	0.00	202	0	0	0	nan	0.00	0.02	7.43	81.05	88.80	0.00	40	0	43	0.00	0.00	64.74	7.20	0.00	0.00	2000
228	10.98	2066	2107	0.00	196	0	0	0	nan	0.00	0.03	8.21	81.15	89.02	0.00	40	0	43	0.00	0.00	65.19	7.31	0.00	0.00	2000
230	11.35	2035	2095	0.00	194	0	0	0	nan	0.06	0.03	8.74	79.92	88.65	0.00	40	0	43	0.00	0.00	64.76	7.36	0.00	0.00	2000
242	11.43	2122	2090	0.00	198	0	0	0	nan	0.00	0.02	7.24	80.93	88.57	0.00	39	0	43	0.00	0.00	65.46	6.95	0.00	0.00	2000
230	10.92	2089	2117	0.00	196	0	0	0	nan	0.00	0.00	6.47	83.44	89.08	0.00	39	0	43	0.00	0.00	64.75	7.62	0.00	0.00	2000
230	11.23	2056	2093	0.00	198	0	0	0	nan	0.04	0.00	8.10	80.55	88.77	0.00	40	0	43	0.00	0.00	64.51	7.37	0.00	0.00	2000
228	11.14	2044	2105	0.00	194	0	0	0	nan	0.00	0.02	9.20	80.04	88.86	0.00	40	0	43	0.00	0.00	64.61	7.46	0.00	0.00	2000
229	11.27	2016	2121	0.48	201	0	0	5	92.69	0.00	0.00	7.82	81.96	88.73	0.00	40	0	43	0.00	0.00	64.99	7.55	0.00	0.00	2000
238	11.71	2015	2115	0.28	212	0	0	0	nan	0.00	0.04	9.94	79.12	88.29	0.00	39	0	43	0.00	0.00	65.77	7.42	0.00	0.00	2000
228	11.21	2044	2086	0.00	194	0	0	0	nan	0.00	0.00	6.89	81.47	88.79	0.00	40	0	43	0.00	0.00	61.97	7.20	0.00	0.00	2000
229	11.32	2062	2060	0.00	195	0	0	0	nan	0.00	0.07	4.44	82.68	88.68	0.00	40	0	43	0.00	0.00	63.03	7.39	0.00	0.00	2000
228	11.17	2027	2118	0.00	199	0	0	0	nan	0.03	0.00	5.22	84.52	88.83	0.00	39	0	43	0.00	0.00	68.25	8.28	0.00	0.00	2000
232	11.20	2029	2140	0.00	195	0	0	0	nan	0.00	0.03	8.00	82.67	88.80	0.00	39	0	43	0.00	0.00	65.87	8.13	0.00	0.00	2000
229	11.06	2081	2093	0.00	197	0	0	0	nan	0.00	0.02	6.29	82.44	88.94	0.00	40	0	43	0.00	0.00	63.34	7.59	0.00	0.00	2000
230	10.94	2105	2097	0.00	195	0	0	0	nan	0.00	0.01	6.41	82.56	89.06	0.00	40	0	43	0.00	0.00	62.44	7.21	0.00	0.00	2000
231	11.02	2094	2105	0.00	197	0	0	0	nan	0.00	0.00	5.57	83.67	88.98	0.00	39	0	43	0.00	0.00	64.77	7.77	0.00	0.00	2000
232	11.06	2091	2105	0.00	204	0	0	0	nan	0.00	0.01	6.58	82.62	88.94	0.00	40	0	43	0.00	0.00	65.24	7.44	0.00	0.00	2000
226	11.24	2080	2030	0.00	195	0	0	0	nan	0.00	0.01	6.71	79.22	88.76	0.00	39	0	43	0.00	0.00	64.16	7.64	0.00	0.00	2000
230	10.90	2073	2135	0.00	198	0	0	0	nan	0.00	0.02	5.63	84.99	89.10	0.00	40	0	43	0.00	0.00	64.83	8.14	0.00	0.00	2000
227	11.22	2056	2068	0.00	198	0	0	0	nan	0.00	0.00	5.19	82.38	88.78	0.00	41	0	43	0.00	0.00	62.83	7.41	0.00	0.00	2000
233	11.00	2080	2138	0.00	199	0	0	0	nan	0.00	0.00	7.99	82.70	89.00	0.00	40	0	43	0.00	0.00	67.36	7.91	0.00	0.00	2000
231	10.98	2068	2133	0.00	198	0	0	0	nan	0.00	0.01	6.81	83.72	89.02	0.00	40	0	43	0.00	0.00	66.01	7.56	0.00	0.00	2000
229	11.07	2094	2074	0.00	194	0	0	0	nan	0.00	0.02	8.09	79.77	88.93	0.00	40	0	43	0.00	0.00	62.44	7.59	0.00	0.00	2000
229	10.66	2129	2119	0.00	195	0	0	0	nan	0.00	0.02	5.84	84.34	89.34	0.00	40	0	43	0.00	0.00	65.93	7.22	0.00	0.00	2000
231	11.06	2100	2092	0.49	197	0	0	5	35.09	0.00	0.06	3.61	85.05	88.94	0.00	41	0	43	0.00	0.00	66.75	7.73	0.00	0.00	2000
227	11.15	2072	2064	0.71	197	0	0	2	69.45	0.00	0.06	3.02	84.41	88.85	0.00	40	0	43	0.00	0.00	64.16	7.26	0.00	0.00	2000
231	11.34	2071	2068	0.00	199	0	0	0	nan	0.00	1.05	3.34	83.00	88.66	0.00	40	0	43	0.00	0.00	64.29	8.18	0.00	0.00	2000
231	10.63	2095	2181	0.00	197	0	0	0	nan	0.00	0.02	5.99	86.91	89.37	0.00	41	0	43	0.00	0.00	65.62	7.74	0.00	0.00	2000
227	11.22	2080	2043	0.00	196	0	0	0	nan	0.00	0.00	7.35	79.09	88.78	0.00	40	0	43	0.00	0.00	63.02	7.26	0.00	0.00	2000
227	10.82	2076	2125	0.00	198	0	0	0	nan	0.00	0.04	5.12	85.15	89.18	0.00	41	0	43	0.00	0.00	67.94	7.93	0.00	0.00	2000
230	10.73	2112	2132	0.00	195	0	0	0	nan	0.00	0.00	6.41	84.26	89.27	0.00	41	0	43	0.00	0.00	65.85	7.66	0.00	0.00	2000
230	11.32	2086	2044	0.00	197	0	0	0	nan	0.00	0.00	7.34	79.11	88.68	0.00	40	0	43	0.00	0.00	60.91	7.00	0.00	0.00	2000
230	11.01	2041	2152	0.00	198	0	0	0	nan	0.00	0.00	8.32	82.92	88.99	0.00	41	0	43	0.00	0.00	68.23	7.90	0.00	0.00	2000
229	11.29	2049	2079	0.00	197	0	0	0	nan	0.00	0.00	8.09	79.89	88.71	0.00	40	0	43	0.00	0.00	63.96	8.06	0.00	0.00	2000
228	10.89	2111	2084	0.00	194	0	0	0	nan	0.00	0.00	5.88	82.60	89.11	0.00	41	0	43	0.00	0.00	67.15	7.71	0.00	0.00	2000
228	10.94	2077	2105	0.00	197	0	0	0	nan	0.00	0.00	6.80	82.61	89.06	0.00	41	0	43	0.00	0.00	65.25	7.47	0.00	0.00	2000
233	10.90	2128	2110	0.00	199	0	0	0	nan	0.04	0.02	8.25	81.28	89.10	0.00	40	0	43	0.00	0.00	64.33	7.63	0.00	0.00	2000
235	11.10	2100	2116	0.00	197	0	0	0	nan	0.00	0.02	9.80	79.81	88.90	0.00	41	0	43	0.00	0.00	64.25	7.25	0.00	0.00	2000
232	10.90	2110	2116	0.00	196	0	0	0	nan	0.05	0.00	6.50	83.31	89.10	0.00	41	0	43	0.00	0.00	65.73	7.51	0.00	0.00	2000
226	11.33	2068	2022	0.00	195	0	0	0	nan	0.00	2.10	3.05	80.43	88.67	0.00	41	0	43	0.00	0.00	62.86	7.36	0.00	0.00	2000
233	10.95	2094	2139	0.00	203	0	0	0	nan	0.00	0.01	4.83	85.92	89.05	0.00	40	0	43	0.00	0.00	68.62	8.50	0.00	0.00	2000
232	10.69	2182	2091	0.19	197	0	0	4	40.42	0.00	0.47	6.68	81.79	89.31	0.00	40	0	43	0.00	0.00	62.84	7.31	0.00	0.00	2000
228	10.90	2128	2063	1.23	199	0	0	3	58.07	0.01	0.02	7.93	79.55	89.10	0.00	41	0	43	0.00	0.00	64.56	7.44	0.00	0.00	2000
230	10.73	2085	2161	0.00	213	0	0	0	nan	0.00	0.07	6.07	85.75	89.27	0.00	40	0	43	0.00	0.00	68.63	7.89	0.00	0.00	2000
231	10.82	2107	2126	0.00	195	0	0	0	nan	0.00	0.00	6.92	83.36	89.18	0.00	41	0	43	0.00	0.00	65.55	7.52	0.00	0.00	2000
226	11.09	2112	2022	0.00	181	0	0	0	nan	0.00	0.00	6.93	78.70	88.91	0.00	41	0	43	0.00	0.00	60.00	7.02	0.00	0.00	2000
234	10.78	2098	2169	0.00	212	0	0	0	nan	0.00	0.00	6.95	85.21	89.22	0.00	41	0	43	0.00	0.00	69.07	7.97	0.00	0.00	2000
221	10.90	2107	2016	0.00	198	0	0	0	nan	0.00	0.00	7.01	78.61	89.10	0.00	39	0	43	0.00	0.00	60.04	7.08	0.00	0.00	2000
224	10.47	2084	2157	0.00	198	0	0	0	nan	0.00	0.01	6.44	85.63	89.53	0.00	40	0	43	0.00	0.00	67.03	7.62	0.00	0.00	2000
221	10.76	2058	2095	0.00	195	0	0	0	nan	0.01	0.00	6.39	82.72	89.24	0.00	41	0	43	0.00	0.00	64.09	7.57	0.00	0.00	2000
223	10.62	2082	2119	0.00	197	0	0	0	nan	0.04	0.01	6.61	83.63	89.38	0.00	41	0	43	0.00	0.00	65.00	7.44	0.00	0.00	2000
222	10.71	2086	2086	0.00	197	1	0	0	nan	0.00	0.00	7.34	81.40	89.29	0.00	41	0	43	0.00	0.00	64.78	7.44	0.00	0.00	2000
223	10.50	2108	2119	0.00	201	0	0	0	nan	0.00	0.01	6.43	83.91	89.50	0.00	41	0	43	0.00	0.00	65.45	7.45	0.00	0.00	2000
220	10.90	2060	2061	0.00	198	0	0	0	nan	0.00	2.50	4.18	80.97	89.10	0.00	41	0	43	0.00	0.00	64.21	7.55	0.00	0.00	2000
229	10.33	2175	2141	0.00	196	0	0	0	nan	0.00	0.04	3.32	88.07	89.67	0.00	41	0	43	0.00	0.00	65.78	7.56	0.00	0.00	2000
221	10.65	2108	2063	0.00	196	0	0	0	nan	0.00	0.00	6.45	81.39	89.35	0.00	41	0	43	0.00	0.00	64.65	7.43	0.00	0.00	2000
225	10.72	2071	2128	0.00	197	0	0	0	nan	0.00	0.02	6.38	84.17	89.28	0.00	42	0	43	0.00	0.00	64.24	7.46	0.00	0.00	2000
224	10.30	2174	2100	0.00	200	0	0	0	nan	0.00	1.55	7.21	81.09	89.70	0.00	41	0	43	0.00	0.00	66.91	7.67	0.00	0.00	2000
222	10.69	2078	2095	0.00	195	0	0	3	66.42	0.04	0.02	7.61	81.55	89.31	0.00	41	0	43	0.00	0.00	63.99	7.22	0.00	0.00	2000
221	10.75	2057	2099	1.43	196	0	0	4	72.60	0.00	0.00	6.49	82.84	89.25	0.00	41	0	43	0.00	0.00	64.83	7.41	0.00	0.00	2000
222	10.79	2053	2109	0.00	196	0	0	0	nan	0.00	0.00	7.03	82.65	89.21	0.00	41	0	43	0.00	0.00	64.40	7.48	0.00	0.00	2000
224	10.95	2064	2078	0.00	200	0	0	0	nan	0.00	0.00	8.42	79.81	89.05	0.00	41	0	43	0.00	0.00	64.54	7.44	0.00	0.00	2000
224	10.86	2034	2128	0.00	196	0	0	0	nan	0.00	0.00	4.49	85.91	89.14	0.00	41	0	43	0.00	0.00	65.27	7.45	0.00	0.00	2000
220	10.91	2030	2088	0.00	194	0	0	0	nan	0.00	0.00	3.37	85.31	89.09	0.00	42	0	43	0.00	0.00	64.70	7.54	0.00	0.00	2000
221	10.53	2095	2108	0.00	195	0	0	0	nan	0.00	0.00	3.22	86.59	89.47	0.00	42	0	43	0.00	0.00	64.56	7.30	0.00	0.00	2000
221	10.83	2048	2095	0.00	195	0	0	0	nan	0.00	0.00	4.81	84.34	89.17	0.00	41	0	43	0.00	0.00	64.39	7.69	0.00	0.00	2000
221	10.56	2088	2105	0.00	195	0	0	0	nan	0.00	0.02	3.09	86.59	89.44	0.00	42	0	43	0.00	0.00	64.73	7.30	0.00	0.00	2000
221	10.86	2058	2080	0.00	196	0	0	0	nan	0.00	0.00	3.07	85.25	89.14	0.00	41	0	43	0.00	0.00	64.75	7.31	0.00	0.00	2000
222	10.72	2028	2141	0.00	195	0	0	0	nan	0.00	0.00	3.37	87.71	89.28	0.00	42	0	43	0.00	0.00	64.56	7.43	0.00	0.00	2000
220	11.12	2008	2074	0.00	193	0	0	0	nan	0.00	0.00	3.29	84.56	88.88	0.00	42	0	43	0.00	0.00	64.43	7.35	0.00	0.00	2000
222	11.00	2000	2122	0.00	196	0	0	0	nan	0.00	0.00	3.56	86.54	89.00	0.00	42	0	43	0.00	0.00	65.02	7.55	0.00	0.00	2000
218	11.02	2035	2044	0.00	194	0	0	0	nan	0.00	0.00	4.04	82.70	88.98	0.00	41	0	43	0.00	0.00	64.33	7.29	0.00	0.00	2000
223	10.59	2086	2120	0.00	195	0	0	0	nan	0.00	0.01	3.23	87.06	89.41	0.00	42	0	43	0.00	0.00	64.44	7.37	0.00	0.00	2000
222	10.85	2031	2116	0.00	194	0	0	0	nan	0.00	0.00	3.07	86.84	89.15	0.00	41	0	43	0.00	0.00	64.66	7.48	0.00	0.00	2000
223	10.76	2073	2097	0.00	196	0	0	0	nan	0.00	0.00	3.92	85.35	89.24	0.00	41	0	43	0.00	0.00	64.60	7.34	0.00	0.00	2000
220	10.76	2031	2112	0.00	194	0	0	2	83.83	0.00	0.02	3.50	86.29	89.24	0.00	42	0	43	0.00	0.00	64.38	7.43	0.00	0.00	2000
221	10.98	2030	2079	1.41	195	0	0	6	78.73	0.00	0.00	3.93	84.27	89.02	0.00	42	0	43	0.00	0.00	64.43	7.56	0.00	0.00	2000
223	10.36	2121	2127	0.00	194	0	0	0	nan	0.00	0.02	3.54	87.23	89.64	0.00	42	0	43	0.00	0.00	64.54	7.25	0.00	0.00	2000
221	10.78	2065	2087	0.00	196	0	0	0	nan	0.00	0.01	3.39	85.38	89.22	0.00	42	0	43	0.00	0.00	64.44	7.36	0.00	0.00	2000
220	10.50	2108	2089	0.00	195	0	0	0	nan	0.00	0.01	3.09	86.04	89.50	0.00	42	0	43	0.00	0.00	64.66	7.43	0.00	0.00	2000
221	10.80	2047	2096	0.00	195	0	0	0	nan	0.00	0.00	3.55	85.52	89.20	0.00	41	0	43	0.00	0.00	64.86	7.34	0.00	0.00	2000
221	10.82	2035	2112	0.00	195	0	0	0	nan	0.00	0.00	3.57	86.17	89.18	0.00	42	0	43	0.00	0.00	64.89	7.40	0.00	0.00	2000
221	10.75	2063	2097	0.00	196	0	0	0	nan	0.00	0.00	4.18	84.98	89.25	0.00	42	0	43	0.00	0.00	64.53	7.42	0.00	0.00	2000
226	10.75	2088	2111	0.00	197	0	0	0	nan	0.00	0.01	3.56	86.13	89.25	0.00	41	0	43	0.00	0.00	65.11	7.44	0.00	0.00	2000
220	11.01	2018	2082	0.00	211	0	0	0	nan	0.00	0.00	3.63	84.70	88.99	0.00	41	0	43	0.00	0.00	64.16	7.55	0.00	0.00	2000
220	10.99	1994	2113	0.00	194	0	0	0	nan	0.00	0.00	3.47	86.20	89.01	0.00	41	0	43	0.00	0.00	64.72	7.53	0.00	0.00	2000
221	10.77	2022	2127	0.00	196	0	0	0	nan	0.00	0.00	3.78	86.71	89.23	0.00	41	0	43	0.00	0.00	65.04	7.39	0.00	0.00	2000
222	10.98	2037	2080	0.00	195	0	0	0	nan	0.00	0.01	3.58	84.60	89.02	0.00	41	0	43	0.00	0.00	64.52	7.28	0.00	0.00	2000
228	10.90	2116	2081	0.00	195	0	0	0	nan	0.00	0.00	3.64	84.62	89.10	0.00	42	0	43	0.00	0.00	65.23	7.44	0.00	0.00	2000
221	10.45	2121	2094	0.00	194	0	0	0	nan	0.00	0.02	3.32	85.97	89.55	0.00	41	0	43	0.00	0.00	64.81	7.40	0.00	0.00	2000
222	10.47	2095	2125	0.00	197	0	0	0	nan	0.01	0.02	3.53	87.07	89.53	0.00	42	0	43	0.00	0.00	64.78	7.28	0.00	0.00	2000
222	10.72	2079	2090	0.00	197	0	0	0	nan	0.00	0.00	3.79	85.19	89.28	0.00	41	0	43	0.00	0.00	64.86	7.38	0.00	0.00	2000
221	11.03	2000	2100	0.00	194	0	0	1	78.40	0.00	0.00	3.73	85.42	88.97	0.00	42	0	43	0.00	0.00	64.84	7.31	0.00	0.00	2000
222	11.03	2034	2078	1.36	194	0	0	6	72.28	0.00	0.03	3.38	84.71	88.97	0.00	42	0	43	0.00	0.00	61.84	7.14	0.00	0.00	2000
220	10.46	2096	2109	0.00	194	0	0	0	nan	0.00	0.00	2.95	87.04	89.54	0.00	42	0	43	0.00	0.00	65.14	7.70	0.00	0.00	2000
222	10.57	2084	2113	0.00	196	0	0	0	nan	0.00	0.02	3.26	86.81	89.43	0.00	41	0	43	0.00	0.00	67.33	7.45	0.00	0.00	2000
221	10.76	2035	2116	0.00	196	0	0	0	nan	0.00	0.00	3.27	86.73	89.24	0.00	41	0	43	0.00	0.00	64.70	7.35	0.00	0.00	2000
220	10.77	2061	2084	0.00	195	0	0	0	nan	0.00	0.00	3.79	84.70	89.23	0.00	42	0	43	0.00	0.00	64.52	7.39	0.00	0.00	2000
222	10.54	2089	2121	0.00	195	0	0	0	nan	0.00	0.00	3.89	86.53	89.46	0.00	41	0	43	0.00	0.00	64.51	7.45	0.00	0.00	2000
219	11.11	1979	2095	0.00	194	0	0	0	nan	0.00	0.00	3.38	85.46	88.89	0.00	41	0	43	0.00	0.00	64.51	7.42	0.00	0.00	2000
221	10.82	2063	2078	0.00	195	0	0	0	nan	0.00	0.00	3.62	84.73	89.18	0.00	42	0	43	0.00	0.00	64.61	7.19	0.00	0.00	2000
222	10.52	2114	2094	0.00	197	0	0	0	nan	0.00	0.01	4.36	84.89	89.48	0.00	42	0	43	0.00	0.00	61.92	7.32	0.00	0.00	2000
221	10.71	2051	2116	0.00	195	0	0	0	nan	0.00	0.00	3.78	86.24	89.29	0.00	41	0	43	0.00	0.00	67.94	7.62	0.00	0.00	2000
223	10.60	2107	2099	0.00	197	0	0	0	nan	0.00	0.00	3.27	86.08	89.40	0.00	41	0	43	0.00	0.00	64.80	7.44	0.00	0.00	2000
221	10.87	2031	2101	0.00	195	0	0	0	nan	0.00	0.00	3.49	85.78	89.13	0.00	42	0	43	0.00	0.00	62.33	7.31	0.00	0.00	2000
221	10.81	2052	2091	0.00	193	0	0	0	nan	0.00	0.02	3.03	85.87	89.19	0.00	42	0	43	0.00	0.00	64.82	7.33	0.00	0.00	2000
220	10.50	2095	2097	0.00	194	0	0	0	nan	0.01	0.00	2.98	86.37	89.50	0.00	41	0	43	0.00	0.00	65.02	7.48	0.00	0.00	2000
223	10.59	2104	2100	0.00	197	0	0	0	nan	0.00	0.02	3.62	85.81	89.41	0.00	42	0	43	0.00	0.00	64.84	7.38	0.00	0.00	2000
224	10.84	2073	2097	0.00	196	0	0	0	nan	0.00	0.02	3.73	85.35	89.16	0.00	42	0	43	0.00	0.00	65.14	7.43	0.00	0.00	2000
221	10.65	2063	2113	0.00	194	0	0	0	nan	0.00	0.00	3.57	86.35	89.35	0.00	41	0	43	0.00	0.00	64.48	7.36	0.00	0.00	2000
220	10.85	2037	2095	1.20	195	0	0	5	62.91	0.00	0.00	3.54	85.48	89.15	0.00	42	0	43	0.00	0.00	64.56	7.15	0.00	0.00	2000
219	10.44	2114	2087	0.22	195	0	0	0	nan	0.00	0.00	3.55	85.50	89.56	0.00	41	0	43	0.00	0.00	64.54	7.49	0.00	0.00	2000
222	10.41	2104	2128	0.00	194	0	0	0	nan	0.00	0.02	3.30	87.46	89.59	0.00	42	0	43	0.00	0.00	64.71	7.31	0.00	0.00	2000
222	10.63	2091	2100	0.00	194	0	0	0	nan	0.00	0.00	3.67	85.78	89.37	0.00	42	0	43	0.00	0.00	64.44	7.40	0.00	0.00	2000
219	10.49	2127	2062	0.00	211	0	0	0	nan	0.00	0.02	2.67	85.25	89.51	0.00	42	0	43	0.00	0.00	62.09	7.06	0.00	0.00	2000
222	10.59	2051	2150	0.00	195	0	0	0	nan	0.00	0.00	3.54	88.06	89.41	0.00	42	0	43	0.00	0.00	70.02	8.01	0.00	0.00	2000
221	11.00	2022	2088	0.00	195	0	0	0	nan	0.00	0.00	3.52	85.04	89.00	0.00	42	0	43	0.00	0.00	61.86	7.10	0.00	0.00	2000
220	10.82	2050	2080	0.00	194	0	0	0	nan	0.00	0.00	3.72	84.63	89.18	0.00	41	0	43	0.00	0.00	64.59	7.34	0.00	0.00	2000
223	10.65	2095	2101	0.00	195	0	0	0	nan	0.00	0.00	3.79	85.66	89.35	0.00	42	0	43	0.00	0.00	64.88	7.45	0.00	0.00	2000
221	10.61	2084	2096	0.00	194	0	0	0	nan	0.00	0.00	3.17	86.12	89.39	0.00	41	0	43	0.00	0.00	62.26	7.32	0.00	0.00	2000
222	10.58	2087	2110	0.00	204	0	0	0	nan	0.00	0.01	4.69	85.21	89.42	0.00	42	0	43	0.00	0.00	67.25	7.48	0.00	0.00	2000
223	10.65	2098	2092	0.00	202	0	0	0	nan	0.00	0.02	3.92	85.09	89.35	0.00	41	0	43	0.00	0.00	65.06	7.52	0.00	0.00	2000
224	10.64	2079	2122	0.00	197	0	0	0	nan	0.00	0.00	3.94	86.32	89.36	0.00	42	0	43	0.00	0.00	64.57	7.38	0.00	0.00	2000
222	10.87	2035	2105	0.00	196	0	0	0	nan	0.00	0.00	3.85	85.69	89.13	0.00	41	0	43	0.00	0.00	64.26	7.41	0.00	0.00	2000
223	10.86	2069	2080	0.00	196	0	0	0	nan	0.00	0.00	4.01	84.36	89.14	0.00	41	0	43	0.00	0.00	64.89	7.66	0.00	0.00	2000
221	10.33	2133	2103	0.00	194	0	0	0	nan	0.00	0.02	2.92	86.91	89.67	0.00	41	0	43	0.00	0.00	65.01	7.33	0.00	0.00	2000
221	10.49	2108	2098	0.00	194	0	0	0	nan	0.00	0.00	3.22	86.24	89.51	0.00	42	0	43	0.00	0.00	65.21	7.15	0.00	0.00	2000
220	10.40	2136	2082	1.02	195	0	0	5	65.55	0.00	0.00	3.03	85.76	89.60	0.00	42	0	43	0.00	0.00	62.03	7.47	0.00	0.00	2000
222	10.43	2112	2116	0.38	196	0	0	0	nan	0.00	0.00	3.03	87.33	89.57	0.00	41	0	43	0.00	0.00	65.85	7.46	0.00	0.00	2000
223	10.76	2071	2106	0.00	195	0	0	0	nan	0.00	0.02	3.26	86.23	89.24	0.00	42	0	43	0.00	0.00	64.23	7.42	0.00	0.00	2000
220	10.57	2074	2106	0.00	194	0	0	0	nan	0.00	0.00	3.41	86.28	89.43	0.00	42	0	43	0.00	0.00	67.49	7.51	0.00	0.00	2000
219	10.69	2068	2078	0.00	195	0	0	0	nan	0.00	0.00	3.50	84.91	89.31	0.00	41	0	43	0.00	0.00	62.10	7.16	0.00	0.00	2000
221	10.52	2093	2109	0.00	195	0	0	0	nan	0.00	0.02	3.63	86.27	89.48	0.00	42	0	43	0.00	0.00	64.74	7.43	0.00	0.00	2000
221	10.75	2057	2098	0.00	194	0	0	0	nan	0.00	0.02	3.07	86.12	89.25	0.00	42	0	43	0.00	0.00	64.68	7.36	0.00	0.00	2000
223	10.66	2081	2108	0.00	196	0	0	0	nan	0.00	0.02	3.50	86.21	89.34	0.00	42	0	43	0.00	0.00	64.43	7.38	0.00	0.00	2000
221	10.50	2116	2089	0.00	195	0	0	0	nan	0.00	0.00	3.38	85.63	89.50	0.00	42	0	43	0.00	0.00	64.97	7.30	0.00	0.00	2000
224	10.27	2124	2151	0.00	205	0	0	0	nan	0.00	0.00	4.75	87.16	89.73	0.00	41	0	43	0.00	0.00	65.72	7.61	0.00	0.00	2000
227	10.52	2159	2103	0.00	196	0	0	0	nan	0.00	0.00	3.88	85.73	89.48	0.00	42	0	43	0.00	0.00	67.49	7.61	0.00	0.00	2000
220	10.42	2113	2096	0.00	194	0	0	0	nan	0.00	0.00	2.20	87.30	89.58	0.00	41	0	43	0.00	0.00	63.71	7.25	0.00	0.00	2000
219	11.24	2023	2019	0.00	196	0	0	0	nan	0.00	0.03	3.30	82.07	88.76	0.00	41	0	43	0.00	0.00	62.62	7.03	0.00	0.00	2000
222	10.44	2090	2138	0.00	194	0	0	0	nan	0.00	0.02	2.58	88.71	89.56	0.00	42	0	43	0.00	0.00	64.37	7.26	0.00	0.00	2000
222	10.71	2059	2116	0.00	195	0	0	0	nan	0.00	0.00	2.99	86.98	89.29	0.00	42	0	43	0.00	0.00	64.69	7.33	0.00	0.00	2000
220	10.94	2031	2075	0.00	213	0	0	0	nan	0.00	0.00	4.66	83.45	89.06	0.00	41	0	43	0.00	0.00	64.49	7.49	0.00	0.00	2000
222	10.50	2066	2153	0.00	195	0	0	0	nan	0.00	0.00	3.58	88.24	89.50	0.00	42	0	43	0.00	0.00	65.65	7.75	0.00	0.00	2000
220	10.75	2117	2032	0.84	196	0	0	6	71.39	0.00	0.00	3.59	82.85	89.25	0.00	41	0	43	0.00	0.00	63.87	7.09	0.00	0.00	2000
224	10.66	2018	2186	0.57	195	0	0	0	94.43	0.00	0.01	3.17	89.93	89.34	0.00	41	0	43	0.00	0.00	66.46	7.47	0.00	0.00	2000
219	10.66	2122	2033	0.00	195	0	0	0	nan	0.00	0.02	2.89	83.61	89.34	0.00	42	0	43	0.00	0.00	62.73	7.16	0.00	0.00	2000
221	10.47	2079	2128	0.00	194	0	0	0	nan	0.00	0.02	3.07	87.68	89.53	0.00	41	0	43	0.00	0.00	64.61	7.42	0.00	0.00	2000
222	10.93	2021	2112	0.00	196	0	0	0	nan	0.00	0.02	3.99	85.65	89.07	0.00	41	0	43	0.00	0.00	64.72	7.52	0.00	0.00	2000
222	10.84	2064	2089	0.00	195	0	0	0	nan	0.00	0.00	3.25	85.52	89.16	0.00	42	0	43	0.00	0.00	64.72	7.17	0.00	0.00	2000
221	10.55	2072	2125	0.00	194	0	0	0	nan	0.00	0.00	2.94	87.65	89.45	0.00	42	0	43	0.00	0.00	64.84	7.41	0.00	0.00	2000
221	10.82	2069	2073	0.00	195	0	0	0	nan	0.00	0.00	3.05	85.05	89.18	0.00	42	0	43	0.00	0.00	64.92	7.44	0.00	0.00	2000
222	10.81	2042	2110	0.00	194	0	0	0	nan	0.00	0.00	2.97	86.80	89.19	0.00	41	0	43	0.00	0.00	64.58	7.42	0.00	0.00	2000
220	10.88	2038	2085	0.00	195	0	0	0	nan	0.00	0.00	3.42	85.16	89.12	0.00	42	0	43	0.00	0.00	64.91	7.37	0.00	0.00	2000
222	10.51	2115	2095	0.00	195	0	0	0	nan	0.00	0.01	3.43	85.82	89.49	0.00	42	0	43	0.00	0.00	64.97	7.43	0.00	0.00	2000
221	10.61	2078	2102	0.00	194	0	0	0	nan	0.00	0.00	2.99	86.49	89.39	0.00	41	0	43	0.00	0.00	64.82	7.53	0.00	0.00	2000
221	10.55	2091	2104	0.00	195	0	0	0	nan	0.00	0.01	3.30	86.37	89.45	0.00	41	0	43	0.00	0.00	64.58	7.36	0.00	0.00	2000
221	10.62	2087	2098	0.00	196	0	0	0	nan	0.00	0.01	3.15	86.22	89.38	0.00	41	0	43	0.00	0.00	64.86	7.30	0.00	0.00	2000
217	11.05	2076	1990	0.00	195	0	0	0	nan	0.00	0.02	3.18	81.16	88.95	0.00	42	0	43	0.00	0.00	59.74	6.81	0.00	0.00	2000
226	10.45	2036	2228	0.00	211	0	0	0	nan	0.00	0.00	3.12	91.95	89.55	0.00	42	0	43	0.00	0.00	70.15	8.00	0.00	0.00	2000
220	10.82	2031	2104	0.00	195	0	0	0	nan	0.00	0.00	3.31	86.15	89.18	0.00	42	0	43	0.00	0.00	64.66	7.45	0.00	0.00	2000
220	10.51	2097	2095	0.68	195	0	0	6	75.20	0.00	0.00	4.27	85.04	89.49	0.00	41	0	43	0.00	0.00	64.87	7.27	0.00	0.00	2000
221	10.72	2080	2086	0.72	196	0	0	1	90.58	0.00	0.00	4.47	84.28	89.28	0.00	41	0	43	0.00	0.00	64.58	7.30	0.00	0.00	2000
222	10.61	2071	2118	0.00	197	0	0	0	nan	0.00	0.00	3.62	86.62	89.39	0.00	42	0	43	0.00	0.00	64.83	7.30	0.00	0.00	2000
222	11.18	2002	2082	0.00	194	0	0	0	nan	0.00	0.00	3.81	84.37	88.82	0.00	42	0	43	0.00	0.00	64.26	7.44	0.00	0.00	2000
221	10.44	2114	2102	0.00	195	0	0	0	nan	0.00	0.01	3.37	86.25	89.56	0.00	42	0	43	0.00	0.00	64.94	7.45	0.00	0.00	2000
221	10.58	2072	2113	0.00	194	0	0	0	nan	0.00	0.00	3.71	86.30	89.42	0.00	42	0	43	0.00	0.00	64.75	7.46	0.00	0.00	2000
226	10.79	2087	2108	0.00	194	0	0	0	nan	0.00	0.02	3.57	86.06	89.21	0.00	41	0	43	0.00	0.00	64.82	7.74	0.00	0.00	2000
221	10.92	2038	2087	0.00	195	0	0	0	nan	0.00	0.00	2.61	86.01	89.08	0.00	41	0	43	0.00	0.00	64.49	7.48	0.00	0.00	2000
225	10.74	2058	2134	0.00	195	0	0	0	nan	0.00	0.00	3.42	87.31	89.26	0.00	42	0	43	0.00	0.00	66.58	7.71	0.00	0.00	2000
219	10.74	2106	2033	0.00	195	0	0	0	nan	0.00	0.00	3.00	83.50	89.26	0.00	41	0	43	0.00	0.00	60.09	6.82	0.00	0.00	2000
221	10.53	2052	2152	0.00	194	0	0	0	nan	0.00	0.00	3.05	88.68	89.47	0.00	41	0	43	0.00	0.00	67.35	7.67	0.00	0.00	2000
222	10.89	2025	2113	0.00	194	0	0	0	nan	0.00	0.00	3.28	86.42	89.11	0.00	41	0	43	0.00	0.00	65.42	7.54	0.00	0.00	2000
220	10.74	2094	2053	0.00	196	0	0	0	nan	0.00	0.02	3.25	84.05	89.26	0.00	42	0	43	0.00	0.00	64.07	7.28	0.00	0.00	2000
220	10.96	2070	2035	0.00	198	0	0	0	nan	0.00	0.00	2.98	83.38	89.04	0.00	42	0	43	0.00	0.00	59.99	6.96	0.00	0.00	2000
225	10.77	1994	2196	0.00	211	0	0	0	nan	0.01	0.00	2.65	90.82	89.23	0.00	42	0	43	0.00	0.00	70.06	7.82	0.00	0.00	2000
221	11.04	1996	2103	0.00	193	0	0	0	nan	0.00	0.00	3.33	85.96	88.96	0.00	41	0	43	0.00	0.00	64.53	7.29	0.00	0.00	2000
220	10.67	2087	2075	0.00	194	0	0	0	nan	0.00	0.00	3.58	84.74	89.33	0.00	42	0	43	0.00	0.00	65.13	7.19	0.00	0.00	2000
226	10.71	2089	2120	0.49	211	0	0	6	69.21	0.00	0.00	7.30	82.91	89.29	0.00	41	0	43	0.00	0.00	65.06	7.41	0.00	0.00	2000
222	10.91	2053	2083	0.91	195	0	0	2	87.16	0.00	0.00	3.71	84.69	89.09	0.00	42	0	43	0.00	0.00	65.08	7.11	0.00	0.00	2000
221	10.52	2093	2111	0.00	194	0	0	0	nan	0.00	0.00	3.76	86.33	89.48	0.00	41	0	43	0.00	0.00	64.89	7.95	0.00	0.00	2000
222	10.51	2098	2111	0.00	194	0	0	0	nan	0.00	0.02	3.49	86.50	89.49	0.00	41	0	43	0.00	0.00	64.75	7.49	0.00	0.00	2000
221	10.53	2101	2103	0.00	195	0	0	0	nan	0.00	0.00	4.44	85.19	89.47	0.00	42	0	43	0.00	0.00	65.66	7.49	0.00	0.00	2000
220	10.47	2126	2077	0.00	197	0	0	0	nan	0.00	0.00	4.17	84.43	89.53	0.00	42	0	43	0.00	0.00	61.75	6.87	0.00	0.00	2000
219	11.29	2020	2015	0.00	196	0	0	0	nan	0.00	0.01	3.09	82.08	88.71	0.00	42	0	43	0.00	0.00	62.36	6.94	0.00	0.00	2000
223	10.21	2101	2186	0.00	211	0	0	0	nan	0.00	0.03	2.47	91.06	89.79	0.00	41	0	43	0.00	0.00	67.19	7.49	0.00	0.00	2000
221	10.51	2076	2127	0.00	195	0	0	0	nan	0.00	0.00	3.03	87.69	89.49	0.00	42	0	43	0.00	0.00	67.44	7.77	0.00	0.00	2000
221	10.79	2045	2099	0.00	194	0	0	0	nan	0.00	0.00	3.39	85.83	89.21	0.00	41	0	43	0.00	0.00	64.95	7.46	0.00	0.00	2000
222	11.02	2015	2095	0.00	193	0	0	0	nan	0.00	0.00	3.61	85.32	88.98	0.00	42	0	43	0.00	0.00	64.85	7.44	0.00	0.00	2000
222	10.87	2070	2073	0.00	195	0	0	0	nan	0.00	0.02	3.45	84.64	89.13	0.00	41	0	43	0.00	0.00	62.00	7.43	0.00	0.00	2000
223	10.61	2076	2125	0.00	195	0	0	0	nan	0.00	0.00	3.12	87.41	89.39	0.00	42	0	43	0.00	0.00	67.90	7.70	0.00	0.00	2000
222	10.60	2106	2090	0.00	194	0	0	0	nan	0.00	0.00	3.16	85.84	89.40	0.00	41	0	43	0.00	0.00	62.06	7.14	0.00	0.00	2000
221	10.42	2112	2114	0.00	194	0	0	0	nan	0.00	0.00	3.42	86.86	89.58	0.00	42	0	43	0.00	0.00	65.07	7.60	0.00	0.00	2000
222	10.78	2073	2085	0.00	194	0	0	0	nan	0.00	0.02	3.38	85.22	89.22	0.00	42	0	43	0.00	0.00	65.05	7.52	0.00	0.00	2000
224	10.80	2051	2125	0.00	196	0	0	0	nan	0.00	0.03	3.62	86.67	89.20	0.00	41	0	43	0.00	0.00	67.34	7.83	0.00	0.00	2000
219	10.32	2138	2088	0.34	194	0	0	5	70.12	0.00	0.00	3.67	85.52	89.68	0.00	42	0	43	0.00	0.00	62.23	6.98	0.00	0.00	2000
220	10.57	2093	2092	1.07	195	0	0	3	80.08	0.00	0.02	3.71	85.45	89.43	0.00	42	0	43	0.00	0.00	64.91	7.48	0.00	0.00	2000
221	10.75	2043	2110	0.00	194	0	0	0	nan	0.00	0.00	2.80	86.98	89.25	0.00	41	0	43	0.00	0.00	65.02	7.46	0.00	0.00	2000
220	10.70	2030	2128	0.00	194	0	0	0	nan	0.00	0.00	2.85	87.74	89.30	0.00	41	0	43	0.00	0.00	67.66	7.68	0.00	0.00	2000
221	11.20	2014	2057	0.00	212	0	0	0	nan	0.00	0.00	2.82	84.23	88.80	0.00	41	0	43	0.00	0.00	60.69	6.81	0.00	0.00	2000
221	10.58	2093	2093	0.00	193	0	0	0	nan	0.00	0.02	2.73	86.41	89.42	0.00	41	0	43	0.00	0.00	63.88	7.29	0.00	0.00	2000
221	10.50	2100	2106	0.00	194	0	0	0	nan	0.00	0.00	3.19	86.48	89.50	0.00	41	0	43	0.00	0.00	67.94	7.55	0.00	0.00	2000
223	10.36	2090	2160	0.00	194	0	0	0	nan	0.00	0.00	3.52	88.71	89.64	0.00	41	0	43	0.00	0.00	66.47	7.60	0.00	0.00	2000
224	11.17	2085	2019	0.00	200	0	0	0	nan	0.00	0.01	5.52	79.91	88.83	0.00	42	0	43	0.00	0.00	61.51	7.01	0.00	0.00	2000
224	10.68	2089	2109	0.00	195	0	0	0	nan	0.00	0.00	3.88	85.82	89.32	0.00	42	0	43	0.00	0.00	63.84	7.21	0.00	0.00	2000
223	10.54	2099	2115	0.00	194	0	0	0	nan	0.00	0.02	2.75	87.45	89.46	0.00	42	0	43	0.00	0.00	65.34	7.32	0.00	0.00	2000
221	10.35	2128	2109	0.00	194	0	0	0	nan	0.00	0.00	3.15	86.92	89.65	0.00	42	0	43	0.00	0.00	68.13	7.76	0.00	0.00	2000
221	10.60	2084	2100	0.00	195	0	0	0	nan	0.00	0.00	3.76	85.71	89.40	0.00	42	0	43	0.00	0.00	65.28	7.10	0.00	0.00	2000
222	10.43	2119	2112	0.00	194	0	0	0	nan	0.00	0.02	3.02	87.10	89.57	0.00	42	0	43	0.00	0.00	65.01	7.62	0.00	0.00	2000
219	10.37	2137	2079	0.00	195	0	0	0	nan	0.00	0.00	3.38	85.35	89.63	0.00	42	0	43	0.00	0.00	62.71	7.05	0.00	0.00	2000
251	12.28	2150	1997	0.00	195	0	0	0	nan	0.00	0.02	3.14	80.36	87.72	0.00	42	0	43	0.00	0.00	66.22	7.36	0.00	0.00	2000
226	10.24	2081	2224	0.00	211	0	0	0	nan	0.00	0.00	3.08	91.94	89.76	0.00	41	0	43	0.00	0.00	65.16	7.57	0.00	0.00	2000
219	10.54	2088	2094	0.47	210	0	0	5	72.34	0.00	0.00	3.20	86.01	89.46	0.00	41	0	43	0.00	0.00	65.14	7.46	0.00	0.00	2000
221	10.59	2084	2098	0.92	194	0	0	2	83.75	0.00	0.00	3.56	85.81	89.41	0.00	42	0	43	0.00	0.00	65.11	7.40	0.00	0.00	2000
223	10.67	2077	2115	0.00	195	0	0	0	nan	0.00	0.01	3.67	86.31	89.33	0.00	42	0	43	0.00	0.00	67.63	7.65	0.00	0.00	2000
222	10.76	2067	2099	0.00	195	0	0	0	nan	0.00	0.02	3.62	85.68	89.24	0.00	42	0	43	0.00	0.00	62.62	7.03	0.00	0.00	2000
221	10.66	2063	2109	0.00	194	0	0	0	nan	0.00	0.00	3.19	86.58	89.34	0.00	42	0	43	0.00	0.00	65.08	7.54	0.00	0.00	2000
220	10.79	2062	2078	0.00	194	0	0	0	nan	0.00	0.00	3.48	84.93	89.21	0.00	42	0	43	0.00	0.00	64.74	7.40	0.00	0.00	2000
222	10.52	2100	2110	0.00	194	0	0	0	nan	0.00	0.00	3.02	86.93	89.48	0.00	42	0	43	0.00	0.00	65.34	7.52	0.00	0.00	2000
222	10.55	2112	2096	0.00	196	0	0	0	nan	0.00	0.02	4.11	85.30	89.45	0.00	42	0	43	0.00	0.00	65.73	7.35	0.00	0.00	2000
225	10.88	2079	2091	0.00	213	0	0	0	nan	0.00	0.01	3.35	85.44	89.12	0.00	42	0	43	0.00	0.00	64.77	7.53	0.00	0.00	2000
222	10.61	2049	2142	0.00	194	0	0	0	nan	0.00	0.00	2.98	88.31	89.39	0.00	41	0	43	0.00	0.00	67.44	7.81	0.00	0.00	2000
220	10.83	2071	2058	0.00	193	0	0	0	nan	0.00	0.03	2.55	84.92	89.17	0.00	42	0	43	0.00	0.00	63.50	6.95	0.00	0.00	2000
222	10.76	2058	2103	0.00	197	0	0	0	nan	0.00	0.00	3.64	85.76	89.24	0.00	42	0	43	0.00	0.00	65.19	7.26	0.00	0.00	2000
225	10.63	2100	2114	0.00	196	0	0	0	nan	0.00	0.02	3.73	86.33	89.37	0.00	41	0	43	0.00	0.00	65.03	7.26	0.00	0.00	2000
221	10.67	2072	2098	0.00	194	0	0	0	nan	0.00	0.02	3.42	85.89	89.33	0.00	41	0	43	0.00	0.00	64.87	7.34	0.00	0.00	2000
221	10.78	2034	2114	0.00	194	0	0	0	nan	0.00	0.00	3.58	86.26	89.22	0.00	41	0	43	0.00	0.00	65.04	7.14	0.00	0.00	2000
220	10.89	2049	2073	0.00	194	0	0	0	nan	0.00	0.00	3.66	84.43	89.11	0.00	41	0	43	0.00	0.00	64.41	7.19	0.00	0.00	2000
221	10.43	2120	2103	0.00	195	0	0	0	nan	0.00	0.01	2.56	87.17	89.57	0.00	42	0	43	0.00	0.00	64.72	7.27	0.00	0.00	2000
223	10.31	2157	2106	0.34	196	0	0	5	74.63	0.00	0.01	3.48	86.50	89.69	0.00	41	0	43	0.00	0.00	66.04	7.39	0.00	0.00	2000
221	10.48	2114	2099	1.07	194	0	0	3	83.23	0.00	0.01	3.28	86.22	89.52	0.00	41	0	43	0.00	0.00	64.92	7.37	0.00	0.00	2000
222	10.46	2105	2114	0.00	195	0	0	0	nan	0.01	0.00	3.79	86.33	89.54	0.00	42	0	43	0.00	0.00	65.17	7.50	0.00	0.00	2000
221	10.84	2048	2086	0.00	195	0	0	0	nan	0.00	0.00	4.35	84.30	89.16	0.00	42	0	43	0.00	0.00	65.22	7.36	0.00	0.00	2000
222	10.67	2049	2130	0.00	194	0	0	0	nan	0.00	0.01	3.04	87.60	89.33	0.00	41	0	43	0.00	0.00	64.83	7.46	0.00	0.00	2000
221	11.27	1999	2062	0.00	194	0	0	0	nan	0.00	0.00	3.40	83.85	88.73	0.00	41	0	43	0.00	0.00	64.75	7.47	0.00	0.00	2000
220	10.63	2064	2111	0.00	195	0	0	0	nan	0.01	0.00	3.04	86.85	89.37	0.00	41	0	43	0.00	0.00	65.56	7.77	0.00	0.00	2000
221	10.64	2073	2104	0.00	195	0	0	0	nan	0.00	0.00	3.55	86.00	89.36	0.00	41	0	43	0.00	0.00	65.45	7.42	0.00	0.00	2000
220	10.73	2060	2093	0.00	195	0	0	0	nan	0.00	0.00	3.46	85.57	89.27	0.00	41	0	43	0.00	0.00	65.19	7.66	0.00	0.00	2000
222	10.64	2081	2104	0.00	194	0	0	0	nan	0.00	0.02	3.53	86.06	89.36	0.00	41	0	43	0.00	0.00	65.66	7.43	0.00	0.00	2000
223	10.91	2038	2105	0.00	196	0	0	0	nan	0.00	0.00	3.42	85.92	89.09	0.00	42	0	43	0.00	0.00	65.26	7.49	0.00	0.00	2000
220	10.82	2042	2091	0.00	211	0	0	0	nan	0.02	0.02	3.58	85.28	89.18	0.00	41	0	43	0.00	0.00	65.38	7.46	0.00	0.00	2000
221	11.12	1991	2099	0.00	194	0	0	0	nan	0.00	0.00	3.07	85.97	88.88	0.00	41	0	43	0.00	0.00	64.91	7.38	0.00	0.00	2000
222	10.54	2085	2118	0.00	194	0	0	0	nan	0.01	0.00	3.29	86.97	89.46	0.00	41	0	43	0.00	0.00	65.38	7.42	0.00	0.00	2000
219	10.65	2083	2076	0.00	194	0	0	0	nan	0.00	0.00	3.17	85.24	89.35	0.00	41	0	43	0.00	0.00	65.07	7.42	0.00	0.00	2000
225	10.52	2095	2142	0.00	200	0	0	0	nan	0.00	0.02	4.20	87.06	89.48	0.00	41	0	43	0.00	0.00	65.27	7.38	0.00	0.00	2000
220	11.07	2024	2060	0.00	194	0	0	0	nan	0.00	0.00	4.03	83.28	88.93	0.00	41	0	43	0.00	0.00	65.18	7.40	0.00	0.00	2000
221	10.66	2047	2125	0.18	194	0	0	4	74.97	0.00	0.02	2.87	87.57	89.34	0.00	42	0	43	0.00	0.00	65.31	7.43	0.00	0.00	2000
220	10.89	2047	2075	1.27	194	0	0	3	80.10	0.00	0.00	3.37	84.80	89.11	0.00	42	0	43	0.00	0.00	64.99	7.41	0.00	0.00	2000
222	10.69	2058	2115	0.00	195	0	0	0	nan	0.00	0.02	3.12	86.93	89.31	0.00	42	0	43	0.00	0.00	65.11	7.50	0.00	0.00	2000
222	11.06	2037	2069	0.00	195	0	0	0	nan	0.00	0.02	3.71	84.01	88.94	0.00	42	0	43	0.00	0.00	65.07	7.40	0.00	0.00	2000
222	10.42	2102	2124	0.00	194	0	0	0	nan	0.00	0.00	3.83	86.91	89.58	0.00	41	0	43	0.00	0.00	65.12	7.51	0.00	0.00	2000
221	10.59	2093	2091	0.00	194	0	0	0	nan	0.00	0.01	3.04	85.99	89.41	0.00	42	0	43	0.00	0.00	64.97	7.62	0.00	0.00	2000
231	11.20	2049	2110	0.00	195	0	0	0	nan	0.00	0.01	3.22	86.03	88.80	0.00	42	0	43	0.00	0.00	64.90	7.43	0.00	0.00	2000
222	10.62	2082	2107	0.00	194	0	0	0	nan	0.00	0.02	3.20	86.47	89.38	0.00	42	0	43	0.00	0.00	64.77	7.43	0.00	0.00	2000
223	10.63	2074	2119	0.00	194	0	0	0	nan	0.00	0.00	3.57	86.65	89.37	0.00	42	0	43	0.00	0.00	65.14	7.48	0.00	0.00	2000
222	10.68	2112	2064	0.00	195	0	0	0	nan	0.00	0.00	2.90	84.92	89.32	0.00	41	0	43	0.00	0.00	64.88	7.61	0.00	0.00	2000
222	10.86	2041	2104	0.00	198	0	0	0	nan	0.00	0.01	4.51	84.85	89.14	0.00	41	0	43	0.00	0.00	64.82	7.38	0.00	0.00	2000
221	10.69	2054	2113	0.00	196	0	0	0	nan	0.00	0.00	4.09	85.89	89.31	0.00	42	0	43	0.00	0.00	64.25	7.36	0.00	0.00	2000
221	10.92	2031	2096	0.00	194	0	0	0	nan	0.00	0.00	3.39	85.67	89.08	0.00	41	0	43	0.00	0.00	64.58	7.49	0.00	0.00	2000
220	10.68	2063	2101	0.00	194	0	0	0	nan	0.00	0.02	3.43	85.98	89.32	0.00	41	0	43	0.00	0.00	64.84	7.59	0.00	0.00	2000
222	10.69	2051	2127	0.00	195	0	0	0	nan	0.00	0.00	3.87	86.66	89.31	0.00	42	0	43	0.00	0.00	64.83	7.38	0.00	0.00	2000
220	11.00	2041	2056	0.00	195	0	0	0	nan	0.00	0.00	4.45	82.88	89.00	0.00	42	0	43	0.00	0.00	64.90	7.42	0.00	0.00	2000
222	10.71	2050	2123	0.00	194	0	0	0	nan	0.00	0.00	3.01	87.47	89.29	0.00	42	0	43	0.00	0.00	64.37	7.42	0.00	0.00	2000
220	10.85	2039	2091	0.00	194	0	0	3	74.27	0.01	0.00	3.47	85.49	89.15	0.00	42	0	43	0.00	0.00	64.61	7.54	0.00	0.00	2000
221	10.70	2044	2127	1.39	197	0	0	5	71.16	0.00	0.00	4.02	86.53	89.30	0.00	42	0	43	0.00	0.00	65.00	7.53	0.00	0.00	2000
227	10.83	2078	2113	0.00	200	0	0	0	nan	0.00	0.00	4.94	84.82	89.17	0.00	42	0	43	0.00	0.00	66.05	7.52	0.00	0.00	2000
219	10.99	2037	2056	0.00	193	0	0	0	nan	0.00	0.00	5.39	81.85	89.01	0.00	42	0	43	0.00	0.00	64.09	7.23	0.00	0.00	2000
220	10.81	2034	2097	0.00	194	0	0	0	nan	0.00	0.00	3.24	85.96	89.19	0.00	41	0	43	0.00	0.00	64.53	7.28	0.00	0.00	2000
221	10.48	2106	2101	0.00	194	0	0	0	nan	0.00	0.02	3.22	86.33	89.52	0.00	41	0	43	0.00	0.00	65.10	7.25	0.00	0.00	2000
220	10.56	2087	2099	0.00	195	0	0	0	nan	0.00	0.00	3.83	85.63	89.44	0.00	42	0	43	0.00	0.00	64.79	7.30	0.00	0.00	2000
223	10.74	2075	2100	0.00	195	0	0	0	nan	0.00	0.00	3.82	85.49	89.26	0.00	41	0	43	0.00	0.00	62.39	7.03	0.00	0.00	2000
221	10.66	2075	2099	0.00	196	0	0	0	nan	0.00	0.00	3.58	85.77	89.34	0.00	42	0	43	0.00	0.00	64.99	7.41	0.00	0.00	2000
223	10.50	2101	2121	0.00	194	0	0	0	nan	0.00	0.00	3.28	87.16	89.50	0.00	42	0	43	0.00	0.00	67.73	7.72	0.00	0.00	2000
223	10.71	2100	2079	0.00	195	0	0	0	nan	0.00	0.00	4.12	84.29	89.29	0.00	42	0	43	0.00	0.00	62.54	7.14	0.00	0.00	2000
221	10.38	2119	2114	0.00	194	0	0	0	nan	0.00	0.01	3.08	87.18	89.62	0.00	41	0	43	0.00	0.00	67.61	7.72	0.00	0.00	2000
224	10.71	2069	2124	0.00	194	0	0	0	nan	0.00	0.03	3.85	86.47	89.29	0.00	41	0	43	0.00	0.00	65.15	7.35	0.00	0.00	2000
220	10.54	2125	2063	0.00	196	0	0	0	nan	0.00	0.00	3.24	84.70	89.46	0.00	42	0	43	0.00	0.00	62.20	7.12	0.00	0.00	2000
221	10.49	2107	2100	0.00	194	0	0	0	nan	0.00	0.02	3.45	86.09	89.51	0.00	41	0	43	0.00	0.00	64.94	7.64	0.00	0.00	2000
222	10.61	2078	2115	0.00	195	0	0	0	nan	0.00	0.00	3.53	86.57	89.39	0.00	42	0	43	0.00	0.00	67.80	7.70	0.00	0.00	2000
220	10.62	2083	2085	0.00	194	0	0	0	nan	0.00	0.01	3.44	85.32	89.38	0.00	42	0	43	0.00	0.00	62.41	6.99	0.00	0.00	2000
221	10.57	2087	2107	0.00	193	0	0	1	75.03	0.00	0.02	2.85	86.90	89.43	0.00	41	0	43	0.00	0.00	65.18	7.37	0.00	0.00	2000
223	10.67	2094	2100	1.34	195	0	0	6	74.40	0.00	0.02	3.31	86.05	89.34	0.00	42	0	43	0.00	0.00	65.49	7.40	0.00	0.00	2000
223	10.42	2087	2148	0.00	197	0	0	0	nan	0.00	0.00	3.82	87.85	89.58	0.00	41	0	43	0.00	0.00	66.62	7.64	0.00	0.00	2000
218	10.67	2126	2022	0.00	194	0	0	0	nan	0.00	0.02	3.45	82.54	89.33	0.00	42	0	43	0.00	0.00	60.82	7.30	0.00	0.00	2000
221	10.51	2069	2138	0.00	194	0	0	0	nan	0.00	0.02	3.28	87.93	89.49	0.00	41	0	43	0.00	0.00	67.72	7.72	0.00	0.00	2000
222	10.67	2082	2095	0.00	199	0	0	0	nan	0.00	0.02	4.82	84.39	89.33	0.00	41	0	43	0.00	0.00	64.43	7.49	0.00	0.00	2000
223	10.46	2123	2112	0.00	196	0	0	0	nan	0.00	0.00	3.83	86.29	89.54	0.00	41	0	43	0.00	0.00	64.84	7.28	0.00	0.00	2000
221	10.67	2092	2078	0.00	194	0	0	0	nan	0.01	0.02	3.38	85.09	89.33	0.00	42	0	43	0.00	0.00	62.50	7.07	0.00	0.00	2000
222	10.49	2102	2109	0.00	195	0	0	0	nan	0.00	0.01	3.09	86.76	89.51	0.00	42	0	43	0.00	0.00	67.42	7.83	0.00	0.00	2000
221	10.55	2092	2103	0.00	194	0	0	0	nan	0.00	0.02	3.04	86.58	89.45	0.00	42	0	43	0.00	0.00	62.03	7.05	0.00	0.00	2000
222	10.40	2127	2109	0.00	195	0	0	0	nan	0.00	0.00	3.33	86.71	89.60	0.00	41	0	43	0.00	0.00	67.31	7.67	0.00	0.00	2000
223	10.96	2071	2064	0.00	194	0	0	0	nan	0.00	0.00	3.26	84.31	89.04	0.00	42	0	43	0.00	0.00	62.15	7.02	0.00	0.00	2000
217	10.72	2112	2012	0.00	194	0	0	0	nan	0.00	0.00	2.71	82.83	89.28	0.00	41	0	43	0.00	0.00	65.22	7.33	0.00	0.00	2000
225	10.44	2035	2221	0.00	210	0	0	0	nan	0.00	0.02	3.12	91.67	89.56	0.00	41	0	43	0.00	0.00	64.69	7.43	0.00	0.00	2000
221	10.61	2076	2108	0.00	195	0	0	0	nan	0.00	0.00	3.02	86.78	89.39	0.00	42	0	43	0.00	0.00	67.74	7.61	0.00	0.00	2000
221	10.75	2053	2099	0.00	194	0	0	0	nan	0.00	0.00	3.59	85.67	89.25	0.00	41	0	43	0.00	0.00	62.48	7.24	0.00	0.00	2000
222	10.74	2051	2122	0.00	195	0	0	0	nan	0.00	0.00	4.18	86.05	89.26	0.00	42	0	43	0.00	0.00	67.40	7.58	0.00	0.00	2000
220	10.84	2062	2067	0.00	194	0	0	0	98.37	0.00	0.00	3.68	84.17	89.16	0.00	42	0	43	0.00	0.00	61.97	7.03	0.00	0.00	2000
221	10.62	2060	2123	1.38	195	0	0	6	74.06	0.00	0.03	3.49	86.91	89.38	0.00	41	0	43	0.00	0.00	65.10	7.20	0.00	0.00	2000
220	10.72	2084	2069	0.03	194	0	0	0	nan	0.00	0.00	3.67	84.31	89.28	0.00	41	0	43	0.00	0.00	65.11	7.36	0.00	0.00	2000
221	10.56	2082	2111	0.00	194	0	0	0	nan	0.00	0.02	3.13	86.91	89.44	0.00	41	0	43	0.00	0.00	64.97	7.21	0.00	0.00	2000
223	10.70	2089	2096	0.00	195	0	0	0	nan	0.00	0.00	3.31	85.86	89.30	0.00	42	0	43	0.00	0.00	64.88	7.41	0.00	0.00	2000
221	10.80	2026	2123	0.00	195	0	0	0	nan	0.00	0.02	3.27	86.93	89.20	0.00	41	0	43	0.00	0.00	64.06	7.07	0.00	0.00	2000
227	11.38	2005	2085	0.00	195	0	0	0	nan	0.00	0.00	3.99	84.14	88.62	0.00	41	0	43	0.00	0.00	65.68	7.19	0.00	0.00	2000
222	10.65	2053	2128	0.00	195	0	0	0	nan	0.00	0.00	3.80	86.76	89.35	0.00	41	0	43	0.00	0.00	64.86	7.44	0.00	0.00	2000
220	11.03	2014	2079	0.00	199	0	0	0	nan	0.00	0.00	4.32	83.92	88.97	0.00	42	0	43	0.00	0.00	64.91	7.10	0.00	0.00	2000
222	11.19	2003	2082	0.00	196	0	0	0	nan	0.00	0.00	4.04	84.16	88.81	0.00	41	0	43	0.00	0.00	61.45	7.17	0.00	0.00	2000
221	10.66	2078	2097	0.00	195	0	0	0	nan	0.00	0.00	3.62	85.68	89.34	0.00	42	0	43	0.00	0.00	67.91	7.23	0.00	0.00	2000
223	10.54	2096	2123	0.00	194	0	0	0	nan	0.00	0.02	3.29	87.27	89.46	0.00	41	0	43	0.00	0.00	65.01	7.56	0.00	0.00	2000
220	10.54	2077	2110	0.00	194	0	0	0	nan	0.00	0.00	3.10	86.84	89.46	0.00	42	0	43	0.00	0.00	64.96	7.42	0.00	0.00	2000
221	10.94	2041	2074	0.00	194	0	0	0	nan	0.01	0.00	3.78	84.26	89.06	0.00	41	0	43	0.00	0.00	65.22	7.30	0.00	0.00	2000
223	10.64	2097	2100	0.00	195	0	0	0	nan	0.00	0.00	4.03	85.44	89.36	0.00	41	0	43	0.00	0.00	65.29	7.32	0.00	0.00	2000
223	10.84	2048	2108	0.00	195	0	0	0	nan	0.00	0.02	3.18	86.44	89.16	0.00	41	0	43	0.00	0.00	64.80	7.46	0.00	0.00	2000
222	10.63	2086	2099	0.00	194	0	0	0	nan	0.00	0.02	3.02	86.38	89.37	0.00	42	0	43	0.00	0.00	64.74	7.32	0.00	0.00	2000
221	10.91	2007	2120	0.00	194	0	0	0	nan	0.00	0.00	4.12	85.91	89.09	0.00	41	0	43	0.00	0.00	64.67	7.49	0.00	0.00	2000
220	10.80	2060	2076	1.03	195	0	0	5	65.35	0.00	0.00	3.46	84.80	89.20	0.00	42	0	43	0.00	0.00	64.69	7.38	0.00	0.00	2000
216	11.03	2072	1985	0.36	195	0	0	0	nan	0.00	0.00	2.85	81.29	88.97	0.00	42	0	43	0.00	0.00	59.81	7.02	0.00	0.00	2000
225	10.56	2020	2214	0.00	211	0	0	0	nan	0.00	0.00	3.81	90.55	89.44	0.00	41	0	43	0.00	0.00	70.06	8.14	0.00	0.00	2000
221	10.44	2095	2118	0.00	194	0	0	0	nan	0.00	0.02	3.36	87.06	89.56	0.00	42	0	43	0.00	0.00	65.17	7.33	0.00	0.00	2000
221	10.83	2035	2100	0.00	195	0	0	0	nan	0.00	0.02	3.58	85.66	89.17	0.00	42	0	43	0.00	0.00	65.05	7.44	0.00	0.00	2000
220	10.88	2020	2106	0.00	194	0	0	0	nan	0.00	0.00	3.20	86.22	89.12	0.00	42	0	43	0.00	0.00	64.95	7.51	0.00	0.00	2000
223	10.77	2047	2120	0.00	194	0	0	0	nan	0.00	0.00	3.97	86.13	89.23	0.00	41	0	43	0.00	0.00	64.91	7.50	0.00	0.00	2000
220	10.84	2062	2069	0.00	196	0	0	0	nan	0.00	0.00	3.89	84.04	89.16	0.00	42	0	43	0.00	0.00	64.86	7.53	0.00	0.00	2000
223	10.56	2106	2103	0.00	195	0	0	0	nan	0.00	0.00	3.22	86.39	89.44	0.00	42	0	43	0.00	0.00	65.00	7.40	0.00	0.00	2000
221	11.04	2000	2099	0.00	194	0	0	0	nan	0.00	0.00	3.58	85.46	88.96	0.00	42	0	43	0.00	0.00	65.04	7.53	0.00	0.00	2000
223	10.74	2072	2101	0.00	196	0	0	0	nan	0.00	0.00	3.41	86.00	89.26	0.00	41	0	43	0.00	0.00	65.10	7.38	0.00	0.00	2000
221	10.86	2014	2121	0.00	194	0	0	0	nan	0.00	0.02	3.64	86.41	89.14	0.00	41	0	43	0.00	0.00	65.20	7.45	0.00	0.00	2000
222	10.84	2060	2087	0.00	196	0	0	0	nan	0.00	0.00	4.38	84.22	89.16	0.00	42	0	43	0.00	0.00	65.14	7.32	0.00	0.00	2000
222	10.71	2039	2133	0.00	201	0	0	0	nan	0.00	0.00	4.60	86.23	89.29	0.00	42	0	43	0.00	0.00	66.37	7.66	0.00	0.00	2000
220	10.73	2054	2097	0.00	194	0	0	0	nan	0.00	0.02	3.48	85.70	89.27	0.00	42	0	43	0.00	0.00	65.42	7.44	0.00	0.00	2000
220	10.71	2050	2103	0.00	194	0	0	0	nan	0.00	0.00	3.43	86.11	89.29	0.00	41	0	43	0.00	0.00	65.72	7.54	0.00	0.00	2000
217	11.15	2066	1980	0.00	194	0	0	0	nan	0.00	0.02	2.88	80.99	88.85	0.00	42	0	43	0.00	0.00	57.34	6.53	0.00	0.00	2000
227	10.24	2124	2189	0.83	196	0	0	6	70.98	0.00	0.00	3.17	90.38	89.76	0.00	41	0	43	0.00	0.00	70.55	7.95	0.00	0.00	2000
221	10.81	2052	2091	0.56	194	0	0	0	nan	0.00	0.02	3.33	85.58	89.19	0.00	41	0	43	0.00	0.00	64.96	7.41	0.00	0.00	2000
222	10.32	2101	2148	0.00	194	0	0	0	nan	0.00	0.00	3.57	88.19	89.68	0.00	41	0	43	0.00	0.00	66.65	7.58	0.00	0.00	2000
217	10.83	2080	2027	0.00	194	0	0	0	nan	0.00	0.00	2.59	83.51	89.17	0.00	41	0	43	0.00	0.00	60.85	7.31	0.00	0.00	2000
220	10.88	2000	2127	0.00	195	0	0	0	nan	0.00	0.00	3.14	87.27	89.12	0.00	42	0	43	0.00	0.00	67.87	7.36	0.00	0.00	2000
234	11.44	2067	2082	0.00	194	0	0	0	nan	0.00	0.02	3.44	84.38	88.56	0.00	41	0	43	0.00	0.00	64.83	7.34	0.00	0.00	2000
222	10.76	2043	2125	0.00	202	0	0	0	nan	0.00	0.27	5.01	85.24	89.24	0.00	42	0	43	0.00	0.00	64.89	7.40	0.00	0.00	2000
221	10.97	2027	2085	0.00	197	0	0	0	nan	0.00	0.00	4.89	83.64	89.03	0.00	41	0	43	0.00	0.00	64.85	7.42	0.00	0.00	2000
222	10.83	2005	2142	0.00	195	0	0	0	nan	0.00	0.02	3.22	87.94	89.17	0.00	42	0	43	0.00	0.00	64.94	7.29	0.00	0.00	2000
220	10.83	2062	2072	0.00	194	0	0	0	nan	0.00	0.00	3.50	84.60	89.17	0.00	42	0	43	0.00	0.00	64.62	7.60	0.00	0.00	2000
222	10.71	2096	2077	0.00	211	0	0	0	nan	0.00	0.00	3.81	84.58	89.29	0.00	41	0	43	0.00	0.00	64.56	7.29	0.00	0.00	2000
221	10.49	2076	2128	0.00	194	0	0	0	nan	0.00	0.02	2.92	87.84	89.51	0.00	42	0	43	0.00	0.00	64.51	7.42	0.00	0.00	2000
221	10.63	2077	2100	0.00	195	0	0	0	nan	0.00	0.00	3.35	86.12	89.37	0.00	41	0	43	0.00	0.00	64.64	7.33	0.00	0.00	2000
221	10.66	2078	2096	0.00	194	0	0	0	nan	0.00	0.01	3.46	85.88	89.34	0.00	41	0	43	0.00	0.00	64.50	7.25	0.00	0.00	2000
221	10.43	2125	2093	0.00	197	0	0	0	nan	0.00	0.00	4.25	85.00	89.57	0.00	42	0	43	0.00	0.00	65.13	7.33	0.00	0.00	2000
223	10.63	2072	2126	0.00	197	0	0	0	nan	0.00	0.00	3.01	87.55	89.37	0.00	41	0	43	0.00	0.00	64.97	7.28	0.00	0.00	2000
226	11.03	2035	2115	0.00	210	0	0	0	nan	0.00	0.00	6.77	82.95	88.97	0.00	42	0	43	0.00	0.00	65.94	7.60	0.00	0.00	2000
219	10.81	2094	2029	0.68	194	0	0	6	72.99	0.00	0.00	4.33	81.90	89.19	0.00	42	0	43	0.00	0.00	61.38	7.00	0.00	0.00	2000
222	10.46	2091	2132	0.73	194	0	0	1	89.75	0.00	0.01	3.02	87.94	89.54	0.00	41	0	43	0.00	0.00	67.65	7.74	0.00	0.00	2000
221	10.45	2103	2109	0.00	194	0	0	0	nan	0.00	0.02	3.62	86.32	89.55	0.00	42	0	43	0.00	0.00	65.44	7.43	0.00	0.00	2000
222	10.77	2085	2073	0.00	196	0	0	0	nan	0.00	0.02	4.06	84.02	89.23	0.00	41	0	43	0.00	0.00	61.26	7.09	0.00	0.00	2000
221	10.78	2025	2129	0.00	195	0	0	0	nan	0.00	0.02	2.89	87.69	89.22	0.00	41	0	43	0.00	0.00	67.46	7.81	0.00	0.00	2000
221	10.88	2029	2099	0.00	194	0	0	0	nan	0.00	0.00	3.16	86.02	89.12	0.00	41	0	43	0.00	0.00	64.37	7.32	0.00	0.00	2000
221	10.53	2095	2101	0.00	194	0	0	0	nan	0.00	0.01	3.47	86.01	89.47	0.00	42	0	43	0.00	0.00	64.89	7.44	0.00	0.00	2000
221	10.78	2051	2104	0.00	194	0	0	0	nan	0.00	0.00	3.67	85.83	89.22	0.00	41	0	43	0.00	0.00	64.68	7.37	0.00	0.00	2000
224	10.65	2113	2089	0.00	196	0	0	0	nan	0.00	0.00	3.52	85.38	89.35	0.00	41	0	43	0.00	0.00	64.76	7.60	0.00	0.00	2000
222	10.55	2086	2123	0.00	195	0	0	0	nan	0.00	0.00	2.90	87.63	89.45	0.00	42	0	43	0.00	0.00	64.62	7.44	0.00	0.00	2000
221	10.85	2057	2081	0.00	194	0	0	0	nan	0.00	0.00	3.39	85.06	89.15	0.00	41	0	43	0.00	0.00	64.59	7.49	0.00	0.00	2000
220	11.00	1997	2100	0.00	193	0	0	0	nan	0.00	0.00	3.20	86.01	89.00	0.00	42	0	43	0.00	0.00	61.66	7.45	0.00	0.00	2000
221	10.82	2041	2106	0.00	195	0	0	0	nan	0.00	0.01	4.12	85.40	89.18	0.00	41	0	43	0.00	0.00	67.65	7.64	0.00	0.00	2000
220	10.77	2043	2103	0.00	194	0	0	0	nan	0.00	0.00	3.39	86.03	89.23	0.00	42	0	43	0.00	0.00	64.72	7.41	0.00	0.00	2000
222	10.90	2054	2080	0.00	195	0	0	0	nan	0.00	0.00	3.88	84.47	89.10	0.00	41	0	43	0.00	0.00	61.90	6.98	0.00	0.00	2000
221	10.47	2104	2101	0.00	194	0	0	0	nan	0.00	0.00	3.23	86.41	89.53	0.00	42	0	43	0.00	0.00	64.53	7.49	0.00	0.00	2000
223	10.58	2098	2106	0.00	195	0	0	0	nan	0.00	0.00	3.60	86.18	89.42	0.00	41	0	43	0.00	0.00	67.18	7.71	0.00	0.00	2000
219	10.53	2098	2081	0.46	213	0	0	5	68.47	0.00	0.00	3.33	85.39	89.48	0.00	42	0	43	0.00	0.00	59.74	6.90	0.00	0.00	2000
224	10.77	2061	2116	0.91	195	0	0	2	81.84	0.00	0.01	3.82	86.14	89.23	0.00	42	0	43	0.00	0.00	67.35	7.70	0.00	0.00	2000
221	10.62	2052	2128	0.00	195	0	0	0	nan	0.00	0.00	2.82	87.78	89.38	0.00	42	0	43	0.00	0.00	67.95	7.96	0.00	0.00	2000
220	10.76	2086	2059	0.00	195	0	0	0	nan	0.00	0.00	3.64	83.93	89.24	0.00	42	0	43	0.00	0.00	59.34	6.81	0.00	0.00	2000
221	10.22	2151	2112	0.00	194	0	0	0	nan	0.00	0.02	2.66	87.66	89.78	0.00	42	0	43	0.00	0.00	64.76	7.39	0.00	0.00	2000
222	10.63	2091	2094	0.00	194	0	0	0	nan	0.00	0.00	3.63	85.50	89.37	0.00	42	0	43	0.00	0.00	67.43	7.43	0.00	0.00	2000
221	10.41	2106	2120	0.00	193	0	0	0	nan	0.00	0.00	2.78	87.71	89.59	0.00	41	0	43	0.00	0.00	64.68	7.60	0.00	0.00	2000
223	10.85	2075	2081	0.00	196	0	0	0	nan	0.00	0.01	3.82	84.57	89.15	0.00	41	0	43	0.00	0.00	62.05	7.19	0.00	0.00	2000
222	10.53	2078	2135	0.00	194	0	0	0	nan	0.00	0.02	3.69	87.32	89.47	0.00	41	0	43	0.00	0.00	68.17	7.84	0.00	0.00	2000
221	10.77	2091	2065	0.00	193	0	0	0	nan	0.00	0.01	3.16	84.56	89.23	0.00	41	0	43	0.00	0.00	61.70	7.06	0.00	0.00	2000
222	10.63	2062	2127	0.00	194	0	0	0	nan	0.00	0.01	3.25	87.28	89.37	0.00	42	0	43	0.00	0.00	67.67	7.76	0.00	0.00	2000
220	10.48	2089	2111	0.00	195	0	0	0	nan	0.00	0.00	3.62	86.44	89.52	0.00	42	0	43	0.00	0.00	65.13	7.53	0.00	0.00	2000
222	10.96	2021	2108	0.00	195	0	0	0	nan	0.00	0.00	3.85	85.63	89.04	0.00	41	0	43	0.00	0.00	67.22	7.74	0.00	0.00	2000
220	10.87	2066	2059	0.00	194	0	0	0	nan	0.00	0.00	3.37	84.03	89.13	0.00	41	0	43	0.00	0.00	59.73	7.11	0.00	0.00	2000
220	10.49	2092	2107	0.00	194	0	0	0	nan	0.00	0.00	3.15	86.67	89.51	0.00	42	0	43	0.00	0.00	65.38	7.48	0.00	0.00	2000
221	10.61	2090	2094	0.00	194	0	0	0	nan	0.01	0.01	3.15	86.10	89.39	0.00	41	0	43	0.00	0.00	65.21	7.39	0.00	0.00	2000
222	10.41	2119	2117	0.00	196	0	0	0	nan	0.00	0.02	2.91	87.43	89.59	0.00	42	0	43	0.00	0.00	66.51	7.67	0.00	0.00	2000
222	10.68	2072	2108	0.19	195	0	0	4	76.69	0.00	0.00	3.46	86.31	89.32	0.00	42	0	43	0.00	0.00	63.96	7.49	0.00	0.00	2000
220	11.04	2010	2083	1.26	194	0	0	3	79.02	0.00	0.00	3.83	84.54	88.96	0.00	41	0	43	0.00	0.00	65.21	7.44	0.00	0.00	2000
221	10.63	2077	2103	0.00	194	0	0	0	nan	0.00	0.00	3.15	86.45	89.37	0.00	42	0	43	0.00	0.00	64.73	7.45	0.00	0.00	2000
227	11.03	2071	2089	0.00	198	0	0	0	nan	0.00	0.00	5.12	83.49	88.97	0.00	42	0	43	0.00	0.00	64.77	7.37	0.00	0.00	2000
221	10.67	2056	2117	0.00	197	0	0	0	nan	0.00	0.00	4.10	85.99	89.33	0.00	42	0	43	0.00	0.00	65.70	7.47	0.00	0.00	2000
221	11.09	2014	2081	0.00	196	0	0	0	nan	0.00	0.02	3.76	84.46	88.91	0.00	41	0	43	0.00	0.00	64.25	7.46	0.00	0.00	2000
220	10.69	2061	2099	0.00	194	0	0	0	nan	0.01	0.00	2.94	86.44	89.31	0.00	42	0	43	0.00	0.00	65.05	7.53	0.00	0.00	2000
221	10.49	2076	2127	0.00	195	0	0	0	nan	0.00	0.03	3.03	87.65	89.51	0.00	41	0	43	0.00	0.00	65.21	7.42	0.00	0.00	2000
220	10.90	2032	2086	0.00	194	0	0	0	nan	0.00	0.00	3.45	85.14	89.10	0.00	42	0	43	0.00	0.00	64.95	7.49	0.00	0.00	2000
223	10.63	2089	2106	0.00	194	0	0	0	nan	0.00	0.00	3.93	85.72	89.37	0.00	42	0	43	0.00	0.00	64.13	7.64	0.00	0.00	2000
225	10.85	2077	2096	0.00	194	0	0	0	nan	0.00	0.02	3.20	85.80	89.15	0.00	41	0	43	0.00	0.00	65.60	7.53	0.00	0.00	2000
221	10.47	2116	2096	0.00	196	0	0	0	nan	0.00	0.00	3.24	86.16	89.53	0.00	42	0	43	0.00	0.00	64.85	7.57	0.00	0.00	2000
221	10.69	2071	2099	0.00	194	0	0	0	nan	0.00	0.02	3.28	86.03	89.31	0.00	41	0	43	0.00	0.00	64.41	7.59	0.00	0.00	2000
222	10.52	2066	2142	0.00	194	0	0	0	nan	0.00	0.01	3.54	87.76	89.48	0.00	42	0	43	0.00	0.00	66.36	7.64	0.00	0.00	2000
221	10.88	2079	2055	0.00	195	0	0	0	nan	0.00	0.00	3.98	83.33	89.12	0.00	41	0	43	0.00	0.00	64.37	7.28	0.00	0.00	2000
221	10.72	2055	2106	0.00	195	0	0	0	nan	0.00	0.00	3.95	85.68	89.28	0.00	41	0	43	0.00	0.00	65.03	7.36	0.00	0.00	2000
222	10.68	2055	2124	0.00	195	0	0	0	nan	0.00	0.01	4.33	86.12	89.32	0.00	41	0	43	0.00	0.00	64.92	7.49	0.00	0.00	2000
220	11.08	1992	2090	0.00	194	0	0	3	79.30	0.00	0.00	3.17	85.44	88.92	0.00	41	0	43	0.00	0.00	64.96	7.47	0.00	0.00	2000
220	10.68	2066	2096	1.41	194	0	0	5	77.08	0.00	0.00	3.64	85.62	89.32	0.00	42	0	43	0.00	0.00	64.82	7.53	0.00	0.00	2000
221	10.89	2016	2113	0.00	195	0	0	0	nan	0.00	0.00	4.23	85.59	89.11	0.00	42	0	43	0.00	0.00	64.70	7.49	0.00	0.00	2000
220	10.77	2071	2070	0.00	194	0	0	0	nan	0.00	0.00	3.52	84.58	89.23	0.00	41	0	43	0.00	0.00	65.63	7.49	0.00	0.00	2000
224	10.64	2088	2114	0.00	196	0	0	0	nan	0.00	0.00	3.64	86.39	89.36	0.00	41	0	43	0.00	0.00	65.14	7.49	0.00	0.00	2000
221	10.86	2033	2102	0.00	194	0	0	0	nan	0.00	0.02	3.21	86.09	89.14	0.00	42	0	43	0.00	0.00	65.17	7.48	0.00	0.00	2000
221	10.88	2012	2120	0.00	194	0	0	0	nan	0.00	0.02	3.70	86.37	89.12	0.00	42	0	43	0.00	0.00	64.85	7.45	0.00	0.00	2000
221	11.19	1985	2089	0.00	198	0	0	0	nan	0.00	0.00	5.07	83.38	88.81	0.00	41	0	43	0.00	0.00	64.72	7.47	0.00	0.00	2000
221	10.86	2022	2110	0.00	195	0	0	0	nan	0.00	0.00	3.58	86.05	89.14	0.00	41	0	43	0.00	0.00	65.14	7.46	0.00	0.00	2000
222	11.32	2013	2050	0.00	196	0	0	0	nan	0.00	0.00	3.28	83.38	88.68	0.00	41	0	43	0.00	0.00	64.41	7.46	0.00	0.00	2000
222	10.54	2077	2125	0.00	194	0	0	0	nan	0.00	0.00	3.13	87.55	89.46	0.00	42	0	43	0.00	0.00	65.03	7.49	0.00	0.00	2000
221	10.59	2089	2096	0.00	195	0	0	0	nan	0.00	0.00	4.14	85.29	89.41	0.00	41	0	43	0.00	0.00	64.74	7.34	0.00	0.00	2000
216	10.95	2079	1988	0.00	195	0	0	0	nan	0.00	0.00	3.19	81.20	89.05	0.00	41	0	43	0.00	0.00	59.65	6.88	0.00	0.00	2000
224	10.64	1984	2231	0.00	210	0	0	0	nan	0.00	0.02	3.08	91.89	89.36	0.00	42	0	43	0.00	0.00	69.73	8.05	0.00	0.00	2000
222	10.74	2072	2092	0.00	195	0	0	0	nan	0.00	0.00	3.88	85.18	89.26	0.00	42	0	43	0.00	0.00	64.90	7.45	0.00	0.00	2000
221	10.48	2097	2107	0.00	195	0	0	0	nan	0.00	0.00	3.51	86.32	89.52	0.00	42	0	43	0.00	0.00	64.73	7.62	0.00	0.00	2000
221	10.88	2010	2126	0.00	194	0	0	0	nan	0.00	0.00	3.38	86.96	89.12	0.00	41	0	43	0.00	0.00	63.01	7.64	0.00	0.00	2000
227	11.40	2023	2067	0.00	193	0	0	2	81.37	0.00	0.00	3.18	84.22	88.60	0.00	42	0	43	0.00	0.00	67.23	7.50	0.00	0.00	2000
220	10.99	2003	2100	1.41	194	0	0	6	76.02	0.00	0.00	3.37	85.79	89.01	0.00	42	0	43	0.00	0.00	64.25	7.45	0.00	0.00	2000
222	10.78	2044	2120	0.00	195	0	0	0	nan	0.00	0.00	4.33	85.73	89.22	0.00	42	0	43	0.00	0.00	64.69	7.48	0.00	0.00	2000
220	10.94	2035	2076	0.00	194	0	0	0	nan	0.00	0.00	3.28	84.87	89.06	0.00	41	0	43	0.00	0.00	64.87	7.52	0.00	0.00	2000
222	10.64	2091	2092	0.00	194	0	0	0	nan	0.00	0.02	3.22	85.93	89.36	0.00	41	0	43	0.00	0.00	65.07	7.42	0.00	0.00	2000
222	10.60	2080	2115	0.00	196	0	0	0	nan	0.00	0.02	3.72	86.42	89.40	0.00	41	0	43	0.00	0.00	64.60	7.38	0.00	0.00	2000
221	10.81	2038	2106	0.00	197	0	0	0	nan	0.00	0.00	4.66	84.94	89.19	0.00	41	0	43	0.00	0.00	64.78	7.44	0.00	0.00	2000
222	11.03	2016	2096	0.00	196	0	0	0	nan	0.00	0.00	3.72	85.27	88.97	0.00	41	0	43	0.00	0.00	64.80	7.37	0.00	0.00	2000
222	10.59	2077	2119	0.00	194	0	0	0	nan	0.00	0.02	3.42	86.88	89.41	0.00	41	0	43	0.00	0.00	64.75	7.45	0.00	0.00	2000
215	11.26	2043	1962	0.00	194	0	0	0	nan	0.00	0.00	3.58	79.46	88.74	0.00	41	0	43	0.00	0.00	59.70	6.99	0.00	0.00	2000
225	10.58	1985	2250	0.00	214	0	0	0	nan	0.00	0.00	4.01	91.92	89.42	0.00	41	0	43	0.00	0.00	69.98	8.07	0.00	0.00	2000
221	10.99	2035	2076	0.00	195	0	0	0	nan	0.00	0.00	3.02	85.07	89.01	0.00	42	0	43	0.00	0.00	64.45	7.53	0.00	0.00	2000
221	11.04	2031	2073	0.00	195	0	0	0	nan	0.00	0.00	3.58	84.35	88.96	0.00	42	0	43	0.00	0.00	64.76	7.51	0.00	0.00	2000
221	10.31	2122	2122	0.00	193	0	0	0	nan	0.00	0.00	2.38	88.23	89.69	0.00	42	0	43	0.00	0.00	64.44	7.56	0.00	0.00	2000
223	10.61	2096	2107	0.00	195	0	0	0	nan	0.00	0.00	3.49	86.25	89.39	0.00	42	0	43	0.00	0.00	64.84	7.68	0.00	0.00	2000
220	10.91	2027	2093	0.00	194	0	0	0	nan	0.00	0.00	3.58	85.30	89.09	0.00	42	0	43	0.00	0.00	64.92	7.46	0.00	0.00	2000
221	10.59	2093	2098	0.00	194	0	0	0	nan	0.00	0.02	3.24	86.13	89.41	0.00	42	0	43	0.00	0.00	62.62	7.45	0.00	0.00	2000
222	10.92	2028	2105	0.00	195	0	0	1	81.31	0.00	0.02	3.48	85.85	89.08	0.00	41	0	43	0.00	0.00	67.21	7.41	0.00	0.00	2000
221	10.47	2085	2130	1.41	194	0	0	6	74.06	0.00	0.00	3.53	87.40	89.53	0.00	42	0	43	0.00	0.00	65.80	7.70	0.00	0.00	2000
219	10.57	2123	2052	0.00	195	0	0	0	nan	0.00	0.02	2.71	84.71	89.43	0.00	42	0	43	0.00	0.00	63.39	7.29	0.00	0.00	2000
222	10.74	2047	2119	0.00	194	0	0	0	nan	0.00	0.03	3.34	86.83	89.26	0.00	42	0	43	0.00	0.00	64.68	7.45	0.00	0.00	2000
220	10.65	2054	2116	0.00	194	0	0	0	nan	0.00	0.00	3.70	86.38	89.35	0.00	42	0	43	0.00	0.00	64.93	7.36	0.00	0.00	2000
223	10.84	2061	2093	0.00	195	0	0	0	nan	0.00	0.00	3.37	85.61	89.16	0.00	42	0	43	0.00	0.00	64.54	7.45	0.00	0.00	2000
222	10.46	2115	2110	0.00	196	0	0	0	nan	0.00	0.00	3.01	86.95	89.54	0.00	42	0	43	0.00	0.00	65.52	7.51	0.00	0.00	2000
220	10.77	2071	2074	0.00	194	0	0	0	nan	0.00	0.00	3.56	84.70	89.23	0.00	42	0	43	0.00	0.00	65.09	7.30	0.00	0.00	2000
223	10.61	2082	2120	0.00	193	0	0	0	nan	0.00	0.00	3.17	87.12	89.39	0.00	41	0	43	0.00	0.00	65.36	7.50	0.00	0.00	2000
221	10.63	2089	2092	0.00	194	0	0	0	nan	0.00	0.00	3.57	85.49	89.37	0.00	41	0	43	0.00	0.00	64.58	7.59	0.00	0.00	2000
222	10.63	2081	2108	0.00	196	0	0	0	nan	0.00	0.00	3.70	86.03	89.37	0.00	41	0	43	0.00	0.00	64.75	7.53	0.00	0.00	2000
222	10.92	2039	2098	0.00	195	0	0	0	nan	0.00	0.00	3.87	85.18	89.08	0.00	42	0	43	0.00	0.00	65.34	7.62	0.00	0.00	2000
219	10.73	2060	2083	0.00	210	0	0	0	nan	0.00	0.00	4.29	84.42	89.27	0.00	42	0	43	0.00	0.00	62.82	7.18	0.00	0.00	2000
220	10.55	2090	2096	0.00	194	0	0	0	nan	0.00	0.00	3.19	86.14	89.45	0.00	41	0	43	0.00	0.00	64.64	7.52	0.00	0.00	2000
222	10.63	2089	2102	0.00	200	0	0	0	nan	0.00	0.02	5.92	83.62	89.37	0.00	41	0	43	0.00	0.00	65.24	7.65	0.00	0.00	2000
223	10.53	2097	2119	0.00	194	0	0	0	nan	0.00	0.01	3.57	86.72	89.47	0.00	42	0	43	0.00	0.00	68.08	7.89	0.00	0.00	2000
220	10.80	2021	2119	0.00	195	0	0	0	nan	0.00	0.01	3.14	87.00	89.20	0.00	41	0	43	0.00	0.00	64.95	7.50	0.00	0.00	2000
220	10.67	2067	2093	0.00	194	0	0	0	97.49	0.00	0.00	3.52	85.62	89.33	0.00	41	0	43	0.00	0.00	65.46	7.63	0.00	0.00	2000
222	10.81	2057	2094	1.37	203	0	0	6	71.73	0.00	0.00	4.38	84.61	89.19	0.00	41	0	43	0.00	0.00	64.94	7.57	0.00	0.00	2000
221	11.00	2032	2074	0.03	202	0	0	0	nan	0.00	0.00	4.36	83.66	89.00	0.00	42	0	43	0.00	0.00	62.53	7.02	0.00	0.00	2000
222	10.70	2056	2117	0.00	193	0	0	0	nan	0.00	0.01	2.96	87.16	89.30	0.00	41	0	43	0.00	0.00	67.43	7.65	0.00	0.00	2000
222	10.82	2052	2103	0.00	195	0	0	0	nan	0.00	0.01	3.51	85.82	89.18	0.00	42	0	43	0.00	0.00	62.33	7.35	0.00	0.00	2000
221	10.95	2035	2079	0.00	196	0	0	0	nan	0.00	0.00	4.11	84.19	89.05	0.00	41	0	43	0.00	0.00	61.88	7.22	0.00	0.00	2000
221	10.49	2081	2124	0.00	194	0	0	0	nan	0.00	0.02	3.09	87.44	89.51	0.00	41	0	43	0.00	0.00	70.49	7.84	0.00	0.00	2000
221	10.67	2082	2084	0.00	194	0	0	0	nan	0.00	0.00	3.85	84.90	89.33	0.00	41	0	43	0.00	0.00	62.34	7.50	0.00	0.00	2000
223	10.56	2069	2144	0.00	194	0	0	0	nan	0.00	0.02	3.02	88.26	89.44	0.00	41	0	43	0.00	0.00	66.21	7.61	0.00	0.00	2000
225	11.08	2099	2032	0.00	195	0	0	0	nan	0.00	0.00	4.06	82.08	88.92	0.00	39	0	43	0.00	0.00	59.59	6.88	0.00	0.00	2000
230	10.80	2091	2136	0.00	195	0	0	0	nan	0.00	0.00	3.38	87.40	89.20	0.00	38	0	43	0.00	0.00	70.56	7.96	0.00	0.00	2000
231	11.11	2057	2124	0.00	210	0	0	0	nan	0.00	0.00	4.86	85.20	88.89	0.00	38	0	43	0.00	0.00	65.02	7.32	0.00	0.00	2000
228	10.98	2081	2095	0.00	178	0	0	0	nan	0.00	0.00	4.21	84.63	89.02	0.00	38	0	43	0.00	0.00	65.10	7.37	0.00	0.00	2000
230	11.24	2040	2102	0.00	211	0	0	0	nan	0.00	0.00	3.99	84.90	88.76	0.00	38	0	43	0.00	0.00	65.21	7.13	0.00	0.00	2000
230	11.03	2109	2079	0.00	179	0	0	0	nan	0.00	0.00	4.72	83.33	88.97	0.00	38	0	43	0.00	0.00	65.50	7.43	0.00	0.00	2000
229	11.12	2037	2123	0.00	210	0	0	0	nan	0.00	0.00	4.96	84.94	88.88	0.00	38	0	43	0.00	0.00	65.11	7.42	0.00	0.00	2000
229	11.15	2057	2100	0.00	178	0	0	0	nan	0.00	0.00	4.28	84.62	88.85	0.00	39	0	43	0.00	0.00	65.28	7.32	0.00	0.00	2000
230	11.08	2070	2104	0.00	213	0	0	0	nan	0.00	0.00	4.82	84.39	88.92	0.00	39	0	43	0.00	0.00	65.55	7.43	0.00	0.00	2000
234	11.45	2075	2073	1.06	182	0	0	6	72.25	0.00	0.00	5.47	81.94	88.55	0.00	39	0	43	0.00	0.00	65.23	7.56	0.00	0.00	2000
232	11.16	2070	2109	0.38	211	0	0	0	nan	0.00	0.00	5.64	83.68	88.84	0.00	39	0	43	0.00	0.00	65.61	7.39	0.00	0.00	2000
228	10.98	2062	2115	0.00	178	0	0	0	nan	0.00	0.00	4.97	84.84	89.02	0.00	39	0	43	0.00	0.00	65.23	7.35	0.00	0.00	2000
229	11.37	2030	2082	0.00	211	0	0	0	nan	0.00	0.00	3.74	84.27	88.63	0.00	39	0	43	0.00	0.00	64.49	7.46	0.00	0.00	2000
229	10.88	2109	2094	0.00	179	0	0	0	nan	0.00	0.00	5.14	83.77	89.12	0.00	39	0	43	0.00	0.00	65.25	7.21	0.00	0.00	2000
230	10.90	2100	2110	0.00	210	0	0	0	nan	0.00	0.00	4.97	84.61	89.10	0.00	39	0	43	0.00	0.00	64.94	7.75	0.00	0.00	2000
227	11.38	2055	2039	0.00	179	0	0	0	nan	0.00	0.00	4.79	81.39	88.62	0.00	39	0	43	0.00	0.00	60.62	6.82	0.00	0.00	2000
233	10.93	2046	2185	0.00	226	0	0	0	nan	0.00	0.00	3.19	89.57	89.07	0.00	39	0	43	0.00	0.00	70.22	7.99	0.00	0.00	2000
229	11.32	2051	2071	0.00	179	0	0	0	nan	0.00	0.00	3.90	83.70	88.68	0.00	39	0	43	0.00	0.00	64.40	6.95	0.00	0.00	2000
230	10.91	2082	2129	0.00	211	0	0	0	nan	0.00	0.00	5.02	85.34	89.09	0.00	39	0	43	0.00	0.00	65.74	7.63	0.00	0.00	2000
228	11.17	2056	2089	0.00	178	0	0	0	nan	0.00	0.00	4.19	84.27	88.83	0.00	39	0	43	0.00	0.00	64.70	7.10	0.00	0.00	2000
233	11.34	2056	2093	0.00	213	0	0	0	nan	0.00	0.00	5.17	83.34	88.66	0.00	39	0	43	0.00	0.00	62.70	7.40	0.00	0.00	2000
229	11.11	2058	2099	0.00	180	0	0	0	nan	0.00	0.00	5.14	83.82	88.89	0.00	39	0	43	0.00	0.00	67.61	7.81	0.00	0.00	2000
229	11.06	2057	2114	0.00	211	0	0	0	nan	0.00	0.00	4.67	85.01	88.94	0.00	39	0	43	0.00	0.00	64.48	7.48	0.00	0.00	2000
228	11.18	2059	2077	0.00	178	0	0	0	nan	0.00	0.01	4.14	83.82	88.82	0.00	39	0	43	0.00	0.00	58.86	6.77	0.00	0.00	2000
230	11.01	2064	2126	0.00	211	0	0	0	nan	0.00	0.00	4.92	85.27	88.99	0.00	39	0	43	0.00	0.00	68.39	7.76	0.00	0.00	2000
229	10.95	2124	2072	0.00	179	0	0	0	nan	0.00	0.02	3.87	84.06	89.05	0.00	39	0	43	0.00	0.00	62.04	7.33	0.00	0.00	2000
229	10.80	2107	2109	0.93	210	0	0	6	72.89	0.00	0.00	4.35	85.28	89.20	0.00	39	0	43	0.00	0.00	64.96	7.26	0.00	0.00	2000
228	11.05	2055	2109	0.54	178	0	0	0	nan	0.00	0.00	4.87	84.58	88.95	0.00	39	0	43	0.00	0.00	65.06	7.36	0.00	0.00	2000
230	11.45	2003	2110	0.00	213	0	0	0	nan	0.00	0.00	5.42	83.63	88.55	0.00	39	0	43	0.00	0.00	70.38	7.95	0.00	0.00	2000
228	11.33	2016	2096	0.00	179	0	0	0	nan	0.00	0.00	4.26	84.38	88.67	0.00	39	0	43	0.00	0.00	62.36	6.96	0.00	0.00	2000
231	11.19	2064	2102	0.00	212	0	0	0	nan	0.00	0.01	3.94	85.04	88.81	0.00	39	0	43	0.00	0.00	64.79	7.22	0.00	0.00	2000
229	11.30	2046	2076	0.00	179	0	0	0	nan	0.00	0.00	4.39	83.35	88.70	0.00	39	0	43	0.00	0.00	62.10	7.21	0.00	0.00	2000
231	11.10	2057	2125	0.00	210	0	0	0	nan	0.00	0.00	4.96	85.06	88.90	0.00	39	0	43	0.00	0.00	68.17	7.36	0.00	0.00	2000
228	10.98	2106	2074	0.00	178	0	0	0	nan	0.00	0.00	4.32	83.61	89.02	0.00	39	0	43	0.00	0.00	62.40	7.43	0.00	0.00	2000
231	10.97	2077	2126	0.00	211	0	0	0	nan	0.00	0.00	5.58	84.63	89.03	0.00	39	0	43	0.00	0.00	65.20	7.35	0.00	0.00	2000
228	11.28	2025	2094	0.00	178	0	0	0	nan	0.00	0.03	4.22	84.30	88.72	0.00	39	0	43	0.00	0.00	65.11	7.48	0.00	0.00	2000
231	11.28	2057	2087	0.00	213	0	0	0	nan	0.00	0.00	4.41	83.78	88.72	0.00	39	0	43	0.00	0.00	64.96	7.43	0.00	0.00	2000
229	11.05	2054	2115	0.00	178	0	0	0	nan	0.00	0.00	4.89	84.76	88.95	0.00	39	0	43	0.00	0.00	65.38	7.30	0.00	0.00	2000
229	11.33	2013	2107	0.00	211	0	0	0	nan	0.00	0.00	4.01	85.10	88.67	0.00	39	0	43	0.00	0.00	67.50	7.66	0.00	0.00	2000
228	11.05	2072	2089	0.00	178	0	0	0	nan	0.00	0.00	3.47	85.18	88.95	0.00	39	0	43	0.00	0.00	62.29	7.08	0.00	0.00	2000
229	11.26	2048	2090	0.00	211	0	0	0	nan	0.00	0.00	4.22	84.09	88.74	0.00	39	0	43	0.00	0.00	65.02	7.28	0.00	0.00	2000
230	11.16	2073	2092	0.00	179	0	0	0	nan	0.00	0.00	5.54	82.89	88.84	0.00	39	0	43	0.00	0.00	65.03	7.44	0.00	0.00	2000
237	11.40	2052	2128	0.00	211	0	0	0	nan	0.00	0.00	5.87	84.08	88.60	0.00	39	0	43	0.00	0.00	65.65	7.73	0.00	0.00	2000
230	11.13	2077	2091	0.59	178	0	0	7	71.32	0.00	0.00	4.21	84.32	88.87	0.00	39	0	43	0.00	0.00	64.81	7.38	0.00	0.00	2000
233	11.11	2087	2107	0.88	240	0	0	4	83.58	0.00	0.00	5.28	84.11	88.89	0.00	39	0	43	0.00	0.00	65.74	7.31	0.00	0.00	2000
230	11.13	2089	2074	0.00	182	0	0	0	nan	0.00	0.00	5.43	82.50	88.87	0.00	39	0	43	0.00	0.00	65.63	7.45	0.00	0.00	2000
233	11.16	2076	2110	0.00	214	0	0	0	nan	0.00	0.00	6.43	82.98	88.84	0.00	39	0	43	0.00	0.00	65.68	7.32	0.00	0.00	2000
228	10.76	2113	2107	0.00	178	0	0	0	nan	0.00	0.00	5.17	84.45	89.24	0.00	39	0	43	0.00	0.00	65.95	7.42	0.00	0.00	2000
232	11.45	2022	2106	0.00	213	0	0	0	nan	0.00	0.00	5.41	83.45	88.55	0.00	39	0	43	0.00	0.00	65.29	7.45	0.00	0.00	2000
229	11.37	2026	2091	0.00	181	0	0	0	nan	0.00	0.00	5.01	83.40	88.63	0.00	39	0	43	0.00	0.00	65.52	7.32	0.00	0.00	2000
230	11.15	2065	2095	0.00	211	0	0	0	nan	0.00	0.00	5.42	83.33	88.85	0.00	39	0	43	0.00	0.00	64.64	7.45	0.00	0.00	2000
230	11.21	2032	2118	0.00	179	0	0	0	nan	0.00	0.00	4.83	84.87	88.79	0.00	39	0	43	0.00	0.00	65.25	7.36	0.00	0.00	2000
230	11.38	2027	2094	0.00	212	0	0	0	nan	0.00	0.00	4.35	84.22	88.62	0.00	39	0	43	0.00	0.00	64.82	7.35	0.00	0.00	2000
228	11.46	1984	2101	0.00	178	0	0	0	nan	0.00	0.00	4.40	84.39	88.54	0.00	39	0	43	0.00	0.00	64.65	7.44	0.00	0.00	2000
229	11.22	2043	2097	0.00	211	0	0	0	nan	0.00	0.00	4.20	84.60	88.78	0.00	39	0	43	0.00	0.00	65.17	7.24	0.00	0.00	2000
228	11.27	2042	2081	0.00	179	0	0	0	nan	0.00	0.00	4.62	83.36	88.73	0.00	39	0	43	0.00	0.00	64.59	7.41	0.00	0.00	2000
229	11.12	2039	2122	0.00	210	0	0	0	nan	0.00	0.00	5.30	84.61	88.88	0.00	39	0	43	0.00	0.00	65.27	7.29	0.00	0.00	2000
229	11.11	2078	2087	0.00	179	0	0	0	nan	0.00	0.00	3.99	84.38	88.89	0.00	39	0	43	0.00	0.00	64.84	7.59	0.00	0.00	2000
235	11.50	2040	2100	0.00	227	0	0	0	nan	0.00	0.00	8.60	79.97	88.50	0.00	39	0	43	0.00	0.00	65.03	7.35	0.00	0.00	2000
228	11.07	2060	2099	0.00	179	0	0	0	nan	0.00	0.00	5.62	83.37	88.93	0.00	39	0	43	0.00	0.00	65.43	7.44	0.00	0.00	2000
230	10.84	2115	2107	0.18	195	0	0	4	74.40	0.00	0.00	4.54	84.95	89.16	0.00	39	0	43	0.00	0.00	64.63	7.39	0.00	0.00	2000
228	10.95	2078	2102	1.23	195	0	0	3	80.20	0.00	0.02	3.98	85.18	89.05	0.00	39	0	43	0.00	0.00	65.38	7.42	0.00	0.00	2000
231	11.19	2052	2115	0.00	212	0	0	0	nan	0.00	0.00	4.41	85.12	88.81	0.00	39	0	43	0.00	0.00	65.13	7.44	0.00	0.00	2000
229	11.26	2047	2085	0.00	178	0	0	0	nan	0.00	0.01	4.25	83.94	88.74	0.00	39	0	43	0.00	0.00	65.25	7.51	0.00	0.00	2000
230	11.12	2067	2102	0.00	211	0	0	0	nan	0.00	0.00	4.97	84.05	88.88	0.00	39	0	43	0.00	0.00	65.10	7.44	0.00	0.00	2000
228	11.17	2046	2098	0.00	178	0	0	0	nan	0.00	0.00	4.67	84.11	88.83	0.00	39	0	43	0.00	0.00	65.01	7.41	0.00	0.00	2000
226	11.30	2076	2027	0.00	211	0	0	0	nan	0.00	0.00	4.19	81.50	88.70	0.00	39	0	43	0.00	0.00	59.93	6.76	0.00	0.00	2000
232	11.26	1985	2185	0.00	196	0	0	0	nan	0.00	0.00	4.41	88.03	88.74	0.00	39	0	43	0.00	0.00	70.20	8.01	0.00	0.00	2000
229	11.27	2035	2099	0.00	211	0	0	0	nan	0.00	0.00	3.98	84.81	88.73	0.00	39	0	43	0.00	0.00	64.68	7.54	0.00	0.00	2000
230	10.99	2094	2099	0.00	180	0	0	0	nan	0.01	0.00	4.56	84.48	89.01	0.00	39	0	43	0.00	0.00	65.04	7.54	0.00	0.00	2000
230	11.27	2041	2101	0.00	211	0	0	0	nan	0.00	0.00	4.07	84.76	88.73	0.00	39	0	43	0.00	0.00	64.73	7.47	0.00	0.00	2000
228	11.07	2070	2091	0.00	179	0	0	0	nan	0.00	0.00	4.55	84.13	88.93	0.00	39	0	43	0.00	0.00	64.83	7.63	0.00	0.00	2000
231	10.87	2112	2115	0.00	212	0	0	0	nan	0.00	0.02	4.62	85.21	89.13	0.00	39	0	43	0.00	0.00	65.22	7.25	0.00	0.00	2000
228	11.28	2043	2073	0.00	178	0	0	0	nan	0.00	0.00	4.35	83.28	88.72	0.00	39	0	43	0.00	0.00	64.95	7.32	0.00	0.00	2000
229	11.01	2057	2124	0.00	210	0	0	0	nan	0.00	0.00	4.56	85.60	88.99	0.00	39	0	43	0.00	0.00	64.85	7.33	0.00	0.00	2000
229	11.24	2042	2096	0.00	178	0	0	0	nan	0.00	0.04	4.71	83.96	88.76	0.00	39	0	43	0.00	0.00	64.75	7.44	0.00	0.00	2000
230	11.27	2053	2086	0.00	212	0	0	0	nan	0.00	0.00	4.27	83.87	88.73	0.00	39	0	43	0.00	0.00	65.09	7.47	0.00	0.00	2000
230	11.19	2038	2115	0.02	179	0	0	4	72.63	0.00	0.00	6.00	83.53	88.81	0.00	39	0	43	0.00	0.00	65.10	7.44	0.00	0.00	2000
229	11.25	2049	2089	1.39	211	0	0	4	76.96	0.00	0.00	4.18	84.16	88.75	0.00	39	0	43	0.00	0.00	65.08	7.27	0.00	0.00	2000
229	11.21	2027	2111	0.00	178	0	0	0	nan	0.00	0.00	5.51	83.84	88.79	0.00	39	0	43	0.00	0.00	64.40	7.14	0.00	0.00	2000
230	11.01	2085	2101	0.00	211	0	0	0	nan	0.00	0.00	4.09	85.01	88.99	0.00	39	0	43	0.00	0.00	64.58	7.42	0.00	0.00	2000
228	11.03	2075	2095	0.00	178	0	0	0	nan	0.00	0.00	4.84	83.95	88.97	0.00	39	0	43	0.00	0.00	64.67	7.36	0.00	0.00	2000
232	11.45	2034	2093	0.00	212	0	0	0	nan	0.00	0.00	4.72	83.56	88.55	0.00	39	0	43	0.00	0.00	64.64	7.24	0.00	0.00	2000
229	10.93	2094	2097	0.00	178	0	0	0	nan	0.00	0.00	5.48	83.56	89.07	0.00	39	0	43	0.00	0.00	65.21	7.37	0.00	0.00	2000
230	11.22	2028	2121	0.00	211	0	0	0	nan	0.00	0.00	5.00	84.80	88.78	0.00	39	0	43	0.00	0.00	64.91	7.22	0.00	0.00	2000
228	10.97	2086	2094	0.00	178	0	0	0	nan	0.00	0.00	4.13	84.72	89.03	0.00	39	0	43	0.00	0.00	65.01	7.38	0.00	0.00	2000
229	11.42	2004	2098	0.00	210	0	0	0	nan	0.00	0.00	4.54	84.06	88.58	0.00	39	0	43	0.00	0.00	65.04	7.38	0.00	0.00	2000
230	11.30	2027	2110	0.00	177	0	0	0	nan	0.00	0.00	4.98	84.20	88.70	0.00	39	0	43	0.00	0.00	65.04	7.44	0.00	0.00	2000
230	11.15	2069	2092	0.00	213	0	0	0	nan	0.00	0.00	4.16	84.44	88.85	0.00	39	0	43	0.00	0.00	65.35	7.34	0.00	0.00	2000
229	11.15	2051	2099	0.00	178	0	0	0	nan	0.00	0.00	4.97	83.84	88.85	0.00	39	0	43	0.00	0.00	64.91	7.44	0.00	0.00	2000
230	11.25	2057	2090	0.00	214	0	0	0	nan	0.00	0.00	5.49	82.76	88.75	0.00	39	0	43	0.00	0.00	65.14	7.41	0.00	0.00	2000
228	11.00	2066	2107	0.00	179	0	0	0	nan	0.00	0.00	5.08	84.30	89.00	0.00	39	0	43	0.00	0.00	64.61	7.37	0.00	0.00	2000
236	11.43	2056	2111	0.00	214	0	0	0	nan	0.00	0.00	5.67	83.42	88.57	0.00	39	0	43	0.00	0.00	65.28	7.34	0.00	0.00	2000
230	11.36	2049	2075	0.00	179	0	0	0	nan	0.00	0.00	4.40	83.20	88.64	0.00	39	0	43	0.00	0.00	65.17	7.57	0.00	0.00	2000
229	10.89	2086	2118	0.00	211	0	0	2	77.76	0.00	0.00	5.61	84.25	89.11	0.00	39	0	43	0.00	0.00	65.56	7.22	0.00	0.00	2000
228	11.17	2060	2083	1.36	178	0	0	5	76.71	0.00	0.00	4.83	83.28	88.83	0.00	39	0	43	0.00	0.00	65.44	7.32	0.00	0.00	2000
229	11.23	2025	2119	0.00	213	0	0	0	nan	0.00	0.00	5.20	84.46	88.77	0.00	39	0	43	0.00	0.00	65.02	7.29	0.00	0.00	2000
227	11.11	2053	2093	0.00	178	0	0	0	nan	0.00	0.00	4.86	83.78	88.89	0.00	39	0	43	0.00	0.00	65.44	7.23	0.00	0.00	2000
230	11.57	1998	2094	0.00	211	0	0	0	nan	0.00	0.00	5.04	83.24	88.43	0.00	39	0	43	0.00	0.00	65.20	7.37	0.00	0.00	2000
229	11.10	2054	2110	0.00	178	0	0	0	nan	0.00	0.00	5.49	83.92	88.90	0.00	39	0	43	0.00	0.00	64.75	7.14	0.00	0.00	2000
231	11.23	2044	2110	0.00	210	0	0	0	nan	0.00	0.00	4.89	84.39	88.77	0.00	39	0	43	0.00	0.00	65.51	7.26	0.00	0.00	2000
229	11.09	2068	2095	0.00	180	0	0	0	nan	0.00	0.00	4.25	84.53	88.91	0.00	39	0	43	0.00	0.00	62.71	7.37	0.00	0.00	2000
230	11.16	2059	2099	0.00	211	0	0	0	nan	0.00	0.00	4.24	84.67	88.84	0.00	39	0	43	0.00	0.00	68.30	7.78	0.00	0.00	2000
230	11.14	2085	2080	0.00	180	0	0	0	nan	0.00	0.00	5.80	82.37	88.86	0.00	39	0	43	0.00	0.00	59.56	6.65	0.00	0.00	2000
231	11.23	2043	2119	0.00	210	0	0	0	nan	0.00	0.00	4.75	84.91	88.77	0.00	39	0	43	0.00	0.00	70.82	8.06	0.00	0.00	2000
228	11.07	2067	2097	0.00	179	0	0	0	nan	0.00	0.00	5.10	83.75	88.93	0.00	39	0	43	0.00	0.00	62.26	7.09	0.00	0.00	2000
229	11.16	2051	2104	0.00	210	0	0	0	nan	0.00	0.00	5.20	83.86	88.84	0.00	39	0	43	0.00	0.00	68.15	7.72	0.00	0.00	2000
227	11.30	2014	2094	0.00	178	0	0	0	nan	0.00	0.00	4.65	83.90	88.70	0.00	39	0	43	0.00	0.00	65.04	7.50	0.00	0.00	2000
231	11.23	2065	2094	0.00	213	0	0	0	nan	0.00	0.00	4.61	83.94	88.77	0.00	39	0	43	0.00	0.00	62.24	7.06	0.00	0.00	2000
227	11.04	2045	2112	0.00	179	0	0	0	nan	0.00	0.00	5.41	84.13	88.96	0.00	39	0	43	0.00	0.00	65.46	7.28	0.00	0.00	2000
229	11.29	2044	2086	0.00	214	0	0	0	nan	0.00	0.00	5.67	82.50	88.71	0.00	39	0	43	0.00	0.00	62.08	7.07	0.00	0.00	2000
229	10.93	2085	2112	0.00	179	0	0	0	88.05	0.00	0.00	5.88	83.80	89.07	0.00	39	0	43	0.00	0.00	68.00	7.59	0.00	0.00	2000
229	11.25	2051	2088	1.42	212	0	0	7	74.03	0.00	0.00	4.72	83.66	88.75	0.00	39	0	43	0.00	0.00	62.66	6.90	0.00	0.00	2000
229	11.10	2050	2110	0.00	179	0	0	0	nan	0.00	0.00	5.83	83.54	88.90	0.00	39	0	43	0.00	0.00	67.57	7.64	0.00	0.00	2000
230	11.30	2044	2092	0.00	212	0	0	0	nan	0.00	0.00	4.66	83.74	88.70	0.00	39	0	43	0.00	0.00	62.22	7.15	0.00	0.00	2000
228	11.07	2048	2109	0.00	178	0	0	0	nan	0.00	0.00	5.25	84.21	88.93	0.00	39	0	43	0.00	0.00	65.40	7.46	0.00	0.00	2000
230	11.28	2031	2109	0.00	211	0	0	0	nan	0.00	0.00	4.33	84.93	88.72	0.00	39	0	43	0.00	0.00	65.10	7.49	0.00	0.00	2000
228	11.07	2087	2075	0.00	180	0	0	0	nan	0.01	0.00	4.40	83.58	88.93	0.00	39	0	43	0.00	0.00	65.36	7.71	0.00	0.00	2000
230	11.02	2064	2120	0.00	212	0	0	0	nan	0.00	0.00	5.24	84.70	88.98	0.00	39	0	43	0.00	0.00	64.66	7.56	0.00	0.00	2000
230	11.00	2089	2098	0.00	179	0	0	0	nan	0.00	0.00	3.75	85.15	89.00	0.00	39	0	43	0.00	0.00	65.38	7.46	0.00	0.00	2000
229	11.17	2053	2100	0.00	212	0	0	0	nan	0.00	0.00	3.89	85.03	88.83	0.00	39	0	43	0.00	0.00	64.91	7.45	0.00	0.00	2000
228	11.22	2035	2093	0.00	179	0	0	0	nan	0.00	0.00	4.32	84.19	88.78	0.00	39	0	43	0.00	0.00	64.68	7.53	0.00	0.00	2000
233	11.40	2033	2109	0.00	209	0	0	0	nan	0.00	0.00	4.77	84.25	88.60	0.00	39	0	43	0.00	0.00	65.13	7.39	0.00	0.00	2000
229	11.30	2048	2076	0.00	178	0	0	0	nan	0.00	0.00	4.55	83.24	88.70	0.00	39	0	43	0.00	0.00	65.22	7.37	0.00	0.00	2000
232	11.11	2077	2110	0.00	211	0	0	0	nan	0.00	0.00	5.35	84.00	88.89	0.00	39	0	43	0.00	0.00	64.91	7.66	0.00	0.00	2000
228	10.89	2078	2114	0.00	178	0	0	0	nan	0.00	0.00	5.49	84.36	89.11	0.00	39	0	43	0.00	0.00	64.78	7.41	0.00	0.00	2000
228	11.11	2059	2098	0.00	212	0	0	0	nan	0.00	0.02	3.47	85.42	88.89	0.00	39	0	43	0.00	0.00	65.18	7.30	0.00	0.00	2000
228	11.15	2056	2093	0.00	178	0	0	0	nan	0.00	0.00	4.35	84.30	88.85	0.00	39	0	43	0.00	0.00	64.42	7.38	0.00	0.00	2000
229	11.12	2051	2113	0.00	211	0	0	0	nan	0.00	0.01	4.64	84.89	88.88	0.00	39	0	43	0.00	0.00	64.78	7.40	0.00	0.00	2000
231	11.33	2063	2073	1.09	183	0	0	5	70.35	0.00	0.02	5.30	82.27	88.67	0.00	39	0	43	0.00	0.00	64.80	7.37	0.00	0.00	2000
231	11.08	2073	2108	0.38	211	0	0	0	nan	0.00	0.02	5.07	84.21	88.92	0.00	39	0	43	0.00	0.00	65.37	7.26	0.00	0.00	2000
228	10.66	2128	2115	0.00	182	0	0	0	nan	0.00	0.05	5.47	84.58	89.34	0.00	39	0	43	0.00	0.00	65.22	7.80	0.00	0.00	2000
229	11.12	2072	2087	0.00	211	0	0	0	nan	0.00	0.00	3.77	84.62	88.88	0.00	39	0	43	0.00	0.00	65.18	7.50	0.00	0.00	2000
229	11.20	2057	2089	0.00	178	0	0	0	nan	0.00	0.00	5.24	83.24	88.80	0.00	39	0	43	0.00	0.00	64.85	7.49	0.00	0.00	2000
228	11.41	2045	2049	0.00	210	0	0	0	nan	0.00	0.00	4.83	81.65	88.59	0.00	39	0	43	0.00	0.00	65.38	6.93	0.00	0.00	2000
231	11.12	2007	2176	0.00	195	0	0	0	nan	0.00	0.00	3.47	88.86	88.88	0.00	39	0	43	0.00	0.00	64.44	8.00	0.00	0.00	2000
229	11.32	2024	2102	0.00	211	0	0	0	nan	0.00	0.00	4.66	84.33	88.68	0.00	39	0	43	0.00	0.00	64.97	7.37	0.00	0.00	2000
228	11.14	2048	2097	0.00	178	0	0	0	nan	0.00	0.00	4.05	84.73	88.86	0.00	39	0	43	0.00	0.00	64.91	7.36	0.00	0.00	2000
229	11.10	2059	2107	0.00	212	0	0	0	nan	0.00	0.00	4.21	85.15	88.90	0.00	39	0	43	0.00	0.00	64.71	7.33	0.00	0.00	2000
230	11.31	2060	2072	0.00	179	0	0	0	nan	0.00	0.00	4.37	83.24	88.69	0.00	39	0	43	0.00	0.00	64.96	7.47	0.00	0.00	2000
229	11.22	2016	2125	0.00	210	0	0	0	nan	0.00	0.00	5.21	84.80	88.78	0.00	39	0	43	0.00	0.00	64.90	7.29	0.00	0.00	2000
228	11.23	2046	2085	0.00	178	0	0	0	nan	0.00	0.00	4.32	83.92	88.77	0.00	39	0	43	0.00	0.00	65.21	7.42	0.00	0.00	2000
229	11.14	2046	2109	0.00	212	0	0	0	nan	0.00	0.00	5.27	84.13	88.86	0.00	39	0	43	0.00	0.00	64.83	7.28	0.00	0.00	2000
229	10.93	2097	2096	0.00	178	0	0	0	nan	0.00	0.02	4.16	84.79	89.07	0.00	39	0	43	0.00	0.00	65.31	7.43	0.00	0.00	2000
231	11.26	2058	2095	0.00	212	0	0	0	nan	0.00	0.00	4.88	83.69	88.74	0.00	39	0	43	0.00	0.00	65.17	7.48	0.00	0.00	2000
228	11.10	2062	2090	0.00	177	0	0	0	nan	0.00	0.00	4.31	84.28	88.90	0.00	39	0	43	0.00	0.00	64.82	7.56	0.00	0.00	2000
230	11.09	2052	2120	0.93	212	0	0	6	68.99	0.00	0.00	5.69	84.17	88.91	0.00	39	0	43	0.00	0.00	65.31	7.36	0.00	0.00	2000
228	11.33	2016	2098	0.54	178	0	0	0	nan	0.00	0.00	4.04	84.75	88.67	0.00	39	0	43	0.00	0.00	64.71	7.43	0.00	0.00	2000
229	11.28	2024	2109	0.00	211	0	0	0	nan	0.00	0.00	4.34	84.89	88.72	0.00	39	0	43	0.00	0.00	65.22	7.41	0.00	0.00	2000
227	11.30	2023	2087	0.00	178	0	0	0	nan	0.00	0.00	4.06	84.24	88.70	0.00	39	0	43	0.00	0.00	64.60	7.30	0.00	0.00	2000
232	11.52	2020	2096	0.00	212	0	0	0	nan	0.00	0.00	5.01	83.43	88.48	0.00	39	0	43	0.00	0.00	64.85	7.29	0.00	0.00	2000
228	11.33	2019	2098	0.00	182	0	0	0	nan	0.00	0.00	6.16	82.53	88.67	0.00	39	0	43	0.00	0.00	64.68	7.58	0.00	0.00	2000
230	11.15	2063	2099	0.00	213	0	0	0	nan	0.00	0.02	5.16	83.63	88.85	0.00	39	0	43	0.00	0.00	65.13	7.48	0.00	0.00	2000
229	10.88	2090	2113	0.00	178	0	0	0	nan	0.00	0.00	5.22	84.57	89.12	0.00	39	0	43	0.00	0.00	65.15	7.57	0.00	0.00	2000
229	11.06	2091	2083	0.00	211	0	0	0	nan	0.00	0.00	4.26	83.95	88.94	0.00	39	0	43	0.00	0.00	65.27	7.52	0.00	0.00	2000
231	11.28	2047	2100	0.00	180	0	0	0	nan	0.00	0.00	5.61	83.19	88.72	0.00	39	0	43	0.00	0.00	65.41	7.21	0.00	0.00	2000
229	11.17	2036	2119	0.00	211	0	0	0	nan	0.00	0.00	5.13	84.59	88.83	0.00	39	0	43	0.00	0.00	65.11	7.41	0.00	0.00	2000
227	11.05	2057	2098	0.00	177	0	0	0	nan	0.00	0.00	4.07	84.83	88.95	0.00	39	0	43	0.00	0.00	64.80	7.26	0.00	0.00	2000
229	11.25	2038	2102	0.00	211	0	0	0	nan	0.00	0.00	4.25	84.67	88.75	0.00	39	0	43	0.00	0.00	65.47	7.47	0.00	0.00	2000
228	11.25	2036	2093	0.00	179	0	0	0	nan	0.00	0.00	4.93	83.62	88.75	0.00	39	0	43	0.00	0.00	64.97	7.30	0.00	0.00	2000
231	11.21	2068	2095	0.00	212	0	0	0	nan	0.00	0.00	4.91	83.79	88.79	0.00	39	0	43	0.00	0.00	65.20	7.34	0.00	0.00	2000
228	11.08	2054	2107	0.00	178	0	0	0	nan	0.00	0.00	5.24	84.03	88.92	0.00	39	0	43	0.00	0.00	65.12	7.42	0.00	0.00	2000
229	11.28	2027	2104	0.00	211	0	0	0	nan	0.00	0.00	4.20	84.82	88.72	0.00	39	0	43	0.00	0.00	64.93	7.59	0.00	0.00	2000
228	11.40	2004	2099	0.59	179	0	0	6	72.80	0.00	0.00	5.40	83.28	88.60	0.00	39	0	43	0.00	0.00	65.08	7.31	0.00	0.00	2000
230	11.10	2065	2103	0.90	210	0	0	2	84.56	0.00	0.00	5.14	83.91	88.90	0.00	39	0	43	0.00	0.00	65.24	7.38	0.00	0.00	2000
231	11.18	2090	2076	0.00	179	0	0	0	nan	0.00	0.00	5.26	82.52	88.82	0.00	39	0	43	0.00	0.00	65.02	7.38	0.00	0.00	2000
232	10.91	2098	2125	0.00	210	0	0	0	nan	0.00	0.00	5.91	84.26	89.09	0.00	39	0	43	0.00	0.00	65.62	7.37	0.00	0.00	2000
228	11.16	2035	2111	0.00	187	0	0	0	nan	0.00	0.00	4.95	84.41	88.84	0.00	39	0	43	0.00	0.00	65.54	7.43	0.00	0.00	2000
228	11.32	2017	2099	0.00	195	0	0	0	nan	0.00	0.00	3.48	85.33	88.68	0.00	39	0	43	0.00	0.00	65.10	7.36	0.00	0.00	2000
229	11.39	1998	2108	0.00	193	0	0	0	nan	0.00	0.01	2.74	86.34	88.61	0.00	39	0	43	0.00	0.00	64.38	7.21	0.00	0.00	2000
228	10.88	2117	2078	0.00	194	0	0	0	nan	0.00	0.00	2.93	85.31	89.12	0.00	39	0	43	0.00	0.00	62.22	7.16	0.00	0.00	2000
229	11.53	2029	2060	0.00	198	0	0	0	nan	0.00	0.03	3.77	83.12	88.47	0.00	39	0	43	0.00	0.00	62.86	7.50	0.00	0.00	2000
231	11.20	2024	2143	0.00	212	0	0	0	nan	0.00	0.00	4.55	86.11	88.80	0.00	39	0	43	0.00	0.00	71.07	7.76	0.00	0.00	2000
229	11.01	2078	2102	0.00	178	0	0	0	nan	0.00	0.00	4.42	84.72	88.99	0.00	39	0	43	0.00	0.00	65.70	7.21	0.00	0.00	2000
229	11.28	2030	2102	0.00	212	0	0	0	nan	0.00	0.00	3.74	85.15	88.72	0.00	39	0	43	0.00	0.00	64.92	7.42	0.00	0.00	2000
235	11.66	2017	2097	0.00	180	0	0	0	nan	0.00	0.00	4.48	83.88	88.34	0.00	39	0	43	0.00	0.00	65.41	7.44	0.00	0.00	2000
231	11.51	2022	2084	0.00	213	0	0	0	nan	0.00	0.00	4.19	83.69	88.49	0.00	39	0	43	0.00	0.00	65.40	7.46	0.00	0.00	2000
229	11.08	2046	2117	0.00	178	0	0	0	nan	0.00	0.00	5.12	84.58	88.92	0.00	39	0	43	0.00	0.00	65.04	7.40	0.00	0.00	2000
230	11.08	2090	2084	0.00	210	0	0	0	nan	0.00	0.00	4.31	84.00	88.92	0.00	39	0	43	0.00	0.00	65.06	7.34	0.00	0.00	2000
228	10.81	2103	2111	0.00	178	0	0	0	nan	0.00	0.00	4.94	84.76	89.19	0.00	39	0	43	0.00	0.00	66.10	7.60	0.00	0.00	2000
228	11.30	2020	2096	0.17	196	0	0	4	73.66	0.00	0.04	3.90	84.75	88.70	0.00	39	0	43	0.00	0.00	63.96	7.18	0.00	0.00	2000
230	11.47	1996	2107	1.23	194	0	0	4	81.20	0.00	0.00	3.88	85.03	88.53	0.00	39	0	43	0.00	0.00	64.81	7.40	0.00	0.00	2000
230	11.15	2054	2105	0.00	211	0	0	0	nan	0.00	0.00	4.13	84.98	88.85	0.00	39	0	43	0.00	0.00	65.27	7.46	0.00	0.00	2000
230	11.22	2055	2091	0.00	178	0	0	0	nan	0.00	0.00	4.10	84.31	88.78	0.00	39	0	43	0.00	0.00	65.01	7.46	0.00	0.00	2000
230	11.03	2069	2117	0.00	210	0	0	0	nan	0.00	0.00	4.68	85.11	88.97	0.00	40	0	43	0.00	0.00	65.38	7.53	0.00	0.00	2000
229	11.08	2078	2085	0.00	178	0	0	0	nan	0.00	0.01	3.43	84.91	88.92	0.00	39	0	43	0.00	0.00	61.93	7.39	0.00	0.00	2000
231	11.31	2050	2092	0.00	212	0	0	0	nan	0.00	0.00	5.45	82.92	88.69	0.00	39	0	43	0.00	0.00	67.93	7.41	0.00	0.00	2000
228	11.32	2016	2099	0.00	178	0	0	0	nan	0.00	0.00	5.15	83.65	88.68	0.00	39	0	43	0.00	0.00	61.79	7.01	0.00	0.00	2000
229	11.14	2045	2116	0.00	212	0	0	0	nan	0.00	0.00	4.69	85.01	88.86	0.00	39	0	43	0.00	0.00	67.91	7.76	0.00	0.00	2000
229	11.15	2058	2092	0.00	178	0	0	0	nan	0.00	0.00	3.94	84.66	88.85	0.00	39	0	43	0.00	0.00	64.26	7.43	0.00	0.00	2000
229	11.33	2014	2110	0.00	211	0	0	0	nan	0.00	0.00	4.38	84.81	88.67	0.00	39	0	43	0.00	0.00	65.28	7.42	0.00	0.00	2000
229	11.38	2004	2112	0.00	178	0	0	0	nan	0.00	0.00	4.25	85.03	88.62	0.00	39	0	43	0.00	0.00	64.87	7.40	0.00	0.00	2000
230	11.21	2071	2081	0.00	214	0	0	0	nan	0.00	0.00	4.68	83.34	88.79	0.00	39	0	43	0.00	0.00	65.26	7.38	0.00	0.00	2000
228	11.35	2030	2080	0.00	179	0	0	0	nan	0.00	0.00	4.70	83.20	88.65	0.00	39	0	43	0.00	0.00	62.29	6.84	0.00	0.00	2000
229	10.98	2047	2140	0.00	210	0	0	0	nan	0.00	0.00	4.89	85.93	89.02	0.00	39	0	43	0.00	0.00	66.56	8.21	0.00	0.00	2000
227	11.15	2096	2037	0.00	178	0	0	0	nan	0.00	0.02	3.20	83.12	88.85	0.00	39	0	43	0.00	0.00	60.80	7.07	0.00	0.00	2000
231	11.00	2055	2145	0.00	211	0	0	0	nan	0.00	0.00	4.19	86.81	89.00	0.00	39	0	43	0.00	0.00	70.56	8.03	0.00	0.00	2000
229	11.16	2051	2101	0.00	179	0	0	3	71.98	0.00	0.00	4.38	84.55	88.84	0.00	39	0	43	0.00	0.00	65.10	7.15	0.00	0.00	2000
229	11.29	2032	2099	1.34	195	0	0	5	74.30	0.00	0.00	3.75	85.06	88.71	0.00	39	0	43	0.00	0.00	64.95	7.70	0.00	0.00	2000
228	11.18	2061	2081	0.00	194	0	0	0	nan	0.00	0.00	4.43	83.69	88.82	0.00	39	0	43	0.00	0.00	59.56	6.77	0.00	0.00	2000
232	11.21	2054	2111	0.00	210	0	0	0	nan	0.00	0.00	4.90	84.31	88.79	0.00	39	0	43	0.00	0.00	68.35	7.76	0.00	0.00	2000
228	11.10	2040	2111	0.00	179	0	0	0	nan	0.00	0.02	5.83	83.70	88.90	0.00	39	0	43	0.00	0.00	65.19	7.37	0.00	0.00	2000
231	10.93	2106	2105	0.00	212	0	0	0	nan	0.00	0.02	3.89	85.49	89.07	0.00	39	0	43	0.00	0.00	65.56	7.36	0.00	0.00	2000
228	11.15	2072	2075	0.00	178	0	0	0	nan	0.00	0.00	3.99	83.85	88.85	0.00	39	0	43	0.00	0.00	62.45	7.08	0.00	0.00	2000
229	11.12	2058	2105	0.00	211	0	0	0	nan	0.00	0.00	5.31	83.86	88.88	0.00	40	0	43	0.00	0.00	64.90	7.49	0.00	0.00	2000
228	11.07	2041	2117	0.00	179	0	0	0	nan	0.00	0.00	5.50	84.26	88.93	0.00	39	0	43	0.00	0.00	68.21	7.85	0.00	0.00	2000
229	11.19	2053	2089	0.00	211	0	0	0	nan	0.00	0.00	3.85	84.60	88.81	0.00	39	0	43	0.00	0.00	62.07	7.01	0.00	0.00	2000
232	11.45	2013	2112	0.00	179	0	0	0	nan	0.00	0.00	5.22	83.92	88.55	0.00	39	0	43	0.00	0.00	68.25	7.87	0.00	0.00	2000
231	11.19	2078	2085	0.00	210	0	0	0	nan	0.00	0.00	3.86	84.42	88.81	0.00	39	0	43	0.00	0.00	62.56	7.21	0.00	0.00	2000
229	10.85	2093	2114	0.00	179	0	0	0	nan	0.00	0.00	5.54	84.30	89.15	0.00	39	0	43	0.00	0.00	67.70	7.85	0.00	0.00	2000
229	11.14	2064	2091	0.00	195	0	0	0	nan	0.00	0.00	3.48	85.14	88.86	0.00	39	0	43	0.00	0.00	64.83	7.00	0.00	0.00	2000
228	11.24	2033	2093	0.00	194	0	0	0	nan	0.00	0.03	4.63	83.88	88.76	0.00	39	0	43	0.00	0.00	62.18	7.49	0.00	0.00	2000
233	11.02	2089	2124	0.00	217	0	0	0	nan	0.00	0.00	5.90	84.25	88.98	0.00	39	0	43	0.00	0.00	67.39	7.60	0.00	0.00	2000
228	11.02	2101	2067	0.00	180	0	0	0	nan	0.00	0.00	3.17	84.52	88.98	0.00	39	0	43	0.00	0.00	64.28	7.38	0.00	0.00	2000
229	11.45	1983	2119	0.00	210	0	0	1	77.89	0.00	0.02	4.06	85.43	88.55	0.00	39	0	43	0.00	0.00	64.76	7.44	0.00	0.00	2000
228	11.18	2041	2099	1.43	178	0	0	6	74.74	0.00	0.00	4.19	84.68	88.82	0.00	39	0	43	0.00	0.00	64.92	7.40	0.00	0.00	2000
229	11.38	2020	2095	0.00	211	0	0	0	nan	0.00	0.02	3.75	84.74	88.62	0.00	39	0	43	0.00	0.00	64.84	7.60	0.00	0.00	2000
231	11.22	2049	2108	0.00	179	0	0	0	nan	0.00	0.00	5.35	83.88	88.78	0.00	39	0	43	0.00	0.00	65.20	7.46	0.00	0.00	2000
230	11.26	2033	2106	0.00	211	0	0	0	nan	0.00	0.00	4.05	85.05	88.74	0.00	39	0	43	0.00	0.00	65.04	7.51	0.00	0.00	2000
228	11.15	2042	2103	0.00	178	0	0	0	nan	0.00	0.00	4.07	84.99	88.85	0.00	39	0	43	0.00	0.00	65.54	7.41	0.00	0.00	2000
229	11.29	2049	2078	0.00	195	0	0	0	nan	0.00	0.02	3.26	84.61	88.71	0.00	39	0	43	0.00	0.00	64.89	7.42	0.00	0.00	2000
228	11.04	2055	2111	0.00	196	0	0	0	nan	0.00	0.01	4.91	84.66	88.96	0.00	39	0	43	0.00	0.00	65.67	7.56	0.00	0.00	2000
231	11.25	2065	2083	0.00	197	0	0	0	nan	0.00	0.00	4.75	83.33	88.75	0.00	39	0	43	0.00	0.00	62.10	7.41	0.00	0.00	2000
230	11.13	2033	2134	0.00	195	0	0	0	nan	0.00	0.05	4.88	85.51	88.87	0.00	39	0	43	0.00	0.00	68.52	7.40	0.00	0.00	2000
229	11.10	2078	2086	0.00	196	0	0	0	nan	0.00	0.00	3.15	85.22	88.90	0.00	39	0	43	0.00	0.00	64.43	7.45	0.00	0.00	2000
228	11.16	2050	2092	0.00	195	0	0	0	nan	0.00	0.02	3.79	84.83	88.84	0.00	39	0	43	0.00	0.00	65.64	7.58	0.00	0.00	2000
230	11.16	2047	2111	0.00	196	0	0	0	nan	0.00	0.00	4.47	85.04	88.84	0.00	39	0	43	0.00	0.00	64.52	7.30	0.00	0.00	2000
229	11.48	1994	2098	0.00	195	0	0	0	nan	0.00	0.00	3.88	84.67	88.52	0.00	39	0	43	0.00	0.00	65.18	7.64	0.00	0.00	2000
231	11.34	2034	2100	0.00	211	0	0	0	nan	0.00	0.00	4.73	84.02	88.66	0.00	39	0	43	0.00	0.00	65.41	7.44	0.00	0.00	2000
233	11.36	2050	2097	0.00	194	0	0	0	nan	0.00	0.00	7.99	80.49	88.64	0.00	39	0	43	0.00	0.00	65.59	7.47	0.00	0.00	2000
230	11.19	2050	2106	0.00	211	0	0	0	nan	0.00	0.00	5.10	84.02	88.81	0.00	39	0	43	0.00	0.00	65.43	7.27	0.00	0.00	2000
228	11.27	2027	2097	0.00	178	0	0	0	nan	0.00	0.00	4.49	84.21	88.73	0.00	39	0	43	0.00	0.00	65.89	7.43	0.00	0.00	2000
230	11.12	2063	2101	1.25	210	0	0	6	61.93	0.00	0.00	4.48	84.50	88.88	0.00	39	0	43	0.00	0.00	65.17	7.19	0.00	0.00	2000
231	11.31	2064	2080	0.20	183	0	0	0	nan	0.00	0.01	6.14	81.83	88.69	0.00	39	0	43	0.00	0.00	65.21	7.30	0.00	0.00	2000
230	10.99	2065	2125	0.00	212	0	0	0	nan	0.00	0.00	5.34	84.82	89.01	0.00	39	0	43	0.00	0.00	65.52	7.38	0.00	0.00	2000
228	11.04	2073	2092	0.00	178	0	0	0	nan	0.00	0.00	4.30	84.36	88.96	0.00	39	0	43	0.00	0.00	65.55	7.39	0.00	0.00	2000
230	11.31	2040	2093	0.00	211	0	0	0	nan	0.00	0.00	4.50	83.99	88.69	0.00	39	0	43	0.00	0.00	65.22	7.27	0.00	0.00	2000
230	10.86	2128	2091	0.00	180	1	0	0	nan	0.00	0.00	5.20	83.62	89.14	0.00	39	0	43	0.00	0.00	65.26	7.33	0.00	0.00	2000
232	11.02	2070	2135	0.00	213	0	0	0	nan	0.00	0.00	5.47	85.10	88.98	0.00	39	0	43	0.00	0.00	65.44	7.50	0.00	0.00	2000
228	11.27	2038	2081	0.00	177	0	0	0	nan	0.00	0.00	3.57	84.51	88.73	0.00	39	0	43	0.00	0.00	65.35	7.52	0.00	0.00	2000
229	11.19	2040	2109	0.00	211	0	0	0	nan	0.00	0.00	4.50	84.75	88.81	0.00	39	0	43	0.00	0.00	65.73	7.46	0.00	0.00	2000
228	11.01	2074	2096	0.00	178	0	0	0	nan	0.00	0.00	4.36	84.55	88.99	0.00	39	0	43	0.00	0.00	65.25	7.34	0.00	0.00	2000
230	11.26	2037	2106	0.00	212	0	0	0	nan	0.00	0.00	4.64	84.51	88.74	0.00	39	0	43	0.00	0.00	65.45	7.38	0.00	0.00	2000
228	11.25	2039	2092	0.00	178	0	0	0	nan	0.00	0.00	4.11	84.34	88.75	0.00	39	0	43	0.00	0.00	65.28	7.49	0.00	0.00	2000
232	11.24	2064	2098	0.00	213	0	0	0	nan	0.00	0.00	4.67	84.02	88.76	0.00	39	0	43	0.00	0.00	65.23	7.36	0.00	0.00	2000
229	10.98	2085	2096	0.00	178	0	0	0	nan	0.00	0.00	4.81	84.14	89.02	0.00	39	0	43	0.00	0.00	64.99	7.32	0.00	0.00	2000
229	11.06	2066	2108	0.00	211	0	0	0	nan	0.00	0.00	5.00	84.39	88.94	0.00	39	0	43	0.00	0.00	65.08	7.33	0.00	0.00	2000
229	11.07	2066	2100	0.00	179	0	0	0	nan	0.00	0.02	4.53	84.49	88.93	0.00	39	0	43	0.00	0.00	65.00	7.21	0.00	0.00	2000
229	10.94	2110	2088	0.00	211	0	0	0	nan	0.00	0.00	4.19	84.44	89.06	0.00	39	0	43	0.00	0.00	65.39	7.32	0.00	0.00	2000
229	11.12	2053	2110	0.93	179	0	0	6	73.21	0.00	0.00	5.10	84.32	88.88	0.00	39	0	43	0.00	0.00	65.09	7.40	0.00	0.00	2000
231	11.42	2022	2104	0.55	211	0	0	0	nan	0.00	0.00	4.29	84.59	88.58	0.00	39	0	43	0.00	0.00	65.29	7.36	0.00	0.00	2000
228	11.18	2046	2098	0.00	178	0	0	0	nan	0.00	0.00	4.44	84.37	88.82	0.00	39	0	43	0.00	0.00	65.60	7.42	0.00	0.00	2000
230	11.16	2053	2104	0.00	211	0	0	0	nan	0.00	0.00	3.85	85.33	88.84	0.00	39	0	43	0.00	0.00	65.28	7.48	0.00	0.00	2000
229	11.35	2041	2074	0.00	182	0	0	0	nan	0.00	0.00	6.28	81.31	88.65	0.00	39	0	43	0.00	0.00	65.33	7.50	0.00	0.00	2000
231	11.18	2037	2128	0.00	212	0	0	0	nan	0.00	0.00	5.78	84.30	88.82	0.00	39	0	43	0.00	0.00	65.73	7.25	0.00	0.00	2000
229	11.12	2065	2094	0.00	179	0	0	0	nan	0.00	0.00	4.60	84.05	88.88	0.00	39	0	43	0.00	0.00	65.24	7.47	0.00	0.00	2000
229	11.22	2051	2094	0.00	211	0	0	0	nan	0.00	0.00	4.20	84.42	88.78	0.00	39	0	43	0.00	0.00	65.48	7.50	0.00	0.00	2000
228	11.15	2039	2105	0.00	178	0	0	0	nan	0.00	0.00	4.84	84.31	88.85	0.00	39	0	43	0.00	0.00	65.12	7.39	0.00	0.00	2000
229	11.02	2075	2102	0.00	211	0	0	0	nan	0.00	0.00	4.28	84.83	88.98	0.00	39	0	43	0.00	0.00	65.63	7.42	0.00	0.00	2000
237	11.52	2078	2078	0.00	183	0	0	0	nan	0.00	0.01	4.99	82.65	88.48	0.00	39	0	43	0.00	0.00	65.52	7.38	0.00	0.00	2000
230	10.96	2089	2109	0.00	210	0	0	0	nan	0.00	0.00	4.66	84.74	89.04	0.00	39	0	43	0.00	0.00	65.27	7.69	0.00	0.00	2000
228	10.75	2108	2116	0.00	178	0	0	0	nan	0.00	0.00	5.29	84.67	89.25	0.00	39	0	43	0.00	0.00	65.38	7.46	0.00	0.00	2000
230	11.37	2022	2098	0.00	211	0	0	0	nan	0.00	0.00	4.53	84.10	88.63	0.00	39	0	43	0.00	0.00	65.03	7.38	0.00	0.00	2000
229	11.29	2023	2101	0.00	178	0	0	0	nan	0.00	0.00	5.28	83.55	88.71	0.00	39	0	43	0.00	0.00	64.83	7.49	0.00	0.00	2000
232	11.24	2067	2096	0.00	211	0	0	0	nan	0.00	0.00	4.95	83.57	88.76	0.00	39	0	43	0.00	0.00	65.14	7.41	0.00	0.00	2000
228	11.16	2061	2086	0.00	179	0	0	0	nan	0.00	0.00	5.13	83.17	88.84	0.00	39	0	43	0.00	0.00	65.39	7.36	0.00	0.00	2000
228	11.12	2041	2115	0.60	211	0	0	6	70.23	0.00	0.00	5.48	84.16	88.88	0.00	39	0	43	0.00	0.00	64.87	7.22	0.00	0.00	2000
230	11.13	2083	2081	0.88	179	0	0	2	84.30	0.00	0.00	5.21	82.93	88.87	0.00	39	0	43	0.00	0.00	65.58	7.35	0.00	0.00	2000
231	10.99	2080	2120	0.00	210	0	0	0	nan	0.00	0.00	5.64	84.32	89.01	0.00	39	0	43	0.00	0.00	65.36	7.38	0.00	0.00	2000
229	10.97	2091	2095	0.00	178	0	0	0	nan	0.00	0.00	4.97	83.87	89.03	0.00	39	0	43	0.00	0.00	64.74	7.17	0.00	0.00	2000
232	11.27	2064	2093	0.00	213	0	0	0	nan	0.01	0.00	5.79	82.74	88.73	0.00	39	0	43	0.00	0.00	65.14	7.39	0.00	0.00	2000
229	10.91	2089	2110	0.00	178	0	0	0	nan	0.00	0.00	5.24	84.31	89.09	0.00	39	0	43	0.00	0.00	64.87	7.41	0.00	0.00	2000
229	11.19	2040	2111	0.00	213	0	0	0	nan	0.00	0.00	4.45	84.91	88.81	0.00	39	0	43	0.00	0.00	65.01	7.25	0.00	0.00	2000
229	11.05	2077	2090	0.00	178	0	0	0	nan	0.00	0.00	4.16	84.52	88.95	0.00	39	0	43	0.00	0.00	64.99	7.48	0.00	0.00	2000
230	11.29	2031	2108	0.00	215	0	0	0	nan	0.00	0.01	4.92	84.21	88.71	0.00	39	0	43	0.00	0.00	65.22	7.33	0.00	0.00	2000
231	11.34	2064	2073	0.00	180	0	0	0	nan	0.00	0.01	4.50	83.09	88.66	0.00	39	0	43	0.00	0.00	65.38	7.40	0.00	0.00	2000
230	10.99	2070	2124	0.00	212	0	0	0	nan	0.00	0.00	5.90	84.31	89.01	0.00	39	0	43	0.00	0.00	65.41	7.43	0.00	0.00	2000
227	11.04	2062	2097	0.00	179	0	0	0	nan	0.00	0.00	4.71	84.13	88.96	0.00	39	0	43	0.00	0.00	65.48	7.37	0.00	0.00	2000
229	11.32	2038	2084	0.00	211	0	0	0	nan	0.00	0.00	4.50	83.62	88.68	0.00	39	0	43	0.00	0.00	62.69	7.07	0.00	0.00	2000
230	11.04	2086	2095	0.00	178	0	0	0	nan	0.00	0.00	5.67	83.18	88.96	0.00	39	0	43	0.00	0.00	62.36	7.07	0.00	0.00	2000
232	11.29	2044	2108	0.00	211	0	0	0	nan	0.00	0.00	5.81	83.26	88.71	0.00	39	0	43	0.00	0.00	68.21	7.84	0.00	0.00	2000
229	10.98	2067	2115	0.00	178	0	0	0	nan	0.00	0.00	5.56	84.22	89.02	0.00	39	0	43	0.00	0.00	65.59	7.51	0.00	0.00	2000
229	11.17	2047	2104	0.00	211	0	0	0	nan	0.00	0.00	4.51	84.62	88.83	0.00	39	0	43	0.00	0.00	67.67	7.54	0.00	0.00	2000
228	11.09	2060	2095	0.18	178	0	0	4	75.05	0.00	0.00	4.53	84.33	88.91	0.00	39	0	43	0.00	0.00	64.80	7.42	0.00	0.00	2000
231	11.10	2097	2088	1.23	213	0	0	3	79.37	0.00	0.00	4.22	84.26	88.90	0.00	39	0	43	0.00	0.00	65.28	7.44	0.00	0.00	2000
230	11.09	2074	2102	0.00	179	0	0	0	nan	0.00	0.00	5.03	84.03	88.91	0.00	39	0	43	0.00	0.00	62.52	7.12	0.00	0.00	2000
229	11.16	2045	2110	0.00	210	0	0	0	nan	0.00	0.00	5.70	83.60	88.84	0.00	39	0	43	0.00	0.00	67.40	7.87	0.00	0.00	2000
229	11.20	2044	2096	0.00	178	0	0	0	nan	0.00	0.00	4.56	84.19	88.80	0.00	39	0	43	0.00	0.00	62.53	7.24	0.00	0.00	2000
229	11.34	2013	2104	0.00	212	0	0	0	nan	0.00	0.00	4.78	84.14	88.66	0.00	39	0	43	0.00	0.00	64.96	7.46	0.00	0.00	2000
228	11.09	2066	2087	0.00	178	0	0	0	nan	0.00	0.00	4.87	83.49	88.91	0.00	39	0	43	0.00	0.00	62.38	7.11	0.00	0.00	2000
230	11.06	2075	2100	0.00	211	0	0	0	nan	0.00	0.00	5.35	83.66	88.94	0.00	39	0	43	0.00	0.00	68.17	7.43	0.00	0.00	2000
230	11.15	2054	2106	0.00	179	0	0	0	nan	0.00	0.00	5.20	84.05	88.85	0.00	39	0	43	0.00	0.00	65.15	7.83	0.00	0.00	2000
230	11.06	2066	2113	0.00	212	0	0	0	nan	0.00	0.00	5.45	84.16	88.94	0.00	39	0	43	0.00	0.00	65.37	7.51	0.00	0.00	2000
230	11.21	2060	2092	0.00	178	0	0	0	nan	0.00	0.00	4.61	84.00	88.79	0.00	39	0	43	0.00	0.00	64.53	7.43	0.00	0.00	2000
229	11.12	2073	2090	0.00	214	0	0	0	nan	0.00	0.00	5.54	82.98	88.88	0.00	39	0	43	0.00	0.00	62.54	7.37	0.00	0.00	2000
229	11.08	2062	2106	0.00	183	0	0	0	nan	0.00	0.01	5.71	83.55	88.92	0.00	39	0	43	0.00	0.00	68.09	7.70	0.00	0.00	2000
230	11.33	2024	2109	0.00	213	0	0	0	nan	0.00	0.01	4.18	84.99	88.67	0.00	39	0	43	0.00	0.00	61.69	7.11	0.00	0.00	2000
229	11.34	2021	2096	0.00	179	0	0	0	nan	0.00	0.02	4.46	84.18	88.66	0.00	39	0	43	0.00	0.00	68.04	7.64	0.00	0.00	2000
230	11.22	2062	2088	0.00	210	0	0	0	nan	0.00	0.00	4.65	83.73	88.78	0.00	39	0	43	0.00	0.00	62.77	7.11	0.00	0.00	2000
228	11.05	2053	2107	0.00	178	0	0	0	nan	0.00	0.00	4.50	84.87	88.95	0.00	39	0	43	0.00	0.00	65.68	7.67	0.00	0.00	2000
229	11.20	2037	2104	0.00	210	0	0	3	76.67	0.00	0.00	4.52	84.55	88.80	0.00	39	0	43	0.00	0.00	67.34	7.36	0.00	0.00	2000
230	11.41	2020	2099	1.36	180	0	0	5	78.39	0.00	0.00	5.09	83.61	88.59	0.00	39	0	43	0.00	0.00	64.51	7.50	0.00	0.00	2000
229	11.24	2037	2100	0.00	211	0	0	0	nan	0.00	0.00	3.87	84.97	88.76	0.00	39	0	43	0.00	0.00	63.12	7.29	0.00	0.00	2000
228	11.08	2060	2099	0.00	178	0	0	0	nan	0.00	0.00	4.30	84.69	88.92	0.00	39	0	43	0.00	0.00	64.93	7.41	0.00	0.00	2000
229	11.26	2052	2086	0.00	211	0	0	0	nan	0.00	0.00	3.90	84.40	88.74	0.00	39	0	43	0.00	0.00	65.06	7.18	0.00	0.00	2000
228	11.25	2030	2099	0.00	179	0	0	0	nan	0.03	0.00	5.05	83.73	88.75	0.00	39	0	43	0.00	0.00	65.84	7.36	0.00	0.00	2000
230	10.90	2115	2100	0.00	212	0	0	0	nan	0.00	0.00	5.18	84.02	89.10	0.00	39	0	43	0.00	0.00	65.04	7.48	0.00	0.00	2000
228	10.99	2060	2117	0.00	178	0	0	0	nan	0.00	0.00	4.40	85.51	89.01	0.00	39	0	43	0.00	0.00	67.93	7.57	0.00	0.00	2000
229	11.24	2043	2099	0.00	211	0	0	0	nan	0.00	0.00	3.81	85.05	88.76	0.00	39	0	43	0.00	0.00	62.26	7.25	0.00	0.00	2000
228	11.48	1995	2093	0.00	179	0	0	0	nan	0.00	0.00	4.72	83.66	88.52	0.00	39	0	43	0.00	0.00	64.33	7.41	0.00	0.00	2000
230	11.22	2035	2111	0.00	210	0	0	0	nan	0.00	0.00	4.79	84.55	88.78	0.00	39	0	43	0.00	0.00	65.25	7.46	0.00	0.00	2000
230	11.13	2074	2092	0.00	178	0	0	0	nan	0.00	0.00	4.07	84.53	88.87	0.00	39	0	43	0.00	0.00	64.73	7.30	0.00	0.00	2000
231	11.31	2039	2102	0.00	212	0	0	0	nan	0.00	0.00	4.56	84.37	88.69	0.00	39	0	43	0.00	0.00	64.74	7.52	0.00	0.00	2000
229	11.23	2039	2096	0.00	180	0	0	0	nan	0.00	0.00	5.36	83.30	88.77	0.00	39	0	43	0.00	0.00	65.04	7.49	0.00	0.00	2000
229	11.22	2026	2112	0.00	212	0	0	0	nan	0.00	0.00	4.74	84.76	88.78	0.00	39	0	43	0.00	0.00	64.40	7.46	0.00	0.00	2000
229	11.34	2027	2090	0.00	181	0	0	0	nan	0.00	0.03	4.37	83.95	88.66	0.00	39	0	43	0.00	0.00	64.70	7.47	0.00	0.00	2000
230	11.07	2084	2091	0.00	211	0	0	0	nan	0.00	0.00	4.37	84.27	88.93	0.00	39	0	43	0.00	0.00	64.73	7.49	0.00	0.00	2000
231	11.02	2087	2113	0.00	180	0	0	1	81.61	0.00	0.02	5.04	84.59	88.98	0.00	39	0	43	0.00	0.00	65.62	7.48	0.00	0.00	2000
229	11.22	2053	2087	1.41	210	0	0	6	76.62	0.00	0.00	4.43	83.92	88.78	0.00	39	0	43	0.00	0.00	64.95	7.41	0.00	0.00	2000
229	10.91	2097	2104	0.00	178	0	0	0	nan	0.00	0.00	4.73	84.61	89.09	0.00	39	0	43	0.00	0.00	64.92	7.37	0.00	0.00	2000
229	11.40	2015	2097	0.00	211	0	0	0	nan	0.00	0.00	4.83	83.75	88.60	0.00	39	0	43	0.00	0.00	64.67	7.42	0.00	0.00	2000
229	10.99	2076	2109	0.00	178	0	0	0	nan	0.00	0.00	4.72	84.84	89.01	0.00	39	0	43	0.00	0.00	65.10	7.37	0.00	0.00	2000
231	11.40	2018	2104	0.00	212	0	0	0	nan	0.00	0.00	4.16	84.66	88.60	0.00	39	0	43	0.00	0.00	64.89	7.36	0.00	0.00	2000
229	11.24	2054	2079	0.00	178	0	0	0	nan	0.00	0.00	4.22	83.63	88.76	0.00	39	0	43	0.00	0.00	65.05	7.50	0.00	0.00	2000
230	11.03	2068	2118	0.00	210	0	0	0	nan	0.00	0.00	5.16	84.65	88.97	0.00	39	0	43	0.00	0.00	64.58	7.38	0.00	0.00	2000
228	11.22	2055	2080	0.00	185	0	0	0	nan	0.00	0.00	5.18	82.82	88.78	0.00	39	0	43	0.00	0.00	64.90	7.49	0.00	0.00	2000
230	10.98	2076	2120	0.00	220	0	0	0	nan	0.00	0.01	5.51	84.53	89.02	0.00	39	0	43	0.00	0.00	64.68	7.47	0.00	0.00	2000
230	11.31	2035	2103	0.00	179	0	0	0	nan	0.00	0.00	4.73	84.15	88.69	0.00	39	0	43	0.00	0.00	64.89	7.49	0.00	0.00	2000
230	11.28	2040	2096	0.00	211	0	0	0	nan	0.00	0.00	3.75	84.96	88.72	0.00	39	0	43	0.00	0.00	64.64	7.76	0.00	0.00	2000
228	11.31	2019	2099	0.00	178	0	0	0	nan	0.00	0.00	4.92	83.78	88.69	0.00	39	0	43	0.00	0.00	64.88	7.59	0.00	0.00	2000
229	11.31	2017	2106	0.00	211	0	0	0	nan	0.00	0.00	4.23	84.74	88.69	0.00	39	0	43	0.00	0.00	65.02	7.50	0.00	0.00	2000
230	10.97	2109	2083	0.00	178	0	0	0	nan	0.00	0.01	4.71	83.70	89.03	0.00	39	0	43	0.00	0.00	65.38	7.36	0.00	0.00	2000
232	10.94	2116	2102	0.00	212	0	0	0	nan	0.00	0.00	4.52	84.69	89.06	0.00	39	0	43	0.00	0.00	65.01	7.40	0.00	0.00	2000
229	11.14	2068	2091	0.00	177	0	0	0	nan	0.00	0.00	5.32	83.22	88.86	0.00	39	0	43	0.00	0.00	65.90	7.36	0.00	0.00	2000
231	11.19	2038	2125	0.00	212	0	0	0	nan	0.00	0.00	5.19	84.83	88.81	0.00	39	0	43	0.00	0.00	65.32	7.41	0.00	0.00	2000
229	11.16	2078	2075	1.27	179	0	0	6	72.41	0.00	0.00	4.49	83.27	88.84	0.00	39	0	43	0.00	0.00	65.08	7.41	0.00	0.00	2000
229	10.96	2083	2109	0.21	211	0	0	0	nan	0.00	0.00	5.22	84.27	89.04	0.00	39	0	43	0.00	0.00	65.44	7.40	0.00	0.00	2000
228	11.11	2037	2114	0.00	178	0	0	0	nan	0.00	0.00	5.41	84.17	88.89	0.00	39	0	43	0.00	0.00	65.22	7.30	0.00	0.00	2000
230	11.21	2045	2110	0.00	218	0	0	0	nan	0.00	0.00	4.28	85.06	88.79	0.00	39	0	43	0.00	0.00	64.88	7.42	0.00	0.00	2000
228	11.18	2051	2088	0.00	179	0	0	0	nan	0.00	0.01	4.52	83.91	88.82	0.00	39	0	43	0.00	0.00	64.99	7.19	0.00	0.00	2000
229	10.95	2100	2097	0.00	211	0	0	0	nan	0.00	0.00	4.12	84.78	89.05	0.00	39	0	43	0.00	0.00	65.20	7.22	0.00	0.00	2000
229	11.37	2034	2082	0.00	179	0	0	0	nan	0.00	0.00	5.01	82.92	88.63	0.00	39	0	43	0.00	0.00	64.49	7.30	0.00	0.00	2000
235	11.31	2054	2126	0.00	212	0	0	0	nan	0.00	0.00	6.19	83.70	88.69	0.00	39	0	43	0.00	0.00	65.45	7.25	0.00	0.00	2000
232	11.13	2104	2079	0.00	180	0	0	0	nan	0.00	0.00	4.05	84.01	88.87	0.00	39	0	43	0.00	0.00	65.02	7.27	0.00	0.00	2000
229	11.14	2044	2114	0.00	211	0	0	0	nan	0.00	0.00	4.67	84.88	88.86	0.00	39	0	43	0.00	0.00	64.83	7.34	0.00	0.00	2000
228	11.30	2015	2104	0.00	177	0	0	0	nan	0.00	0.00	4.83	84.09	88.70	0.00	39	0	43	0.00	0.00	64.72	7.44	0.00	0.00	2000
230	11.22	2048	2100	0.00	211	0	0	0	nan	0.00	0.00	3.95	84.92	88.78	0.00	39	0	43	0.00	0.00	65.12	7.43	0.00	0.00	2000
228	11.20	2052	2087	0.00	179	0	0	0	nan	0.00	0.00	5.22	83.08	88.80	0.00	39	0	43	0.00	0.00	65.05	7.45	0.00	0.00	2000
232	11.21	2054	2116	0.00	213	0	0	0	nan	0.00	0.00	4.66	84.91	88.79	0.00	39	0	43	0.00	0.00	65.04	7.48	0.00	0.00	2000
228	11.39	2023	2074	0.00	178	0	0	0	nan	0.00	0.00	4.44	83.14	88.61	0.00	39	0	43	0.00	0.00	64.88	7.39	0.00	0.00	2000
230	11.04	2059	2122	0.00	210	0	0	0	nan	0.00	0.00	5.06	84.95	88.96	0.00	39	0	43	0.00	0.00	64.95	7.43	0.00	0.00	2000
231	11.06	2084	2100	0.00	179	0	0	0	nan	0.00	0.00	5.01	83.94	88.94	0.00	39	0	43	0.00	0.00	65.06	7.40	0.00	0.00	2000
230	10.98	2112	2086	0.92	210	0	0	6	73.53	0.00	0.00	4.39	83.94	89.02	0.00	39	0	43	0.00	0.00	65.23	7.42	0.00	0.00	2000
233	11.00	2119	2095	0.55	180	0	0	0	nan	0.00	0.00	6.27	82.60	89.00	0.00	39	0	43	0.00	0.00	65.23	7.49	0.00	0.00	2000
229	10.90	2097	2108	0.00	210	0	0	0	nan	0.00	0.00	4.72	84.81	89.10	0.00	39	0	43	0.00	0.00	65.34	7.35	0.00	0.00	2000
229	11.43	1999	2108	0.00	182	0	0	0	nan	0.00	0.00	6.89	82.18	88.57	0.00	39	0	43	0.00	0.00	64.46	7.46	0.00	0.00	2000
230	11.17	2074	2090	0.00	211	0	0	0	nan	0.00	0.00	3.96	84.44	88.83	0.00	39	0	43	0.00	0.00	65.52	7.43	0.00	0.00	2000
229	10.95	2080	2108	0.00	177	0	0	0	nan	0.00	0.00	5.48	83.97	89.05	0.00	39	0	43	0.00	0.00	62.69	7.06	0.00	0.00	2000
232	11.11	2077	2113	0.00	211	0	0	0	nan	0.00	0.00	4.60	84.84	88.89	0.00	39	0	43	0.00	0.00	68.08	7.71	0.00	0.00	2000
229	11.25	2041	2092	0.00	180	0	0	0	nan	0.00	0.00	4.80	83.70	88.75	0.00	39	0	43	0.00	0.00	61.60	7.27	0.00	0.00	2000
229	11.32	2018	2103	0.00	212	0	0	0	nan	0.00	0.00	4.15	84.76	88.68	0.00	39	0	43	0.00	0.00	67.73	7.84	0.00	0.00	2000
229	11.04	2098	2075	0.00	178	0	0	0	nan	0.00	0.00	4.64	83.31	88.96	0.00	40	0	43	0.00	0.00	62.71	7.20	0.00	0.00	2000
229	11.31	2018	2109	0.00	211	0	0	0	nan	0.00	0.00	4.69	84.53	88.69	0.00	39	0	43	0.00	0.00	67.20	7.90	0.00	0.00	2000
230	11.15	2057	2105	0.00	179	0	0	0	nan	0.00	0.00	5.63	83.51	88.85	0.00	39	0	43	0.00	0.00	64.75	7.72	0.00	0.00	2000
231	11.14	2060	2113	0.00	212	0	0	0	nan	0.00	0.00	5.33	84.19	88.86	0.00	39	0	43	0.00	0.00	65.43	7.45	0.00	0.00	2000
228	11.03	2073	2095	0.00	178	0	0	0	nan	0.00	0.00	4.80	84.02	88.97	0.00	39	0	43	0.00	0.00	64.82	7.55	0.00	0.00	2000
229	11.35	2025	2096	0.00	211	0	0	0	nan	0.00	0.00	4.22	84.36	88.65	0.00	39	0	43	0.00	0.00	64.72	7.49	0.00	0.00	2000
229	11.36	2026	2085	0.00	178	0	0	0	nan	0.00	0.00	5.27	82.85	88.64	0.00	39	0	43	0.00	0.00	62.06	7.32	0.00	0.00	2000
231	11.33	2030	2109	0.00	212	0	0	0	nan	0.00	0.00	5.31	83.84	88.67	0.00	39	0	43	0.00	0.00	65.13	7.43	0.00	0.00	2000
229	11.32	2012	2111	0.59	178	0	0	6	70.86	0.00	0.00	5.88	83.37	88.68	0.00	39	0	43	0.00	0.00	64.79	7.45	0.00	0.00	2000
229	11.07	2062	2111	0.89	211	0	0	2	83.86	0.00	0.00	4.26	85.24	88.93	0.00	39	0	43	0.00	0.00	65.15	7.72	0.00	0.00	2000
228	11.19	2062	2072	0.00	178	0	0	0	nan	0.00	0.00	3.94	83.77	88.81	0.00	39	0	43	0.00	0.00	64.86	7.02	0.00	0.00	2000
230	10.84	2089	2129	0.00	211	0	0	0	nan	0.00	0.00	5.76	84.71	89.16	0.00	39	0	43	0.00	0.00	64.70	7.35	0.00	0.00	2000
230	11.63	1996	2085	0.00	179	0	0	0	nan	0.00	0.00	3.82	84.08	88.37	0.00	39	0	43	0.00	0.00	64.54	7.53	0.00	0.00	2000
231	10.94	2122	2090	0.00	212	0	0	0	nan	0.00	0.00	5.00	83.65	89.06	0.00	39	0	43	0.00	0.00	65.45	7.52	0.00	0.00	2000
229	11.20	2030	2113	0.00	178	0	0	0	nan	0.00	0.00	4.83	84.61	88.80	0.00	39	0	43	0.00	0.00	65.04	7.37	0.00	0.00	2000
230	11.08	2090	2089	0.00	215	0	0	0	nan	0.00	0.03	5.55	83.00	88.92	0.00	39	0	43	0.00	0.00	64.89	7.53	0.00	0.00	2000
229	11.11	2067	2089	0.00	179	0	0	0	nan	0.00	0.00	6.09	82.39	88.89	0.00	39	0	43	0.00	0.00	62.39	7.15	0.00	0.00	2000
230	11.16	2041	2125	0.00	212	0	0	0	nan	0.00	0.00	5.56	84.47	88.84	0.00	39	0	43	0.00	0.00	67.77	7.68	0.00	0.00	2000
228	11.82	2066	1964	0.00	179	0	0	0	nan	0.00	0.00	4.28	78.21	88.18	0.00	39	0	43	0.00	0.00	61.35	6.83	0.00	0.00	2000
233	10.57	2057	2248	0.00	210	0	0	0	nan	0.00	0.02	3.20	92.66	89.43	0.00	39	0	43	0.00	0.00	70.59	7.98	0.00	0.00	2000
227	11.31	2014	2092	0.00	195	0	0	0	nan	0.00	0.00	3.47	84.98	88.69	0.00	40	0	43	0.00	0.00	65.17	7.01	0.00	0.00	2000
229	11.27	2034	2100	0.00	194	0	0	0	nan	0.00	0.04	3.50	85.20	88.73	0.00	40	0	43	0.00	0.00	62.47	7.34	0.00	0.00	2000
228	11.17	2065	2073	0.00	194	0	0	0	nan	0.00	0.00	3.93	83.85	88.83	0.00	40	0	43	0.00	0.00	65.10	7.41	0.00	0.00	2000
232	11.39	2043	2095	0.00	197	0	0	0	nan	0.00	0.00	4.28	84.27	88.61	0.00	40	0	43	0.00	0.00	64.70	7.28	0.00	0.00	2000
228	10.80	2114	2096	0.00	194	0	0	0	nan	0.00	0.01	3.52	85.65	89.20	0.00	40	0	43	0.00	0.00	65.50	7.29	0.00	0.00	2000
225	10.81	2123	2064	0.49	194	0	0	5	73.75	0.00	0.00	3.67	84.02	89.19	0.00	40	0	43	0.00	0.00	65.21	7.34	0.00	0.00	2000
228	11.21	2052	2081	0.92	211	0	0	2	81.25	0.00	0.00	3.26	84.83	88.79	0.00	40	0	43	0.00	0.00	65.62	7.44	0.00	0.00	2000
232	10.56	2117	2176	0.00	196	0	0	0	nan	0.00	0.01	3.12	89.62	89.44	0.00	40	0	43	0.00	0.00	65.22	7.38	0.00	0.00	2000
229	11.45	1997	2107	0.00	195	0	0	0	nan	0.00	0.00	3.60	85.36	88.55	0.00	40	0	43	0.00	0.00	65.47	7.53	0.00	0.00	2000
229	11.09	2046	2115	0.00	194	0	0	0	nan	0.00	0.05	3.34	86.33	88.91	0.00	41	0	43	0.00	0.00	64.59	7.31	0.00	0.00	2000
227	11.43	2022	2064	0.00	197	0	0	0	nan	0.00	0.00	3.00	84.21	88.57	0.00	40	0	43	0.00	0.00	65.83	7.51	0.00	0.00	2000
230	11.31	2011	2125	0.00	194	0	0	0	nan	0.00	0.01	4.17	85.62	88.69	0.00	40	0	43	0.00	0.00	64.94	7.28	0.00	0.00	2000
227	11.35	2041	2062	0.00	195	0	0	0	nan	0.00	0.00	3.57	83.61	88.65	0.00	40	0	43	0.00	0.00	64.42	7.39	0.00	0.00	2000
227	11.47	2063	2013	0.00	196	0	0	0	nan	0.00	0.00	3.87	81.10	88.53	0.00	40	0	43	0.00	0.00	60.79	6.98	0.00	0.00	2000
231	10.87	2032	2194	0.00	211	0	0	0	nan	0.00	0.00	2.96	90.27	89.13	0.00	40	0	43	0.00	0.00	70.55	8.03	0.00	0.00	2000
231	11.15	2058	2118	0.00	198	0	0	0	nan	0.00	0.00	5.16	84.65	88.85	0.00	40	0	43	0.00	0.00	64.61	7.47	0.00	0.00	2000
228	10.88	2106	2090	0.00	196	0	0	0	nan	0.00	0.03	3.39	85.37	89.12	0.00	40	0	43	0.00	0.00	65.06	7.37	0.00	0.00	2000
229	10.86	2106	2106	0.00	194	0	0	0	nan	0.00	0.00	3.69	85.85	89.14	0.00	40	0	43	0.00	0.00	64.90	7.37	0.00	0.00	2000
235	11.34	2065	2103	0.00	212	0	0	0	nan	0.00	0.00	7.08	81.85	88.66	0.00	40	0	43	0.00	0.00	65.37	7.67	0.00	0.00	2000
229	10.94	2058	2136	0.00	195	0	0	0	nan	0.00	0.00	4.37	86.31	89.06	0.00	40	0	43	0.00	0.00	62.36	7.51	0.00	0.00	2000
231	11.03	2103	2092	0.00	196	0	0	0	nan	0.00	0.00	3.92	84.82	88.97	0.00	40	0	43	0.00	0.00	69.75	7.60	0.00	0.00	2000
229	11.03	2126	2047	0.00	194	0	0	0	nan	0.00	0.00	3.15	83.67	88.97	0.00	40	0	43	0.00	0.00	63.82	7.32	0.00	0.00	2000
229	10.92	2070	2132	0.41	194	0	0	5	66.03	0.00	0.00	3.19	87.32	89.08	0.00	40	0	43	0.00	0.00	64.90	7.44	0.00	0.00	2000
231	11.14	2081	2090	1.06	196	0	0	3	77.43	0.00	0.03	3.72	84.80	88.86	0.00	40	0	43	0.00	0.00	65.16	7.49	0.00	0.00	2000
229	11.14	2045	2113	0.00	195	0	0	0	nan	0.00	0.02	4.04	85.45	88.86	0.00	40	0	43	0.00	0.00	65.24	7.46	0.00	0.00	2000
230	11.21	2043	2105	0.00	195	0	0	0	nan	0.00	0.03	4.17	84.91	88.79	0.00	40	0	43	0.00	0.00	65.31	7.37	0.00	0.00	2000
227	11.06	2052	2101	0.00	194	0	0	0	nan	0.00	0.00	4.12	84.96	88.94	0.00	40	0	43	0.00	0.00	65.09	7.43	0.00	0.00	2000
228	11.26	2009	2120	0.00	195	0	0	0	nan	0.00	0.00	4.12	85.59	88.74	0.00	40	0	43	0.00	0.00	64.92	7.56	0.00	0.00	2000
230	11.39	2042	2073	0.00	196	0	0	0	nan	0.00	0.00	4.13	83.47	88.61	0.00	40	0	43	0.00	0.00	64.48	7.30	0.00	0.00	2000
229	10.98	2084	2104	0.00	194	0	0	0	nan	0.00	0.00	3.71	85.59	89.02	0.00	40	0	43	0.00	0.00	64.56	7.23	0.00	0.00	2000
228	11.29	2025	2094	0.00	195	0	0	0	nan	0.00	0.00	3.80	84.75	88.71	0.00	40	0	43	0.00	0.00	64.69	7.44	0.00	0.00	2000
229	11.16	2062	2091	0.00	194	0	0	0	nan	0.00	0.03	3.74	84.80	88.84	0.00	40	0	43	0.00	0.00	65.16	7.39	0.00	0.00	2000
229	10.99	2072	2114	0.00	196	0	0	0	nan	0.00	0.00	3.97	85.67	89.01	0.00	40	0	43	0.00	0.00	64.89	7.39	0.00	0.00	2000
231	11.35	2027	2107	0.00	194	0	0	0	nan	0.00	0.00	4.27	84.78	88.65	0.00	40	0	43	0.00	0.00	64.75	7.51	0.00	0.00	2000
229	11.30	2034	2089	0.00	197	0	0	0	nan	0.00	0.01	4.16	84.18	88.70	0.00	40	0	43	0.00	0.00	65.27	7.42	0.00	0.00	2000
229	11.14	2059	2096	0.00	196	0	0	0	nan	0.00	0.03	4.64	84.09	88.86	0.00	40	0	43	0.00	0.00	64.87	7.60	0.00	0.00	2000
229	10.92	2097	2102	0.00	198	0	0	0	nan	0.00	0.01	5.08	84.12	89.08	0.00	40	0	43	0.00	0.00	65.24	7.45	0.00	0.00	2000
231	11.21	2060	2099	0.00	195	0	0	0	nan	0.00	0.00	4.12	84.76	88.79	0.00	40	0	43	0.00	0.00	64.78	7.37	0.00	0.00	2000
228	10.97	2090	2086	0.00	194	0	0	0	nan	0.00	0.01	3.59	84.92	89.03	0.00	40	0	43	0.00	0.00	65.06	7.34	0.00	0.00	2000
231	10.90	2074	2149	0.00	196	0	0	4	77.46	0.00	0.00	4.25	86.99	89.10	0.00	40	0	43	0.00	0.00	64.92	7.40	0.00	0.00	2000
227	11.28	2063	2048	1.38	194	0	0	4	80.05	0.00	0.02	3.19	83.46	88.72	0.00	40	0	43	0.00	0.00	65.04	7.38	0.00	0.00	2000
230	11.21	2033	2124	0.00	195	0	0	0	nan	0.00	0.01	3.93	85.96	88.79	0.00	40	0	43	0.00	0.00	64.66	7.50	0.00	0.00	2000
227	11.27	2022	2095	0.00	196	0	0	0	nan	0.00	0.00	3.75	84.87	88.73	0.00	40	0	43	0.00	0.00	64.82	7.30	0.00	0.00	2000
229	10.95	2099	2093	0.00	195	0	0	0	nan	0.00	0.03	4.10	84.72	89.05	0.00	40	0	43	0.00	0.00	64.96	7.40	0.00	0.00	2000
236	10.97	2140	2113	0.00	198	0	0	0	nan	0.00	0.00	4.10	85.59	89.03	0.00	41	0	43	0.00	0.00	65.58	7.53	0.00	0.00	2000
230	10.97	2105	2087	0.00	195	0	0	0	nan	0.00	0.03	3.97	84.59	89.03	0.00	40	0	43	0.00	0.00	65.35	7.37	0.00	0.00	2000
228	10.94	2099	2089	0.00	196	0	0	0	nan	0.00	0.00	2.99	85.69	89.06	0.00	40	0	43	0.00	0.00	62.75	7.07	0.00	0.00	2000
230	10.76	2096	2146	0.00	195	0	0	0	nan	0.01	0.00	3.96	87.26	89.24	0.00	40	0	43	0.00	0.00	68.36	7.73	0.00	0.00	2000
228	11.26	2061	2063	0.00	195	0	0	0	nan	0.00	0.00	3.43	83.79	88.74	0.00	40	0	43	0.00	0.00	62.78	7.19	0.00	0.00	2000
231	11.01	2097	2099	0.00	196	0	0	0	nan	0.00	0.00	3.95	85.03	88.99	0.00	40	0	42	0.00	0.00	64.99	7.55	0.00	0.00	2000
228	11.03	2069	2093	0.00	194	0	0	0	nan	0.00	0.02	3.34	85.36	88.97	0.00	40	0	43	0.00	0.00	65.08	7.48	0.00	0.00	2000
229	10.98	2080	2110	0.00	194	0	0	0	nan	0.00	0.00	3.87	85.74	89.02	0.00	40	0	43	0.00	0.00	65.00	7.42	0.00	0.00	2000
229	10.91	2096	2100	0.00	194	0	0	0	nan	0.00	0.03	3.73	85.45	89.09	0.00	40	0	43	0.00	0.00	65.41	7.61	0.00	0.00	2000
229	11.13	2037	2120	0.00	195	0	0	0	nan	0.00	0.00	3.56	86.20	88.87	0.00	41	0	43	0.00	0.00	67.93	7.91	0.00	0.00	2000
231	11.36	2022	2116	0.00	195	0	0	0	nan	0.00	0.00	3.64	85.81	88.64	0.00	40	0	43	0.00	0.00	62.90	7.38	0.00	0.00	2000
231	11.14	2065	2105	0.00	197	0	0	0	nan	0.00	0.00	4.37	84.80	88.86	0.00	40	0	43	0.00	0.00	67.35	7.92	0.00	0.00	2000
227	11.32	2056	2050	0.00	197	0	0	2	76.83	0.00	0.02	3.68	82.95	88.68	0.00	40	0	43	0.00	0.00	62.77	7.00	0.00	0.00	2000
230	10.78	2125	2111	1.35	195	0	0	6	76.21	0.00	0.00	4.04	85.68	89.22	0.00	40	0	43	0.00	0.00	65.11	7.35	0.00	0.00	2000
229	10.92	2070	2123	0.00	195	0	0	0	nan	0.00	0.00	3.60	86.50	89.08	0.00	40	0	43	0.00	0.00	65.07	7.32	0.00	0.00	2000
230	11.24	2073	2075	0.00	195	0	0	0	nan	0.00	0.03	4.01	83.74	88.76	0.00	40	0	43	0.00	0.00	65.23	7.62	0.00	0.00	2000
229	10.92	2072	2128	0.00	197	0	0	0	nan	0.00	0.00	3.87	86.53	89.08	0.00	40	0	43	0.00	0.00	64.80	7.39	0.00	0.00	2000
229	11.21	2055	2090	0.00	195	0	0	0	nan	0.00	0.03	4.28	84.19	88.79	0.00	40	0	43	0.00	0.00	64.94	7.49	0.00	0.00	2000
226	11.02	2080	2075	0.00	195	0	0	0	nan	0.00	0.00	4.16	83.83	88.98	0.00	40	0	43	0.00	0.00	65.17	7.53	0.00	0.00	2000
230	10.86	2108	2109	0.00	196	0	0	0	nan	0.00	0.00	4.02	85.59	89.14	0.00	40	0	43	0.00	0.00	65.84	7.58	0.00	0.00	2000
228	10.81	2103	2103	0.00	194	0	0	0	nan	0.00	0.02	3.50	85.88	89.19	0.00	40	0	43	0.00	0.00	64.74	7.24	0.00	0.00	2000
231	11.19	2069	2096	0.00	195	0	0	0	nan	0.00	0.02	4.76	83.96	88.81	0.00	40	0	43	0.00	0.00	64.71	7.38	0.00	0.00	2000
229	10.92	2083	2111	0.00	196	0	0	0	nan	0.00	0.02	3.67	85.90	89.08	0.00	40	0	43	0.00	0.00	65.65	7.24	0.00	0.00	2000
229	11.25	2051	2087	0.00	195	0	0	0	nan	0.00	0.00	4.62	83.63	88.75	0.00	40	0	43	0.00	0.00	65.51	7.63	0.00	0.00	2000
227	11.10	2053	2096	0.00	194	0	0	0	nan	0.00	0.00	3.26	85.57	88.90	0.00	40	0	43	0.00	0.00	65.02	7.37	0.00	0.00	2000
230	10.98	2074	2124	0.00	195	0	0	0	nan	0.00	0.02	3.62	86.44	89.02	0.00	40	0	43	0.00	0.00	65.84	7.57	0.00	0.00	2000
231	11.45	2022	2097	0.00	196	0	0	0	nan	0.00	0.00	4.45	84.11	88.55	0.00	40	0	43	0.00	0.00	65.40	7.38	0.00	0.00	2000
229	11.19	2061	2087	0.00	194	0	0	0	nan	0.00	0.03	4.32	84.08	88.81	0.00	40	0	43	0.00	0.00	65.50	7.32	0.00	0.00	2000
229	10.80	2113	2103	0.00	195	0	0	0	nan	0.00	0.02	3.54	85.83	89.20	0.00	40	0	43	0.00	0.00	65.07	7.34	0.00	0.00	2000
230	11.13	2068	2094	0.00	195	0	0	0	97.75	0.00	0.00	4.33	84.32	88.87	0.00	40	0	43	0.00	0.00	62.28	7.15	0.00	0.00	2000
227	11.11	2053	2088	1.44	195	0	0	6	73.98	0.00	0.00	3.64	84.85	88.89	0.00	40	0	43	0.00	0.00	64.75	7.29	0.00	0.00	2000
231	11.20	2050	2112	0.03	196	0	0	0	nan	0.00	0.01	3.98	85.40	88.80	0.00	40	0	43	0.00	0.00	67.64	7.37	0.00	0.00	2000
227	10.96	2089	2086	0.00	197	0	0	0	nan	0.00	0.00	4.84	83.73	89.04	0.00	40	0	43	0.00	0.00	62.24	7.34	0.00	0.00	2000
231	10.89	2105	2115	0.00	195	0	0	0	nan	0.00	0.00	4.42	85.42	89.11	0.00	40	0	43	0.00	0.00	64.87	7.25	0.00	0.00	2000
228	10.78	2126	2087	0.00	196	0	0	0	nan	0.00	0.00	4.12	84.62	89.22	0.00	40	0	43	0.00	0.00	64.93	7.50	0.00	0.00	2000
230	10.90	2064	2143	0.00	195	0	0	0	nan	0.00	0.02	3.49	87.46	89.10	0.00	40	0	43	0.00	0.00	68.11	7.71	0.00	0.00	2000
230	11.06	2089	2092	0.00	196	0	0	0	nan	0.00	0.00	3.85	84.85	88.94	0.00	40	0	43	0.00	0.00	65.10	7.22	0.00	0.00	2000
231	11.48	1995	2116	0.00	197	0	0	0	nan	0.01	0.00	4.48	84.90	88.52	0.00	40	0	43	0.00	0.00	64.98	7.41	0.00	0.00	2000
228	11.54	2017	2061	0.00	196	0	0	0	nan	0.00	0.01	3.53	83.45	88.46	0.00	40	0	43	0.00	0.00	61.86	7.10	0.00	0.00	2000
230	10.99	2086	2110	0.00	195	0	0	0	nan	0.00	0.02	4.04	85.37	89.01	0.00	40	0	43	0.00	0.00	68.31	7.66	0.00	0.00	2000
227	11.00	2084	2083	0.00	195	0	0	0	nan	0.00	0.00	3.73	84.60	89.00	0.00	40	0	43	0.00	0.00	62.06	7.18	0.00	0.00	2000
229	11.20	2007	2143	0.00	195	0	0	0	nan	0.00	0.00	3.93	86.87	88.80	0.00	40	0	43	0.00	0.00	67.89	7.77	0.00	0.00	2000
229	11.39	2043	2067	0.00	195	0	0	0	nan	0.00	0.00	3.65	83.68	88.61	0.00	40	0	43	0.00	0.00	62.10	7.03	0.00	0.00	2000
230	10.85	2125	2095	0.00	196	0	0	0	nan	0.00	0.02	4.07	84.92	89.15	0.00	40	0	43	0.00	0.00	65.30	7.37	0.00	0.00	2000
227	10.75	2106	2109	0.00	194	0	0	0	nan	0.00	0.00	3.27	86.41	89.25	0.00	40	0	43	0.00	0.00	65.55	7.41	0.00	0.00	2000
229	11.08	2038	2131	0.00	194	0	0	0	nan	0.00	0.06	4.25	86.05	88.92	0.00	40	0	43	0.00	0.00	67.70	7.88	0.00	0.00	2000
227	11.43	2039	2045	0.00	195	0	0	0	nan	0.00	0.01	3.10	83.25	88.57	0.00	40	0	43	0.00	0.00	61.63	7.12	0.00	0.00	2000
233	10.67	2155	2130	1.06	197	0	0	26	11.55	0.00	0.02	3.79	86.83	89.33	0.00	40	0	43	0.00	0.00	65.06	7.66	0.00	0.00	2000
228	10.92	2100	2086	0.38	195	0	0	0	nan	0.00	0.00	3.71	84.85	89.08	0.00	40	0	43	0.00	0.00	64.91	7.35	0.00	0.00	2000
229	11.24	2028	2107	0.00	193	0	0	0	nan	0.00	0.00	4.04	85.18	88.76	0.00	40	0	43	0.00	0.00	64.70	7.39	0.00	0.00	2000
228	11.04	2073	2092	0.00	195	0	0	0	nan	0.00	0.00	3.65	85.12	88.96	0.00	40	0	43	0.00	0.00	64.89	7.32	0.00	0.00	2000
230	11.15	2040	2121	0.00	196	0	0	0	nan	0.00	0.02	3.82	86.10	88.85	0.00	40	0	43	0.00	0.00	64.74	7.48	0.00	0.00	2000
229	11.44	2033	2068	0.00	196	0	0	0	nan	0.00	0.00	4.40	82.98	88.56	0.00	40	0	43	0.00	0.00	64.96	7.44	0.00	0.00	2000
231	10.89	2068	2152	0.00	198	0	0	0	nan	0.00	0.02	4.40	87.08	89.11	0.00	40	0	43	0.00	0.00	67.93	7.67	0.00	0.00	2000
227	11.10	2098	2050	0.00	195	0	0	0	nan	0.00	0.01	3.99	82.80	88.90	0.00	40	0	43	0.00	0.00	62.78	6.98	0.00	0.00	2000
231	10.83	2121	2108	0.00	195	0	0	0	nan	0.00	0.00	3.67	85.92	89.17	0.00	40	0	43	0.00	0.00	65.20	7.40	0.00	0.00	2000
228	10.76	2116	2105	0.00	194	0	0	0	nan	0.01	0.00	3.72	85.85	89.24	0.00	40	0	43	0.00	0.00	65.12	7.39	0.00	0.00	2000
232	11.04	2084	2116	0.00	195	0	0	0	nan	0.00	0.00	4.38	85.40	88.96	0.00	40	0	43	0.00	0.00	65.00	7.59	0.00	0.00	2000
228	10.98	2086	2087	0.00	195	0	0	0	nan	0.00	0.00	3.90	84.65	89.02	0.00	40	0	43	0.00	0.00	65.34	7.34	0.00	0.00	2000
230	10.86	2113	2103	0.00	196	0	0	0	nan	0.00	0.02	3.53	85.74	89.14	0.00	40	0	43	0.00	0.00	65.21	7.40	0.00	0.00	2000
229	11.16	2058	2094	0.00	195	0	0	0	nan	0.00	0.00	3.73	84.97	88.84	0.00	40	0	43	0.00	0.00	64.92	7.44	0.00	0.00	2000
229	11.00	2048	2138	0.00	193	0	0	0	nan	0.00	0.01	3.68	86.96	89.00	0.00	40	0	43	0.00	0.00	64.72	7.47	0.00	0.00	2000
228	11.33	2054	2057	0.00	195	0	0	0	nan	0.00	0.01	3.09	83.86	88.67	0.00	40	0	43	0.00	0.00	64.63	7.62	0.00	0.00	2000
232	10.94	2086	2133	0.00	197	0	0	0	nan	0.00	0.01	4.37	86.15	89.06	0.00	40	0	43	0.00	0.00	65.27	7.56	0.00	0.00	2000
227	11.13	2073	2065	0.77	195	0	0	6	74.91	0.00	0.00	3.93	83.61	88.87	0.00	40	0	43	0.00	0.00	62.12	7.47	0.00	0.00	2000
230	11.09	2061	2110	0.72	195	0	0	1	90.33	0.00	0.02	3.77	85.59	88.91	0.00	40	0	43	0.00	0.00	65.95	7.37	0.00	0.00	2000
227	11.13	2037	2102	0.00	194	0	0	0	nan	0.01	0.00	3.80	85.23	88.87	0.00	41	0	43	0.00	0.00	67.05	7.24	0.00	0.00	2000
230	11.11	2071	2100	0.00	194	0	0	0	nan	0.00	0.05	4.16	84.83	88.89	0.00	40	0	43	0.00	0.00	65.22	7.36	0.00	0.00	2000
230	11.14	2031	2136	0.00	197	0	0	0	nan	0.00	0.00	4.56	85.95	88.86	0.00	40	0	43	0.00	0.00	66.64	7.71	0.00	0.00	2000
228	11.16	2073	2070	0.00	194	0	0	0	nan	0.00	0.06	3.87	83.78	88.84	0.00	40	0	43	0.00	0.00	64.83	7.38	0.00	0.00	2000
228	11.14	2052	2092	0.00	195	0	0	0	nan	0.00	0.00	4.34	84.30	88.86	0.00	40	0	43	0.00	0.00	64.95	7.44	0.00	0.00	2000
230	10.95	2107	2095	0.00	195	0	0	0	nan	0.00	0.02	3.58	85.35	89.05	0.00	40	0	43	0.00	0.00	65.44	7.47	0.00	0.00	2000
229	10.99	2091	2095	0.00	196	0	0	0	nan	0.00	0.00	3.78	85.13	89.01	0.00	40	0	43	0.00	0.00	65.48	7.51	0.00	0.00	2000
231	11.05	2091	2102	0.00	195	0	0	0	nan	0.00	0.02	3.79	85.25	88.95	0.00	40	0	43	0.00	0.00	65.94	7.50	0.00	0.00	2000
229	10.99	2086	2096	0.00	195	0	0	0	nan	0.00	0.02	4.15	84.67	89.01	0.00	40	0	43	0.00	0.00	65.57	7.55	0.00	0.00	2000
230	10.93	2098	2109	0.00	195	0	0	0	nan	0.00	0.02	3.90	85.56	89.07	0.00	40	0	43	0.00	0.00	64.74	7.42	0.00	0.00	2000
229	10.80	2112	2108	0.00	195	0	0	0	nan	0.00	0.00	4.52	85.02	89.20	0.00	40	0	43	0.00	0.00	65.72	7.41	0.00	0.00	2000
231	11.16	2071	2097	0.00	194	0	0	0	nan	0.00	0.03	4.19	84.57	88.84	0.00	40	0	43	0.00	0.00	65.06	7.38	0.00	0.00	2000
229	10.95	2116	2077	0.00	195	0	0	0	nan	0.00	0.00	4.21	83.94	89.05	0.00	40	0	43	0.00	0.00	62.99	7.17	0.00	0.00	2000
230	10.72	2094	2155	0.00	195	0	0	0	nan	0.01	0.00	3.55	88.19	89.28	0.00	41	0	43	0.00	0.00	68.02	7.75	0.00	0.00	2000
228	11.10	2085	2070	0.00	195	0	0	0	nan	0.00	0.00	4.10	83.58	88.90	0.00	40	0	43	0.00	0.00	63.03	7.01	0.00	0.00	2000
228	11.04	2062	2104	0.42	194	0	0	5	77.37	0.00	0.01	4.17	85.03	88.96	0.00	40	0	43	0.00	0.00	67.74	7.79	0.00	0.00	2000
228	11.09	2058	2094	1.07	195	0	0	3	80.38	0.00	0.00	4.01	84.75	88.91	0.00	40	0	43	0.00	0.00	65.06	7.38	0.00	0.00	2000
238	11.06	2131	2117	0.00	196	0	0	0	nan	0.00	0.02	4.13	85.57	88.94	0.00	41	0	43	0.00	0.00	65.48	7.50	0.00	0.00	2000
229	11.33	2050	2072	0.00	197	0	0	0	nan	0.00	0.00	4.82	82.83	88.67	0.00	40	0	43	0.00	0.00	62.49	7.05	0.00	0.00	2000
229	10.86	2097	2107	0.00	193	0	0	0	nan	0.00	0.02	3.20	86.32	89.14	0.00	40	0	43	0.00	0.00	65.17	7.79	0.00	0.00	2000
228	11.11	2062	2087	0.00	194	0	0	0	nan	0.00	0.00	3.29	85.11	88.89	0.00	40	0	43	0.00	0.00	64.72	7.38	0.00	0.00	2000
231	10.90	2105	2118	0.00	194	0	0	0	nan	0.00	0.02	3.80	86.12	89.10	0.00	40	0	43	0.00	0.00	67.79	7.56	0.00	0.00	2000
229	11.24	2025	2109	0.00	197	0	0	0	nan	0.00	0.00	3.59	85.60	88.76	0.00	41	0	43	0.00	0.00	62.34	7.24	0.00	0.00	2000
232	11.24	2082	2084	0.00	196	0	0	0	nan	0.00	0.04	5.27	82.85	88.76	0.00	40	0	43	0.00	0.00	65.76	7.46	0.00	0.00	2000
228	11.18	2026	2111	0.00	195	0	0	0	nan	0.00	0.00	3.82	85.53	88.82	0.00	40	0	43	0.00	0.00	65.22	7.40	0.00	0.00	2000
229	11.20	2017	2129	0.00	195	0	0	0	nan	0.00	0.04	4.57	85.57	88.80	0.00	41	0	43	0.00	0.00	65.04	7.43	0.00	0.00	2000
227	11.17	2075	2059	0.00	194	0	0	0	nan	0.00	0.01	3.39	83.78	88.83	0.00	40	0	43	0.00	0.00	65.09	7.49	0.00	0.00	2000
230	10.85	2112	2105	0.00	195	0	0	0	nan	0.00	0.00	3.86	85.60	89.15	0.00	40	0	43	0.00	0.00	65.54	7.40	0.00	0.00	2000
232	11.15	2068	2114	0.00	198	0	0	0	nan	0.00	0.02	4.92	84.63	88.85	0.00	40	0	43	0.00	0.00	64.81	7.52	0.00	0.00	2000
230	10.69	2171	2083	0.00	198	0	0	0	nan	0.00	0.00	4.36	84.25	89.31	0.00	40	0	43	0.00	0.00	65.65	7.30	0.00	0.00	2000
229	11.05	2077	2100	0.00	195	0	0	0	nan	0.00	0.00	3.32	85.70	88.95	0.00	40	0	43	0.00	0.00	65.19	7.38	0.00	0.00	2000
232	11.05	2093	2105	0.00	194	0	0	0	nan	0.00	0.02	5.38	83.83	88.95	0.00	40	0	43	0.00	0.00	64.92	7.59	0.00	0.00	2000
228	10.97	2070	2105	0.00	195	0	0	3	75.34	0.00	0.02	3.61	85.67	89.03	0.00	40	0	43	0.00	0.00	65.21	7.42	0.00	0.00	2000
231	11.35	2046	2085	1.37	196	0	0	4	80.99	0.00	0.00	4.85	83.24	88.65	0.00	40	0	43	0.00	0.00	65.72	7.42	0.00	0.00	2000
228	11.21	2036	2095	0.00	194	0	0	0	nan	0.00	0.02	3.51	85.24	88.79	0.00	40	0	43	0.00	0.00	64.99	7.30	0.00	0.00	2000
225	11.40	2071	2006	0.00	196	0	0	0	nan	0.00	0.00	4.07	80.64	88.60	0.00	40	0	43	0.00	0.00	60.41	6.77	0.00	0.00	2000
230	10.93	1991	2224	0.00	210	0	0	0	nan	0.00	0.00	3.13	91.30	89.07	0.00	41	0	43	0.00	0.00	69.86	8.07	0.00	0.00	2000
229	11.23	2051	2086	0.00	195	0	0	0	nan	0.00	0.04	4.06	84.26	88.77	0.00	41	0	43	0.00	0.00	65.22	7.48	0.00	0.00	2000
229	10.90	2105	2099	0.00	195	0	0	0	nan	0.01	0.00	3.81	85.38	89.10	0.00	40	0	43	0.00	0.00	65.34	7.37	0.00	0.00	2000
231	10.75	2131	2115	0.00	195	0	0	0	nan	0.00	0.01	3.93	86.04	89.25	0.00	40	0	43	0.00	0.00	64.83	7.34	0.00	0.00	2000
227	10.82	2088	2111	0.00	195	0	0	0	nan	0.00	0.02	3.43	86.28	89.18	0.00	40	0	43	0.00	0.00	65.29	7.52	0.00	0.00	2000
230	11.22	2059	2093	0.00	194	0	0	0	nan	0.00	0.00	3.65	84.92	88.78	0.00	40	0	43	0.00	0.00	65.03	7.46	0.00	0.00	2000
227	11.19	2059	2072	0.00	194	0	0	0	nan	0.00	0.00	3.64	84.07	88.81	0.00	41	0	43	0.00	0.00	64.76	7.43	0.00	0.00	2000
231	11.07	2042	2150	0.00	194	0	0	0	nan	0.00	0.02	4.46	86.69	88.93	0.00	40	0	43	0.00	0.00	65.41	7.30	0.00	0.00	2000
228	11.44	2024	2071	0.00	195	0	0	0	nan	0.00	0.00	3.03	84.43	88.56	0.00	40	0	43	0.00	0.00	65.06	7.51	0.00	0.00	2000
229	11.17	2046	2105	0.00	195	0	0	0	nan	0.00	0.03	4.79	84.37	88.83	0.00	40	0	43	0.00	0.00	65.10	7.44	0.00	0.00	2000
229	11.15	2061	2089	0.00	195	0	0	0	nan	0.00	0.00	3.77	84.79	88.85	0.00	40	0	43	0.00	0.00	65.31	7.39	0.00	0.00	2000
231	11.21	2065	2096	0.00	195	0	0	0	nan	0.00	0.00	4.45	84.20	88.79	0.00	40	0	43	0.00	0.00	65.47	7.47	0.00	0.00	2000
231	11.11	2079	2098	0.00	199	0	0	0	nan	0.00	0.00	5.38	83.50	88.89	0.00	40	0	43	0.00	0.00	65.20	7.47	0.00	0.00	2000
229	10.97	2046	2142	0.00	196	0	0	3	76.89	0.00	0.01	4.35	86.57	89.03	0.00	41	0	43	0.00	0.00	64.91	7.31	0.00	0.00	2000
227	11.19	2066	2060	1.36	194	0	0	5	78.34	0.00	0.01	3.26	83.95	88.81	0.00	41	0	43	0.00	0.00	64.88	7.45	0.00	0.00	2000
230	10.71	2111	2138	0.00	195	0	0	0	nan	0.00	0.02	4.26	86.66	89.29	0.00	40	0	43	0.00	0.00	65.25	7.24	0.00	0.00	2000
230	11.18	2092	2063	0.00	196	0	0	0	nan	0.00	0.02	2.70	84.62	88.82	0.00	40	0	43	0.00	0.00	65.46	7.26	0.00	0.00	2000
231	11.16	2062	2111	0.00	195	0	0	0	nan	0.00	0.00	3.86	85.54	88.84	0.00	40	0	43	0.00	0.00	65.55	7.41	0.00	0.00	2000
229	11.17	2069	2079	0.00	196	0	0	0	nan	0.00	0.00	3.11	84.92	88.83	0.00	40	0	43	0.00	0.00	62.74	7.12	0.00	0.00	2000
229	10.76	2102	2130	0.00	196	0	0	0	nan	0.00	0.00	3.53	86.97	89.24	0.00	40	0	43	0.00	0.00	67.92	7.84	0.00	0.00	2000
228	11.18	2074	2069	0.00	203	0	0	0	nan	0.00	0.00	4.44	83.17	88.82	0.00	40	0	43	0.00	0.00	62.41	7.14	0.00	0.00	2000
231	11.01	2073	2122	0.00	195	0	0	0	nan	0.00	0.01	3.70	86.29	88.99	0.00	40	0	43	0.00	0.00	68.04	8.02	0.00	0.00	2000
227	11.05	2056	2099	0.00	195	0	0	0	nan	0.00	0.00	3.61	85.40	88.95	0.00	40	0	43	0.00	0.00	65.08	7.46	0.00	0.00	2000
231	11.37	2033	2100	0.00	196	0	0	0	nan	0.00	0.04	4.26	84.53	88.63	0.00	40	0	43	0.00	0.00	64.64	7.47	0.00	0.00	2000
228	11.10	2065	2089	0.00	195	0	0	0	nan	0.00	0.00	4.02	84.51	88.90	0.00	40	0	43	0.00	0.00	62.28	7.19	0.00	0.00	2000
231	11.03	2077	2117	0.00	194	0	0	0	nan	0.00	0.00	3.88	85.91	88.97	0.00	40	0	43	0.00	0.00	68.07	7.79	0.00	0.00	2000
227	11.15	2026	2109	0.00	194	0	0	0	nan	0.00	0.00	3.78	85.56	88.85	0.00	40	0	43	0.00	0.00	65.09	7.30	0.00	0.00	2000
228	11.29	2042	2076	0.00	194	0	0	0	nan	0.00	0.04	3.55	84.32	88.71	0.00	40	0	43	0.00	0.00	61.79	6.99	0.00	0.00	2000
229	11.21	2036	2111	0.00	197	0	0	0	nan	0.00	0.02	3.65	85.79	88.79	0.00	40	0	43	0.00	0.00	68.45	7.34	0.00	0.00	2000
229	11.34	1996	2125	0.00	195	0	0	0	nan	0.00	0.04	4.17	85.70	88.66	0.00	40	0	43	0.00	0.00	64.72	7.73	0.00	0.00	2000
226	11.51	2000	2066	0.00	193	0	0	1	82.88	0.00	0.00	3.12	84.14	88.49	0.00	40	0	43	0.00	0.00	61.52	7.16	0.00	0.00	2000
229	11.19	2046	2095	1.42	194	0	0	6	75.02	0.00	0.02	3.77	84.97	88.81	0.00	40	0	43	0.00	0.00	64.66	7.43	0.00	0.00	2000
228	11.07	2052	2102	0.00	196	0	0	0	nan	0.00	0.00	3.72	85.44	88.93	0.00	40	0	43	0.00	0.00	64.74	7.28	0.00	0.00	2000
232	11.48	2022	2101	0.00	200	0	0	0	nan	0.03	0.00	5.21	83.44	88.52	0.00	40	0	43	0.00	0.00	64.48	7.36	0.00	0.00	2000
228	11.07	2057	2106	0.00	194	0	0	0	nan	0.00	0.00	3.12	86.14	88.93	0.00	40	0	43	0.00	0.00	64.86	7.41	0.00	0.00	2000
231	11.06	2081	2103	0.00	194	0	0	0	nan	0.00	0.00	4.02	85.21	88.94	0.00	40	0	43	0.00	0.00	64.92	7.38	0.00	0.00	2000
228	11.23	2043	2088	0.00	195	0	0	0	nan	0.00	0.00	4.03	84.38	88.77	0.00	41	0	43	0.00	0.00	64.60	7.53	0.00	0.00	2000
229	10.81	2081	2141	0.00	195	0	0	0	nan	0.00	0.00	3.53	87.44	89.19	0.00	40	0	43	0.00	0.00	67.89	7.76	0.00	0.00	2000
226	11.34	2051	2045	0.00	194	0	0	0	nan	0.00	0.02	3.50	82.91	88.66	0.00	40	0	43	0.00	0.00	61.61	7.20	0.00	0.00	2000
231	10.99	2050	2156	0.00	195	0	0	0	nan	0.00	0.01	3.51	87.99	89.01	0.00	40	0	43	0.00	0.00	67.78	7.57	0.00	0.00	2000
228	11.26	2076	2050	0.00	194	0	0	0	nan	0.00	0.01	2.86	83.84	88.74	0.00	40	0	43	0.00	0.00	62.40	7.14	0.00	0.00	2000
229	11.10	2055	2111	0.00	196	0	0	0	nan	0.00	0.00	3.42	86.11	88.90	0.00	41	0	43	0.00	0.00	64.91	7.44	0.00	0.00	2000
230	10.96	2097	2099	0.00	195	0	0	0	nan	0.00	0.02	3.40	85.68	89.04	0.00	40	0	43	0.00	0.00	65.09	7.55	0.00	0.00	2000
236	11.06	2083	2147	0.00	211	0	0	0	nan	0.00	0.00	7.54	83.46	88.94	0.00	40	0	43	0.00	0.00	66.75	7.46	0.00	0.00	2000
227	11.22	2121	2000	0.00	196	0	0	0	nan	0.00	0.01	4.26	80.26	88.78	0.00	40	0	43	0.00	0.00	61.26	6.79	0.00	0.00	2000
232	10.91	2066	2159	0.00	196	0	0	0	nan	0.00	0.00	3.42	88.38	89.09	0.00	40	0	43	0.00	0.00	67.20	7.56	0.00	0.00	2000
228	10.83	2116	2086	0.00	195	0	0	0	nan	0.00	0.02	3.48	85.10	89.17	0.00	40	0	43	0.00	0.00	65.05	7.21	0.00	0.00	2000
234	10.96	2120	2112	0.00	198	0	0	0	nan	0.00	0.00	4.46	85.16	89.04	0.00	40	0	43	0.00	0.00	65.45	7.43	0.00	0.00	2000
228	10.73	2114	2115	1.25	195	0	0	6	71.41	0.00	0.00	4.07	85.86	89.27	0.00	40	0	43	0.00	0.00	65.47	7.44	0.00	0.00	2000
231	11.16	2057	2117	0.22	196	0	0	0	nan	0.00	0.04	4.13	85.53	88.84	0.00	40	0	43	0.00	0.00	65.89	7.28	0.00	0.00	2000
227	11.26	2060	2057	0.00	194	0	0	0	nan	0.00	0.00	3.08	83.95	88.74	0.00	40	0	43	0.00	0.00	65.24	7.37	0.00	0.00	2000
229	10.99	2066	2115	0.00	194	0	0	0	nan	0.00	0.01	3.12	86.63	89.01	0.00	40	0	43	0.00	0.00	64.75	7.33	0.00	0.00	2000
228	11.19	2049	2086	0.00	195	0	0	0	nan	0.00	0.01	3.39	84.92	88.81	0.00	41	0	43	0.00	0.00	66.08	7.58	0.00	0.00	2000
231	10.95	2082	2124	0.00	199	0	0	0	nan	0.00	0.03	3.81	86.37	89.05	0.00	41	0	43	0.00	0.00	64.36	7.30	0.00	0.00	2000
229	11.14	2090	2069	0.00	197	0	0	0	nan	0.00	0.00	3.91	83.72	88.86	0.00	40	0	43	0.00	0.00	66.09	7.41	0.00	0.00	2000
231	10.99	2062	2138	0.00	194	0	0	0	nan	0.00	0.00	4.09	86.62	89.01	0.00	40	0	43	0.00	0.00	64.78	7.39	0.00	0.00	2000
228	11.14	2080	2069	0.00	195	0	0	0	nan	0.00	0.00	3.63	84.00	88.86	0.00	40	0	43	0.00	0.00	65.47	7.27	0.00	0.00	2000
230	10.88	2079	2139	0.00	195	0	0	0	nan	0.00	0.00	3.76	87.01	89.12	0.00	40	0	43	0.00	0.00	65.27	7.42	0.00	0.00	2000
227	11.06	2097	2059	0.00	195	0	0	0	nan	0.00	0.00	3.78	83.53	88.94	0.00	40	0	43	0.00	0.00	63.13	7.11	0.00	0.00	2000
233	10.99	2092	2129	0.00	196	0	0	0	nan	0.00	0.01	3.78	86.60	89.01	0.00	40	0	43	0.00	0.00	67.71	7.90	0.00	0.00	2000
227	10.99	2092	2073	0.00	194	0	0	0	nan	0.00	0.00	3.30	84.55	89.01	0.00	40	0	43	0.00	0.00	62.54	7.46	0.00	0.00	2000
230	10.90	2062	2146	0.00	196	0	0	0	nan	0.00	0.00	3.95	87.16	89.10	0.00	41	0	43	0.00	0.00	68.27	7.84	0.00	0.00	2000
226	11.39	2023	2063	0.00	194	0	0	0	nan	0.00	0.00	2.99	84.22	88.61	0.00	40	0	43	0.00	0.00	65.82	7.44	0.00	0.00	2000
230	10.79	2097	2131	0.00	194	0	0	0	nan	0.00	0.00	4.07	86.57	89.21	0.00	40	0	43	0.00	0.00	65.44	7.52	0.00	0.00	2000
229	11.06	2075	2092	0.00	195	0	0	0	nan	0.00	0.00	3.20	85.51	88.94	0.00	40	0	43	0.00	0.00	63.04	7.17	0.00	0.00	2000
238	11.45	2098	2083	0.89	198	0	0	6	66.83	0.00	0.00	4.56	83.35	88.55	0.00	40	0	43	0.00	0.00	69.08	7.50	0.00	0.00	2000
227	10.96	2085	2089	0.55	197	0	0	0	nan	0.00	0.00	3.56	85.04	89.04	0.00	40	0	43	0.00	0.00	63.00	7.40	0.00	0.00	2000
230	10.86	2117	2103	0.00	194	0	0	0	nan	0.00	0.02	4.03	85.27	89.14	0.00	40	0	43	0.00	0.00	65.45	7.50	0.00	0.00	2000
227	10.86	2101	2089	0.00	195	0	0	0	nan	0.00	0.00	3.30	85.43	89.14	0.00	41	0	43	0.00	0.00	65.32	7.64	0.00	0.00	2000
230	10.93	2096	2111	0.00	195	0	0	0	nan	0.00	0.02	3.93	85.67	89.07	0.00	40	0	43	0.00	0.00	65.56	7.58	0.00	0.00	2000
230	10.72	2150	2097	0.00	197	0	0	0	nan	0.00	0.00	4.21	85.02	89.28	0.00	40	0	43	0.00	0.00	65.50	7.54	0.00	0.00	2000
230	10.98	2080	2114	0.00	195	0	0	0	nan	0.00	0.02	3.99	85.66	89.02	0.00	40	0	43	0.00	0.00	65.61	7.36	0.00	0.00	2000
228	10.78	2130	2085	0.00	194	0	0	0	nan	0.00	0.00	3.78	84.86	89.22	0.00	41	0	43	0.00	0.00	65.00	7.34	0.00	0.00	2000
232	10.81	2111	2134	0.00	196	0	0	0	nan	0.00	0.02	4.26	86.41	89.19	0.00	41	0	43	0.00	0.00	65.80	7.42	0.00	0.00	2000
228	11.01	2108	2062	0.00	197	0	0	0	nan	0.00	0.00	3.84	83.59	88.99	0.00	41	0	43	0.00	0.00	65.40	7.45	0.00	0.00	2000
272	12.19	2202	2125	0.00	195	0	0	0	nan	0.00	0.00	4.21	84.67	87.81	0.00	40	0	43	0.00	0.00	66.45	7.60	0.00	0.00	2000
228	11.21	2061	2072	0.00	195	0	0	0	nan	0.00	0.00	3.27	84.43	88.79	0.00	41	0	43	0.00	0.00	64.62	7.41	0.00	0.00	2000
231	11.00	2076	2120	0.00	195	0	0	0	nan	0.00	0.02	3.56	86.44	89.00	0.00	41	0	43	0.00	0.00	65.26	7.61	0.00	0.00	2000
228	10.86	2080	2119	0.00	197	0	0	0	nan	0.00	0.00	3.92	86.04	89.14	0.00	40	0	43	0.00	0.00	65.32	7.51	0.00	0.00	2000
228	11.23	2060	2072	0.00	194	0	0	0	nan	0.00	0.04	3.84	83.86	88.77	0.00	41	0	43	0.00	0.00	64.97	7.42	0.00	0.00	2000
229	11.01	2089	2092	0.00	196	0	0	0	nan	0.00	0.00	3.54	85.15	88.99	0.00	40	0	43	0.00	0.00	65.52	7.55	0.00	0.00	2000
230	10.77	2127	2109	0.00	196	0	0	0	nan	0.00	0.00	3.88	85.82	89.23	0.00	40	0	43	0.00	0.00	65.51	7.56	0.00	0.00	2000
229	10.76	2111	2115	0.58	195	0	0	6	74.13	0.00	0.00	4.05	85.88	89.24	0.00	40	0	43	0.00	0.00	65.39	7.50	0.00	0.00	2000
229	11.32	2033	2092	0.89	196	0	0	2	85.27	0.00	0.03	4.80	83.63	88.68	0.00	40	0	42	0.00	0.00	65.38	7.58	0.00	0.00	2000
227	10.73	2101	2117	0.00	195	0	0	0	nan	0.00	0.00	3.47	86.59	89.27	0.00	40	0	42	0.00	0.00	65.22	7.59	0.00	0.00	2000
226	11.59	2059	1985	0.00	194	0	0	0	nan	0.00	0.01	3.75	79.88	88.41	0.00	40	0	43	0.00	0.00	60.24	6.85	0.00	0.00	2000
231	10.56	2099	2190	0.00	213	0	0	0	nan	0.00	0.02	3.31	90.03	89.44	0.00	40	0	43	0.00	0.00	70.45	8.23	0.00	0.00	2000
230	10.99	2046	2145	0.00	194	0	0	0	nan	0.00	0.02	3.60	87.40	89.01	0.00	40	0	43	0.00	0.00	65.24	7.41	0.00	0.00	2000
227	11.39	2018	2072	0.00	194	0	0	0	nan	0.00	0.00	3.68	83.86	88.61	0.00	40	0	43	0.00	0.00	65.08	7.51	0.00	0.00	2000
229	11.15	2052	2104	0.00	195	0	0	0	nan	0.00	0.00	3.83	85.33	88.85	0.00	40	0	43	0.00	0.00	64.74	7.56	0.00	0.00	2000
229	11.04	2103	2073	0.00	196	0	0	0	nan	0.00	0.00	4.34	83.52	88.96	0.00	40	0	43	0.00	0.00	65.43	7.58	0.00	0.00	2000
230	10.83	2106	2115	0.00	195	0	0	0	nan	0.00	0.00	3.48	86.40	89.17	0.00	40	0	43	0.00	0.00	65.41	7.60	0.00	0.00	2000
229	10.97	2091	2093	0.00	195	0	0	0	nan	0.00	0.00	3.61	85.21	89.03	0.00	40	0	43	0.00	0.00	65.22	7.55	0.00	0.00	2000
230	10.89	2067	2145	0.00	195	0	0	0	nan	0.00	0.00	3.83	87.30	89.11	0.00	40	0	43	0.00	0.00	65.25	7.63	0.00	0.00	2000
229	11.24	2050	2088	0.00	198	0	0	0	nan	0.00	0.00	4.78	83.56	88.76	0.00	40	0	43	0.00	0.00	65.46	7.39	0.00	0.00	2000
232	11.45	2013	2114	0.00	197	0	0	0	nan	0.00	0.04	4.71	84.52	88.55	0.00	40	0	43	0.00	0.00	65.07	7.34	0.00	0.00	2000
229	11.23	2069	2067	0.00	194	0	0	0	nan	0.00	0.00	3.61	83.86	88.77	0.00	40	0	43	0.00	0.00	65.40	7.46	0.00	0.00	2000
230	11.16	2054	2105	0.00	195	0	0	0	nan	0.00	0.03	3.47	85.66	88.84	0.00	40	0	43	0.00	0.00	65.21	7.48	0.00	0.00	2000
227	11.00	2072	2087	0.00	194	0	0	0	nan	0.00	0.00	3.92	84.58	89.00	0.00	40	0	43	0.00	0.00	65.14	7.48	0.00	0.00	2000
229	11.10	2047	2114	0.38	196	0	0	25	10.52	0.00	0.00	3.72	85.83	88.90	0.00	40	0	43	0.00	0.00	65.32	7.74	0.00	0.00	2000
227	11.09	2031	2116	1.07	194	0	0	3	79.61	0.00	0.00	3.74	85.92	88.91	0.00	40	0	43	0.00	0.00	65.35	7.36	0.00	0.00	2000
232	11.61	2016	2083	0.00	200	0	0	0	nan	0.00	0.04	5.82	81.89	88.39	0.00	40	0	43	0.00	0.00	65.52	7.44	0.00	0.00	2000
228	11.13	2044	2108	0.00	195	0	0	0	nan	0.00	0.00	3.48	85.81	88.87	0.00	40	0	43	0.00	0.00	62.16	7.46	0.00	0.00	2000
230	11.50	1982	2116	0.00	195	0	0	0	nan	0.00	0.07	4.33	84.99	88.50	0.00	40	0	43	0.00	0.00	68.12	7.17	0.00	0.00	2000
227	11.38	2039	2056	0.00	194	0	0	0	nan	0.00	0.00	3.62	83.23	88.62	0.00	41	0	43	0.00	0.00	64.95	7.40	0.00	0.00	2000
230	11.03	2057	2129	0.00	194	0	0	0	nan	0.01	0.00	3.75	86.60	88.97	0.00	40	0	43	0.00	0.00	65.00	7.34	0.00	0.00	2000
229	11.04	2102	2069	0.00	196	0	0	0	nan	0.00	0.00	4.29	83.46	88.96	0.00	40	0	43	0.00	0.00	65.42	7.57	0.00	0.00	2000
230	10.94	2061	2146	0.00	195	0	0	0	nan	0.00	0.01	3.86	87.29	89.06	0.00	41	0	43	0.00	0.00	65.54	7.45	0.00	0.00	2000
227	11.12	2050	2092	0.00	195	0	0	0	nan	0.00	0.00	3.61	85.09	88.88	0.00	40	0	43	0.00	0.00	62.59	7.42	0.00	0.00	2000
231	11.23	2068	2093	0.00	195	0	0	0	nan	0.00	0.00	3.49	85.07	88.77	0.00	40	0	43	0.00	0.00	68.49	7.44	0.00	0.00	2000
227	10.83	2094	2098	0.00	194	0	0	0	nan	0.00	0.00	3.56	85.62	89.17	0.00	40	0	43	0.00	0.00	65.56	7.54	0.00	0.00	2000
232	11.34	2051	2092	0.00	197	0	0	0	nan	0.00	0.00	4.69	83.72	88.66	0.00	41	0	43	0.00	0.00	65.35	7.59	0.00	0.00	2000
227	11.13	2045	2098	0.00	195	0	0	0	nan	0.00	0.00	4.77	84.08	88.87	0.00	40	0	43	0.00	0.00	65.23	7.52	0.00	0.00	2000
229	11.39	2005	2106	0.00	195	0	0	0	nan	0.00	0.03	4.69	84.31	88.61	0.00	41	0	43	0.00	0.00	65.38	7.50	0.00	0.00	2000
228	11.11	2055	2098	0.00	197	0	0	0	nan	0.00	0.00	4.26	84.58	88.89	0.00	40	0	43	0.00	0.00	65.58	7.68	0.00	0.00	2000
230	11.11	2040	2130	0.00	195	0	0	0	nan	0.00	0.04	4.83	85.42	88.89	0.00	40	0	43	0.00	0.00	65.02	7.60	0.00	0.00	2000
232	11.22	2058	2106	0.01	196	0	0	3	77.04	0.00	0.00	3.66	85.54	88.78	0.00	40	0	43	0.00	0.00	64.75	7.38	0.00	0.00	2000
228	11.20	2103	2032	1.32	195	0	0	4	78.66	0.00	0.00	3.85	82.17	88.80	0.00	40	0	43	0.00	0.00	61.03	7.07	0.00	0.00	2000
228	11.05	2043	2119	0.00	195	0	0	0	nan	0.00	0.00	3.99	85.88	88.95	0.00	40	0	43	0.00	0.00	67.75	7.99	0.00	0.00	2000
231	10.98	2100	2105	0.00	195	0	0	0	nan	0.00	0.02	4.60	84.73	89.02	0.00	40	0	43	0.00	0.00	65.48	7.71	0.00	0.00	2000
228	10.72	2109	2121	0.00	195	0	0	0	nan	0.00	0.02	4.66	85.53	89.28	0.00	41	0	43	0.00	0.00	66.74	7.79	0.00	0.00	2000
230	11.07	2081	2100	0.00	195	0	0	0	nan	0.00	0.00	3.10	85.93	88.93	0.00	40	0	43	0.00	0.00	66.90	7.64	0.00	0.00	2000
228	11.02	2072	2094	0.00	195	0	0	0	nan	0.00	0.00	3.82	85.03	88.98	0.00	41	0	43	0.00	0.00	65.61	7.50	0.00	0.00	2000
228	11.32	2026	2089	0.00	193	0	0	0	nan	0.00	0.04	4.56	83.78	88.68	0.00	40	0	43	0.00	0.00	62.22	7.12	0.00	0.00	2000
227	11.21	2027	2103	0.00	196	0	0	0	nan	0.00	0.01	4.43	84.58	88.79	0.00	40	0	43	0.00	0.00	65.29	7.46	0.00	0.00	2000
229	11.18	2054	2098	0.00	194	0	0	0	nan	0.00	0.00	4.59	84.32	88.82	0.00	41	0	43	0.00	0.00	64.82	7.35	0.00	0.00	2000
229	10.99	2101	2087	0.00	194	0	0	0	nan	0.00	0.01	3.91	84.57	89.01	0.00	41	0	43	0.00	0.00	65.23	7.42	0.00	0.00	2000
232	11.02	2070	2137	0.00	195	0	0	0	nan	0.00	0.00	4.33	86.31	88.98	0.00	41	0	43	0.00	0.00	68.56	7.84	0.00	0.00	2000
227	11.27	2048	2063	0.00	196	0	0	0	nan	0.00	0.00	4.70	82.61	88.73	0.00	40	0	43	0.00	0.00	61.62	7.12	0.00	0.00	2000
227	11.04	2128	2030	0.00	195	0	0	0	nan	0.00	0.00	3.94	82.12	88.96	0.00	40	0	43	0.00	0.00	63.21	7.15	0.00	0.00	2000
235	10.90	2040	2221	0.00	240	0	0	0	nan	0.00	0.01	4.65	89.66	89.10	0.00	40	0	43	0.00	0.00	71.35	8.23	0.00	0.00	2000
232	11.53	2030	2081	0.00	202	0	0	0	nan	0.00	0.02	4.90	82.97	88.47	0.00	40	0	43	0.00	0.00	62.40	7.28	0.00	0.00	2000
228	11.00	2088	2088	0.00	204	0	0	0	nan	0.00	0.00	4.63	83.99	89.00	0.00	41	0	43	0.00	0.00	65.60	7.42	0.00	0.00	2000
229	11.22	2049	2094	0.00	195	0	0	3	77.35	0.00	0.02	3.82	84.80	88.78	0.00	41	0	43	0.00	0.00	64.91	7.39	0.00	0.00	2000
228	10.93	2078	2109	1.36	194	0	0	5	77.56	0.00	0.02	3.30	86.19	89.07	0.00	40	0	43	0.00	0.00	65.33	7.52	0.00	0.00	2000
230	11.41	2009	2111	0.00	196	0	0	0	nan	0.00	0.03	5.73	83.42	88.59	0.00	41	0	43	0.00	0.00	64.88	7.59	0.00	0.00	2000
228	11.35	2022	2087	0.00	197	0	0	0	nan	0.00	0.00	4.25	83.98	88.65	0.00	40	0	43	0.00	0.00	65.31	7.53	0.00	0.00	2000
231	11.21	2047	2111	0.00	196	0	0	0	nan	0.00	0.00	4.97	84.38	88.79	0.00	41	0	43	0.00	0.00	65.28	7.59	0.00	0.00	2000
228	11.28	2036	2084	0.00	194	0	0	0	nan	0.00	0.00	3.75	84.44	88.72	0.00	40	0	43	0.00	0.00	64.93	7.54	0.00	0.00	2000
228	10.96	2085	2098	0.00	194	0	0	0	nan	0.00	0.02	4.30	84.78	89.04	0.00	40	0	43	0.00	0.00	65.32	7.31	0.00	0.00	2000
229	10.94	2093	2099	0.00	194	0	0	0	nan	0.00	0.02	3.44	85.65	89.06	0.00	40	0	43	0.00	0.00	65.51	7.64	0.00	0.00	2000
230	10.96	2085	2109	0.00	196	0	0	0	nan	0.00	0.00	3.77	85.75	89.04	0.00	40	0	43	0.00	0.00	65.24	7.48	0.00	0.00	2000
231	11.15	2091	2081	0.00	195	0	0	0	nan	0.00	0.03	3.88	84.21	88.85	0.00	41	0	43	0.00	0.00	62.79	7.24	0.00	0.00	2000
231	10.87	2079	2149	0.00	195	0	0	0	nan	0.00	0.01	3.41	87.91	89.13	0.00	40	0	42	0.00	0.00	71.31	7.96	0.00	0.00	2000
227	11.10	2098	2048	0.00	194	0	0	0	nan	0.00	0.03	2.60	84.15	88.90	0.00	40	0	43	0.00	0.00	60.16	6.84	0.00	0.00	2000
230	10.90	2086	2124	0.00	195	0	0	0	nan	0.00	0.03	3.60	86.59	89.10	0.00	40	0	43	0.00	0.00	68.04	7.70	0.00	0.00	2000
227	11.12	2047	2090	0.00	194	0	0	0	nan	0.00	0.00	3.43	85.12	88.88	0.00	40	0	43	0.00	0.00	62.45	7.23	0.00	0.00	2000
231	11.12	2042	2134	0.00	194	0	0	0	nan	0.00	0.02	3.64	86.76	88.88	0.00	40	0	43	0.00	0.00	68.87	7.91	0.00	0.00	2000
233	11.49	2047	2082	0.00	197	0	0	0	nan	0.00	0.00	3.68	84.04	88.51	0.00	40	0	43	0.00	0.00	62.91	7.21	0.00	0.00	2000
230	11.13	2044	2124	0.00	196	0	0	0	nan	0.00	0.03	4.12	85.79	88.87	0.00	40	0	43	0.00	0.00	68.41	7.79	0.00	0.00	2000
227	11.20	2048	2080	0.00	195	0	0	1	80.20	0.00	0.02	3.03	84.95	88.80	0.00	41	0	43	0.00	0.00	63.09	7.13	0.00	0.00	2000
230	11.08	2058	2114	1.42	194	0	0	6	78.59	0.00	0.04	3.89	85.73	88.92	0.00	40	0	43	0.00	0.00	68.08	7.84	0.00	0.00	2000
230	11.32	2052	2077	0.00	196	0	0	0	nan	0.00	0.01	3.49	84.32	88.68	0.00	40	0	43	0.00	0.00	63.47	7.19	0.00	0.00	2000
231	10.86	2136	2088	0.00	195	0	0	0	nan	0.00	0.00	3.98	84.73	89.14	0.00	40	0	43	0.00	0.00	65.22	7.58	0.00	0.00	2000
229	10.65	2153	2099	0.00	194	0	0	0	nan	0.01	0.01	3.16	86.18	89.35	0.00	40	0	43	0.00	0.00	65.29	7.36	0.00	0.00	2000
230	10.79	2108	2124	0.00	197	0	0	0	nan	0.00	0.01	4.78	85.48	89.21	0.00	40	0	43	0.00	0.00	65.48	7.47	0.00	0.00	2000
228	10.71	2165	2068	0.00	195	0	0	0	nan	0.00	0.00	3.54	84.35	89.29	0.00	40	0	43	0.00	0.00	65.75	7.37	0.00	0.00	2000
230	11.03	2074	2113	0.00	196	0	0	0	nan	0.00	0.02	3.04	86.61	88.97	0.00	41	0	43	0.00	0.00	63.46	7.31	0.00	0.00	2000
225	11.59	2030	2010	0.00	211	0	0	0	nan	0.00	0.02	2.76	81.94	88.41	0.00	40	0	43	0.00	0.00	64.15	7.52	0.00	0.00	2000
235	11.07	2018	2206	0.00	196	0	0	0	nan	0.00	0.02	2.94	90.53	88.93	0.00	40	0	43	0.00	0.00	68.37	7.93	0.00	0.00	2000
228	10.95	2100	2083	0.00	195	0	0	0	nan	0.00	0.00	3.52	84.83	89.05	0.00	41	0	43	0.00	0.00	65.85	7.45	0.00	0.00	2000
230	10.94	2093	2110	0.00	196	0	0	0	nan	0.00	0.02	3.65	85.92	89.06	0.00	40	0	43	0.00	0.00	65.50	7.56	0.00	0.00	2000
230	10.74	2163	2077	0.00	195	0	0	0	nan	0.00	0.01	3.77	84.52	89.26	0.00	40	0	43	0.00	0.00	65.56	7.48	0.00	0.00	2000
230	10.94	2076	2130	0.00	196	0	0	0	nan	0.00	0.00	3.18	87.25	89.06	0.00	40	0	43	0.00	0.00	65.37	7.39	0.00	0.00	2000
227	11.02	2062	2102	0.00	195	0	0	0	nan	0.00	0.00	3.53	85.65	88.98	0.00	40	0	43	0.00	0.00	65.53	7.44	0.00	0.00	2000
230	11.10	2048	2123	0.00	194	0	0	0	nan	0.00	0.04	4.22	85.74	88.90	0.00	40	0	43	0.00	0.00	65.51	7.35	0.00	0.00	2000
228	11.38	2020	2078	0.00	196	0	0	0	nan	0.00	0.00	3.16	84.66	88.62	0.00	40	0	43	0.00	0.00	64.73	7.33	0.00	0.00	2000
226	11.40	2069	2016	0.00	195	0	0	1	83.92	0.00	0.00	3.52	81.63	88.60	0.00	41	0	43	0.00	0.00	61.19	6.98	0.00	0.00	2000
230	11.07	2030	2150	1.40	210	0	0	6	78.05	0.00	0.00	2.68	88.46	88.93	0.00	40	0	43	0.00	0.00	69.83	7.88	0.00	0.00	2000
232	10.81	2077	2172	0.00	194	0	0	0	nan	0.00	0.02	3.52	88.83	89.19	0.00	41	0	43	0.00	0.00	66.45	7.51	0.00	0.00	2000
225	11.41	2059	2011	0.00	195	0	0	0	nan	0.00	0.00	3.58	81.36	88.59	0.00	40	0	43	0.00	0.00	63.76	7.34	0.00	0.00	2000
230	10.60	2091	2183	0.00	194	0	0	0	nan	0.01	0.00	3.40	89.69	89.40	0.00	40	0	43	0.00	0.00	66.19	7.55	0.00	0.00	2000
228	11.17	2099	2044	0.00	196	0	0	0	nan	0.00	0.02	3.54	82.98	88.83	0.00	41	0	43	0.00	0.00	64.18	7.23	0.00	0.00	2000
230	10.69	2103	2147	0.00	195	0	0	0	nan	0.01	0.00	3.34	88.07	89.31	0.00	40	0	43	0.00	0.00	65.62	7.32	0.00	0.00	2000
228	11.35	2037	2070	0.00	195	0	0	0	nan	0.00	0.00	3.99	83.48	88.65	0.00	41	0	43	0.00	0.00	65.67	7.35	0.00	0.00	2000
231	10.80	2111	2130	0.00	196	0	0	0	nan	0.00	0.00	3.67	86.89	89.20	0.00	40	0	43	0.00	0.00	66.72	7.45	0.00	0.00	2000
229	10.90	2146	2058	0.00	194	0	0	0	nan	0.00	0.04	3.31	84.08	89.10	0.00	40	0	43	0.00	0.00	64.49	7.21	0.00	0.00	2000
232	11.21	2013	2156	0.00	196	0	0	0	nan	0.00	0.01	4.30	86.87	88.79	0.00	41	0	43	0.00	0.00	65.69	7.38	0.00	0.00	2000
227	11.33	2037	2068	0.00	196	0	0	0	nan	0.00	0.00	3.28	84.10	88.67	0.00	40	0	43	0.00	0.00	65.07	7.35	0.00	0.00	2000
230	11.00	2049	2142	0.00	195	0	0	0	nan	0.00	0.03	3.72	87.14	89.00	0.00	40	0	43	0.00	0.00	66.94	7.58	0.00	0.00	2000
228	10.88	2103	2089	0.00	194	0	0	0	nan	0.00	0.01	3.53	85.17	89.12	0.00	39	0	43	0.00	0.00	66.83	7.88	0.00	0.00	2000
227	11.43	2054	2030	0.00	195	0	0	0	nan	0.00	0.00	3.24	82.44	88.57	0.00	40	0	43	0.00	0.00	62.75	7.23	0.00	0.00	2000
227	10.93	2049	2131	0.00	195	0	0	0	nan	0.00	0.01	3.70	86.77	89.07	0.00	40	0	42	0.00	0.00	65.17	7.46	0.00	0.00	2000
231	10.95	2112	2097	0.00	195	0	0	0	nan	0.00	0.00	3.83	85.12	89.05	0.00	40	0	43	0.00	0.00	65.08	7.42	0.00	0.00	2000
230	11.13	2067	2102	0.00	198	0	0	0	nan	0.00	0.01	4.31	84.79	88.87	0.00	40	0	43	0.00	0.00	65.31	7.53	0.00	0.00	2000
233	10.96	2105	2116	1.24	195	0	0	6	63.46	0.00	0.01	3.72	86.05	89.04	0.00	40	0	43	0.00	0.00	65.07	7.34	0.00	0.00	2000
228	10.99	2071	2099	0.21	195	0	0	0	nan	0.00	0.00	4.01	85.06	89.01	0.00	40	0	43	0.00	0.00	64.75	7.48	0.00	0.00	2000
228	11.06	2040	2122	0.00	194	0	0	0	nan	0.00	0.04	3.96	86.04	88.94	0.00	40	0	43	0.00	0.00	65.06	7.15	0.00	0.00	2000
229	11.36	2049	2067	0.00	195	0	0	0	nan	0.00	0.00	3.79	83.56	88.64	0.00	40	0	43	0.00	0.00	64.75	7.44	0.00	0.00	2000
229	11.10	2023	2138	0.00	195	0	0	0	nan	0.00	0.00	4.03	86.57	88.90	0.00	40	0	43	0.00	0.00	64.79	7.42	0.00	0.00	2000
228	11.03	2071	2101	0.00	196	0	0	0	nan	0.00	0.01	3.45	85.66	88.97	0.00	41	0	43	0.00	0.00	66.87	7.70	0.00	0.00	2000
226	11.34	2080	2008	0.00	196	0	0	0	nan	0.00	0.02	2.92	81.96	88.66	0.00	40	0	43	0.00	0.00	60.27	6.75	0.00	0.00	2000
230	10.83	2029	2201	0.00	194	0	0	0	nan	0.00	0.00	2.78	90.91	89.17	0.00	40	0	43	0.00	0.00	69.61	7.75	0.00	0.00	2000
229	11.56	2073	2006	0.00	195	0	0	0	nan	0.00	0.00	3.05	81.52	88.44	0.00	40	0	43	0.00	0.00	60.54	6.90	0.00	0.00	2000
231	10.69	2057	2208	0.00	194	0	0	0	nan	0.00	0.02	2.70	91.35	89.31	0.00	41	0	43	0.00	0.00	70.55	7.84	0.00	0.00	2000
226	11.35	2076	2016	0.00	195	0	0	0	nan	0.00	0.00	4.23	81.04	88.65	0.00	40	0	43	0.00	0.00	60.01	6.46	0.00	0.00	2000
231	10.94	2070	2142	0.00	197	0	0	0	nan	0.00	0.02	4.24	86.69	89.06	0.00	40	0	43	0.00	0.00	68.07	8.05	0.00	0.00	2000
229	11.28	2036	2096	0.00	197	0	0	0	nan	0.00	0.00	3.86	84.85	88.72	0.00	40	0	43	0.00	0.00	64.96	7.32	0.00	0.00	2000
232	10.68	2129	2143	0.00	195	0	0	0	nan	0.00	0.00	4.01	87.21	89.32	0.00	40	0	43	0.00	0.00	64.58	7.67	0.00	0.00	2000
227	10.92	2150	2031	0.00	195	0	0	0	nan	0.00	0.00	3.49	82.79	89.08	0.00	40	0	43	0.00	0.00	62.94	6.88	0.00	0.00	2000
229	10.87	2079	2128	0.00	194	0	0	0	nan	0.00	0.00	3.36	86.98	89.13	0.00	40	0	43	0.00	0.00	67.72	7.68	0.00	0.00	2000
224	11.50	2044	1998	0.00	195	0	0	0	nan	0.00	0.00	3.35	80.89	88.50	0.00	40	0	43	0.00	0.00	60.45	6.84	0.00	0.00	2000
239	11.20	2006	2234	1.06	232	0	0	7	66.07	0.00	0.00	4.33	90.26	88.80	0.00	40	0	43	0.00	0.00	70.91	8.03	0.00	0.00	2000
231	11.43	2013	2108	0.39	197	0	0	0	nan	0.00	0.04	3.80	85.18	88.57	0.00	40	0	43	0.00	0.00	65.74	7.36	0.00	0.00	2000
227	11.26	2055	2059	0.00	193	0	0	0	nan	0.00	0.00	3.70	83.39	88.74	0.00	40	0	43	0.00	0.00	62.39	7.08	0.00	0.00	2000
230	11.04	2061	2123	0.00	194	0	0	0	nan	0.00	0.01	3.49	86.48	88.96	0.00	40	0	43	0.00	0.00	68.20	7.85	0.00	0.00	2000
227	11.05	2063	2095	0.00	195	0	0	0	nan	0.00	0.00	3.83	85.04	88.95	0.00	40	0	43	0.00	0.00	65.52	7.58	0.00	0.00	2000
229	11.16	2055	2093	0.00	194	0	0	0	nan	0.00	0.03	4.17	84.47	88.84	0.00	40	0	43	0.00	0.00	62.25	6.94	0.00	0.00	2000
230	11.05	2100	2082	0.00	196	0	0	0	nan	0.00	0.00	4.01	84.29	88.95	0.00	41	0	43	0.00	0.00	65.65	7.54	0.00	0.00	2000
230	10.88	2088	2124	0.00	197	0	0	0	nan	0.00	0.02	3.20	86.98	89.12	0.00	40	0	42	0.00	0.00	67.44	7.64	0.00	0.00	2000
225	11.63	2024	2003	0.00	195	0	0	0	nan	0.00	0.01	3.12	81.24	88.37	0.00	41	0	43	0.00	0.00	61.48	6.82	0.00	0.00	2000
231	10.75	2057	2198	0.00	211	0	0	0	nan	0.00	0.00	2.90	90.62	89.25	0.00	40	0	43	0.00	0.00	68.02	7.69	0.00	0.00	2000
228	10.87	2101	2098	0.00	195	0	0	0	nan	0.00	0.02	3.67	85.48	89.13	0.00	40	0	43	0.00	0.00	65.48	7.29	0.00	0.00	2000
236	11.33	2060	2123	0.00	213	0	0	0	nan	0.00	0.02	7.32	82.34	88.67	0.00	41	0	43	0.00	0.00	68.98	7.63	0.00	0.00	2000
228	10.89	2091	2103	0.00	195	0	0	0	nan	0.00	0.00	3.81	85.51	89.11	0.00	40	0	43	0.00	0.00	65.51	7.37	0.00	0.00	2000
229	11.30	2020	2109	0.00	195	0	0	0	nan	0.00	0.00	3.74	85.46	88.70	0.00	40	0	43	0.00	0.00	65.83	7.18	0.00	0.00	2000
227	11.50	2021	2055	0.00	196	0	0	0	nan	0.00	0.03	3.98	82.73	88.50	0.00	40	0	43	0.00	0.00	62.27	7.10	0.00	0.00	2000
230	11.12	2047	2124	0.00	196	0	0	0	nan	0.00	0.01	3.65	86.31	88.88	0.00	41	0	43	0.00	0.00	64.87	7.48	0.00	0.00	2000
229	11.11	2063	2098	0.00	195	0	0	0	nan	0.00	0.00	3.99	84.90	88.89	0.00	40	0	43	0.00	0.00	65.33	7.43	0.00	0.00	2000
229	11.07	2045	2124	0.93	194	0	0	6	72.46	0.00	0.00	4.21	85.86	88.93	0.00	40	0	43	0.00	0.00	67.83	7.83	0.00	0.00	2000
227	11.29	2064	2049	0.55	196	0	0	0	nan	0.00	0.00	3.51	83.14	88.71	0.00	40	0	43	0.00	0.00	62.44	7.12	0.00	0.00	2000
230	11.04	2058	2127	0.00	195	0	0	0	nan	0.00	0.02	3.63	86.54	88.96	0.00	40	0	43	0.00	0.00	65.14	7.24	0.00	0.00	2000
227	11.15	2061	2078	0.00	194	0	0	0	nan	0.00	0.00	3.54	84.48	88.85	0.00	40	0	43	0.00	0.00	65.33	7.64	0.00	0.00	2000
232	11.10	2053	2134	0.00	195	0	0	0	nan	0.00	0.04	4.24	86.18	88.90	0.00	40	0	43	0.00	0.00	65.31	7.53	0.00	0.00	2000
228	11.03	2059	2104	0.00	196	0	0	0	nan	0.00	0.00	4.27	85.00	88.97	0.00	40	0	43	0.00	0.00	65.84	7.38	0.00	0.00	2000
230	11.28	2068	2071	0.00	194	0	0	0	nan	0.00	0.05	3.70	83.89	88.72	0.00	40	0	43	0.00	0.00	65.40	7.32	0.00	0.00	2000
230	10.88	2117	2102	0.00	195	0	0	0	nan	0.00	0.00	3.04	86.25	89.12	0.00	40	0	43	0.00	0.00	65.54	7.43	0.00	0.00	2000
230	11.19	2036	2118	0.00	195	0	0	0	nan	0.00	0.02	4.47	85.24	88.81	0.00	40	0	43	0.00	0.00	65.57	7.36	0.00	0.00	2000
227	11.19	2059	2067	0.00	195	0	0	0	nan	0.00	0.00	4.29	83.21	88.81	0.00	40	0	43	0.00	0.00	62.61	7.06	0.00	0.00	2000
232	10.99	2052	2155	0.00	196	0	0	0	nan	0.00	0.02	4.10	87.39	89.01	0.00	40	0	43	0.00	0.00	71.26	8.02	0.00	0.00	2000
222	11.05	2066	2046	0.00	194	0	0	0	nan	0.00	0.02	3.52	83.23	88.95	0.00	40	0	43	0.00	0.00	63.66	7.00	0.00	0.00	2000
236	10.94	2119	2138	0.00	212	0	0	0	nan	0.00	0.00	4.67	86.04	89.06	0.00	40	0	43	0.00	0.00	65.93	7.74	0.00	0.00	2000
229	11.01	2083	2096	0.00	195	0	0	0	nan	0.00	0.00	5.45	83.40	88.99	0.00	41	0	43	0.00	0.00	65.80	7.46	0.00	0.00	2000
229	11.26	2018	2115	0.00	195	0	0	0	nan	0.00	0.00	5.50	83.97	88.74	0.00	41	0	43	0.00	0.00	64.94	7.32	0.00	0.00	2000
230	11.16	2077	2088	0.00	195	0	0	0	nan	0.00	0.00	4.19	84.22	88.84	0.00	41	0	43	0.00	0.00	65.43	7.41	0.00	0.00	2000
230	11.18	2048	2105	0.00	195	0	0	0	nan	0.00	0.00	5.33	83.75	88.82	0.00	41	0	43	0.00	0.00	65.32	7.34	0.00	0.00	2000
228	11.03	2065	2102	0.59	195	0	0	6	76.78	0.00	0.00	5.16	83.99	88.97	0.00	41	0	43	0.00	0.00	65.68	7.45	0.00	0.00	2000
230	10.87	2106	2112	0.88	196	0	0	2	86.57	0.00	0.00	5.47	84.25	89.13	0.00	41	0	43	0.00	0.00	65.77	7.34	0.00	0.00	2000
229	11.36	2022	2090	0.00	194	0	0	0	nan	0.00	0.00	3.87	84.51	88.64	0.00	42	0	43	0.00	0.00	65.20	7.58	0.00	0.00	2000
231	11.34	2046	2092	0.00	195	0	0	0	nan	0.00	0.00	4.78	83.57	88.66	0.00	41	0	43	0.00	0.00	65.69	7.41	0.00	0.00	2000
228	10.99	2074	2099	0.00	195	0	0	0	nan	0.00	0.00	5.11	83.93	89.01	0.00	41	0	43	0.00	0.00	65.48	7.57	0.00	0.00	2000
229	11.20	2040	2108	0.00	195	0	0	0	nan	0.00	0.00	5.37	83.85	88.80	0.00	41	0	43	0.00	0.00	65.86	7.37	0.00	0.00	2000
228	11.14	2057	2089	0.00	195	0	0	0	nan	0.00	0.00	4.56	83.92	88.86	0.00	42	0	43	0.00	0.00	65.58	7.60	0.00	0.00	2000
230	11.23	2043	2105	0.00	194	0	0	0	nan	0.00	0.00	5.05	84.04	88.77	0.00	41	0	43	0.00	0.00	64.93	7.43	0.00	0.00	2000
230	11.28	2047	2094	0.00	195	0	0	0	nan	0.00	0.00	5.26	83.35	88.72	0.00	41	0	43	0.00	0.00	65.89	7.42	0.00	0.00	2000
229	11.01	2063	2118	0.00	196	0	0	0	nan	0.00	0.00	5.97	83.88	88.99	0.00	42	0	43	0.00	0.00	65.52	7.53	0.00	0.00	2000
228	10.90	2089	2104	0.00	195	0	0	0	nan	0.00	0.00	4.36	84.96	89.10	0.00	41	0	43	0.00	0.00	66.42	7.43	0.00	0.00	2000
228	10.87	2139	2057	0.00	178	0	0	0	nan	0.00	0.01	3.60	83.86	89.13	0.00	41	0	43	0.00	0.00	61.60	7.37	0.00	0.00	2000
229	10.66	2127	2123	0.00	210	0	0	0	nan	0.00	0.01	4.21	86.08	89.34	0.00	41	0	42	0.00	0.00	68.19	7.80	0.00	0.00	2000
232	11.00	2088	2118	0.00	196	0	0	0	nan	0.00	0.00	5.23	84.58	89.00	0.00	41	0	43	0.00	0.00	64.66	7.38	0.00	0.00	2000
228	10.92	2097	2092	0.00	195	0	0	0	nan	0.00	0.00	3.80	85.04	89.08	0.00	41	0	43	0.00	0.00	65.45	7.36	0.00	0.00	2000
229	11.15	2049	2102	0.00	194	0	0	0	nan	0.00	0.00	4.18	84.84	88.85	0.00	41	0	43	0.00	0.00	65.37	7.43	0.00	0.00	2000
228	10.91	2096	2097	0.00	194	0	0	0	nan	0.00	0.00	4.52	84.42	89.09	0.00	42	0	43	0.00	0.00	62.68	6.95	0.00	0.00	2000
228	11.10	2047	2108	0.20	196	0	0	4	75.72	0.00	0.00	4.60	84.72	88.90	0.00	41	0	43	0.00	0.00	68.58	7.69	0.00	0.00	2000
228	11.29	2033	2084	1.23	194	0	0	3	82.41	0.00	0.00	4.14	83.91	88.71	0.00	41	0	43	0.00	0.00	62.72	7.04	0.00	0.00	2000
231	11.23	2038	2115	0.00	195	0	0	0	nan	0.00	0.00	4.91	84.61	88.77	0.00	41	0	43	0.00	0.00	68.71	7.42	0.00	0.00	2000
229	10.99	2087	2095	0.00	178	0	0	0	nan	0.00	0.00	4.22	84.66	89.01	0.00	41	0	43	0.00	0.00	62.62	7.45	0.00	0.00	2000
229	11.01	2068	2116	0.00	215	0	0	0	nan	0.00	0.02	5.38	84.37	88.99	0.00	41	0	43	0.00	0.00	68.28	7.78	0.00	0.00	2000
227	11.23	2043	2080	0.00	195	0	0	0	nan	0.00	0.03	3.68	84.37	88.77	0.00	42	0	43	0.00	0.00	65.24	7.37	0.00	0.00	2000
228	11.10	2042	2110	0.00	194	0	0	0	nan	0.00	0.00	4.75	84.62	88.90	0.00	41	0	43	0.00	0.00	65.24	7.38	0.00	0.00	2000
231	11.29	2052	2093	0.00	195	0	0	0	nan	0.00	0.00	3.74	84.78	88.71	0.00	41	0	43	0.00	0.00	65.58	7.53	0.00	0.00	2000
231	11.16	2066	2105	0.00	194	0	0	0	nan	0.00	0.00	4.12	85.04	88.84	0.00	42	0	43	0.00	0.00	65.76	7.50	0.00	0.00	2000
228	11.14	2053	2096	0.00	195	0	0	0	nan	0.00	0.00	3.92	84.86	88.86	0.00	42	0	43	0.00	0.00	65.37	7.57	0.00	0.00	2000
229	11.27	2033	2095	0.00	194	0	0	0	nan	0.00	0.00	4.38	84.20	88.73	0.00	42	0	43	0.00	0.00	65.63	7.29	0.00	0.00	2000
227	10.92	2091	2089	0.00	194	0	0	0	nan	0.00	0.00	4.86	83.81	89.08	0.00	41	0	43	0.00	0.00	62.81	7.68	0.00	0.00	2000
231	11.18	2049	2120	0.00	196	0	0	0	nan	0.00	0.00	6.09	83.70	88.82	0.00	41	0	43	0.00	0.00	68.81	7.43	0.00	0.00	2000
228	11.23	2034	2092	0.00	194	0	0	0	nan	0.00	0.00	4.43	84.14	88.77	0.00	41	0	43	0.00	0.00	59.78	7.08	0.00	0.00	2000
229	11.07	2072	2096	0.00	197	0	0	0	nan	0.00	0.00	6.06	82.76	88.93	0.00	42	0	43	0.00	0.00	67.69	7.88	0.00	0.00	2000
230	10.88	2104	2108	0.00	195	0	0	0	nan	0.00	0.00	5.02	84.57	89.12	0.00	42	0	43	0.00	0.00	65.46	7.21	0.00	0.00	2000
230	11.27	2025	2116	0.00	195	0	0	0	nan	0.00	0.00	4.52	84.94	88.73	0.00	41	0	43	0.00	0.00	65.67	7.77	0.00	0.00	2000
230	11.06	2105	2072	0.00	196	0	0	3	73.94	0.00	0.02	3.97	83.84	88.94	0.00	41	0	43	0.00	0.00	65.59	7.01	0.00	0.00	2000
228	10.72	2112	2119	1.35	194	0	0	5	76.18	0.00	0.00	5.22	85.04	89.28	0.00	41	0	43	0.00	0.00	62.37	7.68	0.00	0.00	2000
228	11.06	2071	2092	0.00	194	0	0	0	nan	0.00	0.00	3.77	84.88	88.94	0.00	41	0	43	0.00	0.00	65.62	7.43	0.00	0.00	2000
230	11.08	2076	2097	0.00	195	0	0	0	nan	0.00	0.01	4.13	84.64	88.92	0.00	42	0	43	0.00	0.00	65.55	7.44	0.00	0.00	2000
228	11.16	2048	2092	0.00	196	0	0	0	nan	0.00	0.00	4.49	84.08	88.84	0.00	42	0	43	0.00	0.00	65.63	7.53	0.00	0.00	2000
231	11.37	2024	2110	0.00	193	0	0	0	nan	0.00	0.00	5.07	84.07	88.63	0.00	42	0	43	0.00	0.00	65.21	7.45	0.00	0.00	2000
229	11.10	2066	2094	0.00	195	0	0	0	nan	0.00	0.00	5.09	83.67	88.90	0.00	42	0	43	0.00	0.00	65.41	7.55	0.00	0.00	2000
231	11.04	2080	2109	0.00	198	0	0	0	nan	0.00	0.02	5.45	83.93	88.96	0.00	42	0	43	0.00	0.00	65.82	7.50	0.00	0.00	2000
228	11.09	2051	2101	0.00	196	0	0	0	nan	0.00	0.02	5.40	83.69	88.91	0.00	41	0	43	0.00	0.00	65.60	7.52	0.00	0.00	2000
229	10.95	2089	2101	0.00	194	0	0	0	nan	0.00	0.00	4.42	84.81	89.05	0.00	42	0	43	0.00	0.00	65.45	7.39	0.00	0.00	2000
227	11.09	2050	2101	0.00	194	0	0	0	nan	0.00	0.00	4.31	84.75	88.91	0.00	42	0	43	0.00	0.00	65.59	7.55	0.00	0.00	2000
230	11.10	2071	2103	0.00	196	0	0	0	nan	0.00	0.02	4.28	84.89	88.90	0.00	42	0	43	0.00	0.00	65.38	7.49	0.00	0.00	2000
228	11.18	2056	2082	0.00	195	0	0	0	nan	0.00	0.00	4.54	83.72	88.82	0.00	41	0	43	0.00	0.00	65.58	7.62	0.00	0.00	2000
229	11.12	2035	2127	0.00	195	0	0	0	nan	0.00	0.00	5.09	85.10	88.88	0.00	42	0	43	0.00	0.00	65.62	7.54	0.00	0.00	2000
227	11.15	2060	2077	0.00	195	0	0	0	nan	0.00	0.02	4.10	83.93	88.85	0.00	42	0	43	0.00	0.00	65.18	7.56	0.00	0.00	2000
230	11.06	2077	2103	0.00	195	0	0	0	nan	0.00	0.00	4.44	84.73	88.94	0.00	42	0	43	0.00	0.00	65.48	7.57	0.00	0.00	2000
230	11.16	2053	2107	0.00	196	0	0	0	nan	0.00	0.00	5.55	83.69	88.84	0.00	41	0	43	0.00	0.00	65.68	7.44	0.00	0.00	2000
228	11.35	2015	2097	0.00	194	0	0	1	78.61	0.00	0.00	4.18	84.53	88.65	0.00	42	0	43	0.00	0.00	65.34	7.55	0.00	0.00	2000
238	11.43	2077	2102	1.36	252	0	0	8	71.63	0.00	0.37	7.81	80.70	88.57	0.00	42	0	43	0.00	0.00	65.76	7.49	0.00	0.00	2000
229	11.27	2032	2104	0.00	196	0	0	0	nan	0.00	0.01	4.75	84.21	88.73	0.00	42	0	43	0.00	0.00	65.71	7.46	0.00	0.00	2000
227	11.20	2039	2087	0.00	195	0	0	0	nan	0.00	0.01	4.66	83.64	88.80	0.00	41	0	43	0.00	0.00	65.68	7.53	0.00	0.00	2000
230	11.20	2042	2113	0.00	195	0	0	0	nan	0.00	0.02	5.22	84.24	88.80	0.00	42	0	43	0.00	0.00	65.81	7.56	0.00	0.00	2000
228	11.13	2054	2092	0.00	194	0	0	0	nan	0.00	0.00	4.04	84.59	88.87	0.00	41	0	43	0.00	0.00	66.00	7.53	0.00	0.00	2000
230	11.23	2046	2100	0.00	195	0	0	0	nan	0.00	0.00	4.47	84.39	88.77	0.00	42	0	43	0.00	0.00	65.46	7.44	0.00	0.00	2000
228	10.91	2087	2105	0.00	194	0	0	0	nan	0.00	0.00	5.04	84.38	89.09	0.00	42	0	42	0.00	0.00	65.29	7.48	0.00	0.00	2000
230	10.98	2087	2104	0.00	195	0	0	0	nan	0.00	0.00	4.67	84.59	89.02	0.00	41	0	43	0.00	0.00	65.36	7.44	0.00	0.00	2000
230	11.33	2041	2085	0.00	195	0	0	0	nan	0.00	0.00	4.59	83.54	88.67	0.00	42	0	43	0.00	0.00	65.40	7.48	0.00	0.00	2000
230	11.20	2028	2123	0.00	195	0	0	0	nan	0.00	0.02	4.22	85.68	88.80	0.00	42	0	43	0.00	0.00	65.30	7.57	0.00	0.00	2000
229	11.13	2074	2084	0.00	197	0	0	0	nan	0.00	0.02	4.96	83.35	88.87	0.00	42	0	43	0.00	0.00	65.43	7.51	0.00	0.00	2000
229	11.22	2029	2113	0.00	196	0	0	0	nan	0.00	0.00	4.90	84.49	88.78	0.00	42	0	43	0.00	0.00	65.48	7.42	0.00	0.00	2000
227	11.27	2026	2089	0.00	194	0	0	0	nan	0.00	0.01	3.70	84.71	88.73	0.00	42	0	43	0.00	0.00	65.01	7.64	0.00	0.00	2000
230	11.23	2037	2112	0.00	195	0	0	0	nan	0.00	0.01	4.48	84.83	88.77	0.00	41	0	43	0.00	0.00	65.49	7.36	0.00	0.00	2000
229	11.03	2090	2084	0.00	195	0	0	0	nan	0.00	0.00	3.75	84.66	88.97	0.00	42	0	43	0.00	0.00	65.16	7.47	0.00	0.00	2000
229	11.30	2020	2107	0.00	195	0	0	0	nan	0.00	0.00	5.04	83.98	88.70	0.00	42	0	43	0.00	0.00	64.92	7.46	0.00	0.00	2000
227	11.10	2057	2088	0.00	194	0	0	0	nan	0.00	0.00	4.73	83.75	88.90	0.00	41	0	43	0.00	0.00	65.18	7.51	0.00	0.00	2000
229	11.14	2046	2114	1.27	194	0	0	6	71.54	0.00	0.00	5.32	84.29	88.86	0.00	42	0	43	0.00	0.00	64.65	7.60	0.00	0.00	2000
228	11.25	2026	2097	0.20	195	0	0	0	nan	0.00	0.00	5.04	83.68	88.75	0.00	42	0	42	0.00	0.00	64.97	7.58	0.00	0.00	2000
230	10.92	2107	2103	0.00	196	0	0	0	nan	0.00	0.00	4.74	84.57	89.08	0.00	41	0	43	0.00	0.00	64.92	7.71	0.00	0.00	2000
228	10.79	2116	2093	0.00	195	0	0	0	nan	0.00	0.00	4.30	84.73	89.21	0.00	41	0	43	0.00	0.00	65.41	7.52	0.00	0.00	2000
229	10.89	2102	2104	0.00	195	0	0	0	nan	0.00	0.00	4.27	85.07	89.11	0.00	42	0	43	0.00	0.00	65.67	7.43	0.00	0.00	2000
230	11.41	2033	2083	0.00	195	0	0	0	nan	0.00	0.00	4.27	83.66	88.59	0.00	42	0	43	0.00	0.00	65.31	7.51	0.00	0.00	2000
230	11.27	2033	2105	0.00	195	0	0	0	nan	0.00	0.00	5.10	83.97	88.73	0.00	42	0	43	0.00	0.00	64.82	7.54	0.00	0.00	2000
230	10.96	2096	2104	0.00	195	0	0	0	nan	0.00	0.00	5.30	84.00	89.04	0.00	42	0	43	0.00	0.00	65.32	7.46	0.00	0.00	2000
229	11.09	2062	2103	0.00	196	0	0	0	nan	0.00	0.00	5.11	83.97	88.91	0.00	41	0	43	0.00	0.00	65.35	7.55	0.00	0.00	2000
234	11.22	2095	2088	0.00	196	0	0	0	nan	0.00	0.00	4.97	83.31	88.78	0.00	42	0	42	0.00	0.00	65.87	7.55	0.00	0.00	2000
230	10.87	2113	2106	0.00	194	0	0	0	nan	0.00	0.00	5.26	84.11	89.13	0.00	42	0	43	0.00	0.00	65.45	7.51	0.00	0.00	2000
228	10.90	2080	2109	0.00	195	0	0	0	nan	0.00	0.00	4.85	84.68	89.10	0.00	41	0	43	0.00	0.00	65.01	7.53	0.00	0.00	2000
231	10.90	2130	2092	0.00	195	0	0	0	nan	0.00	0.00	4.64	84.07	89.10	0.00	41	0	43	0.00	0.00	65.33	7.21	0.00	0.00	2000
229	10.72	2136	2104	0.00	198	0	0	0	nan	0.00	0.02	5.97	83.50	89.28	0.00	42	0	43	0.00	0.00	65.84	7.39	0.00	0.00	2000
229	10.86	2089	2116	0.00	195	0	0	0	nan	0.00	0.02	5.09	84.77	89.14	0.00	41	0	43	0.00	0.00	64.71	7.31	0.00	0.00	2000
228	11.01	2087	2082	0.00	195	0	0	0	nan	0.00	0.02	3.42	84.87	88.99	0.00	41	0	43	0.00	0.00	64.78	7.44	0.00	0.00	2000
229	11.27	2015	2117	0.00	196	0	0	0	nan	0.00	0.00	4.67	84.83	88.73	0.00	42	0	43	0.00	0.00	65.43	7.45	0.00	0.00	2000
230	11.32	2034	2094	0.92	179	0	0	6	71.73	0.00	0.02	3.24	85.23	88.68	0.00	42	0	43	0.00	0.00	64.60	7.25	0.00	0.00	2000
230	11.12	2083	2089	0.55	211	0	0	0	nan	0.00	0.00	3.60	84.92	88.88	0.00	42	0	43	0.00	0.00	64.93	7.54	0.00	0.00	2000
228	11.13	2046	2104	0.00	195	0	0	0	nan	0.00	0.00	5.10	84.08	88.87	0.00	42	0	43	0.00	0.00	64.64	7.46	0.00	0.00	2000
230	10.97	2094	2102	0.00	195	0	0	0	nan	0.00	0.02	4.47	84.60	89.03	0.00	42	0	43	0.00	0.00	65.40	7.53	0.00	0.00	2000
228	10.89	2100	2097	0.00	195	0	0	0	nan	0.00	0.00	4.32	84.73	89.11	0.00	41	0	43	0.00	0.00	65.01	7.52	0.00	0.00	2000
229	11.11	2063	2104	0.00	194	0	0	0	nan	0.00	0.02	4.42	84.66	88.89	0.00	42	0	42	0.00	0.00	65.11	7.47	0.00	0.00	2000
230	11.00	2094	2095	0.00	196	0	0	0	nan	0.00	0.00	4.68	84.15	89.00	0.00	42	0	43	0.00	0.00	64.86	7.53	0.00	0.00	2000
230	10.82	2121	2105	0.00	195	0	0	0	nan	0.00	0.00	4.38	84.97	89.18	0.00	41	0	43	0.00	0.00	65.83	7.39	0.00	0.00	2000
228	10.88	2103	2097	0.00	194	0	0	0	nan	0.00	0.02	4.31	84.65	89.12	0.00	42	0	42	0.00	0.00	64.79	7.60	0.00	0.00	2000
229	10.92	2091	2104	0.00	194	0	0	0	nan	0.00	0.00	4.48	84.83	89.08	0.00	42	0	43	0.00	0.00	65.54	7.40	0.00	0.00	2000
229	10.90	2103	2095	0.00	196	0	0	0	nan	0.00	0.00	4.72	84.20	89.10	0.00	41	0	43	0.00	0.00	64.97	7.59	0.00	0.00	2000
230	10.99	2095	2100	0.00	195	0	0	0	nan	0.00	0.00	4.48	84.56	89.01	0.00	42	0	43	0.00	0.00	65.68	7.45	0.00	0.00	2000
228	11.11	2052	2102	0.00	193	0	0	0	nan	0.00	0.00	4.13	84.92	88.89	0.00	42	0	42	0.00	0.00	62.44	6.95	0.00	0.00	2000
230	11.07	2078	2095	0.00	194	0	0	0	nan	0.00	0.00	4.87	83.96	88.93	0.00	42	0	43	0.00	0.00	68.06	7.73	0.00	0.00	2000
228	11.15	2033	2111	0.00	195	0	0	0	nan	0.00	0.00	5.19	84.22	88.85	0.00	42	0	43	0.00	0.00	65.75	7.71	0.00	0.00	2000
228	11.14	2061	2090	0.00	179	0	0	0	nan	0.00	0.00	3.86	84.70	88.86	0.00	42	0	43	0.00	0.00	61.35	6.99	0.00	0.00	2000
229	11.15	2058	2094	0.00	212	0	0	0	nan	0.00	0.00	4.91	83.76	88.85	0.00	42	0	42	0.00	0.00	64.73	7.38	0.00	0.00	2000
228	10.98	2065	2114	0.60	196	0	0	6	76.49	0.00	0.00	4.91	84.79	89.02	0.00	42	0	43	0.00	0.00	67.83	7.82	0.00	0.00	2000
229	11.33	2022	2096	0.88	195	0	0	2	81.96	0.00	0.00	4.76	83.88	88.67	0.00	42	0	43	0.00	0.00	65.20	7.49	0.00	0.00	2000
229	11.33	2016	2105	0.00	196	0	0	0	nan	0.00	0.00	4.29	84.70	88.67	0.00	42	0	43	0.00	0.00	64.96	7.46	0.00	0.00	2000
227	11.09	2069	2081	0.00	194	0	0	0	nan	0.00	0.00	4.03	84.21	88.91	0.00	41	0	43	0.00	0.00	62.71	7.18	0.00	0.00	2000
232	11.09	2086	2108	0.00	195	0	0	0	nan	0.00	0.02	5.43	83.87	88.91	0.00	41	0	43	0.00	0.00	63.06	7.40	0.00	0.00	2000
228	10.87	2088	2108	0.00	195	0	0	0	nan	0.01	0.00	4.32	85.26	89.13	0.00	42	0	43	0.00	0.00	68.89	7.36	0.00	0.00	2000
229	10.98	2087	2103	0.00	195	0	0	0	nan	0.00	0.00	4.30	84.88	89.02	0.00	41	0	43	0.00	0.00	63.39	7.25	0.00	0.00	2000
231	11.29	2057	2086	0.00	179	0	0	0	nan	0.00	0.01	3.40	84.78	88.71	0.00	42	0	43	0.00	0.00	67.88	7.68	0.00	0.00	2000
229	11.23	2026	2115	0.00	211	0	0	0	nan	0.00	0.00	4.18	85.33	88.77	0.00	42	0	43	0.00	0.00	68.25	7.56	0.00	0.00	2000
229	11.15	2053	2104	0.00	195	0	0	0	nan	0.00	0.00	4.46	84.66	88.85	0.00	42	0	43	0.00	0.00	63.09	7.35	0.00	0.00	2000
229	11.05	2085	2091	0.00	197	0	0	0	nan	0.00	0.00	4.27	84.46	88.95	0.00	41	0	43	0.00	0.00	65.56	7.25	0.00	0.00	2000
228	11.09	2050	2106	0.00	194	0	0	0	nan	0.00	0.01	4.62	84.56	88.91	0.00	42	0	43	0.00	0.00	65.40	7.56	0.00	0.00	2000
229	11.20	2062	2083	0.00	198	0	0	0	nan	0.00	0.00	4.71	83.46	88.80	0.00	42	0	43	0.00	0.00	65.31	7.77	0.00	0.00	2000
228	10.76	2108	2110	0.00	194	0	0	0	nan	0.00	0.00	4.81	84.92	89.24	0.00	42	0	43	0.00	0.00	65.58	7.47	0.00	0.00	2000
228	10.98	2077	2104	0.00	196	0	0	0	nan	0.00	0.00	4.56	84.79	89.02	0.00	42	0	43	0.00	0.00	65.36	7.59	0.00	0.00	2000
229	11.09	2073	2095	0.00	196	0	0	0	nan	0.00	0.00	4.58	84.27	88.91	0.00	42	0	43	0.00	0.00	65.30	7.49	0.00	0.00	2000
229	10.83	2105	2114	0.00	194	0	0	0	nan	0.00	0.00	4.02	85.84	89.17	0.00	42	0	43	0.00	0.00	65.13	7.38	0.00	0.00	2000
227	11.22	2042	2080	0.19	194	0	0	4	67.64	0.00	0.01	3.70	84.31	88.79	0.00	42	0	43	0.00	0.00	65.01	7.43	0.00	0.00	2000
229	11.25	2026	2109	1.23	195	0	0	3	77.15	0.00	0.00	4.60	84.65	88.75	0.00	41	0	43	0.00	0.00	65.34	7.53	0.00	0.00	2000
228	11.05	2068	2092	0.00	194	0	0	0	nan	0.00	0.00	4.23	84.34	88.95	0.00	42	0	43	0.00	0.00	65.23	7.43	0.00	0.00	2000
228	11.35	2070	2038	0.00	199	0	0	0	nan	0.00	0.00	5.66	80.44	88.65	0.00	42	0	43	0.00	0.00	63.08	6.91	0.00	0.00	2000
230	10.89	2033	2183	0.00	211	0	0	0	nan	0.00	0.00	3.71	89.08	89.11	0.00	42	0	43	0.00	0.00	65.59	8.03	0.00	0.00	2000
229	11.15	2084	2068	0.00	179	0	0	0	nan	0.00	0.00	3.38	84.22	88.85	0.00	42	0	43	0.00	0.00	66.70	7.65	0.00	0.00	2000
227	11.19	1998	2135	0.00	210	0	0	0	nan	0.00	0.00	4.62	85.84	88.81	0.00	41	0	43	0.00	0.00	63.24	7.16	0.00	0.00	2000
227	11.14	2060	2082	0.00	178	0	0	0	nan	0.00	0.00	3.40	84.78	88.86	0.00	42	0	43	0.00	0.00	66.81	7.66	0.00	0.00	2000
230	11.18	2038	2115	0.00	211	0	0	0	nan	0.00	0.00	4.65	84.88	88.82	0.00	42	0	43	0.00	0.00	63.04	7.18	0.00	0.00	2000
229	11.06	2081	2091	0.00	180	0	0	0	nan	0.00	0.00	3.58	85.08	88.94	0.00	42	0	43	0.00	0.00	64.56	7.31	0.00	0.00	2000
230	11.31	2026	2105	0.00	211	0	0	0	nan	0.00	0.00	4.41	84.63	88.69	0.00	41	0	43	0.00	0.00	65.20	7.60	0.00	0.00	2000
228	11.03	2075	2092	0.00	196	0	0	0	nan	0.00	0.02	3.57	85.13	88.97	0.00	42	0	43	0.00	0.00	64.69	7.38	0.00	0.00	2000
228	11.07	2055	2107	0.00	195	0	0	0	nan	0.00	0.00	4.39	84.95	88.94	0.00	42	0	43	0.00	0.00	66.16	7.73	0.00	0.00	2000
231	11.43	2032	2092	0.00	179	0	0	0	nan	0.00	0.00	3.93	84.42	88.57	0.00	42	0	43	0.00	0.00	63.79	7.22	0.00	0.00	2000
228	11.18	2014	2121	0.00	213	0	0	0	nan	0.00	0.00	4.33	85.47	88.82	0.00	41	0	43	0.00	0.00	66.27	7.58	0.00	0.00	2000
229	11.24	2059	2082	0.00	178	0	0	0	nan	0.00	0.02	3.30	84.83	88.76	0.00	42	0	43	0.00	0.00	61.23	7.36	0.00	0.00	2000
227	11.14	2041	2101	0.00	211	0	0	0	nan	0.00	0.00	4.15	84.80	88.86	0.00	42	0	43	0.00	0.00	68.99	7.34	0.00	0.00	2000
229	11.10	2084	2079	0.01	180	0	0	3	73.47	0.00	0.00	4.19	83.88	88.90	0.00	42	0	43	0.00	0.00	64.34	7.43	0.00	0.00	2000
230	11.23	2028	2121	1.40	212	0	0	4	77.36	0.00	0.03	5.70	84.06	88.77	0.00	42	0	43	0.00	0.00	66.21	7.50	0.00	0.00	2000
229	11.00	2092	2094	0.00	179	0	0	0	nan	0.00	0.00	4.40	84.37	89.00	0.00	42	0	43	0.00	0.00	65.87	7.62	0.00	0.00	2000
229	11.16	2042	2110	0.00	195	0	0	0	nan	0.00	0.00	4.21	85.17	88.84	0.00	42	0	43	0.00	0.00	64.88	7.25	0.00	0.00	2000
230	11.29	2035	2100	0.00	211	0	0	0	nan	0.00	0.00	3.65	85.23	88.71	0.00	42	0	43	0.00	0.00	64.72	7.40	0.00	0.00	2000
228	10.88	2087	2109	0.00	196	0	0	0	nan	0.00	0.02	4.80	84.83	89.12	0.00	42	0	43	0.00	0.00	66.05	7.41	0.00	0.00	2000
230	11.32	2056	2075	0.00	179	0	0	0	nan	0.00	0.02	3.27	84.43	88.68	0.00	41	0	43	0.00	0.00	64.56	7.31	0.00	0.00	2000
229	11.11	2031	2131	0.00	215	0	0	0	nan	0.00	0.05	5.67	84.65	88.89	0.00	42	0	43	0.00	0.00	66.25	7.50	0.00	0.00	2000
230	11.32	2052	2077	0.00	178	0	0	0	nan	0.00	0.00	3.08	84.69	88.68	0.00	42	0	43	0.00	0.00	64.61	7.42	0.00	0.00	2000
228	11.29	2006	2113	0.00	211	0	0	0	nan	0.00	0.00	5.51	83.84	88.71	0.00	42	0	43	0.00	0.00	65.65	7.38	0.00	0.00	2000
234	11.50	2041	2092	0.00	195	0	0	0	nan	0.00	0.00	4.78	83.42	88.50	0.00	42	0	43	0.00	0.00	64.73	7.38	0.00	0.00	2000
228	11.23	2034	2096	0.00	210	0	0	0	nan	0.00	0.00	4.41	84.24	88.77	0.00	41	0	43	0.00	0.00	65.22	7.38	0.00	0.00	2000
231	11.20	2070	2095	0.00	195	0	0	0	nan	0.00	0.00	4.79	83.84	88.80	0.00	42	0	43	0.00	0.00	64.93	7.43	0.00	0.00	2000
228	10.86	2084	2115	0.00	195	0	0	0	nan	0.00	0.00	5.44	84.50	89.14	0.00	42	0	43	0.00	0.00	65.30	7.49	0.00	0.00	2000
229	11.34	2016	2100	0.00	194	0	0	0	nan	0.00	0.00	4.22	84.61	88.66	0.00	42	0	43	0.00	0.00	64.97	7.58	0.00	0.00	2000
228	11.01	2069	2101	0.00	194	0	0	0	nan	0.00	0.00	4.21	84.96	88.99	0.00	42	0	43	0.00	0.00	65.31	7.46	0.00	0.00	2000
229	10.99	2087	2097	0.00	195	0	0	0	nan	0.00	0.01	4.30	84.68	89.01	0.00	42	0	43	0.00	0.00	65.08	7.60	0.00	0.00	2000
230	11.24	2049	2097	0.00	196	0	0	2	80.06	0.00	0.02	4.23	84.45	88.76	0.00	42	0	43	0.00	0.00	65.80	7.62	0.00	0.00	2000
229	11.05	2085	2091	1.33	179	0	0	5	75.65	0.00	0.00	4.02	84.59	88.95	0.00	42	0	43	0.00	0.00	65.12	7.42	0.00	0.00	2000
228	10.97	2061	2117	0.00	210	0	0	0	nan	0.01	0.00	4.61	85.23	89.03	0.00	42	0	43	0.00	0.00	65.94	7.66	0.00	0.00	2000
230	11.31	2053	2078	0.00	178	0	0	0	nan	0.00	0.00	3.85	83.97	88.69	0.00	42	0	43	0.00	0.00	64.76	7.52	0.00	0.00	2000
230	10.94	2081	2122	0.00	210	0	0	0	nan	0.00	0.00	5.06	85.01	89.06	0.00	42	0	43	0.00	0.00	66.05	7.46	0.00	0.00	2000
231	11.18	2083	2083	0.00	196	0	0	0	nan	0.00	0.00	4.86	83.27	88.82	0.00	41	0	43	0.00	0.00	65.26	7.66	0.00	0.00	2000
228	10.77	2101	2112	0.00	194	0	0	0	nan	0.00	0.00	5.42	84.45	89.23	0.00	41	0	43	0.00	0.00	65.69	7.57	0.00	0.00	2000
234	11.41	2046	2104	0.00	197	0	0	0	nan	0.00	0.00	6.59	82.26	88.59	0.00	41	0	43	0.00	0.00	65.34	7.57	0.00	0.00	2000
228	10.93	2077	2114	0.00	202	0	0	0	nan	0.00	0.00	5.04	84.67	89.07	0.00	42	0	43	0.00	0.00	67.49	7.81	0.00	0.00	2000
230	11.03	2086	2096	0.00	179	0	0	0	nan	0.00	0.02	3.78	85.14	88.97	0.00	42	0	43	0.00	0.00	65.39	7.54	0.00	0.00	2000
231	11.45	2047	2073	0.00	196	0	0	0	nan	0.00	0.02	3.49	83.93	88.55	0.00	41	0	43	0.00	0.00	63.54	7.10	0.00	0.00	2000
230	11.09	2067	2108	0.00	213	0	0	0	nan	0.00	0.00	4.79	84.45	88.91	0.00	41	0	43	0.00	0.00	65.44	7.48	0.00	0.00	2000
228	10.86	2111	2093	0.00	194	0	0	0	nan	0.00	0.00	4.41	84.49	89.14	0.00	42	0	43	0.00	0.00	65.01	7.55	0.00	0.00	2000
231	10.80	2120	2117	0.00	196	0	0	0	nan	0.00	0.00	5.21	84.78	89.20	0.00	42	0	43	0.00	0.00	66.28	7.46	0.00	0.00	2000
227	10.95	2093	2081	0.00	195	0	0	0	nan	0.00	0.00	3.93	84.34	89.05	0.00	42	0	43	0.00	0.00	65.17	7.37	0.00	0.00	2000
233	11.24	2045	2127	0.00	194	0	0	0	nan	0.00	0.00	5.90	84.01	88.76	0.00	42	0	43	0.00	0.00	65.04	7.45	0.00	0.00	2000
229	11.12	2071	2084	0.00	196	0	0	0	nan	0.00	0.00	3.79	84.50	88.88	0.00	42	0	43	0.00	0.00	65.31	7.48	0.00	0.00	2000
229	11.02	2071	2108	0.00	196	0	0	0	85.12	0.00	0.01	5.49	83.92	88.98	0.00	42	0	43	0.00	0.00	65.67	7.52	0.00	0.00	2000
228	11.02	2074	2096	1.43	178	0	0	6	74.58	0.00	0.00	4.03	84.80	88.98	0.00	42	0	42	0.00	0.00	65.20	7.59	0.00	0.00	2000
230	10.84	2125	2093	0.00	212	0	0	0	nan	0.00	0.03	4.81	84.09	89.16	0.00	42	0	43	0.00	0.00	59.72	7.54	0.00	0.00	2000
229	10.73	2136	2095	0.00	194	0	0	0	nan	0.00	0.00	4.70	84.38	89.27	0.00	41	0	43	0.00	0.00	70.86	7.30	0.00	0.00	2000
232	10.87	2122	2115	0.00	195	0	0	0	nan	0.00	0.01	5.40	84.42	89.13	0.00	42	0	43	0.00	0.00	65.25	7.38	0.00	0.00	2000
228	10.92	2087	2100	0.00	194	0	0	0	nan	0.00	0.00	4.28	84.82	89.08	0.00	42	0	43	0.00	0.00	65.37	7.47	0.00	0.00	2000
228	11.23	2031	2104	0.00	195	0	0	0	nan	0.00	0.00	4.66	84.46	88.77	0.00	42	0	43	0.00	0.00	64.93	7.30	0.00	0.00	2000
229	10.73	2143	2093	0.00	195	0	0	0	nan	0.00	0.00	4.12	84.91	89.27	0.00	42	0	43	0.00	0.00	65.57	7.43	0.00	0.00	2000
230	10.86	2107	2106	0.00	194	0	0	0	nan	0.00	0.00	4.83	84.68	89.14	0.00	42	0	43	0.00	0.00	65.05	7.38	0.00	0.00	2000
229	11.09	2086	2082	0.00	195	0	0	0	nan	0.00	0.00	3.72	84.53	88.91	0.00	41	0	43	0.00	0.00	63.40	7.08	0.00	0.00	2000
230	11.33	2018	2116	0.00	195	0	0	0	nan	0.00	0.00	5.88	83.58	88.67	0.00	41	0	43	0.00	0.00	67.64	7.73	0.00	0.00	2000
228	11.04	2084	2082	0.00	195	0	0	0	nan	0.00	0.00	4.13	84.04	88.96	0.00	42	0	42	0.00	0.00	62.70	7.08	0.00	0.00	2000
230	10.92	2082	2126	0.00	195	0	0	0	nan	0.00	0.00	5.58	84.65	89.08	0.00	42	0	43	0.00	0.00	68.48	7.81	0.00	0.00	2000
228	11.08	2069	2087	0.00	196	0	0	0	nan	0.00	0.00	5.07	83.33	88.92	0.00	42	0	43	0.00	0.00	65.38	7.41	0.00	0.00	2000
232	11.35	2044	2098	0.00	200	0	0	0	nan	0.00	0.00	6.11	82.57	88.65	0.00	42	0	43	0.00	0.00	65.82	7.55	0.00	0.00	2000
227	10.94	2069	2106	0.00	194	0	0	0	nan	0.00	0.00	5.11	84.30	89.06	0.00	42	0	43	0.00	0.00	62.58	7.16	0.00	0.00	2000
228	10.98	2075	2105	0.00	194	0	0	0	nan	0.00	0.00	5.08	84.28	89.02	0.00	42	0	43	0.00	0.00	68.56	7.87	0.00	0.00	2000
227	11.10	2056	2091	0.00	195	0	0	0	nan	0.00	0.00	4.53	84.03	88.90	0.00	41	0	43	0.00	0.00	62.46	7.32	0.00	0.00	2000
229	11.25	2039	2094	1.09	195	0	0	6	72.26	0.00	0.00	5.29	83.25	88.75	0.00	41	0	42	0.00	0.00	68.02	7.97	0.00	0.00	2000
231	10.73	2156	2094	0.37	195	0	0	0	nan	0.00	0.00	4.43	84.68	89.27	0.00	42	0	43	0.00	0.00	62.83	7.23	0.00	0.00	2000
230	10.92	2093	2118	0.00	194	0	0	0	nan	0.00	0.00	5.47	84.46	89.08	0.00	42	0	43	0.00	0.00	68.45	8.07	0.00	0.00	2000
227	11.28	2017	2097	0.00	195	0	0	0	nan	0.00	0.00	4.78	83.96	88.72	0.00	42	0	43	0.00	0.00	65.13	7.57	0.00	0.00	2000
229	11.02	2085	2092	0.00	195	0	0	0	nan	0.00	0.00	5.53	83.07	88.98	0.00	41	0	43	0.00	0.00	63.14	7.30	0.00	0.00	2000
228	11.05	2070	2094	0.00	195	0	0	0	nan	0.00	0.00	5.23	83.53	88.95	0.00	42	0	43	0.00	0.00	65.59	7.47	0.00	0.00	2000
232	11.18	2049	2121	0.00	195	0	0	0	nan	0.00	0.00	6.49	83.33	88.82	0.00	42	0	43	0.00	0.00	68.13	7.78	0.00	0.00	2000
228	11.09	2054	2101	0.00	196	0	0	0	nan	0.00	0.00	4.84	84.15	88.91	0.00	42	0	43	0.00	0.00	66.29	7.68	0.00	0.00	2000
229	11.15	2053	2098	0.00	195	0	0	0	nan	0.00	0.00	4.62	84.30	88.85	0.00	41	0	42	0.00	0.00	64.73	7.53	0.00	0.00	2000
228	10.94	2108	2080	0.00	197	0	0	0	nan	0.00	0.00	5.13	83.17	89.06	0.00	41	0	43	0.00	0.00	63.05	7.30	0.00	0.00	2000
230	10.92	2086	2118	0.00	196	0	0	0	nan	0.00	0.00	6.39	83.59	89.08	0.00	42	0	43	0.00	0.00	68.08	7.58	0.00	0.00	2000
228	10.88	2102	2093	0.00	195	0	0	0	nan	0.00	0.00	5.05	83.82	89.12	0.00	42	0	43	0.00	0.00	63.23	7.26	0.00	0.00	2000
231	10.98	2093	2108	0.00	196	0	0	0	nan	0.00	0.00	5.14	84.25	89.02	0.00	41	0	43	0.00	0.00	65.84	7.45	0.00	0.00	2000
227	10.93	2083	2098	0.00	195	0	0	0	nan	0.00	0.00	4.02	85.03	89.07	0.00	42	0	43	0.00	0.00	65.45	7.39	0.00	0.00	2000
228	11.10	2065	2089	0.00	194	0	0	0	nan	0.00	0.00	4.89	83.65	88.90	0.00	42	0	43	0.00	0.00	65.36	7.54	0.00	0.00	2000
228	11.11	2056	2095	0.00	194	0	0	0	nan	0.00	0.00	5.08	83.75	88.89	0.00	42	0	43	0.00	0.00	65.30	7.49	0.00	0.00	2000
230	10.92	2092	2114	0.00	197	0	0	0	nan	0.00	0.00	6.79	83.05	89.08	0.00	41	0	42	0.00	0.00	65.93	7.74	0.00	0.00	2000
229	11.35	2019	2101	0.76	197	0	0	6	70.12	0.00	0.00	5.16	83.59	88.65	0.00	41	0	43	0.00	0.00	65.16	7.49	0.00	0.00	2000
229	10.99	2072	2111	0.72	195	0	0	0	93.14	0.00	0.00	4.26	85.30	89.01	0.00	42	0	43	0.00	0.00	65.13	7.54	0.00	0.00	2000
230	11.13	2080	2085	0.00	194	0	0	0	nan	0.00	0.00	3.63	84.72	88.87	0.00	41	0	43	0.00	0.00	65.63	7.40	0.00	0.00	2000
229	11.34	2009	2114	0.00	195	0	0	0	nan	0.00	0.00	4.83	84.52	88.66	0.00	42	0	43	0.00	0.00	64.89	7.57	0.00	0.00	2000
227	11.17	2045	2089	0.00	195	0	0	0	nan	0.00	0.01	3.67	84.84	88.83	0.00	42	0	43	0.00	0.00	65.53	7.32	0.00	0.00	2000
230	11.14	2072	2092	0.00	195	0	0	0	nan	0.00	0.00	4.58	84.03	88.86	0.00	41	0	43	0.00	0.00	65.35	7.32	0.00	0.00	2000
228	10.95	2074	2103	0.00	194	0	0	0	nan	0.00	0.02	4.77	84.44	89.05	0.00	41	0	43	0.00	0.00	65.96	7.56	0.00	0.00	2000
229	11.17	2040	2109	0.00	196	0	0	0	nan	0.00	0.00	4.99	84.38	88.83	0.00	42	0	43	0.00	0.00	65.06	7.46	0.00	0.00	2000
228	11.15	2065	2081	0.00	195	0	0	0	nan	0.00	0.00	3.73	84.49	88.85	0.00	41	0	43	0.00	0.00	64.90	7.50	0.00	0.00	2000
228	11.34	2001	2115	0.00	194	0	0	0	nan	0.00	0.00	5.07	84.40	88.66	0.00	42	0	43	0.00	0.00	65.08	7.46	0.00	0.00	2000
228	11.20	2049	2090	0.00	193	0	0	0	nan	0.00	0.02	4.33	84.12	88.80	0.00	42	0	43	0.00	0.00	65.10	7.44	0.00	0.00	2000
230	11.26	2045	2102	0.00	197	0	0	0	nan	0.00	0.00	4.88	84.12	88.74	0.00	42	0	43	0.00	0.00	65.46	7.44	0.00	0.00	2000
228	11.26	2028	2095	0.00	196	0	0	0	nan	0.00	0.00	4.68	83.95	88.74	0.00	42	0	43	0.00	0.00	65.11	7.49	0.00	0.00	2000
229	10.93	2070	2126	0.00	194	0	0	0	nan	0.00	0.00	4.93	85.36	89.07	0.00	42	0	43	0.00	0.00	65.49	7.50	0.00	0.00	2000
227	11.12	2072	2071	0.00	194	0	0	0	nan	0.00	0.02	3.47	84.28	88.88	0.00	41	0	43	0.00	0.00	64.91	7.47	0.00	0.00	2000
229	11.08	2054	2116	0.00	196	0	0	0	nan	0.00	0.02	5.55	84.19	88.92	0.00	42	0	43	0.00	0.00	65.29	7.46	0.00	0.00	2000
229	10.94	2110	2084	0.00	195	0	0	0	nan	0.00	0.01	4.33	84.10	89.06	0.00	41	0	43	0.00	0.00	62.95	7.54	0.00	0.00	2000
228	11.16	2028	2117	0.43	194	0	0	5	74.65	0.00	0.00	4.77	84.90	88.84	0.00	42	0	43	0.00	0.00	65.47	7.48	0.00	0.00	2000
229	11.12	2056	2098	1.05	194	0	0	3	81.56	0.00	0.00	3.92	85.04	88.88	0.00	42	0	43	0.00	0.00	68.33	7.07	0.00	0.00	2000
231	11.25	2058	2097	0.00	198	0	0	0	nan	0.00	0.00	5.25	83.59	88.75	0.00	41	0	43	0.00	0.00	62.69	7.33	0.00	0.00	2000
228	11.15	2054	2088	0.00	195	0	0	0	nan	0.00	0.00	4.27	84.18	88.85	0.00	42	0	43	0.00	0.00	65.22	7.47	0.00	0.00	2000
230	11.25	2026	2121	0.00	196	0	0	0	nan	0.00	0.00	5.36	84.37	88.75	0.00	42	0	43	0.00	0.00	65.54	7.34	0.00	0.00	2000
230	10.98	2111	2079	0.00	204	0	0	0	nan	0.00	0.02	5.21	82.92	89.02	0.00	42	0	42	0.00	0.00	66.17	7.45	0.00	0.00	2000
229	10.95	2077	2118	0.00	201	0	0	0	nan	0.00	0.02	5.24	84.78	89.05	0.00	42	0	42	0.00	0.00	65.37	7.59	0.00	0.00	2000
229	11.17	2063	2084	0.00	196	0	0	0	nan	0.00	0.01	4.04	84.13	88.83	0.00	42	0	43	0.00	0.00	65.81	7.52	0.00	0.00	2000
230	10.99	2084	2104	0.00	195	0	0	0	nan	0.00	0.00	5.44	83.83	89.01	0.00	42	0	43	0.00	0.00	65.43	7.30	0.00	0.00	2000
230	11.14	2070	2093	0.00	195	0	0	0	nan	0.00	0.00	5.08	83.59	88.86	0.00	42	0	43	0.00	0.00	65.57	7.43	0.00	0.00	2000
230	10.87	2105	2107	0.00	195	0	0	0	nan	0.00	0.00	5.07	84.47	89.13	0.00	42	0	43	0.00	0.00	65.71	7.42	0.00	0.00	2000
227	11.02	2062	2100	0.00	195	0	0	0	nan	0.00	0.00	4.89	84.21	88.98	0.00	41	0	43	0.00	0.00	65.52	7.39	0.00	0.00	2000
228	10.98	2068	2110	0.00	194	0	0	0	nan	0.00	0.00	4.75	84.77	89.02	0.00	42	0	43	0.00	0.00	65.48	7.48	0.00	0.00	2000
228	10.87	2116	2085	0.00	194	0	0	0	nan	0.00	0.00	3.81	84.68	89.13	0.00	41	0	43	0.00	0.00	65.71	7.69	0.00	0.00	2000
231	11.19	2040	2128	0.00	195	0	0	0	nan	0.00	0.00	4.63	85.44	88.81	0.00	42	0	43	0.00	0.00	65.54	7.37	0.00	0.00	2000
228	11.11	2072	2081	0.00	196	0	0	0	nan	0.00	0.00	4.00	84.11	88.89	0.00	42	0	43	0.00	0.00	65.62	7.60	0.00	0.00	2000
229	11.16	2040	2108	0.00	194	0	0	0	nan	0.01	0.00	5.04	84.25	88.84	0.00	42	0	43	0.00	0.00	65.03	7.31	0.00	0.00	2000
228	10.97	2082	2091	0.01	194	0	0	4	76.04	0.00	0.01	4.44	84.36	89.03	0.00	41	0	43	0.00	0.00	65.23	7.36	0.00	0.00	2000
229	11.03	2062	2118	1.40	195	0	0	4	78.84	0.00	0.00	4.81	84.98	88.97	0.00	41	0	43	0.00	0.00	65.93	7.60	0.00	0.00	2000
230	11.24	2074	2073	0.00	195	0	0	0	nan	0.00	0.04	3.98	83.70	88.76	0.00	42	0	43	0.00	0.00	65.08	7.52	0.00	0.00	2000
231	11.11	2076	2105	0.00	196	0	0	0	nan	0.00	0.00	4.86	84.33	88.89	0.00	41	0	43	0.00	0.00	65.16	7.58	0.00	0.00	2000
228	10.63	2137	2106	0.00	194	0	0	0	nan	0.00	0.00	4.83	84.90	89.37	0.00	42	0	43	0.00	0.00	65.72	7.56	0.00	0.00	2000
235	10.99	2134	2104	0.00	196	0	0	0	nan	0.00	0.02	5.14	84.07	89.01	0.00	42	0	43	0.00	0.00	66.02	7.51	0.00	0.00	2000
228	10.92	2095	2096	0.00	198	0	0	0	nan	0.00	0.01	6.25	82.76	89.08	0.00	42	0	43	0.00	0.00	65.73	7.60	0.00	0.00	2000
229	10.90	2105	2096	0.00	195	0	0	0	nan	0.00	0.01	4.90	84.02	89.10	0.00	42	0	43	0.00	0.00	65.56	7.56	0.00	0.00	2000
230	11.17	2061	2095	0.00	195	0	0	0	nan	0.00	0.00	4.61	84.11	88.83	0.00	42	0	43	0.00	0.00	65.33	7.56	0.00	0.00	2000
229	11.16	2039	2114	0.00	193	0	0	0	nan	0.00	0.01	4.99	84.57	88.84	0.00	42	0	43	0.00	0.00	65.54	7.58	0.00	0.00	2000
229	11.10	2066	2098	0.00	195	0	0	0	nan	0.00	0.00	5.01	83.84	88.90	0.00	41	0	42	0.00	0.00	65.24	7.49	0.00	0.00	2000
228	11.08	2054	2103	0.00	195	0	0	0	nan	0.00	0.00	4.75	84.37	88.92	0.00	42	0	42	0.00	0.00	65.86	7.75	0.00	0.00	2000
227	11.14	2047	2090	0.00	195	0	0	0	nan	0.00	0.00	4.32	84.16	88.86	0.00	41	0	43	0.00	0.00	65.59	7.53	0.00	0.00	2000
232	11.30	2056	2098	0.00	195	0	0	0	nan	0.00	0.00	5.12	83.58	88.70	0.00	42	0	43	0.00	0.00	65.46	7.47	0.00	0.00	2000
229	11.21	2046	2095	0.00	194	0	0	0	nan	0.00	0.00	4.80	83.84	88.79	0.00	42	0	43	0.00	0.00	65.65	7.48	0.00	0.00	2000
230	11.26	2031	2115	0.00	196	0	0	0	nan	0.00	0.00	5.59	83.88	88.74	0.00	41	0	43	0.00	0.00	65.43	7.48	0.00	0.00	2000
228	11.22	2053	2081	0.00	195	0	0	0	nan	0.00	0.00	4.23	83.86	88.78	0.00	42	0	43	0.00	0.00	65.59	7.43	0.00	0.00	2000
229	10.97	2075	2110	0.00	195	0	0	2	80.24	0.00	0.00	5.27	84.29	89.03	0.00	42	0	43	0.00	0.00	65.57	7.47	0.00	0.00	2000
230	10.97	2103	2098	1.35	195	0	0	5	77.51	0.00	0.02	4.81	84.17	89.03	0.00	42	0	43	0.00	0.00	65.19	7.63	0.00	0.00	2000
230	10.83	2119	2106	0.00	195	0	0	0	nan	0.00	0.00	5.06	84.44	89.17	0.00	41	0	43	0.00	0.00	65.29	7.38	0.00	0.00	2000
229	11.31	2021	2101	0.00	194	0	0	0	nan	0.00	0.00	4.49	84.35	88.70	0.00	42	0	43	0.00	0.00	65.17	7.50	0.00	0.00	2000
230	10.87	2099	2114	0.00	194	0	0	0	nan	0.00	0.00	4.08	85.60	89.13	0.00	42	0	43	0.00	0.00	65.87	7.35	0.00	0.00	2000
227	11.28	2027	2085	0.00	194	0	0	0	nan	0.00	0.00	3.77	84.45	88.72	0.00	42	0	43	0.00	0.00	64.85	7.54	0.00	0.00	2000
230	11.22	2041	2110	0.00	195	0	0	0	nan	0.00	0.00	4.85	84.46	88.78	0.00	42	0	43	0.00	0.00	65.19	7.54	0.00	0.00	2000
229	11.19	2050	2096	0.00	196	0	0	0	nan	0.00	0.00	4.07	84.65	88.81	0.00	41	0	43	0.00	0.00	65.27	7.37	0.00	0.00	2000
230	11.20	2048	2100	0.00	194	0	0	0	nan	0.00	0.00	4.17	84.75	88.80	0.00	42	0	43	0.00	0.00	64.83	7.45	0.00	0.00	2000
229	11.29	2033	2096	0.00	197	0	0	0	nan	0.00	0.00	4.24	84.35	88.71	0.00	42	0	42	0.00	0.00	65.18	7.44	0.00	0.00	2000
229	10.95	2085	2107	0.00	197	0	0	0	nan	0.00	0.00	4.57	84.86	89.05	0.00	42	0	43	0.00	0.00	65.10	7.51	0.00	0.00	2000
228	10.68	2142	2091	0.00	194	0	0	0	nan	0.00	0.00	4.17	84.82	89.32	0.00	42	0	43	0.00	0.00	65.46	7.55	0.00	0.00	2000
231	11.06	2091	2095	0.00	195	0	0	0	nan	0.00	0.00	4.47	84.22	88.94	0.00	41	0	43	0.00	0.00	65.77	7.30	0.00	0.00	2000
228	10.69	2123	2105	0.00	194	0	0	0	nan	0.00	0.02	4.43	85.21	89.31	0.00	42	0	43	0.00	0.00	63.04	7.25	0.00	0.00	2000
229	11.20	2038	2103	0.00	195	0	0	0	nan	0.03	0.01	4.16	84.79	88.80	0.00	42	0	43	0.00	0.00	68.26	7.93	0.00	0.00	2000
229	11.01	2086	2097	0.00	195	0	0	0	nan	0.00	0.00	4.08	84.86	88.99	0.00	42	0	43	0.00	0.00	62.87	7.08	0.00	0.00	2000
229	11.14	2061	2095	0.00	195	0	0	0	nan	0.00	0.00	4.18	84.52	88.86	0.00	41	0	43	0.00	0.00	67.97	7.88	0.00	0.00	2000
230	11.13	2070	2092	0.00	196	0	0	0	87.62	0.00	0.00	5.52	83.12	88.87	0.00	41	0	43	0.00	0.00	62.66	7.02	0.00	0.00	2000
232	11.18	2054	2118	1.42	194	0	0	6	76.11	0.00	0.00	5.11	84.61	88.82	0.00	42	0	43	0.00	0.00	68.04	7.73	0.00	0.00	2000
229	11.09	2075	2085	0.00	194	0	0	0	nan	0.00	0.00	4.49	83.80	88.91	0.00	42	0	43	0.00	0.00	66.04	7.48	0.00	0.00	2000
229	10.80	2101	2118	0.00	194	0	0	0	nan	0.00	0.01	5.04	85.02	89.20	0.00	42	0	43	0.00	0.00	65.75	7.36	0.00	0.00	2000
228	10.80	2118	2097	0.00	194	0	0	0	nan	0.00	0.00	4.12	85.07	89.20	0.00	41	0	43	0.00	0.00	65.45	7.45	0.00	0.00	2000
231	11.03	2109	2090	0.00	195	0	0	0	nan	0.00	0.00	4.52	84.11	88.97	0.00	42	0	43	0.00	0.00	62.87	7.11	0.00	0.00	2000
228	10.78	2118	2093	0.00	195	0	0	0	nan	0.00	0.00	4.80	84.17	89.22	0.00	42	0	43	0.00	0.00	65.48	7.51	0.00	0.00	2000
230	11.20	2045	2109	0.00	198	0	0	0	nan	0.00	0.00	6.33	83.01	88.80	0.00	41	0	43	0.00	0.00	68.26	7.52	0.00	0.00	2000
228	10.87	2090	2105	0.00	195	0	0	0	nan	0.00	0.00	4.91	84.53	89.13	0.00	42	0	43	0.00	0.00	62.56	7.37	0.00	0.00	2000
228	11.33	2007	2106	0.00	194	0	0	0	nan	0.00	0.00	4.40	84.65	88.67	0.00	41	0	43	0.00	0.00	67.67	7.46	0.00	0.00	2000
230	11.28	2036	2102	0.00	195	0	0	0	nan	0.00	0.00	4.52	84.38	88.72	0.00	42	0	43	0.00	0.00	64.80	7.64	0.00	0.00	2000
229	11.22	2061	2085	0.00	195	0	0	0	nan	0.00	0.00	4.03	84.16	88.78	0.00	42	0	43	0.00	0.00	63.17	7.09	0.00	0.00	2000
227	11.00	2062	2104	0.00	194	0	0	0	nan	0.00	0.00	5.30	83.96	89.00	0.00	42	0	43	0.00	0.00	65.36	7.39	0.00	0.00	2000
229	11.20	2037	2110	0.00	198	0	0	0	nan	0.00	0.02	5.87	83.45	88.80	0.00	42	0	43	0.00	0.00	65.03	7.48	0.00	0.00	2000
227	11.10	2052	2096	0.00	196	0	0	0	nan	0.00	0.02	4.68	84.26	88.90	0.00	41	0	43	0.00	0.00	66.19	7.28	0.00	0.00	2000
229	11.17	2051	2097	0.00	195	0	0	0	nan	0.00	0.00	4.18	84.61	88.83	0.00	41	0	43	0.00	0.00	64.27	7.29	0.00	0.00	2000
229	11.23	2048	2094	0.00	195	0	0	0	nan	0.00	0.00	4.27	84.36	88.77	0.00	41	0	43	0.00	0.00	65.04	7.68	0.00	0.00	2000
229	10.90	2090	2108	0.00	195	0	0	0	nan	0.00	0.00	4.76	84.78	89.10	0.00	42	0	43	0.00	0.00	65.19	7.41	0.00	0.00	2000
229	11.29	2036	2097	1.11	198	0	0	6	73.67	0.00	0.00	5.13	83.60	88.71	0.00	42	0	43	0.00	0.00	65.94	7.48	0.00	0.00	2000
229	11.11	2062	2098	0.38	195	0	0	0	nan	0.00	0.00	4.43	84.42	88.89	0.00	42	0	43	0.00	0.00	65.54	7.46	0.00	0.00	2000
227	11.06	2059	2095	0.00	194	0	0	0	nan	0.00	0.00	5.01	83.81	88.94	0.00	41	0	43	0.00	0.00	65.67	7.43	0.00	0.00	2000
231	11.00	2077	2119	0.00	195	0	0	0	nan	0.01	0.00	4.44	85.44	89.00	0.00	41	0	43	0.00	0.00	66.12	7.60	0.00	0.00	2000
227	11.43	2027	2060	0.00	178	0	0	0	nan	0.00	0.01	3.85	83.23	88.57	0.00	41	0	43	0.00	0.00	64.32	7.39	0.00	0.00	2000
229	11.14	2025	2135	0.00	211	0	0	0	nan	0.00	0.01	4.54	85.94	88.86	0.00	42	0	43	0.00	0.00	65.30	7.75	0.00	0.00	2000
228	11.13	2048	2097	0.00	194	0	0	0	nan	0.00	0.00	4.29	84.54	88.87	0.00	41	0	43	0.00	0.00	64.95	7.34	0.00	0.00	2000
229	11.02	2070	2112	0.00	194	0	0	0	nan	0.00	0.00	4.44	85.17	88.98	0.00	42	0	43	0.00	0.00	65.51	7.43	0.00	0.00	2000
230	11.47	2032	2072	0.00	195	0	0	0	nan	0.00	0.00	4.25	83.29	88.53	0.00	42	0	43	0.00	0.00	64.77	7.52	0.00	0.00	2000
230	11.22	2028	2121	0.00	195	0	0	0	nan	0.00	0.00	5.21	84.67	88.78	0.00	42	0	43	0.00	0.00	65.42	7.57	0.00	0.00	2000
229	10.95	2106	2088	0.00	194	0	0	0	nan	0.00	0.00	4.19	84.45	89.05	0.00	42	0	43	0.00	0.00	65.01	7.36	0.00	0.00	2000
229	10.95	2090	2099	0.00	195	0	0	0	nan	0.00	0.00	4.71	84.32	89.05	0.00	41	0	43	0.00	0.00	65.18	7.43	0.00	0.00	2000
227	11.21	2016	2107	0.00	194	0	0	0	nan	0.00	0.00	4.98	84.18	88.79	0.00	42	0	43	0.00	0.00	64.66	7.51	0.00	0.00	2000
230	11.58	1987	2102	0.00	197	0	0	0	nan	0.00	0.00	4.94	83.60	88.42	0.00	42	0	43	0.00	0.00	65.33	7.48	0.00	0.00	2000
227	11.00	2070	2095	0.00	178	0	0	0	nan	0.00	0.01	4.34	84.54	89.00	0.00	42	0	43	0.00	0.00	64.67	7.29	0.00	0.00	2000
230	11.17	2050	2107	0.00	213	0	0	0	nan	0.00	0.03	4.70	84.49	88.83	0.00	42	0	43	0.00	0.00	65.29	7.38	0.00	0.00	2000
229	11.23	2051	2083	0.00	194	0	0	0	nan	0.00	0.00	4.26	83.83	88.77	0.00	41	0	42	0.00	0.00	65.18	7.48	0.00	0.00	2000
231	10.86	2116	2109	0.75	196	0	0	6	73.74	0.00	0.00	5.96	83.63	89.14	0.00	41	0	43	0.00	0.00	65.56	7.37	0.00	0.00	2000
228	11.11	2064	2093	0.72	195	0	0	0	94.80	0.00	0.00	4.75	83.91	88.89	0.00	42	0	43	0.00	0.00	65.57	7.25	0.00	0.00	2000
230	11.07	2074	2105	0.00	195	0	0	0	nan	0.00	0.00	5.00	84.17	88.93	0.00	42	0	43	0.00	0.00	64.94	7.54	0.00	0.00	2000
228	11.17	2035	2104	0.00	195	0	0	0	nan	0.00	0.00	4.80	84.31	88.83	0.00	41	0	43	0.00	0.00	65.06	7.45	0.00	0.00	2000
229	11.15	2058	2094	0.00	196	0	0	0	nan	0.00	0.00	4.63	84.09	88.85	0.00	42	0	43	0.00	0.00	61.66	6.92	0.00	0.00	2000
229	10.99	2063	2116	0.00	195	0	0	0	nan	0.00	0.00	5.29	84.58	89.01	0.00	41	0	43	0.00	0.00	65.32	7.52	0.00	0.00	2000
229	11.01	2101	2080	0.00	195	0	0	0	nan	0.00	0.00	4.06	84.18	88.99	0.00	42	0	43	0.00	0.00	64.54	7.35	0.00	0.00	2000
230	10.81	2128	2099	0.00	195	0	0	0	nan	0.00	0.02	5.00	84.24	89.19	0.00	42	0	43	0.00	0.00	65.47	7.36	0.00	0.00	2000
229	11.02	2062	2117	0.00	196	0	0	0	nan	0.00	0.00	4.82	84.97	88.98	0.00	42	0	43	0.00	0.00	64.72	7.24	0.00	0.00	2000
233	11.19	2097	2084	0.00	211	0	0	0	nan	0.00	0.02	7.40	80.71	88.81	0.00	42	0	43	0.00	0.00	65.25	7.40	0.00	0.00	2000
229	11.10	2052	2114	0.00	195	0	0	0	nan	0.00	0.00	4.73	84.84	88.90	0.00	42	0	43	0.00	0.00	65.04	7.42	0.00	0.00	2000
228	11.19	2052	2086	0.00	193	0	0	0	nan	0.00	0.00	4.01	84.30	88.81	0.00	42	0	43	0.00	0.00	64.83	7.41	0.00	0.00	2000
231	11.25	2037	2117	0.00	197	0	0	0	nan	0.00	0.00	5.37	84.18	88.75	0.00	42	0	43	0.00	0.00	65.32	7.47	0.00	0.00	2000
228	11.14	2054	2094	0.00	194	0	0	0	nan	0.00	0.00	4.24	84.45	88.86	0.00	42	0	43	0.00	0.00	65.18	7.63	0.00	0.00	2000
228	11.16	2039	2103	0.00	194	0	0	0	nan	0.00	0.00	4.60	84.49	88.84	0.00	42	0	43	0.00	0.00	64.87	7.22	0.00	0.00	2000
228	11.17	2057	2086	0.00	194	0	0	0	nan	0.00	0.00	4.38	83.87	88.83	0.00	42	0	43	0.00	0.00	64.65	7.50	0.00	0.00	2000
229	10.82	2094	2127	0.00	195	0	0	0	nan	0.00	0.00	5.09	85.35	89.18	0.00	41	0	43	0.00	0.00	65.08	7.41	0.00	0.00	2000
230	11.26	2074	2072	0.43	196	0	0	5	77.00	0.01	0.01	3.87	83.74	88.74	0.00	41	0	43	0.00	0.00	64.74	7.33	0.00	0.00	2000
230	10.98	2080	2111	1.05	195	0	0	3	80.62	0.00	0.02	4.94	84.58	89.02	0.00	42	0	43	0.00	0.00	65.42	7.37	0.00	0.00	2000
234	11.13	2100	2102	0.00	197	0	0	0	nan	0.00	0.00	5.53	83.38	88.87	0.00	42	0	43	0.00	0.00	65.66	7.45	0.00	0.00	2000
229	11.42	2012	2095	0.00	195	0	0	0	nan	0.00	0.00	4.54	83.89	88.58	0.00	42	0	43	0.00	0.00	64.82	7.39	0.00	0.00	2000
229	11.24	2031	2105	0.00	196	0	0	0	nan	0.00	0.02	4.88	84.17	88.76	0.00	42	0	43	0.00	0.00	64.81	7.57	0.00	0.00	2000
230	10.90	2116	2096	0.00	194	0	0	0	nan	0.00	0.00	4.52	84.38	89.10	0.00	42	0	43	0.00	0.00	64.98	7.62	0.00	0.00	2000
228	10.86	2108	2093	0.00	194	0	0	0	nan	0.00	0.00	4.54	84.32	89.14	0.00	42	0	43	0.00	0.00	65.56	7.49	0.00	0.00	2000
229	11.11	2047	2114	0.00	195	0	0	0	nan	0.00	0.00	5.19	84.40	88.89	0.00	41	0	43	0.00	0.00	64.68	7.46	0.00	0.00	2000
228	11.17	2045	2098	0.00	196	0	0	0	nan	0.00	0.00	4.34	84.45	88.83	0.00	42	0	43	0.00	0.00	65.40	7.44	0.00	0.00	2000
228	11.02	2072	2100	0.00	194	0	0	0	nan	0.00	0.00	4.38	84.59	88.98	0.00	42	0	43	0.00	0.00	65.48	7.49	0.00	0.00	2000
228	11.21	2049	2084	0.00	195	0	0	0	nan	0.00	0.00	4.44	83.68	88.79	0.00	42	0	43	0.00	0.00	64.89	7.51	0.00	0.00	2000
231	10.94	2099	2114	0.00	195	0	0	0	nan	0.00	0.00	5.15	84.56	89.06	0.00	42	0	42	0.00	0.00	65.67	7.56	0.00	0.00	2000
229	11.26	2031	2099	0.00	195	0	0	0	nan	0.00	0.00	4.60	84.17	88.74	0.00	42	0	43	0.00	0.00	65.10	7.46	0.00	0.00	2000
229	11.28	2034	2096	0.00	195	0	0	0	nan	0.00	0.00	4.54	84.06	88.72	0.00	41	0	43	0.00	0.00	65.64	7.49	0.00	0.00	2000
227	10.82	2095	2104	0.00	194	0	0	0	nan	0.00	0.02	4.72	84.65	89.18	0.00	42	0	43	0.00	0.00	65.47	7.49	0.00	0.00	2000
229	10.82	2107	2107	0.00	195	0	0	0	nan	0.00	0.01	4.51	84.93	89.18	0.00	42	0	43	0.00	0.00	65.75	7.47	0.00	0.00	2000
231	11.18	2072	2094	0.00	196	0	0	0	nan	0.00	0.02	4.74	83.86	88.82	0.00	41	0	43	0.00	0.00	65.05	7.26	0.00	0.00	2000
228	11.10	2049	2103	0.01	194	0	0	4	76.93	0.00	0.00	4.11	85.01	88.90	0.00	42	0	42	0.00	0.00	65.39	7.51	0.00	0.00	2000
228	11.14	2048	2103	1.29	193	0	0	10	29.51	0.00	0.00	4.34	84.70	88.86	0.00	42	0	42	0.00	0.00	66.87	7.69	0.00	0.00	2000
229	11.02	2086	2091	0.00	179	0	0	0	nan	0.00	0.03	3.92	84.74	88.98	0.00	42	0	43	0.00	0.00	64.27	7.26	0.00	0.00	2000
228	10.99	2064	2108	0.00	210	0	0	0	nan	0.00	0.00	4.69	84.72	89.01	0.00	41	0	43	0.00	0.00	65.31	7.46	0.00	0.00	2000
231	10.95	2118	2091	0.00	197	0	0	0	nan	0.00	0.00	5.06	83.60	89.05	0.00	41	0	43	0.00	0.00	65.20	7.41	0.00	0.00	2000
230	11.03	2077	2108	0.00	197	0	0	0	nan	0.00	0.00	6.16	83.23	88.97	0.00	42	0	43	0.00	0.00	65.08	7.26	0.00	0.00	2000
231	10.91	2113	2103	0.00	197	0	0	0	nan	0.00	0.00	4.89	84.39	89.09	0.00	42	0	42	0.00	0.00	65.35	7.36	0.00	0.00	2000
229	10.85	2115	2093	0.00	195	0	0	0	nan	0.00	0.00	4.25	84.72	89.15	0.00	42	0	43	0.00	0.00	65.67	7.30	0.00	0.00	2000
229	10.98	2085	2098	0.00	196	0	0	0	nan	0.00	0.00	5.13	83.82	89.02	0.00	42	0	42	0.00	0.00	65.38	7.43	0.00	0.00	2000
230	10.97	2106	2091	0.00	195	0	0	0	nan	0.00	0.00	5.12	83.60	89.03	0.00	42	0	43	0.00	0.00	65.10	7.42	0.00	0.00	2000
229	10.82	2106	2111	0.00	195	0	0	0	nan	0.00	0.00	4.95	84.71	89.18	0.00	42	0	43	0.00	0.00	62.86	7.01	0.00	0.00	2000
227	11.03	2055	2106	0.00	194	0	0	0	nan	0.00	0.00	4.30	85.05	88.97	0.00	41	0	43	0.00	0.00	67.68	7.89	0.00	0.00	2000
229	11.18	2056	2089	0.00	195	0	0	0	nan	0.00	0.00	4.45	83.93	88.82	0.00	42	0	43	0.00	0.00	64.93	7.35	0.00	0.00	2000
227	11.03	2053	2106	0.00	193	0	0	0	nan	0.00	0.00	4.57	84.79	88.97	0.00	42	0	43	0.00	0.00	65.56	7.45	0.00	0.00	2000
231	11.26	2034	2116	0.00	195	0	0	0	nan	0.00	0.00	4.67	84.86	88.74	0.00	42	0	43	0.00	0.00	64.94	7.60	0.00	0.00	2000
227	11.04	2072	2087	0.00	196	0	0	0	nan	0.00	0.00	3.80	84.66	88.96	0.00	42	0	43	0.00	0.00	65.35	7.73	0.00	0.00	2000
231	11.11	2081	2094	0.00	195	0	0	0	nan	0.00	0.00	4.66	84.07	88.89	0.00	42	0	43	0.00	0.00	65.18	7.43	0.00	0.00	2000
227	11.26	2014	2103	0.00	195	0	0	2	79.00	0.00	0.00	4.61	84.36	88.74	0.00	42	0	43	0.00	0.00	64.83	7.50	0.00	0.00	2000
231	11.23	2049	2107	1.35	195	0	0	7	79.61	0.00	0.00	4.39	84.80	88.77	0.00	42	0	43	0.00	0.00	65.23	7.35	0.00	0.00	2000
228	10.87	2114	2082	0.00	195	0	0	0	nan	0.00	0.00	4.13	84.31	89.13	0.00	42	0	43	0.00	0.00	62.29	7.10	0.00	0.00	2000
231	11.27	2024	2126	0.00	197	0	0	0	nan	0.00	0.00	5.48	84.39	88.73	0.00	42	0	42	0.00	0.00	68.05	7.72	0.00	0.00	2000
228	11.17	2051	2087	0.00	195	0	0	0	nan	0.00	0.00	4.25	84.13	88.83	0.00	42	0	42	0.00	0.00	62.76	7.12	0.00	0.00	2000
230	11.11	2066	2102	0.00	198	0	0	0	nan	0.00	0.00	4.43	84.60	88.89	0.00	41	0	43	0.00	0.00	68.10	7.69	0.00	0.00	2000
227	11.08	2054	2095	0.00	194	0	0	0	nan	0.00	0.00	3.98	84.79	88.92	0.00	42	0	42	0.00	0.00	62.46	7.00	0.00	0.00	2000
228	11.23	2036	2096	0.00	195	0	0	0	nan	0.00	0.00	4.65	84.00	88.77	0.00	42	0	43	0.00	0.00	65.23	7.35	0.00	0.00	2000
231	11.14	2069	2102	0.00	196	0	0	0	nan	0.00	0.00	5.05	83.96	88.86	0.00	42	0	43	0.00	0.00	65.86	7.28	0.00	0.00	2000
231	11.20	2061	2099	0.00	197	0	0	0	nan	0.00	0.00	5.09	83.68	88.80	0.00	42	0	42	0.00	0.00	65.87	7.26	0.00	0.00	2000
228	11.08	2053	2101	0.00	194	0	0	0	nan	0.00	0.00	4.64	84.47	88.92	0.00	42	0	42	0.00	0.00	65.34	7.39	0.00	0.00	2000
229	10.93	2076	2117	0.00	194	0	0	0	nan	0.00	0.00	4.76	85.09	89.07	0.00	42	0	43	0.00	0.00	65.31	7.29	0.00	0.00	2000
226	11.08	2080	2058	0.00	195	0	0	0	nan	0.00	0.00	4.84	82.39	88.92	0.00	39	0	42	0.00	0.00	64.58	7.24	0.00	0.00	2000
224	10.71	2074	2116	0.00	195	0	0	0	nan	0.00	0.01	3.35	86.74	89.29	0.00	40	0	43	0.00	0.00	65.50	7.36	0.00	0.00	2000
222	10.43	2100	2129	0.00	194	0	0	0	nan	0.00	0.00	3.44	87.46	89.57	0.00	40	0	43	0.00	0.00	66.91	7.39	0.00	0.00	2000
220	10.59	2132	2049	0.00	203	0	0	0	nan	0.00	0.00	4.32	82.96	89.41	0.00	41	0	42	0.00	0.00	64.39	7.84	0.00	0.00	2000
221	10.83	2016	2129	0.00	195	0	0	0	nan	0.01	0.03	2.96	87.50	89.17	0.00	41	0	43	0.00	0.00	65.01	7.34	0.00	0.00	2000
220	10.67	2036	2129	0.00	195	0	0	1	90.49	0.00	0.06	2.82	87.83	89.33	0.00	41	0	43	0.00	0.00	65.86	7.47	0.00	0.00	2000
221	10.68	2075	2096	0.70	195	0	0	5	85.94	0.00	0.00	2.87	86.37	89.32	0.00	41	0	43	0.00	0.00	65.42	7.42	0.00	0.00	2000
220	10.80	2036	2104	0.00	192	0	0	0	nan	0.00	0.00	2.97	86.50	89.20	0.00	41	0	43	0.00	0.00	66.27	7.93	0.00	0.00	2000
221	10.79	2050	2098	0.00	195	0	0	0	nan	0.00	0.00	2.89	86.35	89.21	0.00	41	0	43	0.00	0.00	61.23	7.49	0.00	0.00	2000
222	10.82	2052	2100	0.00	196	0	0	0	nan	0.00	0.03	2.81	86.53	89.18	0.00	41	0	42	0.00	0.00	67.66	8.20	0.00	0.00	2000
219	10.95	2046	2054	0.00	195	0	0	0	nan	0.00	0.02	2.76	84.47	89.05	0.00	41	0	43	0.00	0.00	65.82	8.23	0.00	0.00	2000
220	11.01	2031	2070	0.00	212	0	0	0	nan	0.00	0.00	3.20	84.62	88.99	0.00	40	0	43	0.00	0.00	65.32	8.06	0.00	0.00	2000
222	10.59	2068	2126	0.00	211	0	0	0	nan	0.00	0.00	2.54	88.12	89.41	0.00	40	0	43	0.00	0.00	64.38	7.64	0.00	0.00	2000
217	10.51	2015	2150	0.00	195	0	0	0	nan	0.01	0.00	3.19	88.57	89.49	0.00	39	0	43	0.00	0.00	65.31	7.58	0.00	0.00	2000
151	8.48	1786	2095	0.00	217	0	0	0	nan	0.00	0.00	6.32	84.85	91.52	0.00	38	0	42	0.00	0.00	61.72	7.51	0.00	0.00	2000
78	6.65	1171	2100	0.00	209	0	0	0	nan	0.00	0.00	3.16	90.11	93.35	0.00	38	0	43	0.00	0.00	58.68	7.28	0.00	0.00	2000
91	7.57	1192	2117	0.00	113	0	0	0	nan	0.00	0.00	7.71	85.53	92.43	0.00	38	0	43	0.00	0.00	60.95	7.55	0.00	0.00	2000
