Avg_MHz	Busy%	Bzy_MHz	TSC_MHz	IPC	IRQ	NMI	SMI	LLCMRPS	LLC%hit	POLL%	C1%	C1E%	C6%	CPU%c1	CPU%c6	CoreTmp	CoreThr	PkgTmp	Pkg%pc2	Pkg%pc6	PkgWatt	RAMWatt	PKG_%	RAM_%	UncMHz
346	16.73	2033	2136	0.00	227	0	0	0	nan	0.00	0.60	35.56	48.74	83.27	0.00	37	0	42	0.00	0.00	67.47	7.72	0.00	0.00	2000
279	13.42	2077	2101	0.00	207	0	0	0	nan	0.06	3.04	16.10	67.68	86.58	0.00	37	0	42	0.00	0.00	64.99	7.39	0.00	0.00	2000
76	6.80	1114	2097	0.00	210	0	0	0	nan	0.00	0.00	5.02	88.04	93.20	0.00	37	0	42	0.00	0.00	60.44	7.61	0.00	0.00	2000
75	6.62	1114	2125	0.00	193	0	0	0	nan	0.00	0.01	2.71	91.68	93.38	0.00	36	0	42	0.00	0.00	60.88	7.73	0.00	0.00	2000
74	6.47	1143	2092	0.00	197	0	0	0	nan	0.00	0.02	3.71	89.28	93.53	0.00	36	0	42	0.00	0.00	59.29	7.74	0.00	0.00	2000
73	6.61	1107	2108	0.00	210	0	0	0	nan	0.00	0.00	2.42	91.28	93.39	0.00	37	0	42	0.00	0.00	59.27	7.41	0.00	0.00	2000
71	6.76	1063	2074	0.00	195	0	0	0	nan	0.00	0.00	3.41	88.72	93.24	0.00	36	0	42	0.00	0.00	60.13	7.56	0.00	0.00	2000
74	6.60	1102	2127	0.00	193	0	0	0	nan	0.00	0.01	2.62	92.10	93.40	0.00	36	0	42	0.00	0.00	59.96	7.45	0.00	0.00	2000
72	6.73	1069	2100	0.00	194	0	0	0	nan	0.00	0.00	2.79	90.57	93.27	0.00	36	0	42	0.00	0.00	58.95	7.48	0.00	0.00	2000
72	6.67	1074	2102	0.00	193	0	0	0	nan	0.00	0.00	3.04	90.41	93.33	0.00	37	0	41	0.00	0.00	59.91	7.28	0.00	0.00	2000
72	6.73	1079	2067	0.00	193	0	0	0	nan	0.00	0.00	3.21	88.52	93.27	0.00	37	0	42	0.00	0.00	56.69	7.12	0.00	0.00	2000
72	6.44	1098	2134	0.00	194	0	0	0	nan	0.00	0.03	3.84	91.15	93.56	0.00	36	0	41	0.00	0.00	59.94	7.56	0.00	0.00	2000
73	6.13	1189	2097	0.00	194	0	0	0	nan	0.00	0.00	2.75	90.84	93.87	0.00	36	0	42	0.00	0.00	61.74	7.85	0.00	0.00	2000
71	6.43	1112	2097	0.00	194	0	0	0	nan	0.00	0.00	2.39	91.08	93.57	0.00	36	0	42	0.00	0.00	57.74	7.26	0.00	0.00	2000
72	6.84	1062	2078	0.00	194	0	0	0	nan	0.00	0.00	2.62	89.58	93.16	0.00	36	0	42	0.00	0.00	57.91	7.19	0.00	0.00	2000
72	6.72	1063	2129	0.00	210	0	0	1	88.49	0.00	0.00	4.05	90.48	93.28	0.00	37	0	42	0.00	0.00	62.67	7.88	0.00	0.00	2000
73	6.21	1177	2090	0.15	195	0	0	2	88.61	0.00	0.00	3.05	90.03	93.79	0.00	36	0	42	0.00	0.00	59.51	7.46	0.00	0.00	2000
74	6.39	1145	2111	0.00	177	0	0	0	nan	0.00	0.03	3.86	90.21	93.61	0.00	36	0	42	0.00	0.00	59.16	7.46	0.00	0.00	2000
230	11.41	2080	2037	0.00	211	0	0	0	nan	0.00	0.83	7.09	78.23	88.59	0.00	38	0	42	0.00	0.00	63.73	7.48	0.00	0.00	2000
237	11.19	2060	2154	0.00	231	0	0	0	nan	0.00	0.00	10.52	80.70	88.81	0.00	38	0	42	0.00	0.00	66.47	7.67	0.00	0.00	2000
229	11.05	2077	2099	0.00	200	0	0	0	nan	0.00	0.00	5.43	83.57	88.95	0.00	39	0	42	0.00	0.00	65.15	7.58	0.00	0.00	2000
229	11.10	2081	2085	0.00	199	0	0	0	nan	0.00	0.00	4.94	83.43	88.90	0.00	39	0	42	0.00	0.00	62.59	7.46	0.00	0.00	2000
230	10.89	2086	2121	0.00	204	0	0	0	nan	0.00	0.00	4.02	86.03	89.11	0.00	38	0	42	0.00	0.00	69.06	8.07	0.00	0.00	2000
231	11.15	2096	2080	0.00	214	0	0	0	nan	0.00	0.00	4.05	84.05	88.85	0.00	38	0	42	0.00	0.00	66.24	7.95	0.00	0.00	2000
241	11.56	2053	2129	0.00	201	0	0	0	nan	0.00	0.02	4.57	85.12	88.44	0.00	38	0	42	0.00	0.00	69.31	7.98	0.00	0.00	2000
229	11.14	2079	2078	0.00	199	0	0	0	nan	0.00	1.00	4.49	82.55	88.86	0.00	37	0	42	0.00	0.00	62.70	7.61	0.00	0.00	2000
232	11.22	2048	2120	0.00	197	0	0	0	nan	0.00	0.45	5.91	83.32	88.78	0.00	37	0	42	0.00	0.00	68.75	7.98	0.00	0.00	2000
230	11.20	2054	2099	0.00	199	0	0	0	nan	0.00	0.00	5.15	83.59	88.80	0.00	37	0	42	0.00	0.00	64.97	7.45	0.00	0.00	2000
228	11.20	2065	2067	0.00	203	0	0	0	nan	0.00	0.02	5.15	82.35	88.80	0.00	37	0	42	0.00	0.00	64.09	7.43	0.00	0.00	2000
232	11.37	2027	2112	0.00	214	0	0	0	nan	0.00	0.02	5.06	84.21	88.63	0.00	38	0	41	0.00	0.00	64.62	7.47	0.00	0.00	2000
227	11.03	2045	2113	0.00	198	0	0	0	nan	0.00	0.00	6.81	82.88	88.97	0.00	38	0	42	0.00	0.00	66.23	7.53	0.00	0.00	2000
230	11.35	2024	2104	0.00	200	0	0	0	nan	0.00	0.02	5.74	83.12	88.65	0.00	38	0	42	0.00	0.00	64.99	7.49	0.00	0.00	2000
230	11.26	2040	2100	0.00	199	0	0	1	88.77	0.00	0.00	4.88	83.98	88.74	0.00	38	0	42	0.00	0.00	67.73	7.62	0.00	0.00	2000
231	11.33	2060	2081	0.58	203	0	0	14	45.67	0.00	0.00	6.06	81.84	88.67	0.00	37	0	42	0.00	0.00	63.01	7.31	0.00	0.00	2000
228	10.67	2137	2099	0.00	214	0	0	0	nan	0.00	0.00	5.70	83.71	89.33	0.00	37	0	42	0.00	0.00	65.75	7.45	0.00	0.00	2000
238	11.62	2117	2030	0.00	208	0	0	0	nan	0.00	0.02	3.88	81.68	88.38	0.00	37	0	42	0.00	0.00	63.23	7.38	0.00	0.00	2000
238	11.00	2074	2192	0.00	216	0	0	0	nan	0.00	0.02	5.28	87.71	89.00	0.00	37	0	42	0.00	0.00	69.52	8.37	0.00	0.00	2000
242	11.62	2083	2099	0.00	206	0	0	0	nan	0.01	0.00	8.20	80.24	88.38	0.00	37	0	42	0.00	0.00	66.91	8.17	0.00	0.00	2000
235	11.21	2094	2106	0.00	181	0	0	0	nan	0.00	0.00	5.88	83.13	88.79	0.00	37	0	42	0.00	0.00	65.72	8.33	0.00	0.00	2000
232	11.24	2063	2103	0.00	199	0	0	0	nan	0.00	0.00	5.90	83.11	88.76	0.00	37	0	41	0.00	0.00	66.96	8.23	0.00	0.00	2000
233	11.38	2054	2091	0.00	198	0	0	0	nan	0.00	0.00	6.14	82.23	88.62	0.00	37	0	42	0.00	0.00	65.43	7.72	0.00	0.00	2000
234	11.29	2061	2110	0.00	199	0	0	0	nan	0.00	0.04	4.74	84.44	88.71	0.00	37	0	41	0.00	0.00	67.44	8.06	0.00	0.00	2000
232	11.06	2102	2096	0.00	199	0	0	0	nan	0.00	0.01	4.83	83.95	88.94	0.00	37	0	41	0.00	0.00	60.72	7.78	0.00	0.00	2000
230	11.19	2128	2028	0.00	204	0	0	0	nan	0.00	0.02	5.61	80.15	88.82	0.00	38	0	42	0.00	0.00	65.61	7.26	0.00	0.00	2000
234	10.70	2108	2175	0.00	202	0	0	0	nan	0.00	0.00	6.84	85.73	89.30	0.00	38	0	42	0.00	0.00	68.68	7.80	0.00	0.00	2000
229	10.84	2107	2103	0.00	201	0	0	0	nan	0.00	0.00	5.20	84.06	89.16	0.00	38	0	41	0.00	0.00	66.25	7.63	0.00	0.00	2000
230	11.01	2092	2098	0.00	200	0	0	0	nan	0.00	0.00	5.13	83.81	88.99	0.00	37	0	42	0.00	0.00	65.80	7.43	0.00	0.00	2000
229	11.03	2132	2045	0.00	198	0	0	0	nan	0.00	0.00	2.88	83.71	88.97	0.00	37	0	41	0.00	0.00	62.11	7.36	0.00	0.00	2000
234	10.66	2169	2127	0.00	204	0	0	0	nan	0.00	0.09	4.06	86.30	89.34	0.00	37	0	42	0.00	0.00	66.01	7.37	0.00	0.00	2000
228	10.13	2238	2112	0.00	198	0	0	0	97.28	0.00	1.98	4.60	83.92	89.87	0.00	38	0	42	0.00	0.00	69.51	7.93	0.00	0.00	2000
229	10.74	2116	2118	0.73	198	0	0	4	94.15	0.00	0.02	6.43	83.56	89.26	0.00	38	0	42	0.00	0.00	65.62	7.63	0.00	0.00	2000
266	12.24	2172	2103	0.02	200	0	0	0	nan	0.00	0.00	4.84	83.10	87.76	0.00	37	0	42	0.00	0.00	65.69	7.36	0.00	0.00	2000
228	11.01	2128	2040	0.00	199	0	0	0	nan	0.00	0.00	5.17	81.30	88.99	0.00	37	0	42	0.00	0.00	63.01	7.20	0.00	0.00	2000
231	11.11	2034	2145	0.00	204	0	0	0	nan	0.00	0.03	6.32	84.52	88.89	0.00	38	0	42	0.00	0.00	68.79	7.71	0.00	0.00	2000
229	11.05	2070	2102	0.00	198	0	0	0	nan	0.00	0.00	6.80	82.22	88.95	0.00	38	0	42	0.00	0.00	65.24	7.51	0.00	0.00	2000
227	11.01	2095	2070	0.00	201	0	0	0	nan	0.00	0.00	5.80	81.95	88.99	0.00	38	0	42	0.00	0.00	65.36	7.12	0.00	0.00	2000
230	11.01	2056	2137	0.00	199	0	0	0	nan	0.00	0.00	6.71	83.94	88.99	0.00	38	0	41	0.00	0.00	65.57	7.85	0.00	0.00	2000
227	10.91	2124	2062	0.00	199	0	0	0	nan	0.00	0.00	5.25	82.22	89.09	0.00	38	0	41	0.00	0.00	62.61	7.16	0.00	0.00	2000
233	10.97	2110	2114	0.00	204	0	0	0	nan	0.00	0.00	6.53	83.18	89.03	0.00	38	0	41	0.00	0.00	68.17	7.75	0.00	0.00	2000
229	10.98	2067	2116	0.00	199	0	0	0	nan	0.00	0.02	6.42	83.39	89.02	0.00	38	0	42	0.00	0.00	66.16	7.98	0.00	0.00	2000
231	11.20	2051	2114	0.00	200	0	0	0	nan	0.01	0.00	5.47	84.01	88.80	0.00	37	0	42	0.00	0.00	66.50	7.69	0.00	0.00	2000
229	10.96	2139	2051	0.00	198	0	0	0	nan	0.00	0.02	3.35	83.64	89.04	0.00	38	0	42	0.00	0.00	62.77	7.14	0.00	0.00	2000
231	11.17	2050	2121	0.00	197	0	0	0	nan	0.00	0.02	5.68	84.07	88.83	0.00	38	0	42	0.00	0.00	65.67	7.31	0.00	0.00	2000
230	11.16	2033	2126	0.00	200	0	0	0	nan	0.00	0.00	7.27	82.71	88.84	0.00	38	0	42	0.00	0.00	66.05	7.39	0.00	0.00	2000
232	11.44	2033	2094	0.00	196	0	0	0	nan	0.00	0.00	4.27	84.13	88.56	0.00	38	0	41	0.00	0.00	65.90	7.52	0.00	0.00	2000
229	11.13	2061	2096	0.00	200	0	0	0	nan	0.00	0.00	4.85	83.92	88.87	0.00	38	0	42	0.00	0.00	65.65	7.53	0.00	0.00	2000
229	11.00	2074	2107	0.00	194	0	0	0	nan	0.00	0.00	3.64	85.64	89.00	0.00	38	0	42	0.00	0.00	65.96	7.60	0.00	0.00	2000
230	11.13	2098	2067	0.85	196	0	0	9	85.71	0.00	0.00	3.46	84.07	88.87	0.00	38	0	42	0.00	0.00	65.74	7.58	0.00	0.00	2000
230	10.98	2062	2134	0.33	195	0	0	0	nan	0.00	0.00	4.41	86.13	89.02	0.00	38	0	42	0.00	0.00	65.68	7.61	0.00	0.00	2000
230	11.15	2101	2066	0.00	199	0	0	0	nan	0.00	0.00	4.13	83.31	88.85	0.00	38	0	42	0.00	0.00	65.99	7.53	0.00	0.00	2000
230	10.89	2100	2109	0.00	194	0	0	0	nan	0.00	0.02	3.97	85.55	89.11	0.00	38	0	42	0.00	0.00	65.76	7.48	0.00	0.00	2000
227	10.66	2099	2129	0.00	194	0	0	0	nan	0.00	0.00	4.67	85.93	89.34	0.00	38	0	42	0.00	0.00	66.54	7.47	0.00	0.00	2000
229	11.06	2108	2065	0.00	194	0	0	0	nan	0.00	0.02	3.25	84.17	88.94	0.00	38	0	42	0.00	0.00	64.69	7.51	0.00	0.00	2000
228	10.99	2049	2124	0.00	196	0	0	0	nan	0.00	0.00	3.77	86.42	89.01	0.00	38	0	42	0.00	0.00	65.36	7.39	0.00	0.00	2000
231	11.19	2065	2105	0.00	198	0	0	0	nan	0.00	0.00	5.17	83.87	88.81	0.00	38	0	42	0.00	0.00	65.34	7.34	0.00	0.00	2000
227	11.20	2034	2095	0.00	195	0	0	0	nan	0.00	0.00	3.65	85.00	88.80	0.00	38	0	42	0.00	0.00	65.53	7.33	0.00	0.00	2000
229	11.24	2036	2101	0.00	195	0	0	0	nan	0.00	0.00	3.67	85.18	88.76	0.00	38	0	42	0.00	0.00	65.74	7.55	0.00	0.00	2000
228	10.97	2077	2098	0.00	198	0	0	0	nan	0.00	0.00	3.96	85.02	89.03	0.00	38	0	41	0.00	0.00	63.22	7.28	0.00	0.00	2000
227	11.11	2081	2059	0.00	194	0	0	0	nan	0.01	0.00	3.53	83.71	88.89	0.00	38	0	42	0.00	0.00	63.76	7.25	0.00	0.00	2000
231	10.84	2075	2159	0.00	196	0	0	0	nan	0.00	0.02	4.16	87.55	89.16	0.00	38	0	42	0.00	0.00	67.34	7.61	0.00	0.00	2000
228	11.14	2121	2030	0.00	195	0	0	0	nan	0.00	0.00	3.51	82.47	88.86	0.00	38	0	42	0.00	0.00	64.05	7.50	0.00	0.00	2000
231	10.77	2085	2158	0.00	197	0	0	0	nan	0.00	0.00	3.10	88.72	89.23	0.00	38	0	41	0.00	0.00	68.91	7.95	0.00	0.00	2000
229	10.84	2108	2106	0.00	195	0	0	0	nan	0.00	0.00	3.33	86.05	89.16	0.00	38	0	41	0.00	0.00	65.84	7.57	0.00	0.00	2000
228	10.68	2152	2081	0.00	196	0	0	0	nan	0.00	0.00	3.57	84.92	89.32	0.00	38	0	42	0.00	0.00	65.97	7.56	0.00	0.00	2000
232	11.38	2029	2106	0.54	195	0	0	1	82.23	0.00	0.00	4.40	84.62	88.62	0.00	38	0	42	0.00	0.00	65.08	7.47	0.00	0.00	2000
228	11.17	2046	2097	0.49	197	0	0	1	88.77	0.00	0.00	4.13	84.73	88.83	0.00	38	0	41	0.00	0.00	65.49	7.40	0.00	0.00	2000
229	10.97	2070	2114	0.00	196	0	0	0	nan	0.00	0.02	4.40	85.21	89.03	0.00	38	0	42	0.00	0.00	65.49	7.49	0.00	0.00	2000
227	10.89	2112	2071	0.00	194	0	0	0	nan	0.00	0.00	3.29	84.57	89.11	0.00	38	0	42	0.00	0.00	62.57	7.07	0.00	0.00	2000
229	10.68	2139	2108	0.00	196	0	0	0	nan	0.00	0.02	3.45	86.13	89.32	0.00	38	0	42	0.00	0.00	65.61	7.48	0.00	0.00	2000
227	10.91	2089	2089	0.00	195	0	0	0	nan	0.00	0.00	4.01	84.74	89.09	0.00	38	0	42	0.00	0.00	64.83	7.65	0.00	0.00	2000
229	11.09	2044	2125	0.00	196	0	0	0	nan	0.00	0.02	3.85	86.26	88.91	0.00	38	0	42	0.00	0.00	65.67	7.54	0.00	0.00	2000
226	11.00	2094	2065	0.00	195	0	0	0	nan	0.00	0.02	3.10	84.44	89.00	0.00	38	0	42	0.00	0.00	64.77	7.28	0.00	0.00	2000
230	10.92	2065	2140	0.00	195	0	0	0	nan	0.00	0.03	3.25	87.63	89.08	0.00	38	0	42	0.00	0.00	65.84	7.61	0.00	0.00	2000
226	10.89	2125	2055	0.00	196	0	0	0	nan	0.00	0.00	3.23	84.02	89.11	0.00	38	0	42	0.00	0.00	63.74	7.25	0.00	0.00	2000
231	10.49	2175	2125	0.00	195	0	0	0	nan	0.00	0.03	3.70	86.74	89.51	0.00	38	0	42	0.00	0.00	65.75	7.39	0.00	0.00	2000
228	10.47	2163	2119	0.00	196	0	0	0	nan	0.00	0.00	4.67	85.70	89.53	0.00	38	0	42	0.00	0.00	65.77	7.40	0.00	0.00	2000
229	10.85	2115	2094	0.00	194	0	0	0	nan	0.01	0.00	3.30	85.56	89.15	0.00	38	0	42	0.00	0.00	64.82	7.50	0.00	0.00	2000
227	11.05	2053	2102	0.00	195	0	0	0	nan	0.00	0.00	4.09	84.99	88.95	0.00	38	0	42	0.00	0.00	65.43	7.35	0.00	0.00	2000
228	10.90	2075	2119	0.00	196	0	0	0	nan	0.00	0.00	3.63	86.33	89.10	0.00	38	0	42	0.00	0.00	66.66	7.57	0.00	0.00	2000
226	11.22	2075	2038	0.00	195	0	0	0	nan	0.00	0.02	3.04	83.20	88.78	0.00	38	0	42	0.00	0.00	64.60	7.46	0.00	0.00	2000
232	10.71	2124	2145	0.00	195	0	0	0	nan	0.00	0.00	3.89	87.19	89.29	0.00	38	0	42	0.00	0.00	66.59	7.67	0.00	0.00	2000
228	10.77	2150	2065	0.25	196	0	0	6	90.38	0.00	0.00	3.45	84.30	89.23	0.00	38	0	42	0.00	0.00	64.90	7.49	0.00	0.00	2000
230	10.85	2076	2144	0.59	196	0	0	3	94.55	0.00	0.00	3.59	87.42	89.15	0.00	38	0	42	0.00	0.00	69.65	7.91	0.00	0.00	2000
227	11.25	2026	2094	0.00	196	0	0	0	nan	0.00	0.00	3.40	85.15	88.75	0.00	38	0	42	0.00	0.00	64.43	9.18	0.00	0.00	2000
228	10.98	2071	2107	0.00	194	0	0	0	nan	0.00	0.00	3.74	85.64	89.02	0.00	38	0	42	0.00	0.00	67.75	9.08	0.00	0.00	2000
231	10.91	2150	2065	0.00	198	0	0	0	nan	0.00	0.00	5.04	82.47	89.09	0.00	38	0	42	0.00	0.00	67.68	9.07	0.00	0.00	2000
230	10.99	2057	2137	0.00	197	0	0	0	nan	0.00	0.00	3.97	86.75	89.01	0.00	38	0	42	0.00	0.00	67.69	9.18	0.00	0.00	2000
229	10.62	2142	2113	0.00	195	0	0	0	nan	0.00	0.00	3.23	86.65	89.38	0.00	38	0	42	0.00	0.00	68.96	8.36	0.00	0.00	2000
231	10.81	2137	2098	0.00	195	0	0	0	nan	0.00	0.00	3.05	86.05	89.19	0.00	38	0	41	0.00	0.00	67.08	7.59	0.00	0.00	2000
228	10.72	2130	2096	0.00	194	0	0	0	nan	0.00	0.00	2.93	86.12	89.28	0.00	38	0	42	0.00	0.00	63.72	7.27	0.00	0.00	2000
229	10.95	2092	2098	0.00	195	0	0	0	nan	0.00	0.01	2.97	86.05	89.05	0.00	38	0	42	0.00	0.00	65.48	7.61	0.00	0.00	2000
231	11.33	2031	2106	0.00	196	0	0	0	nan	0.00	0.00	3.96	85.08	88.67	0.00	38	0	42	0.00	0.00	64.83	7.59	0.00	0.00	2000
228	10.87	2103	2099	0.00	179	0	0	0	nan	0.00	0.00	3.00	86.08	89.13	0.00	38	0	42	0.00	0.00	67.21	7.80	0.00	0.00	2000
229	10.97	2088	2098	0.00	196	0	0	0	nan	0.00	0.00	3.41	85.57	89.03	0.00	38	0	42	0.00	0.00	63.50	7.34	0.00	0.00	2000
229	11.35	2013	2103	0.00	194	0	0	0	nan	0.00	0.00	3.34	85.54	88.65	0.00	38	0	42	0.00	0.00	66.42	7.60	0.00	0.00	2000
230	10.91	2110	2096	0.00	195	0	0	0	nan	0.00	0.02	3.61	85.32	89.09	0.00	38	0	42	0.00	0.00	65.70	7.69	0.00	0.00	2000
230	11.01	2087	2103	0.00	194	0	0	0	nan	0.00	0.00	3.10	86.12	88.99	0.00	38	0	42	0.00	0.00	66.06	7.49	0.00	0.00	2000
230	11.00	2093	2100	0.00	195	0	0	0	nan	0.00	0.04	3.11	85.98	89.01	0.00	38	0	42	0.00	0.00	64.36	7.28	0.00	0.00	2000
231	10.83	2128	2104	0.00	179	0	0	2	64.68	0.00	0.02	3.11	86.21	89.17	0.00	38	0	42	0.00	0.00	67.62	7.95	0.00	0.00	2000
228	11.01	2077	2095	0.80	195	0	0	5	54.23	0.01	0.00	3.50	85.40	88.99	0.00	38	0	42	0.00	0.00	63.79	7.47	0.00	0.00	2000
229	10.70	2140	2101	0.00	194	0	0	0	nan	0.01	0.00	2.71	86.60	89.30	0.00	38	0	42	0.00	0.00	66.45	7.47	0.00	0.00	2000
234	11.20	2088	2101	0.00	196	0	0	0	nan	0.00	0.01	4.50	84.37	88.80	0.00	38	0	42	0.00	0.00	61.92	7.39	0.00	0.00	2000
230	11.28	2046	2097	0.00	179	0	0	0	nan	0.00	0.00	2.58	86.12	88.72	0.00	38	0	42	0.00	0.00	67.95	7.43	0.00	0.00	2000
231	10.93	2109	2102	0.00	198	0	0	0	nan	0.00	0.02	3.96	85.16	89.07	0.00	38	0	42	0.00	0.00	67.60	7.73	0.00	0.00	2000
230	11.12	2066	2102	0.00	195	0	0	0	nan	0.00	0.00	3.18	85.90	88.88	0.00	38	0	42	0.00	0.00	64.16	7.39	0.00	0.00	2000
229	11.00	2088	2097	0.00	195	0	0	0	nan	0.00	0.01	3.18	85.72	89.00	0.00	38	0	42	0.00	0.00	67.13	7.64	0.00	0.00	2000
230	11.04	2079	2102	0.00	197	0	0	0	nan	0.00	0.00	4.18	84.95	88.96	0.00	38	0	42	0.00	0.00	64.39	7.48	0.00	0.00	2000
229	10.87	2106	2101	0.00	180	0	0	0	nan	0.00	0.00	3.68	85.60	89.13	0.00	38	0	42	0.00	0.00	64.97	7.39	0.00	0.00	2000
229	10.83	2113	2101	0.00	195	0	0	0	nan	0.00	0.02	4.05	85.21	89.17	0.00	38	0	42	0.00	0.00	65.70	7.55	0.00	0.00	2000
230	11.05	2088	2091	0.00	196	0	0	0	nan	0.00	0.00	2.84	85.71	88.95	0.00	38	0	42	0.00	0.00	65.43	7.51	0.00	0.00	2000
230	11.26	2035	2109	0.00	196	0	0	0	nan	0.00	0.02	3.48	85.70	88.74	0.00	38	0	42	0.00	0.00	63.52	7.30	0.00	0.00	2000
227	11.01	2066	2094	0.00	177	0	0	0	nan	0.00	0.00	3.25	85.48	88.99	0.00	38	0	42	0.00	0.00	66.44	7.53	0.00	0.00	2000
230	11.11	2074	2099	0.00	196	0	0	0	nan	0.00	0.01	3.46	85.40	88.89	0.00	38	0	41	0.00	0.00	62.46	7.26	0.00	0.00	2000
229	10.97	2081	2107	0.00	195	0	0	0	nan	0.00	0.01	2.74	86.62	89.03	0.00	38	0	42	0.00	0.00	67.26	7.77	0.00	0.00	2000
231	11.34	2037	2100	0.00	196	0	0	0	nan	0.00	0.00	3.16	85.65	88.66	0.00	38	0	42	0.00	0.00	64.12	7.35	0.00	0.00	2000
231	10.85	2128	2098	0.00	195	0	0	0	nan	0.01	0.00	2.98	86.12	89.15	0.00	38	0	42	0.00	0.00	67.45	7.75	0.00	0.00	2000
229	10.78	2130	2094	0.47	180	0	0	4	49.19	0.00	0.00	3.32	85.65	89.22	0.00	38	0	42	0.00	0.00	65.40	7.52	0.00	0.00	2000
230	10.89	2116	2100	0.44	196	0	0	1	93.02	0.00	0.00	3.12	85.90	89.11	0.00	38	0	42	0.00	0.00	63.21	7.27	0.00	0.00	2000
231	10.94	2098	2109	0.00	194	0	0	0	nan	0.01	0.00	3.11	86.37	89.06	0.00	38	0	42	0.00	0.00	67.11	7.83	0.00	0.00	2000
228	10.67	2139	2096	0.00	194	0	0	0	nan	0.01	0.00	3.24	85.94	89.33	0.00	38	0	42	0.00	0.00	66.15	7.82	0.00	0.00	2000
231	11.16	2064	2105	0.00	196	0	0	0	nan	0.00	0.00	3.04	86.06	88.84	0.00	38	0	42	0.00	0.00	64.19	7.34	0.00	0.00	2000
228	11.16	2045	2097	0.00	179	0	0	0	nan	0.00	0.00	2.74	86.11	88.84	0.00	38	0	42	0.00	0.00	64.29	7.61	0.00	0.00	2000
231	11.13	2069	2103	0.00	195	0	0	0	nan	0.00	0.02	3.49	85.59	88.87	0.00	38	0	42	0.00	0.00	67.02	7.66	0.00	0.00	2000
229	10.78	2127	2101	0.00	194	0	0	0	nan	0.00	0.00	2.78	86.45	89.22	0.00	38	0	42	0.00	0.00	64.50	7.63	0.00	0.00	2000
229	10.96	2096	2098	0.00	195	0	0	0	nan	0.00	0.00	3.07	85.92	89.04	0.00	38	0	42	0.00	0.00	64.89	7.29	0.00	0.00	2000
229	10.98	2082	2100	0.00	179	0	0	0	nan	0.00	0.00	3.53	85.64	89.02	0.00	38	0	42	0.00	0.00	67.26	7.75	0.00	0.00	2000
231	11.20	2065	2101	0.00	196	0	0	0	nan	0.00	0.02	3.48	85.44	88.80	0.00	38	0	42	0.00	0.00	64.22	7.24	0.00	0.00	2000
229	10.94	2101	2095	0.00	197	0	0	0	nan	0.00	0.02	2.88	85.97	89.06	0.00	38	0	42	0.00	0.00	66.51	7.59	0.00	0.00	2000
229	11.02	2083	2099	0.00	196	0	0	0	nan	0.00	0.02	3.31	85.78	88.98	0.00	38	0	42	0.00	0.00	63.45	7.20	0.00	0.00	2000
230	11.01	2085	2106	0.00	180	0	0	0	nan	0.00	0.00	3.36	85.89	88.99	0.00	38	0	42	0.00	0.00	67.81	7.61	0.00	0.00	2000
229	10.76	2131	2099	0.00	194	0	0	0	nan	0.00	0.02	4.04	85.18	89.24	0.00	38	0	42	0.00	0.00	64.30	7.47	0.00	0.00	2000
228	11.00	2073	2100	0.00	194	0	0	0	nan	0.00	0.00	3.04	86.09	89.00	0.00	38	0	41	0.00	0.00	64.90	7.40	0.00	0.00	2000
232	10.64	2177	2099	0.00	179	0	0	0	nan	0.00	0.00	3.17	86.03	89.36	0.00	38	0	42	0.00	0.00	66.54	7.56	0.00	0.00	2000
235	11.30	2075	2102	0.00	196	0	0	2	69.75	0.00	0.02	3.10	85.76	88.70	0.00	38	0	42	0.00	0.00	67.24	7.73	0.00	0.00	2000
229	11.05	2077	2097	0.79	195	0	0	5	59.86	0.00	0.00	2.91	85.97	88.95	0.00	38	0	42	0.00	0.00	65.92	7.22	0.00	0.00	2000
227	10.88	2089	2100	0.00	193	0	0	0	nan	0.00	0.02	2.85	86.30	89.12	0.00	38	0	42	0.00	0.00	64.04	7.53	0.00	0.00	2000
229	11.07	2071	2099	0.00	194	0	0	0	nan	0.00	0.00	2.91	86.08	88.93	0.00	38	0	42	0.00	0.00	64.67	7.32	0.00	0.00	2000
230	10.85	2113	2106	0.00	180	0	0	0	nan	0.00	0.00	3.89	85.49	89.15	0.00	38	0	42	0.00	0.00	68.04	7.88	0.00	0.00	2000
232	10.92	2120	2100	0.00	198	0	0	0	nan	0.00	0.02	4.73	84.32	89.08	0.00	38	0	42	0.00	0.00	63.52	7.30	0.00	0.00	2000
230	10.82	2126	2097	0.00	195	0	0	0	nan	0.00	0.02	3.37	85.65	89.18	0.00	38	0	42	0.00	0.00	65.05	7.56	0.00	0.00	2000
230	10.80	2130	2098	0.00	179	0	0	0	nan	0.00	0.00	3.28	85.75	89.20	0.00	38	0	42	0.00	0.00	66.64	7.73	0.00	0.00	2000
230	10.74	2133	2105	0.00	196	0	0	0	nan	0.00	0.00	2.70	86.81	89.26	0.00	38	0	42	0.00	0.00	67.63	7.94	0.00	0.00	2000
229	10.83	2120	2096	0.00	195	0	0	0	nan	0.00	0.02	3.57	85.45	89.17	0.00	38	0	42	0.00	0.00	63.30	7.36	0.00	0.00	2000
227	10.74	2122	2095	0.00	195	0	0	0	nan	0.00	0.00	3.43	85.66	89.26	0.00	38	0	42	0.00	0.00	66.09	7.52	0.00	0.00	2000
232	11.12	2078	2108	0.00	195	0	0	0	nan	0.00	0.02	3.14	86.08	88.88	0.00	38	0	42	0.00	0.00	64.59	7.41	0.00	0.00	2000
228	10.95	2085	2095	0.00	179	0	0	0	nan	0.00	0.00	3.28	85.51	89.05	0.00	38	0	42	0.00	0.00	66.88	7.65	0.00	0.00	2000
229	11.27	2028	2104	0.00	196	0	0	0	nan	0.00	0.00	3.58	85.44	88.73	0.00	38	0	42	0.00	0.00	66.40	7.58	0.00	0.00	2000
228	11.34	2014	2098	0.00	193	0	0	0	nan	0.00	0.00	3.54	85.08	88.66	0.00	38	0	42	0.00	0.00	66.30	7.67	0.00	0.00	2000
229	11.23	2045	2097	0.00	197	0	0	0	nan	0.00	0.00	4.56	84.15	88.77	0.00	38	0	42	0.00	0.00	66.07	7.48	0.00	0.00	2000
228	11.10	2051	2102	0.00	195	0	0	0	nan	0.00	0.00	4.00	85.08	88.90	0.00	38	0	42	0.00	0.00	63.53	7.30	0.00	0.00	2000
232	10.96	2119	2100	0.00	197	0	0	0	nan	0.00	0.02	3.97	85.05	89.04	0.00	38	0	42	0.00	0.00	66.24	7.55	0.00	0.00	2000
227	11.15	2041	2100	0.48	195	0	0	5	44.55	0.00	0.00	2.98	86.00	88.85	0.00	38	0	42	0.00	0.00	63.75	7.20	0.00	0.00	2000
229	11.13	2062	2100	0.44	194	0	0	0	90.46	0.00	0.00	2.87	86.06	88.87	0.00	38	0	42	0.00	0.00	67.00	7.88	0.00	0.00	2000
229	10.74	2131	2103	0.00	179	0	0	0	nan	0.00	0.00	3.23	86.16	89.26	0.00	38	0	42	0.00	0.00	64.92	7.60	0.00	0.00	2000
229	10.50	2176	2101	0.00	195	0	0	0	nan	0.00	0.00	3.50	86.00	89.50	0.00	38	0	42	0.00	0.00	64.97	7.41	0.00	0.00	2000
229	10.75	2136	2094	0.00	178	0	0	0	nan	0.00	0.00	2.95	86.08	89.25	0.00	38	0	42	0.00	0.00	66.78	7.82	0.00	0.00	2000
232	10.78	2142	2106	0.00	195	0	0	0	nan	0.00	0.00	2.70	86.84	89.22	0.00	38	0	41	0.00	0.00	63.91	7.28	0.00	0.00	2000
228	11.16	2049	2098	0.00	194	0	0	0	nan	0.00	0.00	3.21	85.64	88.84	0.00	38	0	42	0.00	0.00	66.56	7.83	0.00	0.00	2000
229	10.99	2088	2099	0.00	195	0	0	0	nan	0.00	0.00	3.08	85.94	89.01	0.00	38	0	42	0.00	0.00	63.36	7.46	0.00	0.00	2000
229	10.93	2093	2101	0.00	195	0	0	0	nan	0.00	0.01	3.30	85.78	89.07	0.00	38	0	41	0.00	0.00	67.88	7.93	0.00	0.00	2000
238	11.37	2101	2092	0.00	208	0	0	0	nan	0.00	1.20	3.87	83.26	88.63	0.00	38	0	42	0.00	0.00	66.20	7.58	0.00	0.00	2000
229	10.98	2075	2110	0.00	194	0	0	0	nan	0.00	0.00	5.40	84.08	89.02	0.00	38	0	42	0.00	0.00	64.57	7.48	0.00	0.00	2000
231	11.00	2101	2097	0.00	195	0	0	0	nan	0.00	0.02	3.67	85.19	89.00	0.00	38	0	42	0.00	0.00	63.29	7.37	0.00	0.00	2000
228	10.80	2110	2105	0.00	196	0	0	0	nan	0.00	0.00	3.58	85.91	89.20	0.00	38	0	42	0.00	0.00	64.87	7.87	0.00	0.00	2000
230	10.95	2100	2100	0.00	179	0	0	0	nan	0.03	0.00	2.91	86.22	89.05	0.00	38	0	41	0.00	0.00	67.27	7.38	0.00	0.00	2000
228	10.77	2120	2100	0.00	194	0	0	0	nan	0.00	0.01	3.84	85.40	89.23	0.00	38	0	42	0.00	0.00	65.41	7.54	0.00	0.00	2000
229	10.74	2133	2099	0.00	194	0	0	0	nan	0.00	0.00	3.07	86.18	89.26	0.00	38	0	42	0.00	0.00	66.90	7.87	0.00	0.00	2000
229	10.86	2115	2094	0.00	180	0	0	0	nan	0.00	0.00	3.20	85.78	89.14	0.00	38	0	42	0.00	0.00	66.17	7.58	0.00	0.00	2000
229	11.14	2058	2101	0.00	196	0	0	2	69.74	0.00	0.00	3.31	85.58	88.86	0.00	38	0	42	0.00	0.00	63.07	7.53	0.00	0.00	2000
231	10.87	2126	2103	0.79	209	0	0	5	59.20	0.00	0.02	4.80	84.54	89.13	0.00	38	0	42	0.00	0.00	67.35	7.67	0.00	0.00	2000
231	10.81	2138	2100	0.00	200	0	0	0	nan	0.00	0.00	3.43	85.70	89.19	0.00	38	0	42	0.00	0.00	63.77	7.41	0.00	0.00	2000
234	11.23	2092	2095	0.00	211	0	0	0	nan	0.00	0.03	6.52	82.01	88.77	0.00	38	0	42	0.00	0.00	66.35	7.72	0.00	0.00	2000
230	10.93	2099	2105	0.00	194	0	0	0	nan	0.00	0.00	3.07	86.15	89.07	0.00	38	0	42	0.00	0.00	67.01	7.61	0.00	0.00	2000
228	10.83	2111	2095	0.00	181	1	0	0	nan	0.00	0.00	3.33	85.61	89.17	0.00	38	0	42	0.00	0.00	63.40	7.50	0.00	0.00	2000
233	11.10	2088	2108	0.00	195	0	0	0	nan	0.00	0.02	3.84	85.39	88.90	0.00	38	0	42	0.00	0.00	67.61	7.74	0.00	0.00	2000
228	10.73	2135	2093	0.00	195	0	0	0	nan	0.00	0.00	3.12	85.85	89.27	0.00	38	0	42	0.00	0.00	63.01	7.39	0.00	0.00	2000
230	10.95	2103	2100	0.00	194	0	0	0	nan	0.00	0.00	3.28	85.70	89.05	0.00	38	0	42	0.00	0.00	65.79	7.44	0.00	0.00	2000
229	10.92	2095	2104	0.00	195	0	0	0	nan	0.00	0.02	3.20	86.06	89.08	0.00	38	0	42	0.00	0.00	67.05	7.83	0.00	0.00	2000
229	10.71	2141	2098	0.00	178	0	0	0	nan	0.00	0.01	2.96	86.19	89.29	0.00	38	0	41	0.00	0.00	63.06	7.38	0.00	0.00	2000
230	10.64	2161	2106	0.00	196	0	0	0	nan	0.00	0.00	3.21	86.30	89.36	0.00	38	0	42	0.00	0.00	67.29	7.84	0.00	0.00	2000
230	10.57	2178	2095	0.00	195	0	0	0	nan	0.00	0.00	3.55	85.67	89.43	0.00	38	0	42	0.00	0.00	63.60	7.20	0.00	0.00	2000
229	10.96	2083	2102	0.00	195	0	0	0	nan	0.00	0.00	3.21	85.91	89.04	0.00	38	0	41	0.00	0.00	68.20	7.62	0.00	0.00	2000
230	11.00	2099	2096	0.00	195	0	0	0	nan	0.00	0.00	2.63	86.36	89.00	0.00	38	0	42	0.00	0.00	64.20	7.32	0.00	0.00	2000
228	10.88	2098	2097	0.00	178	0	0	0	nan	0.00	0.00	2.66	86.32	89.12	0.00	38	0	42	0.00	0.00	63.62	7.35	0.00	0.00	2000
232	10.93	2113	2106	0.00	195	0	0	0	nan	0.00	0.02	3.16	86.01	89.07	0.00	38	0	42	0.00	0.00	69.71	7.99	0.00	0.00	2000
231	10.82	2135	2100	0.00	195	0	0	0	nan	0.00	0.02	3.46	85.76	89.18	0.00	38	0	42	0.00	0.00	65.84	7.66	0.00	0.00	2000
236	11.13	2121	2100	0.47	196	0	0	5	48.72	0.00	0.00	3.52	85.40	88.87	0.00	38	0	42	0.00	0.00	63.72	7.38	0.00	0.00	2000
228	11.00	2077	2095	0.44	178	0	0	1	88.91	0.00	0.00	2.86	85.86	89.00	0.00	38	0	42	0.00	0.00	67.11	7.56	0.00	0.00	2000
229	11.36	2015	2101	0.00	195	0	0	0	nan	0.00	0.00	3.40	85.31	88.64	0.00	38	0	42	0.00	0.00	66.05	7.64	0.00	0.00	2000
230	11.07	2069	2107	0.00	195	0	0	0	nan	0.00	0.00	3.60	85.65	88.93	0.00	38	0	42	0.00	0.00	64.64	7.32	0.00	0.00	2000
230	10.76	2139	2096	0.00	196	0	0	0	nan	0.01	0.01	3.07	85.96	89.24	0.00	38	0	42	0.00	0.00	66.12	7.61	0.00	0.00	2000
231	10.92	2107	2103	0.00	195	0	0	0	nan	0.00	0.00	3.79	85.48	89.08	0.00	38	0	42	0.00	0.00	64.70	7.41	0.00	0.00	2000
229	10.82	2118	2096	0.00	179	0	0	0	nan	0.00	0.02	2.82	86.21	89.18	0.00	38	0	42	0.00	0.00	65.93	7.60	0.00	0.00	2000
230	11.17	2053	2104	0.00	196	0	0	0	nan	0.00	0.00	3.38	85.66	88.83	0.00	38	0	42	0.00	0.00	64.46	7.47	0.00	0.00	2000
229	10.81	2126	2097	0.00	195	0	0	0	nan	0.00	0.00	2.64	86.51	89.19	0.00	38	0	42	0.00	0.00	66.07	7.56	0.00	0.00	2000
228	11.00	2071	2100	0.00	194	0	0	0	nan	0.00	0.02	3.29	85.75	89.00	0.00	38	0	42	0.00	0.00	66.67	7.68	0.00	0.00	2000
229	10.94	2095	2102	0.00	194	0	0	0	nan	0.00	0.00	3.30	85.81	89.06	0.00	38	0	42	0.00	0.00	64.36	7.48	0.00	0.00	2000
232	10.99	2108	2104	0.00	180	0	0	0	nan	0.00	0.00	4.31	84.86	89.01	0.00	38	0	42	0.00	0.00	65.13	7.79	0.00	0.00	2000
229	10.99	2085	2097	0.00	194	0	0	0	nan	0.00	0.00	3.78	85.17	89.01	0.00	38	0	42	0.00	0.00	66.76	7.62	0.00	0.00	2000
228	10.98	2077	2101	0.00	194	0	0	0	nan	0.00	0.00	3.27	85.90	89.02	0.00	38	0	42	0.00	0.00	64.64	7.55	0.00	0.00	2000
229	11.17	2056	2096	0.00	179	0	0	0	nan	0.00	0.00	2.97	85.73	88.83	0.00	38	0	42	0.00	0.00	66.53	7.65	0.00	0.00	2000
228	11.00	2078	2098	0.00	196	0	0	0	nan	0.00	0.00	3.45	85.50	89.00	0.00	38	0	42	0.00	0.00	63.93	7.27	0.00	0.00	2000
231	11.18	2058	2106	0.00	195	0	0	0	nan	0.00	0.02	3.41	85.80	88.82	0.00	38	0	42	0.00	0.00	66.76	7.72	0.00	0.00	2000
230	10.75	2143	2095	0.00	195	0	0	2	64.62	0.00	0.00	3.46	85.64	89.25	0.00	38	0	42	0.00	0.00	66.35	7.70	0.00	0.00	2000
230	10.99	2089	2106	0.78	195	0	0	4	59.36	0.00	0.02	2.82	86.53	89.01	0.00	38	0	42	0.00	0.00	64.37	7.41	0.00	0.00	2000
228	11.02	2075	2095	0.00	180	0	0	0	nan	0.00	0.00	3.23	85.66	88.98	0.00	38	0	42	0.00	0.00	63.88	7.30	0.00	0.00	2000
228	11.22	2035	2101	0.00	196	0	0	0	nan	0.00	0.00	2.72	86.14	88.78	0.00	38	0	42	0.00	0.00	66.58	7.64	0.00	0.00	2000
228	11.18	2045	2097	0.00	193	0	0	0	nan	0.00	0.00	3.03	85.78	88.82	0.00	38	0	42	0.00	0.00	65.83	7.60	0.00	0.00	2000
229	11.22	2039	2104	0.00	194	0	0	0	nan	0.00	0.00	3.59	85.47	88.78	0.00	38	0	42	0.00	0.00	66.34	7.81	0.00	0.00	2000
230	10.99	2091	2097	0.00	195	0	0	0	nan	0.00	0.02	3.76	85.16	89.01	0.00	38	0	42	0.00	0.00	66.31	7.71	0.00	0.00	2000
230	11.22	2050	2103	0.00	199	0	0	0	nan	0.00	0.00	4.93	84.08	88.78	0.00	38	0	42	0.00	0.00	64.57	7.48	0.00	0.00	2000
228	11.01	2074	2094	0.00	179	0	0	0	nan	0.00	0.00	3.29	85.49	88.99	0.00	38	0	42	0.00	0.00	63.37	7.38	0.00	0.00	2000
229	11.18	2047	2100	0.00	195	0	0	0	nan	0.00	0.00	2.93	85.89	88.82	0.00	38	0	42	0.00	0.00	65.47	7.49	0.00	0.00	2000
230	10.92	2101	2106	0.00	196	0	0	0	nan	0.00	0.00	2.95	86.36	89.08	0.00	38	0	42	0.00	0.00	67.49	7.73	0.00	0.00	2000
230	11.18	2059	2097	0.00	195	0	0	0	nan	0.00	0.00	4.06	84.75	88.82	0.00	38	0	42	0.00	0.00	64.82	7.46	0.00	0.00	2000
230	10.74	2143	2100	0.00	196	0	0	0	nan	0.00	0.01	3.37	85.89	89.26	0.00	38	0	42	0.00	0.00	67.30	7.60	0.00	0.00	2000
229	10.83	2117	2100	0.00	194	0	0	0	nan	0.00	0.01	2.72	86.47	89.17	0.00	38	0	42	0.00	0.00	64.11	7.41	0.00	0.00	2000
229	10.82	2117	2102	0.00	195	0	0	0	nan	0.00	0.00	2.48	86.86	89.18	0.00	38	0	42	0.00	0.00	64.44	7.44	0.00	0.00	2000
230	10.95	2106	2096	0.00	180	0	0	0	nan	0.00	0.00	2.82	86.08	89.05	0.00	38	0	42	0.00	0.00	65.68	7.50	0.00	0.00	2000
227	11.11	2079	2061	0.00	193	0	0	0	nan	0.01	0.00	2.24	84.97	88.89	0.00	38	0	42	0.00	0.00	64.67	7.35	0.00	0.00	2000
234	11.21	2039	2150	0.00	197	0	0	0	nan	0.00	0.00	4.43	86.46	88.79	0.00	38	0	42	0.00	0.00	67.67	7.85	0.00	0.00	2000
228	10.78	2117	2096	0.63	194	0	0	4	39.70	0.00	0.01	3.40	85.62	89.22	0.00	38	0	42	0.00	0.00	64.37	7.31	0.00	0.00	2000
230	10.84	2121	2097	0.31	196	0	0	0	nan	0.00	0.02	3.07	85.93	89.16	0.00	38	0	42	0.00	0.00	66.10	7.43	0.00	0.00	2000
229	11.09	2064	2100	0.00	198	0	0	0	nan	0.00	0.02	4.26	84.73	88.91	0.00	38	0	42	0.00	0.00	64.96	7.42	0.00	0.00	2000
230	10.93	2135	2072	0.00	179	0	0	0	nan	0.00	0.01	3.23	84.65	89.07	0.00	38	0	42	0.00	0.00	65.60	7.57	0.00	0.00	2000
228	10.62	2118	2125	0.00	195	0	0	0	nan	0.00	0.00	4.44	85.98	89.38	0.00	38	0	42	0.00	0.00	65.97	7.58	0.00	0.00	2000
231	11.06	2085	2099	0.00	195	0	0	0	nan	0.01	0.00	3.39	85.55	88.94	0.00	38	0	42	0.00	0.00	65.49	7.52	0.00	0.00	2000
228	10.98	2073	2107	0.00	195	0	0	0	nan	0.00	0.01	2.34	86.95	89.02	0.00	38	0	42	0.00	0.00	66.75	7.65	0.00	0.00	2000
229	11.24	2036	2101	0.00	194	0	0	0	nan	0.00	0.00	3.15	85.76	88.76	0.00	38	0	42	0.00	0.00	63.91	7.40	0.00	0.00	2000
226	11.05	2129	2017	0.00	195	0	0	0	nan	0.00	0.01	2.71	82.80	88.95	0.00	38	0	41	0.00	0.00	62.54	7.22	0.00	0.00	2000
231	10.74	2065	2184	0.00	195	0	0	0	nan	0.00	0.00	2.54	90.38	89.26	0.00	38	0	42	0.00	0.00	69.37	8.10	0.00	0.00	2000
232	11.30	2049	2106	0.00	199	0	0	0	nan	0.00	0.00	4.11	84.95	88.70	0.00	38	0	42	0.00	0.00	64.58	7.50	0.00	0.00	2000
229	10.63	2161	2092	0.00	196	0	0	0	nan	0.00	0.00	3.73	85.24	89.37	0.00	38	0	42	0.00	0.00	66.14	7.23	0.00	0.00	2000
228	11.07	2055	2108	0.00	195	0	0	0	nan	0.00	0.01	3.25	86.05	88.93	0.00	38	0	42	0.00	0.00	64.90	7.58	0.00	0.00	2000
229	11.44	2001	2100	0.00	178	0	0	0	nan	0.01	0.00	2.88	85.83	88.56	0.00	38	0	41	0.00	0.00	66.70	7.77	0.00	0.00	2000
231	10.85	2128	2098	0.00	197	0	0	0	nan	0.00	0.00	3.80	85.25	89.15	0.00	38	0	42	0.00	0.00	64.22	7.27	0.00	0.00	2000
230	10.97	2097	2097	0.00	194	0	0	0	nan	0.00	0.00	2.77	86.25	89.03	0.00	38	0	42	0.00	0.00	63.51	7.34	0.00	0.00	2000
231	10.78	2140	2102	0.00	196	0	0	0	nan	0.00	0.00	3.41	85.90	89.22	0.00	38	0	42	0.00	0.00	67.63	7.62	0.00	0.00	2000
227	10.62	2145	2096	0.08	178	0	0	3	51.69	0.00	0.00	3.36	85.82	89.38	0.00	38	0	42	0.00	0.00	66.04	7.45	0.00	0.00	2000
228	11.09	2084	2074	0.73	196	0	0	3	66.13	0.00	0.03	2.80	85.03	88.91	0.00	38	0	42	0.00	0.00	64.68	7.48	0.00	0.00	2000
228	11.20	2011	2130	0.00	194	0	0	0	nan	0.05	0.00	3.08	87.09	88.80	0.00	38	0	42	0.00	0.00	65.86	7.72	0.00	0.00	2000
228	10.90	2091	2095	0.00	195	0	0	0	nan	0.00	0.00	2.84	85.96	89.10	0.00	38	0	42	0.00	0.00	66.25	7.64	0.00	0.00	2000
230	11.27	2036	2107	0.00	195	0	0	0	nan	0.00	0.00	3.32	85.78	88.73	0.00	38	0	42	0.00	0.00	63.64	7.32	0.00	0.00	2000
228	11.09	2130	2029	0.00	196	0	0	0	nan	0.00	0.02	3.49	82.40	88.91	0.00	38	0	42	0.00	0.00	63.35	6.90	0.00	0.00	2000
230	10.71	2078	2173	0.00	194	0	0	0	nan	0.00	0.00	3.72	88.67	89.29	0.00	38	0	42	0.00	0.00	70.15	8.42	0.00	0.00	2000
229	10.71	2130	2105	0.00	195	0	0	0	nan	0.00	0.02	3.17	86.29	89.29	0.00	38	0	42	0.00	0.00	64.79	7.43	0.00	0.00	2000
230	10.72	2148	2097	0.00	195	0	0	0	nan	0.00	0.02	3.23	85.82	89.28	0.00	38	0	42	0.00	0.00	63.78	7.09	0.00	0.00	2000
228	10.92	2090	2099	0.00	194	0	0	0	nan	0.01	0.00	3.17	85.91	89.08	0.00	38	0	42	0.00	0.00	66.96	7.72	0.00	0.00	2000
231	11.11	2085	2097	0.00	181	0	0	0	nan	0.00	0.00	4.03	84.82	88.89	0.00	38	0	42	0.00	0.00	65.55	7.50	0.00	0.00	2000
229	10.70	2126	2109	0.00	195	0	0	0	nan	0.00	0.01	3.52	86.12	89.30	0.00	38	0	42	0.00	0.00	68.01	7.48	0.00	0.00	2000
229	11.11	2063	2097	0.00	194	0	0	0	nan	0.00	0.00	3.39	85.50	88.89	0.00	38	0	42	0.00	0.00	63.48	7.75	0.00	0.00	2000
228	10.85	2101	2099	0.00	194	0	0	0	nan	0.01	0.00	3.27	85.87	89.15	0.00	38	0	42	0.00	0.00	64.54	7.33	0.00	0.00	2000
226	11.41	2096	1989	0.00	198	0	0	0	nan	0.00	0.02	4.27	79.72	88.59	0.00	38	0	42	0.00	0.00	61.48	7.04	0.00	0.00	2000
240	10.66	2127	2218	0.00	196	0	0	0	nan	0.00	0.00	2.93	91.30	89.34	0.00	38	0	42	0.00	0.00	72.87	8.29	0.00	0.00	2000
232	10.96	2114	2102	0.00	203	0	0	0	nan	0.00	0.00	7.14	82.03	89.04	0.00	38	0	42	0.00	0.00	64.52	7.23	0.00	0.00	2000
230	10.73	2140	2100	0.00	195	0	0	1	68.63	0.00	0.55	8.79	79.97	89.27	0.00	38	0	42	0.00	0.00	65.78	7.49	0.00	0.00	2000
231	11.09	2082	2101	0.85	196	0	0	5	58.81	0.00	0.00	5.92	83.16	88.91	0.00	38	0	42	0.00	0.00	66.90	7.70	0.00	0.00	2000
231	10.94	2112	2098	0.00	179	0	0	0	nan	0.00	0.00	6.75	82.29	89.06	0.00	38	0	42	0.00	0.00	62.48	7.16	0.00	0.00	2000
231	10.97	2107	2099	0.00	197	0	0	0	nan	0.00	0.00	6.09	82.94	89.03	0.00	38	0	42	0.00	0.00	66.72	7.67	0.00	0.00	2000
232	11.00	2109	2099	0.00	195	0	0	0	nan	0.00	0.02	6.53	82.47	89.00	0.00	38	0	42	0.00	0.00	66.74	7.81	0.00	0.00	2000
231	11.01	2095	2100	0.00	186	0	0	0	nan	0.00	0.00	6.28	82.70	88.99	0.00	38	0	42	0.00	0.00	66.10	7.65	0.00	0.00	2000
230	10.73	2141	2105	0.00	197	0	0	0	nan	0.00	0.00	7.05	82.35	89.27	0.00	38	0	42	0.00	0.00	65.07	7.35	0.00	0.00	2000
230	10.71	2146	2097	0.00	196	0	0	0	nan	0.00	0.00	5.34	83.84	89.29	0.00	38	0	42	0.00	0.00	63.49	7.33	0.00	0.00	2000
229	10.73	2140	2096	0.00	197	0	0	0	nan	0.00	0.00	6.53	82.53	89.27	0.00	38	0	41	0.00	0.00	66.22	7.69	0.00	0.00	2000
230	10.85	2123	2099	0.00	194	0	0	0	nan	0.00	0.00	6.57	82.56	89.15	0.00	38	0	42	0.00	0.00	65.44	7.43	0.00	0.00	2000
232	11.01	2106	2104	0.00	201	0	0	0	nan	0.00	0.09	7.87	81.22	88.99	0.00	38	0	42	0.00	0.00	66.23	7.74	0.00	0.00	2000
230	10.83	2140	2086	0.00	182	0	0	0	nan	0.00	0.05	5.88	82.69	89.17	0.00	38	0	42	0.00	0.00	63.20	7.26	0.00	0.00	2000
228	10.88	2091	2110	0.00	199	0	0	0	nan	0.00	0.02	3.86	85.67	89.12	0.00	38	0	42	0.00	0.00	63.22	7.29	0.00	0.00	2000
231	11.05	2083	2108	0.00	197	0	0	0	nan	0.00	0.00	6.08	83.28	88.95	0.00	38	0	42	0.00	0.00	66.77	7.95	0.00	0.00	2000
228	10.97	2158	2024	0.00	198	0	0	0	nan	0.00	0.00	6.13	79.67	89.03	0.00	38	0	42	0.00	0.00	64.20	6.84	0.00	0.00	2000
240	11.26	2062	2172	0.00	199	0	0	0	nan	0.00	0.23	6.06	85.57	88.74	0.00	38	0	42	0.00	0.00	68.80	7.86	0.00	0.00	2000
229	10.82	2116	2098	0.00	206	0	0	0	nan	0.00	0.11	6.74	82.22	89.18	0.00	38	0	42	0.00	0.00	65.61	7.54	0.00	0.00	2000
232	11.15	2076	2108	0.00	199	0	0	0	nan	0.00	0.01	9.03	80.19	88.85	0.00	38	0	42	0.00	0.00	64.47	7.16	0.00	0.00	2000
229	11.05	2079	2095	0.52	198	0	0	5	48.79	0.00	0.03	7.84	81.02	88.95	0.00	38	0	42	0.00	0.00	66.49	7.26	0.00	0.00	2000
230	11.17	2059	2098	0.39	197	0	0	0	90.73	0.00	0.00	6.29	82.55	88.83	0.00	38	0	42	0.00	0.00	65.35	7.46	0.00	0.00	2000
229	11.02	2075	2102	0.00	198	0	0	0	nan	0.00	0.00	6.40	82.70	88.98	0.00	38	0	42	0.00	0.00	66.78	7.47	0.00	0.00	2000
232	11.08	2093	2100	0.00	198	0	0	0	nan	0.00	0.00	5.89	83.07	88.92	0.00	38	0	42	0.00	0.00	66.20	7.59	0.00	0.00	2000
229	10.98	2089	2101	0.00	194	0	0	0	nan	0.00	0.02	7.60	81.52	89.02	0.00	38	0	42	0.00	0.00	63.54	7.40	0.00	0.00	2000
230	11.08	2083	2092	0.00	180	0	0	0	nan	0.00	0.00	6.58	82.13	88.92	0.00	38	0	42	0.00	0.00	65.51	7.53	0.00	0.00	2000
229	10.99	2088	2094	0.00	197	0	0	0	nan	0.00	0.00	6.86	81.89	89.01	0.00	38	0	42	0.00	0.00	62.63	7.13	0.00	0.00	2000
231	11.08	2074	2112	0.00	197	0	0	0	nan	0.00	0.00	6.62	82.83	88.92	0.00	38	0	42	0.00	0.00	67.82	8.13	0.00	0.00	2000
231	11.19	2094	2067	0.00	198	0	0	0	nan	0.00	2.15	3.42	81.93	88.81	0.00	38	0	42	0.00	0.00	62.48	7.17	0.00	0.00	2000
231	11.05	2050	2140	0.00	205	0	0	0	nan	0.00	0.00	6.20	84.50	88.95	0.00	38	0	42	0.00	0.00	67.16	7.68	0.00	0.00	2000
230	10.91	2116	2096	0.00	196	0	0	0	nan	0.00	0.00	7.09	81.90	89.09	0.00	38	0	42	0.00	0.00	66.85	7.70	0.00	0.00	2000
231	10.71	2156	2100	0.00	196	0	0	0	nan	0.00	0.02	5.03	84.20	89.29	0.00	38	0	42	0.00	0.00	65.84	7.65	0.00	0.00	2000
229	10.69	2142	2097	0.00	198	0	0	0	nan	0.00	0.00	5.25	83.89	89.31	0.00	38	0	42	0.00	0.00	66.44	7.61	0.00	0.00	2000
227	11.36	2109	1990	0.00	196	0	0	0	nan	0.00	0.00	6.06	77.97	88.64	0.00	37	0	42	0.00	0.00	58.60	7.09	0.00	0.00	2000
237	10.61	2103	2228	0.00	199	0	0	0	nan	0.00	0.00	9.44	85.44	89.39	0.00	38	0	42	0.00	0.00	70.45	8.21	0.00	0.00	2000
231	11.04	2099	2096	0.00	195	0	0	0	nan	0.04	0.00	8.04	80.85	88.96	0.00	38	0	42	0.00	0.00	66.54	7.59	0.00	0.00	2000
229	10.77	2128	2099	0.00	197	0	0	0	nan	0.00	0.02	6.48	82.71	89.23	0.00	38	0	42	0.00	0.00	65.89	7.72	0.00	0.00	2000
230	10.91	2112	2097	0.19	198	0	0	3	51.20	0.00	0.00	6.67	82.29	89.09	0.00	38	0	42	0.00	0.00	65.09	7.52	0.00	0.00	2000
229	10.91	2095	2102	0.71	195	0	0	3	70.15	0.00	0.00	6.78	82.41	89.09	0.00	38	0	42	0.00	0.00	65.99	7.79	0.00	0.00	2000
233	11.31	2059	2102	0.00	199	0	0	0	nan	0.00	0.02	7.45	81.44	88.69	0.00	38	0	41	0.00	0.00	63.72	7.42	0.00	0.00	2000
230	10.98	2092	2099	0.00	186	0	0	0	nan	0.00	0.03	6.63	82.52	89.02	0.00	38	0	42	0.00	0.00	63.96	7.36	0.00	0.00	2000
230	11.05	2086	2096	0.00	201	0	0	0	nan	0.01	0.00	6.87	82.03	88.95	0.00	38	0	42	0.00	0.00	65.60	7.64	0.00	0.00	2000
230	11.17	2057	2107	0.00	195	0	0	0	nan	0.00	0.09	3.13	86.06	88.83	0.00	38	0	42	0.00	0.00	67.43	7.71	0.00	0.00	2000
231	10.74	2160	2095	0.00	198	0	0	0	nan	0.00	0.02	2.46	86.58	89.26	0.00	38	0	42	0.00	0.00	65.62	7.64	0.00	0.00	2000
230	11.07	2075	2104	0.00	199	0	0	0	nan	0.00	0.00	6.79	82.39	88.93	0.00	38	0	42	0.00	0.00	64.69	7.47	0.00	0.00	2000
233	11.00	2120	2101	0.00	184	0	0	0	nan	0.00	0.46	7.05	81.54	89.00	0.00	38	0	42	0.00	0.00	64.82	7.59	0.00	0.00	2000
231	10.48	2204	2098	0.00	195	0	0	0	nan	0.00	1.52	8.07	79.99	89.52	0.00	38	0	42	0.00	0.00	67.43	7.70	0.00	0.00	2000
229	11.19	2050	2098	0.00	198	0	0	0	nan	0.00	0.00	6.02	82.79	88.81	0.00	38	0	42	0.00	0.00	65.94	7.77	0.00	0.00	2000
226	11.42	2090	1992	0.00	200	0	0	0	nan	0.00	0.00	4.50	79.57	88.58	0.00	38	0	42	0.00	0.00	57.37	6.76	0.00	0.00	2000
234	10.59	2097	2215	0.00	197	0	0	0	nan	0.00	0.02	6.67	87.62	89.41	0.00	38	0	42	0.00	0.00	71.43	8.38	0.00	0.00	2000
233	11.26	2066	2106	0.00	201	0	0	0	nan	0.00	0.00	6.70	82.41	88.74	0.00	38	0	42	0.00	0.00	67.82	7.85	0.00	0.00	2000
230	10.91	2114	2095	0.00	194	0	0	0	nan	0.00	0.00	7.50	81.43	89.09	0.00	38	0	42	0.00	0.00	65.92	7.55	0.00	0.00	2000
228	10.96	2088	2097	0.00	196	0	0	0	nan	0.00	0.01	6.26	82.70	89.04	0.00	38	0	42	0.00	0.00	62.75	7.20	0.00	0.00	2000
232	11.25	2059	2106	0.00	196	0	0	0	nan	0.04	0.00	7.45	81.68	88.75	0.00	38	0	42	0.00	0.00	64.11	7.23	0.00	0.00	2000
230	10.97	2103	2093	0.00	183	0	0	1	68.63	0.00	0.00	8.29	80.33	89.03	0.00	38	0	42	0.00	0.00	65.87	7.69	0.00	0.00	2000
233	11.23	2087	2088	0.82	198	0	0	5	58.83	0.00	0.00	6.72	81.62	88.77	0.00	38	0	42	0.00	0.00	64.84	7.48	0.00	0.00	2000
229	11.11	2054	2111	0.00	196	0	0	0	nan	0.00	0.00	3.71	85.73	88.89	0.00	38	0	41	0.00	0.00	65.71	7.75	0.00	0.00	2000
230	10.99	2080	2113	0.00	194	0	0	0	nan	0.00	0.00	2.79	86.85	89.01	0.00	38	0	42	0.00	0.00	67.46	7.89	0.00	0.00	2000
228	11.11	2057	2095	0.00	196	0	0	0	nan	0.00	0.00	4.20	84.58	88.89	0.00	38	0	42	0.00	0.00	64.40	7.46	0.00	0.00	2000
229	10.93	2108	2090	0.00	194	0	0	0	nan	0.01	0.00	2.49	86.22	89.07	0.00	38	0	42	0.00	0.00	62.87	7.14	0.00	0.00	2000
228	11.05	2060	2106	0.00	195	0	0	0	nan	0.00	0.00	3.17	86.14	88.95	0.00	38	0	42	0.00	0.00	66.21	7.50	0.00	0.00	2000
232	11.20	2066	2103	0.00	198	0	0	0	nan	0.00	0.01	4.95	84.03	88.80	0.00	38	0	42	0.00	0.00	68.40	7.97	0.00	0.00	2000
229	11.03	2086	2090	0.00	197	0	0	0	nan	0.00	0.00	3.41	85.27	88.97	0.00	38	0	42	0.00	0.00	63.87	7.57	0.00	0.00	2000
229	10.88	2099	2105	0.00	179	0	0	0	nan	0.00	0.00	3.43	85.89	89.12	0.00	38	0	42	0.00	0.00	65.63	7.73	0.00	0.00	2000
228	11.12	2090	2057	0.00	195	0	0	0	nan	0.00	0.02	2.70	84.51	88.88	0.00	38	0	42	0.00	0.00	65.22	7.54	0.00	0.00	2000
230	10.86	2073	2143	0.00	194	0	0	0	nan	0.00	0.00	4.64	86.45	89.14	0.00	38	0	42	0.00	0.00	65.58	7.60	0.00	0.00	2000
227	10.74	2115	2099	0.00	197	0	0	0	nan	0.00	0.00	2.81	86.44	89.26	0.00	38	0	42	0.00	0.00	66.54	7.50	0.00	0.00	2000
234	10.80	2159	2106	0.00	196	0	0	0	nan	0.00	0.02	3.88	85.60	89.20	0.00	38	0	42	0.00	0.00	67.08	7.79	0.00	0.00	2000
229	10.74	2132	2096	0.00	195	0	0	0	nan	0.00	0.01	3.14	85.97	89.26	0.00	38	0	42	0.00	0.00	60.55	7.20	0.00	0.00	2000
229	10.91	2105	2097	0.00	195	0	0	0	nan	0.00	0.02	2.56	86.49	89.09	0.00	38	0	42	0.00	0.00	65.29	7.52	0.00	0.00	2000
229	10.80	2116	2103	0.00	196	0	0	0	nan	0.00	0.00	3.01	86.27	89.20	0.00	38	0	42	0.00	0.00	65.95	7.67	0.00	0.00	2000
229	10.92	2089	2103	0.00	194	0	0	0	nan	0.00	0.00	2.93	86.33	89.08	0.00	38	0	42	0.00	0.00	66.33	7.66	0.00	0.00	2000
227	11.17	2086	2050	0.57	179	0	0	6	44.90	0.00	0.00	2.86	83.91	88.83	0.00	38	0	41	0.00	0.00	65.03	7.42	0.00	0.00	2000
232	11.01	2065	2144	0.35	196	0	0	0	nan	0.00	0.01	4.34	86.63	88.99	0.00	38	0	42	0.00	0.00	65.32	7.41	0.00	0.00	2000
229	10.88	2092	2108	0.00	195	0	0	0	nan	0.00	0.00	3.20	86.32	89.12	0.00	38	0	42	0.00	0.00	64.30	7.50	0.00	0.00	2000
229	11.11	2065	2097	0.00	194	0	0	0	nan	0.00	0.01	3.15	85.71	88.89	0.00	38	0	41	0.00	0.00	65.72	7.77	0.00	0.00	2000
228	10.84	2102	2097	0.00	194	0	0	0	nan	0.01	0.00	3.09	85.97	89.16	0.00	38	0	42	0.00	0.00	63.30	7.37	0.00	0.00	2000
229	10.96	2089	2100	0.00	195	0	0	0	nan	0.00	0.00	3.31	85.79	89.04	0.00	38	0	42	0.00	0.00	65.74	7.69	0.00	0.00	2000
226	11.14	2125	2007	0.00	195	0	0	0	nan	0.00	0.00	3.39	81.53	88.86	0.00	38	0	42	0.00	0.00	62.43	6.94	0.00	0.00	2000
232	10.68	2075	2199	0.00	195	0	0	0	nan	0.00	0.03	2.62	90.94	89.32	0.00	38	0	42	0.00	0.00	71.80	8.19	0.00	0.00	2000
229	11.12	2067	2097	0.00	197	0	0	0	nan	0.00	0.00	2.94	85.92	88.88	0.00	38	0	42	0.00	0.00	66.21	7.69	0.00	0.00	2000
229	11.12	2060	2101	0.00	196	0	0	0	nan	0.00	0.02	3.53	85.49	88.88	0.00	38	0	42	0.00	0.00	66.02	7.57	0.00	0.00	2000
228	11.10	2057	2100	0.00	196	0	0	0	nan	0.00	0.02	3.16	85.78	88.90	0.00	38	0	42	0.00	0.00	63.25	7.13	0.00	0.00	2000
232	11.22	2067	2103	0.00	195	0	0	0	nan	0.00	0.00	3.65	85.26	88.78	0.00	38	0	42	0.00	0.00	66.19	7.56	0.00	0.00	2000
229	11.26	2029	2101	0.00	194	0	0	0	nan	0.00	0.00	3.35	85.54	88.74	0.00	38	0	42	0.00	0.00	64.14	7.43	0.00	0.00	2000
229	10.68	2152	2096	0.00	195	0	0	0	nan	0.00	0.00	2.83	86.24	89.32	0.00	38	0	42	0.00	0.00	65.81	7.60	0.00	0.00	2000
229	10.83	2113	2103	0.00	194	0	0	0	nan	0.00	0.01	3.42	85.83	89.17	0.00	38	0	42	0.00	0.00	67.28	7.82	0.00	0.00	2000
230	10.97	2093	2100	0.00	180	0	0	0	nan	0.00	0.02	3.59	85.43	89.03	0.00	38	0	42	0.00	0.00	66.55	7.39	0.00	0.00	2000
229	10.71	2136	2101	0.00	195	0	0	0	nan	0.00	0.00	3.29	86.01	89.29	0.00	38	0	42	0.00	0.00	64.83	7.50	0.00	0.00	2000
232	10.78	2157	2100	0.22	196	0	0	5	52.31	0.00	0.02	3.39	85.83	89.22	0.00	38	0	42	0.00	0.00	63.78	7.37	0.00	0.00	2000
229	10.90	2103	2095	0.70	195	0	0	3	67.12	0.00	0.02	2.95	85.90	89.10	0.00	38	0	42	0.00	0.00	65.89	7.59	0.00	0.00	2000
237	10.88	2168	2106	0.00	210	0	0	0	nan	0.00	0.00	7.31	81.96	89.12	0.00	38	0	42	0.00	0.00	64.54	7.44	0.00	0.00	2000
228	11.16	2057	2085	0.00	180	0	0	0	nan	0.00	0.01	3.04	85.21	88.84	0.00	38	0	42	0.00	0.00	65.92	7.58	0.00	0.00	2000
228	11.07	2052	2111	0.00	194	0	0	0	nan	0.00	0.00	3.63	85.77	88.93	0.00	38	0	42	0.00	0.00	67.90	7.91	0.00	0.00	2000
229	11.35	2056	2065	0.00	195	0	0	0	nan	0.00	0.00	2.98	84.22	88.65	0.00	38	0	42	0.00	0.00	62.26	7.26	0.00	0.00	2000
232	10.75	2110	2144	0.00	195	0	0	0	nan	0.00	0.01	3.65	87.46	89.25	0.00	38	0	42	0.00	0.00	65.19	7.36	0.00	0.00	2000
230	10.92	2103	2098	0.00	196	0	0	0	nan	0.00	0.00	3.56	85.48	89.08	0.00	38	0	42	0.00	0.00	65.95	7.72	0.00	0.00	2000
230	11.04	2087	2098	0.00	195	0	0	0	nan	0.00	0.00	2.79	86.13	88.96	0.00	38	0	42	0.00	0.00	67.90	7.78	0.00	0.00	2000
228	11.01	2076	2097	0.00	179	0	0	0	nan	0.00	0.00	3.47	85.44	88.99	0.00	38	0	42	0.00	0.00	64.02	7.36	0.00	0.00	2000
229	11.03	2094	2084	0.00	196	0	0	0	nan	0.00	0.00	2.89	85.37	88.97	0.00	38	0	42	0.00	0.00	64.73	7.44	0.00	0.00	2000
232	11.32	2025	2124	0.00	196	0	0	0	nan	0.00	0.00	4.59	85.13	88.68	0.00	38	0	42	0.00	0.00	67.39	7.93	0.00	0.00	2000
236	11.07	2132	2097	0.00	197	0	0	0	nan	0.00	0.02	3.51	85.32	88.93	0.00	38	0	42	0.00	0.00	64.41	7.43	0.00	0.00	2000
227	11.18	2110	2019	0.00	199	0	0	0	nan	0.00	0.00	4.04	81.47	88.82	0.00	38	0	42	0.00	0.00	62.98	7.18	0.00	0.00	2000
232	10.62	2102	2182	0.00	195	0	0	0	nan	0.00	0.02	2.82	90.03	89.38	0.00	38	0	42	0.00	0.00	68.99	8.03	0.00	0.00	2000
230	11.03	2080	2104	0.00	196	0	0	0	nan	0.00	0.00	3.16	86.03	88.97	0.00	38	0	42	0.00	0.00	64.46	7.61	0.00	0.00	2000
229	11.26	2038	2098	0.00	193	0	0	0	nan	0.00	0.01	4.38	84.43	88.74	0.00	38	0	42	0.00	0.00	66.05	7.62	0.00	0.00	2000
230	11.22	2049	2098	0.00	195	0	0	2	65.10	0.00	0.01	3.15	85.61	88.78	0.00	38	0	42	0.00	0.00	66.52	7.66	0.00	0.00	2000
229	11.02	2080	2102	0.84	195	0	0	7	54.23	0.00	0.00	2.87	86.21	88.98	0.00	38	0	42	0.00	0.00	63.82	7.59	0.00	0.00	2000
229	10.90	2102	2097	0.00	180	0	0	0	nan	0.00	0.00	3.52	85.38	89.10	0.00	38	0	42	0.00	0.00	66.28	7.66	0.00	0.00	2000
229	11.19	2043	2099	0.00	195	0	0	0	nan	0.00	0.00	2.93	85.89	88.81	0.00	38	0	42	0.00	0.00	63.44	7.12	0.00	0.00	2000
230	10.89	2105	2106	0.00	197	0	0	0	nan	0.00	0.01	3.61	85.73	89.11	0.00	38	0	42	0.00	0.00	67.62	7.60	0.00	0.00	2000
232	11.02	2108	2101	0.00	196	0	0	0	nan	0.00	0.01	3.26	85.79	88.98	0.00	38	0	42	0.00	0.00	66.73	7.61	0.00	0.00	2000
229	10.84	2121	2089	0.00	195	0	0	0	nan	0.00	0.02	2.64	86.09	89.16	0.00	38	0	42	0.00	0.00	63.36	7.40	0.00	0.00	2000
229	11.03	2075	2104	0.00	181	0	0	0	nan	0.00	0.00	4.18	84.99	88.97	0.00	38	0	42	0.00	0.00	63.57	7.20	0.00	0.00	2000
228	11.00	2089	2082	0.00	195	0	0	0	nan	0.00	0.00	2.80	85.47	89.00	0.00	38	0	42	0.00	0.00	65.30	7.52	0.00	0.00	2000
229	10.81	2102	2119	0.00	194	0	0	0	nan	0.00	0.00	3.92	86.07	89.19	0.00	38	0	42	0.00	0.00	66.02	7.45	0.00	0.00	2000
228	11.08	2100	2057	0.00	197	0	0	0	nan	0.00	0.00	3.02	84.17	88.92	0.00	38	0	42	0.00	0.00	65.36	7.35	0.00	0.00	2000
233	11.18	2036	2146	0.00	196	0	0	0	nan	0.00	0.00	4.29	86.63	88.82	0.00	38	0	42	0.00	0.00	66.07	7.58	0.00	0.00	2000
228	11.27	2026	2095	0.00	196	0	0	0	nan	0.00	0.00	2.84	85.72	88.73	0.00	38	0	42	0.00	0.00	66.06	7.41	0.00	0.00	2000
229	11.21	2037	2103	0.00	193	0	0	0	nan	0.00	0.00	2.90	86.12	88.79	0.00	38	0	42	0.00	0.00	65.27	7.55	0.00	0.00	2000
230	10.98	2086	2107	0.00	195	0	0	0	nan	0.00	0.00	2.82	86.50	89.02	0.00	38	0	42	0.00	0.00	67.54	7.73	0.00	0.00	2000
230	10.72	2150	2096	0.00	196	0	0	0	nan	0.01	0.02	3.35	85.79	89.28	0.00	38	0	42	0.00	0.00	64.29	7.57	0.00	0.00	2000
231	11.18	2064	2099	0.00	194	0	0	0	nan	0.00	0.00	3.00	85.89	88.83	0.00	38	0	42	0.00	0.00	66.39	7.64	0.00	0.00	2000
231	11.38	2036	2092	0.00	183	0	0	0	nan	0.01	0.00	4.51	83.85	88.62	0.00	38	0	42	0.00	0.00	63.23	7.12	0.00	0.00	2000
228	11.04	2061	2106	0.57	195	0	0	6	46.00	0.00	0.00	3.75	85.46	88.96	0.00	38	0	42	0.00	0.00	66.60	7.61	0.00	0.00	2000
229	11.09	2112	2049	0.37	194	0	0	0	nan	0.00	0.01	3.24	83.54	88.91	0.00	38	0	42	0.00	0.00	61.52	7.41	0.00	0.00	2000
230	10.84	2076	2148	0.00	196	0	0	0	nan	0.04	0.01	3.88	87.34	89.16	0.00	38	0	42	0.00	0.00	69.10	7.52	0.00	0.00	2000
229	11.12	2057	2100	0.00	196	0	0	0	nan	0.00	0.00	2.73	86.22	88.88	0.00	38	0	42	0.00	0.00	65.47	7.43	0.00	0.00	2000
232	10.83	2133	2106	0.00	196	0	0	0	nan	0.00	0.00	2.85	86.49	89.17	0.00	38	0	42	0.00	0.00	67.24	7.63	0.00	0.00	2000
230	10.75	2142	2101	0.00	195	0	0	0	nan	0.00	0.00	3.09	86.24	89.25	0.00	38	0	42	0.00	0.00	66.68	7.69	0.00	0.00	2000
228	10.91	2095	2098	0.00	195	0	0	0	nan	0.00	0.00	3.41	85.61	89.09	0.00	38	0	42	0.00	0.00	66.11	7.70	0.00	0.00	2000
229	11.16	2047	2100	0.00	193	0	0	0	nan	0.00	0.02	3.08	85.85	88.84	0.00	38	0	42	0.00	0.00	61.46	6.93	0.00	0.00	2000
229	11.04	2111	2060	0.00	180	0	0	0	nan	0.00	0.00	3.24	84.06	88.96	0.00	38	0	42	0.00	0.00	66.16	7.56	0.00	0.00	2000
230	10.94	2072	2136	0.00	195	0	0	0	nan	0.00	0.00	3.63	86.99	89.06	0.00	38	0	42	0.00	0.00	65.24	7.62	0.00	0.00	2000
235	11.26	2082	2101	0.00	198	0	0	0	nan	0.00	0.00	3.69	85.07	88.74	0.00	38	0	42	0.00	0.00	67.07	7.73	0.00	0.00	2000
229	11.32	2026	2101	0.00	195	0	0	0	nan	0.00	0.00	2.90	85.87	88.68	0.00	38	0	42	0.00	0.00	66.16	7.46	0.00	0.00	2000
228	10.98	2076	2104	0.00	194	0	0	0	nan	0.00	0.00	3.48	85.79	89.02	0.00	38	0	42	0.00	0.00	67.03	7.59	0.00	0.00	2000
230	10.57	2175	2098	0.00	194	0	0	0	nan	0.00	0.01	2.99	86.27	89.43	0.00	38	0	42	0.00	0.00	63.57	7.72	0.00	0.00	2000
230	10.71	2150	2097	0.00	197	0	0	0	nan	0.00	0.00	4.32	84.77	89.29	0.00	38	0	42	0.00	0.00	63.41	6.89	0.00	0.00	2000
234	11.05	2112	2101	0.00	196	0	0	0	nan	0.00	0.01	3.57	85.37	88.95	0.00	38	0	42	0.00	0.00	67.02	7.72	0.00	0.00	2000
228	10.72	2145	2085	0.00	178	0	0	0	nan	0.00	0.00	2.85	85.83	89.28	0.00	38	0	42	0.00	0.00	65.31	7.37	0.00	0.00	2000
228	11.08	2045	2118	0.10	194	0	0	4	53.21	0.00	0.00	3.27	86.44	88.92	0.00	38	0	42	0.00	0.00	66.29	7.47	0.00	0.00	2000
228	11.22	2053	2077	0.74	196	0	0	3	63.56	0.00	0.00	3.24	84.59	88.78	0.00	38	0	42	0.00	0.00	65.12	7.46	0.00	0.00	2000
229	11.22	2022	2122	0.00	196	0	0	0	nan	0.00	0.00	5.28	84.47	88.78	0.00	38	0	42	0.00	0.00	66.32	7.61	0.00	0.00	2000
229	10.84	2113	2104	0.00	197	0	0	0	nan	0.00	0.00	2.41	86.91	89.16	0.00	38	0	42	0.00	0.00	68.04	7.75	0.00	0.00	2000
229	10.96	2158	2032	0.00	196	0	0	0	nan	0.00	0.00	3.20	82.94	89.04	0.00	38	0	42	0.00	0.00	63.23	7.11	0.00	0.00	2000
228	11.08	2035	2127	0.00	196	0	0	0	nan	0.00	0.02	4.02	86.10	88.92	0.00	38	0	42	0.00	0.00	65.54	7.29	0.00	0.00	2000
230	11.06	2043	2142	0.00	195	0	0	0	nan	0.00	0.00	4.24	86.65	88.94	0.00	38	0	42	0.00	0.00	66.45	7.81	0.00	0.00	2000
228	10.87	2097	2104	0.00	194	0	0	0	nan	0.00	0.00	3.05	86.29	89.13	0.00	38	0	42	0.00	0.00	67.91	7.71	0.00	0.00	2000
229	10.80	2122	2096	0.00	195	0	0	0	nan	0.00	0.00	3.27	85.79	89.20	0.00	38	0	42	0.00	0.00	63.31	7.39	0.00	0.00	2000
230	10.69	2152	2100	0.00	195	0	0	0	nan	0.00	0.01	4.01	85.30	89.31	0.00	38	0	42	0.00	0.00	64.68	7.46	0.00	0.00	2000
232	10.85	2141	2098	0.00	195	0	0	0	nan	0.00	0.00	3.29	85.72	89.15	0.00	38	0	42	0.00	0.00	67.83	7.52	0.00	0.00	2000
227	10.88	2091	2094	0.00	180	0	0	0	nan	0.00	0.01	3.48	85.49	89.12	0.00	38	0	42	0.00	0.00	66.20	7.55	0.00	0.00	2000
230	11.17	2053	2110	0.00	194	0	0	0	nan	0.00	0.01	3.05	86.26	88.83	0.00	38	0	42	0.00	0.00	64.22	7.27	0.00	0.00	2000
228	10.74	2128	2094	0.00	194	0	0	0	nan	0.00	0.00	2.61	86.50	89.26	0.00	38	0	42	0.00	0.00	63.66	7.30	0.00	0.00	2000
229	11.07	2068	2100	0.00	194	0	0	0	nan	0.00	0.00	3.17	85.80	88.93	0.00	38	0	42	0.00	0.00	65.17	7.47	0.00	0.00	2000
230	11.16	2058	2105	0.00	196	0	0	0	nan	0.00	0.02	3.44	85.63	88.84	0.00	38	0	42	0.00	0.00	68.21	8.02	0.00	0.00	2000
230	10.95	2101	2098	0.00	179	0	0	0	nan	0.00	0.00	3.33	85.63	89.05	0.00	38	0	42	0.00	0.00	66.20	7.55	0.00	0.00	2000
226	11.04	2103	2044	0.00	195	0	0	1	63.34	0.00	0.00	2.42	84.14	88.96	0.00	38	0	42	0.00	0.00	61.77	7.08	0.00	0.00	2000
230	10.65	2106	2158	0.87	195	0	0	7	57.23	0.00	0.00	3.74	88.05	89.35	0.00	38	0	42	0.00	0.00	69.15	7.94	0.00	0.00	2000
229	11.03	2072	2106	0.00	196	0	0	0	nan	0.00	0.00	2.75	86.56	88.97	0.00	38	0	42	0.00	0.00	64.62	7.58	0.00	0.00	2000
230	10.88	2123	2094	0.00	194	0	0	0	nan	0.01	0.00	3.27	85.56	89.12	0.00	38	0	42	0.00	0.00	62.50	7.25	0.00	0.00	2000
229	11.05	2070	2101	0.00	195	0	0	0	nan	0.00	0.00	3.42	85.72	88.95	0.00	38	0	42	0.00	0.00	66.10	7.63	0.00	0.00	2000
231	10.64	2175	2096	0.00	197	0	0	0	nan	0.00	0.00	3.09	86.04	89.36	0.00	38	0	42	0.00	0.00	65.70	7.52	0.00	0.00	2000
226	11.02	2140	2012	0.00	197	0	0	0	nan	0.00	0.00	4.60	80.63	88.98	0.00	38	0	42	0.00	0.00	62.39	7.25	0.00	0.00	2000
231	10.63	2077	2195	0.00	195	0	0	0	nan	0.00	0.01	2.63	90.87	89.37	0.00	38	0	42	0.00	0.00	70.89	8.24	0.00	0.00	2000
230	11.20	2051	2100	0.00	195	0	0	0	nan	0.00	0.00	2.67	86.12	88.80	0.00	38	0	42	0.00	0.00	65.43	7.52	0.00	0.00	2000
230	10.82	2122	2100	0.00	195	0	0	0	nan	0.00	0.00	2.99	86.19	89.18	0.00	38	0	42	0.00	0.00	65.85	7.58	0.00	0.00	2000
231	11.01	2090	2105	0.00	195	0	0	0	nan	0.00	0.00	2.64	86.53	88.99	0.00	38	0	42	0.00	0.00	64.96	7.51	0.00	0.00	2000
230	10.93	2107	2095	0.00	195	0	0	0	nan	0.00	0.01	3.02	85.92	89.07	0.00	38	0	42	0.00	0.00	63.33	7.09	0.00	0.00	2000
229	11.08	2064	2104	0.00	195	0	0	0	nan	0.00	0.02	3.18	85.96	88.92	0.00	38	0	42	0.00	0.00	66.56	7.63	0.00	0.00	2000
229	10.92	2100	2098	0.00	194	0	0	0	nan	0.00	0.02	2.92	86.09	89.08	0.00	38	0	42	0.00	0.00	66.25	7.56	0.00	0.00	2000
230	10.90	2108	2101	0.00	196	0	0	0	nan	0.00	0.01	3.33	85.80	89.10	0.00	38	0	42	0.00	0.00	67.61	7.78	0.00	0.00	2000
230	10.70	2160	2094	0.00	178	0	0	0	nan	0.00	0.02	3.88	85.17	89.30	0.00	38	0	41	0.00	0.00	65.47	7.44	0.00	0.00	2000
228	11.19	2082	2050	0.00	194	0	0	0	nan	0.00	0.02	2.89	83.85	88.81	0.00	38	0	42	0.00	0.00	61.74	7.04	0.00	0.00	2000
230	10.69	2096	2156	0.00	194	0	0	0	nan	0.00	0.01	3.30	88.42	89.31	0.00	38	0	42	0.00	0.00	68.75	8.02	0.00	0.00	2000
229	10.63	2150	2106	0.64	196	0	0	6	44.90	0.00	0.02	2.67	86.90	89.37	0.00	38	0	42	0.00	0.00	65.18	7.56	0.00	0.00	2000
229	10.81	2119	2097	0.31	194	0	0	0	nan	0.00	0.02	3.19	85.83	89.19	0.00	38	0	42	0.00	0.00	63.72	7.37	0.00	0.00	2000
230	10.89	2112	2097	0.00	194	0	0	0	nan	0.00	0.02	2.66	86.32	89.11	0.00	38	0	42	0.00	0.00	66.49	7.56	0.00	0.00	2000
229	11.02	2073	2103	0.00	196	0	0	0	nan	0.00	0.00	3.29	85.85	88.98	0.00	38	0	42	0.00	0.00	67.38	7.76	0.00	0.00	2000
229	11.00	2089	2093	0.00	180	0	0	0	nan	0.00	0.01	3.42	85.28	89.00	0.00	38	0	42	0.00	0.00	65.80	7.72	0.00	0.00	2000
230	10.95	2107	2090	0.00	194	0	0	0	nan	0.00	0.00	3.06	85.52	89.05	0.00	38	0	42	0.00	0.00	62.76	6.96	0.00	0.00	2000
229	10.75	2108	2119	0.00	194	0	0	0	nan	0.00	0.00	3.97	86.05	89.25	0.00	38	0	42	0.00	0.00	67.83	7.75	0.00	0.00	2000
232	11.04	2096	2102	0.00	196	0	0	0	nan	0.00	0.00	3.58	85.43	88.96	0.00	38	0	42	0.00	0.00	64.13	7.19	0.00	0.00	2000
226	11.06	2137	2010	0.00	196	0	0	0	nan	0.00	0.00	3.24	81.94	88.94	0.00	38	0	42	0.00	0.00	62.28	7.24	0.00	0.00	2000
240	10.83	2121	2191	0.00	200	0	0	0	nan	0.00	0.02	2.70	90.39	89.17	0.00	38	0	42	0.00	0.00	68.76	7.74	0.00	0.00	2000
229	10.83	2113	2101	0.00	196	0	0	0	nan	0.00	0.02	3.82	85.39	89.17	0.00	38	0	42	0.00	0.00	65.02	7.36	0.00	0.00	2000
231	10.63	2168	2102	0.00	194	0	0	0	nan	0.00	0.03	3.04	86.37	89.37	0.00	38	0	42	0.00	0.00	66.66	7.52	0.00	0.00	2000
229	10.99	2090	2098	0.00	196	0	0	0	nan	0.00	0.02	3.33	85.66	89.01	0.00	38	0	42	0.00	0.00	67.35	7.73	0.00	0.00	2000
232	10.94	2120	2101	0.00	180	0	0	0	nan	0.00	0.03	3.11	86.06	89.06	0.00	38	0	42	0.00	0.00	63.89	7.43	0.00	0.00	2000
230	10.99	2091	2099	0.00	195	0	0	0	nan	0.00	0.00	3.31	85.79	89.01	0.00	38	0	42	0.00	0.00	64.56	7.39	0.00	0.00	2000
229	10.74	2142	2094	0.00	193	0	0	0	nan	0.00	0.01	2.62	86.40	89.26	0.00	38	0	42	0.00	0.00	65.30	7.47	0.00	0.00	2000
228	10.75	2118	2103	0.00	195	0	0	0	nan	0.01	0.00	2.86	86.45	89.25	0.00	38	0	42	0.00	0.00	65.64	7.81	0.00	0.00	2000
229	10.90	2097	2101	0.18	196	0	0	5	51.80	0.00	0.00	3.52	85.62	89.10	0.00	38	0	42	0.00	0.00	65.71	7.58	0.00	0.00	2000
231	10.91	2115	2099	0.72	195	0	0	4	67.05	0.01	0.00	4.05	85.00	89.09	0.00	38	0	41	0.00	0.00	66.52	7.61	0.00	0.00	2000
230	10.99	2125	2070	0.00	179	0	0	0	nan	0.00	0.00	3.33	84.45	89.01	0.00	38	0	42	0.00	0.00	60.06	6.95	0.00	0.00	2000
227	10.90	2055	2130	0.00	194	0	0	0	nan	0.00	0.00	4.56	85.87	89.10	0.00	38	0	42	0.00	0.00	68.54	7.54	0.00	0.00	2000
231	11.17	2065	2106	0.00	196	0	0	0	nan	0.00	0.01	3.86	85.26	88.83	0.00	38	0	42	0.00	0.00	63.86	7.68	0.00	0.00	2000
228	10.89	2098	2096	0.00	194	0	0	0	nan	0.00	0.00	3.44	85.61	89.11	0.00	38	0	42	0.00	0.00	66.49	7.73	0.00	0.00	2000
230	11.05	2083	2095	0.00	195	0	0	0	nan	0.00	0.03	3.15	85.67	88.95	0.00	38	0	42	0.00	0.00	64.88	7.47	0.00	0.00	2000
230	11.23	2052	2100	0.00	195	0	0	0	nan	0.00	0.00	3.40	85.48	88.77	0.00	38	0	42	0.00	0.00	64.21	7.30	0.00	0.00	2000
228	11.27	2021	2101	0.00	179	0	0	0	nan	0.00	0.00	3.76	85.11	88.73	0.00	38	0	42	0.00	0.00	64.82	7.19	0.00	0.00	2000
229	11.17	2092	2058	0.00	196	0	0	0	nan	0.00	0.00	2.85	84.40	88.83	0.00	38	0	42	0.00	0.00	62.73	7.36	0.00	0.00	2000
230	10.91	2061	2146	0.00	194	0	0	0	nan	0.00	0.00	4.09	86.99	89.09	0.00	38	0	42	0.00	0.00	65.79	7.45	0.00	0.00	2000
229	11.13	2054	2104	0.00	196	0	0	0	nan	0.00	0.00	2.76	86.31	88.87	0.00	38	0	42	0.00	0.00	67.63	7.75	0.00	0.00	2000
230	11.16	2065	2094	0.00	199	0	0	0	nan	0.00	0.00	4.71	83.97	88.84	0.00	38	0	42	0.00	0.00	65.71	7.64	0.00	0.00	2000
230	11.00	2091	2099	0.00	196	0	0	0	nan	0.00	0.00	4.17	84.76	89.00	0.00	38	0	42	0.00	0.00	66.29	7.61	0.00	0.00	2000
230	11.00	2088	2098	0.00	194	0	0	0	nan	0.00	0.02	2.98	85.94	89.00	0.00	38	0	42	0.00	0.00	65.25	7.59	0.00	0.00	2000
227	11.00	2059	2107	0.00	194	0	0	0	nan	0.00	0.00	3.27	86.08	89.00	0.00	38	0	42	0.00	0.00	64.72	7.56	0.00	0.00	2000
229	11.24	2079	2059	0.00	179	0	0	0	nan	0.00	0.02	3.15	84.04	88.76	0.00	38	0	42	0.00	0.00	62.69	7.20	0.00	0.00	2000
228	10.69	2107	2128	0.00	197	0	0	2	46.43	0.00	0.00	4.84	85.71	89.31	0.00	38	0	41	0.00	0.00	65.52	7.60	0.00	0.00	2000
234	10.84	2138	2118	1.10	195	0	0	11	37.72	0.00	0.01	3.56	86.27	89.16	0.00	38	0	42	0.00	0.00	67.71	7.80	0.00	0.00	2000
229	10.74	2139	2091	0.00	195	0	0	0	nan	0.00	0.00	3.20	85.70	89.26	0.00	39	0	42	0.00	0.00	66.15	7.70	0.00	0.00	2000
229	10.87	2101	2103	0.00	196	0	0	0	nan	0.00	0.00	2.87	86.46	89.13	0.00	38	0	42	0.00	0.00	65.67	7.63	0.00	0.00	2000
224	11.75	2005	1995	0.00	195	0	0	0	nan	0.00	0.01	3.46	80.55	88.25	0.00	38	0	42	0.00	0.00	59.59	6.76	0.00	0.00	2000
233	10.48	2111	2209	0.00	194	0	0	0	nan	0.01	0.00	2.57	91.42	89.52	0.00	39	0	42	0.00	0.00	69.39	7.87	0.00	0.00	2000
228	11.04	2063	2098	0.00	196	0	0	0	nan	0.00	0.00	2.61	86.27	88.96	0.00	38	0	42	0.00	0.00	65.95	7.61	0.00	0.00	2000
232	10.98	2106	2104	0.00	196	0	0	0	nan	0.00	0.02	3.89	85.25	89.02	0.00	38	0	42	0.00	0.00	67.11	7.89	0.00	0.00	2000
229	10.67	2150	2095	0.00	196	0	0	0	nan	0.00	0.02	3.26	85.90	89.33	0.00	38	0	42	0.00	0.00	66.40	7.85	0.00	0.00	2000
231	10.92	2105	2108	0.00	194	0	0	0	nan	0.00	0.00	2.86	86.59	89.08	0.00	38	0	42	0.00	0.00	63.81	7.64	0.00	0.00	2000
228	11.20	2049	2088	0.00	179	0	0	0	nan	0.00	0.02	3.08	85.31	88.80	0.00	38	0	42	0.00	0.00	63.26	7.38	0.00	0.00	2000
230	10.78	2122	2107	0.00	195	0	0	0	nan	0.00	0.02	3.14	86.40	89.22	0.00	38	0	42	0.00	0.00	65.79	7.79	0.00	0.00	2000
232	11.25	2058	2105	0.00	199	0	0	0	nan	0.00	0.02	3.90	85.19	88.75	0.00	38	0	42	0.00	0.00	66.80	7.78	0.00	0.00	2000
230	10.83	2127	2093	0.00	198	0	0	0	nan	0.00	0.00	3.83	85.05	89.17	0.00	38	0	42	0.00	0.00	66.38	7.97	0.00	0.00	2000
229	11.09	2065	2097	0.00	194	0	0	0	nan	0.00	0.00	2.90	85.90	88.91	0.00	39	0	42	0.00	0.00	66.04	7.56	0.00	0.00	2000
230	10.68	2144	2106	0.00	195	0	0	0	nan	0.00	0.00	2.90	86.65	89.32	0.00	39	0	42	0.00	0.00	66.03	7.64	0.00	0.00	2000
229	10.90	2105	2097	0.00	197	0	0	0	nan	0.00	0.01	3.35	85.66	89.10	0.00	38	0	41	0.00	0.00	61.66	7.27	0.00	0.00	2000
229	11.15	2056	2102	0.00	178	0	0	0	nan	0.00	0.00	4.06	84.92	88.85	0.00	39	0	42	0.00	0.00	66.31	7.79	0.00	0.00	2000
228	11.45	2045	2042	0.73	196	0	0	10	25.12	0.00	0.00	3.39	82.77	88.55	0.00	39	0	42	0.00	0.00	64.57	7.51	0.00	0.00	2000
230	10.79	2081	2153	0.43	195	0	0	0	89.66	0.00	0.00	3.77	87.75	89.21	0.00	38	0	42	0.00	0.00	65.65	7.71	0.00	0.00	2000
228	10.75	2113	2106	0.00	196	0	0	0	nan	0.00	0.00	3.12	86.31	89.25	0.00	38	0	41	0.00	0.00	66.42	7.89	0.00	0.00	2000
230	11.19	2054	2103	0.00	195	0	0	0	nan	0.00	0.02	3.03	85.94	88.81	0.00	38	0	42	0.00	0.00	66.93	7.74	0.00	0.00	2000
228	10.99	2077	2097	0.00	195	0	0	0	nan	0.00	0.02	3.23	85.79	89.01	0.00	39	0	42	0.00	0.00	66.47	7.82	0.00	0.00	2000
230	10.91	2107	2097	0.00	194	0	0	0	nan	0.00	0.02	3.23	85.83	89.09	0.00	38	0	42	0.00	0.00	62.86	7.48	0.00	0.00	2000
232	10.94	2114	2104	0.00	203	0	0	0	nan	0.00	0.01	5.35	83.91	89.06	0.00	39	0	42	0.00	0.00	64.33	7.51	0.00	0.00	2000
231	11.28	2051	2097	0.00	201	0	0	0	nan	0.00	0.00	5.69	83.01	88.72	0.00	39	0	41	0.00	0.00	66.69	7.92	0.00	0.00	2000
230	11.14	2075	2087	0.00	180	0	0	0	nan	0.00	0.00	6.40	81.95	88.86	0.00	38	0	42	0.00	0.00	65.28	7.69	0.00	0.00	2000
231	11.00	2078	2121	0.00	199	0	0	0	nan	0.00	0.00	6.19	83.70	89.00	0.00	38	0	41	0.00	0.00	67.05	8.03	0.00	0.00	2000
226	11.07	2117	2029	0.00	200	0	0	0	nan	0.00	0.00	5.84	80.13	88.93	0.00	38	0	42	0.00	0.00	60.94	7.06	0.00	0.00	2000
233	10.79	2093	2163	0.00	205	0	0	0	nan	0.00	0.00	6.34	85.55	89.21	0.00	39	0	41	0.00	0.00	68.95	8.00	0.00	0.00	2000
228	10.98	2079	2101	0.00	200	0	0	0	nan	0.00	0.00	5.60	83.43	89.02	0.00	38	0	41	0.00	0.00	66.18	7.63	0.00	0.00	2000
230	11.02	2084	2103	0.00	199	0	0	0	nan	0.00	0.00	5.27	83.81	88.98	0.00	38	0	42	0.00	0.00	66.35	7.76	0.00	0.00	2000
230	10.78	2129	2101	0.00	199	0	0	0	nan	0.00	0.00	5.14	84.10	89.22	0.00	39	0	42	0.00	0.00	63.99	7.57	0.00	0.00	2000
230	10.74	2142	2101	0.00	200	0	0	0	nan	0.00	0.04	4.11	85.15	89.26	0.00	38	0	42	0.00	0.00	66.45	7.88	0.00	0.00	2000
230	10.95	2097	2101	0.00	198	0	0	0	nan	0.00	0.02	4.00	85.12	89.05	0.00	39	0	42	0.00	0.00	65.23	7.63	0.00	0.00	2000
233	10.72	2164	2104	0.10	187	0	0	7	33.90	0.00	0.05	5.78	83.55	89.28	0.00	39	0	42	0.00	0.00	67.72	7.83	0.00	0.00	2000
231	10.48	2205	2097	0.97	200	0	0	6	44.74	0.00	0.99	5.10	83.37	89.52	0.00	38	0	42	0.00	0.00	64.38	7.46	0.00	0.00	2000
228	11.02	2140	2033	0.00	203	0	0	0	nan	0.00	0.00	6.87	79.31	88.98	0.00	39	0	42	0.00	0.00	60.39	7.13	0.00	0.00	2000
229	11.06	2009	2162	0.00	199	0	0	0	nan	0.00	0.01	4.97	86.68	88.94	0.00	38	0	41	0.00	0.00	71.73	8.39	0.00	0.00	2000
230	10.93	2094	2113	0.00	198	0	0	0	nan	0.00	0.00	5.33	84.26	89.07	0.00	38	0	42	0.00	0.00	67.66	8.02	0.00	0.00	2000
231	11.16	2071	2099	0.00	203	0	0	0	nan	0.00	0.00	5.72	83.17	88.84	0.00	38	0	42	0.00	0.00	62.52	7.26	0.00	0.00	2000
231	11.01	2099	2095	0.00	199	0	0	0	nan	0.00	0.02	5.69	83.11	88.99	0.00	39	0	42	0.00	0.00	67.68	8.04	0.00	0.00	2000
230	10.83	2129	2099	0.00	186	0	0	0	nan	0.01	0.00	6.00	83.10	89.17	0.00	38	0	42	0.00	0.00	65.04	7.60	0.00	0.00	2000
233	11.01	2117	2097	0.00	209	0	0	0	nan	0.00	0.00	6.14	82.79	88.99	0.00	38	0	42	0.00	0.00	63.57	7.42	0.00	0.00	2000
230	10.82	2128	2101	0.00	203	0	0	0	nan	0.00	0.02	4.86	84.32	89.18	0.00	38	0	42	0.00	0.00	66.58	7.79	0.00	0.00	2000
230	10.92	2111	2098	0.00	198	0	0	0	nan	0.00	0.07	2.81	86.13	89.08	0.00	38	0	41	0.00	0.00	65.54	7.63	0.00	0.00	2000
231	10.59	2181	2103	0.00	204	0	0	0	nan	0.01	1.06	5.04	83.52	89.41	0.00	38	0	42	0.00	0.00	66.80	7.82	0.00	0.00	2000
231	11.20	2053	2107	0.00	200	0	0	0	nan	0.00	0.00	6.34	82.81	88.80	0.00	39	0	42	0.00	0.00	67.83	7.89	0.00	0.00	2000
228	10.83	2151	2056	0.00	183	0	0	0	nan	0.00	0.01	5.82	81.50	89.17	0.00	39	0	42	0.00	0.00	62.91	7.44	0.00	0.00	2000
231	11.15	2034	2136	0.00	199	0	0	0	nan	0.00	0.00	6.30	84.18	88.85	0.00	39	0	41	0.00	0.00	69.16	7.87	0.00	0.00	2000
230	11.11	2060	2110	0.00	202	0	0	0	nan	0.00	0.00	5.63	83.71	88.89	0.00	38	0	42	0.00	0.00	64.82	7.56	0.00	0.00	2000
229	11.03	2085	2091	0.00	196	0	0	0	nan	0.00	0.02	5.06	83.64	88.97	0.00	38	0	42	0.00	0.00	63.58	7.33	0.00	0.00	2000
231	10.90	2118	2100	0.00	203	0	0	1	54.86	0.00	0.00	6.50	82.58	89.10	0.00	38	0	42	0.00	0.00	66.87	7.62	0.00	0.00	2000
234	11.25	2082	2101	1.07	215	0	0	10	31.12	0.00	0.02	8.59	80.28	88.75	0.00	38	0	42	0.00	0.00	66.10	7.42	0.00	0.00	2000
226	11.27	2106	1996	0.00	199	0	0	0	nan	0.00	0.02	6.10	78.21	88.73	0.00	39	0	42	0.00	0.00	62.86	7.34	0.00	0.00	2000
234	10.60	2090	2218	0.00	200	0	0	0	nan	0.00	0.02	4.37	90.06	89.40	0.00	38	0	42	0.00	0.00	70.80	8.31	0.00	0.00	2000
229	10.84	2117	2093	0.00	200	0	0	0	nan	0.00	0.00	4.78	84.14	89.16	0.00	39	0	42	0.00	0.00	60.88	7.52	0.00	0.00	2000
234	11.04	2114	2106	0.00	206	0	0	0	nan	0.00	0.03	6.93	82.32	88.96	0.00	39	0	42	0.00	0.00	71.03	7.82	0.00	0.00	2000
229	10.71	2145	2097	0.00	200	0	0	0	nan	0.00	0.01	4.20	84.98	89.29	0.00	39	0	42	0.00	0.00	64.88	7.57	0.00	0.00	2000
237	11.17	2119	2100	0.00	187	0	0	0	nan	0.00	0.02	5.16	83.70	88.83	0.00	39	0	41	0.00	0.00	67.31	7.71	0.00	0.00	2000
230	10.64	2168	2097	0.00	197	0	0	0	nan	0.00	0.00	5.87	83.32	89.36	0.00	38	0	42	0.00	0.00	64.03	7.42	0.00	0.00	2000
230	11.26	2045	2098	0.00	199	0	0	0	nan	0.00	0.01	6.17	82.61	88.74	0.00	38	0	42	0.00	0.00	65.62	7.72	0.00	0.00	2000
229	11.10	2063	2105	0.00	199	0	0	0	nan	0.00	0.00	5.79	83.35	88.90	0.00	38	0	42	0.00	0.00	66.57	7.56	0.00	0.00	2000
233	10.28	2264	2101	0.00	203	0	0	0	nan	0.00	2.57	6.57	80.75	89.72	0.00	38	0	42	0.00	0.00	67.98	7.69	0.00	0.00	2000
230	11.09	2069	2102	0.00	199	0	0	0	nan	0.00	0.00	6.04	83.02	88.92	0.00	39	0	42	0.00	0.00	67.24	7.89	0.00	0.00	2000
229	10.89	2104	2097	0.00	182	0	0	0	nan	0.00	0.02	5.53	83.44	89.11	0.00	38	0	41	0.00	0.00	63.39	7.49	0.00	0.00	2000
229	10.84	2113	2103	0.00	199	0	0	0	nan	0.00	0.00	4.92	84.34	89.16	0.00	39	0	42	0.00	0.00	64.89	7.62	0.00	0.00	2000
230	10.82	2127	2098	0.00	200	0	0	0	nan	0.00	0.03	4.48	84.58	89.18	0.00	38	0	42	0.00	0.00	66.12	7.92	0.00	0.00	2000
228	11.27	2092	2027	0.00	199	0	0	0	nan	0.00	0.01	5.47	80.19	88.73	0.00	38	0	42	0.00	0.00	62.88	7.60	0.00	0.00	2000
232	10.73	2086	2172	0.00	195	0	0	0	nan	0.00	0.00	3.90	88.46	89.27	0.00	38	0	42	0.00	0.00	68.53	8.09	0.00	0.00	2000
228	10.80	2117	2098	0.72	197	0	0	10	28.44	0.00	0.00	3.26	85.87	89.20	0.00	38	0	42	0.00	0.00	65.69	7.83	0.00	0.00	2000
230	11.00	2089	2099	0.44	195	0	0	0	nan	0.00	0.02	2.94	85.97	89.00	0.00	39	0	42	0.00	0.00	62.99	7.33	0.00	0.00	2000
229	10.81	2110	2109	0.00	196	0	0	0	nan	0.00	0.00	3.42	86.20	89.19	0.00	38	0	42	0.00	0.00	67.89	7.80	0.00	0.00	2000
230	10.69	2160	2094	0.00	193	0	0	0	nan	0.00	0.06	2.80	86.27	89.31	0.00	38	0	42	0.00	0.00	66.26	7.64	0.00	0.00	2000
229	11.19	2049	2100	0.00	195	0	0	0	nan	0.00	0.00	2.90	86.02	88.81	0.00	39	0	42	0.00	0.00	66.38	7.73	0.00	0.00	2000
229	10.83	2113	2103	0.00	195	0	0	0	nan	0.00	0.01	2.71	86.57	89.17	0.00	38	0	42	0.00	0.00	66.31	7.70	0.00	0.00	2000
229	10.92	2098	2102	0.00	194	0	0	0	nan	0.00	0.00	3.20	85.94	89.08	0.00	38	0	42	0.00	0.00	64.72	7.68	0.00	0.00	2000
232	10.95	2112	2102	0.00	179	0	0	0	nan	0.00	0.02	3.42	85.64	89.05	0.00	38	0	42	0.00	0.00	64.93	7.50	0.00	0.00	2000
228	11.12	2106	2048	0.00	198	0	0	0	nan	0.00	0.03	3.67	83.01	88.88	0.00	38	0	42	0.00	0.00	64.19	7.48	0.00	0.00	2000
233	11.29	2012	2157	0.00	198	0	0	0	nan	0.00	0.00	5.08	86.10	88.71	0.00	38	0	42	0.00	0.00	67.22	8.17	0.00	0.00	2000
228	10.99	2084	2094	0.00	197	0	0	0	nan	0.00	0.00	4.05	84.81	89.01	0.00	38	0	42	0.00	0.00	67.06	8.07	0.00	0.00	2000
230	11.05	2080	2103	0.00	195	0	0	0	nan	0.00	0.02	3.07	86.08	88.95	0.00	38	0	42	0.00	0.00	66.14	7.87	0.00	0.00	2000
227	10.67	2131	2101	0.00	194	0	0	0	nan	0.00	0.00	3.42	85.93	89.33	0.00	39	0	42	0.00	0.00	67.07	8.00	0.00	0.00	2000
229	10.98	2089	2097	0.00	196	0	0	0	nan	0.00	0.02	2.68	86.29	89.02	0.00	39	0	42	0.00	0.00	64.01	7.55	0.00	0.00	2000
228	11.01	2116	2059	0.00	181	0	0	0	nan	0.00	0.04	3.90	83.32	88.99	0.00	38	0	41	0.00	0.00	63.09	7.55	0.00	0.00	2000
233	10.78	2114	2147	0.00	195	0	0	0	nan	0.00	0.00	4.14	87.04	89.22	0.00	39	0	42	0.00	0.00	67.68	7.97	0.00	0.00	2000
229	11.18	2053	2094	0.00	197	0	0	0	nan	0.00	0.00	3.73	84.95	88.82	0.00	38	0	42	0.00	0.00	66.99	7.90	0.00	0.00	2000
229	11.11	2065	2098	0.06	194	0	0	7	38.45	0.00	0.00	2.91	86.00	88.89	0.00	38	0	42	0.00	0.00	65.69	7.99	0.00	0.00	2000
229	11.07	2061	2103	1.05	195	0	0	6	41.69	0.00	0.00	4.06	85.04	88.93	0.00	38	0	42	0.00	0.00	64.69	7.72	0.00	0.00	2000
230	10.98	2095	2097	0.00	196	0	0	0	nan	0.00	0.00	3.25	85.69	89.02	0.00	38	0	42	0.00	0.00	63.92	7.52	0.00	0.00	2000
228	11.34	2048	2058	0.00	179	0	0	0	nan	0.00	0.00	3.17	83.80	88.66	0.00	38	0	42	0.00	0.00	65.78	7.73	0.00	0.00	2000
234	10.98	2090	2143	0.00	197	0	0	0	nan	0.00	0.00	4.86	86.03	89.02	0.00	38	0	42	0.00	0.00	67.04	7.90	0.00	0.00	2000
227	11.12	2052	2094	0.00	197	0	0	0	nan	0.00	0.00	3.50	85.21	88.88	0.00	38	0	42	0.00	0.00	66.09	7.74	0.00	0.00	2000
230	11.15	2055	2108	0.00	195	0	0	0	nan	0.00	0.00	3.31	85.92	88.85	0.00	38	0	42	0.00	0.00	66.61	7.98	0.00	0.00	2000
230	10.86	2124	2096	0.00	194	0	0	0	nan	0.00	0.04	3.11	85.86	89.14	0.00	38	0	42	0.00	0.00	65.83	7.74	0.00	0.00	2000
230	10.83	2112	2107	0.00	195	0	0	0	nan	0.00	0.02	3.20	86.30	89.17	0.00	38	0	41	0.00	0.00	66.58	7.91	0.00	0.00	2000
231	10.74	2155	2094	0.00	195	0	0	0	nan	0.00	0.00	3.42	85.60	89.26	0.00	39	0	41	0.00	0.00	61.81	7.47	0.00	0.00	2000
231	11.19	2100	2065	0.00	183	0	0	0	nan	0.00	0.01	4.63	82.60	88.81	0.00	39	0	41	0.00	0.00	66.16	7.64	0.00	0.00	2000
229	10.98	2056	2133	0.00	198	0	0	0	nan	0.00	0.00	4.99	85.48	89.02	0.00	38	0	42	0.00	0.00	66.06	7.66	0.00	0.00	2000
229	11.11	2062	2098	0.00	199	0	0	0	nan	0.00	0.00	2.78	85.99	88.89	0.00	38	0	42	0.00	0.00	65.70	7.67	0.00	0.00	2000
229	10.81	2109	2112	0.00	194	0	0	0	nan	0.00	0.00	3.15	86.46	89.19	0.00	38	0	42	0.00	0.00	67.74	7.89	0.00	0.00	2000
229	11.25	2046	2091	0.00	196	0	0	0	nan	0.00	0.00	4.13	84.37	88.75	0.00	38	0	42	0.00	0.00	66.27	7.74	0.00	0.00	2000
229	11.27	2092	2043	0.00	194	0	0	0	nan	0.00	0.02	3.53	82.86	88.73	0.00	38	0	42	0.00	0.00	63.93	7.47	0.00	0.00	2000
234	11.11	2050	2160	0.00	226	0	0	0	nan	0.00	0.00	4.04	87.43	88.89	0.00	39	0	42	0.00	0.00	66.06	7.80	0.00	0.00	2000
229	10.93	2093	2102	0.00	195	0	0	2	39.54	0.00	0.00	3.53	85.60	89.07	0.00	38	0	42	0.00	0.00	65.40	8.06	0.00	0.00	2000
230	10.85	2121	2100	1.12	195	0	0	11	36.77	0.00	0.00	3.54	85.68	89.15	0.00	38	0	42	0.00	0.00	68.99	7.92	0.00	0.00	2000
228	10.80	2116	2098	0.00	196	0	0	0	nan	0.00	0.00	2.92	86.24	89.20	0.00	38	0	42	0.00	0.00	63.64	7.42	0.00	0.00	2000
231	10.97	2100	2102	0.00	195	0	0	0	nan	0.00	0.00	3.17	86.02	89.03	0.00	38	0	42	0.00	0.00	65.92	7.72	0.00	0.00	2000
225	11.31	2097	1991	0.00	194	0	0	0	nan	0.00	0.00	3.21	80.87	88.69	0.00	39	0	42	0.00	0.00	59.82	7.07	0.00	0.00	2000
233	10.37	2129	2218	0.00	197	0	0	0	nan	0.00	0.02	2.66	91.97	89.63	0.00	39	0	42	0.00	0.00	72.64	8.60	0.00	0.00	2000
229	10.83	2113	2099	0.00	197	0	0	0	nan	0.00	0.00	3.33	85.88	89.17	0.00	39	0	42	0.00	0.00	66.91	8.05	0.00	0.00	2000
231	10.87	2125	2100	0.00	194	0	0	0	nan	0.00	0.00	2.61	86.54	89.13	0.00	39	0	42	0.00	0.00	64.05	7.61	0.00	0.00	2000
231	11.24	2049	2104	0.00	195	0	0	0	nan	0.00	0.00	3.10	85.92	88.76	0.00	38	0	41	0.00	0.00	64.41	7.52	0.00	0.00	2000
229	10.97	2090	2097	0.00	195	0	0	0	nan	0.00	0.00	3.15	85.75	89.03	0.00	38	0	42	0.00	0.00	67.34	7.92	0.00	0.00	2000
229	10.67	2147	2104	0.00	178	0	0	0	nan	0.00	0.00	3.53	86.02	89.33	0.00	39	0	42	0.00	0.00	67.98	8.03	0.00	0.00	2000
229	10.90	2109	2092	0.00	196	0	0	0	nan	0.00	0.00	2.79	85.98	89.10	0.00	38	0	42	0.00	0.00	63.04	7.35	0.00	0.00	2000
227	10.71	2122	2101	0.00	194	0	0	0	nan	0.00	0.00	3.02	86.34	89.29	0.00	39	0	42	0.00	0.00	63.68	7.32	0.00	0.00	2000
229	10.87	2104	2101	0.00	194	0	0	0	nan	0.00	0.01	3.18	86.01	89.13	0.00	39	0	42	0.00	0.00	65.31	7.77	0.00	0.00	2000
230	10.90	2111	2099	0.00	197	0	0	0	nan	0.00	0.02	3.33	85.73	89.10	0.00	38	0	42	0.00	0.00	67.60	7.93	0.00	0.00	2000
231	10.64	2167	2109	0.00	182	0	0	0	nan	0.00	0.00	3.81	85.85	89.36	0.00	38	0	42	0.00	0.00	68.00	8.06	0.00	0.00	2000
228	10.83	2113	2097	0.00	195	0	0	0	nan	0.00	0.00	3.79	85.34	89.17	0.00	38	0	42	0.00	0.00	61.89	7.17	0.00	0.00	2000
229	10.68	2148	2097	0.00	195	0	0	0	nan	0.00	0.00	2.73	86.50	89.32	0.00	39	0	42	0.00	0.00	65.81	7.68	0.00	0.00	2000
229	11.06	2079	2088	0.62	196	0	0	22	13.59	0.00	0.02	3.06	85.34	88.94	0.00	38	0	42	0.00	0.00	67.10	8.01	0.00	0.00	2000
229	10.76	2117	2111	0.58	179	0	0	1	89.86	0.00	0.00	3.72	86.05	89.24	0.00	38	0	42	0.00	0.00	66.45	7.98	0.00	0.00	2000
232	11.16	2073	2105	0.00	195	0	0	0	nan	0.00	0.00	2.72	86.40	88.84	0.00	38	0	42	0.00	0.00	67.91	7.45	0.00	0.00	2000
226	10.92	2144	2028	0.00	195	0	0	0	nan	0.00	0.01	2.93	83.09	89.08	0.00	38	0	42	0.00	0.00	58.26	7.05	0.00	0.00	2000
229	10.68	2081	2164	0.00	197	0	0	0	nan	0.01	0.00	2.95	89.02	89.32	0.00	38	0	42	0.00	0.00	71.69	8.49	0.00	0.00	2000
230	11.07	2063	2112	0.00	194	0	0	0	nan	0.00	0.00	3.07	86.40	88.93	0.00	38	0	42	0.00	0.00	67.45	7.96	0.00	0.00	2000
229	10.85	2118	2097	0.00	195	0	0	0	nan	0.00	0.00	3.44	85.61	89.15	0.00	38	0	42	0.00	0.00	61.01	7.26	0.00	0.00	2000
235	11.50	2048	2098	0.00	197	0	0	0	nan	0.00	0.00	3.94	84.57	88.50	0.00	38	0	42	0.00	0.00	65.82	7.71	0.00	0.00	2000
230	10.96	2095	2103	0.00	196	0	0	0	nan	0.00	0.01	3.39	85.79	89.04	0.00	38	0	42	0.00	0.00	68.10	7.77	0.00	0.00	2000
231	10.60	2183	2097	0.00	179	0	0	0	nan	0.00	0.00	3.44	85.70	89.40	0.00	39	0	42	0.00	0.00	67.73	7.95	0.00	0.00	2000
229	10.72	2138	2098	0.00	197	0	0	0	nan	0.00	0.00	3.34	85.90	89.28	0.00	38	0	42	0.00	0.00	61.49	6.99	0.00	0.00	2000
229	10.77	2127	2099	0.00	193	0	0	0	nan	0.00	0.00	2.94	86.21	89.23	0.00	39	0	42	0.00	0.00	66.35	7.76	0.00	0.00	2000
228	10.80	2111	2104	0.00	195	0	0	0	nan	0.00	0.00	3.36	86.02	89.20	0.00	38	0	42	0.00	0.00	68.49	7.95	0.00	0.00	2000
231	11.09	2084	2098	0.00	195	0	0	0	nan	0.00	0.01	3.06	85.78	88.91	0.00	38	0	42	0.00	0.00	66.38	7.81	0.00	0.00	2000
229	11.20	2054	2087	0.00	178	0	0	0	nan	0.00	0.00	3.48	84.82	88.80	0.00	39	0	42	0.00	0.00	65.72	7.91	0.00	0.00	2000
228	10.91	2083	2110	0.00	195	0	0	0	nan	0.00	0.00	3.76	85.73	89.09	0.00	39	0	42	0.00	0.00	66.33	7.84	0.00	0.00	2000
228	10.96	2075	2101	0.00	196	0	0	0	nan	0.00	0.00	3.06	85.99	89.04	0.00	38	0	42	0.00	0.00	65.92	7.96	0.00	0.00	2000
229	11.17	2086	2064	0.00	196	0	0	6	34.31	0.00	0.00	3.50	83.84	88.83	0.00	39	0	42	0.00	0.00	65.16	7.75	0.00	0.00	2000
231	10.75	2104	2142	1.09	199	0	0	7	44.95	0.00	0.00	5.55	85.48	89.25	0.00	39	0	42	0.00	0.00	62.49	7.44	0.00	0.00	2000
231	10.96	2106	2102	0.00	197	0	0	0	nan	0.00	0.00	3.64	85.57	89.04	0.00	38	0	42	0.00	0.00	66.75	7.90	0.00	0.00	2000
227	10.91	2089	2093	0.00	195	0	0	0	nan	0.00	0.01	3.29	85.58	89.09	0.00	39	0	42	0.00	0.00	66.55	7.66	0.00	0.00	2000
230	10.90	2103	2108	0.00	197	0	0	0	nan	0.00	0.01	3.51	85.95	89.10	0.00	38	0	42	0.00	0.00	66.37	7.90	0.00	0.00	2000
235	11.32	2072	2101	0.00	197	0	0	0	nan	0.00	0.00	3.78	85.07	88.68	0.00	39	0	42	0.00	0.00	67.72	7.99	0.00	0.00	2000
231	10.73	2155	2094	0.00	178	0	0	0	nan	0.00	0.00	3.29	85.66	89.27	0.00	38	0	42	0.00	0.00	61.56	7.26	0.00	0.00	2000
230	10.75	2142	2099	0.00	196	0	0	0	nan	0.00	0.02	3.65	85.57	89.25	0.00	38	0	42	0.00	0.00	67.85	7.90	0.00	0.00	2000
229	11.24	2097	2040	0.00	195	0	0	0	nan	0.00	0.00	3.29	82.93	88.76	0.00	38	0	42	0.00	0.00	63.29	7.44	0.00	0.00	2000
231	10.99	2032	2170	0.00	194	0	0	0	nan	0.00	0.00	4.00	88.08	89.01	0.00	39	0	42	0.00	0.00	67.38	8.02	0.00	0.00	2000
230	10.90	2106	2100	0.00	195	0	0	0	nan	0.00	0.00	3.15	85.91	89.10	0.00	38	0	42	0.00	0.00	67.29	7.77	0.00	0.00	2000
228	10.97	2081	2101	0.00	194	0	0	0	nan	0.00	0.00	3.44	85.65	89.03	0.00	39	0	42	0.00	0.00	68.08	8.09	0.00	0.00	2000
230	11.12	2074	2098	0.00	197	0	0	0	nan	0.00	0.02	3.58	85.21	88.88	0.00	38	0	42	0.00	0.00	66.79	7.79	0.00	0.00	2000
230	11.08	2079	2101	0.00	180	0	0	0	nan	0.00	0.00	3.58	85.40	88.92	0.00	38	0	42	0.00	0.00	62.34	7.31	0.00	0.00	2000
230	10.75	2141	2099	0.00	195	0	0	0	nan	0.00	0.02	3.87	85.39	89.25	0.00	39	0	42	0.00	0.00	67.43	7.76	0.00	0.00	2000
225	10.98	2138	2014	0.00	194	0	0	0	nan	0.00	0.00	3.09	82.30	89.02	0.00	39	0	42	0.00	0.00	61.90	7.22	0.00	0.00	2000
231	10.82	2047	2186	0.00	194	0	0	0	nan	0.00	0.00	2.77	90.18	89.18	0.00	39	0	42	0.00	0.00	67.00	7.91	0.00	0.00	2000
230	10.63	2160	2104	0.00	197	0	0	0	nan	0.00	0.00	3.12	86.39	89.37	0.00	38	0	42	0.00	0.00	68.06	8.05	0.00	0.00	2000
230	10.69	2148	2105	1.02	195	0	0	10	27.80	0.00	0.02	2.48	87.04	89.31	0.00	38	0	42	0.00	0.00	67.24	7.91	0.00	0.00	2000
229	11.35	2022	2097	0.13	195	0	0	0	nan	0.00	0.02	2.86	85.83	88.65	0.00	38	0	42	0.00	0.00	67.64	8.16	0.00	0.00	2000
228	11.11	2061	2094	0.00	178	0	0	0	nan	0.00	0.00	3.07	85.63	88.89	0.00	39	0	42	0.00	0.00	60.72	6.94	0.00	0.00	2000
228	11.12	2056	2097	0.00	198	0	0	0	nan	0.00	0.00	4.02	84.72	88.88	0.00	39	0	42	0.00	0.00	67.11	7.78	0.00	0.00	2000
229	11.26	2034	2100	0.00	198	0	0	0	nan	0.00	0.00	3.74	85.11	88.74	0.00	38	0	42	0.00	0.00	65.85	7.71	0.00	0.00	2000
230	11.26	2041	2102	0.00	195	0	0	0	nan	0.00	0.00	3.27	85.62	88.74	0.00	39	0	42	0.00	0.00	66.46	7.69	0.00	0.00	2000
232	11.21	2060	2107	0.00	197	0	0	0	nan	0.00	0.00	3.46	85.61	88.79	0.00	39	0	42	0.00	0.00	66.71	7.95	0.00	0.00	2000
229	10.79	2123	2096	0.00	195	0	0	0	nan	0.00	0.00	2.96	86.13	89.21	0.00	38	0	42	0.00	0.00	66.26	8.14	0.00	0.00	2000
229	11.13	2061	2099	0.00	194	0	0	0	nan	0.00	0.02	3.24	85.74	88.87	0.00	39	0	42	0.00	0.00	67.81	7.88	0.00	0.00	2000
228	10.90	2098	2097	0.00	179	0	0	0	nan	0.00	0.00	3.14	85.83	89.10	0.00	38	0	42	0.00	0.00	63.38	7.47	0.00	0.00	2000
229	10.86	2140	2071	0.00	194	0	0	0	nan	0.00	0.02	3.19	84.56	89.14	0.00	39	0	42	0.00	0.00	63.02	7.43	0.00	0.00	2000
228	10.95	2056	2128	0.00	196	0	0	0	nan	0.00	0.00	4.30	86.12	89.05	0.00	38	0	42	0.00	0.00	66.20	7.59	0.00	0.00	2000
231	11.33	2035	2102	0.00	197	0	0	0	nan	0.00	0.00	3.06	85.78	88.67	0.00	39	0	42	0.00	0.00	66.56	7.65	0.00	0.00	2000
229	11.18	2047	2104	0.00	195	0	0	0	nan	0.00	0.02	3.24	85.84	88.82	0.00	39	0	42	0.00	0.00	67.72	8.01	0.00	0.00	2000
229	11.12	2066	2095	0.00	194	0	0	0	nan	0.00	0.00	2.97	85.73	88.88	0.00	39	0	42	0.00	0.00	65.56	7.67	0.00	0.00	2000
226	11.22	2089	2029	0.00	195	0	0	0	nan	0.00	0.00	3.10	82.74	88.78	0.00	38	0	42	0.00	0.00	63.36	7.34	0.00	0.00	2000
229	10.90	2030	2178	0.00	194	0	0	0	nan	0.00	0.01	2.75	89.74	89.10	0.00	39	0	42	0.00	0.00	66.26	7.83	0.00	0.00	2000
229	11.00	2082	2098	0.58	197	0	0	11	30.63	0.00	0.00	3.48	85.48	89.00	0.00	38	0	42	0.00	0.00	67.10	7.89	0.00	0.00	2000
229	11.19	2053	2095	0.59	196	0	0	2	85.71	0.00	0.02	3.41	85.20	88.81	0.00	39	0	41	0.00	0.00	66.15	7.80	0.00	0.00	2000
229	11.09	2055	2109	0.00	195	0	0	0	nan	0.00	0.04	3.25	86.08	88.91	0.00	38	0	42	0.00	0.00	67.62	8.08	0.00	0.00	2000
231	11.13	2079	2096	0.00	195	0	0	0	nan	0.00	0.01	2.81	85.98	88.87	0.00	39	0	42	0.00	0.00	65.81	7.96	0.00	0.00	2000
225	11.08	2110	2024	0.00	194	0	0	0	nan	0.00	0.02	2.90	82.77	88.92	0.00	38	0	42	0.00	0.00	62.74	7.42	0.00	0.00	2000
234	10.82	2108	2152	0.00	196	0	0	0	nan	0.00	0.02	3.55	87.74	89.18	0.00	39	0	42	0.00	0.00	66.28	7.64	0.00	0.00	2000
227	10.75	2120	2094	0.00	195	0	0	0	nan	0.00	0.00	3.90	85.15	89.25	0.00	39	0	42	0.00	0.00	65.94	7.85	0.00	0.00	2000
231	11.37	2006	2125	0.00	199	0	0	0	nan	0.00	0.00	5.46	84.38	88.63	0.00	39	0	42	0.00	0.00	66.07	7.81	0.00	0.00	2000
228	10.76	2125	2096	0.00	197	0	0	0	nan	0.00	0.00	3.47	85.60	89.24	0.00	39	0	42	0.00	0.00	66.03	7.74	0.00	0.00	2000
229	11.47	2003	2092	0.00	194	0	0	0	nan	0.00	0.00	3.70	84.59	88.53	0.00	39	0	42	0.00	0.00	65.78	7.75	0.00	0.00	2000
227	11.12	2049	2091	0.00	196	0	0	0	nan	0.00	0.00	3.98	84.62	88.88	0.00	39	0	42	0.00	0.00	65.92	7.69	0.00	0.00	2000
230	11.09	2049	2124	0.00	196	0	0	0	nan	0.00	0.00	5.53	84.52	88.91	0.00	39	0	42	0.00	0.00	65.96	7.66	0.00	0.00	2000
226	11.43	1998	2081	0.00	196	0	0	0	nan	0.00	0.00	3.22	84.74	88.57	0.00	39	0	42	0.00	0.00	65.60	7.72	0.00	0.00	2000
229	10.88	2081	2120	0.00	195	0	0	0	nan	0.00	0.00	4.46	85.62	89.12	0.00	39	0	42	0.00	0.00	65.59	7.52	0.00	0.00	2000
227	10.93	2079	2094	0.00	196	0	0	0	nan	0.00	0.00	3.50	85.36	89.07	0.00	39	0	42	0.00	0.00	65.61	7.72	0.00	0.00	2000
229	10.97	2077	2108	0.00	195	0	0	0	nan	0.00	0.00	4.07	85.33	89.03	0.00	39	0	42	0.00	0.00	65.74	7.66	0.00	0.00	2000
229	10.84	2151	2066	0.00	197	0	0	0	nan	0.00	0.00	3.71	83.93	89.16	0.00	39	0	42	0.00	0.00	65.81	7.64	0.00	0.00	2000
228	10.82	2084	2127	0.37	194	0	0	7	26.88	0.00	0.02	4.07	86.37	89.18	0.00	39	0	42	0.00	0.00	65.90	7.75	0.00	0.00	2000
228	10.73	2120	2101	0.97	196	0	0	3	46.24	0.00	0.00	3.36	85.92	89.27	0.00	39	0	42	0.00	0.00	65.82	7.75	0.00	0.00	2000
229	10.97	2080	2105	0.00	197	0	0	0	nan	0.00	0.00	3.73	85.53	89.03	0.00	39	0	42	0.00	0.00	65.89	7.77	0.00	0.00	2000
227	11.20	2034	2095	0.00	196	0	0	0	nan	0.00	0.00	3.43	85.20	88.80	0.00	39	0	42	0.00	0.00	65.73	7.79	0.00	0.00	2000
231	11.31	2037	2110	0.00	196	0	0	0	nan	0.00	0.00	3.45	85.64	88.69	0.00	39	0	42	0.00	0.00	65.95	7.70	0.00	0.00	2000
227	11.01	2101	2059	0.00	195	0	0	0	nan	0.00	0.00	3.27	83.96	88.99	0.00	39	0	41	0.00	0.00	65.90	7.58	0.00	0.00	2000
229	10.97	2053	2138	0.00	196	0	0	0	nan	0.00	0.00	4.63	86.11	89.03	0.00	39	0	42	0.00	0.00	66.12	7.68	0.00	0.00	2000
228	11.06	2062	2096	0.00	197	0	0	0	nan	0.00	0.00	3.39	85.47	88.94	0.00	39	0	42	0.00	0.00	66.19	7.62	0.00	0.00	2000
229	11.38	2007	2103	0.00	196	0	0	0	nan	0.00	0.00	3.41	85.46	88.62	0.00	39	0	42	0.00	0.00	65.53	7.72	0.00	0.00	2000
229	11.13	2084	2069	0.00	196	0	0	0	nan	0.00	0.00	3.76	83.86	88.87	0.00	39	0	42	0.00	0.00	66.06	7.66	0.00	0.00	2000
229	10.72	2129	2106	0.00	195	0	0	0	nan	0.00	0.00	5.09	84.43	89.28	0.00	39	0	42	0.00	0.00	66.07	7.71	0.00	0.00	2000
228	10.71	2107	2120	0.00	200	0	0	0	nan	0.00	0.00	5.61	84.57	89.29	0.00	39	0	41	0.00	0.00	65.85	7.83	0.00	0.00	2000
228	10.84	2107	2102	0.00	196	0	0	0	nan	0.00	0.00	3.59	85.62	89.16	0.00	39	0	42	0.00	0.00	66.13	7.72	0.00	0.00	2000
227	10.67	2130	2094	0.00	195	0	0	0	nan	0.00	0.02	3.23	85.82	89.33	0.00	39	0	42	0.00	0.00	66.19	7.66	0.00	0.00	2000
230	11.15	2060	2106	0.00	195	0	0	0	nan	0.00	0.00	3.43	85.74	88.85	0.00	39	0	42	0.00	0.00	65.72	7.85	0.00	0.00	2000
227	11.02	2086	2076	0.00	196	0	0	0	nan	0.00	0.00	4.13	83.82	88.98	0.00	39	0	42	0.00	0.00	66.17	7.83	0.00	0.00	2000
228	11.02	2038	2133	0.00	195	0	0	0	nan	0.00	0.00	4.65	85.81	88.98	0.00	39	0	42	0.00	0.00	65.84	7.80	0.00	0.00	2000
227	11.01	2070	2091	0.00	196	0	0	5	30.67	0.00	0.01	3.69	84.99	88.99	0.00	39	0	42	0.00	0.00	65.71	7.85	0.00	0.00	2000
229	11.03	2081	2099	1.29	194	0	0	5	35.12	0.00	0.00	3.54	85.33	88.97	0.00	39	0	42	0.00	0.00	65.88	7.74	0.00	0.00	2000
227	11.25	2039	2077	0.00	197	0	0	0	nan	0.00	0.00	4.25	83.60	88.75	0.00	39	0	42	0.00	0.00	65.74	7.82	0.00	0.00	2000
232	10.85	2135	2107	0.00	201	0	0	0	nan	0.00	0.00	4.97	84.47	89.15	0.00	39	0	42	0.00	0.00	66.24	7.74	0.00	0.00	2000
228	10.77	2104	2110	0.00	197	0	0	0	nan	0.00	0.00	4.42	85.26	89.23	0.00	39	0	42	0.00	0.00	66.01	7.77	0.00	0.00	2000
230	11.01	2102	2085	0.00	195	0	0	0	nan	0.00	0.00	3.82	84.54	88.99	0.00	39	0	41	0.00	0.00	65.83	7.78	0.00	0.00	2000
227	10.70	2137	2089	0.00	196	0	0	0	nan	0.00	0.00	4.83	84.05	89.30	0.00	39	0	42	0.00	0.00	65.88	7.85	0.00	0.00	2000
231	10.86	2089	2135	0.00	196	0	0	0	nan	0.00	0.00	4.65	86.07	89.14	0.00	39	0	42	0.00	0.00	66.20	7.65	0.00	0.00	2000
230	11.15	2069	2092	0.00	197	0	0	0	nan	0.00	0.00	3.41	85.06	88.85	0.00	39	0	42	0.00	0.00	66.00	7.76	0.00	0.00	2000
229	11.11	2052	2106	0.00	196	0	0	0	nan	0.00	0.00	3.82	85.31	88.89	0.00	39	0	42	0.00	0.00	65.93	7.89	0.00	0.00	2000
228	10.99	2109	2071	0.00	196	0	0	0	nan	0.00	0.00	3.36	84.51	89.01	0.00	39	0	42	0.00	0.00	65.74	7.61	0.00	0.00	2000
229	10.82	2083	2131	0.00	194	0	0	0	nan	0.00	0.00	3.34	87.20	89.18	0.00	39	0	42	0.00	0.00	65.98	7.80	0.00	0.00	2000
227	10.95	2106	2065	0.00	197	0	0	0	nan	0.00	0.00	3.60	83.98	89.05	0.00	39	0	42	0.00	0.00	65.59	7.79	0.00	0.00	2000
230	11.01	2060	2134	0.00	196	0	0	0	nan	0.00	0.00	4.53	85.95	88.99	0.00	39	0	42	0.00	0.00	66.43	7.79	0.00	0.00	2000
229	10.75	2150	2079	0.00	199	0	0	0	nan	0.00	0.02	4.19	84.17	89.25	0.00	39	0	42	0.00	0.00	63.58	7.51	0.00	0.00	2000
229	11.09	2062	2102	0.00	197	0	0	0	nan	0.00	0.00	3.75	85.29	88.91	0.00	39	0	42	0.00	0.00	68.05	8.09	0.00	0.00	2000
228	10.86	2085	2114	0.00	194	0	0	0	nan	0.00	0.00	4.94	84.85	89.14	0.00	39	0	42	0.00	0.00	62.74	7.56	0.00	0.00	2000
232	11.42	2051	2082	0.00	211	0	0	3	36.42	0.00	0.00	7.03	80.81	88.58	0.00	39	0	42	0.00	0.00	65.55	7.64	0.00	0.00	2000
230	11.06	2091	2092	1.25	197	0	0	7	30.76	0.00	0.00	4.86	83.82	88.94	0.00	39	0	42	0.00	0.00	66.03	7.65	0.00	0.00	2000
235	10.82	2140	2132	0.00	197	0	0	0	nan	0.00	0.01	4.33	86.21	89.18	0.00	39	0	42	0.00	0.00	69.02	8.13	0.00	0.00	2000
227	10.90	2117	2066	0.00	195	0	0	0	nan	0.00	0.00	3.51	84.17	89.10	0.00	39	0	42	0.00	0.00	63.00	7.36	0.00	0.00	2000
231	10.61	2145	2135	0.00	195	0	0	0	nan	0.00	0.00	3.76	87.08	89.39	0.00	39	0	42	0.00	0.00	65.35	8.03	0.00	0.00	2000
228	10.84	2135	2063	0.00	196	0	0	0	nan	0.00	0.00	3.14	84.49	89.16	0.00	39	0	42	0.00	0.00	63.44	7.30	0.00	0.00	2000
227	11.31	2067	2035	0.00	195	0	0	0	nan	0.00	0.00	3.83	82.14	88.69	0.00	39	0	42	0.00	0.00	65.76	7.70	0.00	0.00	2000
232	10.75	2054	2204	0.00	213	0	0	0	nan	0.00	0.02	3.12	90.49	89.25	0.00	39	0	42	0.00	0.00	69.01	7.98	0.00	0.00	2000
229	10.94	2088	2100	0.00	195	0	0	0	nan	0.00	0.00	3.47	85.67	89.06	0.00	39	0	42	0.00	0.00	68.21	8.05	0.00	0.00	2000
228	11.17	2069	2070	0.00	197	0	0	0	nan	0.00	0.00	3.67	84.01	88.83	0.00	38	0	42	0.00	0.00	60.36	7.20	0.00	0.00	2000
229	10.84	2080	2133	0.00	195	0	0	0	nan	0.00	0.00	4.59	86.00	89.16	0.00	39	0	42	0.00	0.00	71.53	8.55	0.00	0.00	2000
229	11.36	2047	2067	0.00	198	0	0	0	nan	0.00	0.00	4.08	83.22	88.64	0.00	39	0	42	0.00	0.00	59.93	7.20	0.00	0.00	2000
229	10.84	2079	2132	0.00	194	0	0	0	nan	0.00	0.01	4.03	86.52	89.16	0.00	39	0	42	0.00	0.00	71.93	8.21	0.00	0.00	2000
226	11.00	2095	2061	0.00	196	0	0	0	nan	0.00	0.00	3.50	83.94	89.00	0.00	39	0	42	0.00	0.00	59.68	7.48	0.00	0.00	2000
230	11.13	2054	2115	0.00	196	0	0	0	nan	0.00	0.00	4.22	85.39	88.87	0.00	39	0	42	0.00	0.00	68.64	8.09	0.00	0.00	2000
227	10.49	2147	2118	0.00	195	0	0	0	nan	0.00	0.00	4.25	86.00	89.51	0.00	39	0	42	0.00	0.00	66.22	7.80	0.00	0.00	2000
226	11.52	2047	2012	0.00	195	0	0	0	nan	0.00	0.00	3.42	81.37	88.48	0.00	39	0	42	0.00	0.00	63.02	7.43	0.00	0.00	2000
231	10.87	2032	2195	0.00	213	0	0	3	35.57	0.00	0.03	3.08	90.16	89.13	0.00	39	0	42	0.00	0.00	68.53	8.01	0.00	0.00	2000
229	11.10	2062	2107	1.22	197	0	0	7	29.68	0.00	0.00	4.16	85.01	88.90	0.00	39	0	41	0.00	0.00	65.91	7.77	0.00	0.00	2000
227	11.14	2041	2094	0.00	195	0	0	0	nan	0.00	0.00	3.52	85.21	88.86	0.00	39	0	42	0.00	0.00	65.96	7.68	0.00	0.00	2000
229	10.98	2079	2107	0.00	195	0	0	0	nan	0.00	0.00	3.68	85.60	89.02	0.00	39	0	42	0.00	0.00	66.08	7.65	0.00	0.00	2000
230	11.23	2086	2062	0.00	198	0	0	0	nan	0.00	0.00	3.62	83.53	88.77	0.00	39	0	42	0.00	0.00	63.02	7.39	0.00	0.00	2000
230	11.01	2056	2136	0.00	197	0	0	0	nan	0.00	0.00	4.52	86.07	88.99	0.00	39	0	42	0.00	0.00	66.19	7.89	0.00	0.00	2000
227	11.13	2073	2064	0.00	196	0	0	0	nan	0.00	0.00	3.39	83.98	88.87	0.00	39	0	42	0.00	0.00	59.77	7.91	0.00	0.00	2000
230	10.80	2089	2139	0.00	195	0	0	0	nan	0.00	0.00	4.17	86.79	89.20	0.00	39	0	42	0.00	0.00	74.84	8.19	0.00	0.00	2000
228	10.92	2099	2087	0.00	197	0	0	0	nan	0.00	0.00	3.38	85.22	89.08	0.00	39	0	42	0.00	0.00	65.39	7.69	0.00	0.00	2000
230	11.31	2041	2096	0.00	196	0	0	0	nan	0.00	0.00	3.67	84.88	88.69	0.00	39	0	42	0.00	0.00	63.23	7.24	0.00	0.00	2000
229	11.04	2067	2105	0.00	196	0	0	0	nan	0.00	0.00	3.93	85.40	88.96	0.00	39	0	42	0.00	0.00	65.99	7.91	0.00	0.00	2000
229	10.90	2091	2109	0.00	196	0	0	0	nan	0.00	0.00	3.48	86.05	89.10	0.00	39	0	42	0.00	0.00	66.31	7.78	0.00	0.00	2000
228	11.06	2066	2092	0.00	194	0	0	0	nan	0.00	0.00	3.12	85.45	88.94	0.00	39	0	42	0.00	0.00	65.81	7.72	0.00	0.00	2000
228	11.00	2075	2097	0.00	194	0	0	0	nan	0.00	0.00	3.84	84.99	89.00	0.00	39	0	42	0.00	0.00	65.98	7.77	0.00	0.00	2000
227	11.08	2041	2107	0.00	197	0	0	0	nan	0.00	0.00	4.66	84.67	88.92	0.00	39	0	42	0.00	0.00	65.78	7.62	0.00	0.00	2000
230	11.43	2011	2106	0.00	195	0	0	0	nan	0.00	0.00	3.84	85.00	88.57	0.00	39	0	42	0.00	0.00	65.64	7.76	0.00	0.00	2000
227	11.02	2075	2088	0.00	196	0	0	0	nan	0.00	0.00	3.48	85.04	88.98	0.00	39	0	42	0.00	0.00	65.72	7.89	0.00	0.00	2000
228	11.07	2051	2113	0.00	195	0	0	0	95.35	0.00	0.00	3.92	85.64	88.93	0.00	39	0	42	0.00	0.00	65.51	7.85	0.00	0.00	2000
228	10.83	2106	2096	1.70	196	0	0	12	17.19	0.00	0.00	3.89	85.08	89.17	0.00	39	0	42	0.00	0.00	65.78	7.71	0.00	0.00	2000
228	11.09	2059	2100	0.01	194	0	0	0	nan	0.00	0.00	3.47	85.49	88.91	0.00	39	0	42	0.00	0.00	65.87	7.91	0.00	0.00	2000
231	11.05	2115	2076	0.00	196	0	0	0	nan	0.00	0.00	3.94	84.00	88.95	0.00	38	0	42	0.00	0.00	66.06	7.77	0.00	0.00	2000
230	10.74	2114	2126	0.00	198	0	0	0	nan	0.00	0.00	4.94	85.46	89.26	0.00	39	0	42	0.00	0.00	65.95	7.49	0.00	0.00	2000
228	10.70	2143	2092	0.00	201	0	0	0	nan	0.00	0.00	4.82	84.04	89.30	0.00	39	0	42	0.00	0.00	66.14	7.89	0.00	0.00	2000
229	11.13	2071	2083	0.00	195	0	0	0	nan	0.00	0.00	3.52	84.74	88.87	0.00	40	0	42	0.00	0.00	65.37	7.78	0.00	0.00	2000
227	10.98	2068	2100	0.00	194	0	0	0	nan	0.00	0.00	4.70	84.36	89.02	0.00	39	0	42	0.00	0.00	65.99	7.68	0.00	0.00	2000
230	11.17	2037	2123	0.00	195	0	0	0	nan	0.00	0.00	4.57	85.33	88.83	0.00	39	0	42	0.00	0.00	65.83	7.78	0.00	0.00	2000
228	11.21	2063	2066	0.00	197	0	0	0	nan	0.00	0.00	3.68	83.77	88.79	0.00	39	0	42	0.00	0.00	65.56	7.88	0.00	0.00	2000
228	11.02	2041	2129	0.00	194	0	0	0	nan	0.00	0.00	4.24	86.10	88.98	0.00	39	0	42	0.00	0.00	65.76	7.84	0.00	0.00	2000
227	11.04	2082	2075	0.00	196	0	0	0	nan	0.00	0.00	3.84	84.11	88.96	0.00	39	0	42	0.00	0.00	66.05	7.78	0.00	0.00	2000
228	10.96	2049	2133	0.00	195	0	0	0	nan	0.00	0.00	3.62	86.98	89.04	0.00	40	0	42	0.00	0.00	65.90	7.93	0.00	0.00	2000
228	10.85	2143	2063	0.00	197	0	0	0	nan	0.00	0.00	3.69	83.87	89.15	0.00	39	0	42	0.00	0.00	65.89	7.80	0.00	0.00	2000
230	10.81	2116	2110	0.00	194	0	0	0	nan	0.02	0.00	3.40	86.29	89.19	0.00	39	0	42	0.00	0.00	66.15	7.81	0.00	0.00	2000
228	10.77	2092	2121	0.00	195	0	0	0	nan	0.00	0.00	5.21	85.00	89.23	0.00	39	0	42	0.00	0.00	66.20	7.79	0.00	0.00	2000
228	10.81	2108	2102	0.00	195	0	0	0	nan	0.00	0.01	3.21	86.06	89.19	0.00	39	0	42	0.00	0.00	66.07	7.95	0.00	0.00	2000
226	11.18	2038	2087	0.00	195	0	0	0	nan	0.00	0.00	3.14	85.20	88.82	0.00	39	0	42	0.00	0.00	62.81	7.83	0.00	0.00	2000
230	11.44	1988	2121	1.29	194	0	0	11	13.45	0.00	0.00	4.04	85.51	88.56	0.00	40	0	42	0.00	0.00	68.60	7.81	0.00	0.00	2000
228	11.08	2071	2088	0.45	195	0	0	0	nan	0.00	0.02	3.15	85.29	88.92	0.00	40	0	42	0.00	0.00	66.11	7.80	0.00	0.00	2000
229	11.17	2043	2105	0.00	194	0	0	0	nan	0.00	0.00	3.12	86.03	88.83	0.00	40	0	42	0.00	0.00	66.07	7.77	0.00	0.00	2000
226	10.87	2087	2095	0.00	196	0	0	0	nan	0.00	0.00	3.56	85.36	89.13	0.00	39	0	42	0.00	0.00	65.74	7.89	0.00	0.00	2000
228	10.93	2080	2106	0.00	195	0	0	0	nan	0.00	0.00	3.72	85.60	89.07	0.00	40	0	42	0.00	0.00	65.97	7.97	0.00	0.00	2000
227	10.90	2088	2093	0.00	195	0	0	0	nan	0.00	0.00	3.49	85.32	89.10	0.00	39	0	42	0.00	0.00	66.24	8.07	0.00	0.00	2000
231	10.91	2120	2099	0.00	198	0	0	0	nan	0.00	0.00	4.53	84.52	89.09	0.00	39	0	42	0.00	0.00	66.24	7.84	0.00	0.00	2000
227	10.90	2087	2097	0.00	196	0	0	0	nan	0.00	0.00	4.34	84.68	89.10	0.00	39	0	42	0.00	0.00	65.57	7.69	0.00	0.00	2000
229	11.05	2090	2084	0.00	195	0	0	0	nan	0.00	0.00	3.79	84.47	88.95	0.00	39	0	42	0.00	0.00	66.05	7.95	0.00	0.00	2000
226	10.79	2079	2117	0.00	195	0	0	0	nan	0.00	0.00	4.75	85.27	89.21	0.00	39	0	42	0.00	0.00	66.02	7.77	0.00	0.00	2000
228	10.89	2078	2115	0.00	195	0	0	0	nan	0.00	0.00	3.45	86.35	89.11	0.00	39	0	42	0.00	0.00	66.39	7.94	0.00	0.00	2000
230	10.84	2157	2061	0.00	196	0	0	0	nan	0.00	0.00	2.81	84.66	89.16	0.00	40	0	42	0.00	0.00	65.92	7.86	0.00	0.00	2000
231	11.50	1999	2108	0.00	197	0	0	0	nan	0.00	0.00	5.67	83.29	88.50	0.00	39	0	42	0.00	0.00	66.00	7.87	0.00	0.00	2000
227	11.13	2042	2100	0.00	196	0	0	0	nan	0.00	0.00	4.58	84.33	88.87	0.00	39	0	42	0.00	0.00	65.76	8.00	0.00	0.00	2000
228	10.90	2065	2130	0.00	194	0	0	0	nan	0.00	0.00	4.52	85.89	89.10	0.00	39	0	42	0.00	0.00	66.23	7.85	0.00	0.00	2000
227	11.25	2034	2081	0.00	196	0	0	0	nan	0.00	0.02	3.07	84.98	88.75	0.00	39	0	42	0.00	0.00	65.70	7.87	0.00	0.00	2000
230	11.10	2084	2089	0.00	196	0	0	0	nan	0.00	0.00	4.99	83.42	88.90	0.00	39	0	42	0.00	0.00	66.01	7.71	0.00	0.00	2000
227	10.88	2073	2110	0.90	194	0	0	12	16.80	0.00	0.00	4.62	85.01	89.12	0.00	39	0	42	0.00	0.00	65.91	7.77	0.00	0.00	2000
229	10.84	2098	2115	0.85	195	0	0	1	88.55	0.00	0.00	4.00	85.77	89.16	0.00	39	0	42	0.00	0.00	66.00	7.85	0.00	0.00	2000
229	11.02	2087	2092	0.00	196	0	0	0	nan	0.00	0.02	3.43	85.22	88.98	0.00	40	0	42	0.00	0.00	66.40	7.86	0.00	0.00	2000
229	10.86	2102	2106	0.00	195	0	0	0	nan	0.00	0.01	3.84	85.51	89.14	0.00	39	0	42	0.00	0.00	65.97	7.68	0.00	0.00	2000
230	10.95	2125	2073	0.00	196	0	0	0	nan	0.00	0.00	3.63	84.29	89.05	0.00	39	0	42	0.00	0.00	66.05	7.82	0.00	0.00	2000
231	10.87	2117	2111	0.00	195	0	0	0	nan	0.00	0.00	4.10	85.53	89.13	0.00	39	0	42	0.00	0.00	66.36	7.77	0.00	0.00	2000
228	10.95	2092	2086	0.00	197	0	0	0	nan	0.00	0.00	4.32	84.17	89.05	0.00	39	0	42	0.00	0.00	65.98	8.00	0.00	0.00	2000
230	10.98	2062	2129	0.00	194	0	0	0	nan	0.00	0.00	4.10	86.21	89.02	0.00	39	0	42	0.00	0.00	66.31	7.67	0.00	0.00	2000
227	11.14	2044	2099	0.00	197	0	0	0	nan	0.00	0.00	3.73	85.12	88.86	0.00	39	0	42	0.00	0.00	65.91	8.00	0.00	0.00	2000
228	11.00	2071	2104	0.00	194	0	0	0	nan	0.00	0.00	3.99	85.17	89.00	0.00	39	0	42	0.00	0.00	66.09	7.62	0.00	0.00	2000
231	11.37	2054	2074	0.00	208	0	0	0	nan	0.00	0.00	6.05	81.53	88.63	0.00	39	0	42	0.00	0.00	65.70	7.87	0.00	0.00	2000
229	10.91	2070	2130	0.00	198	0	0	0	nan	0.00	0.03	5.62	84.75	89.09	0.00	40	0	42	0.00	0.00	65.81	7.63	0.00	0.00	2000
228	10.90	2101	2091	0.00	200	0	0	0	nan	0.00	0.00	5.34	83.46	89.10	0.00	39	0	42	0.00	0.00	63.82	7.50	0.00	0.00	2000
230	11.29	2029	2104	0.00	199	0	0	0	nan	0.00	0.02	5.97	82.99	88.71	0.00	39	0	42	0.00	0.00	68.51	8.12	0.00	0.00	2000
227	10.65	2137	2096	0.00	199	0	0	0	nan	0.00	0.55	4.08	84.61	89.35	0.00	39	0	42	0.00	0.00	63.35	7.71	0.00	0.00	2000
232	11.02	2121	2085	0.00	203	0	0	0	nan	0.00	0.07	3.75	84.59	88.98	0.00	39	0	42	0.00	0.00	66.12	7.60	0.00	0.00	2000
234	11.33	2071	2091	0.00	203	0	0	0	nan	0.00	0.00	7.27	81.12	88.67	0.00	39	0	42	0.00	0.00	66.08	7.92	0.00	0.00	2000
230	10.96	2090	2107	0.48	197	0	0	9	21.04	0.00	0.00	7.67	81.66	89.04	0.00	39	0	41	0.00	0.00	68.22	8.24	0.00	0.00	2000
228	10.86	2095	2107	1.27	199	0	0	4	39.29	0.00	0.00	7.14	82.38	89.14	0.00	39	0	42	0.00	0.00	64.12	7.57	0.00	0.00	2000
232	11.18	2091	2081	0.00	199	0	0	0	nan	0.00	0.01	5.89	82.21	88.82	0.00	39	0	42	0.00	0.00	65.15	7.69	0.00	0.00	2000
232	10.82	2142	2102	0.00	205	0	0	0	nan	0.00	0.00	7.12	82.16	89.18	0.00	39	0	41	0.00	0.00	66.11	7.80	0.00	0.00	2000
230	10.96	2083	2111	0.00	198	0	0	0	nan	0.00	0.00	6.94	82.61	89.04	0.00	39	0	42	0.00	0.00	68.42	8.24	0.00	0.00	2000
228	10.90	2099	2092	0.00	199	0	0	0	nan	0.00	0.00	6.67	82.20	89.10	0.00	39	0	41	0.00	0.00	63.29	7.72	0.00	0.00	2000
230	10.78	2097	2134	0.00	198	0	0	0	nan	0.00	0.00	6.01	84.68	89.22	0.00	39	0	42	0.00	0.00	68.60	8.27	0.00	0.00	2000
228	11.13	2081	2066	0.00	199	0	0	0	nan	0.00	0.02	3.39	84.08	88.87	0.00	39	0	42	0.00	0.00	63.24	7.49	0.00	0.00	2000
233	10.96	2118	2104	0.00	205	0	0	0	nan	0.00	0.05	5.29	83.95	89.04	0.00	39	0	42	0.00	0.00	65.73	7.72	0.00	0.00	2000
228	10.80	2118	2093	0.00	200	0	0	0	nan	0.00	0.00	6.33	82.67	89.20	0.00	39	0	42	0.00	0.00	63.03	7.43	0.00	0.00	2000
230	10.85	2085	2138	0.00	198	0	0	0	nan	0.00	0.01	7.19	83.69	89.15	0.00	39	0	41	0.00	0.00	71.55	8.26	0.00	0.00	2000
228	10.95	2091	2090	0.00	199	0	0	0	nan	0.00	0.03	5.75	82.89	89.05	0.00	39	0	42	0.00	0.00	63.20	7.58	0.00	0.00	2000
229	11.19	2037	2107	0.00	200	0	0	0	nan	0.00	0.00	5.87	83.27	88.81	0.00	39	0	42	0.00	0.00	66.25	7.96	0.00	0.00	2000
228	11.20	2057	2076	0.00	202	0	0	0	nan	0.00	0.00	6.58	81.27	88.80	0.00	39	0	42	0.00	0.00	65.72	7.73	0.00	0.00	2000
231	11.02	2074	2126	0.00	196	0	0	0	nan	0.00	0.00	5.03	85.12	88.98	0.00	39	0	42	0.00	0.00	66.06	7.91	0.00	0.00	2000
228	11.10	2082	2067	0.00	196	0	0	0	nan	0.00	0.00	3.43	84.13	88.90	0.00	39	0	42	0.00	0.00	63.35	7.48	0.00	0.00	2000
229	10.84	2079	2130	0.00	194	0	0	0	nan	0.00	0.00	4.08	86.41	89.16	0.00	39	0	42	0.00	0.00	69.01	8.15	0.00	0.00	2000
227	10.93	2112	2068	0.00	195	0	0	6	21.76	0.00	0.00	3.62	84.17	89.07	0.00	39	0	42	0.00	0.00	62.89	7.58	0.00	0.00	2000
229	10.95	2074	2119	1.64	195	0	0	7	32.12	0.00	0.00	4.47	85.46	89.05	0.00	39	0	41	0.00	0.00	69.00	8.18	0.00	0.00	2000
231	11.20	2053	2109	0.00	197	0	0	0	nan	0.00	0.00	4.39	84.81	88.80	0.00	39	0	42	0.00	0.00	65.68	7.95	0.00	0.00	2000
229	10.98	2102	2087	0.00	197	0	0	0	nan	0.00	0.03	3.64	84.80	89.02	0.00	39	0	42	0.00	0.00	65.98	7.78	0.00	0.00	2000
226	10.79	2116	2080	0.00	195	0	0	0	nan	0.00	0.00	4.02	84.41	89.21	0.00	39	0	42	0.00	0.00	62.62	7.54	0.00	0.00	2000
230	11.02	2054	2136	0.00	195	0	0	0	nan	0.00	0.00	4.13	86.45	88.98	0.00	39	0	42	0.00	0.00	69.07	8.19	0.00	0.00	2000
228	10.73	2124	2096	0.00	194	0	0	0	nan	0.00	0.00	3.20	85.87	89.27	0.00	39	0	42	0.00	0.00	66.10	7.76	0.00	0.00	2000
231	11.61	1997	2091	0.00	195	0	0	0	nan	0.00	0.00	4.02	84.08	88.39	0.00	39	0	42	0.00	0.00	62.68	7.62	0.00	0.00	2000
227	11.16	2050	2084	0.00	196	0	0	0	nan	0.00	0.00	4.29	84.00	88.84	0.00	39	0	41	0.00	0.00	65.99	7.83	0.00	0.00	2000
229	11.02	2051	2130	0.00	195	0	0	0	nan	0.00	0.00	4.50	85.84	88.98	0.00	39	0	42	0.00	0.00	68.67	8.36	0.00	0.00	2000
228	10.93	2115	2069	0.00	196	0	0	0	nan	0.00	0.00	3.21	84.56	89.07	0.00	39	0	42	0.00	0.00	63.29	7.59	0.00	0.00	2000
229	10.98	2057	2125	0.00	196	0	0	0	nan	0.00	0.00	4.62	85.56	89.02	0.00	39	0	42	0.00	0.00	66.52	7.93	0.00	0.00	2000
229	11.17	2079	2070	0.00	196	0	0	0	nan	0.00	0.00	3.74	83.81	88.83	0.00	40	0	42	0.00	0.00	66.24	7.80	0.00	0.00	2000
228	10.71	2098	2134	0.00	196	0	0	0	nan	0.00	0.00	4.18	86.60	89.29	0.00	39	0	41	0.00	0.00	66.13	7.85	0.00	0.00	2000
231	11.10	2083	2099	0.00	196	0	0	0	nan	0.00	0.00	3.23	85.58	88.90	0.00	39	0	42	0.00	0.00	66.40	7.70	0.00	0.00	2000
229	10.90	2100	2102	0.00	196	0	0	0	nan	0.00	0.00	4.03	85.12	89.10	0.00	39	0	42	0.00	0.00	65.67	7.87	0.00	0.00	2000
228	10.97	2107	2070	0.00	196	0	0	0	nan	0.00	0.00	3.72	84.06	89.03	0.00	39	0	42	0.00	0.00	65.95	8.02	0.00	0.00	2000
227	11.06	2118	2033	0.00	198	0	0	5	26.08	0.00	0.01	4.22	81.90	88.94	0.00	40	0	41	0.00	0.00	63.54	7.49	0.00	0.00	2000
232	10.57	2095	2195	1.58	210	0	0	8	27.18	0.00	0.00	2.89	90.63	89.43	0.00	39	0	42	0.00	0.00	68.45	8.20	0.00	0.00	2000
305	14.60	2170	2021	0.00	205	0	0	0	nan	0.00	0.00	5.22	76.98	85.40	0.00	39	0	42	0.00	0.00	66.20	7.75	0.00	0.00	2000
231	10.81	2090	2149	0.00	213	0	0	0	nan	0.00	0.04	2.22	88.95	89.19	0.00	40	0	42	0.00	0.00	67.99	8.21	0.00	0.00	2000
228	11.38	2055	2044	0.00	194	0	0	0	nan	0.00	0.02	3.60	82.74	88.62	0.00	40	0	42	0.00	0.00	63.57	7.70	0.00	0.00	2000
231	10.62	2066	2214	0.00	213	0	0	0	nan	0.00	0.02	2.88	91.34	89.38	0.00	39	0	41	0.00	0.00	69.41	8.25	0.00	0.00	2000
228	11.30	2038	2083	0.00	195	0	0	0	nan	0.00	0.02	3.47	84.58	88.70	0.00	39	0	41	0.00	0.00	65.27	7.90	0.00	0.00	2000
227	10.98	2069	2102	0.00	195	0	0	0	nan	0.00	0.00	3.38	85.77	89.02	0.00	39	0	42	0.00	0.00	66.14	7.80	0.00	0.00	2000
228	11.09	2052	2108	0.00	194	0	0	0	nan	0.00	0.00	3.70	85.63	88.91	0.00	39	0	41	0.00	0.00	65.98	7.94	0.00	0.00	2000
230	11.09	2100	2070	0.00	196	0	0	0	nan	0.00	0.00	3.83	83.84	88.91	0.00	39	0	42	0.00	0.00	65.77	7.75	0.00	0.00	2000
230	10.57	2167	2108	0.00	195	0	0	0	nan	0.00	0.00	3.97	85.74	89.43	0.00	39	0	42	0.00	0.00	66.40	7.93	0.00	0.00	2000
227	10.73	2099	2114	0.00	195	0	0	0	nan	0.00	0.00	4.31	85.60	89.27	0.00	40	0	42	0.00	0.00	66.21	7.91	0.00	0.00	2000
229	11.18	2066	2084	0.00	194	0	0	0	nan	0.00	0.00	3.43	84.78	88.82	0.00	38	0	42	0.00	0.00	65.22	7.70	0.00	0.00	2000
227	11.01	2069	2093	0.00	196	0	0	0	nan	0.00	0.00	4.62	84.18	88.99	0.00	39	0	42	0.00	0.00	63.16	7.83	0.00	0.00	2000
229	11.09	2065	2102	0.00	193	0	0	0	nan	0.00	0.01	3.67	85.35	88.91	0.00	39	0	42	0.00	0.00	68.47	7.65	0.00	0.00	2000
230	10.88	2086	2127	0.00	197	0	0	0	nan	0.00	0.00	4.90	85.41	89.12	0.00	39	0	42	0.00	0.00	66.09	7.67	0.00	0.00	2000
229	11.02	2100	2078	0.00	195	0	0	0	nan	0.00	0.00	3.11	84.88	88.98	0.00	39	0	42	0.00	0.00	66.10	7.91	0.00	0.00	2000
228	10.76	2114	2103	0.00	196	0	0	5	23.99	0.00	0.00	4.34	85.04	89.24	0.00	40	0	42	0.00	0.00	66.08	8.02	0.00	0.00	2000
230	10.90	2080	2127	1.61	194	0	0	8	28.48	0.00	0.00	3.94	86.35	89.10	0.00	39	0	42	0.00	0.00	66.05	7.97	0.00	0.00	2000
227	11.05	2064	2092	0.00	197	0	0	0	nan	0.00	0.00	3.20	85.59	88.95	0.00	39	0	42	0.00	0.00	65.92	8.01	0.00	0.00	2000
231	11.22	2081	2080	0.00	198	0	0	0	nan	0.00	0.00	5.65	82.30	88.78	0.00	39	0	42	0.00	0.00	66.07	7.75	0.00	0.00	2000
228	10.72	2109	2117	0.00	197	0	0	0	nan	0.00	0.00	4.15	85.89	89.28	0.00	39	0	42	0.00	0.00	65.96	8.03	0.00	0.00	2000
228	11.01	2092	2083	0.00	195	0	0	0	nan	0.00	0.01	3.68	84.54	88.99	0.00	39	0	42	0.00	0.00	65.81	7.89	0.00	0.00	2000
227	10.61	2119	2117	0.00	196	0	0	0	nan	0.00	0.00	4.38	85.77	89.39	0.00	39	0	42	0.00	0.00	65.94	7.94	0.00	0.00	2000
229	11.46	2015	2083	0.00	194	0	0	0	nan	0.00	0.00	4.12	83.75	88.54	0.00	39	0	42	0.00	0.00	65.90	7.79	0.00	0.00	2000
229	10.96	2091	2103	0.00	196	0	0	0	nan	0.00	0.00	4.31	84.91	89.04	0.00	40	0	41	0.00	0.00	66.30	7.86	0.00	0.00	2000
229	11.05	2053	2118	0.00	194	0	0	0	nan	0.00	0.00	4.38	85.37	88.95	0.00	39	0	41	0.00	0.00	66.16	8.05	0.00	0.00	2000
227	11.07	2070	2084	0.00	196	0	0	0	nan	0.00	0.00	3.66	84.66	88.93	0.00	39	0	42	0.00	0.00	65.95	8.00	0.00	0.00	2000
228	11.01	2057	2119	0.00	194	0	0	0	nan	0.00	0.00	3.97	85.87	88.99	0.00	39	0	42	0.00	0.00	65.99	7.73	0.00	0.00	2000
227	10.94	2081	2095	0.00	194	0	0	0	nan	0.00	0.00	3.56	85.29	89.06	0.00	39	0	42	0.00	0.00	66.12	8.01	0.00	0.00	2000
231	11.16	2084	2083	0.00	195	0	0	0	nan	0.00	0.00	3.82	84.24	88.84	0.00	39	0	42	0.00	0.00	66.00	7.92	0.00	0.00	2000
227	10.87	2083	2110	0.00	194	0	0	0	nan	0.00	0.01	4.16	85.47	89.13	0.00	39	0	41	0.00	0.00	66.29	7.89	0.00	0.00	2000
230	10.86	2126	2089	0.00	203	0	0	0	nan	0.00	0.00	4.71	83.88	89.14	0.00	40	0	42	0.00	0.00	66.08	8.03	0.00	0.00	2000
228	10.72	2108	2119	0.00	203	0	0	0	nan	0.00	0.00	4.99	85.15	89.28	0.00	39	0	42	0.00	0.00	66.00	7.81	0.00	0.00	2000
229	11.27	2056	2079	0.00	194	0	0	2	38.44	0.00	0.00	3.17	84.67	88.73	0.00	39	0	42	0.00	0.00	65.64	7.70	0.00	0.00	2000
232	10.60	2178	2105	1.65	195	0	0	11	25.14	0.00	0.00	4.33	85.26	89.40	0.00	39	0	42	0.00	0.00	66.23	7.93	0.00	0.00	2000
229	10.82	2097	2124	0.00	195	0	0	0	nan	0.00	0.00	4.15	86.08	89.18	0.00	39	0	42	0.00	0.00	66.53	7.98	0.00	0.00	2000
228	11.28	2055	2066	0.00	195	0	0	0	nan	0.00	0.00	3.25	84.09	88.72	0.00	39	0	42	0.00	0.00	65.93	7.89	0.00	0.00	2000
230	10.90	2084	2122	0.00	194	0	0	0	nan	0.00	0.00	3.99	86.04	89.10	0.00	39	0	42	0.00	0.00	66.92	8.00	0.00	0.00	2000
228	11.06	2090	2068	0.00	195	0	0	0	nan	0.00	0.00	3.08	84.65	88.94	0.00	39	0	42	0.00	0.00	65.28	7.52	0.00	0.00	2000
231	10.91	2101	2116	0.00	199	0	0	0	nan	0.00	0.09	4.50	85.33	89.09	0.00	39	0	42	0.00	0.00	66.01	8.05	0.00	0.00	2000
229	11.00	2064	2118	0.00	198	0	0	0	nan	0.00	0.00	5.17	84.64	89.00	0.00	39	0	42	0.00	0.00	63.10	7.45	0.00	0.00	2000
229	11.05	2066	2105	0.00	194	0	0	0	nan	0.00	0.00	3.56	85.63	88.95	0.00	39	0	42	0.00	0.00	68.82	8.19	0.00	0.00	2000
227	10.94	2110	2064	0.00	196	0	0	0	nan	0.00	0.00	3.13	84.42	89.06	0.00	39	0	42	0.00	0.00	66.00	7.97	0.00	0.00	2000
230	10.97	2055	2140	0.00	195	0	0	0	nan	0.00	0.00	4.56	86.25	89.03	0.00	39	0	42	0.00	0.00	66.17	7.95	0.00	0.00	2000
227	10.87	2097	2092	0.00	196	0	0	0	nan	0.00	0.00	3.32	85.37	89.13	0.00	39	0	42	0.00	0.00	65.95	7.87	0.00	0.00	2000
231	10.97	2096	2108	0.00	196	0	0	0	nan	0.01	0.00	3.25	86.21	89.03	0.00	39	0	42	0.00	0.00	65.53	7.74	0.00	0.00	2000
226	11.15	2038	2090	0.00	194	0	0	0	nan	0.00	0.00	3.37	85.12	88.85	0.00	39	0	42	0.00	0.00	63.14	7.53	0.00	0.00	2000
230	11.14	2051	2112	0.00	195	0	0	0	nan	0.00	0.00	3.84	85.60	88.86	0.00	39	0	42	0.00	0.00	68.34	8.21	0.00	0.00	2000
233	11.37	2081	2065	0.00	197	0	0	0	nan	0.00	0.00	2.97	84.27	88.63	0.00	39	0	42	0.00	0.00	63.66	7.48	0.00	0.00	2000
234	11.07	2085	2129	0.00	213	1	0	0	nan	0.00	0.00	7.61	82.57	88.93	0.00	39	0	42	0.00	0.00	65.65	7.83	0.00	0.00	2000
230	11.23	2087	2065	0.00	196	0	0	0	nan	0.00	0.00	4.70	82.61	88.77	0.00	39	0	42	0.00	0.00	65.94	7.62	0.00	0.00	2000
230	10.89	2077	2136	1.48	196	0	0	11	11.11	0.00	0.00	4.67	86.02	89.11	0.00	39	0	42	0.00	0.00	69.39	7.98	0.00	0.00	2000
227	11.15	2067	2070	0.24	196	0	0	0	nan	0.00	0.00	3.49	84.11	88.85	0.00	39	0	42	0.00	0.00	62.88	7.59	0.00	0.00	2000
229	10.96	2057	2133	0.00	194	0	0	0	nan	0.00	0.00	4.34	86.15	89.04	0.00	39	0	42	0.00	0.00	68.54	8.11	0.00	0.00	2000
227	11.08	2081	2066	0.00	196	0	0	0	nan	0.00	0.00	2.91	84.67	88.92	0.00	39	0	42	0.00	0.00	63.00	7.51	0.00	0.00	2000
230	10.87	2110	2105	0.00	195	0	0	0	nan	0.00	0.00	4.48	84.95	89.13	0.00	39	0	42	0.00	0.00	65.68	7.89	0.00	0.00	2000
228	11.02	2052	2119	0.00	197	0	0	0	nan	0.00	0.00	5.06	84.77	88.98	0.00	39	0	42	0.00	0.00	66.40	7.73	0.00	0.00	2000
228	11.04	2059	2110	0.00	195	0	0	0	nan	0.00	0.00	3.38	86.07	88.96	0.00	39	0	42	0.00	0.00	68.45	8.10	0.00	0.00	2000
227	11.10	2083	2065	0.00	195	0	0	0	nan	0.00	0.00	2.95	84.56	88.90	0.00	39	0	42	0.00	0.00	63.10	7.54	0.00	0.00	2000
230	10.99	2055	2136	0.00	194	0	0	0	nan	0.00	0.00	3.73	86.96	89.01	0.00	39	0	42	0.00	0.00	68.47	8.02	0.00	0.00	2000
225	11.39	2079	1994	0.00	197	0	0	0	nan	0.00	0.00	3.55	80.58	88.61	0.00	39	0	42	0.00	0.00	58.23	6.77	0.00	0.00	2000
232	10.75	2052	2212	0.00	212	0	0	0	nan	0.00	0.00	2.87	91.15	89.25	0.00	40	0	42	0.00	0.00	74.04	8.82	0.00	0.00	2000
227	11.00	2096	2068	0.00	196	0	0	0	nan	0.00	0.00	3.51	84.12	89.00	0.00	40	0	42	0.00	0.00	63.33	7.53	0.00	0.00	2000
228	10.90	2066	2130	0.00	195	0	0	0	nan	0.00	0.00	4.19	86.23	89.10	0.00	39	0	42	0.00	0.00	65.77	7.95	0.00	0.00	2000
227	11.19	2035	2097	0.00	196	0	0	0	nan	0.00	0.00	4.01	84.73	88.81	0.00	39	0	42	0.00	0.00	65.65	7.95	0.00	0.00	2000
230	11.08	2101	2079	0.00	195	0	0	0	nan	0.00	0.00	3.77	84.23	88.92	0.00	39	0	42	0.00	0.00	66.24	7.89	0.00	0.00	2000
227	10.79	2099	2102	0.00	194	0	0	0	nan	0.00	0.02	4.30	85.02	89.21	0.00	39	0	42	0.00	0.00	66.09	7.95	0.00	0.00	2000
229	11.04	2074	2101	0.00	194	0	0	0	nan	0.00	0.01	4.58	84.53	88.96	0.00	39	0	42	0.00	0.00	65.97	7.74	0.00	0.00	2000
228	10.86	2109	2086	1.30	196	0	0	11	14.63	0.00	0.00	4.33	84.26	89.14	0.00	39	0	42	0.00	0.00	62.36	7.46	0.00	0.00	2000
231	10.72	2110	2139	0.45	195	0	0	0	nan	0.00	0.00	3.79	87.16	89.28	0.00	39	0	42	0.00	0.00	68.78	7.93	0.00	0.00	2000
228	11.24	2056	2074	0.00	196	0	0	0	nan	0.00	0.00	3.37	84.39	88.76	0.00	39	0	42	0.00	0.00	65.85	7.69	0.00	0.00	2000
230	11.21	2037	2113	0.00	195	0	0	0	nan	0.00	0.01	3.64	85.82	88.79	0.00	39	0	42	0.00	0.00	65.88	7.75	0.00	0.00	2000
227	11.05	2056	2098	0.00	196	0	0	0	nan	0.00	0.00	3.79	85.16	88.95	0.00	39	0	42	0.00	0.00	65.87	7.76	0.00	0.00	2000
229	11.16	2053	2101	0.00	194	0	0	0	nan	0.00	0.00	3.98	84.90	88.84	0.00	39	0	42	0.00	0.00	65.78	7.80	0.00	0.00	2000
228	10.95	2103	2080	0.00	196	0	0	0	nan	0.00	0.00	4.13	84.11	89.05	0.00	39	0	42	0.00	0.00	63.19	7.45	0.00	0.00	2000
229	11.11	2029	2132	0.00	195	0	0	0	nan	0.00	0.01	3.58	86.79	88.89	0.00	39	0	42	0.00	0.00	65.64	8.25	0.00	0.00	2000
230	11.04	2087	2095	0.00	197	0	0	0	nan	0.00	0.00	3.71	85.13	88.96	0.00	39	0	42	0.00	0.00	68.92	7.79	0.00	0.00	2000
229	10.96	2087	2101	0.00	194	0	0	0	nan	0.00	0.00	3.53	85.63	89.04	0.00	39	0	42	0.00	0.00	65.90	7.67	0.00	0.00	2000
226	10.98	2090	2073	0.00	196	0	0	0	nan	0.00	0.00	3.31	84.62	89.02	0.00	39	0	42	0.00	0.00	62.74	7.38	0.00	0.00	2000
228	10.95	2073	2111	0.00	195	0	0	0	nan	0.00	0.02	4.80	84.80	89.05	0.00	39	0	42	0.00	0.00	68.75	8.16	0.00	0.00	2000
228	11.21	2020	2113	0.00	199	0	0	0	nan	0.00	0.00	4.92	84.52	88.79	0.00	39	0	42	0.00	0.00	65.68	7.82	0.00	0.00	2000
266	12.33	2184	2076	0.00	196	0	0	0	nan	0.00	0.00	4.18	82.55	87.67	0.00	39	0	42	0.00	0.00	63.69	7.37	0.00	0.00	2000
228	11.18	2017	2119	0.00	195	0	0	0	nan	0.00	0.00	4.31	85.48	88.82	0.00	39	0	42	0.00	0.00	68.67	8.09	0.00	0.00	2000
228	11.01	2067	2107	0.00	195	1	0	0	nan	0.00	0.00	3.88	85.41	88.99	0.00	39	0	42	0.00	0.00	65.97	7.83	0.00	0.00	2000
229	11.18	2049	2101	0.00	201	0	0	0	nan	0.00	0.00	4.78	84.20	88.82	0.00	39	0	42	0.00	0.00	62.76	7.54	0.00	0.00	2000
229	10.97	2089	2101	0.88	197	0	0	11	15.24	0.00	0.00	3.66	85.37	89.03	0.00	39	0	42	0.00	0.00	68.92	8.18	0.00	0.00	2000
230	11.18	2093	2064	0.85	197	0	0	1	89.29	0.00	0.00	3.85	83.52	88.82	0.00	39	0	42	0.00	0.00	62.87	7.38	0.00	0.00	2000
229	10.89	2064	2138	0.00	197	0	0	0	nan	0.00	0.00	3.90	86.94	89.11	0.00	39	0	42	0.00	0.00	68.86	8.18	0.00	0.00	2000
227	11.21	2032	2096	0.00	194	0	0	0	nan	0.00	0.00	2.98	85.69	88.79	0.00	39	0	42	0.00	0.00	63.22	7.54	0.00	0.00	2000
229	11.02	2088	2089	0.00	196	0	0	0	nan	0.00	0.00	3.55	84.89	88.98	0.00	39	0	42	0.00	0.00	66.31	7.71	0.00	0.00	2000
227	10.95	2093	2077	0.00	195	0	0	0	nan	0.00	0.00	4.19	83.97	89.05	0.00	39	0	42	0.00	0.00	65.92	7.76	0.00	0.00	2000
232	10.78	2133	2116	0.00	195	0	0	0	nan	0.03	0.00	4.43	85.49	89.22	0.00	39	0	42	0.00	0.00	65.46	7.84	0.00	0.00	2000
228	10.58	2136	2116	0.00	195	0	0	0	nan	0.00	0.00	4.24	85.85	89.42	0.00	39	0	42	0.00	0.00	66.05	7.67	0.00	0.00	2000
229	11.45	1997	2105	0.00	196	0	0	0	nan	0.00	0.00	4.12	84.75	88.55	0.00	39	0	42	0.00	0.00	65.22	7.75	0.00	0.00	2000
227	11.12	2047	2093	0.00	196	0	0	0	nan	0.00	0.00	3.62	85.05	88.88	0.00	39	0	42	0.00	0.00	66.78	7.85	0.00	0.00	2000
228	11.14	2078	2066	0.00	195	0	0	0	nan	0.00	0.00	3.01	84.52	88.86	0.00	39	0	42	0.00	0.00	64.95	7.55	0.00	0.00	2000
227	10.86	2052	2140	0.00	194	0	0	0	nan	0.00	0.02	3.60	87.30	89.14	0.00	39	0	41	0.00	0.00	65.43	7.62	0.00	0.00	2000
232	11.19	2070	2104	0.00	205	0	0	0	nan	0.00	0.00	5.56	83.41	88.81	0.00	39	0	42	0.00	0.00	68.54	8.19	0.00	0.00	2000
228	10.84	2111	2093	0.00	198	0	0	0	nan	0.00	0.00	5.17	83.74	89.16	0.00	39	0	42	0.00	0.00	63.61	7.39	0.00	0.00	2000
230	10.95	2117	2080	0.00	199	0	0	0	nan	0.00	0.00	5.03	83.08	89.05	0.00	40	0	42	0.00	0.00	65.79	7.80	0.00	0.00	2000
228	11.00	2053	2119	0.00	202	0	0	0	nan	0.00	0.03	5.20	84.75	89.00	0.00	39	0	42	0.00	0.00	65.79	7.81	0.00	0.00	2000
230	11.08	2098	2081	0.00	200	0	0	0	nan	0.00	0.01	5.59	82.49	88.92	0.00	39	0	42	0.00	0.00	66.04	7.76	0.00	0.00	2000
230	11.11	2076	2091	0.49	204	0	0	9	19.59	0.00	0.43	6.53	81.70	88.89	0.00	39	0	42	0.00	0.00	66.14	7.84	0.00	0.00	2000
230	10.95	2073	2128	1.25	199	0	0	4	42.18	0.00	0.53	7.12	82.72	89.05	0.00	39	0	42	0.00	0.00	66.06	7.85	0.00	0.00	2000
228	11.07	2065	2097	0.00	199	0	0	0	nan	0.00	0.00	6.28	82.49	88.93	0.00	39	0	42	0.00	0.00	65.81	7.80	0.00	0.00	2000
230	11.13	2057	2110	0.00	197	0	0	0	nan	0.00	0.00	6.38	82.99	88.87	0.00	39	0	42	0.00	0.00	65.84	7.82	0.00	0.00	2000
227	11.10	2082	2066	0.00	199	0	0	0	nan	0.00	0.00	5.56	81.93	88.90	0.00	39	0	42	0.00	0.00	66.16	7.76	0.00	0.00	2000
232	11.18	2066	2108	0.00	204	0	0	0	nan	0.00	0.00	6.03	83.19	88.82	0.00	40	0	42	0.00	0.00	66.05	7.70	0.00	0.00	2000
227	10.93	2064	2116	0.00	198	0	0	0	nan	0.00	0.00	7.39	82.47	89.07	0.00	39	0	42	0.00	0.00	66.21	7.88	0.00	0.00	2000
229	11.05	2068	2106	0.00	199	0	0	0	nan	0.00	0.00	5.54	83.65	88.95	0.00	39	0	42	0.00	0.00	63.02	7.77	0.00	0.00	2000
228	11.00	2079	2093	0.00	199	0	0	0	nan	0.00	0.00	5.98	82.71	89.00	0.00	40	0	42	0.00	0.00	69.07	7.72	0.00	0.00	2000
229	11.07	2073	2099	0.00	198	0	0	0	nan	0.00	0.00	5.76	83.18	88.93	0.00	39	0	42	0.00	0.00	66.32	7.92	0.00	0.00	2000
230	11.16	2088	2073	0.00	200	0	0	0	nan	0.00	0.06	4.73	83.00	88.84	0.00	39	0	42	0.00	0.00	66.04	7.71	0.00	0.00	2000
230	10.07	2241	2138	0.00	202	0	0	0	nan	0.02	2.11	4.97	84.60	89.93	0.00	40	0	42	0.00	0.00	67.27	7.70	0.00	0.00	2000
228	10.74	2128	2095	0.00	200	0	0	0	nan	0.00	0.00	5.77	83.16	89.26	0.00	39	0	42	0.00	0.00	66.27	7.75	0.00	0.00	2000
229	10.71	2158	2079	0.00	198	0	0	0	nan	0.01	0.00	5.11	83.15	89.29	0.00	39	0	42	0.00	0.00	66.05	7.85	0.00	0.00	2000
228	11.14	2033	2112	0.00	201	0	0	0	nan	0.00	0.00	6.45	83.05	88.86	0.00	40	0	42	0.00	0.00	66.24	7.86	0.00	0.00	2000
228	11.55	2051	2020	0.00	198	0	0	0	nan	0.00	0.02	5.53	79.66	88.45	0.00	39	0	42	0.00	0.00	61.04	7.10	0.00	0.00	2000
230	10.73	2054	2196	0.00	213	0	0	0	nan	0.00	0.01	2.98	90.48	89.27	0.00	40	0	41	0.00	0.00	71.93	8.43	0.00	0.00	2000
230	11.09	2069	2101	0.21	194	0	0	8	23.60	0.00	0.00	3.46	85.44	88.91	0.00	39	0	42	0.00	0.00	65.54	7.69	0.00	0.00	2000
227	11.11	2047	2095	1.46	195	0	0	5	31.88	0.00	0.00	3.22	85.58	88.89	0.00	39	0	42	0.00	0.00	66.40	7.75	0.00	0.00	2000
229	11.14	2054	2103	0.00	197	0	0	0	nan	0.00	0.00	4.98	84.07	88.86	0.00	40	0	42	0.00	0.00	66.15	7.65	0.00	0.00	2000
229	11.12	2083	2080	0.00	199	0	0	0	nan	0.00	0.00	3.73	84.38	88.88	0.00	40	0	42	0.00	0.00	63.12	7.59	0.00	0.00	2000
229	10.94	2074	2120	0.00	194	0	0	0	nan	0.00	0.00	3.20	86.78	89.06	0.00	39	0	42	0.00	0.00	68.68	8.04	0.00	0.00	2000
228	11.02	2097	2070	0.00	195	0	0	0	nan	0.00	0.00	3.56	84.13	88.98	0.00	39	0	42	0.00	0.00	63.34	7.51	0.00	0.00	2000
229	10.65	2116	2133	0.00	194	0	0	0	nan	0.00	0.00	3.78	87.02	89.35	0.00	39	0	41	0.00	0.00	68.92	7.81	0.00	0.00	2000
227	10.87	2127	2062	0.00	196	0	0	0	nan	0.00	0.00	2.77	84.79	89.13	0.00	39	0	42	0.00	0.00	63.14	7.67	0.00	0.00	2000
227	10.99	2124	2039	0.00	194	0	0	0	nan	0.00	0.00	3.48	82.98	89.01	0.00	39	0	42	0.00	0.00	63.49	7.58	0.00	0.00	2000
230	10.84	2029	2198	0.00	210	0	0	0	nan	0.00	0.00	2.72	90.69	89.16	0.00	39	0	42	0.00	0.00	68.79	8.05	0.00	0.00	2000
228	11.21	2057	2080	0.00	195	0	0	0	nan	0.00	0.00	3.54	84.40	88.79	0.00	39	0	42	0.00	0.00	65.77	7.88	0.00	0.00	2000
226	10.87	2095	2088	0.00	195	0	0	0	nan	0.00	0.00	4.36	84.39	89.13	0.00	39	0	42	0.00	0.00	65.70	7.84	0.00	0.00	2000
235	11.25	2055	2134	0.00	196	0	0	0	nan	0.00	0.00	4.75	85.46	88.75	0.00	39	0	42	0.00	0.00	68.88	7.84	0.00	0.00	2000
229	11.18	2076	2068	0.00	196	0	0	0	nan	0.00	0.00	3.95	83.53	88.82	0.00	39	0	42	0.00	0.00	63.63	7.53	0.00	0.00	2000
230	10.98	2080	2113	0.00	195	0	0	0	nan	0.00	0.00	4.11	85.51	89.02	0.00	39	0	42	0.00	0.00	65.52	8.04	0.00	0.00	2000
228	10.87	2110	2089	0.00	196	0	0	0	nan	0.00	0.02	4.50	84.27	89.13	0.00	39	0	42	0.00	0.00	65.96	7.80	0.00	0.00	2000
230	10.93	2073	2135	0.00	196	0	0	0	nan	0.00	0.00	4.08	86.55	89.07	0.00	39	0	42	0.00	0.00	68.63	8.10	0.00	0.00	2000
227	11.01	2075	2090	0.01	196	0	0	6	24.34	0.00	0.00	3.41	85.20	88.99	0.00	39	0	42	0.00	0.00	63.21	7.58	0.00	0.00	2000
230	11.38	2009	2116	1.64	195	0	0	7	34.02	0.00	0.00	3.74	85.67	88.62	0.00	39	0	42	0.00	0.00	68.37	8.02	0.00	0.00	2000
227	11.12	2059	2083	0.00	195	0	0	0	nan	0.00	0.00	3.62	84.57	88.88	0.00	39	0	42	0.00	0.00	63.09	7.60	0.00	0.00	2000
228	11.11	2042	2112	0.00	196	0	0	0	nan	0.00	0.00	4.33	85.19	88.89	0.00	39	0	42	0.00	0.00	65.80	7.87	0.00	0.00	2000
227	11.13	2077	2060	0.00	195	0	0	0	nan	0.00	0.00	3.38	83.78	88.87	0.00	39	0	42	0.00	0.00	65.44	7.68	0.00	0.00	2000
231	11.07	2051	2137	0.00	198	0	0	0	nan	0.00	0.00	5.58	84.96	88.93	0.00	39	0	42	0.00	0.00	65.81	7.89	0.00	0.00	2000
227	10.91	2079	2097	0.00	196	0	0	0	nan	0.00	0.00	4.03	84.90	89.09	0.00	40	0	42	0.00	0.00	65.72	7.76	0.00	0.00	2000
231	11.27	2042	2107	0.00	196	0	0	0	nan	0.00	0.00	4.33	84.68	88.73	0.00	39	0	42	0.00	0.00	65.73	7.89	0.00	0.00	2000
227	10.89	2092	2096	0.00	196	0	0	0	nan	0.00	0.00	3.35	85.57	89.11	0.00	39	0	41	0.00	0.00	65.50	7.87	0.00	0.00	2000
229	11.04	2069	2106	0.00	194	0	0	0	nan	0.00	0.00	3.56	85.57	88.96	0.00	40	0	42	0.00	0.00	65.75	7.91	0.00	0.00	2000
227	11.22	2039	2083	0.00	196	0	0	0	nan	0.00	0.00	3.26	84.86	88.78	0.00	39	0	42	0.00	0.00	65.34	7.88	0.00	0.00	2000
229	11.07	2054	2117	0.00	195	0	0	0	nan	0.00	0.02	4.96	84.81	88.93	0.00	40	0	42	0.00	0.00	65.90	7.81	0.00	0.00	2000
230	10.88	2144	2066	0.00	195	0	0	0	nan	0.00	0.00	3.28	84.33	89.12	0.00	40	0	42	0.00	0.00	65.60	7.75	0.00	0.00	2000
228	10.74	2096	2129	0.00	194	0	0	0	nan	0.00	0.02	3.69	86.87	89.26	0.00	39	0	42	0.00	0.00	65.69	7.61	0.00	0.00	2000
227	10.85	2098	2095	0.00	194	0	0	0	nan	0.00	0.00	2.87	86.09	89.15	0.00	39	0	42	0.00	0.00	65.67	7.72	0.00	0.00	2000
230	11.05	2073	2104	0.00	195	0	0	0	nan	0.00	0.00	4.15	84.91	88.95	0.00	39	0	42	0.00	0.00	65.67	7.81	0.00	0.00	2000
227	11.23	2026	2097	0.00	195	0	0	0	nan	0.00	0.00	3.68	85.06	88.77	0.00	40	0	42	0.00	0.00	65.31	7.80	0.00	0.00	2000
231	11.02	2082	2110	0.00	195	0	0	4	34.39	0.00	0.00	3.68	85.75	88.98	0.00	39	0	42	0.00	0.00	65.81	7.72	0.00	0.00	2000
227	10.94	2090	2090	1.60	195	0	0	9	23.32	0.00	0.00	3.33	85.37	89.06	0.00	39	0	42	0.00	0.00	65.73	7.86	0.00	0.00	2000
229	10.98	2078	2104	0.00	195	0	0	0	nan	0.00	0.00	4.10	85.14	89.02	0.00	39	0	42	0.00	0.00	66.25	7.88	0.00	0.00	2000
226	11.04	2083	2069	0.00	195	0	0	0	nan	0.00	0.00	3.22	84.57	88.96	0.00	39	0	42	0.00	0.00	65.57	7.69	0.00	0.00	2000
229	11.20	2039	2110	0.00	194	0	0	0	nan	0.00	0.00	4.01	85.35	88.80	0.00	39	0	42	0.00	0.00	65.43	7.73	0.00	0.00	2000
230	11.00	2092	2099	0.00	197	0	0	0	nan	0.00	0.00	4.98	84.05	89.00	0.00	39	0	42	0.00	0.00	65.91	7.87	0.00	0.00	2000
228	11.12	2038	2113	0.00	194	0	0	0	nan	0.00	0.00	4.23	85.33	88.88	0.00	39	0	42	0.00	0.00	65.32	7.76	0.00	0.00	2000
228	10.99	2065	2106	0.00	196	0	0	0	nan	0.00	0.00	4.50	84.79	89.01	0.00	39	0	41	0.00	0.00	65.42	7.87	0.00	0.00	2000
230	11.19	2055	2097	0.00	194	0	0	0	nan	0.00	0.02	3.23	85.54	88.81	0.00	39	0	42	0.00	0.00	65.85	7.94	0.00	0.00	2000
228	11.10	2046	2106	0.00	199	0	0	0	nan	0.00	0.00	4.47	84.84	88.90	0.00	39	0	42	0.00	0.00	65.45	7.85	0.00	0.00	2000
229	11.46	1998	2104	0.00	194	0	0	0	nan	0.00	0.00	3.42	85.37	88.54	0.00	39	0	42	0.00	0.00	65.63	7.81	0.00	0.00	2000
228	11.25	2063	2062	0.00	197	0	0	0	nan	0.00	0.00	3.84	83.42	88.75	0.00	39	0	42	0.00	0.00	65.27	7.96	0.00	0.00	2000
229	11.06	2061	2114	0.00	195	0	0	0	nan	0.00	0.00	4.21	85.42	88.94	0.00	39	0	41	0.00	0.00	66.05	7.61	0.00	0.00	2000
227	10.93	2091	2090	0.00	195	0	0	0	nan	0.00	0.00	4.31	84.43	89.07	0.00	39	0	42	0.00	0.00	62.81	7.49	0.00	0.00	2000
230	11.22	2019	2132	0.00	197	0	0	0	nan	0.00	0.00	5.30	84.90	88.78	0.00	39	0	42	0.00	0.00	68.59	8.22	0.00	0.00	2000
229	11.06	2101	2064	0.00	197	0	0	0	nan	0.00	0.00	3.58	83.87	88.94	0.00	39	0	42	0.00	0.00	62.60	7.27	0.00	0.00	2000
232	11.09	2066	2127	0.00	195	0	0	0	nan	0.00	0.00	4.45	85.70	88.91	0.00	39	0	42	0.00	0.00	68.42	8.24	0.00	0.00	2000
227	10.86	2097	2096	0.00	196	0	0	0	96.66	0.00	0.00	3.97	85.06	89.14	0.00	39	0	41	0.00	0.00	65.98	7.89	0.00	0.00	2000
228	11.05	2061	2105	1.69	194	0	0	12	19.54	0.00	0.00	3.66	85.61	88.95	0.00	39	0	42	0.00	0.00	65.68	7.84	0.00	0.00	2000
227	10.84	2092	2104	0.01	197	0	0	0	nan	0.00	0.00	4.00	85.41	89.16	0.00	39	0	42	0.00	0.00	65.81	7.76	0.00	0.00	2000
228	10.83	2099	2107	0.00	194	0	0	0	nan	0.00	0.00	3.23	86.24	89.17	0.00	39	0	42	0.00	0.00	65.32	7.77	0.00	0.00	2000
228	11.16	2065	2080	0.00	196	0	0	0	nan	0.00	0.00	2.90	85.17	88.84	0.00	39	0	42	0.00	0.00	66.05	7.94	0.00	0.00	2000
228	11.00	2052	2118	0.00	193	0	0	0	nan	0.00	0.00	4.22	85.61	89.00	0.00	39	0	42	0.00	0.00	65.29	7.88	0.00	0.00	2000
227	11.14	2076	2063	0.00	197	0	0	0	nan	0.00	0.00	3.04	84.28	88.86	0.00	40	0	41	0.00	0.00	62.34	7.32	0.00	0.00	2000
229	11.09	2029	2136	0.00	195	0	0	0	nan	0.00	0.00	4.23	86.38	88.91	0.00	39	0	42	0.00	0.00	65.23	7.87	0.00	0.00	2000
227	11.03	2095	2064	0.00	195	0	0	0	nan	0.00	0.00	3.16	84.35	88.97	0.00	39	0	42	0.00	0.00	65.46	7.76	0.00	0.00	2000
231	10.97	2100	2110	0.00	195	0	0	0	nan	0.00	0.00	4.57	84.95	89.03	0.00	39	0	42	0.00	0.00	66.53	7.75	0.00	0.00	2000
227	10.96	2072	2094	0.00	194	0	0	0	nan	0.00	0.00	4.26	84.62	89.04	0.00	39	0	42	0.00	0.00	64.85	7.82	0.00	0.00	2000
229	10.70	2104	2135	0.00	194	0	0	0	nan	0.00	0.00	4.03	86.75	89.30	0.00	39	0	42	0.00	0.00	68.45	7.84	0.00	0.00	2000
227	11.30	2033	2077	0.00	199	0	0	0	nan	0.00	0.01	4.48	83.28	88.70	0.00	39	0	42	0.00	0.00	62.64	7.93	0.00	0.00	2000
229	10.95	2066	2124	0.00	195	0	0	0	nan	0.00	0.00	4.86	85.32	89.05	0.00	39	0	42	0.00	0.00	67.70	8.14	0.00	0.00	2000
230	10.80	2157	2077	0.00	197	0	0	0	nan	0.00	0.00	2.54	85.59	89.20	0.00	39	0	42	0.00	0.00	62.68	7.41	0.00	0.00	2000
229	11.06	2059	2109	0.00	195	0	0	0	nan	0.00	0.00	4.39	84.97	88.94	0.00	39	0	42	0.00	0.00	65.14	7.83	0.00	0.00	2000
226	11.12	2060	2072	0.00	196	0	0	0	nan	0.00	0.00	3.55	84.25	88.88	0.00	39	0	42	0.00	0.00	64.92	7.82	0.00	0.00	2000
229	11.07	2048	2120	0.00	194	0	0	0	nan	0.00	0.00	4.05	85.81	88.93	0.00	39	0	42	0.00	0.00	65.29	7.81	0.00	0.00	2000
227	10.87	2084	2104	1.29	195	0	0	11	14.05	0.00	0.00	4.06	85.30	89.13	0.00	39	0	42	0.00	0.00	65.66	7.56	0.00	0.00	2000
230	11.28	2047	2089	0.45	196	0	0	0	nan	0.00	0.00	4.05	84.23	88.72	0.00	39	0	42	0.00	0.00	65.07	7.80	0.00	0.00	2000
229	11.06	2073	2093	0.00	197	0	0	0	nan	0.00	0.00	4.20	84.57	88.94	0.00	38	0	42	0.00	0.00	65.25	7.76	0.00	0.00	2000
229	10.82	2085	2133	0.00	194	0	0	0	nan	0.00	0.00	4.10	86.54	89.18	0.00	39	0	41	0.00	0.00	68.13	8.23	0.00	0.00	2000
226	10.92	2108	2065	0.00	195	0	0	0	nan	0.00	0.00	3.30	84.34	89.08	0.00	39	0	42	0.00	0.00	62.93	7.48	0.00	0.00	2000
229	10.83	2107	2108	0.00	196	0	0	0	nan	0.00	0.00	5.04	84.51	89.17	0.00	39	0	41	0.00	0.00	65.73	7.83	0.00	0.00	2000
227	10.86	2098	2089	0.00	196	0	0	0	nan	0.00	0.00	4.33	84.48	89.14	0.00	39	0	41	0.00	0.00	66.02	7.96	0.00	0.00	2000
231	10.78	2132	2112	0.00	195	0	0	0	nan	0.00	0.00	4.22	85.47	89.22	0.00	39	0	42	0.00	0.00	65.77	7.89	0.00	0.00	2000
227	10.86	2099	2091	0.00	196	0	0	0	nan	0.00	0.00	4.34	84.55	89.14	0.00	39	0	42	0.00	0.00	65.75	7.98	0.00	0.00	2000
228	11.12	2044	2108	0.00	195	0	0	0	nan	0.00	0.00	4.23	85.09	88.88	0.00	39	0	41	0.00	0.00	65.64	8.01	0.00	0.00	2000
227	10.86	2067	2121	0.00	195	0	0	0	nan	0.00	0.00	4.68	85.42	89.14	0.00	39	0	41	0.00	0.00	65.75	8.01	0.00	0.00	2000
228	11.35	2005	2103	0.00	194	0	0	0	nan	0.01	0.00	3.45	85.42	88.65	0.00	39	0	42	0.00	0.00	65.84	7.82	0.00	0.00	2000
230	11.37	2056	2062	0.00	195	0	0	0	nan	0.00	0.00	3.41	83.77	88.63	0.00	39	0	42	0.00	0.00	62.64	7.59	0.00	0.00	2000
230	10.97	2063	2136	0.00	196	0	0	0	nan	0.00	0.00	4.34	86.37	89.03	0.00	39	0	42	0.00	0.00	68.86	8.16	0.00	0.00	2000
229	10.94	2115	2075	0.00	197	0	0	0	nan	0.01	0.00	3.80	84.19	89.06	0.00	39	0	41	0.00	0.00	63.54	7.54	0.00	0.00	2000
229	11.02	2054	2127	0.00	195	0	0	0	nan	0.00	0.00	3.88	86.30	88.98	0.00	40	0	42	0.00	0.00	68.64	8.19	0.00	0.00	2000
227	10.95	2112	2063	0.00	196	0	0	0	nan	0.00	0.00	3.40	84.11	89.06	0.00	39	0	42	0.00	0.00	59.98	7.66	0.00	0.00	2000
233	10.97	2105	2114	0.40	195	0	0	3	86.31	0.00	0.00	4.46	85.26	89.03	0.00	39	0	42	0.00	0.00	68.24	7.34	0.00	0.00	2000
227	10.70	2109	2114	0.36	196	0	0	1	90.32	0.00	0.00	5.03	84.89	89.30	0.00	39	0	42	0.00	0.00	68.59	7.73	0.00	0.00	2000
229	10.90	2084	2115	0.00	194	0	0	0	nan	0.00	0.00	3.36	86.41	89.10	0.00	38	0	41	0.00	0.00	66.23	7.65	0.00	0.00	2000
229	10.84	2168	2050	0.00	196	0	0	0	nan	0.00	0.00	2.63	84.35	89.16	0.00	39	0	42	0.00	0.00	62.87	7.29	0.00	0.00	2000
235	10.99	2092	2144	0.00	199	0	0	0	nan	0.00	0.00	3.81	87.13	89.01	0.00	39	0	41	0.00	0.00	70.61	9.04	0.00	0.00	2000
228	11.10	2087	2070	0.00	195	0	0	0	nan	0.00	0.00	4.12	83.47	88.90	0.00	39	0	42	0.00	0.00	65.04	8.42	0.00	0.00	2000
231	11.16	2048	2128	0.00	195	0	0	0	nan	0.00	0.00	4.72	85.39	88.84	0.00	39	0	42	0.00	0.00	70.14	9.26	0.00	0.00	2000
228	11.02	2095	2069	0.00	196	0	0	0	nan	0.00	0.00	3.63	84.02	88.98	0.00	39	0	42	0.00	0.00	64.85	8.46	0.00	0.00	2000
230	10.76	2102	2136	0.00	195	0	0	0	nan	0.00	0.00	4.12	86.63	89.24	0.00	39	0	42	0.00	0.00	70.48	9.05	0.00	0.00	2000
234	11.21	2089	2094	0.00	200	0	0	0	nan	0.01	0.00	3.94	84.72	88.79	0.00	39	0	42	0.00	0.00	67.75	8.29	0.00	0.00	2000
229	11.35	2015	2107	0.00	194	0	0	0	nan	0.00	0.00	3.47	85.53	88.65	0.00	39	0	42	0.00	0.00	67.57	9.12	0.00	0.00	2000
229	11.05	2086	2084	0.00	196	0	0	0	nan	0.00	0.01	3.59	84.67	88.95	0.00	39	0	41	0.00	0.00	64.80	8.41	0.00	0.00	2000
230	11.06	2088	2088	0.00	195	0	0	0	nan	0.00	0.00	4.03	84.44	88.94	0.00	39	0	42	0.00	0.00	67.48	8.63	0.00	0.00	2000
229	10.76	2115	2118	0.00	197	0	0	0	nan	0.00	0.00	4.39	85.68	89.24	0.00	39	0	41	0.00	0.00	67.67	8.70	0.00	0.00	2000
231	11.02	2087	2108	0.00	194	0	0	0	nan	0.00	0.00	3.33	86.00	88.98	0.00	39	0	41	0.00	0.00	67.42	8.80	0.00	0.00	2000
232	10.99	2122	2091	0.00	212	0	0	0	nan	0.00	0.00	6.53	82.08	89.01	0.00	39	0	42	0.00	0.00	67.76	8.88	0.00	0.00	2000
231	11.15	2075	2099	0.00	194	0	0	0	nan	0.00	0.00	3.59	85.27	88.85	0.00	39	0	42	0.00	0.00	67.27	8.73	0.00	0.00	2000
227	10.96	2078	2096	0.36	197	0	0	26	10.35	0.00	0.00	3.72	85.23	89.04	0.00	38	0	41	0.00	0.00	67.61	8.67	0.00	0.00	2000
231	11.19	2053	2111	0.86	199	0	0	10	20.38	0.00	0.00	6.01	83.32	88.81	0.00	39	0	41	0.00	0.00	67.87	8.88	0.00	0.00	2000
228	11.11	2059	2095	0.00	197	0	0	0	nan	0.00	0.00	3.67	85.06	88.89	0.00	39	0	42	0.00	0.00	67.62	8.83	0.00	0.00	2000
229	11.11	2051	2107	0.00	195	0	0	0	nan	0.00	0.00	3.67	85.58	88.89	0.00	38	0	42	0.00	0.00	63.33	7.92	0.00	0.00	2000
229	11.14	2063	2094	0.00	197	0	0	0	nan	0.00	0.00	3.53	85.16	88.86	0.00	38	0	42	0.00	0.00	67.86	7.48	0.00	0.00	2000
229	11.14	2051	2107	0.00	194	0	0	0	nan	0.00	0.00	3.38	85.71	88.86	0.00	38	0	41	0.00	0.00	65.64	7.47	0.00	0.00	2000
228	11.01	2086	2082	0.00	196	0	0	0	nan	0.00	0.02	3.18	85.11	88.99	0.00	38	0	42	0.00	0.00	65.39	7.75	0.00	0.00	2000
231	11.11	2082	2094	0.00	194	0	0	0	nan	0.00	0.00	4.06	84.59	88.89	0.00	38	0	42	0.00	0.00	65.32	7.79	0.00	0.00	2000
228	11.04	2085	2083	0.00	195	0	0	0	nan	0.00	0.00	4.59	83.82	88.96	0.00	37	0	42	0.00	0.00	65.29	7.60	0.00	0.00	2000
234	10.80	2115	2153	0.00	197	0	0	0	nan	0.00	0.06	4.17	87.25	89.20	0.00	38	0	41	0.00	0.00	68.37	7.74	0.00	0.00	2000
223	10.88	2061	2085	0.00	216	0	0	0	nan	0.00	0.00	4.01	84.53	89.12	0.00	37	0	41	0.00	0.00	61.73	7.62	0.00	0.00	2000
105	7.78	1360	2082	0.00	211	0	0	0	nan	0.01	0.00	6.24	85.25	92.22	0.00	37	0	42	0.00	0.00	63.52	7.73	0.00	0.00	2000
78	6.96	1105	2129	0.00	192	0	0	0	nan	0.00	0.01	2.18	92.09	93.04	0.00	37	0	42	0.00	0.00	59.90	7.60	0.00	0.00	2000
137	9.09	1510	2097	0.00	65	0	0	0	nan	0.00	0.06	13.35	77.41	90.91	0.00	37	0	42	0.00	0.00	54.29	6.68	0.00	0.00	2000
