Avg_MHz	Busy%	Bzy_MHz	TSC_MHz	IPC	IRQ	NMI	SMI	LLCMRPS	LLC%hit	POLL%	C1%	C1E%	C6%	CPU%c1	CPU%c6	CoreTmp	CoreThr	PkgTmp	Pkg%pc2	Pkg%pc6	PkgWatt	RAMWatt	PKG_%	RAM_%	UncMHz
340	16.47	2055	2108	0.00	240	0	0	0	nan	0.00	0.58	35.22	48.17	83.53	0.00	38	0	42	0.00	0.00	69.85	7.82	0.00	0.00	2000
276	13.54	1998	2143	0.00	224	0	0	0	nan	0.04	0.80	18.29	69.22	86.46	0.00	37	0	42	0.00	0.00	64.69	7.61	0.00	0.00	2000
76	6.77	1126	2082	0.00	194	0	0	0	nan	0.00	0.00	3.51	88.93	93.23	0.00	37	0	42	0.00	0.00	60.18	7.40	0.00	0.00	2000
75	6.67	1104	2134	0.00	193	0	0	0	nan	0.00	0.00	2.42	92.22	93.33	0.00	37	0	42	0.00	0.00	57.83	7.12	0.00	0.00	2000
73	6.55	1124	2094	0.00	192	0	0	0	nan	0.00	0.03	3.29	89.78	93.45	0.00	37	0	42	0.00	0.00	60.12	7.41	0.00	0.00	2000
73	6.31	1158	2083	0.00	194	0	0	0	nan	0.00	0.00	2.89	90.05	93.69	0.00	37	0	42	0.00	0.00	60.15	7.53	0.00	0.00	2000
75	6.73	1109	2116	0.00	194	0	0	0	nan	0.00	0.00	4.15	89.73	93.27	0.00	37	0	42	0.00	0.00	59.42	7.32	0.00	0.00	2000
73	6.35	1164	2074	0.00	194	0	0	0	nan	0.00	0.00	3.35	88.92	93.65	0.00	37	0	42	0.00	0.00	56.75	7.00	0.00	0.00	2000
75	7.15	1042	2123	0.00	195	0	0	0	nan	0.00	0.00	5.19	88.66	92.85	0.00	37	0	42	0.00	0.00	60.26	7.59	0.00	0.00	2000
71	6.67	1083	2075	0.00	195	0	0	0	nan	0.00	0.02	3.45	88.72	93.33	0.00	37	0	42	0.00	0.00	56.72	7.00	0.00	0.00	2000
74	6.49	1133	2124	0.00	194	0	0	0	nan	0.00	0.00	3.05	91.44	93.51	0.00	37	0	42	0.00	0.00	59.32	7.44	0.00	0.00	2000
73	6.54	1107	2107	0.00	192	0	0	0	nan	0.00	0.03	2.22	91.51	93.46	0.00	37	0	42	0.00	0.00	59.47	7.26	0.00	0.00	2000
73	6.37	1152	2098	0.00	193	0	0	0	nan	0.00	0.00	3.24	90.14	93.63	0.00	37	0	42	0.00	0.00	58.53	7.30	0.00	0.00	2000
71	6.75	1058	2097	0.00	194	0	0	0	nan	0.00	0.00	2.99	90.02	93.25	0.00	37	0	42	0.00	0.00	58.30	7.21	0.00	0.00	2000
74	6.61	1118	2106	0.00	193	0	0	0	nan	0.00	0.03	2.55	91.03	93.39	0.00	37	0	42	0.00	0.00	61.26	7.50	0.00	0.00	2000
71	6.36	1129	2066	0.00	194	0	0	0	92.94	0.00	0.00	2.90	89.13	93.64	0.00	37	0	42	0.00	0.00	57.03	7.05	0.00	0.00	2000
73	6.98	1041	2110	0.29	210	0	0	1	86.90	0.00	0.00	3.93	89.57	93.02	0.00	36	0	42	0.00	0.00	57.73	7.10	0.00	0.00	2000
71	6.64	1062	2125	0.01	193	0	0	0	nan	0.00	0.00	4.42	90.07	93.36	0.00	37	0	42	0.00	0.00	61.07	7.67	0.00	0.00	2000
205	10.48	1967	2092	0.00	210	0	0	0	nan	0.04	0.01	7.06	82.33	89.52	0.00	38	0	42	0.00	0.00	63.74	7.29	0.00	0.00	2000
226	10.99	2071	2086	0.00	213	0	0	0	nan	0.00	0.01	5.66	82.89	89.01	0.00	39	0	42	0.00	0.00	63.37	7.19	0.00	0.00	2000
232	11.10	2084	2102	0.00	203	0	0	0	nan	0.00	0.02	2.85	86.21	88.90	0.00	40	0	42	0.00	0.00	66.18	7.39	0.00	0.00	2000
232	11.07	2071	2125	0.00	199	0	0	0	nan	0.00	0.00	2.48	87.67	88.93	0.00	40	0	42	0.00	0.00	64.94	7.45	0.00	0.00	2000
232	11.17	2092	2086	0.00	197	0	0	0	nan	0.00	0.00	6.60	81.82	88.83	0.00	38	0	42	0.00	0.00	67.04	7.67	0.00	0.00	2000
228	10.97	2123	2059	0.00	199	0	0	0	nan	0.00	0.00	5.27	82.13	89.03	0.00	38	0	42	0.00	0.00	63.50	7.43	0.00	0.00	2000
242	11.39	2079	2145	0.00	199	0	0	0	nan	0.00	0.01	7.09	83.57	88.61	0.00	37	0	42	0.00	0.00	69.24	8.09	0.00	0.00	2000
232	10.84	2131	2108	0.00	195	0	0	0	nan	0.00	0.02	5.94	83.59	89.16	0.00	37	0	42	0.00	0.00	65.63	7.55	0.00	0.00	2000
233	10.85	2145	2101	0.00	200	0	0	0	nan	0.01	0.00	5.23	83.93	89.15	0.00	37	0	42	0.00	0.00	68.06	7.82	0.00	0.00	2000
225	11.21	2039	2066	0.00	202	0	0	0	nan	0.00	0.00	5.01	82.34	88.79	0.00	38	0	42	0.00	0.00	60.14	6.92	0.00	0.00	2000
234	10.79	2134	2138	0.00	199	0	0	0	nan	0.00	0.00	5.70	85.14	89.21	0.00	37	0	42	0.00	0.00	68.62	7.87	0.00	0.00	2000
237	10.99	2185	2074	0.00	203	0	0	0	nan	0.00	0.00	6.21	81.74	89.01	0.00	38	0	42	0.00	0.00	62.72	7.20	0.00	0.00	2000
230	10.71	2134	2109	0.00	204	0	0	0	nan	0.00	0.00	3.97	85.72	89.29	0.00	38	0	42	0.00	0.00	67.89	7.76	0.00	0.00	2000
230	10.92	2105	2106	0.00	198	0	0	0	nan	0.00	0.01	4.26	85.09	89.08	0.00	38	0	42	0.00	0.00	66.35	7.44	0.00	0.00	2000
227	11.05	2070	2079	0.00	198	0	0	0	nan	0.00	0.00	5.24	82.98	88.95	0.00	38	0	42	0.00	0.00	61.42	7.01	0.00	0.00	2000
222	12.43	2156	1740	0.48	200	0	0	17	64.49	0.00	0.00	2.59	70.05	87.57	0.00	38	0	42	0.00	0.00	54.20	6.17	0.00	0.00	2000
252	10.26	2014	2556	0.06	249	0	0	0	nan	0.00	0.02	5.53	103.79	89.74	0.00	37	0	42	0.00	0.00	81.16	9.41	0.00	0.00	2000
230	11.36	2045	2084	0.00	201	0	0	0	nan	0.00	0.00	7.59	80.51	88.64	0.00	37	0	42	0.00	0.00	65.84	7.58	0.00	0.00	2000
223	11.27	2027	2053	0.00	213	0	0	0	nan	0.00	0.00	4.81	81.96	88.73	0.00	37	0	42	0.00	0.00	62.12	7.50	0.00	0.00	2000
239	11.12	2064	2190	0.00	220	0	0	0	nan	0.00	0.00	4.90	87.85	88.88	0.00	37	0	42	0.00	0.00	71.62	8.65	0.00	0.00	2000
236	10.88	2165	2108	0.00	198	0	0	0	nan	0.00	0.00	5.39	84.22	89.12	0.00	38	0	42	0.00	0.00	63.61	7.65	0.00	0.00	2000
227	10.98	2101	2065	0.00	198	0	0	0	nan	0.00	0.00	5.82	81.80	89.02	0.00	38	0	42	0.00	0.00	65.77	7.69	0.00	0.00	2000
238	11.10	2113	2128	0.00	197	0	0	0	nan	0.00	0.03	6.19	83.70	88.90	0.00	38	0	42	0.00	0.00	65.78	7.89	0.00	0.00	2000
232	11.37	2035	2103	0.00	197	0	0	0	nan	0.00	0.00	4.80	84.05	88.63	0.00	38	0	42	0.00	0.00	65.17	7.90	0.00	0.00	2000
234	11.16	2096	2102	0.00	197	0	0	0	nan	0.00	0.00	5.47	83.50	88.84	0.00	38	0	42	0.00	0.00	65.30	7.75	0.00	0.00	2000
232	11.01	2124	2086	0.00	202	0	0	0	nan	0.00	0.00	6.32	82.14	88.99	0.00	38	0	42	0.00	0.00	65.05	7.57	0.00	0.00	2000
229	11.05	2080	2092	0.00	197	0	0	0	nan	0.00	0.97	6.46	81.28	88.95	0.00	39	0	42	0.00	0.00	65.23	7.41	0.00	0.00	2000
229	11.08	2049	2114	0.00	199	0	0	0	nan	0.00	0.96	8.27	80.41	88.92	0.00	39	0	42	0.00	0.00	64.94	7.46	0.00	0.00	2000
230	10.81	2127	2104	0.00	197	0	0	0	nan	0.00	0.00	7.16	82.21	89.19	0.00	38	0	42	0.00	0.00	66.20	7.57	0.00	0.00	2000
231	11.25	2082	2069	0.00	182	0	0	0	nan	0.00	0.00	5.61	81.86	88.75	0.00	39	0	42	0.00	0.00	65.01	7.58	0.00	0.00	2000
230	11.18	2034	2128	0.00	215	0	0	0	nan	0.00	0.00	8.14	81.98	88.82	0.00	39	0	42	0.00	0.00	64.50	7.34	0.00	0.00	2000
227	11.25	2020	2097	0.00	199	0	0	1	91.42	0.00	0.00	7.71	81.01	88.75	0.00	39	0	42	0.00	0.00	64.87	7.29	0.00	0.00	2000
228	11.37	2055	2053	0.65	200	0	0	4	93.05	0.00	0.02	6.07	80.61	88.63	0.00	39	0	42	0.00	0.00	62.51	6.88	0.00	0.00	2000
232	11.02	2074	2132	0.00	198	0	0	0	nan	0.00	0.04	4.66	85.79	88.98	0.00	39	0	42	0.00	0.00	67.53	7.71	0.00	0.00	2000
235	10.89	2140	2116	0.00	199	0	0	0	nan	0.00	0.02	6.46	83.40	89.11	0.00	39	0	42	0.00	0.00	65.95	7.54	0.00	0.00	2000
227	10.71	2139	2081	0.00	217	0	0	0	nan	0.00	0.02	5.70	82.76	89.29	0.00	39	0	42	0.00	0.00	65.55	7.52	0.00	0.00	2000
229	10.39	2181	2121	0.00	194	0	0	0	nan	0.00	0.02	7.19	83.13	89.61	0.00	39	0	42	0.00	0.00	65.17	7.20	0.00	0.00	2000
228	10.67	2139	2101	0.00	195	0	0	0	nan	0.00	1.01	6.25	82.08	89.33	0.00	39	0	42	0.00	0.00	64.90	7.50	0.00	0.00	2000
229	11.15	2052	2102	0.00	198	0	0	0	nan	0.00	0.97	6.96	81.05	88.85	0.00	39	0	42	0.00	0.00	65.10	7.51	0.00	0.00	2000
229	11.14	2063	2096	0.00	197	0	0	0	nan	0.00	0.00	6.29	82.42	88.86	0.00	39	0	42	0.00	0.00	64.92	7.31	0.00	0.00	2000
232	10.92	2122	2105	0.00	200	0	0	0	nan	0.00	0.00	6.51	82.77	89.08	0.00	39	0	42	0.00	0.00	65.16	7.51	0.00	0.00	2000
230	10.92	2121	2088	0.00	198	0	0	0	nan	0.00	0.03	6.55	82.00	89.08	0.00	39	0	42	0.00	0.00	63.86	7.56	0.00	0.00	2000
234	10.92	2134	2106	0.00	198	0	0	0	nan	0.00	0.00	7.02	82.32	89.08	0.00	39	0	42	0.00	0.00	66.51	7.62	0.00	0.00	2000
252	12.33	2071	2074	0.00	182	0	0	0	nan	0.00	0.00	6.77	79.92	87.67	0.00	39	0	42	0.00	0.00	65.34	7.28	0.00	0.00	2000
229	11.02	2107	2071	0.00	215	0	0	0	nan	0.00	0.00	7.29	80.38	88.98	0.00	39	0	42	0.00	0.00	62.63	7.10	0.00	0.00	2000
229	10.35	2159	2153	0.00	215	0	0	0	nan	0.00	0.00	6.31	85.44	89.65	0.00	39	0	42	0.00	0.00	68.85	7.78	0.00	0.00	2000
232	11.03	2096	2110	0.00	199	0	0	0	nan	0.00	0.00	7.08	82.38	88.97	0.00	39	0	42	0.00	0.00	64.99	7.42	0.00	0.00	2000
230	11.04	2094	2090	0.00	200	0	0	0	nan	0.00	0.00	5.11	83.51	88.96	0.00	40	0	42	0.00	0.00	65.23	7.39	0.00	0.00	2000
227	11.01	2052	2108	0.00	197	0	0	1	87.41	0.00	0.02	4.53	84.89	88.99	0.00	39	0	42	0.00	0.00	66.99	7.34	0.00	0.00	2000
231	11.29	2103	2039	0.98	198	0	0	4	83.30	0.00	0.02	5.10	81.02	88.71	0.00	40	0	42	0.00	0.00	61.69	7.06	0.00	0.00	2000
233	10.36	2179	2169	0.00	216	0	0	0	nan	0.00	1.02	4.02	87.48	89.64	0.00	40	0	42	0.00	0.00	67.88	7.73	0.00	0.00	2000
227	11.13	2073	2068	0.00	200	0	0	0	nan	0.00	0.00	7.59	80.02	88.87	0.00	39	0	42	0.00	0.00	65.02	7.51	0.00	0.00	2000
231	10.99	2068	2135	0.00	198	0	0	0	nan	0.00	0.00	6.38	84.15	89.01	0.00	39	0	42	0.00	0.00	65.21	7.27	0.00	0.00	2000
229	11.13	2070	2084	0.00	195	0	0	0	nan	0.00	0.00	6.27	82.01	88.87	0.00	39	0	42	0.00	0.00	65.48	7.28	0.00	0.00	2000
232	11.05	2089	2113	0.00	201	0	0	0	nan	0.00	0.00	7.69	81.87	88.95	0.00	39	0	42	0.00	0.00	65.13	7.39	0.00	0.00	2000
222	10.61	2143	2053	0.00	197	0	0	0	nan	0.00	0.00	6.50	81.00	89.39	0.00	39	0	42	0.00	0.00	63.64	7.24	0.00	0.00	2000
230	10.59	2149	2122	0.00	197	0	0	0	nan	0.00	0.00	5.92	84.36	89.41	0.00	39	0	42	0.00	0.00	64.49	7.52	0.00	0.00	2000
234	10.91	2116	2128	0.00	197	0	0	0	nan	0.01	0.00	4.51	85.86	89.09	0.00	39	0	42	0.00	0.00	67.03	7.64	0.00	0.00	2000
229	10.82	2124	2096	0.00	199	0	0	0	nan	0.00	0.00	6.12	82.93	89.18	0.00	39	0	42	0.00	0.00	64.79	7.28	0.00	0.00	2000
231	11.00	2106	2097	0.00	199	0	0	0	nan	0.00	0.03	4.43	84.35	89.00	0.00	39	0	42	0.00	0.00	65.35	7.52	0.00	0.00	2000
228	11.13	2044	2107	0.00	201	0	0	0	nan	0.00	0.03	5.93	83.34	88.87	0.00	39	0	42	0.00	0.00	64.83	7.42	0.00	0.00	2000
227	10.90	2109	2070	0.00	196	0	0	0	nan	0.00	0.99	5.24	81.62	89.10	0.00	40	0	42	0.00	0.00	64.94	7.29	0.00	0.00	2000
226	11.35	2039	2053	0.00	198	0	0	0	nan	0.00	0.00	7.05	79.70	88.65	0.00	39	0	42	0.00	0.00	62.26	7.40	0.00	0.00	2000
234	10.70	2103	2182	0.00	215	0	0	0	nan	0.00	1.00	5.86	85.98	89.30	0.00	40	0	42	0.00	0.00	69.25	7.67	0.00	0.00	2000
232	11.23	2081	2084	0.00	203	0	0	0	nan	0.00	0.00	7.06	81.06	88.77	0.00	39	0	42	0.00	0.00	65.39	7.42	0.00	0.00	2000
226	10.77	2112	2083	0.00	194	0	0	1	86.47	0.00	0.00	7.24	81.22	89.23	0.00	39	0	42	0.00	0.00	64.26	7.31	0.00	0.00	2000
230	11.41	2036	2078	0.85	197	0	0	2	85.67	0.00	0.00	7.05	80.69	88.59	0.00	39	0	42	0.00	0.00	62.99	7.18	0.00	0.00	2000
228	11.00	2027	2152	0.00	214	0	0	0	nan	0.00	0.02	6.22	85.08	89.00	0.00	39	0	42	0.00	0.00	67.90	7.45	0.00	0.00	2000
229	11.11	2080	2080	0.00	197	0	0	0	nan	0.00	0.00	5.54	82.63	88.89	0.00	39	0	42	0.00	0.00	64.87	7.43	0.00	0.00	2000
230	11.09	2069	2106	0.00	201	0	0	0	nan	0.00	0.00	6.74	82.58	88.91	0.00	39	0	42	0.00	0.00	65.26	7.45	0.00	0.00	2000
227	10.85	2077	2116	0.00	198	0	0	0	nan	0.00	0.00	7.20	82.80	89.15	0.00	39	0	42	0.00	0.00	64.93	7.49	0.00	0.00	2000
230	10.97	2093	2103	0.00	202	0	0	0	nan	0.00	0.00	7.60	81.58	89.03	0.00	39	0	42	0.00	0.00	65.18	7.60	0.00	0.00	2000
228	10.81	2112	2099	0.00	198	0	0	0	nan	0.00	0.00	5.93	83.26	89.19	0.00	39	0	42	0.00	0.00	65.64	7.51	0.00	0.00	2000
223	10.96	2098	2040	0.00	198	0	0	0	nan	0.00	0.00	5.16	81.39	89.04	0.00	39	0	42	0.00	0.00	62.35	7.21	0.00	0.00	2000
234	10.91	2113	2133	0.00	195	0	0	0	nan	0.01	0.02	2.62	87.93	89.09	0.00	39	0	42	0.00	0.00	64.49	7.41	0.00	0.00	2000
232	11.00	2116	2090	0.00	195	0	0	0	nan	0.00	0.03	1.28	87.22	89.00	0.00	39	0	42	0.00	0.00	65.63	7.30	0.00	0.00	2000
230	10.53	2162	2118	0.00	210	0	0	0	nan	0.00	0.02	2.76	87.38	89.47	0.00	39	0	42	0.00	0.00	64.68	7.48	0.00	0.00	2000
226	10.46	2152	2109	0.00	194	0	0	0	nan	0.00	0.00	4.87	85.08	89.54	0.00	39	0	42	0.00	0.00	65.52	7.92	0.00	0.00	2000
228	11.13	2044	2110	0.00	193	0	0	0	nan	0.00	0.00	4.14	85.24	88.87	0.00	39	0	42	0.00	0.00	67.43	7.57	0.00	0.00	2000
223	11.00	2074	2055	0.00	196	0	0	0	nan	0.00	0.00	3.86	83.26	89.00	0.00	39	0	42	0.00	0.00	60.47	6.86	0.00	0.00	2000
231	10.89	2081	2141	0.00	193	0	0	0	nan	0.00	0.02	3.64	87.27	89.11	0.00	39	0	42	0.00	0.00	69.06	7.95	0.00	0.00	2000
229	11.00	2072	2111	0.00	194	0	0	0	nan	0.00	0.01	3.18	86.32	89.00	0.00	39	0	42	0.00	0.00	66.03	7.44	0.00	0.00	2000
228	11.08	2058	2097	0.00	194	0	0	2	79.49	0.00	0.00	4.22	84.62	88.92	0.00	39	0	42	0.00	0.00	65.10	7.38	0.00	0.00	2000
229	10.93	2098	2101	0.74	195	0	0	8	89.43	0.00	0.00	4.40	84.70	89.07	0.00	39	0	42	0.00	0.00	65.98	7.47	0.00	0.00	2000
224	11.14	2083	2022	0.00	195	0	0	0	nan	0.00	0.00	4.40	81.17	88.86	0.00	39	0	42	0.00	0.00	63.27	8.16	0.00	0.00	2000
231	10.77	2069	2175	0.00	210	0	0	0	nan	0.00	0.00	3.10	89.35	89.23	0.00	39	0	42	0.00	0.00	71.12	9.00	0.00	0.00	2000
228	10.92	2088	2100	0.00	194	0	0	0	nan	0.00	0.00	3.70	85.47	89.08	0.00	39	0	42	0.00	0.00	66.89	8.75	0.00	0.00	2000
230	10.85	2107	2112	0.00	195	0	0	0	nan	0.00	0.00	4.08	85.51	89.15	0.00	39	0	42	0.00	0.00	68.24	8.85	0.00	0.00	2000
226	10.92	2082	2088	0.00	194	0	0	0	nan	0.00	0.00	4.34	84.34	89.08	0.00	39	0	42	0.00	0.00	63.51	8.18	0.00	0.00	2000
227	10.79	2123	2085	0.00	195	0	0	0	nan	0.00	0.03	3.42	85.10	89.21	0.00	39	0	42	0.00	0.00	65.73	7.38	0.00	0.00	2000
233	10.95	2100	2127	0.00	194	0	0	0	nan	0.00	0.00	4.20	85.94	89.05	0.00	39	0	42	0.00	0.00	65.52	7.52	0.00	0.00	2000
231	10.85	2123	2105	0.00	198	0	0	0	nan	0.00	0.01	4.13	85.30	89.15	0.00	39	0	42	0.00	0.00	64.62	7.47	0.00	0.00	2000
228	10.67	2151	2089	0.00	178	0	0	0	nan	0.00	0.03	3.63	85.27	89.33	0.00	39	0	42	0.00	0.00	66.51	7.59	0.00	0.00	2000
237	11.27	2093	2110	0.00	194	0	0	0	nan	0.00	0.03	2.30	86.88	88.73	0.00	39	0	42	0.00	0.00	66.53	7.60	0.00	0.00	2000
232	10.92	2119	2103	0.00	196	0	0	0	nan	0.00	0.02	2.87	86.42	89.08	0.00	39	0	42	0.00	0.00	63.07	7.39	0.00	0.00	2000
226	10.98	2067	2093	0.00	194	0	0	0	nan	0.00	0.00	3.96	84.85	89.02	0.00	39	0	42	0.00	0.00	65.51	7.47	0.00	0.00	2000
228	11.18	2040	2101	0.00	194	0	0	0	nan	0.00	0.00	4.37	84.58	88.82	0.00	39	0	42	0.00	0.00	64.08	7.36	0.00	0.00	2000
227	11.00	2065	2097	0.00	194	0	0	0	nan	0.00	0.00	4.17	84.78	89.00	0.00	39	0	42	0.00	0.00	65.32	7.45	0.00	0.00	2000
228	11.21	2038	2101	0.00	194	0	0	0	nan	0.00	0.00	4.27	84.70	88.79	0.00	39	0	42	0.00	0.00	64.34	7.45	0.00	0.00	2000
227	11.21	2043	2082	0.00	195	0	0	0	nan	0.00	0.00	3.93	84.13	88.79	0.00	39	0	42	0.00	0.00	62.76	7.16	0.00	0.00	2000
230	10.88	2115	2100	0.86	197	0	0	3	38.07	0.00	0.01	1.94	87.25	89.12	0.00	39	0	42	0.00	0.00	68.41	7.83	0.00	0.00	2000
230	11.06	2064	2115	0.04	193	0	0	0	nan	0.01	0.00	2.02	87.67	88.94	0.00	39	0	42	0.00	0.00	65.72	7.51	0.00	0.00	2000
229	10.93	2092	2103	0.00	196	1	0	0	nan	0.00	0.01	2.03	87.16	89.07	0.00	39	0	42	0.00	0.00	64.67	7.36	0.00	0.00	2000
228	10.92	2083	2105	0.00	197	0	0	0	nan	0.00	0.00	2.41	86.93	89.08	0.00	39	0	42	0.00	0.00	65.45	7.48	0.00	0.00	2000
231	10.89	2118	2104	0.00	195	0	0	0	nan	0.00	0.02	2.43	86.90	89.11	0.00	39	0	42	0.00	0.00	63.58	7.31	0.00	0.00	2000
232	10.64	2182	2098	0.00	195	0	0	0	nan	0.00	0.00	3.22	85.97	89.36	0.00	39	0	42	0.00	0.00	64.37	7.27	0.00	0.00	2000
226	10.70	2129	2088	0.00	177	0	0	0	nan	0.00	0.00	3.23	85.63	89.30	0.00	39	0	42	0.00	0.00	66.27	7.52	0.00	0.00	2000
229	10.66	2143	2101	0.00	193	0	0	0	nan	0.00	0.03	2.38	86.87	89.34	0.00	39	0	42	0.00	0.00	63.25	7.43	0.00	0.00	2000
232	11.14	2073	2112	0.00	195	0	0	0	nan	0.00	0.00	2.74	86.59	88.86	0.00	39	0	42	0.00	0.00	67.81	7.86	0.00	0.00	2000
228	10.99	2081	2095	0.00	195	0	0	0	nan	0.00	0.00	2.70	86.22	89.01	0.00	39	0	42	0.00	0.00	62.35	7.34	0.00	0.00	2000
230	11.26	2042	2097	0.00	195	0	0	0	nan	0.00	0.00	3.60	85.05	88.74	0.00	39	0	42	0.00	0.00	64.49	7.49	0.00	0.00	2000
229	10.76	2122	2104	0.00	194	0	0	0	nan	0.00	0.00	2.95	86.40	89.24	0.00	39	0	42	0.00	0.00	65.59	7.67	0.00	0.00	2000
231	11.12	2075	2105	0.00	197	0	0	0	nan	0.00	0.02	3.52	85.54	88.88	0.00	39	0	42	0.00	0.00	64.87	7.66	0.00	0.00	2000
227	10.62	2145	2092	0.00	194	0	0	0	nan	0.00	0.00	3.50	85.60	89.38	0.00	39	0	42	0.00	0.00	65.84	7.51	0.00	0.00	2000
228	10.84	2105	2095	0.00	194	0	0	0	nan	0.00	0.00	4.18	84.70	89.16	0.00	39	0	42	0.00	0.00	64.68	7.37	0.00	0.00	2000
232	10.63	2174	2105	0.00	194	0	0	0	nan	0.00	0.00	4.28	85.21	89.37	0.00	39	0	42	0.00	0.00	63.90	7.32	0.00	0.00	2000
232	10.88	2130	2098	0.00	195	0	0	0	nan	0.00	0.00	3.69	85.27	89.12	0.00	39	0	42	0.00	0.00	64.68	7.42	0.00	0.00	2000
227	10.98	2071	2091	0.56	195	0	0	4	44.89	0.00	0.00	4.23	84.34	89.02	0.00	39	0	42	0.00	0.00	66.65	7.77	0.00	0.00	2000
227	11.32	2009	2097	0.35	194	0	0	1	93.33	0.00	0.00	3.04	85.61	88.68	0.00	39	0	42	0.00	0.00	63.60	7.36	0.00	0.00	2000
229	11.01	2075	2106	0.00	194	0	0	0	nan	0.00	0.00	1.99	87.29	88.99	0.00	39	0	42	0.00	0.00	65.37	7.48	0.00	0.00	2000
227	11.08	2052	2099	0.00	194	0	0	0	nan	0.00	0.00	2.18	86.75	88.92	0.00	39	0	42	0.00	0.00	64.32	7.42	0.00	0.00	2000
232	11.16	2063	2114	0.00	196	0	0	0	nan	0.00	0.00	2.29	87.24	88.84	0.00	39	0	42	0.00	0.00	65.64	7.61	0.00	0.00	2000
229	10.84	2119	2096	0.00	194	0	0	0	nan	0.00	0.00	2.48	86.56	89.16	0.00	39	0	42	0.00	0.00	65.66	7.29	0.00	0.00	2000
233	11.56	2023	2094	0.00	196	0	0	0	nan	0.00	0.00	4.42	83.80	88.44	0.00	39	0	42	0.00	0.00	62.69	7.48	0.00	0.00	2000
230	11.19	2046	2106	0.00	194	0	0	0	nan	0.00	0.00	4.02	85.05	88.81	0.00	39	0	42	0.00	0.00	67.62	7.39	0.00	0.00	2000
227	11.10	2055	2094	0.00	196	0	0	0	nan	0.00	0.00	4.37	84.32	88.90	0.00	39	0	42	0.00	0.00	62.49	7.49	0.00	0.00	2000
231	11.26	2046	2104	0.00	195	0	0	0	nan	0.00	0.00	4.52	84.40	88.74	0.00	39	0	42	0.00	0.00	64.72	7.32	0.00	0.00	2000
228	10.98	2079	2098	0.00	194	0	0	0	nan	0.00	0.00	4.20	84.68	89.02	0.00	39	0	42	0.00	0.00	64.79	7.40	0.00	0.00	2000
247	11.66	2119	2098	0.00	210	0	0	0	nan	0.00	0.00	7.37	80.93	88.34	0.00	39	0	42	0.00	0.00	66.96	7.80	0.00	0.00	2000
229	11.22	2034	2105	0.00	195	0	0	0	nan	0.00	0.01	3.55	85.52	88.78	0.00	39	0	42	0.00	0.00	63.41	7.08	0.00	0.00	2000
231	10.99	2094	2104	0.00	197	0	0	0	nan	0.00	0.00	4.73	84.50	89.01	0.00	39	0	42	0.00	0.00	65.66	7.40	0.00	0.00	2000
228	11.10	2064	2092	0.00	196	0	0	0	nan	0.00	0.02	4.37	84.22	88.90	0.00	39	0	42	0.00	0.00	65.48	7.49	0.00	0.00	2000
228	11.09	2053	2099	0.00	197	0	0	0	nan	0.00	0.00	5.32	83.51	88.91	0.00	39	0	42	0.00	0.00	64.43	7.56	0.00	0.00	2000
229	11.43	2002	2102	0.00	197	0	0	0	nan	0.00	0.00	4.06	84.72	88.57	0.00	39	0	42	0.00	0.00	65.15	7.63	0.00	0.00	2000
229	11.12	2057	2101	0.36	196	0	0	4	54.17	0.00	0.00	3.40	85.52	88.88	0.00	39	0	42	0.00	0.00	64.75	7.59	0.00	0.00	2000
227	10.90	2082	2098	0.55	194	0	0	2	74.02	0.00	0.00	3.47	85.51	89.10	0.00	39	0	42	0.00	0.00	64.91	7.58	0.00	0.00	2000
231	11.01	2096	2104	0.00	195	0	0	0	nan	0.00	0.00	3.74	85.29	88.99	0.00	39	0	42	0.00	0.00	65.04	7.48	0.00	0.00	2000
227	11.15	2036	2099	0.00	195	0	0	0	nan	0.00	0.02	4.39	84.43	88.85	0.00	39	0	42	0.00	0.00	64.93	7.58	0.00	0.00	2000
228	11.26	2026	2099	0.00	196	0	0	0	nan	0.00	0.00	3.85	85.02	88.74	0.00	39	0	42	0.00	0.00	64.45	7.54	0.00	0.00	2000
229	10.82	2114	2104	0.00	195	0	0	0	nan	0.00	0.00	4.06	85.23	89.18	0.00	39	0	42	0.00	0.00	65.84	7.54	0.00	0.00	2000
228	10.73	2140	2083	0.00	194	0	0	0	nan	0.00	0.00	3.90	84.64	89.27	0.00	39	0	42	0.00	0.00	65.82	7.59	0.00	0.00	2000
231	11.11	2057	2118	0.00	194	0	0	0	nan	0.00	0.00	4.48	85.30	88.89	0.00	39	0	42	0.00	0.00	65.88	7.83	0.00	0.00	2000
229	10.83	2125	2089	0.00	180	0	0	0	nan	0.00	0.02	3.60	85.19	89.17	0.00	39	0	42	0.00	0.00	62.75	7.48	0.00	0.00	2000
227	11.01	2061	2100	0.00	194	0	0	0	nan	0.00	0.01	2.57	86.52	88.99	0.00	39	0	42	0.00	0.00	64.95	7.54	0.00	0.00	2000
229	10.99	2082	2106	0.00	194	0	0	0	nan	0.00	0.01	2.58	86.82	89.01	0.00	39	0	42	0.00	0.00	65.02	7.64	0.00	0.00	2000
226	11.02	2061	2092	0.00	194	0	0	0	nan	0.00	0.00	2.39	86.35	88.98	0.00	39	0	42	0.00	0.00	63.58	7.39	0.00	0.00	2000
230	11.05	2075	2111	0.00	194	0	0	0	nan	0.00	0.02	2.18	87.34	88.95	0.00	39	0	42	0.00	0.00	65.36	7.59	0.00	0.00	2000
234	10.78	2158	2107	0.00	195	0	0	0	nan	0.00	0.03	2.20	87.40	89.22	0.00	39	0	42	0.00	0.00	67.07	7.65	0.00	0.00	2000
227	10.63	2156	2077	0.00	194	0	0	0	nan	0.00	0.00	2.74	85.62	89.37	0.00	39	0	42	0.00	0.00	62.69	7.17	0.00	0.00	2000
228	10.87	2100	2102	0.00	177	0	0	0	nan	0.00	0.02	3.68	85.63	89.13	0.00	39	0	42	0.00	0.00	63.41	7.30	0.00	0.00	2000
235	10.96	2123	2119	0.00	195	0	0	0	nan	0.00	0.00	2.57	87.29	89.04	0.00	39	0	42	0.00	0.00	65.88	7.73	0.00	0.00	2000
225	10.54	2158	2081	0.00	194	0	0	2	65.56	0.00	0.00	2.70	85.87	89.46	0.00	39	0	42	0.00	0.00	64.98	7.68	0.00	0.00	2000
231	10.98	2096	2110	0.78	194	0	0	4	60.82	0.00	0.00	1.94	87.49	89.02	0.00	39	0	42	0.00	0.00	65.68	7.67	0.00	0.00	2000
226	10.86	2111	2074	0.00	199	0	0	0	nan	0.00	0.00	3.68	84.40	89.14	0.00	39	0	42	0.00	0.00	64.15	7.42	0.00	0.00	2000
234	10.91	2107	2136	0.00	196	0	0	0	nan	0.00	0.01	2.49	88.22	89.09	0.00	39	0	42	0.00	0.00	66.57	7.61	0.00	0.00	2000
224	10.86	2080	2085	0.00	194	0	0	0	nan	0.00	0.01	2.83	85.73	89.14	0.00	39	0	42	0.00	0.00	65.73	7.52	0.00	0.00	2000
230	11.02	2075	2109	0.00	194	0	0	0	nan	0.00	0.00	3.45	85.98	88.98	0.00	39	0	42	0.00	0.00	65.70	7.57	0.00	0.00	2000
229	10.79	2127	2093	0.00	196	0	0	0	nan	0.00	0.00	3.66	85.28	89.21	0.00	39	0	42	0.00	0.00	66.35	7.75	0.00	0.00	2000
233	10.83	2138	2111	0.00	179	0	0	0	nan	0.00	0.00	4.07	85.60	89.17	0.00	39	0	42	0.00	0.00	58.49	7.17	0.00	0.00	2000
226	10.95	2078	2087	0.00	195	0	0	0	nan	0.00	0.03	3.22	85.35	89.05	0.00	39	0	42	0.00	0.00	68.67	7.56	0.00	0.00	2000
230	11.02	2081	2105	0.00	195	0	0	0	nan	0.00	0.00	2.15	87.06	88.98	0.00	39	0	42	0.00	0.00	64.13	7.41	0.00	0.00	2000
231	11.00	2093	2109	0.00	209	0	0	0	nan	0.00	0.03	3.43	85.93	89.00	0.00	39	0	42	0.00	0.00	65.93	7.54	0.00	0.00	2000
228	10.91	2097	2095	0.00	194	0	0	0	nan	0.01	0.00	2.25	86.64	89.09	0.00	39	0	42	0.00	0.00	65.71	7.49	0.00	0.00	2000
228	10.98	2077	2100	0.00	194	0	0	0	nan	0.00	0.02	2.49	86.44	89.02	0.00	39	0	42	0.00	0.00	66.00	7.60	0.00	0.00	2000
230	11.25	2047	2099	0.00	196	0	0	0	nan	0.00	0.00	3.48	85.30	88.75	0.00	39	0	42	0.00	0.00	65.14	7.36	0.00	0.00	2000
227	11.01	2061	2098	0.00	195	0	0	0	nan	0.00	0.00	3.88	85.03	88.99	0.00	39	0	42	0.00	0.00	64.84	7.47	0.00	0.00	2000
229	10.98	2079	2103	0.00	195	0	0	0	nan	0.00	0.00	3.83	85.40	89.02	0.00	39	0	42	0.00	0.00	65.40	7.57	0.00	0.00	2000
230	10.95	2098	2105	0.00	195	0	0	0	nan	0.00	0.00	4.05	85.37	89.05	0.00	39	0	42	0.00	0.00	61.19	6.99	0.00	0.00	2000
226	10.67	2132	2088	0.00	178	0	0	0	nan	0.00	0.01	3.36	85.43	89.33	0.00	39	0	42	0.00	0.00	66.27	7.49	0.00	0.00	2000
234	10.93	2125	2116	0.78	195	0	0	4	40.97	0.00	0.01	2.48	87.23	89.07	0.00	39	0	42	0.00	0.00	67.03	7.71	0.00	0.00	2000
227	11.04	2069	2090	0.14	194	0	0	0	nan	0.02	0.00	2.76	85.90	88.96	0.00	39	0	42	0.00	0.00	65.74	7.40	0.00	0.00	2000
230	10.80	2121	2106	0.00	196	0	0	0	nan	0.00	0.02	3.93	85.62	89.20	0.00	39	0	42	0.00	0.00	61.63	7.17	0.00	0.00	2000
230	10.78	2126	2105	0.00	178	0	0	0	nan	0.00	0.04	3.27	86.23	89.22	0.00	39	0	42	0.00	0.00	67.55	7.74	0.00	0.00	2000
227	11.06	2059	2094	0.00	194	0	0	0	nan	0.00	0.00	3.11	85.73	88.94	0.00	39	0	42	0.00	0.00	66.38	7.88	0.00	0.00	2000
228	11.16	2054	2086	0.00	196	0	0	0	nan	0.00	0.02	2.74	85.59	88.84	0.00	39	0	42	0.00	0.00	65.51	7.51	0.00	0.00	2000
231	11.00	2096	2100	0.00	196	0	0	0	nan	0.00	0.02	3.20	85.84	89.00	0.00	39	0	42	0.00	0.00	63.01	7.21	0.00	0.00	2000
230	11.08	2069	2108	0.00	194	0	0	0	nan	0.00	0.00	4.09	85.14	88.92	0.00	39	0	42	0.00	0.00	68.25	7.78	0.00	0.00	2000
235	11.37	2066	2102	0.00	197	0	0	0	nan	0.00	0.00	3.89	84.92	88.63	0.00	39	0	42	0.00	0.00	65.54	7.59	0.00	0.00	2000
228	11.08	2058	2096	0.00	194	0	0	0	nan	0.00	0.00	3.69	85.07	88.92	0.00	39	0	42	0.00	0.00	64.67	7.48	0.00	0.00	2000
229	10.74	2134	2094	0.00	193	0	0	0	nan	0.00	0.00	3.38	85.50	89.26	0.00	39	0	42	0.00	0.00	60.83	6.88	0.00	0.00	2000
230	11.00	2094	2093	0.00	179	0	0	0	nan	0.00	0.00	4.04	84.74	89.00	0.00	39	0	42	0.00	0.00	64.99	7.49	0.00	0.00	2000
229	10.90	2092	2105	0.00	211	0	0	0	nan	0.00	0.00	4.41	85.00	89.10	0.00	39	0	42	0.00	0.00	65.51	7.50	0.00	0.00	2000
230	10.66	2151	2109	0.00	178	0	0	0	nan	0.00	0.02	3.98	85.69	89.34	0.00	39	0	42	0.00	0.00	66.79	7.57	0.00	0.00	2000
228	10.85	2098	2104	0.00	194	0	0	0	nan	0.00	0.00	2.84	86.52	89.15	0.00	39	0	42	0.00	0.00	66.38	7.37	0.00	0.00	2000
227	10.87	2116	2073	0.00	194	0	0	0	nan	0.00	0.03	2.82	85.11	89.13	0.00	39	0	42	0.00	0.00	63.57	7.37	0.00	0.00	2000
230	10.80	2142	2089	0.00	194	0	0	0	nan	0.01	0.02	2.43	86.08	89.20	0.00	39	0	42	0.00	0.00	64.42	7.43	0.00	0.00	2000
231	10.77	2115	2127	0.44	211	0	0	4	54.19	0.00	0.00	3.69	86.70	89.23	0.00	39	0	42	0.00	0.00	64.76	7.31	0.00	0.00	2000
228	10.86	2098	2103	0.46	196	0	0	2	79.63	0.00	0.04	4.96	84.20	89.14	0.00	39	0	42	0.00	0.00	66.87	7.78	0.00	0.00	2000
228	11.04	2067	2103	0.00	195	0	0	0	nan	0.00	0.00	4.74	84.35	88.96	0.00	39	0	42	0.00	0.00	67.67	7.42	0.00	0.00	2000
229	11.03	2076	2099	0.00	194	0	0	0	nan	0.00	0.00	4.07	84.84	88.97	0.00	39	0	42	0.00	0.00	62.42	7.55	0.00	0.00	2000
228	10.81	2115	2094	0.00	194	0	0	0	nan	0.00	0.00	3.72	85.20	89.19	0.00	39	0	42	0.00	0.00	63.34	7.16	0.00	0.00	2000
230	11.17	2051	2110	0.00	195	0	0	0	nan	0.00	0.00	4.15	85.11	88.83	0.00	39	0	42	0.00	0.00	64.86	7.29	0.00	0.00	2000
228	11.19	2041	2099	0.00	195	0	0	0	nan	0.00	0.00	4.30	84.48	88.81	0.00	39	0	42	0.00	0.00	64.52	7.42	0.00	0.00	2000
228	11.08	2062	2100	0.00	194	0	0	0	nan	0.00	0.00	3.52	85.45	88.93	0.00	39	0	42	0.00	0.00	65.50	7.40	0.00	0.00	2000
230	10.99	2103	2094	0.00	197	0	0	0	nan	0.00	0.00	5.29	83.44	89.01	0.00	40	0	42	0.00	0.00	65.47	7.53	0.00	0.00	2000
227	11.05	2052	2103	0.00	196	0	0	0	nan	0.00	0.00	4.35	84.71	88.95	0.00	39	0	42	0.00	0.00	64.38	7.44	0.00	0.00	2000
233	11.15	2079	2108	0.00	196	0	0	0	nan	0.00	0.00	5.25	83.94	88.85	0.00	39	0	42	0.00	0.00	65.33	7.68	0.00	0.00	2000
226	10.83	2101	2089	0.00	194	0	0	0	nan	0.00	0.00	4.20	84.54	89.17	0.00	39	0	42	0.00	0.00	65.83	7.59	0.00	0.00	2000
228	11.17	2035	2104	0.00	194	0	0	0	nan	0.00	0.00	4.55	84.48	88.83	0.00	39	0	42	0.00	0.00	64.94	7.48	0.00	0.00	2000
230	10.63	2158	2108	0.00	194	0	0	0	nan	0.00	0.00	4.07	85.54	89.37	0.00	39	0	42	0.00	0.00	66.66	7.76	0.00	0.00	2000
229	10.37	2213	2096	0.00	178	0	0	0	nan	0.00	0.00	3.12	86.19	89.63	0.00	40	0	42	0.00	0.00	66.54	7.63	0.00	0.00	2000
230	11.17	2064	2094	0.00	197	0	0	0	nan	0.00	0.00	2.98	85.78	88.83	0.00	39	0	42	0.00	0.00	65.32	7.63	0.00	0.00	2000
231	11.13	2061	2113	0.00	194	0	0	0	nan	0.01	0.00	2.00	87.51	88.87	0.00	39	0	42	0.00	0.00	62.95	7.22	0.00	0.00	2000
238	11.43	2100	2086	0.10	267	0	0	4	46.75	0.00	0.43	4.36	83.38	88.57	0.00	39	0	42	0.00	0.00	63.48	7.42	0.00	0.00	2000
230	11.26	2035	2113	0.73	194	0	0	3	66.77	0.00	0.00	4.53	84.85	88.74	0.00	39	0	42	0.00	0.00	65.32	7.48	0.00	0.00	2000
225	10.97	2066	2087	0.00	195	0	0	0	nan	0.00	0.01	2.61	85.95	89.03	0.00	39	0	42	0.00	0.00	64.43	7.48	0.00	0.00	2000
229	11.01	2080	2101	0.00	193	0	0	0	nan	0.00	0.00	1.76	87.28	88.99	0.00	40	0	42	0.00	0.00	66.03	7.51	0.00	0.00	2000
229	11.30	2027	2096	0.00	194	0	0	0	nan	0.00	0.02	2.30	86.24	88.70	0.00	39	0	42	0.00	0.00	64.46	7.28	0.00	0.00	2000
237	11.48	2064	2098	0.00	193	0	0	0	nan	0.00	0.02	1.90	86.57	88.52	0.00	39	0	42	0.00	0.00	65.90	7.60	0.00	0.00	2000
238	11.28	2103	2107	0.00	195	0	0	0	nan	0.00	0.02	3.17	85.88	88.73	0.00	39	0	42	0.00	0.00	66.26	7.44	0.00	0.00	2000
231	10.86	2115	2109	0.00	194	0	0	0	nan	0.00	0.02	3.30	86.02	89.14	0.00	39	0	42	0.00	0.00	65.57	7.33	0.00	0.00	2000
226	10.99	2065	2088	0.00	194	0	0	0	nan	0.00	0.00	3.66	84.95	89.01	0.00	39	0	42	0.00	0.00	66.41	7.54	0.00	0.00	2000
232	11.05	2092	2107	0.00	195	0	0	0	nan	0.00	0.00	4.76	84.37	88.95	0.00	39	0	42	0.00	0.00	65.20	7.42	0.00	0.00	2000
228	10.98	2078	2094	0.00	195	0	0	0	nan	0.00	0.00	4.41	84.44	89.02	0.00	39	0	42	0.00	0.00	66.06	7.35	0.00	0.00	2000
233	10.80	2146	2113	0.00	197	0	0	0	nan	0.00	0.00	5.20	84.53	89.20	0.00	39	0	42	0.00	0.00	66.67	7.77	0.00	0.00	2000
231	10.53	2181	2109	0.00	181	0	0	0	nan	0.00	0.01	3.60	86.18	89.47	0.00	40	0	42	0.00	0.00	65.57	7.53	0.00	0.00	2000
226	10.77	2106	2088	0.00	194	0	0	0	nan	0.01	0.00	2.91	85.86	89.23	0.00	39	0	42	0.00	0.00	67.55	7.72	0.00	0.00	2000
232	11.19	2069	2104	0.00	194	0	0	0	nan	0.00	0.02	3.52	85.61	88.81	0.00	39	0	42	0.00	0.00	60.50	6.86	0.00	0.00	2000
230	11.05	2082	2104	0.00	196	0	0	0	nan	0.00	0.01	2.86	86.33	88.95	0.00	39	0	42	0.00	0.00	65.89	7.57	0.00	0.00	2000
227	10.99	2074	2093	0.00	194	0	0	0	nan	0.00	0.04	2.98	85.85	89.01	0.00	39	0	42	0.00	0.00	66.75	7.47	0.00	0.00	2000
226	10.92	2089	2084	0.00	194	0	0	1	73.61	0.00	0.00	2.29	86.29	89.08	0.00	39	0	42	0.00	0.00	65.47	7.58	0.00	0.00	2000
230	11.24	2033	2114	0.78	195	0	0	5	58.51	0.00	0.00	3.08	86.41	88.76	0.00	39	0	42	0.00	0.00	62.91	7.37	0.00	0.00	2000
227	10.69	2133	2087	0.00	194	0	0	0	nan	0.00	0.02	2.45	86.38	89.31	0.00	39	0	42	0.00	0.00	68.51	7.31	0.00	0.00	2000
229	10.96	2091	2100	0.00	195	0	0	0	nan	0.00	0.00	3.50	85.67	89.04	0.00	39	0	42	0.00	0.00	65.74	7.40	0.00	0.00	2000
229	11.01	2081	2103	0.00	194	0	0	0	nan	0.00	0.00	4.36	84.84	88.99	0.00	39	0	42	0.00	0.00	66.69	7.59	0.00	0.00	2000
228	11.15	2043	2101	0.00	194	0	0	0	nan	0.00	0.00	4.57	84.44	88.85	0.00	39	0	42	0.00	0.00	65.43	7.51	0.00	0.00	2000
228	11.21	2029	2104	0.00	195	0	0	0	nan	0.00	0.01	4.34	84.67	88.79	0.00	39	0	42	0.00	0.00	65.18	7.39	0.00	0.00	2000
227	10.94	2078	2098	0.00	195	0	0	0	nan	0.00	0.00	3.84	85.08	89.06	0.00	39	0	42	0.00	0.00	63.32	7.58	0.00	0.00	2000
234	11.24	2075	2106	0.00	195	0	0	0	nan	0.00	0.00	4.57	84.54	88.76	0.00	39	0	42	0.00	0.00	68.42	7.39	0.00	0.00	2000
227	10.86	2101	2087	0.00	195	0	0	0	nan	0.00	0.00	4.26	84.39	89.14	0.00	39	0	42	0.00	0.00	65.74	7.66	0.00	0.00	2000
231	10.84	2124	2102	0.00	196	0	0	0	nan	0.00	0.00	4.63	84.54	89.16	0.00	39	0	42	0.00	0.00	65.55	7.55	0.00	0.00	2000
230	11.16	2054	2108	0.00	194	0	0	0	nan	0.00	0.00	4.50	84.77	88.84	0.00	39	0	42	0.00	0.00	65.23	7.57	0.00	0.00	2000
230	10.72	2141	2107	0.00	194	0	0	0	nan	0.00	0.00	3.98	85.55	89.28	0.00	39	0	42	0.00	0.00	67.24	7.72	0.00	0.00	2000
226	10.84	2113	2067	0.00	179	0	0	0	nan	0.00	0.00	3.10	84.60	89.16	0.00	39	0	42	0.00	0.00	59.63	6.77	0.00	0.00	2000
234	11.18	2083	2112	0.00	212	0	0	0	nan	0.00	0.02	2.55	86.81	88.82	0.00	39	0	42	0.00	0.00	69.17	7.93	0.00	0.00	2000
228	10.62	2134	2117	0.00	196	0	0	0	nan	0.00	0.00	4.61	85.56	89.38	0.00	39	0	42	0.00	0.00	66.14	7.61	0.00	0.00	2000
229	10.76	2128	2099	0.00	194	0	0	0	nan	0.00	0.00	3.43	85.78	89.24	0.00	39	0	42	0.00	0.00	65.47	7.26	0.00	0.00	2000
225	10.99	2056	2094	0.00	194	0	0	0	nan	0.00	0.00	3.51	85.30	89.01	0.00	39	0	42	0.00	0.00	64.99	7.25	0.00	0.00	2000
232	11.28	2052	2104	0.83	197	0	0	4	39.20	0.00	0.00	4.98	83.97	88.72	0.00	39	0	42	0.00	0.00	64.83	7.45	0.00	0.00	2000
229	11.18	2045	2102	0.05	194	0	0	0	nan	0.00	0.00	4.12	84.85	88.82	0.00	39	0	42	0.00	0.00	65.76	7.52	0.00	0.00	2000
228	11.02	2068	2100	0.00	194	0	0	0	nan	0.00	0.00	4.07	84.91	88.98	0.00	39	0	42	0.00	0.00	64.92	7.36	0.00	0.00	2000
229	11.01	2096	2085	0.00	195	0	0	0	nan	0.00	0.00	3.73	84.65	88.99	0.00	39	0	42	0.00	0.00	65.14	7.45	0.00	0.00	2000
228	10.78	2098	2114	0.00	195	0	0	0	nan	0.00	0.00	5.04	84.78	89.22	0.00	39	0	42	0.00	0.00	65.02	7.53	0.00	0.00	2000
227	10.98	2071	2099	0.00	194	0	0	0	nan	0.00	0.00	4.31	84.75	89.02	0.00	39	0	42	0.00	0.00	65.34	7.52	0.00	0.00	2000
231	11.06	2082	2102	0.00	195	0	0	0	nan	0.00	0.00	4.33	84.70	88.94	0.00	39	0	42	0.00	0.00	65.47	7.67	0.00	0.00	2000
226	10.82	2106	2079	0.00	194	0	0	0	nan	0.00	0.00	3.83	84.52	89.18	0.00	40	0	42	0.00	0.00	60.85	6.85	0.00	0.00	2000
230	11.02	2076	2112	0.00	194	0	0	0	nan	0.00	0.03	4.38	85.15	88.98	0.00	40	0	42	0.00	0.00	70.30	8.11	0.00	0.00	2000
227	10.63	2146	2089	0.00	195	0	0	0	nan	0.00	0.03	4.27	84.53	89.37	0.00	39	0	42	0.00	0.00	63.48	6.87	0.00	0.00	2000
227	11.06	2080	2074	0.00	194	0	0	0	nan	0.00	0.02	3.85	83.92	88.94	0.00	39	0	42	0.00	0.00	65.53	7.88	0.00	0.00	2000
231	10.87	2092	2134	0.00	195	0	0	0	nan	0.00	0.00	3.69	86.99	89.13	0.00	39	0	42	0.00	0.00	66.17	7.43	0.00	0.00	2000
231	10.98	2088	2113	0.00	194	0	0	0	nan	0.00	0.00	2.70	87.01	89.02	0.00	39	0	42	0.00	0.00	66.11	7.61	0.00	0.00	2000
228	10.91	2105	2088	0.00	195	0	0	0	nan	0.00	0.00	4.33	84.26	89.09	0.00	39	0	42	0.00	0.00	63.81	7.13	0.00	0.00	2000
229	10.78	2118	2106	0.00	194	0	0	0	nan	0.00	0.00	3.62	85.87	89.22	0.00	39	0	42	0.00	0.00	65.54	7.50	0.00	0.00	2000
227	10.83	2097	2096	0.00	195	0	0	0	nan	0.00	0.01	3.75	85.24	89.17	0.00	39	0	42	0.00	0.00	62.23	7.46	0.00	0.00	2000
233	11.22	2083	2090	0.00	195	0	0	0	nan	0.00	0.00	4.19	84.20	88.78	0.00	39	0	42	0.00	0.00	67.15	7.38	0.00	0.00	2000
226	10.63	2107	2116	0.66	195	0	0	4	41.13	0.00	0.00	5.66	84.50	89.37	0.00	39	0	42	0.00	0.00	68.88	7.83	0.00	0.00	2000
230	10.99	2091	2103	0.27	198	0	0	0	nan	0.00	0.00	5.56	83.58	89.01	0.00	39	0	42	0.00	0.00	65.88	7.41	0.00	0.00	2000
225	10.71	2125	2075	0.00	189	0	0	0	nan	0.00	0.00	3.92	84.33	89.29	0.00	39	0	42	0.00	0.00	60.91	6.70	0.00	0.00	2000
228	11.02	2076	2096	0.00	183	0	0	0	nan	0.00	0.00	4.19	84.69	88.98	0.00	39	0	42	0.00	0.00	65.26	7.40	0.00	0.00	2000
233	11.05	2078	2130	0.00	212	0	0	0	nan	0.00	0.00	5.24	84.96	88.95	0.00	39	0	42	0.00	0.00	66.65	7.68	0.00	0.00	2000
227	10.94	2084	2087	0.00	194	0	0	0	nan	0.00	0.00	3.15	85.40	89.06	0.00	39	0	42	0.00	0.00	64.36	7.37	0.00	0.00	2000
237	11.17	2104	2113	0.00	196	0	0	0	nan	0.00	0.00	4.88	84.61	88.83	0.00	39	0	42	0.00	0.00	66.37	7.61	0.00	0.00	2000
229	11.01	2119	2060	0.00	178	0	0	0	nan	0.00	0.01	2.61	84.58	88.99	0.00	39	0	42	0.00	0.00	65.98	7.50	0.00	0.00	2000
226	10.60	2099	2136	0.00	211	0	0	0	nan	0.00	0.00	4.81	86.12	89.40	0.00	39	0	42	0.00	0.00	69.08	7.91	0.00	0.00	2000
229	10.87	2113	2092	0.00	194	0	0	0	nan	0.00	0.00	3.66	85.19	89.13	0.00	39	0	42	0.00	0.00	60.23	7.01	0.00	0.00	2000
231	11.15	2061	2110	0.00	197	0	0	0	nan	0.00	0.00	4.46	84.96	88.85	0.00	39	0	42	0.00	0.00	66.27	7.29	0.00	0.00	2000
229	10.41	2215	2089	0.00	194	0	0	0	nan	0.00	0.01	2.81	86.08	89.59	0.00	40	0	42	0.00	0.00	64.36	7.34	0.00	0.00	2000
227	10.71	2131	2089	0.00	179	0	0	0	nan	0.00	0.00	4.53	84.36	89.29	0.00	39	0	42	0.00	0.00	65.55	7.64	0.00	0.00	2000
229	11.02	2080	2095	0.00	194	0	0	0	nan	0.00	0.00	3.87	85.00	88.98	0.00	39	0	42	0.00	0.00	64.89	7.60	0.00	0.00	2000
232	11.18	2052	2129	0.00	210	0	0	0	nan	0.00	0.00	4.72	85.46	88.82	0.00	39	0	42	0.00	0.00	64.38	7.47	0.00	0.00	2000
228	10.89	2107	2087	0.00	196	0	0	0	nan	0.00	0.00	3.52	85.07	89.11	0.00	39	0	42	0.00	0.00	65.35	7.50	0.00	0.00	2000
230	10.99	2079	2116	0.00	180	0	0	0	nan	0.00	0.03	4.70	85.15	89.01	0.00	39	0	42	0.00	0.00	67.29	7.74	0.00	0.00	2000
228	11.07	2100	2056	0.45	195	0	0	4	53.19	0.00	0.02	3.36	83.78	88.93	0.00	39	0	42	0.00	0.00	64.90	7.37	0.00	0.00	2000
229	10.83	2071	2142	0.44	210	0	0	2	81.55	0.00	0.00	5.37	85.69	89.17	0.00	39	0	42	0.00	0.00	65.82	7.75	0.00	0.00	2000
227	10.93	2086	2092	0.00	194	0	0	0	nan	0.00	0.00	4.42	84.34	89.07	0.00	39	0	42	0.00	0.00	62.87	7.34	0.00	0.00	2000
232	10.93	2107	2114	0.00	179	0	0	0	nan	0.00	0.03	3.68	86.04	89.07	0.00	39	0	42	0.00	0.00	67.46	7.71	0.00	0.00	2000
232	10.82	2136	2104	0.00	198	0	0	0	nan	0.00	0.01	4.42	84.73	89.18	0.00	40	0	42	0.00	0.00	65.52	7.48	0.00	0.00	2000
228	10.69	2137	2097	0.00	195	0	0	0	nan	0.00	0.00	3.12	86.05	89.31	0.00	40	0	42	0.00	0.00	64.55	7.47	0.00	0.00	2000
228	10.71	2146	2085	0.00	194	0	0	0	nan	0.00	0.00	3.77	84.90	89.29	0.00	39	0	42	0.00	0.00	63.38	7.36	0.00	0.00	2000
227	10.88	2092	2100	0.00	193	0	0	0	nan	0.00	0.00	3.93	85.08	89.12	0.00	39	0	42	0.00	0.00	65.37	7.57	0.00	0.00	2000
233	10.74	2158	2106	0.00	196	0	0	0	nan	0.00	0.00	4.17	85.33	89.26	0.00	39	0	42	0.00	0.00	64.88	7.55	0.00	0.00	2000
227	10.85	2102	2093	0.00	179	0	0	0	nan	0.01	0.00	3.71	85.25	89.15	0.00	39	0	42	0.00	0.00	67.27	7.65	0.00	0.00	2000
229	10.70	2142	2101	0.00	194	0	0	0	nan	0.00	0.01	3.05	86.24	89.30	0.00	39	0	42	0.00	0.00	66.21	7.56	0.00	0.00	2000
228	10.86	2101	2102	0.00	194	0	0	0	nan	0.01	0.01	2.18	87.13	89.14	0.00	39	0	42	0.00	0.00	65.49	7.32	0.00	0.00	2000
230	11.06	2075	2107	0.00	197	0	0	0	nan	0.00	0.00	2.06	87.34	88.94	0.00	39	0	42	0.00	0.00	65.01	7.51	0.00	0.00	2000
231	10.87	2111	2110	0.00	195	0	0	0	nan	0.00	0.01	2.28	87.31	89.13	0.00	39	0	42	0.00	0.00	65.96	7.59	0.00	0.00	2000
222	11.06	2104	2003	0.00	194	0	0	0	nan	0.00	0.00	3.49	81.40	88.94	0.00	39	0	42	0.00	0.00	57.71	6.70	0.00	0.00	2000
234	10.89	2043	2205	0.00	210	0	0	0	nan	0.00	0.00	2.76	90.84	89.11	0.00	39	0	42	0.00	0.00	71.48	8.07	0.00	0.00	2000
227	10.94	2081	2091	0.00	195	0	0	0	nan	0.00	0.00	2.69	86.09	89.06	0.00	39	0	42	0.00	0.00	62.83	7.22	0.00	0.00	2000
231	11.20	2062	2096	0.09	195	0	0	3	55.80	0.00	0.00	4.18	84.58	88.80	0.00	39	0	42	0.00	0.00	65.91	7.63	0.00	0.00	2000
228	10.97	2086	2089	0.74	194	0	0	4	62.38	0.00	0.00	4.27	84.34	89.03	0.00	39	0	42	0.00	0.00	65.60	7.44	0.00	0.00	2000
231	11.01	2086	2109	0.00	196	0	0	0	nan	0.00	0.00	4.06	85.29	88.99	0.00	39	0	42	0.00	0.00	65.13	7.63	0.00	0.00	2000
229	11.30	2020	2103	0.00	194	0	0	0	nan	0.00	0.00	3.65	85.26	88.70	0.00	39	0	42	0.00	0.00	64.73	7.47	0.00	0.00	2000
227	11.18	2026	2101	0.00	195	0	0	0	nan	0.00	0.01	3.44	85.45	88.82	0.00	39	0	42	0.00	0.00	65.24	7.55	0.00	0.00	2000
240	11.71	2050	2100	0.00	195	0	0	0	nan	0.00	0.00	4.00	84.29	88.29	0.00	40	0	42	0.00	0.00	65.56	7.48	0.00	0.00	2000
227	11.06	2053	2095	0.00	195	0	0	0	nan	0.00	0.00	3.58	85.29	88.94	0.00	39	0	42	0.00	0.00	65.82	7.50	0.00	0.00	2000
230	11.53	1993	2103	0.00	195	0	0	0	nan	0.00	0.00	4.85	83.98	88.47	0.00	39	0	42	0.00	0.00	64.35	7.35	0.00	0.00	2000
229	11.28	2032	2100	0.00	199	0	0	0	nan	0.00	0.00	3.98	84.76	88.72	0.00	39	0	42	0.00	0.00	65.57	7.58	0.00	0.00	2000
230	10.94	2100	2101	0.00	199	0	0	0	nan	0.00	0.00	4.90	84.22	89.06	0.00	40	0	42	0.00	0.00	65.13	7.44	0.00	0.00	2000
232	11.24	2064	2101	0.00	210	0	0	0	nan	0.00	0.00	7.14	81.69	88.76	0.00	40	0	42	0.00	0.00	65.87	7.58	0.00	0.00	2000
229	10.80	2116	2106	0.00	194	0	0	0	nan	0.00	0.00	3.99	85.54	89.20	0.00	39	0	42	0.00	0.00	66.73	7.63	0.00	0.00	2000
230	11.07	2128	2046	0.00	181	0	0	0	nan	0.00	0.00	3.50	83.16	88.93	0.00	39	0	42	0.00	0.00	59.81	6.79	0.00	0.00	2000
232	10.32	2183	2160	0.00	211	0	0	0	nan	0.00	0.02	4.14	87.94	89.68	0.00	40	0	42	0.00	0.00	70.00	8.14	0.00	0.00	2000
229	10.82	2117	2101	0.00	178	0	0	0	nan	0.00	0.00	3.40	85.81	89.18	0.00	39	0	42	0.00	0.00	61.48	7.36	0.00	0.00	2000
228	11.21	2037	2094	0.00	194	0	0	0	nan	0.01	0.00	2.77	85.97	88.79	0.00	40	0	42	0.00	0.00	65.72	7.11	0.00	0.00	2000
225	10.98	2068	2084	0.00	195	0	0	0	nan	0.00	0.00	2.21	86.36	89.02	0.00	39	0	42	0.00	0.00	63.14	7.56	0.00	0.00	2000
230	11.13	2060	2109	0.00	195	0	0	1	73.52	0.00	0.00	2.84	86.59	88.87	0.00	39	0	42	0.00	0.00	68.30	7.46	0.00	0.00	2000
229	11.04	2081	2097	0.78	196	0	0	5	57.14	0.00	0.00	3.41	85.46	88.96	0.00	39	0	42	0.00	0.00	64.98	7.58	0.00	0.00	2000
229	11.12	2057	2103	0.00	194	0	0	0	nan	0.00	0.00	3.83	85.13	88.88	0.00	39	0	42	0.00	0.00	65.01	7.48	0.00	0.00	2000
229	10.92	2092	2102	0.00	196	0	0	0	nan	0.00	0.00	4.09	85.05	89.08	0.00	39	0	42	0.00	0.00	65.77	7.65	0.00	0.00	2000
228	10.84	2110	2097	0.00	194	0	0	0	nan	0.00	0.00	4.23	84.91	89.16	0.00	39	0	42	0.00	0.00	65.30	7.47	0.00	0.00	2000
227	10.89	2086	2094	0.00	195	0	0	0	nan	0.00	0.00	3.76	85.13	89.11	0.00	39	0	42	0.00	0.00	65.18	7.57	0.00	0.00	2000
228	10.88	2116	2079	0.00	195	0	0	0	nan	0.00	0.00	4.33	83.87	89.12	0.00	39	0	42	0.00	0.00	65.25	7.51	0.00	0.00	2000
233	11.14	2093	2097	0.00	178	0	0	0	nan	0.00	0.00	4.62	84.16	88.86	0.00	40	0	42	0.00	0.00	64.39	7.34	0.00	0.00	2000
228	10.81	2084	2127	0.00	211	0	0	0	nan	0.00	0.00	5.21	85.18	89.19	0.00	39	0	42	0.00	0.00	64.78	7.58	0.00	0.00	2000
229	11.04	2070	2104	0.00	194	0	0	0	nan	0.00	0.00	4.04	85.16	88.96	0.00	39	0	42	0.00	0.00	65.63	7.55	0.00	0.00	2000
229	11.07	2070	2101	0.00	194	0	0	0	nan	0.00	0.00	4.16	84.93	88.93	0.00	39	0	42	0.00	0.00	65.85	7.62	0.00	0.00	2000
231	11.26	2049	2098	0.00	198	0	0	0	nan	0.00	0.00	6.01	82.72	88.74	0.00	40	0	42	0.00	0.00	64.76	7.58	0.00	0.00	2000
231	10.94	2123	2091	0.00	197	0	0	0	nan	0.00	0.00	4.57	84.05	89.06	0.00	39	0	42	0.00	0.00	65.65	7.56	0.00	0.00	2000
229	11.18	2040	2110	0.00	194	0	0	0	nan	0.00	0.00	4.38	85.01	88.82	0.00	40	0	42	0.00	0.00	64.90	7.42	0.00	0.00	2000
229	11.04	2073	2102	0.00	194	0	0	0	nan	0.00	0.00	3.63	85.40	88.96	0.00	39	0	42	0.00	0.00	65.10	7.57	0.00	0.00	2000
229	11.22	2045	2094	0.00	194	0	0	0	nan	0.00	0.00	3.70	84.98	88.78	0.00	39	0	42	0.00	0.00	64.63	7.57	0.00	0.00	2000
229	10.83	2113	2106	0.00	195	0	0	0	nan	0.00	0.00	4.59	84.82	89.17	0.00	39	0	42	0.00	0.00	65.33	7.58	0.00	0.00	2000
223	10.80	2096	2070	0.00	194	0	0	0	nan	0.00	0.00	3.43	84.63	89.20	0.00	39	0	42	0.00	0.00	65.31	7.64	0.00	0.00	2000
230	11.06	2060	2116	0.85	194	0	0	6	43.18	0.00	0.03	4.66	85.04	88.94	0.00	39	0	42	0.00	0.00	65.23	7.67	0.00	0.00	2000
230	11.07	2081	2097	0.07	195	0	0	0	nan	0.00	0.03	3.94	84.85	88.93	0.00	39	0	42	0.00	0.00	64.59	7.51	0.00	0.00	2000
229	11.01	2066	2114	0.00	195	0	0	0	nan	0.00	0.00	5.30	84.31	88.99	0.00	39	0	42	0.00	0.00	64.92	7.55	0.00	0.00	2000
230	11.02	2092	2098	0.00	194	0	0	0	nan	0.00	0.00	4.38	84.62	88.98	0.00	39	0	42	0.00	0.00	65.21	7.47	0.00	0.00	2000
231	11.24	2048	2102	0.00	195	0	0	0	nan	0.00	0.00	4.45	84.46	88.76	0.00	39	0	42	0.00	0.00	64.99	7.49	0.00	0.00	2000
227	11.12	2040	2097	0.00	194	0	0	0	nan	0.00	0.00	4.11	84.71	88.88	0.00	39	0	42	0.00	0.00	64.73	7.44	0.00	0.00	2000
229	10.91	2100	2102	0.00	195	0	0	0	nan	0.00	0.00	4.71	84.49	89.09	0.00	39	0	42	0.00	0.00	65.30	7.58	0.00	0.00	2000
240	11.24	2138	2094	0.00	194	0	0	0	nan	0.00	0.00	3.98	84.47	88.76	0.00	39	0	42	0.00	0.00	65.55	7.58	0.00	0.00	2000
255	12.36	2062	2105	0.00	194	0	0	0	nan	0.00	0.00	4.70	83.24	87.64	0.00	39	0	42	0.00	0.00	64.47	7.37	0.00	0.00	2000
229	11.18	2046	2099	0.00	195	0	0	0	nan	0.00	0.00	3.89	84.95	88.82	0.00	39	0	42	0.00	0.00	64.86	7.67	0.00	0.00	2000
232	11.08	2087	2104	0.00	196	0	0	0	nan	0.00	0.00	3.88	85.25	88.92	0.00	39	0	42	0.00	0.00	65.42	7.54	0.00	0.00	2000
231	10.60	2176	2104	0.00	194	0	0	0	nan	0.00	0.00	3.54	85.94	89.40	0.00	39	0	42	0.00	0.00	64.62	7.28	0.00	0.00	2000
226	10.85	2102	2085	0.00	178	0	0	0	nan	0.00	0.00	2.68	85.99	89.15	0.00	40	0	42	0.00	0.00	62.34	7.34	0.00	0.00	2000
226	10.98	2109	2052	0.00	194	0	0	0	nan	0.01	0.00	2.13	84.91	89.02	0.00	39	0	42	0.00	0.00	62.88	7.66	0.00	0.00	2000
233	10.94	2070	2160	0.00	215	0	0	0	nan	0.00	0.02	4.55	87.09	89.06	0.00	39	0	42	0.00	0.00	71.11	7.88	0.00	0.00	2000
230	10.85	2112	2104	0.00	196	0	0	0	nan	0.00	0.00	3.78	85.61	89.15	0.00	39	0	42	0.00	0.00	64.34	7.49	0.00	0.00	2000
226	10.88	2100	2075	0.00	194	0	0	0	nan	0.00	0.00	3.08	85.06	89.12	0.00	39	0	42	0.00	0.00	61.91	7.15	0.00	0.00	2000
230	11.15	2047	2118	0.64	195	0	0	6	46.03	0.00	0.04	4.68	85.01	88.85	0.00	39	0	42	0.00	0.00	70.43	7.99	0.00	0.00	2000
228	11.30	2023	2099	0.27	194	0	0	0	nan	0.00	0.00	4.05	84.63	88.70	0.00	39	0	42	0.00	0.00	64.61	7.47	0.00	0.00	2000
232	10.80	2140	2107	0.00	196	0	0	0	nan	0.00	0.00	5.07	84.47	89.20	0.00	39	0	42	0.00	0.00	61.28	7.09	0.00	0.00	2000
236	10.91	2163	2096	0.00	197	0	0	0	nan	0.00	0.02	3.52	85.32	89.09	0.00	39	0	42	0.00	0.00	65.99	7.48	0.00	0.00	2000
228	10.85	2107	2099	0.00	179	0	0	0	nan	0.01	0.02	3.08	86.12	89.15	0.00	39	0	42	0.00	0.00	66.29	7.66	0.00	0.00	2000
229	10.81	2115	2107	0.00	194	0	0	0	nan	0.00	0.00	3.18	86.33	89.19	0.00	40	0	42	0.00	0.00	67.08	7.75	0.00	0.00	2000
226	10.89	2086	2086	0.00	195	0	0	0	nan	0.00	0.02	2.86	85.67	89.11	0.00	39	0	42	0.00	0.00	65.50	7.47	0.00	0.00	2000
230	11.17	2050	2110	0.00	194	0	0	0	nan	0.00	0.00	3.35	85.94	88.83	0.00	39	0	42	0.00	0.00	65.05	7.56	0.00	0.00	2000
229	11.10	2067	2098	0.00	196	0	0	0	nan	0.00	0.00	3.31	85.44	88.90	0.00	39	0	42	0.00	0.00	65.59	7.57	0.00	0.00	2000
229	10.87	2117	2093	0.00	194	0	0	0	nan	0.00	0.00	3.34	85.53	89.13	0.00	39	0	42	0.00	0.00	63.56	7.28	0.00	0.00	2000
230	10.86	2106	2111	0.00	195	0	0	0	nan	0.00	0.00	3.78	85.93	89.14	0.00	39	0	42	0.00	0.00	63.66	7.30	0.00	0.00	2000
227	11.04	2100	2056	0.00	194	0	0	0	nan	0.00	0.02	3.12	84.00	88.96	0.00	39	0	42	0.00	0.00	64.75	7.57	0.00	0.00	2000
234	10.71	2134	2145	0.00	194	0	0	0	nan	0.00	0.00	4.45	86.79	89.29	0.00	39	0	42	0.00	0.00	69.86	8.00	0.00	0.00	2000
231	10.95	2107	2099	0.00	198	0	0	0	nan	0.00	0.00	5.03	83.92	89.05	0.00	39	0	42	0.00	0.00	65.10	7.68	0.00	0.00	2000
229	10.75	2131	2101	0.00	195	0	0	0	nan	0.00	0.00	4.13	85.11	89.25	0.00	39	0	42	0.00	0.00	65.83	7.63	0.00	0.00	2000
227	11.21	2033	2093	0.00	194	0	0	0	nan	0.00	0.00	4.15	84.47	88.79	0.00	39	0	42	0.00	0.00	64.52	7.30	0.00	0.00	2000
228	10.91	2092	2099	0.00	194	0	0	0	nan	0.00	0.00	4.14	84.94	89.09	0.00	39	0	42	0.00	0.00	65.15	7.56	0.00	0.00	2000
232	11.21	2069	2102	0.37	196	0	0	5	51.57	0.00	0.00	4.22	84.64	88.79	0.00	39	0	42	0.00	0.00	65.09	7.50	0.00	0.00	2000
230	10.95	2107	2096	0.56	196	0	0	3	72.04	0.00	0.00	4.79	84.12	89.05	0.00	39	0	42	0.00	0.00	60.22	7.02	0.00	0.00	2000
227	11.03	2083	2072	0.00	194	0	0	0	nan	0.00	0.00	4.07	83.77	88.97	0.00	39	0	42	0.00	0.00	65.63	7.73	0.00	0.00	2000
229	10.60	2131	2129	0.00	194	0	0	0	nan	0.00	0.00	4.16	86.44	89.40	0.00	39	0	42	0.00	0.00	66.87	7.55	0.00	0.00	2000
229	11.06	2074	2100	0.00	194	0	0	0	nan	0.00	0.00	3.85	85.18	88.94	0.00	39	0	42	0.00	0.00	62.79	7.29	0.00	0.00	2000
231	10.89	2098	2119	0.00	194	0	0	0	nan	0.00	0.00	4.36	85.58	89.11	0.00	39	0	42	0.00	0.00	66.41	7.74	0.00	0.00	2000
226	10.95	2103	2065	0.00	179	0	0	0	nan	0.00	0.02	2.50	85.03	89.05	0.00	39	0	42	0.00	0.00	64.61	7.55	0.00	0.00	2000
230	10.99	2078	2114	0.00	210	0	0	0	nan	0.00	0.00	2.86	86.81	89.01	0.00	39	0	42	0.00	0.00	64.36	7.42	0.00	0.00	2000
232	11.02	2102	2104	0.00	194	0	0	0	nan	0.00	0.00	4.81	84.31	88.98	0.00	39	0	42	0.00	0.00	63.78	7.42	0.00	0.00	2000
227	10.63	2130	2107	0.00	194	0	0	0	nan	0.00	0.00	4.69	84.95	89.37	0.00	39	0	42	0.00	0.00	65.94	7.50	0.00	0.00	2000
228	11.03	2067	2096	0.00	195	0	0	0	nan	0.00	0.01	3.88	84.87	88.97	0.00	39	0	42	0.00	0.00	63.83	7.53	0.00	0.00	2000
232	11.21	2066	2106	0.00	195	0	0	0	nan	0.00	0.00	4.45	84.61	88.79	0.00	39	0	42	0.00	0.00	65.22	7.58	0.00	0.00	2000
228	10.88	2109	2087	0.00	194	0	0	0	nan	0.00	0.00	4.13	84.43	89.12	0.00	39	0	42	0.00	0.00	65.33	7.48	0.00	0.00	2000
231	11.03	2087	2104	0.00	194	0	0	0	nan	0.00	0.00	4.87	84.25	88.97	0.00	39	0	42	0.00	0.00	64.40	7.52	0.00	0.00	2000
226	10.90	2070	2107	0.00	195	0	0	0	nan	0.00	0.00	4.65	84.74	89.10	0.00	39	0	42	0.00	0.00	67.60	7.55	0.00	0.00	2000
226	11.04	2065	2084	0.00	194	0	0	0	nan	0.00	0.00	3.91	84.41	88.96	0.00	39	0	42	0.00	0.00	62.92	7.89	0.00	0.00	2000
237	11.67	2017	2111	0.00	195	0	0	0	nan	0.00	0.00	5.62	83.18	88.33	0.00	39	0	42	0.00	0.00	64.97	7.39	0.00	0.00	2000
231	10.97	2103	2102	0.10	196	0	0	4	54.75	0.00	0.00	3.86	85.19	89.03	0.00	39	0	42	0.00	0.00	65.00	7.48	0.00	0.00	2000
230	11.08	2072	2105	0.74	195	0	0	4	61.60	0.00	0.00	4.58	84.47	88.92	0.00	39	0	42	0.00	0.00	64.97	7.58	0.00	0.00	2000
229	11.05	2091	2085	0.00	195	0	0	0	nan	0.00	0.00	3.22	85.19	88.95	0.00	39	0	42	0.00	0.00	65.29	7.52	0.00	0.00	2000
226	10.78	2094	2106	0.00	194	0	0	0	nan	0.00	0.00	4.92	84.61	89.22	0.00	39	0	42	0.00	0.00	65.62	7.69	0.00	0.00	2000
236	11.26	2105	2089	0.00	198	0	0	0	nan	0.00	0.00	4.44	83.90	88.74	0.00	39	0	42	0.00	0.00	64.45	7.42	0.00	0.00	2000
233	11.26	2053	2119	0.00	195	0	0	0	nan	0.00	0.00	5.02	84.55	88.74	0.00	39	0	42	0.00	0.00	64.69	7.44	0.00	0.00	2000
229	11.15	2056	2094	0.00	198	0	0	0	nan	0.00	0.00	5.30	83.44	88.85	0.00	40	0	42	0.00	0.00	65.75	7.59	0.00	0.00	2000
228	11.19	2036	2105	0.00	195	0	0	0	nan	0.00	0.00	3.95	85.16	88.81	0.00	39	0	42	0.00	0.00	64.45	7.55	0.00	0.00	2000
227	10.96	2072	2096	0.00	194	0	0	0	nan	0.00	0.00	4.36	84.62	89.04	0.00	40	0	42	0.00	0.00	65.48	7.65	0.00	0.00	2000
229	11.16	2066	2087	0.00	194	0	0	0	nan	0.00	0.00	4.15	84.24	88.84	0.00	39	0	42	0.00	0.00	64.13	7.41	0.00	0.00	2000
229	11.11	2052	2111	0.00	196	0	0	0	nan	0.00	0.00	5.34	84.12	88.89	0.00	39	0	42	0.00	0.00	65.15	7.63	0.00	0.00	2000
228	10.99	2083	2094	0.00	194	0	0	0	nan	0.00	0.00	3.97	84.79	89.01	0.00	39	0	42	0.00	0.00	65.28	7.58	0.00	0.00	2000
230	11.14	2049	2115	0.00	195	0	0	0	nan	0.00	0.00	4.33	85.35	88.86	0.00	39	0	42	0.00	0.00	66.17	7.58	0.00	0.00	2000
228	10.82	2119	2084	0.00	178	0	0	0	nan	0.00	0.01	3.06	85.55	89.18	0.00	39	0	42	0.00	0.00	64.72	7.46	0.00	0.00	2000
229	10.93	2085	2113	0.00	211	0	0	0	nan	0.00	0.02	4.39	85.30	89.07	0.00	39	0	42	0.00	0.00	65.34	7.60	0.00	0.00	2000
231	11.15	2093	2082	0.00	196	0	0	0	nan	0.01	0.00	3.77	84.38	88.85	0.00	39	0	43	0.00	0.00	63.00	7.36	0.00	0.00	2000
228	10.44	2158	2124	0.00	194	0	0	0	nan	0.00	0.00	4.58	85.98	89.56	0.00	39	0	42	0.00	0.00	67.44	7.86	0.00	0.00	2000
226	10.87	2100	2083	0.00	180	0	0	2	65.25	0.00	0.00	2.83	85.69	89.13	0.00	39	0	42	0.00	0.00	63.00	7.27	0.00	0.00	2000
230	10.88	2115	2098	0.79	196	0	0	6	56.87	0.00	0.00	2.53	86.55	89.12	0.00	40	0	42	0.00	0.00	65.02	7.57	0.00	0.00	2000
230	10.64	2154	2108	0.00	194	0	0	0	nan	0.00	0.01	2.55	87.12	89.36	0.00	39	0	42	0.00	0.00	62.99	7.38	0.00	0.00	2000
226	10.97	2065	2096	0.00	193	0	0	0	nan	0.00	0.02	2.07	86.90	89.03	0.00	39	0	42	0.00	0.00	66.19	7.83	0.00	0.00	2000
231	11.14	2076	2099	0.00	195	0	0	0	nan	0.00	0.00	2.77	86.08	88.86	0.00	39	0	42	0.00	0.00	65.33	7.58	0.00	0.00	2000
229	11.07	2060	2108	0.00	196	0	0	0	nan	0.00	0.00	3.92	85.45	88.93	0.00	39	0	42	0.00	0.00	65.43	7.84	0.00	0.00	2000
229	11.12	2065	2092	0.00	194	0	0	0	nan	0.00	0.00	3.41	85.24	88.88	0.00	39	0	42	0.00	0.00	64.95	7.64	0.00	0.00	2000
229	10.99	2077	2111	0.00	198	0	0	0	nan	0.00	0.00	4.76	84.76	89.01	0.00	39	0	42	0.00	0.00	65.14	7.78	0.00	0.00	2000
228	11.10	2063	2093	0.00	196	0	0	0	nan	0.00	0.00	4.35	84.33	88.90	0.00	39	0	42	0.00	0.00	64.46	7.55	0.00	0.00	2000
232	11.35	2035	2106	0.00	196	0	0	0	nan	0.00	0.00	4.70	84.29	88.65	0.00	39	0	42	0.00	0.00	65.23	7.69	0.00	0.00	2000
232	11.08	2090	2102	0.00	195	0	0	0	nan	0.00	0.00	4.02	85.00	88.92	0.00	39	0	42	0.00	0.00	65.15	7.59	0.00	0.00	2000
226	11.08	2043	2096	0.00	194	0	0	0	nan	0.00	0.00	4.40	84.37	88.92	0.00	39	0	42	0.00	0.00	64.92	7.51	0.00	0.00	2000
230	11.09	2079	2099	0.00	194	0	0	0	nan	0.00	0.00	4.06	84.85	88.91	0.00	39	0	42	0.00	0.00	65.16	7.57	0.00	0.00	2000
227	10.92	2080	2101	0.00	196	0	0	0	nan	0.00	0.01	4.45	84.69	89.08	0.00	39	0	42	0.00	0.00	65.49	7.80	0.00	0.00	2000
229	10.97	2091	2100	0.00	195	0	0	0	nan	0.00	0.00	4.44	84.52	89.03	0.00	39	0	42	0.00	0.00	64.86	7.46	0.00	0.00	2000
230	11.04	2097	2085	0.00	194	0	0	0	nan	0.00	0.00	3.51	84.86	88.96	0.00	39	0	42	0.00	0.00	64.95	7.54	0.00	0.00	2000
232	11.02	2087	2116	0.00	196	0	0	0	nan	0.00	0.00	5.49	84.23	88.98	0.00	39	0	42	0.00	0.00	65.12	7.35	0.00	0.00	2000
227	11.08	2052	2099	0.00	195	0	0	0	nan	0.00	0.00	3.82	85.11	88.92	0.00	39	0	42	0.00	0.00	65.04	7.41	0.00	0.00	2000
228	10.98	2088	2090	0.85	194	0	0	6	41.42	0.00	0.00	4.09	84.52	89.02	0.00	39	0	42	0.00	0.00	65.17	7.61	0.00	0.00	2000
231	10.86	2118	2110	0.07	195	0	0	0	nan	0.00	0.00	4.57	85.03	89.14	0.00	39	0	42	0.00	0.00	65.40	7.63	0.00	0.00	2000
230	10.93	2099	2105	0.00	194	0	0	0	nan	0.00	0.02	3.70	85.65	89.07	0.00	39	0	42	0.00	0.00	63.38	7.34	0.00	0.00	2000
229	10.83	2108	2107	0.00	178	0	0	0	nan	0.00	0.00	3.06	86.51	89.17	0.00	39	0	42	0.00	0.00	63.77	7.27	0.00	0.00	2000
226	11.11	2103	2027	0.00	194	0	0	0	nan	0.00	0.02	3.15	82.67	88.89	0.00	39	0	42	0.00	0.00	63.98	7.31	0.00	0.00	2000
228	10.66	2073	2168	0.00	210	0	0	0	nan	0.00	0.00	3.80	88.48	89.34	0.00	39	0	42	0.00	0.00	68.17	7.86	0.00	0.00	2000
227	11.08	2064	2086	0.00	194	0	0	0	nan	0.00	0.00	3.95	84.53	88.92	0.00	39	0	42	0.00	0.00	65.11	7.47	0.00	0.00	2000
228	11.16	2062	2081	0.00	195	0	0	0	nan	0.00	0.03	4.36	83.82	88.84	0.00	39	0	42	0.00	0.00	59.46	6.74	0.00	0.00	2000
232	11.22	2039	2131	0.00	195	0	0	0	nan	0.00	0.00	5.36	84.76	88.78	0.00	39	0	42	0.00	0.00	70.59	8.31	0.00	0.00	2000
225	11.08	2053	2074	0.00	194	0	0	0	nan	0.00	0.00	4.60	83.31	88.92	0.00	40	0	42	0.00	0.00	62.32	7.17	0.00	0.00	2000
234	11.02	2091	2129	0.00	198	0	0	0	nan	0.00	0.00	5.15	85.10	88.98	0.00	39	0	42	0.00	0.00	67.96	7.94	0.00	0.00	2000
227	11.19	2026	2097	0.00	194	0	0	0	nan	0.00	0.00	3.49	85.32	88.81	0.00	39	0	42	0.00	0.00	64.92	7.55	0.00	0.00	2000
231	11.37	2034	2100	0.00	195	0	0	0	nan	0.00	0.00	3.69	84.94	88.63	0.00	39	0	42	0.00	0.00	64.49	7.53	0.00	0.00	2000
228	10.89	2099	2096	0.00	194	0	0	0	nan	0.00	0.02	3.73	85.19	89.11	0.00	40	0	42	0.00	0.00	63.47	7.39	0.00	0.00	2000
228	10.99	2075	2095	0.00	193	0	0	0	nan	0.00	0.00	3.76	85.10	89.01	0.00	40	0	42	0.00	0.00	64.78	7.63	0.00	0.00	2000
230	10.86	2101	2112	0.00	195	0	0	0	nan	0.00	0.00	4.02	85.71	89.14	0.00	39	0	42	0.00	0.00	66.06	7.67	0.00	0.00	2000
227	10.89	2096	2087	0.00	195	0	0	0	nan	0.00	0.02	3.28	85.25	89.11	0.00	40	0	42	0.00	0.00	64.57	7.34	0.00	0.00	2000
231	10.81	2132	2101	0.64	179	0	0	6	44.61	0.00	0.04	4.67	84.57	89.19	0.00	40	0	42	0.00	0.00	63.22	7.23	0.00	0.00	2000
238	10.90	2179	2100	0.30	197	0	0	0	nan	0.00	0.00	3.95	85.12	89.10	0.00	39	0	42	0.00	0.00	66.52	7.48	0.00	0.00	2000
227	10.56	2158	2089	0.00	194	0	0	0	nan	0.00	0.02	2.52	86.37	89.44	0.00	39	0	42	0.00	0.00	65.96	7.42	0.00	0.00	2000
230	11.17	2093	2068	0.00	193	0	0	0	nan	0.00	0.02	2.12	85.34	88.83	0.00	39	0	42	0.00	0.00	63.78	7.26	0.00	0.00	2000
227	10.29	2157	2144	0.00	211	0	0	0	nan	0.00	0.01	3.19	88.42	89.71	0.00	39	0	42	0.00	0.00	66.64	7.55	0.00	0.00	2000
231	11.09	2072	2110	0.00	195	0	0	0	nan	0.00	0.00	4.90	84.41	88.91	0.00	40	0	42	0.00	0.00	64.73	7.48	0.00	0.00	2000
228	10.79	2114	2104	0.00	194	0	0	0	nan	0.00	0.00	4.16	85.30	89.21	0.00	39	0	42	0.00	0.00	63.02	7.33	0.00	0.00	2000
227	10.71	2132	2087	0.00	195	0	0	0	nan	0.00	0.00	3.21	85.42	89.29	0.00	39	0	42	0.00	0.00	63.65	7.33	0.00	0.00	2000
228	11.11	2051	2102	0.00	196	0	0	0	nan	0.00	0.00	3.58	85.59	88.89	0.00	40	0	42	0.00	0.00	65.37	7.42	0.00	0.00	2000
231	10.79	2141	2104	0.00	195	0	0	0	nan	0.00	0.01	3.70	85.58	89.21	0.00	40	0	42	0.00	0.00	67.47	7.84	0.00	0.00	2000
229	10.79	2127	2096	0.00	196	0	0	0	nan	0.00	0.00	3.62	85.38	89.21	0.00	39	0	42	0.00	0.00	65.12	7.14	0.00	0.00	2000
232	10.80	2139	2112	0.00	196	0	0	0	nan	0.00	0.03	4.25	85.49	89.20	0.00	39	0	42	0.00	0.00	63.17	7.49	0.00	0.00	2000
226	10.84	2105	2080	0.00	195	0	0	0	nan	0.00	0.00	3.23	85.07	89.16	0.00	39	0	42	0.00	0.00	64.06	7.33	0.00	0.00	2000
231	11.12	2078	2098	0.00	197	0	0	0	nan	0.00	0.00	5.64	83.23	88.88	0.00	39	0	42	0.00	0.00	65.04	7.48	0.00	0.00	2000
232	10.84	2115	2121	0.00	195	0	0	0	nan	0.00	0.00	4.84	85.27	89.16	0.00	39	0	42	0.00	0.00	65.87	7.65	0.00	0.00	2000
227	10.88	2101	2087	0.00	178	0	0	0	nan	0.00	0.02	3.25	85.41	89.12	0.00	39	0	42	0.00	0.00	66.19	7.38	0.00	0.00	2000
233	11.01	2094	2122	0.00	196	0	0	0	nan	0.00	0.03	3.29	86.56	88.99	0.00	40	0	42	0.00	0.00	66.49	7.61	0.00	0.00	2000
224	10.66	2136	2062	0.39	194	0	0	5	52.66	0.00	0.02	3.00	84.82	89.34	0.00	40	0	42	0.00	0.00	64.65	7.34	0.00	0.00	2000
231	11.52	2033	2073	0.51	195	0	0	3	69.53	0.00	0.02	2.49	84.95	88.48	0.00	39	0	42	0.00	0.00	61.67	7.14	0.00	0.00	2000
228	10.56	2109	2148	0.00	210	0	0	0	nan	0.00	0.02	3.49	88.13	89.44	0.00	39	0	42	0.00	0.00	65.54	7.62	0.00	0.00	2000
228	11.13	2042	2107	0.00	195	0	0	0	nan	0.00	0.00	5.26	83.98	88.87	0.00	40	0	42	0.00	0.00	62.52	7.46	0.00	0.00	2000
231	11.17	2068	2103	0.00	195	0	0	0	nan	0.00	0.00	4.08	84.87	88.83	0.00	39	0	42	0.00	0.00	70.19	7.68	0.00	0.00	2000
228	10.93	2090	2093	0.00	194	0	0	0	nan	0.00	0.00	3.61	85.19	89.07	0.00	40	0	42	0.00	0.00	62.32	7.21	0.00	0.00	2000
227	11.16	2036	2101	0.00	194	0	0	0	nan	0.00	0.02	3.80	85.15	88.84	0.00	39	0	42	0.00	0.00	63.97	7.29	0.00	0.00	2000
232	10.78	2133	2114	0.00	195	0	0	0	nan	0.00	0.00	4.59	85.23	89.22	0.00	39	0	42	0.00	0.00	66.88	7.42	0.00	0.00	2000
229	10.73	2136	2100	0.00	178	0	0	0	nan	0.00	0.00	2.66	86.63	89.27	0.00	39	0	42	0.00	0.00	66.62	7.53	0.00	0.00	2000
227	10.50	2190	2069	0.00	194	0	0	0	nan	0.00	0.00	2.82	85.27	89.50	0.00	40	0	42	0.00	0.00	66.06	7.57	0.00	0.00	2000
233	11.01	2092	2125	0.00	193	0	0	0	nan	0.00	0.03	1.95	88.09	88.99	0.00	39	0	42	0.00	0.00	65.74	7.44	0.00	0.00	2000
226	11.08	2038	2097	0.00	194	0	0	0	nan	0.00	0.00	2.61	86.21	88.92	0.00	40	0	42	0.00	0.00	65.73	7.47	0.00	0.00	2000
230	10.99	2082	2106	0.00	195	0	0	0	nan	0.00	0.01	3.08	86.28	89.01	0.00	40	0	42	0.00	0.00	65.17	7.30	0.00	0.00	2000
227	11.13	2048	2094	0.00	194	0	0	0	nan	0.00	0.00	3.50	85.06	88.87	0.00	40	0	42	0.00	0.00	59.67	7.18	0.00	0.00	2000
233	11.12	2086	2107	0.00	195	0	0	0	nan	0.00	0.00	3.84	85.26	88.88	0.00	40	0	42	0.00	0.00	62.90	7.65	0.00	0.00	2000
228	11.08	2072	2086	0.00	194	0	0	0	nan	0.00	0.00	4.33	84.09	88.92	0.00	40	0	42	0.00	0.00	68.43	7.52	0.00	0.00	2000
255	12.39	2059	2103	0.00	197	0	0	0	nan	0.00	0.00	6.36	81.32	87.61	0.00	40	0	42	0.00	0.00	65.01	7.54	0.00	0.00	2000
229	11.42	1996	2105	0.13	196	0	0	6	35.37	0.00	0.01	3.93	85.05	88.58	0.00	40	0	42	0.00	0.00	64.67	7.50	0.00	0.00	2000
229	11.01	2080	2102	0.96	194	0	0	6	42.88	0.00	0.01	3.47	85.59	88.99	0.00	40	0	42	0.00	0.00	64.75	7.63	0.00	0.00	2000
228	11.26	2024	2098	0.00	194	0	0	0	nan	0.00	0.02	3.96	84.74	88.74	0.00	40	0	42	0.00	0.00	65.02	7.53	0.00	0.00	2000
228	10.92	2102	2091	0.00	196	0	0	0	nan	0.00	0.00	3.98	84.74	89.08	0.00	40	0	42	0.00	0.00	65.30	7.38	0.00	0.00	2000
229	11.14	2059	2094	0.00	198	0	0	0	nan	0.00	0.00	5.80	82.90	88.86	0.00	39	0	42	0.00	0.00	66.06	7.69	0.00	0.00	2000
229	11.03	2072	2104	0.00	194	0	0	0	nan	0.00	0.03	4.08	85.16	88.97	0.00	40	0	42	0.00	0.00	64.92	7.69	0.00	0.00	2000
229	10.82	2102	2115	0.00	178	0	0	0	nan	0.00	0.03	3.87	86.05	89.18	0.00	40	0	42	0.00	0.00	66.75	7.88	0.00	0.00	2000
228	11.28	2069	2048	0.00	195	0	0	0	nan	0.00	0.00	3.44	83.23	88.72	0.00	40	0	42	0.00	0.00	62.54	7.26	0.00	0.00	2000
231	11.24	2003	2151	0.00	211	0	0	0	nan	0.00	0.00	4.69	86.33	88.76	0.00	40	0	42	0.00	0.00	65.22	7.75	0.00	0.00	2000
232	11.22	2079	2090	0.00	211	0	0	0	nan	0.00	0.00	7.03	81.38	88.78	0.00	40	0	42	0.00	0.00	65.16	7.90	0.00	0.00	2000
229	10.85	2101	2110	0.00	194	0	0	0	nan	0.00	0.00	4.75	84.89	89.15	0.00	40	0	42	0.00	0.00	65.80	7.81	0.00	0.00	2000
230	10.94	2098	2104	0.00	195	0	0	0	nan	0.00	0.00	3.73	85.64	89.06	0.00	39	0	42	0.00	0.00	66.22	7.97	0.00	0.00	2000
227	10.85	2098	2093	0.00	179	0	0	0	nan	0.00	0.00	3.17	85.72	89.15	0.00	39	0	42	0.00	0.00	65.30	7.49	0.00	0.00	2000
230	10.85	2133	2089	0.00	195	0	0	0	nan	0.00	0.02	3.02	85.71	89.15	0.00	40	0	42	0.00	0.00	60.10	7.41	0.00	0.00	2000
229	10.73	2127	2106	0.00	193	0	0	0	nan	0.00	0.00	1.85	87.61	89.27	0.00	40	0	42	0.00	0.00	66.40	7.71	0.00	0.00	2000
232	10.91	2118	2111	0.00	194	0	0	0	nan	0.00	0.00	3.10	86.44	89.09	0.00	40	0	42	0.00	0.00	65.79	7.82	0.00	0.00	2000
228	10.88	2097	2100	0.00	195	0	0	0	nan	0.00	0.02	4.20	84.88	89.12	0.00	39	0	42	0.00	0.00	65.83	7.87	0.00	0.00	2000
228	10.93	2088	2098	0.00	194	0	0	2	52.18	0.00	0.00	3.71	85.29	89.07	0.00	40	0	42	0.00	0.00	64.85	7.74	0.00	0.00	2000
227	11.15	2043	2095	1.07	194	0	0	10	35.40	0.00	0.00	4.07	84.64	88.85	0.00	40	0	42	0.00	0.00	64.68	7.71	0.00	0.00	2000
230	11.03	2089	2093	0.00	195	0	0	0	nan	0.00	0.00	3.87	84.91	88.97	0.00	40	0	42	0.00	0.00	65.49	7.78	0.00	0.00	2000
231	11.14	2063	2110	0.00	198	0	0	0	nan	0.00	0.01	5.31	84.00	88.86	0.00	40	0	42	0.00	0.00	65.11	7.81	0.00	0.00	2000
230	11.22	2050	2103	0.00	198	0	0	0	nan	0.00	0.00	6.05	82.96	88.78	0.00	40	0	42	0.00	0.00	64.77	7.59	0.00	0.00	2000
228	11.12	2053	2098	0.00	198	0	0	0	nan	0.00	0.00	6.76	82.12	88.88	0.00	40	0	42	0.00	0.00	65.28	7.67	0.00	0.00	2000
228	10.99	2086	2088	0.00	198	0	0	0	nan	0.00	0.00	5.83	82.74	89.01	0.00	40	0	42	0.00	0.00	65.37	7.78	0.00	0.00	2000
231	11.26	2041	2107	0.00	202	0	0	0	nan	0.00	0.00	7.30	81.80	88.74	0.00	40	0	42	0.00	0.00	64.31	7.65	0.00	0.00	2000
231	10.98	2111	2096	0.00	197	0	0	0	nan	0.00	0.00	6.89	81.94	89.02	0.00	40	0	42	0.00	0.00	65.22	7.69	0.00	0.00	2000
230	11.23	2042	2105	0.00	198	0	0	0	nan	0.00	0.00	6.41	82.59	88.77	0.00	39	0	42	0.00	0.00	64.80	7.63	0.00	0.00	2000
228	10.94	2084	2104	0.00	198	0	0	0	nan	0.00	0.00	6.32	83.01	89.06	0.00	40	0	42	0.00	0.00	65.27	7.52	0.00	0.00	2000
230	10.83	2136	2086	0.00	199	0	0	0	nan	0.00	0.00	5.64	82.89	89.17	0.00	40	0	42	0.00	0.00	65.45	7.66	0.00	0.00	2000
231	11.09	2070	2116	0.00	203	0	0	0	nan	0.00	0.00	7.40	82.18	88.91	0.00	40	0	42	0.00	0.00	65.01	7.58	0.00	0.00	2000
227	11.15	2039	2097	0.00	199	0	0	0	nan	0.00	0.00	5.61	83.17	88.85	0.00	40	0	42	0.00	0.00	65.10	7.71	0.00	0.00	2000
230	11.06	2084	2093	0.00	199	0	0	0	nan	0.00	0.00	6.21	82.47	88.94	0.00	40	0	42	0.00	0.00	65.54	7.73	0.00	0.00	2000
230	10.97	2093	2103	0.00	200	0	0	0	nan	0.00	0.00	4.37	84.89	89.03	0.00	40	0	42	0.00	0.00	65.85	7.66	0.00	0.00	2000
231	11.16	2096	2075	0.00	183	0	0	0	nan	0.00	0.02	3.54	84.27	88.84	0.00	40	0	42	0.00	0.00	63.94	7.49	0.00	0.00	2000
229	10.72	2118	2122	0.00	230	0	0	0	nan	0.00	0.49	8.68	81.08	89.28	0.00	40	0	42	0.00	0.00	66.07	7.77	0.00	0.00	2000
229	11.26	2028	2105	1.08	201	0	0	9	22.93	0.00	0.03	7.05	81.95	88.74	0.00	39	0	42	0.00	0.00	64.54	7.59	0.00	0.00	2000
230	10.90	2104	2102	0.06	199	0	0	0	nan	0.00	0.00	6.99	82.29	89.10	0.00	40	0	42	0.00	0.00	66.05	7.84	0.00	0.00	2000
226	10.88	2094	2081	0.00	198	0	0	0	nan	0.00	0.00	5.88	82.53	89.12	0.00	40	0	42	0.00	0.00	62.66	7.39	0.00	0.00	2000
231	10.90	2098	2122	0.00	182	0	0	0	nan	0.00	0.00	7.09	82.97	89.10	0.00	40	0	42	0.00	0.00	67.25	7.60	0.00	0.00	2000
230	10.94	2111	2094	0.00	198	0	0	0	nan	0.00	0.01	6.37	82.54	89.06	0.00	40	0	42	0.00	0.00	61.88	7.53	0.00	0.00	2000
227	10.96	2096	2073	0.00	203	0	0	0	nan	0.00	0.00	5.87	82.08	89.04	0.00	40	0	42	0.00	0.00	65.36	7.59	0.00	0.00	2000
237	11.18	2081	2136	0.00	204	0	0	0	nan	0.00	0.01	5.80	84.54	88.82	0.00	40	0	42	0.00	0.00	66.61	7.75	0.00	0.00	2000
227	10.92	2089	2086	0.00	198	0	0	0	nan	0.00	0.03	5.07	83.51	89.08	0.00	40	0	42	0.00	0.00	65.97	7.66	0.00	0.00	2000
229	10.90	2105	2099	0.00	198	0	0	0	nan	0.00	0.00	4.16	84.91	89.10	0.00	40	0	42	0.00	0.00	65.28	7.65	0.00	0.00	2000
230	10.98	2083	2113	0.00	199	0	0	0	nan	0.00	0.00	4.48	85.12	89.02	0.00	40	0	42	0.00	0.00	66.12	7.80	0.00	0.00	2000
232	11.16	2075	2102	0.00	204	0	0	0	nan	0.00	0.00	6.33	82.57	88.84	0.00	40	0	42	0.00	0.00	62.23	7.75	0.00	0.00	2000
228	11.04	2074	2092	0.00	198	0	0	0	nan	0.00	0.00	5.06	83.65	88.96	0.00	40	0	42	0.00	0.00	68.29	7.68	0.00	0.00	2000
230	10.81	2126	2106	0.00	198	0	0	0	nan	0.00	0.80	4.74	83.98	89.19	0.00	40	0	42	0.00	0.00	65.89	7.54	0.00	0.00	2000
230	10.73	2139	2103	0.00	199	0	0	0	nan	0.01	0.00	5.23	84.21	89.27	0.00	40	0	42	0.00	0.00	64.66	7.61	0.00	0.00	2000
226	11.05	2102	2046	0.00	183	0	0	0	nan	0.00	0.00	5.55	81.09	88.95	0.00	40	0	42	0.00	0.00	62.58	7.34	0.00	0.00	2000
240	11.15	2095	2155	0.00	220	0	0	0	nan	0.00	2.72	7.02	81.50	88.85	0.00	40	0	42	0.00	0.00	69.22	8.06	0.00	0.00	2000
227	10.98	2083	2086	0.00	198	0	0	0	nan	0.00	0.21	7.64	80.70	89.02	0.00	40	0	42	0.00	0.00	65.60	7.67	0.00	0.00	2000
230	10.81	2116	2108	0.71	198	0	0	10	29.29	0.00	0.00	7.10	82.30	89.19	0.00	40	0	42	0.00	0.00	65.98	7.79	0.00	0.00	2000
228	10.85	2110	2093	0.47	199	0	0	1	81.82	0.00	0.00	7.02	81.87	89.15	0.00	40	0	42	0.00	0.00	63.25	7.51	0.00	0.00	2000
230	10.86	2110	2109	0.00	182	0	0	0	nan	0.00	0.00	5.95	83.64	89.14	0.00	40	0	42	0.00	0.00	64.09	7.43	0.00	0.00	2000
228	10.89	2102	2096	0.00	214	0	0	0	nan	0.00	0.00	6.02	83.01	89.11	0.00	40	0	42	0.00	0.00	64.34	7.67	0.00	0.00	2000
229	10.89	2114	2091	0.00	203	0	0	0	nan	0.00	0.01	6.06	82.61	89.11	0.00	40	0	42	0.00	0.00	64.66	7.56	0.00	0.00	2000
231	11.03	2082	2111	0.00	200	0	0	0	nan	0.00	0.00	6.52	82.89	88.97	0.00	40	0	42	0.00	0.00	67.79	7.89	0.00	0.00	2000
227	11.18	2034	2101	0.00	198	0	0	0	nan	0.00	0.00	5.39	83.62	88.82	0.00	40	0	42	0.00	0.00	67.87	7.83	0.00	0.00	2000
231	11.17	2069	2102	0.00	198	0	0	0	nan	0.00	0.00	4.83	84.16	88.83	0.00	40	0	42	0.00	0.00	62.98	7.15	0.00	0.00	2000
228	10.99	2074	2098	0.00	201	0	0	0	nan	0.00	0.00	6.27	82.66	89.01	0.00	40	0	42	0.00	0.00	67.58	7.89	0.00	0.00	2000
232	11.21	2079	2094	0.00	205	0	0	0	nan	0.00	0.04	5.11	83.48	88.79	0.00	40	0	42	0.00	0.00	65.50	7.51	0.00	0.00	2000
230	10.92	2114	2094	0.00	200	0	0	0	nan	0.00	0.00	5.65	83.22	89.08	0.00	40	0	42	0.00	0.00	60.47	7.33	0.00	0.00	2000
231	11.07	2072	2115	0.00	198	0	0	0	nan	0.00	0.00	6.74	82.79	88.93	0.00	40	0	42	0.00	0.00	68.32	7.93	0.00	0.00	2000
222	10.67	2158	2025	0.00	197	0	0	0	nan	0.00	0.00	5.67	80.42	89.33	0.00	39	0	42	0.00	0.00	61.68	7.41	0.00	0.00	2000
237	10.96	2084	2178	0.00	215	0	0	0	nan	0.00	0.02	6.26	86.14	89.04	0.00	40	0	42	0.00	0.00	67.88	7.82	0.00	0.00	2000
230	10.71	2145	2098	0.00	197	0	0	0	nan	0.00	0.00	3.64	85.55	89.29	0.00	40	0	42	0.00	0.00	65.20	7.73	0.00	0.00	2000
229	10.57	2168	2095	0.00	178	0	0	0	nan	0.00	0.00	3.36	85.85	89.43	0.00	40	0	42	0.00	0.00	67.03	7.65	0.00	0.00	2000
225	10.64	2132	2082	0.00	195	0	0	0	nan	0.00	0.02	2.26	86.37	89.36	0.00	40	0	42	0.00	0.00	65.72	7.68	0.00	0.00	2000
234	11.11	2072	2132	0.49	194	0	0	9	32.57	0.01	0.01	1.85	88.43	88.89	0.00	40	0	42	0.00	0.00	67.18	7.82	0.00	0.00	2000
227	11.03	2066	2094	0.68	195	0	0	4	53.27	0.00	0.00	3.40	85.39	88.97	0.00	40	0	42	0.00	0.00	64.26	7.29	0.00	0.00	2000
234	11.06	2113	2100	0.00	225	0	0	0	nan	0.00	0.00	3.89	85.12	88.94	0.00	40	0	42	0.00	0.00	67.75	7.97	0.00	0.00	2000
229	10.84	2126	2090	0.00	194	0	0	0	nan	0.00	0.02	3.49	85.32	89.16	0.00	40	0	42	0.00	0.00	63.92	7.31	0.00	0.00	2000
231	11.09	2072	2112	0.00	194	0	0	0	nan	0.00	0.00	4.45	84.99	88.91	0.00	40	0	42	0.00	0.00	65.64	7.74	0.00	0.00	2000
227	11.09	2051	2093	0.00	195	0	0	0	nan	0.00	0.00	4.38	84.32	88.91	0.00	40	0	42	0.00	0.00	65.08	7.65	0.00	0.00	2000
230	10.92	2099	2106	0.00	194	0	0	0	nan	0.00	0.00	3.70	85.64	89.08	0.00	40	0	42	0.00	0.00	66.01	7.64	0.00	0.00	2000
231	11.12	2081	2095	0.00	195	0	0	0	nan	0.00	0.00	3.80	84.96	88.88	0.00	39	0	42	0.00	0.00	63.14	7.29	0.00	0.00	2000
227	10.97	2083	2088	0.00	195	0	0	0	nan	0.00	0.00	3.74	84.83	89.03	0.00	40	0	42	0.00	0.00	65.96	7.64	0.00	0.00	2000
229	11.16	2037	2113	0.00	195	0	0	0	nan	0.00	0.00	4.32	85.08	88.84	0.00	40	0	42	0.00	0.00	68.78	8.01	0.00	0.00	2000
230	10.99	2092	2102	0.00	194	0	0	0	nan	0.00	0.00	3.71	85.34	89.01	0.00	40	0	42	0.00	0.00	63.60	7.15	0.00	0.00	2000
227	10.85	2101	2092	0.00	195	0	0	0	nan	0.00	0.00	3.97	84.84	89.15	0.00	40	0	42	0.00	0.00	66.17	7.57	0.00	0.00	2000
233	11.05	2103	2106	0.00	197	0	0	0	nan	0.00	0.00	5.66	83.52	88.95	0.00	40	0	42	0.00	0.00	65.64	7.54	0.00	0.00	2000
228	10.93	2089	2094	0.00	199	0	0	0	nan	0.00	0.02	4.60	84.14	89.07	0.00	40	0	42	0.00	0.00	66.18	7.73	0.00	0.00	2000
230	11.36	2023	2105	0.00	194	0	0	0	nan	0.00	0.03	4.28	84.67	88.64	0.00	40	0	42	0.00	0.00	64.66	7.59	0.00	0.00	2000
239	11.58	2055	2103	0.00	196	0	0	0	nan	0.00	0.00	5.12	83.50	88.42	0.00	40	0	42	0.00	0.00	65.58	8.17	0.00	0.00	2000
228	11.08	2062	2098	0.00	195	0	0	0	nan	0.00	0.00	4.20	84.74	88.92	0.00	40	0	43	0.00	0.00	65.26	7.24	0.00	0.00	2000
229	10.94	2096	2094	0.13	195	0	0	6	34.48	0.00	0.00	4.56	84.29	89.06	0.00	40	0	42	0.00	0.00	66.24	7.69	0.00	0.00	2000
231	11.13	2072	2107	0.94	199	0	0	6	43.26	0.00	0.00	5.93	83.37	88.87	0.00	40	0	42	0.00	0.00	67.92	7.96	0.00	0.00	2000
228	11.24	2028	2101	0.00	195	0	0	0	nan	0.00	0.01	4.06	84.86	88.76	0.00	40	0	42	0.00	0.00	62.97	7.33	0.00	0.00	2000
228	11.09	2055	2100	0.00	195	0	0	0	nan	0.00	0.00	4.00	85.01	88.91	0.00	40	0	42	0.00	0.00	68.31	8.07	0.00	0.00	2000
227	11.11	2044	2100	0.00	196	0	0	0	nan	0.00	0.03	3.51	85.37	88.89	0.00	39	0	42	0.00	0.00	62.70	7.37	0.00	0.00	2000
227	11.05	2067	2084	0.00	195	0	0	0	nan	0.00	0.00	3.20	85.11	88.95	0.00	39	0	42	0.00	0.00	65.88	7.48	0.00	0.00	2000
232	11.41	2020	2114	0.00	196	0	0	0	nan	0.00	0.00	3.98	85.25	88.59	0.00	40	0	42	0.00	0.00	65.41	7.58	0.00	0.00	2000
229	11.26	2047	2089	0.00	195	0	0	0	nan	0.00	0.00	3.84	84.57	88.74	0.00	40	0	42	0.00	0.00	65.40	7.61	0.00	0.00	2000
225	10.94	2060	2100	0.00	195	0	0	0	nan	0.00	0.00	4.36	84.83	89.06	0.00	40	0	42	0.00	0.00	66.44	7.77	0.00	0.00	2000
231	11.34	2025	2111	0.00	198	0	0	0	nan	0.00	0.00	5.58	83.64	88.66	0.00	40	0	42	0.00	0.00	65.02	7.45	0.00	0.00	2000
228	10.83	2103	2099	0.00	195	0	0	0	nan	0.00	0.00	4.79	84.41	89.17	0.00	40	0	42	0.00	0.00	66.35	7.73	0.00	0.00	2000
225	11.11	2063	2064	0.00	195	0	0	0	nan	0.00	0.00	4.14	83.28	88.89	0.00	40	0	42	0.00	0.00	62.74	7.31	0.00	0.00	2000
231	11.04	2058	2133	0.00	195	0	0	0	nan	0.00	0.00	3.24	87.23	88.96	0.00	40	0	42	0.00	0.00	65.75	7.68	0.00	0.00	2000
226	10.96	2079	2082	0.00	195	0	0	0	nan	0.00	0.02	3.83	84.59	89.04	0.00	40	0	42	0.00	0.00	66.79	7.95	0.00	0.00	2000
228	10.69	2130	2104	0.00	196	0	0	0	nan	0.00	0.00	1.74	87.78	89.31	0.00	39	0	42	0.00	0.00	62.94	7.49	0.00	0.00	2000
232	11.09	2069	2123	0.00	195	0	0	0	nan	0.00	0.00	1.90	88.09	88.91	0.00	40	0	42	0.00	0.00	66.76	7.73	0.00	0.00	2000
226	11.37	2056	2034	0.00	199	0	0	0	nan	0.00	0.01	3.26	82.72	88.63	0.00	40	0	42	0.00	0.00	62.38	7.45	0.00	0.00	2000
231	10.68	2100	2162	0.00	213	0	0	5	37.41	0.00	0.00	3.79	88.17	89.32	0.00	40	0	42	0.00	0.00	68.96	8.04	0.00	0.00	2000
231	10.83	2122	2110	1.04	196	0	0	8	37.56	0.00	0.03	3.64	85.86	89.17	0.00	40	0	43	0.00	0.00	66.30	7.71	0.00	0.00	2000
228	11.23	2042	2091	0.00	194	0	0	0	nan	0.00	0.00	3.69	84.69	88.77	0.00	40	0	42	0.00	0.00	64.51	7.54	0.00	0.00	2000
229	11.16	2043	2108	0.00	195	0	0	0	nan	0.00	0.00	3.61	85.55	88.84	0.00	40	0	42	0.00	0.00	65.54	7.59	0.00	0.00	2000
232	11.09	2088	2101	0.00	197	0	0	0	nan	0.00	0.00	4.23	84.79	88.91	0.00	40	0	42	0.00	0.00	65.79	7.74	0.00	0.00	2000
226	11.12	2040	2096	0.00	194	0	0	0	nan	0.00	0.00	3.62	85.16	88.88	0.00	40	0	42	0.00	0.00	64.95	7.57	0.00	0.00	2000
232	10.86	2124	2108	0.00	195	0	0	0	nan	0.00	0.00	4.10	85.46	89.14	0.00	40	0	42	0.00	0.00	67.05	7.64	0.00	0.00	2000
225	10.76	2112	2078	0.00	179	0	0	0	nan	0.00	0.01	3.25	85.12	89.24	0.00	40	0	42	0.00	0.00	63.63	7.57	0.00	0.00	2000
232	11.03	2087	2120	0.00	195	0	0	0	nan	0.00	0.00	2.89	86.90	88.97	0.00	40	0	42	0.00	0.00	63.94	7.67	0.00	0.00	2000
226	11.03	2071	2075	0.00	196	0	0	0	nan	0.00	0.00	2.82	85.15	88.97	0.00	40	0	42	0.00	0.00	64.08	7.55	0.00	0.00	2000
233	10.75	2139	2131	0.00	195	0	0	0	nan	0.00	0.00	2.74	87.76	89.25	0.00	40	0	42	0.00	0.00	67.15	7.90	0.00	0.00	2000
225	10.75	2115	2081	0.00	194	0	0	0	nan	0.00	0.00	3.28	85.25	89.25	0.00	39	0	42	0.00	0.00	66.73	7.83	0.00	0.00	2000
228	10.92	2086	2097	0.00	196	0	0	0	nan	0.00	0.00	3.29	85.81	89.08	0.00	40	0	42	0.00	0.00	65.57	7.67	0.00	0.00	2000
229	10.95	2084	2103	0.00	196	0	0	0	nan	0.00	0.00	4.47	84.87	89.05	0.00	40	0	42	0.00	0.00	66.02	7.69	0.00	0.00	2000
230	11.23	2043	2109	0.00	196	0	0	0	nan	0.00	0.00	4.66	84.55	88.77	0.00	40	0	42	0.00	0.00	64.84	7.67	0.00	0.00	2000
230	11.28	2034	2102	0.00	196	0	0	0	nan	0.00	0.00	3.68	85.20	88.72	0.00	40	0	42	0.00	0.00	62.34	7.61	0.00	0.00	2000
230	11.16	2060	2099	0.00	194	0	0	0	nan	0.00	0.00	3.87	85.05	88.84	0.00	39	0	42	0.00	0.00	68.54	7.87	0.00	0.00	2000
226	10.73	2112	2094	0.00	196	0	0	0	87.25	0.00	0.00	4.01	85.05	89.27	0.00	40	0	42	0.00	0.00	66.18	7.58	0.00	0.00	2000
230	10.86	2110	2109	1.10	194	0	0	11	31.98	0.00	0.00	3.70	85.88	89.14	0.00	40	0	42	0.00	0.00	65.98	7.30	0.00	0.00	2000
227	10.95	2127	2047	0.01	181	0	0	0	nan	0.00	0.02	2.93	83.85	89.05	0.00	40	0	42	0.00	0.00	60.53	7.32	0.00	0.00	2000
231	10.88	2070	2153	0.00	212	0	0	0	nan	0.00	0.01	3.81	87.56	89.12	0.00	40	0	42	0.00	0.00	68.94	8.09	0.00	0.00	2000
228	10.71	2134	2098	0.00	195	0	0	0	nan	0.00	0.00	4.95	84.26	89.29	0.00	40	0	42	0.00	0.00	66.84	7.67	0.00	0.00	2000
228	10.98	2080	2093	0.00	194	0	0	0	nan	0.00	0.00	3.92	84.86	89.02	0.00	40	0	42	0.00	0.00	65.28	7.72	0.00	0.00	2000
228	10.84	2112	2094	0.00	194	0	0	0	nan	0.00	0.00	4.35	84.53	89.16	0.00	39	0	42	0.00	0.00	63.24	7.36	0.00	0.00	2000
229	11.13	2049	2111	0.00	195	0	0	0	nan	0.00	0.00	4.35	85.07	88.87	0.00	40	0	42	0.00	0.00	67.23	7.94	0.00	0.00	2000
230	11.05	2082	2097	0.00	196	0	0	0	nan	0.00	0.00	4.87	84.01	88.95	0.00	40	0	42	0.00	0.00	65.60	7.46	0.00	0.00	2000
229	10.85	2112	2096	0.00	194	0	0	0	nan	0.00	0.00	4.06	85.02	89.15	0.00	40	0	42	0.00	0.00	63.57	7.34	0.00	0.00	2000
228	10.89	2086	2110	0.00	178	0	0	0	nan	0.01	0.00	4.26	85.44	89.11	0.00	40	0	42	0.00	0.00	63.94	7.34	0.00	0.00	2000
226	10.71	2127	2083	0.00	194	0	0	0	nan	0.00	0.00	3.12	85.47	89.29	0.00	40	0	42	0.00	0.00	66.09	7.79	0.00	0.00	2000
230	11.04	2073	2111	0.00	193	0	0	0	nan	0.00	0.02	1.91	87.58	88.96	0.00	40	0	42	0.00	0.00	66.51	7.61	0.00	0.00	2000
230	10.92	2094	2109	0.00	196	0	0	0	nan	0.00	0.02	1.94	87.57	89.08	0.00	40	0	42	0.00	0.00	65.98	7.64	0.00	0.00	2000
232	11.49	2092	2026	0.00	197	0	0	0	nan	0.00	0.02	2.69	82.76	88.51	0.00	40	0	42	0.00	0.00	63.62	7.49	0.00	0.00	2000
232	10.84	2061	2177	0.00	209	0	0	0	nan	0.00	0.00	2.88	89.60	89.16	0.00	40	0	42	0.00	0.00	68.25	7.99	0.00	0.00	2000
227	11.08	2049	2100	0.00	195	0	0	0	nan	0.00	0.01	2.34	86.73	88.92	0.00	40	0	42	0.00	0.00	65.54	7.75	0.00	0.00	2000
228	10.94	2088	2096	0.00	195	0	0	0	nan	0.00	0.00	2.82	86.08	89.06	0.00	40	0	42	0.00	0.00	64.79	7.52	0.00	0.00	2000
230	10.93	2105	2095	0.99	195	0	0	10	26.33	0.00	0.00	2.40	86.41	89.07	0.00	40	0	42	0.00	0.00	66.62	7.82	0.00	0.00	2000
230	11.10	2064	2110	0.18	194	0	0	0	nan	0.00	0.00	3.40	85.99	88.90	0.00	40	0	42	0.00	0.00	66.43	7.72	0.00	0.00	2000
227	10.69	2126	2096	0.00	194	0	0	0	nan	0.00	0.00	4.39	84.75	89.31	0.00	40	0	42	0.00	0.00	64.00	7.39	0.00	0.00	2000
229	10.80	2124	2100	0.00	195	0	0	0	nan	0.00	0.01	3.65	85.56	89.20	0.00	39	0	42	0.00	0.00	66.10	7.68	0.00	0.00	2000
225	10.72	2117	2085	0.00	195	0	0	0	nan	0.00	0.00	3.77	84.86	89.28	0.00	39	0	42	0.00	0.00	65.22	7.39	0.00	0.00	2000
232	11.51	2003	2117	0.00	197	0	0	0	nan	0.00	0.04	6.57	82.68	88.49	0.00	40	0	42	0.00	0.00	67.33	7.89	0.00	0.00	2000
232	11.18	2077	2099	0.00	206	0	0	0	nan	0.00	0.00	6.77	82.04	88.82	0.00	40	0	42	0.00	0.00	63.56	7.43	0.00	0.00	2000
229	10.74	2140	2091	0.00	199	0	0	0	nan	0.00	0.00	4.43	84.50	89.26	0.00	40	0	42	0.00	0.00	65.91	7.67	0.00	0.00	2000
230	11.12	2060	2108	0.00	198	0	0	0	nan	0.00	0.01	4.11	85.07	88.88	0.00	40	0	42	0.00	0.00	65.61	7.64	0.00	0.00	2000
228	10.90	2100	2087	0.00	198	0	0	0	nan	0.00	0.48	6.21	82.02	89.10	0.00	40	0	42	0.00	0.00	65.92	7.75	0.00	0.00	2000
228	11.05	2074	2092	0.00	197	0	0	0	nan	0.00	0.00	6.55	82.07	88.95	0.00	40	0	42	0.00	0.00	62.88	7.25	0.00	0.00	2000
232	10.97	2120	2099	0.00	187	0	0	0	nan	0.00	0.03	7.31	81.66	89.03	0.00	40	0	42	0.00	0.00	66.08	7.60	0.00	0.00	2000
232	11.02	2083	2124	0.00	213	0	0	0	nan	0.00	0.00	7.71	82.37	88.98	0.00	40	0	42	0.00	0.00	66.10	7.69	0.00	0.00	2000
229	10.83	2125	2091	0.00	182	0	0	0	nan	0.00	0.00	5.65	83.22	89.17	0.00	40	0	42	0.00	0.00	66.35	7.65	0.00	0.00	2000
231	10.64	2157	2112	0.00	198	0	0	0	nan	0.00	0.02	5.69	84.15	89.36	0.00	39	0	42	0.00	0.00	67.94	7.80	0.00	0.00	2000
226	10.82	2114	2074	0.00	198	0	0	0	nan	0.00	0.02	4.41	83.75	89.18	0.00	40	0	42	0.00	0.00	65.83	7.61	0.00	0.00	2000
230	10.82	2131	2097	0.00	199	0	0	0	nan	0.00	0.02	4.44	84.64	89.18	0.00	40	0	42	0.00	0.00	63.43	7.13	0.00	0.00	2000
229	10.76	2131	2099	0.60	202	0	0	10	31.50	0.00	0.02	4.69	84.47	89.24	0.00	40	0	42	0.00	0.00	65.60	7.68	0.00	0.00	2000
225	11.30	2054	2040	0.51	198	0	0	2	64.03	0.00	0.00	3.36	82.91	88.70	0.00	40	0	42	0.00	0.00	61.03	7.39	0.00	0.00	2000
236	10.87	2073	2201	0.00	215	0	0	0	nan	0.00	0.02	3.79	89.78	89.13	0.00	39	0	42	0.00	0.00	71.26	7.83	0.00	0.00	2000
226	10.81	2103	2089	0.00	199	0	0	0	nan	0.00	0.02	3.66	85.05	89.19	0.00	40	0	42	0.00	0.00	67.78	7.78	0.00	0.00	2000
231	10.86	2148	2075	0.00	203	0	0	0	nan	0.00	0.03	3.77	84.30	89.14	0.00	40	0	42	0.00	0.00	65.62	7.66	0.00	0.00	2000
231	11.09	2063	2118	0.00	198	0	0	0	nan	0.00	0.02	2.54	87.12	88.91	0.00	40	0	42	0.00	0.00	64.42	7.29	0.00	0.00	2000
229	10.94	2092	2102	0.00	198	0	0	0	nan	0.00	0.00	4.00	85.26	89.06	0.00	40	0	42	0.00	0.00	66.51	7.67	0.00	0.00	2000
230	10.83	2118	2107	0.00	199	0	0	0	nan	0.00	0.52	5.65	83.25	89.17	0.00	39	0	42	0.00	0.00	65.94	7.83	0.00	0.00	2000
230	11.35	2030	2098	0.00	199	0	0	0	nan	0.00	0.00	7.33	81.35	88.65	0.00	40	0	42	0.00	0.00	65.61	7.61	0.00	0.00	2000
238	11.76	2034	2090	0.00	202	0	0	0	nan	0.00	0.00	7.38	80.57	88.24	0.00	40	0	42	0.00	0.00	63.60	7.30	0.00	0.00	2000
231	11.07	2078	2107	0.00	203	0	0	0	nan	0.00	0.00	7.17	82.10	88.93	0.00	40	0	42	0.00	0.00	66.01	7.62	0.00	0.00	2000
229	10.89	2101	2101	0.00	199	0	0	0	nan	0.00	0.00	6.71	82.52	89.11	0.00	40	0	42	0.00	0.00	65.70	7.66	0.00	0.00	2000
227	11.04	2068	2083	0.00	198	0	0	0	nan	0.00	0.00	5.53	82.85	88.96	0.00	40	0	42	0.00	0.00	66.12	7.73	0.00	0.00	2000
232	11.03	2069	2131	0.00	182	0	0	0	nan	0.00	0.02	6.16	84.27	88.97	0.00	40	0	42	0.00	0.00	67.26	7.91	0.00	0.00	2000
227	11.11	2059	2087	0.00	198	0	0	0	nan	0.00	0.00	4.65	83.87	88.89	0.00	40	0	42	0.00	0.00	63.22	7.35	0.00	0.00	2000
234	11.38	2052	2106	0.00	208	0	0	0	nan	0.00	0.00	6.73	82.28	88.62	0.00	40	0	42	0.00	0.00	66.29	7.74	0.00	0.00	2000
227	11.10	2059	2087	0.00	201	0	0	0	nan	0.00	0.01	4.80	83.60	88.90	0.00	40	0	42	0.00	0.00	65.22	7.49	0.00	0.00	2000
229	11.04	2064	2108	0.37	197	0	0	8	34.13	0.00	0.02	3.16	86.27	88.96	0.00	40	0	42	0.00	0.00	64.85	7.62	0.00	0.00	2000
229	11.30	2076	2052	0.75	198	0	0	5	47.44	0.00	0.02	3.44	83.37	88.70	0.00	40	0	42	0.00	0.00	65.08	7.35	0.00	0.00	2000
229	11.01	2026	2151	0.00	215	0	0	0	nan	0.00	0.02	4.98	86.35	88.99	0.00	40	0	42	0.00	0.00	65.68	7.68	0.00	0.00	2000
231	11.13	2077	2103	0.00	203	0	0	0	nan	0.00	0.79	4.04	84.29	88.87	0.00	40	0	42	0.00	0.00	65.97	7.63	0.00	0.00	2000
226	10.95	2096	2068	0.00	199	0	0	0	nan	0.00	0.00	6.44	81.29	89.05	0.00	40	0	42	0.00	0.00	64.76	7.58	0.00	0.00	2000
224	11.12	2069	2045	0.00	197	0	0	0	nan	0.00	0.00	6.19	80.36	88.88	0.00	40	0	42	0.00	0.00	65.78	7.54	0.00	0.00	2000
229	10.92	2042	2157	0.00	214	0	0	0	nan	0.00	0.00	5.22	86.28	89.08	0.00	40	0	42	0.00	0.00	69.58	8.04	0.00	0.00	2000
235	10.85	2144	2122	0.00	219	0	0	0	nan	0.00	0.03	4.22	85.74	89.15	0.00	40	0	42	0.00	0.00	64.46	7.55	0.00	0.00	2000
233	11.23	2075	2097	0.00	214	0	0	0	nan	0.00	0.00	9.99	78.66	88.77	0.00	40	0	42	0.00	0.00	64.90	7.61	0.00	0.00	2000
227	10.98	2061	2110	0.00	198	0	0	0	nan	0.00	0.00	7.09	82.40	89.02	0.00	40	0	42	0.00	0.00	65.52	7.61	0.00	0.00	2000
224	11.02	2067	2068	0.00	199	0	0	0	nan	0.00	0.00	6.44	81.22	88.98	0.00	40	0	42	0.00	0.00	64.51	7.53	0.00	0.00	2000
226	11.21	2064	2048	0.00	199	0	0	0	nan	0.00	0.00	5.44	81.26	88.79	0.00	40	0	42	0.00	0.00	62.92	7.26	0.00	0.00	2000
231	10.97	2092	2114	0.00	223	0	0	0	nan	0.00	0.02	6.05	83.57	89.03	0.00	40	0	42	0.00	0.00	66.19	7.80	0.00	0.00	2000
228	11.03	2070	2096	0.00	214	0	0	0	nan	0.00	0.00	4.05	84.76	88.97	0.00	40	0	42	0.00	0.00	65.17	7.66	0.00	0.00	2000
232	10.88	2051	2186	0.00	215	0	0	0	nan	0.00	0.00	5.30	87.56	89.12	0.00	40	0	42	0.00	0.00	69.40	8.05	0.00	0.00	2000
230	11.16	2060	2099	0.00	198	0	0	0	nan	0.00	0.02	5.51	83.36	88.84	0.00	40	0	42	0.00	0.00	65.97	7.62	0.00	0.00	2000
231	11.06	2100	2088	0.00	203	0	0	0	nan	0.00	0.00	6.25	82.18	88.94	0.00	40	0	42	0.00	0.00	65.92	7.63	0.00	0.00	2000
228	10.93	2089	2096	1.01	198	0	0	8	14.44	0.01	0.20	4.78	84.01	89.07	0.00	40	0	42	0.00	0.00	64.88	7.67	0.00	0.00	2000
226	10.88	2093	2081	0.35	199	0	0	0	nan	0.00	0.01	5.65	82.76	89.12	0.00	40	0	42	0.00	0.00	65.33	7.61	0.00	0.00	2000
224	11.10	2065	2053	0.00	197	0	0	0	nan	0.00	0.43	5.57	81.04	88.90	0.00	40	0	42	0.00	0.00	62.46	7.45	0.00	0.00	2000
235	10.96	2063	2185	0.00	219	0	0	0	nan	0.00	0.02	5.42	87.32	89.04	0.00	40	0	42	0.00	0.00	69.38	7.90	0.00	0.00	2000
229	11.21	2040	2100	0.00	198	0	0	0	nan	0.00	0.00	6.84	82.04	88.79	0.00	40	0	42	0.00	0.00	65.52	7.79	0.00	0.00	2000
227	11.05	2055	2099	0.00	198	0	0	0	nan	0.00	0.00	6.70	82.21	88.95	0.00	40	0	42	0.00	0.00	65.20	7.52	0.00	0.00	2000
227	11.28	2066	2042	0.00	199	0	0	0	nan	0.00	0.02	5.43	80.85	88.72	0.00	40	0	42	0.00	0.00	62.81	7.50	0.00	0.00	2000
229	10.85	2054	2157	0.00	215	0	0	0	nan	0.00	0.00	5.37	86.26	89.15	0.00	40	0	42	0.00	0.00	68.18	7.88	0.00	0.00	2000
232	11.29	2047	2106	0.00	203	0	0	0	nan	0.00	0.00	6.44	82.61	88.71	0.00	40	0	42	0.00	0.00	65.31	7.40	0.00	0.00	2000
227	11.29	2010	2098	0.00	198	0	0	0	nan	0.00	0.02	6.30	82.42	88.71	0.00	40	0	42	0.00	0.00	65.14	7.54	0.00	0.00	2000
223	11.28	2052	2020	0.00	199	0	0	0	nan	0.00	0.02	4.32	81.01	88.72	0.00	40	0	42	0.00	0.00	61.99	7.28	0.00	0.00	2000
225	10.98	2050	2101	0.00	214	0	0	0	nan	0.00	0.00	3.59	85.56	89.02	0.00	40	0	42	0.00	0.00	64.63	7.67	0.00	0.00	2000
234	11.18	2058	2134	0.00	219	0	0	0	nan	0.00	0.01	4.26	86.09	88.82	0.00	40	0	42	0.00	0.00	66.88	7.77	0.00	0.00	2000
229	10.59	2123	2143	0.00	214	0	0	0	nan	0.00	0.00	5.42	85.75	89.41	0.00	40	0	42	0.00	0.00	68.66	8.07	0.00	0.00	2000
223	11.25	2051	2034	0.00	200	0	0	0	nan	0.00	0.00	4.43	81.60	88.75	0.00	40	0	42	0.00	0.00	61.32	7.35	0.00	0.00	2000
232	10.66	2098	2182	0.00	215	0	0	0	nan	0.00	0.04	2.84	90.05	89.34	0.00	40	0	42	0.00	0.00	68.88	8.13	0.00	0.00	2000
230	10.93	2118	2088	0.00	204	0	0	2	52.22	0.01	0.13	5.58	82.82	89.07	0.00	40	0	42	0.00	0.00	65.23	7.65	0.00	0.00	2000
228	10.93	2076	2113	1.26	198	0	0	8	25.11	0.00	0.00	7.61	81.93	89.07	0.00	40	0	42	0.00	0.00	65.08	7.80	0.00	0.00	2000
228	10.87	2112	2089	0.00	198	0	0	0	nan	0.00	0.00	7.07	81.70	89.13	0.00	40	0	42	0.00	0.00	65.25	7.56	0.00	0.00	2000
228	11.09	2043	2109	0.00	198	0	0	0	nan	0.00	0.00	6.89	82.51	88.91	0.00	40	0	42	0.00	0.00	65.00	7.64	0.00	0.00	2000
227	11.38	2050	2044	0.00	198	0	0	0	nan	0.00	0.00	5.59	80.68	88.62	0.00	40	0	42	0.00	0.00	62.51	7.21	0.00	0.00	2000
231	10.72	2106	2148	0.00	219	0	0	0	nan	0.00	0.00	6.44	84.97	89.28	0.00	40	0	42	0.00	0.00	68.05	8.01	0.00	0.00	2000
230	10.78	2119	2115	0.00	198	0	0	0	nan	0.00	0.00	7.65	82.24	89.22	0.00	40	0	42	0.00	0.00	65.40	7.69	0.00	0.00	2000
225	11.20	2018	2093	0.00	198	0	0	0	nan	0.00	0.00	5.94	82.67	88.80	0.00	40	0	42	0.00	0.00	64.84	7.54	0.00	0.00	2000
228	11.22	2035	2098	0.00	198	0	0	0	nan	0.00	0.00	5.82	82.98	88.78	0.00	40	0	42	0.00	0.00	64.16	7.65	0.00	0.00	2000
223	11.15	2067	2034	0.00	198	0	0	0	nan	0.00	0.00	3.44	82.67	88.85	0.00	40	0	42	0.00	0.00	59.94	7.41	0.00	0.00	2000
232	11.11	2069	2123	0.00	220	0	0	0	nan	0.00	0.00	5.70	84.17	88.89	0.00	40	0	42	0.00	0.00	68.86	7.51	0.00	0.00	2000
235	10.71	2155	2141	0.00	216	0	0	0	nan	0.00	0.00	6.39	84.68	89.29	0.00	40	0	42	0.00	0.00	68.63	7.83	0.00	0.00	2000
229	10.81	2115	2099	0.00	198	0	0	0	nan	0.00	0.00	6.26	82.94	89.19	0.00	40	0	42	0.00	0.00	64.78	7.54	0.00	0.00	2000
228	10.82	2092	2113	0.00	198	0	0	0	nan	0.00	0.04	5.01	84.72	89.18	0.00	40	0	42	0.00	0.00	65.05	7.60	0.00	0.00	2000
231	11.14	2069	2101	0.00	204	0	0	0	nan	0.00	1.10	4.07	83.88	88.86	0.00	40	0	42	0.00	0.00	65.28	7.48	0.00	0.00	2000
227	11.11	2048	2097	0.00	198	0	0	0	nan	0.00	0.00	6.06	82.74	88.89	0.00	40	0	42	0.00	0.00	64.75	7.60	0.00	0.00	2000
222	11.31	2041	2018	0.00	201	0	0	0	nan	0.00	0.00	6.43	78.85	88.69	0.00	40	0	42	0.00	0.00	61.71	7.10	0.00	0.00	2000
229	10.98	2060	2130	0.15	214	0	0	4	26.22	0.00	0.00	4.39	86.05	89.02	0.00	40	0	42	0.00	0.00	65.89	7.68	0.00	0.00	2000
234	10.88	2091	2161	1.08	223	0	0	5	37.68	0.00	0.00	7.26	84.39	89.12	0.00	40	0	42	0.00	0.00	68.74	7.89	0.00	0.00	2000
228	11.04	2076	2088	0.00	199	0	0	0	nan	0.00	0.00	6.92	81.56	88.96	0.00	40	0	42	0.00	0.00	65.40	7.49	0.00	0.00	2000
230	11.01	2078	2114	0.00	198	0	0	0	nan	0.00	0.00	7.18	82.42	88.99	0.00	39	0	42	0.00	0.00	62.75	7.33	0.00	0.00	2000
227	10.81	2107	2093	0.00	200	0	0	0	nan	0.00	0.00	6.61	82.21	89.19	0.00	40	0	42	0.00	0.00	67.34	7.95	0.00	0.00	2000
230	11.07	2085	2097	0.00	199	0	0	0	nan	0.00	0.00	5.54	83.25	88.93	0.00	40	0	42	0.00	0.00	65.94	7.43	0.00	0.00	2000
228	11.05	2059	2107	0.00	198	0	0	0	nan	0.00	0.00	6.72	82.53	88.95	0.00	40	0	42	0.00	0.00	65.01	7.88	0.00	0.00	2000
229	11.12	2063	2096	0.00	195	0	0	0	nan	0.00	0.02	3.49	85.28	88.88	0.00	40	0	42	0.00	0.00	65.22	7.27	0.00	0.00	2000
229	11.09	2071	2094	0.00	194	0	0	0	nan	0.00	0.00	4.02	84.70	88.91	0.00	40	0	42	0.00	0.00	65.36	7.67	0.00	0.00	2000
230	10.88	2109	2102	0.00	195	0	0	0	nan	0.00	0.00	5.37	83.87	89.12	0.00	40	0	42	0.00	0.00	63.06	7.80	0.00	0.00	2000
228	10.91	2093	2096	0.00	194	0	0	0	nan	0.00	0.00	4.35	84.66	89.09	0.00	40	0	42	0.00	0.00	65.87	7.59	0.00	0.00	2000
229	10.63	2155	2102	0.00	195	0	0	0	nan	0.00	0.02	5.05	84.31	89.37	0.00	40	0	42	0.00	0.00	65.72	7.49	0.00	0.00	2000
229	11.22	2029	2107	0.00	195	0	0	0	nan	0.00	0.00	4.56	84.63	88.78	0.00	40	0	42	0.00	0.00	65.12	7.52	0.00	0.00	2000
228	10.90	2098	2092	0.00	195	0	0	0	nan	0.00	0.00	4.62	84.19	89.10	0.00	40	0	42	0.00	0.00	65.84	8.04	0.00	0.00	2000
224	10.84	2084	2084	0.00	193	0	0	0	nan	0.00	0.00	4.39	84.17	89.16	0.00	40	0	42	0.00	0.00	67.02	7.07	0.00	0.00	2000
230	10.97	2068	2133	0.00	194	0	0	0	nan	0.00	0.00	3.65	86.70	89.03	0.00	40	0	42	0.00	0.00	63.81	7.59	0.00	0.00	2000
228	10.95	2098	2088	0.00	194	0	0	0	nan	0.00	0.00	3.86	84.59	89.05	0.00	40	0	42	0.00	0.00	65.25	7.68	0.00	0.00	2000
229	11.14	2051	2106	0.00	195	0	0	3	40.46	0.00	0.00	5.00	84.23	88.86	0.00	40	0	42	0.00	0.00	65.65	7.38	0.00	0.00	2000
228	10.95	2091	2088	1.21	195	0	0	7	28.55	0.00	0.00	5.07	83.59	89.05	0.00	40	0	42	0.00	0.00	65.48	7.59	0.00	0.00	2000
226	11.04	2035	2113	0.00	194	0	0	0	nan	0.00	0.00	5.12	84.48	88.96	0.00	40	0	42	0.00	0.00	65.14	7.52	0.00	0.00	2000
228	11.10	2052	2099	0.00	194	0	0	0	nan	0.00	0.02	3.91	84.97	88.90	0.00	40	0	42	0.00	0.00	65.46	7.56	0.00	0.00	2000
227	11.28	2064	2047	0.00	194	0	0	0	nan	0.00	0.02	3.25	83.25	88.72	0.00	40	0	42	0.00	0.00	63.08	7.23	0.00	0.00	2000
230	11.21	1998	2157	0.00	216	0	0	0	nan	0.00	0.01	6.52	84.90	88.79	0.00	40	0	42	0.00	0.00	67.91	7.85	0.00	0.00	2000
226	10.96	2090	2076	0.00	194	0	0	0	nan	0.00	0.00	4.39	83.73	89.04	0.00	40	0	42	0.00	0.00	64.97	7.55	0.00	0.00	2000
229	11.10	2038	2129	0.00	194	0	0	0	nan	0.00	0.00	4.26	85.96	88.90	0.00	40	0	42	0.00	0.00	66.11	7.76	0.00	0.00	2000
229	10.74	2151	2086	0.00	194	0	0	0	nan	0.00	0.00	4.03	84.56	89.26	0.00	41	0	42	0.00	0.00	66.60	7.61	0.00	0.00	2000
244	11.77	2077	2095	0.00	195	0	0	0	nan	0.00	0.02	5.66	82.41	88.23	0.00	40	0	42	0.00	0.00	63.46	7.43	0.00	0.00	2000
231	10.92	2098	2119	0.00	195	0	0	0	nan	0.00	0.00	4.46	85.34	89.08	0.00	40	0	42	0.00	0.00	69.82	8.10	0.00	0.00	2000
226	11.13	2037	2093	0.00	194	0	0	0	nan	0.00	0.00	3.79	84.89	88.87	0.00	40	0	42	0.00	0.00	65.71	7.71	0.00	0.00	2000
223	11.44	2019	2030	0.00	194	0	0	0	nan	0.00	0.00	3.08	82.59	88.56	0.00	40	0	42	0.00	0.00	63.30	7.26	0.00	0.00	2000
231	10.91	2044	2180	0.00	214	0	0	0	nan	0.00	0.00	3.88	88.70	89.09	0.00	41	0	42	0.00	0.00	69.88	8.24	0.00	0.00	2000
228	11.15	2056	2089	0.00	196	0	0	0	nan	0.00	0.00	4.40	84.01	88.85	0.00	41	0	42	0.00	0.00	66.50	7.60	0.00	0.00	2000
229	11.19	2043	2107	0.00	194	0	0	0	nan	0.00	0.00	4.13	85.09	88.81	0.00	41	0	43	0.00	0.00	66.86	7.77	0.00	0.00	2000
230	11.25	2036	2105	0.00	194	0	0	0	nan	0.00	0.00	4.45	84.71	88.75	0.00	40	0	42	0.00	0.00	66.42	7.66	0.00	0.00	2000
227	10.97	2080	2094	0.00	195	0	0	4	31.07	0.00	0.00	4.60	84.22	89.03	0.00	41	0	42	0.00	0.00	63.23	7.39	0.00	0.00	2000
222	11.13	2066	2031	1.49	194	0	0	9	23.40	0.00	0.00	4.35	81.61	88.87	0.00	40	0	42	0.00	0.00	65.75	7.60	0.00	0.00	2000
234	10.85	2088	2171	0.00	211	0	0	0	nan	0.00	0.00	4.14	88.19	89.15	0.00	40	0	43	0.00	0.00	66.57	7.86	0.00	0.00	2000
227	10.71	2116	2101	0.00	194	0	0	0	nan	0.00	0.00	4.79	84.64	89.29	0.00	40	0	42	0.00	0.00	66.11	7.89	0.00	0.00	2000
228	11.10	2045	2107	0.00	196	0	0	0	nan	0.00	0.00	4.34	84.85	88.90	0.00	40	0	43	0.00	0.00	66.68	7.85	0.00	0.00	2000
228	10.97	2088	2085	0.00	194	0	0	0	nan	0.00	0.00	3.89	84.61	89.03	0.00	40	0	42	0.00	0.00	66.43	7.65	0.00	0.00	2000
225	10.87	2087	2088	0.00	194	0	0	0	nan	0.00	0.00	3.96	84.76	89.13	0.00	40	0	42	0.00	0.00	65.89	7.56	0.00	0.00	2000
231	10.95	2091	2121	0.00	195	0	0	0	nan	0.00	0.00	3.79	86.29	89.05	0.00	41	0	42	0.00	0.00	70.15	8.11	0.00	0.00	2000
231	10.99	2103	2097	0.00	197	0	0	0	nan	0.00	0.00	3.79	85.07	89.01	0.00	40	0	43	0.00	0.00	63.95	7.44	0.00	0.00	2000
229	10.94	2091	2099	0.00	195	0	0	0	nan	0.00	0.00	4.54	84.53	89.06	0.00	40	0	43	0.00	0.00	66.72	7.75	0.00	0.00	2000
227	11.13	2025	2111	0.00	194	0	0	0	nan	0.00	0.00	4.46	84.99	88.87	0.00	40	0	42	0.00	0.00	66.41	7.87	0.00	0.00	2000
228	11.15	2045	2101	0.00	194	0	0	0	nan	0.00	0.00	3.99	85.04	88.85	0.00	41	0	42	0.00	0.00	67.31	7.60	0.00	0.00	2000
229	11.14	2062	2099	0.00	195	0	0	0	nan	0.00	0.00	4.63	84.24	88.86	0.00	41	0	42	0.00	0.00	66.02	7.89	0.00	0.00	2000
229	11.08	2079	2089	0.00	195	0	0	0	nan	0.00	0.00	4.61	83.96	88.92	0.00	41	0	42	0.00	0.00	67.05	7.77	0.00	0.00	2000
227	10.94	2068	2107	0.00	194	0	0	0	nan	0.00	0.00	4.91	84.44	89.06	0.00	40	0	42	0.00	0.00	66.54	7.95	0.00	0.00	2000
229	11.01	2072	2106	0.00	194	0	0	0	nan	0.00	0.00	4.43	84.90	88.99	0.00	41	0	43	0.00	0.00	67.47	7.73	0.00	0.00	2000
228	10.98	2087	2086	0.00	194	0	0	0	nan	0.00	0.00	4.24	84.16	89.02	0.00	41	0	42	0.00	0.00	66.14	7.74	0.00	0.00	2000
227	10.96	2067	2102	0.00	195	0	0	2	40.78	0.01	0.00	5.31	83.92	89.04	0.00	40	0	42	0.00	0.00	66.23	7.66	0.00	0.00	2000
230	11.11	2058	2109	1.59	195	0	0	11	22.59	0.00	0.00	4.46	84.76	88.89	0.00	41	0	42	0.00	0.00	67.06	7.65	0.00	0.00	2000
230	11.15	2054	2103	0.00	194	0	0	0	nan	0.00	0.00	4.25	84.74	88.85	0.00	40	0	43	0.00	0.00	66.60	7.70	0.00	0.00	2000
225	11.06	2041	2095	0.00	195	0	0	0	nan	0.00	0.00	3.79	84.98	88.94	0.00	40	0	42	0.00	0.00	66.20	7.64	0.00	0.00	2000
228	10.99	2083	2091	0.00	194	0	0	0	nan	0.00	0.02	3.07	85.58	89.01	0.00	40	0	42	0.00	0.00	66.72	7.63	0.00	0.00	2000
230	11.05	2071	2113	0.00	194	0	0	0	nan	0.00	0.00	3.74	85.81	88.95	0.00	40	0	42	0.00	0.00	66.32	8.02	0.00	0.00	2000
231	11.01	2094	2100	0.00	195	0	0	0	nan	0.00	0.00	3.57	85.40	88.99	0.00	40	0	42	0.00	0.00	66.46	7.69	0.00	0.00	2000
227	11.09	2060	2087	0.00	194	0	0	0	nan	0.00	0.00	4.04	84.40	88.91	0.00	40	0	42	0.00	0.00	66.13	7.65	0.00	0.00	2000
229	10.92	2091	2103	0.00	195	0	0	0	nan	0.00	0.00	4.83	84.42	89.08	0.00	40	0	42	0.00	0.00	66.52	7.81	0.00	0.00	2000
226	10.93	2059	2106	0.00	194	0	0	0	nan	0.00	0.00	4.66	84.68	89.07	0.00	40	0	42	0.00	0.00	66.40	7.69	0.00	0.00	2000
228	10.85	2108	2091	0.00	194	0	0	0	nan	0.00	0.00	4.50	84.29	89.15	0.00	41	0	42	0.00	0.00	66.59	7.71	0.00	0.00	2000
230	11.14	2048	2113	0.00	198	0	0	0	nan	0.00	0.00	6.69	82.73	88.86	0.00	40	0	42	0.00	0.00	66.60	7.77	0.00	0.00	2000
229	11.08	2075	2088	0.00	196	0	0	0	nan	0.00	0.00	4.58	83.93	88.92	0.00	40	0	42	0.00	0.00	66.48	7.76	0.00	0.00	2000
228	11.02	2056	2109	0.00	194	0	0	0	nan	0.00	0.00	4.85	84.59	88.98	0.00	41	0	42	0.00	0.00	66.51	7.67	0.00	0.00	2000
227	10.89	2088	2100	0.00	194	0	0	0	nan	0.00	0.00	4.32	84.82	89.11	0.00	40	0	42	0.00	0.00	66.23	7.69	0.00	0.00	2000
227	11.08	2043	2103	0.00	194	0	0	0	nan	0.00	0.00	4.52	84.55	88.92	0.00	41	0	42	0.00	0.00	66.06	7.57	0.00	0.00	2000
230	11.19	2052	2102	0.00	196	0	0	0	nan	0.00	0.00	4.71	84.24	88.81	0.00	40	0	42	0.00	0.00	66.64	7.78	0.00	0.00	2000
227	11.03	2076	2084	0.00	194	0	0	0	nan	0.00	0.02	3.74	84.58	88.97	0.00	41	0	42	0.00	0.00	66.34	7.81	0.00	0.00	2000
224	10.99	2066	2072	1.62	194	0	0	10	11.74	0.00	0.00	4.25	83.60	89.01	0.00	41	0	43	0.00	0.00	63.59	7.44	0.00	0.00	2000
230	10.91	2121	2090	0.04	194	0	0	0	nan	0.00	0.02	1.02	87.69	89.09	0.00	41	0	43	0.00	0.00	66.28	7.77	0.00	0.00	2000
228	10.67	2081	2154	0.00	211	0	0	0	nan	0.00	0.02	3.69	87.89	89.33	0.00	40	0	42	0.00	0.00	69.56	8.14	0.00	0.00	2000
228	11.03	2073	2092	0.00	194	0	0	0	nan	0.00	0.02	3.60	85.11	88.97	0.00	41	0	43	0.00	0.00	66.27	7.48	0.00	0.00	2000
229	10.92	2089	2106	0.00	194	0	0	0	nan	0.00	0.00	3.60	85.79	89.08	0.00	41	0	42	0.00	0.00	67.17	7.81	0.00	0.00	2000
227	10.88	2100	2088	0.00	195	0	0	0	nan	0.00	0.00	4.02	84.63	89.12	0.00	41	0	42	0.00	0.00	66.52	7.72	0.00	0.00	2000
229	10.86	2092	2114	0.00	194	0	0	0	nan	0.00	0.00	5.15	84.56	89.14	0.00	41	0	42	0.00	0.00	64.06	7.48	0.00	0.00	2000
226	11.20	2021	2095	0.00	196	0	0	0	nan	0.00	0.00	4.65	84.06	88.80	0.00	40	0	42	0.00	0.00	68.32	8.28	0.00	0.00	2000
239	11.24	2116	2106	0.00	197	0	0	0	nan	0.00	0.00	5.34	83.67	88.76	0.00	41	0	42	0.00	0.00	64.42	7.67	0.00	0.00	2000
227	11.04	2077	2080	0.00	194	0	0	0	nan	0.00	0.00	4.08	84.13	88.96	0.00	40	0	42	0.00	0.00	66.91	7.74	0.00	0.00	2000
229	10.95	2070	2118	0.00	194	0	0	0	nan	0.00	0.00	5.39	84.43	89.05	0.00	40	0	42	0.00	0.00	66.24	7.80	0.00	0.00	2000
227	11.24	2021	2098	0.00	195	0	0	0	nan	0.00	0.00	4.77	83.99	88.76	0.00	40	0	42	0.00	0.00	66.44	7.83	0.00	0.00	2000
228	11.01	2072	2101	0.00	194	0	0	0	nan	0.00	0.00	4.26	84.79	88.99	0.00	41	0	42	0.00	0.00	66.74	7.97	0.00	0.00	2000
226	11.19	2029	2093	0.00	195	0	0	0	nan	0.00	0.00	4.67	83.91	88.81	0.00	40	0	42	0.00	0.00	68.57	8.02	0.00	0.00	2000
231	11.08	2073	2110	0.00	197	0	0	0	nan	0.00	0.02	4.62	84.77	88.92	0.00	40	0	42	0.00	0.00	64.79	7.52	0.00	0.00	2000
229	10.92	2097	2096	0.00	197	0	0	0	nan	0.00	0.02	4.22	84.64	89.08	0.00	40	0	42	0.00	0.00	66.37	7.76	0.00	0.00	2000
228	10.86	2094	2102	0.00	194	0	0	0	nan	0.00	0.00	4.07	85.13	89.14	0.00	40	0	42	0.00	0.00	66.65	7.57	0.00	0.00	2000
228	10.75	2131	2088	1.47	195	0	0	11	12.08	0.00	0.00	4.11	84.57	89.25	0.00	40	0	43	0.00	0.00	66.54	7.74	0.00	0.00	2000
232	10.96	2115	2098	0.24	197	0	0	0	nan	0.00	0.00	5.21	83.83	89.04	0.00	41	0	42	0.00	0.00	67.09	7.57	0.00	0.00	2000
227	11.09	2035	2112	0.00	196	0	0	0	nan	0.00	0.00	4.94	84.53	88.91	0.00	41	0	43	0.00	0.00	66.01	7.67	0.00	0.00	2000
229	10.65	2166	2088	0.00	194	0	0	0	nan	0.00	0.00	4.38	84.45	89.35	0.00	41	0	43	0.00	0.00	67.66	7.69	0.00	0.00	2000
222	10.95	2058	2068	0.00	194	0	0	0	nan	0.00	0.00	4.99	82.84	89.05	0.00	40	0	42	0.00	0.00	64.91	7.64	0.00	0.00	2000
231	11.40	2035	2088	0.00	193	0	0	0	nan	0.00	0.00	3.27	84.92	88.60	0.00	40	0	42	0.00	0.00	64.40	7.81	0.00	0.00	2000
228	10.94	2060	2126	0.00	212	0	0	0	nan	0.00	0.02	4.02	86.24	89.06	0.00	40	0	42	0.00	0.00	69.43	7.99	0.00	0.00	2000
232	10.98	2076	2137	0.00	194	0	0	0	nan	0.00	0.00	4.36	86.25	89.02	0.00	41	0	42	0.00	0.00	67.00	7.91	0.00	0.00	2000
226	11.16	2057	2067	0.00	194	0	0	0	nan	0.00	0.00	3.98	83.63	88.84	0.00	41	0	42	0.00	0.00	66.33	7.63	0.00	0.00	2000
228	11.11	2025	2129	0.00	194	0	0	0	nan	0.00	0.00	4.84	85.39	88.89	0.00	40	0	42	0.00	0.00	66.74	7.81	0.00	0.00	2000
227	10.97	2072	2099	0.00	195	0	0	0	nan	0.00	0.00	4.56	84.35	89.03	0.00	40	0	43	0.00	0.00	66.72	7.76	0.00	0.00	2000
229	11.05	2074	2095	0.00	195	0	0	0	nan	0.00	0.00	4.23	84.47	88.95	0.00	41	0	42	0.00	0.00	64.84	7.73	0.00	0.00	2000
224	11.27	2040	2048	0.00	195	0	0	0	nan	0.00	0.02	2.15	84.52	88.73	0.00	41	0	42	0.00	0.00	64.69	7.48	0.00	0.00	2000
229	10.83	2059	2161	0.00	210	0	0	0	nan	0.00	0.00	3.25	88.53	89.17	0.00	41	0	42	0.00	0.00	69.79	8.11	0.00	0.00	2000
228	10.95	2091	2088	0.00	194	0	0	0	nan	0.00	0.00	4.10	84.50	89.05	0.00	41	0	42	0.00	0.00	67.31	7.70	0.00	0.00	2000
222	11.37	2011	2037	0.00	195	0	0	0	nan	0.00	0.00	4.16	81.98	88.63	0.00	40	0	42	0.00	0.00	62.95	7.22	0.00	0.00	2000
235	10.81	2090	2183	0.00	212	0	0	0	nan	0.00	0.01	2.78	89.99	89.19	0.00	41	0	42	0.00	0.00	70.66	8.11	0.00	0.00	2000
231	11.35	2032	2099	1.66	196	0	0	11	13.48	0.00	0.00	4.37	84.31	88.65	0.00	40	0	42	0.00	0.00	66.50	7.70	0.00	0.00	2000
228	11.17	2052	2089	0.05	195	0	0	0	nan	0.00	0.00	4.40	84.13	88.83	0.00	41	0	42	0.00	0.00	66.73	7.81	0.00	0.00	2000
223	11.74	1971	2027	0.00	195	0	0	0	nan	0.00	0.00	4.23	81.13	88.26	0.00	40	0	42	0.00	0.00	62.72	7.13	0.00	0.00	2000
232	11.24	2037	2127	0.00	211	0	0	0	nan	0.00	0.00	3.13	86.84	88.76	0.00	41	0	42	0.00	0.00	67.61	7.72	0.00	0.00	2000
228	10.79	2056	2159	0.00	210	0	0	0	nan	0.00	0.00	3.51	88.35	89.21	0.00	40	0	43	0.00	0.00	69.47	7.89	0.00	0.00	2000
228	11.19	2033	2100	0.00	194	0	0	0	nan	0.00	0.00	4.08	84.83	88.81	0.00	41	0	42	0.00	0.00	67.10	7.78	0.00	0.00	2000
229	11.09	2060	2101	0.00	195	0	0	0	nan	0.00	0.00	4.25	84.81	88.91	0.00	40	0	42	0.00	0.00	67.09	7.84	0.00	0.00	2000
226	11.16	2030	2095	0.00	195	0	0	0	nan	0.00	0.00	4.72	83.89	88.84	0.00	40	0	42	0.00	0.00	66.22	7.75	0.00	0.00	2000
236	11.52	2042	2106	0.00	195	0	0	0	nan	0.00	0.00	3.73	85.12	88.48	0.00	40	0	43	0.00	0.00	66.58	7.85	0.00	0.00	2000
229	10.90	2115	2090	0.00	195	0	0	0	nan	0.00	0.02	3.68	84.99	89.10	0.00	40	0	42	0.00	0.00	67.01	7.74	0.00	0.00	2000
229	11.18	2040	2108	0.00	198	0	0	0	nan	0.00	0.00	5.20	84.02	88.82	0.00	40	0	42	0.00	0.00	66.09	7.83	0.00	0.00	2000
225	11.00	2075	2071	0.00	195	0	0	0	nan	0.00	0.00	3.98	83.89	89.00	0.00	40	0	43	0.00	0.00	62.62	7.37	0.00	0.00	2000
231	10.98	2067	2134	0.00	195	0	0	0	nan	0.00	0.00	3.77	86.73	89.02	0.00	40	0	42	0.00	0.00	70.69	8.21	0.00	0.00	2000
229	11.03	2095	2082	0.00	194	0	0	0	nan	0.00	0.01	3.77	84.49	88.97	0.00	40	0	42	0.00	0.00	63.50	7.36	0.00	0.00	2000
229	11.19	2028	2115	0.00	194	0	0	0	nan	0.00	0.00	4.59	84.99	88.81	0.00	40	0	42	0.00	0.00	70.12	8.11	0.00	0.00	2000
225	11.12	2035	2092	0.00	194	0	0	0	nan	0.00	0.00	4.17	84.47	88.88	0.00	40	0	42	0.00	0.00	65.68	7.84	0.00	0.00	2000
227	10.86	2092	2095	0.00	194	0	0	0	nan	0.00	0.00	3.74	85.21	89.14	0.00	40	0	42	0.00	0.00	64.10	7.54	0.00	0.00	2000
229	11.09	2083	2077	1.64	194	0	0	11	12.82	0.00	0.00	4.10	83.95	88.91	0.00	40	0	43	0.00	0.00	66.18	7.79	0.00	0.00	2000
227	11.22	2055	2070	0.05	196	0	0	0	nan	0.00	0.00	4.49	83.07	88.78	0.00	40	0	42	0.00	0.00	66.56	7.79	0.00	0.00	2000
228	10.89	2034	2163	0.00	211	0	0	0	nan	0.00	0.00	3.28	88.64	89.11	0.00	41	0	42	0.00	0.00	70.04	8.20	0.00	0.00	2000
231	11.07	2077	2107	0.00	197	0	0	0	nan	0.00	0.00	4.98	84.25	88.93	0.00	40	0	42	0.00	0.00	67.09	7.84	0.00	0.00	2000
227	11.09	2065	2085	0.00	195	0	0	0	nan	0.00	0.00	4.57	83.81	88.91	0.00	41	0	42	0.00	0.00	63.44	7.40	0.00	0.00	2000
228	11.03	2054	2113	0.00	195	0	0	0	nan	0.00	0.00	5.39	84.16	88.97	0.00	41	0	42	0.00	0.00	69.94	8.15	0.00	0.00	2000
230	11.05	2094	2088	0.00	195	0	0	0	nan	0.00	0.00	3.83	84.56	88.95	0.00	40	0	42	0.00	0.00	64.03	7.10	0.00	0.00	2000
231	11.17	2064	2108	0.00	211	0	0	0	nan	0.00	0.00	7.00	82.33	88.83	0.00	41	0	42	0.00	0.00	67.17	7.68	0.00	0.00	2000
229	10.78	2125	2100	0.00	194	0	0	0	nan	0.00	0.00	3.97	85.10	89.22	0.00	41	0	42	0.00	0.00	66.75	7.81	0.00	0.00	2000
229	11.09	2062	2104	0.00	195	0	0	0	nan	0.00	0.00	4.01	85.11	88.91	0.00	41	0	43	0.00	0.00	69.75	7.95	0.00	0.00	2000
222	10.92	2079	2052	0.00	194	0	0	0	nan	0.00	0.00	3.54	83.59	89.08	0.00	41	0	42	0.00	0.00	62.12	7.22	0.00	0.00	2000
232	11.33	2049	2104	0.00	194	0	0	0	nan	0.00	0.00	3.02	85.96	88.67	0.00	40	0	42	0.00	0.00	67.82	7.95	0.00	0.00	2000
224	10.64	2094	2112	0.00	212	1	0	0	nan	0.00	0.00	4.63	85.35	89.36	0.00	40	0	42	0.00	0.00	66.04	7.64	0.00	0.00	2000
229	10.73	2107	2125	0.00	195	0	0	0	nan	0.00	0.00	4.35	86.06	89.27	0.00	40	0	43	0.00	0.00	66.51	7.84	0.00	0.00	2000
229	11.05	2066	2108	0.00	194	0	0	0	nan	0.00	0.00	3.96	85.39	88.95	0.00	40	0	42	0.00	0.00	67.39	7.77	0.00	0.00	2000
224	11.47	2020	2026	0.00	195	0	0	0	nan	0.00	0.00	4.26	81.25	88.53	0.00	40	0	43	0.00	0.00	63.21	7.42	0.00	0.00	2000
233	10.89	2057	2183	0.00	210	0	0	1	89.29	0.00	0.00	3.65	88.98	89.11	0.00	41	0	43	0.00	0.00	70.96	8.16	0.00	0.00	2000
229	10.94	2113	2085	1.66	194	0	0	12	21.50	0.00	0.00	4.32	84.24	89.06	0.00	40	0	42	0.00	0.00	67.02	7.86	0.00	0.00	2000
226	10.85	2098	2084	0.00	195	0	0	0	nan	0.00	0.00	5.30	83.28	89.15	0.00	41	0	42	0.00	0.00	66.58	7.77	0.00	0.00	2000
228	10.94	2057	2130	0.00	194	0	0	0	nan	0.00	0.00	4.84	85.55	89.06	0.00	41	0	43	0.00	0.00	67.06	7.80	0.00	0.00	2000
231	11.09	2096	2084	0.00	195	0	0	0	nan	0.00	0.00	3.75	84.57	88.91	0.00	40	0	43	0.00	0.00	66.65	7.90	0.00	0.00	2000
228	10.88	2084	2110	0.00	194	0	0	0	nan	0.00	0.00	4.52	85.05	89.12	0.00	40	0	42	0.00	0.00	67.23	7.77	0.00	0.00	2000
228	11.07	2059	2099	0.00	196	0	0	0	nan	0.00	0.00	4.92	84.06	88.93	0.00	41	0	42	0.00	0.00	66.72	7.55	0.00	0.00	2000
230	10.99	2098	2093	0.00	208	0	0	0	nan	0.00	0.00	6.08	82.76	89.01	0.00	40	0	42	0.00	0.00	66.92	7.61	0.00	0.00	2000
229	10.94	2086	2105	0.00	199	0	0	0	nan	0.00	0.00	5.32	83.99	89.06	0.00	40	0	42	0.00	0.00	66.80	7.61	0.00	0.00	2000
229	11.24	2028	2107	0.00	194	0	0	0	nan	0.00	0.00	4.17	84.94	88.76	0.00	41	0	42	0.00	0.00	66.32	7.73	0.00	0.00	2000
225	10.97	2084	2070	0.00	196	0	0	0	nan	0.00	0.00	4.06	83.81	89.03	0.00	40	0	42	0.00	0.00	66.24	7.64	0.00	0.00	2000
231	10.89	2083	2135	0.00	195	0	0	0	nan	0.00	0.00	4.46	86.11	89.11	0.00	40	0	43	0.00	0.00	67.59	7.85	0.00	0.00	2000
227	11.17	2035	2094	0.00	194	0	0	0	nan	0.00	0.02	4.11	84.51	88.83	0.00	40	0	42	0.00	0.00	66.59	7.82	0.00	0.00	2000
228	10.89	2101	2093	0.00	194	0	0	0	nan	0.00	0.00	4.47	84.32	89.11	0.00	40	0	43	0.00	0.00	66.56	7.69	0.00	0.00	2000
228	10.96	2078	2100	0.00	195	0	0	0	nan	0.00	0.00	5.61	83.43	89.04	0.00	40	0	43	0.00	0.00	66.66	7.82	0.00	0.00	2000
227	10.79	2135	2065	0.00	203	0	0	0	nan	0.00	0.00	6.32	81.53	89.21	0.00	40	0	42	0.00	0.00	64.69	7.53	0.00	0.00	2000
230	11.15	2074	2088	0.00	198	0	0	0	nan	0.00	0.00	4.88	83.56	88.85	0.00	41	0	43	0.00	0.00	64.94	7.68	0.00	0.00	2000
232	10.96	2065	2157	0.00	214	0	0	0	nan	0.00	0.00	3.66	87.94	89.04	0.00	40	0	43	0.00	0.00	69.73	8.02	0.00	0.00	2000
229	11.23	2038	2100	1.65	199	0	0	11	14.05	0.00	0.00	6.09	82.78	88.77	0.00	41	0	42	0.00	0.00	64.05	7.82	0.00	0.00	2000
231	11.12	2088	2089	0.06	203	0	0	0	nan	0.00	0.02	4.30	84.20	88.88	0.00	40	0	42	0.00	0.00	69.29	7.69	0.00	0.00	2000
227	11.09	2038	2109	0.00	198	0	0	0	nan	0.00	0.00	5.85	83.51	88.91	0.00	40	0	42	0.00	0.00	66.69	7.89	0.00	0.00	2000
229	10.94	2092	2103	0.00	198	0	0	0	nan	0.00	0.46	6.35	82.40	89.06	0.00	40	0	42	0.00	0.00	64.50	7.48	0.00	0.00	2000
227	10.90	2090	2096	0.00	198	0	0	0	nan	0.00	0.00	6.70	82.17	89.10	0.00	40	0	42	0.00	0.00	64.51	7.80	0.00	0.00	2000
236	11.15	2124	2092	0.00	200	0	0	0	nan	0.00	0.00	7.69	80.81	88.85	0.00	40	0	43	0.00	0.00	69.05	7.63	0.00	0.00	2000
231	10.89	2119	2103	0.00	199	0	0	0	nan	0.00	0.00	6.97	82.24	89.11	0.00	41	0	42	0.00	0.00	67.68	7.63	0.00	0.00	2000
223	10.67	2126	2065	0.00	202	0	0	0	nan	0.00	0.00	7.07	80.71	89.33	0.00	40	0	43	0.00	0.00	65.29	7.54	0.00	0.00	2000
225	11.13	2058	2060	0.00	198	0	0	0	nan	0.00	0.00	5.44	81.81	88.87	0.00	41	0	42	0.00	0.00	63.75	7.39	0.00	0.00	2000
233	11.28	2037	2130	0.00	214	0	0	0	nan	0.00	0.02	4.02	86.08	88.72	0.00	40	0	42	0.00	0.00	68.01	8.15	0.00	0.00	2000
231	11.00	2044	2155	0.00	218	0	0	0	nan	0.00	0.01	5.81	85.54	89.00	0.00	41	0	42	0.00	0.00	69.49	8.10	0.00	0.00	2000
229	11.03	2091	2090	0.00	195	0	0	0	nan	0.00	0.00	4.35	84.28	88.97	0.00	41	0	42	0.00	0.00	66.43	7.78	0.00	0.00	2000
226	11.13	2026	2108	0.00	194	0	0	0	nan	0.00	0.00	4.82	84.48	88.87	0.00	41	0	42	0.00	0.00	66.31	7.62	0.00	0.00	2000
228	11.15	2039	2105	0.00	195	0	0	0	nan	0.00	0.00	3.82	85.30	88.85	0.00	40	0	42	0.00	0.00	67.08	7.60	0.00	0.00	2000
226	11.36	1992	2094	0.00	194	0	0	0	nan	0.01	0.00	3.88	84.65	88.64	0.00	41	0	43	0.00	0.00	65.41	7.90	0.00	0.00	2000
224	11.37	2039	2033	0.00	196	0	0	0	nan	0.00	0.01	3.10	82.85	88.63	0.00	41	0	42	0.00	0.00	64.14	7.45	0.00	0.00	2000
236	10.86	2102	2167	0.00	212	0	0	1	89.35	0.00	0.00	3.04	89.09	89.14	0.00	41	0	42	0.00	0.00	69.93	8.16	0.00	0.00	2000
229	11.23	2027	2112	1.67	195	0	0	12	20.64	0.00	0.00	4.33	84.98	88.77	0.00	40	0	42	0.00	0.00	67.79	7.81	0.00	0.00	2000
228	11.06	2075	2086	0.00	193	0	0	0	nan	0.00	0.00	3.92	84.47	88.94	0.00	41	0	42	0.00	0.00	66.22	7.71	0.00	0.00	2000
228	10.75	2124	2102	0.00	194	0	0	0	nan	0.00	0.00	4.72	84.69	89.25	0.00	40	0	42	0.00	0.00	66.76	7.71	0.00	0.00	2000
229	11.16	2052	2098	0.00	195	0	0	0	nan	0.00	0.00	4.89	84.02	88.84	0.00	41	0	43	0.00	0.00	66.49	7.63	0.00	0.00	2000
228	11.16	2027	2115	0.00	195	0	0	0	nan	0.00	0.00	5.13	84.38	88.84	0.00	41	0	42	0.00	0.00	63.66	7.73	0.00	0.00	2000
222	11.05	2056	2055	0.00	194	0	0	0	nan	0.00	0.02	4.05	83.12	88.95	0.00	40	0	42	0.00	0.00	67.55	7.46	0.00	0.00	2000
230	11.35	2048	2081	0.00	194	0	0	0	nan	0.00	0.00	3.31	84.58	88.65	0.00	41	0	42	0.00	0.00	65.47	7.60	0.00	0.00	2000
229	10.70	2088	2150	0.00	210	0	0	0	nan	0.00	0.02	3.78	87.65	89.30	0.00	40	0	42	0.00	0.00	69.87	7.90	0.00	0.00	2000
230	11.22	2030	2116	0.00	195	0	0	0	nan	0.00	0.00	5.59	83.91	88.78	0.00	40	0	42	0.00	0.00	66.52	7.68	0.00	0.00	2000
227	11.04	2053	2099	0.00	194	0	0	0	nan	0.00	0.00	4.40	84.49	88.96	0.00	41	0	42	0.00	0.00	66.49	7.64	0.00	0.00	2000
226	11.12	2038	2097	0.00	194	0	0	0	nan	0.00	0.00	4.27	84.58	88.88	0.00	41	0	42	0.00	0.00	66.40	7.73	0.00	0.00	2000
228	11.13	2060	2091	0.00	195	0	0	0	nan	0.00	0.00	4.15	84.47	88.87	0.00	40	0	43	0.00	0.00	66.90	7.86	0.00	0.00	2000
222	11.28	2032	2035	0.00	195	0	0	0	nan	0.00	0.00	4.16	81.94	88.72	0.00	41	0	42	0.00	0.00	62.71	7.32	0.00	0.00	2000
229	11.18	2043	2104	0.00	214	0	0	0	nan	0.00	0.00	3.77	85.40	88.82	0.00	41	0	42	0.00	0.00	66.75	7.78	0.00	0.00	2000
226	11.05	2044	2097	0.00	211	0	0	0	nan	0.00	0.00	2.67	86.21	88.95	0.00	41	0	42	0.00	0.00	66.37	7.67	0.00	0.00	2000
231	10.81	2070	2172	0.00	210	0	0	0	nan	0.00	0.00	3.21	89.25	89.19	0.00	40	0	42	0.00	0.00	69.62	8.13	0.00	0.00	2000
228	11.00	2079	2098	0.00	194	0	0	4	31.19	0.00	0.00	3.63	85.38	89.00	0.00	41	0	42	0.00	0.00	66.49	7.68	0.00	0.00	2000
230	11.49	1989	2114	1.59	195	0	0	9	25.59	0.00	0.00	3.83	85.50	88.51	0.00	40	0	43	0.00	0.00	66.79	7.65	0.00	0.00	2000
229	11.04	2075	2097	0.00	194	0	0	0	nan	0.00	0.00	3.94	84.98	88.96	0.00	41	0	42	0.00	0.00	66.88	7.69	0.00	0.00	2000
239	11.55	2083	2086	0.00	195	0	0	0	nan	0.00	0.00	4.93	83.00	88.45	0.00	40	0	42	0.00	0.00	66.67	7.75	0.00	0.00	2000
228	10.99	2059	2117	0.00	195	0	0	0	nan	0.00	0.00	4.94	84.76	89.01	0.00	40	0	42	0.00	0.00	66.50	7.64	0.00	0.00	2000
228	11.00	2073	2098	0.00	194	0	0	0	nan	0.00	0.02	4.05	84.87	89.00	0.00	41	0	42	0.00	0.00	66.58	7.70	0.00	0.00	2000
229	11.16	2054	2101	0.00	195	0	0	0	nan	0.00	0.00	4.71	84.34	88.84	0.00	41	0	42	0.00	0.00	66.24	7.84	0.00	0.00	2000
227	11.00	2068	2098	0.00	194	0	0	0	nan	0.00	0.00	4.59	84.30	89.00	0.00	40	0	42	0.00	0.00	66.47	7.70	0.00	0.00	2000
228	11.29	2021	2099	0.00	197	0	0	0	nan	0.00	0.00	5.61	83.13	88.71	0.00	41	0	42	0.00	0.00	65.88	7.76	0.00	0.00	2000
229	11.30	2020	2107	0.00	196	0	0	0	nan	0.00	0.00	4.08	84.97	88.70	0.00	41	0	42	0.00	0.00	66.69	7.68	0.00	0.00	2000
228	11.15	2046	2098	0.00	194	0	0	0	nan	0.00	0.00	4.30	84.56	88.85	0.00	41	0	42	0.00	0.00	66.36	7.79	0.00	0.00	2000
229	11.08	2078	2087	0.00	195	0	0	0	nan	0.00	0.00	4.14	84.30	88.92	0.00	41	0	42	0.00	0.00	66.83	7.65	0.00	0.00	2000
228	11.12	2036	2113	0.00	196	0	0	0	nan	0.00	0.00	5.05	84.48	88.88	0.00	40	0	43	0.00	0.00	66.48	7.63	0.00	0.00	2000
230	11.06	2087	2093	0.00	194	0	0	0	nan	0.00	0.00	4.30	84.36	88.94	0.00	41	0	42	0.00	0.00	67.16	7.64	0.00	0.00	2000
229	10.87	2095	2109	0.00	196	0	0	0	nan	0.00	0.00	4.25	85.41	89.13	0.00	41	0	42	0.00	0.00	66.90	7.81	0.00	0.00	2000
227	11.19	2032	2092	0.00	195	0	0	0	nan	0.00	0.00	3.81	84.66	88.81	0.00	40	0	42	0.00	0.00	66.36	7.64	0.00	0.00	2000
231	11.11	2077	2105	0.00	195	0	0	0	nan	0.00	0.00	4.59	84.51	88.89	0.00	41	0	42	0.00	0.00	66.57	7.63	0.00	0.00	2000
229	11.04	2082	2088	0.00	198	0	0	1	89.17	0.00	0.00	5.74	82.72	88.96	0.00	41	0	42	0.00	0.00	63.25	7.31	0.00	0.00	2000
228	11.22	2021	2111	1.67	195	0	0	12	20.33	0.00	0.00	5.57	83.81	88.78	0.00	41	0	43	0.00	0.00	69.20	7.96	0.00	0.00	2000
227	11.21	2031	2097	0.00	195	0	0	0	nan	0.00	0.00	4.30	84.44	88.79	0.00	40	0	42	0.00	0.00	66.37	7.62	0.00	0.00	2000
228	10.89	2092	2103	0.00	194	0	0	0	nan	0.00	0.00	4.47	84.74	89.11	0.00	41	0	42	0.00	0.00	66.79	7.72	0.00	0.00	2000
229	10.94	2103	2088	0.00	196	0	0	0	nan	0.00	0.00	4.49	84.04	89.06	0.00	40	0	42	0.00	0.00	63.48	7.40	0.00	0.00	2000
228	11.21	2025	2108	0.00	195	0	0	0	nan	0.00	0.00	4.69	84.62	88.79	0.00	41	0	42	0.00	0.00	69.10	7.97	0.00	0.00	2000
229	10.91	2093	2103	0.00	194	0	0	0	nan	0.00	0.00	4.20	84.95	89.09	0.00	40	0	43	0.00	0.00	66.78	7.93	0.00	0.00	2000
228	11.19	2036	2103	0.00	194	0	0	0	nan	0.00	0.00	4.46	84.57	88.81	0.00	41	0	42	0.00	0.00	66.44	7.85	0.00	0.00	2000
226	11.00	2085	2067	0.00	195	0	0	0	nan	0.00	0.00	4.22	83.49	89.00	0.00	41	0	42	0.00	0.00	63.07	7.25	0.00	0.00	2000
231	11.24	2023	2135	0.00	194	0	0	0	nan	0.00	0.00	4.31	86.08	88.76	0.00	40	0	43	0.00	0.00	70.37	8.16	0.00	0.00	2000
230	11.01	2105	2082	0.00	195	0	0	0	nan	0.00	0.00	3.56	84.70	88.99	0.00	41	0	42	0.00	0.00	63.39	7.28	0.00	0.00	2000
227	11.05	2039	2116	0.00	193	0	0	0	nan	0.00	0.00	4.51	85.24	88.95	0.00	41	0	42	0.00	0.00	69.68	8.07	0.00	0.00	2000
227	11.19	2029	2098	0.00	195	0	0	0	nan	0.00	0.00	4.33	84.51	88.81	0.00	40	0	43	0.00	0.00	66.39	7.81	0.00	0.00	2000
228	11.06	2060	2101	0.00	194	0	0	0	nan	0.00	0.00	4.04	85.03	88.94	0.00	41	0	43	0.00	0.00	66.36	7.83	0.00	0.00	2000
228	10.95	2095	2084	0.00	194	0	0	0	nan	0.00	0.00	4.24	84.22	89.05	0.00	41	0	42	0.00	0.00	63.67	7.34	0.00	0.00	2000
232	11.01	2102	2108	0.00	195	0	0	0	nan	0.00	0.00	5.44	84.00	88.99	0.00	41	0	42	0.00	0.00	66.67	7.84	0.00	0.00	2000
228	10.89	2084	2105	0.00	196	0	0	0	nan	0.00	0.00	5.53	83.77	89.11	0.00	41	0	42	0.00	0.00	66.36	7.71	0.00	0.00	2000
227	11.10	2056	2090	0.00	194	0	0	0	nan	0.00	0.00	4.42	84.20	88.90	0.00	40	0	42	0.00	0.00	66.50	7.85	0.00	0.00	2000
229	11.01	2075	2103	1.47	194	0	0	11	14.17	0.00	0.00	5.01	84.15	88.99	0.00	41	0	42	0.00	0.00	66.90	7.94	0.00	0.00	2000
228	11.18	2029	2110	0.25	194	0	0	0	nan	0.00	0.00	4.65	84.71	88.82	0.00	40	0	43	0.00	0.00	66.12	7.72	0.00	0.00	2000
230	11.33	2032	2100	0.00	197	0	0	0	nan	0.00	0.00	4.92	83.83	88.67	0.00	41	0	42	0.00	0.00	66.64	7.76	0.00	0.00	2000
225	11.02	2074	2068	0.00	196	0	0	0	nan	0.00	0.01	4.41	83.39	88.98	0.00	40	0	42	0.00	0.00	65.52	7.68	0.00	0.00	2000
230	10.94	2068	2135	0.00	194	0	0	0	nan	0.00	0.00	3.78	86.77	89.06	0.00	41	0	42	0.00	0.00	70.89	8.04	0.00	0.00	2000
227	11.21	2030	2094	0.00	194	0	0	0	nan	0.00	0.00	3.76	84.88	88.79	0.00	41	0	42	0.00	0.00	62.88	7.23	0.00	0.00	2000
229	11.01	2083	2095	0.00	194	0	0	0	nan	0.00	0.00	3.81	85.08	88.99	0.00	41	0	43	0.00	0.00	67.18	7.80	0.00	0.00	2000
223	11.19	2062	2032	0.00	196	0	0	0	nan	0.00	0.00	4.17	81.75	88.81	0.00	41	0	43	0.00	0.00	66.07	7.62	0.00	0.00	2000
231	10.72	2073	2184	0.00	211	0	0	0	nan	0.00	0.00	2.85	90.15	89.28	0.00	41	0	42	0.00	0.00	67.69	7.93	0.00	0.00	2000
228	11.11	2053	2101	0.00	194	0	0	0	nan	0.00	0.00	4.19	84.74	88.89	0.00	41	0	42	0.00	0.00	67.18	7.74	0.00	0.00	2000
228	11.06	2069	2090	0.00	195	0	0	0	nan	0.00	0.00	4.38	84.15	88.94	0.00	41	0	43	0.00	0.00	67.11	7.76	0.00	0.00	2000
227	10.96	2066	2106	0.00	195	0	0	0	nan	0.00	0.00	5.01	84.27	89.04	0.00	40	0	42	0.00	0.00	66.36	7.63	0.00	0.00	2000
230	11.17	2057	2105	0.00	195	0	0	0	nan	0.00	0.00	4.62	84.50	88.83	0.00	40	0	42	0.00	0.00	64.79	7.56	0.00	0.00	2000
227	10.89	2091	2097	0.00	195	0	0	0	nan	0.00	0.00	4.20	84.75	89.11	0.00	41	0	42	0.00	0.00	68.69	8.00	0.00	0.00	2000
229	11.02	2087	2087	0.00	194	0	0	0	nan	0.00	0.00	4.21	84.30	88.98	0.00	41	0	42	0.00	0.00	66.97	7.83	0.00	0.00	2000
223	11.29	2034	2039	0.00	195	0	0	0	nan	0.00	0.00	4.42	81.72	88.71	0.00	41	0	42	0.00	0.00	63.65	7.32	0.00	0.00	2000
231	10.61	2097	2184	0.00	210	0	0	0	nan	0.00	0.00	3.49	89.53	89.39	0.00	41	0	42	0.00	0.00	67.99	7.91	0.00	0.00	2000
229	11.04	2085	2087	1.44	195	0	0	11	11.13	0.00	0.00	4.31	84.22	88.96	0.00	40	0	42	0.00	0.00	66.99	7.73	0.00	0.00	2000
228	11.09	2051	2109	0.28	194	0	0	0	nan	0.00	0.00	4.36	84.92	88.91	0.00	40	0	43	0.00	0.00	66.16	7.66	0.00	0.00	2000
226	10.81	2103	2091	0.00	194	0	0	0	nan	0.00	0.00	4.13	84.71	89.19	0.00	41	0	43	0.00	0.00	68.90	8.03	0.00	0.00	2000
230	11.71	2019	2040	0.00	205	0	0	0	nan	0.00	0.00	4.83	81.07	88.29	0.00	40	0	43	0.00	0.00	63.02	7.35	0.00	0.00	2000
236	10.96	2076	2180	0.00	217	0	0	0	nan	0.00	0.00	5.79	86.70	89.04	0.00	41	0	43	0.00	0.00	67.95	7.74	0.00	0.00	2000
228	11.02	2083	2085	0.00	198	0	0	0	nan	0.00	0.00	6.99	81.40	88.98	0.00	41	0	42	0.00	0.00	66.73	7.82	0.00	0.00	2000
228	11.32	2011	2107	0.00	203	0	0	0	nan	0.00	0.00	8.92	80.22	88.68	0.00	41	0	42	0.00	0.00	66.11	7.66	0.00	0.00	2000
229	11.14	2049	2103	0.00	198	0	0	0	nan	0.00	0.00	5.97	83.07	88.86	0.00	41	0	42	0.00	0.00	66.77	7.64	0.00	0.00	2000
228	11.17	2038	2099	0.00	198	0	0	0	nan	0.00	0.00	6.16	82.72	88.83	0.00	41	0	43	0.00	0.00	66.24	7.81	0.00	0.00	2000
231	11.01	2105	2096	0.00	198	0	0	0	nan	0.00	0.02	6.10	82.76	88.99	0.00	40	0	43	0.00	0.00	66.72	7.80	0.00	0.00	2000
231	10.85	2125	2101	0.00	197	0	0	0	nan	0.00	0.00	4.92	84.35	89.15	0.00	41	0	43	0.00	0.00	66.79	7.77	0.00	0.00	2000
227	10.93	2088	2092	0.00	194	0	0	0	nan	0.00	0.00	4.58	84.25	89.07	0.00	41	0	42	0.00	0.00	66.20	7.69	0.00	0.00	2000
221	11.14	2050	2036	0.00	194	0	0	0	nan	0.00	0.00	4.54	81.70	88.86	0.00	41	0	42	0.00	0.00	62.91	7.36	0.00	0.00	2000
228	11.22	2010	2126	0.00	212	0	0	0	nan	0.00	0.02	3.27	86.81	88.78	0.00	41	0	42	0.00	0.00	67.29	7.85	0.00	0.00	2000
232	10.90	2075	2155	0.00	212	0	0	0	nan	0.00	0.00	3.56	87.99	89.10	0.00	40	0	43	0.00	0.00	69.88	8.12	0.00	0.00	2000
228	10.91	2096	2091	0.00	195	0	0	0	nan	0.00	0.00	4.12	84.62	89.09	0.00	41	0	42	0.00	0.00	67.37	7.75	0.00	0.00	2000
226	11.20	2007	2108	0.00	194	0	0	0	nan	0.00	0.02	4.47	84.81	88.80	0.00	41	0	42	0.00	0.00	65.45	7.68	0.00	0.00	2000
230	11.29	2037	2104	1.67	194	0	0	11	13.22	0.00	0.00	3.35	85.59	88.71	0.00	41	0	43	0.00	0.00	67.26	7.84	0.00	0.00	2000
228	11.25	2032	2096	0.06	195	0	0	0	nan	0.00	0.00	4.04	84.60	88.75	0.00	41	0	43	0.00	0.00	66.15	7.77	0.00	0.00	2000
228	11.39	2001	2098	0.00	194	0	0	0	nan	0.00	0.00	3.88	84.78	88.61	0.00	41	0	42	0.00	0.00	65.86	7.72	0.00	0.00	2000
229	11.26	2042	2094	0.00	195	0	0	0	nan	0.00	0.00	3.86	84.82	88.74	0.00	40	0	43	0.00	0.00	66.30	7.87	0.00	0.00	2000
227	11.15	2039	2098	0.00	194	0	0	0	nan	0.00	0.00	4.95	84.01	88.85	0.00	41	0	42	0.00	0.00	66.36	7.61	0.00	0.00	2000
227	10.93	2080	2098	0.00	194	0	0	0	nan	0.00	0.00	4.82	84.29	89.07	0.00	41	0	42	0.00	0.00	66.18	7.59	0.00	0.00	2000
226	11.20	2012	2109	0.00	195	0	0	0	nan	0.00	0.00	5.38	83.97	88.80	0.00	41	0	42	0.00	0.00	66.09	7.55	0.00	0.00	2000
231	11.08	2087	2093	0.00	195	0	0	0	nan	0.00	0.00	4.34	84.40	88.92	0.00	41	0	42	0.00	0.00	66.59	7.70	0.00	0.00	2000
228	11.04	2056	2110	0.00	194	0	0	0	nan	0.00	0.00	4.94	84.53	88.96	0.00	41	0	42	0.00	0.00	66.79	7.70	0.00	0.00	2000
227	11.29	2013	2098	0.00	197	0	0	0	nan	0.00	0.00	5.40	83.39	88.71	0.00	41	0	42	0.00	0.00	65.98	7.68	0.00	0.00	2000
227	11.30	2010	2100	0.00	196	0	0	0	nan	0.00	0.00	4.92	83.95	88.70	0.00	41	0	43	0.00	0.00	66.77	7.74	0.00	0.00	2000
228	11.40	1996	2107	0.00	194	0	0	0	nan	0.00	0.00	3.56	85.53	88.60	0.00	41	0	42	0.00	0.00	66.66	7.82	0.00	0.00	2000
229	11.29	2039	2087	0.00	196	0	0	0	nan	0.00	0.02	4.26	84.11	88.71	0.00	40	0	42	0.00	0.00	66.68	7.72	0.00	0.00	2000
228	11.16	2035	2107	0.00	194	0	0	0	nan	0.00	0.00	4.49	84.84	88.84	0.00	41	0	42	0.00	0.00	66.24	7.78	0.00	0.00	2000
229	11.30	2031	2090	0.00	195	0	0	0	nan	0.00	0.02	4.10	84.37	88.70	0.00	41	0	42	0.00	0.00	66.74	7.86	0.00	0.00	2000
228	11.15	2044	2098	0.00	194	0	0	0	nan	0.00	0.00	4.53	84.47	88.85	0.00	41	0	42	0.00	0.00	66.59	7.66	0.00	0.00	2000
228	10.90	2096	2096	0.00	193	0	0	0	nan	0.00	0.00	4.29	84.74	89.10	0.00	41	0	42	0.00	0.00	66.67	7.70	0.00	0.00	2000
231	11.02	2091	2103	1.26	195	0	0	11	11.78	0.00	0.00	4.77	84.36	88.98	0.00	41	0	42	0.00	0.00	66.32	7.65	0.00	0.00	2000
228	11.12	2032	2115	0.44	195	0	0	0	nan	0.00	0.00	5.35	84.25	88.88	0.00	41	0	42	0.00	0.00	63.63	7.65	0.00	0.00	2000
243	11.67	2083	2098	0.00	194	0	0	0	nan	0.00	0.02	4.15	84.12	88.33	0.00	41	0	42	0.00	0.00	69.86	7.61	0.00	0.00	2000
227	11.11	2045	2099	0.00	194	0	0	0	nan	0.00	0.00	4.25	84.69	88.89	0.00	41	0	42	0.00	0.00	66.67	7.67	0.00	0.00	2000
229	11.04	2069	2105	0.00	194	0	0	0	nan	0.00	0.00	4.41	84.79	88.96	0.00	41	0	42	0.00	0.00	67.57	7.54	0.00	0.00	2000
228	11.09	2077	2079	0.00	199	0	0	0	nan	0.00	0.00	4.64	83.49	88.91	0.00	41	0	42	0.00	0.00	67.11	7.60	0.00	0.00	2000
230	10.84	2112	2113	0.00	196	0	0	0	nan	0.00	0.00	5.26	84.42	89.16	0.00	41	0	42	0.00	0.00	67.01	7.64	0.00	0.00	2000
229	10.93	2101	2090	0.00	194	0	0	0	nan	0.00	0.00	4.28	84.43	89.08	0.00	41	0	42	0.00	0.00	66.64	7.65	0.00	0.00	2000
228	10.97	2060	2115	0.00	194	0	0	0	nan	0.00	0.00	5.39	84.33	89.03	0.00	41	0	42	0.00	0.00	67.18	7.65	0.00	0.00	2000
221	10.87	2081	2056	0.00	194	0	0	0	nan	0.00	0.00	4.84	82.40	89.13	0.00	41	0	42	0.00	0.00	64.84	7.44	0.00	0.00	2000
235	11.51	2037	2102	0.00	194	0	0	0	nan	0.00	0.02	2.84	85.90	88.49	0.00	41	0	42	0.00	0.00	65.47	7.70	0.00	0.00	2000
228	10.87	2066	2133	0.00	211	0	0	0	nan	0.00	0.00	4.04	86.61	89.13	0.00	41	0	42	0.00	0.00	70.67	8.14	0.00	0.00	2000
230	11.00	2083	2110	0.00	197	0	0	0	nan	0.00	0.00	4.96	84.58	89.00	0.00	40	0	42	0.00	0.00	66.85	7.72	0.00	0.00	2000
229	11.22	2045	2096	0.00	194	0	0	0	nan	0.00	0.00	4.18	84.53	88.78	0.00	41	0	42	0.00	0.00	67.05	7.89	0.00	0.00	2000
229	10.90	2105	2093	0.00	195	0	0	0	nan	0.00	0.00	4.60	84.24	89.10	0.00	41	0	42	0.00	0.00	67.31	7.69	0.00	0.00	2000
224	11.06	2049	2075	0.00	195	0	0	0	nan	0.00	0.00	5.16	82.88	88.94	0.00	41	0	42	0.00	0.00	65.55	7.71	0.00	0.00	2000
230	10.87	2085	2128	0.00	194	0	0	0	nan	0.00	0.00	3.81	86.57	89.13	0.00	41	0	43	0.00	0.00	67.57	7.77	0.00	0.00	2000
229	10.98	2091	2098	1.08	194	0	0	11	15.46	0.00	0.00	3.49	85.58	89.02	0.00	41	0	42	0.00	0.00	67.40	7.73	0.00	0.00	2000
230	10.91	2106	2100	0.64	195	0	0	0	91.47	0.00	0.00	5.00	84.06	89.09	0.00	40	0	42	0.00	0.00	67.24	7.79	0.00	0.00	2000
224	10.90	2080	2078	0.00	195	0	0	0	nan	0.00	0.00	4.51	83.75	89.10	0.00	41	0	42	0.00	0.00	63.48	7.32	0.00	0.00	2000
225	11.29	2038	2052	0.00	194	0	0	0	nan	0.00	0.00	4.34	82.50	88.71	0.00	41	0	42	0.00	0.00	66.48	7.75	0.00	0.00	2000
232	10.60	2111	2177	0.00	211	0	0	0	nan	0.00	0.00	2.81	89.92	89.40	0.00	41	0	42	0.00	0.00	71.50	8.28	0.00	0.00	2000
222	11.35	2030	2026	0.00	196	0	0	0	nan	0.00	0.00	3.70	81.86	88.65	0.00	40	0	42	0.00	0.00	63.22	7.32	0.00	0.00	2000
230	11.29	2022	2111	0.00	227	0	0	0	nan	0.00	0.02	4.78	84.49	88.71	0.00	41	0	42	0.00	0.00	67.48	7.87	0.00	0.00	2000
233	10.83	2084	2166	0.00	211	0	0	0	nan	0.00	0.02	2.48	89.61	89.17	0.00	41	0	43	0.00	0.00	70.26	8.24	0.00	0.00	2000
230	11.00	2085	2104	0.00	194	0	0	0	nan	0.00	0.00	2.90	86.44	89.00	0.00	41	0	42	0.00	0.00	67.34	7.81	0.00	0.00	2000
230	10.94	2089	2110	0.00	195	0	0	0	nan	0.00	0.00	4.01	85.51	89.06	0.00	41	0	42	0.00	0.00	67.09	7.71	0.00	0.00	2000
227	10.95	2075	2095	0.00	193	0	0	0	nan	0.00	0.00	4.10	84.77	89.05	0.00	41	0	42	0.00	0.00	63.24	7.36	0.00	0.00	2000
227	10.87	2083	2101	0.00	194	0	0	0	nan	0.00	0.00	4.12	85.08	89.13	0.00	41	0	42	0.00	0.00	69.70	8.12	0.00	0.00	2000
231	11.07	2086	2099	0.00	195	0	0	0	nan	0.00	0.00	4.75	84.18	88.93	0.00	41	0	43	0.00	0.00	67.00	7.75	0.00	0.00	2000
228	11.07	2056	2105	0.00	196	0	0	0	nan	0.00	0.01	4.69	84.55	88.93	0.00	41	0	42	0.00	0.00	66.60	7.72	0.00	0.00	2000
227	11.10	2063	2085	0.00	195	0	0	0	nan	0.00	0.00	4.36	84.03	88.90	0.00	41	0	42	0.00	0.00	63.84	7.48	0.00	0.00	2000
229	11.05	2060	2111	0.00	196	0	0	0	nan	0.00	0.00	6.13	83.43	88.95	0.00	41	0	43	0.00	0.00	70.51	8.08	0.00	0.00	2000
228	10.83	2121	2086	0.00	197	0	0	0	nan	0.00	0.00	4.83	83.80	89.17	0.00	41	0	43	0.00	0.00	64.26	7.43	0.00	0.00	2000
229	10.80	2118	2105	1.25	194	0	0	11	13.52	0.00	0.00	5.23	84.18	89.20	0.00	41	0	42	0.00	0.00	67.21	7.84	0.00	0.00	2000
230	10.92	2105	2105	0.45	195	0	0	0	nan	0.00	0.00	4.98	84.24	89.08	0.00	41	0	42	0.00	0.00	67.45	7.86	0.00	0.00	2000
228	10.93	2086	2105	0.00	194	0	0	0	nan	0.00	0.00	4.61	84.69	89.07	0.00	41	0	42	0.00	0.00	67.10	7.96	0.00	0.00	2000
227	10.77	2116	2088	0.00	194	0	0	0	nan	0.00	0.00	4.12	84.64	89.23	0.00	41	0	42	0.00	0.00	67.47	7.85	0.00	0.00	2000
228	10.87	2083	2115	0.00	195	0	0	0	nan	0.00	0.00	4.61	85.12	89.13	0.00	41	0	42	0.00	0.00	69.87	8.01	0.00	0.00	2000
225	10.62	2132	2088	0.00	194	0	0	0	nan	0.00	0.00	4.13	84.72	89.38	0.00	40	0	42	0.00	0.00	64.08	7.63	0.00	0.00	2000
226	10.94	2093	2076	0.00	195	0	0	0	nan	0.00	0.00	4.31	83.79	89.06	0.00	41	0	42	0.00	0.00	65.59	7.50	0.00	0.00	2000
231	10.84	2097	2137	0.00	193	0	0	0	nan	0.00	0.00	3.37	87.36	89.16	0.00	41	0	42	0.00	0.00	71.49	8.22	0.00	0.00	2000
229	10.77	2139	2087	0.00	194	0	0	0	nan	0.00	0.00	3.79	84.87	89.23	0.00	41	0	42	0.00	0.00	64.50	7.30	0.00	0.00	2000
227	11.11	2033	2108	0.00	195	0	0	0	nan	0.00	0.00	4.56	84.77	88.89	0.00	41	0	42	0.00	0.00	66.44	7.89	0.00	0.00	2000
228	11.02	2074	2092	0.00	194	0	0	0	nan	0.00	0.00	4.47	84.26	88.98	0.00	41	0	42	0.00	0.00	67.80	7.66	0.00	0.00	2000
230	11.04	2087	2093	0.00	195	0	0	0	nan	0.00	0.00	5.06	83.68	88.96	0.00	41	0	42	0.00	0.00	66.79	7.69	0.00	0.00	2000
228	10.88	2078	2115	0.00	194	0	0	0	nan	0.00	0.00	4.97	84.90	89.12	0.00	41	0	42	0.00	0.00	67.01	7.64	0.00	0.00	2000
229	11.04	2069	2102	0.00	195	0	0	0	nan	0.00	0.00	4.08	85.07	88.96	0.00	41	0	42	0.00	0.00	64.28	7.48	0.00	0.00	2000
226	11.09	2045	2097	0.00	194	0	0	0	nan	0.00	0.00	4.48	84.41	88.91	0.00	41	0	43	0.00	0.00	69.12	8.06	0.00	0.00	2000
226	11.29	2004	2099	0.00	194	0	0	0	nan	0.00	0.00	3.91	84.85	88.71	0.00	41	0	42	0.00	0.00	66.85	7.59	0.00	0.00	2000
228	11.44	2040	2052	0.00	195	0	0	0	nan	0.00	0.00	3.56	83.02	88.56	0.00	41	0	42	0.00	0.00	61.53	7.29	0.00	0.00	2000
227	10.89	2036	2152	1.08	211	0	0	11	18.32	0.00	0.02	3.89	87.43	89.11	0.00	41	0	43	0.00	0.00	69.88	8.01	0.00	0.00	2000
236	11.34	2078	2106	0.65	196	0	0	0	92.46	0.00	0.00	5.04	83.91	88.66	0.00	40	0	43	0.00	0.00	67.29	7.69	0.00	0.00	2000
226	11.12	2045	2087	0.00	197	0	0	0	nan	0.00	0.00	4.39	84.12	88.88	0.00	40	0	42	0.00	0.00	66.79	7.54	0.00	0.00	2000
226	10.90	2095	2078	0.00	195	0	0	0	nan	0.00	0.03	4.42	83.73	89.10	0.00	40	0	42	0.00	0.00	65.92	7.57	0.00	0.00	2000
231	10.94	2088	2126	0.00	196	0	0	0	nan	0.00	0.00	4.11	86.17	89.06	0.00	40	0	42	0.00	0.00	63.77	7.05	0.00	0.00	2000
229	11.12	2051	2110	0.00	194	0	0	0	nan	0.00	0.00	3.40	85.97	88.88	0.00	41	0	43	0.00	0.00	66.84	8.27	0.00	0.00	2000
225	10.88	2084	2085	0.00	194	0	0	0	nan	0.00	0.00	3.89	84.67	89.12	0.00	41	0	42	0.00	0.00	65.88	7.39	0.00	0.00	2000
228	11.41	1995	2105	0.00	194	0	0	0	nan	0.00	0.00	4.70	84.26	88.59	0.00	40	0	42	0.00	0.00	66.30	7.67	0.00	0.00	2000
228	11.02	2058	2109	0.00	195	0	0	0	nan	0.00	0.00	3.54	85.81	88.98	0.00	41	0	42	0.00	0.00	63.67	7.32	0.00	0.00	2000
231	11.00	2102	2099	0.00	195	0	0	0	nan	0.00	0.00	4.63	84.38	89.00	0.00	41	0	42	0.00	0.00	65.43	7.54	0.00	0.00	2000
229	11.02	2094	2080	0.00	196	0	0	0	nan	0.00	0.00	4.34	83.91	88.98	0.00	41	0	43	0.00	0.00	65.70	7.49	0.00	0.00	2000
226	11.00	2044	2115	0.00	194	0	0	0	nan	0.00	0.00	5.12	84.61	89.00	0.00	41	0	42	0.00	0.00	64.39	7.36	0.00	0.00	2000
229	11.20	2040	2105	0.00	195	0	0	0	nan	0.00	0.02	3.47	85.62	88.80	0.00	40	0	43	0.00	0.00	66.63	7.45	0.00	0.00	2000
229	11.27	2044	2088	0.00	194	0	0	0	nan	0.00	0.00	3.58	84.88	88.73	0.00	41	0	42	0.00	0.00	67.07	8.26	0.00	0.00	2000
230	10.90	2112	2093	0.00	196	0	0	0	nan	0.00	0.00	5.00	83.84	89.10	0.00	41	0	42	0.00	0.00	66.14	7.46	0.00	0.00	2000
223	10.81	2081	2085	0.00	195	0	0	0	nan	0.00	0.00	4.30	84.34	89.19	0.00	41	0	42	0.00	0.00	64.87	7.36	0.00	0.00	2000
232	11.26	2028	2135	0.00	195	0	0	0	nan	0.00	0.00	4.63	85.72	88.74	0.00	41	0	42	0.00	0.00	65.91	7.33	0.00	0.00	2000
227	11.22	2023	2098	0.60	195	0	0	4	37.60	0.00	0.00	3.71	85.14	88.78	0.00	41	0	43	0.00	0.00	65.60	7.44	0.00	0.00	2000
225	11.04	2064	2070	0.96	194	0	0	3	63.87	0.00	0.00	3.44	84.42	88.96	0.00	41	0	42	0.00	0.00	65.59	7.61	0.00	0.00	2000
234	11.45	2024	2119	0.00	194	0	0	0	nan	0.00	0.00	4.48	85.07	88.55	0.00	41	0	42	0.00	0.00	66.03	7.51	0.00	0.00	2000
222	10.63	2075	2112	0.00	202	0	0	0	nan	0.00	0.00	5.04	84.96	89.37	0.00	39	0	42	0.00	0.00	67.78	7.73	0.00	0.00	2000
234	10.96	2135	2105	0.00	206	0	0	0	nan	0.00	0.00	5.79	83.58	89.04	0.00	38	0	42	0.00	0.00	61.05	6.94	0.00	0.00	2000
230	11.13	2071	2099	0.00	200	0	0	0	nan	0.00	0.00	5.57	83.37	88.87	0.00	39	0	42	0.00	0.00	65.44	7.40	0.00	0.00	2000
225	10.91	2094	2069	0.00	199	0	0	0	nan	0.00	0.01	5.72	82.15	89.09	0.00	39	0	42	0.00	0.00	67.35	8.23	0.00	0.00	2000
236	11.31	2051	2132	0.00	203	0	0	0	nan	0.00	0.00	5.10	85.00	88.69	0.00	39	0	42	0.00	0.00	66.01	8.33	0.00	0.00	2000
230	11.14	2061	2105	0.00	198	0	0	0	nan	0.00	0.01	6.74	82.50	88.86	0.00	39	0	42	0.00	0.00	67.74	8.46	0.00	0.00	2000
223	10.98	2063	2068	0.00	198	0	0	0	nan	0.00	0.00	5.30	82.53	89.02	0.00	39	0	43	0.00	0.00	66.01	8.44	0.00	0.00	2000
227	11.14	2052	2084	0.00	214	0	0	0	nan	0.00	0.02	3.75	84.59	88.86	0.00	39	0	42	0.00	0.00	66.61	8.55	0.00	0.00	2000
228	11.00	2056	2116	0.00	198	0	0	0	nan	0.00	0.01	5.03	84.85	89.00	0.00	40	0	42	0.00	0.00	67.02	8.78	0.00	0.00	2000
239	11.29	2086	2133	0.00	204	0	0	0	nan	0.01	0.02	3.81	86.39	88.71	0.00	39	0	43	0.00	0.00	69.04	8.87	0.00	0.00	2000
235	11.95	1967	2095	0.00	198	0	0	0	nan	0.00	0.04	3.72	84.30	88.05	0.00	40	0	42	0.00	0.00	67.12	8.33	0.00	0.00	2000
230	11.04	2085	2103	0.00	197	0	0	0	nan	0.00	2.44	3.51	83.26	88.96	0.00	39	0	42	0.00	0.00	67.28	8.65	0.00	0.00	2000
230	11.16	2057	2099	0.00	198	0	0	0	nan	0.00	0.97	6.75	81.22	88.84	0.00	40	0	43	0.00	0.00	67.29	8.37	0.00	0.00	2000
230	10.95	2101	2096	0.00	199	0	0	0	nan	0.00	0.00	5.67	83.33	89.05	0.00	40	0	43	0.00	0.00	67.40	8.53	0.00	0.00	2000
231	11.09	2077	2104	0.37	204	0	0	27	10.58	0.00	0.00	6.19	82.97	88.91	0.00	40	0	42	0.00	0.00	67.63	8.50	0.00	0.00	2000
229	11.08	2068	2100	0.89	198	0	0	10	20.22	0.00	0.00	5.81	83.27	88.92	0.00	40	0	42	0.00	0.00	67.11	8.49	0.00	0.00	2000
229	10.90	2109	2095	0.00	198	0	0	0	nan	0.00	0.00	6.10	82.81	89.10	0.00	39	0	42	0.00	0.00	67.76	8.42	0.00	0.00	2000
231	11.09	2082	2101	0.00	202	0	0	0	nan	0.00	0.00	7.02	82.10	88.91	0.00	39	0	43	0.00	0.00	67.28	8.50	0.00	0.00	2000
224	10.96	2070	2070	0.00	199	0	0	0	nan	0.00	0.00	5.40	82.45	89.04	0.00	40	0	42	0.00	0.00	66.01	8.18	0.00	0.00	2000
235	10.83	2158	2116	0.00	203	0	0	0	nan	0.00	0.00	5.50	84.34	89.17	0.00	39	0	42	0.00	0.00	67.06	8.22	0.00	0.00	2000
228	10.83	2112	2093	0.00	198	0	0	0	nan	0.00	0.02	5.75	83.21	89.17	0.00	39	0	43	0.00	0.00	65.56	7.32	0.00	0.00	2000
234	11.07	2084	2128	0.00	199	0	0	0	nan	0.00	0.00	4.18	85.96	88.93	0.00	39	0	42	0.00	0.00	66.75	7.55	0.00	0.00	2000
223	11.13	2039	2065	0.00	197	0	0	0	nan	0.00	0.00	4.68	82.88	88.87	0.00	40	0	42	0.00	0.00	65.26	7.65	0.00	0.00	2000
230	11.15	2057	2106	0.00	203	0	0	0	nan	0.01	0.00	5.57	83.64	88.85	0.00	40	0	42	0.00	0.00	67.40	8.54	0.00	0.00	2000
237	11.10	2122	2117	0.00	221	1	0	0	nan	0.00	0.11	3.14	86.51	88.90	0.00	39	0	43	0.00	0.00	63.93	7.45	0.00	0.00	2000
231	11.24	2043	2113	0.00	198	0	0	0	nan	0.00	1.98	5.56	82.04	88.76	0.00	39	0	43	0.00	0.00	69.18	7.96	0.00	0.00	2000
226	11.01	2083	2071	0.00	202	0	0	0	nan	0.00	0.44	5.79	81.68	88.99	0.00	40	0	43	0.00	0.00	64.87	7.59	0.00	0.00	2000
217	10.78	2015	2092	0.00	198	0	0	0	nan	0.00	0.00	3.09	85.85	89.22	0.00	39	0	42	0.00	0.00	68.47	7.91	0.00	0.00	2000
109	8.10	1329	2134	0.00	228	0	0	0	nan	0.00	0.01	5.70	87.67	91.90	0.00	38	0	42	0.00	0.00	60.41	7.47	0.00	0.00	2000
78	6.91	1142	2084	0.00	193	0	0	0	nan	0.00	0.00	3.36	89.08	93.09	0.00	37	0	42	0.00	0.00	59.88	7.45	0.00	0.00	2000
153	10.26	1471	2124	0.00	50	0	0	0	nan	0.00	0.00	16.97	73.83	89.74	0.00	38	0	43	0.00	0.00	66.78	7.47	0.00	0.00	2000
