Avg_MHz	Busy%	Bzy_MHz	TSC_MHz	IPC	IRQ	NMI	SMI	LLCMRPS	LLC%hit	POLL%	C1%	C1E%	C6%	CPU%c1	CPU%c6	CoreTmp	CoreThr	PkgTmp	Pkg%pc2	Pkg%pc6	PkgWatt	RAMWatt	PKG_%	RAM_%	UncMHz
246	14.24	1888	1925	0.00	227	0	0	0	nan	0.01	0.00	27.92	50.72	85.76	0.00	37	0	42	0.00	0.00	52.78	6.50	0.00	0.00	2000
446	18.85	2104	2364	0.00	281	0	0	0	nan	0.04	1.88	22.11	67.56	81.15	0.00	38	0	43	0.00	0.00	82.48	9.00	0.00	0.00	2000
79	6.46	1214	2108	0.00	194	0	0	0	nan	0.00	0.02	11.57	82.21	93.54	0.00	37	0	43	0.00	0.00	58.59	7.50	0.00	0.00	2000
72	6.95	1050	2073	0.00	193	0	0	0	nan	0.00	0.00	3.53	88.39	93.05	0.00	37	0	42	0.00	0.00	58.86	7.37	0.00	0.00	2000
74	6.62	1098	2131	0.00	210	0	0	0	nan	0.00	0.00	3.01	91.72	93.38	0.00	37	0	43	0.00	0.00	61.26	7.87	0.00	0.00	2000
80	6.51	1234	2090	0.00	180	0	0	0	nan	0.00	0.02	3.43	89.67	93.49	0.00	37	0	42	0.00	0.00	57.19	7.30	0.00	0.00	2000
74	6.41	1168	2089	0.00	196	0	0	0	nan	0.00	0.01	3.35	89.62	93.59	0.00	37	0	43	0.00	0.00	57.80	7.39	0.00	0.00	2000
71	6.52	1088	2115	0.00	193	0	0	0	nan	0.01	0.00	2.81	91.24	93.48	0.00	37	0	42	0.00	0.00	59.47	7.54	0.00	0.00	2000
73	6.46	1140	2083	0.00	194	0	0	0	nan	0.00	0.00	3.08	89.53	93.54	0.00	37	0	43	0.00	0.00	56.05	7.18	0.00	0.00	2000
72	6.48	1116	2098	0.00	194	0	0	0	nan	0.00	0.02	3.01	90.39	93.52	0.00	37	0	42	0.00	0.00	58.75	7.65	0.00	0.00	2000
74	6.85	1076	2103	0.00	195	0	0	0	nan	0.00	0.01	1.98	91.39	93.15	0.00	37	0	43	0.00	0.00	60.40	7.78	0.00	0.00	2000
72	6.34	1134	2101	0.00	195	0	0	0	nan	0.00	0.00	2.74	90.83	93.66	0.00	37	0	42	0.00	0.00	56.22	7.16	0.00	0.00	2000
73	6.79	1069	2116	0.00	209	0	0	0	nan	0.00	0.03	3.43	90.58	93.21	0.00	37	0	43	0.00	0.00	63.39	8.19	0.00	0.00	2000
72	6.57	1097	2100	0.00	177	0	0	0	nan	0.00	0.02	3.26	90.23	93.43	0.00	37	0	42	0.00	0.00	56.06	7.23	0.00	0.00	2000
73	6.68	1103	2090	0.00	196	0	0	0	nan	0.00	0.05	2.86	90.06	93.32	0.00	37	0	43	0.00	0.00	57.93	7.49	0.00	0.00	2000
71	6.45	1097	2116	0.00	209	0	0	1	87.85	0.00	0.00	3.20	91.00	93.55	0.00	37	0	43	0.00	0.00	61.02	7.69	0.00	0.00	2000
75	6.65	1128	2104	0.07	194	0	0	2	85.58	0.00	0.02	3.73	89.68	93.35	0.00	37	0	43	0.00	0.00	57.21	7.49	0.00	0.00	2000
72	6.56	1104	2078	0.00	193	0	0	0	nan	0.00	0.02	3.37	89.12	93.44	0.00	37	0	43	0.00	0.00	58.47	7.40	0.00	0.00	2000
143	8.61	1657	2108	0.00	212	0	0	0	nan	0.00	0.00	6.03	85.86	91.39	0.00	39	0	42	0.00	0.00	60.91	7.59	0.00	0.00	2000
229	10.85	2112	2098	0.00	202	0	0	0	nan	0.00	0.02	3.05	86.14	89.15	0.00	40	0	43	0.00	0.00	63.04	7.33	0.00	0.00	2000
229	11.05	2090	2083	0.00	207	0	0	0	nan	0.00	0.02	4.04	84.24	88.95	0.00	40	0	43	0.00	0.00	64.18	7.35	0.00	0.00	2000
234	10.71	2167	2116	0.00	204	0	0	0	nan	0.00	0.04	4.18	85.81	89.29	0.00	40	0	43	0.00	0.00	65.72	7.50	0.00	0.00	2000
236	11.23	2085	2113	0.00	222	0	0	0	nan	0.00	0.02	4.74	84.77	88.77	0.00	39	0	43	0.00	0.00	66.83	7.76	0.00	0.00	2000
230	11.03	2097	2092	0.00	180	0	0	0	nan	0.00	0.00	6.38	82.31	88.97	0.00	39	0	42	0.00	0.00	64.51	7.57	0.00	0.00	2000
230	11.10	2080	2092	0.00	197	0	0	0	nan	0.00	0.00	5.15	83.44	88.90	0.00	39	0	42	0.00	0.00	65.92	7.73	0.00	0.00	2000
235	11.14	2092	2116	0.00	213	0	0	0	nan	0.00	0.02	5.89	83.74	88.86	0.00	37	0	42	0.00	0.00	68.42	8.18	0.00	0.00	2000
234	11.04	2121	2101	0.00	181	0	0	0	nan	0.00	0.00	5.38	83.71	88.96	0.00	37	0	43	0.00	0.00	64.77	7.62	0.00	0.00	2000
230	11.14	2089	2075	0.00	202	0	0	0	nan	0.00	0.02	5.35	82.49	88.86	0.00	38	0	43	0.00	0.00	64.34	7.27	0.00	0.00	2000
227	11.15	2027	2108	0.00	212	0	0	0	nan	0.00	0.00	4.82	84.50	88.85	0.00	38	0	43	0.00	0.00	66.18	7.67	0.00	0.00	2000
232	11.19	2078	2097	0.00	197	0	0	0	nan	0.00	0.02	3.03	85.79	88.81	0.00	38	0	43	0.00	0.00	64.52	7.49	0.00	0.00	2000
229	10.97	2085	2106	0.00	214	0	0	0	nan	0.00	0.00	4.73	84.69	89.03	0.00	39	0	42	0.00	0.00	67.33	7.69	0.00	0.00	2000
234	10.96	2125	2115	0.00	199	0	0	0	nan	0.00	0.04	5.63	84.08	89.04	0.00	39	0	43	0.00	0.00	66.46	7.71	0.00	0.00	2000
230	10.81	2124	2101	0.00	198	0	0	5	81.51	0.00	0.00	4.66	84.67	89.19	0.00	39	0	42	0.00	0.00	65.09	7.49	0.00	0.00	2000
224	11.33	2026	2053	0.63	199	0	0	8	84.13	0.00	0.00	4.98	81.76	88.67	0.00	39	0	43	0.00	0.00	57.36	7.11	0.00	0.00	2000
230	10.78	2127	2107	0.00	213	0	0	0	nan	0.00	0.44	4.45	84.73	89.22	0.00	38	0	43	0.00	0.00	69.69	7.48	0.00	0.00	2000
242	11.77	2052	2101	0.00	219	0	0	0	nan	0.00	0.01	4.87	83.52	88.23	0.00	38	0	42	0.00	0.00	58.97	6.95	0.00	0.00	2000
242	11.27	2127	2124	0.00	264	0	0	0	nan	0.00	0.02	8.27	81.45	88.73	0.00	38	0	43	0.00	0.00	76.80	9.08	0.00	0.00	2000
234	11.46	2071	2065	0.00	198	0	0	0	nan	0.00	0.00	5.64	81.53	88.54	0.00	39	0	43	0.00	0.00	65.02	8.09	0.00	0.00	2000
239	11.37	2047	2153	0.00	215	0	0	0	nan	0.00	0.00	9.28	81.71	88.63	0.00	39	0	43	0.00	0.00	68.41	8.09	0.00	0.00	2000
234	10.94	2141	2098	0.00	197	0	0	0	nan	0.00	0.00	7.88	81.13	89.06	0.00	39	0	42	0.00	0.00	62.62	7.51	0.00	0.00	2000
234	11.18	2086	2104	0.00	199	0	0	0	nan	0.00	0.00	7.45	81.60	88.83	0.00	39	0	43	0.00	0.00	63.09	7.75	0.00	0.00	2000
233	11.28	2102	2062	0.00	184	0	0	0	nan	0.00	0.02	7.07	80.16	88.72	0.00	40	0	42	0.00	0.00	65.88	8.11	0.00	0.00	2000
233	11.23	2043	2137	0.00	214	0	0	0	nan	0.00	0.00	7.75	82.64	88.77	0.00	39	0	42	0.00	0.00	64.83	7.80	0.00	0.00	2000
234	11.35	2061	2100	0.00	198	0	0	0	nan	0.00	0.00	8.12	80.69	88.65	0.00	39	0	42	0.00	0.00	63.36	7.69	0.00	0.00	2000
231	11.50	2031	2073	0.00	179	0	0	0	nan	0.05	0.02	6.99	80.60	88.50	0.00	40	0	42	0.00	0.00	60.52	7.35	0.00	0.00	2000
229	11.10	2052	2109	0.00	197	0	0	0	nan	0.00	0.07	5.64	83.66	88.90	0.00	40	0	42	0.00	0.00	67.83	7.36	0.00	0.00	2000
230	10.92	2107	2100	0.00	194	0	0	0	nan	0.02	0.54	4.47	84.11	89.08	0.00	41	0	43	0.00	0.00	66.56	7.69	0.00	0.00	2000
231	11.28	2027	2121	0.00	213	0	0	0	nan	0.00	0.00	8.29	81.45	88.72	0.00	40	0	42	0.00	0.00	63.39	7.66	0.00	0.00	2000
233	11.31	2077	2081	0.00	181	0	0	0	nan	0.02	0.00	7.40	80.52	88.69	0.00	40	0	43	0.00	0.00	63.89	7.55	0.00	0.00	2000
228	10.95	2104	2077	0.42	195	0	0	4	89.21	0.00	0.02	8.32	79.78	89.05	0.00	40	0	42	0.00	0.00	66.64	7.77	0.00	0.00	2000
230	10.90	2075	2141	0.39	212	0	0	0	87.44	0.00	0.00	7.58	83.31	89.10	0.00	40	0	42	0.00	0.00	62.77	7.31	0.00	0.00	2000
230	11.05	2098	2080	0.00	181	0	0	0	nan	0.00	0.02	7.61	80.50	88.95	0.00	40	0	42	0.00	0.00	64.63	7.25	0.00	0.00	2000
229	10.92	2107	2090	0.00	210	0	0	0	nan	0.00	0.00	8.24	80.41	89.08	0.00	40	0	42	0.00	0.00	63.67	7.24	0.00	0.00	2000
231	11.15	2066	2104	0.00	197	0	0	0	nan	0.00	0.00	7.35	81.77	88.85	0.00	40	0	42	0.00	0.00	64.16	7.44	0.00	0.00	2000
231	11.04	2082	2106	0.00	200	0	0	0	nan	0.00	0.00	8.84	80.41	88.96	0.00	40	0	43	0.00	0.00	64.74	7.40	0.00	0.00	2000
229	10.82	2121	2092	0.00	197	0	0	0	nan	0.00	0.00	8.35	80.50	89.18	0.00	40	0	43	0.00	0.00	64.81	7.37	0.00	0.00	2000
230	10.96	2076	2120	0.00	195	0	0	0	nan	0.00	0.00	8.58	81.45	89.04	0.00	40	0	42	0.00	0.00	64.84	7.40	0.00	0.00	2000
228	11.01	2085	2086	0.00	197	0	0	0	nan	0.00	0.00	7.55	80.86	88.99	0.00	40	0	42	0.00	0.00	64.62	7.44	0.00	0.00	2000
231	10.75	2145	2108	0.00	196	0	0	0	nan	0.00	0.00	7.72	81.98	89.25	0.00	41	0	42	0.00	0.00	64.75	7.41	0.00	0.00	2000
230	10.99	2082	2112	0.00	201	0	0	0	nan	0.00	0.08	5.89	83.59	89.01	0.00	40	0	43	0.00	0.00	65.88	7.97	0.00	0.00	2000
230	11.19	2066	2094	0.00	199	0	0	0	nan	0.00	0.05	5.24	83.39	88.81	0.00	41	0	43	0.00	0.00	64.20	7.37	0.00	0.00	2000
231	11.07	2097	2088	0.00	182	0	0	0	nan	0.04	0.00	7.71	80.70	88.93	0.00	40	0	43	0.00	0.00	65.02	7.49	0.00	0.00	2000
227	11.26	2072	2041	0.00	213	0	0	0	nan	0.00	0.00	8.10	78.25	88.74	0.00	41	0	42	0.00	0.00	62.51	7.13	0.00	0.00	2000
233	10.89	2079	2160	0.00	211	0	0	0	nan	0.00	0.00	7.82	83.92	89.11	0.00	41	0	42	0.00	0.00	66.99	7.62	0.00	0.00	2000
231	10.90	2118	2102	0.00	205	0	0	0	nan	0.00	0.00	6.94	82.28	89.10	0.00	41	0	43	0.00	0.00	64.68	7.39	0.00	0.00	2000
230	10.62	2143	2117	0.00	195	0	0	0	nan	0.00	0.00	9.37	80.64	89.38	0.00	40	0	43	0.00	0.00	65.10	7.62	0.00	0.00	2000
229	11.01	2099	2086	0.49	196	0	0	4	87.58	0.00	0.00	6.60	81.85	88.99	0.00	41	0	42	0.00	0.00	64.92	7.27	0.00	0.00	2000
229	10.94	2081	2113	0.70	195	0	0	2	91.32	0.00	0.00	7.44	82.17	89.06	0.00	41	0	43	0.00	0.00	64.43	7.29	0.00	0.00	2000
234	11.33	2073	2096	0.00	199	0	0	0	nan	0.00	0.01	6.99	81.61	88.67	0.00	41	0	43	0.00	0.00	64.56	7.43	0.00	0.00	2000
229	10.87	2091	2115	0.00	203	0	0	0	nan	0.00	0.00	8.02	81.74	89.13	0.00	41	0	43	0.00	0.00	66.01	7.56	0.00	0.00	2000
230	11.43	2038	2071	0.00	180	0	0	0	nan	0.00	0.00	7.47	79.98	88.57	0.00	41	0	42	0.00	0.00	63.67	7.44	0.00	0.00	2000
229	10.92	2089	2104	0.00	212	0	0	0	nan	0.00	0.00	8.43	80.74	89.08	0.00	41	0	43	0.00	0.00	64.68	7.64	0.00	0.00	2000
231	10.73	2143	2107	0.00	200	0	0	0	nan	0.00	0.00	6.46	83.08	89.27	0.00	41	0	42	0.00	0.00	64.85	7.32	0.00	0.00	2000
230	10.96	2093	2102	0.00	194	0	0	0	nan	0.00	0.00	8.58	80.55	89.04	0.00	41	0	42	0.00	0.00	64.35	7.44	0.00	0.00	2000
230	10.79	2139	2093	0.00	202	0	0	0	nan	0.03	0.06	4.40	84.39	89.21	0.00	41	0	43	0.00	0.00	65.18	7.52	0.00	0.00	2000
229	10.51	2156	2119	0.00	196	0	0	0	nan	0.00	1.01	7.04	82.30	89.49	0.00	41	0	42	0.00	0.00	66.57	7.58	0.00	0.00	2000
229	11.14	2047	2106	0.00	182	0	0	0	nan	0.00	0.00	6.87	82.35	88.86	0.00	41	0	42	0.00	0.00	64.96	7.43	0.00	0.00	2000
229	10.98	2121	2067	0.00	198	0	0	0	nan	0.00	0.01	4.81	82.77	89.02	0.00	41	0	43	0.00	0.00	61.22	7.10	0.00	0.00	2000
231	11.22	2046	2117	0.00	213	0	0	0	nan	0.02	0.89	7.99	80.72	88.78	0.00	41	0	42	0.00	0.00	64.11	7.72	0.00	0.00	2000
230	10.96	2086	2115	0.00	198	0	0	0	nan	0.06	0.00	8.03	81.68	89.04	0.00	41	0	43	0.00	0.00	68.73	7.60	0.00	0.00	2000
230	10.67	2172	2086	0.00	183	0	0	0	nan	0.00	0.00	9.30	79.32	89.33	0.00	41	0	42	0.00	0.00	64.96	7.52	0.00	0.00	2000
229	11.23	2063	2077	0.00	199	0	0	0	nan	0.00	0.00	6.93	81.00	88.77	0.00	41	0	43	0.00	0.00	60.94	7.26	0.00	0.00	2000
231	10.77	2112	2131	0.00	213	0	0	0	nan	0.00	0.00	7.42	83.02	89.24	0.00	41	0	43	0.00	0.00	67.52	7.74	0.00	0.00	2000
230	11.15	2087	2078	0.14	201	0	0	6	55.53	0.00	0.00	6.24	81.74	88.85	0.00	41	0	43	0.00	0.00	64.54	7.58	0.00	0.00	2000
235	11.19	2088	2113	0.82	198	0	0	2	88.65	0.00	0.00	9.08	80.33	88.81	0.00	40	0	43	0.00	0.00	64.54	7.57	0.00	0.00	2000
227	11.02	2066	2097	0.00	197	0	0	0	nan	0.00	0.00	7.76	81.24	88.98	0.00	41	0	42	0.00	0.00	64.79	7.57	0.00	0.00	2000
229	11.13	2057	2103	0.00	196	0	0	0	nan	0.00	0.00	8.03	81.03	88.87	0.00	41	0	42	0.00	0.00	64.67	7.27	0.00	0.00	2000
234	11.05	2098	2119	0.00	197	0	0	0	nan	0.00	0.00	7.75	82.10	88.95	0.00	41	0	42	0.00	0.00	64.29	7.33	0.00	0.00	2000
230	11.18	2074	2088	0.00	196	0	0	0	nan	0.00	0.09	4.91	83.52	88.82	0.00	41	0	43	0.00	0.00	64.71	7.35	0.00	0.00	2000
230	11.31	2040	2099	0.00	198	0	0	0	nan	0.00	0.65	3.79	84.39	88.69	0.00	41	0	43	0.00	0.00	64.23	7.53	0.00	0.00	2000
229	10.65	2160	2089	0.00	200	0	0	0	nan	0.00	0.85	7.10	80.91	89.35	0.00	41	0	43	0.00	0.00	62.63	7.58	0.00	0.00	2000
227	10.85	2103	2092	0.00	198	0	0	0	nan	0.00	0.00	8.86	80.09	89.15	0.00	41	0	43	0.00	0.00	64.72	7.03	0.00	0.00	2000
229	11.02	2064	2111	0.00	195	0	0	0	nan	0.00	0.00	9.81	79.69	88.98	0.00	41	0	43	0.00	0.00	66.94	7.80	0.00	0.00	2000
228	11.04	2050	2118	0.00	196	0	0	0	nan	0.00	0.03	9.06	80.71	88.96	0.00	41	0	42	0.00	0.00	63.49	7.36	0.00	0.00	2000
238	11.65	2046	2097	0.00	196	0	0	0	nan	0.00	0.37	11.07	76.94	88.35	0.00	41	0	42	0.00	0.00	64.99	7.53	0.00	0.00	2000
228	11.28	2055	2070	0.00	203	0	0	0	nan	0.00	0.00	5.58	81.90	88.72	0.00	40	0	43	0.00	0.00	62.80	7.24	0.00	0.00	2000
229	11.24	2024	2113	0.00	210	0	0	0	nan	0.00	0.00	9.44	79.99	88.76	0.00	41	0	42	0.00	0.00	64.20	7.40	0.00	0.00	2000
227	11.05	2051	2107	0.00	196	0	0	0	nan	0.00	0.00	7.79	81.58	88.95	0.00	41	0	43	0.00	0.00	64.26	7.42	0.00	0.00	2000
229	11.28	2029	2104	0.00	199	0	0	0	nan	0.00	0.00	8.26	80.79	88.72	0.00	41	0	43	0.00	0.00	66.97	7.83	0.00	0.00	2000
230	11.15	2081	2079	0.00	198	0	0	0	nan	0.00	0.00	7.11	80.97	88.85	0.00	41	0	43	0.00	0.00	61.59	7.29	0.00	0.00	2000
229	10.77	2096	2131	0.00	200	0	0	3	92.02	0.00	0.00	9.34	81.27	89.23	0.00	41	0	42	0.00	0.00	66.22	7.60	0.00	0.00	2000
229	11.15	2090	2064	0.65	186	0	0	5	90.92	0.00	0.00	7.63	79.81	88.85	0.00	41	0	42	0.00	0.00	63.34	7.39	0.00	0.00	2000
229	11.21	2020	2126	0.00	211	0	0	0	nan	0.00	0.00	8.41	81.60	88.79	0.00	40	0	42	0.00	0.00	66.67	7.85	0.00	0.00	2000
228	10.96	2090	2093	0.00	198	0	0	0	nan	0.00	0.06	4.39	84.44	89.04	0.00	40	0	43	0.00	0.00	63.15	8.20	0.00	0.00	2000
232	11.07	2100	2100	0.00	197	0	0	0	nan	0.01	0.03	4.36	84.66	88.93	0.00	41	0	43	0.00	0.00	63.62	8.87	0.00	0.00	2000
229	10.95	2091	2097	0.00	199	0	0	0	nan	0.00	0.03	8.23	80.78	89.05	0.00	41	0	43	0.00	0.00	69.31	8.77	0.00	0.00	2000
226	11.14	2086	2039	0.00	196	0	0	0	nan	0.00	0.00	8.97	77.36	88.86	0.00	41	0	42	0.00	0.00	66.50	8.75	0.00	0.00	2000
231	10.96	2038	2171	0.00	212	0	0	0	nan	0.00	0.03	6.91	85.19	89.04	0.00	41	0	43	0.00	0.00	66.34	9.05	0.00	0.00	2000
229	11.06	2053	2121	0.00	197	0	0	0	nan	0.00	0.00	6.93	82.96	88.94	0.00	41	0	42	0.00	0.00	66.07	7.63	0.00	0.00	2000
230	10.92	2109	2096	0.00	182	0	0	0	nan	0.00	0.00	5.67	83.30	89.08	0.00	41	0	43	0.00	0.00	62.15	7.26	0.00	0.00	2000
231	11.12	2068	2106	0.00	198	0	0	0	nan	0.00	0.01	6.69	82.55	88.88	0.00	40	0	43	0.00	0.00	66.40	7.65	0.00	0.00	2000
231	11.06	2085	2099	0.00	197	0	0	0	nan	0.06	0.05	8.34	80.58	88.94	0.00	41	0	42	0.00	0.00	66.65	7.66	0.00	0.00	2000
229	10.85	2115	2099	0.00	195	0	0	0	nan	0.00	0.00	6.94	82.20	89.15	0.00	41	0	43	0.00	0.00	60.56	6.99	0.00	0.00	2000
229	10.87	2107	2103	0.00	179	0	0	0	nan	0.00	0.02	6.22	83.07	89.13	0.00	40	0	42	0.00	0.00	66.46	7.61	0.00	0.00	2000
231	11.08	2083	2098	0.00	197	0	0	0	nan	0.00	0.00	5.10	83.84	88.92	0.00	41	0	42	0.00	0.00	66.07	7.58	0.00	0.00	2000
236	11.13	2120	2097	0.00	197	0	0	0	nan	0.00	0.02	6.58	82.20	88.87	0.00	41	0	43	0.00	0.00	63.07	7.28	0.00	0.00	2000
230	11.18	2055	2102	0.00	183	0	0	0	nan	0.00	0.00	6.75	82.27	88.82	0.00	41	0	43	0.00	0.00	63.11	7.39	0.00	0.00	2000
230	10.77	2138	2101	0.00	196	0	0	0	nan	0.00	0.05	5.30	83.99	89.23	0.00	40	0	42	0.00	0.00	66.90	7.62	0.00	0.00	2000
230	10.76	2142	2097	0.79	199	0	0	4	40.78	0.00	0.02	5.01	84.10	89.24	0.00	41	0	42	0.00	0.00	66.02	7.47	0.00	0.00	2000
231	11.02	2092	2102	0.13	196	0	0	0	nan	0.02	1.56	7.19	80.39	88.98	0.00	41	0	42	0.00	0.00	61.16	7.10	0.00	0.00	2000
232	10.87	2130	2102	0.00	182	0	0	0	nan	0.01	0.00	6.44	82.87	89.13	0.00	40	0	43	0.00	0.00	66.38	7.76	0.00	0.00	2000
240	11.61	2076	2094	0.00	196	0	0	0	nan	0.00	0.00	6.43	81.84	88.39	0.00	41	0	42	0.00	0.00	65.35	7.73	0.00	0.00	2000
233	11.21	2073	2101	0.00	204	0	0	0	nan	0.04	0.01	7.78	81.14	88.79	0.00	41	0	43	0.00	0.00	64.96	7.42	0.00	0.00	2000
229	11.05	2070	2099	0.00	198	0	0	0	nan	0.00	0.01	7.71	81.21	88.95	0.00	40	0	43	0.00	0.00	65.57	7.58	0.00	0.00	2000
230	11.22	2047	2100	0.00	198	0	0	0	nan	0.00	0.05	6.33	82.52	88.78	0.00	41	0	42	0.00	0.00	62.30	7.29	0.00	0.00	2000
229	11.05	2072	2100	0.00	196	0	0	0	nan	0.00	0.02	5.50	83.44	88.95	0.00	41	0	42	0.00	0.00	65.91	7.49	0.00	0.00	2000
230	11.16	2061	2103	0.00	196	0	0	0	nan	0.00	0.02	7.09	81.99	88.84	0.00	41	0	43	0.00	0.00	62.89	7.39	0.00	0.00	2000
230	11.31	2040	2097	0.00	183	0	0	0	nan	0.00	0.01	6.41	82.33	88.69	0.00	40	0	43	0.00	0.00	64.94	7.54	0.00	0.00	2000
230	11.13	2060	2104	0.00	197	0	0	0	nan	0.00	0.00	7.56	81.60	88.87	0.00	41	0	42	0.00	0.00	66.06	7.49	0.00	0.00	2000
229	11.12	2063	2098	0.00	195	0	0	0	nan	0.00	0.00	7.14	81.84	88.88	0.00	40	0	42	0.00	0.00	65.39	7.58	0.00	0.00	2000
230	10.78	2138	2096	0.00	196	0	0	0	nan	0.00	0.00	5.16	83.96	89.22	0.00	40	0	43	0.00	0.00	62.83	7.28	0.00	0.00	2000
229	11.03	2076	2105	0.00	199	0	0	0	nan	0.00	0.02	6.57	82.74	88.97	0.00	41	0	43	0.00	0.00	65.60	7.56	0.00	0.00	2000
232	11.04	2103	2096	0.00	196	0	0	0	nan	0.01	2.15	3.56	83.23	88.96	0.00	41	0	43	0.00	0.00	64.70	7.55	0.00	0.00	2000
228	11.13	2046	2103	0.00	203	0	0	0	nan	0.00	0.03	4.45	84.58	88.87	0.00	41	0	42	0.00	0.00	63.69	7.30	0.00	0.00	2000
231	10.96	2103	2104	0.00	182	0	0	0	nan	0.00	0.52	6.27	82.50	89.04	0.00	41	0	43	0.00	0.00	66.37	7.68	0.00	0.00	2000
230	11.18	2060	2094	0.30	197	0	0	4	52.81	0.00	0.00	7.62	81.07	88.82	0.00	40	0	43	0.00	0.00	65.73	7.67	0.00	0.00	2000
230	11.07	2079	2102	0.62	195	0	0	2	75.77	0.00	0.01	5.27	83.87	88.93	0.00	40	0	43	0.00	0.00	62.84	7.14	0.00	0.00	2000
230	11.24	2049	2101	0.00	194	0	0	0	nan	0.00	0.01	6.81	82.18	88.76	0.00	41	0	43	0.00	0.00	63.28	7.37	0.00	0.00	2000
232	11.27	2063	2098	0.00	195	0	0	0	nan	0.00	0.00	8.05	80.78	88.73	0.00	41	0	43	0.00	0.00	65.58	7.70	0.00	0.00	2000
229	10.41	2202	2097	0.00	183	0	0	0	nan	0.00	2.40	7.97	79.33	89.59	0.00	41	0	43	0.00	0.00	66.75	7.62	0.00	0.00	2000
230	11.15	2058	2104	0.00	194	0	0	0	nan	0.00	0.01	7.41	81.75	88.85	0.00	41	0	43	0.00	0.00	65.90	7.63	0.00	0.00	2000
230	10.87	2111	2102	0.00	197	0	0	0	nan	0.00	0.00	5.75	83.57	89.13	0.00	40	0	42	0.00	0.00	66.28	7.62	0.00	0.00	2000
230	10.92	2106	2100	0.00	198	0	0	0	nan	0.00	0.00	5.77	83.31	89.08	0.00	41	0	43	0.00	0.00	63.26	7.23	0.00	0.00	2000
230	10.98	2096	2095	0.00	201	0	0	0	nan	0.01	0.00	7.36	81.49	89.02	0.00	41	0	42	0.00	0.00	65.89	7.66	0.00	0.00	2000
234	11.28	2070	2105	0.00	199	0	0	0	nan	0.04	0.00	7.87	81.17	88.72	0.00	41	0	43	0.00	0.00	63.28	7.27	0.00	0.00	2000
228	10.97	2081	2098	0.00	178	0	0	0	nan	0.00	0.50	8.42	80.09	89.03	0.00	41	0	43	0.00	0.00	65.70	7.60	0.00	0.00	2000
231	10.83	2126	2105	0.00	199	0	0	0	nan	0.00	0.07	4.19	85.18	89.17	0.00	41	0	43	0.00	0.00	66.60	7.65	0.00	0.00	2000
229	10.99	2082	2097	0.00	195	0	0	0	nan	0.00	0.07	3.31	85.62	89.01	0.00	41	0	43	0.00	0.00	61.36	7.04	0.00	0.00	2000
230	10.91	2113	2099	0.00	197	0	0	0	nan	0.00	0.01	5.52	83.56	89.09	0.00	40	0	42	0.00	0.00	66.58	7.73	0.00	0.00	2000
228	11.17	2046	2094	0.00	183	0	0	0	nan	0.00	0.00	5.66	83.05	88.83	0.00	41	0	43	0.00	0.00	65.05	7.52	0.00	0.00	2000
234	11.05	2107	2107	0.00	201	0	0	0	nan	0.00	1.02	7.89	80.55	88.95	0.00	41	0	43	0.00	0.00	64.90	7.39	0.00	0.00	2000
228	10.91	2094	2098	0.00	195	0	0	0	nan	0.00	0.01	5.74	83.39	89.09	0.00	40	0	42	0.00	0.00	62.96	7.32	0.00	0.00	2000
231	11.16	2070	2100	0.00	198	0	0	1	72.06	0.00	0.00	8.20	80.75	88.84	0.00	41	0	43	0.00	0.00	66.27	7.61	0.00	0.00	2000
230	11.05	2076	2102	0.88	180	0	0	5	56.96	0.00	0.00	6.83	82.30	88.95	0.00	40	0	43	0.00	0.00	66.88	7.71	0.00	0.00	2000
230	10.85	2119	2100	0.00	195	0	0	0	nan	0.00	0.00	5.99	83.21	89.15	0.00	40	0	43	0.00	0.00	63.37	7.30	0.00	0.00	2000
230	10.80	2133	2099	0.00	196	0	0	0	nan	0.00	0.00	6.16	82.92	89.20	0.00	40	0	42	0.00	0.00	63.67	7.43	0.00	0.00	2000
235	11.01	2131	2100	0.00	201	0	0	0	nan	0.04	0.00	6.01	82.90	88.99	0.00	41	0	42	0.00	0.00	66.10	7.68	0.00	0.00	2000
229	11.04	2078	2098	0.00	180	0	0	0	nan	0.00	0.01	7.73	81.20	88.96	0.00	41	0	42	0.00	0.00	65.81	7.55	0.00	0.00	2000
230	10.92	2105	2105	0.00	197	0	0	0	nan	0.00	0.00	5.59	83.69	89.08	0.00	41	0	42	0.00	0.00	63.87	7.38	0.00	0.00	2000
229	10.88	2113	2095	0.00	195	0	0	0	nan	0.00	0.02	6.26	82.66	89.12	0.00	40	0	42	0.00	0.00	62.17	7.21	0.00	0.00	2000
230	10.99	2091	2105	0.00	197	0	0	0	nan	0.00	0.06	5.69	83.49	89.01	0.00	41	0	42	0.00	0.00	66.32	7.67	0.00	0.00	2000
230	10.70	2162	2090	0.00	180	0	0	0	nan	0.00	1.10	3.48	84.19	89.30	0.00	41	0	43	0.00	0.00	66.05	7.56	0.00	0.00	2000
232	10.97	2110	2105	0.00	201	0	0	0	nan	0.00	0.00	5.65	83.65	89.03	0.00	41	0	43	0.00	0.00	64.63	7.54	0.00	0.00	2000
230	10.74	2133	2107	0.00	200	0	0	0	nan	0.00	0.46	8.95	80.08	89.26	0.00	41	0	42	0.00	0.00	65.10	7.39	0.00	0.00	2000
231	10.56	2192	2094	0.00	197	0	0	0	nan	0.00	0.03	7.78	81.30	89.44	0.00	41	0	43	0.00	0.00	63.26	7.55	0.00	0.00	2000
231	10.96	2100	2106	0.00	196	0	0	0	nan	0.02	1.47	6.82	81.00	89.04	0.00	40	0	42	0.00	0.00	67.49	7.69	0.00	0.00	2000
229	11.04	2081	2096	0.00	180	0	0	0	nan	0.00	0.00	7.26	81.62	88.96	0.00	41	0	43	0.00	0.00	66.61	7.71	0.00	0.00	2000
232	11.09	2086	2103	0.00	199	0	0	0	nan	0.00	0.00	6.59	82.57	88.91	0.00	41	0	43	0.00	0.00	61.00	7.21	0.00	0.00	2000
231	10.99	2103	2096	0.00	196	0	0	0	nan	0.00	0.00	4.35	84.58	89.01	0.00	41	0	43	0.00	0.00	65.34	7.55	0.00	0.00	2000
230	11.09	2079	2098	0.00	195	0	0	0	nan	0.01	0.00	3.11	85.85	88.91	0.00	41	0	43	0.00	0.00	65.57	7.53	0.00	0.00	2000
230	10.96	2089	2105	0.36	194	0	0	4	53.29	0.00	0.01	3.88	85.40	89.04	0.00	41	0	43	0.00	0.00	66.52	7.67	0.00	0.00	2000
230	10.77	2131	2104	0.57	179	0	0	2	78.67	0.00	0.01	3.09	86.42	89.23	0.00	40	0	42	0.00	0.00	64.20	7.41	0.00	0.00	2000
235	11.09	2121	2095	0.00	195	0	0	0	nan	0.00	0.02	3.62	85.16	88.91	0.00	41	0	42	0.00	0.00	62.80	7.32	0.00	0.00	2000
229	10.98	2086	2099	0.00	195	0	0	0	nan	0.00	0.00	3.44	85.59	89.02	0.00	40	0	43	0.00	0.00	65.64	7.46	0.00	0.00	2000
230	11.43	2018	2098	0.00	196	0	0	0	nan	0.00	0.00	2.66	85.95	88.57	0.00	40	0	42	0.00	0.00	64.98	7.55	0.00	0.00	2000
228	10.75	2115	2106	0.00	194	0	0	0	nan	0.00	0.02	2.70	86.78	89.25	0.00	41	0	42	0.00	0.00	67.11	7.75	0.00	0.00	2000
229	11.21	2044	2098	0.00	178	0	0	0	nan	0.00	0.00	2.89	85.92	88.79	0.00	41	0	43	0.00	0.00	63.13	7.38	0.00	0.00	2000
227	11.14	2045	2092	0.00	196	0	0	0	nan	0.00	0.01	2.46	86.04	88.86	0.00	40	0	42	0.00	0.00	65.22	7.53	0.00	0.00	2000
229	11.13	2051	2110	0.00	196	0	0	0	nan	0.00	0.00	3.30	86.06	88.87	0.00	41	0	42	0.00	0.00	66.40	7.67	0.00	0.00	2000
229	11.16	2054	2098	0.00	196	0	0	0	nan	0.00	0.00	3.43	85.40	88.84	0.00	40	0	43	0.00	0.00	63.90	7.28	0.00	0.00	2000
232	11.04	2096	2102	0.00	194	0	0	0	nan	0.00	0.02	2.92	86.20	88.96	0.00	41	0	42	0.00	0.00	67.02	7.58	0.00	0.00	2000
228	10.91	2085	2102	0.00	178	0	0	0	nan	0.00	0.02	3.09	86.05	89.09	0.00	41	0	43	0.00	0.00	64.49	7.29	0.00	0.00	2000
229	10.99	2086	2099	0.00	196	0	0	0	nan	0.00	0.00	3.37	85.73	89.01	0.00	40	0	43	0.00	0.00	63.23	7.39	0.00	0.00	2000
228	10.87	2098	2098	0.00	195	0	0	0	nan	0.00	0.00	4.04	85.08	89.13	0.00	41	0	43	0.00	0.00	67.16	7.80	0.00	0.00	2000
230	10.90	2110	2100	0.00	197	0	0	0	nan	0.00	0.00	3.80	85.41	89.10	0.00	40	0	43	0.00	0.00	63.64	7.27	0.00	0.00	2000
229	11.27	2034	2100	0.00	180	0	0	0	nan	0.00	0.00	3.42	85.39	88.73	0.00	41	0	43	0.00	0.00	65.53	7.48	0.00	0.00	2000
230	11.13	2071	2095	0.00	196	0	0	0	nan	0.00	0.02	3.13	85.58	88.87	0.00	41	0	43	0.00	0.00	66.18	7.33	0.00	0.00	2000
228	10.96	2075	2105	0.00	194	0	0	1	68.36	0.00	0.01	2.57	86.74	89.04	0.00	41	0	43	0.00	0.00	63.90	7.34	0.00	0.00	2000
229	11.19	2049	2097	0.78	194	0	0	5	59.14	0.00	0.03	2.65	86.23	88.81	0.00	41	0	43	0.00	0.00	65.31	7.43	0.00	0.00	2000
227	11.20	2029	2101	0.00	194	0	0	0	nan	0.00	0.00	3.40	85.52	88.80	0.00	41	0	42	0.00	0.00	65.60	7.65	0.00	0.00	2000
229	10.94	2098	2098	0.00	196	0	0	0	nan	0.00	0.02	3.40	85.59	89.06	0.00	41	0	43	0.00	0.00	65.69	7.44	0.00	0.00	2000
230	11.14	2061	2101	0.00	196	0	0	0	nan	0.00	0.00	3.79	85.27	88.86	0.00	40	0	42	0.00	0.00	63.68	7.35	0.00	0.00	2000
229	11.32	2023	2100	0.00	194	0	0	0	nan	0.00	0.00	3.34	85.50	88.68	0.00	40	0	42	0.00	0.00	65.64	7.56	0.00	0.00	2000
226	11.07	2076	2070	0.00	178	0	0	0	nan	0.00	0.00	3.25	84.56	88.93	0.00	41	0	42	0.00	0.00	63.79	7.37	0.00	0.00	2000
228	10.93	2061	2129	0.00	212	0	0	0	nan	0.00	0.00	5.05	85.35	89.07	0.00	41	0	42	0.00	0.00	65.34	7.63	0.00	0.00	2000
228	10.98	2070	2102	0.00	178	0	0	0	nan	0.00	0.00	3.46	85.73	89.02	0.00	40	0	43	0.00	0.00	66.36	7.78	0.00	0.00	2000
231	10.99	2099	2106	0.00	196	0	0	0	nan	0.00	0.00	3.90	85.44	89.01	0.00	41	0	43	0.00	0.00	63.55	7.49	0.00	0.00	2000
228	10.84	2109	2092	0.00	194	0	0	0	nan	0.01	0.00	3.17	85.65	89.16	0.00	41	0	43	0.00	0.00	66.68	7.72	0.00	0.00	2000
225	11.27	2069	2030	0.00	196	0	0	0	nan	0.00	0.00	2.68	83.19	88.73	0.00	40	0	43	0.00	0.00	63.00	7.41	0.00	0.00	2000
229	10.66	2065	2179	0.00	210	0	0	0	nan	0.00	0.00	2.76	89.95	89.34	0.00	41	0	42	0.00	0.00	66.05	7.48	0.00	0.00	2000
229	11.22	2042	2098	0.00	178	0	0	0	nan	0.00	0.00	2.95	85.84	88.78	0.00	41	0	42	0.00	0.00	62.80	7.24	0.00	0.00	2000
229	10.92	2093	2104	0.00	195	0	0	0	nan	0.00	0.00	3.39	85.88	89.08	0.00	40	0	42	0.00	0.00	67.31	7.75	0.00	0.00	2000
247	11.81	2094	2096	0.00	195	0	0	0	nan	0.00	0.00	3.21	84.92	88.19	0.00	41	0	43	0.00	0.00	66.56	7.78	0.00	0.00	2000
230	11.02	2087	2101	0.00	196	0	0	0	nan	0.00	0.00	4.28	84.84	88.98	0.00	41	0	42	0.00	0.00	63.59	7.32	0.00	0.00	2000
230	11.08	2075	2103	0.00	179	0	0	0	nan	0.00	0.00	3.27	85.83	88.92	0.00	41	0	43	0.00	0.00	63.70	7.56	0.00	0.00	2000
225	11.24	2075	2026	0.47	197	0	0	8	15.87	0.00	0.00	4.01	81.74	88.76	0.00	40	0	43	0.00	0.00	63.96	7.71	0.00	0.00	2000
231	10.93	2038	2178	0.21	211	0	0	0	nan	0.00	0.00	3.68	88.78	89.07	0.00	40	0	42	0.00	0.00	65.99	7.63	0.00	0.00	2000
232	10.78	2153	2103	0.00	181	0	0	0	nan	0.00	0.02	3.94	85.30	89.22	0.00	41	0	42	0.00	0.00	64.14	7.55	0.00	0.00	2000
228	10.78	2120	2097	0.00	194	0	0	0	nan	0.00	0.00	3.07	86.10	89.22	0.00	41	0	42	0.00	0.00	65.93	7.61	0.00	0.00	2000
229	11.27	2034	2097	0.00	198	0	0	0	nan	0.00	0.01	3.98	84.72	88.73	0.00	41	0	43	0.00	0.00	63.02	7.41	0.00	0.00	2000
228	11.08	2058	2102	0.00	196	0	0	0	nan	0.00	0.00	2.95	86.21	88.92	0.00	41	0	42	0.00	0.00	65.98	7.51	0.00	0.00	2000
227	11.16	2039	2096	0.00	179	0	0	0	nan	0.00	0.00	3.39	85.32	88.84	0.00	40	0	42	0.00	0.00	65.17	7.52	0.00	0.00	2000
228	11.24	2032	2100	0.00	196	0	0	0	nan	0.00	0.00	2.64	86.20	88.76	0.00	41	0	43	0.00	0.00	65.01	7.54	0.00	0.00	2000
230	11.28	2029	2107	0.00	196	0	0	0	nan	0.00	0.01	2.67	86.44	88.72	0.00	41	0	43	0.00	0.00	64.16	7.43	0.00	0.00	2000
229	11.18	2049	2099	0.00	194	0	0	0	nan	0.00	0.00	3.36	85.54	88.82	0.00	41	0	43	0.00	0.00	65.58	7.51	0.00	0.00	2000
225	10.88	2145	2027	0.00	196	0	0	0	nan	0.00	0.02	3.01	82.99	89.12	0.00	41	0	43	0.00	0.00	61.46	7.23	0.00	0.00	2000
230	10.75	2066	2178	0.00	210	0	0	0	nan	0.00	0.02	3.05	89.55	89.25	0.00	41	0	42	0.00	0.00	66.44	7.98	0.00	0.00	2000
228	11.11	2049	2101	0.00	178	0	0	0	nan	0.00	0.02	3.11	85.88	88.89	0.00	40	0	42	0.00	0.00	66.06	7.61	0.00	0.00	2000
232	11.11	2086	2098	0.00	195	0	0	0	nan	0.00	0.00	3.74	85.18	88.89	0.00	40	0	42	0.00	0.00	66.64	7.72	0.00	0.00	2000
229	10.80	2120	2096	0.00	195	0	0	0	nan	0.00	0.00	2.89	86.25	89.20	0.00	40	0	42	0.00	0.00	62.87	7.26	0.00	0.00	2000
230	11.21	2049	2104	0.00	195	0	0	0	nan	0.00	0.01	3.82	85.22	88.79	0.00	41	0	42	0.00	0.00	66.25	7.90	0.00	0.00	2000
228	11.01	2074	2102	0.00	179	0	0	0	nan	0.00	0.01	3.19	86.04	88.99	0.00	41	0	42	0.00	0.00	63.76	7.48	0.00	0.00	2000
229	10.92	2100	2096	0.21	195	0	0	3	50.45	0.00	0.00	3.88	85.06	89.08	0.00	41	0	42	0.00	0.00	65.16	7.73	0.00	0.00	2000
224	11.45	2037	2021	0.68	195	0	0	3	69.91	0.00	0.00	2.99	82.38	88.55	0.00	41	0	43	0.00	0.00	62.26	7.35	0.00	0.00	2000
234	10.83	2075	2185	0.00	213	0	0	0	nan	0.00	0.02	3.33	89.45	89.17	0.00	41	0	43	0.00	0.00	66.80	8.02	0.00	0.00	2000
230	11.15	2054	2105	0.00	180	0	0	0	nan	0.00	0.03	3.65	85.50	88.85	0.00	41	0	42	0.00	0.00	66.93	8.02	0.00	0.00	2000
229	10.85	2119	2094	0.00	196	0	0	0	nan	0.00	0.00	3.56	85.32	89.15	0.00	41	0	42	0.00	0.00	62.56	7.32	0.00	0.00	2000
228	10.95	2079	2105	0.00	195	0	0	0	nan	0.00	0.00	3.57	85.65	89.05	0.00	41	0	43	0.00	0.00	66.84	7.40	0.00	0.00	2000
229	10.92	2102	2099	0.00	195	0	0	0	nan	0.00	0.00	3.42	85.70	89.08	0.00	41	0	42	0.00	0.00	64.65	7.54	0.00	0.00	2000
228	10.80	2112	2101	0.00	178	0	0	0	nan	0.00	0.02	3.68	85.65	89.20	0.00	41	0	43	0.00	0.00	63.84	7.46	0.00	0.00	2000
231	11.05	2095	2098	0.00	196	0	0	0	nan	0.00	0.00	3.08	85.83	88.95	0.00	40	0	42	0.00	0.00	65.74	7.73	0.00	0.00	2000
228	10.91	2088	2100	0.00	194	0	0	0	nan	0.00	0.00	3.66	85.53	89.09	0.00	41	0	43	0.00	0.00	63.48	7.50	0.00	0.00	2000
230	10.68	2148	2104	0.00	179	0	0	0	nan	0.00	0.00	3.42	86.03	89.32	0.00	41	0	42	0.00	0.00	66.53	7.73	0.00	0.00	2000
225	10.97	2133	2020	0.00	194	0	0	0	nan	0.00	0.00	3.05	82.71	89.03	0.00	41	0	42	0.00	0.00	61.77	7.05	0.00	0.00	2000
231	10.76	2067	2183	0.00	211	0	0	0	nan	0.00	0.00	3.22	89.59	89.24	0.00	41	0	42	0.00	0.00	67.05	7.63	0.00	0.00	2000
230	10.53	2185	2096	0.00	178	0	0	0	nan	0.00	0.02	2.92	86.21	89.47	0.00	41	0	43	0.00	0.00	62.62	7.10	0.00	0.00	2000
231	11.17	2064	2101	0.00	196	0	0	0	nan	0.00	0.00	3.52	85.44	88.83	0.00	41	0	43	0.00	0.00	67.65	7.86	0.00	0.00	2000
231	11.25	2047	2105	0.00	196	0	0	0	nan	0.00	0.00	3.84	85.22	88.75	0.00	41	0	43	0.00	0.00	64.19	7.59	0.00	0.00	2000
232	10.94	2128	2095	0.00	197	0	0	0	nan	0.00	0.02	4.17	84.74	89.06	0.00	40	0	42	0.00	0.00	65.84	7.59	0.00	0.00	2000
229	10.88	2102	2102	0.00	195	0	0	1	73.88	0.00	0.02	3.43	85.76	89.12	0.00	41	0	42	0.00	0.00	63.58	7.62	0.00	0.00	2000
230	10.92	2103	2104	0.86	179	0	0	5	54.83	0.00	0.00	3.11	86.16	89.08	0.00	41	0	42	0.00	0.00	66.26	7.74	0.00	0.00	2000
230	11.32	2031	2098	0.00	195	0	0	0	nan	0.00	0.00	4.13	84.48	88.68	0.00	41	0	42	0.00	0.00	63.20	7.59	0.00	0.00	2000
226	10.65	2203	2026	0.00	194	0	0	0	nan	0.00	0.01	2.79	83.38	89.35	0.00	41	0	43	0.00	0.00	64.15	7.07	0.00	0.00	2000
230	10.90	2037	2180	0.00	211	0	0	0	nan	0.00	0.02	3.08	89.57	89.10	0.00	41	0	42	0.00	0.00	65.96	7.97	0.00	0.00	2000
229	11.05	2081	2093	0.00	179	0	0	0	nan	0.00	0.00	3.01	85.70	88.95	0.00	40	0	42	0.00	0.00	64.83	7.83	0.00	0.00	2000
228	11.00	2072	2101	0.00	195	0	0	0	nan	0.00	0.02	3.16	85.90	89.00	0.00	41	0	43	0.00	0.00	63.16	7.32	0.00	0.00	2000
233	11.05	2097	2110	0.00	198	1	0	0	nan	0.00	0.00	4.86	84.52	88.95	0.00	40	0	42	0.00	0.00	68.31	8.13	0.00	0.00	2000
229	10.66	2148	2097	0.00	196	0	0	0	nan	0.00	0.00	3.32	85.94	89.34	0.00	41	0	42	0.00	0.00	63.45	7.38	0.00	0.00	2000
229	10.76	2130	2100	0.00	195	0	0	0	nan	0.00	0.02	2.62	86.65	89.24	0.00	41	0	42	0.00	0.00	63.68	7.49	0.00	0.00	2000
228	10.82	2108	2097	0.00	179	0	0	0	nan	0.00	0.00	3.59	85.50	89.18	0.00	41	0	42	0.00	0.00	65.83	7.87	0.00	0.00	2000
228	10.67	2142	2097	0.00	195	0	0	0	nan	0.00	0.00	2.74	86.34	89.33	0.00	41	0	42	0.00	0.00	64.83	7.71	0.00	0.00	2000
228	10.90	2136	2054	0.00	194	0	0	0	nan	0.00	0.02	2.53	84.52	89.10	0.00	41	0	42	0.00	0.00	60.57	7.09	0.00	0.00	2000
230	10.95	2057	2148	0.00	213	0	0	0	nan	0.00	0.00	4.32	86.90	89.05	0.00	40	0	43	0.00	0.00	67.48	7.98	0.00	0.00	2000
228	11.12	2046	2106	0.00	195	0	0	0	nan	0.00	0.00	4.10	85.11	88.88	0.00	41	0	42	0.00	0.00	66.55	7.76	0.00	0.00	2000
230	11.00	2091	2103	0.00	178	0	0	0	nan	0.00	0.00	3.59	85.61	89.00	0.00	41	0	42	0.00	0.00	62.94	7.51	0.00	0.00	2000
228	11.05	2063	2097	0.00	196	0	0	0	nan	0.00	0.00	3.66	85.34	88.95	0.00	41	0	42	0.00	0.00	62.90	7.52	0.00	0.00	2000
234	11.42	2055	2097	0.00	196	0	0	0	nan	0.00	0.02	3.33	85.27	88.58	0.00	41	0	42	0.00	0.00	68.16	7.94	0.00	0.00	2000
228	11.30	2023	2093	0.57	196	0	0	4	37.67	0.00	0.00	3.49	85.00	88.70	0.00	41	0	42	0.00	0.00	62.58	7.32	0.00	0.00	2000
232	10.86	2132	2105	0.35	196	0	0	0	nan	0.00	0.00	3.89	85.48	89.14	0.00	40	0	42	0.00	0.00	65.56	7.86	0.00	0.00	2000
228	11.06	2087	2069	0.00	178	0	0	0	nan	0.00	0.00	3.06	84.61	88.94	0.00	40	0	42	0.00	0.00	62.12	7.38	0.00	0.00	2000
230	10.80	2089	2136	0.00	211	0	0	0	nan	0.00	0.00	4.93	85.84	89.20	0.00	40	0	42	0.00	0.00	68.82	8.15	0.00	0.00	2000
229	11.10	2059	2101	0.00	179	0	0	0	nan	0.00	0.00	2.92	86.11	88.90	0.00	40	0	43	0.00	0.00	64.21	7.45	0.00	0.00	2000
229	11.00	2081	2101	0.00	193	0	0	0	nan	0.00	0.02	3.66	85.39	89.00	0.00	41	0	43	0.00	0.00	63.34	7.55	0.00	0.00	2000
231	10.98	2100	2101	0.00	195	0	0	0	nan	0.00	0.00	3.48	85.62	89.02	0.00	41	0	42	0.00	0.00	66.84	7.75	0.00	0.00	2000
229	11.00	2083	2096	0.00	181	0	0	0	nan	0.00	0.00	2.90	85.96	89.00	0.00	40	0	42	0.00	0.00	62.57	7.24	0.00	0.00	2000
226	11.48	2009	2055	0.00	195	0	0	0	nan	0.00	0.00	2.38	84.37	88.52	0.00	40	0	43	0.00	0.00	63.03	7.61	0.00	0.00	2000
231	11.11	2046	2136	0.00	211	0	0	0	nan	0.00	0.00	4.76	85.84	88.89	0.00	40	0	42	0.00	0.00	68.21	8.02	0.00	0.00	2000
232	11.03	2091	2109	0.00	198	0	0	0	nan	0.00	0.00	7.95	81.46	88.97	0.00	40	0	42	0.00	0.00	63.11	7.31	0.00	0.00	2000
228	10.74	2127	2099	0.00	195	0	0	0	nan	0.00	0.00	3.50	85.68	89.26	0.00	41	0	42	0.00	0.00	65.19	7.54	0.00	0.00	2000
230	11.26	2033	2107	0.00	196	0	0	0	nan	0.00	0.00	3.07	85.98	88.74	0.00	40	0	42	0.00	0.00	66.58	7.50	0.00	0.00	2000
229	10.73	2135	2097	0.00	195	0	0	0	nan	0.00	0.02	3.11	86.04	89.27	0.00	41	0	42	0.00	0.00	62.61	7.48	0.00	0.00	2000
229	11.14	2056	2102	0.00	194	0	0	0	nan	0.00	0.01	2.70	86.40	88.86	0.00	40	0	42	0.00	0.00	66.81	7.95	0.00	0.00	2000
229	11.20	2047	2099	0.00	179	0	0	0	nan	0.00	0.00	3.11	85.70	88.80	0.00	40	0	42	0.00	0.00	63.56	7.21	0.00	0.00	2000
227	10.86	2138	2057	0.00	195	0	0	0	nan	0.00	0.02	2.46	84.81	89.14	0.00	41	0	42	0.00	0.00	63.58	7.43	0.00	0.00	2000
230	11.19	2011	2144	0.12	210	0	0	3	54.63	0.00	0.00	4.70	86.08	88.81	0.00	41	0	43	0.00	0.00	65.90	7.78	0.00	0.00	2000
229	11.02	2078	2104	0.77	180	0	0	3	65.63	0.00	0.02	3.26	86.01	88.98	0.00	41	0	42	0.00	0.00	67.19	7.92	0.00	0.00	2000
230	10.96	2098	2097	0.00	193	0	0	0	nan	0.00	0.02	3.72	85.25	89.04	0.00	41	0	42	0.00	0.00	63.28	7.53	0.00	0.00	2000
228	11.19	2035	2100	0.00	195	0	0	0	nan	0.00	0.00	2.92	86.00	88.81	0.00	41	0	43	0.00	0.00	66.63	7.46	0.00	0.00	2000
229	11.03	2079	2100	0.00	179	0	0	0	nan	0.00	0.00	3.35	85.60	88.97	0.00	41	0	43	0.00	0.00	64.00	7.89	0.00	0.00	2000
227	11.13	2089	2051	0.00	195	0	0	0	nan	0.00	0.00	3.68	83.27	88.87	0.00	41	0	43	0.00	0.00	62.50	7.47	0.00	0.00	2000
231	10.93	2063	2152	0.00	211	0	0	0	nan	0.00	0.00	5.19	86.15	89.07	0.00	41	0	43	0.00	0.00	66.08	7.61	0.00	0.00	2000
232	10.79	2147	2102	0.00	181	0	0	0	nan	0.00	0.01	2.99	86.34	89.21	0.00	41	0	42	0.00	0.00	64.60	7.46	0.00	0.00	2000
229	11.01	2084	2098	0.00	195	0	0	0	nan	0.00	0.02	2.73	86.28	88.99	0.00	40	0	42	0.00	0.00	65.52	7.76	0.00	0.00	2000
228	10.64	2142	2101	0.00	195	0	0	0	nan	0.00	0.00	3.40	85.95	89.36	0.00	41	0	42	0.00	0.00	64.72	7.55	0.00	0.00	2000
228	11.22	2033	2096	0.00	179	0	0	0	nan	0.00	0.03	3.05	85.70	88.78	0.00	41	0	43	0.00	0.00	65.83	7.85	0.00	0.00	2000
226	11.30	2055	2045	0.00	194	0	0	0	nan	0.00	0.01	2.42	84.03	88.70	0.00	40	0	43	0.00	0.00	63.18	7.34	0.00	0.00	2000
232	10.94	2057	2162	0.00	211	0	0	0	nan	0.00	0.02	3.86	87.75	89.06	0.00	40	0	43	0.00	0.00	65.91	7.73	0.00	0.00	2000
228	10.97	2080	2096	0.00	179	0	0	0	nan	0.00	0.02	3.72	85.21	89.03	0.00	41	0	43	0.00	0.00	66.39	7.66	0.00	0.00	2000
268	12.76	2097	2103	0.00	198	0	0	0	nan	0.00	0.01	3.25	84.24	87.24	0.00	41	0	43	0.00	0.00	64.28	7.58	0.00	0.00	2000
229	10.72	2140	2100	0.00	194	0	0	0	nan	0.00	0.00	3.28	85.88	89.28	0.00	41	0	43	0.00	0.00	67.02	7.88	0.00	0.00	2000
229	11.24	2032	2101	0.00	195	0	0	0	nan	0.01	0.00	2.79	86.20	88.76	0.00	41	0	43	0.00	0.00	64.03	7.49	0.00	0.00	2000
229	10.83	2113	2100	0.00	179	0	0	0	92.53	0.00	0.00	3.91	85.36	89.17	0.00	41	0	43	0.00	0.00	67.04	7.80	0.00	0.00	2000
229	11.23	2072	2069	0.82	196	0	0	4	41.85	0.00	0.00	2.98	84.62	88.77	0.00	41	0	42	0.00	0.00	63.41	7.48	0.00	0.00	2000
229	11.15	2026	2132	0.00	213	0	0	0	nan	0.00	0.00	6.29	83.98	88.85	0.00	41	0	43	0.00	0.00	66.88	7.84	0.00	0.00	2000
229	11.08	2069	2096	0.00	180	0	0	0	nan	0.00	0.00	3.14	85.67	88.92	0.00	41	0	43	0.00	0.00	63.12	7.36	0.00	0.00	2000
229	10.60	2156	2105	0.00	195	0	0	0	nan	0.00	0.00	3.17	86.43	89.40	0.00	40	0	43	0.00	0.00	66.66	7.92	0.00	0.00	2000
226	11.01	2130	2026	0.00	194	0	0	0	nan	0.00	0.01	2.41	83.45	88.99	0.00	40	0	43	0.00	0.00	63.65	7.54	0.00	0.00	2000
231	11.08	2010	2180	0.00	212	0	0	0	nan	0.00	0.02	3.40	88.97	88.92	0.00	41	0	43	0.00	0.00	63.74	7.46	0.00	0.00	2000
230	10.91	2105	2101	0.00	178	0	0	0	nan	0.00	0.00	3.11	86.05	89.09	0.00	40	0	43	0.00	0.00	66.34	7.65	0.00	0.00	2000
228	11.12	2049	2097	0.00	195	0	0	0	nan	0.00	0.00	3.27	85.60	88.88	0.00	41	0	43	0.00	0.00	65.49	7.32	0.00	0.00	2000
229	11.19	2046	2101	0.00	196	0	0	0	nan	0.00	0.00	3.76	85.20	88.81	0.00	40	0	43	0.00	0.00	65.28	8.06	0.00	0.00	2000
227	11.11	2045	2097	0.00	194	0	0	0	nan	0.00	0.02	3.04	85.80	88.89	0.00	41	0	42	0.00	0.00	62.91	7.40	0.00	0.00	2000
231	11.06	2090	2100	0.00	195	0	0	0	nan	0.00	0.01	3.69	85.27	88.94	0.00	41	0	43	0.00	0.00	63.58	7.56	0.00	0.00	2000
228	10.99	2076	2102	0.00	195	0	0	0	nan	0.00	0.00	2.70	86.46	89.01	0.00	40	0	43	0.00	0.00	65.75	7.68	0.00	0.00	2000
229	10.89	2113	2089	0.00	195	0	0	0	nan	0.00	0.00	3.75	84.91	89.11	0.00	41	0	43	0.00	0.00	61.94	7.69	0.00	0.00	2000
230	10.88	2099	2114	0.00	195	0	0	0	nan	0.00	0.01	4.01	85.72	89.12	0.00	40	0	43	0.00	0.00	66.31	7.54	0.00	0.00	2000
226	11.18	2138	1988	0.00	179	0	0	0	nan	0.00	0.02	2.62	81.50	88.82	0.00	40	0	42	0.00	0.00	63.42	7.67	0.00	0.00	2000
233	10.77	2039	2228	0.00	227	0	0	0	nan	0.00	0.00	4.28	90.52	89.23	0.00	40	0	43	0.00	0.00	66.17	8.11	0.00	0.00	2000
231	11.18	2069	2101	0.00	183	0	0	0	nan	0.00	0.01	4.94	84.09	88.82	0.00	40	0	42	0.00	0.00	66.59	7.99	0.00	0.00	2000
227	11.02	2064	2099	0.61	196	0	0	4	38.16	0.00	0.00	3.62	85.42	88.98	0.00	41	0	43	0.00	0.00	63.27	7.54	0.00	0.00	2000
229	11.06	2071	2095	0.33	195	0	0	0	nan	0.00	0.00	2.87	85.99	88.94	0.00	40	0	42	0.00	0.00	64.51	7.71	0.00	0.00	2000
227	11.09	2047	2104	0.00	195	0	0	0	nan	0.00	0.00	3.20	85.99	88.91	0.00	40	0	42	0.00	0.00	65.83	7.65	0.00	0.00	2000
229	11.08	2070	2100	0.00	188	0	0	0	nan	0.00	0.00	3.40	85.59	88.92	0.00	41	0	42	0.00	0.00	62.54	7.30	0.00	0.00	2000
228	11.20	2045	2094	0.00	187	0	0	0	nan	0.00	0.02	3.13	85.44	88.80	0.00	40	0	43	0.00	0.00	64.98	7.55	0.00	0.00	2000
228	11.05	2063	2101	0.00	194	0	0	0	nan	0.00	0.00	3.13	85.97	88.95	0.00	40	0	42	0.00	0.00	64.99	7.65	0.00	0.00	2000
228	11.16	2041	2105	0.00	195	0	0	0	nan	0.00	0.02	2.91	86.26	88.84	0.00	40	0	42	0.00	0.00	63.77	7.42	0.00	0.00	2000
229	11.05	2071	2100	0.00	194	0	0	0	nan	0.00	0.01	2.97	86.15	88.95	0.00	41	0	42	0.00	0.00	65.88	7.86	0.00	0.00	2000
229	10.71	2141	2101	0.00	194	0	0	0	nan	0.01	0.02	2.85	86.46	89.29	0.00	40	0	43	0.00	0.00	64.18	7.42	0.00	0.00	2000
228	10.77	2123	2095	0.00	178	0	0	0	nan	0.00	0.00	3.66	85.34	89.23	0.00	41	0	43	0.00	0.00	65.78	7.75	0.00	0.00	2000
231	10.95	2104	2105	0.00	196	0	0	0	nan	0.00	0.00	2.97	86.34	89.05	0.00	40	0	43	0.00	0.00	64.31	7.54	0.00	0.00	2000
226	11.32	2070	2028	0.00	195	0	0	0	nan	0.00	0.01	2.70	83.09	88.68	0.00	41	0	43	0.00	0.00	63.76	7.53	0.00	0.00	2000
230	10.70	2075	2176	0.00	211	0	0	0	nan	0.00	0.03	2.64	89.85	89.30	0.00	41	0	43	0.00	0.00	66.20	7.82	0.00	0.00	2000
230	11.01	2085	2105	0.00	178	0	0	0	nan	0.00	0.02	2.97	86.25	88.99	0.00	41	0	43	0.00	0.00	66.77	7.76	0.00	0.00	2000
229	10.99	2084	2097	0.00	196	0	0	0	nan	0.00	0.00	3.43	85.50	89.01	0.00	41	0	43	0.00	0.00	63.99	7.39	0.00	0.00	2000
231	10.98	2105	2095	0.00	209	0	0	0	nan	0.00	0.02	4.77	84.09	89.02	0.00	41	0	43	0.00	0.00	65.20	7.75	0.00	0.00	2000
229	11.25	2042	2098	0.00	197	0	0	0	nan	0.00	0.02	3.20	85.57	88.75	0.00	41	0	43	0.00	0.00	64.82	7.84	0.00	0.00	2000
230	10.93	2100	2106	0.12	195	0	0	3	54.27	0.00	0.00	3.79	85.56	89.07	0.00	40	0	43	0.00	0.00	64.05	7.47	0.00	0.00	2000
228	10.85	2104	2096	0.75	178	0	0	3	65.90	0.00	0.00	3.25	85.66	89.15	0.00	41	0	43	0.00	0.00	65.89	7.78	0.00	0.00	2000
229	11.31	2021	2101	0.00	194	0	0	0	nan	0.00	0.02	2.95	85.92	88.69	0.00	41	0	43	0.00	0.00	62.60	7.33	0.00	0.00	2000
228	11.08	2117	2039	0.00	197	0	0	0	nan	0.00	0.03	3.34	83.03	88.92	0.00	40	0	43	0.00	0.00	64.93	7.68	0.00	0.00	2000
233	10.77	2100	2164	0.00	211	0	0	0	nan	0.00	0.00	4.12	87.77	89.23	0.00	41	0	43	0.00	0.00	62.80	7.91	0.00	0.00	2000
228	10.99	2075	2102	0.00	178	0	0	0	nan	0.00	0.00	3.45	85.67	89.01	0.00	41	0	43	0.00	0.00	69.58	7.75	0.00	0.00	2000
229	10.94	2094	2097	0.00	195	0	0	0	nan	0.00	0.02	3.04	85.89	89.06	0.00	41	0	42	0.00	0.00	64.87	7.69	0.00	0.00	2000
228	11.15	2043	2098	0.00	196	0	0	0	nan	0.00	0.02	3.15	85.58	88.85	0.00	40	0	43	0.00	0.00	63.36	7.48	0.00	0.00	2000
230	11.04	2075	2107	0.00	194	0	0	0	nan	0.00	0.02	3.37	85.98	88.96	0.00	41	0	43	0.00	0.00	66.38	7.88	0.00	0.00	2000
229	11.17	2050	2100	0.00	195	0	0	0	nan	0.00	0.00	3.08	85.79	88.83	0.00	41	0	42	0.00	0.00	64.71	7.54	0.00	0.00	2000
229	11.01	2083	2098	0.00	195	0	0	0	nan	0.00	0.01	2.97	86.10	88.99	0.00	40	0	43	0.00	0.00	65.79	7.94	0.00	0.00	2000
225	10.87	2145	2022	0.00	194	0	0	0	nan	0.00	0.01	3.13	82.66	89.13	0.00	40	0	43	0.00	0.00	60.61	7.31	0.00	0.00	2000
231	10.67	2079	2185	0.00	211	0	0	0	nan	0.00	0.01	3.28	89.66	89.33	0.00	40	0	43	0.00	0.00	69.34	8.03	0.00	0.00	2000
229	10.87	2112	2096	0.00	178	0	0	0	nan	0.01	0.00	2.83	86.25	89.13	0.00	41	0	42	0.00	0.00	63.08	7.45	0.00	0.00	2000
236	11.44	2067	2097	0.00	197	0	0	0	nan	0.00	0.02	3.30	85.19	88.56	0.00	41	0	43	0.00	0.00	64.56	7.59	0.00	0.00	2000
229	11.14	2051	2101	0.00	196	0	0	0	nan	0.00	0.00	2.49	86.45	88.86	0.00	40	0	43	0.00	0.00	65.30	7.54	0.00	0.00	2000
236	11.25	2088	2107	0.00	199	0	0	0	nan	0.00	0.00	3.73	85.30	88.75	0.00	41	0	43	0.00	0.00	66.93	7.88	0.00	0.00	2000
227	11.04	2065	2094	0.00	195	0	0	2	59.31	0.00	0.00	2.54	86.34	88.96	0.00	41	0	43	0.00	0.00	65.12	7.59	0.00	0.00	2000
230	11.12	2065	2103	0.80	195	0	0	6	59.08	0.00	0.01	2.91	86.11	88.88	0.00	40	0	43	0.00	0.00	65.23	7.69	0.00	0.00	2000
228	10.99	2074	2098	0.00	195	0	0	0	nan	0.00	0.00	3.06	85.93	89.01	0.00	40	0	43	0.00	0.00	62.41	7.22	0.00	0.00	2000
231	11.06	2085	2103	0.00	196	0	0	0	nan	0.00	0.00	4.06	85.04	88.94	0.00	41	0	43	0.00	0.00	66.04	7.68	0.00	0.00	2000
229	10.96	2123	2069	0.00	195	0	0	0	nan	0.00	0.00	3.45	84.30	89.04	0.00	41	0	43	0.00	0.00	62.50	7.18	0.00	0.00	2000
230	10.64	2127	2130	0.00	195	0	0	0	nan	0.00	0.00	5.05	85.66	89.36	0.00	41	0	43	0.00	0.00	67.92	7.99	0.00	0.00	2000
228	11.12	2048	2103	0.00	196	0	0	0	nan	0.00	0.00	4.99	84.16	88.88	0.00	41	0	43	0.00	0.00	63.52	7.48	0.00	0.00	2000
230	10.86	2112	2102	0.00	181	0	0	0	nan	0.00	0.02	3.92	85.27	89.14	0.00	41	0	43	0.00	0.00	65.82	7.75	0.00	0.00	2000
231	11.05	2095	2098	0.00	196	0	0	0	nan	0.00	0.00	4.04	84.89	88.95	0.00	41	0	42	0.00	0.00	65.98	7.73	0.00	0.00	2000
227	11.22	2087	2031	0.00	194	0	0	0	nan	0.00	0.00	2.59	83.29	88.78	0.00	41	0	43	0.00	0.00	61.99	7.31	0.00	0.00	2000
230	10.60	2093	2177	0.00	210	0	0	0	nan	0.00	0.02	2.65	90.05	89.40	0.00	41	0	43	0.00	0.00	66.98	7.88	0.00	0.00	2000
230	10.99	2095	2102	0.00	179	0	0	0	nan	0.00	0.00	3.80	85.42	89.01	0.00	41	0	42	0.00	0.00	66.48	7.74	0.00	0.00	2000
228	10.79	2118	2096	0.00	194	0	0	0	nan	0.00	0.00	2.94	86.13	89.21	0.00	41	0	42	0.00	0.00	63.41	7.18	0.00	0.00	2000
232	10.87	2130	2101	0.00	194	0	0	0	nan	0.01	0.00	3.84	85.32	89.13	0.00	41	0	43	0.00	0.00	64.20	7.36	0.00	0.00	2000
229	11.22	2047	2097	0.00	180	0	0	0	nan	0.00	0.00	3.31	85.39	88.78	0.00	41	0	43	0.00	0.00	65.91	7.56	0.00	0.00	2000
229	11.33	2024	2100	0.00	194	0	0	0	nan	0.00	0.00	3.20	85.55	88.67	0.00	41	0	42	0.00	0.00	65.08	7.65	0.00	0.00	2000
229	11.05	2065	2104	0.00	196	0	0	0	nan	0.01	0.00	2.80	86.40	88.95	0.00	41	0	43	0.00	0.00	66.86	7.68	0.00	0.00	2000
231	10.84	2127	2101	0.00	194	0	0	0	nan	0.00	0.01	2.74	86.48	89.16	0.00	41	0	43	0.00	0.00	63.16	7.28	0.00	0.00	2000
224	10.80	2150	2021	0.72	194	0	0	5	42.76	0.00	0.02	2.96	82.93	89.20	0.00	41	0	43	0.00	0.00	63.53	7.42	0.00	0.00	2000
233	11.17	2003	2187	0.15	212	0	0	0	nan	0.00	0.01	3.54	89.04	88.83	0.00	41	0	42	0.00	0.00	66.46	7.73	0.00	0.00	2000
228	10.99	2076	2096	0.00	180	0	0	0	nan	0.00	0.01	2.50	86.39	89.01	0.00	41	0	43	0.00	0.00	65.71	7.78	0.00	0.00	2000
229	10.98	2084	2100	0.00	195	0	0	0	nan	0.00	0.00	2.92	86.14	89.02	0.00	41	0	42	0.00	0.00	65.04	7.58	0.00	0.00	2000
228	11.20	2034	2104	0.00	193	0	0	0	nan	0.00	0.02	3.07	86.03	88.80	0.00	41	0	43	0.00	0.00	63.14	7.36	0.00	0.00	2000
229	11.11	2064	2094	0.00	194	0	0	0	nan	0.00	0.00	2.62	86.06	88.90	0.00	41	0	42	0.00	0.00	65.03	7.50	0.00	0.00	2000
228	11.08	2051	2106	0.00	195	0	0	0	nan	0.00	0.01	3.02	86.24	88.92	0.00	41	0	42	0.00	0.00	64.12	7.56	0.00	0.00	2000
231	11.24	2053	2103	0.00	180	0	0	0	nan	0.00	0.00	3.42	85.61	88.76	0.00	41	0	43	0.00	0.00	66.46	7.75	0.00	0.00	2000
233	11.18	2089	2096	0.00	195	0	0	0	nan	0.01	0.00	4.02	84.72	88.82	0.00	41	0	43	0.00	0.00	63.80	7.35	0.00	0.00	2000
229	11.11	2072	2094	0.00	198	0	0	0	nan	0.00	0.01	4.49	84.26	88.89	0.00	41	0	43	0.00	0.00	63.06	7.44	0.00	0.00	2000
229	11.00	2108	2078	0.00	196	0	0	0	nan	0.00	0.00	4.08	84.10	89.00	0.00	41	0	43	0.00	0.00	64.72	7.67	0.00	0.00	2000
229	10.69	2116	2128	0.00	194	0	0	0	nan	0.00	0.00	4.81	85.66	89.31	0.00	41	0	43	0.00	0.00	66.22	7.60	0.00	0.00	2000
229	10.84	2118	2097	0.00	180	0	0	0	nan	0.00	0.00	2.78	86.25	89.16	0.00	41	0	43	0.00	0.00	66.09	7.57	0.00	0.00	2000
236	11.41	2065	2104	0.00	195	0	0	0	nan	0.00	0.02	4.50	84.40	88.59	0.00	41	0	42	0.00	0.00	63.38	7.35	0.00	0.00	2000
227	11.37	2061	2037	0.00	196	0	0	0	nan	0.00	0.01	2.67	83.38	88.63	0.00	40	0	42	0.00	0.00	62.14	7.67	0.00	0.00	2000
231	11.34	1977	2167	0.00	212	0	0	0	nan	0.00	0.00	4.05	87.52	88.66	0.00	41	0	43	0.00	0.00	69.15	7.78	0.00	0.00	2000
229	11.17	2052	2097	0.00	183	0	0	0	nan	0.00	0.00	3.25	85.52	88.84	0.00	41	0	43	0.00	0.00	63.72	7.32	0.00	0.00	2000
229	11.41	2006	2100	0.32	196	0	0	6	51.46	0.00	0.00	3.34	85.37	88.59	0.00	41	0	42	0.00	0.00	68.01	7.99	0.00	0.00	2000
231	11.14	2067	2104	0.61	194	0	0	3	75.42	0.00	0.00	3.69	85.40	88.86	0.00	41	0	42	0.00	0.00	62.63	7.25	0.00	0.00	2000
230	11.07	2079	2095	0.00	195	0	0	0	nan	0.00	0.02	3.71	85.12	88.93	0.00	41	0	43	0.00	0.00	65.15	7.75	0.00	0.00	2000
228	10.93	2083	2102	0.00	195	0	0	0	nan	0.00	0.02	3.64	85.54	89.07	0.00	41	0	42	0.00	0.00	64.88	7.32	0.00	0.00	2000
228	11.26	2064	2063	0.00	178	0	0	0	nan	0.00	0.00	3.32	83.98	88.74	0.00	41	0	43	0.00	0.00	65.69	7.61	0.00	0.00	2000
229	10.96	2050	2137	0.00	210	0	0	0	nan	0.00	0.00	4.80	85.90	89.04	0.00	41	0	43	0.00	0.00	66.41	7.68	0.00	0.00	2000
230	10.72	2149	2100	0.00	180	0	0	0	nan	0.00	0.00	3.52	85.63	89.28	0.00	41	0	43	0.00	0.00	65.72	7.29	0.00	0.00	2000
229	11.27	2029	2103	0.00	196	0	0	0	nan	0.00	0.00	2.71	86.19	88.73	0.00	41	0	43	0.00	0.00	62.89	7.64	0.00	0.00	2000
228	11.10	2101	2049	0.00	194	0	0	0	nan	0.00	0.00	3.38	83.41	88.90	0.00	41	0	42	0.00	0.00	65.25	7.53	0.00	0.00	2000
228	10.82	2062	2147	0.00	211	0	0	0	nan	0.00	0.00	4.48	86.74	89.18	0.00	41	0	42	0.00	0.00	65.16	7.50	0.00	0.00	2000
229	10.95	2084	2106	0.00	195	0	0	0	nan	0.01	0.00	3.84	85.55	89.05	0.00	40	0	43	0.00	0.00	63.30	7.47	0.00	0.00	2000
228	10.77	2123	2098	0.00	179	0	0	0	nan	0.00	0.00	3.03	86.11	89.23	0.00	41	0	42	0.00	0.00	66.13	7.85	0.00	0.00	2000
234	11.29	2068	2104	0.00	196	0	0	0	nan	0.00	0.00	3.62	85.33	88.71	0.00	41	0	42	0.00	0.00	64.10	7.40	0.00	0.00	2000
228	10.97	2085	2095	0.00	198	0	0	0	nan	0.00	0.00	4.41	84.55	89.03	0.00	41	0	43	0.00	0.00	65.26	7.67	0.00	0.00	2000
230	11.07	2098	2079	0.00	196	0	0	0	nan	0.00	0.00	4.29	83.73	88.93	0.00	40	0	43	0.00	0.00	65.27	7.67	0.00	0.00	2000
229	10.68	2117	2125	0.00	195	0	0	0	nan	0.00	0.00	4.81	85.48	89.32	0.00	41	0	43	0.00	0.00	64.53	7.62	0.00	0.00	2000
230	10.95	2101	2102	0.00	178	0	0	0	nan	0.00	0.02	3.64	85.60	89.05	0.00	41	0	43	0.00	0.00	63.78	7.54	0.00	0.00	2000
228	10.85	2102	2096	0.00	197	0	0	2	53.78	0.00	0.00	3.04	86.07	89.15	0.00	41	0	43	0.00	0.00	66.05	7.77	0.00	0.00	2000
230	11.04	2150	2032	0.74	196	0	0	5	57.48	0.00	0.00	3.57	82.48	88.96	0.00	41	0	43	0.00	0.00	63.91	7.43	0.00	0.00	2000
230	10.69	2072	2177	0.00	211	0	0	0	nan	0.00	0.00	3.44	89.18	89.31	0.00	41	0	42	0.00	0.00	68.58	7.91	0.00	0.00	2000
228	10.70	2137	2097	0.00	178	0	0	0	nan	0.00	0.01	2.92	86.24	89.30	0.00	41	0	43	0.00	0.00	63.07	7.58	0.00	0.00	2000
229	11.11	2057	2103	0.00	194	0	0	0	nan	0.00	0.02	2.24	86.82	88.89	0.00	41	0	43	0.00	0.00	63.59	7.43	0.00	0.00	2000
229	11.01	2082	2100	0.00	194	0	0	0	nan	0.00	0.02	3.01	85.98	88.99	0.00	41	0	43	0.00	0.00	65.62	7.64	0.00	0.00	2000
230	11.09	2075	2100	0.00	196	0	0	0	nan	0.00	0.00	3.27	85.78	88.91	0.00	41	0	43	0.00	0.00	67.10	7.82	0.00	0.00	2000
229	11.08	2070	2099	0.00	178	0	0	0	nan	0.00	0.00	3.06	85.91	88.92	0.00	41	0	43	0.00	0.00	62.83	7.25	0.00	0.00	2000
227	11.10	2046	2095	0.00	194	0	0	0	nan	0.00	0.00	2.73	86.01	88.90	0.00	41	0	43	0.00	0.00	62.64	7.37	0.00	0.00	2000
228	11.24	2067	2065	0.00	195	0	0	0	nan	0.00	0.02	3.25	84.08	88.76	0.00	41	0	43	0.00	0.00	65.37	7.63	0.00	0.00	2000
228	11.04	2024	2145	0.00	212	0	0	0	nan	0.00	0.00	5.59	85.37	88.96	0.00	41	0	43	0.00	0.00	66.52	7.77	0.00	0.00	2000
228	10.90	2101	2094	0.00	178	0	0	0	nan	0.00	0.00	3.43	85.45	89.10	0.00	41	0	43	0.00	0.00	65.66	7.73	0.00	0.00	2000
233	10.92	2125	2106	0.00	196	0	0	0	nan	0.00	0.00	3.89	85.45	89.08	0.00	41	0	42	0.00	0.00	64.05	7.46	0.00	0.00	2000
230	10.65	2160	2100	0.00	194	0	0	0	nan	0.00	0.02	2.87	86.46	89.35	0.00	41	0	43	0.00	0.00	66.31	7.92	0.00	0.00	2000
228	10.81	2142	2069	0.00	195	0	0	0	nan	0.00	0.00	3.73	84.10	89.19	0.00	41	0	43	0.00	0.00	65.04	7.57	0.00	0.00	2000
230	10.76	2107	2130	0.00	194	0	0	0	nan	0.00	0.00	5.03	85.54	89.24	0.00	41	0	42	0.00	0.00	62.62	7.37	0.00	0.00	2000
229	10.97	2087	2097	0.00	182	0	0	0	nan	0.01	0.02	5.28	83.74	89.03	0.00	41	0	43	0.00	0.00	65.79	7.84	0.00	0.00	2000
231	10.94	2112	2099	0.00	195	0	0	0	nan	0.00	0.02	3.05	85.97	89.06	0.00	41	0	43	0.00	0.00	62.79	7.42	0.00	0.00	2000
228	11.36	2013	2096	0.74	196	0	0	6	43.07	0.00	0.00	3.11	85.53	88.64	0.00	41	0	43	0.00	0.00	64.90	7.61	0.00	0.00	2000
229	11.18	2090	2057	0.19	195	0	0	0	nan	0.00	0.00	2.90	84.03	88.82	0.00	41	0	42	0.00	0.00	65.46	7.43	0.00	0.00	2000
228	11.09	2005	2153	0.00	210	0	0	0	nan	0.00	0.00	4.53	86.81	88.91	0.00	40	0	43	0.00	0.00	66.16	7.76	0.00	0.00	2000
229	11.14	2050	2103	0.00	179	0	0	0	nan	0.00	0.00	3.24	85.80	88.86	0.00	41	0	43	0.00	0.00	63.55	7.31	0.00	0.00	2000
228	11.31	2021	2098	0.00	196	0	0	0	nan	0.00	0.03	3.51	85.19	88.69	0.00	41	0	43	0.00	0.00	66.81	7.91	0.00	0.00	2000
231	10.99	2098	2099	0.00	195	0	0	0	nan	0.00	0.02	3.27	85.80	89.01	0.00	41	0	42	0.00	0.00	65.71	7.72	0.00	0.00	2000
229	11.04	2073	2102	0.00	195	0	0	0	nan	0.00	0.01	3.50	85.58	88.96	0.00	41	0	42	0.00	0.00	64.00	7.60	0.00	0.00	2000
229	10.75	2136	2098	0.00	178	0	0	0	nan	0.00	0.00	3.44	85.88	89.25	0.00	40	0	42	0.00	0.00	63.69	7.60	0.00	0.00	2000
225	11.15	2083	2039	0.00	194	0	0	0	nan	0.00	0.00	2.76	83.59	88.85	0.00	41	0	43	0.00	0.00	64.27	7.46	0.00	0.00	2000
230	10.84	2051	2169	0.00	210	0	0	0	nan	0.00	0.00	3.67	88.45	89.16	0.00	41	0	43	0.00	0.00	66.74	7.66	0.00	0.00	2000
230	11.16	2069	2094	0.00	179	0	0	0	nan	0.00	0.01	2.47	86.22	88.84	0.00	41	0	42	0.00	0.00	63.09	7.13	0.00	0.00	2000
235	11.32	2076	2097	0.00	197	0	0	0	nan	0.00	0.02	3.60	85.10	88.68	0.00	41	0	42	0.00	0.00	65.04	7.54	0.00	0.00	2000
229	11.28	2019	2108	0.00	194	0	0	0	nan	0.00	0.01	3.07	85.97	88.72	0.00	41	0	42	0.00	0.00	66.52	7.86	0.00	0.00	2000
230	11.15	2062	2099	0.00	195	0	0	0	nan	0.00	0.00	3.69	85.19	88.85	0.00	41	0	42	0.00	0.00	65.82	7.87	0.00	0.00	2000
228	11.02	2070	2101	0.00	194	0	0	0	nan	0.00	0.02	3.12	85.98	88.98	0.00	41	0	43	0.00	0.00	64.05	7.39	0.00	0.00	2000
230	11.09	2076	2096	0.00	195	0	0	0	nan	0.00	0.00	3.43	85.27	88.91	0.00	41	0	42	0.00	0.00	65.69	7.60	0.00	0.00	2000
229	10.98	2127	2062	0.00	180	0	0	0	nan	0.00	0.01	3.90	83.42	89.02	0.00	40	0	43	0.00	0.00	64.55	7.57	0.00	0.00	2000
229	10.80	2079	2142	0.37	212	0	0	6	51.05	0.00	0.00	4.86	86.26	89.20	0.00	41	0	43	0.00	0.00	63.33	7.55	0.00	0.00	2000
229	10.88	2105	2104	0.58	179	0	0	2	74.47	0.00	0.01	3.00	86.37	89.12	0.00	41	0	43	0.00	0.00	66.91	7.91	0.00	0.00	2000
231	10.81	2139	2096	0.00	198	0	0	0	nan	0.00	0.01	3.04	86.12	89.19	0.00	41	0	42	0.00	0.00	66.37	7.73	0.00	0.00	2000
228	10.86	2100	2097	0.00	195	0	0	0	nan	0.00	0.00	2.80	86.25	89.14	0.00	41	0	42	0.00	0.00	65.29	7.83	0.00	0.00	2000
229	11.02	2079	2098	0.00	196	0	0	0	nan	0.00	0.03	4.02	84.97	88.98	0.00	41	0	43	0.00	0.00	61.89	7.67	0.00	0.00	2000
230	11.04	2104	2078	0.00	197	0	0	0	nan	0.00	0.00	3.92	84.15	88.96	0.00	41	0	42	0.00	0.00	62.68	7.08	0.00	0.00	2000
229	10.90	2072	2129	0.00	194	0	0	0	nan	0.00	0.00	4.86	85.56	89.10	0.00	41	0	43	0.00	0.00	66.55	7.98	0.00	0.00	2000
228	10.97	2076	2100	0.00	177	0	0	0	nan	0.00	0.00	2.58	86.45	89.03	0.00	41	0	43	0.00	0.00	66.00	7.96	0.00	0.00	2000
230	11.18	2055	2099	0.00	195	0	0	0	nan	0.00	0.00	3.22	85.68	88.82	0.00	41	0	42	0.00	0.00	66.10	7.77	0.00	0.00	2000
229	11.26	2109	2026	0.00	211	0	0	0	nan	0.00	0.00	6.28	79.37	88.74	0.00	41	0	43	0.00	0.00	61.17	7.10	0.00	0.00	2000
233	11.26	1997	2179	0.00	213	0	0	0	nan	0.00	0.01	3.39	88.81	88.74	0.00	41	0	43	0.00	0.00	66.08	7.87	0.00	0.00	2000
229	11.25	2033	2103	0.00	179	0	0	0	nan	0.00	0.00	2.82	86.13	88.75	0.00	41	0	43	0.00	0.00	66.62	7.76	0.00	0.00	2000
229	10.97	2087	2097	0.00	194	0	0	0	nan	0.00	0.00	3.17	85.87	89.03	0.00	41	0	43	0.00	0.00	65.21	7.53	0.00	0.00	2000
228	11.01	2066	2101	0.00	196	0	0	0	nan	0.00	0.00	3.62	85.50	88.99	0.00	40	0	42	0.00	0.00	64.00	7.66	0.00	0.00	2000
230	10.98	2095	2097	0.00	195	0	0	0	nan	0.00	0.00	3.28	85.75	89.02	0.00	41	0	42	0.00	0.00	63.09	7.33	0.00	0.00	2000
228	11.11	2051	2099	0.00	178	0	0	0	nan	0.00	0.01	3.24	85.59	88.89	0.00	41	0	43	0.00	0.00	65.68	7.74	0.00	0.00	2000
232	11.06	2087	2106	0.00	196	0	0	0	nan	0.00	0.00	2.88	86.35	88.94	0.00	41	0	42	0.00	0.00	66.62	7.88	0.00	0.00	2000
224	11.41	2041	2018	0.00	196	0	0	3	55.89	0.00	0.00	3.64	81.65	88.59	0.00	41	0	43	0.00	0.00	61.61	7.44	0.00	0.00	2000
230	10.98	2017	2182	0.80	210	0	0	5	58.28	0.00	0.00	2.99	89.69	89.02	0.00	41	0	43	0.00	0.00	65.11	7.71	0.00	0.00	2000
228	11.25	2031	2098	0.00	178	0	0	0	nan	0.00	0.00	3.94	84.88	88.75	0.00	41	0	43	0.00	0.00	65.18	7.62	0.00	0.00	2000
229	11.01	2072	2107	0.00	193	0	0	0	nan	0.00	0.00	3.15	86.16	88.99	0.00	41	0	42	0.00	0.00	66.42	7.76	0.00	0.00	2000
229	11.21	2048	2098	0.00	197	0	0	0	nan	0.00	0.00	3.97	84.89	88.79	0.00	41	0	43	0.00	0.00	63.60	7.38	0.00	0.00	2000
230	10.86	2120	2095	0.00	195	0	0	0	nan	0.01	0.00	3.43	85.48	89.14	0.00	41	0	43	0.00	0.00	62.61	7.29	0.00	0.00	2000
229	11.14	2046	2106	0.00	199	0	0	0	nan	0.00	0.02	4.18	85.00	88.86	0.00	41	0	43	0.00	0.00	66.61	7.84	0.00	0.00	2000
229	11.12	2054	2103	0.00	178	0	0	0	nan	0.00	0.00	2.92	86.11	88.88	0.00	41	0	43	0.00	0.00	66.43	7.70	0.00	0.00	2000
245	11.52	2133	2093	0.00	197	0	0	0	nan	0.00	0.01	4.19	84.10	88.48	0.00	41	0	43	0.00	0.00	63.26	7.35	0.00	0.00	2000
229	10.95	2090	2105	0.00	194	0	0	0	nan	0.00	0.00	3.01	86.34	89.05	0.00	41	0	43	0.00	0.00	63.49	7.35	0.00	0.00	2000
231	11.07	2114	2073	0.00	195	0	0	0	nan	0.00	0.00	3.90	83.94	88.93	0.00	41	0	43	0.00	0.00	64.98	7.57	0.00	0.00	2000
229	11.00	2056	2128	0.00	195	0	0	0	nan	0.00	0.02	4.82	85.45	89.00	0.00	41	0	43	0.00	0.00	66.14	7.74	0.00	0.00	2000
228	10.93	2087	2098	0.00	178	0	0	0	nan	0.00	0.00	2.46	86.63	89.07	0.00	41	0	43	0.00	0.00	66.48	7.79	0.00	0.00	2000
231	11.20	2065	2099	0.00	196	0	0	0	nan	0.00	0.00	4.03	84.82	88.80	0.00	41	0	43	0.00	0.00	63.51	7.59	0.00	0.00	2000
226	11.30	2069	2027	0.00	197	0	0	0	nan	0.00	0.00	3.55	82.17	88.70	0.00	41	0	42	0.00	0.00	61.37	7.16	0.00	0.00	2000
233	11.13	2017	2182	0.00	211	0	0	0	nan	0.00	0.00	2.85	89.58	88.87	0.00	41	0	43	0.00	0.00	68.45	8.07	0.00	0.00	2000
229	10.95	2090	2102	0.00	179	0	0	0	nan	0.00	0.00	2.90	86.32	89.05	0.00	40	0	43	0.00	0.00	67.03	7.97	0.00	0.00	2000
229	11.04	2079	2097	0.00	196	0	0	0	nan	0.00	0.00	3.76	85.11	88.96	0.00	41	0	43	0.00	0.00	63.91	7.48	0.00	0.00	2000
229	10.96	2087	2098	0.69	195	0	0	6	44.11	0.00	0.02	2.96	86.06	89.04	0.00	41	0	43	0.00	0.00	63.12	7.33	0.00	0.00	2000
229	11.09	2067	2100	0.26	194	0	0	0	nan	0.00	0.00	3.51	85.52	88.91	0.00	41	0	43	0.00	0.00	66.65	7.84	0.00	0.00	2000
228	10.90	2097	2095	0.00	179	0	0	0	nan	0.00	0.00	3.17	85.77	89.10	0.00	41	0	43	0.00	0.00	65.46	7.76	0.00	0.00	2000
232	11.12	2081	2103	0.00	197	0	0	0	nan	0.01	0.00	3.26	85.78	88.88	0.00	41	0	43	0.00	0.00	65.15	7.65	0.00	0.00	2000
228	10.87	2093	2101	0.00	194	0	0	0	nan	0.00	0.02	3.34	85.91	89.13	0.00	41	0	43	0.00	0.00	63.00	7.33	0.00	0.00	2000
229	10.79	2119	2103	0.00	194	0	0	0	nan	0.00	0.01	3.47	85.89	89.21	0.00	41	0	43	0.00	0.00	64.43	7.29	0.00	0.00	2000
229	10.71	2162	2078	0.00	195	0	0	0	nan	0.00	0.02	2.62	85.64	89.29	0.00	41	0	43	0.00	0.00	66.51	7.59	0.00	0.00	2000
229	10.83	2097	2121	0.00	194	0	0	0	nan	0.00	0.00	4.96	85.15	89.17	0.00	41	0	42	0.00	0.00	65.39	7.71	0.00	0.00	2000
228	11.21	2034	2098	0.00	181	0	0	0	nan	0.00	0.06	3.83	84.94	88.79	0.00	41	0	42	0.00	0.00	65.94	7.92	0.00	0.00	2000
232	11.44	2081	2047	0.00	196	0	0	0	nan	0.00	0.00	3.62	82.74	88.56	0.00	41	0	43	0.00	0.00	60.79	7.05	0.00	0.00	2000
229	10.89	2043	2159	0.00	210	0	0	0	nan	0.00	0.01	3.96	87.73	89.11	0.00	41	0	43	0.00	0.00	67.11	7.88	0.00	0.00	2000
229	10.95	2103	2092	0.00	179	0	0	0	nan	0.00	0.00	3.38	85.32	89.05	0.00	41	0	43	0.00	0.00	64.85	7.60	0.00	0.00	2000
229	10.82	2109	2110	0.00	196	0	0	0	nan	0.01	0.00	3.01	86.58	89.18	0.00	41	0	43	0.00	0.00	64.69	7.57	0.00	0.00	2000
229	10.67	2148	2097	0.00	194	0	0	0	nan	0.00	0.02	2.88	86.27	89.33	0.00	41	0	43	0.00	0.00	65.52	7.68	0.00	0.00	2000
229	10.76	2126	2100	0.00	195	0	0	0	nan	0.00	0.00	3.35	85.86	89.24	0.00	41	0	42	0.00	0.00	66.80	7.61	0.00	0.00	2000
231	11.02	2097	2098	0.00	180	0	0	0	nan	0.00	0.03	3.20	85.73	88.98	0.00	41	0	42	0.00	0.00	62.43	7.52	0.00	0.00	2000
230	10.69	2144	2105	0.00	197	0	0	0	nan	0.00	0.00	3.71	85.79	89.31	0.00	41	0	42	0.00	0.00	64.75	7.69	0.00	0.00	2000
226	11.24	2087	2020	0.31	194	0	0	8	30.70	0.00	0.02	2.91	82.58	88.76	0.00	41	0	42	0.00	0.00	63.79	7.53	0.00	0.00	2000
230	10.74	2072	2173	0.82	210	0	0	4	51.99	0.00	0.00	2.81	89.62	89.26	0.00	41	0	43	0.00	0.00	67.94	8.30	0.00	0.00	2000
229	11.11	2052	2108	0.00	196	0	0	0	nan	0.00	0.00	4.02	85.23	88.89	0.00	41	0	43	0.00	0.00	63.31	7.67	0.00	0.00	2000
230	11.21	2051	2095	0.00	179	0	0	0	nan	0.00	0.00	3.56	85.07	88.79	0.00	41	0	43	0.00	0.00	63.34	7.57	0.00	0.00	2000
230	11.00	2084	2104	0.00	195	0	0	0	nan	0.00	0.02	3.03	86.11	89.00	0.00	41	0	43	0.00	0.00	66.36	7.95	0.00	0.00	2000
228	10.88	2100	2099	0.00	195	0	0	0	nan	0.00	0.00	2.83	86.26	89.12	0.00	41	0	43	0.00	0.00	65.38	7.77	0.00	0.00	2000
229	10.90	2102	2097	0.00	195	0	0	0	nan	0.00	0.00	2.56	86.38	89.10	0.00	41	0	42	0.00	0.00	65.03	7.81	0.00	0.00	2000
227	11.05	2058	2099	0.00	196	0	0	0	nan	0.00	0.00	3.06	85.87	88.95	0.00	41	0	43	0.00	0.00	64.99	7.61	0.00	0.00	2000
231	11.17	2064	2101	0.00	196	0	0	0	nan	0.00	0.00	3.03	85.84	88.83	0.00	41	0	42	0.00	0.00	64.54	7.84	0.00	0.00	2000
230	11.17	2050	2107	0.00	196	0	0	0	nan	0.00	0.00	2.95	86.27	88.83	0.00	41	0	43	0.00	0.00	66.32	8.02	0.00	0.00	2000
229	11.16	2077	2076	0.00	195	0	0	0	nan	0.00	0.00	3.27	84.64	88.84	0.00	41	0	43	0.00	0.00	64.24	7.75	0.00	0.00	2000
228	10.94	2058	2124	0.00	196	0	0	0	nan	0.00	0.00	5.16	85.02	89.06	0.00	41	0	43	0.00	0.00	63.81	7.78	0.00	0.00	2000
230	11.06	2082	2095	0.00	179	0	0	0	nan	0.00	0.03	3.69	85.19	88.94	0.00	41	0	43	0.00	0.00	62.53	7.37	0.00	0.00	2000
226	11.20	2083	2037	0.00	196	0	0	0	nan	0.00	0.00	2.92	83.30	88.80	0.00	41	0	43	0.00	0.00	65.13	7.81	0.00	0.00	2000
232	11.05	2032	2165	0.00	212	0	0	0	nan	0.00	0.00	2.85	88.95	88.95	0.00	40	0	42	0.00	0.00	67.37	8.21	0.00	0.00	2000
229	10.96	2086	2106	0.00	194	0	0	0	nan	0.00	0.00	3.59	85.70	89.04	0.00	41	0	42	0.00	0.00	64.18	7.76	0.00	0.00	2000
231	10.62	2176	2101	0.00	180	0	0	0	nan	0.00	0.02	4.33	85.06	89.38	0.00	41	0	43	0.00	0.00	64.26	7.52	0.00	0.00	2000
228	10.81	2117	2093	0.00	195	0	0	3	38.90	0.00	0.02	3.09	85.83	89.19	0.00	41	0	42	0.00	0.00	65.29	7.64	0.00	0.00	2000
229	11.02	2080	2101	1.05	195	0	0	9	39.56	0.00	0.00	2.94	86.18	88.98	0.00	41	0	42	0.00	0.00	65.14	7.89	0.00	0.00	2000
229	11.15	2053	2100	0.00	196	0	0	0	nan	0.00	0.00	3.09	85.89	88.85	0.00	41	0	43	0.00	0.00	64.37	7.61	0.00	0.00	2000
230	10.90	2104	2106	0.00	196	0	0	0	nan	0.00	0.02	3.44	85.98	89.10	0.00	41	0	43	0.00	0.00	65.67	7.75	0.00	0.00	2000
228	10.90	2121	2071	0.00	195	0	0	0	nan	0.01	0.00	3.40	84.43	89.10	0.00	41	0	43	0.00	0.00	65.09	7.61	0.00	0.00	2000
229	10.63	2128	2129	0.00	194	0	0	0	nan	0.00	0.00	5.34	85.35	89.37	0.00	41	0	43	0.00	0.00	63.80	7.62	0.00	0.00	2000
228	10.99	2075	2102	0.00	179	0	0	0	nan	0.00	0.02	3.11	86.11	89.01	0.00	41	0	43	0.00	0.00	63.24	7.49	0.00	0.00	2000
229	10.79	2126	2097	0.00	195	0	0	0	nan	0.00	0.00	4.13	84.99	89.21	0.00	41	0	43	0.00	0.00	66.01	7.98	0.00	0.00	2000
231	11.23	2050	2104	0.00	196	0	0	0	nan	0.00	0.02	2.63	86.33	88.77	0.00	41	0	43	0.00	0.00	64.39	7.46	0.00	0.00	2000
230	10.95	2134	2066	0.00	194	0	0	0	nan	0.00	0.00	2.86	84.83	89.05	0.00	41	0	43	0.00	0.00	64.65	7.55	0.00	0.00	2000
235	11.09	2087	2135	0.00	196	0	0	0	nan	0.00	0.00	5.41	85.04	88.91	0.00	41	0	43	0.00	0.00	64.53	7.58	0.00	0.00	2000
229	11.00	2105	2081	0.00	179	0	0	0	nan	0.00	0.00	4.12	84.18	89.00	0.00	41	0	43	0.00	0.00	65.26	7.77	0.00	0.00	2000
229	10.67	2130	2117	0.00	195	0	0	0	nan	0.00	0.00	2.74	87.28	89.33	0.00	41	0	43	0.00	0.00	66.18	7.81	0.00	0.00	2000
229	11.04	2075	2098	0.00	196	0	0	0	nan	0.00	0.00	3.08	85.84	88.96	0.00	41	0	43	0.00	0.00	66.22	7.90	0.00	0.00	2000
230	10.93	2110	2097	0.00	196	0	0	0	nan	0.00	0.02	3.72	85.34	89.07	0.00	41	0	42	0.00	0.00	62.88	7.48	0.00	0.00	2000
231	11.03	2109	2083	0.00	197	0	0	0	nan	0.00	0.00	4.64	83.72	88.97	0.00	41	0	43	0.00	0.00	62.09	7.55	0.00	0.00	2000
230	10.89	2093	2119	0.00	199	0	0	0	nan	0.00	0.00	5.81	84.10	89.11	0.00	41	0	42	0.00	0.00	66.65	8.05	0.00	0.00	2000
229	10.88	2103	2101	0.00	179	0	0	0	nan	0.00	0.02	3.55	85.67	89.12	0.00	41	0	42	0.00	0.00	65.69	7.81	0.00	0.00	2000
227	10.75	2165	2049	0.82	194	0	0	10	25.04	0.00	0.00	2.92	84.06	89.25	0.00	41	0	42	0.00	0.00	63.09	7.48	0.00	0.00	2000
232	11.32	1994	2154	0.31	212	0	0	0	nan	0.00	0.00	4.58	86.47	88.68	0.00	41	0	42	0.00	0.00	66.26	7.93	0.00	0.00	2000
228	10.62	2155	2094	0.00	181	0	0	0	nan	0.00	0.02	3.81	85.35	89.38	0.00	41	0	43	0.00	0.00	65.69	7.69	0.00	0.00	2000
228	11.24	2025	2101	0.00	195	0	0	0	nan	0.00	0.00	2.93	85.99	88.76	0.00	41	0	43	0.00	0.00	64.41	7.86	0.00	0.00	2000
227	11.31	2006	2102	0.00	195	0	0	0	nan	0.00	0.02	2.72	86.12	88.69	0.00	41	0	43	0.00	0.00	65.75	8.04	0.00	0.00	2000
228	11.13	2048	2105	0.00	194	0	0	0	nan	0.00	0.00	3.08	86.05	88.87	0.00	41	0	43	0.00	0.00	65.29	7.78	0.00	0.00	2000
228	11.06	2066	2095	0.00	194	0	0	0	nan	0.00	0.01	3.24	85.52	88.94	0.00	41	0	43	0.00	0.00	65.62	7.80	0.00	0.00	2000
231	11.15	2067	2104	0.00	198	0	0	0	nan	0.00	0.00	3.08	86.03	88.85	0.00	41	0	43	0.00	0.00	63.64	7.50	0.00	0.00	2000
230	11.00	2110	2079	0.00	194	0	0	0	nan	0.00	0.02	3.65	84.44	89.00	0.00	41	0	43	0.00	0.00	62.60	7.46	0.00	0.00	2000
229	11.00	2062	2121	0.00	195	0	0	0	nan	0.00	0.00	4.45	85.45	89.00	0.00	41	0	43	0.00	0.00	65.97	7.83	0.00	0.00	2000
229	10.95	2088	2100	0.00	182	0	0	0	nan	0.00	0.00	3.08	85.98	89.05	0.00	41	0	43	0.00	0.00	66.74	8.04	0.00	0.00	2000
229	11.00	2082	2101	0.00	193	0	0	0	nan	0.00	0.02	3.02	86.14	89.00	0.00	41	0	43	0.00	0.00	65.50	8.03	0.00	0.00	2000
227	11.07	2059	2094	0.00	195	0	0	0	nan	0.00	0.00	3.06	85.83	88.93	0.00	41	0	43	0.00	0.00	60.21	7.19	0.00	0.00	2000
231	11.03	2089	2104	0.00	195	0	0	0	nan	0.01	0.00	3.34	85.95	88.97	0.00	41	0	43	0.00	0.00	66.10	7.89	0.00	0.00	2000
227	11.15	2067	2069	0.00	180	0	0	0	nan	0.00	0.00	2.93	84.66	88.85	0.00	41	0	43	0.00	0.00	63.10	7.60	0.00	0.00	2000
230	10.94	2064	2134	0.00	210	0	0	0	nan	0.00	0.00	4.20	86.39	89.06	0.00	41	0	42	0.00	0.00	65.78	7.90	0.00	0.00	2000
227	11.09	2072	2074	0.00	177	0	0	0	nan	0.00	0.02	2.75	85.09	88.91	0.00	41	0	42	0.00	0.00	63.94	7.69	0.00	0.00	2000
229	10.97	2065	2122	0.31	211	0	0	8	30.50	0.00	0.00	4.16	85.74	89.03	0.00	41	0	43	0.00	0.00	65.40	7.75	0.00	0.00	2000
231	11.00	2102	2103	0.85	183	0	0	4	52.02	0.00	0.02	4.98	84.27	89.00	0.00	41	0	43	0.00	0.00	67.10	7.95	0.00	0.00	2000
230	10.98	2094	2099	0.00	197	0	0	0	nan	0.00	0.00	4.03	85.04	89.02	0.00	41	0	43	0.00	0.00	65.77	7.74	0.00	0.00	2000
229	10.49	2181	2099	0.00	195	0	0	0	nan	0.00	0.00	2.89	86.48	89.51	0.00	41	0	43	0.00	0.00	60.21	7.26	0.00	0.00	2000
227	10.89	2152	2029	0.00	195	0	0	0	nan	0.00	0.02	2.54	83.53	89.11	0.00	41	0	42	0.00	0.00	63.21	7.48	0.00	0.00	2000
229	10.82	2040	2180	0.00	210	0	0	0	nan	0.00	0.00	3.09	89.54	89.18	0.00	41	0	43	0.00	0.00	69.81	8.19	0.00	0.00	2000
232	11.06	2094	2100	0.00	180	0	0	0	nan	0.00	0.00	4.44	84.60	88.94	0.00	41	0	43	0.00	0.00	65.89	7.93	0.00	0.00	2000
245	11.67	2100	2095	0.00	195	0	0	0	nan	0.00	0.03	3.44	84.82	88.33	0.00	41	0	43	0.00	0.00	63.11	7.65	0.00	0.00	2000
231	11.07	2086	2106	0.00	194	0	0	0	nan	0.00	0.00	2.44	86.77	88.93	0.00	41	0	42	0.00	0.00	62.74	7.21	0.00	0.00	2000
228	11.15	2047	2100	0.00	194	0	0	0	nan	0.00	0.00	2.89	86.05	88.85	0.00	41	0	42	0.00	0.00	66.66	8.08	0.00	0.00	2000
229	11.02	2083	2094	0.00	180	0	0	0	nan	0.00	0.00	3.44	85.35	88.98	0.00	41	0	42	0.00	0.00	64.98	7.86	0.00	0.00	2000
228	10.98	2072	2102	0.00	195	0	0	0	nan	0.00	0.00	2.81	86.33	89.02	0.00	41	0	43	0.00	0.00	65.02	7.83	0.00	0.00	2000
232	11.20	2070	2103	0.00	199	0	0	0	nan	0.00	0.02	2.76	86.12	88.80	0.00	41	0	43	0.00	0.00	66.15	7.98	0.00	0.00	2000
229	10.83	2112	2097	0.00	194	0	0	0	nan	0.00	0.02	3.06	86.02	89.17	0.00	41	0	43	0.00	0.00	63.04	7.50	0.00	0.00	2000
229	11.27	2031	2099	0.00	195	0	0	0	nan	0.00	0.00	3.39	85.39	88.73	0.00	41	0	43	0.00	0.00	58.89	7.53	0.00	0.00	2000
225	11.42	2038	2031	0.00	196	0	0	0	nan	0.00	0.00	2.89	82.94	88.58	0.00	41	0	43	0.00	0.00	66.48	7.62	0.00	0.00	2000
232	10.76	2075	2178	0.00	211	0	0	0	nan	0.00	0.00	2.95	89.64	89.24	0.00	41	0	42	0.00	0.00	68.10	8.44	0.00	0.00	2000
230	11.28	2036	2105	0.00	180	0	0	4	41.50	0.00	0.00	3.35	85.66	88.72	0.00	41	0	43	0.00	0.00	67.05	8.07	0.00	0.00	2000
229	10.86	2115	2092	1.01	197	0	0	8	37.68	0.00	0.00	3.72	85.10	89.14	0.00	41	0	43	0.00	0.00	62.59	7.46	0.00	0.00	2000
228	11.12	2042	2107	0.00	194	0	0	0	nan	0.00	0.00	3.26	85.94	88.88	0.00	41	0	42	0.00	0.00	63.69	7.68	0.00	0.00	2000
229	10.55	2174	2093	0.00	194	0	0	0	nan	0.00	0.00	2.58	86.54	89.45	0.00	41	0	43	0.00	0.00	65.10	7.72	0.00	0.00	2000
228	11.05	2057	2108	0.00	195	0	0	0	nan	0.00	0.02	2.69	86.59	88.95	0.00	41	0	43	0.00	0.00	66.28	8.04	0.00	0.00	2000
230	10.79	2135	2094	0.00	182	0	0	0	nan	0.00	0.00	3.72	85.22	89.21	0.00	41	0	42	0.00	0.00	66.32	8.03	0.00	0.00	2000
245	10.94	2241	2102	0.00	266	0	0	0	nan	0.00	0.67	3.77	84.83	89.06	0.00	41	0	43	0.00	0.00	62.12	7.45	0.00	0.00	2000
228	11.15	2115	2032	0.00	195	0	0	0	nan	0.00	0.00	6.02	80.06	88.85	0.00	41	0	42	0.00	0.00	63.95	7.65	0.00	0.00	2000
231	10.73	2079	2175	0.00	210	0	0	0	nan	0.00	0.00	3.38	89.09	89.27	0.00	41	0	43	0.00	0.00	69.02	8.13	0.00	0.00	2000
229	10.83	2121	2097	0.00	180	0	0	0	nan	0.00	0.00	2.93	86.03	89.17	0.00	41	0	43	0.00	0.00	65.36	7.71	0.00	0.00	2000
230	10.74	2134	2103	0.00	197	0	0	0	nan	0.00	0.00	3.49	85.83	89.26	0.00	41	0	43	0.00	0.00	61.64	7.29	0.00	0.00	2000
231	10.98	2097	2103	0.00	194	0	0	0	nan	0.01	0.00	2.95	86.27	89.02	0.00	41	0	43	0.00	0.00	65.35	7.81	0.00	0.00	2000
229	10.75	2133	2094	0.00	196	0	0	0	nan	0.00	0.02	3.03	85.98	89.25	0.00	41	0	43	0.00	0.00	65.04	7.93	0.00	0.00	2000
230	10.73	2139	2101	0.00	195	0	0	0	nan	0.00	0.02	2.68	86.58	89.27	0.00	41	0	42	0.00	0.00	65.50	7.77	0.00	0.00	2000
229	10.82	2120	2101	0.00	195	0	0	0	nan	0.00	0.00	3.11	86.09	89.18	0.00	41	0	42	0.00	0.00	64.71	7.96	0.00	0.00	2000
226	10.63	2204	2024	0.00	196	0	0	0	nan	0.00	0.00	3.28	82.71	89.37	0.00	41	0	43	0.00	0.00	63.13	7.48	0.00	0.00	2000
231	11.06	2008	2188	0.00	213	0	0	0	nan	0.00	0.00	2.96	89.72	88.94	0.00	41	0	42	0.00	0.00	68.77	8.23	0.00	0.00	2000
229	10.98	2085	2102	0.00	178	0	0	0	nan	0.00	0.02	3.28	85.82	89.02	0.00	41	0	43	0.00	0.00	60.93	7.57	0.00	0.00	2000
229	10.87	2112	2097	1.03	194	0	0	10	27.89	0.01	0.00	3.32	85.73	89.13	0.00	41	0	43	0.00	0.00	66.28	7.98	0.00	0.00	2000
229	11.05	2076	2098	0.13	195	0	0	0	nan	0.00	0.00	2.72	86.20	88.95	0.00	41	0	43	0.00	0.00	65.29	7.94	0.00	0.00	2000
227	11.00	2066	2100	0.00	194	0	0	0	nan	0.00	0.02	3.53	85.46	89.00	0.00	41	0	43	0.00	0.00	65.79	8.03	0.00	0.00	2000
230	11.15	2057	2101	0.00	195	0	0	0	nan	0.00	0.00	3.60	85.45	88.85	0.00	41	0	43	0.00	0.00	65.54	7.90	0.00	0.00	2000
231	11.15	2074	2096	0.00	180	0	0	0	nan	0.00	0.00	3.79	85.02	88.85	0.00	41	0	43	0.00	0.00	64.57	7.97	0.00	0.00	2000
229	10.90	2094	2104	0.00	195	0	0	0	nan	0.00	0.01	3.01	86.35	89.10	0.00	41	0	43	0.00	0.00	66.22	7.50	0.00	0.00	2000
227	11.07	2100	2049	0.00	196	0	0	0	nan	0.00	0.00	2.68	84.18	88.93	0.00	41	0	43	0.00	0.00	60.51	7.71	0.00	0.00	2000
232	10.78	2097	2157	0.00	213	0	0	0	nan	0.00	0.00	6.19	85.45	89.22	0.00	41	0	43	0.00	0.00	69.37	8.43	0.00	0.00	2000
229	10.87	2110	2097	0.00	179	0	0	0	nan	0.00	0.01	3.48	85.58	89.13	0.00	41	0	43	0.00	0.00	60.71	7.32	0.00	0.00	2000
230	10.67	2156	2098	0.00	194	0	0	0	nan	0.00	0.03	3.07	86.20	89.33	0.00	41	0	42	0.00	0.00	66.03	8.02	0.00	0.00	2000
231	10.86	2123	2100	0.00	195	0	0	0	nan	0.00	0.00	2.78	86.29	89.14	0.00	41	0	43	0.00	0.00	65.65	7.97	0.00	0.00	2000
229	10.96	2088	2096	0.00	194	0	0	0	nan	0.00	0.00	3.22	85.70	89.04	0.00	41	0	42	0.00	0.00	64.77	7.86	0.00	0.00	2000
228	11.13	2043	2105	0.00	193	0	0	0	nan	0.00	0.00	2.73	86.47	88.87	0.00	41	0	43	0.00	0.00	65.77	7.95	0.00	0.00	2000
229	11.17	2072	2077	0.00	195	0	0	0	nan	0.00	0.00	3.88	83.96	88.83	0.00	41	0	43	0.00	0.00	65.19	7.88	0.00	0.00	2000
229	10.65	2130	2123	0.00	195	0	0	0	nan	0.00	0.00	5.25	85.09	89.35	0.00	41	0	42	0.00	0.00	61.43	7.30	0.00	0.00	2000
232	11.15	2083	2101	0.00	179	0	0	0	nan	0.00	0.00	3.80	85.08	88.85	0.00	41	0	42	0.00	0.00	66.96	7.87	0.00	0.00	2000
229	10.86	2109	2102	0.00	194	0	0	0	nan	0.00	0.00	3.25	85.94	89.14	0.00	41	0	43	0.00	0.00	66.23	8.06	0.00	0.00	2000
225	10.80	2166	2023	0.57	195	0	0	10	28.78	0.00	0.00	2.89	83.04	89.20	0.00	41	0	43	0.00	0.00	63.34	7.60	0.00	0.00	2000
230	10.78	2052	2182	0.57	211	0	0	1	91.43	0.00	0.00	3.08	89.65	89.22	0.00	41	0	43	0.00	0.00	63.80	7.59	0.00	0.00	2000
229	10.90	2100	2104	0.00	178	0	0	0	nan	0.00	0.00	3.34	86.01	89.10	0.00	41	0	43	0.00	0.00	66.45	7.98	0.00	0.00	2000
229	10.89	2108	2093	0.00	194	0	0	0	nan	0.00	0.00	3.27	85.64	89.11	0.00	41	0	43	0.00	0.00	64.63	7.81	0.00	0.00	2000
232	11.26	2062	2096	0.00	225	0	0	0	nan	0.00	0.00	3.02	85.67	88.74	0.00	41	0	42	0.00	0.00	64.40	7.61	0.00	0.00	2000
231	10.98	2095	2111	0.00	196	0	0	0	nan	0.00	0.00	2.68	86.83	89.02	0.00	41	0	43	0.00	0.00	66.18	7.98	0.00	0.00	2000
230	11.04	2092	2095	0.00	195	0	0	0	nan	0.00	0.00	3.08	85.74	88.96	0.00	41	0	43	0.00	0.00	64.75	7.86	0.00	0.00	2000
234	11.37	2055	2102	0.00	196	0	0	0	nan	0.00	0.00	4.00	84.74	88.63	0.00	41	0	43	0.00	0.00	66.13	7.95	0.00	0.00	2000
230	11.10	2071	2097	0.00	195	0	0	0	nan	0.00	0.02	3.98	84.88	88.90	0.00	41	0	43	0.00	0.00	60.51	7.51	0.00	0.00	2000
229	11.17	2072	2080	0.00	179	0	0	0	nan	0.00	0.02	3.55	84.52	88.83	0.00	41	0	43	0.00	0.00	66.79	7.40	0.00	0.00	2000
228	10.94	2067	2118	0.00	210	0	0	0	nan	0.00	0.00	4.38	85.50	89.06	0.00	41	0	43	0.00	0.00	67.41	7.85	0.00	0.00	2000
228	11.09	2058	2100	0.00	196	0	0	0	nan	0.00	0.00	4.20	84.82	88.91	0.00	41	0	43	0.00	0.00	59.76	6.98	0.00	0.00	2000
229	10.94	2122	2072	0.00	196	0	0	0	nan	0.00	0.00	3.56	84.33	89.06	0.00	41	0	42	0.00	0.00	67.29	7.78	0.00	0.00	2000
228	10.86	2075	2126	0.00	195	0	0	0	nan	0.00	0.00	5.13	85.22	89.14	0.00	41	0	43	0.00	0.00	64.98	7.69	0.00	0.00	2000
231	11.01	2097	2105	0.00	196	0	0	0	nan	0.00	0.00	4.08	85.20	88.99	0.00	41	0	42	0.00	0.00	63.30	7.60	0.00	0.00	2000
229	10.84	2107	2104	0.00	179	0	0	0	nan	0.01	0.00	3.08	86.28	89.16	0.00	41	0	42	0.00	0.00	67.08	8.15	0.00	0.00	2000
229	10.52	2180	2099	0.00	194	0	0	0	nan	0.00	0.00	2.52	86.90	89.48	0.00	41	0	42	0.00	0.00	65.34	7.71	0.00	0.00	2000
225	11.47	2032	2027	0.13	196	0	0	6	32.11	0.00	0.00	3.80	81.80	88.53	0.00	41	0	43	0.00	0.00	63.19	7.64	0.00	0.00	2000
232	10.95	2039	2178	0.96	213	0	0	6	47.26	0.00	0.00	3.43	88.90	89.05	0.00	41	0	42	0.00	0.00	63.13	7.58	0.00	0.00	2000
227	10.93	2117	2062	0.00	178	0	0	0	nan	0.00	0.00	3.19	84.26	89.07	0.00	40	0	42	0.00	0.00	66.56	8.03	0.00	0.00	2000
230	11.00	2057	2134	0.00	212	0	0	0	nan	0.00	0.01	5.23	85.23	89.00	0.00	41	0	43	0.00	0.00	64.68	7.82	0.00	0.00	2000
228	10.98	2075	2104	0.00	196	0	0	0	nan	0.00	0.00	4.58	84.66	89.02	0.00	41	0	43	0.00	0.00	63.27	7.61	0.00	0.00	2000
228	10.96	2077	2101	0.00	179	0	0	0	nan	0.00	0.02	3.24	85.83	89.04	0.00	41	0	42	0.00	0.00	65.23	7.76	0.00	0.00	2000
228	10.71	2128	2105	0.00	196	0	0	0	nan	0.00	0.00	2.45	87.01	89.29	0.00	41	0	43	0.00	0.00	67.11	7.86	0.00	0.00	2000
230	11.05	2084	2094	0.00	195	0	0	0	nan	0.00	0.02	2.93	85.91	88.95	0.00	41	0	43	0.00	0.00	65.18	7.68	0.00	0.00	2000
236	11.04	2135	2101	0.00	212	0	0	0	nan	0.00	0.02	7.52	81.51	88.97	0.00	41	0	43	0.00	0.00	61.49	7.33	0.00	0.00	2000
230	10.77	2140	2095	0.00	178	0	0	0	nan	0.00	0.00	3.51	85.48	89.23	0.00	41	0	43	0.00	0.00	64.99	7.60	0.00	0.00	2000
227	11.26	2014	2103	0.00	195	0	0	0	nan	0.00	0.00	3.87	85.13	88.74	0.00	41	0	43	0.00	0.00	66.53	7.83	0.00	0.00	2000
229	11.05	2070	2105	0.00	195	0	0	0	nan	0.00	0.02	2.80	86.38	88.95	0.00	41	0	42	0.00	0.00	65.63	7.78	0.00	0.00	2000
227	10.96	2081	2095	0.00	196	0	0	0	nan	0.00	0.02	3.54	85.41	89.04	0.00	41	0	43	0.00	0.00	66.39	7.81	0.00	0.00	2000
229	10.88	2103	2103	0.00	194	0	0	0	nan	0.00	0.00	2.74	86.44	89.12	0.00	41	0	42	0.00	0.00	63.25	7.50	0.00	0.00	2000
231	11.12	2078	2102	0.00	196	0	0	0	nan	0.00	0.00	4.14	84.80	88.88	0.00	41	0	42	0.00	0.00	63.93	7.75	0.00	0.00	2000
230	11.12	2074	2099	0.00	182	0	0	0	nan	0.00	0.00	4.26	84.76	88.88	0.00	41	0	43	0.00	0.00	66.61	7.98	0.00	0.00	2000
228	11.07	2053	2102	0.00	193	0	0	0	nan	0.00	0.00	3.18	85.95	88.93	0.00	41	0	43	0.00	0.00	67.00	7.87	0.00	0.00	2000
226	11.04	2128	2016	0.00	195	0	0	1	38.61	0.00	0.00	2.79	82.71	88.96	0.00	41	0	42	0.00	0.00	58.36	6.85	0.00	0.00	2000
230	10.61	2079	2190	1.13	211	0	0	10	33.38	0.00	0.00	3.38	89.83	89.39	0.00	41	0	42	0.00	0.00	69.81	8.34	0.00	0.00	2000
246	11.35	2166	2103	0.00	180	0	0	0	nan	0.00	0.01	4.52	84.20	88.65	0.00	41	0	43	0.00	0.00	66.91	7.81	0.00	0.00	2000
228	10.81	2115	2093	0.00	196	0	0	0	nan	0.00	0.02	3.18	85.82	89.19	0.00	41	0	42	0.00	0.00	63.02	7.43	0.00	0.00	2000
229	10.62	2162	2095	0.00	195	0	0	0	nan	0.00	0.07	2.71	86.36	89.38	0.00	41	0	42	0.00	0.00	64.60	7.64	0.00	0.00	2000
229	10.80	2116	2105	0.00	195	0	0	0	nan	0.00	0.02	2.41	87.04	89.20	0.00	41	0	43	0.00	0.00	65.32	7.53	0.00	0.00	2000
230	11.20	2047	2105	0.00	195	0	0	0	nan	0.00	0.00	3.09	85.94	88.80	0.00	41	0	43	0.00	0.00	63.70	7.91	0.00	0.00	2000
230	11.19	2062	2096	0.00	179	0	0	0	nan	0.00	0.00	3.03	85.66	88.81	0.00	41	0	42	0.00	0.00	65.87	7.92	0.00	0.00	2000
231	11.15	2069	2100	0.00	195	0	0	0	nan	0.00	0.02	2.42	86.40	88.85	0.00	41	0	42	0.00	0.00	65.57	7.83	0.00	0.00	2000
229	11.18	2051	2102	0.00	199	0	0	0	nan	0.00	0.00	3.95	85.00	88.82	0.00	41	0	43	0.00	0.00	66.75	7.99	0.00	0.00	2000
227	11.37	2065	2033	0.00	195	0	0	0	nan	0.00	0.00	2.85	83.05	88.63	0.00	41	0	43	0.00	0.00	58.88	7.06	0.00	0.00	2000
228	10.79	2045	2174	0.00	211	0	0	0	nan	0.00	0.00	2.99	89.42	89.21	0.00	41	0	43	0.00	0.00	68.79	8.41	0.00	0.00	2000
229	10.82	2116	2102	0.00	182	0	0	0	nan	0.00	0.00	2.96	86.35	89.18	0.00	41	0	43	0.00	0.00	67.04	7.96	0.00	0.00	2000
230	11.00	2088	2101	0.00	193	0	0	0	nan	0.00	0.00	3.29	85.83	89.00	0.00	41	0	43	0.00	0.00	65.51	7.88	0.00	0.00	2000
229	10.96	2091	2094	0.00	196	0	0	0	nan	0.00	0.00	3.19	85.67	89.04	0.00	41	0	42	0.00	0.00	60.66	7.20	0.00	0.00	2000
229	11.04	2071	2102	0.00	196	0	0	0	nan	0.00	0.00	2.91	86.26	88.96	0.00	41	0	42	0.00	0.00	67.51	7.97	0.00	0.00	2000
229	10.71	2140	2100	0.00	179	0	0	0	nan	0.00	0.00	3.05	86.20	89.29	0.00	41	0	43	0.00	0.00	64.69	7.87	0.00	0.00	2000
229	11.19	2042	2101	0.00	197	0	0	0	nan	0.00	0.00	2.24	86.67	88.81	0.00	41	0	43	0.00	0.00	64.43	7.60	0.00	0.00	2000
229	10.99	2091	2094	0.62	197	0	0	10	28.21	0.00	0.02	3.31	85.49	89.01	0.00	41	0	43	0.00	0.00	62.94	7.37	0.00	0.00	2000
231	10.93	2118	2096	0.53	195	0	0	0	90.68	0.01	0.00	2.84	86.09	89.07	0.00	41	0	43	0.00	0.00	66.47	7.69	0.00	0.00	2000
230	10.72	2139	2105	0.00	196	0	0	0	nan	0.00	0.00	3.86	85.53	89.28	0.00	41	0	43	0.00	0.00	66.17	7.88	0.00	0.00	2000
229	10.99	2104	2076	0.00	179	0	0	0	nan	0.00	0.00	3.96	84.01	89.02	0.00	41	0	43	0.00	0.00	63.57	7.68	0.00	0.00	2000
231	10.92	2084	2129	0.00	212	0	0	0	nan	0.00	0.00	4.27	85.97	89.08	0.00	41	0	43	0.00	0.00	66.71	7.86	0.00	0.00	2000
263	11.99	2196	2100	0.00	179	0	0	0	nan	0.00	0.00	3.89	84.12	88.01	0.00	41	0	43	0.00	0.00	65.17	7.15	0.00	0.00	2000
228	11.25	2088	2037	0.00	193	0	0	0	nan	0.00	0.00	2.78	83.44	88.75	0.00	41	0	43	0.00	0.00	61.53	7.74	0.00	0.00	2000
231	10.79	2075	2168	0.00	213	0	0	0	nan	0.00	0.02	4.46	87.74	89.21	0.00	41	0	43	0.00	0.00	69.25	8.28	0.00	0.00	2000
229	10.90	2103	2094	0.00	180	0	0	0	nan	0.00	0.02	3.25	85.62	89.10	0.00	41	0	43	0.00	0.00	64.70	7.79	0.00	0.00	2000
228	11.08	2051	2106	0.00	196	0	0	0	nan	0.00	0.00	2.57	86.66	88.92	0.00	41	0	43	0.00	0.00	60.89	7.33	0.00	0.00	2000
230	10.64	2161	2097	0.00	195	0	0	0	nan	0.00	0.01	2.91	86.30	89.36	0.00	41	0	43	0.00	0.00	65.40	7.75	0.00	0.00	2000
229	11.05	2066	2103	0.00	196	0	0	0	nan	0.00	0.00	3.61	85.60	88.95	0.00	41	0	43	0.00	0.00	66.88	7.93	0.00	0.00	2000
231	11.08	2083	2098	0.00	179	0	0	0	nan	0.00	0.00	2.83	86.02	88.92	0.00	41	0	42	0.00	0.00	66.02	7.82	0.00	0.00	2000
229	11.04	2071	2100	0.00	194	0	0	0	nan	0.00	0.00	3.23	85.89	88.96	0.00	41	0	43	0.00	0.00	61.15	7.18	0.00	0.00	2000
227	10.98	2133	2035	0.00	195	0	0	0	nan	0.00	0.00	2.20	84.11	89.02	0.00	41	0	43	0.00	0.00	63.97	7.62	0.00	0.00	2000
230	10.52	2112	2173	0.00	211	0	0	0	nan	0.00	0.00	3.52	89.01	89.48	0.00	41	0	43	0.00	0.00	69.80	8.34	0.00	0.00	2000
229	10.94	2099	2097	0.00	180	0	0	0	nan	0.00	0.02	3.72	85.33	89.06	0.00	41	0	42	0.00	0.00	59.69	7.23	0.00	0.00	2000
227	11.06	2055	2101	0.03	196	0	0	6	38.21	0.01	0.00	3.27	85.80	88.94	0.00	41	0	43	0.00	0.00	66.76	7.87	0.00	0.00	2000
232	11.08	2090	2099	1.04	196	0	0	6	44.37	0.00	0.02	2.95	85.91	88.92	0.00	41	0	43	0.00	0.00	65.20	7.56	0.00	0.00	2000
228	11.01	2067	2105	0.00	196	0	0	0	nan	0.00	0.02	3.05	86.23	88.99	0.00	41	0	43	0.00	0.00	66.43	8.04	0.00	0.00	2000
229	10.93	2097	2097	0.00	179	0	0	0	nan	0.00	0.00	2.91	86.04	89.07	0.00	41	0	43	0.00	0.00	66.07	7.73	0.00	0.00	2000
229	11.12	2063	2101	0.00	199	0	0	0	nan	0.00	0.00	3.30	85.69	88.88	0.00	41	0	43	0.00	0.00	60.61	7.31	0.00	0.00	2000
228	11.22	2095	2038	0.00	206	0	0	0	nan	0.00	0.01	4.47	81.78	88.78	0.00	41	0	43	0.00	0.00	64.23	7.66	0.00	0.00	2000
231	11.05	2061	2134	0.00	215	0	0	0	nan	0.00	0.02	3.55	86.88	88.95	0.00	41	0	43	0.00	0.00	64.64	7.96	0.00	0.00	2000
229	11.06	2053	2113	0.00	195	0	0	0	nan	0.00	0.00	5.43	84.18	88.94	0.00	41	0	43	0.00	0.00	67.78	7.61	0.00	0.00	2000
227	11.05	2062	2094	0.00	194	0	0	0	nan	0.00	0.00	4.42	84.34	88.95	0.00	41	0	42	0.00	0.00	64.40	7.89	0.00	0.00	2000
228	10.93	2068	2120	0.00	195	0	0	0	nan	0.00	0.00	4.81	85.10	89.07	0.00	41	0	42	0.00	0.00	64.94	7.55	0.00	0.00	2000
227	11.02	2075	2088	0.00	194	0	0	0	nan	0.00	0.00	3.64	84.93	88.98	0.00	41	0	42	0.00	0.00	64.90	7.54	0.00	0.00	2000
231	11.14	2066	2105	0.00	196	0	0	0	nan	0.00	0.00	5.05	84.17	88.86	0.00	41	0	42	0.00	0.00	64.67	7.68	0.00	0.00	2000
229	10.86	2117	2090	0.00	197	0	0	0	nan	0.00	0.00	3.95	84.76	89.14	0.00	41	0	42	0.00	0.00	62.60	7.28	0.00	0.00	2000
228	10.94	2085	2103	0.00	195	0	0	0	nan	0.00	0.00	4.41	84.84	89.06	0.00	42	0	43	0.00	0.00	64.71	8.09	0.00	0.00	2000
227	11.07	2065	2087	0.00	195	0	0	0	nan	0.00	0.00	4.31	84.15	88.93	0.00	42	0	43	0.00	0.00	64.30	7.32	0.00	0.00	2000
229	10.99	2080	2105	0.00	196	0	0	0	nan	0.00	0.00	5.06	84.12	89.01	0.00	41	0	42	0.00	0.00	65.39	7.69	0.00	0.00	2000
228	11.28	2024	2099	0.00	196	0	0	0	nan	0.00	0.00	4.74	84.04	88.72	0.00	41	0	43	0.00	0.00	64.41	7.69	0.00	0.00	2000
229	11.10	2063	2103	0.00	197	0	0	3	47.07	0.00	0.00	4.39	84.72	88.90	0.00	41	0	42	0.00	0.00	64.93	7.58	0.00	0.00	2000
228	11.16	2050	2092	1.25	194	0	0	8	26.01	0.00	0.00	4.55	83.97	88.84	0.00	42	0	43	0.00	0.00	64.80	7.77	0.00	0.00	2000
229	10.66	2132	2117	0.00	196	0	0	0	nan	0.00	0.00	4.69	85.45	89.34	0.00	41	0	42	0.00	0.00	67.29	8.02	0.00	0.00	2000
227	11.05	2060	2095	0.00	195	0	0	0	nan	0.00	0.00	4.15	84.64	88.95	0.00	41	0	42	0.00	0.00	62.63	7.46	0.00	0.00	2000
234	11.27	2078	2097	0.00	195	0	0	0	nan	0.00	0.02	5.12	83.50	88.73	0.00	41	0	43	0.00	0.00	65.02	7.50	0.00	0.00	2000
231	11.28	2055	2094	0.00	197	0	0	0	nan	0.00	0.00	4.77	83.79	88.72	0.00	41	0	43	0.00	0.00	65.29	7.62	0.00	0.00	2000
225	11.03	2100	2043	0.00	196	0	0	0	nan	0.00	0.00	4.54	82.13	88.97	0.00	41	0	43	0.00	0.00	62.28	7.49	0.00	0.00	2000
230	10.90	2047	2165	0.00	214	0	0	0	nan	0.00	0.00	4.71	87.26	89.10	0.00	42	0	42	0.00	0.00	67.41	8.13	0.00	0.00	2000
228	10.98	2077	2100	0.00	196	0	0	0	nan	0.00	0.00	5.14	83.93	89.02	0.00	41	0	42	0.00	0.00	64.92	7.84	0.00	0.00	2000
228	10.87	2091	2103	0.00	195	0	0	0	nan	0.00	0.00	4.80	84.56	89.13	0.00	42	0	42	0.00	0.00	64.63	7.78	0.00	0.00	2000
231	10.72	2153	2098	0.00	197	0	0	0	nan	0.00	0.00	4.87	84.25	89.28	0.00	42	0	43	0.00	0.00	65.28	7.59	0.00	0.00	2000
227	10.91	2073	2106	0.00	197	0	0	0	nan	0.00	0.00	4.70	84.76	89.09	0.00	42	0	42	0.00	0.00	64.97	7.65	0.00	0.00	2000
228	11.02	2076	2092	0.00	195	0	0	0	nan	0.00	0.00	3.87	84.88	88.98	0.00	42	0	42	0.00	0.00	64.36	7.76	0.00	0.00	2000
227	10.84	2088	2104	0.00	195	0	0	0	nan	0.00	0.00	4.34	85.10	89.16	0.00	41	0	43	0.00	0.00	64.86	7.76	0.00	0.00	2000
228	11.04	2075	2095	0.00	195	0	0	0	nan	0.00	0.00	4.51	84.23	88.96	0.00	41	0	43	0.00	0.00	64.76	7.82	0.00	0.00	2000
230	10.96	2089	2115	0.00	198	0	0	0	nan	0.00	0.00	5.64	84.04	89.04	0.00	41	0	42	0.00	0.00	65.55	7.87	0.00	0.00	2000
229	11.12	2067	2089	0.00	195	0	0	0	nan	0.00	0.00	3.93	84.56	88.88	0.00	41	0	43	0.00	0.00	64.52	7.58	0.00	0.00	2000
226	11.31	2012	2089	0.00	194	0	0	2	45.47	0.00	0.00	4.64	83.80	88.69	0.00	42	0	42	0.00	0.00	64.52	7.59	0.00	0.00	2000
229	11.18	2034	2110	1.29	195	0	0	8	32.76	0.00	0.00	5.02	84.30	88.82	0.00	41	0	43	0.00	0.00	64.94	7.80	0.00	0.00	2000
228	11.03	2073	2092	0.00	196	0	0	0	nan	0.00	0.00	5.09	83.65	88.97	0.00	41	0	42	0.00	0.00	64.95	7.54	0.00	0.00	2000
230	10.92	2082	2127	0.00	195	0	0	0	nan	0.00	0.00	5.16	85.09	89.08	0.00	42	0	42	0.00	0.00	64.80	7.90	0.00	0.00	2000
227	10.96	2103	2071	0.00	195	0	0	0	nan	0.00	0.02	3.57	84.26	89.04	0.00	41	0	42	0.00	0.00	64.96	7.76	0.00	0.00	2000
229	10.81	2090	2131	0.00	195	0	0	0	nan	0.00	0.00	5.05	85.49	89.19	0.00	42	0	42	0.00	0.00	65.20	7.86	0.00	0.00	2000
227	11.26	2018	2095	0.00	197	0	0	0	nan	0.00	0.00	4.05	84.63	88.74	0.00	41	0	42	0.00	0.00	62.74	7.51	0.00	0.00	2000
228	11.25	2058	2066	0.00	179	0	0	0	nan	0.00	0.00	3.54	83.75	88.75	0.00	41	0	43	0.00	0.00	66.38	7.83	0.00	0.00	2000
229	10.98	2081	2109	0.00	213	0	0	0	nan	0.00	0.00	4.62	84.85	89.02	0.00	41	0	42	0.00	0.00	65.03	7.66	0.00	0.00	2000
228	11.02	2046	2127	0.00	193	0	0	0	nan	0.00	0.00	5.00	85.24	88.98	0.00	41	0	42	0.00	0.00	65.05	7.77	0.00	0.00	2000
227	11.02	2086	2073	0.00	197	0	0	0	nan	0.00	0.00	4.20	83.67	88.98	0.00	41	0	42	0.00	0.00	64.62	7.62	0.00	0.00	2000
229	11.05	2058	2114	0.00	198	0	0	0	nan	0.00	0.00	6.20	83.47	88.95	0.00	41	0	43	0.00	0.00	64.69	7.83	0.00	0.00	2000
227	10.96	2084	2085	0.00	196	0	0	0	nan	0.00	0.00	4.42	83.98	89.04	0.00	41	0	42	0.00	0.00	64.75	7.64	0.00	0.00	2000
228	11.21	2073	2057	0.00	196	0	0	0	nan	0.00	0.00	5.39	81.64	88.79	0.00	41	0	42	0.00	0.00	60.19	7.47	0.00	0.00	2000
230	10.84	2069	2154	0.00	213	0	0	0	nan	0.01	0.00	3.69	87.87	89.16	0.00	41	0	43	0.00	0.00	67.46	7.76	0.00	0.00	2000
229	10.93	2092	2102	0.00	195	0	0	0	nan	0.00	0.00	4.67	84.53	89.07	0.00	42	0	42	0.00	0.00	64.85	7.80	0.00	0.00	2000
227	10.86	2101	2091	0.00	195	0	0	0	nan	0.00	0.00	4.59	84.18	89.14	0.00	42	0	42	0.00	0.00	65.01	7.69	0.00	0.00	2000
228	10.89	2090	2106	0.00	195	0	0	0	91.41	0.00	0.00	5.04	84.38	89.11	0.00	41	0	42	0.00	0.00	64.69	7.65	0.00	0.00	2000
250	11.61	2160	2094	1.11	196	0	0	8	21.57	0.00	0.00	5.44	82.67	88.39	0.00	41	0	43	0.00	0.00	65.33	7.72	0.00	0.00	2000
229	10.94	2075	2120	0.00	194	0	0	0	nan	0.00	0.00	4.61	85.33	89.06	0.00	42	0	42	0.00	0.00	65.35	7.74	0.00	0.00	2000
228	11.09	2076	2079	0.00	195	0	0	0	nan	0.00	0.00	3.71	84.32	88.91	0.00	41	0	43	0.00	0.00	64.47	7.86	0.00	0.00	2000
228	10.86	2078	2120	0.00	193	0	0	0	nan	0.00	0.00	4.68	85.47	89.14	0.00	41	0	43	0.00	0.00	64.46	7.67	0.00	0.00	2000
230	11.21	2056	2093	0.00	196	0	0	0	nan	0.00	0.00	3.83	84.76	88.79	0.00	41	0	42	0.00	0.00	64.79	7.74	0.00	0.00	2000
231	10.92	2110	2100	0.00	196	0	0	0	nan	0.00	0.00	5.30	83.71	89.08	0.00	41	0	43	0.00	0.00	65.05	7.91	0.00	0.00	2000
229	11.19	2047	2100	0.00	199	0	0	0	nan	0.00	0.00	4.85	84.02	88.81	0.00	42	0	42	0.00	0.00	64.85	7.65	0.00	0.00	2000
229	10.93	2087	2107	0.00	195	0	0	0	nan	0.00	0.00	4.68	84.68	89.07	0.00	42	0	43	0.00	0.00	64.78	7.77	0.00	0.00	2000
227	11.24	2028	2088	0.00	195	0	0	0	nan	0.00	0.00	3.89	84.50	88.76	0.00	41	0	42	0.00	0.00	64.77	7.91	0.00	0.00	2000
228	10.87	2091	2111	0.00	195	0	0	0	nan	0.00	0.00	5.12	84.55	89.14	0.00	41	0	42	0.00	0.00	64.46	7.76	0.00	0.00	2000
228	10.97	2090	2084	0.00	196	0	0	0	nan	0.00	0.00	4.01	84.33	89.03	0.00	41	0	43	0.00	0.00	64.82	7.80	0.00	0.00	2000
231	10.62	2161	2111	0.00	196	0	0	0	nan	0.00	0.00	4.80	84.91	89.38	0.00	42	0	43	0.00	0.00	65.19	7.74	0.00	0.00	2000
227	10.70	2122	2102	0.00	195	0	0	0	nan	0.00	0.00	4.03	85.32	89.30	0.00	41	0	42	0.00	0.00	64.20	7.81	0.00	0.00	2000
230	11.02	2092	2092	0.00	199	0	0	0	nan	0.00	0.00	5.21	83.41	88.98	0.00	42	0	43	0.00	0.00	65.00	7.73	0.00	0.00	2000
227	10.59	2145	2103	0.00	195	0	0	0	nan	0.00	0.01	4.35	85.18	89.41	0.00	41	0	43	0.00	0.00	64.41	7.68	0.00	0.00	2000
228	11.11	2057	2096	0.00	194	0	0	0	nan	0.00	0.00	4.83	83.93	88.89	0.00	41	0	42	0.00	0.00	64.66	7.81	0.00	0.00	2000
230	10.92	2100	2108	0.00	195	0	0	0	nan	0.00	0.00	5.00	84.37	89.08	0.00	41	0	42	0.00	0.00	66.55	7.87	0.00	0.00	2000
228	11.06	2071	2090	1.00	180	0	0	8	15.10	0.01	0.00	3.94	84.69	88.94	0.00	41	0	42	0.00	0.00	63.31	7.54	0.00	0.00	2000
228	10.73	2122	2104	0.35	212	0	0	0	nan	0.00	0.00	4.69	84.68	89.27	0.00	42	0	43	0.00	0.00	64.84	7.81	0.00	0.00	2000
229	10.93	2100	2098	0.00	195	0	0	0	nan	0.00	0.00	4.40	84.45	89.07	0.00	41	0	43	0.00	0.00	64.59	7.58	0.00	0.00	2000
228	10.67	2133	2103	0.00	195	0	0	0	nan	0.00	0.00	5.02	84.50	89.33	0.00	41	0	42	0.00	0.00	64.91	7.69	0.00	0.00	2000
233	11.10	2099	2099	0.00	198	0	0	0	nan	0.00	0.03	4.69	84.29	88.90	0.00	41	0	42	0.00	0.00	64.71	7.68	0.00	0.00	2000
227	10.66	2118	2114	0.00	196	0	0	0	nan	0.00	0.00	4.71	85.27	89.34	0.00	41	0	43	0.00	0.00	65.73	7.78	0.00	0.00	2000
229	11.05	2096	2074	0.00	180	0	0	0	nan	0.00	0.00	3.75	84.14	88.95	0.00	41	0	43	0.00	0.00	64.05	7.54	0.00	0.00	2000
227	11.01	2059	2102	0.00	210	0	0	0	nan	0.00	0.00	4.42	84.70	88.99	0.00	41	0	42	0.00	0.00	64.89	7.75	0.00	0.00	2000
228	11.01	2068	2108	0.00	194	0	0	0	nan	0.00	0.00	5.00	84.33	88.99	0.00	41	0	42	0.00	0.00	64.56	7.74	0.00	0.00	2000
229	10.84	2115	2101	0.00	195	0	0	0	nan	0.00	0.00	4.67	84.46	89.16	0.00	41	0	42	0.00	0.00	65.11	7.71	0.00	0.00	2000
228	10.85	2106	2098	0.00	196	0	0	0	nan	0.00	0.00	5.01	84.02	89.15	0.00	41	0	42	0.00	0.00	64.79	7.74	0.00	0.00	2000
227	11.00	2052	2110	0.00	194	0	0	0	nan	0.00	0.00	4.70	84.81	89.00	0.00	41	0	43	0.00	0.00	64.94	7.91	0.00	0.00	2000
228	11.01	2083	2091	0.00	194	0	0	0	nan	0.00	0.00	4.20	84.51	88.99	0.00	41	0	42	0.00	0.00	64.44	7.88	0.00	0.00	2000
227	11.05	2049	2109	0.00	197	0	0	0	nan	0.00	0.00	4.67	84.71	88.95	0.00	42	0	42	0.00	0.00	64.70	7.76	0.00	0.00	2000
228	11.15	2055	2093	0.00	194	0	0	0	nan	0.00	0.00	4.17	84.51	88.85	0.00	42	0	42	0.00	0.00	64.64	7.56	0.00	0.00	2000
229	10.91	2100	2098	0.00	195	0	0	0	nan	0.00	0.00	4.50	84.52	89.09	0.00	42	0	43	0.00	0.00	62.25	7.92	0.00	0.00	2000
229	10.56	2164	2107	0.00	196	0	0	0	nan	0.00	0.00	5.64	84.02	89.44	0.00	42	0	42	0.00	0.00	67.81	7.69	0.00	0.00	2000
228	10.75	2122	2098	0.88	199	0	0	11	14.50	0.00	0.00	4.97	84.09	89.25	0.00	42	0	42	0.00	0.00	64.93	7.86	0.00	0.00	2000
228	10.76	2107	2109	0.83	194	0	0	1	92.77	0.00	0.00	4.54	85.14	89.24	0.00	42	0	42	0.00	0.00	65.14	7.99	0.00	0.00	2000
227	11.10	2050	2090	0.00	194	0	0	0	nan	0.00	0.00	4.05	84.52	88.90	0.00	42	0	42	0.00	0.00	64.81	7.71	0.00	0.00	2000
233	11.04	2106	2103	0.00	194	0	0	0	nan	0.00	0.00	4.40	84.71	88.96	0.00	42	0	43	0.00	0.00	65.18	7.91	0.00	0.00	2000
227	11.06	2058	2099	0.00	195	0	0	0	nan	0.00	0.00	4.89	84.12	88.94	0.00	42	0	43	0.00	0.00	65.03	7.89	0.00	0.00	2000
229	10.81	2120	2099	0.00	195	0	0	0	nan	0.00	0.00	4.49	84.61	89.19	0.00	42	0	42	0.00	0.00	65.20	7.79	0.00	0.00	2000
227	10.91	2087	2093	0.00	194	0	0	0	nan	0.00	0.00	4.62	84.24	89.09	0.00	42	0	42	0.00	0.00	62.34	7.55	0.00	0.00	2000
229	10.98	2075	2108	0.00	194	0	0	0	nan	0.00	0.00	4.80	84.65	89.02	0.00	42	0	42	0.00	0.00	67.52	8.36	0.00	0.00	2000
229	11.28	2028	2103	0.00	197	0	0	0	nan	0.00	0.00	5.11	83.78	88.72	0.00	42	0	42	0.00	0.00	64.39	7.50	0.00	0.00	2000
228	11.14	2044	2105	0.00	195	0	0	0	nan	0.00	0.00	4.09	85.10	88.86	0.00	42	0	42	0.00	0.00	64.81	8.24	0.00	0.00	2000
227	10.82	2089	2109	0.00	194	0	0	0	nan	0.00	0.00	4.02	85.64	89.18	0.00	42	0	43	0.00	0.00	63.68	7.63	0.00	0.00	2000
228	10.87	2128	2068	0.00	179	0	0	0	nan	0.00	0.00	3.55	84.27	89.13	0.00	42	0	42	0.00	0.00	63.61	7.62	0.00	0.00	2000
227	10.75	2088	2125	0.00	212	0	0	0	nan	0.00	0.00	5.13	85.14	89.25	0.00	42	0	43	0.00	0.00	64.69	7.84	0.00	0.00	2000
229	11.25	2052	2086	0.00	195	0	0	0	nan	0.00	0.00	3.91	84.27	88.75	0.00	42	0	42	0.00	0.00	64.72	7.96	0.00	0.00	2000
228	10.87	2096	2100	0.00	194	0	0	0	nan	0.00	0.00	4.41	84.76	89.13	0.00	42	0	42	0.00	0.00	65.16	7.74	0.00	0.00	2000
229	11.27	2029	2106	0.00	193	0	0	0	nan	0.00	0.00	4.66	84.45	88.73	0.00	42	0	42	0.00	0.00	64.46	7.75	0.00	0.00	2000
227	10.97	2072	2097	0.00	195	0	0	0	nan	0.00	0.00	4.62	84.33	89.03	0.00	42	0	43	0.00	0.00	65.23	7.93	0.00	0.00	2000
228	10.64	2127	2118	0.47	195	0	0	9	17.96	0.00	0.00	4.49	85.45	89.36	0.00	42	0	42	0.00	0.00	65.34	7.91	0.00	0.00	2000
230	11.32	2037	2094	1.23	196	0	0	4	41.38	0.00	0.02	3.71	84.80	88.68	0.00	42	0	43	0.00	0.00	64.88	7.91	0.00	0.00	2000
236	11.11	2131	2091	0.00	198	0	0	0	nan	0.00	0.00	5.00	83.45	88.89	0.00	42	0	42	0.00	0.00	65.11	7.92	0.00	0.00	2000
230	10.74	2147	2095	0.00	198	0	0	0	nan	0.00	0.00	4.96	84.15	89.26	0.00	42	0	42	0.00	0.00	64.98	7.87	0.00	0.00	2000
230	10.85	2116	2102	0.00	197	0	0	0	nan	0.00	0.00	5.15	84.06	89.15	0.00	42	0	42	0.00	0.00	65.46	7.97	0.00	0.00	2000
226	10.98	2060	2100	0.00	194	0	0	0	nan	0.00	0.00	4.53	84.54	89.02	0.00	42	0	42	0.00	0.00	64.72	7.79	0.00	0.00	2000
228	10.77	2119	2100	0.00	195	0	0	0	nan	0.00	0.00	4.60	84.63	89.23	0.00	42	0	43	0.00	0.00	65.65	7.89	0.00	0.00	2000
230	10.68	2159	2092	0.00	196	0	0	0	nan	0.00	0.00	4.12	84.88	89.32	0.00	42	0	42	0.00	0.00	65.07	7.85	0.00	0.00	2000
229	11.06	2058	2108	0.00	195	0	0	0	nan	0.00	0.00	5.12	84.20	88.94	0.00	42	0	42	0.00	0.00	65.15	7.84	0.00	0.00	2000
227	10.92	2072	2106	0.00	194	0	0	0	nan	0.00	0.00	4.27	85.20	89.08	0.00	42	0	43	0.00	0.00	64.95	8.02	0.00	0.00	2000
228	10.93	2097	2091	0.00	193	0	0	0	nan	0.00	0.00	4.22	84.46	89.07	0.00	42	0	43	0.00	0.00	65.36	8.11	0.00	0.00	2000
226	10.96	2070	2094	0.00	194	0	0	0	nan	0.00	0.00	4.75	84.06	89.04	0.00	42	0	43	0.00	0.00	65.07	7.75	0.00	0.00	2000
231	11.42	2012	2108	0.00	198	0	0	0	nan	0.00	0.00	6.56	82.45	88.58	0.00	42	0	43	0.00	0.00	64.79	7.80	0.00	0.00	2000
231	11.07	2094	2095	0.00	196	0	0	0	nan	0.00	0.00	5.02	83.72	88.93	0.00	42	0	42	0.00	0.00	65.53	8.09	0.00	0.00	2000
228	11.12	2034	2117	0.00	194	0	0	0	nan	0.00	0.00	5.22	84.46	88.88	0.00	42	0	42	0.00	0.00	65.02	8.03	0.00	0.00	2000
228	10.86	2113	2082	0.00	195	0	0	0	nan	0.00	0.00	4.36	83.92	89.14	0.00	42	0	43	0.00	0.00	62.18	7.94	0.00	0.00	2000
229	10.95	2079	2110	0.00	196	0	0	0	nan	0.00	0.00	5.03	84.54	89.05	0.00	42	0	42	0.00	0.00	67.37	7.90	0.00	0.00	2000
228	10.45	2195	2089	0.02	195	0	0	6	22.64	0.00	0.00	4.88	84.11	89.55	0.00	42	0	43	0.00	0.00	65.38	7.86	0.00	0.00	2000
228	11.08	2053	2107	1.61	194	0	0	7	29.87	0.00	0.00	5.05	84.19	88.92	0.00	42	0	42	0.00	0.00	65.08	7.95	0.00	0.00	2000
228	10.72	2122	2102	0.00	195	0	0	0	nan	0.00	0.00	4.37	84.99	89.28	0.00	42	0	43	0.00	0.00	65.36	7.94	0.00	0.00	2000
230	11.18	2049	2104	0.00	195	0	0	0	nan	0.00	0.03	4.47	84.55	88.82	0.00	42	0	42	0.00	0.00	64.98	7.92	0.00	0.00	2000
227	11.10	2059	2088	0.00	194	0	0	0	nan	0.00	0.00	4.41	84.05	88.90	0.00	42	0	43	0.00	0.00	65.45	7.81	0.00	0.00	2000
230	11.03	2071	2110	0.00	194	0	0	0	nan	0.00	0.00	4.99	84.43	88.97	0.00	42	0	43	0.00	0.00	65.00	7.76	0.00	0.00	2000
227	10.92	2083	2099	0.00	197	0	0	0	nan	0.00	0.00	5.83	83.19	89.08	0.00	42	0	42	0.00	0.00	65.50	7.87	0.00	0.00	2000
234	11.27	2076	2097	0.00	212	0	0	0	nan	0.00	0.00	7.92	80.64	88.73	0.00	42	0	42	0.00	0.00	65.21	7.90	0.00	0.00	2000
227	11.03	2059	2101	0.00	194	0	0	0	nan	0.00	0.00	4.62	84.40	88.97	0.00	42	0	42	0.00	0.00	65.57	7.87	0.00	0.00	2000
227	10.73	2122	2099	0.00	194	0	0	0	nan	0.00	0.00	4.60	84.63	89.27	0.00	42	0	42	0.00	0.00	65.01	7.86	0.00	0.00	2000
227	10.75	2101	2108	0.00	195	0	0	0	nan	0.00	0.00	4.74	84.88	89.25	0.00	42	0	42	0.00	0.00	64.71	7.94	0.00	0.00	2000
230	11.15	2066	2097	0.00	196	0	0	0	nan	0.00	0.00	4.09	84.80	88.85	0.00	42	0	42	0.00	0.00	64.64	7.86	0.00	0.00	2000
231	10.85	2129	2097	0.00	195	0	0	0	nan	0.00	0.02	4.34	84.64	89.15	0.00	42	0	42	0.00	0.00	65.47	8.02	0.00	0.00	2000
229	10.61	2159	2097	0.00	195	0	0	0	nan	0.00	0.00	4.54	84.64	89.39	0.00	41	0	42	0.00	0.00	65.23	8.07	0.00	0.00	2000
227	10.94	2072	2108	0.00	195	0	0	0	nan	0.00	0.00	4.74	84.77	89.06	0.00	42	0	42	0.00	0.00	64.77	7.83	0.00	0.00	2000
229	10.93	2081	2111	0.00	195	0	0	0	nan	0.00	0.00	4.61	84.97	89.07	0.00	42	0	43	0.00	0.00	64.99	7.86	0.00	0.00	2000
229	11.15	2077	2078	0.00	195	0	0	0	nan	0.00	0.00	3.34	84.62	88.85	0.00	42	0	42	0.00	0.00	64.91	7.76	0.00	0.00	2000
228	11.06	2057	2109	0.00	194	0	0	4	33.80	0.00	0.00	4.50	84.86	88.94	0.00	42	0	42	0.00	0.00	64.57	7.86	0.00	0.00	2000
236	11.23	2115	2089	1.49	194	0	0	10	28.55	0.00	0.00	4.60	83.67	88.77	0.00	42	0	42	0.00	0.00	65.12	7.89	0.00	0.00	2000
226	10.94	2124	2044	0.00	195	0	0	0	nan	0.00	0.00	4.91	81.79	89.06	0.00	42	0	42	0.00	0.00	60.12	7.37	0.00	0.00	2000
233	10.93	2059	2179	0.00	211	0	0	0	nan	0.00	0.00	3.98	88.49	89.07	0.00	42	0	42	0.00	0.00	67.75	8.11	0.00	0.00	2000
230	10.96	2095	2106	0.00	198	0	0	0	nan	0.00	0.00	4.98	84.33	89.04	0.00	42	0	42	0.00	0.00	65.12	7.85	0.00	0.00	2000
227	11.11	2061	2084	0.00	195	0	0	0	nan	0.00	0.00	3.64	84.74	88.89	0.00	42	0	43	0.00	0.00	64.50	7.86	0.00	0.00	2000
228	10.78	2122	2095	0.00	194	0	0	0	nan	0.00	0.00	4.31	84.64	89.22	0.00	42	0	43	0.00	0.00	65.55	7.72	0.00	0.00	2000
227	11.09	2041	2104	0.00	195	0	0	0	nan	0.00	0.00	5.10	84.02	88.91	0.00	42	0	42	0.00	0.00	65.26	7.87	0.00	0.00	2000
229	10.93	2094	2100	0.00	195	0	0	0	nan	0.00	0.00	4.51	84.61	89.07	0.00	42	0	43	0.00	0.00	64.78	7.94	0.00	0.00	2000
229	10.86	2122	2089	0.00	196	0	0	0	nan	0.00	0.00	4.49	84.17	89.14	0.00	42	0	43	0.00	0.00	65.29	7.68	0.00	0.00	2000
228	11.17	2030	2113	0.00	197	0	0	0	nan	0.00	0.00	6.10	83.37	88.83	0.00	42	0	42	0.00	0.00	65.05	8.02	0.00	0.00	2000
228	11.31	2021	2092	0.00	180	0	0	0	nan	0.00	0.00	5.22	83.25	88.70	0.00	42	0	42	0.00	0.00	64.67	7.96	0.00	0.00	2000
228	11.11	2051	2102	0.00	209	0	0	0	nan	0.00	0.00	4.34	84.76	88.89	0.00	42	0	42	0.00	0.00	64.54	7.85	0.00	0.00	2000
227	10.79	2092	2113	0.00	194	0	0	0	nan	0.00	0.00	4.37	85.39	89.21	0.00	42	0	42	0.00	0.00	64.93	7.86	0.00	0.00	2000
230	11.08	2089	2088	0.00	196	0	0	0	nan	0.00	0.00	4.34	84.08	88.92	0.00	42	0	43	0.00	0.00	65.15	8.02	0.00	0.00	2000
228	10.67	2136	2103	0.00	194	0	0	0	nan	0.00	0.00	4.93	84.47	89.33	0.00	42	0	43	0.00	0.00	64.89	7.96	0.00	0.00	2000
228	10.77	2123	2097	0.00	195	0	0	0	nan	0.00	0.00	4.58	84.44	89.23	0.00	42	0	42	0.00	0.00	65.27	8.13	0.00	0.00	2000
227	10.89	2083	2102	0.00	195	0	0	6	13.37	0.00	0.00	4.69	84.51	89.11	0.00	41	0	43	0.00	0.00	64.97	7.96	0.00	0.00	2000
229	11.04	2076	2099	1.63	195	0	0	25	10.68	0.00	0.00	4.36	84.61	88.96	0.00	42	0	42	0.00	0.00	65.04	8.23	0.00	0.00	2000
230	11.06	2089	2091	0.00	195	0	0	0	nan	0.00	0.00	4.91	83.72	88.94	0.00	42	0	43	0.00	0.00	64.67	7.94	0.00	0.00	2000
229	10.76	2118	2115	0.00	196	0	0	0	nan	0.00	0.00	5.55	84.32	89.24	0.00	42	0	43	0.00	0.00	64.78	7.96	0.00	0.00	2000
227	11.02	2062	2097	0.00	195	0	0	0	nan	0.00	0.00	4.36	84.54	88.98	0.00	42	0	42	0.00	0.00	64.95	7.97	0.00	0.00	2000
228	10.76	2117	2103	0.00	194	0	0	0	nan	0.00	0.00	4.08	85.24	89.24	0.00	42	0	42	0.00	0.00	65.43	7.96	0.00	0.00	2000
228	10.90	2101	2095	0.00	194	0	0	0	nan	0.00	0.00	4.28	84.53	89.10	0.00	42	0	42	0.00	0.00	65.22	7.98	0.00	0.00	2000
230	11.14	2059	2108	0.00	196	0	0	0	nan	0.00	0.00	4.92	84.29	88.86	0.00	42	0	42	0.00	0.00	65.56	8.03	0.00	0.00	2000
228	10.71	2130	2094	0.00	194	0	0	0	nan	0.00	0.00	4.18	84.83	89.29	0.00	42	0	42	0.00	0.00	65.52	8.02	0.00	0.00	2000
228	10.92	2087	2100	0.00	195	0	0	0	nan	0.00	0.00	4.33	84.70	89.08	0.00	42	0	42	0.00	0.00	65.04	7.95	0.00	0.00	2000
229	10.79	2108	2110	0.00	194	0	0	0	nan	0.00	0.00	4.46	85.18	89.21	0.00	42	0	42	0.00	0.00	65.17	8.06	0.00	0.00	2000
228	11.11	2063	2090	0.00	196	0	0	0	nan	0.00	0.00	4.39	84.19	88.89	0.00	42	0	43	0.00	0.00	65.24	7.81	0.00	0.00	2000
227	10.84	2102	2095	0.00	194	0	0	0	nan	0.00	0.00	4.48	84.46	89.16	0.00	42	0	42	0.00	0.00	65.49	7.93	0.00	0.00	2000
231	10.86	2107	2117	0.00	198	0	0	0	nan	0.00	0.00	4.56	85.30	89.14	0.00	42	0	42	0.00	0.00	65.01	7.95	0.00	0.00	2000
228	11.12	2074	2076	0.00	195	0	0	0	nan	0.00	0.04	3.59	84.25	88.88	0.00	42	0	43	0.00	0.00	59.81	7.65	0.00	0.00	2000
229	10.83	2104	2111	0.00	196	0	0	0	nan	0.00	0.00	5.09	84.60	89.17	0.00	42	0	42	0.00	0.00	70.10	8.25	0.00	0.00	2000
227	10.88	2099	2089	0.00	195	0	0	0	nan	0.00	0.00	4.83	83.84	89.12	0.00	42	0	43	0.00	0.00	62.87	7.59	0.00	0.00	2000
228	10.93	2076	2112	0.00	194	0	0	0	nan	0.00	0.00	5.03	84.63	89.07	0.00	42	0	42	0.00	0.00	67.41	8.21	0.00	0.00	2000
229	10.71	2144	2097	1.45	195	0	0	10	11.11	0.00	0.02	4.00	85.17	89.29	0.00	42	0	42	0.00	0.00	62.71	7.63	0.00	0.00	2000
231	11.01	2081	2120	0.23	195	0	0	0	nan	0.00	0.00	4.38	85.41	88.99	0.00	42	0	42	0.00	0.00	67.99	8.20	0.00	0.00	2000
227	11.05	2082	2070	0.00	193	0	0	0	nan	0.00	0.02	3.20	84.51	88.95	0.00	43	0	43	0.00	0.00	62.18	7.72	0.00	0.00	2000
229	10.82	2106	2108	0.00	194	0	0	0	nan	0.00	0.00	4.76	84.81	89.18	0.00	42	0	43	0.00	0.00	65.11	7.85	0.00	0.00	2000
227	10.89	2092	2094	0.00	194	0	0	0	nan	0.00	0.00	4.79	84.05	89.11	0.00	41	0	42	0.00	0.00	65.09	7.89	0.00	0.00	2000
231	10.84	2124	2103	0.00	195	0	0	0	nan	0.00	0.00	5.52	83.78	89.16	0.00	42	0	42	0.00	0.00	65.01	7.76	0.00	0.00	2000
228	10.86	2086	2112	0.00	194	0	0	0	nan	0.00	0.00	4.88	84.77	89.14	0.00	42	0	42	0.00	0.00	65.49	7.87	0.00	0.00	2000
228	10.98	2092	2089	0.00	195	0	0	0	nan	0.00	0.00	4.19	84.45	89.02	0.00	42	0	42	0.00	0.00	64.65	7.75	0.00	0.00	2000
227	10.62	2132	2106	0.00	194	0	0	0	nan	0.00	0.00	4.84	84.90	89.38	0.00	42	0	43	0.00	0.00	65.47	7.98	0.00	0.00	2000
228	10.92	2090	2101	0.00	195	0	0	0	nan	0.00	0.00	4.45	84.70	89.08	0.00	42	0	42	0.00	0.00	64.59	7.80	0.00	0.00	2000
229	11.06	2084	2088	0.00	196	0	0	0	nan	0.00	0.00	4.81	83.69	88.94	0.00	42	0	42	0.00	0.00	64.63	8.07	0.00	0.00	2000
228	10.84	2078	2127	0.00	194	0	0	0	nan	0.00	0.00	5.03	85.38	89.16	0.00	42	0	43	0.00	0.00	65.61	7.92	0.00	0.00	2000
227	10.97	2078	2093	0.00	195	0	0	0	nan	0.00	0.00	3.68	85.04	89.03	0.00	42	0	42	0.00	0.00	64.80	8.04	0.00	0.00	2000
229	10.99	2088	2091	0.00	195	0	0	0	nan	0.00	0.00	3.59	85.11	89.01	0.00	42	0	42	0.00	0.00	65.23	7.95	0.00	0.00	2000
227	11.05	2056	2100	0.00	195	0	0	0	nan	0.00	0.00	4.63	84.34	88.95	0.00	42	0	43	0.00	0.00	64.86	8.00	0.00	0.00	2000
230	11.18	2046	2108	0.00	194	0	0	0	nan	0.00	0.00	4.50	84.69	88.82	0.00	42	0	43	0.00	0.00	65.04	7.93	0.00	0.00	2000
235	11.01	2143	2092	0.00	199	0	0	0	nan	0.00	0.00	6.19	82.56	88.99	0.00	42	0	42	0.00	0.00	65.29	8.08	0.00	0.00	2000
228	10.85	2091	2108	1.07	196	0	0	11	16.06	0.00	0.00	4.49	84.97	89.15	0.00	42	0	43	0.00	0.00	65.12	7.91	0.00	0.00	2000
230	11.10	2088	2084	0.62	195	0	0	0	nan	0.00	0.00	4.83	83.43	88.90	0.00	42	0	42	0.00	0.00	64.91	8.01	0.00	0.00	2000
225	11.28	2050	2043	0.00	194	0	0	0	nan	0.00	0.00	4.46	82.01	88.72	0.00	42	0	42	0.00	0.00	61.95	7.56	0.00	0.00	2000
231	10.89	2059	2159	0.00	211	0	0	0	nan	0.00	0.00	3.74	87.92	89.11	0.00	42	0	43	0.00	0.00	66.96	8.16	0.00	0.00	2000
228	10.99	2061	2113	0.00	195	0	0	0	nan	0.00	0.02	5.01	84.60	89.01	0.00	42	0	42	0.00	0.00	65.41	7.88	0.00	0.00	2000
228	11.02	2069	2097	0.00	196	0	0	0	nan	0.00	0.00	4.85	84.06	88.98	0.00	42	0	42	0.00	0.00	64.76	8.01	0.00	0.00	2000
228	10.99	2075	2100	0.00	195	0	0	0	nan	0.00	0.02	4.53	84.59	89.01	0.00	42	0	42	0.00	0.00	64.75	7.93	0.00	0.00	2000
227	11.20	2035	2090	0.00	194	0	0	0	nan	0.00	0.00	4.56	83.93	88.80	0.00	42	0	42	0.00	0.00	64.60	7.87	0.00	0.00	2000
230	11.13	2045	2120	0.00	196	0	0	0	nan	0.00	0.00	4.94	84.79	88.87	0.00	42	0	42	0.00	0.00	65.11	7.97	0.00	0.00	2000
228	10.76	2136	2083	0.00	196	0	0	0	nan	0.00	0.00	5.04	83.44	89.24	0.00	42	0	42	0.00	0.00	65.02	8.01	0.00	0.00	2000
228	11.08	2045	2115	0.00	194	0	0	0	nan	0.00	0.00	4.81	84.82	88.92	0.00	42	0	42	0.00	0.00	64.84	8.30	0.00	0.00	2000
227	10.95	2084	2090	0.00	194	0	0	0	nan	0.00	0.00	4.17	84.54	89.05	0.00	42	0	43	0.00	0.00	64.93	7.73	0.00	0.00	2000
229	10.96	2090	2098	0.00	194	0	0	0	nan	0.00	0.00	4.48	84.45	89.04	0.00	42	0	42	0.00	0.00	65.06	7.76	0.00	0.00	2000
227	11.03	2055	2102	0.00	195	0	0	0	nan	0.00	0.00	4.84	84.27	88.97	0.00	42	0	42	0.00	0.00	65.30	8.02	0.00	0.00	2000
230	10.85	2103	2119	0.00	196	0	0	0	nan	0.00	0.00	4.57	85.43	89.15	0.00	42	0	42	0.00	0.00	65.25	7.95	0.00	0.00	2000
227	11.04	2065	2093	0.00	194	0	0	0	nan	0.00	0.00	3.49	85.18	88.96	0.00	42	0	43	0.00	0.00	65.22	7.99	0.00	0.00	2000
228	10.97	2088	2088	0.00	195	0	0	0	nan	0.00	0.00	3.91	84.70	89.03	0.00	42	0	43	0.00	0.00	64.94	8.05	0.00	0.00	2000
227	10.87	2086	2101	0.87	195	0	0	11	16.87	0.00	0.00	4.57	84.69	89.13	0.00	42	0	42	0.00	0.00	65.08	7.91	0.00	0.00	2000
230	10.78	2135	2098	0.84	195	0	0	1	92.18	0.00	0.00	4.94	84.13	89.22	0.00	42	0	43	0.00	0.00	64.96	8.17	0.00	0.00	2000
231	11.03	2087	2104	0.00	198	0	0	0	nan	0.00	0.02	5.63	83.49	88.97	0.00	42	0	42	0.00	0.00	65.83	7.96	0.00	0.00	2000
229	10.94	2081	2116	0.00	195	0	0	0	nan	0.00	0.00	5.53	84.21	89.06	0.00	42	0	43	0.00	0.00	63.73	7.72	0.00	0.00	2000
226	10.85	2110	2071	0.00	177	0	0	0	nan	0.00	0.00	2.73	85.31	89.15	0.00	42	0	43	0.00	0.00	66.41	8.22	0.00	0.00	2000
228	10.94	2077	2110	0.00	211	0	0	0	nan	0.00	0.00	4.63	84.84	89.06	0.00	42	0	42	0.00	0.00	65.46	7.91	0.00	0.00	2000
226	11.06	2040	2105	0.00	194	0	0	0	nan	0.00	0.00	4.62	84.61	88.94	0.00	42	0	42	0.00	0.00	65.00	7.82	0.00	0.00	2000
229	10.99	2091	2097	0.00	195	0	0	0	nan	0.00	0.00	4.97	83.93	89.01	0.00	42	0	42	0.00	0.00	65.65	8.09	0.00	0.00	2000
227	10.95	2061	2111	0.00	194	0	0	0	nan	0.00	0.00	4.54	85.01	89.05	0.00	42	0	43	0.00	0.00	65.82	7.72	0.00	0.00	2000
228	11.08	2074	2086	0.00	195	0	0	0	nan	0.00	0.00	4.36	84.06	88.92	0.00	42	0	43	0.00	0.00	65.31	7.81	0.00	0.00	2000
227	10.87	2090	2094	0.00	194	0	0	0	nan	0.00	0.00	4.70	84.20	89.13	0.00	42	0	43	0.00	0.00	65.16	7.95	0.00	0.00	2000
235	11.22	2073	2123	0.00	195	0	0	0	nan	0.00	0.00	5.56	84.31	88.78	0.00	42	0	43	0.00	0.00	65.08	7.99	0.00	0.00	2000
230	10.89	2132	2077	0.00	195	0	0	0	nan	0.00	0.00	4.09	84.13	89.11	0.00	42	0	43	0.00	0.00	65.25	8.03	0.00	0.00	2000
228	10.95	2074	2110	0.00	195	0	0	0	nan	0.00	0.00	4.71	84.81	89.05	0.00	42	0	42	0.00	0.00	65.02	7.86	0.00	0.00	2000
228	11.18	2050	2089	0.00	194	0	0	0	nan	0.00	0.00	4.45	83.96	88.82	0.00	42	0	42	0.00	0.00	65.19	7.77	0.00	0.00	2000
229	10.74	2104	2131	0.00	194	0	0	0	nan	0.00	0.00	4.75	85.98	89.26	0.00	42	0	43	0.00	0.00	63.45	8.09	0.00	0.00	2000
227	11.16	2083	2053	0.00	178	0	0	0	nan	0.00	0.02	3.13	83.77	88.84	0.00	42	0	43	0.00	0.00	61.55	7.64	0.00	0.00	2000
229	11.17	2078	2068	0.64	211	0	0	10	26.25	0.00	0.00	3.82	83.70	88.83	0.00	42	0	43	0.00	0.00	67.72	8.06	0.00	0.00	2000
232	10.84	2084	2154	1.01	213	0	0	3	60.92	0.00	0.00	3.40	88.04	89.16	0.00	42	0	42	0.00	0.00	65.56	8.29	0.00	0.00	2000
230	10.75	2109	2129	0.00	196	0	0	0	nan	0.00	0.00	5.13	85.39	89.25	0.00	42	0	42	0.00	0.00	65.48	8.14	0.00	0.00	2000
226	11.08	2072	2069	0.00	179	0	0	0	nan	0.00	0.00	3.17	84.53	88.92	0.00	42	0	42	0.00	0.00	64.77	7.81	0.00	0.00	2000
229	11.05	2053	2116	0.00	212	0	0	0	nan	0.00	0.00	4.58	85.13	88.95	0.00	42	0	42	0.00	0.00	64.57	7.75	0.00	0.00	2000
229	10.79	2143	2085	0.00	198	0	0	0	nan	0.00	0.00	5.57	82.92	89.21	0.00	41	0	42	0.00	0.00	66.01	8.04	0.00	0.00	2000
229	10.69	2134	2107	0.00	196	0	0	0	nan	0.00	0.03	5.01	84.59	89.31	0.00	42	0	42	0.00	0.00	64.51	7.86	0.00	0.00	2000
228	10.54	2170	2093	0.00	195	0	0	0	nan	0.00	0.02	4.67	84.47	89.46	0.00	42	0	42	0.00	0.00	65.16	8.13	0.00	0.00	2000
228	10.94	2073	2112	0.00	194	0	0	0	nan	0.00	0.00	4.65	85.03	89.06	0.00	42	0	42	0.00	0.00	64.94	7.98	0.00	0.00	2000
228	11.12	2048	2098	0.00	195	0	0	0	nan	0.00	0.00	4.51	84.34	88.88	0.00	42	0	43	0.00	0.00	65.03	8.01	0.00	0.00	2000
230	11.08	2082	2096	0.00	195	0	0	0	nan	0.00	0.00	4.13	84.73	88.92	0.00	42	0	43	0.00	0.00	65.30	7.83	0.00	0.00	2000
227	10.83	2087	2107	0.00	194	0	0	0	nan	0.00	0.00	4.37	85.17	89.17	0.00	42	0	42	0.00	0.00	65.10	7.88	0.00	0.00	2000
229	10.92	2101	2093	0.00	195	0	0	0	nan	0.00	0.00	4.31	84.38	89.08	0.00	42	0	42	0.00	0.00	65.02	8.00	0.00	0.00	2000
227	10.87	2090	2102	0.00	195	0	0	0	nan	0.00	0.00	4.89	84.31	89.13	0.00	42	0	42	0.00	0.00	65.29	8.03	0.00	0.00	2000
229	11.13	2057	2098	0.00	194	0	0	0	nan	0.00	0.00	4.58	84.25	88.87	0.00	42	0	42	0.00	0.00	65.06	7.84	0.00	0.00	2000
228	10.85	2107	2094	0.00	194	0	0	0	nan	0.00	0.00	4.68	84.21	89.15	0.00	42	0	42	0.00	0.00	65.63	7.83	0.00	0.00	2000
230	11.07	2067	2114	0.00	196	0	0	0	nan	0.00	0.00	4.91	84.70	88.93	0.00	42	0	43	0.00	0.00	65.04	7.97	0.00	0.00	2000
228	10.64	2146	2097	0.22	195	0	0	8	23.29	0.00	0.00	4.73	84.40	89.36	0.00	42	0	42	0.00	0.00	65.57	7.84	0.00	0.00	2000
229	11.02	2075	2102	1.41	195	0	0	5	35.07	0.00	0.00	4.42	84.68	88.98	0.00	42	0	42	0.00	0.00	64.80	7.97	0.00	0.00	2000
228	10.79	2112	2099	0.00	195	0	0	0	nan	0.00	0.00	4.43	84.72	89.21	0.00	42	0	43	0.00	0.00	65.73	7.96	0.00	0.00	2000
228	11.05	2075	2086	0.00	178	0	0	0	nan	0.00	0.00	4.03	84.44	88.95	0.00	42	0	42	0.00	0.00	62.22	7.51	0.00	0.00	2000
230	11.24	2041	2103	0.00	213	0	0	0	nan	0.00	0.00	5.48	83.57	88.76	0.00	42	0	43	0.00	0.00	67.78	8.17	0.00	0.00	2000
228	11.15	2021	2127	0.00	194	0	0	0	nan	0.00	0.00	4.88	85.20	88.85	0.00	41	0	42	0.00	0.00	65.58	7.89	0.00	0.00	2000
226	10.97	2080	2082	0.00	194	0	0	0	nan	0.00	0.02	3.25	85.08	89.04	0.00	42	0	43	0.00	0.00	64.95	7.99	0.00	0.00	2000
228	10.99	2077	2101	0.00	194	0	0	0	nan	0.00	0.00	4.60	84.51	89.01	0.00	42	0	43	0.00	0.00	65.20	7.87	0.00	0.00	2000
228	11.10	2057	2094	0.00	195	0	0	0	nan	0.00	0.00	4.88	83.80	88.90	0.00	42	0	42	0.00	0.00	62.74	7.55	0.00	0.00	2000
230	11.10	2063	2108	0.00	198	0	0	0	nan	0.00	0.00	6.61	82.67	88.90	0.00	42	0	42	0.00	0.00	67.63	8.33	0.00	0.00	2000
228	10.55	2164	2093	0.00	195	0	0	0	nan	0.00	0.00	4.86	84.24	89.45	0.00	42	0	42	0.00	0.00	63.15	7.75	0.00	0.00	2000
229	10.80	2117	2099	0.00	195	0	0	0	nan	0.00	0.00	4.60	84.52	89.20	0.00	42	0	43	0.00	0.00	64.96	7.97	0.00	0.00	2000
227	10.87	2078	2113	0.00	194	0	0	0	nan	0.00	0.02	5.19	84.60	89.13	0.00	42	0	42	0.00	0.00	65.11	7.88	0.00	0.00	2000
229	11.05	2078	2090	0.00	196	0	0	0	nan	0.00	0.01	3.94	84.66	88.95	0.00	42	0	43	0.00	0.00	65.22	7.77	0.00	0.00	2000
229	11.01	2085	2098	0.00	195	0	0	0	nan	0.00	0.00	4.56	84.29	88.99	0.00	42	0	42	0.00	0.00	65.46	7.88	0.00	0.00	2000
229	10.90	2077	2120	0.00	195	0	0	0	nan	0.00	0.00	4.73	85.23	89.10	0.00	42	0	42	0.00	0.00	65.25	7.87	0.00	0.00	2000
228	11.17	2065	2073	0.00	194	0	0	0	nan	0.00	0.00	3.26	84.50	88.83	0.00	42	0	43	0.00	0.00	64.77	7.92	0.00	0.00	2000
230	11.14	2051	2112	0.00	194	0	0	5	26.68	0.00	0.00	5.42	83.99	88.86	0.00	42	0	43	0.00	0.00	65.70	7.82	0.00	0.00	2000
226	10.87	2081	2104	1.60	194	0	0	8	26.98	0.00	0.00	4.47	84.85	89.13	0.00	42	0	42	0.00	0.00	62.06	7.78	0.00	0.00	2000
226	11.25	2072	2039	0.00	195	0	0	0	nan	0.00	0.00	3.85	82.39	88.75	0.00	42	0	43	0.00	0.00	65.47	7.40	0.00	0.00	2000
230	10.92	2047	2158	0.00	211	0	0	0	nan	0.00	0.02	3.23	88.39	89.08	0.00	42	0	42	0.00	0.00	67.27	8.13	0.00	0.00	2000
230	10.86	2097	2120	0.00	196	0	0	0	nan	0.00	0.00	5.12	84.79	89.14	0.00	42	0	43	0.00	0.00	65.64	7.74	0.00	0.00	2000
228	10.69	2140	2093	0.00	194	0	0	0	nan	0.00	0.01	3.53	85.47	89.31	0.00	42	0	42	0.00	0.00	65.30	7.88	0.00	0.00	2000
228	11.21	2047	2087	0.00	195	0	0	0	nan	0.00	0.00	3.87	84.53	88.79	0.00	42	0	42	0.00	0.00	64.63	7.94	0.00	0.00	2000
229	10.90	2106	2090	0.00	195	0	0	0	nan	0.00	0.00	4.95	83.77	89.10	0.00	42	0	42	0.00	0.00	64.78	7.96	0.00	0.00	2000
229	11.04	2069	2109	0.00	196	0	0	0	nan	0.00	0.00	5.54	83.83	88.96	0.00	42	0	43	0.00	0.00	65.38	7.91	0.00	0.00	2000
227	10.95	2067	2102	0.00	195	0	0	0	nan	0.00	0.00	4.35	84.92	89.05	0.00	42	0	42	0.00	0.00	65.17	7.91	0.00	0.00	2000
228	11.03	2066	2099	0.00	194	0	0	0	nan	0.00	0.00	4.50	84.39	88.97	0.00	42	0	43	0.00	0.00	65.74	7.84	0.00	0.00	2000
227	10.99	2065	2100	0.00	194	0	0	0	nan	0.00	0.00	4.68	84.40	89.01	0.00	42	0	42	0.00	0.00	64.41	7.94	0.00	0.00	2000
231	11.16	2055	2116	0.00	198	0	0	0	nan	0.00	0.04	5.06	84.38	88.84	0.00	41	0	43	0.00	0.00	65.80	8.00	0.00	0.00	2000
227	10.96	2090	2084	0.00	180	0	0	0	nan	0.00	0.00	4.10	84.28	89.04	0.00	42	0	42	0.00	0.00	65.38	7.83	0.00	0.00	2000
234	11.23	2079	2107	0.00	213	0	0	0	nan	0.00	0.00	5.16	83.90	88.77	0.00	42	0	42	0.00	0.00	65.38	7.86	0.00	0.00	2000
228	10.91	2092	2093	0.00	194	0	0	0	nan	0.00	0.00	4.29	84.47	89.09	0.00	42	0	43	0.00	0.00	64.36	7.83	0.00	0.00	2000
229	11.06	2064	2103	0.00	195	0	0	0	nan	0.03	0.00	4.56	84.61	88.94	0.00	42	0	42	0.00	0.00	65.76	7.90	0.00	0.00	2000
227	10.93	2085	2096	0.00	195	0	0	3	30.36	0.00	0.01	4.38	84.58	89.07	0.00	42	0	43	0.00	0.00	64.58	8.00	0.00	0.00	2000
231	11.17	2057	2106	1.57	196	0	0	10	28.61	0.00	0.03	4.43	84.66	88.83	0.00	42	0	42	0.00	0.00	64.83	7.87	0.00	0.00	2000
226	11.14	2030	2099	0.00	194	0	0	0	nan	0.00	0.01	4.21	84.72	88.86	0.00	42	0	42	0.00	0.00	64.91	7.94	0.00	0.00	2000
229	11.07	2068	2097	0.00	195	0	0	0	nan	0.00	0.00	4.24	84.71	88.93	0.00	42	0	43	0.00	0.00	64.99	7.70	0.00	0.00	2000
227	10.88	2092	2097	0.00	195	0	0	0	nan	0.00	0.00	4.20	84.89	89.12	0.00	42	0	43	0.00	0.00	65.09	7.97	0.00	0.00	2000
227	10.93	2079	2098	0.00	194	0	0	0	nan	0.00	0.00	4.37	84.69	89.07	0.00	42	0	43	0.00	0.00	64.41	7.77	0.00	0.00	2000
229	10.91	2098	2099	0.00	194	0	0	0	nan	0.00	0.00	4.66	84.45	89.09	0.00	43	0	43	0.00	0.00	64.82	7.93	0.00	0.00	2000
228	11.08	2047	2112	0.00	195	0	0	0	nan	0.00	0.00	5.20	84.34	88.92	0.00	42	0	42	0.00	0.00	64.96	7.97	0.00	0.00	2000
227	11.18	2030	2098	0.00	196	0	0	0	nan	0.00	0.00	4.09	84.68	88.82	0.00	42	0	43	0.00	0.00	65.21	7.98	0.00	0.00	2000
228	10.97	2077	2100	0.00	194	0	0	0	nan	0.00	0.00	4.16	84.91	89.03	0.00	42	0	43	0.00	0.00	64.78	7.84	0.00	0.00	2000
227	10.96	2086	2086	0.00	194	0	0	0	nan	0.00	0.00	4.20	84.18	89.04	0.00	42	0	43	0.00	0.00	64.70	7.92	0.00	0.00	2000
230	11.07	2051	2125	0.00	195	0	0	0	nan	0.00	0.00	5.25	84.91	88.93	0.00	42	0	42	0.00	0.00	64.88	7.87	0.00	0.00	2000
227	11.01	2083	2083	0.00	195	0	0	0	nan	0.00	0.00	3.69	84.70	88.99	0.00	42	0	43	0.00	0.00	64.93	7.83	0.00	0.00	2000
230	11.23	2054	2097	0.00	196	0	0	0	nan	0.00	0.00	4.88	83.77	88.77	0.00	42	0	42	0.00	0.00	64.69	7.99	0.00	0.00	2000
228	10.71	2123	2102	0.00	195	0	0	0	nan	0.00	0.00	5.13	84.32	89.29	0.00	42	0	43	0.00	0.00	65.13	7.85	0.00	0.00	2000
229	10.94	2090	2099	0.00	195	0	0	0	nan	0.00	0.00	4.57	84.50	89.06	0.00	42	0	42	0.00	0.00	64.90	7.92	0.00	0.00	2000
231	11.13	2083	2093	0.00	200	0	0	0	nan	0.00	0.00	6.51	82.17	88.87	0.00	42	0	43	0.00	0.00	64.80	7.79	0.00	0.00	2000
228	11.02	2061	2109	0.00	195	0	0	0	91.93	0.00	0.00	4.66	84.82	88.98	0.00	42	0	43	0.00	0.00	65.28	7.83	0.00	0.00	2000
227	10.94	2079	2098	1.67	193	0	0	12	19.46	0.00	0.00	4.19	84.85	89.06	0.00	42	0	42	0.00	0.00	64.51	7.94	0.00	0.00	2000
229	10.98	2078	2104	0.00	195	0	0	0	nan	0.00	0.00	4.48	84.71	89.02	0.00	42	0	42	0.00	0.00	65.20	7.81	0.00	0.00	2000
227	11.09	2051	2093	0.00	195	0	0	0	nan	0.00	0.00	4.80	83.86	88.91	0.00	41	0	43	0.00	0.00	64.97	8.01	0.00	0.00	2000
231	10.65	2148	2116	0.00	194	0	0	0	nan	0.00	0.00	4.94	84.98	89.35	0.00	42	0	42	0.00	0.00	65.22	7.80	0.00	0.00	2000
228	11.09	2065	2088	0.00	195	0	0	0	nan	0.00	0.00	3.88	84.51	88.91	0.00	42	0	42	0.00	0.00	65.39	7.86	0.00	0.00	2000
232	11.26	2053	2105	0.00	210	0	0	0	nan	0.00	0.00	7.90	81.12	88.74	0.00	42	0	42	0.00	0.00	64.34	7.89	0.00	0.00	2000
227	10.83	2102	2097	0.00	195	0	0	0	nan	0.00	0.00	4.73	84.35	89.17	0.00	42	0	43	0.00	0.00	64.88	7.94	0.00	0.00	2000
229	10.92	2091	2102	0.00	195	0	0	0	nan	0.00	0.00	4.76	84.44	89.08	0.00	42	0	42	0.00	0.00	65.30	7.86	0.00	0.00	2000
226	10.84	2105	2084	0.00	194	0	0	0	nan	0.00	0.00	4.40	84.13	89.16	0.00	42	0	43	0.00	0.00	64.93	7.78	0.00	0.00	2000
231	10.53	2181	2108	0.00	196	0	0	0	nan	0.00	0.00	4.69	85.12	89.47	0.00	42	0	43	0.00	0.00	65.31	7.79	0.00	0.00	2000
233	11.01	2127	2085	0.00	195	0	0	0	nan	0.00	0.00	4.45	83.97	88.99	0.00	42	0	43	0.00	0.00	64.58	7.75	0.00	0.00	2000
234	11.43	2028	2124	0.00	195	0	0	0	nan	0.00	0.00	5.18	84.51	88.58	0.00	42	0	43	0.00	0.00	64.86	7.93	0.00	0.00	2000
230	11.05	2090	2089	0.00	193	0	0	0	nan	0.00	0.00	4.21	84.28	88.95	0.00	42	0	43	0.00	0.00	65.67	7.77	0.00	0.00	2000
229	10.96	2085	2108	0.00	195	0	0	0	nan	0.00	0.00	4.77	84.62	89.04	0.00	42	0	43	0.00	0.00	64.67	7.84	0.00	0.00	2000
229	11.16	2061	2096	0.00	195	0	0	0	nan	0.00	0.00	4.81	83.91	88.84	0.00	42	0	43	0.00	0.00	64.64	7.71	0.00	0.00	2000
230	11.10	2068	2106	0.00	196	0	0	0	nan	0.00	0.00	5.65	83.54	88.90	0.00	42	0	43	0.00	0.00	65.06	7.86	0.00	0.00	2000
228	10.99	2080	2096	0.00	198	0	0	0	nan	0.00	0.00	5.39	83.50	89.01	0.00	42	0	43	0.00	0.00	64.84	8.05	0.00	0.00	2000
229	11.11	2058	2101	1.28	197	1	0	11	12.69	0.00	0.00	4.38	84.64	88.89	0.00	42	0	42	0.00	0.00	64.70	7.85	0.00	0.00	2000
228	10.78	2125	2090	0.42	197	0	0	0	nan	0.00	0.00	4.93	83.92	89.22	0.00	42	0	42	0.00	0.00	64.73	7.93	0.00	0.00	2000
230	10.94	2081	2125	0.00	198	0	0	0	nan	0.00	0.00	6.21	83.96	89.06	0.00	42	0	42	0.00	0.00	64.72	7.80	0.00	0.00	2000
227	10.95	2104	2072	0.00	194	0	0	0	nan	0.00	0.01	3.52	84.36	89.05	0.00	42	0	42	0.00	0.00	64.84	7.76	0.00	0.00	2000
229	10.68	2120	2121	0.00	195	0	0	0	nan	0.00	0.00	4.72	85.58	89.32	0.00	42	0	43	0.00	0.00	61.81	7.58	0.00	0.00	2000
226	11.21	2032	2088	0.00	195	0	0	0	nan	0.00	0.00	3.95	84.48	88.79	0.00	42	0	43	0.00	0.00	67.30	7.93	0.00	0.00	2000
229	10.82	2106	2106	0.00	196	0	0	0	nan	0.00	0.00	4.69	84.80	89.18	0.00	42	0	42	0.00	0.00	62.41	7.97	0.00	0.00	2000
229	11.05	2070	2107	0.00	193	0	0	0	nan	0.00	0.00	4.01	85.21	88.95	0.00	42	0	43	0.00	0.00	64.91	7.78	0.00	0.00	2000
229	10.86	2117	2090	0.00	196	0	0	0	nan	0.00	0.00	4.11	84.65	89.14	0.00	42	0	42	0.00	0.00	65.10	7.64	0.00	0.00	2000
226	10.88	2080	2100	0.00	194	0	0	0	nan	0.00	0.00	4.58	84.57	89.12	0.00	42	0	42	0.00	0.00	64.67	8.03	0.00	0.00	2000
228	10.99	2069	2109	0.00	196	0	0	0	nan	0.00	0.00	4.49	84.96	89.01	0.00	42	0	42	0.00	0.00	65.06	7.88	0.00	0.00	2000
227	10.99	2087	2078	0.00	194	0	0	0	nan	0.00	0.00	3.97	84.08	89.01	0.00	42	0	42	0.00	0.00	64.61	8.06	0.00	0.00	2000
229	10.90	2091	2113	0.00	194	0	0	0	nan	0.00	0.00	5.11	84.61	89.10	0.00	42	0	43	0.00	0.00	64.75	7.92	0.00	0.00	2000
228	11.05	2072	2096	0.00	196	0	0	0	nan	0.00	0.00	4.37	84.53	88.95	0.00	42	0	43	0.00	0.00	64.93	7.93	0.00	0.00	2000
230	11.15	2062	2097	0.00	196	0	0	0	nan	0.00	0.00	4.73	84.10	88.85	0.00	42	0	43	0.00	0.00	64.70	7.77	0.00	0.00	2000
229	10.87	2101	2105	0.00	194	0	0	0	nan	0.00	0.01	4.78	84.62	89.13	0.00	42	0	42	0.00	0.00	64.75	7.75	0.00	0.00	2000
228	10.98	2080	2096	0.00	195	0	0	0	nan	0.00	0.00	4.53	84.32	89.02	0.00	43	0	43	0.00	0.00	64.78	7.84	0.00	0.00	2000
227	10.87	2097	2093	0.87	195	0	0	11	14.36	0.00	0.00	4.36	84.48	89.13	0.00	42	0	42	0.00	0.00	62.41	7.60	0.00	0.00	2000
230	10.97	2088	2109	0.84	195	0	0	1	92.86	0.00	0.00	4.90	84.54	89.03	0.00	42	0	43	0.00	0.00	68.06	8.29	0.00	0.00	2000
227	11.12	2051	2093	0.00	193	0	0	0	nan	0.00	0.00	4.54	84.09	88.88	0.00	42	0	43	0.00	0.00	62.40	7.81	0.00	0.00	2000
229	11.16	2030	2118	0.00	195	0	0	0	nan	0.00	0.00	4.96	84.78	88.84	0.00	42	0	43	0.00	0.00	67.25	8.28	0.00	0.00	2000
227	11.18	2045	2088	0.00	195	0	0	0	nan	0.00	0.00	4.36	84.03	88.82	0.00	42	0	43	0.00	0.00	62.49	7.62	0.00	0.00	2000
229	10.89	2091	2113	0.00	196	0	0	0	nan	0.00	0.00	4.62	85.08	89.11	0.00	42	0	43	0.00	0.00	67.25	8.20	0.00	0.00	2000
230	11.10	2076	2094	0.00	196	0	0	0	nan	0.00	0.00	4.23	84.38	88.90	0.00	42	0	42	0.00	0.00	62.63	7.57	0.00	0.00	2000
228	10.76	2126	2092	0.00	194	0	0	0	nan	0.00	0.00	4.22	84.65	89.24	0.00	42	0	43	0.00	0.00	65.08	7.78	0.00	0.00	2000
228	10.59	2128	2125	0.00	195	0	0	0	nan	0.00	0.00	4.85	85.72	89.41	0.00	42	0	42	0.00	0.00	66.37	8.19	0.00	0.00	2000
229	10.81	2160	2057	0.00	179	0	0	0	nan	0.00	0.00	2.78	84.57	89.19	0.00	42	0	42	0.00	0.00	63.92	7.81	0.00	0.00	2000
228	10.66	2123	2113	0.00	211	0	0	0	nan	0.00	0.00	4.38	85.48	89.34	0.00	42	0	43	0.00	0.00	64.57	7.95	0.00	0.00	2000
231	10.94	2099	2110	0.00	197	0	0	0	nan	0.00	0.02	5.14	84.33	89.06	0.00	42	0	42	0.00	0.00	65.27	7.77	0.00	0.00	2000
229	11.04	2075	2095	0.00	210	0	0	0	nan	0.00	0.00	5.87	82.86	88.96	0.00	42	0	43	0.00	0.00	64.92	7.88	0.00	0.00	2000
228	10.98	2067	2108	0.00	194	0	0	0	nan	0.00	0.00	4.47	84.93	89.02	0.00	42	0	43	0.00	0.00	64.75	7.92	0.00	0.00	2000
228	11.30	2021	2097	0.00	195	0	0	0	nan	0.00	0.00	4.82	83.87	88.70	0.00	42	0	42	0.00	0.00	64.97	7.89	0.00	0.00	2000
230	10.90	2093	2118	0.00	194	0	0	0	nan	0.00	0.00	4.48	85.38	89.10	0.00	42	0	43	0.00	0.00	65.18	7.85	0.00	0.00	2000
229	11.15	2064	2091	0.00	195	0	0	0	nan	0.00	0.02	3.64	84.90	88.85	0.00	42	0	42	0.00	0.00	65.06	7.78	0.00	0.00	2000
229	11.38	2014	2095	0.49	195	0	0	9	21.06	0.00	0.00	3.95	84.57	88.62	0.00	43	0	43	0.00	0.00	64.76	7.83	0.00	0.00	2000
228	11.00	2074	2098	1.22	195	0	0	4	40.69	0.00	0.00	4.75	84.17	89.00	0.00	42	0	43	0.00	0.00	65.61	7.73	0.00	0.00	2000
229	11.02	2067	2108	0.00	195	0	0	0	nan	0.00	0.00	4.37	85.00	88.98	0.00	42	0	42	0.00	0.00	64.99	7.92	0.00	0.00	2000
227	11.12	2066	2079	0.00	195	0	0	0	nan	0.00	0.00	3.92	84.15	88.88	0.00	42	0	42	0.00	0.00	64.82	8.03	0.00	0.00	2000
230	10.66	2144	2108	0.00	195	0	0	0	nan	0.00	0.00	5.17	84.56	89.34	0.00	42	0	42	0.00	0.00	65.17	8.05	0.00	0.00	2000
229	10.56	2172	2100	0.00	197	0	0	0	nan	0.00	0.02	5.14	84.30	89.44	0.00	42	0	43	0.00	0.00	65.55	7.98	0.00	0.00	2000
228	10.84	2088	2117	0.00	195	0	0	0	nan	0.00	0.00	4.30	85.60	89.16	0.00	42	0	43	0.00	0.00	64.81	7.92	0.00	0.00	2000
227	11.08	2072	2076	0.00	195	0	0	0	nan	0.00	0.00	3.69	84.22	88.92	0.00	42	0	43	0.00	0.00	65.27	7.71	0.00	0.00	2000
229	10.94	2073	2120	0.00	198	0	0	0	nan	0.00	0.00	6.27	83.76	89.06	0.00	42	0	42	0.00	0.00	65.39	7.85	0.00	0.00	2000
228	11.04	2064	2101	0.00	195	0	0	0	nan	0.00	0.00	4.05	85.08	88.96	0.00	42	0	42	0.00	0.00	65.14	7.90	0.00	0.00	2000
230	11.08	2073	2105	0.00	196	0	0	0	nan	0.00	0.00	4.83	84.44	88.92	0.00	42	0	42	0.00	0.00	65.20	7.96	0.00	0.00	2000
232	11.26	2078	2084	0.00	196	0	0	0	nan	0.00	0.02	3.59	84.56	88.74	0.00	42	0	42	0.00	0.00	65.03	8.05	0.00	0.00	2000
229	10.80	2117	2102	0.00	195	0	0	0	nan	0.00	0.00	4.51	84.72	89.20	0.00	42	0	42	0.00	0.00	64.88	7.90	0.00	0.00	2000
228	11.09	2058	2093	0.00	194	0	0	0	nan	0.00	0.00	4.32	84.29	88.91	0.00	42	0	42	0.00	0.00	64.69	7.87	0.00	0.00	2000
228	11.08	2043	2119	0.00	195	0	0	0	nan	0.00	0.00	4.95	84.84	88.92	0.00	42	0	42	0.00	0.00	64.69	7.91	0.00	0.00	2000
231	10.97	2129	2076	0.00	196	0	0	0	nan	0.00	0.00	4.06	84.03	89.03	0.00	42	0	42	0.00	0.00	65.80	7.80	0.00	0.00	2000
228	11.08	2054	2105	0.00	194	0	0	0	nan	0.00	0.00	4.94	84.23	88.92	0.00	42	0	42	0.00	0.00	64.97	7.81	0.00	0.00	2000
226	11.03	2043	2107	0.01	194	0	0	6	21.44	0.00	0.00	4.69	84.73	88.97	0.00	42	0	42	0.00	0.00	65.58	7.88	0.00	0.00	2000
229	11.06	2078	2094	1.62	195	0	0	7	29.30	0.00	0.02	4.44	84.31	88.94	0.00	42	0	42	0.00	0.00	65.20	7.85	0.00	0.00	2000
227	10.94	2073	2102	0.00	195	0	0	0	nan	0.00	0.00	4.74	84.42	89.06	0.00	42	0	42	0.00	0.00	65.08	7.78	0.00	0.00	2000
229	11.17	2043	2105	0.00	194	0	0	0	nan	0.00	0.00	4.46	84.61	88.83	0.00	42	0	43	0.00	0.00	65.68	7.82	0.00	0.00	2000
229	10.65	2165	2086	0.00	195	0	0	0	nan	0.00	0.00	3.89	84.71	89.35	0.00	42	0	42	0.00	0.00	65.15	7.93	0.00	0.00	2000
230	11.03	2078	2106	0.00	198	0	0	0	nan	0.00	0.00	6.74	82.61	88.97	0.00	42	0	43	0.00	0.00	65.39	8.03	0.00	0.00	2000
227	10.77	2109	2104	0.00	194	0	0	0	nan	0.00	0.00	4.64	84.87	89.23	0.00	42	0	43	0.00	0.00	65.35	7.94	0.00	0.00	2000
228	11.04	2064	2101	0.00	194	0	0	0	nan	0.00	0.00	4.38	84.62	88.96	0.00	42	0	42	0.00	0.00	65.51	7.91	0.00	0.00	2000
227	10.85	2107	2088	0.00	195	0	0	0	nan	0.00	0.00	4.42	84.15	89.15	0.00	42	0	43	0.00	0.00	64.79	7.74	0.00	0.00	2000
230	10.69	2140	2112	0.00	196	0	0	0	nan	0.00	0.00	5.02	84.92	89.31	0.00	42	0	43	0.00	0.00	65.23	7.74	0.00	0.00	2000
227	10.95	2085	2089	0.00	194	0	0	0	nan	0.00	0.00	4.36	84.27	89.05	0.00	42	0	42	0.00	0.00	64.82	7.97	0.00	0.00	2000
226	11.23	2066	2043	0.00	197	0	0	0	nan	0.00	0.00	5.53	80.89	88.77	0.00	42	0	42	0.00	0.00	62.80	7.61	0.00	0.00	2000
229	10.71	2068	2176	0.00	211	0	0	0	nan	0.00	0.01	3.97	88.60	89.29	0.00	42	0	43	0.00	0.00	68.01	8.19	0.00	0.00	2000
230	11.11	2062	2112	0.00	197	0	0	0	nan	0.00	0.00	4.30	85.19	88.89	0.00	42	0	42	0.00	0.00	65.51	8.35	0.00	0.00	2000
228	11.18	2068	2071	0.00	179	0	0	0	nan	0.00	0.00	2.80	84.88	88.82	0.00	42	0	42	0.00	0.00	64.05	7.79	0.00	0.00	2000
229	11.16	2029	2120	0.00	210	0	0	0	nan	0.00	0.00	4.53	85.19	88.84	0.00	42	0	42	0.00	0.00	64.74	7.84	0.00	0.00	2000
227	11.03	2067	2094	0.00	195	0	0	0	nan	0.00	0.00	4.10	84.62	88.97	0.00	42	0	43	0.00	0.00	65.47	7.90	0.00	0.00	2000
229	10.88	2087	2114	0.00	195	0	0	5	26.34	0.00	0.00	4.41	85.31	89.12	0.00	42	0	42	0.00	0.00	65.23	7.84	0.00	0.00	2000
228	10.88	2107	2090	1.58	194	0	0	8	27.56	0.00	0.01	3.60	85.02	89.12	0.00	42	0	43	0.00	0.00	64.83	7.77	0.00	0.00	2000
230	10.90	2101	2109	0.00	195	0	0	0	nan	0.01	0.00	2.93	86.55	89.10	0.00	43	0	43	0.00	0.00	65.70	8.12	0.00	0.00	2000
227	10.94	2086	2086	0.00	195	0	0	0	nan	0.00	0.00	3.76	84.87	89.06	0.00	42	0	42	0.00	0.00	64.10	7.95	0.00	0.00	2000
228	11.19	2029	2108	0.00	194	0	0	0	nan	0.00	0.00	4.34	84.96	88.81	0.00	42	0	42	0.00	0.00	64.74	7.74	0.00	0.00	2000
228	11.00	2089	2084	0.00	197	0	0	0	nan	0.00	0.00	3.94	84.47	89.01	0.00	42	0	42	0.00	0.00	65.47	7.79	0.00	0.00	2000
229	10.99	2078	2103	0.00	194	0	0	0	nan	0.00	0.00	4.90	84.28	89.01	0.00	42	0	42	0.00	0.00	64.10	7.98	0.00	0.00	2000
229	10.52	2186	2093	0.00	195	0	0	0	nan	0.00	0.00	4.35	84.81	89.48	0.00	42	0	42	0.00	0.00	65.43	7.85	0.00	0.00	2000
228	10.99	2066	2113	0.00	195	0	0	0	nan	0.00	0.00	5.08	84.51	89.01	0.00	42	0	42	0.00	0.00	65.00	7.71	0.00	0.00	2000
228	11.11	2060	2088	0.00	196	0	0	0	nan	0.00	0.00	4.43	84.00	88.89	0.00	42	0	42	0.00	0.00	64.55	7.82	0.00	0.00	2000
229	10.83	2110	2104	0.00	193	0	0	0	nan	0.00	0.00	4.99	84.40	89.17	0.00	41	0	42	0.00	0.00	64.54	7.51	0.00	0.00	2000
234	11.04	2127	2094	0.00	196	0	0	0	nan	0.00	0.00	5.40	83.25	88.96	0.00	41	0	43	0.00	0.00	64.19	7.51	0.00	0.00	2000
233	10.91	2117	2116	0.00	196	0	0	0	nan	0.00	0.00	5.69	84.13	89.09	0.00	41	0	42	0.00	0.00	65.41	7.66	0.00	0.00	2000
230	10.92	2110	2094	0.00	196	0	0	0	nan	0.00	0.00	4.66	84.10	89.08	0.00	41	0	43	0.00	0.00	65.68	8.26	0.00	0.00	2000
232	11.13	2063	2123	0.00	197	0	0	0	nan	0.00	0.00	5.25	84.69	88.87	0.00	41	0	43	0.00	0.00	63.11	7.73	0.00	0.00	2000
230	11.25	2073	2070	0.00	183	0	0	0	nan	0.00	0.00	4.25	83.28	88.75	0.00	41	0	42	0.00	0.00	67.44	7.98	0.00	0.00	2000
230	10.86	2111	2107	0.00	211	0	0	0	nan	0.00	0.01	4.23	85.20	89.14	0.00	42	0	43	0.00	0.00	65.88	8.78	0.00	0.00	2000
229	11.04	2083	2093	0.00	197	0	0	5	16.30	0.00	0.00	5.39	83.43	88.96	0.00	41	0	43	0.00	0.00	66.71	8.94	0.00	0.00	2000
230	10.70	2137	2111	1.13	195	0	0	31	8.06	0.00	0.00	4.98	84.76	89.30	0.00	41	0	42	0.00	0.00	66.75	9.03	0.00	0.00	2000
228	10.55	2167	2097	0.00	194	0	0	0	nan	0.00	0.02	4.09	85.12	89.45	0.00	42	0	43	0.00	0.00	66.53	8.68	0.00	0.00	2000
231	10.74	2136	2112	0.00	196	0	0	0	nan	0.00	0.00	4.51	85.26	89.26	0.00	42	0	42	0.00	0.00	66.89	9.06	0.00	0.00	2000
228	11.17	2055	2089	0.00	196	0	0	0	nan	0.00	0.00	4.34	84.11	88.83	0.00	41	0	42	0.00	0.00	66.45	8.85	0.00	0.00	2000
230	11.22	2047	2102	0.00	194	0	0	0	nan	0.00	0.00	4.46	84.44	88.78	0.00	41	0	43	0.00	0.00	66.46	8.93	0.00	0.00	2000
228	10.69	2146	2089	0.00	195	0	0	0	nan	0.00	0.00	4.53	84.33	89.31	0.00	42	0	43	0.00	0.00	66.42	8.85	0.00	0.00	2000
230	10.91	2102	2107	0.00	194	0	0	0	nan	0.00	0.00	4.89	84.55	89.09	0.00	42	0	43	0.00	0.00	66.70	8.88	0.00	0.00	2000
228	10.99	2078	2093	0.00	194	0	0	0	nan	0.00	0.00	4.58	84.14	89.01	0.00	42	0	43	0.00	0.00	66.06	9.14	0.00	0.00	2000
229	10.89	2089	2114	0.00	195	0	0	0	nan	0.00	0.00	5.41	84.33	89.11	0.00	41	0	42	0.00	0.00	66.45	9.10	0.00	0.00	2000
228	10.97	2085	2094	0.00	195	0	0	0	nan	0.00	0.00	4.35	84.52	89.03	0.00	41	0	43	0.00	0.00	63.28	8.33	0.00	0.00	2000
230	11.05	2084	2101	0.00	196	0	0	0	nan	0.00	0.00	4.45	84.63	88.95	0.00	41	0	43	0.00	0.00	66.71	8.87	0.00	0.00	2000
229	10.85	2112	2100	0.00	194	0	0	0	nan	0.00	0.00	5.08	84.12	89.15	0.00	42	0	43	0.00	0.00	66.45	9.02	0.00	0.00	2000
230	10.93	2113	2096	0.00	195	0	0	0	nan	0.00	0.00	5.01	83.92	89.07	0.00	41	0	42	0.00	0.00	69.62	8.68	0.00	0.00	2000
229	10.87	2101	2105	0.00	195	0	0	0	nan	0.00	0.00	4.69	84.81	89.13	0.00	41	0	42	0.00	0.00	66.48	9.35	0.00	0.00	2000
229	11.24	2040	2097	0.00	195	0	0	0	nan	0.00	0.00	4.39	84.30	88.76	0.00	41	0	43	0.00	0.00	63.30	8.00	0.00	0.00	2000
230	11.42	2018	2094	0.00	195	0	0	0	nan	0.00	0.00	5.00	83.44	88.58	0.00	41	0	42	0.00	0.00	67.52	7.92	0.00	0.00	2000
229	11.08	2039	2126	0.00	195	0	0	0	nan	0.00	0.00	5.77	84.34	88.92	0.00	41	0	42	0.00	0.00	63.36	7.54	0.00	0.00	2000
227	11.23	2049	2072	0.74	181	0	0	2	87.09	0.00	0.01	4.92	82.78	88.77	0.00	41	0	42	0.00	0.00	61.09	7.14	0.00	0.00	2000
231	10.92	2106	2109	0.17	213	0	0	0	nan	0.00	0.00	4.86	84.54	89.08	0.00	41	0	42	0.00	0.00	67.52	8.28	0.00	0.00	2000
228	10.89	2095	2104	0.00	194	0	0	0	nan	0.00	0.00	4.96	84.42	89.11	0.00	41	0	43	0.00	0.00	64.96	7.69	0.00	0.00	2000
232	11.13	2084	2096	0.00	197	0	0	0	nan	0.00	0.00	5.09	83.47	88.87	0.00	40	0	43	0.00	0.00	64.86	7.45	0.00	0.00	2000
220	10.68	2056	2104	0.00	196	0	0	0	nan	0.00	0.00	4.64	84.93	89.32	0.00	39	0	42	0.00	0.00	63.49	7.87	0.00	0.00	2000
192	9.90	1933	2113	0.00	217	0	0	0	nan	0.00	0.03	7.36	83.38	90.10	0.00	38	0	43	0.00	0.00	65.14	7.79	0.00	0.00	2000
76	6.93	1111	2082	0.00	193	0	0	0	nan	0.00	0.02	2.92	89.32	93.07	0.00	38	0	42	0.00	0.00	58.11	7.48	0.00	0.00	2000
86	7.40	1144	2134	0.00	165	0	0	0	nan	0.04	0.03	5.75	88.20	92.60	0.00	37	0	43	0.00	0.00	63.34	8.09	0.00	0.00	2000
