Avg_MHz	Busy%	Bzy_MHz	TSC_MHz	IPC	IRQ	NMI	SMI	LLCMRPS	LLC%hit	POLL%	C1%	C1E%	C6%	CPU%c1	CPU%c6	CoreTmp	CoreThr	PkgTmp	Pkg%pc2	Pkg%pc6	PkgWatt	RAMWatt	PKG_%	RAM_%	UncMHz
191	10.88	1745	2118	0.00	248	0	0	0	nan	0.00	0.47	32.64	56.83	89.12	0.00	37	0	43	0.00	0.00	61.13	7.60	0.00	0.00	2000
301	16.96	1756	2120	0.00	195	0	0	0	nan	0.00	0.16	8.68	75.17	83.04	0.00	37	0	43	0.00	0.00	64.81	7.72	0.00	0.00	2000
415	18.63	2216	2111	0.00	247	0	0	0	nan	0.04	3.99	20.43	57.70	81.37	0.00	38	0	43	0.00	0.00	67.67	7.42	0.00	0.00	2000
77	6.49	1176	2106	0.00	193	0	0	0	nan	0.00	0.02	10.20	83.59	93.51	0.00	38	0	43	0.00	0.00	59.19	7.52	0.00	0.00	2000
73	6.65	1110	2085	0.00	193	0	0	0	nan	0.00	0.00	3.70	88.99	93.35	0.00	38	0	43	0.00	0.00	58.25	7.49	0.00	0.00	2000
73	6.76	1068	2122	0.00	193	0	0	0	nan	0.00	0.03	4.11	90.07	93.24	0.00	37	0	43	0.00	0.00	60.16	7.60	0.00	0.00	2000
73	6.84	1070	2093	0.00	194	0	0	0	nan	0.00	0.00	3.38	89.60	93.16	0.00	38	0	43	0.00	0.00	58.09	7.35	0.00	0.00	2000
72	6.67	1084	2093	0.00	193	0	0	0	nan	0.00	0.02	2.82	90.22	93.33	0.00	37	0	42	0.00	0.00	56.46	7.13	0.00	0.00	2000
73	6.16	1192	2087	0.00	194	0	0	0	nan	0.00	0.00	2.95	90.24	93.84	0.00	38	0	42	0.00	0.00	60.86	7.39	0.00	0.00	2000
71	6.79	1047	2113	0.00	193	0	0	0	nan	0.00	0.01	2.44	91.43	93.21	0.00	38	0	43	0.00	0.00	56.67	7.43	0.00	0.00	2000
74	6.85	1082	2107	0.00	198	0	0	0	nan	0.00	0.00	4.20	89.30	93.15	0.00	37	0	43	0.00	0.00	60.88	7.34	0.00	0.00	2000
73	6.79	1066	2106	0.00	194	0	0	0	nan	0.00	0.00	2.53	91.05	93.21	0.00	38	0	43	0.00	0.00	56.11	7.61	0.00	0.00	2000
73	6.55	1125	2092	0.00	194	0	0	0	nan	0.00	0.00	2.43	90.58	93.45	0.00	38	0	43	0.00	0.00	59.91	7.82	0.00	0.00	2000
73	6.63	1094	2107	0.00	194	0	0	0	nan	0.00	0.01	2.22	91.44	93.37	0.00	38	0	43	0.00	0.00	58.15	7.61	0.00	0.00	2000
73	6.86	1071	2101	0.00	193	0	0	0	nan	0.00	0.00	3.00	90.23	93.14	0.00	37	0	42	0.00	0.00	60.58	7.47	0.00	0.00	2000
72	6.72	1076	2105	0.00	195	0	0	0	87.78	0.00	0.03	2.64	90.99	93.28	0.00	38	0	42	0.00	0.00	56.05	7.51	0.00	0.00	2000
74	6.39	1171	2068	0.29	195	0	0	1	86.08	0.00	0.01	2.91	89.24	93.61	0.00	37	0	43	0.00	0.00	57.06	7.36	0.00	0.00	2000
71	6.37	1106	2128	0.01	210	0	0	0	nan	0.00	0.00	2.96	91.81	93.63	0.00	37	0	43	0.00	0.00	57.56	7.70	0.00	0.00	2000
71	6.75	1067	2069	0.00	194	0	0	0	nan	0.00	0.00	2.99	88.95	93.25	0.00	37	0	43	0.00	0.00	60.56	7.35	0.00	0.00	2000
169	8.84	1892	2118	0.00	212	0	0	0	nan	0.00	1.54	3.37	87.05	91.16	0.00	39	0	43	0.00	0.00	62.52	7.37	0.00	0.00	2000
230	11.31	2036	2097	0.00	217	0	0	0	nan	0.00	0.02	5.19	83.51	88.69	0.00	40	0	42	0.00	0.00	64.63	7.54	0.00	0.00	2000
230	10.88	2112	2098	0.00	219	0	0	0	nan	0.00	0.00	5.30	83.86	89.12	0.00	41	0	43	0.00	0.00	65.67	7.34	0.00	0.00	2000
232	11.46	2010	2120	0.00	226	0	0	0	nan	0.00	0.00	5.23	84.36	88.54	0.00	40	0	42	0.00	0.00	67.00	7.59	0.00	0.00	2000
232	11.37	2048	2093	0.00	198	0	0	0	nan	0.00	0.00	6.07	82.44	88.63	0.00	38	0	43	0.00	0.00	65.12	7.48	0.00	0.00	2000
233	11.07	2104	2104	0.00	197	0	0	0	nan	0.00	0.01	6.48	82.70	88.93	0.00	38	0	43	0.00	0.00	66.27	7.85	0.00	0.00	2000
232	11.50	2092	2025	0.00	196	0	0	0	nan	0.00	0.00	7.19	78.17	88.50	0.00	38	0	42	0.00	0.00	61.97	7.22	0.00	0.00	2000
231	10.57	2110	2170	0.00	216	0	0	0	nan	0.00	0.00	6.70	85.86	89.43	0.00	38	0	43	0.00	0.00	69.76	7.92	0.00	0.00	2000
229	11.22	2052	2091	0.00	195	0	0	0	nan	0.00	0.00	5.70	82.87	88.78	0.00	39	0	43	0.00	0.00	65.81	7.63	0.00	0.00	2000
226	11.44	2003	2075	0.00	196	0	0	0	nan	0.00	0.00	4.61	83.11	88.56	0.00	39	0	43	0.00	0.00	63.70	7.39	0.00	0.00	2000
234	10.96	2089	2143	0.00	196	0	0	0	nan	0.00	0.05	2.43	88.48	89.04	0.00	39	0	43	0.00	0.00	66.07	7.50	0.00	0.00	2000
232	11.40	2068	2068	0.00	219	0	0	0	nan	0.00	0.01	5.90	81.46	88.60	0.00	39	0	43	0.00	0.00	62.28	7.04	0.00	0.00	2000
225	11.31	2019	2066	0.00	197	0	0	0	nan	0.00	0.47	6.97	79.95	88.69	0.00	40	0	42	0.00	0.00	64.57	7.26	0.00	0.00	2000
227	10.98	2066	2099	0.08	211	0	0	14	96.53	0.00	0.44	4.86	83.70	89.02	0.00	40	0	43	0.00	0.00	64.51	7.40	0.00	0.00	2000
234	11.26	2010	2167	0.56	212	0	0	11	86.19	0.00	0.01	5.58	86.13	88.74	0.00	40	0	42	0.00	0.00	68.77	7.82	0.00	0.00	2000
231	11.38	2050	2075	0.00	196	0	0	0	nan	0.00	0.03	4.64	83.07	88.62	0.00	40	0	43	0.00	0.00	65.71	7.51	0.00	0.00	2000
230	11.47	2008	2099	0.00	211	0	0	0	nan	0.00	0.00	5.35	83.35	88.53	0.00	40	0	43	0.00	0.00	65.34	7.43	0.00	0.00	2000
230	11.44	2039	2073	0.00	198	0	0	0	nan	0.00	0.00	4.79	82.64	88.56	0.00	39	0	42	0.00	0.00	62.96	7.26	0.00	0.00	2000
242	11.12	2114	2160	0.00	212	0	0	0	nan	0.00	0.03	4.94	86.51	88.88	0.00	38	0	42	0.00	0.00	69.07	7.93	0.00	0.00	2000
226	11.24	2083	2024	0.00	198	0	0	0	nan	0.00	0.00	4.36	81.34	88.76	0.00	38	0	43	0.00	0.00	58.02	6.68	0.00	0.00	2000
244	11.23	2093	2185	0.00	252	0	0	0	nan	0.00	0.00	8.68	83.74	88.77	0.00	38	0	43	0.00	0.00	74.72	8.93	0.00	0.00	2000
235	11.32	2075	2103	0.00	196	0	0	0	nan	0.00	0.02	5.58	83.20	88.68	0.00	38	0	43	0.00	0.00	63.76	7.79	0.00	0.00	2000
235	11.74	2012	2086	0.00	195	0	0	0	nan	0.00	0.00	7.04	80.77	88.26	0.00	38	0	43	0.00	0.00	64.16	7.59	0.00	0.00	2000
234	11.18	2063	2126	0.00	197	0	0	0	nan	0.00	0.07	7.84	82.16	88.82	0.00	38	0	42	0.00	0.00	65.70	7.86	0.00	0.00	2000
232	11.22	2065	2103	0.00	197	0	0	0	nan	0.00	0.04	4.09	84.96	88.78	0.00	38	0	42	0.00	0.00	63.15	7.99	0.00	0.00	2000
232	11.41	2039	2098	0.00	196	0	0	0	nan	0.00	0.05	5.00	83.67	88.59	0.00	38	0	43	0.00	0.00	67.62	7.75	0.00	0.00	2000
229	11.40	2084	2027	0.00	198	0	0	0	nan	0.00	0.00	6.16	79.43	88.60	0.00	38	0	42	0.00	0.00	62.61	7.54	0.00	0.00	2000
235	11.22	2045	2151	0.00	198	0	0	0	nan	0.00	0.00	6.86	84.08	88.78	0.00	38	0	43	0.00	0.00	63.15	7.66	0.00	0.00	2000
232	10.47	2197	2119	0.00	198	0	0	0	nan	0.00	2.55	7.92	79.94	89.53	0.00	38	0	43	0.00	0.00	67.64	7.62	0.00	0.00	2000
225	11.62	2052	1981	0.00	195	0	0	0	nan	0.00	0.00	8.53	74.90	88.38	0.00	39	0	43	0.00	0.00	59.51	6.72	0.00	0.00	2000
231	10.82	2027	2217	0.71	212	0	0	5	87.64	0.00	0.00	8.24	85.98	89.18	0.00	39	0	43	0.00	0.00	69.84	8.07	0.00	0.00	2000
233	11.33	2039	2115	0.34	197	0	0	0	nan	0.00	0.00	8.34	81.13	88.67	0.00	38	0	43	0.00	0.00	65.57	7.85	0.00	0.00	2000
232	11.62	2055	2041	0.00	200	0	0	0	nan	0.00	0.02	7.18	78.81	88.38	0.00	38	0	42	0.00	0.00	63.12	7.23	0.00	0.00	2000
232	10.94	2075	2143	0.00	195	0	0	0	nan	0.00	0.02	7.88	82.97	89.06	0.00	38	0	43	0.00	0.00	63.85	7.36	0.00	0.00	2000
228	11.21	2048	2088	0.00	194	0	0	0	nan	0.00	0.00	8.16	80.22	88.79	0.00	38	0	43	0.00	0.00	63.86	7.36	0.00	0.00	2000
230	11.07	2068	2110	0.00	195	0	0	0	nan	0.00	0.00	8.31	81.06	88.93	0.00	38	0	43	0.00	0.00	64.21	7.19	0.00	0.00	2000
228	11.09	2078	2076	0.00	197	0	0	0	nan	0.00	0.00	8.73	79.16	88.91	0.00	39	0	43	0.00	0.00	63.83	7.20	0.00	0.00	2000
234	11.34	2031	2131	0.00	196	0	0	0	nan	0.05	0.01	7.34	82.79	88.66	0.00	39	0	42	0.00	0.00	63.68	7.43	0.00	0.00	2000
228	11.28	2022	2100	0.00	197	0	0	0	nan	0.00	1.09	7.96	79.84	88.72	0.00	39	0	43	0.00	0.00	64.46	7.37	0.00	0.00	2000
228	11.51	2002	2082	0.00	195	0	0	0	nan	0.00	0.54	4.00	83.40	88.49	0.00	39	0	42	0.00	0.00	62.90	7.38	0.00	0.00	2000
228	11.45	1980	2110	0.00	197	0	0	0	nan	0.00	0.00	7.28	81.85	88.55	0.00	39	0	42	0.00	0.00	63.54	7.35	0.00	0.00	2000
228	10.88	2090	2109	0.00	196	0	0	0	nan	0.00	0.97	6.24	82.41	89.12	0.00	38	0	43	0.00	0.00	64.42	7.42	0.00	0.00	2000
228	11.49	1992	2087	0.00	194	0	0	0	nan	0.00	0.41	9.66	78.05	88.51	0.00	39	0	43	0.00	0.00	62.84	7.37	0.00	0.00	2000
233	11.46	2011	2126	0.00	198	0	0	0	nan	0.00	0.00	7.88	81.84	88.54	0.00	39	0	42	0.00	0.00	64.98	7.95	0.00	0.00	2000
229	11.32	2021	2100	0.00	197	0	0	0	nan	0.00	0.02	7.40	81.40	88.68	0.00	39	0	42	0.00	0.00	64.89	7.32	0.00	0.00	2000
231	11.35	2048	2086	0.00	197	0	0	0	nan	0.00	0.00	5.84	82.32	88.65	0.00	39	0	42	0.00	0.00	64.71	7.56	0.00	0.00	2000
229	11.15	2066	2084	0.00	197	0	0	0	nan	0.00	0.00	7.51	80.61	88.85	0.00	39	0	42	0.00	0.00	64.11	7.37	0.00	0.00	2000
229	11.04	2049	2129	0.33	194	0	0	4	66.58	0.00	0.00	7.43	82.84	88.96	0.00	39	0	42	0.00	0.00	64.19	7.36	0.00	0.00	2000
233	11.22	2088	2088	0.68	198	0	0	3	76.09	0.04	0.02	7.46	80.72	88.78	0.00	39	0	43	0.00	0.00	64.69	7.29	0.00	0.00	2000
268	12.51	2159	2086	0.00	195	0	0	0	nan	0.00	0.00	11.32	75.49	87.49	0.00	39	0	43	0.00	0.00	64.45	7.53	0.00	0.00	2000
229	11.19	2050	2096	0.00	195	0	0	0	nan	0.00	0.00	8.64	80.08	88.81	0.00	39	0	42	0.00	0.00	64.09	7.46	0.00	0.00	2000
229	11.28	2033	2101	0.00	196	0	0	0	nan	0.00	0.00	6.85	82.03	88.72	0.00	39	0	42	0.00	0.00	64.19	7.33	0.00	0.00	2000
230	11.23	2041	2104	0.00	200	0	0	0	nan	0.00	0.00	8.84	80.17	88.77	0.00	39	0	42	0.00	0.00	64.48	7.63	0.00	0.00	2000
233	11.13	2057	2133	0.00	196	0	0	0	nan	0.00	2.73	4.01	83.81	88.87	0.00	39	0	42	0.00	0.00	65.67	7.61	0.00	0.00	2000
231	11.34	2106	2033	0.00	203	0	0	0	nan	0.00	0.02	6.34	79.48	88.66	0.00	39	0	43	0.00	0.00	63.44	7.47	0.00	0.00	2000
232	10.96	2065	2156	0.00	201	0	0	0	nan	0.00	0.02	7.73	83.75	89.04	0.00	39	0	42	0.00	0.00	65.49	7.56	0.00	0.00	2000
228	11.05	2089	2070	0.00	195	0	0	0	nan	0.00	0.45	5.32	81.98	88.95	0.00	39	0	43	0.00	0.00	63.49	7.31	0.00	0.00	2000
230	11.19	2053	2104	0.00	198	0	0	0	nan	0.02	0.91	9.01	79.15	88.81	0.00	39	0	42	0.00	0.00	64.43	7.37	0.00	0.00	2000
229	11.12	2065	2094	0.00	195	0	0	0	nan	0.00	0.00	8.15	80.52	88.88	0.00	39	0	43	0.00	0.00	64.02	7.34	0.00	0.00	2000
230	10.90	2076	2133	0.00	201	0	0	0	nan	0.00	0.51	7.10	82.95	89.10	0.00	39	0	42	0.00	0.00	64.69	7.50	0.00	0.00	2000
229	11.25	2024	2108	0.00	195	0	0	0	nan	0.00	0.00	8.23	81.00	88.75	0.00	39	0	42	0.00	0.00	65.66	7.38	0.00	0.00	2000
228	11.40	2056	2044	0.00	198	0	0	0	nan	0.00	0.00	6.99	79.28	88.60	0.00	39	0	43	0.00	0.00	62.98	7.48	0.00	0.00	2000
229	10.65	2132	2115	0.00	194	0	0	0	nan	0.00	0.00	6.47	83.48	89.35	0.00	39	0	43	0.00	0.00	64.37	7.59	0.00	0.00	2000
234	10.66	2187	2107	0.00	194	0	0	0	nan	0.04	0.21	8.04	81.24	89.34	0.00	39	0	43	0.00	0.00	65.17	7.45	0.00	0.00	2000
228	10.78	2089	2125	0.13	198	0	0	2	73.49	0.00	0.00	9.68	80.58	89.22	0.00	39	0	43	0.00	0.00	63.97	7.47	0.00	0.00	2000
231	11.04	2109	2081	0.69	196	0	0	17	34.32	0.00	0.00	8.39	79.69	88.96	0.00	39	0	43	0.00	0.00	64.78	7.78	0.00	0.00	2000
230	11.25	2054	2089	0.00	195	0	0	0	nan	0.00	0.07	4.41	83.90	88.75	0.00	39	0	43	0.00	0.00	60.88	7.12	0.00	0.00	2000
231	11.05	2079	2108	0.00	197	0	0	0	nan	0.00	2.19	3.61	83.61	88.95	0.00	39	0	42	0.00	0.00	64.30	7.44	0.00	0.00	2000
230	10.96	2109	2089	0.00	197	0	0	0	nan	0.00	0.03	4.70	83.89	89.04	0.00	39	0	43	0.00	0.00	64.39	7.54	0.00	0.00	2000
230	11.08	2053	2126	0.00	196	0	0	0	nan	0.00	0.01	3.84	86.23	88.92	0.00	39	0	43	0.00	0.00	67.16	7.65	0.00	0.00	2000
226	11.11	2064	2072	0.00	194	0	0	0	nan	0.00	0.00	3.72	84.03	88.89	0.00	39	0	42	0.00	0.00	61.07	7.20	0.00	0.00	2000
229	10.84	2078	2136	0.00	194	0	0	0	nan	0.00	0.00	3.49	87.18	89.16	0.00	39	0	43	0.00	0.00	66.51	7.77	0.00	0.00	2000
228	11.31	2042	2076	0.00	197	0	0	0	nan	0.00	0.00	3.72	83.93	88.69	0.00	39	0	43	0.00	0.00	61.09	7.14	0.00	0.00	2000
229	10.92	2064	2130	0.00	195	0	0	0	nan	0.00	0.00	4.77	85.57	89.08	0.00	39	0	42	0.00	0.00	67.18	7.67	0.00	0.00	2000
228	11.22	2039	2096	0.00	196	0	0	0	nan	0.00	0.00	3.67	84.92	88.78	0.00	39	0	43	0.00	0.00	61.83	6.91	0.00	0.00	2000
227	11.32	2010	2097	0.00	196	0	0	0	nan	0.00	0.00	3.13	85.58	88.68	0.00	39	0	42	0.00	0.00	66.39	7.89	0.00	0.00	2000
227	11.27	2048	2066	0.00	195	0	0	0	nan	0.00	0.00	3.54	83.91	88.73	0.00	39	0	43	0.00	0.00	61.28	7.15	0.00	0.00	2000
229	11.07	2032	2136	0.00	196	0	0	0	nan	0.00	0.00	3.27	87.37	88.93	0.00	39	0	42	0.00	0.00	66.91	7.47	0.00	0.00	2000
227	11.10	2094	2051	0.00	196	0	0	0	nan	0.01	0.00	3.60	83.26	88.90	0.00	38	0	43	0.00	0.00	57.84	6.92	0.00	0.00	2000
232	10.69	2123	2144	0.00	196	0	0	0	nan	0.00	0.00	2.93	88.22	89.31	0.00	39	0	42	0.00	0.00	69.57	7.90	0.00	0.00	2000
228	11.46	1988	2099	0.00	195	0	0	0	nan	0.00	0.00	3.85	84.81	88.54	0.00	39	0	43	0.00	0.00	61.57	7.07	0.00	0.00	2000
228	11.15	2061	2085	0.00	194	0	0	2	92.39	0.00	0.00	3.38	84.87	88.85	0.00	38	0	43	0.00	0.00	61.42	7.25	0.00	0.00	2000
228	11.27	2000	2123	0.67	194	0	0	4	94.99	0.00	0.00	4.01	85.81	88.73	0.00	38	0	43	0.00	0.00	66.71	7.38	0.00	0.00	2000
231	11.21	2056	2108	0.00	194	0	0	0	nan	0.00	0.00	3.37	85.79	88.79	0.00	39	0	42	0.00	0.00	65.16	7.49	0.00	0.00	2000
227	11.02	2074	2085	0.00	195	0	0	0	nan	0.00	0.03	3.69	84.70	88.98	0.00	39	0	43	0.00	0.00	62.32	7.15	0.00	0.00	2000
231	11.25	2042	2108	0.00	196	0	0	0	nan	0.00	0.00	3.09	86.04	88.75	0.00	39	0	42	0.00	0.00	63.45	7.44	0.00	0.00	2000
227	11.33	2002	2099	0.00	196	0	0	0	nan	0.00	0.00	3.40	85.33	88.67	0.00	39	0	43	0.00	0.00	64.22	7.56	0.00	0.00	2000
230	11.11	2070	2096	0.00	194	0	0	0	nan	0.00	0.00	2.99	85.72	88.89	0.00	39	0	43	0.00	0.00	65.69	8.41	0.00	0.00	2000
228	11.01	2075	2098	0.00	195	0	0	0	nan	0.00	0.00	2.86	86.22	88.99	0.00	39	0	43	0.00	0.00	63.93	7.61	0.00	0.00	2000
229	11.07	2062	2109	0.00	195	0	0	0	nan	0.00	0.00	3.21	86.14	88.93	0.00	38	0	43	0.00	0.00	65.14	7.85	0.00	0.00	2000
230	11.25	2037	2102	0.00	195	0	0	0	nan	0.00	0.00	3.66	85.20	88.75	0.00	39	0	43	0.00	0.00	66.05	7.96	0.00	0.00	2000
230	11.28	2040	2100	0.00	195	0	0	0	nan	0.00	0.02	2.68	86.07	88.72	0.00	39	0	42	0.00	0.00	62.82	7.53	0.00	0.00	2000
227	11.41	1992	2099	0.00	179	0	0	0	nan	0.00	0.00	4.01	84.66	88.59	0.00	39	0	42	0.00	0.00	64.75	7.62	0.00	0.00	2000
229	11.54	2004	2081	0.00	198	0	0	0	nan	0.00	0.00	4.16	83.51	88.46	0.00	39	0	42	0.00	0.00	64.13	7.48	0.00	0.00	2000
227	11.25	2022	2092	0.00	194	0	0	0	nan	0.00	0.00	3.69	84.80	88.75	0.00	40	0	43	0.00	0.00	62.82	7.91	0.00	0.00	2000
229	11.23	2040	2096	0.00	197	0	0	0	nan	0.00	0.03	4.00	84.71	88.77	0.00	39	0	43	0.00	0.00	64.20	7.57	0.00	0.00	2000
230	11.13	2052	2113	0.00	196	0	0	0	nan	0.00	0.00	3.83	85.61	88.87	0.00	40	0	43	0.00	0.00	65.47	7.48	0.00	0.00	2000
229	11.28	2012	2118	0.00	196	0	0	0	nan	0.00	0.00	4.10	85.51	88.72	0.00	40	0	43	0.00	0.00	64.34	7.47	0.00	0.00	2000
226	11.36	2026	2061	0.00	194	0	0	0	89.22	0.00	0.01	3.16	83.87	88.64	0.00	39	0	43	0.00	0.00	64.89	7.58	0.00	0.00	2000
231	10.76	2120	2122	1.48	195	0	0	6	37.26	0.00	0.00	3.48	86.61	89.24	0.00	39	0	43	0.00	0.00	65.05	7.45	0.00	0.00	2000
228	11.25	2025	2099	0.01	195	0	0	0	nan	0.00	0.00	3.14	85.65	88.75	0.00	39	0	42	0.00	0.00	64.89	7.54	0.00	0.00	2000
236	11.38	2070	2106	0.00	196	0	0	0	nan	0.00	0.00	4.28	84.61	88.62	0.00	39	0	42	0.00	0.00	63.65	7.32	0.00	0.00	2000
230	10.99	2104	2086	0.00	197	0	0	0	nan	0.00	0.00	4.23	84.14	89.01	0.00	40	0	42	0.00	0.00	66.47	8.21	0.00	0.00	2000
229	11.13	2052	2107	0.00	195	0	0	0	nan	0.00	0.00	4.01	85.31	88.87	0.00	40	0	42	0.00	0.00	65.35	7.51	0.00	0.00	2000
227	10.94	2082	2096	0.00	195	0	0	0	nan	0.01	0.00	3.03	85.88	89.06	0.00	40	0	43	0.00	0.00	64.58	7.37	0.00	0.00	2000
228	11.23	2013	2120	0.00	194	0	0	0	nan	0.00	0.00	3.45	86.31	88.77	0.00	40	0	43	0.00	0.00	67.64	7.43	0.00	0.00	2000
229	11.43	2011	2090	0.00	196	0	0	0	nan	0.00	0.00	3.40	84.74	88.57	0.00	40	0	43	0.00	0.00	62.28	7.62	0.00	0.00	2000
228	11.30	2019	2099	0.00	196	0	0	0	nan	0.00	0.00	3.77	84.96	88.70	0.00	40	0	43	0.00	0.00	64.87	7.46	0.00	0.00	2000
215	12.51	2076	1736	0.00	195	0	0	0	nan	0.00	0.00	3.14	69.22	87.49	0.00	39	0	43	0.00	0.00	51.96	6.05	0.00	0.00	2000
234	10.63	1935	2393	0.00	243	0	0	0	nan	0.00	0.02	3.37	98.58	89.37	0.00	39	0	43	0.00	0.00	74.21	8.59	0.00	0.00	2000
232	10.76	2015	2247	0.00	211	0	0	0	nan	0.00	0.00	3.61	91.96	89.24	0.00	40	0	42	0.00	0.00	70.39	7.90	0.00	0.00	2000
223	11.44	2081	1967	0.00	196	0	0	0	nan	0.00	0.03	3.64	79.29	88.56	0.00	41	0	42	0.00	0.00	60.34	6.98	0.00	0.00	2000
232	10.64	2042	2238	0.00	211	0	0	0	nan	0.00	0.00	3.35	91.89	89.36	0.00	40	0	42	0.00	0.00	70.24	8.21	0.00	0.00	2000
230	11.29	2052	2088	0.00	199	0	0	0	nan	0.00	0.04	5.11	83.18	88.71	0.00	40	0	42	0.00	0.00	64.66	7.48	0.00	0.00	2000
231	11.14	2078	2093	0.00	196	0	0	0	nan	0.00	0.00	3.82	84.67	88.86	0.00	40	0	43	0.00	0.00	65.23	7.50	0.00	0.00	2000
228	11.28	1998	2127	0.00	196	0	0	3	57.71	0.01	0.00	3.89	86.02	88.72	0.00	41	0	43	0.00	0.00	64.94	7.36	0.00	0.00	2000
230	11.51	2021	2075	1.35	195	0	0	5	52.41	0.00	0.00	3.30	84.19	88.49	0.00	41	0	43	0.00	0.00	64.77	7.41	0.00	0.00	2000
229	11.27	2008	2121	0.00	193	0	0	0	nan	0.01	0.00	3.78	85.90	88.73	0.00	40	0	43	0.00	0.00	64.74	7.43	0.00	0.00	2000
226	11.43	2011	2064	0.00	194	0	0	0	nan	0.00	0.00	3.57	83.57	88.57	0.00	41	0	43	0.00	0.00	64.31	7.33	0.00	0.00	2000
232	10.97	2086	2126	0.00	196	0	0	0	nan	0.00	0.02	4.73	85.30	89.03	0.00	40	0	43	0.00	0.00	65.11	7.44	0.00	0.00	2000
227	11.50	1984	2092	0.00	195	0	0	0	nan	0.00	0.00	3.68	84.59	88.50	0.00	41	0	42	0.00	0.00	64.32	7.63	0.00	0.00	2000
229	11.49	1984	2106	0.00	195	0	0	0	nan	0.00	0.03	4.15	84.79	88.51	0.00	40	0	43	0.00	0.00	64.51	7.48	0.00	0.00	2000
228	11.20	2041	2090	0.00	194	0	0	0	nan	0.00	0.00	3.92	84.65	88.80	0.00	40	0	42	0.00	0.00	64.78	7.33	0.00	0.00	2000
224	11.23	2102	1989	0.00	194	0	0	0	nan	0.00	0.00	3.84	80.30	88.77	0.00	41	0	43	0.00	0.00	57.33	6.87	0.00	0.00	2000
234	10.83	2025	2242	0.00	213	0	0	0	nan	0.00	0.00	3.52	91.78	89.17	0.00	40	0	42	0.00	0.00	72.72	8.24	0.00	0.00	2000
228	10.95	2107	2075	0.00	194	0	0	0	nan	0.00	0.04	3.37	84.59	89.05	0.00	40	0	43	0.00	0.00	64.65	7.52	0.00	0.00	2000
227	10.94	2057	2119	0.00	195	0	0	0	nan	0.00	0.02	2.98	86.85	89.06	0.00	40	0	43	0.00	0.00	64.99	7.65	0.00	0.00	2000
229	11.46	1992	2105	0.00	195	0	0	0	nan	0.00	0.00	3.70	85.10	88.54	0.00	40	0	43	0.00	0.00	64.83	7.57	0.00	0.00	2000
227	11.41	2031	2058	0.00	196	0	0	0	nan	0.00	0.00	3.82	83.21	88.59	0.00	40	0	42	0.00	0.00	64.66	7.42	0.00	0.00	2000
232	11.09	2072	2118	0.00	194	0	0	0	nan	0.00	0.02	3.69	86.00	88.91	0.00	40	0	43	0.00	0.00	65.31	7.51	0.00	0.00	2000
229	10.90	2078	2119	0.00	194	0	0	0	nan	0.00	0.00	3.29	86.55	89.10	0.00	40	0	43	0.00	0.00	65.21	7.51	0.00	0.00	2000
229	11.15	2046	2104	0.00	195	0	0	0	nan	0.00	0.04	3.68	85.38	88.85	0.00	40	0	43	0.00	0.00	64.84	7.38	0.00	0.00	2000
227	11.56	1983	2083	0.00	196	0	0	2	74.03	0.00	0.00	4.13	83.66	88.44	0.00	40	0	43	0.00	0.00	64.43	7.37	0.00	0.00	2000
231	11.48	1985	2127	1.35	197	0	0	6	74.39	0.00	0.03	5.15	84.66	88.52	0.00	40	0	43	0.00	0.00	64.64	7.42	0.00	0.00	2000
258	12.72	2079	2047	0.00	197	0	0	0	nan	0.02	0.00	4.36	80.70	87.28	0.00	40	0	43	0.00	0.00	65.32	7.54	0.00	0.00	2000
230	10.83	2101	2120	0.00	194	0	0	0	nan	0.00	0.00	3.28	86.77	89.17	0.00	40	0	43	0.00	0.00	65.18	7.57	0.00	0.00	2000
228	11.00	2068	2103	0.00	196	0	0	0	nan	0.00	0.00	4.26	84.89	89.00	0.00	41	0	42	0.00	0.00	65.29	7.55	0.00	0.00	2000
230	11.08	2051	2123	0.00	197	0	0	0	nan	0.00	0.05	4.73	85.20	88.92	0.00	41	0	42	0.00	0.00	65.26	7.58	0.00	0.00	2000
227	10.96	2088	2087	0.00	196	0	0	0	nan	0.00	0.02	3.81	84.64	89.04	0.00	40	0	42	0.00	0.00	65.14	7.58	0.00	0.00	2000
231	11.47	2000	2111	0.00	195	0	0	0	nan	0.00	0.00	4.31	84.78	88.53	0.00	41	0	42	0.00	0.00	65.19	7.38	0.00	0.00	2000
228	11.05	2102	2064	0.00	196	0	0	0	nan	0.00	0.00	3.68	83.79	88.95	0.00	40	0	42	0.00	0.00	65.23	7.50	0.00	0.00	2000
231	11.11	2057	2119	0.00	195	0	0	0	nan	0.00	0.00	3.64	86.09	88.89	0.00	40	0	42	0.00	0.00	65.36	7.79	0.00	0.00	2000
228	11.19	2009	2132	0.00	195	0	0	0	nan	0.00	0.00	3.57	86.65	88.81	0.00	40	0	43	0.00	0.00	66.97	7.67	0.00	0.00	2000
228	11.33	2065	2048	0.00	194	0	0	0	nan	0.00	0.01	3.04	83.55	88.67	0.00	40	0	43	0.00	0.00	60.52	6.98	0.00	0.00	2000
237	11.38	2034	2146	0.00	212	0	0	0	nan	0.00	0.00	6.78	83.78	88.62	0.00	41	0	42	0.00	0.00	68.04	7.82	0.00	0.00	2000
232	11.31	2069	2082	0.00	196	0	0	0	nan	0.01	0.00	4.24	83.65	88.69	0.00	40	0	42	0.00	0.00	64.87	7.69	0.00	0.00	2000
228	11.20	2030	2101	0.00	195	0	0	0	nan	0.00	0.00	4.02	84.94	88.80	0.00	41	0	42	0.00	0.00	64.79	7.65	0.00	0.00	2000
229	11.20	2049	2095	0.00	195	0	0	0	nan	0.00	0.00	4.20	84.45	88.80	0.00	41	0	42	0.00	0.00	62.55	7.18	0.00	0.00	2000
228	10.94	2099	2085	0.00	195	0	0	0	nan	0.00	0.00	3.96	84.51	89.06	0.00	40	0	42	0.00	0.00	64.49	7.58	0.00	0.00	2000
228	11.07	2061	2104	0.00	195	0	0	1	91.00	0.00	0.03	3.79	85.47	88.93	0.00	40	0	43	0.00	0.00	67.41	7.75	0.00	0.00	2000
232	11.12	2070	2116	1.40	195	0	0	7	71.08	0.00	0.00	3.88	85.69	88.88	0.00	40	0	43	0.00	0.00	65.08	7.53	0.00	0.00	2000
228	11.33	2029	2083	0.01	195	0	0	0	nan	0.00	0.00	4.36	83.69	88.67	0.00	40	0	43	0.00	0.00	62.31	7.18	0.00	0.00	2000
227	11.14	2050	2092	0.00	194	0	0	0	nan	0.00	0.00	3.36	85.17	88.86	0.00	41	0	43	0.00	0.00	65.18	7.57	0.00	0.00	2000
230	11.30	2014	2124	0.00	197	0	0	0	nan	0.00	0.00	4.43	85.35	88.70	0.00	40	0	42	0.00	0.00	65.28	7.38	0.00	0.00	2000
227	11.02	2087	2072	0.00	195	0	0	0	nan	0.00	0.00	3.86	83.84	88.98	0.00	41	0	42	0.00	0.00	67.18	7.88	0.00	0.00	2000
231	11.27	2042	2109	0.00	195	0	0	0	nan	0.00	0.01	3.78	85.47	88.73	0.00	40	0	43	0.00	0.00	62.55	7.25	0.00	0.00	2000
227	11.27	2025	2093	0.00	195	0	0	0	nan	0.00	0.01	3.30	85.26	88.73	0.00	41	0	43	0.00	0.00	65.12	7.50	0.00	0.00	2000
230	10.82	2095	2133	0.00	196	0	0	0	nan	0.00	0.00	3.44	87.15	89.18	0.00	41	0	42	0.00	0.00	67.54	8.02	0.00	0.00	2000
227	11.03	2061	2101	0.00	194	0	0	0	nan	0.00	0.00	3.74	85.34	88.97	0.00	40	0	43	0.00	0.00	62.41	7.24	0.00	0.00	2000
229	11.07	2088	2077	0.00	194	0	0	0	nan	0.04	0.00	3.89	84.06	88.93	0.00	41	0	42	0.00	0.00	65.12	7.84	0.00	0.00	2000
230	10.80	2099	2129	0.00	195	0	0	0	nan	0.00	0.00	3.77	86.66	89.20	0.00	41	0	42	0.00	0.00	67.89	7.71	0.00	0.00	2000
229	11.15	2063	2089	0.00	196	0	0	0	nan	0.00	0.00	3.67	84.81	88.85	0.00	40	0	42	0.00	0.00	62.27	7.38	0.00	0.00	2000
227	11.27	2040	2072	0.00	195	0	0	0	nan	0.00	0.00	3.15	84.52	88.73	0.00	41	0	43	0.00	0.00	64.96	7.56	0.00	0.00	2000
225	11.57	2036	2004	0.00	194	0	0	0	nan	0.00	0.02	3.31	81.17	88.43	0.00	41	0	42	0.00	0.00	62.19	7.32	0.00	0.00	2000
232	10.63	2078	2203	0.00	210	0	0	0	nan	0.00	0.02	2.84	90.77	89.37	0.00	41	0	42	0.00	0.00	68.00	7.79	0.00	0.00	2000
231	10.94	2113	2103	0.00	197	0	0	0	nan	0.00	0.00	3.83	85.27	89.06	0.00	41	0	42	0.00	0.00	64.94	7.59	0.00	0.00	2000
230	11.05	2067	2114	0.00	195	0	0	0	nan	0.00	0.02	3.70	85.91	88.95	0.00	41	0	43	0.00	0.00	65.11	7.52	0.00	0.00	2000
228	11.03	2050	2120	1.27	194	0	0	5	68.61	0.00	0.00	3.87	85.95	88.97	0.00	41	0	42	0.00	0.00	64.83	7.47	0.00	0.00	2000
227	11.19	2042	2086	0.21	195	0	0	0	nan	0.00	0.00	3.72	84.58	88.81	0.00	41	0	43	0.00	0.00	64.72	7.54	0.00	0.00	2000
230	11.33	2018	2109	0.00	196	0	0	0	nan	0.00	0.00	4.92	84.23	88.67	0.00	40	0	42	0.00	0.00	64.66	7.47	0.00	0.00	2000
229	11.22	2036	2103	0.00	195	0	0	0	nan	0.00	0.00	3.93	84.99	88.78	0.00	41	0	42	0.00	0.00	65.17	7.42	0.00	0.00	2000
228	11.13	2039	2110	0.00	194	0	0	0	nan	0.00	0.00	4.81	84.65	88.87	0.00	41	0	43	0.00	0.00	65.00	7.49	0.00	0.00	2000
227	11.31	2032	2079	0.00	195	0	0	0	nan	0.00	0.02	3.54	84.36	88.69	0.00	40	0	43	0.00	0.00	65.04	7.45	0.00	0.00	2000
229	11.45	2008	2087	0.00	195	0	0	0	nan	0.00	0.00	4.89	83.20	88.55	0.00	41	0	42	0.00	0.00	62.41	7.21	0.00	0.00	2000
228	11.03	2077	2087	0.00	198	0	0	0	nan	0.00	0.00	3.14	85.36	88.97	0.00	40	0	43	0.00	0.00	65.22	7.45	0.00	0.00	2000
232	10.91	2085	2145	0.00	196	0	0	0	nan	0.00	0.03	3.49	87.56	89.09	0.00	41	0	43	0.00	0.00	68.20	7.82	0.00	0.00	2000
229	11.42	2011	2097	0.00	195	0	0	0	nan	0.00	0.00	3.07	85.51	88.58	0.00	41	0	43	0.00	0.00	63.12	7.27	0.00	0.00	2000
228	11.12	2093	2054	0.00	194	0	0	0	nan	0.00	0.02	3.22	83.65	88.88	0.00	41	0	42	0.00	0.00	64.20	7.55	0.00	0.00	2000
228	10.94	2050	2134	0.00	195	0	0	0	nan	0.00	0.00	3.90	86.59	89.06	0.00	40	0	43	0.00	0.00	68.24	7.81	0.00	0.00	2000
229	11.35	2020	2097	0.00	194	0	0	0	nan	0.00	0.04	4.15	84.40	88.65	0.00	40	0	42	0.00	0.00	65.20	7.57	0.00	0.00	2000
228	11.13	2071	2078	0.00	195	0	0	0	nan	0.00	0.00	3.55	84.43	88.87	0.00	41	0	43	0.00	0.00	62.19	7.13	0.00	0.00	2000
233	10.78	2124	2135	0.00	195	0	0	0	nan	0.00	0.00	4.74	86.03	89.22	0.00	41	0	42	0.00	0.00	68.63	7.71	0.00	0.00	2000
228	11.60	1984	2082	0.00	196	0	0	0	nan	0.00	0.00	4.30	83.42	88.40	0.00	41	0	43	0.00	0.00	62.14	7.10	0.00	0.00	2000
231	10.88	2103	2119	0.00	194	0	0	0	nan	0.00	0.03	4.17	85.69	89.12	0.00	40	0	43	0.00	0.00	68.06	7.80	0.00	0.00	2000
232	11.42	2039	2096	0.93	197	0	0	6	71.52	0.00	0.00	4.36	84.23	88.58	0.00	41	0	42	0.00	0.00	62.29	7.34	0.00	0.00	2000
223	11.55	2057	1973	0.53	194	0	0	0	nan	0.00	0.03	3.29	79.76	88.45	0.00	40	0	43	0.00	0.00	62.34	7.29	0.00	0.00	2000
234	10.87	2021	2234	0.00	212	0	0	0	nan	0.00	0.02	3.43	91.42	89.13	0.00	40	0	43	0.00	0.00	70.50	7.96	0.00	0.00	2000
228	11.43	2017	2080	0.00	195	0	0	0	nan	0.00	0.04	3.89	83.90	88.57	0.00	41	0	43	0.00	0.00	61.80	7.28	0.00	0.00	2000
228	11.32	2020	2091	0.00	195	0	0	0	nan	0.00	0.00	3.09	85.32	88.68	0.00	40	0	43	0.00	0.00	65.27	7.40	0.00	0.00	2000
230	11.08	2058	2118	0.00	194	0	0	0	nan	0.01	0.00	3.62	86.16	88.92	0.00	40	0	43	0.00	0.00	64.62	7.41	0.00	0.00	2000
227	10.93	2094	2081	0.00	195	0	0	0	nan	0.00	0.00	3.30	85.00	89.07	0.00	41	0	42	0.00	0.00	64.98	7.65	0.00	0.00	2000
231	10.98	2095	2110	0.00	196	0	0	0	nan	0.00	0.01	4.18	85.25	89.02	0.00	40	0	42	0.00	0.00	64.93	7.50	0.00	0.00	2000
230	10.85	2077	2141	0.00	203	0	0	0	nan	0.00	0.00	3.03	87.83	89.15	0.00	40	0	43	0.00	0.00	65.94	7.91	0.00	0.00	2000
230	11.08	2074	2100	0.00	194	0	0	0	nan	0.00	0.02	3.62	85.32	88.92	0.00	40	0	43	0.00	0.00	65.54	7.65	0.00	0.00	2000
228	10.85	2105	2100	0.00	196	0	0	0	nan	0.00	0.00	3.35	85.80	89.15	0.00	40	0	43	0.00	0.00	65.89	7.58	0.00	0.00	2000
224	11.43	2090	1974	0.00	196	0	0	0	nan	0.00	0.00	3.32	80.01	88.57	0.00	40	0	42	0.00	0.00	58.89	6.98	0.00	0.00	2000
234	10.33	2124	2240	0.00	196	0	0	0	nan	0.00	0.00	4.08	91.66	89.67	0.00	40	0	43	0.00	0.00	69.45	8.01	0.00	0.00	2000
226	11.36	2054	2038	0.00	194	0	0	0	nan	0.00	0.00	2.61	83.45	88.64	0.00	40	0	42	0.00	0.00	63.69	7.38	0.00	0.00	2000
228	11.27	2014	2112	0.00	196	0	0	0	nan	0.00	0.00	3.23	86.11	88.73	0.00	40	0	43	0.00	0.00	64.75	7.40	0.00	0.00	2000
224	11.48	2045	2002	0.00	195	0	0	0	nan	0.00	0.00	3.71	80.75	88.52	0.00	40	0	43	0.00	0.00	60.31	6.81	0.00	0.00	2000
232	11.08	1974	2227	0.00	210	0	0	0	nan	0.00	0.00	2.93	91.52	88.92	0.00	41	0	43	0.00	0.00	70.46	8.16	0.00	0.00	2000
231	11.44	2009	2108	0.92	195	0	0	6	61.43	0.00	0.03	3.67	85.30	88.56	0.00	40	0	43	0.00	0.00	65.31	7.59	0.00	0.00	2000
227	11.37	1999	2101	0.55	194	0	0	0	nan	0.00	0.00	3.48	85.37	88.63	0.00	41	0	42	0.00	0.00	64.51	7.51	0.00	0.00	2000
229	11.41	2027	2079	0.00	195	0	0	0	nan	0.00	0.04	3.54	84.18	88.59	0.00	40	0	42	0.00	0.00	64.80	7.47	0.00	0.00	2000
229	11.03	2063	2116	0.00	195	0	0	0	nan	0.00	0.00	3.36	86.29	88.97	0.00	40	0	42	0.00	0.00	64.99	7.59	0.00	0.00	2000
229	11.24	2045	2093	0.00	195	0	0	0	nan	0.00	0.03	4.01	84.59	88.76	0.00	41	0	43	0.00	0.00	64.98	7.50	0.00	0.00	2000
230	10.93	2113	2088	0.00	195	0	0	0	nan	0.00	0.00	4.08	84.55	89.07	0.00	41	0	43	0.00	0.00	65.43	7.32	0.00	0.00	2000
229	11.20	2015	2129	0.00	195	0	0	0	nan	0.01	0.00	4.02	86.05	88.80	0.00	41	0	43	0.00	0.00	65.07	7.41	0.00	0.00	2000
228	11.22	2062	2066	0.00	194	0	0	0	nan	0.00	0.00	3.86	83.57	88.78	0.00	40	0	43	0.00	0.00	64.77	7.46	0.00	0.00	2000
229	11.01	2060	2119	0.00	194	0	0	0	nan	0.00	0.03	3.39	86.54	88.99	0.00	40	0	43	0.00	0.00	65.02	7.56	0.00	0.00	2000
227	11.08	2065	2080	0.00	195	0	0	0	nan	0.00	0.00	3.45	84.78	88.92	0.00	41	0	43	0.00	0.00	64.64	7.48	0.00	0.00	2000
232	11.19	2027	2144	0.00	195	0	0	0	nan	0.00	0.02	4.30	86.41	88.81	0.00	40	0	42	0.00	0.00	65.23	7.44	0.00	0.00	2000
226	11.37	2041	2048	0.00	194	0	0	0	nan	0.00	0.00	3.63	82.87	88.63	0.00	41	0	42	0.00	0.00	64.97	7.42	0.00	0.00	2000
244	12.37	2084	1986	0.00	194	0	0	0	nan	0.00	0.00	3.53	79.47	87.63	0.00	40	0	42	0.00	0.00	59.53	6.75	0.00	0.00	2000
232	10.88	2020	2222	0.00	213	0	0	0	nan	0.00	0.02	4.31	90.08	89.12	0.00	41	0	43	0.00	0.00	70.85	8.10	0.00	0.00	2000
231	10.96	2078	2126	0.00	196	0	0	0	nan	0.00	0.00	4.06	86.12	89.04	0.00	41	0	42	0.00	0.00	64.67	7.32	0.00	0.00	2000
231	11.00	2114	2083	0.00	195	0	0	0	nan	0.00	0.00	3.87	84.50	89.00	0.00	40	0	42	0.00	0.00	65.00	7.50	0.00	0.00	2000
230	11.11	2046	2124	0.00	195	0	0	0	nan	0.00	0.00	3.68	86.30	88.89	0.00	40	0	43	0.00	0.00	65.29	7.65	0.00	0.00	2000
226	11.21	2043	2075	0.76	194	0	0	6	69.42	0.00	0.00	3.33	84.47	88.79	0.00	41	0	42	0.00	0.00	64.67	7.68	0.00	0.00	2000
239	12.00	2085	2006	0.66	195	0	0	0	91.13	0.00	0.00	3.87	80.23	88.00	0.00	41	0	42	0.00	0.00	60.10	6.84	0.00	0.00	2000
235	11.06	2014	2211	0.00	213	0	0	0	nan	0.00	0.00	4.00	89.66	88.94	0.00	40	0	42	0.00	0.00	70.38	8.00	0.00	0.00	2000
230	10.87	2096	2122	0.00	196	0	0	0	nan	0.00	0.00	3.79	86.27	89.13	0.00	40	0	43	0.00	0.00	65.09	7.54	0.00	0.00	2000
228	11.10	2065	2091	0.00	195	0	0	0	nan	0.00	0.00	3.52	84.96	88.90	0.00	40	0	43	0.00	0.00	65.59	7.58	0.00	0.00	2000
228	11.31	2034	2084	0.00	194	0	0	0	nan	0.00	0.04	4.78	83.28	88.69	0.00	41	0	43	0.00	0.00	64.99	7.39	0.00	0.00	2000
227	11.06	2062	2093	0.00	194	0	0	0	nan	0.00	0.00	2.97	85.78	88.94	0.00	41	0	43	0.00	0.00	64.84	7.29	0.00	0.00	2000
225	11.15	2116	2001	0.00	195	0	0	0	nan	0.00	0.00	3.52	81.10	88.85	0.00	41	0	43	0.00	0.00	60.38	7.00	0.00	0.00	2000
233	10.88	2018	2226	0.00	211	0	0	0	nan	0.00	0.00	3.67	90.79	89.12	0.00	41	0	43	0.00	0.00	70.32	8.01	0.00	0.00	2000
229	10.91	2109	2089	0.00	195	0	0	0	nan	0.00	0.04	4.57	83.98	89.09	0.00	41	0	43	0.00	0.00	65.03	7.47	0.00	0.00	2000
228	10.78	2122	2091	0.00	194	0	0	0	nan	0.00	0.00	3.47	85.41	89.22	0.00	40	0	43	0.00	0.00	64.99	7.61	0.00	0.00	2000
225	11.03	2139	2003	0.00	194	0	0	0	nan	0.00	0.00	3.59	81.18	88.97	0.00	41	0	43	0.00	0.00	60.44	6.97	0.00	0.00	2000
233	10.68	2066	2215	0.00	211	0	0	0	nan	0.00	0.00	3.96	90.31	89.32	0.00	41	0	42	0.00	0.00	70.56	7.77	0.00	0.00	2000
224	11.27	2095	1993	0.00	195	0	0	0	nan	0.00	0.00	4.29	79.97	88.73	0.00	41	0	43	0.00	0.00	57.48	6.70	0.00	0.00	2000
231	10.72	2039	2222	0.00	210	0	0	0	nan	0.00	0.00	2.99	91.37	89.28	0.00	41	0	43	0.00	0.00	71.28	8.24	0.00	0.00	2000
224	11.47	2068	1987	0.00	194	0	0	0	nan	0.00	0.00	3.27	80.59	88.53	0.00	41	0	42	0.00	0.00	62.44	6.98	0.00	0.00	2000
233	11.04	2013	2199	0.00	212	0	0	0	nan	0.00	0.00	3.61	89.53	88.96	0.00	41	0	43	0.00	0.00	67.71	8.52	0.00	0.00	2000
231	10.96	2052	2154	1.25	196	0	0	6	70.64	0.00	0.00	3.35	88.02	89.04	0.00	41	0	43	0.00	0.00	68.07	7.88	0.00	0.00	2000
226	11.29	2058	2046	0.22	194	0	0	0	nan	0.00	0.00	3.65	82.82	88.71	0.00	40	0	43	0.00	0.00	62.00	7.34	0.00	0.00	2000
230	11.05	2058	2119	0.00	194	0	0	0	nan	0.00	0.02	3.59	86.20	88.95	0.00	41	0	43	0.00	0.00	65.50	7.64	0.00	0.00	2000
227	11.01	2057	2109	0.00	194	0	0	0	nan	0.00	0.02	3.39	85.96	88.99	0.00	41	0	43	0.00	0.00	64.56	7.56	0.00	0.00	2000
230	11.20	2060	2098	0.00	195	0	0	0	nan	0.00	0.03	4.33	84.38	88.80	0.00	41	0	43	0.00	0.00	65.87	7.59	0.00	0.00	2000
228	11.17	2065	2072	0.00	195	0	0	0	nan	0.00	0.02	3.44	84.37	88.83	0.00	41	0	43	0.00	0.00	64.90	7.46	0.00	0.00	2000
230	10.81	2077	2154	0.00	194	0	0	0	nan	0.00	0.00	3.39	88.15	89.19	0.00	41	0	43	0.00	0.00	67.64	7.93	0.00	0.00	2000
227	11.29	2055	2053	0.00	194	0	0	0	nan	0.00	0.00	3.35	83.47	88.71	0.00	41	0	43	0.00	0.00	62.15	7.19	0.00	0.00	2000
225	10.93	2154	2004	0.00	194	0	0	0	nan	0.00	0.00	3.38	81.58	89.07	0.00	40	0	43	0.00	0.00	60.41	7.13	0.00	0.00	2000
233	10.42	2100	2236	0.00	212	0	0	0	nan	0.00	0.00	3.33	92.09	89.58	0.00	40	0	43	0.00	0.00	70.41	8.18	0.00	0.00	2000
229	11.35	2001	2115	0.00	194	0	0	0	nan	0.00	0.04	4.04	85.28	88.65	0.00	41	0	43	0.00	0.00	65.15	7.50	0.00	0.00	2000
227	11.55	2000	2066	0.00	193	0	0	0	nan	0.01	0.00	3.84	83.31	88.45	0.00	41	0	43	0.00	0.00	64.87	7.59	0.00	0.00	2000
229	11.38	2011	2098	0.00	194	0	0	0	nan	0.00	0.00	3.67	85.04	88.62	0.00	40	0	43	0.00	0.00	65.05	7.45	0.00	0.00	2000
229	11.10	2055	2106	0.00	194	0	0	0	nan	0.00	0.00	3.47	85.79	88.90	0.00	40	0	42	0.00	0.00	64.91	7.36	0.00	0.00	2000
231	11.48	2023	2092	0.00	195	0	0	0	nan	0.00	0.00	3.73	84.56	88.52	0.00	41	0	43	0.00	0.00	65.13	7.44	0.00	0.00	2000
231	11.40	2036	2090	0.00	197	0	0	0	nan	0.00	0.01	4.32	83.98	88.60	0.00	41	0	42	0.00	0.00	65.16	7.62	0.00	0.00	2000
230	11.01	2069	2123	0.00	195	0	0	0	nan	0.00	0.02	3.44	86.65	88.99	0.00	40	0	42	0.00	0.00	65.11	7.42	0.00	0.00	2000
227	11.04	2080	2079	1.11	195	0	0	6	71.87	0.00	0.00	3.59	84.60	88.96	0.00	40	0	43	0.00	0.00	65.26	7.46	0.00	0.00	2000
224	11.31	2074	2002	0.36	194	0	0	0	nan	0.00	0.00	3.12	81.53	88.69	0.00	40	0	43	0.00	0.00	60.17	6.90	0.00	0.00	2000
232	10.97	2009	2213	0.00	211	0	0	0	nan	0.00	0.00	3.16	90.76	89.03	0.00	41	0	43	0.00	0.00	70.65	8.00	0.00	0.00	2000
226	11.42	2033	2048	0.00	197	0	0	0	nan	0.00	0.01	4.17	82.27	88.58	0.00	41	0	42	0.00	0.00	62.40	7.41	0.00	0.00	2000
229	11.04	2036	2136	0.00	212	0	0	0	nan	0.00	0.02	3.15	87.33	88.96	0.00	40	0	43	0.00	0.00	66.99	7.75	0.00	0.00	2000
231	11.00	2047	2159	0.00	194	0	0	0	nan	0.00	0.00	2.92	88.68	89.00	0.00	40	0	43	0.00	0.00	65.75	7.78	0.00	0.00	2000
223	11.59	2024	2001	0.00	193	0	0	0	nan	0.00	0.01	3.43	80.95	88.41	0.00	40	0	43	0.00	0.00	62.97	7.17	0.00	0.00	2000
233	10.82	2094	2163	0.00	195	0	0	0	nan	0.00	0.01	4.48	87.28	89.18	0.00	40	0	43	0.00	0.00	65.48	7.34	0.00	0.00	2000
229	10.91	2087	2111	0.00	195	0	0	0	nan	0.00	0.00	3.58	85.93	89.09	0.00	40	0	43	0.00	0.00	67.74	7.84	0.00	0.00	2000
230	11.22	2036	2115	0.00	195	0	0	0	nan	0.00	0.00	3.83	85.57	88.78	0.00	40	0	43	0.00	0.00	64.75	7.47	0.00	0.00	2000
228	11.01	2082	2088	0.00	194	0	0	0	nan	0.00	0.00	3.61	84.84	88.99	0.00	41	0	43	0.00	0.00	64.84	7.67	0.00	0.00	2000
229	11.34	2019	2098	0.00	194	0	0	0	nan	0.00	0.04	3.62	85.08	88.66	0.00	41	0	43	0.00	0.00	64.31	7.56	0.00	0.00	2000
230	11.19	2054	2103	0.00	196	0	0	0	nan	0.00	0.02	4.29	84.79	88.81	0.00	41	0	43	0.00	0.00	64.94	7.44	0.00	0.00	2000
229	11.22	2033	2111	0.00	195	0	0	0	nan	0.00	0.04	3.64	85.61	88.78	0.00	41	0	43	0.00	0.00	64.99	7.43	0.00	0.00	2000
229	11.26	2037	2095	0.00	194	0	0	0	nan	0.00	0.00	3.82	84.81	88.74	0.00	41	0	43	0.00	0.00	64.83	7.32	0.00	0.00	2000
235	11.77	1997	2096	0.00	196	0	0	0	nan	0.00	0.03	4.42	83.75	88.23	0.00	41	0	43	0.00	0.00	64.64	7.40	0.00	0.00	2000
227	11.32	2001	2107	0.00	194	0	0	0	nan	0.00	0.00	4.12	84.97	88.68	0.00	40	0	42	0.00	0.00	61.51	7.40	0.00	0.00	2000
230	11.61	1974	2104	1.09	195	0	0	5	71.18	0.00	0.04	3.98	84.65	88.39	0.00	40	0	42	0.00	0.00	67.37	7.39	0.00	0.00	2000
227	11.17	2038	2099	0.38	195	0	0	0	nan	0.00	0.00	3.67	85.10	88.83	0.00	41	0	43	0.00	0.00	64.53	7.61	0.00	0.00	2000
223	11.82	2012	1971	0.00	194	0	0	0	nan	0.00	0.04	3.44	79.42	88.18	0.00	41	0	43	0.00	0.00	60.30	6.79	0.00	0.00	2000
232	10.63	2044	2237	0.00	210	0	0	0	nan	0.00	0.00	3.49	91.66	89.37	0.00	40	0	42	0.00	0.00	69.80	8.31	0.00	0.00	2000
229	11.41	2027	2076	0.00	195	0	0	0	nan	0.00	0.00	4.41	83.29	88.59	0.00	40	0	43	0.00	0.00	61.81	7.20	0.00	0.00	2000
230	10.61	2178	2091	0.00	195	0	0	0	nan	0.00	0.00	4.03	84.84	89.39	0.00	40	0	43	0.00	0.00	65.50	7.70	0.00	0.00	2000
225	11.16	2109	2004	0.00	197	0	0	0	nan	0.00	0.01	3.90	80.90	88.84	0.00	41	0	43	0.00	0.00	62.85	7.20	0.00	0.00	2000
231	10.66	2060	2211	0.00	212	0	0	0	nan	0.00	0.02	4.02	90.03	89.34	0.00	41	0	43	0.00	0.00	66.89	7.96	0.00	0.00	2000
231	11.15	2034	2137	0.00	195	0	0	0	nan	0.00	0.02	4.19	86.30	88.85	0.00	41	0	43	0.00	0.00	65.79	7.49	0.00	0.00	2000
231	11.36	2035	2100	0.00	195	0	0	0	nan	0.00	0.02	4.58	84.12	88.64	0.00	40	0	43	0.00	0.00	65.75	7.82	0.00	0.00	2000
228	11.31	2063	2048	0.00	195	0	0	0	nan	0.00	0.00	3.18	83.38	88.69	0.00	41	0	43	0.00	0.00	64.24	7.51	0.00	0.00	2000
229	11.01	2039	2145	0.00	194	0	0	0	nan	0.00	0.00	2.46	88.55	88.99	0.00	41	0	43	0.00	0.00	66.33	7.51	0.00	0.00	2000
228	11.20	2067	2064	0.00	194	0	0	0	nan	0.00	0.00	3.41	83.96	88.80	0.00	40	0	42	0.00	0.00	64.07	7.27	0.00	0.00	2000
230	11.15	2012	2153	0.00	195	0	0	0	nan	0.00	0.00	3.47	87.76	88.85	0.00	40	0	43	0.00	0.00	66.85	7.54	0.00	0.00	2000
228	11.71	2015	2029	0.00	194	0	0	0	nan	0.00	0.01	3.04	82.31	88.29	0.00	41	0	43	0.00	0.00	63.67	7.15	0.00	0.00	2000
232	10.96	2090	2124	0.00	195	0	0	0	nan	0.00	0.00	3.62	86.48	89.04	0.00	41	0	43	0.00	0.00	65.78	7.46	0.00	0.00	2000
224	11.42	2058	2001	0.00	195	0	0	0	nan	0.00	0.00	3.51	80.96	88.58	0.00	41	0	43	0.00	0.00	59.98	7.06	0.00	0.00	2000
231	10.91	1991	2236	1.25	210	0	0	6	65.99	0.00	0.00	3.31	91.71	89.09	0.00	41	0	43	0.00	0.00	71.05	8.25	0.00	0.00	2000
228	11.32	2046	2071	0.24	194	0	0	0	nan	0.00	0.01	3.38	84.24	88.68	0.00	40	0	43	0.00	0.00	63.94	7.55	0.00	0.00	2000
230	11.16	2018	2147	0.00	195	0	0	0	nan	0.00	0.00	3.71	87.26	88.84	0.00	41	0	43	0.00	0.00	64.98	7.54	0.00	0.00	2000
228	11.25	2068	2060	0.00	195	0	0	0	nan	0.00	0.02	3.92	83.23	88.75	0.00	41	0	43	0.00	0.00	64.31	7.44	0.00	0.00	2000
227	11.26	2005	2110	0.00	194	0	0	0	nan	0.00	0.00	3.30	85.97	88.74	0.00	41	0	42	0.00	0.00	64.13	7.57	0.00	0.00	2000
229	11.31	2033	2090	0.00	194	0	0	0	nan	0.00	0.00	3.85	84.52	88.69	0.00	40	0	43	0.00	0.00	64.90	7.41	0.00	0.00	2000
228	11.13	2023	2126	0.00	194	0	0	0	nan	0.00	0.00	3.76	86.31	88.87	0.00	40	0	43	0.00	0.00	64.86	7.29	0.00	0.00	2000
228	11.50	1974	2109	0.00	194	0	0	0	nan	0.00	0.04	3.93	85.02	88.50	0.00	41	0	43	0.00	0.00	64.79	7.43	0.00	0.00	2000
229	11.38	2053	2055	0.00	195	0	0	0	nan	0.00	0.02	3.88	82.86	88.62	0.00	41	0	43	0.00	0.00	64.87	7.46	0.00	0.00	2000
231	10.96	2083	2125	0.00	196	0	0	0	nan	0.00	0.02	4.33	85.72	89.04	0.00	41	0	43	0.00	0.00	64.66	7.40	0.00	0.00	2000
228	11.19	2055	2077	0.00	195	0	0	0	nan	0.00	0.00	3.73	84.16	88.81	0.00	41	0	43	0.00	0.00	64.64	7.43	0.00	0.00	2000
229	10.94	2090	2108	0.00	194	0	0	0	nan	0.00	0.02	3.22	86.17	89.06	0.00	41	0	43	0.00	0.00	64.57	7.32	0.00	0.00	2000
275	12.93	2108	2121	0.00	196	0	0	0	nan	0.00	0.01	3.98	84.03	87.07	0.00	41	0	43	0.00	0.00	65.85	7.48	0.00	0.00	2000
227	11.66	2068	1976	0.00	195	0	0	0	nan	0.03	0.00	4.05	79.11	88.34	0.00	40	0	43	0.00	0.00	59.70	6.96	0.00	0.00	2000
231	10.92	2015	2204	0.00	210	0	0	0	nan	0.00	0.00	3.57	89.95	89.08	0.00	40	0	43	0.00	0.00	69.82	8.17	0.00	0.00	2000
230	10.68	2128	2125	0.00	196	0	0	0	nan	0.00	0.02	3.31	86.98	89.32	0.00	40	0	42	0.00	0.00	64.93	7.41	0.00	0.00	2000
227	11.15	2054	2085	0.00	194	0	0	0	nan	0.00	0.03	2.90	85.44	88.85	0.00	41	0	43	0.00	0.00	64.75	7.30	0.00	0.00	2000
233	11.19	2055	2124	1.08	197	0	0	6	69.48	0.00	0.00	5.10	84.77	88.81	0.00	40	0	43	0.00	0.00	65.16	7.44	0.00	0.00	2000
229	11.18	2050	2095	0.38	195	0	0	0	nan	0.00	0.00	3.45	85.21	88.82	0.00	40	0	43	0.00	0.00	65.36	7.28	0.00	0.00	2000
229	11.07	2086	2080	0.00	194	0	0	0	nan	0.00	0.04	3.64	84.43	88.93	0.00	41	0	43	0.00	0.00	64.90	7.42	0.00	0.00	2000
228	10.95	2063	2117	0.00	195	0	0	0	nan	0.00	0.00	3.24	86.56	89.05	0.00	41	0	42	0.00	0.00	65.30	7.54	0.00	0.00	2000
229	11.22	2037	2107	0.00	194	0	0	0	nan	0.00	0.00	4.28	84.86	88.78	0.00	40	0	43	0.00	0.00	64.67	7.49	0.00	0.00	2000
227	10.77	2144	2067	0.00	194	0	0	0	nan	0.00	0.00	3.57	84.16	89.23	0.00	41	0	43	0.00	0.00	65.27	7.25	0.00	0.00	2000
231	11.14	2060	2112	0.00	195	0	0	0	nan	0.00	0.01	4.02	85.40	88.86	0.00	40	0	42	0.00	0.00	62.29	7.45	0.00	0.00	2000
228	10.96	2053	2125	0.00	195	0	0	0	nan	0.00	0.02	3.54	86.58	89.04	0.00	41	0	43	0.00	0.00	64.84	7.46	0.00	0.00	2000
229	11.08	2064	2106	0.00	194	0	0	0	nan	0.00	0.03	3.90	85.34	88.92	0.00	40	0	43	0.00	0.00	67.32	7.81	0.00	0.00	2000
227	11.36	2011	2090	0.00	195	0	0	0	nan	0.00	0.02	3.34	84.91	88.64	0.00	41	0	43	0.00	0.00	62.83	7.19	0.00	0.00	2000
229	11.23	2029	2108	0.00	194	0	0	0	nan	0.00	0.04	4.08	85.12	88.77	0.00	41	0	43	0.00	0.00	67.10	7.62	0.00	0.00	2000
233	11.08	2136	2070	0.00	212	0	0	0	nan	0.00	0.00	7.53	80.09	88.92	0.00	41	0	43	0.00	0.00	62.37	7.07	0.00	0.00	2000
224	11.57	2043	1993	0.00	194	0	0	0	nan	0.00	0.00	3.60	80.44	88.43	0.00	41	0	43	0.00	0.00	62.53	7.15	0.00	0.00	2000
234	10.86	2031	2229	0.00	214	0	0	0	nan	0.00	0.00	4.12	90.57	89.14	0.00	41	0	42	0.00	0.00	67.43	7.82	0.00	0.00	2000
224	11.59	2043	1984	0.00	193	0	0	0	nan	0.00	0.00	3.66	79.97	88.41	0.00	41	0	43	0.00	0.00	59.34	6.92	0.00	0.00	2000
233	10.89	2022	2223	0.00	212	0	0	0	nan	0.00	0.02	3.47	90.85	89.11	0.00	40	0	43	0.00	0.00	70.13	8.11	0.00	0.00	2000
229	11.03	2085	2089	0.00	194	0	0	0	nan	0.00	0.04	4.19	84.30	88.97	0.00	41	0	43	0.00	0.00	64.72	7.41	0.00	0.00	2000
227	11.05	2035	2126	1.10	194	0	0	6	70.23	0.00	0.00	3.41	86.79	88.95	0.00	41	0	42	0.00	0.00	64.28	7.42	0.00	0.00	2000
223	11.74	2024	1974	0.37	194	0	0	0	nan	0.00	0.04	3.12	79.89	88.26	0.00	41	0	43	0.00	0.00	59.42	6.90	0.00	0.00	2000
231	10.88	2027	2199	0.00	211	0	0	0	nan	0.00	0.01	3.22	90.16	89.12	0.00	41	0	43	0.00	0.00	69.83	8.12	0.00	0.00	2000
232	11.19	2030	2140	0.00	195	0	0	0	nan	0.00	0.02	3.65	87.00	88.81	0.00	41	0	43	0.00	0.00	64.51	7.60	0.00	0.00	2000
227	11.35	2010	2089	0.00	194	0	0	0	nan	0.00	0.00	3.60	84.64	88.65	0.00	41	0	43	0.00	0.00	64.91	7.56	0.00	0.00	2000
227	11.50	1980	2091	0.00	195	0	0	0	nan	0.00	0.04	4.24	84.03	88.50	0.00	41	0	42	0.00	0.00	63.32	7.21	0.00	0.00	2000
229	11.00	2072	2108	0.00	195	0	0	0	nan	0.00	0.02	4.12	85.25	89.00	0.00	41	0	43	0.00	0.00	65.78	7.50	0.00	0.00	2000
229	11.39	1993	2117	0.00	194	0	0	0	nan	0.00	0.00	4.21	85.28	88.61	0.00	41	0	43	0.00	0.00	64.68	7.46	0.00	0.00	2000
229	11.86	1977	2050	0.00	195	0	0	0	nan	0.00	0.00	3.71	82.47	88.14	0.00	41	0	42	0.00	0.00	64.09	7.58	0.00	0.00	2000
224	11.35	2060	2009	0.00	193	0	0	0	nan	0.00	0.00	3.42	81.45	88.65	0.00	41	0	43	0.00	0.00	59.85	6.90	0.00	0.00	2000
232	11.05	1981	2222	0.00	211	0	0	0	nan	0.00	0.00	3.74	90.43	88.95	0.00	41	0	43	0.00	0.00	69.58	8.17	0.00	0.00	2000
229	11.37	2005	2109	0.00	194	0	0	0	nan	0.00	0.00	4.32	84.84	88.63	0.00	41	0	42	0.00	0.00	64.67	7.53	0.00	0.00	2000
227	11.26	2022	2094	0.00	195	0	0	0	nan	0.00	0.00	4.18	84.38	88.74	0.00	41	0	43	0.00	0.00	64.39	7.55	0.00	0.00	2000
237	11.48	2070	2097	0.00	213	0	0	0	nan	0.00	0.00	7.11	81.28	88.52	0.00	41	0	43	0.00	0.00	65.00	7.54	0.00	0.00	2000
228	10.80	2113	2103	0.00	194	0	0	0	nan	0.00	0.02	3.55	85.72	89.20	0.00	41	0	42	0.00	0.00	64.68	7.51	0.00	0.00	2000
229	11.16	2040	2111	0.00	195	0	0	0	nan	0.00	0.03	4.77	84.64	88.84	0.00	41	0	43	0.00	0.00	64.45	7.40	0.00	0.00	2000
228	11.08	2090	2070	0.00	197	0	0	0	nan	0.00	0.02	3.99	83.72	88.92	0.00	41	0	43	0.00	0.00	65.16	7.43	0.00	0.00	2000
231	10.83	2089	2139	1.08	195	0	0	6	70.87	0.00	0.02	3.42	87.43	89.17	0.00	41	0	43	0.00	0.00	64.80	7.66	0.00	0.00	2000
230	11.00	2104	2085	0.39	195	0	0	0	nan	0.00	0.00	3.50	84.91	89.00	0.00	41	0	43	0.00	0.00	64.78	7.38	0.00	0.00	2000
229	11.31	2012	2113	0.00	195	0	0	0	nan	0.00	0.04	3.83	85.48	88.69	0.00	40	0	42	0.00	0.00	64.39	7.49	0.00	0.00	2000
229	11.40	1996	2108	0.00	194	0	0	0	nan	0.00	0.00	3.70	85.35	88.60	0.00	41	0	43	0.00	0.00	66.03	7.66	0.00	0.00	2000
226	11.35	2046	2048	0.00	193	0	0	0	nan	0.00	0.00	2.90	83.60	88.65	0.00	40	0	43	0.00	0.00	59.84	7.01	0.00	0.00	2000
228	10.90	2063	2132	0.00	194	0	0	0	nan	0.00	0.00	3.27	87.18	89.10	0.00	41	0	43	0.00	0.00	67.60	7.57	0.00	0.00	2000
231	11.32	2052	2084	0.00	196	0	0	0	nan	0.00	0.04	4.14	83.88	88.68	0.00	41	0	43	0.00	0.00	64.33	7.36	0.00	0.00	2000
228	11.18	2025	2118	0.00	194	0	0	0	nan	0.00	0.02	3.45	86.25	88.82	0.00	41	0	43	0.00	0.00	64.44	7.54	0.00	0.00	2000
229	11.42	1989	2117	0.00	194	0	0	0	nan	0.00	0.00	4.12	85.29	88.58	0.00	41	0	43	0.00	0.00	64.50	7.59	0.00	0.00	2000
227	11.42	2007	2084	0.00	194	0	0	0	nan	0.00	0.00	3.41	84.52	88.58	0.00	40	0	42	0.00	0.00	64.44	7.46	0.00	0.00	2000
225	11.55	2069	1979	0.00	195	0	0	0	nan	0.00	0.00	3.57	79.93	88.45	0.00	41	0	43	0.00	0.00	59.80	7.16	0.00	0.00	2000
233	10.64	2078	2212	0.00	211	0	0	0	nan	0.00	0.02	3.24	90.90	89.36	0.00	41	0	42	0.00	0.00	67.14	7.67	0.00	0.00	2000
235	11.51	2041	2104	0.00	197	0	0	0	nan	0.00	0.06	3.54	85.20	88.49	0.00	41	0	42	0.00	0.00	67.59	7.69	0.00	0.00	2000
229	11.06	2062	2104	0.00	194	0	0	0	nan	0.00	0.02	2.95	86.21	88.94	0.00	41	0	43	0.00	0.00	64.21	7.52	0.00	0.00	2000
230	11.35	2008	2121	0.00	195	0	0	0	nan	0.00	0.03	3.66	86.00	88.65	0.00	41	0	43	0.00	0.00	64.34	7.32	0.00	0.00	2000
227	11.43	1994	2094	0.00	194	0	0	0	nan	0.00	0.00	3.49	84.94	88.57	0.00	40	0	42	0.00	0.00	64.24	7.47	0.00	0.00	2000
231	11.29	2032	2112	0.00	194	0	0	0	nan	0.00	0.04	3.77	85.41	88.71	0.00	41	0	42	0.00	0.00	65.16	7.25	0.00	0.00	2000
228	11.30	2042	2071	0.93	194	0	0	6	68.63	0.00	0.02	3.34	84.21	88.70	0.00	41	0	42	0.00	0.00	61.90	7.08	0.00	0.00	2000
224	11.49	2058	1990	0.52	195	0	0	0	nan	0.00	0.02	3.58	80.31	88.51	0.00	41	0	43	0.00	0.00	62.47	7.07	0.00	0.00	2000
232	10.96	1999	2227	0.00	213	0	0	0	nan	0.00	0.00	4.22	90.22	89.04	0.00	41	0	43	0.00	0.00	70.50	8.13	0.00	0.00	2000
229	11.56	1991	2088	0.00	195	0	0	0	nan	0.00	0.00	3.98	84.05	88.44	0.00	41	0	42	0.00	0.00	62.18	7.12	0.00	0.00	2000
229	10.99	2093	2091	0.00	195	0	0	0	nan	0.00	0.00	4.04	84.70	89.01	0.00	41	0	42	0.00	0.00	65.30	7.43	0.00	0.00	2000
229	10.98	2065	2124	0.00	194	0	0	0	nan	0.00	0.00	3.74	86.36	89.02	0.00	41	0	43	0.00	0.00	64.67	7.37	0.00	0.00	2000
228	11.53	1999	2075	0.00	195	0	0	0	nan	0.00	0.00	3.41	84.17	88.47	0.00	41	0	43	0.00	0.00	65.38	7.28	0.00	0.00	2000
230	11.36	2017	2108	0.00	195	0	0	0	nan	0.00	0.00	4.36	84.80	88.64	0.00	41	0	43	0.00	0.00	64.77	7.53	0.00	0.00	2000
228	11.04	2070	2093	0.00	196	0	0	0	nan	0.00	0.00	2.95	85.74	88.96	0.00	41	0	43	0.00	0.00	64.30	7.41	0.00	0.00	2000
233	11.04	2065	2145	0.00	195	0	0	0	nan	0.00	0.00	3.86	87.11	88.96	0.00	41	0	43	0.00	0.00	65.45	7.47	0.00	0.00	2000
226	11.50	2025	2039	0.00	195	0	0	0	nan	0.00	0.00	3.93	82.16	88.50	0.00	41	0	42	0.00	0.00	64.14	7.25	0.00	0.00	2000
229	10.88	2064	2143	0.00	194	0	0	0	nan	0.00	0.00	3.28	87.74	89.12	0.00	40	0	42	0.00	0.00	64.76	7.27	0.00	0.00	2000
228	11.31	2041	2073	0.00	195	0	0	0	nan	0.00	0.00	3.78	83.92	88.69	0.00	41	0	43	0.00	0.00	64.58	7.27	0.00	0.00	2000
231	11.11	2047	2133	0.00	194	0	0	0	nan	0.00	0.00	4.32	86.04	88.89	0.00	40	0	43	0.00	0.00	64.86	7.49	0.00	0.00	2000
229	11.66	2000	2059	0.00	196	0	0	0	nan	0.00	0.00	4.69	82.01	88.34	0.00	40	0	43	0.00	0.00	64.91	7.37	0.00	0.00	2000
230	11.26	2006	2137	0.00	194	0	0	0	nan	0.00	0.00	3.48	86.97	88.74	0.00	40	0	43	0.00	0.00	64.93	7.21	0.00	0.00	2000
227	11.16	2057	2074	0.00	194	0	0	0	nan	0.00	0.00	3.37	84.41	88.84	0.00	40	0	42	0.00	0.00	64.76	7.23	0.00	0.00	2000
230	11.07	2074	2106	0.74	194	0	0	6	70.22	0.00	0.00	3.64	85.61	88.93	0.00	41	0	43	0.00	0.00	65.64	7.56	0.00	0.00	2000
228	10.92	2062	2125	0.72	195	0	0	0	91.20	0.00	0.00	4.02	86.18	89.08	0.00	41	0	43	0.00	0.00	65.13	7.45	0.00	0.00	2000
231	11.23	2062	2095	0.00	194	0	0	0	nan	0.00	0.06	3.87	84.71	88.77	0.00	41	0	43	0.00	0.00	65.18	7.43	0.00	0.00	2000
228	10.97	2061	2116	0.00	201	0	0	0	nan	0.00	0.00	4.28	85.53	89.03	0.00	40	0	42	0.00	0.00	65.59	7.51	0.00	0.00	2000
230	11.39	2013	2103	0.00	194	0	0	0	nan	0.00	0.00	3.37	85.50	88.61	0.00	40	0	43	0.00	0.00	65.31	7.50	0.00	0.00	2000
229	11.00	2079	2102	0.00	194	0	0	0	nan	0.00	0.00	4.69	84.33	89.00	0.00	40	0	42	0.00	0.00	64.07	7.20	0.00	0.00	2000
230	11.48	2073	2026	0.00	198	0	0	0	nan	0.00	0.00	4.68	80.80	88.52	0.00	40	0	43	0.00	0.00	63.44	7.28	0.00	0.00	2000
228	11.07	2046	2114	0.00	194	0	0	0	nan	0.00	0.00	3.12	86.49	88.93	0.00	41	0	42	0.00	0.00	63.14	7.26	0.00	0.00	2000
231	11.43	2002	2121	0.00	195	0	0	0	nan	0.00	0.00	4.32	85.25	88.57	0.00	41	0	42	0.00	0.00	67.03	7.85	0.00	0.00	2000
227	10.88	2103	2083	0.00	195	0	0	0	nan	0.00	0.00	3.81	84.70	89.12	0.00	41	0	42	0.00	0.00	64.89	7.35	0.00	0.00	2000
230	10.99	2060	2134	0.00	194	0	0	0	nan	0.00	0.02	3.34	87.14	89.01	0.00	41	0	43	0.00	0.00	64.21	7.39	0.00	0.00	2000
223	11.38	2079	1983	0.00	194	0	0	0	nan	0.00	0.00	3.15	80.56	88.62	0.00	40	0	43	0.00	0.00	60.60	6.80	0.00	0.00	2000
265	11.92	2081	2239	0.00	211	0	0	0	nan	0.00	0.00	3.77	90.15	88.08	0.00	41	0	42	0.00	0.00	71.07	7.98	0.00	0.00	2000
228	10.96	2111	2071	0.00	194	0	0	0	nan	0.00	0.00	3.93	83.91	89.04	0.00	41	0	42	0.00	0.00	64.77	7.48	0.00	0.00	2000
230	11.18	2042	2114	0.00	196	0	0	0	nan	0.00	0.01	3.41	86.09	88.82	0.00	41	0	42	0.00	0.00	64.83	7.47	0.00	0.00	2000
229	11.02	2073	2102	0.00	197	0	0	0	nan	0.00	0.00	4.28	84.82	88.98	0.00	41	0	42	0.00	0.00	63.06	7.02	0.00	0.00	2000
229	11.12	2082	2080	0.00	194	0	0	0	nan	0.00	0.04	3.95	84.00	88.88	0.00	41	0	43	0.00	0.00	66.87	7.85	0.00	0.00	2000
227	10.87	2095	2097	0.59	193	0	0	6	74.90	0.00	0.00	3.16	85.83	89.13	0.00	41	0	43	0.00	0.00	62.75	7.45	0.00	0.00	2000
226	11.23	2113	1998	0.84	196	0	0	2	85.69	0.00	0.02	3.83	80.65	88.77	0.00	41	0	42	0.00	0.00	62.31	7.11	0.00	0.00	2000
231	10.79	2037	2205	0.00	210	0	0	0	nan	0.00	0.00	3.18	90.57	89.21	0.00	41	0	42	0.00	0.00	67.88	7.89	0.00	0.00	2000
229	10.92	2059	2140	0.00	194	0	0	0	nan	0.00	0.00	3.49	87.30	89.08	0.00	40	0	43	0.00	0.00	64.69	7.72	0.00	0.00	2000
229	11.01	2078	2104	0.00	194	0	0	0	nan	0.00	0.00	3.83	85.38	88.99	0.00	40	0	42	0.00	0.00	66.88	7.72	0.00	0.00	2000
229	11.11	2126	2038	0.00	195	0	0	0	nan	0.00	0.02	3.54	82.72	88.89	0.00	41	0	42	0.00	0.00	63.16	7.24	0.00	0.00	2000
229	10.71	2120	2120	0.00	195	0	0	0	nan	0.00	0.01	3.21	86.98	89.29	0.00	41	0	43	0.00	0.00	65.55	7.59	0.00	0.00	2000
230	10.80	2121	2107	0.00	194	0	0	0	nan	0.01	0.00	3.65	85.89	89.20	0.00	41	0	43	0.00	0.00	65.14	7.54	0.00	0.00	2000
230	10.52	2140	2145	0.00	194	0	0	0	nan	0.01	0.00	3.57	87.79	89.48	0.00	40	0	42	0.00	0.00	66.92	7.84	0.00	0.00	2000
228	11.08	2125	2033	0.00	198	0	0	0	nan	0.00	0.01	3.77	82.38	88.92	0.00	40	0	42	0.00	0.00	62.91	7.53	0.00	0.00	2000
228	10.97	2057	2118	0.00	195	0	0	0	nan	0.00	0.00	2.97	86.85	89.03	0.00	41	0	42	0.00	0.00	64.95	7.52	0.00	0.00	2000
227	11.52	2063	2003	0.00	194	0	0	0	nan	0.01	0.00	3.42	80.99	88.48	0.00	41	0	42	0.00	0.00	59.67	7.04	0.00	0.00	2000
232	10.69	2062	2208	0.00	210	0	0	0	nan	0.00	0.00	2.91	90.99	89.31	0.00	41	0	43	0.00	0.00	70.54	8.16	0.00	0.00	2000
230	11.04	2071	2109	0.00	195	0	0	0	nan	0.00	0.03	4.14	85.23	88.96	0.00	41	0	43	0.00	0.00	64.82	7.40	0.00	0.00	2000
227	10.85	2106	2089	0.00	194	0	0	0	nan	0.00	0.00	3.68	84.98	89.15	0.00	41	0	42	0.00	0.00	65.28	7.54	0.00	0.00	2000
230	11.49	1992	2111	0.00	196	0	0	0	nan	0.00	0.00	4.02	85.11	88.51	0.00	40	0	43	0.00	0.00	64.66	7.45	0.00	0.00	2000
228	11.02	2061	2108	0.00	194	0	0	0	nan	0.00	0.00	3.63	85.74	88.98	0.00	41	0	43	0.00	0.00	65.32	7.69	0.00	0.00	2000
225	11.43	2075	1988	0.70	195	0	0	6	71.60	0.00	0.03	4.18	79.71	88.57	0.00	41	0	43	0.00	0.00	57.05	6.92	0.00	0.00	2000
231	10.85	2004	2233	0.71	210	0	0	1	90.74	0.00	0.02	3.18	91.74	89.15	0.00	40	0	43	0.00	0.00	72.84	8.06	0.00	0.00	2000
224	11.70	2032	1978	0.00	194	0	0	0	nan	0.00	0.04	3.73	79.50	88.30	0.00	41	0	42	0.00	0.00	59.95	6.92	0.00	0.00	2000
233	10.76	2064	2204	0.00	211	0	0	0	nan	0.00	0.03	3.25	90.44	89.24	0.00	41	0	43	0.00	0.00	70.17	8.15	0.00	0.00	2000
230	11.26	2029	2110	0.00	196	0	0	0	nan	0.00	0.02	3.31	86.02	88.74	0.00	40	0	43	0.00	0.00	65.17	7.61	0.00	0.00	2000
227	11.23	2036	2090	0.00	194	0	0	0	nan	0.00	0.03	3.62	84.76	88.77	0.00	41	0	42	0.00	0.00	64.62	7.45	0.00	0.00	2000
230	11.10	2064	2108	0.00	193	0	0	0	nan	0.00	0.02	3.24	86.10	88.90	0.00	41	0	42	0.00	0.00	64.80	7.53	0.00	0.00	2000
228	11.15	2049	2095	0.00	194	0	0	0	nan	0.00	0.00	3.47	85.29	88.85	0.00	40	0	43	0.00	0.00	64.99	7.45	0.00	0.00	2000
226	11.70	2032	1998	0.00	196	0	0	0	nan	0.00	0.02	4.10	79.98	88.30	0.00	41	0	43	0.00	0.00	59.98	6.89	0.00	0.00	2000
231	10.68	2054	2211	0.00	210	0	0	0	nan	0.00	0.00	3.31	90.72	89.32	0.00	41	0	42	0.00	0.00	70.43	7.88	0.00	0.00	2000
230	11.14	2038	2124	0.00	194	0	0	0	nan	0.00	0.02	3.76	86.22	88.86	0.00	41	0	43	0.00	0.00	64.54	7.53	0.00	0.00	2000
229	11.09	2060	2104	0.00	194	0	0	0	nan	0.00	0.00	3.88	85.30	88.91	0.00	41	0	43	0.00	0.00	65.24	7.51	0.00	0.00	2000
231	11.49	2041	2071	0.00	199	0	0	0	nan	0.00	0.03	5.59	81.77	88.51	0.00	41	0	42	0.00	0.00	64.80	7.53	0.00	0.00	2000
228	11.11	2059	2098	0.00	195	0	0	0	nan	0.00	0.03	4.01	84.88	88.89	0.00	41	0	43	0.00	0.00	65.02	7.44	0.00	0.00	2000
229	10.77	2118	2111	0.00	194	0	0	0	nan	0.00	0.00	3.53	86.21	89.23	0.00	41	0	42	0.00	0.00	65.09	7.36	0.00	0.00	2000
228	11.16	2053	2090	0.00	194	0	0	0	nan	0.00	0.02	3.78	84.65	88.84	0.00	41	0	43	0.00	0.00	65.10	7.33	0.00	0.00	2000
229	11.05	2036	2140	0.00	195	0	0	0	nan	0.00	0.00	3.53	87.15	88.95	0.00	41	0	42	0.00	0.00	65.25	7.44	0.00	0.00	2000
227	10.97	2116	2057	0.76	195	0	0	12	31.24	0.00	0.00	3.66	83.52	89.03	0.00	41	0	43	0.00	0.00	65.10	7.64	0.00	0.00	2000
232	11.22	2047	2120	0.73	194	0	0	0	91.34	0.00	0.03	3.28	86.44	88.78	0.00	40	0	42	0.00	0.00	64.83	7.59	0.00	0.00	2000
228	11.09	2065	2086	0.00	194	0	0	0	nan	0.00	0.02	3.09	85.22	88.91	0.00	41	0	43	0.00	0.00	64.90	7.40	0.00	0.00	2000
229	11.16	2021	2136	0.00	194	0	0	0	nan	0.00	0.02	3.67	86.83	88.84	0.00	41	0	43	0.00	0.00	65.00	7.38	0.00	0.00	2000
230	11.17	2050	2106	0.00	195	0	0	0	nan	0.00	0.02	3.92	85.22	88.83	0.00	41	0	42	0.00	0.00	66.35	7.76	0.00	0.00	2000
227	11.19	2097	2028	0.00	194	0	0	0	nan	0.00	0.00	2.92	82.88	88.81	0.00	41	0	43	0.00	0.00	60.88	7.06	0.00	0.00	2000
233	10.95	2089	2136	0.00	195	0	0	0	nan	0.00	0.01	3.28	87.39	89.05	0.00	41	0	42	0.00	0.00	68.17	7.71	0.00	0.00	2000
229	11.06	2045	2128	0.00	194	0	0	0	nan	0.00	0.00	3.51	86.74	88.94	0.00	41	0	43	0.00	0.00	65.23	7.55	0.00	0.00	2000
227	11.60	1996	2060	0.00	195	0	0	0	nan	0.00	0.00	3.98	82.87	88.40	0.00	41	0	43	0.00	0.00	62.18	7.25	0.00	0.00	2000
229	10.86	2076	2136	0.00	194	0	0	0	nan	0.00	0.01	3.58	87.15	89.14	0.00	40	0	43	0.00	0.00	68.04	7.86	0.00	0.00	2000
232	11.41	2071	2062	0.00	196	0	0	0	nan	0.00	0.03	4.76	82.34	88.59	0.00	41	0	43	0.00	0.00	62.38	7.21	0.00	0.00	2000
233	10.83	2107	2144	0.00	195	0	0	0	nan	0.00	0.02	3.48	87.51	89.17	0.00	41	0	43	0.00	0.00	67.89	8.02	0.00	0.00	2000
227	11.28	2037	2078	0.00	195	0	0	0	nan	0.00	0.00	3.73	84.06	88.72	0.00	41	0	43	0.00	0.00	65.03	7.39	0.00	0.00	2000
229	11.36	2022	2090	0.00	193	0	0	0	nan	0.00	0.03	4.06	84.25	88.64	0.00	41	0	42	0.00	0.00	64.33	7.34	0.00	0.00	2000
228	11.17	2040	2106	0.00	195	0	0	0	nan	0.00	0.00	3.38	85.86	88.83	0.00	41	0	43	0.00	0.00	64.41	7.26	0.00	0.00	2000
229	11.26	2027	2110	0.00	197	0	0	0	nan	0.00	0.00	4.75	84.48	88.74	0.00	41	0	43	0.00	0.00	64.43	7.66	0.00	0.00	2000
228	11.62	1996	2068	0.00	198	0	0	0	nan	0.00	0.00	4.29	82.95	88.38	0.00	41	0	43	0.00	0.00	61.62	7.28	0.00	0.00	2000
229	11.06	2032	2140	0.43	194	0	0	5	71.69	0.00	0.00	3.49	87.22	88.94	0.00	41	0	43	0.00	0.00	67.39	7.75	0.00	0.00	2000
227	11.15	2036	2101	1.06	194	0	0	3	79.53	0.00	0.00	3.62	85.27	88.85	0.00	41	0	42	0.00	0.00	64.60	7.36	0.00	0.00	2000
229	11.26	2057	2073	0.00	194	0	0	0	nan	0.00	0.00	3.96	83.76	88.74	0.00	41	0	43	0.00	0.00	61.37	7.09	0.00	0.00	2000
228	10.83	2110	2097	0.00	194	0	0	0	nan	0.00	0.00	3.51	85.59	89.17	0.00	41	0	43	0.00	0.00	64.57	7.50	0.00	0.00	2000
227	11.29	2104	2012	0.00	196	0	0	0	nan	0.00	0.00	3.85	81.12	88.71	0.00	41	0	42	0.00	0.00	62.53	7.27	0.00	0.00	2000
231	10.86	2042	2186	0.00	211	0	0	0	nan	0.00	0.00	2.68	90.28	89.14	0.00	41	0	43	0.00	0.00	67.44	7.58	0.00	0.00	2000
230	11.09	2044	2127	0.00	194	0	0	0	nan	0.00	0.00	3.50	86.58	88.91	0.00	41	0	42	0.00	0.00	64.43	7.22	0.00	0.00	2000
228	11.11	2072	2078	0.00	194	0	0	0	nan	0.00	0.00	3.48	84.46	88.89	0.00	41	0	42	0.00	0.00	64.21	7.37	0.00	0.00	2000
224	11.50	2042	2003	0.00	195	0	0	0	nan	0.00	0.01	3.07	81.47	88.50	0.00	41	0	43	0.00	0.00	62.29	6.93	0.00	0.00	2000
233	11.04	1991	2224	0.00	211	0	0	0	nan	0.00	0.00	3.13	91.11	88.96	0.00	41	0	43	0.00	0.00	67.61	8.11	0.00	0.00	2000
230	11.29	2012	2126	0.00	194	0	0	0	nan	0.00	0.00	4.47	85.37	88.71	0.00	41	0	43	0.00	0.00	65.05	7.38	0.00	0.00	2000
227	11.24	2066	2054	0.00	195	0	0	0	nan	0.00	0.02	3.61	83.24	88.76	0.00	41	0	42	0.00	0.00	64.93	7.57	0.00	0.00	2000
225	11.58	2036	2006	0.00	194	0	0	0	nan	0.00	0.00	3.77	80.81	88.42	0.00	40	0	43	0.00	0.00	62.15	7.11	0.00	0.00	2000
234	11.03	2025	2198	0.00	211	0	0	0	nan	0.00	0.02	3.56	89.66	88.97	0.00	41	0	43	0.00	0.00	67.58	7.66	0.00	0.00	2000
230	10.95	2053	2153	0.00	194	0	0	0	nan	0.00	0.00	3.54	87.86	89.05	0.00	41	0	42	0.00	0.00	64.67	7.77	0.00	0.00	2000
226	11.56	1998	2055	0.00	194	0	0	0	nan	0.00	0.00	2.98	83.68	88.44	0.00	41	0	42	0.00	0.00	64.94	6.98	0.00	0.00	2000
224	11.07	2128	2001	0.00	195	0	0	0	nan	0.00	0.00	3.46	81.20	88.93	0.00	41	0	43	0.00	0.00	62.33	6.88	0.00	0.00	2000
230	10.53	2062	2230	0.75	211	0	0	6	70.89	0.00	0.00	2.70	92.28	89.47	0.00	41	0	42	0.00	0.00	68.07	8.04	0.00	0.00	2000
231	11.62	1980	2108	0.73	196	0	0	0	91.87	0.00	0.00	4.70	84.13	88.38	0.00	41	0	42	0.00	0.00	64.33	7.41	0.00	0.00	2000
227	11.24	2051	2072	0.00	196	0	0	0	nan	0.00	0.00	3.80	83.82	88.76	0.00	40	0	42	0.00	0.00	64.75	7.47	0.00	0.00	2000
230	10.74	2133	2104	0.00	195	0	0	0	nan	0.00	0.02	3.43	85.93	89.26	0.00	41	0	42	0.00	0.00	65.03	7.56	0.00	0.00	2000
228	10.94	2082	2098	0.00	194	0	0	0	nan	0.01	0.00	3.35	85.68	89.06	0.00	41	0	42	0.00	0.00	62.16	7.15	0.00	0.00	2000
229	11.11	2054	2103	0.00	194	0	0	0	nan	0.00	0.01	3.61	85.50	88.89	0.00	41	0	43	0.00	0.00	67.45	7.47	0.00	0.00	2000
249	11.94	2090	2094	0.00	196	0	0	0	nan	0.00	0.00	3.70	84.09	88.06	0.00	40	0	42	0.00	0.00	61.96	7.27	0.00	0.00	2000
230	11.05	2045	2140	0.00	195	0	0	0	nan	0.00	0.02	4.20	86.48	88.95	0.00	40	0	43	0.00	0.00	67.48	7.62	0.00	0.00	2000
228	11.21	2076	2054	0.00	195	0	0	0	nan	0.00	0.00	4.04	82.85	88.79	0.00	41	0	42	0.00	0.00	62.22	7.33	0.00	0.00	2000
231	10.84	2113	2113	0.00	194	0	0	0	nan	0.00	0.01	3.68	86.05	89.16	0.00	41	0	43	0.00	0.00	64.53	7.67	0.00	0.00	2000
229	11.07	2072	2099	0.00	194	0	0	0	nan	0.00	0.02	3.37	85.65	88.93	0.00	41	0	42	0.00	0.00	64.65	7.35	0.00	0.00	2000
237	11.80	2087	2023	0.00	196	0	0	0	nan	0.00	0.00	4.79	80.19	88.20	0.00	41	0	43	0.00	0.00	63.28	7.24	0.00	0.00	2000
232	10.94	2028	2196	0.00	214	0	0	0	nan	0.00	0.00	4.31	88.83	89.06	0.00	41	0	42	0.00	0.00	68.94	7.55	0.00	0.00	2000
228	10.95	2109	2078	0.00	195	0	0	0	nan	0.00	0.00	3.09	85.03	89.05	0.00	40	0	43	0.00	0.00	63.94	7.22	0.00	0.00	2000
227	11.00	2064	2104	0.00	193	0	0	0	nan	0.00	0.02	2.61	86.59	89.00	0.00	40	0	42	0.00	0.00	64.57	7.32	0.00	0.00	2000
230	10.86	2108	2110	0.00	195	0	0	0	nan	0.00	0.00	3.75	85.83	89.14	0.00	41	0	42	0.00	0.00	64.83	7.56	0.00	0.00	2000
229	11.13	2077	2080	0.00	195	0	0	0	nan	0.00	0.01	3.70	84.36	88.87	0.00	41	0	42	0.00	0.00	64.60	7.39	0.00	0.00	2000
224	11.23	2082	2014	0.72	194	0	0	6	73.25	0.00	0.00	2.99	82.22	88.77	0.00	41	0	43	0.00	0.00	60.05	6.81	0.00	0.00	2000
231	10.80	2050	2193	0.71	212	0	0	1	88.86	0.00	0.00	2.85	90.18	89.20	0.00	40	0	42	0.00	0.00	70.36	8.02	0.00	0.00	2000
225	10.91	2149	2013	0.00	195	0	0	0	nan	0.00	0.00	3.89	81.45	89.09	0.00	41	0	43	0.00	0.00	62.58	7.20	0.00	0.00	2000
233	10.85	2034	2219	0.00	211	0	0	0	nan	0.00	0.01	3.53	90.71	89.15	0.00	41	0	43	0.00	0.00	67.74	7.72	0.00	0.00	2000
229	10.87	2078	2128	0.00	194	0	0	0	nan	0.00	0.00	3.89	86.49	89.13	0.00	41	0	43	0.00	0.00	64.95	7.39	0.00	0.00	2000
229	11.36	2055	2061	0.00	197	0	0	0	nan	0.00	0.02	4.07	83.00	88.64	0.00	40	0	42	0.00	0.00	64.22	7.43	0.00	0.00	2000
230	11.12	2061	2106	0.00	196	0	0	0	nan	0.00	0.02	3.98	85.14	88.88	0.00	40	0	42	0.00	0.00	64.87	7.36	0.00	0.00	2000
227	11.07	2054	2099	0.00	194	0	0	0	nan	0.00	0.02	3.70	85.21	88.93	0.00	41	0	42	0.00	0.00	65.13	7.56	0.00	0.00	2000
230	11.23	2018	2136	0.00	194	0	0	0	nan	0.00	0.00	3.81	86.59	88.77	0.00	41	0	42	0.00	0.00	64.63	7.37	0.00	0.00	2000
229	11.53	2011	2071	0.00	195	0	0	0	nan	0.00	0.01	3.05	84.34	88.47	0.00	41	0	43	0.00	0.00	64.68	7.39	0.00	0.00	2000
234	11.27	2060	2114	0.00	210	0	0	0	nan	0.00	0.02	7.20	82.18	88.73	0.00	41	0	43	0.00	0.00	64.53	7.38	0.00	0.00	2000
227	11.31	2025	2084	0.00	195	0	0	0	nan	0.00	0.00	4.34	83.80	88.69	0.00	41	0	43	0.00	0.00	65.37	7.45	0.00	0.00	2000
228	11.00	2062	2115	0.00	194	0	0	0	nan	0.00	0.00	3.30	86.38	89.00	0.00	40	0	43	0.00	0.00	64.26	7.38	0.00	0.00	2000
227	11.19	2031	2102	0.00	194	0	0	0	nan	0.00	0.00	3.42	85.60	88.81	0.00	41	0	42	0.00	0.00	64.67	7.62	0.00	0.00	2000
231	11.38	2021	2104	0.00	195	0	0	0	nan	0.00	0.00	4.02	84.89	88.62	0.00	41	0	43	0.00	0.00	64.48	7.54	0.00	0.00	2000
218	12.13	2071	1818	0.00	195	0	0	0	nan	0.00	0.00	3.73	72.42	87.87	0.00	38	0	43	0.00	0.00	55.01	6.38	0.00	0.00	2000
238	10.11	2023	2445	0.00	226	0	0	0	nan	0.00	0.00	3.85	100.83	89.89	0.00	38	0	43	0.00	0.00	76.88	9.37	0.00	0.00	2000
226	11.20	2051	2071	0.96	194	0	0	5	27.02	0.00	0.01	3.23	84.43	88.80	0.00	39	0	43	0.00	0.00	64.17	7.52	0.00	0.00	2000
230	11.26	2025	2124	0.58	196	0	0	0	nan	0.00	0.02	3.47	86.37	88.74	0.00	40	0	43	0.00	0.00	65.03	7.51	0.00	0.00	2000
227	11.38	1994	2100	0.00	195	0	0	0	nan	0.00	0.00	3.02	85.70	88.62	0.00	40	0	43	0.00	0.00	65.04	7.59	0.00	0.00	2000
229	11.33	2030	2092	0.00	193	0	0	0	nan	0.00	0.00	3.26	85.19	88.67	0.00	40	0	43	0.00	0.00	65.31	7.59	0.00	0.00	2000
228	11.28	2045	2075	0.00	194	0	0	0	nan	0.00	0.03	2.85	84.91	88.72	0.00	40	0	43	0.00	0.00	63.48	7.43	0.00	0.00	2000
228	11.46	1987	2104	0.00	194	0	0	0	nan	0.03	0.00	3.81	85.05	88.54	0.00	40	0	43	0.00	0.00	64.72	7.59	0.00	0.00	2000
230	10.93	2079	2127	0.00	196	0	0	0	nan	0.00	0.00	4.51	85.72	89.07	0.00	39	0	43	0.00	0.00	65.19	7.88	0.00	0.00	2000
231	11.05	2081	2105	0.00	194	0	0	0	nan	0.00	0.00	3.37	85.79	88.95	0.00	40	0	43	0.00	0.00	66.78	8.02	0.00	0.00	2000
229	10.98	2082	2103	0.00	194	0	0	0	nan	0.00	0.02	3.53	85.67	89.02	0.00	40	0	43	0.00	0.00	66.02	7.59	0.00	0.00	2000
226	11.24	2086	2027	0.00	195	0	0	0	nan	0.00	0.00	2.85	82.90	88.76	0.00	40	0	42	0.00	0.00	60.38	6.81	0.00	0.00	2000
230	11.08	2032	2143	0.00	194	0	0	0	nan	0.00	0.04	2.53	88.24	88.92	0.00	40	0	43	0.00	0.00	67.03	7.77	0.00	0.00	2000
230	11.32	2033	2098	0.00	195	0	0	0	nan	0.00	0.00	3.88	84.84	88.68	0.00	40	0	43	0.00	0.00	64.73	7.57	0.00	0.00	2000
228	10.98	2068	2107	0.00	194	0	0	0	nan	0.01	0.00	3.39	86.10	89.02	0.00	40	0	43	0.00	0.00	65.51	7.64	0.00	0.00	2000
231	10.78	2112	2130	0.00	194	0	0	0	nan	0.00	0.01	2.58	87.97	89.22	0.00	40	0	43	0.00	0.00	66.41	7.83	0.00	0.00	2000
222	11.03	2097	2013	0.00	195	0	0	0	nan	0.00	0.02	3.51	81.76	88.97	0.00	40	0	43	0.00	0.00	61.23	7.05	0.00	0.00	2000
233	11.05	2036	2175	0.00	209	0	0	0	nan	0.00	0.02	3.94	88.24	88.95	0.00	41	0	43	0.00	0.00	67.94	7.99	0.00	0.00	2000
229	11.19	2055	2092	0.00	194	0	0	0	nan	0.00	0.00	4.88	83.60	88.81	0.00	42	0	43	0.00	0.00	61.84	7.27	0.00	0.00	2000
229	11.01	2063	2118	0.77	195	0	0	6	42.54	0.00	0.00	5.10	84.72	88.99	0.00	42	0	42	0.00	0.00	67.73	7.64	0.00	0.00	2000
229	11.08	2088	2076	0.72	194	0	0	1	91.81	0.00	0.00	4.12	83.79	88.92	0.00	41	0	43	0.00	0.00	61.97	7.62	0.00	0.00	2000
228	10.98	2061	2117	0.00	195	0	0	0	nan	0.00	0.00	5.53	84.31	89.02	0.00	42	0	43	0.00	0.00	64.75	7.55	0.00	0.00	2000
228	11.21	2043	2090	0.00	194	0	0	0	nan	0.00	0.00	4.50	84.01	88.79	0.00	42	0	43	0.00	0.00	64.27	7.42	0.00	0.00	2000
229	11.17	2048	2101	0.00	194	0	0	0	nan	0.00	0.00	4.45	84.40	88.83	0.00	42	0	43	0.00	0.00	64.27	7.50	0.00	0.00	2000
229	11.35	2008	2113	0.00	195	0	0	0	nan	0.00	0.00	4.99	84.32	88.65	0.00	42	0	43	0.00	0.00	64.24	7.57	0.00	0.00	2000
225	11.24	2075	2027	0.00	195	0	0	0	nan	0.00	0.02	4.42	81.33	88.76	0.00	42	0	43	0.00	0.00	62.08	7.11	0.00	0.00	2000
236	11.08	2067	2161	0.00	211	0	0	0	nan	0.00	0.02	3.82	87.79	88.92	0.00	42	0	43	0.00	0.00	66.93	7.75	0.00	0.00	2000
266	11.94	2204	2123	0.00	195	0	0	0	nan	0.00	0.00	4.77	84.30	88.06	0.00	42	0	43	0.00	0.00	66.00	7.52	0.00	0.00	2000
230	11.45	2020	2093	0.00	194	0	0	0	nan	0.00	0.00	4.12	84.17	88.55	0.00	42	0	42	0.00	0.00	64.41	7.34	0.00	0.00	2000
229	11.05	2078	2094	0.00	195	0	0	0	nan	0.00	0.00	4.79	83.83	88.95	0.00	42	0	43	0.00	0.00	64.00	7.51	0.00	0.00	2000
228	11.14	2040	2111	0.00	197	0	0	0	nan	0.00	0.00	5.56	83.87	88.86	0.00	42	0	43	0.00	0.00	64.52	7.61	0.00	0.00	2000
229	11.43	2011	2089	0.00	195	0	0	0	nan	0.00	0.00	4.80	83.40	88.57	0.00	42	0	42	0.00	0.00	64.43	7.65	0.00	0.00	2000
229	11.11	2067	2090	0.00	194	0	0	0	nan	0.00	0.00	5.06	83.40	88.89	0.00	42	0	43	0.00	0.00	65.11	7.52	0.00	0.00	2000
228	11.40	1999	2105	0.00	195	0	0	0	nan	0.00	0.00	6.01	82.91	88.60	0.00	42	0	43	0.00	0.00	64.28	7.39	0.00	0.00	2000
230	10.97	2093	2103	0.00	196	0	0	0	nan	0.00	0.00	4.57	84.69	89.03	0.00	42	0	43	0.00	0.00	64.80	7.54	0.00	0.00	2000
229	11.18	2043	2102	0.00	194	0	0	0	nan	0.00	0.00	4.78	84.22	88.82	0.00	42	0	43	0.00	0.00	64.68	7.50	0.00	0.00	2000
227	11.38	1985	2108	0.59	194	0	0	6	65.57	0.00	0.00	5.02	84.10	88.62	0.00	42	0	42	0.00	0.00	64.48	7.55	0.00	0.00	2000
230	11.32	2021	2107	0.90	195	0	0	2	84.72	0.00	0.00	4.39	84.72	88.68	0.00	42	0	42	0.00	0.00	64.83	7.45	0.00	0.00	2000
228	11.08	2067	2092	0.00	195	0	0	0	nan	0.00	0.01	4.68	83.98	88.92	0.00	42	0	43	0.00	0.00	64.70	7.61	0.00	0.00	2000
226	11.25	2086	2027	0.00	195	0	0	0	nan	0.00	0.00	3.42	82.33	88.75	0.00	42	0	43	0.00	0.00	62.67	7.05	0.00	0.00	2000
230	11.04	2023	2167	0.00	209	0	0	0	nan	0.00	0.00	3.41	88.37	88.96	0.00	42	0	43	0.00	0.00	67.86	7.85	0.00	0.00	2000
230	11.05	2064	2114	0.00	195	0	0	0	nan	0.00	0.00	5.12	84.45	88.95	0.00	42	0	43	0.00	0.00	65.24	7.45	0.00	0.00	2000
227	11.02	2075	2086	0.00	194	0	0	0	nan	0.00	0.00	3.84	84.60	88.98	0.00	42	0	43	0.00	0.00	65.01	7.36	0.00	0.00	2000
227	11.29	2055	2054	0.00	194	0	0	0	nan	0.00	0.00	4.51	82.26	88.71	0.00	42	0	43	0.00	0.00	62.80	7.09	0.00	0.00	2000
232	11.16	2031	2147	0.00	195	0	0	0	nan	0.00	0.02	3.19	87.64	88.84	0.00	42	0	42	0.00	0.00	67.19	7.61	0.00	0.00	2000
229	11.14	2053	2103	0.00	211	0	0	0	nan	0.00	0.00	5.05	84.00	88.86	0.00	42	0	43	0.00	0.00	64.94	7.58	0.00	0.00	2000
228	11.10	2041	2113	0.00	194	0	0	0	nan	0.00	0.00	4.99	84.49	88.90	0.00	42	0	43	0.00	0.00	65.01	7.54	0.00	0.00	2000
230	11.19	2065	2088	0.00	194	0	0	0	nan	0.00	0.00	3.57	84.74	88.81	0.00	42	0	42	0.00	0.00	64.93	7.54	0.00	0.00	2000
230	10.94	2109	2092	0.00	195	0	0	0	nan	0.00	0.00	5.00	83.75	89.06	0.00	42	0	43	0.00	0.00	64.56	7.35	0.00	0.00	2000
230	10.68	2129	2124	0.00	195	0	0	0	nan	0.00	0.00	4.85	85.49	89.32	0.00	42	0	43	0.00	0.00	65.39	7.35	0.00	0.00	2000
227	11.29	2024	2090	0.00	194	0	0	0	nan	0.00	0.00	3.78	84.63	88.71	0.00	42	0	43	0.00	0.00	64.90	7.28	0.00	0.00	2000
229	11.22	2031	2111	0.00	198	0	0	0	nan	0.00	0.00	5.28	84.01	88.78	0.00	42	0	42	0.00	0.00	64.74	7.36	0.00	0.00	2000
227	10.86	2106	2088	0.00	193	0	0	0	nan	0.00	0.01	3.13	85.44	89.14	0.00	42	0	43	0.00	0.00	65.11	7.47	0.00	0.00	2000
230	11.26	2032	2106	0.59	195	0	0	5	72.32	0.00	0.00	4.50	84.59	88.74	0.00	42	0	43	0.00	0.00	63.73	7.49	0.00	0.00	2000
228	11.17	2055	2088	0.88	195	0	0	2	87.03	0.00	0.00	3.82	84.64	88.83	0.00	42	0	43	0.00	0.00	64.38	7.71	0.00	0.00	2000
228	11.19	2039	2101	0.00	194	0	0	0	nan	0.00	0.00	4.54	84.28	88.81	0.00	42	0	43	0.00	0.00	65.06	7.45	0.00	0.00	2000
228	10.91	2103	2090	0.00	194	0	0	0	nan	0.00	0.00	4.67	83.89	89.09	0.00	42	0	42	0.00	0.00	65.14	7.31	0.00	0.00	2000
228	10.82	2094	2117	0.00	194	0	0	0	nan	0.00	0.00	5.51	84.49	89.18	0.00	42	0	43	0.00	0.00	64.66	7.59	0.00	0.00	2000
259	12.68	2066	2079	0.00	196	0	0	0	nan	0.00	0.03	4.76	81.64	87.32	0.00	42	0	43	0.00	0.00	64.54	7.34	0.00	0.00	2000
228	11.01	2119	2051	0.00	195	0	0	0	nan	0.00	0.00	4.89	82.00	88.99	0.00	42	0	43	0.00	0.00	61.87	7.24	0.00	0.00	2000
230	10.63	2104	2157	0.00	210	0	0	0	nan	0.00	0.00	3.50	88.23	89.37	0.00	42	0	43	0.00	0.00	67.16	7.91	0.00	0.00	2000
231	10.75	2132	2115	0.00	194	0	0	0	nan	0.00	0.00	5.02	84.79	89.25	0.00	42	0	43	0.00	0.00	64.41	7.62	0.00	0.00	2000
227	11.40	1991	2103	0.00	194	0	0	0	nan	0.00	0.00	4.19	84.60	88.60	0.00	42	0	43	0.00	0.00	64.45	7.42	0.00	0.00	2000
231	11.43	2022	2101	0.00	196	0	0	0	nan	0.00	0.00	5.34	83.23	88.57	0.00	42	0	43	0.00	0.00	64.46	7.66	0.00	0.00	2000
228	10.89	2114	2083	0.00	195	0	0	0	nan	0.00	0.00	4.33	83.94	89.11	0.00	42	0	43	0.00	0.00	64.08	7.41	0.00	0.00	2000
229	10.93	2086	2110	0.00	194	0	0	0	nan	0.00	0.00	5.11	84.45	89.07	0.00	42	0	42	0.00	0.00	64.61	7.27	0.00	0.00	2000
228	10.90	2099	2089	0.00	195	0	0	0	nan	0.00	0.00	4.71	83.86	89.10	0.00	42	0	42	0.00	0.00	64.62	7.45	0.00	0.00	2000
229	11.23	2026	2115	0.00	194	0	0	0	nan	0.00	0.00	4.93	84.53	88.77	0.00	42	0	42	0.00	0.00	64.81	7.30	0.00	0.00	2000
228	11.04	2073	2093	0.00	194	0	0	0	nan	0.00	0.00	4.64	84.00	88.96	0.00	42	0	43	0.00	0.00	64.02	7.21	0.00	0.00	2000
230	11.14	2062	2105	0.00	195	0	0	0	nan	0.00	0.00	4.89	84.23	88.86	0.00	42	0	43	0.00	0.00	64.52	7.27	0.00	0.00	2000
228	10.99	2074	2102	0.36	195	0	0	5	76.05	0.00	0.00	5.09	84.04	89.01	0.00	42	0	42	0.00	0.00	64.40	7.41	0.00	0.00	2000
230	11.17	2061	2096	1.05	197	0	0	3	83.30	0.00	0.00	5.31	83.44	88.83	0.00	42	0	43	0.00	0.00	64.24	7.29	0.00	0.00	2000
231	10.66	2158	2105	0.00	225	0	0	0	nan	0.00	0.00	4.97	84.50	89.34	0.00	42	0	42	0.00	0.00	64.40	7.47	0.00	0.00	2000
233	11.13	2089	2102	0.00	194	0	0	0	nan	0.00	0.00	4.24	84.82	88.87	0.00	42	0	42	0.00	0.00	64.96	7.59	0.00	0.00	2000
230	10.81	2123	2104	0.00	196	0	0	0	nan	0.00	0.00	4.36	85.04	89.19	0.00	42	0	43	0.00	0.00	64.68	7.42	0.00	0.00	2000
224	11.42	2035	2025	0.00	193	0	0	0	nan	0.00	0.00	3.19	82.37	88.58	0.00	42	0	43	0.00	0.00	61.66	7.14	0.00	0.00	2000
230	10.90	2037	2170	0.00	210	0	0	0	nan	0.00	0.00	4.03	88.05	89.10	0.00	42	0	42	0.00	0.00	67.25	7.71	0.00	0.00	2000
228	11.12	2054	2101	0.00	194	0	0	0	nan	0.00	0.00	4.34	84.58	88.88	0.00	42	0	43	0.00	0.00	64.57	7.42	0.00	0.00	2000
230	11.14	2069	2092	0.00	194	0	0	0	nan	0.00	0.00	5.07	83.45	88.86	0.00	42	0	42	0.00	0.00	64.99	7.46	0.00	0.00	2000
230	11.09	2068	2110	0.00	196	0	0	0	nan	0.00	0.00	4.68	84.69	88.91	0.00	42	0	43	0.00	0.00	64.72	7.46	0.00	0.00	2000
227	11.27	2012	2098	0.00	194	0	0	0	nan	0.00	0.00	4.17	84.61	88.73	0.00	42	0	43	0.00	0.00	61.90	7.33	0.00	0.00	2000
228	11.18	2021	2115	0.00	194	0	0	0	nan	0.00	0.00	4.71	84.86	88.82	0.00	42	0	43	0.00	0.00	67.32	7.31	0.00	0.00	2000
228	11.01	2072	2096	0.00	194	0	0	0	nan	0.00	0.00	3.49	85.36	88.99	0.00	42	0	42	0.00	0.00	65.02	7.36	0.00	0.00	2000
229	10.95	2091	2104	0.00	196	0	0	0	nan	0.00	0.00	4.86	84.37	89.05	0.00	42	0	43	0.00	0.00	64.63	7.44	0.00	0.00	2000
229	11.00	2093	2088	0.00	195	0	0	0	nan	0.00	0.02	3.15	85.39	89.00	0.00	42	0	42	0.00	0.00	64.25	7.37	0.00	0.00	2000
225	11.35	2045	2033	0.00	194	0	0	0	nan	0.00	0.00	3.99	81.93	88.65	0.00	42	0	43	0.00	0.00	61.99	7.05	0.00	0.00	2000
230	11.30	1969	2167	0.00	210	0	0	0	nan	0.00	0.00	3.07	88.65	88.70	0.00	42	0	43	0.00	0.00	66.76	7.84	0.00	0.00	2000
227	11.36	1993	2109	0.38	195	0	0	5	72.08	0.00	0.00	5.51	83.64	88.64	0.00	42	0	43	0.00	0.00	64.15	7.24	0.00	0.00	2000
227	11.35	2033	2066	1.02	194	0	0	3	80.14	0.00	0.00	3.91	83.42	88.65	0.00	42	0	43	0.00	0.00	61.88	7.03	0.00	0.00	2000
231	11.34	2031	2102	0.00	197	0	0	0	nan	0.00	0.03	1.98	86.75	88.66	0.00	42	0	43	0.00	0.00	64.70	7.43	0.00	0.00	2000
228	11.32	1999	2118	0.00	210	0	0	0	nan	0.00	0.00	4.77	84.80	88.68	0.00	42	0	42	0.00	0.00	67.41	8.16	0.00	0.00	2000
226	11.54	2012	2044	0.00	198	0	0	0	nan	0.00	0.00	6.31	79.85	88.46	0.00	42	0	43	0.00	0.00	62.22	7.15	0.00	0.00	2000
229	10.94	2033	2166	0.00	211	0	0	0	nan	0.01	0.01	3.87	88.03	89.06	0.00	42	0	43	0.00	0.00	67.06	7.68	0.00	0.00	2000
230	11.22	2049	2100	0.00	195	0	0	0	nan	0.00	0.00	4.62	84.25	88.78	0.00	42	0	43	0.00	0.00	64.49	7.24	0.00	0.00	2000
230	10.92	2095	2108	0.00	194	0	0	0	nan	0.00	0.00	4.63	84.78	89.08	0.00	42	0	42	0.00	0.00	60.05	7.04	0.00	0.00	2000
229	11.22	2059	2079	0.00	196	0	0	0	nan	0.00	0.00	4.96	82.94	88.78	0.00	42	0	43	0.00	0.00	66.34	7.64	0.00	0.00	2000
227	11.00	2061	2106	0.00	194	0	0	0	nan	0.00	0.00	4.94	84.31	89.00	0.00	42	0	43	0.00	0.00	64.79	7.45	0.00	0.00	2000
225	11.00	2107	2043	0.00	194	0	0	0	nan	0.00	0.00	4.04	82.62	89.00	0.00	42	0	43	0.00	0.00	62.23	7.33	0.00	0.00	2000
232	11.04	2039	2162	0.00	210	0	0	0	nan	0.00	0.00	3.66	87.95	88.96	0.00	42	0	43	0.00	0.00	64.20	7.64	0.00	0.00	2000
229	11.00	2069	2115	0.00	195	0	0	0	nan	0.00	0.00	4.93	84.73	89.00	0.00	42	0	43	0.00	0.00	69.94	7.35	0.00	0.00	2000
228	11.16	2061	2083	0.00	194	0	0	0	nan	0.00	0.00	3.78	84.34	88.84	0.00	42	0	43	0.00	0.00	62.08	7.07	0.00	0.00	2000
229	11.14	2051	2108	0.00	195	0	0	0	nan	0.00	0.00	5.42	83.83	88.86	0.00	42	0	42	0.00	0.00	61.65	7.34	0.00	0.00	2000
228	11.25	2031	2093	0.00	194	0	0	0	nan	0.00	0.00	4.53	84.13	88.75	0.00	42	0	43	0.00	0.00	64.36	7.43	0.00	0.00	2000
230	11.19	2035	2124	0.00	196	0	0	0	nan	0.00	0.00	5.52	84.43	88.81	0.00	42	0	43	0.00	0.00	64.60	7.45	0.00	0.00	2000
227	11.05	2075	2081	0.58	194	0	0	6	72.08	0.00	0.02	3.70	84.55	88.95	0.00	42	0	42	0.00	0.00	63.85	7.48	0.00	0.00	2000
230	10.98	2089	2103	0.88	194	0	0	2	85.88	0.00	0.00	4.36	84.77	89.02	0.00	42	0	43	0.00	0.00	64.76	7.42	0.00	0.00	2000
228	11.00	2079	2090	0.00	194	0	0	0	nan	0.00	0.00	4.66	83.90	89.00	0.00	42	0	43	0.00	0.00	64.74	7.39	0.00	0.00	2000
229	11.27	2011	2126	0.00	196	0	0	0	nan	0.00	0.01	5.09	84.91	88.73	0.00	42	0	43	0.00	0.00	65.55	7.50	0.00	0.00	2000
229	11.02	2101	2079	0.00	180	0	0	0	nan	0.00	0.01	2.98	85.22	88.98	0.00	42	0	42	0.00	0.00	63.53	7.16	0.00	0.00	2000
234	11.72	1982	2119	0.00	212	0	0	0	nan	0.00	0.00	5.17	84.07	88.28	0.00	42	0	43	0.00	0.00	65.49	7.48	0.00	0.00	2000
227	11.29	2032	2077	0.00	177	0	0	0	nan	0.00	0.00	4.10	83.62	88.71	0.00	42	0	42	0.00	0.00	63.99	7.30	0.00	0.00	2000
230	11.43	2007	2109	0.00	213	0	0	0	nan	0.00	0.00	4.46	84.59	88.57	0.00	42	0	43	0.00	0.00	65.01	7.46	0.00	0.00	2000
228	11.40	2002	2097	0.00	197	0	0	0	nan	0.00	0.00	5.03	83.54	88.60	0.00	42	0	43	0.00	0.00	64.58	7.31	0.00	0.00	2000
231	11.39	2018	2106	0.00	195	0	0	0	nan	0.00	0.00	5.04	83.92	88.61	0.00	42	0	43	0.00	0.00	64.41	7.39	0.00	0.00	2000
227	11.16	2040	2090	0.00	194	0	0	0	nan	0.00	0.00	4.21	84.30	88.84	0.00	42	0	43	0.00	0.00	64.70	7.44	0.00	0.00	2000
225	10.99	2100	2044	0.00	194	0	0	0	nan	0.00	0.00	4.78	81.89	89.01	0.00	42	0	42	0.00	0.00	62.31	7.24	0.00	0.00	2000
230	10.96	2041	2159	0.00	212	0	0	0	nan	0.00	0.00	3.74	87.84	89.04	0.00	42	0	43	0.00	0.00	66.61	7.79	0.00	0.00	2000
229	10.60	2147	2109	0.00	194	0	0	0	nan	0.00	0.00	4.97	84.81	89.40	0.00	42	0	43	0.00	0.00	64.97	7.44	0.00	0.00	2000
229	10.89	2117	2091	0.00	195	0	0	0	nan	0.00	0.00	5.07	83.62	89.11	0.00	42	0	43	0.00	0.00	64.70	7.57	0.00	0.00	2000
229	11.18	2033	2112	0.00	194	0	0	0	nan	0.00	0.00	4.67	84.71	88.82	0.00	42	0	43	0.00	0.00	64.86	7.51	0.00	0.00	2000
229	11.13	2057	2103	0.00	195	0	0	0	nan	0.00	0.02	4.01	84.97	88.87	0.00	42	0	43	0.00	0.00	64.46	7.38	0.00	0.00	2000
228	11.26	2018	2111	0.38	196	0	0	5	71.18	0.00	0.00	4.54	84.78	88.74	0.00	42	0	42	0.00	0.00	64.44	7.81	0.00	0.00	2000
227	11.30	2027	2078	1.06	193	0	0	3	79.94	0.00	0.00	3.53	84.35	88.70	0.00	43	0	43	0.00	0.00	64.61	7.47	0.00	0.00	2000
232	11.23	2056	2108	0.00	196	0	0	0	nan	0.00	0.00	5.60	83.52	88.77	0.00	42	0	42	0.00	0.00	64.32	7.46	0.00	0.00	2000
228	11.10	2067	2088	0.00	195	0	0	0	nan	0.00	0.00	5.19	83.22	88.90	0.00	42	0	42	0.00	0.00	64.76	7.61	0.00	0.00	2000
229	11.17	2044	2109	0.00	194	0	0	0	nan	0.00	0.00	4.91	84.35	88.83	0.00	42	0	43	0.00	0.00	64.35	7.38	0.00	0.00	2000
227	11.14	2039	2098	0.00	194	0	0	0	nan	0.00	0.00	5.07	83.75	88.86	0.00	42	0	42	0.00	0.00	64.47	7.46	0.00	0.00	2000
229	11.21	2034	2106	0.00	194	0	0	0	nan	0.00	0.00	5.07	84.08	88.79	0.00	43	0	43	0.00	0.00	64.12	7.43	0.00	0.00	2000
231	10.93	2103	2110	0.00	196	0	0	0	nan	0.00	0.00	5.46	84.08	89.07	0.00	42	0	43	0.00	0.00	64.64	7.44	0.00	0.00	2000
226	11.03	2119	2027	0.00	196	1	0	0	nan	0.00	0.00	4.09	81.79	88.97	0.00	42	0	43	0.00	0.00	62.12	7.20	0.00	0.00	2000
230	10.61	2107	2157	0.00	210	0	0	0	nan	0.00	0.00	3.43	88.26	89.39	0.00	42	0	43	0.00	0.00	66.76	7.78	0.00	0.00	2000
229	10.98	2080	2107	0.00	194	0	0	0	nan	0.00	0.00	5.34	84.03	89.02	0.00	42	0	43	0.00	0.00	64.41	7.51	0.00	0.00	2000
228	11.40	2009	2093	0.00	198	0	0	0	nan	0.00	0.02	7.00	81.36	88.60	0.00	42	0	43	0.00	0.00	64.21	7.49	0.00	0.00	2000
232	11.53	1997	2113	0.00	196	0	0	0	nan	0.00	0.00	6.24	82.89	88.47	0.00	42	0	43	0.00	0.00	65.26	7.55	0.00	0.00	2000
228	11.21	2037	2097	0.00	194	0	0	0	nan	0.00	0.00	4.97	83.76	88.79	0.00	42	0	42	0.00	0.00	64.52	7.66	0.00	0.00	2000
229	11.38	2014	2100	0.00	194	0	0	0	nan	0.00	0.00	4.65	84.08	88.62	0.00	42	0	42	0.00	0.00	64.51	7.58	0.00	0.00	2000
228	11.03	2071	2100	0.00	196	0	0	0	nan	0.00	0.00	5.22	83.75	88.97	0.00	42	0	42	0.00	0.00	64.80	7.52	0.00	0.00	2000
230	11.10	2066	2103	0.00	194	0	0	0	nan	0.00	0.00	4.88	84.09	88.90	0.00	42	0	42	0.00	0.00	64.39	7.49	0.00	0.00	2000
238	11.25	2110	2104	0.18	195	0	0	4	70.64	0.00	0.00	5.89	83.00	88.75	0.00	42	0	42	0.00	0.00	64.92	7.62	0.00	0.00	2000
227	11.32	2071	2032	1.14	194	0	0	4	77.46	0.00	0.00	3.84	82.06	88.68	0.00	42	0	42	0.00	0.00	61.97	7.22	0.00	0.00	2000
230	10.79	2074	2159	0.00	210	0	0	0	nan	0.00	0.00	4.69	87.00	89.21	0.00	42	0	43	0.00	0.00	67.49	7.86	0.00	0.00	2000
229	10.88	2096	2112	0.00	196	0	0	0	nan	0.00	0.00	5.57	84.05	89.12	0.00	42	0	42	0.00	0.00	64.43	7.54	0.00	0.00	2000
228	10.88	2100	2095	0.00	194	0	0	0	nan	0.00	0.02	4.44	84.43	89.12	0.00	42	0	42	0.00	0.00	65.28	7.56	0.00	0.00	2000
238	11.32	2081	2117	0.00	195	0	0	0	nan	0.00	0.00	4.90	84.52	88.68	0.00	42	0	43	0.00	0.00	64.97	7.62	0.00	0.00	2000
229	11.30	2051	2076	0.00	194	0	0	0	nan	0.00	0.01	3.46	84.38	88.70	0.00	42	0	42	0.00	0.00	65.24	7.47	0.00	0.00	2000
230	11.22	2042	2109	0.00	197	0	0	0	nan	0.00	0.00	5.72	83.48	88.78	0.00	42	0	43	0.00	0.00	63.06	7.59	0.00	0.00	2000
228	11.02	2063	2105	0.00	195	0	0	0	nan	0.00	0.00	5.15	84.04	88.98	0.00	42	0	43	0.00	0.00	65.36	7.52	0.00	0.00	2000
228	11.06	2070	2095	0.00	194	0	0	0	nan	0.00	0.00	4.52	84.25	88.94	0.00	42	0	43	0.00	0.00	64.64	7.52	0.00	0.00	2000
230	11.03	2091	2093	0.00	195	0	0	0	nan	0.00	0.00	5.07	83.58	88.97	0.00	42	0	42	0.00	0.00	64.86	7.38	0.00	0.00	2000
229	10.99	2079	2106	0.00	195	0	0	0	nan	0.00	0.00	5.87	83.31	89.01	0.00	42	0	43	0.00	0.00	64.54	7.50	0.00	0.00	2000
227	10.86	2093	2101	0.00	194	0	0	0	nan	0.00	0.00	5.10	84.12	89.14	0.00	42	0	43	0.00	0.00	64.61	7.33	0.00	0.00	2000
229	10.90	2098	2100	0.00	194	0	0	0	nan	0.00	0.00	4.81	84.22	89.10	0.00	41	0	43	0.00	0.00	64.53	7.60	0.00	0.00	2000
229	11.08	2065	2098	0.00	196	0	0	0	nan	0.00	0.03	5.31	83.48	88.92	0.00	42	0	43	0.00	0.00	64.45	7.48	0.00	0.00	2000
231	10.89	2119	2099	0.00	197	0	0	0	nan	0.00	0.00	5.77	83.26	89.11	0.00	42	0	42	0.00	0.00	64.29	7.34	0.00	0.00	2000
231	10.85	2121	2107	0.00	195	0	0	0	nan	0.00	0.00	5.03	84.35	89.15	0.00	42	0	43	0.00	0.00	65.63	7.63	0.00	0.00	2000
229	11.26	2040	2095	0.00	178	0	0	3	67.77	0.00	0.02	4.24	84.31	88.74	0.00	42	0	42	0.00	0.00	63.22	7.49	0.00	0.00	2000
228	11.35	2017	2094	1.35	210	0	0	4	70.52	0.00	0.00	4.33	84.16	88.65	0.00	42	0	43	0.00	0.00	64.04	7.47	0.00	0.00	2000
229	11.14	2031	2126	0.00	195	0	0	0	nan	0.00	0.03	5.33	84.67	88.86	0.00	42	0	42	0.00	0.00	64.29	7.59	0.00	0.00	2000
228	11.20	2055	2083	0.00	194	0	0	0	nan	0.00	0.01	4.05	84.09	88.80	0.00	42	0	42	0.00	0.00	63.99	7.59	0.00	0.00	2000
227	10.95	2139	2035	0.00	195	0	0	0	nan	0.00	0.00	4.35	81.91	89.05	0.00	42	0	43	0.00	0.00	61.96	7.25	0.00	0.00	2000
230	11.00	2022	2168	0.00	211	0	0	0	nan	0.00	0.00	4.40	87.58	89.00	0.00	42	0	43	0.00	0.00	66.49	7.85	0.00	0.00	2000
230	11.01	2074	2119	0.00	194	0	0	0	nan	0.00	0.00	4.87	84.91	88.99	0.00	42	0	42	0.00	0.00	64.66	7.64	0.00	0.00	2000
227	11.25	2047	2073	0.00	194	0	0	0	nan	0.00	0.02	4.05	83.59	88.75	0.00	42	0	43	0.00	0.00	61.35	7.22	0.00	0.00	2000
231	10.73	2139	2109	0.00	195	0	0	0	nan	0.00	0.04	5.34	84.40	89.27	0.00	42	0	43	0.00	0.00	67.72	7.90	0.00	0.00	2000
232	11.25	2068	2090	0.00	210	0	0	0	nan	0.00	0.00	7.83	80.57	88.75	0.00	42	0	43	0.00	0.00	61.59	7.15	0.00	0.00	2000
229	11.31	2012	2113	0.00	195	0	0	0	nan	0.00	0.00	5.26	84.09	88.69	0.00	42	0	42	0.00	0.00	66.85	7.79	0.00	0.00	2000
228	11.04	2074	2090	0.00	193	0	0	0	nan	0.00	0.00	4.69	83.83	88.96	0.00	42	0	42	0.00	0.00	61.74	7.16	0.00	0.00	2000
228	10.92	2075	2117	0.00	194	0	0	0	nan	0.00	0.00	4.98	84.81	89.08	0.00	42	0	42	0.00	0.00	66.88	7.80	0.00	0.00	2000
230	11.33	2037	2089	0.00	194	0	0	0	nan	0.00	0.00	4.06	84.23	88.67	0.00	42	0	42	0.00	0.00	61.65	7.04	0.00	0.00	2000
230	11.12	2069	2100	0.00	195	0	0	0	nan	0.00	0.02	4.43	84.46	88.88	0.00	42	0	43	0.00	0.00	67.24	7.83	0.00	0.00	2000
227	11.31	2011	2100	0.00	195	0	0	0	nan	0.00	0.00	5.37	83.45	88.69	0.00	42	0	42	0.00	0.00	64.65	7.41	0.00	0.00	2000
229	11.19	2048	2102	0.00	194	0	0	0	nan	0.00	0.00	5.12	83.83	88.81	0.00	42	0	43	0.00	0.00	64.69	7.30	0.00	0.00	2000
227	10.92	2082	2101	0.00	196	0	0	3	78.18	0.00	0.00	5.90	83.22	89.08	0.00	43	0	43	0.00	0.00	61.85	7.10	0.00	0.00	2000
226	11.10	2106	2034	1.26	197	0	0	5	76.42	0.00	0.00	4.04	82.01	88.90	0.00	42	0	43	0.00	0.00	64.66	7.41	0.00	0.00	2000
232	11.15	2022	2160	0.00	212	0	0	0	nan	0.00	0.00	3.84	87.52	88.85	0.00	42	0	42	0.00	0.00	64.24	7.48	0.00	0.00	2000
229	11.29	2019	2109	0.00	199	0	0	0	nan	0.00	0.00	5.87	83.28	88.71	0.00	42	0	42	0.00	0.00	64.34	7.46	0.00	0.00	2000
229	11.15	2045	2110	0.00	205	0	0	0	nan	0.00	0.00	6.46	82.83	88.85	0.00	42	0	42	0.00	0.00	64.63	7.58	0.00	0.00	2000
228	11.50	1983	2096	0.00	194	0	0	0	nan	0.00	0.00	4.15	84.34	88.50	0.00	42	0	43	0.00	0.00	66.31	7.71	0.00	0.00	2000
231	11.49	2014	2098	0.00	196	0	0	0	nan	0.00	0.00	4.83	83.74	88.51	0.00	42	0	42	0.00	0.00	64.57	7.22	0.00	0.00	2000
229	11.37	2016	2095	0.00	194	0	0	0	nan	0.00	0.00	4.35	84.15	88.63	0.00	42	0	43	0.00	0.00	61.59	7.49	0.00	0.00	2000
228	11.08	2046	2111	0.00	194	0	0	0	nan	0.00	0.00	4.53	84.96	88.92	0.00	42	0	43	0.00	0.00	64.61	7.48	0.00	0.00	2000
228	11.26	2036	2090	0.00	194	0	0	0	nan	0.00	0.00	4.17	84.30	88.74	0.00	42	0	43	0.00	0.00	61.46	7.54	0.00	0.00	2000
228	11.12	2044	2103	0.00	195	0	0	0	nan	0.00	0.00	5.37	83.69	88.88	0.00	42	0	43	0.00	0.00	66.97	7.19	0.00	0.00	2000
228	11.15	2034	2113	0.00	202	0	0	0	nan	0.00	0.00	4.67	84.80	88.85	0.00	42	0	43	0.00	0.00	62.10	7.73	0.00	0.00	2000
230	10.93	2100	2099	0.00	179	0	0	0	nan	0.00	0.01	3.65	85.37	89.07	0.00	42	0	42	0.00	0.00	65.23	7.65	0.00	0.00	2000
229	11.25	2031	2106	0.00	194	0	0	0	nan	0.00	0.00	3.49	85.68	88.75	0.00	42	0	43	0.00	0.00	65.59	7.34	0.00	0.00	2000
226	11.20	2086	2031	0.00	194	0	0	0	nan	0.00	0.02	3.61	82.36	88.80	0.00	42	0	43	0.00	0.00	63.57	7.42	0.00	0.00	2000
232	10.71	2114	2151	0.00	210	0	0	0	nan	0.00	0.02	3.71	87.69	89.29	0.00	42	0	43	0.00	0.00	64.57	7.64	0.00	0.00	2000
229	10.99	2087	2095	0.00	194	0	0	0	nan	0.00	0.02	4.43	84.41	89.01	0.00	42	0	43	0.00	0.00	64.08	7.36	0.00	0.00	2000
227	11.05	2114	2039	0.00	195	0	0	3	69.11	0.00	0.00	4.23	82.23	88.95	0.00	42	0	42	0.00	0.00	59.75	6.76	0.00	0.00	2000
231	11.05	2023	2168	1.34	210	0	0	5	71.65	0.00	0.00	3.84	88.05	88.95	0.00	42	0	43	0.00	0.00	66.69	8.02	0.00	0.00	2000
229	11.13	2052	2104	0.00	195	0	0	0	nan	0.00	0.00	4.99	83.99	88.87	0.00	42	0	43	0.00	0.00	66.99	7.47	0.00	0.00	2000
233	11.46	2027	2104	0.00	196	0	0	0	nan	0.00	0.00	4.66	84.07	88.54	0.00	42	0	43	0.00	0.00	62.20	7.25	0.00	0.00	2000
231	11.52	2009	2100	0.00	197	0	0	0	nan	0.00	0.00	5.66	82.82	88.48	0.00	41	0	42	0.00	0.00	64.25	7.35	0.00	0.00	2000
230	11.24	2065	2086	0.00	196	0	0	0	nan	0.00	0.00	4.68	83.58	88.76	0.00	42	0	43	0.00	0.00	64.77	7.35	0.00	0.00	2000
229	10.97	2081	2109	0.00	195	0	0	0	nan	0.00	0.00	4.78	84.79	89.03	0.00	42	0	43	0.00	0.00	64.51	7.41	0.00	0.00	2000
228	10.88	2097	2097	0.00	194	0	0	0	nan	0.00	0.00	4.28	84.69	89.12	0.00	42	0	43	0.00	0.00	64.36	7.56	0.00	0.00	2000
229	11.13	2045	2111	0.00	195	0	0	0	nan	0.00	0.00	4.78	84.64	88.87	0.00	42	0	43	0.00	0.00	64.29	7.39	0.00	0.00	2000
228	11.21	2049	2084	0.00	194	0	0	0	nan	0.00	0.00	4.45	83.60	88.79	0.00	42	0	43	0.00	0.00	64.40	7.40	0.00	0.00	2000
231	10.77	2115	2128	0.00	196	0	0	0	nan	0.00	0.02	5.13	85.26	89.23	0.00	42	0	43	0.00	0.00	66.24	7.57	0.00	0.00	2000
227	11.19	2067	2064	0.00	178	0	0	0	nan	0.00	0.00	3.60	83.67	88.81	0.00	42	0	43	0.00	0.00	63.39	7.21	0.00	0.00	2000
228	11.25	1999	2127	0.00	210	0	0	0	nan	0.00	0.00	4.80	85.19	88.74	0.00	42	0	43	0.00	0.00	64.36	7.29	0.00	0.00	2000
228	11.26	2031	2091	0.00	193	0	0	0	nan	0.00	0.00	3.89	84.48	88.74	0.00	42	0	43	0.00	0.00	64.60	7.43	0.00	0.00	2000
230	11.56	1977	2108	0.00	195	0	0	0	nan	0.00	0.00	4.30	84.59	88.44	0.00	42	0	43	0.00	0.00	64.56	7.45	0.00	0.00	2000
230	11.36	2029	2094	0.00	196	0	0	0	nan	0.00	0.00	5.04	83.40	88.64	0.00	42	0	43	0.00	0.00	64.47	7.44	0.00	0.00	2000
229	11.17	2051	2098	0.00	194	0	0	0	nan	0.00	0.00	4.48	84.22	88.83	0.00	42	0	42	0.00	0.00	64.44	7.44	0.00	0.00	2000
227	11.09	2053	2097	0.00	194	0	0	1	80.51	0.00	0.00	4.70	84.02	88.91	0.00	42	0	43	0.00	0.00	64.19	7.33	0.00	0.00	2000
229	11.12	2052	2112	1.42	195	0	0	7	73.96	0.00	0.04	4.41	85.00	88.88	0.00	42	0	43	0.00	0.00	64.35	7.58	0.00	0.00	2000
228	11.09	2072	2083	0.00	194	0	0	0	nan	0.00	0.00	4.06	84.12	88.91	0.00	42	0	43	0.00	0.00	64.31	7.62	0.00	0.00	2000
227	11.30	2061	2044	0.00	195	0	0	0	nan	0.00	0.02	4.72	81.77	88.70	0.00	42	0	43	0.00	0.00	61.90	7.21	0.00	0.00	2000
231	10.82	2077	2158	0.00	210	0	0	0	nan	0.00	0.02	3.37	88.16	89.18	0.00	42	0	42	0.00	0.00	67.32	7.84	0.00	0.00	2000
231	10.79	2127	2111	0.00	195	0	0	0	nan	0.00	0.00	4.48	85.25	89.21	0.00	42	0	43	0.00	0.00	64.72	7.39	0.00	0.00	2000
228	11.26	2026	2098	0.00	194	0	0	0	nan	0.00	0.00	4.67	84.04	88.74	0.00	42	0	42	0.00	0.00	64.67	7.32	0.00	0.00	2000
230	10.83	2120	2103	0.00	196	0	0	0	nan	0.00	0.00	4.76	84.36	89.17	0.00	42	0	43	0.00	0.00	64.87	7.38	0.00	0.00	2000
230	11.26	2053	2090	0.00	195	0	0	0	nan	0.00	0.00	4.47	83.89	88.74	0.00	42	0	42	0.00	0.00	63.99	7.33	0.00	0.00	2000
229	11.14	2033	2125	0.00	195	0	0	0	nan	0.00	0.00	5.04	84.92	88.86	0.00	42	0	43	0.00	0.00	64.49	7.54	0.00	0.00	2000
227	11.37	2015	2082	0.00	194	0	0	0	nan	0.01	0.00	3.32	84.65	88.63	0.00	42	0	42	0.00	0.00	64.39	7.39	0.00	0.00	2000
229	11.10	2059	2103	0.00	194	0	0	0	nan	0.00	0.00	4.23	84.84	88.90	0.00	42	0	43	0.00	0.00	64.90	7.55	0.00	0.00	2000
227	11.06	2061	2096	0.00	194	0	0	0	nan	0.00	0.00	4.23	84.61	88.94	0.00	42	0	43	0.00	0.00	64.72	7.42	0.00	0.00	2000
232	10.97	2116	2100	0.00	196	0	0	0	nan	0.00	0.00	5.50	83.41	89.03	0.00	42	0	43	0.00	0.00	64.76	7.41	0.00	0.00	2000
229	10.88	2108	2093	0.00	194	0	0	0	nan	0.00	0.02	4.65	84.11	89.12	0.00	42	0	43	0.00	0.00	64.50	7.53	0.00	0.00	2000
230	10.95	2087	2110	0.00	194	0	0	0	nan	0.00	0.00	5.29	84.24	89.05	0.00	42	0	43	0.00	0.00	65.02	7.54	0.00	0.00	2000
228	10.66	2125	2110	0.00	194	0	0	0	nan	0.00	0.00	4.52	85.16	89.34	0.00	42	0	43	0.00	0.00	64.81	7.61	0.00	0.00	2000
248	11.66	2141	2089	0.00	194	0	0	0	82.04	0.00	0.00	4.38	83.48	88.34	0.00	42	0	42	0.00	0.00	64.48	7.56	0.00	0.00	2000
231	11.17	2055	2109	1.41	196	0	0	6	70.41	0.00	0.00	4.04	85.21	88.83	0.00	42	0	43	0.00	0.00	64.95	7.63	0.00	0.00	2000
227	11.18	2038	2090	0.05	193	0	0	0	nan	0.00	0.00	3.52	85.00	88.82	0.00	42	0	43	0.00	0.00	63.55	7.13	0.00	0.00	2000
226	11.08	2087	2050	0.00	194	0	0	0	nan	0.00	0.00	2.79	84.00	88.92	0.00	42	0	43	0.00	0.00	63.00	7.40	0.00	0.00	2000
232	10.95	2060	2155	0.00	210	0	0	0	nan	0.00	0.00	3.68	87.66	89.05	0.00	42	0	42	0.00	0.00	67.61	7.89	0.00	0.00	2000
234	11.31	2071	2096	0.00	198	0	0	0	nan	0.00	0.00	6.80	81.72	88.69	0.00	42	0	43	0.00	0.00	65.09	7.59	0.00	0.00	2000
232	11.27	2049	2105	0.00	196	0	0	0	nan	0.00	0.00	5.38	83.59	88.73	0.00	42	0	43	0.00	0.00	65.10	7.45	0.00	0.00	2000
227	10.91	2086	2095	0.00	194	0	0	0	nan	0.00	0.00	4.52	84.34	89.09	0.00	42	0	43	0.00	0.00	63.94	7.43	0.00	0.00	2000
230	10.92	2098	2104	0.00	194	0	0	0	nan	0.00	0.00	4.92	84.33	89.08	0.00	42	0	43	0.00	0.00	64.20	7.51	0.00	0.00	2000
228	10.87	2094	2101	0.00	195	0	0	0	nan	0.00	0.00	4.96	84.21	89.13	0.00	42	0	43	0.00	0.00	64.82	7.67	0.00	0.00	2000
230	10.82	2120	2102	0.00	195	0	0	0	nan	0.00	0.00	5.27	83.95	89.18	0.00	42	0	42	0.00	0.00	65.39	7.55	0.00	0.00	2000
230	11.37	2019	2101	0.00	198	0	0	0	nan	0.00	0.00	4.34	84.43	88.63	0.00	42	0	43	0.00	0.00	63.73	7.58	0.00	0.00	2000
226	10.97	2125	2033	0.00	194	0	0	0	nan	0.00	0.01	3.51	82.67	89.03	0.00	42	0	43	0.00	0.00	61.99	7.09	0.00	0.00	2000
230	11.05	2015	2169	0.00	212	0	0	0	nan	0.00	0.03	3.75	88.17	88.95	0.00	42	0	43	0.00	0.00	66.87	7.84	0.00	0.00	2000
228	10.92	2092	2101	0.00	193	0	0	0	nan	0.00	0.00	4.31	84.74	89.08	0.00	42	0	43	0.00	0.00	64.03	7.29	0.00	0.00	2000
228	10.89	2109	2089	0.00	194	0	0	0	nan	0.00	0.00	4.62	83.89	89.11	0.00	42	0	42	0.00	0.00	64.51	7.51	0.00	0.00	2000
231	11.09	2066	2119	0.00	195	0	0	0	nan	0.00	0.00	5.87	83.83	88.91	0.00	42	0	43	0.00	0.00	64.42	7.57	0.00	0.00	2000
228	10.92	2105	2081	0.00	195	0	0	0	88.48	0.00	0.00	4.74	83.54	89.08	0.00	42	0	43	0.00	0.00	64.47	7.40	0.00	0.00	2000
228	11.02	2053	2117	1.43	194	0	0	6	72.73	0.00	0.00	5.43	84.32	88.98	0.00	42	0	43	0.00	0.00	64.15	7.31	0.00	0.00	2000
228	11.20	2040	2094	0.04	194	0	0	0	nan	0.00	0.00	4.45	84.24	88.80	0.00	42	0	43	0.00	0.00	64.50	7.44	0.00	0.00	2000
229	11.10	2057	2102	0.00	194	0	0	0	nan	0.00	0.00	4.64	84.41	88.90	0.00	42	0	43	0.00	0.00	64.14	7.36	0.00	0.00	2000
231	11.10	2094	2088	0.00	196	0	0	0	nan	0.00	0.02	5.11	83.29	88.90	0.00	42	0	43	0.00	0.00	64.24	7.46	0.00	0.00	2000
230	10.84	2113	2110	0.00	194	0	0	0	nan	0.00	0.00	5.07	84.51	89.16	0.00	42	0	43	0.00	0.00	64.80	7.35	0.00	0.00	2000
227	11.13	2050	2088	0.00	194	0	0	0	nan	0.00	0.00	4.09	84.39	88.87	0.00	42	0	43	0.00	0.00	64.21	7.31	0.00	0.00	2000
229	11.19	2035	2114	0.00	194	0	0	0	nan	0.00	0.00	4.90	84.54	88.81	0.00	42	0	43	0.00	0.00	64.80	7.50	0.00	0.00	2000
227	10.94	2083	2095	0.00	194	0	0	0	nan	0.00	0.00	4.06	84.82	89.06	0.00	41	0	42	0.00	0.00	64.38	7.37	0.00	0.00	2000
230	11.24	2036	2115	0.00	195	0	0	0	nan	0.00	0.00	4.42	84.94	88.76	0.00	42	0	43	0.00	0.00	64.53	7.51	0.00	0.00	2000
227	11.17	2048	2089	0.00	194	0	0	0	nan	0.00	0.00	3.93	84.49	88.83	0.00	42	0	43	0.00	0.00	64.51	7.48	0.00	0.00	2000
228	11.16	2045	2102	0.00	194	0	0	0	nan	0.00	0.00	4.37	84.62	88.84	0.00	42	0	43	0.00	0.00	63.96	7.56	0.00	0.00	2000
228	11.19	2052	2088	0.00	194	0	0	0	nan	0.00	0.00	4.25	84.11	88.81	0.00	42	0	43	0.00	0.00	61.71	7.33	0.00	0.00	2000
229	11.04	2066	2113	0.00	195	0	0	0	nan	0.00	0.00	5.33	84.30	88.96	0.00	42	0	43	0.00	0.00	67.04	7.61	0.00	0.00	2000
230	11.26	2054	2086	0.00	197	0	0	0	nan	0.00	0.00	5.54	82.58	88.74	0.00	42	0	43	0.00	0.00	61.74	7.12	0.00	0.00	2000
231	11.06	2079	2110	0.00	196	0	0	0	nan	0.00	0.00	6.00	83.42	88.94	0.00	42	0	43	0.00	0.00	63.98	7.85	0.00	0.00	2000
229	10.96	2094	2092	0.00	194	0	0	0	nan	0.00	0.00	5.44	83.26	89.04	0.00	42	0	42	0.00	0.00	64.49	6.88	0.00	0.00	2000
229	11.01	2074	2109	0.00	195	0	0	0	nan	0.00	0.00	5.56	83.86	88.99	0.00	42	0	43	0.00	0.00	67.07	7.87	0.00	0.00	2000
228	11.25	2031	2095	1.09	194	0	0	6	72.33	0.00	0.00	5.26	83.26	88.75	0.00	42	0	42	0.00	0.00	64.43	7.44	0.00	0.00	2000
229	11.34	2019	2105	0.39	196	0	0	0	nan	0.00	0.00	5.32	83.59	88.66	0.00	42	0	43	0.00	0.00	64.14	7.71	0.00	0.00	2000
229	11.32	2025	2099	0.00	194	0	0	0	nan	0.00	0.00	5.06	83.72	88.68	0.00	42	0	43	0.00	0.00	64.54	7.64	0.00	0.00	2000
230	11.20	2050	2104	0.00	195	0	0	0	nan	0.00	0.00	4.77	84.13	88.81	0.00	42	0	42	0.00	0.00	64.38	7.48	0.00	0.00	2000
228	11.10	2053	2106	0.00	194	0	0	0	nan	0.00	0.00	4.50	84.63	88.90	0.00	42	0	42	0.00	0.00	60.14	7.00	0.00	0.00	2000
229	11.21	2077	2069	0.00	178	0	0	0	nan	0.00	0.02	3.79	83.67	88.79	0.00	42	0	42	0.00	0.00	65.71	7.76	0.00	0.00	2000
228	11.27	1995	2128	0.00	210	0	0	0	nan	0.00	0.00	5.03	84.98	88.73	0.00	42	0	43	0.00	0.00	62.09	7.22	0.00	0.00	2000
229	11.50	1997	2096	0.00	196	0	0	0	nan	0.00	0.00	4.43	84.08	88.50	0.00	42	0	42	0.00	0.00	66.11	7.75	0.00	0.00	2000
228	10.79	2106	2109	0.00	194	0	0	0	nan	0.00	0.00	4.16	85.43	89.21	0.00	42	0	42	0.00	0.00	64.12	7.41	0.00	0.00	2000
225	11.08	2102	2026	0.00	194	0	0	0	nan	0.00	0.00	3.84	82.00	88.92	0.00	42	0	43	0.00	0.00	62.10	7.18	0.00	0.00	2000
230	10.68	2092	2159	0.00	210	0	0	0	nan	0.00	0.02	3.72	88.05	89.32	0.00	42	0	43	0.00	0.00	66.53	7.60	0.00	0.00	2000
229	11.05	2052	2126	0.00	195	0	0	0	nan	0.00	0.00	5.79	84.28	88.95	0.00	42	0	43	0.00	0.00	62.79	7.29	0.00	0.00	2000
229	11.26	2049	2084	0.00	179	0	0	0	nan	0.00	0.02	3.67	84.47	88.74	0.00	42	0	43	0.00	0.00	63.33	7.43	0.00	0.00	2000
229	11.29	2028	2100	0.00	210	0	0	0	nan	0.00	0.00	4.32	84.49	88.71	0.00	42	0	43	0.00	0.00	63.88	7.32	0.00	0.00	2000
228	11.09	2051	2102	0.00	193	0	0	0	nan	0.00	0.00	5.14	83.94	88.91	0.00	42	0	43	0.00	0.00	63.59	7.67	0.00	0.00	2000
229	11.17	2048	2099	0.00	194	0	0	0	nan	0.00	0.00	4.69	84.20	88.83	0.00	42	0	43	0.00	0.00	64.30	7.45	0.00	0.00	2000
228	11.41	2005	2091	0.00	196	0	0	0	nan	0.00	0.00	4.93	83.32	88.59	0.00	42	0	43	0.00	0.00	64.42	7.25	0.00	0.00	2000
237	11.26	2095	2109	0.90	198	0	0	7	74.80	0.00	0.00	6.64	82.45	88.74	0.00	42	0	42	0.00	0.00	64.47	7.52	0.00	0.00	2000
228	11.15	2050	2093	0.55	194	0	0	0	nan	0.00	0.00	5.18	83.44	88.85	0.00	42	0	43	0.00	0.00	64.94	7.49	0.00	0.00	2000
229	11.16	2045	2105	0.00	194	0	0	0	nan	0.00	0.00	5.31	83.82	88.84	0.00	42	0	43	0.00	0.00	64.06	7.53	0.00	0.00	2000
230	10.99	2096	2095	0.00	195	0	0	0	nan	0.00	0.00	5.30	83.49	89.01	0.00	42	0	43	0.00	0.00	64.35	7.43	0.00	0.00	2000
229	11.08	2059	2107	0.00	194	0	0	0	nan	0.00	0.00	5.72	83.65	88.92	0.00	42	0	43	0.00	0.00	64.24	7.35	0.00	0.00	2000
229	10.86	2100	2110	0.00	195	0	0	0	nan	0.00	0.02	5.44	84.16	89.14	0.00	42	0	42	0.00	0.00	65.86	7.61	0.00	0.00	2000
229	11.43	2021	2084	0.00	178	0	0	0	nan	0.00	0.00	3.71	84.25	88.57	0.00	41	0	42	0.00	0.00	63.52	7.65	0.00	0.00	2000
227	10.97	2069	2103	0.00	211	0	0	0	nan	0.00	0.00	5.26	83.95	89.03	0.00	42	0	43	0.00	0.00	64.84	7.51	0.00	0.00	2000
228	11.15	2039	2106	0.00	194	0	0	0	nan	0.00	0.00	5.05	84.10	88.85	0.00	42	0	43	0.00	0.00	64.79	7.45	0.00	0.00	2000
227	10.92	2083	2097	0.00	193	0	0	0	nan	0.00	0.00	4.77	84.13	89.08	0.00	42	0	42	0.00	0.00	64.50	7.45	0.00	0.00	2000
230	11.17	2050	2114	0.00	194	0	0	0	nan	0.00	0.00	5.04	84.37	88.83	0.00	42	0	43	0.00	0.00	65.06	7.45	0.00	0.00	2000
228	11.18	2049	2090	0.00	197	0	0	0	nan	0.00	0.00	4.77	83.68	88.82	0.00	42	0	42	0.00	0.00	64.77	7.44	0.00	0.00	2000
230	10.95	2098	2104	0.00	195	0	0	0	nan	0.00	0.01	4.36	84.74	89.05	0.00	42	0	43	0.00	0.00	65.41	7.48	0.00	0.00	2000
227	11.21	2029	2092	0.00	178	0	0	0	nan	0.00	0.00	4.69	83.82	88.79	0.00	42	0	42	0.00	0.00	63.14	7.46	0.00	0.00	2000
225	11.12	2088	2039	0.00	210	0	0	0	nan	0.00	0.01	3.82	82.54	88.88	0.00	42	0	43	0.00	0.00	61.97	7.35	0.00	0.00	2000
232	11.27	2001	2158	0.00	212	0	0	0	nan	0.00	0.00	3.93	87.24	88.73	0.00	42	0	42	0.00	0.00	67.11	7.65	0.00	0.00	2000
229	10.87	2083	2124	0.00	194	0	0	0	nan	0.00	0.00	4.83	85.39	89.13	0.00	42	0	43	0.00	0.00	65.10	7.56	0.00	0.00	2000
227	11.04	2069	2085	0.76	194	0	0	6	69.43	0.00	0.00	3.54	84.85	88.96	0.00	42	0	43	0.00	0.00	64.49	7.42	0.00	0.00	2000
230	11.06	2078	2102	0.72	194	0	0	1	91.14	0.00	0.00	3.92	85.16	88.94	0.00	42	0	42	0.00	0.00	64.47	7.57	0.00	0.00	2000
228	10.85	2094	2110	0.00	195	0	0	0	nan	0.00	0.00	5.03	84.53	89.15	0.00	42	0	43	0.00	0.00	64.85	7.66	0.00	0.00	2000
234	11.41	2061	2087	0.00	198	0	0	0	nan	0.00	0.00	4.90	83.13	88.59	0.00	42	0	43	0.00	0.00	64.35	7.44	0.00	0.00	2000
228	11.23	2032	2100	0.00	194	0	0	0	nan	0.00	0.00	4.80	84.08	88.77	0.00	42	0	42	0.00	0.00	64.47	7.46	0.00	0.00	2000
228	11.25	2024	2104	0.00	194	0	0	0	nan	0.00	0.00	4.98	84.01	88.75	0.00	42	0	43	0.00	0.00	64.28	7.61	0.00	0.00	2000
228	11.14	2047	2098	0.00	195	0	0	0	nan	0.00	0.00	5.04	83.80	88.86	0.00	42	0	43	0.00	0.00	61.68	7.56	0.00	0.00	2000
229	11.13	2055	2101	0.00	194	0	0	0	nan	0.00	0.00	4.93	84.09	88.87	0.00	42	0	43	0.00	0.00	67.31	7.46	0.00	0.00	2000
227	11.17	2037	2095	0.00	194	0	0	0	nan	0.00	0.00	4.57	84.05	88.83	0.00	42	0	43	0.00	0.00	61.76	7.46	0.00	0.00	2000
226	11.04	2109	2040	0.00	195	0	0	0	nan	0.00	0.00	4.66	81.74	88.96	0.00	42	0	43	0.00	0.00	64.86	6.90	0.00	0.00	2000
233	11.08	2040	2168	0.00	210	0	0	0	nan	0.00	0.00	3.94	87.96	88.92	0.00	42	0	43	0.00	0.00	67.30	7.73	0.00	0.00	2000
229	11.02	2075	2103	0.00	195	0	0	0	nan	0.00	0.00	4.87	84.23	88.98	0.00	42	0	42	0.00	0.00	64.64	7.39	0.00	0.00	2000
228	11.05	2074	2088	0.00	194	0	0	0	nan	0.00	0.00	4.43	84.02	88.95	0.00	42	0	42	0.00	0.00	64.82	7.49	0.00	0.00	2000
231	10.90	2117	2106	0.00	195	0	0	0	nan	0.00	0.02	5.32	84.00	89.10	0.00	42	0	43	0.00	0.00	64.86	7.60	0.00	0.00	2000
228	11.15	2041	2107	0.00	194	0	0	0	nan	0.00	0.00	4.68	84.57	88.85	0.00	42	0	43	0.00	0.00	64.78	7.55	0.00	0.00	2000
230	10.94	2090	2114	0.00	196	0	0	0	nan	0.00	0.00	4.93	84.70	89.06	0.00	42	0	43	0.00	0.00	65.10	7.55	0.00	0.00	2000
237	11.95	2004	2079	0.00	193	0	0	0	nan	0.00	0.02	4.07	83.11	88.05	0.00	42	0	43	0.00	0.00	65.20	7.33	0.00	0.00	2000
229	11.13	2052	2109	0.58	194	0	0	6	70.62	0.00	0.00	4.73	84.59	88.88	0.00	42	0	43	0.00	0.00	64.77	7.50	0.00	0.00	2000
230	11.05	2087	2097	0.89	194	0	0	2	82.41	0.00	0.00	4.19	84.51	88.95	0.00	42	0	42	0.00	0.00	64.91	7.41	0.00	0.00	2000
233	11.09	2097	2102	0.00	199	0	0	0	nan	0.00	0.03	4.99	84.07	88.91	0.00	42	0	42	0.00	0.00	65.11	7.42	0.00	0.00	2000
227	11.10	2062	2087	0.00	195	0	0	0	nan	0.00	0.00	4.18	84.24	88.90	0.00	42	0	43	0.00	0.00	64.16	7.75	0.00	0.00	2000
229	11.23	2025	2112	0.00	194	0	0	0	nan	0.00	0.00	4.89	84.45	88.77	0.00	42	0	43	0.00	0.00	64.14	7.47	0.00	0.00	2000
227	11.19	2031	2098	0.00	194	0	0	0	nan	0.00	0.00	4.12	84.71	88.81	0.00	42	0	43	0.00	0.00	63.98	7.35	0.00	0.00	2000
230	11.09	2075	2096	0.00	196	0	0	0	nan	0.00	0.03	4.76	83.96	88.91	0.00	42	0	43	0.00	0.00	64.46	7.74	0.00	0.00	2000
230	10.78	2119	2115	0.00	196	0	0	0	nan	0.00	0.00	5.26	84.67	89.22	0.00	42	0	42	0.00	0.00	65.74	7.48	0.00	0.00	2000
228	11.16	2058	2088	0.00	194	0	0	0	nan	0.00	0.00	3.72	84.67	88.84	0.00	42	0	43	0.00	0.00	64.43	7.28	0.00	0.00	2000
228	10.91	2098	2091	0.00	194	0	0	0	nan	0.00	0.00	4.19	84.49	89.09	0.00	42	0	43	0.00	0.00	64.70	7.42	0.00	0.00	2000
230	10.92	2089	2118	0.00	195	0	0	0	nan	0.00	0.00	4.55	85.34	89.08	0.00	42	0	43	0.00	0.00	63.82	7.30	0.00	0.00	2000
228	11.22	2049	2081	0.00	193	0	0	0	nan	0.00	0.00	3.96	84.13	88.78	0.00	42	0	43	0.00	0.00	64.86	7.61	0.00	0.00	2000
230	11.17	2034	2123	0.00	195	0	0	0	nan	0.00	0.00	5.15	84.76	88.83	0.00	42	0	42	0.00	0.00	64.23	7.41	0.00	0.00	2000
227	11.09	2062	2086	0.00	194	0	0	0	nan	0.00	0.02	3.75	84.62	88.91	0.00	42	0	43	0.00	0.00	64.28	7.48	0.00	0.00	2000
230	11.26	2039	2100	0.00	196	0	0	0	nan	0.00	0.00	4.30	84.43	88.74	0.00	42	0	42	0.00	0.00	64.58	7.46	0.00	0.00	2000
229	11.12	2057	2100	0.00	196	0	0	0	nan	0.00	0.00	4.75	84.12	88.88	0.00	42	0	43	0.00	0.00	63.71	7.60	0.00	0.00	2000
230	11.06	2077	2100	0.00	194	0	0	0	nan	0.00	0.01	4.17	84.76	88.94	0.00	42	0	42	0.00	0.00	64.45	7.64	0.00	0.00	2000
229	10.72	2146	2090	0.18	195	0	0	4	72.69	0.00	0.00	4.66	84.13	89.28	0.00	42	0	43	0.00	0.00	64.10	7.46	0.00	0.00	2000
229	10.97	2073	2111	1.23	194	0	0	3	78.77	0.00	0.00	4.76	84.77	89.03	0.00	42	0	42	0.00	0.00	64.66	7.44	0.00	0.00	2000
229	11.01	2076	2104	0.00	195	0	0	0	nan	0.00	0.02	4.83	84.38	88.99	0.00	42	0	43	0.00	0.00	64.28	7.36	0.00	0.00	2000
229	11.01	2081	2096	0.00	194	0	0	0	nan	0.00	0.01	3.67	85.21	88.99	0.00	42	0	43	0.00	0.00	64.60	7.25	0.00	0.00	2000
228	11.05	2063	2098	0.00	194	0	0	0	nan	0.00	0.00	4.47	84.45	88.95	0.00	42	0	43	0.00	0.00	63.71	7.62	0.00	0.00	2000
230	11.21	2056	2099	0.00	194	0	0	0	nan	0.00	0.00	4.72	84.02	88.79	0.00	42	0	43	0.00	0.00	64.43	7.57	0.00	0.00	2000
228	11.04	2062	2100	0.00	195	0	0	0	nan	0.00	0.00	4.98	84.10	88.96	0.00	42	0	42	0.00	0.00	64.40	7.33	0.00	0.00	2000
228	10.86	2083	2118	0.00	194	0	0	0	nan	0.00	0.00	4.40	85.45	89.14	0.00	42	0	42	0.00	0.00	64.43	7.54	0.00	0.00	2000
231	11.68	1995	2085	0.00	210	0	0	0	nan	0.00	0.00	7.25	80.63	88.32	0.00	42	0	43	0.00	0.00	64.11	7.45	0.00	0.00	2000
229	11.17	2052	2100	0.00	197	0	0	0	nan	0.00	0.00	5.90	82.91	88.83	0.00	42	0	43	0.00	0.00	64.75	7.44	0.00	0.00	2000
228	11.01	2081	2089	0.00	196	0	0	0	nan	0.00	0.00	5.82	82.69	88.99	0.00	42	0	43	0.00	0.00	64.25	7.48	0.00	0.00	2000
230	11.14	2059	2109	0.00	195	0	0	0	nan	0.00	0.00	5.18	84.13	88.86	0.00	42	0	42	0.00	0.00	64.61	7.56	0.00	0.00	2000
228	10.99	2072	2100	0.00	194	0	0	0	nan	0.00	0.00	5.08	83.98	89.01	0.00	42	0	43	0.00	0.00	64.47	7.51	0.00	0.00	2000
229	11.19	2044	2103	0.00	194	0	0	0	nan	0.00	0.00	4.71	84.25	88.81	0.00	42	0	42	0.00	0.00	64.02	7.58	0.00	0.00	2000
228	11.21	2041	2096	0.00	195	0	0	0	nan	0.01	0.00	5.43	83.30	88.79	0.00	42	0	42	0.00	0.00	64.40	7.52	0.00	0.00	2000
225	11.33	2050	2038	0.00	194	0	0	0	nan	0.00	0.00	4.38	81.74	88.67	0.00	42	0	43	0.00	0.00	62.10	7.19	0.00	0.00	2000
231	10.80	2083	2160	0.00	211	0	0	0	nan	0.00	0.02	3.55	88.17	89.20	0.00	42	0	43	0.00	0.00	67.09	7.52	0.00	0.00	2000
228	11.28	2012	2109	0.00	194	0	0	4	75.20	0.00	0.00	5.14	84.08	88.72	0.00	42	0	42	0.00	0.00	64.26	7.67	0.00	0.00	2000
228	11.25	2037	2090	1.36	194	0	0	4	76.52	0.00	0.00	5.31	83.02	88.75	0.00	42	0	42	0.00	0.00	64.61	7.18	0.00	0.00	2000
230	11.08	2062	2113	0.00	194	0	0	0	nan	0.00	0.00	5.12	84.36	88.92	0.00	42	0	42	0.00	0.00	64.73	7.90	0.00	0.00	2000
230	11.24	2043	2100	0.00	195	0	0	0	nan	0.00	0.00	4.90	83.90	88.76	0.00	42	0	42	0.00	0.00	63.90	7.51	0.00	0.00	2000
226	11.21	2085	2033	0.00	196	0	0	0	nan	0.00	0.00	4.00	82.03	88.79	0.00	42	0	43	0.00	0.00	62.20	7.20	0.00	0.00	2000
230	10.96	2032	2168	0.00	211	0	0	0	nan	0.00	0.00	4.36	87.56	89.04	0.00	42	0	42	0.00	0.00	66.80	7.81	0.00	0.00	2000
230	11.10	2068	2101	0.00	194	0	0	0	nan	0.00	0.00	4.44	84.47	88.90	0.00	42	0	43	0.00	0.00	62.39	7.36	0.00	0.00	2000
227	10.90	2089	2090	0.00	194	0	0	0	nan	0.00	0.00	4.63	84.05	89.10	0.00	42	0	43	0.00	0.00	64.21	7.31	0.00	0.00	2000
226	11.03	2110	2044	0.00	195	0	0	0	nan	0.00	0.00	5.52	81.16	88.97	0.00	42	0	42	0.00	0.00	64.66	7.56	0.00	0.00	2000
230	10.85	2053	2168	0.00	211	0	0	0	nan	0.00	0.00	4.29	87.68	89.15	0.00	43	0	43	0.00	0.00	64.48	7.55	0.00	0.00	2000
229	11.00	2082	2100	0.00	194	0	0	0	nan	0.00	0.02	4.42	84.64	89.00	0.00	42	0	43	0.00	0.00	64.83	7.59	0.00	0.00	2000
228	10.86	2106	2093	0.00	194	0	0	0	nan	0.00	0.00	4.39	84.43	89.14	0.00	42	0	42	0.00	0.00	64.75	7.50	0.00	0.00	2000
229	11.30	2016	2110	0.00	194	0	0	0	nan	0.00	0.00	5.03	84.24	88.70	0.00	42	0	42	0.00	0.00	64.23	7.50	0.00	0.00	2000
230	11.32	2044	2092	0.00	198	0	0	0	nan	0.00	0.00	5.31	83.08	88.68	0.00	42	0	43	0.00	0.00	64.93	7.52	0.00	0.00	2000
229	10.79	2103	2118	0.00	195	0	0	0	nan	0.00	0.00	4.98	84.97	89.21	0.00	42	0	42	0.00	0.00	62.66	7.32	0.00	0.00	2000
233	11.52	2057	2067	0.00	184	0	0	0	nan	0.00	0.00	4.72	82.43	88.48	0.00	42	0	42	0.00	0.00	66.32	7.77	0.00	0.00	2000
229	11.21	2009	2132	0.00	211	0	0	0	nan	0.00	0.00	5.10	85.22	88.79	0.00	42	0	42	0.00	0.00	61.73	7.18	0.00	0.00	2000
227	11.10	2059	2088	0.00	194	0	0	4	74.47	0.00	0.00	3.88	84.61	88.90	0.00	42	0	43	0.00	0.00	67.24	7.39	0.00	0.00	2000
232	11.08	2096	2100	1.33	196	0	0	4	79.63	0.00	0.01	4.78	84.21	88.92	0.00	42	0	42	0.00	0.00	62.07	7.54	0.00	0.00	2000
228	10.91	2086	2101	0.00	194	0	0	0	nan	0.00	0.00	4.42	84.80	89.09	0.00	42	0	42	0.00	0.00	64.94	7.47	0.00	0.00	2000
229	10.89	2107	2099	0.00	194	0	0	0	nan	0.00	0.00	4.33	84.66	89.11	0.00	42	0	43	0.00	0.00	67.26	7.58	0.00	0.00	2000
228	10.85	2097	2100	0.00	194	0	0	0	nan	0.00	0.00	4.58	84.68	89.15	0.00	42	0	43	0.00	0.00	61.90	7.52	0.00	0.00	2000
229	11.24	2028	2110	0.00	194	0	0	0	nan	0.00	0.00	4.02	85.23	88.76	0.00	42	0	42	0.00	0.00	64.23	7.57	0.00	0.00	2000
229	11.22	2056	2081	0.00	195	0	0	0	nan	0.00	0.00	3.51	84.62	88.78	0.00	42	0	43	0.00	0.00	64.00	7.51	0.00	0.00	2000
225	11.35	2037	2046	0.00	193	0	0	0	nan	0.00	0.00	4.45	82.01	88.65	0.00	42	0	43	0.00	0.00	61.93	7.27	0.00	0.00	2000
230	11.14	1994	2173	0.00	210	0	0	0	nan	0.00	0.03	3.37	88.66	88.86	0.00	42	0	42	0.00	0.00	66.90	8.02	0.00	0.00	2000
229	11.28	2038	2088	0.00	196	0	0	0	nan	0.00	0.00	4.73	83.65	88.72	0.00	42	0	43	0.00	0.00	63.62	7.46	0.00	0.00	2000
227	11.13	2028	2116	0.00	194	0	0	0	nan	0.00	0.00	4.94	84.72	88.87	0.00	42	0	43	0.00	0.00	64.65	7.59	0.00	0.00	2000
230	11.42	2020	2094	0.00	195	0	0	0	nan	0.00	0.00	4.70	83.68	88.59	0.00	42	0	43	0.00	0.00	63.49	7.48	0.00	0.00	2000
229	11.03	2060	2111	0.00	194	0	0	0	nan	0.00	0.02	4.14	85.26	88.97	0.00	42	0	43	0.00	0.00	65.38	7.65	0.00	0.00	2000
229	11.15	2066	2088	0.00	195	0	0	0	nan	0.00	0.01	4.20	84.20	88.85	0.00	42	0	43	0.00	0.00	63.44	7.50	0.00	0.00	2000
228	10.99	2062	2114	0.00	195	0	0	0	nan	0.00	0.02	5.12	84.44	89.01	0.00	42	0	43	0.00	0.00	64.59	7.47	0.00	0.00	2000
229	11.35	2024	2090	0.00	194	0	0	0	nan	0.00	0.00	4.03	84.24	88.65	0.00	42	0	43	0.00	0.00	63.90	7.56	0.00	0.00	2000
230	11.15	2072	2096	0.00	197	0	0	0	nan	0.00	0.00	4.26	84.42	88.85	0.00	42	0	43	0.00	0.00	64.53	7.62	0.00	0.00	2000
229	11.05	2072	2102	0.00	196	0	0	3	77.47	0.00	0.00	4.03	85.16	88.95	0.00	42	0	42	0.00	0.00	64.68	7.51	0.00	0.00	2000
230	11.56	1989	2100	1.35	194	0	0	5	77.61	0.00	0.00	4.13	84.42	88.44	0.00	42	0	42	0.00	0.00	64.67	7.58	0.00	0.00	2000
229	11.30	2024	2105	0.00	193	0	0	0	nan	0.00	0.00	4.58	84.39	88.70	0.00	42	0	43	0.00	0.00	64.61	7.58	0.00	0.00	2000
227	10.96	2091	2083	0.00	194	0	0	0	nan	0.00	0.00	4.47	83.79	89.04	0.00	42	0	42	0.00	0.00	64.03	7.50	0.00	0.00	2000
230	11.08	2055	2126	0.00	194	0	0	0	nan	0.00	0.00	5.59	84.53	88.92	0.00	42	0	42	0.00	0.00	64.66	7.49	0.00	0.00	2000
228	11.14	2066	2081	0.00	197	0	0	0	nan	0.00	0.00	3.63	84.44	88.86	0.00	42	0	43	0.00	0.00	65.20	7.55	0.00	0.00	2000
229	11.13	2054	2102	0.00	194	0	0	0	nan	0.00	0.00	4.46	84.50	88.87	0.00	42	0	43	0.00	0.00	63.95	7.58	0.00	0.00	2000
228	10.96	2078	2101	0.00	194	0	0	0	nan	0.00	0.00	4.62	84.44	89.04	0.00	42	0	42	0.00	0.00	64.76	7.80	0.00	0.00	2000
229	10.96	2093	2098	0.00	194	0	0	0	nan	0.00	0.00	4.96	83.98	89.04	0.00	42	0	42	0.00	0.00	64.36	7.62	0.00	0.00	2000
227	10.76	2111	2100	0.00	195	0	0	0	nan	0.00	0.00	5.10	84.19	89.24	0.00	42	0	43	0.00	0.00	64.47	7.58	0.00	0.00	2000
240	11.37	2109	2100	0.00	196	0	0	0	nan	0.00	0.00	5.68	82.93	88.63	0.00	42	0	43	0.00	0.00	64.62	7.44	0.00	0.00	2000
229	10.84	2108	2103	0.00	194	0	0	0	nan	0.00	0.00	4.48	84.80	89.16	0.00	42	0	42	0.00	0.00	64.71	7.82	0.00	0.00	2000
226	10.86	2146	2038	0.00	194	0	0	0	nan	0.00	0.00	3.63	82.75	89.14	0.00	42	0	43	0.00	0.00	62.05	7.23	0.00	0.00	2000
229	11.03	2016	2161	0.00	212	0	0	0	nan	0.00	0.00	3.43	88.18	88.97	0.00	42	0	42	0.00	0.00	67.09	7.82	0.00	0.00	2000
228	11.19	2093	2043	0.00	194	0	0	0	nan	0.00	0.00	3.93	82.48	88.81	0.00	42	0	42	0.00	0.00	62.01	7.22	0.00	0.00	2000
232	11.27	1995	2165	0.00	211	0	0	0	nan	0.00	0.00	3.61	87.93	88.73	0.00	42	0	42	0.00	0.00	67.51	7.68	0.00	0.00	2000
229	11.12	2051	2108	0.00	194	0	0	0	nan	0.00	0.00	4.57	84.70	88.88	0.00	42	0	43	0.00	0.00	64.71	7.54	0.00	0.00	2000
228	11.18	2045	2090	0.00	199	0	0	3	71.93	0.00	0.00	5.78	82.62	88.82	0.00	42	0	42	0.00	0.00	64.25	7.38	0.00	0.00	2000
230	11.18	2058	2104	1.35	195	0	0	5	78.35	0.00	0.02	4.47	84.55	88.82	0.00	42	0	43	0.00	0.00	64.60	7.61	0.00	0.00	2000
231	10.97	2114	2094	0.00	198	0	0	0	nan	0.00	0.00	5.91	82.80	89.03	0.00	42	0	43	0.00	0.00	64.91	7.47	0.00	0.00	2000
229	10.95	2081	2108	0.00	195	0	0	0	nan	0.00	0.00	4.85	84.60	89.05	0.00	42	0	43	0.00	0.00	64.91	7.57	0.00	0.00	2000
228	10.84	2119	2088	0.00	195	0	0	0	nan	0.00	0.00	4.76	83.84	89.16	0.00	42	0	42	0.00	0.00	64.41	7.53	0.00	0.00	2000
229	11.08	2050	2113	0.00	194	0	0	0	nan	0.00	0.02	4.87	84.71	88.92	0.00	42	0	43	0.00	0.00	64.01	7.35	0.00	0.00	2000
224	11.75	2140	1874	0.00	194	0	0	0	nan	0.00	0.01	4.05	74.70	88.25	0.00	40	0	43	0.00	0.00	56.77	6.66	0.00	0.00	2000
238	10.83	1954	2362	0.00	211	0	0	0	nan	0.00	0.00	3.46	97.00	89.17	0.00	39	0	43	0.00	0.00	74.71	8.86	0.00	0.00	2000
228	11.15	2076	2068	0.00	195	0	0	0	nan	0.00	0.00	4.18	83.38	88.85	0.00	39	0	43	0.00	0.00	56.36	6.88	0.00	0.00	2000
226	11.17	2051	2073	0.00	194	0	0	0	nan	0.00	0.00	3.28	84.45	88.83	0.00	39	0	42	0.00	0.00	67.49	7.40	0.00	0.00	2000
228	11.00	2084	2092	0.00	210	0	0	0	nan	0.00	0.02	2.89	85.72	89.00	0.00	39	0	42	0.00	0.00	64.86	7.46	0.00	0.00	2000
227	11.13	2100	2042	0.00	195	0	0	0	nan	0.00	0.00	3.62	82.76	88.87	0.00	39	0	42	0.00	0.00	64.87	7.50	0.00	0.00	2000
231	10.79	2049	2199	0.00	211	0	0	0	nan	0.00	0.00	3.40	90.01	89.21	0.00	39	0	43	0.00	0.00	64.74	7.39	0.00	0.00	2000
230	10.80	2123	2108	0.00	194	0	0	0	nan	0.00	0.01	3.72	85.82	89.20	0.00	39	0	42	0.00	0.00	65.32	7.65	0.00	0.00	2000
228	10.90	2098	2093	0.00	194	0	0	0	nan	0.00	0.00	4.05	84.80	89.10	0.00	39	0	43	0.00	0.00	64.95	7.48	0.00	0.00	2000
230	10.90	2104	2107	0.00	194	0	0	0	nan	0.00	0.00	4.60	84.82	89.10	0.00	39	0	42	0.00	0.00	64.56	7.35	0.00	0.00	2000
229	10.87	2091	2119	0.00	196	0	0	0	nan	0.00	0.00	3.77	86.28	89.13	0.00	39	0	42	0.00	0.00	66.99	7.80	0.00	0.00	2000
225	11.37	2089	1984	0.16	194	0	0	4	71.68	0.00	0.00	3.71	80.08	88.63	0.00	39	0	43	0.00	0.00	62.18	7.18	0.00	0.00	2000
232	10.63	2051	2234	1.21	210	0	0	3	80.21	0.00	0.00	3.04	92.03	89.37	0.00	40	0	43	0.00	0.00	65.16	7.42	0.00	0.00	2000
224	11.81	2014	1975	0.00	194	0	0	0	nan	0.00	0.00	3.68	79.36	88.19	0.00	39	0	43	0.00	0.00	59.88	6.96	0.00	0.00	2000
232	11.24	1978	2193	0.00	211	0	0	0	nan	0.00	0.00	3.65	89.14	88.76	0.00	39	0	43	0.00	0.00	70.30	8.06	0.00	0.00	2000
230	10.96	2083	2115	0.00	194	0	0	0	nan	0.00	0.00	3.89	85.86	89.04	0.00	39	0	43	0.00	0.00	64.46	7.41	0.00	0.00	2000
228	11.17	2019	2125	0.00	197	0	0	0	nan	0.00	0.00	4.38	85.61	88.83	0.00	40	0	43	0.00	0.00	67.56	7.53	0.00	0.00	2000
229	11.33	2011	2109	0.00	195	0	0	0	nan	0.00	0.00	4.26	84.91	88.67	0.00	39	0	42	0.00	0.00	64.77	7.77	0.00	0.00	2000
227	11.30	2059	2051	0.00	195	0	0	0	nan	0.00	0.00	3.48	83.16	88.70	0.00	39	0	42	0.00	0.00	62.37	7.21	0.00	0.00	2000
233	10.88	2129	2114	0.00	195	0	0	0	nan	0.00	0.02	4.46	85.22	89.12	0.00	39	0	42	0.00	0.00	64.96	7.76	0.00	0.00	2000
228	10.97	2087	2094	0.00	194	0	0	0	nan	0.00	0.00	4.37	84.51	89.03	0.00	40	0	42	0.00	0.00	65.19	7.68	0.00	0.00	2000
229	10.95	2086	2107	0.00	194	0	0	0	nan	0.00	0.00	3.68	85.75	89.05	0.00	40	0	43	0.00	0.00	64.38	7.58	0.00	0.00	2000
228	11.09	2062	2093	0.00	194	0	0	0	nan	0.00	0.00	4.01	84.59	88.91	0.00	40	0	43	0.00	0.00	64.93	7.54	0.00	0.00	2000
225	11.46	2056	2005	0.00	195	0	0	0	nan	0.00	0.00	2.94	81.74	88.54	0.00	40	0	43	0.00	0.00	59.44	6.77	0.00	0.00	2000
234	10.85	2044	2218	0.00	212	0	0	0	nan	0.00	0.00	2.95	91.34	89.15	0.00	40	0	43	0.00	0.00	69.89	7.95	0.00	0.00	2000
229	11.44	2010	2093	0.00	193	0	0	0	nan	0.00	0.00	4.15	84.26	88.56	0.00	39	0	43	0.00	0.00	65.05	7.51	0.00	0.00	2000
228	11.25	2014	2111	0.00	194	0	0	0	nan	0.00	0.00	4.02	85.30	88.75	0.00	40	0	43	0.00	0.00	64.97	7.41	0.00	0.00	2000
229	11.25	2029	2104	0.00	195	0	0	0	nan	0.00	0.00	5.01	83.98	88.75	0.00	40	0	43	0.00	0.00	64.88	7.54	0.00	0.00	2000
228	11.24	2052	2077	0.17	194	0	0	4	70.36	0.00	0.00	4.21	83.68	88.76	0.00	39	0	43	0.00	0.00	65.00	7.37	0.00	0.00	2000
233	11.20	2069	2108	1.22	195	0	0	4	77.82	0.00	0.00	4.18	84.93	88.80	0.00	39	0	43	0.00	0.00	64.60	7.40	0.00	0.00	2000
228	11.06	2046	2120	0.00	196	0	0	0	nan	0.00	0.00	3.97	85.93	88.94	0.00	40	0	42	0.00	0.00	64.84	7.43	0.00	0.00	2000
228	11.43	1993	2104	0.00	195	0	0	0	nan	0.00	0.00	4.46	84.45	88.57	0.00	40	0	42	0.00	0.00	64.03	7.48	0.00	0.00	2000
228	11.04	2079	2084	0.00	194	0	0	0	nan	0.00	0.03	3.54	84.66	88.96	0.00	39	0	43	0.00	0.00	65.63	7.51	0.00	0.00	2000
229	10.69	2153	2093	0.00	194	0	0	0	nan	0.00	0.00	4.35	84.57	89.31	0.00	40	0	43	0.00	0.00	65.24	7.47	0.00	0.00	2000
228	10.67	2142	2095	0.00	194	0	0	0	nan	0.00	0.00	4.02	85.08	89.33	0.00	40	0	43	0.00	0.00	64.71	7.42	0.00	0.00	2000
231	11.35	2007	2129	0.00	195	0	0	0	nan	0.00	0.00	4.41	85.60	88.65	0.00	40	0	42	0.00	0.00	64.58	7.51	0.00	0.00	2000
228	11.46	1997	2090	0.00	194	0	0	0	nan	0.00	0.00	3.51	84.70	88.54	0.00	40	0	43	0.00	0.00	64.66	7.39	0.00	0.00	2000
229	11.42	2022	2087	0.00	198	0	0	0	nan	0.00	0.01	5.30	82.87	88.58	0.00	40	0	43	0.00	0.00	64.39	7.43	0.00	0.00	2000
227	11.39	2008	2088	0.00	195	0	0	0	nan	0.00	0.00	3.64	84.66	88.61	0.00	39	0	42	0.00	0.00	64.76	7.57	0.00	0.00	2000
230	11.03	2041	2147	0.00	196	0	0	0	nan	0.00	0.01	4.57	86.43	88.97	0.00	40	0	43	0.00	0.00	65.49	7.60	0.00	0.00	2000
236	11.57	2086	2056	0.00	201	0	0	0	nan	0.00	0.02	4.73	81.92	88.43	0.00	39	0	43	0.00	0.00	64.29	7.55	0.00	0.00	2000
230	11.15	2058	2107	0.00	198	0	0	0	nan	0.01	0.00	5.45	83.79	88.85	0.00	40	0	43	0.00	0.00	64.42	7.33	0.00	0.00	2000
229	10.89	2113	2086	0.00	198	0	0	0	nan	0.00	0.02	4.95	83.59	89.11	0.00	39	0	43	0.00	0.00	65.12	7.33	0.00	0.00	2000
231	11.10	2065	2117	0.00	199	0	0	0	nan	0.00	0.00	6.12	83.54	88.90	0.00	39	0	43	0.00	0.00	62.18	7.32	0.00	0.00	2000
228	10.96	2075	2109	0.00	198	0	0	0	nan	0.00	0.00	4.75	84.73	89.04	0.00	39	0	43	0.00	0.00	67.35	7.24	0.00	0.00	2000
233	11.36	2037	2119	0.00	203	0	0	3	76.01	0.00	0.00	7.32	82.13	88.64	0.00	39	0	43	0.00	0.00	64.95	7.52	0.00	0.00	2000
228	11.47	2025	2063	1.35	198	0	0	5	74.10	0.00	0.00	6.87	80.22	88.53	0.00	40	0	42	0.00	0.00	64.97	7.46	0.00	0.00	2000
224	11.56	2030	2009	0.00	197	0	0	0	nan	0.00	0.00	6.79	77.96	88.44	0.00	39	0	42	0.00	0.00	59.71	6.90	0.00	0.00	2000
231	10.73	2060	2199	0.00	215	0	0	0	nan	0.00	0.00	5.63	87.78	89.27	0.00	39	0	43	0.00	0.00	69.94	8.01	0.00	0.00	2000
231	11.13	2049	2126	0.00	198	0	0	0	nan	0.00	0.03	5.63	84.33	88.87	0.00	40	0	42	0.00	0.00	64.55	7.44	0.00	0.00	2000
232	11.25	2070	2093	0.00	203	0	0	0	nan	0.00	0.00	6.30	82.18	88.75	0.00	40	0	43	0.00	0.00	64.89	7.43	0.00	0.00	2000
225	11.47	2072	1989	0.00	198	0	0	0	nan	0.00	0.00	6.94	76.98	88.53	0.00	39	0	42	0.00	0.00	59.78	6.72	0.00	0.00	2000
233	10.72	2059	2214	0.00	215	0	0	0	nan	0.00	0.03	6.11	88.04	89.28	0.00	40	0	42	0.00	0.00	70.44	8.02	0.00	0.00	2000
229	11.03	2101	2079	0.00	198	0	0	0	nan	0.01	0.00	4.64	83.54	88.97	0.00	39	0	42	0.00	0.00	63.98	7.39	0.00	0.00	2000
232	11.06	2048	2152	0.00	198	0	0	0	nan	0.00	0.03	3.54	87.61	88.94	0.00	40	0	43	0.00	0.00	65.31	7.53	0.00	0.00	2000
230	11.20	2103	2049	0.00	204	0	0	0	nan	0.00	0.05	4.71	81.94	88.80	0.00	39	0	43	0.00	0.00	63.86	7.68	0.00	0.00	2000
230	10.91	2099	2106	0.00	200	0	0	0	nan	0.00	0.00	5.25	84.14	89.09	0.00	40	0	43	0.00	0.00	64.79	7.55	0.00	0.00	2000
232	10.74	2146	2111	0.00	201	0	0	0	nan	0.00	0.02	7.01	82.78	89.26	0.00	40	0	42	0.00	0.00	65.30	7.32	0.00	0.00	2000
229	11.36	2022	2092	0.00	199	0	0	0	nan	0.00	0.01	6.78	81.66	88.64	0.00	39	0	42	0.00	0.00	64.38	7.59	0.00	0.00	2000
233	11.21	2043	2139	0.00	197	0	0	0	nan	0.00	0.03	6.48	83.98	88.79	0.00	40	0	43	0.00	0.00	64.74	7.42	0.00	0.00	2000
230	11.32	2066	2063	0.00	196	0	0	0	nan	0.00	0.05	3.96	83.19	88.68	0.00	40	0	43	0.00	0.00	64.94	7.51	0.00	0.00	2000
226	11.58	2041	2007	0.00	194	0	0	0	nan	0.00	0.02	3.90	80.68	88.42	0.00	40	0	43	0.00	0.00	59.68	6.98	0.00	0.00	2000
230	10.97	1986	2220	0.01	211	0	0	3	75.84	0.00	0.00	3.43	90.76	89.03	0.00	40	0	42	0.00	0.00	69.97	7.89	0.00	0.00	2000
224	11.49	2061	1988	1.32	194	0	0	4	77.84	0.00	0.00	4.05	79.85	88.51	0.00	40	0	42	0.00	0.00	59.60	6.98	0.00	0.00	2000
234	10.88	2024	2228	0.00	211	0	0	0	nan	0.00	0.00	3.73	90.88	89.12	0.00	40	0	42	0.00	0.00	70.28	8.18	0.00	0.00	2000
229	11.19	2047	2099	0.00	194	0	0	0	nan	0.00	0.00	4.38	84.46	88.81	0.00	40	0	43	0.00	0.00	64.95	7.40	0.00	0.00	2000
228	11.17	2067	2073	0.00	194	0	0	0	nan	0.00	0.00	4.25	83.51	88.83	0.00	40	0	42	0.00	0.00	64.05	7.67	0.00	0.00	2000
225	11.25	2087	2007	0.00	194	0	0	0	nan	0.00	0.00	3.74	81.14	88.75	0.00	40	0	43	0.00	0.00	59.45	7.11	0.00	0.00	2000
234	10.76	2044	2230	0.00	212	0	0	0	nan	0.00	0.00	3.23	91.54	89.24	0.00	40	0	42	0.00	0.00	70.26	8.04	0.00	0.00	2000
229	11.56	2001	2080	0.00	195	0	0	0	nan	0.00	0.00	3.65	84.10	88.44	0.00	40	0	43	0.00	0.00	64.42	7.54	0.00	0.00	2000
228	11.32	1997	2119	0.00	193	0	0	0	nan	0.00	0.00	3.74	85.85	88.68	0.00	39	0	42	0.00	0.00	64.32	7.72	0.00	0.00	2000
246	11.88	2069	2098	0.00	194	0	0	0	nan	0.00	0.00	4.40	83.63	88.12	0.00	40	0	42	0.00	0.00	64.62	7.40	0.00	0.00	2000
229	11.16	2077	2079	0.00	196	0	0	0	nan	0.00	0.00	4.18	83.76	88.84	0.00	39	0	43	0.00	0.00	64.97	7.67	0.00	0.00	2000
229	10.97	2067	2124	0.00	194	0	0	0	nan	0.00	0.02	3.43	86.62	89.03	0.00	39	0	42	0.00	0.00	64.48	7.44	0.00	0.00	2000
229	11.35	2038	2082	0.00	196	0	0	0	nan	0.00	0.00	4.12	83.80	88.65	0.00	40	0	43	0.00	0.00	61.99	7.25	0.00	0.00	2000
230	10.99	2107	2089	0.00	194	0	0	0	nan	0.00	0.02	2.97	85.49	89.01	0.00	39	0	42	0.00	0.00	64.04	7.43	0.00	0.00	2000
231	10.76	2125	2122	0.00	196	0	0	0	nan	0.00	0.00	3.90	86.18	89.24	0.00	40	0	43	0.00	0.00	68.12	7.69	0.00	0.00	2000
230	11.30	2049	2087	0.00	198	0	0	0	nan	0.00	0.00	5.03	83.26	88.70	0.00	39	0	42	0.00	0.00	64.51	7.52	0.00	0.00	2000
229	11.07	2083	2088	0.00	194	0	0	0	nan	0.00	0.00	4.06	84.46	88.93	0.00	39	0	43	0.00	0.00	58.96	7.26	0.00	0.00	2000
231	10.83	2121	2116	0.01	195	0	0	4	76.69	0.00	0.00	3.05	86.88	89.17	0.00	40	0	43	0.00	0.00	70.09	7.79	0.00	0.00	2000
228	11.28	2002	2118	1.39	194	0	0	4	78.05	0.00	0.00	3.94	85.65	88.72	0.00	39	0	42	0.00	0.00	64.28	7.57	0.00	0.00	2000
224	11.54	2059	1979	0.00	195	0	0	0	nan	0.00	0.00	3.41	79.95	88.46	0.00	40	0	42	0.00	0.00	59.25	6.92	0.00	0.00	2000
231	10.99	1978	2229	0.00	209	0	0	0	nan	0.00	0.00	3.40	91.15	89.01	0.00	39	0	43	0.00	0.00	67.30	7.92	0.00	0.00	2000
229	11.16	2052	2103	0.00	194	0	0	0	nan	0.00	0.00	3.51	85.45	88.84	0.00	40	0	43	0.00	0.00	66.74	7.75	0.00	0.00	2000
230	11.08	2076	2102	0.00	195	0	0	0	nan	0.00	0.00	4.47	84.52	88.92	0.00	40	0	42	0.00	0.00	60.18	7.14	0.00	0.00	2000
229	11.07	2116	2051	0.00	195	0	0	0	nan	0.00	0.02	3.72	83.05	88.93	0.00	40	0	42	0.00	0.00	63.23	7.58	0.00	0.00	2000
228	10.93	2074	2116	0.00	194	0	0	0	nan	0.00	0.00	2.98	86.75	89.07	0.00	39	0	43	0.00	0.00	64.83	7.74	0.00	0.00	2000
229	11.04	2045	2129	0.00	194	0	0	0	nan	0.00	0.00	3.93	86.42	88.96	0.00	40	0	43	0.00	0.00	67.16	7.92	0.00	0.00	2000
228	11.22	2026	2105	0.00	194	0	0	0	nan	0.00	0.00	4.30	84.81	88.78	0.00	40	0	43	0.00	0.00	61.44	7.38	0.00	0.00	2000
225	11.86	2016	1978	0.00	196	0	0	0	nan	0.00	0.00	4.47	78.59	88.14	0.00	40	0	42	0.00	0.00	64.25	7.61	0.00	0.00	2000
231	10.64	2079	2195	0.00	210	0	0	0	nan	0.00	0.05	3.63	89.73	89.36	0.00	39	0	43	0.00	0.00	64.47	7.37	0.00	0.00	2000
230	11.03	2072	2111	0.00	194	0	0	0	nan	0.00	0.02	3.31	86.26	88.97	0.00	40	0	43	0.00	0.00	64.43	7.49	0.00	0.00	2000
228	11.22	2008	2125	0.00	194	0	0	0	nan	0.00	0.00	3.77	86.21	88.78	0.00	40	0	42	0.00	0.00	63.90	7.54	0.00	0.00	2000
226	11.55	2061	1994	0.00	195	0	0	0	nan	0.00	0.00	3.34	80.69	88.45	0.00	40	0	42	0.00	0.00	62.09	7.07	0.00	0.00	2000
233	10.86	2048	2202	0.00	210	0	0	0	nan	0.00	0.03	2.66	90.80	89.14	0.00	40	0	42	0.00	0.00	67.95	7.81	0.00	0.00	2000
230	11.07	2104	2072	0.00	195	0	0	0	nan	0.00	0.01	2.92	84.79	88.93	0.00	39	0	43	0.00	0.00	63.62	7.32	0.00	0.00	2000
228	10.80	2083	2131	0.15	194	0	0	4	65.99	0.00	0.01	2.95	87.54	89.20	0.00	40	0	43	0.00	0.00	65.52	7.56	0.00	0.00	2000
230	11.66	1984	2086	1.24	198	0	0	4	73.02	0.00	0.00	5.29	82.62	88.34	0.00	40	0	43	0.00	0.00	63.46	7.36	0.00	0.00	2000
231	11.20	2025	2137	0.00	196	0	0	0	nan	0.00	0.00	4.15	86.30	88.80	0.00	40	0	42	0.00	0.00	66.03	7.62	0.00	0.00	2000
228	11.20	2091	2042	0.00	193	0	0	0	nan	0.00	0.01	2.97	83.48	88.80	0.00	40	0	43	0.00	0.00	63.17	7.28	0.00	0.00	2000
229	10.92	2078	2116	0.00	194	0	0	0	nan	0.00	0.00	3.63	86.17	89.08	0.00	40	0	43	0.00	0.00	64.38	7.49	0.00	0.00	2000
229	10.89	2079	2123	0.00	195	0	0	0	nan	0.00	0.00	4.23	85.84	89.11	0.00	39	0	42	0.00	0.00	64.58	7.37	0.00	0.00	2000
228	11.29	2020	2098	0.00	196	1	0	0	nan	0.00	0.00	3.86	84.93	88.71	0.00	39	0	42	0.00	0.00	64.37	7.62	0.00	0.00	2000
236	11.27	2088	2106	0.00	210	0	0	0	nan	0.00	0.01	7.55	81.36	88.73	0.00	39	0	43	0.00	0.00	64.58	7.43	0.00	0.00	2000
228	11.27	2052	2071	0.00	195	0	0	0	nan	0.00	0.00	3.91	83.72	88.73	0.00	40	0	42	0.00	0.00	64.37	7.52	0.00	0.00	2000
230	10.95	2069	2137	0.00	195	0	0	0	nan	0.00	0.01	3.55	87.06	89.05	0.00	40	0	42	0.00	0.00	64.71	7.49	0.00	0.00	2000
228	11.72	1978	2063	0.00	199	0	0	0	nan	0.00	0.00	4.27	82.57	88.28	0.00	40	0	43	0.00	0.00	64.03	7.37	0.00	0.00	2000
231	10.87	2115	2112	0.00	205	0	0	0	nan	0.00	0.02	4.49	85.13	89.13	0.00	40	0	43	0.00	0.00	64.55	7.47	0.00	0.00	2000
227	11.23	2036	2090	0.00	194	0	0	0	nan	0.00	0.00	4.65	83.82	88.77	0.00	40	0	42	0.00	0.00	64.00	7.49	0.00	0.00	2000
226	11.47	2061	2011	0.00	195	0	0	0	nan	0.00	0.00	3.90	81.00	88.53	0.00	40	0	43	0.00	0.00	59.79	6.95	0.00	0.00	2000
231	10.92	2023	2198	0.00	211	0	0	0	nan	0.00	0.03	3.40	89.87	89.08	0.00	39	0	43	0.00	0.00	69.72	8.29	0.00	0.00	2000
231	11.22	2049	2107	0.00	194	0	0	0	nan	0.00	0.00	3.82	85.42	88.78	0.00	39	0	43	0.00	0.00	64.22	7.45	0.00	0.00	2000
228	11.14	2025	2123	0.00	194	0	0	0	nan	0.00	0.02	4.85	85.15	88.86	0.00	40	0	42	0.00	0.00	64.55	7.69	0.00	0.00	2000
230	11.44	2025	2083	0.02	195	0	0	4	76.85	0.00	0.00	4.27	83.66	88.56	0.00	40	0	43	0.00	0.00	64.12	7.37	0.00	0.00	2000
229	10.64	2154	2102	1.38	195	0	0	4	80.22	0.00	0.00	4.38	85.07	89.36	0.00	40	0	42	0.00	0.00	64.88	7.37	0.00	0.00	2000
229	11.30	2002	2121	0.00	194	0	0	0	nan	0.00	0.00	4.63	85.07	88.70	0.00	39	0	43	0.00	0.00	64.21	7.47	0.00	0.00	2000
228	11.07	2090	2070	0.00	193	0	0	0	nan	0.00	0.00	4.16	83.49	88.93	0.00	40	0	43	0.00	0.00	64.46	7.46	0.00	0.00	2000
229	11.21	2028	2119	0.00	194	0	0	0	nan	0.00	0.00	3.89	85.72	88.79	0.00	39	0	43	0.00	0.00	64.46	7.46	0.00	0.00	2000
230	11.48	2006	2094	0.00	197	0	0	0	nan	0.00	0.00	4.92	83.39	88.52	0.00	39	0	43	0.00	0.00	64.73	7.48	0.00	0.00	2000
231	11.27	2032	2120	0.00	196	0	0	0	nan	0.00	0.00	5.43	84.18	88.73	0.00	40	0	43	0.00	0.00	64.88	7.40	0.00	0.00	2000
227	10.91	2127	2056	0.00	194	0	0	0	nan	0.00	0.03	3.28	83.81	89.09	0.00	40	0	42	0.00	0.00	65.04	7.58	0.00	0.00	2000
230	10.91	2098	2114	0.00	194	0	0	0	nan	0.00	0.02	3.28	86.42	89.09	0.00	39	0	42	0.00	0.00	64.36	7.53	0.00	0.00	2000
227	11.02	2073	2088	0.00	195	0	0	0	nan	0.00	0.00	3.80	84.78	88.98	0.00	40	0	42	0.00	0.00	64.62	7.42	0.00	0.00	2000
235	11.25	2046	2142	0.00	196	0	0	0	nan	0.00	0.01	4.27	86.36	88.75	0.00	40	0	42	0.00	0.00	65.02	7.40	0.00	0.00	2000
230	11.00	2131	2058	0.00	195	0	0	0	nan	0.00	0.01	4.10	83.05	89.00	0.00	40	0	43	0.00	0.00	64.70	7.41	0.00	0.00	2000
231	10.74	2136	2109	0.00	196	0	0	0	nan	0.00	0.00	3.77	85.86	89.26	0.00	39	0	43	0.00	0.00	64.69	7.34	0.00	0.00	2000
228	10.72	2102	2124	0.00	196	0	0	0	nan	0.00	0.02	3.75	86.51	89.28	0.00	40	0	42	0.00	0.00	64.77	7.33	0.00	0.00	2000
229	11.39	2035	2075	0.00	194	0	0	0	nan	0.00	0.00	4.04	83.55	88.61	0.00	39	0	43	0.00	0.00	64.44	7.52	0.00	0.00	2000
229	11.24	2035	2106	0.00	194	0	0	0	nan	0.00	0.00	3.71	85.35	88.76	0.00	40	0	43	0.00	0.00	64.53	7.43	0.00	0.00	2000
231	11.33	2032	2108	0.00	194	0	0	0	nan	0.00	0.00	4.22	84.85	88.67	0.00	39	0	43	0.00	0.00	64.93	7.71	0.00	0.00	2000
227	11.07	2071	2080	0.00	195	0	0	2	76.34	0.00	0.00	4.71	83.41	88.93	0.00	40	0	43	0.00	0.00	64.86	7.62	0.00	0.00	2000
230	10.91	2074	2133	1.35	194	0	0	5	75.93	0.00	0.00	4.36	86.14	89.09	0.00	39	0	42	0.00	0.00	64.59	7.40	0.00	0.00	2000
227	11.57	1968	2097	0.00	194	0	0	0	nan	0.00	0.00	4.26	84.16	88.43	0.00	40	0	42	0.00	0.00	64.81	7.57	0.00	0.00	2000
230	11.12	2072	2096	0.00	194	0	0	0	nan	0.00	0.00	4.30	84.35	88.88	0.00	39	0	43	0.00	0.00	64.93	7.58	0.00	0.00	2000
230	11.58	2017	2072	0.00	196	0	0	0	nan	0.00	0.00	4.84	82.54	88.42	0.00	40	0	43	0.00	0.00	64.68	7.51	0.00	0.00	2000
225	11.07	2124	2009	0.00	195	0	0	0	nan	0.00	0.01	4.17	81.00	88.93	0.00	40	0	43	0.00	0.00	59.46	6.95	0.00	0.00	2000
232	10.68	2074	2196	0.00	210	0	0	0	nan	0.00	0.00	3.81	89.61	89.32	0.00	40	0	43	0.00	0.00	70.18	8.03	0.00	0.00	2000
224	11.52	2031	2014	0.00	194	0	0	0	nan	0.00	0.02	3.76	81.18	88.48	0.00	39	0	43	0.00	0.00	59.53	6.98	0.00	0.00	2000
235	10.80	2073	2205	0.00	214	0	0	0	nan	0.00	0.03	5.10	88.56	89.20	0.00	40	0	42	0.00	0.00	70.19	8.42	0.00	0.00	2000
225	11.41	2063	2004	0.00	197	0	0	0	nan	0.00	0.00	4.02	80.57	88.59	0.00	40	0	42	0.00	0.00	60.22	7.01	0.00	0.00	2000
231	10.87	2032	2192	0.00	209	0	0	0	nan	0.00	0.03	3.36	89.67	89.13	0.00	40	0	43	0.00	0.00	70.15	8.18	0.00	0.00	2000
226	11.22	2101	2013	0.00	194	0	0	0	nan	0.00	0.00	3.56	81.54	88.78	0.00	40	0	42	0.00	0.00	60.24	6.76	0.00	0.00	2000
231	10.83	2010	2232	0.00	211	0	0	0	nan	0.00	0.00	3.93	90.88	89.17	0.00	40	0	43	0.00	0.00	69.86	8.17	0.00	0.00	2000
231	11.39	2053	2076	0.00	195	0	0	0	nan	0.00	0.00	3.80	83.83	88.61	0.00	40	0	43	0.00	0.00	65.18	7.58	0.00	0.00	2000
230	11.08	2047	2128	0.00	194	0	0	0	nan	0.00	0.00	3.76	86.45	88.92	0.00	40	0	43	0.00	0.00	64.65	7.54	0.00	0.00	2000
229	11.39	2026	2083	0.00	194	0	0	0	nan	0.00	0.02	3.24	84.64	88.61	0.00	39	0	43	0.00	0.00	64.52	7.43	0.00	0.00	2000
227	11.25	2041	2079	0.00	194	0	0	0	nan	0.00	0.00	3.42	84.57	88.75	0.00	39	0	43	0.00	0.00	64.69	7.54	0.00	0.00	2000
229	11.05	2051	2119	0.01	195	0	0	4	74.75	0.00	0.00	3.78	86.05	88.95	0.00	40	0	43	0.00	0.00	64.82	7.45	0.00	0.00	2000
230	10.90	2128	2078	1.39	196	0	0	4	79.36	0.00	0.00	4.07	84.19	89.10	0.00	39	0	43	0.00	0.00	65.41	7.58	0.00	0.00	2000
230	10.96	2085	2110	0.00	194	0	0	0	nan	0.00	0.02	3.09	86.41	89.04	0.00	39	0	43	0.00	0.00	65.11	7.49	0.00	0.00	2000
228	11.31	2019	2093	0.00	195	0	0	0	nan	0.00	0.00	3.27	85.29	88.69	0.00	40	0	42	0.00	0.00	64.73	7.53	0.00	0.00	2000
235	11.23	2058	2140	0.00	194	0	0	0	nan	0.00	0.00	4.26	86.30	88.77	0.00	39	0	42	0.00	0.00	66.51	7.41	0.00	0.00	2000
229	11.17	2043	2105	0.00	194	0	0	0	nan	0.00	0.00	3.75	85.41	88.83	0.00	40	0	42	0.00	0.00	66.15	7.66	0.00	0.00	2000
228	11.31	2105	2010	0.00	195	0	0	0	nan	0.00	0.00	3.22	81.63	88.69	0.00	39	0	42	0.00	0.00	57.60	6.64	0.00	0.00	2000
230	10.68	2101	2149	0.00	194	0	0	0	nan	0.00	0.02	3.17	88.25	89.32	0.00	40	0	43	0.00	0.00	70.33	8.04	0.00	0.00	2000
227	11.16	2064	2068	0.00	195	0	0	0	nan	0.00	0.02	4.54	82.99	88.84	0.00	39	0	43	0.00	0.00	61.75	7.16	0.00	0.00	2000
236	11.68	2021	2102	0.00	211	0	0	0	nan	0.00	0.02	3.38	85.04	88.32	0.00	40	0	43	0.00	0.00	62.67	7.23	0.00	0.00	2000
230	10.84	2086	2140	0.00	194	0	0	0	nan	0.01	0.00	3.42	87.48	89.16	0.00	40	0	42	0.00	0.00	70.46	8.14	0.00	0.00	2000
231	11.12	2050	2124	0.00	198	0	0	0	nan	0.00	0.00	5.13	84.93	88.88	0.00	39	0	43	0.00	0.00	64.82	7.58	0.00	0.00	2000
230	11.42	2042	2075	0.00	199	0	0	0	nan	0.00	0.02	4.69	82.91	88.58	0.00	39	0	42	0.00	0.00	64.74	7.58	0.00	0.00	2000
228	10.77	2132	2085	0.00	195	0	0	0	nan	0.00	0.00	4.25	84.26	89.23	0.00	40	0	43	0.00	0.00	62.43	7.37	0.00	0.00	2000
227	10.94	2158	2018	0.00	194	0	0	0	nan	0.00	0.02	3.74	81.80	89.06	0.00	40	0	42	0.00	0.00	62.71	7.25	0.00	0.00	2000
229	11.17	2044	2104	0.00	210	0	0	0	nan	0.00	0.02	3.07	85.98	88.83	0.00	40	0	43	0.00	0.00	64.86	7.38	0.00	0.00	2000
233	10.96	2033	2201	0.00	212	0	0	0	nan	0.00	0.00	3.98	89.44	89.04	0.00	40	0	43	0.00	0.00	70.18	8.17	0.00	0.00	2000
228	10.81	2115	2096	0.18	194	0	0	5	75.17	0.00	0.00	4.23	84.79	89.19	0.00	40	0	43	0.00	0.00	64.57	7.48	0.00	0.00	2000
230	10.93	2104	2101	1.23	194	0	0	3	80.43	0.00	0.01	4.60	84.51	89.07	0.00	40	0	42	0.00	0.00	64.77	7.50	0.00	0.00	2000
227	10.86	2104	2085	0.00	200	0	0	0	nan	0.00	0.00	4.28	84.22	89.14	0.00	40	0	43	0.00	0.00	59.60	6.71	0.00	0.00	2000
227	11.58	2029	2030	0.00	195	0	0	0	nan	0.00	0.02	3.97	81.52	88.42	0.00	40	0	43	0.00	0.00	64.83	7.80	0.00	0.00	2000
231	10.87	2046	2181	0.00	211	0	0	0	nan	0.00	0.00	2.35	90.19	89.13	0.00	40	0	43	0.00	0.00	64.64	7.45	0.00	0.00	2000
224	11.50	2033	2010	0.00	195	0	0	0	nan	0.00	0.00	3.48	81.38	88.50	0.00	40	0	43	0.00	0.00	64.26	7.52	0.00	0.00	2000
232	10.55	2095	2204	0.00	210	0	0	0	nan	0.00	0.00	2.68	91.13	89.45	0.00	39	0	43	0.00	0.00	64.95	7.49	0.00	0.00	2000
232	11.13	2068	2118	0.00	196	0	0	0	nan	0.00	0.03	4.44	85.27	88.87	0.00	40	0	43	0.00	0.00	69.84	8.27	0.00	0.00	2000
227	10.97	2097	2073	0.00	194	0	0	0	nan	0.00	0.02	3.93	84.05	89.03	0.00	40	0	42	0.00	0.00	59.13	7.08	0.00	0.00	2000
229	10.63	2117	2135	0.00	194	0	0	0	nan	0.00	0.02	3.22	87.62	89.37	0.00	40	0	43	0.00	0.00	70.23	8.05	0.00	0.00	2000
226	11.00	2096	2062	0.00	194	0	0	0	nan	0.00	0.00	3.48	83.93	89.00	0.00	40	0	43	0.00	0.00	59.27	6.87	0.00	0.00	2000
230	10.90	2094	2117	0.00	194	0	0	0	nan	0.00	0.00	3.75	86.05	89.10	0.00	40	0	43	0.00	0.00	64.99	7.49	0.00	0.00	2000
228	10.91	2106	2084	0.00	194	0	0	0	nan	0.00	0.00	4.03	84.36	89.09	0.00	40	0	42	0.00	0.00	64.78	7.47	0.00	0.00	2000
232	11.43	2117	2019	0.00	198	0	0	0	nan	0.00	0.02	5.02	80.13	88.57	0.00	40	0	42	0.00	0.00	65.33	7.52	0.00	0.00	2000
233	11.00	2024	2194	0.00	213	0	0	0	nan	0.00	0.00	4.78	88.27	89.00	0.00	39	0	43	0.00	0.00	64.98	7.45	0.00	0.00	2000
230	11.08	2065	2111	0.00	195	0	0	0	nan	0.00	0.01	4.22	85.28	88.92	0.00	40	0	42	0.00	0.00	64.84	7.54	0.00	0.00	2000
228	11.07	2070	2095	0.00	195	0	0	0	nan	0.00	0.00	4.78	84.03	88.93	0.00	39	0	43	0.00	0.00	65.97	7.51	0.00	0.00	2000
230	11.40	2003	2118	0.43	195	0	0	5	75.99	0.00	0.01	4.09	85.39	88.60	0.00	40	0	42	0.00	0.00	64.92	7.38	0.00	0.00	2000
228	11.05	2078	2083	1.06	194	0	0	3	80.12	0.00	0.00	3.90	84.40	88.95	0.00	40	0	43	0.00	0.00	65.40	7.48	0.00	0.00	2000
230	10.89	2076	2135	0.00	194	0	0	0	nan	0.00	0.02	4.37	86.19	89.11	0.00	40	0	42	0.00	0.00	67.98	7.87	0.00	0.00	2000
227	11.11	2094	2053	0.00	195	0	0	0	nan	0.00	0.02	3.67	83.25	88.89	0.00	40	0	42	0.00	0.00	62.27	7.32	0.00	0.00	2000
230	10.77	2122	2117	0.00	194	0	0	0	nan	0.00	0.00	4.05	85.93	89.23	0.00	39	0	43	0.00	0.00	65.68	7.71	0.00	0.00	2000
227	11.20	2040	2091	0.00	194	0	0	0	nan	0.00	0.00	4.54	83.97	88.80	0.00	40	0	42	0.00	0.00	64.88	7.53	0.00	0.00	2000
232	11.27	2047	2106	0.00	195	0	0	0	nan	0.00	0.00	4.14	84.96	88.73	0.00	40	0	43	0.00	0.00	64.96	7.72	0.00	0.00	2000
228	11.30	2026	2096	0.00	195	0	0	0	nan	0.00	0.00	5.03	83.64	88.70	0.00	40	0	43	0.00	0.00	65.56	7.52	0.00	0.00	2000
227	11.00	2164	2004	0.00	197	0	0	0	nan	0.00	0.00	5.44	79.49	89.00	0.00	40	0	42	0.00	0.00	60.17	7.09	0.00	0.00	2000
232	10.85	2013	2229	0.00	211	0	0	0	nan	0.00	0.00	4.30	90.34	89.15	0.00	39	0	43	0.00	0.00	71.45	8.31	0.00	0.00	2000
230	11.51	2023	2073	0.00	195	0	0	0	nan	0.00	0.00	4.90	82.54	88.49	0.00	39	0	43	0.00	0.00	64.91	7.61	0.00	0.00	2000
228	11.10	2060	2096	0.00	195	0	0	0	nan	0.00	0.02	4.78	84.02	88.90	0.00	39	0	43	0.00	0.00	65.82	7.66	0.00	0.00	2000
225	10.98	2143	2011	0.00	194	0	0	0	nan	0.00	0.01	4.15	81.03	89.02	0.00	40	0	43	0.00	0.00	60.01	7.02	0.00	0.00	2000
233	10.71	2073	2200	0.00	210	0	0	0	nan	0.00	0.00	3.85	89.69	89.29	0.00	40	0	42	0.00	0.00	70.31	8.10	0.00	0.00	2000
230	11.02	2078	2107	0.00	194	0	0	0	nan	0.00	0.02	3.94	85.43	88.98	0.00	39	0	43	0.00	0.00	64.87	7.62	0.00	0.00	2000
231	11.14	2047	2128	0.00	196	0	0	0	nan	0.00	0.00	5.64	84.47	88.86	0.00	40	0	43	0.00	0.00	65.39	7.62	0.00	0.00	2000
228	10.92	2118	2073	0.00	194	0	0	0	nan	0.00	0.00	3.39	84.53	89.08	0.00	40	0	43	0.00	0.00	64.84	7.50	0.00	0.00	2000
228	11.08	2069	2087	0.42	196	0	0	5	77.89	0.00	0.00	4.55	83.88	88.92	0.00	39	0	43	0.00	0.00	65.41	7.53	0.00	0.00	2000
230	11.05	2070	2113	1.05	195	0	0	3	81.40	0.00	0.02	4.14	85.40	88.95	0.00	40	0	43	0.00	0.00	65.22	7.51	0.00	0.00	2000
228	11.21	2043	2094	0.00	195	0	0	0	nan	0.00	0.00	4.74	83.90	88.79	0.00	40	0	42	0.00	0.00	64.90	7.49	0.00	0.00	2000
231	11.14	2047	2129	0.00	195	0	0	0	nan	0.00	0.02	4.33	85.74	88.86	0.00	40	0	43	0.00	0.00	65.27	7.45	0.00	0.00	2000
228	11.39	2030	2068	0.00	194	0	0	0	nan	0.00	0.00	3.75	83.55	88.61	0.00	40	0	42	0.00	0.00	65.00	7.55	0.00	0.00	2000
230	11.10	2060	2109	0.00	194	0	0	0	nan	0.00	0.00	4.11	85.24	88.90	0.00	40	0	42	0.00	0.00	64.45	7.58	0.00	0.00	2000
229	11.03	2065	2110	0.00	195	0	0	0	nan	0.00	0.00	4.87	84.63	88.97	0.00	39	0	42	0.00	0.00	64.95	7.40	0.00	0.00	2000
229	11.75	2052	1991	0.00	196	0	0	0	nan	0.00	0.00	4.44	79.30	88.25	0.00	39	0	42	0.00	0.00	60.13	7.14	0.00	0.00	2000
232	10.87	2042	2199	0.00	211	0	0	0	nan	0.00	0.02	4.08	89.22	89.13	0.00	40	0	43	0.00	0.00	70.54	8.35	0.00	0.00	2000
229	10.94	2069	2125	0.00	194	0	0	0	nan	0.00	0.00	4.73	85.42	89.06	0.00	40	0	42	0.00	0.00	64.84	7.61	0.00	0.00	2000
229	10.97	2105	2080	0.00	194	0	0	0	nan	0.00	0.01	4.03	84.18	89.03	0.00	40	0	42	0.00	0.00	65.08	7.62	0.00	0.00	2000
230	11.25	2039	2105	0.00	195	0	0	0	nan	0.00	0.02	3.86	85.19	88.75	0.00	40	0	42	0.00	0.00	64.89	7.66	0.00	0.00	2000
228	11.10	2035	2122	0.00	194	0	0	0	nan	0.00	0.00	4.58	85.30	88.90	0.00	40	0	43	0.00	0.00	65.22	7.49	0.00	0.00	2000
232	11.38	2062	2075	0.00	196	0	0	0	nan	0.00	0.00	4.12	83.42	88.62	0.00	39	0	43	0.00	0.00	65.04	7.34	0.00	0.00	2000
228	10.74	2136	2088	0.00	194	0	0	0	nan	0.00	0.01	3.91	84.75	89.26	0.00	40	0	42	0.00	0.00	65.03	7.56	0.00	0.00	2000
230	10.69	2106	2148	0.00	195	0	0	0	nan	0.00	0.06	3.81	87.47	89.31	0.00	40	0	42	0.00	0.00	64.89	7.54	0.00	0.00	2000
228	11.02	2112	2057	0.00	195	0	0	0	nan	0.00	0.02	4.04	83.03	88.98	0.00	40	0	42	0.00	0.00	64.79	7.68	0.00	0.00	2000
224	11.15	2080	2030	0.30	194	0	0	5	67.13	0.01	0.00	3.38	82.54	88.85	0.00	40	0	42	0.00	0.00	60.52	7.07	0.00	0.00	2000
232	10.99	2063	2152	1.06	211	0	0	3	82.91	0.00	0.02	2.83	88.41	89.01	0.00	40	0	42	0.00	0.00	69.33	8.37	0.00	0.00	2000
227	10.89	2114	2073	0.00	195	0	0	0	nan	0.01	0.00	3.13	84.84	89.11	0.00	40	0	42	0.00	0.00	61.11	7.14	0.00	0.00	2000
228	10.92	2086	2100	0.00	210	0	0	0	nan	0.00	0.00	2.86	86.18	89.08	0.00	39	0	43	0.00	0.00	65.75	7.57	0.00	0.00	2000
243	10.71	2174	2192	0.00	261	0	0	0	nan	0.00	0.93	4.13	88.29	89.29	0.00	40	0	43	0.00	0.00	68.94	7.91	0.00	0.00	2000
228	11.25	2067	2059	0.00	194	0	0	0	nan	0.00	0.01	5.00	82.09	88.75	0.00	40	0	43	0.00	0.00	64.20	7.43	0.00	0.00	2000
231	10.97	2098	2110	0.00	195	0	0	0	nan	0.00	0.01	3.37	86.09	89.03	0.00	40	0	43	0.00	0.00	64.51	7.45	0.00	0.00	2000
228	11.16	2053	2089	0.00	194	0	0	0	nan	0.00	0.00	4.05	84.42	88.84	0.00	40	0	43	0.00	0.00	64.82	7.35	0.00	0.00	2000
230	10.87	2075	2139	0.00	194	0	0	0	nan	0.00	0.02	3.43	87.35	89.13	0.00	39	0	43	0.00	0.00	64.34	7.53	0.00	0.00	2000
228	11.09	2096	2063	0.00	194	0	0	0	nan	0.00	0.03	3.26	84.02	88.91	0.00	40	0	43	0.00	0.00	65.01	7.42	0.00	0.00	2000
231	11.25	2041	2109	0.00	195	0	0	0	nan	0.00	0.00	3.75	85.50	88.75	0.00	40	0	42	0.00	0.00	64.51	7.56	0.00	0.00	2000
230	11.11	2082	2086	0.00	195	0	0	0	nan	0.00	0.00	4.56	83.76	88.89	0.00	40	0	42	0.00	0.00	64.25	7.53	0.00	0.00	2000
231	10.81	2118	2116	0.00	194	0	0	0	nan	0.00	0.00	3.55	86.38	89.19	0.00	40	0	43	0.00	0.00	64.55	7.74	0.00	0.00	2000
228	11.19	2054	2081	0.00	194	0	0	0	nan	0.00	0.00	4.13	83.95	88.81	0.00	40	0	43	0.00	0.00	64.55	7.54	0.00	0.00	2000
231	10.98	2054	2149	0.00	195	0	0	0	nan	0.00	0.00	4.05	87.06	89.02	0.00	40	0	43	0.00	0.00	65.00	7.53	0.00	0.00	2000
228	11.00	2075	2094	0.00	194	0	0	0	nan	0.00	0.01	3.60	85.14	89.00	0.00	40	0	43	0.00	0.00	64.62	7.50	0.00	0.00	2000
231	11.15	2078	2093	0.00	195	0	0	0	nan	0.00	0.00	3.55	84.99	88.85	0.00	39	0	43	0.00	0.00	64.89	7.47	0.00	0.00	2000
227	11.13	2073	2070	0.18	194	0	0	4	69.64	0.00	0.00	4.26	83.33	88.87	0.00	40	0	43	0.00	0.00	64.61	7.40	0.00	0.00	2000
224	11.41	2052	2010	1.16	194	0	0	3	80.29	0.00	0.00	3.35	81.48	88.59	0.00	40	0	43	0.00	0.00	59.66	6.88	0.00	0.00	2000
231	10.75	2026	2232	0.00	210	0	0	0	nan	0.00	0.02	3.27	91.53	89.25	0.00	40	0	43	0.00	0.00	70.20	8.19	0.00	0.00	2000
229	11.74	2075	1977	0.00	194	0	0	0	nan	0.00	0.00	4.21	78.86	88.26	0.00	39	0	43	0.00	0.00	60.24	6.95	0.00	0.00	2000
234	10.95	2037	2200	0.00	211	0	0	0	nan	0.00	0.03	3.96	89.30	89.05	0.00	40	0	42	0.00	0.00	70.69	8.06	0.00	0.00	2000
229	11.20	2028	2115	0.00	196	0	0	0	nan	0.00	0.00	4.48	85.01	88.80	0.00	39	0	43	0.00	0.00	63.74	7.40	0.00	0.00	2000
230	11.17	2039	2116	0.00	194	0	0	0	nan	0.00	0.03	3.89	85.54	88.83	0.00	40	0	43	0.00	0.00	65.84	7.74	0.00	0.00	2000
228	11.48	1999	2090	0.00	198	0	0	0	nan	0.00	0.00	5.23	82.97	88.52	0.00	40	0	43	0.00	0.00	63.45	7.52	0.00	0.00	2000
234	11.48	2019	2117	0.00	196	0	0	0	nan	0.00	0.02	4.66	84.53	88.52	0.00	40	0	43	0.00	0.00	66.54	7.57	0.00	0.00	2000
229	10.97	2099	2089	0.00	197	0	0	0	nan	0.00	0.00	5.26	83.28	89.03	0.00	40	0	42	0.00	0.00	64.01	7.57	0.00	0.00	2000
229	11.52	1991	2094	0.00	196	0	0	0	nan	0.00	0.00	3.54	84.75	88.48	0.00	40	0	43	0.00	0.00	65.38	7.63	0.00	0.00	2000
228	11.39	2014	2091	0.00	194	0	0	0	nan	0.00	0.00	3.47	84.92	88.61	0.00	40	0	43	0.00	0.00	64.01	7.64	0.00	0.00	2000
230	11.03	2091	2090	0.00	195	0	0	0	nan	0.00	0.00	4.15	84.39	88.97	0.00	39	0	43	0.00	0.00	64.62	7.81	0.00	0.00	2000
229	10.97	2083	2108	0.00	193	0	0	0	nan	0.00	0.00	3.78	85.58	89.03	0.00	40	0	43	0.00	0.00	64.78	7.57	0.00	0.00	2000
229	11.19	2058	2092	0.00	196	0	0	0	nan	0.00	0.00	4.80	83.77	88.81	0.00	40	0	43	0.00	0.00	64.46	7.49	0.00	0.00	2000
225	11.32	2079	2010	0.00	195	0	0	0	nan	0.00	0.00	3.38	81.55	88.68	0.00	39	0	43	0.00	0.00	59.58	7.02	0.00	0.00	2000
232	10.64	2076	2202	0.00	210	0	0	0	nan	0.00	0.03	3.43	90.22	89.36	0.00	40	0	43	0.00	0.00	69.95	8.28	0.00	0.00	2000
224	11.32	2074	2007	0.55	194	0	0	5	63.58	0.00	0.02	3.30	81.45	88.68	0.00	39	0	43	0.00	0.00	59.32	6.94	0.00	0.00	2000
234	10.93	2028	2215	0.88	212	0	0	2	81.14	0.00	0.02	4.02	89.86	89.07	0.00	40	0	43	0.00	0.00	70.04	8.14	0.00	0.00	2000
229	11.20	2053	2089	0.00	194	0	0	0	nan	0.00	0.00	3.92	84.50	88.80	0.00	40	0	43	0.00	0.00	64.63	7.54	0.00	0.00	2000
228	10.70	2138	2094	0.00	194	0	0	0	nan	0.00	0.00	3.94	85.09	89.30	0.00	40	0	43	0.00	0.00	62.87	7.04	0.00	0.00	2000
229	11.18	2011	2140	0.00	194	0	0	0	nan	0.00	0.00	3.88	86.72	88.82	0.00	40	0	43	0.00	0.00	67.38	8.05	0.00	0.00	2000
228	11.49	2014	2065	0.00	195	0	0	0	nan	0.00	0.01	3.77	83.39	88.51	0.00	40	0	43	0.00	0.00	63.95	7.42	0.00	0.00	2000
231	11.18	2042	2122	0.00	195	0	0	0	nan	0.00	0.00	3.59	86.15	88.82	0.00	39	0	43	0.00	0.00	65.12	7.39	0.00	0.00	2000
228	11.26	2052	2072	0.00	193	0	0	0	nan	0.00	0.00	4.33	83.27	88.74	0.00	40	0	43	0.00	0.00	61.94	6.86	0.00	0.00	2000
224	11.37	2055	2009	0.00	195	0	0	0	nan	0.00	0.00	3.22	81.63	88.63	0.00	40	0	43	0.00	0.00	59.42	7.15	0.00	0.00	2000
231	10.74	2060	2192	0.00	211	0	0	0	nan	0.00	0.00	3.27	89.83	89.26	0.00	40	0	43	0.00	0.00	67.53	7.68	0.00	0.00	2000
229	10.89	2089	2112	0.00	196	0	0	0	nan	0.00	0.02	4.20	85.44	89.11	0.00	39	0	43	0.00	0.00	66.23	7.57	0.00	0.00	2000
234	11.09	2078	2133	0.00	212	0	0	0	nan	0.00	0.00	4.39	85.84	88.91	0.00	39	0	43	0.00	0.00	69.22	8.05	0.00	0.00	2000
229	11.24	2060	2075	0.00	179	0	0	0	nan	0.00	0.00	4.11	83.61	88.76	0.00	39	0	43	0.00	0.00	63.77	7.49	0.00	0.00	2000
224	11.50	2045	2004	0.00	195	0	0	0	nan	0.00	0.06	3.65	80.85	88.50	0.00	40	0	43	0.00	0.00	60.74	7.17	0.00	0.00	2000
232	10.82	2050	2199	0.00	210	0	0	0	nan	0.00	0.02	3.86	89.58	89.18	0.00	40	0	43	0.00	0.00	67.76	7.81	0.00	0.00	2000
230	10.83	2117	2105	0.00	194	0	0	0	nan	0.00	0.00	3.44	85.97	89.17	0.00	39	0	43	0.00	0.00	64.87	7.70	0.00	0.00	2000
224	11.07	2132	1997	0.00	195	0	0	0	nan	0.00	0.00	3.02	81.53	88.93	0.00	39	0	43	0.00	0.00	60.27	6.98	0.00	0.00	2000
231	10.65	2052	2223	0.75	210	0	0	6	70.27	0.00	0.00	2.68	91.88	89.35	0.00	40	0	43	0.00	0.00	70.31	8.26	0.00	0.00	2000
230	11.35	2008	2115	0.72	194	0	0	0	90.13	0.00	0.00	3.59	85.78	88.65	0.00	40	0	43	0.00	0.00	64.34	7.44	0.00	0.00	2000
228	11.41	1996	2099	0.00	193	0	0	0	nan	0.00	0.03	2.88	85.74	88.59	0.00	40	0	43	0.00	0.00	64.63	7.59	0.00	0.00	2000
231	11.53	2033	2071	0.00	195	0	0	0	nan	0.00	0.02	3.52	83.75	88.47	0.00	40	0	43	0.00	0.00	61.68	7.06	0.00	0.00	2000
229	10.96	2101	2088	0.00	196	0	0	0	nan	0.00	0.00	3.83	84.69	89.04	0.00	40	0	42	0.00	0.00	64.88	7.66	0.00	0.00	2000
230	11.09	2042	2129	0.00	195	0	0	0	nan	0.00	0.03	3.35	86.79	88.91	0.00	40	0	43	0.00	0.00	67.21	7.79	0.00	0.00	2000
234	11.69	1989	2109	0.00	212	0	0	0	nan	0.00	0.00	7.78	81.05	88.31	0.00	40	0	43	0.00	0.00	64.69	7.42	0.00	0.00	2000
230	11.28	2048	2093	0.00	194	0	0	0	nan	0.00	0.00	3.91	84.55	88.72	0.00	39	0	43	0.00	0.00	64.79	7.51	0.00	0.00	2000
230	11.32	2022	2111	0.00	195	0	0	0	nan	0.00	0.00	4.36	84.83	88.68	0.00	39	0	43	0.00	0.00	64.81	7.64	0.00	0.00	2000
229	10.98	2097	2089	0.00	195	0	0	0	nan	0.00	0.00	3.69	84.97	89.02	0.00	40	0	43	0.00	0.00	64.55	7.48	0.00	0.00	2000
232	11.30	2070	2087	0.00	224	0	0	0	nan	0.00	0.02	3.67	84.60	88.70	0.00	39	0	43	0.00	0.00	61.76	7.20	0.00	0.00	2000
230	11.36	2005	2125	0.00	194	0	0	0	nan	0.00	0.00	4.21	85.59	88.64	0.00	40	0	43	0.00	0.00	64.94	7.56	0.00	0.00	2000
228	11.37	2039	2067	0.00	194	0	0	0	nan	0.00	0.02	3.33	83.93	88.63	0.00	40	0	42	0.00	0.00	65.23	7.44	0.00	0.00	2000
227	11.51	2063	2007	0.00	199	0	0	0	nan	0.00	0.00	4.79	79.88	88.49	0.00	40	0	43	0.00	0.00	62.72	7.26	0.00	0.00	2000
232	10.87	2039	2199	0.00	211	0	0	0	nan	0.00	0.03	3.17	90.24	89.13	0.00	39	0	43	0.00	0.00	67.40	7.88	0.00	0.00	2000
229	11.01	2059	2124	0.00	194	0	0	0	nan	0.00	0.01	3.67	86.31	88.99	0.00	39	0	43	0.00	0.00	65.06	7.35	0.00	0.00	2000
228	11.21	2054	2076	0.00	194	0	0	0	nan	0.00	0.00	4.11	83.72	88.79	0.00	40	0	43	0.00	0.00	64.82	7.41	0.00	0.00	2000
229	10.99	2058	2130	0.58	196	0	0	6	71.31	0.00	0.01	4.46	85.85	89.01	0.00	39	0	43	0.00	0.00	64.82	7.44	0.00	0.00	2000
230	11.43	2038	2074	0.88	195	0	0	2	83.93	0.00	0.00	3.95	83.56	88.57	0.00	39	0	43	0.00	0.00	65.16	7.80	0.00	0.00	2000
230	11.04	2076	2104	0.00	194	0	0	0	nan	0.00	0.00	3.63	85.57	88.96	0.00	40	0	43	0.00	0.00	64.34	7.56	0.00	0.00	2000
228	11.12	2048	2101	0.00	194	0	0	0	nan	0.00	0.02	3.66	85.36	88.88	0.00	40	0	43	0.00	0.00	64.81	7.34	0.00	0.00	2000
230	11.35	2019	2104	0.00	195	0	0	0	nan	0.00	0.00	4.40	84.64	88.65	0.00	40	0	43	0.00	0.00	61.77	7.57	0.00	0.00	2000
233	11.25	2094	2081	0.00	197	0	0	0	nan	0.00	0.02	4.40	83.65	88.75	0.00	39	0	43	0.00	0.00	67.41	7.33	0.00	0.00	2000
231	11.09	2046	2140	0.00	194	0	0	0	nan	0.00	0.00	3.67	86.98	88.91	0.00	39	0	43	0.00	0.00	64.99	7.57	0.00	0.00	2000
227	11.22	2073	2053	0.00	194	0	0	0	nan	0.00	0.00	3.44	83.40	88.78	0.00	39	0	43	0.00	0.00	63.45	7.35	0.00	0.00	2000
230	11.20	2021	2132	0.00	195	0	0	0	nan	0.00	0.00	3.98	86.22	88.80	0.00	40	0	43	0.00	0.00	65.18	7.41	0.00	0.00	2000
227	11.11	2035	2110	0.00	194	0	0	0	nan	0.00	0.00	3.78	85.57	88.89	0.00	40	0	43	0.00	0.00	64.91	7.61	0.00	0.00	2000
230	11.08	2067	2107	0.00	194	0	0	0	nan	0.00	0.00	3.60	85.62	88.92	0.00	39	0	43	0.00	0.00	65.96	7.64	0.00	0.00	2000
228	11.09	2111	2044	0.00	193	0	0	0	nan	0.00	0.00	3.08	83.49	88.91	0.00	39	0	42	0.00	0.00	63.36	7.24	0.00	0.00	2000
233	10.72	2114	2157	0.00	196	0	0	0	nan	0.00	0.00	4.39	87.28	89.28	0.00	40	0	43	0.00	0.00	65.37	7.50	0.00	0.00	2000
228	11.02	2106	2060	0.00	194	0	0	0	nan	0.00	0.02	3.37	83.91	88.98	0.00	40	0	43	0.00	0.00	65.17	7.58	0.00	0.00	2000
230	10.87	2080	2133	0.00	194	0	0	0	nan	0.00	0.00	3.42	87.17	89.13	0.00	40	0	42	0.00	0.00	65.12	7.48	0.00	0.00	2000
228	11.11	2085	2067	0.00	194	0	0	0	nan	0.00	0.00	3.69	83.84	88.89	0.00	39	0	43	0.00	0.00	64.68	7.39	0.00	0.00	2000
227	11.03	2130	2026	0.00	196	0	0	0	nan	0.00	0.02	4.14	81.72	88.97	0.00	40	0	43	0.00	0.00	60.31	6.89	0.00	0.00	2000
233	10.82	2077	2179	0.42	215	0	0	5	75.31	0.00	0.00	3.84	88.69	89.18	0.00	40	0	43	0.00	0.00	69.72	8.13	0.00	0.00	2000
226	11.33	2048	2043	1.01	195	0	0	3	79.86	0.00	0.00	3.42	82.98	88.67	0.00	40	0	43	0.00	0.00	60.75	7.13	0.00	0.00	2000
229	10.98	2049	2139	0.00	208	0	0	0	nan	0.00	0.02	2.38	88.28	89.02	0.00	40	0	42	0.00	0.00	69.10	8.05	0.00	0.00	2000
231	10.95	2078	2128	0.00	195	0	0	0	nan	0.00	0.00	3.57	86.66	89.05	0.00	40	0	42	0.00	0.00	64.91	7.42	0.00	0.00	2000
230	11.04	2094	2087	0.00	195	0	0	0	nan	0.01	0.00	4.13	84.29	88.96	0.00	40	0	43	0.00	0.00	65.19	7.63	0.00	0.00	2000
230	11.03	2065	2116	0.00	194	0	0	0	nan	0.00	0.00	3.47	86.26	88.97	0.00	39	0	43	0.00	0.00	64.77	7.69	0.00	0.00	2000
228	11.20	2031	2108	0.00	194	0	0	0	nan	0.00	0.00	4.01	85.19	88.80	0.00	39	0	43	0.00	0.00	64.60	7.58	0.00	0.00	2000
224	11.53	2049	1992	0.00	194	0	0	0	nan	0.00	0.00	3.94	80.08	88.47	0.00	39	0	43	0.00	0.00	59.90	7.00	0.00	0.00	2000
232	11.08	1998	2196	0.00	211	0	0	0	nan	0.00	0.00	3.31	89.75	88.92	0.00	39	0	43	0.00	0.00	70.31	8.23	0.00	0.00	2000
232	10.97	2099	2113	0.00	195	0	0	0	nan	0.00	0.02	3.95	85.69	89.03	0.00	40	0	43	0.00	0.00	64.83	7.59	0.00	0.00	2000
229	10.91	2079	2125	0.00	194	0	0	0	nan	0.00	0.00	4.03	86.18	89.09	0.00	40	0	43	0.00	0.00	64.87	7.64	0.00	0.00	2000
229	11.13	2083	2075	0.00	194	0	0	0	nan	0.00	0.00	3.72	84.13	88.87	0.00	40	0	43	0.00	0.00	64.93	7.43	0.00	0.00	2000
228	11.06	2054	2110	0.00	195	0	0	0	nan	0.00	0.03	3.77	85.69	88.94	0.00	40	0	43	0.00	0.00	64.58	7.43	0.00	0.00	2000
223	11.41	2068	1989	0.00	194	0	0	0	nan	0.00	0.00	3.84	80.17	88.59	0.00	40	0	43	0.00	0.00	59.96	6.93	0.00	0.00	2000
235	10.63	2110	2201	0.00	211	0	0	0	nan	0.00	0.00	3.20	90.36	89.37	0.00	40	0	43	0.00	0.00	70.36	7.95	0.00	0.00	2000
230	11.04	2073	2109	0.00	194	0	0	0	nan	0.00	0.00	3.52	85.89	88.96	0.00	39	0	43	0.00	0.00	64.76	7.37	0.00	0.00	2000
227	11.09	2060	2091	0.00	194	0	0	0	nan	0.00	0.00	3.85	84.77	88.91	0.00	40	0	43	0.00	0.00	65.20	7.57	0.00	0.00	2000
228	10.94	2079	2109	0.59	194	0	0	6	72.94	0.00	0.02	3.54	85.93	89.06	0.00	40	0	43	0.00	0.00	65.11	7.43	0.00	0.00	2000
229	11.12	2033	2126	0.90	194	0	0	2	84.39	0.00	0.00	3.70	86.28	88.88	0.00	40	0	43	0.00	0.00	64.92	7.36	0.00	0.00	2000
240	11.70	2065	2089	0.00	195	0	0	0	nan	0.00	0.00	3.84	84.00	88.30	0.00	40	0	43	0.00	0.00	65.11	7.45	0.00	0.00	2000
234	11.32	2096	2074	0.00	197	0	0	0	nan	0.00	0.00	5.14	82.53	88.68	0.00	40	0	43	0.00	0.00	65.49	7.57	0.00	0.00	2000
230	10.69	2127	2126	0.00	195	0	0	0	nan	0.00	0.01	3.78	86.55	89.31	0.00	40	0	42	0.00	0.00	65.18	7.48	0.00	0.00	2000
227	11.41	1997	2095	0.00	194	0	0	0	nan	0.00	0.00	4.09	84.45	88.59	0.00	40	0	43	0.00	0.00	64.68	7.41	0.00	0.00	2000
224	11.29	2091	1993	0.00	194	0	0	0	nan	0.00	0.00	3.93	80.33	88.71	0.00	40	0	43	0.00	0.00	60.27	6.95	0.00	0.00	2000
235	11.16	2008	2200	0.00	215	0	0	0	nan	0.00	0.02	4.46	88.73	88.84	0.00	39	0	43	0.00	0.00	67.68	7.77	0.00	0.00	2000
224	11.58	2032	2004	0.00	196	0	0	0	nan	0.00	0.00	3.88	80.59	88.42	0.00	40	0	43	0.00	0.00	62.39	7.25	0.00	0.00	2000
230	11.02	1992	2206	0.00	209	0	0	0	nan	0.00	0.00	3.40	90.22	88.98	0.00	40	0	43	0.00	0.00	70.13	8.10	0.00	0.00	2000
226	11.35	2084	2003	0.00	194	0	0	0	nan	0.00	0.00	3.81	80.73	88.65	0.00	39	0	43	0.00	0.00	60.48	6.90	0.00	0.00	2000
234	10.99	2000	2233	0.00	213	0	0	0	nan	0.00	0.00	4.55	90.08	89.01	0.00	39	0	43	0.00	0.00	69.78	8.04	0.00	0.00	2000
223	11.82	2007	1978	0.00	194	0	0	0	nan	0.00	0.00	3.32	79.76	88.18	0.00	40	0	43	0.00	0.00	60.23	6.82	0.00	0.00	2000
232	10.86	2005	2232	0.00	210	0	0	0	nan	0.00	0.03	3.55	91.25	89.14	0.00	40	0	43	0.00	0.00	67.82	7.79	0.00	0.00	2000
229	11.26	2025	2107	0.00	194	0	0	0	nan	0.00	0.00	3.73	85.32	88.74	0.00	40	0	43	0.00	0.00	65.02	7.31	0.00	0.00	2000
231	11.56	1992	2106	0.00	202	0	0	0	nan	0.00	0.02	4.27	84.51	88.44	0.00	39	0	43	0.00	0.00	66.42	7.63	0.00	0.00	2000
229	10.89	2106	2099	0.00	195	0	0	0	nan	0.00	0.00	3.31	85.81	89.11	0.00	39	0	43	0.00	0.00	66.15	7.57	0.00	0.00	2000
228	10.85	2103	2096	0.80	194	0	0	5	67.68	0.00	0.02	3.46	85.56	89.15	0.00	40	0	43	0.00	0.00	61.91	7.12	0.00	0.00	2000
226	11.25	2110	1995	0.59	194	0	0	0	nan	0.00	0.02	2.91	81.44	88.75	0.00	40	0	43	0.00	0.00	61.78	7.17	0.00	0.00	2000
231	11.03	2028	2165	0.00	196	0	0	0	nan	0.00	0.01	3.26	88.51	88.97	0.00	39	0	43	0.00	0.00	67.40	7.76	0.00	0.00	2000
227	11.46	2043	2036	0.00	194	0	0	0	nan	0.00	0.03	3.03	82.84	88.54	0.00	40	0	43	0.00	0.00	62.91	7.38	0.00	0.00	2000
230	11.00	2043	2153	0.00	210	0	0	0	nan	0.00	0.00	2.26	89.06	89.00	0.00	39	0	43	0.00	0.00	64.47	7.53	0.00	0.00	2000
230	10.82	2077	2151	0.00	194	0	0	0	nan	0.00	0.02	3.15	88.22	89.18	0.00	39	0	43	0.00	0.00	68.39	7.83	0.00	0.00	2000
228	11.26	2072	2056	0.00	198	0	0	0	nan	0.00	0.00	5.03	81.90	88.74	0.00	40	0	42	0.00	0.00	61.31	7.11	0.00	0.00	2000
229	11.02	2050	2133	0.00	195	0	0	0	nan	0.00	0.00	3.73	86.65	88.98	0.00	40	0	43	0.00	0.00	67.63	7.76	0.00	0.00	2000
229	11.23	2066	2072	0.00	195	0	0	0	nan	0.00	0.00	3.73	83.94	88.77	0.00	39	0	43	0.00	0.00	61.93	7.13	0.00	0.00	2000
230	10.83	2097	2132	0.00	194	0	0	0	nan	0.00	0.02	3.29	87.23	89.17	0.00	40	0	43	0.00	0.00	67.87	7.76	0.00	0.00	2000
227	11.16	2066	2069	0.00	194	0	0	0	nan	0.00	0.02	4.12	83.50	88.84	0.00	39	0	43	0.00	0.00	62.29	7.19	0.00	0.00	2000
225	11.06	2123	2016	0.00	195	0	0	0	nan	0.00	0.00	3.71	81.68	88.94	0.00	39	0	43	0.00	0.00	62.11	7.19	0.00	0.00	2000
234	10.74	2047	2233	0.00	211	0	0	0	nan	0.00	0.03	3.69	91.26	89.26	0.00	40	0	43	0.00	0.00	68.81	7.91	0.00	0.00	2000
230	11.37	2052	2074	0.00	196	0	0	0	nan	0.00	0.00	3.03	84.60	88.63	0.00	40	0	43	0.00	0.00	66.23	7.57	0.00	0.00	2000
228	11.35	2014	2094	0.00	194	0	0	0	nan	0.00	0.00	3.94	84.57	88.65	0.00	40	0	43	0.00	0.00	61.89	7.22	0.00	0.00	2000
230	11.00	2082	2110	0.00	194	0	0	0	nan	0.00	0.00	3.75	85.71	89.00	0.00	40	0	43	0.00	0.00	68.07	7.34	0.00	0.00	2000
228	11.08	2030	2126	0.00	194	0	0	0	nan	0.00	0.00	3.64	86.47	88.92	0.00	39	0	43	0.00	0.00	65.22	7.94	0.00	0.00	2000
228	11.53	1979	2099	0.92	194	0	0	6	71.28	0.00	0.00	3.81	84.74	88.47	0.00	40	0	43	0.00	0.00	65.25	7.57	0.00	0.00	2000
230	11.62	2018	2057	0.56	195	0	0	0	nan	0.00	0.00	3.58	83.08	88.38	0.00	39	0	43	0.00	0.00	62.43	7.25	0.00	0.00	2000
230	11.05	2031	2149	0.00	195	0	0	0	nan	0.00	0.00	3.73	87.36	88.95	0.00	40	0	43	0.00	0.00	67.54	7.90	0.00	0.00	2000
228	11.28	2033	2086	0.00	194	0	0	0	nan	0.00	0.01	3.40	84.71	88.72	0.00	40	0	43	0.00	0.00	64.87	7.52	0.00	0.00	2000
229	11.25	2018	2114	0.00	194	0	0	0	nan	0.00	0.00	4.37	85.08	88.75	0.00	40	0	43	0.00	0.00	64.58	7.52	0.00	0.00	2000
228	11.07	2105	2056	0.00	194	0	0	0	nan	0.00	0.01	3.58	83.47	88.93	0.00	39	0	43	0.00	0.00	62.42	7.28	0.00	0.00	2000
233	10.81	2128	2124	0.00	196	0	0	0	nan	0.00	0.00	4.43	85.81	89.19	0.00	40	0	43	0.00	0.00	65.01	7.53	0.00	0.00	2000
227	10.85	2122	2073	0.00	194	0	0	0	nan	0.00	0.00	3.46	84.57	89.15	0.00	39	0	43	0.00	0.00	64.77	7.42	0.00	0.00	2000
231	10.97	2073	2131	0.00	195	0	0	0	nan	0.00	0.00	4.61	85.67	89.03	0.00	39	0	43	0.00	0.00	67.91	7.77	0.00	0.00	2000
230	11.33	2028	2100	0.00	198	0	0	0	nan	0.00	0.00	5.28	83.48	88.67	0.00	40	0	43	0.00	0.00	65.26	7.23	0.00	0.00	2000
230	11.21	2066	2089	0.00	196	0	0	0	nan	0.00	0.00	5.19	83.27	88.79	0.00	40	0	43	0.00	0.00	62.25	7.78	0.00	0.00	2000
226	11.32	2018	2080	0.00	194	0	0	0	nan	0.00	0.00	4.00	83.99	88.68	0.00	40	0	43	0.00	0.00	64.77	7.43	0.00	0.00	2000
232	10.89	2114	2116	0.00	195	0	0	0	nan	0.00	0.02	4.76	85.01	89.11	0.00	39	0	43	0.00	0.00	64.62	7.53	0.00	0.00	2000
228	11.19	2031	2108	0.00	194	0	0	0	nan	0.00	0.00	4.18	85.03	88.81	0.00	39	0	43	0.00	0.00	64.85	7.24	0.00	0.00	2000
224	11.50	2054	1995	0.00	195	0	0	0	nan	0.00	0.01	3.98	80.13	88.50	0.00	39	0	43	0.00	0.00	62.41	7.30	0.00	0.00	2000
231	10.78	2016	2234	0.00	210	0	0	0	nan	0.00	0.03	2.97	92.09	89.22	0.00	39	0	43	0.00	0.00	67.36	7.97	0.00	0.00	2000
231	11.73	1995	2077	0.00	195	0	0	0	nan	0.00	0.02	3.46	83.91	88.27	0.00	40	0	43	0.00	0.00	64.78	7.77	0.00	0.00	2000
227	10.81	2121	2080	0.77	194	0	0	6	66.78	0.00	0.00	4.03	84.30	89.19	0.00	39	0	43	0.00	0.00	64.86	7.46	0.00	0.00	2000
231	11.18	2034	2135	0.71	194	0	0	0	87.95	0.00	0.02	3.80	86.56	88.82	0.00	40	0	43	0.00	0.00	64.37	7.42	0.00	0.00	2000
234	11.81	1997	2086	0.00	197	0	0	0	nan	0.00	0.00	3.50	84.19	88.19	0.00	39	0	43	0.00	0.00	65.38	7.51	0.00	0.00	2000
229	11.10	2042	2123	0.00	194	0	0	0	nan	0.00	0.00	3.16	86.89	88.90	0.00	40	0	42	0.00	0.00	64.38	7.70	0.00	0.00	2000
227	11.39	2035	2061	0.00	194	0	0	0	nan	0.00	0.00	3.05	83.95	88.61	0.00	40	0	42	0.00	0.00	64.57	7.22	0.00	0.00	2000
232	11.12	2077	2109	0.00	194	0	0	0	nan	0.00	0.01	3.23	86.05	88.88	0.00	40	0	43	0.00	0.00	65.20	7.47	0.00	0.00	2000
218	12.09	2087	1818	0.00	195	0	0	0	nan	0.00	0.01	3.65	72.53	87.91	0.00	39	0	43	0.00	0.00	55.60	6.40	0.00	0.00	2000
229	9.78	2021	2435	0.00	226	0	0	0	nan	0.00	0.00	3.59	101.02	90.22	0.00	41	0	43	0.00	0.00	74.82	8.93	0.00	0.00	2000
220	10.71	2067	2090	0.00	194	0	0	0	nan	0.00	0.00	3.27	85.65	89.29	0.00	41	0	43	0.00	0.00	64.54	7.49	0.00	0.00	2000
219	11.04	2090	1990	0.00	195	0	0	0	nan	0.00	0.01	3.32	80.96	88.96	0.00	42	0	43	0.00	0.00	59.49	6.92	0.00	0.00	2000
224	10.73	1978	2213	0.00	211	0	0	0	nan	0.00	0.00	3.61	90.62	89.27	0.00	42	0	43	0.00	0.00	69.68	8.28	0.00	0.00	2000
221	10.38	2125	2104	0.00	194	0	0	0	nan	0.00	0.00	2.86	86.93	89.62	0.00	42	0	43	0.00	0.00	64.94	7.44	0.00	0.00	2000
221	10.48	2121	2090	0.00	197	0	0	0	nan	0.00	0.02	4.53	84.55	89.52	0.00	42	0	43	0.00	0.00	64.10	7.47	0.00	0.00	2000
225	10.58	2093	2131	0.00	195	0	0	0	nan	0.00	0.00	3.77	86.98	89.42	0.00	42	0	43	0.00	0.00	64.55	7.30	0.00	0.00	2000
220	11.00	1995	2109	0.00	197	0	0	0	nan	0.00	0.00	3.72	85.75	89.00	0.00	42	0	43	0.00	0.00	64.31	7.53	0.00	0.00	2000
221	11.20	1991	2077	0.00	194	0	0	0	nan	0.00	0.00	3.34	84.58	88.80	0.00	42	0	42	0.00	0.00	64.50	7.58	0.00	0.00	2000
221	10.91	2027	2096	0.00	194	0	0	0	nan	0.00	0.00	3.21	85.82	89.09	0.00	42	0	43	0.00	0.00	64.36	7.56	0.00	0.00	2000
220	10.74	2050	2103	0.85	195	0	0	6	68.42	0.00	0.02	3.02	86.33	89.26	0.00	42	0	43	0.00	0.00	64.45	7.40	0.00	0.00	2000
220	10.64	2079	2091	0.57	195	0	0	0	nan	0.00	0.00	3.59	85.37	89.36	0.00	42	0	43	0.00	0.00	64.75	7.46	0.00	0.00	2000
222	10.81	2046	2113	0.00	195	0	0	0	nan	0.00	0.00	4.05	85.79	89.19	0.00	42	0	43	0.00	0.00	64.50	7.47	0.00	0.00	2000
221	10.72	2063	2095	0.00	195	0	0	0	nan	0.00	0.02	3.22	85.88	89.28	0.00	42	0	43	0.00	0.00	64.14	7.67	0.00	0.00	2000
221	10.65	2073	2099	0.00	194	0	0	0	nan	0.00	0.00	3.09	86.25	89.35	0.00	42	0	43	0.00	0.00	64.49	7.53	0.00	0.00	2000
222	10.49	2116	2100	0.00	195	0	0	0	nan	0.00	0.01	3.57	85.91	89.51	0.00	42	0	43	0.00	0.00	64.57	7.54	0.00	0.00	2000
220	10.71	2051	2102	0.00	194	0	0	0	nan	0.00	0.03	2.98	86.47	89.29	0.00	42	0	43	0.00	0.00	64.44	7.59	0.00	0.00	2000
223	10.74	2087	2087	0.00	195	0	0	0	nan	0.00	0.01	3.52	85.23	89.26	0.00	42	0	43	0.00	0.00	64.89	7.36	0.00	0.00	2000
222	10.38	2133	2111	0.00	194	0	0	0	nan	0.00	0.02	3.43	86.61	89.62	0.00	42	0	43	0.00	0.00	64.59	7.48	0.00	0.00	2000
220	10.75	2059	2090	0.00	195	0	0	0	nan	0.00	0.02	3.23	85.73	89.25	0.00	42	0	43	0.00	0.00	64.30	7.36	0.00	0.00	2000
221	10.61	2077	2105	0.00	194	0	0	0	nan	0.00	0.02	3.43	86.18	89.39	0.00	42	0	43	0.00	0.00	64.56	7.55	0.00	0.00	2000
220	10.55	2082	2104	0.00	193	0	0	0	nan	0.00	0.00	2.81	86.86	89.45	0.00	42	0	43	0.00	0.00	64.47	7.56	0.00	0.00	2000
223	10.73	2081	2094	0.00	195	0	0	0	nan	0.00	0.01	3.06	85.94	89.27	0.00	42	0	43	0.00	0.00	64.67	7.68	0.00	0.00	2000
221	10.58	2090	2101	0.00	194	0	0	0	nan	0.00	0.01	3.61	85.87	89.42	0.00	43	0	43	0.00	0.00	64.97	7.56	0.00	0.00	2000
225	10.68	2071	2133	0.00	195	0	0	0	nan	0.00	0.00	3.21	87.56	89.32	0.00	42	0	43	0.00	0.00	65.10	7.64	0.00	0.00	2000
220	11.02	2023	2070	0.00	194	0	0	0	nan	0.00	0.00	3.36	84.42	88.98	0.00	42	0	43	0.00	0.00	64.58	7.56	0.00	0.00	2000
222	10.78	2051	2106	0.00	197	0	0	0	nan	0.00	0.02	4.79	84.67	89.22	0.00	42	0	43	0.00	0.00	64.36	7.58	0.00	0.00	2000
223	10.73	2064	2114	0.51	197	0	0	6	75.09	0.00	0.00	4.21	85.70	89.27	0.00	42	0	43	0.00	0.00	64.69	7.52	0.00	0.00	2000
220	10.85	2052	2078	0.90	195	0	0	2	87.20	0.00	0.01	3.77	84.55	89.15	0.00	42	0	43	0.00	0.00	61.92	7.22	0.00	0.00	2000
228	10.49	2146	2123	0.00	194	0	0	0	nan	0.00	0.00	3.85	86.62	89.51	0.00	42	0	43	0.00	0.00	68.44	8.10	0.00	0.00	2000
221	10.39	2124	2099	0.00	194	0	0	0	nan	0.01	0.00	2.59	86.90	89.61	0.00	42	0	43	0.00	0.00	64.27	7.58	0.00	0.00	2000
221	10.78	2070	2077	0.00	197	0	0	0	nan	0.00	0.03	2.98	85.31	89.22	0.00	42	0	43	0.00	0.00	62.75	7.28	0.00	0.00	2000
221	10.59	2082	2104	0.00	196	0	0	0	nan	0.00	0.00	3.46	86.18	89.41	0.00	42	0	43	0.00	0.00	63.94	7.43	0.00	0.00	2000
222	10.88	2057	2086	0.00	194	0	0	0	nan	0.00	0.03	2.94	85.61	89.12	0.00	42	0	43	0.00	0.00	64.63	7.58	0.00	0.00	2000
221	10.71	2054	2111	0.00	194	0	0	0	nan	0.00	0.00	3.01	86.80	89.29	0.00	42	0	43	0.00	0.00	64.73	7.34	0.00	0.00	2000
222	10.62	2094	2096	0.00	194	0	0	0	nan	0.00	0.00	3.39	85.76	89.38	0.00	42	0	43	0.00	0.00	65.10	7.40	0.00	0.00	2000
222	10.69	2069	2103	0.00	195	0	0	0	nan	0.00	0.01	2.83	86.62	89.31	0.00	42	0	43	0.00	0.00	64.77	7.91	0.00	0.00	2000
220	10.74	2049	2100	0.00	194	0	0	0	nan	0.00	0.00	3.38	85.95	89.26	0.00	42	0	43	0.00	0.00	64.48	7.33	0.00	0.00	2000
218	11.09	2072	1992	0.00	195	0	0	0	nan	0.00	0.01	3.18	81.20	88.91	0.00	42	0	43	0.00	0.00	59.59	6.97	0.00	0.00	2000
224	10.65	1988	2220	0.00	211	0	0	0	nan	0.00	0.00	2.92	91.66	89.35	0.00	42	0	43	0.00	0.00	69.66	8.10	0.00	0.00	2000
220	10.66	2072	2093	0.00	211	0	0	0	nan	0.00	0.02	3.40	85.70	89.34	0.00	42	0	43	0.00	0.00	64.97	7.40	0.00	0.00	2000
221	10.63	2076	2102	0.00	194	0	0	0	nan	0.00	0.01	3.22	86.29	89.37	0.00	42	0	43	0.00	0.00	64.62	7.56	0.00	0.00	2000
224	10.40	2130	2120	0.00	195	0	0	0	nan	0.00	0.01	3.03	87.44	89.60	0.00	42	0	43	0.00	0.00	64.70	7.57	0.00	0.00	2000
219	10.73	2068	2072	0.00	194	0	0	0	nan	0.00	0.00	3.34	84.81	89.27	0.00	42	0	43	0.00	0.00	64.09	7.66	0.00	0.00	2000
221	10.64	2059	2118	0.50	195	0	0	6	71.18	0.00	0.00	3.16	87.02	89.36	0.00	42	0	43	0.00	0.00	65.03	7.35	0.00	0.00	2000
220	10.68	2077	2084	0.92	194	0	0	2	82.89	0.00	0.00	3.40	85.24	89.32	0.00	42	0	43	0.00	0.00	64.20	7.52	0.00	0.00	2000
222	10.45	2115	2111	0.00	197	0	0	0	nan	0.00	0.00	3.45	86.55	89.55	0.00	42	0	43	0.00	0.00	65.07	7.40	0.00	0.00	2000
222	10.85	2062	2087	0.00	196	0	0	0	nan	0.00	0.00	3.68	84.84	89.15	0.00	42	0	43	0.00	0.00	64.96	7.38	0.00	0.00	2000
217	11.15	2038	2002	0.00	195	0	0	0	nan	0.00	0.00	2.99	81.79	88.85	0.00	42	0	42	0.00	0.00	60.00	6.84	0.00	0.00	2000
224	10.35	2045	2226	0.00	210	0	0	0	nan	0.00	0.00	3.43	91.62	89.65	0.00	42	0	43	0.00	0.00	69.79	8.21	0.00	0.00	2000
220	10.74	2044	2104	0.00	194	0	0	0	nan	0.00	0.00	3.17	86.33	89.26	0.00	42	0	43	0.00	0.00	64.70	7.69	0.00	0.00	2000
220	10.68	2083	2080	0.00	194	0	0	0	nan	0.00	0.01	3.27	85.26	89.32	0.00	42	0	43	0.00	0.00	62.10	7.32	0.00	0.00	2000
224	10.61	2094	2121	0.00	196	0	0	0	nan	0.00	0.02	4.08	86.27	89.39	0.00	42	0	43	0.00	0.00	67.83	8.12	0.00	0.00	2000
220	10.52	2105	2090	0.00	194	0	0	0	nan	0.00	0.03	2.71	86.38	89.48	0.00	42	0	43	0.00	0.00	64.78	7.55	0.00	0.00	2000
220	10.77	2046	2096	0.00	194	0	0	0	nan	0.00	0.01	2.96	86.23	89.23	0.00	42	0	43	0.00	0.00	64.11	7.53	0.00	0.00	2000
221	10.78	2026	2124	0.00	194	0	0	0	nan	0.00	0.00	3.45	86.85	89.22	0.00	42	0	43	0.00	0.00	64.61	7.65	0.00	0.00	2000
220	11.22	1977	2079	0.00	194	0	0	0	nan	0.00	0.00	3.05	85.01	88.78	0.00	43	0	43	0.00	0.00	64.65	7.74	0.00	0.00	2000
222	10.61	2105	2092	0.00	195	0	0	0	nan	0.00	0.02	3.46	85.59	89.39	0.00	42	0	43	0.00	0.00	61.98	7.27	0.00	0.00	2000
223	10.47	2083	2149	0.00	194	0	0	0	nan	0.00	0.02	3.34	88.30	89.53	0.00	42	0	43	0.00	0.00	66.14	7.83	0.00	0.00	2000
218	10.79	2102	2021	0.00	194	0	0	0	nan	0.00	0.01	3.10	82.75	89.21	0.00	42	0	43	0.00	0.00	63.79	7.43	0.00	0.00	2000
223	10.71	2036	2149	0.00	194	0	0	0	nan	0.00	0.00	3.10	88.39	89.29	0.00	42	0	43	0.00	0.00	67.16	7.41	0.00	0.00	2000
221	10.77	2066	2086	0.33	202	0	0	5	76.11	0.00	0.00	4.77	83.93	89.23	0.00	42	0	43	0.00	0.00	61.71	7.60	0.00	0.00	2000
223	10.76	2057	2119	1.08	204	0	0	3	83.60	0.00	0.00	4.06	86.05	89.24	0.00	42	0	43	0.00	0.00	67.15	7.67	0.00	0.00	2000
220	10.87	2053	2072	0.00	195	0	0	0	nan	0.00	0.00	3.51	84.51	89.13	0.00	42	0	43	0.00	0.00	61.55	7.24	0.00	0.00	2000
221	10.58	2065	2123	0.00	194	0	0	0	nan	0.00	0.00	2.64	87.83	89.42	0.00	42	0	43	0.00	0.00	64.31	7.64	0.00	0.00	2000
221	10.54	2103	2092	0.00	195	0	0	0	nan	0.00	0.03	3.64	85.43	89.46	0.00	42	0	43	0.00	0.00	64.37	7.57	0.00	0.00	2000
220	11.36	2048	1989	0.00	212	0	0	0	nan	0.00	0.01	7.00	77.06	88.64	0.00	42	0	43	0.00	0.00	61.95	7.28	0.00	0.00	2000
227	10.31	2074	2228	0.00	215	0	0	0	nan	0.00	0.01	2.48	92.70	89.69	0.00	42	0	43	0.00	0.00	66.83	7.79	0.00	0.00	2000
222	10.95	2029	2096	0.00	194	0	0	0	nan	0.00	0.00	2.93	86.08	89.05	0.00	42	0	43	0.00	0.00	64.07	7.41	0.00	0.00	2000
221	10.75	2057	2100	0.00	195	0	0	0	nan	0.01	0.00	3.61	85.68	89.25	0.00	42	0	43	0.00	0.00	64.34	7.55	0.00	0.00	2000
220	10.92	2026	2091	0.00	194	0	0	0	nan	0.00	0.00	3.65	85.16	89.08	0.00	42	0	43	0.00	0.00	64.68	7.62	0.00	0.00	2000
220	10.52	2097	2098	0.00	194	0	0	0	nan	0.00	0.00	3.28	86.08	89.48	0.00	42	0	43	0.00	0.00	64.77	7.64	0.00	0.00	2000
222	10.69	2071	2110	0.00	195	0	0	0	nan	0.01	0.00	3.33	86.44	89.31	0.00	42	0	42	0.00	0.00	64.67	7.59	0.00	0.00	2000
221	10.50	2102	2103	0.00	196	0	0	0	nan	0.00	0.01	3.78	85.82	89.50	0.00	42	0	43	0.00	0.00	64.59	7.59	0.00	0.00	2000
221	10.77	2023	2127	0.00	194	0	0	0	nan	0.00	0.00	3.29	87.20	89.23	0.00	42	0	43	0.00	0.00	67.22	7.85	0.00	0.00	2000
219	10.83	2071	2048	0.00	211	0	0	0	nan	0.00	0.02	3.59	83.35	89.17	0.00	42	0	43	0.00	0.00	61.76	7.41	0.00	0.00	2000
222	10.48	2091	2127	0.00	194	0	0	0	nan	0.00	0.00	2.55	88.16	89.52	0.00	43	0	43	0.00	0.00	65.14	7.66	0.00	0.00	2000
223	10.69	2093	2092	0.00	198	0	0	0	nan	0.00	0.00	3.03	86.00	89.31	0.00	42	0	43	0.00	0.00	64.01	7.49	0.00	0.00	2000
225	11.19	2009	2101	0.33	196	0	0	5	74.68	0.00	0.00	3.87	85.01	88.81	0.00	42	0	43	0.00	0.00	64.28	7.60	0.00	0.00	2000
221	10.78	2044	2109	1.08	194	0	0	3	81.62	0.00	0.03	3.03	86.59	89.22	0.00	42	0	43	0.00	0.00	64.52	7.60	0.00	0.00	2000
221	10.79	2043	2105	0.00	193	0	0	0	nan	0.00	0.00	3.33	86.11	89.21	0.00	42	0	43	0.00	0.00	64.70	7.62	0.00	0.00	2000
221	10.84	2049	2091	0.00	194	0	0	0	nan	0.00	0.01	3.95	84.87	89.16	0.00	42	0	43	0.00	0.00	64.94	7.71	0.00	0.00	2000
222	10.82	2061	2093	0.00	198	0	0	0	nan	0.00	0.00	3.46	85.45	89.18	0.00	42	0	43	0.00	0.00	64.51	7.67	0.00	0.00	2000
222	10.78	2048	2110	0.00	195	0	0	0	nan	0.00	0.00	3.45	86.24	89.22	0.00	42	0	43	0.00	0.00	64.61	7.56	0.00	0.00	2000
220	10.71	2061	2096	0.00	194	0	0	0	nan	0.00	0.02	3.37	85.77	89.29	0.00	42	0	43	0.00	0.00	64.23	7.54	0.00	0.00	2000
222	10.51	2083	2128	0.00	194	0	0	0	nan	0.00	0.02	3.18	87.48	89.49	0.00	42	0	43	0.00	0.00	64.43	7.50	0.00	0.00	2000
219	10.90	2031	2081	0.00	195	0	0	0	nan	0.00	0.00	3.30	85.06	89.10	0.00	42	0	42	0.00	0.00	64.17	7.45	0.00	0.00	2000
224	10.80	2070	2101	0.00	199	0	0	0	nan	0.00	0.00	4.68	84.63	89.20	0.00	42	0	43	0.00	0.00	65.03	7.77	0.00	0.00	2000
221	10.42	2099	2120	0.00	196	0	0	0	nan	0.00	0.02	3.57	86.86	89.58	0.00	42	0	43	0.00	0.00	64.97	7.55	0.00	0.00	2000
220	11.07	2020	2064	0.00	194	0	0	0	nan	0.00	0.00	3.07	84.48	88.93	0.00	42	0	43	0.00	0.00	64.15	7.57	0.00	0.00	2000
222	10.54	2084	2120	0.00	194	0	0	0	nan	0.00	0.01	2.50	87.92	89.46	0.00	42	0	43	0.00	0.00	64.32	7.53	0.00	0.00	2000
220	10.82	2042	2092	0.00	194	0	0	0	nan	0.00	0.00	3.07	85.82	89.18	0.00	42	0	43	0.00	0.00	64.68	7.58	0.00	0.00	2000
222	10.76	2042	2118	0.00	194	0	0	0	nan	0.00	0.00	3.58	86.47	89.24	0.00	42	0	43	0.00	0.00	65.33	7.69	0.00	0.00	2000
222	10.71	2107	2065	0.00	196	0	0	0	nan	0.00	0.00	3.69	84.10	89.29	0.00	43	0	43	0.00	0.00	61.32	7.54	0.00	0.00	2000
221	10.63	2068	2108	0.00	196	0	0	0	nan	0.00	0.02	3.22	86.49	89.37	0.00	43	0	43	0.00	0.00	67.09	7.40	0.00	0.00	2000
219	10.69	2051	2102	0.00	194	0	0	3	77.37	0.00	0.00	3.87	85.57	89.31	0.00	42	0	42	0.00	0.00	64.39	7.54	0.00	0.00	2000
221	10.62	2075	2103	1.42	194	0	0	4	77.19	0.00	0.02	3.05	86.51	89.38	0.00	43	0	43	0.00	0.00	64.21	7.75	0.00	0.00	2000
222	10.55	2084	2123	0.00	194	0	0	0	nan	0.00	0.01	3.23	87.24	89.45	0.00	42	0	43	0.00	0.00	65.22	7.59	0.00	0.00	2000
256	11.66	2211	2082	0.00	196	0	0	0	nan	0.01	0.00	3.49	84.07	88.34	0.00	42	0	42	0.00	0.00	65.11	7.43	0.00	0.00	2000
221	10.78	2058	2090	0.00	195	0	0	0	nan	0.00	0.00	3.27	85.56	89.22	0.00	42	0	43	0.00	0.00	64.13	7.51	0.00	0.00	2000
221	10.49	2090	2120	0.00	195	0	0	0	nan	0.00	0.00	3.30	87.07	89.51	0.00	42	0	43	0.00	0.00	64.26	7.65	0.00	0.00	2000
220	10.82	2050	2082	0.00	194	0	0	0	nan	0.00	0.00	2.93	85.59	89.18	0.00	42	0	43	0.00	0.00	64.26	7.58	0.00	0.00	2000
217	11.14	2063	1984	0.00	195	0	0	0	nan	0.00	0.02	3.12	80.92	88.86	0.00	42	0	43	0.00	0.00	59.42	7.07	0.00	0.00	2000
225	10.78	1978	2220	0.00	210	0	0	0	nan	0.00	0.00	4.36	90.08	89.22	0.00	42	0	43	0.00	0.00	69.79	8.19	0.00	0.00	2000
222	10.58	2084	2112	0.00	194	0	0	0	nan	0.00	0.02	3.73	86.19	89.42	0.00	42	0	43	0.00	0.00	64.58	7.61	0.00	0.00	2000
221	10.65	2059	2114	0.00	194	0	0	0	nan	0.00	0.00	3.04	86.89	89.35	0.00	42	0	43	0.00	0.00	64.60	7.47	0.00	0.00	2000
220	10.88	2044	2076	0.00	195	0	0	0	nan	0.00	0.00	4.30	83.91	89.12	0.00	42	0	43	0.00	0.00	64.65	7.50	0.00	0.00	2000
221	10.68	2066	2104	0.00	196	0	0	0	nan	0.00	0.00	3.85	85.70	89.32	0.00	42	0	43	0.00	0.00	64.63	7.49	0.00	0.00	2000
226	11.01	2048	2107	0.00	196	0	0	0	nan	0.00	0.02	3.58	85.77	88.99	0.00	42	0	42	0.00	0.00	64.69	7.48	0.00	0.00	2000
222	10.94	2042	2088	0.00	194	0	0	0	nan	0.00	0.00	4.01	84.64	89.06	0.00	42	0	43	0.00	0.00	64.35	7.60	0.00	0.00	2000
221	10.45	2112	2102	0.00	194	0	0	0	nan	0.00	0.00	3.23	86.37	89.55	0.00	42	0	43	0.00	0.00	64.30	7.72	0.00	0.00	2000
221	10.31	2145	2103	0.00	195	0	0	0	nan	0.00	0.00	3.78	85.99	89.69	0.00	42	0	43	0.00	0.00	62.29	7.26	0.00	0.00	2000
221	10.56	2093	2097	0.00	194	0	0	3	76.45	0.00	0.02	3.13	86.23	89.44	0.00	42	0	43	0.00	0.00	66.87	7.91	0.00	0.00	2000
223	10.71	2064	2119	1.39	195	0	0	5	74.47	0.00	0.00	2.99	87.11	89.29	0.00	42	0	43	0.00	0.00	64.56	7.44	0.00	0.00	2000
219	11.81	1970	1974	0.00	197	0	0	0	nan	0.00	0.00	4.34	78.71	88.19	0.00	42	0	43	0.00	0.00	59.30	6.94	0.00	0.00	2000
224	10.54	2008	2221	0.00	211	0	0	0	nan	0.00	0.00	3.36	91.31	89.46	0.00	42	0	43	0.00	0.00	69.60	8.05	0.00	0.00	2000
219	10.65	2076	2076	0.00	210	0	0	0	nan	0.00	0.02	2.95	85.38	89.35	0.00	42	0	43	0.00	0.00	61.83	7.56	0.00	0.00	2000
222	10.83	2046	2106	0.00	196	0	0	0	nan	0.00	0.02	3.05	86.39	89.17	0.00	42	0	43	0.00	0.00	64.28	7.69	0.00	0.00	2000
222	10.74	2046	2121	0.00	194	0	0	0	nan	0.00	0.00	3.58	86.65	89.26	0.00	43	0	43	0.00	0.00	64.25	7.68	0.00	0.00	2000
220	10.54	2101	2088	0.00	195	0	0	0	nan	0.00	0.02	3.62	85.31	89.46	0.00	42	0	43	0.00	0.00	64.16	7.61	0.00	0.00	2000
221	10.73	2042	2115	0.00	194	0	0	0	nan	0.00	0.00	2.72	87.25	89.27	0.00	42	0	43	0.00	0.00	64.66	7.53	0.00	0.00	2000
221	10.81	2036	2104	0.00	194	0	0	0	nan	0.00	0.01	3.23	86.17	89.19	0.00	42	0	43	0.00	0.00	63.93	7.60	0.00	0.00	2000
223	10.76	2051	2120	0.00	195	0	0	0	nan	0.00	0.00	3.52	86.66	89.24	0.00	42	0	43	0.00	0.00	66.88	7.52	0.00	0.00	2000
220	10.93	2045	2064	0.00	196	0	0	0	nan	0.00	0.00	4.19	83.51	89.07	0.00	42	0	43	0.00	0.00	61.50	7.44	0.00	0.00	2000
221	10.41	2106	2115	0.00	194	0	0	0	nan	0.00	0.01	3.01	87.27	89.59	0.00	42	0	43	0.00	0.00	64.80	7.68	0.00	0.00	2000
220	10.45	2124	2084	0.00	194	0	0	0	nan	0.00	0.01	2.98	85.87	89.55	0.00	42	0	43	0.00	0.00	63.92	7.70	0.00	0.00	2000
221	10.31	2136	2111	0.00	194	0	0	0	nan	0.00	0.00	2.85	87.31	89.69	0.00	42	0	43	0.00	0.00	64.29	7.77	0.00	0.00	2000
221	10.58	2104	2088	0.00	196	0	0	0	nan	0.00	0.02	4.27	84.68	89.42	0.00	42	0	43	0.00	0.00	64.61	7.88	0.00	0.00	2000
223	10.70	2061	2122	0.00	197	0	0	0	nan	0.00	0.00	3.73	86.56	89.30	0.00	42	0	43	0.00	0.00	65.16	7.45	0.00	0.00	2000
220	10.73	2066	2079	0.00	195	0	0	3	78.20	0.00	0.01	3.92	84.50	89.27	0.00	42	0	43	0.00	0.00	64.33	7.65	0.00	0.00	2000
221	10.51	2095	2109	1.40	194	0	0	5	75.56	0.00	0.02	3.06	86.81	89.49	0.00	42	0	42	0.00	0.00	63.86	7.64	0.00	0.00	2000
221	10.49	2082	2128	0.00	195	0	0	0	nan	0.00	0.02	3.58	87.11	89.51	0.00	42	0	43	0.00	0.00	64.42	7.56	0.00	0.00	2000
221	10.93	2040	2084	0.00	194	0	0	0	nan	0.00	0.00	3.54	84.89	89.07	0.00	42	0	43	0.00	0.00	64.42	7.53	0.00	0.00	2000
222	10.80	2058	2095	0.00	195	0	0	0	nan	0.01	0.01	3.44	85.64	89.20	0.00	42	0	43	0.00	0.00	64.88	7.71	0.00	0.00	2000
221	10.57	2088	2099	0.00	195	0	0	0	nan	0.00	0.00	3.43	86.01	89.43	0.00	42	0	43	0.00	0.00	64.31	7.54	0.00	0.00	2000
221	10.85	2046	2091	0.00	194	0	0	0	nan	0.00	0.00	3.30	85.61	89.15	0.00	42	0	43	0.00	0.00	63.89	7.52	0.00	0.00	2000
221	10.43	2103	2116	0.00	195	0	0	0	nan	0.00	0.00	3.32	86.98	89.57	0.00	42	0	43	0.00	0.00	64.57	7.58	0.00	0.00	2000
220	10.86	2037	2091	0.00	195	0	0	0	nan	0.00	0.00	2.92	85.97	89.15	0.00	42	0	42	0.00	0.00	64.15	7.56	0.00	0.00	2000
223	11.02	1992	2129	0.00	197	0	0	0	nan	0.00	0.00	3.87	86.41	88.98	0.00	42	0	42	0.00	0.00	64.37	7.71	0.00	0.00	2000
218	10.99	2029	2052	0.00	210	0	0	0	nan	0.00	0.02	3.15	83.89	89.01	0.00	42	0	43	0.00	0.00	61.73	7.40	0.00	0.00	2000
222	10.69	2051	2127	0.00	194	0	0	0	nan	0.00	0.02	3.09	87.41	89.31	0.00	42	0	42	0.00	0.00	67.07	7.64	0.00	0.00	2000
221	10.58	2093	2094	0.00	194	0	0	0	nan	0.00	0.00	2.79	86.36	89.42	0.00	42	0	43	0.00	0.00	64.20	7.44	0.00	0.00	2000
219	10.96	2042	2058	0.00	211	0	0	0	nan	0.00	0.00	3.02	84.27	89.04	0.00	42	0	43	0.00	0.00	61.70	7.39	0.00	0.00	2000
223	10.60	2057	2143	0.00	194	0	0	0	nan	0.00	0.02	3.20	88.08	89.40	0.00	42	0	43	0.00	0.00	66.77	7.84	0.00	0.00	2000
222	10.52	2103	2107	0.00	195	0	0	0	nan	0.00	0.01	3.48	86.27	89.48	0.00	42	0	43	0.00	0.00	64.36	7.79	0.00	0.00	2000
222	10.60	2092	2099	0.00	194	0	0	0	nan	0.00	0.00	3.54	85.87	89.40	0.00	42	0	43	0.00	0.00	64.11	7.61	0.00	0.00	2000
220	10.75	2032	2118	0.00	194	0	0	3	76.76	0.00	0.00	3.47	86.68	89.25	0.00	42	0	43	0.00	0.00	64.09	7.59	0.00	0.00	2000
222	11.18	2002	2083	1.40	195	0	0	5	74.99	0.00	0.00	3.40	84.76	88.82	0.00	42	0	43	0.00	0.00	64.40	7.47	0.00	0.00	2000
223	10.60	2081	2120	0.00	198	0	0	0	nan	0.00	0.03	3.54	86.62	89.40	0.00	42	0	43	0.00	0.00	64.41	7.50	0.00	0.00	2000
220	11.11	1977	2107	0.00	195	0	0	0	nan	0.00	0.00	3.52	85.81	88.89	0.00	42	0	43	0.00	0.00	64.89	7.53	0.00	0.00	2000
219	11.19	1991	2068	0.00	193	0	0	0	nan	0.00	0.00	3.11	84.47	88.81	0.00	42	0	43	0.00	0.00	60.42	7.09	0.00	0.00	2000
220	10.89	2016	2105	0.00	194	0	0	0	nan	0.01	0.00	3.10	86.32	89.11	0.00	42	0	43	0.00	0.00	64.33	7.48	0.00	0.00	2000
222	10.93	2023	2109	0.00	195	0	0	0	nan	0.00	0.00	4.34	85.22	89.07	0.00	42	0	43	0.00	0.00	67.25	7.77	0.00	0.00	2000
221	10.83	2065	2078	0.00	196	0	0	0	nan	0.00	0.00	3.78	84.43	89.17	0.00	42	0	43	0.00	0.00	61.50	7.21	0.00	0.00	2000
220	10.56	2083	2104	0.00	194	0	0	0	nan	0.00	0.01	3.11	86.46	89.44	0.00	42	0	43	0.00	0.00	64.56	7.38	0.00	0.00	2000
220	10.53	2091	2095	0.00	194	0	0	0	nan	0.00	0.00	3.49	85.80	89.47	0.00	42	0	43	0.00	0.00	64.66	7.62	0.00	0.00	2000
221	10.62	2074	2110	0.00	195	0	0	0	nan	0.00	0.02	3.42	86.43	89.38	0.00	42	0	43	0.00	0.00	64.60	7.67	0.00	0.00	2000
221	10.61	2092	2093	0.00	194	0	0	0	nan	0.00	0.03	3.84	85.27	89.39	0.00	42	0	43	0.00	0.00	64.45	7.60	0.00	0.00	2000
223	10.61	2076	2123	0.00	195	0	0	0	nan	0.01	0.01	3.61	86.81	89.39	0.00	42	0	43	0.00	0.00	64.72	7.36	0.00	0.00	2000
220	11.05	1983	2111	0.00	195	0	0	0	nan	0.00	0.00	3.03	86.50	88.95	0.00	42	0	43	0.00	0.00	66.84	7.87	0.00	0.00	2000
221	11.26	1981	2081	0.00	195	0	0	0	nan	0.00	0.00	3.77	84.26	88.74	0.00	42	0	43	0.00	0.00	61.49	7.18	0.00	0.00	2000
227	10.87	2094	2091	0.00	196	0	0	0	nan	0.00	0.00	4.09	84.62	89.13	0.00	42	0	43	0.00	0.00	64.94	7.48	0.00	0.00	2000
220	10.83	2039	2098	0.00	194	0	0	0	nan	0.00	0.02	3.06	86.05	89.17	0.00	42	0	43	0.00	0.00	64.56	7.58	0.00	0.00	2000
221	11.04	2020	2085	0.00	195	0	0	1	79.55	0.00	0.00	3.59	84.83	88.96	0.00	42	0	43	0.00	0.00	64.59	7.46	0.00	0.00	2000
221	10.71	2048	2120	1.38	194	0	0	6	74.31	0.00	0.00	3.53	86.72	89.29	0.00	42	0	43	0.00	0.00	64.55	7.47	0.00	0.00	2000
221	10.67	2070	2104	0.00	196	0	0	0	nan	0.00	0.01	3.06	86.44	89.33	0.00	42	0	43	0.00	0.00	64.07	7.58	0.00	0.00	2000
220	11.06	1974	2117	0.00	195	0	0	0	nan	0.00	0.00	3.45	86.35	88.94	0.00	42	0	42	0.00	0.00	64.21	7.67	0.00	0.00	2000
219	10.98	2017	2077	0.00	194	0	0	0	nan	0.00	0.00	3.40	84.80	89.02	0.00	42	0	43	0.00	0.00	64.15	7.48	0.00	0.00	2000
225	10.67	2091	2119	0.00	198	0	0	0	nan	0.00	0.01	4.67	85.43	89.33	0.00	42	0	43	0.00	0.00	65.54	7.70	0.00	0.00	2000
221	10.65	2072	2098	0.00	196	0	0	0	nan	0.00	0.00	4.15	85.16	89.35	0.00	42	0	42	0.00	0.00	64.95	7.59	0.00	0.00	2000
220	10.77	2053	2087	0.00	194	0	0	0	nan	0.00	0.00	2.88	85.90	89.23	0.00	42	0	43	0.00	0.00	65.51	7.42	0.00	0.00	2000
220	10.78	2052	2090	0.00	196	0	0	0	nan	0.00	0.00	3.04	85.82	89.22	0.00	43	0	43	0.00	0.00	64.35	7.39	0.00	0.00	2000
221	10.85	2033	2107	0.00	196	0	0	0	nan	0.00	0.01	3.15	86.34	89.15	0.00	42	0	43	0.00	0.00	64.67	7.42	0.00	0.00	2000
221	10.74	2055	2104	0.00	196	0	0	0	nan	0.00	0.00	3.49	85.99	89.26	0.00	42	0	43	0.00	0.00	64.76	7.34	0.00	0.00	2000
222	10.77	2051	2116	0.00	194	0	0	0	nan	0.00	0.00	2.87	87.09	89.23	0.00	42	0	43	0.00	0.00	65.14	7.94	0.00	0.00	2000
219	10.75	2063	2078	0.00	194	0	0	0	nan	0.00	0.02	2.91	85.44	89.25	0.00	42	0	43	0.00	0.00	64.27	7.43	0.00	0.00	2000
216	11.19	2036	1991	0.00	194	0	0	0	nan	0.00	0.01	3.01	81.22	88.81	0.00	42	0	43	0.00	0.00	59.29	7.03	0.00	0.00	2000
225	10.53	2023	2220	0.00	212	0	0	0	nan	0.00	0.00	3.62	90.97	89.47	0.00	42	0	43	0.00	0.00	69.74	8.27	0.00	0.00	2000
223	10.96	2039	2099	0.00	195	0	0	0	nan	0.00	0.01	3.13	85.84	89.04	0.00	42	0	43	0.00	0.00	64.27	7.54	0.00	0.00	2000
220	10.77	2052	2094	0.00	194	0	0	0	nan	0.00	0.00	3.44	85.62	89.23	0.00	42	0	42	0.00	0.00	64.09	7.46	0.00	0.00	2000
221	10.52	2091	2109	0.00	195	0	0	0	89.78	0.00	0.00	3.07	86.83	89.48	0.00	42	0	42	0.00	0.00	65.17	7.40	0.00	0.00	2000
221	10.58	2091	2100	1.38	196	0	0	7	70.43	0.00	0.01	3.01	86.46	89.42	0.00	42	0	43	0.00	0.00	64.55	7.60	0.00	0.00	2000
216	11.27	2022	1987	0.02	194	0	0	0	nan	0.00	0.00	2.85	81.23	88.73	0.00	42	0	43	0.00	0.00	59.62	6.95	0.00	0.00	2000
227	10.26	2051	2263	0.00	212	0	0	0	nan	0.00	0.00	3.22	93.50	89.74	0.00	42	0	43	0.00	0.00	68.10	8.17	0.00	0.00	2000
219	11.18	2007	2047	0.00	195	0	0	0	nan	0.00	0.00	3.38	83.27	88.82	0.00	42	0	43	0.00	0.00	66.04	7.33	0.00	0.00	2000
223	10.73	2058	2119	0.00	196	0	0	0	nan	0.00	0.00	3.18	86.96	89.27	0.00	42	0	43	0.00	0.00	64.62	7.55	0.00	0.00	2000
220	10.78	2039	2106	0.00	193	0	0	0	nan	0.00	0.00	3.96	85.55	89.22	0.00	42	0	43	0.00	0.00	64.68	7.62	0.00	0.00	2000
220	10.88	2026	2092	0.00	194	0	0	0	nan	0.00	0.00	3.14	85.72	89.12	0.00	42	0	43	0.00	0.00	64.54	7.59	0.00	0.00	2000
224	10.82	2080	2093	0.00	198	0	0	0	nan	0.00	0.00	4.66	84.21	89.18	0.00	42	0	43	0.00	0.00	64.51	7.45	0.00	0.00	2000
221	10.81	2041	2100	0.00	197	0	0	0	nan	0.00	0.02	3.63	85.62	89.19	0.00	42	0	43	0.00	0.00	64.81	7.53	0.00	0.00	2000
221	10.51	2076	2131	0.00	195	0	0	0	nan	0.00	0.00	3.19	87.63	89.49	0.00	42	0	43	0.00	0.00	62.05	7.58	0.00	0.00	2000
219	10.97	2027	2069	0.00	194	0	0	0	nan	0.00	0.00	3.63	84.14	89.03	0.00	42	0	43	0.00	0.00	66.98	7.34	0.00	0.00	2000
221	10.63	2063	2115	0.00	194	0	0	0	nan	0.00	0.00	3.50	86.53	89.37	0.00	42	0	43	0.00	0.00	64.56	7.42	0.00	0.00	2000
227	10.89	2095	2093	0.00	196	0	0	0	nan	0.00	0.01	3.34	85.47	89.11	0.00	42	0	43	0.00	0.00	64.12	7.48	0.00	0.00	2000
219	10.70	2062	2085	0.00	212	0	0	0	nan	0.01	0.00	2.96	85.81	89.30	0.00	42	0	43	0.00	0.00	62.07	7.15	0.00	0.00	2000
221	10.60	2084	2098	0.00	195	0	0	0	nan	0.00	0.00	2.67	86.68	89.40	0.00	42	0	43	0.00	0.00	64.63	7.53	0.00	0.00	2000
221	10.68	2050	2118	0.00	195	0	0	0	nan	0.00	0.00	2.82	87.30	89.32	0.00	42	0	43	0.00	0.00	66.72	7.94	0.00	0.00	2000
222	10.54	2091	2115	0.00	197	0	0	0	86.73	0.00	0.00	2.93	87.24	89.46	0.00	42	0	42	0.00	0.00	62.72	7.29	0.00	0.00	2000
222	10.88	2056	2082	1.24	212	0	0	6	71.27	0.00	0.00	3.32	85.03	89.12	0.00	42	0	42	0.00	0.00	63.58	7.47	0.00	0.00	2000
220	10.95	2011	2103	0.00	195	0	0	0	nan	0.00	0.00	3.57	85.69	89.05	0.00	42	0	43	0.00	0.00	64.67	7.52	0.00	0.00	2000
220	10.67	2065	2098	0.00	196	0	0	0	nan	0.00	0.00	3.64	85.59	89.33	0.00	42	0	43	0.00	0.00	64.46	7.49	0.00	0.00	2000
220	10.54	2099	2090	0.00	195	0	0	0	nan	0.00	0.02	3.05	86.02	89.46	0.00	42	0	43	0.00	0.00	64.27	7.53	0.00	0.00	2000
223	10.60	2076	2126	0.00	196	0	0	0	nan	0.00	0.02	3.83	86.72	89.40	0.00	42	0	43	0.00	0.00	67.12	7.75	0.00	0.00	2000
221	10.90	2018	2113	0.00	196	0	0	0	nan	0.00	0.00	3.94	85.82	89.10	0.00	42	0	43	0.00	0.00	62.40	7.15	0.00	0.00	2000
220	10.94	2030	2078	0.00	194	0	0	0	nan	0.00	0.02	2.96	85.26	89.06	0.00	42	0	43	0.00	0.00	64.36	7.56	0.00	0.00	2000
221	10.66	2070	2099	0.00	194	0	0	0	nan	0.00	0.02	3.42	85.97	89.34	0.00	43	0	43	0.00	0.00	64.30	7.48	0.00	0.00	2000
220	10.65	2060	2105	0.00	195	0	0	0	nan	0.00	0.00	4.00	85.65	89.35	0.00	42	0	43	0.00	0.00	65.29	7.49	0.00	0.00	2000
220	10.66	2072	2095	0.00	195	0	0	0	nan	0.00	0.01	3.18	86.05	89.34	0.00	42	0	43	0.00	0.00	64.83	7.46	0.00	0.00	2000
222	11.19	1962	2122	0.00	196	0	0	0	nan	0.00	0.00	3.27	86.57	88.81	0.00	42	0	43	0.00	0.00	64.73	7.35	0.00	0.00	2000
220	11.03	2034	2056	0.00	197	0	0	0	nan	0.00	0.00	4.19	83.08	88.97	0.00	42	0	42	0.00	0.00	64.51	7.49	0.00	0.00	2000
222	10.63	2071	2119	0.00	196	0	0	0	nan	0.00	0.01	2.90	87.33	89.37	0.00	42	0	43	0.00	0.00	64.23	7.39	0.00	0.00	2000
220	10.66	2071	2092	0.00	194	0	0	0	nan	0.00	0.00	3.02	85.95	89.34	0.00	42	0	43	0.00	0.00	65.15	7.40	0.00	0.00	2000
221	10.70	2060	2111	0.00	194	0	0	0	nan	0.00	0.00	3.89	85.92	89.30	0.00	42	0	43	0.00	0.00	64.40	7.57	0.00	0.00	2000
221	10.97	2048	2070	0.00	196	0	0	0	nan	0.00	0.00	3.51	84.30	89.03	0.00	42	0	43	0.00	0.00	64.56	7.49	0.00	0.00	2000
222	10.37	2082	2155	0.00	196	0	0	0	nan	0.00	0.00	3.44	88.53	89.63	0.00	42	0	43	0.00	0.00	65.16	7.45	0.00	0.00	2000
219	11.01	2025	2059	1.22	194	0	0	5	69.44	0.00	0.00	3.34	83.95	88.99	0.00	42	0	42	0.00	0.00	64.37	7.51	0.00	0.00	2000
216	11.09	2050	1994	0.20	194	0	0	0	nan	0.00	0.00	2.84	81.69	88.91	0.00	43	0	43	0.00	0.00	60.21	6.99	0.00	0.00	2000
223	10.37	2039	2217	0.00	210	0	0	0	nan	0.00	0.00	3.28	91.40	89.63	0.00	42	0	43	0.00	0.00	70.33	8.16	0.00	0.00	2000
222	10.62	2096	2091	0.00	212	0	0	0	nan	0.00	0.02	3.58	85.46	89.38	0.00	42	0	43	0.00	0.00	64.97	7.58	0.00	0.00	2000
221	10.43	2098	2119	0.00	195	0	0	0	nan	0.00	0.01	2.52	87.89	89.57	0.00	42	0	42	0.00	0.00	64.82	7.51	0.00	0.00	2000
220	10.98	1989	2113	0.00	195	0	0	0	nan	0.00	0.00	3.15	86.60	89.02	0.00	42	0	43	0.00	0.00	64.44	7.45	0.00	0.00	2000
220	10.89	2041	2077	0.00	195	0	0	0	nan	0.00	0.00	3.02	85.23	89.11	0.00	42	0	42	0.00	0.00	61.75	7.69	0.00	0.00	2000
220	10.86	2057	2066	0.00	212	0	0	0	nan	0.01	0.00	3.32	84.41	89.14	0.00	42	0	43	0.00	0.00	64.35	7.20	0.00	0.00	2000
222	10.43	2091	2138	0.00	196	0	0	0	nan	0.00	0.02	2.55	88.62	89.57	0.00	42	0	43	0.00	0.00	67.83	7.76	0.00	0.00	2000
221	10.63	2065	2118	0.00	194	0	0	0	nan	0.00	0.00	3.02	87.18	89.37	0.00	42	0	43	0.00	0.00	64.73	7.57	0.00	0.00	2000
225	11.08	2013	2115	0.00	198	0	0	0	nan	0.00	0.00	3.58	86.03	88.92	0.00	42	0	43	0.00	0.00	65.53	7.38	0.00	0.00	2000
221	10.96	2044	2073	0.00	195	0	0	0	nan	0.00	0.03	2.98	84.94	89.04	0.00	42	0	43	0.00	0.00	61.99	7.47	0.00	0.00	2000
223	10.54	2102	2110	0.00	196	0	0	0	nan	0.00	0.02	3.33	86.50	89.46	0.00	42	0	43	0.00	0.00	67.70	7.65	0.00	0.00	2000
222	10.41	2116	2112	0.00	194	0	0	0	nan	0.00	0.02	3.41	86.70	89.59	0.00	42	0	43	0.00	0.00	66.32	7.38	0.00	0.00	2000
221	10.63	2103	2073	0.00	197	0	0	0	nan	0.00	0.00	4.67	83.63	89.37	0.00	42	0	43	0.00	0.00	64.52	7.42	0.00	0.00	2000
220	10.68	2055	2108	0.00	196	0	0	0	nan	0.00	0.00	3.40	86.34	89.32	0.00	42	0	43	0.00	0.00	64.73	7.46	0.00	0.00	2000
221	10.92	2025	2098	0.00	196	0	0	0	90.57	0.00	0.01	3.60	85.47	89.08	0.00	42	0	43	0.00	0.00	64.75	7.33	0.00	0.00	2000
221	10.90	2023	2104	1.37	195	0	0	7	71.83	0.00	0.02	2.96	86.43	89.10	0.00	42	0	43	0.00	0.00	64.67	7.33	0.00	0.00	2000
222	11.12	2013	2079	0.02	194	0	0	0	nan	0.00	0.01	3.50	84.57	88.88	0.00	42	0	43	0.00	0.00	61.88	7.11	0.00	0.00	2000
221	10.78	2027	2123	0.00	195	0	0	0	nan	0.00	0.02	3.04	87.28	89.22	0.00	42	0	43	0.00	0.00	67.65	7.75	0.00	0.00	2000
221	10.53	2118	2084	0.00	194	0	0	0	nan	0.00	0.00	2.84	85.88	89.47	0.00	42	0	43	0.00	0.00	61.90	7.03	0.00	0.00	2000
226	10.78	2073	2119	0.00	212	1	0	0	nan	0.00	0.02	6.34	83.75	89.22	0.00	42	0	43	0.00	0.00	67.30	7.52	0.00	0.00	2000
220	10.78	2063	2078	0.00	195	0	0	0	nan	0.00	0.01	3.29	84.98	89.22	0.00	42	0	43	0.00	0.00	62.12	6.91	0.00	0.00	2000
218	10.89	2109	1995	0.00	196	0	0	0	nan	0.00	0.00	2.82	81.82	89.11	0.00	42	0	43	0.00	0.00	62.90	7.07	0.00	0.00	2000
224	10.55	2012	2213	0.00	211	0	0	0	nan	0.00	0.02	3.16	91.11	89.45	0.00	42	0	43	0.00	0.00	66.91	7.70	0.00	0.00	2000
222	10.38	2121	2115	0.00	195	0	0	0	nan	0.00	0.00	2.98	87.28	89.62	0.00	42	0	43	0.00	0.00	64.71	7.39	0.00	0.00	2000
221	10.61	2093	2089	0.00	195	0	0	0	nan	0.00	0.00	3.50	85.38	89.39	0.00	42	0	43	0.00	0.00	64.79	7.31	0.00	0.00	2000
223	10.86	2036	2118	0.00	194	0	0	0	nan	0.00	0.02	3.15	86.87	89.14	0.00	42	0	43	0.00	0.00	64.55	7.31	0.00	0.00	2000
227	11.08	2066	2080	0.00	200	0	0	0	nan	0.00	0.00	4.17	83.97	88.92	0.00	42	0	43	0.00	0.00	64.97	7.50	0.00	0.00	2000
221	10.76	2045	2113	0.00	194	0	0	0	nan	0.00	0.00	3.00	86.86	89.24	0.00	42	0	43	0.00	0.00	64.58	7.37	0.00	0.00	2000
221	10.69	2065	2100	0.00	193	0	0	0	nan	0.00	0.00	3.67	85.62	89.31	0.00	42	0	43	0.00	0.00	64.60	7.41	0.00	0.00	2000
221	10.97	2012	2101	0.00	194	0	0	0	nan	0.00	0.00	3.69	85.49	89.03	0.00	42	0	42	0.00	0.00	64.77	7.48	0.00	0.00	2000
220	10.69	2055	2107	0.00	195	0	0	0	nan	0.00	0.00	3.92	85.66	89.31	0.00	42	0	43	0.00	0.00	65.23	7.54	0.00	0.00	2000
221	11.05	2007	2097	0.00	195	0	0	0	nan	0.00	0.00	3.98	84.95	88.95	0.00	42	0	43	0.00	0.00	65.19	7.43	0.00	0.00	2000
222	10.92	2037	2093	1.21	198	0	0	6	71.15	0.00	0.01	3.57	85.18	89.08	0.00	42	0	43	0.00	0.00	65.11	7.22	0.00	0.00	2000
221	10.74	2048	2107	0.21	196	0	0	0	nan	0.00	0.00	3.08	86.54	89.26	0.00	42	0	43	0.00	0.00	64.98	7.44	0.00	0.00	2000
220	10.60	2088	2086	0.00	194	0	0	0	nan	0.00	0.02	3.45	85.39	89.40	0.00	42	0	43	0.00	0.00	64.87	7.51	0.00	0.00	2000
223	10.72	2064	2117	0.00	195	0	0	0	nan	0.00	0.00	3.90	86.21	89.28	0.00	42	0	43	0.00	0.00	65.05	7.49	0.00	0.00	2000
222	10.46	2135	2087	0.00	196	0	0	0	nan	0.00	0.00	3.95	85.03	89.54	0.00	42	0	43	0.00	0.00	65.67	7.60	0.00	0.00	2000
221	10.45	2108	2104	0.00	195	0	0	0	nan	0.00	0.01	2.93	86.77	89.55	0.00	42	0	43	0.00	0.00	64.91	7.36	0.00	0.00	2000
221	10.97	2020	2092	0.00	196	0	0	0	nan	0.00	0.00	2.96	85.82	89.03	0.00	42	0	43	0.00	0.00	64.91	7.38	0.00	0.00	2000
221	10.79	2042	2106	0.00	197	0	0	0	nan	0.00	0.00	3.27	86.27	89.21	0.00	42	0	43	0.00	0.00	64.81	7.37	0.00	0.00	2000
221	10.52	2100	2101	0.00	193	0	0	0	nan	0.00	0.01	3.26	86.28	89.48	0.00	42	0	43	0.00	0.00	64.85	7.45	0.00	0.00	2000
220	10.72	2070	2083	0.00	212	0	0	0	nan	0.00	0.00	3.22	85.36	89.28	0.00	42	0	43	0.00	0.00	65.46	7.31	0.00	0.00	2000
221	10.74	2040	2122	0.00	194	0	0	0	nan	0.00	0.00	3.35	86.89	89.26	0.00	42	0	43	0.00	0.00	64.56	7.54	0.00	0.00	2000
221	10.78	2049	2099	0.00	196	0	0	0	nan	0.00	0.00	3.95	85.28	89.22	0.00	42	0	43	0.00	0.00	65.32	7.45	0.00	0.00	2000
220	10.75	2068	2080	0.00	195	0	0	0	nan	0.00	0.00	3.20	85.19	89.25	0.00	42	0	43	0.00	0.00	65.06	7.45	0.00	0.00	2000
222	10.58	2082	2119	0.00	195	0	0	0	nan	0.00	0.00	2.84	87.47	89.42	0.00	42	0	43	0.00	0.00	65.33	7.61	0.00	0.00	2000
223	10.99	2027	2103	0.00	196	0	0	0	nan	0.00	0.00	3.80	85.42	89.01	0.00	42	0	43	0.00	0.00	65.26	7.63	0.00	0.00	2000
220	10.80	2053	2089	0.00	195	0	0	0	nan	0.00	0.00	3.65	85.17	89.20	0.00	42	0	43	0.00	0.00	65.07	7.46	0.00	0.00	2000
222	10.50	2099	2112	0.00	194	0	0	0	nan	0.00	0.00	3.35	86.71	89.50	0.00	42	0	42	0.00	0.00	64.86	7.52	0.00	0.00	2000
220	10.77	2049	2092	1.03	194	0	0	6	68.28	0.00	0.02	3.48	85.52	89.23	0.00	42	0	43	0.00	0.00	65.67	7.62	0.00	0.00	2000
221	10.55	2100	2091	0.39	195	0	0	0	nan	0.00	0.02	2.72	86.31	89.45	0.00	42	0	42	0.00	0.00	64.94	7.49	0.00	0.00	2000
224	10.73	2086	2104	0.00	197	0	0	0	nan	0.00	0.01	3.41	86.05	89.27	0.00	42	0	43	0.00	0.00	65.54	7.51	0.00	0.00	2000
221	10.75	2053	2098	0.00	193	0	0	0	nan	0.00	0.00	3.11	86.13	89.25	0.00	42	0	43	0.00	0.00	65.20	7.80	0.00	0.00	2000
222	10.79	2040	2116	0.00	198	0	0	0	nan	0.00	0.01	4.48	85.47	89.21	0.00	42	0	43	0.00	0.00	64.90	7.44	0.00	0.00	2000
220	10.63	2082	2084	0.00	195	0	0	0	nan	0.00	0.02	3.44	85.24	89.37	0.00	42	0	43	0.00	0.00	65.29	7.41	0.00	0.00	2000
221	10.69	2053	2116	0.00	196	0	0	0	nan	0.00	0.01	2.95	87.10	89.31	0.00	42	0	43	0.00	0.00	64.92	7.70	0.00	0.00	2000
224	11.13	2028	2082	0.00	196	0	0	0	nan	0.00	0.02	3.39	84.69	88.87	0.00	42	0	43	0.00	0.00	64.72	7.55	0.00	0.00	2000
222	10.50	2087	2128	0.00	195	0	0	0	nan	0.00	0.01	3.22	87.50	89.50	0.00	42	0	43	0.00	0.00	65.76	7.44	0.00	0.00	2000
218	10.58	2090	2072	0.00	193	0	0	0	nan	0.00	0.02	3.03	85.24	89.42	0.00	42	0	42	0.00	0.00	61.81	7.12	0.00	0.00	2000
222	10.79	2040	2122	0.00	194	0	0	0	nan	0.00	0.01	3.40	86.86	89.21	0.00	42	0	43	0.00	0.00	67.48	7.97	0.00	0.00	2000
220	10.80	2054	2086	0.00	195	0	0	0	nan	0.00	0.00	4.18	84.51	89.20	0.00	42	0	43	0.00	0.00	64.68	7.18	0.00	0.00	2000
226	10.67	2108	2113	0.00	194	0	0	0	nan	0.00	0.02	3.07	86.85	89.33	0.00	42	0	43	0.00	0.00	65.22	7.76	0.00	0.00	2000
221	10.52	2128	2076	0.00	196	0	0	0	nan	0.00	0.00	3.26	85.19	89.48	0.00	42	0	42	0.00	0.00	61.87	7.43	0.00	0.00	2000
218	11.33	2018	1998	0.00	197	0	0	0	nan	0.00	0.01	3.99	80.43	88.67	0.00	42	0	43	0.00	0.00	62.16	7.28	0.00	0.00	2000
223	10.51	2017	2212	0.00	212	0	0	0	nan	0.00	0.02	3.00	91.32	89.49	0.00	42	0	43	0.00	0.00	67.28	7.80	0.00	0.00	2000
222	10.61	2079	2108	0.00	194	0	0	0	nan	0.00	0.02	3.06	86.66	89.39	0.00	42	0	43	0.00	0.00	65.03	7.47	0.00	0.00	2000
223	10.61	2079	2121	0.83	195	0	0	6	72.06	0.00	0.02	3.75	86.47	89.39	0.00	42	0	43	0.00	0.00	66.16	7.73	0.00	0.00	2000
220	10.73	2086	2064	0.59	194	0	0	0	nan	0.00	0.02	3.46	84.26	89.27	0.00	42	0	43	0.00	0.00	63.87	7.29	0.00	0.00	2000
222	10.77	2047	2112	0.00	194	0	0	0	nan	0.00	0.02	3.09	86.67	89.23	0.00	42	0	43	0.00	0.00	65.05	7.40	0.00	0.00	2000
221	10.73	2051	2110	0.00	194	0	0	0	nan	0.00	0.00	3.43	86.37	89.27	0.00	42	0	42	0.00	0.00	65.31	7.57	0.00	0.00	2000
220	10.79	2051	2087	0.00	194	0	0	0	nan	0.00	0.00	3.25	85.50	89.21	0.00	42	0	43	0.00	0.00	64.70	7.66	0.00	0.00	2000
223	10.67	2061	2134	0.00	194	0	0	0	nan	0.00	0.01	3.39	87.46	89.33	0.00	42	0	43	0.00	0.00	65.04	7.52	0.00	0.00	2000
220	10.49	2136	2062	0.00	196	0	0	0	nan	0.00	0.02	3.81	84.06	89.51	0.00	42	0	43	0.00	0.00	65.16	7.65	0.00	0.00	2000
216	11.24	2025	1997	0.00	197	0	0	0	nan	0.00	0.03	2.91	81.63	88.76	0.00	42	0	43	0.00	0.00	59.93	6.87	0.00	0.00	2000
224	10.77	1970	2211	0.00	212	0	0	0	nan	0.00	0.02	3.83	90.24	89.23	0.00	42	0	43	0.00	0.00	70.05	8.31	0.00	0.00	2000
221	10.55	2075	2123	0.00	193	0	0	0	nan	0.00	0.00	2.63	87.84	89.45	0.00	42	0	43	0.00	0.00	65.49	7.36	0.00	0.00	2000
221	10.96	2048	2069	0.00	196	0	0	0	nan	0.01	0.00	3.33	84.43	89.04	0.00	42	0	43	0.00	0.00	64.84	7.48	0.00	0.00	2000
221	10.60	2065	2120	0.00	194	0	0	0	nan	0.00	0.00	2.81	87.52	89.40	0.00	42	0	43	0.00	0.00	65.55	7.29	0.00	0.00	2000
221	10.88	2030	2105	0.00	194	0	0	0	nan	0.00	0.02	3.37	86.05	89.12	0.00	42	0	43	0.00	0.00	64.52	7.55	0.00	0.00	2000
221	10.80	2040	2107	0.00	194	0	0	0	nan	0.00	0.00	3.40	86.14	89.20	0.00	42	0	43	0.00	0.00	64.97	7.56	0.00	0.00	2000
220	11.03	2008	2083	0.00	195	0	0	0	nan	0.00	0.00	4.11	84.26	88.97	0.00	43	0	42	0.00	0.00	64.48	7.43	0.00	0.00	2000
223	10.69	2068	2119	0.00	195	0	0	0	nan	0.00	0.00	3.80	86.36	89.31	0.00	42	0	43	0.00	0.00	65.17	7.63	0.00	0.00	2000
220	10.60	2090	2086	0.00	194	0	0	0	nan	0.00	0.00	3.55	85.31	89.40	0.00	42	0	42	0.00	0.00	62.33	7.48	0.00	0.00	2000
216	10.82	2109	1988	0.81	194	0	0	5	70.24	0.00	0.02	3.02	81.42	89.18	0.00	42	0	43	0.00	0.00	62.07	6.80	0.00	0.00	2000
223	10.75	1973	2206	0.56	211	0	0	0	90.49	0.00	0.00	2.95	90.96	89.25	0.00	42	0	43	0.00	0.00	70.08	8.08	0.00	0.00	2000
222	10.73	2046	2124	0.00	194	0	0	0	nan	0.00	0.00	2.62	87.78	89.27	0.00	42	0	43	0.00	0.00	64.99	7.54	0.00	0.00	2000
221	10.77	2086	2070	0.00	194	0	0	0	nan	0.00	0.02	3.27	84.63	89.23	0.00	42	0	43	0.00	0.00	64.68	7.34	0.00	0.00	2000
221	10.61	2060	2128	0.00	194	0	0	0	nan	0.00	0.00	2.93	87.70	89.39	0.00	42	0	43	0.00	0.00	65.13	7.51	0.00	0.00	2000
221	10.75	2067	2088	0.00	195	0	0	0	nan	0.00	0.00	3.58	85.20	89.25	0.00	42	0	43	0.00	0.00	64.80	7.45	0.00	0.00	2000
222	10.66	2060	2123	0.00	194	0	0	0	nan	0.01	0.00	3.18	87.15	89.34	0.00	42	0	43	0.00	0.00	64.69	7.47	0.00	0.00	2000
220	10.88	2033	2086	0.00	194	0	0	0	nan	0.00	0.01	3.17	85.40	89.12	0.00	42	0	43	0.00	0.00	64.64	7.34	0.00	0.00	2000
223	10.93	2027	2112	0.00	195	0	0	0	nan	0.00	0.00	3.22	86.43	89.07	0.00	42	0	43	0.00	0.00	64.15	7.44	0.00	0.00	2000
222	10.56	2083	2119	0.00	194	0	0	0	nan	0.00	0.00	3.76	86.51	89.44	0.00	42	0	43	0.00	0.00	66.31	7.62	0.00	0.00	2000
220	10.63	2113	2057	0.00	195	0	0	0	nan	0.00	0.01	3.63	83.93	89.37	0.00	42	0	43	0.00	0.00	63.73	7.39	0.00	0.00	2000
221	10.70	2070	2099	0.00	198	0	0	0	nan	0.00	0.01	3.58	85.68	89.30	0.00	42	0	43	0.00	0.00	65.01	7.47	0.00	0.00	2000
222	10.82	2029	2122	0.00	194	0	0	0	nan	0.00	0.00	3.41	86.83	89.18	0.00	42	0	43	0.00	0.00	65.02	7.63	0.00	0.00	2000
220	10.59	2082	2093	0.00	195	0	0	0	nan	0.00	0.00	2.73	86.41	89.41	0.00	43	0	43	0.00	0.00	64.94	7.45	0.00	0.00	2000
217	11.46	2012	1979	0.00	195	0	0	0	nan	0.00	0.00	3.58	79.92	88.54	0.00	42	0	43	0.00	0.00	59.89	7.06	0.00	0.00	2000
224	10.67	1979	2234	0.00	210	0	0	0	nan	0.00	0.00	3.46	91.69	89.33	0.00	42	0	43	0.00	0.00	70.12	8.28	0.00	0.00	2000
219	10.67	2071	2087	0.00	210	0	0	0	nan	0.00	0.00	3.14	85.64	89.33	0.00	42	0	42	0.00	0.00	64.99	7.10	0.00	0.00	2000
220	10.62	2074	2098	0.74	194	0	0	26	11.78	0.00	0.00	3.17	86.10	89.38	0.00	42	0	43	0.00	0.00	64.75	8.07	0.00	0.00	2000
225	10.53	2108	2126	0.56	196	0	0	0	nan	0.00	0.00	3.78	86.79	89.47	0.00	42	0	43	0.00	0.00	65.30	7.63	0.00	0.00	2000
220	10.85	2050	2073	0.00	194	0	0	0	nan	0.00	0.00	3.42	84.67	89.15	0.00	42	0	43	0.00	0.00	61.83	7.50	0.00	0.00	2000
222	10.47	2110	2109	0.00	194	0	0	0	nan	0.00	0.00	3.74	86.14	89.53	0.00	42	0	43	0.00	0.00	67.38	7.68	0.00	0.00	2000
222	10.41	2122	2109	0.00	194	0	0	0	nan	0.00	0.00	3.20	86.74	89.59	0.00	42	0	43	0.00	0.00	64.75	8.15	0.00	0.00	2000
221	10.99	2003	2111	0.00	196	0	0	0	nan	0.00	0.00	3.65	85.89	89.01	0.00	42	0	43	0.00	0.00	64.56	7.56	0.00	0.00	2000
222	10.47	2135	2089	0.00	196	0	0	0	nan	0.00	0.00	3.68	85.42	89.53	0.00	43	0	43	0.00	0.00	64.89	7.67	0.00	0.00	2000
221	10.89	2015	2116	0.00	194	0	0	0	nan	0.00	0.02	2.90	86.97	89.11	0.00	42	0	43	0.00	0.00	65.20	7.72	0.00	0.00	2000
221	10.78	2038	2115	0.00	193	0	0	0	nan	0.00	0.02	3.84	86.04	89.22	0.00	42	0	43	0.00	0.00	63.05	7.35	0.00	0.00	2000
223	11.26	2060	2019	0.00	196	0	0	0	nan	0.00	0.00	4.14	81.27	88.74	0.00	42	0	43	0.00	0.00	63.37	7.36	0.00	0.00	2000
222	10.77	2019	2148	0.00	194	0	0	0	nan	0.00	0.00	3.27	88.16	89.23	0.00	42	0	43	0.00	0.00	64.81	7.55	0.00	0.00	2000
222	10.92	2042	2093	0.00	195	0	0	0	nan	0.00	0.01	3.63	85.24	89.08	0.00	42	0	43	0.00	0.00	64.79	7.52	0.00	0.00	2000
221	10.59	2095	2093	0.00	194	0	0	0	nan	0.00	0.01	3.31	85.81	89.41	0.00	42	0	43	0.00	0.00	64.74	7.53	0.00	0.00	2000
221	10.55	2071	2122	0.00	195	0	0	0	nan	0.00	0.00	2.92	87.53	89.45	0.00	42	0	43	0.00	0.00	64.36	7.57	0.00	0.00	2000
220	10.96	2035	2077	0.00	198	0	0	0	nan	0.00	0.01	4.61	83.48	89.04	0.00	42	0	43	0.00	0.00	64.29	7.47	0.00	0.00	2000
221	10.55	2083	2115	0.00	194	0	0	0	nan	0.00	0.00	3.40	86.74	89.45	0.00	43	0	43	0.00	0.00	64.17	7.57	0.00	0.00	2000
223	10.90	2018	2128	0.00	194	0	0	0	nan	0.00	0.04	3.40	86.97	89.10	0.00	43	0	43	0.00	0.00	66.97	7.84	0.00	0.00	2000
220	10.93	2007	2102	0.52	196	0	0	6	72.42	0.00	0.00	3.85	85.44	89.07	0.00	42	0	43	0.00	0.00	64.27	7.58	0.00	0.00	2000
221	10.73	2082	2075	0.91	195	0	0	2	84.67	0.00	0.00	3.10	85.13	89.27	0.00	42	0	43	0.00	0.00	62.18	7.14	0.00	0.00	2000
221	10.55	2096	2099	0.00	194	0	0	0	nan	0.00	0.00	3.22	86.22	89.45	0.00	42	0	43	0.00	0.00	64.63	7.42	0.00	0.00	2000
221	10.56	2096	2095	0.00	194	0	0	0	nan	0.00	0.00	2.83	86.40	89.44	0.00	42	0	43	0.00	0.00	64.40	7.44	0.00	0.00	2000
222	10.74	2053	2112	0.00	194	0	0	0	nan	0.00	0.01	3.03	86.81	89.26	0.00	42	0	43	0.00	0.00	64.75	7.53	0.00	0.00	2000
222	10.98	2031	2094	0.00	196	0	0	0	nan	0.00	0.00	4.31	84.58	89.02	0.00	42	0	43	0.00	0.00	64.63	7.46	0.00	0.00	2000
220	10.98	2003	2100	0.00	194	0	0	0	nan	0.00	0.00	3.44	85.70	89.02	0.00	42	0	43	0.00	0.00	64.95	7.58	0.00	0.00	2000
220	10.73	2062	2092	0.00	194	0	0	0	nan	0.00	0.02	3.28	85.67	89.27	0.00	42	0	43	0.00	0.00	64.77	7.51	0.00	0.00	2000
217	11.10	2067	1989	0.00	194	0	0	0	nan	0.00	0.00	3.04	81.26	88.90	0.00	42	0	43	0.00	0.00	62.58	7.25	0.00	0.00	2000
226	10.72	1971	2245	0.00	212	0	0	0	nan	0.00	0.01	3.91	91.60	89.28	0.00	42	0	43	0.00	0.00	67.28	7.81	0.00	0.00	2000
218	10.70	2077	2064	0.00	210	0	0	0	nan	0.00	0.00	3.17	84.65	89.30	0.00	42	0	43	0.00	0.00	64.85	7.45	0.00	0.00	2000
222	10.54	2086	2124	0.00	194	0	0	0	nan	0.00	0.00	2.93	87.59	89.46	0.00	42	0	43	0.00	0.00	64.65	7.62	0.00	0.00	2000
221	10.58	2094	2091	0.00	194	0	0	0	nan	0.00	0.00	3.68	85.40	89.42	0.00	43	0	43	0.00	0.00	64.69	7.36	0.00	0.00	2000
221	10.79	2045	2101	0.00	195	0	0	0	nan	0.00	0.00	3.27	86.03	89.21	0.00	42	0	42	0.00	0.00	64.80	7.51	0.00	0.00	2000
223	10.85	2030	2131	0.00	195	0	0	0	nan	0.00	0.02	3.38	87.07	89.15	0.00	42	0	43	0.00	0.00	64.73	7.58	0.00	0.00	2000
220	11.03	2030	2062	0.00	193	0	0	0	nan	0.00	0.00	3.41	84.00	88.97	0.00	42	0	43	0.00	0.00	64.67	7.47	0.00	0.00	2000
222	10.72	2052	2118	0.00	194	0	0	0	nan	0.01	0.00	2.96	87.12	89.28	0.00	43	0	43	0.00	0.00	65.07	7.55	0.00	0.00	2000
221	10.95	2018	2098	0.50	199	0	0	6	73.75	0.00	0.01	4.89	84.17	89.05	0.00	42	0	43	0.00	0.00	64.74	7.57	0.00	0.00	2000
223	10.95	2030	2107	0.91	195	0	0	2	86.95	0.00	0.00	3.94	85.53	89.05	0.00	42	0	43	0.00	0.00	65.45	7.57	0.00	0.00	2000
222	10.96	2037	2089	0.00	195	0	0	0	nan	0.00	0.00	3.63	84.97	89.04	0.00	42	0	43	0.00	0.00	64.94	7.59	0.00	0.00	2000
221	10.58	2082	2104	0.00	194	0	0	0	nan	0.00	0.00	3.13	86.51	89.42	0.00	43	0	42	0.00	0.00	64.69	7.51	0.00	0.00	2000
220	10.66	2069	2092	0.00	195	0	0	0	nan	0.00	0.02	3.98	85.03	89.34	0.00	42	0	43	0.00	0.00	65.09	7.54	0.00	0.00	2000
219	10.73	2053	2089	0.00	210	0	0	0	nan	0.00	0.01	2.85	85.96	89.27	0.00	42	0	43	0.00	0.00	62.37	7.38	0.00	0.00	2000
225	10.87	2049	2121	0.00	194	0	0	0	nan	0.00	0.03	3.76	86.30	89.13	0.00	42	0	43	0.00	0.00	67.28	7.93	0.00	0.00	2000
221	10.77	2082	2069	0.00	211	0	0	0	nan	0.00	0.00	3.43	84.52	89.23	0.00	42	0	43	0.00	0.00	62.40	7.18	0.00	0.00	2000
221	10.44	2097	2123	0.00	196	0	0	0	nan	0.00	0.00	3.35	87.23	89.56	0.00	42	0	43	0.00	0.00	67.93	7.86	0.00	0.00	2000
220	10.68	2054	2108	0.00	194	0	0	0	nan	0.00	0.02	3.33	86.37	89.32	0.00	42	0	42	0.00	0.00	64.44	7.45	0.00	0.00	2000
220	10.63	2073	2098	0.00	193	0	0	0	nan	0.00	0.00	2.95	86.40	89.37	0.00	42	0	43	0.00	0.00	64.64	7.58	0.00	0.00	2000
221	10.94	2017	2107	0.00	196	0	0	0	nan	0.00	0.00	4.27	85.22	89.06	0.00	42	0	42	0.00	0.00	65.17	7.63	0.00	0.00	2000
222	11.11	2000	2100	0.00	198	0	0	0	nan	0.00	0.00	5.13	83.84	88.89	0.00	42	0	43	0.00	0.00	62.12	7.29	0.00	0.00	2000
216	11.39	2011	1976	0.00	194	0	0	0	nan	0.00	0.00	3.12	80.37	88.61	0.00	42	0	43	0.00	0.00	59.96	6.87	0.00	0.00	2000
224	10.65	1993	2213	0.00	210	0	0	0	nan	0.00	0.00	3.03	91.19	89.35	0.00	42	0	43	0.00	0.00	70.41	8.29	0.00	0.00	2000
221	10.59	2080	2112	0.00	194	0	0	0	nan	0.00	0.01	3.51	86.44	89.41	0.00	42	0	43	0.00	0.00	65.26	7.68	0.00	0.00	2000
223	10.71	2062	2118	0.00	195	0	0	0	nan	0.00	0.00	4.12	85.94	89.29	0.00	42	0	43	0.00	0.00	64.78	7.68	0.00	0.00	2000
216	11.03	2089	1973	0.81	195	0	0	6	69.29	0.00	0.00	3.50	80.13	88.97	0.00	42	0	43	0.00	0.00	59.73	6.99	0.00	0.00	2000
224	10.59	2004	2218	0.56	210	0	0	0	90.13	0.00	0.02	2.72	91.83	89.41	0.00	42	0	43	0.00	0.00	70.18	8.20	0.00	0.00	2000
221	10.65	2068	2106	0.00	194	0	0	0	nan	0.00	0.00	2.73	86.96	89.35	0.00	42	0	43	0.00	0.00	64.80	7.53	0.00	0.00	2000
221	10.65	2062	2117	0.00	197	0	0	0	nan	0.00	0.02	4.54	85.64	89.35	0.00	42	0	43	0.00	0.00	65.61	7.55	0.00	0.00	2000
220	11.03	2064	2033	0.00	196	0	0	0	nan	0.00	0.03	2.67	83.54	88.97	0.00	42	0	43	0.00	0.00	64.03	7.41	0.00	0.00	2000
222	10.39	2094	2141	0.00	195	0	0	0	nan	0.00	0.02	2.82	88.56	89.61	0.00	42	0	43	0.00	0.00	64.56	7.42	0.00	0.00	2000
221	10.71	2054	2106	0.00	194	0	0	0	nan	0.00	0.02	3.76	85.80	89.29	0.00	42	0	43	0.00	0.00	64.98	7.39	0.00	0.00	2000
220	10.62	2085	2083	0.00	194	0	0	0	nan	0.00	0.00	3.32	85.32	89.38	0.00	42	0	43	0.00	0.00	65.18	7.30	0.00	0.00	2000
222	10.77	2045	2113	0.00	195	0	0	0	nan	0.00	0.04	3.14	86.69	89.23	0.00	42	0	43	0.00	0.00	64.52	7.39	0.00	0.00	2000
223	10.81	2064	2095	0.00	195	0	0	0	nan	0.00	0.02	3.61	85.31	89.19	0.00	42	0	43	0.00	0.00	65.08	7.37	0.00	0.00	2000
221	10.62	2038	2140	0.00	195	0	0	0	nan	0.00	0.00	2.76	88.44	89.38	0.00	42	0	43	0.00	0.00	64.81	7.48	0.00	0.00	2000
219	10.80	2069	2059	0.00	194	0	0	0	nan	0.01	0.00	3.61	83.88	89.20	0.00	42	0	43	0.00	0.00	65.15	7.52	0.00	0.00	2000
221	10.62	2075	2110	0.00	194	0	0	0	nan	0.00	0.00	3.10	86.73	89.38	0.00	42	0	43	0.00	0.00	64.68	7.46	0.00	0.00	2000
220	10.56	2091	2091	0.00	194	0	0	0	nan	0.00	0.02	3.37	85.73	89.44	0.00	42	0	43	0.00	0.00	64.38	7.63	0.00	0.00	2000
223	10.83	2034	2131	0.00	194	0	0	0	nan	0.00	0.00	3.03	87.55	89.17	0.00	42	0	43	0.00	0.00	64.45	7.45	0.00	0.00	2000
222	11.03	2011	2099	0.00	195	0	0	0	nan	0.00	0.00	3.66	85.36	88.97	0.00	42	0	42	0.00	0.00	65.63	7.71	0.00	0.00	2000
219	10.86	2059	2060	0.00	194	0	0	0	nan	0.00	0.00	2.75	84.73	89.14	0.00	42	0	43	0.00	0.00	63.35	7.37	0.00	0.00	2000
222	10.63	2078	2111	0.50	194	0	0	6	74.05	0.00	0.00	2.94	86.88	89.37	0.00	42	0	43	0.00	0.00	64.52	7.53	0.00	0.00	2000
222	10.63	2069	2118	0.90	194	0	0	2	85.50	0.01	0.00	3.52	86.58	89.37	0.00	42	0	42	0.00	0.00	64.53	7.56	0.00	0.00	2000
220	10.72	2064	2087	0.00	195	0	0	0	nan	0.00	0.00	3.11	85.64	89.28	0.00	42	0	43	0.00	0.00	64.55	7.60	0.00	0.00	2000
223	10.76	2069	2104	0.00	196	0	0	0	nan	0.00	0.02	3.87	85.58	89.24	0.00	42	0	43	0.00	0.00	64.50	7.50	0.00	0.00	2000
221	10.75	2067	2089	0.00	194	0	0	0	nan	0.00	0.01	3.42	85.51	89.25	0.00	42	0	43	0.00	0.00	64.24	7.46	0.00	0.00	2000
220	10.75	2044	2104	0.00	194	0	0	0	nan	0.00	0.02	2.91	86.57	89.25	0.00	42	0	43	0.00	0.00	64.35	7.52	0.00	0.00	2000
221	10.66	2079	2095	0.00	196	0	0	0	nan	0.00	0.00	4.71	84.44	89.34	0.00	42	0	43	0.00	0.00	64.36	7.51	0.00	0.00	2000
222	10.99	2003	2119	0.00	202	0	0	0	nan	0.00	0.02	4.57	85.36	89.01	0.00	42	0	43	0.00	0.00	64.55	7.59	0.00	0.00	2000
223	10.73	2066	2114	0.00	207	0	0	0	nan	0.00	0.02	3.87	86.04	89.27	0.00	43	0	43	0.00	0.00	64.98	7.39	0.00	0.00	2000
215	11.61	1985	1962	0.00	195	0	0	0	nan	0.00	0.00	3.22	79.47	88.39	0.00	42	0	43	0.00	0.00	59.34	6.94	0.00	0.00	2000
225	10.82	1955	2230	0.00	211	0	0	0	nan	0.00	0.02	3.47	91.40	89.18	0.00	43	0	42	0.00	0.00	69.36	8.12	0.00	0.00	2000
224	11.12	2036	2076	0.00	193	0	0	0	nan	0.00	0.00	3.72	84.23	88.88	0.00	40	0	43	0.00	0.00	61.01	7.30	0.00	0.00	2000
231	11.03	2043	2152	0.00	211	0	0	0	nan	0.00	0.00	4.73	86.41	88.97	0.00	41	0	43	0.00	0.00	66.12	7.94	0.00	0.00	2000
230	10.87	2112	2104	0.00	203	0	0	0	nan	0.00	0.00	5.49	83.79	89.13	0.00	41	0	43	0.00	0.00	62.03	7.47	0.00	0.00	2000
230	11.15	2076	2082	0.00	178	0	0	0	nan	0.00	0.02	3.51	84.56	88.85	0.00	41	0	43	0.00	0.00	63.86	7.93	0.00	0.00	2000
229	11.04	2060	2110	0.00	210	0	0	0	nan	0.00	0.00	4.01	85.41	88.96	0.00	41	0	43	0.00	0.00	63.56	7.53	0.00	0.00	2000
226	11.35	2010	2086	0.00	179	0	0	0	nan	0.00	0.00	4.63	83.57	88.65	0.00	41	0	43	0.00	0.00	61.90	7.40	0.00	0.00	2000
230	11.00	2066	2121	0.29	210	0	0	19	12.44	0.00	0.00	4.52	85.30	89.00	0.00	41	0	43	0.00	0.00	63.87	7.68	0.00	0.00	2000
230	11.04	2078	2103	0.42	195	0	0	4	44.85	0.00	0.00	3.32	85.75	88.96	0.00	41	0	43	0.00	0.00	66.38	8.19	0.00	0.00	2000
229	10.90	2103	2098	0.00	178	0	0	0	nan	0.00	0.02	3.54	85.45	89.10	0.00	41	0	43	0.00	0.00	64.75	8.17	0.00	0.00	2000
232	11.24	2075	2091	0.00	212	0	0	0	nan	0.00	0.00	6.12	82.26	88.76	0.00	41	0	43	0.00	0.00	64.91	8.27	0.00	0.00	2000
229	11.61	2004	2072	0.00	194	0	0	0	nan	0.00	0.00	3.41	83.84	88.39	0.00	41	0	43	0.00	0.00	63.51	7.84	0.00	0.00	2000
229	11.27	2007	2122	0.00	211	0	0	0	nan	0.00	0.00	5.68	84.10	88.73	0.00	41	0	43	0.00	0.00	63.71	7.79	0.00	0.00	2000
224	10.84	2064	2100	0.00	204	0	0	0	nan	0.00	0.00	5.50	83.63	89.16	0.00	39	0	43	0.00	0.00	65.57	7.96	0.00	0.00	2000
196	10.43	1870	2110	0.00	230	0	0	0	nan	0.00	0.00	8.90	81.19	89.57	0.00	38	0	43	0.00	0.00	63.67	7.60	0.00	0.00	2000
79	7.50	1049	2099	0.00	210	0	0	0	nan	0.00	0.00	4.65	87.88	92.50	0.00	38	0	43	0.00	0.00	57.82	7.46	0.00	0.00	2000
73	6.60	1109	2108	0.00	193	0	0	0	nan	0.00	0.00	3.81	89.85	93.40	0.00	38	0	43	0.00	0.00	57.55	7.54	0.00	0.00	2000
74	6.60	1130	2085	0.00	195	0	0	0	nan	0.00	0.01	3.74	89.08	93.40	0.00	38	0	43	0.00	0.00	60.44	7.36	0.00	0.00	2000
86	6.63	1280	2120	0.00	131	0	0	0	nan	0.00	0.00	4.30	89.96	93.37	0.00	38	0	43	0.00	0.00	60.44	8.14	0.00	0.00	2000
