Avg_MHz	Busy%	Bzy_MHz	TSC_MHz	IPC	IRQ	NMI	SMI	LLCMRPS	LLC%hit	POLL%	C1%	C1E%	C6%	CPU%c1	CPU%c6	CoreTmp	CoreThr	PkgTmp	Pkg%pc2	Pkg%pc6	PkgWatt	RAMWatt	PKG_%	RAM_%	UncMHz
252	14.08	1788	2099	0.00	233	0	0	0	nan	0.00	0.00	28.93	56.93	85.92	0.00	37	0	42	0.00	0.00	60.71	7.46	0.00	0.00	2000
352	15.79	2169	2157	0.00	226	0	0	0	nan	0.00	1.61	17.11	68.05	84.21	0.00	37	0	42	0.00	0.00	71.12	7.93	0.00	0.00	2000
77	6.92	1105	2101	0.00	194	0	0	0	nan	0.00	0.02	6.79	86.37	93.08	0.00	37	0	42	0.00	0.00	56.69	7.16	0.00	0.00	2000
73	7.00	1023	2130	0.00	193	0	0	0	nan	0.00	0.05	2.75	91.72	93.00	0.00	37	0	42	0.00	0.00	59.20	7.51	0.00	0.00	2000
74	6.61	1122	2095	0.00	193	0	0	0	nan	0.00	0.02	3.27	89.93	93.39	0.00	37	0	42	0.00	0.00	58.68	7.51	0.00	0.00	2000
72	6.76	1067	2111	0.00	193	0	0	0	nan	0.00	0.00	2.79	91.07	93.24	0.00	37	0	42	0.00	0.00	60.08	7.55	0.00	0.00	2000
74	6.55	1128	2107	0.00	193	0	0	0	nan	0.00	0.00	3.04	90.62	93.45	0.00	36	0	42	0.00	0.00	58.81	7.42	0.00	0.00	2000
74	6.40	1152	2095	0.00	193	0	0	0	nan	0.00	0.00	3.99	89.43	93.60	0.00	37	0	42	0.00	0.00	60.56	7.73	0.00	0.00	2000
73	6.75	1080	2100	0.00	193	0	0	0	nan	0.00	0.01	3.28	89.95	93.25	0.00	37	0	42	0.00	0.00	58.11	7.41	0.00	0.00	2000
70	6.97	1016	2065	0.00	193	0	0	0	nan	0.00	0.00	2.74	88.82	93.03	0.00	37	0	42	0.00	0.00	55.96	7.20	0.00	0.00	2000
73	6.86	1051	2122	0.00	193	0	0	0	nan	0.00	0.03	2.58	91.62	93.14	0.00	37	0	42	0.00	0.00	58.43	7.49	0.00	0.00	2000
72	6.68	1068	2117	0.00	194	0	0	0	nan	0.00	0.00	3.22	90.91	93.32	0.00	37	0	42	0.00	0.00	60.29	7.45	0.00	0.00	2000
72	6.47	1131	2062	0.00	194	0	0	0	nan	0.01	0.00	3.00	88.84	93.53	0.00	37	0	42	0.00	0.00	58.20	7.30	0.00	0.00	2000
72	6.80	1055	2103	0.00	194	0	0	0	nan	0.01	0.00	1.58	91.81	93.20	0.00	36	0	42	0.00	0.00	57.48	7.25	0.00	0.00	2000
73	6.62	1094	2125	0.00	193	0	0	0	nan	0.00	0.06	2.57	91.89	93.38	0.00	36	0	42	0.00	0.00	58.43	7.35	0.00	0.00	2000
70	7.02	1012	2074	0.00	194	0	0	1	91.43	0.00	0.02	2.50	89.44	92.98	0.00	36	0	42	0.00	0.00	56.74	7.31	0.00	0.00	2000
73	7.16	1001	2128	0.29	209	0	0	1	88.27	0.00	0.04	3.83	90.32	92.84	0.00	37	0	42	0.00	0.00	62.17	7.98	0.00	0.00	2000
73	6.85	1067	2109	0.00	197	0	0	0	nan	0.00	0.02	4.30	89.29	93.15	0.00	36	0	42	0.00	0.00	56.15	7.45	0.00	0.00	2000
145	9.15	1612	2068	0.00	208	0	0	0	nan	0.01	0.00	6.31	83.19	90.85	0.00	38	0	42	0.00	0.00	60.90	6.91	0.00	0.00	2000
232	11.18	2052	2128	0.00	220	0	0	0	nan	0.00	0.00	5.96	84.16	88.82	0.00	39	0	42	0.00	0.00	65.29	7.41	0.00	0.00	2000
233	11.30	2064	2094	0.00	201	0	0	0	nan	0.00	0.02	3.69	84.80	88.70	0.00	40	0	42	0.00	0.00	66.28	7.64	0.00	0.00	2000
233	11.36	2038	2110	0.00	210	0	0	0	nan	0.00	0.00	4.65	84.51	88.64	0.00	40	0	42	0.00	0.00	65.64	7.24	0.00	0.00	2000
231	10.91	2152	2069	0.00	198	0	0	0	nan	0.00	0.01	5.06	82.74	89.09	0.00	39	0	42	0.00	0.00	62.66	7.37	0.00	0.00	2000
234	11.15	2076	2128	0.00	197	0	0	0	nan	0.00	0.44	7.74	81.94	88.85	0.00	37	0	42	0.00	0.00	66.89	7.96	0.00	0.00	2000
227	10.99	2094	2071	0.00	198	0	0	0	nan	0.00	0.01	6.17	81.70	89.01	0.00	37	0	42	0.00	0.00	65.84	7.73	0.00	0.00	2000
235	11.09	2103	2120	0.00	181	0	0	0	nan	0.00	0.00	7.41	82.39	88.91	0.00	37	0	42	0.00	0.00	66.52	7.80	0.00	0.00	2000
243	11.27	2154	2104	0.00	217	0	0	0	nan	0.00	0.01	7.21	81.72	88.73	0.00	37	0	42	0.00	0.00	68.36	7.65	0.00	0.00	2000
229	11.26	2059	2075	0.00	205	0	0	0	nan	0.00	0.00	5.52	82.27	88.74	0.00	37	0	42	0.00	0.00	63.54	7.48	0.00	0.00	2000
232	11.14	2053	2131	0.00	197	0	0	0	nan	0.00	0.00	6.31	83.96	88.86	0.00	37	0	42	0.00	0.00	67.58	7.69	0.00	0.00	2000
230	11.19	2056	2099	0.00	198	0	0	0	nan	0.00	0.01	3.55	85.21	88.81	0.00	38	0	42	0.00	0.00	65.13	7.48	0.00	0.00	2000
226	10.96	2094	2068	0.00	199	0	0	0	nan	0.00	0.02	3.10	84.66	89.04	0.00	38	0	42	0.00	0.00	64.06	7.16	0.00	0.00	2000
232	11.14	2100	2081	0.00	203	0	0	0	nan	0.00	0.05	2.43	85.69	88.86	0.00	38	0	42	0.00	0.00	63.58	7.28	0.00	0.00	2000
232	11.03	2046	2155	0.00	214	0	0	3	81.08	0.00	0.97	4.62	85.81	88.97	0.00	38	0	42	0.00	0.00	67.87	7.67	0.00	0.00	2000
229	11.22	2076	2062	0.72	196	0	0	16	85.72	0.00	0.04	3.65	83.53	88.78	0.00	38	0	42	0.00	0.00	63.63	7.26	0.00	0.00	2000
231	10.81	2097	2138	0.00	212	0	0	0	nan	0.00	0.02	5.13	85.75	89.19	0.00	38	0	42	0.00	0.00	65.52	7.19	0.00	0.00	2000
234	10.91	2140	2104	0.00	199	0	0	0	nan	0.00	0.00	6.27	83.08	89.09	0.00	38	0	42	0.00	0.00	63.54	7.71	0.00	0.00	2000
238	11.75	2027	2095	0.00	216	0	0	0	nan	0.00	0.00	9.30	78.88	88.25	0.00	38	0	42	0.00	0.00	66.89	7.79	0.00	0.00	2000
228	11.02	2106	2062	0.00	181	0	0	0	nan	0.00	0.00	5.22	82.27	88.98	0.00	38	0	42	0.00	0.00	64.97	7.45	0.00	0.00	2000
222	12.67	2058	1787	0.00	219	0	0	0	nan	0.00	0.01	6.11	68.22	87.33	0.00	37	0	42	0.00	0.00	55.83	6.40	0.00	0.00	2000
242	10.11	2000	2518	0.00	246	0	0	0	nan	0.01	0.00	8.60	99.36	89.89	0.00	38	0	42	0.00	0.00	76.19	9.22	0.00	0.00	2000
226	11.01	2050	2102	0.00	201	0	0	0	nan	0.00	0.00	6.04	83.16	88.99	0.00	38	0	42	0.00	0.00	63.18	7.72	0.00	0.00	2000
225	10.91	2053	2112	0.00	195	0	0	0	nan	0.00	0.00	6.65	83.00	89.09	0.00	39	0	42	0.00	0.00	69.61	8.37	0.00	0.00	2000
223	10.77	2075	2098	0.00	196	0	0	0	nan	0.00	0.00	5.31	83.95	89.23	0.00	39	0	42	0.00	0.00	64.47	7.80	0.00	0.00	2000
225	10.91	2063	2096	0.00	198	0	0	0	nan	0.00	0.00	6.35	82.70	89.09	0.00	39	0	42	0.00	0.00	61.83	7.28	0.00	0.00	2000
226	10.93	2067	2101	0.00	199	0	0	0	nan	0.00	0.00	6.45	82.77	89.07	0.00	39	0	42	0.00	0.00	66.73	8.11	0.00	0.00	2000
224	10.99	2050	2088	0.00	198	0	0	0	nan	0.00	0.03	6.17	82.39	89.01	0.00	39	0	42	0.00	0.00	59.87	7.20	0.00	0.00	2000
224	10.82	2061	2109	0.00	199	0	0	0	nan	0.02	0.03	2.43	87.23	89.18	0.00	39	0	42	0.00	0.00	66.74	8.43	0.00	0.00	2000
220	10.98	2039	2063	0.00	196	0	0	0	nan	0.01	0.00	3.86	83.70	89.02	0.00	40	0	42	0.00	0.00	62.85	7.06	0.00	0.00	2000
220	10.76	2046	2100	0.00	197	0	0	0	nan	0.00	0.00	6.90	82.41	89.24	0.00	41	0	42	0.00	0.00	66.72	7.73	0.00	0.00	2000
224	10.91	2009	2147	0.00	196	0	0	3	75.44	0.00	0.02	7.46	83.86	89.09	0.00	41	0	42	0.00	0.00	64.47	7.52	0.00	0.00	2000
223	10.22	2184	2098	0.80	198	0	0	5	90.64	0.00	3.72	5.72	80.45	89.78	0.00	40	0	42	0.00	0.00	63.63	7.27	0.00	0.00	2000
220	11.16	2036	2037	0.00	196	0	0	0	nan	0.00	0.00	8.97	77.37	88.84	0.00	40	0	42	0.00	0.00	60.20	7.10	0.00	0.00	2000
221	10.84	2014	2126	0.00	196	0	0	0	nan	0.00	0.00	6.12	84.30	89.16	0.00	40	0	42	0.00	0.00	68.16	7.96	0.00	0.00	2000
220	10.90	2023	2094	0.00	196	0	0	0	nan	0.00	0.00	6.40	82.61	89.10	0.00	40	0	42	0.00	0.00	63.06	7.30	0.00	0.00	2000
220	11.02	2073	2022	0.00	213	0	0	0	nan	0.00	0.26	6.34	79.21	88.98	0.00	40	0	42	0.00	0.00	61.12	7.17	0.00	0.00	2000
223	10.45	2048	2194	0.00	199	0	0	0	nan	0.00	0.00	7.13	86.59	89.55	0.00	40	0	42	0.00	0.00	67.66	7.46	0.00	0.00	2000
223	10.97	2019	2117	0.00	196	0	0	0	nan	0.00	0.02	6.37	83.47	89.03	0.00	40	0	42	0.00	0.00	66.43	7.89	0.00	0.00	2000
221	10.91	2014	2110	0.00	194	0	0	0	nan	0.00	0.00	6.74	82.82	89.09	0.00	40	0	42	0.00	0.00	64.72	7.57	0.00	0.00	2000
222	11.25	1980	2094	0.00	200	0	0	0	nan	0.00	0.00	7.55	81.13	88.75	0.00	41	0	42	0.00	0.00	61.43	7.11	0.00	0.00	2000
224	11.01	2022	2118	0.00	196	0	0	0	nan	0.04	0.03	7.82	82.11	88.99	0.00	41	0	42	0.00	0.00	62.64	7.11	0.00	0.00	2000
221	10.93	2024	2096	0.00	201	0	0	0	nan	0.00	1.17	5.87	82.04	89.07	0.00	40	0	42	0.00	0.00	65.57	7.72	0.00	0.00	2000
219	10.91	2086	2020	0.00	197	0	0	0	nan	0.02	0.02	2.79	83.01	89.09	0.00	41	0	42	0.00	0.00	62.42	7.14	0.00	0.00	2000
223	10.62	2051	2149	0.00	197	0	0	0	nan	0.00	0.01	5.54	85.99	89.38	0.00	40	0	42	0.00	0.00	64.20	7.48	0.00	0.00	2000
223	10.63	2088	2109	0.00	196	0	0	0	nan	0.00	0.00	6.32	83.50	89.37	0.00	40	0	42	0.00	0.00	64.48	7.84	0.00	0.00	2000
223	10.81	2054	2110	0.00	194	0	0	0	nan	0.00	0.00	6.84	82.88	89.19	0.00	41	0	42	0.00	0.00	64.81	7.56	0.00	0.00	2000
221	11.12	2050	2038	0.00	199	0	0	0	nan	0.00	0.00	6.39	79.99	88.88	0.00	40	0	42	0.00	0.00	62.36	7.39	0.00	0.00	2000
222	10.68	2017	2167	0.00	196	0	0	2	80.31	0.00	0.00	7.75	84.49	89.32	0.00	40	0	42	0.00	0.00	69.52	8.01	0.00	0.00	2000
221	11.15	2005	2074	0.71	197	0	0	3	79.81	0.00	0.00	7.25	80.71	88.85	0.00	41	0	42	0.00	0.00	58.85	6.69	0.00	0.00	2000
225	10.99	2011	2138	0.00	197	0	0	0	nan	0.04	0.00	7.48	83.24	89.01	0.00	40	0	42	0.00	0.00	67.04	7.74	0.00	0.00	2000
219	11.24	2017	2030	0.00	195	0	0	0	nan	0.00	0.00	6.58	79.46	88.76	0.00	41	0	42	0.00	0.00	60.73	7.03	0.00	0.00	2000
221	11.24	2055	2012	0.00	199	0	0	0	nan	0.04	0.02	6.86	78.35	88.76	0.00	41	0	42	0.00	0.00	64.12	7.02	0.00	0.00	2000
226	10.39	2048	2229	0.00	212	0	0	0	nan	0.04	0.00	7.57	87.61	89.61	0.00	41	0	42	0.00	0.00	64.46	7.84	0.00	0.00	2000
219	10.98	2039	2053	0.00	215	0	0	0	nan	0.00	0.00	5.87	81.34	89.02	0.00	41	0	42	0.00	0.00	64.26	7.38	0.00	0.00	2000
222	10.65	2058	2129	0.00	194	0	0	0	nan	0.00	0.02	5.46	85.31	89.35	0.00	41	0	42	0.00	0.00	64.22	7.56	0.00	0.00	2000
225	10.74	2082	2116	0.00	197	0	0	0	nan	0.00	0.08	5.76	84.28	89.26	0.00	41	0	42	0.00	0.00	64.46	7.34	0.00	0.00	2000
228	10.80	2120	2093	0.00	199	0	0	0	nan	0.00	0.60	3.77	84.75	89.20	0.00	41	0	42	0.00	0.00	64.46	7.22	0.00	0.00	2000
220	10.78	2017	2127	0.00	196	0	0	0	nan	0.01	0.00	5.89	84.64	89.22	0.00	41	0	42	0.00	0.00	63.89	7.46	0.00	0.00	2000
221	10.87	2056	2072	0.00	199	0	0	0	nan	0.00	0.46	5.66	81.97	89.13	0.00	41	0	43	0.00	0.00	64.23	7.42	0.00	0.00	2000
222	10.86	1996	2147	0.00	199	0	0	0	nan	0.03	0.00	6.41	84.94	89.14	0.00	41	0	42	0.00	0.00	64.04	7.39	0.00	0.00	2000
223	11.13	2021	2077	0.00	199	0	0	0	nan	0.00	0.01	7.55	80.47	88.87	0.00	41	0	42	0.00	0.00	64.11	7.35	0.00	0.00	2000
220	11.01	1977	2122	0.00	197	0	0	0	nan	0.00	0.00	8.41	81.71	88.99	0.00	41	0	42	0.00	0.00	64.28	7.34	0.00	0.00	2000
220	11.09	2021	2060	0.00	196	0	0	0	nan	0.00	0.02	6.85	80.50	88.91	0.00	41	0	42	0.00	0.00	63.80	7.31	0.00	0.00	2000
221	10.68	2033	2137	0.00	197	0	0	0	nan	0.00	0.01	5.40	85.55	89.32	0.00	41	0	42	0.00	0.00	64.45	7.34	0.00	0.00	2000
220	10.68	2089	2071	0.00	197	0	0	2	85.31	0.00	0.00	5.51	82.56	89.32	0.00	41	0	42	0.00	0.00	64.38	7.40	0.00	0.00	2000
224	10.67	2108	2090	1.03	199	0	0	3	79.35	0.00	0.00	6.72	82.10	89.33	0.00	41	0	42	0.00	0.00	64.39	7.29	0.00	0.00	2000
223	10.64	2052	2139	0.00	198	0	0	0	nan	0.00	0.02	7.23	83.89	89.36	0.00	41	0	42	0.00	0.00	64.82	7.44	0.00	0.00	2000
223	10.97	2079	2051	0.00	196	0	0	0	nan	0.04	0.00	7.73	79.29	89.03	0.00	41	0	42	0.00	0.00	64.31	7.83	0.00	0.00	2000
222	10.51	2072	2143	0.00	196	0	0	0	nan	0.00	0.02	6.18	85.30	89.49	0.00	41	0	42	0.00	0.00	64.11	7.48	0.00	0.00	2000
218	10.90	2061	2042	0.00	213	0	0	0	nan	0.00	0.00	4.49	82.25	89.10	0.00	40	0	42	0.00	0.00	64.47	7.27	0.00	0.00	2000
225	10.67	2060	2151	0.00	197	0	0	0	nan	0.01	1.64	7.03	82.99	89.33	0.00	40	0	42	0.00	0.00	64.12	7.65	0.00	0.00	2000
220	10.96	2028	2079	0.00	197	0	0	0	nan	0.00	0.01	4.30	83.99	89.04	0.00	41	0	42	0.00	0.00	64.02	7.46	0.00	0.00	2000
222	10.62	2072	2115	0.00	196	0	0	0	nan	0.04	0.46	7.23	82.45	89.38	0.00	41	0	42	0.00	0.00	64.43	7.51	0.00	0.00	2000
220	10.70	2032	2126	0.00	197	0	0	0	nan	0.00	0.00	6.48	84.04	89.30	0.00	41	0	42	0.00	0.00	64.25	7.56	0.00	0.00	2000
220	11.20	1978	2082	0.00	198	0	0	0	nan	0.00	0.06	5.20	82.98	88.80	0.00	41	0	42	0.00	0.00	64.04	7.35	0.00	0.00	2000
225	11.17	2017	2094	0.00	202	0	0	0	nan	0.04	0.03	8.76	79.91	88.83	0.00	41	0	42	0.00	0.00	64.23	7.36	0.00	0.00	2000
219	10.66	2082	2072	0.00	196	0	0	0	nan	0.00	0.02	7.16	80.95	89.34	0.00	41	0	42	0.00	0.00	64.29	7.17	0.00	0.00	2000
221	10.75	2030	2127	0.00	197	0	0	0	nan	0.00	0.01	5.64	84.93	89.25	0.00	41	0	42	0.00	0.00	64.37	7.32	0.00	0.00	2000
220	11.04	1996	2101	0.00	198	0	0	0	nan	0.00	0.02	5.41	83.83	88.96	0.00	40	0	42	0.00	0.00	64.21	7.42	0.00	0.00	2000
220	11.21	1977	2084	0.00	199	0	0	0	nan	0.00	0.00	6.65	81.71	88.79	0.00	40	0	42	0.00	0.00	62.96	7.23	0.00	0.00	2000
224	10.95	2015	2130	0.00	199	0	0	0	nan	0.00	0.00	6.39	83.99	89.05	0.00	40	0	42	0.00	0.00	65.59	7.72	0.00	0.00	2000
214	11.13	2063	1960	0.00	196	0	0	2	95.07	0.00	0.00	7.56	75.50	88.87	0.00	40	0	42	0.00	0.00	59.27	6.84	0.00	0.00	2000
225	10.61	2003	2219	0.70	211	0	0	4	90.88	0.00	0.00	6.01	88.56	89.39	0.00	40	0	42	0.00	0.00	70.51	8.05	0.00	0.00	2000
221	10.66	2045	2129	0.00	199	0	0	0	nan	0.00	0.00	4.40	86.38	89.34	0.00	40	0	42	0.00	0.00	62.98	7.38	0.00	0.00	2000
221	10.95	2003	2114	0.00	196	0	0	0	nan	0.00	0.00	6.79	82.98	89.05	0.00	41	0	42	0.00	0.00	65.54	7.54	0.00	0.00	2000
222	10.76	2065	2097	0.00	214	0	0	0	nan	0.00	2.50	3.14	83.77	89.24	0.00	41	0	42	0.00	0.00	66.14	7.58	0.00	0.00	2000
229	11.53	2006	2075	0.00	195	0	0	0	nan	0.00	0.00	6.64	80.93	88.47	0.00	40	0	42	0.00	0.00	61.44	7.13	0.00	0.00	2000
220	10.83	2052	2080	0.00	197	0	0	0	nan	0.00	0.03	6.53	81.90	89.17	0.00	40	0	42	0.00	0.00	65.92	7.70	0.00	0.00	2000
221	10.34	2106	2135	0.00	199	0	0	0	nan	0.00	0.52	5.26	85.42	89.66	0.00	40	0	42	0.00	0.00	65.36	7.57	0.00	0.00	2000
222	10.82	2056	2095	0.00	197	0	0	0	nan	0.00	0.03	5.24	83.88	89.18	0.00	41	0	42	0.00	0.00	64.25	7.57	0.00	0.00	2000
223	10.85	2053	2099	0.00	199	0	0	0	nan	0.00	0.02	7.40	81.89	89.15	0.00	40	0	42	0.00	0.00	65.15	8.39	0.00	0.00	2000
223	10.89	2032	2117	0.00	201	0	0	0	nan	0.00	0.02	7.65	82.28	89.11	0.00	41	0	42	0.00	0.00	64.94	7.59	0.00	0.00	2000
221	10.82	2039	2109	0.00	194	0	0	0	nan	0.00	0.00	5.85	83.88	89.18	0.00	40	0	42	0.00	0.00	62.95	7.70	0.00	0.00	2000
221	10.88	2041	2093	0.00	196	0	0	0	nan	0.00	0.00	5.71	83.30	89.12	0.00	40	0	42	0.00	0.00	62.20	7.55	0.00	0.00	2000
217	11.26	2060	1963	0.00	180	0	0	0	nan	0.00	0.02	5.48	77.59	88.74	0.00	40	0	42	0.00	0.00	60.59	7.15	0.00	0.00	2000
228	10.59	2008	2257	0.00	214	0	0	0	nan	0.00	0.00	6.65	89.55	89.41	0.00	41	0	42	0.00	0.00	70.75	8.41	0.00	0.00	2000
220	11.08	2031	2054	0.00	195	0	0	0	nan	0.00	0.00	7.68	79.43	88.92	0.00	40	0	42	0.00	0.00	61.49	7.25	0.00	0.00	2000
221	10.86	2008	2129	0.00	196	0	0	0	nan	0.01	0.00	5.56	85.02	89.14	0.00	40	0	42	0.00	0.00	67.78	8.70	0.00	0.00	2000
219	10.90	2029	2084	0.00	195	0	0	2	66.57	0.00	0.05	6.17	82.43	89.10	0.00	41	0	42	0.00	0.00	63.77	7.54	0.00	0.00	2000
222	10.97	2018	2110	1.41	200	0	0	6	49.37	0.00	2.16	3.81	83.67	89.03	0.00	41	0	42	0.00	0.00	64.18	7.71	0.00	0.00	2000
224	11.26	2017	2072	0.00	201	0	0	0	nan	0.02	1.40	4.05	82.42	88.74	0.00	41	0	42	0.00	0.00	64.19	7.42	0.00	0.00	2000
220	10.80	2003	2139	0.00	197	0	0	0	nan	0.00	0.25	4.76	86.08	89.20	0.00	42	0	42	0.00	0.00	63.92	7.58	0.00	0.00	2000
219	11.17	2010	2050	0.00	196	0	0	0	nan	0.00	0.00	6.95	79.99	88.83	0.00	42	0	42	0.00	0.00	63.86	7.62	0.00	0.00	2000
222	10.85	2038	2113	0.00	197	0	0	0	nan	0.04	0.02	7.31	82.59	89.15	0.00	41	0	42	0.00	0.00	63.81	7.51	0.00	0.00	2000
221	10.65	2078	2097	0.00	196	0	0	0	nan	0.00	0.05	5.59	83.66	89.35	0.00	41	0	42	0.00	0.00	64.40	7.55	0.00	0.00	2000
218	11.34	2028	1993	0.00	196	0	0	0	nan	0.00	0.00	6.82	77.56	88.66	0.00	40	0	42	0.00	0.00	59.85	6.96	0.00	0.00	2000
225	10.67	1977	2238	0.00	211	0	0	0	nan	0.00	0.00	9.02	86.36	89.33	0.00	41	0	42	0.00	0.00	69.79	8.91	0.00	0.00	2000
221	11.08	2009	2081	0.00	196	0	0	0	nan	0.00	0.00	8.04	80.30	88.92	0.00	41	0	42	0.00	0.00	64.44	7.63	0.00	0.00	2000
221	10.75	2031	2125	0.00	196	0	0	0	nan	0.00	0.00	6.05	84.43	89.25	0.00	42	0	42	0.00	0.00	64.63	7.65	0.00	0.00	2000
224	11.05	2034	2091	0.00	198	0	0	0	nan	0.04	0.00	8.45	80.17	88.95	0.00	41	0	42	0.00	0.00	64.82	7.63	0.00	0.00	2000
222	10.71	2060	2115	0.00	198	0	0	0	nan	0.00	0.02	6.45	83.58	89.29	0.00	41	0	42	0.00	0.00	62.82	7.19	0.00	0.00	2000
222	10.66	2078	2103	0.00	195	0	0	0	nan	0.00	0.02	7.11	82.40	89.34	0.00	42	0	42	0.00	0.00	64.98	7.48	0.00	0.00	2000
220	10.80	2057	2079	0.00	197	0	0	0	nan	0.00	0.00	5.44	83.00	89.20	0.00	41	0	42	0.00	0.00	62.66	7.30	0.00	0.00	2000
222	10.93	2044	2084	0.00	198	0	0	0	nan	0.00	0.00	6.74	81.77	89.07	0.00	41	0	42	0.00	0.00	64.99	8.34	0.00	0.00	2000
223	10.65	2049	2147	0.00	195	0	0	0	nan	0.00	0.05	4.10	87.38	89.35	0.00	42	0	42	0.00	0.00	64.66	7.57	0.00	0.00	2000
222	11.18	2055	2031	0.00	200	0	0	1	49.24	0.00	0.04	3.73	82.24	88.82	0.00	41	0	42	0.00	0.00	62.26	7.14	0.00	0.00	2000
221	10.82	2002	2142	1.43	196	0	0	5	39.50	0.01	0.00	8.61	82.56	89.18	0.00	41	0	42	0.00	0.00	67.08	8.28	0.00	0.00	2000
221	10.20	2157	2104	0.02	197	0	0	0	nan	0.00	0.95	5.30	83.77	89.80	0.00	42	0	42	0.00	0.00	65.59	7.31	0.00	0.00	2000
222	10.70	2055	2116	0.00	193	0	0	0	nan	0.01	0.95	7.09	82.10	89.30	0.00	42	0	42	0.00	0.00	62.67	7.28	0.00	0.00	2000
220	10.93	2034	2075	0.00	195	0	0	0	nan	0.00	0.00	7.35	80.78	89.07	0.00	42	0	42	0.00	0.00	65.57	7.69	0.00	0.00	2000
225	11.31	1993	2102	0.00	204	0	0	0	nan	0.00	0.00	10.13	78.81	88.69	0.00	41	0	42	0.00	0.00	64.56	7.93	0.00	0.00	2000
223	11.02	2007	2119	0.00	214	0	0	0	nan	0.00	0.00	10.31	79.66	88.98	0.00	42	0	42	0.00	0.00	67.81	8.32	0.00	0.00	2000
221	10.82	2054	2086	0.00	195	0	0	0	nan	0.00	0.00	8.22	80.49	89.18	0.00	42	0	42	0.00	0.00	56.72	6.91	0.00	0.00	2000
222	10.65	2067	2112	0.00	197	0	0	0	nan	0.00	0.01	5.29	84.65	89.35	0.00	42	0	42	0.00	0.00	69.99	7.75	0.00	0.00	2000
220	10.64	2074	2092	0.00	196	0	0	0	nan	0.00	0.00	5.78	83.36	89.36	0.00	42	0	42	0.00	0.00	62.73	7.34	0.00	0.00	2000
224	10.77	2056	2123	0.00	198	0	0	0	nan	0.00	0.00	6.71	83.59	89.23	0.00	42	0	42	0.00	0.00	64.77	7.54	0.00	0.00	2000
220	10.86	2051	2076	0.00	197	0	0	0	nan	0.00	0.00	7.31	80.87	89.14	0.00	42	0	42	0.00	0.00	64.91	7.74	0.00	0.00	2000
221	10.55	2072	2127	0.00	195	0	0	0	nan	0.00	0.01	7.03	83.57	89.45	0.00	42	0	42	0.00	0.00	64.54	7.40	0.00	0.00	2000
223	11.03	2045	2081	0.00	198	0	0	0	nan	0.00	0.03	5.07	83.16	88.97	0.00	39	0	42	0.00	0.00	64.15	7.34	0.00	0.00	2000
226	11.28	2065	2040	0.00	196	0	0	0	nan	0.00	0.02	4.03	82.33	88.72	0.00	40	0	42	0.00	0.00	61.97	7.25	0.00	0.00	2000
233	11.23	2018	2157	0.00	213	0	0	0	nan	0.00	0.03	6.90	84.46	88.77	0.00	40	0	42	0.00	0.00	67.08	7.77	0.00	0.00	2000
230	10.65	2151	2110	0.00	198	0	0	0	nan	0.00	1.97	10.29	77.75	89.35	0.00	40	0	42	0.00	0.00	65.55	7.39	0.00	0.00	2000
230	11.25	2054	2088	0.00	196	0	0	0	nan	0.00	0.02	9.29	79.04	88.75	0.00	40	0	42	0.00	0.00	64.44	7.45	0.00	0.00	2000
231	11.10	2070	2113	1.25	196	0	0	5	24.23	0.00	0.00	9.93	79.61	88.90	0.00	41	0	42	0.00	0.00	64.94	7.53	0.00	0.00	2000
228	11.25	2030	2093	0.21	195	0	0	0	nan	0.00	0.00	8.40	80.24	88.75	0.00	41	0	42	0.00	0.00	64.17	7.59	0.00	0.00	2000
232	11.35	2020	2123	0.00	198	0	0	0	nan	0.00	0.00	8.40	81.38	88.65	0.00	41	0	42	0.00	0.00	64.59	7.53	0.00	0.00	2000
229	11.40	2027	2080	0.00	197	0	0	0	nan	0.04	0.00	8.83	79.16	88.60	0.00	41	0	42	0.00	0.00	64.34	7.46	0.00	0.00	2000
229	11.14	2039	2117	0.00	196	0	0	0	nan	0.00	0.00	8.54	81.14	88.86	0.00	41	0	42	0.00	0.00	64.60	7.54	0.00	0.00	2000
228	11.12	2065	2085	0.00	195	0	0	0	nan	0.00	0.00	7.32	80.97	88.88	0.00	41	0	42	0.00	0.00	64.46	7.59	0.00	0.00	2000
235	11.44	2054	2102	0.00	197	0	0	0	nan	0.00	0.00	10.40	78.42	88.56	0.00	41	0	42	0.00	0.00	64.71	7.43	0.00	0.00	2000
231	11.54	2010	2093	0.00	198	0	0	0	nan	0.01	0.00	9.12	79.25	88.46	0.00	41	0	42	0.00	0.00	64.03	7.37	0.00	0.00	2000
230	11.25	2035	2108	0.00	201	0	0	0	nan	0.00	0.00	8.33	80.93	88.75	0.00	41	0	42	0.00	0.00	64.68	7.36	0.00	0.00	2000
228	11.29	2011	2110	0.00	196	0	0	0	nan	0.00	0.09	7.33	81.96	88.71	0.00	41	0	42	0.00	0.00	64.04	7.27	0.00	0.00	2000
230	11.22	2053	2095	0.00	195	0	0	0	nan	0.00	0.05	5.38	83.27	88.78	0.00	41	0	42	0.00	0.00	64.56	7.42	0.00	0.00	2000
229	11.43	2005	2096	0.00	199	0	0	0	nan	0.00	0.00	6.88	81.76	88.57	0.00	41	0	42	0.00	0.00	64.00	7.28	0.00	0.00	2000
232	11.09	2090	2103	0.00	197	0	0	0	nan	0.00	0.44	9.76	78.88	88.91	0.00	41	0	42	0.00	0.00	65.23	7.68	0.00	0.00	2000
229	11.07	2070	2096	0.00	198	0	0	0	nan	0.00	1.06	10.01	77.94	88.93	0.00	41	0	42	0.00	0.00	65.50	7.57	0.00	0.00	2000
231	11.44	2022	2093	0.00	196	0	0	0	nan	0.04	0.00	9.59	78.93	88.56	0.00	41	0	42	0.00	0.00	63.81	7.32	0.00	0.00	2000
230	11.36	2024	2097	0.00	195	0	0	0	nan	0.00	0.00	10.74	77.90	88.64	0.00	41	0	42	0.00	0.00	64.75	7.44	0.00	0.00	2000
231	11.37	2017	2118	0.00	198	0	0	0	nan	0.00	0.00	9.69	79.93	88.63	0.00	41	0	42	0.00	0.00	64.39	7.50	0.00	0.00	2000
229	11.16	2060	2092	0.92	196	0	0	5	58.40	0.00	0.00	9.23	79.41	88.84	0.00	41	0	42	0.00	0.00	64.90	7.53	0.00	0.00	2000
232	11.52	2010	2107	0.56	198	0	0	0	nan	0.00	0.00	8.09	80.88	88.48	0.00	41	0	42	0.00	0.00	65.07	7.36	0.00	0.00	2000
228	10.93	2084	2104	0.00	196	0	0	0	nan	0.00	0.00	9.65	79.59	89.07	0.00	41	0	42	0.00	0.00	64.97	7.42	0.00	0.00	2000
229	11.15	2066	2091	0.00	198	0	0	0	nan	0.00	0.00	8.58	79.94	88.85	0.00	41	0	42	0.00	0.00	64.84	7.41	0.00	0.00	2000
228	11.17	2041	2102	0.00	194	0	0	0	nan	0.00	0.00	8.34	80.68	88.83	0.00	41	0	42	0.00	0.00	64.59	7.43	0.00	0.00	2000
230	10.92	2108	2097	0.00	196	0	0	0	nan	0.00	0.00	8.96	80.03	89.08	0.00	41	0	42	0.00	0.00	64.97	7.33	0.00	0.00	2000
232	11.22	2081	2089	0.00	198	0	0	0	nan	0.05	0.05	9.45	78.91	88.78	0.00	41	0	42	0.00	0.00	64.78	7.41	0.00	0.00	2000
230	11.30	2016	2121	0.00	198	0	0	0	nan	0.00	0.05	5.78	83.99	88.70	0.00	41	0	42	0.00	0.00	65.15	7.44	0.00	0.00	2000
229	11.10	2074	2087	0.00	199	0	0	0	nan	0.00	0.00	6.40	82.07	88.90	0.00	41	0	42	0.00	0.00	65.00	7.44	0.00	0.00	2000
230	11.05	2082	2098	0.00	196	0	0	0	nan	0.00	0.00	8.61	80.26	88.95	0.00	41	0	42	0.00	0.00	64.66	7.44	0.00	0.00	2000
228	10.98	2086	2094	0.00	196	0	0	0	nan	0.00	0.00	9.05	79.77	89.02	0.00	41	0	42	0.00	0.00	65.08	7.43	0.00	0.00	2000
232	11.21	2062	2108	0.00	199	0	0	0	nan	0.00	0.03	10.70	78.55	88.79	0.00	41	0	42	0.00	0.00	64.45	7.56	0.00	0.00	2000
231	11.21	2052	2104	0.00	206	0	0	0	nan	0.04	0.00	7.86	81.15	88.79	0.00	41	0	42	0.00	0.00	64.63	7.60	0.00	0.00	2000
230	11.16	2050	2107	0.00	197	0	0	0	nan	0.00	0.00	9.14	80.16	88.84	0.00	41	0	42	0.00	0.00	64.29	7.85	0.00	0.00	2000
228	11.11	2059	2093	0.00	196	0	0	0	nan	0.00	0.00	7.41	81.37	88.89	0.00	41	0	42	0.00	0.00	64.34	7.34	0.00	0.00	2000
230	11.11	2075	2099	0.00	194	0	0	0	nan	0.00	0.00	8.14	80.77	88.89	0.00	41	0	42	0.00	0.00	64.32	7.35	0.00	0.00	2000
233	11.33	2047	2110	0.00	196	0	0	0	nan	0.00	0.00	9.89	79.27	88.67	0.00	41	0	42	0.00	0.00	64.95	7.41	0.00	0.00	2000
230	10.94	2118	2086	0.58	199	0	0	5	65.05	0.00	0.52	8.50	79.43	89.06	0.00	41	0	42	0.00	0.00	65.07	7.61	0.00	0.00	2000
229	11.19	2043	2102	0.88	195	0	0	2	82.81	0.00	0.00	9.65	79.49	88.81	0.00	41	0	42	0.00	0.00	64.53	7.46	0.00	0.00	2000
229	11.25	2024	2115	0.00	196	0	0	0	nan	0.00	0.00	7.82	81.73	88.75	0.00	41	0	42	0.00	0.00	64.71	7.41	0.00	0.00	2000
229	11.39	2027	2084	0.00	197	0	0	0	nan	0.04	0.00	8.35	79.79	88.61	0.00	41	0	42	0.00	0.00	64.26	7.31	0.00	0.00	2000
237	11.44	2077	2098	0.00	198	0	0	0	nan	0.00	2.17	6.29	80.17	88.56	0.00	41	0	42	0.00	0.00	62.00	7.21	0.00	0.00	2000
228	11.21	2040	2094	0.00	197	0	0	0	nan	0.00	0.02	6.61	82.10	88.79	0.00	41	0	42	0.00	0.00	64.24	7.44	0.00	0.00	2000
230	11.17	2042	2114	0.00	197	0	0	0	nan	0.00	0.00	9.19	80.42	88.83	0.00	41	0	42	0.00	0.00	67.15	7.63	0.00	0.00	2000
229	11.52	1998	2091	0.00	200	0	0	0	nan	0.00	0.00	11.01	77.28	88.48	0.00	41	0	42	0.00	0.00	62.09	7.20	0.00	0.00	2000
232	11.38	2034	2105	0.00	197	0	0	0	nan	0.02	0.94	9.21	78.85	88.62	0.00	41	0	42	0.00	0.00	64.61	7.46	0.00	0.00	2000
231	11.49	2029	2078	0.00	195	0	0	0	nan	0.00	0.00	9.78	77.94	88.51	0.00	41	0	42	0.00	0.00	61.56	7.43	0.00	0.00	2000
231	11.20	2036	2130	0.00	198	0	0	0	nan	0.00	0.00	9.11	81.15	88.80	0.00	41	0	42	0.00	0.00	67.19	7.37	0.00	0.00	2000
229	11.22	2051	2089	0.00	196	0	0	0	nan	0.00	0.03	9.16	79.30	88.78	0.00	41	0	42	0.00	0.00	62.26	7.55	0.00	0.00	2000
229	11.36	2019	2097	0.00	194	0	0	0	nan	0.00	0.00	10.20	78.43	88.64	0.00	41	0	42	0.00	0.00	66.92	7.50	0.00	0.00	2000
228	11.21	2035	2103	0.00	195	0	0	0	nan	0.00	0.00	9.18	79.91	88.79	0.00	41	0	42	0.00	0.00	62.17	7.56	0.00	0.00	2000
231	11.38	2032	2099	0.00	200	0	0	0	nan	0.00	0.00	8.51	80.23	88.62	0.00	40	0	42	0.00	0.00	66.88	7.92	0.00	0.00	2000
235	11.26	2095	2089	0.00	184	0	0	0	nan	0.04	0.15	10.73	77.49	88.74	0.00	41	0	42	0.00	0.00	64.52	7.51	0.00	0.00	2000
230	11.29	2022	2111	0.00	212	0	0	0	nan	0.00	0.00	10.46	78.89	88.71	0.00	41	0	42	0.00	0.00	61.10	7.27	0.00	0.00	2000
228	11.03	2065	2104	0.17	196	0	0	4	69.56	0.00	0.00	9.05	80.27	88.97	0.00	41	0	42	0.00	0.00	67.73	7.52	0.00	0.00	2000
230	11.21	2051	2102	1.23	196	0	0	3	76.53	0.00	0.09	5.95	83.00	88.79	0.00	41	0	42	0.00	0.00	61.58	7.61	0.00	0.00	2000
229	11.21	2042	2098	0.00	196	0	0	0	nan	0.00	0.05	5.15	83.67	88.79	0.00	41	0	42	0.00	0.00	64.84	7.57	0.00	0.00	2000
239	11.46	2087	2095	0.00	217	0	0	0	nan	0.00	0.50	12.40	75.54	88.54	0.00	41	0	42	0.00	0.00	65.01	7.45	0.00	0.00	2000
229	11.27	2023	2108	0.00	195	0	0	0	nan	0.00	0.00	9.30	79.94	88.73	0.00	41	0	42	0.00	0.00	64.62	7.63	0.00	0.00	2000
229	11.03	2074	2103	0.00	196	0	0	0	nan	0.00	0.42	8.92	80.00	88.97	0.00	41	0	42	0.00	0.00	64.92	7.50	0.00	0.00	2000
229	11.22	2042	2095	0.00	197	0	0	0	nan	0.00	0.03	9.41	79.36	88.78	0.00	41	0	42	0.00	0.00	63.97	7.33	0.00	0.00	2000
230	11.17	2057	2102	0.00	196	0	0	0	nan	0.00	0.00	9.84	79.25	88.83	0.00	41	0	42	0.00	0.00	64.57	7.56	0.00	0.00	2000
231	11.41	2040	2087	0.00	197	0	0	0	nan	0.00	0.00	7.42	80.84	88.59	0.00	41	0	42	0.00	0.00	64.29	7.51	0.00	0.00	2000
231	11.27	2032	2116	0.00	200	0	0	0	nan	0.00	0.00	9.34	80.23	88.73	0.00	41	0	42	0.00	0.00	64.27	7.58	0.00	0.00	2000
229	11.15	2056	2095	0.00	196	0	0	0	nan	0.00	0.00	9.35	79.46	88.85	0.00	41	0	42	0.00	0.00	64.65	7.53	0.00	0.00	2000
230	11.26	2039	2101	0.00	199	0	0	0	nan	0.00	0.00	7.30	81.70	88.74	0.00	41	0	42	0.00	0.00	64.34	7.37	0.00	0.00	2000
228	11.26	2037	2086	0.00	196	0	0	0	nan	0.00	0.00	7.98	80.34	88.74	0.00	41	0	42	0.00	0.00	64.49	7.59	0.00	0.00	2000
233	11.23	2038	2135	0.00	197	0	0	0	nan	0.00	0.00	10.11	80.32	88.77	0.00	41	0	42	0.00	0.00	65.88	7.56	0.00	0.00	2000
228	11.55	2016	2060	0.00	185	0	0	0	nan	0.00	0.00	6.62	80.36	88.45	0.00	41	0	42	0.00	0.00	63.24	7.33	0.00	0.00	2000
231	11.45	1998	2122	0.00	213	0	0	0	nan	0.00	2.16	8.39	79.23	88.55	0.00	41	0	42	0.00	0.00	64.28	7.42	0.00	0.00	2000
229	11.01	2081	2096	0.00	196	0	0	0	nan	0.00	2.16	4.78	82.08	88.99	0.00	40	0	42	0.00	0.00	64.32	7.36	0.00	0.00	2000
229	11.08	2060	2103	0.00	196	0	0	3	74.52	0.00	0.06	4.53	84.54	88.92	0.00	41	0	42	0.00	0.00	64.68	7.63	0.00	0.00	2000
232	11.47	2018	2103	1.33	198	0	0	5	77.11	0.00	0.03	9.63	79.14	88.53	0.00	41	0	42	0.00	0.00	64.40	7.60	0.00	0.00	2000
232	10.33	2238	2110	0.00	202	0	0	0	nan	0.00	2.54	8.37	79.37	89.67	0.00	41	0	42	0.00	0.00	66.76	7.56	0.00	0.00	2000
229	11.28	2041	2086	0.00	195	0	0	0	nan	0.00	0.03	9.92	78.32	88.72	0.00	41	0	42	0.00	0.00	64.49	7.33	0.00	0.00	2000
231	11.34	2031	2102	0.00	196	0	0	0	nan	0.00	0.00	7.51	81.40	88.66	0.00	41	0	42	0.00	0.00	64.47	7.19	0.00	0.00	2000
229	11.01	2088	2092	0.00	198	0	0	0	nan	0.00	0.00	6.77	81.87	88.99	0.00	41	0	42	0.00	0.00	64.95	7.51	0.00	0.00	2000
229	11.20	2035	2112	0.00	196	0	0	0	nan	0.00	0.02	8.68	80.78	88.80	0.00	41	0	42	0.00	0.00	65.15	7.63	0.00	0.00	2000
230	11.44	2025	2087	0.00	184	0	0	0	nan	0.00	0.02	9.02	79.20	88.56	0.00	41	0	42	0.00	0.00	60.78	7.30	0.00	0.00	2000
231	11.22	2052	2104	0.00	212	0	0	0	nan	0.00	0.00	9.21	79.93	88.78	0.00	41	0	42	0.00	0.00	67.39	7.62	0.00	0.00	2000
229	11.36	2019	2091	0.00	196	0	0	0	nan	0.00	0.00	9.37	79.08	88.64	0.00	41	0	42	0.00	0.00	64.36	7.63	0.00	0.00	2000
229	11.24	2025	2116	0.00	196	0	0	0	nan	0.00	0.00	8.99	80.62	88.76	0.00	41	0	42	0.00	0.00	64.46	7.67	0.00	0.00	2000
228	11.07	2083	2080	0.00	206	0	0	0	nan	0.00	0.00	8.12	80.12	88.93	0.00	40	0	42	0.00	0.00	63.56	7.53	0.00	0.00	2000
233	11.08	2067	2133	0.00	200	0	0	0	nan	0.00	0.00	9.74	80.71	88.92	0.00	41	0	42	0.00	0.00	64.71	7.82	0.00	0.00	2000
229	11.28	2028	2103	0.00	179	0	0	0	nan	0.00	0.08	6.13	82.84	88.72	0.00	41	0	42	0.00	0.00	65.55	7.83	0.00	0.00	2000
231	11.08	2079	2105	0.00	197	0	0	0	nan	0.01	0.40	3.47	85.39	88.92	0.00	41	0	42	0.00	0.00	63.09	7.83	0.00	0.00	2000
227	11.34	2077	2020	0.00	200	0	0	0	nan	0.00	0.00	5.89	79.57	88.66	0.00	41	0	42	0.00	0.00	61.57	7.05	0.00	0.00	2000
232	11.12	2029	2160	0.00	215	0	0	0	nan	0.00	0.00	6.63	84.95	88.88	0.00	41	0	42	0.00	0.00	66.97	7.76	0.00	0.00	2000
230	11.47	2015	2093	0.00	194	0	0	1	80.17	0.00	0.02	9.00	79.46	88.53	0.00	41	0	42	0.00	0.00	64.11	7.44	0.00	0.00	2000
232	11.33	2028	2120	1.41	206	0	0	6	71.88	0.04	0.01	8.20	81.43	88.67	0.00	41	0	42	0.00	0.00	64.37	7.65	0.00	0.00	2000
228	11.24	2045	2083	0.00	196	0	0	0	nan	0.00	0.00	8.83	79.37	88.76	0.00	41	0	42	0.00	0.00	64.23	7.59	0.00	0.00	2000
230	11.24	2020	2124	0.00	196	0	0	0	nan	0.00	0.00	8.79	81.17	88.76	0.00	40	0	42	0.00	0.00	66.40	7.93	0.00	0.00	2000
236	11.88	2041	2044	0.00	188	0	0	0	nan	0.00	0.02	8.18	77.70	88.12	0.00	41	0	42	0.00	0.00	60.59	7.11	0.00	0.00	2000
233	11.30	2027	2139	0.00	210	0	0	0	nan	0.00	0.01	7.81	82.71	88.70	0.00	41	0	42	0.00	0.00	67.00	7.70	0.00	0.00	2000
230	11.11	2062	2103	0.00	199	0	0	0	nan	0.00	0.00	8.59	80.47	88.89	0.00	41	0	42	0.00	0.00	65.49	7.58	0.00	0.00	2000
229	11.18	2062	2090	0.00	180	0	0	0	nan	0.00	0.00	9.22	79.41	88.83	0.00	41	0	42	0.00	0.00	63.27	7.42	0.00	0.00	2000
229	11.11	2048	2114	0.00	212	0	0	0	nan	0.00	0.00	8.75	80.78	88.89	0.00	41	0	42	0.00	0.00	64.41	7.61	0.00	0.00	2000
230	11.36	2035	2087	0.00	196	0	0	0	nan	0.00	0.00	7.82	80.45	88.64	0.00	41	0	42	0.00	0.00	64.47	7.66	0.00	0.00	2000
231	11.43	2018	2100	0.00	198	0	0	0	nan	0.00	0.03	8.79	80.00	88.57	0.00	41	0	42	0.00	0.00	63.96	7.43	0.00	0.00	2000
230	10.88	2111	2105	0.00	201	0	0	0	nan	0.01	1.09	4.27	84.22	89.12	0.00	41	0	42	0.00	0.00	65.28	7.80	0.00	0.00	2000
229	11.14	2061	2096	0.00	197	0	0	0	nan	0.00	0.00	8.40	80.42	88.86	0.00	41	0	42	0.00	0.00	64.08	7.39	0.00	0.00	2000
230	11.16	2053	2108	0.00	196	0	0	0	nan	0.00	0.02	9.15	80.07	88.84	0.00	41	0	42	0.00	0.00	64.63	7.59	0.00	0.00	2000
228	10.92	2100	2089	0.00	179	0	0	0	nan	0.01	0.00	8.47	80.19	89.08	0.00	41	0	42	0.00	0.00	63.79	7.31	0.00	0.00	2000
232	11.36	2036	2107	0.00	215	0	0	0	nan	0.00	0.00	7.90	81.10	88.64	0.00	41	0	42	0.00	0.00	64.23	7.38	0.00	0.00	2000
230	11.31	2037	2095	0.00	198	0	0	0	nan	0.00	0.00	9.03	79.69	88.69	0.00	41	0	42	0.00	0.00	64.33	7.40	0.00	0.00	2000
227	11.34	2074	2029	0.00	195	0	0	0	91.86	0.00	0.00	8.65	77.14	88.66	0.00	39	0	42	0.00	0.00	59.42	6.76	0.00	0.00	2000
231	11.03	2019	2181	1.42	196	0	0	6	76.20	0.00	0.02	5.71	86.85	88.97	0.00	38	0	42	0.00	0.00	69.72	8.07	0.00	0.00	2000
229	11.37	2024	2089	0.05	212	0	0	0	nan	0.00	0.00	7.31	81.02	88.63	0.00	38	0	42	0.00	0.00	61.12	7.08	0.00	0.00	2000
231	11.38	2021	2113	0.00	182	0	0	0	nan	0.00	0.00	9.57	79.82	88.62	0.00	38	0	42	0.00	0.00	67.38	7.74	0.00	0.00	2000
232	11.04	2096	2103	0.00	216	0	0	0	nan	0.04	0.52	8.27	80.47	88.96	0.00	38	0	42	0.00	0.00	65.03	7.48	0.00	0.00	2000
230	11.11	2077	2093	0.00	178	0	0	0	nan	0.00	0.00	9.84	78.77	88.89	0.00	38	0	42	0.00	0.00	64.45	7.50	0.00	0.00	2000
230	11.50	1994	2106	0.00	215	0	0	0	nan	0.00	0.00	9.89	79.11	88.50	0.00	38	0	42	0.00	0.00	64.25	7.55	0.00	0.00	2000
228	11.45	2001	2094	0.00	180	0	0	0	nan	0.00	0.00	7.76	80.78	88.55	0.00	38	0	42	0.00	0.00	63.77	7.57	0.00	0.00	2000
234	11.21	2078	2107	0.00	217	0	0	0	nan	0.00	0.08	7.09	82.11	88.79	0.00	38	0	42	0.00	0.00	64.93	7.86	0.00	0.00	2000
229	10.82	2128	2090	0.00	187	0	0	0	nan	0.00	1.07	5.35	82.54	89.18	0.00	39	0	42	0.00	0.00	59.89	7.18	0.00	0.00	2000
230	11.27	2032	2107	0.00	215	0	0	0	nan	0.00	0.00	9.44	79.69	88.73	0.00	39	0	42	0.00	0.00	67.04	7.89	0.00	0.00	2000
229	11.42	2005	2096	0.00	179	0	0	0	nan	0.00	0.00	9.56	79.09	88.58	0.00	39	0	42	0.00	0.00	61.54	7.31	0.00	0.00	2000
230	11.22	2037	2113	0.00	214	0	0	0	nan	0.00	0.00	6.74	82.65	88.78	0.00	39	0	42	0.00	0.00	65.96	7.83	0.00	0.00	2000
227	11.43	2053	2036	0.00	180	0	0	0	nan	0.00	0.01	6.53	79.53	88.57	0.00	39	0	42	0.00	0.00	61.99	7.17	0.00	0.00	2000
234	11.23	2034	2153	0.00	214	0	0	0	nan	0.00	0.02	8.38	82.81	88.77	0.00	39	0	42	0.00	0.00	68.71	8.01	0.00	0.00	2000
227	11.25	2076	2041	0.00	197	0	0	0	nan	0.00	0.02	6.59	79.78	88.75	0.00	38	0	42	0.00	0.00	60.78	6.99	0.00	0.00	2000
235	11.50	2063	2081	0.00	213	0	0	0	nan	0.00	0.00	6.77	81.01	88.50	0.00	39	0	42	0.00	0.00	64.60	7.64	0.00	0.00	2000
232	11.02	2038	2165	0.00	197	0	0	0	94.26	0.00	0.00	5.44	86.36	88.98	0.00	39	0	42	0.00	0.00	64.01	7.49	0.00	0.00	2000
233	11.28	2060	2109	1.40	213	0	0	7	71.01	0.00	0.00	10.36	78.88	88.72	0.00	39	0	42	0.00	0.00	64.29	7.35	0.00	0.00	2000
229	10.74	2122	2109	0.04	178	0	0	0	nan	0.00	0.00	10.76	78.90	89.26	0.00	39	0	42	0.00	0.00	64.54	7.54	0.00	0.00	2000
230	11.23	2055	2092	0.00	215	0	0	0	nan	0.00	0.00	8.12	80.47	88.77	0.00	39	0	42	0.00	0.00	64.14	7.59	0.00	0.00	2000
233	11.49	2020	2108	0.00	178	0	0	0	nan	0.05	0.00	9.09	79.91	88.51	0.00	39	0	42	0.00	0.00	64.02	7.49	0.00	0.00	2000
232	11.70	1987	2093	0.00	216	0	0	0	nan	0.03	0.06	7.29	80.92	88.30	0.00	39	0	42	0.00	0.00	64.31	7.53	0.00	0.00	2000
232	11.25	2050	2110	0.00	182	0	0	0	nan	0.00	0.53	6.08	82.83	88.75	0.00	39	0	42	0.00	0.00	64.27	7.43	0.00	0.00	2000
231	11.06	2090	2100	0.00	218	0	0	0	nan	0.00	0.44	7.09	81.57	88.94	0.00	39	0	42	0.00	0.00	65.54	7.49	0.00	0.00	2000
229	10.96	2098	2089	0.00	179	0	0	0	nan	0.00	0.43	9.39	78.94	89.04	0.00	39	0	42	0.00	0.00	64.61	7.51	0.00	0.00	2000
230	11.44	1999	2113	0.00	214	0	0	0	nan	0.00	0.03	9.37	79.93	88.56	0.00	39	0	42	0.00	0.00	64.13	7.47	0.00	0.00	2000
230	11.05	2082	2096	0.00	180	0	0	0	nan	0.00	0.00	8.63	80.27	88.95	0.00	39	0	42	0.00	0.00	62.03	7.48	0.00	0.00	2000
233	11.33	2058	2104	0.00	216	0	0	0	nan	0.00	0.00	9.15	79.86	88.67	0.00	39	0	42	0.00	0.00	67.19	7.72	0.00	0.00	2000
230	10.60	2174	2099	0.00	183	0	0	0	nan	0.00	1.86	8.99	78.63	89.40	0.00	38	0	42	0.00	0.00	65.85	7.60	0.00	0.00	2000
230	11.10	2075	2100	0.00	213	0	0	0	nan	0.00	0.00	7.90	81.12	88.90	0.00	39	0	42	0.00	0.00	64.63	7.41	0.00	0.00	2000
234	11.64	2022	2085	0.00	183	0	0	0	nan	0.00	0.00	9.73	78.17	88.36	0.00	39	0	42	0.00	0.00	64.60	7.35	0.00	0.00	2000
231	11.18	2039	2130	0.00	214	0	0	0	nan	0.00	0.00	7.61	82.57	88.82	0.00	39	0	42	0.00	0.00	65.23	7.64	0.00	0.00	2000
233	11.60	2044	2059	0.00	179	0	0	0	nan	0.04	0.00	5.78	81.01	88.40	0.00	39	0	42	0.00	0.00	63.62	7.40	0.00	0.00	2000
230	11.29	2007	2128	0.00	214	0	0	0	nan	0.00	0.00	9.35	80.79	88.71	0.00	39	0	42	0.00	0.00	64.22	7.55	0.00	0.00	2000
228	11.45	2002	2086	1.10	179	0	0	6	64.94	0.00	0.00	9.54	78.66	88.55	0.00	39	0	42	0.00	0.00	64.15	7.56	0.00	0.00	2000
230	11.21	2042	2109	0.38	212	0	0	0	nan	0.00	2.67	5.39	81.40	88.79	0.00	39	0	42	0.00	0.00	64.68	7.46	0.00	0.00	2000
228	11.36	2008	2102	0.00	180	0	0	0	nan	0.03	0.02	5.42	83.51	88.64	0.00	39	0	42	0.00	0.00	63.89	7.58	0.00	0.00	2000
233	11.47	2036	2100	0.00	213	0	0	0	nan	0.00	0.00	8.04	80.73	88.53	0.00	39	0	42	0.00	0.00	64.75	7.50	0.00	0.00	2000
229	11.21	2063	2081	0.00	180	0	0	0	nan	0.00	2.85	9.32	76.08	88.79	0.00	39	0	42	0.00	0.00	64.46	7.64	0.00	0.00	2000
230	10.68	2128	2128	0.00	211	0	0	0	nan	0.00	1.54	11.07	78.08	89.32	0.00	39	0	42	0.00	0.00	66.28	7.51	0.00	0.00	2000
229	11.43	2035	2067	0.00	180	0	0	0	nan	0.00	0.00	8.34	78.91	88.57	0.00	39	0	42	0.00	0.00	64.14	7.22	0.00	0.00	2000
230	11.23	2037	2112	0.00	212	0	0	0	nan	0.00	0.00	8.82	80.63	88.77	0.00	39	0	42	0.00	0.00	64.35	7.42	0.00	0.00	2000
229	11.25	2020	2113	0.00	181	0	0	0	nan	0.00	0.00	8.17	81.30	88.75	0.00	39	0	42	0.00	0.00	64.39	7.39	0.00	0.00	2000
235	11.50	2047	2092	0.00	213	0	0	0	nan	0.06	0.00	8.49	79.83	88.50	0.00	39	0	42	0.00	0.00	64.46	7.41	0.00	0.00	2000
229	11.18	2041	2108	0.00	180	0	0	0	nan	0.00	0.00	9.14	80.11	88.82	0.00	39	0	42	0.00	0.00	65.03	7.45	0.00	0.00	2000
231	11.10	2079	2101	0.00	211	0	0	0	nan	0.04	0.00	8.60	80.45	88.90	0.00	39	0	42	0.00	0.00	64.65	7.38	0.00	0.00	2000
229	11.49	1999	2090	0.00	180	0	0	0	nan	0.00	0.00	8.44	79.88	88.51	0.00	39	0	42	0.00	0.00	64.09	7.43	0.00	0.00	2000
233	11.33	2036	2119	0.00	216	0	0	0	nan	0.00	0.00	9.84	79.69	88.67	0.00	39	0	42	0.00	0.00	64.84	7.52	0.00	0.00	2000
232	11.32	2081	2071	0.00	186	0	0	0	nan	0.00	0.00	7.71	79.92	88.68	0.00	38	0	42	0.00	0.00	64.28	7.58	0.00	0.00	2000
229	11.18	2018	2135	0.00	212	0	0	0	nan	0.00	0.09	8.21	82.27	88.82	0.00	38	0	42	0.00	0.00	64.20	7.71	0.00	0.00	2000
228	11.33	2027	2085	0.00	178	0	0	0	nan	0.03	0.02	4.55	83.62	88.67	0.00	39	0	42	0.00	0.00	63.88	7.56	0.00	0.00	2000
230	11.25	2033	2110	0.74	213	0	0	6	71.26	0.03	0.00	6.97	82.44	88.75	0.00	39	0	42	0.00	0.00	64.94	7.57	0.00	0.00	2000
230	10.96	2134	2065	0.73	181	0	0	1	91.25	0.00	0.98	8.02	78.77	89.04	0.00	39	0	42	0.00	0.00	64.41	7.30	0.00	0.00	2000
234	11.30	2051	2120	0.00	215	0	0	0	nan	0.00	0.49	8.13	81.04	88.70	0.00	39	0	42	0.00	0.00	64.62	7.35	0.00	0.00	2000
229	11.35	2016	2103	0.00	184	0	0	0	nan	0.00	0.03	9.61	79.30	88.65	0.00	39	0	42	0.00	0.00	64.34	7.43	0.00	0.00	2000
230	11.27	2031	2109	0.00	212	0	0	0	nan	0.00	0.00	9.75	79.57	88.73	0.00	39	0	42	0.00	0.00	64.27	7.39	0.00	0.00	2000
229	11.22	2045	2092	0.00	179	0	0	0	nan	0.00	0.00	7.59	81.01	88.78	0.00	39	0	42	0.00	0.00	64.65	7.41	0.00	0.00	2000
229	11.13	2070	2091	0.00	212	0	0	0	nan	0.00	0.00	9.17	79.41	88.87	0.00	39	0	42	0.00	0.00	65.15	7.39	0.00	0.00	2000
231	11.34	2027	2109	0.00	179	0	0	0	nan	0.00	0.00	9.24	79.96	88.66	0.00	39	0	42	0.00	0.00	64.05	7.32	0.00	0.00	2000
231	11.06	2081	2105	0.00	215	0	0	0	nan	0.00	0.55	9.27	79.53	88.94	0.00	39	0	42	0.00	0.00	65.18	7.63	0.00	0.00	2000
228	11.29	2038	2086	0.00	180	0	0	0	nan	0.00	0.00	9.39	78.95	88.71	0.00	39	0	42	0.00	0.00	64.28	7.39	0.00	0.00	2000
229	11.39	2014	2100	0.00	212	0	0	0	nan	0.00	0.00	8.60	80.19	88.61	0.00	39	0	42	0.00	0.00	64.53	7.53	0.00	0.00	2000
229	11.18	2045	2103	0.00	181	0	0	0	nan	0.00	0.00	7.99	81.10	88.82	0.00	39	0	42	0.00	0.00	64.30	7.28	0.00	0.00	2000
233	11.54	2024	2099	0.00	212	0	0	0	nan	0.00	0.02	8.87	79.72	88.46	0.00	39	0	42	0.00	0.00	64.36	7.43	0.00	0.00	2000
230	11.11	2064	2111	0.00	181	0	0	0	nan	0.00	1.76	4.60	83.28	88.89	0.00	39	0	42	0.00	0.00	64.98	7.47	0.00	0.00	2000
230	11.10	2064	2110	0.00	211	0	0	0	nan	0.03	0.92	3.69	84.95	88.90	0.00	39	0	42	0.00	0.00	65.14	7.62	0.00	0.00	2000
229	11.13	2091	2072	0.00	180	0	0	0	nan	0.02	1.50	7.00	79.35	88.88	0.00	39	0	42	0.00	0.00	64.23	7.35	0.00	0.00	2000
231	11.36	2026	2106	0.00	212	0	0	0	nan	0.00	0.00	9.55	79.50	88.64	0.00	39	0	42	0.00	0.00	64.62	7.65	0.00	0.00	2000
231	11.44	2016	2102	0.35	180	0	0	5	73.58	0.00	0.02	10.31	78.52	88.56	0.00	39	0	42	0.00	0.00	64.00	7.60	0.00	0.00	2000
234	11.34	2070	2094	1.01	215	0	0	3	80.55	0.00	0.00	10.23	78.18	88.66	0.00	39	0	42	0.00	0.00	63.60	7.33	0.00	0.00	2000
227	11.33	2051	2054	0.00	195	0	0	0	nan	0.00	0.00	8.17	78.67	88.67	0.00	39	0	42	0.00	0.00	60.65	7.25	0.00	0.00	2000
232	11.30	1996	2158	0.00	213	0	0	0	nan	0.00	0.02	6.90	84.37	88.70	0.00	39	0	42	0.00	0.00	70.05	8.28	0.00	0.00	2000
229	11.25	2040	2097	0.00	178	0	0	0	nan	0.00	0.00	7.74	81.02	88.75	0.00	39	0	42	0.00	0.00	64.49	7.42	0.00	0.00	2000
232	11.30	2040	2117	0.00	215	0	0	0	nan	0.00	0.00	7.32	82.25	88.70	0.00	39	0	42	0.00	0.00	64.29	7.39	0.00	0.00	2000
229	11.39	2036	2077	0.00	185	0	0	0	nan	0.00	0.00	8.52	79.30	88.61	0.00	39	0	42	0.00	0.00	64.51	7.48	0.00	0.00	2000
229	11.24	2016	2127	0.00	211	0	0	0	nan	0.00	0.00	9.38	80.76	88.76	0.00	39	0	42	0.00	0.00	64.21	7.32	0.00	0.00	2000
228	11.40	2021	2083	0.00	180	0	0	0	nan	0.00	0.03	8.06	80.02	88.60	0.00	38	0	42	0.00	0.00	64.65	7.47	0.00	0.00	2000
230	11.34	2039	2085	0.00	197	0	0	0	nan	0.00	0.00	7.65	80.52	88.66	0.00	39	0	42	0.00	0.00	63.82	7.45	0.00	0.00	2000
231	11.21	2041	2117	0.00	198	0	0	0	nan	0.00	0.00	8.66	81.01	88.79	0.00	39	0	42	0.00	0.00	63.83	7.52	0.00	0.00	2000
230	11.18	2051	2108	0.00	218	0	0	0	nan	0.00	0.07	5.07	84.20	88.82	0.00	39	0	42	0.00	0.00	64.50	7.62	0.00	0.00	2000
230	10.90	2116	2093	0.00	180	0	0	0	nan	0.00	0.00	6.58	82.34	89.10	0.00	39	0	42	0.00	0.00	64.17	7.56	0.00	0.00	2000
230	11.10	2069	2106	0.00	214	0	0	0	nan	0.00	0.00	7.82	81.39	88.90	0.00	39	0	42	0.00	0.00	64.56	7.30	0.00	0.00	2000
230	11.43	2017	2097	0.00	180	0	0	0	nan	0.04	0.00	9.48	79.08	88.57	0.00	39	0	42	0.00	0.00	60.95	7.37	0.00	0.00	2000
232	11.33	2056	2089	0.00	212	0	0	0	nan	0.00	0.02	7.53	80.70	88.67	0.00	39	0	42	0.00	0.00	67.37	7.25	0.00	0.00	2000
231	11.37	2020	2107	0.00	183	0	0	0	nan	0.00	0.00	9.47	79.65	88.63	0.00	39	0	42	0.00	0.00	64.08	7.40	0.00	0.00	2000
229	11.27	2033	2097	0.17	211	0	0	4	71.53	0.00	0.00	8.56	80.19	88.73	0.00	39	0	42	0.00	0.00	64.22	7.33	0.00	0.00	2000
228	11.32	2012	2104	1.24	180	0	0	3	74.81	0.00	0.02	8.66	80.38	88.68	0.00	38	0	42	0.00	0.00	63.99	7.43	0.00	0.00	2000
230	11.48	2002	2098	0.00	213	0	0	0	nan	0.00	0.01	7.94	80.73	88.52	0.00	39	0	42	0.00	0.00	64.04	7.42	0.00	0.00	2000
230	11.52	2004	2092	0.00	184	0	0	0	nan	0.00	0.03	9.74	78.58	88.48	0.00	39	0	42	0.00	0.00	64.20	7.53	0.00	0.00	2000
233	11.35	2035	2119	0.00	216	0	0	0	nan	0.00	0.00	9.38	80.25	88.65	0.00	39	0	42	0.00	0.00	64.29	7.38	0.00	0.00	2000
228	11.13	2060	2091	0.00	178	0	0	0	nan	0.00	0.00	8.89	79.74	88.87	0.00	39	0	42	0.00	0.00	64.89	7.40	0.00	0.00	2000
230	11.33	2027	2103	0.00	213	0	0	0	nan	0.00	0.00	8.39	80.57	88.67	0.00	39	0	42	0.00	0.00	64.12	7.40	0.00	0.00	2000
229	11.27	2037	2093	0.00	180	0	0	0	nan	0.00	0.00	7.43	81.11	88.73	0.00	39	0	42	0.00	0.00	64.74	7.34	0.00	0.00	2000
229	11.04	2063	2111	0.00	215	0	0	0	nan	0.00	0.00	7.93	81.61	88.96	0.00	39	0	42	0.00	0.00	64.49	7.50	0.00	0.00	2000
231	11.42	2030	2097	0.00	180	0	0	0	nan	0.00	0.12	6.41	82.19	88.58	0.00	39	0	42	0.00	0.00	64.62	7.39	0.00	0.00	2000
230	10.70	2156	2093	0.00	211	0	0	0	nan	0.00	1.50	6.53	81.13	89.30	0.00	39	0	42	0.00	0.00	62.92	7.29	0.00	0.00	2000
229	11.02	2073	2106	0.00	181	0	0	0	nan	0.00	0.50	9.01	79.92	88.98	0.00	38	0	42	0.00	0.00	65.04	7.39	0.00	0.00	2000
231	11.32	2034	2104	0.00	211	0	0	0	nan	0.00	0.00	8.55	80.54	88.68	0.00	39	0	42	0.00	0.00	66.93	7.72	0.00	0.00	2000
228	11.40	2009	2091	0.00	179	0	0	0	nan	0.00	0.02	8.55	79.83	88.60	0.00	39	0	42	0.00	0.00	61.58	7.12	0.00	0.00	2000
228	11.47	2051	2040	0.00	213	0	0	0	nan	0.00	0.00	9.16	76.95	88.53	0.00	39	0	42	0.00	0.00	62.73	7.27	0.00	0.00	2000
243	11.54	2045	2161	0.00	204	0	0	0	nan	0.01	0.45	6.69	84.02	88.46	0.00	39	0	42	0.00	0.00	66.65	7.57	0.00	0.00	2000
230	11.54	1996	2097	0.00	213	0	0	0	nan	0.00	0.02	7.59	80.98	88.46	0.00	39	0	42	0.00	0.00	61.48	7.07	0.00	0.00	2000
229	11.17	2038	2111	0.00	178	0	0	4	74.46	0.01	0.00	8.78	80.69	88.83	0.00	39	0	42	0.00	0.00	67.14	7.81	0.00	0.00	2000
230	11.34	2044	2088	1.35	214	0	0	4	76.93	0.00	0.00	7.74	80.56	88.66	0.00	39	0	42	0.00	0.00	61.28	7.09	0.00	0.00	2000
233	11.48	2026	2108	0.00	181	0	0	0	nan	0.04	0.00	9.35	79.69	88.52	0.00	39	0	42	0.00	0.00	64.86	7.36	0.00	0.00	2000
230	11.32	2028	2103	0.00	212	0	0	0	nan	0.00	0.00	10.91	78.06	88.68	0.00	39	0	42	0.00	0.00	64.54	7.39	0.00	0.00	2000
229	11.29	2043	2089	0.00	179	0	0	0	nan	0.00	0.00	8.41	80.06	88.71	0.00	39	0	42	0.00	0.00	64.37	7.29	0.00	0.00	2000
230	11.32	2012	2120	0.00	214	0	0	0	nan	0.00	0.00	8.55	81.22	88.68	0.00	39	0	42	0.00	0.00	66.74	7.73	0.00	0.00	2000
229	11.33	2048	2073	0.00	179	0	0	0	nan	0.04	0.07	4.95	82.69	88.67	0.00	39	0	42	0.00	0.00	61.78	6.99	0.00	0.00	2000
233	11.33	2037	2122	0.00	220	0	0	0	nan	0.01	0.05	5.83	83.93	88.67	0.00	39	0	42	0.00	0.00	64.56	7.55	0.00	0.00	2000
230	11.45	2008	2098	0.00	182	0	0	0	nan	0.00	0.00	8.29	80.38	88.55	0.00	39	0	42	0.00	0.00	63.98	7.46	0.00	0.00	2000
229	11.22	2056	2088	0.00	211	0	0	0	nan	0.00	0.00	9.53	78.88	88.78	0.00	39	0	42	0.00	0.00	63.89	7.41	0.00	0.00	2000
230	11.24	2030	2115	0.00	179	0	0	0	nan	0.02	1.46	9.86	78.29	88.76	0.00	39	0	42	0.00	0.00	64.46	7.46	0.00	0.00	2000
230	11.35	2029	2098	0.00	212	0	0	0	nan	0.00	0.00	9.73	79.02	88.65	0.00	39	0	42	0.00	0.00	64.45	7.38	0.00	0.00	2000
233	11.57	2024	2086	0.00	180	0	0	0	nan	0.00	0.00	9.20	78.83	88.43	0.00	39	0	42	0.00	0.00	64.18	7.54	0.00	0.00	2000
230	11.35	2016	2114	0.00	217	0	0	0	nan	0.00	0.00	9.11	80.35	88.65	0.00	39	0	42	0.00	0.00	64.20	7.49	0.00	0.00	2000
228	11.33	2014	2100	0.00	179	0	0	0	nan	0.00	0.00	9.17	79.67	88.67	0.00	39	0	42	0.00	0.00	64.01	7.72	0.00	0.00	2000
230	11.33	2033	2098	0.00	211	0	0	0	nan	0.00	0.00	8.87	79.86	88.67	0.00	39	0	42	0.00	0.00	64.57	7.33	0.00	0.00	2000
228	11.39	2017	2085	0.00	180	0	0	0	nan	0.00	0.00	7.47	80.70	88.61	0.00	39	0	42	0.00	0.00	63.92	7.41	0.00	0.00	2000
233	11.41	2024	2114	0.00	211	0	0	2	74.16	0.00	0.00	8.58	80.84	88.59	0.00	39	0	42	0.00	0.00	64.07	7.40	0.00	0.00	2000
230	11.41	2014	2098	1.42	183	0	0	5	69.16	0.00	0.00	8.26	80.48	88.59	0.00	38	0	42	0.00	0.00	64.04	7.33	0.00	0.00	2000
234	11.67	1999	2109	0.00	228	0	0	0	nan	0.00	0.02	12.65	76.27	88.33	0.00	39	0	42	0.00	0.00	64.12	7.56	0.00	0.00	2000
228	11.48	2001	2086	0.00	180	0	0	0	nan	0.00	2.17	5.32	80.73	88.52	0.00	39	0	42	0.00	0.00	64.26	7.39	0.00	0.00	2000
230	11.31	2014	2125	0.00	214	0	0	0	nan	0.00	0.06	5.57	84.32	88.69	0.00	39	0	42	0.00	0.00	65.48	7.52	0.00	0.00	2000
231	11.61	2024	2062	0.00	180	0	0	0	nan	0.03	0.03	4.85	82.15	88.39	0.00	39	0	42	0.00	0.00	62.91	7.34	0.00	0.00	2000
230	11.23	2026	2126	0.00	213	0	0	0	nan	0.00	0.00	10.01	80.05	88.77	0.00	39	0	42	0.00	0.00	64.20	7.55	0.00	0.00	2000
229	11.17	2063	2088	0.00	179	0	0	0	nan	0.00	0.42	8.86	79.21	88.83	0.00	39	0	42	0.00	0.00	64.61	7.46	0.00	0.00	2000
230	11.36	2009	2114	0.00	212	0	0	0	nan	0.00	0.02	10.11	79.30	88.64	0.00	39	0	42	0.00	0.00	63.95	7.28	0.00	0.00	2000
229	11.15	2076	2078	0.00	180	0	0	0	nan	0.00	0.00	7.96	80.08	88.85	0.00	39	0	42	0.00	0.00	64.56	7.17	0.00	0.00	2000
230	11.25	2026	2119	0.00	215	0	0	0	nan	0.00	0.00	10.57	79.08	88.75	0.00	39	0	42	0.00	0.00	64.10	7.39	0.00	0.00	2000
235	11.10	2130	2085	0.00	185	0	0	0	nan	0.00	0.28	9.53	78.59	88.90	0.00	39	0	42	0.00	0.00	64.84	7.47	0.00	0.00	2000
230	11.32	2019	2115	0.00	213	0	0	0	nan	0.00	0.00	9.72	79.83	88.68	0.00	39	0	42	0.00	0.00	64.33	7.47	0.00	0.00	2000
229	11.29	2028	2100	0.00	180	0	0	0	nan	0.00	0.00	7.94	80.90	88.71	0.00	39	0	42	0.00	0.00	64.41	7.31	0.00	0.00	2000
229	11.18	2048	2104	0.00	214	0	0	0	nan	0.00	0.00	6.50	82.66	88.82	0.00	39	0	42	0.00	0.00	64.31	7.46	0.00	0.00	2000
230	11.23	2062	2082	0.00	180	0	0	0	nan	0.00	0.00	8.65	79.47	88.77	0.00	39	0	42	0.00	0.00	64.44	7.41	0.00	0.00	2000
235	11.11	2082	2128	0.00	213	0	0	0	nan	0.04	0.12	11.45	78.71	88.89	0.00	39	0	42	0.00	0.00	64.50	7.39	0.00	0.00	2000
229	11.38	2030	2081	0.00	179	0	0	0	93.93	0.00	0.02	8.38	79.61	88.62	0.00	40	0	42	0.00	0.00	63.97	7.51	0.00	0.00	2000
231	11.08	2089	2095	1.42	214	0	0	7	73.28	0.00	2.74	4.73	81.49	88.92	0.00	39	0	42	0.00	0.00	64.78	7.53	0.00	0.00	2000
228	10.99	2068	2110	0.04	181	0	0	0	nan	0.00	0.05	4.73	84.87	89.01	0.00	39	0	42	0.00	0.00	65.10	7.43	0.00	0.00	2000
231	11.44	2030	2085	0.00	216	0	0	0	nan	0.00	0.00	7.37	80.76	88.56	0.00	39	0	42	0.00	0.00	64.42	7.38	0.00	0.00	2000
231	11.17	2053	2120	0.00	180	0	0	0	nan	0.00	0.44	9.78	79.69	88.83	0.00	39	0	42	0.00	0.00	64.93	7.74	0.00	0.00	2000
229	11.13	2063	2095	0.00	203	0	0	0	nan	0.00	0.02	7.52	81.19	88.87	0.00	39	0	42	0.00	0.00	64.11	7.47	0.00	0.00	2000
229	11.15	2054	2101	0.00	197	0	0	0	nan	0.00	0.00	9.18	79.88	88.85	0.00	39	0	42	0.00	0.00	64.08	7.47	0.00	0.00	2000
230	11.34	2031	2100	0.00	215	0	0	0	nan	0.00	0.00	8.22	80.63	88.66	0.00	39	0	42	0.00	0.00	64.52	7.43	0.00	0.00	2000
229	11.34	2028	2094	0.00	178	0	0	0	nan	0.00	0.00	7.36	81.25	88.66	0.00	39	0	42	0.00	0.00	64.10	7.39	0.00	0.00	2000
232	11.40	2027	2107	0.00	213	0	0	0	nan	0.00	0.00	7.44	81.61	88.60	0.00	39	0	42	0.00	0.00	64.18	7.38	0.00	0.00	2000
230	11.35	2046	2078	0.00	183	0	0	0	nan	0.00	0.00	8.24	79.57	88.65	0.00	39	0	42	0.00	0.00	64.39	7.42	0.00	0.00	2000
231	11.31	2017	2122	0.00	211	0	0	0	nan	0.00	0.00	9.21	80.62	88.69	0.00	39	0	42	0.00	0.00	64.27	7.49	0.00	0.00	2000
229	11.25	2033	2101	0.00	180	0	0	0	nan	0.00	0.00	8.54	80.49	88.75	0.00	39	0	42	0.00	0.00	63.80	7.50	0.00	0.00	2000
231	11.40	2021	2107	0.00	215	0	0	0	nan	0.04	0.00	8.53	80.61	88.60	0.00	39	0	42	0.00	0.00	64.88	7.77	0.00	0.00	2000
231	11.18	2085	2083	0.00	179	0	0	0	nan	0.00	0.02	7.55	80.66	88.82	0.00	39	0	42	0.00	0.00	63.48	7.47	0.00	0.00	2000
230	11.34	2033	2098	0.00	218	0	0	0	nan	0.00	0.07	5.46	83.16	88.66	0.00	39	0	42	0.00	0.00	64.38	7.38	0.00	0.00	2000
234	11.25	2068	2112	0.00	189	0	0	0	nan	0.00	0.00	5.51	83.78	88.75	0.00	39	0	42	0.00	0.00	64.84	7.49	0.00	0.00	2000
230	11.32	2034	2102	0.00	215	0	0	0	nan	0.00	0.00	6.17	82.78	88.68	0.00	39	0	42	0.00	0.00	63.98	7.54	0.00	0.00	2000
229	10.89	2118	2088	1.08	179	0	0	6	72.07	0.00	0.45	6.77	81.49	89.11	0.00	39	0	42	0.00	0.00	65.15	7.45	0.00	0.00	2000
230	11.52	2007	2091	0.40	214	0	0	0	nan	0.00	0.00	9.60	78.70	88.48	0.00	38	0	42	0.00	0.00	63.97	7.41	0.00	0.00	2000
232	11.24	2038	2128	0.00	200	0	0	0	nan	0.00	0.00	8.40	81.76	88.76	0.00	39	0	42	0.00	0.00	64.82	7.32	0.00	0.00	2000
230	11.24	2058	2090	0.00	197	0	0	0	nan	0.00	0.01	8.61	79.84	88.76	0.00	39	0	42	0.00	0.00	64.49	7.37	0.00	0.00	2000
228	11.32	2026	2092	0.00	182	0	0	0	nan	0.00	0.00	7.61	80.91	88.68	0.00	39	0	42	0.00	0.00	64.59	7.44	0.00	0.00	2000
230	11.35	2022	2106	0.00	214	0	0	0	nan	0.00	0.00	7.36	81.73	88.65	0.00	39	0	42	0.00	0.00	64.28	7.31	0.00	0.00	2000
228	11.41	2003	2096	0.00	178	0	0	0	nan	0.00	0.00	8.18	80.49	88.59	0.00	39	0	42	0.00	0.00	64.00	7.45	0.00	0.00	2000
232	11.43	2040	2089	0.00	215	0	0	0	nan	0.00	0.00	8.86	79.38	88.57	0.00	39	0	42	0.00	0.00	64.18	7.48	0.00	0.00	2000
229	11.19	2042	2107	0.00	178	0	0	0	nan	0.00	0.00	10.18	79.10	88.81	0.00	39	0	42	0.00	0.00	64.36	7.34	0.00	0.00	2000
230	11.26	2049	2093	0.00	213	0	0	0	nan	0.00	0.00	9.70	78.84	88.74	0.00	39	0	42	0.00	0.00	64.31	7.33	0.00	0.00	2000
230	11.29	2041	2095	0.00	179	0	0	0	nan	0.00	0.00	7.97	80.68	88.71	0.00	39	0	42	0.00	0.00	64.64	7.60	0.00	0.00	2000
230	11.01	2080	2109	0.00	214	0	0	0	nan	0.00	0.00	7.55	81.99	88.99	0.00	39	0	42	0.00	0.00	64.22	7.18	0.00	0.00	2000
232	11.14	2054	2124	0.00	189	0	0	0	nan	0.00	0.61	6.49	82.98	88.86	0.00	38	0	42	0.00	0.00	65.37	7.63	0.00	0.00	2000
230	11.39	2020	2103	0.00	197	0	0	0	nan	0.00	0.52	5.36	83.04	88.61	0.00	39	0	42	0.00	0.00	65.69	7.59	0.00	0.00	2000
230	11.37	2023	2099	0.00	196	0	0	0	nan	0.00	0.00	7.42	81.37	88.63	0.00	39	0	42	0.00	0.00	59.60	6.81	0.00	0.00	2000
227	11.48	2044	2032	0.00	194	0	0	0	nan	0.00	0.00	7.03	78.80	88.52	0.00	39	0	42	0.00	0.00	61.40	7.10	0.00	0.00	2000
231	11.27	2004	2145	0.00	198	0	0	0	nan	0.00	0.02	7.83	82.95	88.73	0.00	39	0	42	0.00	0.00	69.86	8.19	0.00	0.00	2000
230	11.28	2102	2034	0.86	217	0	0	6	66.34	0.00	0.00	8.83	77.15	88.72	0.00	39	0	42	0.00	0.00	59.85	6.91	0.00	0.00	2000
232	11.08	2018	2179	0.54	204	0	0	1	89.08	0.00	0.00	6.51	85.89	88.92	0.00	39	0	42	0.00	0.00	69.74	7.85	0.00	0.00	2000
231	11.20	2067	2092	0.00	213	0	0	0	nan	0.00	0.00	9.67	78.80	88.80	0.00	39	0	42	0.00	0.00	64.55	7.47	0.00	0.00	2000
228	11.31	2014	2106	0.00	182	0	0	0	nan	0.00	0.00	9.36	79.81	88.69	0.00	39	0	42	0.00	0.00	64.12	7.46	0.00	0.00	2000
230	11.36	2021	2102	0.00	215	0	0	0	nan	0.00	0.00	7.47	81.38	88.64	0.00	39	0	42	0.00	0.00	64.26	7.49	0.00	0.00	2000
232	11.16	2084	2098	0.00	183	0	0	0	nan	0.04	0.00	9.03	79.77	88.84	0.00	39	0	42	0.00	0.00	64.97	7.43	0.00	0.00	2000
230	11.42	2008	2101	0.00	212	0	0	0	nan	0.00	0.00	9.53	79.21	88.58	0.00	39	0	42	0.00	0.00	64.09	7.59	0.00	0.00	2000
228	11.39	2018	2086	0.00	179	0	0	0	nan	0.00	0.00	9.36	78.83	88.61	0.00	39	0	42	0.00	0.00	58.65	6.86	0.00	0.00	2000
230	11.19	2037	2121	0.00	214	0	0	0	nan	0.00	0.00	9.60	80.27	88.81	0.00	39	0	42	0.00	0.00	70.05	8.17	0.00	0.00	2000
230	11.05	2096	2084	0.00	180	0	0	0	nan	0.00	0.09	5.49	82.90	88.95	0.00	39	0	42	0.00	0.00	61.73	7.25	0.00	0.00	2000
233	11.32	2045	2114	0.00	214	0	0	0	nan	0.00	0.03	8.75	80.63	88.68	0.00	39	0	42	0.00	0.00	66.99	8.00	0.00	0.00	2000
229	10.91	2123	2078	0.00	183	0	0	0	nan	0.00	0.98	7.03	80.21	89.09	0.00	39	0	42	0.00	0.00	59.08	6.90	0.00	0.00	2000
230	10.88	2091	2123	0.00	210	0	0	0	nan	0.00	0.97	10.81	78.56	89.12	0.00	39	0	42	0.00	0.00	70.51	7.98	0.00	0.00	2000
230	11.09	2071	2101	0.00	180	0	0	0	nan	0.00	0.00	8.71	80.39	88.91	0.00	39	0	42	0.00	0.00	62.07	7.22	0.00	0.00	2000
244	11.99	2041	2095	0.00	213	0	0	0	nan	0.00	0.00	9.72	78.26	88.01	0.00	39	0	42	0.00	0.00	66.86	7.81	0.00	0.00	2000
231	11.37	2044	2090	0.00	180	0	0	0	nan	0.00	0.00	8.32	80.01	88.63	0.00	39	0	42	0.00	0.00	59.04	6.92	0.00	0.00	2000
233	11.22	2073	2100	0.00	222	0	0	0	nan	0.00	0.00	9.16	79.74	88.78	0.00	39	0	42	0.00	0.00	64.71	7.46	0.00	0.00	2000
229	11.09	2066	2095	0.58	182	0	0	6	72.39	0.00	0.00	8.35	80.44	88.91	0.00	39	0	42	0.00	0.00	64.47	7.57	0.00	0.00	2000
232	11.21	2037	2133	0.91	211	0	0	2	83.96	0.04	0.00	9.70	80.66	88.79	0.00	38	0	42	0.00	0.00	68.28	7.98	0.00	0.00	2000
230	11.40	2061	2057	0.00	182	0	0	0	nan	0.00	0.07	6.50	80.34	88.60	0.00	38	0	42	0.00	0.00	60.96	7.31	0.00	0.00	2000
232	11.24	2036	2129	0.00	212	0	0	0	nan	0.00	0.00	9.96	80.19	88.76	0.00	39	0	42	0.00	0.00	67.29	7.61	0.00	0.00	2000
229	11.44	2004	2099	0.00	184	0	0	0	nan	0.00	0.00	8.38	80.30	88.56	0.00	39	0	42	0.00	0.00	64.36	7.56	0.00	0.00	2000
229	11.19	2037	2111	0.00	210	0	0	0	nan	0.00	0.00	8.99	80.42	88.81	0.00	39	0	42	0.00	0.00	64.94	7.41	0.00	0.00	2000
228	11.14	2065	2087	0.00	180	0	0	0	nan	0.00	0.00	8.52	79.89	88.86	0.00	39	0	42	0.00	0.00	63.77	7.20	0.00	0.00	2000
230	11.21	2044	2107	0.00	211	0	0	0	nan	0.00	2.18	5.31	81.88	88.79	0.00	39	0	42	0.00	0.00	64.16	7.41	0.00	0.00	2000
241	11.83	2059	2082	0.00	227	0	0	0	nan	0.00	0.22	6.78	80.56	88.17	0.00	39	0	42	0.00	0.00	62.54	7.12	0.00	0.00	2000
232	11.45	2014	2115	0.00	212	0	0	0	nan	0.02	1.45	9.91	78.03	88.55	0.00	39	0	42	0.00	0.00	67.25	7.60	0.00	0.00	2000
229	11.35	2025	2093	0.00	182	0	0	0	nan	0.00	0.00	9.62	78.89	88.65	0.00	39	0	42	0.00	0.00	61.41	7.48	0.00	0.00	2000
230	11.30	2037	2095	0.00	213	0	0	0	nan	0.00	0.03	8.40	80.15	88.70	0.00	39	0	42	0.00	0.00	64.19	7.54	0.00	0.00	2000
228	11.08	2053	2108	0.00	179	0	0	0	nan	0.00	0.00	9.27	80.12	88.92	0.00	39	0	42	0.00	0.00	64.22	7.47	0.00	0.00	2000
230	11.34	2029	2103	0.00	215	0	0	0	nan	0.00	0.00	9.20	79.81	88.66	0.00	39	0	42	0.00	0.00	61.80	7.55	0.00	0.00	2000
232	11.59	2010	2090	0.00	183	0	0	0	nan	0.00	0.02	9.13	79.07	88.41	0.00	39	0	42	0.00	0.00	66.79	7.44	0.00	0.00	2000
231	11.12	2064	2110	0.00	213	0	0	0	nan	0.00	0.48	11.07	77.90	88.88	0.00	39	0	42	0.00	0.00	64.80	7.36	0.00	0.00	2000
228	11.39	2008	2095	0.00	178	0	0	0	nan	0.00	0.00	9.34	79.30	88.61	0.00	39	0	42	0.00	0.00	63.89	7.39	0.00	0.00	2000
230	11.48	2003	2101	0.17	213	0	0	4	74.08	0.04	0.00	9.10	79.68	88.52	0.00	39	0	42	0.00	0.00	64.02	7.54	0.00	0.00	2000
230	11.26	2037	2107	1.23	183	0	0	4	76.60	0.00	0.00	7.96	81.28	88.74	0.00	38	0	42	0.00	0.00	64.41	7.59	0.00	0.00	2000
232	11.27	2062	2099	0.00	215	0	0	0	nan	0.00	0.12	9.06	79.75	88.73	0.00	39	0	42	0.00	0.00	64.45	7.34	0.00	0.00	2000
229	11.25	2042	2092	0.00	180	0	0	0	nan	0.00	0.00	9.57	79.00	88.75	0.00	39	0	42	0.00	0.00	64.12	7.46	0.00	0.00	2000
230	11.26	2033	2106	0.00	215	0	0	0	nan	0.00	0.07	7.54	81.62	88.74	0.00	39	0	42	0.00	0.00	64.25	7.41	0.00	0.00	2000
229	11.21	2044	2098	0.00	180	0	0	0	nan	0.00	0.04	4.67	84.07	88.79	0.00	39	0	42	0.00	0.00	64.50	7.38	0.00	0.00	2000
231	11.41	2035	2091	0.00	216	0	0	0	nan	0.00	0.00	5.93	82.46	88.59	0.00	39	0	42	0.00	0.00	64.23	7.52	0.00	0.00	2000
231	11.11	2074	2108	0.00	182	0	0	0	nan	0.00	0.45	10.13	78.81	88.89	0.00	39	0	42	0.00	0.00	64.50	7.61	0.00	0.00	2000
231	11.21	2063	2094	0.00	220	0	0	0	nan	0.02	1.43	6.91	80.33	88.79	0.00	39	0	42	0.00	0.00	64.34	7.51	0.00	0.00	2000
230	11.29	2031	2107	0.00	180	0	0	0	nan	0.00	0.00	12.36	76.81	88.71	0.00	39	0	42	0.00	0.00	64.10	7.45	0.00	0.00	2000
229	11.39	2013	2102	0.00	212	0	0	0	nan	0.00	0.00	8.67	80.21	88.61	0.00	39	0	42	0.00	0.00	64.08	7.39	0.00	0.00	2000
229	11.29	2029	2096	0.00	180	0	0	0	nan	0.00	0.00	8.58	80.15	88.71	0.00	39	0	42	0.00	0.00	64.83	7.82	0.00	0.00	2000
233	11.58	2007	2104	0.00	215	0	0	0	nan	0.00	0.00	8.16	80.63	88.42	0.00	39	0	42	0.00	0.00	64.35	7.56	0.00	0.00	2000
231	11.37	2034	2100	0.00	199	0	0	0	nan	0.06	0.48	9.82	78.56	88.63	0.00	39	0	42	0.00	0.00	64.67	7.32	0.00	0.00	2000
229	11.23	2048	2094	0.00	212	0	0	0	nan	0.00	0.00	10.09	78.61	88.77	0.00	40	0	42	0.00	0.00	66.59	7.65	0.00	0.00	2000
229	11.42	1998	2103	0.00	195	0	0	0	nan	0.00	0.00	8.93	80.02	88.58	0.00	40	0	42	0.00	0.00	64.27	7.51	0.00	0.00	2000
231	11.21	2057	2108	0.00	198	0	0	0	nan	0.04	0.00	10.25	79.07	88.79	0.00	41	0	42	0.00	0.00	64.76	7.33	0.00	0.00	2000
230	11.14	2076	2091	0.00	196	0	0	3	74.65	0.00	0.00	7.45	81.25	88.86	0.00	41	0	42	0.00	0.00	64.14	7.61	0.00	0.00	2000
231	11.07	2089	2099	1.35	202	0	0	5	75.45	0.00	0.07	6.14	82.85	88.93	0.00	41	0	42	0.00	0.00	64.61	7.27	0.00	0.00	2000
228	11.23	2031	2100	0.00	194	0	0	0	nan	0.00	0.05	4.56	84.34	88.77	0.00	41	0	42	0.00	0.00	61.74	7.53	0.00	0.00	2000
228	11.20	2038	2102	0.00	196	0	0	0	nan	0.00	0.00	6.67	82.33	88.80	0.00	41	0	42	0.00	0.00	64.03	7.85	0.00	0.00	2000
231	11.22	2054	2101	0.00	197	0	0	0	nan	0.04	0.45	9.17	79.34	88.78	0.00	41	0	42	0.00	0.00	65.02	7.26	0.00	0.00	2000
233	11.27	2077	2092	0.00	195	0	0	0	nan	0.04	0.45	10.46	77.66	88.73	0.00	41	0	42	0.00	0.00	64.70	7.51	0.00	0.00	2000
229	11.29	2026	2103	0.00	196	0	0	0	nan	0.00	0.00	7.23	81.72	88.71	0.00	41	0	42	0.00	0.00	64.78	7.47	0.00	0.00	2000
229	11.24	2037	2100	0.00	194	0	0	0	nan	0.00	0.00	5.05	83.87	88.76	0.00	41	0	42	0.00	0.00	64.93	7.54	0.00	0.00	2000
228	11.14	2034	2115	0.00	195	0	0	0	nan	0.00	0.00	4.91	84.73	88.86	0.00	41	0	42	0.00	0.00	65.04	7.36	0.00	0.00	2000
231	11.41	2027	2098	0.00	197	0	0	0	nan	0.00	0.00	5.40	83.30	88.59	0.00	41	0	42	0.00	0.00	64.26	7.55	0.00	0.00	2000
228	11.14	2048	2099	0.00	196	0	0	0	nan	0.00	0.00	4.53	84.42	88.86	0.00	41	0	42	0.00	0.00	64.68	7.54	0.00	0.00	2000
232	11.18	2069	2109	0.00	195	0	0	0	nan	0.00	0.00	4.98	84.33	88.82	0.00	41	0	42	0.00	0.00	64.49	7.58	0.00	0.00	2000
228	11.07	2084	2075	0.00	196	0	0	0	nan	0.00	0.02	3.72	84.25	88.93	0.00	41	0	42	0.00	0.00	64.92	7.37	0.00	0.00	2000
235	11.40	2051	2109	0.00	197	0	0	0	nan	0.00	0.00	5.64	83.57	88.60	0.00	41	0	42	0.00	0.00	64.48	7.49	0.00	0.00	2000
228	11.12	2034	2116	0.00	194	0	0	0	nan	0.00	0.03	4.51	85.19	88.88	0.00	41	0	42	0.00	0.00	65.93	7.56	0.00	0.00	2000
229	11.40	2027	2077	0.00	179	0	0	0	nan	0.00	0.01	3.26	84.55	88.60	0.00	41	0	42	0.00	0.00	62.76	7.35	0.00	0.00	2000
230	11.50	1993	2109	0.00	212	0	0	0	nan	0.00	0.00	4.45	84.58	88.50	0.00	41	0	42	0.00	0.00	64.62	7.47	0.00	0.00	2000
228	11.33	2003	2111	0.00	194	0	0	1	79.88	0.00	0.00	4.53	84.75	88.67	0.00	41	0	42	0.00	0.00	64.28	7.57	0.00	0.00	2000
228	11.38	2026	2075	1.44	194	0	0	6	74.50	0.00	0.00	3.81	83.94	88.62	0.00	41	0	42	0.00	0.00	64.25	7.45	0.00	0.00	2000
229	11.10	2051	2108	0.00	194	0	0	0	nan	0.00	0.00	5.27	84.06	88.90	0.00	41	0	42	0.00	0.00	64.73	7.49	0.00	0.00	2000
227	11.44	1995	2091	0.00	196	0	0	0	nan	0.00	0.00	4.78	83.59	88.56	0.00	41	0	42	0.00	0.00	64.51	7.67	0.00	0.00	2000
229	11.19	2033	2112	0.00	195	0	0	0	nan	0.00	0.00	5.26	84.21	88.81	0.00	41	0	42	0.00	0.00	64.62	7.41	0.00	0.00	2000
229	11.28	2037	2096	0.00	196	0	0	0	nan	0.00	0.00	4.69	84.08	88.72	0.00	41	0	42	0.00	0.00	64.53	7.59	0.00	0.00	2000
229	11.31	2022	2106	0.00	195	0	0	0	nan	0.00	0.00	4.85	84.32	88.69	0.00	41	0	42	0.00	0.00	64.35	7.55	0.00	0.00	2000
228	11.17	2047	2096	0.00	194	0	0	0	nan	0.00	0.00	4.66	84.15	88.83	0.00	41	0	42	0.00	0.00	64.41	7.31	0.00	0.00	2000
228	11.08	2045	2118	0.00	196	0	0	0	nan	0.00	0.00	4.64	85.17	88.92	0.00	41	0	42	0.00	0.00	64.82	7.53	0.00	0.00	2000
228	11.17	2070	2074	0.00	194	0	0	0	nan	0.00	0.00	3.77	84.11	88.83	0.00	41	0	42	0.00	0.00	64.48	7.35	0.00	0.00	2000
230	10.86	2114	2105	0.00	195	0	0	0	nan	0.00	0.00	4.69	84.70	89.14	0.00	41	0	42	0.00	0.00	64.98	7.35	0.00	0.00	2000
228	11.25	2022	2105	0.00	195	0	0	0	nan	0.00	0.00	4.80	84.28	88.75	0.00	41	0	42	0.00	0.00	64.52	7.43	0.00	0.00	2000
229	11.42	1989	2115	0.00	194	0	0	0	nan	0.00	0.00	5.09	84.28	88.58	0.00	41	0	42	0.00	0.00	64.40	7.58	0.00	0.00	2000
228	11.37	2018	2084	0.00	198	0	0	0	nan	0.00	0.00	4.34	83.79	88.63	0.00	41	0	42	0.00	0.00	64.78	7.41	0.00	0.00	2000
228	11.29	2025	2093	0.00	194	0	0	0	nan	0.00	0.00	4.60	83.94	88.71	0.00	41	0	42	0.00	0.00	64.06	7.37	0.00	0.00	2000
230	11.40	1990	2125	0.00	196	0	0	0	nan	0.00	0.00	5.24	84.62	88.60	0.00	41	0	42	0.00	0.00	65.43	7.47	0.00	0.00	2000
230	11.20	2072	2079	0.00	181	0	0	0	nan	0.00	0.02	3.72	84.32	88.80	0.00	41	0	42	0.00	0.00	63.63	7.20	0.00	0.00	2000
228	11.16	2051	2091	0.00	212	0	0	0	nan	0.00	0.00	4.35	84.28	88.84	0.00	41	0	42	0.00	0.00	65.00	7.37	0.00	0.00	2000
230	10.87	2087	2128	1.26	195	0	0	6	70.47	0.00	0.00	4.67	85.69	89.13	0.00	41	0	42	0.00	0.00	64.61	7.30	0.00	0.00	2000
228	11.29	2038	2077	0.21	195	0	0	0	nan	0.00	0.02	3.62	84.33	88.71	0.00	41	0	42	0.00	0.00	64.33	7.47	0.00	0.00	2000
231	11.34	2032	2102	0.00	196	0	0	0	nan	0.00	0.00	5.78	83.12	88.66	0.00	42	0	42	0.00	0.00	64.40	7.41	0.00	0.00	2000
227	11.26	2021	2097	0.00	194	0	0	0	nan	0.00	0.00	4.81	83.91	88.74	0.00	42	0	42	0.00	0.00	64.52	7.41	0.00	0.00	2000
228	11.19	2020	2119	0.00	194	0	0	0	nan	0.00	0.00	4.92	84.78	88.81	0.00	42	0	42	0.00	0.00	64.84	7.45	0.00	0.00	2000
228	11.39	2029	2072	0.00	178	0	0	0	nan	0.00	0.00	4.02	83.49	88.61	0.00	41	0	42	0.00	0.00	61.55	6.98	0.00	0.00	2000
229	11.18	2017	2130	0.00	210	0	0	0	nan	0.00	0.00	5.42	84.83	88.82	0.00	41	0	42	0.00	0.00	67.93	7.94	0.00	0.00	2000
230	11.16	2056	2103	0.00	178	0	0	0	nan	0.00	0.01	3.78	85.26	88.84	0.00	41	0	42	0.00	0.00	63.97	7.38	0.00	0.00	2000
227	11.39	2069	2023	0.00	213	0	0	0	nan	0.00	0.01	3.77	81.68	88.61	0.00	41	0	42	0.00	0.00	62.07	7.20	0.00	0.00	2000
229	11.06	2015	2163	0.00	210	0	0	0	nan	0.00	0.00	3.76	87.96	88.94	0.00	41	0	42	0.00	0.00	67.31	7.83	0.00	0.00	2000
229	11.13	2044	2113	0.00	195	0	0	0	nan	0.00	0.00	5.63	83.99	88.87	0.00	41	0	42	0.00	0.00	64.56	7.44	0.00	0.00	2000
229	10.93	2097	2096	0.00	194	0	0	0	nan	0.00	0.00	4.98	84.09	89.07	0.00	41	0	42	0.00	0.00	64.73	7.49	0.00	0.00	2000
231	11.26	2061	2094	0.00	195	0	0	0	nan	0.00	0.00	4.99	83.56	88.74	0.00	41	0	42	0.00	0.00	64.78	7.70	0.00	0.00	2000
231	10.95	2121	2092	0.00	194	0	0	0	nan	0.00	0.00	5.54	83.27	89.05	0.00	41	0	42	0.00	0.00	62.81	7.17	0.00	0.00	2000
230	11.35	2017	2109	0.00	198	0	0	0	nan	0.00	0.00	5.64	83.60	88.65	0.00	41	0	42	0.00	0.00	64.26	7.87	0.00	0.00	2000
230	11.35	2027	2101	0.00	197	0	0	0	nan	0.00	0.00	5.79	83.09	88.65	0.00	41	0	42	0.00	0.00	67.37	7.49	0.00	0.00	2000
229	11.30	2011	2119	0.00	195	0	0	0	nan	0.00	0.01	4.58	85.08	88.70	0.00	41	0	42	0.00	0.00	64.75	7.50	0.00	0.00	2000
228	11.54	1987	2092	1.10	195	0	0	5	62.04	0.00	0.02	4.36	83.97	88.46	0.00	41	0	42	0.00	0.00	64.42	7.48	0.00	0.00	2000
229	11.33	2028	2093	0.38	194	0	0	0	nan	0.00	0.00	4.46	84.07	88.67	0.00	41	0	42	0.00	0.00	62.18	7.10	0.00	0.00	2000
228	11.21	2022	2108	0.00	195	0	0	0	nan	0.00	0.00	5.27	84.01	88.79	0.00	41	0	42	0.00	0.00	64.80	7.39	0.00	0.00	2000
229	11.15	2049	2107	0.00	194	0	0	0	nan	0.00	0.00	4.29	84.92	88.85	0.00	41	0	42	0.00	0.00	67.19	7.71	0.00	0.00	2000
227	11.43	2000	2083	0.00	195	0	0	0	nan	0.00	0.01	4.22	83.78	88.57	0.00	41	0	42	0.00	0.00	61.61	7.21	0.00	0.00	2000
229	11.05	2061	2116	0.00	194	0	0	0	nan	0.00	0.00	4.76	84.97	88.95	0.00	41	0	42	0.00	0.00	67.05	7.28	0.00	0.00	2000
229	11.32	2047	2077	0.00	197	0	0	0	nan	0.00	0.00	4.34	83.55	88.68	0.00	42	0	42	0.00	0.00	62.24	7.34	0.00	0.00	2000
231	11.20	2052	2112	0.00	194	0	0	0	nan	0.00	0.00	5.03	84.36	88.80	0.00	41	0	42	0.00	0.00	64.22	7.51	0.00	0.00	2000
228	10.77	2104	2111	0.00	194	0	0	0	nan	0.00	0.00	5.05	84.75	89.23	0.00	41	0	42	0.00	0.00	65.78	7.60	0.00	0.00	2000
228	11.52	2006	2072	0.00	179	0	0	0	nan	0.00	0.02	3.83	83.68	88.48	0.00	41	0	42	0.00	0.00	62.64	7.38	0.00	0.00	2000
227	11.29	1998	2116	0.00	210	0	0	0	nan	0.00	0.00	4.91	84.62	88.71	0.00	41	0	42	0.00	0.00	64.52	7.46	0.00	0.00	2000
230	11.21	2038	2114	0.00	195	0	0	0	nan	0.00	0.00	4.56	84.93	88.79	0.00	41	0	42	0.00	0.00	64.28	7.46	0.00	0.00	2000
227	11.47	2000	2081	0.00	194	0	0	0	nan	0.01	0.00	4.22	83.74	88.53	0.00	41	0	42	0.00	0.00	64.41	7.49	0.00	0.00	2000
229	11.46	2001	2098	0.00	194	0	0	0	nan	0.00	0.00	4.85	83.82	88.54	0.00	41	0	42	0.00	0.00	64.22	7.40	0.00	0.00	2000
228	11.33	2006	2105	0.00	195	0	0	0	nan	0.00	0.00	5.53	83.58	88.67	0.00	41	0	42	0.00	0.00	64.45	7.46	0.00	0.00	2000
229	11.31	2031	2091	0.00	194	0	0	0	nan	0.00	0.00	4.65	83.88	88.69	0.00	41	0	42	0.00	0.00	61.19	7.54	0.00	0.00	2000
230	11.31	2037	2097	0.00	195	0	0	0	nan	0.00	0.00	5.83	82.92	88.69	0.00	41	0	42	0.00	0.00	67.53	7.40	0.00	0.00	2000
233	11.27	2045	2122	0.74	194	0	0	6	73.42	0.00	0.00	5.46	84.43	88.73	0.00	41	0	42	0.00	0.00	62.03	7.63	0.00	0.00	2000
229	11.53	2011	2075	0.73	198	0	0	1	93.26	0.00	0.01	8.70	78.93	88.47	0.00	41	0	42	0.00	0.00	66.38	7.41	0.00	0.00	2000
230	11.39	2007	2110	0.00	212	0	0	0	nan	0.00	0.00	6.87	82.33	88.61	0.00	41	0	42	0.00	0.00	64.20	7.60	0.00	0.00	2000
227	11.39	1991	2101	0.00	195	0	0	0	nan	0.00	0.00	5.40	83.48	88.61	0.00	41	0	42	0.00	0.00	64.22	7.35	0.00	0.00	2000
231	11.06	2092	2097	0.00	195	0	0	0	nan	0.00	0.00	4.83	84.14	88.94	0.00	41	0	42	0.00	0.00	64.49	7.45	0.00	0.00	2000
228	10.93	2078	2105	0.00	194	0	0	0	nan	0.00	0.00	5.69	83.71	89.07	0.00	41	0	42	0.00	0.00	65.15	7.53	0.00	0.00	2000
228	11.42	2004	2094	0.00	197	1	0	0	nan	0.00	0.00	4.45	84.01	88.58	0.00	41	0	42	0.00	0.00	64.58	7.87	0.00	0.00	2000
228	11.37	2006	2100	0.00	195	0	0	0	nan	0.00	0.00	5.47	83.39	88.63	0.00	41	0	42	0.00	0.00	64.59	7.42	0.00	0.00	2000
229	11.26	2030	2104	0.00	194	0	0	0	nan	0.00	0.00	5.00	84.03	88.74	0.00	41	0	42	0.00	0.00	64.54	7.71	0.00	0.00	2000
229	11.27	2025	2109	0.00	194	0	0	0	nan	0.00	0.00	5.25	83.95	88.73	0.00	41	0	42	0.00	0.00	64.45	7.68	0.00	0.00	2000
229	11.35	2011	2107	0.00	196	0	0	0	nan	0.00	0.00	4.83	84.32	88.65	0.00	41	0	42	0.00	0.00	64.28	7.67	0.00	0.00	2000
229	11.07	2094	2074	0.00	194	0	0	0	nan	0.00	0.00	4.31	83.61	88.93	0.00	41	0	42	0.00	0.00	64.69	7.46	0.00	0.00	2000
229	11.02	2057	2119	0.00	195	0	0	0	nan	0.00	0.00	5.70	84.21	88.98	0.00	41	0	42	0.00	0.00	64.70	7.52	0.00	0.00	2000
228	11.14	2046	2098	0.00	194	0	0	0	nan	0.00	0.00	4.60	84.35	88.86	0.00	41	0	42	0.00	0.00	64.28	7.50	0.00	0.00	2000
229	10.94	2096	2100	0.00	195	0	0	0	nan	0.00	0.00	5.02	84.14	89.06	0.00	42	0	42	0.00	0.00	64.65	7.48	0.00	0.00	2000
229	11.10	2071	2097	0.00	197	0	0	0	nan	0.00	0.02	4.37	84.61	88.90	0.00	41	0	42	0.00	0.00	64.48	7.56	0.00	0.00	2000
229	11.21	2028	2112	0.00	195	0	0	0	nan	0.00	0.00	4.92	84.44	88.79	0.00	41	0	42	0.00	0.00	64.62	7.57	0.00	0.00	2000
226	11.28	2018	2086	0.36	194	0	0	5	75.47	0.00	0.00	4.20	84.10	88.72	0.00	41	0	42	0.00	0.00	64.46	7.61	0.00	0.00	2000
229	11.06	2060	2115	1.05	195	0	0	3	81.80	0.00	0.00	4.76	84.92	88.94	0.00	41	0	42	0.00	0.00	64.30	7.47	0.00	0.00	2000
227	11.43	2007	2082	0.00	195	0	0	0	nan	0.00	0.00	4.06	83.95	88.57	0.00	41	0	42	0.00	0.00	64.19	7.50	0.00	0.00	2000
231	11.41	2014	2108	0.00	196	0	0	0	nan	0.00	0.00	5.18	83.90	88.59	0.00	41	0	42	0.00	0.00	64.41	7.54	0.00	0.00	2000
229	11.06	2070	2097	0.00	194	0	0	0	nan	0.00	0.00	4.41	84.52	88.94	0.00	41	0	42	0.00	0.00	64.74	7.56	0.00	0.00	2000
229	11.08	2071	2099	0.00	198	0	0	0	nan	0.00	0.03	5.50	83.56	88.92	0.00	41	0	42	0.00	0.00	64.28	7.51	0.00	0.00	2000
228	11.16	2057	2087	0.00	195	0	0	0	nan	0.00	0.00	5.41	83.03	88.84	0.00	41	0	42	0.00	0.00	64.42	7.57	0.00	0.00	2000
230	11.13	2052	2110	0.00	195	0	0	0	nan	0.00	0.00	5.32	84.20	88.87	0.00	41	0	42	0.00	0.00	64.27	7.57	0.00	0.00	2000
230	11.04	2090	2090	0.00	195	0	0	0	nan	0.00	0.02	5.49	83.16	88.96	0.00	41	0	42	0.00	0.00	64.60	7.57	0.00	0.00	2000
229	11.28	2013	2117	0.00	196	0	0	0	nan	0.00	0.00	5.79	83.84	88.72	0.00	41	0	42	0.00	0.00	64.41	7.47	0.00	0.00	2000
227	11.20	2039	2090	0.00	195	0	0	0	nan	0.00	0.00	4.63	83.81	88.80	0.00	41	0	42	0.00	0.00	64.21	7.71	0.00	0.00	2000
234	11.51	2031	2103	0.00	197	0	0	0	nan	0.00	0.00	5.19	83.62	88.49	0.00	41	0	42	0.00	0.00	64.65	7.67	0.00	0.00	2000
228	11.17	2045	2098	0.00	193	0	0	0	nan	0.00	0.00	4.58	84.25	88.83	0.00	41	0	42	0.00	0.00	64.93	7.31	0.00	0.00	2000
230	11.45	1999	2110	0.00	195	0	0	0	nan	0.00	0.00	5.01	84.19	88.55	0.00	41	0	42	0.00	0.00	62.19	7.19	0.00	0.00	2000
228	11.22	2048	2081	0.00	196	0	0	0	nan	0.00	0.00	4.73	83.44	88.78	0.00	41	0	42	0.00	0.00	64.21	7.42	0.00	0.00	2000
230	11.08	2063	2113	0.00	195	0	0	0	nan	0.00	0.00	5.01	84.59	88.92	0.00	42	0	42	0.00	0.00	64.45	7.57	0.00	0.00	2000
227	11.24	2030	2093	0.00	194	0	0	0	nan	0.00	0.00	4.82	83.84	88.76	0.00	41	0	42	0.00	0.00	64.50	7.55	0.00	0.00	2000
228	11.18	2032	2106	0.00	194	0	0	5	52.84	0.00	0.00	5.01	84.27	88.82	0.00	41	0	42	0.00	0.00	64.69	7.72	0.00	0.00	2000
228	11.21	2032	2101	1.37	195	0	0	4	77.71	0.00	0.00	4.90	84.07	88.79	0.00	41	0	42	0.00	0.00	64.69	7.60	0.00	0.00	2000
230	11.30	2031	2106	0.00	195	0	0	0	nan	0.00	0.00	5.22	83.94	88.70	0.00	41	0	42	0.00	0.00	64.34	7.53	0.00	0.00	2000
228	11.34	2019	2088	0.00	194	0	0	0	nan	0.00	0.00	4.56	83.70	88.66	0.00	41	0	42	0.00	0.00	64.22	7.50	0.00	0.00	2000
229	11.27	2021	2110	0.00	195	0	0	0	nan	0.00	0.00	5.12	84.14	88.73	0.00	41	0	42	0.00	0.00	64.45	7.56	0.00	0.00	2000
228	11.29	2028	2089	0.00	195	0	0	0	nan	0.00	0.00	4.28	84.07	88.71	0.00	41	0	42	0.00	0.00	64.34	7.42	0.00	0.00	2000
228	11.34	2003	2106	0.00	195	0	0	0	nan	0.00	0.00	5.55	83.52	88.66	0.00	41	0	42	0.00	0.00	64.16	7.50	0.00	0.00	2000
231	11.45	2010	2107	0.00	194	0	0	0	nan	0.00	0.00	4.82	84.13	88.55	0.00	41	0	42	0.00	0.00	64.77	7.44	0.00	0.00	2000
229	11.28	2038	2088	0.00	195	0	0	0	nan	0.00	0.00	4.84	83.58	88.72	0.00	41	0	42	0.00	0.00	64.64	7.49	0.00	0.00	2000
228	11.17	2048	2095	0.00	195	0	0	0	nan	0.00	0.00	5.15	83.60	88.83	0.00	41	0	42	0.00	0.00	64.41	7.45	0.00	0.00	2000
228	11.16	2042	2105	0.00	195	0	0	0	nan	0.00	0.00	5.82	83.39	88.84	0.00	41	0	42	0.00	0.00	64.48	7.48	0.00	0.00	2000
227	11.02	2056	2107	0.00	194	0	0	0	nan	0.00	0.00	5.03	84.39	88.98	0.00	41	0	42	0.00	0.00	64.36	7.37	0.00	0.00	2000
230	11.39	2012	2109	0.00	195	0	0	0	nan	0.00	0.00	5.26	83.93	88.61	0.00	41	0	42	0.00	0.00	64.61	7.29	0.00	0.00	2000
228	11.14	2064	2079	0.00	195	0	0	0	nan	0.00	0.00	4.30	83.84	88.86	0.00	42	0	42	0.00	0.00	64.41	7.41	0.00	0.00	2000
229	10.97	2072	2114	0.00	195	0	0	0	nan	0.00	0.00	5.57	84.17	89.03	0.00	42	0	42	0.00	0.00	64.55	7.32	0.00	0.00	2000
229	11.26	2031	2104	0.00	224	0	0	0	nan	0.00	0.00	4.60	84.52	88.74	0.00	41	0	42	0.00	0.00	64.29	7.50	0.00	0.00	2000
229	11.39	2070	2035	0.00	195	0	0	0	nan	0.00	0.00	4.46	81.54	88.61	0.00	41	0	42	0.00	0.00	61.97	7.16	0.00	0.00	2000
231	11.27	2001	2152	0.00	212	0	0	3	75.90	0.00	0.01	4.11	86.91	88.73	0.00	41	0	42	0.00	0.00	67.45	7.77	0.00	0.00	2000
229	11.07	2065	2107	1.35	194	0	0	5	77.73	0.00	0.00	5.23	84.10	88.93	0.00	41	0	42	0.00	0.00	64.28	7.41	0.00	0.00	2000
228	11.05	2067	2093	0.00	194	0	0	0	nan	0.00	0.00	5.13	83.61	88.95	0.00	41	0	42	0.00	0.00	64.58	7.41	0.00	0.00	2000
228	11.05	2052	2115	0.00	194	0	0	0	nan	0.00	0.00	5.85	83.77	88.95	0.00	41	0	42	0.00	0.00	64.50	7.39	0.00	0.00	2000
228	11.32	2021	2088	0.00	194	0	0	0	nan	0.00	0.00	4.89	83.40	88.68	0.00	41	0	42	0.00	0.00	64.46	7.62	0.00	0.00	2000
231	11.47	1995	2117	0.00	196	0	0	0	nan	0.00	0.00	5.75	83.67	88.53	0.00	41	0	42	0.00	0.00	64.71	7.70	0.00	0.00	2000
229	11.12	2071	2089	0.00	195	0	0	0	nan	0.00	0.00	4.47	84.14	88.88	0.00	41	0	42	0.00	0.00	64.24	7.53	0.00	0.00	2000
228	11.17	2034	2105	0.00	194	0	0	0	nan	0.00	0.00	5.19	84.02	88.83	0.00	41	0	42	0.00	0.00	64.53	7.53	0.00	0.00	2000
232	11.34	2037	2108	0.00	194	0	0	0	nan	0.00	0.00	4.63	84.53	88.66	0.00	41	0	42	0.00	0.00	65.56	7.62	0.00	0.00	2000
228	11.19	2049	2087	0.00	179	0	0	0	nan	0.01	0.00	4.02	84.37	88.81	0.00	42	0	42	0.00	0.00	63.76	7.36	0.00	0.00	2000
230	11.32	2031	2102	0.00	211	0	0	0	nan	0.00	0.03	4.42	84.44	88.68	0.00	41	0	42	0.00	0.00	62.76	7.21	0.00	0.00	2000
229	11.12	2066	2089	0.00	179	0	0	0	nan	0.00	0.00	4.11	84.48	88.88	0.00	41	0	42	0.00	0.00	63.88	7.45	0.00	0.00	2000
230	11.45	1997	2111	0.00	216	0	0	0	nan	0.00	0.02	7.26	81.85	88.55	0.00	41	0	42	0.00	0.00	67.09	8.13	0.00	0.00	2000
228	11.50	1982	2104	0.00	196	0	0	0	nan	0.00	0.00	5.11	83.77	88.50	0.00	41	0	42	0.00	0.00	64.61	7.50	0.00	0.00	2000
227	11.36	2000	2100	0.00	194	0	0	0	nan	0.00	0.00	4.41	84.38	88.64	0.00	41	0	42	0.00	0.00	64.26	7.60	0.00	0.00	2000
231	11.53	1998	2107	0.00	195	0	0	0	nan	0.00	0.00	4.88	84.08	88.47	0.00	41	0	42	0.00	0.00	64.12	7.47	0.00	0.00	2000
228	11.34	2016	2098	0.00	195	0	0	0	nan	0.00	0.00	3.96	84.84	88.66	0.00	41	0	42	0.00	0.00	64.14	7.48	0.00	0.00	2000
229	11.19	2053	2091	0.00	195	0	0	1	77.41	0.00	0.00	4.76	83.88	88.81	0.00	42	0	42	0.00	0.00	61.63	7.09	0.00	0.00	2000
227	11.28	2020	2090	1.44	194	0	0	6	71.34	0.00	0.00	4.53	83.91	88.72	0.00	41	0	42	0.00	0.00	64.16	7.55	0.00	0.00	2000
228	11.14	2039	2107	0.00	194	0	0	0	nan	0.00	0.00	5.29	84.07	88.86	0.00	41	0	42	0.00	0.00	64.31	7.56	0.00	0.00	2000
227	11.10	2043	2103	0.00	195	0	0	0	nan	0.00	0.00	4.82	84.37	88.90	0.00	41	0	42	0.00	0.00	64.48	7.44	0.00	0.00	2000
231	11.12	2071	2105	0.00	196	0	0	0	nan	0.00	0.00	5.47	83.67	88.88	0.00	41	0	42	0.00	0.00	64.63	7.64	0.00	0.00	2000
228	11.30	2010	2104	0.00	194	0	0	0	nan	0.00	0.00	4.21	84.88	88.70	0.00	42	0	42	0.00	0.00	64.22	7.32	0.00	0.00	2000
230	11.43	2011	2105	0.00	195	0	0	0	nan	0.00	0.00	4.12	84.86	88.57	0.00	42	0	42	0.00	0.00	64.46	7.40	0.00	0.00	2000
229	11.36	2033	2081	0.00	196	0	0	0	nan	0.00	0.00	3.46	84.53	88.64	0.00	41	0	42	0.00	0.00	64.59	7.47	0.00	0.00	2000
229	11.32	2012	2110	0.00	195	0	0	0	nan	0.00	0.00	5.25	83.99	88.68	0.00	41	0	42	0.00	0.00	64.84	7.57	0.00	0.00	2000
230	11.42	2020	2089	0.00	195	0	0	0	nan	0.00	0.00	4.39	83.90	88.58	0.00	41	0	42	0.00	0.00	64.72	7.54	0.00	0.00	2000
228	11.25	2018	2111	0.00	194	0	0	0	nan	0.00	0.00	4.99	84.44	88.75	0.00	41	0	42	0.00	0.00	64.54	7.67	0.00	0.00	2000
228	11.11	2058	2094	0.00	194	0	0	0	nan	0.00	0.00	4.25	84.52	88.89	0.00	41	0	42	0.00	0.00	64.73	7.77	0.00	0.00	2000
229	11.39	2007	2105	0.00	195	0	0	0	nan	0.00	0.00	4.57	84.45	88.61	0.00	41	0	42	0.00	0.00	64.20	7.45	0.00	0.00	2000
228	11.15	2055	2087	0.00	195	0	0	0	nan	0.00	0.00	4.20	84.30	88.86	0.00	41	0	42	0.00	0.00	64.46	7.53	0.00	0.00	2000
232	11.18	2041	2132	0.00	195	0	0	0	nan	0.00	0.00	5.42	84.95	88.82	0.00	41	0	42	0.00	0.00	65.93	7.75	0.00	0.00	2000
228	11.29	2057	2058	0.00	180	0	0	0	nan	0.00	0.03	3.37	83.69	88.71	0.00	41	0	42	0.00	0.00	62.98	7.34	0.00	0.00	2000
229	11.28	2012	2118	0.00	212	0	0	0	nan	0.00	0.00	5.17	84.52	88.72	0.00	41	0	42	0.00	0.00	64.33	7.57	0.00	0.00	2000
228	11.16	2037	2107	0.00	195	0	0	0	nan	0.00	0.01	4.41	84.91	88.84	0.00	41	0	42	0.00	0.00	64.69	7.43	0.00	0.00	2000
229	11.14	2065	2093	1.26	195	0	0	6	69.11	0.00	0.00	4.14	84.65	88.86	0.00	41	0	42	0.00	0.00	64.64	7.74	0.00	0.00	2000
230	11.10	2069	2100	0.20	194	0	0	0	nan	0.00	0.00	4.37	84.68	88.90	0.00	41	0	42	0.00	0.00	64.24	7.43	0.00	0.00	2000
229	10.95	2072	2124	0.00	195	0	0	0	nan	0.00	0.00	4.54	85.66	89.05	0.00	41	0	42	0.00	0.00	65.90	7.86	0.00	0.00	2000
226	11.42	2032	2048	0.00	181	0	0	0	nan	0.00	0.00	2.92	83.66	88.58	0.00	41	0	42	0.00	0.00	62.61	7.42	0.00	0.00	2000
229	11.13	2017	2138	0.00	210	0	0	0	nan	0.00	0.02	4.37	86.28	88.87	0.00	41	0	42	0.00	0.00	64.56	7.54	0.00	0.00	2000
229	11.18	2053	2096	0.00	194	0	0	0	nan	0.00	0.00	4.13	84.66	88.82	0.00	42	0	42	0.00	0.00	64.20	7.58	0.00	0.00	2000
229	11.22	2045	2093	0.00	194	0	0	0	nan	0.00	0.00	4.60	83.99	88.78	0.00	41	0	42	0.00	0.00	64.06	7.60	0.00	0.00	2000
230	11.08	2075	2097	0.00	195	0	0	0	nan	0.00	0.00	4.89	84.02	88.92	0.00	41	0	42	0.00	0.00	64.65	8.01	0.00	0.00	2000
228	11.17	2033	2106	0.00	194	0	0	0	nan	0.00	0.00	5.49	83.78	88.83	0.00	42	0	42	0.00	0.00	64.59	7.51	0.00	0.00	2000
228	11.25	2034	2088	0.00	194	0	0	0	nan	0.00	0.00	5.13	83.33	88.75	0.00	41	0	42	0.00	0.00	64.10	7.65	0.00	0.00	2000
229	11.29	2013	2118	0.00	195	0	0	0	nan	0.00	0.00	5.79	83.84	88.71	0.00	41	0	42	0.00	0.00	64.57	7.69	0.00	0.00	2000
228	11.35	2011	2098	0.00	195	0	0	0	nan	0.00	0.00	5.12	83.63	88.65	0.00	41	0	42	0.00	0.00	64.44	7.64	0.00	0.00	2000
231	11.50	2008	2102	0.00	196	0	0	0	nan	0.00	0.00	4.78	84.02	88.50	0.00	41	0	42	0.00	0.00	64.69	7.44	0.00	0.00	2000
227	11.23	2028	2096	0.00	194	0	0	0	nan	0.00	0.00	4.61	84.21	88.77	0.00	41	0	42	0.00	0.00	64.52	7.47	0.00	0.00	2000
228	11.33	2010	2102	0.00	195	0	0	0	nan	0.00	0.00	4.98	83.93	88.67	0.00	41	0	42	0.00	0.00	64.15	7.37	0.00	0.00	2000
228	11.45	1992	2096	0.00	196	0	0	0	nan	0.00	0.00	4.72	83.80	88.55	0.00	41	0	42	0.00	0.00	64.53	7.46	0.00	0.00	2000
228	11.25	2025	2105	0.00	194	0	0	0	nan	0.00	0.00	5.13	84.01	88.75	0.00	41	0	42	0.00	0.00	64.36	7.46	0.00	0.00	2000
220	11.71	2137	1850	1.19	196	0	0	5	68.63	0.00	0.00	4.04	73.80	88.29	0.00	41	0	42	0.00	0.00	49.77	5.64	0.00	0.00	2000
238	10.65	1942	2413	0.07	247	0	0	0	nan	0.00	0.00	5.59	97.28	89.35	0.00	38	0	42	0.00	0.00	80.19	9.28	0.00	0.00	2000
227	11.01	2083	2081	0.00	179	0	0	0	nan	0.00	0.00	5.03	83.28	88.99	0.00	38	0	42	0.00	0.00	64.61	7.42	0.00	0.00	2000
229	11.27	2027	2105	0.00	212	0	0	0	nan	0.00	0.00	4.89	84.23	88.73	0.00	39	0	42	0.00	0.00	64.18	7.63	0.00	0.00	2000
231	11.35	2039	2098	0.00	179	0	0	0	nan	0.00	0.00	5.12	83.67	88.65	0.00	39	0	42	0.00	0.00	64.75	7.57	0.00	0.00	2000
229	11.34	2018	2097	0.00	211	0	0	0	nan	0.00	0.00	4.92	83.74	88.66	0.00	39	0	42	0.00	0.00	64.23	7.64	0.00	0.00	2000
229	11.41	2009	2095	0.00	178	0	0	0	nan	0.00	0.00	5.37	83.20	88.59	0.00	39	0	42	0.00	0.00	64.38	7.51	0.00	0.00	2000
229	11.43	1992	2110	0.00	212	0	0	0	nan	0.00	0.00	5.07	84.16	88.57	0.00	39	0	42	0.00	0.00	64.14	7.50	0.00	0.00	2000
233	11.73	1978	2107	0.00	179	0	0	0	nan	0.00	0.00	5.81	82.98	88.27	0.00	38	0	42	0.00	0.00	64.09	7.45	0.00	0.00	2000
231	11.33	2038	2104	0.00	213	0	0	0	nan	0.00	0.00	4.70	84.27	88.67	0.00	39	0	42	0.00	0.00	64.90	7.66	0.00	0.00	2000
227	11.28	2029	2088	0.00	178	0	0	0	nan	0.00	0.00	4.98	83.38	88.72	0.00	39	0	42	0.00	0.00	64.22	7.50	0.00	0.00	2000
228	11.33	2017	2099	0.00	212	0	0	0	nan	0.00	0.00	4.93	83.85	88.67	0.00	39	0	42	0.00	0.00	64.78	7.59	0.00	0.00	2000
229	11.30	2023	2102	0.00	179	0	0	0	nan	0.00	0.00	5.51	83.49	88.70	0.00	39	0	42	0.00	0.00	63.89	7.45	0.00	0.00	2000
229	11.22	2029	2110	0.00	212	0	0	0	nan	0.00	0.00	5.23	84.20	88.78	0.00	39	0	42	0.00	0.00	64.30	7.42	0.00	0.00	2000
230	11.35	2050	2080	0.00	179	0	0	0	nan	0.00	0.00	5.39	82.61	88.65	0.00	39	0	42	0.00	0.00	64.29	7.52	0.00	0.00	2000
229	11.09	2056	2105	0.00	211	0	0	0	nan	0.00	0.00	5.82	83.47	88.91	0.00	39	0	42	0.00	0.00	64.43	7.54	0.00	0.00	2000
228	11.00	2064	2110	0.00	179	0	0	0	nan	0.00	0.02	5.89	83.62	89.00	0.00	39	0	42	0.00	0.00	64.48	7.81	0.00	0.00	2000
229	11.36	2010	2105	1.10	212	0	0	6	70.17	0.00	0.00	3.90	85.06	88.64	0.00	38	0	42	0.00	0.00	65.02	7.77	0.00	0.00	2000
228	11.13	2049	2096	0.38	178	0	0	0	nan	0.00	0.00	4.84	83.96	88.87	0.00	39	0	42	0.00	0.00	64.33	7.44	0.00	0.00	2000
231	11.47	1996	2122	0.00	212	0	0	0	nan	0.00	0.00	4.63	84.99	88.53	0.00	39	0	42	0.00	0.00	64.60	7.40	0.00	0.00	2000
229	11.29	2045	2079	0.00	179	0	0	0	nan	0.00	0.02	4.15	83.78	88.71	0.00	38	0	42	0.00	0.00	64.67	7.78	0.00	0.00	2000
230	11.44	2019	2093	0.00	215	0	0	0	nan	0.00	0.00	5.19	83.25	88.56	0.00	39	0	42	0.00	0.00	65.15	7.56	0.00	0.00	2000
228	11.21	2024	2108	0.00	179	0	0	0	nan	0.00	0.00	5.15	84.06	88.79	0.00	39	0	42	0.00	0.00	64.30	7.67	0.00	0.00	2000
229	11.40	2019	2091	0.00	213	0	0	0	nan	0.00	0.00	4.17	84.17	88.60	0.00	39	0	42	0.00	0.00	64.39	7.67	0.00	0.00	2000
228	11.36	1984	2125	0.00	179	0	0	0	nan	0.00	0.00	5.06	84.84	88.64	0.00	38	0	42	0.00	0.00	65.99	7.78	0.00	0.00	2000
230	11.31	2066	2071	0.00	197	0	0	0	nan	0.00	0.02	3.58	84.04	88.69	0.00	38	0	42	0.00	0.00	62.87	7.32	0.00	0.00	2000
227	10.93	2052	2128	0.00	194	0	0	0	nan	0.00	0.00	4.36	86.00	89.07	0.00	39	0	42	0.00	0.00	66.95	7.62	0.00	0.00	2000
228	11.49	2023	2062	0.00	196	0	0	0	nan	0.00	0.00	3.57	83.45	88.51	0.00	38	0	42	0.00	0.00	60.33	7.00	0.00	0.00	2000
228	10.91	2071	2122	0.00	194	0	0	0	nan	0.00	0.00	4.67	85.40	89.09	0.00	39	0	42	0.00	0.00	67.37	7.83	0.00	0.00	2000
229	11.27	2046	2090	0.00	211	0	0	0	nan	0.00	0.00	4.02	84.26	88.73	0.00	39	0	42	0.00	0.00	64.80	7.47	0.00	0.00	2000
231	10.99	2073	2127	0.00	179	0	0	0	nan	0.00	0.00	5.39	84.78	89.01	0.00	39	0	42	0.00	0.00	64.11	7.28	0.00	0.00	2000
229	11.21	2064	2075	0.00	195	0	0	0	nan	0.00	0.00	3.55	84.24	88.79	0.00	39	0	42	0.00	0.00	62.89	7.32	0.00	0.00	2000
228	11.32	2010	2108	0.00	196	0	0	0	nan	0.00	0.00	4.47	84.75	88.68	0.00	39	0	42	0.00	0.00	67.44	7.87	0.00	0.00	2000
228	11.26	2019	2108	0.00	212	0	0	0	nan	0.00	0.00	5.45	83.81	88.74	0.00	39	0	42	0.00	0.00	64.54	7.47	0.00	0.00	2000
227	11.19	2031	2097	0.76	178	0	0	6	72.56	0.00	0.00	4.70	84.19	88.81	0.00	39	0	42	0.00	0.00	64.73	7.54	0.00	0.00	2000
230	11.46	2008	2099	0.73	211	0	0	1	90.34	0.00	0.00	5.29	83.35	88.54	0.00	39	0	42	0.00	0.00	64.78	7.38	0.00	0.00	2000
236	11.59	2053	2081	0.00	179	0	0	0	nan	0.00	0.00	5.20	82.52	88.41	0.00	39	0	42	0.00	0.00	62.10	7.16	0.00	0.00	2000
229	11.20	2026	2123	0.00	211	0	0	0	nan	0.00	0.00	6.00	83.99	88.80	0.00	39	0	42	0.00	0.00	67.60	7.79	0.00	0.00	2000
229	11.38	2030	2083	0.00	180	0	0	0	nan	0.00	0.01	5.03	83.01	88.62	0.00	39	0	42	0.00	0.00	61.87	6.97	0.00	0.00	2000
229	10.96	2056	2129	0.00	210	0	0	0	nan	0.00	0.00	5.49	84.94	89.04	0.00	39	0	42	0.00	0.00	67.64	7.60	0.00	0.00	2000
230	11.24	2056	2088	0.00	180	0	0	0	nan	0.00	0.02	4.43	83.86	88.76	0.00	39	0	42	0.00	0.00	63.15	7.15	0.00	0.00	2000
231	11.69	1991	2082	0.00	197	0	0	0	nan	0.00	0.00	4.79	83.00	88.31	0.00	39	0	42	0.00	0.00	63.62	7.52	0.00	0.00	2000
229	11.35	2010	2105	0.00	195	0	0	0	nan	0.00	0.00	4.94	84.08	88.65	0.00	39	0	42	0.00	0.00	64.59	7.39	0.00	0.00	2000
230	11.40	2020	2101	0.00	214	0	0	0	nan	0.00	0.00	6.69	82.11	88.60	0.00	38	0	42	0.00	0.00	64.55	7.45	0.00	0.00	2000
228	11.16	2056	2090	0.00	181	0	0	0	nan	0.00	0.00	5.03	83.51	88.84	0.00	39	0	42	0.00	0.00	64.37	7.51	0.00	0.00	2000
230	11.23	2037	2109	0.00	212	0	0	0	nan	0.00	0.00	5.79	83.51	88.77	0.00	39	0	42	0.00	0.00	64.36	7.45	0.00	0.00	2000
232	11.50	2021	2096	0.00	187	0	0	0	nan	0.00	0.00	7.67	80.86	88.50	0.00	39	0	42	0.00	0.00	64.84	7.37	0.00	0.00	2000
230	11.28	2022	2117	0.00	215	0	0	0	nan	0.00	0.00	8.11	81.53	88.72	0.00	39	0	42	0.00	0.00	64.24	7.31	0.00	0.00	2000
230	11.34	2038	2091	0.00	184	0	0	0	nan	0.00	0.00	6.23	82.15	88.66	0.00	39	0	42	0.00	0.00	65.01	7.32	0.00	0.00	2000
229	11.32	2029	2097	0.00	215	0	0	0	nan	0.00	0.00	6.77	82.00	88.68	0.00	39	0	42	0.00	0.00	64.83	7.42	0.00	0.00	2000
229	11.18	2036	2109	0.00	182	0	0	0	nan	0.00	0.04	4.52	84.87	88.82	0.00	38	0	42	0.00	0.00	64.15	7.41	0.00	0.00	2000
231	11.26	2065	2089	0.37	219	0	0	5	70.79	0.00	0.00	6.85	81.57	88.74	0.00	39	0	42	0.00	0.00	64.57	7.77	0.00	0.00	2000
229	11.06	2060	2110	1.05	183	0	0	3	79.21	0.00	0.01	8.21	81.31	88.94	0.00	39	0	42	0.00	0.00	65.11	7.44	0.00	0.00	2000
232	11.17	2068	2109	0.00	219	0	0	0	nan	0.00	0.00	6.10	83.29	88.83	0.00	39	0	42	0.00	0.00	65.02	7.37	0.00	0.00	2000
229	11.48	2004	2092	0.00	183	0	0	0	nan	0.00	0.00	5.85	82.55	88.52	0.00	39	0	42	0.00	0.00	64.09	7.21	0.00	0.00	2000
232	11.40	2038	2094	0.00	214	0	0	0	nan	0.00	0.00	6.43	82.09	88.60	0.00	39	0	42	0.00	0.00	64.68	7.41	0.00	0.00	2000
230	11.58	1987	2102	0.00	187	0	0	0	nan	0.00	0.00	7.68	81.04	88.42	0.00	39	0	42	0.00	0.00	63.97	7.53	0.00	0.00	2000
230	11.20	2048	2107	0.00	217	0	0	0	nan	0.00	0.00	7.80	81.43	88.80	0.00	39	0	42	0.00	0.00	64.63	7.34	0.00	0.00	2000
229	11.25	2035	2099	0.00	183	0	0	0	nan	0.00	0.00	6.39	82.54	88.75	0.00	39	0	42	0.00	0.00	64.55	7.49	0.00	0.00	2000
229	11.24	2046	2095	0.00	215	0	0	0	nan	0.00	0.00	6.16	82.59	88.76	0.00	39	0	42	0.00	0.00	64.38	7.45	0.00	0.00	2000
229	11.17	2034	2114	0.00	182	0	0	0	nan	0.00	0.00	6.61	83.04	88.83	0.00	39	0	42	0.00	0.00	65.37	7.65	0.00	0.00	2000
232	11.61	2037	2060	0.00	206	0	0	0	nan	0.00	0.02	4.36	82.47	88.39	0.00	39	0	42	0.00	0.00	60.84	7.10	0.00	0.00	2000
230	11.01	2080	2110	0.00	201	0	0	0	nan	0.00	0.05	6.99	82.47	88.99	0.00	39	0	42	0.00	0.00	65.18	7.62	0.00	0.00	2000
230	10.95	2079	2119	0.00	215	0	0	0	nan	0.00	0.47	6.48	83.08	89.05	0.00	39	0	42	0.00	0.00	67.46	7.79	0.00	0.00	2000
229	11.48	2015	2079	0.00	183	0	0	0	nan	0.00	0.00	7.48	80.25	88.52	0.00	39	0	42	0.00	0.00	61.65	7.01	0.00	0.00	2000
230	11.21	2031	2126	0.00	216	0	0	0	nan	0.00	0.00	8.92	81.14	88.79	0.00	39	0	42	0.00	0.00	67.37	7.93	0.00	0.00	2000
230	11.50	2017	2085	0.00	182	0	0	0	nan	0.00	0.00	6.73	81.34	88.50	0.00	39	0	42	0.00	0.00	64.62	7.26	0.00	0.00	2000
230	11.43	2008	2107	0.00	211	0	0	0	nan	0.00	0.00	5.40	83.61	88.57	0.00	39	0	42	0.00	0.00	64.21	7.42	0.00	0.00	2000
233	11.67	2014	2082	0.00	195	0	0	4	72.39	0.00	0.00	8.31	79.45	88.33	0.00	39	0	42	0.00	0.00	61.23	7.16	0.00	0.00	2000
230	11.46	1989	2117	1.36	212	0	0	4	77.68	0.00	0.00	5.93	83.57	88.54	0.00	39	0	42	0.00	0.00	66.93	7.88	0.00	0.00	2000
228	11.44	1986	2103	0.00	178	0	0	0	nan	0.00	0.00	4.86	84.04	88.56	0.00	39	0	42	0.00	0.00	64.16	7.57	0.00	0.00	2000
228	11.16	2040	2106	0.00	210	0	0	0	nan	0.00	0.00	5.02	84.28	88.84	0.00	39	0	42	0.00	0.00	64.49	7.51	0.00	0.00	2000
231	11.28	2067	2085	0.00	179	0	0	0	nan	0.00	0.00	4.36	83.82	88.72	0.00	39	0	42	0.00	0.00	64.53	7.54	0.00	0.00	2000
230	11.11	2044	2123	0.00	212	0	0	0	nan	0.00	0.00	5.66	84.34	88.89	0.00	39	0	42	0.00	0.00	64.84	7.39	0.00	0.00	2000
227	11.13	2056	2087	0.00	178	0	0	0	nan	0.00	0.03	4.00	84.44	88.87	0.00	39	0	42	0.00	0.00	64.43	7.53	0.00	0.00	2000
229	11.31	2035	2090	0.00	211	0	0	0	nan	0.00	0.00	5.13	83.30	88.69	0.00	39	0	42	0.00	0.00	61.29	7.04	0.00	0.00	2000
228	11.08	2045	2112	0.00	178	0	0	0	nan	0.00	0.00	5.38	84.25	88.92	0.00	39	0	42	0.00	0.00	67.18	7.81	0.00	0.00	2000
231	11.37	2042	2085	0.00	213	0	0	0	nan	0.00	0.00	4.69	83.35	88.63	0.00	39	0	42	0.00	0.00	61.60	6.93	0.00	0.00	2000
228	11.30	2009	2112	0.00	177	0	0	0	nan	0.00	0.00	5.02	84.36	88.70	0.00	39	0	42	0.00	0.00	67.30	7.78	0.00	0.00	2000
229	11.17	2039	2114	0.00	210	0	0	0	nan	0.00	0.00	4.18	85.39	88.83	0.00	39	0	42	0.00	0.00	64.44	7.23	0.00	0.00	2000
227	11.51	1998	2077	0.00	179	0	0	0	nan	0.00	0.02	3.22	84.53	88.49	0.00	39	0	42	0.00	0.00	60.94	7.12	0.00	0.00	2000
230	11.18	2047	2112	0.00	212	0	0	0	nan	0.00	0.00	4.54	84.88	88.83	0.00	39	0	42	0.00	0.00	67.45	7.85	0.00	0.00	2000
231	11.68	1976	2097	0.00	183	0	0	0	nan	0.00	0.00	4.80	83.56	88.32	0.00	38	0	42	0.00	0.00	64.47	7.86	0.00	0.00	2000
230	11.17	2051	2105	0.00	213	0	0	0	nan	0.00	0.00	4.26	84.83	88.83	0.00	39	0	42	0.00	0.00	64.45	7.56	0.00	0.00	2000
228	11.04	2067	2099	0.00	178	0	0	0	nan	0.00	0.00	4.11	84.94	88.96	0.00	39	0	42	0.00	0.00	64.53	7.43	0.00	0.00	2000
229	11.21	2055	2089	0.00	211	0	0	2	75.30	0.00	0.00	4.03	84.50	88.79	0.00	38	0	42	0.00	0.00	61.65	7.27	0.00	0.00	2000
228	11.21	2028	2109	1.43	178	0	0	6	71.28	0.00	0.00	5.27	84.00	88.79	0.00	39	0	42	0.00	0.00	67.17	7.85	0.00	0.00	2000
230	11.21	2064	2086	0.00	212	0	0	0	nan	0.00	0.00	4.26	83.99	88.79	0.00	39	0	42	0.00	0.00	61.77	7.07	0.00	0.00	2000
229	11.27	2026	2110	0.00	179	0	0	0	nan	0.00	0.00	5.55	83.79	88.73	0.00	39	0	42	0.00	0.00	64.87	7.47	0.00	0.00	2000
228	11.57	1978	2093	0.00	210	0	0	0	nan	0.00	0.00	4.75	83.60	88.43	0.00	39	0	42	0.00	0.00	64.37	7.40	0.00	0.00	2000
228	11.04	2053	2108	0.00	178	0	0	0	nan	0.00	0.00	5.21	84.16	88.96	0.00	39	0	42	0.00	0.00	64.83	7.35	0.00	0.00	2000
235	11.71	1999	2107	0.00	214	0	0	0	nan	0.00	0.00	4.91	83.77	88.29	0.00	39	0	42	0.00	0.00	65.09	7.55	0.00	0.00	2000
227	11.53	1995	2076	0.00	179	0	0	0	nan	0.00	0.00	4.28	83.29	88.47	0.00	39	0	42	0.00	0.00	64.74	7.50	0.00	0.00	2000
231	11.31	2020	2121	0.00	213	0	0	0	nan	0.00	0.00	5.49	84.21	88.69	0.00	39	0	42	0.00	0.00	64.49	7.54	0.00	0.00	2000
228	11.16	2044	2098	0.00	179	0	0	0	nan	0.00	0.00	4.98	83.95	88.84	0.00	39	0	42	0.00	0.00	64.77	7.47	0.00	0.00	2000
228	11.19	2040	2101	0.00	211	0	0	0	nan	0.00	0.00	4.73	84.31	88.81	0.00	39	0	42	0.00	0.00	64.49	7.50	0.00	0.00	2000
228	11.00	2096	2079	0.00	178	0	0	0	nan	0.00	0.00	4.82	83.27	89.00	0.00	39	0	42	0.00	0.00	64.92	7.44	0.00	0.00	2000
230	11.27	2022	2120	0.00	210	0	0	0	nan	0.00	0.00	5.68	84.06	88.73	0.00	39	0	42	0.00	0.00	64.40	7.55	0.00	0.00	2000
230	11.61	1992	2085	0.00	180	0	0	0	nan	0.00	0.00	5.42	82.50	88.39	0.00	39	0	42	0.00	0.00	64.49	7.57	0.00	0.00	2000
229	11.08	2039	2129	0.00	211	0	0	0	nan	0.00	0.00	5.16	85.02	88.92	0.00	39	0	42	0.00	0.00	65.01	7.51	0.00	0.00	2000
263	12.22	2177	2074	0.00	179	0	0	0	nan	0.00	0.00	3.84	83.03	87.78	0.00	39	0	42	0.00	0.00	65.29	7.34	0.00	0.00	2000
230	11.25	2021	2126	0.00	210	0	0	0	nan	0.00	0.00	4.92	85.10	88.75	0.00	39	0	42	0.00	0.00	64.15	7.47	0.00	0.00	2000
228	11.51	2008	2067	0.00	177	0	0	0	94.95	0.00	0.02	4.50	82.78	88.49	0.00	38	0	42	0.00	0.00	64.52	7.59	0.00	0.00	2000
232	11.30	2025	2127	1.40	218	0	0	7	73.85	0.00	0.00	6.53	83.47	88.70	0.00	38	0	42	0.00	0.00	64.71	7.51	0.00	0.00	2000
229	11.15	2081	2074	0.04	179	0	0	0	nan	0.00	0.00	4.00	83.77	88.85	0.00	39	0	42	0.00	0.00	62.18	7.39	0.00	0.00	2000
231	11.17	2057	2109	0.00	211	0	0	0	nan	0.00	0.00	5.29	84.10	88.83	0.00	39	0	42	0.00	0.00	67.25	8.04	0.00	0.00	2000
228	11.11	2043	2107	0.00	178	0	0	0	nan	0.00	0.00	5.34	83.84	88.89	0.00	39	0	42	0.00	0.00	64.72	7.58	0.00	0.00	2000
228	11.15	2059	2089	0.00	212	0	0	0	nan	0.00	0.02	4.65	83.80	88.85	0.00	39	0	42	0.00	0.00	64.07	7.34	0.00	0.00	2000
230	11.08	2083	2094	0.00	180	0	0	0	nan	0.00	0.00	5.13	83.75	88.92	0.00	39	0	42	0.00	0.00	62.27	7.22	0.00	0.00	2000
229	11.24	2019	2118	0.00	210	0	0	0	nan	0.00	0.00	4.94	84.76	88.76	0.00	39	0	42	0.00	0.00	67.18	7.74	0.00	0.00	2000
227	11.33	2009	2098	0.00	179	0	0	0	nan	0.00	0.00	4.27	84.45	88.67	0.00	39	0	42	0.00	0.00	64.99	7.58	0.00	0.00	2000
228	11.19	2031	2109	0.00	212	0	0	0	nan	0.00	0.02	4.38	85.02	88.81	0.00	39	0	42	0.00	0.00	64.21	7.35	0.00	0.00	2000
228	10.99	2075	2096	0.00	178	0	0	0	nan	0.00	0.00	4.02	84.99	89.01	0.00	39	0	42	0.00	0.00	64.42	7.45	0.00	0.00	2000
230	11.47	1993	2116	0.00	211	0	0	0	nan	0.00	0.00	3.54	85.86	88.53	0.00	39	0	42	0.00	0.00	65.06	7.41	0.00	0.00	2000
228	11.31	2031	2082	0.00	178	0	0	0	nan	0.00	0.00	3.61	84.46	88.69	0.00	38	0	42	0.00	0.00	61.96	7.36	0.00	0.00	2000
229	11.15	2053	2104	0.00	213	0	0	0	nan	0.00	0.00	4.61	84.52	88.85	0.00	39	0	42	0.00	0.00	66.91	7.76	0.00	0.00	2000
228	11.21	2060	2076	0.00	178	0	0	0	nan	0.00	0.00	4.34	83.52	88.79	0.00	39	0	42	0.00	0.00	62.18	7.22	0.00	0.00	2000
229	11.29	2012	2120	0.00	212	0	0	0	nan	0.00	0.00	5.39	84.29	88.71	0.00	39	0	42	0.00	0.00	66.81	7.59	0.00	0.00	2000
228	11.38	2007	2098	0.00	179	0	0	0	nan	0.00	0.00	4.99	83.78	88.62	0.00	39	0	42	0.00	0.00	61.76	7.10	0.00	0.00	2000
231	11.28	2049	2095	0.00	213	0	0	0	nan	0.00	0.00	5.48	83.14	88.72	0.00	39	0	42	0.00	0.00	64.75	7.37	0.00	0.00	2000
227	11.07	2057	2094	1.11	178	0	0	6	66.32	0.00	0.00	5.56	83.26	88.93	0.00	39	0	42	0.00	0.00	64.31	7.39	0.00	0.00	2000
244	11.80	2060	2103	0.36	211	0	0	0	nan	0.00	0.00	7.79	80.66	88.20	0.00	39	0	42	0.00	0.00	64.84	7.67	0.00	0.00	2000
229	11.35	2006	2110	0.00	178	0	0	0	nan	0.00	0.00	5.69	83.55	88.65	0.00	39	0	42	0.00	0.00	64.21	7.58	0.00	0.00	2000
230	11.38	2024	2097	0.00	214	0	0	0	nan	0.00	0.00	7.02	81.54	88.62	0.00	39	0	42	0.00	0.00	64.95	7.53	0.00	0.00	2000
230	11.40	2027	2087	0.00	181	0	0	0	nan	0.00	0.00	5.27	82.95	88.60	0.00	39	0	42	0.00	0.00	64.15	7.42	0.00	0.00	2000
228	11.29	2022	2099	0.00	211	0	0	0	nan	0.00	0.00	5.03	83.79	88.71	0.00	39	0	42	0.00	0.00	64.23	7.42	0.00	0.00	2000
230	11.26	2025	2116	0.00	180	0	0	0	nan	0.00	0.00	5.91	83.73	88.74	0.00	39	0	42	0.00	0.00	64.37	7.41	0.00	0.00	2000
229	11.44	2003	2099	0.00	211	0	0	0	nan	0.00	0.00	5.02	83.74	88.56	0.00	39	0	42	0.00	0.00	64.07	7.48	0.00	0.00	2000
228	11.61	1980	2084	0.00	179	0	0	0	nan	0.00	0.00	4.70	83.25	88.39	0.00	39	0	42	0.00	0.00	64.65	7.34	0.00	0.00	2000
231	11.22	2045	2112	0.00	212	0	0	0	nan	0.00	0.00	5.47	84.02	88.78	0.00	39	0	42	0.00	0.00	64.94	7.61	0.00	0.00	2000
227	11.07	2060	2089	0.00	178	0	0	0	nan	0.00	0.01	3.62	85.05	88.93	0.00	39	0	42	0.00	0.00	63.86	7.39	0.00	0.00	2000
230	11.43	2003	2106	0.00	210	0	0	0	nan	0.00	0.00	4.32	84.70	88.57	0.00	39	0	42	0.00	0.00	64.26	7.48	0.00	0.00	2000
229	11.51	1987	2098	0.00	180	0	0	0	nan	0.01	0.00	5.28	83.37	88.49	0.00	39	0	42	0.00	0.00	64.35	7.51	0.00	0.00	2000
229	11.25	2034	2102	0.00	195	0	0	0	nan	0.00	0.02	4.85	84.18	88.75	0.00	39	0	42	0.00	0.00	64.05	7.42	0.00	0.00	2000
230	11.13	2059	2106	0.00	195	0	0	0	nan	0.01	0.02	4.92	84.40	88.87	0.00	39	0	42	0.00	0.00	65.55	7.69	0.00	0.00	2000
228	11.34	2013	2098	0.00	194	0	0	0	nan	0.00	0.01	3.51	85.22	88.66	0.00	39	0	42	0.00	0.00	63.74	7.44	0.00	0.00	2000
228	11.56	1973	2102	0.00	196	0	0	0	nan	0.00	0.00	3.51	85.25	88.44	0.00	39	0	42	0.00	0.00	64.42	7.35	0.00	0.00	2000
228	11.59	1982	2087	0.75	211	0	0	6	71.56	0.00	0.00	4.15	83.87	88.41	0.00	39	0	42	0.00	0.00	64.26	7.49	0.00	0.00	2000
229	11.31	2007	2114	0.72	178	0	0	1	89.07	0.00	0.00	5.28	84.23	88.69	0.00	39	0	42	0.00	0.00	64.75	7.57	0.00	0.00	2000
231	11.25	2065	2090	0.00	211	0	0	0	nan	0.00	0.00	4.59	83.85	88.75	0.00	39	0	42	0.00	0.00	64.62	7.64	0.00	0.00	2000
230	11.26	2036	2104	0.00	181	0	0	0	nan	0.00	0.00	5.27	83.78	88.74	0.00	39	0	42	0.00	0.00	64.60	7.48	0.00	0.00	2000
229	11.13	2056	2104	0.00	212	0	0	0	nan	0.00	0.00	4.48	84.70	88.87	0.00	39	0	42	0.00	0.00	64.76	7.66	0.00	0.00	2000
227	11.27	2019	2098	0.00	178	0	0	0	nan	0.00	0.00	4.94	83.86	88.73	0.00	39	0	42	0.00	0.00	64.36	7.62	0.00	0.00	2000
230	11.24	2031	2117	0.00	214	0	0	0	nan	0.00	0.00	5.23	84.35	88.76	0.00	39	0	42	0.00	0.00	64.64	7.67	0.00	0.00	2000
228	11.21	2056	2082	0.00	181	0	0	0	nan	0.00	0.01	4.16	84.02	88.79	0.00	39	0	42	0.00	0.00	64.54	7.70	0.00	0.00	2000
231	11.34	2027	2110	0.00	212	0	0	0	nan	0.00	0.00	4.80	84.51	88.66	0.00	39	0	42	0.00	0.00	64.52	7.36	0.00	0.00	2000
228	11.06	2082	2076	0.00	178	0	0	0	nan	0.00	0.00	4.23	83.84	88.94	0.00	39	0	42	0.00	0.00	64.72	7.52	0.00	0.00	2000
228	11.17	2023	2121	0.00	211	0	0	0	nan	0.00	0.00	4.85	85.02	88.83	0.00	38	0	42	0.00	0.00	64.42	7.78	0.00	0.00	2000
227	11.52	1975	2096	0.00	179	0	0	0	nan	0.00	0.00	5.06	83.46	88.48	0.00	39	0	42	0.00	0.00	64.23	7.45	0.00	0.00	2000
229	11.33	2018	2105	0.00	210	0	0	0	nan	0.00	0.00	4.33	84.76	88.67	0.00	39	0	42	0.00	0.00	64.39	7.61	0.00	0.00	2000
230	11.35	2039	2086	0.00	179	0	0	0	nan	0.00	0.00	5.40	82.82	88.65	0.00	39	0	42	0.00	0.00	64.47	7.57	0.00	0.00	2000
230	11.45	1997	2113	0.00	211	0	0	0	nan	0.00	0.00	4.80	84.48	88.55	0.00	40	0	42	0.00	0.00	64.45	7.49	0.00	0.00	2000
228	11.40	1990	2114	0.00	187	0	0	0	nan	0.00	0.00	6.38	82.97	88.60	0.00	39	0	42	0.00	0.00	65.11	7.68	0.00	0.00	2000
229	11.15	2054	2105	0.00	196	0	0	0	nan	0.00	0.00	3.48	85.76	88.85	0.00	39	0	42	0.00	0.00	65.68	7.59	0.00	0.00	2000
228	11.08	2055	2099	0.22	194	0	0	4	72.48	0.00	0.00	3.65	85.37	88.92	0.00	39	0	42	0.00	0.00	62.47	7.46	0.00	0.00	2000
230	11.26	2062	2081	1.07	194	0	0	3	79.55	0.00	0.00	3.67	84.44	88.74	0.00	39	0	42	0.00	0.00	61.02	7.25	0.00	0.00	2000
227	11.24	2078	2037	0.00	198	0	0	0	nan	0.00	0.03	2.96	83.28	88.76	0.00	39	0	42	0.00	0.00	61.97	7.23	0.00	0.00	2000
229	11.18	2062	2082	0.00	224	0	0	0	nan	0.00	0.00	3.90	84.40	88.82	0.00	39	0	42	0.00	0.00	64.65	7.56	0.00	0.00	2000
231	11.12	2004	2173	0.00	194	0	0	0	nan	0.00	0.00	3.47	88.65	88.88	0.00	39	0	42	0.00	0.00	69.69	8.23	0.00	0.00	2000
228	11.08	2047	2113	0.00	211	0	0	0	nan	0.00	0.00	4.64	85.04	88.92	0.00	39	0	42	0.00	0.00	64.32	7.49	0.00	0.00	2000
230	11.62	1986	2089	0.00	178	0	0	0	nan	0.00	0.00	4.82	83.25	88.38	0.00	39	0	42	0.00	0.00	64.54	7.67	0.00	0.00	2000
229	11.30	2015	2113	0.00	212	0	0	0	nan	0.00	0.00	5.31	84.08	88.70	0.00	39	0	42	0.00	0.00	64.19	7.66	0.00	0.00	2000
228	11.30	2045	2075	0.00	178	0	0	0	nan	0.00	0.00	4.47	83.34	88.70	0.00	39	0	42	0.00	0.00	61.51	7.18	0.00	0.00	2000
231	11.22	2039	2124	0.00	212	0	0	0	nan	0.00	0.00	4.92	85.07	88.78	0.00	38	0	42	0.00	0.00	67.63	7.91	0.00	0.00	2000
228	11.52	1992	2089	0.00	182	0	0	0	nan	0.00	0.00	5.44	82.69	88.48	0.00	38	0	42	0.00	0.00	64.53	7.47	0.00	0.00	2000
232	11.41	2045	2088	0.00	199	0	0	0	nan	0.00	0.00	6.22	82.06	88.59	0.00	38	0	42	0.00	0.00	61.65	7.13	0.00	0.00	2000
227	11.08	2042	2107	0.00	194	0	0	0	nan	0.00	0.00	4.16	85.25	88.92	0.00	39	0	42	0.00	0.00	64.24	7.58	0.00	0.00	2000
229	11.18	2038	2113	0.00	195	0	0	0	nan	0.00	0.00	4.90	84.64	88.82	0.00	39	0	42	0.00	0.00	67.53	7.96	0.00	0.00	2000
229	11.47	1992	2100	0.00	196	0	0	0	nan	0.00	0.00	3.80	84.85	88.53	0.00	39	0	42	0.00	0.00	64.54	7.62	0.00	0.00	2000
230	11.64	1980	2093	0.00	195	0	0	0	nan	0.00	0.00	4.39	83.84	88.36	0.00	39	0	42	0.00	0.00	61.45	7.22	0.00	0.00	2000
229	11.49	1980	2111	0.00	195	0	0	0	nan	0.00	0.00	4.45	84.74	88.51	0.00	39	0	42	0.00	0.00	67.30	7.91	0.00	0.00	2000
228	11.42	1998	2103	0.02	195	0	0	4	73.66	0.00	0.00	4.08	84.84	88.58	0.00	39	0	42	0.00	0.00	64.09	7.81	0.00	0.00	2000
228	11.25	2049	2081	1.39	195	0	0	3	79.32	0.00	0.00	3.61	84.47	88.75	0.00	39	0	42	0.00	0.00	61.57	7.25	0.00	0.00	2000
229	11.20	2034	2113	0.00	196	0	0	0	nan	0.00	0.02	5.12	84.39	88.80	0.00	39	0	42	0.00	0.00	64.74	7.58	0.00	0.00	2000
233	11.56	2022	2092	0.00	196	0	0	0	nan	0.00	0.00	4.66	83.51	88.44	0.00	39	0	42	0.00	0.00	64.73	7.57	0.00	0.00	2000
230	11.27	2035	2106	0.00	195	0	0	0	nan	0.00	0.00	3.89	85.18	88.73	0.00	39	0	42	0.00	0.00	64.62	7.58	0.00	0.00	2000
229	11.23	2040	2100	0.00	195	0	0	0	nan	0.00	0.00	4.57	84.34	88.77	0.00	39	0	42	0.00	0.00	64.34	7.47	0.00	0.00	2000
229	11.31	2017	2110	0.00	195	0	0	0	nan	0.00	0.00	4.08	85.26	88.69	0.00	39	0	42	0.00	0.00	67.07	7.92	0.00	0.00	2000
227	11.28	2037	2079	0.00	196	0	0	0	nan	0.00	0.00	2.83	85.08	88.72	0.00	39	0	42	0.00	0.00	61.73	7.17	0.00	0.00	2000
229	11.50	1983	2106	0.00	194	0	0	0	nan	0.00	0.00	4.27	84.70	88.50	0.00	39	0	42	0.00	0.00	63.94	7.49	0.00	0.00	2000
227	11.11	2035	2107	0.00	195	0	0	0	nan	0.00	0.00	3.72	85.67	88.89	0.00	39	0	42	0.00	0.00	64.38	7.40	0.00	0.00	2000
231	11.39	2033	2093	0.00	196	0	0	0	nan	0.00	0.02	3.22	85.28	88.61	0.00	39	0	42	0.00	0.00	64.30	7.71	0.00	0.00	2000
227	11.31	1990	2119	0.00	194	0	0	0	nan	0.00	0.00	4.08	85.56	88.69	0.00	38	0	42	0.00	0.00	65.09	7.77	0.00	0.00	2000
227	11.62	1974	2083	0.00	195	0	0	0	nan	0.00	0.01	3.08	84.78	88.38	0.00	39	0	42	0.00	0.00	63.38	7.68	0.00	0.00	2000
229	11.55	1973	2105	0.00	197	0	0	0	nan	0.00	0.00	4.27	84.53	88.45	0.00	39	0	42	0.00	0.00	64.37	7.69	0.00	0.00	2000
229	11.69	1963	2097	0.00	196	0	0	0	nan	0.00	0.01	4.43	83.98	88.31	0.00	39	0	42	0.00	0.00	64.12	7.76	0.00	0.00	2000
231	11.40	2054	2071	0.00	195	0	0	0	nan	0.00	0.00	3.91	83.61	88.60	0.00	39	0	42	0.00	0.00	61.94	7.32	0.00	0.00	2000
229	11.02	2053	2130	0.00	197	0	0	0	nan	0.00	0.00	4.88	85.61	88.98	0.00	39	0	42	0.00	0.00	67.13	7.87	0.00	0.00	2000
227	10.99	2063	2101	0.00	196	0	0	3	71.75	0.00	0.00	3.87	85.29	89.01	0.00	39	0	42	0.00	0.00	61.74	7.24	0.00	0.00	2000
230	11.31	2032	2106	1.36	195	0	0	5	76.23	0.00	0.02	4.22	84.81	88.69	0.00	39	0	42	0.00	0.00	66.96	7.80	0.00	0.00	2000
227	11.18	2037	2093	0.00	196	0	0	0	nan	0.00	0.02	3.55	85.12	88.82	0.00	39	0	42	0.00	0.00	61.86	7.30	0.00	0.00	2000
230	11.50	2021	2077	0.00	195	0	0	0	nan	0.00	0.01	2.97	84.70	88.50	0.00	39	0	42	0.00	0.00	64.48	7.55	0.00	0.00	2000
228	11.18	2041	2099	0.00	195	0	0	0	nan	0.00	0.00	4.35	84.53	88.82	0.00	39	0	42	0.00	0.00	64.37	7.44	0.00	0.00	2000
230	11.24	2016	2127	0.00	193	0	0	0	nan	0.00	0.00	3.63	86.49	88.76	0.00	39	0	42	0.00	0.00	64.40	7.45	0.00	0.00	2000
227	11.54	1985	2080	0.00	196	0	0	0	nan	0.00	0.00	4.63	83.20	88.46	0.00	39	0	42	0.00	0.00	63.93	7.61	0.00	0.00	2000
229	11.27	2020	2113	0.00	194	0	0	0	nan	0.00	0.02	4.14	85.28	88.73	0.00	39	0	42	0.00	0.00	62.00	7.47	0.00	0.00	2000
227	11.16	2034	2103	0.00	196	0	0	0	nan	0.00	0.00	4.23	84.87	88.84	0.00	39	0	42	0.00	0.00	66.87	7.47	0.00	0.00	2000
230	11.25	2037	2109	0.00	195	0	0	0	nan	0.00	0.00	3.76	85.46	88.75	0.00	39	0	42	0.00	0.00	64.58	7.54	0.00	0.00	2000
228	11.15	2052	2094	0.00	195	0	0	0	nan	0.00	0.00	4.03	84.71	88.85	0.00	39	0	42	0.00	0.00	64.22	7.57	0.00	0.00	2000
229	11.33	2027	2094	0.00	195	0	0	0	nan	0.00	0.00	3.48	85.15	88.67	0.00	39	0	42	0.00	0.00	64.38	7.79	0.00	0.00	2000
227	10.95	2068	2104	0.00	196	0	0	0	nan	0.00	0.00	3.96	85.42	89.05	0.00	39	0	42	0.00	0.00	63.91	7.49	0.00	0.00	2000
229	11.63	1969	2102	0.00	195	0	0	0	nan	0.00	0.00	3.99	84.69	88.37	0.00	39	0	42	0.00	0.00	64.10	7.50	0.00	0.00	2000
229	11.34	2029	2091	0.00	196	0	0	0	nan	0.00	0.00	3.84	84.65	88.66	0.00	39	0	42	0.00	0.00	64.01	7.54	0.00	0.00	2000
229	11.41	1997	2113	0.00	196	0	0	0	nan	0.00	0.00	4.21	85.06	88.59	0.00	39	0	42	0.00	0.00	64.51	7.53	0.00	0.00	2000
228	11.36	2008	2097	0.00	196	0	0	0	nan	0.00	0.00	3.69	84.92	88.64	0.00	39	0	42	0.00	0.00	64.32	7.59	0.00	0.00	2000
229	11.60	1977	2098	0.00	197	0	0	1	77.72	0.00	0.00	4.72	83.75	88.40	0.00	39	0	42	0.00	0.00	64.22	7.62	0.00	0.00	2000
230	11.52	1996	2100	1.43	195	0	0	6	76.75	0.00	0.00	4.41	84.25	88.48	0.00	39	0	42	0.00	0.00	64.21	7.51	0.00	0.00	2000
235	11.81	1982	2111	0.00	196	0	0	0	nan	0.00	0.00	4.88	83.92	88.19	0.00	39	0	42	0.00	0.00	63.96	7.55	0.00	0.00	2000
227	11.35	2022	2080	0.00	196	0	0	0	nan	0.00	0.00	3.62	84.37	88.65	0.00	39	0	42	0.00	0.00	64.60	7.64	0.00	0.00	2000
230	11.18	2042	2114	0.00	195	0	0	0	nan	0.00	0.00	5.10	84.43	88.82	0.00	39	0	42	0.00	0.00	64.32	7.51	0.00	0.00	2000
229	11.26	2040	2094	0.00	198	0	0	0	nan	0.00	0.00	3.71	84.87	88.74	0.00	40	0	42	0.00	0.00	64.88	7.58	0.00	0.00	2000
230	11.28	2050	2089	0.00	196	0	0	0	nan	0.00	0.00	4.70	83.66	88.72	0.00	39	0	42	0.00	0.00	64.96	7.38	0.00	0.00	2000
230	11.23	2070	2081	0.00	196	0	0	0	nan	0.00	0.00	4.62	83.55	88.77	0.00	39	0	42	0.00	0.00	63.84	7.66	0.00	0.00	2000
229	11.31	1994	2136	0.00	196	0	0	0	nan	0.00	0.00	4.87	85.57	88.69	0.00	39	0	42	0.00	0.00	64.03	7.61	0.00	0.00	2000
227	11.40	1989	2099	0.00	195	0	0	0	nan	0.00	0.00	3.50	85.28	88.60	0.00	39	0	42	0.00	0.00	64.70	7.56	0.00	0.00	2000
229	11.16	2051	2101	0.00	195	0	0	0	nan	0.00	0.00	4.20	84.78	88.84	0.00	39	0	42	0.00	0.00	64.24	7.72	0.00	0.00	2000
227	11.53	1984	2083	0.00	196	0	0	0	nan	0.00	0.00	3.45	84.51	88.47	0.00	39	0	42	0.00	0.00	63.97	7.63	0.00	0.00	2000
226	11.71	2013	2014	0.00	195	0	0	0	nan	0.00	0.00	4.25	80.59	88.29	0.00	39	0	42	0.00	0.00	59.37	7.30	0.00	0.00	2000
231	11.16	1978	2198	0.00	212	0	0	0	nan	0.00	0.00	3.47	89.74	88.84	0.00	39	0	42	0.00	0.00	69.70	8.11	0.00	0.00	2000
229	11.43	2014	2085	0.00	195	0	0	0	nan	0.00	0.00	4.41	83.66	88.57	0.00	39	0	42	0.00	0.00	63.99	7.77	0.00	0.00	2000
229	11.24	2010	2125	0.00	195	0	0	0	nan	0.00	0.00	5.08	84.95	88.76	0.00	39	0	42	0.00	0.00	64.30	7.58	0.00	0.00	2000
230	11.54	1997	2096	0.00	195	0	0	0	nan	0.00	0.00	3.63	84.86	88.46	0.00	39	0	42	0.00	0.00	64.87	7.57	0.00	0.00	2000
231	11.34	2050	2085	0.00	196	0	0	0	94.44	0.00	0.00	4.34	83.81	88.66	0.00	39	0	42	0.00	0.00	64.30	7.62	0.00	0.00	2000
229	11.04	2056	2122	1.27	195	0	0	6	69.96	0.00	0.00	3.97	86.05	88.96	0.00	39	0	42	0.00	0.00	64.82	7.54	0.00	0.00	2000
228	11.38	2002	2099	0.20	196	0	0	0	nan	0.00	0.00	3.43	85.30	88.62	0.00	39	0	42	0.00	0.00	64.46	7.65	0.00	0.00	2000
230	11.53	2018	2078	0.00	198	0	0	0	nan	0.00	0.00	3.38	84.32	88.47	0.00	39	0	42	0.00	0.00	64.26	7.59	0.00	0.00	2000
228	11.37	2007	2095	0.00	196	0	0	0	nan	0.00	0.00	5.03	83.56	88.63	0.00	39	0	42	0.00	0.00	64.21	7.45	0.00	0.00	2000
231	11.31	2014	2129	0.00	194	0	0	0	nan	0.00	0.00	4.09	85.95	88.69	0.00	39	0	42	0.00	0.00	64.19	7.49	0.00	0.00	2000
233	11.63	2013	2093	0.00	199	0	0	0	nan	0.00	0.00	4.60	83.64	88.37	0.00	39	0	42	0.00	0.00	64.34	7.51	0.00	0.00	2000
230	11.50	1989	2108	0.00	194	0	0	0	nan	0.00	0.00	3.82	85.18	88.50	0.00	39	0	42	0.00	0.00	64.22	7.49	0.00	0.00	2000
228	11.11	2057	2090	0.00	195	0	0	0	nan	0.00	0.00	3.84	84.81	88.89	0.00	39	0	42	0.00	0.00	64.35	7.40	0.00	0.00	2000
228	11.21	2024	2113	0.00	194	0	0	0	nan	0.00	0.00	4.01	85.43	88.79	0.00	39	0	42	0.00	0.00	61.86	7.48	0.00	0.00	2000
228	11.23	2037	2093	0.00	195	0	0	0	nan	0.00	0.01	3.60	85.09	88.77	0.00	39	0	42	0.00	0.00	67.24	7.24	0.00	0.00	2000
230	11.55	2002	2091	0.00	196	0	0	0	nan	0.00	0.00	3.61	84.65	88.45	0.00	39	0	42	0.00	0.00	64.36	7.63	0.00	0.00	2000
228	11.21	2036	2096	0.00	195	0	0	0	nan	0.00	0.00	4.54	84.25	88.79	0.00	39	0	42	0.00	0.00	64.52	7.52	0.00	0.00	2000
229	11.18	2029	2117	0.00	194	0	0	0	nan	0.00	0.01	4.47	85.24	88.82	0.00	40	0	42	0.00	0.00	64.42	7.60	0.00	0.00	2000
228	11.22	2041	2088	0.00	195	0	0	0	nan	0.00	0.00	3.92	84.50	88.78	0.00	39	0	42	0.00	0.00	64.62	7.55	0.00	0.00	2000
229	11.39	2001	2112	0.00	195	0	0	0	nan	0.00	0.00	3.78	85.46	88.61	0.00	39	0	42	0.00	0.00	64.66	7.71	0.00	0.00	2000
234	11.73	2023	2068	0.00	212	0	0	0	nan	0.00	0.00	6.31	80.78	88.27	0.00	39	0	42	0.00	0.00	63.86	7.24	0.00	0.00	2000
231	11.27	2017	2131	0.00	193	0	0	0	nan	0.00	0.00	5.47	84.75	88.73	0.00	39	0	42	0.00	0.00	64.62	7.82	0.00	0.00	2000
228	11.54	1991	2082	0.94	196	0	0	6	70.79	0.00	0.02	4.01	83.84	88.46	0.00	39	0	42	0.00	0.00	64.25	7.38	0.00	0.00	2000
229	11.40	1995	2114	0.56	195	0	0	0	nan	0.00	0.00	4.58	84.85	88.60	0.00	39	0	42	0.00	0.00	64.56	7.67	0.00	0.00	2000
227	11.42	1994	2097	0.00	195	0	0	0	nan	0.00	0.00	3.83	84.81	88.58	0.00	40	0	42	0.00	0.00	64.23	7.51	0.00	0.00	2000
231	11.44	2013	2108	0.00	195	0	0	0	nan	0.00	0.00	4.21	84.82	88.56	0.00	39	0	42	0.00	0.00	64.64	7.51	0.00	0.00	2000
228	11.33	2032	2082	0.00	196	0	0	0	nan	0.00	0.00	4.67	83.41	88.67	0.00	39	0	42	0.00	0.00	64.52	7.59	0.00	0.00	2000
230	11.39	2000	2117	0.00	194	0	0	0	nan	0.00	0.02	4.30	85.14	88.61	0.00	39	0	42	0.00	0.00	64.29	7.65	0.00	0.00	2000
229	11.12	2089	2067	0.00	199	0	0	0	nan	0.00	0.00	5.46	82.13	88.88	0.00	39	0	42	0.00	0.00	61.81	7.36	0.00	0.00	2000
229	11.32	1996	2126	0.00	195	0	0	0	nan	0.00	0.00	4.37	85.56	88.68	0.00	39	0	42	0.00	0.00	67.15	7.95	0.00	0.00	2000
230	11.40	2027	2091	0.00	197	0	0	0	nan	0.00	0.00	4.33	83.97	88.60	0.00	39	0	42	0.00	0.00	61.76	7.20	0.00	0.00	2000
229	11.24	2031	2112	0.00	196	0	0	0	nan	0.00	0.00	3.83	85.58	88.76	0.00	39	0	42	0.00	0.00	67.34	7.87	0.00	0.00	2000
227	11.24	2019	2098	0.00	194	0	0	0	nan	0.00	0.00	3.72	85.12	88.76	0.00	40	0	42	0.00	0.00	64.49	7.73	0.00	0.00	2000
228	11.49	1989	2098	0.00	194	0	0	0	nan	0.00	0.00	3.45	85.22	88.51	0.00	39	0	42	0.00	0.00	63.91	7.36	0.00	0.00	2000
228	11.31	2020	2098	0.00	195	0	0	0	nan	0.00	0.00	3.86	84.89	88.69	0.00	39	0	42	0.00	0.00	64.33	7.85	0.00	0.00	2000
229	11.63	1962	2108	0.00	196	0	0	0	nan	0.00	0.00	4.29	84.64	88.37	0.00	39	0	42	0.00	0.00	64.05	7.62	0.00	0.00	2000
231	11.44	2005	2112	0.00	197	0	0	0	nan	0.00	0.00	3.62	85.65	88.56	0.00	39	0	42	0.00	0.00	63.56	7.37	0.00	0.00	2000
228	11.18	2066	2075	0.00	194	0	0	0	nan	0.00	0.00	3.47	84.42	88.82	0.00	39	0	42	0.00	0.00	61.90	7.15	0.00	0.00	2000
228	11.20	2063	2069	0.00	194	0	0	0	nan	0.00	0.03	2.45	85.24	88.80	0.00	39	0	42	0.00	0.00	63.76	7.50	0.00	0.00	2000
230	11.17	2052	2108	0.57	195	0	0	6	67.96	0.00	0.02	2.28	87.10	88.83	0.00	39	0	42	0.00	0.00	62.58	7.30	0.00	0.00	2000
234	11.22	2058	2132	0.90	196	0	0	1	92.85	0.00	0.00	4.48	85.80	88.78	0.00	39	0	42	0.00	0.00	69.82	8.18	0.00	0.00	2000
230	11.65	1980	2097	0.00	196	0	0	0	nan	0.00	0.00	3.77	84.62	88.35	0.00	39	0	42	0.00	0.00	61.40	7.21	0.00	0.00	2000
227	11.52	1982	2090	0.00	195	0	0	0	nan	0.00	0.00	4.12	84.15	88.48	0.00	39	0	42	0.00	0.00	64.17	7.60	0.00	0.00	2000
229	11.55	1973	2112	0.00	196	0	0	0	nan	0.00	0.00	4.74	84.43	88.45	0.00	39	0	42	0.00	0.00	64.51	7.30	0.00	0.00	2000
228	11.46	1992	2093	0.00	194	0	0	0	nan	0.00	0.00	3.53	84.93	88.54	0.00	39	0	42	0.00	0.00	64.17	7.34	0.00	0.00	2000
229	11.35	2008	2106	0.00	195	0	0	0	nan	0.00	0.00	4.27	84.77	88.65	0.00	39	0	42	0.00	0.00	64.31	7.54	0.00	0.00	2000
230	11.48	2026	2073	0.00	196	0	0	0	nan	0.00	0.00	3.94	83.58	88.52	0.00	39	0	42	0.00	0.00	61.96	7.24	0.00	0.00	2000
230	11.17	2042	2115	0.00	195	0	0	0	nan	0.00	0.00	4.88	84.75	88.83	0.00	39	0	42	0.00	0.00	67.06	7.84	0.00	0.00	2000
228	11.22	2019	2111	0.00	198	0	0	0	nan	0.00	0.00	5.40	84.07	88.78	0.00	39	0	42	0.00	0.00	64.26	7.60	0.00	0.00	2000
228	11.15	2036	2109	0.00	195	0	0	0	nan	0.00	0.00	4.52	84.82	88.85	0.00	39	0	41	0.00	0.00	64.30	7.61	0.00	0.00	2000
227	11.23	2052	2071	0.00	194	0	0	0	nan	0.00	0.00	3.67	84.01	88.77	0.00	39	0	42	0.00	0.00	62.18	7.14	0.00	0.00	2000
231	11.24	2038	2121	0.00	196	0	0	0	nan	0.00	0.00	4.98	84.81	88.76	0.00	39	0	42	0.00	0.00	66.83	7.76	0.00	0.00	2000
227	11.06	2071	2085	0.00	194	0	0	0	nan	0.00	0.00	4.05	84.43	88.94	0.00	39	0	42	0.00	0.00	64.50	7.21	0.00	0.00	2000
229	11.41	1989	2115	0.00	195	0	0	0	nan	0.00	0.00	4.51	84.93	88.59	0.00	39	0	42	0.00	0.00	64.14	7.92	0.00	0.00	2000
228	11.56	1996	2079	0.00	195	0	0	0	nan	0.00	0.00	4.21	83.44	88.44	0.00	39	0	42	0.00	0.00	62.38	7.38	0.00	0.00	2000
230	11.50	1987	2118	0.00	196	0	0	0	nan	0.00	0.00	4.56	84.92	88.50	0.00	39	0	42	0.00	0.00	66.82	7.89	0.00	0.00	2000
224	11.45	2048	2007	0.33	195	0	0	5	77.08	0.00	0.00	3.97	80.82	88.55	0.00	39	0	42	0.00	0.00	59.43	7.02	0.00	0.00	2000
232	11.16	1986	2200	1.05	211	0	0	2	85.33	0.00	0.00	3.16	90.02	88.84	0.00	39	0	42	0.00	0.00	66.83	8.04	0.00	0.00	2000
228	11.44	1994	2097	0.00	196	0	0	0	nan	0.00	0.00	4.60	84.02	88.56	0.00	39	0	42	0.00	0.00	64.19	7.60	0.00	0.00	2000
229	11.41	1992	2116	0.00	196	0	0	0	nan	0.00	0.00	4.13	85.35	88.59	0.00	39	0	42	0.00	0.00	66.82	7.51	0.00	0.00	2000
228	11.09	2063	2093	0.00	195	0	0	0	nan	0.00	0.00	3.40	85.41	88.91	0.00	39	0	42	0.00	0.00	61.89	7.59	0.00	0.00	2000
230	11.30	2060	2074	0.00	195	0	0	0	nan	0.01	0.00	3.62	84.18	88.70	0.00	39	0	42	0.00	0.00	63.97	7.51	0.00	0.00	2000
228	10.98	2074	2099	0.00	194	0	0	0	nan	0.00	0.00	4.43	84.71	89.02	0.00	39	0	42	0.00	0.00	64.34	7.61	0.00	0.00	2000
229	11.16	2018	2132	0.00	194	0	0	0	nan	0.00	0.00	3.28	87.01	88.84	0.00	39	0	42	0.00	0.00	64.50	7.61	0.00	0.00	2000
228	11.20	2045	2091	0.00	196	0	0	0	nan	0.00	0.00	3.17	85.35	88.80	0.00	39	0	42	0.00	0.00	64.71	7.54	0.00	0.00	2000
229	11.55	1973	2106	0.00	195	0	0	0	nan	0.00	0.00	3.72	85.19	88.45	0.00	39	0	42	0.00	0.00	64.11	7.66	0.00	0.00	2000
227	11.32	2035	2065	0.00	195	0	0	0	nan	0.00	0.02	2.96	84.41	88.68	0.00	40	0	42	0.00	0.00	64.44	7.63	0.00	0.00	2000
231	11.32	2025	2114	0.00	196	0	0	0	nan	0.00	0.00	4.43	84.95	88.68	0.00	39	0	42	0.00	0.00	64.53	7.70	0.00	0.00	2000
235	11.59	2022	2110	0.00	198	0	0	0	nan	0.00	0.00	5.57	83.50	88.41	0.00	39	0	42	0.00	0.00	64.45	7.61	0.00	0.00	2000
229	11.54	1980	2105	0.00	196	0	0	0	nan	0.00	0.00	4.00	84.83	88.46	0.00	39	0	42	0.00	0.00	64.62	7.68	0.00	0.00	2000
228	11.32	2029	2082	0.00	196	0	0	0	nan	0.00	0.00	4.05	84.02	88.68	0.00	39	0	42	0.00	0.00	64.20	7.47	0.00	0.00	2000
229	11.07	2044	2128	0.00	194	0	0	0	nan	0.00	0.00	4.29	85.91	88.93	0.00	39	0	42	0.00	0.00	64.65	7.65	0.00	0.00	2000
230	11.24	2062	2087	0.00	195	0	0	0	nan	0.00	0.00	3.93	84.48	88.76	0.00	39	0	42	0.00	0.00	64.35	7.55	0.00	0.00	2000
228	11.51	1978	2106	0.01	194	0	0	4	69.28	0.00	0.00	3.98	84.97	88.49	0.00	39	0	42	0.00	0.00	64.17	7.35	0.00	0.00	2000
228	11.21	2043	2089	1.39	195	0	0	4	77.08	0.00	0.02	4.00	84.45	88.79	0.00	39	0	42	0.00	0.00	64.12	7.53	0.00	0.00	2000
231	11.40	2022	2104	0.00	198	0	0	0	nan	0.00	0.00	5.77	83.20	88.60	0.00	39	0	42	0.00	0.00	64.74	7.45	0.00	0.00	2000
228	11.03	2064	2101	0.00	197	0	0	0	nan	0.00	0.00	4.07	85.11	88.97	0.00	39	0	42	0.00	0.00	64.05	7.47	0.00	0.00	2000
231	11.80	1957	2102	0.00	195	0	0	0	nan	0.00	0.00	4.72	83.76	88.20	0.00	39	0	42	0.00	0.00	64.53	7.49	0.00	0.00	2000
228	11.32	2020	2090	0.00	196	0	0	0	nan	0.00	0.00	3.78	84.60	88.68	0.00	39	0	42	0.00	0.00	64.07	7.51	0.00	0.00	2000
230	11.47	1996	2106	0.00	195	0	0	0	nan	0.00	0.00	4.88	84.06	88.53	0.00	39	0	42	0.00	0.00	64.65	7.52	0.00	0.00	2000
227	11.42	1982	2110	0.00	196	0	0	0	nan	0.00	0.00	4.03	85.19	88.58	0.00	39	0	42	0.00	0.00	63.71	7.61	0.00	0.00	2000
228	11.60	1967	2098	0.00	194	0	0	0	nan	0.00	0.00	4.07	84.47	88.40	0.00	39	0	42	0.00	0.00	64.46	7.47	0.00	0.00	2000
229	11.40	2042	2067	0.00	196	0	0	0	nan	0.00	0.00	4.38	82.85	88.60	0.00	39	0	42	0.00	0.00	64.35	7.63	0.00	0.00	2000
229	11.12	2031	2127	0.00	194	0	0	0	nan	0.00	0.00	4.08	86.16	88.88	0.00	40	0	42	0.00	0.00	64.35	7.55	0.00	0.00	2000
227	11.15	2032	2104	0.00	194	0	0	0	nan	0.00	0.00	4.41	84.82	88.85	0.00	39	0	42	0.00	0.00	64.20	7.53	0.00	0.00	2000
229	11.47	2010	2088	0.00	196	0	0	0	nan	0.00	0.00	4.88	83.36	88.53	0.00	39	0	42	0.00	0.00	63.99	7.59	0.00	0.00	2000
227	11.07	2043	2111	0.00	196	0	0	0	nan	0.00	0.02	4.41	85.19	88.93	0.00	39	0	42	0.00	0.00	64.33	7.57	0.00	0.00	2000
230	11.42	2007	2110	0.00	195	0	0	0	nan	0.00	0.01	2.96	86.14	88.58	0.00	39	0	42	0.00	0.00	64.37	7.53	0.00	0.00	2000
229	11.35	2040	2082	0.00	194	0	0	0	nan	0.00	0.00	3.41	84.58	88.65	0.00	39	0	42	0.00	0.00	64.63	7.65	0.00	0.00	2000
230	11.59	1982	2104	0.00	197	0	0	0	nan	0.00	0.00	6.15	82.63	88.41	0.00	39	0	42	0.00	0.00	64.28	7.68	0.00	0.00	2000
227	11.22	2019	2106	0.00	197	0	0	3	76.15	0.00	0.00	3.80	85.38	88.78	0.00	39	0	42	0.00	0.00	64.06	7.72	0.00	0.00	2000
230	11.37	2021	2101	1.36	195	0	0	5	79.18	0.00	0.00	3.56	85.33	88.63	0.00	39	0	42	0.00	0.00	64.93	7.76	0.00	0.00	2000
228	11.36	2006	2100	0.00	195	0	0	0	nan	0.00	0.00	3.27	85.45	88.64	0.00	39	0	42	0.00	0.00	63.92	7.81	0.00	0.00	2000
230	11.65	1971	2104	0.00	196	0	0	0	nan	0.00	0.00	4.26	84.44	88.35	0.00	39	0	42	0.00	0.00	64.21	7.77	0.00	0.00	2000
228	11.46	2000	2092	0.00	196	0	0	0	nan	0.00	0.00	3.37	85.05	88.54	0.00	39	0	42	0.00	0.00	64.20	7.53	0.00	0.00	2000
229	11.41	1997	2111	0.00	195	0	0	0	nan	0.00	0.00	3.38	85.90	88.59	0.00	39	0	42	0.00	0.00	64.30	7.50	0.00	0.00	2000
227	10.97	2088	2082	0.00	195	0	0	0	nan	0.00	0.00	3.44	84.97	89.03	0.00	39	0	42	0.00	0.00	64.47	7.73	0.00	0.00	2000
228	11.16	2032	2115	0.00	195	0	0	0	nan	0.00	0.02	4.35	85.24	88.84	0.00	39	0	42	0.00	0.00	64.41	7.80	0.00	0.00	2000
230	11.04	2081	2098	0.00	196	0	0	0	nan	0.00	0.00	3.55	85.47	88.96	0.00	39	0	42	0.00	0.00	65.22	7.64	0.00	0.00	2000
230	11.20	2034	2117	0.00	195	0	0	0	nan	0.00	0.00	3.78	85.94	88.80	0.00	39	0	42	0.00	0.00	65.18	7.78	0.00	0.00	2000
225	11.63	2019	2009	0.00	193	0	0	0	nan	0.00	0.00	3.46	81.27	88.37	0.00	39	0	42	0.00	0.00	56.96	6.72	0.00	0.00	2000
232	10.99	2047	2165	0.00	194	0	0	0	nan	0.00	0.01	3.14	88.80	89.01	0.00	39	0	42	0.00	0.00	69.61	8.18	0.00	0.00	2000
227	11.30	2027	2082	0.00	196	0	0	0	nan	0.00	0.00	3.96	84.10	88.70	0.00	39	0	42	0.00	0.00	64.21	7.54	0.00	0.00	2000
231	11.34	2012	2129	0.00	196	0	0	0	nan	0.00	0.00	5.15	84.87	88.66	0.00	39	0	42	0.00	0.00	64.51	7.68	0.00	0.00	2000
227	11.39	2002	2090	0.00	195	0	0	0	nan	0.00	0.00	3.56	84.84	88.61	0.00	39	0	42	0.00	0.00	64.30	7.59	0.00	0.00	2000
230	11.34	2025	2108	0.00	196	0	0	0	nan	0.00	0.00	4.58	84.63	88.66	0.00	38	0	42	0.00	0.00	63.99	7.70	0.00	0.00	2000
227	11.52	1974	2099	0.00	196	0	0	0	nan	0.00	0.00	3.61	84.98	88.48	0.00	39	0	42	0.00	0.00	64.11	7.60	0.00	0.00	2000
229	11.23	2035	2107	0.00	194	0	0	1	77.96	0.00	0.00	3.48	85.77	88.77	0.00	39	0	42	0.00	0.00	64.47	7.60	0.00	0.00	2000
229	11.33	2057	2063	1.42	196	0	0	6	74.64	0.00	0.00	3.43	83.86	88.67	0.00	39	0	42	0.00	0.00	61.27	7.31	0.00	0.00	2000
230	11.02	2050	2137	0.00	196	0	0	0	nan	0.00	0.02	4.47	86.31	88.98	0.00	39	0	42	0.00	0.00	67.79	8.02	0.00	0.00	2000
228	11.06	2105	2055	0.00	197	0	0	0	nan	0.00	0.01	3.56	83.67	88.94	0.00	39	0	42	0.00	0.00	60.68	7.20	0.00	0.00	2000
230	11.23	2010	2139	0.00	194	0	0	0	nan	0.00	0.02	4.11	86.44	88.77	0.00	39	0	42	0.00	0.00	67.89	7.96	0.00	0.00	2000
227	11.38	2028	2066	0.00	195	0	0	0	nan	0.00	0.03	3.50	83.82	88.62	0.00	39	0	42	0.00	0.00	60.65	7.23	0.00	0.00	2000
226	11.55	2017	2039	0.00	200	0	0	0	nan	0.00	0.01	3.32	82.73	88.45	0.00	39	0	42	0.00	0.00	62.18	7.51	0.00	0.00	2000
231	10.79	2068	2177	0.00	213	0	0	0	nan	0.00	0.00	3.33	89.31	89.21	0.00	39	0	42	0.00	0.00	66.56	7.94	0.00	0.00	2000
231	11.24	2039	2116	0.00	195	0	0	0	nan	0.00	0.01	4.50	85.12	88.76	0.00	39	0	42	0.00	0.00	67.61	7.80	0.00	0.00	2000
227	11.34	2007	2095	0.00	195	0	0	0	nan	0.00	0.00	3.93	84.70	88.66	0.00	39	0	42	0.00	0.00	64.02	7.49	0.00	0.00	2000
228	11.31	2005	2114	0.00	194	0	0	0	nan	0.00	0.00	4.53	84.98	88.69	0.00	39	0	42	0.00	0.00	64.18	7.46	0.00	0.00	2000
229	11.50	2025	2067	0.00	198	0	0	0	nan	0.00	0.00	3.87	83.42	88.50	0.00	39	0	42	0.00	0.00	58.70	6.74	0.00	0.00	2000
229	11.08	2032	2133	0.00	194	0	0	0	nan	0.00	0.00	4.12	86.40	88.92	0.00	39	0	42	0.00	0.00	69.94	8.06	0.00	0.00	2000
228	11.03	2084	2086	0.00	194	0	0	0	nan	0.00	0.00	3.85	84.61	88.97	0.00	39	0	42	0.00	0.00	64.70	7.62	0.00	0.00	2000
228	11.41	1982	2119	0.00	194	0	0	0	nan	0.00	0.00	4.33	85.29	88.59	0.00	39	0	42	0.00	0.00	64.03	7.76	0.00	0.00	2000
228	11.45	2033	2061	0.00	195	0	0	0	nan	0.00	0.00	3.55	83.51	88.55	0.00	39	0	42	0.00	0.00	58.85	6.80	0.00	0.00	2000
233	11.74	2016	2068	0.00	197	0	0	0	nan	0.00	0.01	4.59	82.45	88.26	0.00	39	0	42	0.00	0.00	65.66	7.64	0.00	0.00	2000
230	11.06	2046	2133	0.00	210	0	0	1	79.14	0.00	0.00	1.81	88.71	88.94	0.00	39	0	42	0.00	0.00	63.03	7.44	0.00	0.00	2000
230	11.48	1984	2121	1.42	195	0	0	6	75.84	0.00	0.03	4.11	85.48	88.52	0.00	39	0	42	0.00	0.00	66.55	7.96	0.00	0.00	2000
227	11.42	1987	2103	0.00	196	0	0	0	nan	0.00	0.00	4.65	84.27	88.58	0.00	40	0	42	0.00	0.00	66.80	7.56	0.00	0.00	2000
230	11.35	2013	2117	0.00	195	0	0	0	nan	0.00	0.00	4.11	85.35	88.65	0.00	39	0	42	0.00	0.00	64.26	7.92	0.00	0.00	2000
229	11.45	2033	2063	0.00	196	0	0	0	nan	0.00	0.00	3.94	83.22	88.55	0.00	39	0	42	0.00	0.00	59.19	6.87	0.00	0.00	2000
228	11.02	2036	2138	0.00	194	0	0	0	nan	0.00	0.00	4.24	86.58	88.98	0.00	39	0	42	0.00	0.00	69.53	8.11	0.00	0.00	2000
228	11.24	2066	2061	0.00	199	0	0	0	nan	0.00	0.00	4.57	82.76	88.76	0.00	39	0	42	0.00	0.00	58.84	6.88	0.00	0.00	2000
230	11.10	2040	2135	0.00	194	0	0	0	nan	0.00	0.00	4.76	85.83	88.90	0.00	39	0	42	0.00	0.00	69.83	8.17	0.00	0.00	2000
226	11.26	2034	2078	0.00	195	0	0	0	nan	0.00	0.00	3.55	84.44	88.74	0.00	39	0	42	0.00	0.00	58.64	6.89	0.00	0.00	2000
230	11.55	1975	2117	0.00	195	0	0	0	nan	0.00	0.00	5.20	84.18	88.45	0.00	39	0	42	0.00	0.00	66.63	7.81	0.00	0.00	2000
228	11.14	2058	2087	0.00	195	0	0	0	nan	0.00	0.00	3.77	84.71	88.86	0.00	39	0	42	0.00	0.00	61.63	7.20	0.00	0.00	2000
229	11.31	2026	2096	0.00	196	0	0	0	nan	0.00	0.00	5.10	83.51	88.69	0.00	40	0	42	0.00	0.00	64.26	7.43	0.00	0.00	2000
228	11.16	2054	2091	0.00	193	0	0	0	nan	0.00	0.00	4.55	84.01	88.84	0.00	39	0	42	0.00	0.00	64.16	7.58	0.00	0.00	2000
230	11.23	2017	2128	0.00	195	0	0	0	nan	0.01	0.00	4.82	85.31	88.77	0.00	39	0	42	0.00	0.00	66.82	8.00	0.00	0.00	2000
227	11.41	1998	2090	0.00	194	0	0	0	nan	0.00	0.00	4.52	83.83	88.59	0.00	39	0	42	0.00	0.00	61.64	7.25	0.00	0.00	2000
233	11.55	1995	2120	0.00	197	0	0	0	nan	0.00	0.00	5.71	83.78	88.45	0.00	39	0	42	0.00	0.00	69.53	8.27	0.00	0.00	2000
228	11.33	2026	2081	0.00	195	0	0	0	nan	0.00	0.00	3.29	84.78	88.67	0.00	39	0	42	0.00	0.00	58.86	6.82	0.00	0.00	2000
229	11.32	2030	2089	0.00	194	0	0	0	nan	0.01	0.00	4.17	84.14	88.68	0.00	39	0	42	0.00	0.00	64.52	7.55	0.00	0.00	2000
228	11.17	2025	2116	1.01	196	0	0	26	11.62	0.00	0.00	4.33	85.39	88.83	0.00	39	0	42	0.00	0.00	63.80	7.90	0.00	0.00	2000
229	11.40	2010	2095	0.38	196	0	0	0	nan	0.00	0.00	4.36	84.24	88.60	0.00	39	0	42	0.00	0.00	64.21	7.64	0.00	0.00	2000
229	11.25	2035	2098	0.00	196	0	0	0	nan	0.00	0.00	4.44	84.35	88.75	0.00	39	0	42	0.00	0.00	64.42	7.44	0.00	0.00	2000
229	11.44	1989	2112	0.00	195	0	0	0	nan	0.00	0.00	3.63	85.65	88.56	0.00	39	0	42	0.00	0.00	64.02	7.63	0.00	0.00	2000
227	11.47	1988	2096	0.00	195	0	0	0	nan	0.00	0.00	4.02	84.50	88.53	0.00	39	0	42	0.00	0.00	64.39	7.36	0.00	0.00	2000
229	11.59	1986	2088	0.00	197	0	0	0	nan	0.00	0.00	4.34	83.74	88.41	0.00	39	0	42	0.00	0.00	64.08	7.52	0.00	0.00	2000
227	11.25	2003	2116	0.00	194	0	0	0	nan	0.00	0.00	4.32	85.29	88.75	0.00	39	0	42	0.00	0.00	64.26	7.56	0.00	0.00	2000
231	11.39	2017	2107	0.00	195	0	0	0	nan	0.00	0.00	4.13	84.94	88.61	0.00	39	0	42	0.00	0.00	64.52	7.47	0.00	0.00	2000
228	11.37	2026	2079	0.00	198	0	0	0	nan	0.00	0.00	4.92	82.99	88.63	0.00	39	0	42	0.00	0.00	64.49	7.64	0.00	0.00	2000
229	11.50	1976	2113	0.00	197	0	0	0	nan	0.01	0.00	5.42	83.83	88.50	0.00	39	0	42	0.00	0.00	63.88	7.71	0.00	0.00	2000
227	11.23	2026	2091	0.00	194	0	0	0	nan	0.00	0.00	3.83	84.72	88.77	0.00	39	0	42	0.00	0.00	64.27	7.49	0.00	0.00	2000
241	11.77	2034	2115	0.00	195	0	0	0	nan	0.00	0.03	4.37	84.69	88.23	0.00	39	0	42	0.00	0.00	63.66	7.57	0.00	0.00	2000
230	11.30	2070	2069	0.00	196	0	0	0	nan	0.01	0.02	4.66	82.94	88.70	0.00	39	0	42	0.00	0.00	64.74	7.64	0.00	0.00	2000
231	11.42	2013	2114	0.00	196	0	0	0	nan	0.00	0.00	4.60	84.72	88.58	0.00	39	0	42	0.00	0.00	65.28	7.55	0.00	0.00	2000
228	11.12	2067	2080	0.00	196	0	0	0	nan	0.00	0.00	4.81	83.43	88.88	0.00	39	0	42	0.00	0.00	63.75	7.53	0.00	0.00	2000
229	11.06	2044	2127	0.00	194	0	0	0	nan	0.00	0.00	4.06	86.23	88.94	0.00	39	0	42	0.00	0.00	64.64	7.40	0.00	0.00	2000
229	11.14	2064	2095	0.00	199	0	0	0	nan	0.00	0.00	3.81	85.03	88.86	0.00	39	0	42	0.00	0.00	64.61	7.68	0.00	0.00	2000
228	11.68	1974	2078	0.81	195	0	0	5	72.75	0.00	0.00	4.26	83.28	88.32	0.00	39	0	42	0.00	0.00	61.99	7.36	0.00	0.00	2000
227	11.49	2042	2036	0.62	211	0	0	0	nan	0.00	0.02	3.23	82.66	88.51	0.00	39	0	42	0.00	0.00	61.18	7.18	0.00	0.00	2000
233	11.05	2006	2209	0.00	194	0	0	0	nan	0.00	0.03	3.32	90.40	88.95	0.00	39	0	42	0.00	0.00	70.23	8.09	0.00	0.00	2000
227	11.25	2041	2081	0.00	196	0	0	0	nan	0.00	0.00	3.10	85.03	88.75	0.00	39	0	42	0.00	0.00	63.99	7.33	0.00	0.00	2000
230	11.49	1988	2113	0.00	195	0	0	0	nan	0.00	0.00	4.77	84.51	88.51	0.00	39	0	42	0.00	0.00	64.19	7.67	0.00	0.00	2000
229	11.46	2000	2098	0.00	197	0	0	0	nan	0.00	0.00	4.33	84.36	88.54	0.00	39	0	42	0.00	0.00	64.20	7.35	0.00	0.00	2000
229	11.30	2015	2108	0.00	195	0	0	0	nan	0.00	0.00	3.82	85.43	88.70	0.00	39	0	42	0.00	0.00	64.09	7.54	0.00	0.00	2000
228	11.20	2076	2059	0.00	195	0	0	0	nan	0.00	0.02	3.59	83.64	88.80	0.00	39	0	42	0.00	0.00	64.68	7.58	0.00	0.00	2000
230	11.13	2054	2112	0.00	194	0	0	0	nan	0.00	0.00	4.73	84.81	88.87	0.00	39	0	42	0.00	0.00	64.37	7.57	0.00	0.00	2000
228	11.02	2072	2094	0.00	196	0	0	0	nan	0.00	0.00	4.37	84.54	88.98	0.00	39	0	42	0.00	0.00	64.16	7.61	0.00	0.00	2000
225	11.63	2003	2033	0.00	195	0	0	0	nan	0.00	0.00	4.13	81.62	88.37	0.00	40	0	42	0.00	0.00	58.67	6.87	0.00	0.00	2000
231	11.20	1999	2165	0.00	213	0	0	0	nan	0.00	0.01	3.33	88.46	88.80	0.00	39	0	42	0.00	0.00	69.74	8.17	0.00	0.00	2000
231	11.12	2061	2113	0.00	196	0	0	0	nan	0.00	0.00	4.36	85.17	88.88	0.00	39	0	42	0.00	0.00	64.53	7.53	0.00	0.00	2000
229	11.16	2061	2088	0.00	195	0	0	0	nan	0.00	0.00	3.81	84.62	88.84	0.00	39	0	42	0.00	0.00	64.36	7.58	0.00	0.00	2000
230	11.21	2042	2113	0.00	195	0	0	0	nan	0.00	0.00	4.25	85.25	88.79	0.00	39	0	42	0.00	0.00	64.25	7.57	0.00	0.00	2000
231	11.33	2050	2086	0.00	196	0	0	0	nan	0.00	0.00	4.47	83.71	88.67	0.00	39	0	42	0.00	0.00	64.29	7.44	0.00	0.00	2000
231	11.18	2027	2136	0.00	195	0	0	0	nan	0.00	0.00	4.27	86.26	88.82	0.00	39	0	42	0.00	0.00	64.58	7.41	0.00	0.00	2000
227	11.27	2017	2096	0.77	196	0	0	6	74.11	0.00	0.00	3.33	85.40	88.73	0.00	39	0	42	0.00	0.00	64.18	7.54	0.00	0.00	2000
229	11.31	2039	2088	0.72	194	0	0	0	83.28	0.00	0.00	3.78	84.51	88.69	0.00	39	0	42	0.00	0.00	64.65	7.53	0.00	0.00	2000
227	11.28	1991	2124	0.00	196	0	0	0	nan	0.00	0.00	4.13	85.83	88.72	0.00	39	0	42	0.00	0.00	64.34	7.67	0.00	0.00	2000
230	11.70	2004	2064	0.00	195	0	0	0	nan	0.00	0.00	2.92	84.06	88.30	0.00	38	0	42	0.00	0.00	63.73	7.32	0.00	0.00	2000
230	11.17	2037	2123	0.00	197	0	0	0	nan	0.00	0.00	4.80	85.18	88.83	0.00	39	0	42	0.00	0.00	64.60	7.77	0.00	0.00	2000
229	11.41	2000	2104	0.00	194	0	0	0	nan	0.00	0.00	4.45	84.47	88.59	0.00	39	0	42	0.00	0.00	64.52	7.58	0.00	0.00	2000
228	11.40	2012	2083	0.00	195	0	0	0	nan	0.00	0.00	3.85	84.19	88.60	0.00	39	0	42	0.00	0.00	64.60	7.32	0.00	0.00	2000
229	11.43	1987	2119	0.00	195	0	0	0	nan	0.00	0.00	5.17	84.43	88.57	0.00	39	0	42	0.00	0.00	64.36	7.48	0.00	0.00	2000
228	11.36	2010	2097	0.00	195	0	0	0	nan	0.00	0.00	4.68	84.00	88.64	0.00	39	0	42	0.00	0.00	64.09	7.68	0.00	0.00	2000
231	11.59	1979	2111	0.00	195	0	0	0	nan	0.00	0.00	3.76	85.35	88.41	0.00	39	0	42	0.00	0.00	64.55	7.52	0.00	0.00	2000
227	11.47	2003	2076	0.00	195	0	0	0	nan	0.00	0.02	3.66	84.09	88.53	0.00	39	0	42	0.00	0.00	63.94	7.68	0.00	0.00	2000
229	11.17	2032	2121	0.00	195	0	0	0	nan	0.00	0.00	4.03	85.85	88.83	0.00	39	0	42	0.00	0.00	64.31	7.68	0.00	0.00	2000
227	11.28	2041	2074	0.00	195	0	0	0	nan	0.00	0.00	3.85	84.00	88.72	0.00	39	0	42	0.00	0.00	64.30	7.58	0.00	0.00	2000
231	11.29	2046	2096	0.00	196	0	0	0	nan	0.00	0.02	4.76	83.88	88.71	0.00	39	0	42	0.00	0.00	64.34	7.88	0.00	0.00	2000
231	11.39	2025	2100	0.00	197	0	0	0	nan	0.00	0.00	5.24	83.45	88.61	0.00	39	0	42	0.00	0.00	64.70	7.55	0.00	0.00	2000
235	11.32	2048	2127	0.00	213	0	0	0	nan	0.00	0.00	8.91	81.10	88.68	0.00	39	0	42	0.00	0.00	64.61	7.57	0.00	0.00	2000
228	11.32	2051	2061	0.00	196	0	0	0	nan	0.00	0.00	4.24	82.99	88.68	0.00	39	0	42	0.00	0.00	61.20	7.24	0.00	0.00	2000
229	11.30	2003	2125	0.42	195	0	0	6	74.45	0.00	0.00	5.03	84.89	88.70	0.00	40	0	42	0.00	0.00	67.73	7.69	0.00	0.00	2000
227	11.40	1990	2105	1.07	195	0	0	2	85.44	0.00	0.00	4.42	84.59	88.60	0.00	39	0	42	0.00	0.00	64.11	7.52	0.00	0.00	2000
231	11.65	1984	2103	0.00	196	0	0	0	nan	0.00	0.00	4.42	84.19	88.35	0.00	39	0	42	0.00	0.00	64.63	7.37	0.00	0.00	2000
227	11.44	1987	2100	0.00	195	0	0	0	nan	0.00	0.00	3.72	85.01	88.56	0.00	40	0	42	0.00	0.00	64.08	7.46	0.00	0.00	2000
230	11.38	2016	2107	0.00	196	0	0	0	nan	0.00	0.00	3.99	85.07	88.62	0.00	39	0	42	0.00	0.00	64.54	7.43	0.00	0.00	2000
228	11.23	2054	2072	0.00	196	0	0	0	nan	0.00	0.00	3.03	84.78	88.77	0.00	39	0	42	0.00	0.00	61.65	7.36	0.00	0.00	2000
229	11.13	2044	2117	0.00	195	0	0	0	nan	0.00	0.00	3.37	86.37	88.87	0.00	39	0	42	0.00	0.00	67.00	7.90	0.00	0.00	2000
229	11.55	2011	2072	0.00	195	0	0	0	nan	0.00	0.00	4.05	83.38	88.45	0.00	39	0	42	0.00	0.00	61.49	7.14	0.00	0.00	2000
229	11.34	2008	2113	0.00	195	0	0	0	nan	0.00	0.00	4.69	84.61	88.66	0.00	39	0	42	0.00	0.00	67.11	7.89	0.00	0.00	2000
227	11.14	2024	2117	0.00	196	0	0	0	nan	0.00	0.00	3.94	85.82	88.86	0.00	39	0	42	0.00	0.00	64.59	7.45	0.00	0.00	2000
228	11.57	1967	2108	0.00	195	0	0	0	nan	0.00	0.00	3.75	85.21	88.43	0.00	39	0	42	0.00	0.00	64.17	7.46	0.00	0.00	2000
227	11.35	2022	2073	0.00	194	0	0	0	nan	0.00	0.00	3.20	84.41	88.65	0.00	39	0	42	0.00	0.00	61.47	7.18	0.00	0.00	2000
229	11.81	1987	2053	0.00	198	0	0	0	nan	0.00	0.00	4.52	81.85	88.19	0.00	39	0	42	0.00	0.00	63.54	7.27	0.00	0.00	2000
237	11.29	2063	2138	0.00	215	0	0	0	nan	0.00	0.00	3.07	87.41	88.71	0.00	39	0	42	0.00	0.00	63.48	7.64	0.00	0.00	2000
229	11.42	1977	2130	0.00	194	0	0	0	nan	0.00	0.00	3.88	86.18	88.58	0.00	39	0	42	0.00	0.00	69.50	7.99	0.00	0.00	2000
229	11.11	2061	2102	0.00	195	0	0	0	nan	0.00	0.00	3.89	85.11	88.89	0.00	39	0	42	0.00	0.00	64.83	7.69	0.00	0.00	2000
230	11.22	2064	2088	0.00	196	0	0	0	nan	0.00	0.00	3.50	84.84	88.78	0.00	39	0	42	0.00	0.00	64.87	7.28	0.00	0.00	2000
230	11.20	2070	2081	0.19	197	0	0	5	74.65	0.00	0.00	4.81	83.30	88.80	0.00	39	0	42	0.00	0.00	58.78	6.94	0.00	0.00	2000
231	10.99	2068	2133	1.22	198	0	0	3	83.12	0.00	0.00	4.25	86.27	89.01	0.00	39	0	42	0.00	0.00	70.26	8.14	0.00	0.00	2000
227	11.23	2042	2079	0.00	196	0	0	0	nan	0.00	0.00	4.09	83.95	88.77	0.00	39	0	42	0.00	0.00	61.47	7.26	0.00	0.00	2000
228	11.11	2055	2100	0.00	194	0	0	0	nan	0.00	0.01	4.45	84.57	88.89	0.00	39	0	42	0.00	0.00	61.58	7.14	0.00	0.00	2000
228	11.08	2054	2101	0.00	197	0	0	0	nan	0.00	0.00	4.17	84.91	88.92	0.00	39	0	42	0.00	0.00	66.77	7.92	0.00	0.00	2000
231	11.55	1980	2125	0.00	195	0	0	0	nan	0.00	0.00	4.97	84.71	88.45	0.00	40	0	42	0.00	0.00	67.17	7.96	0.00	0.00	2000
227	11.45	2012	2072	0.00	194	0	0	0	nan	0.00	0.00	3.62	83.84	88.55	0.00	39	0	42	0.00	0.00	61.15	7.30	0.00	0.00	2000
229	11.12	2035	2122	0.00	194	0	0	0	nan	0.00	0.00	4.78	85.20	88.88	0.00	39	0	42	0.00	0.00	66.84	7.65	0.00	0.00	2000
227	11.42	1991	2098	0.00	197	0	0	0	nan	0.00	0.00	3.74	84.98	88.58	0.00	39	0	42	0.00	0.00	64.17	7.83	0.00	0.00	2000
229	11.44	2002	2099	0.00	195	0	0	0	nan	0.00	0.00	3.75	84.95	88.56	0.00	39	0	42	0.00	0.00	59.59	7.07	0.00	0.00	2000
227	11.31	2033	2073	0.00	196	0	0	0	nan	0.00	0.03	3.11	84.60	88.69	0.00	39	0	42	0.00	0.00	63.49	7.54	0.00	0.00	2000
231	11.63	1976	2112	0.00	196	0	0	0	nan	0.00	0.03	3.98	85.11	88.37	0.00	39	0	42	0.00	0.00	64.10	7.52	0.00	0.00	2000
230	11.21	2046	2102	0.00	196	0	0	0	nan	0.01	0.00	4.09	84.98	88.79	0.00	39	0	42	0.00	0.00	64.08	7.51	0.00	0.00	2000
229	11.17	2033	2118	0.00	195	0	0	0	nan	0.00	0.00	4.44	85.37	88.83	0.00	39	0	42	0.00	0.00	66.73	7.91	0.00	0.00	2000
227	11.20	2026	2099	0.00	195	0	0	0	nan	0.00	0.00	3.25	85.73	88.80	0.00	39	0	42	0.00	0.00	61.85	7.23	0.00	0.00	2000
229	11.26	2048	2084	0.00	196	0	0	0	nan	0.01	0.00	3.71	84.46	88.74	0.00	39	0	42	0.00	0.00	64.27	7.39	0.00	0.00	2000
230	11.64	1972	2103	0.00	197	0	0	0	nan	0.00	0.00	4.77	83.94	88.36	0.00	39	0	42	0.00	0.00	64.33	7.53	0.00	0.00	2000
229	11.19	2031	2115	0.00	194	0	0	4	77.12	0.00	0.00	4.40	85.20	88.81	0.00	39	0	42	0.00	0.00	64.35	7.39	0.00	0.00	2000
227	11.25	2022	2095	1.36	193	0	0	4	75.66	0.00	0.00	2.91	85.80	88.75	0.00	39	0	42	0.00	0.00	64.01	7.65	0.00	0.00	2000
229	11.32	2017	2103	0.00	194	0	0	0	nan	0.00	0.00	3.24	85.78	88.68	0.00	39	0	42	0.00	0.00	64.47	7.51	0.00	0.00	2000
228	11.24	2043	2083	0.00	196	0	0	0	nan	0.00	0.00	3.62	84.46	88.76	0.00	39	0	42	0.00	0.00	64.61	7.50	0.00	0.00	2000
231	11.46	1999	2117	0.00	196	0	0	0	nan	0.00	0.00	5.14	84.32	88.54	0.00	39	0	42	0.00	0.00	64.11	7.58	0.00	0.00	2000
229	11.06	2074	2094	0.00	200	0	0	0	nan	0.00	0.00	4.56	84.22	88.94	0.00	39	0	42	0.00	0.00	64.90	7.60	0.00	0.00	2000
230	11.39	2019	2100	0.00	194	0	0	0	nan	0.00	0.00	3.91	84.85	88.61	0.00	39	0	42	0.00	0.00	64.33	7.57	0.00	0.00	2000
228	11.31	2021	2092	0.00	197	0	0	0	nan	0.00	0.00	4.27	84.32	88.69	0.00	39	0	42	0.00	0.00	64.19	7.37	0.00	0.00	2000
229	11.10	2053	2111	0.00	195	0	0	0	nan	0.00	0.00	4.47	84.98	88.90	0.00	39	0	42	0.00	0.00	64.42	7.57	0.00	0.00	2000
229	11.57	2009	2070	0.00	196	0	0	0	nan	0.00	0.00	4.35	83.00	88.43	0.00	39	0	42	0.00	0.00	63.99	7.45	0.00	0.00	2000
228	11.01	2055	2120	0.00	194	0	0	0	nan	0.01	0.00	3.68	86.32	88.99	0.00	39	0	42	0.00	0.00	64.41	7.47	0.00	0.00	2000
228	11.07	2044	2113	0.00	196	0	0	0	nan	0.00	0.00	4.41	85.19	88.93	0.00	39	0	42	0.00	0.00	64.57	7.48	0.00	0.00	2000
242	12.22	1998	2079	0.00	195	0	0	0	nan	0.00	0.00	3.90	83.13	87.78	0.00	39	0	42	0.00	0.00	64.44	7.57	0.00	0.00	2000
228	11.21	2021	2114	0.00	195	0	0	0	nan	0.00	0.00	4.64	84.92	88.79	0.00	39	0	42	0.00	0.00	64.37	7.43	0.00	0.00	2000
230	11.75	1973	2087	0.00	197	0	0	0	nan	0.00	0.00	5.26	82.60	88.25	0.00	39	0	42	0.00	0.00	64.66	7.58	0.00	0.00	2000
229	11.38	2026	2088	0.00	197	0	0	0	nan	0.00	0.00	5.53	82.80	88.62	0.00	39	0	42	0.00	0.00	63.76	7.79	0.00	0.00	2000
230	11.49	1986	2119	0.00	195	0	0	0	nan	0.00	0.00	4.78	84.77	88.51	0.00	39	0	42	0.00	0.00	64.08	7.53	0.00	0.00	2000
228	11.17	2035	2111	0.00	195	0	0	2	79.09	0.00	0.00	4.86	84.58	88.83	0.00	39	0	42	0.00	0.00	64.85	7.47	0.00	0.00	2000
229	11.31	2022	2104	1.43	195	0	0	6	76.79	0.00	0.00	3.80	85.21	88.69	0.00	39	0	42	0.00	0.00	64.88	7.65	0.00	0.00	2000
228	11.19	2045	2094	0.00	195	0	0	0	nan	0.00	0.00	3.57	85.17	88.81	0.00	39	0	42	0.00	0.00	64.14	7.49	0.00	0.00	2000
230	11.38	2020	2105	0.00	197	0	0	0	nan	0.00	0.00	4.89	84.13	88.62	0.00	39	0	42	0.00	0.00	64.20	7.52	0.00	0.00	2000
227	11.07	2059	2091	0.00	194	0	0	0	nan	0.00	0.00	3.93	84.69	88.93	0.00	39	0	42	0.00	0.00	64.29	7.51	0.00	0.00	2000
228	11.07	2049	2114	0.00	194	0	0	0	nan	0.00	0.01	3.59	86.04	88.93	0.00	39	0	42	0.00	0.00	64.32	7.53	0.00	0.00	2000
228	11.24	2054	2071	0.00	195	0	0	0	nan	0.00	0.00	3.39	84.30	88.76	0.00	39	0	42	0.00	0.00	64.46	7.33	0.00	0.00	2000
229	11.43	1986	2122	0.00	196	0	0	0	nan	0.00	0.00	4.65	85.06	88.57	0.00	39	0	42	0.00	0.00	64.33	7.58	0.00	0.00	2000
231	11.82	1962	2094	0.00	199	0	0	0	nan	0.00	0.00	5.69	82.44	88.18	0.00	39	0	42	0.00	0.00	64.32	7.30	0.00	0.00	2000
228	11.38	1995	2110	0.00	195	0	0	0	nan	0.00	0.00	4.43	84.81	88.62	0.00	39	0	42	0.00	0.00	64.58	7.50	0.00	0.00	2000
228	11.19	2056	2084	0.00	195	0	0	0	nan	0.00	0.00	3.88	84.42	88.81	0.00	39	0	42	0.00	0.00	64.14	7.57	0.00	0.00	2000
229	11.34	2018	2100	0.00	196	0	0	0	nan	0.00	0.00	4.35	84.46	88.66	0.00	39	0	42	0.00	0.00	64.03	7.62	0.00	0.00	2000
229	11.31	2044	2080	0.00	195	0	0	0	nan	0.00	0.00	4.35	83.70	88.69	0.00	39	0	42	0.00	0.00	64.15	7.67	0.00	0.00	2000
232	11.26	2051	2112	0.00	197	0	0	0	nan	0.00	0.00	4.51	84.90	88.74	0.00	39	0	42	0.00	0.00	64.77	7.79	0.00	0.00	2000
228	11.15	2033	2111	0.00	195	0	0	0	nan	0.00	0.00	4.42	85.09	88.85	0.00	39	0	42	0.00	0.00	63.92	7.66	0.00	0.00	2000
230	11.50	2008	2091	0.00	196	0	0	0	nan	0.00	0.01	4.37	83.94	88.50	0.00	39	0	42	0.00	0.00	64.91	7.50	0.00	0.00	2000
229	11.14	2054	2099	0.00	194	0	0	0	nan	0.00	0.00	4.36	84.61	88.86	0.00	39	0	42	0.00	0.00	64.43	7.62	0.00	0.00	2000
229	11.33	1995	2126	0.00	194	0	0	0	94.97	0.00	0.00	4.51	85.48	88.67	0.00	39	0	42	0.00	0.00	63.97	7.53	0.00	0.00	2000
230	11.42	2038	2072	1.25	195	0	0	6	70.16	0.00	0.00	3.48	84.11	88.58	0.00	39	0	42	0.00	0.00	64.49	7.72	0.00	0.00	2000
230	11.21	2025	2129	0.20	194	0	0	0	nan	0.00	0.00	4.10	86.09	88.79	0.00	39	0	42	0.00	0.00	64.27	7.69	0.00	0.00	2000
228	11.24	2032	2092	0.00	196	0	0	0	nan	0.00	0.03	3.48	85.08	88.76	0.00	39	0	42	0.00	0.00	64.54	7.69	0.00	0.00	2000
230	11.62	1976	2100	0.00	195	0	0	0	nan	0.00	0.00	3.56	84.99	88.38	0.00	39	0	42	0.00	0.00	63.62	7.66	0.00	0.00	2000
228	11.54	1992	2080	0.00	196	0	0	0	nan	0.00	0.00	4.27	83.56	88.46	0.00	39	0	42	0.00	0.00	64.41	7.76	0.00	0.00	2000
230	11.48	1981	2119	0.00	195	0	0	0	nan	0.00	0.00	4.52	84.98	88.52	0.00	39	0	42	0.00	0.00	64.23	7.64	0.00	0.00	2000
229	11.66	1981	2080	0.00	196	0	0	0	nan	0.00	0.00	4.26	83.47	88.34	0.00	39	0	42	0.00	0.00	63.80	7.61	0.00	0.00	2000
229	11.03	2053	2127	0.00	195	0	0	0	nan	0.00	0.00	4.71	85.53	88.97	0.00	39	0	42	0.00	0.00	64.16	7.71	0.00	0.00	2000
228	11.01	2106	2061	0.00	194	0	0	0	nan	0.00	0.00	3.21	84.22	88.99	0.00	39	0	42	0.00	0.00	64.21	7.54	0.00	0.00	2000
231	11.46	1991	2124	0.00	203	0	0	0	nan	0.00	0.00	5.57	84.19	88.54	0.00	39	0	42	0.00	0.00	64.24	7.76	0.00	0.00	2000
228	11.20	2034	2101	0.00	205	0	0	0	nan	0.00	0.00	6.24	82.79	88.80	0.00	39	0	42	0.00	0.00	64.34	7.76	0.00	0.00	2000
232	11.38	2048	2094	0.00	198	0	0	0	nan	0.00	0.00	4.58	83.89	88.62	0.00	40	0	42	0.00	0.00	64.45	7.76	0.00	0.00	2000
228	11.26	2010	2112	0.00	196	0	0	0	nan	0.00	0.00	4.67	84.74	88.74	0.00	39	0	42	0.00	0.00	64.38	7.80	0.00	0.00	2000
229	11.51	1999	2088	0.00	194	0	0	0	nan	0.00	0.00	4.00	84.12	88.49	0.00	39	0	42	0.00	0.00	64.32	7.78	0.00	0.00	2000
227	11.36	1990	2111	0.00	197	0	0	0	nan	0.00	0.00	4.35	84.98	88.64	0.00	39	0	42	0.00	0.00	64.10	7.67	0.00	0.00	2000
229	11.45	1992	2107	0.00	194	0	0	0	nan	0.00	0.01	4.12	84.94	88.55	0.00	39	0	42	0.00	0.00	64.01	7.74	0.00	0.00	2000
229	11.59	1978	2096	0.00	195	0	0	0	nan	0.00	0.00	4.20	84.25	88.41	0.00	39	0	42	0.00	0.00	64.35	7.69	0.00	0.00	2000
229	11.59	1972	2101	0.93	194	0	0	6	71.98	0.00	0.01	3.48	85.14	88.41	0.00	39	0	42	0.00	0.00	64.23	7.66	0.00	0.00	2000
228	11.31	2029	2088	0.55	196	0	0	0	nan	0.00	0.00	4.08	84.26	88.69	0.00	39	0	42	0.00	0.00	64.16	7.66	0.00	0.00	2000
230	11.37	2022	2097	0.00	195	0	0	0	nan	0.00	0.00	4.08	84.61	88.63	0.00	39	0	42	0.00	0.00	64.31	7.66	0.00	0.00	2000
228	11.15	2033	2109	0.00	196	0	0	0	nan	0.00	0.00	4.41	85.01	88.85	0.00	39	0	42	0.00	0.00	64.18	7.53	0.00	0.00	2000
231	11.64	2004	2079	0.00	196	0	0	0	nan	0.00	0.02	3.38	84.31	88.36	0.00	39	0	42	0.00	0.00	64.25	7.44	0.00	0.00	2000
227	10.96	2054	2122	0.00	194	0	0	0	nan	0.00	0.00	4.31	85.88	89.04	0.00	39	0	42	0.00	0.00	64.47	7.48	0.00	0.00	2000
229	11.45	1989	2108	0.00	196	0	0	0	nan	0.00	0.01	3.39	85.65	88.55	0.00	39	0	42	0.00	0.00	64.40	7.60	0.00	0.00	2000
228	11.39	2003	2094	0.00	195	0	0	0	nan	0.00	0.00	3.16	85.31	88.61	0.00	39	0	42	0.00	0.00	64.05	7.53	0.00	0.00	2000
229	11.36	2010	2106	0.00	193	0	0	0	nan	0.00	0.00	3.79	85.22	88.64	0.00	39	0	42	0.00	0.00	64.54	7.66	0.00	0.00	2000
226	11.33	2012	2085	0.00	194	0	0	0	nan	0.00	0.00	3.07	85.10	88.67	0.00	39	0	42	0.00	0.00	64.26	7.57	0.00	0.00	2000
237	11.67	2031	2097	0.00	198	0	0	0	nan	0.00	0.00	5.56	82.86	88.33	0.00	39	0	42	0.00	0.00	64.65	7.52	0.00	0.00	2000
227	11.08	2038	2114	0.00	196	0	0	0	nan	0.00	0.00	4.17	85.53	88.92	0.00	39	0	42	0.00	0.00	64.16	7.55	0.00	0.00	2000
229	11.24	2040	2098	0.00	194	0	0	0	nan	0.01	0.00	3.80	85.01	88.76	0.00	39	0	42	0.00	0.00	64.22	7.50	0.00	0.00	2000
227	11.40	1994	2099	0.00	194	0	0	0	nan	0.00	0.00	3.84	84.88	88.60	0.00	39	0	42	0.00	0.00	64.49	7.61	0.00	0.00	2000
230	11.44	2002	2109	0.00	199	0	0	0	nan	0.00	0.00	5.21	83.93	88.56	0.00	39	0	42	0.00	0.00	64.22	7.50	0.00	0.00	2000
230	11.11	2081	2092	0.00	196	0	0	0	nan	0.00	0.00	4.35	84.36	88.89	0.00	39	0	42	0.00	0.00	64.61	7.58	0.00	0.00	2000
229	11.25	2044	2095	0.00	195	0	0	0	nan	0.00	0.00	3.25	85.43	88.75	0.00	40	0	42	0.00	0.00	64.29	7.71	0.00	0.00	2000
227	11.24	2017	2102	0.60	194	0	0	27	13.16	0.00	0.00	3.48	85.50	88.76	0.00	39	0	42	0.00	0.00	64.34	7.68	0.00	0.00	2000
228	11.50	1988	2098	0.89	195	0	0	1	88.75	0.00	0.00	4.28	84.34	88.50	0.00	39	0	42	0.00	0.00	64.08	7.52	0.00	0.00	2000
227	11.29	2036	2073	0.00	196	0	0	0	nan	0.00	0.00	4.09	83.67	88.71	0.00	39	0	42	0.00	0.00	58.46	6.78	0.00	0.00	2000
233	11.44	1993	2144	0.00	195	0	0	0	nan	0.00	0.00	4.56	86.02	88.56	0.00	39	0	42	0.00	0.00	70.10	8.18	0.00	0.00	2000
228	11.17	2047	2092	0.00	195	0	0	0	nan	0.00	0.00	2.89	85.70	88.83	0.00	39	0	42	0.00	0.00	64.13	7.52	0.00	0.00	2000
228	11.50	1995	2091	0.00	195	0	0	0	nan	0.00	0.01	4.38	83.89	88.50	0.00	39	0	42	0.00	0.00	64.32	7.54	0.00	0.00	2000
227	11.19	2028	2106	0.00	195	0	0	0	nan	0.00	0.00	4.16	85.00	88.81	0.00	39	0	42	0.00	0.00	61.93	7.26	0.00	0.00	2000
228	11.35	2000	2108	0.00	194	0	0	0	nan	0.00	0.01	3.26	85.95	88.65	0.00	39	0	42	0.00	0.00	66.92	7.84	0.00	0.00	2000
229	11.42	2045	2060	0.00	195	0	0	0	nan	0.00	0.00	3.33	83.76	88.58	0.00	39	0	42	0.00	0.00	58.82	6.88	0.00	0.00	2000
229	10.98	2050	2135	0.00	195	0	0	0	nan	0.00	0.01	4.02	86.71	89.02	0.00	39	0	42	0.00	0.00	69.62	8.08	0.00	0.00	2000
228	11.17	2052	2093	0.00	196	0	0	0	nan	0.00	0.02	3.21	85.44	88.83	0.00	40	0	42	0.00	0.00	61.56	7.25	0.00	0.00	2000
229	11.04	2067	2108	0.00	195	0	0	0	nan	0.00	0.00	3.99	85.34	88.96	0.00	39	0	42	0.00	0.00	67.06	7.62	0.00	0.00	2000
227	11.39	1995	2097	0.00	196	0	0	0	nan	0.00	0.00	3.72	84.92	88.61	0.00	39	0	42	0.00	0.00	61.48	7.37	0.00	0.00	2000
231	11.47	1997	2116	0.00	195	0	0	0	nan	0.00	0.00	3.39	85.99	88.53	0.00	39	0	42	0.00	0.00	66.81	7.71	0.00	0.00	2000
228	11.28	2071	2053	0.00	195	0	0	0	nan	0.00	0.01	3.48	83.44	88.72	0.00	39	0	42	0.00	0.00	59.03	6.94	0.00	0.00	2000
230	11.27	2005	2134	0.00	194	0	0	0	nan	0.00	0.00	4.35	86.01	88.73	0.00	39	0	42	0.00	0.00	67.34	7.84	0.00	0.00	2000
227	11.26	2047	2066	0.00	195	0	0	0	nan	0.00	0.00	3.36	84.09	88.74	0.00	39	0	42	0.00	0.00	61.40	7.12	0.00	0.00	2000
230	11.20	2024	2128	0.18	196	0	0	5	75.58	0.00	0.00	4.93	85.27	88.80	0.00	39	0	42	0.00	0.00	64.17	7.52	0.00	0.00	2000
228	11.24	2036	2088	1.24	197	0	0	3	82.13	0.00	0.00	4.13	84.32	88.76	0.00	39	0	42	0.00	0.00	64.60	7.43	0.00	0.00	2000
231	11.42	2015	2105	0.00	196	0	0	0	nan	0.00	0.00	5.03	83.95	88.58	0.00	39	0	42	0.00	0.00	64.35	7.55	0.00	0.00	2000
227	11.12	2048	2095	0.00	196	0	0	0	nan	0.00	0.00	4.12	84.76	88.88	0.00	39	0	42	0.00	0.00	64.14	7.43	0.00	0.00	2000
229	11.18	2025	2123	0.00	194	0	0	0	nan	0.00	0.00	4.87	85.09	88.82	0.00	39	0	42	0.00	0.00	65.22	7.54	0.00	0.00	2000
226	11.14	2093	2040	0.00	196	0	0	0	nan	0.01	0.00	3.44	82.99	88.86	0.00	39	0	42	0.00	0.00	63.81	7.45	0.00	0.00	2000
237	11.58	2009	2139	0.00	196	0	0	0	nan	0.00	0.00	4.47	85.75	88.42	0.00	39	0	42	0.00	0.00	64.59	7.55	0.00	0.00	2000
229	11.30	2036	2094	0.00	197	0	0	0	nan	0.00	0.00	4.54	84.06	88.70	0.00	39	0	42	0.00	0.00	64.69	7.54	0.00	0.00	2000
229	11.28	2014	2114	0.00	194	0	0	0	nan	0.00	0.00	4.57	84.90	88.72	0.00	39	0	42	0.00	0.00	64.41	7.43	0.00	0.00	2000
218	11.59	2050	1930	0.00	195	0	0	0	nan	0.00	0.00	3.89	77.54	88.41	0.00	39	0	42	0.00	0.00	61.30	7.05	0.00	0.00	2000
231	10.87	1966	2274	0.00	242	0	0	0	nan	0.00	0.00	5.13	91.58	89.13	0.00	40	0	42	0.00	0.00	67.07	7.96	0.00	0.00	2000
230	11.62	2004	2073	0.00	197	0	0	0	nan	0.00	0.02	3.77	83.66	88.38	0.00	41	0	42	0.00	0.00	65.87	7.80	0.00	0.00	2000
230	11.26	1987	2164	0.00	212	0	0	0	nan	0.00	0.01	3.31	88.32	88.74	0.00	41	0	42	0.00	0.00	64.13	7.60	0.00	0.00	2000
228	11.21	2048	2086	0.00	196	0	0	0	nan	0.00	0.00	3.90	84.40	88.79	0.00	41	0	42	0.00	0.00	64.52	7.50	0.00	0.00	2000
229	11.39	2016	2096	0.00	195	0	0	0	nan	0.00	0.00	4.83	83.80	88.61	0.00	41	0	42	0.00	0.00	64.67	7.47	0.00	0.00	2000
228	11.20	2032	2104	0.00	195	0	0	0	nan	0.00	0.00	4.84	84.30	88.80	0.00	41	0	42	0.00	0.00	63.76	7.44	0.00	0.00	2000
231	11.43	2016	2104	0.00	196	0	0	0	nan	0.00	0.00	4.81	84.03	88.57	0.00	41	0	42	0.00	0.00	64.29	7.54	0.00	0.00	2000
228	11.24	2031	2095	0.60	195	0	0	6	75.46	0.00	0.00	4.89	83.80	88.76	0.00	41	0	42	0.00	0.00	64.29	7.37	0.00	0.00	2000
229	11.49	1986	2108	0.89	196	0	0	2	84.14	0.00	0.00	4.45	84.61	88.51	0.00	41	0	42	0.00	0.00	64.24	7.49	0.00	0.00	2000
227	11.28	2018	2095	0.00	194	0	0	0	nan	0.00	0.00	4.31	84.39	88.72	0.00	41	0	42	0.00	0.00	64.65	7.69	0.00	0.00	2000
230	11.18	2049	2106	0.00	224	0	0	0	nan	0.00	0.00	4.96	84.31	88.82	0.00	41	0	42	0.00	0.00	63.60	7.62	0.00	0.00	2000
233	11.82	1979	2091	0.00	199	0	0	0	nan	0.00	0.00	6.15	81.86	88.18	0.00	41	0	42	0.00	0.00	64.44	7.52	0.00	0.00	2000
229	11.43	1996	2108	0.00	195	0	0	0	nan	0.00	0.00	4.78	84.37	88.57	0.00	41	0	42	0.00	0.00	64.15	7.62	0.00	0.00	2000
227	11.33	2017	2088	0.00	194	0	0	0	nan	0.00	0.00	4.35	83.97	88.67	0.00	40	0	42	0.00	0.00	64.51	7.71	0.00	0.00	2000
228	11.40	1986	2112	0.00	194	0	0	0	nan	0.00	0.00	4.94	84.39	88.60	0.00	41	0	42	0.00	0.00	63.76	7.68	0.00	0.00	2000
227	11.21	2036	2092	0.00	194	0	0	0	nan	0.00	0.00	4.97	83.63	88.79	0.00	41	0	42	0.00	0.00	64.16	7.44	0.00	0.00	2000
231	11.57	2002	2097	0.00	197	0	0	0	nan	0.00	0.00	5.07	83.44	88.43	0.00	41	0	42	0.00	0.00	64.05	7.47	0.00	0.00	2000
229	11.03	2074	2105	0.00	195	0	0	0	nan	0.00	0.00	5.34	84.00	88.97	0.00	41	0	42	0.00	0.00	64.73	7.55	0.00	0.00	2000
230	11.24	2025	2118	0.00	195	0	0	0	nan	0.00	0.00	4.65	85.06	88.76	0.00	41	0	42	0.00	0.00	64.39	7.08	0.00	0.00	2000
227	11.11	2067	2079	0.00	194	0	0	0	nan	0.00	0.00	4.07	84.07	88.89	0.00	41	0	42	0.00	0.00	61.35	7.53	0.00	0.00	2000
228	11.50	1986	2101	0.00	196	0	0	0	nan	0.00	0.00	4.88	83.86	88.50	0.00	41	0	42	0.00	0.00	64.12	7.39	0.00	0.00	2000
229	11.14	2041	2118	0.00	195	0	0	0	nan	0.00	0.00	4.71	85.04	88.86	0.00	41	0	42	0.00	0.00	64.29	7.41	0.00	0.00	2000
229	11.28	2031	2099	0.00	195	0	0	0	nan	0.00	0.00	3.84	85.05	88.72	0.00	41	0	42	0.00	0.00	64.41	7.57	0.00	0.00	2000
227	11.40	2016	2078	0.00	194	0	0	0	nan	0.00	0.00	4.11	83.76	88.60	0.00	41	0	42	0.00	0.00	63.74	7.28	0.00	0.00	2000
228	11.34	2007	2104	0.17	195	0	0	4	74.45	0.00	0.00	5.61	83.43	88.66	0.00	41	0	42	0.00	0.00	64.18	7.54	0.00	0.00	2000
228	11.13	2043	2104	1.23	194	0	0	4	79.11	0.00	0.00	4.97	84.23	88.87	0.00	41	0	42	0.00	0.00	64.38	7.52	0.00	0.00	2000
228	11.39	1997	2106	0.00	194	0	0	0	nan	0.00	0.00	4.61	84.48	88.61	0.00	41	0	42	0.00	0.00	64.32	7.50	0.00	0.00	2000
229	11.20	2050	2095	0.00	196	0	0	0	nan	0.00	0.00	4.27	84.50	88.80	0.00	41	0	42	0.00	0.00	63.85	7.31	0.00	0.00	2000
229	11.07	2055	2114	0.00	195	0	0	0	nan	0.00	0.00	4.83	84.92	88.93	0.00	41	0	42	0.00	0.00	64.11	7.60	0.00	0.00	2000
228	11.41	2015	2078	0.00	195	0	0	0	nan	0.01	0.00	3.86	83.94	88.59	0.00	41	0	42	0.00	0.00	64.17	7.62	0.00	0.00	2000
229	11.29	2007	2121	0.00	195	0	0	0	nan	0.00	0.00	4.85	84.89	88.71	0.00	41	0	42	0.00	0.00	64.38	7.40	0.00	0.00	2000
228	11.03	2080	2084	0.00	198	0	0	0	nan	0.00	0.00	4.24	84.23	88.97	0.00	41	0	42	0.00	0.00	64.47	7.50	0.00	0.00	2000
231	11.37	2024	2105	0.00	198	0	0	0	nan	0.00	0.00	5.18	83.85	88.63	0.00	41	0	42	0.00	0.00	64.03	7.13	0.00	0.00	2000
229	11.41	1991	2118	0.00	193	0	0	0	nan	0.00	0.00	4.55	85.02	88.59	0.00	41	0	42	0.00	0.00	66.56	7.78	0.00	0.00	2000
227	11.43	2039	2047	0.00	178	0	0	0	nan	0.00	0.02	3.67	82.88	88.57	0.00	42	0	42	0.00	0.00	61.93	7.37	0.00	0.00	2000
228	11.13	1999	2155	0.00	210	0	0	0	nan	0.00	0.00	4.47	86.90	88.87	0.00	41	0	42	0.00	0.00	66.35	7.67	0.00	0.00	2000
228	11.35	2012	2099	0.00	179	0	0	0	nan	0.00	0.01	3.96	84.84	88.65	0.00	41	0	42	0.00	0.00	64.57	7.63	0.00	0.00	2000
228	11.66	1987	2067	0.00	195	0	0	0	nan	0.00	0.00	3.56	83.59	88.34	0.00	41	0	42	0.00	0.00	61.10	7.05	0.00	0.00	2000
233	11.30	2064	2101	0.00	210	0	0	0	nan	0.00	0.00	5.22	83.74	88.70	0.00	41	0	42	0.00	0.00	64.66	7.62	0.00	0.00	2000
227	11.29	1998	2118	0.00	210	0	0	0	nan	0.00	0.00	4.86	84.82	88.71	0.00	41	0	42	0.00	0.00	64.23	7.64	0.00	0.00	2000
229	11.26	2022	2111	0.00	194	0	0	0	nan	0.00	0.00	4.35	85.00	88.74	0.00	41	0	42	0.00	0.00	64.02	7.52	0.00	0.00	2000
228	11.09	2074	2080	0.00	196	0	0	3	75.84	0.00	0.04	4.35	83.86	88.91	0.00	41	0	42	0.00	0.00	64.38	7.54	0.00	0.00	2000
232	11.19	2070	2102	1.34	196	0	0	5	77.44	0.00	0.00	5.21	83.82	88.81	0.00	41	0	42	0.00	0.00	64.21	7.60	0.00	0.00	2000
228	11.43	1992	2101	0.00	194	0	0	0	nan	0.00	0.00	4.98	83.84	88.57	0.00	41	0	42	0.00	0.00	64.30	7.33	0.00	0.00	2000
228	11.33	2017	2097	0.00	195	0	0	0	nan	0.00	0.00	4.68	83.89	88.67	0.00	42	0	42	0.00	0.00	64.29	7.41	0.00	0.00	2000
227	11.17	2016	2122	0.00	193	0	0	0	nan	0.00	0.00	5.06	84.86	88.83	0.00	41	0	42	0.00	0.00	65.89	7.61	0.00	0.00	2000
227	11.33	2040	2067	0.00	178	0	0	0	nan	0.00	0.00	3.52	83.90	88.67	0.00	41	0	42	0.00	0.00	62.78	7.39	0.00	0.00	2000
228	11.21	2003	2133	0.00	210	0	0	0	nan	0.00	0.00	5.12	85.21	88.79	0.00	41	0	42	0.00	0.00	65.86	7.71	0.00	0.00	2000
231	11.33	2061	2081	0.00	188	0	0	0	nan	0.00	0.00	5.39	82.72	88.67	0.00	42	0	42	0.00	0.00	63.09	7.40	0.00	0.00	2000
234	11.57	2005	2117	0.00	219	0	0	0	nan	0.00	0.00	7.20	82.11	88.43	0.00	41	0	42	0.00	0.00	65.64	7.54	0.00	0.00	2000
229	11.34	2037	2086	0.00	182	0	0	0	nan	0.00	0.02	5.04	83.23	88.66	0.00	42	0	42	0.00	0.00	63.06	7.35	0.00	0.00	2000
229	11.16	2041	2111	0.00	216	0	0	0	nan	0.00	0.00	7.29	82.18	88.84	0.00	42	0	42	0.00	0.00	65.61	7.62	0.00	0.00	2000
229	11.19	2066	2078	0.00	186	0	0	0	nan	0.01	0.00	4.89	83.16	88.81	0.00	41	0	42	0.00	0.00	63.50	7.30	0.00	0.00	2000
232	11.40	2002	2129	0.00	223	0	0	0	nan	0.00	0.02	7.86	82.18	88.60	0.00	41	0	42	0.00	0.00	66.29	7.68	0.00	0.00	2000
229	11.59	2003	2071	0.00	182	0	0	0	nan	0.00	0.02	5.48	81.91	88.41	0.00	40	0	42	0.00	0.00	62.45	7.51	0.00	0.00	2000
229	11.22	2021	2119	0.00	215	0	0	0	nan	0.00	0.00	7.17	82.62	88.78	0.00	41	0	42	0.00	0.00	64.57	7.54	0.00	0.00	2000
229	11.51	1986	2101	0.00	199	0	0	0	nan	0.00	0.00	7.11	81.63	88.49	0.00	41	0	42	0.00	0.00	64.06	7.42	0.00	0.00	2000
228	11.50	1998	2084	0.00	199	0	0	0	nan	0.00	0.00	7.26	80.79	88.50	0.00	42	0	42	0.00	0.00	64.17	7.47	0.00	0.00	2000
231	11.39	2012	2119	0.00	203	0	0	1	74.75	0.00	0.00	8.45	81.16	88.61	0.00	41	0	42	0.00	0.00	64.34	7.23	0.00	0.00	2000
229	11.27	2038	2093	1.43	198	0	0	6	68.67	0.00	0.00	6.84	81.82	88.73	0.00	42	0	42	0.00	0.00	64.26	7.31	0.00	0.00	2000
229	11.33	2019	2104	0.00	199	0	0	0	nan	0.00	0.00	6.92	82.06	88.67	0.00	41	0	42	0.00	0.00	64.51	7.46	0.00	0.00	2000
227	11.22	2028	2096	0.00	199	0	0	0	nan	0.00	0.00	6.61	82.20	88.78	0.00	41	0	42	0.00	0.00	64.01	7.71	0.00	0.00	2000
229	11.12	2054	2106	0.00	199	0	0	0	nan	0.00	0.00	6.37	82.89	88.88	0.00	42	0	42	0.00	0.00	64.47	7.36	0.00	0.00	2000
230	11.60	1999	2083	0.00	203	0	0	0	nan	0.00	0.05	6.10	81.76	88.40	0.00	41	0	42	0.00	0.00	64.28	7.43	0.00	0.00	2000
229	11.29	1999	2134	0.00	199	0	0	0	nan	0.00	0.00	6.57	83.71	88.71	0.00	41	0	42	0.00	0.00	66.08	7.66	0.00	0.00	2000
227	11.19	2083	2043	0.00	182	0	0	0	nan	0.01	0.00	5.23	81.37	88.81	0.00	41	0	42	0.00	0.00	60.04	7.03	0.00	0.00	2000
230	11.22	1998	2158	0.00	216	0	0	0	nan	0.00	0.00	6.41	84.94	88.78	0.00	41	0	42	0.00	0.00	68.66	7.65	0.00	0.00	2000
228	11.38	2060	2045	0.00	182	0	0	0	nan	0.00	0.00	5.56	80.88	88.62	0.00	41	0	42	0.00	0.00	60.22	6.98	0.00	0.00	2000
231	11.35	1996	2146	0.00	215	0	0	0	nan	0.00	0.01	6.36	84.46	88.65	0.00	41	0	42	0.00	0.00	67.09	7.94	0.00	0.00	2000
228	11.19	2044	2091	0.00	195	0	0	0	nan	0.00	0.00	4.16	84.50	88.81	0.00	41	0	42	0.00	0.00	64.72	7.37	0.00	0.00	2000
228	11.18	2037	2106	0.00	195	0	0	0	nan	0.00	0.00	5.09	84.05	88.82	0.00	41	0	42	0.00	0.00	64.52	7.41	0.00	0.00	2000
227	11.39	2014	2082	0.00	194	0	0	0	nan	0.00	0.00	4.13	83.89	88.61	0.00	42	0	42	0.00	0.00	62.01	7.30	0.00	0.00	2000
230	11.04	2055	2132	0.00	197	0	0	0	nan	0.00	0.00	6.48	84.04	88.96	0.00	41	0	42	0.00	0.00	68.33	8.25	0.00	0.00	2000
227	11.33	2043	2060	0.00	180	0	0	0	nan	0.00	0.00	3.42	83.74	88.67	0.00	41	0	42	0.00	0.00	60.65	7.21	0.00	0.00	2000
230	10.96	2073	2123	0.00	212	0	0	0	nan	0.00	0.00	6.16	84.03	89.04	0.00	42	0	42	0.00	0.00	66.86	8.07	0.00	0.00	2000
228	11.27	2025	2097	0.00	195	0	0	0	nan	0.00	0.00	4.44	84.40	88.73	0.00	42	0	42	0.00	0.00	61.69	7.03	0.00	0.00	2000
228	11.41	1986	2114	1.27	195	0	0	6	72.30	0.00	0.00	4.67	84.73	88.59	0.00	41	0	42	0.00	0.00	66.87	7.94	0.00	0.00	2000
228	11.17	2047	2090	0.21	194	0	0	0	nan	0.00	0.00	3.44	85.16	88.83	0.00	41	0	42	0.00	0.00	62.01	7.08	0.00	0.00	2000
228	11.43	2006	2093	0.00	195	0	0	0	nan	0.00	0.00	4.95	83.52	88.57	0.00	41	0	42	0.00	0.00	64.15	7.44	0.00	0.00	2000
229	11.54	1978	2105	0.00	194	0	0	0	nan	0.00	0.00	4.94	83.94	88.46	0.00	41	0	42	0.00	0.00	64.38	7.62	0.00	0.00	2000
228	11.28	2010	2114	0.00	195	0	0	0	nan	0.00	0.00	4.56	84.92	88.72	0.00	41	0	42	0.00	0.00	67.22	7.91	0.00	0.00	2000
229	11.60	1988	2083	0.00	194	0	0	0	nan	0.00	0.02	3.51	84.35	88.40	0.00	42	0	42	0.00	0.00	61.72	7.21	0.00	0.00	2000
229	11.37	2009	2102	0.00	196	0	0	0	nan	0.00	0.00	5.33	83.62	88.63	0.00	41	0	42	0.00	0.00	64.02	7.54	0.00	0.00	2000
227	11.21	2024	2101	0.00	194	0	0	0	nan	0.00	0.00	4.32	84.63	88.79	0.00	41	0	42	0.00	0.00	64.56	7.63	0.00	0.00	2000
233	11.63	1996	2109	0.00	197	0	0	0	nan	0.00	0.03	4.98	84.00	88.37	0.00	42	0	42	0.00	0.00	66.93	8.02	0.00	0.00	2000
228	11.09	2077	2080	0.00	195	0	0	0	nan	0.00	0.00	3.94	84.28	88.91	0.00	41	0	42	0.00	0.00	62.26	7.11	0.00	0.00	2000
228	11.19	2028	2113	0.00	195	0	0	0	nan	0.00	0.00	5.00	84.57	88.81	0.00	41	0	42	0.00	0.00	64.38	7.48	0.00	0.00	2000
228	11.05	2070	2095	0.00	195	0	0	0	nan	0.00	0.00	4.26	84.68	88.95	0.00	41	0	42	0.00	0.00	63.81	7.52	0.00	0.00	2000
229	11.54	1978	2105	0.00	195	0	0	0	nan	0.00	0.00	4.45	84.44	88.46	0.00	42	0	42	0.00	0.00	64.10	7.43	0.00	0.00	2000
230	11.31	2036	2094	0.00	196	0	0	0	nan	0.00	0.00	4.28	84.27	88.69	0.00	41	0	42	0.00	0.00	64.99	7.48	0.00	0.00	2000
229	11.39	2007	2107	0.00	195	0	0	0	nan	0.00	0.00	4.67	84.46	88.61	0.00	42	0	42	0.00	0.00	64.49	7.52	0.00	0.00	2000
228	11.42	1997	2096	0.00	179	0	0	0	nan	0.00	0.00	4.18	84.47	88.58	0.00	41	0	42	0.00	0.00	63.45	7.45	0.00	0.00	2000
229	11.20	2040	2105	0.00	214	0	0	0	nan	0.00	0.00	5.80	83.35	88.80	0.00	41	0	42	0.00	0.00	64.41	7.51	0.00	0.00	2000
227	11.31	2012	2092	0.93	195	0	0	6	72.11	0.00	0.00	4.10	84.46	88.69	0.00	41	0	42	0.00	0.00	63.99	7.29	0.00	0.00	2000
231	11.43	2007	2112	0.55	194	0	0	0	nan	0.00	0.00	5.03	84.21	88.57	0.00	41	0	42	0.00	0.00	64.42	7.54	0.00	0.00	2000
228	11.44	2012	2080	0.00	196	0	0	0	nan	0.00	0.00	3.91	84.03	88.56	0.00	41	0	42	0.00	0.00	63.95	7.42	0.00	0.00	2000
229	11.26	2021	2111	0.00	194	0	0	0	nan	0.00	0.00	4.87	84.55	88.74	0.00	41	0	42	0.00	0.00	63.76	7.83	0.00	0.00	2000
229	11.07	2058	2111	0.00	195	0	0	0	nan	0.00	0.00	4.58	84.96	88.93	0.00	42	0	42	0.00	0.00	62.94	7.29	0.00	0.00	2000
227	11.42	2006	2079	0.00	178	0	0	0	nan	0.00	0.00	3.36	84.55	88.58	0.00	42	0	42	0.00	0.00	65.57	7.75	0.00	0.00	2000
228	11.20	2016	2123	0.00	212	0	0	0	nan	0.00	0.00	4.83	85.11	88.80	0.00	42	0	42	0.00	0.00	62.76	7.36	0.00	0.00	2000
231	11.37	2046	2088	0.00	179	0	0	0	nan	0.00	0.02	3.39	84.89	88.63	0.00	41	0	42	0.00	0.00	66.82	7.66	0.00	0.00	2000
228	11.56	1970	2104	0.00	195	0	0	0	nan	0.00	0.00	3.71	85.11	88.44	0.00	42	0	42	0.00	0.00	61.57	7.21	0.00	0.00	2000
228	11.51	1994	2089	0.00	196	0	0	0	nan	0.00	0.00	3.46	84.79	88.49	0.00	42	0	42	0.00	0.00	66.31	7.61	0.00	0.00	2000
228	11.44	1966	2127	0.00	210	0	0	0	nan	0.00	0.00	5.28	84.60	88.56	0.00	41	0	42	0.00	0.00	62.51	7.18	0.00	0.00	2000
228	11.64	1987	2068	0.00	179	0	0	0	nan	0.00	0.00	2.75	84.47	88.36	0.00	41	0	42	0.00	0.00	65.76	7.65	0.00	0.00	2000
229	11.29	2002	2130	0.00	211	0	0	0	nan	0.00	0.00	5.05	85.07	88.71	0.00	41	0	42	0.00	0.00	62.79	7.31	0.00	0.00	2000
228	11.65	1987	2069	0.00	179	0	0	0	nan	0.00	0.00	3.01	84.22	88.35	0.00	41	0	42	0.00	0.00	66.12	7.76	0.00	0.00	2000
228	11.31	1998	2122	0.00	212	0	0	0	nan	0.00	0.00	5.25	84.54	88.69	0.00	41	0	42	0.00	0.00	62.27	7.23	0.00	0.00	2000
228	11.41	2026	2075	0.00	179	0	0	0	nan	0.00	0.01	4.24	83.45	88.59	0.00	41	0	42	0.00	0.00	65.98	7.66	0.00	0.00	2000
228	11.10	2030	2121	0.00	211	0	0	0	nan	0.00	0.00	4.97	85.02	88.90	0.00	41	0	42	0.00	0.00	62.32	7.20	0.00	0.00	2000
229	11.39	2028	2085	0.59	179	0	0	6	75.79	0.00	0.00	4.39	83.74	88.61	0.00	41	0	42	0.00	0.00	66.32	7.81	0.00	0.00	2000
228	11.36	1988	2120	0.89	211	0	0	2	85.72	0.00	0.02	4.75	84.96	88.64	0.00	41	0	42	0.00	0.00	62.36	7.28	0.00	0.00	2000
228	11.48	1992	2095	0.00	180	0	0	0	nan	0.00	0.00	4.13	84.40	88.52	0.00	41	0	42	0.00	0.00	66.25	7.74	0.00	0.00	2000
231	11.41	2025	2104	0.00	215	0	0	0	nan	0.00	0.00	6.11	82.82	88.59	0.00	41	0	42	0.00	0.00	62.72	7.34	0.00	0.00	2000
229	11.22	2058	2088	0.00	180	0	0	0	nan	0.00	0.03	3.82	84.62	88.78	0.00	41	0	42	0.00	0.00	65.94	7.49	0.00	0.00	2000
229	11.48	1981	2113	0.00	211	0	0	0	nan	0.00	0.01	4.49	84.76	88.52	0.00	42	0	42	0.00	0.00	64.20	7.70	0.00	0.00	2000
229	11.47	2010	2088	0.00	197	0	0	0	nan	0.00	0.00	4.62	83.57	88.53	0.00	41	0	42	0.00	0.00	61.51	7.09	0.00	0.00	2000
230	11.17	2040	2116	0.00	195	0	0	0	nan	0.00	0.00	4.83	84.90	88.83	0.00	41	0	42	0.00	0.00	65.44	7.48	0.00	0.00	2000
228	11.27	2035	2087	0.00	178	0	0	0	nan	0.00	0.00	3.70	84.64	88.73	0.00	41	0	42	0.00	0.00	66.24	7.46	0.00	0.00	2000
227	11.19	2022	2110	0.00	210	0	0	0	nan	0.00	0.03	4.66	84.65	88.81	0.00	41	0	42	0.00	0.00	62.93	7.50	0.00	0.00	2000
229	11.33	2035	2085	0.00	180	0	0	0	nan	0.00	0.00	4.56	83.67	88.67	0.00	41	0	42	0.00	0.00	63.14	7.46	0.00	0.00	2000
229	11.13	2045	2113	0.00	211	0	0	0	nan	0.00	0.01	5.00	84.63	88.87	0.00	42	0	42	0.00	0.00	65.55	7.64	0.00	0.00	2000
228	11.19	2043	2096	0.00	179	0	0	0	nan	0.00	0.00	4.18	84.66	88.81	0.00	41	0	42	0.00	0.00	62.93	7.49	0.00	0.00	2000
228	11.21	2014	2119	0.00	211	0	0	0	nan	0.00	0.00	4.21	85.58	88.79	0.00	41	0	42	0.00	0.00	65.52	7.70	0.00	0.00	2000
229	11.06	2096	2078	0.00	181	0	0	0	nan	0.00	0.00	3.14	85.00	88.94	0.00	41	0	42	0.00	0.00	63.90	7.47	0.00	0.00	2000
229	10.96	2065	2121	0.00	211	0	0	0	nan	0.00	0.00	3.89	86.18	89.04	0.00	41	0	42	0.00	0.00	66.33	7.66	0.00	0.00	2000
230	11.54	2012	2083	0.00	180	0	0	0	nan	0.00	0.02	3.05	84.86	88.46	0.00	41	0	42	0.00	0.00	62.87	7.55	0.00	0.00	2000
228	11.27	2008	2113	0.14	210	0	0	4	77.70	0.00	0.00	3.99	85.43	88.73	0.00	41	0	42	0.00	0.00	65.92	7.71	0.00	0.00	2000
229	11.71	1983	2071	1.24	181	0	0	4	80.60	0.01	0.00	3.40	83.87	88.29	0.00	41	0	42	0.00	0.00	62.91	7.31	0.00	0.00	2000
227	11.19	2005	2124	0.00	210	0	0	0	nan	0.00	0.00	5.07	84.97	88.81	0.00	41	0	42	0.00	0.00	65.03	7.68	0.00	0.00	2000
228	11.31	2032	2082	0.00	178	0	0	0	nan	0.00	0.02	3.82	84.27	88.69	0.00	42	0	42	0.00	0.00	63.32	7.51	0.00	0.00	2000
230	11.26	2025	2115	0.00	212	0	0	0	nan	0.00	0.00	5.05	84.53	88.74	0.00	41	0	42	0.00	0.00	65.11	7.65	0.00	0.00	2000
235	11.44	2077	2081	0.00	181	0	0	0	nan	0.00	0.01	4.41	83.49	88.56	0.00	41	0	42	0.00	0.00	63.70	7.50	0.00	0.00	2000
228	10.91	2059	2130	0.00	213	0	0	0	nan	0.00	0.01	6.01	84.57	89.09	0.00	41	0	42	0.00	0.00	64.96	7.69	0.00	0.00	2000
229	11.50	2010	2084	0.00	179	0	0	0	nan	0.00	0.01	3.91	84.06	88.50	0.00	42	0	42	0.00	0.00	63.47	7.57	0.00	0.00	2000
227	11.08	2050	2104	0.00	211	0	0	0	nan	0.00	0.00	4.85	84.37	88.92	0.00	41	0	42	0.00	0.00	64.63	7.60	0.00	0.00	2000
230	11.62	1984	2095	0.00	196	0	0	0	nan	0.00	0.00	4.48	83.87	88.38	0.00	41	0	42	0.00	0.00	64.01	7.66	0.00	0.00	2000
228	11.31	2002	2116	0.00	195	0	0	0	nan	0.00	0.03	4.86	84.68	88.69	0.00	41	0	42	0.00	0.00	66.02	7.80	0.00	0.00	2000
228	11.36	2025	2085	0.00	179	0	0	0	nan	0.00	0.00	3.74	84.43	88.64	0.00	41	0	42	0.00	0.00	63.30	7.64	0.00	0.00	2000
227	11.14	2034	2104	0.00	210	0	0	0	nan	0.00	0.00	4.32	84.86	88.86	0.00	41	0	42	0.00	0.00	64.51	7.61	0.00	0.00	2000
228	11.34	1996	2112	0.00	195	0	0	0	nan	0.00	0.00	4.89	84.50	88.66	0.00	42	0	42	0.00	0.00	64.34	7.58	0.00	0.00	2000
228	11.41	2019	2076	0.00	194	0	0	0	nan	0.00	0.00	3.91	83.84	88.59	0.00	41	0	42	0.00	0.00	64.28	7.56	0.00	0.00	2000
231	11.28	2032	2116	0.00	196	0	0	0	nan	0.00	0.00	5.36	84.26	88.72	0.00	42	0	42	0.00	0.00	64.46	7.49	0.00	0.00	2000
227	11.32	2020	2088	0.00	194	0	0	0	nan	0.00	0.00	4.40	83.97	88.68	0.00	42	0	42	0.00	0.00	64.55	7.51	0.00	0.00	2000
228	11.40	1987	2114	0.00	194	0	0	3	74.30	0.00	0.00	5.11	84.29	88.60	0.00	41	0	42	0.00	0.00	64.08	7.60	0.00	0.00	2000
228	11.14	2058	2087	1.37	195	0	0	5	76.51	0.00	0.00	4.35	84.04	88.86	0.00	41	0	42	0.00	0.00	64.53	7.60	0.00	0.00	2000
228	11.19	2031	2111	0.00	194	0	0	0	nan	0.00	0.00	5.13	84.37	88.81	0.00	42	0	42	0.00	0.00	63.95	7.39	0.00	0.00	2000
229	10.85	2107	2103	0.00	196	0	0	0	nan	0.00	0.00	3.97	85.41	89.15	0.00	41	0	42	0.00	0.00	64.71	7.43	0.00	0.00	2000
228	11.39	1998	2108	0.00	195	0	0	0	nan	0.00	0.00	4.24	84.91	88.61	0.00	42	0	42	0.00	0.00	63.96	7.57	0.00	0.00	2000
228	11.48	1998	2086	0.00	194	0	0	0	nan	0.00	0.02	3.74	84.40	88.52	0.00	41	0	42	0.00	0.00	64.15	7.50	0.00	0.00	2000
228	11.35	2009	2104	0.00	195	0	0	0	nan	0.00	0.00	4.65	84.32	88.65	0.00	42	0	42	0.00	0.00	64.34	7.78	0.00	0.00	2000
228	11.21	2055	2082	0.00	195	0	0	0	nan	0.00	0.00	4.21	83.88	88.79	0.00	41	0	42	0.00	0.00	62.19	7.38	0.00	0.00	2000
231	11.54	1986	2115	0.00	197	0	0	0	nan	0.00	0.00	6.45	82.88	88.46	0.00	41	0	42	0.00	0.00	67.00	7.81	0.00	0.00	2000
227	11.35	2012	2084	0.00	195	0	0	0	nan	0.00	0.00	5.09	83.10	88.65	0.00	41	0	42	0.00	0.00	61.49	7.22	0.00	0.00	2000
229	11.12	2043	2120	0.00	197	0	0	0	nan	0.00	0.00	6.77	83.18	88.88	0.00	41	0	42	0.00	0.00	67.16	7.85	0.00	0.00	2000
227	11.12	2052	2092	0.00	195	0	0	0	nan	0.00	0.00	4.31	84.45	88.88	0.00	41	0	42	0.00	0.00	61.71	7.26	0.00	0.00	2000
229	11.24	2014	2120	0.00	195	0	0	0	nan	0.00	0.00	4.77	85.07	88.76	0.00	41	0	42	0.00	0.00	68.61	7.89	0.00	0.00	2000
229	11.45	2023	2078	0.00	181	0	0	0	nan	0.00	0.00	4.03	83.80	88.55	0.00	41	0	42	0.00	0.00	62.90	7.83	0.00	0.00	2000
228	11.04	2048	2120	0.00	210	0	0	0	nan	0.00	0.01	4.64	85.37	88.96	0.00	41	0	42	0.00	0.00	64.39	7.46	0.00	0.00	2000
228	11.02	2084	2082	0.00	194	0	0	0	nan	0.00	0.01	3.37	84.94	88.98	0.00	42	0	42	0.00	0.00	61.84	7.20	0.00	0.00	2000
229	11.20	2029	2115	0.00	195	0	0	0	nan	0.00	0.00	4.44	85.20	88.80	0.00	41	0	42	0.00	0.00	66.81	7.98	0.00	0.00	2000
228	11.48	2000	2087	0.00	193	0	0	1	77.26	0.00	0.00	3.58	84.58	88.52	0.00	42	0	42	0.00	0.00	61.44	7.14	0.00	0.00	2000
231	11.43	2004	2116	1.42	195	0	0	7	76.88	0.00	0.00	4.78	84.67	88.57	0.00	42	0	42	0.00	0.00	67.25	7.98	0.00	0.00	2000
228	11.24	2045	2085	0.00	181	0	0	0	nan	0.00	0.00	4.28	84.08	88.76	0.00	41	0	42	0.00	0.00	61.78	7.14	0.00	0.00	2000
228	11.39	2002	2101	0.00	211	0	0	0	nan	0.00	0.00	4.20	84.66	88.61	0.00	41	0	42	0.00	0.00	64.39	7.69	0.00	0.00	2000
228	11.20	2035	2100	0.00	178	0	0	0	nan	0.00	0.00	4.62	84.29	88.80	0.00	41	0	42	0.00	0.00	64.34	7.81	0.00	0.00	2000
229	11.19	2034	2113	0.00	211	0	0	0	nan	0.00	0.02	4.73	84.83	88.81	0.00	41	0	42	0.00	0.00	64.16	7.95	0.00	0.00	2000
228	11.22	2028	2101	0.00	202	0	0	0	nan	0.00	0.03	5.22	83.82	88.78	0.00	41	0	42	0.00	0.00	65.10	7.32	0.00	0.00	2000
234	11.69	1995	2104	0.00	182	0	0	0	nan	0.00	0.02	4.67	83.88	88.31	0.00	41	0	42	0.00	0.00	65.63	7.71	0.00	0.00	2000
228	11.07	2054	2105	0.00	195	0	0	0	nan	0.00	0.00	3.50	85.86	88.93	0.00	41	0	42	0.00	0.00	63.77	7.75	0.00	0.00	2000
226	11.19	2100	2022	0.00	195	0	0	0	nan	0.00	0.04	3.27	82.42	88.81	0.00	41	0	42	0.00	0.00	62.58	7.36	0.00	0.00	2000
229	11.21	1992	2157	0.00	210	0	0	0	nan	0.00	0.02	3.04	88.32	88.80	0.00	41	0	42	0.00	0.00	64.49	7.49	0.00	0.00	2000
228	11.42	1994	2106	0.00	194	0	0	0	nan	0.00	0.00	4.91	84.14	88.58	0.00	41	0	42	0.00	0.00	64.53	7.50	0.00	0.00	2000
230	11.36	2026	2096	0.00	195	0	0	0	nan	0.00	0.01	4.13	84.54	88.64	0.00	42	0	42	0.00	0.00	64.46	7.51	0.00	0.00	2000
230	11.22	2043	2104	0.00	199	0	0	0	nan	0.00	0.00	5.28	83.81	88.78	0.00	41	0	42	0.00	0.00	64.40	7.63	0.00	0.00	2000
228	11.25	2027	2095	0.00	196	0	0	0	nan	0.00	0.00	4.58	84.17	88.75	0.00	41	0	42	0.00	0.00	64.50	7.57	0.00	0.00	2000
229	11.40	2003	2104	0.00	196	0	0	0	nan	0.00	0.00	4.26	84.62	88.60	0.00	41	0	42	0.00	0.00	64.12	7.67	0.00	0.00	2000
228	11.28	2027	2097	0.00	195	0	0	0	nan	0.00	0.00	4.15	84.53	88.72	0.00	41	0	42	0.00	0.00	64.36	7.53	0.00	0.00	2000
230	11.25	2051	2097	0.00	196	0	0	0	nan	0.00	0.00	5.25	83.47	88.75	0.00	41	0	42	0.00	0.00	64.31	7.77	0.00	0.00	2000
228	11.14	2047	2095	1.27	195	0	0	6	69.66	0.00	0.00	4.68	84.20	88.86	0.00	41	0	42	0.00	0.00	64.20	7.75	0.00	0.00	2000
228	11.21	2023	2112	0.21	194	0	0	0	nan	0.00	0.02	5.04	84.45	88.79	0.00	41	0	42	0.00	0.00	64.48	7.72	0.00	0.00	2000
227	11.06	2057	2100	0.00	194	0	0	0	nan	0.00	0.02	4.05	85.08	88.94	0.00	41	0	42	0.00	0.00	63.80	7.57	0.00	0.00	2000
229	11.42	2008	2094	0.00	196	0	0	0	nan	0.00	0.00	4.70	83.83	88.58	0.00	41	0	42	0.00	0.00	64.32	7.82	0.00	0.00	2000
229	11.30	2019	2106	0.00	195	0	0	0	nan	0.00	0.00	4.97	84.18	88.70	0.00	41	0	42	0.00	0.00	64.39	7.58	0.00	0.00	2000
230	11.46	2007	2098	0.00	195	0	0	0	nan	0.00	0.00	4.37	84.31	88.54	0.00	41	0	42	0.00	0.00	64.24	7.57	0.00	0.00	2000
228	11.46	1998	2095	0.00	194	0	0	0	nan	0.00	0.00	4.69	83.86	88.54	0.00	41	0	42	0.00	0.00	64.40	7.54	0.00	0.00	2000
230	11.40	2018	2097	0.00	195	0	0	0	nan	0.00	0.00	4.69	83.86	88.60	0.00	41	0	42	0.00	0.00	64.38	7.64	0.00	0.00	2000
228	11.39	1992	2106	0.00	196	0	0	0	nan	0.00	0.00	5.47	83.62	88.61	0.00	42	0	42	0.00	0.00	64.20	7.51	0.00	0.00	2000
229	11.18	2048	2099	0.00	195	0	0	0	nan	0.00	0.00	4.52	84.40	88.82	0.00	41	0	42	0.00	0.00	64.19	7.66	0.00	0.00	2000
230	11.34	2034	2095	0.00	203	0	0	0	nan	0.00	0.00	6.67	81.94	88.66	0.00	41	0	42	0.00	0.00	64.62	7.42	0.00	0.00	2000
228	11.11	2044	2110	0.00	198	0	0	0	nan	0.00	0.00	7.53	82.01	88.89	0.00	41	0	42	0.00	0.00	64.19	7.53	0.00	0.00	2000
228	11.32	2027	2090	0.00	199	0	0	0	nan	0.00	0.00	6.56	81.92	88.68	0.00	41	0	42	0.00	0.00	64.33	7.59	0.00	0.00	2000
229	11.19	2039	2110	0.00	199	0	0	0	nan	0.00	0.00	6.80	82.63	88.81	0.00	41	0	42	0.00	0.00	63.95	7.58	0.00	0.00	2000
228	11.26	2037	2084	0.00	199	0	0	0	nan	0.00	0.00	4.55	83.72	88.74	0.00	42	0	42	0.00	0.00	64.15	7.55	0.00	0.00	2000
231	11.61	1985	2107	0.00	203	0	0	0	nan	0.00	0.00	7.50	81.32	88.39	0.00	41	0	42	0.00	0.00	64.59	7.46	0.00	0.00	2000
229	11.55	1989	2091	0.00	202	0	0	0	nan	0.00	0.00	8.75	79.53	88.45	0.00	41	0	42	0.00	0.00	64.24	7.47	0.00	0.00	2000
228	11.34	1997	2118	0.93	197	0	0	6	73.75	0.00	0.00	7.92	81.73	88.66	0.00	41	0	42	0.00	0.00	64.29	7.46	0.00	0.00	2000
228	11.51	1986	2098	0.54	198	0	0	0	nan	0.00	0.00	6.00	82.63	88.49	0.00	42	0	42	0.00	0.00	63.97	7.47	0.00	0.00	2000
230	11.36	2019	2103	0.00	199	0	0	0	nan	0.00	0.00	6.64	82.35	88.64	0.00	41	0	42	0.00	0.00	64.34	7.38	0.00	0.00	2000
230	11.27	2044	2099	0.00	203	0	0	0	nan	0.00	0.00	6.42	82.46	88.73	0.00	41	0	42	0.00	0.00	64.60	7.56	0.00	0.00	2000
230	11.31	2038	2091	0.00	199	0	0	0	nan	0.00	0.00	6.68	81.80	88.69	0.00	41	0	42	0.00	0.00	64.36	7.65	0.00	0.00	2000
228	11.27	2026	2101	0.00	198	0	0	0	nan	0.00	0.02	5.19	83.78	88.73	0.00	41	0	42	0.00	0.00	64.20	7.51	0.00	0.00	2000
229	11.28	2028	2101	0.00	199	0	0	0	nan	0.00	0.00	6.23	82.72	88.72	0.00	41	0	42	0.00	0.00	64.04	7.57	0.00	0.00	2000
229	11.19	2042	2103	0.00	200	0	0	0	nan	0.00	0.00	6.82	82.28	88.81	0.00	41	0	42	0.00	0.00	64.54	7.47	0.00	0.00	2000
232	10.91	2138	2093	0.00	202	0	0	0	nan	0.00	0.62	4.74	83.61	89.09	0.00	41	0	42	0.00	0.00	64.80	7.58	0.00	0.00	2000
228	11.35	1997	2107	0.00	198	0	0	0	nan	0.00	0.00	5.91	83.25	88.65	0.00	42	0	42	0.00	0.00	64.67	7.52	0.00	0.00	2000
228	11.20	2034	2102	0.00	198	0	0	0	nan	0.00	0.00	7.08	82.04	88.80	0.00	42	0	42	0.00	0.00	64.12	7.44	0.00	0.00	2000
228	11.50	1984	2100	0.00	199	0	0	0	nan	0.00	0.00	7.40	81.27	88.50	0.00	42	0	42	0.00	0.00	64.48	7.53	0.00	0.00	2000
229	11.41	2004	2106	0.00	198	0	0	0	nan	0.00	0.00	5.95	83.10	88.59	0.00	42	0	42	0.00	0.00	64.28	7.64	0.00	0.00	2000
234	11.66	2009	2100	0.00	215	0	0	0	nan	0.00	0.00	9.14	79.35	88.34	0.00	41	0	42	0.00	0.00	64.39	7.37	0.00	0.00	2000
230	11.34	2032	2096	0.00	196	0	0	0	nan	0.00	0.00	4.47	84.18	88.66	0.00	41	0	42	0.00	0.00	64.23	7.57	0.00	0.00	2000
228	11.08	2065	2091	0.00	194	0	0	0	nan	0.00	0.00	4.43	84.28	88.92	0.00	42	0	42	0.00	0.00	64.22	7.60	0.00	0.00	2000
229	11.33	2021	2102	0.00	196	0	0	0	nan	0.00	0.00	5.06	83.81	88.67	0.00	41	0	42	0.00	0.00	64.50	7.62	0.00	0.00	2000
227	11.15	2043	2090	0.59	194	0	0	5	74.90	0.00	0.00	4.66	83.95	88.85	0.00	41	0	42	0.00	0.00	61.54	7.24	0.00	0.00	2000
228	11.18	2029	2112	0.90	194	0	0	2	85.04	0.00	0.00	5.06	84.49	88.82	0.00	42	0	42	0.00	0.00	63.86	7.50	0.00	0.00	2000
230	11.41	2017	2100	0.00	199	0	0	0	nan	0.00	0.00	5.66	83.15	88.59	0.00	41	0	42	0.00	0.00	67.08	7.83	0.00	0.00	2000
235	11.44	2048	2104	0.00	198	0	0	0	nan	0.00	0.00	6.21	82.54	88.56	0.00	41	0	42	0.00	0.00	64.64	7.53	0.00	0.00	2000
227	11.24	2041	2082	0.00	194	0	0	0	nan	0.00	0.00	4.35	83.75	88.76	0.00	41	0	42	0.00	0.00	64.45	7.11	0.00	0.00	2000
229	11.35	2003	2119	0.00	194	0	0	0	nan	0.00	0.00	5.14	84.53	88.65	0.00	41	0	42	0.00	0.00	61.69	7.51	0.00	0.00	2000
228	11.55	1981	2090	0.00	194	0	0	0	nan	0.00	0.00	4.27	83.97	88.45	0.00	42	0	42	0.00	0.00	64.18	7.55	0.00	0.00	2000
231	11.48	2009	2101	0.00	195	0	0	0	nan	0.00	0.00	5.51	83.20	88.52	0.00	41	0	42	0.00	0.00	64.42	7.47	0.00	0.00	2000
228	11.30	2023	2098	0.00	194	0	0	0	nan	0.00	0.00	4.76	84.03	88.70	0.00	42	0	42	0.00	0.00	64.36	7.57	0.00	0.00	2000
228	11.40	1999	2104	0.00	195	0	0	0	nan	0.00	0.00	4.74	84.26	88.60	0.00	42	0	42	0.00	0.00	64.65	7.75	0.00	0.00	2000
227	11.29	2010	2100	0.00	195	0	0	0	nan	0.00	0.00	4.77	84.14	88.71	0.00	41	0	42	0.00	0.00	64.01	7.60	0.00	0.00	2000
228	11.36	2009	2100	0.00	196	0	0	0	nan	0.00	0.00	4.90	83.84	88.64	0.00	41	0	42	0.00	0.00	64.29	7.60	0.00	0.00	2000
229	11.50	2004	2088	0.00	195	0	0	0	nan	0.00	0.00	4.88	83.34	88.50	0.00	41	0	42	0.00	0.00	63.98	7.53	0.00	0.00	2000
228	11.08	2044	2118	0.00	195	0	0	0	nan	0.00	0.00	5.06	84.82	88.92	0.00	41	0	42	0.00	0.00	64.20	7.74	0.00	0.00	2000
228	11.18	2054	2083	0.00	194	0	0	0	nan	0.00	0.00	4.33	83.90	88.82	0.00	41	0	42	0.00	0.00	64.21	7.52	0.00	0.00	2000
229	11.44	1993	2108	0.00	195	0	0	0	nan	0.00	0.00	5.69	83.41	88.56	0.00	41	0	42	0.00	0.00	64.00	7.46	0.00	0.00	2000
227	11.14	2053	2088	0.00	194	0	0	0	nan	0.00	0.00	4.52	83.99	88.86	0.00	41	0	42	0.00	0.00	64.29	7.53	0.00	0.00	2000
230	11.46	1985	2119	0.18	195	0	0	4	67.75	0.00	0.00	5.26	84.30	88.54	0.00	41	0	42	0.00	0.00	64.27	7.61	0.00	0.00	2000
228	11.35	2014	2091	1.22	193	0	0	3	71.05	0.00	0.00	4.11	84.40	88.65	0.00	41	0	42	0.00	0.00	64.23	7.60	0.00	0.00	2000
229	11.47	1990	2104	0.00	194	0	0	0	nan	0.00	0.00	4.70	84.16	88.53	0.00	41	0	42	0.00	0.00	64.55	7.51	0.00	0.00	2000
228	11.05	2060	2099	0.00	195	0	0	0	nan	0.00	0.00	4.74	84.32	88.95	0.00	41	0	42	0.00	0.00	64.29	7.46	0.00	0.00	2000
229	11.36	1996	2117	0.00	195	0	0	0	nan	0.00	0.00	4.77	84.78	88.64	0.00	41	0	42	0.00	0.00	64.11	7.55	0.00	0.00	2000
230	11.38	2043	2073	0.00	195	0	0	0	nan	0.00	0.01	5.07	82.57	88.62	0.00	41	0	42	0.00	0.00	64.43	7.14	0.00	0.00	2000
231	11.22	2047	2113	0.00	199	0	0	0	nan	0.00	0.00	6.14	83.33	88.78	0.00	41	0	42	0.00	0.00	64.41	7.75	0.00	0.00	2000
227	11.32	2012	2097	0.00	195	0	0	0	nan	0.00	0.00	4.88	83.88	88.68	0.00	41	0	42	0.00	0.00	63.91	7.43	0.00	0.00	2000
228	11.44	1983	2107	0.00	194	0	0	0	nan	0.00	0.00	4.79	84.30	88.56	0.00	41	0	42	0.00	0.00	64.12	7.52	0.00	0.00	2000
228	11.09	2075	2080	0.00	195	0	0	0	nan	0.00	0.00	4.37	83.82	88.91	0.00	41	0	42	0.00	0.00	61.70	7.11	0.00	0.00	2000
228	11.35	2000	2111	0.00	195	0	0	0	nan	0.00	0.00	5.48	83.87	88.65	0.00	42	0	42	0.00	0.00	66.78	7.55	0.00	0.00	2000
229	11.24	2042	2094	0.00	195	0	0	0	nan	0.00	0.00	4.74	83.91	88.76	0.00	42	0	42	0.00	0.00	61.62	7.52	0.00	0.00	2000
228	11.13	2044	2108	0.00	195	0	0	0	nan	0.00	0.00	4.75	84.69	88.87	0.00	41	0	42	0.00	0.00	66.83	7.74	0.00	0.00	2000
227	11.38	2005	2089	0.00	193	0	0	0	nan	0.00	0.00	4.63	83.76	88.62	0.00	42	0	42	0.00	0.00	61.62	7.26	0.00	0.00	2000
229	11.36	2006	2108	0.00	194	0	0	0	nan	0.00	0.00	5.09	84.04	88.64	0.00	42	0	42	0.00	0.00	64.34	7.60	0.00	0.00	2000
228	11.48	1983	2101	0.00	196	0	0	0	nan	0.00	0.00	4.69	84.10	88.52	0.00	41	0	42	0.00	0.00	63.95	7.49	0.00	0.00	2000
235	11.90	1966	2109	0.00	196	0	0	0	nan	0.00	0.00	4.95	83.67	88.10	0.00	41	0	42	0.00	0.00	67.02	7.76	0.00	0.00	2000
228	11.16	2032	2108	0.00	195	0	0	3	78.31	0.00	0.00	4.35	84.96	88.84	0.00	41	0	42	0.00	0.00	62.36	7.36	0.00	0.00	2000
229	11.21	2071	2067	1.35	179	0	0	5	77.67	0.00	0.00	3.61	83.94	88.79	0.00	42	0	42	0.00	0.00	63.45	7.54	0.00	0.00	2000
227	11.05	2049	2108	0.00	211	0	0	0	nan	0.00	0.00	5.30	84.15	88.95	0.00	42	0	42	0.00	0.00	64.47	7.45	0.00	0.00	2000
229	11.07	2060	2107	0.00	194	0	0	0	nan	0.00	0.00	4.99	84.39	88.93	0.00	41	0	42	0.00	0.00	64.24	7.39	0.00	0.00	2000
232	11.36	2056	2090	0.00	199	0	0	0	nan	0.00	0.00	6.27	82.12	88.64	0.00	42	0	42	0.00	0.00	64.24	7.37	0.00	0.00	2000
230	11.27	2019	2122	0.00	195	0	0	0	nan	0.00	0.02	5.18	84.62	88.73	0.00	41	0	42	0.00	0.00	67.23	7.67	0.00	0.00	2000
227	11.46	1996	2083	0.00	195	0	0	0	nan	0.00	0.02	4.56	83.43	88.54	0.00	41	0	42	0.00	0.00	61.59	7.12	0.00	0.00	2000
229	11.22	2037	2105	0.00	194	0	0	0	nan	0.00	0.01	4.82	84.30	88.78	0.00	41	0	42	0.00	0.00	64.45	7.41	0.00	0.00	2000
227	11.33	2010	2095	0.00	193	0	0	0	nan	0.00	0.00	4.70	83.99	88.67	0.00	41	0	42	0.00	0.00	64.14	7.47	0.00	0.00	2000
231	11.39	2003	2130	0.00	198	0	0	0	nan	0.00	0.02	6.06	83.95	88.61	0.00	41	0	42	0.00	0.00	67.44	7.82	0.00	0.00	2000
228	11.23	2053	2078	0.00	183	0	0	0	nan	0.00	0.02	3.33	84.71	88.77	0.00	41	0	42	0.00	0.00	61.35	7.07	0.00	0.00	2000
229	11.22	2049	2097	0.00	213	0	0	0	nan	0.00	0.01	4.55	84.25	88.78	0.00	42	0	42	0.00	0.00	64.52	7.38	0.00	0.00	2000
228	11.13	2042	2103	0.00	195	0	0	0	nan	0.01	0.00	4.66	84.45	88.87	0.00	41	0	42	0.00	0.00	64.10	7.58	0.00	0.00	2000
228	11.23	2024	2106	0.00	195	0	0	0	nan	0.01	0.00	4.48	84.72	88.77	0.00	41	0	42	0.00	0.00	64.17	7.54	0.00	0.00	2000
228	11.19	2051	2088	0.00	194	0	0	0	nan	0.00	0.00	4.02	84.37	88.81	0.00	42	0	42	0.00	0.00	64.61	7.49	0.00	0.00	2000
231	11.04	2068	2123	0.00	197	0	0	0	nan	0.00	0.02	5.28	84.87	88.96	0.00	42	0	42	0.00	0.00	65.09	7.63	0.00	0.00	2000
228	11.14	2073	2077	0.00	194	0	0	0	nan	0.01	0.02	3.64	84.40	88.86	0.00	41	0	42	0.00	0.00	64.56	7.57	0.00	0.00	2000
228	11.16	2035	2111	0.00	194	0	0	1	82.82	0.00	0.00	4.42	85.10	88.84	0.00	41	0	42	0.00	0.00	63.81	7.41	0.00	0.00	2000
227	11.31	2007	2102	1.46	194	0	0	6	78.52	0.00	0.00	4.24	84.70	88.69	0.00	41	0	42	0.00	0.00	65.49	7.62	0.00	0.00	2000
228	11.49	1994	2086	0.00	179	0	0	0	nan	0.00	0.00	4.14	83.92	88.51	0.00	42	0	42	0.00	0.00	62.79	7.42	0.00	0.00	2000
230	11.48	1992	2110	0.00	211	0	0	0	nan	0.00	0.00	4.72	84.38	88.52	0.00	41	0	42	0.00	0.00	64.53	7.52	0.00	0.00	2000
231	11.20	2057	2102	0.00	194	0	0	0	nan	0.00	0.02	4.26	84.78	88.80	0.00	42	0	42	0.00	0.00	64.65	7.60	0.00	0.00	2000
228	11.61	1976	2085	0.00	195	0	0	0	nan	0.00	0.02	4.04	83.93	88.39	0.00	41	0	42	0.00	0.00	63.80	7.54	0.00	0.00	2000
229	11.38	2001	2109	0.00	196	0	0	0	nan	0.00	0.00	5.44	83.77	88.62	0.00	41	0	42	0.00	0.00	63.88	7.94	0.00	0.00	2000
228	11.18	2032	2105	0.00	195	0	0	0	nan	0.00	0.00	4.85	84.36	88.82	0.00	41	0	42	0.00	0.00	64.39	7.63	0.00	0.00	2000
230	11.35	2038	2089	0.00	195	0	0	0	nan	0.00	0.00	4.57	83.77	88.65	0.00	42	0	42	0.00	0.00	64.13	7.40	0.00	0.00	2000
228	11.36	1994	2110	0.00	194	0	0	0	nan	0.00	0.00	5.04	84.23	88.64	0.00	41	0	42	0.00	0.00	64.15	7.45	0.00	0.00	2000
228	11.00	2061	2113	0.00	195	0	0	0	nan	0.00	0.00	4.86	84.84	89.00	0.00	42	0	42	0.00	0.00	64.42	7.47	0.00	0.00	2000
228	11.21	2040	2092	0.00	194	0	0	0	nan	0.00	0.03	3.94	84.69	88.79	0.00	41	0	42	0.00	0.00	64.50	7.59	0.00	0.00	2000
229	11.20	2056	2091	0.00	196	0	0	0	nan	0.00	0.02	3.68	84.89	88.80	0.00	42	0	42	0.00	0.00	63.64	7.53	0.00	0.00	2000
229	11.29	2014	2117	0.00	196	0	0	0	nan	0.00	0.00	4.85	84.68	88.71	0.00	41	0	42	0.00	0.00	64.88	7.54	0.00	0.00	2000
228	11.25	2028	2097	0.00	194	0	0	0	nan	0.00	0.00	3.95	84.90	88.75	0.00	41	0	42	0.00	0.00	63.99	7.64	0.00	0.00	2000
228	11.29	2041	2079	0.00	194	0	0	0	nan	0.00	0.00	3.88	84.09	88.71	0.00	41	0	42	0.00	0.00	64.39	7.64	0.00	0.00	2000
228	11.38	1985	2122	0.00	194	0	0	0	nan	0.00	0.00	4.97	84.78	88.62	0.00	41	0	42	0.00	0.00	64.01	7.46	0.00	0.00	2000
228	11.48	2006	2078	0.00	203	0	0	0	nan	0.00	0.00	5.15	82.65	88.52	0.00	41	0	42	0.00	0.00	64.42	7.69	0.00	0.00	2000
229	11.36	2011	2104	1.26	202	0	0	6	74.88	0.00	0.00	5.81	83.22	88.64	0.00	41	0	42	0.00	0.00	64.28	7.44	0.00	0.00	2000
231	11.37	2025	2108	0.20	197	0	0	0	nan	0.00	0.00	4.83	84.36	88.63	0.00	42	0	42	0.00	0.00	63.99	7.48	0.00	0.00	2000
229	11.29	2039	2092	0.00	195	0	0	0	nan	0.00	0.00	4.18	84.39	88.71	0.00	41	0	42	0.00	0.00	64.30	7.57	0.00	0.00	2000
229	11.06	2077	2093	0.00	194	0	0	0	nan	0.00	0.00	4.93	83.81	88.94	0.00	41	0	42	0.00	0.00	64.27	7.57	0.00	0.00	2000
228	10.88	2081	2118	0.00	194	0	0	0	nan	0.00	0.00	5.12	85.00	89.12	0.00	41	0	42	0.00	0.00	64.51	7.47	0.00	0.00	2000
228	11.09	2062	2095	0.00	196	0	0	0	nan	0.00	0.00	4.35	84.55	88.91	0.00	41	0	42	0.00	0.00	64.22	7.47	0.00	0.00	2000
230	11.29	2042	2099	0.00	195	0	0	0	nan	0.00	0.00	4.29	84.51	88.71	0.00	42	0	42	0.00	0.00	64.45	7.59	0.00	0.00	2000
227	11.36	2004	2092	0.00	194	0	0	0	nan	0.00	0.00	4.55	83.91	88.64	0.00	42	0	42	0.00	0.00	64.23	7.59	0.00	0.00	2000
228	11.28	2022	2098	0.00	193	0	0	0	nan	0.00	0.00	4.91	83.87	88.72	0.00	42	0	42	0.00	0.00	63.94	7.50	0.00	0.00	2000
229	11.23	2041	2098	0.00	195	0	0	0	nan	0.00	0.00	4.98	83.87	88.77	0.00	42	0	42	0.00	0.00	64.40	7.50	0.00	0.00	2000
229	11.16	2023	2126	0.00	195	0	0	0	nan	0.00	0.00	5.08	85.02	88.84	0.00	42	0	42	0.00	0.00	64.39	7.51	0.00	0.00	2000
229	11.59	1987	2091	0.00	196	0	0	0	nan	0.00	0.00	4.21	84.02	88.41	0.00	41	0	42	0.00	0.00	64.20	7.51	0.00	0.00	2000
229	11.23	2044	2096	0.00	195	0	0	0	nan	0.00	0.00	4.27	84.56	88.77	0.00	42	0	42	0.00	0.00	64.07	7.43	0.00	0.00	2000
228	11.24	2029	2096	0.00	195	0	0	0	nan	0.00	0.00	4.64	84.09	88.76	0.00	42	0	42	0.00	0.00	64.54	7.59	0.00	0.00	2000
229	11.04	2055	2117	0.00	195	0	0	0	nan	0.00	0.00	4.56	85.28	88.96	0.00	42	0	42	0.00	0.00	64.03	7.55	0.00	0.00	2000
229	11.17	2070	2081	0.00	198	0	0	0	nan	0.00	0.01	5.14	83.03	88.83	0.00	42	0	42	0.00	0.00	64.45	7.60	0.00	0.00	2000
230	11.22	2053	2097	0.00	196	0	0	0	nan	0.00	0.00	5.15	83.59	88.78	0.00	42	0	42	0.00	0.00	64.26	7.54	0.00	0.00	2000
234	11.39	2054	2097	0.94	197	0	0	7	77.61	0.00	0.00	5.94	82.70	88.61	0.00	41	0	42	0.00	0.00	64.95	7.42	0.00	0.00	2000
228	11.36	1994	2113	0.55	194	0	0	0	nan	0.00	0.00	5.09	84.31	88.64	0.00	41	0	42	0.00	0.00	64.21	7.63	0.00	0.00	2000
228	11.36	2017	2086	0.00	194	0	0	0	nan	0.00	0.00	4.58	83.64	88.64	0.00	42	0	42	0.00	0.00	64.26	7.51	0.00	0.00	2000
230	11.44	1986	2126	0.00	194	0	0	0	nan	0.00	0.00	5.03	84.84	88.56	0.00	42	0	42	0.00	0.00	64.55	7.62	0.00	0.00	2000
228	11.37	2031	2070	0.00	178	0	0	0	nan	0.00	0.00	4.10	83.46	88.63	0.00	42	0	42	0.00	0.00	63.76	7.43	0.00	0.00	2000
230	11.22	2038	2113	0.00	212	0	0	0	nan	0.00	0.00	5.67	83.86	88.78	0.00	42	0	42	0.00	0.00	64.10	7.44	0.00	0.00	2000
228	11.23	2023	2107	0.00	194	0	0	0	nan	0.00	0.00	4.81	84.41	88.77	0.00	41	0	42	0.00	0.00	64.23	7.49	0.00	0.00	2000
228	11.11	2043	2111	0.00	195	0	0	0	nan	0.00	0.00	4.22	85.35	88.89	0.00	42	0	42	0.00	0.00	64.20	7.46	0.00	0.00	2000
227	11.47	1994	2083	0.00	195	0	0	0	nan	0.00	0.01	3.69	84.31	88.53	0.00	41	0	42	0.00	0.00	64.05	7.58	0.00	0.00	2000
228	11.25	2026	2103	0.00	196	0	0	0	nan	0.00	0.00	5.11	83.97	88.75	0.00	41	0	42	0.00	0.00	64.19	7.41	0.00	0.00	2000
229	11.54	1993	2092	0.00	195	0	0	0	nan	0.00	0.00	4.50	83.77	88.46	0.00	42	0	42	0.00	0.00	61.13	7.61	0.00	0.00	2000
228	11.40	1988	2113	0.00	195	0	0	0	nan	0.00	0.00	4.96	84.40	88.60	0.00	42	0	42	0.00	0.00	64.24	7.40	0.00	0.00	2000
228	11.05	2079	2082	0.00	195	0	0	0	nan	0.00	0.00	3.89	84.38	88.95	0.00	41	0	42	0.00	0.00	64.29	7.26	0.00	0.00	2000
229	11.03	2049	2128	0.00	196	0	0	0	nan	0.00	0.00	5.31	85.00	88.97	0.00	41	0	42	0.00	0.00	64.62	7.49	0.00	0.00	2000
228	11.41	2018	2076	0.00	195	0	0	0	nan	0.00	0.02	3.77	83.95	88.59	0.00	41	0	42	0.00	0.00	63.65	7.82	0.00	0.00	2000
230	11.49	1988	2113	0.00	194	0	0	0	nan	0.00	0.00	5.22	84.03	88.51	0.00	41	0	42	0.00	0.00	64.90	7.21	0.00	0.00	2000
228	11.32	2026	2085	0.00	194	0	0	0	nan	0.00	0.00	4.39	83.81	88.68	0.00	41	0	42	0.00	0.00	63.80	7.38	0.00	0.00	2000
228	11.39	1990	2108	0.59	196	0	0	6	72.28	0.00	0.00	5.89	83.28	88.61	0.00	42	0	42	0.00	0.00	64.46	7.77	0.00	0.00	2000
228	11.29	2031	2092	0.88	198	0	0	2	85.36	0.00	0.00	5.99	82.57	88.71	0.00	42	0	42	0.00	0.00	61.09	7.06	0.00	0.00	2000
230	11.18	2047	2109	0.00	196	0	0	0	nan	0.00	0.00	6.30	83.13	88.82	0.00	42	0	42	0.00	0.00	67.13	7.78	0.00	0.00	2000
231	11.39	2037	2089	0.00	196	0	0	0	nan	0.00	0.00	4.95	83.39	88.61	0.00	42	0	42	0.00	0.00	61.64	7.20	0.00	0.00	2000
230	11.17	2029	2127	0.00	196	0	0	0	nan	0.00	0.00	6.33	83.88	88.83	0.00	41	0	42	0.00	0.00	66.68	7.70	0.00	0.00	2000
227	11.05	2073	2085	0.00	194	0	0	0	nan	0.00	0.02	3.86	84.59	88.95	0.00	42	0	42	0.00	0.00	64.69	7.32	0.00	0.00	2000
228	11.27	2019	2109	0.00	195	0	0	0	nan	0.00	0.00	5.28	83.92	88.73	0.00	42	0	42	0.00	0.00	61.65	7.52	0.00	0.00	2000
227	11.01	2082	2081	0.00	194	0	0	0	nan	0.00	0.01	3.87	84.44	88.99	0.00	42	0	42	0.00	0.00	64.41	7.16	0.00	0.00	2000
231	11.31	2033	2105	0.00	196	0	0	0	nan	0.00	0.00	5.79	83.27	88.69	0.00	42	0	42	0.00	0.00	64.11	7.58	0.00	0.00	2000
227	11.08	2042	2108	0.00	193	0	0	0	nan	0.00	0.00	4.98	84.43	88.92	0.00	41	0	42	0.00	0.00	65.40	7.63	0.00	0.00	2000
229	11.33	2031	2087	0.00	178	0	0	0	nan	0.00	0.02	4.36	83.91	88.67	0.00	41	0	42	0.00	0.00	63.31	7.22	0.00	0.00	2000
227	11.29	2005	2107	0.00	211	0	0	0	nan	0.00	0.00	4.75	84.44	88.71	0.00	42	0	42	0.00	0.00	63.84	7.29	0.00	0.00	2000
228	11.33	2006	2106	0.00	194	0	0	0	nan	0.00	0.00	5.00	84.08	88.67	0.00	41	0	42	0.00	0.00	66.63	8.01	0.00	0.00	2000
228	11.30	2015	2099	0.00	196	0	0	0	nan	0.00	0.00	4.46	84.43	88.70	0.00	42	0	42	0.00	0.00	61.64	7.15	0.00	0.00	2000
230	11.68	1979	2093	0.00	197	0	0	0	nan	0.00	0.00	4.61	83.64	88.32	0.00	41	0	42	0.00	0.00	64.06	7.49	0.00	0.00	2000
229	11.21	2035	2105	0.00	194	0	0	0	nan	0.00	0.00	4.96	84.27	88.79	0.00	42	0	42	0.00	0.00	61.48	7.51	0.00	0.00	2000
228	11.24	2027	2102	0.00	195	0	0	0	nan	0.00	0.00	4.47	84.60	88.76	0.00	41	0	42	0.00	0.00	66.65	7.40	0.00	0.00	2000
227	11.50	1986	2087	0.17	195	0	0	4	74.56	0.00	0.00	4.34	83.80	88.51	0.00	42	0	42	0.00	0.00	64.08	7.39	0.00	0.00	2000
229	11.30	2009	2120	1.24	196	0	0	3	79.24	0.00	0.00	6.54	83.18	88.70	0.00	42	0	42	0.00	0.00	64.44	7.33	0.00	0.00	2000
231	11.52	2018	2089	0.00	197	0	0	0	nan	0.00	0.00	4.11	84.13	88.48	0.00	41	0	42	0.00	0.00	64.22	7.34	0.00	0.00	2000
228	11.40	1993	2110	0.00	195	0	0	0	nan	0.00	0.00	4.62	84.61	88.60	0.00	42	0	42	0.00	0.00	64.02	7.50	0.00	0.00	2000
229	11.43	2014	2090	0.00	194	0	0	0	nan	0.00	0.00	4.00	84.34	88.57	0.00	41	0	42	0.00	0.00	64.60	7.54	0.00	0.00	2000
229	11.42	2000	2107	0.00	197	0	0	0	nan	0.00	0.00	5.64	83.43	88.58	0.00	41	0	42	0.00	0.00	64.01	7.39	0.00	0.00	2000
227	11.45	1981	2101	0.00	195	0	0	0	nan	0.00	0.00	4.64	84.18	88.55	0.00	42	0	42	0.00	0.00	63.39	7.49	0.00	0.00	2000
230	11.19	2067	2090	0.00	195	0	0	0	nan	0.00	0.00	4.56	83.95	88.81	0.00	41	0	42	0.00	0.00	64.86	7.25	0.00	0.00	2000
229	11.20	2033	2108	0.00	195	0	0	0	nan	0.00	0.02	4.87	84.42	88.80	0.00	42	0	42	0.00	0.00	64.30	7.45	0.00	0.00	2000
229	11.18	2042	2104	0.00	195	0	0	0	nan	0.00	0.00	4.29	84.91	88.82	0.00	41	0	42	0.00	0.00	64.03	7.44	0.00	0.00	2000
227	11.21	2038	2085	0.00	194	0	0	0	nan	0.01	0.00	4.07	84.24	88.79	0.00	41	0	42	0.00	0.00	64.60	7.34	0.00	0.00	2000
228	11.20	2027	2114	0.00	195	0	0	0	nan	0.00	0.00	4.89	84.70	88.80	0.00	41	0	42	0.00	0.00	64.18	7.53	0.00	0.00	2000
230	11.84	1948	2092	0.00	196	0	0	0	nan	0.00	0.04	4.63	83.38	88.16	0.00	41	0	42	0.00	0.00	63.74	7.49	0.00	0.00	2000
229	11.43	2000	2100	0.00	197	0	0	0	nan	0.00	0.01	4.38	84.40	88.57	0.00	41	0	42	0.00	0.00	64.02	7.54	0.00	0.00	2000
227	11.31	2013	2098	0.00	195	0	0	0	nan	0.00	0.00	4.72	84.06	88.69	0.00	41	0	42	0.00	0.00	64.27	7.49	0.00	0.00	2000
228	11.40	1993	2110	0.00	195	0	0	0	nan	0.00	0.00	4.74	84.50	88.60	0.00	41	0	42	0.00	0.00	64.06	7.45	0.00	0.00	2000
227	11.44	1990	2099	0.00	194	0	0	0	nan	0.00	0.00	4.66	83.96	88.56	0.00	41	0	42	0.00	0.00	64.23	7.44	0.00	0.00	2000
228	11.18	2027	2110	0.00	194	0	0	3	76.68	0.00	0.00	4.44	84.95	88.82	0.00	41	0	42	0.00	0.00	64.23	7.39	0.00	0.00	2000
229	11.20	2070	2077	1.36	195	0	0	5	76.28	0.00	0.00	3.71	84.24	88.80	0.00	41	0	42	0.00	0.00	64.42	7.39	0.00	0.00	2000
230	11.32	2025	2109	0.00	194	0	0	0	nan	0.00	0.00	5.01	84.25	88.68	0.00	41	0	42	0.00	0.00	63.92	7.40	0.00	0.00	2000
228	11.25	2032	2094	0.00	194	0	0	0	nan	0.00	0.00	4.52	84.19	88.75	0.00	41	0	42	0.00	0.00	64.07	7.52	0.00	0.00	2000
230	11.32	2020	2113	0.00	196	0	0	0	nan	0.00	0.00	5.40	84.01	88.68	0.00	41	0	42	0.00	0.00	64.29	7.58	0.00	0.00	2000
227	11.54	1976	2094	0.00	195	0	0	0	nan	0.00	0.00	4.78	83.63	88.46	0.00	41	0	42	0.00	0.00	63.87	7.41	0.00	0.00	2000
230	11.36	2019	2105	0.00	196	0	0	0	nan	0.00	0.00	4.52	84.54	88.64	0.00	41	0	42	0.00	0.00	64.13	7.49	0.00	0.00	2000
228	11.34	2015	2094	0.00	194	0	0	0	nan	0.00	0.00	4.30	84.26	88.66	0.00	42	0	42	0.00	0.00	64.33	7.42	0.00	0.00	2000
229	11.31	2026	2100	0.00	197	0	0	0	nan	0.00	0.00	6.68	82.11	88.69	0.00	42	0	42	0.00	0.00	64.61	7.29	0.00	0.00	2000
227	11.23	2025	2097	0.00	195	0	0	0	nan	0.00	0.00	5.08	83.71	88.77	0.00	41	0	42	0.00	0.00	64.12	7.56	0.00	0.00	2000
229	11.31	2012	2115	0.00	195	0	0	0	nan	0.00	0.00	4.75	84.77	88.69	0.00	41	0	42	0.00	0.00	64.12	7.49	0.00	0.00	2000
229	11.43	2008	2093	0.00	195	0	0	0	nan	0.00	0.00	4.27	84.20	88.57	0.00	42	0	42	0.00	0.00	64.19	7.66	0.00	0.00	2000
228	11.10	2052	2104	0.00	196	0	0	0	nan	0.00	0.00	5.30	83.95	88.90	0.00	42	0	42	0.00	0.00	64.47	7.41	0.00	0.00	2000
227	11.45	2002	2080	0.00	194	0	0	0	nan	0.00	0.00	4.64	83.28	88.55	0.00	41	0	42	0.00	0.00	63.91	7.55	0.00	0.00	2000
229	11.07	2040	2129	0.00	194	0	0	0	nan	0.00	0.00	5.70	84.66	88.93	0.00	42	0	42	0.00	0.00	64.05	7.60	0.00	0.00	2000
228	11.35	2031	2078	0.00	194	0	0	0	nan	0.00	0.04	3.91	84.01	88.65	0.00	41	0	42	0.00	0.00	64.17	7.38	0.00	0.00	2000
232	11.11	2085	2101	0.00	196	0	0	0	nan	0.00	0.02	6.14	82.90	88.89	0.00	42	0	42	0.00	0.00	64.48	7.36	0.00	0.00	2000
227	11.03	2052	2108	0.00	194	0	0	1	80.15	0.00	0.01	4.76	84.70	88.97	0.00	41	0	42	0.00	0.00	64.19	7.43	0.00	0.00	2000
229	11.17	2046	2100	1.43	195	0	0	6	76.34	0.00	0.00	4.36	84.64	88.83	0.00	41	0	42	0.00	0.00	64.36	7.47	0.00	0.00	2000
228	11.48	1990	2100	0.00	194	0	0	0	nan	0.00	0.00	4.53	84.13	88.52	0.00	42	0	42	0.00	0.00	64.09	7.46	0.00	0.00	2000
229	11.34	2018	2097	0.00	194	0	0	0	nan	0.00	0.00	5.17	83.58	88.66	0.00	41	0	42	0.00	0.00	64.13	7.42	0.00	0.00	2000
230	11.58	1978	2109	0.00	196	0	0	0	nan	0.00	0.00	4.71	84.27	88.42	0.00	42	0	42	0.00	0.00	64.08	7.43	0.00	0.00	2000
229	11.40	2001	2107	0.00	195	0	0	0	nan	0.00	0.00	4.57	84.53	88.60	0.00	42	0	42	0.00	0.00	63.99	7.37	0.00	0.00	2000
227	11.36	2022	2078	0.00	194	0	0	0	nan	0.01	0.00	3.83	84.08	88.64	0.00	42	0	42	0.00	0.00	64.09	7.43	0.00	0.00	2000
229	11.12	2041	2114	0.00	195	0	0	0	nan	0.00	0.00	5.39	84.31	88.88	0.00	41	0	42	0.00	0.00	64.18	7.57	0.00	0.00	2000
227	11.30	2032	2079	0.00	194	0	0	0	nan	0.00	0.00	4.20	83.77	88.70	0.00	42	0	42	0.00	0.00	64.24	7.48	0.00	0.00	2000
229	11.10	2054	2107	0.00	194	0	0	0	nan	0.00	0.00	5.20	84.16	88.90	0.00	42	0	42	0.00	0.00	64.16	7.42	0.00	0.00	2000
230	11.13	2070	2093	0.00	195	0	0	0	nan	0.00	0.00	4.90	83.88	88.87	0.00	42	0	42	0.00	0.00	64.60	7.34	0.00	0.00	2000
227	11.30	2068	2037	0.00	195	0	0	0	nan	0.00	0.00	5.53	80.71	88.70	0.00	40	0	42	0.00	0.00	59.93	6.98	0.00	0.00	2000
236	11.14	2043	2181	0.00	214	0	0	0	nan	0.00	0.03	7.34	85.13	88.86	0.00	41	0	42	0.00	0.00	66.96	7.86	0.00	0.00	2000
229	11.34	2015	2105	0.00	195	0	0	0	nan	0.00	0.00	4.75	84.26	88.66	0.00	41	0	42	0.00	0.00	64.72	7.45	0.00	0.00	2000
229	11.53	1990	2097	0.00	194	0	0	0	nan	0.00	0.02	3.95	84.61	88.47	0.00	42	0	42	0.00	0.00	64.28	7.33	0.00	0.00	2000
235	11.65	2020	2102	0.00	196	0	0	0	nan	0.00	0.00	4.77	83.80	88.35	0.00	41	0	42	0.00	0.00	64.44	7.78	0.00	0.00	2000
228	11.25	2039	2091	0.00	198	0	0	0	nan	0.00	0.04	4.44	84.00	88.75	0.00	41	0	42	0.00	0.00	64.71	7.49	0.00	0.00	2000
229	11.29	2026	2104	0.00	194	0	0	0	95.68	0.00	0.00	4.90	84.13	88.71	0.00	41	0	42	0.00	0.00	64.31	7.53	0.00	0.00	2000
227	11.08	2051	2101	1.28	194	0	0	6	67.74	0.00	0.02	4.63	84.34	88.92	0.00	41	0	42	0.00	0.00	64.39	7.40	0.00	0.00	2000
230	11.50	2015	2088	0.20	194	0	0	0	nan	0.00	0.00	4.41	83.72	88.50	0.00	42	0	42	0.00	0.00	64.07	7.25	0.00	0.00	2000
230	11.16	2054	2105	0.00	195	0	0	0	nan	0.00	0.00	4.90	84.31	88.84	0.00	42	0	42	0.00	0.00	64.25	7.30	0.00	0.00	2000
230	11.23	2035	2113	0.00	195	0	0	0	nan	0.00	0.00	5.42	84.11	88.77	0.00	42	0	42	0.00	0.00	61.68	7.39	0.00	0.00	2000
228	11.58	1973	2092	0.00	195	0	0	0	nan	0.00	0.02	4.01	84.28	88.42	0.00	41	0	42	0.00	0.00	66.67	7.52	0.00	0.00	2000
230	11.35	2028	2098	0.00	195	0	0	0	nan	0.00	0.00	4.31	84.47	88.65	0.00	42	0	42	0.00	0.00	64.53	7.29	0.00	0.00	2000
227	11.31	2007	2100	0.00	196	0	0	0	nan	0.00	0.00	5.14	83.73	88.69	0.00	42	0	42	0.00	0.00	64.21	7.40	0.00	0.00	2000
231	11.74	1978	2091	0.00	195	0	0	0	nan	0.00	0.00	5.45	82.59	88.26	0.00	42	0	42	0.00	0.00	64.12	7.44	0.00	0.00	2000
227	11.21	1996	2130	0.00	194	0	0	0	nan	0.00	0.02	5.00	85.27	88.79	0.00	42	0	42	0.00	0.00	64.99	7.45	0.00	0.00	2000
228	11.45	2014	2080	0.00	194	0	0	0	nan	0.00	0.02	3.41	84.44	88.55	0.00	41	0	42	0.00	0.00	63.73	7.29	0.00	0.00	2000
228	11.31	2028	2092	0.00	196	0	0	0	nan	0.00	0.00	4.20	84.26	88.69	0.00	42	0	42	0.00	0.00	64.72	7.42	0.00	0.00	2000
229	11.28	2026	2109	0.00	194	0	0	0	nan	0.00	0.00	4.95	84.33	88.72	0.00	42	0	42	0.00	0.00	64.25	7.59	0.00	0.00	2000
229	11.61	1993	2079	0.00	195	0	0	0	nan	0.00	0.00	5.22	82.52	88.39	0.00	42	0	42	0.00	0.00	61.92	7.08	0.00	0.00	2000
229	11.13	2038	2118	0.00	194	0	0	0	nan	0.00	0.00	4.22	85.64	88.87	0.00	41	0	42	0.00	0.00	66.91	7.73	0.00	0.00	2000
228	11.28	2023	2099	0.00	198	0	0	0	nan	0.00	0.02	6.18	82.70	88.72	0.00	41	0	42	0.00	0.00	64.38	7.44	0.00	0.00	2000
229	11.56	1983	2102	0.00	195	0	0	0	nan	0.00	0.00	4.23	84.53	88.44	0.00	41	0	42	0.00	0.00	63.78	7.41	0.00	0.00	2000
227	11.36	1986	2112	0.00	196	0	0	0	nan	0.00	0.00	4.43	84.85	88.64	0.00	41	0	42	0.00	0.00	62.67	7.22	0.00	0.00	2000
232	11.73	1972	2105	0.91	196	0	0	6	66.92	0.00	0.02	4.27	84.40	88.27	0.00	41	0	42	0.00	0.00	63.20	7.38	0.00	0.00	2000
229	11.57	1983	2094	0.55	195	0	0	0	nan	0.00	0.01	3.27	85.11	88.43	0.00	42	0	42	0.00	0.00	66.67	7.76	0.00	0.00	2000
229	11.62	1977	2090	0.00	195	0	0	0	nan	0.00	0.00	3.84	84.34	88.38	0.00	42	0	42	0.00	0.00	61.83	7.22	0.00	0.00	2000
227	11.28	2003	2107	0.00	194	0	0	0	nan	0.00	0.00	4.78	84.47	88.72	0.00	42	0	42	0.00	0.00	64.18	7.57	0.00	0.00	2000
228	11.50	1981	2104	0.00	194	0	0	0	nan	0.00	0.00	3.60	85.29	88.50	0.00	41	0	42	0.00	0.00	64.42	7.51	0.00	0.00	2000
227	11.28	2021	2095	0.00	195	0	0	0	nan	0.00	0.02	4.31	84.40	88.72	0.00	42	0	42	0.00	0.00	64.77	7.41	0.00	0.00	2000
230	11.64	1972	2106	0.00	196	0	0	0	nan	0.00	0.00	5.39	83.45	88.36	0.00	42	0	42	0.00	0.00	63.55	7.64	0.00	0.00	2000
228	11.21	2039	2091	0.00	194	0	0	0	nan	0.00	0.02	4.34	84.17	88.79	0.00	41	0	42	0.00	0.00	64.85	7.58	0.00	0.00	2000
229	11.26	2038	2093	0.00	194	0	0	0	nan	0.00	0.00	4.01	84.54	88.74	0.00	42	0	42	0.00	0.00	64.48	7.46	0.00	0.00	2000
267	12.47	2157	2085	0.00	194	0	0	0	nan	0.00	0.02	5.68	81.36	87.53	0.00	42	0	42	0.00	0.00	65.07	7.61	0.00	0.00	2000
229	11.22	2027	2115	0.00	196	0	0	0	nan	0.00	0.00	5.46	84.09	88.78	0.00	41	0	42	0.00	0.00	64.70	7.54	0.00	0.00	2000
229	11.29	2026	2106	0.00	196	0	0	0	nan	0.00	0.02	4.36	84.78	88.71	0.00	41	0	42	0.00	0.00	64.21	7.38	0.00	0.00	2000
229	11.56	1974	2107	0.00	194	0	0	0	nan	0.00	0.00	4.07	84.88	88.44	0.00	42	0	42	0.00	0.00	64.38	7.47	0.00	0.00	2000
227	11.44	1989	2098	0.00	195	0	0	0	nan	0.00	0.00	4.21	84.47	88.56	0.00	41	0	42	0.00	0.00	63.80	7.58	0.00	0.00	2000
229	11.70	1976	2080	0.00	195	0	0	0	nan	0.00	0.00	4.29	83.33	88.30	0.00	42	0	42	0.00	0.00	64.16	7.43	0.00	0.00	2000
229	11.30	2009	2121	0.00	194	0	0	0	nan	0.00	0.02	5.09	84.73	88.70	0.00	41	0	42	0.00	0.00	64.08	7.56	0.00	0.00	2000
232	11.41	2030	2108	0.00	199	0	0	0	nan	0.00	0.00	4.36	84.61	88.59	0.00	42	0	42	0.00	0.00	64.57	7.45	0.00	0.00	2000
230	11.26	2069	2070	0.60	194	0	0	7	68.87	0.00	0.02	4.63	82.92	88.74	0.00	42	0	42	0.00	0.00	64.51	7.46	0.00	0.00	2000
230	11.31	2016	2115	0.89	199	0	0	1	90.98	0.00	0.00	5.45	84.09	88.69	0.00	42	0	42	0.00	0.00	64.18	7.52	0.00	0.00	2000
229	11.23	2030	2108	0.00	195	0	0	0	nan	0.00	0.02	4.24	85.07	88.77	0.00	42	0	42	0.00	0.00	64.07	7.33	0.00	0.00	2000
230	11.30	2038	2099	0.00	196	0	0	0	nan	0.00	0.00	3.90	84.91	88.70	0.00	41	0	42	0.00	0.00	64.50	7.51	0.00	0.00	2000
230	11.38	2012	2106	0.00	196	0	0	0	nan	0.00	0.02	4.77	84.26	88.62	0.00	42	0	42	0.00	0.00	65.88	7.51	0.00	0.00	2000
229	11.22	2083	2057	0.00	194	0	0	0	nan	0.00	0.00	3.23	83.93	88.78	0.00	41	0	42	0.00	0.00	62.91	6.95	0.00	0.00	2000
228	11.30	1989	2132	0.00	195	0	0	0	nan	0.00	0.02	3.48	86.83	88.70	0.00	41	0	42	0.00	0.00	64.03	7.75	0.00	0.00	2000
229	11.20	2032	2112	0.00	195	0	0	0	nan	0.00	0.00	3.68	85.82	88.80	0.00	42	0	42	0.00	0.00	64.05	7.53	0.00	0.00	2000
228	11.29	2036	2082	0.00	194	0	0	0	nan	0.00	0.02	4.02	84.09	88.71	0.00	41	0	42	0.00	0.00	64.54	7.37	0.00	0.00	2000
231	11.53	1997	2105	0.00	194	0	0	0	nan	0.00	0.00	4.83	84.00	88.47	0.00	42	0	42	0.00	0.00	62.28	7.35	0.00	0.00	2000
228	11.13	2044	2103	0.00	196	0	0	0	nan	0.00	0.00	4.48	84.69	88.87	0.00	42	0	42	0.00	0.00	66.81	7.49	0.00	0.00	2000
228	11.41	2005	2096	0.00	194	0	0	0	nan	0.00	0.00	4.59	83.99	88.59	0.00	42	0	42	0.00	0.00	64.80	7.46	0.00	0.00	2000
227	11.44	1982	2102	0.00	195	0	0	0	nan	0.00	0.02	4.44	84.42	88.56	0.00	42	0	42	0.00	0.00	63.53	7.38	0.00	0.00	2000
229	11.60	1970	2110	0.00	196	0	0	0	nan	0.00	0.00	4.49	84.55	88.40	0.00	41	0	42	0.00	0.00	64.52	7.46	0.00	0.00	2000
228	11.30	2018	2096	0.00	195	0	0	0	nan	0.00	0.00	4.81	83.95	88.70	0.00	42	0	42	0.00	0.00	64.14	7.36	0.00	0.00	2000
231	11.34	2030	2106	0.00	195	0	0	0	nan	0.00	0.00	4.58	84.50	88.66	0.00	41	0	42	0.00	0.00	64.38	7.52	0.00	0.00	2000
228	11.25	2048	2082	0.00	194	0	0	0	nan	0.00	0.02	4.53	83.70	88.75	0.00	42	0	42	0.00	0.00	64.39	7.32	0.00	0.00	2000
230	11.26	2031	2109	0.18	195	0	0	5	73.33	0.00	0.00	5.11	84.21	88.74	0.00	41	0	42	0.00	0.00	64.12	7.60	0.00	0.00	2000
228	11.48	1986	2104	1.23	195	0	0	3	80.44	0.00	0.02	5.13	83.72	88.52	0.00	41	0	42	0.00	0.00	64.01	7.36	0.00	0.00	2000
230	11.38	2019	2103	0.00	195	0	0	0	nan	0.00	0.00	3.92	84.89	88.62	0.00	42	0	42	0.00	0.00	64.62	7.59	0.00	0.00	2000
229	11.37	2024	2091	0.00	195	0	0	0	nan	0.00	0.00	4.28	84.17	88.63	0.00	41	0	42	0.00	0.00	64.03	7.61	0.00	0.00	2000
230	11.63	1971	2104	0.00	198	0	0	0	nan	0.00	0.00	5.60	83.13	88.37	0.00	41	0	42	0.00	0.00	64.69	7.55	0.00	0.00	2000
228	11.48	1983	2098	0.00	196	0	0	0	nan	0.00	0.02	4.33	84.33	88.52	0.00	42	0	42	0.00	0.00	64.06	7.50	0.00	0.00	2000
229	11.46	2009	2093	0.00	195	0	0	0	nan	0.00	0.00	3.85	84.57	88.54	0.00	41	0	42	0.00	0.00	64.44	7.74	0.00	0.00	2000
227	11.32	2002	2108	0.00	196	0	0	0	nan	0.00	0.01	4.75	84.50	88.68	0.00	42	0	42	0.00	0.00	64.04	7.59	0.00	0.00	2000
231	11.54	1999	2104	0.00	195	0	0	0	nan	0.00	0.02	4.02	84.82	88.46	0.00	41	0	42	0.00	0.00	64.08	7.52	0.00	0.00	2000
227	11.29	2012	2099	0.00	195	0	0	0	nan	0.00	0.00	4.08	84.79	88.71	0.00	42	0	42	0.00	0.00	64.40	7.50	0.00	0.00	2000
228	11.20	2048	2089	0.00	194	0	0	0	nan	0.00	0.02	3.27	85.16	88.80	0.00	42	0	42	0.00	0.00	64.59	7.67	0.00	0.00	2000
228	11.03	2065	2098	0.00	194	0	0	0	nan	0.00	0.00	4.75	84.30	88.97	0.00	42	0	42	0.00	0.00	64.34	7.43	0.00	0.00	2000
229	11.57	1976	2104	0.00	194	0	0	0	nan	0.00	0.00	4.09	84.70	88.43	0.00	42	0	42	0.00	0.00	64.10	7.41	0.00	0.00	2000
230	11.30	2015	2120	0.00	194	0	0	0	nan	0.00	0.00	4.62	85.11	88.70	0.00	41	0	42	0.00	0.00	64.27	7.49	0.00	0.00	2000
230	11.55	1999	2089	0.00	197	0	0	0	nan	0.00	0.00	3.92	84.31	88.45	0.00	42	0	42	0.00	0.00	64.07	7.55	0.00	0.00	2000
228	11.21	2038	2095	0.00	193	0	0	0	nan	0.00	0.00	3.86	84.82	88.79	0.00	41	0	42	0.00	0.00	64.57	7.51	0.00	0.00	2000
229	11.65	1968	2095	0.00	195	0	0	0	nan	0.00	0.00	4.10	84.26	88.35	0.00	42	0	42	0.00	0.00	64.08	7.51	0.00	0.00	2000
228	11.27	2014	2108	0.00	194	0	0	10	23.84	0.00	0.02	4.31	84.91	88.73	0.00	42	0	42	0.00	0.00	64.25	7.77	0.00	0.00	2000
229	11.29	2049	2082	1.36	195	0	0	4	76.94	0.00	0.00	4.56	83.56	88.71	0.00	41	0	42	0.00	0.00	61.11	7.30	0.00	0.00	2000
230	11.10	2057	2112	0.00	196	0	0	0	nan	0.00	0.00	4.96	84.64	88.90	0.00	41	0	42	0.00	0.00	67.50	7.45	0.00	0.00	2000
229	11.36	2012	2108	0.00	203	0	0	0	nan	0.00	0.00	3.96	85.24	88.64	0.00	41	0	42	0.00	0.00	64.10	7.89	0.00	0.00	2000
228	11.20	2039	2099	0.00	194	0	0	0	nan	0.00	0.02	4.69	84.28	88.80	0.00	42	0	42	0.00	0.00	64.35	7.56	0.00	0.00	2000
230	11.37	2032	2088	0.00	195	0	0	0	nan	0.01	0.00	3.53	84.81	88.63	0.00	42	0	42	0.00	0.00	61.54	7.31	0.00	0.00	2000
228	11.28	2020	2100	0.00	194	0	0	0	nan	0.00	0.00	4.62	84.33	88.72	0.00	41	0	42	0.00	0.00	63.98	7.49	0.00	0.00	2000
232	11.40	2027	2106	0.00	198	0	0	0	nan	0.00	0.00	5.29	83.74	88.60	0.00	42	0	42	0.00	0.00	67.28	7.85	0.00	0.00	2000
228	11.31	2039	2074	0.00	195	0	0	0	nan	0.00	0.02	4.02	83.66	88.69	0.00	42	0	42	0.00	0.00	61.77	7.14	0.00	0.00	2000
230	11.36	1989	2133	0.00	196	0	0	0	nan	0.00	0.00	4.64	85.59	88.64	0.00	42	0	42	0.00	0.00	67.20	7.86	0.00	0.00	2000
227	11.25	2041	2079	0.00	193	0	0	0	nan	0.00	0.00	3.69	84.31	88.75	0.00	41	0	42	0.00	0.00	61.41	7.15	0.00	0.00	2000
229	11.33	1999	2120	0.00	195	0	0	0	nan	0.00	0.00	4.57	85.12	88.67	0.00	42	0	42	0.00	0.00	64.71	7.53	0.00	0.00	2000
229	11.60	2011	2062	0.00	195	0	0	0	nan	0.00	0.00	4.01	82.98	88.40	0.00	42	0	42	0.00	0.00	64.39	7.62	0.00	0.00	2000
235	11.49	2025	2124	0.00	198	0	0	0	nan	0.00	0.01	4.90	84.85	88.51	0.00	42	0	42	0.00	0.00	64.55	7.56	0.00	0.00	2000
228	11.04	2081	2083	0.00	195	0	0	0	nan	0.00	0.00	5.01	83.36	88.96	0.00	42	0	42	0.00	0.00	64.37	7.56	0.00	0.00	2000
230	11.34	2013	2113	0.00	195	0	0	0	nan	0.00	0.00	4.71	84.64	88.66	0.00	41	0	42	0.00	0.00	64.08	7.48	0.00	0.00	2000
228	11.15	2033	2107	0.00	194	0	0	0	nan	0.00	0.02	4.86	84.50	88.85	0.00	41	0	42	0.00	0.00	64.22	7.58	0.00	0.00	2000
232	11.53	2018	2092	0.00	196	0	0	2	77.25	0.00	0.00	4.74	83.48	88.47	0.00	42	0	42	0.00	0.00	64.51	7.75	0.00	0.00	2000
228	11.13	2049	2098	1.42	194	0	0	6	76.57	0.00	0.02	4.73	84.27	88.87	0.00	42	0	42	0.00	0.00	64.09	7.43	0.00	0.00	2000
230	11.20	2034	2120	0.00	206	0	0	0	nan	0.00	0.00	4.35	85.52	88.80	0.00	42	0	42	0.00	0.00	64.10	7.45	0.00	0.00	2000
228	11.34	1994	2116	0.00	183	0	0	0	nan	0.00	0.02	4.36	85.13	88.66	0.00	42	0	42	0.00	0.00	66.49	7.73	0.00	0.00	2000
229	11.33	2062	2054	0.00	195	0	0	0	nan	0.00	0.00	3.39	83.55	88.67	0.00	42	0	42	0.00	0.00	59.84	6.77	0.00	0.00	2000
230	11.43	1971	2140	0.00	196	0	0	0	nan	0.00	0.01	4.68	85.71	88.57	0.00	41	0	42	0.00	0.00	69.70	8.03	0.00	0.00	2000
230	11.28	2049	2094	0.00	196	0	0	0	nan	0.00	0.02	3.77	84.76	88.72	0.00	42	0	42	0.00	0.00	62.00	7.23	0.00	0.00	2000
228	11.22	2038	2093	0.00	194	0	0	0	nan	0.00	0.00	4.22	84.38	88.78	0.00	41	0	42	0.00	0.00	64.19	7.56	0.00	0.00	2000
228	11.23	2040	2095	0.00	194	0	0	0	nan	0.00	0.00	4.24	84.41	88.77	0.00	41	0	42	0.00	0.00	64.62	7.37	0.00	0.00	2000
228	11.05	2076	2084	0.00	196	0	0	0	nan	0.00	0.00	5.00	83.43	88.95	0.00	42	0	42	0.00	0.00	64.26	7.39	0.00	0.00	2000
229	11.07	2067	2106	0.00	194	0	0	0	nan	0.00	0.00	4.84	84.38	88.93	0.00	42	0	42	0.00	0.00	64.53	7.63	0.00	0.00	2000
229	11.12	2032	2128	0.00	214	0	0	0	nan	0.00	0.02	7.22	83.05	88.88	0.00	38	0	42	0.00	0.00	65.27	7.48	0.00	0.00	2000
220	10.84	2068	2057	0.00	196	0	0	0	nan	0.00	0.00	2.76	84.78	89.16	0.00	39	0	42	0.00	0.00	62.82	7.41	0.00	0.00	2000
221	10.64	2040	2136	0.00	194	0	0	0	nan	0.00	0.02	2.86	88.22	89.36	0.00	40	0	42	0.00	0.00	65.18	7.72	0.00	0.00	2000
218	11.10	2029	2030	0.00	195	0	0	0	nan	0.00	0.01	2.92	83.19	88.90	0.00	40	0	42	0.00	0.00	61.78	7.21	0.00	0.00	2000
224	10.56	2032	2191	0.00	195	0	0	0	nan	0.01	0.00	3.67	89.87	89.44	0.00	40	0	42	0.00	0.00	66.21	8.05	0.00	0.00	2000
223	11.02	2026	2093	0.00	194	0	0	0	nan	0.00	0.01	2.66	86.21	88.98	0.00	40	0	42	0.00	0.00	64.10	7.72	0.00	0.00	2000
217	11.22	2004	2026	0.00	195	0	0	1	91.36	0.00	0.00	3.24	82.60	88.78	0.00	41	0	42	0.00	0.00	62.35	7.41	0.00	0.00	2000
223	10.66	2007	2184	0.68	195	0	0	5	87.64	0.01	0.00	3.06	90.06	89.34	0.00	41	0	42	0.00	0.00	65.30	7.59	0.00	0.00	2000
220	11.00	1998	2099	0.04	195	0	0	0	nan	0.00	0.03	2.77	86.38	89.00	0.00	40	0	42	0.00	0.00	64.61	7.91	0.00	0.00	2000
220	10.79	2044	2098	0.00	203	0	0	0	nan	0.00	0.07	2.80	86.44	89.21	0.00	40	0	42	0.00	0.00	64.63	8.12	0.00	0.00	2000
222	10.85	2054	2095	0.00	196	0	0	0	nan	0.00	0.02	3.13	85.87	89.15	0.00	40	0	42	0.00	0.00	64.85	8.09	0.00	0.00	2000
220	10.88	2018	2105	0.00	194	0	0	0	nan	0.00	0.01	2.95	86.56	89.12	0.00	40	0	42	0.00	0.00	64.54	8.25	0.00	0.00	2000
216	11.32	2033	1973	0.00	195	0	0	0	nan	0.00	0.00	2.78	80.75	88.68	0.00	41	0	42	0.00	0.00	58.96	7.34	0.00	0.00	2000
221	10.89	1974	2160	0.00	211	0	0	0	nan	0.00	0.02	2.29	89.56	89.11	0.00	40	0	42	0.00	0.00	66.55	8.19	0.00	0.00	2000
213	10.58	1984	2132	0.00	196	0	0	0	nan	0.00	0.00	2.91	88.05	89.42	0.00	38	0	42	0.00	0.00	63.15	7.53	0.00	0.00	2000
191	10.44	1805	2126	0.00	297	0	0	0	nan	0.00	0.02	9.37	81.43	89.56	0.00	37	0	42	0.00	0.00	67.51	8.17	0.00	0.00	2000
77	6.91	1109	2099	0.00	193	0	0	0	nan	0.00	0.03	4.11	89.09	93.09	0.00	37	0	42	0.00	0.00	55.97	7.24	0.00	0.00	2000
74	6.64	1112	2105	0.00	193	0	0	0	nan	0.00	0.00	3.66	90.00	93.36	0.00	37	0	42	0.00	0.00	60.15	7.45	0.00	0.00	2000
81	7.28	1131	2078	0.00	146	0	0	0	nan	0.00	0.00	5.53	86.33	92.72	0.00	37	0	42	0.00	0.00	55.05	7.48	0.00	0.00	2000
