Avg_MHz	Busy%	Bzy_MHz	TSC_MHz	IPC	IRQ	NMI	SMI	LLCMRPS	LLC%hit	POLL%	C1%	C1E%	C6%	CPU%c1	CPU%c6	CoreTmp	CoreThr	PkgTmp	Pkg%pc2	Pkg%pc6	PkgWatt	RAMWatt	PKG_%	RAM_%	UncMHz
218	12.53	1829	1998	0.00	238	0	0	0	nan	0.00	0.01	19.29	63.92	87.47	0.00	37	0	42	0.00	0.00	54.65	6.78	0.00	0.00	2000
403	16.82	2194	2295	0.00	251	0	0	0	nan	0.06	1.31	21.96	67.81	83.18	0.00	38	0	42	0.00	0.00	76.04	8.47	0.00	0.00	2000
80	6.74	1176	2117	0.00	194	0	0	0	nan	0.00	0.00	6.83	87.20	93.26	0.00	37	0	42	0.00	0.00	60.40	7.63	0.00	0.00	2000
73	6.87	1067	2089	0.00	193	0	0	0	nan	0.00	0.02	2.90	89.77	93.13	0.00	37	0	42	0.00	0.00	58.08	7.40	0.00	0.00	2000
73	6.98	1049	2081	0.00	193	0	0	0	nan	0.00	0.00	2.76	89.46	93.02	0.00	37	0	42	0.00	0.00	57.60	7.32	0.00	0.00	2000
77	6.85	1108	2134	0.00	193	0	0	0	nan	0.00	0.00	2.82	91.93	93.15	0.00	37	0	42	0.00	0.00	59.43	7.57	0.00	0.00	2000
72	6.74	1079	2067	0.00	195	0	0	0	nan	0.00	0.01	3.21	88.74	93.26	0.00	37	0	42	0.00	0.00	57.53	7.20	0.00	0.00	2000
72	6.55	1102	2100	0.00	195	0	0	0	nan	0.00	0.02	2.04	91.45	93.45	0.00	37	0	42	0.00	0.00	58.16	7.48	0.00	0.00	2000
73	6.57	1104	2127	0.00	194	0	0	0	nan	0.00	0.03	2.20	92.43	93.43	0.00	37	0	42	0.00	0.00	60.35	7.85	0.00	0.00	2000
73	6.39	1140	2108	0.00	193	0	0	0	nan	0.00	0.00	3.01	90.92	93.61	0.00	37	0	42	0.00	0.00	58.08	7.30	0.00	0.00	2000
74	6.53	1137	2092	0.00	194	0	0	0	nan	0.00	0.02	2.93	90.14	93.47	0.00	37	0	42	0.00	0.00	57.63	7.37	0.00	0.00	2000
71	6.79	1059	2073	0.00	194	0	0	0	nan	0.00	0.02	3.17	88.88	93.21	0.00	37	0	42	0.00	0.00	57.18	7.37	0.00	0.00	2000
73	7.02	1030	2113	0.00	209	0	0	0	nan	0.00	0.00	2.38	91.25	92.98	0.00	37	0	42	0.00	0.00	61.43	7.88	0.00	0.00	2000
71	6.77	1058	2090	0.00	177	0	0	0	nan	0.00	0.04	4.18	88.62	93.23	0.00	37	0	42	0.00	0.00	55.70	7.15	0.00	0.00	2000
74	6.93	1053	2115	0.00	209	0	0	0	nan	0.00	0.00	4.83	88.84	93.07	0.00	37	0	42	0.00	0.00	60.76	7.74	0.00	0.00	2000
78	6.43	1214	2092	0.00	196	0	0	1	84.96	0.00	0.03	5.27	87.91	93.57	0.00	37	0	42	0.00	0.00	58.92	7.43	0.00	0.00	2000
73	6.55	1115	2107	0.17	194	0	0	2	89.47	0.00	0.00	5.16	88.56	93.45	0.00	37	0	42	0.00	0.00	58.71	7.32	0.00	0.00	2000
72	6.53	1108	2100	0.00	195	0	0	0	nan	0.00	0.00	3.45	90.00	93.47	0.00	37	0	42	0.00	0.00	58.44	7.59	0.00	0.00	2000
146	8.95	1636	2098	0.00	198	0	0	0	nan	0.06	0.79	5.79	84.49	91.05	0.00	37	0	42	0.00	0.00	60.24	7.48	0.00	0.00	2000
230	11.00	2080	2109	0.00	198	0	0	0	nan	0.00	0.04	5.32	84.07	89.00	0.00	37	0	42	0.00	0.00	65.41	7.38	0.00	0.00	2000
227	11.11	2082	2062	0.00	199	0	0	0	nan	0.00	0.00	6.43	80.91	88.89	0.00	38	0	42	0.00	0.00	63.90	7.54	0.00	0.00	2000
237	11.58	2012	2134	0.00	198	0	0	0	nan	0.00	0.00	5.59	84.34	88.42	0.00	38	0	42	0.00	0.00	64.78	7.39	0.00	0.00	2000
225	10.61	2149	2076	0.00	201	0	0	0	nan	0.00	0.00	5.30	83.14	89.39	0.00	38	0	42	0.00	0.00	64.29	7.41	0.00	0.00	2000
233	10.91	2124	2110	0.00	197	0	0	0	nan	0.00	0.01	4.68	84.70	89.09	0.00	37	0	42	0.00	0.00	65.25	7.76	0.00	0.00	2000
232	11.16	2078	2105	0.00	198	0	0	0	nan	0.00	0.03	4.68	84.44	88.84	0.00	38	0	42	0.00	0.00	66.11	7.65	0.00	0.00	2000
234	10.69	2179	2109	0.00	197	0	0	0	nan	0.00	0.00	5.08	84.42	89.31	0.00	37	0	42	0.00	0.00	67.33	7.83	0.00	0.00	2000
233	11.21	2090	2090	0.00	198	1	0	0	nan	0.01	0.00	4.30	84.09	88.79	0.00	37	0	42	0.00	0.00	65.40	7.67	0.00	0.00	2000
232	10.84	2128	2110	0.00	220	0	0	0	nan	0.00	0.01	3.72	85.84	89.16	0.00	37	0	42	0.00	0.00	65.15	7.57	0.00	0.00	2000
229	10.57	2167	2095	0.00	197	0	0	0	nan	0.01	0.00	4.62	84.57	89.43	0.00	37	0	42	0.00	0.00	64.81	7.44	0.00	0.00	2000
225	10.87	2111	2061	0.00	179	0	0	0	nan	0.00	0.00	4.01	83.49	89.13	0.00	37	0	42	0.00	0.00	63.25	7.54	0.00	0.00	2000
232	10.36	2206	2135	0.00	213	0	0	0	nan	0.00	0.00	3.43	87.61	89.64	0.00	38	0	42	0.00	0.00	68.84	7.81	0.00	0.00	2000
233	10.82	2151	2105	0.00	200	0	0	0	nan	0.00	0.02	4.47	84.92	89.18	0.00	38	0	42	0.00	0.00	65.24	7.73	0.00	0.00	2000
232	10.95	2108	2106	0.00	200	0	0	3	84.10	0.00	0.00	5.48	83.91	89.05	0.00	38	0	42	0.00	0.00	63.83	7.53	0.00	0.00	2000
227	10.76	2144	2063	0.54	215	0	0	17	81.40	0.00	0.00	6.39	81.26	89.24	0.00	38	0	42	0.00	0.00	62.91	7.25	0.00	0.00	2000
238	11.30	2080	2124	0.00	198	0	0	0	nan	0.00	0.02	5.77	84.01	88.70	0.00	37	0	42	0.00	0.00	67.14	7.69	0.00	0.00	2000
226	11.05	2072	2077	0.00	215	0	0	0	nan	0.00	0.00	7.09	80.92	88.95	0.00	37	0	42	0.00	0.00	63.63	7.37	0.00	0.00	2000
237	11.45	2047	2126	0.00	236	0	0	0	nan	0.00	0.00	8.81	81.01	88.55	0.00	38	0	42	0.00	0.00	67.74	8.34	0.00	0.00	2000
226	11.33	1982	2116	0.00	198	0	0	0	nan	0.00	0.04	7.48	82.01	88.67	0.00	39	0	42	0.00	0.00	65.50	7.95	0.00	0.00	2000
227	11.08	2043	2102	0.00	197	0	0	0	nan	0.00	0.03	5.69	83.43	88.92	0.00	39	0	42	0.00	0.00	65.11	7.88	0.00	0.00	2000
226	11.23	2013	2096	0.00	198	0	0	0	nan	0.00	0.00	7.11	81.69	88.77	0.00	40	0	42	0.00	0.00	64.23	7.76	0.00	0.00	2000
224	11.07	2015	2110	0.00	201	0	0	0	nan	0.00	0.00	6.41	83.12	88.93	0.00	39	0	42	0.00	0.00	65.25	8.14	0.00	0.00	2000
223	10.85	2061	2095	0.00	196	0	0	0	nan	0.00	0.02	6.68	82.35	89.15	0.00	39	0	42	0.00	0.00	64.51	7.80	0.00	0.00	2000
224	11.28	2017	2067	0.00	196	0	0	0	nan	0.00	0.00	5.87	81.61	88.72	0.00	40	0	42	0.00	0.00	64.16	7.98	0.00	0.00	2000
225	10.84	2036	2140	0.00	195	0	0	0	nan	0.00	0.02	5.01	86.08	89.16	0.00	40	0	42	0.00	0.00	65.60	8.11	0.00	0.00	2000
220	10.99	2058	2043	0.00	197	0	0	0	nan	0.00	0.00	5.94	80.84	89.01	0.00	40	0	42	0.00	0.00	62.69	7.37	0.00	0.00	2000
224	10.84	2042	2127	0.00	196	0	0	0	nan	0.04	2.14	2.62	85.77	89.16	0.00	40	0	42	0.00	0.00	64.25	7.46	0.00	0.00	2000
221	10.74	2058	2098	0.00	195	0	0	0	nan	0.00	0.00	5.83	83.50	89.26	0.00	41	0	42	0.00	0.00	64.32	7.65	0.00	0.00	2000
222	10.56	2068	2139	0.00	196	0	0	0	nan	0.00	0.01	6.90	84.32	89.44	0.00	41	0	42	0.00	0.00	66.45	7.67	0.00	0.00	2000
238	11.75	2065	2060	0.00	197	0	0	0	nan	0.00	0.00	6.78	79.90	88.25	0.00	40	0	42	0.00	0.00	64.18	7.88	0.00	0.00	2000
221	10.81	2061	2080	0.00	195	0	0	3	89.33	0.02	1.41	6.87	80.23	89.19	0.00	41	0	42	0.00	0.00	63.02	7.30	0.00	0.00	2000
224	10.92	2033	2123	0.71	202	0	0	5	91.79	0.00	0.01	7.10	83.13	89.08	0.00	41	0	42	0.00	0.00	64.53	7.61	0.00	0.00	2000
221	10.72	2050	2110	0.00	197	0	0	0	nan	0.00	0.00	7.76	82.05	89.28	0.00	41	0	42	0.00	0.00	64.46	7.62	0.00	0.00	2000
222	10.89	2033	2102	0.00	195	0	0	0	nan	0.00	0.00	7.71	81.57	89.11	0.00	41	0	42	0.00	0.00	64.98	7.49	0.00	0.00	2000
219	10.72	2085	2060	0.00	195	0	0	0	nan	0.00	0.00	5.70	81.95	89.28	0.00	41	0	42	0.00	0.00	63.54	7.37	0.00	0.00	2000
217	10.90	2088	2005	0.00	195	0	0	0	nan	0.00	0.00	5.94	79.20	89.10	0.00	41	0	42	0.00	0.00	59.85	6.94	0.00	0.00	2000
227	10.56	2029	2226	0.00	214	0	0	0	nan	0.00	0.02	7.77	87.14	89.44	0.00	41	0	42	0.00	0.00	69.89	8.08	0.00	0.00	2000
222	10.67	2076	2099	0.00	196	0	0	0	nan	0.00	0.00	8.24	81.06	89.33	0.00	40	0	42	0.00	0.00	64.52	7.42	0.00	0.00	2000
223	10.77	2045	2123	0.00	197	0	0	0	nan	0.00	0.02	7.06	83.32	89.23	0.00	40	0	42	0.00	0.00	65.13	7.56	0.00	0.00	2000
219	10.85	2062	2058	0.00	196	0	0	0	nan	0.00	0.02	7.37	80.02	89.15	0.00	41	0	42	0.00	0.00	63.41	7.50	0.00	0.00	2000
222	10.49	2091	2121	0.00	195	0	0	0	nan	0.00	2.61	3.18	84.84	89.51	0.00	41	0	42	0.00	0.00	64.72	7.43	0.00	0.00	2000
224	10.91	2048	2110	0.00	198	0	0	0	nan	0.03	2.09	4.04	83.49	89.09	0.00	41	0	42	0.00	0.00	64.36	7.22	0.00	0.00	2000
223	11.10	2010	2099	0.00	195	0	0	0	nan	0.04	0.00	6.86	82.19	88.90	0.00	41	0	42	0.00	0.00	62.12	7.83	0.00	0.00	2000
223	10.78	2042	2124	0.00	210	0	0	0	nan	0.00	0.04	5.87	84.49	89.22	0.00	40	0	42	0.00	0.00	68.09	7.67	0.00	0.00	2000
220	11.06	2025	2064	0.00	196	0	0	0	nan	0.00	0.02	5.93	81.57	88.94	0.00	41	0	42	0.00	0.00	62.83	7.29	0.00	0.00	2000
224	11.10	2017	2102	0.00	195	0	0	0	nan	0.00	0.00	7.30	81.81	88.90	0.00	41	0	42	0.00	0.00	64.19	7.63	0.00	0.00	2000
223	10.74	2042	2138	0.00	200	0	0	0	nan	0.00	0.03	6.40	84.55	89.26	0.00	41	0	42	0.00	0.00	65.53	7.58	0.00	0.00	2000
218	11.01	2030	2045	0.00	209	0	0	3	85.67	0.00	0.00	7.14	79.69	88.99	0.00	41	0	42	0.00	0.00	57.96	6.86	0.00	0.00	2000
223	10.64	2072	2123	0.92	195	0	0	4	90.50	0.00	0.00	6.47	83.97	89.36	0.00	41	0	42	0.00	0.00	69.96	8.29	0.00	0.00	2000
223	10.70	2084	2097	0.00	196	0	0	0	nan	0.00	0.00	6.50	82.81	89.30	0.00	41	0	42	0.00	0.00	64.23	7.68	0.00	0.00	2000
225	10.63	2076	2142	0.00	196	0	0	0	nan	0.00	0.00	7.19	84.03	89.37	0.00	41	0	42	0.00	0.00	65.92	7.66	0.00	0.00	2000
219	10.51	2137	2052	0.00	213	0	0	0	nan	0.00	1.40	8.32	77.85	89.49	0.00	41	0	42	0.00	0.00	59.58	6.87	0.00	0.00	2000
222	10.84	2033	2115	0.00	196	0	0	0	nan	0.00	0.00	6.46	83.49	89.16	0.00	40	0	42	0.00	0.00	69.24	8.14	0.00	0.00	2000
222	10.88	2033	2108	0.00	196	0	0	0	nan	0.00	0.00	6.78	82.84	89.12	0.00	41	0	42	0.00	0.00	64.50	7.55	0.00	0.00	2000
223	10.64	2084	2113	0.00	196	0	0	0	nan	0.00	0.02	4.48	85.53	89.36	0.00	41	0	42	0.00	0.00	64.29	7.67	0.00	0.00	2000
222	11.12	2002	2090	0.00	200	0	0	0	nan	0.03	0.01	6.92	81.60	88.88	0.00	41	0	42	0.00	0.00	64.01	7.50	0.00	0.00	2000
219	10.74	2075	2065	0.00	198	0	0	0	nan	0.00	0.00	5.66	82.22	89.26	0.00	41	0	42	0.00	0.00	58.93	6.82	0.00	0.00	2000
221	10.38	2117	2115	0.00	196	0	0	0	nan	0.00	0.51	5.32	84.54	89.62	0.00	41	0	42	0.00	0.00	67.11	7.54	0.00	0.00	2000
223	10.51	2087	2130	0.00	198	0	0	0	nan	0.00	0.00	5.72	85.05	89.49	0.00	41	0	42	0.00	0.00	62.09	7.59	0.00	0.00	2000
223	10.67	2074	2112	0.00	212	0	0	0	nan	0.00	0.00	6.90	82.98	89.33	0.00	41	0	42	0.00	0.00	65.83	7.70	0.00	0.00	2000
218	11.01	2090	1992	0.00	198	0	0	0	nan	0.00	0.00	6.97	77.54	88.99	0.00	41	0	42	0.00	0.00	62.28	7.07	0.00	0.00	2000
224	10.52	2065	2168	0.00	208	0	0	0	nan	0.00	0.00	8.42	84.03	89.48	0.00	41	0	42	0.00	0.00	63.96	7.52	0.00	0.00	2000
221	10.78	2032	2118	0.00	196	0	0	0	nan	0.00	0.00	6.23	83.88	89.22	0.00	41	0	42	0.00	0.00	64.46	7.39	0.00	0.00	2000
220	10.72	2065	2092	0.00	194	0	0	0	nan	0.00	0.00	6.71	82.34	89.28	0.00	41	0	42	0.00	0.00	64.67	7.41	0.00	0.00	2000
223	10.66	2099	2092	0.00	195	0	0	5	45.13	0.00	0.00	6.36	82.65	89.34	0.00	41	0	42	0.00	0.00	64.52	7.71	0.00	0.00	2000
224	10.69	2092	2103	1.09	197	0	0	8	60.66	0.00	0.02	7.14	82.28	89.31	0.00	41	0	42	0.00	0.00	64.85	7.35	0.00	0.00	2000
221	10.77	2065	2089	0.00	196	0	0	0	nan	0.00	0.02	7.57	81.31	89.23	0.00	40	0	42	0.00	0.00	64.11	7.50	0.00	0.00	2000
222	10.60	2068	2130	0.00	195	0	0	0	nan	0.00	0.02	7.10	83.63	89.40	0.00	41	0	42	0.00	0.00	64.53	7.54	0.00	0.00	2000
221	10.66	2072	2098	0.00	196	0	0	0	nan	0.00	2.11	4.80	82.45	89.34	0.00	41	0	42	0.00	0.00	64.40	7.55	0.00	0.00	2000
220	10.72	2071	2079	0.00	198	0	0	0	nan	0.00	0.01	3.39	85.13	89.28	0.00	41	0	42	0.00	0.00	64.41	7.45	0.00	0.00	2000
222	10.72	2094	2081	0.00	199	0	0	0	nan	0.00	0.32	5.16	83.12	89.28	0.00	41	0	42	0.00	0.00	64.55	7.50	0.00	0.00	2000
222	10.45	2093	2127	0.00	197	0	0	0	nan	0.00	0.01	7.69	83.12	89.55	0.00	41	0	42	0.00	0.00	64.24	7.36	0.00	0.00	2000
221	10.67	2080	2087	0.00	195	0	0	0	nan	0.00	0.01	6.51	82.38	89.33	0.00	41	0	42	0.00	0.00	64.23	7.58	0.00	0.00	2000
221	10.50	2081	2125	0.00	195	0	0	0	nan	0.00	0.00	6.01	84.56	89.50	0.00	41	0	42	0.00	0.00	64.23	7.56	0.00	0.00	2000
221	10.89	2044	2086	0.00	196	0	0	0	nan	0.00	0.03	6.33	82.33	89.11	0.00	41	0	42	0.00	0.00	64.43	7.41	0.00	0.00	2000
223	10.80	2072	2093	0.00	199	0	0	0	nan	0.00	0.01	6.39	82.55	89.20	0.00	41	0	42	0.00	0.00	64.08	7.45	0.00	0.00	2000
221	10.56	2091	2100	0.00	195	0	0	0	nan	0.00	0.02	7.85	81.61	89.44	0.00	41	0	42	0.00	0.00	64.47	7.63	0.00	0.00	2000
221	10.71	2042	2122	0.00	197	0	0	0	nan	0.00	0.00	6.53	83.82	89.29	0.00	41	0	42	0.00	0.00	64.31	7.39	0.00	0.00	2000
222	10.84	2041	2110	0.00	199	0	0	0	nan	0.00	0.00	6.19	83.51	89.16	0.00	41	0	42	0.00	0.00	65.44	7.52	0.00	0.00	2000
226	10.89	2121	2058	0.00	206	0	0	0	nan	0.00	0.00	4.33	83.05	89.11	0.00	41	0	42	0.00	0.00	63.57	7.42	0.00	0.00	2000
224	10.58	2075	2143	0.00	196	0	0	0	nan	0.00	0.00	6.72	84.62	89.42	0.00	41	0	42	0.00	0.00	64.77	7.73	0.00	0.00	2000
224	10.70	2132	2058	0.00	215	0	0	4	70.49	0.00	0.02	6.85	80.72	89.30	0.00	41	0	42	0.00	0.00	63.90	7.50	0.00	0.00	2000
225	10.50	2136	2104	0.69	214	0	0	4	92.32	0.00	0.56	5.93	83.34	89.50	0.00	41	0	42	0.00	0.00	64.58	7.55	0.00	0.00	2000
222	10.61	2060	2133	0.00	195	0	0	0	nan	0.00	2.17	2.73	86.08	89.39	0.00	41	0	42	0.00	0.00	64.60	7.59	0.00	0.00	2000
221	10.67	2095	2076	0.00	194	0	0	0	nan	0.00	0.04	2.61	85.73	89.32	0.00	41	0	42	0.00	0.00	64.52	7.49	0.00	0.00	2000
224	10.57	2101	2120	0.00	199	0	0	0	nan	0.00	0.02	5.91	84.36	89.43	0.00	41	0	42	0.00	0.00	64.42	7.42	0.00	0.00	2000
221	10.51	2099	2103	0.00	195	0	0	0	nan	0.00	0.42	7.78	81.48	89.49	0.00	41	0	42	0.00	0.00	64.92	7.50	0.00	0.00	2000
217	11.24	2051	1973	0.00	199	0	0	0	nan	0.00	0.02	6.82	76.61	88.76	0.00	41	0	42	0.00	0.00	59.78	7.17	0.00	0.00	2000
227	10.54	2048	2213	0.00	212	0	0	0	nan	0.04	0.00	6.63	87.71	89.46	0.00	41	0	42	0.00	0.00	72.29	9.55	0.00	0.00	2000
223	10.60	2106	2103	0.00	196	0	0	0	nan	0.00	0.01	6.04	83.54	89.40	0.00	41	0	42	0.00	0.00	66.34	8.63	0.00	0.00	2000
221	10.66	2088	2089	0.00	200	0	0	0	nan	0.00	0.00	6.48	82.51	89.34	0.00	41	0	42	0.00	0.00	66.33	8.75	0.00	0.00	2000
223	10.57	2089	2118	0.00	197	0	0	0	nan	0.04	0.00	7.78	82.51	89.43	0.00	41	0	42	0.00	0.00	65.74	8.99	0.00	0.00	2000
222	10.40	2087	2147	0.00	195	0	0	0	nan	0.00	0.00	5.40	86.26	89.60	0.00	41	0	42	0.00	0.00	68.64	8.78	0.00	0.00	2000
222	10.67	2087	2096	0.00	195	0	0	0	nan	0.06	0.02	6.95	82.25	89.33	0.00	41	0	42	0.00	0.00	65.02	7.68	0.00	0.00	2000
223	10.66	2092	2103	0.00	195	0	0	0	nan	0.04	0.02	6.76	82.75	89.34	0.00	41	0	42	0.00	0.00	61.53	7.04	0.00	0.00	2000
225	10.74	2095	2098	0.00	199	0	0	0	nan	0.04	0.00	7.72	81.59	89.26	0.00	41	0	42	0.00	0.00	67.79	7.88	0.00	0.00	2000
221	10.61	2086	2098	0.00	195	0	0	0	nan	0.00	0.02	6.59	82.82	89.39	0.00	41	0	42	0.00	0.00	62.92	7.36	0.00	0.00	2000
221	10.52	2103	2102	0.00	195	0	0	0	nan	0.00	0.56	3.28	85.88	89.48	0.00	41	0	42	0.00	0.00	65.65	7.64	0.00	0.00	2000
218	10.94	2107	1981	0.00	198	0	0	2	62.60	0.02	0.02	2.91	81.14	89.06	0.00	41	0	42	0.00	0.00	59.90	6.53	0.00	0.00	2000
228	10.60	2027	2223	0.80	200	0	0	5	66.87	0.00	0.00	7.69	87.00	89.40	0.00	41	0	42	0.00	0.00	68.16	8.13	0.00	0.00	2000
224	10.76	2080	2102	0.00	200	0	0	0	nan	0.00	0.00	6.50	82.90	89.24	0.00	41	0	42	0.00	0.00	65.36	7.61	0.00	0.00	2000
221	10.65	2077	2099	0.00	196	0	0	0	nan	0.00	0.03	6.57	82.75	89.35	0.00	41	0	42	0.00	0.00	64.61	7.47	0.00	0.00	2000
221	10.58	2090	2099	0.00	195	0	0	0	nan	0.00	0.02	5.95	83.47	89.42	0.00	41	0	42	0.00	0.00	65.48	7.18	0.00	0.00	2000
221	10.79	2047	2101	0.00	195	0	0	0	nan	0.00	0.02	5.83	83.53	89.21	0.00	41	0	42	0.00	0.00	62.23	7.51	0.00	0.00	2000
222	10.64	2084	2101	0.00	182	0	0	0	nan	0.00	0.00	5.27	84.19	89.36	0.00	41	0	42	0.00	0.00	63.55	7.35	0.00	0.00	2000
224	10.95	2041	2100	0.00	197	0	0	0	nan	0.00	0.02	6.76	82.35	89.05	0.00	41	0	42	0.00	0.00	65.19	7.46	0.00	0.00	2000
222	10.88	2037	2100	0.00	201	0	0	0	nan	0.00	0.04	6.49	82.79	89.12	0.00	41	0	42	0.00	0.00	65.20	7.66	0.00	0.00	2000
220	10.84	2033	2097	0.00	194	0	0	0	nan	0.00	0.00	6.84	82.36	89.16	0.00	41	0	42	0.00	0.00	64.29	7.38	0.00	0.00	2000
236	11.68	2021	2101	0.00	196	0	0	0	nan	0.00	0.00	7.23	81.21	88.32	0.00	40	0	42	0.00	0.00	61.54	7.09	0.00	0.00	2000
213	10.95	2129	1920	0.00	178	0	0	0	nan	0.00	0.02	4.37	77.13	89.05	0.00	39	0	42	0.00	0.00	54.86	6.50	0.00	0.00	2000
236	10.66	2012	2313	0.00	228	0	0	0	nan	0.00	0.00	7.92	90.63	89.34	0.00	38	0	42	0.00	0.00	76.00	8.76	0.00	0.00	2000
229	11.07	2072	2098	0.00	196	0	0	0	nan	0.00	1.69	6.22	81.13	88.93	0.00	38	0	42	0.00	0.00	64.42	7.48	0.00	0.00	2000
230	11.09	2069	2102	0.00	195	0	0	0	nan	0.03	0.01	3.12	85.83	88.91	0.00	38	0	42	0.00	0.00	65.65	7.38	0.00	0.00	2000
231	11.20	2054	2103	0.00	195	0	0	0	nan	0.00	0.04	5.40	83.59	88.80	0.00	38	0	42	0.00	0.00	65.25	7.57	0.00	0.00	2000
230	11.16	2062	2096	0.00	201	0	0	0	nan	0.00	0.03	7.61	81.10	88.84	0.00	38	0	42	0.00	0.00	65.51	7.52	0.00	0.00	2000
233	11.37	2043	2104	0.00	197	0	0	1	77.55	0.00	0.03	6.62	82.30	88.63	0.00	38	0	42	0.00	0.00	65.07	7.69	0.00	0.00	2000
230	11.18	2054	2103	0.88	202	0	0	5	54.09	0.00	0.02	6.89	82.17	88.82	0.00	38	0	42	0.00	0.00	61.19	7.09	0.00	0.00	2000
230	11.13	2068	2098	0.05	195	0	0	0	nan	0.00	0.00	7.16	81.68	88.87	0.00	38	0	42	0.00	0.00	65.83	7.55	0.00	0.00	2000
230	11.12	2069	2103	0.00	179	0	0	0	nan	0.00	0.00	7.87	81.26	88.88	0.00	38	0	42	0.00	0.00	66.10	7.57	0.00	0.00	2000
231	11.30	2050	2095	0.00	200	0	0	0	nan	0.04	0.00	8.73	79.94	88.70	0.00	38	0	42	0.00	0.00	64.91	7.61	0.00	0.00	2000
229	11.25	2039	2100	0.00	200	0	0	0	nan	0.00	0.02	5.50	83.38	88.75	0.00	38	0	42	0.00	0.00	59.97	7.17	0.00	0.00	2000
233	11.32	2062	2101	0.00	197	0	0	0	nan	0.00	0.00	5.88	82.91	88.68	0.00	38	0	42	0.00	0.00	66.08	7.67	0.00	0.00	2000
229	11.09	2067	2098	0.00	183	0	0	0	nan	0.00	0.00	7.22	81.64	88.91	0.00	38	0	42	0.00	0.00	65.55	7.75	0.00	0.00	2000
232	11.10	2082	2106	0.00	194	0	0	0	nan	0.00	0.00	7.79	81.41	88.90	0.00	38	0	42	0.00	0.00	66.04	7.51	0.00	0.00	2000
229	10.93	2105	2092	0.00	196	0	0	0	nan	0.00	0.00	6.03	82.72	89.07	0.00	38	0	42	0.00	0.00	62.47	7.26	0.00	0.00	2000
230	11.12	2070	2102	0.00	195	0	0	0	nan	0.00	0.00	5.68	83.36	88.88	0.00	38	0	42	0.00	0.00	61.69	7.22	0.00	0.00	2000
231	10.90	2118	2104	0.00	197	0	0	0	nan	0.00	0.03	6.42	82.86	89.10	0.00	38	0	42	0.00	0.00	66.82	7.82	0.00	0.00	2000
231	10.93	2122	2094	0.00	180	0	0	0	nan	0.00	2.12	4.83	82.04	89.07	0.00	38	0	42	0.00	0.00	65.12	7.29	0.00	0.00	2000
231	11.19	2052	2109	0.00	201	0	0	0	nan	0.00	0.00	5.83	83.48	88.81	0.00	38	0	42	0.00	0.00	66.42	7.79	0.00	0.00	2000
230	11.04	2085	2096	0.00	197	0	0	0	nan	0.00	0.03	7.23	81.60	88.96	0.00	38	0	42	0.00	0.00	59.57	7.03	0.00	0.00	2000
228	11.11	2056	2100	0.00	196	0	0	0	nan	0.00	0.00	5.90	83.09	88.89	0.00	38	0	42	0.00	0.00	66.06	7.68	0.00	0.00	2000
232	11.24	2064	2096	0.00	195	0	0	0	nan	0.02	1.47	7.33	80.01	88.76	0.00	38	0	42	0.00	0.00	65.10	7.59	0.00	0.00	2000
228	11.08	2061	2097	0.00	181	0	0	0	nan	0.00	0.00	6.71	82.15	88.92	0.00	38	0	42	0.00	0.00	64.86	7.65	0.00	0.00	2000
233	11.26	2065	2104	0.34	201	0	0	4	51.16	0.00	0.03	5.74	83.20	88.74	0.00	38	0	42	0.00	0.00	65.88	7.49	0.00	0.00	2000
231	11.11	2078	2103	0.58	196	0	0	2	77.11	0.00	0.03	6.67	82.45	88.89	0.00	38	0	42	0.00	0.00	65.90	7.27	0.00	0.00	2000
231	10.96	2105	2103	0.00	195	0	0	0	nan	0.00	0.00	6.57	82.64	89.04	0.00	38	0	42	0.00	0.00	60.89	7.41	0.00	0.00	2000
229	10.98	2090	2092	0.00	179	0	0	0	nan	0.01	0.00	5.39	83.40	89.02	0.00	38	0	42	0.00	0.00	64.84	7.66	0.00	0.00	2000
231	11.12	2073	2108	0.00	197	0	0	0	nan	0.00	0.03	7.12	82.10	88.88	0.00	38	0	42	0.00	0.00	66.11	7.69	0.00	0.00	2000
230	11.20	2067	2089	0.00	194	0	0	0	nan	0.00	0.01	6.91	81.58	88.80	0.00	38	0	42	0.00	0.00	59.31	6.98	0.00	0.00	2000
232	11.16	2071	2110	0.00	199	0	0	0	nan	0.00	0.00	6.73	82.64	88.84	0.00	38	0	42	0.00	0.00	65.35	7.45	0.00	0.00	2000
230	11.17	2060	2098	0.00	198	0	0	0	nan	0.04	0.00	8.83	80.03	88.83	0.00	38	0	42	0.00	0.00	66.19	7.71	0.00	0.00	2000
230	11.07	2100	2078	0.00	182	0	0	0	nan	0.00	0.06	4.69	83.24	88.93	0.00	38	0	42	0.00	0.00	64.67	7.47	0.00	0.00	2000
229	10.99	2060	2121	0.00	195	0	0	0	nan	0.00	0.03	4.42	85.47	89.01	0.00	38	0	42	0.00	0.00	66.59	7.78	0.00	0.00	2000
232	11.04	2096	2104	0.00	198	0	0	0	nan	0.02	0.03	4.59	84.63	88.96	0.00	38	0	42	0.00	0.00	60.18	6.93	0.00	0.00	2000
231	11.04	2097	2099	0.00	196	0	0	0	nan	0.00	0.51	6.86	81.71	88.96	0.00	38	0	42	0.00	0.00	64.50	7.79	0.00	0.00	2000
233	11.23	2075	2098	0.00	198	0	0	0	nan	0.04	0.00	7.81	81.04	88.77	0.00	38	0	42	0.00	0.00	67.78	7.57	0.00	0.00	2000
228	11.22	2070	2060	0.00	179	0	0	0	nan	0.00	0.00	7.90	79.31	88.78	0.00	38	0	42	0.00	0.00	63.70	7.63	0.00	0.00	2000
230	11.02	2051	2140	0.00	214	0	0	0	nan	0.00	0.00	7.97	82.85	88.98	0.00	38	0	42	0.00	0.00	64.90	7.56	0.00	0.00	2000
228	10.99	2078	2095	0.00	178	0	0	0	nan	0.00	0.00	6.31	82.62	89.01	0.00	38	0	42	0.00	0.00	65.17	7.55	0.00	0.00	2000
232	11.26	2054	2108	0.00	196	0	0	0	nan	0.04	0.00	7.75	81.46	88.74	0.00	38	0	42	0.00	0.00	63.21	7.04	0.00	0.00	2000
232	11.16	2089	2093	0.00	200	0	0	2	69.27	0.00	0.00	5.68	82.93	88.84	0.00	38	0	42	0.00	0.00	62.40	7.53	0.00	0.00	2000
230	11.11	2068	2100	0.86	199	0	0	4	56.80	0.00	0.00	6.00	82.95	88.89	0.00	38	0	42	0.00	0.00	64.62	7.50	0.00	0.00	2000
226	11.32	2061	2034	0.00	196	0	0	0	nan	0.00	0.02	6.34	79.65	88.68	0.00	38	0	42	0.00	0.00	61.23	7.30	0.00	0.00	2000
231	10.92	2042	2175	0.00	211	0	0	0	nan	0.01	0.00	6.47	85.78	89.08	0.00	38	0	42	0.00	0.00	71.88	8.64	0.00	0.00	2000
231	10.86	2122	2104	0.00	178	0	0	0	nan	0.00	0.00	6.29	83.06	89.14	0.00	38	0	42	0.00	0.00	61.38	7.05	0.00	0.00	2000
233	10.98	2129	2097	0.00	195	0	0	0	nan	0.00	0.00	7.15	81.77	89.02	0.00	38	0	42	0.00	0.00	65.15	7.56	0.00	0.00	2000
230	11.09	2074	2097	0.00	198	0	0	0	nan	0.00	1.38	6.20	81.35	88.91	0.00	39	0	42	0.00	0.00	65.21	7.41	0.00	0.00	2000
234	11.28	2073	2101	0.00	196	0	0	0	nan	0.00	0.04	3.15	85.69	88.72	0.00	39	0	42	0.00	0.00	65.95	7.63	0.00	0.00	2000
230	11.12	2071	2099	0.00	184	0	0	0	nan	0.00	0.00	5.09	83.79	88.88	0.00	38	0	42	0.00	0.00	65.15	7.68	0.00	0.00	2000
232	11.03	2098	2104	0.00	198	0	0	0	nan	0.00	0.01	5.97	83.22	88.97	0.00	39	0	42	0.00	0.00	60.11	7.04	0.00	0.00	2000
229	10.78	2125	2100	0.00	197	0	0	0	nan	0.00	0.00	5.85	83.38	89.22	0.00	38	0	42	0.00	0.00	65.35	7.61	0.00	0.00	2000
234	11.29	2073	2102	0.00	200	0	0	0	nan	0.00	0.04	6.70	82.11	88.71	0.00	38	0	42	0.00	0.00	67.42	7.94	0.00	0.00	2000
230	10.95	2121	2076	0.00	182	0	0	0	nan	0.00	0.01	7.23	80.86	89.05	0.00	38	0	42	0.00	0.00	63.80	7.66	0.00	0.00	2000
235	11.09	2102	2119	0.00	214	0	0	0	nan	0.00	0.00	9.18	80.53	88.91	0.00	38	0	42	0.00	0.00	65.43	7.48	0.00	0.00	2000
230	10.92	2099	2106	0.00	178	0	0	0	nan	0.00	0.00	6.29	83.07	89.08	0.00	38	0	42	0.00	0.00	63.85	7.51	0.00	0.00	2000
230	11.01	2092	2100	0.00	195	0	0	0	nan	0.00	0.00	6.94	82.16	88.99	0.00	39	0	42	0.00	0.00	63.79	7.40	0.00	0.00	2000
230	11.28	2116	2022	0.00	198	0	0	0	nan	0.00	0.00	4.89	80.59	88.72	0.00	38	0	42	0.00	0.00	61.03	7.22	0.00	0.00	2000
232	10.87	2052	2183	0.00	215	0	0	0	nan	0.00	0.00	7.40	85.32	89.13	0.00	38	0	42	0.00	0.00	69.31	8.15	0.00	0.00	2000
230	11.03	2083	2098	0.63	179	0	0	4	39.75	0.00	0.00	8.08	80.88	88.97	0.00	39	0	42	0.00	0.00	62.23	7.28	0.00	0.00	2000
231	11.19	2059	2103	0.30	194	0	0	0	nan	0.00	0.00	8.05	81.01	88.81	0.00	38	0	42	0.00	0.00	65.98	7.56	0.00	0.00	2000
228	10.85	2104	2095	0.00	196	0	0	0	nan	0.00	0.00	5.22	83.79	89.15	0.00	38	0	42	0.00	0.00	65.61	7.85	0.00	0.00	2000
231	11.03	2093	2104	0.00	197	0	0	0	nan	0.00	2.17	5.68	81.41	88.97	0.00	38	0	42	0.00	0.00	66.59	7.80	0.00	0.00	2000
232	10.89	2131	2104	0.00	179	0	0	0	nan	0.00	0.06	3.14	86.22	89.11	0.00	38	0	42	0.00	0.00	61.84	7.21	0.00	0.00	2000
229	10.92	2109	2092	0.00	203	0	0	0	nan	0.00	0.00	5.91	82.85	89.08	0.00	38	0	42	0.00	0.00	64.85	7.73	0.00	0.00	2000
230	11.01	2082	2105	0.00	195	0	0	0	nan	0.00	0.00	7.72	81.51	88.99	0.00	38	0	42	0.00	0.00	66.56	7.83	0.00	0.00	2000
231	11.03	2095	2099	0.00	199	0	0	0	nan	0.02	1.48	7.04	80.53	88.97	0.00	38	0	42	0.00	0.00	65.72	7.78	0.00	0.00	2000
228	11.16	2047	2096	0.00	181	0	0	0	nan	0.00	0.00	6.82	81.89	88.84	0.00	38	0	42	0.00	0.00	60.10	7.03	0.00	0.00	2000
231	11.13	2067	2105	0.00	197	0	0	0	nan	0.00	0.01	5.22	83.92	88.87	0.00	38	0	42	0.00	0.00	65.32	7.66	0.00	0.00	2000
230	11.17	2115	2047	0.00	201	0	0	0	nan	0.00	0.00	7.02	79.60	88.83	0.00	38	0	42	0.00	0.00	62.80	7.21	0.00	0.00	2000
230	11.10	2022	2153	0.00	212	0	0	0	nan	0.00	0.00	9.55	81.73	88.90	0.00	38	0	42	0.00	0.00	65.43	7.75	0.00	0.00	2000
228	10.91	2098	2095	0.00	178	0	0	0	nan	0.00	0.00	6.34	82.60	89.09	0.00	39	0	42	0.00	0.00	65.56	7.61	0.00	0.00	2000
232	11.27	2048	2108	0.00	200	0	0	0	nan	0.00	0.00	8.79	80.33	88.73	0.00	38	0	42	0.00	0.00	66.27	7.76	0.00	0.00	2000
230	10.88	2118	2096	0.00	196	0	0	0	nan	0.04	0.00	6.47	82.45	89.12	0.00	38	0	42	0.00	0.00	65.08	7.65	0.00	0.00	2000
234	11.43	2045	2098	0.00	198	0	0	0	nan	0.00	0.00	8.19	80.41	88.57	0.00	39	0	42	0.00	0.00	64.34	7.59	0.00	0.00	2000
230	11.03	2079	2103	0.00	198	0	0	0	nan	0.00	0.01	6.98	82.29	88.97	0.00	38	0	42	0.00	0.00	65.39	7.87	0.00	0.00	2000
230	10.98	2089	2101	0.09	195	0	0	4	52.09	0.00	2.25	5.75	81.22	89.02	0.00	38	0	42	0.00	0.00	60.35	7.20	0.00	0.00	2000
229	11.06	2096	2072	0.74	180	0	0	3	65.84	0.00	0.04	4.07	83.77	88.94	0.00	39	0	42	0.00	0.00	64.02	7.46	0.00	0.00	2000
229	10.90	2076	2129	0.00	212	0	0	0	nan	0.03	0.00	6.10	84.24	89.10	0.00	38	0	42	0.00	0.00	66.15	7.81	0.00	0.00	2000
230	11.06	2074	2101	0.00	181	0	0	0	nan	0.00	0.00	7.65	81.44	88.94	0.00	38	0	42	0.00	0.00	66.74	7.92	0.00	0.00	2000
234	11.05	2114	2102	0.00	199	0	0	0	nan	0.00	0.17	7.28	81.64	88.95	0.00	38	0	42	0.00	0.00	66.62	8.01	0.00	0.00	2000
230	10.96	2125	2075	0.00	180	0	0	0	nan	0.02	1.43	6.28	80.38	89.04	0.00	38	0	42	0.00	0.00	59.82	7.07	0.00	0.00	2000
229	11.23	2015	2122	0.00	210	0	0	0	nan	0.00	0.00	10.18	79.64	88.77	0.00	38	0	42	0.00	0.00	65.39	7.59	0.00	0.00	2000
229	11.03	2071	2100	0.00	181	0	0	0	nan	0.00	0.00	8.06	81.03	88.97	0.00	38	0	42	0.00	0.00	65.85	7.81	0.00	0.00	2000
228	11.24	2090	2040	0.00	196	0	0	0	nan	0.00	0.00	6.74	79.52	88.76	0.00	38	0	42	0.00	0.00	62.45	7.33	0.00	0.00	2000
241	11.62	2023	2148	0.00	195	0	0	0	nan	0.00	0.02	5.90	84.59	88.38	0.00	38	0	42	0.00	0.00	64.59	7.71	0.00	0.00	2000
234	11.36	2048	2114	0.00	216	0	0	0	nan	0.00	0.00	7.71	81.67	88.64	0.00	38	0	42	0.00	0.00	65.68	7.56	0.00	0.00	2000
229	11.23	2037	2104	0.00	180	0	0	0	nan	0.00	0.02	7.56	81.50	88.77	0.00	38	0	42	0.00	0.00	66.35	7.82	0.00	0.00	2000
230	11.19	2057	2100	0.00	197	0	0	0	nan	0.00	0.00	6.58	82.39	88.81	0.00	38	0	42	0.00	0.00	65.79	7.70	0.00	0.00	2000
230	11.13	2068	2097	0.00	200	1	0	0	nan	0.00	0.02	7.17	81.69	88.87	0.00	39	0	42	0.00	0.00	60.97	7.20	0.00	0.00	2000
229	11.26	2035	2100	0.00	196	0	0	0	nan	0.00	0.00	6.71	82.23	88.74	0.00	38	0	42	0.00	0.00	65.60	7.71	0.00	0.00	2000
233	11.12	2095	2102	0.00	181	0	0	0	nan	0.03	1.68	8.34	79.16	88.88	0.00	38	0	42	0.00	0.00	66.31	7.74	0.00	0.00	2000
230	11.15	2062	2098	0.00	198	0	0	0	nan	0.00	0.05	3.79	85.14	88.85	0.00	38	0	42	0.00	0.00	65.56	7.71	0.00	0.00	2000
230	10.90	2124	2091	0.00	199	0	0	0	88.58	0.00	0.03	5.60	83.18	89.10	0.00	38	0	42	0.00	0.00	60.96	6.98	0.00	0.00	2000
230	11.02	2078	2107	0.85	197	0	0	5	52.74	0.00	0.00	7.78	81.56	88.98	0.00	38	0	42	0.00	0.00	66.07	7.73	0.00	0.00	2000
228	11.17	2106	2036	0.07	182	0	0	0	nan	0.00	0.02	7.15	79.07	88.83	0.00	39	0	42	0.00	0.00	63.17	7.49	0.00	0.00	2000
232	11.09	2034	2156	0.00	211	0	0	0	nan	0.00	0.01	7.40	84.01	88.91	0.00	38	0	42	0.00	0.00	64.38	7.52	0.00	0.00	2000
231	11.19	2050	2114	0.00	181	0	0	0	nan	0.00	0.00	7.28	82.23	88.81	0.00	38	0	42	0.00	0.00	66.61	7.66	0.00	0.00	2000
230	11.18	2060	2099	0.00	196	0	0	0	nan	0.00	0.00	7.26	81.64	88.82	0.00	38	0	42	0.00	0.00	65.28	7.69	0.00	0.00	2000
228	11.26	2033	2093	0.00	197	0	0	0	nan	0.00	0.00	7.75	80.92	88.74	0.00	38	0	42	0.00	0.00	62.15	7.33	0.00	0.00	2000
230	11.19	2056	2103	0.00	195	0	0	0	nan	0.00	0.00	6.99	82.01	88.81	0.00	38	0	42	0.00	0.00	65.36	7.27	0.00	0.00	2000
230	11.06	2079	2097	0.00	196	0	0	0	nan	0.00	0.01	6.25	82.60	88.94	0.00	38	0	42	0.00	0.00	62.01	7.62	0.00	0.00	2000
232	11.10	2085	2105	0.00	195	0	0	0	nan	0.00	0.00	6.97	82.20	88.90	0.00	38	0	42	0.00	0.00	66.50	7.61	0.00	0.00	2000
229	10.93	2099	2093	0.00	182	0	0	0	nan	0.00	0.00	6.97	81.94	89.07	0.00	38	0	42	0.00	0.00	65.43	7.65	0.00	0.00	2000
231	11.14	2063	2109	0.00	197	0	0	0	nan	0.00	0.01	7.27	82.04	88.86	0.00	38	0	42	0.00	0.00	66.17	7.67	0.00	0.00	2000
226	11.07	2118	2026	0.00	196	0	0	0	nan	0.00	0.02	6.52	79.31	88.93	0.00	38	0	42	0.00	0.00	56.58	6.63	0.00	0.00	2000
231	10.71	2080	2178	0.00	210	0	0	0	nan	0.00	0.06	2.79	89.88	89.29	0.00	38	0	42	0.00	0.00	71.52	8.30	0.00	0.00	2000
229	11.14	2058	2102	0.00	181	0	0	0	nan	0.01	0.01	3.18	85.86	88.86	0.00	38	0	42	0.00	0.00	66.68	7.86	0.00	0.00	2000
235	11.39	2065	2096	0.00	202	0	0	0	nan	0.04	0.14	6.68	81.84	88.61	0.00	39	0	42	0.00	0.00	60.46	7.10	0.00	0.00	2000
229	10.98	2083	2099	0.00	194	0	0	0	nan	0.00	0.00	8.50	80.57	89.02	0.00	39	0	42	0.00	0.00	65.73	7.63	0.00	0.00	2000
231	11.03	2093	2103	0.00	178	0	0	0	nan	0.02	1.84	7.23	80.13	88.97	0.00	38	0	42	0.00	0.00	66.31	7.74	0.00	0.00	2000
228	11.07	2071	2092	0.41	196	0	0	5	52.10	0.00	0.00	6.88	81.78	88.93	0.00	38	0	42	0.00	0.00	61.91	7.20	0.00	0.00	2000
230	11.29	2034	2105	0.51	194	0	0	2	85.28	0.00	0.02	7.66	81.39	88.71	0.00	38	0	42	0.00	0.00	65.51	7.60	0.00	0.00	2000
231	11.16	2070	2098	0.00	198	0	0	0	nan	0.00	0.00	7.15	81.72	88.84	0.00	39	0	42	0.00	0.00	62.55	7.37	0.00	0.00	2000
232	11.24	2063	2105	0.00	199	0	0	0	nan	0.00	0.02	5.99	83.08	88.76	0.00	38	0	42	0.00	0.00	66.24	7.97	0.00	0.00	2000
228	11.02	2121	2049	0.00	179	0	0	0	nan	0.01	0.00	3.01	83.97	88.98	0.00	38	0	42	0.00	0.00	63.90	7.44	0.00	0.00	2000
229	10.70	2096	2147	0.00	210	0	0	0	nan	0.00	0.00	3.76	87.64	89.30	0.00	39	0	42	0.00	0.00	65.09	7.76	0.00	0.00	2000
229	10.95	2090	2100	0.00	179	0	0	0	nan	0.00	0.00	3.50	85.63	89.05	0.00	39	0	42	0.00	0.00	65.91	7.76	0.00	0.00	2000
230	11.23	2040	2105	0.00	194	0	0	0	nan	0.01	0.00	3.27	85.81	88.77	0.00	38	0	42	0.00	0.00	63.66	7.49	0.00	0.00	2000
230	11.14	2072	2093	0.00	195	0	0	0	nan	0.00	0.02	3.35	85.25	88.86	0.00	38	0	42	0.00	0.00	62.72	7.33	0.00	0.00	2000
232	10.96	2111	2109	0.00	197	0	0	0	nan	0.00	0.00	2.46	86.90	89.04	0.00	38	0	42	0.00	0.00	66.38	7.85	0.00	0.00	2000
228	10.97	2081	2095	0.00	179	0	0	0	nan	0.00	0.00	3.22	85.70	89.03	0.00	38	0	42	0.00	0.00	65.89	7.62	0.00	0.00	2000
229	11.39	2052	2056	0.00	196	0	0	0	nan	0.00	0.01	2.51	84.31	88.61	0.00	38	0	42	0.00	0.00	63.54	7.45	0.00	0.00	2000
228	11.06	2015	2148	0.00	193	0	0	0	nan	0.00	0.00	4.03	87.04	88.94	0.00	38	0	42	0.00	0.00	66.39	7.68	0.00	0.00	2000
228	11.39	2007	2096	0.00	196	0	0	0	nan	0.00	0.00	3.02	85.57	88.61	0.00	38	0	42	0.00	0.00	64.63	7.54	0.00	0.00	2000
233	11.42	2031	2106	0.00	196	0	0	0	nan	0.00	0.01	3.53	85.38	88.58	0.00	39	0	42	0.00	0.00	61.55	7.41	0.00	0.00	2000
230	10.92	2105	2099	0.00	194	0	0	0	nan	0.00	0.02	2.94	86.12	89.08	0.00	38	0	42	0.00	0.00	65.75	7.42	0.00	0.00	2000
229	11.02	2077	2099	0.00	195	0	0	0	nan	0.00	0.00	3.18	85.83	88.98	0.00	38	0	42	0.00	0.00	66.11	7.62	0.00	0.00	2000
228	10.88	2094	2101	0.00	178	0	0	2	60.12	0.00	0.00	3.27	86.01	89.12	0.00	38	0	42	0.00	0.00	66.27	7.69	0.00	0.00	2000
227	11.14	2090	2049	0.76	195	0	0	4	60.15	0.00	0.02	3.64	83.05	88.86	0.00	38	0	42	0.00	0.00	57.43	6.65	0.00	0.00	2000
229	11.11	2010	2154	0.00	211	0	0	0	nan	0.00	0.00	4.18	87.05	88.89	0.00	39	0	42	0.00	0.00	72.22	8.62	0.00	0.00	2000
230	11.00	2095	2097	0.00	179	0	0	0	nan	0.00	0.00	3.44	85.53	89.00	0.00	38	0	42	0.00	0.00	59.61	7.34	0.00	0.00	2000
230	10.98	2097	2102	0.00	194	0	0	0	nan	0.00	0.02	3.22	85.92	89.02	0.00	38	0	42	0.00	0.00	65.70	7.37	0.00	0.00	2000
227	11.13	2040	2101	0.00	194	0	0	0	nan	0.00	0.00	2.99	86.05	88.87	0.00	38	0	42	0.00	0.00	65.26	7.83	0.00	0.00	2000
230	11.21	2061	2095	0.00	195	0	0	0	nan	0.00	0.00	3.69	84.98	88.79	0.00	38	0	42	0.00	0.00	64.60	7.73	0.00	0.00	2000
229	11.08	2059	2105	0.00	199	0	0	0	nan	0.00	0.00	4.38	84.79	88.92	0.00	38	0	42	0.00	0.00	66.99	7.89	0.00	0.00	2000
231	11.16	2088	2087	0.00	179	0	0	0	nan	0.00	0.00	3.33	85.02	88.84	0.00	38	0	42	0.00	0.00	64.26	7.37	0.00	0.00	2000
229	11.17	2044	2109	0.00	197	0	0	0	nan	0.00	0.00	4.23	85.08	88.83	0.00	38	0	42	0.00	0.00	65.42	7.67	0.00	0.00	2000
236	11.10	2117	2109	0.00	198	0	0	0	nan	0.00	0.00	4.03	85.24	88.90	0.00	38	0	42	0.00	0.00	63.80	7.61	0.00	0.00	2000
225	11.09	2096	2037	0.00	193	0	0	0	nan	0.00	0.00	3.65	82.66	88.91	0.00	38	0	42	0.00	0.00	60.27	7.05	0.00	0.00	2000
229	10.75	2070	2159	0.00	210	0	0	0	nan	0.00	0.00	3.68	88.16	89.25	0.00	38	0	42	0.00	0.00	71.05	8.34	0.00	0.00	2000
230	11.32	2032	2103	0.00	181	0	0	0	nan	0.00	0.00	4.55	84.32	88.68	0.00	38	0	42	0.00	0.00	60.89	7.23	0.00	0.00	2000
233	11.38	2047	2098	0.00	197	0	0	0	nan	0.00	0.08	3.94	84.65	88.62	0.00	38	0	42	0.00	0.00	65.06	7.72	0.00	0.00	2000
229	11.36	2013	2099	0.00	195	0	0	0	nan	0.00	0.00	3.45	85.28	88.64	0.00	38	0	42	0.00	0.00	65.37	7.62	0.00	0.00	2000
229	10.94	2090	2099	0.00	194	0	0	0	nan	0.00	0.00	2.58	86.51	89.06	0.00	38	0	42	0.00	0.00	64.76	7.71	0.00	0.00	2000
233	11.32	2060	2101	0.00	212	0	0	0	nan	0.00	0.00	6.58	82.20	88.68	0.00	38	0	42	0.00	0.00	65.58	7.79	0.00	0.00	2000
230	11.02	2086	2103	0.77	195	0	0	4	42.25	0.00	0.01	2.93	86.28	88.98	0.00	38	0	42	0.00	0.00	66.97	7.87	0.00	0.00	2000
229	11.01	2087	2095	0.16	178	0	0	0	nan	0.00	0.00	2.69	86.14	88.99	0.00	39	0	42	0.00	0.00	62.74	7.40	0.00	0.00	2000
229	11.20	2074	2071	0.00	196	0	0	0	nan	0.00	0.01	3.61	84.00	88.80	0.00	38	0	42	0.00	0.00	63.48	7.33	0.00	0.00	2000
228	11.12	2021	2132	0.00	195	0	0	0	nan	0.00	0.00	4.26	86.06	88.88	0.00	38	0	42	0.00	0.00	65.44	7.67	0.00	0.00	2000
229	11.13	2055	2099	0.00	195	0	0	0	nan	0.00	0.00	2.61	86.28	88.87	0.00	38	0	42	0.00	0.00	65.35	7.71	0.00	0.00	2000
229	10.93	2087	2105	0.00	195	0	0	0	nan	0.00	0.00	2.62	86.71	89.07	0.00	38	0	42	0.00	0.00	63.29	7.47	0.00	0.00	2000
228	10.95	2090	2095	0.00	194	0	0	0	nan	0.00	0.02	3.07	85.88	89.05	0.00	38	0	42	0.00	0.00	64.91	7.60	0.00	0.00	2000
230	11.14	2064	2105	0.00	195	0	0	0	nan	0.00	0.00	3.83	85.33	88.86	0.00	38	0	42	0.00	0.00	66.93	7.88	0.00	0.00	2000
229	10.90	2135	2069	0.00	194	0	0	0	nan	0.00	0.00	3.45	84.36	89.10	0.00	38	0	42	0.00	0.00	59.23	6.90	0.00	0.00	2000
229	11.08	2040	2126	0.00	181	0	0	0	nan	0.00	0.00	5.22	84.89	88.92	0.00	38	0	42	0.00	0.00	68.33	7.95	0.00	0.00	2000
229	11.23	2042	2099	0.00	197	0	0	0	nan	0.00	0.03	3.17	85.68	88.77	0.00	38	0	42	0.00	0.00	64.77	7.58	0.00	0.00	2000
227	11.26	2017	2098	0.00	195	0	0	0	nan	0.00	0.00	2.57	86.08	88.74	0.00	39	0	42	0.00	0.00	62.48	7.15	0.00	0.00	2000
231	11.35	2031	2103	0.00	195	0	0	0	nan	0.01	0.00	4.03	84.83	88.65	0.00	38	0	42	0.00	0.00	64.99	7.58	0.00	0.00	2000
229	11.30	2076	2048	0.00	195	0	0	0	nan	0.00	0.02	3.97	82.56	88.70	0.00	38	0	42	0.00	0.00	62.93	7.32	0.00	0.00	2000
229	10.98	2032	2156	0.00	211	0	0	0	nan	0.00	0.00	3.52	87.98	89.02	0.00	38	0	42	0.00	0.00	68.30	8.02	0.00	0.00	2000
227	11.12	2048	2096	0.00	179	0	0	0	nan	0.00	0.00	3.23	85.48	88.88	0.00	38	0	42	0.00	0.00	62.79	7.16	0.00	0.00	2000
229	11.10	2059	2101	0.00	194	0	0	0	nan	0.00	0.02	3.04	85.95	88.90	0.00	38	0	42	0.00	0.00	64.74	7.49	0.00	0.00	2000
228	11.06	2055	2107	0.41	195	0	0	4	50.00	0.00	0.00	3.26	86.03	88.94	0.00	38	0	42	0.00	0.00	66.88	7.79	0.00	0.00	2000
232	10.94	2122	2101	0.52	196	0	0	2	84.04	0.00	0.02	3.57	85.53	89.06	0.00	38	0	42	0.00	0.00	66.89	7.83	0.00	0.00	2000
228	11.11	2057	2097	0.00	179	0	0	0	nan	0.00	0.00	3.23	85.65	88.89	0.00	38	0	42	0.00	0.00	61.42	7.03	0.00	0.00	2000
238	11.29	2103	2100	0.00	194	0	0	0	nan	0.00	0.00	3.72	85.02	88.71	0.00	38	0	42	0.00	0.00	67.04	7.69	0.00	0.00	2000
229	10.90	2101	2097	0.00	195	0	0	0	nan	0.00	0.02	3.56	85.47	89.10	0.00	39	0	42	0.00	0.00	66.11	7.59	0.00	0.00	2000
229	10.94	2095	2099	0.00	194	0	0	0	nan	0.00	0.00	3.03	86.09	89.06	0.00	38	0	42	0.00	0.00	62.88	7.22	0.00	0.00	2000
228	10.89	2101	2088	0.00	178	0	0	0	nan	0.00	0.00	2.92	85.75	89.11	0.00	38	0	42	0.00	0.00	61.57	7.05	0.00	0.00	2000
230	11.11	2061	2113	0.00	213	0	0	0	nan	0.00	0.00	3.86	85.74	88.89	0.00	38	0	42	0.00	0.00	65.96	7.59	0.00	0.00	2000
226	11.27	2059	2046	0.00	177	0	0	0	nan	0.00	0.00	2.84	83.82	88.73	0.00	39	0	42	0.00	0.00	62.99	7.37	0.00	0.00	2000
231	11.28	1989	2159	0.00	211	0	0	0	nan	0.00	0.01	3.93	87.42	88.72	0.00	38	0	42	0.00	0.00	66.29	7.75	0.00	0.00	2000
229	11.19	2044	2101	0.00	180	0	0	0	nan	0.00	0.00	4.14	84.88	88.81	0.00	38	0	42	0.00	0.00	65.43	7.55	0.00	0.00	2000
230	11.26	2036	2103	0.00	197	0	0	0	nan	0.00	0.00	3.56	85.40	88.74	0.00	38	0	42	0.00	0.00	65.83	7.82	0.00	0.00	2000
230	11.17	2063	2099	0.00	194	0	0	0	nan	0.01	0.00	3.09	85.85	88.83	0.00	39	0	42	0.00	0.00	63.13	7.21	0.00	0.00	2000
232	11.27	2063	2094	0.00	198	0	0	0	nan	0.00	0.02	4.82	83.82	88.73	0.00	38	0	42	0.00	0.00	62.21	7.37	0.00	0.00	2000
261	12.13	2179	2072	0.00	180	0	0	0	nan	0.00	0.02	4.14	82.63	87.87	0.00	38	0	42	0.00	0.00	66.87	7.86	0.00	0.00	2000
229	10.93	2061	2133	0.00	210	0	0	0	nan	0.00	0.00	3.63	87.02	89.07	0.00	38	0	42	0.00	0.00	63.49	7.29	0.00	0.00	2000
227	11.07	2071	2082	0.00	178	0	0	0	nan	0.00	0.00	3.06	85.23	88.93	0.00	38	0	42	0.00	0.00	64.46	7.67	0.00	0.00	2000
229	10.94	2073	2118	0.00	211	0	0	2	58.54	0.00	0.02	4.44	85.45	89.06	0.00	38	0	42	0.00	0.00	65.45	7.57	0.00	0.00	2000
231	10.73	2149	2106	0.80	180	0	0	4	59.77	0.00	0.00	2.93	86.71	89.27	0.00	38	0	42	0.00	0.00	67.06	7.61	0.00	0.00	2000
223	11.52	2089	1942	0.00	194	0	0	0	nan	0.00	0.00	2.68	79.24	88.48	0.00	38	0	42	0.00	0.00	56.90	6.88	0.00	0.00	2000
231	10.69	1999	2273	0.00	210	0	0	0	nan	0.00	0.00	2.95	93.86	89.31	0.00	38	0	42	0.00	0.00	70.61	8.45	0.00	0.00	2000
230	11.05	2073	2106	0.00	195	0	0	0	nan	0.00	0.03	3.20	86.03	88.95	0.00	38	0	42	0.00	0.00	66.16	7.74	0.00	0.00	2000
229	11.02	2081	2096	0.00	194	0	0	0	nan	0.00	0.00	3.44	85.40	88.98	0.00	38	0	42	0.00	0.00	65.94	7.72	0.00	0.00	2000
231	11.17	2063	2102	0.00	196	0	0	0	nan	0.00	0.01	3.57	85.42	88.83	0.00	38	0	42	0.00	0.00	60.46	7.26	0.00	0.00	2000
229	10.94	2093	2099	0.00	179	0	0	0	nan	0.00	0.00	3.39	85.65	89.06	0.00	38	0	42	0.00	0.00	67.26	7.87	0.00	0.00	2000
230	11.03	2086	2101	0.00	195	0	0	0	nan	0.00	0.01	3.81	85.25	88.97	0.00	38	0	42	0.00	0.00	65.71	7.67	0.00	0.00	2000
229	11.11	2063	2100	0.00	194	0	0	0	nan	0.00	0.00	3.15	85.82	88.89	0.00	38	0	42	0.00	0.00	61.08	7.27	0.00	0.00	2000
229	11.07	2064	2101	0.00	194	0	0	0	nan	0.01	0.01	3.02	86.08	88.93	0.00	39	0	42	0.00	0.00	66.76	7.84	0.00	0.00	2000
227	11.34	2010	2091	0.00	178	0	0	0	nan	0.00	0.00	2.82	85.56	88.66	0.00	38	0	42	0.00	0.00	64.90	7.74	0.00	0.00	2000
232	11.33	2037	2108	0.00	195	0	0	0	nan	0.00	0.01	3.00	86.08	88.67	0.00	39	0	42	0.00	0.00	66.03	7.62	0.00	0.00	2000
230	10.96	2096	2099	0.00	194	0	0	0	nan	0.00	0.00	3.39	85.71	89.04	0.00	38	0	42	0.00	0.00	61.66	7.05	0.00	0.00	2000
230	11.15	2063	2097	0.00	194	0	0	0	nan	0.00	0.00	3.08	85.75	88.85	0.00	38	0	42	0.00	0.00	66.23	7.70	0.00	0.00	2000
229	10.90	2095	2104	0.00	177	0	0	0	nan	0.00	0.00	2.97	86.30	89.10	0.00	38	0	42	0.00	0.00	66.87	7.74	0.00	0.00	2000
229	11.21	2044	2100	0.00	195	0	0	0	nan	0.00	0.00	3.86	85.09	88.79	0.00	38	0	42	0.00	0.00	65.45	7.80	0.00	0.00	2000
229	11.13	2061	2099	0.00	199	0	0	0	nan	0.00	0.02	3.30	85.68	88.87	0.00	38	0	42	0.00	0.00	61.15	7.28	0.00	0.00	2000
230	11.13	2072	2094	0.65	181	0	0	4	39.61	0.00	0.00	3.47	85.25	88.87	0.00	38	0	42	0.00	0.00	64.94	7.60	0.00	0.00	2000
226	10.87	2081	2101	0.26	194	0	0	0	nan	0.00	0.00	3.20	86.11	89.13	0.00	38	0	42	0.00	0.00	65.48	7.54	0.00	0.00	2000
229	11.38	2008	2107	0.00	194	0	0	0	nan	0.00	0.00	3.06	86.01	88.62	0.00	38	0	42	0.00	0.00	65.63	7.75	0.00	0.00	2000
228	11.12	2058	2096	0.00	197	0	0	0	nan	0.00	0.00	3.22	85.61	88.88	0.00	38	0	42	0.00	0.00	60.39	6.98	0.00	0.00	2000
228	10.87	2104	2097	0.00	194	0	0	0	nan	0.00	0.00	2.79	86.24	89.13	0.00	38	0	42	0.00	0.00	65.08	7.43	0.00	0.00	2000
230	11.12	2064	2103	0.00	195	0	0	0	nan	0.00	0.00	3.32	85.71	88.88	0.00	39	0	42	0.00	0.00	67.09	7.70	0.00	0.00	2000
231	11.05	2132	2057	0.00	179	0	0	0	nan	0.00	0.00	2.68	84.52	88.95	0.00	38	0	42	0.00	0.00	63.92	7.50	0.00	0.00	2000
229	10.96	2049	2140	0.00	195	0	0	0	nan	0.00	0.00	4.92	85.96	89.04	0.00	38	0	42	0.00	0.00	65.31	7.71	0.00	0.00	2000
228	11.03	2070	2100	0.00	195	0	0	0	nan	0.00	0.02	2.82	86.14	88.97	0.00	38	0	42	0.00	0.00	65.07	7.58	0.00	0.00	2000
229	11.13	2055	2107	0.00	193	0	0	0	nan	0.00	0.00	2.64	86.67	88.87	0.00	38	0	42	0.00	0.00	66.17	7.76	0.00	0.00	2000
229	11.15	2059	2099	0.00	195	0	0	0	nan	0.00	0.00	3.72	85.22	88.85	0.00	38	0	42	0.00	0.00	60.50	6.99	0.00	0.00	2000
230	11.00	2097	2096	0.00	195	0	0	0	nan	0.00	0.00	3.32	85.53	89.00	0.00	38	0	42	0.00	0.00	66.28	7.87	0.00	0.00	2000
231	10.85	2126	2102	0.00	196	0	0	0	nan	0.00	0.00	3.80	85.52	89.15	0.00	38	0	42	0.00	0.00	65.93	7.61	0.00	0.00	2000
227	11.10	2094	2047	0.00	178	0	0	0	nan	0.00	0.00	2.87	83.85	88.90	0.00	38	0	42	0.00	0.00	57.75	7.08	0.00	0.00	2000
228	10.72	2095	2136	0.00	210	0	0	0	nan	0.00	0.00	3.31	87.55	89.28	0.00	38	0	42	0.00	0.00	70.33	7.85	0.00	0.00	2000
227	10.84	2081	2117	0.00	179	0	0	0	nan	0.00	0.00	4.32	85.51	89.16	0.00	38	0	42	0.00	0.00	65.85	7.89	0.00	0.00	2000
228	11.28	2024	2095	0.00	195	0	0	0	nan	0.00	0.00	3.59	85.01	88.72	0.00	38	0	42	0.00	0.00	64.70	7.50	0.00	0.00	2000
229	10.97	2086	2101	0.18	196	0	0	5	52.64	0.00	0.00	3.31	85.77	89.03	0.00	38	0	42	0.00	0.00	65.57	7.61	0.00	0.00	2000
231	11.07	2076	2108	0.69	195	0	0	3	68.58	0.00	0.00	2.69	86.63	88.93	0.00	38	0	42	0.00	0.00	60.61	7.13	0.00	0.00	2000
229	10.77	2131	2096	0.00	198	0	0	0	nan	0.00	0.00	3.92	85.17	89.23	0.00	38	0	42	0.00	0.00	65.58	7.67	0.00	0.00	2000
231	11.14	2066	2105	0.00	196	0	0	0	nan	0.00	0.00	3.35	85.79	88.86	0.00	39	0	42	0.00	0.00	66.35	7.67	0.00	0.00	2000
228	11.16	2046	2095	0.00	178	0	0	0	nan	0.00	0.00	3.06	85.72	88.84	0.00	39	0	42	0.00	0.00	65.68	7.71	0.00	0.00	2000
229	11.08	2070	2101	0.00	195	0	0	0	nan	0.00	0.00	2.68	86.32	88.92	0.00	38	0	42	0.00	0.00	66.06	7.58	0.00	0.00	2000
231	10.96	2106	2104	0.00	196	0	0	0	nan	0.00	0.01	3.91	85.32	89.04	0.00	38	0	42	0.00	0.00	60.65	7.17	0.00	0.00	2000
236	11.00	2147	2096	0.00	197	0	0	0	nan	0.00	0.00	4.02	84.84	89.00	0.00	38	0	42	0.00	0.00	65.58	7.56	0.00	0.00	2000
227	11.27	2093	2024	0.00	198	0	0	0	nan	0.00	0.00	4.50	81.00	88.73	0.00	39	0	42	0.00	0.00	61.18	7.13	0.00	0.00	2000
231	10.94	2032	2181	0.00	211	0	0	0	nan	0.01	0.00	2.86	89.69	89.06	0.00	39	0	42	0.00	0.00	70.23	8.22	0.00	0.00	2000
229	10.74	2132	2101	0.00	179	0	0	0	nan	0.00	0.00	3.44	85.73	89.26	0.00	38	0	42	0.00	0.00	60.91	7.12	0.00	0.00	2000
232	11.34	2042	2103	0.00	195	0	0	0	nan	0.00	0.03	4.12	84.77	88.66	0.00	39	0	42	0.00	0.00	65.87	7.63	0.00	0.00	2000
231	11.07	2090	2098	0.00	195	0	0	0	nan	0.00	0.00	2.91	86.02	88.93	0.00	38	0	42	0.00	0.00	66.50	7.79	0.00	0.00	2000
231	11.02	2100	2098	0.00	194	0	0	0	nan	0.00	0.00	3.02	85.79	88.98	0.00	38	0	42	0.00	0.00	63.29	7.34	0.00	0.00	2000
228	10.72	2122	2102	0.00	178	0	0	0	nan	0.00	0.00	2.91	86.47	89.28	0.00	39	0	42	0.00	0.00	63.50	7.32	0.00	0.00	2000
231	10.94	2104	2104	0.00	195	0	0	0	nan	0.00	0.03	3.03	86.20	89.06	0.00	38	0	42	0.00	0.00	66.11	7.72	0.00	0.00	2000
228	10.86	2102	2096	0.00	194	0	0	0	nan	0.00	0.02	3.30	85.69	89.14	0.00	38	0	42	0.00	0.00	65.58	7.75	0.00	0.00	2000
231	11.23	2056	2103	0.00	195	0	0	2	70.01	0.00	0.00	3.11	85.90	88.77	0.00	38	0	42	0.00	0.00	66.05	7.76	0.00	0.00	2000
228	10.95	2088	2096	0.88	179	0	0	6	53.69	0.00	0.00	3.19	85.76	89.05	0.00	38	0	42	0.00	0.00	63.01	7.16	0.00	0.00	2000
229	10.97	2130	2055	0.01	194	0	0	0	nan	0.00	0.02	2.65	84.40	89.03	0.00	39	0	42	0.00	0.00	61.38	7.04	0.00	0.00	2000
229	10.77	2075	2154	0.00	196	0	0	0	nan	0.00	0.00	4.30	87.26	89.23	0.00	38	0	42	0.00	0.00	66.85	7.86	0.00	0.00	2000
229	11.00	2083	2097	0.00	194	0	0	0	nan	0.00	0.00	3.57	85.34	89.00	0.00	39	0	42	0.00	0.00	65.76	7.59	0.00	0.00	2000
230	11.13	2063	2099	0.00	195	0	0	0	nan	0.00	0.00	3.56	85.35	88.87	0.00	39	0	42	0.00	0.00	64.68	7.61	0.00	0.00	2000
230	10.72	2154	2095	0.00	198	0	0	0	nan	0.00	0.03	3.83	85.29	89.28	0.00	38	0	42	0.00	0.00	64.99	7.59	0.00	0.00	2000
229	10.98	2085	2102	0.00	196	0	0	0	nan	0.00	0.00	4.07	85.11	89.02	0.00	39	0	42	0.00	0.00	65.26	7.60	0.00	0.00	2000
234	11.25	2080	2104	0.00	197	0	0	0	nan	0.00	0.02	3.34	85.55	88.75	0.00	38	0	42	0.00	0.00	66.54	7.61	0.00	0.00	2000
228	10.96	2085	2094	0.00	178	0	0	0	nan	0.00	0.00	2.93	85.99	89.04	0.00	38	0	42	0.00	0.00	62.60	7.28	0.00	0.00	2000
229	11.04	2076	2101	0.00	196	0	0	0	nan	0.00	0.00	2.95	86.13	88.96	0.00	39	0	42	0.00	0.00	64.78	7.54	0.00	0.00	2000
229	11.23	2074	2065	0.00	196	0	0	0	nan	0.00	0.02	2.53	84.73	88.77	0.00	38	0	42	0.00	0.00	61.10	7.00	0.00	0.00	2000
231	11.02	2058	2140	0.00	211	0	0	0	nan	0.00	0.00	4.19	86.52	88.98	0.00	39	0	42	0.00	0.00	66.10	7.91	0.00	0.00	2000
229	10.91	2097	2102	0.00	179	0	0	0	nan	0.00	0.00	3.01	86.15	89.09	0.00	39	0	42	0.00	0.00	66.42	7.43	0.00	0.00	2000
229	10.96	2095	2100	0.00	194	0	0	0	nan	0.00	0.00	3.44	85.63	89.04	0.00	38	0	42	0.00	0.00	66.00	7.68	0.00	0.00	2000
229	10.76	2128	2098	0.00	195	0	0	0	nan	0.00	0.00	3.10	86.04	89.24	0.00	38	0	42	0.00	0.00	66.88	7.87	0.00	0.00	2000
229	11.21	2042	2098	0.00	195	0	0	0	nan	0.00	0.00	3.32	85.43	88.79	0.00	38	0	42	0.00	0.00	60.74	6.96	0.00	0.00	2000
230	11.14	2068	2099	0.00	180	0	0	0	nan	0.00	0.01	3.02	85.88	88.86	0.00	38	0	42	0.00	0.00	65.63	7.63	0.00	0.00	2000
230	11.13	2061	2107	0.53	195	0	0	6	45.96	0.00	0.02	3.04	86.20	88.87	0.00	39	0	42	0.00	0.00	66.59	7.76	0.00	0.00	2000
227	11.13	2110	2027	0.38	195	0	0	0	nan	0.00	0.00	2.73	83.09	88.87	0.00	38	0	42	0.00	0.00	60.85	7.31	0.00	0.00	2000
231	10.89	2043	2175	0.00	211	0	0	0	nan	0.00	0.01	3.59	88.78	89.11	0.00	38	0	42	0.00	0.00	66.02	7.67	0.00	0.00	2000
240	11.32	2126	2093	0.00	179	0	0	0	nan	0.00	0.00	3.62	84.85	88.68	0.00	38	0	42	0.00	0.00	65.18	7.69	0.00	0.00	2000
231	11.61	1986	2103	0.00	196	0	0	0	nan	0.00	0.00	3.32	85.30	88.39	0.00	39	0	42	0.00	0.00	64.45	7.66	0.00	0.00	2000
229	11.26	2029	2106	0.00	196	0	0	0	nan	0.00	0.00	3.07	86.08	88.74	0.00	38	0	42	0.00	0.00	66.97	7.79	0.00	0.00	2000
230	10.86	2116	2098	0.00	195	0	0	0	nan	0.00	0.00	3.74	85.33	89.14	0.00	39	0	42	0.00	0.00	64.99	7.67	0.00	0.00	2000
229	11.14	2053	2100	0.00	197	0	0	0	nan	0.00	0.00	2.99	85.95	88.86	0.00	38	0	42	0.00	0.00	63.65	7.07	0.00	0.00	2000
231	11.11	2077	2100	0.00	196	0	0	0	nan	0.00	0.00	4.66	84.29	88.89	0.00	39	0	42	0.00	0.00	62.94	7.83	0.00	0.00	2000
230	10.87	2112	2103	0.00	182	0	0	0	nan	0.00	0.00	4.86	84.42	89.13	0.00	39	0	42	0.00	0.00	66.68	7.84	0.00	0.00	2000
229	10.95	2165	2028	0.00	198	0	0	0	nan	0.00	0.00	3.87	82.21	89.05	0.00	39	0	42	0.00	0.00	61.66	7.16	0.00	0.00	2000
231	10.83	2062	2171	0.00	195	0	0	0	nan	0.01	0.00	2.60	89.61	89.17	0.00	38	0	42	0.00	0.00	64.93	7.87	0.00	0.00	2000
229	10.96	2087	2098	0.00	195	0	0	0	nan	0.00	0.00	3.00	86.01	89.04	0.00	39	0	42	0.00	0.00	65.04	7.72	0.00	0.00	2000
229	11.05	2070	2108	0.00	195	0	0	0	nan	0.00	0.02	2.80	86.66	88.95	0.00	38	0	42	0.00	0.00	66.57	7.90	0.00	0.00	2000
229	11.04	2077	2100	0.00	195	0	0	0	nan	0.00	0.01	3.07	85.97	88.96	0.00	38	0	42	0.00	0.00	66.04	7.82	0.00	0.00	2000
231	11.07	2085	2099	0.00	196	0	0	0	nan	0.00	0.00	2.76	86.28	88.93	0.00	39	0	42	0.00	0.00	61.08	7.26	0.00	0.00	2000
229	11.40	2019	2093	0.00	178	0	0	0	nan	0.00	0.02	2.94	85.54	88.60	0.00	38	0	42	0.00	0.00	64.79	7.61	0.00	0.00	2000
229	11.29	2022	2106	0.04	195	0	0	4	55.49	0.00	0.00	2.85	86.29	88.71	0.00	39	0	42	0.00	0.00	66.35	7.86	0.00	0.00	2000
229	11.19	2045	2099	0.78	194	0	0	4	62.37	0.00	0.01	2.96	85.94	88.81	0.00	38	0	42	0.00	0.00	64.93	7.67	0.00	0.00	2000
228	11.33	2015	2100	0.00	197	0	0	0	nan	0.00	0.01	3.46	85.39	88.67	0.00	38	0	42	0.00	0.00	60.73	7.20	0.00	0.00	2000
229	11.20	2065	2081	0.00	179	0	0	0	nan	0.00	0.00	3.22	84.83	88.80	0.00	38	0	42	0.00	0.00	64.17	7.57	0.00	0.00	2000
229	10.93	2075	2118	0.00	195	0	0	0	nan	0.00	0.00	5.05	84.88	89.07	0.00	38	0	42	0.00	0.00	66.87	7.75	0.00	0.00	2000
230	11.05	2081	2103	0.00	194	0	0	0	nan	0.00	0.00	3.40	85.82	88.95	0.00	38	0	42	0.00	0.00	66.27	7.88	0.00	0.00	2000
226	11.37	2064	2024	0.00	196	0	0	0	nan	0.00	0.00	3.03	82.52	88.63	0.00	39	0	42	0.00	0.00	58.86	6.84	0.00	0.00	2000
230	10.98	2021	2176	0.00	210	0	0	0	nan	0.00	0.01	2.80	89.62	89.02	0.00	39	0	42	0.00	0.00	67.02	7.88	0.00	0.00	2000
228	11.03	2069	2097	0.00	179	0	0	0	nan	0.00	0.02	3.42	85.55	88.97	0.00	38	0	42	0.00	0.00	65.08	7.66	0.00	0.00	2000
231	11.33	2037	2105	0.00	194	0	0	0	nan	0.00	0.02	2.33	86.50	88.67	0.00	38	0	42	0.00	0.00	65.28	7.56	0.00	0.00	2000
229	10.83	2117	2101	0.00	196	0	0	0	nan	0.00	0.02	3.11	86.15	89.17	0.00	38	0	42	0.00	0.00	66.38	7.83	0.00	0.00	2000
230	11.35	2029	2100	0.00	194	0	0	0	nan	0.00	0.00	3.16	85.59	88.65	0.00	39	0	42	0.00	0.00	62.38	7.77	0.00	0.00	2000
229	11.21	2043	2099	0.00	197	0	0	0	nan	0.00	0.01	4.57	84.35	88.79	0.00	39	0	42	0.00	0.00	63.60	7.23	0.00	0.00	2000
230	11.16	2061	2098	0.00	195	0	0	0	nan	0.00	0.00	3.98	84.89	88.84	0.00	39	0	42	0.00	0.00	66.02	7.83	0.00	0.00	2000
230	10.97	2087	2105	0.00	181	0	0	0	nan	0.00	0.00	3.45	85.89	89.03	0.00	39	0	42	0.00	0.00	66.71	7.88	0.00	0.00	2000
230	11.02	2087	2100	0.00	195	0	0	0	nan	0.00	0.00	3.06	86.05	88.98	0.00	39	0	42	0.00	0.00	60.03	7.16	0.00	0.00	2000
227	11.16	2049	2087	0.00	194	0	0	0	nan	0.00	0.00	2.93	85.52	88.84	0.00	38	0	42	0.00	0.00	65.19	7.76	0.00	0.00	2000
229	10.87	2096	2109	0.00	195	0	0	0	82.76	0.00	0.00	3.95	85.61	89.13	0.00	38	0	42	0.00	0.00	65.67	7.77	0.00	0.00	2000
228	11.23	2076	2051	0.86	179	0	0	6	47.30	0.00	0.01	2.90	83.97	88.77	0.00	38	0	42	0.00	0.00	63.94	7.57	0.00	0.00	2000
229	11.09	2020	2148	0.05	211	0	0	0	nan	0.00	0.00	3.71	87.36	88.91	0.00	38	0	42	0.00	0.00	65.56	7.77	0.00	0.00	2000
230	11.14	2061	2105	0.00	179	0	0	0	nan	0.00	0.00	3.13	86.03	88.86	0.00	38	0	42	0.00	0.00	66.69	7.90	0.00	0.00	2000
231	11.26	2058	2095	0.00	199	0	0	0	nan	0.00	0.02	3.63	85.00	88.74	0.00	38	0	42	0.00	0.00	62.19	7.14	0.00	0.00	2000
229	11.32	2019	2103	0.00	205	0	0	0	nan	0.00	0.00	3.94	84.97	88.68	0.00	38	0	42	0.00	0.00	63.06	7.48	0.00	0.00	2000
230	11.20	2057	2096	0.00	194	0	0	0	nan	0.00	0.05	2.96	85.79	88.80	0.00	39	0	42	0.00	0.00	65.15	7.53	0.00	0.00	2000
228	11.21	2032	2102	0.00	194	0	0	0	nan	0.00	0.01	3.14	85.86	88.79	0.00	39	0	42	0.00	0.00	65.84	7.67	0.00	0.00	2000
229	11.12	2076	2080	0.00	178	0	0	0	nan	0.00	0.00	3.19	84.98	88.88	0.00	38	0	42	0.00	0.00	63.84	7.58	0.00	0.00	2000
228	11.12	2027	2119	0.00	196	0	0	0	nan	0.00	0.00	4.09	85.64	88.88	0.00	39	0	42	0.00	0.00	65.15	7.73	0.00	0.00	2000
230	11.05	2082	2098	0.00	196	0	0	0	nan	0.00	0.02	3.14	85.68	88.95	0.00	39	0	42	0.00	0.00	64.58	7.70	0.00	0.00	2000
233	11.13	2085	2107	0.00	194	0	0	0	nan	0.00	0.02	2.74	86.39	88.87	0.00	38	0	42	0.00	0.00	66.85	7.77	0.00	0.00	2000
226	10.91	2148	2028	0.00	194	0	0	0	nan	0.00	0.00	2.76	83.29	89.09	0.00	38	0	42	0.00	0.00	56.34	6.69	0.00	0.00	2000
230	10.69	2078	2172	0.00	195	0	0	0	nan	0.00	0.00	2.67	89.69	89.31	0.00	38	0	42	0.00	0.00	72.34	8.62	0.00	0.00	2000
230	11.08	2070	2104	0.00	196	0	0	0	nan	0.00	0.02	3.44	85.76	88.92	0.00	38	0	42	0.00	0.00	63.09	7.33	0.00	0.00	2000
230	10.98	2092	2097	0.00	196	0	0	0	nan	0.00	0.04	3.43	85.48	89.02	0.00	38	0	42	0.00	0.00	62.32	7.53	0.00	0.00	2000
230	11.25	2043	2098	0.00	196	0	0	0	nan	0.00	0.05	3.18	85.56	88.75	0.00	38	0	42	0.00	0.00	64.84	7.56	0.00	0.00	2000
228	11.06	2052	2105	0.00	195	0	0	0	nan	0.00	0.00	3.16	86.09	88.94	0.00	38	0	42	0.00	0.00	66.17	7.90	0.00	0.00	2000
229	11.11	2068	2094	0.47	195	0	0	7	49.23	0.00	0.00	2.99	85.68	88.89	0.00	39	0	42	0.00	0.00	65.03	7.50	0.00	0.00	2000
228	10.97	2076	2108	0.47	179	0	0	1	94.13	0.00	0.00	3.37	86.08	89.03	0.00	38	0	42	0.00	0.00	66.88	7.81	0.00	0.00	2000
230	10.98	2095	2100	0.00	194	0	0	0	nan	0.00	0.00	3.09	85.94	89.02	0.00	38	0	42	0.00	0.00	60.78	7.25	0.00	0.00	2000
230	10.93	2112	2093	0.00	196	0	0	0	nan	0.00	0.00	3.44	85.40	89.07	0.00	38	0	42	0.00	0.00	65.44	7.65	0.00	0.00	2000
227	11.14	2111	2026	0.00	195	0	0	0	nan	0.00	0.00	3.01	82.78	88.86	0.00	38	0	42	0.00	0.00	60.86	7.19	0.00	0.00	2000
241	11.17	2078	2179	0.00	201	0	0	0	nan	0.00	0.00	4.87	87.40	88.83	0.00	38	0	42	0.00	0.00	70.96	8.26	0.00	0.00	2000
230	11.03	2087	2099	0.00	194	0	0	0	nan	0.00	0.02	2.78	86.16	88.97	0.00	38	0	42	0.00	0.00	64.72	7.49	0.00	0.00	2000
230	11.10	2060	2108	0.00	195	0	0	0	nan	0.00	0.02	2.89	86.35	88.90	0.00	38	0	42	0.00	0.00	60.83	7.09	0.00	0.00	2000
231	10.98	2102	2101	0.00	195	0	0	0	nan	0.00	0.02	3.19	85.91	89.02	0.00	38	0	42	0.00	0.00	65.39	7.70	0.00	0.00	2000
228	10.96	2088	2094	0.00	195	0	0	0	nan	0.00	0.00	3.11	85.75	89.04	0.00	38	0	42	0.00	0.00	65.30	7.51	0.00	0.00	2000
232	11.31	2046	2104	0.00	194	0	0	0	nan	0.00	0.02	2.87	86.04	88.69	0.00	39	0	42	0.00	0.00	65.88	7.76	0.00	0.00	2000
228	10.88	2097	2097	0.00	178	0	0	0	nan	0.00	0.00	2.87	86.16	89.12	0.00	39	0	42	0.00	0.00	65.55	7.65	0.00	0.00	2000
229	11.13	2063	2098	0.00	195	0	0	0	nan	0.00	0.03	2.75	86.04	88.87	0.00	39	0	42	0.00	0.00	64.81	7.42	0.00	0.00	2000
229	10.98	2076	2109	0.00	196	0	0	0	nan	0.00	0.00	3.30	86.06	89.02	0.00	38	0	42	0.00	0.00	61.61	7.20	0.00	0.00	2000
229	11.40	2069	2039	0.00	195	0	0	0	nan	0.00	0.02	3.48	82.64	88.60	0.00	39	0	42	0.00	0.00	61.95	7.33	0.00	0.00	2000
234	11.28	2017	2157	0.00	210	0	0	0	nan	0.00	0.00	7.30	83.94	88.72	0.00	39	0	42	0.00	0.00	67.99	8.00	0.00	0.00	2000
228	11.09	2057	2099	0.00	194	0	0	0	nan	0.01	0.02	3.09	85.89	88.91	0.00	38	0	42	0.00	0.00	64.71	7.45	0.00	0.00	2000
228	10.93	2079	2106	0.06	195	0	0	4	53.16	0.00	0.01	3.35	86.10	89.07	0.00	38	0	42	0.00	0.00	63.44	7.54	0.00	0.00	2000
229	10.98	2088	2100	0.78	194	0	0	4	63.40	0.00	0.00	3.17	85.90	89.02	0.00	38	0	42	0.00	0.00	65.63	7.78	0.00	0.00	2000
232	11.18	2074	2099	0.00	199	0	0	0	nan	0.00	0.02	4.77	84.13	88.82	0.00	38	0	42	0.00	0.00	66.78	7.84	0.00	0.00	2000
229	10.98	2090	2097	0.00	194	0	0	0	nan	0.00	0.02	3.48	85.43	89.02	0.00	38	0	42	0.00	0.00	60.88	7.26	0.00	0.00	2000
229	10.81	2118	2100	0.00	180	0	0	0	nan	0.00	0.01	3.00	86.15	89.19	0.00	38	0	42	0.00	0.00	65.58	7.75	0.00	0.00	2000
228	11.36	2065	2044	0.00	195	0	0	0	nan	0.00	0.00	2.79	83.52	88.64	0.00	39	0	42	0.00	0.00	62.62	7.37	0.00	0.00	2000
229	10.87	2046	2159	0.00	194	0	0	0	nan	0.00	0.00	3.96	87.73	89.13	0.00	38	0	42	0.00	0.00	68.53	8.00	0.00	0.00	2000
231	11.36	2031	2099	0.00	195	0	0	0	nan	0.00	0.00	3.14	85.56	88.64	0.00	39	0	42	0.00	0.00	60.85	7.40	0.00	0.00	2000
228	11.01	2075	2098	0.00	196	0	0	0	nan	0.00	0.00	3.23	85.71	88.99	0.00	38	0	42	0.00	0.00	68.09	7.74	0.00	0.00	2000
230	11.32	2034	2101	0.00	196	0	0	0	nan	0.00	0.01	3.18	85.60	88.68	0.00	38	0	42	0.00	0.00	65.00	7.75	0.00	0.00	2000
231	11.15	2062	2108	0.00	195	0	0	0	nan	0.00	0.01	2.65	86.56	88.85	0.00	39	0	42	0.00	0.00	63.55	7.53	0.00	0.00	2000
229	10.93	2095	2097	0.00	195	0	0	0	nan	0.00	0.00	3.05	85.95	89.08	0.00	39	0	42	0.00	0.00	65.35	7.71	0.00	0.00	2000
228	10.96	2079	2099	0.00	194	0	0	0	nan	0.00	0.01	3.08	86.03	89.04	0.00	38	0	42	0.00	0.00	66.75	7.93	0.00	0.00	2000
231	11.26	2089	2062	0.00	180	0	0	0	nan	0.00	0.00	3.61	83.61	88.74	0.00	39	0	42	0.00	0.00	58.51	6.81	0.00	0.00	2000
228	10.71	2095	2135	0.00	195	0	0	0	nan	0.00	0.00	4.64	86.21	89.29	0.00	38	0	42	0.00	0.00	68.92	8.23	0.00	0.00	2000
230	10.90	2107	2101	0.00	194	0	0	0	nan	0.00	0.01	3.14	86.09	89.10	0.00	39	0	42	0.00	0.00	62.55	7.29	0.00	0.00	2000
229	10.76	2122	2105	0.00	195	0	0	0	nan	0.00	0.00	2.60	86.89	89.24	0.00	39	0	42	0.00	0.00	67.00	7.91	0.00	0.00	2000
229	10.70	2147	2094	0.00	195	0	0	1	80.06	0.00	0.02	2.72	86.34	89.30	0.00	39	0	42	0.00	0.00	65.37	7.51	0.00	0.00	2000
227	11.28	2014	2102	0.90	195	0	0	7	53.89	0.00	0.00	3.45	85.45	88.72	0.00	39	0	42	0.00	0.00	62.93	7.46	0.00	0.00	2000
232	11.14	2108	2071	0.05	178	0	0	0	nan	0.00	0.02	3.11	84.54	88.86	0.00	38	0	42	0.00	0.00	61.89	7.24	0.00	0.00	2000
243	11.33	2119	2127	0.00	195	0	0	0	nan	0.00	0.00	5.27	84.63	88.67	0.00	39	0	42	0.00	0.00	67.62	7.94	0.00	0.00	2000
231	11.10	2072	2104	0.00	196	0	0	0	nan	0.00	0.02	3.42	85.77	88.90	0.00	38	0	42	0.00	0.00	66.48	7.81	0.00	0.00	2000
229	10.93	2100	2098	0.00	198	0	0	0	nan	0.00	0.00	4.95	84.10	89.07	0.00	39	0	42	0.00	0.00	65.80	7.94	0.00	0.00	2000
230	10.96	2101	2097	0.00	197	0	0	0	nan	0.00	0.03	3.85	85.15	89.04	0.00	38	0	42	0.00	0.00	59.75	6.83	0.00	0.00	2000
227	11.03	2101	2060	0.00	178	0	0	0	nan	0.00	0.02	3.12	84.26	88.97	0.00	39	0	42	0.00	0.00	63.87	7.60	0.00	0.00	2000
230	11.07	2035	2144	0.00	211	0	0	0	nan	0.00	0.00	4.71	86.20	88.93	0.00	39	0	42	0.00	0.00	66.08	7.72	0.00	0.00	2000
228	11.07	2063	2099	0.00	179	0	0	0	nan	0.00	0.02	3.31	85.63	88.93	0.00	38	0	42	0.00	0.00	65.80	7.54	0.00	0.00	2000
230	11.14	2063	2099	0.00	194	0	0	0	nan	0.00	0.00	3.29	85.62	88.86	0.00	39	0	42	0.00	0.00	64.47	7.62	0.00	0.00	2000
229	11.14	2051	2101	0.00	194	0	0	0	nan	0.00	0.00	3.51	85.55	88.86	0.00	39	0	42	0.00	0.00	66.39	7.90	0.00	0.00	2000
229	11.00	2084	2097	0.00	195	0	0	0	nan	0.00	0.00	2.71	86.30	89.00	0.00	39	0	42	0.00	0.00	64.01	7.35	0.00	0.00	2000
229	11.26	2029	2104	0.00	196	0	0	0	nan	0.00	0.00	3.10	85.92	88.74	0.00	39	0	42	0.00	0.00	63.72	8.07	0.00	0.00	2000
229	11.27	2042	2095	0.00	179	0	0	0	nan	0.00	0.00	3.62	85.01	88.73	0.00	39	0	42	0.00	0.00	62.31	7.34	0.00	0.00	2000
227	11.11	2088	2057	0.00	194	0	0	0	nan	0.00	0.00	3.49	83.71	88.89	0.00	39	0	42	0.00	0.00	63.50	7.60	0.00	0.00	2000
229	10.79	2077	2147	0.00	211	0	0	0	nan	0.00	0.00	4.50	86.78	89.21	0.00	39	0	42	0.00	0.00	65.37	7.66	0.00	0.00	2000
229	11.17	2045	2103	0.00	181	0	0	0	nan	0.00	0.03	3.38	85.55	88.83	0.00	39	0	42	0.00	0.00	66.65	7.93	0.00	0.00	2000
229	11.29	2031	2098	0.42	194	0	0	6	48.69	0.00	0.00	3.07	85.69	88.71	0.00	39	0	42	0.00	0.00	65.12	7.92	0.00	0.00	2000
230	10.88	2117	2098	0.52	195	0	0	2	80.56	0.00	0.02	3.51	85.61	89.13	0.00	39	0	42	0.00	0.00	62.62	7.42	0.00	0.00	2000
229	10.86	2111	2094	0.00	194	0	0	0	nan	0.00	0.02	3.01	85.97	89.14	0.00	38	0	42	0.00	0.00	64.96	7.63	0.00	0.00	2000
229	11.11	2055	2107	0.00	196	0	0	0	nan	0.00	0.02	3.45	85.83	88.89	0.00	39	0	42	0.00	0.00	63.74	7.47	0.00	0.00	2000
228	11.12	2054	2097	0.00	178	0	0	0	nan	0.00	0.00	3.32	85.54	88.88	0.00	39	0	42	0.00	0.00	64.82	7.66	0.00	0.00	2000
228	10.93	2086	2097	0.00	195	0	0	0	nan	0.00	0.03	2.94	85.96	89.07	0.00	39	0	42	0.00	0.00	66.00	8.00	0.00	0.00	2000
231	11.43	2048	2071	0.00	196	0	0	0	nan	0.00	0.00	3.15	84.24	88.57	0.00	39	0	42	0.00	0.00	62.43	7.26	0.00	0.00	2000
228	11.30	1994	2126	0.00	195	0	0	0	nan	0.00	0.00	5.30	84.68	88.70	0.00	39	0	42	0.00	0.00	65.06	7.63	0.00	0.00	2000
230	11.24	2040	2108	0.00	197	0	0	0	nan	0.00	0.00	3.88	85.25	88.76	0.00	39	0	42	0.00	0.00	66.80	8.00	0.00	0.00	2000
230	11.12	2061	2102	0.00	197	0	0	0	nan	0.00	0.00	3.54	85.59	88.88	0.00	39	0	42	0.00	0.00	65.60	8.10	0.00	0.00	2000
229	11.12	2065	2093	0.00	194	0	0	0	nan	0.00	0.00	2.98	85.67	88.88	0.00	39	0	42	0.00	0.00	61.78	7.52	0.00	0.00	2000
228	11.29	2014	2104	0.00	194	0	0	0	nan	0.00	0.02	3.45	85.56	88.71	0.00	39	0	42	0.00	0.00	65.22	7.84	0.00	0.00	2000
231	11.27	2044	2105	0.00	197	0	0	0	nan	0.00	0.02	3.95	85.10	88.73	0.00	39	0	42	0.00	0.00	63.43	7.70	0.00	0.00	2000
228	11.10	2053	2097	0.00	178	0	0	0	nan	0.00	0.03	3.54	85.25	88.90	0.00	39	0	42	0.00	0.00	67.15	8.16	0.00	0.00	2000
228	11.26	2081	2043	0.00	196	0	0	0	nan	0.00	0.00	3.25	83.24	88.74	0.00	39	0	42	0.00	0.00	62.21	7.22	0.00	0.00	2000
229	10.79	2064	2156	0.00	196	0	0	0	nan	0.00	0.00	3.91	87.76	89.21	0.00	39	0	42	0.00	0.00	65.70	7.83	0.00	0.00	2000
229	10.94	2096	2100	0.00	196	0	0	0	nan	0.00	0.00	3.52	85.56	89.06	0.00	39	0	42	0.00	0.00	64.94	7.72	0.00	0.00	2000
230	11.24	2036	2110	0.01	194	0	0	5	35.71	0.00	0.02	2.98	86.21	88.76	0.00	39	0	42	0.00	0.00	65.55	7.84	0.00	0.00	2000
229	11.13	2118	2036	1.01	195	0	0	7	41.13	0.00	0.00	2.94	83.29	88.87	0.00	38	0	42	0.00	0.00	62.80	7.31	0.00	0.00	2000
229	11.02	2022	2160	0.00	196	0	0	0	nan	0.00	0.00	3.19	88.39	88.98	0.00	39	0	42	0.00	0.00	66.47	8.37	0.00	0.00	2000
229	11.24	2040	2101	0.00	195	0	0	0	nan	0.00	0.00	4.77	84.10	88.76	0.00	39	0	42	0.00	0.00	65.60	7.87	0.00	0.00	2000
228	11.10	2055	2100	0.00	193	0	0	0	nan	0.00	0.01	3.00	85.99	88.90	0.00	39	0	42	0.00	0.00	63.42	7.52	0.00	0.00	2000
230	10.95	2098	2102	0.00	194	0	0	0	nan	0.00	0.00	2.69	86.47	89.05	0.00	39	0	42	0.00	0.00	65.40	7.82	0.00	0.00	2000
231	11.18	2070	2099	0.00	196	0	0	0	nan	0.00	0.00	3.34	85.46	88.82	0.00	39	0	42	0.00	0.00	63.89	7.57	0.00	0.00	2000
230	10.98	2092	2097	0.00	180	0	0	0	nan	0.00	0.00	3.94	84.98	89.02	0.00	39	0	42	0.00	0.00	65.11	7.69	0.00	0.00	2000
227	11.16	2035	2101	0.00	196	0	0	0	nan	0.00	0.00	2.82	86.09	88.84	0.00	39	0	42	0.00	0.00	65.42	7.99	0.00	0.00	2000
229	11.37	2021	2096	0.00	195	0	0	0	nan	0.00	0.00	2.84	85.67	88.63	0.00	39	0	42	0.00	0.00	64.18	7.75	0.00	0.00	2000
230	11.09	2058	2113	0.00	194	0	0	0	nan	0.00	0.00	2.92	86.60	88.91	0.00	39	0	42	0.00	0.00	66.66	8.00	0.00	0.00	2000
230	11.09	2082	2094	0.00	196	0	0	0	nan	0.00	0.00	3.65	85.08	88.91	0.00	39	0	42	0.00	0.00	61.90	7.31	0.00	0.00	2000
230	11.23	2044	2100	0.00	200	0	0	0	nan	0.00	0.00	4.15	84.73	88.77	0.00	39	0	42	0.00	0.00	66.10	7.94	0.00	0.00	2000
229	10.89	2100	2102	0.00	194	0	0	0	nan	0.00	0.00	2.62	86.59	89.11	0.00	39	0	42	0.00	0.00	63.32	7.55	0.00	0.00	2000
230	10.86	2119	2097	0.00	195	0	0	0	nan	0.00	0.00	3.22	85.81	89.14	0.00	39	0	42	0.00	0.00	67.11	7.94	0.00	0.00	2000
228	11.09	2060	2098	0.00	177	0	0	0	nan	0.00	0.00	3.63	85.29	88.91	0.00	39	0	42	0.00	0.00	64.67	7.62	0.00	0.00	2000
228	11.40	2001	2104	0.00	197	0	0	0	nan	0.00	0.00	3.32	85.62	88.60	0.00	39	0	42	0.00	0.00	63.16	7.42	0.00	0.00	2000
230	11.19	2059	2099	0.00	196	0	0	0	96.26	0.00	0.00	3.52	85.28	88.81	0.00	39	0	42	0.00	0.00	64.50	7.75	0.00	0.00	2000
228	11.00	2071	2103	1.03	195	0	0	10	24.42	0.00	0.00	3.36	85.85	89.00	0.00	39	0	42	0.00	0.00	63.61	7.65	0.00	0.00	2000
226	11.28	2082	2024	0.14	195	0	0	0	nan	0.00	0.02	2.68	82.98	88.72	0.00	39	0	42	0.00	0.00	60.99	7.26	0.00	0.00	2000
235	11.31	2004	2175	0.00	198	0	0	0	nan	0.00	0.03	3.89	88.09	88.69	0.00	39	0	42	0.00	0.00	70.91	8.55	0.00	0.00	2000
229	10.97	2083	2102	0.00	194	0	0	0	nan	0.00	0.00	3.32	85.83	89.03	0.00	39	0	42	0.00	0.00	65.14	7.75	0.00	0.00	2000
231	11.17	2063	2108	0.00	196	0	0	0	nan	0.00	0.01	3.17	86.09	88.83	0.00	39	0	42	0.00	0.00	66.28	7.91	0.00	0.00	2000
230	10.79	2139	2095	0.00	195	0	0	0	nan	0.00	0.00	3.93	85.10	89.21	0.00	39	0	42	0.00	0.00	60.14	7.28	0.00	0.00	2000
230	11.20	2050	2102	0.00	194	0	0	0	nan	0.00	0.00	2.79	86.21	88.80	0.00	39	0	42	0.00	0.00	66.92	7.92	0.00	0.00	2000
230	10.89	2117	2097	0.00	195	0	0	0	nan	0.01	0.00	3.20	85.86	89.11	0.00	39	0	42	0.00	0.00	65.67	7.74	0.00	0.00	2000
229	11.06	2067	2098	0.00	180	0	0	0	nan	0.00	0.00	2.77	86.14	88.94	0.00	39	0	42	0.00	0.00	65.31	7.84	0.00	0.00	2000
229	11.15	2054	2100	0.00	193	0	0	0	nan	0.00	0.01	2.61	86.27	88.85	0.00	39	0	42	0.00	0.00	62.98	7.56	0.00	0.00	2000
231	11.23	2052	2101	0.00	197	0	0	0	nan	0.00	0.00	3.80	85.13	88.77	0.00	39	0	42	0.00	0.00	64.29	7.55	0.00	0.00	2000
230	10.96	2100	2096	0.00	195	0	0	0	nan	0.00	0.00	2.89	86.02	89.04	0.00	38	0	42	0.00	0.00	64.47	7.68	0.00	0.00	2000
229	11.09	2055	2107	0.00	194	0	0	0	nan	0.00	0.00	2.84	86.43	88.91	0.00	39	0	42	0.00	0.00	67.11	7.94	0.00	0.00	2000
229	11.19	2077	2068	0.00	179	0	0	0	nan	0.00	0.00	2.87	84.70	88.81	0.00	39	0	42	0.00	0.00	61.56	7.34	0.00	0.00	2000
228	10.76	2109	2110	0.00	198	0	0	0	nan	0.00	0.00	5.93	83.79	89.24	0.00	39	0	42	0.00	0.00	64.99	7.83	0.00	0.00	2000
229	10.91	2077	2124	0.00	197	0	0	0	nan	0.00	0.00	4.81	85.33	89.09	0.00	39	0	42	0.00	0.00	66.35	7.88	0.00	0.00	2000
231	11.12	2076	2097	0.00	197	0	0	0	nan	0.00	0.00	3.60	85.24	88.88	0.00	39	0	42	0.00	0.00	62.64	7.37	0.00	0.00	2000
228	10.79	2119	2094	0.52	195	0	0	10	29.65	0.00	0.02	3.13	85.85	89.21	0.00	39	0	42	0.00	0.00	64.80	7.81	0.00	0.00	2000
229	11.08	2059	2107	0.64	194	0	0	2	73.03	0.00	0.01	2.66	86.59	88.92	0.00	39	0	42	0.00	0.00	66.66	7.82	0.00	0.00	2000
230	10.89	2117	2094	0.00	196	0	0	0	nan	0.00	0.00	3.54	85.37	89.11	0.00	39	0	42	0.00	0.00	65.24	7.71	0.00	0.00	2000
228	10.96	2079	2100	0.00	179	0	0	0	nan	0.00	0.00	3.61	85.36	89.04	0.00	39	0	42	0.00	0.00	62.66	7.50	0.00	0.00	2000
230	11.17	2058	2103	0.00	194	0	0	0	nan	0.00	0.00	3.15	85.73	88.83	0.00	39	0	42	0.00	0.00	64.95	7.64	0.00	0.00	2000
229	11.10	2067	2099	0.00	199	0	0	0	nan	0.00	0.00	3.55	85.34	88.90	0.00	39	0	42	0.00	0.00	65.38	7.64	0.00	0.00	2000
228	11.29	2044	2078	0.00	195	0	0	0	nan	0.00	0.00	3.32	84.51	88.71	0.00	39	0	42	0.00	0.00	64.11	7.46	0.00	0.00	2000
228	10.97	2054	2124	0.00	195	0	0	0	nan	0.00	0.00	4.08	85.95	89.03	0.00	39	0	43	0.00	0.00	63.60	7.49	0.00	0.00	2000
231	10.80	2138	2105	0.00	196	0	0	0	nan	0.00	0.01	3.36	86.08	89.20	0.00	39	0	42	0.00	0.00	66.32	8.00	0.00	0.00	2000
229	10.83	2110	2101	0.00	194	0	0	0	nan	0.00	0.00	2.99	86.33	89.17	0.00	39	0	42	0.00	0.00	66.73	7.95	0.00	0.00	2000
232	10.91	2129	2099	0.00	197	0	0	0	nan	0.00	0.03	4.00	85.08	89.09	0.00	39	0	42	0.00	0.00	63.91	7.43	0.00	0.00	2000
229	11.03	2081	2094	0.00	178	0	0	0	nan	0.00	0.00	3.91	84.99	88.97	0.00	39	0	42	0.00	0.00	62.78	7.49	0.00	0.00	2000
228	11.11	2102	2047	0.00	193	0	0	0	nan	0.00	0.01	2.94	83.70	88.89	0.00	39	0	42	0.00	0.00	62.49	7.36	0.00	0.00	2000
229	11.05	2014	2157	0.00	194	0	0	0	nan	0.00	0.00	4.00	87.40	88.95	0.00	39	0	42	0.00	0.00	66.28	7.87	0.00	0.00	2000
238	11.49	2068	2103	0.00	195	0	0	0	nan	0.00	0.02	3.77	84.93	88.51	0.00	39	0	42	0.00	0.00	66.24	7.84	0.00	0.00	2000
228	11.02	2072	2098	0.00	195	0	0	0	nan	0.00	0.02	3.47	85.40	88.98	0.00	39	0	42	0.00	0.00	65.48	7.66	0.00	0.00	2000
231	10.99	2099	2101	0.00	194	0	0	0	nan	0.00	0.00	2.41	86.67	89.01	0.00	39	0	42	0.00	0.00	64.93	7.69	0.00	0.00	2000
226	11.03	2058	2096	0.00	194	0	0	5	41.78	0.00	0.02	3.06	85.81	88.97	0.00	38	0	42	0.00	0.00	65.04	7.54	0.00	0.00	2000
230	11.26	2039	2106	1.03	196	0	0	7	39.60	0.00	0.00	3.90	85.20	88.74	0.00	39	0	42	0.00	0.00	64.52	8.17	0.00	0.00	2000
228	11.31	2018	2101	0.00	196	0	0	0	nan	0.00	0.00	3.71	85.17	88.69	0.00	39	0	42	0.00	0.00	63.41	7.79	0.00	0.00	2000
230	11.32	2035	2095	0.00	183	0	0	0	nan	0.00	0.00	4.28	84.23	88.68	0.00	39	0	42	0.00	0.00	65.01	7.94	0.00	0.00	2000
229	11.28	2076	2054	0.00	199	0	0	0	nan	0.00	0.02	3.44	83.40	88.72	0.00	39	0	42	0.00	0.00	61.02	7.23	0.00	0.00	2000
229	11.01	2033	2149	0.00	211	0	0	0	nan	0.00	0.00	3.76	87.41	88.99	0.00	39	0	42	0.00	0.00	66.07	7.75	0.00	0.00	2000
230	10.88	2104	2106	0.00	179	0	0	0	nan	0.00	0.02	3.73	85.75	89.12	0.00	39	0	42	0.00	0.00	66.72	7.84	0.00	0.00	2000
228	11.09	2062	2097	0.00	193	0	0	0	nan	0.00	0.02	3.12	85.78	88.91	0.00	38	0	42	0.00	0.00	65.42	7.80	0.00	0.00	2000
230	11.02	2085	2100	0.00	195	0	0	0	nan	0.00	0.01	2.98	86.07	88.98	0.00	38	0	42	0.00	0.00	63.73	7.67	0.00	0.00	2000
230	11.02	2088	2099	0.00	195	0	0	0	nan	0.01	0.00	3.40	85.62	88.98	0.00	39	0	42	0.00	0.00	63.10	7.48	0.00	0.00	2000
229	11.20	2045	2104	0.00	181	0	0	0	nan	0.00	0.00	3.34	85.76	88.80	0.00	39	0	42	0.00	0.00	66.17	7.80	0.00	0.00	2000
229	11.27	2031	2099	0.00	194	0	0	0	nan	0.00	0.03	2.94	85.88	88.73	0.00	39	0	42	0.00	0.00	65.28	7.66	0.00	0.00	2000
229	11.06	2065	2104	0.00	195	0	0	0	nan	0.00	0.00	3.16	86.04	88.94	0.00	38	0	42	0.00	0.00	64.15	7.59	0.00	0.00	2000
229	11.04	2083	2090	0.00	195	0	0	0	nan	0.00	0.00	3.03	85.58	88.96	0.00	39	0	42	0.00	0.00	65.61	7.72	0.00	0.00	2000
228	11.28	2056	2063	0.00	179	0	0	0	nan	0.00	0.00	3.62	83.63	88.72	0.00	39	0	42	0.00	0.00	61.99	7.29	0.00	0.00	2000
229	11.08	2029	2141	0.00	212	0	0	0	nan	0.00	0.00	4.38	86.39	88.92	0.00	39	0	42	0.00	0.00	65.08	7.92	0.00	0.00	2000
229	11.19	2050	2100	0.00	180	0	0	0	nan	0.00	0.00	3.25	85.61	88.81	0.00	39	0	42	0.00	0.00	65.79	7.81	0.00	0.00	2000
229	11.13	2053	2104	0.00	194	0	0	0	nan	0.00	0.00	3.22	85.97	88.87	0.00	39	0	42	0.00	0.00	65.35	7.80	0.00	0.00	2000
229	11.32	2021	2102	0.88	195	0	0	10	28.20	0.00	0.02	3.19	85.70	88.68	0.00	39	0	42	0.00	0.00	63.95	7.54	0.00	0.00	2000
229	11.13	2063	2093	0.31	196	0	0	0	nan	0.00	0.00	3.45	85.31	88.87	0.00	39	0	42	0.00	0.00	62.06	7.33	0.00	0.00	2000
228	11.18	2038	2101	0.00	178	0	0	0	nan	0.00	0.00	3.65	85.24	88.82	0.00	39	0	42	0.00	0.00	65.49	7.67	0.00	0.00	2000
231	11.18	2068	2100	0.00	196	0	0	0	nan	0.00	0.00	2.55	86.35	88.82	0.00	39	0	42	0.00	0.00	65.22	7.68	0.00	0.00	2000
229	11.03	2074	2101	0.00	198	0	0	0	nan	0.00	0.00	4.23	84.90	88.97	0.00	39	0	42	0.00	0.00	65.17	7.79	0.00	0.00	2000
231	11.15	2072	2104	0.00	196	0	0	0	nan	0.00	0.00	3.08	85.96	88.85	0.00	39	0	42	0.00	0.00	65.66	7.55	0.00	0.00	2000
228	11.11	2050	2097	0.00	196	0	0	0	nan	0.00	0.00	3.08	85.84	88.89	0.00	38	0	42	0.00	0.00	63.13	7.35	0.00	0.00	2000
230	11.26	2047	2098	0.00	196	0	0	0	nan	0.00	0.01	2.75	86.01	88.74	0.00	39	0	42	0.00	0.00	64.44	7.49	0.00	0.00	2000
224	11.24	2072	2023	0.00	195	0	0	0	nan	0.00	0.00	3.13	82.48	88.76	0.00	39	0	42	0.00	0.00	60.85	7.15	0.00	0.00	2000
232	11.15	2005	2179	0.00	213	0	0	0	nan	0.00	0.02	3.81	88.47	88.85	0.00	39	0	42	0.00	0.00	67.38	7.87	0.00	0.00	2000
228	10.96	2079	2100	0.00	178	0	0	0	nan	0.01	0.00	3.65	85.53	89.04	0.00	39	0	42	0.00	0.00	64.81	7.90	0.00	0.00	2000
228	11.16	2045	2101	0.00	195	0	0	0	nan	0.00	0.00	3.17	85.70	88.84	0.00	39	0	42	0.00	0.00	65.00	7.65	0.00	0.00	2000
230	11.03	2077	2105	0.00	197	0	0	0	nan	0.00	0.02	2.96	86.25	88.97	0.00	39	0	42	0.00	0.00	65.95	7.83	0.00	0.00	2000
229	10.91	2100	2098	0.00	195	0	0	0	nan	0.00	0.00	3.63	85.47	89.09	0.00	39	0	42	0.00	0.00	62.63	7.43	0.00	0.00	2000
229	11.06	2079	2095	0.00	195	0	0	0	nan	0.00	0.00	2.81	86.03	88.94	0.00	38	0	42	0.00	0.00	64.91	7.66	0.00	0.00	2000
230	11.00	2085	2104	0.00	195	0	0	0	nan	0.00	0.01	2.46	86.73	89.00	0.00	39	0	42	0.00	0.00	65.02	7.64	0.00	0.00	2000
228	11.39	1999	2101	0.00	194	0	0	0	nan	0.00	0.02	3.27	85.52	88.61	0.00	39	0	42	0.00	0.00	62.98	7.76	0.00	0.00	2000
229	11.26	2039	2098	0.46	193	0	0	10	31.82	0.00	0.00	3.51	85.21	88.74	0.00	39	0	42	0.00	0.00	64.87	7.73	0.00	0.00	2000
229	11.14	2060	2091	0.69	181	0	0	3	63.58	0.00	0.00	3.21	85.26	88.86	0.00	39	0	42	0.00	0.00	64.09	7.61	0.00	0.00	2000
235	11.16	2094	2111	0.00	241	0	0	0	nan	0.00	0.00	3.98	85.29	88.84	0.00	39	0	42	0.00	0.00	65.32	7.95	0.00	0.00	2000
229	10.96	2093	2099	0.00	180	0	0	0	nan	0.00	0.00	3.97	85.15	89.04	0.00	39	0	42	0.00	0.00	65.64	7.69	0.00	0.00	2000
228	11.00	2076	2099	0.00	197	0	0	0	nan	0.00	0.01	2.65	86.28	89.00	0.00	39	0	42	0.00	0.00	65.11	7.78	0.00	0.00	2000
227	10.98	2074	2097	0.00	196	0	0	0	nan	0.00	0.02	3.49	85.47	89.02	0.00	39	0	42	0.00	0.00	65.17	7.84	0.00	0.00	2000
230	11.19	2044	2111	0.00	195	0	0	0	nan	0.00	0.01	2.84	86.46	88.81	0.00	39	0	42	0.00	0.00	66.19	7.87	0.00	0.00	2000
229	11.07	2136	2034	0.00	197	0	0	0	nan	0.00	0.01	3.68	82.48	88.93	0.00	39	0	42	0.00	0.00	60.10	7.01	0.00	0.00	2000
232	11.09	2025	2166	0.00	213	0	0	0	nan	0.00	0.02	3.75	88.04	88.91	0.00	38	0	42	0.00	0.00	68.77	8.28	0.00	0.00	2000
229	11.09	2066	2102	0.00	181	0	0	0	nan	0.00	0.01	3.60	85.58	88.91	0.00	39	0	42	0.00	0.00	64.37	7.71	0.00	0.00	2000
229	11.04	2080	2099	0.00	195	0	0	0	nan	0.00	0.02	2.60	86.39	88.96	0.00	39	0	42	0.00	0.00	63.95	7.50	0.00	0.00	2000
228	10.80	2110	2101	0.00	194	0	0	0	nan	0.00	0.00	3.27	86.08	89.20	0.00	39	0	42	0.00	0.00	66.98	8.07	0.00	0.00	2000
229	11.21	2055	2089	0.00	177	0	0	0	nan	0.00	0.02	2.95	85.49	88.79	0.00	39	0	42	0.00	0.00	64.47	7.57	0.00	0.00	2000
230	11.09	2061	2109	0.00	195	0	0	0	nan	0.00	0.00	3.37	85.85	88.91	0.00	39	0	42	0.00	0.00	63.91	7.54	0.00	0.00	2000
232	11.02	2107	2097	0.00	194	0	0	0	nan	0.00	0.00	3.65	85.23	88.98	0.00	39	0	42	0.00	0.00	65.37	7.64	0.00	0.00	2000
228	11.03	2069	2101	0.00	196	0	0	0	nan	0.00	0.02	3.05	85.98	88.97	0.00	38	0	42	0.00	0.00	63.46	7.60	0.00	0.00	2000
229	10.97	2088	2101	0.00	194	0	0	0	nan	0.00	0.00	3.83	85.35	89.03	0.00	39	0	42	0.00	0.00	65.34	7.86	0.00	0.00	2000
234	11.03	2122	2097	0.00	182	0	0	4	38.56	0.00	0.00	3.80	85.11	88.97	0.00	39	0	42	0.00	0.00	65.53	7.84	0.00	0.00	2000
230	10.91	2104	2100	1.03	195	0	0	9	42.99	0.00	0.01	3.03	86.04	89.09	0.00	39	0	42	0.00	0.00	64.89	7.77	0.00	0.00	2000
231	11.14	2072	2101	0.00	195	0	0	0	nan	0.00	0.02	3.04	85.82	88.86	0.00	39	0	42	0.00	0.00	65.76	8.00	0.00	0.00	2000
231	10.84	2123	2105	0.00	195	0	0	0	nan	0.00	0.02	3.55	85.93	89.16	0.00	38	0	42	0.00	0.00	63.06	7.40	0.00	0.00	2000
227	11.03	2128	2033	0.00	197	0	0	0	nan	0.00	0.00	3.23	82.96	88.97	0.00	38	0	42	0.00	0.00	61.68	7.50	0.00	0.00	2000
232	11.24	1994	2170	0.00	213	0	0	0	nan	0.00	0.01	3.83	88.03	88.76	0.00	39	0	42	0.00	0.00	67.98	8.17	0.00	0.00	2000
228	10.91	2098	2094	0.00	179	0	0	0	nan	0.00	0.00	2.98	85.92	89.09	0.00	39	0	42	0.00	0.00	64.60	7.79	0.00	0.00	2000
232	11.18	2077	2102	0.00	194	0	0	0	nan	0.00	0.00	2.78	86.19	88.82	0.00	39	0	42	0.00	0.00	63.30	7.50	0.00	0.00	2000
230	10.94	2101	2105	0.00	196	0	0	0	nan	0.00	0.00	3.49	85.85	89.06	0.00	38	0	42	0.00	0.00	66.59	7.73	0.00	0.00	2000
230	11.07	2075	2099	0.00	196	0	0	0	nan	0.00	0.00	3.71	85.30	88.93	0.00	39	0	42	0.00	0.00	65.28	7.77	0.00	0.00	2000
228	11.11	2055	2101	0.00	194	0	0	0	nan	0.00	0.00	3.24	85.70	88.89	0.00	38	0	42	0.00	0.00	63.78	7.60	0.00	0.00	2000
230	11.18	2062	2095	0.00	198	0	0	0	nan	0.00	0.02	4.40	84.30	88.82	0.00	39	0	42	0.00	0.00	64.68	7.68	0.00	0.00	2000
228	11.26	2023	2101	0.00	181	0	0	0	nan	0.00	0.02	3.31	85.60	88.74	0.00	39	0	42	0.00	0.00	62.64	7.45	0.00	0.00	2000
231	11.62	1982	2108	0.00	196	0	0	0	nan	0.00	0.00	2.89	85.99	88.38	0.00	39	0	42	0.00	0.00	66.32	7.82	0.00	0.00	2000
226	10.95	2145	2016	0.00	195	0	0	0	nan	0.00	0.02	3.10	82.43	89.05	0.00	39	0	42	0.00	0.00	59.67	6.84	0.00	0.00	2000
235	11.08	2047	2177	0.00	227	0	0	0	nan	0.00	0.02	6.06	86.20	88.92	0.00	39	0	42	0.00	0.00	67.39	8.38	0.00	0.00	2000
228	11.17	2044	2102	0.00	178	0	0	0	nan	0.00	0.00	3.24	85.84	88.83	0.00	39	0	42	0.00	0.00	64.96	7.41	0.00	0.00	2000
230	10.99	2086	2102	0.00	196	0	0	0	86.66	0.00	0.00	2.77	86.31	89.01	0.00	39	0	42	0.00	0.00	65.39	7.53	0.00	0.00	2000
230	10.92	2103	2101	1.06	197	0	0	11	31.10	0.00	0.00	2.32	86.87	89.08	0.00	39	0	42	0.00	0.00	66.06	7.83	0.00	0.00	2000
231	10.92	2116	2102	0.09	194	0	0	0	nan	0.00	0.00	3.49	85.72	89.08	0.00	38	0	42	0.00	0.00	65.35	7.72	0.00	0.00	2000
230	11.07	2075	2099	0.00	194	0	0	0	nan	0.00	0.00	3.71	85.23	88.93	0.00	39	0	42	0.00	0.00	64.21	7.56	0.00	0.00	2000
230	11.07	2077	2103	0.00	196	0	0	0	nan	0.00	0.00	2.97	86.19	88.93	0.00	39	0	42	0.00	0.00	66.51	7.85	0.00	0.00	2000
229	10.93	2096	2099	0.00	178	0	0	0	nan	0.00	0.00	3.31	85.70	89.07	0.00	38	0	42	0.00	0.00	63.86	7.30	0.00	0.00	2000
229	11.09	2065	2099	0.00	195	0	0	0	nan	0.00	0.00	3.04	85.90	88.91	0.00	39	0	42	0.00	0.00	63.01	7.74	0.00	0.00	2000
230	10.98	2101	2097	0.00	195	0	0	0	nan	0.00	0.01	2.74	86.22	89.02	0.00	39	0	42	0.00	0.00	65.51	7.62	0.00	0.00	2000
229	11.15	2056	2101	0.00	195	0	0	0	nan	0.00	0.04	3.28	85.69	88.85	0.00	38	0	42	0.00	0.00	62.85	7.47	0.00	0.00	2000
228	11.05	2066	2096	0.00	181	0	0	0	nan	0.00	0.00	3.57	85.19	88.95	0.00	39	0	42	0.00	0.00	66.28	7.96	0.00	0.00	2000
228	11.10	2112	2044	0.00	195	0	0	0	nan	0.00	0.00	3.09	83.53	88.90	0.00	39	0	42	0.00	0.00	59.92	7.03	0.00	0.00	2000
230	10.58	2114	2162	0.00	195	0	0	0	nan	0.00	0.00	3.73	88.34	89.42	0.00	39	0	42	0.00	0.00	68.30	8.31	0.00	0.00	2000
228	11.22	2034	2097	0.00	195	0	0	0	nan	0.00	0.00	2.74	85.99	88.78	0.00	38	0	42	0.00	0.00	64.52	7.57	0.00	0.00	2000
230	11.01	2091	2099	0.00	196	0	0	0	nan	0.00	0.00	3.58	85.45	88.99	0.00	39	0	42	0.00	0.00	65.79	7.86	0.00	0.00	2000
247	11.62	2119	2109	0.00	195	0	0	0	nan	0.01	0.00	4.33	84.52	88.38	0.00	39	0	42	0.00	0.00	63.59	7.59	0.00	0.00	2000
229	10.93	2099	2095	0.00	200	0	0	0	nan	0.00	0.01	3.72	85.15	89.07	0.00	39	0	42	0.00	0.00	65.22	7.83	0.00	0.00	2000
229	11.11	2056	2106	0.00	194	0	0	0	nan	0.00	0.00	2.75	86.47	88.89	0.00	39	0	42	0.00	0.00	66.02	7.90	0.00	0.00	2000
227	11.24	2029	2093	0.00	196	0	0	0	nan	0.00	0.00	3.79	84.82	88.76	0.00	39	0	42	0.00	0.00	62.29	7.52	0.00	0.00	2000
229	11.32	2019	2101	0.45	182	0	0	9	32.50	0.00	0.00	3.71	85.19	88.68	0.00	39	0	42	0.00	0.00	64.78	7.92	0.00	0.00	2000
229	11.12	2058	2100	0.72	197	0	0	3	63.15	0.01	0.00	3.31	85.67	88.88	0.00	39	0	42	0.00	0.00	65.95	7.42	0.00	0.00	2000
228	11.34	2070	2043	0.00	195	0	0	0	nan	0.00	0.00	3.21	83.14	88.66	0.00	38	0	42	0.00	0.00	59.76	7.50	0.00	0.00	2000
230	10.69	2094	2160	0.00	197	0	0	0	nan	0.00	0.02	3.72	88.18	89.31	0.00	39	0	42	0.00	0.00	66.39	7.90	0.00	0.00	2000
231	11.02	2087	2108	0.00	194	0	0	0	nan	0.00	0.02	3.41	85.95	88.98	0.00	39	0	42	0.00	0.00	66.16	7.88	0.00	0.00	2000
228	11.10	2060	2094	0.00	194	0	0	0	nan	0.00	0.00	2.96	85.80	88.90	0.00	39	0	42	0.00	0.00	65.34	7.40	0.00	0.00	2000
234	11.18	2086	2103	0.00	196	0	0	0	nan	0.00	0.00	2.79	86.20	88.82	0.00	39	0	42	0.00	0.00	63.73	7.93	0.00	0.00	2000
228	11.08	2066	2091	0.00	179	0	0	0	nan	0.00	0.00	3.14	85.57	88.92	0.00	39	0	42	0.00	0.00	65.00	7.59	0.00	0.00	2000
229	11.16	2047	2102	0.00	196	0	0	0	nan	0.00	0.02	3.18	85.78	88.84	0.00	39	0	42	0.00	0.00	64.35	7.65	0.00	0.00	2000
228	11.02	2061	2109	0.00	195	0	0	0	nan	0.00	0.00	2.99	86.47	88.98	0.00	39	0	42	0.00	0.00	63.17	7.80	0.00	0.00	2000
229	11.18	2052	2097	0.00	195	0	0	0	nan	0.00	0.00	3.49	85.38	88.82	0.00	39	0	42	0.00	0.00	65.39	7.89	0.00	0.00	2000
228	11.12	2048	2102	0.00	197	0	0	0	nan	0.00	0.00	3.10	85.91	88.88	0.00	39	0	42	0.00	0.00	63.88	7.56	0.00	0.00	2000
244	11.33	2158	2094	0.00	267	0	0	0	nan	0.00	0.30	6.11	82.17	88.67	0.00	39	0	42	0.00	0.00	65.84	7.98	0.00	0.00	2000
229	11.43	2031	2070	0.00	182	0	0	0	nan	0.00	0.01	6.50	80.91	88.57	0.00	39	0	42	0.00	0.00	61.82	7.20	0.00	0.00	2000
229	10.91	2070	2130	0.00	212	0	0	0	nan	0.00	0.00	4.69	85.75	89.09	0.00	39	0	42	0.00	0.00	68.12	7.97	0.00	0.00	2000
228	11.07	2061	2100	0.00	179	0	0	0	nan	0.00	0.02	3.99	84.96	88.93	0.00	39	0	42	0.00	0.00	62.54	7.46	0.00	0.00	2000
231	10.91	2105	2109	0.00	196	0	0	0	nan	0.00	0.00	3.39	86.12	89.09	0.00	39	0	42	0.00	0.00	66.44	7.92	0.00	0.00	2000
229	10.88	2109	2093	0.00	199	0	0	4	44.96	0.00	0.00	4.77	84.06	89.12	0.00	38	0	42	0.00	0.00	64.32	7.53	0.00	0.00	2000
233	10.81	2152	2102	1.06	196	0	0	9	38.40	0.00	0.00	2.75	86.56	89.19	0.00	39	0	42	0.00	0.00	66.89	7.98	0.00	0.00	2000
227	11.11	2063	2076	0.00	179	0	0	0	nan	0.00	0.00	2.72	85.27	88.89	0.00	39	0	42	0.00	0.00	60.96	7.36	0.00	0.00	2000
229	11.16	2028	2124	0.00	210	0	0	0	nan	0.00	0.00	4.61	85.30	88.84	0.00	39	0	42	0.00	0.00	68.74	8.17	0.00	0.00	2000
228	11.16	2045	2101	0.00	179	0	0	0	nan	0.00	0.01	3.16	85.82	88.84	0.00	39	0	42	0.00	0.00	63.60	7.60	0.00	0.00	2000
230	10.99	2087	2102	0.00	195	0	0	0	nan	0.00	0.00	3.76	85.35	89.01	0.00	39	0	42	0.00	0.00	66.10	7.84	0.00	0.00	2000
227	11.29	2104	2010	0.00	196	0	0	0	nan	0.00	0.00	2.73	82.27	88.71	0.00	39	0	42	0.00	0.00	58.78	6.86	0.00	0.00	2000
232	10.69	2078	2193	0.00	212	0	0	0	nan	0.00	0.00	3.52	89.86	89.31	0.00	39	0	42	0.00	0.00	68.27	8.16	0.00	0.00	2000
228	11.09	2058	2102	0.00	178	0	0	0	nan	0.00	0.01	3.25	85.77	88.91	0.00	39	0	42	0.00	0.00	66.29	7.92	0.00	0.00	2000
229	11.14	2054	2102	0.00	195	0	0	0	nan	0.00	0.00	3.42	85.68	88.86	0.00	39	0	42	0.00	0.00	65.22	7.79	0.00	0.00	2000
227	10.89	2095	2094	0.00	194	0	0	0	nan	0.00	0.00	3.30	85.62	89.11	0.00	38	0	42	0.00	0.00	63.73	7.53	0.00	0.00	2000
228	11.30	2018	2100	0.00	194	0	0	0	nan	0.00	0.02	3.13	85.71	88.70	0.00	39	0	42	0.00	0.00	62.35	7.40	0.00	0.00	2000
231	11.15	2104	2066	0.00	181	0	0	0	nan	0.00	0.00	3.30	84.08	88.85	0.00	39	0	42	0.00	0.00	65.34	7.70	0.00	0.00	2000
229	10.81	2099	2123	0.00	211	0	0	0	nan	0.00	0.00	4.53	85.77	89.19	0.00	39	0	42	0.00	0.00	65.20	7.80	0.00	0.00	2000
227	11.30	2031	2078	0.00	179	0	0	0	nan	0.00	0.00	4.18	83.61	88.70	0.00	39	0	42	0.00	0.00	64.46	7.78	0.00	0.00	2000
229	11.24	2015	2121	0.00	209	0	0	0	nan	0.00	0.00	4.88	84.89	88.76	0.00	39	0	42	0.00	0.00	64.51	7.60	0.00	0.00	2000
228	10.85	2106	2096	0.00	179	0	0	0	nan	0.00	0.00	4.36	84.49	89.15	0.00	39	0	42	0.00	0.00	65.07	7.68	0.00	0.00	2000
230	11.14	2077	2092	0.00	213	0	0	0	nan	0.00	0.00	4.41	84.10	88.86	0.00	39	0	42	0.00	0.00	65.21	7.79	0.00	0.00	2000
227	10.95	2065	2110	1.19	178	0	0	7	12.25	0.00	0.00	4.61	84.97	89.05	0.00	39	0	42	0.00	0.00	64.79	7.74	0.00	0.00	2000
229	11.12	2071	2091	0.20	213	0	0	0	nan	0.00	0.00	3.96	84.50	88.88	0.00	39	0	42	0.00	0.00	64.86	7.73	0.00	0.00	2000
227	10.99	2054	2114	0.00	180	0	0	0	nan	0.00	0.00	5.04	84.62	89.01	0.00	39	0	42	0.00	0.00	64.58	7.76	0.00	0.00	2000
229	11.06	2059	2113	0.00	214	0	0	0	nan	0.00	0.00	5.40	84.12	88.94	0.00	40	0	42	0.00	0.00	66.25	7.94	0.00	0.00	2000
230	11.04	2128	2059	0.00	181	0	0	0	nan	0.00	0.02	4.08	83.16	88.96	0.00	39	0	42	0.00	0.00	63.44	7.42	0.00	0.00	2000
229	10.73	2103	2134	0.00	212	0	0	0	nan	0.00	0.00	5.08	85.69	89.27	0.00	39	0	42	0.00	0.00	65.26	7.76	0.00	0.00	2000
228	11.14	2075	2072	0.00	179	0	0	0	nan	0.00	0.00	3.63	83.99	88.86	0.00	39	0	42	0.00	0.00	65.05	7.60	0.00	0.00	2000
228	10.89	2071	2127	0.00	211	0	0	0	nan	0.00	0.00	4.59	85.80	89.11	0.00	39	0	42	0.00	0.00	64.76	7.61	0.00	0.00	2000
227	11.14	2063	2072	0.00	179	0	0	0	nan	0.00	0.00	4.00	83.71	88.86	0.00	39	0	42	0.00	0.00	64.53	7.50	0.00	0.00	2000
231	11.17	2041	2124	0.00	211	0	0	0	nan	0.00	0.00	4.95	84.97	88.83	0.00	39	0	42	0.00	0.00	64.83	7.50	0.00	0.00	2000
229	10.86	2108	2099	0.00	180	0	0	0	nan	0.00	0.00	4.60	84.51	89.14	0.00	39	0	42	0.00	0.00	63.28	7.91	0.00	0.00	2000
229	11.09	2095	2067	0.00	195	0	0	0	nan	0.00	0.01	3.54	84.05	88.91	0.00	39	0	42	0.00	0.00	63.66	7.09	0.00	0.00	2000
227	10.98	2046	2127	0.00	196	0	0	0	nan	0.00	0.00	3.72	86.55	89.02	0.00	39	0	42	0.00	0.00	67.08	7.96	0.00	0.00	2000
228	11.07	2058	2107	0.00	212	0	0	0	nan	0.00	0.00	4.26	85.01	88.93	0.00	39	0	42	0.00	0.00	65.00	7.67	0.00	0.00	2000
232	11.19	2087	2088	0.00	180	0	0	0	nan	0.00	0.00	5.56	82.81	88.81	0.00	39	0	42	0.00	0.00	65.12	7.67	0.00	0.00	2000
232	10.71	2165	2097	0.00	211	0	0	0	nan	0.00	0.00	4.49	84.63	89.29	0.00	39	0	42	0.00	0.00	64.94	7.64	0.00	0.00	2000
227	10.80	2111	2094	0.00	182	0	0	0	nan	0.00	0.00	4.69	84.25	89.20	0.00	39	0	42	0.00	0.00	62.88	7.34	0.00	0.00	2000
230	10.88	2105	2109	0.85	214	0	0	8	19.38	0.00	0.02	6.08	83.46	89.12	0.00	39	0	42	0.00	0.00	63.88	7.79	0.00	0.00	2000
228	11.10	2046	2105	0.51	178	0	0	0	nan	0.00	0.00	4.58	84.62	88.90	0.00	39	0	42	0.00	0.00	65.34	7.76	0.00	0.00	2000
229	11.31	2031	2092	0.00	213	0	0	0	nan	0.00	0.00	4.34	84.12	88.69	0.00	39	0	42	0.00	0.00	64.49	7.57	0.00	0.00	2000
231	11.22	2057	2098	0.00	179	0	0	0	nan	0.00	0.00	4.93	83.83	88.78	0.00	39	0	42	0.00	0.00	64.63	7.78	0.00	0.00	2000
230	10.95	2096	2104	0.00	213	0	0	0	nan	0.00	0.00	4.74	84.47	89.05	0.00	39	0	42	0.00	0.00	62.28	7.66	0.00	0.00	2000
229	10.83	2096	2114	0.00	179	0	0	0	nan	0.00	0.00	4.91	84.79	89.17	0.00	39	0	42	0.00	0.00	68.50	7.68	0.00	0.00	2000
231	11.02	2107	2085	0.00	215	0	0	0	nan	0.00	0.00	4.41	83.96	88.98	0.00	39	0	42	0.00	0.00	64.84	7.58	0.00	0.00	2000
229	10.94	2078	2110	0.00	181	0	0	0	nan	0.00	0.00	5.09	84.50	89.06	0.00	39	0	42	0.00	0.00	64.60	7.73	0.00	0.00	2000
230	11.11	2063	2105	0.00	213	0	0	0	nan	0.00	0.00	4.35	84.77	88.89	0.00	39	0	42	0.00	0.00	64.90	7.65	0.00	0.00	2000
227	11.06	2051	2099	0.00	178	0	0	0	nan	0.00	0.00	4.10	84.91	88.94	0.00	39	0	42	0.00	0.00	64.54	7.57	0.00	0.00	2000
228	10.98	2075	2101	0.00	213	0	0	0	nan	0.00	0.00	3.86	85.30	89.02	0.00	39	0	42	0.00	0.00	64.17	7.71	0.00	0.00	2000
227	10.89	2089	2099	0.00	180	0	0	0	nan	0.00	0.00	4.17	84.93	89.11	0.00	39	0	42	0.00	0.00	64.96	7.65	0.00	0.00	2000
230	11.11	2085	2086	0.00	211	0	0	0	nan	0.00	0.00	3.81	84.47	88.89	0.00	39	0	42	0.00	0.00	64.78	7.57	0.00	0.00	2000
229	11.12	2046	2114	0.00	179	0	0	0	nan	0.00	0.00	4.62	84.94	88.88	0.00	39	0	42	0.00	0.00	64.78	7.76	0.00	0.00	2000
229	11.27	2034	2094	0.00	212	0	0	0	nan	0.00	0.00	4.41	84.19	88.73	0.00	39	0	42	0.00	0.00	64.54	7.63	0.00	0.00	2000
227	11.28	2006	2107	0.00	179	0	0	0	nan	0.00	0.00	4.55	84.59	88.72	0.00	39	0	42	0.00	0.00	64.07	7.68	0.00	0.00	2000
229	11.08	2080	2083	0.00	213	0	0	0	nan	0.00	0.00	3.48	84.75	88.92	0.00	39	0	42	0.00	0.00	64.26	7.66	0.00	0.00	2000
229	10.84	2092	2118	0.55	180	0	0	7	21.55	0.00	0.00	5.11	84.80	89.16	0.00	39	0	42	0.00	0.00	65.41	7.77	0.00	0.00	2000
229	11.03	2089	2084	0.81	212	0	0	2	63.69	0.00	0.00	4.71	83.65	88.97	0.00	39	0	42	0.00	0.00	64.54	7.75	0.00	0.00	2000
230	10.82	2113	2111	0.00	181	0	0	0	nan	0.00	0.00	4.92	84.83	89.18	0.00	39	0	42	0.00	0.00	64.61	7.63	0.00	0.00	2000
229	10.96	2085	2102	0.00	211	0	0	0	nan	0.00	0.00	3.92	85.32	89.04	0.00	39	0	42	0.00	0.00	64.58	7.61	0.00	0.00	2000
228	11.35	2014	2096	0.00	179	0	0	0	nan	0.00	0.00	4.19	84.36	88.65	0.00	39	0	42	0.00	0.00	64.85	7.85	0.00	0.00	2000
228	11.25	2035	2088	0.00	211	0	0	0	nan	0.00	0.03	4.01	84.21	88.75	0.00	39	0	42	0.00	0.00	64.25	7.78	0.00	0.00	2000
229	10.72	2116	2117	0.00	180	0	0	0	nan	0.00	0.00	5.08	84.97	89.28	0.00	39	0	42	0.00	0.00	64.89	7.54	0.00	0.00	2000
231	11.31	2055	2087	0.00	213	0	0	0	nan	0.00	0.00	3.72	84.56	88.69	0.00	39	0	42	0.00	0.00	64.57	7.83	0.00	0.00	2000
227	11.10	2036	2114	0.00	178	0	0	0	nan	0.00	0.00	4.89	84.75	88.90	0.00	39	0	42	0.00	0.00	64.66	7.64	0.00	0.00	2000
228	11.08	2067	2094	0.00	212	0	0	0	nan	0.00	0.00	3.84	84.92	88.92	0.00	39	0	42	0.00	0.00	64.71	7.59	0.00	0.00	2000
228	11.29	2012	2106	0.00	183	0	0	0	nan	0.00	0.00	5.88	83.18	88.71	0.00	39	0	42	0.00	0.00	64.62	7.79	0.00	0.00	2000
228	11.33	2021	2094	0.00	213	0	0	0	nan	0.00	0.00	3.28	85.31	88.67	0.00	39	0	42	0.00	0.00	64.42	7.79	0.00	0.00	2000
229	11.08	2065	2101	0.00	180	0	0	0	nan	0.00	0.00	4.80	84.25	88.92	0.00	39	0	42	0.00	0.00	64.65	7.75	0.00	0.00	2000
238	11.45	2083	2096	0.00	213	0	0	0	nan	0.00	0.00	4.11	84.23	88.55	0.00	39	0	42	0.00	0.00	65.74	7.87	0.00	0.00	2000
228	11.04	2058	2105	0.00	181	0	0	0	nan	0.00	0.00	4.69	84.59	88.96	0.00	39	0	42	0.00	0.00	64.88	7.57	0.00	0.00	2000
228	11.19	2042	2100	0.00	214	0	0	0	nan	0.00	0.00	5.09	83.83	88.81	0.00	39	0	42	0.00	0.00	64.68	7.66	0.00	0.00	2000
228	10.96	2098	2080	0.00	179	0	0	0	nan	0.00	0.00	4.14	84.07	89.04	0.00	39	0	42	0.00	0.00	64.91	7.49	0.00	0.00	2000
230	10.90	2103	2109	0.17	212	0	0	6	25.24	0.00	0.00	5.26	84.24	89.11	0.00	39	0	42	0.00	0.00	64.67	7.73	0.00	0.00	2000
228	11.00	2067	2109	1.11	179	0	0	4	38.94	0.00	0.00	4.99	84.50	89.00	0.00	39	0	42	0.00	0.00	64.42	7.57	0.00	0.00	2000
228	10.89	2085	2110	0.00	211	0	0	0	nan	0.00	0.00	3.65	85.92	89.11	0.00	39	0	42	0.00	0.00	64.70	7.70	0.00	0.00	2000
227	11.16	2045	2091	0.00	179	0	0	0	nan	0.00	0.00	3.27	85.33	88.84	0.00	39	0	42	0.00	0.00	64.33	7.72	0.00	0.00	2000
230	11.15	2060	2104	0.00	214	0	0	0	nan	0.00	0.00	3.86	85.10	88.85	0.00	39	0	42	0.00	0.00	65.11	7.61	0.00	0.00	2000
228	11.45	1984	2113	0.00	179	0	0	0	nan	0.00	0.00	4.26	84.94	88.55	0.00	39	0	42	0.00	0.00	64.28	7.72	0.00	0.00	2000
229	11.22	2053	2087	0.00	213	0	0	0	nan	0.00	0.02	3.47	84.97	88.78	0.00	39	0	42	0.00	0.00	64.65	7.58	0.00	0.00	2000
227	11.06	2057	2096	0.00	179	0	0	0	nan	0.00	0.00	4.32	84.43	88.94	0.00	39	0	42	0.00	0.00	62.10	7.56	0.00	0.00	2000
228	11.13	2049	2102	0.00	213	0	0	0	nan	0.00	0.00	4.19	84.81	88.87	0.00	39	0	42	0.00	0.00	67.19	7.52	0.00	0.00	2000
227	11.08	2054	2097	0.00	181	0	0	0	nan	0.00	0.00	4.53	84.31	88.92	0.00	39	0	42	0.00	0.00	64.98	7.81	0.00	0.00	2000
228	11.22	2026	2107	0.00	211	0	0	0	nan	0.00	0.00	4.13	85.05	88.78	0.00	39	0	42	0.00	0.00	64.35	7.81	0.00	0.00	2000
229	10.96	2092	2099	0.00	179	0	0	0	nan	0.00	0.00	4.04	85.03	89.04	0.00	39	0	42	0.00	0.00	64.58	7.67	0.00	0.00	2000
228	11.15	2048	2096	0.00	212	0	0	0	nan	0.01	0.00	3.79	85.03	88.85	0.00	39	0	42	0.00	0.00	64.58	7.74	0.00	0.00	2000
228	11.21	2038	2099	0.00	183	0	0	0	nan	0.00	0.00	4.94	83.91	88.79	0.00	39	0	42	0.00	0.00	64.64	7.54	0.00	0.00	2000
229	11.20	2026	2115	0.00	213	0	0	0	nan	0.00	0.00	4.16	85.31	88.80	0.00	39	0	42	0.00	0.00	65.33	7.87	0.00	0.00	2000
226	11.32	2017	2081	0.00	179	0	0	0	nan	0.00	0.00	3.55	84.43	88.68	0.00	39	0	42	0.00	0.00	64.14	7.55	0.00	0.00	2000
231	11.14	2054	2119	0.00	211	0	0	0	nan	0.00	0.00	3.78	85.98	88.86	0.00	39	0	42	0.00	0.00	64.54	7.70	0.00	0.00	2000
226	11.30	2014	2087	0.00	179	0	0	5	27.50	0.00	0.01	3.56	84.73	88.70	0.00	39	0	42	0.00	0.00	64.27	7.74	0.00	0.00	2000
229	11.06	2068	2105	1.59	212	0	0	8	26.50	0.00	0.00	4.42	84.71	88.94	0.00	39	0	42	0.00	0.00	65.04	7.68	0.00	0.00	2000
228	11.02	2074	2095	0.00	178	0	0	0	nan	0.00	0.00	4.13	84.62	88.98	0.00	39	0	42	0.00	0.00	64.67	7.75	0.00	0.00	2000
228	11.11	2070	2087	0.00	212	0	0	0	nan	0.00	0.00	4.07	84.26	88.89	0.00	39	0	42	0.00	0.00	64.80	7.91	0.00	0.00	2000
232	11.15	2059	2118	0.00	180	0	0	0	nan	0.00	0.00	5.33	84.27	88.85	0.00	39	0	42	0.00	0.00	65.23	7.98	0.00	0.00	2000
228	11.24	2042	2087	0.00	212	0	0	0	nan	0.00	0.00	4.57	83.73	88.76	0.00	40	0	42	0.00	0.00	64.50	7.84	0.00	0.00	2000
227	10.91	2072	2107	0.00	178	0	0	0	nan	0.00	0.02	4.83	84.63	89.09	0.00	40	0	42	0.00	0.00	64.77	7.93	0.00	0.00	2000
228	10.88	2083	2109	0.00	211	0	0	0	nan	0.00	0.02	4.12	85.38	89.12	0.00	40	0	42	0.00	0.00	64.77	7.94	0.00	0.00	2000
227	11.08	2074	2075	0.00	179	0	0	0	nan	0.00	0.02	4.06	83.83	88.92	0.00	39	0	42	0.00	0.00	61.58	7.54	0.00	0.00	2000
230	10.96	2073	2129	0.00	213	0	0	0	nan	0.00	0.00	5.07	85.26	89.04	0.00	40	0	42	0.00	0.00	67.75	8.13	0.00	0.00	2000
228	10.95	2100	2077	0.00	179	0	0	0	nan	0.00	0.00	3.63	84.50	89.05	0.00	40	0	42	0.00	0.00	62.20	7.39	0.00	0.00	2000
229	11.11	2050	2112	0.00	218	0	0	0	nan	0.00	0.00	4.94	84.57	88.89	0.00	39	0	42	0.00	0.00	67.23	8.45	0.00	0.00	2000
228	11.34	2009	2102	0.00	187	0	0	0	nan	0.00	0.00	5.08	83.79	88.66	0.00	39	0	42	0.00	0.00	64.58	8.04	0.00	0.00	2000
230	11.15	2074	2087	0.00	212	0	0	0	nan	0.00	0.00	4.28	84.12	88.85	0.00	39	0	42	0.00	0.00	61.75	7.52	0.00	0.00	2000
227	10.91	2069	2110	0.00	179	0	0	0	nan	0.00	0.00	4.91	84.69	89.09	0.00	40	0	42	0.00	0.00	67.98	8.21	0.00	0.00	2000
230	11.02	2086	2103	0.00	212	0	0	0	nan	0.00	0.00	4.20	84.87	88.98	0.00	40	0	42	0.00	0.00	64.86	7.86	0.00	0.00	2000
228	10.93	2111	2078	0.00	179	0	0	0	nan	0.00	0.00	4.31	83.82	89.07	0.00	40	0	42	0.00	0.00	61.92	7.38	0.00	0.00	2000
229	10.91	2073	2123	0.00	214	0	0	2	36.95	0.00	0.00	6.68	83.47	89.09	0.00	40	0	42	0.00	0.00	67.74	8.18	0.00	0.00	2000
227	11.06	2049	2101	1.68	179	0	0	11	21.23	0.01	0.00	4.19	84.90	88.94	0.00	40	0	42	0.00	0.00	64.54	7.87	0.00	0.00	2000
227	10.81	2103	2101	0.00	211	0	0	0	nan	0.00	0.00	3.88	85.46	89.19	0.00	40	0	42	0.00	0.00	64.40	7.85	0.00	0.00	2000
230	11.22	2075	2076	0.00	180	0	0	0	nan	0.00	0.00	3.74	84.07	88.78	0.00	40	0	42	0.00	0.00	61.84	7.59	0.00	0.00	2000
229	10.79	2113	2110	0.00	210	0	0	0	nan	0.00	0.00	4.47	85.16	89.21	0.00	39	0	42	0.00	0.00	62.41	7.99	0.00	0.00	2000
229	10.90	2092	2106	0.00	180	0	0	0	nan	0.00	0.00	5.05	84.40	89.10	0.00	39	0	42	0.00	0.00	67.66	7.89	0.00	0.00	2000
229	11.31	2017	2105	0.00	210	0	0	0	nan	0.00	0.00	4.11	84.89	88.69	0.00	40	0	42	0.00	0.00	62.83	7.48	0.00	0.00	2000
227	11.22	2045	2077	0.00	179	0	0	0	nan	0.00	0.00	4.26	83.55	88.78	0.00	39	0	42	0.00	0.00	64.25	7.82	0.00	0.00	2000
231	11.09	2055	2129	0.00	212	0	0	0	nan	0.00	0.00	5.41	84.84	88.91	0.00	39	0	42	0.00	0.00	67.18	8.23	0.00	0.00	2000
227	10.90	2101	2081	0.00	179	0	0	0	nan	0.00	0.00	4.02	84.40	89.10	0.00	40	0	42	0.00	0.00	64.76	7.92	0.00	0.00	2000
228	11.00	2075	2098	0.00	211	0	0	0	nan	0.00	0.00	4.64	84.32	89.00	0.00	40	0	42	0.00	0.00	62.52	7.45	0.00	0.00	2000
228	10.99	2060	2111	0.00	179	0	0	0	nan	0.00	0.00	4.61	84.86	89.01	0.00	40	0	42	0.00	0.00	64.52	7.73	0.00	0.00	2000
233	11.31	2071	2091	0.00	213	0	0	0	nan	0.00	0.00	4.56	83.80	88.69	0.00	39	0	42	0.00	0.00	65.24	8.00	0.00	0.00	2000
229	11.04	2077	2094	0.00	180	0	0	0	nan	0.00	0.00	5.31	83.41	88.96	0.00	39	0	42	0.00	0.00	65.08	8.00	0.00	0.00	2000
229	10.61	2132	2125	0.00	211	0	0	0	nan	0.00	0.00	4.87	85.66	89.39	0.00	39	0	42	0.00	0.00	67.04	8.32	0.00	0.00	2000
227	11.01	2077	2088	0.00	178	0	0	0	nan	0.00	0.00	3.64	84.95	88.99	0.00	39	0	42	0.00	0.00	64.96	7.68	0.00	0.00	2000
228	11.23	2037	2091	0.00	211	0	0	0	nan	0.00	0.00	3.88	84.61	88.77	0.00	39	0	42	0.00	0.00	62.11	7.98	0.00	0.00	2000
228	10.98	2083	2093	0.00	179	0	0	0	nan	0.00	0.00	4.72	84.07	89.02	0.00	39	0	42	0.00	0.00	64.41	8.03	0.00	0.00	2000
229	11.15	2026	2127	1.46	210	0	0	11	11.96	0.00	0.00	4.95	85.17	88.85	0.00	40	0	42	0.00	0.00	64.87	7.88	0.00	0.00	2000
228	11.18	2072	2072	0.24	180	0	0	0	nan	0.00	0.00	3.86	83.80	88.82	0.00	40	0	42	0.00	0.00	64.45	8.12	0.00	0.00	2000
231	10.97	2081	2127	0.00	213	0	0	0	nan	0.00	0.00	6.14	84.15	89.03	0.00	40	0	42	0.00	0.00	65.26	8.03	0.00	0.00	2000
228	10.96	2105	2074	0.00	180	0	0	0	nan	0.00	0.00	4.12	83.78	89.04	0.00	40	0	42	0.00	0.00	65.19	8.13	0.00	0.00	2000
230	10.83	2094	2125	0.00	211	0	0	0	nan	0.00	0.00	4.10	86.18	89.17	0.00	40	0	42	0.00	0.00	65.13	7.84	0.00	0.00	2000
227	10.80	2110	2093	0.00	179	0	0	0	nan	0.00	0.02	4.11	84.77	89.20	0.00	40	0	42	0.00	0.00	65.46	7.81	0.00	0.00	2000
230	11.03	2073	2109	0.00	211	0	0	0	nan	0.00	0.00	3.99	85.45	88.97	0.00	40	0	42	0.00	0.00	64.92	7.90	0.00	0.00	2000
228	11.10	2058	2092	0.00	178	0	0	0	nan	0.00	0.00	3.75	84.97	88.90	0.00	40	0	42	0.00	0.00	64.92	7.86	0.00	0.00	2000
228	11.25	2038	2090	0.00	213	0	0	0	nan	0.00	0.00	3.90	84.41	88.75	0.00	40	0	42	0.00	0.00	64.81	8.01	0.00	0.00	2000
228	11.07	2050	2107	0.00	178	0	0	0	nan	0.00	0.00	4.97	84.31	88.93	0.00	40	0	42	0.00	0.00	65.18	7.80	0.00	0.00	2000
228	11.50	1981	2098	0.00	211	0	0	0	nan	0.00	0.00	4.06	84.51	88.50	0.00	40	0	42	0.00	0.00	64.84	7.97	0.00	0.00	2000
229	11.30	2040	2085	0.00	179	0	0	0	nan	0.00	0.00	5.04	83.20	88.70	0.00	40	0	42	0.00	0.00	64.75	7.61	0.00	0.00	2000
229	10.92	2074	2121	0.00	211	0	0	0	nan	0.00	0.00	5.44	84.56	89.08	0.00	40	0	42	0.00	0.00	65.17	7.90	0.00	0.00	2000
232	11.33	2067	2079	0.00	194	0	0	0	nan	0.00	0.00	7.46	80.40	88.68	0.00	40	0	42	0.00	0.00	64.78	8.04	0.00	0.00	2000
229	11.10	2036	2129	0.00	212	0	0	0	nan	0.00	0.00	4.94	85.35	88.90	0.00	39	0	42	0.00	0.00	64.57	7.99	0.00	0.00	2000
227	10.90	2095	2092	0.00	178	0	0	0	nan	0.00	0.00	3.88	84.92	89.10	0.00	39	0	42	0.00	0.00	64.49	7.91	0.00	0.00	2000
229	11.77	1959	2086	0.00	213	0	0	0	nan	0.00	0.00	4.66	83.13	88.23	0.00	39	0	42	0.00	0.00	64.36	7.71	0.00	0.00	2000
227	11.01	2069	2094	1.08	178	0	0	11	14.47	0.00	0.00	4.68	84.17	88.99	0.00	40	0	42	0.00	0.00	64.97	8.02	0.00	0.00	2000
228	11.06	2042	2124	0.64	211	0	0	0	nan	0.00	0.00	4.54	85.63	88.94	0.00	39	0	42	0.00	0.00	64.29	7.91	0.00	0.00	2000
229	11.05	2091	2080	0.00	178	0	0	0	nan	0.00	0.00	3.76	84.50	88.95	0.00	40	0	42	0.00	0.00	64.75	8.04	0.00	0.00	2000
228	11.11	2022	2134	0.00	211	0	0	0	nan	0.00	0.00	5.67	84.80	88.89	0.00	40	0	42	0.00	0.00	65.47	8.09	0.00	0.00	2000
226	11.25	2060	2052	0.00	178	0	0	0	nan	0.00	0.02	2.64	84.11	88.75	0.00	40	0	42	0.00	0.00	63.38	7.69	0.00	0.00	2000
231	11.09	2041	2145	0.00	211	0	0	0	nan	0.00	0.00	4.40	86.51	88.91	0.00	40	0	42	0.00	0.00	64.77	7.92	0.00	0.00	2000
228	11.19	2056	2084	0.00	182	0	0	0	nan	0.00	0.01	3.72	84.45	88.81	0.00	40	0	42	0.00	0.00	62.53	7.83	0.00	0.00	2000
236	11.60	2045	2091	0.00	212	0	0	0	nan	0.00	0.00	4.87	83.16	88.40	0.00	40	0	42	0.00	0.00	67.69	7.77	0.00	0.00	2000
227	11.15	2023	2111	0.00	178	0	0	0	nan	0.00	0.00	4.94	84.51	88.85	0.00	40	0	42	0.00	0.00	64.50	8.03	0.00	0.00	2000
229	11.00	2071	2106	0.00	211	0	0	0	nan	0.00	0.00	4.09	85.15	89.00	0.00	40	0	42	0.00	0.00	65.26	7.87	0.00	0.00	2000
229	11.24	2054	2085	0.00	179	0	0	0	nan	0.00	0.00	3.95	84.26	88.76	0.00	40	0	42	0.00	0.00	64.76	7.93	0.00	0.00	2000
228	10.97	2082	2100	0.00	212	0	0	0	nan	0.00	0.00	4.94	84.13	89.03	0.00	40	0	42	0.00	0.00	64.72	7.89	0.00	0.00	2000
229	11.32	2028	2099	0.00	182	0	0	0	nan	0.00	0.00	5.74	82.99	88.68	0.00	40	0	42	0.00	0.00	64.96	7.85	0.00	0.00	2000
228	10.94	2085	2102	0.00	211	0	0	0	nan	0.00	0.02	5.00	84.24	89.06	0.00	40	0	42	0.00	0.00	64.82	8.01	0.00	0.00	2000
226	10.93	2060	2112	0.00	178	0	0	0	nan	0.00	0.00	4.13	85.56	89.07	0.00	40	0	42	0.00	0.00	64.91	7.90	0.00	0.00	2000
229	11.32	2038	2082	0.00	212	0	0	0	nan	0.00	0.00	4.17	83.82	88.68	0.00	40	0	42	0.00	0.00	64.35	7.67	0.00	0.00	2000
228	11.07	2065	2095	0.00	180	0	0	0	nan	0.00	0.00	5.03	83.71	88.93	0.00	40	0	42	0.00	0.00	65.11	7.83	0.00	0.00	2000
228	10.98	2050	2125	0.67	210	0	0	10	19.62	0.00	0.00	4.83	85.42	89.02	0.00	39	0	42	0.00	0.00	64.77	7.72	0.00	0.00	2000
228	11.07	2081	2074	1.03	178	0	0	3	53.31	0.00	0.00	4.11	83.77	88.93	0.00	40	0	42	0.00	0.00	64.89	7.86	0.00	0.00	2000
230	11.11	2040	2127	0.00	210	0	0	0	nan	0.00	0.00	4.89	85.28	88.89	0.00	40	0	42	0.00	0.00	64.75	7.76	0.00	0.00	2000
230	11.41	2019	2093	0.00	181	0	0	0	nan	0.00	0.00	4.89	83.45	88.59	0.00	39	0	42	0.00	0.00	64.81	7.87	0.00	0.00	2000
228	11.33	2012	2103	0.00	211	0	0	0	nan	0.00	0.00	3.89	84.97	88.67	0.00	40	0	42	0.00	0.00	64.65	7.96	0.00	0.00	2000
229	10.85	2113	2092	0.00	179	0	0	0	nan	0.00	0.00	4.15	84.61	89.15	0.00	40	0	42	0.00	0.00	65.12	7.83	0.00	0.00	2000
228	11.21	2031	2106	0.00	211	0	0	0	nan	0.00	0.00	4.22	84.94	88.79	0.00	40	0	42	0.00	0.00	64.61	8.03	0.00	0.00	2000
228	11.03	2060	2105	0.00	180	0	0	0	nan	0.00	0.02	4.35	84.90	88.97	0.00	40	0	42	0.00	0.00	65.16	7.86	0.00	0.00	2000
230	11.43	2007	2103	0.00	196	0	0	0	nan	0.00	0.00	3.58	85.15	88.57	0.00	40	0	42	0.00	0.00	64.31	7.99	0.00	0.00	2000
227	11.08	2065	2087	0.00	197	0	0	0	nan	0.00	0.00	4.84	83.70	88.92	0.00	40	0	42	0.00	0.00	64.79	7.81	0.00	0.00	2000
229	11.23	2029	2109	0.00	211	0	0	0	nan	0.00	0.00	4.22	85.01	88.77	0.00	40	0	42	0.00	0.00	64.90	7.76	0.00	0.00	2000
227	11.10	2055	2092	0.00	180	0	0	0	nan	0.00	0.03	3.40	85.25	88.90	0.00	40	0	42	0.00	0.00	64.43	7.76	0.00	0.00	2000
228	11.11	2058	2094	0.00	211	0	0	0	nan	0.00	0.00	4.14	84.53	88.89	0.00	39	0	42	0.00	0.00	65.39	7.95	0.00	0.00	2000
228	11.06	2051	2111	0.00	178	0	0	0	nan	0.00	0.00	4.47	85.11	88.94	0.00	40	0	42	0.00	0.00	64.71	7.89	0.00	0.00	2000
232	11.22	2055	2110	0.00	213	0	0	0	nan	0.00	0.00	4.05	85.11	88.78	0.00	40	0	42	0.00	0.00	64.58	7.98	0.00	0.00	2000
227	11.08	2063	2088	0.00	178	0	0	0	nan	0.00	0.00	3.66	84.80	88.92	0.00	40	0	42	0.00	0.00	65.26	7.76	0.00	0.00	2000
228	11.09	2056	2104	0.00	211	0	0	0	nan	0.00	0.00	4.80	84.23	88.91	0.00	40	0	42	0.00	0.00	64.58	7.91	0.00	0.00	2000
227	10.91	2091	2093	0.20	179	0	0	7	19.50	0.00	0.00	4.11	84.68	89.09	0.00	40	0	42	0.00	0.00	64.92	7.85	0.00	0.00	2000
229	11.23	2030	2105	1.44	212	0	0	5	35.32	0.00	0.00	4.09	84.97	88.77	0.00	40	0	42	0.00	0.00	64.81	7.90	0.00	0.00	2000
231	11.11	2101	2080	0.00	181	0	0	0	nan	0.00	0.00	3.79	84.28	88.89	0.00	40	0	42	0.00	0.00	64.90	7.96	0.00	0.00	2000
228	10.91	2071	2123	0.00	210	0	0	0	nan	0.00	0.00	4.51	85.70	89.09	0.00	40	0	42	0.00	0.00	65.01	8.04	0.00	0.00	2000
227	10.96	2077	2096	0.00	178	0	0	0	nan	0.00	0.00	3.80	85.12	89.04	0.00	40	0	42	0.00	0.00	64.64	7.94	0.00	0.00	2000
228	11.11	2063	2089	0.00	210	0	0	0	nan	0.00	0.00	3.86	84.56	88.89	0.00	40	0	42	0.00	0.00	64.95	7.96	0.00	0.00	2000
228	11.26	2035	2089	0.00	178	0	0	0	nan	0.00	0.00	4.85	83.55	88.74	0.00	40	0	42	0.00	0.00	61.97	7.70	0.00	0.00	2000
230	11.13	2036	2132	0.00	212	0	0	0	nan	0.00	0.00	5.43	84.91	88.87	0.00	40	0	42	0.00	0.00	67.21	8.11	0.00	0.00	2000
227	11.29	2023	2091	0.00	178	0	0	0	nan	0.00	0.00	3.66	84.77	88.71	0.00	39	0	42	0.00	0.00	64.62	8.08	0.00	0.00	2000
229	11.22	2038	2100	0.00	212	0	0	0	nan	0.00	0.00	3.71	85.19	88.78	0.00	39	0	42	0.00	0.00	65.07	7.82	0.00	0.00	2000
227	11.25	2042	2077	0.00	178	0	0	0	nan	0.00	0.00	4.15	83.67	88.75	0.00	40	0	42	0.00	0.00	62.37	7.64	0.00	0.00	2000
230	11.03	2061	2121	0.00	212	0	0	0	nan	0.00	0.00	4.97	84.95	88.97	0.00	40	0	42	0.00	0.00	68.33	8.25	0.00	0.00	2000
230	10.92	2125	2080	0.00	181	0	0	0	nan	0.00	0.02	5.23	83.04	89.08	0.00	40	0	42	0.00	0.00	61.66	7.57	0.00	0.00	2000
228	10.94	2071	2117	0.00	212	0	0	0	nan	0.00	0.00	4.27	85.58	89.06	0.00	39	0	42	0.00	0.00	68.03	8.13	0.00	0.00	2000
227	11.21	2021	2104	0.00	179	0	0	0	nan	0.00	0.00	3.79	85.28	88.79	0.00	40	0	42	0.00	0.00	64.63	7.80	0.00	0.00	2000
228	11.22	2033	2100	0.00	212	0	0	0	nan	0.00	0.00	4.30	84.49	88.78	0.00	40	0	42	0.00	0.00	64.77	7.73	0.00	0.00	2000
227	11.19	2017	2113	0.00	178	0	0	0	nan	0.00	0.00	4.35	85.10	88.81	0.00	40	0	42	0.00	0.00	65.42	7.98	0.00	0.00	2000
228	11.18	2045	2096	0.00	194	0	0	5	31.43	0.00	0.02	2.76	85.98	88.82	0.00	40	0	42	0.00	0.00	64.35	7.81	0.00	0.00	2000
231	11.16	2074	2092	0.73	196	0	0	10	21.82	0.00	0.00	3.27	85.25	88.84	0.00	39	0	42	0.00	0.00	64.82	7.84	0.00	0.00	2000
228	11.08	2056	2105	0.00	212	0	0	0	nan	0.00	0.00	4.60	84.63	88.92	0.00	39	0	42	0.00	0.00	64.71	7.79	0.00	0.00	2000
227	10.99	2078	2090	0.00	179	0	0	0	nan	0.00	0.00	4.00	84.61	89.01	0.00	40	0	42	0.00	0.00	60.05	7.17	0.00	0.00	2000
229	10.91	2079	2116	0.00	213	0	0	0	nan	0.00	0.00	4.13	85.63	89.09	0.00	40	0	42	0.00	0.00	70.17	8.43	0.00	0.00	2000
228	11.18	2065	2070	0.00	178	0	0	0	nan	0.00	0.02	3.59	84.01	88.82	0.00	40	0	42	0.00	0.00	59.20	7.19	0.00	0.00	2000
232	10.81	2141	2106	0.00	214	0	0	0	nan	0.00	0.00	5.65	83.82	89.19	0.00	40	0	42	0.00	0.00	67.82	8.25	0.00	0.00	2000
227	10.93	2064	2112	0.00	178	0	0	0	nan	0.00	0.00	4.97	84.72	89.07	0.00	40	0	42	0.00	0.00	65.94	7.95	0.00	0.00	2000
228	11.08	2057	2099	0.00	212	0	0	0	nan	0.00	0.00	3.94	85.04	88.92	0.00	40	0	42	0.00	0.00	64.82	7.83	0.00	0.00	2000
228	10.89	2088	2102	0.00	178	0	0	0	nan	0.00	0.02	4.00	85.23	89.11	0.00	40	0	42	0.00	0.00	65.02	7.77	0.00	0.00	2000
234	11.51	2052	2082	0.00	214	0	0	0	nan	0.00	0.00	4.62	83.21	88.49	0.00	40	0	42	0.00	0.00	61.67	7.45	0.00	0.00	2000
230	11.05	2074	2106	0.00	178	0	0	0	nan	0.00	0.00	4.96	84.33	88.95	0.00	40	0	42	0.00	0.00	65.53	7.80	0.00	0.00	2000
228	10.80	2115	2096	0.00	211	0	0	0	nan	0.00	0.00	4.18	84.77	89.20	0.00	40	0	42	0.00	0.00	64.33	7.86	0.00	0.00	2000
228	10.73	2134	2095	0.00	179	0	0	0	nan	0.00	0.00	5.02	83.98	89.27	0.00	40	0	42	0.00	0.00	65.27	7.93	0.00	0.00	2000
229	10.93	2091	2106	0.00	210	0	0	0	nan	0.00	0.00	4.94	84.45	89.07	0.00	39	0	41	0.00	0.00	64.78	8.03	0.00	0.00	2000
229	10.88	2089	2114	0.00	179	0	0	0	nan	0.00	0.00	5.51	84.24	89.12	0.00	40	0	42	0.00	0.00	65.07	7.75	0.00	0.00	2000
231	11.31	2043	2102	0.00	214	0	0	0	nan	0.00	0.00	5.91	82.94	88.70	0.00	40	0	42	0.00	0.00	65.21	7.81	0.00	0.00	2000
227	10.98	2073	2091	0.00	179	0	0	2	38.70	0.00	0.00	4.10	84.53	89.02	0.00	40	0	42	0.00	0.00	64.82	8.03	0.00	0.00	2000
230	11.17	2057	2103	1.66	212	0	0	11	22.91	0.00	0.00	4.14	84.85	88.83	0.00	40	0	42	0.00	0.00	65.15	7.85	0.00	0.00	2000
228	10.90	2089	2103	0.00	179	0	0	0	nan	0.00	0.00	5.04	84.22	89.10	0.00	40	0	42	0.00	0.00	65.02	7.83	0.00	0.00	2000
232	10.98	2107	2104	0.00	215	0	0	0	nan	0.00	0.00	4.24	84.91	89.02	0.00	40	0	42	0.00	0.00	64.68	7.96	0.00	0.00	2000
230	11.15	2055	2103	0.00	179	0	0	0	nan	0.00	0.00	4.10	84.98	88.85	0.00	40	0	42	0.00	0.00	65.17	7.85	0.00	0.00	2000
229	11.18	2058	2089	0.00	210	0	0	0	nan	0.00	0.00	3.73	84.69	88.82	0.00	40	0	42	0.00	0.00	64.69	7.98	0.00	0.00	2000
227	10.98	2067	2101	0.00	178	0	0	0	nan	0.00	0.00	4.57	84.56	89.02	0.00	40	0	42	0.00	0.00	65.36	7.85	0.00	0.00	2000
228	10.84	2103	2101	0.00	211	0	0	0	nan	0.00	0.00	3.78	85.35	89.16	0.00	40	0	42	0.00	0.00	65.04	7.69	0.00	0.00	2000
227	11.14	2038	2103	0.00	179	0	0	0	nan	0.00	0.00	4.41	84.62	88.86	0.00	40	0	42	0.00	0.00	64.75	7.89	0.00	0.00	2000
230	11.26	2030	2113	0.00	212	0	0	0	nan	0.00	0.00	3.99	85.43	88.74	0.00	40	0	42	0.00	0.00	64.53	7.75	0.00	0.00	2000
228	11.47	2020	2069	0.00	181	0	0	0	nan	0.00	0.00	3.70	83.75	88.53	0.00	40	0	42	0.00	0.00	64.79	8.01	0.00	0.00	2000
228	11.09	2045	2114	0.00	212	0	0	0	nan	0.00	0.00	4.77	84.84	88.91	0.00	40	0	42	0.00	0.00	64.48	7.76	0.00	0.00	2000
227	11.24	2022	2100	0.00	179	0	0	0	nan	0.00	0.00	4.50	84.36	88.76	0.00	40	0	42	0.00	0.00	64.86	7.90	0.00	0.00	2000
228	11.25	2034	2091	0.00	211	0	0	0	nan	0.00	0.00	4.04	84.49	88.75	0.00	40	0	42	0.00	0.00	64.66	7.95	0.00	0.00	2000
227	11.34	1992	2110	0.00	179	0	0	0	nan	0.00	0.00	5.00	84.28	88.66	0.00	40	0	42	0.00	0.00	64.57	7.92	0.00	0.00	2000
230	11.32	2014	2115	0.00	213	0	0	0	nan	0.00	0.00	4.07	85.34	88.68	0.00	40	0	42	0.00	0.00	64.67	7.93	0.00	0.00	2000
227	11.25	2032	2084	0.00	179	0	0	0	nan	0.00	0.02	3.33	84.88	88.75	0.00	39	0	42	0.00	0.00	64.98	7.85	0.00	0.00	2000
227	11.06	2047	2107	0.00	211	0	0	0	nan	0.00	0.00	4.12	85.17	88.94	0.00	40	0	42	0.00	0.00	64.73	8.08	0.00	0.00	2000
228	11.26	2032	2096	1.48	177	0	0	11	15.90	0.00	0.00	4.13	84.48	88.74	0.00	40	0	42	0.00	0.00	64.96	7.81	0.00	0.00	2000
228	11.27	2021	2105	0.24	215	0	0	0	nan	0.00	0.00	5.47	83.59	88.73	0.00	40	0	42	0.00	0.00	64.57	7.89	0.00	0.00	2000
229	11.30	2053	2078	0.00	181	0	0	0	nan	0.00	0.00	4.50	83.37	88.70	0.00	39	0	42	0.00	0.00	64.94	7.99	0.00	0.00	2000
228	10.93	2070	2119	0.00	211	0	0	0	nan	0.00	0.00	4.39	85.58	89.07	0.00	40	0	42	0.00	0.00	64.66	7.69	0.00	0.00	2000
228	11.37	2017	2088	0.00	179	0	0	0	nan	0.00	0.00	4.12	84.11	88.63	0.00	40	0	42	0.00	0.00	64.85	7.84	0.00	0.00	2000
229	11.24	2039	2094	0.00	212	0	0	0	nan	0.00	0.00	4.48	84.09	88.76	0.00	40	0	42	0.00	0.00	64.24	7.69	0.00	0.00	2000
239	11.44	2071	2118	0.00	179	0	0	0	nan	0.00	0.00	5.03	84.33	88.56	0.00	40	0	42	0.00	0.00	65.48	7.77	0.00	0.00	2000
232	11.05	2113	2085	0.00	212	0	0	0	nan	0.00	0.00	4.47	83.88	88.95	0.00	40	0	42	0.00	0.00	65.14	7.70	0.00	0.00	2000
227	10.87	2093	2098	0.00	178	0	0	0	nan	0.00	0.00	5.03	84.16	89.13	0.00	40	0	42	0.00	0.00	64.74	7.75	0.00	0.00	2000
228	10.87	2087	2114	0.00	213	0	0	0	nan	0.00	0.00	5.22	84.53	89.13	0.00	40	0	42	0.00	0.00	62.57	7.80	0.00	0.00	2000
228	11.02	2073	2101	0.00	182	0	0	0	nan	0.00	0.03	4.27	84.84	88.98	0.00	40	0	42	0.00	0.00	66.99	7.65	0.00	0.00	2000
228	11.22	2043	2091	0.00	212	0	0	0	nan	0.00	0.00	3.39	85.11	88.78	0.00	40	0	42	0.00	0.00	64.56	7.87	0.00	0.00	2000
228	11.25	2006	2123	0.00	177	0	0	0	nan	0.00	0.00	4.38	85.42	88.75	0.00	39	0	42	0.00	0.00	64.48	7.85	0.00	0.00	2000
229	11.20	2056	2089	0.00	214	0	0	0	nan	0.00	0.00	4.24	84.20	88.80	0.00	40	0	42	0.00	0.00	64.43	7.68	0.00	0.00	2000
228	11.18	2057	2078	0.00	178	0	0	0	nan	0.00	0.00	4.23	83.70	88.82	0.00	40	0	42	0.00	0.00	65.17	7.89	0.00	0.00	2000
229	10.91	2087	2108	0.00	210	0	0	0	nan	0.00	0.00	4.98	84.49	89.09	0.00	40	0	42	0.00	0.00	64.76	7.84	0.00	0.00	2000
227	11.05	2053	2107	0.00	179	0	0	0	nan	0.00	0.00	4.93	84.42	88.95	0.00	40	0	42	0.00	0.00	64.82	7.82	0.00	0.00	2000
226	11.42	2047	2028	1.18	213	0	0	10	17.00	0.00	0.00	4.29	81.39	88.58	0.00	40	0	42	0.00	0.00	59.45	7.24	0.00	0.00	2000
231	11.01	2014	2184	0.44	195	0	0	0	nan	0.00	0.00	3.41	89.25	88.99	0.00	40	0	42	0.00	0.00	69.98	8.57	0.00	0.00	2000
229	11.03	2071	2101	0.00	212	0	0	0	nan	0.00	0.00	3.84	85.33	88.97	0.00	40	0	42	0.00	0.00	64.53	7.99	0.00	0.00	2000
227	11.08	2068	2079	0.00	178	0	0	0	nan	0.00	0.00	4.31	83.76	88.92	0.00	40	0	42	0.00	0.00	64.58	7.84	0.00	0.00	2000
229	10.76	2116	2108	0.00	213	0	0	0	nan	0.00	0.00	5.48	84.13	89.24	0.00	40	0	42	0.00	0.00	64.98	7.90	0.00	0.00	2000
231	10.98	2079	2128	0.00	180	0	0	0	nan	0.00	0.00	5.28	85.02	89.02	0.00	40	0	42	0.00	0.00	64.59	7.73	0.00	0.00	2000
228	11.03	2083	2085	0.00	211	0	0	0	nan	0.00	0.00	3.28	85.05	88.97	0.00	40	0	42	0.00	0.00	65.21	7.87	0.00	0.00	2000
228	11.07	2081	2078	0.00	178	0	0	0	nan	0.00	0.00	4.43	83.58	88.93	0.00	39	0	42	0.00	0.00	64.51	7.87	0.00	0.00	2000
229	10.94	2064	2132	0.00	211	0	0	0	nan	0.00	0.00	5.50	85.03	89.06	0.00	39	0	42	0.00	0.00	64.79	7.95	0.00	0.00	2000
227	11.14	2050	2087	0.00	178	0	0	0	nan	0.00	0.02	4.18	84.23	88.86	0.00	39	0	42	0.00	0.00	64.61	7.92	0.00	0.00	2000
229	11.24	2032	2103	0.00	211	0	0	0	nan	0.00	0.00	4.09	84.92	88.76	0.00	40	0	42	0.00	0.00	64.82	7.92	0.00	0.00	2000
229	11.15	2050	2100	0.00	179	0	0	0	nan	0.00	0.01	4.46	84.37	88.85	0.00	40	0	42	0.00	0.00	64.94	7.83	0.00	0.00	2000
229	11.00	2084	2097	0.00	210	0	0	0	nan	0.00	0.00	3.82	85.19	89.00	0.00	40	0	42	0.00	0.00	64.68	7.81	0.00	0.00	2000
227	10.93	2080	2101	0.00	179	0	0	0	nan	0.00	0.00	4.87	84.30	89.07	0.00	40	0	42	0.00	0.00	64.59	7.71	0.00	0.00	2000
229	11.04	2086	2086	0.00	211	0	0	0	nan	0.00	0.00	4.32	84.01	88.96	0.00	39	0	42	0.00	0.00	64.82	7.71	0.00	0.00	2000
228	10.89	2075	2117	0.00	178	0	0	0	nan	0.00	0.00	5.01	84.93	89.11	0.00	40	0	42	0.00	0.00	65.05	7.87	0.00	0.00	2000
232	11.18	2086	2086	0.00	211	0	0	0	nan	0.00	0.00	4.18	84.18	88.82	0.00	40	0	42	0.00	0.00	64.62	7.82	0.00	0.00	2000
227	11.08	2037	2111	0.89	179	0	0	11	16.02	0.00	0.00	5.84	83.60	88.92	0.00	40	0	42	0.00	0.00	64.42	7.75	0.00	0.00	2000
229	11.05	2063	2108	0.84	211	0	0	0	89.06	0.00	0.00	3.54	85.83	88.95	0.00	40	0	42	0.00	0.00	64.71	7.89	0.00	0.00	2000
228	11.03	2080	2086	0.00	178	0	0	0	nan	0.00	0.00	4.08	84.39	88.97	0.00	40	0	42	0.00	0.00	64.91	7.83	0.00	0.00	2000
228	10.91	2077	2117	0.00	211	0	0	0	nan	0.00	0.00	4.41	85.46	89.09	0.00	40	0	42	0.00	0.00	64.81	7.73	0.00	0.00	2000
230	11.19	2087	2069	0.00	180	0	0	0	nan	0.00	0.00	4.16	83.37	88.81	0.00	40	0	42	0.00	0.00	64.58	7.78	0.00	0.00	2000
230	11.04	2057	2124	0.00	210	0	0	0	nan	0.00	0.00	4.77	85.26	88.96	0.00	40	0	42	0.00	0.00	65.22	7.89	0.00	0.00	2000
228	10.96	2085	2095	0.00	178	0	0	0	nan	0.00	0.00	4.70	84.12	89.04	0.00	40	0	42	0.00	0.00	64.87	7.90	0.00	0.00	2000
229	10.93	2111	2087	0.00	211	0	0	0	nan	0.00	0.00	4.00	84.51	89.07	0.00	39	0	42	0.00	0.00	65.50	7.84	0.00	0.00	2000
229	10.92	2099	2094	0.00	182	0	0	0	nan	0.00	0.00	6.73	82.17	89.08	0.00	40	0	42	0.00	0.00	61.81	7.43	0.00	0.00	2000
231	10.94	2105	2109	0.00	212	0	0	0	nan	0.00	0.00	5.72	83.82	89.06	0.00	40	0	42	0.00	0.00	68.04	8.12	0.00	0.00	2000
228	10.81	2111	2097	0.00	178	0	0	0	nan	0.00	0.00	5.01	84.04	89.19	0.00	40	0	42	0.00	0.00	64.83	7.71	0.00	0.00	2000
229	11.09	2050	2118	0.00	211	0	0	0	nan	0.00	0.00	4.33	85.46	88.91	0.00	40	0	42	0.00	0.00	64.83	8.32	0.00	0.00	2000
227	11.10	2072	2076	0.00	179	0	0	0	nan	0.00	0.01	3.79	84.05	88.90	0.00	40	0	42	0.00	0.00	61.81	7.68	0.00	0.00	2000
228	10.95	2062	2121	0.00	210	0	0	0	nan	0.00	0.00	4.50	85.52	89.05	0.00	40	0	42	0.00	0.00	67.61	8.26	0.00	0.00	2000
229	11.03	2089	2087	0.00	177	0	0	0	nan	0.00	0.00	3.92	84.46	88.97	0.00	40	0	42	0.00	0.00	64.62	8.02	0.00	0.00	2000
229	10.84	2086	2127	0.00	211	0	0	0	nan	0.00	0.00	4.86	85.36	89.16	0.00	39	0	42	0.00	0.00	65.35	8.02	0.00	0.00	2000
229	11.12	2070	2085	0.00	178	0	0	0	nan	0.00	0.00	3.60	84.72	88.88	0.00	40	0	42	0.00	0.00	64.61	7.77	0.00	0.00	2000
228	10.88	2088	2108	0.42	212	0	0	9	21.07	0.00	0.00	4.23	85.21	89.12	0.00	40	0	42	0.00	0.00	63.22	7.84	0.00	0.00	2000
228	11.11	2071	2080	1.24	179	0	0	4	39.03	0.00	0.00	4.02	84.14	88.89	0.00	40	0	42	0.00	0.00	61.69	7.14	0.00	0.00	2000
228	10.92	2072	2120	0.00	211	0	0	0	nan	0.00	0.00	4.66	85.39	89.08	0.00	39	0	42	0.00	0.00	67.96	8.25	0.00	0.00	2000
230	11.13	2071	2093	0.00	179	0	0	0	nan	0.00	0.00	3.82	84.89	88.87	0.00	40	0	42	0.00	0.00	64.53	7.66	0.00	0.00	2000
229	11.03	2072	2102	0.00	212	0	0	0	nan	0.01	0.00	3.95	85.10	88.97	0.00	40	0	42	0.00	0.00	65.50	7.76	0.00	0.00	2000
228	11.01	2093	2078	0.00	178	0	0	0	nan	0.01	0.00	4.12	83.88	88.99	0.00	40	0	42	0.00	0.00	61.17	7.48	0.00	0.00	2000
230	10.67	2132	2125	0.00	210	0	0	0	nan	0.00	0.00	4.89	85.52	89.33	0.00	40	0	42	0.00	0.00	68.41	8.21	0.00	0.00	2000
234	11.34	2085	2075	0.00	182	1	0	0	nan	0.00	0.01	4.32	83.26	88.66	0.00	40	0	42	0.00	0.00	62.33	7.59	0.00	0.00	2000
231	11.38	2015	2113	0.00	212	0	0	0	nan	0.00	0.00	5.29	84.00	88.62	0.00	40	0	42	0.00	0.00	64.69	7.76	0.00	0.00	2000
227	10.94	2070	2107	0.00	178	0	0	0	nan	0.00	0.00	4.75	84.58	89.06	0.00	39	0	42	0.00	0.00	68.40	8.16	0.00	0.00	2000
228	10.95	2076	2104	0.00	211	0	0	0	nan	0.00	0.00	3.99	85.22	89.05	0.00	39	0	42	0.00	0.00	64.57	7.80	0.00	0.00	2000
228	11.14	2068	2075	0.00	178	0	0	0	nan	0.00	0.00	4.45	83.40	88.86	0.00	40	0	42	0.00	0.00	62.02	7.53	0.00	0.00	2000
230	10.81	2103	2127	0.00	215	0	0	0	nan	0.00	0.00	6.15	84.16	89.19	0.00	40	0	42	0.00	0.00	68.73	8.23	0.00	0.00	2000
230	11.09	2095	2078	0.00	179	0	0	0	nan	0.00	0.00	4.40	83.60	88.91	0.00	40	0	42	0.00	0.00	62.21	7.61	0.00	0.00	2000
228	11.16	2016	2129	0.00	210	0	0	0	nan	0.00	0.00	4.71	85.41	88.84	0.00	40	0	42	0.00	0.00	67.59	8.37	0.00	0.00	2000
228	11.00	2099	2070	0.00	178	0	0	0	nan	0.00	0.02	3.72	84.06	89.00	0.00	40	0	42	0.00	0.00	62.35	7.76	0.00	0.00	2000
230	11.03	2078	2108	0.00	212	0	0	0	nan	0.00	0.00	5.23	84.10	88.97	0.00	40	0	42	0.00	0.00	64.92	7.98	0.00	0.00	2000
227	10.77	2103	2106	0.00	178	0	0	6	25.57	0.00	0.00	5.42	84.04	89.23	0.00	40	0	42	0.00	0.00	65.10	7.97	0.00	0.00	2000
230	11.26	2032	2114	1.53	212	0	0	7	32.25	0.00	0.00	3.78	85.62	88.74	0.00	40	0	42	0.00	0.00	67.66	8.10	0.00	0.00	2000
228	10.96	2102	2076	0.00	178	0	0	0	nan	0.00	0.00	3.53	84.63	89.04	0.00	40	0	42	0.00	0.00	62.14	7.54	0.00	0.00	2000
228	10.97	2062	2117	0.00	211	0	0	0	nan	0.00	0.00	5.08	84.70	89.03	0.00	40	0	42	0.00	0.00	64.49	7.78	0.00	0.00	2000
227	10.97	2089	2081	0.00	178	0	0	0	nan	0.00	0.00	4.11	84.08	89.03	0.00	40	0	42	0.00	0.00	65.82	7.69	0.00	0.00	2000
229	10.52	2149	2129	0.00	211	0	0	0	nan	0.00	0.00	4.73	85.98	89.48	0.00	40	0	42	0.00	0.00	67.54	8.34	0.00	0.00	2000
227	11.09	2084	2065	0.00	178	0	0	0	nan	0.00	0.01	3.69	83.79	88.91	0.00	39	0	42	0.00	0.00	61.74	7.62	0.00	0.00	2000
231	11.25	2023	2127	0.00	212	0	0	0	nan	0.00	0.00	5.15	84.86	88.75	0.00	40	0	42	0.00	0.00	64.62	7.89	0.00	0.00	2000
227	11.16	2049	2087	0.00	179	0	0	0	nan	0.00	0.00	3.92	84.52	88.84	0.00	39	0	42	0.00	0.00	64.18	7.82	0.00	0.00	2000
228	11.27	2012	2109	0.00	211	0	0	0	nan	0.00	0.00	4.25	84.96	88.73	0.00	40	0	42	0.00	0.00	64.45	7.88	0.00	0.00	2000
227	10.99	2074	2094	0.00	179	0	0	0	nan	0.00	0.06	4.11	84.63	89.01	0.00	40	0	42	0.00	0.00	64.50	7.91	0.00	0.00	2000
228	11.01	2068	2104	0.00	211	0	0	0	nan	0.00	0.00	4.13	85.15	88.99	0.00	40	0	42	0.00	0.00	65.01	7.87	0.00	0.00	2000
229	11.26	2035	2100	0.00	180	0	0	0	nan	0.00	0.00	4.39	84.54	88.74	0.00	40	0	42	0.00	0.00	64.92	7.93	0.00	0.00	2000
232	11.71	1980	2103	0.00	227	0	0	0	nan	0.00	0.00	7.37	81.28	88.29	0.00	39	0	42	0.00	0.00	64.73	7.75	0.00	0.00	2000
227	11.25	2043	2076	0.00	178	0	0	0	nan	0.00	0.00	3.82	84.00	88.75	0.00	40	0	42	0.00	0.00	64.29	7.77	0.00	0.00	2000
229	11.34	2009	2109	0.00	211	0	0	0	nan	0.00	0.00	5.86	83.34	88.66	0.00	40	0	42	0.00	0.00	64.78	7.91	0.00	0.00	2000
229	11.15	2042	2111	0.00	180	0	0	0	nan	0.00	0.00	4.97	84.52	88.85	0.00	39	0	42	0.00	0.00	64.68	7.87	0.00	0.00	2000
230	11.19	2062	2091	0.00	212	0	0	4	36.38	0.00	0.00	4.78	83.66	88.81	0.00	40	0	42	0.00	0.00	64.52	7.73	0.00	0.00	2000
234	11.23	2083	2103	1.59	178	0	0	10	28.31	0.00	0.00	5.16	83.78	88.77	0.00	39	0	42	0.00	0.00	65.46	7.73	0.00	0.00	2000
229	11.13	2048	2107	0.00	211	0	0	0	nan	0.00	0.00	4.32	84.89	88.87	0.00	40	0	42	0.00	0.00	64.84	7.97	0.00	0.00	2000
227	11.21	2031	2098	0.00	179	0	0	0	nan	0.00	0.00	4.33	84.46	88.79	0.00	40	0	42	0.00	0.00	64.58	7.83	0.00	0.00	2000
228	11.06	2056	2108	0.00	211	0	0	0	nan	0.00	0.00	3.93	85.41	88.94	0.00	39	0	42	0.00	0.00	64.79	8.09	0.00	0.00	2000
230	11.10	2095	2072	0.00	179	0	0	0	nan	0.00	0.00	4.28	83.48	88.90	0.00	39	0	42	0.00	0.00	65.04	7.80	0.00	0.00	2000
230	11.23	2038	2112	0.00	210	0	0	0	nan	0.00	0.00	4.89	84.51	88.77	0.00	39	0	42	0.00	0.00	64.54	8.01	0.00	0.00	2000
228	10.84	2099	2104	0.00	179	0	0	0	nan	0.00	0.02	4.85	84.56	89.16	0.00	39	0	42	0.00	0.00	62.33	7.96	0.00	0.00	2000
229	10.81	2106	2117	0.00	214	0	0	0	nan	0.00	0.00	5.24	84.69	89.19	0.00	39	0	42	0.00	0.00	67.71	7.84	0.00	0.00	2000
227	11.00	2080	2085	0.00	179	0	0	0	nan	0.00	0.02	3.45	84.99	89.00	0.00	40	0	42	0.00	0.00	64.71	7.85	0.00	0.00	2000
226	11.39	2048	2036	0.00	211	0	0	0	nan	0.00	0.00	3.71	82.24	88.61	0.00	40	0	42	0.00	0.00	57.73	7.16	0.00	0.00	2000
230	10.84	2070	2153	0.00	196	0	0	0	nan	0.00	0.00	3.32	88.22	89.16	0.00	40	0	42	0.00	0.00	72.43	8.27	0.00	0.00	2000
228	11.07	2048	2109	0.00	210	0	0	0	nan	0.00	0.00	4.56	84.85	88.93	0.00	40	0	42	0.00	0.00	64.66	7.75	0.00	0.00	2000
227	11.14	2027	2111	0.00	178	0	0	0	nan	0.00	0.00	4.91	84.55	88.86	0.00	40	0	42	0.00	0.00	64.46	7.83	0.00	0.00	2000
228	10.99	2065	2106	0.00	211	0	0	0	nan	0.00	0.00	3.95	85.35	89.01	0.00	39	0	42	0.00	0.00	64.63	8.05	0.00	0.00	2000
231	11.06	2111	2073	0.00	179	0	0	0	nan	0.00	0.00	4.45	83.52	88.94	0.00	40	0	42	0.00	0.00	64.98	7.82	0.00	0.00	2000
229	10.85	2094	2122	0.00	212	0	0	0	nan	0.00	0.02	4.97	85.19	89.15	0.00	40	0	42	0.00	0.00	64.83	7.75	0.00	0.00	2000
226	11.32	1996	2100	0.00	178	0	0	2	37.79	0.00	0.00	4.29	84.55	88.68	0.00	40	0	42	0.00	0.00	64.19	7.94	0.00	0.00	2000
229	11.31	2027	2102	1.66	214	0	0	11	24.07	0.00	0.00	5.02	83.84	88.69	0.00	40	0	42	0.00	0.00	64.69	7.78	0.00	0.00	2000
228	11.06	2063	2099	0.00	179	0	0	0	nan	0.00	0.00	3.92	84.97	88.94	0.00	40	0	42	0.00	0.00	64.81	7.59	0.00	0.00	2000
232	11.27	2068	2087	0.00	213	0	0	0	nan	0.00	0.00	3.49	84.77	88.73	0.00	40	0	42	0.00	0.00	64.67	7.90	0.00	0.00	2000
227	11.20	2019	2111	0.00	177	0	0	0	nan	0.00	0.00	4.50	84.82	88.80	0.00	40	0	42	0.00	0.00	64.56	7.89	0.00	0.00	2000
229	11.22	2040	2102	0.00	211	0	0	0	nan	0.00	0.00	3.93	84.97	88.78	0.00	40	0	42	0.00	0.00	64.79	7.99	0.00	0.00	2000
229	11.07	2084	2079	0.00	178	0	0	0	nan	0.00	0.00	4.29	83.77	88.93	0.00	40	0	42	0.00	0.00	64.34	8.06	0.00	0.00	2000
229	10.96	2077	2108	0.00	211	0	0	0	nan	0.00	0.00	5.41	84.05	89.04	0.00	39	0	42	0.00	0.00	65.05	7.99	0.00	0.00	2000
228	11.01	2061	2107	0.00	178	0	0	0	nan	0.00	0.00	4.96	84.50	88.99	0.00	40	0	42	0.00	0.00	64.68	7.96	0.00	0.00	2000
231	11.43	2027	2092	0.00	212	0	0	0	nan	0.00	0.00	4.39	83.89	88.57	0.00	39	0	42	0.00	0.00	64.26	7.94	0.00	0.00	2000
227	10.96	2063	2112	0.00	178	0	0	0	nan	0.00	0.00	4.57	85.10	89.04	0.00	40	0	42	0.00	0.00	64.54	7.91	0.00	0.00	2000
228	11.01	2074	2100	0.00	212	0	0	0	nan	0.00	0.00	4.40	84.63	88.99	0.00	40	0	42	0.00	0.00	64.95	7.85	0.00	0.00	2000
228	10.94	2081	2101	0.00	178	0	0	0	nan	0.00	0.00	4.35	84.78	89.06	0.00	40	0	42	0.00	0.00	64.59	7.70	0.00	0.00	2000
228	11.06	2060	2106	0.00	211	0	0	0	nan	0.00	0.00	3.85	85.46	88.94	0.00	39	0	42	0.00	0.00	64.96	7.98	0.00	0.00	2000
230	10.87	2120	2092	0.00	179	0	0	0	nan	0.00	0.00	3.62	85.21	89.13	0.00	40	0	42	0.00	0.00	65.75	8.06	0.00	0.00	2000
230	11.24	2056	2095	0.00	195	0	0	0	nan	0.00	0.00	3.82	84.79	88.76	0.00	40	0	42	0.00	0.00	64.02	7.57	0.00	0.00	2000
227	11.40	2009	2085	0.00	193	0	0	0	nan	0.00	0.00	4.00	84.02	88.60	0.00	40	0	42	0.00	0.00	64.89	7.96	0.00	0.00	2000
228	11.09	2032	2127	0.00	210	0	0	0	nan	0.00	0.00	4.85	85.31	88.91	0.00	40	0	42	0.00	0.00	64.80	7.87	0.00	0.00	2000
227	11.01	2089	2072	1.47	178	0	0	11	12.47	0.00	0.00	4.06	83.78	88.99	0.00	39	0	42	0.00	0.00	64.62	7.87	0.00	0.00	2000
230	11.05	2063	2123	0.25	212	0	0	0	nan	0.00	0.00	5.52	84.46	88.95	0.00	39	0	42	0.00	0.00	65.56	7.72	0.00	0.00	2000
227	11.19	2061	2068	0.00	178	0	0	0	nan	0.00	0.02	3.87	83.69	88.81	0.00	40	0	42	0.00	0.00	58.69	7.21	0.00	0.00	2000
229	10.99	2048	2135	0.00	210	0	0	0	nan	0.00	0.00	3.58	87.02	89.01	0.00	40	0	42	0.00	0.00	70.19	8.45	0.00	0.00	2000
229	11.29	2051	2079	0.00	181	0	0	0	nan	0.00	0.00	5.02	82.79	88.71	0.00	40	0	42	0.00	0.00	64.86	7.80	0.00	0.00	2000
229	10.94	2080	2116	0.00	212	0	0	0	nan	0.00	0.00	5.48	84.36	89.06	0.00	39	0	42	0.00	0.00	64.58	7.90	0.00	0.00	2000
230	11.08	2092	2080	0.00	180	0	0	0	nan	0.00	0.00	5.18	83.01	88.92	0.00	39	0	42	0.00	0.00	64.18	7.94	0.00	0.00	2000
230	10.76	2126	2109	0.00	210	0	0	0	nan	0.00	0.02	5.03	84.59	89.24	0.00	40	0	42	0.00	0.00	65.13	7.82	0.00	0.00	2000
228	10.73	2113	2110	0.00	178	0	0	0	nan	0.00	0.00	4.66	85.10	89.27	0.00	40	0	42	0.00	0.00	64.83	7.90	0.00	0.00	2000
228	11.13	2046	2107	0.00	211	0	0	0	nan	0.00	0.00	4.37	84.83	88.87	0.00	40	0	42	0.00	0.00	64.45	7.66	0.00	0.00	2000
228	11.10	2056	2095	0.00	178	0	0	0	nan	0.00	0.00	4.44	84.16	88.90	0.00	40	0	42	0.00	0.00	64.53	7.64	0.00	0.00	2000
230	11.12	2068	2099	0.00	211	0	0	0	nan	0.00	0.00	3.92	84.94	88.88	0.00	40	0	42	0.00	0.00	64.54	7.70	0.00	0.00	2000
227	11.04	2079	2081	0.00	179	0	0	0	nan	0.00	0.00	4.48	83.64	88.96	0.00	40	0	42	0.00	0.00	61.89	7.35	0.00	0.00	2000
229	11.06	2063	2109	0.00	211	0	0	0	nan	0.00	0.00	4.88	84.49	88.94	0.00	40	0	42	0.00	0.00	67.43	8.00	0.00	0.00	2000
229	10.79	2108	2113	0.00	179	0	0	0	nan	0.00	0.00	5.77	84.00	89.21	0.00	40	0	42	0.00	0.00	64.65	7.89	0.00	0.00	2000
230	10.94	2114	2087	0.00	211	0	0	0	nan	0.00	0.00	3.91	84.70	89.06	0.00	40	0	42	0.00	0.00	64.49	7.67	0.00	0.00	2000
227	10.89	2073	2114	0.00	178	0	0	0	nan	0.00	0.00	5.36	84.38	89.11	0.00	40	0	42	0.00	0.00	64.58	8.00	0.00	0.00	2000
230	11.28	2054	2085	1.07	212	0	0	11	16.09	0.00	0.00	4.07	84.01	88.72	0.00	40	0	42	0.00	0.00	61.90	7.52	0.00	0.00	2000
228	10.61	2154	2093	0.64	179	0	0	0	nan	0.00	0.00	5.09	84.02	89.39	0.00	40	0	42	0.00	0.00	62.23	7.57	0.00	0.00	2000
229	10.85	2087	2123	0.00	210	0	0	0	nan	0.00	0.00	5.01	85.09	89.15	0.00	39	0	42	0.00	0.00	68.12	8.29	0.00	0.00	2000
228	11.11	2050	2099	0.00	178	0	0	0	nan	0.00	0.00	3.87	85.03	88.89	0.00	40	0	42	0.00	0.00	64.92	7.71	0.00	0.00	2000
235	11.24	2111	2085	0.00	213	0	0	0	nan	0.00	0.01	4.44	83.71	88.76	0.00	40	0	42	0.00	0.00	61.83	7.82	0.00	0.00	2000
230	11.28	2031	2108	0.00	179	0	0	0	nan	0.00	0.00	5.24	83.94	88.72	0.00	40	0	42	0.00	0.00	67.85	7.90	0.00	0.00	2000
229	11.20	2038	2109	0.00	211	0	0	0	nan	0.00	0.00	4.58	84.66	88.80	0.00	40	0	42	0.00	0.00	64.63	7.99	0.00	0.00	2000
228	11.06	2089	2077	0.00	181	0	0	0	nan	0.00	0.00	6.02	81.86	88.94	0.00	40	0	42	0.00	0.00	62.19	7.48	0.00	0.00	2000
229	11.03	2068	2107	0.00	211	0	0	0	nan	0.00	0.00	4.66	84.75	88.97	0.00	40	0	42	0.00	0.00	64.19	7.82	0.00	0.00	2000
228	10.87	2103	2094	0.00	178	0	0	0	nan	0.00	0.00	5.58	83.35	89.13	0.00	40	0	42	0.00	0.00	65.11	7.85	0.00	0.00	2000
231	10.91	2116	2105	0.00	212	0	0	0	nan	0.00	0.00	5.20	84.15	89.09	0.00	40	0	42	0.00	0.00	64.74	7.96	0.00	0.00	2000
229	10.53	2179	2095	0.00	178	0	0	0	nan	0.00	0.00	5.14	84.04	89.47	0.00	39	0	42	0.00	0.00	65.24	7.86	0.00	0.00	2000
228	10.72	2108	2123	0.00	210	0	0	0	nan	0.00	0.00	4.92	85.38	89.28	0.00	40	0	42	0.00	0.00	67.69	8.27	0.00	0.00	2000
227	10.80	2129	2076	0.00	179	0	0	0	nan	0.00	0.00	4.18	84.03	89.20	0.00	40	0	42	0.00	0.00	61.87	7.52	0.00	0.00	2000
227	11.11	2100	2042	0.00	211	0	0	0	nan	0.00	0.00	4.68	81.78	88.89	0.00	40	0	42	0.00	0.00	62.55	7.47	0.00	0.00	2000
232	10.97	2044	2168	0.00	196	0	0	0	nan	0.00	0.00	3.52	88.45	89.03	0.00	40	0	42	0.00	0.00	67.70	8.18	0.00	0.00	2000
228	11.14	2027	2121	0.00	210	0	0	0	nan	0.00	0.00	5.05	84.78	88.86	0.00	40	0	42	0.00	0.00	67.32	8.03	0.00	0.00	2000
227	11.21	2044	2078	0.89	178	0	0	11	15.53	0.00	0.00	4.48	83.49	88.79	0.00	39	0	42	0.00	0.00	61.82	7.29	0.00	0.00	2000
231	11.08	2078	2105	0.83	213	0	0	0	89.85	0.00	0.00	5.65	83.53	88.92	0.00	40	0	42	0.00	0.00	64.77	7.72	0.00	0.00	2000
229	11.00	2094	2090	0.00	179	0	0	0	nan	0.00	0.00	4.86	83.71	89.00	0.00	40	0	42	0.00	0.00	65.09	7.86	0.00	0.00	2000
231	10.87	2112	2113	0.00	211	0	0	0	nan	0.00	0.00	5.30	84.41	89.13	0.00	39	0	42	0.00	0.00	65.75	7.88	0.00	0.00	2000
228	10.82	2098	2107	0.00	178	0	0	0	nan	0.00	0.00	4.89	84.69	89.18	0.00	40	0	42	0.00	0.00	64.20	7.94	0.00	0.00	2000
229	10.92	2089	2106	0.00	212	0	0	0	nan	0.00	0.00	4.40	85.04	89.08	0.00	40	0	42	0.00	0.00	65.17	7.80	0.00	0.00	2000
227	11.24	2041	2080	0.00	179	0	0	0	nan	0.00	0.00	3.99	84.05	88.76	0.00	40	0	42	0.00	0.00	64.85	7.78	0.00	0.00	2000
229	11.15	2050	2103	0.00	212	0	0	0	nan	0.00	0.00	4.68	84.33	88.86	0.00	40	0	42	0.00	0.00	64.02	7.76	0.00	0.00	2000
229	11.09	2071	2093	0.00	179	0	0	0	nan	0.00	0.02	5.03	83.62	88.91	0.00	40	0	42	0.00	0.00	65.23	7.79	0.00	0.00	2000
228	11.03	2048	2122	0.00	211	0	0	0	nan	0.00	0.00	5.05	85.01	88.97	0.00	40	0	42	0.00	0.00	61.84	7.92	0.00	0.00	2000
227	11.25	2024	2095	0.00	178	0	0	0	nan	0.00	0.00	3.91	84.80	88.75	0.00	40	0	42	0.00	0.00	67.36	7.60	0.00	0.00	2000
229	11.34	2030	2091	0.00	214	0	0	0	nan	0.00	0.00	5.68	82.72	88.66	0.00	40	0	42	0.00	0.00	64.68	7.81	0.00	0.00	2000
228	10.97	2060	2118	0.00	179	0	0	0	nan	0.00	0.00	5.02	84.87	89.03	0.00	39	0	42	0.00	0.00	65.39	7.74	0.00	0.00	2000
228	11.33	2022	2089	0.00	196	0	0	0	nan	0.00	0.00	3.67	84.70	88.67	0.00	39	0	42	0.00	0.00	63.82	7.32	0.00	0.00	2000
230	11.12	2063	2108	0.00	195	0	0	0	nan	0.00	0.00	4.25	85.02	88.88	0.00	39	0	42	0.00	0.00	64.86	7.76	0.00	0.00	2000
228	11.03	2059	2111	0.00	194	0	0	0	nan	0.00	0.00	3.86	85.68	88.97	0.00	39	0	42	0.00	0.00	64.98	7.79	0.00	0.00	2000
227	11.14	2091	2049	0.00	194	0	0	0	nan	0.01	0.00	2.89	83.95	88.86	0.00	39	0	42	0.00	0.00	63.53	7.63	0.00	0.00	2000
242	11.67	2032	2142	0.29	212	0	0	29	11.92	0.00	0.00	4.54	85.66	88.33	0.00	39	0	42	0.00	0.00	66.22	8.65	0.00	0.00	2000
228	11.15	2073	2074	0.89	178	0	0	10	20.95	0.00	0.01	3.95	83.85	88.85	0.00	39	0	42	0.00	0.00	66.17	8.81	0.00	0.00	2000
231	11.00	2089	2114	0.00	211	0	0	0	nan	0.00	0.00	4.85	84.83	89.00	0.00	39	0	42	0.00	0.00	66.48	8.73	0.00	0.00	2000
228	11.06	2045	2120	0.00	179	0	0	0	nan	0.00	0.00	4.46	85.49	88.94	0.00	39	0	42	0.00	0.00	65.10	7.72	0.00	0.00	2000
230	11.20	2043	2108	0.00	195	0	0	0	nan	0.00	0.03	2.91	86.26	88.80	0.00	39	0	42	0.00	0.00	65.75	7.83	0.00	0.00	2000
227	11.25	2091	2028	0.00	196	0	0	0	nan	0.00	0.01	3.25	82.56	88.75	0.00	39	0	42	0.00	0.00	61.87	7.25	0.00	0.00	2000
231	10.99	2051	2154	0.00	211	0	0	0	nan	0.00	0.02	3.43	87.91	89.01	0.00	39	0	42	0.00	0.00	66.30	8.53	0.00	0.00	2000
229	11.41	2023	2084	0.00	179	0	0	0	nan	0.00	0.00	4.67	83.38	88.59	0.00	39	0	42	0.00	0.00	66.32	8.93	0.00	0.00	2000
229	11.14	2052	2102	0.00	210	0	0	0	nan	0.00	0.00	4.81	84.24	88.86	0.00	39	0	42	0.00	0.00	66.56	8.74	0.00	0.00	2000
228	10.96	2061	2116	0.00	179	0	0	0	nan	0.00	0.00	5.49	84.39	89.04	0.00	39	0	42	0.00	0.00	66.30	8.94	0.00	0.00	2000
228	11.04	2081	2088	0.00	210	0	0	0	nan	0.00	0.00	4.21	84.26	88.96	0.00	39	0	42	0.00	0.00	66.22	8.76	0.00	0.00	2000
228	10.79	2117	2094	0.00	178	0	0	0	nan	0.00	0.00	4.90	84.16	89.21	0.00	39	0	42	0.00	0.00	66.57	8.70	0.00	0.00	2000
230	11.08	2074	2105	0.00	212	0	0	0	nan	0.00	0.03	5.03	84.14	88.92	0.00	39	0	42	0.00	0.00	66.32	8.71	0.00	0.00	2000
230	10.98	2095	2096	0.00	179	0	0	0	nan	0.00	0.00	5.50	83.48	89.02	0.00	39	0	42	0.00	0.00	66.39	8.73	0.00	0.00	2000
230	11.06	2077	2105	0.00	213	0	0	0	nan	0.00	0.00	6.12	83.09	88.94	0.00	39	0	42	0.00	0.00	66.06	8.80	0.00	0.00	2000
228	10.79	2110	2104	0.00	179	0	0	0	nan	0.00	0.00	5.03	84.42	89.21	0.00	39	0	42	0.00	0.00	66.80	8.77	0.00	0.00	2000
230	11.17	2046	2111	0.00	210	0	0	0	nan	0.00	0.00	4.71	84.70	88.83	0.00	39	0	42	0.00	0.00	66.45	8.78	0.00	0.00	2000
230	11.28	2041	2099	0.01	179	0	0	19	14.13	0.00	0.00	4.06	84.74	88.72	0.00	39	0	42	0.00	0.00	66.03	8.90	0.00	0.00	2000
232	11.17	2064	2110	1.13	211	0	0	19	15.61	0.00	0.00	4.58	84.74	88.83	0.00	39	0	42	0.00	0.00	68.20	9.00	0.00	0.00	2000
228	10.79	2122	2092	0.00	178	0	0	0	nan	0.00	0.00	3.33	85.66	89.21	0.00	39	0	42	0.00	0.00	65.95	7.76	0.00	0.00	2000
228	11.09	2101	2051	0.00	194	0	0	0	nan	0.00	0.02	2.60	84.31	88.91	0.00	39	0	42	0.00	0.00	61.93	7.10	0.00	0.00	2000
228	10.97	2029	2156	0.00	195	0	0	0	nan	0.00	0.01	3.97	87.54	89.03	0.00	39	0	42	0.00	0.00	64.95	7.48	0.00	0.00	2000
228	11.25	2052	2073	0.00	194	0	0	0	nan	0.00	0.00	2.99	84.70	88.75	0.00	39	0	42	0.00	0.00	63.82	7.76	0.00	0.00	2000
231	11.04	2078	2119	0.00	196	0	0	0	nan	0.00	0.00	5.33	84.54	88.96	0.00	39	0	42	0.00	0.00	64.73	7.82	0.00	0.00	2000
230	10.91	2109	2097	0.00	210	0	0	0	nan	0.00	0.00	4.11	84.89	89.09	0.00	38	0	42	0.00	0.00	64.85	7.63	0.00	0.00	2000
229	11.06	2067	2104	0.00	179	0	0	0	nan	0.00	0.01	4.67	84.46	88.94	0.00	39	0	42	0.00	0.00	64.29	7.62	0.00	0.00	2000
222	11.00	2085	2032	0.00	214	0	0	0	nan	0.00	0.00	3.98	82.25	89.00	0.00	38	0	42	0.00	0.00	62.03	7.33	0.00	0.00	2000
113	7.40	1479	2173	0.00	229	0	0	0	nan	0.00	0.00	6.05	89.79	92.60	0.00	38	0	42	0.00	0.00	61.03	7.81	0.00	0.00	2000
76	6.78	1132	2087	0.00	193	0	0	0	nan	0.00	0.00	4.12	88.55	93.22	0.00	38	0	42	0.00	0.00	60.80	7.44	0.00	0.00	2000
75	6.70	1112	2117	0.00	194	0	0	0	nan	0.00	0.00	4.79	89.15	93.30	0.00	37	0	42	0.00	0.00	59.37	7.52	0.00	0.00	2000
