Avg_MHz	Busy%	Bzy_MHz	TSC_MHz	IPC	IRQ	NMI	SMI	LLCMRPS	LLC%hit	POLL%	C1%	C1E%	C6%	CPU%c1	CPU%c6	CoreTmp	CoreThr	PkgTmp	Pkg%pc2	Pkg%pc6	PkgWatt	RAMWatt	PKG_%	RAM_%	UncMHz
186	10.69	1702	2148	0.00	221	0	0	0	nan	0.00	0.00	33.87	57.63	89.31	0.00	37	0	42	0.00	0.00	63.77	8.01	0.00	0.00	2000
395	17.98	2215	2084	0.00	201	0	0	0	nan	0.01	0.96	11.70	68.87	82.02	0.00	39	0	42	0.00	0.00	65.36	7.53	0.00	0.00	2000
249	13.58	1818	2118	0.00	225	0	0	0	nan	0.04	0.36	21.45	65.53	86.42	0.00	37	0	42	0.00	0.00	64.25	7.80	0.00	0.00	2000
75	6.70	1123	2101	0.00	194	0	0	0	nan	0.00	0.02	4.05	89.37	93.30	0.00	37	0	42	0.00	0.00	57.95	7.49	0.00	0.00	2000
72	6.78	1074	2076	0.00	193	0	0	0	nan	0.00	0.00	3.53	88.66	93.22	0.00	37	0	42	0.00	0.00	57.34	7.46	0.00	0.00	2000
102	8.32	1216	2122	0.00	193	0	0	0	nan	0.00	0.00	5.07	87.53	91.68	0.00	37	0	42	0.00	0.00	62.13	7.46	0.00	0.00	2000
74	7.10	1033	2109	0.00	193	0	0	0	nan	0.00	0.01	3.51	89.90	92.90	0.00	37	0	42	0.00	0.00	57.14	7.64	0.00	0.00	2000
71	7.02	1015	2100	0.00	193	0	0	0	nan	0.00	0.00	2.85	90.30	92.98	0.00	37	0	42	0.00	0.00	58.49	7.49	0.00	0.00	2000
73	6.57	1132	2069	0.00	196	0	0	0	nan	0.00	0.02	3.57	88.63	93.43	0.00	37	0	42	0.00	0.00	57.19	7.30	0.00	0.00	2000
72	6.61	1076	2127	0.00	194	0	0	0	nan	0.00	0.00	2.06	92.60	93.39	0.00	37	0	42	0.00	0.00	58.34	7.40	0.00	0.00	2000
74	6.95	1071	2076	0.00	197	0	0	0	nan	0.00	0.02	3.93	88.19	93.05	0.00	37	0	42	0.00	0.00	57.64	7.39	0.00	0.00	2000
72	6.86	1044	2108	0.00	195	0	0	0	nan	0.00	0.02	4.04	89.63	93.14	0.00	37	0	42	0.00	0.00	57.70	7.58	0.00	0.00	2000
73	6.82	1068	2119	0.00	193	0	0	0	nan	0.00	0.01	3.07	91.00	93.18	0.00	37	0	42	0.00	0.00	59.43	7.46	0.00	0.00	2000
71	6.70	1078	2077	0.00	194	0	0	0	nan	0.00	0.01	2.83	89.56	93.30	0.00	37	0	42	0.00	0.00	57.53	7.59	0.00	0.00	2000
74	6.90	1051	2131	0.00	193	0	0	0	nan	0.00	0.03	2.69	91.93	93.10	0.00	37	0	42	0.00	0.00	59.19	7.66	0.00	0.00	2000
71	6.64	1084	2079	0.00	194	0	0	0	96.84	0.00	0.00	3.50	88.99	93.36	0.00	37	0	42	0.00	0.00	57.45	7.43	0.00	0.00	2000
72	6.97	1031	2109	0.29	209	0	0	1	88.90	0.00	0.02	2.79	90.75	93.03	0.00	37	0	42	0.00	0.00	56.73	7.48	0.00	0.00	2000
72	6.83	1060	2091	0.01	194	0	0	0	nan	0.00	0.01	3.50	89.35	93.17	0.00	37	0	42	0.00	0.00	60.22	7.32	0.00	0.00	2000
110	8.20	1341	2110	0.00	196	0	0	0	nan	0.00	0.35	4.51	87.62	91.80	0.00	38	0	42	0.00	0.00	59.53	7.85	0.00	0.00	2000
229	11.29	2031	2093	0.00	268	0	0	0	nan	0.00	0.00	5.83	82.80	88.71	0.00	39	0	42	0.00	0.00	65.72	7.84	0.00	0.00	2000
229	11.16	2059	2096	0.00	202	0	0	0	nan	0.00	0.02	2.43	86.45	88.84	0.00	40	0	42	0.00	0.00	63.77	7.50	0.00	0.00	2000
233	11.14	2076	2119	0.00	201	0	0	0	nan	0.00	0.02	3.33	86.44	88.86	0.00	40	0	42	0.00	0.00	66.62	7.85	0.00	0.00	2000
228	11.67	2090	1964	0.00	205	0	0	0	nan	0.00	0.00	3.68	79.04	88.33	0.00	40	0	42	0.00	0.00	57.13	7.00	0.00	0.00	2000
236	10.87	2031	2248	0.00	236	0	0	0	nan	0.00	0.00	6.90	88.56	89.13	0.00	38	0	42	0.00	0.00	75.39	9.17	0.00	0.00	2000
231	11.46	2010	2103	0.00	194	0	0	0	nan	0.00	0.00	3.64	85.23	88.54	0.00	38	0	42	0.00	0.00	66.53	7.80	0.00	0.00	2000
230	11.37	2033	2091	0.00	198	0	0	0	nan	0.00	0.01	4.70	83.75	88.63	0.00	37	0	42	0.00	0.00	65.28	7.88	0.00	0.00	2000
235	10.93	2139	2111	0.00	196	0	0	0	nan	0.00	0.00	4.19	85.46	89.07	0.00	37	0	42	0.00	0.00	66.50	7.94	0.00	0.00	2000
228	11.60	1974	2090	0.00	203	0	0	0	nan	0.00	0.02	6.18	82.00	88.40	0.00	38	0	42	0.00	0.00	64.83	7.45	0.00	0.00	2000
225	11.55	2012	2033	0.00	195	0	0	0	nan	0.00	0.01	4.95	80.87	88.45	0.00	38	0	42	0.00	0.00	61.93	7.14	0.00	0.00	2000
225	11.52	1961	2094	0.00	213	0	0	0	nan	0.00	0.00	4.07	84.39	88.48	0.00	38	0	42	0.00	0.00	64.70	7.49	0.00	0.00	2000
237	11.41	2006	2171	0.00	217	0	0	0	nan	0.00	0.00	5.80	85.95	88.59	0.00	39	0	42	0.00	0.00	66.40	7.69	0.00	0.00	2000
228	11.50	2021	2060	0.00	204	0	0	0	nan	0.00	0.03	5.22	81.79	88.50	0.00	38	0	42	0.00	0.00	64.40	7.43	0.00	0.00	2000
229	11.20	1999	2148	0.34	213	0	0	8	78.86	0.00	0.00	6.86	84.15	88.80	0.00	39	0	42	0.00	0.00	67.42	7.31	0.00	0.00	2000
232	11.40	2035	2098	0.50	197	0	0	4	87.34	0.00	0.01	4.51	84.08	88.60	0.00	38	0	42	0.00	0.00	63.00	7.49	0.00	0.00	2000
224	10.97	2072	2067	0.00	197	0	0	0	nan	0.00	0.00	6.25	81.51	89.03	0.00	38	0	42	0.00	0.00	62.37	7.25	0.00	0.00	2000
237	11.02	2115	2131	0.00	204	0	0	0	nan	0.00	0.02	6.09	84.33	88.98	0.00	38	0	42	0.00	0.00	69.55	7.96	0.00	0.00	2000
237	11.25	2104	2105	0.00	216	0	0	0	nan	0.00	0.02	7.26	81.80	88.75	0.00	38	0	42	0.00	0.00	64.22	7.82	0.00	0.00	2000
225	11.05	2094	2042	0.00	198	0	0	0	nan	0.00	0.01	5.83	80.69	88.95	0.00	39	0	42	0.00	0.00	63.05	7.70	0.00	0.00	2000
225	10.75	2051	2146	0.00	197	0	0	0	nan	0.00	0.00	4.96	86.28	89.25	0.00	39	0	42	0.00	0.00	66.68	8.34	0.00	0.00	2000
226	10.91	2051	2123	0.00	196	0	0	0	nan	0.00	0.00	4.37	85.79	89.09	0.00	39	0	42	0.00	0.00	66.11	8.18	0.00	0.00	2000
226	10.94	2071	2091	0.00	200	0	0	0	nan	0.04	0.08	3.23	85.50	89.06	0.00	39	0	42	0.00	0.00	63.54	7.99	0.00	0.00	2000
226	10.95	2056	2107	0.00	197	0	0	0	nan	0.00	0.04	4.07	85.36	89.05	0.00	40	0	42	0.00	0.00	63.06	7.91	0.00	0.00	2000
225	10.69	2104	2101	0.00	196	0	0	0	nan	0.00	0.01	6.00	83.36	89.31	0.00	40	0	42	0.00	0.00	67.61	8.46	0.00	0.00	2000
223	11.00	2030	2098	0.00	197	0	0	0	nan	0.00	0.02	6.21	82.87	89.00	0.00	40	0	43	0.00	0.00	59.66	7.54	0.00	0.00	2000
224	10.81	2072	2099	0.00	200	0	0	0	nan	0.00	0.02	5.65	83.53	89.19	0.00	40	0	42	0.00	0.00	66.33	8.15	0.00	0.00	2000
223	11.12	2020	2086	0.00	200	0	0	0	nan	0.00	0.00	5.94	82.52	88.88	0.00	41	0	42	0.00	0.00	62.56	7.34	0.00	0.00	2000
218	10.91	2063	2031	0.00	195	0	0	0	nan	0.00	0.00	7.73	78.58	89.09	0.00	40	0	42	0.00	0.00	61.54	7.33	0.00	0.00	2000
222	10.56	2054	2150	0.00	196	0	0	0	nan	0.00	0.00	7.30	84.37	89.44	0.00	41	0	42	0.00	0.00	69.40	8.23	0.00	0.00	2000
224	10.58	2079	2143	0.00	198	0	0	0	nan	0.00	0.00	6.82	84.52	89.42	0.00	40	0	42	0.00	0.00	65.56	7.73	0.00	0.00	2000
224	10.65	2103	2096	0.16	197	0	0	4	87.72	0.00	0.00	6.89	82.33	89.35	0.00	41	0	43	0.00	0.00	60.76	7.37	0.00	0.00	2000
224	10.93	2104	2043	0.60	198	0	0	4	90.47	0.00	0.01	7.46	79.28	89.07	0.00	40	0	43	0.00	0.00	64.06	7.61	0.00	0.00	2000
226	10.78	2061	2132	0.00	205	0	0	0	nan	0.04	0.00	5.90	84.72	89.22	0.00	41	0	43	0.00	0.00	64.33	7.60	0.00	0.00	2000
221	10.69	2084	2088	0.00	194	0	0	0	nan	0.00	0.00	7.44	81.43	89.31	0.00	40	0	42	0.00	0.00	64.24	7.46	0.00	0.00	2000
222	10.57	2061	2139	0.00	196	0	0	0	nan	0.00	0.00	4.01	87.14	89.43	0.00	41	0	42	0.00	0.00	65.14	7.53	0.00	0.00	2000
220	10.73	2065	2084	0.00	198	0	0	0	nan	0.00	0.03	3.22	85.46	89.27	0.00	41	0	42	0.00	0.00	63.81	7.43	0.00	0.00	2000
223	10.92	2061	2083	0.00	196	0	0	0	nan	0.00	0.01	3.87	84.62	89.08	0.00	41	0	42	0.00	0.00	64.98	7.68	0.00	0.00	2000
227	10.55	2141	2115	0.00	200	0	0	0	nan	0.00	0.00	7.29	82.74	89.45	0.00	40	0	42	0.00	0.00	64.49	7.50	0.00	0.00	2000
223	10.64	2080	2118	0.00	196	0	0	0	nan	0.00	0.04	8.91	81.26	89.36	0.00	41	0	42	0.00	0.00	61.06	7.39	0.00	0.00	2000
218	10.65	2111	2034	0.00	196	0	0	0	nan	0.01	0.02	5.93	80.64	89.35	0.00	41	0	42	0.00	0.00	64.67	7.17	0.00	0.00	2000
222	10.61	2034	2162	0.00	197	0	0	0	nan	0.00	0.02	4.89	87.30	89.39	0.00	41	0	42	0.00	0.00	65.39	7.65	0.00	0.00	2000
221	10.60	2104	2081	0.00	197	0	0	0	nan	0.00	0.02	6.50	82.15	89.40	0.00	41	0	42	0.00	0.00	64.38	7.49	0.00	0.00	2000
227	10.64	2135	2102	0.00	200	0	0	0	nan	0.04	0.00	7.68	81.77	89.36	0.00	41	0	42	0.00	0.00	64.39	7.89	0.00	0.00	2000
222	10.73	2045	2128	0.00	194	0	0	0	nan	0.00	0.02	7.57	82.99	89.27	0.00	41	0	42	0.00	0.00	64.57	7.50	0.00	0.00	2000
222	10.96	2092	2032	0.00	195	0	0	0	nan	0.00	0.00	7.22	78.99	89.04	0.00	41	0	42	0.00	0.00	63.42	7.49	0.00	0.00	2000
224	10.74	2023	2162	0.00	197	0	0	0	nan	0.06	0.00	6.89	85.15	89.26	0.00	41	0	42	0.00	0.00	67.12	7.72	0.00	0.00	2000
221	11.00	2057	2052	0.00	214	0	0	0	nan	0.00	0.00	6.51	80.60	89.00	0.00	41	0	43	0.00	0.00	61.44	7.20	0.00	0.00	2000
223	10.59	2055	2152	0.08	204	0	0	7	78.01	0.00	0.00	5.37	86.33	89.41	0.00	41	0	42	0.00	0.00	67.38	7.97	0.00	0.00	2000
222	10.69	2110	2068	0.59	198	0	0	3	84.95	0.00	0.02	5.24	82.62	89.31	0.00	41	0	42	0.00	0.00	61.47	7.37	0.00	0.00	2000
222	10.82	2031	2126	0.00	197	0	0	0	nan	0.00	0.02	3.38	87.00	89.18	0.00	41	0	42	0.00	0.00	66.92	7.67	0.00	0.00	2000
221	10.99	2050	2056	0.00	197	0	0	0	nan	0.00	0.02	3.84	83.42	89.01	0.00	41	0	42	0.00	0.00	61.76	7.12	0.00	0.00	2000
226	10.43	2123	2140	0.00	199	0	0	0	nan	0.00	0.00	5.01	86.20	89.57	0.00	41	0	42	0.00	0.00	64.38	7.57	0.00	0.00	2000
223	10.76	2094	2076	0.00	205	0	0	0	nan	0.00	0.02	6.98	81.29	89.24	0.00	41	0	42	0.00	0.00	64.61	7.45	0.00	0.00	2000
222	10.77	2037	2130	0.00	199	0	0	0	nan	0.00	0.04	7.30	83.21	89.23	0.00	41	0	42	0.00	0.00	67.03	7.93	0.00	0.00	2000
222	10.90	2056	2085	0.00	195	0	0	0	nan	0.00	0.00	8.30	80.24	89.10	0.00	41	0	42	0.00	0.00	62.10	7.19	0.00	0.00	2000
220	10.79	2059	2082	0.00	199	0	0	0	nan	0.00	0.00	5.14	83.42	89.21	0.00	41	0	42	0.00	0.00	64.04	7.62	0.00	0.00	2000
221	10.61	2100	2086	0.00	198	0	0	0	nan	0.00	0.00	5.13	83.70	89.39	0.00	41	0	42	0.00	0.00	64.38	7.55	0.00	0.00	2000
224	10.57	2073	2146	0.00	196	0	0	0	nan	0.00	0.02	7.01	84.47	89.43	0.00	41	0	42	0.00	0.00	64.25	7.57	0.00	0.00	2000
221	10.91	2041	2080	0.00	200	0	0	0	nan	0.00	0.00	9.09	79.22	89.09	0.00	41	0	42	0.00	0.00	64.06	7.44	0.00	0.00	2000
223	10.59	2083	2119	0.00	196	0	0	0	nan	0.04	0.00	7.38	82.90	89.41	0.00	41	0	42	0.00	0.00	65.30	7.44	0.00	0.00	2000
219	10.75	2071	2067	0.00	195	0	0	0	nan	0.00	0.02	6.18	81.73	89.25	0.00	41	0	42	0.00	0.00	63.51	7.31	0.00	0.00	2000
221	10.76	2031	2120	0.00	196	0	0	0	nan	0.00	0.00	6.10	84.06	89.24	0.00	42	0	42	0.00	0.00	64.48	7.47	0.00	0.00	2000
223	10.72	2078	2103	0.00	199	0	0	0	nan	0.00	0.00	8.05	81.46	89.28	0.00	41	0	42	0.00	0.00	64.73	7.60	0.00	0.00	2000
221	10.74	2040	2119	0.00	197	0	0	0	nan	0.00	1.92	6.19	82.10	89.26	0.00	41	0	42	0.00	0.00	64.48	7.37	0.00	0.00	2000
221	10.65	2069	2107	0.00	196	0	0	2	82.60	0.00	2.15	2.88	84.75	89.35	0.00	41	0	42	0.00	0.00	65.85	7.88	0.00	0.00	2000
237	11.74	2105	2012	0.74	200	0	0	21	38.00	0.00	0.02	5.34	79.33	88.26	0.00	41	0	42	0.00	0.00	63.25	7.59	0.00	0.00	2000
227	10.41	2118	2164	0.00	197	0	0	0	nan	0.00	0.51	7.41	84.48	89.59	0.00	41	0	42	0.00	0.00	65.10	7.76	0.00	0.00	2000
224	10.25	2181	2107	0.00	199	0	0	0	nan	0.00	2.53	7.75	79.98	89.75	0.00	41	0	42	0.00	0.00	66.57	7.50	0.00	0.00	2000
221	10.79	2067	2081	0.00	198	0	0	0	nan	0.00	0.00	7.54	80.92	89.21	0.00	41	0	42	0.00	0.00	64.72	7.63	0.00	0.00	2000
221	10.59	2060	2129	0.00	195	0	0	0	nan	0.00	0.00	7.66	83.07	89.41	0.00	41	0	42	0.00	0.00	64.65	7.78	0.00	0.00	2000
225	11.29	2043	2053	0.00	205	0	0	0	nan	0.00	0.00	6.89	79.96	88.71	0.00	41	0	42	0.00	0.00	64.58	7.55	0.00	0.00	2000
223	10.74	2067	2106	0.00	196	0	0	0	nan	0.04	0.00	7.05	82.58	89.26	0.00	41	0	42	0.00	0.00	64.29	7.43	0.00	0.00	2000
225	10.72	2102	2097	0.00	206	0	0	0	nan	0.00	0.01	8.29	80.93	89.28	0.00	41	0	42	0.00	0.00	64.43	7.64	0.00	0.00	2000
222	10.67	2062	2120	0.00	195	0	0	0	nan	0.00	0.02	7.38	82.90	89.33	0.00	41	0	42	0.00	0.00	64.27	7.57	0.00	0.00	2000
221	10.59	2109	2077	0.00	196	0	0	0	nan	0.00	0.02	8.22	80.21	89.41	0.00	41	0	42	0.00	0.00	64.66	7.47	0.00	0.00	2000
221	10.47	2076	2134	0.00	198	0	0	0	nan	0.00	0.00	5.90	85.07	89.53	0.00	41	0	42	0.00	0.00	64.15	7.49	0.00	0.00	2000
220	10.97	2049	2055	0.00	195	0	0	0	nan	0.04	0.03	7.08	80.07	89.03	0.00	41	0	43	0.00	0.00	64.25	7.55	0.00	0.00	2000
224	10.57	2093	2126	0.00	196	0	0	0	nan	0.00	0.02	7.04	83.50	89.43	0.00	41	0	42	0.00	0.00	64.85	7.61	0.00	0.00	2000
221	10.62	2090	2088	0.00	206	0	0	0	nan	0.00	0.04	2.56	86.43	89.38	0.00	41	0	42	0.00	0.00	64.67	7.50	0.00	0.00	2000
221	10.83	2005	2139	0.00	199	0	0	0	nan	0.00	0.00	4.47	86.54	89.17	0.00	41	0	42	0.00	0.00	64.18	7.54	0.00	0.00	2000
220	10.88	2035	2087	0.00	196	0	0	0	nan	0.00	0.00	6.37	82.24	89.12	0.00	41	0	42	0.00	0.00	64.63	7.50	0.00	0.00	2000
229	11.32	2001	2119	0.00	211	0	0	1	95.33	0.00	0.00	10.35	79.33	88.68	0.00	41	0	42	0.00	0.00	64.29	7.56	0.00	0.00	2000
224	11.17	2013	2088	0.69	198	0	0	5	94.47	0.01	0.00	6.73	81.77	88.83	0.00	41	0	42	0.00	0.00	64.00	7.40	0.00	0.00	2000
221	11.11	1993	2097	0.00	199	0	0	0	nan	0.00	0.00	7.56	81.37	88.89	0.00	41	0	42	0.00	0.00	64.51	7.32	0.00	0.00	2000
219	10.78	2046	2089	0.00	197	0	0	0	nan	0.00	0.00	6.58	82.27	89.22	0.00	41	0	42	0.00	0.00	64.67	7.45	0.00	0.00	2000
220	10.89	2005	2115	0.00	195	0	0	0	nan	0.00	0.00	6.72	83.14	89.11	0.00	41	0	42	0.00	0.00	64.31	7.41	0.00	0.00	2000
220	10.80	2058	2080	0.00	195	0	0	0	nan	0.00	0.00	6.51	81.96	89.20	0.00	41	0	42	0.00	0.00	65.31	7.61	0.00	0.00	2000
220	10.80	2050	2084	0.00	197	0	0	0	nan	0.00	0.02	5.52	83.12	89.20	0.00	41	0	42	0.00	0.00	63.67	7.44	0.00	0.00	2000
225	10.80	2061	2121	0.00	199	0	0	0	nan	0.00	0.00	7.07	83.10	89.20	0.00	41	0	42	0.00	0.00	65.24	8.10	0.00	0.00	2000
220	10.93	2029	2087	0.00	196	0	0	0	nan	0.00	0.05	6.37	82.23	89.07	0.00	41	0	42	0.00	0.00	66.34	8.79	0.00	0.00	2000
221	10.49	2123	2086	0.00	195	0	0	0	nan	0.00	0.01	6.23	82.66	89.51	0.00	41	0	42	0.00	0.00	66.10	8.79	0.00	0.00	2000
223	10.52	2096	2119	0.00	198	0	0	0	nan	0.00	0.00	4.88	85.50	89.48	0.00	41	0	42	0.00	0.00	66.09	8.91	0.00	0.00	2000
222	10.67	2094	2091	0.00	197	0	0	0	nan	0.00	0.07	3.59	85.32	89.33	0.00	41	0	42	0.00	0.00	66.29	8.89	0.00	0.00	2000
225	10.64	2080	2139	0.00	204	0	0	0	nan	0.00	0.03	4.47	86.64	89.36	0.00	41	0	42	0.00	0.00	67.39	8.57	0.00	0.00	2000
222	10.52	2095	2112	0.00	195	0	0	0	nan	0.00	0.00	8.13	81.92	89.48	0.00	41	0	42	0.00	0.00	65.74	7.49	0.00	0.00	2000
221	10.74	2061	2098	0.00	197	0	0	0	nan	0.00	0.02	7.99	81.27	89.26	0.00	41	0	42	0.00	0.00	62.64	7.51	0.00	0.00	2000
222	10.79	2054	2101	0.00	197	0	0	0	nan	0.00	0.03	6.05	83.30	89.21	0.00	41	0	42	0.00	0.00	63.32	7.58	0.00	0.00	2000
212	10.97	2138	1902	0.00	181	0	0	0	nan	0.00	0.00	4.87	75.74	89.03	0.00	39	0	42	0.00	0.00	55.47	6.54	0.00	0.00	2000
238	10.59	2024	2333	0.00	230	0	0	0	90.94	0.00	0.00	9.58	89.75	89.41	0.00	40	0	42	0.00	0.00	76.61	9.01	0.00	0.00	2000
231	11.11	2079	2099	0.84	195	0	0	5	47.49	0.00	0.02	7.69	81.20	88.89	0.00	40	0	42	0.00	0.00	65.07	7.73	0.00	0.00	2000
229	11.09	2065	2105	0.04	196	0	0	0	nan	0.00	0.02	5.86	83.31	88.91	0.00	41	0	42	0.00	0.00	65.97	7.67	0.00	0.00	2000
230	11.05	2089	2096	0.00	196	0	0	0	nan	0.00	0.00	7.03	81.78	88.95	0.00	41	0	42	0.00	0.00	62.16	7.30	0.00	0.00	2000
230	11.23	2040	2105	0.00	196	0	0	0	nan	0.00	0.00	6.62	82.47	88.77	0.00	41	0	42	0.00	0.00	64.14	7.63	0.00	0.00	2000
233	11.18	2083	2100	0.00	197	0	0	0	nan	0.00	0.00	7.62	81.28	88.82	0.00	41	0	42	0.00	0.00	65.78	8.02	0.00	0.00	2000
229	11.08	2070	2091	0.00	183	0	0	0	nan	0.00	0.02	7.78	80.83	88.92	0.00	41	0	42	0.00	0.00	62.53	7.43	0.00	0.00	2000
230	11.20	2048	2108	0.00	195	0	0	0	nan	0.00	0.00	6.09	83.12	88.80	0.00	41	0	42	0.00	0.00	65.77	7.94	0.00	0.00	2000
230	11.16	2055	2101	0.00	197	0	0	0	nan	0.00	0.08	3.37	85.60	88.84	0.00	41	0	42	0.00	0.00	65.92	8.02	0.00	0.00	2000
231	11.06	2089	2097	0.00	197	0	0	0	nan	0.00	0.04	3.14	85.72	88.94	0.00	41	0	42	0.00	0.00	62.92	7.46	0.00	0.00	2000
229	11.07	2065	2099	0.00	197	0	0	0	nan	0.00	0.47	6.68	81.87	88.93	0.00	41	0	42	0.00	0.00	66.05	7.90	0.00	0.00	2000
233	10.89	2145	2099	0.00	184	0	0	0	nan	0.04	0.99	6.99	81.16	89.11	0.00	41	0	42	0.00	0.00	65.46	7.58	0.00	0.00	2000
229	10.94	2089	2107	0.00	197	0	0	0	nan	0.00	0.53	7.88	81.05	89.06	0.00	41	0	42	0.00	0.00	66.47	7.79	0.00	0.00	2000
230	11.19	2059	2096	0.00	198	0	0	0	nan	0.00	0.00	6.43	82.26	88.81	0.00	41	0	42	0.00	0.00	63.52	7.57	0.00	0.00	2000
230	11.01	2094	2098	0.00	197	0	0	0	nan	0.00	0.02	6.90	82.14	88.99	0.00	41	0	42	0.00	0.00	62.26	7.54	0.00	0.00	2000
232	11.33	2049	2100	0.00	200	0	0	0	nan	0.00	0.00	7.61	81.17	88.67	0.00	41	0	42	0.00	0.00	64.85	7.72	0.00	0.00	2000
233	11.21	2079	2096	0.00	199	0	0	0	nan	0.00	0.00	6.85	81.91	88.79	0.00	41	0	42	0.00	0.00	64.95	7.71	0.00	0.00	2000
231	11.07	2081	2102	0.00	198	0	0	0	nan	0.00	0.53	9.38	79.23	88.93	0.00	41	0	42	0.00	0.00	65.24	7.64	0.00	0.00	2000
230	11.22	2047	2100	0.36	180	0	0	5	52.83	0.00	0.00	7.99	80.93	88.78	0.00	41	0	42	0.00	0.00	65.27	7.74	0.00	0.00	2000
231	11.13	2066	2106	0.56	197	0	0	2	79.81	0.00	0.02	6.01	83.11	88.87	0.00	41	0	42	0.00	0.00	65.81	7.86	0.00	0.00	2000
229	10.96	2097	2095	0.00	197	0	0	0	nan	0.00	0.00	5.79	83.09	89.04	0.00	41	0	42	0.00	0.00	60.32	7.09	0.00	0.00	2000
232	11.10	2085	2103	0.00	198	0	0	0	nan	0.00	0.00	5.41	83.77	88.90	0.00	41	0	42	0.00	0.00	65.98	7.84	0.00	0.00	2000
232	10.91	2125	2105	0.00	180	0	0	0	nan	0.00	0.32	6.66	82.49	89.09	0.00	41	0	42	0.00	0.00	67.33	7.95	0.00	0.00	2000
238	10.63	2240	2097	0.00	199	0	0	0	nan	0.03	2.81	5.36	81.28	89.37	0.00	41	0	42	0.00	0.00	64.44	7.58	0.00	0.00	2000
230	11.04	2083	2097	0.00	196	0	0	0	nan	0.02	1.52	5.70	81.75	88.96	0.00	41	0	42	0.00	0.00	62.95	7.42	0.00	0.00	2000
231	11.16	2077	2093	0.00	197	0	0	0	nan	0.00	0.00	8.61	80.04	88.84	0.00	41	0	42	0.00	0.00	65.46	7.95	0.00	0.00	2000
228	10.71	2127	2105	0.00	179	0	0	0	nan	0.00	0.00	6.03	83.40	89.29	0.00	41	0	42	0.00	0.00	65.27	7.70	0.00	0.00	2000
230	11.07	2128	2054	0.00	198	0	0	0	nan	0.00	0.02	6.49	80.47	88.93	0.00	41	0	43	0.00	0.00	61.07	7.21	0.00	0.00	2000
235	11.04	2073	2156	0.00	199	0	0	0	nan	0.04	0.01	7.92	83.43	88.96	0.00	41	0	42	0.00	0.00	69.41	8.34	0.00	0.00	2000
230	11.12	2073	2096	0.00	197	0	0	0	nan	0.00	0.00	7.53	81.29	88.88	0.00	41	0	42	0.00	0.00	62.12	7.26	0.00	0.00	2000
231	11.22	2055	2100	0.00	197	0	0	0	nan	0.06	0.00	7.95	80.94	88.78	0.00	41	0	42	0.00	0.00	63.30	7.74	0.00	0.00	2000
231	11.05	2093	2097	0.00	195	0	0	0	nan	0.00	0.00	7.15	81.80	88.95	0.00	41	0	42	0.00	0.00	65.07	7.60	0.00	0.00	2000
229	11.12	2061	2101	0.00	183	0	0	0	nan	0.00	0.00	7.22	81.82	88.88	0.00	41	0	43	0.00	0.00	65.54	7.83	0.00	0.00	2000
233	11.25	2078	2095	0.00	195	0	0	0	nan	0.00	0.02	7.28	81.34	88.75	0.00	41	0	42	0.00	0.00	65.02	7.95	0.00	0.00	2000
229	11.28	2065	2062	0.00	200	0	0	0	nan	0.00	0.00	6.20	80.98	88.72	0.00	42	0	42	0.00	0.00	60.83	7.06	0.00	0.00	2000
232	10.98	2064	2147	0.00	196	0	0	2	66.75	0.00	0.39	7.84	82.78	89.02	0.00	41	0	42	0.00	0.00	63.62	7.59	0.00	0.00	2000
232	11.04	2099	2101	0.79	200	0	0	5	57.16	0.00	0.02	9.09	80.07	88.96	0.00	41	0	42	0.00	0.00	66.50	7.82	0.00	0.00	2000
230	10.86	2121	2098	0.00	199	0	0	0	nan	0.00	0.04	3.96	85.11	89.14	0.00	41	0	42	0.00	0.00	65.82	7.72	0.00	0.00	2000
229	10.99	2087	2098	0.00	197	0	0	0	nan	0.01	0.03	3.26	85.79	89.01	0.00	41	0	42	0.00	0.00	65.24	7.71	0.00	0.00	2000
234	11.10	2105	2099	0.00	202	0	0	0	nan	0.00	0.02	6.55	82.29	88.90	0.00	41	0	42	0.00	0.00	64.74	7.66	0.00	0.00	2000
229	11.00	2083	2100	0.00	197	0	0	0	nan	0.00	0.00	6.92	82.13	89.00	0.00	41	0	42	0.00	0.00	65.27	7.79	0.00	0.00	2000
230	11.23	2046	2104	0.00	195	0	0	0	nan	0.00	0.00	8.71	80.35	88.77	0.00	41	0	42	0.00	0.00	65.19	7.70	0.00	0.00	2000
228	11.07	2105	2058	0.00	181	0	0	0	nan	0.00	0.02	6.46	80.80	88.93	0.00	41	0	42	0.00	0.00	58.92	6.99	0.00	0.00	2000
230	10.85	2080	2140	0.00	196	0	0	0	nan	0.00	0.00	8.09	82.79	89.15	0.00	41	0	42	0.00	0.00	70.46	8.55	0.00	0.00	2000
232	10.88	2129	2106	0.00	198	0	0	0	nan	0.00	0.30	7.81	81.35	89.12	0.00	41	0	42	0.00	0.00	61.19	7.14	0.00	0.00	2000
231	10.90	2121	2097	0.00	204	0	0	0	nan	0.00	0.00	6.24	82.74	89.10	0.00	41	0	42	0.00	0.00	66.03	7.76	0.00	0.00	2000
229	11.10	2064	2099	0.00	195	0	0	0	nan	0.00	0.00	6.70	82.34	88.91	0.00	41	0	43	0.00	0.00	66.07	7.81	0.00	0.00	2000
230	11.03	2088	2100	0.00	195	0	0	0	nan	0.00	0.03	6.58	82.43	88.97	0.00	41	0	42	0.00	0.00	60.26	7.26	0.00	0.00	2000
230	10.88	2113	2099	0.00	180	0	0	0	nan	0.00	0.02	7.01	82.09	89.12	0.00	41	0	42	0.00	0.00	65.95	7.67	0.00	0.00	2000
228	11.26	2093	2030	0.00	198	0	0	0	nan	0.00	0.02	5.61	80.30	88.74	0.00	41	0	42	0.00	0.00	61.79	7.27	0.00	0.00	2000
233	10.90	2059	2178	0.00	197	0	0	0	nan	0.00	0.02	7.20	85.27	89.10	0.00	41	0	42	0.00	0.00	66.29	7.88	0.00	0.00	2000
231	11.07	2093	2095	0.00	197	0	0	0	nan	0.00	0.08	5.97	82.83	88.93	0.00	41	0	42	0.00	0.00	65.40	7.73	0.00	0.00	2000
231	11.08	2080	2100	0.00	198	0	0	0	nan	0.00	0.01	6.24	82.72	88.92	0.00	41	0	42	0.00	0.00	65.29	7.96	0.00	0.00	2000
241	11.71	2059	2097	0.56	197	0	0	4	45.12	0.00	0.00	7.74	80.54	88.29	0.00	41	0	42	0.00	0.00	64.90	7.67	0.00	0.00	2000
230	10.97	2088	2105	0.32	197	0	0	0	nan	0.00	0.00	6.64	82.64	89.03	0.00	41	0	42	0.00	0.00	63.23	7.53	0.00	0.00	2000
230	11.10	2073	2098	0.00	180	0	0	0	nan	0.00	0.02	7.08	81.85	88.90	0.00	41	0	42	0.00	0.00	62.75	7.50	0.00	0.00	2000
234	11.02	2124	2101	0.00	199	0	0	0	nan	0.00	0.94	8.45	79.84	88.98	0.00	41	0	42	0.00	0.00	66.73	7.79	0.00	0.00	2000
230	11.17	2061	2100	0.00	199	0	0	0	nan	0.00	0.04	8.08	80.84	88.83	0.00	40	0	42	0.00	0.00	66.32	8.02	0.00	0.00	2000
231	11.14	2073	2096	0.00	202	0	0	0	nan	0.00	0.01	9.19	79.62	88.86	0.00	41	0	42	0.00	0.00	63.20	7.43	0.00	0.00	2000
229	11.06	2073	2098	0.00	196	0	0	0	nan	0.01	0.00	5.92	83.04	88.94	0.00	41	0	42	0.00	0.00	64.75	7.64	0.00	0.00	2000
229	11.10	2078	2082	0.00	179	0	0	0	nan	0.00	0.01	6.91	81.33	88.90	0.00	41	0	42	0.00	0.00	61.62	7.20	0.00	0.00	2000
233	11.11	2069	2128	0.00	196	0	0	0	nan	0.00	0.00	8.48	81.67	88.89	0.00	41	0	42	0.00	0.00	66.33	7.85	0.00	0.00	2000
228	10.97	2086	2096	0.00	196	0	0	0	nan	0.00	0.00	8.92	80.01	89.03	0.00	41	0	42	0.00	0.00	65.61	7.76	0.00	0.00	2000
230	11.11	2067	2099	0.00	196	0	0	0	nan	0.00	0.03	7.07	81.86	88.89	0.00	41	0	42	0.00	0.00	65.22	7.63	0.00	0.00	2000
230	10.69	2160	2093	0.00	197	0	0	0	nan	0.00	0.00	6.37	82.62	89.31	0.00	41	0	42	0.00	0.00	60.84	7.09	0.00	0.00	2000
230	11.08	2068	2109	0.00	184	0	0	0	nan	0.00	0.00	6.26	83.09	88.92	0.00	41	0	42	0.00	0.00	66.40	7.81	0.00	0.00	2000
226	11.08	2114	2031	0.00	195	0	0	0	nan	0.00	0.08	3.45	82.57	88.92	0.00	41	0	42	0.00	0.00	62.93	7.51	0.00	0.00	2000
234	10.75	2104	2172	0.00	198	0	0	0	nan	0.01	0.07	3.34	89.01	89.25	0.00	41	0	42	0.00	0.00	66.29	7.83	0.00	0.00	2000
230	10.96	2097	2100	0.00	201	0	0	0	nan	0.00	0.00	4.83	84.17	89.04	0.00	41	0	42	0.00	0.00	65.70	7.72	0.00	0.00	2000
231	11.37	2030	2101	0.00	196	0	0	0	nan	0.00	0.00	6.49	82.33	88.63	0.00	41	0	42	0.00	0.00	62.14	7.71	0.00	0.00	2000
229	11.10	2062	2100	0.01	196	0	0	3	56.29	0.00	0.04	4.94	84.03	88.90	0.00	41	0	42	0.00	0.00	63.93	7.11	0.00	0.00	2000
230	11.02	2089	2095	0.84	178	0	0	3	61.78	0.00	0.02	6.54	82.31	88.98	0.00	41	0	43	0.00	0.00	64.93	7.63	0.00	0.00	2000
230	10.97	2086	2110	0.00	195	0	0	0	nan	0.00	0.00	6.98	82.54	89.03	0.00	41	0	42	0.00	0.00	66.41	7.82	0.00	0.00	2000
232	11.20	2076	2095	0.00	200	0	0	0	nan	0.00	0.01	7.37	81.42	88.80	0.00	41	0	42	0.00	0.00	65.32	7.82	0.00	0.00	2000
228	11.21	2038	2099	0.00	198	0	0	0	nan	0.00	0.02	6.87	82.11	88.79	0.00	41	0	42	0.00	0.00	59.74	7.11	0.00	0.00	2000
230	11.31	2053	2078	0.00	180	0	0	0	nan	0.00	0.00	7.89	79.98	88.69	0.00	41	0	42	0.00	0.00	64.52	7.51	0.00	0.00	2000
229	11.10	2044	2123	0.00	196	0	0	0	nan	0.04	0.00	10.00	79.94	88.90	0.00	41	0	42	0.00	0.00	66.17	7.75	0.00	0.00	2000
232	11.19	2068	2104	0.00	199	0	0	0	nan	0.00	0.02	8.17	80.91	88.81	0.00	41	0	42	0.00	0.00	65.21	7.60	0.00	0.00	2000
229	10.90	2101	2100	0.00	200	0	0	0	nan	0.00	0.07	5.31	83.77	89.10	0.00	41	0	42	0.00	0.00	63.88	7.47	0.00	0.00	2000
232	11.20	2104	2070	0.00	195	0	0	0	nan	0.00	0.00	7.15	80.46	88.80	0.00	41	0	42	0.00	0.00	62.34	7.45	0.00	0.00	2000
230	10.86	2087	2126	0.00	179	0	0	0	nan	0.00	0.03	8.09	82.26	89.14	0.00	41	0	42	0.00	0.00	65.67	7.86	0.00	0.00	2000
230	11.05	2079	2104	0.00	196	0	0	0	nan	0.01	0.03	3.49	85.69	88.95	0.00	41	0	42	0.00	0.00	65.78	7.80	0.00	0.00	2000
229	11.00	2082	2098	0.00	198	0	0	0	nan	0.03	0.01	4.44	84.57	89.00	0.00	41	0	42	0.00	0.00	60.61	7.07	0.00	0.00	2000
231	11.14	2079	2095	0.00	197	0	0	0	nan	0.00	0.00	6.24	82.51	88.86	0.00	41	0	42	0.00	0.00	65.13	7.56	0.00	0.00	2000
227	10.93	2101	2079	0.00	181	0	0	0	nan	0.00	0.47	8.16	79.65	89.07	0.00	41	0	42	0.00	0.00	64.65	7.62	0.00	0.00	2000
234	11.20	2066	2124	0.00	213	0	0	0	nan	0.00	0.00	8.21	81.66	88.81	0.00	41	0	42	0.00	0.00	64.83	7.48	0.00	0.00	2000
229	11.17	2088	2060	0.00	181	0	0	0	nan	0.00	0.47	8.52	78.25	88.83	0.00	41	0	42	0.00	0.00	64.34	7.72	0.00	0.00	2000
230	10.98	2053	2145	0.00	195	0	0	0	nan	0.00	0.00	10.57	80.41	89.02	0.00	41	0	42	0.00	0.00	66.29	7.79	0.00	0.00	2000
230	11.27	2044	2099	0.72	204	0	0	4	39.29	0.01	0.00	7.65	81.16	88.73	0.00	41	0	42	0.00	0.00	65.36	7.91	0.00	0.00	2000
230	11.12	2073	2098	0.20	207	0	0	0	nan	0.00	0.00	6.44	82.46	88.88	0.00	41	0	43	0.00	0.00	62.41	7.26	0.00	0.00	2000
232	11.33	2047	2102	0.00	199	0	0	0	nan	0.00	0.01	7.16	81.59	88.67	0.00	41	0	43	0.00	0.00	63.52	7.60	0.00	0.00	2000
230	11.16	2063	2101	0.00	199	0	0	0	nan	0.00	0.00	7.50	81.39	88.84	0.00	41	0	42	0.00	0.00	66.19	7.79	0.00	0.00	2000
223	11.54	2094	1941	0.00	181	0	0	0	nan	0.00	0.02	6.23	75.61	88.46	0.00	40	0	42	0.00	0.00	58.01	7.00	0.00	0.00	2000
235	10.47	2075	2277	0.00	226	0	0	0	nan	0.00	0.01	6.78	90.25	89.53	0.00	41	0	42	0.00	0.00	71.43	8.64	0.00	0.00	2000
230	10.94	2093	2105	0.00	178	0	0	0	nan	0.00	0.02	6.41	82.98	89.06	0.00	41	0	42	0.00	0.00	66.22	7.93	0.00	0.00	2000
232	10.89	2136	2095	0.00	198	0	0	0	nan	0.00	0.07	3.49	85.41	89.11	0.00	41	0	42	0.00	0.00	63.02	7.28	0.00	0.00	2000
230	10.79	2131	2103	0.00	199	0	0	0	nan	0.00	1.10	4.15	84.26	89.21	0.00	41	0	42	0.00	0.00	64.14	7.54	0.00	0.00	2000
230	11.02	2084	2104	0.00	182	0	0	0	nan	0.00	0.02	6.31	82.86	88.98	0.00	41	0	42	0.00	0.00	66.66	7.70	0.00	0.00	2000
230	10.70	2149	2096	0.00	198	0	0	0	nan	0.00	0.03	6.47	82.71	89.30	0.00	41	0	42	0.00	0.00	63.84	7.08	0.00	0.00	2000
231	11.02	2105	2095	0.00	198	0	0	0	nan	0.00	0.00	6.67	82.15	88.98	0.00	41	0	42	0.00	0.00	61.64	7.59	0.00	0.00	2000
229	11.20	2043	2104	0.00	196	0	0	0	nan	0.00	0.00	6.76	82.36	88.80	0.00	41	0	42	0.00	0.00	65.91	7.70	0.00	0.00	2000
234	11.20	2084	2101	0.00	182	0	0	0	nan	0.00	0.00	7.63	81.34	88.80	0.00	41	0	42	0.00	0.00	65.89	7.79	0.00	0.00	2000
231	10.52	2196	2100	0.00	202	0	0	0	nan	0.00	1.95	6.94	80.72	89.48	0.00	41	0	42	0.00	0.00	64.48	7.46	0.00	0.00	2000
231	11.25	2057	2099	0.00	196	0	0	0	nan	0.00	0.06	7.45	81.34	88.75	0.00	41	0	42	0.00	0.00	65.52	7.63	0.00	0.00	2000
229	11.09	2064	2099	0.00	196	0	0	0	nan	0.00	0.00	7.48	81.52	88.91	0.00	41	0	42	0.00	0.00	63.00	7.62	0.00	0.00	2000
230	11.09	2072	2103	0.27	196	0	0	4	52.46	0.00	0.00	7.38	81.76	88.91	0.00	41	0	42	0.00	0.00	66.39	7.92	0.00	0.00	2000
230	11.00	2091	2102	0.67	179	0	0	2	70.44	0.00	0.02	6.52	82.65	89.00	0.00	41	0	42	0.00	0.00	63.40	7.76	0.00	0.00	2000
239	11.20	2135	2096	0.00	197	0	0	0	nan	0.00	0.02	7.41	81.26	88.80	0.00	41	0	42	0.00	0.00	64.95	7.78	0.00	0.00	2000
229	11.06	2072	2099	0.00	204	0	0	0	nan	0.00	0.02	5.66	83.30	88.94	0.00	41	0	42	0.00	0.00	63.45	7.51	0.00	0.00	2000
230	11.11	2063	2104	0.00	195	0	0	0	nan	0.00	0.00	7.21	81.96	88.89	0.00	41	0	42	0.00	0.00	66.06	7.82	0.00	0.00	2000
229	10.45	2194	2095	0.00	178	0	0	0	nan	0.00	0.07	3.57	85.57	89.55	0.00	41	0	42	0.00	0.00	65.79	7.73	0.00	0.00	2000
230	11.29	2035	2105	0.00	196	0	0	0	nan	0.00	0.05	3.39	85.57	88.71	0.00	41	0	43	0.00	0.00	65.69	7.81	0.00	0.00	2000
230	10.77	2136	2096	0.00	197	0	0	0	nan	0.00	0.00	6.88	82.23	89.23	0.00	41	0	42	0.00	0.00	60.27	7.27	0.00	0.00	2000
233	11.26	2068	2103	0.00	199	0	0	0	nan	0.00	0.11	6.28	82.56	88.74	0.00	41	0	42	0.00	0.00	63.98	7.96	0.00	0.00	2000
230	10.61	2171	2101	0.00	181	0	0	0	nan	0.00	0.93	7.65	80.92	89.39	0.00	41	0	42	0.00	0.00	70.57	7.86	0.00	0.00	2000
231	11.05	2094	2098	0.00	196	0	0	0	nan	0.00	0.00	8.79	80.18	88.95	0.00	41	0	42	0.00	0.00	60.06	7.16	0.00	0.00	2000
225	11.47	2060	2002	0.00	199	0	0	0	nan	0.00	0.00	5.05	79.52	88.53	0.00	41	0	42	0.00	0.00	61.58	7.34	0.00	0.00	2000
234	10.45	2138	2197	0.00	197	0	0	0	nan	0.00	0.01	8.62	85.04	89.55	0.00	41	0	42	0.00	0.00	70.46	8.37	0.00	0.00	2000
231	11.25	2046	2108	0.00	198	0	0	0	nan	0.00	0.00	7.44	81.64	88.75	0.00	41	0	42	0.00	0.00	66.72	7.77	0.00	0.00	2000
231	11.17	2066	2098	0.00	201	0	0	0	nan	0.00	0.00	7.96	80.86	88.83	0.00	41	0	42	0.00	0.00	59.40	6.99	0.00	0.00	2000
230	11.17	2062	2099	0.00	196	0	0	0	nan	0.00	0.00	8.97	79.91	88.83	0.00	41	0	42	0.00	0.00	66.55	7.88	0.00	0.00	2000
230	10.94	2106	2099	0.00	196	0	0	0	nan	0.00	0.02	5.96	83.09	89.06	0.00	41	0	42	0.00	0.00	65.91	7.61	0.00	0.00	2000
229	10.95	2093	2100	0.00	179	0	0	1	72.41	0.04	0.02	7.38	81.75	89.05	0.00	41	0	43	0.00	0.00	65.19	7.71	0.00	0.00	2000
232	11.19	2064	2106	0.85	195	0	0	5	56.83	0.00	0.02	6.71	82.45	88.81	0.00	41	0	42	0.00	0.00	60.74	7.24	0.00	0.00	2000
232	10.86	2143	2097	0.00	201	0	0	0	nan	0.00	0.00	5.40	83.69	89.14	0.00	41	0	42	0.00	0.00	66.04	7.79	0.00	0.00	2000
232	10.75	2166	2094	0.00	202	0	0	0	nan	0.01	0.06	2.64	86.30	89.25	0.00	41	0	42	0.00	0.00	65.62	7.66	0.00	0.00	2000
229	11.27	2028	2107	0.00	197	0	0	0	nan	0.00	0.00	4.93	84.26	88.73	0.00	41	0	42	0.00	0.00	66.79	7.76	0.00	0.00	2000
229	11.05	2079	2093	0.00	180	0	0	0	nan	0.00	0.00	6.93	81.77	88.95	0.00	41	0	42	0.00	0.00	62.58	7.31	0.00	0.00	2000
230	10.79	2126	2106	0.00	197	0	0	0	nan	0.00	0.99	6.52	82.11	89.21	0.00	41	0	42	0.00	0.00	64.55	7.66	0.00	0.00	2000
229	11.10	2138	2029	0.00	197	0	0	0	nan	0.00	0.05	5.67	80.21	88.90	0.00	41	0	42	0.00	0.00	61.99	7.07	0.00	0.00	2000
234	10.89	2071	2174	0.00	200	0	0	0	nan	0.00	0.02	7.53	84.79	89.11	0.00	41	0	42	0.00	0.00	65.88	7.77	0.00	0.00	2000
231	11.00	2095	2105	0.00	194	0	0	0	nan	0.00	0.00	7.03	82.24	89.00	0.00	41	0	42	0.00	0.00	66.65	7.80	0.00	0.00	2000
230	10.89	2113	2098	0.00	196	0	0	0	nan	0.00	0.00	6.52	82.49	89.11	0.00	41	0	42	0.00	0.00	66.86	7.87	0.00	0.00	2000
231	11.00	2098	2100	0.00	181	0	0	0	nan	0.00	0.02	4.94	84.14	89.00	0.00	41	0	42	0.00	0.00	63.72	7.85	0.00	0.00	2000
232	11.14	2079	2100	0.00	198	0	0	0	nan	0.03	0.00	6.06	82.85	88.86	0.00	41	0	42	0.00	0.00	63.46	7.30	0.00	0.00	2000
230	10.99	2097	2101	0.00	196	0	0	0	nan	0.00	0.01	5.82	83.28	89.01	0.00	41	0	42	0.00	0.00	66.86	7.68	0.00	0.00	2000
233	11.04	2114	2096	0.00	200	0	0	0	nan	0.00	0.00	6.55	82.24	88.96	0.00	41	0	42	0.00	0.00	60.97	7.17	0.00	0.00	2000
232	11.10	2089	2096	0.00	183	0	0	0	nan	0.00	0.04	5.26	83.53	88.90	0.00	41	0	42	0.00	0.00	65.33	7.68	0.00	0.00	2000
230	11.09	2063	2107	0.00	198	0	0	0	nan	0.00	0.02	4.23	85.03	88.91	0.00	41	0	42	0.00	0.00	65.53	7.52	0.00	0.00	2000
234	11.48	2045	2096	0.00	196	0	0	0	nan	0.00	0.07	4.83	83.59	88.52	0.00	41	0	42	0.00	0.00	65.48	7.50	0.00	0.00	2000
230	11.02	2085	2101	0.41	203	0	0	4	50.57	0.01	0.01	4.52	84.58	88.98	0.00	41	0	42	0.00	0.00	65.16	7.73	0.00	0.00	2000
230	11.32	2118	2016	0.49	199	0	0	2	84.77	0.00	0.00	6.34	78.86	88.68	0.00	41	0	42	0.00	0.00	61.43	7.05	0.00	0.00	2000
233	10.97	2030	2195	0.00	201	0	0	0	nan	0.00	0.06	7.33	85.87	89.03	0.00	41	0	42	0.00	0.00	66.37	7.82	0.00	0.00	2000
230	11.16	2063	2099	0.00	197	0	0	0	nan	0.00	0.00	7.78	81.18	88.84	0.00	41	0	42	0.00	0.00	65.83	7.76	0.00	0.00	2000
229	10.98	2091	2099	0.00	196	0	0	0	nan	0.00	0.00	6.64	82.41	89.02	0.00	41	0	42	0.00	0.00	66.66	7.94	0.00	0.00	2000
230	11.21	2058	2097	0.00	197	0	0	0	nan	0.00	0.00	7.97	80.89	88.79	0.00	41	0	42	0.00	0.00	60.61	7.07	0.00	0.00	2000
228	10.99	2078	2101	0.00	181	0	0	0	nan	0.00	0.01	6.47	82.61	89.01	0.00	41	0	42	0.00	0.00	65.79	7.78	0.00	0.00	2000
233	11.34	2055	2098	0.00	198	0	0	0	nan	0.00	0.03	7.41	81.29	88.66	0.00	41	0	42	0.00	0.00	65.13	7.73	0.00	0.00	2000
230	11.07	2073	2104	0.00	195	0	0	0	nan	0.00	0.00	8.08	81.13	88.93	0.00	41	0	42	0.00	0.00	66.75	7.87	0.00	0.00	2000
230	11.05	2084	2099	0.00	199	0	0	0	nan	0.00	0.00	6.61	82.40	88.95	0.00	41	0	42	0.00	0.00	60.93	7.10	0.00	0.00	2000
231	10.90	2116	2103	0.00	180	0	0	0	nan	0.00	0.01	7.36	81.81	89.10	0.00	41	0	42	0.00	0.00	66.51	7.74	0.00	0.00	2000
230	11.02	2086	2100	0.00	197	0	0	0	nan	0.00	0.04	6.76	82.29	88.98	0.00	41	0	42	0.00	0.00	66.96	7.71	0.00	0.00	2000
229	10.99	2110	2076	0.00	196	0	0	0	nan	0.00	0.00	5.82	82.21	89.01	0.00	41	0	42	0.00	0.00	60.12	6.95	0.00	0.00	2000
233	10.94	2112	2119	0.00	184	0	0	0	nan	0.00	0.38	8.47	81.11	89.06	0.00	41	0	42	0.00	0.00	66.52	7.72	0.00	0.00	2000
231	10.39	2224	2102	0.00	197	0	0	0	nan	0.00	2.69	7.68	79.48	89.61	0.00	41	0	42	0.00	0.00	67.31	7.90	0.00	0.00	2000
234	11.30	2073	2100	0.00	198	0	0	0	nan	0.00	0.00	9.59	79.17	88.70	0.00	41	0	42	0.00	0.00	66.59	7.66	0.00	0.00	2000
230	11.15	2080	2086	0.00	211	0	0	0	nan	0.00	0.01	8.75	79.62	88.85	0.00	41	0	42	0.00	0.00	59.90	6.98	0.00	0.00	2000
229	11.00	2065	2113	0.00	181	0	0	2	64.93	0.00	0.00	7.40	82.21	89.00	0.00	41	0	42	0.00	0.00	66.45	7.80	0.00	0.00	2000
229	10.99	2085	2103	0.80	199	0	0	4	54.73	0.00	0.00	6.46	82.68	89.01	0.00	41	0	42	0.00	0.00	65.60	7.78	0.00	0.00	2000
230	11.58	2042	2040	0.00	196	0	0	0	nan	0.00	0.00	7.81	78.18	88.42	0.00	41	0	42	0.00	0.00	62.29	7.33	0.00	0.00	2000
230	11.16	2002	2164	0.00	197	0	0	0	nan	0.00	0.02	9.09	82.49	88.84	0.00	41	0	42	0.00	0.00	66.58	8.06	0.00	0.00	2000
229	11.31	2032	2091	0.00	197	0	0	0	nan	0.00	0.00	7.58	80.93	88.69	0.00	41	0	42	0.00	0.00	64.87	7.61	0.00	0.00	2000
230	11.20	2047	2108	0.00	199	0	0	0	nan	0.00	0.00	6.04	83.18	88.80	0.00	41	0	42	0.00	0.00	66.77	7.93	0.00	0.00	2000
231	11.13	2072	2100	0.00	197	0	0	0	nan	0.00	0.02	5.98	82.99	88.87	0.00	41	0	42	0.00	0.00	63.90	7.12	0.00	0.00	2000
233	11.19	2083	2099	0.00	180	0	0	0	nan	0.04	0.00	7.57	81.32	88.81	0.00	41	0	42	0.00	0.00	64.00	7.75	0.00	0.00	2000
230	11.09	2074	2099	0.00	199	0	0	0	nan	0.00	0.02	8.22	80.70	88.91	0.00	41	0	42	0.00	0.00	65.42	7.58	0.00	0.00	2000
229	11.18	2048	2101	0.00	194	0	0	0	nan	0.00	0.00	7.80	81.16	88.82	0.00	41	0	42	0.00	0.00	65.92	7.67	0.00	0.00	2000
228	11.21	2103	2035	0.00	196	0	0	0	nan	0.00	0.00	5.69	80.38	88.79	0.00	41	0	42	0.00	0.00	61.91	7.40	0.00	0.00	2000
230	10.86	2047	2176	0.00	194	0	0	0	nan	0.00	0.07	5.43	86.96	89.14	0.00	41	0	42	0.00	0.00	67.01	7.86	0.00	0.00	2000
231	11.03	2094	2099	0.00	195	0	0	0	nan	0.03	0.03	3.05	85.98	88.97	0.00	41	0	42	0.00	0.00	65.96	7.80	0.00	0.00	2000
232	11.01	2109	2099	0.00	200	0	0	0	nan	0.00	0.04	4.98	84.06	88.99	0.00	41	0	42	0.00	0.00	60.94	7.16	0.00	0.00	2000
233	10.98	2125	2093	0.00	197	0	0	0	nan	0.00	0.52	8.64	79.55	89.02	0.00	41	0	42	0.00	0.00	65.06	7.32	0.00	0.00	2000
229	10.95	2094	2102	0.00	178	0	0	0	nan	0.00	0.53	8.93	79.80	89.05	0.00	41	0	42	0.00	0.00	66.38	7.70	0.00	0.00	2000
231	10.96	2101	2106	0.00	198	0	0	0	nan	0.00	0.00	7.14	82.19	89.04	0.00	41	0	42	0.00	0.00	65.83	7.81	0.00	0.00	2000
229	10.96	2097	2097	0.00	196	0	0	0	nan	0.00	0.00	5.94	82.97	89.04	0.00	41	0	42	0.00	0.00	63.36	7.48	0.00	0.00	2000
230	11.17	2067	2089	0.59	195	0	0	4	38.58	0.00	0.00	5.83	82.64	88.83	0.00	41	0	42	0.00	0.00	64.90	7.33	0.00	0.00	2000
232	11.20	2061	2111	0.33	200	0	0	0	nan	0.00	0.01	7.45	81.94	88.80	0.00	41	0	42	0.00	0.00	63.58	7.64	0.00	0.00	2000
230	11.22	2090	2058	0.00	179	0	0	0	nan	0.00	0.00	6.98	80.15	88.78	0.00	41	0	42	0.00	0.00	63.91	7.64	0.00	0.00	2000
230	10.65	2125	2139	0.00	198	0	0	0	nan	0.00	0.02	7.83	83.16	89.35	0.00	41	0	42	0.00	0.00	65.37	7.72	0.00	0.00	2000
230	11.08	2072	2108	0.00	198	0	0	0	nan	0.00	0.03	6.24	82.97	88.92	0.00	41	0	42	0.00	0.00	65.93	7.82	0.00	0.00	2000
230	11.18	2060	2098	0.00	197	0	0	0	nan	0.00	0.00	6.59	82.26	88.82	0.00	41	0	42	0.00	0.00	61.07	7.35	0.00	0.00	2000
233	11.02	2116	2097	0.00	198	0	0	0	nan	0.00	0.01	8.12	80.78	88.98	0.00	41	0	42	0.00	0.00	65.84	7.84	0.00	0.00	2000
230	11.10	2069	2099	0.00	185	0	0	0	nan	0.04	0.03	7.15	81.76	88.90	0.00	41	0	42	0.00	0.00	66.09	7.83	0.00	0.00	2000
232	11.14	2075	2103	0.00	196	0	0	0	nan	0.00	2.00	6.29	80.84	88.86	0.00	42	0	42	0.00	0.00	66.34	7.80	0.00	0.00	2000
228	11.06	2130	2032	0.00	197	0	0	0	nan	0.00	0.04	3.20	82.93	88.94	0.00	41	0	42	0.00	0.00	59.62	7.07	0.00	0.00	2000
231	10.78	2080	2166	0.00	197	0	0	0	nan	0.00	0.00	5.43	86.55	89.22	0.00	41	0	42	0.00	0.00	67.90	8.02	0.00	0.00	2000
230	10.91	2101	2108	0.00	198	0	0	0	nan	0.00	0.46	8.49	80.59	89.09	0.00	41	0	42	0.00	0.00	66.55	7.91	0.00	0.00	2000
232	11.05	2102	2097	0.00	201	0	0	0	nan	0.00	0.03	7.89	80.96	88.95	0.00	41	0	42	0.00	0.00	62.65	7.43	0.00	0.00	2000
231	11.26	2053	2099	0.00	197	0	0	0	nan	0.00	0.00	8.51	80.29	88.74	0.00	41	0	42	0.00	0.00	63.99	7.56	0.00	0.00	2000
231	10.96	2108	2100	0.00	197	0	0	0	nan	0.00	0.00	9.33	79.66	89.04	0.00	41	0	42	0.00	0.00	66.73	7.98	0.00	0.00	2000
229	11.00	2082	2101	0.00	181	0	0	0	nan	0.00	0.01	6.12	82.99	89.00	0.00	41	0	42	0.00	0.00	63.09	7.37	0.00	0.00	2000
230	11.14	2064	2098	0.00	194	0	0	0	nan	0.00	0.00	6.60	82.27	88.86	0.00	41	0	42	0.00	0.00	65.22	7.64	0.00	0.00	2000
235	11.38	2066	2102	0.01	200	0	0	3	54.84	0.00	0.02	7.73	81.00	88.62	0.00	41	0	42	0.00	0.00	63.82	7.55	0.00	0.00	2000
234	11.20	2113	2075	0.81	181	0	0	4	62.27	0.00	0.73	8.70	78.40	88.80	0.00	41	0	42	0.00	0.00	64.84	7.58	0.00	0.00	2000
228	11.02	2052	2121	0.00	196	0	0	0	nan	0.00	0.01	9.84	80.02	88.98	0.00	40	0	42	0.00	0.00	64.09	8.06	0.00	0.00	2000
231	11.12	2070	2106	0.00	195	0	0	0	nan	0.00	0.03	6.61	82.57	88.88	0.00	41	0	42	0.00	0.00	66.19	7.95	0.00	0.00	2000
229	11.12	2061	2100	0.00	196	0	0	0	nan	0.00	0.02	7.32	81.70	88.88	0.00	41	0	42	0.00	0.00	60.67	7.08	0.00	0.00	2000
227	11.34	2081	2018	0.00	198	0	0	0	nan	0.00	0.01	6.48	78.81	88.66	0.00	41	0	42	0.00	0.00	60.71	7.12	0.00	0.00	2000
233	11.01	2029	2193	0.00	197	0	0	0	nan	0.01	0.14	5.58	87.39	88.99	0.00	41	0	42	0.00	0.00	71.84	8.37	0.00	0.00	2000
230	11.14	2068	2098	0.00	201	0	0	0	nan	0.03	0.01	5.24	83.70	88.86	0.00	41	0	42	0.00	0.00	59.95	7.10	0.00	0.00	2000
230	10.79	2131	2098	0.00	199	0	0	0	nan	0.00	0.00	5.15	83.96	89.21	0.00	41	0	42	0.00	0.00	66.64	7.66	0.00	0.00	2000
230	10.99	2100	2096	0.00	182	0	0	0	nan	0.00	0.44	6.27	82.26	89.01	0.00	41	0	42	0.00	0.00	65.30	7.67	0.00	0.00	2000
230	11.00	2082	2106	0.00	198	0	0	0	nan	0.00	0.00	8.15	81.10	89.00	0.00	42	0	42	0.00	0.00	66.19	7.84	0.00	0.00	2000
231	10.97	2108	2097	0.00	197	0	0	0	nan	0.00	0.03	7.50	81.45	89.03	0.00	41	0	42	0.00	0.00	60.41	7.03	0.00	0.00	2000
232	10.96	2117	2097	0.00	196	0	0	0	nan	0.00	0.00	7.31	81.60	89.04	0.00	41	0	42	0.00	0.00	65.36	7.74	0.00	0.00	2000
231	11.13	2072	2101	0.00	200	0	0	0	nan	0.00	0.00	7.09	81.92	88.87	0.00	41	0	42	0.00	0.00	64.97	7.62	0.00	0.00	2000
228	10.90	2090	2103	0.00	196	0	0	0	nan	0.00	0.00	7.25	81.94	89.10	0.00	41	0	42	0.00	0.00	66.99	7.59	0.00	0.00	2000
231	10.96	2108	2102	0.00	182	0	0	0	nan	0.00	0.00	5.53	83.74	89.04	0.00	41	0	42	0.00	0.00	60.90	7.09	0.00	0.00	2000
228	10.84	2172	2031	0.00	195	0	0	0	nan	0.00	0.02	6.30	79.89	89.16	0.00	41	0	42	0.00	0.00	62.32	7.47	0.00	0.00	2000
234	11.14	2034	2166	0.00	196	0	0	0	92.27	0.00	0.00	7.44	84.26	88.86	0.00	41	0	42	0.00	0.00	70.16	8.33	0.00	0.00	2000
229	11.09	2059	2103	0.85	200	0	0	4	46.99	0.00	0.00	7.18	81.95	88.91	0.00	41	0	42	0.00	0.00	59.91	7.03	0.00	0.00	2000
230	11.03	2088	2096	0.04	198	0	0	0	nan	0.00	0.02	7.31	81.56	88.97	0.00	41	0	42	0.00	0.00	65.42	7.65	0.00	0.00	2000
230	11.12	2064	2105	0.00	196	0	0	0	nan	0.04	0.00	7.32	81.77	88.88	0.00	41	0	42	0.00	0.00	65.32	7.68	0.00	0.00	2000
231	11.19	2058	2103	0.00	199	0	0	0	nan	0.00	0.09	4.85	84.16	88.81	0.00	41	0	42	0.00	0.00	66.20	7.66	0.00	0.00	2000
228	11.01	2072	2100	0.00	196	0	0	0	nan	0.00	0.04	2.70	86.39	88.99	0.00	41	0	42	0.00	0.00	65.94	7.86	0.00	0.00	2000
233	11.11	2099	2098	0.00	181	0	0	0	nan	0.01	1.01	6.74	81.12	88.89	0.00	41	0	42	0.00	0.00	60.34	7.21	0.00	0.00	2000
228	11.08	2116	2043	0.00	202	0	0	0	nan	0.00	0.01	6.35	80.30	88.92	0.00	41	0	42	0.00	0.00	62.94	7.40	0.00	0.00	2000
230	10.64	2103	2157	0.00	199	0	0	0	nan	0.00	0.03	7.97	83.83	89.36	0.00	41	0	42	0.00	0.00	66.00	7.60	0.00	0.00	2000
230	10.98	2090	2105	0.00	195	0	0	0	nan	0.00	0.00	7.03	82.32	89.02	0.00	41	0	42	0.00	0.00	66.99	7.94	0.00	0.00	2000
231	10.96	2108	2099	0.00	198	0	0	0	nan	0.00	0.00	5.37	83.64	89.04	0.00	41	0	42	0.00	0.00	66.48	7.91	0.00	0.00	2000
236	11.41	2077	2090	0.00	180	0	0	0	nan	0.00	0.01	7.27	81.08	88.59	0.00	41	0	42	0.00	0.00	62.35	7.35	0.00	0.00	2000
235	11.26	2079	2107	0.00	198	0	0	0	nan	0.04	0.00	8.75	80.39	88.74	0.00	41	0	42	0.00	0.00	65.28	7.67	0.00	0.00	2000
233	11.01	2111	2102	0.00	199	0	0	0	nan	0.00	0.02	6.16	82.88	88.99	0.00	41	0	42	0.00	0.00	63.85	7.65	0.00	0.00	2000
227	11.32	2087	2017	0.00	197	0	0	0	nan	0.00	0.05	5.82	79.42	88.68	0.00	41	0	42	0.00	0.00	61.95	7.21	0.00	0.00	2000
232	10.66	2086	2186	0.00	199	0	0	0	nan	0.00	0.01	5.23	87.82	89.34	0.00	41	0	42	0.00	0.00	66.12	8.00	0.00	0.00	2000
230	10.87	2115	2105	0.00	197	0	0	0	nan	0.00	0.00	6.49	82.78	89.13	0.00	41	0	42	0.00	0.00	65.91	7.67	0.00	0.00	2000
231	11.30	2051	2092	0.00	198	0	0	0	nan	0.00	0.00	7.25	81.26	88.70	0.00	41	0	42	0.00	0.00	64.80	7.52	0.00	0.00	2000
230	11.24	2046	2103	0.42	204	0	0	6	50.02	0.00	0.08	7.33	81.62	88.76	0.00	41	0	42	0.00	0.00	65.08	7.65	0.00	0.00	2000
230	10.86	2115	2101	0.51	196	0	0	2	82.48	0.00	0.03	2.60	86.54	89.14	0.00	41	0	42	0.00	0.00	65.62	7.83	0.00	0.00	2000
230	10.99	2094	2101	0.00	198	0	0	0	nan	0.02	0.01	4.59	84.53	89.01	0.00	41	0	42	0.00	0.00	60.37	7.05	0.00	0.00	2000
228	10.80	2116	2095	0.00	181	0	0	0	nan	0.00	1.01	6.11	82.01	89.20	0.00	41	0	42	0.00	0.00	65.89	7.65	0.00	0.00	2000
233	11.04	2103	2105	0.00	201	0	0	0	nan	0.00	0.02	6.28	82.87	88.96	0.00	41	0	42	0.00	0.00	65.84	7.71	0.00	0.00	2000
233	11.11	2100	2101	0.00	200	0	0	0	nan	0.00	0.02	6.87	82.09	88.89	0.00	41	0	42	0.00	0.00	66.57	7.92	0.00	0.00	2000
230	11.06	2082	2100	0.00	195	0	0	0	nan	0.00	0.00	7.98	81.09	88.94	0.00	41	0	42	0.00	0.00	60.42	7.20	0.00	0.00	2000
231	10.86	2124	2101	0.00	179	0	0	0	nan	0.00	0.01	7.76	81.54	89.14	0.00	41	0	42	0.00	0.00	66.79	7.94	0.00	0.00	2000
227	11.24	2105	2015	0.00	198	0	0	0	nan	0.00	0.02	6.04	79.19	88.76	0.00	41	0	42	0.00	0.00	61.30	7.38	0.00	0.00	2000
232	10.69	2081	2193	0.00	198	0	0	0	nan	0.00	0.01	6.44	86.81	89.31	0.00	41	0	42	0.00	0.00	66.64	8.11	0.00	0.00	2000
230	10.87	2118	2100	0.00	196	0	0	0	nan	0.00	0.00	6.87	82.32	89.13	0.00	41	0	42	0.00	0.00	65.49	7.80	0.00	0.00	2000
234	11.05	2116	2099	0.00	200	0	0	0	nan	0.00	0.00	6.34	82.61	88.95	0.00	41	0	42	0.00	0.00	66.88	7.88	0.00	0.00	2000
232	11.03	2107	2098	0.00	180	0	0	0	nan	0.00	0.00	6.65	82.18	88.97	0.00	41	0	42	0.00	0.00	60.75	7.26	0.00	0.00	2000
230	10.81	2122	2102	0.00	197	0	0	0	nan	0.00	0.00	6.49	82.89	89.19	0.00	41	0	42	0.00	0.00	66.47	7.97	0.00	0.00	2000
231	10.82	2133	2100	0.00	198	0	0	0	nan	0.00	0.02	5.67	83.59	89.18	0.00	41	0	42	0.00	0.00	66.25	7.90	0.00	0.00	2000
228	10.96	2087	2097	0.00	179	0	0	0	nan	0.00	2.20	3.64	83.27	89.04	0.00	41	0	42	0.00	0.00	60.18	7.18	0.00	0.00	2000
232	11.16	2083	2098	0.00	201	0	0	0	nan	0.03	0.03	4.42	84.34	88.84	0.00	41	0	42	0.00	0.00	65.36	7.64	0.00	0.00	2000
233	11.24	2073	2101	0.00	203	0	0	2	64.77	0.00	0.00	7.68	81.26	88.76	0.00	41	0	42	0.00	0.00	66.09	7.82	0.00	0.00	2000
231	10.98	2105	2103	0.83	194	0	0	6	56.05	0.00	0.00	7.38	81.84	89.02	0.00	41	0	42	0.00	0.00	66.25	7.72	0.00	0.00	2000
229	11.11	2073	2088	0.00	182	0	0	0	nan	0.00	0.91	7.88	79.72	88.89	0.00	41	0	42	0.00	0.00	59.28	6.90	0.00	0.00	2000
231	11.10	2071	2108	0.00	199	0	0	0	nan	0.00	0.00	7.54	81.75	88.90	0.00	41	0	42	0.00	0.00	65.88	7.70	0.00	0.00	2000
227	11.32	2077	2031	0.00	196	0	0	0	nan	0.00	0.01	7.51	78.44	88.68	0.00	41	0	42	0.00	0.00	63.04	7.50	0.00	0.00	2000
234	10.94	2061	2180	0.00	196	0	0	0	nan	0.00	0.00	5.85	86.73	89.06	0.00	41	0	42	0.00	0.00	66.10	7.69	0.00	0.00	2000
230	10.62	2167	2098	0.00	203	0	0	0	nan	0.00	0.00	6.72	82.51	89.38	0.00	41	0	42	0.00	0.00	66.64	7.76	0.00	0.00	2000
230	11.18	2057	2098	0.00	199	0	0	0	nan	0.00	0.00	7.44	81.46	88.82	0.00	41	0	42	0.00	0.00	60.31	7.04	0.00	0.00	2000
231	10.96	2105	2102	0.00	179	0	0	0	nan	0.00	0.01	6.65	82.49	89.04	0.00	41	0	42	0.00	0.00	66.92	7.87	0.00	0.00	2000
230	11.05	2088	2096	0.00	196	0	0	0	nan	0.00	0.00	5.40	83.47	88.95	0.00	41	0	42	0.00	0.00	65.27	7.86	0.00	0.00	2000
230	11.00	2095	2100	0.00	197	0	0	0	nan	0.00	0.00	5.57	83.43	89.00	0.00	41	0	42	0.00	0.00	60.49	7.07	0.00	0.00	2000
235	11.24	2091	2098	0.00	195	0	0	0	nan	0.00	0.00	5.71	83.09	88.76	0.00	41	0	42	0.00	0.00	66.19	7.83	0.00	0.00	2000
232	10.94	2120	2097	0.00	185	0	0	0	nan	0.00	0.07	4.20	84.74	89.06	0.00	42	0	42	0.00	0.00	65.26	7.62	0.00	0.00	2000
232	11.40	2037	2099	0.00	202	0	0	0	nan	0.00	0.02	6.20	82.46	88.60	0.00	41	0	42	0.00	0.00	64.85	7.55	0.00	0.00	2000
228	11.43	2060	2038	0.00	198	0	0	0	nan	0.00	0.06	6.34	79.71	88.57	0.00	41	0	42	0.00	0.00	62.71	7.50	0.00	0.00	2000
231	10.81	2066	2172	0.00	197	0	0	0	nan	0.00	0.02	5.04	87.18	89.19	0.00	41	0	42	0.00	0.00	66.20	7.69	0.00	0.00	2000
230	10.98	2100	2095	0.00	200	1	0	0	nan	0.00	0.02	6.71	82.04	89.02	0.00	41	0	42	0.00	0.00	65.42	7.58	0.00	0.00	2000
233	11.28	2068	2101	0.00	200	0	0	0	nan	0.00	0.00	8.08	80.70	88.72	0.00	41	0	42	0.00	0.00	64.69	7.63	0.00	0.00	2000
229	11.14	2054	2104	0.53	197	0	0	6	47.26	0.00	0.00	6.04	83.05	88.86	0.00	41	0	42	0.00	0.00	65.94	7.89	0.00	0.00	2000
232	10.88	2131	2101	0.42	200	0	0	0	90.36	0.00	0.02	6.37	82.79	89.12	0.00	41	0	42	0.00	0.00	60.60	7.05	0.00	0.00	2000
230	11.21	2055	2094	0.00	186	0	0	0	nan	0.00	0.02	8.42	80.13	88.79	0.00	41	0	42	0.00	0.00	65.98	7.66	0.00	0.00	2000
231	11.10	2078	2100	0.00	197	0	0	0	nan	0.00	0.00	6.47	82.44	88.90	0.00	41	0	42	0.00	0.00	65.21	7.63	0.00	0.00	2000
230	11.10	2068	2102	0.00	198	0	0	0	nan	0.00	0.00	5.95	83.15	88.90	0.00	41	0	42	0.00	0.00	66.20	7.60	0.00	0.00	2000
233	11.07	2104	2102	0.00	198	0	0	0	nan	0.00	0.01	6.45	82.56	88.93	0.00	41	0	42	0.00	0.00	60.07	7.08	0.00	0.00	2000
230	11.00	2094	2097	0.00	199	0	0	0	nan	0.00	0.02	7.03	81.92	89.00	0.00	41	0	42	0.00	0.00	65.83	7.87	0.00	0.00	2000
232	11.30	2058	2091	0.00	179	0	0	0	nan	0.00	0.00	7.99	80.38	88.70	0.00	41	0	42	0.00	0.00	64.44	7.60	0.00	0.00	2000
230	10.86	2104	2109	0.00	197	0	0	0	nan	0.00	0.02	5.62	83.87	89.14	0.00	41	0	42	0.00	0.00	66.79	7.80	0.00	0.00	2000
230	11.15	2127	2040	0.00	196	0	0	0	nan	0.04	0.07	3.34	82.93	88.85	0.00	41	0	42	0.00	0.00	60.94	7.27	0.00	0.00	2000
234	10.67	2125	2169	0.00	201	0	0	0	nan	0.00	0.07	3.87	88.35	89.33	0.00	41	0	42	0.00	0.00	69.49	8.22	0.00	0.00	2000
232	11.37	2048	2097	0.00	205	0	0	0	nan	0.00	0.00	4.86	83.78	88.63	0.00	41	0	42	0.00	0.00	62.04	7.36	0.00	0.00	2000
230	11.05	2081	2099	0.00	197	0	0	0	nan	0.00	0.00	6.03	82.94	88.95	0.00	41	0	42	0.00	0.00	62.59	7.28	0.00	0.00	2000
230	10.83	2131	2097	0.00	198	0	0	0	nan	0.00	0.03	5.01	83.87	89.17	0.00	41	0	42	0.00	0.00	65.12	7.62	0.00	0.00	2000
233	11.17	2081	2105	0.00	198	0	0	0	nan	0.00	0.02	5.10	83.95	88.83	0.00	41	0	42	0.00	0.00	64.47	7.62	0.00	0.00	2000
234	11.30	2074	2102	0.00	200	0	0	0	nan	0.04	0.00	8.60	80.34	88.70	0.00	41	0	42	0.00	0.00	65.99	7.81	0.00	0.00	2000
232	11.08	2093	2098	0.00	183	0	0	0	nan	0.00	0.00	7.94	80.94	88.92	0.00	41	0	42	0.00	0.00	66.55	7.82	0.00	0.00	2000
229	11.01	2090	2095	0.00	195	0	0	4	55.52	0.00	0.50	7.74	80.58	88.99	0.00	41	0	42	0.00	0.00	65.24	7.56	0.00	0.00	2000
228	11.07	2126	2037	0.82	196	0	0	4	59.91	0.00	0.02	6.63	79.63	88.93	0.00	41	0	42	0.00	0.00	57.93	6.73	0.00	0.00	2000
232	10.61	2117	2170	0.00	196	0	0	0	nan	0.00	0.01	5.71	86.63	89.39	0.00	41	0	42	0.00	0.00	71.44	8.54	0.00	0.00	2000
231	11.01	2101	2101	0.00	196	0	0	0	nan	0.04	0.02	7.12	81.94	88.99	0.00	41	0	42	0.00	0.00	64.05	7.56	0.00	0.00	2000
235	10.76	2182	2103	0.00	198	0	0	0	nan	0.00	0.02	6.73	82.53	89.24	0.00	41	0	42	0.00	0.00	63.68	7.59	0.00	0.00	2000
230	10.70	2158	2092	0.00	186	0	0	0	nan	0.00	1.09	6.94	81.10	89.30	0.00	41	0	42	0.00	0.00	66.04	7.80	0.00	0.00	2000
232	11.18	2069	2105	0.00	200	0	0	0	nan	0.00	1.99	5.36	81.80	88.82	0.00	41	0	42	0.00	0.00	65.94	7.48	0.00	0.00	2000
229	10.89	2107	2100	0.00	200	0	0	0	nan	0.00	0.02	3.87	85.33	89.11	0.00	41	0	42	0.00	0.00	60.45	7.40	0.00	0.00	2000
231	11.09	2078	2101	0.00	199	0	0	0	nan	0.00	0.02	6.32	82.73	88.91	0.00	42	0	42	0.00	0.00	65.20	7.41	0.00	0.00	2000
229	10.91	2105	2097	0.00	198	0	0	0	nan	0.00	0.44	7.19	81.42	89.09	0.00	41	0	42	0.00	0.00	66.08	7.63	0.00	0.00	2000
233	11.22	2084	2090	0.00	198	0	0	0	nan	0.00	0.03	6.99	81.42	88.78	0.00	41	0	42	0.00	0.00	65.39	7.44	0.00	0.00	2000
230	11.07	2072	2109	0.00	185	0	0	0	nan	0.04	0.00	5.45	83.94	88.93	0.00	41	0	42	0.00	0.00	64.99	7.63	0.00	0.00	2000
231	11.33	2037	2101	0.00	194	0	0	0	nan	0.00	0.00	7.93	80.90	88.67	0.00	41	0	42	0.00	0.00	65.03	7.72	0.00	0.00	2000
229	11.06	2112	2057	0.00	198	0	0	0	nan	0.00	0.00	6.04	81.02	88.94	0.00	41	0	42	0.00	0.00	61.01	7.17	0.00	0.00	2000
231	11.07	2043	2144	0.00	197	0	0	0	nan	0.00	0.00	6.21	84.66	88.93	0.00	41	0	42	0.00	0.00	67.82	7.97	0.00	0.00	2000
232	11.22	2063	2100	0.00	196	0	0	0	nan	0.00	0.00	7.69	81.14	88.78	0.00	41	0	42	0.00	0.00	62.75	7.50	0.00	0.00	2000
231	11.23	2058	2102	0.00	202	0	0	0	nan	0.01	0.00	6.30	82.59	88.77	0.00	42	0	42	0.00	0.00	62.33	7.42	0.00	0.00	2000
231	11.15	2071	2096	0.00	196	0	0	0	nan	0.04	0.03	7.45	81.24	88.85	0.00	41	0	42	0.00	0.00	65.27	7.72	0.00	0.00	2000
230	11.15	2057	2104	0.82	197	0	0	6	43.68	0.00	0.00	5.35	83.75	88.85	0.00	41	0	42	0.00	0.00	65.28	7.75	0.00	0.00	2000
230	11.11	2067	2101	0.09	198	0	0	0	nan	0.00	0.01	6.80	82.23	88.89	0.00	41	0	42	0.00	0.00	66.49	7.90	0.00	0.00	2000
231	10.93	2109	2100	0.00	195	0	0	0	nan	0.00	0.07	7.26	81.81	89.07	0.00	41	0	42	0.00	0.00	65.84	7.81	0.00	0.00	2000
231	10.99	2142	2059	0.00	183	0	0	0	nan	0.00	0.58	3.37	83.47	89.01	0.00	41	0	42	0.00	0.00	58.14	6.78	0.00	0.00	2000
230	11.01	2051	2139	0.00	203	0	0	0	nan	0.00	0.55	6.98	83.29	88.99	0.00	41	0	42	0.00	0.00	70.45	8.09	0.00	0.00	2000
228	11.08	2057	2099	0.00	196	0	0	0	nan	0.00	0.00	8.88	80.13	88.92	0.00	41	0	42	0.00	0.00	59.90	7.33	0.00	0.00	2000
231	11.33	2038	2100	0.00	197	0	0	0	nan	0.00	0.03	6.34	82.38	88.67	0.00	41	0	42	0.00	0.00	64.93	7.74	0.00	0.00	2000
230	10.93	2104	2103	0.00	199	0	0	0	nan	0.00	0.00	5.50	83.71	89.07	0.00	41	0	42	0.00	0.00	67.13	7.94	0.00	0.00	2000
234	10.92	2148	2095	0.00	202	0	0	0	nan	0.00	0.01	5.92	82.97	89.08	0.00	41	0	42	0.00	0.00	64.66	7.56	0.00	0.00	2000
227	11.28	2104	2010	0.00	198	0	0	0	nan	0.00	0.00	4.29	80.67	88.72	0.00	41	0	42	0.00	0.00	61.32	6.96	0.00	0.00	2000
239	11.26	2051	2176	0.00	194	0	0	0	nan	0.00	0.00	2.96	89.10	88.74	0.00	41	0	42	0.00	0.00	67.18	8.19	0.00	0.00	2000
229	10.71	2109	2127	0.00	195	0	0	0	nan	0.00	0.02	4.74	85.73	89.29	0.00	41	0	42	0.00	0.00	64.15	7.55	0.00	0.00	2000
229	10.91	2103	2094	0.00	195	0	0	0	nan	0.00	0.00	3.38	85.56	89.09	0.00	41	0	42	0.00	0.00	64.38	7.63	0.00	0.00	2000
229	10.79	2115	2104	0.00	195	0	0	0	nan	0.00	0.00	3.91	85.47	89.21	0.00	41	0	42	0.00	0.00	66.39	7.73	0.00	0.00	2000
232	11.16	2082	2101	0.00	198	0	0	0	nan	0.01	0.00	3.04	85.88	88.84	0.00	42	0	42	0.00	0.00	66.64	7.70	0.00	0.00	2000
229	10.80	2118	2102	0.00	180	0	0	0	nan	0.00	0.03	3.51	85.85	89.20	0.00	41	0	42	0.00	0.00	60.89	7.14	0.00	0.00	2000
229	10.83	2125	2089	0.00	196	0	0	0	nan	0.00	0.00	3.29	85.45	89.17	0.00	41	0	42	0.00	0.00	64.69	7.36	0.00	0.00	2000
228	11.19	2030	2108	0.43	194	0	0	6	49.88	0.00	0.00	2.78	86.43	88.81	0.00	41	0	42	0.00	0.00	65.36	7.66	0.00	0.00	2000
230	11.35	2027	2101	0.50	194	0	0	2	84.14	0.00	0.00	3.67	85.11	88.65	0.00	41	0	42	0.00	0.00	65.79	7.75	0.00	0.00	2000
228	10.94	2093	2096	0.00	194	0	0	0	nan	0.00	0.02	2.75	86.19	89.06	0.00	41	0	42	0.00	0.00	65.54	7.53	0.00	0.00	2000
231	11.29	2046	2098	0.00	196	0	0	0	nan	0.00	0.02	3.56	85.16	88.71	0.00	41	0	42	0.00	0.00	64.16	7.52	0.00	0.00	2000
229	11.07	2065	2104	0.00	194	0	0	0	nan	0.00	0.00	3.33	85.80	88.93	0.00	41	0	42	0.00	0.00	60.75	7.04	0.00	0.00	2000
228	11.20	2041	2098	0.00	180	0	0	0	nan	0.00	0.02	3.63	85.12	88.80	0.00	41	0	42	0.00	0.00	65.79	7.41	0.00	0.00	2000
230	11.18	2052	2104	0.00	195	0	0	0	nan	0.00	0.01	2.97	86.13	88.82	0.00	41	0	42	0.00	0.00	65.75	7.81	0.00	0.00	2000
230	11.07	2073	2101	0.00	194	0	0	0	nan	0.00	0.01	3.52	85.57	88.93	0.00	41	0	42	0.00	0.00	66.11	7.85	0.00	0.00	2000
227	11.00	2071	2098	0.00	194	0	0	0	nan	0.00	0.02	2.94	86.12	89.00	0.00	41	0	42	0.00	0.00	63.24	7.54	0.00	0.00	2000
231	11.16	2081	2092	0.00	180	0	0	0	nan	0.00	0.00	3.52	85.06	88.84	0.00	41	0	42	0.00	0.00	64.83	7.77	0.00	0.00	2000
229	10.79	2109	2110	0.00	195	0	0	0	nan	0.00	0.01	3.98	85.66	89.21	0.00	41	0	42	0.00	0.00	63.76	7.58	0.00	0.00	2000
229	11.28	2076	2050	0.00	194	0	0	0	nan	0.00	0.00	3.31	83.35	88.72	0.00	41	0	42	0.00	0.00	62.87	7.36	0.00	0.00	2000
229	10.83	2064	2155	0.00	197	0	0	0	nan	0.00	0.00	4.39	87.22	89.17	0.00	41	0	42	0.00	0.00	66.68	7.70	0.00	0.00	2000
229	11.13	2062	2095	0.00	197	0	0	0	nan	0.00	0.00	3.45	85.34	88.87	0.00	41	0	42	0.00	0.00	64.33	7.67	0.00	0.00	2000
236	11.51	2042	2105	0.00	211	0	0	0	nan	0.00	0.00	6.72	82.00	88.49	0.00	41	0	42	0.00	0.00	66.97	7.80	0.00	0.00	2000
230	10.99	2093	2097	0.00	194	0	0	0	nan	0.00	0.00	3.24	85.70	89.01	0.00	41	0	42	0.00	0.00	62.37	7.30	0.00	0.00	2000
229	11.18	2049	2101	0.00	195	0	0	0	nan	0.00	0.00	2.99	85.96	88.82	0.00	41	0	42	0.00	0.00	63.85	7.46	0.00	0.00	2000
230	11.11	2071	2101	0.00	179	0	0	3	58.20	0.00	0.00	3.80	85.25	88.89	0.00	41	0	42	0.00	0.00	66.25	7.77	0.00	0.00	2000
226	11.00	2128	2030	0.77	196	0	0	5	59.46	0.00	0.05	2.97	83.06	89.00	0.00	41	0	42	0.00	0.00	62.04	7.30	0.00	0.00	2000
230	11.11	2003	2171	0.00	194	0	0	0	nan	0.00	0.00	3.36	88.73	88.89	0.00	41	0	42	0.00	0.00	64.94	7.65	0.00	0.00	2000
230	11.15	2058	2105	0.00	195	0	0	0	nan	0.00	0.00	3.26	85.96	88.85	0.00	41	0	42	0.00	0.00	66.84	7.96	0.00	0.00	2000
229	10.84	2115	2099	0.00	193	0	0	0	nan	0.01	0.00	3.23	85.95	89.16	0.00	41	0	42	0.00	0.00	66.26	7.89	0.00	0.00	2000
229	10.84	2118	2095	0.00	195	0	0	0	nan	0.01	0.00	3.14	85.91	89.16	0.00	41	0	42	0.00	0.00	62.79	7.36	0.00	0.00	2000
229	11.10	2055	2103	0.00	194	0	0	0	nan	0.00	0.00	3.56	85.53	88.90	0.00	41	0	42	0.00	0.00	63.78	7.58	0.00	0.00	2000
229	11.06	2069	2099	0.00	178	0	0	0	nan	0.00	0.01	3.40	85.57	88.94	0.00	41	0	42	0.00	0.00	65.65	7.79	0.00	0.00	2000
230	11.29	2038	2101	0.00	194	0	0	0	nan	0.00	0.01	3.48	85.37	88.71	0.00	41	0	42	0.00	0.00	66.52	7.63	0.00	0.00	2000
231	11.20	2072	2088	0.00	196	0	0	0	nan	0.00	0.00	3.09	85.22	88.80	0.00	41	0	42	0.00	0.00	60.60	7.25	0.00	0.00	2000
230	11.30	2032	2107	0.00	179	0	0	0	nan	0.00	0.00	3.62	85.49	88.70	0.00	41	0	42	0.00	0.00	65.29	7.48	0.00	0.00	2000
228	11.25	2068	2055	0.00	195	0	0	0	nan	0.00	0.00	3.56	83.44	88.75	0.00	41	0	42	0.00	0.00	64.37	7.59	0.00	0.00	2000
230	10.87	2068	2147	0.00	195	0	0	0	nan	0.00	0.00	4.43	86.74	89.13	0.00	41	0	42	0.00	0.00	65.15	7.66	0.00	0.00	2000
229	10.79	2115	2105	0.00	196	0	0	0	nan	0.00	0.00	3.37	86.09	89.21	0.00	41	0	42	0.00	0.00	66.75	7.81	0.00	0.00	2000
232	11.23	2064	2099	0.00	194	0	0	0	nan	0.00	0.00	4.05	84.71	88.77	0.00	41	0	42	0.00	0.00	64.85	7.72	0.00	0.00	2000
228	10.85	2101	2097	0.00	194	0	0	0	nan	0.00	0.00	3.28	85.82	89.15	0.00	41	0	42	0.00	0.00	62.99	7.50	0.00	0.00	2000
230	11.22	2048	2102	0.00	197	0	0	0	nan	0.00	0.02	4.52	84.45	88.78	0.00	41	0	42	0.00	0.00	62.98	7.56	0.00	0.00	2000
229	10.80	2117	2099	0.00	179	0	0	0	nan	0.00	0.02	3.95	85.26	89.20	0.00	41	0	42	0.00	0.00	66.60	7.67	0.00	0.00	2000
227	11.13	2088	2056	0.66	196	0	0	6	45.24	0.00	0.00	3.10	83.97	88.87	0.00	41	0	42	0.00	0.00	63.35	7.53	0.00	0.00	2000
228	10.72	2085	2142	0.25	195	0	0	0	nan	0.00	0.00	3.54	87.62	89.28	0.00	41	0	42	0.00	0.00	65.28	7.60	0.00	0.00	2000
231	11.03	2094	2105	0.00	196	0	0	0	nan	0.00	0.00	2.88	86.27	88.97	0.00	41	0	42	0.00	0.00	66.31	7.80	0.00	0.00	2000
229	10.90	2106	2095	0.00	192	0	0	0	nan	0.00	0.00	2.78	86.15	89.10	0.00	41	0	42	0.00	0.00	62.85	7.38	0.00	0.00	2000
230	11.18	2055	2104	0.00	196	0	0	0	nan	0.00	0.00	3.75	85.32	88.82	0.00	41	0	42	0.00	0.00	63.32	7.58	0.00	0.00	2000
229	10.96	2094	2100	0.00	195	0	0	0	nan	0.00	0.01	3.27	85.74	89.04	0.00	41	0	42	0.00	0.00	66.81	7.84	0.00	0.00	2000
230	11.32	2073	2056	0.00	178	0	0	0	nan	0.00	0.00	3.39	83.48	88.68	0.00	41	0	42	0.00	0.00	63.34	7.48	0.00	0.00	2000
228	11.05	2027	2140	0.00	195	0	0	0	nan	0.00	0.00	3.80	86.93	88.95	0.00	41	0	42	0.00	0.00	65.30	7.81	0.00	0.00	2000
231	11.33	2033	2103	0.00	196	0	0	0	nan	0.00	0.00	3.64	85.31	88.67	0.00	41	0	42	0.00	0.00	65.53	7.53	0.00	0.00	2000
230	10.66	2156	2103	0.00	194	0	0	0	nan	0.00	0.00	3.08	86.30	89.34	0.00	41	0	42	0.00	0.00	63.89	7.43	0.00	0.00	2000
229	10.74	2136	2095	0.00	194	0	0	0	nan	0.00	0.00	2.72	86.34	89.26	0.00	41	0	42	0.00	0.00	64.31	7.61	0.00	0.00	2000
228	11.21	2032	2103	0.00	194	0	0	0	nan	0.00	0.00	3.39	85.57	88.79	0.00	41	0	42	0.00	0.00	63.22	7.41	0.00	0.00	2000
235	11.23	2095	2096	0.00	197	0	0	0	nan	0.00	0.02	3.37	85.24	88.77	0.00	41	0	42	0.00	0.00	64.98	7.71	0.00	0.00	2000
229	11.20	2043	2104	0.00	195	0	0	0	nan	0.01	0.00	3.59	85.39	88.80	0.00	41	0	42	0.00	0.00	66.75	7.87	0.00	0.00	2000
230	11.00	2144	2043	0.00	179	0	0	0	nan	0.00	0.00	3.35	83.18	89.00	0.00	41	0	42	0.00	0.00	61.57	7.07	0.00	0.00	2000
229	10.90	2041	2158	0.00	193	0	0	0	nan	0.00	0.03	3.47	88.11	89.10	0.00	41	0	42	0.00	0.00	69.02	8.32	0.00	0.00	2000
231	11.04	2085	2105	0.00	195	0	0	0	nan	0.00	0.02	3.90	85.29	88.96	0.00	41	0	42	0.00	0.00	63.63	7.40	0.00	0.00	2000
228	10.94	2091	2093	0.19	195	0	0	5	51.47	0.00	0.00	3.13	85.74	89.06	0.00	41	0	42	0.00	0.00	62.16	7.47	0.00	0.00	2000
230	10.91	2109	2099	0.80	195	0	0	4	67.26	0.00	0.02	3.18	85.90	89.10	0.00	41	0	42	0.00	0.00	65.30	7.78	0.00	0.00	2000
232	11.01	2109	2101	0.00	198	0	0	0	nan	0.00	0.02	3.87	85.12	88.99	0.00	42	0	42	0.00	0.00	67.31	8.01	0.00	0.00	2000
229	10.92	2101	2098	0.00	179	0	0	0	nan	0.00	0.00	3.08	86.00	89.08	0.00	41	0	42	0.00	0.00	65.22	7.88	0.00	0.00	2000
228	10.96	2081	2098	0.00	195	0	0	0	nan	0.00	0.00	3.13	85.88	89.04	0.00	41	0	42	0.00	0.00	62.66	7.51	0.00	0.00	2000
229	10.78	2121	2105	0.00	197	0	0	0	nan	0.00	0.02	2.97	86.37	89.22	0.00	42	0	42	0.00	0.00	65.25	7.96	0.00	0.00	2000
227	11.22	2084	2035	0.00	194	0	0	0	nan	0.00	0.01	3.34	82.83	88.78	0.00	41	0	42	0.00	0.00	60.01	7.29	0.00	0.00	2000
233	10.81	2082	2170	0.00	195	0	0	0	nan	0.00	0.02	3.74	88.41	89.19	0.00	41	0	42	0.00	0.00	71.72	8.50	0.00	0.00	2000
229	10.99	2081	2099	0.00	197	0	0	0	nan	0.00	0.00	3.25	85.83	89.01	0.00	41	0	42	0.00	0.00	63.12	7.51	0.00	0.00	2000
231	11.33	2035	2103	0.00	194	0	0	0	nan	0.00	0.00	3.51	85.39	88.67	0.00	41	0	42	0.00	0.00	62.58	7.83	0.00	0.00	2000
228	11.14	2057	2090	0.00	193	0	0	0	nan	0.00	0.00	3.11	85.43	88.86	0.00	42	0	42	0.00	0.00	65.08	7.81	0.00	0.00	2000
230	11.14	2055	2106	0.00	195	0	0	0	nan	0.00	0.00	3.03	86.13	88.86	0.00	42	0	43	0.00	0.00	66.07	8.10	0.00	0.00	2000
229	11.04	2080	2090	0.00	181	0	0	0	nan	0.00	0.00	3.47	85.21	88.96	0.00	41	0	42	0.00	0.00	65.00	7.84	0.00	0.00	2000
231	11.16	2058	2113	0.00	196	0	0	0	nan	0.00	0.00	4.38	85.03	88.84	0.00	42	0	42	0.00	0.00	66.49	7.87	0.00	0.00	2000
228	11.21	2040	2097	0.00	196	0	0	0	nan	0.00	0.02	3.34	85.38	88.79	0.00	41	0	42	0.00	0.00	60.11	7.11	0.00	0.00	2000
229	11.12	2058	2102	0.00	193	0	0	0	nan	0.00	0.02	3.11	85.98	88.88	0.00	41	0	42	0.00	0.00	65.27	7.93	0.00	0.00	2000
224	11.41	2062	2003	0.00	196	0	0	0	nan	0.00	0.02	2.62	81.99	88.59	0.00	41	0	42	0.00	0.00	61.61	7.37	0.00	0.00	2000
232	10.75	2059	2198	0.00	194	0	0	5	35.93	0.00	0.02	2.76	90.73	89.25	0.00	41	0	42	0.00	0.00	70.43	8.57	0.00	0.00	2000
231	10.80	2127	2108	1.07	196	0	0	9	38.17	0.00	0.00	3.94	85.58	89.20	0.00	41	0	42	0.00	0.00	63.93	7.65	0.00	0.00	2000
230	11.08	2073	2101	0.00	195	0	0	0	nan	0.00	0.00	2.98	86.09	88.92	0.00	41	0	42	0.00	0.00	63.00	7.56	0.00	0.00	2000
227	11.09	2058	2092	0.00	194	0	0	0	nan	0.00	0.00	2.69	86.05	88.91	0.00	41	0	42	0.00	0.00	65.68	7.86	0.00	0.00	2000
228	11.24	2034	2098	0.00	196	0	0	0	nan	0.00	0.00	3.03	85.75	88.76	0.00	41	0	42	0.00	0.00	64.28	7.88	0.00	0.00	2000
235	11.60	2018	2104	0.00	201	0	0	0	nan	0.00	0.00	5.36	83.29	88.40	0.00	41	0	42	0.00	0.00	66.53	8.09	0.00	0.00	2000
230	10.94	2101	2101	0.00	179	0	0	0	nan	0.00	0.02	3.40	85.75	89.06	0.00	41	0	42	0.00	0.00	60.66	7.30	0.00	0.00	2000
231	11.26	2058	2095	0.00	196	0	0	0	nan	0.00	0.00	3.70	84.87	88.74	0.00	41	0	42	0.00	0.00	65.29	7.73	0.00	0.00	2000
229	11.06	2063	2108	0.00	196	0	0	0	nan	0.00	0.00	3.51	85.71	88.94	0.00	41	0	42	0.00	0.00	65.77	7.86	0.00	0.00	2000
228	10.97	2084	2097	0.00	194	0	0	0	nan	0.00	0.00	3.32	85.67	89.03	0.00	41	0	42	0.00	0.00	66.10	7.94	0.00	0.00	2000
231	10.78	2143	2101	0.00	194	0	0	0	nan	0.00	0.01	3.13	86.11	89.22	0.00	42	0	42	0.00	0.00	66.60	7.90	0.00	0.00	2000
229	10.81	2122	2098	0.00	180	0	0	0	nan	0.00	0.00	3.45	85.81	89.19	0.00	42	0	42	0.00	0.00	60.76	7.20	0.00	0.00	2000
229	10.98	2094	2094	0.00	196	0	0	0	nan	0.00	0.00	3.77	84.96	89.02	0.00	41	0	42	0.00	0.00	65.02	7.73	0.00	0.00	2000
231	11.23	2050	2108	0.00	199	0	0	0	nan	0.00	0.00	3.65	85.57	88.77	0.00	42	0	42	0.00	0.00	65.68	7.87	0.00	0.00	2000
226	11.41	2042	2038	0.00	195	0	0	0	nan	0.00	0.00	2.57	83.49	88.59	0.00	42	0	42	0.00	0.00	62.27	7.40	0.00	0.00	2000
230	10.85	2050	2170	0.00	194	0	0	0	nan	0.01	0.00	4.05	88.05	89.15	0.00	41	0	42	0.00	0.00	66.74	8.07	0.00	0.00	2000
228	11.30	2027	2092	0.00	197	0	0	0	nan	0.00	0.00	3.72	84.77	88.70	0.00	41	0	42	0.00	0.00	64.66	7.73	0.00	0.00	2000
228	11.19	2037	2101	0.00	194	0	0	0	nan	0.00	0.00	3.26	85.65	88.81	0.00	42	0	42	0.00	0.00	66.09	7.96	0.00	0.00	2000
232	11.00	2106	2101	0.76	195	0	0	10	24.70	0.00	0.00	2.65	86.37	89.00	0.00	41	0	42	0.00	0.00	65.74	7.95	0.00	0.00	2000
230	10.98	2094	2099	0.40	194	0	0	0	nan	0.00	0.01	3.23	85.77	89.02	0.00	41	0	42	0.00	0.00	64.01	7.70	0.00	0.00	2000
230	11.13	2061	2108	0.00	179	0	0	0	nan	0.00	0.00	3.91	85.30	88.87	0.00	41	0	42	0.00	0.00	63.57	7.67	0.00	0.00	2000
228	11.05	2071	2091	0.00	195	0	0	0	nan	0.00	0.00	4.06	84.57	88.95	0.00	41	0	42	0.00	0.00	65.47	7.83	0.00	0.00	2000
229	11.06	2071	2102	0.00	195	0	0	0	nan	0.00	0.03	3.51	85.52	88.94	0.00	41	0	42	0.00	0.00	65.64	7.86	0.00	0.00	2000
228	10.71	2129	2101	0.00	194	0	0	0	nan	0.00	0.01	2.94	86.41	89.29	0.00	41	0	42	0.00	0.00	65.67	7.86	0.00	0.00	2000
229	11.11	2141	2018	0.00	195	0	0	0	nan	0.00	0.00	3.18	82.33	88.89	0.00	41	0	42	0.00	0.00	61.04	7.24	0.00	0.00	2000
230	10.97	2012	2187	0.00	196	0	0	0	nan	0.00	0.04	3.16	89.66	89.03	0.00	41	0	42	0.00	0.00	65.76	7.91	0.00	0.00	2000
231	11.20	2061	2103	0.00	197	0	0	0	nan	0.01	0.00	4.03	84.94	88.80	0.00	41	0	42	0.00	0.00	65.68	7.96	0.00	0.00	2000
228	11.08	2059	2096	0.00	195	0	0	0	nan	0.00	0.01	3.59	85.27	88.92	0.00	41	0	42	0.00	0.00	66.02	7.97	0.00	0.00	2000
230	10.94	2096	2104	0.00	196	0	0	0	nan	0.00	0.00	2.69	86.57	89.06	0.00	41	0	42	0.00	0.00	64.10	7.73	0.00	0.00	2000
230	11.11	2076	2098	0.00	178	0	0	0	nan	0.00	0.03	3.71	85.19	88.89	0.00	41	0	42	0.00	0.00	63.54	7.49	0.00	0.00	2000
229	11.11	2070	2096	0.00	198	0	0	0	nan	0.00	0.01	3.30	85.43	88.89	0.00	42	0	42	0.00	0.00	65.92	7.78	0.00	0.00	2000
228	11.17	2041	2103	0.00	196	0	0	0	nan	0.00	0.00	3.56	85.49	88.83	0.00	41	0	42	0.00	0.00	65.61	7.99	0.00	0.00	2000
229	11.27	2032	2097	0.00	194	0	0	0	nan	0.00	0.00	3.38	85.33	88.73	0.00	41	0	42	0.00	0.00	64.77	7.79	0.00	0.00	2000
229	11.03	2070	2107	0.00	197	0	0	0	nan	0.00	0.00	3.66	85.69	88.97	0.00	41	0	42	0.00	0.00	66.91	8.00	0.00	0.00	2000
228	11.23	2043	2091	0.00	196	0	0	0	nan	0.00	0.00	2.90	85.66	88.77	0.00	41	0	42	0.00	0.00	61.82	7.40	0.00	0.00	2000
230	11.06	2075	2108	0.16	196	0	0	7	34.28	0.00	0.01	3.58	85.82	88.94	0.00	41	0	42	0.00	0.00	63.63	7.63	0.00	0.00	2000
229	11.25	2038	2096	0.97	179	0	0	5	44.29	0.00	0.00	3.28	85.43	88.75	0.00	41	0	42	0.00	0.00	65.71	7.91	0.00	0.00	2000
229	11.08	2068	2098	0.00	197	0	0	0	nan	0.00	0.00	3.79	85.05	88.92	0.00	41	0	42	0.00	0.00	65.15	7.75	0.00	0.00	2000
228	11.43	2028	2062	0.00	194	0	0	0	nan	0.00	0.00	2.93	84.11	88.57	0.00	42	0	42	0.00	0.00	62.87	7.60	0.00	0.00	2000
227	11.17	1997	2137	0.00	195	0	0	0	nan	0.00	0.00	3.80	86.71	88.83	0.00	42	0	42	0.00	0.00	64.99	7.89	0.00	0.00	2000
232	11.22	2067	2101	0.00	195	0	0	0	nan	0.00	0.00	2.87	86.09	88.78	0.00	41	0	42	0.00	0.00	65.31	8.03	0.00	0.00	2000
229	11.30	2024	2105	0.00	197	0	0	0	nan	0.00	0.00	3.58	85.37	88.70	0.00	41	0	42	0.00	0.00	66.28	7.93	0.00	0.00	2000
230	11.18	2055	2103	0.00	195	0	0	0	nan	0.00	0.00	3.97	85.04	88.82	0.00	41	0	42	0.00	0.00	66.28	8.13	0.00	0.00	2000
231	11.00	2103	2094	0.00	206	0	0	0	nan	0.00	0.00	4.18	84.66	89.00	0.00	42	0	42	0.00	0.00	63.02	7.42	0.00	0.00	2000
229	11.01	2078	2098	0.00	198	0	0	0	nan	0.00	0.00	3.41	85.57	88.99	0.00	41	0	42	0.00	0.00	65.30	7.84	0.00	0.00	2000
229	10.96	2096	2090	0.00	196	0	0	0	nan	0.00	0.00	3.04	85.62	89.04	0.00	41	0	42	0.00	0.00	62.78	7.79	0.00	0.00	2000
232	11.20	2058	2115	0.00	181	0	0	0	nan	0.00	0.01	4.28	85.17	88.80	0.00	41	0	42	0.00	0.00	66.39	8.11	0.00	0.00	2000
230	10.89	2106	2101	0.00	196	0	0	0	nan	0.00	0.02	3.47	85.80	89.11	0.00	41	0	42	0.00	0.00	66.50	7.93	0.00	0.00	2000
227	11.37	2054	2040	0.00	195	0	0	0	nan	0.00	0.01	2.89	83.25	88.63	0.00	41	0	42	0.00	0.00	59.53	7.10	0.00	0.00	2000
228	11.09	2004	2158	0.00	194	0	0	0	nan	0.00	0.02	3.60	87.76	88.91	0.00	41	0	42	0.00	0.00	68.94	8.13	0.00	0.00	2000
229	11.10	2062	2101	0.00	196	0	0	0	nan	0.00	0.02	2.92	86.07	88.90	0.00	41	0	42	0.00	0.00	64.72	7.96	0.00	0.00	2000
228	10.91	2088	2104	0.00	196	0	0	0	nan	0.00	0.00	2.37	86.84	89.09	0.00	41	0	42	0.00	0.00	66.78	8.00	0.00	0.00	2000
232	11.09	2090	2103	0.00	194	0	0	2	51.00	0.00	0.02	2.91	86.14	88.91	0.00	41	0	42	0.00	0.00	61.58	7.34	0.00	0.00	2000
229	11.09	2067	2097	1.11	194	0	0	10	35.18	0.00	0.02	3.01	85.82	88.91	0.00	42	0	42	0.00	0.00	66.12	7.82	0.00	0.00	2000
230	11.07	2075	2100	0.00	178	0	0	0	nan	0.00	0.00	3.06	85.84	88.93	0.00	41	0	42	0.00	0.00	66.75	7.97	0.00	0.00	2000
230	11.13	2060	2105	0.00	196	0	0	0	nan	0.00	0.02	3.38	85.82	88.87	0.00	42	0	42	0.00	0.00	63.87	7.62	0.00	0.00	2000
227	10.98	2154	2014	0.00	196	0	0	0	nan	0.00	0.01	2.73	82.63	89.02	0.00	41	0	42	0.00	0.00	59.20	7.16	0.00	0.00	2000
233	10.59	2109	2191	0.00	196	0	0	0	nan	0.00	0.02	3.53	89.73	89.41	0.00	41	0	42	0.00	0.00	73.10	8.78	0.00	0.00	2000
229	11.04	2079	2096	0.00	195	0	0	0	nan	0.00	0.00	3.49	85.40	88.96	0.00	41	0	42	0.00	0.00	62.07	7.38	0.00	0.00	2000
228	11.00	2074	2100	0.00	194	0	0	0	nan	0.00	0.02	3.54	85.54	89.00	0.00	41	0	42	0.00	0.00	63.86	7.72	0.00	0.00	2000
230	10.56	2200	2078	0.00	195	0	0	0	nan	0.00	0.01	2.88	85.56	89.44	0.00	41	0	42	0.00	0.00	66.81	8.12	0.00	0.00	2000
230	10.87	2094	2120	0.00	195	0	0	0	nan	0.01	0.00	2.82	87.25	89.13	0.00	41	0	42	0.00	0.00	65.04	7.78	0.00	0.00	2000
236	11.48	2050	2103	0.00	199	0	0	0	nan	0.00	0.01	3.21	85.52	88.52	0.00	41	0	42	0.00	0.00	63.78	7.64	0.00	0.00	2000
231	10.69	2155	2103	0.00	179	0	0	0	nan	0.00	0.00	3.36	86.05	89.31	0.00	41	0	42	0.00	0.00	67.25	8.05	0.00	0.00	2000
230	10.77	2138	2099	0.00	195	0	0	0	nan	0.00	0.02	3.01	86.16	89.23	0.00	41	0	42	0.00	0.00	63.79	7.58	0.00	0.00	2000
228	10.78	2121	2092	0.00	196	0	0	0	nan	0.00	0.01	2.69	86.18	89.22	0.00	41	0	42	0.00	0.00	64.86	7.93	0.00	0.00	2000
231	10.55	2187	2102	0.00	195	0	0	0	nan	0.00	0.01	3.00	86.37	89.45	0.00	41	0	42	0.00	0.00	64.72	7.70	0.00	0.00	2000
229	10.84	2113	2101	0.00	199	0	0	0	nan	0.00	0.00	5.14	84.00	89.16	0.00	41	0	42	0.00	0.00	63.87	7.69	0.00	0.00	2000
232	11.15	2078	2102	0.00	196	0	0	0	nan	0.00	0.01	3.53	85.44	88.85	0.00	41	0	42	0.00	0.00	64.60	7.68	0.00	0.00	2000
230	10.98	2088	2105	0.00	195	0	0	0	nan	0.00	0.00	3.32	85.96	89.02	0.00	42	0	42	0.00	0.00	67.05	7.88	0.00	0.00	2000
230	10.98	2097	2096	0.67	181	0	0	11	28.93	0.00	0.00	3.56	85.34	89.02	0.00	41	0	42	0.00	0.00	63.24	7.63	0.00	0.00	2000
229	11.09	2066	2102	0.51	195	0	0	0	90.03	0.00	0.00	3.79	85.37	88.91	0.00	42	0	42	0.00	0.00	63.94	7.55	0.00	0.00	2000
230	10.80	2133	2096	0.00	194	0	0	0	nan	0.00	0.00	3.36	85.69	89.20	0.00	41	0	42	0.00	0.00	64.90	7.81	0.00	0.00	2000
228	10.95	2104	2078	0.00	180	0	0	0	nan	0.00	0.02	3.62	84.57	89.05	0.00	42	0	42	0.00	0.00	64.77	7.72	0.00	0.00	2000
231	10.89	2098	2122	0.00	195	0	0	0	nan	0.00	0.00	4.02	86.06	89.11	0.00	41	0	42	0.00	0.00	63.65	7.68	0.00	0.00	2000
229	11.14	2053	2104	0.00	195	0	0	0	nan	0.00	0.02	3.95	85.08	88.86	0.00	42	0	42	0.00	0.00	65.75	7.96	0.00	0.00	2000
229	11.29	2027	2097	0.00	194	0	0	0	nan	0.00	0.02	2.73	85.96	88.71	0.00	41	0	42	0.00	0.00	64.92	7.72	0.00	0.00	2000
230	11.09	2073	2099	0.00	194	0	0	0	nan	0.00	0.00	3.10	85.84	88.91	0.00	41	0	42	0.00	0.00	62.72	7.32	0.00	0.00	2000
225	11.39	2071	2007	0.00	196	0	0	0	nan	0.00	0.00	2.91	81.85	88.61	0.00	42	0	42	0.00	0.00	61.47	7.31	0.00	0.00	2000
232	10.66	2072	2210	0.00	198	0	0	0	nan	0.00	0.03	3.43	90.58	89.34	0.00	41	0	42	0.00	0.00	70.06	8.37	0.00	0.00	2000
231	11.05	2097	2098	0.00	195	0	0	0	nan	0.00	0.00	4.21	84.63	88.95	0.00	41	0	42	0.00	0.00	62.48	7.51	0.00	0.00	2000
228	10.75	2125	2095	0.00	196	0	0	0	nan	0.00	0.02	3.21	85.86	89.25	0.00	41	0	42	0.00	0.00	65.91	7.74	0.00	0.00	2000
229	11.08	2063	2106	0.00	195	0	0	0	nan	0.00	0.00	3.12	86.16	88.92	0.00	41	0	42	0.00	0.00	66.38	7.80	0.00	0.00	2000
227	10.98	2071	2098	0.00	179	0	0	0	nan	0.00	0.00	3.23	85.84	89.02	0.00	42	0	42	0.00	0.00	63.37	7.70	0.00	0.00	2000
229	11.09	2066	2101	0.00	197	0	0	0	nan	0.00	0.02	3.43	85.51	88.91	0.00	42	0	42	0.00	0.00	65.99	7.86	0.00	0.00	2000
229	11.32	2027	2097	0.00	196	0	0	0	nan	0.00	0.00	3.57	85.05	88.68	0.00	41	0	42	0.00	0.00	64.43	7.69	0.00	0.00	2000
229	10.92	2094	2103	0.00	195	0	0	0	nan	0.00	0.00	3.24	86.05	89.08	0.00	42	0	42	0.00	0.00	62.72	7.68	0.00	0.00	2000
228	10.95	2084	2101	0.01	195	0	0	6	35.71	0.00	0.01	2.79	86.40	89.05	0.00	41	0	42	0.00	0.00	66.94	8.03	0.00	0.00	2000
231	11.40	2032	2095	1.10	183	0	0	7	42.40	0.00	0.01	4.95	83.54	88.60	0.00	42	0	42	0.00	0.00	63.39	7.66	0.00	0.00	2000
230	10.87	2111	2104	0.00	196	0	0	0	nan	0.00	0.00	3.91	85.43	89.13	0.00	41	0	42	0.00	0.00	64.03	7.62	0.00	0.00	2000
229	11.00	2087	2097	0.00	197	0	0	0	nan	0.00	0.00	3.16	85.73	89.00	0.00	41	0	42	0.00	0.00	64.93	7.96	0.00	0.00	2000
239	11.52	2081	2093	0.00	226	0	0	0	nan	0.00	0.02	3.74	84.39	88.48	0.00	42	0	42	0.00	0.00	65.69	7.94	0.00	0.00	2000
230	11.44	2087	2022	0.00	195	0	0	0	nan	0.01	0.00	3.04	82.36	88.56	0.00	42	0	42	0.00	0.00	61.65	7.39	0.00	0.00	2000
230	10.76	2055	2184	0.00	195	0	0	0	nan	0.00	0.02	2.74	90.17	89.24	0.00	42	0	42	0.00	0.00	67.77	8.25	0.00	0.00	2000
231	10.81	2138	2103	0.00	195	0	0	0	nan	0.00	0.01	3.03	86.19	89.19	0.00	41	0	42	0.00	0.00	64.97	7.97	0.00	0.00	2000
229	10.86	2100	2108	0.00	195	0	0	0	nan	0.00	0.00	2.96	86.60	89.14	0.00	41	0	42	0.00	0.00	64.09	7.91	0.00	0.00	2000
231	10.88	2125	2100	0.00	196	0	0	0	nan	0.00	0.00	3.74	85.51	89.12	0.00	42	0	42	0.00	0.00	66.03	7.84	0.00	0.00	2000
230	10.91	2114	2096	0.00	198	0	0	0	nan	0.00	0.02	3.58	85.24	89.09	0.00	41	0	42	0.00	0.00	65.74	7.97	0.00	0.00	2000
229	11.01	2076	2105	0.00	195	0	0	0	nan	0.00	0.00	2.95	86.29	88.99	0.00	41	0	42	0.00	0.00	64.21	7.57	0.00	0.00	2000
228	11.24	2030	2098	0.00	179	0	0	0	nan	0.00	0.00	3.14	85.70	88.76	0.00	42	0	42	0.00	0.00	63.37	7.66	0.00	0.00	2000
227	11.06	2086	2069	0.00	194	0	0	0	nan	0.00	0.02	2.67	85.07	88.94	0.00	41	0	42	0.00	0.00	63.96	7.67	0.00	0.00	2000
229	11.16	2021	2132	0.00	196	0	0	0	nan	0.00	0.00	2.76	87.56	88.84	0.00	42	0	42	0.00	0.00	65.19	8.05	0.00	0.00	2000
231	11.37	2030	2100	0.00	196	0	0	0	nan	0.00	0.00	3.50	85.23	88.63	0.00	41	0	42	0.00	0.00	66.47	7.93	0.00	0.00	2000
228	11.10	2056	2098	0.00	194	0	0	0	nan	0.00	0.02	2.98	85.95	88.90	0.00	41	0	42	0.00	0.00	62.84	7.55	0.00	0.00	2000
229	11.06	2082	2092	0.00	195	0	0	0	93.76	0.00	0.00	3.28	85.46	88.94	0.00	41	0	42	0.00	0.00	64.72	7.92	0.00	0.00	2000
228	10.92	2080	2111	1.09	181	0	0	11	33.54	0.00	0.02	3.97	85.71	89.08	0.00	42	0	42	0.00	0.00	63.42	7.66	0.00	0.00	2000
230	11.22	2052	2098	0.07	195	0	0	0	nan	0.00	0.00	3.78	84.99	88.78	0.00	41	0	42	0.00	0.00	65.35	7.77	0.00	0.00	2000
229	10.94	2094	2098	0.00	194	0	0	0	nan	0.00	0.00	3.42	85.60	89.06	0.00	42	0	42	0.00	0.00	66.50	8.05	0.00	0.00	2000
231	11.16	2091	2080	0.00	196	0	0	0	nan	0.00	0.00	4.00	84.08	88.84	0.00	41	0	42	0.00	0.00	62.73	7.50	0.00	0.00	2000
228	11.37	2010	2093	0.00	184	0	0	0	nan	0.00	0.02	5.00	83.51	88.63	0.00	41	0	42	0.00	0.00	61.94	7.56	0.00	0.00	2000
229	11.03	2057	2122	0.00	196	0	0	0	nan	0.00	0.00	3.97	86.04	88.97	0.00	41	0	42	0.00	0.00	68.06	8.30	0.00	0.00	2000
229	11.17	2045	2107	0.00	195	0	0	0	nan	0.00	0.00	3.55	85.76	88.83	0.00	42	0	42	0.00	0.00	63.58	7.69	0.00	0.00	2000
229	11.25	2040	2096	0.00	194	0	0	0	nan	0.00	0.00	3.40	85.37	88.75	0.00	41	0	42	0.00	0.00	65.05	7.88	0.00	0.00	2000
228	11.31	2018	2102	0.00	197	0	0	0	nan	0.00	0.01	3.51	85.39	88.69	0.00	42	0	42	0.00	0.00	66.14	7.94	0.00	0.00	2000
231	10.87	2126	2097	0.00	195	0	0	0	nan	0.00	0.00	3.53	85.35	89.13	0.00	41	0	42	0.00	0.00	63.70	7.60	0.00	0.00	2000
228	10.92	2115	2076	0.00	179	0	0	0	nan	0.00	0.00	3.43	84.67	89.08	0.00	42	0	42	0.00	0.00	62.13	7.41	0.00	0.00	2000
228	11.01	2055	2120	0.00	196	0	0	0	nan	0.00	0.00	4.41	85.49	88.99	0.00	41	0	42	0.00	0.00	65.99	8.03	0.00	0.00	2000
229	10.97	2080	2107	0.00	195	0	0	0	nan	0.00	0.00	3.98	85.44	89.03	0.00	42	0	42	0.00	0.00	66.55	8.03	0.00	0.00	2000
236	10.96	2146	2103	0.00	210	0	0	0	nan	0.00	0.01	6.00	83.11	89.04	0.00	41	0	42	0.00	0.00	60.61	7.57	0.00	0.00	2000
228	11.09	2062	2095	0.00	195	0	0	0	nan	0.00	0.00	3.27	85.49	88.91	0.00	41	0	42	0.00	0.00	69.01	7.55	0.00	0.00	2000
230	11.29	2063	2072	0.00	179	0	0	0	nan	0.00	0.00	3.54	84.08	88.71	0.00	41	0	42	0.00	0.00	61.62	7.71	0.00	0.00	2000
228	10.98	2047	2126	0.00	196	0	0	0	nan	0.00	0.02	4.30	85.97	89.02	0.00	41	0	42	0.00	0.00	65.55	8.06	0.00	0.00	2000
230	11.21	2045	2105	0.42	196	0	0	9	33.97	0.00	0.00	3.21	85.83	88.79	0.00	41	0	42	0.00	0.00	65.76	7.98	0.00	0.00	2000
229	10.98	2082	2100	0.75	195	0	0	3	59.53	0.00	0.00	3.50	85.55	89.02	0.00	41	0	42	0.00	0.00	65.93	7.87	0.00	0.00	2000
230	11.37	2025	2101	0.00	195	0	0	0	nan	0.00	0.02	3.06	85.72	88.63	0.00	42	0	42	0.00	0.00	63.82	7.84	0.00	0.00	2000
231	11.02	2096	2099	0.00	195	0	0	0	nan	0.00	0.00	3.33	85.64	88.98	0.00	41	0	42	0.00	0.00	63.24	7.71	0.00	0.00	2000
230	11.07	2110	2063	0.00	181	0	0	0	nan	0.00	0.01	3.48	83.93	88.93	0.00	41	0	43	0.00	0.00	64.58	7.72	0.00	0.00	2000
230	11.18	2032	2130	0.00	196	0	0	0	nan	0.00	0.02	4.63	85.50	88.82	0.00	41	0	42	0.00	0.00	64.65	7.88	0.00	0.00	2000
230	11.11	2069	2105	0.00	195	0	0	0	nan	0.00	0.00	3.07	86.06	88.89	0.00	41	0	42	0.00	0.00	65.61	7.80	0.00	0.00	2000
229	10.93	2099	2097	0.00	199	0	0	0	nan	0.00	0.00	4.25	84.69	89.07	0.00	41	0	42	0.00	0.00	65.62	7.84	0.00	0.00	2000
231	11.03	2087	2107	0.00	198	0	0	0	nan	0.00	0.00	4.71	84.65	88.97	0.00	42	0	42	0.00	0.00	64.18	7.71	0.00	0.00	2000
230	10.60	2177	2095	0.00	195	0	0	0	nan	0.00	0.00	3.19	86.02	89.40	0.00	42	0	42	0.00	0.00	65.48	7.89	0.00	0.00	2000
230	10.80	2128	2097	0.00	194	0	0	0	nan	0.00	0.02	2.82	86.29	89.20	0.00	42	0	42	0.00	0.00	64.92	7.87	0.00	0.00	2000
229	10.90	2099	2101	0.00	196	0	0	0	nan	0.00	0.00	2.60	86.47	89.10	0.00	42	0	42	0.00	0.00	65.38	7.72	0.00	0.00	2000
230	11.20	2045	2104	0.00	195	0	0	0	nan	0.00	0.00	3.65	85.41	88.80	0.00	41	0	42	0.00	0.00	65.13	7.71	0.00	0.00	2000
228	10.74	2148	2080	0.00	194	0	0	0	nan	0.00	0.00	2.65	85.72	89.26	0.00	42	0	42	0.00	0.00	62.61	7.56	0.00	0.00	2000
230	11.06	2062	2117	0.00	179	0	0	0	nan	0.00	0.00	4.16	85.54	88.94	0.00	42	0	42	0.00	0.00	64.57	7.73	0.00	0.00	2000
229	10.90	2102	2104	0.00	197	0	0	0	nan	0.00	0.00	3.85	85.47	89.10	0.00	41	0	42	0.00	0.00	66.21	8.01	0.00	0.00	2000
230	10.69	2153	2102	0.00	195	0	0	0	nan	0.00	0.02	3.36	85.93	89.31	0.00	41	0	42	0.00	0.00	66.51	7.68	0.00	0.00	2000
228	11.20	2043	2097	0.00	198	0	0	4	39.86	0.00	0.00	3.02	85.73	88.80	0.00	41	0	42	0.00	0.00	63.67	7.77	0.00	0.00	2000
228	11.18	2118	2021	0.96	195	0	0	8	38.27	0.00	0.00	2.64	82.83	88.82	0.00	41	0	42	0.00	0.00	60.84	7.26	0.00	0.00	2000
231	10.74	2064	2185	0.00	194	0	0	0	nan	0.00	0.04	2.59	90.30	89.26	0.00	42	0	42	0.00	0.00	68.64	8.21	0.00	0.00	2000
231	11.10	2086	2099	0.00	196	0	0	0	nan	0.00	0.01	3.71	85.18	88.90	0.00	41	0	42	0.00	0.00	59.48	7.49	0.00	0.00	2000
229	10.86	2101	2105	0.00	196	0	0	0	nan	0.00	0.01	3.51	85.87	89.14	0.00	42	0	42	0.00	0.00	69.54	8.06	0.00	0.00	2000
229	11.09	2070	2097	0.00	196	0	0	0	nan	0.00	0.02	3.01	85.81	88.91	0.00	42	0	42	0.00	0.00	65.15	7.84	0.00	0.00	2000
230	10.96	2094	2106	0.00	195	0	0	0	nan	0.00	0.02	2.79	86.57	89.04	0.00	42	0	42	0.00	0.00	63.64	7.49	0.00	0.00	2000
235	11.26	2095	2092	0.00	180	0	0	0	nan	0.00	0.02	3.34	85.15	88.74	0.00	42	0	42	0.00	0.00	66.11	7.85	0.00	0.00	2000
229	11.11	2054	2105	0.00	195	0	0	0	nan	0.00	0.02	3.77	85.46	88.89	0.00	42	0	42	0.00	0.00	63.71	7.63	0.00	0.00	2000
231	11.22	2063	2100	0.00	195	0	0	0	nan	0.00	0.01	2.72	86.12	88.78	0.00	42	0	42	0.00	0.00	65.41	7.78	0.00	0.00	2000
227	10.96	2080	2093	0.00	194	0	0	0	nan	0.00	0.02	2.63	86.21	89.04	0.00	42	0	42	0.00	0.00	64.82	7.77	0.00	0.00	2000
230	11.25	2039	2107	0.00	198	0	0	0	nan	0.00	0.00	3.54	85.64	88.75	0.00	41	0	42	0.00	0.00	63.08	7.67	0.00	0.00	2000
228	10.95	2083	2100	0.00	180	0	0	0	nan	0.00	0.00	3.24	85.85	89.05	0.00	42	0	42	0.00	0.00	66.26	7.95	0.00	0.00	2000
229	11.10	2066	2101	0.00	195	0	0	0	nan	0.00	0.02	3.04	86.00	88.90	0.00	41	0	42	0.00	0.00	63.63	7.84	0.00	0.00	2000
228	11.22	2097	2035	0.00	196	0	0	0	nan	0.00	0.00	3.28	82.81	88.78	0.00	41	0	42	0.00	0.00	61.90	7.55	0.00	0.00	2000
231	10.74	2080	2171	0.00	196	0	0	0	nan	0.00	0.00	3.30	89.11	89.26	0.00	41	0	42	0.00	0.00	68.55	8.39	0.00	0.00	2000
229	10.92	2098	2100	0.00	196	0	0	0	nan	0.00	0.01	3.18	85.92	89.08	0.00	41	0	42	0.00	0.00	64.50	7.74	0.00	0.00	2000
229	10.73	2138	2091	0.00	195	0	0	0	nan	0.00	0.00	2.74	86.19	89.27	0.00	42	0	42	0.00	0.00	64.52	7.90	0.00	0.00	2000
229	10.97	2084	2105	0.88	195	0	0	10	25.28	0.00	0.00	2.84	86.50	89.03	0.00	41	0	42	0.00	0.00	63.11	7.52	0.00	0.00	2000
230	11.13	2062	2102	0.30	195	0	0	0	nan	0.00	0.00	3.23	85.77	88.87	0.00	42	0	42	0.00	0.00	66.28	8.19	0.00	0.00	2000
229	11.38	2013	2097	0.00	180	0	0	0	nan	0.00	0.00	3.18	85.40	88.62	0.00	42	0	42	0.00	0.00	63.32	7.50	0.00	0.00	2000
230	11.31	2031	2106	0.00	196	0	0	0	nan	0.00	0.00	3.19	85.87	88.69	0.00	42	0	42	0.00	0.00	66.02	8.00	0.00	0.00	2000
229	10.88	2103	2099	0.00	195	0	0	0	nan	0.00	0.00	2.74	86.39	89.12	0.00	42	0	42	0.00	0.00	64.23	7.59	0.00	0.00	2000
232	11.01	2105	2097	0.00	196	0	0	0	nan	0.00	0.00	3.51	85.30	88.99	0.00	41	0	42	0.00	0.00	65.65	7.93	0.00	0.00	2000
229	11.10	2104	2059	0.00	179	0	0	0	nan	0.00	0.00	3.43	83.77	88.90	0.00	42	0	42	0.00	0.00	62.00	7.50	0.00	0.00	2000
230	10.91	2068	2139	0.00	196	0	0	0	nan	0.00	0.00	5.66	85.07	89.09	0.00	42	0	42	0.00	0.00	66.19	7.83	0.00	0.00	2000
229	11.24	2088	2046	0.00	196	0	0	0	nan	0.00	0.00	3.26	83.34	88.76	0.00	42	0	42	0.00	0.00	63.57	7.71	0.00	0.00	2000
230	10.78	2082	2153	0.00	194	0	0	0	nan	0.00	0.02	3.86	87.71	89.22	0.00	42	0	42	0.00	0.00	64.73	7.77	0.00	0.00	2000
226	10.93	2102	2068	0.00	195	0	0	0	nan	0.00	0.00	3.41	84.40	89.07	0.00	42	0	42	0.00	0.00	64.43	7.88	0.00	0.00	2000
229	11.19	2037	2114	0.00	196	0	0	0	nan	0.00	0.00	5.14	84.30	88.81	0.00	42	0	42	0.00	0.00	65.00	7.73	0.00	0.00	2000
227	11.07	2063	2086	0.00	195	0	0	0	nan	0.00	0.02	4.73	83.63	88.93	0.00	41	0	42	0.00	0.00	64.42	7.89	0.00	0.00	2000
231	11.10	2069	2116	0.00	196	0	0	0	nan	0.00	0.00	4.78	84.77	88.90	0.00	42	0	42	0.00	0.00	65.17	7.54	0.00	0.00	2000
228	11.27	2012	2108	0.00	199	0	0	0	nan	0.00	0.00	5.09	84.07	88.73	0.00	42	0	42	0.00	0.00	65.14	7.56	0.00	0.00	2000
230	11.17	2075	2080	0.00	194	0	0	0	nan	0.00	0.00	3.46	84.59	88.83	0.00	42	0	42	0.00	0.00	64.62	7.70	0.00	0.00	2000
229	10.73	2129	2104	0.00	196	0	0	0	nan	0.00	0.02	4.83	84.55	89.27	0.00	41	0	42	0.00	0.00	65.27	7.84	0.00	0.00	2000
228	11.15	2046	2101	0.54	194	0	0	7	20.46	0.00	0.00	4.59	84.34	88.85	0.00	42	0	42	0.00	0.00	65.16	7.79	0.00	0.00	2000
231	11.11	2058	2120	0.81	195	0	0	3	63.90	0.00	0.01	4.47	85.31	88.89	0.00	42	0	42	0.00	0.00	64.97	7.73	0.00	0.00	2000
229	10.90	2110	2091	0.00	196	0	0	0	nan	0.00	0.00	4.02	84.74	89.10	0.00	42	0	42	0.00	0.00	64.72	7.66	0.00	0.00	2000
233	11.36	2066	2087	0.00	196	0	0	0	nan	0.00	0.02	4.35	83.77	88.64	0.00	42	0	42	0.00	0.00	65.15	7.72	0.00	0.00	2000
229	10.94	2072	2123	0.00	194	0	0	0	nan	0.00	0.00	4.65	85.50	89.06	0.00	42	0	42	0.00	0.00	64.70	7.81	0.00	0.00	2000
228	10.79	2146	2069	0.00	195	0	0	0	nan	0.00	0.02	3.41	84.50	89.21	0.00	42	0	42	0.00	0.00	64.64	7.68	0.00	0.00	2000
232	10.88	2123	2107	0.00	197	0	0	0	nan	0.00	0.00	4.91	84.59	89.12	0.00	42	0	42	0.00	0.00	64.70	7.74	0.00	0.00	2000
228	10.87	2107	2091	0.00	200	0	0	0	nan	0.00	0.04	5.52	83.25	89.13	0.00	42	0	42	0.00	0.00	62.36	7.81	0.00	0.00	2000
229	10.69	2107	2137	0.00	196	0	0	0	nan	0.00	0.00	4.38	86.53	89.31	0.00	41	0	42	0.00	0.00	68.86	7.80	0.00	0.00	2000
227	11.14	2083	2055	0.00	195	0	0	0	nan	0.00	0.01	2.80	84.22	88.86	0.00	42	0	42	0.00	0.00	60.98	7.37	0.00	0.00	2000
228	11.06	2045	2120	0.00	193	0	0	0	nan	0.00	0.00	3.57	86.24	88.94	0.00	41	0	42	0.00	0.00	64.69	8.11	0.00	0.00	2000
227	11.18	2040	2095	0.00	196	0	0	0	nan	0.00	0.02	5.11	83.58	88.82	0.00	42	0	42	0.00	0.00	64.18	7.32	0.00	0.00	2000
230	11.18	2048	2111	0.00	195	0	0	0	nan	0.00	0.00	5.31	84.10	88.82	0.00	41	0	42	0.00	0.00	67.16	8.11	0.00	0.00	2000
226	11.21	2021	2098	0.00	195	0	0	0	nan	0.00	0.00	4.70	84.05	88.79	0.00	42	0	42	0.00	0.00	62.24	7.45	0.00	0.00	2000
228	11.23	2041	2091	0.00	195	0	0	0	nan	0.00	0.00	3.85	84.59	88.77	0.00	42	0	42	0.00	0.00	64.35	7.83	0.00	0.00	2000
228	10.74	2112	2115	0.00	197	0	0	0	nan	0.00	0.01	4.82	85.13	89.26	0.00	42	0	42	0.00	0.00	65.26	8.03	0.00	0.00	2000
229	10.98	2075	2112	0.00	194	0	0	0	nan	0.00	0.00	4.12	85.48	89.02	0.00	42	0	42	0.00	0.00	67.43	8.10	0.00	0.00	2000
230	10.94	2103	2098	0.17	198	0	0	6	25.61	0.00	0.02	4.32	84.74	89.06	0.00	42	0	42	0.00	0.00	64.67	7.70	0.00	0.00	2000
229	10.98	2099	2089	1.11	197	0	0	4	45.68	0.00	0.00	3.64	84.92	89.02	0.00	42	0	42	0.00	0.00	64.48	7.79	0.00	0.00	2000
228	11.11	2073	2080	0.00	197	0	0	0	nan	0.00	0.02	3.84	84.22	88.89	0.00	42	0	42	0.00	0.00	61.54	7.37	0.00	0.00	2000
229	10.78	2085	2136	0.00	195	0	0	0	nan	0.00	0.00	4.60	86.24	89.22	0.00	42	0	42	0.00	0.00	67.50	7.97	0.00	0.00	2000
227	10.97	2101	2068	0.00	195	0	0	0	nan	0.00	0.00	3.38	84.26	89.03	0.00	42	0	42	0.00	0.00	62.07	7.41	0.00	0.00	2000
232	11.15	2048	2132	0.00	195	0	0	0	nan	0.00	0.00	4.85	85.42	88.85	0.00	42	0	42	0.00	0.00	67.26	7.90	0.00	0.00	2000
227	11.22	2058	2069	0.00	195	0	0	0	nan	0.00	0.00	3.81	83.75	88.78	0.00	42	0	42	0.00	0.00	61.99	7.44	0.00	0.00	2000
229	10.93	2094	2103	0.00	195	0	0	0	nan	0.00	0.00	4.89	84.29	89.07	0.00	42	0	42	0.00	0.00	64.18	7.79	0.00	0.00	2000
228	10.76	2097	2120	0.00	195	0	0	0	nan	0.00	0.02	4.39	85.66	89.24	0.00	41	0	42	0.00	0.00	68.21	7.59	0.00	0.00	2000
228	11.08	2053	2105	0.00	195	0	0	0	nan	0.00	0.00	3.83	85.35	88.92	0.00	42	0	42	0.00	0.00	64.32	8.02	0.00	0.00	2000
230	11.03	2115	2068	0.00	196	0	0	0	nan	0.00	0.00	4.23	83.45	88.97	0.00	42	0	42	0.00	0.00	62.35	7.33	0.00	0.00	2000
229	10.83	2081	2131	0.00	194	0	0	0	nan	0.00	0.00	3.84	86.76	89.17	0.00	42	0	42	0.00	0.00	67.60	8.26	0.00	0.00	2000
227	11.05	2081	2073	0.00	195	0	0	0	nan	0.00	0.02	3.90	83.94	88.95	0.00	42	0	42	0.00	0.00	61.69	7.37	0.00	0.00	2000
228	10.90	2088	2103	0.00	195	0	0	0	nan	0.00	0.00	4.95	84.32	89.10	0.00	42	0	42	0.00	0.00	64.51	7.73	0.00	0.00	2000
227	11.07	2038	2110	0.00	195	0	0	0	nan	0.00	0.02	4.39	85.06	88.93	0.00	42	0	42	0.00	0.00	64.59	7.86	0.00	0.00	2000
231	11.20	2056	2111	0.00	197	0	0	0	nan	0.00	0.00	3.93	85.38	88.80	0.00	42	0	42	0.00	0.00	67.36	7.90	0.00	0.00	2000
228	10.84	2128	2072	0.00	194	0	0	0	nan	0.00	0.00	3.47	84.50	89.16	0.00	42	0	42	0.00	0.00	61.96	7.68	0.00	0.00	2000
229	10.87	2103	2105	0.00	194	0	0	4	35.98	0.00	0.00	4.29	85.02	89.13	0.00	42	0	42	0.00	0.00	64.66	7.74	0.00	0.00	2000
229	10.83	2105	2106	1.24	195	0	0	6	32.77	0.00	0.01	4.76	84.63	89.17	0.00	42	0	43	0.00	0.00	65.06	7.66	0.00	0.00	2000
229	10.97	2087	2101	0.00	197	0	0	0	nan	0.00	0.00	4.26	84.80	89.03	0.00	42	0	42	0.00	0.00	65.61	7.85	0.00	0.00	2000
229	11.27	2032	2096	0.00	196	0	0	0	nan	0.00	0.00	5.27	83.37	88.73	0.00	42	0	42	0.00	0.00	64.02	7.93	0.00	0.00	2000
233	10.85	2130	2117	0.00	198	0	0	0	nan	0.00	0.00	5.07	84.79	89.15	0.00	42	0	42	0.00	0.00	64.72	8.02	0.00	0.00	2000
226	10.78	2106	2096	0.00	195	0	0	0	nan	0.00	0.00	3.99	85.09	89.22	0.00	42	0	42	0.00	0.00	65.01	7.84	0.00	0.00	2000
229	11.06	2081	2086	0.00	195	0	0	0	nan	0.00	0.00	4.09	84.27	88.94	0.00	42	0	42	0.00	0.00	64.97	7.84	0.00	0.00	2000
228	10.91	2088	2098	0.00	195	0	0	0	nan	0.00	0.02	4.79	84.26	89.09	0.00	42	0	42	0.00	0.00	64.10	7.92	0.00	0.00	2000
229	10.73	2115	2118	0.00	195	0	0	0	nan	0.00	0.00	4.89	85.17	89.27	0.00	42	0	42	0.00	0.00	65.14	7.70	0.00	0.00	2000
229	11.08	2074	2098	0.00	196	0	0	0	nan	0.00	0.00	3.63	85.21	88.92	0.00	42	0	42	0.00	0.00	64.91	7.87	0.00	0.00	2000
229	10.49	2190	2096	0.00	195	0	0	0	nan	0.00	0.00	4.24	84.92	89.51	0.00	42	0	42	0.00	0.00	64.95	7.91	0.00	0.00	2000
227	10.98	2068	2098	0.00	193	0	0	0	nan	0.00	0.02	4.74	84.22	89.02	0.00	42	0	42	0.00	0.00	64.95	7.74	0.00	0.00	2000
230	11.21	2053	2099	0.00	195	0	0	0	nan	0.00	0.00	4.37	84.41	88.79	0.00	41	0	42	0.00	0.00	65.25	7.86	0.00	0.00	2000
228	10.83	2070	2132	0.00	194	0	0	0	nan	0.00	0.00	4.35	86.18	89.17	0.00	42	0	42	0.00	0.00	66.40	8.01	0.00	0.00	2000
229	11.08	2140	2026	0.00	196	0	0	0	nan	0.00	0.00	3.90	81.82	88.92	0.00	42	0	42	0.00	0.00	60.42	7.25	0.00	0.00	2000
229	10.97	2043	2144	0.00	194	0	0	0	nan	0.00	0.02	2.63	88.42	89.03	0.00	42	0	42	0.00	0.00	67.22	8.14	0.00	0.00	2000
229	10.97	2066	2122	0.00	195	0	0	0	nan	0.00	0.00	4.52	85.48	89.03	0.00	42	0	42	0.00	0.00	64.48	7.90	0.00	0.00	2000
228	10.94	2119	2066	0.00	196	0	0	1	43.42	0.00	0.02	3.44	84.27	89.06	0.00	42	0	42	0.00	0.00	64.88	7.90	0.00	0.00	2000
229	11.01	2061	2124	1.26	195	0	0	8	31.45	0.00	0.00	5.28	84.88	88.99	0.00	42	0	43	0.00	0.00	64.40	7.83	0.00	0.00	2000
229	10.97	2110	2078	0.00	196	0	0	0	nan	0.00	0.02	4.73	83.37	89.03	0.00	42	0	43	0.00	0.00	64.52	7.86	0.00	0.00	2000
228	10.64	2119	2127	0.00	194	0	0	0	nan	0.00	0.02	4.36	86.18	89.36	0.00	42	0	42	0.00	0.00	65.85	8.07	0.00	0.00	2000
229	10.81	2163	2054	0.00	194	0	0	0	nan	0.00	0.00	2.96	84.32	89.19	0.00	42	0	42	0.00	0.00	61.00	7.38	0.00	0.00	2000
236	10.81	2150	2131	0.00	198	0	0	0	nan	0.00	0.00	3.34	87.13	89.19	0.00	42	0	42	0.00	0.00	67.41	8.06	0.00	0.00	2000
229	11.05	2081	2089	0.00	197	0	0	0	nan	0.00	0.02	5.47	83.04	88.95	0.00	42	0	42	0.00	0.00	64.27	7.63	0.00	0.00	2000
232	11.08	2070	2128	0.00	197	0	0	0	nan	0.00	0.00	6.54	83.61	88.92	0.00	42	0	42	0.00	0.00	64.92	7.86	0.00	0.00	2000
228	10.75	2149	2073	0.00	197	0	0	0	nan	0.00	0.00	4.37	83.75	89.25	0.00	42	0	42	0.00	0.00	62.52	7.39	0.00	0.00	2000
230	11.04	2047	2132	0.00	196	0	0	0	nan	0.00	0.00	4.09	86.23	88.96	0.00	42	0	42	0.00	0.00	67.46	8.09	0.00	0.00	2000
227	11.10	2079	2067	0.00	196	0	0	0	nan	0.00	0.00	4.39	83.26	88.90	0.00	42	0	42	0.00	0.00	61.88	7.48	0.00	0.00	2000
230	10.87	2101	2110	0.00	195	0	0	0	nan	0.00	0.00	4.49	85.03	89.13	0.00	42	0	42	0.00	0.00	65.03	7.65	0.00	0.00	2000
227	10.97	2079	2089	0.00	195	0	0	0	nan	0.00	0.02	4.62	84.03	89.03	0.00	42	0	42	0.00	0.00	64.37	7.72	0.00	0.00	2000
232	11.00	2100	2114	0.00	195	0	0	0	nan	0.00	0.00	4.84	84.78	89.00	0.00	42	0	42	0.00	0.00	65.00	7.85	0.00	0.00	2000
227	10.55	2150	2104	0.00	196	0	0	0	nan	0.00	0.00	5.11	84.55	89.45	0.00	42	0	42	0.00	0.00	67.85	7.79	0.00	0.00	2000
228	10.78	2105	2115	0.00	195	0	0	0	nan	0.00	0.02	3.93	85.97	89.22	0.00	42	0	42	0.00	0.00	64.65	8.31	0.00	0.00	2000
227	11.13	2061	2083	0.00	194	0	0	0	nan	0.00	0.02	3.51	84.74	88.87	0.00	42	0	42	0.00	0.00	60.01	7.55	0.00	0.00	2000
229	11.20	2045	2098	0.00	195	0	0	0	nan	0.00	0.00	4.01	84.84	88.80	0.00	42	0	42	0.00	0.00	67.70	7.89	0.00	0.00	2000
229	11.12	2044	2116	1.47	195	0	0	10	8.82	0.00	0.02	5.17	84.43	88.88	0.00	42	0	42	0.00	0.00	64.86	8.03	0.00	0.00	2000
228	11.17	2068	2077	0.24	195	0	0	0	nan	0.00	0.00	3.74	84.11	88.83	0.00	42	0	42	0.00	0.00	65.39	8.10	0.00	0.00	2000
228	10.87	2088	2109	0.00	194	0	0	0	nan	0.00	0.02	4.80	84.74	89.13	0.00	42	0	42	0.00	0.00	65.28	8.14	0.00	0.00	2000
230	10.97	2078	2119	0.00	194	0	0	0	nan	0.00	0.00	4.32	85.57	89.03	0.00	42	0	42	0.00	0.00	65.22	7.89	0.00	0.00	2000
228	10.91	2110	2082	0.00	195	0	0	0	nan	0.00	0.02	3.74	84.69	89.09	0.00	42	0	42	0.00	0.00	64.94	7.95	0.00	0.00	2000
230	11.35	2039	2090	0.00	195	0	0	0	nan	0.00	0.00	4.50	83.82	88.65	0.00	42	0	42	0.00	0.00	65.05	7.88	0.00	0.00	2000
228	10.96	2080	2097	0.00	195	0	0	0	nan	0.00	0.02	4.69	84.31	89.04	0.00	42	0	43	0.00	0.00	64.90	7.96	0.00	0.00	2000
229	11.11	2036	2123	0.00	195	0	0	0	nan	0.00	0.00	4.07	85.92	88.89	0.00	42	0	42	0.00	0.00	65.18	7.94	0.00	0.00	2000
226	10.65	2149	2077	0.00	194	0	0	0	nan	0.00	0.02	4.21	84.03	89.35	0.00	42	0	42	0.00	0.00	65.12	8.05	0.00	0.00	2000
230	11.32	2006	2126	0.00	197	0	0	0	nan	0.00	0.03	4.22	85.72	88.68	0.00	42	0	42	0.00	0.00	64.75	7.79	0.00	0.00	2000
230	10.96	2103	2094	0.00	195	0	0	0	nan	0.00	0.02	3.24	85.60	89.04	0.00	42	0	42	0.00	0.00	65.01	8.04	0.00	0.00	2000
228	11.03	2087	2085	0.00	194	0	0	0	nan	0.00	0.00	3.94	84.39	88.97	0.00	42	0	42	0.00	0.00	64.92	7.93	0.00	0.00	2000
226	11.00	2060	2097	0.00	194	0	0	0	nan	0.00	0.00	4.78	84.19	89.00	0.00	42	0	42	0.00	0.00	64.83	7.84	0.00	0.00	2000
229	11.20	2015	2127	0.00	195	0	0	0	nan	0.00	0.00	4.91	85.21	88.80	0.00	42	0	42	0.00	0.00	65.17	7.93	0.00	0.00	2000
232	10.94	2138	2086	0.00	195	0	0	0	nan	0.00	0.02	3.89	84.50	89.06	0.00	42	0	42	0.00	0.00	65.66	7.90	0.00	0.00	2000
229	11.24	2040	2098	0.00	195	0	0	0	nan	0.00	0.00	4.17	84.66	88.76	0.00	42	0	42	0.00	0.00	64.61	7.97	0.00	0.00	2000
229	11.03	2072	2105	0.00	195	0	0	0	nan	0.00	0.00	4.22	85.06	88.97	0.00	42	0	42	0.00	0.00	65.23	8.03	0.00	0.00	2000
229	10.85	2125	2084	1.08	196	0	0	11	13.48	0.00	0.00	4.01	84.40	89.15	0.00	42	0	42	0.00	0.00	64.97	7.94	0.00	0.00	2000
227	10.73	2115	2105	0.64	195	0	0	0	nan	0.00	0.02	4.74	84.77	89.27	0.00	42	0	42	0.00	0.00	65.21	7.89	0.00	0.00	2000
229	11.18	2046	2101	0.00	195	0	0	0	nan	0.00	0.00	4.47	84.44	88.82	0.00	42	0	42	0.00	0.00	64.85	7.79	0.00	0.00	2000
229	11.05	2082	2092	0.00	194	0	0	0	nan	0.00	0.00	4.84	83.86	88.95	0.00	42	0	43	0.00	0.00	64.98	7.95	0.00	0.00	2000
231	11.40	2024	2105	0.00	201	0	0	0	nan	0.00	0.00	6.21	82.67	88.60	0.00	42	0	42	0.00	0.00	64.86	7.98	0.00	0.00	2000
227	10.93	2062	2119	0.00	195	0	0	0	nan	0.00	0.00	4.43	85.49	89.07	0.00	42	0	42	0.00	0.00	65.10	7.79	0.00	0.00	2000
228	11.23	2049	2077	0.00	193	0	0	0	nan	0.00	0.00	2.93	84.97	88.77	0.00	42	0	42	0.00	0.00	64.60	7.89	0.00	0.00	2000
227	10.98	2070	2100	0.00	194	0	0	0	nan	0.00	0.02	4.86	84.23	89.02	0.00	42	0	43	0.00	0.00	65.16	7.80	0.00	0.00	2000
228	11.37	2009	2099	0.00	197	0	0	0	nan	0.00	0.00	5.30	83.47	88.63	0.00	42	0	42	0.00	0.00	64.40	8.11	0.00	0.00	2000
231	10.71	2134	2127	0.00	196	0	0	0	nan	0.00	0.00	5.17	85.22	89.29	0.00	42	0	42	0.00	0.00	65.68	7.88	0.00	0.00	2000
228	11.13	2045	2101	0.00	196	0	0	0	nan	0.00	0.00	3.21	85.85	88.87	0.00	42	0	42	0.00	0.00	65.04	8.08	0.00	0.00	2000
228	10.91	2092	2097	0.00	194	0	0	0	nan	0.00	0.02	3.86	85.17	89.09	0.00	42	0	42	0.00	0.00	65.15	7.78	0.00	0.00	2000
228	11.12	2063	2091	0.00	195	0	0	0	nan	0.00	0.00	4.13	84.40	88.88	0.00	42	0	42	0.00	0.00	65.05	7.81	0.00	0.00	2000
228	10.96	2087	2095	0.00	198	0	0	0	nan	0.00	0.00	5.47	83.39	89.04	0.00	42	0	42	0.00	0.00	64.97	7.88	0.00	0.00	2000
230	11.28	2032	2110	0.00	196	0	0	0	nan	0.00	0.00	4.87	84.35	88.72	0.00	42	0	42	0.00	0.00	64.66	8.05	0.00	0.00	2000
229	10.69	2122	2120	0.00	195	0	0	0	nan	0.00	0.00	3.41	86.80	89.31	0.00	42	0	42	0.00	0.00	67.29	8.16	0.00	0.00	2000
226	11.01	2110	2047	0.00	194	0	0	0	nan	0.00	0.00	3.03	83.78	88.99	0.00	42	0	42	0.00	0.00	59.78	7.43	0.00	0.00	2000
227	10.99	2043	2123	0.68	195	0	0	10	18.23	0.00	0.00	4.28	85.77	89.01	0.00	42	0	42	0.00	0.00	67.62	8.28	0.00	0.00	2000
228	11.25	2025	2101	1.04	193	0	0	3	54.31	0.00	0.00	4.47	84.46	88.75	0.00	42	0	42	0.00	0.00	64.78	7.88	0.00	0.00	2000
230	11.08	2054	2121	0.00	194	0	0	0	nan	0.00	0.00	4.37	85.52	88.92	0.00	42	0	42	0.00	0.00	65.35	7.95	0.00	0.00	2000
230	10.89	2103	2109	0.00	196	0	0	0	nan	0.00	0.00	3.83	85.64	89.11	0.00	42	0	42	0.00	0.00	66.22	8.09	0.00	0.00	2000
228	11.31	2060	2053	0.00	196	0	0	0	nan	0.00	0.01	3.54	83.21	88.69	0.00	42	0	42	0.00	0.00	61.39	7.51	0.00	0.00	2000
229	11.12	2034	2125	0.00	194	0	0	0	nan	0.00	0.00	4.14	85.91	88.88	0.00	42	0	42	0.00	0.00	67.45	8.18	0.00	0.00	2000
227	10.95	2094	2079	0.00	194	0	0	0	nan	0.00	0.00	4.18	84.11	89.05	0.00	42	0	42	0.00	0.00	61.49	7.40	0.00	0.00	2000
229	10.83	2095	2120	0.00	194	0	0	0	nan	0.00	0.00	4.55	85.49	89.17	0.00	42	0	42	0.00	0.00	68.53	7.85	0.00	0.00	2000
229	10.90	2108	2097	0.00	197	0	0	0	nan	0.00	0.00	4.66	84.39	89.10	0.00	42	0	42	0.00	0.00	63.00	7.81	0.00	0.00	2000
229	10.98	2107	2076	0.00	195	0	0	0	nan	0.00	0.00	3.53	84.56	89.02	0.00	42	0	42	0.00	0.00	63.71	7.63	0.00	0.00	2000
227	11.06	2045	2109	0.00	194	0	0	0	nan	0.00	0.03	3.29	86.16	88.94	0.00	42	0	42	0.00	0.00	65.09	7.66	0.00	0.00	2000
228	10.86	2071	2130	0.00	194	0	0	0	nan	0.00	0.00	4.24	86.35	89.14	0.00	42	0	42	0.00	0.00	67.19	8.22	0.00	0.00	2000
232	11.46	2036	2088	0.00	211	0	0	0	nan	0.00	0.00	6.73	81.34	88.54	0.00	42	0	42	0.00	0.00	62.11	7.68	0.00	0.00	2000
231	11.11	2072	2106	0.00	195	0	0	0	nan	0.00	0.00	4.49	84.63	88.89	0.00	42	0	42	0.00	0.00	65.72	8.13	0.00	0.00	2000
227	10.88	2120	2062	0.00	194	0	0	0	nan	0.00	0.00	3.28	84.26	89.12	0.00	42	0	42	0.00	0.00	61.91	7.53	0.00	0.00	2000
230	11.19	2036	2124	0.00	194	0	0	0	nan	0.00	0.00	3.27	86.69	88.81	0.00	42	0	42	0.00	0.00	67.72	8.19	0.00	0.00	2000
229	10.95	2091	2099	0.00	200	0	0	0	nan	0.00	0.00	5.15	84.00	89.05	0.00	42	0	42	0.00	0.00	64.19	7.69	0.00	0.00	2000
230	10.99	2087	2102	0.21	196	0	0	7	21.62	0.00	0.00	4.22	84.85	89.01	0.00	42	0	42	0.00	0.00	65.22	7.85	0.00	0.00	2000
230	11.10	2090	2086	1.43	198	0	0	6	40.41	0.00	0.02	5.05	83.26	88.90	0.00	42	0	42	0.00	0.00	65.04	7.74	0.00	0.00	2000
230	11.25	2026	2123	0.00	210	0	0	0	nan	0.00	0.00	4.39	85.42	88.75	0.00	42	0	42	0.00	0.00	65.58	7.84	0.00	0.00	2000
228	11.03	2068	2097	0.00	179	0	0	0	nan	0.00	0.02	4.50	84.32	88.97	0.00	42	0	42	0.00	0.00	64.88	7.95	0.00	0.00	2000
230	10.59	2168	2107	0.00	195	0	0	0	nan	0.00	0.00	4.22	85.35	89.41	0.00	42	0	42	0.00	0.00	65.35	7.93	0.00	0.00	2000
227	11.26	2036	2075	0.00	194	0	0	0	nan	0.00	0.02	4.69	83.03	88.74	0.00	42	0	42	0.00	0.00	64.44	7.89	0.00	0.00	2000
232	11.03	2075	2129	0.00	196	0	0	0	nan	0.00	0.00	3.76	86.39	88.97	0.00	42	0	42	0.00	0.00	65.53	8.05	0.00	0.00	2000
228	10.57	2184	2073	0.00	195	0	0	0	nan	0.00	0.00	3.88	84.27	89.43	0.00	42	0	42	0.00	0.00	65.56	8.03	0.00	0.00	2000
228	11.16	2034	2114	0.00	194	0	0	0	nan	0.00	0.00	4.18	85.34	88.84	0.00	42	0	42	0.00	0.00	64.83	7.95	0.00	0.00	2000
227	10.79	2105	2099	0.00	195	0	0	0	nan	0.00	0.00	5.06	84.12	89.21	0.00	42	0	42	0.00	0.00	64.81	8.17	0.00	0.00	2000
230	11.17	2063	2097	0.00	195	0	0	0	nan	0.00	0.00	4.44	84.33	88.83	0.00	42	0	42	0.00	0.00	65.27	7.89	0.00	0.00	2000
228	11.30	2022	2093	0.00	195	0	0	0	nan	0.00	0.00	4.53	83.99	88.70	0.00	42	0	42	0.00	0.00	64.42	8.00	0.00	0.00	2000
232	11.07	2083	2112	0.00	196	0	0	0	nan	0.00	0.00	5.27	84.21	88.93	0.00	42	0	42	0.00	0.00	64.74	8.08	0.00	0.00	2000
229	10.70	2153	2084	0.00	195	0	0	0	nan	0.00	0.00	4.29	84.20	89.30	0.00	42	0	42	0.00	0.00	65.16	7.88	0.00	0.00	2000
229	10.80	2091	2130	0.00	195	0	0	0	nan	0.00	0.00	4.68	85.90	89.20	0.00	42	0	42	0.00	0.00	64.72	8.05	0.00	0.00	2000
227	10.60	2173	2070	0.00	194	0	0	0	nan	0.00	0.00	3.69	84.46	89.40	0.00	42	0	42	0.00	0.00	62.61	7.65	0.00	0.00	2000
229	10.72	2134	2105	0.00	196	0	0	0	nan	0.00	0.00	4.73	84.74	89.28	0.00	42	0	42	0.00	0.00	67.37	8.22	0.00	0.00	2000
229	10.68	2146	2100	0.00	195	0	0	8	16.82	0.00	0.03	4.36	84.99	89.32	0.00	42	0	42	0.00	0.00	62.56	7.45	0.00	0.00	2000
229	10.89	2089	2112	1.45	195	0	0	23	9.12	0.00	0.00	4.48	85.25	89.11	0.00	42	0	42	0.00	0.00	67.73	8.46	0.00	0.00	2000
234	11.40	2062	2093	0.00	197	0	0	0	nan	0.00	0.02	5.27	83.04	88.60	0.00	42	0	42	0.00	0.00	62.71	7.50	0.00	0.00	2000
230	11.11	2074	2095	0.00	197	0	0	0	nan	0.00	0.00	5.58	83.13	88.89	0.00	42	0	42	0.00	0.00	65.03	7.79	0.00	0.00	2000
227	10.98	2069	2102	0.00	195	0	0	0	nan	0.00	0.02	4.69	84.49	89.02	0.00	42	0	42	0.00	0.00	65.29	7.94	0.00	0.00	2000
231	10.88	2100	2123	0.00	196	0	0	0	nan	0.00	0.00	5.11	84.99	89.12	0.00	42	0	42	0.00	0.00	68.36	8.14	0.00	0.00	2000
229	11.18	2068	2078	0.00	194	0	0	0	nan	0.00	0.02	4.03	83.90	88.82	0.00	42	0	42	0.00	0.00	62.67	7.62	0.00	0.00	2000
229	10.97	2066	2125	0.00	195	0	0	0	nan	0.00	0.00	4.67	85.38	89.03	0.00	42	0	42	0.00	0.00	68.12	8.12	0.00	0.00	2000
227	11.03	2087	2066	0.00	195	0	0	0	nan	0.00	0.00	3.80	83.87	88.97	0.00	42	0	42	0.00	0.00	62.21	7.66	0.00	0.00	2000
229	11.02	2047	2134	0.00	195	0	0	0	nan	0.00	0.00	4.49	85.98	88.98	0.00	42	0	42	0.00	0.00	67.37	8.20	0.00	0.00	2000
299	13.75	2207	2067	0.00	206	0	0	0	nan	0.00	0.00	3.99	80.91	86.25	0.00	42	0	42	0.00	0.00	63.47	7.50	0.00	0.00	2000
231	10.75	2146	2105	0.00	198	0	0	0	nan	0.00	0.03	4.42	84.98	89.25	0.00	42	0	42	0.00	0.00	65.80	7.76	0.00	0.00	2000
228	10.75	2126	2093	0.00	199	0	0	0	nan	0.00	0.47	6.70	81.89	89.25	0.00	42	0	42	0.00	0.00	65.14	7.86	0.00	0.00	2000
229	11.13	2049	2112	0.00	198	0	0	0	nan	0.00	0.00	7.29	82.11	88.87	0.00	42	0	42	0.00	0.00	65.18	7.87	0.00	0.00	2000
228	11.08	2046	2109	0.00	199	0	0	0	nan	0.00	0.00	6.92	82.45	88.92	0.00	42	0	42	0.00	0.00	65.28	7.77	0.00	0.00	2000
234	11.28	2075	2097	0.00	200	0	0	0	nan	0.00	0.00	7.77	80.92	88.72	0.00	42	0	42	0.00	0.00	65.05	7.89	0.00	0.00	2000
228	11.16	2058	2082	0.00	197	0	0	0	nan	0.00	0.02	5.61	82.54	88.84	0.00	42	0	42	0.00	0.00	65.13	7.93	0.00	0.00	2000
230	10.92	2085	2119	0.00	196	0	0	2	37.01	0.00	0.00	4.15	85.78	89.08	0.00	42	0	42	0.00	0.00	65.31	7.81	0.00	0.00	2000
228	11.01	2078	2092	1.67	195	0	0	11	24.45	0.00	0.00	4.57	84.13	88.99	0.00	42	0	42	0.00	0.00	62.31	7.79	0.00	0.00	2000
231	11.00	2099	2102	0.00	195	0	0	0	nan	0.00	0.00	4.45	84.59	89.00	0.00	42	0	42	0.00	0.00	68.30	7.71	0.00	0.00	2000
229	10.99	2068	2114	0.00	196	0	0	0	nan	0.00	0.00	4.97	84.66	89.01	0.00	42	0	42	0.00	0.00	65.27	7.81	0.00	0.00	2000
231	11.10	2084	2092	0.00	195	0	0	0	nan	0.00	0.00	3.98	84.69	88.90	0.00	42	0	42	0.00	0.00	65.25	7.88	0.00	0.00	2000
227	10.65	2156	2079	0.00	195	0	0	0	nan	0.00	0.00	4.66	83.79	89.35	0.00	42	0	42	0.00	0.00	65.25	7.87	0.00	0.00	2000
231	10.98	2067	2136	0.00	197	0	0	0	nan	0.00	0.00	5.77	84.83	89.02	0.00	42	0	42	0.00	0.00	65.12	7.68	0.00	0.00	2000
227	10.85	2127	2064	0.00	196	0	0	0	nan	0.00	0.04	4.37	83.31	89.15	0.00	42	0	42	0.00	0.00	65.28	7.75	0.00	0.00	2000
229	10.68	2128	2116	0.00	194	0	0	0	nan	0.00	0.01	3.78	86.20	89.32	0.00	42	0	42	0.00	0.00	64.93	7.70	0.00	0.00	2000
230	11.40	2026	2090	0.00	195	0	0	0	nan	0.00	0.02	5.00	83.24	88.60	0.00	42	0	42	0.00	0.00	65.27	7.73	0.00	0.00	2000
228	11.05	2059	2101	0.00	194	0	0	0	nan	0.00	0.00	4.51	84.58	88.95	0.00	43	0	43	0.00	0.00	64.46	7.88	0.00	0.00	2000
228	10.91	2068	2122	0.00	196	0	0	0	nan	0.00	0.02	4.94	85.15	89.09	0.00	42	0	42	0.00	0.00	65.22	7.84	0.00	0.00	2000
229	11.28	2044	2090	0.00	195	0	0	0	nan	0.00	0.00	3.60	84.81	88.72	0.00	42	0	42	0.00	0.00	64.89	7.87	0.00	0.00	2000
227	11.00	2057	2106	0.00	195	0	0	0	nan	0.00	0.00	4.19	85.14	89.00	0.00	42	0	42	0.00	0.00	64.99	7.88	0.00	0.00	2000
232	11.29	2073	2082	0.00	195	0	0	0	nan	0.00	0.00	4.12	83.80	88.71	0.00	42	0	42	0.00	0.00	64.63	7.81	0.00	0.00	2000
240	11.23	2132	2109	0.00	195	0	0	0	nan	0.00	0.02	4.98	84.30	88.77	0.00	42	0	42	0.00	0.00	65.39	7.82	0.00	0.00	2000
228	11.29	2027	2095	0.00	194	0	0	0	nan	0.00	0.00	4.22	84.35	88.71	0.00	42	0	43	0.00	0.00	64.82	7.97	0.00	0.00	2000
227	10.96	2077	2095	0.00	195	0	0	0	nan	0.00	0.00	4.66	84.27	89.04	0.00	42	0	42	0.00	0.00	64.74	7.87	0.00	0.00	2000
230	10.92	2068	2136	0.66	194	0	0	17	8.59	0.00	0.00	4.53	86.16	89.08	0.00	41	0	42	0.00	0.00	66.45	8.09	0.00	0.00	2000
228	11.21	2103	2028	0.29	195	0	0	0	nan	0.00	0.02	3.56	82.33	88.79	0.00	42	0	42	0.00	0.00	59.71	7.41	0.00	0.00	2000
233	11.23	2040	2138	0.00	201	0	0	0	nan	0.00	0.02	3.12	87.36	88.77	0.00	42	0	42	0.00	0.00	67.44	8.23	0.00	0.00	2000
227	11.02	2066	2094	0.00	193	0	0	0	nan	0.00	0.01	3.96	84.86	88.98	0.00	42	0	42	0.00	0.00	64.51	7.71	0.00	0.00	2000
229	11.12	2048	2110	0.00	195	0	0	0	nan	0.00	0.00	4.54	84.87	88.88	0.00	42	0	42	0.00	0.00	65.27	7.91	0.00	0.00	2000
227	10.97	2051	2116	0.00	195	0	0	0	nan	0.00	0.00	4.25	85.50	89.03	0.00	42	0	42	0.00	0.00	64.90	7.89	0.00	0.00	2000
229	11.38	2004	2109	0.00	195	0	0	0	nan	0.00	0.00	3.89	85.22	88.62	0.00	42	0	42	0.00	0.00	64.60	7.94	0.00	0.00	2000
228	11.17	2050	2094	0.00	196	0	0	0	nan	0.00	0.00	3.77	84.87	88.83	0.00	42	0	42	0.00	0.00	64.66	7.77	0.00	0.00	2000
230	10.92	2109	2093	0.00	195	0	0	0	nan	0.00	0.00	3.71	85.13	89.08	0.00	42	0	42	0.00	0.00	64.94	7.72	0.00	0.00	2000
228	10.93	2081	2106	0.00	198	0	0	0	nan	0.00	0.00	5.38	83.93	89.07	0.00	42	0	42	0.00	0.00	64.98	7.75	0.00	0.00	2000
229	11.06	2078	2090	0.00	196	0	0	0	nan	0.00	0.02	3.65	84.80	88.94	0.00	42	0	42	0.00	0.00	65.29	8.07	0.00	0.00	2000
228	11.15	2039	2101	0.00	195	0	0	0	nan	0.00	0.00	4.30	84.61	88.85	0.00	42	0	42	0.00	0.00	65.02	7.84	0.00	0.00	2000
231	10.89	2126	2091	0.00	196	0	0	0	nan	0.00	0.00	4.17	84.52	89.11	0.00	42	0	42	0.00	0.00	65.01	7.85	0.00	0.00	2000
227	11.11	2041	2100	0.00	194	0	0	0	nan	0.00	0.02	4.74	84.23	88.89	0.00	42	0	42	0.00	0.00	64.95	7.79	0.00	0.00	2000
229	10.87	2112	2098	0.00	196	0	0	0	nan	0.00	0.00	4.44	84.61	89.13	0.00	42	0	42	0.00	0.00	64.71	7.95	0.00	0.00	2000
227	11.33	2005	2099	0.00	194	0	0	0	nan	0.00	0.02	4.27	84.49	88.67	0.00	42	0	42	0.00	0.00	64.18	7.79	0.00	0.00	2000
229	11.14	2051	2108	0.00	195	0	0	0	nan	0.00	0.00	4.82	84.44	88.86	0.00	42	0	42	0.00	0.00	65.04	8.02	0.00	0.00	2000
230	11.08	2083	2088	1.08	195	0	0	11	16.71	0.00	0.02	4.89	83.59	88.92	0.00	42	0	42	0.00	0.00	64.96	8.01	0.00	0.00	2000
229	11.02	2047	2132	0.64	196	0	0	0	nan	0.00	0.00	4.96	85.47	88.98	0.00	42	0	42	0.00	0.00	65.13	7.98	0.00	0.00	2000
227	10.91	2110	2072	0.00	194	0	0	0	nan	0.00	0.00	3.37	84.58	89.09	0.00	42	0	42	0.00	0.00	64.82	7.95	0.00	0.00	2000
229	10.92	2074	2128	0.00	194	0	0	0	nan	0.00	0.00	4.76	85.49	89.08	0.00	42	0	42	0.00	0.00	64.73	8.07	0.00	0.00	2000
227	11.15	2071	2067	0.00	194	0	0	0	nan	0.00	0.00	3.80	83.74	88.85	0.00	42	0	42	0.00	0.00	64.56	7.94	0.00	0.00	2000
230	10.82	2123	2106	0.00	196	0	0	0	nan	0.00	0.00	5.44	84.08	89.18	0.00	42	0	42	0.00	0.00	65.08	7.81	0.00	0.00	2000
228	11.02	2069	2100	0.00	195	0	0	0	nan	0.00	0.01	4.32	84.56	88.98	0.00	42	0	42	0.00	0.00	64.99	7.96	0.00	0.00	2000
229	10.78	2118	2101	0.00	195	0	0	0	nan	0.00	0.01	4.11	85.17	89.22	0.00	42	0	42	0.00	0.00	64.77	8.08	0.00	0.00	2000
226	10.85	2066	2120	0.00	194	0	0	0	nan	0.00	0.02	4.01	86.04	89.15	0.00	42	0	42	0.00	0.00	64.37	7.92	0.00	0.00	2000
229	10.97	2092	2098	0.00	194	0	0	0	nan	0.00	0.00	3.33	85.57	89.03	0.00	42	0	42	0.00	0.00	65.08	7.72	0.00	0.00	2000
230	11.27	2032	2107	0.00	194	0	0	0	nan	0.00	0.02	4.71	84.34	88.73	0.00	42	0	42	0.00	0.00	65.56	7.98	0.00	0.00	2000
229	11.07	2093	2075	0.00	195	0	0	0	nan	0.00	0.00	3.50	84.31	88.93	0.00	42	0	42	0.00	0.00	64.20	7.99	0.00	0.00	2000
229	10.84	2115	2094	0.00	197	0	0	0	nan	0.00	0.03	6.46	82.47	89.16	0.00	42	0	43	0.00	0.00	65.55	7.75	0.00	0.00	2000
229	11.04	2059	2118	0.00	196	0	0	0	nan	0.00	0.00	4.61	85.16	88.96	0.00	42	0	42	0.00	0.00	61.22	7.61	0.00	0.00	2000
227	10.79	2104	2104	0.00	196	0	0	0	nan	0.00	0.00	4.83	84.58	89.21	0.00	42	0	42	0.00	0.00	67.65	8.29	0.00	0.00	2000
230	10.91	2118	2095	0.00	210	0	0	0	nan	0.00	0.00	5.73	83.14	89.09	0.00	42	0	42	0.00	0.00	65.33	7.93	0.00	0.00	2000
228	11.41	2006	2094	0.00	195	0	0	0	nan	0.00	0.00	4.18	84.26	88.59	0.00	42	0	42	0.00	0.00	61.91	7.64	0.00	0.00	2000
230	11.14	2068	2098	0.69	195	0	0	11	25.58	0.00	0.00	4.48	84.39	88.86	0.00	42	0	42	0.00	0.00	67.05	8.19	0.00	0.00	2000
229	10.67	2125	2124	1.04	197	0	0	3	57.79	0.00	0.02	5.23	84.95	89.33	0.00	42	0	42	0.00	0.00	64.15	7.63	0.00	0.00	2000
228	11.13	2098	2051	0.00	195	0	0	0	nan	0.00	0.00	2.78	84.06	88.87	0.00	42	0	42	0.00	0.00	60.84	7.37	0.00	0.00	2000
228	10.69	2113	2119	0.00	194	0	0	0	nan	0.00	0.00	3.15	87.00	89.31	0.00	42	0	42	0.00	0.00	64.85	7.83	0.00	0.00	2000
230	11.15	2050	2111	0.00	195	0	0	0	nan	0.00	0.00	3.84	85.58	88.85	0.00	42	0	42	0.00	0.00	66.94	8.15	0.00	0.00	2000
228	10.98	2087	2091	0.00	195	0	0	0	nan	0.00	0.02	5.27	83.32	89.02	0.00	42	0	42	0.00	0.00	64.89	7.64	0.00	0.00	2000
228	11.01	2054	2120	0.00	194	0	0	0	nan	0.00	0.00	4.16	85.76	88.99	0.00	42	0	42	0.00	0.00	67.33	8.27	0.00	0.00	2000
227	10.71	2120	2095	0.00	194	0	0	0	nan	0.00	0.00	4.46	84.55	89.29	0.00	42	0	42	0.00	0.00	62.00	7.54	0.00	0.00	2000
229	11.08	2069	2099	0.00	195	0	0	0	nan	0.00	0.00	3.83	85.08	88.92	0.00	42	0	42	0.00	0.00	65.25	7.70	0.00	0.00	2000
230	11.01	2108	2082	0.00	197	0	0	0	nan	0.00	0.00	5.02	83.19	88.99	0.00	42	0	42	0.00	0.00	62.31	7.38	0.00	0.00	2000
229	10.92	2077	2122	0.00	195	0	0	0	nan	0.00	0.00	4.18	85.96	89.08	0.00	42	0	42	0.00	0.00	70.74	8.42	0.00	0.00	2000
228	10.75	2116	2107	0.00	195	0	0	0	nan	0.00	0.02	4.39	85.15	89.25	0.00	42	0	42	0.00	0.00	64.21	7.79	0.00	0.00	2000
230	10.64	2159	2100	0.00	194	0	0	0	nan	0.00	0.00	3.27	86.01	89.36	0.00	42	0	42	0.00	0.00	65.11	7.90	0.00	0.00	2000
228	11.00	2091	2076	0.00	196	0	0	0	nan	0.00	0.00	4.15	83.83	89.00	0.00	42	0	42	0.00	0.00	62.35	7.57	0.00	0.00	2000
231	11.24	2055	2105	0.00	195	0	0	0	nan	0.00	0.00	3.96	85.09	88.76	0.00	42	0	42	0.00	0.00	64.27	7.90	0.00	0.00	2000
228	10.91	2076	2112	0.00	195	0	0	0	nan	0.00	0.00	4.49	85.25	89.09	0.00	42	0	42	0.00	0.00	65.03	7.81	0.00	0.00	2000
229	11.06	2056	2112	0.00	197	0	0	0	nan	0.00	0.00	3.72	85.78	88.94	0.00	42	0	42	0.00	0.00	65.43	7.82	0.00	0.00	2000
235	11.31	2115	2060	0.20	196	0	0	7	20.14	0.00	0.00	3.84	83.21	88.69	0.00	42	0	42	0.00	0.00	62.25	7.36	0.00	0.00	2000
230	11.15	2022	2141	1.44	195	0	0	6	36.35	0.00	0.03	3.82	86.86	88.85	0.00	42	0	42	0.00	0.00	70.10	8.46	0.00	0.00	2000
226	11.21	2051	2066	0.00	194	0	0	0	nan	0.00	0.00	3.77	83.74	88.79	0.00	42	0	42	0.00	0.00	58.87	7.18	0.00	0.00	2000
231	11.00	2066	2132	0.00	196	0	0	0	nan	0.00	0.00	4.54	85.84	89.00	0.00	42	0	42	0.00	0.00	66.94	8.15	0.00	0.00	2000
227	10.98	2064	2105	0.00	194	0	0	0	nan	0.00	0.02	3.91	85.36	89.02	0.00	42	0	42	0.00	0.00	65.66	7.47	0.00	0.00	2000
230	10.82	2160	2062	0.00	194	0	0	0	nan	0.00	0.02	2.89	84.60	89.18	0.00	41	0	42	0.00	0.00	62.02	7.83	0.00	0.00	2000
229	10.86	2091	2116	0.00	194	0	0	0	nan	0.00	0.01	4.59	85.32	89.14	0.00	42	0	42	0.00	0.00	65.01	7.85	0.00	0.00	2000
229	11.13	2063	2091	0.00	195	0	0	0	nan	0.00	0.00	4.40	84.20	88.87	0.00	42	0	42	0.00	0.00	64.16	7.68	0.00	0.00	2000
230	11.10	2069	2099	0.00	196	0	0	0	nan	0.00	0.03	4.71	84.24	88.90	0.00	42	0	42	0.00	0.00	64.97	7.89	0.00	0.00	2000
229	11.20	2046	2101	0.00	195	0	0	0	nan	0.00	0.00	4.45	84.48	88.80	0.00	42	0	42	0.00	0.00	64.62	7.82	0.00	0.00	2000
227	10.83	2101	2097	0.00	194	0	0	0	nan	0.00	0.02	3.96	85.09	89.17	0.00	42	0	42	0.00	0.00	64.65	7.78	0.00	0.00	2000
229	10.83	2085	2128	0.00	193	0	0	0	nan	0.00	0.00	4.18	86.26	89.17	0.00	42	0	42	0.00	0.00	64.75	7.90	0.00	0.00	2000
227	11.10	2076	2067	0.00	195	0	0	0	nan	0.00	0.00	3.20	84.45	88.90	0.00	42	0	42	0.00	0.00	64.78	7.81	0.00	0.00	2000
231	11.21	2037	2122	0.00	197	0	0	0	nan	0.00	0.00	5.00	84.81	88.79	0.00	42	0	42	0.00	0.00	62.41	7.69	0.00	0.00	2000
226	11.06	2060	2084	0.00	194	0	0	0	nan	0.00	0.00	4.41	83.84	88.94	0.00	42	0	42	0.00	0.00	67.59	7.91	0.00	0.00	2000
230	11.00	2085	2110	0.00	194	0	0	0	nan	0.00	0.00	4.32	85.19	89.00	0.00	42	0	42	0.00	0.00	65.15	7.89	0.00	0.00	2000
227	10.94	2076	2102	0.00	195	0	0	0	nan	0.00	0.02	4.87	84.32	89.06	0.00	42	0	42	0.00	0.00	64.86	7.82	0.00	0.00	2000
231	10.99	2106	2093	0.00	196	0	0	5	26.60	0.00	0.00	4.63	84.00	89.01	0.00	42	0	42	0.00	0.00	65.15	7.87	0.00	0.00	2000
230	10.91	2120	2088	1.59	195	0	0	8	27.42	0.00	0.00	4.65	83.96	89.09	0.00	42	0	42	0.00	0.00	64.83	7.72	0.00	0.00	2000
230	11.02	2066	2121	0.00	197	0	0	0	nan	0.00	0.00	5.59	84.36	88.98	0.00	42	0	42	0.00	0.00	65.36	7.69	0.00	0.00	2000
228	10.75	2133	2088	0.00	196	0	0	0	nan	0.00	0.02	4.68	84.04	89.25	0.00	42	0	42	0.00	0.00	64.87	7.77	0.00	0.00	2000
229	11.24	2032	2108	0.00	195	0	0	0	nan	0.00	0.00	4.18	85.02	88.76	0.00	43	0	43	0.00	0.00	65.08	7.99	0.00	0.00	2000
226	10.91	2077	2096	0.00	195	0	0	0	nan	0.00	0.00	4.47	84.48	89.09	0.00	42	0	42	0.00	0.00	65.34	7.95	0.00	0.00	2000
230	11.33	2017	2115	0.00	194	0	0	0	nan	0.00	0.00	4.48	84.92	88.67	0.00	42	0	42	0.00	0.00	64.73	8.04	0.00	0.00	2000
228	10.92	2111	2075	0.00	195	0	0	0	nan	0.00	0.00	3.91	84.16	89.08	0.00	42	0	42	0.00	0.00	64.91	8.08	0.00	0.00	2000
229	10.58	2164	2104	0.00	194	0	0	0	nan	0.00	0.00	4.64	84.86	89.42	0.00	42	0	42	0.00	0.00	64.69	7.99	0.00	0.00	2000
229	11.01	2067	2114	0.00	196	0	0	0	nan	0.00	0.01	6.12	83.49	88.99	0.00	42	0	42	0.00	0.00	65.06	8.10	0.00	0.00	2000
229	10.84	2108	2106	0.00	194	0	0	0	nan	0.00	0.00	4.18	85.20	89.16	0.00	42	0	42	0.00	0.00	64.89	7.96	0.00	0.00	2000
228	11.09	2081	2074	0.00	194	0	0	0	nan	0.00	0.00	4.27	83.66	88.91	0.00	42	0	42	0.00	0.00	64.54	8.10	0.00	0.00	2000
231	10.68	2147	2118	0.00	195	0	0	0	nan	0.00	0.00	6.00	84.11	89.32	0.00	42	0	42	0.00	0.00	65.47	8.03	0.00	0.00	2000
228	11.04	2075	2093	0.00	196	0	0	0	nan	0.00	0.00	5.23	83.41	88.96	0.00	42	0	42	0.00	0.00	65.06	7.99	0.00	0.00	2000
237	11.24	2082	2123	0.00	195	0	0	0	nan	0.00	0.00	4.82	84.94	88.76	0.00	42	0	42	0.00	0.00	65.42	8.11	0.00	0.00	2000
227	11.25	2033	2081	0.00	194	0	0	0	nan	0.00	0.02	3.50	84.60	88.75	0.00	42	0	42	0.00	0.00	64.75	8.00	0.00	0.00	2000
229	11.20	2051	2096	0.00	195	0	0	0	nan	0.00	0.00	3.67	84.99	88.80	0.00	42	0	42	0.00	0.00	65.10	7.89	0.00	0.00	2000
230	11.22	2042	2112	0.00	198	0	0	2	37.19	0.00	0.02	7.04	82.33	88.78	0.00	42	0	42	0.00	0.00	64.87	7.77	0.00	0.00	2000
229	11.41	1994	2112	1.66	195	0	0	11	25.33	0.00	0.00	3.55	85.70	88.59	0.00	42	0	42	0.00	0.00	64.59	7.91	0.00	0.00	2000
227	11.08	2075	2078	0.00	195	0	0	0	nan	0.00	0.02	3.78	84.22	88.92	0.00	42	0	42	0.00	0.00	65.14	7.82	0.00	0.00	2000
228	10.99	2055	2121	0.00	194	0	0	0	nan	0.00	0.00	4.17	85.80	89.01	0.00	42	0	42	0.00	0.00	64.96	7.93	0.00	0.00	2000
227	11.03	2073	2083	0.00	195	0	0	0	nan	0.00	0.02	4.37	83.99	88.97	0.00	42	0	42	0.00	0.00	64.84	7.83	0.00	0.00	2000
232	10.98	2123	2091	0.00	200	0	0	0	nan	0.00	0.00	5.41	83.16	89.02	0.00	42	0	42	0.00	0.00	64.79	7.95	0.00	0.00	2000
227	11.13	2029	2112	0.00	195	0	0	0	nan	0.00	0.02	4.81	84.78	88.87	0.00	42	0	42	0.00	0.00	64.83	7.89	0.00	0.00	2000
230	10.92	2117	2093	0.00	195	0	0	0	nan	0.00	0.00	3.79	84.98	89.08	0.00	42	0	42	0.00	0.00	65.01	7.86	0.00	0.00	2000
228	11.15	2037	2110	0.00	195	0	0	0	nan	0.00	0.01	5.30	84.01	88.85	0.00	42	0	42	0.00	0.00	64.81	7.95	0.00	0.00	2000
228	11.05	2055	2111	0.00	195	0	0	0	nan	0.00	0.00	4.07	85.34	88.95	0.00	42	0	42	0.00	0.00	64.92	7.84	0.00	0.00	2000
229	10.87	2133	2074	0.00	195	0	0	0	nan	0.00	0.02	3.13	84.96	89.13	0.00	42	0	42	0.00	0.00	64.85	7.85	0.00	0.00	2000
229	10.87	2102	2099	0.00	195	0	0	0	nan	0.00	0.00	4.68	84.37	89.13	0.00	42	0	42	0.00	0.00	65.23	7.87	0.00	0.00	2000
228	10.92	2065	2123	0.00	193	0	0	0	nan	0.01	0.00	4.32	85.80	89.08	0.00	42	0	42	0.00	0.00	64.33	7.99	0.00	0.00	2000
228	11.16	2036	2104	0.00	195	0	0	0	nan	0.00	0.00	3.62	85.45	88.84	0.00	42	0	42	0.00	0.00	65.01	7.92	0.00	0.00	2000
227	11.11	2072	2068	0.00	194	0	0	0	nan	0.00	0.00	3.50	84.16	88.89	0.00	42	0	42	0.00	0.00	64.46	7.78	0.00	0.00	2000
228	10.98	2055	2122	0.00	194	0	0	0	nan	0.00	0.00	4.63	85.41	89.02	0.00	42	0	42	0.00	0.00	65.04	7.62	0.00	0.00	2000
230	11.02	2099	2088	0.00	195	0	0	0	nan	0.00	0.00	4.38	84.11	88.98	0.00	42	0	42	0.00	0.00	64.78	7.94	0.00	0.00	2000
229	10.91	2100	2095	0.00	195	0	0	0	nan	0.00	0.00	4.32	84.60	89.09	0.00	42	0	42	0.00	0.00	64.57	7.74	0.00	0.00	2000
230	11.05	2065	2113	1.47	197	0	0	11	13.25	0.01	0.00	4.75	84.87	88.95	0.00	42	0	42	0.00	0.00	64.49	7.83	0.00	0.00	2000
230	10.93	2101	2101	0.24	195	0	0	0	nan	0.00	0.00	4.17	85.00	89.07	0.00	42	0	42	0.00	0.00	65.17	7.64	0.00	0.00	2000
227	11.11	2053	2090	0.00	195	0	0	0	nan	0.00	0.02	4.53	84.00	88.89	0.00	42	0	42	0.00	0.00	64.82	8.07	0.00	0.00	2000
231	10.98	2091	2113	0.00	195	0	0	0	nan	0.00	0.00	4.03	85.59	89.02	0.00	42	0	42	0.00	0.00	65.33	7.78	0.00	0.00	2000
227	10.74	2127	2085	0.00	195	0	0	0	nan	0.00	0.00	4.07	84.54	89.26	0.00	42	0	42	0.00	0.00	65.10	7.68	0.00	0.00	2000
229	10.90	2100	2099	0.00	195	0	0	0	nan	0.00	0.00	4.29	84.82	89.10	0.00	42	0	42	0.00	0.00	64.80	7.77	0.00	0.00	2000
227	11.01	2046	2113	0.00	193	0	0	0	nan	0.00	0.00	4.68	84.90	88.99	0.00	42	0	42	0.00	0.00	64.61	7.78	0.00	0.00	2000
229	11.01	2086	2091	0.00	195	0	0	0	nan	0.00	0.00	3.75	84.85	88.99	0.00	42	0	42	0.00	0.00	65.23	7.79	0.00	0.00	2000
229	11.20	2060	2089	0.00	197	0	0	0	nan	0.00	0.02	5.38	82.99	88.80	0.00	42	0	42	0.00	0.00	64.87	8.01	0.00	0.00	2000
230	10.86	2113	2109	0.00	195	0	0	0	nan	0.00	0.02	4.45	85.01	89.14	0.00	42	0	42	0.00	0.00	65.06	7.67	0.00	0.00	2000
227	10.67	2141	2090	0.00	194	0	0	0	nan	0.00	0.02	4.19	84.58	89.33	0.00	42	0	42	0.00	0.00	65.40	7.68	0.00	0.00	2000
235	11.07	2113	2111	0.00	212	0	0	0	nan	0.00	0.00	7.33	82.12	88.93	0.00	42	0	42	0.00	0.00	64.41	7.78	0.00	0.00	2000
229	10.87	2102	2104	0.00	195	0	0	0	nan	0.00	0.01	4.96	84.37	89.13	0.00	42	0	43	0.00	0.00	64.73	7.81	0.00	0.00	2000
230	10.97	2106	2092	0.00	195	0	0	0	nan	0.00	0.00	4.76	83.94	89.03	0.00	42	0	42	0.00	0.00	64.79	7.91	0.00	0.00	2000
229	10.74	2116	2115	0.00	194	0	0	0	nan	0.00	0.02	4.39	85.46	89.26	0.00	42	0	42	0.00	0.00	65.81	7.73	0.00	0.00	2000
229	11.27	2044	2089	0.00	195	0	0	0	nan	0.00	0.00	3.84	84.51	88.73	0.00	42	0	42	0.00	0.00	64.56	7.71	0.00	0.00	2000
228	10.60	2162	2090	0.00	195	0	0	0	nan	0.00	0.00	4.30	84.64	89.40	0.00	42	0	42	0.00	0.00	65.56	7.87	0.00	0.00	2000
230	10.97	2087	2106	1.06	193	0	0	11	14.34	0.00	0.00	4.22	85.09	89.03	0.00	42	0	42	0.00	0.00	64.60	7.97	0.00	0.00	2000
230	10.97	2080	2117	0.63	194	0	0	0	nan	0.00	0.01	4.78	84.98	89.03	0.00	42	0	42	0.00	0.00	65.10	7.80	0.00	0.00	2000
228	11.01	2091	2084	0.00	195	0	0	0	nan	0.00	0.00	3.99	84.29	88.99	0.00	42	0	42	0.00	0.00	64.31	7.62	0.00	0.00	2000
228	11.10	2056	2099	0.00	195	0	0	0	nan	0.00	0.02	5.17	83.68	88.90	0.00	42	0	42	0.00	0.00	62.22	7.54	0.00	0.00	2000
229	10.94	2077	2119	0.00	196	0	0	0	nan	0.00	0.00	4.92	84.93	89.06	0.00	42	0	42	0.00	0.00	67.63	8.13	0.00	0.00	2000
228	11.02	2080	2086	0.00	195	0	0	0	nan	0.00	0.00	4.27	84.07	88.98	0.00	42	0	42	0.00	0.00	64.35	7.86	0.00	0.00	2000
229	11.14	2059	2095	0.00	194	0	0	0	nan	0.00	0.00	3.99	84.76	88.86	0.00	42	0	42	0.00	0.00	62.07	7.50	0.00	0.00	2000
230	11.30	2019	2120	0.00	197	0	0	0	nan	0.00	0.05	5.49	84.16	88.70	0.00	42	0	42	0.00	0.00	67.94	8.27	0.00	0.00	2000
229	10.99	2073	2109	0.00	194	0	0	0	nan	0.00	0.00	3.84	85.59	89.01	0.00	42	0	42	0.00	0.00	64.71	7.80	0.00	0.00	2000
228	10.82	2128	2082	0.00	194	0	0	0	nan	0.00	0.00	3.44	84.99	89.18	0.00	42	0	42	0.00	0.00	62.15	7.31	0.00	0.00	2000
228	10.77	2129	2091	0.00	194	0	0	0	nan	0.00	0.01	3.96	84.87	89.23	0.00	42	0	42	0.00	0.00	65.30	7.86	0.00	0.00	2000
229	11.15	2042	2109	0.00	199	0	0	0	nan	0.00	0.02	6.58	82.74	88.85	0.00	42	0	42	0.00	0.00	64.54	7.93	0.00	0.00	2000
231	11.17	2074	2095	0.00	195	0	0	0	nan	0.00	0.00	5.04	83.61	88.83	0.00	42	0	42	0.00	0.00	64.93	7.99	0.00	0.00	2000
228	10.71	2141	2090	0.00	194	0	0	0	nan	0.00	0.00	4.15	84.63	89.29	0.00	42	0	42	0.00	0.00	62.10	7.61	0.00	0.00	2000
235	11.13	2102	2106	0.00	197	0	0	0	nan	0.00	0.00	5.30	83.80	88.87	0.00	42	0	42	0.00	0.00	68.08	8.14	0.00	0.00	2000
230	10.95	2086	2116	0.00	195	0	0	0	nan	0.00	0.01	5.23	84.51	89.05	0.00	43	0	43	0.00	0.00	64.64	7.89	0.00	0.00	2000
229	10.90	2117	2087	0.00	195	0	0	0	nan	0.00	0.00	4.10	84.38	89.10	0.00	42	0	42	0.00	0.00	64.94	7.91	0.00	0.00	2000
229	10.83	2081	2135	0.62	195	0	0	10	19.46	0.00	0.00	5.24	85.54	89.17	0.00	42	0	42	0.00	0.00	63.73	7.79	0.00	0.00	2000
228	11.17	2091	2049	1.08	195	0	0	3	49.62	0.00	0.00	2.98	83.77	88.83	0.00	42	0	42	0.00	0.00	63.14	7.62	0.00	0.00	2000
228	11.17	2032	2115	0.00	196	0	0	0	nan	0.00	0.02	4.76	84.71	88.83	0.00	42	0	42	0.00	0.00	64.80	7.93	0.00	0.00	2000
229	11.04	2047	2126	0.00	195	0	0	0	nan	0.00	0.00	4.00	86.09	88.96	0.00	42	0	42	0.00	0.00	70.32	8.49	0.00	0.00	2000
228	11.30	2021	2093	0.00	194	0	0	0	nan	0.00	0.02	3.95	84.52	88.70	0.00	43	0	43	0.00	0.00	61.62	7.60	0.00	0.00	2000
230	11.05	2073	2110	0.00	195	0	0	0	nan	0.00	0.00	3.26	86.24	88.95	0.00	42	0	42	0.00	0.00	63.69	7.68	0.00	0.00	2000
227	10.80	2163	2040	0.00	195	0	0	0	nan	0.00	0.00	3.48	83.15	89.20	0.00	42	0	42	0.00	0.00	63.67	7.70	0.00	0.00	2000
230	10.73	2091	2157	0.00	194	0	0	0	nan	0.00	0.02	2.66	89.09	89.27	0.00	42	0	43	0.00	0.00	67.09	8.18	0.00	0.00	2000
227	11.03	2073	2082	0.00	194	0	0	0	nan	0.00	0.00	3.99	84.13	88.97	0.00	43	0	43	0.00	0.00	61.99	7.58	0.00	0.00	2000
229	10.99	2086	2095	0.00	194	0	0	0	nan	0.00	0.00	4.14	84.63	89.01	0.00	42	0	42	0.00	0.00	64.99	7.83	0.00	0.00	2000
228	10.95	2046	2138	0.00	194	0	0	0	nan	0.00	0.02	4.85	85.92	89.05	0.00	42	0	42	0.00	0.00	66.01	7.90	0.00	0.00	2000
230	11.29	2078	2055	0.00	196	0	0	0	nan	0.00	0.00	3.33	83.43	88.71	0.00	42	0	42	0.00	0.00	63.48	7.67	0.00	0.00	2000
228	11.13	2039	2107	0.00	194	0	0	0	nan	0.00	0.02	3.78	85.46	88.87	0.00	42	0	42	0.00	0.00	64.36	7.81	0.00	0.00	2000
229	11.05	2048	2124	0.00	195	0	0	0	nan	0.00	0.00	4.51	85.65	88.95	0.00	42	0	42	0.00	0.00	64.37	7.77	0.00	0.00	2000
228	11.00	2095	2073	0.00	195	0	0	0	nan	0.00	0.02	4.03	83.83	89.00	0.00	42	0	42	0.00	0.00	64.43	7.56	0.00	0.00	2000
232	11.22	2032	2137	0.00	199	0	0	0	nan	0.00	0.00	5.31	85.13	88.78	0.00	42	0	42	0.00	0.00	65.75	7.86	0.00	0.00	2000
230	11.04	2120	2061	0.00	197	0	0	0	nan	0.00	0.02	3.30	84.09	88.96	0.00	42	0	42	0.00	0.00	64.04	7.65	0.00	0.00	2000
229	11.27	2008	2121	0.21	195	0	0	8	24.86	0.00	0.00	3.82	85.98	88.73	0.00	42	0	42	0.00	0.00	64.41	7.68	0.00	0.00	2000
228	10.79	2115	2098	1.43	195	0	0	5	34.92	0.00	0.02	4.24	84.90	89.21	0.00	42	0	42	0.00	0.00	64.79	7.78	0.00	0.00	2000
229	10.90	2116	2088	0.00	194	0	0	0	nan	0.00	0.00	3.50	85.05	89.10	0.00	41	0	42	0.00	0.00	64.89	7.85	0.00	0.00	2000
228	11.05	2064	2097	0.00	194	0	0	0	nan	0.00	0.01	4.66	84.24	88.95	0.00	42	0	42	0.00	0.00	64.77	7.85	0.00	0.00	2000
231	10.92	2106	2110	0.00	196	0	0	0	nan	0.00	0.00	4.99	84.51	89.08	0.00	42	0	42	0.00	0.00	65.16	7.90	0.00	0.00	2000
227	11.01	2071	2091	0.00	194	0	0	0	nan	0.00	0.00	4.10	84.53	88.99	0.00	42	0	42	0.00	0.00	64.66	7.92	0.00	0.00	2000
229	10.97	2074	2112	0.00	196	0	0	0	nan	0.00	0.00	5.06	84.52	89.03	0.00	42	0	42	0.00	0.00	64.74	7.85	0.00	0.00	2000
227	10.92	2088	2088	0.00	194	0	0	0	nan	0.00	0.00	4.39	84.21	89.08	0.00	42	0	42	0.00	0.00	64.58	7.85	0.00	0.00	2000
234	11.28	2065	2108	0.00	196	0	0	0	nan	0.00	0.00	4.78	84.40	88.72	0.00	42	0	42	0.00	0.00	64.50	7.81	0.00	0.00	2000
232	10.57	2162	2130	0.00	195	0	0	0	nan	0.00	0.00	5.06	85.54	89.43	0.00	42	0	43	0.00	0.00	66.92	8.13	0.00	0.00	2000
228	10.84	2151	2054	0.00	196	0	0	0	nan	0.00	0.00	3.10	84.11	89.16	0.00	42	0	42	0.00	0.00	63.05	7.73	0.00	0.00	2000
228	11.01	2054	2116	0.00	195	0	0	0	nan	0.00	0.02	3.94	85.72	88.99	0.00	42	0	42	0.00	0.00	65.12	7.78	0.00	0.00	2000
229	10.99	2084	2097	0.00	195	0	0	0	nan	0.00	0.00	4.32	84.63	89.01	0.00	42	0	42	0.00	0.00	64.90	7.88	0.00	0.00	2000
228	11.03	2057	2112	0.00	195	0	0	0	nan	0.00	0.02	4.01	85.55	88.97	0.00	42	0	42	0.00	0.00	64.83	7.93	0.00	0.00	2000
231	11.10	2065	2113	0.00	197	0	0	0	nan	0.00	0.00	4.32	85.23	88.90	0.00	42	0	42	0.00	0.00	64.53	7.87	0.00	0.00	2000
230	11.42	2014	2099	0.00	197	0	0	0	nan	0.00	0.02	3.39	85.30	88.58	0.00	42	0	42	0.00	0.00	64.68	7.87	0.00	0.00	2000
228	11.12	2060	2090	0.00	194	0	0	0	nan	0.00	0.00	3.11	85.51	88.88	0.00	42	0	42	0.00	0.00	64.42	7.84	0.00	0.00	2000
227	10.94	2092	2085	0.00	194	0	0	5	23.49	0.00	0.00	4.54	83.94	89.06	0.00	42	0	42	0.00	0.00	64.62	7.87	0.00	0.00	2000
230	11.14	2048	2114	1.59	197	0	0	8	26.99	0.00	0.00	5.28	84.31	88.86	0.00	42	0	42	0.00	0.00	64.47	8.09	0.00	0.00	2000
228	11.08	2047	2110	0.00	196	0	0	0	nan	0.00	0.02	5.15	84.18	88.92	0.00	42	0	42	0.00	0.00	65.98	8.05	0.00	0.00	2000
230	11.14	2103	2066	0.00	196	0	0	0	nan	0.00	0.01	3.32	84.08	88.86	0.00	42	0	42	0.00	0.00	63.65	7.75	0.00	0.00	2000
228	11.08	2049	2106	0.00	194	0	0	0	nan	0.00	0.02	3.93	85.26	88.92	0.00	42	0	43	0.00	0.00	64.91	7.96	0.00	0.00	2000
229	11.34	2007	2110	0.00	196	0	0	0	nan	0.00	0.00	4.20	85.10	88.66	0.00	42	0	42	0.00	0.00	64.44	8.03	0.00	0.00	2000
227	11.07	2036	2116	0.00	195	0	0	0	nan	0.00	0.00	4.66	85.06	88.93	0.00	42	0	42	0.00	0.00	64.85	7.97	0.00	0.00	2000
228	10.96	2078	2105	0.00	193	0	0	0	nan	0.00	0.00	3.32	85.86	89.04	0.00	42	0	42	0.00	0.00	65.06	7.83	0.00	0.00	2000
230	11.10	2080	2088	0.00	196	0	0	0	nan	0.00	0.00	3.83	84.54	88.90	0.00	42	0	42	0.00	0.00	64.97	7.94	0.00	0.00	2000
229	11.04	2083	2088	0.00	195	0	0	0	nan	0.00	0.00	4.06	84.45	88.96	0.00	42	0	42	0.00	0.00	64.68	7.81	0.00	0.00	2000
227	11.04	2047	2106	0.00	195	0	0	0	nan	0.00	0.00	4.72	84.55	88.96	0.00	42	0	42	0.00	0.00	64.88	8.01	0.00	0.00	2000
228	10.95	2071	2109	0.00	194	0	0	0	nan	0.00	0.00	4.37	85.05	89.05	0.00	42	0	42	0.00	0.00	64.89	8.05	0.00	0.00	2000
227	10.99	2091	2075	0.00	194	0	0	0	nan	0.00	0.00	4.43	83.63	89.01	0.00	42	0	42	0.00	0.00	64.83	8.05	0.00	0.00	2000
232	10.64	2165	2112	0.00	196	0	0	0	nan	0.00	0.00	4.56	85.26	89.36	0.00	42	0	42	0.00	0.00	65.33	7.88	0.00	0.00	2000
228	10.84	2086	2117	0.00	195	0	0	0	nan	0.00	0.02	5.09	84.90	89.17	0.00	42	0	42	0.00	0.00	65.34	7.98	0.00	0.00	2000
229	11.15	2070	2078	0.00	194	0	0	0	nan	0.00	0.00	3.00	84.98	88.85	0.00	43	0	43	0.00	0.00	64.69	7.85	0.00	0.00	2000
227	10.78	2090	2121	0.00	194	0	0	0	nan	0.00	0.02	4.40	85.80	89.22	0.00	42	0	42	0.00	0.00	64.88	7.81	0.00	0.00	2000
228	11.16	2062	2078	0.00	194	0	0	2	37.21	0.00	0.00	3.62	84.23	88.84	0.00	42	0	42	0.00	0.00	64.67	7.81	0.00	0.00	2000
231	10.70	2129	2125	1.65	196	0	0	11	23.81	0.00	0.00	4.74	85.61	89.30	0.00	42	0	42	0.00	0.00	65.29	8.01	0.00	0.00	2000
228	11.33	2015	2102	0.00	196	0	0	0	nan	0.00	0.00	3.96	84.92	88.67	0.00	42	0	42	0.00	0.00	64.76	7.77	0.00	0.00	2000
227	11.15	2045	2092	0.00	194	0	0	0	nan	0.00	0.00	3.48	85.18	88.85	0.00	42	0	42	0.00	0.00	64.96	7.75	0.00	0.00	2000
228	11.19	2044	2094	0.00	195	0	0	0	nan	0.00	0.00	4.00	84.62	88.81	0.00	42	0	42	0.00	0.00	65.01	7.81	0.00	0.00	2000
228	10.90	2115	2080	0.00	198	0	0	0	nan	0.00	0.02	6.34	81.92	89.10	0.00	42	0	42	0.00	0.00	64.95	7.74	0.00	0.00	2000
230	10.98	2072	2120	0.00	197	0	0	0	nan	0.00	0.00	4.10	85.84	89.02	0.00	42	0	42	0.00	0.00	64.84	8.01	0.00	0.00	2000
229	10.87	2111	2095	0.00	195	0	0	0	nan	0.00	0.00	4.18	84.76	89.13	0.00	42	0	42	0.00	0.00	64.93	7.86	0.00	0.00	2000
230	11.08	2074	2098	0.00	195	0	0	0	nan	0.00	0.00	4.42	84.44	88.92	0.00	42	0	42	0.00	0.00	64.97	7.88	0.00	0.00	2000
226	10.84	2091	2097	0.00	194	0	0	0	nan	0.00	0.02	4.61	84.44	89.16	0.00	42	0	42	0.00	0.00	64.60	7.82	0.00	0.00	2000
230	10.97	2072	2120	0.00	196	0	0	0	nan	0.00	0.00	4.79	85.19	89.03	0.00	42	0	43	0.00	0.00	65.18	7.55	0.00	0.00	2000
229	11.02	2062	2114	0.00	195	0	0	0	nan	0.00	0.02	3.44	86.23	88.98	0.00	42	0	42	0.00	0.00	63.31	7.30	0.00	0.00	2000
228	11.23	2123	2010	0.00	195	0	0	0	nan	0.00	0.00	3.20	81.84	88.77	0.00	41	0	42	0.00	0.00	60.27	7.64	0.00	0.00	2000
231	10.51	2113	2185	0.00	194	0	0	0	nan	0.00	0.01	2.45	90.68	89.49	0.00	42	0	42	0.00	0.00	70.77	8.53	0.00	0.00	2000
230	11.12	2092	2077	0.00	196	0	0	0	nan	0.00	0.03	3.48	84.48	88.88	0.00	42	0	42	0.00	0.00	64.54	7.51	0.00	0.00	2000
227	10.94	2070	2109	0.00	195	0	0	0	nan	0.00	0.02	4.65	84.85	89.06	0.00	42	0	42	0.00	0.00	65.46	7.65	0.00	0.00	2000
229	11.02	2060	2115	0.00	195	0	0	0	nan	0.00	0.00	3.85	85.83	88.98	0.00	42	0	42	0.00	0.00	64.71	7.55	0.00	0.00	2000
230	11.04	2070	2111	0.00	195	0	0	0	nan	0.00	0.02	4.22	85.25	88.96	0.00	42	0	42	0.00	0.00	66.88	7.75	0.00	0.00	2000
229	10.62	2167	2089	1.24	194	0	0	5	27.95	0.00	0.00	3.22	85.68	89.38	0.00	42	0	42	0.00	0.00	61.11	6.98	0.00	0.00	2000
227	10.83	2124	2070	0.32	194	0	0	0	nan	0.00	0.01	2.56	85.41	89.17	0.00	41	0	42	0.00	0.00	63.37	7.51	0.00	0.00	2000
229	10.77	2153	2072	0.00	194	0	0	0	nan	0.00	0.00	2.05	86.00	89.23	0.00	42	0	42	0.00	0.00	62.69	7.64	0.00	0.00	2000
229	10.93	2050	2149	0.00	195	0	0	0	nan	0.00	0.02	3.53	87.79	89.07	0.00	42	0	42	0.00	0.00	70.41	8.60	0.00	0.00	2000
231	10.95	2130	2083	0.00	198	0	0	0	nan	0.00	0.00	4.07	84.28	89.05	0.00	42	0	42	0.00	0.00	64.86	7.50	0.00	0.00	2000
229	10.78	2095	2127	0.00	194	0	0	0	nan	0.00	0.01	4.34	86.09	89.22	0.00	42	0	42	0.00	0.00	64.73	7.69	0.00	0.00	2000
229	11.13	2065	2089	0.00	195	0	0	0	nan	0.00	0.00	2.75	85.79	88.87	0.00	42	0	42	0.00	0.00	64.38	7.62	0.00	0.00	2000
228	11.04	2085	2084	0.00	198	0	0	0	nan	0.00	0.00	4.37	83.93	88.96	0.00	42	0	42	0.00	0.00	61.71	7.25	0.00	0.00	2000
230	10.84	2104	2116	0.00	197	0	0	0	nan	0.00	0.00	4.68	85.15	89.16	0.00	42	0	42	0.00	0.00	68.04	7.76	0.00	0.00	2000
221	11.39	2183	1866	0.00	195	0	0	0	nan	0.00	0.00	3.69	75.02	88.61	0.00	40	0	42	0.00	0.00	50.97	5.84	0.00	0.00	2000
241	10.22	2082	2378	0.00	229	0	0	0	nan	0.00	0.00	5.27	96.35	89.78	0.00	38	0	43	0.00	0.00	79.11	9.10	0.00	0.00	2000
236	11.08	2114	2117	0.00	206	0	0	0	nan	0.00	0.00	4.24	85.40	88.92	0.00	38	0	42	0.00	0.00	63.35	7.32	0.00	0.00	2000
228	11.22	2080	2053	0.00	195	0	0	0	nan	0.00	0.00	4.00	82.89	88.78	0.00	39	0	42	0.00	0.00	63.32	7.52	0.00	0.00	2000
230	11.01	2054	2137	0.00	194	0	0	0	nan	0.00	0.00	4.21	86.45	88.99	0.00	39	0	42	0.00	0.00	69.17	9.15	0.00	0.00	2000
230	11.05	2092	2092	0.00	195	0	0	0	nan	0.00	0.02	3.82	84.81	88.95	0.00	39	0	42	0.00	0.00	66.85	8.58	0.00	0.00	2000
227	11.21	2037	2086	0.00	194	0	0	0	nan	0.00	0.00	4.00	84.23	88.79	0.00	39	0	42	0.00	0.00	63.16	8.57	0.00	0.00	2000
228	11.13	2026	2126	0.00	194	0	0	0	nan	0.00	0.00	3.82	86.32	88.87	0.00	39	0	42	0.00	0.00	69.56	9.19	0.00	0.00	2000
228	10.93	2124	2060	1.03	196	0	0	34	7.39	0.00	0.00	3.50	83.90	89.07	0.00	38	0	42	0.00	0.00	63.38	8.38	0.00	0.00	2000
230	11.02	2046	2141	0.19	195	0	0	0	nan	0.00	0.02	3.71	87.08	88.98	0.00	38	0	42	0.00	0.00	69.48	9.30	0.00	0.00	2000
230	11.30	2042	2092	0.00	195	0	0	0	nan	0.00	0.00	3.32	85.13	88.70	0.00	38	0	42	0.00	0.00	63.41	8.43	0.00	0.00	2000
229	11.03	2068	2106	0.00	194	0	0	0	nan	0.00	0.00	3.65	85.55	88.97	0.00	39	0	42	0.00	0.00	66.91	8.68	0.00	0.00	2000
228	11.16	2056	2085	0.00	196	0	0	0	nan	0.00	0.00	4.02	84.21	88.84	0.00	38	0	42	0.00	0.00	66.55	8.87	0.00	0.00	2000
229	11.16	2027	2122	0.00	195	0	0	0	nan	0.00	0.00	4.22	85.66	88.84	0.00	39	0	42	0.00	0.00	69.14	9.32	0.00	0.00	2000
227	11.17	2069	2067	0.00	194	0	0	0	nan	0.00	0.00	3.13	84.34	88.83	0.00	38	0	42	0.00	0.00	63.60	8.40	0.00	0.00	2000
230	11.01	2091	2096	0.00	195	0	0	0	nan	0.00	0.00	4.13	84.77	88.99	0.00	39	0	42	0.00	0.00	66.28	8.74	0.00	0.00	2000
230	10.79	2098	2130	0.00	195	0	0	0	nan	0.00	0.00	4.41	86.12	89.21	0.00	39	0	42	0.00	0.00	66.94	8.71	0.00	0.00	2000
229	10.91	2108	2093	0.00	194	0	0	0	nan	0.00	0.00	3.45	85.31	89.09	0.00	38	0	42	0.00	0.00	66.98	8.93	0.00	0.00	2000
229	11.30	2029	2094	0.00	196	0	0	0	nan	0.01	0.00	3.96	84.59	88.70	0.00	39	0	42	0.00	0.00	66.64	8.87	0.00	0.00	2000
230	11.12	2061	2108	0.00	195	0	0	0	nan	0.00	0.00	4.17	85.05	88.88	0.00	39	0	42	0.00	0.00	66.88	8.78	0.00	0.00	2000
231	11.10	2096	2089	0.00	196	0	0	0	nan	0.00	0.00	3.88	84.65	88.90	0.00	39	0	42	0.00	0.00	65.89	8.20	0.00	0.00	2000
230	11.04	2077	2109	0.00	195	0	0	0	nan	0.01	0.01	3.73	85.66	88.96	0.00	38	0	42	0.00	0.00	64.34	7.48	0.00	0.00	2000
227	10.95	2085	2091	0.00	195	0	0	0	nan	0.00	0.00	3.57	85.14	89.05	0.00	38	0	42	0.00	0.00	65.06	7.69	0.00	0.00	2000
229	11.20	2055	2084	0.00	195	0	0	0	nan	0.00	0.03	2.88	85.26	88.80	0.00	38	0	42	0.00	0.00	64.86	7.96	0.00	0.00	2000
229	10.95	2068	2121	0.00	195	0	0	0	nan	0.00	0.00	4.52	85.46	89.05	0.00	39	0	42	0.00	0.00	66.05	8.76	0.00	0.00	2000
231	10.97	2096	2107	0.53	196	0	0	21	12.67	0.00	0.01	3.95	85.32	89.03	0.00	38	0	42	0.00	0.00	64.76	7.78	0.00	0.00	2000
230	11.16	2063	2099	0.33	195	0	0	0	nan	0.00	0.00	3.94	84.94	88.84	0.00	38	0	42	0.00	0.00	64.52	7.72	0.00	0.00	2000
230	10.87	2121	2091	0.00	194	0	0	0	nan	0.00	0.02	3.58	85.07	89.13	0.00	38	0	42	0.00	0.00	64.69	7.59	0.00	0.00	2000
216	10.65	2036	2096	0.00	196	0	0	0	nan	0.00	0.00	4.50	84.79	89.35	0.00	38	0	42	0.00	0.00	58.24	6.95	0.00	0.00	2000
173	9.51	1799	2125	0.00	251	0	0	0	nan	0.00	0.00	4.96	86.63	90.49	0.00	38	0	42	0.00	0.00	69.67	8.38	0.00	0.00	2000
91	7.04	1293	2099	0.00	211	0	0	0	nan	0.00	0.02	2.97	89.93	92.96	0.00	38	0	42	0.00	0.00	59.68	7.65	0.00	0.00	2000
79	6.43	1222	2099	0.00	194	0	0	0	nan	0.00	0.00	3.29	90.06	93.57	0.00	38	0	42	0.00	0.00	60.22	7.54	0.00	0.00	2000
88	7.90	1129	2080	0.00	195	0	0	0	nan	0.00	0.00	3.95	87.40	92.10	0.00	38	0	42	0.00	0.00	57.23	7.26	0.00	0.00	2000
