Avg_MHz	Busy%	Bzy_MHz	TSC_MHz	IPC	IRQ	NMI	SMI	LLCMRPS	LLC%hit	POLL%	C1%	C1E%	C6%	CPU%c1	CPU%c6	CoreTmp	CoreThr	PkgTmp	Pkg%pc2	Pkg%pc6	PkgWatt	RAMWatt	PKG_%	RAM_%	UncMHz
340	16.08	2048	2166	0.00	235	0	0	0	nan	0.00	0.48	37.82	48.41	83.92	0.00	37	0	42	0.00	0.00	67.52	7.87	0.00	0.00	2000
319	15.92	1997	2111	0.00	219	0	0	0	nan	0.08	1.75	20.44	62.46	84.08	0.00	37	0	42	0.00	0.00	67.50	7.75	0.00	0.00	2000
78	6.93	1121	2105	0.00	194	0	0	0	nan	0.00	0.02	5.87	87.54	93.07	0.00	37	0	42	0.00	0.00	58.62	7.37	0.00	0.00	2000
73	6.62	1112	2091	0.00	196	0	0	0	nan	0.00	0.01	4.38	88.61	93.38	0.00	37	0	42	0.00	0.00	58.38	7.43	0.00	0.00	2000
72	6.65	1099	2078	0.00	195	0	0	0	nan	0.00	0.02	3.28	89.03	93.35	0.00	37	0	43	0.00	0.00	59.07	7.48	0.00	0.00	2000
72	6.59	1084	2104	0.00	194	0	0	0	nan	0.00	0.00	1.82	91.70	93.41	0.00	37	0	42	0.00	0.00	58.47	7.50	0.00	0.00	2000
73	6.71	1082	2125	0.00	211	0	0	0	nan	0.00	0.00	3.07	91.35	93.29	0.00	37	0	42	0.00	0.00	58.12	7.41	0.00	0.00	2000
71	6.39	1125	2089	0.00	177	0	0	0	nan	0.00	0.00	3.12	90.01	93.61	0.00	37	0	42	0.00	0.00	58.64	7.42	0.00	0.00	2000
73	6.71	1081	2113	0.00	195	0	0	0	nan	0.00	0.01	2.85	91.14	93.29	0.00	37	0	42	0.00	0.00	58.49	7.47	0.00	0.00	2000
71	6.71	1077	2077	0.00	194	0	0	0	nan	0.00	0.00	2.31	89.92	93.29	0.00	37	0	43	0.00	0.00	57.66	7.42	0.00	0.00	2000
73	6.98	1037	2119	0.00	210	0	0	0	nan	0.00	0.00	3.77	90.09	93.02	0.00	36	0	42	0.00	0.00	57.18	7.28	0.00	0.00	2000
72	6.81	1056	2108	0.00	193	0	0	0	nan	0.00	0.00	3.59	90.04	93.19	0.00	37	0	42	0.00	0.00	58.04	7.37	0.00	0.00	2000
73	6.72	1081	2096	0.00	194	0	0	0	nan	0.00	0.00	3.60	89.61	93.28	0.00	37	0	43	0.00	0.00	58.54	7.51	0.00	0.00	2000
72	6.38	1122	2105	0.00	193	0	0	0	nan	0.00	0.00	3.50	90.34	93.62	0.00	37	0	42	0.00	0.00	60.39	7.73	0.00	0.00	2000
73	6.68	1086	2100	0.00	193	0	0	0	nan	0.00	0.02	3.40	89.94	93.32	0.00	37	0	43	0.00	0.00	56.85	7.14	0.00	0.00	2000
72	6.71	1080	2097	0.00	194	0	0	0	90.50	0.00	0.00	3.38	89.85	93.29	0.00	37	0	42	0.00	0.00	60.32	7.64	0.00	0.00	2000
73	6.89	1063	2099	0.30	194	0	0	1	87.70	0.00	0.00	3.52	89.51	93.11	0.00	37	0	42	0.00	0.00	58.08	7.29	0.00	0.00	2000
73	6.50	1120	2105	0.05	193	0	0	0	nan	0.00	0.00	3.00	90.65	93.50	0.00	37	0	42	0.00	0.00	59.54	7.63	0.00	0.00	2000
184	9.69	1910	2082	0.00	213	0	0	0	nan	0.00	0.26	6.09	83.36	90.31	0.00	38	0	43	0.00	0.00	63.62	7.53	0.00	0.00	2000
235	11.17	2085	2117	0.00	203	0	0	0	nan	0.00	0.02	4.26	85.37	88.83	0.00	39	0	43	0.00	0.00	66.91	7.59	0.00	0.00	2000
228	11.08	2073	2088	0.00	210	0	0	0	nan	0.00	0.00	3.29	85.28	88.92	0.00	40	0	42	0.00	0.00	63.14	7.19	0.00	0.00	2000
228	10.92	2089	2099	0.00	201	0	0	0	nan	0.00	0.00	2.40	86.71	89.08	0.00	40	0	42	0.00	0.00	63.03	7.07	0.00	0.00	2000
233	11.51	2042	2086	0.00	196	0	0	0	nan	0.00	0.02	4.44	83.57	88.49	0.00	38	0	43	0.00	0.00	66.14	7.62	0.00	0.00	2000
235	11.33	2049	2129	0.00	197	0	0	0	nan	0.00	0.00	5.55	84.42	88.67	0.00	39	0	42	0.00	0.00	67.56	8.00	0.00	0.00	2000
230	11.39	2065	2057	0.00	197	0	0	0	nan	0.00	0.00	5.52	81.48	88.61	0.00	38	0	42	0.00	0.00	57.90	7.08	0.00	0.00	2000
231	11.14	2031	2145	0.00	236	0	0	0	nan	0.00	0.00	6.30	84.52	88.86	0.00	37	0	43	0.00	0.00	73.80	8.23	0.00	0.00	2000
230	11.39	2031	2089	0.00	194	0	0	0	nan	0.00	0.00	4.85	83.39	88.61	0.00	37	0	42	0.00	0.00	65.84	7.79	0.00	0.00	2000
231	11.07	2086	2101	0.00	198	0	0	0	nan	0.00	0.02	4.72	84.33	88.93	0.00	38	0	42	0.00	0.00	65.72	7.55	0.00	0.00	2000
227	10.87	2111	2080	0.00	198	0	0	0	nan	0.00	0.00	5.48	82.84	89.13	0.00	38	0	42	0.00	0.00	64.49	7.71	0.00	0.00	2000
238	10.99	2132	2128	0.00	197	0	0	0	nan	0.00	0.00	5.64	84.61	89.01	0.00	38	0	42	0.00	0.00	67.30	7.82	0.00	0.00	2000
228	10.97	2090	2088	0.00	209	0	0	0	nan	0.00	0.00	6.39	82.22	89.03	0.00	38	0	42	0.00	0.00	62.58	7.30	0.00	0.00	2000
231	11.09	2080	2103	0.00	208	0	0	0	nan	0.00	0.02	4.76	84.43	88.91	0.00	38	0	43	0.00	0.00	69.14	8.04	0.00	0.00	2000
232	11.18	2072	2101	0.00	215	0	0	4	87.79	0.00	0.03	2.49	86.50	88.82	0.00	38	0	42	0.00	0.00	63.35	7.41	0.00	0.00	2000
230	11.23	2074	2075	0.55	197	0	0	15	48.94	0.00	0.02	6.33	81.47	88.77	0.00	38	0	42	0.00	0.00	64.04	7.59	0.00	0.00	2000
231	11.00	2116	2079	0.00	200	0	0	0	nan	0.00	0.51	2.93	84.81	89.00	0.00	38	0	43	0.00	0.00	62.93	7.28	0.00	0.00	2000
237	11.45	2021	2155	0.00	220	0	0	0	nan	0.00	0.58	5.85	84.58	88.55	0.00	37	0	42	0.00	0.00	70.01	8.09	0.00	0.00	2000
220	10.84	2057	2070	0.00	204	0	0	0	nan	0.00	0.02	4.13	83.91	89.16	0.00	39	0	42	0.00	0.00	64.40	7.81	0.00	0.00	2000
238	10.97	2133	2132	0.00	219	0	0	0	nan	0.00	0.00	5.21	85.19	89.03	0.00	40	0	42	0.00	0.00	65.74	8.03	0.00	0.00	2000
232	11.37	2051	2092	0.00	210	0	0	0	nan	0.00	0.00	3.72	84.63	88.63	0.00	40	0	42	0.00	0.00	61.46	7.73	0.00	0.00	2000
234	11.28	2060	2110	0.00	201	0	0	0	nan	0.00	0.02	3.40	85.79	88.72	0.00	40	0	42	0.00	0.00	67.38	7.80	0.00	0.00	2000
229	10.87	2122	2080	0.00	204	0	0	0	nan	0.00	0.00	3.82	84.51	89.13	0.00	40	0	42	0.00	0.00	65.27	7.93	0.00	0.00	2000
230	11.20	2049	2102	0.00	201	0	0	0	nan	0.00	0.00	3.50	85.53	88.80	0.00	40	0	42	0.00	0.00	65.46	7.64	0.00	0.00	2000
230	11.07	2079	2100	0.00	203	0	0	0	nan	0.00	0.00	3.90	85.22	88.93	0.00	40	0	43	0.00	0.00	65.73	7.77	0.00	0.00	2000
235	11.18	2082	2121	0.00	205	0	0	0	nan	0.00	0.00	4.41	85.41	88.82	0.00	41	0	43	0.00	0.00	66.17	7.97	0.00	0.00	2000
225	10.75	2121	2069	0.00	214	0	0	0	nan	0.00	0.02	3.54	84.46	89.25	0.00	41	0	42	0.00	0.00	61.37	7.28	0.00	0.00	2000
228	11.01	2064	2110	0.00	204	0	0	0	nan	0.00	0.02	2.39	87.04	88.99	0.00	41	0	42	0.00	0.00	64.24	7.47	0.00	0.00	2000
229	10.81	2115	2100	0.00	204	0	0	0	nan	0.00	0.02	3.51	85.75	89.19	0.00	41	0	42	0.00	0.00	65.43	7.85	0.00	0.00	2000
232	11.12	2072	2119	0.00	204	0	0	0	nan	0.00	0.02	3.21	86.61	88.88	0.00	40	0	42	0.00	0.00	65.82	7.62	0.00	0.00	2000
231	10.77	2150	2098	0.00	203	0	0	0	nan	0.00	0.02	4.41	84.78	89.23	0.00	41	0	42	0.00	0.00	64.94	7.32	0.00	0.00	2000
229	11.10	2076	2084	0.00	215	0	0	2	83.89	0.00	0.00	3.75	84.51	88.90	0.00	41	0	42	0.00	0.00	64.37	7.37	0.00	0.00	2000
230	10.79	2127	2101	0.75	201	0	0	4	93.96	0.00	0.02	3.87	85.40	89.22	0.00	42	0	42	0.00	0.00	65.25	7.46	0.00	0.00	2000
231	10.71	2138	2114	0.00	203	0	0	0	nan	0.00	0.00	4.03	85.91	89.29	0.00	41	0	42	0.00	0.00	65.59	7.54	0.00	0.00	2000
229	10.98	2092	2090	0.00	204	0	0	0	nan	0.00	0.02	3.90	84.74	89.02	0.00	41	0	42	0.00	0.00	64.36	7.35	0.00	0.00	2000
230	11.05	2066	2117	0.00	219	0	0	0	nan	0.01	0.00	3.15	86.48	88.95	0.00	41	0	42	0.00	0.00	67.58	7.80	0.00	0.00	2000
228	11.07	2065	2089	0.00	213	0	0	0	nan	0.00	0.00	3.13	85.42	88.93	0.00	41	0	42	0.00	0.00	64.58	7.62	0.00	0.00	2000
229	10.88	2092	2114	0.00	200	0	0	0	nan	0.00	0.02	3.71	86.09	89.12	0.00	42	0	43	0.00	0.00	64.40	7.35	0.00	0.00	2000
227	10.87	2096	2094	0.00	205	0	0	0	nan	0.00	0.00	3.53	85.42	89.13	0.00	41	0	42	0.00	0.00	65.24	7.42	0.00	0.00	2000
225	10.74	2104	2093	0.00	203	0	0	0	nan	0.00	0.02	3.04	85.97	89.26	0.00	41	0	42	0.00	0.00	62.65	7.14	0.00	0.00	2000
234	10.79	2159	2109	0.00	203	0	0	0	nan	0.00	0.00	3.94	85.69	89.21	0.00	41	0	42	0.00	0.00	66.12	7.50	0.00	0.00	2000
227	11.01	2076	2086	0.00	212	0	0	0	nan	0.00	0.00	3.46	85.04	88.99	0.00	41	0	43	0.00	0.00	66.26	7.97	0.00	0.00	2000
227	10.99	2077	2084	0.00	204	0	0	0	nan	0.00	0.00	3.16	85.18	89.01	0.00	41	0	42	0.00	0.00	64.95	7.45	0.00	0.00	2000
231	11.07	2075	2115	0.00	202	0	0	0	nan	0.00	0.02	2.63	87.08	88.93	0.00	41	0	43	0.00	0.00	63.02	7.45	0.00	0.00	2000
228	10.87	2097	2104	0.00	202	0	0	0	nan	0.00	0.00	3.17	86.21	89.13	0.00	41	0	43	0.00	0.00	64.95	7.55	0.00	0.00	2000
233	11.25	2053	2114	0.00	203	0	0	0	nan	0.00	0.00	3.18	86.22	88.75	0.00	41	0	42	0.00	0.00	66.01	7.47	0.00	0.00	2000
227	10.92	2108	2067	0.00	218	0	0	0	nan	0.00	0.00	4.99	82.70	89.08	0.00	41	0	43	0.00	0.00	63.08	7.27	0.00	0.00	2000
226	10.97	2060	2099	0.00	220	0	0	0	nan	0.00	0.00	3.93	85.13	89.03	0.00	42	0	42	0.00	0.00	64.74	7.44	0.00	0.00	2000
227	10.90	2077	2106	0.00	219	0	0	1	88.35	0.00	0.00	3.24	86.21	89.10	0.00	42	0	42	0.00	0.00	62.93	7.55	0.00	0.00	2000
233	11.02	2101	2113	1.09	204	0	0	3	82.18	0.00	0.00	3.91	85.71	88.98	0.00	41	0	42	0.00	0.00	67.70	7.42	0.00	0.00	2000
231	10.92	2096	2115	0.00	215	0	0	0	nan	0.00	0.03	3.85	85.94	89.08	0.00	42	0	42	0.00	0.00	65.65	7.39	0.00	0.00	2000
227	10.77	2126	2081	0.00	201	0	0	0	nan	0.00	0.02	3.18	85.25	89.23	0.00	41	0	43	0.00	0.00	64.04	7.47	0.00	0.00	2000
232	10.82	2126	2121	0.00	203	0	0	0	nan	0.00	0.02	3.52	86.62	89.18	0.00	42	0	43	0.00	0.00	65.88	7.64	0.00	0.00	2000
224	10.80	2101	2075	0.00	201	0	0	0	nan	0.00	0.00	3.71	84.39	89.20	0.00	42	0	42	0.00	0.00	63.65	7.28	0.00	0.00	2000
233	11.00	2091	2124	0.00	220	0	0	0	nan	0.00	0.00	4.14	85.94	89.00	0.00	42	0	42	0.00	0.00	65.86	7.59	0.00	0.00	2000
226	10.98	2064	2098	0.00	209	0	0	0	nan	0.00	0.02	3.67	85.38	89.02	0.00	42	0	42	0.00	0.00	64.87	7.25	0.00	0.00	2000
235	11.49	2046	2099	0.00	202	0	0	0	nan	0.00	0.00	3.67	84.88	88.51	0.00	42	0	42	0.00	0.00	65.03	7.43	0.00	0.00	2000
225	10.91	2080	2077	0.00	200	0	0	0	nan	0.00	0.01	3.24	84.93	89.09	0.00	42	0	42	0.00	0.00	64.13	7.45	0.00	0.00	2000
231	10.90	2102	2116	0.00	220	0	0	0	nan	0.00	0.00	3.53	86.27	89.10	0.00	42	0	43	0.00	0.00	64.32	7.51	0.00	0.00	2000
230	10.97	2099	2093	0.00	190	0	0	0	nan	0.00	0.00	3.17	85.62	89.03	0.00	42	0	43	0.00	0.00	66.43	7.58	0.00	0.00	2000
225	10.85	2088	2087	0.00	229	0	0	0	nan	0.00	0.02	2.92	85.75	89.15	0.00	42	0	42	0.00	0.00	64.30	7.38	0.00	0.00	2000
232	10.71	2131	2132	0.00	201	0	0	0	nan	0.00	0.04	3.07	87.58	89.29	0.00	42	0	43	0.00	0.00	64.11	7.60	0.00	0.00	2000
277	12.94	2154	2089	0.00	204	0	0	0	nan	0.00	0.00	3.93	82.65	87.07	0.00	41	0	42	0.00	0.00	68.12	7.50	0.00	0.00	2000
231	10.99	2088	2109	0.00	203	0	0	0	nan	0.00	0.00	3.30	86.24	89.01	0.00	41	0	42	0.00	0.00	65.51	7.62	0.00	0.00	2000
232	10.60	2190	2101	0.00	203	0	0	0	nan	0.00	0.03	3.08	86.38	89.40	0.00	41	0	43	0.00	0.00	66.43	7.68	0.00	0.00	2000
223	11.40	1982	2072	0.00	212	0	0	1	84.86	0.00	0.04	3.88	83.68	88.60	0.00	41	0	43	0.00	0.00	62.29	7.27	0.00	0.00	2000
230	11.33	2027	2100	0.83	222	0	0	2	82.18	0.00	0.00	3.67	85.16	88.67	0.00	42	0	42	0.00	0.00	65.16	7.43	0.00	0.00	2000
228	11.14	2040	2103	0.00	204	0	0	0	nan	0.00	0.02	4.04	85.08	88.86	0.00	41	0	42	0.00	0.00	65.15	7.46	0.00	0.00	2000
228	10.91	2088	2102	0.00	204	0	0	0	nan	0.01	0.02	3.24	86.00	89.09	0.00	41	0	42	0.00	0.00	65.01	7.49	0.00	0.00	2000
230	11.01	2082	2109	0.00	213	0	0	0	nan	0.00	0.02	3.21	86.25	88.99	0.00	42	0	42	0.00	0.00	65.12	7.66	0.00	0.00	2000
225	11.03	2061	2079	0.00	202	0	0	0	nan	0.00	0.00	2.93	85.26	88.97	0.00	42	0	42	0.00	0.00	63.92	7.31	0.00	0.00	2000
229	10.79	2106	2119	0.00	205	0	0	0	nan	0.00	0.01	3.70	86.31	89.21	0.00	42	0	43	0.00	0.00	66.06	7.64	0.00	0.00	2000
227	10.93	2085	2090	0.00	203	0	0	0	nan	0.00	0.00	2.87	85.87	89.07	0.00	41	0	43	0.00	0.00	64.32	7.34	0.00	0.00	2000
231	10.93	2085	2129	0.00	201	0	0	0	nan	0.00	0.00	3.25	87.09	89.07	0.00	41	0	42	0.00	0.00	66.47	7.75	0.00	0.00	2000
227	10.91	2109	2067	0.00	205	0	0	0	nan	0.00	0.00	3.99	83.80	89.09	0.00	42	0	43	0.00	0.00	63.63	7.21	0.00	0.00	2000
230	10.76	2121	2114	0.00	210	0	0	0	nan	0.00	0.02	4.03	85.83	89.24	0.00	42	0	42	0.00	0.00	65.97	7.52	0.00	0.00	2000
227	10.90	2093	2086	0.00	204	0	0	0	nan	0.00	0.00	3.63	85.07	89.10	0.00	41	0	43	0.00	0.00	64.24	7.47	0.00	0.00	2000
231	10.86	2096	2129	0.00	204	0	0	0	nan	0.00	0.00	3.54	86.92	89.14	0.00	42	0	42	0.00	0.00	64.99	7.39	0.00	0.00	2000
229	10.71	2134	2101	0.00	203	0	0	0	nan	0.00	0.02	3.02	86.40	89.29	0.00	41	0	43	0.00	0.00	66.64	7.66	0.00	0.00	2000
230	11.12	2061	2103	0.00	202	0	0	0	nan	0.01	0.00	4.00	85.10	88.88	0.00	41	0	42	0.00	0.00	65.22	7.53	0.00	0.00	2000
223	11.09	2049	2063	0.00	213	0	0	0	nan	0.00	0.00	3.54	83.90	88.91	0.00	42	0	43	0.00	0.00	63.57	7.27	0.00	0.00	2000
229	10.99	2070	2116	0.00	200	0	0	0	nan	0.00	0.01	3.74	86.08	89.01	0.00	41	0	42	0.00	0.00	66.14	7.62	0.00	0.00	2000
228	10.94	2083	2099	0.00	203	0	0	1	91.56	0.00	0.04	3.16	85.97	89.06	0.00	41	0	42	0.00	0.00	65.06	7.29	0.00	0.00	2000
229	10.98	2092	2098	0.77	204	0	0	5	89.22	0.00	0.00	3.62	85.28	89.02	0.00	42	0	43	0.00	0.00	64.98	7.30	0.00	0.00	2000
230	11.06	2088	2094	0.00	203	0	0	0	nan	0.00	0.02	3.47	85.28	88.94	0.00	42	0	42	0.00	0.00	65.55	7.84	0.00	0.00	2000
229	10.80	2112	2107	0.00	213	0	0	0	nan	0.00	0.00	3.89	85.58	89.20	0.00	42	0	43	0.00	0.00	67.84	8.74	0.00	0.00	2000
227	11.10	2055	2089	0.00	221	0	0	0	nan	0.00	0.00	4.41	84.14	88.90	0.00	41	0	43	0.00	0.00	66.62	8.67	0.00	0.00	2000
230	10.82	2109	2121	0.00	207	0	0	0	nan	0.00	0.00	4.54	85.57	89.18	0.00	42	0	43	0.00	0.00	68.81	9.00	0.00	0.00	2000
229	10.66	2157	2091	0.00	203	0	0	0	nan	0.01	0.00	2.94	85.91	89.34	0.00	41	0	43	0.00	0.00	66.90	8.89	0.00	0.00	2000
228	10.71	2142	2084	0.00	203	0	0	0	nan	0.00	0.00	3.70	84.99	89.29	0.00	42	0	42	0.00	0.00	66.32	7.85	0.00	0.00	2000
232	11.04	2081	2122	0.00	212	0	0	0	nan	0.00	0.02	2.58	87.41	88.96	0.00	42	0	43	0.00	0.00	65.81	7.57	0.00	0.00	2000
229	11.23	2034	2109	0.00	202	0	0	0	nan	0.00	0.01	3.30	85.93	88.77	0.00	41	0	43	0.00	0.00	66.67	7.60	0.00	0.00	2000
227	10.93	2090	2090	0.00	203	0	0	0	nan	0.00	0.02	2.93	85.74	89.07	0.00	41	0	42	0.00	0.00	60.18	6.87	0.00	0.00	2000
227	11.22	2018	2104	0.00	205	0	0	0	nan	0.00	0.02	2.98	85.99	88.78	0.00	42	0	43	0.00	0.00	64.99	7.42	0.00	0.00	2000
230	11.41	2017	2102	0.00	203	0	0	0	nan	0.00	0.02	2.90	85.81	88.59	0.00	42	0	43	0.00	0.00	69.76	8.02	0.00	0.00	2000
226	10.72	2115	2092	0.00	212	0	0	0	nan	0.00	0.00	2.84	86.20	89.28	0.00	41	0	42	0.00	0.00	61.37	7.01	0.00	0.00	2000
232	10.88	2117	2118	0.00	203	0	0	0	nan	0.00	0.02	3.76	86.24	89.12	0.00	41	0	42	0.00	0.00	65.91	7.71	0.00	0.00	2000
225	10.53	2158	2083	0.00	186	0	0	0	nan	0.00	0.00	2.84	85.99	89.47	0.00	42	0	42	0.00	0.00	66.23	7.78	0.00	0.00	2000
228	10.58	2165	2088	0.00	205	0	0	0	nan	0.00	0.04	3.52	85.40	89.42	0.00	41	0	42	0.00	0.00	63.49	7.12	0.00	0.00	2000
238	11.29	2086	2126	0.00	219	0	0	0	nan	0.00	0.02	5.98	83.89	88.71	0.00	42	0	42	0.00	0.00	63.89	7.45	0.00	0.00	2000
234	11.29	2067	2105	0.83	204	0	0	5	48.66	0.00	0.00	3.91	85.12	88.71	0.00	41	0	42	0.00	0.00	65.68	7.49	0.00	0.00	2000
228	10.65	2141	2097	0.05	212	0	0	0	nan	0.00	0.02	3.49	85.80	89.35	0.00	42	0	42	0.00	0.00	67.94	7.89	0.00	0.00	2000
225	11.17	2029	2089	0.00	202	0	0	0	nan	0.00	0.00	3.05	85.46	88.83	0.00	41	0	43	0.00	0.00	64.12	7.38	0.00	0.00	2000
225	11.29	2005	2087	0.00	203	0	0	0	nan	0.00	0.00	3.86	84.52	88.71	0.00	41	0	42	0.00	0.00	64.54	7.56	0.00	0.00	2000
233	10.94	2105	2122	0.00	205	0	0	0	nan	0.00	0.00	4.73	85.34	89.06	0.00	41	0	43	0.00	0.00	65.99	7.53	0.00	0.00	2000
223	10.71	2114	2069	0.00	186	0	0	0	nan	0.00	0.00	3.13	84.83	89.29	0.00	41	0	43	0.00	0.00	65.64	7.40	0.00	0.00	2000
236	11.08	2086	2139	0.00	212	0	0	0	nan	0.00	0.00	4.13	86.52	88.92	0.00	41	0	42	0.00	0.00	66.28	7.60	0.00	0.00	2000
227	11.02	2068	2089	0.00	202	0	0	0	nan	0.00	0.01	4.61	84.00	88.98	0.00	41	0	43	0.00	0.00	60.60	6.96	0.00	0.00	2000
228	10.93	2093	2095	0.00	205	0	0	0	nan	0.00	0.00	3.73	85.28	89.07	0.00	41	0	43	0.00	0.00	64.39	7.49	0.00	0.00	2000
228	10.86	2092	2110	0.00	201	0	0	0	nan	0.00	0.02	2.95	86.62	89.14	0.00	41	0	42	0.00	0.00	66.57	7.69	0.00	0.00	2000
229	10.63	2159	2100	0.00	201	0	0	0	nan	0.00	0.01	3.01	86.43	89.37	0.00	42	0	43	0.00	0.00	66.26	7.78	0.00	0.00	2000
230	10.64	2168	2097	0.00	203	0	0	0	nan	0.00	0.03	3.12	86.10	89.37	0.00	41	0	42	0.00	0.00	66.41	7.43	0.00	0.00	2000
225	10.87	2098	2077	0.00	197	0	0	0	nan	0.00	0.01	2.78	85.42	89.13	0.00	42	0	43	0.00	0.00	62.13	7.28	0.00	0.00	2000
228	10.64	2134	2109	0.00	201	0	0	0	nan	0.00	0.01	3.79	86.04	89.36	0.00	41	0	42	0.00	0.00	63.85	7.35	0.00	0.00	2000
232	11.25	2055	2104	0.00	204	0	0	0	nan	0.00	0.00	3.03	85.99	88.75	0.00	42	0	42	0.00	0.00	65.67	7.46	0.00	0.00	2000
227	10.99	2065	2100	0.00	204	0	0	0	nan	0.00	0.00	2.42	86.66	89.01	0.00	41	0	42	0.00	0.00	65.89	7.62	0.00	0.00	2000
231	10.84	2117	2116	0.00	203	0	0	0	nan	0.00	0.00	3.60	86.35	89.16	0.00	42	0	42	0.00	0.00	66.34	7.71	0.00	0.00	2000
230	10.96	2108	2094	0.49	188	0	0	4	58.49	0.00	0.00	3.73	85.19	89.04	0.00	41	0	43	0.00	0.00	64.04	7.33	0.00	0.00	2000
228	10.82	2118	2087	0.44	212	0	0	3	75.80	0.00	0.00	3.15	85.57	89.18	0.00	41	0	43	0.00	0.00	62.09	7.25	0.00	0.00	2000
230	11.02	2072	2116	0.00	204	0	0	0	nan	0.00	0.00	2.75	86.99	88.98	0.00	41	0	43	0.00	0.00	66.60	7.62	0.00	0.00	2000
228	10.90	2094	2101	0.00	203	0	0	0	nan	0.00	0.00	2.73	86.48	89.10	0.00	41	0	42	0.00	0.00	64.94	7.60	0.00	0.00	2000
226	11.00	2061	2092	0.00	204	0	0	0	nan	0.00	0.00	3.12	85.56	89.00	0.00	41	0	42	0.00	0.00	64.89	7.54	0.00	0.00	2000
230	10.95	2091	2110	0.00	203	0	0	0	nan	0.00	0.02	2.94	86.61	89.05	0.00	41	0	43	0.00	0.00	66.30	7.68	0.00	0.00	2000
229	10.97	2094	2097	0.00	212	0	0	0	nan	0.00	0.02	3.72	85.25	89.03	0.00	42	0	42	0.00	0.00	66.21	7.59	0.00	0.00	2000
228	10.55	2162	2096	0.00	201	0	0	0	nan	0.00	0.02	3.05	86.23	89.45	0.00	41	0	42	0.00	0.00	64.31	7.42	0.00	0.00	2000
227	10.81	2116	2087	0.00	189	0	0	0	nan	0.01	0.00	3.40	85.29	89.19	0.00	41	0	42	0.00	0.00	60.54	6.96	0.00	0.00	2000
228	10.97	2083	2099	0.00	203	0	0	0	nan	0.01	0.02	3.17	85.90	89.03	0.00	41	0	43	0.00	0.00	64.88	7.40	0.00	0.00	2000
227	10.84	2094	2104	0.00	203	0	0	0	nan	0.00	0.02	2.88	86.50	89.16	0.00	42	0	42	0.00	0.00	66.20	7.63	0.00	0.00	2000
228	10.91	2111	2082	0.00	205	0	0	0	nan	0.00	0.02	2.90	85.44	89.09	0.00	41	0	43	0.00	0.00	64.85	7.47	0.00	0.00	2000
230	11.05	2065	2116	0.00	210	0	0	0	nan	0.00	0.03	1.71	87.97	88.95	0.00	41	0	42	0.00	0.00	66.10	7.61	0.00	0.00	2000
230	11.28	2029	2110	0.00	203	0	0	0	nan	0.00	0.00	2.63	86.54	88.72	0.00	42	0	43	0.00	0.00	64.47	7.51	0.00	0.00	2000
230	10.80	2118	2113	0.00	205	0	0	0	nan	0.00	0.00	3.09	86.72	89.20	0.00	41	0	42	0.00	0.00	66.51	7.73	0.00	0.00	2000
225	10.91	2075	2084	0.00	202	0	0	0	nan	0.00	0.02	3.11	85.43	89.09	0.00	42	0	42	0.00	0.00	63.82	7.39	0.00	0.00	2000
229	10.86	2099	2107	0.00	203	0	0	0	nan	0.00	0.00	3.97	85.60	89.14	0.00	41	0	43	0.00	0.00	65.81	7.62	0.00	0.00	2000
231	11.21	2062	2097	0.03	215	0	0	2	66.58	0.00	0.03	3.90	84.87	88.79	0.00	41	0	43	0.00	0.00	64.91	7.52	0.00	0.00	2000
228	10.67	2140	2093	0.77	185	0	0	4	61.80	0.00	0.01	3.03	86.09	89.33	0.00	41	0	43	0.00	0.00	60.71	6.87	0.00	0.00	2000
228	10.82	2113	2092	0.00	203	0	0	0	nan	0.00	0.02	2.99	85.83	89.18	0.00	41	0	43	0.00	0.00	64.56	7.52	0.00	0.00	2000
230	10.78	2117	2113	0.00	203	0	0	0	nan	0.00	0.00	3.85	85.93	89.22	0.00	41	0	42	0.00	0.00	65.90	7.51	0.00	0.00	2000
233	11.00	2098	2116	0.00	202	0	0	0	nan	0.00	0.00	2.95	86.76	89.00	0.00	42	0	43	0.00	0.00	65.86	7.63	0.00	0.00	2000
227	11.06	2069	2082	0.00	202	0	0	0	nan	0.00	0.00	3.69	84.56	88.94	0.00	42	0	43	0.00	0.00	65.70	7.55	0.00	0.00	2000
228	11.06	2066	2096	0.00	211	0	0	0	nan	0.01	0.00	3.16	85.73	88.94	0.00	41	0	42	0.00	0.00	65.57	7.53	0.00	0.00	2000
230	10.87	2098	2113	0.00	203	0	0	0	nan	0.00	0.00	4.27	85.50	89.13	0.00	41	0	43	0.00	0.00	62.74	7.21	0.00	0.00	2000
267	12.38	2162	2097	0.00	206	0	0	0	nan	0.00	0.00	4.79	82.80	87.62	0.00	41	0	42	0.00	0.00	67.45	7.98	0.00	0.00	2000
224	11.28	2002	2082	0.00	200	0	0	0	nan	0.00	0.00	3.40	84.67	88.72	0.00	41	0	42	0.00	0.00	63.70	7.50	0.00	0.00	2000
228	10.97	2077	2100	0.00	204	0	0	0	nan	0.00	0.00	3.51	85.60	89.03	0.00	42	0	42	0.00	0.00	65.04	7.68	0.00	0.00	2000
233	11.09	2079	2120	0.00	211	0	0	0	nan	0.00	0.02	4.01	85.78	88.91	0.00	41	0	42	0.00	0.00	65.48	7.58	0.00	0.00	2000
228	10.87	2109	2091	0.00	204	0	0	0	nan	0.00	0.00	3.39	85.49	89.13	0.00	41	0	43	0.00	0.00	59.66	6.90	0.00	0.00	2000
228	10.78	2111	2104	0.00	203	0	0	0	nan	0.00	0.00	4.03	85.33	89.22	0.00	41	0	43	0.00	0.00	64.46	7.48	0.00	0.00	2000
230	11.15	2058	2103	0.00	207	0	0	0	nan	0.00	0.00	5.45	83.70	88.85	0.00	41	0	43	0.00	0.00	64.66	7.47	0.00	0.00	2000
227	11.31	2008	2098	0.00	202	0	0	0	nan	0.00	0.00	4.51	84.24	88.69	0.00	42	0	42	0.00	0.00	67.51	7.72	0.00	0.00	2000
229	11.13	2073	2084	0.00	204	0	0	0	nan	0.00	0.00	4.70	83.54	88.87	0.00	42	0	42	0.00	0.00	61.36	6.93	0.00	0.00	2000
230	10.97	2077	2118	0.00	211	0	0	0	92.26	0.00	0.00	4.78	85.06	89.03	0.00	41	0	43	0.00	0.00	68.86	7.53	0.00	0.00	2000
229	10.88	2103	2101	0.86	204	0	0	5	54.56	0.00	0.00	3.65	85.54	89.12	0.00	42	0	43	0.00	0.00	62.45	7.46	0.00	0.00	2000
228	10.70	2134	2093	0.03	187	0	0	0	nan	0.00	0.03	3.33	85.72	89.30	0.00	42	0	42	0.00	0.00	66.73	7.66	0.00	0.00	2000
230	11.00	2080	2112	0.00	203	0	0	0	nan	0.00	0.00	3.09	86.46	89.00	0.00	41	0	42	0.00	0.00	65.64	7.73	0.00	0.00	2000
230	10.77	2134	2101	0.00	204	0	0	0	nan	0.00	0.00	3.83	85.55	89.23	0.00	42	0	43	0.00	0.00	64.24	7.48	0.00	0.00	2000
231	11.29	2045	2098	0.00	212	0	0	0	nan	0.00	0.00	3.64	85.08	88.71	0.00	41	0	42	0.00	0.00	64.98	7.75	0.00	0.00	2000
228	10.83	2106	2097	0.00	203	0	0	0	nan	0.00	0.00	4.40	84.71	89.17	0.00	42	0	43	0.00	0.00	62.47	7.23	0.00	0.00	2000
228	11.07	2064	2096	0.00	204	0	0	0	nan	0.00	0.02	3.51	85.27	88.93	0.00	41	0	42	0.00	0.00	64.59	7.46	0.00	0.00	2000
228	11.06	2060	2102	0.00	202	0	0	0	nan	0.00	0.00	4.08	85.11	88.94	0.00	41	0	42	0.00	0.00	65.35	7.54	0.00	0.00	2000
227	11.13	2046	2096	0.00	202	0	0	0	nan	0.00	0.00	3.40	85.44	88.87	0.00	42	0	42	0.00	0.00	64.53	7.49	0.00	0.00	2000
229	11.19	2049	2101	0.00	212	0	0	0	nan	0.00	0.00	3.64	85.37	88.81	0.00	42	0	43	0.00	0.00	65.32	7.49	0.00	0.00	2000
229	10.70	2132	2105	0.00	205	0	0	0	nan	0.00	0.01	3.22	86.33	89.30	0.00	41	0	43	0.00	0.00	65.51	7.70	0.00	0.00	2000
227	10.82	2103	2094	0.00	204	0	0	0	nan	0.00	0.02	3.23	85.70	89.18	0.00	41	0	42	0.00	0.00	65.16	7.59	0.00	0.00	2000
227	10.73	2131	2088	0.00	189	0	0	0	nan	0.00	0.00	3.18	85.67	89.27	0.00	41	0	42	0.00	0.00	65.60	7.66	0.00	0.00	2000
228	10.94	2082	2100	0.00	205	0	0	0	nan	0.00	0.00	2.58	86.47	89.06	0.00	41	0	42	0.00	0.00	64.74	7.55	0.00	0.00	2000
230	11.03	2085	2097	0.00	203	0	0	0	nan	0.00	0.00	3.27	85.61	88.97	0.00	42	0	42	0.00	0.00	64.24	7.49	0.00	0.00	2000
233	10.96	2102	2125	0.00	213	0	0	0	nan	0.00	0.02	4.02	86.16	89.04	0.00	41	0	43	0.00	0.00	67.10	7.86	0.00	0.00	2000
228	11.05	2063	2095	0.00	200	0	0	0	nan	0.00	0.02	3.00	85.81	88.95	0.00	41	0	43	0.00	0.00	59.84	7.46	0.00	0.00	2000
229	10.61	2157	2105	0.62	205	0	0	5	56.44	0.00	0.01	3.61	86.03	89.39	0.00	42	0	42	0.00	0.00	66.77	7.51	0.00	0.00	2000
230	10.72	2145	2096	0.31	204	0	0	1	82.39	0.00	0.00	4.21	84.99	89.28	0.00	42	0	43	0.00	0.00	66.08	7.75	0.00	0.00	2000
228	10.63	2149	2099	0.00	204	0	0	0	nan	0.01	0.01	3.71	85.63	89.37	0.00	42	0	42	0.00	0.00	65.50	7.58	0.00	0.00	2000
230	11.30	2038	2097	0.00	212	0	0	0	nan	0.00	0.00	3.36	85.27	88.70	0.00	42	0	43	0.00	0.00	63.94	7.35	0.00	0.00	2000
227	11.28	2013	2100	0.00	203	0	0	0	nan	0.00	0.00	3.49	85.34	88.72	0.00	42	0	42	0.00	0.00	64.76	7.57	0.00	0.00	2000
228	11.14	2057	2090	0.00	203	0	0	0	nan	0.00	0.00	3.85	84.68	88.86	0.00	42	0	42	0.00	0.00	65.62	7.78	0.00	0.00	2000
230	11.03	2073	2114	0.00	201	0	0	0	nan	0.00	0.00	3.96	85.67	88.97	0.00	41	0	43	0.00	0.00	64.94	7.58	0.00	0.00	2000
228	10.97	2081	2095	0.00	204	0	0	0	nan	0.00	0.00	3.77	85.05	89.03	0.00	41	0	43	0.00	0.00	64.48	7.59	0.00	0.00	2000
231	11.02	2083	2111	0.00	203	0	0	0	nan	0.00	0.00	4.31	85.22	88.98	0.00	42	0	43	0.00	0.00	65.95	7.59	0.00	0.00	2000
230	10.90	2104	2103	0.00	197	0	0	0	nan	0.00	0.00	2.83	86.47	89.10	0.00	41	0	43	0.00	0.00	66.47	7.78	0.00	0.00	2000
223	10.89	2082	2069	0.00	202	0	0	0	nan	0.00	0.00	3.49	84.43	89.11	0.00	41	0	42	0.00	0.00	63.38	7.26	0.00	0.00	2000
230	11.12	2053	2118	0.00	221	0	0	0	nan	0.00	0.02	3.52	86.17	88.88	0.00	41	0	43	0.00	0.00	65.31	7.38	0.00	0.00	2000
226	10.89	2084	2089	0.00	188	0	0	0	nan	0.00	0.01	3.25	85.52	89.11	0.00	42	0	43	0.00	0.00	64.76	7.69	0.00	0.00	2000
228	10.95	2096	2090	0.00	219	0	0	0	nan	0.00	0.01	3.04	85.60	89.05	0.00	42	0	43	0.00	0.00	64.89	7.41	0.00	0.00	2000
228	10.82	2102	2104	0.00	213	0	0	0	nan	0.00	0.01	3.70	85.72	89.18	0.00	41	0	43	0.00	0.00	62.87	7.42	0.00	0.00	2000
233	10.78	2143	2119	0.00	220	0	0	0	nan	0.00	0.00	3.32	86.72	89.22	0.00	41	0	42	0.00	0.00	67.49	7.78	0.00	0.00	2000
227	10.93	2082	2092	0.00	187	0	0	0	nan	0.00	0.01	3.03	85.79	89.07	0.00	41	0	43	0.00	0.00	62.28	7.42	0.00	0.00	2000
230	11.03	2078	2112	0.44	200	0	0	8	30.67	0.00	0.01	2.79	86.73	88.97	0.00	41	0	43	0.00	0.00	66.29	7.77	0.00	0.00	2000
230	11.21	2048	2105	0.46	203	0	0	2	73.88	0.00	0.00	3.13	85.93	88.79	0.00	41	0	42	0.00	0.00	63.07	7.20	0.00	0.00	2000
228	10.93	2089	2093	0.00	214	0	0	0	nan	0.01	0.00	3.43	85.36	89.07	0.00	42	0	42	0.00	0.00	64.66	7.38	0.00	0.00	2000
231	11.12	2067	2108	0.00	206	0	0	0	nan	0.00	0.00	4.24	84.98	88.88	0.00	41	0	42	0.00	0.00	65.05	7.55	0.00	0.00	2000
224	10.82	2099	2066	0.00	201	0	0	0	nan	0.00	0.00	3.21	84.51	89.18	0.00	41	0	42	0.00	0.00	63.31	7.28	0.00	0.00	2000
230	10.88	2097	2114	0.00	204	0	0	0	nan	0.00	0.00	2.30	87.50	89.12	0.00	41	0	43	0.00	0.00	65.16	7.62	0.00	0.00	2000
233	10.98	2109	2111	0.00	204	0	0	0	nan	0.00	0.01	3.25	86.25	89.02	0.00	41	0	43	0.00	0.00	66.66	7.75	0.00	0.00	2000
225	10.87	2082	2084	0.00	212	0	0	0	nan	0.00	0.02	3.56	85.03	89.13	0.00	41	0	43	0.00	0.00	65.40	7.53	0.00	0.00	2000
230	10.71	2141	2104	0.00	202	0	0	0	nan	0.00	0.02	2.74	86.71	89.29	0.00	41	0	43	0.00	0.00	65.51	7.57	0.00	0.00	2000
226	10.68	2128	2090	0.00	203	0	0	0	nan	0.00	0.00	2.85	86.14	89.32	0.00	41	0	42	0.00	0.00	62.22	7.44	0.00	0.00	2000
228	11.05	2068	2093	0.00	204	0	0	0	nan	0.00	0.02	2.42	86.30	88.95	0.00	41	0	42	0.00	0.00	64.34	7.62	0.00	0.00	2000
230	10.97	2091	2101	0.00	204	0	0	0	nan	0.00	0.01	1.27	87.95	89.03	0.00	41	0	43	0.00	0.00	63.96	7.43	0.00	0.00	2000
232	10.97	2106	2104	0.00	213	0	0	0	nan	0.00	0.01	3.72	85.55	89.03	0.00	41	0	43	0.00	0.00	65.66	7.56	0.00	0.00	2000
229	11.03	2068	2113	0.00	203	0	0	0	nan	0.00	0.01	3.31	86.29	88.97	0.00	41	0	43	0.00	0.00	68.49	7.90	0.00	0.00	2000
227	10.84	2091	2100	0.00	203	0	0	0	nan	0.00	0.02	3.01	86.22	89.16	0.00	41	0	43	0.00	0.00	62.18	7.28	0.00	0.00	2000
228	10.78	2111	2099	0.00	220	0	0	0	nan	0.00	0.01	2.70	86.56	89.22	0.00	42	0	42	0.00	0.00	65.02	7.59	0.00	0.00	2000
231	11.13	2077	2102	0.00	203	0	0	0	nan	0.00	0.01	3.32	85.72	88.87	0.00	41	0	43	0.00	0.00	65.29	7.76	0.00	0.00	2000
228	10.87	2091	2106	0.27	213	0	0	4	60.43	0.00	0.00	2.85	86.62	89.13	0.00	41	0	42	0.00	0.00	66.43	7.71	0.00	0.00	2000
228	10.87	2102	2097	0.58	204	0	0	3	69.21	0.00	0.01	2.46	86.66	89.13	0.00	41	0	43	0.00	0.00	65.77	7.48	0.00	0.00	2000
231	11.05	2075	2119	0.00	204	0	0	0	nan	0.00	0.00	3.04	86.80	88.95	0.00	42	0	43	0.00	0.00	66.91	7.75	0.00	0.00	2000
227	10.75	2121	2088	0.00	205	0	0	0	nan	0.00	0.00	2.97	85.79	89.25	0.00	42	0	42	0.00	0.00	64.69	7.46	0.00	0.00	2000
227	10.80	2105	2102	0.00	203	0	0	0	nan	0.00	0.02	3.77	85.53	89.20	0.00	42	0	43	0.00	0.00	59.10	7.58	0.00	0.00	2000
230	11.13	2068	2101	0.00	213	0	0	0	nan	0.00	0.00	3.72	85.29	88.87	0.00	41	0	43	0.00	0.00	67.99	7.22	0.00	0.00	2000
228	11.06	2058	2100	0.00	203	0	0	0	nan	0.00	0.00	3.53	85.50	88.94	0.00	42	0	42	0.00	0.00	65.53	7.56	0.00	0.00	2000
231	11.04	2080	2109	0.00	190	0	0	0	nan	0.00	0.03	4.58	84.91	88.96	0.00	41	0	42	0.00	0.00	63.62	7.41	0.00	0.00	2000
222	10.98	2060	2064	0.00	203	0	0	0	nan	0.00	0.02	3.66	83.89	89.02	0.00	42	0	43	0.00	0.00	63.28	7.40	0.00	0.00	2000
234	10.98	2091	2137	0.00	204	0	0	0	nan	0.00	0.03	3.53	87.06	89.02	0.00	41	0	42	0.00	0.00	66.27	7.82	0.00	0.00	2000
228	11.06	2070	2092	0.00	204	0	0	0	nan	0.00	0.01	4.36	84.32	88.94	0.00	41	0	43	0.00	0.00	66.00	7.51	0.00	0.00	2000
225	10.84	2095	2083	0.00	213	0	0	0	nan	0.00	0.01	2.76	85.75	89.16	0.00	41	0	42	0.00	0.00	62.98	7.27	0.00	0.00	2000
228	10.49	2166	2106	0.00	202	0	0	0	nan	0.00	0.00	3.27	86.53	89.51	0.00	41	0	43	0.00	0.00	65.83	7.63	0.00	0.00	2000
231	10.99	2085	2115	0.00	204	0	0	0	nan	0.01	0.02	2.99	86.71	89.01	0.00	42	0	42	0.00	0.00	66.74	7.64	0.00	0.00	2000
225	10.86	2084	2090	0.00	204	0	0	0	nan	0.00	0.02	3.33	85.44	89.14	0.00	42	0	43	0.00	0.00	65.34	7.66	0.00	0.00	2000
232	10.89	2117	2115	0.00	203	0	0	0	nan	0.00	0.00	3.16	86.74	89.11	0.00	42	0	42	0.00	0.00	63.91	7.52	0.00	0.00	2000
224	10.92	2081	2074	0.00	192	0	0	0	nan	0.00	0.02	2.80	85.33	89.08	0.00	41	0	43	0.00	0.00	63.08	7.17	0.00	0.00	2000
230	10.80	2113	2113	0.02	237	0	0	2	65.90	0.00	0.02	2.79	87.03	89.20	0.00	42	0	42	0.00	0.00	66.74	7.76	0.00	0.00	2000
227	11.02	2062	2097	0.77	188	0	0	4	61.84	0.00	0.00	3.66	85.27	88.98	0.00	41	0	42	0.00	0.00	62.83	7.09	0.00	0.00	2000
228	10.97	2078	2098	0.00	203	0	0	0	nan	0.00	0.00	3.41	85.67	89.03	0.00	42	0	43	0.00	0.00	65.01	7.60	0.00	0.00	2000
230	11.15	2044	2117	0.00	203	0	0	0	nan	0.00	0.02	2.75	86.95	88.85	0.00	41	0	42	0.00	0.00	66.72	7.78	0.00	0.00	2000
232	11.39	2030	2103	0.00	210	0	0	0	nan	0.00	0.00	3.46	85.33	88.61	0.00	42	0	42	0.00	0.00	64.61	7.42	0.00	0.00	2000
229	10.75	2130	2099	0.00	203	0	0	0	nan	0.00	0.00	3.67	85.62	89.25	0.00	42	0	42	0.00	0.00	64.31	7.32	0.00	0.00	2000
229	10.83	2120	2093	0.00	205	0	0	0	nan	0.00	0.02	4.13	84.79	89.17	0.00	42	0	43	0.00	0.00	66.14	7.65	0.00	0.00	2000
227	10.96	2078	2096	0.00	203	0	0	0	nan	0.00	0.00	3.75	85.14	89.04	0.00	41	0	42	0.00	0.00	64.44	7.50	0.00	0.00	2000
271	12.64	2144	2102	0.00	202	0	0	0	nan	0.00	0.00	4.33	83.16	87.36	0.00	42	0	43	0.00	0.00	65.45	7.54	0.00	0.00	2000
230	10.92	2109	2098	0.00	203	0	0	0	nan	0.00	0.00	4.27	84.78	89.08	0.00	41	0	42	0.00	0.00	62.23	7.62	0.00	0.00	2000
229	11.08	2067	2100	0.00	217	0	0	0	nan	0.00	0.02	5.02	83.96	88.92	0.00	41	0	43	0.00	0.00	67.17	7.41	0.00	0.00	2000
228	10.90	2082	2111	0.00	202	0	0	0	nan	0.00	0.00	4.17	85.47	89.10	0.00	42	0	42	0.00	0.00	64.80	7.52	0.00	0.00	2000
228	11.21	2040	2093	0.00	206	0	0	0	nan	0.00	0.00	4.66	83.90	88.79	0.00	42	0	43	0.00	0.00	65.33	7.58	0.00	0.00	2000
229	10.77	2123	2105	0.00	205	0	0	0	nan	0.00	0.01	3.33	86.01	89.23	0.00	41	0	42	0.00	0.00	64.02	7.51	0.00	0.00	2000
230	11.13	2078	2089	0.00	203	0	0	0	nan	0.00	0.00	3.94	84.61	88.87	0.00	41	0	42	0.00	0.00	62.41	7.24	0.00	0.00	2000
229	11.03	2072	2108	0.00	197	0	0	0	nan	0.00	0.01	3.19	86.25	88.97	0.00	41	0	42	0.00	0.00	66.58	7.70	0.00	0.00	2000
226	10.63	2142	2083	0.00	203	0	0	0	nan	0.00	0.00	3.39	85.29	89.37	0.00	41	0	43	0.00	0.00	65.91	7.61	0.00	0.00	2000
225	10.78	2098	2087	0.00	201	0	0	0	nan	0.00	0.03	2.33	86.39	89.22	0.00	41	0	43	0.00	0.00	62.87	7.25	0.00	0.00	2000
233	11.07	2075	2129	0.83	203	0	0	4	47.71	0.00	0.02	2.64	87.53	88.93	0.00	41	0	43	0.00	0.00	67.56	7.75	0.00	0.00	2000
225	10.85	2090	2088	0.05	203	0	0	0	nan	0.00	0.00	3.04	85.68	89.15	0.00	41	0	42	0.00	0.00	63.34	7.32	0.00	0.00	2000
229	11.34	2036	2084	0.00	205	0	0	0	nan	0.00	0.01	2.91	85.15	88.66	0.00	41	0	42	0.00	0.00	64.53	7.46	0.00	0.00	2000
230	10.78	2114	2116	0.00	212	0	0	0	nan	0.00	0.02	3.52	86.46	89.22	0.00	42	0	42	0.00	0.00	65.68	7.70	0.00	0.00	2000
228	10.77	2123	2097	0.00	204	0	0	0	nan	0.00	0.00	3.51	85.67	89.23	0.00	41	0	43	0.00	0.00	65.08	7.72	0.00	0.00	2000
230	10.80	2115	2111	0.00	203	0	0	0	nan	0.00	0.02	2.44	87.32	89.20	0.00	42	0	43	0.00	0.00	64.89	7.55	0.00	0.00	2000
230	10.75	2132	2107	0.00	203	0	0	0	nan	0.00	0.00	3.05	86.53	89.25	0.00	41	0	42	0.00	0.00	64.10	7.45	0.00	0.00	2000
229	11.06	2068	2098	0.00	203	0	0	0	nan	0.00	0.00	3.56	85.48	88.94	0.00	41	0	43	0.00	0.00	63.14	7.31	0.00	0.00	2000
225	10.82	2095	2085	0.00	213	0	0	0	nan	0.00	0.00	3.39	85.18	89.18	0.00	42	0	43	0.00	0.00	66.58	7.74	0.00	0.00	2000
230	10.98	2077	2118	0.00	203	0	0	0	nan	0.00	0.01	3.37	86.46	89.02	0.00	41	0	42	0.00	0.00	64.65	7.46	0.00	0.00	2000
226	10.75	2120	2086	0.00	202	0	0	0	nan	0.00	0.00	3.28	85.41	89.25	0.00	41	0	43	0.00	0.00	65.51	7.51	0.00	0.00	2000
228	11.19	2030	2105	0.00	203	0	0	0	nan	0.00	0.00	2.95	86.14	88.81	0.00	41	0	43	0.00	0.00	65.30	7.59	0.00	0.00	2000
230	11.15	2059	2099	0.00	203	0	0	0	nan	0.00	0.00	3.12	85.80	88.85	0.00	41	0	42	0.00	0.00	64.11	7.47	0.00	0.00	2000
228	11.08	2065	2088	0.00	216	0	0	0	nan	0.00	0.03	4.42	84.01	88.92	0.00	41	0	42	0.00	0.00	62.35	7.30	0.00	0.00	2000
230	11.37	2010	2119	0.00	204	0	0	0	nan	0.00	0.00	4.16	85.35	88.63	0.00	42	0	42	0.00	0.00	67.15	7.77	0.00	0.00	2000
225	11.35	1986	2095	0.00	203	0	0	0	nan	0.00	0.00	2.92	85.62	88.65	0.00	41	0	43	0.00	0.00	64.48	7.48	0.00	0.00	2000
229	11.21	2036	2107	0.00	204	0	0	0	nan	0.00	0.02	2.61	86.57	88.79	0.00	41	0	42	0.00	0.00	66.26	7.58	0.00	0.00	2000
228	11.06	2061	2100	0.71	204	0	0	5	50.38	0.00	0.02	3.99	84.97	88.94	0.00	42	0	43	0.00	0.00	63.17	7.40	0.00	0.00	2000
226	11.31	2027	2072	0.21	213	0	0	0	nan	0.00	0.00	3.50	84.20	88.69	0.00	41	0	43	0.00	0.00	63.54	7.39	0.00	0.00	2000
231	10.95	2083	2124	0.00	219	0	0	0	nan	0.00	0.01	3.54	86.58	89.05	0.00	41	0	43	0.00	0.00	66.85	7.79	0.00	0.00	2000
228	10.96	2081	2100	0.00	202	0	0	0	nan	0.00	0.02	2.99	86.18	89.04	0.00	42	0	43	0.00	0.00	65.21	7.52	0.00	0.00	2000
227	10.86	2097	2089	0.00	188	0	0	0	nan	0.01	0.01	3.18	85.57	89.14	0.00	41	0	43	0.00	0.00	63.55	7.52	0.00	0.00	2000
227	10.76	2128	2085	0.00	203	0	0	0	nan	0.00	0.01	3.13	85.51	89.24	0.00	42	0	43	0.00	0.00	64.47	7.54	0.00	0.00	2000
231	11.15	2059	2114	0.00	212	0	0	0	nan	0.00	0.00	2.78	86.80	88.85	0.00	42	0	42	0.00	0.00	64.48	7.59	0.00	0.00	2000
229	10.66	2147	2105	0.00	203	0	0	0	nan	0.00	0.00	3.47	86.15	89.34	0.00	41	0	42	0.00	0.00	66.31	7.56	0.00	0.00	2000
230	10.96	2086	2108	0.00	203	0	0	0	nan	0.00	0.00	3.26	86.15	89.04	0.00	42	0	43	0.00	0.00	65.96	7.56	0.00	0.00	2000
231	10.87	2112	2111	0.00	204	0	0	0	nan	0.00	0.00	2.76	86.88	89.13	0.00	41	0	42	0.00	0.00	64.31	7.38	0.00	0.00	2000
226	10.79	2103	2090	0.00	201	0	0	0	nan	0.00	0.00	3.52	85.36	89.21	0.00	41	0	42	0.00	0.00	66.04	7.56	0.00	0.00	2000
234	10.62	2191	2108	0.00	204	0	0	0	nan	0.00	0.00	3.34	86.38	89.38	0.00	42	0	42	0.00	0.00	63.19	7.24	0.00	0.00	2000
223	10.87	2075	2074	0.00	213	0	0	0	nan	0.00	0.00	3.06	85.06	89.13	0.00	41	0	43	0.00	0.00	64.78	7.40	0.00	0.00	2000
232	10.94	2102	2116	0.00	204	0	0	0	nan	0.00	0.01	3.17	86.60	89.06	0.00	41	0	43	0.00	0.00	66.09	7.74	0.00	0.00	2000
227	10.84	2098	2093	0.00	203	0	0	0	nan	0.00	0.00	3.29	85.62	89.16	0.00	42	0	42	0.00	0.00	63.28	7.44	0.00	0.00	2000
235	11.18	2079	2118	0.00	219	0	0	0	nan	0.00	0.00	5.37	84.35	88.82	0.00	42	0	43	0.00	0.00	66.59	7.66	0.00	0.00	2000
227	11.29	2029	2077	0.00	205	0	0	0	nan	0.00	0.00	4.00	83.76	88.71	0.00	42	0	43	0.00	0.00	63.85	7.25	0.00	0.00	2000
233	10.79	2139	2118	0.51	216	0	0	5	56.24	0.00	0.00	3.40	86.65	89.21	0.00	41	0	42	0.00	0.00	66.48	7.69	0.00	0.00	2000
227	10.69	2125	2095	0.41	203	0	0	2	77.04	0.00	0.00	3.14	86.01	89.31	0.00	41	0	43	0.00	0.00	65.95	7.50	0.00	0.00	2000
230	10.86	2115	2106	0.00	186	0	0	0	nan	0.00	0.02	3.25	86.22	89.14	0.00	41	0	42	0.00	0.00	63.26	7.39	0.00	0.00	2000
230	10.75	2133	2108	0.00	204	0	0	0	nan	0.00	0.00	3.13	86.42	89.25	0.00	41	0	43	0.00	0.00	66.07	7.68	0.00	0.00	2000
227	10.94	2083	2095	0.00	205	0	0	0	nan	0.00	0.00	3.38	85.55	89.06	0.00	41	0	43	0.00	0.00	64.36	7.45	0.00	0.00	2000
230	11.04	2083	2101	0.00	208	0	0	0	nan	0.00	0.00	3.55	85.54	88.96	0.00	41	0	43	0.00	0.00	65.03	7.65	0.00	0.00	2000
226	10.99	2071	2089	0.00	209	0	0	0	nan	0.00	0.00	3.46	85.17	89.01	0.00	41	0	42	0.00	0.00	62.81	7.26	0.00	0.00	2000
226	10.60	2141	2089	0.00	202	0	0	0	nan	0.00	0.00	2.84	86.14	89.40	0.00	42	0	43	0.00	0.00	66.70	7.66	0.00	0.00	2000
228	10.96	2078	2098	0.00	204	0	0	0	nan	0.00	0.00	2.87	86.19	89.04	0.00	42	0	42	0.00	0.00	62.19	7.28	0.00	0.00	2000
230	10.97	2091	2106	0.00	206	0	0	0	nan	0.00	0.02	3.99	85.37	89.03	0.00	41	0	43	0.00	0.00	68.41	7.92	0.00	0.00	2000
235	10.89	2138	2121	0.00	202	0	0	0	nan	0.00	0.02	4.06	85.97	89.11	0.00	42	0	43	0.00	0.00	63.35	7.48	0.00	0.00	2000
224	10.77	2102	2080	0.00	212	0	0	0	nan	0.00	0.00	3.56	84.88	89.23	0.00	42	0	42	0.00	0.00	66.35	7.60	0.00	0.00	2000
228	11.16	2044	2102	0.00	204	0	0	0	nan	0.00	0.01	3.50	85.45	88.84	0.00	41	0	42	0.00	0.00	65.12	7.52	0.00	0.00	2000
228	11.13	2046	2107	0.00	204	0	0	0	nan	0.00	0.00	3.25	85.95	88.87	0.00	41	0	43	0.00	0.00	65.57	7.50	0.00	0.00	2000
227	10.88	2090	2092	0.00	202	0	0	0	nan	0.00	0.02	2.75	86.13	89.12	0.00	41	0	42	0.00	0.00	64.92	7.65	0.00	0.00	2000
229	10.71	2143	2099	0.00	204	0	0	0	nan	0.00	0.00	3.28	86.06	89.29	0.00	41	0	42	0.00	0.00	62.99	7.48	0.00	0.00	2000
233	10.86	2123	2121	0.00	214	0	0	0	nan	0.00	0.02	2.93	87.12	89.14	0.00	41	0	43	0.00	0.00	66.92	7.63	0.00	0.00	2000
223	10.72	2101	2083	0.14	203	0	0	3	62.41	0.00	0.00	3.60	85.02	89.28	0.00	42	0	43	0.00	0.00	64.53	7.48	0.00	0.00	2000
230	10.90	2104	2109	0.67	203	0	0	4	65.05	0.00	0.03	3.80	85.73	89.10	0.00	41	0	42	0.00	0.00	65.64	7.34	0.00	0.00	2000
227	10.96	2072	2100	0.00	203	0	0	0	nan	0.00	0.00	3.87	85.25	89.04	0.00	41	0	42	0.00	0.00	62.42	7.28	0.00	0.00	2000
230	10.71	2153	2099	0.00	206	0	0	0	nan	0.00	0.02	4.17	85.18	89.29	0.00	41	0	42	0.00	0.00	65.39	7.41	0.00	0.00	2000
227	10.86	2108	2087	0.00	215	0	0	0	nan	0.00	0.00	4.46	84.10	89.14	0.00	42	0	42	0.00	0.00	62.95	7.36	0.00	0.00	2000
232	11.00	2079	2126	0.00	203	0	0	0	nan	0.00	0.02	3.64	86.54	89.00	0.00	42	0	43	0.00	0.00	66.22	7.67	0.00	0.00	2000
226	11.02	2055	2092	0.00	200	0	0	0	nan	0.00	0.00	3.50	85.23	88.98	0.00	41	0	42	0.00	0.00	65.71	7.72	0.00	0.00	2000
228	11.19	2036	2100	0.00	204	0	0	0	nan	0.00	0.00	3.08	85.79	88.81	0.00	42	0	43	0.00	0.00	65.47	7.76	0.00	0.00	2000
224	10.82	2086	2079	0.00	204	0	0	0	nan	0.01	0.00	3.55	84.85	89.18	0.00	41	0	42	0.00	0.00	63.14	7.23	0.00	0.00	2000
230	11.23	2050	2097	0.00	203	0	0	0	nan	0.00	0.00	4.33	84.49	88.77	0.00	42	0	43	0.00	0.00	65.07	7.53	0.00	0.00	2000
230	11.09	2051	2120	0.00	213	0	0	0	nan	0.00	0.00	4.01	85.85	88.91	0.00	41	0	43	0.00	0.00	65.55	7.56	0.00	0.00	2000
227	10.69	2136	2091	0.00	202	0	0	0	nan	0.00	0.00	3.68	85.24	89.31	0.00	41	0	43	0.00	0.00	65.98	7.50	0.00	0.00	2000
224	10.90	2067	2088	0.00	202	0	0	0	nan	0.00	0.02	3.79	84.94	89.10	0.00	42	0	42	0.00	0.00	62.44	7.18	0.00	0.00	2000
249	11.78	2130	2081	0.00	219	0	0	0	nan	0.01	0.00	3.19	84.23	88.22	0.00	42	0	43	0.00	0.00	66.78	7.64	0.00	0.00	2000
245	11.35	2134	2126	0.00	208	0	0	0	nan	0.00	0.00	4.04	85.70	88.65	0.00	41	0	43	0.00	0.00	65.91	7.58	0.00	0.00	2000
230	10.93	2098	2106	0.00	203	0	0	0	nan	0.00	0.00	2.37	87.02	89.07	0.00	42	0	42	0.00	0.00	62.77	7.13	0.00	0.00	2000
226	11.19	2027	2095	0.00	202	0	0	0	nan	0.00	0.01	3.97	84.76	88.81	0.00	42	0	42	0.00	0.00	65.63	7.66	0.00	0.00	2000
228	11.12	2049	2100	0.04	200	0	0	2	55.71	0.00	0.00	4.00	84.96	88.88	0.00	42	0	43	0.00	0.00	64.65	7.69	0.00	0.00	2000
226	11.15	2039	2091	0.75	203	0	0	4	63.86	0.00	0.00	4.19	84.34	88.85	0.00	42	0	42	0.00	0.00	65.11	7.62	0.00	0.00	2000
245	11.95	2026	2125	0.00	209	0	0	0	nan	0.00	0.00	4.64	84.57	88.05	0.00	41	0	42	0.00	0.00	65.39	7.46	0.00	0.00	2000
230	10.89	2111	2099	0.00	210	0	0	0	nan	0.01	0.00	3.73	85.44	89.11	0.00	42	0	42	0.00	0.00	65.71	7.68	0.00	0.00	2000
228	11.10	2058	2098	0.00	203	0	0	0	nan	0.00	0.00	3.45	85.47	88.90	0.00	41	0	43	0.00	0.00	64.51	7.52	0.00	0.00	2000
225	10.91	2072	2089	0.00	202	0	0	0	nan	0.00	0.00	3.70	84.95	89.09	0.00	42	0	43	0.00	0.00	63.27	7.45	0.00	0.00	2000
233	10.89	2115	2125	0.00	207	0	0	0	nan	0.00	0.00	4.27	85.97	89.11	0.00	41	0	42	0.00	0.00	66.36	7.68	0.00	0.00	2000
244	11.41	2140	2099	0.00	207	0	0	0	nan	0.00	0.02	4.84	83.73	88.59	0.00	41	0	42	0.00	0.00	65.86	7.71	0.00	0.00	2000
228	10.92	2091	2096	0.00	207	0	0	0	nan	0.00	0.00	3.12	85.92	89.08	0.00	42	0	42	0.00	0.00	64.74	7.50	0.00	0.00	2000
228	10.79	2118	2099	0.00	206	0	0	0	nan	0.00	0.01	3.91	85.14	89.21	0.00	42	0	42	0.00	0.00	64.03	7.28	0.00	0.00	2000
227	10.98	2084	2084	0.00	203	0	0	0	nan	0.00	0.02	2.91	85.45	89.02	0.00	41	0	43	0.00	0.00	65.20	7.67	0.00	0.00	2000
229	11.13	2052	2110	0.00	204	0	0	0	nan	0.00	0.00	4.11	85.16	88.87	0.00	41	0	42	0.00	0.00	65.17	7.37	0.00	0.00	2000
233	11.43	2024	2113	0.00	203	0	0	0	nan	0.00	0.00	3.43	85.79	88.57	0.00	41	0	42	0.00	0.00	65.31	7.46	0.00	0.00	2000
226	10.82	2104	2081	0.00	209	0	0	0	nan	0.00	0.02	3.45	84.94	89.18	0.00	41	0	42	0.00	0.00	63.55	7.36	0.00	0.00	2000
229	11.25	2029	2107	0.00	204	0	0	0	nan	0.00	0.00	2.38	86.77	88.75	0.00	41	0	43	0.00	0.00	66.69	7.44	0.00	0.00	2000
227	10.99	2068	2100	0.00	203	0	0	0	nan	0.00	0.00	3.02	86.01	89.01	0.00	41	0	43	0.00	0.00	63.79	7.74	0.00	0.00	2000
228	11.05	2065	2098	0.00	202	0	0	0	nan	0.00	0.00	2.99	85.87	88.95	0.00	41	0	42	0.00	0.00	64.87	7.74	0.00	0.00	2000
228	11.02	2079	2092	0.00	203	0	0	2	70.88	0.00	0.00	3.67	85.10	88.98	0.00	41	0	42	0.00	0.00	64.44	7.43	0.00	0.00	2000
231	11.00	2088	2115	0.89	212	0	0	7	56.61	0.00	0.03	3.62	86.08	89.00	0.00	42	0	42	0.00	0.00	65.95	7.55	0.00	0.00	2000
230	10.90	2104	2109	0.00	201	0	0	0	nan	0.00	0.00	2.85	86.58	89.10	0.00	42	0	43	0.00	0.00	63.19	7.11	0.00	0.00	2000
225	10.72	2132	2069	0.00	204	0	0	0	nan	0.00	0.02	3.33	84.72	89.28	0.00	41	0	43	0.00	0.00	66.06	7.61	0.00	0.00	2000
231	10.83	2111	2124	0.00	202	0	0	0	nan	0.00	0.02	2.11	88.14	89.17	0.00	42	0	42	0.00	0.00	65.82	7.31	0.00	0.00	2000
228	10.90	2097	2091	0.00	203	0	0	0	nan	0.00	0.00	2.77	86.03	89.10	0.00	41	0	42	0.00	0.00	63.11	7.24	0.00	0.00	2000
227	11.17	2052	2084	0.00	213	0	0	0	nan	0.00	0.02	2.71	85.53	88.83	0.00	41	0	43	0.00	0.00	65.03	7.55	0.00	0.00	2000
230	11.27	2025	2120	0.00	218	0	0	0	nan	0.00	0.00	3.72	86.00	88.73	0.00	42	0	42	0.00	0.00	63.99	7.37	0.00	0.00	2000
229	10.96	2080	2106	0.00	188	0	0	0	nan	0.00	0.02	3.38	86.08	89.04	0.00	42	0	42	0.00	0.00	64.83	7.25	0.00	0.00	2000
230	11.10	2072	2097	0.00	203	0	0	0	nan	0.00	0.00	3.89	84.98	88.90	0.00	42	0	43	0.00	0.00	65.54	7.48	0.00	0.00	2000
225	11.07	2060	2075	0.00	207	0	0	0	nan	0.00	0.00	3.98	83.99	88.93	0.00	42	0	42	0.00	0.00	63.02	7.20	0.00	0.00	2000
234	11.05	2095	2126	0.00	229	0	0	0	nan	0.01	0.00	3.33	86.78	88.95	0.00	42	0	42	0.00	0.00	67.04	7.69	0.00	0.00	2000
229	10.65	2153	2098	0.00	202	0	0	0	nan	0.00	0.01	3.09	86.18	89.35	0.00	42	0	43	0.00	0.00	62.00	7.58	0.00	0.00	2000
226	10.93	2090	2077	0.00	187	0	0	0	nan	0.01	0.01	2.93	85.24	89.07	0.00	42	0	43	0.00	0.00	65.28	7.24	0.00	0.00	2000
229	10.98	2069	2118	0.00	203	0	0	0	nan	0.01	0.00	3.52	86.37	89.02	0.00	42	0	43	0.00	0.00	65.88	7.60	0.00	0.00	2000
229	10.88	2102	2105	0.00	203	0	0	0	nan	0.00	0.02	3.40	86.06	89.12	0.00	42	0	43	0.00	0.00	65.12	7.54	0.00	0.00	2000
232	10.81	2136	2112	0.00	203	0	0	0	nan	0.00	0.03	3.05	86.71	89.19	0.00	42	0	43	0.00	0.00	65.35	7.56	0.00	0.00	2000
223	11.14	2042	2063	0.00	209	0	0	0	97.50	0.00	0.00	3.42	83.94	88.86	0.00	42	0	42	0.00	0.00	63.13	7.27	0.00	0.00	2000
229	10.77	2112	2115	0.88	204	0	0	6	50.67	0.00	0.00	3.52	86.41	89.23	0.00	42	0	43	0.00	0.00	64.89	7.47	0.00	0.00	2000
230	10.96	2093	2102	0.05	204	0	0	0	nan	0.00	0.02	3.98	85.20	89.04	0.00	41	0	43	0.00	0.00	65.77	7.53	0.00	0.00	2000
232	11.06	2079	2123	0.00	203	0	0	0	nan	0.00	0.01	2.81	87.17	88.94	0.00	41	0	42	0.00	0.00	65.42	7.50	0.00	0.00	2000
230	10.95	2115	2090	0.00	201	0	0	0	nan	0.00	0.00	3.75	84.98	89.05	0.00	41	0	42	0.00	0.00	64.47	7.38	0.00	0.00	2000
229	11.01	2099	2082	0.00	218	0	0	0	nan	0.00	0.00	4.08	84.12	88.99	0.00	42	0	43	0.00	0.00	64.31	7.46	0.00	0.00	2000
232	11.06	2087	2108	0.00	215	0	0	0	nan	0.00	0.01	3.98	85.34	88.94	0.00	42	0	43	0.00	0.00	64.92	7.59	0.00	0.00	2000
228	10.96	2083	2101	0.00	206	0	0	0	nan	0.00	0.05	3.44	85.71	89.04	0.00	42	0	42	0.00	0.00	65.13	7.58	0.00	0.00	2000
230	10.69	2145	2104	0.00	203	0	0	0	nan	0.00	0.00	3.24	86.25	89.31	0.00	41	0	42	0.00	0.00	65.92	7.71	0.00	0.00	2000
225	10.80	2099	2088	0.00	202	0	0	0	nan	0.00	0.00	3.18	85.61	89.20	0.00	41	0	42	0.00	0.00	62.87	7.27	0.00	0.00	2000
237	10.85	2151	2128	0.00	213	0	0	0	nan	0.00	0.02	2.43	87.88	89.15	0.00	42	0	42	0.00	0.00	66.93	7.78	0.00	0.00	2000
226	11.17	2033	2090	0.00	203	0	0	0	nan	0.00	0.02	3.79	84.77	88.83	0.00	41	0	43	0.00	0.00	64.84	7.48	0.00	0.00	2000
229	11.15	2056	2102	0.00	203	0	0	0	nan	0.00	0.00	2.85	86.16	88.85	0.00	42	0	43	0.00	0.00	65.31	7.53	0.00	0.00	2000
227	10.61	2159	2086	0.00	205	0	0	0	nan	0.00	0.00	4.37	84.42	89.39	0.00	42	0	43	0.00	0.00	63.12	7.37	0.00	0.00	2000
229	11.17	2047	2101	0.00	202	0	0	0	nan	0.01	0.00	3.90	85.02	88.83	0.00	42	0	43	0.00	0.00	61.90	7.48	0.00	0.00	2000
229	11.03	2081	2092	0.00	206	0	0	0	nan	0.00	0.02	4.30	84.42	88.97	0.00	41	0	42	0.00	0.00	68.35	7.43	0.00	0.00	2000
231	11.01	2087	2108	0.00	212	0	0	0	nan	0.00	0.00	3.28	86.15	88.99	0.00	41	0	42	0.00	0.00	65.24	7.49	0.00	0.00	2000
227	10.81	2101	2102	0.00	200	0	0	0	nan	0.00	0.00	2.80	86.57	89.19	0.00	42	0	42	0.00	0.00	65.48	7.61	0.00	0.00	2000
230	11.05	2073	2106	0.75	202	0	0	6	48.30	0.00	0.00	2.38	86.91	88.95	0.00	42	0	43	0.00	0.00	65.27	7.55	0.00	0.00	2000
228	11.18	2041	2099	0.17	205	0	0	0	nan	0.00	0.03	3.65	85.13	88.82	0.00	42	0	42	0.00	0.00	64.87	7.46	0.00	0.00	2000
229	11.07	2088	2078	0.00	212	0	0	0	nan	0.01	0.01	3.01	85.03	88.93	0.00	42	0	43	0.00	0.00	63.59	7.30	0.00	0.00	2000
233	11.01	2082	2129	0.00	203	0	0	0	nan	0.00	0.02	2.38	87.92	88.99	0.00	41	0	42	0.00	0.00	66.02	7.62	0.00	0.00	2000
230	10.86	2113	2103	0.00	202	0	0	0	nan	0.00	0.00	3.17	86.13	89.14	0.00	42	0	43	0.00	0.00	65.53	7.62	0.00	0.00	2000
225	10.83	2104	2073	0.00	204	0	0	0	nan	0.00	0.00	3.34	84.78	89.17	0.00	42	0	42	0.00	0.00	62.80	7.23	0.00	0.00	2000
229	10.98	2076	2107	0.00	204	0	0	0	nan	0.00	0.00	3.09	86.33	89.02	0.00	42	0	43	0.00	0.00	62.07	7.20	0.00	0.00	2000
234	11.45	2030	2117	0.00	206	0	0	0	nan	0.00	0.03	2.82	86.51	88.55	0.00	42	0	43	0.00	0.00	69.26	8.11	0.00	0.00	2000
228	10.94	2099	2084	0.00	211	0	0	0	nan	0.00	0.00	3.03	85.35	89.06	0.00	42	0	43	0.00	0.00	63.39	7.12	0.00	0.00	2000
227	10.84	2099	2097	0.00	202	0	0	0	nan	0.00	0.01	2.93	86.07	89.17	0.00	42	0	43	0.00	0.00	62.04	7.17	0.00	0.00	2000
230	10.75	2132	2108	0.00	204	0	0	0	nan	0.00	0.00	3.38	86.27	89.25	0.00	42	0	43	0.00	0.00	65.34	7.46	0.00	0.00	2000
230	11.07	2067	2113	0.00	203	0	0	0	nan	0.00	0.01	2.83	86.76	88.93	0.00	42	0	43	0.00	0.00	65.73	7.63	0.00	0.00	2000
226	11.17	2057	2069	0.00	202	0	0	0	nan	0.00	0.02	3.16	84.37	88.83	0.00	41	0	43	0.00	0.00	62.62	7.36	0.00	0.00	2000
231	10.52	2178	2118	0.00	230	0	0	0	nan	0.00	0.00	4.42	85.86	89.48	0.00	42	0	43	0.00	0.00	68.35	8.01	0.00	0.00	2000
226	10.82	2101	2092	0.00	203	0	0	0	nan	0.00	0.00	3.93	84.95	89.18	0.00	41	0	42	0.00	0.00	65.20	7.63	0.00	0.00	2000
230	10.89	2105	2112	0.00	220	0	0	0	nan	0.00	0.00	3.64	85.98	89.11	0.00	42	0	42	0.00	0.00	64.82	7.51	0.00	0.00	2000
229	10.70	2145	2094	0.00	188	0	0	0	nan	0.00	0.00	3.34	85.77	89.30	0.00	41	0	43	0.00	0.00	65.46	7.59	0.00	0.00	2000
233	10.95	2108	2122	0.68	203	0	0	6	48.84	0.00	0.02	3.95	86.15	89.06	0.00	42	0	42	0.00	0.00	65.72	7.71	0.00	0.00	2000
228	10.78	2126	2087	0.26	212	0	0	0	nan	0.00	0.00	4.11	84.64	89.22	0.00	42	0	43	0.00	0.00	63.06	7.27	0.00	0.00	2000
227	11.31	2009	2101	0.00	201	0	0	0	nan	0.00	0.00	2.27	86.55	88.69	0.00	42	0	43	0.00	0.00	64.24	7.52	0.00	0.00	2000
226	11.03	2068	2082	0.00	202	0	0	0	nan	0.00	0.00	2.64	85.61	88.97	0.00	42	0	42	0.00	0.00	63.34	7.22	0.00	0.00	2000
228	11.04	2065	2103	0.00	202	0	0	0	nan	0.00	0.02	2.52	86.67	88.96	0.00	42	0	42	0.00	0.00	67.19	7.64	0.00	0.00	2000
233	10.96	2115	2108	0.00	204	0	0	0	nan	0.00	0.02	3.57	85.77	89.04	0.00	42	0	42	0.00	0.00	62.80	7.43	0.00	0.00	2000
229	11.08	2060	2109	0.00	213	0	0	0	nan	0.00	0.00	3.31	86.01	88.92	0.00	41	0	42	0.00	0.00	66.10	7.72	0.00	0.00	2000
227	10.87	2106	2087	0.00	203	0	0	0	nan	0.00	0.00	3.13	85.53	89.13	0.00	42	0	42	0.00	0.00	62.76	7.36	0.00	0.00	2000
226	10.72	2118	2089	0.00	202	0	0	0	nan	0.00	0.00	2.79	86.11	89.28	0.00	42	0	43	0.00	0.00	65.27	7.50	0.00	0.00	2000
233	11.11	2068	2131	0.00	206	0	0	0	nan	0.00	0.00	2.40	87.88	88.89	0.00	42	0	43	0.00	0.00	65.53	7.63	0.00	0.00	2000
226	10.87	2108	2073	0.00	202	0	0	0	nan	0.00	0.02	3.42	84.51	89.13	0.00	42	0	43	0.00	0.00	63.70	7.43	0.00	0.00	2000
231	10.92	2105	2114	0.00	217	0	0	0	nan	0.00	0.00	3.27	86.39	89.08	0.00	42	0	43	0.00	0.00	65.85	7.77	0.00	0.00	2000
229	11.17	2040	2112	0.00	201	0	0	0	nan	0.00	0.00	2.76	86.62	88.83	0.00	41	0	43	0.00	0.00	65.83	7.71	0.00	0.00	2000
225	11.08	2057	2074	0.00	204	0	0	0	nan	0.00	0.02	2.83	85.07	88.92	0.00	42	0	42	0.00	0.00	62.93	7.21	0.00	0.00	2000
228	11.01	2062	2110	0.00	202	0	0	0	nan	0.00	0.01	3.46	86.03	88.99	0.00	42	0	42	0.00	0.00	65.16	7.69	0.00	0.00	2000
229	10.77	2124	2103	0.00	202	0	0	0	nan	0.00	0.00	3.23	86.15	89.23	0.00	42	0	42	0.00	0.00	65.25	7.49	0.00	0.00	2000
233	11.11	2079	2115	0.00	213	0	0	0	nan	0.00	0.01	3.48	86.07	88.89	0.00	42	0	43	0.00	0.00	66.07	7.56	0.00	0.00	2000
227	10.97	2088	2077	0.46	202	0	0	5	53.74	0.00	0.00	2.86	85.32	89.03	0.00	42	0	43	0.00	0.00	62.75	7.32	0.00	0.00	2000
247	11.93	2070	2102	0.46	203	0	0	3	70.10	0.00	0.00	4.15	84.09	88.07	0.00	42	0	42	0.00	0.00	65.63	7.52	0.00	0.00	2000
229	10.89	2110	2089	0.00	206	0	0	0	nan	0.00	0.00	4.85	83.81	89.11	0.00	41	0	42	0.00	0.00	64.95	7.42	0.00	0.00	2000
231	10.85	2110	2119	0.00	204	0	0	0	nan	0.00	0.02	3.80	86.24	89.15	0.00	41	0	42	0.00	0.00	65.53	7.66	0.00	0.00	2000
228	11.09	2068	2085	0.00	227	0	0	0	nan	0.00	0.00	3.18	85.19	88.91	0.00	42	0	42	0.00	0.00	64.18	7.37	0.00	0.00	2000
231	10.69	2133	2126	0.00	205	0	0	0	nan	0.00	0.00	3.67	86.85	89.31	0.00	42	0	42	0.00	0.00	66.39	7.75	0.00	0.00	2000
227	10.81	2118	2083	0.00	206	0	0	0	nan	0.00	0.00	4.15	84.41	89.19	0.00	42	0	42	0.00	0.00	64.11	7.32	0.00	0.00	2000
229	11.11	2048	2115	0.00	202	0	0	0	nan	0.00	0.00	2.70	86.89	88.89	0.00	42	0	42	0.00	0.00	65.08	7.85	0.00	0.00	2000
228	11.00	2094	2075	0.00	203	0	0	0	nan	0.00	0.02	3.15	84.87	89.00	0.00	42	0	43	0.00	0.00	63.70	7.47	0.00	0.00	2000
234	11.00	2090	2137	0.00	212	0	0	0	nan	0.00	0.00	3.57	87.08	89.00	0.00	42	0	42	0.00	0.00	66.75	7.80	0.00	0.00	2000
229	11.16	2058	2091	0.00	202	0	0	0	nan	0.00	0.00	2.98	85.62	88.84	0.00	42	0	42	0.00	0.00	64.72	7.41	0.00	0.00	2000
224	10.93	2078	2076	0.00	203	0	0	0	nan	0.00	0.01	2.64	85.44	89.07	0.00	42	0	42	0.00	0.00	63.77	7.41	0.00	0.00	2000
234	10.96	2102	2134	0.00	205	0	0	0	nan	0.00	0.00	2.82	87.66	89.04	0.00	41	0	43	0.00	0.00	63.53	7.52	0.00	0.00	2000
224	10.97	2063	2076	0.00	204	0	0	0	nan	0.00	0.00	3.33	84.78	89.03	0.00	42	0	42	0.00	0.00	65.87	7.83	0.00	0.00	2000
232	11.02	2103	2105	0.00	212	0	0	0	nan	0.00	0.03	3.58	85.71	88.98	0.00	41	0	42	0.00	0.00	65.23	7.60	0.00	0.00	2000
230	11.17	2039	2117	0.00	201	0	0	0	nan	0.00	0.02	2.77	86.85	88.83	0.00	42	0	42	0.00	0.00	63.41	7.37	0.00	0.00	2000
228	11.23	2034	2098	0.00	202	0	0	0	nan	0.00	0.00	2.82	85.94	88.77	0.00	41	0	43	0.00	0.00	64.89	7.47	0.00	0.00	2000
226	11.11	2042	2095	0.29	203	0	0	4	53.80	0.00	0.00	3.93	84.95	88.89	0.00	41	0	43	0.00	0.00	65.28	7.47	0.00	0.00	2000
229	10.90	2106	2094	0.59	204	0	0	4	65.80	0.01	0.00	3.11	85.81	89.10	0.00	42	0	42	0.00	0.00	65.57	7.65	0.00	0.00	2000
232	10.60	2177	2113	0.00	204	0	0	0	nan	0.00	0.00	2.49	87.47	89.40	0.00	42	0	42	0.00	0.00	63.67	7.63	0.00	0.00	2000
226	10.60	2158	2078	0.00	215	1	0	0	nan	0.00	0.00	3.19	85.40	89.40	0.00	42	0	43	0.00	0.00	64.18	7.23	0.00	0.00	2000
232	11.01	2080	2129	0.00	205	0	0	0	nan	0.00	0.00	3.66	86.56	88.99	0.00	41	0	43	0.00	0.00	66.16	7.59	0.00	0.00	2000
229	11.21	2047	2092	0.00	206	0	0	0	nan	0.00	0.03	3.98	84.58	88.79	0.00	41	0	43	0.00	0.00	65.62	7.51	0.00	0.00	2000
231	10.81	2125	2108	0.00	203	0	0	0	nan	0.00	0.00	3.48	86.08	89.19	0.00	41	0	43	0.00	0.00	67.46	7.68	0.00	0.00	2000
228	10.74	2126	2093	0.00	202	0	0	0	nan	0.00	0.00	3.49	85.57	89.26	0.00	41	0	42	0.00	0.00	62.17	7.22	0.00	0.00	2000
227	10.92	2105	2073	0.00	197	0	0	0	nan	0.00	0.00	4.02	83.93	89.08	0.00	42	0	42	0.00	0.00	62.63	7.38	0.00	0.00	2000
231	11.04	2066	2124	0.00	221	0	0	0	nan	0.00	0.00	3.99	86.12	88.96	0.00	42	0	42	0.00	0.00	67.21	7.92	0.00	0.00	2000
229	10.78	2126	2099	0.00	203	0	0	0	nan	0.00	0.03	2.99	86.20	89.22	0.00	42	0	43	0.00	0.00	64.87	7.51	0.00	0.00	2000
228	11.12	2052	2102	0.00	202	0	0	0	nan	0.00	0.00	3.30	85.74	88.88	0.00	42	0	43	0.00	0.00	64.24	7.44	0.00	0.00	2000
224	10.70	2113	2080	0.00	187	0	0	0	nan	0.00	0.00	3.35	85.20	89.30	0.00	42	0	42	0.00	0.00	63.86	7.51	0.00	0.00	2000
237	10.92	2137	2131	0.00	230	0	0	0	nan	0.00	0.00	3.71	86.76	89.08	0.00	42	0	42	0.00	0.00	66.56	7.72	0.00	0.00	2000
226	11.26	2015	2089	0.00	201	0	0	0	nan	0.00	0.00	3.33	85.12	88.74	0.00	41	0	43	0.00	0.00	65.10	7.74	0.00	0.00	2000
229	11.22	2041	2104	0.00	202	0	0	0	nan	0.00	0.02	2.80	86.18	88.78	0.00	42	0	42	0.00	0.00	65.71	7.62	0.00	0.00	2000
227	11.29	2013	2100	0.00	202	0	0	0	nan	0.00	0.00	2.84	85.98	88.71	0.00	42	0	42	0.00	0.00	65.69	7.72	0.00	0.00	2000
226	11.05	2063	2086	0.05	204	0	0	3	60.30	0.00	0.00	3.50	84.96	88.95	0.00	42	0	43	0.00	0.00	64.33	7.57	0.00	0.00	2000
228	11.03	2083	2083	0.74	204	0	0	6	57.36	0.00	0.00	3.34	85.01	88.97	0.00	42	0	42	0.00	0.00	61.76	7.25	0.00	0.00	2000
232	11.21	2044	2123	0.00	211	0	0	0	nan	0.00	0.00	3.17	86.67	88.79	0.00	41	0	43	0.00	0.00	67.60	7.97	0.00	0.00	2000
229	11.23	2035	2107	0.00	204	0	0	0	nan	0.00	0.00	2.36	86.82	88.77	0.00	42	0	42	0.00	0.00	64.69	7.65	0.00	0.00	2000
234	11.54	2023	2104	0.00	205	0	0	0	nan	0.00	0.02	4.09	84.57	88.46	0.00	42	0	43	0.00	0.00	64.71	7.75	0.00	0.00	2000
229	11.01	2081	2101	0.00	201	0	0	0	nan	0.00	0.02	3.12	85.99	88.99	0.00	41	0	42	0.00	0.00	64.92	7.53	0.00	0.00	2000
228	11.10	2082	2069	0.00	203	0	0	0	nan	0.00	0.00	3.70	84.04	88.90	0.00	42	0	42	0.00	0.00	62.80	7.22	0.00	0.00	2000
227	10.97	2070	2096	0.00	210	0	0	0	nan	0.00	0.01	3.53	85.42	89.03	0.00	41	0	43	0.00	0.00	65.03	7.71	0.00	0.00	2000
230	10.77	2137	2100	0.00	206	0	0	0	nan	0.00	0.02	3.16	86.11	89.23	0.00	42	0	43	0.00	0.00	64.74	7.50	0.00	0.00	2000
232	11.13	2060	2124	0.00	202	0	0	0	nan	0.00	0.03	3.77	86.18	88.87	0.00	41	0	43	0.00	0.00	65.84	7.76	0.00	0.00	2000
227	10.88	2106	2077	0.00	204	0	0	0	nan	0.00	0.00	3.01	85.23	89.12	0.00	42	0	43	0.00	0.00	65.05	7.47	0.00	0.00	2000
230	11.17	2062	2099	0.00	203	0	0	0	nan	0.00	0.00	2.22	86.52	88.83	0.00	42	0	43	0.00	0.00	64.11	7.53	0.00	0.00	2000
229	11.11	2056	2104	0.00	213	0	0	0	nan	0.00	0.00	3.90	85.24	88.89	0.00	42	0	42	0.00	0.00	64.47	7.65	0.00	0.00	2000
230	11.08	2043	2131	0.00	217	0	0	0	nan	0.00	0.00	3.80	86.52	88.92	0.00	42	0	43	0.00	0.00	66.75	7.84	0.00	0.00	2000
228	11.12	2054	2096	0.00	204	0	0	0	nan	0.00	0.00	3.27	85.54	88.88	0.00	42	0	42	0.00	0.00	65.55	7.71	0.00	0.00	2000
231	11.33	2039	2097	0.00	220	0	0	0	nan	0.00	0.00	5.71	82.91	88.67	0.00	41	0	42	0.00	0.00	65.30	7.56	0.00	0.00	2000
234	10.82	2152	2107	0.00	203	0	0	0	nan	0.00	0.01	3.97	85.46	89.18	0.00	42	0	42	0.00	0.00	63.39	7.52	0.00	0.00	2000
226	10.83	2101	2089	0.00	211	0	0	2	66.67	0.00	0.00	4.21	84.52	89.17	0.00	41	0	43	0.00	0.00	65.13	7.48	0.00	0.00	2000
230	10.82	2118	2104	0.82	203	0	0	6	58.25	0.00	0.00	4.09	85.39	89.18	0.00	42	0	43	0.00	0.00	62.44	7.30	0.00	0.00	2000
227	10.69	2124	2095	0.00	204	0	0	0	nan	0.00	0.00	3.73	85.45	89.31	0.00	41	0	42	0.00	0.00	61.76	7.64	0.00	0.00	2000
230	10.91	2103	2101	0.00	204	0	0	0	nan	0.00	0.00	3.68	85.62	89.09	0.00	42	0	43	0.00	0.00	67.55	7.58	0.00	0.00	2000
231	10.92	2113	2097	0.00	203	0	0	0	nan	0.00	0.00	3.72	85.25	89.08	0.00	42	0	43	0.00	0.00	64.93	7.58	0.00	0.00	2000
228	10.98	2086	2089	0.00	214	0	0	0	nan	0.00	0.00	3.73	84.91	89.02	0.00	42	0	42	0.00	0.00	65.75	7.73	0.00	0.00	2000
227	10.91	2081	2101	0.00	204	0	0	0	nan	0.00	0.02	4.00	85.10	89.09	0.00	42	0	42	0.00	0.00	64.81	7.73	0.00	0.00	2000
230	10.91	2100	2110	0.00	218	0	0	0	nan	0.00	0.01	3.11	86.46	89.09	0.00	41	0	42	0.00	0.00	63.98	7.43	0.00	0.00	2000
227	10.81	2110	2095	0.00	188	0	0	0	nan	0.00	0.01	3.33	85.71	89.19	0.00	42	0	42	0.00	0.00	65.77	7.70	0.00	0.00	2000
231	11.17	2071	2099	0.00	203	0	0	0	nan	0.01	0.00	3.27	85.60	88.83	0.00	41	0	42	0.00	0.00	64.75	7.58	0.00	0.00	2000
228	10.88	2091	2105	0.00	231	0	0	0	nan	0.00	0.00	3.38	86.01	89.12	0.00	42	0	42	0.00	0.00	64.21	7.63	0.00	0.00	2000
230	10.73	2138	2109	0.00	187	0	0	0	nan	0.00	0.02	3.21	86.44	89.27	0.00	42	0	43	0.00	0.00	66.40	7.83	0.00	0.00	2000
228	10.90	2101	2094	0.00	206	0	0	0	nan	0.00	0.00	4.98	83.90	89.10	0.00	42	0	43	0.00	0.00	63.75	7.25	0.00	0.00	2000
232	11.04	2087	2113	0.00	204	0	0	0	nan	0.00	0.02	2.72	86.87	88.96	0.00	41	0	42	0.00	0.00	63.87	7.47	0.00	0.00	2000
226	10.65	2137	2088	0.00	203	0	0	0	nan	0.00	0.00	3.41	85.51	89.35	0.00	42	0	43	0.00	0.00	66.08	7.68	0.00	0.00	2000
231	11.32	2024	2114	0.00	213	0	0	0	nan	0.00	0.01	3.35	86.03	88.68	0.00	42	0	42	0.00	0.00	66.60	7.97	0.00	0.00	2000
228	10.98	2078	2095	0.00	203	0	0	0	nan	0.00	0.02	3.37	85.45	89.02	0.00	42	0	43	0.00	0.00	65.42	7.72	0.00	0.00	2000
225	10.94	2073	2079	0.00	201	0	0	1	89.79	0.00	0.00	3.02	85.30	89.06	0.00	42	0	43	0.00	0.00	60.85	7.32	0.00	0.00	2000
232	11.02	2082	2126	1.11	202	0	0	11	32.67	0.00	0.00	2.60	87.49	88.98	0.00	42	0	42	0.00	0.00	65.80	7.69	0.00	0.00	2000
228	11.06	2066	2092	0.02	202	0	0	0	nan	0.00	0.00	3.44	85.25	88.94	0.00	42	0	42	0.00	0.00	66.14	7.77	0.00	0.00	2000
228	11.07	2070	2093	0.00	211	0	0	0	nan	0.01	0.00	3.34	85.38	88.93	0.00	42	0	43	0.00	0.00	63.25	7.36	0.00	0.00	2000
232	10.89	2116	2114	0.00	201	0	0	0	nan	0.00	0.01	3.37	86.44	89.11	0.00	42	0	43	0.00	0.00	66.71	7.97	0.00	0.00	2000
226	10.83	2100	2090	0.00	204	0	0	0	nan	0.00	0.00	2.89	85.92	89.17	0.00	42	0	42	0.00	0.00	64.59	7.71	0.00	0.00	2000
226	11.10	2046	2090	0.00	205	0	0	0	nan	0.00	0.00	3.65	84.90	88.90	0.00	41	0	42	0.00	0.00	63.36	7.48	0.00	0.00	2000
226	11.24	2016	2096	0.00	202	0	0	0	nan	0.02	0.00	3.45	85.17	88.76	0.00	42	0	42	0.00	0.00	64.24	7.76	0.00	0.00	2000
233	10.92	2116	2117	0.00	212	0	0	0	nan	0.00	0.02	3.40	86.48	89.08	0.00	42	0	43	0.00	0.00	68.95	8.17	0.00	0.00	2000
228	10.72	2134	2088	0.00	203	0	0	0	nan	0.00	0.00	3.15	85.72	89.28	0.00	42	0	43	0.00	0.00	61.84	7.37	0.00	0.00	2000
231	10.78	2125	2119	0.00	204	0	0	0	nan	0.00	0.01	2.98	87.07	89.22	0.00	42	0	42	0.00	0.00	65.76	7.85	0.00	0.00	2000
224	10.93	2070	2077	0.00	202	0	0	0	nan	0.00	0.02	3.18	84.99	89.07	0.00	42	0	42	0.00	0.00	64.16	7.63	0.00	0.00	2000
234	11.00	2098	2126	0.00	203	0	0	0	nan	0.00	0.00	3.68	86.43	89.00	0.00	42	0	42	0.00	0.00	66.44	7.89	0.00	0.00	2000
230	11.07	2081	2100	0.00	202	0	0	0	nan	0.00	0.00	3.88	85.12	88.93	0.00	42	0	42	0.00	0.00	64.88	7.59	0.00	0.00	2000
225	10.59	2157	2065	0.00	214	0	0	0	nan	0.00	0.00	3.43	84.50	89.41	0.00	42	0	42	0.00	0.00	62.40	7.46	0.00	0.00	2000
229	10.87	2104	2104	0.00	202	0	0	0	nan	0.00	0.02	3.08	86.22	89.13	0.00	41	0	43	0.00	0.00	65.71	7.72	0.00	0.00	2000
234	11.37	2029	2126	0.00	208	0	0	0	nan	0.00	0.01	2.55	87.33	88.63	0.00	42	0	42	0.00	0.00	67.30	7.86	0.00	0.00	2000
228	11.06	2065	2100	0.00	202	0	0	0	nan	0.00	0.00	3.07	85.94	88.94	0.00	42	0	42	0.00	0.00	65.15	7.78	0.00	0.00	2000
240	11.29	2149	2076	1.07	203	0	0	13	26.73	0.00	0.00	3.96	83.81	88.71	0.00	42	0	43	0.00	0.00	63.01	7.35	0.00	0.00	2000
231	11.03	2093	2104	0.10	212	0	0	0	nan	0.00	0.01	1.81	87.40	88.97	0.00	42	0	42	0.00	0.00	65.98	7.84	0.00	0.00	2000
230	11.04	2071	2116	0.00	218	0	0	0	nan	0.00	0.00	3.94	85.72	88.96	0.00	42	0	43	0.00	0.00	67.22	8.08	0.00	0.00	2000
227	10.57	2151	2098	0.00	203	0	0	0	nan	0.01	0.00	3.10	86.25	89.43	0.00	42	0	43	0.00	0.00	64.96	7.76	0.00	0.00	2000
232	10.88	2128	2105	0.00	206	0	0	0	nan	0.00	0.03	4.12	85.33	89.12	0.00	42	0	42	0.00	0.00	64.80	7.59	0.00	0.00	2000
229	11.12	2062	2095	0.00	204	0	0	0	nan	0.00	0.00	3.81	84.88	88.88	0.00	42	0	42	0.00	0.00	64.49	7.71	0.00	0.00	2000
228	10.88	2100	2090	0.00	212	0	0	0	nan	0.00	0.00	4.00	84.76	89.12	0.00	42	0	42	0.00	0.00	65.38	7.68	0.00	0.00	2000
228	11.12	2044	2109	0.00	203	0	0	0	nan	0.00	0.00	3.58	85.80	88.88	0.00	42	0	42	0.00	0.00	65.18	7.80	0.00	0.00	2000
229	11.06	2059	2109	0.00	203	0	0	0	nan	0.00	0.00	3.19	86.20	88.94	0.00	42	0	42	0.00	0.00	63.78	7.58	0.00	0.00	2000
227	11.09	2051	2094	0.00	202	0	0	0	nan	0.00	0.00	3.72	85.08	88.91	0.00	42	0	42	0.00	0.00	63.15	7.44	0.00	0.00	2000
227	11.01	2085	2072	0.00	203	0	0	0	nan	0.00	0.00	3.63	84.09	88.99	0.00	42	0	42	0.00	0.00	64.84	7.60	0.00	0.00	2000
234	10.99	2093	2137	0.00	211	0	0	0	nan	0.00	0.02	1.90	88.62	89.01	0.00	42	0	43	0.00	0.00	67.66	7.92	0.00	0.00	2000
229	10.89	2102	2097	0.00	203	0	0	0	nan	0.00	0.00	3.94	85.18	89.11	0.00	42	0	42	0.00	0.00	65.71	7.79	0.00	0.00	2000
226	11.07	2055	2087	0.00	184	0	0	0	nan	0.00	0.02	3.07	85.44	88.93	0.00	41	0	42	0.00	0.00	62.81	7.31	0.00	0.00	2000
229	10.97	2089	2095	0.00	204	0	0	0	nan	0.01	0.00	4.07	84.89	89.03	0.00	42	0	42	0.00	0.00	64.94	7.64	0.00	0.00	2000
232	11.15	2062	2118	0.00	202	0	0	0	nan	0.00	0.02	3.72	85.96	88.85	0.00	41	0	42	0.00	0.00	64.76	7.66	0.00	0.00	2000
230	11.23	2054	2095	0.00	203	0	0	0	nan	0.00	0.00	3.60	84.95	88.78	0.00	42	0	43	0.00	0.00	66.01	7.82	0.00	0.00	2000
223	10.97	2059	2073	0.83	213	0	0	10	26.29	0.00	0.02	3.06	84.88	89.03	0.00	42	0	43	0.00	0.00	61.70	7.28	0.00	0.00	2000
232	11.17	2046	2129	0.30	220	0	0	0	nan	0.00	0.00	4.95	85.21	88.83	0.00	42	0	42	0.00	0.00	70.08	8.20	0.00	0.00	2000
227	10.75	2118	2096	0.00	205	0	0	0	nan	0.00	0.02	3.80	85.29	89.25	0.00	42	0	42	0.00	0.00	60.11	7.09	0.00	0.00	2000
228	10.81	2116	2095	0.00	188	0	0	0	nan	0.00	0.01	3.65	85.41	89.19	0.00	41	0	42	0.00	0.00	65.79	7.69	0.00	0.00	2000
233	11.13	2081	2117	0.00	203	0	0	0	nan	0.00	0.02	3.64	86.01	88.87	0.00	42	0	42	0.00	0.00	66.26	7.74	0.00	0.00	2000
224	10.63	2134	2069	0.00	212	0	0	0	nan	0.00	0.00	3.39	84.67	89.37	0.00	42	0	42	0.00	0.00	65.06	7.61	0.00	0.00	2000
230	10.84	2105	2114	0.00	204	0	0	0	nan	0.00	0.00	2.86	86.97	89.16	0.00	42	0	42	0.00	0.00	65.88	7.87	0.00	0.00	2000
229	11.23	2032	2107	0.00	205	0	0	0	nan	0.00	0.02	2.60	86.55	88.77	0.00	42	0	42	0.00	0.00	64.80	7.53	0.00	0.00	2000
227	10.83	2104	2087	0.00	203	0	0	0	nan	0.00	0.00	2.85	85.80	89.17	0.00	42	0	42	0.00	0.00	65.22	7.76	0.00	0.00	2000
228	11.09	2057	2102	0.00	203	0	0	0	nan	0.00	0.02	3.21	85.88	88.91	0.00	42	0	43	0.00	0.00	64.65	7.67	0.00	0.00	2000
229	10.87	2109	2100	0.00	216	0	0	0	nan	0.00	0.01	3.17	86.05	89.13	0.00	42	0	43	0.00	0.00	62.41	7.37	0.00	0.00	2000
230	10.83	2114	2111	0.00	219	0	0	0	nan	0.00	0.03	3.20	86.49	89.17	0.00	42	0	42	0.00	0.00	66.13	7.95	0.00	0.00	2000
227	10.90	2087	2091	0.00	187	0	0	0	nan	0.00	0.00	3.33	85.50	89.10	0.00	42	0	42	0.00	0.00	63.31	7.40	0.00	0.00	2000
228	11.05	2065	2101	0.00	204	0	0	0	nan	0.00	0.01	3.82	85.23	88.95	0.00	42	0	43	0.00	0.00	65.12	7.73	0.00	0.00	2000
227	10.76	2118	2090	0.00	204	0	0	0	nan	0.00	0.00	3.07	85.76	89.24	0.00	41	0	42	0.00	0.00	65.89	7.95	0.00	0.00	2000
234	11.24	2058	2120	0.00	210	0	0	0	nan	0.00	0.00	2.68	86.96	88.76	0.00	42	0	43	0.00	0.00	65.16	7.75	0.00	0.00	2000
228	11.14	2052	2098	0.00	202	0	0	0	nan	0.00	0.00	3.12	85.70	88.86	0.00	42	0	42	0.00	0.00	65.19	7.76	0.00	0.00	2000
228	11.01	2071	2101	0.56	203	0	0	8	34.11	0.00	0.00	2.62	86.51	88.99	0.00	42	0	42	0.00	0.00	64.82	7.63	0.00	0.00	2000
226	10.93	2082	2084	0.58	202	0	0	4	50.42	0.00	0.00	3.08	85.35	89.07	0.00	42	0	42	0.00	0.00	63.70	7.50	0.00	0.00	2000
229	10.84	2101	2107	0.00	203	0	0	0	nan	0.00	0.00	3.11	86.41	89.16	0.00	41	0	43	0.00	0.00	65.09	7.88	0.00	0.00	2000
232	11.12	2089	2101	0.00	203	0	0	0	nan	0.00	0.00	3.55	85.47	88.88	0.00	42	0	42	0.00	0.00	66.26	7.74	0.00	0.00	2000
231	11.03	2091	2099	0.00	213	0	0	0	nan	0.00	0.03	3.73	85.29	88.97	0.00	42	0	42	0.00	0.00	66.01	7.69	0.00	0.00	2000
227	10.63	2146	2092	0.00	204	0	0	0	nan	0.00	0.01	3.26	85.80	89.37	0.00	42	0	42	0.00	0.00	62.74	7.42	0.00	0.00	2000
230	10.70	2138	2107	0.00	204	0	0	0	nan	0.00	0.00	3.21	86.43	89.30	0.00	42	0	42	0.00	0.00	65.59	7.82	0.00	0.00	2000
229	10.98	2077	2107	0.00	218	0	0	0	nan	0.00	0.02	2.94	86.45	89.02	0.00	42	0	42	0.00	0.00	64.66	7.72	0.00	0.00	2000
234	10.91	2131	2111	0.00	187	0	0	0	nan	0.00	0.00	3.76	85.87	89.09	0.00	42	0	42	0.00	0.00	66.68	7.95	0.00	0.00	2000
225	10.79	2108	2072	0.00	209	0	0	0	nan	0.00	0.01	3.33	84.69	89.21	0.00	42	0	42	0.00	0.00	64.21	7.66	0.00	0.00	2000
230	10.92	2100	2108	0.00	204	0	0	0	nan	0.00	0.02	3.10	86.32	89.08	0.00	41	0	43	0.00	0.00	64.95	7.77	0.00	0.00	2000
230	10.94	2086	2117	0.00	202	0	0	0	nan	0.00	0.00	3.93	85.91	89.06	0.00	42	0	42	0.00	0.00	66.13	7.87	0.00	0.00	2000
226	10.83	2100	2083	0.00	202	0	0	0	nan	0.00	0.00	3.61	84.90	89.17	0.00	42	0	42	0.00	0.00	63.78	7.44	0.00	0.00	2000
232	11.18	2059	2118	0.00	203	0	0	0	nan	0.00	0.02	4.08	85.57	88.82	0.00	42	0	42	0.00	0.00	66.04	7.84	0.00	0.00	2000
229	10.85	2107	2103	0.00	214	0	0	0	nan	0.00	0.00	3.19	86.19	89.15	0.00	42	0	43	0.00	0.00	64.88	7.65	0.00	0.00	2000
227	11.01	2068	2093	0.00	201	0	0	0	nan	0.00	0.03	3.53	85.31	88.99	0.00	42	0	43	0.00	0.00	65.63	8.03	0.00	0.00	2000
228	11.15	2047	2101	0.00	203	0	0	0	nan	0.00	0.02	2.89	86.06	88.85	0.00	42	0	43	0.00	0.00	64.47	7.69	0.00	0.00	2000
230	10.74	2134	2104	0.23	203	0	0	6	37.88	0.00	0.00	3.12	86.34	89.26	0.00	42	0	43	0.00	0.00	64.97	7.81	0.00	0.00	2000
227	11.10	2058	2085	0.84	204	0	0	7	43.76	0.00	0.00	3.87	84.50	88.90	0.00	42	0	42	0.00	0.00	65.73	7.65	0.00	0.00	2000
231	10.96	2118	2091	0.00	215	0	0	0	nan	0.00	0.00	2.57	86.14	89.04	0.00	42	0	42	0.00	0.00	62.65	7.49	0.00	0.00	2000
231	10.98	2103	2106	0.00	231	0	0	0	nan	0.00	0.02	3.47	85.88	89.03	0.00	42	0	43	0.00	0.00	64.95	7.73	0.00	0.00	2000
233	10.93	2106	2123	0.00	200	0	0	0	nan	0.00	0.00	3.35	86.75	89.07	0.00	42	0	43	0.00	0.00	67.12	7.98	0.00	0.00	2000
224	10.98	2072	2063	0.00	204	0	0	0	nan	0.00	0.00	3.48	84.00	89.02	0.00	42	0	43	0.00	0.00	61.28	7.23	0.00	0.00	2000
232	10.96	2090	2131	0.00	203	0	0	0	nan	0.00	0.02	2.31	88.10	89.04	0.00	42	0	42	0.00	0.00	69.02	8.13	0.00	0.00	2000
229	11.06	2082	2085	0.00	204	0	0	0	nan	0.00	0.00	3.16	85.30	88.94	0.00	42	0	42	0.00	0.00	59.73	7.32	0.00	0.00	2000
230	11.18	2050	2107	0.00	214	0	0	0	nan	0.00	0.00	3.38	85.78	88.82	0.00	41	0	43	0.00	0.00	65.36	7.71	0.00	0.00	2000
226	10.97	2076	2087	0.00	202	0	0	0	nan	0.00	0.00	3.46	85.09	89.03	0.00	41	0	43	0.00	0.00	67.20	8.16	0.00	0.00	2000
227	10.58	2146	2095	0.00	202	0	0	0	nan	0.00	0.02	3.67	85.57	89.42	0.00	42	0	43	0.00	0.00	65.64	7.72	0.00	0.00	2000
231	10.74	2128	2119	0.00	203	0	0	0	nan	0.00	0.01	3.00	87.08	89.26	0.00	42	0	43	0.00	0.00	65.72	7.84	0.00	0.00	2000
232	11.05	2086	2114	0.00	202	0	0	0	nan	0.00	0.00	3.18	86.38	88.95	0.00	42	0	42	0.00	0.00	66.41	7.89	0.00	0.00	2000
226	10.78	2118	2082	0.00	212	0	0	0	nan	0.00	0.03	3.32	85.22	89.22	0.00	42	0	43	0.00	0.00	59.44	7.06	0.00	0.00	2000
227	11.01	2067	2092	0.00	203	0	0	0	nan	0.00	0.02	3.83	84.91	88.99	0.00	42	0	43	0.00	0.00	65.53	7.69	0.00	0.00	2000
228	11.00	2068	2102	0.00	202	0	0	0	nan	0.00	0.00	3.46	85.68	89.00	0.00	42	0	42	0.00	0.00	66.98	7.94	0.00	0.00	2000
229	11.01	2062	2117	0.00	203	0	0	0	nan	0.00	0.01	2.76	86.98	88.99	0.00	42	0	42	0.00	0.00	66.07	7.91	0.00	0.00	2000
231	11.30	2047	2098	0.00	202	0	0	3	44.99	0.00	0.00	3.31	85.37	88.70	0.00	42	0	43	0.00	0.00	65.51	7.86	0.00	0.00	2000
231	10.75	2140	2107	1.06	212	0	0	9	35.41	0.00	0.00	3.60	85.91	89.25	0.00	42	0	42	0.00	0.00	61.31	7.28	0.00	0.00	2000
225	11.12	2040	2087	0.00	203	0	0	0	nan	0.00	0.00	3.42	84.97	88.88	0.00	42	0	43	0.00	0.00	64.96	7.71	0.00	0.00	2000
228	11.12	2044	2110	0.00	203	0	0	0	nan	0.00	0.00	3.41	85.91	88.88	0.00	41	0	42	0.00	0.00	64.35	7.66	0.00	0.00	2000
225	11.12	2042	2078	0.00	203	0	0	0	nan	0.00	0.01	3.31	84.68	88.88	0.00	42	0	43	0.00	0.00	66.73	7.91	0.00	0.00	2000
235	10.84	2134	2129	0.00	203	0	0	0	nan	0.01	0.02	4.47	85.98	89.16	0.00	42	0	42	0.00	0.00	66.29	7.98	0.00	0.00	2000
230	10.64	2165	2099	0.00	209	0	0	0	nan	0.00	0.00	3.48	85.82	89.36	0.00	42	0	42	0.00	0.00	61.06	7.37	0.00	0.00	2000
225	10.76	2118	2075	0.00	203	0	0	0	nan	0.00	0.00	3.70	84.58	89.24	0.00	42	0	42	0.00	0.00	65.86	7.78	0.00	0.00	2000
232	11.34	2026	2122	0.00	203	0	0	0	nan	0.00	0.00	4.26	85.32	88.66	0.00	42	0	43	0.00	0.00	65.16	7.99	0.00	0.00	2000
227	10.82	2103	2092	0.00	204	0	0	0	nan	0.00	0.04	4.19	84.64	89.18	0.00	42	0	43	0.00	0.00	65.31	7.63	0.00	0.00	2000
227	10.63	2150	2089	0.00	202	0	0	0	nan	0.00	0.00	3.17	85.75	89.37	0.00	42	0	43	0.00	0.00	66.04	7.84	0.00	0.00	2000
227	10.77	2120	2093	0.00	215	0	0	0	nan	0.00	0.00	4.71	84.31	89.23	0.00	42	0	43	0.00	0.00	60.15	7.32	0.00	0.00	2000
248	12.09	2031	2123	0.00	203	0	0	0	nan	0.00	0.02	3.06	85.94	87.91	0.00	41	0	43	0.00	0.00	70.98	8.57	0.00	0.00	2000
229	11.10	2060	2103	0.00	203	0	0	0	nan	0.00	0.00	3.68	85.40	88.90	0.00	42	0	42	0.00	0.00	59.93	7.24	0.00	0.00	2000
224	10.80	2106	2067	0.00	201	0	0	0	nan	0.00	0.00	3.33	84.58	89.20	0.00	42	0	43	0.00	0.00	64.80	7.76	0.00	0.00	2000
232	11.14	2051	2132	0.00	204	0	0	0	nan	0.00	0.00	1.94	88.40	88.86	0.00	41	0	43	0.00	0.00	64.89	7.67	0.00	0.00	2000
231	11.11	2078	2100	0.00	211	0	0	0	nan	0.00	0.00	3.58	85.45	88.89	0.00	42	0	43	0.00	0.00	65.13	7.70	0.00	0.00	2000
230	10.71	2141	2104	0.00	204	0	0	0	88.39	0.01	0.00	3.76	85.66	89.30	0.00	42	0	43	0.00	0.00	67.02	8.08	0.00	0.00	2000
229	10.92	2099	2099	1.12	204	0	0	11	29.31	0.00	0.02	3.60	85.50	89.08	0.00	42	0	43	0.00	0.00	65.85	7.61	0.00	0.00	2000
228	11.11	2058	2096	0.03	206	0	0	0	nan	0.00	0.00	4.41	84.40	88.89	0.00	41	0	42	0.00	0.00	64.37	7.77	0.00	0.00	2000
226	10.92	2083	2086	0.00	205	0	0	0	nan	0.00	0.00	3.79	84.77	89.08	0.00	42	0	43	0.00	0.00	63.92	7.67	0.00	0.00	2000
235	11.07	2097	2121	0.00	201	0	0	0	nan	0.00	0.03	3.37	86.48	88.93	0.00	42	0	43	0.00	0.00	66.19	7.85	0.00	0.00	2000
225	10.80	2114	2067	0.00	212	0	0	0	nan	0.00	0.00	3.11	84.76	89.20	0.00	42	0	42	0.00	0.00	60.90	7.21	0.00	0.00	2000
227	10.95	2077	2102	0.00	203	0	0	0	nan	0.00	0.00	3.52	85.68	89.05	0.00	42	0	42	0.00	0.00	64.47	7.75	0.00	0.00	2000
229	11.09	2064	2099	0.00	202	0	0	0	nan	0.00	0.00	3.51	85.45	88.91	0.00	42	0	42	0.00	0.00	67.53	7.98	0.00	0.00	2000
228	11.02	2061	2112	0.00	202	0	0	0	nan	0.00	0.02	4.32	85.25	88.98	0.00	42	0	43	0.00	0.00	62.89	7.62	0.00	0.00	2000
233	10.93	2121	2107	0.00	205	0	0	0	nan	0.00	0.00	3.73	85.67	89.07	0.00	42	0	43	0.00	0.00	66.08	8.12	0.00	0.00	2000
230	10.92	2100	2102	0.00	209	0	0	0	nan	0.00	0.00	2.85	86.33	89.08	0.00	41	0	43	0.00	0.00	67.01	7.97	0.00	0.00	2000
228	11.20	2036	2103	0.00	203	0	0	0	nan	0.00	0.00	2.87	86.08	88.80	0.00	42	0	43	0.00	0.00	63.79	7.60	0.00	0.00	2000
229	11.15	2048	2106	0.00	201	0	0	0	nan	0.00	0.00	2.51	86.61	88.85	0.00	42	0	43	0.00	0.00	64.68	7.96	0.00	0.00	2000
232	11.25	2051	2107	0.00	204	0	0	0	nan	0.00	0.00	3.58	85.50	88.75	0.00	41	0	43	0.00	0.00	64.96	7.92	0.00	0.00	2000
226	10.74	2125	2075	0.00	203	0	0	0	nan	0.00	0.02	3.97	84.36	89.26	0.00	42	0	43	0.00	0.00	63.11	7.64	0.00	0.00	2000
229	11.01	2084	2099	0.00	215	0	0	0	nan	0.00	0.00	4.54	84.48	88.99	0.00	42	0	42	0.00	0.00	65.09	7.88	0.00	0.00	2000
232	11.04	2079	2127	0.00	202	0	0	0	nan	0.00	0.00	2.95	87.20	88.96	0.00	41	0	43	0.00	0.00	66.56	7.97	0.00	0.00	2000
224	10.79	2105	2073	0.00	203	0	0	0	nan	0.00	0.00	3.16	85.03	89.21	0.00	42	0	43	0.00	0.00	63.38	7.71	0.00	0.00	2000
230	11.04	2068	2114	1.10	203	0	0	10	26.56	0.00	0.02	2.75	86.95	88.96	0.00	42	0	43	0.00	0.00	65.14	7.79	0.00	0.00	2000
231	10.77	2140	2103	0.06	201	0	0	0	nan	0.00	0.02	3.28	86.13	89.23	0.00	41	0	42	0.00	0.00	65.38	7.81	0.00	0.00	2000
229	11.15	2059	2100	0.00	212	0	0	0	nan	0.00	0.03	4.04	84.86	88.85	0.00	42	0	43	0.00	0.00	66.15	7.96	0.00	0.00	2000
231	10.97	2097	2110	0.00	202	0	0	0	nan	0.00	0.02	3.44	86.07	89.03	0.00	42	0	43	0.00	0.00	66.32	7.84	0.00	0.00	2000
227	10.84	2101	2096	0.00	203	0	0	0	nan	0.00	0.02	3.91	85.14	89.16	0.00	41	0	42	0.00	0.00	66.02	7.86	0.00	0.00	2000
225	11.04	2055	2085	0.00	202	0	0	0	nan	0.00	0.00	3.05	85.37	88.96	0.00	42	0	43	0.00	0.00	60.88	7.23	0.00	0.00	2000
229	10.82	2110	2105	0.00	202	0	0	0	nan	0.00	0.00	2.81	86.68	89.18	0.00	41	0	43	0.00	0.00	65.02	7.75	0.00	0.00	2000
234	11.12	2094	2113	0.00	205	0	0	0	nan	0.00	0.02	3.33	86.17	88.88	0.00	42	0	43	0.00	0.00	66.49	7.90	0.00	0.00	2000
227	10.97	2074	2093	0.00	212	0	0	0	nan	0.00	0.02	3.17	85.60	89.03	0.00	42	0	43	0.00	0.00	64.45	7.66	0.00	0.00	2000
230	10.91	2101	2105	0.00	200	0	0	0	nan	0.00	0.03	3.22	86.13	89.09	0.00	41	0	43	0.00	0.00	65.84	7.70	0.00	0.00	2000
225	11.15	2032	2089	0.00	203	0	0	0	nan	0.00	0.00	3.82	84.62	88.85	0.00	42	0	42	0.00	0.00	65.29	7.78	0.00	0.00	2000
229	11.37	2006	2108	0.00	202	0	0	0	nan	0.00	0.00	2.99	86.06	88.63	0.00	41	0	43	0.00	0.00	64.49	7.59	0.00	0.00	2000
233	10.96	2114	2108	0.00	203	0	0	0	nan	0.00	0.00	3.09	86.37	89.04	0.00	42	0	43	0.00	0.00	66.43	7.91	0.00	0.00	2000
224	10.79	2097	2077	0.00	213	0	0	0	nan	0.00	0.00	2.84	85.55	89.21	0.00	42	0	43	0.00	0.00	61.47	7.34	0.00	0.00	2000
228	10.77	2115	2105	0.00	202	0	0	0	nan	0.00	0.00	2.76	86.71	89.23	0.00	42	0	43	0.00	0.00	65.80	7.87	0.00	0.00	2000
231	11.00	2086	2117	0.00	203	0	0	0	nan	0.00	0.02	2.88	86.85	89.00	0.00	41	0	42	0.00	0.00	65.92	7.86	0.00	0.00	2000
223	10.82	2089	2073	0.00	203	0	0	0	nan	0.00	0.00	3.72	84.39	89.18	0.00	41	0	43	0.00	0.00	63.78	7.74	0.00	0.00	2000
237	11.36	2055	2131	0.84	206	0	0	10	29.11	0.00	0.01	4.41	85.70	88.64	0.00	42	0	42	0.00	0.00	65.88	7.89	0.00	0.00	2000
229	10.86	2110	2099	0.31	213	0	0	0	nan	0.00	0.00	3.69	85.47	89.14	0.00	42	0	43	0.00	0.00	67.01	8.14	0.00	0.00	2000
228	11.08	2065	2095	0.00	204	0	0	0	nan	0.00	0.00	3.41	85.35	88.92	0.00	41	0	43	0.00	0.00	62.52	7.49	0.00	0.00	2000
228	11.17	2046	2095	0.00	207	0	0	0	nan	0.00	0.02	4.52	84.12	88.83	0.00	42	0	43	0.00	0.00	61.57	7.73	0.00	0.00	2000
227	11.06	2062	2087	0.00	203	0	0	0	nan	0.00	0.00	3.76	84.73	88.94	0.00	42	0	43	0.00	0.00	64.29	7.37	0.00	0.00	2000
231	11.05	2076	2118	0.00	203	0	0	0	nan	0.00	0.00	4.16	85.52	88.95	0.00	42	0	42	0.00	0.00	68.16	8.33	0.00	0.00	2000
232	11.17	2074	2099	0.00	212	0	0	0	nan	0.00	0.00	3.66	85.12	88.83	0.00	42	0	43	0.00	0.00	65.41	7.90	0.00	0.00	2000
225	10.60	2135	2086	0.00	203	0	0	0	nan	0.00	0.00	3.78	85.09	89.40	0.00	42	0	43	0.00	0.00	63.50	7.61	0.00	0.00	2000
229	10.87	2106	2104	0.00	199	0	0	0	nan	0.00	0.02	3.15	86.17	89.13	0.00	42	0	43	0.00	0.00	64.95	7.86	0.00	0.00	2000
228	10.88	2088	2106	0.00	202	0	0	0	nan	0.00	0.00	3.01	86.39	89.12	0.00	42	0	43	0.00	0.00	66.27	7.95	0.00	0.00	2000
229	11.04	2073	2097	0.00	202	0	0	0	nan	0.00	0.02	2.83	86.08	88.96	0.00	42	0	43	0.00	0.00	65.76	7.83	0.00	0.00	2000
229	11.21	2045	2097	0.00	203	0	0	0	nan	0.00	0.00	3.63	85.13	88.79	0.00	42	0	43	0.00	0.00	59.70	7.33	0.00	0.00	2000
230	11.04	2075	2111	0.00	210	0	0	0	nan	0.00	0.02	3.70	85.77	88.96	0.00	42	0	43	0.00	0.00	65.48	7.82	0.00	0.00	2000
230	10.96	2114	2088	0.00	217	0	0	0	nan	0.00	0.00	5.76	82.86	89.04	0.00	41	0	43	0.00	0.00	66.56	7.76	0.00	0.00	2000
230	10.90	2100	2107	0.00	203	0	0	0	nan	0.00	0.02	3.59	85.82	89.10	0.00	42	0	43	0.00	0.00	63.87	7.60	0.00	0.00	2000
228	10.74	2116	2104	0.00	187	0	0	0	nan	0.00	0.00	3.51	86.00	89.26	0.00	42	0	43	0.00	0.00	66.81	7.99	0.00	0.00	2000
229	10.91	2135	2065	0.00	205	0	0	0	nan	0.00	0.02	3.79	83.80	89.09	0.00	42	0	43	0.00	0.00	64.97	7.71	0.00	0.00	2000
235	10.86	2118	2142	0.35	215	0	0	7	37.74	0.00	0.02	1.69	89.29	89.14	0.00	42	0	43	0.00	0.00	66.74	7.86	0.00	0.00	2000
228	10.99	2078	2095	0.72	203	0	0	5	43.70	0.01	0.00	2.64	86.28	89.01	0.00	42	0	43	0.00	0.00	64.58	7.80	0.00	0.00	2000
229	10.96	2085	2104	0.00	201	0	0	0	nan	0.00	0.00	3.81	85.46	89.04	0.00	42	0	43	0.00	0.00	60.96	7.45	0.00	0.00	2000
226	10.69	2138	2076	0.00	203	0	0	0	nan	0.00	0.00	3.83	84.50	89.31	0.00	42	0	43	0.00	0.00	66.60	7.94	0.00	0.00	2000
233	11.36	2021	2127	0.00	206	0	0	0	nan	0.00	0.02	5.08	84.83	88.64	0.00	42	0	43	0.00	0.00	65.93	8.03	0.00	0.00	2000
229	11.13	2076	2085	0.00	212	0	0	0	nan	0.00	0.00	3.96	84.37	88.87	0.00	42	0	42	0.00	0.00	63.94	7.68	0.00	0.00	2000
228	10.67	2138	2098	0.00	202	0	0	0	nan	0.00	0.00	4.25	84.95	89.33	0.00	42	0	43	0.00	0.00	65.82	7.92	0.00	0.00	2000
231	11.06	2079	2112	0.00	204	0	0	0	nan	0.00	0.02	3.49	86.03	88.94	0.00	42	0	43	0.00	0.00	65.86	7.84	0.00	0.00	2000
227	10.89	2088	2091	0.00	202	0	0	0	nan	0.00	0.00	3.27	85.63	89.11	0.00	42	0	43	0.00	0.00	64.12	7.57	0.00	0.00	2000
231	11.03	2081	2112	0.00	203	0	0	0	nan	0.00	0.00	2.85	86.72	88.97	0.00	42	0	43	0.00	0.00	64.99	7.96	0.00	0.00	2000
230	11.14	2064	2104	0.00	211	0	0	0	nan	0.00	0.00	3.58	85.58	88.86	0.00	42	0	43	0.00	0.00	64.83	7.74	0.00	0.00	2000
230	10.83	2121	2101	0.00	203	0	0	0	nan	0.00	0.00	3.45	85.80	89.17	0.00	42	0	43	0.00	0.00	65.61	7.94	0.00	0.00	2000
223	10.73	2112	2070	0.00	201	0	0	0	nan	0.00	0.00	3.43	84.67	89.27	0.00	42	0	43	0.00	0.00	62.92	7.49	0.00	0.00	2000
231	10.80	2118	2120	0.00	217	0	0	0	nan	0.00	0.00	3.09	87.04	89.20	0.00	42	0	43	0.00	0.00	65.09	7.70	0.00	0.00	2000
229	10.72	2128	2110	0.00	186	0	0	0	nan	0.00	0.02	3.26	86.43	89.28	0.00	42	0	43	0.00	0.00	66.54	8.14	0.00	0.00	2000
231	11.15	2074	2101	0.00	203	0	0	0	nan	0.00	0.01	3.61	85.32	88.85	0.00	42	0	43	0.00	0.00	64.95	7.75	0.00	0.00	2000
225	10.74	2113	2083	0.00	208	0	0	0	nan	0.00	0.02	3.46	85.12	89.26	0.00	42	0	42	0.00	0.00	60.20	7.21	0.00	0.00	2000
229	11.38	2003	2108	0.10	202	0	0	4	36.63	0.00	0.00	2.39	86.60	88.62	0.00	42	0	42	0.00	0.00	67.83	8.12	0.00	0.00	2000
228	11.23	2026	2106	0.91	203	0	0	7	36.72	0.00	0.00	2.64	86.46	88.77	0.00	42	0	43	0.00	0.00	66.34	8.01	0.00	0.00	2000
226	10.83	2106	2084	0.00	204	0	0	0	nan	0.00	0.00	3.36	85.23	89.17	0.00	42	0	43	0.00	0.00	62.45	7.46	0.00	0.00	2000
232	11.17	2067	2112	0.00	202	0	0	0	nan	0.00	0.00	3.10	86.30	88.83	0.00	42	0	42	0.00	0.00	65.78	7.70	0.00	0.00	2000
226	10.90	2089	2083	0.00	210	0	0	0	nan	0.00	0.04	3.27	85.12	89.10	0.00	42	0	43	0.00	0.00	65.38	7.90	0.00	0.00	2000
230	11.25	2028	2119	0.00	203	0	0	0	nan	0.00	0.00	2.74	86.99	88.75	0.00	42	0	43	0.00	0.00	63.83	7.44	0.00	0.00	2000
227	10.94	2095	2077	0.00	203	0	0	0	nan	0.00	0.01	3.26	84.97	89.06	0.00	42	0	43	0.00	0.00	65.56	7.83	0.00	0.00	2000
231	11.05	2064	2128	0.00	205	0	0	0	nan	0.00	0.01	4.53	85.75	88.95	0.00	41	0	42	0.00	0.00	64.40	7.67	0.00	0.00	2000
227	10.85	2120	2071	0.00	205	0	0	0	nan	0.00	0.00	3.34	84.67	89.15	0.00	42	0	43	0.00	0.00	63.50	7.65	0.00	0.00	2000
228	11.01	2060	2113	0.00	215	0	0	0	nan	0.00	0.00	3.99	85.61	88.99	0.00	42	0	43	0.00	0.00	65.39	7.82	0.00	0.00	2000
231	11.11	2065	2118	0.00	203	0	0	0	nan	0.00	0.02	3.91	85.82	88.89	0.00	42	0	43	0.00	0.00	66.24	7.89	0.00	0.00	2000
242	11.82	2064	2082	0.00	199	0	0	0	nan	0.00	0.02	3.64	83.89	88.18	0.00	42	0	43	0.00	0.00	62.69	7.54	0.00	0.00	2000
234	11.11	2083	2121	0.00	203	0	0	0	nan	0.00	0.00	3.70	86.09	88.89	0.00	42	0	43	0.00	0.00	63.69	7.64	0.00	0.00	2000
224	10.84	2087	2076	0.00	202	0	0	0	nan	0.00	0.02	3.61	84.62	89.16	0.00	42	0	42	0.00	0.00	66.96	7.85	0.00	0.00	2000
234	11.04	2095	2122	0.00	212	0	0	0	nan	0.00	0.02	4.14	85.78	88.96	0.00	42	0	43	0.00	0.00	66.22	7.76	0.00	0.00	2000
223	10.92	2076	2067	0.00	201	0	0	0	nan	0.00	0.02	3.67	84.06	89.08	0.00	42	0	43	0.00	0.00	63.52	7.65	0.00	0.00	2000
231	11.21	2039	2125	0.00	222	0	0	0	nan	0.00	0.00	4.99	85.00	88.79	0.00	42	0	43	0.00	0.00	67.03	7.89	0.00	0.00	2000
222	10.76	2090	2078	0.00	203	0	0	2	37.31	0.00	0.02	2.75	85.61	89.24	0.00	42	0	43	0.00	0.00	62.73	7.43	0.00	0.00	2000
230	11.02	2094	2097	1.20	202	0	0	7	30.38	0.00	0.03	4.21	84.63	88.98	0.00	42	0	43	0.00	0.00	64.44	7.61	0.00	0.00	2000
228	11.00	2063	2109	0.00	213	0	0	0	nan	0.00	0.00	4.45	85.02	89.00	0.00	42	0	43	0.00	0.00	65.48	7.72	0.00	0.00	2000
226	10.62	2136	2094	0.00	218	0	0	0	nan	0.01	0.02	3.32	85.76	89.38	0.00	42	0	43	0.00	0.00	64.70	7.83	0.00	0.00	2000
232	11.03	2067	2136	0.00	202	0	0	0	nan	0.00	0.02	4.16	86.36	88.97	0.00	42	0	43	0.00	0.00	63.51	7.58	0.00	0.00	2000
224	10.97	2078	2063	0.00	202	0	0	0	nan	0.00	0.00	3.34	84.22	89.04	0.00	42	0	43	0.00	0.00	63.54	7.47	0.00	0.00	2000
234	11.20	2063	2127	0.00	203	0	0	0	nan	0.00	0.02	3.91	86.10	88.80	0.00	42	0	43	0.00	0.00	66.27	7.77	0.00	0.00	2000
231	11.08	2076	2109	0.00	214	0	0	0	nan	0.00	0.02	3.55	85.86	88.92	0.00	42	0	43	0.00	0.00	68.45	8.04	0.00	0.00	2000
226	10.61	2136	2090	0.00	201	0	0	0	nan	0.00	0.02	3.88	85.15	89.39	0.00	42	0	43	0.00	0.00	64.47	7.62	0.00	0.00	2000
231	10.85	2120	2113	0.00	203	0	0	0	nan	0.00	0.02	3.22	86.47	89.15	0.00	42	0	43	0.00	0.00	65.47	7.71	0.00	0.00	2000
225	10.87	2098	2070	0.00	205	0	0	0	nan	0.00	0.00	4.99	82.85	89.13	0.00	42	0	42	0.00	0.00	60.80	7.22	0.00	0.00	2000
233	11.18	2059	2129	0.00	219	0	0	0	nan	0.00	0.00	4.70	85.34	88.82	0.00	42	0	43	0.00	0.00	67.06	7.99	0.00	0.00	2000
222	10.96	2057	2070	0.00	214	0	0	0	nan	0.00	0.00	3.15	84.72	89.04	0.00	42	0	43	0.00	0.00	62.84	7.65	0.00	0.00	2000
231	10.82	2106	2129	0.00	220	0	0	0	nan	0.00	0.00	3.74	86.69	89.18	0.00	42	0	42	0.00	0.00	66.44	7.93	0.00	0.00	2000
227	10.78	2110	2096	0.00	203	0	0	0	nan	0.00	0.00	4.29	84.87	89.22	0.00	42	0	43	0.00	0.00	64.80	7.76	0.00	0.00	2000
227	11.11	2069	2073	0.00	202	0	0	0	nan	0.00	0.00	3.74	84.06	88.89	0.00	42	0	43	0.00	0.00	63.74	7.69	0.00	0.00	2000
229	10.62	2140	2112	0.00	212	0	0	0	nan	0.00	0.00	4.77	85.20	89.38	0.00	42	0	43	0.00	0.00	65.82	7.88	0.00	0.00	2000
229	10.87	2097	2107	0.16	202	0	0	4	34.91	0.00	0.01	3.32	86.17	89.13	0.00	42	0	43	0.00	0.00	65.25	7.82	0.00	0.00	2000
229	10.91	2092	2107	1.12	201	0	0	6	29.59	0.00	0.02	3.92	85.60	89.09	0.00	42	0	42	0.00	0.00	65.30	7.90	0.00	0.00	2000
227	11.00	2070	2093	0.00	203	0	0	0	nan	0.00	0.00	3.52	85.34	89.00	0.00	42	0	43	0.00	0.00	64.95	7.58	0.00	0.00	2000
229	10.87	2100	2109	0.00	203	0	0	0	nan	0.00	0.02	3.13	86.42	89.13	0.00	42	0	43	0.00	0.00	65.16	7.66	0.00	0.00	2000
228	10.95	2108	2078	0.00	212	0	0	0	nan	0.00	0.00	3.62	84.48	89.05	0.00	42	0	43	0.00	0.00	64.09	7.59	0.00	0.00	2000
230	10.95	2081	2119	0.00	219	0	0	0	nan	0.00	0.00	3.80	86.15	89.05	0.00	42	0	43	0.00	0.00	67.10	7.92	0.00	0.00	2000
225	10.74	2113	2082	0.00	204	0	0	0	nan	0.00	0.00	3.56	84.93	89.26	0.00	42	0	43	0.00	0.00	62.70	7.34	0.00	0.00	2000
225	11.20	2022	2085	0.00	203	0	0	0	nan	0.00	0.01	3.64	84.61	88.80	0.00	42	0	43	0.00	0.00	64.26	7.59	0.00	0.00	2000
230	11.15	2053	2109	0.00	217	0	0	0	nan	0.00	0.03	4.28	84.97	88.85	0.00	42	0	43	0.00	0.00	65.10	7.81	0.00	0.00	2000
230	10.71	2129	2115	0.00	212	0	0	0	nan	0.00	0.02	4.11	85.86	89.29	0.00	42	0	43	0.00	0.00	66.00	7.94	0.00	0.00	2000
228	10.68	2148	2092	0.00	204	0	0	0	nan	0.00	0.00	3.57	85.48	89.32	0.00	42	0	42	0.00	0.00	64.93	7.58	0.00	0.00	2000
226	11.02	2056	2095	0.00	201	0	0	0	nan	0.00	0.00	3.23	85.62	88.98	0.00	42	0	43	0.00	0.00	64.54	7.73	0.00	0.00	2000
230	10.89	2101	2106	0.00	210	0	0	0	nan	0.00	0.02	5.02	84.36	89.11	0.00	42	0	43	0.00	0.00	65.58	7.70	0.00	0.00	2000
232	11.22	2048	2119	0.00	228	0	0	0	nan	0.00	0.00	4.56	85.12	88.78	0.00	42	0	43	0.00	0.00	67.42	7.96	0.00	0.00	2000
224	10.91	2080	2074	0.00	200	0	0	0	nan	0.00	0.02	3.02	85.05	89.09	0.00	42	0	43	0.00	0.00	62.40	7.42	0.00	0.00	2000
230	10.79	2113	2115	0.00	219	0	0	0	nan	0.01	0.00	3.63	86.35	89.21	0.00	42	0	43	0.00	0.00	65.80	7.79	0.00	0.00	2000
227	11.05	2062	2094	0.00	203	0	0	0	nan	0.00	0.00	3.35	85.45	88.95	0.00	42	0	43	0.00	0.00	61.84	7.81	0.00	0.00	2000
228	10.91	2080	2112	0.31	204	0	0	5	25.70	0.00	0.00	2.73	87.00	89.09	0.00	42	0	43	0.00	0.00	68.84	7.77	0.00	0.00	2000
228	11.07	2085	2071	0.96	213	0	0	5	38.24	0.00	0.00	4.05	83.74	88.93	0.00	42	0	42	0.00	0.00	64.03	7.64	0.00	0.00	2000
230	10.75	2115	2126	0.00	202	0	0	0	nan	0.00	0.03	3.98	86.43	89.25	0.00	42	0	42	0.00	0.00	66.15	7.85	0.00	0.00	2000
232	11.01	2091	2114	0.00	203	0	0	0	nan	0.00	0.01	3.47	86.11	88.99	0.00	42	0	43	0.00	0.00	65.43	7.76	0.00	0.00	2000
224	10.98	2070	2075	0.00	203	0	0	0	nan	0.00	0.00	3.72	84.41	89.02	0.00	42	0	42	0.00	0.00	64.06	7.49	0.00	0.00	2000
232	11.09	2066	2123	0.00	202	0	0	0	nan	0.00	0.01	3.88	86.12	88.91	0.00	42	0	43	0.00	0.00	65.83	7.88	0.00	0.00	2000
229	11.11	2062	2103	0.00	202	0	0	0	nan	0.00	0.01	3.98	85.09	88.89	0.00	42	0	43	0.00	0.00	65.37	7.74	0.00	0.00	2000
227	11.16	2041	2097	0.00	210	0	0	0	nan	0.00	0.00	3.69	85.07	88.84	0.00	42	0	43	0.00	0.00	64.92	7.69	0.00	0.00	2000
227	11.02	2063	2100	0.00	203	0	0	0	nan	0.00	0.00	3.59	85.47	88.98	0.00	42	0	43	0.00	0.00	65.00	7.90	0.00	0.00	2000
229	10.95	2087	2104	0.00	203	0	0	0	nan	0.00	0.00	3.75	85.63	89.05	0.00	42	0	43	0.00	0.00	65.18	7.79	0.00	0.00	2000
227	11.05	2058	2098	0.00	202	0	0	0	nan	0.00	0.00	3.40	85.59	88.95	0.00	42	0	43	0.00	0.00	64.73	7.89	0.00	0.00	2000
226	11.09	2064	2069	0.00	202	0	0	0	nan	0.00	0.00	3.63	84.06	88.91	0.00	42	0	43	0.00	0.00	63.75	7.63	0.00	0.00	2000
229	10.83	2096	2118	0.00	214	0	0	0	nan	0.00	0.00	3.54	86.46	89.17	0.00	42	0	43	0.00	0.00	65.89	7.73	0.00	0.00	2000
227	10.75	2128	2083	0.00	202	0	0	0	nan	0.00	0.00	3.49	85.06	89.25	0.00	42	0	43	0.00	0.00	64.29	7.76	0.00	0.00	2000
231	10.75	2136	2117	0.00	205	0	0	0	nan	0.00	0.02	4.66	85.32	89.25	0.00	42	0	43	0.00	0.00	62.69	7.86	0.00	0.00	2000
228	10.50	2176	2093	0.00	203	0	0	0	nan	0.00	0.00	3.52	85.70	89.50	0.00	42	0	43	0.00	0.00	68.16	7.75	0.00	0.00	2000
230	10.88	2095	2122	0.00	203	0	0	0	nan	0.00	0.02	3.31	86.77	89.12	0.00	42	0	43	0.00	0.00	66.07	8.04	0.00	0.00	2000
230	10.86	2126	2089	0.00	216	0	0	3	44.22	0.00	0.01	5.58	83.26	89.14	0.00	42	0	43	0.00	0.00	64.52	7.57	0.00	0.00	2000
225	10.96	2076	2076	1.23	203	0	0	7	28.04	0.00	0.02	3.48	84.65	89.04	0.00	42	0	43	0.00	0.00	63.97	7.63	0.00	0.00	2000
230	10.93	2092	2115	0.00	204	0	0	0	nan	0.00	0.02	3.45	86.34	89.07	0.00	42	0	43	0.00	0.00	65.58	7.92	0.00	0.00	2000
225	10.92	2077	2087	0.00	202	0	0	0	nan	0.00	0.00	2.74	85.80	89.08	0.00	42	0	43	0.00	0.00	64.42	7.70	0.00	0.00	2000
233	11.20	2054	2122	0.00	219	0	0	0	nan	0.00	0.02	3.51	86.26	88.80	0.00	43	0	43	0.00	0.00	66.52	8.03	0.00	0.00	2000
225	10.91	2086	2073	0.00	208	0	0	0	nan	0.00	0.00	3.47	84.59	89.09	0.00	42	0	43	0.00	0.00	63.81	7.55	0.00	0.00	2000
231	10.75	2134	2112	0.00	205	0	0	0	nan	0.00	0.02	3.91	85.88	89.25	0.00	42	0	43	0.00	0.00	65.70	7.89	0.00	0.00	2000
228	10.85	2097	2104	0.00	203	0	0	0	nan	0.00	0.01	2.77	86.58	89.15	0.00	42	0	43	0.00	0.00	65.40	7.84	0.00	0.00	2000
229	10.58	2160	2108	0.00	202	0	0	0	nan	0.00	0.03	3.25	86.48	89.42	0.00	42	0	43	0.00	0.00	65.34	7.88	0.00	0.00	2000
227	11.00	2085	2077	0.00	204	0	0	0	nan	0.00	0.01	3.36	84.72	89.00	0.00	42	0	43	0.00	0.00	64.00	7.55	0.00	0.00	2000
229	11.00	2070	2107	0.00	207	0	0	0	nan	0.00	0.03	4.85	84.53	89.00	0.00	42	0	42	0.00	0.00	65.39	7.76	0.00	0.00	2000
228	10.76	2107	2114	0.00	202	0	0	0	nan	0.00	0.00	3.67	86.17	89.24	0.00	42	0	42	0.00	0.00	65.63	7.75	0.00	0.00	2000
230	11.23	2039	2113	0.00	202	0	0	0	nan	0.00	0.00	3.75	85.65	88.77	0.00	42	0	43	0.00	0.00	66.15	7.81	0.00	0.00	2000
224	11.10	2037	2077	0.00	203	0	0	0	nan	0.00	0.00	3.22	84.84	88.90	0.00	43	0	43	0.00	0.00	64.86	7.60	0.00	0.00	2000
228	10.87	2099	2094	0.00	203	0	0	0	nan	0.00	0.00	3.26	85.64	89.13	0.00	42	0	43	0.00	0.00	66.17	7.58	0.00	0.00	2000
232	11.18	2051	2121	0.00	213	0	0	0	nan	0.00	0.00	3.56	86.34	88.82	0.00	43	0	43	0.00	0.00	67.26	7.85	0.00	0.00	2000
228	10.79	2112	2100	0.00	203	0	0	0	nan	0.00	0.00	2.98	86.34	89.21	0.00	43	0	43	0.00	0.00	66.05	7.68	0.00	0.00	2000
228	10.77	2115	2098	0.00	205	0	0	2	40.96	0.00	0.02	3.13	86.14	89.23	0.00	42	0	42	0.00	0.00	63.82	7.45	0.00	0.00	2000
228	11.05	2066	2100	1.66	204	0	0	11	21.58	0.00	0.00	2.87	86.26	88.95	0.00	43	0	43	0.00	0.00	66.02	7.60	0.00	0.00	2000
224	10.72	2106	2079	0.00	203	0	0	0	nan	0.00	0.00	2.95	85.46	89.28	0.00	43	0	43	0.00	0.00	66.24	7.50	0.00	0.00	2000
236	11.46	2023	2135	0.00	232	0	0	0	nan	0.00	0.02	5.33	84.71	88.54	0.00	43	0	43	0.00	0.00	68.05	8.02	0.00	0.00	2000
224	10.81	2097	2070	0.00	204	0	0	0	nan	0.00	0.02	3.90	84.14	89.19	0.00	43	0	43	0.00	0.00	64.95	7.70	0.00	0.00	2000
227	10.79	2099	2104	0.00	203	0	0	0	nan	0.00	0.00	2.54	86.92	89.21	0.00	43	0	43	0.00	0.00	66.60	7.80	0.00	0.00	2000
234	10.64	2177	2116	0.00	218	0	0	0	nan	0.00	0.02	3.22	86.83	89.36	0.00	42	0	43	0.00	0.00	66.89	8.01	0.00	0.00	2000
232	11.37	2034	2110	0.00	201	0	0	0	nan	0.00	0.03	3.03	86.09	88.63	0.00	43	0	43	0.00	0.00	66.46	7.86	0.00	0.00	2000
224	10.99	2068	2066	0.00	214	0	0	0	nan	0.00	0.02	3.71	83.96	89.01	0.00	43	0	43	0.00	0.00	64.83	7.61	0.00	0.00	2000
231	11.17	2036	2132	0.00	219	0	0	0	nan	0.00	0.00	3.56	86.69	88.83	0.00	43	0	43	0.00	0.00	67.93	7.89	0.00	0.00	2000
223	10.80	2097	2071	0.00	202	0	0	0	nan	0.00	0.02	3.38	84.67	89.20	0.00	43	0	43	0.00	0.00	65.26	7.63	0.00	0.00	2000
246	11.73	2088	2110	0.00	203	0	0	0	nan	0.00	0.00	3.52	85.27	88.27	0.00	42	0	43	0.00	0.00	66.49	7.82	0.00	0.00	2000
227	11.01	2068	2096	0.00	216	0	0	0	nan	0.00	0.00	3.22	85.66	88.99	0.00	43	0	43	0.00	0.00	66.02	7.66	0.00	0.00	2000
225	11.06	2041	2089	0.00	236	0	0	0	nan	0.00	0.01	2.72	85.81	88.94	0.00	43	0	43	0.00	0.00	65.85	7.79	0.00	0.00	2000
228	11.02	2054	2113	0.00	204	0	0	0	nan	0.00	0.00	3.68	85.99	88.98	0.00	43	0	43	0.00	0.00	67.10	7.87	0.00	0.00	2000
228	10.91	2088	2099	0.00	220	0	0	0	nan	0.00	0.01	3.39	85.68	89.09	0.00	43	0	43	0.00	0.00	66.18	7.85	0.00	0.00	2000
233	10.93	2105	2124	0.00	214	0	0	0	nan	0.00	0.03	3.29	86.85	89.07	0.00	43	0	43	0.00	0.00	67.46	8.10	0.00	0.00	2000
224	10.96	2070	2070	0.59	204	0	0	8	21.63	0.00	0.00	3.34	84.52	89.04	0.00	43	0	43	0.00	0.00	64.92	7.67	0.00	0.00	2000
228	10.98	2071	2107	1.04	203	0	0	5	31.61	0.00	0.02	3.14	86.24	89.02	0.00	42	0	43	0.00	0.00	66.85	7.88	0.00	0.00	2000
232	11.10	2068	2126	0.00	202	0	0	0	nan	0.00	0.00	3.18	86.86	88.90	0.00	43	0	43	0.00	0.00	67.31	7.92	0.00	0.00	2000
225	10.87	2089	2076	0.00	201	0	0	0	nan	0.00	0.00	3.50	84.62	89.13	0.00	42	0	43	0.00	0.00	64.76	7.70	0.00	0.00	2000
232	10.94	2119	2106	0.00	214	0	0	0	nan	0.00	0.00	3.52	85.84	89.06	0.00	43	0	43	0.00	0.00	66.38	7.93	0.00	0.00	2000
228	10.94	2090	2097	0.00	201	0	0	0	nan	0.01	0.00	2.81	86.22	89.06	0.00	43	0	43	0.00	0.00	66.05	7.75	0.00	0.00	2000
230	10.92	2099	2107	0.00	207	0	0	0	nan	0.00	0.00	4.26	85.18	89.08	0.00	43	0	43	0.00	0.00	63.54	7.58	0.00	0.00	2000
225	10.96	2075	2081	0.00	204	0	0	0	nan	0.00	0.00	3.49	84.85	89.04	0.00	43	0	43	0.00	0.00	68.49	8.08	0.00	0.00	2000
232	11.03	2070	2131	0.00	218	0	0	0	nan	0.00	0.03	4.69	85.65	88.97	0.00	42	0	43	0.00	0.00	68.39	8.00	0.00	0.00	2000
226	10.62	2156	2077	0.00	211	0	0	0	nan	0.00	0.02	3.62	84.88	89.38	0.00	42	0	43	0.00	0.00	64.57	7.79	0.00	0.00	2000
229	11.01	2073	2108	0.00	203	0	0	0	nan	0.00	0.00	3.19	86.22	88.99	0.00	42	0	42	0.00	0.00	66.41	7.97	0.00	0.00	2000
227	10.74	2108	2107	0.00	203	0	0	0	nan	0.00	0.02	2.92	86.69	89.26	0.00	42	0	43	0.00	0.00	66.57	7.40	0.00	0.00	2000
227	11.07	2057	2090	0.00	205	0	0	0	nan	0.00	0.00	3.51	85.10	88.93	0.00	42	0	43	0.00	0.00	65.61	8.14	0.00	0.00	2000
229	10.91	2089	2109	0.00	202	0	0	0	nan	0.00	0.00	2.85	86.71	89.09	0.00	42	0	43	0.00	0.00	63.26	7.60	0.00	0.00	2000
227	11.01	2089	2074	0.00	212	0	0	0	nan	0.00	0.03	3.39	84.48	88.99	0.00	42	0	43	0.00	0.00	67.63	7.96	0.00	0.00	2000
229	10.79	2099	2122	0.00	203	0	0	0	nan	0.00	0.00	3.50	86.65	89.21	0.00	43	0	43	0.00	0.00	64.33	7.64	0.00	0.00	2000
229	11.09	2065	2095	0.00	204	0	0	0	nan	0.00	0.00	3.39	85.41	88.91	0.00	42	0	43	0.00	0.00	68.56	8.12	0.00	0.00	2000
227	10.68	2126	2096	0.40	204	0	0	6	22.29	0.00	0.01	3.23	85.84	89.32	0.00	43	0	43	0.00	0.00	66.37	7.66	0.00	0.00	2000
231	10.79	2120	2116	1.24	202	0	0	7	31.65	0.00	0.00	3.24	86.69	89.21	0.00	43	0	43	0.00	0.00	66.96	7.88	0.00	0.00	2000
227	10.80	2123	2078	0.00	204	0	0	0	nan	0.00	0.00	3.61	84.67	89.20	0.00	43	0	43	0.00	0.00	63.66	7.62	0.00	0.00	2000
229	10.97	2091	2100	0.00	211	0	0	0	nan	0.00	0.01	1.79	87.26	89.03	0.00	43	0	43	0.00	0.00	64.48	7.37	0.00	0.00	2000
228	10.63	2143	2101	0.00	203	0	0	0	nan	0.00	0.00	3.08	86.38	89.37	0.00	42	0	43	0.00	0.00	66.23	7.89	0.00	0.00	2000
227	10.74	2109	2102	0.00	204	0	0	0	nan	0.00	0.00	2.86	86.58	89.26	0.00	43	0	43	0.00	0.00	66.18	7.84	0.00	0.00	2000
226	10.66	2132	2092	0.00	235	0	0	0	nan	0.00	0.02	2.83	86.18	89.34	0.00	42	0	43	0.00	0.00	65.99	7.80	0.00	0.00	2000
233	10.97	2092	2136	0.00	230	0	0	0	nan	0.00	0.00	4.13	86.50	89.03	0.00	42	0	43	0.00	0.00	67.94	8.00	0.00	0.00	2000
227	11.01	2063	2097	0.00	202	0	0	0	nan	0.00	0.00	3.34	85.62	88.99	0.00	43	0	43	0.00	0.00	66.11	7.83	0.00	0.00	2000
226	11.13	2055	2078	0.00	205	0	0	0	nan	0.00	0.00	4.67	83.23	88.87	0.00	42	0	43	0.00	0.00	65.18	7.74	0.00	0.00	2000
229	11.14	2056	2102	0.00	207	0	0	0	nan	0.00	0.00	5.30	83.75	88.86	0.00	42	0	43	0.00	0.00	66.40	7.99	0.00	0.00	2000
232	10.90	2118	2111	0.00	214	0	0	0	nan	0.01	0.00	3.76	85.89	89.10	0.00	42	0	43	0.00	0.00	66.97	7.94	0.00	0.00	2000
225	10.94	2075	2076	0.00	202	0	0	0	nan	0.00	0.02	3.44	84.69	89.06	0.00	42	0	42	0.00	0.00	64.51	7.88	0.00	0.00	2000
229	11.03	2064	2112	0.00	221	0	0	0	nan	0.00	0.00	3.41	86.15	88.97	0.00	42	0	43	0.00	0.00	66.33	7.83	0.00	0.00	2000
226	10.95	2072	2088	0.00	202	0	0	0	nan	0.00	0.00	2.59	86.04	89.05	0.00	43	0	43	0.00	0.00	65.67	7.84	0.00	0.00	2000
229	10.97	2088	2099	0.00	222	0	0	0	nan	0.00	0.05	3.77	85.26	89.03	0.00	42	0	42	0.00	0.00	66.55	7.94	0.00	0.00	2000
232	10.83	2111	2126	0.00	212	0	0	0	nan	0.00	0.00	3.36	86.93	89.17	0.00	42	0	43	0.00	0.00	66.96	7.78	0.00	0.00	2000
225	10.87	2083	2083	1.17	219	0	0	10	18.47	0.00	0.00	3.03	85.51	89.13	0.00	43	0	43	0.00	0.00	65.49	7.67	0.00	0.00	2000
229	10.50	2164	2117	0.43	203	0	0	0	nan	0.00	0.00	3.25	86.99	89.50	0.00	43	0	43	0.00	0.00	67.09	7.69	0.00	0.00	2000
226	10.98	2082	2076	0.00	203	0	0	0	nan	0.00	0.01	3.03	85.04	89.02	0.00	43	0	43	0.00	0.00	64.88	7.49	0.00	0.00	2000
230	10.91	2100	2109	0.00	212	0	0	0	nan	0.00	0.00	3.94	85.57	89.09	0.00	42	0	43	0.00	0.00	66.72	7.91	0.00	0.00	2000
229	11.07	2060	2110	0.00	202	0	0	0	nan	0.00	0.02	3.08	86.38	88.93	0.00	43	0	43	0.00	0.00	66.93	7.80	0.00	0.00	2000
229	10.67	2140	2108	0.00	203	0	0	0	nan	0.00	0.02	2.94	86.79	89.33	0.00	43	0	43	0.00	0.00	66.54	7.85	0.00	0.00	2000
225	10.92	2083	2075	0.00	203	0	0	0	nan	0.00	0.00	3.15	84.96	89.08	0.00	43	0	43	0.00	0.00	64.79	7.62	0.00	0.00	2000
232	10.99	2084	2124	0.00	220	0	0	0	nan	0.00	0.00	3.57	86.45	89.01	0.00	43	0	43	0.00	0.00	67.69	7.87	0.00	0.00	2000
226	10.79	2116	2077	0.00	212	0	0	0	nan	0.00	0.00	3.14	85.15	89.21	0.00	43	0	43	0.00	0.00	65.61	7.64	0.00	0.00	2000
231	11.26	2020	2132	0.00	204	0	0	0	nan	0.00	0.00	3.54	86.64	88.74	0.00	43	0	43	0.00	0.00	67.68	8.05	0.00	0.00	2000
224	10.90	2084	2068	0.00	203	0	0	0	nan	0.00	0.00	3.28	84.54	89.10	0.00	43	0	43	0.00	0.00	64.79	7.49	0.00	0.00	2000
228	11.05	2067	2099	0.00	222	0	0	0	nan	0.00	0.02	3.83	85.13	88.95	0.00	43	0	43	0.00	0.00	65.81	7.76	0.00	0.00	2000
234	11.43	2040	2108	0.00	248	0	0	0	nan	0.00	0.00	7.08	81.87	88.57	0.00	42	0	43	0.00	0.00	66.65	7.76	0.00	0.00	2000
233	11.04	2083	2128	0.00	203	0	0	0	nan	0.00	0.02	4.44	85.72	88.96	0.00	42	0	43	0.00	0.00	67.82	8.16	0.00	0.00	2000
228	11.04	2066	2096	0.00	201	0	0	0	nan	0.00	0.00	3.46	85.50	88.96	0.00	43	0	43	0.00	0.00	65.98	7.95	0.00	0.00	2000
225	10.97	2066	2083	0.00	203	0	0	0	nan	0.00	0.01	3.21	85.23	89.03	0.00	42	0	43	0.00	0.00	65.21	7.79	0.00	0.00	2000
229	10.82	2108	2106	0.00	203	0	0	0	nan	0.00	0.00	3.19	86.37	89.18	0.00	42	0	43	0.00	0.00	66.33	7.93	0.00	0.00	2000
226	11.05	2067	2077	1.46	213	0	0	10	10.21	0.00	0.00	3.40	84.67	88.95	0.00	42	0	43	0.00	0.00	65.04	7.56	0.00	0.00	2000
232	11.01	2075	2135	0.23	221	0	0	0	nan	0.00	0.00	3.49	87.09	88.99	0.00	43	0	43	0.00	0.00	67.94	8.08	0.00	0.00	2000
223	10.84	2086	2075	0.00	203	0	0	0	nan	0.00	0.00	3.74	84.40	89.16	0.00	42	0	43	0.00	0.00	64.65	7.71	0.00	0.00	2000
229	10.83	2107	2103	0.00	203	0	0	0	nan	0.00	0.02	3.03	86.33	89.17	0.00	43	0	43	0.00	0.00	66.45	7.85	0.00	0.00	2000
230	11.03	2087	2101	0.00	205	0	0	0	nan	0.00	0.00	3.19	85.84	88.97	0.00	43	0	43	0.00	0.00	66.40	7.85	0.00	0.00	2000
229	10.66	2142	2111	0.00	213	0	0	0	nan	0.00	0.00	3.82	86.07	89.34	0.00	43	0	43	0.00	0.00	66.93	7.91	0.00	0.00	2000
228	10.67	2136	2100	0.00	203	0	0	0	nan	0.00	0.03	3.57	85.80	89.33	0.00	43	0	43	0.00	0.00	66.26	7.95	0.00	0.00	2000
225	10.96	2063	2089	0.00	204	0	0	0	nan	0.00	0.02	2.75	85.90	89.04	0.00	43	0	43	0.00	0.00	65.62	7.81	0.00	0.00	2000
227	11.17	2031	2102	0.00	219	0	0	0	nan	0.00	0.02	2.75	86.29	88.83	0.00	43	0	43	0.00	0.00	66.50	7.87	0.00	0.00	2000
232	11.51	2002	2118	0.00	202	0	0	0	nan	0.00	0.00	3.41	85.96	88.49	0.00	43	0	43	0.00	0.00	64.60	7.98	0.00	0.00	2000
225	11.32	2020	2064	0.00	215	0	0	0	nan	0.01	0.00	5.29	82.03	88.68	0.00	43	0	43	0.00	0.00	65.33	7.31	0.00	0.00	2000
231	11.00	2079	2118	0.00	205	0	0	0	nan	0.00	0.00	3.16	86.62	89.00	0.00	43	0	43	0.00	0.00	69.10	8.09	0.00	0.00	2000
225	10.86	2075	2093	0.00	201	0	0	0	nan	0.00	0.02	2.53	86.39	89.14	0.00	43	0	43	0.00	0.00	64.19	7.44	0.00	0.00	2000
233	10.99	2092	2132	0.00	221	0	0	0	nan	0.00	0.01	3.49	86.94	89.01	0.00	43	0	43	0.00	0.00	67.52	7.97	0.00	0.00	2000
228	10.84	2114	2088	0.00	213	0	0	0	nan	0.00	0.00	4.31	84.47	89.16	0.00	42	0	43	0.00	0.00	67.81	8.03	0.00	0.00	2000
224	11.03	2054	2077	0.00	205	0	0	0	nan	0.00	0.02	3.75	84.35	88.97	0.00	42	0	43	0.00	0.00	63.13	7.29	0.00	0.00	2000
229	11.03	2060	2115	0.00	220	0	0	0	98.92	0.00	0.00	3.52	86.18	88.97	0.00	42	0	43	0.00	0.00	66.40	7.87	0.00	0.00	2000
230	11.04	2075	2107	1.65	203	0	0	11	15.90	0.00	0.00	3.72	85.62	88.96	0.00	42	0	43	0.00	0.00	66.57	7.77	0.00	0.00	2000
229	11.12	2075	2085	0.04	204	0	0	0	nan	0.00	0.00	3.57	84.75	88.88	0.00	42	0	42	0.00	0.00	65.69	7.63	0.00	0.00	2000
233	10.86	2113	2133	0.00	212	0	0	0	nan	0.00	0.00	3.80	86.77	89.14	0.00	42	0	43	0.00	0.00	67.80	8.00	0.00	0.00	2000
225	10.75	2110	2086	0.00	202	0	0	0	nan	0.00	0.00	3.47	85.21	89.25	0.00	42	0	42	0.00	0.00	65.40	7.76	0.00	0.00	2000
250	11.90	2084	2112	0.00	202	0	0	0	nan	0.01	0.00	3.11	85.63	88.10	0.00	43	0	43	0.00	0.00	66.77	7.77	0.00	0.00	2000
227	10.78	2115	2089	0.00	204	0	0	0	nan	0.00	0.00	3.94	84.90	89.22	0.00	43	0	43	0.00	0.00	66.24	7.93	0.00	0.00	2000
231	11.09	2069	2111	0.00	202	0	0	0	nan	0.00	0.02	3.07	86.38	88.91	0.00	43	0	43	0.00	0.00	66.42	7.73	0.00	0.00	2000
226	11.08	2067	2072	0.00	212	0	0	0	nan	0.00	0.02	3.70	84.12	88.92	0.00	43	0	43	0.00	0.00	65.40	7.78	0.00	0.00	2000
227	10.84	2104	2095	0.00	204	0	0	0	nan	0.01	0.00	3.93	85.10	89.16	0.00	42	0	42	0.00	0.00	65.39	7.75	0.00	0.00	2000
229	10.95	2081	2111	0.00	204	0	0	0	nan	0.00	0.03	4.02	85.63	89.05	0.00	43	0	43	0.00	0.00	67.00	7.83	0.00	0.00	2000
229	10.83	2111	2105	0.00	203	0	0	0	nan	0.00	0.00	3.15	86.33	89.17	0.00	43	0	43	0.00	0.00	66.37	7.86	0.00	0.00	2000
229	11.19	2042	2106	0.00	206	0	0	0	nan	0.00	0.01	3.55	85.54	88.81	0.00	43	0	43	0.00	0.00	66.35	7.93	0.00	0.00	2000
231	10.95	2108	2101	0.00	211	0	0	0	nan	0.00	0.01	3.45	85.76	89.05	0.00	43	0	43	0.00	0.00	65.97	7.98	0.00	0.00	2000
226	10.94	2081	2081	0.00	204	0	0	0	nan	0.01	0.00	3.86	84.41	89.06	0.00	43	0	43	0.00	0.00	65.84	7.92	0.00	0.00	2000
228	10.83	2109	2097	0.00	203	0	0	0	nan	0.00	0.00	4.13	84.98	89.17	0.00	43	0	43	0.00	0.00	65.92	7.83	0.00	0.00	2000
226	10.96	2056	2110	0.00	201	0	0	0	nan	0.00	0.02	3.73	85.85	89.04	0.00	43	0	43	0.00	0.00	66.90	7.94	0.00	0.00	2000
229	10.83	2104	2111	0.00	218	0	0	0	nan	0.00	0.00	3.17	86.49	89.17	0.00	43	0	43	0.00	0.00	66.82	8.02	0.00	0.00	2000
228	11.26	2045	2076	1.65	213	0	0	10	12.09	0.00	0.00	3.28	84.56	88.74	0.00	43	0	43	0.00	0.00	65.29	7.65	0.00	0.00	2000
226	11.02	2053	2102	0.06	219	0	0	0	nan	0.00	0.02	3.34	85.80	88.98	0.00	43	0	43	0.00	0.00	66.28	7.89	0.00	0.00	2000
227	10.91	2070	2107	0.00	205	0	0	0	nan	0.00	0.00	4.60	84.86	89.09	0.00	43	0	43	0.00	0.00	66.39	8.01	0.00	0.00	2000
230	11.00	2081	2109	0.00	221	0	0	0	nan	0.00	0.02	3.49	86.03	89.00	0.00	43	0	43	0.00	0.00	66.83	7.96	0.00	0.00	2000
233	10.98	2105	2119	0.00	213	0	0	0	nan	0.00	0.00	3.28	86.64	89.02	0.00	43	0	43	0.00	0.00	67.72	8.08	0.00	0.00	2000
224	10.82	2111	2064	0.00	204	0	0	0	nan	0.00	0.00	3.42	84.18	89.18	0.00	43	0	43	0.00	0.00	64.95	7.63	0.00	0.00	2000
230	10.95	2082	2118	0.00	201	0	0	0	nan	0.00	0.03	3.49	86.35	89.05	0.00	43	0	43	0.00	0.00	66.82	7.78	0.00	0.00	2000
231	10.64	2159	2107	0.00	203	0	0	0	nan	0.00	0.00	3.30	86.37	89.36	0.00	43	0	43	0.00	0.00	66.59	7.85	0.00	0.00	2000
226	10.93	2076	2094	0.00	202	0	0	0	nan	0.00	0.00	2.98	85.86	89.07	0.00	42	0	43	0.00	0.00	65.43	7.93	0.00	0.00	2000
229	10.80	2134	2083	0.00	205	0	0	0	nan	0.00	0.00	3.25	85.29	89.20	0.00	43	0	43	0.00	0.00	65.38	7.75	0.00	0.00	2000
230	10.87	2094	2120	0.00	214	0	0	0	nan	0.00	0.00	3.95	86.12	89.13	0.00	43	0	43	0.00	0.00	67.54	7.98	0.00	0.00	2000
226	10.86	2083	2096	0.00	200	0	0	0	nan	0.00	0.02	3.35	85.63	89.14	0.00	43	0	43	0.00	0.00	66.11	7.64	0.00	0.00	2000
227	10.93	2078	2098	0.00	218	0	0	0	nan	0.00	0.02	3.16	85.83	89.07	0.00	43	0	43	0.00	0.00	63.46	7.44	0.00	0.00	2000
232	11.14	2059	2123	0.00	222	0	0	0	nan	0.00	0.00	3.11	86.85	88.86	0.00	43	0	43	0.00	0.00	67.18	8.08	0.00	0.00	2000
225	10.67	2124	2086	0.00	211	0	0	0	nan	0.00	0.00	3.50	85.28	89.33	0.00	43	0	43	0.00	0.00	68.89	7.79	0.00	0.00	2000
229	10.93	2089	2103	0.00	204	0	0	0	nan	0.00	0.02	3.22	86.03	89.07	0.00	43	0	43	0.00	0.00	66.00	7.88	0.00	0.00	2000
228	11.11	2045	2110	0.00	201	0	0	1	90.11	0.00	0.02	2.94	86.51	88.89	0.00	43	0	43	0.00	0.00	66.55	7.86	0.00	0.00	2000
227	10.94	2100	2070	1.63	203	0	0	12	27.54	0.00	0.00	3.25	84.64	89.06	0.00	43	0	43	0.00	0.00	65.10	7.57	0.00	0.00	2000
232	10.71	2152	2117	0.00	204	0	0	0	nan	0.00	0.00	4.08	85.93	89.29	0.00	43	0	43	0.00	0.00	63.94	7.63	0.00	0.00	2000
226	10.92	2093	2077	0.00	212	0	0	0	nan	0.00	0.02	3.03	85.17	89.08	0.00	43	0	43	0.00	0.00	68.16	8.10	0.00	0.00	2000
230	10.89	2093	2121	0.00	204	0	0	0	nan	0.00	0.02	3.23	86.84	89.11	0.00	43	0	43	0.00	0.00	67.07	7.91	0.00	0.00	2000
226	10.91	2081	2087	0.00	220	0	0	0	nan	0.00	0.02	3.08	85.49	89.09	0.00	43	0	43	0.00	0.00	62.81	7.41	0.00	0.00	2000
229	11.12	2047	2112	0.00	206	0	0	0	nan	0.00	0.00	4.81	84.70	88.88	0.00	43	0	43	0.00	0.00	70.12	8.27	0.00	0.00	2000
233	11.03	2092	2118	0.00	203	0	0	0	nan	0.00	0.00	4.16	85.68	88.97	0.00	43	0	43	0.00	0.00	67.15	8.07	0.00	0.00	2000
227	10.70	2128	2090	0.00	212	0	0	0	nan	0.00	0.02	3.31	85.71	89.30	0.00	43	0	43	0.00	0.00	66.32	7.67	0.00	0.00	2000
228	10.90	2103	2086	0.00	202	0	0	0	nan	0.00	0.02	3.16	85.31	89.10	0.00	43	0	43	0.00	0.00	65.33	7.71	0.00	0.00	2000
227	10.64	2135	2096	0.00	203	0	0	0	nan	0.00	0.00	3.22	86.01	89.36	0.00	43	0	43	0.00	0.00	62.98	7.53	0.00	0.00	2000
230	11.06	2067	2116	0.00	221	0	0	0	nan	0.00	0.01	3.40	86.29	88.94	0.00	43	0	43	0.00	0.00	68.83	8.15	0.00	0.00	2000
230	11.01	2076	2112	0.00	203	0	0	0	nan	0.00	0.00	3.50	85.98	88.99	0.00	43	0	43	0.00	0.00	65.83	7.75	0.00	0.00	2000
228	11.03	2069	2099	0.00	215	0	0	0	nan	0.00	0.00	3.23	85.80	88.97	0.00	43	0	43	0.00	0.00	65.37	7.63	0.00	0.00	2000
224	10.82	2093	2079	0.00	202	0	0	0	nan	0.00	0.01	3.24	85.14	89.18	0.00	43	0	43	0.00	0.00	64.92	7.65	0.00	0.00	2000
228	10.65	2141	2104	0.00	203	0	0	0	nan	0.00	0.01	3.21	86.32	89.35	0.00	43	0	43	0.00	0.00	66.60	8.00	0.00	0.00	2000
226	10.76	2114	2088	0.00	202	0	0	0	nan	0.00	0.00	2.74	86.03	89.24	0.00	43	0	43	0.00	0.00	65.75	7.65	0.00	0.00	2000
236	11.12	2092	2132	0.00	202	0	0	1	90.21	0.00	0.02	3.94	86.31	88.88	0.00	43	0	43	0.00	0.00	67.79	8.05	0.00	0.00	2000
226	11.02	2061	2089	1.68	211	0	0	12	19.51	0.00	0.02	3.66	84.93	88.98	0.00	43	0	43	0.00	0.00	65.66	7.73	0.00	0.00	2000
245	11.56	2123	2092	0.01	276	0	0	0	nan	0.00	0.31	6.23	81.71	88.44	0.00	43	0	43	0.00	0.00	66.07	7.81	0.00	0.00	2000
226	11.02	2067	2085	0.00	203	0	0	0	nan	0.00	0.02	3.60	84.82	88.98	0.00	43	0	43	0.00	0.00	65.62	7.82	0.00	0.00	2000
232	10.93	2084	2134	0.00	219	0	0	0	nan	0.00	0.01	4.02	86.57	89.07	0.00	43	0	43	0.00	0.00	67.83	8.09	0.00	0.00	2000
225	11.01	2075	2069	0.00	212	0	0	0	nan	0.00	0.00	4.22	83.48	88.99	0.00	43	0	43	0.00	0.00	64.62	7.54	0.00	0.00	2000
229	10.90	2094	2112	0.00	203	0	0	0	nan	0.00	0.00	3.46	86.25	89.10	0.00	43	0	43	0.00	0.00	66.75	7.93	0.00	0.00	2000
228	10.84	2098	2107	0.00	203	0	0	0	nan	0.00	0.02	2.70	86.81	89.16	0.00	42	0	43	0.00	0.00	66.26	7.83	0.00	0.00	2000
230	10.82	2118	2109	0.00	203	0	0	0	nan	0.00	0.02	3.19	86.42	89.18	0.00	43	0	43	0.00	0.00	65.06	7.62	0.00	0.00	2000
226	11.11	2067	2070	0.00	209	0	0	0	nan	0.00	0.02	5.70	81.90	88.89	0.00	43	0	43	0.00	0.00	66.36	7.82	0.00	0.00	2000
230	11.14	2054	2107	0.00	211	0	0	0	nan	0.00	0.03	3.97	85.32	88.86	0.00	42	0	43	0.00	0.00	66.43	7.73	0.00	0.00	2000
232	10.81	2115	2129	0.00	223	0	0	0	nan	0.00	0.00	3.32	87.05	89.19	0.00	43	0	43	0.00	0.00	67.53	8.20	0.00	0.00	2000
227	11.03	2065	2095	0.00	201	0	0	0	nan	0.00	0.00	3.28	85.58	88.97	0.00	43	0	43	0.00	0.00	65.76	7.84	0.00	0.00	2000
226	10.98	2061	2101	0.00	203	0	0	0	nan	0.00	0.01	3.74	85.39	89.02	0.00	42	0	43	0.00	0.00	66.15	7.76	0.00	0.00	2000
225	10.95	2078	2082	0.00	203	0	0	0	nan	0.00	0.00	3.30	85.02	89.05	0.00	42	0	43	0.00	0.00	65.05	7.72	0.00	0.00	2000
230	10.82	2120	2108	0.00	210	0	0	0	nan	0.00	0.02	3.30	86.25	89.18	0.00	43	0	43	0.00	0.00	66.63	8.08	0.00	0.00	2000
230	11.05	2068	2111	0.00	202	0	0	0	nan	0.00	0.00	2.96	86.62	88.95	0.00	43	0	43	0.00	0.00	66.72	7.86	0.00	0.00	2000
224	10.85	2091	2074	0.00	203	0	0	1	89.85	0.00	0.02	3.73	84.39	89.15	0.00	43	0	43	0.00	0.00	64.49	7.48	0.00	0.00	2000
226	11.03	2057	2093	1.54	221	0	0	11	22.70	0.00	0.02	3.14	85.63	88.97	0.00	43	0	43	0.00	0.00	62.66	7.63	0.00	0.00	2000
230	10.92	2086	2118	0.00	219	0	0	0	nan	0.00	0.00	3.60	86.34	89.08	0.00	43	0	43	0.00	0.00	68.91	7.72	0.00	0.00	2000
230	10.93	2099	2105	0.00	213	0	0	0	nan	0.00	0.02	2.49	86.92	89.07	0.00	43	0	43	0.00	0.00	67.78	8.01	0.00	0.00	2000
226	10.78	2121	2076	0.00	204	0	0	0	nan	0.00	0.03	3.55	84.73	89.22	0.00	42	0	42	0.00	0.00	64.72	7.82	0.00	0.00	2000
232	10.91	2102	2126	0.00	202	0	0	0	nan	0.00	0.02	3.55	86.76	89.09	0.00	43	0	43	0.00	0.00	67.35	8.07	0.00	0.00	2000
226	10.79	2114	2080	0.00	203	0	0	0	nan	0.00	0.02	3.08	85.38	89.21	0.00	42	0	42	0.00	0.00	65.06	7.94	0.00	0.00	2000
234	11.05	2092	2129	0.00	202	0	0	0	nan	0.00	0.02	3.97	86.40	88.95	0.00	43	0	43	0.00	0.00	64.78	7.69	0.00	0.00	2000
223	11.10	2039	2066	0.00	211	0	0	0	nan	0.00	0.00	3.75	83.87	88.90	0.00	43	0	43	0.00	0.00	66.92	7.90	0.00	0.00	2000
232	11.00	2090	2124	0.00	204	0	0	0	nan	0.00	0.02	3.51	86.57	89.00	0.00	43	0	43	0.00	0.00	67.71	8.05	0.00	0.00	2000
225	11.02	2062	2077	0.00	202	0	0	0	nan	0.00	0.02	3.00	85.12	88.98	0.00	43	0	43	0.00	0.00	62.92	7.37	0.00	0.00	2000
228	10.98	2064	2110	0.00	219	0	0	0	nan	0.00	0.00	3.56	85.82	89.02	0.00	43	0	43	0.00	0.00	66.76	7.96	0.00	0.00	2000
234	11.20	2063	2125	0.00	214	0	0	0	nan	0.00	0.00	4.60	85.26	88.80	0.00	43	0	43	0.00	0.00	66.91	7.91	0.00	0.00	2000
229	10.98	2083	2099	0.00	203	0	0	0	nan	0.00	0.00	3.43	85.68	89.02	0.00	43	0	43	0.00	0.00	66.42	7.90	0.00	0.00	2000
227	10.94	2076	2099	0.00	202	0	0	0	nan	0.00	0.01	3.19	85.91	89.06	0.00	43	0	43	0.00	0.00	66.04	7.98	0.00	0.00	2000
227	10.57	2156	2090	0.00	205	0	0	0	nan	0.00	0.00	3.37	85.66	89.43	0.00	43	0	43	0.00	0.00	65.35	7.86	0.00	0.00	2000
229	10.92	2084	2114	0.00	203	0	0	0	nan	0.00	0.02	3.00	86.64	89.08	0.00	43	0	43	0.00	0.00	66.71	7.94	0.00	0.00	2000
226	10.73	2140	2067	0.00	206	0	0	2	49.43	0.00	0.00	3.70	84.17	89.27	0.00	43	0	43	0.00	0.00	65.08	7.73	0.00	0.00	2000
230	11.09	2056	2116	1.67	210	0	0	11	21.78	0.00	0.01	2.58	87.10	88.91	0.00	43	0	43	0.00	0.00	66.78	7.92	0.00	0.00	2000
232	11.21	2051	2116	0.00	204	0	0	0	nan	0.00	0.00	2.93	86.62	88.79	0.00	43	0	43	0.00	0.00	67.26	8.00	0.00	0.00	2000
224	10.90	2086	2075	0.00	203	0	0	0	nan	0.00	0.00	3.64	84.36	89.10	0.00	43	0	43	0.00	0.00	65.05	7.60	0.00	0.00	2000
230	11.05	2079	2102	0.00	203	0	0	0	nan	0.00	0.00	3.14	85.86	88.95	0.00	43	0	43	0.00	0.00	66.56	7.73	0.00	0.00	2000
257	12.23	2076	2122	0.00	203	0	0	0	nan	0.00	0.00	3.59	85.07	87.77	0.00	43	0	43	0.00	0.00	67.94	8.11	0.00	0.00	2000
224	11.00	2069	2070	0.00	210	0	0	0	nan	0.00	0.00	3.57	84.26	89.00	0.00	43	0	43	0.00	0.00	62.72	7.67	0.00	0.00	2000
230	10.96	2076	2119	0.00	200	0	0	0	nan	0.00	0.00	3.10	86.90	89.04	0.00	43	0	43	0.00	0.00	69.75	8.03	0.00	0.00	2000
231	11.01	2084	2112	0.00	205	0	0	0	nan	0.00	0.00	3.14	86.46	88.99	0.00	43	0	43	0.00	0.00	66.74	7.81	0.00	0.00	2000
224	11.10	2050	2065	0.00	206	0	0	0	nan	0.00	0.02	4.40	83.11	88.90	0.00	43	0	43	0.00	0.00	64.61	7.49	0.00	0.00	2000
233	10.85	2113	2136	0.00	205	0	0	0	nan	0.00	0.00	3.64	87.08	89.15	0.00	43	0	43	0.00	0.00	68.24	8.12	0.00	0.00	2000
222	10.80	2091	2067	0.00	228	0	0	0	nan	0.00	0.00	4.20	83.73	89.20	0.00	43	0	43	0.00	0.00	64.31	7.75	0.00	0.00	2000
232	10.97	2093	2125	0.00	204	0	0	0	nan	0.00	0.01	3.95	86.22	89.03	0.00	42	0	43	0.00	0.00	66.39	7.83	0.00	0.00	2000
225	10.91	2081	2085	0.00	203	0	0	0	nan	0.00	0.02	3.05	85.49	89.09	0.00	43	0	43	0.00	0.00	66.81	7.79	0.00	0.00	2000
229	10.94	2084	2106	0.00	203	0	0	0	nan	0.00	0.00	3.35	86.07	89.06	0.00	43	0	43	0.00	0.00	66.50	7.78	0.00	0.00	2000
230	11.08	2073	2107	0.00	202	0	0	0	nan	0.00	0.00	3.55	85.73	88.92	0.00	43	0	43	0.00	0.00	66.71	7.83	0.00	0.00	2000
232	11.14	2073	2110	0.00	218	0	0	0	nan	0.00	0.00	3.95	85.37	88.86	0.00	43	0	43	0.00	0.00	67.21	7.80	0.00	0.00	2000
223	10.80	2092	2067	0.00	202	0	0	1	89.97	0.00	0.00	3.42	84.49	89.20	0.00	43	0	43	0.00	0.00	65.06	7.65	0.00	0.00	2000
233	11.03	2080	2132	1.67	203	0	0	12	25.12	0.00	0.02	3.62	86.78	88.97	0.00	43	0	43	0.00	0.00	67.83	7.99	0.00	0.00	2000
227	10.52	2170	2091	0.01	202	0	0	0	nan	0.00	0.00	3.55	85.52	89.48	0.00	43	0	43	0.00	0.00	66.07	7.80	0.00	0.00	2000
230	10.88	2124	2089	0.00	204	0	0	0	nan	0.00	0.00	3.47	85.21	89.12	0.00	43	0	43	0.00	0.00	66.10	7.68	0.00	0.00	2000
230	10.76	2125	2108	0.00	213	0	0	0	nan	0.00	0.02	3.27	86.38	89.24	0.00	43	0	43	0.00	0.00	66.65	7.81	0.00	0.00	2000
228	10.67	2140	2100	0.00	203	0	0	0	nan	0.00	0.00	2.97	86.39	89.33	0.00	43	0	43	0.00	0.00	66.29	7.70	0.00	0.00	2000
224	10.73	2099	2088	0.00	203	0	0	0	nan	0.00	0.00	3.12	85.72	89.27	0.00	43	0	43	0.00	0.00	65.70	7.70	0.00	0.00	2000
229	10.62	2149	2111	0.00	219	0	0	0	nan	0.00	0.00	3.79	86.06	89.38	0.00	43	0	43	0.00	0.00	66.77	7.78	0.00	0.00	2000
230	10.96	2102	2094	0.00	203	0	0	0	nan	0.00	0.00	2.98	85.89	89.04	0.00	43	0	43	0.00	0.00	65.95	7.65	0.00	0.00	2000
226	11.06	2054	2086	0.00	229	0	0	0	nan	0.00	0.01	4.03	84.42	88.94	0.00	43	0	43	0.00	0.00	65.64	7.87	0.00	0.00	2000
226	11.01	2043	2110	0.00	218	0	0	0	nan	0.00	0.00	3.19	86.31	88.99	0.00	43	0	43	0.00	0.00	66.69	7.86	0.00	0.00	2000
226	10.84	2087	2101	0.00	205	0	0	0	nan	0.00	0.00	3.09	86.16	89.16	0.00	43	0	43	0.00	0.00	66.28	7.73	0.00	0.00	2000
226	11.09	2043	2092	0.00	243	0	0	0	nan	0.00	0.00	2.76	85.93	88.91	0.00	43	0	43	0.00	0.00	65.40	7.72	0.00	0.00	2000
226	10.99	2054	2105	0.00	203	0	0	0	nan	0.00	0.00	3.22	86.10	89.01	0.00	43	0	43	0.00	0.00	66.47	7.70	0.00	0.00	2000
230	10.76	2116	2124	0.00	236	0	0	0	nan	0.00	0.00	3.13	87.21	89.24	0.00	43	0	43	0.00	0.00	65.72	7.72	0.00	0.00	2000
227	11.10	2064	2080	0.00	205	0	0	0	nan	0.00	0.01	3.19	84.95	88.90	0.00	43	0	43	0.00	0.00	66.47	7.79	0.00	0.00	2000
225	10.82	2086	2093	0.00	229	0	0	0	nan	0.00	0.02	2.45	86.50	89.18	0.00	43	0	43	0.00	0.00	65.78	7.75	0.00	0.00	2000
233	10.79	2122	2133	0.87	202	0	0	9	20.13	0.00	0.02	3.15	87.46	89.21	0.00	43	0	43	0.00	0.00	67.84	7.90	0.00	0.00	2000
224	10.72	2117	2068	0.84	205	0	0	4	39.88	0.00	0.01	3.55	84.44	89.28	0.00	42	0	43	0.00	0.00	64.61	7.71	0.00	0.00	2000
231	10.79	2121	2120	0.00	205	0	0	0	nan	0.00	0.00	4.22	85.94	89.21	0.00	42	0	43	0.00	0.00	67.19	7.95	0.00	0.00	2000
232	11.06	2087	2113	0.00	204	0	0	0	nan	0.00	0.01	3.42	86.13	88.94	0.00	42	0	43	0.00	0.00	66.72	7.83	0.00	0.00	2000
223	10.79	2096	2067	0.00	211	0	0	0	nan	0.00	0.00	3.01	84.86	89.21	0.00	43	0	43	0.00	0.00	64.90	7.54	0.00	0.00	2000
229	10.91	2088	2114	0.00	219	0	0	0	nan	0.00	0.02	3.42	86.24	89.09	0.00	43	0	43	0.00	0.00	63.46	7.93	0.00	0.00	2000
229	10.92	2089	2107	0.00	204	0	0	0	nan	0.01	0.00	3.67	85.76	89.08	0.00	43	0	43	0.00	0.00	69.81	7.83	0.00	0.00	2000
228	10.65	2140	2102	0.00	202	0	0	0	nan	0.00	0.02	3.07	86.38	89.35	0.00	43	0	43	0.00	0.00	66.60	7.75	0.00	0.00	2000
234	11.16	2084	2114	0.00	213	0	0	0	nan	0.00	0.01	3.54	85.99	88.84	0.00	43	0	43	0.00	0.00	66.77	8.07	0.00	0.00	2000
223	10.88	2085	2068	0.00	202	0	0	0	nan	0.00	0.02	3.31	84.56	89.12	0.00	43	0	43	0.00	0.00	65.02	7.61	0.00	0.00	2000
233	11.01	2080	2132	0.00	201	0	0	0	nan	0.00	0.03	3.92	86.55	88.99	0.00	43	0	43	0.00	0.00	67.31	7.85	0.00	0.00	2000
228	11.04	2063	2101	0.00	201	0	0	0	nan	0.00	0.00	3.73	85.41	88.96	0.00	43	0	43	0.00	0.00	66.61	7.62	0.00	0.00	2000
227	10.93	2083	2092	0.00	203	0	0	0	nan	0.00	0.00	3.22	85.62	89.07	0.00	43	0	43	0.00	0.00	62.71	7.39	0.00	0.00	2000
227	10.78	2118	2084	0.00	203	0	0	0	nan	0.00	0.02	3.60	85.03	89.22	0.00	43	0	43	0.00	0.00	66.20	7.74	0.00	0.00	2000
231	10.71	2145	2116	0.00	213	0	0	0	nan	0.00	0.02	2.25	87.71	89.29	0.00	43	0	43	0.00	0.00	69.50	8.16	0.00	0.00	2000
225	11.03	2062	2077	0.00	203	0	0	0	nan	0.00	0.02	3.42	84.63	88.97	0.00	43	0	43	0.00	0.00	62.15	7.33	0.00	0.00	2000
227	10.88	2080	2107	0.00	203	0	0	0	nan	0.00	0.02	3.29	86.21	89.12	0.00	43	0	43	0.00	0.00	68.86	8.24	0.00	0.00	2000
228	10.87	2087	2114	0.87	218	0	0	9	16.34	0.00	0.00	3.18	86.56	89.13	0.00	43	0	43	0.00	0.00	67.20	7.90	0.00	0.00	2000
230	11.02	2093	2091	0.83	211	0	0	4	43.72	0.00	0.02	3.42	85.26	88.98	0.00	43	0	43	0.00	0.00	65.52	7.71	0.00	0.00	2000
231	10.88	2098	2121	0.00	203	0	0	0	nan	0.00	0.00	3.51	86.49	89.12	0.00	43	0	43	0.00	0.00	66.98	8.03	0.00	0.00	2000
228	10.97	2083	2099	0.00	202	0	0	0	nan	0.00	0.00	3.42	85.66	89.03	0.00	43	0	43	0.00	0.00	66.47	7.73	0.00	0.00	2000
225	11.13	2034	2091	0.00	200	0	0	0	nan	0.00	0.01	3.13	85.51	88.87	0.00	43	0	43	0.00	0.00	62.25	7.42	0.00	0.00	2000
228	10.90	2098	2089	0.00	207	0	0	0	nan	0.00	0.02	4.37	84.37	89.10	0.00	43	0	43	0.00	0.00	65.50	7.70	0.00	0.00	2000
232	11.05	2087	2111	0.00	215	0	0	0	nan	0.00	0.02	3.65	85.89	88.95	0.00	43	0	43	0.00	0.00	66.45	7.88	0.00	0.00	2000
228	10.64	2158	2089	0.00	205	0	0	0	nan	0.00	0.02	3.47	85.31	89.36	0.00	43	0	43	0.00	0.00	65.73	7.71	0.00	0.00	2000
225	10.64	2120	2096	0.00	219	0	0	0	nan	0.00	0.03	3.29	85.94	89.36	0.00	43	0	43	0.00	0.00	62.91	7.77	0.00	0.00	2000
228	10.78	2108	2109	0.00	203	0	0	0	nan	0.00	0.00	2.97	86.72	89.22	0.00	42	0	43	0.00	0.00	69.53	7.94	0.00	0.00	2000
232	10.59	2175	2117	0.00	220	0	0	0	nan	0.00	0.00	3.58	86.59	89.41	0.00	43	0	43	0.00	0.00	66.85	7.92	0.00	0.00	2000
230	11.33	2033	2098	0.00	227	0	0	0	nan	0.00	0.00	6.43	82.24	88.67	0.00	43	0	43	0.00	0.00	66.32	7.98	0.00	0.00	2000
226	11.01	2053	2100	0.00	202	0	0	0	nan	0.00	0.01	3.75	85.38	88.99	0.00	43	0	43	0.00	0.00	64.30	7.52	0.00	0.00	2000
225	10.93	2075	2080	0.00	205	0	0	0	nan	0.00	0.00	3.17	85.17	89.07	0.00	43	0	43	0.00	0.00	66.92	8.02	0.00	0.00	2000
225	10.90	2069	2098	0.00	204	0	0	0	nan	0.00	0.02	2.68	86.42	89.10	0.00	43	0	43	0.00	0.00	63.73	7.58	0.00	0.00	2000
230	11.17	2051	2103	0.00	245	0	0	0	nan	0.00	0.00	3.15	85.96	88.83	0.00	43	0	43	0.00	0.00	66.29	7.94	0.00	0.00	2000
225	10.87	2086	2084	0.00	202	0	0	0	nan	0.00	0.00	2.91	85.70	89.13	0.00	42	0	43	0.00	0.00	67.66	8.11	0.00	0.00	2000
228	10.88	2081	2113	1.36	203	0	0	10	14.37	0.00	0.00	3.27	86.58	89.12	0.00	43	0	43	0.00	0.00	66.51	7.91	0.00	0.00	2000
232	11.16	2052	2125	0.25	221	0	0	0	nan	0.00	0.00	2.76	87.12	88.84	0.00	43	0	43	0.00	0.00	65.27	7.68	0.00	0.00	2000
229	11.09	2075	2091	0.00	204	0	0	0	nan	0.00	0.00	3.81	84.84	88.91	0.00	43	0	43	0.00	0.00	66.59	7.92	0.00	0.00	2000
224	10.87	2086	2079	0.00	209	0	0	0	nan	0.00	0.00	3.21	85.06	89.13	0.00	43	0	43	0.00	0.00	64.83	7.62	0.00	0.00	2000
229	10.62	2162	2095	0.00	202	0	0	0	nan	0.00	0.01	3.21	85.98	89.38	0.00	43	0	43	0.00	0.00	65.83	7.84	0.00	0.00	2000
231	11.00	2070	2126	0.00	204	0	0	0	nan	0.00	0.03	3.70	86.53	89.00	0.00	43	0	43	0.00	0.00	67.48	7.94	0.00	0.00	2000
225	10.97	2072	2075	0.00	203	0	0	0	nan	0.00	0.00	3.14	84.94	89.03	0.00	43	0	43	0.00	0.00	64.97	7.76	0.00	0.00	2000
234	11.02	2086	2136	0.00	202	0	0	0	nan	0.00	0.02	4.01	86.50	88.98	0.00	43	0	43	0.00	0.00	67.92	8.08	0.00	0.00	2000
227	10.94	2098	2077	0.00	216	0	0	0	nan	0.00	0.00	5.23	82.91	89.06	0.00	43	0	43	0.00	0.00	65.53	7.75	0.00	0.00	2000
231	11.07	2064	2121	0.00	203	0	0	0	nan	0.00	0.01	2.76	87.22	88.93	0.00	43	0	43	0.00	0.00	67.52	8.08	0.00	0.00	2000
225	10.82	2099	2078	0.00	204	0	0	0	nan	0.00	0.00	3.26	85.02	89.18	0.00	43	0	43	0.00	0.00	65.26	7.61	0.00	0.00	2000
230	11.05	2062	2123	0.00	203	0	0	0	nan	0.00	0.00	3.22	86.80	88.95	0.00	43	0	43	0.00	0.00	67.29	7.98	0.00	0.00	2000
230	10.91	2113	2093	0.00	203	0	0	0	nan	0.00	0.00	3.66	85.22	89.09	0.00	43	0	43	0.00	0.00	67.39	7.88	0.00	0.00	2000
223	10.88	2076	2073	0.00	212	0	0	0	nan	0.00	0.01	2.89	85.14	89.12	0.00	43	0	43	0.00	0.00	63.77	7.63	0.00	0.00	2000
228	10.92	2078	2108	0.00	219	0	0	0	nan	0.00	0.02	3.19	86.28	89.08	0.00	43	0	43	0.00	0.00	66.64	7.94	0.00	0.00	2000
244	11.58	2097	2113	0.00	203	0	0	0	nan	0.00	0.02	4.11	84.95	88.42	0.00	43	0	43	0.00	0.00	66.85	7.96	0.00	0.00	2000
230	10.88	2105	2107	0.00	203	0	0	0	nan	0.00	0.00	3.50	85.98	89.12	0.00	43	0	43	0.00	0.00	66.88	7.75	0.00	0.00	2000
228	10.74	2145	2074	1.25	204	0	0	11	16.93	0.00	0.00	3.29	84.94	89.26	0.00	43	0	43	0.00	0.00	64.62	7.60	0.00	0.00	2000
232	11.06	2061	2133	0.41	228	0	0	0	nan	0.00	0.00	3.65	86.75	88.94	0.00	43	0	43	0.00	0.00	67.93	8.05	0.00	0.00	2000
222	10.88	2074	2071	0.00	202	0	0	0	nan	0.00	0.02	3.25	84.72	89.12	0.00	42	0	42	0.00	0.00	64.64	7.63	0.00	0.00	2000
230	10.72	2129	2114	0.00	205	0	0	0	nan	0.00	0.00	3.69	86.16	89.28	0.00	43	0	43	0.00	0.00	67.15	8.02	0.00	0.00	2000
232	10.80	2139	2107	0.00	203	0	0	0	nan	0.00	0.00	3.07	86.47	89.20	0.00	43	0	43	0.00	0.00	66.56	7.93	0.00	0.00	2000
227	11.13	2052	2084	0.00	213	0	0	0	nan	0.00	0.00	3.03	85.25	88.87	0.00	43	0	43	0.00	0.00	65.57	7.71	0.00	0.00	2000
230	10.43	2192	2115	0.00	221	0	0	0	nan	0.00	0.01	3.26	86.91	89.57	0.00	43	0	43	0.00	0.00	67.30	7.86	0.00	0.00	2000
229	10.68	2138	2104	0.00	205	0	0	0	nan	0.00	0.04	3.18	86.31	89.32	0.00	43	0	43	0.00	0.00	66.51	8.00	0.00	0.00	2000
226	10.99	2074	2083	0.00	204	0	0	0	nan	0.00	0.00	3.40	84.93	89.01	0.00	43	0	43	0.00	0.00	65.58	7.70	0.00	0.00	2000
230	11.06	2089	2090	0.00	203	0	0	0	nan	0.00	0.00	3.57	85.04	88.94	0.00	43	0	43	0.00	0.00	65.60	7.76	0.00	0.00	2000
230	10.91	2082	2124	0.00	211	0	0	0	nan	0.00	0.01	3.64	86.57	89.09	0.00	43	0	43	0.00	0.00	67.43	8.14	0.00	0.00	2000
228	10.80	2122	2090	0.00	206	0	0	0	nan	0.00	0.02	3.26	85.53	89.20	0.00	43	0	43	0.00	0.00	65.81	7.70	0.00	0.00	2000
227	10.55	2154	2094	0.00	204	0	0	0	nan	0.00	0.02	3.01	86.23	89.46	0.00	43	0	43	0.00	0.00	65.90	7.80	0.00	0.00	2000
226	10.86	2086	2095	0.00	218	0	0	0	nan	0.00	0.00	3.45	85.52	89.14	0.00	43	0	43	0.00	0.00	66.00	7.77	0.00	0.00	2000
234	11.31	2036	2133	0.00	202	0	0	0	nan	0.00	0.00	3.86	86.29	88.69	0.00	43	0	43	0.00	0.00	67.68	8.17	0.00	0.00	2000
224	10.76	2112	2072	0.00	212	0	0	0	nan	0.00	0.00	3.37	84.72	89.24	0.00	43	0	43	0.00	0.00	64.91	7.69	0.00	0.00	2000
228	10.91	2088	2105	0.00	203	0	0	0	nan	0.00	0.01	3.63	85.71	89.09	0.00	43	0	43	0.00	0.00	66.16	7.82	0.00	0.00	2000
231	10.79	2131	2110	1.45	204	0	0	11	12.46	0.00	0.00	4.17	85.50	89.21	0.00	43	0	43	0.00	0.00	66.74	7.92	0.00	0.00	2000
228	10.87	2100	2101	0.24	202	0	0	0	nan	0.01	0.00	2.95	86.29	89.13	0.00	43	0	43	0.00	0.00	66.27	7.76	0.00	0.00	2000
230	10.95	2100	2097	0.00	202	0	0	0	nan	0.00	0.00	3.28	85.76	89.05	0.00	42	0	43	0.00	0.00	65.82	7.82	0.00	0.00	2000
227	10.63	2138	2095	0.00	212	0	0	0	nan	0.00	0.02	2.91	86.34	89.37	0.00	43	0	43	0.00	0.00	65.97	7.86	0.00	0.00	2000
228	10.68	2140	2092	0.00	205	0	0	0	nan	0.00	0.00	3.77	85.23	89.32	0.00	43	0	43	0.00	0.00	66.03	7.84	0.00	0.00	2000
227	10.96	2059	2109	0.00	203	0	0	0	nan	0.00	0.01	3.88	85.62	89.04	0.00	43	0	43	0.00	0.00	63.68	7.59	0.00	0.00	2000
226	11.35	2002	2090	0.00	221	0	0	0	nan	0.00	0.00	2.61	85.70	88.65	0.00	43	0	43	0.00	0.00	68.20	8.04	0.00	0.00	2000
234	11.10	2071	2134	0.00	203	0	0	0	nan	0.00	0.01	3.95	86.53	88.90	0.00	43	0	43	0.00	0.00	67.95	8.09	0.00	0.00	2000
224	10.68	2128	2071	0.00	213	0	0	0	nan	0.00	0.00	4.02	84.14	89.32	0.00	43	0	43	0.00	0.00	64.39	7.61	0.00	0.00	2000
230	10.72	2128	2114	0.00	204	0	0	0	nan	0.00	0.00	3.73	86.18	89.28	0.00	43	0	43	0.00	0.00	67.37	7.83	0.00	0.00	2000
230	10.96	2089	2113	0.00	204	0	0	0	nan	0.00	0.00	3.13	86.49	89.04	0.00	43	0	43	0.00	0.00	67.31	8.06	0.00	0.00	2000
227	10.94	2072	2101	0.00	203	0	0	0	nan	0.00	0.00	3.20	85.89	89.06	0.00	42	0	42	0.00	0.00	65.08	7.90	0.00	0.00	2000
229	10.77	2134	2089	0.00	203	0	0	0	nan	0.00	0.00	3.78	85.00	89.23	0.00	42	0	42	0.00	0.00	65.86	7.80	0.00	0.00	2000
226	10.79	2112	2082	0.00	214	0	0	0	nan	0.00	0.02	3.58	84.93	89.21	0.00	43	0	43	0.00	0.00	65.43	7.63	0.00	0.00	2000
233	10.74	2144	2129	0.00	206	0	0	0	nan	0.00	0.01	5.36	85.24	89.26	0.00	43	0	43	0.00	0.00	67.86	8.00	0.00	0.00	2000
227	10.85	2087	2100	0.00	202	0	0	0	nan	0.00	0.00	3.81	85.42	89.15	0.00	43	0	43	0.00	0.00	66.09	7.83	0.00	0.00	2000
228	10.79	2113	2100	0.00	204	0	0	0	nan	0.00	0.00	3.39	85.88	89.21	0.00	43	0	43	0.00	0.00	66.12	7.96	0.00	0.00	2000
227	10.42	2197	2086	1.26	203	0	0	11	12.89	0.00	0.03	3.96	85.04	89.58	0.00	43	0	43	0.00	0.00	65.27	7.63	0.00	0.00	2000
227	10.97	2082	2091	0.45	214	0	0	0	nan	0.00	0.00	3.13	85.63	89.03	0.00	43	0	43	0.00	0.00	65.77	7.76	0.00	0.00	2000
230	11.00	2081	2112	0.00	216	0	0	0	nan	0.00	0.01	5.63	83.98	89.00	0.00	43	0	43	0.00	0.00	66.56	7.91	0.00	0.00	2000
230	11.10	2059	2111	0.00	204	0	0	0	nan	0.00	0.00	3.07	86.40	88.90	0.00	43	0	43	0.00	0.00	66.68	7.81	0.00	0.00	2000
227	10.93	2076	2096	0.00	203	0	0	0	nan	0.00	0.02	3.89	85.03	89.07	0.00	43	0	43	0.00	0.00	66.18	7.94	0.00	0.00	2000
224	11.06	2057	2068	0.00	204	0	0	0	nan	0.00	0.00	3.28	84.37	88.94	0.00	43	0	43	0.00	0.00	64.28	7.41	0.00	0.00	2000
230	10.95	2101	2101	0.00	212	0	0	0	nan	0.00	0.00	3.45	85.73	89.05	0.00	42	0	43	0.00	0.00	66.17	7.89	0.00	0.00	2000
231	10.87	2089	2133	0.00	219	0	0	0	nan	0.00	0.02	3.33	87.23	89.13	0.00	43	0	43	0.00	0.00	68.12	7.93	0.00	0.00	2000
226	10.78	2113	2083	0.00	202	0	0	0	nan	0.00	0.02	3.64	84.83	89.23	0.00	42	0	43	0.00	0.00	63.94	7.43	0.00	0.00	2000
230	10.73	2138	2107	0.00	203	0	0	0	nan	0.00	0.01	3.53	86.07	89.27	0.00	42	0	43	0.00	0.00	65.26	7.49	0.00	0.00	2000
226	10.77	2121	2083	0.00	204	0	0	0	nan	0.00	0.00	3.79	84.74	89.23	0.00	42	0	43	0.00	0.00	60.61	7.06	0.00	0.00	2000
233	11.10	2078	2126	0.00	212	0	0	0	nan	0.00	0.00	2.77	87.35	88.90	0.00	41	0	43	0.00	0.00	66.44	7.63	0.00	0.00	2000
226	10.84	2100	2081	0.00	204	0	0	0	nan	0.00	0.00	3.55	84.92	89.16	0.00	42	0	43	0.00	0.00	68.36	8.30	0.00	0.00	2000
231	11.02	2085	2107	0.00	203	0	0	0	nan	0.00	0.00	5.47	83.91	88.98	0.00	42	0	43	0.00	0.00	67.08	8.74	0.00	0.00	2000
226	10.95	2076	2090	0.00	202	0	0	0	nan	0.00	0.00	2.93	85.74	89.05	0.00	42	0	43	0.00	0.00	63.08	7.93	0.00	0.00	2000
233	11.19	2060	2124	0.00	219	0	0	0	nan	0.00	0.02	3.54	86.37	88.81	0.00	42	0	43	0.00	0.00	67.07	8.29	0.00	0.00	2000
226	10.88	2089	2092	0.00	211	0	0	0	nan	0.00	0.02	3.43	85.40	89.12	0.00	42	0	43	0.00	0.00	68.58	7.88	0.00	0.00	2000
229	11.21	2050	2090	0.63	205	0	0	5	56.47	0.03	0.00	4.11	84.36	88.79	0.00	42	0	43	0.00	0.00	60.24	6.94	0.00	0.00	2000
229	10.87	2103	2109	0.27	206	0	0	1	85.44	0.00	0.02	2.81	86.81	89.13	0.00	42	0	43	0.00	0.00	69.19	8.52	0.00	0.00	2000
226	10.88	2083	2092	0.00	204	0	0	0	nan	0.00	0.00	2.70	86.19	89.12	0.00	42	0	43	0.00	0.00	66.63	8.62	0.00	0.00	2000
228	11.11	2063	2089	0.00	229	0	0	0	nan	0.00	0.00	3.19	85.37	88.89	0.00	42	0	43	0.00	0.00	65.61	8.55	0.00	0.00	2000
233	10.97	2109	2118	0.00	205	0	0	0	nan	0.01	0.00	4.09	85.78	89.03	0.00	42	0	43	0.00	0.00	64.70	8.28	0.00	0.00	2000
225	10.80	2102	2081	0.00	203	0	0	0	nan	0.00	0.02	3.52	84.94	89.20	0.00	42	0	43	0.00	0.00	68.60	8.93	0.00	0.00	2000
226	11.07	2044	2096	0.00	219	0	0	0	nan	0.00	0.00	3.61	85.24	88.93	0.00	42	0	43	0.00	0.00	66.70	8.49	0.00	0.00	2000
232	11.36	2007	2134	0.00	203	0	0	0	nan	0.00	0.00	4.01	86.23	88.64	0.00	42	0	43	0.00	0.00	64.89	8.49	0.00	0.00	2000
230	11.21	2062	2092	0.00	213	0	0	0	nan	0.00	0.00	4.17	84.47	88.79	0.00	42	0	43	0.00	0.00	69.49	8.82	0.00	0.00	2000
226	11.12	2054	2076	0.00	201	0	0	0	nan	0.00	0.02	3.35	84.61	88.88	0.00	42	0	43	0.00	0.00	65.28	8.27	0.00	0.00	2000
231	11.16	2035	2132	0.00	221	0	0	0	nan	0.00	0.00	3.20	87.13	88.84	0.00	42	0	43	0.00	0.00	66.24	8.52	0.00	0.00	2000
226	10.82	2100	2089	0.00	201	0	0	0	nan	0.00	0.01	3.32	85.55	89.18	0.00	42	0	43	0.00	0.00	65.12	8.24	0.00	0.00	2000
233	11.20	2082	2099	0.00	205	0	0	0	nan	0.00	0.01	3.30	85.59	88.80	0.00	42	0	43	0.00	0.00	66.58	8.68	0.00	0.00	2000
227	10.85	2101	2091	0.00	208	0	0	0	nan	0.00	0.00	2.89	85.98	89.15	0.00	42	0	43	0.00	0.00	66.48	8.39	0.00	0.00	2000
228	10.93	2093	2091	0.00	204	0	0	0	nan	0.00	0.02	3.08	85.74	89.07	0.00	42	0	43	0.00	0.00	66.34	7.84	0.00	0.00	2000
229	11.04	2067	2107	0.00	203	0	0	0	nan	0.00	0.02	3.72	85.53	88.96	0.00	42	0	43	0.00	0.00	63.83	7.44	0.00	0.00	2000
227	11.09	2059	2089	0.00	202	0	0	0	nan	0.00	0.04	3.38	85.18	88.91	0.00	42	0	43	0.00	0.00	65.07	7.38	0.00	0.00	2000
228	11.24	2026	2098	1.01	219	0	0	5	29.28	0.01	0.00	4.57	84.20	88.76	0.00	41	0	43	0.00	0.00	62.28	7.32	0.00	0.00	2000
227	11.16	2035	2100	0.06	226	0	0	0	nan	0.00	0.00	3.59	85.34	88.84	0.00	42	0	43	0.00	0.00	64.94	8.28	0.00	0.00	2000
233	11.04	2075	2136	0.00	201	0	0	0	nan	0.00	0.02	5.12	85.55	88.96	0.00	41	0	43	0.00	0.00	66.37	7.62	0.00	0.00	2000
226	11.11	2070	2063	0.00	203	0	0	0	nan	0.00	0.00	4.89	82.49	88.89	0.00	42	0	43	0.00	0.00	63.56	7.49	0.00	0.00	2000
197	10.32	1893	2115	0.00	208	0	0	0	nan	0.00	0.02	6.30	84.11	89.68	0.00	40	0	43	0.00	0.00	69.08	8.32	0.00	0.00	2000
104	8.06	1286	2114	0.00	221	0	0	0	nan	0.00	0.02	11.41	81.14	91.94	0.00	39	0	43	0.00	0.00	55.59	7.07	0.00	0.00	2000
74	6.66	1132	2072	0.00	194	0	0	0	nan	0.00	0.00	3.34	88.73	93.34	0.00	38	0	43	0.00	0.00	58.40	7.32	0.00	0.00	2000
100	8.14	1209	2137	0.00	97	0	0	0	nan	0.00	0.02	7.82	85.70	91.86	0.00	38	0	43	0.00	0.00	58.59	7.60	0.00	0.00	2000
