Avg_MHz	Busy%	Bzy_MHz	TSC_MHz	IPC	IRQ	NMI	SMI	LLCMRPS	LLC%hit	POLL%	C1%	C1E%	C6%	CPU%c1	CPU%c6	CoreTmp	CoreThr	PkgTmp	Pkg%pc2	Pkg%pc6	PkgWatt	RAMWatt	PKG_%	RAM_%	UncMHz
390	18.03	2135	2130	0.00	243	0	0	0	nan	0.00	0.07	39.41	43.70	81.97	0.00	37	0	42	0.00	0.00	64.02	7.42	0.00	0.00	2000
370	16.52	2230	2109	0.00	213	0	0	0	nan	0.00	2.04	13.97	68.03	83.48	0.00	38	0	42	0.00	0.00	66.99	7.44	0.00	0.00	2000
78	6.64	1173	2112	0.00	209	0	0	0	nan	0.00	0.02	8.24	85.60	93.36	0.00	37	0	42	0.00	0.00	60.24	7.47	0.00	0.00	2000
74	6.68	1113	2087	0.00	178	0	0	0	nan	0.00	0.02	3.75	88.98	93.32	0.00	37	0	42	0.00	0.00	57.72	7.65	0.00	0.00	2000
75	6.62	1119	2115	0.00	212	0	0	0	nan	0.00	0.05	4.27	89.75	93.38	0.00	37	0	42	0.00	0.00	58.42	7.47	0.00	0.00	2000
72	6.41	1126	2102	0.00	193	0	0	0	nan	0.00	0.00	3.53	90.10	93.59	0.00	37	0	42	0.00	0.00	58.48	7.43	0.00	0.00	2000
73	6.62	1103	2101	0.00	193	0	0	0	nan	0.00	0.00	3.79	89.61	93.38	0.00	37	0	42	0.00	0.00	57.15	7.44	0.00	0.00	2000
72	6.56	1089	2102	0.00	195	0	0	0	nan	0.00	0.00	3.71	89.84	93.44	0.00	37	0	42	0.00	0.00	57.59	7.32	0.00	0.00	2000
74	6.42	1150	2093	0.00	193	0	0	0	nan	0.00	0.02	3.54	89.63	93.58	0.00	37	0	42	0.00	0.00	58.07	7.52	0.00	0.00	2000
72	6.25	1143	2111	0.00	194	0	0	0	nan	0.00	0.00	3.86	90.39	93.75	0.00	37	0	42	0.00	0.00	58.33	7.50	0.00	0.00	2000
72	6.57	1113	2083	0.00	193	0	0	0	nan	0.00	0.02	3.19	89.53	93.43	0.00	37	0	42	0.00	0.00	57.18	7.34	0.00	0.00	2000
70	6.45	1097	2086	0.00	194	0	0	0	nan	0.00	0.00	4.09	88.80	93.55	0.00	37	0	42	0.00	0.00	58.92	7.68	0.00	0.00	2000
75	6.43	1152	2137	0.00	193	0	0	0	nan	0.00	0.01	1.86	93.14	93.57	0.00	37	0	42	0.00	0.00	58.53	7.66	0.00	0.00	2000
71	6.44	1113	2093	0.00	194	0	0	0	nan	0.00	0.00	3.28	89.92	93.56	0.00	37	0	42	0.00	0.00	58.29	7.50	0.00	0.00	2000
71	6.75	1069	2075	0.00	193	0	0	0	nan	0.00	0.00	3.18	89.01	93.25	0.00	37	0	42	0.00	0.00	56.53	7.26	0.00	0.00	2000
72	6.53	1098	2103	0.00	194	0	0	0	nan	0.00	0.03	2.30	91.28	93.47	0.00	37	0	42	0.00	0.00	58.59	7.17	0.00	0.00	2000
74	6.48	1136	2112	0.30	193	0	0	1	81.48	0.00	0.01	1.83	92.27	93.52	0.00	37	0	42	0.00	0.00	57.83	7.42	0.00	0.00	2000
72	6.50	1108	2085	0.11	192	0	0	0	nan	0.00	0.02	2.41	90.39	93.50	0.00	37	0	43	0.00	0.00	57.44	7.35	0.00	0.00	2000
154	8.44	1810	2122	0.00	215	0	0	0	nan	0.00	0.03	4.47	87.98	91.56	0.00	38	0	42	0.00	0.00	61.40	7.57	0.00	0.00	2000
230	10.91	2108	2095	0.00	199	0	0	0	nan	0.00	0.00	3.20	85.69	89.09	0.00	40	0	43	0.00	0.00	65.71	7.56	0.00	0.00	2000
232	11.09	2084	2109	0.00	202	0	0	0	nan	0.00	0.00	2.51	86.90	88.91	0.00	40	0	42	0.00	0.00	64.59	7.38	0.00	0.00	2000
232	11.21	2070	2102	0.00	212	0	0	0	nan	0.00	0.00	3.52	85.50	88.79	0.00	40	0	42	0.00	0.00	65.97	7.69	0.00	0.00	2000
231	11.16	2081	2093	0.00	195	0	0	0	nan	0.00	0.00	4.37	84.34	88.84	0.00	39	0	42	0.00	0.00	64.80	7.43	0.00	0.00	2000
233	11.12	2095	2104	0.00	196	0	0	0	nan	0.00	0.00	5.53	83.49	88.88	0.00	38	0	42	0.00	0.00	65.60	7.72	0.00	0.00	2000
228	10.88	2122	2070	0.00	203	0	0	0	nan	0.00	0.00	5.75	82.19	89.12	0.00	39	0	42	0.00	0.00	66.17	7.71	0.00	0.00	2000
235	11.02	2132	2097	0.00	198	0	0	0	nan	0.00	0.02	3.15	85.67	88.98	0.00	37	0	43	0.00	0.00	64.83	7.58	0.00	0.00	2000
236	11.46	2084	2079	0.00	199	0	0	0	nan	0.00	0.03	4.65	83.02	88.54	0.00	38	0	42	0.00	0.00	63.22	7.44	0.00	0.00	2000
232	10.77	2102	2154	0.00	217	0	0	0	nan	0.00	0.00	5.69	85.85	89.23	0.00	38	0	42	0.00	0.00	69.95	7.96	0.00	0.00	2000
247	11.64	2133	2091	0.00	199	0	0	0	nan	0.00	0.00	6.56	81.42	88.36	0.00	38	0	43	0.00	0.00	65.04	7.33	0.00	0.00	2000
227	11.02	2085	2078	0.00	200	0	0	0	nan	0.00	0.00	5.90	82.20	88.98	0.00	38	0	42	0.00	0.00	61.77	6.91	0.00	0.00	2000
231	11.49	1986	2127	0.00	197	0	0	0	nan	0.00	0.00	6.77	83.00	88.51	0.00	39	0	43	0.00	0.00	67.73	7.56	0.00	0.00	2000
232	11.13	2093	2093	0.00	200	0	0	0	nan	0.00	0.00	6.31	82.29	88.87	0.00	39	0	42	0.00	0.00	64.84	7.15	0.00	0.00	2000
231	11.04	2083	2106	0.00	210	0	0	0	nan	0.00	0.00	6.41	82.83	88.96	0.00	39	0	42	0.00	0.00	64.40	7.72	0.00	0.00	2000
232	11.20	2083	2092	0.57	197	0	0	19	85.52	0.00	0.00	4.78	83.75	88.80	0.00	39	0	43	0.00	0.00	62.24	7.21	0.00	0.00	2000
232	10.84	2129	2110	0.26	199	0	0	0	nan	0.00	0.00	6.37	83.22	89.16	0.00	39	0	42	0.00	0.00	67.88	7.92	0.00	0.00	2000
231	11.17	2082	2084	0.00	202	0	0	0	nan	0.00	0.00	7.63	80.56	88.83	0.00	39	0	42	0.00	0.00	62.06	7.07	0.00	0.00	2000
225	10.88	2110	2055	0.00	202	0	0	0	nan	0.00	0.03	5.75	81.47	89.12	0.00	38	0	42	0.00	0.00	59.62	6.72	0.00	0.00	2000
230	10.80	2103	2128	0.00	234	0	0	0	nan	0.01	0.04	4.35	86.13	89.20	0.00	38	0	43	0.00	0.00	70.28	8.06	0.00	0.00	2000
229	12.76	2130	1769	0.00	232	0	0	0	nan	0.00	0.01	5.63	67.87	87.24	0.00	38	0	42	0.00	0.00	54.69	6.30	0.00	0.00	2000
230	10.72	2039	2215	0.00	233	0	0	0	nan	0.00	0.01	7.04	87.26	89.28	0.00	37	0	42	0.00	0.00	69.73	8.44	0.00	0.00	2000
243	10.14	2091	2412	0.00	228	0	0	0	nan	0.00	1.39	8.58	93.48	89.86	0.00	37	0	42	0.00	0.00	74.71	9.07	0.00	0.00	2000
236	11.34	2072	2107	0.00	198	0	0	0	nan	0.02	1.44	6.48	81.14	88.66	0.00	37	0	42	0.00	0.00	65.15	7.99	0.00	0.00	2000
235	11.40	2066	2099	0.00	197	0	0	0	nan	0.00	0.00	6.60	82.05	88.60	0.00	38	0	43	0.00	0.00	64.31	7.96	0.00	0.00	2000
233	11.24	2069	2101	0.00	201	0	0	0	nan	0.00	0.01	6.73	82.12	88.76	0.00	38	0	42	0.00	0.00	65.16	7.82	0.00	0.00	2000
235	11.36	2066	2106	0.00	204	0	0	0	nan	0.00	0.01	7.92	81.07	88.64	0.00	38	0	42	0.00	0.00	62.44	7.58	0.00	0.00	2000
232	11.11	2090	2098	0.00	196	0	0	0	nan	0.00	0.02	6.17	82.69	88.89	0.00	38	0	42	0.00	0.00	64.94	7.80	0.00	0.00	2000
229	11.42	2059	2041	0.00	194	0	0	0	nan	0.00	0.00	6.68	79.45	88.58	0.00	39	0	42	0.00	0.00	62.77	7.46	0.00	0.00	2000
229	10.88	2084	2123	0.00	197	0	0	0	nan	0.00	0.02	6.50	83.64	89.12	0.00	39	0	42	0.00	0.00	64.76	7.63	0.00	0.00	2000
234	11.18	2086	2106	0.00	198	0	0	0	nan	0.00	0.02	6.91	82.24	88.82	0.00	39	0	42	0.00	0.00	63.79	7.49	0.00	0.00	2000
232	10.89	2092	2136	0.06	195	0	0	6	48.66	0.00	0.00	7.60	83.20	89.11	0.00	39	0	42	0.00	0.00	66.05	7.58	0.00	0.00	2000
228	11.17	2105	2035	0.56	198	0	0	4	78.42	0.00	0.00	5.05	81.20	88.83	0.00	39	0	43	0.00	0.00	62.71	7.54	0.00	0.00	2000
232	10.88	2062	2169	0.00	195	0	0	0	nan	0.00	0.00	7.36	84.74	89.12	0.00	39	0	42	0.00	0.00	66.40	7.70	0.00	0.00	2000
226	11.18	2125	1997	0.00	199	0	0	0	nan	0.02	0.00	4.90	79.62	88.82	0.00	39	0	42	0.00	0.00	60.13	7.02	0.00	0.00	2000
234	10.79	2066	2201	0.00	198	0	0	0	nan	0.00	0.00	6.77	86.87	89.21	0.00	39	0	43	0.00	0.00	67.84	7.83	0.00	0.00	2000
229	10.93	2134	2057	0.00	194	0	0	0	nan	0.00	1.03	8.40	77.98	89.07	0.00	39	0	42	0.00	0.00	63.76	7.26	0.00	0.00	2000
228	10.96	2077	2103	0.00	197	0	0	0	nan	0.00	0.00	7.06	82.21	89.04	0.00	39	0	42	0.00	0.00	64.20	7.31	0.00	0.00	2000
229	10.98	2086	2104	0.00	198	0	0	0	nan	0.00	0.00	7.72	81.54	89.02	0.00	39	0	42	0.00	0.00	63.80	7.44	0.00	0.00	2000
228	10.96	2091	2091	0.00	195	0	0	0	nan	0.00	0.01	6.10	82.64	89.04	0.00	39	0	42	0.00	0.00	64.16	7.34	0.00	0.00	2000
233	10.99	2084	2138	0.00	198	0	0	0	nan	0.00	0.00	8.45	82.24	89.01	0.00	39	0	42	0.00	0.00	65.03	7.47	0.00	0.00	2000
227	11.10	2065	2077	0.00	195	0	0	0	nan	0.00	0.03	7.91	80.14	88.90	0.00	39	0	42	0.00	0.00	61.46	7.00	0.00	0.00	2000
228	11.07	2056	2108	0.00	195	0	0	0	nan	0.00	0.02	7.39	81.93	88.93	0.00	39	0	42	0.00	0.00	65.81	7.51	0.00	0.00	2000
227	11.24	2032	2090	0.00	197	0	0	0	nan	0.00	0.00	6.24	82.16	88.76	0.00	39	0	42	0.00	0.00	64.02	7.15	0.00	0.00	2000
230	11.06	2059	2121	0.00	196	0	0	0	nan	0.00	0.03	7.22	82.76	88.94	0.00	40	0	42	0.00	0.00	65.12	7.69	0.00	0.00	2000
234	11.07	2098	2118	0.00	196	0	0	0	nan	0.00	0.00	7.00	82.74	88.94	0.00	39	0	42	0.00	0.00	66.05	7.69	0.00	0.00	2000
230	11.39	2087	2036	0.00	205	0	0	0	nan	0.00	0.00	6.77	79.25	88.61	0.00	39	0	42	0.00	0.00	59.75	6.95	0.00	0.00	2000
229	10.84	2091	2119	0.00	198	0	0	0	nan	0.00	0.04	3.98	86.08	89.16	0.00	39	0	42	0.00	0.00	66.58	7.59	0.00	0.00	2000
227	11.00	2121	2045	0.00	198	0	0	4	94.04	0.00	0.05	3.47	83.24	89.00	0.00	39	0	43	0.00	0.00	60.88	6.98	0.00	0.00	2000
233	10.85	2062	2187	0.61	212	0	0	6	75.09	0.00	0.49	6.50	85.96	89.15	0.00	39	0	42	0.00	0.00	67.37	7.64	0.00	0.00	2000
232	11.25	2100	2059	0.00	200	0	0	0	nan	0.01	0.02	5.85	81.17	88.75	0.00	39	0	42	0.00	0.00	62.23	7.17	0.00	0.00	2000
230	11.09	2061	2110	0.00	196	0	0	0	nan	0.02	0.90	7.59	80.83	88.91	0.00	40	0	43	0.00	0.00	66.92	7.70	0.00	0.00	2000
231	11.04	2080	2115	0.00	195	0	0	0	nan	0.00	0.00	9.06	80.72	88.96	0.00	39	0	42	0.00	0.00	64.09	7.40	0.00	0.00	2000
227	10.95	2076	2100	0.00	197	0	0	0	nan	0.00	0.00	5.47	83.62	89.05	0.00	40	0	42	0.00	0.00	64.64	6.98	0.00	0.00	2000
231	11.23	2049	2112	0.00	198	0	0	0	nan	0.00	0.03	8.45	80.87	88.77	0.00	40	0	42	0.00	0.00	64.75	7.72	0.00	0.00	2000
232	11.34	2047	2095	0.00	199	0	0	0	nan	0.00	0.00	7.42	81.09	88.66	0.00	40	0	43	0.00	0.00	61.12	7.07	0.00	0.00	2000
229	11.07	2039	2127	0.00	195	0	0	0	nan	0.00	0.03	8.55	81.62	88.93	0.00	40	0	42	0.00	0.00	67.46	7.71	0.00	0.00	2000
227	11.14	2063	2073	0.00	196	0	0	0	nan	0.01	0.00	7.06	80.72	88.86	0.00	40	0	42	0.00	0.00	61.94	6.99	0.00	0.00	2000
229	11.16	2035	2116	0.00	197	0	0	0	nan	0.00	0.04	6.73	82.91	88.84	0.00	39	0	42	0.00	0.00	66.92	7.87	0.00	0.00	2000
227	11.16	2072	2065	0.00	198	0	0	0	nan	0.00	0.00	6.62	80.77	88.84	0.00	40	0	42	0.00	0.00	61.53	7.11	0.00	0.00	2000
234	10.97	2104	2130	0.00	197	0	0	0	nan	0.04	0.01	8.17	82.16	89.03	0.00	39	0	42	0.00	0.00	64.74	7.44	0.00	0.00	2000
227	11.01	2099	2067	0.00	205	0	0	0	nan	0.00	0.11	3.68	83.94	88.99	0.00	40	0	42	0.00	0.00	63.58	7.12	0.00	0.00	2000
230	10.93	2053	2149	0.00	199	0	0	0	nan	0.00	0.01	3.36	87.92	89.07	0.00	40	0	43	0.00	0.00	64.76	7.51	0.00	0.00	2000
227	11.26	2063	2052	0.00	197	0	0	0	nan	0.00	0.00	4.90	81.91	88.74	0.00	40	0	42	0.00	0.00	64.40	7.26	0.00	0.00	2000
233	10.65	2136	2155	0.00	196	0	0	0	nan	0.04	0.45	8.40	82.89	89.35	0.00	40	0	42	0.00	0.00	65.90	7.57	0.00	0.00	2000
230	11.13	2132	2037	0.00	199	0	0	1	84.61	0.00	0.43	7.45	78.43	88.87	0.00	40	0	42	0.00	0.00	63.95	7.45	0.00	0.00	2000
241	11.43	2055	2155	1.05	208	0	0	10	61.63	0.00	0.02	9.61	81.44	88.57	0.00	40	0	42	0.00	0.00	67.57	7.91	0.00	0.00	2000
228	11.40	2039	2064	0.00	200	0	0	0	nan	0.00	0.00	8.29	78.98	88.60	0.00	39	0	43	0.00	0.00	61.55	7.05	0.00	0.00	2000
230	10.87	2113	2101	0.00	195	0	0	0	nan	0.00	0.02	7.63	81.60	89.13	0.00	40	0	43	0.00	0.00	63.77	7.17	0.00	0.00	2000
228	10.87	2102	2093	0.00	197	0	0	0	nan	0.00	0.03	5.65	83.27	89.13	0.00	39	0	43	0.00	0.00	64.29	7.39	0.00	0.00	2000
232	10.96	2067	2147	0.00	196	0	0	0	nan	0.00	0.00	6.67	84.50	89.04	0.00	39	0	42	0.00	0.00	63.79	7.41	0.00	0.00	2000
227	11.22	2072	2051	0.00	200	0	0	0	nan	0.01	0.00	6.83	79.91	88.78	0.00	40	0	42	0.00	0.00	64.04	7.27	0.00	0.00	2000
229	10.75	2121	2112	0.00	196	0	0	0	nan	0.00	0.00	7.37	82.37	89.25	0.00	40	0	42	0.00	0.00	64.25	7.38	0.00	0.00	2000
227	10.81	2112	2086	0.00	196	0	0	0	nan	0.00	0.00	7.07	81.59	89.19	0.00	40	0	42	0.00	0.00	63.81	7.21	0.00	0.00	2000
231	10.85	2123	2110	0.00	196	0	0	0	nan	0.04	0.01	7.53	82.05	89.15	0.00	39	0	42	0.00	0.00	64.66	7.30	0.00	0.00	2000
229	10.57	2148	2116	0.00	197	0	0	0	nan	0.00	0.00	5.80	84.33	89.43	0.00	39	0	42	0.00	0.00	64.98	7.51	0.00	0.00	2000
232	10.73	2184	2075	0.00	198	0	0	0	nan	0.00	1.08	3.57	83.74	89.27	0.00	39	0	42	0.00	0.00	61.53	7.42	0.00	0.00	2000
227	10.95	2064	2109	0.00	197	0	0	0	nan	0.00	0.01	5.83	83.77	89.05	0.00	39	0	42	0.00	0.00	66.72	7.33	0.00	0.00	2000
230	10.75	2095	2140	0.00	195	0	0	0	nan	0.00	0.47	6.77	83.79	89.25	0.00	40	0	42	0.00	0.00	65.02	7.52	0.00	0.00	2000
228	11.14	2075	2069	0.00	196	0	0	0	nan	0.00	0.00	7.38	80.22	88.86	0.00	40	0	42	0.00	0.00	63.91	7.43	0.00	0.00	2000
229	11.01	2051	2128	0.00	198	0	0	0	nan	0.00	0.02	7.54	82.67	88.99	0.00	39	0	42	0.00	0.00	63.90	7.40	0.00	0.00	2000
231	11.26	2047	2101	0.00	197	0	0	0	nan	0.00	0.02	7.32	81.52	88.74	0.00	39	0	42	0.00	0.00	65.65	7.40	0.00	0.00	2000
230	11.25	2053	2087	0.00	197	0	0	0	nan	0.00	0.04	8.29	80.07	88.75	0.00	39	0	42	0.00	0.00	63.76	7.55	0.00	0.00	2000
228	11.23	2070	2060	0.73	195	0	0	4	92.49	0.00	0.00	6.40	80.78	88.77	0.00	40	0	42	0.00	0.00	62.93	7.14	0.00	0.00	2000
230	11.11	2019	2156	0.03	199	0	0	0	nan	0.00	0.00	6.80	84.68	88.89	0.00	39	0	42	0.00	0.00	64.70	7.60	0.00	0.00	2000
227	11.10	2094	2046	0.00	194	0	0	0	nan	0.00	0.02	5.74	80.99	88.90	0.00	40	0	43	0.00	0.00	63.12	7.32	0.00	0.00	2000
232	10.86	2103	2135	0.00	199	0	0	0	nan	0.00	0.00	6.91	83.74	89.14	0.00	40	0	42	0.00	0.00	64.56	7.42	0.00	0.00	2000
228	10.99	2116	2061	0.00	198	0	0	0	nan	0.00	0.02	7.98	79.43	89.01	0.00	39	0	43	0.00	0.00	64.24	7.93	0.00	0.00	2000
233	10.83	2085	2164	0.00	197	0	0	0	nan	0.00	0.02	7.49	84.51	89.17	0.00	39	0	42	0.00	0.00	66.17	7.92	0.00	0.00	2000
230	10.93	2103	2099	0.00	196	0	0	0	nan	0.00	0.00	6.31	82.70	89.07	0.00	39	0	42	0.00	0.00	65.48	7.80	0.00	0.00	2000
230	11.11	2074	2097	0.00	196	0	0	0	nan	0.00	0.09	3.25	85.56	88.89	0.00	39	0	43	0.00	0.00	61.34	7.24	0.00	0.00	2000
232	11.34	2037	2105	0.00	197	0	0	0	nan	0.00	0.04	3.38	85.59	88.66	0.00	40	0	42	0.00	0.00	66.09	7.65	0.00	0.00	2000
232	11.02	2109	2095	0.00	201	0	0	0	nan	0.00	0.03	6.53	82.22	88.98	0.00	39	0	42	0.00	0.00	63.44	7.32	0.00	0.00	2000
228	10.66	2174	2069	0.00	179	0	0	0	nan	0.00	0.42	7.23	80.36	89.34	0.00	40	0	42	0.00	0.00	62.58	7.17	0.00	0.00	2000
230	11.05	2103	2076	0.00	197	0	0	0	nan	0.00	0.00	6.64	81.40	88.95	0.00	40	0	42	0.00	0.00	64.35	8.13	0.00	0.00	2000
248	11.69	2081	2138	0.00	195	0	0	0	nan	0.00	0.00	6.82	83.09	88.31	0.00	40	0	42	0.00	0.00	67.71	7.86	0.00	0.00	2000
231	10.93	2083	2127	0.00	196	0	0	0	nan	0.00	0.03	6.53	83.75	89.07	0.00	41	0	42	0.00	0.00	65.53	7.73	0.00	0.00	2000
232	11.15	2087	2096	0.00	198	0	0	0	nan	0.00	0.06	7.47	81.23	88.85	0.00	40	0	42	0.00	0.00	62.68	7.26	0.00	0.00	2000
230	11.10	2079	2091	0.00	196	0	0	0	nan	0.00	0.00	8.50	80.12	88.90	0.00	41	0	43	0.00	0.00	65.34	7.77	0.00	0.00	2000
230	10.81	2116	2108	0.00	198	0	0	0	nan	0.00	0.00	6.61	82.94	89.19	0.00	40	0	43	0.00	0.00	64.07	7.31	0.00	0.00	2000
233	11.25	2096	2071	0.77	183	0	0	6	37.12	0.02	0.00	8.18	79.48	88.75	0.00	41	0	42	0.00	0.00	64.22	7.54	0.00	0.00	2000
229	10.87	2085	2119	0.66	195	0	0	1	89.33	0.00	0.00	5.78	84.25	89.13	0.00	39	0	42	0.00	0.00	62.88	7.37	0.00	0.00	2000
230	11.02	2101	2084	0.00	194	0	0	0	nan	0.00	0.02	5.91	82.46	88.98	0.00	39	0	42	0.00	0.00	64.37	8.14	0.00	0.00	2000
232	11.17	2052	2129	0.00	199	0	0	0	nan	0.04	0.01	7.62	82.45	88.83	0.00	41	0	42	0.00	0.00	65.23	7.82	0.00	0.00	2000
226	11.41	2036	2045	0.00	195	0	0	0	nan	0.00	1.75	6.10	78.59	88.59	0.00	40	0	42	0.00	0.00	62.62	7.31	0.00	0.00	2000
229	10.97	2046	2144	0.00	199	0	0	0	nan	0.01	0.01	3.26	87.73	89.03	0.00	40	0	42	0.00	0.00	67.77	8.06	0.00	0.00	2000
230	11.14	2048	2114	0.00	197	0	0	0	nan	0.00	0.04	6.19	83.33	88.86	0.00	40	0	42	0.00	0.00	62.19	7.28	0.00	0.00	2000
228	11.11	2112	2037	0.00	197	0	0	0	nan	0.00	0.97	7.50	77.98	88.89	0.00	41	0	42	0.00	0.00	63.63	7.27	0.00	0.00	2000
233	11.25	2030	2139	0.00	200	0	0	0	nan	0.00	0.00	8.55	82.00	88.75	0.00	40	0	43	0.00	0.00	64.65	7.47	0.00	0.00	2000
228	11.27	2061	2064	0.00	196	0	0	0	nan	0.00	0.00	7.52	79.85	88.73	0.00	40	0	42	0.00	0.00	64.05	7.95	0.00	0.00	2000
231	10.95	2063	2143	0.00	197	0	0	0	nan	0.00	0.00	7.93	83.02	89.05	0.00	40	0	43	0.00	0.00	68.28	7.86	0.00	0.00	2000
228	11.15	2048	2094	0.00	196	0	0	0	nan	0.00	0.00	6.65	82.08	88.85	0.00	40	0	43	0.00	0.00	61.28	7.08	0.00	0.00	2000
231	11.19	2045	2116	0.00	196	0	0	0	nan	0.00	0.03	7.82	81.84	88.81	0.00	40	0	43	0.00	0.00	65.63	7.50	0.00	0.00	2000
230	11.10	2092	2076	0.00	196	0	0	0	nan	0.01	0.02	7.59	80.36	88.90	0.00	41	0	43	0.00	0.00	65.73	7.55	0.00	0.00	2000
228	10.98	2105	2071	0.00	201	0	0	0	nan	0.00	0.02	5.26	82.65	89.02	0.00	40	0	42	0.00	0.00	62.40	7.26	0.00	0.00	2000
229	10.95	2053	2138	0.00	197	0	0	0	nan	0.00	0.02	6.45	84.29	89.05	0.00	40	0	42	0.00	0.00	64.69	7.49	0.00	0.00	2000
229	11.18	2082	2069	0.00	196	0	0	0	nan	0.00	0.02	5.85	81.76	88.82	0.00	40	0	42	0.00	0.00	64.68	8.13	0.00	0.00	2000
230	10.73	2109	2134	0.43	196	0	0	5	38.80	0.00	0.02	5.20	85.61	89.27	0.00	41	0	42	0.00	0.00	64.78	7.65	0.00	0.00	2000
234	11.11	2080	2122	1.11	199	0	0	3	66.10	0.00	0.38	7.89	81.75	88.89	0.00	40	0	43	0.00	0.00	65.40	7.54	0.00	0.00	2000
230	10.98	2093	2098	0.00	200	0	0	0	nan	0.00	0.72	3.48	84.73	89.02	0.00	41	0	42	0.00	0.00	65.57	7.65	0.00	0.00	2000
228	11.28	2083	2033	0.00	195	0	0	0	nan	0.02	1.47	4.84	79.73	88.72	0.00	40	0	42	0.00	0.00	59.93	7.11	0.00	0.00	2000
230	10.58	2095	2175	0.00	199	0	0	0	nan	0.00	0.46	6.49	85.74	89.42	0.00	40	0	42	0.00	0.00	67.91	7.81	0.00	0.00	2000
228	11.31	2055	2063	0.00	196	0	0	0	nan	0.00	0.00	7.72	79.47	88.69	0.00	40	0	43	0.00	0.00	63.73	7.35	0.00	0.00	2000
224	10.93	2053	2100	0.00	215	0	0	0	nan	0.02	0.84	6.96	81.39	89.07	0.00	39	0	43	0.00	0.00	64.15	7.51	0.00	0.00	2000
221	10.90	2017	2112	0.00	194	0	0	0	nan	0.00	0.04	7.62	82.09	89.10	0.00	40	0	42	0.00	0.00	63.93	7.45	0.00	0.00	2000
220	10.76	2074	2068	0.00	196	0	0	0	nan	0.01	0.00	7.03	80.95	89.24	0.00	41	0	42	0.00	0.00	63.85	7.38	0.00	0.00	2000
221	10.63	2063	2121	0.00	198	0	0	0	nan	0.00	0.00	6.49	83.88	89.37	0.00	40	0	42	0.00	0.00	64.03	7.43	0.00	0.00	2000
221	10.72	2056	2102	0.00	196	0	0	0	nan	0.00	0.02	7.43	82.00	89.28	0.00	41	0	42	0.00	0.00	64.32	7.51	0.00	0.00	2000
224	10.98	2049	2092	0.00	202	0	0	0	nan	0.00	0.00	8.64	80.21	89.02	0.00	41	0	42	0.00	0.00	63.79	7.50	0.00	0.00	2000
222	10.65	2083	2106	0.00	198	0	0	0	nan	0.00	0.02	8.86	80.85	89.35	0.00	41	0	42	0.00	0.00	64.35	7.36	0.00	0.00	2000
222	10.84	2058	2093	0.00	211	0	0	0	nan	0.00	0.00	8.31	80.67	89.16	0.00	41	0	42	0.00	0.00	63.90	7.54	0.00	0.00	2000
221	10.66	2082	2092	0.00	195	0	0	0	nan	0.00	0.02	5.53	83.57	89.34	0.00	41	0	42	0.00	0.00	64.16	7.35	0.00	0.00	2000
223	10.63	2086	2109	0.00	197	0	0	0	nan	0.00	0.02	6.79	83.00	89.37	0.00	41	0	42	0.00	0.00	64.10	7.40	0.00	0.00	2000
227	10.82	2101	2094	0.00	197	0	0	0	nan	0.04	0.00	4.77	84.23	89.18	0.00	41	0	42	0.00	0.00	64.01	7.44	0.00	0.00	2000
222	10.73	2062	2106	0.18	203	0	0	4	65.32	0.00	0.00	7.25	82.32	89.27	0.00	41	0	42	0.00	0.00	64.18	7.47	0.00	0.00	2000
222	10.70	2082	2094	1.27	196	0	0	3	72.02	0.00	0.02	6.66	82.51	89.30	0.00	41	0	42	0.00	0.00	64.16	7.40	0.00	0.00	2000
222	10.78	2037	2124	0.00	197	0	0	0	nan	0.00	0.00	6.23	84.14	89.22	0.00	41	0	42	0.00	0.00	64.23	7.49	0.00	0.00	2000
220	10.78	2076	2067	0.00	197	0	0	0	nan	0.00	0.02	5.48	82.40	89.22	0.00	41	0	42	0.00	0.00	61.89	7.05	0.00	0.00	2000
225	10.74	2077	2117	0.00	197	0	0	0	nan	0.00	0.00	6.53	83.51	89.26	0.00	41	0	42	0.00	0.00	63.61	7.37	0.00	0.00	2000
222	10.65	2095	2087	0.00	202	0	0	0	nan	0.00	0.00	6.92	81.92	89.35	0.00	41	0	42	0.00	0.00	64.86	7.32	0.00	0.00	2000
222	10.62	2068	2120	0.00	196	0	0	0	nan	0.00	0.00	6.24	84.09	89.38	0.00	41	0	42	0.00	0.00	66.37	7.70	0.00	0.00	2000
221	10.75	2052	2101	0.00	196	0	0	0	nan	0.00	0.01	6.37	83.00	89.25	0.00	40	0	43	0.00	0.00	61.41	7.40	0.00	0.00	2000
225	11.03	2028	2111	0.00	197	0	0	0	nan	0.00	0.00	6.96	82.47	88.97	0.00	41	0	42	0.00	0.00	64.01	7.74	0.00	0.00	2000
225	10.95	2081	2078	0.00	215	0	0	0	nan	0.00	0.00	8.95	79.21	89.05	0.00	41	0	42	0.00	0.00	64.48	7.06	0.00	0.00	2000
226	10.65	2099	2124	0.00	197	0	0	0	nan	0.00	0.00	7.78	82.59	89.35	0.00	41	0	42	0.00	0.00	64.26	7.57	0.00	0.00	2000
222	10.87	2056	2086	0.00	196	0	0	0	nan	0.00	0.00	7.07	81.52	89.13	0.00	41	0	43	0.00	0.00	64.18	7.55	0.00	0.00	2000
222	10.78	2038	2116	0.00	195	0	0	0	nan	0.00	0.00	6.87	83.16	89.22	0.00	41	0	43	0.00	0.00	66.72	7.45	0.00	0.00	2000
221	10.77	2084	2069	0.00	197	0	0	0	nan	0.00	0.04	4.63	83.36	89.23	0.00	41	0	42	0.00	0.00	61.83	7.17	0.00	0.00	2000
224	10.77	2055	2128	0.00	196	0	0	0	nan	0.00	0.04	3.26	87.14	89.23	0.00	41	0	43	0.00	0.00	63.99	7.42	0.00	0.00	2000
230	11.13	2098	2065	0.00	202	0	0	0	nan	0.02	1.50	8.32	77.69	88.87	0.00	41	0	42	0.00	0.00	64.51	7.46	0.00	0.00	2000
225	10.64	2097	2116	0.00	195	0	0	0	nan	0.02	0.00	7.91	82.20	89.36	0.00	41	0	42	0.00	0.00	64.11	7.38	0.00	0.00	2000
223	10.58	2090	2114	0.00	197	0	0	3	76.92	0.00	0.05	7.48	82.51	89.42	0.00	41	0	43	0.00	0.00	64.26	7.40	0.00	0.00	2000
222	10.71	2077	2098	1.40	194	0	0	5	77.98	0.00	0.00	6.92	82.28	89.29	0.00	41	0	42	0.00	0.00	64.56	7.30	0.00	0.00	2000
222	10.67	2100	2080	0.00	195	0	0	0	nan	0.04	0.00	7.98	80.53	89.33	0.00	41	0	43	0.00	0.00	63.96	7.42	0.00	0.00	2000
225	10.68	2103	2107	0.00	200	0	0	0	nan	0.00	0.01	6.50	83.18	89.32	0.00	41	0	42	0.00	0.00	63.99	7.50	0.00	0.00	2000
222	10.61	2082	2109	0.00	196	0	0	0	nan	0.00	0.02	8.42	81.39	89.39	0.00	41	0	42	0.00	0.00	64.08	7.52	0.00	0.00	2000
223	10.89	2044	2103	0.00	196	0	0	0	nan	0.04	0.00	8.31	81.03	89.11	0.00	41	0	42	0.00	0.00	63.60	7.37	0.00	0.00	2000
222	10.83	2052	2096	0.00	197	0	0	0	nan	0.00	0.00	6.86	82.24	89.17	0.00	41	0	42	0.00	0.00	63.85	7.37	0.00	0.00	2000
222	10.56	2087	2113	0.00	195	0	0	0	nan	0.00	0.00	6.48	83.54	89.44	0.00	41	0	43	0.00	0.00	64.94	7.40	0.00	0.00	2000
224	10.88	2088	2067	0.00	195	0	0	0	nan	0.00	0.02	6.77	81.03	89.12	0.00	41	0	42	0.00	0.00	63.10	7.31	0.00	0.00	2000
223	10.68	2078	2112	0.00	202	0	0	0	nan	0.05	0.02	7.93	81.94	89.32	0.00	41	0	42	0.00	0.00	64.10	7.66	0.00	0.00	2000
221	10.46	2100	2116	0.00	195	0	0	0	nan	0.00	0.03	5.22	85.10	89.54	0.00	42	0	43	0.00	0.00	64.01	7.55	0.00	0.00	2000
221	10.59	2083	2104	0.00	198	0	0	0	nan	0.00	0.03	3.31	86.27	89.41	0.00	41	0	42	0.00	0.00	64.22	7.59	0.00	0.00	2000
221	10.85	2066	2070	0.00	198	0	0	0	nan	0.00	0.00	7.31	80.68	89.15	0.00	41	0	42	0.00	0.00	64.09	7.45	0.00	0.00	2000
224	10.72	2057	2135	0.00	195	0	0	0	nan	0.00	0.00	6.85	84.03	89.28	0.00	41	0	42	0.00	0.00	63.64	7.63	0.00	0.00	2000
221	10.89	2053	2078	0.00	201	0	0	0	nan	0.00	0.03	7.33	80.95	89.11	0.00	41	0	43	0.00	0.00	64.87	7.41	0.00	0.00	2000
222	10.61	2068	2124	0.00	199	0	0	0	nan	0.00	0.00	7.19	83.23	89.39	0.00	42	0	42	0.00	0.00	64.12	7.57	0.00	0.00	2000
223	10.82	2081	2077	0.00	195	0	0	0	nan	0.00	0.00	7.42	80.83	89.18	0.00	41	0	42	0.00	0.00	64.21	7.39	0.00	0.00	2000
221	10.63	2078	2105	0.00	196	0	0	1	75.48	0.00	0.00	7.68	81.95	89.37	0.00	41	0	42	0.00	0.00	63.89	7.50	0.00	0.00	2000
226	10.81	2080	2112	1.33	198	0	0	6	70.58	0.00	0.01	7.64	82.10	89.19	0.00	41	0	43	0.00	0.00	64.23	7.33	0.00	0.00	2000
223	11.10	2009	2100	0.00	197	0	0	0	nan	0.00	0.00	3.47	85.48	88.90	0.00	42	0	42	0.00	0.00	64.16	7.31	0.00	0.00	2000
222	10.81	2064	2089	0.00	194	0	0	0	nan	0.00	0.00	3.66	85.18	89.19	0.00	41	0	42	0.00	0.00	63.72	7.44	0.00	0.00	2000
221	10.71	2042	2118	0.00	195	0	0	0	nan	0.00	0.01	3.92	86.20	89.29	0.00	41	0	42	0.00	0.00	64.20	7.35	0.00	0.00	2000
219	10.68	2086	2068	0.00	194	0	0	0	nan	0.00	0.00	3.64	84.42	89.32	0.00	41	0	42	0.00	0.00	64.19	7.48	0.00	0.00	2000
222	10.83	2033	2114	0.00	195	0	0	0	nan	0.00	0.00	3.40	86.41	89.17	0.00	41	0	42	0.00	0.00	63.77	7.53	0.00	0.00	2000
237	11.36	2089	2098	0.00	196	0	0	0	nan	0.00	0.00	3.60	85.11	88.64	0.00	41	0	42	0.00	0.00	64.68	7.50	0.00	0.00	2000
219	10.69	2060	2085	0.00	211	0	0	0	nan	0.00	0.02	3.50	85.19	89.31	0.00	41	0	42	0.00	0.00	64.23	7.41	0.00	0.00	2000
220	10.70	2044	2115	0.00	193	0	0	0	nan	0.00	0.01	2.80	87.18	89.30	0.00	41	0	42	0.00	0.00	64.21	7.49	0.00	0.00	2000
221	10.67	2060	2111	0.00	195	0	0	0	nan	0.00	0.00	3.23	86.58	89.33	0.00	41	0	42	0.00	0.00	64.40	7.55	0.00	0.00	2000
220	10.90	2032	2087	0.00	194	0	0	0	nan	0.00	0.00	3.37	85.33	89.10	0.00	41	0	42	0.00	0.00	63.83	7.45	0.00	0.00	2000
227	11.11	2031	2113	0.00	198	0	0	0	nan	0.00	0.00	5.00	84.51	88.89	0.00	41	0	42	0.00	0.00	64.28	7.74	0.00	0.00	2000
220	10.67	2075	2090	0.00	195	0	0	0	nan	0.00	0.00	3.30	85.70	89.33	0.00	41	0	42	0.00	0.00	64.02	7.43	0.00	0.00	2000
220	10.94	2020	2087	0.00	195	0	0	0	nan	0.00	0.00	3.16	85.47	89.06	0.00	41	0	43	0.00	0.00	61.03	7.06	0.00	0.00	2000
224	10.84	2054	2108	0.00	198	0	0	0	nan	0.00	0.00	4.40	85.15	89.16	0.00	41	0	43	0.00	0.00	64.20	7.54	0.00	0.00	2000
218	11.00	2096	1989	0.00	196	0	0	0	nan	0.00	0.02	3.38	80.96	89.00	0.00	41	0	42	0.00	0.00	61.92	7.02	0.00	0.00	2000
226	10.62	1998	2239	0.00	212	0	0	1	75.87	0.00	0.01	3.33	92.13	89.38	0.00	41	0	43	0.00	0.00	69.64	7.99	0.00	0.00	2000
220	11.03	2016	2081	1.29	211	0	0	6	70.75	0.00	0.00	3.04	85.20	88.97	0.00	41	0	42	0.00	0.00	61.82	7.37	0.00	0.00	2000
220	10.97	1992	2116	0.00	195	0	0	0	nan	0.00	0.00	3.44	86.36	89.03	0.00	42	0	42	0.00	0.00	66.91	7.84	0.00	0.00	2000
221	10.70	2064	2099	0.00	195	0	0	0	nan	0.00	0.00	3.37	85.93	89.30	0.00	41	0	42	0.00	0.00	64.16	7.13	0.00	0.00	2000
222	11.14	2029	2065	0.00	197	0	0	0	nan	0.00	0.00	4.34	83.18	88.86	0.00	41	0	42	0.00	0.00	61.31	7.39	0.00	0.00	2000
222	10.75	2034	2137	0.00	195	0	0	0	nan	0.00	0.02	4.40	86.48	89.25	0.00	41	0	42	0.00	0.00	67.19	7.38	0.00	0.00	2000
220	10.87	2017	2106	0.00	195	0	0	0	nan	0.00	0.00	3.55	85.93	89.13	0.00	41	0	42	0.00	0.00	64.17	7.89	0.00	0.00	2000
221	10.91	2006	2116	0.00	196	0	0	0	nan	0.00	0.00	3.58	86.30	89.09	0.00	41	0	43	0.00	0.00	64.01	7.56	0.00	0.00	2000
218	11.24	1976	2065	0.00	211	0	0	0	nan	0.00	0.01	3.15	84.21	88.76	0.00	41	0	42	0.00	0.00	61.25	7.37	0.00	0.00	2000
222	10.93	2009	2125	0.00	196	0	0	0	nan	0.00	0.00	3.97	86.34	89.07	0.00	41	0	43	0.00	0.00	67.06	7.72	0.00	0.00	2000
220	11.03	2000	2098	0.00	194	0	0	0	nan	0.00	0.00	3.35	85.70	88.97	0.00	41	0	42	0.00	0.00	64.25	7.31	0.00	0.00	2000
220	11.00	2002	2103	0.00	196	0	0	0	nan	0.00	0.00	3.57	85.77	89.00	0.00	41	0	42	0.00	0.00	64.10	7.58	0.00	0.00	2000
219	10.95	2039	2065	0.00	194	0	0	0	nan	0.00	0.00	3.29	84.46	89.05	0.00	41	0	43	0.00	0.00	61.19	7.32	0.00	0.00	2000
221	10.80	2039	2103	0.00	195	0	0	0	nan	0.00	0.00	2.69	86.79	89.20	0.00	41	0	42	0.00	0.00	64.10	7.27	0.00	0.00	2000
223	10.69	2060	2129	0.00	195	0	0	0	nan	0.00	0.00	3.02	87.66	89.31	0.00	40	0	42	0.00	0.00	64.35	7.42	0.00	0.00	2000
222	11.08	2001	2105	0.00	194	0	0	0	nan	0.00	0.00	3.24	86.01	88.92	0.00	41	0	43	0.00	0.00	64.49	7.64	0.00	0.00	2000
219	10.99	2012	2084	0.00	194	0	0	0	nan	0.00	0.00	3.28	85.17	89.01	0.00	41	0	42	0.00	0.00	64.20	7.40	0.00	0.00	2000
220	10.86	2029	2094	0.00	195	0	0	1	77.24	0.00	0.00	3.50	85.60	89.14	0.00	41	0	42	0.00	0.00	63.86	7.38	0.00	0.00	2000
223	10.74	2080	2100	1.36	194	0	0	6	71.66	0.00	0.02	3.47	85.87	89.26	0.00	41	0	42	0.00	0.00	64.27	7.53	0.00	0.00	2000
222	11.11	2015	2085	0.00	196	0	0	0	nan	0.00	0.00	3.48	84.94	88.89	0.00	41	0	43	0.00	0.00	63.76	7.62	0.00	0.00	2000
223	10.46	2084	2144	0.00	196	0	0	0	nan	0.00	0.01	4.05	87.51	89.54	0.00	42	0	42	0.00	0.00	65.62	7.59	0.00	0.00	2000
219	10.55	2124	2052	0.00	195	0	0	0	nan	0.00	0.00	2.82	84.68	89.45	0.00	41	0	42	0.00	0.00	60.30	7.05	0.00	0.00	2000
220	10.67	2040	2124	0.00	195	0	0	0	nan	0.01	0.00	3.08	87.34	89.33	0.00	41	0	42	0.00	0.00	66.61	7.82	0.00	0.00	2000
221	10.73	2052	2111	0.00	194	0	0	0	nan	0.00	0.01	3.20	86.61	89.27	0.00	41	0	42	0.00	0.00	64.40	7.52	0.00	0.00	2000
219	11.21	2072	1976	0.00	197	0	0	0	nan	0.00	0.00	3.46	80.16	88.79	0.00	41	0	42	0.00	0.00	61.73	7.00	0.00	0.00	2000
225	10.49	2000	2253	0.00	213	0	0	0	nan	0.00	0.00	2.62	93.57	89.51	0.00	42	0	42	0.00	0.00	66.66	7.74	0.00	0.00	2000
220	11.25	1997	2055	0.00	219	0	0	0	nan	0.00	0.02	3.04	83.90	88.75	0.00	41	0	42	0.00	0.00	63.90	7.46	0.00	0.00	2000
221	10.78	2002	2150	0.00	193	0	0	0	nan	0.00	0.00	3.29	88.14	89.22	0.00	41	0	42	0.00	0.00	63.52	7.40	0.00	0.00	2000
221	10.65	2069	2108	0.00	195	0	0	0	nan	0.00	0.01	3.18	86.55	89.35	0.00	41	0	42	0.00	0.00	66.15	7.36	0.00	0.00	2000
221	10.71	2069	2098	0.00	196	0	0	0	nan	0.00	0.00	3.92	85.37	89.29	0.00	41	0	42	0.00	0.00	62.31	7.04	0.00	0.00	2000
217	10.95	2090	1987	0.00	195	0	0	0	nan	0.00	0.00	3.23	81.10	89.05	0.00	41	0	42	0.00	0.00	62.77	7.41	0.00	0.00	2000
224	10.36	2088	2172	0.00	195	0	0	0	nan	0.00	0.00	2.54	90.27	89.64	0.00	41	0	42	0.00	0.00	67.06	7.63	0.00	0.00	2000
223	10.72	2064	2112	0.00	195	0	0	0	nan	0.00	0.01	3.83	85.99	89.28	0.00	42	0	42	0.00	0.00	64.83	7.35	0.00	0.00	2000
221	10.83	2032	2106	0.00	195	0	0	0	nan	0.00	0.00	3.01	86.51	89.17	0.00	41	0	42	0.00	0.00	63.52	7.45	0.00	0.00	2000
223	10.53	2135	2081	0.00	195	0	0	1	79.30	0.00	0.00	3.75	84.98	89.47	0.00	41	0	42	0.00	0.00	64.84	7.55	0.00	0.00	2000
222	10.70	2058	2113	1.37	194	0	0	6	71.47	0.00	0.03	3.10	86.83	89.30	0.00	41	0	42	0.00	0.00	64.25	7.49	0.00	0.00	2000
221	10.89	2001	2132	0.00	195	0	0	0	nan	0.00	0.00	3.75	86.81	89.11	0.00	41	0	42	0.00	0.00	64.64	7.81	0.00	0.00	2000
219	10.88	2048	2069	0.00	195	0	0	0	nan	0.00	0.00	2.98	84.86	89.12	0.00	41	0	42	0.00	0.00	61.22	7.27	0.00	0.00	2000
219	10.67	2078	2078	0.00	195	0	0	0	nan	0.00	0.00	3.27	85.16	89.33	0.00	41	0	42	0.00	0.00	66.26	7.45	0.00	0.00	2000
221	10.85	2037	2102	0.00	194	0	0	0	nan	0.00	0.02	3.21	86.06	89.15	0.00	41	0	42	0.00	0.00	64.00	7.72	0.00	0.00	2000
222	10.62	2096	2089	0.00	196	0	0	0	nan	0.00	0.01	3.57	85.39	89.38	0.00	41	0	42	0.00	0.00	61.93	7.24	0.00	0.00	2000
222	10.48	2086	2133	0.00	194	0	0	0	nan	0.00	0.00	3.52	87.56	89.52	0.00	41	0	43	0.00	0.00	67.08	7.91	0.00	0.00	2000
220	10.79	2036	2105	0.00	194	0	0	0	nan	0.00	0.00	3.07	86.46	89.21	0.00	41	0	42	0.00	0.00	61.68	7.09	0.00	0.00	2000
220	10.74	2060	2090	0.00	195	0	0	0	nan	0.00	0.00	3.67	85.29	89.26	0.00	41	0	42	0.00	0.00	66.94	7.81	0.00	0.00	2000
222	10.98	2008	2117	0.00	195	0	0	0	nan	0.00	0.01	3.73	86.08	89.02	0.00	41	0	42	0.00	0.00	64.13	7.51	0.00	0.00	2000
222	10.89	2035	2103	0.00	200	0	0	0	nan	0.00	0.00	4.80	84.55	89.11	0.00	41	0	42	0.00	0.00	64.35	7.51	0.00	0.00	2000
220	10.95	2040	2064	0.00	195	0	0	0	nan	0.00	0.00	3.68	83.99	89.05	0.00	41	0	42	0.00	0.00	61.07	7.09	0.00	0.00	2000
228	10.80	2077	2133	0.00	196	0	0	0	nan	0.00	0.01	4.30	86.36	89.20	0.00	41	0	42	0.00	0.00	67.38	7.46	0.00	0.00	2000
220	10.90	2049	2064	0.00	194	0	0	0	nan	0.00	0.00	3.49	84.22	89.10	0.00	41	0	42	0.00	0.00	61.54	7.54	0.00	0.00	2000
222	10.71	2079	2097	0.00	196	0	0	0	nan	0.00	0.00	3.24	86.00	89.29	0.00	41	0	42	0.00	0.00	62.23	7.23	0.00	0.00	2000
223	10.70	2030	2159	0.00	196	0	0	0	nan	0.00	0.00	3.40	88.47	89.30	0.00	41	0	42	0.00	0.00	69.41	8.13	0.00	0.00	2000
220	10.67	2097	2065	0.00	194	0	0	0	nan	0.00	0.02	3.58	84.29	89.33	0.00	41	0	42	0.00	0.00	61.52	7.36	0.00	0.00	2000
220	10.40	2131	2084	1.21	194	0	0	5	68.95	0.00	0.01	3.33	85.58	89.60	0.00	41	0	42	0.00	0.00	64.21	7.41	0.00	0.00	2000
223	10.63	2077	2119	0.21	196	0	0	0	nan	0.00	0.01	3.12	87.20	89.37	0.00	41	0	42	0.00	0.00	64.44	7.40	0.00	0.00	2000
219	10.56	2099	2079	0.00	194	0	0	0	nan	0.00	0.00	3.45	85.13	89.44	0.00	41	0	42	0.00	0.00	63.97	7.51	0.00	0.00	2000
222	10.67	2075	2109	0.00	195	0	0	0	nan	0.00	0.01	3.82	86.02	89.33	0.00	41	0	42	0.00	0.00	64.05	7.40	0.00	0.00	2000
221	10.51	2095	2106	0.00	194	0	0	0	nan	0.00	0.02	3.30	86.52	89.49	0.00	41	0	42	0.00	0.00	64.57	7.50	0.00	0.00	2000
221	10.26	2152	2099	0.00	196	0	0	0	nan	0.00	0.00	3.84	85.85	89.74	0.00	42	0	42	0.00	0.00	64.43	7.39	0.00	0.00	2000
222	10.48	2110	2103	0.00	194	0	0	0	nan	0.00	0.00	2.88	86.80	89.52	0.00	41	0	43	0.00	0.00	64.83	7.60	0.00	0.00	2000
220	10.56	2087	2094	0.00	194	0	0	0	nan	0.00	0.00	2.85	86.43	89.44	0.00	41	0	43	0.00	0.00	64.03	7.55	0.00	0.00	2000
222	10.81	2054	2104	0.00	195	0	0	0	nan	0.00	0.01	2.93	86.51	89.19	0.00	41	0	42	0.00	0.00	64.46	7.58	0.00	0.00	2000
221	10.86	2017	2116	0.00	196	0	0	0	nan	0.00	0.00	3.18	86.75	89.14	0.00	41	0	42	0.00	0.00	64.70	7.39	0.00	0.00	2000
220	10.79	2042	2098	0.00	195	0	0	0	nan	0.00	0.00	3.65	85.57	89.21	0.00	41	0	42	0.00	0.00	64.00	7.64	0.00	0.00	2000
220	10.71	2080	2075	0.00	194	0	0	0	nan	0.00	0.00	3.69	84.50	89.29	0.00	42	0	42	0.00	0.00	64.33	7.51	0.00	0.00	2000
221	10.39	2096	2128	0.00	194	0	0	0	nan	0.00	0.00	3.45	87.35	89.61	0.00	41	0	42	0.00	0.00	64.61	7.62	0.00	0.00	2000
225	11.09	2039	2089	0.00	199	0	0	0	nan	0.00	0.00	4.98	83.52	88.91	0.00	41	0	43	0.00	0.00	64.31	7.52	0.00	0.00	2000
220	10.59	2086	2095	0.00	196	0	0	0	nan	0.01	0.00	3.96	85.30	89.41	0.00	41	0	43	0.00	0.00	63.92	7.42	0.00	0.00	2000
221	10.74	2055	2102	0.00	195	0	0	0	nan	0.00	0.00	3.35	85.98	89.26	0.00	41	0	42	0.00	0.00	64.44	7.31	0.00	0.00	2000
220	10.54	2105	2083	0.00	195	0	0	0	nan	0.00	0.02	3.55	85.25	89.46	0.00	41	0	42	0.00	0.00	64.40	7.37	0.00	0.00	2000
222	10.51	2078	2136	0.84	195	0	0	6	72.48	0.00	0.03	3.23	87.87	89.49	0.00	41	0	42	0.00	0.00	64.40	7.33	0.00	0.00	2000
222	11.00	2004	2112	0.56	196	0	0	0	nan	0.00	0.00	3.32	86.30	89.00	0.00	41	0	42	0.00	0.00	64.03	7.35	0.00	0.00	2000
221	10.94	2048	2075	0.00	195	0	0	0	nan	0.00	0.02	3.80	84.28	89.06	0.00	41	0	42	0.00	0.00	64.72	7.54	0.00	0.00	2000
219	10.68	2074	2077	0.00	193	0	0	0	nan	0.00	0.00	2.62	85.83	89.32	0.00	41	0	42	0.00	0.00	64.12	7.57	0.00	0.00	2000
223	10.44	2086	2148	0.00	195	0	0	0	nan	0.00	0.04	2.69	88.95	89.56	0.00	41	0	42	0.00	0.00	65.49	7.55	0.00	0.00	2000
230	11.37	2076	2043	0.00	195	0	0	0	nan	0.00	0.02	3.46	82.79	88.63	0.00	41	0	42	0.00	0.00	60.78	7.10	0.00	0.00	2000
221	10.42	2097	2123	0.00	194	0	0	0	nan	0.00	0.00	2.99	87.54	89.58	0.00	41	0	43	0.00	0.00	67.30	7.79	0.00	0.00	2000
222	10.54	2087	2117	0.00	195	0	0	0	nan	0.00	0.00	3.73	86.55	89.46	0.00	41	0	42	0.00	0.00	64.46	7.54	0.00	0.00	2000
220	11.06	1997	2095	0.00	195	0	0	0	nan	0.00	0.00	3.58	85.27	88.94	0.00	42	0	42	0.00	0.00	63.73	7.45	0.00	0.00	2000
221	10.75	2061	2097	0.00	197	0	0	0	nan	0.00	0.00	4.28	84.92	89.25	0.00	41	0	42	0.00	0.00	64.43	7.38	0.00	0.00	2000
221	10.76	2060	2096	0.00	195	0	0	0	nan	0.00	0.00	3.48	85.69	89.24	0.00	41	0	42	0.00	0.00	63.90	7.47	0.00	0.00	2000
221	10.51	2116	2085	0.00	195	0	0	0	nan	0.00	0.02	3.49	85.38	89.49	0.00	41	0	42	0.00	0.00	62.03	7.38	0.00	0.00	2000
224	10.60	2092	2127	0.00	199	0	0	0	nan	0.00	0.00	3.53	87.15	89.40	0.00	41	0	42	0.00	0.00	67.57	7.73	0.00	0.00	2000
221	11.13	2015	2070	0.00	196	0	0	0	nan	0.00	0.00	3.25	84.57	88.87	0.00	41	0	42	0.00	0.00	60.99	7.08	0.00	0.00	2000
223	10.53	2091	2125	0.00	195	0	0	0	nan	0.00	0.02	3.24	87.28	89.47	0.00	42	0	42	0.00	0.00	67.09	7.66	0.00	0.00	2000
221	10.78	2063	2087	0.00	194	0	0	0	nan	0.00	0.00	3.59	85.14	89.22	0.00	41	0	42	0.00	0.00	61.73	7.11	0.00	0.00	2000
222	10.83	2027	2123	0.00	195	0	0	0	nan	0.00	0.00	3.98	86.21	89.17	0.00	41	0	42	0.00	0.00	66.95	7.78	0.00	0.00	2000
221	11.09	2036	2054	0.51	200	0	0	6	69.40	0.00	0.00	4.37	82.69	88.91	0.00	41	0	42	0.00	0.00	61.02	7.15	0.00	0.00	2000
221	10.78	2001	2151	0.90	194	0	0	2	85.51	0.00	0.00	3.45	88.18	89.22	0.00	41	0	42	0.00	0.00	67.44	7.82	0.00	0.00	2000
220	11.23	1990	2067	0.00	195	0	0	0	nan	0.00	0.00	3.14	84.38	88.77	0.00	41	0	42	0.00	0.00	60.92	7.16	0.00	0.00	2000
221	10.58	2042	2150	0.00	195	0	0	0	nan	0.00	0.02	3.25	88.36	89.42	0.00	41	0	42	0.00	0.00	67.77	7.81	0.00	0.00	2000
219	11.23	2004	2041	0.00	194	0	0	0	nan	0.00	0.00	3.36	83.06	88.77	0.00	41	0	42	0.00	0.00	60.43	7.00	0.00	0.00	2000
224	10.59	2086	2128	0.00	197	0	0	0	nan	0.00	0.02	3.93	86.69	89.41	0.00	41	0	42	0.00	0.00	64.33	7.35	0.00	0.00	2000
221	10.53	2103	2093	0.00	194	0	0	0	nan	0.00	0.00	3.28	85.94	89.47	0.00	41	0	42	0.00	0.00	64.15	7.36	0.00	0.00	2000
220	10.62	2081	2091	0.00	195	0	0	0	nan	0.00	0.00	3.77	85.33	89.38	0.00	41	0	42	0.00	0.00	64.12	7.55	0.00	0.00	2000
221	10.54	2074	2126	0.00	194	0	0	0	nan	0.00	0.01	3.17	87.44	89.46	0.00	41	0	42	0.00	0.00	66.96	7.65	0.00	0.00	2000
217	11.54	2056	1920	0.00	195	0	0	0	nan	0.00	0.00	2.83	78.21	88.46	0.00	39	0	42	0.00	0.00	58.22	6.73	0.00	0.00	2000
234	10.52	2020	2313	0.00	242	0	0	0	nan	0.00	0.03	3.37	95.26	89.48	0.00	39	0	42	0.00	0.00	69.41	8.04	0.00	0.00	2000
229	11.32	2013	2109	0.00	195	0	0	0	nan	0.00	0.00	5.29	83.84	88.68	0.00	40	0	42	0.00	0.00	64.38	7.43	0.00	0.00	2000
227	11.20	2049	2081	0.00	195	0	0	0	nan	0.00	0.00	4.20	83.88	88.80	0.00	40	0	42	0.00	0.00	64.31	7.51	0.00	0.00	2000
231	11.07	2070	2114	0.00	195	0	0	0	nan	0.00	0.00	6.28	83.36	88.93	0.00	40	0	42	0.00	0.00	64.18	7.18	0.00	0.00	2000
228	10.98	2070	2108	0.00	195	0	0	0	nan	0.00	0.00	4.44	85.01	89.02	0.00	41	0	42	0.00	0.00	64.39	7.37	0.00	0.00	2000
232	11.36	2051	2094	0.00	195	0	0	0	nan	0.00	0.01	4.19	84.31	88.64	0.00	41	0	42	0.00	0.00	63.70	7.34	0.00	0.00	2000
228	11.02	2071	2096	0.00	195	0	0	0	nan	0.00	0.00	4.91	83.92	88.98	0.00	41	0	42	0.00	0.00	64.67	7.47	0.00	0.00	2000
229	10.90	2098	2104	0.58	196	0	0	12	33.97	0.00	0.00	5.23	84.14	89.10	0.00	41	0	42	0.00	0.00	64.05	7.71	0.00	0.00	2000
228	11.25	2025	2099	0.88	196	0	0	2	86.31	0.00	0.00	4.72	84.10	88.75	0.00	41	0	42	0.00	0.00	64.21	7.50	0.00	0.00	2000
230	11.03	2089	2093	0.00	195	0	0	0	nan	0.00	0.02	4.81	83.90	88.97	0.00	41	0	42	0.00	0.00	64.06	7.42	0.00	0.00	2000
231	11.34	2048	2093	0.00	198	0	0	0	nan	0.00	0.00	6.41	82.09	88.66	0.00	41	0	42	0.00	0.00	64.24	7.32	0.00	0.00	2000
230	11.15	2034	2129	0.00	197	0	0	0	nan	0.00	0.00	5.03	85.23	88.85	0.00	41	0	42	0.00	0.00	64.66	7.36	0.00	0.00	2000
227	11.14	2078	2063	0.00	177	0	0	0	nan	0.00	0.00	3.65	83.73	88.86	0.00	41	0	42	0.00	0.00	63.57	7.29	0.00	0.00	2000
229	10.96	2068	2122	0.00	212	0	0	0	nan	0.00	0.00	4.92	85.16	89.04	0.00	41	0	42	0.00	0.00	64.40	7.32	0.00	0.00	2000
228	11.07	2051	2107	0.00	195	0	0	0	nan	0.00	0.00	4.58	84.69	88.93	0.00	41	0	42	0.00	0.00	65.87	7.63	0.00	0.00	2000
230	11.28	2070	2071	0.00	182	0	0	0	nan	0.00	0.00	3.80	83.73	88.72	0.00	41	0	42	0.00	0.00	63.02	7.28	0.00	0.00	2000
227	10.91	2061	2124	0.00	210	0	0	0	nan	0.00	0.00	4.66	85.57	89.09	0.00	41	0	43	0.00	0.00	64.51	7.52	0.00	0.00	2000
229	11.10	2059	2102	0.00	194	0	0	0	nan	0.00	0.00	4.52	84.59	88.90	0.00	41	0	42	0.00	0.00	63.85	7.43	0.00	0.00	2000
228	11.23	2034	2099	0.00	195	0	0	0	nan	0.00	0.00	4.32	84.56	88.77	0.00	41	0	42	0.00	0.00	63.97	7.40	0.00	0.00	2000
229	11.05	2074	2099	0.00	196	0	0	0	nan	0.00	0.00	4.31	84.73	88.95	0.00	41	0	42	0.00	0.00	64.65	7.39	0.00	0.00	2000
232	11.16	2091	2086	0.00	196	0	0	0	nan	0.00	0.02	4.64	83.65	88.84	0.00	41	0	42	0.00	0.00	64.06	7.50	0.00	0.00	2000
230	11.09	2063	2112	0.00	195	0	0	0	nan	0.00	0.00	5.45	84.02	88.91	0.00	41	0	42	0.00	0.00	64.67	7.27	0.00	0.00	2000
227	11.10	2047	2100	0.00	195	0	0	0	nan	0.00	0.00	4.45	84.56	88.90	0.00	41	0	42	0.00	0.00	64.38	7.33	0.00	0.00	2000
230	11.10	2076	2094	0.00	194	0	0	0	nan	0.00	0.00	4.86	83.88	88.90	0.00	41	0	42	0.00	0.00	64.69	7.41	0.00	0.00	2000
228	10.99	2082	2093	0.19	195	0	0	4	73.78	0.00	0.00	4.94	83.81	89.01	0.00	41	0	42	0.00	0.00	64.14	7.44	0.00	0.00	2000
231	11.04	2078	2118	1.21	195	0	0	4	80.18	0.00	0.00	5.30	84.52	88.96	0.00	41	0	42	0.00	0.00	64.55	7.44	0.00	0.00	2000
228	10.95	2090	2096	0.00	196	0	0	0	nan	0.00	0.01	4.26	84.74	89.06	0.00	41	0	42	0.00	0.00	64.50	7.46	0.00	0.00	2000
228	11.04	2060	2106	0.00	194	0	0	0	nan	0.00	0.00	4.63	84.56	88.96	0.00	41	0	42	0.00	0.00	64.46	7.37	0.00	0.00	2000
229	11.17	2054	2095	0.00	195	0	0	0	nan	0.00	0.00	4.71	83.94	88.83	0.00	41	0	42	0.00	0.00	63.96	7.57	0.00	0.00	2000
230	11.06	2068	2110	0.00	194	0	0	0	nan	0.00	0.00	4.39	84.97	88.94	0.00	41	0	42	0.00	0.00	64.85	7.68	0.00	0.00	2000
228	11.14	2061	2089	0.00	198	0	0	0	nan	0.00	0.02	4.66	83.87	88.86	0.00	41	0	42	0.00	0.00	63.69	7.53	0.00	0.00	2000
235	11.36	2057	2112	0.00	197	0	0	0	nan	0.00	0.00	6.46	82.79	88.64	0.00	41	0	42	0.00	0.00	65.30	7.51	0.00	0.00	2000
229	11.23	2047	2089	0.00	212	0	0	0	nan	0.00	0.00	4.45	83.98	88.77	0.00	41	0	42	0.00	0.00	63.51	7.44	0.00	0.00	2000
229	11.12	2060	2102	0.00	195	0	0	0	nan	0.00	0.00	4.61	84.46	88.88	0.00	41	0	42	0.00	0.00	64.50	7.51	0.00	0.00	2000
234	11.21	2085	2100	0.00	198	0	0	0	nan	0.00	0.00	4.10	84.78	88.79	0.00	41	0	42	0.00	0.00	64.17	7.50	0.00	0.00	2000
229	11.18	2063	2087	0.00	194	0	0	0	nan	0.00	0.00	4.84	83.52	88.82	0.00	41	0	42	0.00	0.00	64.99	7.44	0.00	0.00	2000
231	11.36	2026	2108	0.00	195	0	0	0	nan	0.00	0.00	6.57	82.50	88.64	0.00	41	0	42	0.00	0.00	64.22	7.61	0.00	0.00	2000
230	11.05	2077	2103	0.00	195	0	0	0	nan	0.00	0.00	5.09	84.04	88.96	0.00	41	0	42	0.00	0.00	64.56	7.45	0.00	0.00	2000
228	11.00	2078	2098	0.00	194	0	0	0	nan	0.00	0.00	4.55	84.44	89.00	0.00	41	0	42	0.00	0.00	64.31	7.41	0.00	0.00	2000
229	10.98	2083	2101	0.00	195	0	0	0	nan	0.00	0.00	4.30	84.86	89.02	0.00	41	0	42	0.00	0.00	64.46	7.53	0.00	0.00	2000
227	10.99	2085	2084	0.00	195	0	0	0	nan	0.00	0.00	4.76	83.61	89.01	0.00	41	0	42	0.00	0.00	63.98	7.65	0.00	0.00	2000
231	11.37	2014	2118	0.00	196	0	0	3	77.38	0.00	0.00	5.74	83.78	88.63	0.00	41	0	43	0.00	0.00	64.34	7.42	0.00	0.00	2000
228	10.85	2122	2083	1.35	194	0	0	5	76.37	0.00	0.00	4.88	83.59	89.15	0.00	41	0	43	0.00	0.00	64.61	7.54	0.00	0.00	2000
230	10.73	2135	2108	0.00	195	0	0	0	nan	0.00	0.00	5.49	84.11	89.27	0.00	41	0	42	0.00	0.00	64.13	7.62	0.00	0.00	2000
229	10.92	2101	2092	0.00	196	0	0	0	nan	0.00	0.00	5.36	83.43	89.08	0.00	41	0	43	0.00	0.00	63.81	7.64	0.00	0.00	2000
229	10.80	2102	2119	0.00	195	0	0	0	nan	0.00	0.00	5.36	84.69	89.20	0.00	40	0	42	0.00	0.00	64.75	7.55	0.00	0.00	2000
230	11.19	2051	2104	0.00	196	0	0	0	nan	0.00	0.00	3.79	85.27	88.81	0.00	41	0	43	0.00	0.00	64.34	7.50	0.00	0.00	2000
229	11.19	2063	2084	0.00	195	0	0	0	nan	0.00	0.00	3.97	84.18	88.81	0.00	41	0	42	0.00	0.00	64.55	7.48	0.00	0.00	2000
227	11.11	2040	2103	0.00	194	0	0	0	nan	0.00	0.00	5.52	83.60	88.89	0.00	41	0	42	0.00	0.00	64.16	7.46	0.00	0.00	2000
229	11.16	2059	2098	0.00	196	0	0	0	nan	0.00	0.00	5.60	83.24	88.84	0.00	41	0	42	0.00	0.00	63.94	7.44	0.00	0.00	2000
228	10.96	2075	2104	0.00	195	0	0	0	nan	0.00	0.00	5.07	84.21	89.04	0.00	41	0	43	0.00	0.00	61.70	7.17	0.00	0.00	2000
231	11.04	2084	2113	0.00	197	0	0	0	nan	0.00	0.00	5.04	84.46	88.96	0.00	40	0	42	0.00	0.00	64.28	7.47	0.00	0.00	2000
227	11.11	2056	2092	0.00	195	0	0	0	nan	0.00	0.00	4.03	84.61	88.89	0.00	41	0	42	0.00	0.00	67.32	7.68	0.00	0.00	2000
231	11.09	2094	2092	0.00	195	0	0	0	nan	0.00	0.01	4.74	83.92	88.91	0.00	41	0	43	0.00	0.00	61.31	7.68	0.00	0.00	2000
228	10.93	2098	2091	0.00	195	0	0	0	nan	0.00	0.00	5.42	83.33	89.07	0.00	41	0	42	0.00	0.00	62.74	7.09	0.00	0.00	2000
229	10.88	2093	2116	0.00	195	0	0	0	nan	0.00	0.00	5.20	84.69	89.12	0.00	41	0	42	0.00	0.00	66.45	7.78	0.00	0.00	2000
229	10.89	2105	2101	0.00	194	0	0	0	nan	0.00	0.02	4.29	84.83	89.11	0.00	41	0	42	0.00	0.00	64.62	7.53	0.00	0.00	2000
234	11.11	2116	2092	0.00	200	0	0	0	nan	0.00	0.00	4.26	84.39	88.89	0.00	41	0	42	0.00	0.00	64.39	7.68	0.00	0.00	2000
228	11.03	2066	2104	0.00	195	0	0	1	80.93	0.00	0.00	5.62	83.67	88.97	0.00	41	0	42	0.00	0.00	64.23	7.54	0.00	0.00	2000
229	11.13	2049	2108	1.40	194	0	0	6	77.31	0.00	0.00	4.74	84.52	88.87	0.00	41	0	42	0.00	0.00	64.11	7.51	0.00	0.00	2000
227	11.19	2036	2095	0.00	194	0	0	0	nan	0.00	0.00	4.96	83.78	88.81	0.00	41	0	43	0.00	0.00	61.49	7.35	0.00	0.00	2000
229	10.95	2092	2102	0.00	196	0	0	0	nan	0.00	0.02	4.60	84.60	89.05	0.00	41	0	42	0.00	0.00	67.20	7.87	0.00	0.00	2000
229	11.22	2047	2097	0.00	196	0	0	0	nan	0.00	0.00	5.31	83.38	88.78	0.00	41	0	42	0.00	0.00	62.06	7.10	0.00	0.00	2000
238	11.61	2079	2069	0.00	195	0	0	0	nan	0.00	0.00	4.68	82.41	88.40	0.00	41	0	42	0.00	0.00	63.23	7.38	0.00	0.00	2000
233	10.77	2125	2139	0.00	195	0	0	0	nan	0.00	0.01	4.27	86.65	89.23	0.00	41	0	42	0.00	0.00	68.15	7.96	0.00	0.00	2000
230	11.10	2067	2105	0.00	195	0	0	0	nan	0.00	0.00	4.01	85.20	88.90	0.00	41	0	42	0.00	0.00	64.58	7.51	0.00	0.00	2000
229	11.06	2093	2074	0.00	195	0	0	0	nan	0.00	0.00	4.81	83.03	88.94	0.00	41	0	42	0.00	0.00	61.82	7.12	0.00	0.00	2000
231	10.83	2123	2108	0.00	195	0	0	0	nan	0.00	0.00	5.78	83.73	89.17	0.00	41	0	42	0.00	0.00	64.36	7.69	0.00	0.00	2000
231	10.97	2117	2092	0.00	198	0	0	0	nan	0.00	0.00	7.04	81.70	89.03	0.00	41	0	42	0.00	0.00	64.67	7.27	0.00	0.00	2000
230	10.72	2122	2121	0.00	197	0	0	0	nan	0.00	0.01	5.02	85.18	89.28	0.00	41	0	42	0.00	0.00	64.62	7.49	0.00	0.00	2000
230	11.25	2027	2113	0.00	194	0	0	0	nan	0.00	0.00	4.63	84.80	88.75	0.00	41	0	42	0.00	0.00	65.84	7.50	0.00	0.00	2000
231	11.20	2104	2061	0.00	182	0	0	0	nan	0.00	0.02	4.08	83.08	88.80	0.00	41	0	42	0.00	0.00	63.09	7.35	0.00	0.00	2000
230	11.18	2020	2135	0.00	210	0	0	0	nan	0.00	0.00	5.14	85.25	88.82	0.00	41	0	42	0.00	0.00	67.01	7.90	0.00	0.00	2000
229	11.03	2094	2079	0.00	196	0	0	0	nan	0.00	0.00	3.77	84.42	88.97	0.00	41	0	42	0.00	0.00	61.87	7.10	0.00	0.00	2000
229	10.95	2083	2106	0.00	196	0	0	0	nan	0.00	0.00	5.29	84.07	89.05	0.00	41	0	42	0.00	0.00	64.67	7.55	0.00	0.00	2000
229	10.87	2088	2120	0.00	194	0	0	0	nan	0.00	0.00	4.53	85.51	89.13	0.00	41	0	42	0.00	0.00	66.17	7.90	0.00	0.00	2000
226	11.22	2071	2044	1.25	178	0	0	5	68.73	0.00	0.01	2.78	83.67	88.78	0.00	41	0	42	0.00	0.00	62.38	7.33	0.00	0.00	2000
230	11.07	2036	2139	0.22	210	0	0	0	nan	0.00	0.02	3.84	86.87	88.93	0.00	41	0	42	0.00	0.00	64.34	7.52	0.00	0.00	2000
230	11.44	2026	2084	0.00	181	0	0	0	nan	0.00	0.00	5.04	82.97	88.56	0.00	41	0	42	0.00	0.00	64.03	7.55	0.00	0.00	2000
230	11.25	2026	2116	0.00	211	0	0	0	nan	0.00	0.00	5.51	84.00	88.75	0.00	41	0	42	0.00	0.00	64.43	7.47	0.00	0.00	2000
228	10.95	2083	2099	0.00	195	0	0	0	nan	0.00	0.00	4.72	84.32	89.05	0.00	41	0	42	0.00	0.00	64.21	7.39	0.00	0.00	2000
228	11.12	2052	2100	0.00	195	0	0	0	nan	0.00	0.00	4.23	84.79	88.88	0.00	41	0	42	0.00	0.00	64.28	7.30	0.00	0.00	2000
228	11.23	2041	2087	0.00	196	0	0	0	nan	0.00	0.00	4.76	83.60	88.77	0.00	41	0	42	0.00	0.00	64.08	7.51	0.00	0.00	2000
231	11.26	2043	2113	0.00	194	0	0	0	nan	0.00	0.00	5.46	83.93	88.74	0.00	41	0	42	0.00	0.00	64.71	7.55	0.00	0.00	2000
228	11.33	2009	2100	0.00	195	0	0	0	nan	0.00	0.00	4.47	84.37	88.68	0.00	41	0	42	0.00	0.00	64.23	7.39	0.00	0.00	2000
229	11.15	2052	2106	0.00	195	0	0	0	nan	0.00	0.00	4.35	84.75	88.85	0.00	41	0	42	0.00	0.00	64.63	7.49	0.00	0.00	2000
227	11.21	2030	2095	0.00	196	0	0	0	nan	0.00	0.00	4.67	84.02	88.79	0.00	41	0	42	0.00	0.00	64.25	7.57	0.00	0.00	2000
229	11.12	2066	2094	0.00	194	0	0	0	nan	0.00	0.00	4.29	84.44	88.88	0.00	41	0	42	0.00	0.00	64.07	7.53	0.00	0.00	2000
229	11.20	2052	2094	0.00	196	0	0	0	nan	0.00	0.00	5.87	82.78	88.80	0.00	41	0	42	0.00	0.00	64.03	7.39	0.00	0.00	2000
229	10.93	2083	2116	0.00	194	0	0	0	nan	0.00	0.00	5.33	84.47	89.07	0.00	42	0	42	0.00	0.00	65.57	7.59	0.00	0.00	2000
228	11.02	2082	2084	0.00	181	0	0	0	nan	0.00	0.02	4.86	83.55	88.98	0.00	41	0	42	0.00	0.00	63.85	7.55	0.00	0.00	2000
231	11.08	2058	2125	0.00	212	0	0	0	nan	0.00	0.00	5.35	84.66	88.92	0.00	41	0	42	0.00	0.00	64.39	7.70	0.00	0.00	2000
228	11.05	2087	2081	0.00	197	0	0	0	nan	0.00	0.02	4.28	83.96	88.95	0.00	41	0	42	0.00	0.00	64.42	7.50	0.00	0.00	2000
230	11.01	2093	2097	0.93	195	0	0	5	70.24	0.00	0.00	4.77	84.25	88.99	0.00	41	0	43	0.00	0.00	64.41	7.49	0.00	0.00	2000
228	11.06	2054	2111	0.54	194	0	0	0	nan	0.00	0.00	5.24	84.34	88.94	0.00	41	0	42	0.00	0.00	64.68	7.60	0.00	0.00	2000
229	11.23	2041	2098	0.00	194	0	0	0	nan	0.00	0.00	3.89	84.96	88.77	0.00	41	0	42	0.00	0.00	63.88	7.51	0.00	0.00	2000
228	11.27	2023	2096	0.00	194	0	0	0	nan	0.00	0.00	4.27	84.39	88.73	0.00	41	0	42	0.00	0.00	64.34	7.46	0.00	0.00	2000
229	11.07	2073	2095	0.00	195	0	0	0	nan	0.00	0.00	4.51	84.26	88.93	0.00	41	0	42	0.00	0.00	64.44	7.56	0.00	0.00	2000
230	11.38	2000	2120	0.00	194	0	0	0	nan	0.00	0.00	4.80	84.81	88.62	0.00	41	0	43	0.00	0.00	64.08	7.49	0.00	0.00	2000
229	11.08	2089	2082	0.00	196	0	0	0	nan	0.00	0.00	4.63	83.65	88.92	0.00	41	0	42	0.00	0.00	64.94	7.75	0.00	0.00	2000
227	11.14	2027	2109	0.00	194	0	0	0	nan	0.00	0.00	4.71	84.64	88.86	0.00	41	0	42	0.00	0.00	64.23	7.54	0.00	0.00	2000
229	11.36	2029	2086	0.00	195	0	0	0	nan	0.00	0.00	4.16	84.01	88.64	0.00	41	0	42	0.00	0.00	63.82	7.48	0.00	0.00	2000
229	10.94	2087	2107	0.00	195	0	0	0	nan	0.00	0.00	4.75	84.66	89.06	0.00	41	0	42	0.00	0.00	64.71	7.45	0.00	0.00	2000
230	10.93	2099	2104	0.00	196	0	0	0	nan	0.00	0.00	5.72	83.57	89.07	0.00	41	0	42	0.00	0.00	64.52	7.53	0.00	0.00	2000
231	10.78	2138	2101	0.00	196	0	0	0	nan	0.00	0.04	4.14	85.14	89.22	0.00	41	0	42	0.00	0.00	64.61	7.40	0.00	0.00	2000
226	11.23	2084	2031	0.00	195	0	0	0	nan	0.00	0.00	4.20	81.68	88.77	0.00	41	0	42	0.00	0.00	62.31	7.24	0.00	0.00	2000
232	10.96	2057	2157	0.00	212	0	0	0	nan	0.00	0.00	3.83	87.73	89.04	0.00	41	0	42	0.00	0.00	66.48	7.80	0.00	0.00	2000
230	10.85	2111	2109	0.00	194	0	0	0	nan	0.00	0.00	5.25	84.30	89.15	0.00	41	0	43	0.00	0.00	64.99	7.40	0.00	0.00	2000
230	11.40	2005	2110	0.00	195	0	0	0	nan	0.00	0.00	4.93	84.20	88.60	0.00	41	0	42	0.00	0.00	64.00	7.34	0.00	0.00	2000
230	11.34	2023	2102	0.00	196	0	0	0	nan	0.00	0.00	4.37	84.47	88.66	0.00	41	0	43	0.00	0.00	64.30	7.43	0.00	0.00	2000
228	11.02	2088	2082	0.77	195	0	0	6	72.93	0.00	0.00	4.16	84.07	88.98	0.00	41	0	42	0.00	0.00	64.28	7.50	0.00	0.00	2000
229	10.84	2094	2119	0.72	195	0	0	0	95.65	0.00	0.00	5.10	84.96	89.16	0.00	41	0	42	0.00	0.00	64.27	7.35	0.00	0.00	2000
229	11.19	2060	2083	0.00	196	0	0	0	nan	0.00	0.02	4.04	84.14	88.81	0.00	41	0	43	0.00	0.00	64.27	7.53	0.00	0.00	2000
229	11.18	2037	2116	0.00	194	0	0	0	nan	0.00	0.00	4.98	84.61	88.82	0.00	41	0	42	0.00	0.00	63.96	7.53	0.00	0.00	2000
230	10.84	2134	2089	0.00	196	0	0	0	nan	0.00	0.00	4.08	84.57	89.16	0.00	41	0	42	0.00	0.00	64.60	7.58	0.00	0.00	2000
230	11.12	2058	2108	0.00	195	0	0	0	nan	0.00	0.00	4.68	84.65	88.88	0.00	41	0	43	0.00	0.00	61.56	7.38	0.00	0.00	2000
229	10.90	2099	2097	0.00	194	0	0	0	nan	0.00	0.00	4.65	84.30	89.10	0.00	41	0	42	0.00	0.00	67.26	7.31	0.00	0.00	2000
234	11.52	2027	2102	0.00	197	0	0	0	nan	0.00	0.00	5.61	83.01	88.48	0.00	41	0	42	0.00	0.00	64.45	7.44	0.00	0.00	2000
228	11.07	2056	2103	0.00	195	0	0	0	nan	0.00	0.00	4.61	84.48	88.93	0.00	41	0	43	0.00	0.00	64.52	7.43	0.00	0.00	2000
231	11.33	2049	2088	0.00	194	0	0	0	nan	0.00	0.00	4.40	83.86	88.67	0.00	41	0	42	0.00	0.00	64.27	7.34	0.00	0.00	2000
229	10.75	2129	2097	0.00	195	0	0	0	nan	0.00	0.00	5.46	83.62	89.25	0.00	41	0	42	0.00	0.00	64.78	7.47	0.00	0.00	2000
229	10.89	2075	2127	0.00	195	0	0	0	nan	0.00	0.00	5.46	84.85	89.11	0.00	41	0	42	0.00	0.00	64.37	7.46	0.00	0.00	2000
228	10.99	2086	2091	0.00	195	0	0	0	nan	0.01	0.00	3.80	84.89	89.01	0.00	41	0	43	0.00	0.00	64.73	7.17	0.00	0.00	2000
229	10.97	2080	2104	0.00	194	0	0	0	nan	0.00	0.00	4.26	84.97	89.03	0.00	41	0	42	0.00	0.00	65.35	7.85	0.00	0.00	2000
230	10.83	2171	2057	0.00	180	0	0	0	nan	0.00	0.02	4.39	82.93	89.17	0.00	41	0	42	0.00	0.00	61.11	6.99	0.00	0.00	2000
230	10.82	2103	2126	0.00	210	0	0	0	nan	0.00	0.02	4.72	85.62	89.18	0.00	41	0	42	0.00	0.00	67.42	7.75	0.00	0.00	2000
230	10.87	2128	2093	0.00	195	0	0	0	nan	0.00	0.00	5.16	83.65	89.13	0.00	41	0	42	0.00	0.00	64.14	7.37	0.00	0.00	2000
230	10.71	2129	2117	0.41	195	0	0	5	67.66	0.00	0.00	5.57	84.44	89.29	0.00	41	0	42	0.00	0.00	64.79	7.41	0.00	0.00	2000
228	11.04	2067	2101	1.06	195	0	0	3	78.24	0.00	0.00	4.94	84.14	88.96	0.00	41	0	42	0.00	0.00	63.99	7.34	0.00	0.00	2000
231	11.06	2086	2100	0.00	195	0	0	0	nan	0.00	0.01	3.92	85.07	88.94	0.00	41	0	42	0.00	0.00	64.52	7.44	0.00	0.00	2000
228	11.22	2034	2095	0.00	195	0	0	0	nan	0.00	0.00	4.43	84.24	88.78	0.00	41	0	42	0.00	0.00	64.74	7.32	0.00	0.00	2000
229	11.18	2051	2095	0.00	193	0	0	0	nan	0.00	0.01	4.46	84.19	88.82	0.00	41	0	42	0.00	0.00	63.77	7.47	0.00	0.00	2000
229	11.02	2071	2107	0.00	198	0	0	0	nan	0.00	0.00	6.55	82.84	88.98	0.00	41	0	42	0.00	0.00	64.61	7.49	0.00	0.00	2000
230	11.03	2088	2092	0.00	196	0	0	0	nan	0.00	0.00	4.48	84.10	88.97	0.00	41	0	42	0.00	0.00	64.57	7.35	0.00	0.00	2000
231	10.96	2089	2115	0.00	195	0	0	0	nan	0.00	0.00	4.87	84.92	89.04	0.00	41	0	42	0.00	0.00	64.43	7.21	0.00	0.00	2000
229	11.00	2088	2096	0.00	195	0	0	0	nan	0.00	0.00	4.43	84.46	89.00	0.00	41	0	42	0.00	0.00	64.43	7.49	0.00	0.00	2000
227	10.86	2098	2096	0.00	195	0	0	0	nan	0.00	0.00	5.64	83.36	89.14	0.00	41	0	42	0.00	0.00	61.68	7.12	0.00	0.00	2000
231	11.13	2058	2115	0.00	194	0	0	0	nan	0.00	0.00	5.08	84.44	88.87	0.00	41	0	42	0.00	0.00	67.10	7.74	0.00	0.00	2000
228	10.91	2106	2085	0.00	195	0	0	0	nan	0.00	0.00	4.42	84.14	89.10	0.00	41	0	42	0.00	0.00	64.71	7.39	0.00	0.00	2000
230	11.17	2045	2111	0.00	195	0	0	0	nan	0.00	0.00	5.13	84.19	88.83	0.00	41	0	42	0.00	0.00	61.81	7.29	0.00	0.00	2000
230	11.23	2075	2071	0.00	180	0	0	0	nan	0.00	0.00	4.93	82.62	88.77	0.00	41	0	42	0.00	0.00	64.17	7.37	0.00	0.00	2000
229	11.01	2063	2114	0.00	211	0	0	0	nan	0.00	0.00	5.24	84.44	88.99	0.00	41	0	42	0.00	0.00	64.18	7.34	0.00	0.00	2000
228	10.88	2091	2105	0.00	194	0	0	0	nan	0.00	0.00	4.83	84.62	89.12	0.00	41	0	42	0.00	0.00	64.19	7.49	0.00	0.00	2000
242	11.56	2101	2091	0.00	193	0	0	0	nan	0.00	0.00	5.48	82.61	88.44	0.00	41	0	42	0.00	0.00	63.85	7.58	0.00	0.00	2000
228	10.96	2075	2105	0.01	195	0	0	4	75.79	0.00	0.00	5.29	84.02	89.04	0.00	41	0	42	0.00	0.00	67.15	7.87	0.00	0.00	2000
231	10.99	2088	2115	1.38	196	0	0	4	78.38	0.00	0.00	5.36	84.36	89.01	0.00	41	0	42	0.00	0.00	61.74	7.16	0.00	0.00	2000
228	10.84	2113	2092	0.00	195	0	0	0	nan	0.00	0.00	3.87	85.01	89.16	0.00	41	0	42	0.00	0.00	64.88	7.47	0.00	0.00	2000
228	11.08	2056	2104	0.00	194	0	0	0	nan	0.00	0.00	4.66	84.62	88.92	0.00	41	0	42	0.00	0.00	66.47	7.84	0.00	0.00	2000
228	11.13	2071	2080	0.00	194	0	0	0	nan	0.00	0.00	3.97	84.09	88.87	0.00	41	0	43	0.00	0.00	61.91	7.46	0.00	0.00	2000
231	11.38	2025	2107	0.00	197	0	0	0	nan	0.00	0.00	5.68	83.31	88.62	0.00	41	0	42	0.00	0.00	61.62	7.24	0.00	0.00	2000
230	10.87	2125	2092	0.00	195	0	0	0	nan	0.00	0.02	5.18	83.63	89.13	0.00	41	0	42	0.00	0.00	64.29	7.60	0.00	0.00	2000
233	10.72	2142	2127	0.00	198	0	0	0	nan	0.00	0.00	6.19	84.24	89.28	0.00	41	0	43	0.00	0.00	66.10	7.56	0.00	0.00	2000
228	10.89	2142	2055	0.00	180	0	0	0	nan	0.00	0.00	3.35	83.96	89.11	0.00	41	0	42	0.00	0.00	63.45	7.50	0.00	0.00	2000
230	10.77	2096	2145	0.00	216	0	0	0	nan	0.01	0.00	5.04	86.15	89.23	0.00	41	0	43	0.00	0.00	64.89	7.67	0.00	0.00	2000
229	11.25	2055	2085	0.00	196	0	0	0	nan	0.00	0.00	3.59	84.65	88.75	0.00	41	0	43	0.00	0.00	64.20	7.56	0.00	0.00	2000
231	11.22	2041	2117	0.00	194	0	0	0	nan	0.00	0.02	4.30	85.31	88.78	0.00	41	0	43	0.00	0.00	67.04	7.85	0.00	0.00	2000
227	11.22	2040	2085	0.00	194	0	0	0	nan	0.00	0.00	3.86	84.46	88.78	0.00	41	0	42	0.00	0.00	61.70	7.15	0.00	0.00	2000
229	10.68	2136	2108	0.00	196	0	0	0	nan	0.00	0.00	4.50	85.25	89.32	0.00	41	0	42	0.00	0.00	64.91	7.43	0.00	0.00	2000
228	10.89	2100	2091	0.00	178	0	0	0	nan	0.00	0.02	4.26	84.43	89.11	0.00	41	0	42	0.00	0.00	63.94	7.37	0.00	0.00	2000
229	11.34	2021	2102	0.00	211	0	0	0	nan	0.00	0.00	4.76	84.12	88.66	0.00	41	0	43	0.00	0.00	64.43	7.44	0.00	0.00	2000
227	11.04	2062	2096	0.00	194	0	0	0	nan	0.00	0.00	4.93	83.95	88.96	0.00	42	0	42	0.00	0.00	64.23	7.31	0.00	0.00	2000
230	11.10	2065	2109	0.00	196	0	0	2	77.15	0.00	0.00	5.29	84.13	88.90	0.00	41	0	42	0.00	0.00	64.64	7.50	0.00	0.00	2000
228	11.24	2035	2096	1.36	194	0	0	5	76.55	0.00	0.00	4.81	83.93	88.76	0.00	41	0	43	0.00	0.00	63.88	7.30	0.00	0.00	2000
229	11.11	2066	2094	0.00	195	0	0	0	nan	0.00	0.00	5.04	83.73	88.89	0.00	41	0	42	0.00	0.00	64.30	7.32	0.00	0.00	2000
228	11.10	2052	2105	0.00	195	0	0	0	nan	0.00	0.00	5.45	83.76	88.90	0.00	41	0	42	0.00	0.00	64.15	7.46	0.00	0.00	2000
229	11.25	2024	2112	0.00	195	0	0	0	nan	0.00	0.00	4.70	84.65	88.75	0.00	41	0	42	0.00	0.00	64.56	7.45	0.00	0.00	2000
230	11.10	2078	2096	0.00	195	0	0	0	nan	0.00	0.00	4.08	84.76	88.90	0.00	41	0	42	0.00	0.00	64.11	7.64	0.00	0.00	2000
229	11.23	2032	2109	0.00	203	0	0	0	nan	0.00	0.00	4.26	85.05	88.77	0.00	41	0	42	0.00	0.00	65.33	7.48	0.00	0.00	2000
228	11.22	2033	2098	0.00	178	0	0	0	nan	0.00	0.00	3.64	85.18	88.78	0.00	41	0	42	0.00	0.00	65.14	7.67	0.00	0.00	2000
229	11.15	2052	2100	0.00	195	0	0	0	nan	0.01	0.00	3.56	85.39	88.85	0.00	41	0	42	0.00	0.00	65.14	7.36	0.00	0.00	2000
228	11.21	2084	2047	0.00	196	0	0	0	nan	0.00	0.02	3.40	83.20	88.79	0.00	41	0	42	0.00	0.00	62.05	7.09	0.00	0.00	2000
233	10.93	2078	2151	0.00	211	0	0	0	nan	0.00	0.01	4.77	86.54	89.07	0.00	41	0	43	0.00	0.00	64.50	7.46	0.00	0.00	2000
227	10.96	2089	2086	0.00	194	0	0	0	nan	0.00	0.00	4.67	83.91	89.04	0.00	41	0	42	0.00	0.00	64.44	7.50	0.00	0.00	2000
230	11.09	2070	2104	0.00	197	0	0	0	nan	0.00	0.02	5.67	83.44	88.91	0.00	41	0	42	0.00	0.00	64.01	7.41	0.00	0.00	2000
230	11.05	2060	2119	0.00	195	0	0	0	nan	0.00	0.02	5.25	84.54	88.95	0.00	41	0	42	0.00	0.00	66.85	7.64	0.00	0.00	2000
228	10.87	2159	2042	0.00	179	0	0	0	nan	0.00	0.00	3.37	83.31	89.13	0.00	41	0	42	0.00	0.00	62.42	7.32	0.00	0.00	2000
230	10.85	2094	2127	0.00	212	0	0	0	nan	0.01	0.00	3.69	86.75	89.15	0.00	41	0	42	0.00	0.00	64.36	7.28	0.00	0.00	2000
229	10.91	2084	2113	0.00	195	0	0	0	nan	0.00	0.00	4.87	84.87	89.09	0.00	41	0	42	0.00	0.00	64.64	7.25	0.00	0.00	2000
228	11.14	2046	2101	0.00	196	0	0	0	84.42	0.00	0.00	4.69	84.40	88.86	0.00	41	0	42	0.00	0.00	63.89	7.47	0.00	0.00	2000
229	11.38	2005	2106	1.43	194	0	0	7	70.77	0.00	0.00	4.61	84.47	88.62	0.00	41	0	42	0.00	0.00	63.94	7.48	0.00	0.00	2000
228	10.93	2089	2096	0.00	194	0	0	0	nan	0.00	0.00	4.08	84.85	89.07	0.00	41	0	42	0.00	0.00	64.16	7.50	0.00	0.00	2000
232	11.32	2038	2108	0.00	202	0	0	0	nan	0.00	0.00	5.35	83.85	88.68	0.00	41	0	42	0.00	0.00	64.26	7.46	0.00	0.00	2000
230	11.14	2067	2098	0.00	206	0	0	0	nan	0.00	0.00	6.29	82.54	88.86	0.00	41	0	42	0.00	0.00	64.55	7.48	0.00	0.00	2000
228	11.00	2078	2095	0.00	194	0	0	0	nan	0.00	0.00	4.76	84.16	89.00	0.00	41	0	42	0.00	0.00	64.33	7.46	0.00	0.00	2000
228	11.21	2020	2112	0.00	195	0	0	0	nan	0.00	0.00	5.08	84.32	88.79	0.00	41	0	42	0.00	0.00	65.31	7.43	0.00	0.00	2000
229	11.08	2111	2060	0.00	179	0	0	0	nan	0.00	0.00	3.52	83.70	88.92	0.00	41	0	42	0.00	0.00	63.19	7.23	0.00	0.00	2000
228	10.91	2053	2140	0.00	212	0	0	0	nan	0.00	0.00	6.43	84.50	89.09	0.00	41	0	42	0.00	0.00	64.95	7.59	0.00	0.00	2000
232	11.23	2097	2067	0.00	180	0	0	0	nan	0.00	0.00	3.65	83.77	88.77	0.00	41	0	42	0.00	0.00	63.68	7.38	0.00	0.00	2000
228	10.94	2067	2119	0.00	211	0	0	0	nan	0.00	0.00	5.64	84.33	89.06	0.00	41	0	42	0.00	0.00	64.33	7.44	0.00	0.00	2000
230	11.03	2077	2105	0.00	195	0	0	0	nan	0.00	0.00	4.69	84.52	88.97	0.00	41	0	42	0.00	0.00	64.16	7.47	0.00	0.00	2000
228	11.25	2032	2095	0.00	196	0	0	0	nan	0.00	0.00	5.16	83.41	88.75	0.00	41	0	42	0.00	0.00	64.20	7.63	0.00	0.00	2000
230	11.27	2037	2104	0.00	194	0	0	0	nan	0.00	0.00	5.06	83.95	88.73	0.00	41	0	43	0.00	0.00	64.48	7.47	0.00	0.00	2000
229	10.88	2100	2105	0.00	195	0	0	0	nan	0.00	0.00	5.63	83.69	89.12	0.00	41	0	43	0.00	0.00	64.62	7.47	0.00	0.00	2000
228	11.08	2065	2097	0.00	195	0	0	0	nan	0.00	0.00	4.72	84.18	88.92	0.00	41	0	42	0.00	0.00	64.29	7.41	0.00	0.00	2000
229	11.20	2051	2097	0.00	198	0	0	0	nan	0.00	0.00	5.68	83.08	88.80	0.00	41	0	43	0.00	0.00	64.48	7.38	0.00	0.00	2000
228	11.10	2055	2102	0.00	196	0	0	0	nan	0.00	0.00	5.34	83.73	88.90	0.00	41	0	42	0.00	0.00	63.85	7.62	0.00	0.00	2000
227	10.93	2082	2097	1.09	194	0	0	5	72.71	0.00	0.00	4.93	84.03	89.07	0.00	41	0	43	0.00	0.00	64.36	7.60	0.00	0.00	2000
231	11.23	2043	2112	0.38	196	0	0	0	nan	0.00	0.00	5.08	84.22	88.77	0.00	41	0	42	0.00	0.00	64.31	7.54	0.00	0.00	2000
228	11.15	2056	2088	0.00	194	0	0	0	nan	0.00	0.00	3.88	84.56	88.85	0.00	41	0	42	0.00	0.00	64.38	7.43	0.00	0.00	2000
230	11.05	2084	2098	0.00	196	0	0	0	nan	0.00	0.00	5.32	83.58	88.95	0.00	41	0	42	0.00	0.00	64.45	7.47	0.00	0.00	2000
228	10.94	2083	2103	0.00	195	0	0	0	nan	0.00	0.00	4.33	84.95	89.06	0.00	41	0	42	0.00	0.00	65.37	7.63	0.00	0.00	2000
235	11.41	2058	2099	0.00	180	0	0	0	nan	0.00	0.00	4.70	83.94	88.59	0.00	41	0	42	0.00	0.00	63.57	7.38	0.00	0.00	2000
235	11.59	2012	2116	0.00	227	0	0	0	nan	0.00	0.00	7.82	81.39	88.41	0.00	41	0	42	0.00	0.00	64.54	7.65	0.00	0.00	2000
229	11.33	2032	2091	0.00	196	0	0	0	nan	0.00	0.00	4.38	84.06	88.67	0.00	41	0	43	0.00	0.00	64.17	7.43	0.00	0.00	2000
229	11.03	2077	2096	0.00	195	0	0	0	nan	0.00	0.00	4.67	84.27	88.97	0.00	41	0	42	0.00	0.00	64.50	7.69	0.00	0.00	2000
229	10.94	2082	2116	0.00	195	0	0	0	nan	0.00	0.00	4.99	84.77	89.06	0.00	41	0	43	0.00	0.00	65.90	7.78	0.00	0.00	2000
228	11.06	2108	2053	0.00	178	0	0	0	nan	0.00	0.02	3.02	83.99	88.94	0.00	41	0	42	0.00	0.00	60.31	7.22	0.00	0.00	2000
229	11.07	2036	2137	0.00	211	0	0	0	nan	0.00	0.00	4.67	85.82	88.93	0.00	41	0	43	0.00	0.00	66.89	7.83	0.00	0.00	2000
229	11.27	2037	2091	0.00	195	0	0	0	nan	0.00	0.00	4.04	84.30	88.73	0.00	41	0	42	0.00	0.00	64.19	7.46	0.00	0.00	2000
230	11.03	2072	2116	0.00	195	0	0	0	nan	0.00	0.00	4.76	84.91	88.97	0.00	41	0	42	0.00	0.00	64.67	7.37	0.00	0.00	2000
228	10.98	2093	2086	0.00	194	0	0	0	nan	0.00	0.00	3.79	84.72	89.02	0.00	41	0	43	0.00	0.00	64.60	7.40	0.00	0.00	2000
230	10.83	2110	2112	0.00	196	0	0	0	nan	0.00	0.00	4.99	84.68	89.17	0.00	41	0	42	0.00	0.00	65.42	7.72	0.00	0.00	2000
227	11.06	2083	2071	0.00	178	0	0	0	nan	0.00	0.03	3.31	84.47	88.94	0.00	41	0	42	0.00	0.00	63.70	7.38	0.00	0.00	2000
231	11.19	2030	2134	0.75	212	0	0	6	73.46	0.00	0.00	4.89	85.41	88.81	0.00	41	0	42	0.00	0.00	65.28	7.56	0.00	0.00	2000
229	11.32	2040	2083	0.72	181	0	0	1	95.75	0.00	0.00	4.56	83.38	88.68	0.00	41	0	42	0.00	0.00	63.30	7.24	0.00	0.00	2000
230	10.96	2089	2106	0.00	214	0	0	0	nan	0.00	0.00	4.22	85.02	89.04	0.00	41	0	43	0.00	0.00	64.52	7.54	0.00	0.00	2000
228	11.02	2064	2101	0.00	194	0	0	0	nan	0.00	0.00	4.34	84.74	88.98	0.00	41	0	42	0.00	0.00	64.15	7.53	0.00	0.00	2000
229	11.04	2085	2088	0.00	195	0	0	0	nan	0.00	0.00	4.19	84.23	88.96	0.00	41	0	42	0.00	0.00	64.52	7.53	0.00	0.00	2000
231	11.30	2041	2104	0.00	196	0	0	0	nan	0.00	0.00	5.53	83.43	88.70	0.00	41	0	42	0.00	0.00	64.52	7.49	0.00	0.00	2000
228	10.66	2139	2105	0.00	194	0	0	0	nan	0.00	0.00	5.08	84.46	89.34	0.00	41	0	42	0.00	0.00	64.75	7.48	0.00	0.00	2000
227	11.19	2035	2098	0.00	195	0	0	0	nan	0.00	0.00	5.16	83.61	88.81	0.00	41	0	42	0.00	0.00	64.29	7.37	0.00	0.00	2000
230	11.27	2048	2096	0.00	194	0	0	0	nan	0.00	0.00	5.13	83.49	88.73	0.00	41	0	42	0.00	0.00	64.30	7.54	0.00	0.00	2000
229	10.81	2125	2093	0.00	194	0	0	0	nan	0.00	0.00	5.46	83.42	89.19	0.00	41	0	42	0.00	0.00	64.49	7.46	0.00	0.00	2000
231	11.08	2077	2108	0.00	196	0	0	0	nan	0.00	0.00	5.80	83.44	88.92	0.00	41	0	43	0.00	0.00	65.15	7.21	0.00	0.00	2000
228	11.07	2065	2094	0.00	195	0	0	0	nan	0.00	0.00	5.62	83.22	88.93	0.00	41	0	42	0.00	0.00	61.57	7.37	0.00	0.00	2000
228	11.10	2054	2104	0.00	195	0	0	0	nan	0.00	0.00	5.40	83.88	88.90	0.00	41	0	42	0.00	0.00	64.66	7.34	0.00	0.00	2000
228	10.83	2112	2097	0.00	193	0	0	0	nan	0.00	0.00	5.37	83.62	89.17	0.00	41	0	43	0.00	0.00	64.53	7.45	0.00	0.00	2000
229	11.12	2053	2112	0.00	195	0	0	0	nan	0.00	0.00	5.60	83.76	88.88	0.00	41	0	43	0.00	0.00	67.33	7.69	0.00	0.00	2000
230	11.15	2054	2108	0.00	195	0	0	0	nan	0.00	0.00	5.46	83.77	88.85	0.00	40	0	42	0.00	0.00	64.10	7.56	0.00	0.00	2000
241	11.69	2076	2084	0.00	196	0	0	0	nan	0.00	0.00	4.91	82.71	88.32	0.00	41	0	42	0.00	0.00	65.02	7.46	0.00	0.00	2000
228	11.13	2037	2107	0.42	195	0	0	5	71.18	0.00	0.00	5.10	84.19	88.87	0.00	41	0	43	0.00	0.00	64.54	7.54	0.00	0.00	2000
228	11.09	2054	2105	1.05	194	0	0	3	82.36	0.00	0.00	5.09	84.13	88.91	0.00	41	0	42	0.00	0.00	65.17	7.14	0.00	0.00	2000
229	10.95	2095	2095	0.00	196	0	0	0	nan	0.00	0.00	5.28	83.64	89.05	0.00	41	0	43	0.00	0.00	61.34	7.41	0.00	0.00	2000
230	11.11	2071	2095	0.00	194	0	0	0	nan	0.00	0.00	5.06	83.64	88.89	0.00	41	0	42	0.00	0.00	64.81	7.53	0.00	0.00	2000
232	11.00	2098	2114	0.00	196	0	0	0	nan	0.00	0.00	5.51	84.24	89.00	0.00	41	0	43	0.00	0.00	64.29	7.53	0.00	0.00	2000
230	11.07	2077	2105	0.00	198	0	0	0	nan	0.00	0.00	4.07	85.15	88.93	0.00	41	0	42	0.00	0.00	64.41	7.55	0.00	0.00	2000
228	10.86	2127	2073	0.00	195	0	0	0	nan	0.00	0.00	4.03	83.96	89.14	0.00	41	0	42	0.00	0.00	64.56	7.56	0.00	0.00	2000
229	11.01	2057	2118	0.00	195	0	0	0	nan	0.00	0.00	5.34	84.51	88.99	0.00	41	0	42	0.00	0.00	61.48	7.15	0.00	0.00	2000
230	10.99	2083	2105	0.00	193	0	0	0	nan	0.00	0.00	4.58	84.68	89.01	0.00	41	0	43	0.00	0.00	67.32	7.67	0.00	0.00	2000
231	11.16	2069	2102	0.00	195	0	0	0	nan	0.00	0.00	4.70	84.34	88.84	0.00	41	0	42	0.00	0.00	64.57	7.53	0.00	0.00	2000
227	11.01	2074	2084	0.00	194	0	0	0	nan	0.00	0.00	4.12	84.35	88.99	0.00	41	0	42	0.00	0.00	64.42	7.33	0.00	0.00	2000
229	11.26	2022	2108	0.00	196	0	0	0	nan	0.00	0.00	4.91	84.24	88.74	0.00	41	0	42	0.00	0.00	64.30	7.37	0.00	0.00	2000
228	11.04	2073	2093	0.00	195	0	0	0	nan	0.00	0.00	4.33	84.38	88.96	0.00	41	0	43	0.00	0.00	64.61	7.20	0.00	0.00	2000
229	10.86	2111	2097	0.00	194	0	0	0	nan	0.00	0.00	4.68	84.40	89.14	0.00	41	0	42	0.00	0.00	61.60	7.42	0.00	0.00	2000
231	10.95	2084	2122	0.00	195	0	0	0	nan	0.00	0.00	5.34	84.72	89.05	0.00	41	0	42	0.00	0.00	66.38	7.45	0.00	0.00	2000
229	11.42	2038	2064	0.00	180	0	0	0	nan	0.00	0.00	4.10	83.08	88.58	0.00	41	0	43	0.00	0.00	62.80	7.17	0.00	0.00	2000
228	10.93	2062	2124	0.00	210	0	0	0	nan	0.00	0.01	5.05	85.13	89.07	0.00	41	0	42	0.00	0.00	64.12	7.37	0.00	0.00	2000
229	11.24	2042	2091	0.01	195	0	0	4	74.93	0.00	0.00	4.01	84.47	88.76	0.00	41	0	42	0.00	0.00	64.04	7.38	0.00	0.00	2000
228	11.19	2043	2094	1.40	195	0	0	4	77.63	0.00	0.00	4.41	84.36	88.81	0.00	41	0	43	0.00	0.00	64.20	7.47	0.00	0.00	2000
231	11.29	2020	2127	0.00	196	0	0	0	nan	0.00	0.00	5.28	84.69	88.71	0.00	41	0	42	0.00	0.00	64.36	7.41	0.00	0.00	2000
228	11.26	2037	2085	0.00	194	0	0	0	nan	0.00	0.00	3.43	84.84	88.74	0.00	41	0	42	0.00	0.00	64.24	7.48	0.00	0.00	2000
230	11.26	2035	2106	0.00	194	0	0	0	nan	0.00	0.00	4.37	84.69	88.74	0.00	41	0	42	0.00	0.00	64.40	7.27	0.00	0.00	2000
227	11.16	2040	2097	0.00	194	0	0	0	nan	0.00	0.02	4.61	84.21	88.84	0.00	41	0	42	0.00	0.00	64.19	7.60	0.00	0.00	2000
229	11.12	2065	2097	0.00	196	0	0	0	nan	0.00	0.01	4.70	83.99	88.88	0.00	41	0	42	0.00	0.00	64.73	7.22	0.00	0.00	2000
228	11.07	2060	2098	0.00	195	0	0	0	nan	0.00	0.00	4.95	84.03	88.93	0.00	41	0	42	0.00	0.00	64.13	7.44	0.00	0.00	2000
233	10.94	2128	2103	0.00	198	0	0	0	nan	0.00	0.00	6.97	82.23	89.06	0.00	41	0	42	0.00	0.00	64.89	7.46	0.00	0.00	2000
227	11.11	2048	2100	0.00	195	0	0	0	nan	0.00	0.00	5.14	83.90	88.89	0.00	41	0	42	0.00	0.00	64.00	7.60	0.00	0.00	2000
229	11.14	2066	2091	0.00	196	0	0	0	nan	0.00	0.03	4.94	83.69	88.86	0.00	41	0	42	0.00	0.00	64.43	7.50	0.00	0.00	2000
228	10.85	2088	2108	0.00	194	0	0	0	nan	0.00	0.00	4.85	84.70	89.15	0.00	41	0	42	0.00	0.00	64.36	7.48	0.00	0.00	2000
229	10.92	2093	2104	0.00	195	0	0	0	nan	0.00	0.00	4.86	84.41	89.08	0.00	41	0	42	0.00	0.00	64.71	7.20	0.00	0.00	2000
230	11.06	2090	2086	0.00	196	0	0	0	nan	0.00	0.02	3.84	84.54	88.94	0.00	41	0	42	0.00	0.00	64.75	7.43	0.00	0.00	2000
229	11.02	2057	2124	0.00	195	0	0	0	nan	0.00	0.00	4.54	85.55	88.98	0.00	41	0	42	0.00	0.00	64.44	7.45	0.00	0.00	2000
227	11.07	2067	2085	0.00	195	0	0	0	nan	0.00	0.02	3.29	85.10	88.93	0.00	41	0	43	0.00	0.00	63.98	7.53	0.00	0.00	2000
228	11.39	2001	2104	0.00	194	0	0	0	nan	0.00	0.00	4.27	84.62	88.61	0.00	41	0	42	0.00	0.00	63.99	7.28	0.00	0.00	2000
228	10.93	2068	2114	0.00	195	0	0	2	76.65	0.00	0.00	4.38	85.28	89.07	0.00	41	0	42	0.00	0.00	63.87	7.61	0.00	0.00	2000
230	11.21	2108	2046	1.31	180	0	0	6	75.94	0.00	0.01	3.78	82.77	88.79	0.00	41	0	42	0.00	0.00	65.16	7.16	0.00	0.00	2000
229	10.98	2053	2133	0.00	212	0	0	0	nan	0.00	0.02	4.19	86.34	89.02	0.00	41	0	42	0.00	0.00	64.55	7.38	0.00	0.00	2000
228	11.16	2037	2107	0.00	194	0	0	0	nan	0.00	0.00	4.61	84.62	88.84	0.00	41	0	42	0.00	0.00	64.10	7.36	0.00	0.00	2000
228	11.29	2018	2102	0.00	194	0	0	0	nan	0.00	0.00	4.23	84.69	88.71	0.00	41	0	42	0.00	0.00	64.06	7.40	0.00	0.00	2000
230	11.09	2073	2097	0.00	195	0	0	0	nan	0.00	0.00	4.63	84.31	88.91	0.00	41	0	42	0.00	0.00	65.03	7.55	0.00	0.00	2000
230	11.01	2105	2082	0.00	181	0	0	0	nan	0.00	0.00	4.91	83.33	88.99	0.00	41	0	42	0.00	0.00	63.94	7.28	0.00	0.00	2000
230	11.28	2021	2123	0.00	211	0	0	0	nan	0.00	0.00	5.72	84.15	88.72	0.00	41	0	42	0.00	0.00	64.37	7.46	0.00	0.00	2000
228	10.76	2124	2092	0.00	194	0	0	0	nan	0.00	0.00	4.58	84.43	89.24	0.00	41	0	43	0.00	0.00	64.47	7.36	0.00	0.00	2000
229	11.09	2067	2101	0.00	195	0	0	0	nan	0.00	0.00	5.21	83.72	88.91	0.00	41	0	42	0.00	0.00	65.03	7.45	0.00	0.00	2000
229	11.20	2054	2087	0.00	179	0	0	0	nan	0.00	0.00	5.28	83.15	88.80	0.00	41	0	43	0.00	0.00	63.97	7.26	0.00	0.00	2000
232	10.98	2101	2113	0.00	214	0	0	0	nan	0.00	0.00	6.71	82.85	89.02	0.00	41	0	42	0.00	0.00	64.52	7.35	0.00	0.00	2000
229	10.83	2112	2100	0.00	196	0	0	0	nan	0.00	0.00	6.04	83.23	89.18	0.00	41	0	42	0.00	0.00	64.77	7.45	0.00	0.00	2000
230	11.14	2070	2099	0.00	197	0	0	0	nan	0.00	0.00	5.72	83.08	88.86	0.00	41	0	42	0.00	0.00	64.32	7.23	0.00	0.00	2000
229	10.91	2110	2089	0.00	195	0	0	0	nan	0.00	0.00	6.19	82.49	89.09	0.00	41	0	43	0.00	0.00	64.44	7.20	0.00	0.00	2000
229	11.01	2072	2107	0.00	195	0	0	0	nan	0.00	0.00	5.81	83.53	88.99	0.00	41	0	42	0.00	0.00	64.01	7.43	0.00	0.00	2000
227	11.11	2055	2091	0.00	194	0	0	0	nan	0.00	0.00	5.81	82.79	88.89	0.00	41	0	42	0.00	0.00	64.28	7.50	0.00	0.00	2000
231	10.95	2092	2114	0.00	195	0	0	0	87.91	0.00	0.00	5.86	83.91	89.05	0.00	41	0	42	0.00	0.00	64.35	7.51	0.00	0.00	2000
229	11.04	2081	2088	1.43	196	0	0	6	73.49	0.00	0.00	5.92	82.57	88.96	0.00	41	0	42	0.00	0.00	64.20	7.53	0.00	0.00	2000
230	11.15	2055	2106	0.00	195	0	0	0	nan	0.00	0.00	5.37	83.81	88.85	0.00	41	0	42	0.00	0.00	64.51	7.43	0.00	0.00	2000
234	11.14	2109	2091	0.00	196	0	0	0	nan	0.00	0.00	5.93	82.48	88.86	0.00	41	0	42	0.00	0.00	64.81	7.60	0.00	0.00	2000
229	11.27	2027	2107	0.00	195	0	0	0	nan	0.00	0.00	5.79	83.34	88.73	0.00	41	0	43	0.00	0.00	64.07	7.47	0.00	0.00	2000
231	11.49	2011	2099	0.00	195	0	0	0	nan	0.00	0.00	6.20	82.39	88.51	0.00	41	0	43	0.00	0.00	64.64	7.49	0.00	0.00	2000
230	11.14	2061	2101	0.00	194	0	0	0	nan	0.00	0.00	5.70	83.23	88.86	0.00	41	0	42	0.00	0.00	64.33	7.29	0.00	0.00	2000
229	10.90	2095	2106	0.00	194	0	0	0	nan	0.00	0.00	5.57	83.82	89.10	0.00	41	0	42	0.00	0.00	65.01	7.34	0.00	0.00	2000
230	10.93	2101	2103	0.00	195	0	0	0	nan	0.00	0.00	5.52	83.63	89.07	0.00	41	0	43	0.00	0.00	64.54	7.49	0.00	0.00	2000
228	11.04	2074	2087	0.00	195	0	0	0	nan	0.00	0.00	5.04	83.39	88.96	0.00	41	0	42	0.00	0.00	64.62	7.47	0.00	0.00	2000
230	11.35	2020	2106	0.00	196	0	0	0	nan	0.00	0.00	6.32	82.62	88.65	0.00	41	0	42	0.00	0.00	64.44	7.32	0.00	0.00	2000
227	10.70	2113	2111	0.00	194	0	0	0	nan	0.00	0.00	5.45	84.40	89.30	0.00	41	0	42	0.00	0.00	64.56	7.51	0.00	0.00	2000
228	11.25	2029	2100	0.00	195	0	0	0	nan	0.00	0.00	4.65	84.27	88.75	0.00	41	0	42	0.00	0.00	64.10	7.44	0.00	0.00	2000
227	10.99	2071	2099	0.00	194	0	0	0	nan	0.00	0.00	4.88	84.16	89.01	0.00	41	0	42	0.00	0.00	64.43	7.49	0.00	0.00	2000
229	10.89	2099	2102	0.00	196	0	0	0	nan	0.00	0.00	5.14	84.15	89.11	0.00	41	0	43	0.00	0.00	64.25	7.40	0.00	0.00	2000
231	11.19	2062	2102	0.00	198	0	0	0	nan	0.00	0.00	4.85	84.10	88.81	0.00	41	0	42	0.00	0.00	64.27	7.48	0.00	0.00	2000
230	11.15	2066	2093	0.00	195	0	0	0	nan	0.00	0.02	4.21	84.45	88.85	0.00	41	0	42	0.00	0.00	64.36	7.40	0.00	0.00	2000
227	11.15	2040	2099	0.00	194	0	0	0	nan	0.00	0.00	4.97	83.88	88.85	0.00	41	0	42	0.00	0.00	64.07	7.41	0.00	0.00	2000
231	11.23	2052	2106	1.09	226	0	0	6	73.35	0.00	0.00	4.96	84.16	88.77	0.00	41	0	43	0.00	0.00	64.11	7.17	0.00	0.00	2000
230	11.08	2094	2086	0.37	194	0	0	0	nan	0.00	0.00	4.39	83.96	88.92	0.00	41	0	42	0.00	0.00	64.79	7.59	0.00	0.00	2000
230	10.74	2135	2103	0.00	195	0	0	0	nan	0.00	0.00	5.53	83.84	89.26	0.00	41	0	42	0.00	0.00	64.73	7.42	0.00	0.00	2000
229	11.03	2086	2094	0.00	196	0	0	0	nan	0.00	0.00	5.13	83.64	88.97	0.00	41	0	42	0.00	0.00	62.17	7.15	0.00	0.00	2000
229	10.92	2083	2117	0.00	195	0	0	0	nan	0.00	0.00	5.27	84.62	89.08	0.00	41	0	42	0.00	0.00	66.73	7.63	0.00	0.00	2000
227	11.06	2074	2081	0.00	195	0	0	0	nan	0.00	0.00	4.56	83.62	88.94	0.00	41	0	42	0.00	0.00	63.99	7.52	0.00	0.00	2000
230	11.22	2040	2114	0.00	195	0	0	0	nan	0.00	0.00	5.18	84.31	88.78	0.00	41	0	42	0.00	0.00	64.45	7.28	0.00	0.00	2000
228	11.19	2040	2100	0.00	195	0	0	0	nan	0.00	0.00	4.45	84.45	88.81	0.00	41	0	42	0.00	0.00	62.18	7.16	0.00	0.00	2000
231	11.29	2049	2094	0.00	197	0	0	0	nan	0.00	0.03	4.40	84.04	88.71	0.00	41	0	42	0.00	0.00	64.28	7.35	0.00	0.00	2000
228	11.03	2077	2092	0.00	195	0	0	0	nan	0.00	0.00	4.77	83.97	88.97	0.00	41	0	42	0.00	0.00	64.50	7.44	0.00	0.00	2000
229	11.18	2034	2118	0.00	194	0	0	0	nan	0.00	0.00	5.20	84.49	88.82	0.00	41	0	43	0.00	0.00	66.52	7.68	0.00	0.00	2000
227	11.04	2059	2096	0.00	195	0	0	0	nan	0.00	0.00	4.13	84.78	88.96	0.00	41	0	42	0.00	0.00	61.83	7.15	0.00	0.00	2000
230	11.10	2066	2103	0.00	194	0	0	0	nan	0.00	0.00	4.39	84.58	88.90	0.00	41	0	42	0.00	0.00	67.23	7.64	0.00	0.00	2000
229	11.10	2076	2084	0.00	195	0	0	0	nan	0.00	0.01	4.60	83.77	88.90	0.00	41	0	42	0.00	0.00	61.66	7.04	0.00	0.00	2000
229	10.86	2091	2117	0.00	195	0	0	0	nan	0.00	0.01	5.14	84.71	89.14	0.00	41	0	42	0.00	0.00	64.88	7.83	0.00	0.00	2000
236	11.61	2033	2095	0.00	195	0	0	0	nan	0.00	0.00	4.91	83.43	88.39	0.00	41	0	42	0.00	0.00	64.19	7.08	0.00	0.00	2000
229	10.99	2074	2106	0.00	195	0	0	0	nan	0.00	0.04	4.31	84.98	89.01	0.00	41	0	42	0.00	0.00	66.97	7.84	0.00	0.00	2000
229	10.97	2096	2097	0.75	198	0	0	6	68.35	0.00	0.00	6.01	82.92	89.03	0.00	41	0	42	0.00	0.00	62.05	7.14	0.00	0.00	2000
233	11.40	2050	2091	0.72	197	0	0	0	95.51	0.00	0.00	4.72	83.54	88.60	0.00	41	0	42	0.00	0.00	64.36	7.53	0.00	0.00	2000
229	10.76	2118	2114	0.00	198	0	0	0	nan	0.00	0.00	6.27	83.61	89.24	0.00	41	0	42	0.00	0.00	65.01	7.38	0.00	0.00	2000
229	11.25	2046	2094	0.00	196	0	0	0	nan	0.00	0.00	3.94	84.64	88.75	0.00	41	0	42	0.00	0.00	64.00	7.48	0.00	0.00	2000
228	11.15	2057	2085	0.00	195	0	0	0	nan	0.00	0.02	4.48	83.79	88.85	0.00	41	0	42	0.00	0.00	64.11	7.53	0.00	0.00	2000
229	11.16	2042	2114	0.00	194	0	0	0	nan	0.00	0.00	5.01	84.56	88.84	0.00	41	0	42	0.00	0.00	64.67	7.32	0.00	0.00	2000
231	11.33	2032	2103	0.00	194	0	0	0	nan	0.00	0.02	4.39	84.51	88.67	0.00	41	0	42	0.00	0.00	64.06	7.46	0.00	0.00	2000
229	11.31	2026	2100	0.00	195	0	0	0	nan	0.00	0.00	4.05	84.70	88.69	0.00	41	0	42	0.00	0.00	64.08	7.27	0.00	0.00	2000
228	10.88	2115	2084	0.00	198	1	0	0	nan	0.00	0.00	4.76	83.70	89.13	0.00	41	0	42	0.00	0.00	64.79	7.35	0.00	0.00	2000
229	10.86	2103	2109	0.00	195	0	0	0	nan	0.00	0.00	5.18	84.42	89.14	0.00	41	0	43	0.00	0.00	64.74	7.40	0.00	0.00	2000
228	10.92	2097	2090	0.00	196	0	0	0	nan	0.00	0.00	5.47	83.23	89.08	0.00	41	0	42	0.00	0.00	64.68	7.37	0.00	0.00	2000
228	11.20	2019	2118	0.00	194	0	0	0	nan	0.00	0.03	5.54	84.13	88.80	0.00	41	0	42	0.00	0.00	64.08	7.45	0.00	0.00	2000
229	11.08	2087	2082	0.00	196	0	0	0	nan	0.00	0.00	5.43	82.74	88.92	0.00	41	0	42	0.00	0.00	64.28	7.32	0.00	0.00	2000
229	10.65	2127	2126	0.00	194	0	0	0	nan	0.00	0.02	5.53	84.97	89.35	0.00	41	0	42	0.00	0.00	62.05	7.21	0.00	0.00	2000
228	11.07	2073	2084	0.00	194	0	0	0	nan	0.00	0.00	4.22	84.12	88.93	0.00	41	0	42	0.00	0.00	66.94	7.66	0.00	0.00	2000
228	11.13	2037	2115	0.00	195	0	0	0	nan	0.00	0.00	4.62	85.08	88.87	0.00	41	0	42	0.00	0.00	64.14	7.47	0.00	0.00	2000
229	11.35	2039	2075	0.00	195	0	0	0	nan	0.00	0.00	5.02	82.69	88.65	0.00	41	0	42	0.00	0.00	63.90	7.60	0.00	0.00	2000
231	11.10	2073	2107	0.42	195	0	0	5	75.25	0.00	0.01	5.90	83.43	88.90	0.00	41	0	42	0.00	0.00	64.51	7.54	0.00	0.00	2000
229	11.14	2036	2117	1.06	195	0	0	3	79.77	0.00	0.00	5.52	84.16	88.86	0.00	41	0	42	0.00	0.00	62.01	7.04	0.00	0.00	2000
230	11.17	2071	2084	0.00	179	0	0	0	nan	0.00	0.00	3.87	84.34	88.83	0.00	41	0	42	0.00	0.00	66.56	7.55	0.00	0.00	2000
227	11.02	2067	2092	0.00	210	0	0	0	nan	0.00	0.00	5.22	83.49	88.98	0.00	41	0	42	0.00	0.00	63.99	7.45	0.00	0.00	2000
231	11.12	2064	2115	0.00	200	0	0	0	nan	0.00	0.00	6.25	83.38	88.88	0.00	41	0	42	0.00	0.00	64.42	7.16	0.00	0.00	2000
232	11.02	2095	2109	0.00	196	0	0	0	nan	0.00	0.00	5.27	84.09	88.98	0.00	41	0	42	0.00	0.00	61.33	7.26	0.00	0.00	2000
228	11.22	2044	2092	0.00	194	0	0	0	nan	0.00	0.00	4.11	84.43	88.78	0.00	41	0	42	0.00	0.00	64.64	7.40	0.00	0.00	2000
227	10.79	2100	2106	0.00	194	0	0	0	nan	0.00	0.00	4.96	84.53	89.21	0.00	41	0	42	0.00	0.00	64.62	7.64	0.00	0.00	2000
229	11.31	2044	2084	0.00	196	0	0	0	nan	0.00	0.00	4.72	83.39	88.69	0.00	41	0	42	0.00	0.00	64.05	7.19	0.00	0.00	2000
228	10.73	2115	2107	0.00	194	0	0	0	nan	0.00	0.00	5.47	84.20	89.27	0.00	41	0	42	0.00	0.00	64.32	7.36	0.00	0.00	2000
230	11.14	2075	2093	0.00	196	0	0	0	nan	0.00	0.00	5.08	83.59	88.86	0.00	40	0	42	0.00	0.00	64.37	7.70	0.00	0.00	2000
229	10.81	2105	2108	0.00	195	0	0	0	nan	0.00	0.00	4.82	84.87	89.19	0.00	41	0	42	0.00	0.00	65.01	7.49	0.00	0.00	2000
229	11.10	2062	2097	0.00	179	0	0	0	nan	0.00	0.00	5.11	83.70	88.91	0.00	41	0	42	0.00	0.00	63.53	7.40	0.00	0.00	2000
228	11.13	2043	2104	0.00	210	0	0	0	nan	0.00	0.00	5.19	83.82	88.87	0.00	41	0	42	0.00	0.00	64.36	7.48	0.00	0.00	2000
229	11.15	2051	2105	0.00	195	0	0	0	nan	0.00	0.00	5.54	83.55	88.85	0.00	41	0	42	0.00	0.00	64.22	7.47	0.00	0.00	2000
228	11.09	2077	2080	0.00	194	0	0	0	nan	0.00	0.00	4.80	83.37	88.91	0.00	41	0	43	0.00	0.00	64.49	7.54	0.00	0.00	2000
231	11.00	2081	2117	0.00	197	0	0	0	nan	0.00	0.00	6.67	83.15	89.00	0.00	41	0	42	0.00	0.00	64.61	7.47	0.00	0.00	2000
227	11.03	2060	2099	0.01	195	0	0	4	76.98	0.00	0.00	5.01	84.05	88.97	0.00	41	0	42	0.00	0.00	64.15	7.55	0.00	0.00	2000
229	10.90	2107	2094	1.40	194	0	0	4	77.70	0.00	0.00	5.35	83.56	89.10	0.00	41	0	42	0.00	0.00	64.66	7.41	0.00	0.00	2000
227	10.95	2084	2091	0.00	194	0	0	0	nan	0.00	0.00	5.33	83.37	89.05	0.00	41	0	42	0.00	0.00	63.89	7.44	0.00	0.00	2000
229	11.07	2049	2119	0.00	196	0	0	0	nan	0.00	0.01	6.24	83.60	88.93	0.00	41	0	42	0.00	0.00	64.31	7.58	0.00	0.00	2000
230	11.22	2051	2104	0.00	196	0	0	0	nan	0.00	0.00	4.34	84.72	88.78	0.00	41	0	42	0.00	0.00	64.03	7.48	0.00	0.00	2000
231	11.08	2087	2096	0.00	195	0	0	0	nan	0.00	0.00	4.48	84.35	88.92	0.00	41	0	42	0.00	0.00	64.41	7.50	0.00	0.00	2000
227	11.31	2013	2098	0.00	195	0	0	0	nan	0.00	0.00	4.82	83.89	88.69	0.00	41	0	42	0.00	0.00	64.09	7.63	0.00	0.00	2000
231	11.26	2049	2101	0.00	198	0	0	0	nan	0.00	0.02	4.80	84.10	88.74	0.00	41	0	42	0.00	0.00	64.30	7.35	0.00	0.00	2000
229	11.05	2089	2083	0.00	195	0	0	0	nan	0.00	0.00	4.75	83.37	88.95	0.00	41	0	42	0.00	0.00	64.37	7.45	0.00	0.00	2000
231	11.17	2044	2121	0.00	195	0	0	0	nan	0.00	0.00	6.28	83.58	88.83	0.00	41	0	42	0.00	0.00	64.34	7.29	0.00	0.00	2000
227	11.03	2082	2081	0.00	194	0	0	0	nan	0.00	0.00	4.67	83.58	88.97	0.00	41	0	42	0.00	0.00	64.34	7.43	0.00	0.00	2000
229	11.19	2037	2113	0.00	195	0	0	0	nan	0.00	0.00	5.82	83.59	88.81	0.00	41	0	42	0.00	0.00	64.04	7.49	0.00	0.00	2000
228	11.19	2042	2095	0.00	195	0	0	0	nan	0.00	0.00	4.89	83.79	88.81	0.00	41	0	42	0.00	0.00	64.09	7.38	0.00	0.00	2000
228	10.94	2073	2110	0.00	194	0	0	0	nan	0.00	0.00	5.33	84.25	89.06	0.00	41	0	42	0.00	0.00	64.48	7.19	0.00	0.00	2000
229	11.12	2082	2080	0.00	195	0	0	0	nan	0.00	0.00	5.05	83.06	88.88	0.00	41	0	42	0.00	0.00	63.91	7.44	0.00	0.00	2000
230	10.78	2122	2109	0.00	194	0	0	0	nan	0.00	0.00	5.79	83.95	89.22	0.00	41	0	42	0.00	0.00	64.87	7.48	0.00	0.00	2000
227	11.31	2006	2105	0.00	195	0	0	0	nan	0.00	0.00	4.94	84.14	88.69	0.00	41	0	42	0.00	0.00	63.91	7.37	0.00	0.00	2000
235	11.37	2051	2113	0.00	197	0	0	2	78.06	0.00	0.00	5.40	83.86	88.63	0.00	42	0	42	0.00	0.00	64.74	7.44	0.00	0.00	2000
228	11.27	2032	2089	1.36	194	0	0	6	79.57	0.00	0.00	4.14	84.24	88.73	0.00	41	0	42	0.00	0.00	63.68	7.43	0.00	0.00	2000
231	11.33	2032	2110	0.00	195	0	0	0	nan	0.00	0.00	4.57	84.60	88.67	0.00	41	0	42	0.00	0.00	64.37	7.38	0.00	0.00	2000
228	11.02	2070	2096	0.00	196	0	0	0	nan	0.00	0.00	4.39	84.44	88.98	0.00	41	0	42	0.00	0.00	64.40	7.34	0.00	0.00	2000
229	11.16	2063	2091	0.00	195	0	0	0	nan	0.00	0.00	4.15	84.36	88.84	0.00	41	0	42	0.00	0.00	64.39	7.29	0.00	0.00	2000
230	10.81	2108	2119	0.00	200	0	0	0	nan	0.00	0.00	6.13	83.85	89.19	0.00	41	0	42	0.00	0.00	65.63	7.44	0.00	0.00	2000
235	11.25	2086	2105	0.00	195	0	0	0	nan	0.00	0.00	7.09	81.84	88.75	0.00	41	0	42	0.00	0.00	65.90	7.70	0.00	0.00	2000
228	10.87	2102	2098	0.00	196	0	0	0	nan	0.00	0.00	3.94	85.09	89.13	0.00	41	0	42	0.00	0.00	60.70	7.18	0.00	0.00	2000
230	10.82	2131	2095	0.00	195	0	0	0	nan	0.00	0.03	3.15	85.84	89.18	0.00	41	0	42	0.00	0.00	64.38	7.54	0.00	0.00	2000
228	10.79	2112	2097	0.00	194	0	0	0	nan	0.00	0.00	3.76	85.32	89.21	0.00	41	0	42	0.00	0.00	65.49	7.56	0.00	0.00	2000
229	10.96	2105	2081	0.00	195	0	0	0	nan	0.00	0.00	4.00	84.27	89.04	0.00	41	0	43	0.00	0.00	64.13	7.47	0.00	0.00	2000
230	10.94	2099	2107	0.00	199	0	0	0	nan	0.00	0.00	6.50	82.90	89.06	0.00	41	0	43	0.00	0.00	64.36	7.39	0.00	0.00	2000
230	11.12	2061	2105	0.00	196	0	0	0	nan	0.00	0.00	3.90	85.21	88.88	0.00	41	0	42	0.00	0.00	64.46	7.57	0.00	0.00	2000
230	11.13	2071	2091	0.00	194	0	0	0	nan	0.00	0.00	4.21	84.32	88.87	0.00	41	0	43	0.00	0.00	65.06	7.62	0.00	0.00	2000
230	10.89	2109	2099	0.00	195	0	0	0	nan	0.00	0.00	4.57	84.56	89.11	0.00	41	0	42	0.00	0.00	64.33	7.42	0.00	0.00	2000
227	11.26	2025	2088	0.00	195	0	0	0	nan	0.00	0.00	4.82	83.51	88.74	0.00	41	0	42	0.00	0.00	64.00	7.24	0.00	0.00	2000
231	10.80	2105	2131	0.00	196	0	0	0	nan	0.00	0.00	5.68	84.85	89.20	0.00	41	0	43	0.00	0.00	66.77	7.28	0.00	0.00	2000
229	11.46	2042	2058	0.00	180	0	0	0	nan	0.00	0.00	3.17	83.68	88.54	0.00	38	0	42	0.00	0.00	57.87	6.76	0.00	0.00	2000
229	11.11	2036	2131	1.25	211	0	0	6	66.51	0.00	0.00	4.35	86.00	88.89	0.00	38	0	42	0.00	0.00	67.17	7.69	0.00	0.00	2000
230	11.44	2029	2078	0.20	180	0	0	0	nan	0.00	0.00	4.06	83.57	88.56	0.00	38	0	42	0.00	0.00	61.38	7.07	0.00	0.00	2000
229	10.86	2080	2132	0.00	211	0	0	0	nan	0.00	0.01	5.29	85.20	89.14	0.00	38	0	42	0.00	0.00	69.94	8.02	0.00	0.00	2000
229	11.03	2111	2068	0.00	178	0	0	0	nan	0.00	0.01	3.71	83.89	88.97	0.00	38	0	42	0.00	0.00	59.16	6.76	0.00	0.00	2000
231	11.01	2080	2121	0.00	211	0	0	0	nan	0.00	0.00	4.88	85.10	88.99	0.00	38	0	42	0.00	0.00	69.87	8.05	0.00	0.00	2000
229	11.23	2042	2101	0.00	178	0	0	0	nan	0.00	0.01	4.05	84.88	88.77	0.00	39	0	42	0.00	0.00	61.85	7.03	0.00	0.00	2000
231	11.01	2114	2086	0.00	214	0	0	0	nan	0.00	0.00	4.32	84.10	88.99	0.00	38	0	42	0.00	0.00	64.60	7.48	0.00	0.00	2000
228	11.01	2059	2113	0.00	178	0	0	0	nan	0.00	0.00	4.70	84.97	88.99	0.00	39	0	42	0.00	0.00	64.46	7.35	0.00	0.00	2000
229	11.39	2020	2086	0.00	212	0	0	0	nan	0.00	0.00	3.48	84.68	88.61	0.00	39	0	42	0.00	0.00	60.98	6.99	0.00	0.00	2000
233	11.09	2107	2092	0.00	179	0	0	0	nan	0.00	0.02	5.17	83.50	88.91	0.00	39	0	42	0.00	0.00	64.03	7.52	0.00	0.00	2000
230	11.09	2062	2109	0.00	211	0	0	0	nan	0.00	0.00	5.14	84.19	88.91	0.00	38	0	42	0.00	0.00	64.49	7.32	0.00	0.00	2000
230	11.14	2070	2092	0.00	179	0	0	0	nan	0.00	0.00	5.55	83.02	88.86	0.00	39	0	42	0.00	0.00	64.47	7.64	0.00	0.00	2000
229	10.96	2084	2108	0.00	211	0	0	0	nan	0.00	0.00	4.27	85.20	89.04	0.00	39	0	42	0.00	0.00	64.47	7.58	0.00	0.00	2000
230	11.21	2062	2091	0.00	182	0	0	0	nan	0.00	0.00	6.05	82.40	88.79	0.00	39	0	42	0.00	0.00	64.35	7.38	0.00	0.00	2000
232	11.05	2080	2122	0.00	215	0	0	0	nan	0.00	0.00	5.50	84.46	88.95	0.00	39	0	43	0.00	0.00	67.80	7.70	0.00	0.00	2000
228	10.95	2088	2095	0.00	178	0	0	0	nan	0.00	0.00	4.52	84.41	89.05	0.00	39	0	42	0.00	0.00	64.44	7.32	0.00	0.00	2000
232	11.29	2067	2092	0.00	215	0	0	0	nan	0.00	0.03	4.32	84.06	88.71	0.00	39	0	42	0.00	0.00	61.67	7.10	0.00	0.00	2000
230	10.78	2132	2098	0.93	180	0	0	6	73.55	0.00	0.00	4.91	84.25	89.22	0.00	39	0	43	0.00	0.00	64.86	7.34	0.00	0.00	2000
230	11.02	2079	2106	0.55	213	0	0	0	nan	0.00	0.00	4.54	84.80	88.98	0.00	39	0	42	0.00	0.00	64.32	7.35	0.00	0.00	2000
229	11.40	2021	2090	0.00	178	0	0	0	nan	0.00	0.00	5.01	83.27	88.60	0.00	39	0	42	0.00	0.00	64.08	7.35	0.00	0.00	2000
262	12.22	2137	2110	0.00	212	0	0	0	nan	0.00	0.00	5.07	83.25	87.78	0.00	39	0	42	0.00	0.00	65.53	7.44	0.00	0.00	2000
230	11.40	2030	2092	0.00	178	0	0	0	nan	0.00	0.00	5.56	82.86	88.60	0.00	38	0	42	0.00	0.00	64.50	7.43	0.00	0.00	2000
231	11.15	2051	2125	0.00	211	0	0	0	nan	0.00	0.00	5.42	84.64	88.85	0.00	38	0	42	0.00	0.00	67.20	8.03	0.00	0.00	2000
228	10.95	2075	2107	0.00	179	0	0	0	nan	0.00	0.00	4.43	84.88	89.05	0.00	39	0	42	0.00	0.00	63.40	7.33	0.00	0.00	2000
229	11.04	2124	2052	0.00	196	0	0	0	nan	0.00	0.02	3.95	83.04	88.96	0.00	39	0	42	0.00	0.00	62.78	7.25	0.00	0.00	2000
230	11.04	2064	2117	0.00	195	0	0	0	nan	0.00	0.02	4.01	85.74	88.96	0.00	39	0	42	0.00	0.00	64.01	7.41	0.00	0.00	2000
230	10.87	2090	2121	0.00	210	0	0	0	nan	0.00	0.00	5.17	84.92	89.13	0.00	39	0	42	0.00	0.00	67.38	7.36	0.00	0.00	2000
229	11.17	2074	2077	0.00	180	0	0	0	nan	0.00	0.01	4.51	83.43	88.83	0.00	39	0	42	0.00	0.00	61.38	7.35	0.00	0.00	2000
230	10.89	2090	2123	0.00	210	0	0	0	nan	0.01	0.00	4.86	85.30	89.11	0.00	39	0	43	0.00	0.00	64.87	7.48	0.00	0.00	2000
229	11.06	2091	2078	0.00	179	0	0	0	nan	0.00	0.00	4.75	83.31	88.94	0.00	39	0	42	0.00	0.00	64.19	7.50	0.00	0.00	2000
230	10.84	2095	2127	0.00	212	0	0	0	nan	0.00	0.00	4.86	85.48	89.16	0.00	39	0	42	0.00	0.00	67.06	7.57	0.00	0.00	2000
229	11.26	2055	2074	0.00	177	0	0	0	nan	0.00	0.00	4.84	82.87	88.74	0.00	39	0	42	0.00	0.00	61.34	7.33	0.00	0.00	2000
232	11.20	2046	2126	0.00	213	0	0	0	nan	0.00	0.00	5.99	84.03	88.80	0.00	38	0	42	0.00	0.00	65.87	7.53	0.00	0.00	2000
230	10.97	2084	2110	0.00	178	0	0	0	nan	0.00	0.02	3.96	85.60	89.03	0.00	39	0	42	0.00	0.00	65.85	7.63	0.00	0.00	2000
229	11.41	2069	2038	0.56	196	0	0	6	72.45	0.00	0.00	4.64	81.41	88.59	0.00	39	0	42	0.00	0.00	59.53	7.19	0.00	0.00	2000
230	10.92	2075	2129	0.88	196	0	0	2	86.27	0.00	0.00	3.57	86.78	89.08	0.00	39	0	42	0.00	0.00	67.26	7.17	0.00	0.00	2000
229	10.95	2072	2123	0.00	212	0	0	0	nan	0.00	0.00	5.72	84.48	89.05	0.00	39	0	42	0.00	0.00	63.86	7.55	0.00	0.00	2000
231	11.15	2086	2082	0.00	179	0	0	0	nan	0.00	0.00	5.22	82.85	88.85	0.00	39	0	42	0.00	0.00	64.97	7.44	0.00	0.00	2000
230	10.70	2144	2104	0.00	210	0	0	0	nan	0.00	0.00	5.11	84.40	89.30	0.00	39	0	42	0.00	0.00	64.10	7.51	0.00	0.00	2000
229	10.92	2086	2110	0.00	180	0	0	0	nan	0.00	0.00	5.57	84.05	89.08	0.00	39	0	42	0.00	0.00	64.23	7.59	0.00	0.00	2000
230	11.27	2041	2103	0.00	212	0	0	0	nan	0.00	0.00	4.00	84.92	88.73	0.00	39	0	42	0.00	0.00	64.36	7.43	0.00	0.00	2000
228	11.40	2000	2101	0.00	178	0	0	0	nan	0.00	0.00	4.60	84.18	88.60	0.00	39	0	42	0.00	0.00	64.31	7.64	0.00	0.00	2000
230	11.29	2028	2112	0.00	212	0	0	0	nan	0.00	0.00	3.81	85.56	88.71	0.00	39	0	42	0.00	0.00	64.20	7.41	0.00	0.00	2000
228	11.36	2042	2066	0.00	180	0	0	0	nan	0.00	0.00	4.51	82.76	88.64	0.00	39	0	42	0.00	0.00	64.40	7.42	0.00	0.00	2000
230	11.02	2068	2123	0.00	212	0	0	0	nan	0.00	0.00	5.35	84.72	88.98	0.00	39	0	42	0.00	0.00	64.08	7.49	0.00	0.00	2000
227	11.04	2064	2096	0.00	178	0	0	0	nan	0.00	0.00	4.60	84.26	88.96	0.00	39	0	42	0.00	0.00	64.26	7.37	0.00	0.00	2000
230	11.21	2063	2087	0.00	211	0	0	0	nan	0.00	0.00	3.92	84.42	88.79	0.00	39	0	42	0.00	0.00	64.27	7.41	0.00	0.00	2000
228	11.15	2053	2091	0.00	178	0	0	0	nan	0.00	0.00	5.40	83.14	88.85	0.00	39	0	42	0.00	0.00	64.27	7.38	0.00	0.00	2000
232	11.08	2080	2111	0.00	213	0	0	0	nan	0.00	0.02	5.55	83.98	88.92	0.00	39	0	42	0.00	0.00	64.54	7.33	0.00	0.00	2000
228	11.15	2036	2113	0.00	179	0	0	0	nan	0.00	0.00	4.85	84.63	88.85	0.00	39	0	42	0.00	0.00	63.95	7.34	0.00	0.00	2000
229	11.32	2037	2086	0.00	211	0	0	0	nan	0.00	0.00	3.81	84.38	88.68	0.00	39	0	42	0.00	0.00	64.30	7.41	0.00	0.00	2000
228	11.12	2043	2106	0.18	178	0	0	4	73.11	0.00	0.00	4.92	84.31	88.88	0.00	39	0	42	0.00	0.00	64.58	7.36	0.00	0.00	2000
230	10.90	2097	2112	1.24	212	0	0	4	81.60	0.00	0.00	4.74	84.83	89.10	0.00	39	0	42	0.00	0.00	64.46	7.51	0.00	0.00	2000
230	11.04	2112	2072	0.00	179	0	0	0	nan	0.00	0.00	3.68	84.14	88.96	0.00	38	0	42	0.00	0.00	64.23	7.67	0.00	0.00	2000
232	11.29	2045	2112	0.00	214	0	0	0	nan	0.00	0.00	6.36	82.95	88.71	0.00	39	0	43	0.00	0.00	64.55	7.47	0.00	0.00	2000
229	11.24	2044	2089	0.00	178	0	0	0	nan	0.00	0.00	5.36	82.98	88.76	0.00	38	0	42	0.00	0.00	64.47	7.39	0.00	0.00	2000
231	11.27	2036	2110	0.00	213	0	0	0	nan	0.00	0.00	5.58	83.69	88.73	0.00	38	0	42	0.00	0.00	64.32	7.56	0.00	0.00	2000
230	11.14	2075	2092	0.00	178	0	0	0	nan	0.00	0.00	5.43	83.14	88.86	0.00	39	0	42	0.00	0.00	64.29	7.50	0.00	0.00	2000
231	11.27	2030	2122	0.00	212	0	0	0	nan	0.00	0.00	5.40	84.37	88.73	0.00	39	0	42	0.00	0.00	64.45	7.42	0.00	0.00	2000
228	11.23	2029	2099	0.00	178	0	0	0	nan	0.00	0.00	4.46	84.42	88.77	0.00	39	0	42	0.00	0.00	64.26	7.27	0.00	0.00	2000
229	11.05	2088	2082	0.00	213	0	0	0	nan	0.00	0.00	4.13	84.13	88.95	0.00	38	0	43	0.00	0.00	64.04	7.53	0.00	0.00	2000
229	10.71	2137	2100	0.00	179	0	0	0	nan	0.00	0.00	5.18	84.20	89.29	0.00	39	0	42	0.00	0.00	64.51	7.41	0.00	0.00	2000
229	10.97	2078	2109	0.00	211	0	0	0	nan	0.00	0.00	4.85	84.66	89.03	0.00	39	0	43	0.00	0.00	64.57	7.49	0.00	0.00	2000
230	11.10	2083	2089	0.00	179	0	0	0	nan	0.00	0.01	5.18	83.22	88.90	0.00	39	0	42	0.00	0.00	64.49	7.43	0.00	0.00	2000
230	10.94	2086	2119	0.00	212	0	0	0	nan	0.00	0.00	5.23	84.76	89.06	0.00	39	0	42	0.00	0.00	64.62	7.40	0.00	0.00	2000
228	11.17	2065	2076	0.00	179	0	0	0	nan	0.00	0.00	4.55	83.33	88.83	0.00	39	0	42	0.00	0.00	64.37	7.34	0.00	0.00	2000
235	11.40	2031	2126	0.00	213	0	0	0	nan	0.00	0.00	5.98	83.89	88.60	0.00	39	0	42	0.00	0.00	64.37	7.81	0.00	0.00	2000
229	11.26	2043	2090	0.00	177	0	0	0	nan	0.00	0.00	5.18	83.16	88.74	0.00	39	0	43	0.00	0.00	64.45	7.42	0.00	0.00	2000
231	11.44	2004	2116	0.00	213	0	0	3	80.31	0.00	0.00	4.74	84.61	88.56	0.00	39	0	42	0.00	0.00	64.28	7.31	0.00	0.00	2000
229	11.26	2064	2068	1.35	180	0	0	5	76.46	0.00	0.00	4.43	82.96	88.74	0.00	39	0	42	0.00	0.00	61.87	7.04	0.00	0.00	2000
229	11.06	2068	2106	0.00	211	0	0	0	nan	0.00	0.00	5.32	83.95	88.94	0.00	38	0	42	0.00	0.00	66.67	7.78	0.00	0.00	2000
230	10.84	2106	2116	0.00	178	0	0	0	nan	0.00	0.00	5.14	84.67	89.16	0.00	39	0	42	0.00	0.00	65.01	7.46	0.00	0.00	2000
229	10.95	2078	2111	0.00	211	0	0	0	nan	0.00	0.00	4.56	85.00	89.05	0.00	39	0	42	0.00	0.00	61.95	7.07	0.00	0.00	2000
229	11.01	2115	2067	0.00	179	0	0	0	nan	0.00	0.02	4.04	83.61	88.99	0.00	39	0	42	0.00	0.00	65.25	7.36	0.00	0.00	2000
233	10.95	2097	2127	0.00	212	0	0	0	nan	0.00	0.00	6.92	83.33	89.05	0.00	39	0	42	0.00	0.00	64.52	7.69	0.00	0.00	2000
228	11.24	2045	2082	0.00	181	0	0	0	nan	0.00	0.00	5.25	82.86	88.76	0.00	39	0	42	0.00	0.00	64.29	7.20	0.00	0.00	2000
230	11.06	2065	2116	0.00	211	0	0	0	nan	0.00	0.00	4.51	85.17	88.94	0.00	39	0	42	0.00	0.00	65.17	7.46	0.00	0.00	2000
228	11.38	2023	2079	0.00	180	0	0	0	nan	0.00	0.00	4.81	82.99	88.62	0.00	39	0	42	0.00	0.00	63.84	7.43	0.00	0.00	2000
229	11.03	2049	2128	0.00	212	0	0	0	nan	0.00	0.00	4.76	85.53	88.97	0.00	39	0	42	0.00	0.00	64.70	7.41	0.00	0.00	2000
230	11.34	2054	2075	0.00	179	0	0	0	nan	0.00	0.03	4.00	83.71	88.66	0.00	39	0	42	0.00	0.00	64.76	7.35	0.00	0.00	2000
229	10.80	2100	2122	0.00	212	0	0	0	nan	0.00	0.00	4.76	85.35	89.20	0.00	39	0	43	0.00	0.00	65.79	7.49	0.00	0.00	2000
228	11.16	2086	2054	0.00	178	0	0	0	nan	0.00	0.02	3.52	83.47	88.84	0.00	39	0	42	0.00	0.00	60.24	7.02	0.00	0.00	2000
231	10.85	2090	2142	0.00	210	0	0	0	nan	0.00	0.00	3.40	87.57	89.15	0.00	39	0	42	0.00	0.00	69.92	8.01	0.00	0.00	2000
228	11.20	2043	2094	0.00	178	0	0	0	nan	0.00	0.00	4.13	84.40	88.80	0.00	39	0	42	0.00	0.00	62.02	7.57	0.00	0.00	2000
232	10.91	2110	2116	0.00	212	0	0	0	nan	0.00	0.00	4.54	85.30	89.09	0.00	39	0	42	0.00	0.00	67.07	7.82	0.00	0.00	2000
228	10.92	2087	2101	0.00	180	0	0	4	16.78	0.00	0.02	3.83	85.32	89.08	0.00	38	0	42	0.00	0.00	64.15	7.66	0.00	0.00	2000
229	11.07	2109	2056	1.38	195	0	0	6	72.11	0.00	0.00	3.15	84.02	88.93	0.00	38	0	42	0.00	0.00	62.07	7.35	0.00	0.00	2000
228	10.93	2062	2126	0.00	194	0	0	0	nan	0.00	0.00	4.22	86.06	89.07	0.00	39	0	42	0.00	0.00	64.59	7.71	0.00	0.00	2000
235	11.35	2059	2109	0.00	215	0	0	0	nan	0.00	0.00	4.52	84.60	88.65	0.00	39	0	42	0.00	0.00	64.64	7.55	0.00	0.00	2000
233	11.12	2106	2092	0.00	184	0	0	0	nan	0.00	0.00	4.81	83.71	88.88	0.00	39	0	42	0.00	0.00	65.08	7.59	0.00	0.00	2000
230	11.16	2061	2095	0.00	211	0	0	0	nan	0.00	0.00	4.80	83.93	88.84	0.00	39	0	42	0.00	0.00	64.59	7.57	0.00	0.00	2000
229	11.06	2052	2114	0.00	177	0	0	0	nan	0.00	0.00	5.13	84.41	88.94	0.00	39	0	42	0.00	0.00	65.72	7.70	0.00	0.00	2000
230	11.40	2042	2072	0.00	195	0	0	0	nan	0.00	0.01	3.75	83.77	88.60	0.00	39	0	42	0.00	0.00	60.28	6.92	0.00	0.00	2000
229	11.09	2045	2122	0.00	194	0	0	0	nan	0.00	0.00	4.71	85.27	88.91	0.00	39	0	42	0.00	0.00	67.07	7.83	0.00	0.00	2000
235	11.18	2114	2089	0.00	212	0	0	0	nan	0.00	0.00	4.25	83.99	88.82	0.00	39	0	42	0.00	0.00	64.49	7.56	0.00	0.00	2000
232	10.96	2090	2127	0.00	182	0	0	0	nan	0.00	0.00	5.96	84.33	89.04	0.00	39	0	42	0.00	0.00	63.62	7.48	0.00	0.00	2000
228	11.03	2128	2044	0.00	196	0	0	0	nan	0.00	0.02	3.40	83.23	88.97	0.00	39	0	42	0.00	0.00	62.41	7.26	0.00	0.00	2000
230	10.81	2065	2160	0.00	195	0	0	0	nan	0.00	0.01	3.49	88.35	89.19	0.00	39	0	42	0.00	0.00	66.17	7.77	0.00	0.00	2000
229	11.13	2113	2045	0.00	195	0	0	0	nan	0.00	0.02	3.90	82.74	88.87	0.00	39	0	42	0.00	0.00	62.49	7.15	0.00	0.00	2000
231	10.94	2058	2157	0.00	197	0	0	0	nan	0.00	0.00	5.72	85.82	89.06	0.00	39	0	42	0.00	0.00	68.89	8.11	0.00	0.00	2000
232	11.20	2109	2060	0.00	198	0	0	0	nan	0.00	0.00	3.57	83.55	88.80	0.00	39	0	42	0.00	0.00	60.37	6.88	0.00	0.00	2000
229	11.14	2038	2116	0.00	194	0	0	0	nan	0.00	0.00	4.31	85.44	88.86	0.00	39	0	42	0.00	0.00	64.34	7.37	0.00	0.00	2000
229	11.17	2037	2114	0.00	212	0	0	0	nan	0.00	0.00	4.88	84.75	88.83	0.00	39	0	42	0.00	0.00	66.94	7.71	0.00	0.00	2000
228	11.28	2013	2111	1.24	177	0	0	6	69.74	0.00	0.00	4.69	84.59	88.72	0.00	39	0	42	0.00	0.00	63.57	7.34	0.00	0.00	2000
228	11.49	2032	2055	0.27	195	0	0	0	nan	0.00	0.00	3.16	83.65	88.51	0.00	39	0	42	0.00	0.00	62.18	7.21	0.00	0.00	2000
231	11.39	1999	2129	0.00	196	0	0	0	nan	0.00	0.00	4.85	85.13	88.61	0.00	39	0	42	0.00	0.00	66.96	7.74	0.00	0.00	2000
229	11.23	2032	2105	0.00	212	0	0	0	nan	0.00	0.00	5.23	83.92	88.77	0.00	39	0	42	0.00	0.00	63.93	7.44	0.00	0.00	2000
229	11.16	2050	2098	0.00	178	0	0	0	nan	0.00	0.00	4.92	83.93	88.84	0.00	39	0	42	0.00	0.00	64.40	7.52	0.00	0.00	2000
228	11.27	2027	2100	0.00	212	0	0	0	nan	0.00	0.00	4.17	84.69	88.73	0.00	39	0	42	0.00	0.00	64.12	7.54	0.00	0.00	2000
229	11.21	2040	2099	0.00	179	0	0	0	nan	0.00	0.00	4.83	84.03	88.79	0.00	39	0	42	0.00	0.00	64.18	7.64	0.00	0.00	2000
230	11.52	2010	2088	0.00	212	0	0	0	nan	0.00	0.00	5.45	82.64	88.48	0.00	39	0	42	0.00	0.00	61.24	7.32	0.00	0.00	2000
228	11.13	2056	2094	0.00	178	0	0	0	nan	0.00	0.00	5.56	83.10	88.87	0.00	39	0	42	0.00	0.00	64.75	7.37	0.00	0.00	2000
229	10.80	2098	2125	0.00	211	0	0	0	nan	0.01	0.00	4.87	85.38	89.20	0.00	39	0	42	0.00	0.00	67.61	7.73	0.00	0.00	2000
228	11.01	2082	2092	0.00	178	0	0	0	nan	0.00	0.00	4.33	84.50	88.99	0.00	39	0	42	0.00	0.00	64.12	7.44	0.00	0.00	2000
229	11.32	2015	2110	0.00	213	0	0	0	nan	0.00	0.00	4.93	84.30	88.68	0.00	39	0	42	0.00	0.00	64.34	7.64	0.00	0.00	2000
232	11.27	2075	2082	0.00	180	0	0	0	nan	0.00	0.00	6.29	81.79	88.73	0.00	39	0	42	0.00	0.00	61.56	7.20	0.00	0.00	2000
231	11.16	2060	2105	0.00	214	0	0	0	nan	0.00	0.00	5.26	83.88	88.84	0.00	39	0	42	0.00	0.00	64.37	7.54	0.00	0.00	2000
229	11.18	2045	2106	0.00	178	0	0	0	nan	0.00	0.00	5.44	83.73	88.82	0.00	39	0	42	0.00	0.00	67.49	7.86	0.00	0.00	2000
230	11.05	2080	2098	0.00	211	0	0	0	nan	0.00	0.00	4.52	84.40	88.95	0.00	39	0	42	0.00	0.00	58.99	7.36	0.00	0.00	2000
228	11.35	2026	2081	0.00	180	0	0	0	nan	0.01	0.00	4.39	83.50	88.65	0.00	39	0	42	0.00	0.00	66.51	7.38	0.00	0.00	2000
229	11.23	2011	2126	0.92	211	0	0	6	70.29	0.00	0.02	4.59	85.43	88.77	0.00	39	0	42	0.00	0.00	67.16	7.78	0.00	0.00	2000
232	11.15	2082	2099	0.55	180	0	0	0	nan	0.00	0.03	3.98	84.91	88.85	0.00	39	0	42	0.00	0.00	64.38	7.49	0.00	0.00	2000
229	11.21	2050	2096	0.00	210	0	0	0	nan	0.00	0.00	4.18	84.56	88.79	0.00	39	0	42	0.00	0.00	61.70	7.24	0.00	0.00	2000
229	11.14	2074	2080	0.00	179	0	0	0	nan	0.00	0.00	5.02	83.08	88.86	0.00	39	0	42	0.00	0.00	64.84	7.56	0.00	0.00	2000
230	10.78	2112	2124	0.00	211	0	0	0	nan	0.00	0.02	5.05	85.22	89.22	0.00	39	0	42	0.00	0.00	66.94	7.58	0.00	0.00	2000
228	11.22	2033	2098	0.00	179	0	0	0	nan	0.00	0.00	4.23	84.42	88.78	0.00	39	0	42	0.00	0.00	64.12	7.69	0.00	0.00	2000
231	11.15	2088	2084	0.00	213	0	0	0	nan	0.00	0.01	3.94	84.27	88.85	0.00	39	0	42	0.00	0.00	61.85	7.11	0.00	0.00	2000
229	11.10	2043	2116	0.00	180	0	0	0	nan	0.00	0.00	5.21	84.48	88.90	0.00	39	0	42	0.00	0.00	64.33	7.55	0.00	0.00	2000
230	11.14	2074	2088	0.00	211	0	0	0	nan	0.00	0.00	4.03	84.36	88.86	0.00	39	0	42	0.00	0.00	65.28	7.43	0.00	0.00	2000
228	11.23	2023	2107	0.00	180	0	0	0	nan	0.00	0.00	5.09	84.09	88.77	0.00	39	0	42	0.00	0.00	63.40	7.80	0.00	0.00	2000
231	11.33	2045	2092	0.00	226	0	0	0	nan	0.00	0.00	6.26	82.12	88.67	0.00	39	0	42	0.00	0.00	64.90	7.62	0.00	0.00	2000
230	10.99	2098	2091	0.00	180	0	0	0	nan	0.00	0.00	4.73	83.94	89.01	0.00	39	0	42	0.00	0.00	64.31	7.41	0.00	0.00	2000
229	11.00	2061	2123	0.00	211	0	0	0	nan	0.00	0.00	4.79	85.27	89.00	0.00	38	0	42	0.00	0.00	64.35	7.52	0.00	0.00	2000
229	10.96	2083	2102	0.00	179	0	0	0	nan	0.00	0.00	4.51	84.71	89.04	0.00	39	0	42	0.00	0.00	64.35	7.51	0.00	0.00	2000
229	11.07	2069	2101	0.00	211	0	0	0	nan	0.00	0.02	4.44	84.64	88.93	0.00	38	0	42	0.00	0.00	64.52	7.57	0.00	0.00	2000
228	10.98	2096	2085	0.00	179	0	0	0	nan	0.00	0.02	4.28	84.10	89.02	0.00	39	0	42	0.00	0.00	64.64	7.49	0.00	0.00	2000
233	11.24	2072	2098	0.00	215	0	0	0	nan	0.00	0.00	6.09	82.62	88.76	0.00	39	0	42	0.00	0.00	64.43	7.59	0.00	0.00	2000
229	10.93	2087	2113	0.60	180	0	0	6	74.87	0.00	0.00	5.65	83.92	89.07	0.00	39	0	42	0.00	0.00	64.95	7.47	0.00	0.00	2000
232	11.13	2075	2112	0.88	210	0	0	2	86.11	0.00	0.00	4.68	84.69	88.87	0.00	39	0	42	0.00	0.00	64.91	7.43	0.00	0.00	2000
229	11.30	2044	2084	0.00	181	0	0	0	nan	0.00	0.01	3.71	84.42	88.70	0.00	39	0	42	0.00	0.00	64.47	7.38	0.00	0.00	2000
230	11.29	2040	2093	0.00	211	0	0	0	nan	0.00	0.00	4.48	83.87	88.71	0.00	39	0	42	0.00	0.00	63.96	7.40	0.00	0.00	2000
229	11.01	2088	2090	0.00	179	0	0	0	nan	0.00	0.00	5.16	83.52	88.99	0.00	39	0	42	0.00	0.00	64.60	7.27	0.00	0.00	2000
231	11.25	2026	2127	0.00	211	0	0	0	nan	0.00	0.00	5.32	84.64	88.75	0.00	39	0	42	0.00	0.00	64.13	7.32	0.00	0.00	2000
227	11.07	2062	2093	0.00	178	0	0	0	nan	0.00	0.00	4.22	84.60	88.93	0.00	39	0	42	0.00	0.00	64.13	7.52	0.00	0.00	2000
230	11.17	2070	2092	0.00	213	0	0	0	nan	0.00	0.00	4.79	83.71	88.83	0.00	39	0	42	0.00	0.00	64.68	7.39	0.00	0.00	2000
228	11.19	2045	2088	0.00	179	0	0	0	nan	0.00	0.00	5.07	83.26	88.81	0.00	39	0	42	0.00	0.00	63.96	7.39	0.00	0.00	2000
228	11.13	2030	2124	0.00	210	0	0	0	nan	0.00	0.00	5.04	84.96	88.87	0.00	39	0	42	0.00	0.00	64.06	7.54	0.00	0.00	2000
229	11.36	2020	2095	0.00	179	0	0	0	nan	0.00	0.00	4.12	84.39	88.64	0.00	39	0	42	0.00	0.00	63.89	7.50	0.00	0.00	2000
232	11.49	2024	2100	0.00	215	0	0	0	nan	0.00	0.00	5.10	83.53	88.51	0.00	39	0	42	0.00	0.00	64.33	7.56	0.00	0.00	2000
235	11.23	2085	2107	0.00	180	0	0	0	nan	0.00	0.00	5.14	84.07	88.77	0.00	39	0	42	0.00	0.00	64.56	7.63	0.00	0.00	2000
230	11.31	2033	2097	0.00	210	0	0	0	nan	0.00	0.00	4.54	84.15	88.69	0.00	39	0	42	0.00	0.00	64.19	7.54	0.00	0.00	2000
229	11.03	2101	2078	0.00	178	0	0	0	nan	0.00	0.00	4.55	83.46	88.97	0.00	39	0	42	0.00	0.00	64.42	7.48	0.00	0.00	2000
232	11.12	2076	2110	0.00	213	0	0	0	nan	0.00	0.00	6.07	83.27	88.88	0.00	39	0	42	0.00	0.00	61.94	7.64	0.00	0.00	2000
228	10.84	2092	2110	0.00	179	0	0	0	nan	0.00	0.00	5.32	84.33	89.16	0.00	39	0	42	0.00	0.00	67.05	7.44	0.00	0.00	2000
229	11.07	2076	2089	0.19	211	0	0	4	74.87	0.00	0.00	3.84	84.67	88.93	0.00	39	0	42	0.00	0.00	64.41	7.66	0.00	0.00	2000
230	11.00	2083	2107	1.23	178	0	0	3	78.73	0.01	0.00	5.34	84.06	89.00	0.00	39	0	42	0.00	0.00	64.44	7.54	0.00	0.00	2000
231	11.13	2068	2110	0.00	215	0	0	0	nan	0.00	0.00	6.36	83.03	88.87	0.00	39	0	42	0.00	0.00	64.53	7.55	0.00	0.00	2000
231	11.06	2110	2074	0.00	180	0	0	0	nan	0.00	0.00	4.53	83.39	88.94	0.00	39	0	42	0.00	0.00	64.26	7.44	0.00	0.00	2000
233	11.38	2041	2111	0.00	210	0	0	0	nan	0.00	0.00	5.94	83.20	88.62	0.00	39	0	42	0.00	0.00	64.11	7.17	0.00	0.00	2000
228	11.05	2064	2103	0.00	195	0	0	0	nan	0.00	0.00	4.85	84.37	88.95	0.00	39	0	42	0.00	0.00	64.66	7.42	0.00	0.00	2000
230	11.37	2011	2107	0.00	212	0	0	0	nan	0.01	0.00	5.09	83.96	88.63	0.00	39	0	42	0.00	0.00	64.54	7.47	0.00	0.00	2000
229	11.34	2039	2077	0.00	179	0	0	0	nan	0.00	0.00	4.72	83.03	88.66	0.00	39	0	42	0.00	0.00	62.32	7.12	0.00	0.00	2000
231	11.21	2037	2125	0.00	210	0	0	0	nan	0.00	0.01	5.01	84.99	88.79	0.00	39	0	42	0.00	0.00	66.56	7.99	0.00	0.00	2000
229	10.92	2095	2098	0.00	179	0	0	0	nan	0.00	0.00	4.25	84.80	89.08	0.00	39	0	42	0.00	0.00	59.44	7.13	0.00	0.00	2000
229	11.11	2063	2102	0.00	213	0	0	0	nan	0.00	0.00	4.38	84.63	88.89	0.00	39	0	42	0.00	0.00	67.34	7.36	0.00	0.00	2000
229	11.01	2100	2075	0.00	179	0	0	0	nan	0.00	0.00	4.17	83.74	88.99	0.00	39	0	42	0.00	0.00	61.83	7.52	0.00	0.00	2000
230	10.92	2078	2127	0.00	220	0	0	0	nan	0.00	0.00	4.62	85.70	89.08	0.00	39	0	42	0.00	0.00	67.10	7.35	0.00	0.00	2000
228	10.94	2109	2074	0.00	178	0	0	0	nan	0.00	0.02	4.53	83.49	89.06	0.00	39	0	42	0.00	0.00	64.42	7.60	0.00	0.00	2000
232	10.91	2088	2134	0.00	212	0	0	0	nan	0.00	0.04	5.24	85.33	89.09	0.00	39	0	42	0.00	0.00	66.34	7.85	0.00	0.00	2000
229	11.27	2044	2087	0.00	179	0	0	0	nan	0.00	0.00	4.20	84.11	88.73	0.00	39	0	42	0.00	0.00	62.27	7.17	0.00	0.00	2000
229	11.45	2014	2087	0.00	210	0	0	0	nan	0.00	0.00	4.39	83.66	88.55	0.00	39	0	43	0.00	0.00	64.01	7.50	0.00	0.00	2000
228	10.72	2117	2109	0.00	178	0	0	3	78.45	0.00	0.00	5.18	84.58	89.28	0.00	39	0	42	0.00	0.00	64.49	7.57	0.00	0.00	2000
230	11.40	2014	2108	1.36	212	0	0	5	77.23	0.00	0.00	4.14	84.90	88.60	0.00	39	0	42	0.00	0.00	66.78	7.57	0.00	0.00	2000
230	11.30	2051	2088	0.00	180	0	0	0	nan	0.00	0.00	4.25	84.03	88.70	0.00	39	0	42	0.00	0.00	62.15	7.54	0.00	0.00	2000
230	11.16	2049	2114	0.00	212	0	0	0	nan	0.00	0.00	4.51	85.05	88.84	0.00	39	0	42	0.00	0.00	64.46	7.54	0.00	0.00	2000
228	11.22	2034	2096	0.00	179	0	0	0	nan	0.00	0.00	4.20	84.57	88.78	0.00	39	0	42	0.00	0.00	64.34	7.53	0.00	0.00	2000
229	11.04	2089	2085	0.00	212	0	0	0	nan	0.00	0.00	3.98	84.39	88.96	0.00	39	0	42	0.00	0.00	64.21	7.47	0.00	0.00	2000
230	11.24	2054	2090	0.00	182	0	0	0	nan	0.00	0.00	6.96	81.43	88.76	0.00	39	0	42	0.00	0.00	64.25	7.38	0.00	0.00	2000
232	10.79	2114	2136	0.00	212	0	0	0	nan	0.00	0.00	6.04	84.74	89.21	0.00	39	0	42	0.00	0.00	64.42	7.58	0.00	0.00	2000
229	11.02	2116	2065	0.00	179	0	0	0	nan	0.01	0.00	3.94	83.58	88.98	0.00	39	0	42	0.00	0.00	64.90	7.40	0.00	0.00	2000
231	11.08	2073	2110	0.00	212	0	0	0	nan	0.00	0.00	5.16	84.28	88.92	0.00	39	0	42	0.00	0.00	64.52	7.31	0.00	0.00	2000
231	11.05	2094	2094	0.00	180	0	0	0	nan	0.00	0.00	5.05	83.68	88.95	0.00	38	0	42	0.00	0.00	64.95	7.68	0.00	0.00	2000
229	10.98	2059	2122	0.00	210	0	0	0	nan	0.00	0.00	5.09	84.97	89.02	0.00	39	0	42	0.00	0.00	65.25	7.73	0.00	0.00	2000
232	11.27	2074	2081	0.00	181	0	0	0	nan	0.00	0.01	4.12	83.91	88.73	0.00	39	0	42	0.00	0.00	63.52	7.37	0.00	0.00	2000
231	11.25	2036	2113	0.00	213	0	0	0	nan	0.00	0.00	4.78	84.57	88.75	0.00	39	0	42	0.00	0.00	64.14	7.56	0.00	0.00	2000
228	11.54	1994	2081	0.00	179	0	0	0	nan	0.00	0.00	4.63	83.17	88.46	0.00	39	0	42	0.00	0.00	64.19	7.57	0.00	0.00	2000
230	11.23	2023	2126	0.00	212	0	0	0	nan	0.00	0.00	5.03	84.94	88.77	0.00	39	0	42	0.00	0.00	64.12	7.65	0.00	0.00	2000
228	11.19	2044	2092	0.00	179	0	0	0	nan	0.00	0.00	4.35	84.28	88.81	0.00	39	0	42	0.00	0.00	64.27	7.46	0.00	0.00	2000
229	11.15	2044	2105	0.00	212	0	0	1	77.63	0.00	0.00	4.88	84.27	88.85	0.00	39	0	42	0.00	0.00	61.19	7.50	0.00	0.00	2000
233	11.49	2036	2093	1.40	189	0	0	7	77.25	0.00	0.02	6.39	81.88	88.51	0.00	39	0	42	0.00	0.00	66.99	7.50	0.00	0.00	2000
231	11.17	2066	2101	0.00	215	0	0	0	nan	0.00	0.94	7.30	80.82	88.83	0.00	39	0	42	0.00	0.00	64.70	7.60	0.00	0.00	2000
229	11.07	2083	2082	0.00	182	0	0	0	nan	0.00	0.02	6.33	81.87	88.93	0.00	39	0	42	0.00	0.00	61.01	7.22	0.00	0.00	2000
230	10.92	2097	2106	0.00	215	0	0	0	nan	0.00	0.52	6.18	82.81	89.08	0.00	39	0	42	0.00	0.00	67.32	7.80	0.00	0.00	2000
230	11.21	2031	2118	0.00	183	0	0	0	nan	0.00	0.00	7.20	82.47	88.79	0.00	39	0	42	0.00	0.00	64.35	7.42	0.00	0.00	2000
233	10.78	2171	2087	0.00	220	0	0	0	nan	0.00	1.03	8.82	78.91	89.22	0.00	39	0	42	0.00	0.00	65.22	7.58	0.00	0.00	2000
229	11.08	2055	2108	0.00	181	0	0	0	nan	0.00	0.00	8.17	81.19	88.92	0.00	39	0	42	0.00	0.00	64.23	7.48	0.00	0.00	2000
230	11.36	2031	2095	0.00	215	0	0	0	nan	0.00	0.00	6.93	81.54	88.64	0.00	39	0	42	0.00	0.00	64.43	7.45	0.00	0.00	2000
230	11.20	2059	2097	0.00	185	0	0	0	nan	0.00	0.00	8.29	80.42	88.80	0.00	39	0	42	0.00	0.00	63.94	7.50	0.00	0.00	2000
232	11.24	2043	2117	0.00	218	0	0	0	nan	0.00	0.00	7.84	81.68	88.76	0.00	39	0	42	0.00	0.00	64.33	7.44	0.00	0.00	2000
231	11.37	2038	2095	0.00	186	0	0	0	nan	0.00	0.00	6.45	82.14	88.63	0.00	39	0	42	0.00	0.00	64.16	7.63	0.00	0.00	2000
230	11.10	2088	2086	0.00	216	0	0	0	nan	0.00	0.00	7.09	81.23	88.90	0.00	39	0	42	0.00	0.00	61.48	7.21	0.00	0.00	2000
229	10.83	2110	2102	0.00	182	0	0	0	nan	0.00	0.06	6.37	82.94	89.17	0.00	39	0	42	0.00	0.00	67.32	7.76	0.00	0.00	2000
230	11.20	2044	2115	0.00	217	0	0	0	nan	0.00	0.03	6.64	82.85	88.80	0.00	39	0	42	0.00	0.00	64.25	7.32	0.00	0.00	2000
229	11.01	2099	2076	0.00	182	0	0	0	nan	0.00	0.00	4.62	83.40	88.99	0.00	39	0	42	0.00	0.00	61.81	7.14	0.00	0.00	2000
234	11.01	2111	2110	0.00	218	0	0	0	nan	0.00	0.04	5.31	84.17	88.99	0.00	39	0	42	0.00	0.00	63.99	7.39	0.00	0.00	2000
231	10.79	2119	2117	0.00	186	0	0	0	nan	0.00	0.00	7.89	82.15	89.21	0.00	39	0	42	0.00	0.00	68.18	7.99	0.00	0.00	2000
230	11.06	2086	2094	1.25	199	0	0	6	71.58	0.00	0.39	7.33	81.09	88.94	0.00	39	0	42	0.00	0.00	63.78	7.46	0.00	0.00	2000
228	11.16	2063	2078	0.21	198	0	0	0	nan	0.00	0.02	6.18	81.82	88.84	0.00	39	0	42	0.00	0.00	61.19	7.18	0.00	0.00	2000
231	11.23	2046	2109	0.00	216	0	0	0	nan	0.00	0.02	7.56	81.70	88.77	0.00	39	0	42	0.00	0.00	64.11	7.50	0.00	0.00	2000
230	11.08	2084	2091	0.00	183	0	0	0	nan	0.00	0.00	7.44	81.15	88.92	0.00	39	0	42	0.00	0.00	64.16	7.42	0.00	0.00	2000
233	11.14	2069	2122	0.00	221	0	0	0	nan	0.00	0.02	8.56	81.38	88.86	0.00	39	0	42	0.00	0.00	67.31	7.66	0.00	0.00	2000
229	11.11	2064	2094	0.00	183	0	0	0	nan	0.00	0.00	7.01	81.61	88.89	0.00	39	0	42	0.00	0.00	64.46	7.02	0.00	0.00	2000
230	11.11	2058	2110	0.00	216	0	0	0	nan	0.00	0.00	6.38	83.08	88.89	0.00	39	0	42	0.00	0.00	64.22	7.70	0.00	0.00	2000
229	11.00	2091	2090	0.00	183	0	0	0	nan	0.00	0.00	5.85	82.90	89.00	0.00	39	0	42	0.00	0.00	64.37	7.44	0.00	0.00	2000
230	11.26	2032	2111	0.00	214	0	0	0	nan	0.00	0.53	4.98	83.82	88.74	0.00	39	0	42	0.00	0.00	64.54	7.62	0.00	0.00	2000
231	11.16	2097	2073	0.00	188	0	0	0	nan	0.00	0.02	5.46	82.32	88.84	0.00	39	0	42	0.00	0.00	61.26	7.17	0.00	0.00	2000
230	10.95	2094	2111	0.00	215	0	0	0	nan	0.00	0.02	5.63	83.98	89.05	0.00	39	0	42	0.00	0.00	64.29	7.42	0.00	0.00	2000
229	11.07	2063	2106	0.00	183	0	0	0	nan	0.00	0.00	7.04	82.20	88.93	0.00	39	0	42	0.00	0.00	64.28	7.30	0.00	0.00	2000
231	11.18	2058	2109	0.00	219	0	0	0	nan	0.00	0.01	7.39	81.87	88.82	0.00	39	0	42	0.00	0.00	67.18	7.69	0.00	0.00	2000
229	11.25	2061	2078	0.00	185	0	0	0	nan	0.00	0.00	7.00	80.81	88.75	0.00	39	0	42	0.00	0.00	62.02	6.88	0.00	0.00	2000
233	11.18	2058	2128	0.00	220	0	0	0	nan	0.00	0.00	7.54	82.59	88.82	0.00	39	0	42	0.00	0.00	67.10	7.78	0.00	0.00	2000
229	11.25	2068	2071	0.00	182	0	0	0	nan	0.00	0.02	6.70	80.90	88.75	0.00	39	0	42	0.00	0.00	61.99	7.56	0.00	0.00	2000
231	11.25	2035	2122	0.00	215	0	0	0	nan	0.00	0.00	7.12	82.71	88.75	0.00	39	0	42	0.00	0.00	63.72	7.47	0.00	0.00	2000
229	11.19	2048	2096	0.92	183	0	0	6	71.25	0.00	0.00	6.44	82.24	88.81	0.00	39	0	42	0.00	0.00	64.69	7.43	0.00	0.00	2000
231	11.10	2087	2089	0.55	216	0	0	0	nan	0.00	0.00	6.51	82.02	88.90	0.00	39	0	42	0.00	0.00	64.30	7.55	0.00	0.00	2000
232	11.35	2054	2089	0.00	187	0	0	0	nan	0.00	0.08	6.90	81.24	88.65	0.00	39	0	42	0.00	0.00	64.13	7.52	0.00	0.00	2000
231	10.24	2220	2129	0.00	215	0	0	0	nan	0.00	2.03	7.38	81.71	89.76	0.00	39	0	42	0.00	0.00	65.93	7.45	0.00	0.00	2000
228	10.85	2107	2096	0.00	183	0	0	0	nan	0.00	0.07	4.88	84.06	89.15	0.00	39	0	42	0.00	0.00	64.06	7.48	0.00	0.00	2000
229	10.92	2092	2108	0.00	216	0	0	0	nan	0.00	0.05	4.48	84.99	89.08	0.00	39	0	42	0.00	0.00	64.76	7.58	0.00	0.00	2000
230	10.90	2120	2086	0.00	182	0	0	0	nan	0.01	0.05	4.10	84.36	89.10	0.00	39	0	42	0.00	0.00	64.20	7.31	0.00	0.00	2000
232	11.32	2055	2092	0.00	215	0	0	0	nan	0.00	0.00	6.64	81.78	88.68	0.00	39	0	42	0.00	0.00	63.98	7.53	0.00	0.00	2000
229	10.27	2215	2111	0.00	185	0	0	0	nan	0.00	2.49	7.75	80.17	89.73	0.00	39	0	42	0.00	0.00	66.37	7.47	0.00	0.00	2000
236	11.31	2092	2099	0.00	219	0	0	0	nan	0.01	0.00	8.27	80.44	88.69	0.00	39	0	42	0.00	0.00	64.53	7.53	0.00	0.00	2000
229	11.05	2069	2105	0.00	183	0	0	0	nan	0.00	0.00	7.69	81.53	88.95	0.00	39	0	42	0.00	0.00	64.10	7.42	0.00	0.00	2000
230	11.11	2073	2099	0.00	216	0	0	0	nan	0.00	0.00	6.22	82.69	88.89	0.00	39	0	42	0.00	0.00	64.06	7.50	0.00	0.00	2000
228	10.99	2077	2098	0.00	182	0	0	0	nan	0.00	0.00	6.41	82.52	89.01	0.00	39	0	42	0.00	0.00	64.41	7.50	0.00	0.00	2000
232	11.16	2089	2088	0.00	213	0	0	0	nan	0.00	0.00	4.79	83.53	88.84	0.00	39	0	42	0.00	0.00	64.18	7.27	0.00	0.00	2000
229	10.79	2109	2109	0.00	179	0	0	0	nan	0.00	0.03	4.84	84.84	89.21	0.00	39	0	42	0.00	0.00	64.35	7.62	0.00	0.00	2000
231	11.12	2091	2090	0.00	214	0	0	0	nan	0.00	0.00	6.04	82.47	88.88	0.00	39	0	42	0.00	0.00	64.37	7.52	0.00	0.00	2000
231	10.84	2114	2113	0.00	180	0	0	0	nan	0.00	0.02	5.42	84.33	89.16	0.00	39	0	42	0.00	0.00	64.64	7.36	0.00	0.00	2000
230	10.94	2099	2101	0.58	212	0	0	6	73.17	0.00	0.00	5.13	84.03	89.06	0.00	39	0	42	0.00	0.00	64.24	7.41	0.00	0.00	2000
231	11.10	2103	2077	0.89	180	0	0	2	87.24	0.00	0.00	3.77	84.24	88.90	0.00	39	0	42	0.00	0.00	61.41	7.15	0.00	0.00	2000
229	11.05	2063	2109	0.00	210	0	0	0	nan	0.00	0.00	5.08	84.38	88.95	0.00	39	0	43	0.00	0.00	64.24	7.33	0.00	0.00	2000
229	11.01	2088	2091	0.00	177	0	0	0	nan	0.00	0.00	4.76	83.76	88.99	0.00	39	0	42	0.00	0.00	64.47	7.45	0.00	0.00	2000
229	11.14	2032	2128	0.00	213	0	0	0	nan	0.00	0.00	5.16	85.01	88.86	0.00	39	0	42	0.00	0.00	64.61	7.38	0.00	0.00	2000
228	11.07	2065	2091	0.00	179	0	0	0	nan	0.00	0.00	3.42	85.17	88.93	0.00	39	0	42	0.00	0.00	64.42	7.52	0.00	0.00	2000
232	11.10	2093	2097	0.00	212	0	0	0	nan	0.00	0.00	4.78	83.99	88.90	0.00	39	0	42	0.00	0.00	64.70	7.56	0.00	0.00	2000
228	10.88	2113	2078	0.00	179	0	0	0	nan	0.00	0.00	4.22	84.03	89.12	0.00	39	0	42	0.00	0.00	63.62	7.41	0.00	0.00	2000
230	11.01	2053	2138	0.00	212	0	0	0	nan	0.00	0.01	5.11	85.55	88.99	0.00	39	0	42	0.00	0.00	64.80	7.60	0.00	0.00	2000
228	11.19	2052	2082	0.00	178	0	0	0	nan	0.00	0.00	3.85	84.31	88.81	0.00	39	0	42	0.00	0.00	63.35	7.51	0.00	0.00	2000
229	11.08	2057	2112	0.00	210	0	0	0	nan	0.00	0.02	4.14	85.24	88.92	0.00	39	0	42	0.00	0.00	66.78	7.95	0.00	0.00	2000
229	11.25	2066	2073	0.00	181	1	0	0	nan	0.00	0.00	4.47	83.24	88.75	0.00	39	0	42	0.00	0.00	61.74	7.21	0.00	0.00	2000
230	10.99	2070	2124	0.00	212	0	0	0	nan	0.00	0.00	4.50	85.58	89.01	0.00	39	0	42	0.00	0.00	65.24	7.61	0.00	0.00	2000
228	10.91	2087	2099	0.00	178	0	0	0	nan	0.00	0.00	3.74	85.42	89.09	0.00	39	0	42	0.00	0.00	64.40	7.29	0.00	0.00	2000
227	11.50	2106	1965	0.00	195	0	0	0	nan	0.00	0.02	2.81	80.04	88.50	0.00	39	0	42	0.00	0.00	60.33	7.09	0.00	0.00	2000
232	10.66	2073	2202	0.00	211	0	0	0	nan	0.00	0.00	3.08	90.52	89.34	0.00	40	0	42	0.00	0.00	68.27	7.95	0.00	0.00	2000
229	11.32	2081	2046	0.00	213	0	0	0	nan	0.00	0.00	4.11	82.33	88.68	0.00	40	0	42	0.00	0.00	59.35	6.93	0.00	0.00	2000
231	10.71	2078	2175	0.59	194	0	0	6	65.97	0.00	0.02	3.66	88.81	89.29	0.00	41	0	42	0.00	0.00	69.82	8.37	0.00	0.00	2000
231	11.20	2038	2129	0.88	197	0	0	2	85.59	0.00	0.00	4.77	85.44	88.80	0.00	41	0	42	0.00	0.00	64.18	7.54	0.00	0.00	2000
228	11.14	2068	2082	0.00	195	0	0	0	nan	0.00	0.02	4.58	83.58	88.86	0.00	41	0	42	0.00	0.00	64.70	7.43	0.00	0.00	2000
234	11.10	2116	2093	0.00	196	0	0	0	nan	0.00	0.00	4.65	84.02	88.90	0.00	41	0	42	0.00	0.00	64.42	7.41	0.00	0.00	2000
230	10.84	2103	2119	0.00	196	0	0	0	nan	0.00	0.02	5.46	84.67	89.16	0.00	41	0	42	0.00	0.00	64.45	7.46	0.00	0.00	2000
230	10.98	2098	2099	0.00	194	0	0	0	nan	0.00	0.00	3.91	85.10	89.02	0.00	41	0	42	0.00	0.00	64.35	7.53	0.00	0.00	2000
227	11.14	2042	2098	0.00	194	0	0	0	nan	0.00	0.00	4.63	84.22	88.86	0.00	42	0	42	0.00	0.00	64.37	7.45	0.00	0.00	2000
230	11.22	2062	2088	0.00	197	0	0	0	nan	0.00	0.00	3.77	84.52	88.78	0.00	41	0	42	0.00	0.00	64.57	7.58	0.00	0.00	2000
230	11.08	2059	2114	0.00	195	0	0	0	nan	0.00	0.02	4.96	84.67	88.92	0.00	41	0	42	0.00	0.00	64.26	7.49	0.00	0.00	2000
232	11.35	2052	2091	0.00	197	0	0	0	nan	0.00	0.00	5.32	83.01	88.65	0.00	41	0	42	0.00	0.00	64.71	7.58	0.00	0.00	2000
229	11.15	2077	2074	0.00	195	0	0	0	nan	0.00	0.00	4.17	83.69	88.85	0.00	42	0	42	0.00	0.00	63.61	7.48	0.00	0.00	2000
229	11.22	2004	2142	0.00	196	0	0	0	nan	0.00	0.00	4.69	86.10	88.78	0.00	42	0	42	0.00	0.00	64.25	7.41	0.00	0.00	2000
227	11.34	2014	2091	0.00	195	0	0	0	nan	0.00	0.00	4.42	84.06	88.66	0.00	41	0	42	0.00	0.00	64.01	7.63	0.00	0.00	2000
230	11.15	2054	2108	0.00	195	0	0	0	nan	0.00	0.00	4.05	85.21	88.85	0.00	41	0	42	0.00	0.00	64.38	7.44	0.00	0.00	2000
229	11.18	2080	2068	0.00	196	0	0	0	nan	0.00	0.00	4.40	83.20	88.82	0.00	41	0	42	0.00	0.00	64.35	7.44	0.00	0.00	2000
232	10.95	2104	2112	0.00	195	0	0	0	nan	0.00	0.00	5.28	84.33	89.05	0.00	42	0	42	0.00	0.00	64.23	7.58	0.00	0.00	2000
229	10.71	2149	2088	0.00	196	0	0	0	nan	0.00	0.02	5.59	83.26	89.29	0.00	41	0	42	0.00	0.00	64.76	7.26	0.00	0.00	2000
230	11.26	2031	2115	0.19	195	0	0	4	69.38	0.00	0.00	4.77	84.63	88.74	0.00	41	0	42	0.00	0.00	64.34	7.48	0.00	0.00	2000
228	11.16	2031	2115	1.23	194	0	0	3	78.89	0.00	0.00	5.09	84.49	88.84	0.00	42	0	42	0.00	0.00	64.43	7.30	0.00	0.00	2000
232	10.97	2134	2082	0.00	195	0	0	0	nan	0.00	0.00	4.00	84.32	89.03	0.00	41	0	42	0.00	0.00	64.48	7.47	0.00	0.00	2000
229	10.86	2097	2108	0.00	196	0	0	0	nan	0.00	0.02	4.97	84.44	89.14	0.00	41	0	42	0.00	0.00	64.66	7.53	0.00	0.00	2000
229	11.27	2023	2107	0.00	193	0	0	0	nan	0.00	0.00	4.08	85.05	88.73	0.00	41	0	42	0.00	0.00	64.46	7.46	0.00	0.00	2000
230	11.33	2033	2096	0.00	198	0	0	0	nan	0.00	0.00	5.88	82.73	88.67	0.00	42	0	42	0.00	0.00	64.37	7.50	0.00	0.00	2000
231	11.33	2040	2096	0.00	196	0	0	0	nan	0.00	0.00	4.45	84.11	88.67	0.00	41	0	42	0.00	0.00	64.58	7.46	0.00	0.00	2000
228	11.12	2068	2087	0.00	195	0	0	0	nan	0.00	0.00	5.15	83.29	88.88	0.00	41	0	42	0.00	0.00	58.93	7.14	0.00	0.00	2000
231	11.21	2044	2121	0.00	196	0	0	0	nan	0.00	0.00	5.30	84.58	88.79	0.00	41	0	42	0.00	0.00	69.84	7.58	0.00	0.00	2000
229	11.05	2072	2098	0.00	195	0	0	0	nan	0.00	0.00	4.34	84.65	88.95	0.00	41	0	42	0.00	0.00	64.33	7.61	0.00	0.00	2000
230	11.25	2041	2103	0.00	195	0	0	0	nan	0.00	0.00	3.89	85.05	88.75	0.00	41	0	42	0.00	0.00	64.47	7.42	0.00	0.00	2000
228	10.92	2086	2096	0.00	194	0	0	0	nan	0.00	0.00	4.25	84.71	89.08	0.00	41	0	42	0.00	0.00	64.54	7.47	0.00	0.00	2000
230	11.39	2030	2087	0.00	195	0	0	0	nan	0.00	0.02	3.91	84.12	88.61	0.00	41	0	42	0.00	0.00	64.20	7.13	0.00	0.00	2000
229	10.85	2115	2097	0.00	195	0	0	0	nan	0.00	0.00	4.31	84.75	89.15	0.00	41	0	42	0.00	0.00	64.47	7.60	0.00	0.00	2000
230	11.04	2063	2122	0.00	196	0	0	0	nan	0.00	0.00	4.38	85.65	88.96	0.00	41	0	42	0.00	0.00	64.36	7.42	0.00	0.00	2000
230	11.34	2031	2100	0.00	195	0	0	0	nan	0.00	0.01	3.80	84.99	88.66	0.00	41	0	42	0.00	0.00	64.45	7.52	0.00	0.00	2000
229	11.36	2029	2085	0.00	194	0	0	0	nan	0.00	0.00	4.09	83.98	88.65	0.00	41	0	42	0.00	0.00	64.57	7.42	0.00	0.00	2000
228	11.05	2047	2112	0.00	194	0	0	3	72.75	0.00	0.00	4.92	84.60	88.95	0.00	41	0	42	0.00	0.00	64.05	7.58	0.00	0.00	2000
232	11.29	2065	2088	1.35	195	0	0	5	76.70	0.00	0.00	4.32	83.87	88.71	0.00	41	0	42	0.00	0.00	61.96	7.18	0.00	0.00	2000
228	10.94	2070	2115	0.00	194	0	0	0	nan	0.00	0.00	4.54	85.22	89.06	0.00	41	0	43	0.00	0.00	65.90	8.02	0.00	0.00	2000
229	11.17	2095	2059	0.00	198	0	0	0	nan	0.00	0.00	4.13	83.13	88.83	0.00	41	0	43	0.00	0.00	63.01	7.23	0.00	0.00	2000
230	10.98	2055	2136	0.00	194	0	0	0	nan	0.00	0.03	4.37	86.31	89.02	0.00	41	0	42	0.00	0.00	67.35	7.78	0.00	0.00	2000
230	11.26	2037	2104	0.00	195	0	0	0	nan	0.00	0.00	4.08	84.93	88.74	0.00	42	0	42	0.00	0.00	64.33	7.45	0.00	0.00	2000
230	11.34	2059	2071	0.00	196	0	0	0	nan	0.00	0.02	4.66	82.82	88.66	0.00	41	0	42	0.00	0.00	61.86	7.10	0.00	0.00	2000
231	10.85	2116	2112	0.00	195	0	0	0	nan	0.00	0.02	4.90	84.81	89.15	0.00	41	0	42	0.00	0.00	65.17	7.41	0.00	0.00	2000
230	10.87	2103	2110	0.00	198	0	0	0	nan	0.00	0.00	5.22	84.38	89.13	0.00	41	0	42	0.00	0.00	67.50	7.75	0.00	0.00	2000
230	10.99	2082	2111	0.00	196	0	0	0	nan	0.00	0.00	4.72	84.80	89.01	0.00	41	0	42	0.00	0.00	64.93	7.41	0.00	0.00	2000
228	11.25	2031	2093	0.00	195	0	0	0	nan	0.00	0.00	3.78	84.80	88.75	0.00	41	0	42	0.00	0.00	64.19	7.36	0.00	0.00	2000
231	11.53	1989	2113	0.00	194	0	0	0	nan	0.00	0.00	4.88	84.27	88.47	0.00	41	0	42	0.00	0.00	64.25	7.56	0.00	0.00	2000
228	11.30	2029	2090	0.00	196	0	0	0	nan	0.00	0.00	4.34	84.06	88.70	0.00	42	0	42	0.00	0.00	64.55	7.42	0.00	0.00	2000
230	11.17	2059	2101	0.00	194	0	0	0	nan	0.00	0.00	4.85	84.06	88.83	0.00	41	0	42	0.00	0.00	64.51	7.41	0.00	0.00	2000
228	11.15	2047	2100	0.00	195	0	0	0	nan	0.00	0.03	4.43	84.55	88.85	0.00	41	0	42	0.00	0.00	64.66	7.46	0.00	0.00	2000
232	11.15	2097	2082	0.00	196	0	0	0	nan	0.00	0.00	4.44	83.76	88.85	0.00	42	0	42	0.00	0.00	61.58	7.03	0.00	0.00	2000
229	10.96	2102	2089	0.00	195	0	0	0	nan	0.00	0.00	5.34	83.27	89.04	0.00	41	0	42	0.00	0.00	64.84	7.28	0.00	0.00	2000
232	10.80	2115	2131	0.00	195	0	0	1	78.79	0.00	0.00	5.33	85.28	89.20	0.00	41	0	42	0.00	0.00	67.75	7.72	0.00	0.00	2000
229	11.11	2084	2079	1.43	194	0	0	6	74.64	0.00	0.00	3.90	84.07	88.89	0.00	41	0	42	0.00	0.00	61.79	7.11	0.00	0.00	2000
230	11.15	2062	2102	0.00	195	0	0	0	nan	0.00	0.00	5.13	83.84	88.85	0.00	41	0	42	0.00	0.00	65.17	7.50	0.00	0.00	2000
227	10.71	2111	2113	0.00	194	0	0	0	nan	0.00	0.03	4.28	85.59	89.29	0.00	41	0	42	0.00	0.00	64.50	7.61	0.00	0.00	2000
230	11.37	2041	2081	0.00	195	0	0	0	nan	0.00	0.00	3.92	83.98	88.63	0.00	42	0	42	0.00	0.00	64.40	7.40	0.00	0.00	2000
231	11.09	2077	2109	0.00	194	0	0	0	nan	0.00	0.02	4.40	84.95	88.91	0.00	42	0	42	0.00	0.00	65.03	7.53	0.00	0.00	2000
229	11.12	2062	2099	0.00	194	0	0	0	nan	0.00	0.00	4.90	84.00	88.88	0.00	41	0	42	0.00	0.00	64.56	7.44	0.00	0.00	2000
234	11.18	2104	2089	0.00	195	0	0	0	nan	0.00	0.04	4.99	83.37	88.82	0.00	42	0	42	0.00	0.00	64.95	7.42	0.00	0.00	2000
230	10.95	2073	2124	0.00	196	0	0	0	nan	0.00	0.00	4.90	85.26	89.05	0.00	41	0	42	0.00	0.00	64.69	7.40	0.00	0.00	2000
228	11.23	2059	2070	0.00	194	0	0	0	nan	0.00	0.00	3.69	83.88	88.77	0.00	42	0	42	0.00	0.00	65.11	7.29	0.00	0.00	2000
246	11.63	2080	2136	0.00	233	0	0	0	nan	0.00	0.48	5.67	83.91	88.37	0.00	41	0	42	0.00	0.00	66.13	7.63	0.00	0.00	2000
230	11.04	2134	2054	0.00	235	0	0	0	nan	0.00	0.43	7.35	79.31	88.96	0.00	41	0	42	0.00	0.00	61.60	6.84	0.00	0.00	2000
232	10.90	2105	2119	0.00	199	0	0	0	nan	0.00	0.02	4.88	84.99	89.10	0.00	42	0	42	0.00	0.00	66.49	7.58	0.00	0.00	2000
230	10.69	2123	2123	0.00	195	0	0	0	nan	0.00	0.03	4.86	85.41	89.31	0.00	41	0	42	0.00	0.00	64.75	7.40	0.00	0.00	2000
229	11.17	2044	2106	0.00	194	0	0	0	nan	0.00	0.00	3.50	85.57	88.83	0.00	41	0	42	0.00	0.00	64.03	7.31	0.00	0.00	2000
232	11.05	2120	2080	0.00	195	0	0	0	nan	0.00	0.00	3.82	84.34	88.95	0.00	41	0	42	0.00	0.00	64.51	7.31	0.00	0.00	2000
230	11.18	2037	2118	0.00	196	0	0	0	nan	0.00	0.00	4.67	85.01	88.82	0.00	42	0	42	0.00	0.00	64.67	7.45	0.00	0.00	2000
228	11.02	2072	2095	0.00	194	0	0	0	nan	0.00	0.00	3.27	85.58	88.98	0.00	41	0	42	0.00	0.00	64.30	7.22	0.00	0.00	2000
229	11.14	2051	2102	1.27	194	0	0	5	69.72	0.00	0.00	3.71	85.34	88.86	0.00	42	0	42	0.00	0.00	63.70	7.26	0.00	0.00	2000
227	11.03	2064	2097	0.21	195	0	0	0	nan	0.00	0.00	3.82	85.08	88.97	0.00	42	0	42	0.00	0.00	62.74	7.04	0.00	0.00	2000
230	11.09	2087	2085	0.00	194	0	0	0	nan	0.00	0.00	4.09	84.26	88.91	0.00	41	0	42	0.00	0.00	60.97	7.31	0.00	0.00	2000
234	11.53	2014	2116	0.00	212	0	0	0	nan	0.00	0.02	7.67	81.59	88.47	0.00	41	0	42	0.00	0.00	67.69	7.27	0.00	0.00	2000
230	11.20	2077	2081	0.00	195	0	0	0	nan	0.00	0.00	3.85	84.19	88.80	0.00	41	0	42	0.00	0.00	64.09	7.60	0.00	0.00	2000
228	10.74	2108	2116	0.00	196	0	0	0	nan	0.00	0.06	5.51	84.46	89.26	0.00	41	0	42	0.00	0.00	65.00	7.31	0.00	0.00	2000
229	11.18	2045	2102	0.00	195	0	0	0	nan	0.00	0.03	3.84	85.07	88.82	0.00	41	0	42	0.00	0.00	65.27	7.48	0.00	0.00	2000
230	10.99	2134	2061	0.00	194	0	0	0	nan	0.00	0.01	3.11	84.29	89.01	0.00	41	0	42	0.00	0.00	63.85	7.09	0.00	0.00	2000
233	10.85	2107	2143	0.00	195	0	0	0	nan	0.00	0.00	4.97	86.09	89.15	0.00	41	0	42	0.00	0.00	64.95	7.40	0.00	0.00	2000
227	10.77	2119	2092	0.00	194	0	0	0	nan	0.00	0.02	4.04	84.81	89.23	0.00	41	0	42	0.00	0.00	64.69	7.32	0.00	0.00	2000
229	11.25	2041	2094	0.00	195	0	0	0	nan	0.00	0.00	3.56	84.98	88.75	0.00	41	0	42	0.00	0.00	64.57	7.46	0.00	0.00	2000
228	10.98	2088	2092	0.00	194	0	0	0	nan	0.00	0.00	4.70	83.98	89.02	0.00	41	0	42	0.00	0.00	65.10	7.43	0.00	0.00	2000
229	10.99	2059	2125	0.00	194	0	0	0	nan	0.00	0.02	4.44	85.71	89.01	0.00	41	0	42	0.00	0.00	64.63	7.39	0.00	0.00	2000
231	11.23	2091	2064	0.00	197	0	0	0	nan	0.00	0.00	4.07	83.24	88.77	0.00	41	0	42	0.00	0.00	64.34	7.48	0.00	0.00	2000
232	11.06	2063	2134	0.00	199	0	0	0	nan	0.00	0.00	5.78	84.69	88.94	0.00	41	0	42	0.00	0.00	65.47	7.51	0.00	0.00	2000
230	11.00	2080	2109	0.00	195	0	0	0	nan	0.00	0.02	3.84	85.60	89.00	0.00	42	0	42	0.00	0.00	66.49	7.40	0.00	0.00	2000
228	11.12	2089	2058	0.00	193	0	0	0	nan	0.00	0.02	2.70	84.39	88.88	0.00	41	0	42	0.00	0.00	62.79	7.17	0.00	0.00	2000
230	10.99	2099	2096	0.90	194	0	0	6	71.59	0.00	0.02	2.55	86.39	89.01	0.00	41	0	42	0.00	0.00	63.49	7.27	0.00	0.00	2000
232	11.03	2064	2143	0.57	197	0	0	0	nan	0.00	0.00	4.42	86.41	88.97	0.00	41	0	42	0.00	0.00	65.68	7.50	0.00	0.00	2000
231	11.54	2034	2064	0.00	196	0	0	0	nan	0.00	0.00	3.16	83.96	88.46	0.00	41	0	42	0.00	0.00	63.47	7.31	0.00	0.00	2000
231	11.06	2055	2131	0.00	195	0	0	0	nan	0.00	0.04	3.96	86.26	88.95	0.00	41	0	42	0.00	0.00	64.78	7.43	0.00	0.00	2000
228	11.12	2063	2084	0.00	195	0	0	0	nan	0.00	0.02	4.24	83.96	88.88	0.00	41	0	42	0.00	0.00	64.55	7.20	0.00	0.00	2000
231	10.89	2110	2113	0.00	196	0	0	0	nan	0.00	0.00	4.27	85.48	89.11	0.00	41	0	42	0.00	0.00	64.56	7.50	0.00	0.00	2000
231	11.30	2028	2113	0.00	197	0	0	0	nan	0.00	0.00	5.21	84.16	88.70	0.00	41	0	42	0.00	0.00	64.36	7.27	0.00	0.00	2000
232	11.25	2068	2092	0.00	196	0	0	0	nan	0.00	0.00	3.85	84.57	88.75	0.00	41	0	42	0.00	0.00	64.68	7.56	0.00	0.00	2000
227	10.98	2078	2093	0.00	194	0	0	0	nan	0.00	0.02	4.10	84.69	89.02	0.00	41	0	42	0.00	0.00	64.18	7.62	0.00	0.00	2000
230	11.25	2064	2084	0.00	195	0	0	0	nan	0.00	0.00	4.57	83.49	88.75	0.00	42	0	42	0.00	0.00	64.16	7.45	0.00	0.00	2000
228	11.23	2032	2095	0.00	195	0	0	0	nan	0.00	0.00	4.89	83.75	88.77	0.00	41	0	42	0.00	0.00	64.45	7.37	0.00	0.00	2000
230	11.18	2025	2131	0.00	195	0	0	0	nan	0.00	0.00	5.20	85.14	88.82	0.00	41	0	42	0.00	0.00	64.15	7.38	0.00	0.00	2000
229	11.23	2048	2094	0.00	195	0	0	0	nan	0.00	0.00	3.97	84.73	88.77	0.00	41	0	42	0.00	0.00	64.06	7.32	0.00	0.00	2000
231	11.24	2069	2086	0.00	195	0	0	0	nan	0.00	0.00	4.42	83.90	88.76	0.00	41	0	42	0.00	0.00	64.31	7.40	0.00	0.00	2000
229	11.11	2045	2113	0.00	195	0	0	0	nan	0.00	0.02	5.13	84.52	88.89	0.00	42	0	42	0.00	0.00	64.05	7.37	0.00	0.00	2000
229	11.51	2004	2089	0.00	194	0	0	0	nan	0.00	0.00	3.90	84.23	88.49	0.00	41	0	42	0.00	0.00	64.32	7.35	0.00	0.00	2000
229	10.96	2103	2083	0.00	195	0	0	0	nan	0.00	0.02	5.05	83.28	89.04	0.00	41	0	43	0.00	0.00	64.26	7.53	0.00	0.00	2000
232	11.31	2034	2116	0.59	196	0	0	6	74.48	0.00	0.00	5.57	83.91	88.69	0.00	41	0	43	0.00	0.00	64.39	7.55	0.00	0.00	2000
231	11.29	2043	2102	0.88	201	0	0	2	82.14	0.00	0.02	6.39	82.50	88.71	0.00	41	0	42	0.00	0.00	64.43	7.45	0.00	0.00	2000
229	10.96	2082	2111	0.00	194	0	0	0	nan	0.00	0.00	4.98	84.59	89.04	0.00	41	0	42	0.00	0.00	64.34	7.41	0.00	0.00	2000
228	11.07	2088	2072	0.00	194	0	0	0	nan	0.00	0.02	4.38	83.39	88.93	0.00	41	0	42	0.00	0.00	64.44	7.46	0.00	0.00	2000
231	11.08	2074	2108	0.00	194	0	0	0	nan	0.00	0.00	4.99	84.35	88.92	0.00	41	0	42	0.00	0.00	64.15	7.39	0.00	0.00	2000
230	11.13	2046	2121	0.00	196	0	0	0	nan	0.00	0.02	5.84	83.96	88.87	0.00	41	0	42	0.00	0.00	64.36	7.33	0.00	0.00	2000
230	11.16	2057	2103	0.00	195	0	0	0	nan	0.00	0.00	4.24	84.88	88.84	0.00	41	0	42	0.00	0.00	64.41	7.40	0.00	0.00	2000
228	10.98	2110	2070	0.00	195	0	0	0	nan	0.00	0.00	4.30	83.53	89.02	0.00	41	0	42	0.00	0.00	64.35	7.54	0.00	0.00	2000
229	11.14	2029	2130	0.00	195	0	0	0	nan	0.00	0.00	4.54	85.79	88.86	0.00	41	0	42	0.00	0.00	64.25	7.46	0.00	0.00	2000
228	11.18	2050	2086	0.00	196	0	0	0	nan	0.00	0.00	4.09	84.24	88.82	0.00	41	0	43	0.00	0.00	64.41	7.33	0.00	0.00	2000
232	11.23	2075	2088	0.00	195	0	0	0	nan	0.00	0.00	3.95	84.33	88.77	0.00	41	0	42	0.00	0.00	64.01	7.25	0.00	0.00	2000
229	10.84	2074	2135	0.00	194	0	0	0	nan	0.00	0.01	4.74	85.97	89.16	0.00	41	0	42	0.00	0.00	66.12	7.53	0.00	0.00	2000
229	11.41	2048	2056	0.00	195	0	0	0	nan	0.00	0.00	3.32	83.45	88.59	0.00	41	0	42	0.00	0.00	60.11	7.03	0.00	0.00	2000
229	11.15	2028	2131	0.00	195	0	0	0	nan	0.00	0.02	4.47	85.83	88.85	0.00	41	0	42	0.00	0.00	67.05	7.64	0.00	0.00	2000
230	11.18	2054	2101	0.00	195	0	0	0	nan	0.00	0.00	3.87	84.97	88.82	0.00	41	0	42	0.00	0.00	64.40	7.34	0.00	0.00	2000
228	11.16	2058	2081	0.00	194	0	0	0	nan	0.00	0.00	4.15	83.91	88.84	0.00	41	0	42	0.00	0.00	64.44	7.35	0.00	0.00	2000
232	11.21	2049	2119	0.00	196	0	0	0	nan	0.00	0.00	5.25	84.43	88.79	0.00	41	0	42	0.00	0.00	64.09	7.37	0.00	0.00	2000
228	11.02	2072	2096	0.17	195	0	0	4	73.99	0.00	0.00	5.00	83.89	88.98	0.00	41	0	42	0.00	0.00	64.60	7.46	0.00	0.00	2000
229	11.36	2034	2083	1.22	195	0	0	3	79.03	0.00	0.00	4.06	83.96	88.64	0.00	42	0	42	0.00	0.00	63.85	7.38	0.00	0.00	2000
229	10.87	2087	2121	0.00	195	0	0	0	nan	0.00	0.02	5.07	85.01	89.13	0.00	42	0	42	0.00	0.00	64.46	7.23	0.00	0.00	2000
229	11.03	2077	2103	0.00	195	0	0	0	nan	0.00	0.00	3.90	85.18	88.97	0.00	41	0	42	0.00	0.00	64.31	7.27	0.00	0.00	2000
232	11.16	2109	2069	0.00	199	0	0	0	nan	0.00	0.01	4.15	83.47	88.84	0.00	41	0	42	0.00	0.00	61.61	6.96	0.00	0.00	2000
230	11.08	2049	2129	0.00	211	0	0	0	nan	0.00	0.00	4.92	85.37	88.92	0.00	42	0	43	0.00	0.00	67.13	7.78	0.00	0.00	2000
228	11.30	2015	2101	0.00	178	0	0	0	nan	0.00	0.00	4.61	84.19	88.70	0.00	41	0	42	0.00	0.00	64.31	7.36	0.00	0.00	2000
229	11.19	2054	2094	0.00	194	0	0	0	nan	0.00	0.00	3.52	85.09	88.81	0.00	41	0	42	0.00	0.00	64.74	7.42	0.00	0.00	2000
228	11.13	2045	2102	0.00	195	0	0	0	nan	0.00	0.02	5.01	84.05	88.87	0.00	41	0	42	0.00	0.00	64.22	7.38	0.00	0.00	2000
231	11.28	2035	2109	0.00	196	0	0	0	nan	0.00	0.00	4.47	84.69	88.72	0.00	41	0	42	0.00	0.00	64.59	7.51	0.00	0.00	2000
228	11.06	2078	2084	0.00	194	0	0	0	nan	0.00	0.00	4.42	83.95	88.94	0.00	41	0	42	0.00	0.00	64.41	7.35	0.00	0.00	2000
229	11.28	2043	2091	0.00	194	0	0	0	nan	0.00	0.00	4.58	83.80	88.72	0.00	41	0	42	0.00	0.00	61.07	7.20	0.00	0.00	2000
228	10.92	2073	2118	0.00	195	0	0	0	nan	0.00	0.00	5.39	84.53	89.08	0.00	41	0	42	0.00	0.00	67.38	7.72	0.00	0.00	2000
232	11.19	2089	2082	0.00	196	0	0	0	nan	0.00	0.00	3.97	84.03	88.81	0.00	41	0	43	0.00	0.00	61.37	7.10	0.00	0.00	2000
231	11.07	2085	2100	0.00	195	0	0	0	nan	0.00	0.00	5.53	83.30	88.93	0.00	41	0	42	0.00	0.00	64.58	7.40	0.00	0.00	2000
230	11.03	2064	2118	0.00	195	0	0	0	nan	0.00	0.00	4.70	85.09	88.97	0.00	41	0	42	0.00	0.00	67.09	7.75	0.00	0.00	2000
228	11.22	2052	2077	0.00	195	0	0	0	nan	0.00	0.00	4.91	82.93	88.78	0.00	41	0	42	0.00	0.00	61.46	7.22	0.00	0.00	2000
229	10.90	2098	2107	0.00	195	0	0	3	77.04	0.00	0.00	4.56	84.96	89.10	0.00	41	0	42	0.00	0.00	64.32	7.35	0.00	0.00	2000
228	11.03	2076	2093	1.36	194	0	0	5	77.29	0.00	0.02	4.62	84.20	88.97	0.00	41	0	42	0.00	0.00	63.93	7.55	0.00	0.00	2000
226	11.46	2038	2035	0.00	194	0	0	0	nan	0.00	0.00	4.86	81.02	88.54	0.00	41	0	42	0.00	0.00	59.71	7.10	0.00	0.00	2000
231	10.77	2056	2192	0.00	212	0	0	0	nan	0.00	0.00	3.84	89.33	89.23	0.00	41	0	42	0.00	0.00	72.16	7.95	0.00	0.00	2000
229	11.22	2060	2083	0.00	195	0	0	0	nan	0.00	0.00	4.22	83.73	88.78	0.00	41	0	42	0.00	0.00	61.68	7.11	0.00	0.00	2000
235	11.08	2105	2117	0.00	197	0	0	0	nan	0.00	0.00	5.55	84.13	88.92	0.00	41	0	42	0.00	0.00	67.48	7.61	0.00	0.00	2000
230	11.25	2056	2085	0.00	195	0	0	0	nan	0.00	0.00	3.67	84.48	88.75	0.00	41	0	42	0.00	0.00	61.58	7.11	0.00	0.00	2000
232	11.04	2114	2088	0.00	200	0	0	0	nan	0.00	0.00	6.52	81.95	88.96	0.00	41	0	42	0.00	0.00	64.43	7.46	0.00	0.00	2000
230	10.73	2117	2128	0.00	197	0	0	0	nan	0.00	0.02	4.73	85.69	89.27	0.00	41	0	42	0.00	0.00	64.65	7.47	0.00	0.00	2000
227	10.95	2104	2071	0.00	195	0	0	0	nan	0.00	0.00	4.21	83.69	89.05	0.00	41	0	42	0.00	0.00	61.53	7.11	0.00	0.00	2000
230	11.04	2058	2130	0.00	195	0	0	0	nan	0.00	0.00	4.25	86.05	88.96	0.00	41	0	42	0.00	0.00	66.98	7.83	0.00	0.00	2000
228	10.99	2096	2076	0.00	194	0	0	0	nan	0.00	0.02	3.76	84.29	89.01	0.00	40	0	42	0.00	0.00	64.70	7.57	0.00	0.00	2000
228	11.55	2023	2050	0.00	197	0	0	0	nan	0.00	0.00	4.99	81.48	88.45	0.00	41	0	42	0.00	0.00	61.82	7.23	0.00	0.00	2000
230	10.86	2049	2173	0.00	210	0	0	0	nan	0.00	0.03	2.50	89.90	89.14	0.00	41	0	42	0.00	0.00	67.29	7.73	0.00	0.00	2000
229	11.24	2059	2081	0.00	195	0	0	0	nan	0.00	0.00	4.10	83.97	88.76	0.00	42	0	42	0.00	0.00	61.29	7.05	0.00	0.00	2000
230	11.12	2059	2109	0.00	195	0	0	0	nan	0.00	0.00	5.19	84.15	88.88	0.00	42	0	42	0.00	0.00	64.08	7.66	0.00	0.00	2000
229	11.09	2046	2117	0.00	195	0	0	0	nan	0.00	0.00	5.27	84.47	88.91	0.00	41	0	42	0.00	0.00	64.24	7.40	0.00	0.00	2000
229	11.26	2065	2069	0.00	195	0	0	3	76.79	0.00	0.02	4.35	83.11	88.74	0.00	41	0	42	0.00	0.00	64.33	7.55	0.00	0.00	2000
229	11.21	2024	2125	1.34	195	0	0	5	75.94	0.00	0.00	4.81	85.15	88.79	0.00	41	0	42	0.00	0.00	66.54	7.85	0.00	0.00	2000
228	11.06	2060	2098	0.00	194	0	0	0	nan	0.00	0.00	4.84	84.05	88.94	0.00	42	0	42	0.00	0.00	62.62	7.30	0.00	0.00	2000
229	11.34	2015	2107	0.00	195	0	0	0	nan	0.00	0.00	4.42	84.68	88.66	0.00	41	0	42	0.00	0.00	64.38	7.35	0.00	0.00	2000
228	11.11	2078	2073	0.00	195	0	0	0	nan	0.00	0.04	4.34	83.43	88.89	0.00	41	0	42	0.00	0.00	64.40	7.42	0.00	0.00	2000
231	11.29	2022	2129	0.00	196	0	0	0	nan	0.00	0.00	4.45	85.57	88.71	0.00	41	0	42	0.00	0.00	66.44	7.65	0.00	0.00	2000
229	11.16	2073	2079	0.00	195	0	0	0	nan	0.00	0.02	4.38	83.75	88.84	0.00	42	0	42	0.00	0.00	62.05	7.06	0.00	0.00	2000
229	11.07	2048	2122	0.00	193	0	0	0	nan	0.00	0.00	4.47	85.47	88.93	0.00	41	0	43	0.00	0.00	63.97	7.40	0.00	0.00	2000
228	11.12	2073	2081	0.00	195	0	0	0	nan	0.00	0.00	4.76	83.37	88.88	0.00	41	0	42	0.00	0.00	64.62	7.51	0.00	0.00	2000
229	11.32	2031	2092	0.00	195	0	0	0	nan	0.00	0.00	4.74	83.65	88.68	0.00	42	0	42	0.00	0.00	61.21	7.42	0.00	0.00	2000
229	11.04	2060	2117	0.00	195	0	0	0	nan	0.00	0.01	5.45	84.38	88.96	0.00	41	0	42	0.00	0.00	67.01	7.46	0.00	0.00	2000
231	11.30	2034	2110	0.00	198	0	0	0	nan	0.00	0.00	5.43	83.75	88.70	0.00	41	0	43	0.00	0.00	64.67	7.37	0.00	0.00	2000
230	11.10	2097	2078	0.00	196	0	0	0	nan	0.00	0.01	5.11	82.93	88.90	0.00	41	0	42	0.00	0.00	64.37	7.24	0.00	0.00	2000
229	11.23	2028	2114	0.00	195	0	0	0	nan	0.00	0.00	4.50	85.03	88.77	0.00	41	0	42	0.00	0.00	64.22	7.45	0.00	0.00	2000
230	11.05	2082	2098	0.00	194	0	0	0	nan	0.00	0.02	4.74	84.16	88.95	0.00	42	0	42	0.00	0.00	64.51	7.39	0.00	0.00	2000
229	11.04	2068	2109	0.00	195	0	0	0	nan	0.00	0.00	3.93	85.47	88.96	0.00	41	0	42	0.00	0.00	64.60	7.48	0.00	0.00	2000
230	11.04	2110	2070	0.00	197	0	0	0	nan	0.00	0.02	3.97	83.77	88.96	0.00	42	0	42	0.00	0.00	64.52	7.34	0.00	0.00	2000
229	11.01	2062	2120	0.00	195	0	0	1	79.36	0.00	0.00	4.15	85.79	88.99	0.00	42	0	42	0.00	0.00	64.77	7.57	0.00	0.00	2000
228	11.34	2028	2085	1.44	195	0	0	6	77.94	0.00	0.02	4.35	83.72	88.66	0.00	41	0	42	0.00	0.00	64.15	7.39	0.00	0.00	2000
231	11.22	2035	2120	0.00	194	0	0	0	nan	0.00	0.00	5.14	84.60	88.78	0.00	41	0	42	0.00	0.00	64.66	7.56	0.00	0.00	2000
228	11.20	2045	2094	0.00	195	0	0	0	nan	0.00	0.00	4.21	84.43	88.80	0.00	42	0	42	0.00	0.00	64.34	7.35	0.00	0.00	2000
232	11.35	2034	2109	0.00	196	0	0	0	nan	0.00	0.00	4.04	85.06	88.65	0.00	42	0	42	0.00	0.00	64.19	7.42	0.00	0.00	2000
230	11.23	2051	2094	0.00	196	0	0	0	nan	0.00	0.01	4.05	84.57	88.77	0.00	41	0	42	0.00	0.00	64.77	7.41	0.00	0.00	2000
230	11.11	2069	2100	0.00	194	0	0	0	nan	0.00	0.00	4.06	84.88	88.89	0.00	42	0	42	0.00	0.00	64.62	7.39	0.00	0.00	2000
227	11.13	2059	2083	0.00	195	0	0	0	nan	0.00	0.06	4.53	83.69	88.87	0.00	41	0	42	0.00	0.00	64.12	7.31	0.00	0.00	2000
229	11.22	2023	2119	0.00	195	0	0	0	nan	0.00	0.02	4.33	85.38	88.78	0.00	42	0	42	0.00	0.00	64.14	7.60	0.00	0.00	2000
230	11.75	1964	2090	0.00	195	0	0	0	nan	0.00	0.02	4.62	83.33	88.25	0.00	42	0	42	0.00	0.00	64.22	7.53	0.00	0.00	2000
230	11.19	2061	2094	0.00	195	0	0	0	nan	0.00	0.00	4.07	84.67	88.81	0.00	42	0	42	0.00	0.00	64.27	7.49	0.00	0.00	2000
228	11.06	2043	2118	0.00	195	0	0	0	nan	0.00	0.02	4.89	85.03	88.94	0.00	41	0	42	0.00	0.00	64.44	7.57	0.00	0.00	2000
231	11.20	2063	2097	0.00	194	0	0	0	nan	0.00	0.00	3.71	85.05	88.80	0.00	41	0	42	0.00	0.00	64.34	7.47	0.00	0.00	2000
229	11.26	2046	2082	0.00	195	0	0	0	nan	0.00	0.02	4.44	83.58	88.74	0.00	41	0	42	0.00	0.00	64.77	7.39	0.00	0.00	2000
233	11.27	2039	2129	0.00	199	0	0	0	nan	0.00	0.00	5.51	84.54	88.73	0.00	41	0	43	0.00	0.00	64.28	7.46	0.00	0.00	2000
229	11.33	2030	2090	0.00	196	0	0	0	nan	0.00	0.03	3.98	84.32	88.67	0.00	42	0	42	0.00	0.00	64.52	7.53	0.00	0.00	2000
230	11.22	2062	2087	0.00	196	0	0	0	nan	0.00	0.01	3.91	84.42	88.78	0.00	41	0	42	0.00	0.00	64.60	7.68	0.00	0.00	2000
228	10.99	2067	2110	0.00	195	0	0	0	nan	0.00	0.02	4.76	84.72	89.01	0.00	42	0	42	0.00	0.00	64.63	7.38	0.00	0.00	2000
229	11.26	2051	2079	1.27	194	0	0	5	69.56	0.00	0.00	4.14	83.82	88.74	0.00	41	0	42	0.00	0.00	64.03	7.35	0.00	0.00	2000
229	11.07	2063	2103	0.21	194	0	0	0	nan	0.00	0.02	4.65	84.45	88.93	0.00	41	0	42	0.00	0.00	64.35	7.44	0.00	0.00	2000
233	11.00	2116	2103	0.00	197	0	0	0	nan	0.00	0.00	5.08	84.13	89.00	0.00	42	0	42	0.00	0.00	64.73	7.38	0.00	0.00	2000
228	10.79	2114	2102	0.00	195	0	0	0	nan	0.00	0.00	4.58	84.76	89.21	0.00	41	0	42	0.00	0.00	64.68	7.45	0.00	0.00	2000
230	11.22	2059	2092	0.00	195	0	0	0	nan	0.00	0.00	4.03	84.46	88.78	0.00	41	0	42	0.00	0.00	64.35	7.29	0.00	0.00	2000
229	10.78	2104	2122	0.00	195	0	0	0	nan	0.00	0.01	4.35	85.88	89.23	0.00	41	0	43	0.00	0.00	64.62	7.27	0.00	0.00	2000
229	11.10	2085	2082	0.00	196	0	0	0	nan	0.00	0.02	3.45	84.66	88.90	0.00	42	0	42	0.00	0.00	64.53	7.55	0.00	0.00	2000
230	11.17	2052	2110	0.00	195	0	0	0	nan	0.00	0.02	4.61	84.68	88.83	0.00	41	0	42	0.00	0.00	64.49	7.59	0.00	0.00	2000
229	11.10	2066	2101	0.00	195	0	0	0	nan	0.00	0.00	4.28	84.77	88.90	0.00	41	0	42	0.00	0.00	64.34	7.26	0.00	0.00	2000
227	11.19	2030	2102	0.00	194	0	0	0	nan	0.00	0.00	4.60	84.38	88.81	0.00	41	0	42	0.00	0.00	64.19	7.49	0.00	0.00	2000
229	11.15	2050	2108	0.00	196	0	0	0	nan	0.00	0.00	4.63	84.68	88.85	0.00	41	0	42	0.00	0.00	64.61	7.32	0.00	0.00	2000
229	11.10	2070	2094	0.00	195	0	0	0	nan	0.00	0.02	4.08	84.63	88.90	0.00	42	0	42	0.00	0.00	64.13	7.57	0.00	0.00	2000
231	11.39	2045	2085	0.00	195	0	0	0	nan	0.00	0.00	3.98	84.05	88.61	0.00	41	0	42	0.00	0.00	64.17	7.46	0.00	0.00	2000
228	10.91	2096	2093	0.00	195	0	0	0	nan	0.00	0.00	4.83	84.01	89.09	0.00	41	0	42	0.00	0.00	64.40	7.29	0.00	0.00	2000
230	10.98	2091	2108	0.00	195	0	0	0	nan	0.00	0.00	5.38	84.08	89.02	0.00	41	0	42	0.00	0.00	64.37	7.42	0.00	0.00	2000
230	10.94	2108	2093	0.00	194	0	0	0	nan	0.00	0.04	4.73	84.08	89.06	0.00	41	0	42	0.00	0.00	64.50	7.69	0.00	0.00	2000
230	11.16	2040	2126	0.00	196	0	0	0	nan	0.00	0.00	4.35	85.79	88.84	0.00	41	0	42	0.00	0.00	64.06	7.42	0.00	0.00	2000
228	11.76	2023	2017	1.02	214	0	0	5	72.40	0.00	0.02	6.73	78.08	88.24	0.00	41	0	42	0.00	0.00	59.67	6.83	0.00	0.00	2000
233	11.12	2008	2193	0.38	212	0	0	0	nan	0.00	0.02	3.88	89.05	88.88	0.00	41	0	42	0.00	0.00	69.51	8.13	0.00	0.00	2000
228	11.34	2030	2077	0.00	196	0	0	0	nan	0.00	0.00	3.82	83.95	88.66	0.00	41	0	42	0.00	0.00	64.09	7.40	0.00	0.00	2000
229	11.22	2047	2098	0.00	195	0	0	0	nan	0.00	0.00	4.99	83.80	88.78	0.00	41	0	42	0.00	0.00	63.86	7.42	0.00	0.00	2000
228	10.98	2058	2121	0.00	194	0	0	0	nan	0.00	0.01	4.96	85.09	89.02	0.00	41	0	42	0.00	0.00	64.55	7.62	0.00	0.00	2000
231	11.24	2067	2086	0.00	196	0	0	0	nan	0.00	0.00	4.75	83.46	88.76	0.00	41	0	42	0.00	0.00	64.31	7.58	0.00	0.00	2000
228	11.14	2037	2112	0.00	196	0	0	0	nan	0.00	0.00	5.18	84.31	88.86	0.00	41	0	42	0.00	0.00	64.19	7.48	0.00	0.00	2000
230	11.17	2052	2107	0.00	194	0	0	0	nan	0.00	0.00	4.06	85.11	88.83	0.00	41	0	42	0.00	0.00	64.48	7.34	0.00	0.00	2000
228	11.13	2054	2094	0.00	194	0	0	0	nan	0.00	0.04	4.17	84.53	88.87	0.00	41	0	42	0.00	0.00	64.11	7.39	0.00	0.00	2000
232	11.25	2067	2092	0.00	195	0	0	0	nan	0.00	0.00	4.39	84.09	88.75	0.00	41	0	42	0.00	0.00	64.66	7.31	0.00	0.00	2000
232	11.07	2104	2088	0.00	196	0	0	0	nan	0.00	0.00	5.45	83.00	88.93	0.00	42	0	42	0.00	0.00	61.31	7.01	0.00	0.00	2000
231	11.11	2044	2134	0.00	195	0	0	0	nan	0.00	0.00	5.15	85.28	88.89	0.00	41	0	42	0.00	0.00	68.07	7.78	0.00	0.00	2000
229	11.02	2115	2059	0.00	197	0	0	0	nan	0.00	0.00	3.05	84.30	88.98	0.00	41	0	42	0.00	0.00	61.11	6.94	0.00	0.00	2000
230	10.99	2057	2134	0.00	194	0	0	0	nan	0.00	0.00	4.58	85.97	89.01	0.00	41	0	42	0.00	0.00	67.00	7.65	0.00	0.00	2000
228	11.00	2105	2068	0.00	197	0	0	0	nan	0.00	0.00	4.46	83.26	89.00	0.00	41	0	42	0.00	0.00	61.17	7.02	0.00	0.00	2000
230	10.92	2096	2112	0.00	195	0	0	0	nan	0.00	0.00	4.94	84.69	89.08	0.00	42	0	42	0.00	0.00	67.44	7.64	0.00	0.00	2000
230	11.06	2062	2120	0.00	196	0	0	0	nan	0.00	0.03	5.29	84.59	88.94	0.00	41	0	42	0.00	0.00	64.53	7.38	0.00	0.00	2000
228	11.20	2065	2074	0.76	195	0	0	6	73.34	0.00	0.00	4.37	83.41	88.80	0.00	41	0	42	0.00	0.00	61.48	7.34	0.00	0.00	2000
229	11.13	2040	2117	0.72	196	0	0	0	90.30	0.00	0.01	4.88	84.87	88.87	0.00	41	0	42	0.00	0.00	67.30	7.16	0.00	0.00	2000
234	11.23	2082	2104	0.00	196	0	0	0	nan	0.00	0.00	5.11	83.87	88.77	0.00	41	0	42	0.00	0.00	64.70	7.42	0.00	0.00	2000
229	11.08	2071	2099	0.00	197	0	0	0	nan	0.00	0.04	4.75	84.15	88.92	0.00	41	0	42	0.00	0.00	64.28	7.49	0.00	0.00	2000
233	11.43	2052	2090	0.00	198	0	0	0	nan	0.00	0.00	4.77	83.49	88.57	0.00	41	0	42	0.00	0.00	64.66	7.75	0.00	0.00	2000
228	11.12	2040	2109	0.00	195	0	0	0	nan	0.00	0.02	4.65	84.70	88.88	0.00	41	0	42	0.00	0.00	64.33	7.49	0.00	0.00	2000
229	11.18	2062	2086	0.00	195	0	0	0	nan	0.00	0.00	3.70	84.50	88.82	0.00	41	0	42	0.00	0.00	61.55	7.12	0.00	0.00	2000
230	10.73	2151	2095	0.00	195	0	0	0	nan	0.00	0.03	4.50	84.59	89.27	0.00	41	0	42	0.00	0.00	64.44	7.48	0.00	0.00	2000
230	11.14	2065	2100	0.00	194	0	0	0	nan	0.00	0.00	4.49	84.41	88.86	0.00	41	0	42	0.00	0.00	63.96	7.25	0.00	0.00	2000
230	11.12	2070	2101	0.00	197	0	0	0	nan	0.00	0.01	5.44	83.52	88.88	0.00	42	0	42	0.00	0.00	64.53	7.51	0.00	0.00	2000
232	11.11	2080	2106	0.00	195	0	0	0	nan	0.00	0.03	4.60	84.59	88.89	0.00	41	0	42	0.00	0.00	64.09	7.51	0.00	0.00	2000
228	11.13	2053	2093	0.00	194	0	0	0	nan	0.00	0.00	4.83	83.81	88.87	0.00	42	0	42	0.00	0.00	61.86	7.02	0.00	0.00	2000
231	11.12	2062	2118	0.00	195	0	0	0	nan	0.00	0.00	5.50	84.26	88.88	0.00	39	0	42	0.00	0.00	67.19	7.78	0.00	0.00	2000
228	10.94	2091	2095	0.00	194	0	0	0	nan	0.00	0.00	4.65	84.28	89.06	0.00	38	0	42	0.00	0.00	61.68	7.11	0.00	0.00	2000
231	11.51	2016	2091	0.00	195	0	0	0	nan	0.00	0.00	4.39	83.76	88.49	0.00	38	0	42	0.00	0.00	63.99	7.24	0.00	0.00	2000
228	10.83	2118	2088	0.00	194	0	0	0	nan	0.00	0.00	4.36	84.40	89.17	0.00	38	0	42	0.00	0.00	64.50	7.38	0.00	0.00	2000
231	10.83	2125	2109	0.00	195	0	0	0	nan	0.00	0.04	4.12	85.43	89.17	0.00	38	0	42	0.00	0.00	64.20	7.48	0.00	0.00	2000
228	10.97	2077	2102	0.42	195	0	0	5	74.32	0.00	0.00	4.26	84.90	89.03	0.00	38	0	42	0.00	0.00	64.61	7.34	0.00	0.00	2000
229	11.08	2071	2098	1.07	196	0	0	3	81.07	0.00	0.00	3.93	84.99	88.92	0.00	38	0	42	0.00	0.00	64.60	7.33	0.00	0.00	2000
234	11.46	2031	2115	0.00	211	0	0	0	nan	0.00	0.00	7.12	82.16	88.54	0.00	38	0	42	0.00	0.00	64.19	7.27	0.00	0.00	2000
230	11.17	2071	2084	0.00	195	0	0	0	nan	0.00	0.00	4.39	83.79	88.83	0.00	38	0	42	0.00	0.00	64.40	7.43	0.00	0.00	2000
228	11.08	2067	2093	0.00	195	0	0	0	nan	0.00	0.00	4.60	84.11	88.92	0.00	38	0	42	0.00	0.00	64.35	7.46	0.00	0.00	2000
230	10.97	2079	2120	0.00	195	0	0	0	nan	0.00	0.00	4.21	85.64	89.03	0.00	38	0	42	0.00	0.00	65.32	7.46	0.00	0.00	2000
229	11.01	2104	2072	0.00	194	0	0	0	nan	0.00	0.00	4.66	83.17	88.99	0.00	38	0	42	0.00	0.00	63.92	7.39	0.00	0.00	2000
231	11.11	2065	2117	0.00	197	0	0	0	nan	0.00	0.04	3.96	85.75	88.89	0.00	38	0	42	0.00	0.00	64.36	7.53	0.00	0.00	2000
232	10.90	2137	2095	0.00	198	0	0	0	nan	0.00	0.00	5.04	83.96	89.10	0.00	38	0	42	0.00	0.00	64.70	7.48	0.00	0.00	2000
229	11.15	2021	2132	0.00	195	0	0	0	nan	0.00	0.00	5.06	85.24	88.85	0.00	38	0	42	0.00	0.00	64.34	7.46	0.00	0.00	2000
229	11.24	2064	2071	0.00	194	0	0	0	nan	0.00	0.00	3.46	84.11	88.76	0.00	38	0	42	0.00	0.00	64.35	7.47	0.00	0.00	2000
230	10.89	2086	2126	0.00	195	0	0	0	nan	0.00	0.00	4.52	85.78	89.11	0.00	38	0	42	0.00	0.00	65.00	7.44	0.00	0.00	2000
228	11.02	2073	2097	0.00	194	0	0	0	nan	0.00	0.00	3.66	85.21	88.98	0.00	38	0	42	0.00	0.00	63.95	7.53	0.00	0.00	2000
234	11.49	2042	2096	0.00	197	0	0	0	nan	0.00	0.00	4.19	84.25	88.51	0.00	38	0	42	0.00	0.00	64.89	7.43	0.00	0.00	2000
228	11.32	2031	2080	0.00	194	0	0	0	nan	0.00	0.00	4.39	83.50	88.68	0.00	38	0	42	0.00	0.00	63.73	7.63	0.00	0.00	2000
229	11.12	2056	2108	0.00	195	0	0	0	nan	0.00	0.00	3.63	85.63	88.88	0.00	38	0	42	0.00	0.00	64.52	7.49	0.00	0.00	2000
228	11.27	2037	2085	0.00	196	0	0	0	nan	0.00	0.00	5.11	83.11	88.73	0.00	38	0	42	0.00	0.00	64.42	7.46	0.00	0.00	2000
230	10.87	2101	2114	0.00	195	0	0	4	74.21	0.00	0.02	3.62	86.11	89.13	0.00	38	0	42	0.00	0.00	64.13	7.36	0.00	0.00	2000
230	11.16	2090	2076	1.37	196	0	0	4	78.77	0.00	0.00	5.06	82.80	88.84	0.00	39	0	42	0.00	0.00	64.07	7.56	0.00	0.00	2000
231	11.18	2039	2130	0.00	198	0	0	0	nan	0.00	0.02	4.84	85.37	88.82	0.00	38	0	42	0.00	0.00	64.36	7.49	0.00	0.00	2000
230	10.93	2088	2113	0.00	196	0	0	0	nan	0.00	0.00	5.03	84.68	89.07	0.00	38	0	42	0.00	0.00	64.41	7.55	0.00	0.00	2000
229	10.96	2088	2104	0.00	194	0	0	0	nan	0.00	0.00	3.42	85.75	89.04	0.00	38	0	42	0.00	0.00	64.64	7.51	0.00	0.00	2000
229	11.27	2056	2073	0.00	196	0	0	0	nan	0.00	0.00	4.54	83.05	88.73	0.00	38	0	42	0.00	0.00	63.86	7.49	0.00	0.00	2000
232	11.05	2095	2100	0.00	196	0	0	0	nan	0.00	0.00	4.11	84.92	88.95	0.00	38	0	42	0.00	0.00	64.71	7.55	0.00	0.00	2000
228	10.98	2072	2107	0.00	194	0	0	0	nan	0.00	0.00	4.23	85.18	89.02	0.00	38	0	42	0.00	0.00	64.07	7.43	0.00	0.00	2000
228	11.46	1992	2101	0.00	195	0	0	0	nan	0.00	0.00	4.65	84.16	88.54	0.00	38	0	42	0.00	0.00	64.26	7.42	0.00	0.00	2000
228	11.02	2058	2110	0.00	194	0	0	0	nan	0.00	0.00	5.27	84.26	88.98	0.00	38	0	42	0.00	0.00	65.11	7.56	0.00	0.00	2000
232	11.47	2036	2089	0.00	199	0	0	0	nan	0.00	0.00	4.68	83.61	88.53	0.00	38	0	42	0.00	0.00	63.85	7.53	0.00	0.00	2000
228	11.25	2049	2079	0.00	196	0	0	0	nan	0.00	0.00	3.89	84.11	88.75	0.00	38	0	42	0.00	0.00	63.71	7.30	0.00	0.00	2000
231	11.05	2055	2137	0.00	195	0	0	0	nan	0.00	0.00	3.94	86.76	88.95	0.00	39	0	42	0.00	0.00	64.18	7.41	0.00	0.00	2000
229	11.17	2045	2101	0.00	195	0	0	0	nan	0.00	0.02	3.98	84.93	88.83	0.00	38	0	42	0.00	0.00	64.61	7.25	0.00	0.00	2000
230	11.25	2054	2093	0.00	195	0	0	0	nan	0.00	0.00	3.46	85.15	88.75	0.00	39	0	42	0.00	0.00	64.25	7.58	0.00	0.00	2000
232	11.16	2077	2099	0.00	224	0	0	0	nan	0.00	0.04	4.27	84.57	88.84	0.00	39	0	42	0.00	0.00	64.66	7.45	0.00	0.00	2000
229	11.10	2070	2093	0.00	194	0	0	0	nan	0.00	0.01	3.93	84.77	88.90	0.00	38	0	42	0.00	0.00	64.72	7.48	0.00	0.00	2000
230	10.63	2180	2082	0.00	196	0	0	2	82.33	0.00	0.00	4.87	83.81	89.37	0.00	39	0	42	0.00	0.00	64.70	7.37	0.00	0.00	2000
231	10.83	2104	2126	1.34	195	0	0	6	72.49	0.00	0.00	3.41	86.92	89.17	0.00	38	0	42	0.00	0.00	64.63	7.37	0.00	0.00	2000
229	11.01	2101	2079	0.00	195	0	0	0	nan	0.00	0.00	3.54	84.65	88.99	0.00	39	0	42	0.00	0.00	64.62	7.24	0.00	0.00	2000
229	11.01	2051	2135	0.00	195	0	0	0	nan	0.00	0.00	3.66	86.92	88.99	0.00	39	0	42	0.00	0.00	64.34	7.17	0.00	0.00	2000
228	11.35	2045	2061	0.00	194	0	0	0	nan	0.00	0.02	3.12	83.91	88.65	0.00	39	0	42	0.00	0.00	64.45	7.29	0.00	0.00	2000
232	11.09	2053	2137	0.00	197	0	0	0	nan	0.00	0.00	4.25	86.33	88.91	0.00	38	0	42	0.00	0.00	64.24	7.48	0.00	0.00	2000
228	11.23	2037	2094	0.00	194	0	0	0	nan	0.00	0.00	2.97	85.61	88.77	0.00	38	0	42	0.00	0.00	64.68	7.43	0.00	0.00	2000
229	11.17	2045	2104	0.00	195	0	0	0	nan	0.00	0.00	3.73	85.32	88.83	0.00	38	0	42	0.00	0.00	64.34	7.31	0.00	0.00	2000
228	11.33	2039	2075	0.00	196	0	0	0	nan	0.00	0.00	3.59	84.09	88.67	0.00	38	0	42	0.00	0.00	64.46	7.22	0.00	0.00	2000
229	11.30	2027	2098	0.00	196	0	0	0	nan	0.00	0.00	3.87	84.86	88.70	0.00	38	0	42	0.00	0.00	63.96	7.32	0.00	0.00	2000
232	11.09	2084	2104	0.00	195	0	0	0	nan	0.00	0.00	4.62	84.58	88.91	0.00	39	0	42	0.00	0.00	64.42	7.29	0.00	0.00	2000
229	10.87	2111	2097	0.00	194	0	0	0	nan	0.00	0.00	4.34	84.75	89.13	0.00	38	0	42	0.00	0.00	64.30	7.43	0.00	0.00	2000
228	10.83	2116	2088	0.00	195	0	0	0	nan	0.00	0.00	3.94	84.82	89.17	0.00	39	0	42	0.00	0.00	64.40	7.45	0.00	0.00	2000
231	11.05	2061	2133	0.00	198	0	0	0	nan	0.00	0.02	4.76	85.62	88.95	0.00	39	0	42	0.00	0.00	64.24	7.37	0.00	0.00	2000
228	11.37	2029	2074	0.00	195	0	0	0	nan	0.00	0.00	3.88	83.74	88.63	0.00	38	0	42	0.00	0.00	64.30	7.36	0.00	0.00	2000
227	11.43	2027	2058	0.00	195	0	0	0	nan	0.00	0.00	4.04	82.83	88.57	0.00	38	0	42	0.00	0.00	60.89	7.05	0.00	0.00	2000
231	11.30	2023	2121	0.00	210	0	0	0	nan	0.00	0.00	2.67	87.04	88.71	0.00	39	0	42	0.00	0.00	62.70	7.17	0.00	0.00	2000
230	11.21	2017	2140	0.00	196	0	0	1	81.09	0.00	0.00	3.33	87.26	88.79	0.00	38	0	42	0.00	0.00	69.79	8.01	0.00	0.00	2000
229	11.11	2085	2079	1.42	195	0	0	6	76.54	0.00	0.00	4.40	83.70	88.89	0.00	38	0	42	0.00	0.00	64.66	7.35	0.00	0.00	2000
229	11.05	2064	2109	0.00	194	0	0	0	nan	0.00	0.00	4.90	84.54	88.95	0.00	38	0	42	0.00	0.00	64.32	7.32	0.00	0.00	2000
229	11.01	2099	2085	0.00	195	0	0	0	nan	0.00	0.00	4.32	84.16	88.99	0.00	38	0	42	0.00	0.00	61.49	7.05	0.00	0.00	2000
231	10.94	2062	2146	0.00	196	0	0	0	nan	0.00	0.00	3.94	87.23	89.06	0.00	39	0	42	0.00	0.00	67.28	7.56	0.00	0.00	2000
229	11.01	2120	2057	0.00	194	0	0	0	nan	0.00	0.03	3.32	83.81	88.99	0.00	38	0	42	0.00	0.00	61.75	7.14	0.00	0.00	2000
230	11.06	2069	2111	0.00	194	0	0	0	nan	0.00	0.02	4.20	85.28	88.94	0.00	38	0	42	0.00	0.00	66.98	7.64	0.00	0.00	2000
228	10.94	2093	2092	0.00	194	0	0	0	nan	0.00	0.00	4.55	84.16	89.06	0.00	39	0	42	0.00	0.00	61.53	6.96	0.00	0.00	2000
228	11.12	2114	2033	0.00	198	0	0	0	nan	0.01	0.01	3.68	82.39	88.88	0.00	38	0	42	0.00	0.00	62.10	7.08	0.00	0.00	2000
232	11.09	1991	2205	0.00	212	0	0	0	nan	0.00	0.02	3.23	90.30	88.91	0.00	38	0	42	0.00	0.00	69.98	8.00	0.00	0.00	2000
229	11.52	2009	2077	0.00	194	0	0	0	nan	0.00	0.00	3.67	83.95	88.48	0.00	38	0	42	0.00	0.00	64.11	7.23	0.00	0.00	2000
228	11.07	2067	2093	0.00	195	0	0	0	nan	0.00	0.00	4.40	84.36	88.93	0.00	38	0	42	0.00	0.00	61.37	7.07	0.00	0.00	2000
231	11.11	2065	2112	0.00	196	0	0	0	nan	0.00	0.02	4.59	84.93	88.89	0.00	38	0	42	0.00	0.00	67.32	7.77	0.00	0.00	2000
229	11.22	2061	2080	0.00	196	0	0	0	nan	0.00	0.00	5.03	82.97	88.78	0.00	38	0	42	0.00	0.00	61.39	6.86	0.00	0.00	2000
230	10.74	2123	2114	0.00	194	0	0	0	nan	0.00	0.00	3.37	86.61	89.26	0.00	38	0	42	0.00	0.00	64.70	7.60	0.00	0.00	2000
228	10.72	2137	2093	0.00	194	0	0	0	nan	0.00	0.00	4.35	84.68	89.28	0.00	38	0	42	0.00	0.00	64.52	7.39	0.00	0.00	2000
230	11.12	2033	2138	0.00	195	0	0	0	nan	0.00	0.00	4.45	86.09	88.88	0.00	38	0	42	0.00	0.00	67.24	7.88	0.00	0.00	2000
235	11.63	2064	2058	0.00	201	0	0	0	94.55	0.00	0.00	4.46	82.26	88.37	0.00	38	0	43	0.00	0.00	59.48	6.99	0.00	0.00	2000
232	10.85	2115	2126	1.39	195	0	0	7	74.13	0.00	0.02	4.11	86.12	89.15	0.00	38	0	42	0.00	0.00	70.06	8.15	0.00	0.00	2000
227	11.01	2049	2113	0.02	194	0	0	0	nan	0.00	0.01	3.36	86.31	88.99	0.00	38	0	42	0.00	0.00	64.92	7.51	0.00	0.00	2000
230	11.18	2061	2095	0.00	195	0	0	0	nan	0.00	0.02	2.92	85.78	88.82	0.00	38	0	42	0.00	0.00	64.06	7.30	0.00	0.00	2000
229	11.15	2082	2066	0.00	196	0	0	0	nan	0.00	0.00	3.61	83.87	88.85	0.00	38	0	42	0.00	0.00	59.04	6.79	0.00	0.00	2000
230	10.89	2069	2142	0.00	194	0	0	0	nan	0.00	0.03	3.39	87.62	89.11	0.00	38	0	42	0.00	0.00	69.70	8.00	0.00	0.00	2000
228	11.15	2082	2059	0.00	194	0	0	0	nan	0.00	0.00	2.73	84.37	88.85	0.00	38	0	42	0.00	0.00	59.04	6.85	0.00	0.00	2000
231	10.99	2080	2121	0.00	196	0	0	0	nan	0.00	0.00	4.07	85.92	89.01	0.00	38	0	42	0.00	0.00	67.01	7.65	0.00	0.00	2000
229	11.32	2037	2084	0.00	196	0	0	0	nan	0.00	0.00	4.59	83.52	88.68	0.00	38	0	42	0.00	0.00	61.42	6.97	0.00	0.00	2000
235	10.85	2134	2133	0.00	196	0	0	0	nan	0.00	0.00	4.38	86.17	89.15	0.00	38	0	42	0.00	0.00	70.04	7.78	0.00	0.00	2000
228	10.97	2120	2057	0.00	194	0	0	0	nan	0.00	0.00	3.41	83.84	89.03	0.00	38	0	42	0.00	0.00	58.96	6.74	0.00	0.00	2000
230	10.81	2091	2136	0.00	195	0	0	0	nan	0.00	0.00	3.93	86.84	89.19	0.00	38	0	42	0.00	0.00	67.25	7.62	0.00	0.00	2000
230	11.07	2089	2089	0.00	197	0	0	0	nan	0.00	0.00	4.43	84.08	88.93	0.00	38	0	42	0.00	0.00	61.61	7.18	0.00	0.00	2000
228	11.01	2067	2108	0.00	194	0	0	0	nan	0.00	0.00	4.28	85.12	88.99	0.00	39	0	42	0.00	0.00	66.97	7.41	0.00	0.00	2000
228	10.89	2125	2073	0.00	195	0	0	0	nan	0.00	0.00	3.52	84.47	89.11	0.00	38	0	42	0.00	0.00	62.79	7.01	0.00	0.00	2000
230	10.66	2144	2111	0.00	195	0	0	0	nan	0.00	0.00	3.56	86.23	89.34	0.00	38	0	42	0.00	0.00	64.22	7.30	0.00	0.00	2000
230	11.09	2084	2088	0.00	195	0	0	0	nan	0.00	0.00	4.43	84.00	88.91	0.00	39	0	42	0.00	0.00	64.81	7.46	0.00	0.00	2000
231	11.15	2036	2140	0.00	196	0	0	0	nan	0.00	0.00	3.89	86.73	88.85	0.00	38	0	42	0.00	0.00	66.80	7.70	0.00	0.00	2000
228	11.29	2040	2077	1.10	194	0	0	6	72.49	0.00	0.00	3.08	84.75	88.71	0.00	38	0	42	0.00	0.00	61.63	7.11	0.00	0.00	2000
230	11.15	2062	2097	0.38	195	0	0	0	nan	0.00	0.00	4.50	84.32	88.85	0.00	38	0	42	0.00	0.00	64.41	7.51	0.00	0.00	2000
230	11.10	2069	2105	0.00	198	0	0	0	nan	0.00	0.00	5.27	83.94	88.90	0.00	38	0	42	0.00	0.00	64.65	7.35	0.00	0.00	2000
230	10.90	2121	2090	0.00	195	0	0	0	nan	0.00	0.00	4.66	84.00	89.10	0.00	38	0	42	0.00	0.00	64.52	7.43	0.00	0.00	2000
229	10.97	2104	2086	0.00	195	0	0	0	nan	0.00	0.00	4.33	84.17	89.03	0.00	38	0	42	0.00	0.00	64.36	7.07	0.00	0.00	2000
229	11.00	2063	2119	0.00	195	0	0	0	nan	0.01	0.00	3.43	86.47	89.00	0.00	38	0	42	0.00	0.00	64.49	7.27	0.00	0.00	2000
229	11.00	2079	2100	0.00	195	0	0	0	nan	0.00	0.00	4.24	84.79	89.00	0.00	38	0	42	0.00	0.00	64.27	7.38	0.00	0.00	2000
230	10.88	2102	2111	0.00	195	0	0	0	nan	0.00	0.00	4.39	85.22	89.12	0.00	38	0	42	0.00	0.00	64.77	7.26	0.00	0.00	2000
229	10.95	2097	2096	0.00	195	0	0	0	nan	0.00	0.00	3.85	85.09	89.05	0.00	38	0	43	0.00	0.00	64.49	7.46	0.00	0.00	2000
232	11.23	2053	2109	0.00	195	0	0	0	nan	0.00	0.00	4.16	84.97	88.77	0.00	38	0	42	0.00	0.00	64.31	7.47	0.00	0.00	2000
227	10.92	2112	2070	0.00	196	0	0	0	nan	0.00	0.00	3.38	84.54	89.08	0.00	38	0	42	0.00	0.00	65.44	7.37	0.00	0.00	2000
231	10.89	2112	2111	0.00	194	0	0	0	nan	0.00	0.01	3.77	85.83	89.11	0.00	38	0	42	0.00	0.00	64.06	7.31	0.00	0.00	2000
231	11.16	2058	2109	0.00	194	0	0	0	nan	0.00	0.00	4.41	84.91	88.84	0.00	39	0	42	0.00	0.00	64.85	7.40	0.00	0.00	2000
230	11.28	2048	2092	0.00	196	0	0	0	nan	0.00	0.00	4.91	83.59	88.72	0.00	38	0	42	0.00	0.00	63.44	7.34	0.00	0.00	2000
228	10.94	2098	2083	0.00	195	0	0	0	nan	0.00	0.00	3.68	84.75	89.06	0.00	38	0	42	0.00	0.00	65.05	7.53	0.00	0.00	2000
233	11.08	2089	2117	0.00	196	0	0	0	nan	0.00	0.03	4.80	84.93	88.92	0.00	38	0	42	0.00	0.00	64.43	7.41	0.00	0.00	2000
230	11.00	2065	2121	0.00	198	0	0	0	nan	0.00	0.00	5.47	84.49	89.00	0.00	38	0	42	0.00	0.00	64.27	7.39	0.00	0.00	2000
230	11.35	2022	2106	0.75	195	0	0	6	72.26	0.00	0.00	3.55	85.48	88.65	0.00	38	0	42	0.00	0.00	64.56	7.42	0.00	0.00	2000
228	11.11	2091	2062	0.72	195	0	0	1	87.65	0.00	0.03	3.46	83.79	88.89	0.00	38	0	42	0.00	0.00	64.87	7.32	0.00	0.00	2000
229	11.03	2068	2111	0.00	195	0	0	0	nan	0.00	0.01	4.25	85.25	88.97	0.00	39	0	42	0.00	0.00	64.29	7.28	0.00	0.00	2000
231	11.16	2065	2102	0.00	195	0	0	0	nan	0.00	0.00	4.42	84.56	88.84	0.00	38	0	42	0.00	0.00	64.40	7.52	0.00	0.00	2000
229	11.10	2056	2109	0.00	195	0	0	0	nan	0.00	0.00	3.82	85.60	88.90	0.00	39	0	42	0.00	0.00	64.07	7.42	0.00	0.00	2000
229	11.15	2049	2105	0.00	194	0	0	0	nan	0.00	0.00	4.56	84.63	88.85	0.00	38	0	42	0.00	0.00	63.99	7.40	0.00	0.00	2000
230	11.35	2010	2116	0.00	200	0	0	0	nan	0.00	0.00	4.95	84.55	88.65	0.00	38	0	42	0.00	0.00	64.63	7.54	0.00	0.00	2000
228	11.26	2070	2054	0.00	195	0	0	0	nan	0.00	0.00	2.72	84.17	88.74	0.00	38	0	42	0.00	0.00	64.50	7.64	0.00	0.00	2000
234	11.23	2061	2121	0.00	196	0	0	0	nan	0.00	0.03	4.13	85.60	88.77	0.00	39	0	42	0.00	0.00	64.11	7.45	0.00	0.00	2000
228	11.25	2041	2086	0.00	195	0	0	0	nan	0.00	0.00	4.04	84.31	88.75	0.00	38	0	43	0.00	0.00	63.78	7.47	0.00	0.00	2000
229	11.05	2043	2135	0.00	196	0	0	0	nan	0.00	0.00	3.70	86.89	88.95	0.00	39	0	42	0.00	0.00	64.20	7.50	0.00	0.00	2000
228	11.20	2040	2097	0.00	194	0	0	0	nan	0.00	0.00	3.44	85.33	88.80	0.00	39	0	42	0.00	0.00	64.62	7.43	0.00	0.00	2000
229	11.27	2051	2076	0.00	195	0	0	0	nan	0.00	0.00	3.36	84.50	88.73	0.00	38	0	42	0.00	0.00	64.03	7.32	0.00	0.00	2000
231	10.91	2123	2093	0.00	195	0	0	0	nan	0.00	0.00	4.63	84.21	89.09	0.00	38	0	42	0.00	0.00	64.62	7.20	0.00	0.00	2000
230	10.88	2091	2121	0.00	195	0	0	0	nan	0.00	0.00	4.07	86.03	89.12	0.00	38	0	43	0.00	0.00	64.87	7.43	0.00	0.00	2000
229	11.10	2074	2085	0.00	195	0	0	0	nan	0.00	0.00	3.81	84.55	88.90	0.00	39	0	42	0.00	0.00	64.35	7.29	0.00	0.00	2000
231	11.03	2061	2130	0.00	196	0	0	0	nan	0.00	0.00	3.92	86.36	88.97	0.00	38	0	42	0.00	0.00	64.55	7.31	0.00	0.00	2000
229	11.47	2003	2089	0.42	194	0	0	5	73.80	0.00	0.00	3.26	84.92	88.53	0.00	39	0	43	0.00	0.00	64.17	7.34	0.00	0.00	2000
230	11.19	2075	2081	1.07	194	0	0	3	80.94	0.00	0.00	3.41	84.70	88.81	0.00	38	0	42	0.00	0.00	64.60	7.29	0.00	0.00	2000
231	10.98	2077	2124	0.00	197	0	0	0	nan	0.00	0.02	4.47	85.58	89.02	0.00	38	0	42	0.00	0.00	64.41	7.32	0.00	0.00	2000
229	11.24	2032	2108	0.00	195	0	0	0	nan	0.00	0.00	3.09	86.10	88.76	0.00	38	0	42	0.00	0.00	64.43	7.30	0.00	0.00	2000
229	11.35	2057	2055	0.00	195	0	0	0	nan	0.00	0.00	3.27	83.51	88.65	0.00	38	0	42	0.00	0.00	64.25	7.36	0.00	0.00	2000
230	10.88	2098	2113	0.00	194	0	0	0	nan	0.00	0.00	3.92	85.84	89.12	0.00	38	0	42	0.00	0.00	64.48	7.37	0.00	0.00	2000
229	11.04	2072	2098	0.00	195	0	0	0	nan	0.00	0.00	4.89	84.14	88.96	0.00	39	0	42	0.00	0.00	64.42	7.50	0.00	0.00	2000
233	10.86	2114	2127	0.00	195	0	0	0	nan	0.00	0.00	3.85	86.49	89.14	0.00	39	0	42	0.00	0.00	64.37	7.51	0.00	0.00	2000
229	11.12	2078	2080	0.00	195	0	0	0	nan	0.00	0.00	3.52	84.51	88.88	0.00	38	0	42	0.00	0.00	65.18	7.41	0.00	0.00	2000
230	10.94	2087	2115	0.00	196	0	0	0	nan	0.00	0.00	4.17	85.63	89.06	0.00	38	0	42	0.00	0.00	64.35	7.52	0.00	0.00	2000
228	11.05	2095	2065	0.00	195	0	0	0	nan	0.00	0.00	4.47	82.99	88.95	0.00	38	0	43	0.00	0.00	64.58	7.41	0.00	0.00	2000
230	10.60	2125	2148	0.00	195	0	0	0	nan	0.00	0.00	3.24	88.26	89.40	0.00	38	0	42	0.00	0.00	65.05	7.42	0.00	0.00	2000
230	11.20	2081	2072	0.00	195	0	0	0	nan	0.00	0.01	2.92	84.78	88.80	0.00	38	0	42	0.00	0.00	64.75	7.46	0.00	0.00	2000
229	11.21	2025	2122	0.00	194	0	0	0	nan	0.00	0.00	4.18	85.72	88.79	0.00	38	0	42	0.00	0.00	64.27	7.40	0.00	0.00	2000
228	11.37	2037	2069	0.00	195	0	0	0	nan	0.00	0.00	4.11	83.28	88.63	0.00	38	0	42	0.00	0.00	64.40	7.57	0.00	0.00	2000
230	11.14	2033	2134	0.00	195	0	0	0	nan	0.00	0.00	4.01	86.40	88.86	0.00	38	0	42	0.00	0.00	64.38	7.41	0.00	0.00	2000
228	11.12	2065	2089	0.00	195	0	0	0	nan	0.00	0.00	3.16	85.26	88.88	0.00	39	0	42	0.00	0.00	65.02	7.43	0.00	0.00	2000
231	11.28	2073	2076	0.02	196	0	0	4	76.83	0.00	0.00	4.16	83.70	88.72	0.00	38	0	42	0.00	0.00	64.50	7.46	0.00	0.00	2000
229	10.75	2104	2124	1.37	194	0	0	4	78.54	0.00	0.00	4.15	86.18	89.25	0.00	38	0	42	0.00	0.00	64.65	7.30	0.00	0.00	2000
229	11.36	2012	2109	0.00	196	0	0	0	nan	0.00	0.00	3.29	85.85	88.64	0.00	39	0	42	0.00	0.00	64.38	7.24	0.00	0.00	2000
229	11.22	2069	2069	0.00	195	0	0	0	nan	0.00	0.00	3.63	83.89	88.78	0.00	38	0	42	0.00	0.00	64.63	7.39	0.00	0.00	2000
229	11.03	2042	2132	0.00	194	0	0	0	nan	0.00	0.00	3.63	86.80	88.97	0.00	38	0	42	0.00	0.00	64.32	7.50	0.00	0.00	2000
231	11.05	2117	2073	0.00	195	0	0	0	nan	0.00	0.02	3.60	84.23	88.95	0.00	38	0	42	0.00	0.00	64.67	7.39	0.00	0.00	2000
229	11.27	2025	2112	0.00	197	0	0	0	nan	0.00	0.00	4.29	85.06	88.73	0.00	38	0	42	0.00	0.00	64.31	7.31	0.00	0.00	2000
230	11.39	2040	2076	0.00	195	0	0	0	nan	0.00	0.00	4.34	83.36	88.61	0.00	38	0	42	0.00	0.00	64.58	7.43	0.00	0.00	2000
229	10.92	2092	2107	0.00	194	0	0	0	nan	0.00	0.00	3.55	85.85	89.08	0.00	38	0	42	0.00	0.00	64.36	7.42	0.00	0.00	2000
228	11.00	2072	2101	0.00	194	0	0	0	nan	0.00	0.00	3.68	85.38	89.00	0.00	38	0	42	0.00	0.00	64.21	7.43	0.00	0.00	2000
229	11.07	2047	2127	0.00	195	0	0	0	nan	0.00	0.00	4.36	85.77	88.93	0.00	38	0	42	0.00	0.00	64.49	7.43	0.00	0.00	2000
230	11.20	2055	2094	0.00	196	0	0	0	nan	0.00	0.00	4.31	84.34	88.80	0.00	39	0	42	0.00	0.00	64.47	7.45	0.00	0.00	2000
231	11.23	2075	2078	0.00	198	0	0	0	nan	0.00	0.00	5.11	82.81	88.77	0.00	39	0	42	0.00	0.00	61.63	7.46	0.00	0.00	2000
228	10.76	2131	2088	0.00	195	0	0	0	nan	0.00	0.00	4.66	84.17	89.24	0.00	38	0	42	0.00	0.00	61.68	6.68	0.00	0.00	2000
236	11.34	2068	2113	0.00	197	0	0	0	nan	0.00	0.02	4.52	84.83	88.66	0.00	38	0	42	0.00	0.00	69.91	7.80	0.00	0.00	2000
230	11.01	2089	2095	0.00	196	0	0	0	nan	0.00	0.00	4.18	84.73	88.99	0.00	38	0	42	0.00	0.00	64.64	7.66	0.00	0.00	2000
226	11.51	2049	2016	0.00	195	0	0	0	nan	0.00	0.02	3.92	81.12	88.49	0.00	39	0	43	0.00	0.00	59.55	6.94	0.00	0.00	2000
231	10.65	2060	2208	0.00	210	0	0	3	74.03	0.00	0.01	2.21	91.83	89.35	0.00	39	0	42	0.00	0.00	70.15	8.03	0.00	0.00	2000
230	11.31	2047	2084	1.34	196	0	0	5	75.12	0.00	0.01	3.30	84.83	88.69	0.00	38	0	42	0.00	0.00	63.40	7.35	0.00	0.00	2000
228	11.01	2048	2127	0.00	194	0	0	0	nan	0.00	0.00	3.26	87.05	88.99	0.00	38	0	42	0.00	0.00	64.17	7.42	0.00	0.00	2000
231	11.20	2056	2106	0.00	194	0	0	0	nan	0.00	0.00	3.13	85.95	88.80	0.00	38	0	42	0.00	0.00	64.69	7.38	0.00	0.00	2000
229	11.02	2086	2094	0.00	195	0	0	0	nan	0.00	0.00	3.48	85.30	88.98	0.00	38	0	42	0.00	0.00	60.47	7.02	0.00	0.00	2000
229	10.97	2136	2056	0.00	196	0	0	0	nan	0.00	0.02	3.46	83.71	89.03	0.00	38	0	42	0.00	0.00	63.46	7.20	0.00	0.00	2000
229	10.71	2098	2139	0.00	195	0	0	0	nan	0.00	0.00	3.05	87.93	89.29	0.00	39	0	42	0.00	0.00	65.53	7.50	0.00	0.00	2000
230	11.26	2065	2080	0.00	195	0	0	0	nan	0.00	0.01	2.90	85.11	88.74	0.00	38	0	42	0.00	0.00	63.24	7.40	0.00	0.00	2000
229	10.87	2110	2096	0.00	195	0	0	0	nan	0.00	0.03	4.36	84.60	89.13	0.00	38	0	42	0.00	0.00	64.05	7.36	0.00	0.00	2000
232	11.09	2050	2142	0.00	204	0	0	0	nan	0.00	0.05	5.39	85.44	88.91	0.00	38	0	42	0.00	0.00	70.27	8.04	0.00	0.00	2000
230	11.26	2032	2109	0.00	195	0	0	0	nan	0.00	0.00	3.00	86.19	88.74	0.00	38	0	42	0.00	0.00	60.96	7.14	0.00	0.00	2000
226	10.86	2154	2032	0.00	194	0	0	0	nan	0.00	0.00	3.30	83.01	89.14	0.00	38	0	42	0.00	0.00	62.52	7.20	0.00	0.00	2000
228	10.82	2085	2127	0.00	194	0	0	0	nan	0.00	0.00	3.19	87.20	89.18	0.00	38	0	42	0.00	0.00	64.23	7.54	0.00	0.00	2000
229	10.96	2091	2100	0.00	195	0	0	0	nan	0.00	0.00	3.85	85.24	89.04	0.00	38	0	42	0.00	0.00	64.56	7.52	0.00	0.00	2000
230	11.21	2066	2086	0.00	195	0	0	0	nan	0.00	0.00	4.65	83.63	88.79	0.00	38	0	42	0.00	0.00	64.66	7.51	0.00	0.00	2000
230	10.75	2123	2117	0.00	195	0	0	0	nan	0.00	0.00	3.25	86.69	89.25	0.00	39	0	42	0.00	0.00	65.31	7.41	0.00	0.00	2000
230	11.26	2043	2099	0.00	198	0	0	0	nan	0.00	0.00	5.00	83.81	88.74	0.00	38	0	42	0.00	0.00	63.86	7.44	0.00	0.00	2000
230	11.09	2056	2113	0.00	196	0	0	1	80.03	0.00	0.00	4.74	84.86	88.91	0.00	39	0	42	0.00	0.00	64.67	7.39	0.00	0.00	2000
229	11.22	2058	2081	1.43	196	0	0	6	77.69	0.00	0.00	4.11	83.83	88.78	0.00	38	0	42	0.00	0.00	64.72	7.53	0.00	0.00	2000
237	11.55	2046	2104	0.00	211	0	0	0	nan	0.00	0.02	7.55	81.09	88.45	0.00	39	0	42	0.00	0.00	64.50	7.28	0.00	0.00	2000
228	10.75	2126	2092	0.00	194	0	0	0	nan	0.00	0.00	4.07	84.87	89.25	0.00	39	0	42	0.00	0.00	64.85	7.31	0.00	0.00	2000
229	10.79	2114	2112	0.00	195	0	0	0	nan	0.00	0.00	3.83	85.89	89.21	0.00	39	0	42	0.00	0.00	64.39	7.28	0.00	0.00	2000
228	11.30	2030	2088	0.00	196	0	0	0	nan	0.00	0.00	5.26	83.08	88.70	0.00	38	0	42	0.00	0.00	64.48	7.36	0.00	0.00	2000
228	11.00	2064	2112	0.00	194	0	0	0	nan	0.00	0.00	4.17	85.31	89.00	0.00	38	0	42	0.00	0.00	64.46	7.41	0.00	0.00	2000
234	10.88	2153	2095	0.00	194	0	0	0	nan	0.00	0.00	3.65	85.30	89.12	0.00	38	0	42	0.00	0.00	65.04	7.36	0.00	0.00	2000
230	11.09	2045	2131	0.00	196	0	0	0	nan	0.00	0.00	4.33	85.89	88.91	0.00	38	0	42	0.00	0.00	67.30	7.58	0.00	0.00	2000
228	11.30	2053	2067	0.00	195	0	0	0	nan	0.00	0.00	3.88	83.37	88.70	0.00	38	0	42	0.00	0.00	61.49	7.13	0.00	0.00	2000
230	10.93	2099	2103	0.00	195	0	0	0	nan	0.00	0.00	3.61	85.59	89.07	0.00	38	0	42	0.00	0.00	64.82	7.47	0.00	0.00	2000
229	10.95	2084	2106	0.00	195	0	0	0	nan	0.00	0.00	4.66	84.68	89.05	0.00	39	0	42	0.00	0.00	64.60	7.32	0.00	0.00	2000
231	11.00	2102	2094	0.00	196	0	0	0	nan	0.00	0.00	5.42	83.36	89.00	0.00	38	0	42	0.00	0.00	64.68	7.61	0.00	0.00	2000
232	11.40	2043	2092	0.00	197	0	0	0	nan	0.00	0.00	4.62	83.75	88.60	0.00	38	0	43	0.00	0.00	61.71	7.59	0.00	0.00	2000
231	11.01	2091	2109	0.00	197	0	0	0	nan	0.00	0.00	4.25	85.21	88.99	0.00	38	0	42	0.00	0.00	66.89	7.44	0.00	0.00	2000
230	11.00	2084	2102	0.00	195	0	0	0	nan	0.00	0.01	5.11	84.02	89.00	0.00	38	0	42	0.00	0.00	64.45	7.60	0.00	0.00	2000
230	11.14	2071	2096	0.00	196	0	0	0	nan	0.00	0.00	4.17	84.68	88.86	0.00	38	0	42	0.00	0.00	64.66	7.42	0.00	0.00	2000
228	11.06	2067	2093	0.00	195	0	0	0	nan	0.00	0.00	4.41	84.34	88.94	0.00	39	0	42	0.00	0.00	64.14	7.45	0.00	0.00	2000
231	11.01	2092	2107	1.25	196	0	0	5	72.28	0.00	0.00	3.88	85.52	88.99	0.00	38	0	42	0.00	0.00	64.79	7.37	0.00	0.00	2000
229	11.06	2064	2109	0.21	197	0	0	0	nan	0.00	0.00	5.34	84.01	88.94	0.00	38	0	42	0.00	0.00	65.03	7.26	0.00	0.00	2000
230	11.35	2033	2089	0.00	195	0	0	0	nan	0.00	0.00	4.92	83.42	88.65	0.00	38	0	42	0.00	0.00	64.14	7.54	0.00	0.00	2000
228	11.01	2073	2100	0.00	195	0	0	0	nan	0.00	0.00	4.37	84.70	88.99	0.00	38	0	42	0.00	0.00	64.30	7.43	0.00	0.00	2000
229	11.13	2028	2132	0.00	196	0	0	0	nan	0.00	0.00	4.12	86.20	88.87	0.00	38	0	42	0.00	0.00	64.34	7.42	0.00	0.00	2000
231	11.24	2093	2059	0.00	196	0	0	0	nan	0.00	0.00	4.10	82.98	88.76	0.00	38	0	42	0.00	0.00	63.68	7.42	0.00	0.00	2000
230	10.86	2082	2137	0.00	195	0	0	0	nan	0.00	0.02	3.63	87.12	89.14	0.00	38	0	42	0.00	0.00	64.63	7.73	0.00	0.00	2000
228	11.44	2023	2066	0.00	194	0	0	0	nan	0.00	0.00	3.32	83.86	88.56	0.00	38	0	42	0.00	0.00	64.09	7.31	0.00	0.00	2000
229	11.04	2038	2136	0.00	195	0	0	0	nan	0.00	0.02	3.54	87.01	88.96	0.00	38	0	42	0.00	0.00	65.02	7.31	0.00	0.00	2000
227	11.28	2045	2070	0.00	194	0	0	0	nan	0.00	0.00	3.30	84.28	88.72	0.00	38	0	42	0.00	0.00	63.92	7.25	0.00	0.00	2000
232	11.20	2068	2102	0.00	196	0	0	0	nan	0.00	0.00	4.63	84.44	88.80	0.00	38	0	42	0.00	0.00	64.29	7.37	0.00	0.00	2000
229	11.02	2056	2122	0.00	195	0	0	0	nan	0.00	0.00	3.86	86.17	88.98	0.00	38	0	42	0.00	0.00	64.62	7.51	0.00	0.00	2000
229	11.36	2044	2074	0.00	195	0	0	0	nan	0.00	0.00	3.20	84.46	88.64	0.00	39	0	42	0.00	0.00	64.47	7.40	0.00	0.00	2000
228	11.11	2062	2093	0.00	195	0	0	0	nan	0.00	0.02	3.57	85.17	88.89	0.00	38	0	42	0.00	0.00	64.37	7.48	0.00	0.00	2000
231	11.03	2084	2109	0.00	194	0	0	0	nan	0.00	0.01	3.36	86.02	88.97	0.00	38	0	42	0.00	0.00	64.54	7.39	0.00	0.00	2000
228	10.97	2093	2088	0.00	194	0	0	0	nan	0.00	0.00	3.91	84.64	89.03	0.00	38	0	42	0.00	0.00	64.49	7.47	0.00	0.00	2000
233	11.01	2100	2116	0.00	197	0	0	0	nan	0.00	0.03	4.47	85.26	88.99	0.00	39	0	42	0.00	0.00	64.32	7.45	0.00	0.00	2000
228	11.03	2070	2097	0.93	195	0	0	6	71.88	0.00	0.00	4.28	84.65	88.97	0.00	38	0	42	0.00	0.00	63.93	7.51	0.00	0.00	2000
229	11.27	2035	2101	0.55	195	0	0	0	nan	0.00	0.00	4.00	84.87	88.73	0.00	38	0	42	0.00	0.00	64.25	7.65	0.00	0.00	2000
228	10.93	2069	2121	0.00	195	0	0	0	nan	0.00	0.00	4.61	85.44	89.07	0.00	38	0	42	0.00	0.00	64.58	7.54	0.00	0.00	2000
229	11.12	2084	2078	0.00	196	0	0	0	nan	0.00	0.00	4.25	83.78	88.88	0.00	38	0	42	0.00	0.00	64.54	7.54	0.00	0.00	2000
230	11.29	2036	2102	0.00	195	0	0	0	nan	0.00	0.01	4.65	84.18	88.71	0.00	39	0	42	0.00	0.00	64.45	7.30	0.00	0.00	2000
232	11.10	2061	2131	0.00	199	0	0	0	nan	0.00	0.00	5.88	84.48	88.90	0.00	39	0	42	0.00	0.00	64.46	7.55	0.00	0.00	2000
228	11.23	2068	2066	0.00	196	0	0	0	nan	0.00	0.00	2.91	84.41	88.77	0.00	38	0	42	0.00	0.00	64.63	7.45	0.00	0.00	2000
229	10.96	2059	2133	0.00	194	0	0	0	nan	0.00	0.00	4.04	86.48	89.04	0.00	39	0	42	0.00	0.00	64.03	7.52	0.00	0.00	2000
227	11.27	2039	2078	0.00	195	0	0	0	nan	0.00	0.02	3.21	84.69	88.73	0.00	39	0	42	0.00	0.00	64.71	7.31	0.00	0.00	2000
231	11.37	2009	2124	0.00	195	0	0	0	nan	0.00	0.00	4.48	85.26	88.63	0.00	39	0	42	0.00	0.00	64.52	7.47	0.00	0.00	2000
228	11.24	2042	2085	0.00	195	0	0	0	nan	0.00	0.01	3.23	85.08	88.76	0.00	38	0	42	0.00	0.00	64.46	7.49	0.00	0.00	2000
230	11.22	2066	2083	0.00	195	0	0	0	nan	0.00	0.00	4.16	83.97	88.78	0.00	39	0	42	0.00	0.00	64.30	7.30	0.00	0.00	2000
230	10.97	2060	2134	0.00	195	0	0	0	nan	0.00	0.00	4.66	85.97	89.03	0.00	38	0	42	0.00	0.00	65.88	7.44	0.00	0.00	2000
228	11.10	2103	2050	0.00	195	0	0	0	nan	0.00	0.00	3.64	83.28	88.90	0.00	38	0	42	0.00	0.00	62.83	7.21	0.00	0.00	2000
231	11.09	2079	2101	0.00	195	0	0	0	nan	0.00	0.00	3.78	85.26	88.91	0.00	38	0	42	0.00	0.00	64.59	7.30	0.00	0.00	2000
229	11.06	2026	2150	0.00	194	0	0	0	nan	0.00	0.00	3.86	87.31	88.94	0.00	38	0	42	0.00	0.00	64.36	7.38	0.00	0.00	2000
228	11.13	2083	2063	0.00	196	0	0	0	nan	0.00	0.02	3.31	83.99	88.87	0.00	38	0	42	0.00	0.00	64.63	7.56	0.00	0.00	2000
230	10.92	2104	2103	0.58	195	0	0	6	74.34	0.00	0.00	4.48	84.82	89.08	0.00	39	0	42	0.00	0.00	64.30	7.42	0.00	0.00	2000
228	11.05	2081	2084	0.89	195	0	0	2	84.63	0.00	0.00	3.33	85.12	88.95	0.00	38	0	42	0.00	0.00	64.00	7.47	0.00	0.00	2000
233	11.13	2061	2132	0.00	194	0	0	0	nan	0.00	0.02	3.92	86.41	88.87	0.00	38	0	43	0.00	0.00	64.53	7.41	0.00	0.00	2000
229	10.90	2091	2107	0.00	196	0	0	0	nan	0.00	0.00	4.06	85.44	89.10	0.00	39	0	42	0.00	0.00	64.49	7.30	0.00	0.00	2000
231	11.14	2061	2116	0.00	196	0	0	0	nan	0.00	0.00	3.81	85.84	88.87	0.00	38	0	42	0.00	0.00	66.38	7.62	0.00	0.00	2000
228	11.37	2061	2042	0.00	193	0	0	0	nan	0.00	0.00	3.45	82.85	88.63	0.00	39	0	42	0.00	0.00	60.19	6.92	0.00	0.00	2000
229	11.05	2028	2151	0.00	195	0	0	0	nan	0.00	0.00	3.77	87.43	88.95	0.00	39	0	42	0.00	0.00	67.04	7.76	0.00	0.00	2000
228	11.31	2037	2079	0.00	195	0	0	0	nan	0.00	0.00	3.95	83.88	88.69	0.00	38	0	42	0.00	0.00	64.52	7.47	0.00	0.00	2000
232	11.09	2088	2105	0.00	199	0	0	0	nan	0.00	0.00	5.87	83.34	88.91	0.00	38	0	42	0.00	0.00	64.54	7.37	0.00	0.00	2000
228	11.01	2090	2079	0.00	196	0	0	0	nan	0.00	0.00	4.52	83.71	88.99	0.00	39	0	42	0.00	0.00	64.15	7.36	0.00	0.00	2000
225	11.33	2066	2019	0.00	195	0	0	0	nan	0.00	0.00	4.69	80.62	88.67	0.00	38	0	42	0.00	0.00	59.46	6.79	0.00	0.00	2000
231	10.65	2065	2210	0.00	211	0	0	0	nan	0.00	0.00	3.34	90.78	89.35	0.00	38	0	42	0.00	0.00	69.89	7.97	0.00	0.00	2000
238	11.22	2125	2099	0.00	197	0	0	0	nan	0.00	0.01	4.65	84.17	88.78	0.00	39	0	42	0.00	0.00	64.65	7.59	0.00	0.00	2000
228	10.85	2126	2073	0.00	194	0	0	0	nan	0.00	0.00	4.15	83.90	89.15	0.00	38	0	42	0.00	0.00	61.85	7.01	0.00	0.00	2000
231	10.95	2071	2142	0.00	195	0	0	0	nan	0.00	0.02	4.12	86.76	89.05	0.00	38	0	42	0.00	0.00	66.97	7.94	0.00	0.00	2000
227	11.16	2073	2063	0.00	193	0	0	0	nan	0.00	0.00	3.32	84.06	88.84	0.00	38	0	42	0.00	0.00	64.09	6.99	0.00	0.00	2000
225	11.35	2058	2019	0.00	196	0	0	0	nan	0.00	0.00	3.36	81.90	88.65	0.00	39	0	42	0.00	0.00	59.33	7.43	0.00	0.00	2000
232	10.83	2066	2182	0.59	211	0	0	6	72.53	0.00	0.00	3.33	89.40	89.17	0.00	38	0	42	0.00	0.00	64.20	7.50	0.00	0.00	2000
230	10.79	2121	2113	0.88	195	0	0	2	82.89	0.00	0.00	3.56	86.20	89.21	0.00	39	0	42	0.00	0.00	70.24	8.13	0.00	0.00	2000
229	11.13	2067	2094	0.00	195	0	0	0	nan	0.00	0.00	4.16	84.55	88.87	0.00	38	0	42	0.00	0.00	62.10	7.21	0.00	0.00	2000
231	10.87	2106	2117	0.00	195	0	0	0	nan	0.00	0.00	3.27	86.61	89.13	0.00	39	0	42	0.00	0.00	67.17	7.87	0.00	0.00	2000
228	11.00	2094	2081	0.00	194	0	0	0	nan	0.00	0.00	4.17	84.11	89.00	0.00	39	0	42	0.00	0.00	59.35	7.02	0.00	0.00	2000
233	11.24	2059	2109	0.00	195	0	0	0	nan	0.00	0.02	3.70	85.53	88.76	0.00	38	0	42	0.00	0.00	69.72	8.28	0.00	0.00	2000
228	10.62	2148	2099	0.00	194	0	0	0	nan	0.00	0.01	3.96	85.40	89.38	0.00	39	0	42	0.00	0.00	64.64	7.49	0.00	0.00	2000
232	11.00	2095	2116	0.00	197	0	0	0	nan	0.00	0.01	4.15	85.65	89.00	0.00	39	0	42	0.00	0.00	64.41	7.43	0.00	0.00	2000
228	11.12	2074	2073	0.00	195	0	0	0	nan	0.00	0.00	3.82	84.03	88.88	0.00	38	0	42	0.00	0.00	58.99	6.86	0.00	0.00	2000
230	10.90	2068	2143	0.00	194	0	0	0	nan	0.00	0.02	3.92	87.04	89.10	0.00	38	0	42	0.00	0.00	69.67	7.95	0.00	0.00	2000
227	11.14	2082	2057	0.00	193	0	0	0	nan	0.00	0.00	2.65	84.43	88.86	0.00	39	0	42	0.00	0.00	58.69	6.80	0.00	0.00	2000
233	11.02	2103	2114	0.00	199	0	0	0	nan	0.00	0.02	5.06	84.48	88.98	0.00	39	0	42	0.00	0.00	69.88	7.78	0.00	0.00	2000
229	10.92	2086	2112	0.00	196	0	0	0	nan	0.00	0.00	4.78	84.88	89.08	0.00	38	0	42	0.00	0.00	62.21	7.54	0.00	0.00	2000
229	11.13	2072	2088	0.00	195	0	0	0	nan	0.00	0.00	3.89	84.56	88.87	0.00	39	0	42	0.00	0.00	64.28	7.42	0.00	0.00	2000
228	10.81	2125	2086	0.00	194	0	0	0	nan	0.00	0.00	4.36	84.33	89.19	0.00	39	0	42	0.00	0.00	61.54	7.00	0.00	0.00	2000
231	10.66	2151	2112	0.00	196	0	0	0	nan	0.00	0.00	4.22	85.67	89.34	0.00	38	0	42	0.00	0.00	64.80	7.42	0.00	0.00	2000
230	10.74	2150	2091	0.00	196	0	0	0	nan	0.00	0.00	4.43	84.53	89.26	0.00	39	0	42	0.00	0.00	65.34	7.45	0.00	0.00	2000
230	10.91	2083	2121	0.17	194	0	0	4	76.07	0.00	0.02	3.60	86.36	89.09	0.00	39	0	42	0.00	0.00	64.24	7.47	0.00	0.00	2000
228	10.97	2095	2079	1.23	194	0	0	3	80.19	0.00	0.00	4.41	83.81	89.03	0.00	39	0	42	0.00	0.00	64.42	7.42	0.00	0.00	2000
231	10.70	2118	2137	0.00	198	0	0	0	nan	0.00	0.02	3.79	87.14	89.30	0.00	38	0	42	0.00	0.00	67.38	7.93	0.00	0.00	2000
228	11.29	2038	2083	0.00	195	0	0	0	nan	0.00	0.00	3.24	84.79	88.71	0.00	39	0	42	0.00	0.00	61.86	7.27	0.00	0.00	2000
232	10.85	2118	2121	0.00	195	0	0	0	nan	0.00	0.00	4.41	85.59	89.15	0.00	39	0	42	0.00	0.00	67.24	7.88	0.00	0.00	2000
227	11.32	2050	2056	0.00	194	0	0	0	nan	0.00	0.00	3.32	83.51	88.68	0.00	38	0	42	0.00	0.00	61.95	7.36	0.00	0.00	2000
234	11.09	2083	2129	0.00	196	0	0	0	nan	0.00	0.02	4.32	85.81	88.91	0.00	39	0	42	0.00	0.00	64.42	7.67	0.00	0.00	2000
229	10.88	2126	2076	0.00	195	0	0	0	nan	0.00	0.00	3.73	84.39	89.12	0.00	39	0	42	0.00	0.00	64.67	7.55	0.00	0.00	2000
229	10.86	2095	2118	0.00	195	0	0	0	nan	0.01	0.00	4.19	85.75	89.14	0.00	38	0	42	0.00	0.00	64.25	7.42	0.00	0.00	2000
230	11.34	2048	2076	0.00	196	0	0	0	nan	0.00	0.00	5.17	82.59	88.66	0.00	39	0	42	0.00	0.00	64.47	7.52	0.00	0.00	2000
230	11.06	2071	2113	0.00	195	0	0	0	nan	0.00	0.00	4.30	85.30	88.94	0.00	39	0	42	0.00	0.00	64.44	7.47	0.00	0.00	2000
229	10.78	2130	2095	0.00	199	0	0	0	nan	0.00	0.00	5.38	83.65	89.22	0.00	39	0	42	0.00	0.00	64.53	7.50	0.00	0.00	2000
230	11.03	2052	2136	0.00	196	0	0	0	nan	0.00	0.02	4.47	86.10	88.97	0.00	39	0	42	0.00	0.00	67.36	7.71	0.00	0.00	2000
229	11.19	2036	2112	0.00	194	0	0	0	nan	0.00	0.00	3.66	85.61	88.81	0.00	39	0	42	0.00	0.00	63.58	7.47	0.00	0.00	2000
230	11.38	2070	2054	0.00	195	0	0	0	nan	0.00	0.00	4.04	82.72	88.62	0.00	39	0	42	0.00	0.00	62.73	7.29	0.00	0.00	2000
231	10.90	2111	2106	0.00	200	0	0	0	nan	0.00	0.00	5.22	84.16	89.10	0.00	39	0	42	0.00	0.00	64.64	7.37	0.00	0.00	2000
229	11.07	2043	2129	0.00	195	0	0	0	nan	0.00	0.00	5.14	85.06	88.93	0.00	39	0	42	0.00	0.00	67.51	7.52	0.00	0.00	2000
227	11.09	2081	2068	0.00	193	0	0	3	76.58	0.00	0.00	3.22	84.31	88.91	0.00	39	0	42	0.00	0.00	61.56	7.14	0.00	0.00	2000
230	10.91	2073	2132	1.35	195	0	0	5	77.75	0.00	0.00	4.21	86.30	89.09	0.00	38	0	42	0.00	0.00	67.31	7.46	0.00	0.00	2000
228	11.60	1991	2075	0.00	195	0	0	0	nan	0.00	0.00	4.01	83.50	88.40	0.00	39	0	42	0.00	0.00	61.26	7.46	0.00	0.00	2000
231	11.26	2055	2099	0.00	196	0	0	0	nan	0.00	0.00	4.79	84.05	88.74	0.00	39	0	42	0.00	0.00	64.44	7.38	0.00	0.00	2000
229	11.10	2042	2120	0.00	195	0	0	0	nan	0.00	0.00	4.37	85.49	88.90	0.00	39	0	42	0.00	0.00	64.39	7.40	0.00	0.00	2000
229	11.38	2002	2108	0.00	195	0	0	0	nan	0.00	0.00	3.74	85.39	88.62	0.00	39	0	42	0.00	0.00	64.18	7.42	0.00	0.00	2000
228	11.20	2059	2078	0.00	196	0	0	0	nan	0.00	0.02	3.97	83.99	88.80	0.00	39	0	42	0.00	0.00	64.78	7.43	0.00	0.00	2000
229	11.24	2038	2103	0.00	195	0	0	0	nan	0.00	0.00	4.45	84.60	88.76	0.00	39	0	42	0.00	0.00	64.53	7.47	0.00	0.00	2000
230	11.11	2072	2094	0.00	195	0	0	0	nan	0.00	0.00	4.57	84.21	88.89	0.00	39	0	42	0.00	0.00	64.54	7.56	0.00	0.00	2000
229	11.32	2005	2117	0.00	195	0	0	0	nan	0.00	0.00	4.77	84.81	88.68	0.00	38	0	42	0.00	0.00	64.42	7.91	0.00	0.00	2000
230	11.07	2106	2068	0.00	196	0	0	0	nan	0.00	0.00	3.36	84.31	88.93	0.00	39	0	42	0.00	0.00	64.32	7.44	0.00	0.00	2000
228	10.85	2099	2107	0.00	195	0	0	0	nan	0.00	0.00	3.02	86.53	89.15	0.00	38	0	42	0.00	0.00	64.60	7.53	0.00	0.00	2000
228	11.21	2043	2093	0.00	194	0	0	0	nan	0.00	0.00	3.59	85.06	88.79	0.00	39	0	42	0.00	0.00	63.82	7.49	0.00	0.00	2000
233	11.19	2063	2122	0.00	196	0	0	0	nan	0.00	0.00	4.18	85.65	88.81	0.00	39	0	42	0.00	0.00	64.57	7.43	0.00	0.00	2000
228	11.29	2032	2087	0.00	194	0	0	0	nan	0.00	0.00	4.28	83.96	88.71	0.00	39	0	42	0.00	0.00	64.50	7.42	0.00	0.00	2000
230	11.08	2040	2135	0.00	196	0	0	0	nan	0.00	0.02	3.81	86.72	88.92	0.00	39	0	42	0.00	0.00	64.47	7.64	0.00	0.00	2000
228	11.10	2068	2085	0.00	194	0	0	0	nan	0.00	0.02	3.25	84.86	88.90	0.00	38	0	42	0.00	0.00	65.10	7.53	0.00	0.00	2000
228	11.28	2058	2066	0.00	196	0	0	1	79.82	0.00	0.00	3.04	84.41	88.72	0.00	39	0	42	0.00	0.00	63.28	7.24	0.00	0.00	2000
233	11.25	2067	2101	1.40	199	0	0	6	76.45	0.00	0.01	4.28	84.64	88.75	0.00	39	0	42	0.00	0.00	64.29	7.43	0.00	0.00	2000
230	11.13	2034	2131	0.00	196	0	0	0	nan	0.00	0.02	4.32	85.97	88.87	0.00	39	0	42	0.00	0.00	63.84	7.75	0.00	0.00	2000
227	11.00	2072	2095	0.00	194	0	0	0	nan	0.00	0.00	4.14	84.71	89.00	0.00	39	0	42	0.00	0.00	64.62	7.57	0.00	0.00	2000
231	11.10	2058	2121	0.00	194	0	0	0	nan	0.00	0.00	3.46	86.53	88.90	0.00	38	0	42	0.00	0.00	64.36	7.46	0.00	0.00	2000
228	11.15	2087	2060	0.00	194	0	0	0	nan	0.00	0.02	2.96	84.27	88.85	0.00	38	0	42	0.00	0.00	64.24	7.31	0.00	0.00	2000
227	11.58	2026	2029	0.00	195	0	0	0	nan	0.00	0.00	3.83	81.76	88.42	0.00	39	0	42	0.00	0.00	59.38	6.83	0.00	0.00	2000
232	10.76	2083	2175	0.00	213	0	0	0	nan	0.00	0.02	3.17	89.35	89.24	0.00	38	0	42	0.00	0.00	69.87	8.05	0.00	0.00	2000
231	11.06	2065	2123	0.00	208	0	0	0	nan	0.00	0.00	4.49	85.50	88.94	0.00	38	0	42	0.00	0.00	64.77	7.40	0.00	0.00	2000
229	11.05	2091	2078	0.00	195	0	0	0	nan	0.00	0.00	4.31	83.68	88.95	0.00	39	0	42	0.00	0.00	64.42	7.58	0.00	0.00	2000
230	10.86	2082	2136	0.00	196	0	0	0	nan	0.00	0.00	3.48	87.25	89.14	0.00	38	0	42	0.00	0.00	64.72	7.40	0.00	0.00	2000
229	11.31	2068	2061	0.00	196	0	0	0	nan	0.00	0.00	3.88	83.26	88.69	0.00	39	0	42	0.00	0.00	64.46	7.45	0.00	0.00	2000
230	11.05	2051	2126	0.00	195	0	0	0	nan	0.00	0.01	3.40	86.70	88.95	0.00	39	0	42	0.00	0.00	64.41	7.43	0.00	0.00	2000
228	11.08	2056	2105	0.00	194	0	0	0	nan	0.00	0.00	4.26	84.91	88.92	0.00	39	0	42	0.00	0.00	64.62	7.46	0.00	0.00	2000
230	11.29	2033	2108	0.00	196	0	0	0	nan	0.00	0.00	3.90	85.17	88.71	0.00	39	0	43	0.00	0.00	64.80	7.36	0.00	0.00	2000
229	11.10	2097	2063	0.00	195	0	0	0	nan	0.00	0.02	3.64	83.70	88.90	0.00	38	0	42	0.00	0.00	64.41	7.36	0.00	0.00	2000
232	10.77	2131	2124	0.00	195	0	0	0	nan	0.00	0.00	3.55	86.78	89.23	0.00	38	0	42	0.00	0.00	64.52	7.44	0.00	0.00	2000
228	11.13	2078	2073	0.00	196	0	0	0	95.16	0.00	0.00	4.37	83.53	88.87	0.00	38	0	42	0.00	0.00	64.34	7.62	0.00	0.00	2000
229	11.18	2041	2111	1.43	194	0	0	6	74.69	0.00	0.02	3.95	85.44	88.82	0.00	39	0	42	0.00	0.00	64.47	7.53	0.00	0.00	2000
228	11.06	2060	2099	0.02	194	0	0	0	nan	0.00	0.00	4.30	84.71	88.94	0.00	38	0	42	0.00	0.00	64.09	7.63	0.00	0.00	2000
229	11.07	2041	2134	0.00	195	0	0	0	nan	0.00	0.00	4.02	86.48	88.93	0.00	39	0	42	0.00	0.00	64.38	7.44	0.00	0.00	2000
230	11.04	2087	2094	0.00	195	0	0	0	nan	0.00	0.01	3.52	85.15	88.96	0.00	39	0	42	0.00	0.00	64.99	7.69	0.00	0.00	2000
233	11.62	2012	2092	0.00	200	0	0	0	nan	0.00	0.00	5.22	82.94	88.38	0.00	38	0	42	0.00	0.00	64.24	7.65	0.00	0.00	2000
228	10.98	2081	2100	0.00	195	0	0	0	nan	0.00	0.00	4.19	84.87	89.02	0.00	38	0	42	0.00	0.00	64.53	7.51	0.00	0.00	2000
229	11.01	2104	2078	0.00	195	0	0	0	nan	0.00	0.00	3.63	84.54	88.99	0.00	38	0	42	0.00	0.00	64.22	7.52	0.00	0.00	2000
229	10.78	2128	2096	0.00	194	0	0	0	nan	0.00	0.00	4.48	84.67	89.22	0.00	39	0	42	0.00	0.00	64.59	7.49	0.00	0.00	2000
228	11.05	2028	2139	0.00	195	0	0	0	nan	0.00	0.00	4.27	86.52	88.95	0.00	39	0	43	0.00	0.00	64.37	7.47	0.00	0.00	2000
236	11.52	2077	2071	0.00	198	0	0	0	nan	0.00	0.02	4.70	82.58	88.48	0.00	38	0	42	0.00	0.00	64.93	7.60	0.00	0.00	2000
229	11.29	2004	2125	0.00	195	0	0	0	nan	0.00	0.00	4.77	85.17	88.71	0.00	38	0	42	0.00	0.00	64.10	7.51	0.00	0.00	2000
228	11.21	2061	2071	0.00	195	0	0	0	nan	0.00	0.00	3.57	84.08	88.79	0.00	39	0	42	0.00	0.00	64.56	7.41	0.00	0.00	2000
229	10.90	2094	2110	0.00	193	0	0	0	nan	0.00	0.02	3.35	86.19	89.10	0.00	39	0	42	0.00	0.00	64.03	7.39	0.00	0.00	2000
228	11.40	2012	2090	0.00	196	0	0	0	nan	0.00	0.00	5.34	82.94	88.60	0.00	38	0	42	0.00	0.00	63.94	7.58	0.00	0.00	2000
231	11.37	2037	2098	0.00	196	0	0	0	nan	0.00	0.00	4.77	83.86	88.63	0.00	39	0	42	0.00	0.00	64.32	7.62	0.00	0.00	2000
228	10.95	2092	2094	0.00	195	0	0	0	nan	0.00	0.00	4.70	84.24	89.05	0.00	38	0	42	0.00	0.00	61.48	7.21	0.00	0.00	2000
229	11.14	2019	2136	0.00	195	0	0	0	nan	0.00	0.00	4.03	86.44	88.86	0.00	38	0	42	0.00	0.00	67.15	7.99	0.00	0.00	2000
228	11.14	2071	2079	1.10	195	0	0	6	73.63	0.00	0.00	4.27	83.73	88.86	0.00	38	0	42	0.00	0.00	64.49	7.59	0.00	0.00	2000
229	11.05	2049	2126	0.39	194	0	0	0	nan	0.00	0.00	4.67	85.48	88.95	0.00	39	0	42	0.00	0.00	64.31	7.44	0.00	0.00	2000
231	11.37	2037	2095	0.00	195	0	0	0	nan	0.00	0.06	3.71	84.68	88.63	0.00	39	0	42	0.00	0.00	64.66	7.62	0.00	0.00	2000
230	10.83	2149	2074	0.00	195	0	0	0	nan	0.00	0.00	3.66	84.44	89.17	0.00	38	0	42	0.00	0.00	64.74	7.34	0.00	0.00	2000
229	10.67	2118	2126	0.00	195	0	0	0	nan	0.00	0.00	4.11	86.39	89.33	0.00	39	0	42	0.00	0.00	60.46	6.91	0.00	0.00	2000
229	10.87	2161	2045	0.00	196	0	0	0	nan	0.00	0.00	2.72	84.11	89.13	0.00	38	0	42	0.00	0.00	62.97	7.38	0.00	0.00	2000
230	10.94	2068	2131	0.00	195	0	0	0	nan	0.00	0.00	2.90	87.51	89.06	0.00	39	0	42	0.00	0.00	69.98	7.44	0.00	0.00	2000
228	11.50	2060	2018	0.00	196	0	0	0	nan	0.00	0.00	3.89	81.26	88.50	0.00	38	0	42	0.00	0.00	59.40	7.47	0.00	0.00	2000
232	10.72	2080	2181	0.00	213	0	0	0	nan	0.00	0.00	3.73	89.08	89.28	0.00	38	0	42	0.00	0.00	64.18	7.53	0.00	0.00	2000
230	10.84	2078	2141	0.00	195	0	0	0	nan	0.00	0.00	3.76	87.12	89.16	0.00	38	0	42	0.00	0.00	67.48	7.79	0.00	0.00	2000
228	11.33	2061	2053	0.00	194	0	0	0	nan	0.00	0.02	3.22	83.51	88.67	0.00	38	0	42	0.00	0.00	61.61	7.21	0.00	0.00	2000
230	10.78	2091	2142	0.00	197	1	0	0	nan	0.00	0.02	3.99	87.12	89.22	0.00	38	0	42	0.00	0.00	69.83	7.97	0.00	0.00	2000
230	11.55	2027	2065	0.00	196	0	0	0	nan	0.00	0.00	3.78	83.29	88.45	0.00	38	0	42	0.00	0.00	59.64	7.02	0.00	0.00	2000
229	11.02	2073	2107	0.00	195	0	0	0	nan	0.00	0.02	3.30	86.06	88.98	0.00	39	0	42	0.00	0.00	64.19	7.55	0.00	0.00	2000
229	11.26	2034	2097	0.00	194	0	0	0	nan	0.00	0.00	4.47	84.29	88.74	0.00	39	0	42	0.00	0.00	64.11	7.46	0.00	0.00	2000
230	11.04	2067	2112	0.00	195	0	0	0	nan	0.00	0.00	3.68	85.89	88.96	0.00	38	0	42	0.00	0.00	64.60	7.53	0.00	0.00	2000
227	10.97	2089	2084	0.00	195	0	0	0	nan	0.00	0.00	3.90	84.58	89.03	0.00	38	0	42	0.00	0.00	64.50	7.52	0.00	0.00	2000
234	11.64	2009	2103	0.94	212	0	0	6	69.78	0.00	0.05	6.93	81.63	88.36	0.00	38	0	42	0.00	0.00	65.84	7.52	0.00	0.00	2000
227	11.61	2025	2026	0.47	212	0	0	0	nan	0.00	0.00	3.00	82.32	88.39	0.00	38	0	42	0.00	0.00	63.29	7.41	0.00	0.00	2000
234	10.84	2076	2183	0.00	194	0	0	0	nan	0.00	0.02	2.55	90.14	89.16	0.00	38	0	42	0.00	0.00	64.98	7.41	0.00	0.00	2000
228	11.07	2074	2089	0.00	194	0	0	0	nan	0.00	0.00	4.42	84.10	88.93	0.00	39	0	42	0.00	0.00	64.51	7.52	0.00	0.00	2000
231	10.83	2089	2143	0.00	195	0	0	0	nan	0.00	0.02	3.57	87.47	89.17	0.00	39	0	42	0.00	0.00	67.06	7.76	0.00	0.00	2000
232	11.28	2070	2090	0.00	195	0	0	0	nan	0.00	0.02	3.82	84.53	88.72	0.00	39	0	42	0.00	0.00	64.61	7.39	0.00	0.00	2000
229	11.19	2073	2077	0.00	196	0	0	0	nan	0.00	0.00	4.30	83.65	88.81	0.00	39	0	42	0.00	0.00	62.20	7.17	0.00	0.00	2000
229	10.86	2103	2103	0.00	195	0	0	0	nan	0.00	0.00	4.20	85.09	89.14	0.00	38	0	42	0.00	0.00	64.69	7.59	0.00	0.00	2000
231	11.16	2073	2098	0.00	197	0	0	0	nan	0.00	0.00	4.70	84.19	88.84	0.00	39	0	42	0.00	0.00	64.38	7.39	0.00	0.00	2000
229	10.98	2086	2104	0.00	197	0	0	0	nan	0.00	0.00	4.74	84.46	89.02	0.00	39	0	42	0.00	0.00	64.63	7.45	0.00	0.00	2000
233	11.26	2064	2104	0.00	198	0	0	0	nan	0.00	0.00	4.49	84.53	88.74	0.00	38	0	42	0.00	0.00	64.64	7.35	0.00	0.00	2000
228	10.89	2084	2114	0.00	196	0	0	0	nan	0.00	0.00	4.95	84.81	89.11	0.00	39	0	42	0.00	0.00	67.73	7.77	0.00	0.00	2000
229	11.13	2082	2075	0.00	195	0	0	0	nan	0.00	0.00	2.98	84.85	88.87	0.00	39	0	42	0.00	0.00	61.79	7.01	0.00	0.00	2000
229	11.06	2074	2099	0.00	194	0	0	0	nan	0.00	0.00	4.34	84.62	88.94	0.00	38	0	42	0.00	0.00	64.49	7.26	0.00	0.00	2000
230	11.12	2034	2134	0.00	196	0	0	0	nan	0.00	0.00	4.05	86.38	88.88	0.00	39	0	42	0.00	0.00	67.42	7.86	0.00	0.00	2000
229	11.10	2088	2072	0.00	194	0	0	0	nan	0.00	0.00	3.27	84.35	88.90	0.00	39	0	42	0.00	0.00	62.00	7.12	0.00	0.00	2000
231	10.99	2081	2124	0.00	197	0	0	0	nan	0.00	0.00	5.26	84.76	89.01	0.00	38	0	42	0.00	0.00	64.44	7.53	0.00	0.00	2000
229	11.13	2074	2083	0.76	194	0	0	6	71.78	0.00	0.00	3.87	84.36	88.87	0.00	38	0	42	0.00	0.00	64.60	7.33	0.00	0.00	2000
229	11.12	2069	2094	0.72	195	0	0	1	89.52	0.00	0.00	4.36	84.30	88.88	0.00	38	0	42	0.00	0.00	64.22	7.47	0.00	0.00	2000
229	10.99	2066	2120	0.00	195	0	0	0	nan	0.00	0.00	4.58	85.34	89.01	0.00	38	0	42	0.00	0.00	64.40	7.50	0.00	0.00	2000
229	11.06	2066	2101	0.00	196	0	0	0	nan	0.00	0.00	4.14	84.91	88.94	0.00	38	0	42	0.00	0.00	64.68	7.38	0.00	0.00	2000
230	11.11	2105	2068	0.00	196	0	0	0	nan	0.00	0.02	3.96	83.71	88.89	0.00	38	0	42	0.00	0.00	64.48	7.46	0.00	0.00	2000
229	11.27	2023	2112	0.00	194	0	0	0	nan	0.00	0.00	4.18	85.15	88.73	0.00	38	0	42	0.00	0.00	64.11	7.35	0.00	0.00	2000
228	11.24	2045	2081	0.00	194	0	0	0	nan	0.00	0.00	3.90	84.27	88.76	0.00	38	0	42	0.00	0.00	64.15	7.45	0.00	0.00	2000
230	11.11	2031	2143	0.00	194	0	0	0	nan	0.00	0.02	4.25	86.53	88.89	0.00	39	0	42	0.00	0.00	64.53	7.39	0.00	0.00	2000
229	11.25	2044	2092	0.00	196	0	0	0	nan	0.00	0.00	3.59	84.95	88.75	0.00	38	0	42	0.00	0.00	64.46	7.28	0.00	0.00	2000
231	11.50	2034	2072	0.00	195	0	0	0	nan	0.00	0.00	4.14	83.28	88.50	0.00	39	0	42	0.00	0.00	65.05	7.41	0.00	0.00	2000
228	11.13	2051	2100	0.00	194	0	0	0	nan	0.00	0.00	4.57	84.45	88.87	0.00	38	0	42	0.00	0.00	64.51	7.48	0.00	0.00	2000
228	11.06	2058	2107	0.00	195	0	0	0	nan	0.00	0.00	4.04	85.31	88.94	0.00	39	0	42	0.00	0.00	64.27	7.48	0.00	0.00	2000
226	10.85	2099	2083	0.00	196	0	0	0	nan	0.00	0.00	4.97	83.59	89.15	0.00	37	0	42	0.00	0.00	62.87	7.40	0.00	0.00	2000
231	10.98	2056	2152	0.00	211	0	0	0	nan	0.00	0.03	4.39	86.88	89.02	0.00	38	0	42	0.00	0.00	65.29	7.73	0.00	0.00	2000
232	11.21	2115	2054	0.00	183	0	0	0	nan	0.00	0.00	4.84	82.05	88.79	0.00	38	0	42	0.00	0.00	63.59	7.51	0.00	0.00	2000
265	11.96	2165	2148	0.00	213	0	0	0	nan	0.00	0.01	4.83	85.19	88.04	0.00	39	0	42	0.00	0.00	66.34	7.50	0.00	0.00	2000
229	11.03	2117	2059	0.00	180	0	0	0	nan	0.00	0.00	3.52	83.85	88.97	0.00	39	0	42	0.00	0.00	63.78	7.46	0.00	0.00	2000
230	11.24	2014	2130	0.41	210	0	0	5	65.37	0.00	0.00	4.35	85.84	88.76	0.00	39	0	42	0.00	0.00	64.44	7.56	0.00	0.00	2000
228	11.48	2002	2082	1.07	178	0	0	3	76.20	0.01	0.00	3.99	83.94	88.52	0.00	39	0	42	0.00	0.00	64.39	7.58	0.00	0.00	2000
232	11.36	2006	2134	0.00	210	0	0	0	nan	0.00	0.00	4.79	85.45	88.64	0.00	39	0	42	0.00	0.00	64.15	7.48	0.00	0.00	2000
228	11.26	2064	2064	0.00	181	0	0	0	nan	0.00	0.01	4.01	83.28	88.74	0.00	39	0	42	0.00	0.00	64.41	7.47	0.00	0.00	2000
230	11.01	2064	2121	0.00	211	0	0	0	nan	0.00	0.00	4.94	85.00	88.99	0.00	39	0	43	0.00	0.00	64.59	7.37	0.00	0.00	2000
228	11.20	2045	2091	0.00	179	0	0	0	nan	0.00	0.00	4.24	84.28	88.80	0.00	39	0	42	0.00	0.00	64.32	7.53	0.00	0.00	2000
231	11.08	2075	2111	0.00	211	0	0	0	nan	0.00	0.00	4.33	84.96	88.92	0.00	39	0	42	0.00	0.00	65.56	7.76	0.00	0.00	2000
228	11.15	2063	2081	0.00	180	0	0	0	nan	0.00	0.02	3.97	84.14	88.85	0.00	39	0	42	0.00	0.00	63.03	7.47	0.00	0.00	2000
232	11.08	2075	2117	0.00	212	0	0	0	nan	0.00	0.00	4.51	85.18	88.92	0.00	39	0	42	0.00	0.00	65.78	7.65	0.00	0.00	2000
229	11.30	2060	2063	0.00	179	0	0	0	nan	0.00	0.01	3.59	83.63	88.70	0.00	39	0	42	0.00	0.00	63.02	7.31	0.00	0.00	2000
229	11.01	2046	2136	0.00	211	0	0	0	nan	0.00	0.00	3.87	86.79	88.99	0.00	39	0	43	0.00	0.00	64.21	7.26	0.00	0.00	2000
228	10.90	2078	2116	0.00	180	0	0	0	nan	0.00	0.01	4.05	85.77	89.10	0.00	39	0	42	0.00	0.00	66.75	7.76	0.00	0.00	2000
230	11.06	2087	2096	0.00	195	0	0	0	nan	0.00	0.00	3.20	85.69	88.94	0.00	39	0	42	0.00	0.00	65.21	7.50	0.00	0.00	2000
226	11.58	2036	2015	0.00	194	0	0	0	nan	0.00	0.00	3.01	81.95	88.42	0.00	39	0	43	0.00	0.00	55.98	6.49	0.00	0.00	2000
232	11.01	2032	2180	0.00	211	0	0	0	nan	0.00	0.00	3.27	89.26	88.99	0.00	39	0	42	0.00	0.00	69.62	8.03	0.00	0.00	2000
229	11.07	2086	2081	0.00	179	0	0	0	nan	0.00	0.00	4.26	83.90	88.93	0.00	39	0	42	0.00	0.00	64.81	7.46	0.00	0.00	2000
230	10.98	2069	2121	0.00	212	0	0	0	nan	0.00	0.00	5.03	84.89	89.02	0.00	39	0	42	0.00	0.00	64.59	7.43	0.00	0.00	2000
228	11.17	2055	2090	0.01	181	0	0	4	72.35	0.00	0.00	4.82	83.72	88.83	0.00	39	0	42	0.00	0.00	64.76	7.36	0.00	0.00	2000
233	11.34	2062	2091	1.37	213	0	0	4	79.77	0.00	0.00	5.16	83.22	88.66	0.00	39	0	42	0.00	0.00	63.98	7.47	0.00	0.00	2000
229	10.84	2119	2093	0.00	179	0	0	0	nan	0.00	0.00	5.12	83.83	89.16	0.00	39	0	42	0.00	0.00	64.73	7.50	0.00	0.00	2000
230	11.13	2048	2119	0.00	211	0	0	0	nan	0.00	0.00	5.21	84.63	88.87	0.00	39	0	42	0.00	0.00	64.39	7.46	0.00	0.00	2000
228	11.18	2035	2102	0.00	179	0	0	0	nan	0.00	0.00	4.49	84.51	88.82	0.00	39	0	42	0.00	0.00	64.17	7.36	0.00	0.00	2000
230	10.75	2154	2088	0.00	211	0	0	0	nan	0.00	0.00	4.65	83.90	89.25	0.00	39	0	42	0.00	0.00	64.93	7.36	0.00	0.00	2000
230	10.94	2107	2096	0.00	179	0	0	0	nan	0.00	0.00	5.20	83.74	89.06	0.00	39	0	42	0.00	0.00	64.72	7.46	0.00	0.00	2000
231	11.45	2083	2036	0.00	214	0	0	0	nan	0.00	0.00	5.46	80.51	88.55	0.00	39	0	42	0.00	0.00	60.08	7.01	0.00	0.00	2000
231	10.98	2017	2187	0.00	195	0	0	0	nan	0.00	0.00	3.39	89.42	89.02	0.00	39	0	42	0.00	0.00	69.48	8.00	0.00	0.00	2000
229	11.08	2069	2102	0.00	212	0	0	0	nan	0.00	0.00	3.67	85.39	88.92	0.00	39	0	42	0.00	0.00	64.34	7.61	0.00	0.00	2000
228	11.21	2036	2095	0.00	179	0	0	0	nan	0.00	0.00	4.29	84.34	88.79	0.00	39	0	42	0.00	0.00	64.56	7.32	0.00	0.00	2000
231	11.06	2102	2088	0.00	213	0	0	0	nan	0.00	0.00	4.88	83.59	88.94	0.00	39	0	42	0.00	0.00	64.80	7.41	0.00	0.00	2000
228	10.90	2087	2107	0.00	178	0	0	0	nan	0.00	0.00	4.52	85.00	89.10	0.00	39	0	42	0.00	0.00	64.24	7.50	0.00	0.00	2000
229	11.35	2011	2104	0.00	211	0	0	0	nan	0.00	0.00	4.35	84.53	88.65	0.00	39	0	42	0.00	0.00	64.29	7.54	0.00	0.00	2000
228	11.26	2045	2082	0.00	178	0	0	0	nan	0.00	0.00	4.54	83.48	88.74	0.00	39	0	42	0.00	0.00	64.31	7.52	0.00	0.00	2000
230	11.26	2019	2124	0.00	213	0	0	0	nan	0.00	0.00	5.77	84.12	88.74	0.00	39	0	42	0.00	0.00	64.17	7.57	0.00	0.00	2000
230	11.29	2062	2074	0.00	180	0	0	0	nan	0.00	0.00	4.63	83.06	88.71	0.00	39	0	42	0.00	0.00	64.32	7.58	0.00	0.00	2000
230	10.95	2077	2119	0.00	211	0	0	3	77.71	0.00	0.00	4.48	85.47	89.05	0.00	39	0	42	0.00	0.00	64.73	7.52	0.00	0.00	2000
230	11.10	2089	2082	1.35	179	0	0	5	77.28	0.00	0.00	4.24	83.89	88.90	0.00	39	0	42	0.00	0.00	64.37	7.49	0.00	0.00	2000
230	11.02	2064	2121	0.00	212	0	0	0	nan	0.00	0.00	5.70	84.24	88.98	0.00	39	0	42	0.00	0.00	64.47	7.50	0.00	0.00	2000
228	10.99	2098	2075	0.00	177	0	0	0	nan	0.00	0.00	4.12	83.83	89.01	0.00	39	0	42	0.00	0.00	64.46	7.59	0.00	0.00	2000
233	11.15	2060	2128	0.00	212	0	0	0	nan	0.00	0.00	5.89	84.27	88.85	0.00	39	0	42	0.00	0.00	64.43	7.53	0.00	0.00	2000
229	11.27	2058	2073	0.00	180	0	0	0	nan	0.00	0.00	4.39	83.26	88.73	0.00	39	0	42	0.00	0.00	64.20	7.50	0.00	0.00	2000
229	11.00	2065	2116	0.00	210	0	0	0	nan	0.00	0.00	5.92	83.88	89.00	0.00	39	0	42	0.00	0.00	64.71	7.48	0.00	0.00	2000
228	11.04	2083	2084	0.00	179	0	0	0	nan	0.00	0.00	4.67	83.67	88.96	0.00	39	0	42	0.00	0.00	64.17	7.25	0.00	0.00	2000
230	11.11	2063	2108	0.00	211	0	0	0	nan	0.00	0.00	5.30	84.00	88.89	0.00	39	0	42	0.00	0.00	64.09	7.62	0.00	0.00	2000
228	11.05	2052	2115	0.00	178	0	0	0	nan	0.00	0.00	5.02	84.65	88.95	0.00	39	0	42	0.00	0.00	64.54	7.40	0.00	0.00	2000
230	11.30	2039	2099	0.00	199	0	0	0	nan	0.00	0.00	3.63	85.10	88.70	0.00	39	0	42	0.00	0.00	64.08	7.36	0.00	0.00	2000
230	11.13	2065	2098	0.00	195	0	0	0	nan	0.00	0.00	4.79	84.13	88.87	0.00	39	0	42	0.00	0.00	64.21	7.60	0.00	0.00	2000
234	11.37	2052	2104	0.00	213	0	0	0	nan	0.00	0.00	5.10	83.80	88.63	0.00	39	0	42	0.00	0.00	64.47	7.31	0.00	0.00	2000
229	10.95	2107	2083	0.00	179	0	0	0	nan	0.00	0.00	4.24	84.16	89.05	0.00	39	0	42	0.00	0.00	64.81	7.47	0.00	0.00	2000
230	11.20	2043	2114	0.00	213	0	0	0	nan	0.00	0.00	5.01	84.52	88.80	0.00	39	0	42	0.00	0.00	64.12	7.48	0.00	0.00	2000
230	11.52	2014	2083	0.00	179	0	0	0	nan	0.00	0.00	5.12	82.70	88.48	0.00	39	0	42	0.00	0.00	64.39	7.36	0.00	0.00	2000
230	10.88	2090	2122	0.00	212	0	0	0	nan	0.00	0.00	4.67	85.34	89.12	0.00	39	0	42	0.00	0.00	64.81	7.43	0.00	0.00	2000
230	11.16	2083	2076	0.00	179	0	0	1	80.42	0.00	0.00	4.18	83.64	88.84	0.00	39	0	42	0.00	0.00	61.88	6.99	0.00	0.00	2000
231	11.09	2057	2125	1.40	211	0	0	7	75.04	0.00	0.00	4.87	85.20	88.91	0.00	39	0	42	0.00	0.00	66.96	7.92	0.00	0.00	2000
228	11.06	2070	2092	0.00	179	0	0	0	nan	0.00	0.00	4.56	84.05	88.94	0.00	39	0	42	0.00	0.00	64.57	7.50	0.00	0.00	2000
231	11.18	2080	2088	0.00	213	0	0	0	nan	0.00	0.00	4.46	83.96	88.82	0.00	39	0	42	0.00	0.00	62.31	7.07	0.00	0.00	2000
229	10.88	2090	2114	0.00	180	0	0	0	nan	0.00	0.00	6.00	83.81	89.12	0.00	39	0	42	0.00	0.00	66.77	7.75	0.00	0.00	2000
229	11.12	2062	2100	0.00	212	0	0	0	nan	0.00	0.00	3.90	85.02	88.88	0.00	39	0	42	0.00	0.00	62.06	7.11	0.00	0.00	2000
229	10.86	2110	2100	0.00	180	0	0	0	nan	0.00	0.00	5.20	83.93	89.14	0.00	39	0	42	0.00	0.00	64.54	7.43	0.00	0.00	2000
231	11.39	2028	2103	0.00	219	0	0	0	nan	0.00	0.00	6.22	82.69	88.61	0.00	39	0	42	0.00	0.00	63.94	7.49	0.00	0.00	2000
231	10.97	2097	2112	0.00	178	0	0	0	nan	0.00	0.00	4.06	85.51	89.03	0.00	39	0	42	0.00	0.00	66.76	7.51	0.00	0.00	2000
229	11.19	2100	2051	0.00	196	0	0	0	nan	0.00	0.01	3.36	83.53	88.81	0.00	39	0	42	0.00	0.00	59.97	6.80	0.00	0.00	2000
228	10.90	2077	2118	0.00	197	0	0	0	nan	0.00	0.00	4.04	85.74	89.10	0.00	39	0	42	0.00	0.00	67.02	7.70	0.00	0.00	2000
230	10.90	2106	2104	0.00	212	0	0	0	nan	0.00	0.00	4.74	84.44	89.10	0.00	39	0	42	0.00	0.00	64.38	7.47	0.00	0.00	2000
228	11.13	2052	2094	0.00	179	0	0	0	nan	0.00	0.00	5.23	83.46	88.87	0.00	39	0	42	0.00	0.00	61.80	7.15	0.00	0.00	2000
229	10.89	2094	2105	0.00	211	0	0	0	nan	0.00	0.00	5.10	84.32	89.11	0.00	39	0	42	0.00	0.00	64.64	7.37	0.00	0.00	2000
230	11.11	2057	2114	0.00	180	0	0	0	nan	0.00	0.00	5.23	84.31	88.89	0.00	39	0	42	0.00	0.00	67.39	7.64	0.00	0.00	2000
230	11.12	2067	2099	0.00	213	0	0	0	nan	0.00	0.00	4.01	84.97	88.88	0.00	39	0	42	0.00	0.00	63.88	7.42	0.00	0.00	2000
229	11.12	2080	2081	0.00	178	0	0	0	nan	0.00	0.00	4.63	83.46	88.88	0.00	39	0	42	0.00	0.00	61.78	7.12	0.00	0.00	2000
230	11.21	2041	2109	0.00	211	0	0	0	nan	0.00	0.00	5.03	84.24	88.79	0.00	39	0	42	0.00	0.00	64.49	7.51	0.00	0.00	2000
230	11.24	2048	2097	1.25	178	0	0	6	73.53	0.00	0.00	5.79	82.91	88.76	0.00	39	0	42	0.00	0.00	64.72	7.48	0.00	0.00	2000
231	10.90	2094	2124	0.21	213	0	0	0	nan	0.00	0.06	4.78	85.38	89.10	0.00	39	0	42	0.00	0.00	67.61	7.74	0.00	0.00	2000
228	11.28	2031	2086	0.00	178	0	0	0	nan	0.00	0.02	3.87	84.41	88.72	0.00	39	0	42	0.00	0.00	64.21	7.54	0.00	0.00	2000
229	11.40	2020	2088	0.00	211	0	0	0	nan	0.00	0.00	4.21	83.91	88.60	0.00	39	0	42	0.00	0.00	61.26	6.98	0.00	0.00	2000
228	11.13	2036	2112	0.00	178	0	0	0	nan	0.00	0.00	5.56	83.88	88.87	0.00	39	0	42	0.00	0.00	67.52	7.47	0.00	0.00	2000
230	11.12	2082	2089	0.00	211	0	0	0	nan	0.00	0.00	4.43	84.04	88.88	0.00	39	0	42	0.00	0.00	61.35	7.54	0.00	0.00	2000
231	11.11	2086	2094	0.00	180	0	0	0	nan	0.00	0.00	5.97	82.59	88.89	0.00	39	0	42	0.00	0.00	64.83	7.33	0.00	0.00	2000
229	11.11	2058	2107	0.00	210	0	0	0	nan	0.00	0.00	5.18	84.07	88.89	0.00	39	0	42	0.00	0.00	64.77	7.60	0.00	0.00	2000
228	11.03	2053	2113	0.00	178	0	0	0	nan	0.00	0.00	5.61	84.01	88.97	0.00	39	0	42	0.00	0.00	67.22	7.91	0.00	0.00	2000
231	11.11	2092	2087	0.00	213	0	0	0	nan	0.00	0.03	5.11	83.26	88.89	0.00	39	0	42	0.00	0.00	61.30	7.02	0.00	0.00	2000
228	10.99	2070	2110	0.00	181	0	0	0	nan	0.00	0.00	5.81	83.72	89.01	0.00	39	0	42	0.00	0.00	64.61	7.22	0.00	0.00	2000
232	11.32	2062	2088	0.00	213	0	0	0	nan	0.00	0.02	3.98	84.29	88.68	0.00	39	0	42	0.00	0.00	64.57	7.41	0.00	0.00	2000
228	11.00	2068	2109	0.00	178	0	0	0	nan	0.00	0.00	5.42	84.00	89.00	0.00	39	0	42	0.00	0.00	65.28	7.34	0.00	0.00	2000
229	11.19	2057	2094	0.00	212	0	0	0	nan	0.00	0.00	4.74	83.91	88.81	0.00	39	0	42	0.00	0.00	64.26	7.42	0.00	0.00	2000
228	11.45	1989	2101	0.00	178	0	0	0	nan	0.00	0.00	5.73	83.08	88.55	0.00	39	0	42	0.00	0.00	64.24	7.38	0.00	0.00	2000
229	11.01	2084	2099	0.00	212	0	0	0	nan	0.00	0.00	4.67	84.35	88.99	0.00	39	0	42	0.00	0.00	64.77	7.39	0.00	0.00	2000
227	11.49	2036	2039	0.00	179	0	0	0	nan	0.00	0.00	5.29	80.80	88.51	0.00	39	0	42	0.00	0.00	62.00	7.12	0.00	0.00	2000
232	11.03	2034	2172	1.09	230	0	0	6	73.07	0.00	0.00	2.97	89.25	88.97	0.00	39	0	42	0.00	0.00	66.73	7.62	0.00	0.00	2000
228	11.05	2065	2100	0.38	179	0	0	0	nan	0.00	0.00	4.73	84.36	88.95	0.00	39	0	42	0.00	0.00	63.76	7.40	0.00	0.00	2000
228	11.11	2057	2097	0.00	211	0	0	0	nan	0.00	0.00	4.27	84.60	88.89	0.00	39	0	42	0.00	0.00	65.15	7.45	0.00	0.00	2000
229	10.90	2088	2114	0.00	178	0	0	0	nan	0.00	0.02	4.87	84.82	89.10	0.00	39	0	42	0.00	0.00	65.89	8.02	0.00	0.00	2000
230	11.19	2091	2068	0.00	196	0	0	0	nan	0.00	0.02	3.87	83.68	88.81	0.00	39	0	42	0.00	0.00	62.60	7.17	0.00	0.00	2000
230	10.74	2114	2126	0.00	196	0	0	0	nan	0.00	0.00	4.68	85.69	89.26	0.00	39	0	42	0.00	0.00	64.51	7.35	0.00	0.00	2000
231	11.32	2029	2108	0.00	211	0	0	0	nan	0.00	0.00	4.29	84.85	88.68	0.00	39	0	42	0.00	0.00	64.09	7.51	0.00	0.00	2000
228	11.06	2077	2089	0.00	179	0	0	0	nan	0.00	0.00	4.11	84.45	88.94	0.00	39	0	42	0.00	0.00	65.03	7.47	0.00	0.00	2000
228	11.12	2051	2101	0.00	196	0	0	0	nan	0.00	0.03	3.57	85.43	88.88	0.00	39	0	42	0.00	0.00	63.99	7.42	0.00	0.00	2000
231	11.31	2022	2117	0.00	195	0	0	0	nan	0.00	0.00	4.10	85.42	88.69	0.00	39	0	42	0.00	0.00	64.21	7.74	0.00	0.00	2000
230	11.18	2066	2090	0.00	212	0	0	0	nan	0.00	0.00	3.90	84.68	88.82	0.00	39	0	42	0.00	0.00	64.50	7.50	0.00	0.00	2000
230	10.88	2108	2109	0.00	178	0	0	0	nan	0.00	0.00	4.63	84.79	89.12	0.00	39	0	42	0.00	0.00	66.98	7.61	0.00	0.00	2000
230	11.38	2063	2056	0.00	196	0	0	0	nan	0.00	0.00	3.60	83.21	88.62	0.00	39	0	42	0.00	0.00	62.27	7.38	0.00	0.00	2000
231	11.04	2057	2135	0.00	196	0	0	0	nan	0.00	0.03	5.00	85.58	88.96	0.00	39	0	42	0.00	0.00	64.41	7.54	0.00	0.00	2000
230	11.05	2078	2099	0.00	212	0	0	0	nan	0.00	0.00	4.49	84.52	88.95	0.00	39	0	42	0.00	0.00	64.24	7.30	0.00	0.00	2000
230	11.28	2046	2096	0.00	179	0	0	0	nan	0.00	0.02	4.61	84.05	88.72	0.00	39	0	42	0.00	0.00	64.30	7.35	0.00	0.00	2000
231	11.39	2028	2101	0.00	212	0	0	0	nan	0.00	0.00	4.51	84.25	88.61	0.00	39	0	42	0.00	0.00	64.72	7.44	0.00	0.00	2000
229	10.93	2095	2101	0.75	179	0	0	6	75.53	0.01	0.00	5.37	83.77	89.07	0.00	39	0	42	0.00	0.00	61.52	7.35	0.00	0.00	2000
230	11.20	2050	2105	0.72	212	0	0	0	89.21	0.00	0.00	3.79	85.28	88.80	0.00	39	0	42	0.00	0.00	67.73	7.34	0.00	0.00	2000
228	11.29	2034	2089	0.00	179	0	0	0	nan	0.00	0.00	4.23	84.12	88.71	0.00	39	0	42	0.00	0.00	64.18	7.45	0.00	0.00	2000
230	11.40	2015	2107	0.00	212	0	0	0	nan	0.00	0.00	5.24	83.71	88.60	0.00	39	0	42	0.00	0.00	65.10	7.49	0.00	0.00	2000
234	11.11	2125	2079	0.00	181	0	0	0	nan	0.00	0.00	5.71	82.33	88.89	0.00	39	0	42	0.00	0.00	64.38	7.44	0.00	0.00	2000
229	11.16	2029	2128	0.00	210	0	0	0	nan	0.00	0.00	4.66	85.51	88.84	0.00	39	0	42	0.00	0.00	64.14	7.31	0.00	0.00	2000
228	11.16	2071	2072	0.00	178	0	0	0	nan	0.00	0.00	4.57	83.18	88.84	0.00	39	0	42	0.00	0.00	64.33	7.46	0.00	0.00	2000
230	11.05	2057	2124	0.00	211	0	0	0	nan	0.00	0.00	4.84	85.24	88.95	0.00	39	0	42	0.00	0.00	64.22	7.49	0.00	0.00	2000
230	11.12	2065	2108	0.00	180	0	0	0	nan	0.00	0.00	5.73	83.54	88.88	0.00	39	0	42	0.00	0.00	65.91	7.51	0.00	0.00	2000
230	10.96	2147	2050	0.00	194	0	0	0	nan	0.00	0.00	3.58	83.41	89.04	0.00	39	0	42	0.00	0.00	62.85	7.06	0.00	0.00	2000
229	10.93	2072	2121	0.00	194	0	0	0	nan	0.00	0.00	3.70	86.28	89.07	0.00	39	0	42	0.00	0.00	64.22	7.31	0.00	0.00	2000
230	10.92	2080	2125	0.00	210	0	0	0	nan	0.00	0.00	4.81	85.36	89.08	0.00	39	0	42	0.00	0.00	64.64	7.39	0.00	0.00	2000
228	10.86	2128	2075	0.00	179	0	0	0	nan	0.01	0.00	4.78	83.19	89.14	0.00	39	0	42	0.00	0.00	64.42	7.38	0.00	0.00	2000
231	11.72	2047	2020	0.00	213	0	0	0	nan	0.00	0.00	5.45	79.57	88.28	0.00	38	0	42	0.00	0.00	60.74	7.06	0.00	0.00	2000
231	11.00	2014	2191	0.00	196	0	0	0	nan	0.00	0.00	2.37	90.61	89.00	0.00	38	0	42	0.00	0.00	67.56	7.76	0.00	0.00	2000
228	11.12	2061	2092	0.00	194	0	0	0	nan	0.00	0.00	3.18	85.40	88.88	0.00	39	0	42	0.00	0.00	63.65	7.25	0.00	0.00	2000
233	11.06	2071	2133	0.00	205	0	0	0	nan	0.00	0.00	5.30	85.04	88.94	0.00	39	0	42	0.00	0.00	69.07	8.17	0.00	0.00	2000
228	11.01	2121	2051	0.31	196	0	0	3	87.56	0.00	0.00	3.78	83.17	88.99	0.00	40	0	42	0.00	0.00	61.25	7.27	0.00	0.00	2000
228	10.94	2084	2103	0.46	195	0	0	2	93.62	0.00	0.02	3.51	85.81	89.06	0.00	39	0	42	0.00	0.00	64.59	7.36	0.00	0.00	2000
229	10.94	2062	2130	0.00	195	0	0	0	nan	0.00	0.02	3.38	87.06	89.06	0.00	40	0	42	0.00	0.00	66.99	7.72	0.00	0.00	2000
229	10.93	2075	2123	0.00	195	0	0	0	nan	0.00	0.00	3.54	86.55	89.07	0.00	39	0	42	0.00	0.00	63.43	7.60	0.00	0.00	2000
230	11.06	2078	2099	0.00	196	0	0	0	nan	0.00	0.03	3.29	85.66	88.94	0.00	39	0	42	0.00	0.00	65.75	8.05	0.00	0.00	2000
228	11.07	2057	2103	0.00	196	0	0	0	nan	0.00	0.00	3.50	85.63	88.93	0.00	39	0	43	0.00	0.00	63.93	7.81	0.00	0.00	2000
234	11.10	2116	2094	0.00	197	0	0	0	nan	0.00	0.00	3.31	85.44	88.90	0.00	39	0	42	0.00	0.00	66.93	8.76	0.00	0.00	2000
231	11.02	2108	2085	0.00	180	0	0	0	nan	0.00	0.00	2.68	85.68	88.98	0.00	39	0	42	0.00	0.00	62.20	7.53	0.00	0.00	2000
232	11.32	2075	2075	0.00	195	0	0	0	nan	0.00	0.00	3.75	83.91	88.68	0.00	39	0	42	0.00	0.00	64.90	7.41	0.00	0.00	2000
212	10.55	1995	2119	0.00	217	0	0	0	nan	0.00	0.02	3.62	86.75	89.45	0.00	38	0	42	0.00	0.00	66.23	7.81	0.00	0.00	2000
135	8.80	1523	2121	0.00	236	0	0	0	nan	0.00	0.01	9.69	82.53	91.20	0.00	37	0	42	0.00	0.00	59.37	7.39	0.00	0.00	2000
76	6.92	1107	2097	0.00	194	0	0	0	nan	0.00	0.01	3.92	88.95	93.08	0.00	37	0	42	0.00	0.00	58.52	7.44	0.00	0.00	2000
84	7.09	1177	2104	0.00	145	0	0	0	nan	0.00	0.00	5.87	87.25	92.91	0.00	37	0	42	0.00	0.00	59.85	7.61	0.00	0.00	2000
