Avg_MHz	Busy%	Bzy_MHz	TSC_MHz	IPC	IRQ	NMI	SMI	LLCMRPS	LLC%hit	POLL%	C1%	C1E%	C6%	CPU%c1	CPU%c6	CoreTmp	CoreThr	PkgTmp	Pkg%pc2	Pkg%pc6	PkgWatt	RAMWatt	PKG_%	RAM_%	UncMHz
330	16.63	1943	2146	0.00	225	0	0	0	nan	0.01	0.67	31.22	53.41	83.37	0.00	37	0	42	0.00	0.00	68.56	8.12	0.00	0.00	2000
270	14.08	1918	2100	0.00	205	0	0	0	nan	0.04	1.66	17.20	67.36	85.92	0.00	37	0	42	0.00	0.00	62.27	7.32	0.00	0.00	2000
75	6.90	1084	2099	0.00	210	0	0	0	nan	0.00	0.04	3.27	89.85	93.10	0.00	37	0	43	0.00	0.00	61.69	7.78	0.00	0.00	2000
72	6.74	1072	2101	0.00	193	0	0	0	nan	0.00	0.02	2.33	91.05	93.26	0.00	37	0	43	0.00	0.00	56.73	7.16	0.00	0.00	2000
74	6.66	1098	2112	0.00	193	0	0	0	nan	0.00	0.01	2.42	91.50	93.34	0.00	37	0	43	0.00	0.00	57.96	7.46	0.00	0.00	2000
72	6.54	1089	2120	0.00	209	0	0	0	nan	0.00	0.00	3.36	90.90	93.46	0.00	37	0	43	0.00	0.00	59.99	7.94	0.00	0.00	2000
73	6.41	1136	2099	0.00	194	0	0	0	nan	0.00	0.01	4.19	89.31	93.59	0.00	37	0	42	0.00	0.00	61.23	7.36	0.00	0.00	2000
72	6.90	1045	2100	0.00	194	0	0	0	nan	0.00	0.00	3.55	89.76	93.10	0.00	37	0	43	0.00	0.00	58.59	7.32	0.00	0.00	2000
74	6.21	1193	2106	0.00	194	0	0	0	nan	0.00	0.00	3.14	90.88	93.79	0.00	37	0	43	0.00	0.00	57.80	7.42	0.00	0.00	2000
73	6.39	1145	2089	0.00	193	0	0	0	nan	0.00	0.00	3.07	89.92	93.61	0.00	37	0	43	0.00	0.00	59.55	7.56	0.00	0.00	2000
73	6.46	1125	2105	0.00	194	0	0	0	nan	0.00	0.00	3.34	90.41	93.54	0.00	37	0	43	0.00	0.00	58.66	7.38	0.00	0.00	2000
73	6.46	1126	2098	0.00	194	0	0	0	nan	0.00	0.00	3.29	90.19	93.54	0.00	37	0	43	0.00	0.00	59.22	7.62	0.00	0.00	2000
71	6.40	1128	2074	0.00	193	0	0	0	nan	0.00	0.02	3.01	89.39	93.60	0.00	37	0	43	0.00	0.00	57.47	7.29	0.00	0.00	2000
73	6.99	1046	2103	0.00	196	0	0	0	nan	0.00	0.00	5.18	88.03	93.01	0.00	37	0	42	0.00	0.00	59.08	7.50	0.00	0.00	2000
72	6.69	1076	2110	0.00	194	0	0	0	nan	0.00	0.00	3.93	89.96	93.31	0.00	37	0	42	0.00	0.00	60.95	7.81	0.00	0.00	2000
72	6.45	1106	2111	0.00	193	0	0	1	87.99	0.00	0.01	3.36	90.50	93.55	0.00	37	0	43	0.00	0.00	59.29	7.50	0.00	0.00	2000
74	6.40	1149	2105	0.29	193	0	0	2	86.65	0.01	0.00	2.67	91.09	93.60	0.00	37	0	43	0.00	0.00	59.00	7.59	0.00	0.00	2000
71	6.87	1044	2072	0.00	193	0	0	0	nan	0.00	0.00	3.59	88.43	93.13	0.00	37	0	43	0.00	0.00	56.03	7.20	0.00	0.00	2000
221	11.16	1954	2127	0.00	216	0	0	0	nan	0.00	0.00	5.25	84.93	88.84	0.00	40	0	43	0.00	0.00	65.36	7.76	0.00	0.00	2000
227	11.30	2018	2095	0.00	212	0	0	0	nan	0.00	0.01	3.28	85.38	88.70	0.00	40	0	43	0.00	0.00	66.42	7.78	0.00	0.00	2000
230	11.14	2066	2098	0.00	200	0	0	0	nan	0.00	0.02	2.80	86.03	88.86	0.00	40	0	42	0.00	0.00	66.28	7.64	0.00	0.00	2000
230	11.37	2018	2106	0.00	200	0	0	0	nan	0.00	0.00	2.45	86.54	88.63	0.00	40	0	43	0.00	0.00	66.10	7.59	0.00	0.00	2000
233	11.88	2013	2045	0.00	197	0	0	0	nan	0.00	0.00	5.67	80.31	88.12	0.00	38	0	42	0.00	0.00	62.54	7.44	0.00	0.00	2000
236	11.12	2064	2162	0.00	217	0	0	0	nan	0.00	0.00	5.11	86.57	88.88	0.00	38	0	43	0.00	0.00	70.51	8.13	0.00	0.00	2000
229	11.47	2014	2085	0.00	198	0	0	0	nan	0.00	0.05	6.76	81.29	88.53	0.00	38	0	42	0.00	0.00	65.68	7.65	0.00	0.00	2000
232	11.27	2052	2103	0.00	194	0	0	0	nan	0.00	0.00	4.74	84.15	88.73	0.00	38	0	42	0.00	0.00	66.42	7.82	0.00	0.00	2000
229	11.24	2042	2094	0.00	200	0	0	0	nan	0.00	0.00	4.86	83.85	88.76	0.00	39	0	42	0.00	0.00	63.84	7.47	0.00	0.00	2000
228	10.98	2090	2084	0.00	196	0	0	0	nan	0.00	0.00	5.12	83.38	89.02	0.00	39	0	42	0.00	0.00	62.20	7.28	0.00	0.00	2000
238	11.33	2067	2132	0.00	198	0	0	0	nan	0.00	0.02	6.31	83.90	88.67	0.00	40	0	43	0.00	0.00	70.06	8.17	0.00	0.00	2000
230	11.02	2090	2098	0.00	200	0	0	0	nan	0.00	0.01	5.64	83.35	88.98	0.00	39	0	43	0.00	0.00	65.21	7.69	0.00	0.00	2000
238	11.12	2144	2093	0.00	199	0	0	0	nan	0.00	0.00	6.74	81.87	88.88	0.00	39	0	43	0.00	0.00	65.27	7.23	0.00	0.00	2000
228	11.52	1979	2104	0.00	200	0	0	0	nan	0.00	0.00	7.05	81.81	88.48	0.00	40	0	43	0.00	0.00	64.80	7.71	0.00	0.00	2000
231	11.37	2027	2103	0.00	197	0	0	0	90.74	0.00	0.96	6.05	81.93	88.63	0.00	40	0	43	0.00	0.00	65.40	7.56	0.00	0.00	2000
224	11.30	2015	2067	0.46	201	0	0	16	55.48	0.00	0.00	6.91	80.60	88.70	0.00	39	0	42	0.00	0.00	59.82	7.13	0.00	0.00	2000
233	11.14	2071	2117	0.00	233	0	0	0	nan	0.00	0.02	6.17	83.50	88.86	0.00	40	0	42	0.00	0.00	68.96	7.89	0.00	0.00	2000
242	11.47	2095	2117	0.00	203	0	0	0	nan	0.00	0.01	6.99	82.40	88.53	0.00	38	0	42	0.00	0.00	69.23	8.06	0.00	0.00	2000
230	11.47	2048	2057	0.00	201	0	0	0	nan	0.00	0.00	5.12	81.72	88.53	0.00	38	0	43	0.00	0.00	62.61	7.71	0.00	0.00	2000
231	10.88	2107	2118	0.00	211	0	0	0	nan	0.00	0.00	7.06	82.94	89.12	0.00	38	0	43	0.00	0.00	65.52	7.99	0.00	0.00	2000
238	11.22	2099	2122	0.00	204	0	0	0	nan	0.00	0.03	5.17	84.60	88.78	0.00	38	0	43	0.00	0.00	69.08	8.22	0.00	0.00	2000
232	11.32	2044	2105	0.00	197	0	0	0	nan	0.00	0.02	4.22	84.75	88.68	0.00	39	0	42	0.00	0.00	65.43	7.79	0.00	0.00	2000
231	11.46	2016	2103	0.00	195	0	0	0	nan	0.00	0.06	2.66	86.19	88.54	0.00	39	0	42	0.00	0.00	64.94	7.84	0.00	0.00	2000
232	11.15	2069	2107	0.00	198	0	0	0	nan	0.00	0.00	2.67	86.56	88.85	0.00	39	0	42	0.00	0.00	66.02	7.88	0.00	0.00	2000
235	10.93	2151	2101	0.00	195	0	0	0	nan	0.00	0.03	2.96	86.20	89.07	0.00	39	0	42	0.00	0.00	66.45	8.07	0.00	0.00	2000
224	11.45	2035	2017	0.00	202	0	0	0	nan	0.00	0.00	5.72	79.43	88.55	0.00	39	0	43	0.00	0.00	63.48	7.48	0.00	0.00	2000
228	11.21	2038	2092	0.00	213	0	0	0	nan	0.00	0.00	4.53	84.05	88.79	0.00	39	0	43	0.00	0.00	65.93	7.53	0.00	0.00	2000
232	10.79	2067	2186	0.00	213	0	0	0	nan	0.00	0.00	4.71	88.20	89.21	0.00	40	0	43	0.00	0.00	67.27	7.82	0.00	0.00	2000
232	11.03	2094	2112	0.00	197	0	0	0	nan	0.00	0.00	4.03	85.47	88.97	0.00	39	0	43	0.00	0.00	66.12	7.68	0.00	0.00	2000
225	11.03	2100	2040	0.00	201	0	0	0	nan	0.00	0.02	5.77	80.72	88.97	0.00	39	0	43	0.00	0.00	65.84	7.76	0.00	0.00	2000
232	11.21	2046	2122	0.00	199	0	0	0	nan	0.00	0.03	3.86	85.99	88.79	0.00	39	0	43	0.00	0.00	64.00	7.55	0.00	0.00	2000
230	10.74	2127	2110	0.00	212	0	0	2	91.29	0.00	0.00	6.74	82.96	89.26	0.00	39	0	43	0.00	0.00	65.25	7.47	0.00	0.00	2000
227	10.63	2147	2092	0.67	197	0	0	4	93.61	0.00	0.00	6.59	82.53	89.37	0.00	39	0	42	0.00	0.00	64.40	7.44	0.00	0.00	2000
234	11.09	2081	2134	0.00	198	0	0	0	nan	0.00	0.00	6.49	83.89	88.91	0.00	39	0	43	0.00	0.00	65.91	7.67	0.00	0.00	2000
229	10.94	2103	2086	0.00	200	0	0	0	nan	0.00	0.02	6.19	82.37	89.06	0.00	39	0	43	0.00	0.00	64.67	7.55	0.00	0.00	2000
229	11.14	2061	2096	0.00	198	0	0	0	nan	0.00	0.49	5.83	82.51	88.86	0.00	40	0	43	0.00	0.00	64.91	7.59	0.00	0.00	2000
230	10.86	2112	2104	0.00	198	0	0	0	nan	0.00	0.52	6.80	82.06	89.14	0.00	40	0	43	0.00	0.00	64.94	7.39	0.00	0.00	2000
225	10.76	2113	2080	0.00	199	0	0	0	nan	0.00	0.00	6.22	82.28	89.24	0.00	40	0	43	0.00	0.00	65.28	7.61	0.00	0.00	2000
234	11.49	2012	2121	0.00	198	0	0	0	nan	0.00	0.00	5.78	83.78	88.51	0.00	39	0	43	0.00	0.00	65.33	7.57	0.00	0.00	2000
230	10.85	2113	2105	0.00	199	0	0	0	nan	0.00	0.00	6.22	83.25	89.15	0.00	40	0	43	0.00	0.00	66.69	7.71	0.00	0.00	2000
226	11.14	2036	2092	0.00	197	0	0	0	nan	0.00	0.00	6.85	81.79	88.86	0.00	39	0	43	0.00	0.00	63.76	7.16	0.00	0.00	2000
245	11.85	2072	2096	0.00	200	0	0	0	nan	0.00	0.02	6.39	81.72	88.15	0.00	40	0	43	0.00	0.00	65.80	7.88	0.00	0.00	2000
234	10.80	2143	2121	0.00	196	0	0	0	nan	0.00	0.00	5.20	85.00	89.20	0.00	39	0	43	0.00	0.00	67.12	7.80	0.00	0.00	2000
227	11.07	2092	2063	0.00	197	0	0	0	nan	0.00	0.00	7.06	80.37	88.93	0.00	40	0	42	0.00	0.00	63.80	7.46	0.00	0.00	2000
232	11.12	2065	2121	0.00	202	0	0	0	nan	0.00	0.04	5.71	84.12	88.88	0.00	40	0	43	0.00	0.00	65.14	7.58	0.00	0.00	2000
231	11.16	2063	2103	0.00	199	0	0	0	nan	0.00	0.00	6.65	82.39	88.84	0.00	40	0	43	0.00	0.00	65.80	7.59	0.00	0.00	2000
227	10.76	2143	2068	0.00	198	0	0	0	nan	0.00	0.00	6.10	81.86	89.24	0.00	40	0	43	0.00	0.00	63.89	7.31	0.00	0.00	2000
228	11.34	2047	2066	0.00	201	0	0	0	nan	0.00	0.00	4.97	82.37	88.66	0.00	40	0	43	0.00	0.00	65.70	7.65	0.00	0.00	2000
236	11.31	2052	2132	0.00	213	0	0	2	84.79	0.00	0.00	5.32	84.80	88.69	0.00	40	0	43	0.00	0.00	66.73	7.73	0.00	0.00	2000
227	10.83	2088	2112	1.06	216	0	0	2	89.30	0.00	2.53	7.31	80.02	89.17	0.00	40	0	43	0.00	0.00	64.85	7.35	0.00	0.00	2000
231	11.17	2050	2121	0.00	197	0	0	0	nan	0.00	0.00	7.52	82.19	88.83	0.00	40	0	43	0.00	0.00	65.61	7.66	0.00	0.00	2000
225	11.66	1991	2033	0.00	199	0	0	0	nan	0.00	0.00	3.98	81.64	88.34	0.00	40	0	42	0.00	0.00	62.27	7.32	0.00	0.00	2000
229	11.36	2012	2101	0.00	215	0	0	0	nan	0.00	0.00	3.69	85.06	88.64	0.00	40	0	42	0.00	0.00	64.98	7.47	0.00	0.00	2000
226	11.00	2055	2103	0.00	216	0	0	0	nan	0.00	0.00	5.11	84.16	89.00	0.00	40	0	43	0.00	0.00	65.77	7.50	0.00	0.00	2000
233	10.92	2066	2172	0.00	213	0	0	0	nan	0.00	0.03	4.14	88.10	89.08	0.00	40	0	43	0.00	0.00	68.67	7.88	0.00	0.00	2000
225	10.87	2097	2075	0.00	201	0	0	0	nan	0.00	0.00	5.24	82.87	89.13	0.00	40	0	43	0.00	0.00	65.27	7.49	0.00	0.00	2000
231	10.87	2100	2126	0.00	199	0	0	0	nan	0.00	0.00	4.65	85.71	89.13	0.00	40	0	43	0.00	0.00	65.68	7.51	0.00	0.00	2000
237	11.68	2030	2099	0.00	215	0	0	0	nan	0.00	0.00	7.86	80.53	88.32	0.00	40	0	43	0.00	0.00	65.63	7.52	0.00	0.00	2000
229	11.07	2073	2099	0.00	198	0	0	0	nan	0.00	0.02	5.63	83.37	88.93	0.00	40	0	43	0.00	0.00	65.38	7.48	0.00	0.00	2000
226	11.18	2024	2099	0.00	198	0	0	0	nan	0.00	0.00	5.36	83.52	88.82	0.00	40	0	43	0.00	0.00	65.84	7.48	0.00	0.00	2000
232	11.13	2068	2116	0.00	198	0	0	0	nan	0.00	0.00	5.41	84.25	88.87	0.00	41	0	43	0.00	0.00	66.13	7.68	0.00	0.00	2000
226	11.10	2066	2067	0.00	197	0	0	0	nan	0.00	0.00	5.36	82.24	88.90	0.00	40	0	42	0.00	0.00	65.32	7.42	0.00	0.00	2000
233	11.04	2095	2115	0.00	200	0	0	0	nan	0.00	0.00	6.83	82.89	88.96	0.00	40	0	43	0.00	0.00	65.79	7.94	0.00	0.00	2000
229	11.01	2082	2098	0.00	197	0	0	0	nan	0.00	0.00	6.78	82.20	88.99	0.00	40	0	43	0.00	0.00	65.74	7.46	0.00	0.00	2000
223	11.41	2015	2041	0.00	197	0	0	0	nan	0.00	0.00	5.71	80.50	88.59	0.00	40	0	43	0.00	0.00	62.11	7.01	0.00	0.00	2000
226	11.03	2044	2101	0.37	214	0	0	1	85.63	0.00	0.00	4.09	84.93	88.97	0.00	40	0	43	0.00	0.00	65.37	7.67	0.00	0.00	2000
235	11.17	2078	2126	0.58	217	0	0	1	90.99	0.01	0.00	4.05	85.95	88.83	0.00	40	0	43	0.00	0.00	66.51	7.64	0.00	0.00	2000
226	10.83	2070	2121	0.00	212	0	0	0	nan	0.00	0.02	4.81	85.38	89.17	0.00	40	0	43	0.00	0.00	67.74	7.57	0.00	0.00	2000
229	10.70	2120	2122	0.00	197	0	0	0	nan	0.00	0.00	5.07	85.19	89.30	0.00	40	0	42	0.00	0.00	65.67	7.65	0.00	0.00	2000
227	10.87	2088	2101	0.00	198	0	0	0	nan	0.00	0.03	4.37	84.88	89.13	0.00	40	0	43	0.00	0.00	65.56	7.53	0.00	0.00	2000
228	11.25	2016	2109	0.00	197	0	0	0	nan	0.01	0.00	5.90	83.42	88.75	0.00	40	0	43	0.00	0.00	65.22	7.63	0.00	0.00	2000
232	10.99	2112	2101	0.00	201	0	0	0	nan	0.00	0.03	3.62	85.43	89.01	0.00	40	0	43	0.00	0.00	65.75	7.46	0.00	0.00	2000
228	11.06	2069	2091	0.00	198	0	0	0	nan	0.00	0.00	6.79	81.86	88.94	0.00	40	0	43	0.00	0.00	65.25	7.63	0.00	0.00	2000
225	11.02	2068	2072	0.00	196	0	0	0	nan	0.00	0.00	7.04	80.88	88.98	0.00	40	0	42	0.00	0.00	64.12	7.54	0.00	0.00	2000
231	11.25	2031	2127	0.00	197	0	0	0	nan	0.00	0.00	5.01	84.94	88.75	0.00	40	0	42	0.00	0.00	65.91	7.53	0.00	0.00	2000
230	11.14	2071	2097	0.00	199	0	0	0	nan	0.00	0.02	5.72	83.04	88.86	0.00	40	0	42	0.00	0.00	63.40	7.59	0.00	0.00	2000
231	11.30	2036	2108	0.00	200	0	0	0	nan	0.00	0.00	6.62	82.48	88.70	0.00	40	0	42	0.00	0.00	68.06	7.43	0.00	0.00	2000
221	11.47	1997	2024	0.00	196	0	0	0	nan	0.00	0.00	5.84	79.61	88.53	0.00	40	0	43	0.00	0.00	59.61	6.92	0.00	0.00	2000
231	11.01	2054	2146	0.00	215	0	0	0	nan	0.00	0.00	3.55	87.49	88.99	0.00	40	0	43	0.00	0.00	67.56	7.93	0.00	0.00	2000
226	10.78	2108	2086	0.00	194	0	0	0	nan	0.00	0.08	1.87	86.81	89.22	0.00	40	0	43	0.00	0.00	63.71	7.42	0.00	0.00	2000
234	11.38	2014	2146	0.00	214	0	0	0	nan	0.00	0.04	3.68	87.00	88.62	0.00	40	0	43	0.00	0.00	67.55	7.84	0.00	0.00	2000
225	11.23	2011	2095	0.00	202	0	0	0	nan	0.00	0.26	6.50	81.91	88.77	0.00	40	0	43	0.00	0.00	64.05	7.44	0.00	0.00	2000
230	11.41	2011	2108	0.49	197	0	0	7	85.82	0.00	0.00	6.35	82.80	88.59	0.00	40	0	43	0.00	0.00	67.69	7.73	0.00	0.00	2000
227	11.03	2067	2094	0.38	198	0	0	1	92.56	0.01	0.00	3.56	85.36	88.97	0.00	40	0	43	0.00	0.00	63.85	7.56	0.00	0.00	2000
227	11.34	2020	2078	0.00	198	0	0	0	nan	0.00	0.00	5.32	82.63	88.66	0.00	40	0	43	0.00	0.00	69.24	9.29	0.00	0.00	2000
229	11.84	1967	2063	0.00	196	0	0	0	nan	0.00	0.00	5.05	81.67	88.16	0.00	40	0	43	0.00	0.00	64.93	8.40	0.00	0.00	2000
229	10.83	2074	2142	0.00	217	0	0	0	nan	0.00	0.00	5.66	85.43	89.17	0.00	40	0	43	0.00	0.00	67.69	9.17	0.00	0.00	2000
224	11.55	1987	2050	0.00	197	0	0	0	nan	0.00	0.00	5.84	80.66	88.45	0.00	40	0	43	0.00	0.00	64.54	8.45	0.00	0.00	2000
232	10.86	2063	2178	0.00	212	0	0	0	nan	0.01	0.00	3.70	88.89	89.14	0.00	40	0	43	0.00	0.00	71.45	8.79	0.00	0.00	2000
231	10.82	2123	2109	0.00	200	0	0	0	nan	0.01	0.00	3.83	85.80	89.18	0.00	40	0	42	0.00	0.00	64.86	7.40	0.00	0.00	2000
231	10.76	2165	2085	0.00	200	0	0	0	nan	0.00	0.00	6.30	82.29	89.24	0.00	40	0	42	0.00	0.00	63.36	7.45	0.00	0.00	2000
228	10.79	2121	2094	0.00	180	0	0	0	nan	0.00	0.02	6.18	82.87	89.21	0.00	40	0	43	0.00	0.00	65.99	7.78	0.00	0.00	2000
229	10.91	2096	2102	0.00	196	0	0	0	nan	0.00	0.05	3.39	85.87	89.09	0.00	40	0	43	0.00	0.00	65.74	7.77	0.00	0.00	2000
230	11.11	2055	2116	0.00	196	0	0	0	nan	0.00	0.03	3.98	85.70	88.89	0.00	40	0	42	0.00	0.00	66.66	7.64	0.00	0.00	2000
234	11.22	2102	2087	0.00	199	0	0	0	nan	0.01	0.06	2.79	85.56	88.78	0.00	39	0	43	0.00	0.00	63.68	7.54	0.00	0.00	2000
231	11.33	2042	2097	0.00	201	0	0	0	nan	0.00	0.02	6.76	81.90	88.67	0.00	39	0	43	0.00	0.00	65.64	7.69	0.00	0.00	2000
232	11.64	1981	2114	0.00	202	0	0	0	nan	0.00	0.00	5.61	83.48	88.36	0.00	39	0	43	0.00	0.00	65.26	7.64	0.00	0.00	2000
227	11.20	2032	2093	0.00	197	0	0	0	nan	0.00	0.00	4.93	83.65	88.80	0.00	40	0	42	0.00	0.00	66.53	7.75	0.00	0.00	2000
230	11.08	2074	2097	0.00	196	0	0	0	nan	0.00	0.03	4.09	84.78	88.92	0.00	39	0	42	0.00	0.00	63.41	7.48	0.00	0.00	2000
228	11.26	2031	2091	0.34	198	0	0	4	46.36	0.00	0.01	5.09	83.49	88.74	0.00	40	0	43	0.00	0.00	65.64	7.73	0.00	0.00	2000
230	11.22	2044	2106	0.57	197	0	0	2	79.59	0.00	0.00	6.16	82.98	88.78	0.00	40	0	43	0.00	0.00	65.38	7.85	0.00	0.00	2000
233	11.29	2050	2116	0.00	202	0	0	0	nan	0.00	0.01	6.72	82.78	88.71	0.00	40	0	43	0.00	0.00	63.18	7.43	0.00	0.00	2000
229	10.77	2129	2095	0.00	196	0	0	0	nan	0.00	0.02	5.64	83.49	89.23	0.00	39	0	42	0.00	0.00	65.79	7.59	0.00	0.00	2000
228	11.00	2075	2099	0.00	198	0	0	0	nan	0.00	0.02	4.65	84.43	89.00	0.00	40	0	43	0.00	0.00	65.21	7.63	0.00	0.00	2000
230	10.48	2196	2098	0.00	182	0	0	0	nan	0.00	0.02	4.45	84.94	89.52	0.00	40	0	43	0.00	0.00	63.67	7.59	0.00	0.00	2000
231	11.14	2060	2115	0.00	199	0	0	0	nan	0.00	0.02	3.96	85.63	88.86	0.00	40	0	42	0.00	0.00	66.82	7.55	0.00	0.00	2000
233	10.90	2134	2100	0.00	197	0	0	0	nan	0.00	0.00	4.08	85.11	89.10	0.00	40	0	42	0.00	0.00	65.65	7.60	0.00	0.00	2000
229	10.77	2128	2095	0.00	203	0	0	0	nan	0.00	0.03	3.56	85.49	89.23	0.00	40	0	43	0.00	0.00	66.84	7.65	0.00	0.00	2000
229	11.43	2004	2096	0.00	195	0	0	0	nan	0.00	0.00	5.98	82.53	88.57	0.00	40	0	43	0.00	0.00	65.30	7.60	0.00	0.00	2000
227	11.33	2010	2095	0.00	195	0	0	0	nan	0.00	0.00	5.74	82.88	88.67	0.00	40	0	42	0.00	0.00	62.32	7.33	0.00	0.00	2000
229	11.20	2040	2102	0.00	196	0	0	0	nan	0.00	0.00	6.29	82.70	88.80	0.00	40	0	43	0.00	0.00	68.20	8.00	0.00	0.00	2000
227	11.42	2003	2085	0.00	199	0	0	0	nan	0.00	0.00	5.92	82.14	88.58	0.00	40	0	43	0.00	0.00	64.94	7.62	0.00	0.00	2000
234	11.06	2099	2121	0.00	200	0	0	0	nan	0.00	0.00	5.85	84.08	88.94	0.00	40	0	43	0.00	0.00	64.00	7.82	0.00	0.00	2000
228	10.68	2144	2094	0.00	183	0	0	0	nan	0.00	0.00	6.50	82.59	89.32	0.00	40	0	43	0.00	0.00	64.18	7.26	0.00	0.00	2000
232	11.18	2067	2107	0.00	195	0	0	0	nan	0.00	0.00	4.77	84.47	88.82	0.00	40	0	43	0.00	0.00	66.73	7.79	0.00	0.00	2000
228	10.99	2078	2095	0.00	198	0	0	0	nan	0.00	0.03	3.90	84.83	89.01	0.00	40	0	42	0.00	0.00	65.41	7.68	0.00	0.00	2000
232	11.07	2099	2099	0.00	199	0	0	2	59.56	0.00	0.00	4.94	84.03	88.93	0.00	40	0	42	0.00	0.00	65.70	7.69	0.00	0.00	2000
231	11.30	2041	2101	0.78	201	0	0	4	62.30	0.00	0.02	4.05	84.77	88.70	0.00	40	0	42	0.00	0.00	65.08	7.82	0.00	0.00	2000
231	10.95	2102	2109	0.00	203	0	0	0	nan	0.00	0.06	2.37	87.05	89.05	0.00	40	0	43	0.00	0.00	65.39	7.69	0.00	0.00	2000
226	10.82	2099	2089	0.00	196	0	0	0	nan	0.00	0.57	3.07	85.19	89.18	0.00	40	0	43	0.00	0.00	65.57	7.77	0.00	0.00	2000
234	11.70	2002	2101	0.00	199	0	0	0	nan	0.00	0.00	4.16	84.33	88.30	0.00	40	0	43	0.00	0.00	65.33	7.54	0.00	0.00	2000
228	11.07	2057	2099	0.00	195	0	0	0	nan	0.00	1.03	4.71	83.21	88.93	0.00	40	0	43	0.00	0.00	65.03	7.73	0.00	0.00	2000
231	11.49	2011	2102	0.00	196	0	0	0	nan	0.00	0.02	4.28	84.46	88.51	0.00	40	0	43	0.00	0.00	65.12	7.71	0.00	0.00	2000
227	11.06	2070	2087	0.00	200	0	0	0	nan	0.00	0.54	5.59	82.43	88.94	0.00	40	0	43	0.00	0.00	61.20	7.42	0.00	0.00	2000
230	11.34	2022	2107	0.00	196	0	0	0	nan	0.00	0.02	5.53	83.47	88.66	0.00	40	0	43	0.00	0.00	70.54	7.93	0.00	0.00	2000
229	11.08	2062	2103	0.00	198	0	0	0	nan	0.00	0.00	4.26	84.77	88.92	0.00	40	0	43	0.00	0.00	66.32	7.65	0.00	0.00	2000
228	11.11	2064	2088	0.00	197	0	0	0	nan	0.00	0.00	4.21	84.27	88.89	0.00	40	0	43	0.00	0.00	62.81	7.26	0.00	0.00	2000
230	11.04	2078	2102	0.00	197	0	0	0	nan	0.00	0.00	5.08	84.03	88.96	0.00	40	0	43	0.00	0.00	66.10	7.59	0.00	0.00	2000
232	11.41	2032	2104	0.00	205	0	0	0	nan	0.00	0.02	6.35	82.48	88.59	0.00	40	0	43	0.00	0.00	64.95	7.57	0.00	0.00	2000
228	11.18	2038	2103	0.00	197	0	0	0	nan	0.00	0.96	6.02	82.05	88.82	0.00	40	0	43	0.00	0.00	65.29	7.77	0.00	0.00	2000
228	11.22	2042	2093	0.00	195	0	0	0	nan	0.00	0.00	7.97	80.60	88.78	0.00	40	0	42	0.00	0.00	65.43	7.49	0.00	0.00	2000
230	11.08	2066	2112	0.00	197	0	0	0	nan	0.00	0.99	6.75	81.88	88.92	0.00	40	0	43	0.00	0.00	65.54	7.89	0.00	0.00	2000
229	10.82	2119	2099	0.00	199	0	0	0	nan	0.00	0.00	6.16	83.03	89.18	0.00	40	0	43	0.00	0.00	65.06	7.47	0.00	0.00	2000
233	11.15	2088	2104	0.00	199	0	0	1	77.32	0.00	0.00	7.03	82.15	88.85	0.00	40	0	42	0.00	0.00	64.74	7.62	0.00	0.00	2000
228	11.03	2088	2075	0.85	190	0	0	5	55.45	0.00	0.03	3.95	83.99	88.97	0.00	40	0	43	0.00	0.00	65.03	7.44	0.00	0.00	2000
232	10.89	2107	2126	0.00	198	0	0	0	nan	0.00	0.00	6.12	84.12	89.11	0.00	40	0	43	0.00	0.00	67.08	7.80	0.00	0.00	2000
228	11.25	2033	2096	0.00	197	0	0	0	nan	0.00	0.02	4.40	84.34	88.75	0.00	40	0	43	0.00	0.00	64.78	7.52	0.00	0.00	2000
227	11.02	2069	2086	0.00	202	0	0	0	nan	0.00	0.01	5.44	83.01	88.98	0.00	40	0	43	0.00	0.00	63.26	7.39	0.00	0.00	2000
229	11.03	2074	2099	0.00	196	0	0	0	nan	0.00	0.02	5.22	83.82	88.97	0.00	40	0	43	0.00	0.00	62.95	7.68	0.00	0.00	2000
234	10.98	2112	2121	0.00	203	0	0	0	nan	0.00	0.00	5.78	84.17	89.02	0.00	40	0	43	0.00	0.00	66.75	7.44	0.00	0.00	2000
227	10.64	2147	2091	0.00	196	0	0	0	nan	0.00	0.01	5.31	83.73	89.36	0.00	40	0	43	0.00	0.00	65.26	7.55	0.00	0.00	2000
229	10.88	2108	2097	0.00	199	0	0	0	nan	0.00	0.01	6.80	82.22	89.12	0.00	40	0	43	0.00	0.00	64.59	7.54	0.00	0.00	2000
227	10.86	2102	2083	0.00	197	0	0	0	nan	0.00	0.02	4.29	84.22	89.14	0.00	40	0	43	0.00	0.00	64.64	7.51	0.00	0.00	2000
227	11.05	2051	2105	0.00	198	0	0	0	nan	0.00	0.04	4.51	84.79	88.95	0.00	40	0	43	0.00	0.00	66.87	7.91	0.00	0.00	2000
233	11.06	2098	2105	0.00	202	0	0	0	nan	0.00	0.01	3.77	85.45	88.94	0.00	40	0	43	0.00	0.00	64.90	7.76	0.00	0.00	2000
232	10.72	2151	2117	0.00	199	0	0	0	nan	0.00	0.00	7.23	82.84	89.28	0.00	40	0	43	0.00	0.00	65.12	7.50	0.00	0.00	2000
228	11.13	2058	2090	0.00	195	0	0	0	nan	0.00	0.00	6.41	82.04	88.87	0.00	40	0	43	0.00	0.00	64.23	7.66	0.00	0.00	2000
225	11.13	2037	2089	0.00	198	0	0	0	nan	0.00	0.00	6.81	81.74	88.87	0.00	40	0	43	0.00	0.00	64.06	7.68	0.00	0.00	2000
230	11.14	2061	2104	0.00	198	0	0	0	nan	0.00	0.00	6.00	83.10	88.86	0.00	40	0	43	0.00	0.00	65.49	7.73	0.00	0.00	2000
235	11.06	2103	2121	0.00	198	0	0	0	nan	0.00	0.00	6.86	83.03	88.94	0.00	40	0	43	0.00	0.00	67.36	7.87	0.00	0.00	2000
230	11.06	2075	2104	0.00	185	0	0	0	nan	0.00	0.02	5.29	84.04	88.94	0.00	40	0	43	0.00	0.00	66.83	7.89	0.00	0.00	2000
227	11.10	2055	2088	0.61	195	0	0	4	44.34	0.00	0.00	5.99	82.56	88.90	0.00	40	0	43	0.00	0.00	61.91	7.34	0.00	0.00	2000
230	11.05	2081	2103	0.32	193	0	0	0	nan	0.00	0.02	3.54	85.62	88.95	0.00	40	0	43	0.00	0.00	66.33	7.82	0.00	0.00	2000
227	11.10	2049	2094	0.00	198	0	0	0	nan	0.00	0.02	4.49	84.26	88.90	0.00	40	0	43	0.00	0.00	64.37	7.87	0.00	0.00	2000
232	11.08	2079	2111	0.00	197	0	0	0	nan	0.00	0.02	3.92	85.57	88.92	0.00	39	0	43	0.00	0.00	65.41	7.74	0.00	0.00	2000
227	11.12	2064	2080	0.00	201	0	0	0	nan	0.00	0.78	4.32	83.18	88.88	0.00	40	0	43	0.00	0.00	63.60	7.36	0.00	0.00	2000
230	10.93	2102	2100	0.00	200	0	0	0	nan	0.00	0.01	5.51	83.59	89.07	0.00	40	0	43	0.00	0.00	65.65	7.92	0.00	0.00	2000
237	11.25	2094	2113	0.00	204	0	0	0	nan	0.00	0.00	6.81	82.58	88.75	0.00	40	0	43	0.00	0.00	66.26	7.72	0.00	0.00	2000
227	11.08	2073	2078	0.00	200	0	0	0	nan	0.00	0.00	6.86	81.23	88.92	0.00	40	0	43	0.00	0.00	65.54	7.81	0.00	0.00	2000
232	11.10	2071	2120	0.00	197	0	0	0	nan	0.00	0.00	6.72	83.08	88.90	0.00	40	0	43	0.00	0.00	66.33	7.86	0.00	0.00	2000
232	11.07	2092	2108	0.00	198	0	0	0	nan	0.00	0.00	6.75	82.67	88.93	0.00	40	0	43	0.00	0.00	67.75	7.97	0.00	0.00	2000
225	11.03	2065	2077	0.00	187	0	0	0	nan	0.00	0.02	5.66	82.47	88.97	0.00	40	0	43	0.00	0.00	61.90	7.45	0.00	0.00	2000
230	10.87	2112	2103	0.00	198	0	0	0	nan	0.00	0.00	6.55	82.84	89.13	0.00	40	0	43	0.00	0.00	66.01	7.64	0.00	0.00	2000
231	11.19	2051	2114	0.00	198	0	0	0	nan	0.00	0.01	3.79	85.77	88.81	0.00	40	0	43	0.00	0.00	66.30	7.79	0.00	0.00	2000
226	10.82	2105	2078	0.00	197	0	0	0	nan	0.00	0.00	3.11	85.17	89.18	0.00	40	0	43	0.00	0.00	63.80	7.44	0.00	0.00	2000
231	11.04	2084	2108	0.00	197	0	0	0	nan	0.00	0.04	3.12	86.16	88.96	0.00	40	0	43	0.00	0.00	65.84	7.64	0.00	0.00	2000
234	11.06	2098	2116	0.00	201	0	0	0	nan	0.00	0.07	4.56	85.15	88.94	0.00	39	0	43	0.00	0.00	67.22	7.81	0.00	0.00	2000
227	10.95	2085	2090	0.00	198	0	0	0	nan	0.00	0.54	3.13	85.14	89.05	0.00	40	0	43	0.00	0.00	63.32	7.44	0.00	0.00	2000
229	11.20	2041	2105	0.28	196	0	0	4	54.32	0.00	0.00	4.58	84.58	88.80	0.00	40	0	43	0.00	0.00	68.30	7.86	0.00	0.00	2000
231	10.94	2098	2111	0.64	197	0	0	2	73.24	0.00	0.02	4.87	84.74	89.06	0.00	40	0	43	0.00	0.00	65.01	7.57	0.00	0.00	2000
228	10.95	2097	2083	0.00	196	0	0	0	nan	0.00	0.00	5.82	82.53	89.05	0.00	40	0	43	0.00	0.00	66.25	7.66	0.00	0.00	2000
231	11.22	2056	2106	0.00	198	0	0	0	nan	0.00	0.00	7.36	81.71	88.78	0.00	40	0	43	0.00	0.00	65.51	7.63	0.00	0.00	2000
226	11.28	2012	2097	0.00	202	0	0	0	nan	0.00	0.00	6.96	81.77	88.72	0.00	40	0	42	0.00	0.00	64.57	7.62	0.00	0.00	2000
226	11.10	2051	2084	0.00	197	0	0	0	nan	0.00	0.00	7.16	81.24	88.90	0.00	40	0	43	0.00	0.00	65.62	7.62	0.00	0.00	2000
233	11.43	2013	2123	0.00	198	0	0	0	nan	0.00	0.03	6.95	82.73	88.57	0.00	40	0	43	0.00	0.00	65.44	7.73	0.00	0.00	2000
230	10.82	2130	2097	0.00	197	0	0	0	nan	0.00	0.00	6.28	82.90	89.18	0.00	40	0	43	0.00	0.00	66.91	7.73	0.00	0.00	2000
231	11.30	2049	2096	0.00	199	0	0	0	nan	0.00	0.01	3.75	84.87	88.70	0.00	40	0	43	0.00	0.00	64.79	7.59	0.00	0.00	2000
229	11.06	2067	2100	0.00	185	0	0	0	nan	0.00	2.69	6.71	79.73	88.94	0.00	40	0	42	0.00	0.00	63.36	7.56	0.00	0.00	2000
238	11.43	2075	2103	0.00	218	0	0	0	nan	0.00	1.00	9.06	78.69	88.57	0.00	40	0	43	0.00	0.00	65.17	7.37	0.00	0.00	2000
230	10.82	2114	2108	0.00	183	0	0	0	nan	0.00	0.56	4.13	84.96	89.18	0.00	40	0	43	0.00	0.00	67.15	7.47	0.00	0.00	2000
227	11.12	2054	2084	0.00	195	0	0	0	nan	0.00	0.03	4.80	83.51	88.88	0.00	40	0	43	0.00	0.00	63.44	7.70	0.00	0.00	2000
228	11.05	2071	2096	0.00	196	0	0	0	nan	0.00	0.02	4.64	84.20	88.95	0.00	40	0	42	0.00	0.00	66.49	7.83	0.00	0.00	2000
233	11.45	2024	2109	0.00	198	0	0	0	nan	0.00	0.00	5.69	83.41	88.55	0.00	40	0	43	0.00	0.00	65.23	7.39	0.00	0.00	2000
229	11.06	2083	2089	0.00	200	0	0	0	nan	0.00	0.00	6.81	81.76	88.94	0.00	40	0	43	0.00	0.00	65.95	7.75	0.00	0.00	2000
228	11.20	2050	2082	0.00	195	0	0	0	nan	0.00	0.00	7.78	80.37	88.80	0.00	40	0	43	0.00	0.00	63.84	7.53	0.00	0.00	2000
229	10.98	2061	2125	0.00	197	0	0	2	58.46	0.00	0.00	5.26	84.98	89.02	0.00	40	0	43	0.00	0.00	65.97	7.79	0.00	0.00	2000
229	11.19	2049	2102	0.79	198	0	0	4	59.31	0.00	0.02	4.21	84.71	88.81	0.00	40	0	43	0.00	0.00	65.09	7.75	0.00	0.00	2000
234	11.10	2094	2114	0.00	200	0	0	0	nan	0.00	0.00	6.34	83.22	88.90	0.00	40	0	43	0.00	0.00	67.33	7.69	0.00	0.00	2000
228	10.84	2113	2093	0.00	200	0	0	0	nan	0.00	0.00	6.02	82.96	89.16	0.00	40	0	43	0.00	0.00	64.87	7.63	0.00	0.00	2000
225	11.04	2053	2089	0.00	198	0	0	0	nan	0.00	0.00	5.71	82.91	88.96	0.00	40	0	43	0.00	0.00	65.30	7.50	0.00	0.00	2000
230	10.95	2091	2113	0.00	197	0	0	0	nan	0.00	0.04	4.74	84.93	89.05	0.00	40	0	43	0.00	0.00	65.14	7.94	0.00	0.00	2000
226	11.02	2056	2091	0.00	199	0	0	0	nan	0.01	0.02	4.73	83.93	88.98	0.00	40	0	43	0.00	0.00	65.44	7.60	0.00	0.00	2000
232	11.64	1994	2099	0.00	200	0	0	0	nan	0.00	0.00	5.83	82.57	88.36	0.00	40	0	43	0.00	0.00	65.33	7.49	0.00	0.00	2000
233	11.04	2091	2116	0.00	200	0	0	0	nan	0.00	0.00	5.74	84.00	88.96	0.00	40	0	43	0.00	0.00	64.53	7.57	0.00	0.00	2000
231	11.02	2088	2106	0.00	182	0	0	0	nan	0.00	0.01	6.47	82.89	88.98	0.00	40	0	43	0.00	0.00	64.76	7.75	0.00	0.00	2000
228	11.12	2061	2089	0.00	196	0	0	0	nan	0.00	0.00	6.39	82.06	88.88	0.00	40	0	43	0.00	0.00	66.05	7.66	0.00	0.00	2000
231	11.10	2076	2110	0.00	198	0	0	0	nan	0.00	0.02	4.67	84.68	88.90	0.00	40	0	43	0.00	0.00	65.83	7.65	0.00	0.00	2000
226	10.88	2095	2081	0.00	199	0	0	0	nan	0.00	0.01	4.57	83.90	89.12	0.00	40	0	43	0.00	0.00	66.96	7.69	0.00	0.00	2000
236	11.14	2108	2114	0.00	200	0	0	0	nan	0.00	0.00	5.48	84.07	88.86	0.00	40	0	43	0.00	0.00	67.01	7.82	0.00	0.00	2000
227	10.80	2117	2083	0.00	186	0	0	0	nan	0.00	0.02	5.26	83.29	89.20	0.00	40	0	43	0.00	0.00	61.04	7.14	0.00	0.00	2000
231	10.73	2153	2099	0.00	199	0	0	0	nan	0.00	0.00	5.31	83.95	89.27	0.00	40	0	43	0.00	0.00	65.96	7.80	0.00	0.00	2000
228	10.76	2119	2096	0.00	196	0	0	0	nan	0.01	0.01	3.10	86.00	89.24	0.00	40	0	43	0.00	0.00	65.47	7.61	0.00	0.00	2000
231	11.20	2045	2119	0.00	195	0	0	0	nan	0.00	0.00	4.90	84.80	88.80	0.00	40	0	43	0.00	0.00	66.59	7.72	0.00	0.00	2000
230	10.92	2105	2106	0.78	196	0	0	4	40.64	0.00	0.04	2.74	86.64	89.08	0.00	40	0	43	0.00	0.00	65.86	7.62	0.00	0.00	2000
231	11.21	2069	2094	0.13	201	0	0	0	nan	0.00	1.05	4.67	82.96	88.79	0.00	40	0	43	0.00	0.00	66.04	7.83	0.00	0.00	2000
226	11.05	2057	2086	0.00	195	0	0	0	nan	0.00	0.01	5.10	83.33	88.95	0.00	40	0	43	0.00	0.00	66.41	7.78	0.00	0.00	2000
242	12.06	2007	2101	0.00	195	0	0	0	nan	0.00	0.00	6.22	81.82	87.94	0.00	40	0	43	0.00	0.00	65.48	7.58	0.00	0.00	2000
228	10.99	2073	2099	0.00	197	0	0	0	nan	0.00	0.00	5.61	83.46	89.01	0.00	40	0	43	0.00	0.00	63.00	7.33	0.00	0.00	2000
229	11.09	2071	2097	0.00	198	0	0	0	nan	0.00	0.00	5.37	83.57	88.91	0.00	40	0	42	0.00	0.00	65.98	7.65	0.00	0.00	2000
229	11.19	2050	2094	0.00	198	0	0	0	nan	0.00	0.00	6.47	82.16	88.81	0.00	40	0	42	0.00	0.00	64.93	7.46	0.00	0.00	2000
233	11.02	2104	2113	0.00	208	0	0	0	nan	0.00	0.00	4.17	85.42	88.98	0.00	40	0	43	0.00	0.00	66.48	7.83	0.00	0.00	2000
230	11.05	2074	2104	0.00	198	0	0	0	nan	0.00	0.00	6.22	82.99	88.95	0.00	40	0	43	0.00	0.00	65.98	7.74	0.00	0.00	2000
231	10.81	2126	2108	0.00	198	0	0	0	nan	0.00	0.00	5.62	83.95	89.19	0.00	40	0	43	0.00	0.00	66.34	7.71	0.00	0.00	2000
230	10.77	2138	2097	0.00	198	0	0	0	nan	0.00	0.00	4.01	85.19	89.23	0.00	40	0	43	0.00	0.00	64.19	7.44	0.00	0.00	2000
231	10.73	2156	2098	0.00	196	0	0	0	nan	0.02	0.04	3.22	85.94	89.27	0.00	40	0	43	0.00	0.00	65.26	7.70	0.00	0.00	2000
228	10.72	2136	2089	0.00	183	0	0	0	nan	0.00	0.43	4.63	83.78	89.28	0.00	40	0	43	0.00	0.00	66.83	7.71	0.00	0.00	2000
233	11.22	2050	2123	0.00	200	0	0	0	nan	0.00	0.02	6.31	83.60	88.78	0.00	40	0	43	0.00	0.00	66.46	7.71	0.00	0.00	2000
231	11.23	2065	2096	0.00	198	0	0	0	nan	0.00	0.00	6.76	81.81	88.77	0.00	40	0	43	0.00	0.00	66.02	7.61	0.00	0.00	2000
229	10.96	2103	2086	0.00	195	0	0	0	nan	0.00	0.03	4.69	83.74	89.04	0.00	40	0	43	0.00	0.00	66.79	7.37	0.00	0.00	2000
231	11.09	2075	2112	0.00	201	0	0	0	nan	0.00	0.01	7.05	82.41	88.91	0.00	40	0	43	0.00	0.00	63.88	7.82	0.00	0.00	2000
228	11.15	2059	2089	0.46	200	0	0	4	49.79	0.00	0.00	6.69	81.74	88.85	0.00	40	0	43	0.00	0.00	64.82	7.57	0.00	0.00	2000
230	10.76	2135	2099	0.45	204	0	0	1	89.93	0.00	0.00	5.19	84.02	89.24	0.00	40	0	43	0.00	0.00	64.51	7.22	0.00	0.00	2000
229	11.15	2092	2067	0.00	179	0	0	0	nan	0.00	0.00	5.22	82.32	88.85	0.00	40	0	42	0.00	0.00	66.38	7.70	0.00	0.00	2000
231	10.70	2106	2150	0.00	215	0	0	0	nan	0.00	0.02	5.59	85.86	89.30	0.00	40	0	43	0.00	0.00	65.09	7.32	0.00	0.00	2000
228	10.70	2136	2095	0.00	197	0	0	0	nan	0.00	0.00	4.21	84.95	89.30	0.00	40	0	43	0.00	0.00	65.85	7.46	0.00	0.00	2000
230	11.14	2070	2096	0.00	199	0	0	0	nan	0.00	0.00	5.79	83.00	88.86	0.00	40	0	43	0.00	0.00	65.43	7.40	0.00	0.00	2000
228	10.95	2092	2091	0.00	187	0	0	0	nan	0.00	0.52	6.37	81.99	89.05	0.00	40	0	43	0.00	0.00	66.41	7.65	0.00	0.00	2000
229	10.53	2171	2103	0.00	198	0	0	0	nan	0.00	1.50	4.89	83.27	89.47	0.00	40	0	43	0.00	0.00	66.44	7.65	0.00	0.00	2000
235	11.75	1988	2113	0.00	212	0	0	0	nan	0.00	0.02	9.14	79.88	88.25	0.00	40	0	43	0.00	0.00	66.19	7.78	0.00	0.00	2000
227	11.16	2039	2098	0.00	198	0	0	0	nan	0.00	0.03	4.58	84.13	88.84	0.00	40	0	42	0.00	0.00	65.76	7.41	0.00	0.00	2000
227	11.18	2040	2087	0.00	195	0	0	0	nan	0.00	0.02	4.30	84.11	88.82	0.00	40	0	42	0.00	0.00	62.36	7.17	0.00	0.00	2000
231	11.12	2077	2104	0.00	201	0	0	0	nan	0.00	0.00	4.69	84.48	88.88	0.00	40	0	43	0.00	0.00	66.72	7.75	0.00	0.00	2000
228	11.29	2023	2098	0.00	196	0	0	0	nan	0.00	0.02	5.74	83.04	88.71	0.00	40	0	42	0.00	0.00	64.98	7.60	0.00	0.00	2000
229	11.05	2071	2101	0.00	195	0	0	0	nan	0.00	0.00	6.08	83.06	88.95	0.00	40	0	42	0.00	0.00	65.64	7.54	0.00	0.00	2000
233	10.83	2134	2117	0.00	198	0	0	0	nan	0.00	0.00	4.84	85.15	89.17	0.00	40	0	43	0.00	0.00	64.41	7.48	0.00	0.00	2000
226	11.12	2083	2051	0.00	182	0	0	0	nan	0.00	0.00	3.80	83.17	88.88	0.00	40	0	43	0.00	0.00	66.06	7.66	0.00	0.00	2000
232	10.95	2073	2142	0.00	213	0	0	0	nan	0.00	0.05	5.71	85.17	89.05	0.00	40	0	43	0.00	0.00	63.57	7.55	0.00	0.00	2000
228	10.94	2093	2092	0.06	203	0	0	3	56.56	0.00	0.56	5.94	82.42	89.06	0.00	40	0	43	0.00	0.00	66.79	7.61	0.00	0.00	2000
230	10.73	2148	2101	0.78	182	0	0	3	62.42	0.00	0.45	3.43	85.49	89.27	0.00	40	0	43	0.00	0.00	66.10	7.64	0.00	0.00	2000
231	11.14	2062	2117	0.00	196	0	0	0	nan	0.00	0.00	6.62	83.10	88.86	0.00	40	0	43	0.00	0.00	64.80	7.50	0.00	0.00	2000
227	11.19	2044	2081	0.00	196	0	0	0	nan	0.00	0.00	4.97	83.26	88.81	0.00	40	0	43	0.00	0.00	63.12	7.19	0.00	0.00	2000
230	10.97	2086	2110	0.00	200	0	0	0	nan	0.00	0.00	5.79	83.74	89.03	0.00	40	0	43	0.00	0.00	66.39	7.55	0.00	0.00	2000
235	11.28	2076	2108	0.00	214	0	0	0	nan	0.00	0.01	8.05	81.15	88.72	0.00	40	0	43	0.00	0.00	67.38	7.82	0.00	0.00	2000
228	11.14	2053	2094	0.00	188	0	0	0	nan	0.00	0.02	4.70	84.07	88.86	0.00	40	0	43	0.00	0.00	63.25	7.40	0.00	0.00	2000
228	11.19	2084	2055	0.00	198	0	0	0	nan	0.00	0.02	5.03	81.94	88.81	0.00	40	0	43	0.00	0.00	64.85	7.47	0.00	0.00	2000
227	10.92	2048	2134	0.00	214	0	0	0	nan	0.00	0.00	5.09	85.62	89.08	0.00	40	0	43	0.00	0.00	65.38	7.65	0.00	0.00	2000
232	11.08	2078	2113	0.00	200	0	0	0	nan	0.00	0.00	5.82	83.83	88.92	0.00	40	0	42	0.00	0.00	65.27	7.47	0.00	0.00	2000
230	11.09	2078	2096	0.00	198	0	0	0	nan	0.00	0.00	5.26	83.57	88.91	0.00	40	0	42	0.00	0.00	65.41	7.64	0.00	0.00	2000
230	10.97	2096	2103	0.00	200	0	0	0	nan	0.00	0.04	4.81	84.41	89.03	0.00	40	0	42	0.00	0.00	66.40	7.82	0.00	0.00	2000
229	11.14	2048	2104	0.00	182	0	0	0	nan	0.00	0.02	5.03	84.22	88.86	0.00	40	0	43	0.00	0.00	63.34	7.26	0.00	0.00	2000
227	11.25	2036	2085	0.00	196	0	0	0	nan	0.01	0.01	5.71	82.53	88.75	0.00	40	0	42	0.00	0.00	63.71	7.32	0.00	0.00	2000
232	11.00	2094	2119	0.00	197	0	0	0	nan	0.00	0.47	5.48	84.05	89.00	0.00	40	0	43	0.00	0.00	67.66	7.74	0.00	0.00	2000
229	10.93	2103	2094	0.00	181	0	0	0	nan	0.00	0.01	5.41	83.49	89.07	0.00	40	0	42	0.00	0.00	67.33	7.72	0.00	0.00	2000
228	11.12	2066	2087	0.00	198	0	0	0	nan	0.00	0.02	5.64	82.79	88.88	0.00	40	0	43	0.00	0.00	62.28	7.58	0.00	0.00	2000
230	10.99	2086	2106	0.00	219	0	0	1	74.08	0.00	2.02	6.41	80.98	89.01	0.00	40	0	43	0.00	0.00	67.63	7.48	0.00	0.00	2000
230	10.87	2114	2099	0.87	181	0	0	5	54.42	0.00	0.02	6.45	82.72	89.13	0.00	40	0	43	0.00	0.00	63.37	7.36	0.00	0.00	2000
226	11.22	2073	2045	0.01	197	0	0	0	nan	0.00	0.00	5.04	81.42	88.78	0.00	40	0	43	0.00	0.00	61.61	7.12	0.00	0.00	2000
231	10.97	2049	2154	0.00	214	0	0	0	nan	0.00	0.00	5.70	85.78	89.03	0.00	40	0	43	0.00	0.00	69.56	8.17	0.00	0.00	2000
230	11.23	2058	2090	0.00	198	0	0	0	nan	0.00	0.00	6.20	82.27	88.77	0.00	40	0	43	0.00	0.00	65.94	7.64	0.00	0.00	2000
231	11.41	2007	2115	0.00	198	0	0	0	nan	0.00	0.00	6.35	82.96	88.59	0.00	40	0	43	0.00	0.00	64.96	7.48	0.00	0.00	2000
228	10.82	2117	2091	0.00	196	0	0	0	nan	0.00	0.00	4.90	83.98	89.18	0.00	40	0	43	0.00	0.00	66.22	7.66	0.00	0.00	2000
232	10.95	2099	2118	0.00	199	0	0	0	nan	0.00	0.00	5.20	84.74	89.05	0.00	40	0	43	0.00	0.00	66.78	7.77	0.00	0.00	2000
238	11.15	2131	2100	0.00	198	0	0	0	nan	0.00	0.02	6.11	82.79	88.85	0.00	40	0	43	0.00	0.00	65.67	7.64	0.00	0.00	2000
230	11.14	2092	2077	0.00	187	0	0	0	nan	0.00	0.00	7.21	80.69	88.86	0.00	40	0	43	0.00	0.00	63.17	7.31	0.00	0.00	2000
231	10.80	2141	2101	0.00	202	0	0	0	nan	0.00	2.06	5.34	81.96	89.20	0.00	40	0	43	0.00	0.00	65.91	7.74	0.00	0.00	2000
228	10.88	2096	2103	0.00	198	0	0	0	nan	0.00	1.10	5.50	82.70	89.12	0.00	40	0	43	0.00	0.00	63.62	7.38	0.00	0.00	2000
229	11.27	2070	2063	0.00	195	0	0	0	nan	0.00	0.00	4.51	82.75	88.73	0.00	40	0	43	0.00	0.00	63.99	7.34	0.00	0.00	2000
231	10.79	2078	2161	0.00	213	0	0	0	nan	0.00	0.00	6.91	84.94	89.21	0.00	40	0	43	0.00	0.00	69.99	7.94	0.00	0.00	2000
230	10.82	2125	2101	0.00	198	0	0	0	nan	0.00	0.00	6.05	83.33	89.18	0.00	40	0	43	0.00	0.00	66.02	7.66	0.00	0.00	2000
229	10.88	2139	2070	0.00	186	0	0	0	nan	0.00	0.03	5.94	81.95	89.12	0.00	40	0	43	0.00	0.00	62.43	7.26	0.00	0.00	2000
232	11.00	2085	2123	0.00	214	0	0	0	nan	0.00	0.02	6.14	83.93	89.00	0.00	40	0	43	0.00	0.00	68.45	7.88	0.00	0.00	2000
230	10.75	2132	2103	0.00	197	0	0	0	nan	0.00	0.00	5.56	83.85	89.25	0.00	40	0	42	0.00	0.00	65.60	7.75	0.00	0.00	2000
230	10.88	2110	2102	0.71	183	0	0	4	40.28	0.00	0.01	4.03	85.22	89.12	0.00	40	0	43	0.00	0.00	61.28	7.08	0.00	0.00	2000
227	10.67	2138	2087	0.20	197	0	0	0	nan	0.00	0.00	5.59	83.22	89.33	0.00	40	0	43	0.00	0.00	67.53	7.72	0.00	0.00	2000
235	11.08	2102	2117	0.00	198	0	0	0	nan	0.00	0.00	4.51	85.21	88.92	0.00	40	0	42	0.00	0.00	65.29	7.47	0.00	0.00	2000
227	11.37	2004	2094	0.00	205	0	0	0	nan	0.00	0.00	3.82	84.64	88.63	0.00	40	0	43	0.00	0.00	65.78	7.51	0.00	0.00	2000
225	10.83	2104	2072	0.00	196	0	0	0	nan	0.00	0.02	5.16	82.88	89.17	0.00	40	0	43	0.00	0.00	65.79	7.67	0.00	0.00	2000
231	11.12	2059	2119	0.00	198	0	0	0	nan	0.00	2.56	3.15	84.13	88.88	0.00	40	0	43	0.00	0.00	63.53	7.72	0.00	0.00	2000
229	11.06	2076	2090	0.00	197	0	0	0	nan	0.00	0.00	7.72	80.88	88.94	0.00	40	0	43	0.00	0.00	68.45	7.54	0.00	0.00	2000
231	11.26	2036	2112	0.00	197	0	0	0	nan	0.00	0.00	6.54	82.74	88.74	0.00	40	0	43	0.00	0.00	65.84	7.70	0.00	0.00	2000
234	10.99	2114	2114	0.00	202	0	0	0	nan	0.00	0.02	6.08	83.57	89.01	0.00	40	0	43	0.00	0.00	67.03	7.79	0.00	0.00	2000
226	11.09	2079	2058	0.00	200	0	0	0	nan	0.00	0.00	6.70	80.50	88.91	0.00	40	0	43	0.00	0.00	61.25	7.10	0.00	0.00	2000
234	10.86	2110	2148	0.00	197	0	0	0	nan	0.00	0.00	7.22	84.01	89.14	0.00	40	0	43	0.00	0.00	70.31	8.11	0.00	0.00	2000
223	11.25	2009	2074	0.00	200	0	0	0	nan	0.00	0.00	5.36	82.43	88.75	0.00	40	0	43	0.00	0.00	64.48	7.57	0.00	0.00	2000
234	11.28	2049	2123	0.00	200	0	0	0	nan	0.00	0.01	3.56	86.14	88.72	0.00	40	0	43	0.00	0.00	66.11	7.69	0.00	0.00	2000
229	11.02	2118	2058	0.00	199	0	0	0	nan	0.00	0.00	5.46	81.85	88.98	0.00	39	0	43	0.00	0.00	61.14	7.15	0.00	0.00	2000
233	11.18	2045	2138	0.00	196	0	0	0	nan	0.00	0.00	6.30	84.18	88.82	0.00	40	0	43	0.00	0.00	68.32	8.12	0.00	0.00	2000
226	11.23	2036	2080	0.00	196	0	0	0	nan	0.00	0.97	4.75	82.26	88.77	0.00	40	0	43	0.00	0.00	65.62	7.46	0.00	0.00	2000
232	11.33	2028	2120	0.00	201	0	0	0	nan	0.00	0.00	5.55	84.00	88.67	0.00	40	0	43	0.00	0.00	65.28	7.47	0.00	0.00	2000
226	10.89	2092	2087	0.46	198	0	0	4	47.00	0.00	0.02	4.49	84.08	89.11	0.00	40	0	43	0.00	0.00	66.16	7.72	0.00	0.00	2000
232	11.42	2028	2106	0.46	200	0	0	1	91.55	0.00	0.00	6.61	82.37	88.58	0.00	40	0	43	0.00	0.00	65.25	7.82	0.00	0.00	2000
229	11.00	2089	2097	0.00	198	0	0	0	nan	0.00	0.00	7.25	81.65	89.00	0.00	40	0	43	0.00	0.00	60.68	7.00	0.00	0.00	2000
233	11.39	2085	2064	0.00	197	0	0	0	nan	0.00	0.00	6.33	80.84	88.61	0.00	40	0	43	0.00	0.00	66.39	7.66	0.00	0.00	2000
229	11.03	2036	2138	0.00	199	0	0	0	nan	0.00	0.00	7.54	83.20	88.97	0.00	40	0	43	0.00	0.00	68.95	7.84	0.00	0.00	2000
230	11.15	2059	2105	0.00	197	0	0	0	nan	0.00	0.00	4.47	84.69	88.85	0.00	40	0	43	0.00	0.00	65.60	7.64	0.00	0.00	2000
233	11.26	2057	2109	0.00	203	0	0	0	nan	0.00	0.00	7.32	81.92	88.74	0.00	40	0	43	0.00	0.00	66.02	7.82	0.00	0.00	2000
230	10.78	2143	2095	0.00	201	0	0	0	nan	0.00	0.06	5.24	83.82	89.22	0.00	40	0	42	0.00	0.00	60.71	6.95	0.00	0.00	2000
227	10.56	2171	2082	0.00	179	0	0	0	nan	0.00	0.06	3.35	85.33	89.44	0.00	40	0	43	0.00	0.00	67.13	7.79	0.00	0.00	2000
231	10.78	2134	2108	0.00	198	0	0	0	nan	0.00	0.05	2.79	86.84	89.22	0.00	40	0	43	0.00	0.00	66.32	7.76	0.00	0.00	2000
229	11.33	2048	2069	0.00	197	0	0	0	nan	0.00	0.02	3.95	83.51	88.67	0.00	40	0	43	0.00	0.00	64.92	7.51	0.00	0.00	2000
228	10.86	2077	2125	0.00	215	0	0	0	nan	0.00	0.98	7.27	82.14	89.14	0.00	40	0	43	0.00	0.00	65.59	7.47	0.00	0.00	2000
230	11.42	2014	2103	0.00	204	0	0	0	nan	0.00	0.04	9.80	79.03	88.58	0.00	40	0	43	0.00	0.00	68.10	7.74	0.00	0.00	2000
231	11.29	2034	2113	0.00	197	0	0	0	nan	0.00	0.00	7.10	82.18	88.71	0.00	40	0	43	0.00	0.00	65.22	7.61	0.00	0.00	2000
231	10.91	2110	2105	0.00	195	0	0	0	nan	0.00	0.00	4.94	84.41	89.09	0.00	40	0	43	0.00	0.00	64.56	7.66	0.00	0.00	2000
229	10.85	2119	2093	0.00	199	0	0	0	nan	0.00	0.00	6.25	82.68	89.15	0.00	40	0	43	0.00	0.00	64.20	7.46	0.00	0.00	2000
227	10.85	2105	2083	0.00	183	0	0	0	nan	0.00	0.00	4.84	83.69	89.15	0.00	40	0	42	0.00	0.00	66.19	7.68	0.00	0.00	2000
235	11.03	2108	2125	0.13	204	0	0	3	53.16	0.00	0.00	4.45	85.62	88.97	0.00	40	0	43	0.00	0.00	67.15	7.83	0.00	0.00	2000
227	10.94	2085	2094	0.70	195	0	0	2	69.09	0.00	0.52	6.01	82.31	89.06	0.00	40	0	43	0.00	0.00	66.17	7.71	0.00	0.00	2000
230	11.16	2058	2105	0.00	195	0	0	0	nan	0.00	0.07	2.16	86.95	88.84	0.00	40	0	43	0.00	0.00	66.14	7.61	0.00	0.00	2000
227	11.25	2023	2096	0.00	198	0	0	0	nan	0.00	0.00	4.36	84.43	88.75	0.00	40	0	42	0.00	0.00	65.24	7.66	0.00	0.00	2000
226	11.10	2061	2070	0.00	196	0	0	0	nan	0.00	0.00	5.35	82.36	88.90	0.00	40	0	43	0.00	0.00	62.17	7.32	0.00	0.00	2000
234	11.22	2047	2137	0.00	197	0	0	0	nan	0.00	0.00	5.64	84.85	88.78	0.00	40	0	43	0.00	0.00	68.55	8.01	0.00	0.00	2000
228	11.42	2001	2092	0.00	198	0	0	0	nan	0.00	0.02	3.05	85.32	88.58	0.00	40	0	43	0.00	0.00	65.45	7.60	0.00	0.00	2000
229	11.18	2057	2088	0.00	197	0	0	0	nan	0.00	0.00	5.11	83.29	88.82	0.00	40	0	43	0.00	0.00	63.27	7.30	0.00	0.00	2000
226	11.02	2073	2081	0.00	197	0	0	0	nan	0.00	0.00	6.11	82.15	88.98	0.00	40	0	43	0.00	0.00	64.94	7.60	0.00	0.00	2000
230	11.35	1999	2132	0.00	196	0	0	0	nan	0.00	0.00	5.75	84.33	88.65	0.00	40	0	43	0.00	0.00	68.37	8.00	0.00	0.00	2000
232	11.32	2046	2102	0.00	198	0	0	0	nan	0.00	0.00	3.97	84.94	88.68	0.00	40	0	43	0.00	0.00	66.17	7.65	0.00	0.00	2000
230	11.00	2090	2104	0.00	205	0	0	0	nan	0.00	0.02	5.80	83.45	89.00	0.00	40	0	43	0.00	0.00	62.23	7.30	0.00	0.00	2000
229	10.88	2117	2085	0.00	197	0	0	0	nan	0.01	0.00	5.01	83.57	89.12	0.00	40	0	42	0.00	0.00	66.00	7.81	0.00	0.00	2000
231	11.03	2092	2098	0.00	197	0	0	0	nan	0.00	0.00	6.91	82.07	88.97	0.00	40	0	43	0.00	0.00	64.72	7.60	0.00	0.00	2000
225	10.64	2119	2095	0.00	198	0	0	0	nan	0.00	0.00	6.46	82.79	89.36	0.00	40	0	43	0.00	0.00	65.66	7.61	0.00	0.00	2000
233	11.04	2091	2119	0.00	199	0	0	0	nan	0.00	0.03	5.27	84.62	88.96	0.00	40	0	43	0.00	0.00	67.20	7.78	0.00	0.00	2000
231	11.13	2084	2095	0.00	203	0	0	0	nan	0.00	0.07	5.37	83.38	88.87	0.00	40	0	43	0.00	0.00	65.71	7.69	0.00	0.00	2000
228	10.88	2096	2100	0.00	197	0	0	3	58.88	0.00	0.98	3.56	84.74	89.12	0.00	40	0	43	0.00	0.00	65.98	7.81	0.00	0.00	2000
231	10.97	2117	2093	0.78	199	0	0	5	57.99	0.00	0.01	7.74	80.97	89.03	0.00	40	0	43	0.00	0.00	64.48	7.49	0.00	0.00	2000
228	10.94	2072	2110	0.00	196	0	0	0	nan	0.00	0.00	8.12	81.48	89.06	0.00	40	0	43	0.00	0.00	66.29	7.61	0.00	0.00	2000
227	11.13	2057	2081	0.00	198	0	0	0	nan	0.00	0.00	5.91	82.26	88.87	0.00	40	0	43	0.00	0.00	64.98	7.71	0.00	0.00	2000
233	11.33	2043	2118	0.00	199	0	0	0	nan	0.00	0.00	6.82	82.66	88.67	0.00	40	0	42	0.00	0.00	66.25	7.76	0.00	0.00	2000
231	11.22	2055	2101	0.00	196	0	0	0	nan	0.00	0.00	6.52	82.35	88.78	0.00	40	0	43	0.00	0.00	65.19	7.54	0.00	0.00	2000
229	10.76	2127	2099	0.00	198	0	0	0	nan	0.00	0.00	6.63	82.55	89.24	0.00	40	0	43	0.00	0.00	66.56	7.79	0.00	0.00	2000
228	10.96	2119	2065	0.00	196	0	0	0	nan	0.00	0.00	4.82	82.76	89.04	0.00	40	0	43	0.00	0.00	64.62	7.53	0.00	0.00	2000
231	10.68	2120	2142	0.00	198	0	0	0	nan	0.00	0.00	7.34	83.84	89.32	0.00	40	0	43	0.00	0.00	66.88	7.83	0.00	0.00	2000
233	10.96	2124	2104	0.00	198	0	0	0	nan	0.00	0.00	4.57	84.65	89.04	0.00	40	0	43	0.00	0.00	66.36	7.77	0.00	0.00	2000
228	10.83	2115	2092	0.00	186	0	0	0	nan	0.00	0.00	6.10	82.87	89.17	0.00	40	0	43	0.00	0.00	67.23	7.98	0.00	0.00	2000
232	10.97	2105	2109	0.00	199	0	0	0	nan	0.00	0.54	5.81	82.99	89.03	0.00	40	0	43	0.00	0.00	61.27	7.20	0.00	0.00	2000
228	11.08	2067	2091	0.00	198	0	0	0	nan	0.00	0.02	5.92	82.71	88.92	0.00	40	0	43	0.00	0.00	65.88	7.85	0.00	0.00	2000
230	11.17	2056	2102	0.00	196	0	0	0	nan	0.00	0.02	4.91	84.07	88.83	0.00	40	0	43	0.00	0.00	66.29	7.64	0.00	0.00	2000
229	11.16	2057	2098	0.00	198	0	0	0	nan	0.00	0.00	5.54	83.36	88.84	0.00	40	0	43	0.00	0.00	66.09	7.66	0.00	0.00	2000
233	11.03	2102	2107	0.00	199	0	0	0	nan	0.00	0.00	6.92	82.44	88.97	0.00	40	0	42	0.00	0.00	66.60	7.75	0.00	0.00	2000
226	10.93	2104	2062	0.00	196	0	0	0	nan	0.00	0.00	6.03	81.44	89.07	0.00	40	0	43	0.00	0.00	63.66	7.45	0.00	0.00	2000
230	10.97	2064	2135	0.00	195	0	0	0	95.29	0.00	0.00	7.63	83.00	89.03	0.00	40	0	43	0.00	0.00	66.27	7.59	0.00	0.00	2000
227	11.07	2059	2088	0.86	196	0	0	6	47.24	0.00	0.00	6.50	81.93	88.93	0.00	40	0	43	0.00	0.00	64.83	7.58	0.00	0.00	2000
231	11.22	2063	2095	0.05	199	0	0	0	nan	0.00	0.00	7.55	81.10	88.78	0.00	40	0	43	0.00	0.00	65.69	7.58	0.00	0.00	2000
234	11.43	2032	2117	0.00	200	0	0	0	nan	0.00	0.00	6.67	82.71	88.57	0.00	40	0	43	0.00	0.00	66.15	7.66	0.00	0.00	2000
230	10.75	2141	2101	0.00	203	0	0	0	nan	0.00	0.03	5.19	84.12	89.25	0.00	40	0	43	0.00	0.00	67.22	7.63	0.00	0.00	2000
235	11.21	2103	2098	0.00	198	0	0	0	nan	0.00	0.01	6.39	82.40	88.79	0.00	40	0	43	0.00	0.00	66.28	7.52	0.00	0.00	2000
227	11.29	2060	2053	0.00	184	0	0	0	nan	0.01	0.02	5.37	81.44	88.71	0.00	40	0	43	0.00	0.00	59.46	7.06	0.00	0.00	2000
231	10.56	2127	2154	0.00	214	0	0	0	nan	0.00	0.53	7.16	84.14	89.44	0.00	40	0	43	0.00	0.00	69.87	8.15	0.00	0.00	2000
232	11.26	2060	2099	0.00	199	0	0	0	nan	0.00	0.00	6.02	82.80	88.74	0.00	40	0	43	0.00	0.00	65.08	7.71	0.00	0.00	2000
226	11.00	2073	2078	0.00	185	0	0	0	nan	0.00	0.00	5.98	82.18	89.00	0.00	40	0	43	0.00	0.00	63.72	7.40	0.00	0.00	2000
233	10.99	2109	2109	0.00	198	0	0	0	nan	0.00	0.54	7.51	81.44	89.01	0.00	40	0	43	0.00	0.00	63.08	7.42	0.00	0.00	2000
232	10.88	2116	2119	0.00	198	0	0	0	nan	0.00	0.02	6.03	83.89	89.12	0.00	40	0	43	0.00	0.00	67.67	7.91	0.00	0.00	2000
225	10.73	2134	2064	0.00	195	0	0	0	nan	0.00	0.00	4.64	83.17	89.27	0.00	40	0	43	0.00	0.00	65.13	7.62	0.00	0.00	2000
232	11.17	2053	2124	0.00	198	0	0	0	nan	0.00	0.00	4.47	85.46	88.83	0.00	40	0	43	0.00	0.00	65.11	7.51	0.00	0.00	2000
233	11.24	2069	2101	0.00	201	0	0	0	nan	0.00	0.00	4.20	84.62	88.76	0.00	40	0	43	0.00	0.00	64.88	7.50	0.00	0.00	2000
226	10.79	2114	2080	0.00	196	0	0	0	nan	0.00	0.03	4.90	83.44	89.21	0.00	40	0	43	0.00	0.00	64.21	7.51	0.00	0.00	2000
232	11.09	2078	2113	0.00	199	0	0	0	nan	0.02	0.04	2.96	86.56	88.91	0.00	40	0	43	0.00	0.00	65.92	7.57	0.00	0.00	2000
228	11.16	2047	2093	0.00	198	0	0	0	nan	0.00	0.03	3.70	84.95	88.84	0.00	40	0	43	0.00	0.00	64.16	7.48	0.00	0.00	2000
233	10.69	2155	2126	0.59	196	0	0	6	46.10	0.00	0.08	2.51	87.88	89.31	0.00	40	0	43	0.00	0.00	66.80	7.77	0.00	0.00	2000
232	10.97	2121	2096	0.33	198	0	0	0	nan	0.00	1.01	4.93	83.01	89.03	0.00	40	0	43	0.00	0.00	67.01	7.75	0.00	0.00	2000
228	10.96	2086	2096	0.00	202	0	0	0	nan	0.00	0.02	4.82	84.09	89.04	0.00	40	0	43	0.00	0.00	65.27	7.48	0.00	0.00	2000
225	11.30	2025	2068	0.00	197	0	0	0	nan	0.00	0.00	6.73	80.77	88.70	0.00	40	0	43	0.00	0.00	64.26	7.35	0.00	0.00	2000
231	11.13	2053	2125	0.00	198	0	0	0	nan	0.00	0.00	6.74	83.22	88.87	0.00	40	0	42	0.00	0.00	65.60	7.79	0.00	0.00	2000
233	11.02	2098	2116	0.00	201	0	0	0	nan	0.00	0.02	5.95	83.78	88.98	0.00	40	0	43	0.00	0.00	67.67	7.83	0.00	0.00	2000
229	10.80	2125	2094	0.00	199	0	0	0	nan	0.01	0.00	5.95	83.04	89.20	0.00	40	0	43	0.00	0.00	66.02	7.57	0.00	0.00	2000
230	11.17	2108	2051	0.00	187	0	0	0	nan	0.01	0.00	5.58	81.27	88.83	0.00	40	0	43	0.00	0.00	57.19	7.17	0.00	0.00	2000
227	10.63	2107	2132	0.00	212	0	0	0	nan	0.00	0.02	7.48	83.28	89.37	0.00	40	0	43	0.00	0.00	71.78	7.99	0.00	0.00	2000
233	11.07	2084	2120	0.00	198	0	0	0	nan	0.00	0.00	6.03	83.85	88.93	0.00	40	0	43	0.00	0.00	66.14	7.63	0.00	0.00	2000
230	10.96	2098	2100	0.00	199	0	0	0	nan	0.00	0.05	4.36	84.67	89.04	0.00	40	0	43	0.00	0.00	65.42	7.63	0.00	0.00	2000
226	11.10	2051	2088	0.00	198	0	0	0	nan	0.00	0.51	6.14	81.87	88.90	0.00	40	0	43	0.00	0.00	64.45	7.67	0.00	0.00	2000
236	10.93	2138	2120	0.00	203	0	0	0	nan	0.00	0.00	6.89	82.99	89.07	0.00	40	0	43	0.00	0.00	64.44	7.59	0.00	0.00	2000
226	10.49	2174	2080	0.00	181	0	0	0	nan	0.00	0.08	4.73	83.91	89.51	0.00	40	0	42	0.00	0.00	62.97	7.30	0.00	0.00	2000
237	11.61	2039	2098	0.00	196	0	0	0	nan	0.00	0.00	5.18	83.23	88.39	0.00	40	0	43	0.00	0.00	66.52	7.53	0.00	0.00	2000
230	11.13	2056	2114	0.00	197	0	0	0	nan	0.00	0.05	4.38	85.16	88.87	0.00	40	0	43	0.00	0.00	66.43	7.62	0.00	0.00	2000
229	11.15	2054	2103	0.00	193	0	0	0	nan	0.00	0.00	4.50	84.55	88.85	0.00	40	0	43	0.00	0.00	65.55	7.51	0.00	0.00	2000
231	11.18	2064	2099	0.30	198	0	0	5	51.17	0.00	0.01	4.59	84.24	88.82	0.00	40	0	42	0.00	0.00	66.22	7.80	0.00	0.00	2000
230	10.96	2113	2087	0.63	203	0	0	3	70.57	0.00	0.02	4.84	83.68	89.04	0.00	40	0	43	0.00	0.00	66.23	7.67	0.00	0.00	2000
228	10.97	2077	2097	0.00	197	0	0	0	nan	0.00	0.00	7.46	81.53	89.03	0.00	40	0	43	0.00	0.00	65.65	7.59	0.00	0.00	2000
230	11.14	2062	2106	0.00	198	0	0	0	nan	0.00	0.00	6.35	82.83	88.86	0.00	40	0	43	0.00	0.00	65.66	7.54	0.00	0.00	2000
228	11.06	2089	2071	0.00	201	0	0	0	nan	0.00	0.00	6.61	81.19	88.94	0.00	40	0	42	0.00	0.00	60.56	7.51	0.00	0.00	2000
231	10.86	2098	2131	0.00	199	0	0	0	nan	0.00	0.00	4.97	85.57	89.14	0.00	40	0	43	0.00	0.00	69.23	7.81	0.00	0.00	2000
237	11.14	2122	2110	0.00	207	0	0	0	nan	0.00	0.02	7.58	81.72	88.86	0.00	40	0	43	0.00	0.00	64.74	7.51	0.00	0.00	2000
230	10.68	2155	2097	0.00	197	0	0	0	nan	0.00	0.02	6.30	82.91	89.32	0.00	40	0	43	0.00	0.00	62.17	7.27	0.00	0.00	2000
226	11.28	2014	2088	0.00	201	0	0	0	nan	0.00	0.00	8.07	80.28	88.72	0.00	40	0	43	0.00	0.00	69.88	8.14	0.00	0.00	2000
232	11.32	2040	2109	0.00	200	0	0	0	nan	0.00	0.00	6.57	82.67	88.68	0.00	40	0	43	0.00	0.00	65.34	7.47	0.00	0.00	2000
226	11.29	2031	2072	0.00	195	0	0	0	nan	0.00	0.00	5.83	81.84	88.71	0.00	40	0	43	0.00	0.00	61.45	7.06	0.00	0.00	2000
236	11.30	2046	2141	0.00	201	0	0	0	nan	0.00	0.00	6.35	84.18	88.70	0.00	40	0	43	0.00	0.00	68.45	8.10	0.00	0.00	2000
227	10.98	2075	2090	0.00	196	0	0	0	nan	0.00	0.00	5.42	83.30	89.02	0.00	40	0	43	0.00	0.00	65.82	7.74	0.00	0.00	2000
230	11.09	2069	2103	0.00	200	0	0	0	nan	0.00	0.01	4.75	84.31	88.91	0.00	40	0	42	0.00	0.00	62.67	7.70	0.00	0.00	2000
228	11.34	2020	2092	0.00	197	0	0	0	nan	0.00	0.00	5.11	83.32	88.66	0.00	40	0	43	0.00	0.00	68.02	7.52	0.00	0.00	2000
227	11.16	2030	2103	0.00	195	0	0	0	nan	0.00	0.00	6.03	83.03	88.84	0.00	40	0	43	0.00	0.00	64.37	7.61	0.00	0.00	2000
232	11.00	2104	2107	0.00	198	0	0	0	nan	0.00	0.00	4.99	84.37	89.00	0.00	40	0	43	0.00	0.00	67.21	7.45	0.00	0.00	2000
231	10.99	2105	2093	0.00	206	0	0	4	55.54	0.00	0.00	5.45	83.33	89.01	0.00	40	0	43	0.00	0.00	62.24	7.22	0.00	0.00	2000
230	10.85	2111	2107	0.83	196	0	0	4	59.91	0.00	0.00	5.80	83.78	89.15	0.00	40	0	43	0.00	0.00	64.08	7.60	0.00	0.00	2000
228	10.74	2138	2087	0.00	198	0	0	0	nan	0.00	0.02	3.99	84.76	89.26	0.00	40	0	43	0.00	0.00	65.68	7.59	0.00	0.00	2000
228	11.10	2086	2065	0.00	182	0	0	0	nan	0.01	0.02	4.37	83.16	88.90	0.00	40	0	43	0.00	0.00	63.68	7.69	0.00	0.00	2000
232	11.28	2017	2145	0.00	210	0	0	0	nan	0.00	0.00	7.03	83.65	88.72	0.00	40	0	43	0.00	0.00	70.74	7.95	0.00	0.00	2000
229	11.37	2010	2100	0.00	204	0	0	0	nan	0.00	0.02	6.37	82.36	88.63	0.00	40	0	43	0.00	0.00	65.30	7.69	0.00	0.00	2000
230	11.42	2011	2103	0.00	193	0	0	0	nan	0.00	0.02	6.02	82.71	88.58	0.00	40	0	43	0.00	0.00	65.15	7.71	0.00	0.00	2000
232	11.23	2066	2105	0.00	212	0	0	0	nan	0.00	0.00	7.74	81.27	88.77	0.00	40	0	43	0.00	0.00	64.15	7.57	0.00	0.00	2000
227	11.19	2036	2092	0.00	199	0	0	0	nan	0.00	0.00	5.35	83.28	88.81	0.00	40	0	43	0.00	0.00	65.27	7.57	0.00	0.00	2000
226	11.06	2074	2074	0.00	199	0	0	0	nan	0.00	0.00	6.20	81.72	88.94	0.00	40	0	43	0.00	0.00	62.23	7.30	0.00	0.00	2000
232	11.12	2083	2100	0.00	203	0	0	0	nan	0.00	0.00	5.80	83.11	88.88	0.00	40	0	43	0.00	0.00	65.07	7.44	0.00	0.00	2000
232	11.07	2084	2114	0.00	195	0	0	0	nan	0.00	0.00	6.12	83.46	88.93	0.00	40	0	43	0.00	0.00	66.23	7.75	0.00	0.00	2000
228	11.04	2066	2104	0.00	199	0	0	0	nan	0.00	0.02	4.26	84.95	88.96	0.00	40	0	43	0.00	0.00	65.25	7.59	0.00	0.00	2000
227	10.97	2081	2093	0.00	199	0	0	0	nan	0.00	0.04	3.94	84.84	89.03	0.00	40	0	43	0.00	0.00	65.34	7.41	0.00	0.00	2000
231	11.10	2079	2104	0.00	197	0	0	0	nan	0.00	0.00	5.07	84.16	88.90	0.00	40	0	43	0.00	0.00	64.90	7.69	0.00	0.00	2000
229	11.03	2074	2102	0.00	199	0	0	0	nan	0.00	0.19	5.27	83.75	88.97	0.00	40	0	43	0.00	0.00	65.45	7.57	0.00	0.00	2000
233	11.08	2090	2116	0.00	198	0	0	0	nan	0.00	0.00	5.96	83.84	88.92	0.00	40	0	43	0.00	0.00	66.30	7.84	0.00	0.00	2000
228	11.20	2054	2086	0.00	198	0	0	2	57.65	0.00	0.00	6.15	82.15	88.80	0.00	40	0	43	0.00	0.00	64.70	7.51	0.00	0.00	2000
228	10.93	2092	2096	0.84	196	0	0	6	57.36	0.00	0.00	6.56	82.37	89.07	0.00	40	0	43	0.00	0.00	65.42	7.64	0.00	0.00	2000
232	11.18	2058	2117	0.00	198	0	0	0	nan	0.00	0.00	6.49	83.13	88.82	0.00	40	0	43	0.00	0.00	66.67	7.74	0.00	0.00	2000
231	10.97	2107	2102	0.00	181	0	0	0	nan	0.00	0.00	6.15	83.08	89.03	0.00	40	0	42	0.00	0.00	66.81	7.73	0.00	0.00	2000
224	10.87	2094	2071	0.00	201	0	0	0	nan	0.00	0.02	6.04	81.98	89.13	0.00	40	0	43	0.00	0.00	63.76	7.00	0.00	0.00	2000
232	11.30	2081	2067	0.00	197	0	0	0	nan	0.00	0.00	4.09	83.27	88.70	0.00	40	0	43	0.00	0.00	64.65	7.49	0.00	0.00	2000
229	10.61	2096	2161	0.00	211	0	0	0	nan	0.00	0.02	5.00	87.02	89.39	0.00	40	0	43	0.00	0.00	65.50	8.07	0.00	0.00	2000
230	11.06	2085	2100	0.00	199	0	0	0	nan	0.00	0.01	4.12	84.88	88.94	0.00	40	0	43	0.00	0.00	65.43	7.69	0.00	0.00	2000
231	11.30	2042	2098	0.00	198	0	0	0	nan	0.00	0.00	5.26	83.44	88.70	0.00	40	0	43	0.00	0.00	65.23	7.58	0.00	0.00	2000
230	10.94	2101	2102	0.00	201	0	0	0	nan	0.01	0.02	6.58	82.59	89.06	0.00	40	0	43	0.00	0.00	65.46	7.39	0.00	0.00	2000
227	10.99	2081	2079	0.00	196	0	0	0	nan	0.00	1.00	4.40	82.89	89.01	0.00	40	0	43	0.00	0.00	65.29	7.63	0.00	0.00	2000
230	10.98	2084	2111	0.00	198	0	0	0	nan	0.03	0.00	7.03	82.55	89.02	0.00	40	0	43	0.00	0.00	61.60	7.57	0.00	0.00	2000
226	11.19	2035	2084	0.00	198	0	0	0	nan	0.00	0.00	5.78	82.49	88.81	0.00	40	0	43	0.00	0.00	65.98	7.52	0.00	0.00	2000
234	11.47	2023	2119	0.00	198	0	0	0	nan	0.00	0.00	6.19	83.23	88.53	0.00	40	0	43	0.00	0.00	67.80	7.44	0.00	0.00	2000
227	11.06	2066	2082	0.00	203	0	0	0	nan	0.00	0.00	6.08	82.19	88.94	0.00	40	0	43	0.00	0.00	65.89	7.70	0.00	0.00	2000
233	11.40	2025	2124	0.00	200	0	0	0	nan	0.00	0.00	8.05	81.62	88.60	0.00	40	0	43	0.00	0.00	65.88	7.53	0.00	0.00	2000
230	11.07	2076	2100	0.00	200	0	0	0	nan	0.00	0.00	7.47	81.49	88.93	0.00	40	0	43	0.00	0.00	65.51	7.72	0.00	0.00	2000
230	10.90	2108	2102	0.00	196	0	0	0	97.43	0.00	0.00	6.02	83.32	89.10	0.00	40	0	43	0.00	0.00	65.54	7.76	0.00	0.00	2000
228	11.11	2061	2094	0.84	198	0	0	6	46.83	0.00	0.00	6.09	82.62	88.89	0.00	40	0	43	0.00	0.00	65.58	7.71	0.00	0.00	2000
234	11.19	2101	2089	0.07	203	0	0	0	nan	0.00	0.00	6.06	82.32	88.81	0.00	40	0	43	0.00	0.00	64.13	7.46	0.00	0.00	2000
235	11.25	2069	2116	0.00	198	0	0	0	nan	0.00	0.07	7.30	82.20	88.75	0.00	40	0	43	0.00	0.00	66.12	7.54	0.00	0.00	2000
230	11.01	2086	2104	0.00	196	0	0	0	nan	0.00	0.00	6.26	82.95	88.99	0.00	40	0	43	0.00	0.00	65.98	7.77	0.00	0.00	2000
228	10.99	2078	2096	0.00	198	0	0	0	nan	0.00	0.00	5.90	83.02	89.01	0.00	40	0	43	0.00	0.00	65.32	7.59	0.00	0.00	2000
228	11.03	2078	2092	0.00	199	0	0	0	nan	0.00	0.00	6.53	82.21	88.97	0.00	40	0	43	0.00	0.00	65.51	7.61	0.00	0.00	2000
228	11.23	2055	2074	0.00	202	0	0	0	nan	0.00	0.00	6.73	81.01	88.77	0.00	40	0	43	0.00	0.00	63.11	7.55	0.00	0.00	2000
231	11.04	2059	2134	0.00	197	0	0	0	nan	0.00	0.02	7.70	82.74	88.96	0.00	40	0	43	0.00	0.00	64.68	7.55	0.00	0.00	2000
231	10.97	2094	2109	0.00	195	0	0	0	nan	0.01	0.00	4.80	84.71	89.03	0.00	40	0	43	0.00	0.00	67.34	7.77	0.00	0.00	2000
231	10.91	2117	2095	0.00	198	0	0	0	nan	0.00	0.00	5.64	83.35	89.09	0.00	40	0	43	0.00	0.00	66.28	7.73	0.00	0.00	2000
227	10.92	2087	2095	0.00	198	0	0	0	nan	0.00	0.01	5.49	83.48	89.08	0.00	40	0	43	0.00	0.00	64.93	7.55	0.00	0.00	2000
233	10.92	2133	2104	0.00	199	0	0	0	nan	0.00	0.00	6.70	82.60	89.08	0.00	40	0	43	0.00	0.00	64.48	7.56	0.00	0.00	2000
227	11.11	2081	2060	0.00	200	0	0	0	nan	0.00	0.02	4.83	82.44	88.89	0.00	40	0	43	0.00	0.00	64.85	7.55	0.00	0.00	2000
232	10.81	2098	2144	0.00	195	0	0	0	nan	0.00	0.06	5.89	85.28	89.19	0.00	40	0	43	0.00	0.00	66.73	7.63	0.00	0.00	2000
228	10.67	2150	2090	0.00	181	0	0	0	nan	0.00	0.00	5.20	83.73	89.33	0.00	40	0	43	0.00	0.00	64.33	7.55	0.00	0.00	2000
229	10.96	2094	2099	0.00	198	0	0	0	nan	0.00	0.01	6.69	82.43	89.04	0.00	40	0	43	0.00	0.00	63.35	7.40	0.00	0.00	2000
228	10.96	2088	2096	0.00	199	0	0	0	nan	0.00	0.60	2.08	86.31	89.04	0.00	40	0	43	0.00	0.00	66.14	7.87	0.00	0.00	2000
235	11.29	2066	2111	0.60	204	0	0	6	45.37	0.00	0.07	3.08	86.08	88.71	0.00	40	0	43	0.00	0.00	65.48	7.59	0.00	0.00	2000
227	11.12	2047	2096	0.32	201	0	0	0	nan	0.00	0.00	5.26	83.55	88.88	0.00	40	0	43	0.00	0.00	65.22	7.70	0.00	0.00	2000
228	11.10	2063	2092	0.00	196	0	0	0	nan	0.00	0.00	4.92	83.74	88.90	0.00	40	0	43	0.00	0.00	66.00	7.80	0.00	0.00	2000
234	10.97	2118	2114	0.00	199	0	0	0	nan	0.00	0.01	5.11	84.55	89.03	0.00	40	0	43	0.00	0.00	67.04	7.64	0.00	0.00	2000
228	11.10	2055	2100	0.00	196	0	0	0	nan	0.00	0.00	5.76	83.16	88.90	0.00	40	0	43	0.00	0.00	65.83	7.60	0.00	0.00	2000
231	11.37	2047	2083	0.00	196	0	0	0	nan	0.00	0.00	6.13	81.89	88.63	0.00	40	0	43	0.00	0.00	62.00	7.54	0.00	0.00	2000
230	11.19	2037	2115	0.00	205	0	0	0	nan	0.00	0.00	5.05	84.49	88.81	0.00	40	0	43	0.00	0.00	67.62	7.51	0.00	0.00	2000
226	10.93	2093	2076	0.00	197	0	0	0	nan	0.00	0.00	5.70	82.46	89.07	0.00	40	0	43	0.00	0.00	65.77	7.67	0.00	0.00	2000
233	11.12	2078	2118	0.00	194	0	0	0	nan	0.00	0.52	3.95	85.27	88.88	0.00	40	0	43	0.00	0.00	65.82	7.64	0.00	0.00	2000
229	10.65	2149	2105	0.00	197	0	0	0	nan	0.00	0.00	6.03	83.62	89.35	0.00	40	0	43	0.00	0.00	66.23	7.66	0.00	0.00	2000
233	10.96	2131	2097	0.00	198	0	0	0	nan	0.00	1.11	4.33	83.46	89.04	0.00	40	0	43	0.00	0.00	63.20	7.22	0.00	0.00	2000
229	11.44	2011	2085	0.00	202	0	0	0	nan	0.00	0.99	7.83	79.24	88.56	0.00	40	0	43	0.00	0.00	66.68	7.64	0.00	0.00	2000
232	10.96	2094	2121	0.00	196	0	0	0	nan	0.00	0.00	6.68	83.34	89.04	0.00	40	0	42	0.00	0.00	64.45	7.42	0.00	0.00	2000
227	11.36	2002	2093	0.00	194	0	0	0	nan	0.00	0.00	5.58	82.91	88.64	0.00	40	0	43	0.00	0.00	68.38	7.89	0.00	0.00	2000
233	11.52	2046	2077	0.00	197	0	0	0	nan	0.00	0.00	7.35	80.24	88.48	0.00	40	0	43	0.00	0.00	62.72	7.29	0.00	0.00	2000
235	11.28	2072	2115	0.00	199	0	0	0	nan	0.00	0.00	7.38	81.93	88.72	0.00	40	0	43	0.00	0.00	68.78	8.07	0.00	0.00	2000
228	10.78	2108	2104	0.00	202	0	0	0	nan	0.00	0.00	7.09	82.35	89.22	0.00	40	0	43	0.00	0.00	64.07	7.56	0.00	0.00	2000
229	10.95	2087	2109	0.41	183	0	0	9	31.29	0.00	0.00	7.03	82.53	89.05	0.00	40	0	43	0.00	0.00	64.45	7.61	0.00	0.00	2000
228	10.88	2113	2085	0.76	198	0	0	3	57.39	0.00	0.02	7.68	80.89	89.12	0.00	40	0	43	0.00	0.00	66.24	7.74	0.00	0.00	2000
231	11.23	2043	2117	0.00	202	0	0	0	nan	0.00	0.02	4.78	84.85	88.77	0.00	40	0	43	0.00	0.00	66.82	8.02	0.00	0.00	2000
229	11.06	2070	2099	0.00	198	0	0	0	nan	0.00	1.07	3.89	84.06	88.94	0.00	40	0	43	0.00	0.00	66.09	7.64	0.00	0.00	2000
233	11.10	2097	2104	0.00	201	0	0	0	nan	0.00	2.14	4.47	82.47	88.90	0.00	40	0	43	0.00	0.00	67.69	7.89	0.00	0.00	2000
229	11.08	2091	2080	0.00	202	0	0	0	nan	0.00	0.14	6.39	81.70	88.92	0.00	40	0	43	0.00	0.00	63.19	7.49	0.00	0.00	2000
224	10.83	2073	2094	0.00	198	0	0	0	nan	0.00	1.68	6.26	81.15	89.17	0.00	40	0	43	0.00	0.00	65.89	7.75	0.00	0.00	2000
229	11.05	2074	2099	0.00	202	0	0	0	nan	0.00	0.00	9.02	80.04	88.95	0.00	40	0	43	0.00	0.00	65.20	7.71	0.00	0.00	2000
229	11.41	1993	2116	0.00	196	0	0	0	nan	0.00	0.00	6.37	82.99	88.59	0.00	40	0	43	0.00	0.00	67.48	7.85	0.00	0.00	2000
233	11.62	1998	2104	0.00	198	0	0	0	nan	0.00	0.00	4.60	84.00	88.38	0.00	40	0	43	0.00	0.00	64.97	7.74	0.00	0.00	2000
224	11.07	2056	2071	0.00	200	0	0	0	nan	0.00	0.00	5.02	82.86	88.93	0.00	40	0	43	0.00	0.00	63.16	7.48	0.00	0.00	2000
231	11.05	2075	2120	0.00	199	0	0	0	nan	0.00	0.00	6.03	83.81	88.95	0.00	40	0	43	0.00	0.00	66.09	7.77	0.00	0.00	2000
231	11.28	2042	2106	0.00	197	0	0	0	nan	0.00	0.00	5.55	83.52	88.72	0.00	40	0	43	0.00	0.00	66.03	7.78	0.00	0.00	2000
237	10.88	2188	2086	0.00	245	0	0	0	nan	0.00	1.71	9.42	77.67	89.12	0.00	40	0	43	0.00	0.00	66.61	7.66	0.00	0.00	2000
230	11.22	2044	2106	0.00	196	0	0	0	nan	0.00	0.00	5.79	83.39	88.78	0.00	40	0	43	0.00	0.00	63.11	7.41	0.00	0.00	2000
229	11.23	2066	2073	0.00	203	0	0	0	nan	0.00	0.03	5.97	81.77	88.77	0.00	40	0	43	0.00	0.00	66.07	7.73	0.00	0.00	2000
231	10.87	2087	2135	0.00	198	0	0	0	nan	0.00	0.03	4.17	86.41	89.13	0.00	40	0	43	0.00	0.00	67.10	8.14	0.00	0.00	2000
231	11.03	2084	2106	0.00	196	0	0	6	33.54	0.00	0.03	4.27	85.02	88.97	0.00	40	0	43	0.00	0.00	66.53	7.85	0.00	0.00	2000
225	11.22	2048	2054	1.06	198	0	0	6	41.35	0.00	0.00	5.98	81.02	88.78	0.00	40	0	43	0.00	0.00	61.01	7.15	0.00	0.00	2000
231	10.79	2105	2133	0.00	199	0	0	0	nan	0.00	0.49	6.35	83.83	89.21	0.00	40	0	43	0.00	0.00	68.70	8.02	0.00	0.00	2000
233	11.18	2074	2113	0.00	201	0	0	0	nan	0.00	0.04	3.23	86.14	88.82	0.00	40	0	43	0.00	0.00	68.40	7.81	0.00	0.00	2000
227	11.28	2014	2096	0.00	198	0	0	0	nan	0.00	0.00	4.85	83.79	88.72	0.00	40	0	43	0.00	0.00	64.69	7.36	0.00	0.00	2000
231	10.87	2112	2109	0.00	195	0	0	0	nan	0.00	0.00	4.46	85.17	89.13	0.00	40	0	43	0.00	0.00	65.13	7.53	0.00	0.00	2000
227	11.11	2056	2092	0.00	198	0	0	0	nan	0.00	0.00	5.58	83.05	88.89	0.00	40	0	43	0.00	0.00	64.76	7.57	0.00	0.00	2000
225	11.09	2052	2076	0.00	197	0	0	0	nan	0.00	0.03	5.66	82.32	88.91	0.00	40	0	43	0.00	0.00	63.10	7.34	0.00	0.00	2000
235	11.50	2023	2117	0.00	201	0	0	0	nan	0.00	0.00	6.67	82.67	88.50	0.00	40	0	43	0.00	0.00	68.49	8.10	0.00	0.00	2000
225	10.88	2087	2084	0.00	207	0	0	0	nan	0.00	0.00	4.59	83.98	89.13	0.00	40	0	43	0.00	0.00	62.39	7.14	0.00	0.00	2000
232	11.14	2069	2117	0.00	199	0	0	0	nan	0.00	0.00	5.64	84.01	88.86	0.00	40	0	43	0.00	0.00	65.41	7.71	0.00	0.00	2000
229	11.04	2064	2110	0.00	197	0	0	0	nan	0.00	0.06	4.22	85.21	88.96	0.00	40	0	43	0.00	0.00	66.46	7.76	0.00	0.00	2000
228	11.02	2084	2089	0.00	198	0	0	0	nan	0.00	0.02	3.91	84.69	88.98	0.00	40	0	43	0.00	0.00	66.32	7.83	0.00	0.00	2000
233	11.29	2066	2100	0.00	197	0	0	0	nan	0.00	0.03	4.61	84.12	88.71	0.00	40	0	43	0.00	0.00	64.64	7.61	0.00	0.00	2000
230	10.72	2132	2116	0.00	201	0	0	0	nan	0.00	0.62	7.57	81.82	89.28	0.00	40	0	43	0.00	0.00	67.24	7.94	0.00	0.00	2000
228	11.08	2063	2099	0.00	183	0	0	0	nan	0.00	0.02	6.54	82.46	88.92	0.00	40	0	43	0.00	0.00	67.17	7.95	0.00	0.00	2000
232	10.80	2138	2104	0.00	196	0	0	0	nan	0.00	0.00	5.24	84.16	89.20	0.00	40	0	43	0.00	0.00	65.37	7.49	0.00	0.00	2000
224	11.13	2033	2082	0.00	193	0	0	2	47.85	0.00	0.00	5.22	83.05	88.87	0.00	40	0	43	0.00	0.00	62.88	7.58	0.00	0.00	2000
233	11.33	2045	2110	1.07	197	0	0	10	36.76	0.00	0.00	5.66	83.52	88.67	0.00	40	0	43	0.00	0.00	65.82	7.67	0.00	0.00	2000
232	10.86	2132	2100	0.00	200	0	0	0	nan	0.00	0.00	6.79	82.32	89.14	0.00	40	0	43	0.00	0.00	67.08	7.81	0.00	0.00	2000
229	10.96	2089	2101	0.00	206	0	0	0	nan	0.00	0.00	5.14	84.12	89.04	0.00	40	0	43	0.00	0.00	66.28	7.71	0.00	0.00	2000
225	10.97	2107	2048	0.00	183	0	0	0	nan	0.00	0.01	5.07	81.80	89.03	0.00	40	0	43	0.00	0.00	63.45	7.50	0.00	0.00	2000
230	10.92	2060	2147	0.00	214	0	0	0	nan	0.00	0.00	6.53	84.67	89.08	0.00	40	0	43	0.00	0.00	65.47	7.73	0.00	0.00	2000
227	11.09	2050	2095	0.00	199	0	0	0	nan	0.00	0.00	5.92	82.77	88.91	0.00	40	0	43	0.00	0.00	65.59	7.73	0.00	0.00	2000
234	10.99	2117	2112	0.00	198	0	0	0	nan	0.00	0.04	4.05	85.51	89.01	0.00	40	0	43	0.00	0.00	66.88	7.80	0.00	0.00	2000
225	10.80	2117	2068	0.00	184	0	0	0	nan	0.00	0.00	5.13	82.72	89.20	0.00	40	0	43	0.00	0.00	65.87	7.71	0.00	0.00	2000
233	11.18	2055	2130	0.00	215	0	0	0	nan	0.00	1.01	8.06	81.18	88.82	0.00	40	0	43	0.00	0.00	65.65	7.81	0.00	0.00	2000
227	10.88	2088	2094	0.00	198	0	0	0	nan	0.00	0.99	7.75	80.18	89.12	0.00	40	0	43	0.00	0.00	64.69	7.61	0.00	0.00	2000
228	11.18	2052	2091	0.00	200	0	0	0	nan	0.00	0.51	8.03	80.03	88.82	0.00	40	0	43	0.00	0.00	65.50	7.67	0.00	0.00	2000
230	11.70	1964	2106	0.00	198	0	0	0	nan	0.00	0.00	6.25	82.45	88.30	0.00	40	0	43	0.00	0.00	65.18	7.57	0.00	0.00	2000
232	10.97	2103	2110	0.00	204	0	0	0	nan	0.00	0.00	5.90	83.64	89.03	0.00	40	0	43	0.00	0.00	66.53	7.92	0.00	0.00	2000
229	10.87	2113	2097	0.00	199	0	0	0	nan	0.00	0.02	6.70	82.28	89.13	0.00	40	0	43	0.00	0.00	65.65	7.67	0.00	0.00	2000
230	11.00	2093	2101	0.00	198	0	0	0	nan	0.00	0.02	5.77	83.38	89.00	0.00	40	0	43	0.00	0.00	65.31	7.83	0.00	0.00	2000
227	10.84	2097	2098	0.00	198	0	0	0	nan	0.00	0.00	5.96	83.20	89.16	0.00	40	0	43	0.00	0.00	65.15	7.66	0.00	0.00	2000
237	11.40	2082	2098	0.00	198	0	0	0	nan	0.00	0.00	6.21	82.39	88.60	0.00	40	0	43	0.00	0.00	64.77	7.65	0.00	0.00	2000
226	11.16	2042	2087	0.98	200	0	0	9	23.64	0.00	0.02	6.00	82.39	88.84	0.00	40	0	43	0.00	0.00	65.10	7.81	0.00	0.00	2000
229	10.91	2100	2100	0.19	197	0	0	0	nan	0.00	0.00	5.56	83.58	89.09	0.00	40	0	43	0.00	0.00	65.30	7.69	0.00	0.00	2000
230	11.25	2034	2111	0.00	199	0	0	0	nan	0.00	1.00	4.50	83.80	88.75	0.00	40	0	43	0.00	0.00	65.44	7.83	0.00	0.00	2000
229	11.35	2017	2099	0.00	199	0	0	0	nan	0.00	0.00	6.61	82.10	88.65	0.00	40	0	43	0.00	0.00	64.91	7.62	0.00	0.00	2000
226	10.90	2083	2092	0.00	197	0	0	0	nan	0.00	0.99	6.09	81.81	89.10	0.00	40	0	43	0.00	0.00	65.71	7.80	0.00	0.00	2000
233	11.39	2044	2102	0.00	201	0	0	0	nan	0.00	0.00	6.48	82.28	88.61	0.00	40	0	43	0.00	0.00	64.94	7.73	0.00	0.00	2000
232	10.98	2088	2123	0.00	198	0	0	0	nan	0.00	0.02	6.20	83.88	89.02	0.00	40	0	43	0.00	0.00	67.68	7.96	0.00	0.00	2000
230	11.04	2099	2083	0.00	197	0	0	0	nan	0.00	0.00	6.19	82.10	88.96	0.00	40	0	43	0.00	0.00	64.26	7.56	0.00	0.00	2000
228	10.76	2105	2114	0.00	196	0	0	0	nan	0.00	0.00	6.57	83.38	89.24	0.00	40	0	43	0.00	0.00	67.91	7.72	0.00	0.00	2000
229	10.70	2157	2087	0.00	183	0	0	0	nan	0.00	0.02	6.15	82.61	89.30	0.00	40	0	43	0.00	0.00	64.15	7.54	0.00	0.00	2000
232	11.22	2062	2108	0.00	198	0	0	0	nan	0.00	0.01	5.65	83.56	88.78	0.00	40	0	43	0.00	0.00	64.31	7.49	0.00	0.00	2000
229	10.84	2117	2092	0.00	201	0	0	0	nan	0.00	0.01	4.85	84.04	89.16	0.00	40	0	43	0.00	0.00	67.38	7.88	0.00	0.00	2000
226	11.03	2059	2089	0.00	196	0	0	0	nan	0.00	0.06	4.16	84.41	88.97	0.00	40	0	43	0.00	0.00	66.09	7.59	0.00	0.00	2000
227	11.60	2013	2041	0.00	199	0	0	0	nan	0.00	0.05	4.63	81.38	88.40	0.00	40	0	43	0.00	0.00	61.92	7.50	0.00	0.00	2000
235	10.49	2143	2194	0.00	219	0	0	0	nan	0.00	0.01	3.21	90.33	89.51	0.00	40	0	43	0.00	0.00	71.45	8.23	0.00	0.00	2000
230	10.67	2168	2090	0.00	198	0	0	0	nan	0.00	0.08	3.20	85.70	89.33	0.00	40	0	43	0.00	0.00	65.89	7.85	0.00	0.00	2000
226	10.69	2135	2082	0.00	185	0	0	0	nan	0.00	0.02	5.53	82.97	89.31	0.00	40	0	43	0.00	0.00	61.22	7.54	0.00	0.00	2000
231	10.83	2120	2116	0.67	215	0	0	10	26.46	0.00	0.00	5.81	84.06	89.17	0.00	40	0	43	0.00	0.00	68.43	7.62	0.00	0.00	2000
230	10.81	2113	2111	0.49	182	0	0	0	nan	0.00	0.02	6.11	83.60	89.19	0.00	40	0	43	0.00	0.00	64.99	7.67	0.00	0.00	2000
228	11.27	2051	2070	0.00	198	0	0	0	nan	0.00	0.00	4.35	83.21	88.73	0.00	40	0	43	0.00	0.00	65.60	7.53	0.00	0.00	2000
234	11.35	2050	2113	0.00	245	0	0	0	nan	0.00	0.03	6.21	83.09	88.65	0.00	40	0	43	0.00	0.00	68.19	8.04	0.00	0.00	2000
233	10.76	2153	2109	0.00	204	0	0	0	nan	0.00	0.00	6.43	83.23	89.24	0.00	40	0	43	0.00	0.00	67.47	7.79	0.00	0.00	2000
229	10.97	2080	2102	0.00	199	0	0	0	nan	0.00	0.02	5.74	83.51	89.03	0.00	40	0	43	0.00	0.00	63.78	7.46	0.00	0.00	2000
229	10.84	2118	2098	0.00	196	0	0	0	nan	0.00	0.01	4.81	84.35	89.16	0.00	40	0	43	0.00	0.00	66.42	7.75	0.00	0.00	2000
227	10.67	2147	2085	0.00	180	0	0	0	nan	0.00	0.53	4.48	83.72	89.33	0.00	40	0	43	0.00	0.00	63.74	7.39	0.00	0.00	2000
232	11.15	2075	2109	0.00	212	0	0	0	nan	0.00	1.07	2.16	86.20	88.85	0.00	40	0	43	0.00	0.00	67.71	7.80	0.00	0.00	2000
231	11.02	2093	2102	0.00	202	0	0	0	nan	0.01	0.07	5.27	83.82	88.98	0.00	40	0	42	0.00	0.00	65.47	7.68	0.00	0.00	2000
229	10.53	2181	2096	0.00	180	0	0	0	nan	0.01	0.03	3.42	85.83	89.47	0.00	40	0	43	0.00	0.00	66.80	7.75	0.00	0.00	2000
228	11.07	2067	2094	0.00	195	0	0	0	nan	0.00	0.43	4.86	83.45	88.93	0.00	40	0	43	0.00	0.00	63.73	7.38	0.00	0.00	2000
230	11.06	2078	2104	0.00	195	0	0	0	nan	0.00	0.01	5.36	83.86	88.94	0.00	40	0	43	0.00	0.00	65.71	7.84	0.00	0.00	2000
230	11.11	2091	2079	0.00	198	0	0	0	nan	0.00	0.02	5.30	82.75	88.89	0.00	40	0	43	0.00	0.00	66.04	7.75	0.00	0.00	2000
234	11.41	2068	2081	0.00	197	0	0	0	nan	0.00	0.02	4.01	83.83	88.59	0.00	40	0	43	0.00	0.00	63.03	7.68	0.00	0.00	2000
229	10.76	2082	2145	0.00	218	0	0	0	nan	0.00	0.00	7.45	83.74	89.24	0.00	41	0	43	0.00	0.00	71.79	7.94	0.00	0.00	2000
231	11.07	2078	2111	0.00	202	0	0	0	nan	0.00	0.00	6.11	83.37	88.93	0.00	40	0	43	0.00	0.00	64.31	7.55	0.00	0.00	2000
313	14.18	2225	2083	0.32	204	0	0	19	54.09	0.00	0.00	7.91	77.34	85.82	0.00	40	0	43	0.00	0.00	67.26	7.84	0.00	0.00	2000
230	10.90	2113	2096	0.73	199	0	0	4	73.53	0.00	0.00	6.01	83.00	89.10	0.00	40	0	43	0.00	0.00	65.42	7.71	0.00	0.00	2000
234	11.37	2038	2117	0.00	199	0	0	0	nan	0.00	0.03	5.23	84.17	88.63	0.00	40	0	43	0.00	0.00	66.27	7.81	0.00	0.00	2000
231	11.04	2086	2102	0.00	201	0	0	0	nan	0.00	0.09	4.82	84.29	88.96	0.00	40	0	43	0.00	0.00	65.87	7.82	0.00	0.00	2000
227	11.13	2046	2092	0.00	200	0	0	0	nan	0.00	0.30	4.71	83.63	88.87	0.00	40	0	43	0.00	0.00	65.21	7.78	0.00	0.00	2000
232	11.03	2087	2113	0.00	198	0	0	0	nan	0.00	0.00	6.00	83.61	88.97	0.00	40	0	43	0.00	0.00	67.31	8.07	0.00	0.00	2000
224	10.71	2126	2066	0.00	182	0	0	0	nan	0.00	0.52	5.09	82.29	89.29	0.00	40	0	43	0.00	0.00	60.67	7.49	0.00	0.00	2000
236	11.33	2056	2125	0.00	214	0	0	0	nan	0.00	0.00	6.73	83.05	88.67	0.00	40	0	43	0.00	0.00	70.96	8.06	0.00	0.00	2000
225	11.06	2089	2046	0.00	187	0	0	0	nan	0.00	0.02	5.92	80.80	88.94	0.00	40	0	43	0.00	0.00	62.93	7.48	0.00	0.00	2000
231	11.13	2022	2159	0.00	213	0	0	0	nan	0.00	0.00	6.63	84.87	88.87	0.00	40	0	43	0.00	0.00	68.08	8.20	0.00	0.00	2000
228	10.98	2074	2102	0.00	198	0	0	0	nan	0.00	0.00	4.40	84.70	89.02	0.00	40	0	42	0.00	0.00	66.27	7.75	0.00	0.00	2000
228	11.03	2080	2089	0.00	196	0	0	0	nan	0.00	0.00	4.71	83.88	88.97	0.00	40	0	43	0.00	0.00	65.74	7.75	0.00	0.00	2000
227	11.16	2051	2082	0.00	197	0	0	0	nan	0.00	0.00	5.96	82.31	88.84	0.00	40	0	43	0.00	0.00	63.05	7.41	0.00	0.00	2000
232	10.99	2103	2106	0.00	203	0	0	0	nan	0.00	0.00	5.60	83.70	89.01	0.00	40	0	43	0.00	0.00	65.97	7.87	0.00	0.00	2000
233	11.11	2073	2124	0.00	197	0	0	0	nan	0.00	0.00	7.53	82.42	88.89	0.00	40	0	43	0.00	0.00	66.20	7.85	0.00	0.00	2000
229	11.11	2059	2098	0.00	199	0	0	0	nan	0.00	0.00	5.27	83.74	88.89	0.00	40	0	43	0.00	0.00	65.39	7.72	0.00	0.00	2000
225	10.76	2113	2079	0.00	197	0	0	0	nan	0.00	0.00	5.43	83.01	89.24	0.00	40	0	43	0.00	0.00	65.42	7.52	0.00	0.00	2000
229	11.08	2064	2105	0.11	198	0	0	7	34.84	0.00	0.00	7.90	81.38	88.92	0.00	40	0	43	0.00	0.00	65.61	7.72	0.00	0.00	2000
234	11.00	2110	2115	0.97	202	0	0	6	45.35	0.01	0.06	4.18	85.56	89.00	0.00	40	0	43	0.00	0.00	66.87	7.91	0.00	0.00	2000
227	11.09	2059	2092	0.00	196	0	0	0	nan	0.00	0.95	4.71	83.01	88.91	0.00	40	0	43	0.00	0.00	64.46	7.49	0.00	0.00	2000
228	11.08	2066	2096	0.00	199	0	0	0	nan	0.00	0.00	8.52	80.34	88.92	0.00	40	0	43	0.00	0.00	66.52	7.81	0.00	0.00	2000
231	11.19	2061	2102	0.00	199	0	0	0	nan	0.00	0.00	6.54	82.45	88.81	0.00	40	0	43	0.00	0.00	65.64	7.79	0.00	0.00	2000
228	10.86	2092	2103	0.00	197	0	0	0	nan	0.00	0.00	6.03	83.31	89.14	0.00	40	0	43	0.00	0.00	63.97	7.49	0.00	0.00	2000
235	11.45	2055	2096	0.00	214	0	0	0	nan	0.00	0.00	9.83	78.53	88.55	0.00	40	0	43	0.00	0.00	67.54	7.88	0.00	0.00	2000
230	11.02	2096	2095	0.00	204	0	0	0	nan	0.00	0.00	4.56	84.28	88.98	0.00	40	0	43	0.00	0.00	66.37	7.85	0.00	0.00	2000
230	10.82	2102	2122	0.00	199	0	0	0	nan	0.00	0.00	6.65	83.53	89.18	0.00	40	0	43	0.00	0.00	66.69	8.05	0.00	0.00	2000
224	10.88	2080	2083	0.00	198	0	0	0	nan	0.00	0.00	5.60	82.94	89.12	0.00	40	0	43	0.00	0.00	65.23	7.81	0.00	0.00	2000
232	11.05	2081	2116	0.00	198	0	0	0	nan	0.00	0.00	4.69	85.03	88.95	0.00	41	0	43	0.00	0.00	66.49	7.72	0.00	0.00	2000
234	10.91	2136	2105	0.00	197	0	0	0	nan	0.00	0.00	6.71	82.65	89.09	0.00	40	0	43	0.00	0.00	63.99	7.58	0.00	0.00	2000
228	11.24	2076	2051	0.00	201	0	0	0	nan	0.00	0.47	6.48	79.86	88.76	0.00	40	0	43	0.00	0.00	63.96	7.62	0.00	0.00	2000
233	10.73	2113	2153	0.00	212	0	0	0	nan	0.00	1.53	8.85	81.29	89.27	0.00	40	0	43	0.00	0.00	67.79	7.97	0.00	0.00	2000
228	11.00	2082	2088	0.00	198	0	0	0	nan	0.00	0.95	6.36	81.41	89.00	0.00	40	0	43	0.00	0.00	65.19	7.58	0.00	0.00	2000
229	10.98	2081	2107	0.00	198	0	0	0	nan	0.00	0.00	6.28	83.13	89.02	0.00	41	0	43	0.00	0.00	66.19	7.72	0.00	0.00	2000
227	11.00	2082	2086	0.00	182	0	0	0	nan	0.00	0.00	5.38	83.11	89.00	0.00	40	0	43	0.00	0.00	66.29	7.72	0.00	0.00	2000
230	11.02	2090	2095	0.00	203	0	0	4	44.82	0.00	0.02	5.76	83.07	88.98	0.00	40	0	43	0.00	0.00	66.24	7.98	0.00	0.00	2000
230	10.99	2087	2105	1.05	196	0	0	8	37.23	0.00	0.00	6.01	83.29	89.01	0.00	40	0	43	0.00	0.00	66.36	7.71	0.00	0.00	2000
229	10.92	2092	2108	0.00	198	0	0	0	nan	0.00	0.02	4.65	84.83	89.08	0.00	40	0	43	0.00	0.00	65.97	7.67	0.00	0.00	2000
231	11.11	2073	2105	0.00	196	0	0	0	nan	0.00	0.02	5.18	84.00	88.89	0.00	40	0	43	0.00	0.00	66.08	7.37	0.00	0.00	2000
228	10.91	2095	2098	0.00	197	0	0	0	nan	0.00	0.02	4.59	84.52	89.09	0.00	40	0	43	0.00	0.00	64.95	7.89	0.00	0.00	2000
227	11.34	2079	2025	0.00	199	0	0	0	nan	0.00	0.97	3.51	81.07	88.66	0.00	40	0	43	0.00	0.00	62.35	7.16	0.00	0.00	2000
232	10.92	2055	2175	0.00	221	0	0	0	nan	0.00	1.02	2.77	88.57	89.08	0.00	40	0	43	0.00	0.00	68.61	8.03	0.00	0.00	2000
228	11.29	2030	2090	0.00	198	0	0	0	nan	0.00	0.00	6.62	81.81	88.71	0.00	40	0	43	0.00	0.00	63.51	7.32	0.00	0.00	2000
229	11.08	2057	2110	0.00	200	0	0	0	nan	0.00	0.01	5.89	83.56	88.92	0.00	40	0	43	0.00	0.00	68.48	7.90	0.00	0.00	2000
231	10.98	2099	2109	0.00	198	0	0	0	nan	0.00	0.00	5.21	84.28	89.02	0.00	40	0	43	0.00	0.00	66.50	7.73	0.00	0.00	2000
227	11.33	2025	2078	0.00	202	0	0	0	nan	0.00	0.00	6.40	81.44	88.67	0.00	40	0	43	0.00	0.00	61.27	7.15	0.00	0.00	2000
231	11.32	2028	2117	0.00	197	0	0	0	nan	0.00	0.00	6.04	83.41	88.68	0.00	40	0	43	0.00	0.00	68.03	7.88	0.00	0.00	2000
228	11.10	2064	2091	0.00	197	0	0	0	nan	0.00	0.02	5.08	83.54	88.90	0.00	40	0	43	0.00	0.00	63.46	7.43	0.00	0.00	2000
229	11.16	2058	2093	0.00	198	0	0	0	nan	0.00	0.00	5.74	82.90	88.84	0.00	40	0	43	0.00	0.00	65.56	7.70	0.00	0.00	2000
229	10.98	2082	2106	0.00	198	0	0	0	nan	0.00	0.00	5.93	83.42	89.02	0.00	40	0	43	0.00	0.00	66.23	7.72	0.00	0.00	2000
241	11.51	2080	2111	0.00	202	0	0	0	nan	0.00	0.04	6.85	82.18	88.49	0.00	40	0	43	0.00	0.00	66.07	7.84	0.00	0.00	2000
229	10.86	2112	2101	0.00	206	0	0	0	nan	0.00	0.05	5.60	83.63	89.14	0.00	40	0	43	0.00	0.00	66.65	7.98	0.00	0.00	2000
226	10.76	2133	2071	0.00	180	0	0	1	63.22	0.00	0.05	2.88	85.19	89.24	0.00	40	0	43	0.00	0.00	63.21	7.38	0.00	0.00	2000
231	10.85	2102	2125	1.10	212	0	0	11	34.61	0.00	0.00	4.07	86.21	89.15	0.00	40	0	43	0.00	0.00	67.75	8.03	0.00	0.00	2000
230	10.83	2124	2102	0.00	197	0	0	0	nan	0.00	0.01	5.06	84.26	89.17	0.00	40	0	43	0.00	0.00	66.03	7.82	0.00	0.00	2000
229	10.99	2094	2086	0.00	182	0	0	0	nan	0.01	0.01	5.82	82.66	89.01	0.00	40	0	43	0.00	0.00	63.52	7.49	0.00	0.00	2000
230	11.12	2106	2065	0.00	203	0	0	0	nan	0.00	0.00	4.83	82.61	88.88	0.00	40	0	43	0.00	0.00	65.74	7.69	0.00	0.00	2000
231	10.64	2113	2154	0.00	214	0	0	0	nan	0.00	0.03	8.25	83.47	89.36	0.00	40	0	43	0.00	0.00	66.17	7.73	0.00	0.00	2000
231	11.07	2090	2098	0.00	193	0	0	0	nan	0.00	0.00	5.72	83.22	88.93	0.00	40	0	43	0.00	0.00	65.92	7.64	0.00	0.00	2000
228	11.00	2078	2099	0.00	197	0	0	0	nan	0.00	0.00	5.61	83.41	89.00	0.00	40	0	43	0.00	0.00	66.55	7.86	0.00	0.00	2000
228	10.87	2099	2100	0.00	197	0	0	0	nan	0.00	0.00	5.68	83.54	89.13	0.00	40	0	43	0.00	0.00	63.58	7.40	0.00	0.00	2000
229	11.01	2097	2085	0.00	186	1	0	0	nan	0.00	0.03	5.80	82.64	88.99	0.00	40	0	43	0.00	0.00	66.10	7.71	0.00	0.00	2000
234	11.02	2098	2125	0.00	199	0	0	0	nan	0.00	0.00	6.33	83.75	88.98	0.00	40	0	43	0.00	0.00	67.23	7.81	0.00	0.00	2000
226	10.72	2133	2076	0.00	198	0	0	0	nan	0.00	0.00	5.13	83.18	89.28	0.00	40	0	43	0.00	0.00	63.35	7.47	0.00	0.00	2000
232	11.14	2076	2105	0.00	195	0	0	0	nan	0.00	0.00	3.79	85.34	88.86	0.00	40	0	43	0.00	0.00	65.72	7.87	0.00	0.00	2000
230	11.20	2042	2109	0.00	197	0	0	0	nan	0.00	0.00	4.07	85.23	88.80	0.00	40	0	43	0.00	0.00	65.35	7.87	0.00	0.00	2000
232	10.95	2121	2103	0.00	197	0	0	0	nan	0.00	1.12	3.46	84.77	89.06	0.00	41	0	43	0.00	0.00	66.76	8.04	0.00	0.00	2000
228	10.80	2118	2093	0.00	200	0	0	0	nan	0.00	0.05	5.19	83.67	89.20	0.00	40	0	43	0.00	0.00	65.59	7.66	0.00	0.00	2000
230	10.75	2148	2095	0.00	198	0	0	0	nan	0.00	0.02	4.80	84.30	89.25	0.00	40	0	43	0.00	0.00	63.79	7.56	0.00	0.00	2000
229	11.16	2045	2111	0.00	182	0	0	0	nan	0.00	0.00	5.62	83.83	88.84	0.00	41	0	43	0.00	0.00	67.06	7.96	0.00	0.00	2000
231	11.10	2076	2103	0.75	194	0	0	10	26.69	0.00	0.02	5.63	83.54	88.90	0.00	40	0	43	0.00	0.00	67.24	7.89	0.00	0.00	2000
228	11.30	2023	2094	0.42	197	0	0	0	nan	0.01	0.00	4.36	84.23	88.70	0.00	41	0	43	0.00	0.00	59.95	7.45	0.00	0.00	2000
230	11.00	2103	2090	0.00	200	0	0	0	nan	0.00	0.00	6.10	82.49	89.00	0.00	40	0	43	0.00	0.00	69.43	7.58	0.00	0.00	2000
228	11.24	2031	2094	0.00	196	0	0	0	nan	0.00	0.00	6.83	81.81	88.76	0.00	40	0	43	0.00	0.00	65.55	7.61	0.00	0.00	2000
230	11.01	2075	2114	0.00	198	0	0	0	nan	0.00	0.00	5.93	83.69	88.99	0.00	40	0	43	0.00	0.00	65.30	7.77	0.00	0.00	2000
230	11.12	2072	2100	0.00	195	0	0	0	nan	0.00	0.00	5.26	83.71	88.88	0.00	40	0	43	0.00	0.00	65.61	7.66	0.00	0.00	2000
231	11.24	2060	2093	0.00	202	0	0	0	nan	0.00	0.00	5.09	83.50	88.76	0.00	40	0	43	0.00	0.00	64.98	7.67	0.00	0.00	2000
233	11.33	2060	2097	0.00	197	0	0	0	nan	0.00	0.00	6.08	82.52	88.67	0.00	41	0	43	0.00	0.00	64.43	7.52	0.00	0.00	2000
228	11.14	2048	2099	0.00	202	0	0	0	nan	0.00	0.04	5.88	83.01	88.86	0.00	40	0	43	0.00	0.00	66.25	7.86	0.00	0.00	2000
227	11.02	2068	2095	0.00	199	0	0	0	nan	0.00	0.02	4.43	84.51	88.98	0.00	40	0	43	0.00	0.00	65.35	7.70	0.00	0.00	2000
234	10.95	2117	2122	0.00	198	0	0	0	nan	0.00	1.01	6.04	82.97	89.05	0.00	40	0	42	0.00	0.00	63.55	7.52	0.00	0.00	2000
229	10.74	2135	2096	0.00	199	0	0	0	nan	0.00	1.00	6.17	81.99	89.26	0.00	40	0	42	0.00	0.00	65.87	7.70	0.00	0.00	2000
230	11.18	2078	2078	0.00	197	0	0	0	nan	0.00	0.00	6.16	81.83	88.82	0.00	40	0	43	0.00	0.00	66.92	7.82	0.00	0.00	2000
233	11.25	2047	2129	0.00	207	0	0	0	nan	0.00	0.00	8.19	81.94	88.75	0.00	40	0	43	0.00	0.00	64.60	7.57	0.00	0.00	2000
228	11.13	2058	2093	0.00	199	0	0	0	nan	0.00	0.00	7.74	80.92	88.87	0.00	40	0	42	0.00	0.00	64.95	7.66	0.00	0.00	2000
228	10.89	2095	2094	0.00	199	0	0	0	nan	0.00	0.00	6.23	82.69	89.11	0.00	40	0	43	0.00	0.00	66.24	7.81	0.00	0.00	2000
230	11.02	2086	2100	0.00	196	0	0	0	nan	0.00	0.00	6.89	82.10	88.98	0.00	40	0	43	0.00	0.00	65.35	7.67	0.00	0.00	2000
226	11.18	2055	2064	0.46	197	0	0	9	33.61	0.00	0.02	5.55	81.84	88.82	0.00	40	0	43	0.00	0.00	65.35	7.73	0.00	0.00	2000
234	10.96	2093	2141	0.69	200	0	0	3	65.40	0.00	0.05	5.46	85.39	89.04	0.00	40	0	43	0.00	0.00	64.14	7.76	0.00	0.00	2000
228	10.94	2090	2096	0.00	198	0	0	0	nan	0.00	0.04	4.95	83.95	89.06	0.00	41	0	43	0.00	0.00	65.61	7.44	0.00	0.00	2000
230	11.23	2048	2097	0.00	198	0	0	0	nan	0.00	0.00	5.27	83.45	88.77	0.00	40	0	43	0.00	0.00	65.67	7.78	0.00	0.00	2000
228	10.93	2090	2097	0.00	198	0	0	0	nan	0.00	0.56	4.28	84.25	89.07	0.00	40	0	43	0.00	0.00	65.30	7.99	0.00	0.00	2000
230	10.90	2107	2104	0.00	198	0	0	0	nan	0.00	0.00	6.20	83.16	89.10	0.00	41	0	43	0.00	0.00	65.97	7.84	0.00	0.00	2000
229	11.20	2048	2101	0.00	203	0	0	0	nan	0.00	0.15	7.29	81.48	88.80	0.00	40	0	43	0.00	0.00	65.33	7.69	0.00	0.00	2000
222	11.52	1996	2030	0.00	193	0	0	0	nan	0.00	0.00	5.65	79.96	88.48	0.00	40	0	43	0.00	0.00	62.08	7.23	0.00	0.00	2000
234	10.62	2114	2190	0.00	215	0	0	0	nan	0.00	0.01	4.46	88.76	89.38	0.00	40	0	43	0.00	0.00	69.53	8.50	0.00	0.00	2000
226	11.04	2057	2090	0.00	198	0	0	0	nan	0.00	0.00	5.79	82.85	88.96	0.00	40	0	43	0.00	0.00	65.19	7.69	0.00	0.00	2000
229	11.02	2091	2091	0.00	199	0	0	0	nan	0.00	0.00	6.40	82.30	88.98	0.00	41	0	43	0.00	0.00	65.56	7.68	0.00	0.00	2000
232	10.96	2104	2111	0.00	203	0	0	0	nan	0.00	0.00	6.09	83.46	89.04	0.00	40	0	43	0.00	0.00	66.55	7.75	0.00	0.00	2000
224	11.07	2053	2074	0.00	197	0	0	0	nan	0.00	0.00	7.75	80.30	88.93	0.00	41	0	43	0.00	0.00	64.35	7.54	0.00	0.00	2000
230	11.26	2059	2087	0.00	198	0	0	0	nan	0.00	0.00	4.74	83.51	88.74	0.00	41	0	43	0.00	0.00	63.65	7.48	0.00	0.00	2000
225	10.85	2059	2113	0.00	215	0	0	0	nan	0.00	0.03	5.73	84.03	89.15	0.00	40	0	43	0.00	0.00	67.62	7.67	0.00	0.00	2000
236	11.19	2072	2141	0.00	198	0	0	0	nan	0.00	0.00	6.24	84.41	88.81	0.00	40	0	42	0.00	0.00	66.42	7.90	0.00	0.00	2000
224	11.27	2038	2052	0.00	206	0	0	0	nan	0.00	0.00	6.70	80.16	88.73	0.00	41	0	43	0.00	0.00	64.82	7.19	0.00	0.00	2000
232	10.96	2065	2149	0.56	196	0	0	8	24.05	0.00	0.01	6.54	84.56	89.04	0.00	41	0	43	0.00	0.00	64.70	7.99	0.00	0.00	2000
225	10.97	2069	2084	0.79	197	0	0	2	69.28	0.00	0.00	5.15	83.31	89.03	0.00	40	0	43	0.00	0.00	66.24	7.67	0.00	0.00	2000
224	11.52	2007	2033	0.00	197	0	0	0	nan	0.00	0.00	4.57	81.20	88.48	0.00	41	0	43	0.00	0.00	63.18	7.31	0.00	0.00	2000
232	11.27	1991	2174	0.00	217	0	0	0	nan	0.00	0.01	4.93	87.04	88.73	0.00	41	0	43	0.00	0.00	68.17	8.07	0.00	0.00	2000
230	11.27	2040	2098	0.00	197	0	0	0	nan	0.00	0.00	5.78	82.94	88.73	0.00	41	0	43	0.00	0.00	66.48	7.84	0.00	0.00	2000
226	11.18	2046	2078	0.00	200	0	0	0	nan	0.00	0.00	5.64	82.34	88.82	0.00	41	0	43	0.00	0.00	64.91	7.70	0.00	0.00	2000
230	11.08	2058	2117	0.00	199	0	0	0	nan	0.00	0.00	4.90	84.90	88.92	0.00	41	0	43	0.00	0.00	65.68	7.76	0.00	0.00	2000
223	11.47	2012	2030	0.00	197	0	0	0	nan	0.00	0.00	4.59	81.09	88.53	0.00	41	0	43	0.00	0.00	62.25	7.44	0.00	0.00	2000
231	10.79	2080	2164	0.00	219	0	0	0	nan	0.00	0.02	3.72	88.31	89.21	0.00	41	0	43	0.00	0.00	68.84	8.11	0.00	0.00	2000
230	11.14	2092	2074	0.00	198	0	0	0	nan	0.00	0.01	3.51	84.23	88.86	0.00	41	0	43	0.00	0.00	63.84	7.51	0.00	0.00	2000
230	10.65	2118	2140	0.00	213	0	0	0	nan	0.00	0.00	5.12	86.00	89.35	0.00	40	0	43	0.00	0.00	69.34	8.05	0.00	0.00	2000
230	11.05	2064	2113	0.00	198	0	0	0	nan	0.00	0.00	6.84	82.70	88.95	0.00	41	0	43	0.00	0.00	66.40	7.61	0.00	0.00	2000
229	11.19	2077	2073	0.00	199	0	0	0	nan	0.00	0.00	6.18	81.55	88.81	0.00	41	0	43	0.00	0.00	62.10	7.31	0.00	0.00	2000
224	11.41	2010	2051	0.00	201	0	0	0	nan	0.00	0.00	6.30	80.32	88.59	0.00	41	0	43	0.00	0.00	65.47	7.89	0.00	0.00	2000
236	10.71	2113	2188	0.00	215	0	0	0	nan	0.00	0.00	5.88	87.24	89.29	0.00	41	0	43	0.00	0.00	69.82	8.20	0.00	0.00	2000
225	10.73	2128	2065	0.00	197	0	0	0	nan	0.00	0.00	5.68	82.20	89.27	0.00	41	0	43	0.00	0.00	61.73	7.45	0.00	0.00	2000
229	10.90	2073	2125	0.00	198	0	0	0	nan	0.00	0.00	6.50	83.73	89.10	0.00	41	0	43	0.00	0.00	68.86	7.99	0.00	0.00	2000
233	11.01	2103	2108	0.88	198	0	0	7	13.41	0.00	0.00	6.24	83.17	88.99	0.00	41	0	43	0.00	0.00	66.66	7.86	0.00	0.00	2000
222	11.35	2033	2024	0.48	206	0	0	0	nan	0.00	0.00	4.49	81.06	88.65	0.00	41	0	43	0.00	0.00	61.74	7.40	0.00	0.00	2000
231	10.57	2119	2163	0.00	217	0	0	0	nan	0.00	0.00	5.56	86.58	89.43	0.00	41	0	43	0.00	0.00	69.51	8.25	0.00	0.00	2000
229	11.33	2048	2069	0.00	196	0	0	0	nan	0.00	0.51	4.37	82.52	88.67	0.00	41	0	43	0.00	0.00	63.77	7.38	0.00	0.00	2000
232	10.55	2148	2153	0.00	214	0	0	0	nan	0.00	0.00	4.78	87.03	89.45	0.00	41	0	43	0.00	0.00	68.82	8.23	0.00	0.00	2000
226	11.20	2029	2088	0.00	201	0	0	0	nan	0.00	0.00	6.30	82.11	88.80	0.00	41	0	43	0.00	0.00	64.99	7.69	0.00	0.00	2000
229	11.08	2065	2102	0.00	197	0	0	0	nan	0.00	0.00	6.10	82.93	88.92	0.00	41	0	43	0.00	0.00	63.44	7.54	0.00	0.00	2000
227	11.09	2056	2087	0.00	198	0	0	0	nan	0.00	0.00	5.95	82.50	88.91	0.00	41	0	43	0.00	0.00	65.50	7.85	0.00	0.00	2000
229	11.16	2039	2110	0.00	198	0	0	0	nan	0.00	0.00	5.78	83.58	88.84	0.00	41	0	43	0.00	0.00	68.86	8.29	0.00	0.00	2000
225	11.65	1994	2035	0.00	198	0	0	0	nan	0.00	0.00	5.31	80.46	88.35	0.00	41	0	43	0.00	0.00	61.96	7.33	0.00	0.00	2000
227	11.08	2041	2105	0.00	220	0	0	0	nan	0.00	0.00	5.17	84.06	88.92	0.00	40	0	43	0.00	0.00	65.85	7.76	0.00	0.00	2000
239	11.54	2038	2129	0.00	213	0	0	0	nan	0.00	0.00	4.54	85.20	88.46	0.00	40	0	43	0.00	0.00	67.25	7.92	0.00	0.00	2000
226	10.86	2048	2138	0.00	212	0	0	0	nan	0.00	0.00	6.22	84.60	89.14	0.00	40	0	43	0.00	0.00	68.12	7.97	0.00	0.00	2000
229	10.95	2115	2077	0.00	202	0	0	0	nan	0.00	0.00	5.72	82.50	89.05	0.00	41	0	43	0.00	0.00	64.59	7.71	0.00	0.00	2000
232	11.45	2039	2083	0.00	209	0	0	0	nan	0.01	0.01	2.36	85.55	88.55	0.00	41	0	43	0.00	0.00	64.45	7.69	0.00	0.00	2000
230	10.76	2088	2146	0.00	211	0	0	0	nan	0.00	0.03	4.59	86.62	89.24	0.00	40	0	43	0.00	0.00	65.84	7.70	0.00	0.00	2000
226	10.96	2069	2094	0.00	195	0	0	2	44.22	0.01	0.02	4.65	84.19	89.04	0.00	41	0	43	0.00	0.00	65.23	7.66	0.00	0.00	2000
226	11.02	2070	2077	1.29	199	0	0	8	27.95	0.00	0.00	6.12	82.02	88.98	0.00	40	0	42	0.00	0.00	64.54	7.53	0.00	0.00	2000
235	11.00	2106	2132	0.00	201	0	0	0	nan	0.00	0.06	3.39	87.01	89.00	0.00	40	0	43	0.00	0.00	66.78	8.03	0.00	0.00	2000
228	10.96	2092	2086	0.00	198	0	0	0	nan	0.00	0.00	6.48	82.02	89.04	0.00	41	0	43	0.00	0.00	65.46	7.78	0.00	0.00	2000
226	11.25	2005	2108	0.00	198	0	0	0	nan	0.00	0.00	7.70	81.49	88.75	0.00	40	0	43	0.00	0.00	65.20	7.81	0.00	0.00	2000
229	11.09	2073	2094	0.00	195	0	0	0	nan	0.00	0.00	6.21	82.55	88.91	0.00	40	0	43	0.00	0.00	65.76	7.89	0.00	0.00	2000
226	11.08	2055	2083	0.00	200	0	0	0	nan	0.00	0.00	6.22	82.01	88.92	0.00	40	0	43	0.00	0.00	65.32	7.66	0.00	0.00	2000
233	11.09	2081	2123	0.00	204	0	0	0	nan	0.00	0.03	6.29	83.66	88.91	0.00	41	0	43	0.00	0.00	66.41	7.96	0.00	0.00	2000
227	11.06	2057	2098	0.00	196	0	0	0	nan	0.00	0.00	6.43	82.47	88.94	0.00	40	0	43	0.00	0.00	65.83	7.76	0.00	0.00	2000
228	11.40	2040	2061	0.00	197	0	0	0	nan	0.00	0.00	5.80	81.21	88.60	0.00	41	0	43	0.00	0.00	66.54	7.92	0.00	0.00	2000
227	10.90	2040	2143	0.00	214	0	0	0	nan	0.00	0.00	4.27	86.75	89.10	0.00	41	0	43	0.00	0.00	65.04	7.65	0.00	0.00	2000
227	11.07	2067	2087	0.00	199	0	0	0	nan	0.00	0.04	4.51	84.01	88.93	0.00	41	0	43	0.00	0.00	65.36	7.70	0.00	0.00	2000
233	11.40	2016	2125	0.00	198	0	0	0	nan	0.00	0.01	6.24	83.50	88.60	0.00	41	0	43	0.00	0.00	63.42	7.58	0.00	0.00	2000
228	11.17	2061	2077	0.00	198	0	0	0	nan	0.00	0.00	6.64	81.41	88.83	0.00	41	0	43	0.00	0.00	67.50	8.02	0.00	0.00	2000
230	11.02	2067	2118	0.00	198	0	0	0	nan	0.00	0.46	8.59	80.77	88.98	0.00	40	0	43	0.00	0.00	66.17	7.91	0.00	0.00	2000
226	11.22	2024	2092	0.00	198	0	0	0	nan	0.00	0.95	7.07	80.56	88.78	0.00	41	0	43	0.00	0.00	65.43	7.80	0.00	0.00	2000
230	11.09	2067	2111	0.00	198	0	0	0	nan	0.00	0.00	5.54	83.86	88.91	0.00	41	0	43	0.00	0.00	64.19	7.55	0.00	0.00	2000
223	11.58	2002	2024	0.00	198	0	0	1	37.06	0.00	0.00	7.08	78.27	88.42	0.00	41	0	43	0.00	0.00	64.61	7.57	0.00	0.00	2000
227	11.15	2035	2105	1.21	214	0	0	7	22.41	0.00	0.01	5.55	83.53	88.85	0.00	41	0	43	0.00	0.00	66.24	7.66	0.00	0.00	2000
226	11.22	2021	2092	0.00	212	0	0	0	nan	0.00	0.00	4.33	84.15	88.78	0.00	41	0	43	0.00	0.00	65.48	7.71	0.00	0.00	2000
232	10.82	2077	2166	0.00	215	0	0	0	nan	0.00	0.00	4.21	87.78	89.18	0.00	40	0	43	0.00	0.00	69.31	8.15	0.00	0.00	2000
229	11.07	2072	2093	0.00	205	0	0	0	nan	0.00	0.00	6.00	82.77	88.93	0.00	41	0	43	0.00	0.00	65.71	7.77	0.00	0.00	2000
226	11.12	2074	2054	0.00	196	0	0	0	nan	0.00	0.00	4.72	82.33	88.88	0.00	41	0	43	0.00	0.00	63.19	7.40	0.00	0.00	2000
227	10.90	2082	2102	0.00	215	0	0	0	nan	0.00	0.00	3.59	85.65	89.10	0.00	41	0	43	0.00	0.00	63.95	7.39	0.00	0.00	2000
236	10.93	2100	2162	0.00	214	0	0	0	nan	0.00	0.00	4.51	87.33	89.07	0.00	40	0	43	0.00	0.00	72.38	8.33	0.00	0.00	2000
229	11.11	2073	2086	0.00	203	0	0	0	nan	0.00	0.05	5.94	82.43	88.89	0.00	40	0	43	0.00	0.00	63.06	7.42	0.00	0.00	2000
231	11.09	2057	2122	0.00	200	0	0	0	nan	0.00	0.02	4.41	85.48	88.91	0.00	41	0	43	0.00	0.00	66.84	7.93	0.00	0.00	2000
223	11.34	2042	2026	0.00	198	0	0	0	nan	0.00	0.00	5.12	80.49	88.66	0.00	41	0	43	0.00	0.00	63.72	7.53	0.00	0.00	2000
233	10.80	2071	2184	0.00	217	0	0	0	nan	0.01	0.00	5.91	87.00	89.20	0.00	41	0	42	0.00	0.00	71.38	8.43	0.00	0.00	2000
233	11.29	2056	2104	0.00	200	0	0	0	nan	0.00	0.00	6.07	82.86	88.71	0.00	41	0	43	0.00	0.00	67.54	8.08	0.00	0.00	2000
229	10.98	2109	2077	0.00	200	0	0	0	nan	0.00	0.00	6.54	81.53	89.02	0.00	41	0	43	0.00	0.00	67.17	7.92	0.00	0.00	2000
227	11.04	2042	2110	0.00	197	0	0	0	nan	0.00	0.00	7.74	81.71	88.96	0.00	41	0	43	0.00	0.00	66.59	7.91	0.00	0.00	2000
230	10.88	2105	2113	0.00	198	0	0	0	nan	0.00	0.00	5.86	83.76	89.12	0.00	41	0	43	0.00	0.00	68.16	8.14	0.00	0.00	2000
230	10.90	2122	2085	0.00	199	0	0	0	nan	0.00	0.00	6.38	82.11	89.10	0.00	41	0	43	0.00	0.00	67.18	7.95	0.00	0.00	2000
222	10.65	2112	2072	0.00	198	0	0	6	21.69	0.00	0.00	7.58	80.66	89.35	0.00	41	0	43	0.00	0.00	65.92	7.71	0.00	0.00	2000
234	11.13	2072	2131	1.57	201	0	0	7	28.62	0.00	0.04	5.11	85.14	88.87	0.00	41	0	43	0.00	0.00	67.38	8.04	0.00	0.00	2000
228	10.93	2084	2101	0.00	198	0	0	0	nan	0.00	0.00	4.54	84.66	89.07	0.00	41	0	42	0.00	0.00	67.48	7.83	0.00	0.00	2000
229	11.10	2070	2094	0.00	198	0	0	0	nan	0.00	0.00	5.65	83.15	88.90	0.00	40	0	43	0.00	0.00	66.49	8.00	0.00	0.00	2000
231	11.12	2058	2118	0.00	198	0	0	0	nan	0.00	0.00	6.76	82.93	88.88	0.00	41	0	43	0.00	0.00	67.82	7.96	0.00	0.00	2000
228	11.03	2074	2091	0.00	197	0	0	0	nan	0.00	0.00	6.79	81.85	88.97	0.00	41	0	43	0.00	0.00	66.38	7.85	0.00	0.00	2000
229	11.04	2095	2080	0.00	200	0	0	0	nan	0.00	0.08	5.84	82.23	88.96	0.00	41	0	43	0.00	0.00	66.78	7.93	0.00	0.00	2000
230	11.02	2055	2132	0.00	197	0	0	0	nan	0.00	0.00	7.02	83.39	88.98	0.00	41	0	43	0.00	0.00	67.43	7.92	0.00	0.00	2000
228	10.85	2128	2077	0.00	199	0	0	0	nan	0.00	0.00	6.48	81.65	89.15	0.00	41	0	43	0.00	0.00	66.81	7.97	0.00	0.00	2000
229	11.00	2061	2116	0.00	198	0	0	0	nan	0.00	0.00	6.91	82.83	89.00	0.00	41	0	43	0.00	0.00	66.63	7.76	0.00	0.00	2000
225	10.75	2123	2069	0.00	198	0	0	0	nan	0.00	0.00	5.80	82.21	89.25	0.00	41	0	43	0.00	0.00	65.89	7.71	0.00	0.00	2000
230	11.10	2049	2127	0.00	198	0	0	0	nan	0.00	0.00	6.72	83.41	88.90	0.00	41	0	43	0.00	0.00	66.74	7.82	0.00	0.00	2000
228	11.03	2081	2090	0.00	200	0	0	0	nan	0.00	0.02	6.11	82.55	88.97	0.00	41	0	43	0.00	0.00	67.66	7.88	0.00	0.00	2000
224	11.53	1999	2041	0.00	198	0	0	0	nan	0.00	0.00	6.02	80.17	88.47	0.00	41	0	43	0.00	0.00	62.85	7.47	0.00	0.00	2000
231	10.90	2048	2177	0.00	214	0	0	0	nan	0.01	0.02	2.30	90.17	89.10	0.00	41	0	43	0.00	0.00	69.10	8.14	0.00	0.00	2000
229	11.23	2081	2056	0.00	198	0	0	0	nan	0.00	0.09	1.98	84.91	88.77	0.00	41	0	43	0.00	0.00	65.55	7.72	0.00	0.00	2000
231	10.72	2101	2154	0.00	221	0	0	0	nan	0.01	0.03	5.88	85.73	89.28	0.00	41	0	43	0.00	0.00	70.75	8.26	0.00	0.00	2000
226	11.18	2032	2092	0.00	197	0	0	6	22.74	0.00	0.00	6.17	82.37	88.82	0.00	41	0	42	0.00	0.00	66.10	7.98	0.00	0.00	2000
229	11.21	2041	2099	1.60	198	0	0	7	28.25	0.00	0.00	5.91	82.90	88.79	0.00	41	0	43	0.00	0.00	66.80	7.97	0.00	0.00	2000
228	11.26	2032	2089	0.00	197	0	0	0	nan	0.00	0.00	6.13	82.28	88.74	0.00	41	0	43	0.00	0.00	66.90	7.78	0.00	0.00	2000
231	11.28	2049	2102	0.00	198	0	0	0	nan	0.00	0.00	6.31	82.57	88.72	0.00	41	0	43	0.00	0.00	67.16	7.86	0.00	0.00	2000
229	11.14	2054	2102	0.00	201	0	0	0	nan	0.00	0.00	6.47	82.65	88.86	0.00	41	0	43	0.00	0.00	66.70	7.97	0.00	0.00	2000
233	11.16	2073	2114	0.00	214	0	0	0	nan	0.00	0.00	10.08	79.39	88.84	0.00	41	0	43	0.00	0.00	67.46	7.87	0.00	0.00	2000
227	11.16	2037	2095	0.00	196	0	0	0	nan	0.00	0.00	5.52	83.19	88.84	0.00	41	0	43	0.00	0.00	65.62	8.03	0.00	0.00	2000
226	10.99	2078	2081	0.00	199	0	0	0	nan	0.00	0.00	5.91	82.40	89.01	0.00	41	0	43	0.00	0.00	67.02	7.81	0.00	0.00	2000
228	11.12	2040	2115	0.00	199	0	0	0	nan	0.00	0.01	4.19	85.36	88.88	0.00	41	0	43	0.00	0.00	66.48	7.87	0.00	0.00	2000
231	11.16	2078	2095	0.00	199	0	0	0	nan	0.00	0.09	4.26	84.34	88.84	0.00	41	0	43	0.00	0.00	67.35	7.82	0.00	0.00	2000
226	10.82	2108	2086	0.00	197	0	0	0	nan	0.00	0.01	3.94	84.69	89.18	0.00	41	0	43	0.00	0.00	66.62	7.81	0.00	0.00	2000
229	10.84	2101	2110	0.00	195	0	0	0	nan	0.00	0.00	5.37	84.36	89.16	0.00	41	0	43	0.00	0.00	67.50	7.85	0.00	0.00	2000
227	11.25	2067	2047	0.00	198	0	0	0	nan	0.00	0.48	4.90	81.20	88.75	0.00	41	0	43	0.00	0.00	64.01	7.51	0.00	0.00	2000
233	10.96	2068	2158	0.00	214	0	0	0	nan	0.00	0.01	4.99	86.64	89.04	0.00	41	0	43	0.00	0.00	70.31	8.40	0.00	0.00	2000
227	11.09	2053	2091	0.00	201	0	0	0	nan	0.00	0.00	6.65	81.99	88.91	0.00	41	0	43	0.00	0.00	66.44	7.87	0.00	0.00	2000
230	11.18	2031	2124	0.00	199	0	0	0	nan	0.00	0.00	6.28	83.60	88.82	0.00	41	0	43	0.00	0.00	67.65	8.05	0.00	0.00	2000
228	11.06	2081	2078	0.00	200	0	0	0	nan	0.00	0.00	6.74	81.38	88.94	0.00	41	0	43	0.00	0.00	66.34	7.70	0.00	0.00	2000
231	10.89	2095	2129	0.00	197	0	0	5	24.95	0.00	0.00	6.11	84.28	89.11	0.00	41	0	43	0.00	0.00	67.75	8.10	0.00	0.00	2000
229	10.97	2090	2099	1.58	197	0	0	8	27.98	0.00	0.00	5.94	83.08	89.03	0.00	41	0	43	0.00	0.00	66.74	7.77	0.00	0.00	2000
230	11.29	2043	2093	0.00	203	0	0	0	nan	0.00	0.00	6.21	82.33	88.71	0.00	41	0	43	0.00	0.00	66.65	7.61	0.00	0.00	2000
228	10.95	2083	2099	0.00	199	0	0	0	nan	0.00	0.03	6.25	82.78	89.05	0.00	41	0	43	0.00	0.00	66.44	7.74	0.00	0.00	2000
225	11.14	2051	2071	0.00	195	0	0	0	nan	0.00	0.99	5.58	81.19	88.86	0.00	41	0	43	0.00	0.00	65.72	7.72	0.00	0.00	2000
226	11.26	2057	2051	0.00	199	0	0	0	nan	0.00	0.00	5.56	81.27	88.74	0.00	41	0	43	0.00	0.00	63.70	7.41	0.00	0.00	2000
235	11.21	2008	2191	0.00	215	0	0	0	nan	0.00	0.02	5.26	87.42	88.79	0.00	41	0	43	0.00	0.00	70.69	8.30	0.00	0.00	2000
231	11.01	2112	2088	0.00	203	0	0	0	nan	0.00	0.02	6.94	81.50	88.99	0.00	41	0	43	0.00	0.00	63.88	7.43	0.00	0.00	2000
228	11.06	2060	2104	0.00	196	0	0	0	nan	0.00	0.00	7.16	82.06	88.94	0.00	41	0	43	0.00	0.00	69.53	8.23	0.00	0.00	2000
222	11.36	2025	2029	0.00	196	0	0	0	nan	0.00	0.00	5.30	80.44	88.64	0.00	41	0	43	0.00	0.00	62.48	7.31	0.00	0.00	2000
241	10.98	2111	2186	0.00	213	0	0	0	nan	0.00	0.02	5.38	87.27	89.02	0.00	41	0	43	0.00	0.00	71.00	8.31	0.00	0.00	2000
232	10.92	2127	2096	0.00	199	0	0	0	nan	0.00	0.00	6.76	82.12	89.08	0.00	41	0	43	0.00	0.00	63.41	7.38	0.00	0.00	2000
229	10.85	2122	2084	0.00	206	0	0	0	nan	0.00	0.00	5.26	83.15	89.15	0.00	41	0	43	0.00	0.00	66.61	7.71	0.00	0.00	2000
223	10.88	2076	2072	0.00	198	0	0	0	nan	0.00	0.00	6.47	81.59	89.12	0.00	41	0	43	0.00	0.00	64.89	7.52	0.00	0.00	2000
231	11.18	2069	2098	0.00	196	0	0	0	nan	0.00	0.00	4.74	84.01	88.82	0.00	41	0	43	0.00	0.00	68.51	7.94	0.00	0.00	2000
228	10.62	2110	2141	0.00	216	0	0	0	nan	0.00	0.01	6.23	85.02	89.38	0.00	41	0	42	0.00	0.00	65.89	7.79	0.00	0.00	2000
232	10.96	2112	2106	0.00	199	0	0	0	nan	0.01	0.01	5.87	83.51	89.04	0.00	41	0	43	0.00	0.00	67.12	7.83	0.00	0.00	2000
228	10.70	2145	2086	0.00	199	0	0	6	25.22	0.00	0.01	5.24	83.50	89.30	0.00	41	0	43	0.00	0.00	66.11	7.76	0.00	0.00	2000
227	10.78	2111	2096	1.61	198	0	0	6	26.67	0.00	0.51	6.00	82.63	89.22	0.00	41	0	43	0.00	0.00	66.40	7.91	0.00	0.00	2000
226	11.39	2038	2043	0.00	199	0	0	0	nan	0.00	0.00	6.80	79.51	88.61	0.00	42	0	43	0.00	0.00	66.06	7.92	0.00	0.00	2000
274	12.31	2141	2186	0.00	217	0	0	0	nan	0.00	0.00	5.28	85.93	87.69	0.00	41	0	43	0.00	0.00	68.20	7.93	0.00	0.00	2000
229	11.10	2079	2084	0.00	201	0	0	0	nan	0.00	0.00	6.06	82.22	88.90	0.00	41	0	43	0.00	0.00	66.86	7.77	0.00	0.00	2000
227	10.89	2078	2111	0.00	197	0	0	0	nan	0.00	0.00	7.99	81.65	89.11	0.00	41	0	43	0.00	0.00	63.97	7.30	0.00	0.00	2000
229	11.03	2068	2105	0.00	197	0	0	0	nan	0.00	0.00	6.70	82.50	88.97	0.00	41	0	43	0.00	0.00	66.18	7.64	0.00	0.00	2000
228	11.03	2072	2097	0.00	197	0	0	0	nan	0.00	0.00	5.91	83.09	88.97	0.00	41	0	43	0.00	0.00	66.49	7.59	0.00	0.00	2000
228	10.96	2083	2098	0.00	199	0	0	0	nan	0.00	0.00	5.97	83.02	89.04	0.00	41	0	43	0.00	0.00	66.85	7.74	0.00	0.00	2000
230	11.13	2071	2091	0.00	203	0	0	0	nan	0.00	0.00	6.61	81.98	88.87	0.00	41	0	43	0.00	0.00	67.16	7.76	0.00	0.00	2000
229	11.07	2054	2116	0.00	195	0	0	0	nan	0.01	0.03	6.02	83.62	88.93	0.00	41	0	43	0.00	0.00	66.62	7.79	0.00	0.00	2000
228	10.89	2111	2078	0.00	196	0	0	0	nan	0.00	0.00	6.06	82.09	89.11	0.00	41	0	43	0.00	0.00	67.40	7.85	0.00	0.00	2000
229	10.87	2100	2107	0.00	199	0	0	0	nan	0.00	1.06	5.11	83.39	89.13	0.00	41	0	43	0.00	0.00	66.45	7.82	0.00	0.00	2000
231	10.90	2119	2097	0.00	198	0	0	0	nan	0.00	0.52	6.04	82.46	89.10	0.00	41	0	43	0.00	0.00	67.03	8.00	0.00	0.00	2000
232	10.86	2118	2115	0.00	202	0	0	0	nan	0.00	0.00	7.87	81.97	89.14	0.00	41	0	43	0.00	0.00	66.80	7.82	0.00	0.00	2000
228	11.01	2082	2086	0.00	196	0	0	0	nan	0.00	0.00	7.35	81.17	88.99	0.00	41	0	43	0.00	0.00	66.99	7.74	0.00	0.00	2000
227	10.98	2068	2102	0.00	198	0	0	0	nan	0.00	0.00	7.13	82.07	89.02	0.00	41	0	43	0.00	0.00	68.96	8.08	0.00	0.00	2000
224	10.94	2068	2079	0.00	198	0	0	5	25.84	0.00	0.00	6.07	82.20	89.06	0.00	41	0	43	0.00	0.00	65.75	7.67	0.00	0.00	2000
233	11.69	2025	2066	1.45	198	0	0	7	26.08	0.00	0.00	4.84	82.14	88.31	0.00	41	0	43	0.00	0.00	66.91	7.84	0.00	0.00	2000
231	10.72	2106	2147	0.00	219	0	0	0	nan	0.00	0.03	5.41	85.94	89.28	0.00	42	0	43	0.00	0.00	64.54	7.66	0.00	0.00	2000
224	11.30	2036	2043	0.00	197	0	0	0	nan	0.00	0.00	4.69	81.63	88.70	0.00	41	0	43	0.00	0.00	63.72	7.40	0.00	0.00	2000
229	10.53	2119	2157	0.00	214	0	0	0	nan	0.00	0.00	4.08	87.89	89.47	0.00	41	0	43	0.00	0.00	70.02	8.14	0.00	0.00	2000
232	11.32	2067	2079	0.00	200	0	0	0	nan	0.00	0.03	4.00	83.73	88.68	0.00	41	0	43	0.00	0.00	68.17	7.70	0.00	0.00	2000
231	10.98	2058	2149	0.00	218	0	0	0	nan	0.00	0.01	4.95	86.30	89.02	0.00	41	0	43	0.00	0.00	67.44	8.33	0.00	0.00	2000
229	10.92	2103	2092	0.00	198	0	0	0	nan	0.00	0.04	5.67	83.09	89.08	0.00	41	0	43	0.00	0.00	66.45	7.97	0.00	0.00	2000
223	11.43	2018	2027	0.00	201	0	0	0	nan	0.00	0.91	6.14	78.58	88.57	0.00	41	0	43	0.00	0.00	63.24	7.31	0.00	0.00	2000
236	10.52	2142	2197	0.00	213	0	0	0	nan	0.00	0.00	4.86	88.78	89.48	0.00	41	0	43	0.00	0.00	71.56	8.40	0.00	0.00	2000
231	11.41	2034	2091	0.00	199	0	0	0	nan	0.00	0.00	5.74	82.60	88.59	0.00	41	0	43	0.00	0.00	67.17	7.85	0.00	0.00	2000
230	10.97	2107	2089	0.00	200	0	0	0	nan	0.00	0.00	6.61	82.01	89.03	0.00	41	0	43	0.00	0.00	66.86	7.84	0.00	0.00	2000
228	10.87	2085	2110	0.00	196	0	0	0	nan	0.00	0.00	7.36	82.17	89.13	0.00	42	0	43	0.00	0.00	67.10	7.65	0.00	0.00	2000
229	10.88	2107	2098	0.00	198	0	0	0	nan	0.00	0.00	6.58	82.51	89.12	0.00	41	0	43	0.00	0.00	66.92	7.84	0.00	0.00	2000
230	10.96	2102	2095	0.00	201	0	0	0	nan	0.00	0.02	6.24	82.71	89.04	0.00	41	0	43	0.00	0.00	66.57	7.96	0.00	0.00	2000
228	10.93	2080	2108	0.00	199	0	0	0	nan	0.00	0.00	6.41	83.09	89.07	0.00	41	0	43	0.00	0.00	66.20	7.91	0.00	0.00	2000
229	11.25	2038	2096	0.00	200	0	0	0	nan	0.00	0.02	6.22	82.43	88.75	0.00	41	0	42	0.00	0.00	66.83	7.82	0.00	0.00	2000
228	11.10	2066	2087	0.20	196	0	0	26	6.98	0.00	0.00	5.51	82.96	88.90	0.00	41	0	43	0.00	0.00	66.40	7.92	0.00	0.00	2000
230	11.08	2058	2122	1.43	197	0	0	5	31.35	0.00	0.98	6.87	82.04	88.92	0.00	41	0	43	0.00	0.00	67.28	7.94	0.00	0.00	2000
230	10.96	2094	2101	0.00	196	0	0	0	nan	0.00	0.04	4.88	84.21	89.04	0.00	41	0	42	0.00	0.00	66.59	7.83	0.00	0.00	2000
225	10.86	2111	2061	0.00	197	0	0	0	nan	0.00	0.51	6.10	80.97	89.14	0.00	41	0	43	0.00	0.00	66.96	7.76	0.00	0.00	2000
230	10.78	2122	2109	0.00	197	0	0	0	nan	0.00	0.00	7.11	82.52	89.22	0.00	41	0	43	0.00	0.00	66.60	7.94	0.00	0.00	2000
230	11.25	2063	2077	0.00	198	0	0	0	nan	0.00	0.00	5.81	82.04	88.75	0.00	41	0	43	0.00	0.00	64.64	7.75	0.00	0.00	2000
229	10.93	2049	2149	0.00	214	0	0	0	nan	0.00	0.00	5.52	85.72	89.07	0.00	41	0	43	0.00	0.00	70.41	8.25	0.00	0.00	2000
228	11.09	2057	2103	0.00	197	0	0	0	nan	0.00	0.00	6.40	82.66	88.91	0.00	41	0	43	0.00	0.00	66.59	7.91	0.00	0.00	2000
228	11.09	2080	2080	0.00	201	0	0	0	nan	0.00	0.00	7.37	80.86	88.91	0.00	41	0	43	0.00	0.00	66.33	7.79	0.00	0.00	2000
230	11.13	2062	2107	0.00	204	0	0	0	nan	0.00	0.00	6.93	82.28	88.87	0.00	41	0	43	0.00	0.00	67.78	7.99	0.00	0.00	2000
226	10.88	2085	2088	0.00	197	0	0	0	nan	0.00	0.00	7.06	81.71	89.12	0.00	41	0	43	0.00	0.00	67.17	7.66	0.00	0.00	2000
227	10.82	2094	2105	0.00	196	0	0	0	nan	0.00	0.00	6.26	83.22	89.18	0.00	41	0	43	0.00	0.00	64.26	7.87	0.00	0.00	2000
223	11.45	2007	2040	0.00	198	0	0	0	nan	0.00	0.04	3.48	82.67	88.55	0.00	41	0	43	0.00	0.00	65.82	7.28	0.00	0.00	2000
237	10.61	2147	2189	0.00	213	0	0	0	nan	0.00	0.03	2.99	90.27	89.39	0.00	42	0	43	0.00	0.00	71.60	8.38	0.00	0.00	2000
227	10.99	2080	2087	0.00	204	0	0	0	nan	0.00	0.01	5.69	82.88	89.01	0.00	41	0	43	0.00	0.00	66.61	7.73	0.00	0.00	2000
228	11.00	2075	2094	0.00	198	0	0	0	nan	0.00	0.00	5.95	82.91	89.00	0.00	41	0	43	0.00	0.00	66.74	7.91	0.00	0.00	2000
227	11.26	2013	2107	0.00	198	0	0	0	nan	0.00	0.00	5.80	83.34	88.74	0.00	41	0	43	0.00	0.00	66.65	7.99	0.00	0.00	2000
228	11.18	2044	2097	0.21	199	0	0	8	23.41	0.00	0.01	4.98	83.80	88.82	0.00	41	0	43	0.00	0.00	66.78	7.86	0.00	0.00	2000
233	11.39	2032	2116	1.43	197	0	0	6	39.90	0.00	0.00	7.12	82.29	88.61	0.00	41	0	43	0.00	0.00	67.25	8.00	0.00	0.00	2000
227	11.13	2058	2083	0.00	197	0	0	0	nan	0.00	0.00	5.67	82.58	88.87	0.00	41	0	43	0.00	0.00	66.05	7.75	0.00	0.00	2000
229	11.01	2075	2104	0.00	194	0	0	0	nan	0.00	0.00	3.75	85.50	88.99	0.00	41	0	43	0.00	0.00	66.35	7.88	0.00	0.00	2000
229	11.07	2070	2098	0.00	194	0	0	0	nan	0.00	0.00	4.25	84.68	88.93	0.00	41	0	43	0.00	0.00	66.98	7.78	0.00	0.00	2000
228	10.77	2110	2111	0.00	195	0	0	0	nan	0.00	0.00	5.59	84.15	89.23	0.00	40	0	43	0.00	0.00	66.43	7.83	0.00	0.00	2000
227	10.89	2098	2084	0.00	194	0	0	0	nan	0.00	0.00	4.77	83.77	89.11	0.00	41	0	43	0.00	0.00	66.34	7.80	0.00	0.00	2000
230	11.17	2037	2120	0.00	195	0	0	0	nan	0.00	0.00	4.96	84.84	88.83	0.00	42	0	43	0.00	0.00	67.01	7.80	0.00	0.00	2000
223	11.01	2058	2064	0.00	194	0	0	0	nan	0.00	0.02	4.02	83.55	88.99	0.00	41	0	43	0.00	0.00	65.61	7.73	0.00	0.00	2000
230	11.38	2037	2086	0.00	196	0	0	0	nan	0.00	0.00	3.68	84.41	88.62	0.00	41	0	43	0.00	0.00	64.85	7.70	0.00	0.00	2000
224	10.70	2074	2115	0.00	210	0	0	0	nan	0.00	0.00	3.30	86.76	89.30	0.00	41	0	43	0.00	0.00	68.42	8.13	0.00	0.00	2000
226	11.30	2038	2057	0.00	194	0	0	0	nan	0.00	0.06	3.47	83.44	88.70	0.00	41	0	43	0.00	0.00	63.59	7.44	0.00	0.00	2000
231	11.01	2033	2167	0.00	214	0	0	0	nan	0.00	0.00	2.30	89.58	88.99	0.00	41	0	43	0.00	0.00	69.45	8.25	0.00	0.00	2000
224	11.43	2022	2039	0.00	194	0	0	0	nan	0.00	0.00	2.98	83.06	88.57	0.00	42	0	43	0.00	0.00	63.61	7.51	0.00	0.00	2000
229	10.84	2053	2164	0.00	210	0	0	0	nan	0.00	0.02	2.47	89.48	89.16	0.00	41	0	43	0.00	0.00	70.04	8.20	0.00	0.00	2000
226	10.92	2081	2089	0.00	194	0	0	0	nan	0.00	0.00	2.98	85.65	89.08	0.00	42	0	43	0.00	0.00	66.19	7.76	0.00	0.00	2000
231	11.35	2060	2079	0.00	195	0	0	0	nan	0.00	0.00	3.03	84.79	88.65	0.00	42	0	42	0.00	0.00	65.18	7.83	0.00	0.00	2000
229	10.71	2101	2132	0.69	212	0	0	10	19.57	0.00	0.00	4.58	86.23	89.29	0.00	41	0	43	0.00	0.00	69.73	8.05	0.00	0.00	2000
225	10.95	2068	2083	1.02	194	0	0	2	54.03	0.00	0.00	4.85	83.57	89.05	0.00	41	0	43	0.00	0.00	65.88	7.70	0.00	0.00	2000
230	10.96	2073	2121	0.00	194	0	0	0	nan	0.00	0.00	3.92	86.04	89.04	0.00	41	0	43	0.00	0.00	67.27	8.14	0.00	0.00	2000
228	10.96	2084	2093	0.00	194	0	0	0	nan	0.00	0.00	3.78	85.02	89.04	0.00	41	0	43	0.00	0.00	66.89	7.93	0.00	0.00	2000
234	10.96	2115	2119	0.00	197	0	0	0	nan	0.00	0.00	4.57	85.31	89.04	0.00	41	0	43	0.00	0.00	67.22	7.87	0.00	0.00	2000
226	11.04	2059	2091	0.00	194	0	0	0	nan	0.00	0.00	4.61	84.06	88.96	0.00	41	0	43	0.00	0.00	65.49	7.73	0.00	0.00	2000
228	11.02	2064	2101	0.00	194	0	0	0	nan	0.00	0.00	3.73	85.38	88.98	0.00	41	0	43	0.00	0.00	66.71	7.78	0.00	0.00	2000
236	11.46	2052	2111	0.00	196	0	0	0	nan	0.00	0.00	4.13	84.99	88.54	0.00	42	0	43	0.00	0.00	67.08	7.94	0.00	0.00	2000
228	11.01	2066	2102	0.00	194	0	0	0	nan	0.00	0.02	4.43	84.69	88.99	0.00	41	0	43	0.00	0.00	66.99	7.93	0.00	0.00	2000
230	10.88	2127	2088	0.00	197	0	0	0	nan	0.00	0.00	4.09	84.50	89.12	0.00	42	0	43	0.00	0.00	63.34	7.49	0.00	0.00	2000
227	10.87	2093	2092	0.00	194	0	0	0	nan	0.00	0.00	4.33	84.56	89.13	0.00	41	0	42	0.00	0.00	66.02	7.56	0.00	0.00	2000
223	10.83	2073	2084	0.00	194	0	0	0	nan	0.00	0.00	4.50	84.10	89.17	0.00	41	0	43	0.00	0.00	65.06	7.88	0.00	0.00	2000
226	11.24	2049	2062	0.00	194	0	0	0	nan	0.00	0.00	2.89	84.36	88.76	0.00	41	0	43	0.00	0.00	66.76	8.01	0.00	0.00	2000
229	10.82	2074	2146	0.00	212	0	0	0	nan	0.00	0.02	3.48	87.73	89.18	0.00	42	0	43	0.00	0.00	66.71	7.85	0.00	0.00	2000
232	11.15	2051	2131	0.00	194	0	0	0	nan	0.00	0.00	3.84	86.42	88.85	0.00	41	0	43	0.00	0.00	70.93	8.43	0.00	0.00	2000
228	11.09	2064	2095	0.00	197	0	0	0	nan	0.00	0.00	5.47	83.30	88.91	0.00	41	0	43	0.00	0.00	63.56	7.69	0.00	0.00	2000
226	10.92	2084	2088	0.00	196	0	0	0	nan	0.00	0.00	4.88	83.79	89.08	0.00	42	0	43	0.00	0.00	66.40	7.94	0.00	0.00	2000
228	11.10	2050	2101	0.45	195	0	0	9	18.78	0.00	0.00	4.78	84.33	88.90	0.00	41	0	43	0.00	0.00	66.51	7.95	0.00	0.00	2000
227	10.97	2080	2086	1.24	194	0	0	4	43.69	0.00	0.00	4.30	84.23	89.03	0.00	41	0	43	0.00	0.00	65.72	7.87	0.00	0.00	2000
229	10.89	2100	2101	0.00	195	0	0	0	nan	0.00	0.00	3.85	85.35	89.11	0.00	41	0	43	0.00	0.00	65.99	7.93	0.00	0.00	2000
228	10.93	2071	2117	0.00	194	0	0	0	nan	0.00	0.00	3.62	86.29	89.07	0.00	41	0	43	0.00	0.00	70.12	8.06	0.00	0.00	2000
229	11.13	2059	2100	0.00	195	0	0	0	nan	0.00	0.00	3.11	85.84	88.87	0.00	41	0	43	0.00	0.00	61.04	7.36	0.00	0.00	2000
222	11.35	2017	2033	0.00	194	0	0	0	nan	0.00	0.00	3.89	82.06	88.65	0.00	41	0	43	0.00	0.00	67.64	8.16	0.00	0.00	2000
231	10.96	2033	2178	0.00	211	0	0	0	nan	0.00	0.00	2.80	89.59	89.04	0.00	41	0	43	0.00	0.00	66.55	7.89	0.00	0.00	2000
228	11.16	2036	2102	0.00	193	0	0	0	nan	0.00	0.00	3.16	85.88	88.84	0.00	41	0	43	0.00	0.00	66.14	7.86	0.00	0.00	2000
224	11.23	2042	2054	0.00	196	0	0	0	nan	0.00	0.00	3.42	83.51	88.77	0.00	42	0	43	0.00	0.00	66.38	7.73	0.00	0.00	2000
227	10.88	2079	2110	0.00	211	0	0	0	nan	0.00	0.00	1.52	88.07	89.12	0.00	41	0	43	0.00	0.00	63.57	7.55	0.00	0.00	2000
230	10.86	2089	2132	0.00	195	0	0	0	nan	0.00	0.00	4.16	86.43	89.14	0.00	42	0	43	0.00	0.00	69.71	7.88	0.00	0.00	2000
230	11.09	2080	2095	0.00	195	0	0	0	nan	0.00	0.00	4.19	84.59	88.91	0.00	41	0	43	0.00	0.00	64.00	7.91	0.00	0.00	2000
230	11.05	2062	2116	0.00	195	0	0	0	nan	0.00	0.02	4.39	85.24	88.95	0.00	41	0	43	0.00	0.00	66.95	8.02	0.00	0.00	2000
228	11.02	2077	2091	0.00	194	0	0	0	nan	0.00	0.00	4.45	84.24	88.98	0.00	41	0	43	0.00	0.00	66.47	7.79	0.00	0.00	2000
228	11.11	2051	2105	0.00	194	0	0	0	nan	0.00	0.00	4.63	84.57	88.89	0.00	41	0	43	0.00	0.00	66.62	8.04	0.00	0.00	2000
227	10.90	2092	2089	0.00	194	0	0	0	nan	0.00	0.00	4.44	84.29	89.10	0.00	41	0	43	0.00	0.00	66.44	7.91	0.00	0.00	2000
230	11.01	2080	2111	0.00	195	0	0	0	nan	0.00	0.00	5.58	83.98	88.99	0.00	42	0	43	0.00	0.00	66.16	8.04	0.00	0.00	2000
228	10.85	2106	2098	0.36	194	0	0	22	8.08	0.00	0.00	4.64	84.47	89.15	0.00	40	0	43	0.00	0.00	65.91	7.98	0.00	0.00	2000
235	11.28	2085	2098	1.11	197	0	0	8	18.07	0.00	0.00	5.82	82.84	88.72	0.00	41	0	43	0.00	0.00	66.13	7.91	0.00	0.00	2000
226	10.96	2066	2097	0.00	195	0	0	0	nan	0.00	0.00	4.87	84.09	89.04	0.00	42	0	43	0.00	0.00	65.42	7.65	0.00	0.00	2000
223	11.31	2035	2031	0.00	195	0	0	0	nan	0.00	0.00	3.28	82.57	88.69	0.00	41	0	43	0.00	0.00	63.04	7.33	0.00	0.00	2000
233	11.10	2066	2130	0.00	211	0	0	0	nan	0.00	0.00	2.11	88.11	88.90	0.00	41	0	43	0.00	0.00	67.09	7.99	0.00	0.00	2000
226	10.69	2096	2123	0.00	210	0	0	0	nan	0.00	0.00	3.07	87.34	89.31	0.00	41	0	43	0.00	0.00	68.31	8.25	0.00	0.00	2000
229	11.01	2061	2120	0.00	198	0	0	0	nan	0.00	0.00	5.31	84.64	88.99	0.00	41	0	43	0.00	0.00	66.35	7.94	0.00	0.00	2000
227	10.97	2077	2091	0.00	196	0	0	0	nan	0.00	0.00	4.46	84.28	89.03	0.00	41	0	43	0.00	0.00	65.82	7.95	0.00	0.00	2000
231	11.03	2078	2120	0.00	195	0	0	0	nan	0.00	0.00	4.53	85.31	88.97	0.00	41	0	43	0.00	0.00	66.08	7.99	0.00	0.00	2000
227	10.89	2093	2093	0.00	195	0	0	0	nan	0.00	0.00	4.43	84.40	89.11	0.00	41	0	43	0.00	0.00	67.02	7.89	0.00	0.00	2000
227	10.91	2083	2102	0.00	194	0	0	0	nan	0.00	0.00	4.52	84.70	89.09	0.00	41	0	43	0.00	0.00	66.13	7.95	0.00	0.00	2000
226	11.04	2050	2092	0.00	196	0	0	0	nan	0.00	0.00	5.38	83.27	88.96	0.00	41	0	43	0.00	0.00	65.63	7.76	0.00	0.00	2000
223	11.34	2032	2034	0.00	195	0	0	0	nan	0.00	0.00	3.36	82.54	88.66	0.00	41	0	43	0.00	0.00	62.65	7.46	0.00	0.00	2000
232	10.78	2083	2169	0.00	211	0	0	0	nan	0.00	0.00	3.11	89.17	89.22	0.00	41	0	43	0.00	0.00	70.65	8.39	0.00	0.00	2000
224	11.37	2032	2036	0.00	194	0	0	0	nan	0.00	0.00	3.26	82.76	88.63	0.00	41	0	43	0.00	0.00	62.73	7.52	0.00	0.00	2000
229	10.70	2072	2164	0.00	210	0	0	0	nan	0.00	0.00	3.26	88.87	89.30	0.00	41	0	43	0.00	0.00	69.84	8.14	0.00	0.00	2000
231	11.13	2061	2111	0.00	195	0	0	0	nan	0.00	0.00	4.01	85.46	88.87	0.00	41	0	43	0.00	0.00	66.92	8.01	0.00	0.00	2000
229	11.06	2059	2107	0.87	194	0	0	11	17.97	0.00	0.00	3.88	85.45	88.94	0.00	41	0	43	0.00	0.00	66.95	7.69	0.00	0.00	2000
228	10.98	2101	2080	0.83	195	0	0	1	92.03	0.00	0.00	4.25	84.03	89.02	0.00	41	0	43	0.00	0.00	66.02	7.81	0.00	0.00	2000
229	11.02	2056	2125	0.00	194	0	0	0	nan	0.00	0.00	4.09	86.04	88.98	0.00	42	0	43	0.00	0.00	67.22	7.94	0.00	0.00	2000
225	11.07	2049	2083	0.00	195	0	0	0	nan	0.00	0.00	4.52	83.74	88.93	0.00	41	0	43	0.00	0.00	65.33	7.88	0.00	0.00	2000
228	11.24	2024	2106	0.00	197	0	0	0	nan	0.00	0.00	5.17	83.90	88.76	0.00	41	0	43	0.00	0.00	65.84	7.87	0.00	0.00	2000
223	11.43	2013	2033	0.00	195	0	0	0	nan	0.00	0.00	3.19	82.65	88.57	0.00	42	0	43	0.00	0.00	62.79	7.54	0.00	0.00	2000
231	10.84	2057	2172	0.00	212	0	0	0	nan	0.00	0.00	3.35	88.93	89.16	0.00	41	0	43	0.00	0.00	70.20	8.07	0.00	0.00	2000
226	11.00	2068	2082	0.00	195	0	0	0	nan	0.00	0.00	3.94	84.40	89.00	0.00	41	0	43	0.00	0.00	65.63	7.92	0.00	0.00	2000
228	11.07	2043	2122	0.00	194	0	0	0	nan	0.00	0.00	3.49	86.45	88.93	0.00	42	0	43	0.00	0.00	67.12	7.94	0.00	0.00	2000
231	10.97	2095	2108	0.00	195	0	0	0	nan	0.00	0.02	3.34	86.07	89.03	0.00	42	0	43	0.00	0.00	67.26	8.00	0.00	0.00	2000
228	11.38	2008	2093	0.00	198	0	0	0	nan	0.00	0.00	4.65	83.79	88.62	0.00	41	0	43	0.00	0.00	66.31	7.90	0.00	0.00	2000
224	11.41	2033	2031	0.00	196	0	0	0	nan	0.00	0.00	4.43	81.29	88.59	0.00	41	0	43	0.00	0.00	63.51	7.59	0.00	0.00	2000
229	10.69	2073	2171	0.00	210	0	0	0	nan	0.00	0.02	2.79	89.57	89.31	0.00	41	0	43	0.00	0.00	69.91	8.27	0.00	0.00	2000
223	11.47	2003	2036	0.00	194	0	0	0	nan	0.00	0.00	2.99	82.93	88.53	0.00	41	0	43	0.00	0.00	63.11	7.45	0.00	0.00	2000
231	10.84	2070	2164	0.00	210	0	0	0	nan	0.00	0.02	2.58	89.40	89.16	0.00	41	0	43	0.00	0.00	70.13	8.11	0.00	0.00	2000
229	11.01	2092	2088	0.00	196	0	0	0	nan	0.00	0.00	4.22	84.36	88.99	0.00	41	0	43	0.00	0.00	66.06	7.78	0.00	0.00	2000
226	10.79	2100	2098	0.00	194	0	0	0	nan	0.00	0.00	3.32	85.81	89.21	0.00	41	0	43	0.00	0.00	66.14	7.88	0.00	0.00	2000
227	10.70	2122	2100	1.07	194	0	0	11	13.99	0.00	0.00	3.10	86.27	89.30	0.00	41	0	43	0.00	0.00	65.91	7.76	0.00	0.00	2000
228	10.82	2108	2103	0.63	199	0	0	0	nan	0.00	0.00	3.30	86.07	89.18	0.00	41	0	43	0.00	0.00	66.16	7.87	0.00	0.00	2000
233	11.32	2075	2082	0.00	205	0	0	0	nan	0.00	0.00	3.86	84.07	88.68	0.00	41	0	43	0.00	0.00	64.74	7.79	0.00	0.00	2000
231	11.18	2033	2138	0.00	211	0	0	0	nan	0.00	0.02	6.14	84.29	88.82	0.00	42	0	43	0.00	0.00	69.18	8.08	0.00	0.00	2000
227	11.03	2064	2091	0.00	210	0	0	0	nan	0.00	0.00	3.56	85.13	88.97	0.00	41	0	43	0.00	0.00	65.41	7.84	0.00	0.00	2000
229	11.07	2046	2120	0.00	194	0	0	0	nan	0.00	0.00	3.41	86.42	88.93	0.00	41	0	43	0.00	0.00	66.92	7.97	0.00	0.00	2000
231	11.11	2074	2102	0.00	195	0	0	0	nan	0.01	0.00	4.45	84.56	88.89	0.00	41	0	43	0.00	0.00	66.37	7.71	0.00	0.00	2000
227	11.02	2066	2091	0.00	197	0	0	0	nan	0.00	0.00	5.81	82.81	88.98	0.00	41	0	43	0.00	0.00	66.30	7.88	0.00	0.00	2000
232	11.02	2094	2109	0.00	197	0	0	0	nan	0.00	0.00	5.29	84.14	88.98	0.00	42	0	43	0.00	0.00	66.42	7.69	0.00	0.00	2000
225	11.00	2050	2091	0.00	194	0	0	0	nan	0.00	0.00	3.70	84.97	89.00	0.00	41	0	43	0.00	0.00	65.46	7.62	0.00	0.00	2000
228	11.26	2022	2102	0.00	194	0	0	0	nan	0.00	0.00	3.70	85.25	88.74	0.00	41	0	43	0.00	0.00	65.69	7.83	0.00	0.00	2000
229	11.12	2058	2099	0.00	196	0	0	0	nan	0.00	0.01	3.65	85.27	88.88	0.00	42	0	43	0.00	0.00	66.51	7.93	0.00	0.00	2000
226	11.13	2031	2099	0.00	194	0	0	0	nan	0.00	0.00	4.35	84.53	88.87	0.00	41	0	43	0.00	0.00	65.77	7.79	0.00	0.00	2000
223	11.52	2006	2029	0.00	194	0	0	0	nan	0.00	0.00	3.33	82.24	88.48	0.00	42	0	43	0.00	0.00	62.70	7.46	0.00	0.00	2000
230	11.08	2047	2131	0.00	210	0	0	0	nan	0.00	0.00	2.41	87.82	88.92	0.00	41	0	43	0.00	0.00	66.94	7.86	0.00	0.00	2000
225	10.71	2091	2111	0.00	211	0	0	0	nan	0.00	0.00	3.17	86.71	89.29	0.00	41	0	43	0.00	0.00	64.54	7.76	0.00	0.00	2000
230	10.91	2074	2131	0.00	194	0	0	0	nan	0.00	0.00	4.18	86.29	89.09	0.00	41	0	43	0.00	0.00	69.78	8.15	0.00	0.00	2000
229	11.07	2076	2096	1.26	195	0	0	11	12.47	0.00	0.00	4.38	84.49	88.93	0.00	41	0	43	0.00	0.00	66.38	7.68	0.00	0.00	2000
227	11.10	2047	2101	0.45	194	0	0	0	nan	0.00	0.00	3.95	85.16	88.90	0.00	41	0	43	0.00	0.00	65.83	7.79	0.00	0.00	2000
230	11.01	2079	2109	0.00	195	0	0	0	nan	0.00	0.00	4.19	85.22	88.99	0.00	41	0	43	0.00	0.00	66.90	7.89	0.00	0.00	2000
226	10.97	2078	2083	0.00	195	0	0	0	nan	0.00	0.00	4.26	84.15	89.03	0.00	41	0	43	0.00	0.00	65.46	7.82	0.00	0.00	2000
237	11.29	2091	2106	0.00	196	0	0	0	nan	0.00	0.00	4.85	84.23	88.71	0.00	42	0	43	0.00	0.00	63.72	7.60	0.00	0.00	2000
228	11.02	2073	2095	0.00	195	0	0	0	nan	0.00	0.00	5.20	83.69	88.98	0.00	41	0	43	0.00	0.00	68.58	8.06	0.00	0.00	2000
229	11.06	2056	2116	0.00	195	0	0	0	nan	0.00	0.00	4.57	85.14	88.94	0.00	41	0	43	0.00	0.00	66.60	8.10	0.00	0.00	2000
226	10.94	2080	2084	0.00	194	0	0	0	nan	0.00	0.00	4.32	84.16	89.06	0.00	42	0	43	0.00	0.00	62.75	7.51	0.00	0.00	2000
227	11.05	2042	2108	0.00	195	0	0	0	nan	0.00	0.00	4.42	84.99	88.95	0.00	41	0	43	0.00	0.00	69.21	8.22	0.00	0.00	2000
230	10.81	2118	2105	0.00	194	0	0	0	nan	0.00	0.00	3.51	85.88	89.19	0.00	41	0	43	0.00	0.00	63.57	7.28	0.00	0.00	2000
230	10.91	2111	2098	0.00	195	0	0	0	nan	0.00	0.02	3.99	85.09	89.09	0.00	41	0	43	0.00	0.00	63.58	7.77	0.00	0.00	2000
224	10.83	2093	2072	0.00	197	0	0	0	nan	0.00	0.00	4.54	83.59	89.17	0.00	41	0	43	0.00	0.00	67.53	8.14	0.00	0.00	2000
226	11.25	2045	2058	0.00	194	0	0	0	nan	0.00	0.00	2.96	84.12	88.75	0.00	41	0	43	0.00	0.00	66.91	7.92	0.00	0.00	2000
234	10.57	2128	2184	0.00	210	0	0	0	nan	0.00	0.00	2.71	90.38	89.43	0.00	41	0	43	0.00	0.00	68.51	8.02	0.00	0.00	2000
228	10.92	2106	2086	0.00	194	0	0	0	nan	0.00	0.00	4.10	84.43	89.08	0.00	41	0	43	0.00	0.00	63.07	7.52	0.00	0.00	2000
233	11.30	2044	2114	0.00	195	0	0	0	nan	0.00	0.00	5.44	83.94	88.70	0.00	41	0	43	0.00	0.00	66.38	8.02	0.00	0.00	2000
228	10.93	2087	2095	0.00	194	0	0	0	nan	0.00	0.00	4.50	84.36	89.07	0.00	42	0	43	0.00	0.00	66.76	7.85	0.00	0.00	2000
226	10.94	2084	2083	1.08	194	0	0	11	13.27	0.00	0.00	4.40	84.04	89.06	0.00	41	0	42	0.00	0.00	65.64	7.91	0.00	0.00	2000
226	10.96	2067	2099	0.64	195	0	0	0	nan	0.00	0.00	4.80	84.28	89.04	0.00	41	0	43	0.00	0.00	66.06	7.77	0.00	0.00	2000
228	11.04	2051	2117	0.00	194	0	0	0	nan	0.00	0.00	3.87	85.87	88.96	0.00	42	0	43	0.00	0.00	69.79	8.14	0.00	0.00	2000
231	11.09	2078	2103	0.00	196	0	0	0	nan	0.00	0.02	4.01	85.05	88.91	0.00	41	0	43	0.00	0.00	63.53	7.60	0.00	0.00	2000
228	10.91	2092	2097	0.00	194	0	0	0	nan	0.00	0.00	3.87	85.14	89.09	0.00	42	0	42	0.00	0.00	66.09	7.77	0.00	0.00	2000
227	10.96	2068	2102	0.00	195	0	0	0	nan	0.00	0.00	4.42	84.83	89.04	0.00	41	0	43	0.00	0.00	65.93	7.79	0.00	0.00	2000
226	10.85	2100	2085	0.00	194	0	0	0	nan	0.00	0.00	4.10	84.45	89.15	0.00	41	0	43	0.00	0.00	65.56	7.86	0.00	0.00	2000
229	10.90	2091	2113	0.00	194	0	0	0	nan	0.00	0.00	4.06	85.64	89.10	0.00	41	0	43	0.00	0.00	67.22	7.84	0.00	0.00	2000
226	10.81	2120	2072	0.00	194	0	0	0	nan	0.00	0.00	3.99	84.10	89.19	0.00	41	0	43	0.00	0.00	65.47	7.65	0.00	0.00	2000
227	10.93	2057	2116	0.00	194	0	0	0	nan	0.00	0.00	3.66	86.20	89.07	0.00	41	0	43	0.00	0.00	66.67	7.83	0.00	0.00	2000
230	10.94	2099	2104	0.00	196	0	0	0	nan	0.00	0.00	4.03	85.25	89.06	0.00	41	0	43	0.00	0.00	66.92	7.98	0.00	0.00	2000
228	10.96	2072	2110	0.00	194	0	0	0	nan	0.00	0.00	4.42	85.11	89.04	0.00	41	0	43	0.00	0.00	67.11	7.91	0.00	0.00	2000
227	11.02	2075	2083	0.00	194	0	0	0	nan	0.00	0.00	4.68	83.62	88.98	0.00	41	0	43	0.00	0.00	66.23	7.75	0.00	0.00	2000
231	10.92	2093	2124	0.00	195	0	0	0	nan	0.00	0.00	4.89	85.22	89.08	0.00	41	0	43	0.00	0.00	67.11	7.72	0.00	0.00	2000
223	11.31	2053	2016	0.00	199	0	0	0	nan	0.00	0.00	5.05	80.22	88.69	0.00	42	0	43	0.00	0.00	62.32	7.37	0.00	0.00	2000
229	10.64	2103	2153	0.00	211	0	0	0	nan	0.00	0.02	3.56	88.11	89.36	0.00	41	0	43	0.00	0.00	69.40	8.12	0.00	0.00	2000
225	11.20	2050	2054	0.00	194	0	0	0	nan	0.00	0.00	3.23	83.73	88.80	0.00	42	0	43	0.00	0.00	66.15	7.84	0.00	0.00	2000
233	11.35	2044	2107	1.09	210	0	0	11	18.07	0.00	0.00	2.48	86.48	88.65	0.00	41	0	43	0.00	0.00	63.19	7.43	0.00	0.00	2000
235	10.68	2117	2179	0.44	213	0	0	0	nan	0.00	0.00	3.53	89.25	89.32	0.00	41	0	43	0.00	0.00	70.30	8.39	0.00	0.00	2000
225	10.95	2081	2075	0.00	194	0	0	0	nan	0.00	0.02	3.57	84.58	89.05	0.00	42	0	43	0.00	0.00	65.72	7.88	0.00	0.00	2000
229	11.08	2061	2103	0.00	197	0	0	0	nan	0.00	0.00	4.87	84.21	88.92	0.00	41	0	43	0.00	0.00	66.24	7.75	0.00	0.00	2000
229	11.22	2031	2108	0.00	195	0	0	0	nan	0.00	0.00	4.15	85.14	88.78	0.00	41	0	42	0.00	0.00	66.72	7.78	0.00	0.00	2000
230	11.18	2047	2111	0.00	196	0	0	0	nan	0.00	0.00	4.99	84.39	88.82	0.00	41	0	43	0.00	0.00	66.11	7.72	0.00	0.00	2000
224	11.05	2065	2062	0.00	194	0	0	0	nan	0.00	0.00	3.70	83.79	88.95	0.00	41	0	43	0.00	0.00	65.69	7.75	0.00	0.00	2000
224	11.39	2010	2055	0.00	194	0	0	0	nan	0.00	0.00	4.10	82.79	88.61	0.00	42	0	43	0.00	0.00	61.22	7.36	0.00	0.00	2000
230	10.93	2033	2176	0.00	212	0	0	0	nan	0.00	0.00	3.84	88.60	89.07	0.00	42	0	43	0.00	0.00	71.31	8.04	0.00	0.00	2000
222	11.33	2023	2032	0.00	195	0	0	0	nan	0.00	0.00	3.83	82.06	88.67	0.00	41	0	43	0.00	0.00	62.81	7.45	0.00	0.00	2000
232	10.80	2080	2174	0.00	211	0	0	0	nan	0.00	0.02	3.23	89.08	89.20	0.00	42	0	43	0.00	0.00	69.92	8.49	0.00	0.00	2000
227	11.03	2060	2102	0.00	194	0	0	0	nan	0.00	0.00	3.76	85.38	88.97	0.00	42	0	43	0.00	0.00	66.05	7.83	0.00	0.00	2000
227	11.15	2036	2100	0.00	194	0	0	0	nan	0.00	0.00	4.05	84.90	88.85	0.00	41	0	43	0.00	0.00	66.53	7.83	0.00	0.00	2000
227	11.04	2048	2103	0.00	195	0	0	0	nan	0.00	0.00	4.21	84.92	88.96	0.00	42	0	43	0.00	0.00	65.49	7.72	0.00	0.00	2000
229	11.25	2032	2103	0.00	194	0	0	0	nan	0.00	0.01	3.57	85.37	88.75	0.00	41	0	43	0.00	0.00	66.29	7.83	0.00	0.00	2000
225	11.51	2027	2029	0.00	195	0	0	0	nan	0.00	0.01	2.57	83.04	88.49	0.00	42	0	43	0.00	0.00	63.48	7.58	0.00	0.00	2000
230	11.02	2060	2125	0.00	210	0	0	0	90.45	0.00	0.02	1.95	88.02	88.98	0.00	41	0	43	0.00	0.00	67.63	7.93	0.00	0.00	2000
231	10.87	2067	2156	1.64	214	0	0	11	18.74	0.00	0.04	3.90	87.75	89.13	0.00	41	0	43	0.00	0.00	69.79	8.25	0.00	0.00	2000
227	10.91	2088	2096	0.03	195	0	0	0	nan	0.00	0.00	4.59	84.37	89.09	0.00	41	0	43	0.00	0.00	66.15	7.91	0.00	0.00	2000
231	10.91	2123	2094	0.00	194	0	0	0	nan	0.00	0.00	4.38	84.54	89.09	0.00	41	0	43	0.00	0.00	66.33	7.71	0.00	0.00	2000
226	11.21	2008	2105	0.00	195	0	0	0	nan	0.00	0.00	4.54	84.59	88.79	0.00	41	0	43	0.00	0.00	65.62	7.85	0.00	0.00	2000
229	11.14	2047	2108	0.00	195	0	0	0	nan	0.00	0.00	4.89	84.34	88.86	0.00	42	0	43	0.00	0.00	66.17	7.90	0.00	0.00	2000
227	10.93	2084	2092	0.00	194	0	0	0	nan	0.00	0.00	4.11	84.67	89.07	0.00	41	0	43	0.00	0.00	65.70	7.91	0.00	0.00	2000
228	10.99	2069	2102	0.00	194	0	0	0	nan	0.00	0.00	4.78	84.43	89.01	0.00	42	0	43	0.00	0.00	65.69	7.73	0.00	0.00	2000
229	11.06	2072	2100	0.00	195	0	0	0	nan	0.00	0.00	4.77	84.28	88.94	0.00	41	0	43	0.00	0.00	66.12	8.00	0.00	0.00	2000
226	11.11	2034	2100	0.00	195	0	0	0	nan	0.00	0.00	5.08	83.85	88.89	0.00	41	0	43	0.00	0.00	65.63	7.85	0.00	0.00	2000
226	11.13	2036	2098	0.00	194	0	0	0	nan	0.00	0.00	3.93	84.91	88.87	0.00	42	0	43	0.00	0.00	66.24	7.77	0.00	0.00	2000
228	10.90	2095	2095	0.00	194	0	0	0	nan	0.00	0.00	3.64	85.30	89.10	0.00	41	0	43	0.00	0.00	65.79	7.80	0.00	0.00	2000
225	11.04	2042	2098	0.00	194	0	0	0	nan	0.00	0.00	4.17	84.78	88.96	0.00	41	0	43	0.00	0.00	65.77	7.66	0.00	0.00	2000
232	11.09	2091	2100	0.00	195	0	0	0	nan	0.00	0.00	3.62	85.40	88.91	0.00	41	0	43	0.00	0.00	66.78	7.74	0.00	0.00	2000
230	10.97	2093	2105	0.00	195	0	0	0	nan	0.00	0.00	4.28	84.98	89.03	0.00	42	0	43	0.00	0.00	66.70	7.74	0.00	0.00	2000
224	10.95	2076	2071	0.00	194	0	0	0	nan	0.00	0.00	3.99	83.86	89.05	0.00	41	0	43	0.00	0.00	64.40	7.76	0.00	0.00	2000
230	11.11	2041	2127	0.00	194	0	0	0	nan	0.00	0.00	3.21	86.91	88.89	0.00	41	0	43	0.00	0.00	66.65	7.85	0.00	0.00	2000
223	11.38	2022	2031	0.00	193	0	0	0	nan	0.00	0.02	2.55	83.26	88.62	0.00	41	0	43	0.00	0.00	62.53	7.38	0.00	0.00	2000
234	10.88	2068	2179	1.45	212	0	0	11	10.48	0.00	0.02	2.27	90.28	89.12	0.00	42	0	43	0.00	0.00	70.09	8.30	0.00	0.00	2000
231	11.08	2076	2105	0.24	194	0	0	0	nan	0.00	0.00	3.48	85.69	88.92	0.00	41	0	43	0.00	0.00	66.74	7.80	0.00	0.00	2000
224	11.04	2041	2087	0.00	194	0	0	0	nan	0.00	0.00	4.18	84.28	88.96	0.00	41	0	43	0.00	0.00	65.60	7.63	0.00	0.00	2000
228	11.40	2043	2059	0.00	197	0	0	0	nan	0.00	0.00	4.53	82.40	88.60	0.00	41	0	43	0.00	0.00	64.06	7.58	0.00	0.00	2000
225	10.46	2125	2122	0.00	212	0	0	0	nan	0.00	0.00	4.13	86.47	89.54	0.00	42	0	43	0.00	0.00	68.27	7.93	0.00	0.00	2000
227	11.28	2050	2063	0.00	195	0	0	0	nan	0.00	0.00	3.57	83.63	88.72	0.00	42	0	43	0.00	0.00	63.52	7.44	0.00	0.00	2000
228	10.59	2106	2148	0.00	210	0	0	0	nan	0.00	0.01	3.07	88.42	89.41	0.00	41	0	43	0.00	0.00	69.16	7.96	0.00	0.00	2000
229	11.01	2058	2124	0.00	194	0	0	0	nan	0.00	0.00	3.96	86.09	88.99	0.00	41	0	43	0.00	0.00	66.55	7.82	0.00	0.00	2000
229	11.04	2073	2101	0.00	195	0	0	0	nan	0.00	0.03	3.94	85.08	88.96	0.00	41	0	43	0.00	0.00	66.69	7.85	0.00	0.00	2000
225	11.00	2077	2069	0.00	195	0	0	0	nan	0.00	0.00	4.65	83.11	89.00	0.00	41	0	43	0.00	0.00	65.15	7.72	0.00	0.00	2000
229	10.92	2075	2122	0.00	194	0	0	0	nan	0.00	0.00	3.18	86.99	89.08	0.00	41	0	43	0.00	0.00	66.83	7.81	0.00	0.00	2000
228	11.02	2065	2104	0.00	194	0	0	0	nan	0.00	0.00	2.95	86.29	88.98	0.00	41	0	43	0.00	0.00	66.41	7.76	0.00	0.00	2000
226	11.05	2064	2080	0.00	195	0	0	0	nan	0.00	0.00	3.68	84.53	88.95	0.00	41	0	43	0.00	0.00	66.19	7.75	0.00	0.00	2000
232	10.94	2090	2133	0.00	194	0	0	0	nan	0.00	0.00	3.72	86.82	89.06	0.00	41	0	43	0.00	0.00	67.42	7.76	0.00	0.00	2000
228	11.25	2032	2090	0.00	195	0	0	0	nan	0.00	0.00	3.91	84.50	88.75	0.00	41	0	43	0.00	0.00	66.22	7.62	0.00	0.00	2000
226	11.04	2065	2078	0.00	194	0	0	0	nan	0.00	0.00	3.86	84.25	88.96	0.00	42	0	43	0.00	0.00	65.91	7.72	0.00	0.00	2000
228	11.09	2039	2121	0.00	195	0	0	0	nan	0.00	0.00	3.87	85.98	88.91	0.00	41	0	43	0.00	0.00	66.50	7.87	0.00	0.00	2000
227	10.94	2099	2078	1.47	194	0	0	11	12.81	0.00	0.00	3.44	84.70	89.06	0.00	42	0	43	0.00	0.00	65.87	7.76	0.00	0.00	2000
229	11.10	2033	2128	0.23	194	0	0	0	nan	0.00	0.00	3.42	86.76	88.90	0.00	41	0	43	0.00	0.00	65.80	7.77	0.00	0.00	2000
236	11.64	2068	2059	0.00	196	0	0	0	nan	0.00	0.01	2.98	83.75	88.36	0.00	42	0	43	0.00	0.00	62.44	7.57	0.00	0.00	2000
223	10.70	2078	2109	0.00	211	0	0	0	nan	0.00	0.00	4.80	84.97	89.30	0.00	41	0	43	0.00	0.00	70.31	8.43	0.00	0.00	2000
233	10.71	2135	2141	0.00	194	0	0	0	nan	0.00	0.00	3.91	87.09	89.30	0.00	41	0	43	0.00	0.00	64.32	7.62	0.00	0.00	2000
227	10.93	2083	2093	0.00	194	0	0	0	nan	0.00	0.00	4.37	84.43	89.07	0.00	40	0	43	0.00	0.00	64.78	7.52	0.00	0.00	2000
228	10.90	2087	2104	0.00	197	0	0	0	nan	0.00	0.00	6.12	83.23	89.10	0.00	40	0	43	0.00	0.00	65.25	7.59	0.00	0.00	2000
230	10.88	2109	2100	0.00	197	0	0	0	nan	0.00	0.00	4.51	84.69	89.12	0.00	40	0	43	0.00	0.00	59.90	7.17	0.00	0.00	2000
229	11.12	2064	2093	0.00	194	0	0	0	nan	0.00	0.00	3.16	85.46	88.88	0.00	41	0	43	0.00	0.00	69.49	8.03	0.00	0.00	2000
228	10.91	2083	2104	0.00	194	0	0	0	nan	0.00	0.00	4.08	85.22	89.09	0.00	41	0	43	0.00	0.00	66.73	8.71	0.00	0.00	2000
224	10.91	2083	2070	0.00	195	0	0	0	nan	0.00	0.00	4.14	83.80	89.09	0.00	40	0	43	0.00	0.00	62.29	7.85	0.00	0.00	2000
232	10.95	2082	2141	0.00	194	0	0	0	nan	0.00	0.00	3.22	87.65	89.05	0.00	41	0	43	0.00	0.00	71.16	9.14	0.00	0.00	2000
233	11.11	2100	2094	0.00	196	0	0	0	nan	0.00	0.00	4.46	84.22	88.89	0.00	41	0	43	0.00	0.00	67.19	8.66	0.00	0.00	2000
227	11.00	2069	2098	0.00	194	0	0	0	nan	0.00	0.00	4.58	84.38	89.00	0.00	41	0	43	0.00	0.00	66.89	8.62	0.00	0.00	2000
229	10.96	2093	2100	0.00	194	0	0	0	nan	0.00	0.00	4.35	84.71	89.04	0.00	41	0	43	0.00	0.00	63.83	8.03	0.00	0.00	2000
228	10.94	2085	2099	0.00	194	0	0	0	nan	0.00	0.00	4.76	84.29	89.06	0.00	41	0	43	0.00	0.00	66.45	8.78	0.00	0.00	2000
227	10.93	2104	2073	0.00	195	0	0	0	nan	0.00	0.00	4.89	83.09	89.07	0.00	41	0	43	0.00	0.00	66.26	8.42	0.00	0.00	2000
228	11.28	2062	2054	0.98	194	0	0	32	5.91	0.00	0.00	4.20	82.67	88.72	0.00	41	0	43	0.00	0.00	66.96	8.46	0.00	0.00	2000
226	11.24	2015	2094	0.18	212	0	0	0	nan	0.00	0.02	2.86	85.77	88.76	0.00	41	0	43	0.00	0.00	66.13	8.43	0.00	0.00	2000
233	10.68	2102	2179	0.00	210	0	0	0	nan	0.00	0.02	2.55	90.20	89.32	0.00	41	0	43	0.00	0.00	70.72	9.19	0.00	0.00	2000
224	11.34	2047	2030	0.00	196	0	0	0	nan	0.00	0.00	3.62	82.14	88.66	0.00	41	0	43	0.00	0.00	63.78	8.22	0.00	0.00	2000
228	11.10	2049	2101	0.00	211	0	0	0	nan	0.00	0.00	2.28	86.68	88.90	0.00	41	0	43	0.00	0.00	66.45	8.67	0.00	0.00	2000
232	11.14	2058	2130	0.00	210	0	0	0	nan	0.00	0.02	2.07	88.03	88.86	0.00	41	0	43	0.00	0.00	67.92	8.70	0.00	0.00	2000
228	10.69	2100	2137	0.00	210	0	0	0	nan	0.00	0.01	2.99	87.92	89.31	0.00	41	0	43	0.00	0.00	66.68	8.42	0.00	0.00	2000
227	10.86	2103	2091	0.00	194	0	0	0	nan	0.00	0.00	5.38	83.43	89.14	0.00	41	0	43	0.00	0.00	66.12	8.21	0.00	0.00	2000
228	10.84	2100	2108	0.00	195	0	0	0	nan	0.00	0.00	4.51	84.97	89.16	0.00	41	0	43	0.00	0.00	65.07	7.49	0.00	0.00	2000
231	10.89	2109	2113	0.00	197	0	0	0	nan	0.00	0.00	4.32	85.37	89.11	0.00	40	0	43	0.00	0.00	65.12	7.41	0.00	0.00	2000
227	10.85	2093	2103	0.00	195	0	0	0	nan	0.00	0.00	4.77	84.56	89.15	0.00	40	0	43	0.00	0.00	66.02	7.41	0.00	0.00	2000
236	11.49	2053	2097	0.00	195	0	0	0	nan	0.00	0.00	5.20	83.33	88.51	0.00	40	0	43	0.00	0.00	64.56	7.71	0.00	0.00	2000
229	11.15	2054	2103	0.00	194	0	0	0	nan	0.00	0.00	4.16	84.89	88.85	0.00	40	0	43	0.00	0.00	64.83	7.63	0.00	0.00	2000
227	10.95	2094	2082	0.00	194	0	0	0	nan	0.00	0.00	4.63	83.69	89.05	0.00	40	0	43	0.00	0.00	64.59	7.64	0.00	0.00	2000
225	10.77	2086	2107	0.00	204	0	0	0	nan	0.00	0.00	3.99	85.62	89.23	0.00	39	0	43	0.00	0.00	67.69	7.99	0.00	0.00	2000
139	9.11	1519	2109	0.00	222	0	0	0	nan	0.00	0.02	8.65	82.89	90.89	0.00	38	0	43	0.00	0.00	60.52	7.48	0.00	0.00	2000
75	6.95	1099	2074	0.00	194	0	0	1	86.06	0.00	0.01	3.39	88.59	93.05	0.00	38	0	43	0.00	0.00	58.93	7.56	0.00	0.00	2000
74	6.96	1061	2100	0.31	197	0	0	2	86.93	0.00	0.00	3.73	89.37	93.04	0.00	38	0	43	0.00	0.00	57.67	7.36	0.00	0.00	2000
72	6.85	1041	2134	0.00	210	0	0	0	nan	0.00	0.00	4.04	90.64	93.15	0.00	38	0	43	0.00	0.00	58.01	7.36	0.00	0.00	2000
81	6.81	1194	2081	0.00	145	0	0	0	nan	0.00	0.02	4.58	87.88	93.19	0.00	38	0	43	0.00	0.00	59.88	7.65	0.00	0.00	2000
