Avg_MHz	Busy%	Bzy_MHz	TSC_MHz	IPC	IRQ	NMI	SMI	LLCMRPS	LLC%hit	POLL%	C1%	C1E%	C6%	CPU%c1	CPU%c6	CoreTmp	CoreThr	PkgTmp	Pkg%pc2	Pkg%pc6	PkgWatt	RAMWatt	PKG_%	RAM_%	UncMHz
364	17.84	1976	2172	0.00	262	0	0	0	nan	0.00	0.79	33.35	50.89	82.16	0.00	37	0	42	0.00	0.00	68.01	8.10	0.00	0.00	2000
363	17.36	2103	2087	0.00	223	0	0	0	nan	0.09	3.42	25.40	53.69	82.64	0.00	37	0	42	0.00	0.00	66.60	7.82	0.00	0.00	2000
78	6.89	1127	2117	0.00	194	0	0	0	nan	0.00	0.02	6.34	87.47	93.11	0.00	37	0	42	0.00	0.00	61.19	7.84	0.00	0.00	2000
72	6.67	1078	2104	0.00	210	0	0	0	nan	0.00	0.02	3.90	89.59	93.33	0.00	37	0	42	0.00	0.00	58.91	7.53	0.00	0.00	2000
72	7.06	1022	2082	0.00	193	0	0	0	nan	0.00	0.02	3.84	88.46	92.94	0.00	37	0	42	0.00	0.00	58.69	7.44	0.00	0.00	2000
71	6.87	1040	2098	0.00	193	0	0	0	nan	0.01	0.02	1.81	91.28	93.13	0.00	37	0	42	0.00	0.00	57.18	7.51	0.00	0.00	2000
75	6.75	1090	2137	0.00	195	0	0	0	nan	0.00	0.01	3.60	91.21	93.25	0.00	37	0	42	0.00	0.00	59.91	7.70	0.00	0.00	2000
73	6.65	1100	2084	0.00	193	0	0	0	nan	0.00	0.00	2.78	89.86	93.35	0.00	37	0	42	0.00	0.00	58.37	7.45	0.00	0.00	2000
72	6.70	1086	2089	0.00	193	0	0	0	nan	0.00	0.02	2.69	90.18	93.30	0.00	37	0	42	0.00	0.00	60.16	7.73	0.00	0.00	2000
73	6.73	1069	2120	0.00	210	0	0	0	nan	0.00	0.00	3.84	90.32	93.27	0.00	37	0	42	0.00	0.00	57.86	7.39	0.00	0.00	2000
75	6.32	1195	2098	0.00	177	0	0	0	nan	0.00	0.02	3.04	90.55	93.68	0.00	37	0	42	0.00	0.00	60.02	7.76	0.00	0.00	2000
71	6.65	1080	2087	0.00	194	0	0	0	nan	0.00	0.00	2.77	90.05	93.35	0.00	37	0	42	0.00	0.00	59.00	7.36	0.00	0.00	2000
74	6.79	1077	2111	0.00	210	0	0	0	nan	0.00	0.02	3.09	90.57	93.21	0.00	37	0	42	0.00	0.00	60.63	7.79	0.00	0.00	2000
72	6.48	1110	2091	0.00	178	0	0	0	nan	0.00	0.00	3.42	89.71	93.52	0.00	37	0	42	0.00	0.00	58.37	7.47	0.00	0.00	2000
75	7.04	1057	2117	0.00	209	0	0	0	nan	0.00	0.00	3.52	90.19	92.96	0.00	37	0	42	0.00	0.00	58.60	7.35	0.00	0.00	2000
72	6.48	1105	2102	0.00	194	0	0	1	88.39	0.00	0.03	3.65	89.98	93.52	0.00	37	0	42	0.00	0.00	58.37	7.54	0.00	0.00	2000
71	6.70	1079	2068	0.29	194	0	0	1	87.34	0.00	0.00	2.62	89.28	93.30	0.00	37	0	42	0.00	0.00	59.71	7.47	0.00	0.00	2000
73	6.65	1089	2117	0.00	194	0	0	0	nan	0.00	0.03	1.72	92.38	93.35	0.00	37	0	42	0.00	0.00	58.69	7.46	0.00	0.00	2000
201	10.48	1930	2084	0.00	204	0	0	0	nan	0.02	0.74	7.50	80.73	89.52	0.00	37	0	42	0.00	0.00	62.30	7.34	0.00	0.00	2000
230	10.54	2175	2105	0.00	218	0	0	0	nan	0.00	0.01	4.33	85.36	89.46	0.00	38	0	42	0.00	0.00	66.17	7.66	0.00	0.00	2000
239	11.37	2070	2133	0.00	203	0	0	0	nan	0.00	0.03	3.98	86.08	88.63	0.00	38	0	42	0.00	0.00	69.77	7.98	0.00	0.00	2000
231	11.09	2093	2092	0.00	200	0	0	0	nan	0.00	0.00	5.57	83.17	88.91	0.00	38	0	42	0.00	0.00	63.00	7.24	0.00	0.00	2000
233	11.23	2080	2096	0.00	197	0	0	0	nan	0.00	0.03	5.99	82.70	88.77	0.00	37	0	42	0.00	0.00	68.16	7.97	0.00	0.00	2000
231	11.14	2078	2094	0.00	197	0	0	0	nan	0.00	0.00	4.86	83.78	88.86	0.00	37	0	42	0.00	0.00	64.15	7.65	0.00	0.00	2000
233	11.07	2131	2079	0.00	204	0	0	0	nan	0.00	0.00	4.52	83.63	88.93	0.00	37	0	42	0.00	0.00	65.46	7.70	0.00	0.00	2000
232	11.12	2069	2119	0.00	195	0	0	0	nan	0.00	0.01	4.80	85.02	88.88	0.00	38	0	42	0.00	0.00	66.67	7.79	0.00	0.00	2000
232	10.93	2122	2102	0.00	198	0	0	0	nan	0.00	0.00	4.23	84.96	89.07	0.00	38	0	42	0.00	0.00	68.41	7.87	0.00	0.00	2000
230	11.12	2072	2100	0.00	199	0	0	0	nan	0.00	0.01	3.89	85.06	88.88	0.00	38	0	42	0.00	0.00	63.26	7.24	0.00	0.00	2000
229	11.14	2069	2089	0.00	198	0	0	0	nan	0.00	0.02	2.21	86.23	88.86	0.00	39	0	42	0.00	0.00	67.17	7.73	0.00	0.00	2000
235	11.79	2030	2060	0.00	206	0	0	0	nan	0.00	0.06	3.73	82.83	88.21	0.00	39	0	42	0.00	0.00	61.49	7.24	0.00	0.00	2000
234	10.59	2150	2159	0.00	218	0	0	0	nan	0.00	0.02	7.68	84.20	89.41	0.00	39	0	42	0.00	0.00	69.09	7.97	0.00	0.00	2000
229	11.07	2069	2101	0.00	198	0	0	0	nan	0.00	0.00	6.89	82.07	88.93	0.00	39	0	42	0.00	0.00	65.48	7.48	0.00	0.00	2000
229	11.01	2088	2093	0.00	195	0	0	3	68.82	0.00	0.02	5.99	82.66	88.99	0.00	39	0	42	0.00	0.00	65.37	7.63	0.00	0.00	2000
227	11.56	2019	2041	0.70	197	0	0	17	92.44	0.00	0.00	4.92	81.11	88.44	0.00	40	0	42	0.00	0.00	61.75	7.12	0.00	0.00	2000
231	11.00	2092	2110	0.00	214	0	0	0	nan	0.00	0.00	4.82	84.65	89.00	0.00	40	0	42	0.00	0.00	65.93	7.45	0.00	0.00	2000
232	10.83	2087	2156	0.00	216	0	0	0	nan	0.00	0.02	5.50	86.13	89.17	0.00	40	0	42	0.00	0.00	68.70	7.87	0.00	0.00	2000
230	10.92	2121	2083	0.00	199	0	0	0	nan	0.00	0.00	4.88	83.32	89.08	0.00	38	0	42	0.00	0.00	64.51	7.47	0.00	0.00	2000
232	10.97	2097	2121	0.00	197	0	0	0	nan	0.00	0.01	4.48	85.49	89.03	0.00	38	0	42	0.00	0.00	66.45	7.59	0.00	0.00	2000
229	11.90	2214	1827	0.00	201	0	0	0	nan	0.00	0.00	4.55	72.05	88.10	0.00	37	0	42	0.00	0.00	54.65	6.27	0.00	0.00	2000
240	10.70	2050	2301	0.00	259	0	0	0	nan	0.00	0.02	6.69	91.26	89.30	0.00	37	0	42	0.00	0.00	73.56	9.00	0.00	0.00	2000
239	10.77	2111	2210	0.00	213	0	0	0	nan	0.00	0.02	4.71	89.24	89.23	0.00	37	0	42	0.00	0.00	71.25	8.59	0.00	0.00	2000
237	11.23	2093	2117	0.00	179	0	0	0	nan	0.00	0.03	7.41	82.17	88.77	0.00	37	0	42	0.00	0.00	67.05	8.15	0.00	0.00	2000
234	11.21	2092	2095	0.00	200	0	0	0	nan	0.00	0.99	7.15	80.58	88.79	0.00	37	0	42	0.00	0.00	62.90	7.50	0.00	0.00	2000
233	11.07	2105	2096	0.00	197	0	0	0	nan	0.00	0.00	5.08	83.69	88.93	0.00	37	0	42	0.00	0.00	65.42	7.72	0.00	0.00	2000
231	11.41	2055	2071	0.00	197	0	0	0	nan	0.02	0.00	5.67	81.76	88.59	0.00	37	0	42	0.00	0.00	63.31	7.65	0.00	0.00	2000
233	10.95	2093	2138	0.00	195	0	0	0	nan	0.00	0.45	7.23	83.02	89.05	0.00	37	0	42	0.00	0.00	67.39	8.10	0.00	0.00	2000
232	11.28	2126	2029	0.00	194	0	0	0	nan	0.00	0.00	6.02	79.76	88.72	0.00	38	0	42	0.00	0.00	62.15	7.35	0.00	0.00	2000
230	10.82	2066	2158	0.00	200	0	0	0	nan	0.00	0.00	6.03	85.70	89.18	0.00	38	0	42	0.00	0.00	67.78	7.78	0.00	0.00	2000
230	11.33	2020	2110	0.00	195	0	0	0	nan	0.00	0.00	6.92	82.23	88.67	0.00	39	0	42	0.00	0.00	64.65	7.56	0.00	0.00	2000
230	11.19	2048	2103	0.00	197	0	0	4	50.43	0.00	0.00	5.89	83.07	88.81	0.00	38	0	42	0.00	0.00	63.68	7.46	0.00	0.00	2000
231	11.33	2051	2091	0.59	197	0	0	5	67.93	0.00	0.02	6.01	82.41	88.67	0.00	38	0	42	0.00	0.00	64.34	7.61	0.00	0.00	2000
229	11.44	2042	2063	0.00	196	0	0	0	nan	0.00	0.03	5.48	81.58	88.56	0.00	38	0	42	0.00	0.00	63.47	7.37	0.00	0.00	2000
234	11.41	2021	2131	0.00	199	0	0	0	nan	0.00	0.00	7.51	82.55	88.59	0.00	38	0	42	0.00	0.00	67.12	8.00	0.00	0.00	2000
229	11.10	2055	2105	0.00	196	0	0	0	nan	0.00	0.00	8.76	80.48	88.90	0.00	39	0	42	0.00	0.00	62.31	7.28	0.00	0.00	2000
230	11.07	2091	2091	0.00	195	0	0	0	nan	0.00	0.00	7.10	81.49	88.93	0.00	38	0	42	0.00	0.00	65.47	7.65	0.00	0.00	2000
228	10.86	2078	2125	0.00	199	0	0	0	nan	0.00	0.00	7.01	83.31	89.14	0.00	39	0	42	0.00	0.00	66.59	7.68	0.00	0.00	2000
228	11.31	2075	2039	0.00	196	0	0	0	nan	0.00	0.00	6.53	79.78	88.69	0.00	38	0	42	0.00	0.00	59.87	7.08	0.00	0.00	2000
231	11.11	2057	2121	0.00	196	0	0	0	nan	0.00	0.11	3.80	86.08	88.89	0.00	38	0	42	0.00	0.00	67.64	7.79	0.00	0.00	2000
230	11.03	2050	2139	0.00	203	0	0	0	nan	0.00	0.51	5.87	84.41	88.97	0.00	38	0	42	0.00	0.00	66.91	7.74	0.00	0.00	2000
230	11.05	2094	2091	0.00	199	0	0	0	nan	0.00	0.00	10.47	78.20	88.95	0.00	38	0	42	0.00	0.00	65.50	7.49	0.00	0.00	2000
229	11.18	2098	2047	0.00	198	0	0	0	nan	0.00	0.02	5.62	81.02	88.82	0.00	39	0	42	0.00	0.00	60.43	6.89	0.00	0.00	2000
230	10.88	2095	2119	0.00	196	0	0	0	nan	0.02	1.41	6.30	82.26	89.12	0.00	39	0	42	0.00	0.00	64.28	7.37	0.00	0.00	2000
235	11.21	2060	2139	0.00	196	0	0	0	nan	0.04	0.00	8.25	82.34	88.79	0.00	39	0	42	0.00	0.00	68.10	8.25	0.00	0.00	2000
229	11.15	2056	2102	0.00	198	0	0	0	nan	0.00	0.00	7.02	82.08	88.85	0.00	38	0	42	0.00	0.00	66.09	7.75	0.00	0.00	2000
232	11.39	2075	2059	0.00	196	0	0	0	nan	0.00	0.00	6.74	80.27	88.61	0.00	39	0	42	0.00	0.00	61.09	7.11	0.00	0.00	2000
229	10.91	2084	2112	0.00	198	0	0	0	nan	0.00	0.00	5.71	83.93	89.09	0.00	39	0	42	0.00	0.00	67.94	7.79	0.00	0.00	2000
231	11.19	2045	2121	0.00	197	0	0	2	91.27	0.00	0.00	6.98	82.84	88.81	0.00	39	0	42	0.00	0.00	64.67	7.56	0.00	0.00	2000
231	11.20	2096	2071	0.60	198	0	0	7	79.44	0.00	0.00	5.88	81.72	88.80	0.00	39	0	42	0.00	0.00	65.52	7.67	0.00	0.00	2000
236	11.38	2064	2110	0.00	199	0	0	0	nan	0.00	0.00	6.90	82.17	88.62	0.00	39	0	42	0.00	0.00	65.18	7.36	0.00	0.00	2000
229	10.98	2088	2099	0.00	195	0	0	0	nan	0.00	0.00	9.12	79.92	89.02	0.00	39	0	42	0.00	0.00	64.66	7.37	0.00	0.00	2000
230	11.07	2052	2127	0.00	195	0	0	0	nan	0.00	0.00	7.60	82.59	88.93	0.00	39	0	42	0.00	0.00	65.23	7.52	0.00	0.00	2000
235	11.01	2151	2084	0.00	198	0	0	0	nan	0.00	0.05	4.34	83.97	88.99	0.00	39	0	42	0.00	0.00	65.73	7.47	0.00	0.00	2000
231	11.28	2063	2090	0.00	196	0	0	0	nan	0.00	0.01	4.24	84.14	88.73	0.00	39	0	42	0.00	0.00	65.56	7.66	0.00	0.00	2000
231	11.11	2088	2093	0.00	202	0	0	0	nan	0.00	0.00	8.14	80.53	88.89	0.00	39	0	42	0.00	0.00	62.20	7.25	0.00	0.00	2000
231	11.04	2062	2131	0.00	195	0	0	0	nan	0.04	0.00	9.71	80.65	88.96	0.00	39	0	42	0.00	0.00	67.94	7.76	0.00	0.00	2000
228	11.15	2049	2092	0.00	196	0	0	0	nan	0.02	1.42	6.76	80.40	88.85	0.00	39	0	42	0.00	0.00	64.84	7.42	0.00	0.00	2000
229	11.15	2047	2104	0.00	197	0	0	0	nan	0.00	0.00	7.60	81.46	88.85	0.00	39	0	42	0.00	0.00	65.22	7.45	0.00	0.00	2000
228	11.12	2041	2111	0.00	198	0	0	0	nan	0.00	0.00	7.59	81.81	88.88	0.00	39	0	42	0.00	0.00	65.44	7.46	0.00	0.00	2000
232	11.50	2033	2085	0.00	196	0	0	0	nan	0.00	0.00	7.46	80.56	88.50	0.00	39	0	42	0.00	0.00	64.56	7.43	0.00	0.00	2000
230	11.08	2075	2098	0.00	201	0	0	0	nan	0.00	0.00	8.40	80.50	88.92	0.00	39	0	42	0.00	0.00	65.03	7.50	0.00	0.00	2000
230	11.15	2049	2112	0.00	196	0	0	0	nan	0.00	0.00	7.56	81.87	88.85	0.00	39	0	42	0.00	0.00	65.01	7.43	0.00	0.00	2000
228	11.24	2036	2095	0.00	198	0	0	0	nan	0.00	0.00	6.11	82.55	88.76	0.00	39	0	42	0.00	0.00	65.18	7.33	0.00	0.00	2000
229	11.07	2091	2079	0.00	196	0	0	0	nan	0.00	0.00	6.67	81.39	88.93	0.00	39	0	42	0.00	0.00	61.68	7.08	0.00	0.00	2000
231	11.40	2030	2097	0.00	201	0	0	1	90.98	0.00	0.00	8.13	80.48	88.60	0.00	38	0	42	0.00	0.00	64.75	7.81	0.00	0.00	2000
232	11.37	2015	2129	1.14	198	0	0	9	64.57	0.00	0.05	7.19	82.83	88.63	0.00	39	0	42	0.00	0.00	67.83	7.87	0.00	0.00	2000
229	11.25	2042	2092	0.01	198	0	0	0	nan	0.00	2.16	3.94	82.53	88.75	0.00	38	0	42	0.00	0.00	65.23	7.47	0.00	0.00	2000
230	11.30	2051	2088	0.00	196	0	0	0	nan	0.00	0.54	3.80	83.91	88.70	0.00	39	0	42	0.00	0.00	61.96	7.54	0.00	0.00	2000
228	10.97	2068	2108	0.00	199	0	0	0	nan	0.00	0.00	6.03	83.45	89.03	0.00	39	0	42	0.00	0.00	65.23	7.17	0.00	0.00	2000
232	11.50	2020	2101	0.00	196	0	0	0	nan	0.00	0.01	7.39	81.30	88.50	0.00	39	0	42	0.00	0.00	68.01	7.46	0.00	0.00	2000
228	11.20	2065	2073	0.00	206	0	0	0	nan	0.00	0.03	5.47	82.34	88.80	0.00	39	0	42	0.00	0.00	61.74	7.53	0.00	0.00	2000
230	11.18	2043	2119	0.00	197	0	0	0	nan	0.00	0.00	7.88	81.87	88.82	0.00	39	0	42	0.00	0.00	65.36	7.50	0.00	0.00	2000
228	10.97	2094	2081	0.00	198	0	0	0	nan	0.00	0.00	7.45	80.90	89.03	0.00	39	0	42	0.00	0.00	64.17	7.38	0.00	0.00	2000
230	11.04	2040	2142	0.00	197	0	0	0	nan	0.00	0.00	7.53	83.36	88.96	0.00	39	0	42	0.00	0.00	68.21	7.68	0.00	0.00	2000
231	11.10	2091	2093	0.00	197	0	0	0	nan	0.04	0.00	8.00	80.63	88.90	0.00	39	0	42	0.00	0.00	62.94	7.32	0.00	0.00	2000
230	10.92	2148	2059	0.00	195	0	0	0	nan	0.00	0.00	3.65	83.78	89.08	0.00	39	0	42	0.00	0.00	64.27	7.29	0.00	0.00	2000
227	10.87	2054	2137	0.00	194	0	0	0	nan	0.00	0.02	3.88	86.85	89.13	0.00	39	0	42	0.00	0.00	67.35	7.40	0.00	0.00	2000
229	11.14	2053	2103	0.00	195	0	0	0	nan	0.00	0.03	3.58	85.42	88.86	0.00	39	0	42	0.00	0.00	61.97	7.43	0.00	0.00	2000
227	10.94	2099	2072	0.00	196	0	0	0	nan	0.00	0.00	3.77	84.16	89.06	0.00	39	0	42	0.00	0.00	65.07	7.51	0.00	0.00	2000
229	11.02	2045	2131	0.00	196	0	0	0	nan	0.00	0.00	4.88	85.49	88.98	0.00	39	0	42	0.00	0.00	65.01	7.44	0.00	0.00	2000
233	11.01	2115	2103	0.00	197	0	0	0	nan	0.00	0.00	3.51	85.61	88.99	0.00	39	0	42	0.00	0.00	66.50	7.78	0.00	0.00	2000
230	11.49	2034	2066	0.00	197	0	0	0	nan	0.00	0.00	3.41	83.76	88.51	0.00	39	0	42	0.00	0.00	63.73	7.34	0.00	0.00	2000
230	11.08	2079	2097	0.57	196	0	0	4	89.40	0.00	0.04	3.65	85.09	88.92	0.00	39	0	42	0.00	0.00	64.21	7.64	0.00	0.00	2000
230	11.14	2036	2132	0.21	196	0	0	0	nan	0.00	0.00	4.20	86.15	88.86	0.00	39	0	42	0.00	0.00	64.83	7.46	0.00	0.00	2000
228	11.08	2063	2097	0.00	197	0	0	0	nan	0.00	0.00	5.20	83.65	88.92	0.00	39	0	42	0.00	0.00	66.19	7.42	0.00	0.00	2000
231	11.16	2060	2110	0.00	196	0	0	0	nan	0.00	0.00	4.13	85.21	88.84	0.00	39	0	42	0.00	0.00	66.54	7.66	0.00	0.00	2000
225	11.36	2060	2015	0.00	194	0	0	0	nan	0.00	0.00	2.90	82.27	88.64	0.00	38	0	42	0.00	0.00	60.82	7.55	0.00	0.00	2000
232	10.77	2066	2189	0.00	196	0	0	0	nan	0.00	0.00	3.34	89.81	89.23	0.00	38	0	42	0.00	0.00	67.50	8.16	0.00	0.00	2000
229	10.81	2107	2110	0.00	195	0	0	0	nan	0.00	0.00	3.38	86.37	89.19	0.00	38	0	42	0.00	0.00	67.30	7.93	0.00	0.00	2000
229	11.02	2083	2094	0.00	195	0	0	0	nan	0.00	0.00	3.19	85.68	88.98	0.00	39	0	42	0.00	0.00	63.37	7.30	0.00	0.00	2000
228	10.91	2094	2096	0.00	195	0	0	0	nan	0.00	0.02	3.29	85.70	89.09	0.00	38	0	42	0.00	0.00	65.47	7.59	0.00	0.00	2000
232	10.99	2103	2108	0.00	198	0	0	0	nan	0.00	0.00	2.45	86.97	89.01	0.00	39	0	42	0.00	0.00	66.64	7.87	0.00	0.00	2000
228	11.17	2053	2089	0.00	178	0	0	0	nan	0.00	0.00	2.64	85.89	88.83	0.00	39	0	42	0.00	0.00	62.88	7.19	0.00	0.00	2000
231	11.20	2083	2076	0.00	196	0	0	0	nan	0.00	0.00	3.39	84.42	88.80	0.00	39	0	42	0.00	0.00	66.63	8.56	0.00	0.00	2000
229	10.82	2077	2142	0.00	194	0	0	0	nan	0.00	0.00	4.40	86.67	89.18	0.00	39	0	42	0.00	0.00	67.99	7.96	0.00	0.00	2000
228	11.07	2074	2082	0.00	195	0	0	0	nan	0.00	0.01	3.38	84.88	88.93	0.00	39	0	42	0.00	0.00	64.11	7.45	0.00	0.00	2000
230	11.02	2085	2106	0.00	195	0	0	0	nan	0.00	0.02	2.82	86.44	88.98	0.00	40	0	42	0.00	0.00	66.77	7.73	0.00	0.00	2000
229	11.02	2085	2094	0.00	196	0	0	0	nan	0.00	0.00	2.95	85.84	88.98	0.00	40	0	42	0.00	0.00	63.88	7.44	0.00	0.00	2000
227	11.27	2015	2100	0.00	179	0	0	0	nan	0.00	0.00	3.75	85.03	88.73	0.00	40	0	42	0.00	0.00	66.44	7.49	0.00	0.00	2000
229	11.35	2049	2070	0.42	194	0	0	5	37.43	0.00	0.00	3.53	84.02	88.65	0.00	40	0	42	0.00	0.00	61.35	7.00	0.00	0.00	2000
228	11.01	2063	2106	0.74	195	0	0	2	77.00	0.00	0.00	4.44	84.88	88.99	0.00	39	0	42	0.00	0.00	67.96	7.97	0.00	0.00	2000
232	11.11	2069	2116	0.00	198	0	0	0	nan	0.00	0.00	5.89	83.78	88.89	0.00	39	0	42	0.00	0.00	65.91	8.46	0.00	0.00	2000
230	11.13	2070	2093	0.00	198	0	0	0	nan	0.00	0.00	4.19	84.46	88.87	0.00	40	0	42	0.00	0.00	65.94	7.94	0.00	0.00	2000
228	11.01	2070	2100	0.00	197	0	0	0	nan	0.00	0.00	3.41	85.68	88.99	0.00	40	0	42	0.00	0.00	64.73	7.69	0.00	0.00	2000
227	10.90	2075	2107	0.00	195	0	0	0	nan	0.00	0.00	3.92	85.54	89.10	0.00	40	0	42	0.00	0.00	65.26	7.66	0.00	0.00	2000
228	10.99	2063	2115	0.00	195	0	0	0	nan	0.00	0.00	3.48	86.22	89.01	0.00	40	0	42	0.00	0.00	65.28	7.74	0.00	0.00	2000
226	11.23	2027	2089	0.00	195	0	0	0	nan	0.00	0.00	2.75	85.60	88.77	0.00	40	0	42	0.00	0.00	62.45	7.73	0.00	0.00	2000
231	11.33	2053	2082	0.00	196	0	0	0	nan	0.00	0.00	3.51	84.39	88.67	0.00	40	0	42	0.00	0.00	65.09	7.35	0.00	0.00	2000
228	10.84	2087	2117	0.00	196	0	0	0	nan	0.00	0.00	4.52	85.42	89.16	0.00	39	0	42	0.00	0.00	66.49	8.32	0.00	0.00	2000
229	11.20	2033	2109	0.00	195	0	0	0	nan	0.00	0.00	3.61	85.74	88.80	0.00	40	0	42	0.00	0.00	67.96	8.16	0.00	0.00	2000
229	10.92	2085	2110	0.00	195	0	0	0	nan	0.00	0.00	3.31	86.31	89.08	0.00	40	0	42	0.00	0.00	64.24	7.62	0.00	0.00	2000
226	11.15	2083	2042	0.00	194	0	0	0	nan	0.00	0.00	3.23	83.28	88.85	0.00	40	0	42	0.00	0.00	63.00	7.55	0.00	0.00	2000
230	10.96	2058	2140	0.00	196	0	0	0	nan	0.00	0.02	4.21	86.63	89.05	0.00	40	0	42	0.00	0.00	66.21	7.78	0.00	0.00	2000
229	11.20	2077	2064	0.00	195	0	0	0	nan	0.00	0.02	3.10	84.23	88.80	0.00	40	0	42	0.00	0.00	63.93	7.38	0.00	0.00	2000
228	10.85	2057	2145	0.00	195	0	0	0	nan	0.00	0.00	3.63	87.54	89.15	0.00	40	0	42	0.00	0.00	65.87	7.76	0.00	0.00	2000
229	11.20	2080	2062	0.00	195	0	0	0	nan	0.00	0.00	3.29	84.05	88.80	0.00	39	0	42	0.00	0.00	65.47	8.10	0.00	0.00	2000
230	10.85	2083	2134	0.01	195	0	0	4	39.56	0.00	0.00	4.20	86.47	89.15	0.00	40	0	42	0.00	0.00	65.34	7.90	0.00	0.00	2000
231	11.18	2057	2112	1.44	195	0	0	4	60.94	0.00	0.00	3.23	86.20	88.82	0.00	39	0	42	0.00	0.00	67.78	7.40	0.00	0.00	2000
229	11.10	2062	2100	0.00	196	0	0	0	nan	0.00	0.02	3.51	85.51	88.90	0.00	40	0	42	0.00	0.00	64.48	7.59	0.00	0.00	2000
230	11.08	2071	2102	0.00	195	0	0	0	nan	0.00	0.00	3.19	85.85	88.92	0.00	40	0	42	0.00	0.00	66.08	7.81	0.00	0.00	2000
228	11.09	2075	2081	0.00	195	0	0	0	nan	0.00	0.00	3.30	84.86	88.91	0.00	40	0	42	0.00	0.00	63.94	7.50	0.00	0.00	2000
230	11.02	2068	2115	0.00	196	0	0	0	nan	0.00	0.01	2.82	86.91	88.98	0.00	40	0	42	0.00	0.00	66.33	7.61	0.00	0.00	2000
231	11.04	2098	2093	0.00	181	0	0	0	nan	0.00	0.03	5.12	83.49	88.96	0.00	37	0	42	0.00	0.00	63.64	7.30	0.00	0.00	2000
232	11.11	2097	2087	0.00	197	0	0	0	nan	0.00	0.03	4.11	84.32	88.89	0.00	37	0	43	0.00	0.00	65.78	7.57	0.00	0.00	2000
227	11.13	2066	2070	0.00	194	0	0	0	nan	0.00	0.00	3.03	84.68	88.87	0.00	38	0	42	0.00	0.00	64.69	7.36	0.00	0.00	2000
229	11.09	2023	2143	0.00	196	0	0	0	nan	0.00	0.00	4.03	86.78	88.91	0.00	38	0	42	0.00	0.00	65.02	7.50	0.00	0.00	2000
228	10.99	2111	2064	0.00	195	0	0	0	nan	0.00	0.00	3.31	84.17	89.01	0.00	38	0	42	0.00	0.00	64.99	7.44	0.00	0.00	2000
231	11.00	2086	2110	0.00	195	0	0	0	nan	0.00	0.02	3.74	85.75	89.00	0.00	38	0	42	0.00	0.00	65.31	7.44	0.00	0.00	2000
230	11.11	2069	2105	0.00	194	0	0	0	nan	0.00	0.00	4.13	85.05	88.89	0.00	39	0	42	0.00	0.00	64.78	7.46	0.00	0.00	2000
230	10.95	2077	2126	0.00	196	0	0	0	nan	0.00	0.01	4.86	85.38	89.05	0.00	38	0	42	0.00	0.00	65.53	7.29	0.00	0.00	2000
229	11.27	2074	2056	0.00	196	0	0	0	nan	0.00	0.00	3.58	83.34	88.73	0.00	38	0	42	0.00	0.00	65.43	7.55	0.00	0.00	2000
231	10.82	2092	2143	0.00	195	0	0	0	nan	0.00	0.01	3.97	87.08	89.18	0.00	39	0	42	0.00	0.00	64.92	7.35	0.00	0.00	2000
228	11.16	2078	2060	0.00	194	0	0	0	nan	0.00	0.01	3.54	83.66	88.84	0.00	38	0	42	0.00	0.00	62.60	7.05	0.00	0.00	2000
232	11.03	2071	2132	0.00	195	0	0	2	72.90	0.00	0.02	4.56	85.73	88.97	0.00	39	0	42	0.00	0.00	67.84	7.83	0.00	0.00	2000
231	11.22	2077	2080	1.41	196	0	0	6	68.01	0.00	0.00	4.13	83.90	88.78	0.00	39	0	42	0.00	0.00	65.67	7.54	0.00	0.00	2000
235	11.41	2039	2121	0.00	196	0	0	0	nan	0.00	0.00	4.43	85.11	88.59	0.00	38	0	42	0.00	0.00	65.31	7.42	0.00	0.00	2000
228	11.04	2101	2068	0.00	194	0	0	0	nan	0.00	0.00	3.79	83.85	88.96	0.00	38	0	42	0.00	0.00	62.09	7.13	0.00	0.00	2000
230	10.83	2092	2134	0.00	196	0	0	0	nan	0.00	0.02	5.07	85.68	89.17	0.00	38	0	42	0.00	0.00	68.03	7.66	0.00	0.00	2000
228	11.30	2061	2054	0.00	195	0	0	0	nan	0.00	0.00	3.25	83.57	88.70	0.00	38	0	42	0.00	0.00	61.98	7.12	0.00	0.00	2000
234	11.23	2049	2137	0.00	195	0	0	0	nan	0.00	0.02	4.38	86.00	88.77	0.00	38	0	42	0.00	0.00	67.98	8.03	0.00	0.00	2000
227	11.22	2053	2067	0.00	195	0	0	0	nan	0.00	0.00	3.83	83.65	88.78	0.00	39	0	42	0.00	0.00	61.62	7.21	0.00	0.00	2000
230	10.99	2052	2138	0.00	195	0	0	0	nan	0.00	0.02	4.16	86.50	89.01	0.00	39	0	42	0.00	0.00	67.83	7.76	0.00	0.00	2000
230	11.34	2064	2059	0.00	197	0	0	0	nan	0.00	0.00	3.84	83.19	88.66	0.00	38	0	42	0.00	0.00	61.79	7.15	0.00	0.00	2000
226	11.47	2042	2027	0.00	196	0	0	0	nan	0.00	0.02	4.09	81.52	88.53	0.00	39	0	42	0.00	0.00	62.39	7.19	0.00	0.00	2000
242	11.52	2012	2193	0.00	227	0	0	0	nan	0.00	0.00	7.00	85.57	88.48	0.00	38	0	42	0.00	0.00	67.78	7.91	0.00	0.00	2000
225	11.40	2059	2014	0.00	194	0	0	0	nan	0.00	0.00	4.02	81.06	88.60	0.00	38	0	42	0.00	0.00	62.67	7.26	0.00	0.00	2000
231	10.91	2029	2189	0.00	211	0	0	0	nan	0.00	0.00	3.43	89.59	89.09	0.00	38	0	42	0.00	0.00	69.78	7.84	0.00	0.00	2000
230	10.95	2063	2137	0.00	195	0	0	0	nan	0.00	0.00	4.41	86.29	89.05	0.00	39	0	42	0.00	0.00	65.11	7.78	0.00	0.00	2000
230	11.58	2003	2079	0.00	195	0	0	0	nan	0.00	0.00	3.82	83.86	88.42	0.00	39	0	42	0.00	0.00	64.08	7.53	0.00	0.00	2000
232	10.98	2120	2093	0.00	195	0	0	0	nan	0.00	0.00	3.94	84.80	89.02	0.00	38	0	42	0.00	0.00	62.36	7.09	0.00	0.00	2000
228	10.99	2060	2119	0.00	195	0	0	2	74.92	0.00	0.00	3.95	85.97	89.01	0.00	38	0	42	0.00	0.00	67.94	7.60	0.00	0.00	2000
230	11.38	2039	2079	1.43	195	0	0	6	77.95	0.00	0.00	3.48	84.39	88.62	0.00	38	0	42	0.00	0.00	61.88	7.13	0.00	0.00	2000
228	10.97	2073	2108	0.00	194	0	0	0	nan	0.00	0.00	3.58	85.85	89.03	0.00	39	0	42	0.00	0.00	64.10	7.52	0.00	0.00	2000
231	11.24	2040	2114	0.00	194	0	0	0	nan	0.00	0.00	4.74	84.72	88.76	0.00	38	0	42	0.00	0.00	67.81	7.74	0.00	0.00	2000
229	11.19	2080	2069	0.00	197	0	0	0	nan	0.00	0.00	4.05	83.54	88.81	0.00	39	0	42	0.00	0.00	61.79	7.02	0.00	0.00	2000
230	11.19	2042	2116	0.00	195	0	0	0	nan	0.00	0.00	4.08	85.47	88.81	0.00	39	0	42	0.00	0.00	67.36	7.34	0.00	0.00	2000
229	11.01	2091	2089	0.00	194	0	0	0	nan	0.00	0.00	4.39	84.21	88.99	0.00	39	0	42	0.00	0.00	61.79	7.40	0.00	0.00	2000
229	10.97	2088	2103	0.00	194	0	0	0	nan	0.00	0.00	4.61	84.60	89.03	0.00	38	0	42	0.00	0.00	65.04	7.68	0.00	0.00	2000
228	10.89	2104	2094	0.00	196	0	0	0	nan	0.00	0.00	4.96	84.03	89.11	0.00	38	0	42	0.00	0.00	64.52	7.34	0.00	0.00	2000
231	11.08	2078	2108	0.00	195	0	0	0	nan	0.00	0.00	5.43	83.85	88.92	0.00	38	0	42	0.00	0.00	64.95	7.37	0.00	0.00	2000
230	11.09	2056	2121	0.00	195	0	0	0	nan	0.00	0.00	4.28	85.70	88.91	0.00	39	0	42	0.00	0.00	67.89	7.74	0.00	0.00	2000
230	11.37	2009	2111	0.00	195	0	0	0	nan	0.00	0.00	4.03	85.25	88.63	0.00	39	0	42	0.00	0.00	64.79	7.51	0.00	0.00	2000
228	11.37	2017	2089	0.00	196	0	0	0	nan	0.00	0.01	3.21	85.01	88.63	0.00	38	0	42	0.00	0.00	64.71	7.55	0.00	0.00	2000
230	11.36	2020	2108	0.00	198	0	0	0	nan	0.00	0.00	5.00	84.11	88.64	0.00	39	0	42	0.00	0.00	64.49	7.41	0.00	0.00	2000
230	11.45	2031	2073	0.00	195	0	0	0	nan	0.00	0.00	3.06	84.51	88.55	0.00	39	0	42	0.00	0.00	61.70	7.34	0.00	0.00	2000
231	11.40	2020	2107	0.00	195	0	0	0	nan	0.00	0.00	3.98	85.00	88.60	0.00	38	0	42	0.00	0.00	64.91	7.32	0.00	0.00	2000
230	11.17	2041	2115	0.00	196	0	0	0	nan	0.00	0.00	5.07	84.52	88.83	0.00	39	0	42	0.00	0.00	64.67	7.42	0.00	0.00	2000
229	11.12	2088	2075	0.00	195	0	0	0	98.16	0.00	0.00	3.64	84.20	88.88	0.00	39	0	42	0.00	0.00	64.86	7.35	0.00	0.00	2000
230	11.13	2078	2090	1.25	198	0	0	6	70.40	0.00	0.00	5.95	82.60	88.87	0.00	39	0	42	0.00	0.00	65.03	7.37	0.00	0.00	2000
231	11.27	2051	2102	0.21	196	0	0	0	nan	0.00	0.01	4.70	84.26	88.73	0.00	39	0	42	0.00	0.00	64.62	7.35	0.00	0.00	2000
229	11.01	2079	2099	0.00	196	0	0	0	nan	0.00	0.02	5.26	83.83	88.99	0.00	38	0	42	0.00	0.00	65.10	7.44	0.00	0.00	2000
230	11.19	2044	2114	0.00	194	0	0	0	nan	0.00	0.00	4.11	85.38	88.81	0.00	39	0	42	0.00	0.00	64.99	7.57	0.00	0.00	2000
227	11.17	2048	2086	0.00	194	0	0	0	nan	0.00	0.00	4.23	84.15	88.83	0.00	39	0	42	0.00	0.00	64.95	7.39	0.00	0.00	2000
230	10.82	2104	2116	0.00	195	0	0	0	nan	0.00	0.00	4.26	85.64	89.18	0.00	39	0	42	0.00	0.00	65.28	7.44	0.00	0.00	2000
229	11.29	2026	2102	0.00	195	0	0	0	nan	0.00	0.00	4.04	84.79	88.71	0.00	38	0	42	0.00	0.00	65.45	7.51	0.00	0.00	2000
230	11.42	2017	2096	0.00	197	0	0	0	nan	0.00	0.00	5.17	83.36	88.58	0.00	38	0	42	0.00	0.00	64.74	7.52	0.00	0.00	2000
228	11.14	2060	2086	0.00	193	0	0	0	nan	0.00	0.00	4.12	84.22	88.86	0.00	38	0	42	0.00	0.00	65.00	7.56	0.00	0.00	2000
229	11.06	2036	2136	0.00	196	0	0	0	nan	0.01	0.00	4.21	86.32	88.94	0.00	38	0	42	0.00	0.00	65.35	7.42	0.00	0.00	2000
228	11.27	2032	2093	0.00	195	0	0	0	nan	0.00	0.00	3.99	84.48	88.73	0.00	39	0	42	0.00	0.00	65.47	7.52	0.00	0.00	2000
231	11.17	2089	2080	0.00	195	0	0	0	nan	0.00	0.00	4.11	83.96	88.83	0.00	39	0	42	0.00	0.00	65.38	7.57	0.00	0.00	2000
230	11.02	2073	2118	0.00	196	0	0	0	nan	0.00	0.00	5.24	84.54	88.98	0.00	39	0	42	0.00	0.00	65.23	7.52	0.00	0.00	2000
229	11.37	2009	2110	0.00	194	0	0	0	nan	0.00	0.00	3.79	85.35	88.63	0.00	39	0	42	0.00	0.00	65.39	7.58	0.00	0.00	2000
227	11.17	2038	2095	0.00	194	0	0	0	nan	0.00	0.00	3.98	84.75	88.83	0.00	38	0	42	0.00	0.00	65.21	7.61	0.00	0.00	2000
232	11.48	2039	2077	0.00	200	0	0	0	nan	0.00	0.02	4.62	82.99	88.52	0.00	39	0	42	0.00	0.00	65.06	7.53	0.00	0.00	2000
228	10.79	2124	2090	0.00	195	0	0	0	nan	0.00	0.00	4.82	84.06	89.21	0.00	39	0	42	0.00	0.00	62.41	7.13	0.00	0.00	2000
232	10.98	2100	2111	0.92	196	0	0	6	74.62	0.00	0.03	3.41	86.14	89.02	0.00	39	0	42	0.00	0.00	68.37	7.52	0.00	0.00	2000
228	10.95	2073	2113	0.55	195	0	0	0	nan	0.00	0.02	3.92	85.84	89.05	0.00	38	0	42	0.00	0.00	65.12	7.86	0.00	0.00	2000
229	11.08	2046	2120	0.00	196	0	0	0	nan	0.00	0.00	4.22	85.67	88.92	0.00	39	0	42	0.00	0.00	65.23	7.51	0.00	0.00	2000
227	11.21	2072	2052	0.00	193	0	0	0	nan	0.00	0.00	3.07	83.73	88.79	0.00	38	0	42	0.00	0.00	62.50	7.28	0.00	0.00	2000
230	11.03	2056	2134	0.00	194	0	0	0	nan	0.00	0.00	4.18	86.28	88.97	0.00	39	0	42	0.00	0.00	67.73	7.75	0.00	0.00	2000
229	11.55	2019	2064	0.00	196	0	0	0	nan	0.00	0.00	4.14	82.95	88.45	0.00	39	0	42	0.00	0.00	62.26	7.15	0.00	0.00	2000
229	11.13	2047	2115	0.00	195	0	0	0	nan	0.00	0.01	3.46	86.21	88.87	0.00	39	0	42	0.00	0.00	67.19	7.51	0.00	0.00	2000
229	11.03	2079	2096	0.00	194	0	0	0	nan	0.00	0.00	4.00	84.81	88.97	0.00	39	0	42	0.00	0.00	62.64	7.40	0.00	0.00	2000
229	10.84	2105	2104	0.00	194	0	0	0	nan	0.00	0.00	4.10	85.39	89.16	0.00	39	0	42	0.00	0.00	64.78	7.50	0.00	0.00	2000
229	11.10	2075	2086	0.00	194	0	0	0	nan	0.00	0.00	4.18	84.23	88.90	0.00	38	0	42	0.00	0.00	64.52	7.57	0.00	0.00	2000
232	10.78	2141	2114	0.00	195	0	0	0	nan	0.00	0.04	4.49	85.32	89.22	0.00	38	0	42	0.00	0.00	64.92	7.44	0.00	0.00	2000
227	10.59	2150	2092	0.00	195	0	0	0	nan	0.00	0.00	4.23	84.89	89.41	0.00	38	0	42	0.00	0.00	65.20	7.18	0.00	0.00	2000
230	11.03	2076	2113	0.00	196	0	0	0	nan	0.00	0.00	3.89	85.62	88.97	0.00	38	0	42	0.00	0.00	65.33	7.42	0.00	0.00	2000
229	11.36	2009	2111	0.00	206	0	0	0	nan	0.00	0.00	6.08	83.19	88.64	0.00	39	0	42	0.00	0.00	64.59	7.45	0.00	0.00	2000
231	11.43	2020	2098	0.00	198	0	0	0	nan	0.00	0.00	3.52	85.08	88.57	0.00	39	0	42	0.00	0.00	65.05	7.28	0.00	0.00	2000
227	11.68	2036	2004	0.00	194	0	0	0	nan	0.00	0.00	4.00	80.39	88.32	0.00	39	0	42	0.00	0.00	59.87	6.74	0.00	0.00	2000
233	10.88	2024	2219	0.00	211	0	0	0	nan	0.00	0.01	2.96	91.23	89.12	0.00	38	0	42	0.00	0.00	70.43	8.08	0.00	0.00	2000
228	11.35	2045	2063	0.76	195	0	0	6	67.88	0.00	0.00	3.34	83.86	88.65	0.00	39	0	42	0.00	0.00	65.03	7.37	0.00	0.00	2000
231	10.98	2074	2133	0.72	195	0	0	0	90.43	0.00	0.00	4.71	85.75	89.02	0.00	39	0	42	0.00	0.00	65.45	7.36	0.00	0.00	2000
228	11.17	2083	2057	0.00	197	0	0	0	nan	0.00	0.00	4.09	83.03	88.83	0.00	39	0	42	0.00	0.00	64.71	7.49	0.00	0.00	2000
233	11.03	2093	2117	0.00	195	0	0	0	nan	0.00	0.02	4.52	85.32	88.97	0.00	38	0	42	0.00	0.00	65.01	7.40	0.00	0.00	2000
229	10.90	2111	2092	0.00	207	0	0	0	nan	0.00	0.00	4.25	84.55	89.10	0.00	38	0	42	0.00	0.00	64.75	7.41	0.00	0.00	2000
230	10.83	2082	2145	0.00	195	0	0	0	nan	0.00	0.01	5.06	86.11	89.17	0.00	38	0	42	0.00	0.00	65.79	7.53	0.00	0.00	2000
229	11.11	2057	2105	0.00	195	0	0	0	nan	0.00	0.00	2.63	86.55	88.89	0.00	38	0	42	0.00	0.00	66.82	7.71	0.00	0.00	2000
231	10.93	2117	2099	0.00	194	0	0	0	nan	0.00	0.00	3.09	86.03	89.07	0.00	38	0	42	0.00	0.00	63.53	7.18	0.00	0.00	2000
225	11.35	2096	1984	0.00	195	0	0	0	nan	0.00	0.00	3.01	80.85	88.65	0.00	38	0	42	0.00	0.00	61.71	7.06	0.00	0.00	2000
235	10.84	2059	2212	0.00	195	0	0	0	nan	0.00	0.02	2.44	91.56	89.16	0.00	38	0	42	0.00	0.00	68.19	7.84	0.00	0.00	2000
228	11.31	2042	2071	0.00	195	0	0	0	nan	0.00	0.00	3.81	83.65	88.69	0.00	38	0	42	0.00	0.00	65.32	7.48	0.00	0.00	2000
230	11.18	2049	2105	0.00	195	0	0	0	nan	0.00	0.00	4.83	84.30	88.82	0.00	39	0	42	0.00	0.00	65.04	7.62	0.00	0.00	2000
229	10.89	2088	2113	0.00	195	0	0	0	nan	0.00	0.00	4.30	85.42	89.11	0.00	38	0	42	0.00	0.00	65.22	7.42	0.00	0.00	2000
230	11.03	2062	2125	0.00	195	0	0	0	nan	0.00	0.00	3.92	86.13	88.97	0.00	38	0	42	0.00	0.00	67.37	7.81	0.00	0.00	2000
230	11.31	2100	2029	0.00	195	0	0	0	nan	0.00	0.00	4.52	81.27	88.69	0.00	38	0	42	0.00	0.00	60.89	7.16	0.00	0.00	2000
231	10.87	2065	2157	0.00	194	0	0	0	nan	0.00	0.02	3.42	88.21	89.13	0.00	38	0	42	0.00	0.00	68.60	7.73	0.00	0.00	2000
234	11.14	2136	2067	0.00	197	0	0	0	nan	0.00	0.00	3.82	83.72	88.86	0.00	38	0	42	0.00	0.00	62.38	7.10	0.00	0.00	2000
230	11.05	2072	2112	0.41	194	0	0	5	66.50	0.00	0.00	5.25	84.22	88.95	0.00	38	0	42	0.00	0.00	68.70	7.35	0.00	0.00	2000
230	11.09	2054	2117	1.05	196	0	0	2	82.62	0.00	0.00	5.09	84.70	88.91	0.00	38	0	42	0.00	0.00	64.63	7.73	0.00	0.00	2000
232	10.99	2129	2079	0.00	195	0	0	0	nan	0.00	0.00	3.58	84.52	89.01	0.00	39	0	42	0.00	0.00	65.25	7.44	0.00	0.00	2000
228	11.12	2031	2122	0.00	195	0	0	0	nan	0.00	0.00	4.86	85.05	88.88	0.00	39	0	42	0.00	0.00	64.74	7.43	0.00	0.00	2000
229	11.20	2047	2101	0.00	194	0	0	0	nan	0.00	0.00	3.57	85.33	88.80	0.00	39	0	42	0.00	0.00	65.28	7.34	0.00	0.00	2000
229	11.27	2036	2100	0.00	197	0	0	0	nan	0.00	0.00	4.95	83.89	88.73	0.00	38	0	42	0.00	0.00	64.28	7.48	0.00	0.00	2000
229	11.16	2075	2077	0.00	197	0	0	0	nan	0.00	0.00	5.05	82.83	88.84	0.00	39	0	42	0.00	0.00	62.60	7.31	0.00	0.00	2000
230	11.22	2066	2085	0.00	196	0	0	0	nan	0.00	0.00	4.67	83.62	88.78	0.00	38	0	42	0.00	0.00	64.43	7.53	0.00	0.00	2000
230	10.88	2068	2148	0.00	195	0	0	0	nan	0.00	0.00	3.55	87.67	89.12	0.00	39	0	42	0.00	0.00	68.08	7.75	0.00	0.00	2000
229	11.46	2030	2064	0.00	195	0	0	0	nan	0.00	0.00	3.29	83.93	88.54	0.00	39	0	42	0.00	0.00	64.70	7.62	0.00	0.00	2000
230	11.19	2032	2129	0.00	195	0	0	0	nan	0.00	0.00	5.11	85.02	88.81	0.00	38	0	42	0.00	0.00	64.55	7.34	0.00	0.00	2000
228	11.28	2027	2092	0.00	195	0	0	0	nan	0.00	0.01	3.38	85.07	88.72	0.00	38	0	42	0.00	0.00	64.83	7.43	0.00	0.00	2000
231	11.46	2032	2083	0.00	196	0	0	0	nan	0.00	0.00	4.38	83.66	88.54	0.00	39	0	42	0.00	0.00	64.47	7.56	0.00	0.00	2000
228	11.12	2034	2114	0.00	194	0	0	0	nan	0.00	0.00	3.68	85.95	88.88	0.00	38	0	42	0.00	0.00	65.36	7.66	0.00	0.00	2000
226	11.52	2062	1998	0.00	196	0	0	0	nan	0.00	0.00	3.84	80.44	88.48	0.00	38	0	42	0.00	0.00	60.35	6.87	0.00	0.00	2000
231	10.94	2020	2194	0.00	211	0	0	0	nan	0.00	0.00	2.19	90.98	89.06	0.00	39	0	42	0.00	0.00	67.77	7.83	0.00	0.00	2000
230	11.03	2059	2126	0.00	194	0	0	0	nan	0.00	0.00	4.09	86.10	88.97	0.00	38	0	43	0.00	0.00	67.75	7.70	0.00	0.00	2000
230	11.36	2058	2066	0.18	195	0	0	5	69.34	0.00	0.00	3.96	83.26	88.64	0.00	38	0	42	0.00	0.00	63.03	7.37	0.00	0.00	2000
230	11.00	2082	2109	1.21	196	0	0	3	80.42	0.01	0.00	4.42	85.07	89.00	0.00	39	0	42	0.00	0.00	64.40	7.47	0.00	0.00	2000
229	11.10	2060	2104	0.00	196	0	0	0	nan	0.00	0.00	5.22	83.95	88.90	0.00	38	0	43	0.00	0.00	65.68	7.51	0.00	0.00	2000
230	11.24	2047	2099	0.00	194	0	0	0	nan	0.00	0.00	4.37	84.43	88.76	0.00	39	0	42	0.00	0.00	64.50	7.59	0.00	0.00	2000
230	10.95	2071	2130	0.00	196	0	0	0	nan	0.00	0.00	5.24	85.15	89.05	0.00	38	0	42	0.00	0.00	63.56	7.80	0.00	0.00	2000
230	11.13	2103	2068	0.00	195	0	0	0	nan	0.00	0.00	4.25	83.35	88.87	0.00	39	0	42	0.00	0.00	66.14	7.01	0.00	0.00	2000
228	11.06	2075	2088	0.00	196	0	0	0	nan	0.00	0.00	4.75	83.83	88.94	0.00	39	0	42	0.00	0.00	65.10	7.51	0.00	0.00	2000
230	10.89	2089	2120	0.00	194	0	0	0	nan	0.00	0.02	3.79	86.19	89.11	0.00	39	0	42	0.00	0.00	64.91	7.55	0.00	0.00	2000
230	10.92	2124	2082	0.00	197	0	0	0	nan	0.00	0.00	5.47	82.94	89.08	0.00	38	0	42	0.00	0.00	64.71	7.55	0.00	0.00	2000
233	11.09	2067	2139	0.00	197	0	0	0	nan	0.00	0.04	4.02	86.60	88.91	0.00	38	0	42	0.00	0.00	68.08	7.86	0.00	0.00	2000
228	11.31	2052	2062	0.00	195	0	0	0	nan	0.00	0.00	2.96	84.20	88.69	0.00	38	0	42	0.00	0.00	61.91	7.15	0.00	0.00	2000
231	10.98	2073	2134	0.00	195	0	0	0	nan	0.00	0.02	3.35	87.16	89.02	0.00	39	0	42	0.00	0.00	67.94	7.88	0.00	0.00	2000
228	11.30	2049	2067	0.00	194	0	0	0	nan	0.00	0.00	3.73	83.74	88.70	0.00	39	0	42	0.00	0.00	62.07	7.13	0.00	0.00	2000
230	11.02	2048	2139	0.00	194	0	0	0	nan	0.00	0.00	4.22	86.52	88.98	0.00	39	0	42	0.00	0.00	67.63	7.85	0.00	0.00	2000
230	11.15	2101	2063	0.00	194	0	0	0	nan	0.00	0.02	3.12	84.31	88.85	0.00	39	0	42	0.00	0.00	61.77	7.10	0.00	0.00	2000
226	11.42	2065	2015	0.00	198	0	0	0	nan	0.01	0.00	3.77	81.30	88.58	0.00	39	0	42	0.00	0.00	63.01	7.16	0.00	0.00	2000
233	10.88	2060	2186	0.00	212	0	0	0	nan	0.00	0.00	3.34	89.43	89.12	0.00	39	0	42	0.00	0.00	67.71	7.71	0.00	0.00	2000
230	10.77	2122	2109	0.01	194	0	0	4	75.25	0.00	0.02	3.83	85.81	89.23	0.00	39	0	42	0.00	0.00	64.88	7.47	0.00	0.00	2000
229	10.81	2120	2094	1.38	196	0	0	3	79.07	0.00	0.00	4.10	84.89	89.19	0.00	39	0	42	0.00	0.00	64.64	7.55	0.00	0.00	2000
230	11.18	2026	2129	0.00	195	0	0	0	nan	0.01	0.00	4.58	85.53	88.82	0.00	39	0	42	0.00	0.00	64.83	7.48	0.00	0.00	2000
230	11.21	2043	2113	0.00	194	0	0	0	nan	0.00	0.00	3.68	85.74	88.79	0.00	38	0	42	0.00	0.00	65.17	7.63	0.00	0.00	2000
229	11.08	2075	2090	0.00	196	0	0	0	nan	0.00	0.00	3.24	85.30	88.92	0.00	38	0	42	0.00	0.00	64.91	7.54	0.00	0.00	2000
228	11.33	2023	2093	0.00	196	0	0	0	nan	0.00	0.00	3.98	84.44	88.67	0.00	39	0	43	0.00	0.00	64.76	7.35	0.00	0.00	2000
230	11.24	2034	2109	0.00	193	0	0	0	nan	0.00	0.00	4.06	85.11	88.76	0.00	39	0	42	0.00	0.00	65.37	7.42	0.00	0.00	2000
231	11.37	2022	2111	0.00	199	0	0	0	nan	0.00	0.00	5.83	83.36	88.63	0.00	39	0	43	0.00	0.00	64.18	7.30	0.00	0.00	2000
228	11.27	2092	2033	0.00	195	0	0	0	nan	0.00	0.02	3.23	82.70	88.73	0.00	39	0	42	0.00	0.00	63.54	7.26	0.00	0.00	2000
232	10.82	2080	2162	0.00	197	0	0	0	nan	0.00	0.01	3.56	88.27	89.18	0.00	39	0	42	0.00	0.00	66.85	7.67	0.00	0.00	2000
228	11.27	2057	2063	0.00	195	0	0	0	nan	0.00	0.00	3.03	84.21	88.73	0.00	39	0	42	0.00	0.00	63.06	7.30	0.00	0.00	2000
228	11.02	2060	2114	0.00	194	0	0	0	nan	0.00	0.00	4.53	85.14	88.98	0.00	39	0	42	0.00	0.00	67.82	7.78	0.00	0.00	2000
231	11.20	2065	2098	0.00	198	0	0	0	nan	0.00	0.00	5.65	83.20	88.80	0.00	39	0	42	0.00	0.00	64.58	7.36	0.00	0.00	2000
228	10.89	2089	2106	0.00	196	0	0	0	nan	0.00	0.00	6.30	83.20	89.11	0.00	39	0	42	0.00	0.00	63.23	7.12	0.00	0.00	2000
233	11.35	2048	2109	0.00	195	0	0	0	nan	0.00	0.03	3.68	85.45	88.65	0.00	38	0	42	0.00	0.00	64.68	7.47	0.00	0.00	2000
227	10.76	2148	2059	0.00	194	0	0	0	nan	0.00	0.00	3.45	84.07	89.24	0.00	38	0	42	0.00	0.00	64.78	7.44	0.00	0.00	2000
231	10.82	2105	2126	0.00	194	0	0	0	nan	0.00	0.00	3.33	87.10	89.18	0.00	39	0	42	0.00	0.00	65.32	7.44	0.00	0.00	2000
228	10.96	2056	2123	0.00	196	0	0	3	76.86	0.00	0.00	4.25	85.87	89.04	0.00	39	0	42	0.00	0.00	67.94	7.55	0.00	0.00	2000
229	11.31	2048	2078	1.35	194	0	0	5	79.78	0.00	0.00	3.36	84.45	88.69	0.00	38	0	42	0.00	0.00	64.70	7.40	0.00	0.00	2000
230	11.12	2059	2107	0.00	195	0	0	0	nan	0.00	0.00	4.30	84.90	88.88	0.00	38	0	42	0.00	0.00	62.62	7.50	0.00	0.00	2000
229	11.15	2035	2120	0.00	195	0	0	0	nan	0.00	0.00	3.70	86.11	88.85	0.00	39	0	42	0.00	0.00	64.81	7.39	0.00	0.00	2000
227	11.25	2060	2059	0.00	195	0	0	0	nan	0.00	0.00	3.78	83.36	88.75	0.00	39	0	42	0.00	0.00	65.09	7.59	0.00	0.00	2000
230	10.82	2093	2137	0.00	196	0	0	0	nan	0.00	0.00	4.45	86.31	89.18	0.00	38	0	42	0.00	0.00	67.94	7.91	0.00	0.00	2000
228	11.05	2097	2069	0.00	195	0	0	0	nan	0.00	0.00	3.87	83.89	88.95	0.00	39	0	43	0.00	0.00	62.32	7.21	0.00	0.00	2000
231	10.98	2103	2104	0.00	198	0	0	0	nan	0.00	0.00	4.60	84.59	89.02	0.00	38	0	42	0.00	0.00	65.33	7.71	0.00	0.00	2000
227	10.97	2080	2090	0.00	194	0	0	0	nan	0.00	0.00	4.09	84.60	89.03	0.00	38	0	42	0.00	0.00	65.23	7.74	0.00	0.00	2000
230	10.80	2113	2118	0.00	195	0	0	0	nan	0.00	0.02	4.37	85.65	89.20	0.00	39	0	42	0.00	0.00	65.34	7.54	0.00	0.00	2000
229	11.08	2080	2088	0.00	195	0	0	0	nan	0.00	0.00	3.88	84.64	88.92	0.00	39	0	42	0.00	0.00	65.18	7.50	0.00	0.00	2000
230	10.95	2065	2141	0.00	195	0	0	0	nan	0.00	0.00	3.60	87.34	89.05	0.00	38	0	42	0.00	0.00	64.82	7.52	0.00	0.00	2000
231	11.45	2020	2101	0.00	194	0	0	0	nan	0.00	0.00	3.15	85.47	88.55	0.00	39	0	42	0.00	0.00	65.11	7.51	0.00	0.00	2000
233	11.53	2045	2071	0.00	196	0	0	0	nan	0.00	0.01	3.98	83.35	88.47	0.00	39	0	42	0.00	0.00	65.01	7.55	0.00	0.00	2000
228	11.02	2084	2081	0.00	194	0	0	0	nan	0.00	0.00	4.54	83.75	88.98	0.00	39	0	42	0.00	0.00	65.13	7.29	0.00	0.00	2000
232	10.93	2095	2125	0.00	198	0	0	0	nan	0.00	0.02	5.61	84.59	89.07	0.00	38	0	42	0.00	0.00	65.29	7.67	0.00	0.00	2000
228	11.22	2044	2089	0.00	195	0	0	0	nan	0.00	0.00	4.95	83.48	88.78	0.00	38	0	42	0.00	0.00	64.88	7.34	0.00	0.00	2000
229	11.26	2032	2100	0.00	195	0	0	1	82.53	0.00	0.00	4.66	84.23	88.74	0.00	38	0	42	0.00	0.00	64.64	7.50	0.00	0.00	2000
231	11.05	2071	2125	1.40	195	0	0	6	73.31	0.00	0.01	4.17	85.93	88.95	0.00	38	0	42	0.00	0.00	64.91	7.36	0.00	0.00	2000
230	11.43	2002	2108	0.01	194	0	0	0	nan	0.00	0.00	3.71	85.35	88.57	0.00	38	0	42	0.00	0.00	64.96	7.55	0.00	0.00	2000
229	11.33	2061	2057	0.00	194	0	0	0	nan	0.00	0.02	3.51	83.37	88.67	0.00	39	0	42	0.00	0.00	65.16	7.45	0.00	0.00	2000
230	10.86	2089	2133	0.00	195	0	0	0	nan	0.00	0.02	4.10	86.46	89.14	0.00	38	0	42	0.00	0.00	65.38	7.46	0.00	0.00	2000
228	11.20	2067	2065	0.00	194	0	0	0	nan	0.00	0.00	3.70	83.73	88.80	0.00	39	0	42	0.00	0.00	64.99	7.65	0.00	0.00	2000
231	11.01	2086	2116	0.00	195	0	0	0	nan	0.00	0.02	3.86	85.85	88.99	0.00	38	0	42	0.00	0.00	64.81	7.48	0.00	0.00	2000
228	10.97	2069	2109	0.00	193	0	0	0	nan	0.00	0.00	4.28	85.20	89.03	0.00	38	0	42	0.00	0.00	66.02	7.74	0.00	0.00	2000
230	11.11	2090	2079	0.00	195	0	0	0	nan	0.00	0.01	2.99	85.00	88.89	0.00	38	0	42	0.00	0.00	64.03	7.51	0.00	0.00	2000
229	11.10	2044	2115	0.00	194	0	0	0	nan	0.00	0.03	3.61	86.00	88.90	0.00	38	0	42	0.00	0.00	64.79	7.51	0.00	0.00	2000
230	11.24	2047	2095	0.00	194	0	0	0	nan	0.00	0.00	4.51	84.20	88.76	0.00	38	0	42	0.00	0.00	65.10	7.39	0.00	0.00	2000
230	11.18	2073	2085	0.00	195	0	0	0	nan	0.00	0.00	4.79	83.41	88.82	0.00	39	0	42	0.00	0.00	65.23	7.48	0.00	0.00	2000
231	10.83	2091	2144	0.00	194	0	0	0	nan	0.00	0.00	4.12	87.00	89.17	0.00	38	0	42	0.00	0.00	65.49	7.52	0.00	0.00	2000
230	11.29	2073	2064	0.00	195	0	0	0	nan	0.00	0.03	2.86	84.40	88.71	0.00	39	0	42	0.00	0.00	64.80	7.38	0.00	0.00	2000
235	10.82	2129	2142	0.00	197	0	0	0	nan	0.00	0.00	5.15	85.85	89.18	0.00	39	0	42	0.00	0.00	65.28	7.33	0.00	0.00	2000
228	11.11	2065	2087	0.00	194	0	0	0	nan	0.00	0.02	4.56	83.91	88.89	0.00	38	0	42	0.00	0.00	65.20	7.26	0.00	0.00	2000
232	11.27	2040	2119	0.00	195	0	0	0	nan	0.00	0.00	4.40	85.17	88.73	0.00	39	0	42	0.00	0.00	65.27	7.42	0.00	0.00	2000
229	10.98	2099	2083	0.00	194	0	0	0	nan	0.00	0.01	3.37	85.00	89.02	0.00	39	0	42	0.00	0.00	65.54	7.56	0.00	0.00	2000
230	11.51	1995	2100	1.10	194	0	0	5	64.96	0.00	0.00	4.43	84.20	88.49	0.00	39	0	42	0.00	0.00	65.15	7.58	0.00	0.00	2000
229	11.38	2039	2071	0.37	197	0	0	0	nan	0.00	0.00	4.27	83.27	88.62	0.00	38	0	42	0.00	0.00	65.21	7.38	0.00	0.00	2000
225	11.29	2059	2030	0.00	194	0	0	0	nan	0.00	0.02	4.14	81.69	88.71	0.00	38	0	42	0.00	0.00	60.53	6.98	0.00	0.00	2000
232	11.15	2028	2152	0.00	212	0	0	0	nan	0.00	0.02	2.38	88.83	88.85	0.00	38	0	42	0.00	0.00	67.36	7.75	0.00	0.00	2000
231	11.12	2044	2135	0.00	194	0	0	0	nan	0.00	0.01	3.76	86.68	88.88	0.00	38	0	42	0.00	0.00	67.75	7.79	0.00	0.00	2000
229	10.93	2108	2085	0.00	194	0	0	0	nan	0.00	0.00	4.78	83.76	89.07	0.00	39	0	42	0.00	0.00	64.78	7.70	0.00	0.00	2000
229	11.01	2062	2120	0.00	194	0	0	0	nan	0.00	0.00	4.42	85.45	88.99	0.00	39	0	42	0.00	0.00	66.63	7.37	0.00	0.00	2000
229	11.03	2097	2081	0.00	195	0	0	0	nan	0.00	0.00	5.02	83.22	88.98	0.00	39	0	42	0.00	0.00	60.91	7.18	0.00	0.00	2000
231	10.84	2126	2110	0.00	195	0	0	0	nan	0.00	0.00	4.76	84.84	89.16	0.00	39	0	42	0.00	0.00	69.20	7.80	0.00	0.00	2000
233	11.01	2127	2092	0.00	210	0	0	0	nan	0.00	0.00	7.66	81.12	88.99	0.00	39	0	42	0.00	0.00	62.47	7.14	0.00	0.00	2000
230	10.94	2097	2108	0.00	194	0	0	0	nan	0.00	0.00	4.30	85.15	89.06	0.00	38	0	42	0.00	0.00	68.08	7.76	0.00	0.00	2000
228	10.97	2092	2085	0.00	195	0	0	0	nan	0.00	0.00	4.62	83.88	89.03	0.00	39	0	42	0.00	0.00	62.18	7.22	0.00	0.00	2000
232	10.99	2075	2139	0.00	194	0	0	0	nan	0.00	0.02	3.55	87.26	89.01	0.00	38	0	42	0.00	0.00	67.84	7.66	0.00	0.00	2000
228	11.39	2035	2066	0.00	193	0	0	0	nan	0.00	0.00	3.58	83.68	88.61	0.00	39	0	42	0.00	0.00	62.23	7.13	0.00	0.00	2000
232	11.08	2075	2115	0.00	195	0	0	0	nan	0.00	0.02	3.69	85.92	88.92	0.00	39	0	42	0.00	0.00	68.00	7.81	0.00	0.00	2000
228	11.01	2087	2087	0.00	195	0	0	0	nan	0.00	0.00	4.49	84.11	88.99	0.00	39	0	42	0.00	0.00	64.42	7.48	0.00	0.00	2000
230	11.09	2059	2112	0.00	194	0	0	0	nan	0.00	0.00	4.05	85.38	88.91	0.00	39	0	42	0.00	0.00	62.63	7.09	0.00	0.00	2000
228	11.20	2053	2081	0.92	194	0	0	21	14.87	0.00	0.00	4.92	83.20	88.80	0.00	38	0	42	0.00	0.00	64.85	7.63	0.00	0.00	2000
230	10.90	2101	2114	0.55	195	0	0	0	nan	0.00	0.00	4.19	85.60	89.10	0.00	39	0	42	0.00	0.00	64.50	7.24	0.00	0.00	2000
230	10.97	2102	2093	0.00	195	0	0	0	nan	0.00	0.00	4.72	84.09	89.03	0.00	38	0	42	0.00	0.00	65.06	7.48	0.00	0.00	2000
231	11.13	2073	2107	0.00	195	0	0	0	nan	0.00	0.00	3.97	85.32	88.87	0.00	39	0	42	0.00	0.00	67.88	7.77	0.00	0.00	2000
230	11.22	2055	2096	0.00	197	0	0	0	nan	0.00	0.00	5.90	82.80	88.78	0.00	38	0	42	0.00	0.00	61.67	7.24	0.00	0.00	2000
230	10.72	2111	2133	0.00	195	0	0	0	nan	0.00	0.00	4.86	85.87	89.28	0.00	39	0	42	0.00	0.00	68.26	7.95	0.00	0.00	2000
227	11.30	2026	2084	0.00	194	0	0	0	nan	0.00	0.00	3.35	84.74	88.70	0.00	39	0	42	0.00	0.00	62.64	7.31	0.00	0.00	2000
230	11.27	2056	2089	0.00	195	0	0	0	nan	0.00	0.00	4.79	83.54	88.73	0.00	38	0	42	0.00	0.00	64.73	7.38	0.00	0.00	2000
231	11.37	2035	2100	0.00	194	0	0	0	nan	0.00	0.00	4.38	84.38	88.63	0.00	38	0	42	0.00	0.00	65.24	7.57	0.00	0.00	2000
230	11.26	2026	2118	0.00	194	0	0	0	nan	0.00	0.00	4.86	84.74	88.74	0.00	39	0	42	0.00	0.00	68.20	7.78	0.00	0.00	2000
227	11.35	2018	2082	0.00	194	0	0	0	nan	0.00	0.00	3.87	84.09	88.65	0.00	38	0	42	0.00	0.00	62.86	7.03	0.00	0.00	2000
230	11.18	2034	2127	0.00	195	0	0	0	nan	0.00	0.00	5.31	84.74	88.82	0.00	38	0	42	0.00	0.00	68.36	7.80	0.00	0.00	2000
232	11.16	2123	2057	0.00	198	0	0	0	nan	0.00	0.00	5.06	82.02	88.84	0.00	38	0	42	0.00	0.00	59.97	6.77	0.00	0.00	2000
230	10.89	2095	2115	0.00	195	0	0	0	nan	0.00	0.00	4.09	85.70	89.11	0.00	39	0	42	0.00	0.00	68.35	7.83	0.00	0.00	2000
229	10.95	2069	2118	0.00	194	0	0	0	nan	0.00	0.00	4.12	85.80	89.05	0.00	39	0	42	0.00	0.00	68.59	7.77	0.00	0.00	2000
230	10.98	2105	2088	0.00	195	0	0	0	nan	0.00	0.00	4.60	83.92	89.02	0.00	39	0	42	0.00	0.00	62.60	7.11	0.00	0.00	2000
228	11.02	2060	2111	0.00	194	0	0	0	nan	0.00	0.01	4.42	85.17	88.98	0.00	39	0	42	0.00	0.00	68.35	7.77	0.00	0.00	2000
226	11.58	2051	1999	0.71	195	0	0	6	74.69	0.00	0.01	3.95	80.33	88.42	0.00	39	0	42	0.00	0.00	60.34	7.02	0.00	0.00	2000
232	10.88	2046	2188	0.71	210	0	0	1	90.24	0.00	0.00	3.29	89.65	89.12	0.00	38	0	42	0.00	0.00	67.79	7.67	0.00	0.00	2000
230	11.13	2065	2101	0.00	195	0	0	0	nan	0.00	0.00	4.80	84.27	88.87	0.00	39	0	42	0.00	0.00	65.51	7.50	0.00	0.00	2000
228	10.81	2089	2124	0.00	194	0	0	0	nan	0.00	0.00	3.94	86.32	89.19	0.00	39	0	42	0.00	0.00	67.77	7.35	0.00	0.00	2000
230	11.13	2058	2106	0.00	195	0	0	0	nan	0.00	0.00	4.71	84.46	88.87	0.00	38	0	42	0.00	0.00	64.90	7.86	0.00	0.00	2000
230	11.17	2062	2096	0.00	195	0	0	0	nan	0.00	0.00	4.00	84.63	88.83	0.00	38	0	42	0.00	0.00	62.83	7.35	0.00	0.00	2000
229	11.08	2060	2106	0.00	195	0	0	0	nan	0.00	0.00	3.87	85.35	88.92	0.00	38	0	42	0.00	0.00	68.51	7.57	0.00	0.00	2000
230	11.38	2032	2085	0.00	197	0	0	0	nan	0.00	0.00	4.75	83.30	88.62	0.00	39	0	42	0.00	0.00	59.39	6.81	0.00	0.00	2000
229	11.14	2036	2118	0.00	195	0	0	0	nan	0.00	0.00	5.14	84.58	88.86	0.00	39	0	42	0.00	0.00	70.21	7.97	0.00	0.00	2000
230	11.26	2057	2084	0.00	194	0	0	0	nan	0.00	0.00	3.64	84.48	88.74	0.00	39	0	42	0.00	0.00	59.45	6.77	0.00	0.00	2000
232	11.39	2058	2081	0.00	195	0	0	0	nan	0.00	0.02	4.37	83.57	88.61	0.00	38	0	42	0.00	0.00	65.14	7.38	0.00	0.00	2000
230	10.73	2145	2101	0.00	196	0	0	0	nan	0.00	0.00	4.23	85.06	89.27	0.00	39	0	42	0.00	0.00	65.56	7.39	0.00	0.00	2000
230	10.93	2100	2100	0.00	195	0	0	0	nan	0.00	0.00	3.75	85.42	89.07	0.00	38	0	42	0.00	0.00	65.41	7.41	0.00	0.00	2000
228	11.23	2035	2094	0.00	194	0	0	0	nan	0.00	0.00	4.80	83.85	88.77	0.00	39	0	42	0.00	0.00	65.20	7.44	0.00	0.00	2000
229	10.87	2103	2106	0.00	194	0	0	0	nan	0.00	0.00	3.98	85.45	89.13	0.00	39	0	42	0.00	0.00	64.89	7.48	0.00	0.00	2000
229	11.14	2068	2086	0.00	195	0	0	0	nan	0.00	0.00	4.72	83.61	88.86	0.00	39	0	42	0.00	0.00	65.33	7.44	0.00	0.00	2000
232	11.02	2082	2121	0.00	196	0	0	0	nan	0.00	0.00	4.10	85.77	88.98	0.00	38	0	42	0.00	0.00	65.30	7.43	0.00	0.00	2000
227	11.03	2042	2115	0.43	194	0	0	6	75.01	0.00	0.00	4.37	85.36	88.97	0.00	38	0	42	0.00	0.00	65.07	7.65	0.00	0.00	2000
229	11.21	2040	2107	1.06	195	0	0	2	88.42	0.00	0.00	3.75	85.40	88.79	0.00	39	0	42	0.00	0.00	64.88	7.53	0.00	0.00	2000
229	11.34	2020	2095	0.00	196	0	0	0	nan	0.00	0.00	3.53	84.96	88.66	0.00	39	0	42	0.00	0.00	64.94	7.51	0.00	0.00	2000
229	11.12	2048	2111	0.00	194	0	0	0	nan	0.00	0.00	3.48	85.91	88.88	0.00	39	0	42	0.00	0.00	64.80	7.53	0.00	0.00	2000
230	11.22	2090	2059	0.00	196	0	0	0	nan	0.00	0.00	3.12	83.95	88.78	0.00	39	0	42	0.00	0.00	65.01	7.42	0.00	0.00	2000
229	10.78	2087	2135	0.00	195	0	0	0	nan	0.00	0.00	3.68	87.07	89.22	0.00	39	0	42	0.00	0.00	65.10	7.44	0.00	0.00	2000
228	11.33	2043	2069	0.00	195	0	0	0	nan	0.00	0.00	3.22	84.14	88.67	0.00	39	0	42	0.00	0.00	64.95	7.52	0.00	0.00	2000
230	11.08	2038	2139	0.00	195	0	0	0	nan	0.00	0.00	3.67	87.02	88.92	0.00	39	0	42	0.00	0.00	66.41	7.77	0.00	0.00	2000
227	10.99	2136	2026	0.00	194	0	0	0	nan	0.00	0.01	3.19	82.72	89.01	0.00	39	0	42	0.00	0.00	64.03	7.44	0.00	0.00	2000
233	11.32	2001	2157	0.00	195	0	0	0	nan	0.00	0.02	2.85	88.36	88.68	0.00	39	0	42	0.00	0.00	64.91	7.53	0.00	0.00	2000
230	11.21	2076	2074	0.00	196	0	0	0	nan	0.00	0.00	4.39	83.44	88.79	0.00	39	0	42	0.00	0.00	65.34	7.55	0.00	0.00	2000
228	11.42	2074	2020	0.00	197	0	0	0	nan	0.00	0.03	3.72	81.52	88.58	0.00	38	0	42	0.00	0.00	60.52	6.99	0.00	0.00	2000
231	10.69	2087	2179	0.00	211	0	0	0	nan	0.00	0.02	2.98	89.66	89.31	0.00	38	0	42	0.00	0.00	70.42	8.18	0.00	0.00	2000
231	10.88	2096	2129	0.00	194	0	0	0	nan	0.01	0.02	3.91	86.46	89.12	0.00	38	0	42	0.00	0.00	65.28	7.77	0.00	0.00	2000
230	11.33	2042	2086	0.00	197	0	0	0	nan	0.00	0.00	4.99	83.16	88.67	0.00	39	0	42	0.00	0.00	64.68	7.57	0.00	0.00	2000
229	11.00	2056	2131	0.00	195	0	0	0	nan	0.00	0.02	3.96	86.45	89.00	0.00	38	0	42	0.00	0.00	65.02	7.57	0.00	0.00	2000
228	11.09	2068	2091	0.00	195	0	0	0	nan	0.00	0.00	3.33	85.26	88.91	0.00	38	0	42	0.00	0.00	65.04	7.60	0.00	0.00	2000
229	11.44	2028	2077	0.17	195	0	0	5	66.04	0.00	0.00	3.64	84.05	88.56	0.00	38	0	42	0.00	0.00	64.83	7.45	0.00	0.00	2000
229	10.83	2092	2123	1.23	195	0	0	3	77.36	0.00	0.00	4.38	85.73	89.17	0.00	39	0	42	0.00	0.00	65.32	7.35	0.00	0.00	2000
231	10.95	2102	2112	0.00	196	0	0	0	nan	0.00	0.00	3.30	86.35	89.05	0.00	38	0	42	0.00	0.00	65.78	7.51	0.00	0.00	2000
227	11.24	2078	2045	0.00	194	0	0	0	nan	0.00	0.00	2.86	83.65	88.76	0.00	38	0	42	0.00	0.00	64.20	7.48	0.00	0.00	2000
229	10.88	2056	2154	0.00	194	0	0	0	nan	0.00	0.00	2.87	88.61	89.12	0.00	38	0	42	0.00	0.00	65.12	7.56	0.00	0.00	2000
228	11.22	2077	2054	0.00	195	0	0	0	nan	0.00	0.00	3.16	83.77	88.78	0.00	38	0	42	0.00	0.00	65.31	7.47	0.00	0.00	2000
231	11.00	2077	2119	0.00	195	0	0	0	nan	0.00	0.02	4.27	85.59	89.00	0.00	38	0	42	0.00	0.00	65.19	7.31	0.00	0.00	2000
230	11.27	2025	2117	0.00	196	0	0	0	nan	0.00	0.00	4.37	85.17	88.73	0.00	39	0	43	0.00	0.00	65.21	7.53	0.00	0.00	2000
229	11.42	2006	2100	0.00	195	0	0	0	nan	0.00	0.00	3.48	85.26	88.58	0.00	38	0	42	0.00	0.00	64.99	7.51	0.00	0.00	2000
228	11.32	2039	2072	0.00	195	0	0	0	nan	0.00	0.00	3.64	84.04	88.68	0.00	38	0	42	0.00	0.00	64.73	7.42	0.00	0.00	2000
229	11.18	2025	2126	0.00	196	0	0	0	nan	0.00	0.00	4.44	85.68	88.82	0.00	39	0	42	0.00	0.00	65.09	7.33	0.00	0.00	2000
230	11.45	2023	2088	0.00	195	0	0	0	nan	0.00	0.00	3.78	84.40	88.55	0.00	38	0	42	0.00	0.00	65.05	7.45	0.00	0.00	2000
237	11.12	2128	2104	0.00	199	0	0	0	nan	0.00	0.00	4.61	84.58	88.88	0.00	38	0	42	0.00	0.00	66.06	7.52	0.00	0.00	2000
228	11.07	2055	2110	0.00	194	0	0	0	nan	0.00	0.00	4.36	85.10	88.93	0.00	39	0	42	0.00	0.00	65.09	7.47	0.00	0.00	2000
231	11.44	2036	2080	0.00	199	0	0	0	nan	0.00	0.00	5.82	81.97	88.56	0.00	39	0	42	0.00	0.00	64.30	7.36	0.00	0.00	2000
228	11.12	2029	2121	0.00	195	0	0	0	nan	0.00	0.00	4.31	85.62	88.88	0.00	38	0	42	0.00	0.00	64.76	7.37	0.00	0.00	2000
236	11.67	2046	2076	0.00	218	0	0	0	nan	0.04	0.00	5.39	82.10	88.33	0.00	39	0	43	0.00	0.00	64.76	7.57	0.00	0.00	2000
228	10.97	2048	2134	0.00	199	0	0	3	70.08	0.00	0.00	4.92	85.67	89.03	0.00	39	0	42	0.00	0.00	65.06	7.58	0.00	0.00	2000
231	11.36	2030	2101	1.25	197	0	0	4	76.01	0.00	0.00	3.59	85.15	88.64	0.00	38	0	42	0.00	0.00	65.53	7.46	0.00	0.00	2000
229	11.15	2048	2108	0.00	194	0	0	0	nan	0.00	0.00	3.06	86.17	88.85	0.00	39	0	42	0.00	0.00	66.94	7.75	0.00	0.00	2000
230	11.22	2051	2097	0.00	195	0	0	0	nan	0.00	0.00	3.41	85.34	88.78	0.00	38	0	42	0.00	0.00	63.20	7.30	0.00	0.00	2000
225	11.18	2128	1985	0.00	195	0	0	0	nan	0.00	0.01	2.93	81.09	88.82	0.00	38	0	42	0.00	0.00	59.18	6.93	0.00	0.00	2000
232	10.77	2045	2214	0.00	196	0	0	0	nan	0.00	0.00	2.97	91.17	89.23	0.00	39	0	42	0.00	0.00	70.16	8.21	0.00	0.00	2000
230	11.30	2061	2074	0.00	196	0	0	0	nan	0.00	0.00	3.50	84.20	88.70	0.00	38	0	43	0.00	0.00	65.02	7.45	0.00	0.00	2000
230	11.22	2037	2116	0.00	195	0	0	0	nan	0.00	0.00	3.66	85.91	88.78	0.00	39	0	42	0.00	0.00	64.45	7.40	0.00	0.00	2000
230	10.84	2107	2112	0.00	194	0	0	0	nan	0.00	0.00	3.47	86.27	89.16	0.00	39	0	42	0.00	0.00	67.04	7.65	0.00	0.00	2000
229	11.34	2059	2063	0.00	195	0	0	0	nan	0.00	0.00	3.80	83.29	88.66	0.00	38	0	42	0.00	0.00	63.45	7.39	0.00	0.00	2000
228	11.33	1999	2111	0.00	195	0	0	0	nan	0.00	0.00	4.32	84.89	88.67	0.00	39	0	42	0.00	0.00	64.91	7.41	0.00	0.00	2000
232	11.30	2023	2128	0.00	196	0	0	0	nan	0.00	0.00	4.29	85.70	88.70	0.00	38	0	42	0.00	0.00	64.87	7.45	0.00	0.00	2000
229	11.31	2034	2088	0.00	195	0	0	0	nan	0.00	0.02	3.51	84.72	88.69	0.00	38	0	42	0.00	0.00	65.68	7.39	0.00	0.00	2000
230	11.30	2028	2108	0.00	195	0	0	0	nan	0.00	0.00	4.29	84.84	88.70	0.00	39	0	42	0.00	0.00	64.84	7.53	0.00	0.00	2000
228	11.42	2023	2071	0.00	196	0	0	0	nan	0.00	0.00	3.77	83.60	88.58	0.00	38	0	42	0.00	0.00	64.31	7.57	0.00	0.00	2000
230	10.96	2087	2114	0.00	195	0	0	0	nan	0.00	0.00	5.29	84.46	89.04	0.00	39	0	42	0.00	0.00	65.15	7.50	0.00	0.00	2000
230	11.12	2081	2091	0.00	195	0	0	0	nan	0.00	0.00	4.75	83.82	88.88	0.00	38	0	42	0.00	0.00	63.06	7.47	0.00	0.00	2000
226	11.21	2114	2007	0.00	196	0	0	3	72.70	0.00	0.00	5.16	79.79	88.79	0.00	38	0	42	0.00	0.00	62.70	6.92	0.00	0.00	2000
233	10.63	2102	2189	1.33	215	0	0	5	77.37	0.00	0.00	3.97	89.13	89.37	0.00	39	0	42	0.00	0.00	70.54	7.88	0.00	0.00	2000
231	10.73	2107	2142	0.00	194	0	0	0	nan	0.00	0.03	4.38	86.65	89.27	0.00	39	0	42	0.00	0.00	65.66	7.59	0.00	0.00	2000
230	11.61	2021	2063	0.00	195	0	0	0	nan	0.00	0.00	2.76	84.15	88.39	0.00	39	0	42	0.00	0.00	58.92	7.15	0.00	0.00	2000
231	11.22	2056	2104	0.00	196	0	0	0	nan	0.00	0.00	5.36	83.67	88.78	0.00	38	0	42	0.00	0.00	70.98	7.61	0.00	0.00	2000
228	11.05	2064	2097	0.00	195	0	0	0	nan	0.00	0.00	4.78	84.12	88.95	0.00	39	0	42	0.00	0.00	64.63	7.20	0.00	0.00	2000
229	11.30	2015	2110	0.00	195	0	0	0	nan	0.00	0.00	4.55	84.69	88.70	0.00	39	0	43	0.00	0.00	62.15	7.13	0.00	0.00	2000
228	11.14	2033	2114	0.00	195	0	0	0	nan	0.00	0.00	4.73	84.87	88.86	0.00	39	0	42	0.00	0.00	67.57	7.80	0.00	0.00	2000
230	11.30	2048	2084	0.00	195	0	0	0	nan	0.00	0.00	4.31	83.72	88.70	0.00	39	0	42	0.00	0.00	65.23	7.36	0.00	0.00	2000
231	11.27	2066	2079	0.00	196	0	0	0	nan	0.00	0.00	5.06	82.77	88.73	0.00	39	0	42	0.00	0.00	59.36	6.56	0.00	0.00	2000
233	10.94	2101	2123	0.00	197	0	0	0	nan	0.00	0.01	4.07	86.02	89.06	0.00	38	0	42	0.00	0.00	71.03	8.01	0.00	0.00	2000
230	10.96	2073	2122	0.00	196	0	0	0	nan	0.00	0.00	4.85	85.21	89.04	0.00	39	0	42	0.00	0.00	60.89	6.91	0.00	0.00	2000
228	10.83	2150	2060	0.00	194	0	0	0	nan	0.00	0.00	3.37	84.13	89.17	0.00	39	0	42	0.00	0.00	64.77	7.56	0.00	0.00	2000
229	10.81	2111	2107	0.00	195	0	0	0	nan	0.00	0.05	3.57	85.93	89.19	0.00	38	0	42	0.00	0.00	66.96	7.57	0.00	0.00	2000
227	11.57	1986	2075	0.00	194	0	0	0	nan	0.00	0.00	2.99	84.49	88.43	0.00	39	0	42	0.00	0.00	64.34	7.28	0.00	0.00	2000
229	11.27	2033	2102	0.00	211	0	0	0	nan	0.00	0.03	2.23	86.67	88.73	0.00	39	0	42	0.00	0.00	62.76	7.30	0.00	0.00	2000
231	11.02	2065	2129	0.00	193	0	0	0	nan	0.00	0.02	3.42	86.81	88.98	0.00	39	0	42	0.00	0.00	67.04	7.75	0.00	0.00	2000
228	10.99	2057	2122	0.00	195	0	0	2	71.43	0.00	0.02	4.19	85.79	89.01	0.00	39	0	42	0.00	0.00	67.54	7.78	0.00	0.00	2000
228	11.17	2067	2077	1.43	195	0	0	6	73.24	0.00	0.00	3.58	84.37	88.83	0.00	39	0	42	0.00	0.00	59.32	6.87	0.00	0.00	2000
231	11.07	2097	2086	0.00	197	0	0	0	nan	0.01	0.00	4.77	83.60	88.93	0.00	39	0	42	0.00	0.00	64.72	7.34	0.00	0.00	2000
230	10.80	2084	2148	0.00	195	0	0	0	nan	0.00	0.00	3.90	87.42	89.20	0.00	39	0	42	0.00	0.00	70.79	8.12	0.00	0.00	2000
229	11.27	2076	2051	0.00	197	0	0	0	nan	0.00	0.02	4.14	82.57	88.73	0.00	39	0	42	0.00	0.00	59.19	6.71	0.00	0.00	2000
231	10.82	2119	2117	0.00	196	0	0	0	nan	0.00	0.03	3.72	86.23	89.18	0.00	39	0	42	0.00	0.00	65.30	7.41	0.00	0.00	2000
229	11.13	2033	2124	0.00	195	0	0	0	nan	0.00	0.00	4.04	85.96	88.87	0.00	39	0	42	0.00	0.00	68.00	7.82	0.00	0.00	2000
232	11.38	2064	2072	0.00	195	0	0	0	nan	0.00	0.00	3.72	83.79	88.62	0.00	38	0	43	0.00	0.00	59.29	7.18	0.00	0.00	2000
228	11.12	2062	2089	0.00	195	0	0	0	nan	0.00	0.00	4.10	84.44	88.88	0.00	39	0	42	0.00	0.00	68.00	7.50	0.00	0.00	2000
230	10.81	2079	2147	0.00	196	0	0	0	nan	0.00	0.02	4.30	86.89	89.19	0.00	39	0	42	0.00	0.00	68.02	7.65	0.00	0.00	2000
229	11.32	2060	2060	0.00	194	0	0	0	nan	0.00	0.01	2.76	84.31	88.68	0.00	39	0	42	0.00	0.00	62.19	7.03	0.00	0.00	2000
229	10.83	2076	2142	0.00	195	0	0	0	nan	0.00	0.00	3.68	87.32	89.17	0.00	39	0	42	0.00	0.00	68.27	7.72	0.00	0.00	2000
227	11.29	2031	2083	0.00	194	0	0	0	nan	0.01	0.02	3.10	84.91	88.71	0.00	39	0	42	0.00	0.00	62.76	7.09	0.00	0.00	2000
231	11.28	2032	2115	0.00	197	0	0	0	nan	0.00	0.01	4.25	85.13	88.72	0.00	38	0	42	0.00	0.00	68.12	7.70	0.00	0.00	2000
228	11.16	2081	2060	0.00	195	0	0	0	nan	0.00	0.02	3.22	84.03	88.84	0.00	39	0	42	0.00	0.00	62.19	7.01	0.00	0.00	2000
230	10.89	2072	2139	0.00	194	0	0	0	nan	0.00	0.00	3.72	87.07	89.11	0.00	39	0	42	0.00	0.00	68.14	7.82	0.00	0.00	2000
228	11.37	2041	2062	0.00	195	0	0	0	nan	0.00	0.02	3.23	83.88	88.63	0.00	39	0	42	0.00	0.00	62.31	7.12	0.00	0.00	2000
229	11.03	2043	2136	0.00	196	0	0	0	98.86	0.00	0.00	4.13	86.41	88.97	0.00	38	0	42	0.00	0.00	65.45	7.77	0.00	0.00	2000
230	11.33	2045	2087	1.26	196	0	0	6	72.12	0.00	0.00	3.62	84.49	88.67	0.00	38	0	42	0.00	0.00	65.86	7.04	0.00	0.00	2000
229	11.09	2048	2116	0.22	195	0	0	0	nan	0.00	0.00	3.57	86.13	88.91	0.00	39	0	42	0.00	0.00	68.35	7.36	0.00	0.00	2000
229	11.33	2054	2070	0.00	196	0	0	0	nan	0.00	0.00	3.72	83.79	88.67	0.00	38	0	42	0.00	0.00	62.55	7.66	0.00	0.00	2000
229	11.23	2039	2101	0.00	196	0	0	0	nan	0.00	0.00	4.39	84.59	88.77	0.00	38	0	42	0.00	0.00	65.04	7.55	0.00	0.00	2000
228	10.85	2105	2095	0.00	194	0	0	0	nan	0.00	0.00	4.02	84.99	89.15	0.00	39	0	42	0.00	0.00	64.92	7.43	0.00	0.00	2000
232	11.13	2058	2126	0.00	194	0	0	0	nan	0.00	0.00	3.97	86.11	88.87	0.00	39	0	42	0.00	0.00	65.22	7.26	0.00	0.00	2000
230	11.24	2080	2068	0.00	197	0	0	0	nan	0.00	0.00	5.12	82.41	88.76	0.00	39	0	42	0.00	0.00	65.23	7.34	0.00	0.00	2000
231	11.00	2065	2134	0.00	195	0	0	0	nan	0.00	0.00	5.02	85.47	89.00	0.00	39	0	42	0.00	0.00	65.21	7.34	0.00	0.00	2000
228	11.16	2080	2065	0.00	195	0	0	0	nan	0.00	0.00	3.48	83.95	88.84	0.00	39	0	42	0.00	0.00	64.99	7.49	0.00	0.00	2000
231	10.86	2116	2108	0.00	195	0	0	0	nan	0.00	0.00	4.05	85.54	89.14	0.00	39	0	42	0.00	0.00	65.65	7.35	0.00	0.00	2000
229	11.33	2038	2083	0.00	195	0	0	0	nan	0.00	0.00	4.61	83.45	88.67	0.00	38	0	42	0.00	0.00	65.31	7.56	0.00	0.00	2000
230	10.72	2104	2139	0.00	195	0	0	0	nan	0.00	0.01	4.06	87.00	89.28	0.00	38	0	42	0.00	0.00	65.31	7.35	0.00	0.00	2000
229	10.92	2099	2096	0.00	196	0	0	0	nan	0.00	0.00	3.88	85.08	89.08	0.00	38	0	42	0.00	0.00	65.54	7.39	0.00	0.00	2000
230	11.22	2069	2082	0.00	195	0	0	0	nan	0.00	0.00	4.00	84.11	88.78	0.00	39	0	42	0.00	0.00	64.91	7.29	0.00	0.00	2000
230	11.04	2077	2104	0.00	195	0	0	0	nan	0.00	0.00	4.43	84.78	88.96	0.00	39	0	42	0.00	0.00	65.76	7.32	0.00	0.00	2000
231	11.10	2065	2117	0.00	196	0	0	0	nan	0.00	0.00	4.88	84.84	88.90	0.00	39	0	42	0.00	0.00	65.25	7.54	0.00	0.00	2000
229	11.21	2055	2087	0.00	195	0	0	0	nan	0.00	0.00	3.72	84.68	88.79	0.00	39	0	42	0.00	0.00	65.16	7.47	0.00	0.00	2000
230	11.09	2082	2091	0.93	194	0	0	6	72.62	0.00	0.00	4.28	84.35	88.91	0.00	39	0	42	0.00	0.00	65.42	7.32	0.00	0.00	2000
228	11.08	2039	2124	0.55	194	0	0	0	nan	0.00	0.00	4.01	86.03	88.92	0.00	38	0	42	0.00	0.00	64.99	7.29	0.00	0.00	2000
230	11.33	2025	2104	0.00	195	0	0	0	nan	0.00	0.00	3.92	84.99	88.67	0.00	38	0	42	0.00	0.00	65.24	7.17	0.00	0.00	2000
229	11.33	2028	2089	0.00	196	0	0	0	nan	0.00	0.00	4.00	84.35	88.67	0.00	38	0	42	0.00	0.00	64.75	7.45	0.00	0.00	2000
231	11.54	2018	2087	0.00	196	0	0	0	nan	0.00	0.00	4.72	83.29	88.46	0.00	39	0	42	0.00	0.00	62.24	7.36	0.00	0.00	2000
228	11.17	2025	2117	0.00	194	0	0	0	nan	0.00	0.00	4.37	85.38	88.83	0.00	38	0	42	0.00	0.00	66.96	7.35	0.00	0.00	2000
229	11.27	2054	2080	0.00	195	0	0	0	nan	0.00	0.00	4.20	83.87	88.73	0.00	38	0	43	0.00	0.00	65.01	7.35	0.00	0.00	2000
229	11.13	2056	2097	0.00	196	0	0	0	nan	0.00	0.00	4.57	84.32	88.87	0.00	39	0	42	0.00	0.00	64.59	7.22	0.00	0.00	2000
229	10.97	2050	2136	0.00	195	0	0	0	nan	0.00	0.00	4.39	86.33	89.03	0.00	39	0	42	0.00	0.00	64.69	7.34	0.00	0.00	2000
237	11.44	2106	2068	0.00	197	0	0	0	nan	0.00	0.01	4.32	82.98	88.56	0.00	38	0	43	0.00	0.00	65.17	7.30	0.00	0.00	2000
231	11.01	2097	2106	0.00	198	0	0	0	nan	0.01	0.04	5.39	83.93	88.99	0.00	38	0	43	0.00	0.00	65.75	7.41	0.00	0.00	2000
229	11.20	2045	2098	0.00	197	0	0	0	nan	0.00	0.00	4.77	84.06	88.80	0.00	38	0	42	0.00	0.00	64.89	7.39	0.00	0.00	2000
230	11.03	2063	2122	0.00	196	0	0	0	nan	0.00	0.00	3.97	86.10	88.97	0.00	38	0	42	0.00	0.00	64.38	7.67	0.00	0.00	2000
227	11.17	2074	2060	0.00	193	0	0	0	nan	0.00	0.00	3.14	84.02	88.83	0.00	39	0	42	0.00	0.00	65.69	7.36	0.00	0.00	2000
231	11.02	2082	2118	0.00	196	0	0	0	nan	0.00	0.00	3.85	85.94	88.98	0.00	38	0	42	0.00	0.00	64.95	7.22	0.00	0.00	2000
230	11.31	2056	2079	0.00	198	0	0	0	nan	0.00	0.00	4.58	83.34	88.69	0.00	39	0	42	0.00	0.00	65.80	7.46	0.00	0.00	2000
232	11.05	2079	2117	0.00	195	0	0	0	nan	0.00	0.01	3.52	86.24	88.95	0.00	38	0	42	0.00	0.00	65.54	7.39	0.00	0.00	2000
228	10.89	2100	2090	0.59	194	0	0	6	68.14	0.00	0.00	4.15	84.69	89.11	0.00	39	0	42	0.00	0.00	64.98	7.45	0.00	0.00	2000
230	10.91	2074	2133	0.88	195	0	0	1	89.68	0.00	0.01	3.61	86.97	89.09	0.00	39	0	42	0.00	0.00	64.59	7.42	0.00	0.00	2000
230	11.24	2082	2063	0.00	195	0	0	0	nan	0.01	0.00	3.83	83.45	88.76	0.00	39	0	42	0.00	0.00	65.35	7.50	0.00	0.00	2000
230	11.27	2004	2138	0.00	195	0	0	0	nan	0.00	0.00	4.31	86.09	88.73	0.00	39	0	42	0.00	0.00	64.68	7.55	0.00	0.00	2000
228	11.32	2044	2068	0.00	195	0	0	0	nan	0.00	0.02	3.61	83.81	88.68	0.00	39	0	43	0.00	0.00	64.88	7.25	0.00	0.00	2000
229	10.72	2100	2136	0.00	194	0	0	0	nan	0.00	0.00	3.40	87.44	89.28	0.00	38	0	42	0.00	0.00	64.53	7.38	0.00	0.00	2000
230	11.08	2107	2065	0.00	194	0	0	0	nan	0.00	0.00	3.00	84.52	88.92	0.00	39	0	42	0.00	0.00	64.80	7.26	0.00	0.00	2000
232	11.28	2018	2141	0.00	196	0	0	0	nan	0.00	0.00	4.58	86.08	88.72	0.00	39	0	42	0.00	0.00	65.40	7.54	0.00	0.00	2000
228	11.32	2073	2041	0.00	194	0	0	0	nan	0.00	0.01	3.76	82.52	88.68	0.00	39	0	42	0.00	0.00	61.46	7.00	0.00	0.00	2000
236	11.15	2063	2152	0.00	211	0	0	0	nan	0.00	0.02	6.60	84.56	88.85	0.00	38	0	42	0.00	0.00	68.50	7.81	0.00	0.00	2000
229	11.31	2060	2061	0.00	195	0	0	0	nan	0.00	0.02	3.52	83.58	88.69	0.00	38	0	42	0.00	0.00	61.25	7.03	0.00	0.00	2000
230	11.38	1990	2134	0.00	196	0	0	0	nan	0.00	0.00	4.45	85.70	88.62	0.00	39	0	42	0.00	0.00	67.30	7.76	0.00	0.00	2000
228	11.47	2009	2078	0.00	194	0	0	0	nan	0.00	0.00	3.83	83.88	88.53	0.00	39	0	42	0.00	0.00	64.41	7.42	0.00	0.00	2000
232	10.91	2095	2136	0.00	196	0	0	0	nan	0.00	0.00	4.10	86.62	89.09	0.00	39	0	42	0.00	0.00	65.12	7.59	0.00	0.00	2000
229	11.12	2075	2087	0.00	196	0	0	0	nan	0.00	0.00	3.57	84.76	88.88	0.00	39	0	42	0.00	0.00	64.78	7.47	0.00	0.00	2000
230	10.98	2078	2114	0.00	196	0	0	0	nan	0.00	0.00	3.89	85.80	89.02	0.00	39	0	42	0.00	0.00	66.28	7.48	0.00	0.00	2000
227	11.18	2082	2048	0.00	193	0	0	0	nan	0.01	0.02	3.24	83.44	88.82	0.00	38	0	42	0.00	0.00	58.52	6.62	0.00	0.00	2000
229	11.09	2052	2117	0.17	195	0	0	5	73.77	0.00	0.00	4.34	85.41	88.91	0.00	39	0	42	0.00	0.00	70.44	8.24	0.00	0.00	2000
231	11.26	2039	2114	1.22	195	0	0	3	83.05	0.00	0.00	3.63	85.79	88.74	0.00	39	0	42	0.00	0.00	65.60	7.55	0.00	0.00	2000
233	11.56	1996	2120	0.00	196	0	0	0	nan	0.00	0.00	4.38	84.98	88.44	0.00	38	0	42	0.00	0.00	64.38	7.46	0.00	0.00	2000
227	11.44	2025	2061	0.00	194	0	0	0	nan	0.00	0.02	3.26	83.81	88.56	0.00	38	0	43	0.00	0.00	59.06	6.75	0.00	0.00	2000
230	10.88	2075	2135	0.00	195	0	0	0	nan	0.00	0.00	4.41	86.23	89.12	0.00	39	0	42	0.00	0.00	70.76	8.15	0.00	0.00	2000
228	11.06	2082	2082	0.00	195	0	0	0	nan	0.00	0.00	3.53	84.70	88.94	0.00	38	0	42	0.00	0.00	60.07	7.07	0.00	0.00	2000
231	11.10	2120	2066	0.00	195	0	0	0	nan	0.00	0.01	3.60	83.90	88.90	0.00	38	0	42	0.00	0.00	64.37	7.46	0.00	0.00	2000
230	11.14	2054	2115	0.00	197	0	0	0	nan	0.00	0.01	4.28	85.39	88.86	0.00	38	0	42	0.00	0.00	64.24	7.56	0.00	0.00	2000
227	11.45	2057	2022	0.00	196	0	0	0	nan	0.00	0.02	4.42	80.89	88.55	0.00	39	0	42	0.00	0.00	64.74	7.43	0.00	0.00	2000
232	10.72	2072	2191	0.00	211	0	0	0	nan	0.00	0.00	3.17	89.94	89.28	0.00	39	0	42	0.00	0.00	67.80	7.75	0.00	0.00	2000
229	10.83	2082	2134	0.00	195	0	0	0	nan	0.00	0.00	4.23	86.49	89.17	0.00	39	0	42	0.00	0.00	67.63	7.67	0.00	0.00	2000
230	11.21	2093	2060	0.00	197	0	0	0	nan	0.00	0.03	3.83	83.36	88.79	0.00	39	0	42	0.00	0.00	59.19	6.68	0.00	0.00	2000
229	10.66	2108	2140	0.00	194	0	0	0	nan	0.00	0.00	3.67	87.39	89.34	0.00	39	0	42	0.00	0.00	70.55	8.03	0.00	0.00	2000
228	11.54	2009	2065	0.00	194	0	0	0	nan	0.00	0.02	3.83	83.24	88.46	0.00	38	0	42	0.00	0.00	59.35	6.93	0.00	0.00	2000
229	11.01	2047	2131	0.00	194	0	0	0	nan	0.00	0.00	3.93	86.48	88.99	0.00	38	0	42	0.00	0.00	70.45	8.04	0.00	0.00	2000
227	11.33	2048	2057	0.00	195	0	0	0	nan	0.00	0.00	3.71	83.25	88.67	0.00	39	0	43	0.00	0.00	59.21	6.91	0.00	0.00	2000
234	10.94	2097	2142	0.00	197	0	0	0	nan	0.00	0.00	6.25	84.65	89.06	0.00	38	0	42	0.00	0.00	71.30	8.09	0.00	0.00	2000
228	11.17	2079	2062	0.01	198	0	0	4	75.65	0.00	0.00	4.30	82.97	88.83	0.00	38	0	42	0.00	0.00	59.56	6.79	0.00	0.00	2000
229	11.08	2035	2139	1.38	195	0	0	3	77.90	0.00	0.02	3.64	86.97	88.93	0.00	38	0	42	0.00	0.00	68.15	7.75	0.00	0.00	2000
230	11.17	2082	2074	0.00	195	0	0	0	nan	0.00	0.00	3.94	83.91	88.83	0.00	38	0	42	0.00	0.00	62.96	7.22	0.00	0.00	2000
228	11.06	2072	2092	0.00	195	0	0	0	nan	0.00	0.00	4.09	84.56	88.94	0.00	39	0	43	0.00	0.00	65.36	7.48	0.00	0.00	2000
231	11.18	2045	2124	0.00	196	0	0	0	nan	0.00	0.02	4.27	85.59	88.82	0.00	40	0	42	0.00	0.00	65.22	7.36	0.00	0.00	2000
229	11.12	2085	2075	0.00	195	0	0	0	nan	0.00	0.00	4.07	83.91	88.88	0.00	40	0	42	0.00	0.00	65.33	7.41	0.00	0.00	2000
229	11.00	2080	2098	0.00	196	0	0	0	nan	0.00	0.00	3.85	85.18	89.00	0.00	40	0	42	0.00	0.00	65.37	7.56	0.00	0.00	2000
229	11.02	2081	2101	0.00	194	0	0	0	nan	0.00	0.00	3.76	85.36	88.98	0.00	40	0	42	0.00	0.00	65.47	7.27	0.00	0.00	2000
230	11.13	2053	2113	0.00	194	0	0	0	nan	0.00	0.00	3.98	85.50	88.87	0.00	40	0	42	0.00	0.00	65.33	7.48	0.00	0.00	2000
229	11.39	2019	2092	0.00	193	0	0	0	nan	0.00	0.03	4.37	84.04	88.61	0.00	40	0	42	0.00	0.00	65.06	7.47	0.00	0.00	2000
229	11.12	2078	2085	0.00	197	0	0	0	nan	0.00	0.00	4.32	84.00	88.88	0.00	40	0	42	0.00	0.00	65.62	7.42	0.00	0.00	2000
230	10.92	2099	2108	0.00	196	0	0	0	nan	0.00	0.00	3.55	85.90	89.08	0.00	40	0	42	0.00	0.00	65.56	7.52	0.00	0.00	2000
228	10.97	2078	2102	0.00	197	0	0	0	nan	0.00	0.00	3.69	85.50	89.03	0.00	40	0	42	0.00	0.00	64.96	7.27	0.00	0.00	2000
229	10.92	2087	2112	0.00	195	0	0	0	nan	0.00	0.02	4.09	85.58	89.08	0.00	40	0	42	0.00	0.00	65.52	7.39	0.00	0.00	2000
229	10.97	2069	2118	0.00	195	0	0	0	nan	0.00	0.00	4.51	85.41	89.03	0.00	40	0	42	0.00	0.00	66.48	7.44	0.00	0.00	2000
229	11.34	2076	2045	0.00	194	0	0	0	nan	0.00	0.07	3.45	82.97	88.66	0.00	40	0	42	0.00	0.00	63.82	7.28	0.00	0.00	2000
229	10.67	2115	2127	0.00	195	0	0	0	nan	0.00	0.02	3.30	87.21	89.33	0.00	40	0	42	0.00	0.00	65.36	7.80	0.00	0.00	2000
228	10.95	2083	2101	0.00	195	0	0	2	77.73	0.00	0.02	4.17	85.06	89.05	0.00	40	0	42	0.00	0.00	65.01	7.49	0.00	0.00	2000
230	10.61	2157	2114	1.35	195	0	0	6	77.21	0.00	0.03	2.95	86.99	89.40	0.00	41	0	42	0.00	0.00	65.66	7.32	0.00	0.00	2000
230	11.28	2019	2122	0.00	195	0	0	0	nan	0.00	0.03	5.31	84.46	88.72	0.00	40	0	42	0.00	0.00	65.39	7.50	0.00	0.00	2000
232	11.53	2020	2089	0.00	200	0	0	0	nan	0.00	0.02	4.13	83.90	88.47	0.00	40	0	42	0.00	0.00	65.42	7.48	0.00	0.00	2000
230	11.47	1995	2113	0.00	211	0	0	0	nan	0.00	0.03	5.90	83.28	88.53	0.00	40	0	42	0.00	0.00	65.22	7.32	0.00	0.00	2000
227	11.29	2056	2052	0.00	194	0	0	0	nan	0.00	0.02	3.31	83.47	88.71	0.00	40	0	42	0.00	0.00	65.67	7.43	0.00	0.00	2000
230	10.91	2061	2150	0.00	196	0	0	0	nan	0.00	0.00	4.92	86.38	89.09	0.00	40	0	42	0.00	0.00	65.49	7.23	0.00	0.00	2000
229	10.98	2079	2105	0.00	195	0	0	0	nan	0.00	0.00	3.34	85.89	89.02	0.00	40	0	42	0.00	0.00	67.05	7.53	0.00	0.00	2000
230	11.40	2096	2021	0.00	196	0	0	0	nan	0.00	0.00	4.48	80.84	88.60	0.00	40	0	42	0.00	0.00	64.11	7.13	0.00	0.00	2000
229	10.67	2084	2158	0.00	194	0	0	0	nan	0.00	0.00	3.39	88.58	89.33	0.00	40	0	42	0.00	0.00	65.01	7.46	0.00	0.00	2000
229	11.29	2053	2074	0.00	196	0	0	0	nan	0.00	0.06	4.67	83.01	88.71	0.00	40	0	42	0.00	0.00	65.33	7.50	0.00	0.00	2000
228	10.86	2112	2090	0.00	195	0	0	0	nan	0.00	0.00	3.42	85.34	89.14	0.00	40	0	42	0.00	0.00	65.06	7.52	0.00	0.00	2000
231	11.08	2030	2153	0.00	194	0	0	0	nan	0.00	0.01	4.53	86.67	88.92	0.00	40	0	42	0.00	0.00	65.32	7.54	0.00	0.00	2000
230	11.26	2075	2066	0.00	195	0	0	0	nan	0.00	0.00	2.82	84.58	88.74	0.00	40	0	42	0.00	0.00	64.80	7.42	0.00	0.00	2000
230	11.12	2040	2132	0.00	196	0	0	0	nan	0.00	0.00	4.50	85.83	88.88	0.00	41	0	42	0.00	0.00	65.36	7.60	0.00	0.00	2000
228	11.49	2027	2052	0.00	193	0	0	0	nan	0.00	0.02	3.21	83.38	88.51	0.00	40	0	42	0.00	0.00	64.94	7.53	0.00	0.00	2000
230	10.97	2060	2139	0.00	195	0	0	0	nan	0.00	0.00	4.40	86.35	89.03	0.00	40	0	42	0.00	0.00	66.05	7.60	0.00	0.00	2000
226	11.06	2083	2055	0.00	193	0	0	1	91.64	0.00	0.00	3.85	83.35	88.94	0.00	40	0	42	0.00	0.00	60.72	7.28	0.00	0.00	2000
230	11.22	2025	2123	1.43	196	0	0	7	75.66	0.00	0.00	4.18	85.76	88.78	0.00	40	0	42	0.00	0.00	67.45	7.27	0.00	0.00	2000
230	11.39	2024	2091	0.02	196	0	0	0	nan	0.00	0.00	4.32	84.15	88.61	0.00	40	0	42	0.00	0.00	65.01	7.43	0.00	0.00	2000
230	10.81	2127	2099	0.00	195	0	0	0	nan	0.00	0.00	4.46	84.72	89.19	0.00	40	0	42	0.00	0.00	64.92	7.48	0.00	0.00	2000
227	10.92	2088	2089	0.00	194	0	0	0	nan	0.00	0.00	3.41	85.35	89.08	0.00	40	0	42	0.00	0.00	64.47	7.38	0.00	0.00	2000
232	11.21	2044	2129	0.00	194	0	0	0	nan	0.00	0.00	4.54	85.62	88.79	0.00	40	0	42	0.00	0.00	65.33	7.39	0.00	0.00	2000
229	10.99	2088	2098	0.00	198	0	0	0	nan	0.00	0.01	3.67	85.33	89.01	0.00	40	0	42	0.00	0.00	64.31	7.49	0.00	0.00	2000
240	11.09	2127	2136	0.00	198	0	0	0	nan	0.00	0.00	5.55	84.95	88.91	0.00	40	0	42	0.00	0.00	67.52	7.64	0.00	0.00	2000
225	11.18	2074	2036	0.00	195	0	0	0	nan	0.00	0.00	3.45	82.84	88.82	0.00	40	0	42	0.00	0.00	63.51	7.38	0.00	0.00	2000
231	10.85	2123	2107	0.00	194	0	0	0	nan	0.01	0.00	3.11	86.42	89.15	0.00	40	0	42	0.00	0.00	65.35	7.48	0.00	0.00	2000
229	10.91	2102	2101	0.00	194	0	0	0	nan	0.00	0.00	2.86	86.31	89.09	0.00	40	0	42	0.00	0.00	65.04	7.65	0.00	0.00	2000
229	10.83	2072	2148	0.00	195	0	0	0	nan	0.00	0.02	3.27	87.97	89.17	0.00	40	0	42	0.00	0.00	65.09	7.50	0.00	0.00	2000
228	11.43	2051	2044	0.00	195	0	0	0	nan	0.00	0.02	3.30	82.89	88.57	0.00	40	0	42	0.00	0.00	65.26	7.51	0.00	0.00	2000
230	10.88	2102	2116	0.00	195	0	0	0	nan	0.00	0.00	3.22	86.73	89.12	0.00	40	0	42	0.00	0.00	64.94	7.45	0.00	0.00	2000
230	11.02	2076	2109	0.00	196	0	0	0	nan	0.00	0.02	3.24	86.15	88.98	0.00	40	0	42	0.00	0.00	64.95	7.51	0.00	0.00	2000
230	10.90	2118	2092	0.00	194	0	0	0	nan	0.00	0.02	4.06	84.78	89.10	0.00	40	0	42	0.00	0.00	61.66	7.54	0.00	0.00	2000
229	10.92	2084	2113	0.00	197	1	0	0	nan	0.00	0.00	3.44	86.27	89.08	0.00	40	0	43	0.00	0.00	68.02	7.46	0.00	0.00	2000
231	11.16	2062	2105	0.00	196	0	0	0	nan	0.00	0.04	4.45	84.67	88.84	0.00	40	0	42	0.00	0.00	64.74	7.46	0.00	0.00	2000
229	10.85	2107	2105	1.09	196	0	0	6	69.58	0.00	0.02	4.30	85.11	89.15	0.00	40	0	42	0.00	0.00	66.47	7.69	0.00	0.00	2000
228	11.25	2061	2065	0.41	195	0	0	0	nan	0.00	0.00	3.04	84.35	88.75	0.00	40	0	43	0.00	0.00	63.91	7.37	0.00	0.00	2000
229	11.11	2036	2123	0.00	194	0	0	0	nan	0.00	0.02	3.25	86.73	88.89	0.00	40	0	42	0.00	0.00	65.24	7.33	0.00	0.00	2000
229	10.94	2093	2099	0.00	195	0	0	0	nan	0.00	0.04	3.50	85.58	89.06	0.00	40	0	42	0.00	0.00	64.84	7.55	0.00	0.00	2000
228	11.30	2031	2089	0.00	195	0	0	0	nan	0.00	0.00	4.09	84.28	88.70	0.00	40	0	42	0.00	0.00	65.04	7.52	0.00	0.00	2000
231	11.28	2032	2119	0.00	195	0	0	0	nan	0.00	0.01	3.86	85.70	88.72	0.00	40	0	42	0.00	0.00	65.02	7.53	0.00	0.00	2000
229	11.11	2070	2090	0.00	194	0	0	0	nan	0.00	0.00	3.83	84.70	88.89	0.00	40	0	43	0.00	0.00	64.90	7.47	0.00	0.00	2000
229	11.20	2053	2091	0.00	194	0	0	0	nan	0.00	0.00	4.09	84.36	88.80	0.00	40	0	42	0.00	0.00	61.82	7.54	0.00	0.00	2000
229	10.84	2120	2092	0.00	197	0	0	0	nan	0.01	0.00	4.27	84.55	89.16	0.00	41	0	42	0.00	0.00	65.66	7.09	0.00	0.00	2000
232	11.04	2065	2138	0.00	199	0	0	0	nan	0.00	0.01	5.13	85.46	88.96	0.00	40	0	42	0.00	0.00	67.55	7.84	0.00	0.00	2000
229	11.39	2034	2080	0.00	196	0	0	0	nan	0.00	0.00	4.19	83.64	88.61	0.00	40	0	42	0.00	0.00	64.67	7.00	0.00	0.00	2000
229	11.03	2043	2133	0.00	195	0	0	0	nan	0.00	0.03	3.59	86.87	88.97	0.00	40	0	42	0.00	0.00	64.83	7.84	0.00	0.00	2000
224	11.57	2071	1959	0.00	195	0	0	0	nan	0.00	0.01	3.01	79.53	88.43	0.00	40	0	42	0.00	0.00	57.53	6.57	0.00	0.00	2000
240	10.99	2060	2222	0.00	242	0	0	0	nan	0.00	0.04	3.24	91.01	89.01	0.00	40	0	42	0.00	0.00	70.65	8.22	0.00	0.00	2000
230	10.96	2093	2109	0.00	195	0	0	0	nan	0.00	0.01	3.77	85.79	89.04	0.00	40	0	42	0.00	0.00	65.10	7.45	0.00	0.00	2000
229	11.03	2093	2080	0.00	196	0	0	0	nan	0.00	0.02	3.66	84.57	88.97	0.00	40	0	42	0.00	0.00	61.60	7.15	0.00	0.00	2000
228	11.04	2074	2092	0.00	194	0	0	0	nan	0.00	0.00	3.39	85.36	88.96	0.00	40	0	42	0.00	0.00	64.70	7.42	0.00	0.00	2000
231	10.86	2100	2129	0.92	195	0	0	6	70.63	0.00	0.00	4.65	85.71	89.14	0.00	41	0	42	0.00	0.00	71.77	7.90	0.00	0.00	2000
228	11.15	2073	2070	0.55	195	0	0	0	nan	0.00	0.00	3.67	84.01	88.85	0.00	41	0	42	0.00	0.00	61.42	7.38	0.00	0.00	2000
233	11.08	2086	2120	0.00	196	0	0	0	nan	0.00	0.00	3.45	86.45	88.92	0.00	40	0	42	0.00	0.00	62.49	7.33	0.00	0.00	2000
230	11.08	2097	2079	0.00	196	0	0	0	nan	0.00	0.00	4.18	83.90	88.92	0.00	41	0	42	0.00	0.00	64.55	7.39	0.00	0.00	2000
232	10.81	2127	2123	0.00	196	0	0	0	nan	0.00	0.01	4.27	85.86	89.19	0.00	40	0	42	0.00	0.00	67.73	8.12	0.00	0.00	2000
227	11.18	2054	2080	0.00	198	0	0	0	nan	0.00	0.00	4.42	83.65	88.82	0.00	41	0	42	0.00	0.00	61.26	7.23	0.00	0.00	2000
231	10.91	2086	2131	0.00	195	0	0	0	nan	0.00	0.00	4.14	86.28	89.09	0.00	41	0	42	0.00	0.00	67.80	7.75	0.00	0.00	2000
228	11.10	2073	2085	0.00	195	0	0	0	nan	0.00	0.00	3.74	84.63	88.90	0.00	40	0	42	0.00	0.00	65.01	7.43	0.00	0.00	2000
233	10.88	2141	2098	0.00	196	0	0	0	nan	0.00	0.03	5.02	84.08	89.12	0.00	40	0	42	0.00	0.00	62.21	7.25	0.00	0.00	2000
229	11.03	2082	2092	0.00	195	0	0	0	nan	0.00	0.01	3.53	85.19	88.97	0.00	41	0	42	0.00	0.00	65.03	7.39	0.00	0.00	2000
229	11.12	2058	2102	0.00	194	0	0	0	nan	0.01	0.00	4.39	84.61	88.88	0.00	41	0	42	0.00	0.00	64.17	7.56	0.00	0.00	2000
228	11.09	2056	2098	0.00	194	0	0	0	nan	0.00	0.00	3.70	85.24	88.91	0.00	40	0	42	0.00	0.00	64.78	7.53	0.00	0.00	2000
231	11.13	2036	2138	0.00	198	0	0	0	nan	0.01	0.00	4.74	85.83	88.87	0.00	41	0	42	0.00	0.00	67.98	7.76	0.00	0.00	2000
230	11.27	2045	2097	0.00	196	0	0	0	nan	0.00	0.00	4.15	84.45	88.73	0.00	41	0	42	0.00	0.00	63.41	7.42	0.00	0.00	2000
227	11.07	2123	2025	0.00	196	0	0	0	nan	0.00	0.00	3.82	82.03	88.93	0.00	40	0	42	0.00	0.00	63.34	7.34	0.00	0.00	2000
231	10.69	2101	2158	0.00	195	0	0	0	nan	0.00	0.01	3.31	88.54	89.31	0.00	40	0	42	0.00	0.00	64.73	7.49	0.00	0.00	2000
229	11.05	2089	2087	0.00	196	0	0	0	nan	0.00	0.04	4.25	84.22	88.95	0.00	40	0	42	0.00	0.00	64.82	7.38	0.00	0.00	2000
227	10.70	2122	2101	0.59	194	0	0	5	74.17	0.00	0.00	3.64	85.71	89.30	0.00	41	0	42	0.00	0.00	65.08	7.53	0.00	0.00	2000
232	11.10	2055	2134	0.89	196	0	0	2	86.21	0.00	0.00	4.53	85.91	88.90	0.00	40	0	42	0.00	0.00	67.79	7.63	0.00	0.00	2000
228	10.96	2121	2062	0.00	195	0	0	0	nan	0.00	0.00	3.67	83.84	89.04	0.00	40	0	42	0.00	0.00	61.85	7.15	0.00	0.00	2000
230	11.02	2078	2108	0.00	195	0	0	0	nan	0.00	0.03	3.67	85.76	88.98	0.00	41	0	42	0.00	0.00	64.75	7.54	0.00	0.00	2000
228	10.88	2087	2109	0.00	196	0	0	0	nan	0.00	0.01	3.14	86.40	89.12	0.00	40	0	42	0.00	0.00	64.98	7.58	0.00	0.00	2000
229	11.36	1996	2119	0.00	194	0	0	0	nan	0.00	0.00	4.60	84.97	88.64	0.00	41	0	42	0.00	0.00	64.43	7.51	0.00	0.00	2000
228	11.29	2051	2068	0.00	193	0	0	0	nan	0.00	0.00	3.40	84.06	88.71	0.00	40	0	42	0.00	0.00	64.69	7.40	0.00	0.00	2000
231	11.03	2096	2098	0.00	195	0	0	0	nan	0.00	0.02	4.41	84.55	88.97	0.00	41	0	42	0.00	0.00	64.87	7.45	0.00	0.00	2000
227	10.71	2125	2100	0.00	194	0	0	0	nan	0.00	0.00	3.84	85.48	89.29	0.00	41	0	42	0.00	0.00	64.83	7.59	0.00	0.00	2000
229	10.97	2072	2117	0.00	195	0	0	0	nan	0.00	0.00	4.07	85.70	89.03	0.00	40	0	42	0.00	0.00	64.96	7.34	0.00	0.00	2000
227	11.08	2061	2090	0.00	195	0	0	0	nan	0.00	0.00	4.03	84.56	88.92	0.00	40	0	42	0.00	0.00	64.65	7.47	0.00	0.00	2000
230	11.08	2075	2098	0.00	195	0	0	0	nan	0.00	0.02	4.06	84.75	88.92	0.00	40	0	43	0.00	0.00	65.22	7.62	0.00	0.00	2000
230	11.00	2089	2097	0.00	196	0	0	0	nan	0.00	0.01	3.88	85.04	89.00	0.00	41	0	42	0.00	0.00	65.16	7.39	0.00	0.00	2000
230	10.80	2106	2121	0.00	194	0	0	0	nan	0.00	0.02	4.33	85.78	89.20	0.00	41	0	42	0.00	0.00	64.91	7.43	0.00	0.00	2000
228	11.05	2074	2086	0.00	195	0	0	0	nan	0.00	0.00	3.71	84.71	88.95	0.00	41	0	42	0.00	0.00	64.87	7.57	0.00	0.00	2000
230	11.25	2038	2102	0.00	195	0	0	0	nan	0.00	0.00	4.15	84.85	88.75	0.00	40	0	42	0.00	0.00	64.58	7.48	0.00	0.00	2000
229	10.94	2114	2080	0.00	197	0	0	0	nan	0.00	0.01	3.92	84.31	89.06	0.00	40	0	42	0.00	0.00	64.79	7.41	0.00	0.00	2000
232	11.10	2042	2147	0.18	194	0	0	4	72.32	0.00	0.00	3.96	87.02	88.90	0.00	40	0	42	0.00	0.00	65.21	7.79	0.00	0.00	2000
227	11.27	2071	2045	1.23	194	0	0	4	78.71	0.00	0.00	2.99	83.50	88.73	0.00	40	0	42	0.00	0.00	64.36	7.49	0.00	0.00	2000
230	11.04	2052	2135	0.00	195	0	0	0	nan	0.00	0.01	3.32	87.17	88.96	0.00	41	0	42	0.00	0.00	64.88	7.50	0.00	0.00	2000
228	11.16	2060	2084	0.00	195	0	0	0	nan	0.00	0.02	3.79	84.54	88.84	0.00	41	0	42	0.00	0.00	64.23	7.43	0.00	0.00	2000
229	10.99	2085	2101	0.00	195	0	0	0	nan	0.00	0.00	3.42	85.74	89.01	0.00	40	0	42	0.00	0.00	65.08	7.42	0.00	0.00	2000
232	11.10	2079	2115	0.00	196	0	0	0	nan	0.00	0.02	3.47	85.99	88.90	0.00	40	0	42	0.00	0.00	64.68	7.61	0.00	0.00	2000
229	11.05	2081	2088	0.00	195	0	0	0	nan	0.00	0.00	4.03	84.57	88.95	0.00	40	0	42	0.00	0.00	65.24	7.48	0.00	0.00	2000
228	11.17	2049	2094	0.00	196	0	0	0	nan	0.00	0.01	3.68	85.04	88.83	0.00	40	0	42	0.00	0.00	64.59	7.52	0.00	0.00	2000
229	10.81	2078	2143	0.00	195	0	0	0	nan	0.00	0.01	3.41	87.59	89.19	0.00	40	0	42	0.00	0.00	65.60	7.56	0.00	0.00	2000
227	11.35	2032	2071	0.00	195	0	0	0	nan	0.00	0.02	2.83	84.73	88.65	0.00	40	0	42	0.00	0.00	64.54	7.60	0.00	0.00	2000
226	11.61	2044	1997	0.00	195	0	0	0	nan	0.00	0.00	3.15	81.00	88.39	0.00	41	0	42	0.00	0.00	59.94	6.87	0.00	0.00	2000
231	10.98	1989	2225	0.00	213	0	0	0	nan	0.00	0.00	2.77	91.70	89.02	0.00	41	0	42	0.00	0.00	70.14	8.24	0.00	0.00	2000
229	11.45	1996	2105	0.00	194	0	0	0	nan	0.00	0.03	3.48	85.44	88.55	0.00	40	0	42	0.00	0.00	64.74	7.59	0.00	0.00	2000
227	11.36	2048	2052	0.00	194	0	0	0	nan	0.00	0.00	3.35	83.36	88.64	0.00	41	0	42	0.00	0.00	64.91	7.66	0.00	0.00	2000
230	10.96	2056	2140	0.00	194	0	0	0	nan	0.00	0.00	3.54	87.31	89.04	0.00	40	0	42	0.00	0.00	64.77	7.58	0.00	0.00	2000
229	11.24	2074	2060	0.00	195	0	0	0	nan	0.00	0.00	3.67	83.47	88.76	0.00	40	0	42	0.00	0.00	64.75	7.60	0.00	0.00	2000
231	11.11	2051	2126	0.00	195	0	0	0	nan	0.00	0.00	3.61	86.57	88.89	0.00	41	0	42	0.00	0.00	64.85	7.47	0.00	0.00	2000
228	11.09	2067	2091	0.00	195	0	0	4	74.43	0.00	0.00	3.06	85.60	88.91	0.00	40	0	42	0.00	0.00	65.04	7.41	0.00	0.00	2000
230	10.92	2092	2114	1.38	195	0	0	4	78.69	0.00	0.00	3.92	85.79	89.08	0.00	40	0	42	0.00	0.00	64.89	7.51	0.00	0.00	2000
229	11.14	2071	2086	0.00	197	0	0	0	nan	0.00	0.02	5.09	83.24	88.86	0.00	41	0	42	0.00	0.00	65.01	7.49	0.00	0.00	2000
231	11.11	2064	2119	0.00	198	0	0	0	nan	0.00	0.00	4.89	84.86	88.90	0.00	40	0	42	0.00	0.00	65.63	7.43	0.00	0.00	2000
233	11.12	2130	2069	0.00	197	0	0	0	nan	0.00	0.00	3.93	83.77	88.88	0.00	40	0	42	0.00	0.00	65.25	7.53	0.00	0.00	2000
232	11.18	2044	2135	0.00	194	0	0	0	nan	0.00	0.02	3.95	86.44	88.82	0.00	41	0	42	0.00	0.00	65.15	7.55	0.00	0.00	2000
228	11.41	2010	2085	0.00	195	0	0	0	nan	0.00	0.00	3.91	84.14	88.59	0.00	41	0	42	0.00	0.00	64.40	7.45	0.00	0.00	2000
229	11.38	2018	2093	0.00	194	0	0	0	nan	0.00	0.03	4.50	83.94	88.62	0.00	40	0	42	0.00	0.00	65.25	7.62	0.00	0.00	2000
228	10.74	2126	2097	0.00	194	0	0	0	nan	0.00	0.00	2.88	86.28	89.26	0.00	40	0	42	0.00	0.00	64.56	7.44	0.00	0.00	2000
232	11.03	2081	2122	0.00	195	0	0	0	nan	0.00	0.01	4.08	85.79	88.97	0.00	41	0	42	0.00	0.00	65.15	7.47	0.00	0.00	2000
227	11.33	2013	2092	0.00	195	0	0	0	nan	0.00	0.00	3.61	84.87	88.67	0.00	40	0	42	0.00	0.00	64.78	7.62	0.00	0.00	2000
229	11.27	2034	2096	0.00	196	0	0	0	nan	0.00	0.04	4.47	84.17	88.73	0.00	41	0	42	0.00	0.00	64.73	7.47	0.00	0.00	2000
228	10.90	2106	2082	0.00	195	0	0	0	nan	0.01	0.00	3.39	85.01	89.10	0.00	40	0	42	0.00	0.00	65.33	7.59	0.00	0.00	2000
230	10.66	2132	2128	0.00	195	0	0	0	nan	0.00	0.01	3.57	87.01	89.34	0.00	40	0	42	0.00	0.00	66.13	7.89	0.00	0.00	2000
228	11.26	2071	2055	0.00	195	0	0	0	nan	0.00	0.02	3.87	83.04	88.74	0.00	40	0	42	0.00	0.00	62.26	7.22	0.00	0.00	2000
231	10.97	2067	2138	0.00	196	0	0	0	nan	0.00	0.00	3.56	87.17	89.03	0.00	41	0	42	0.00	0.00	68.12	7.84	0.00	0.00	2000
228	11.24	2045	2083	0.00	195	0	0	0	nan	0.00	0.00	3.37	84.81	88.76	0.00	41	0	42	0.00	0.00	62.29	7.26	0.00	0.00	2000
231	10.73	2143	2109	0.00	195	0	0	2	72.04	0.00	0.00	3.21	86.50	89.27	0.00	40	0	42	0.00	0.00	67.56	7.95	0.00	0.00	2000
229	11.10	2056	2108	1.35	195	0	0	6	70.66	0.00	0.00	3.63	85.65	88.90	0.00	41	0	42	0.00	0.00	62.41	7.29	0.00	0.00	2000
231	11.33	2049	2092	0.00	194	0	0	0	nan	0.00	0.03	4.39	83.98	88.67	0.00	40	0	42	0.00	0.00	67.76	7.97	0.00	0.00	2000
228	10.98	2077	2103	0.00	197	0	0	0	nan	0.00	0.00	4.02	85.25	89.02	0.00	40	0	42	0.00	0.00	62.25	7.40	0.00	0.00	2000
228	11.16	2049	2096	0.00	194	0	0	0	nan	0.00	0.00	4.00	84.76	88.84	0.00	40	0	42	0.00	0.00	65.15	7.67	0.00	0.00	2000
232	11.02	2081	2125	0.00	196	0	0	0	nan	0.00	0.00	5.09	84.94	88.98	0.00	40	0	42	0.00	0.00	65.18	7.62	0.00	0.00	2000
229	11.16	2080	2075	0.00	199	0	0	0	nan	0.00	0.00	4.34	83.55	88.84	0.00	41	0	42	0.00	0.00	64.90	7.55	0.00	0.00	2000
231	10.83	2121	2110	0.00	195	0	0	0	nan	0.00	0.00	3.77	85.78	89.17	0.00	40	0	42	0.00	0.00	67.37	7.89	0.00	0.00	2000
234	11.36	2034	2130	0.00	211	0	0	0	nan	0.00	0.00	7.59	82.40	88.64	0.00	41	0	43	0.00	0.00	65.31	7.54	0.00	0.00	2000
227	11.16	2077	2059	0.00	194	0	0	0	nan	0.00	0.02	3.45	83.68	88.84	0.00	40	0	42	0.00	0.00	62.55	7.23	0.00	0.00	2000
229	11.10	2048	2116	0.00	195	0	0	0	nan	0.00	0.00	3.74	85.87	88.90	0.00	40	0	42	0.00	0.00	67.36	7.89	0.00	0.00	2000
229	11.12	2051	2105	0.00	196	0	0	0	nan	0.00	0.02	3.99	85.18	88.88	0.00	41	0	42	0.00	0.00	62.16	7.19	0.00	0.00	2000
231	11.37	2026	2104	0.00	194	0	0	0	nan	0.00	0.04	4.05	84.87	88.63	0.00	40	0	42	0.00	0.00	64.55	7.43	0.00	0.00	2000
230	11.31	2069	2066	0.00	195	0	0	0	nan	0.00	0.00	3.74	83.60	88.69	0.00	41	0	42	0.00	0.00	64.96	7.48	0.00	0.00	2000
230	10.88	2095	2120	0.00	194	0	0	0	nan	0.00	0.01	4.12	85.93	89.12	0.00	40	0	42	0.00	0.00	65.14	7.65	0.00	0.00	2000
228	11.00	2093	2076	0.00	195	0	0	0	nan	0.00	0.00	3.77	84.31	89.00	0.00	41	0	42	0.00	0.00	64.39	7.33	0.00	0.00	2000
232	10.91	2071	2155	0.00	194	0	0	0	nan	0.00	0.02	3.76	87.69	89.09	0.00	40	0	42	0.00	0.00	66.46	7.72	0.00	0.00	2000
226	11.27	2066	2039	0.00	193	0	0	0	90.53	0.00	0.02	3.76	82.47	88.73	0.00	40	0	42	0.00	0.00	61.09	7.11	0.00	0.00	2000
232	10.96	2090	2130	1.39	196	0	0	7	75.40	0.00	0.00	3.86	86.49	89.04	0.00	41	0	42	0.00	0.00	67.13	7.95	0.00	0.00	2000
229	11.18	2060	2091	0.02	196	0	0	0	nan	0.01	0.00	3.73	84.83	88.82	0.00	40	0	42	0.00	0.00	62.44	7.32	0.00	0.00	2000
231	10.80	2105	2131	0.00	198	0	0	0	nan	0.01	0.00	3.80	86.74	89.20	0.00	40	0	42	0.00	0.00	68.60	7.73	0.00	0.00	2000
227	11.02	2097	2063	0.00	195	0	0	0	nan	0.00	0.01	4.13	83.38	88.98	0.00	41	0	42	0.00	0.00	62.06	7.21	0.00	0.00	2000
232	10.84	2122	2114	0.00	194	0	0	0	nan	0.00	0.00	4.31	85.51	89.16	0.00	41	0	42	0.00	0.00	64.85	7.56	0.00	0.00	2000
230	10.77	2131	2107	0.00	197	0	0	0	nan	0.01	0.00	3.92	85.58	89.23	0.00	40	0	42	0.00	0.00	65.26	7.46	0.00	0.00	2000
229	11.09	2076	2087	0.00	195	0	0	0	nan	0.00	0.02	3.75	84.69	88.91	0.00	40	0	42	0.00	0.00	65.55	7.40	0.00	0.00	2000
228	11.07	2066	2091	0.00	194	0	0	0	nan	0.00	0.00	3.53	85.09	88.93	0.00	40	0	42	0.00	0.00	64.97	7.52	0.00	0.00	2000
232	10.92	2075	2149	0.00	197	0	0	0	nan	0.00	0.01	5.11	86.10	89.08	0.00	40	0	42	0.00	0.00	68.06	7.68	0.00	0.00	2000
228	11.32	2026	2087	0.00	195	0	0	0	nan	0.00	0.02	3.36	84.91	88.68	0.00	40	0	42	0.00	0.00	64.60	7.77	0.00	0.00	2000
230	11.54	2022	2071	0.00	197	0	0	0	nan	0.00	0.04	3.73	83.57	88.46	0.00	41	0	42	0.00	0.00	62.35	7.18	0.00	0.00	2000
228	10.88	2096	2096	0.00	195	0	0	0	nan	0.00	0.02	3.58	85.47	89.12	0.00	41	0	42	0.00	0.00	65.24	7.31	0.00	0.00	2000
231	10.92	2101	2113	0.00	197	0	0	0	nan	0.00	0.00	4.42	85.29	89.08	0.00	40	0	42	0.00	0.00	64.86	7.38	0.00	0.00	2000
229	10.80	2122	2102	0.00	195	0	0	0	nan	0.00	0.02	3.23	86.07	89.20	0.00	40	0	42	0.00	0.00	65.00	7.49	0.00	0.00	2000
230	11.10	2038	2133	0.00	201	0	0	0	nan	0.00	0.05	4.77	85.63	88.90	0.00	40	0	42	0.00	0.00	68.05	7.81	0.00	0.00	2000
230	11.23	2046	2105	0.00	195	0	0	0	nan	0.00	0.00	4.41	84.64	88.77	0.00	40	0	42	0.00	0.00	62.62	7.12	0.00	0.00	2000
229	10.96	2089	2099	0.00	196	0	0	0	nan	0.00	0.00	3.35	85.76	89.04	0.00	40	0	42	0.00	0.00	65.41	7.48	0.00	0.00	2000
226	11.13	2105	2025	1.05	195	0	0	5	66.43	0.00	0.00	3.06	82.74	88.87	0.00	41	0	42	0.00	0.00	63.88	7.38	0.00	0.00	2000
230	11.11	2034	2140	0.39	195	0	0	0	nan	0.00	0.02	3.82	86.91	88.89	0.00	40	0	42	0.00	0.00	64.90	7.55	0.00	0.00	2000
228	11.05	2070	2089	0.00	194	0	0	0	nan	0.00	0.00	3.60	84.96	88.95	0.00	41	0	42	0.00	0.00	65.21	7.61	0.00	0.00	2000
229	10.79	2086	2137	0.00	194	0	0	0	nan	0.00	0.00	4.15	86.70	89.21	0.00	40	0	42	0.00	0.00	65.31	7.49	0.00	0.00	2000
230	11.34	2066	2065	0.00	195	0	0	0	nan	0.00	0.00	3.63	83.65	88.66	0.00	41	0	42	0.00	0.00	65.47	7.42	0.00	0.00	2000
302	13.35	2262	2100	0.00	196	0	0	0	nan	0.00	0.00	4.66	82.05	86.65	0.00	41	0	42	0.00	0.00	66.48	7.65	0.00	0.00	2000
228	10.74	2113	2107	0.00	194	0	0	0	nan	0.00	0.00	3.49	86.11	89.26	0.00	40	0	42	0.00	0.00	65.56	7.57	0.00	0.00	2000
230	11.00	2065	2125	0.00	194	0	0	0	nan	0.00	0.03	4.07	86.08	89.00	0.00	41	0	42	0.00	0.00	65.38	7.49	0.00	0.00	2000
227	11.23	2058	2065	0.00	195	0	0	0	nan	0.00	0.00	3.32	84.12	88.77	0.00	40	0	42	0.00	0.00	65.07	7.66	0.00	0.00	2000
232	11.17	2065	2110	0.00	197	0	0	0	nan	0.00	0.00	4.54	84.86	88.83	0.00	41	0	43	0.00	0.00	65.42	7.50	0.00	0.00	2000
226	10.85	2071	2115	0.00	194	0	0	0	nan	0.00	0.00	3.73	86.15	89.15	0.00	40	0	42	0.00	0.00	65.60	7.44	0.00	0.00	2000
231	11.09	2105	2083	0.00	198	0	0	0	nan	0.00	0.06	5.44	82.84	88.91	0.00	40	0	42	0.00	0.00	65.19	7.42	0.00	0.00	2000
228	10.89	2111	2082	0.00	196	0	0	0	nan	0.00	0.00	3.51	84.92	89.11	0.00	40	0	42	0.00	0.00	65.54	7.37	0.00	0.00	2000
231	10.94	2063	2149	0.00	196	0	0	0	nan	0.00	0.02	3.80	87.48	89.06	0.00	40	0	42	0.00	0.00	65.15	7.55	0.00	0.00	2000
229	11.32	2051	2070	0.00	195	0	0	0	nan	0.00	0.00	3.22	84.21	88.68	0.00	40	0	42	0.00	0.00	65.66	7.56	0.00	0.00	2000
230	11.17	2043	2113	0.00	195	0	0	0	nan	0.00	0.03	4.18	85.31	88.83	0.00	40	0	42	0.00	0.00	65.33	7.69	0.00	0.00	2000
229	11.17	2076	2070	0.00	194	0	0	0	nan	0.00	0.00	3.66	84.00	88.83	0.00	41	0	43	0.00	0.00	65.04	7.64	0.00	0.00	2000
232	10.80	2098	2150	0.74	194	0	0	6	71.93	0.00	0.00	4.46	86.84	89.20	0.00	40	0	42	0.00	0.00	65.29	7.62	0.00	0.00	2000
229	11.19	2077	2068	0.72	196	0	0	0	88.56	0.02	0.00	3.06	84.34	88.81	0.00	40	0	42	0.00	0.00	65.45	7.44	0.00	0.00	2000
231	11.04	2108	2087	0.00	196	0	0	0	nan	0.00	0.00	4.57	83.90	88.96	0.00	40	0	42	0.00	0.00	64.94	7.40	0.00	0.00	2000
230	10.99	2096	2095	0.00	195	0	0	0	nan	0.00	0.02	3.27	85.63	89.01	0.00	41	0	42	0.00	0.00	65.20	7.51	0.00	0.00	2000
230	10.82	2097	2131	0.00	196	0	0	0	nan	0.01	0.00	3.68	86.88	89.18	0.00	41	0	42	0.00	0.00	65.14	7.51	0.00	0.00	2000
227	11.23	2049	2069	0.00	195	0	0	0	nan	0.00	0.00	3.24	84.32	88.77	0.00	40	0	42	0.00	0.00	64.63	7.34	0.00	0.00	2000
229	10.84	2098	2115	0.00	195	0	0	0	nan	0.00	0.00	3.69	86.18	89.16	0.00	41	0	42	0.00	0.00	65.15	7.41	0.00	0.00	2000
229	11.03	2037	2140	0.00	195	0	0	0	nan	0.00	0.00	3.43	87.27	88.97	0.00	40	0	42	0.00	0.00	66.13	7.82	0.00	0.00	2000
228	11.50	2034	2051	0.00	196	0	0	0	nan	0.00	0.01	3.54	82.99	88.50	0.00	40	0	42	0.00	0.00	64.30	7.55	0.00	0.00	2000
228	11.03	2081	2088	0.00	195	0	0	0	nan	0.00	0.00	2.93	85.59	88.97	0.00	40	0	42	0.00	0.00	64.87	7.49	0.00	0.00	2000
229	10.83	2074	2145	0.00	194	0	0	0	nan	0.00	0.00	4.12	87.04	89.17	0.00	40	0	42	0.00	0.00	66.34	7.60	0.00	0.00	2000
227	11.36	2030	2066	0.00	194	0	0	0	nan	0.00	0.02	3.37	83.96	88.64	0.00	40	0	42	0.00	0.00	63.97	7.35	0.00	0.00	2000
230	11.48	1961	2146	0.00	195	0	0	0	nan	0.00	0.00	3.89	86.79	88.52	0.00	41	0	42	0.00	0.00	65.45	7.57	0.00	0.00	2000
228	11.25	2098	2031	0.00	196	0	0	0	nan	0.00	0.00	3.87	82.06	88.75	0.00	40	0	42	0.00	0.00	64.11	7.44	0.00	0.00	2000
232	10.71	2108	2156	0.00	196	0	0	0	nan	0.00	0.02	3.24	88.47	89.29	0.00	40	0	42	0.00	0.00	65.59	7.55	0.00	0.00	2000
229	11.18	2086	2061	0.00	198	0	0	0	nan	0.00	0.05	3.91	83.40	88.82	0.00	40	0	42	0.00	0.00	64.47	7.54	0.00	0.00	2000
231	10.80	2100	2136	0.00	196	0	0	0	nan	0.00	0.01	3.95	86.85	89.20	0.00	40	0	42	0.00	0.00	65.41	7.43	0.00	0.00	2000
227	10.87	2122	2067	0.42	195	0	0	5	74.30	0.00	0.01	3.27	84.56	89.13	0.00	40	0	42	0.00	0.00	64.47	7.30	0.00	0.00	2000
238	11.14	2115	2122	1.04	202	0	0	3	82.77	0.00	0.32	4.05	85.48	88.86	0.00	40	0	42	0.00	0.00	66.11	7.64	0.00	0.00	2000
228	11.00	2111	2061	0.00	196	0	0	0	nan	0.00	0.57	6.83	80.11	89.00	0.00	40	0	42	0.00	0.00	64.73	7.48	0.00	0.00	2000
234	10.87	2081	2173	0.00	198	0	0	0	nan	0.00	0.01	5.46	86.88	89.13	0.00	40	0	42	0.00	0.00	67.13	7.65	0.00	0.00	2000
228	11.09	2114	2044	0.00	200	0	0	0	nan	0.00	0.02	5.60	80.96	88.91	0.00	40	0	42	0.00	0.00	61.36	6.88	0.00	0.00	2000
231	10.89	2067	2158	0.00	199	0	0	0	nan	0.00	0.00	5.89	85.79	89.11	0.00	40	0	42	0.00	0.00	69.56	7.86	0.00	0.00	2000
227	11.26	2104	2016	0.00	199	0	0	0	nan	0.00	0.00	5.34	79.91	88.74	0.00	41	0	42	0.00	0.00	61.41	7.04	0.00	0.00	2000
233	10.87	2085	2156	0.00	204	0	0	0	nan	0.00	0.00	5.15	86.41	89.13	0.00	40	0	42	0.00	0.00	68.15	7.95	0.00	0.00	2000
227	10.96	2094	2079	0.00	198	0	0	0	nan	0.00	0.00	6.13	82.15	89.04	0.00	40	0	42	0.00	0.00	64.13	7.53	0.00	0.00	2000
230	11.16	2043	2123	0.00	201	0	0	0	nan	0.03	0.00	5.15	84.73	88.84	0.00	40	0	42	0.00	0.00	65.00	7.50	0.00	0.00	2000
228	11.03	2077	2090	0.00	199	0	0	0	nan	0.00	0.01	4.87	83.83	88.97	0.00	41	0	42	0.00	0.00	64.49	7.32	0.00	0.00	2000
232	11.05	2088	2114	0.00	199	0	0	0	nan	0.00	0.53	3.74	85.36	88.95	0.00	41	0	42	0.00	0.00	65.57	7.49	0.00	0.00	2000
229	10.88	2114	2087	0.00	195	0	0	0	nan	0.00	0.00	3.33	85.28	89.12	0.00	40	0	42	0.00	0.00	65.19	7.43	0.00	0.00	2000
231	11.18	2025	2139	0.00	195	0	0	0	nan	0.00	0.02	4.68	85.86	88.82	0.00	40	0	42	0.00	0.00	66.32	7.72	0.00	0.00	2000
227	11.16	2097	2038	0.00	194	0	0	0	nan	0.00	0.02	3.41	82.82	88.84	0.00	40	0	42	0.00	0.00	61.06	6.86	0.00	0.00	2000
231	10.93	2072	2140	0.00	195	0	0	0	nan	0.00	0.02	4.11	86.70	89.07	0.00	41	0	42	0.00	0.00	67.98	7.77	0.00	0.00	2000
228	11.17	2071	2066	0.00	195	0	0	0	nan	0.00	0.00	3.67	83.84	88.83	0.00	40	0	42	0.00	0.00	62.46	6.99	0.00	0.00	2000
232	11.01	2084	2122	0.02	196	0	0	4	78.24	0.00	0.02	4.94	85.07	88.99	0.00	40	0	42	0.00	0.00	67.45	7.65	0.00	0.00	2000
229	11.04	2094	2083	1.37	195	0	0	4	79.41	0.00	0.00	3.73	84.55	88.96	0.00	40	0	43	0.00	0.00	62.20	7.06	0.00	0.00	2000
230	11.07	2063	2116	0.00	195	0	0	0	nan	0.00	0.00	3.74	85.98	88.93	0.00	40	0	42	0.00	0.00	64.66	7.85	0.00	0.00	2000
229	11.20	2059	2084	0.00	194	0	0	0	nan	0.00	0.00	3.66	84.60	88.80	0.00	40	0	42	0.00	0.00	64.66	7.14	0.00	0.00	2000
230	10.84	2092	2133	0.00	197	0	0	0	nan	0.00	0.00	4.35	86.23	89.16	0.00	40	0	42	0.00	0.00	67.95	7.87	0.00	0.00	2000
229	11.23	2079	2059	0.00	196	0	0	0	nan	0.00	0.00	4.24	82.89	88.77	0.00	41	0	42	0.00	0.00	62.16	7.07	0.00	0.00	2000
227	11.32	2033	2069	0.00	194	0	0	0	nan	0.00	0.02	3.60	83.86	88.68	0.00	40	0	42	0.00	0.00	64.44	7.69	0.00	0.00	2000
228	11.13	2038	2115	0.00	211	0	0	0	nan	0.00	0.00	3.15	86.38	88.87	0.00	40	0	42	0.00	0.00	65.20	7.44	0.00	0.00	2000
229	11.03	2045	2135	0.00	196	0	0	0	nan	0.00	0.02	4.07	86.43	88.97	0.00	40	0	42	0.00	0.00	61.74	7.59	0.00	0.00	2000
228	11.11	2055	2099	0.00	194	0	0	0	nan	0.00	0.02	3.98	85.01	88.89	0.00	40	0	42	0.00	0.00	67.59	7.45	0.00	0.00	2000
232	10.94	2109	2110	0.00	196	0	0	0	nan	0.00	0.02	4.11	85.39	89.06	0.00	40	0	42	0.00	0.00	64.90	7.32	0.00	0.00	2000
228	10.90	2105	2086	0.00	195	0	0	0	nan	0.00	0.00	4.12	84.48	89.10	0.00	40	0	42	0.00	0.00	65.03	7.35	0.00	0.00	2000
230	10.78	2135	2103	0.00	196	0	0	0	nan	0.00	0.01	4.30	85.01	89.22	0.00	40	0	42	0.00	0.00	64.85	7.43	0.00	0.00	2000
231	11.06	2098	2092	0.00	194	0	0	0	nan	0.00	0.00	3.95	84.68	88.94	0.00	40	0	42	0.00	0.00	65.01	7.24	0.00	0.00	2000
230	10.89	2105	2111	0.00	194	0	0	0	nan	0.00	0.02	3.90	85.81	89.11	0.00	40	0	42	0.00	0.00	64.76	7.35	0.00	0.00	2000
229	11.25	2013	2126	0.00	195	0	0	0	nan	0.00	0.01	4.03	85.87	88.75	0.00	40	0	42	0.00	0.00	64.99	7.53	0.00	0.00	2000
229	11.28	2058	2074	0.00	194	0	0	0	nan	0.00	0.03	3.66	84.11	88.72	0.00	40	0	42	0.00	0.00	65.01	7.49	0.00	0.00	2000
229	10.68	2151	2097	0.00	199	0	0	3	77.97	0.00	0.00	5.25	84.01	89.32	0.00	40	0	42	0.00	0.00	64.87	7.35	0.00	0.00	2000
230	10.98	2056	2138	1.35	196	0	0	5	78.17	0.00	0.02	3.76	86.99	89.02	0.00	40	0	42	0.00	0.00	65.21	7.41	0.00	0.00	2000
227	11.36	2018	2077	0.00	194	0	0	0	nan	0.00	0.00	3.60	84.15	88.64	0.00	41	0	42	0.00	0.00	64.50	7.52	0.00	0.00	2000
232	11.10	2108	2087	0.00	194	0	0	0	nan	0.00	0.04	4.21	84.15	88.90	0.00	40	0	42	0.00	0.00	62.88	7.06	0.00	0.00	2000
230	10.96	2071	2129	0.00	196	0	0	0	nan	0.00	0.02	4.07	86.23	89.04	0.00	40	0	42	0.00	0.00	67.95	7.77	0.00	0.00	2000
230	11.25	2032	2111	0.00	199	0	0	0	nan	0.00	0.00	3.96	85.36	88.75	0.00	40	0	42	0.00	0.00	65.45	7.40	0.00	0.00	2000
228	11.50	2009	2075	0.00	195	0	0	0	nan	0.00	0.00	3.34	84.19	88.50	0.00	41	0	42	0.00	0.00	61.91	7.06	0.00	0.00	2000
229	11.19	2045	2096	0.00	194	0	0	0	nan	0.00	0.03	4.25	84.52	88.81	0.00	41	0	42	0.00	0.00	68.29	7.94	0.00	0.00	2000
230	11.25	2046	2098	0.00	195	0	0	0	nan	0.00	0.00	4.20	84.62	88.75	0.00	40	0	42	0.00	0.00	64.81	7.47	0.00	0.00	2000
230	11.21	2060	2090	0.00	195	0	0	0	nan	0.00	0.00	5.04	83.35	88.79	0.00	40	0	42	0.00	0.00	61.92	7.18	0.00	0.00	2000
228	11.02	2062	2105	0.00	195	0	0	0	nan	0.00	0.00	3.97	85.33	88.98	0.00	40	0	42	0.00	0.00	65.26	7.54	0.00	0.00	2000
228	11.08	2047	2116	0.00	195	0	0	0	nan	0.00	0.02	3.94	85.74	88.92	0.00	40	0	42	0.00	0.00	67.38	7.81	0.00	0.00	2000
228	11.15	2076	2071	0.00	196	0	0	0	nan	0.00	0.00	4.10	83.67	88.85	0.00	40	0	42	0.00	0.00	62.18	7.21	0.00	0.00	2000
232	10.94	2090	2128	0.00	195	0	0	0	nan	0.00	0.00	3.62	86.73	89.06	0.00	40	0	42	0.00	0.00	68.03	7.94	0.00	0.00	2000
228	10.94	2104	2076	0.00	195	0	0	0	nan	0.00	0.00	3.78	84.38	89.06	0.00	40	0	42	0.00	0.00	62.31	7.17	0.00	0.00	2000
230	11.02	2075	2107	0.00	194	0	0	0	nan	0.00	0.02	3.80	85.55	88.98	0.00	41	0	42	0.00	0.00	64.84	7.49	0.00	0.00	2000
229	10.90	2077	2124	0.00	196	0	0	0	nan	0.00	0.01	3.97	86.08	89.10	0.00	41	0	42	0.00	0.00	68.13	7.80	0.00	0.00	2000
229	11.30	2051	2074	0.00	195	0	0	1	80.24	0.00	0.03	3.77	83.87	88.70	0.00	40	0	42	0.00	0.00	62.63	7.10	0.00	0.00	2000
230	10.91	2090	2114	1.42	196	0	0	6	78.18	0.00	0.00	3.73	86.03	89.09	0.00	40	0	42	0.00	0.00	64.89	7.39	0.00	0.00	2000
227	11.61	2069	1983	0.00	195	0	0	0	nan	0.00	0.04	4.07	79.45	88.39	0.00	40	0	42	0.00	0.00	62.59	7.03	0.00	0.00	2000
232	10.80	2018	2232	0.00	212	0	0	0	nan	0.00	0.00	3.98	90.98	89.20	0.00	40	0	42	0.00	0.00	67.74	7.80	0.00	0.00	2000
228	11.13	2071	2081	0.00	194	0	0	0	nan	0.00	0.03	4.58	83.57	88.87	0.00	40	0	42	0.00	0.00	64.45	7.44	0.00	0.00	2000
228	10.74	2129	2098	0.00	194	0	0	0	nan	0.00	0.00	3.76	85.48	89.26	0.00	41	0	42	0.00	0.00	65.16	7.51	0.00	0.00	2000
232	11.09	2049	2139	0.00	196	0	0	0	nan	0.00	0.00	4.26	86.35	88.91	0.00	41	0	42	0.00	0.00	67.87	7.46	0.00	0.00	2000
228	10.89	2116	2083	0.00	195	0	0	0	nan	0.00	0.00	3.05	85.38	89.11	0.00	41	0	42	0.00	0.00	63.50	7.07	0.00	0.00	2000
231	11.10	2121	2062	0.00	199	0	0	0	nan	0.00	0.02	3.50	83.87	88.90	0.00	41	0	42	0.00	0.00	64.17	7.32	0.00	0.00	2000
228	10.76	2113	2110	0.00	195	0	0	0	nan	0.00	0.00	2.98	86.72	89.25	0.00	40	0	42	0.00	0.00	64.74	7.49	0.00	0.00	2000
229	10.81	2079	2142	0.00	194	0	0	0	nan	0.01	0.00	3.69	87.31	89.19	0.00	40	0	42	0.00	0.00	65.07	7.78	0.00	0.00	2000
228	11.38	2053	2054	0.00	195	0	0	0	nan	0.00	0.01	3.15	83.61	88.62	0.00	40	0	42	0.00	0.00	64.98	7.10	0.00	0.00	2000
233	10.95	2094	2136	0.00	196	0	0	0	nan	0.00	0.03	4.76	85.88	89.05	0.00	40	0	42	0.00	0.00	65.09	7.52	0.00	0.00	2000
229	11.16	2064	2084	0.00	195	0	0	0	nan	0.00	0.00	3.43	84.81	88.84	0.00	40	0	42	0.00	0.00	64.93	7.49	0.00	0.00	2000
229	11.19	2039	2106	0.00	194	0	0	0	nan	0.00	0.02	4.07	85.03	88.81	0.00	40	0	42	0.00	0.00	64.94	7.47	0.00	0.00	2000
228	11.03	2087	2083	0.00	194	0	0	0	nan	0.00	0.00	3.40	85.00	88.97	0.00	41	0	42	0.00	0.00	64.58	7.53	0.00	0.00	2000
232	10.88	2084	2147	0.00	196	0	0	0	nan	0.00	0.03	4.02	87.17	89.12	0.00	41	0	42	0.00	0.00	66.14	7.58	0.00	0.00	2000
227	11.16	2082	2053	0.00	195	0	0	1	90.61	0.00	0.00	3.81	83.03	88.84	0.00	40	0	42	0.00	0.00	63.86	7.24	0.00	0.00	2000
230	10.96	2060	2137	1.43	195	0	0	7	73.84	0.01	0.00	4.02	86.67	89.04	0.00	40	0	42	0.00	0.00	64.78	7.37	0.00	0.00	2000
229	11.23	2079	2060	0.02	195	0	0	0	nan	0.00	0.00	3.03	84.16	88.77	0.00	41	0	42	0.00	0.00	64.53	7.52	0.00	0.00	2000
230	10.85	2106	2112	0.00	196	0	0	0	nan	0.00	0.00	3.87	85.92	89.15	0.00	40	0	42	0.00	0.00	65.12	7.50	0.00	0.00	2000
227	11.13	2046	2096	0.00	194	0	0	0	nan	0.00	0.01	3.30	85.54	88.87	0.00	40	0	42	0.00	0.00	64.24	7.47	0.00	0.00	2000
231	11.33	2043	2096	0.00	194	0	0	0	nan	0.00	0.02	3.79	84.85	88.67	0.00	40	0	42	0.00	0.00	65.11	7.18	0.00	0.00	2000
228	11.00	2070	2104	0.00	195	0	0	0	nan	0.00	0.02	3.29	86.02	89.00	0.00	40	0	42	0.00	0.00	64.85	7.40	0.00	0.00	2000
230	11.12	2048	2120	0.00	196	0	0	0	nan	0.00	0.01	4.43	85.40	88.88	0.00	40	0	42	0.00	0.00	64.84	7.24	0.00	0.00	2000
228	11.14	2052	2094	0.00	195	0	0	0	nan	0.00	0.00	3.64	85.04	88.86	0.00	40	0	42	0.00	0.00	64.72	7.33	0.00	0.00	2000
229	11.17	2058	2088	0.00	194	0	0	0	nan	0.00	0.03	4.37	84.03	88.83	0.00	40	0	42	0.00	0.00	65.80	7.33	0.00	0.00	2000
231	10.93	2119	2096	0.00	195	0	0	0	nan	0.00	0.02	3.69	85.16	89.07	0.00	40	0	42	0.00	0.00	64.30	7.47	0.00	0.00	2000
232	10.78	2113	2142	0.00	198	0	0	0	nan	0.00	0.03	3.87	87.24	89.22	0.00	41	0	42	0.00	0.00	65.63	7.43	0.00	0.00	2000
228	11.51	2017	2059	0.00	194	0	0	0	nan	0.00	0.02	3.04	83.86	88.49	0.00	40	0	42	0.00	0.00	64.22	7.47	0.00	0.00	2000
230	10.75	2099	2139	0.00	195	0	0	0	nan	0.00	0.00	3.71	87.25	89.25	0.00	40	0	42	0.00	0.00	64.92	7.67	0.00	0.00	2000
228	11.25	2071	2057	0.00	195	0	0	0	nan	0.00	0.02	2.81	84.18	88.75	0.00	40	0	42	0.00	0.00	65.05	7.41	0.00	0.00	2000
233	10.99	2093	2125	0.00	195	0	0	0	nan	0.00	0.02	4.30	85.81	89.01	0.00	40	0	42	0.00	0.00	64.81	7.63	0.00	0.00	2000
229	11.07	2071	2096	0.00	196	0	0	0	nan	0.00	0.00	3.23	85.60	88.93	0.00	40	0	42	0.00	0.00	65.52	7.55	0.00	0.00	2000
236	11.30	2097	2090	0.00	197	0	0	0	nan	0.00	0.03	4.33	84.02	88.70	0.00	40	0	42	0.00	0.00	65.28	7.54	0.00	0.00	2000
227	11.08	2062	2091	1.11	195	0	0	6	71.21	0.00	0.00	3.24	85.41	88.92	0.00	40	0	42	0.00	0.00	64.55	7.38	0.00	0.00	2000
232	10.99	2091	2115	0.38	194	0	0	0	nan	0.00	0.00	4.26	85.45	89.01	0.00	41	0	42	0.00	0.00	64.73	7.36	0.00	0.00	2000
228	11.12	2070	2079	0.00	196	0	0	0	nan	0.00	0.00	3.54	84.62	88.88	0.00	40	0	42	0.00	0.00	62.51	7.10	0.00	0.00	2000
232	10.79	2125	2127	0.00	195	0	0	0	nan	0.00	0.00	4.43	85.92	89.21	0.00	40	0	42	0.00	0.00	68.00	7.91	0.00	0.00	2000
227	11.12	2068	2074	0.00	194	0	0	0	nan	0.00	0.00	3.75	84.15	88.88	0.00	40	0	42	0.00	0.00	64.59	7.48	0.00	0.00	2000
230	10.68	2135	2117	0.00	194	0	0	0	nan	0.00	0.02	3.82	86.25	89.32	0.00	41	0	42	0.00	0.00	65.37	7.55	0.00	0.00	2000
229	11.12	2067	2091	0.00	194	0	0	0	nan	0.00	0.00	4.10	84.51	88.88	0.00	40	0	42	0.00	0.00	64.78	7.47	0.00	0.00	2000
230	11.01	2083	2101	0.00	194	0	0	0	nan	0.00	0.00	4.08	85.05	88.99	0.00	41	0	42	0.00	0.00	65.31	7.59	0.00	0.00	2000
232	10.99	2096	2112	0.00	196	0	0	0	nan	0.00	0.02	3.48	86.09	89.01	0.00	40	0	42	0.00	0.00	65.11	7.51	0.00	0.00	2000
229	11.04	2079	2096	0.00	195	0	0	0	nan	0.00	0.03	4.05	84.86	88.96	0.00	40	0	42	0.00	0.00	64.66	7.54	0.00	0.00	2000
228	11.13	2047	2098	0.00	194	0	0	0	nan	0.00	0.00	4.00	84.83	88.87	0.00	40	0	42	0.00	0.00	64.63	7.40	0.00	0.00	2000
229	11.21	2012	2132	0.00	195	0	0	0	nan	0.00	0.00	4.15	86.09	88.79	0.00	40	0	42	0.00	0.00	65.14	7.55	0.00	0.00	2000
227	11.34	2042	2062	0.00	195	0	0	0	nan	0.00	0.02	3.40	83.69	88.66	0.00	40	0	42	0.00	0.00	62.14	7.23	0.00	0.00	2000
231	11.12	2086	2096	0.00	196	0	0	0	nan	0.00	0.00	4.43	84.33	88.88	0.00	41	0	42	0.00	0.00	64.50	7.65	0.00	0.00	2000
231	11.11	2065	2110	0.00	198	0	0	0	nan	0.00	0.01	5.03	84.32	88.89	0.00	40	0	42	0.00	0.00	65.06	7.33	0.00	0.00	2000
229	11.17	2052	2095	0.00	196	0	0	0	nan	0.00	0.03	4.19	84.55	88.83	0.00	41	0	42	0.00	0.00	64.44	7.52	0.00	0.00	2000
229	10.67	2164	2083	0.00	194	0	0	0	nan	0.00	0.02	3.89	84.73	89.33	0.00	40	0	42	0.00	0.00	65.45	7.37	0.00	0.00	2000
231	10.84	2111	2116	0.75	194	0	0	6	70.05	0.00	0.02	4.18	85.75	89.16	0.00	40	0	42	0.00	0.00	64.75	7.23	0.00	0.00	2000
234	11.17	2073	2125	0.71	196	0	0	0	89.79	0.00	0.00	4.28	85.71	88.83	0.00	40	0	42	0.00	0.00	67.24	7.67	0.00	0.00	2000
229	11.07	2068	2104	0.00	196	0	0	0	nan	0.00	0.00	3.66	85.57	88.93	0.00	41	0	42	0.00	0.00	61.75	7.15	0.00	0.00	2000
228	11.14	2080	2068	0.00	195	0	0	0	nan	0.00	0.00	3.54	84.07	88.86	0.00	40	0	42	0.00	0.00	64.58	7.41	0.00	0.00	2000
230	10.92	2095	2111	0.00	196	0	0	0	nan	0.00	0.00	3.70	85.88	89.08	0.00	40	0	42	0.00	0.00	64.90	7.46	0.00	0.00	2000
226	11.18	2042	2083	0.00	193	0	0	0	nan	0.00	0.00	4.04	84.19	88.82	0.00	41	0	42	0.00	0.00	64.32	7.42	0.00	0.00	2000
227	10.98	2084	2087	0.00	196	0	0	0	nan	0.00	0.02	3.87	84.65	89.02	0.00	40	0	42	0.00	0.00	65.21	7.26	0.00	0.00	2000
236	11.80	2050	2047	0.00	228	0	0	0	nan	0.00	0.00	6.90	79.13	88.20	0.00	40	0	42	0.00	0.00	61.82	7.63	0.00	0.00	2000
232	10.90	2038	2198	0.00	194	0	0	0	nan	0.00	0.02	3.08	90.27	89.10	0.00	40	0	42	0.00	0.00	67.14	7.81	0.00	0.00	2000
228	11.07	2079	2079	0.00	195	0	0	0	nan	0.00	0.00	3.84	84.30	88.93	0.00	40	0	42	0.00	0.00	64.29	7.48	0.00	0.00	2000
230	10.89	2100	2110	0.00	195	0	0	0	nan	0.00	0.00	4.56	85.05	89.11	0.00	40	0	42	0.00	0.00	64.82	7.34	0.00	0.00	2000
230	11.16	2047	2115	0.00	196	0	0	0	nan	0.00	0.00	4.03	85.54	88.84	0.00	40	0	42	0.00	0.00	64.38	7.55	0.00	0.00	2000
231	10.97	2096	2111	0.00	194	0	0	0	nan	0.00	0.00	4.32	85.28	89.03	0.00	41	0	42	0.00	0.00	64.69	7.50	0.00	0.00	2000
227	10.95	2097	2080	0.00	194	0	0	0	nan	0.00	0.00	3.50	84.72	89.05	0.00	41	0	42	0.00	0.00	64.71	7.40	0.00	0.00	2000
232	11.30	2030	2123	0.00	199	0	0	0	nan	0.00	0.03	5.61	84.16	88.70	0.00	40	0	42	0.00	0.00	64.75	7.42	0.00	0.00	2000
228	10.99	2127	2052	0.00	196	0	0	0	nan	0.00	0.00	3.01	83.99	89.01	0.00	41	0	42	0.00	0.00	64.63	7.54	0.00	0.00	2000
230	10.84	2111	2109	0.00	195	0	0	0	nan	0.00	0.01	3.41	86.26	89.16	0.00	41	0	42	0.00	0.00	64.25	7.37	0.00	0.00	2000
231	11.01	2100	2096	0.60	198	0	0	6	72.86	0.00	0.00	3.63	85.25	88.99	0.00	40	0	42	0.00	0.00	64.60	7.39	0.00	0.00	2000
231	10.96	2090	2119	0.88	197	0	0	2	85.20	0.00	0.00	5.04	84.87	89.04	0.00	40	0	42	0.00	0.00	64.88	7.35	0.00	0.00	2000
227	11.05	2066	2092	0.00	195	0	0	0	nan	0.00	0.00	3.68	84.99	88.95	0.00	40	0	42	0.00	0.00	64.68	7.38	0.00	0.00	2000
229	11.03	2083	2093	0.00	194	0	0	0	nan	0.00	0.02	3.96	84.85	88.97	0.00	41	0	42	0.00	0.00	65.30	7.52	0.00	0.00	2000
228	10.89	2067	2127	0.00	197	0	0	0	nan	0.00	0.00	3.52	86.84	89.11	0.00	40	0	42	0.00	0.00	64.70	7.69	0.00	0.00	2000
231	11.13	2065	2106	0.00	197	0	0	0	nan	0.00	0.03	4.45	84.79	88.87	0.00	40	0	42	0.00	0.00	65.33	7.43	0.00	0.00	2000
231	11.55	2043	2059	0.00	198	0	0	0	nan	0.00	0.00	5.02	81.79	88.45	0.00	41	0	42	0.00	0.00	64.46	7.51	0.00	0.00	2000
231	11.07	2064	2125	0.00	195	0	0	0	nan	0.00	0.02	4.18	85.89	88.93	0.00	40	0	42	0.00	0.00	65.00	7.43	0.00	0.00	2000
228	11.06	2082	2079	0.00	194	0	0	0	nan	0.00	0.00	3.26	84.96	88.94	0.00	41	0	42	0.00	0.00	65.04	7.30	0.00	0.00	2000
229	10.84	2109	2105	0.00	196	0	0	0	nan	0.00	0.02	3.74	85.66	89.16	0.00	40	0	42	0.00	0.00	65.51	7.44	0.00	0.00	2000
230	11.02	2083	2099	0.00	196	0	0	0	nan	0.00	0.00	2.91	86.13	88.98	0.00	40	0	42	0.00	0.00	64.77	7.46	0.00	0.00	2000
229	11.27	2019	2114	0.00	195	0	0	0	nan	0.00	0.00	3.82	85.62	88.73	0.00	40	0	42	0.00	0.00	65.04	7.25	0.00	0.00	2000
227	10.98	2075	2094	0.00	193	0	0	0	nan	0.00	0.00	3.02	85.79	89.02	0.00	40	0	42	0.00	0.00	61.49	7.16	0.00	0.00	2000
229	11.17	2050	2098	0.00	194	0	0	0	nan	0.00	0.03	3.92	84.89	88.83	0.00	41	0	42	0.00	0.00	68.06	7.76	0.00	0.00	2000
228	10.89	2107	2090	0.00	202	0	0	0	nan	0.00	0.01	3.72	85.02	89.11	0.00	40	0	42	0.00	0.00	62.18	7.06	0.00	0.00	2000
231	11.05	2090	2102	0.00	195	0	0	0	nan	0.00	0.02	4.28	84.89	88.95	0.00	41	0	42	0.00	0.00	65.96	7.52	0.00	0.00	2000
228	10.85	2102	2102	0.00	195	0	0	0	nan	0.00	0.01	3.59	85.81	89.15	0.00	40	0	42	0.00	0.00	64.88	7.47	0.00	0.00	2000
230	10.88	2107	2106	0.17	194	0	0	5	75.49	0.00	0.02	3.32	86.10	89.12	0.00	41	0	42	0.00	0.00	64.84	7.37	0.00	0.00	2000
228	11.15	2055	2086	1.22	195	0	0	3	80.22	0.01	0.03	3.16	85.18	88.85	0.00	41	0	42	0.00	0.00	65.04	7.53	0.00	0.00	2000
231	10.89	2103	2123	0.00	195	0	0	0	nan	0.00	0.00	3.70	86.38	89.11	0.00	41	0	42	0.00	0.00	65.28	7.45	0.00	0.00	2000
230	10.80	2114	2114	0.00	194	0	0	0	nan	0.00	0.02	3.78	86.09	89.20	0.00	41	0	42	0.00	0.00	67.46	7.63	0.00	0.00	2000
230	10.74	2163	2082	0.00	198	0	0	0	nan	0.00	0.01	4.45	84.10	89.26	0.00	41	0	42	0.00	0.00	64.89	7.42	0.00	0.00	2000
228	11.12	2055	2097	0.00	195	0	0	0	nan	0.00	0.01	3.11	85.73	88.88	0.00	40	0	42	0.00	0.00	62.06	7.11	0.00	0.00	2000
229	11.04	2070	2101	0.00	194	0	0	0	nan	0.00	0.03	3.88	85.20	88.96	0.00	40	0	42	0.00	0.00	68.21	7.37	0.00	0.00	2000
228	11.03	2082	2081	0.00	194	0	0	0	nan	0.00	0.00	3.19	85.03	88.97	0.00	40	0	42	0.00	0.00	62.40	7.53	0.00	0.00	2000
230	10.76	2120	2114	0.00	195	0	0	0	nan	0.00	0.02	3.59	86.22	89.24	0.00	41	0	42	0.00	0.00	65.07	7.49	0.00	0.00	2000
229	10.93	2117	2080	0.00	197	0	0	0	nan	0.00	0.01	3.89	84.36	89.07	0.00	40	0	42	0.00	0.00	65.60	7.54	0.00	0.00	2000
231	11.00	2087	2115	0.00	197	0	0	0	nan	0.00	0.00	4.39	85.39	89.00	0.00	41	0	42	0.00	0.00	65.71	7.46	0.00	0.00	2000
230	10.95	2099	2098	0.00	208	0	0	0	nan	0.00	0.00	4.88	84.13	89.05	0.00	40	0	42	0.00	0.00	65.77	7.49	0.00	0.00	2000
230	10.98	2086	2110	0.00	195	0	0	0	nan	0.01	0.00	3.60	85.99	89.02	0.00	40	0	42	0.00	0.00	65.01	7.28	0.00	0.00	2000
229	11.06	2081	2086	0.00	195	0	0	0	nan	0.00	0.00	3.75	84.77	88.94	0.00	41	0	42	0.00	0.00	64.84	7.21	0.00	0.00	2000
231	11.08	2066	2118	0.00	196	0	0	0	nan	0.00	0.02	3.93	85.91	88.92	0.00	41	0	42	0.00	0.00	64.95	7.40	0.00	0.00	2000
228	10.93	2097	2087	0.00	194	0	0	0	nan	0.00	0.00	3.64	85.02	89.07	0.00	40	0	42	0.00	0.00	64.90	7.48	0.00	0.00	2000
230	10.86	2093	2123	0.00	194	0	0	0	nan	0.00	0.00	3.59	86.55	89.14	0.00	40	0	42	0.00	0.00	65.04	7.47	0.00	0.00	2000
229	11.06	2077	2096	0.00	196	0	0	3	76.52	0.00	0.00	3.75	85.12	88.94	0.00	40	0	42	0.00	0.00	65.34	7.39	0.00	0.00	2000
229	10.96	2105	2083	1.35	195	0	0	5	78.90	0.00	0.00	3.66	84.76	89.04	0.00	40	0	42	0.00	0.00	64.88	7.53	0.00	0.00	2000
230	11.12	2051	2118	0.00	195	0	0	0	nan	0.00	0.02	3.35	86.38	88.88	0.00	41	0	42	0.00	0.00	65.45	7.39	0.00	0.00	2000
229	11.31	2028	2095	0.00	195	0	0	0	nan	0.03	0.00	4.00	84.55	88.69	0.00	40	0	42	0.00	0.00	62.30	7.49	0.00	0.00	2000
228	11.28	2023	2093	0.00	195	0	0	0	nan	0.00	0.00	3.56	84.99	88.72	0.00	40	0	42	0.00	0.00	67.39	7.41	0.00	0.00	2000
229	11.06	2073	2098	0.00	196	0	0	0	nan	0.00	0.04	4.60	84.40	88.94	0.00	40	0	42	0.00	0.00	65.54	7.65	0.00	0.00	2000
228	10.92	2094	2093	0.00	195	0	0	0	nan	0.01	0.00	3.57	85.23	89.08	0.00	40	0	42	0.00	0.00	64.93	7.57	0.00	0.00	2000
232	10.89	2133	2095	0.00	199	0	0	0	nan	0.00	0.00	5.62	83.36	89.11	0.00	40	0	42	0.00	0.00	65.32	7.45	0.00	0.00	2000
231	10.92	2100	2113	0.00	195	0	0	0	nan	0.00	0.02	3.97	85.74	89.08	0.00	40	0	42	0.00	0.00	65.33	7.61	0.00	0.00	2000
230	11.07	2080	2101	0.00	195	0	0	0	nan	0.00	0.00	4.49	84.57	88.93	0.00	40	0	42	0.00	0.00	65.32	7.52	0.00	0.00	2000
228	10.69	2144	2092	0.00	195	0	0	0	nan	0.00	0.00	3.49	85.52	89.31	0.00	40	0	42	0.00	0.00	65.91	7.57	0.00	0.00	2000
229	10.90	2102	2099	0.00	195	0	0	0	nan	0.00	0.00	3.53	85.61	89.10	0.00	40	0	42	0.00	0.00	65.03	7.44	0.00	0.00	2000
229	10.95	2100	2092	0.00	196	0	0	0	nan	0.00	0.00	3.00	85.87	89.05	0.00	41	0	42	0.00	0.00	65.18	7.33	0.00	0.00	2000
232	10.88	2104	2132	0.00	197	0	0	0	nan	0.00	0.00	4.38	86.12	89.12	0.00	41	0	42	0.00	0.00	65.38	7.53	0.00	0.00	2000
233	11.54	2049	2067	0.00	196	0	0	0	nan	0.00	0.00	4.48	82.71	88.46	0.00	40	0	42	0.00	0.00	65.39	7.56	0.00	0.00	2000
231	10.98	2082	2120	0.00	195	0	0	0	nan	0.00	0.01	3.80	86.15	89.02	0.00	40	0	42	0.00	0.00	65.07	7.48	0.00	0.00	2000
228	10.93	2086	2099	0.00	195	0	0	0	nan	0.00	0.00	3.78	85.29	89.07	0.00	40	0	42	0.00	0.00	65.52	7.42	0.00	0.00	2000
230	11.34	2024	2108	0.00	196	0	0	1	79.12	0.00	0.03	4.63	84.48	88.66	0.00	40	0	42	0.00	0.00	64.82	7.45	0.00	0.00	2000
231	11.08	2065	2120	1.44	196	0	0	6	76.07	0.00	0.00	4.52	85.34	88.92	0.00	41	0	42	0.00	0.00	64.48	7.34	0.00	0.00	2000
227	10.91	2141	2039	0.00	194	0	0	0	nan	0.00	0.02	3.93	82.61	89.09	0.00	40	0	42	0.00	0.00	63.35	7.17	0.00	0.00	2000
230	10.94	2068	2139	0.00	195	0	0	0	nan	0.00	0.00	3.23	87.47	89.06	0.00	40	0	42	0.00	0.00	65.53	7.54	0.00	0.00	2000
228	11.08	2079	2077	0.00	195	0	0	0	nan	0.00	0.04	4.66	83.36	88.92	0.00	38	0	42	0.00	0.00	63.65	7.41	0.00	0.00	2000
230	10.80	2106	2120	0.00	194	0	0	0	nan	0.00	0.00	4.37	85.65	89.20	0.00	39	0	42	0.00	0.00	67.90	7.66	0.00	0.00	2000
231	11.24	2048	2108	0.00	196	0	0	0	nan	0.00	0.00	4.53	84.66	88.76	0.00	39	0	42	0.00	0.00	65.03	7.47	0.00	0.00	2000
228	10.92	2103	2088	0.00	197	0	0	0	nan	0.00	0.00	4.47	84.13	89.08	0.00	39	0	42	0.00	0.00	64.68	7.50	0.00	0.00	2000
230	11.16	2033	2133	0.00	195	0	0	0	nan	0.00	0.00	4.01	86.39	88.84	0.00	39	0	42	0.00	0.00	65.04	7.35	0.00	0.00	2000
227	10.97	2111	2062	0.00	195	0	0	0	nan	0.00	0.00	3.57	83.94	89.03	0.00	40	0	42	0.00	0.00	64.93	6.99	0.00	0.00	2000
230	11.21	2017	2140	0.00	195	0	0	0	nan	0.00	0.00	4.43	86.24	88.79	0.00	40	0	42	0.00	0.00	64.69	7.50	0.00	0.00	2000
230	11.40	2048	2073	0.00	200	0	0	0	nan	0.00	0.00	4.33	83.23	88.60	0.00	39	0	42	0.00	0.00	64.98	7.41	0.00	0.00	2000
230	11.25	2036	2104	0.00	195	0	0	0	nan	0.00	0.00	4.86	84.16	88.75	0.00	40	0	42	0.00	0.00	64.62	7.40	0.00	0.00	2000
229	11.15	2058	2091	0.00	197	0	0	0	nan	0.00	0.00	5.14	83.34	88.85	0.00	40	0	42	0.00	0.00	64.68	7.37	0.00	0.00	2000
229	10.93	2081	2116	0.00	194	0	0	0	nan	0.00	0.00	4.62	85.24	89.07	0.00	40	0	42	0.00	0.00	65.46	7.36	0.00	0.00	2000
227	11.22	2048	2079	0.00	195	0	0	0	nan	0.00	0.00	4.67	83.44	88.78	0.00	40	0	42	0.00	0.00	64.79	7.49	0.00	0.00	2000
233	11.06	2092	2115	0.00	196	0	0	0	nan	0.00	0.00	4.83	84.89	88.94	0.00	39	0	42	0.00	0.00	64.98	7.28	0.00	0.00	2000
228	11.00	2070	2102	0.00	196	0	0	0	96.77	0.00	0.03	5.01	84.27	89.00	0.00	40	0	42	0.00	0.00	64.89	7.39	0.00	0.00	2000
230	11.05	2060	2122	1.26	195	0	0	6	73.35	0.00	0.00	4.24	85.73	88.95	0.00	39	0	42	0.00	0.00	64.66	7.51	0.00	0.00	2000
229	11.10	2102	2060	0.21	196	0	0	0	nan	0.01	0.00	3.56	83.81	88.90	0.00	40	0	42	0.00	0.00	62.21	7.21	0.00	0.00	2000
230	11.17	2030	2129	0.00	194	0	0	0	nan	0.00	0.00	4.41	85.75	88.83	0.00	40	0	42	0.00	0.00	67.37	7.76	0.00	0.00	2000
228	11.11	2047	2102	0.00	195	0	0	0	nan	0.00	0.00	3.83	85.25	88.89	0.00	39	0	42	0.00	0.00	65.11	7.54	0.00	0.00	2000
233	11.32	2051	2106	0.00	204	0	0	0	nan	0.00	0.00	5.61	83.36	88.68	0.00	40	0	42	0.00	0.00	64.96	7.44	0.00	0.00	2000
229	11.20	2053	2090	0.00	199	0	0	0	nan	0.01	0.00	4.60	83.93	88.80	0.00	39	0	42	0.00	0.00	65.27	7.54	0.00	0.00	2000
233	11.63	2012	2087	0.00	199	0	0	0	nan	0.00	0.03	4.58	83.31	88.37	0.00	39	0	42	0.00	0.00	62.46	7.22	0.00	0.00	2000
229	11.07	2083	2087	0.00	202	0	0	0	nan	0.00	0.02	5.59	82.92	88.93	0.00	40	0	42	0.00	0.00	63.13	7.34	0.00	0.00	2000
231	10.82	2123	2109	0.00	198	0	0	0	nan	0.00	0.02	4.52	85.03	89.18	0.00	40	0	42	0.00	0.00	67.74	7.45	0.00	0.00	2000
232	11.17	2082	2092	0.00	204	0	0	0	nan	0.00	0.00	7.08	81.48	88.83	0.00	39	0	42	0.00	0.00	65.10	7.47	0.00	0.00	2000
230	11.32	2024	2113	0.00	197	0	0	0	nan	0.00	0.00	8.16	81.17	88.68	0.00	40	0	42	0.00	0.00	65.29	7.47	0.00	0.00	2000
230	11.22	2036	2112	0.00	200	0	0	0	nan	0.00	0.00	7.40	82.02	88.78	0.00	39	0	42	0.00	0.00	65.72	7.57	0.00	0.00	2000
231	11.40	2027	2104	0.00	202	0	0	0	nan	0.00	0.00	6.32	82.51	88.60	0.00	39	0	42	0.00	0.00	65.44	7.28	0.00	0.00	2000
230	11.14	2074	2094	0.00	202	0	0	0	nan	0.00	0.00	7.23	81.41	88.86	0.00	40	0	42	0.00	0.00	65.55	7.36	0.00	0.00	2000
233	11.39	2066	2083	0.00	204	0	0	0	nan	0.00	0.00	6.41	81.58	88.61	0.00	39	0	42	0.00	0.00	65.29	7.43	0.00	0.00	2000
230	11.03	2067	2120	0.00	199	0	0	0	nan	0.00	0.00	8.19	81.70	88.97	0.00	40	0	42	0.00	0.00	65.53	7.49	0.00	0.00	2000
230	11.16	2069	2094	0.00	199	0	0	0	nan	0.00	0.00	5.58	83.03	88.84	0.00	39	0	42	0.00	0.00	65.42	7.30	0.00	0.00	2000
228	11.09	2077	2081	0.92	200	0	0	6	72.90	0.00	0.00	6.38	81.85	88.91	0.00	40	0	42	0.00	0.00	64.92	7.45	0.00	0.00	2000
231	11.33	2026	2111	0.55	199	0	0	0	nan	0.00	0.01	5.48	83.75	88.67	0.00	39	0	42	0.00	0.00	64.76	7.28	0.00	0.00	2000
231	11.00	2113	2087	0.00	201	0	0	0	nan	0.00	0.00	6.64	81.90	89.00	0.00	39	0	42	0.00	0.00	65.45	7.23	0.00	0.00	2000
231	10.84	2121	2112	0.00	208	0	0	0	nan	0.00	0.47	6.41	82.85	89.16	0.00	39	0	42	0.00	0.00	65.59	7.30	0.00	0.00	2000
230	10.82	2091	2131	0.00	199	0	0	0	nan	0.00	0.00	8.00	82.61	89.18	0.00	39	0	42	0.00	0.00	67.08	7.54	0.00	0.00	2000
228	11.46	2051	2038	0.00	198	0	0	0	nan	0.00	0.00	6.21	79.82	88.54	0.00	39	0	42	0.00	0.00	63.52	7.27	0.00	0.00	2000
229	10.98	2041	2149	0.00	197	0	0	0	nan	0.00	0.02	5.24	85.90	89.02	0.00	40	0	42	0.00	0.00	65.28	7.22	0.00	0.00	2000
232	11.49	2012	2105	0.00	199	0	0	0	nan	0.00	0.00	6.54	82.25	88.51	0.00	40	0	42	0.00	0.00	65.46	7.25	0.00	0.00	2000
228	11.05	2082	2085	0.00	197	0	0	0	nan	0.00	0.00	4.25	84.13	88.95	0.00	40	0	42	0.00	0.00	65.22	7.35	0.00	0.00	2000
230	11.17	2041	2118	0.00	195	0	0	0	nan	0.00	0.00	4.55	85.15	88.83	0.00	40	0	42	0.00	0.00	65.32	7.15	0.00	0.00	2000
227	11.14	2067	2076	0.00	195	0	0	0	nan	0.00	0.00	3.63	84.23	88.86	0.00	40	0	42	0.00	0.00	65.37	7.44	0.00	0.00	2000
230	10.98	2075	2120	0.00	196	0	0	0	nan	0.00	0.00	5.39	84.57	89.02	0.00	40	0	42	0.00	0.00	65.49	7.39	0.00	0.00	2000
227	10.99	2098	2072	0.00	195	0	0	0	nan	0.00	0.00	3.93	83.89	89.01	0.00	40	0	42	0.00	0.00	65.31	7.35	0.00	0.00	2000
231	11.12	2042	2136	0.00	196	0	0	0	nan	0.00	0.01	4.66	85.82	88.88	0.00	40	0	42	0.00	0.00	65.36	7.43	0.00	0.00	2000
227	11.07	2066	2087	0.00	196	0	0	0	nan	0.00	0.02	2.84	85.64	88.93	0.00	39	0	42	0.00	0.00	65.48	7.46	0.00	0.00	2000
230	11.23	2062	2088	0.00	195	0	0	0	nan	0.00	0.01	4.09	84.25	88.77	0.00	40	0	42	0.00	0.00	65.37	7.41	0.00	0.00	2000
230	11.16	2037	2122	0.00	196	0	0	0	nan	0.00	0.00	5.24	84.66	88.84	0.00	39	0	42	0.00	0.00	65.71	7.42	0.00	0.00	2000
228	11.24	2043	2089	0.58	196	0	0	6	73.91	0.00	0.00	3.29	85.03	88.76	0.00	40	0	42	0.00	0.00	64.77	7.25	0.00	0.00	2000
230	11.53	1997	2098	0.89	195	0	0	1	84.32	0.00	0.00	4.21	84.27	88.47	0.00	40	0	42	0.00	0.00	64.96	7.59	0.00	0.00	2000
229	11.41	2025	2086	0.00	196	0	0	0	nan	0.00	0.00	4.44	83.58	88.59	0.00	40	0	42	0.00	0.00	65.79	7.25	0.00	0.00	2000
228	11.04	2046	2119	0.00	196	0	0	0	nan	0.00	0.00	4.57	85.32	88.96	0.00	39	0	42	0.00	0.00	65.23	7.40	0.00	0.00	2000
230	11.24	2058	2085	0.00	195	0	0	0	nan	0.00	0.00	3.68	84.55	88.76	0.00	39	0	42	0.00	0.00	65.54	7.51	0.00	0.00	2000
227	10.96	2084	2086	0.00	195	0	0	0	nan	0.00	0.00	4.88	83.77	89.04	0.00	40	0	42	0.00	0.00	62.25	7.16	0.00	0.00	2000
231	11.32	2031	2109	0.00	196	0	0	0	nan	0.00	0.00	4.58	84.62	88.68	0.00	40	0	42	0.00	0.00	68.57	7.70	0.00	0.00	2000
229	10.99	2065	2114	0.00	197	0	0	0	nan	0.00	0.00	5.13	84.59	89.01	0.00	39	0	42	0.00	0.00	65.28	7.63	0.00	0.00	2000
230	11.17	2068	2092	0.00	195	0	0	0	nan	0.00	0.00	4.28	84.30	88.83	0.00	40	0	42	0.00	0.00	65.89	7.59	0.00	0.00	2000
228	11.07	2044	2112	0.00	195	0	0	0	nan	0.00	0.00	4.08	85.58	88.93	0.00	39	0	42	0.00	0.00	65.06	7.46	0.00	0.00	2000
230	11.32	2048	2080	0.00	195	0	0	0	nan	0.00	0.01	3.75	84.25	88.68	0.00	40	0	42	0.00	0.00	64.78	7.32	0.00	0.00	2000
230	11.35	2004	2127	0.00	196	0	0	0	nan	0.00	0.00	3.99	85.95	88.65	0.00	40	0	42	0.00	0.00	65.43	7.47	0.00	0.00	2000
231	11.40	2045	2083	0.00	195	0	0	0	nan	0.00	0.00	4.43	83.52	88.60	0.00	40	0	42	0.00	0.00	65.14	7.43	0.00	0.00	2000
228	11.07	2078	2085	0.00	195	0	0	0	nan	0.00	0.00	4.23	84.10	88.93	0.00	39	0	42	0.00	0.00	62.89	7.18	0.00	0.00	2000
229	11.14	2050	2108	0.00	194	0	0	0	nan	0.00	0.00	4.46	84.91	88.86	0.00	39	0	42	0.00	0.00	67.80	7.77	0.00	0.00	2000
229	10.99	2072	2116	0.00	197	0	0	0	nan	0.00	0.00	4.59	85.13	89.01	0.00	39	0	42	0.00	0.00	65.42	7.40	0.00	0.00	2000
229	11.24	2039	2097	0.00	195	0	0	0	nan	0.00	0.01	4.24	84.36	88.76	0.00	40	0	42	0.00	0.00	65.23	7.55	0.00	0.00	2000
229	11.14	2062	2098	0.19	196	0	0	5	76.09	0.00	0.00	3.91	84.93	88.86	0.00	39	0	42	0.00	0.00	65.26	7.43	0.00	0.00	2000
230	11.17	2047	2114	1.22	195	0	0	3	80.32	0.00	0.00	4.11	85.45	88.83	0.00	40	0	42	0.00	0.00	64.80	7.44	0.00	0.00	2000
228	11.36	2013	2092	0.00	196	0	0	0	nan	0.03	0.00	3.36	84.97	88.64	0.00	40	0	42	0.00	0.00	65.35	7.55	0.00	0.00	2000
231	11.58	2005	2085	0.00	196	0	0	0	nan	0.00	0.00	3.93	83.89	88.42	0.00	40	0	42	0.00	0.00	62.62	7.19	0.00	0.00	2000
228	10.97	2069	2110	0.00	196	0	0	0	nan	0.00	0.00	4.76	84.82	89.03	0.00	40	0	42	0.00	0.00	67.95	7.76	0.00	0.00	2000
232	11.19	2059	2111	0.00	195	0	0	0	nan	0.00	0.00	4.21	85.17	88.81	0.00	39	0	42	0.00	0.00	65.74	7.27	0.00	0.00	2000
229	11.22	2041	2097	0.00	196	0	0	0	nan	0.00	0.00	3.00	85.74	88.78	0.00	40	0	42	0.00	0.00	65.25	7.23	0.00	0.00	2000
231	11.33	2049	2086	0.00	193	0	0	0	nan	0.00	0.00	3.86	84.25	88.67	0.00	40	0	42	0.00	0.00	65.35	7.25	0.00	0.00	2000
228	11.19	2049	2093	0.00	195	0	0	0	nan	0.00	0.00	4.51	84.11	88.81	0.00	39	0	42	0.00	0.00	62.37	6.98	0.00	0.00	2000
230	11.29	2034	2109	0.00	195	0	0	0	nan	0.00	0.00	5.03	84.16	88.71	0.00	40	0	42	0.00	0.00	65.49	7.35	0.00	0.00	2000
230	11.32	2050	2080	0.00	198	0	0	0	nan	0.00	0.00	4.85	83.07	88.68	0.00	40	0	42	0.00	0.00	65.01	7.48	0.00	0.00	2000
236	11.13	2076	2147	0.00	197	0	0	0	nan	0.00	0.00	4.46	86.43	88.87	0.00	39	0	42	0.00	0.00	69.26	7.66	0.00	0.00	2000
228	11.14	2095	2054	0.00	195	0	0	0	nan	0.00	0.01	3.18	83.72	88.86	0.00	40	0	42	0.00	0.00	62.13	6.89	0.00	0.00	2000
229	11.00	2067	2118	0.00	196	0	0	0	nan	0.00	0.00	4.38	85.47	89.00	0.00	39	0	42	0.00	0.00	64.96	7.44	0.00	0.00	2000
228	11.33	2001	2111	0.00	196	0	0	0	nan	0.00	0.00	4.71	84.58	88.67	0.00	40	0	42	0.00	0.00	67.54	7.81	0.00	0.00	2000
234	11.18	2095	2093	0.00	197	0	0	0	nan	0.00	0.00	5.64	82.88	88.82	0.00	40	0	42	0.00	0.00	62.23	7.15	0.00	0.00	2000
227	10.97	2082	2091	0.00	194	0	0	0	nan	0.00	0.00	4.30	84.45	89.03	0.00	40	0	42	0.00	0.00	65.20	7.59	0.00	0.00	2000
229	11.35	2015	2101	0.00	195	0	0	4	76.99	0.00	0.00	5.22	83.58	88.65	0.00	39	0	42	0.00	0.00	65.07	7.50	0.00	0.00	2000
228	11.10	2038	2116	1.36	195	0	0	4	79.54	0.00	0.00	4.96	84.74	88.90	0.00	39	0	42	0.00	0.00	67.57	7.78	0.00	0.00	2000
230	11.54	1995	2097	0.00	194	0	0	0	nan	0.00	0.00	4.85	83.59	88.46	0.00	40	0	42	0.00	0.00	62.46	7.20	0.00	0.00	2000
227	11.18	2048	2086	0.00	195	0	0	0	nan	0.00	0.00	4.42	83.82	88.82	0.00	40	0	42	0.00	0.00	65.57	7.58	0.00	0.00	2000
232	11.38	2040	2100	0.00	195	0	0	0	nan	0.00	0.00	5.28	83.39	88.62	0.00	39	0	42	0.00	0.00	64.77	7.35	0.00	0.00	2000
228	10.92	2067	2119	0.00	196	0	0	0	nan	0.00	0.00	4.70	85.35	89.08	0.00	39	0	42	0.00	0.00	64.59	7.31	0.00	0.00	2000
231	11.46	2010	2108	0.00	198	0	0	0	nan	0.00	0.00	5.72	83.27	88.54	0.00	39	0	42	0.00	0.00	67.98	7.75	0.00	0.00	2000
227	11.26	2059	2061	0.00	197	0	0	0	nan	0.00	0.00	2.91	84.33	88.74	0.00	39	0	42	0.00	0.00	59.42	7.11	0.00	0.00	2000
230	10.94	2075	2132	0.00	195	0	0	0	nan	0.00	0.01	4.52	85.99	89.06	0.00	39	0	42	0.00	0.00	68.14	7.45	0.00	0.00	2000
231	11.00	2122	2074	0.00	197	0	0	0	nan	0.00	0.00	4.08	83.80	89.00	0.00	40	0	42	0.00	0.00	62.51	7.09	0.00	0.00	2000
230	10.78	2103	2130	0.00	196	0	0	0	nan	0.00	0.02	4.55	85.96	89.22	0.00	39	0	42	0.00	0.00	68.18	7.80	0.00	0.00	2000
228	11.05	2066	2097	0.00	195	0	0	0	nan	0.00	0.00	3.38	85.45	88.95	0.00	39	0	42	0.00	0.00	65.50	7.86	0.00	0.00	2000
230	11.14	2054	2106	0.00	195	0	0	0	nan	0.00	0.00	3.47	85.75	88.86	0.00	39	0	42	0.00	0.00	64.85	7.54	0.00	0.00	2000
229	11.02	2108	2066	0.00	195	0	0	0	nan	0.00	0.00	3.52	84.07	88.98	0.00	40	0	42	0.00	0.00	62.64	7.07	0.00	0.00	2000
234	11.23	2061	2123	0.00	196	0	0	0	nan	0.00	0.00	5.63	84.16	88.77	0.00	39	0	42	0.00	0.00	68.12	7.80	0.00	0.00	2000
228	11.14	2045	2104	0.00	195	0	0	0	nan	0.00	0.00	4.45	84.73	88.86	0.00	39	0	42	0.00	0.00	65.22	7.46	0.00	0.00	2000
230	11.17	2049	2107	0.00	194	0	0	0	nan	0.00	0.00	3.92	85.24	88.83	0.00	39	0	42	0.00	0.00	65.11	7.52	0.00	0.00	2000
228	11.19	2039	2094	0.00	195	0	0	2	75.90	0.00	0.00	3.92	84.72	88.81	0.00	40	0	42	0.00	0.00	62.65	7.23	0.00	0.00	2000
231	11.47	2004	2106	1.42	196	0	0	6	76.28	0.00	0.00	4.19	84.71	88.53	0.00	40	0	42	0.00	0.00	67.56	7.82	0.00	0.00	2000
229	11.27	2063	2066	0.00	196	0	0	0	nan	0.00	0.00	4.23	83.15	88.73	0.00	39	0	42	0.00	0.00	62.37	7.10	0.00	0.00	2000
231	10.88	2116	2108	0.00	195	0	0	0	nan	0.00	0.00	5.15	84.33	89.12	0.00	39	0	42	0.00	0.00	65.46	7.39	0.00	0.00	2000
227	11.19	2042	2090	0.00	195	0	0	0	nan	0.00	0.00	5.35	83.21	88.81	0.00	39	0	42	0.00	0.00	64.95	7.37	0.00	0.00	2000
230	10.88	2086	2132	0.00	195	0	0	0	nan	0.00	0.00	4.97	85.60	89.12	0.00	40	0	42	0.00	0.00	67.94	7.82	0.00	0.00	2000
236	11.42	2068	2096	0.00	212	0	0	0	nan	0.01	0.00	7.82	80.65	88.58	0.00	39	0	42	0.00	0.00	62.79	7.15	0.00	0.00	2000
227	11.65	2032	2017	0.00	195	0	0	0	nan	0.00	0.00	4.20	80.74	88.35	0.00	39	0	42	0.00	0.00	65.20	7.36	0.00	0.00	2000
230	11.07	1993	2191	0.00	211	0	0	0	nan	0.00	0.01	3.22	89.74	88.93	0.00	40	0	42	0.00	0.00	65.01	7.39	0.00	0.00	2000
230	11.45	2011	2101	0.00	195	0	0	0	nan	0.00	0.00	4.42	84.27	88.55	0.00	40	0	42	0.00	0.00	64.96	7.26	0.00	0.00	2000
230	11.27	2048	2094	0.00	203	0	0	0	nan	0.00	0.03	5.28	83.29	88.73	0.00	39	0	42	0.00	0.00	65.71	7.35	0.00	0.00	2000
230	11.27	2032	2108	0.00	196	0	0	0	nan	0.00	0.00	3.82	85.40	88.73	0.00	40	0	42	0.00	0.00	65.11	7.48	0.00	0.00	2000
230	11.27	2051	2086	0.00	197	0	0	0	nan	0.00	0.02	3.95	84.29	88.73	0.00	40	0	42	0.00	0.00	66.22	7.49	0.00	0.00	2000
229	10.86	2134	2077	0.00	195	0	0	0	nan	0.00	0.00	3.47	84.71	89.14	0.00	40	0	42	0.00	0.00	64.67	7.11	0.00	0.00	2000
229	10.73	2137	2101	0.00	195	0	0	0	nan	0.00	0.02	3.19	86.13	89.27	0.00	39	0	42	0.00	0.00	65.07	7.45	0.00	0.00	2000
230	11.07	2038	2141	0.00	195	0	0	0	nan	0.00	0.00	4.22	86.51	88.93	0.00	40	0	42	0.00	0.00	65.14	7.49	0.00	0.00	2000
227	11.01	2074	2092	0.00	196	0	0	0	nan	0.00	0.02	2.97	85.77	88.99	0.00	39	0	42	0.00	0.00	64.93	7.51	0.00	0.00	2000
231	11.31	2045	2100	0.00	196	0	0	1	81.99	0.00	0.00	3.40	85.36	88.69	0.00	40	0	42	0.00	0.00	66.10	7.48	0.00	0.00	2000
228	11.11	2101	2050	1.41	194	0	0	6	76.78	0.00	0.01	3.18	83.59	88.89	0.00	39	0	42	0.00	0.00	64.51	7.45	0.00	0.00	2000
231	11.14	2045	2130	0.02	195	0	0	0	nan	0.00	0.00	4.22	85.97	88.86	0.00	40	0	42	0.00	0.00	64.59	7.38	0.00	0.00	2000
229	11.09	2043	2118	0.00	195	0	0	0	nan	0.00	0.00	4.33	85.44	88.91	0.00	39	0	42	0.00	0.00	64.88	7.41	0.00	0.00	2000
230	11.26	2028	2111	0.00	195	0	0	0	nan	0.00	0.00	4.02	85.24	88.74	0.00	39	0	42	0.00	0.00	64.85	7.42	0.00	0.00	2000
227	11.28	2056	2059	0.00	196	0	0	0	nan	0.00	0.00	3.63	83.47	88.72	0.00	40	0	42	0.00	0.00	64.79	7.33	0.00	0.00	2000
231	10.97	2077	2133	0.00	195	0	0	0	nan	0.00	0.00	4.97	85.47	89.03	0.00	40	0	42	0.00	0.00	65.16	7.35	0.00	0.00	2000
228	11.14	2045	2096	0.00	196	0	0	0	nan	0.00	0.00	3.81	84.96	88.86	0.00	40	0	42	0.00	0.00	64.54	7.53	0.00	0.00	2000
230	11.05	2095	2083	0.00	195	0	0	0	nan	0.00	0.00	4.19	84.07	88.95	0.00	40	0	42	0.00	0.00	65.16	7.41	0.00	0.00	2000
228	10.99	2077	2097	0.00	196	0	0	0	nan	0.00	0.00	4.56	84.40	89.01	0.00	40	0	42	0.00	0.00	64.83	7.50	0.00	0.00	2000
229	11.12	2059	2104	0.00	195	0	0	0	nan	0.00	0.00	4.79	84.34	88.88	0.00	40	0	42	0.00	0.00	64.55	7.38	0.00	0.00	2000
229	11.08	2079	2092	0.00	197	0	0	0	nan	0.00	0.00	5.22	83.42	88.92	0.00	40	0	42	0.00	0.00	65.08	7.64	0.00	0.00	2000
230	11.00	2057	2133	0.00	195	0	0	0	nan	0.00	0.00	4.73	85.84	89.00	0.00	40	0	42	0.00	0.00	65.11	7.52	0.00	0.00	2000
229	10.89	2110	2092	0.00	197	0	0	0	nan	0.00	0.00	3.44	85.41	89.11	0.00	40	0	42	0.00	0.00	64.93	7.43	0.00	0.00	2000
231	11.40	2036	2087	0.00	197	0	0	0	nan	0.00	0.00	4.37	83.73	88.60	0.00	39	0	42	0.00	0.00	65.27	7.53	0.00	0.00	2000
227	11.13	2032	2112	0.00	194	0	0	0	nan	0.00	0.00	4.51	84.97	88.87	0.00	40	0	42	0.00	0.00	65.35	7.45	0.00	0.00	2000
230	11.49	1998	2107	0.00	196	0	0	0	nan	0.00	0.00	4.10	84.85	88.51	0.00	39	0	42	0.00	0.00	65.21	7.41	0.00	0.00	2000
227	11.24	2028	2094	0.00	195	0	0	0	nan	0.00	0.00	3.73	84.83	88.76	0.00	40	0	42	0.00	0.00	65.53	7.48	0.00	0.00	2000
230	11.49	1992	2107	1.10	195	0	0	6	65.48	0.00	0.00	4.11	84.79	88.51	0.00	40	0	42	0.00	0.00	64.78	7.38	0.00	0.00	2000
228	11.15	2075	2069	0.38	196	0	0	0	nan	0.00	0.00	3.69	83.96	88.85	0.00	40	0	42	0.00	0.00	65.12	7.39	0.00	0.00	2000
229	11.00	2046	2135	0.00	195	0	0	0	nan	0.00	0.00	3.68	86.97	89.00	0.00	39	0	42	0.00	0.00	64.97	7.42	0.00	0.00	2000
229	11.25	2069	2064	0.00	196	0	0	0	nan	0.00	0.00	3.82	83.61	88.75	0.00	39	0	42	0.00	0.00	64.49	7.38	0.00	0.00	2000
230	11.34	1992	2135	0.00	196	0	0	0	nan	0.00	0.00	4.56	85.79	88.66	0.00	39	0	42	0.00	0.00	64.52	7.52	0.00	0.00	2000
229	10.99	2093	2088	0.00	195	0	0	0	nan	0.00	0.02	3.56	85.01	89.01	0.00	39	0	42	0.00	0.00	64.88	7.55	0.00	0.00	2000
229	11.18	2042	2108	0.00	195	0	0	0	nan	0.00	0.00	3.61	85.63	88.82	0.00	39	0	42	0.00	0.00	65.50	7.43	0.00	0.00	2000
229	11.37	2030	2080	0.00	195	0	0	0	nan	0.00	0.00	3.93	83.91	88.63	0.00	40	0	42	0.00	0.00	64.46	7.57	0.00	0.00	2000
231	11.54	1978	2123	0.00	195	0	0	0	nan	0.00	0.00	5.05	84.47	88.46	0.00	40	0	42	0.00	0.00	64.17	7.29	0.00	0.00	2000
231	11.23	2063	2094	0.00	203	0	0	0	nan	0.00	0.00	6.48	82.08	88.77	0.00	39	0	42	0.00	0.00	65.05	7.31	0.00	0.00	2000
230	11.32	2025	2104	0.00	199	0	0	0	nan	0.00	0.00	5.97	82.93	88.68	0.00	39	0	42	0.00	0.00	65.36	7.26	0.00	0.00	2000
229	11.12	2082	2076	0.00	198	0	0	0	nan	0.00	0.00	6.01	81.85	88.88	0.00	40	0	42	0.00	0.00	64.89	7.34	0.00	0.00	2000
230	11.13	2042	2130	0.00	199	0	0	0	nan	0.00	0.00	7.90	82.35	88.87	0.00	40	0	42	0.00	0.00	65.71	7.26	0.00	0.00	2000
230	11.10	2092	2080	0.00	199	0	0	0	nan	0.00	0.02	5.75	82.40	88.90	0.00	40	0	42	0.00	0.00	64.95	7.33	0.00	0.00	2000
233	11.27	2057	2110	0.00	204	0	0	0	nan	0.00	0.00	7.07	82.11	88.73	0.00	39	0	42	0.00	0.00	64.56	7.37	0.00	0.00	2000
229	11.13	2076	2080	0.00	200	0	0	0	nan	0.00	0.00	7.31	80.74	88.87	0.00	40	0	42	0.00	0.00	64.97	7.31	0.00	0.00	2000
231	11.36	2015	2121	0.00	203	0	0	0	nan	0.00	0.00	9.01	80.61	88.64	0.00	39	0	42	0.00	0.00	65.19	7.35	0.00	0.00	2000
229	10.78	2126	2096	0.76	200	0	0	6	73.43	0.00	0.98	6.78	81.33	89.22	0.00	39	0	42	0.00	0.00	65.26	7.38	0.00	0.00	2000
230	11.10	2081	2087	0.74	198	0	0	0	71.97	0.00	0.02	5.02	83.36	88.90	0.00	39	0	42	0.00	0.00	65.14	7.39	0.00	0.00	2000
232	11.32	2035	2113	0.00	204	0	0	0	nan	0.00	0.00	7.35	81.96	88.68	0.00	40	0	42	0.00	0.00	65.65	7.47	0.00	0.00	2000
230	11.40	2029	2084	0.00	199	0	0	0	nan	0.00	0.00	7.75	80.22	88.60	0.00	39	0	42	0.00	0.00	65.15	7.43	0.00	0.00	2000
229	11.05	2054	2118	0.00	199	0	0	0	nan	0.01	0.00	7.43	82.47	88.95	0.00	39	0	42	0.00	0.00	65.10	7.35	0.00	0.00	2000
232	11.35	2029	2111	0.00	198	0	0	0	nan	0.00	0.00	5.82	83.34	88.65	0.00	40	0	42	0.00	0.00	65.15	7.43	0.00	0.00	2000
228	11.10	2078	2074	0.00	199	0	0	0	nan	0.00	0.00	5.36	82.60	88.90	0.00	39	0	42	0.00	0.00	62.47	7.08	0.00	0.00	2000
233	11.30	2036	2124	0.00	203	0	0	0	nan	0.00	0.00	6.76	83.06	88.70	0.00	39	0	42	0.00	0.00	68.26	7.76	0.00	0.00	2000
235	10.93	2157	2096	0.00	202	0	0	0	nan	0.00	0.00	6.40	82.51	89.07	0.00	39	0	42	0.00	0.00	65.93	7.43	0.00	0.00	2000
230	11.30	2061	2078	0.00	199	0	0	0	nan	0.00	0.00	5.59	82.20	88.70	0.00	40	0	42	0.00	0.00	62.56	7.26	0.00	0.00	2000
228	11.05	2069	2096	0.00	199	0	0	0	nan	0.00	0.00	5.82	83.09	88.95	0.00	39	0	42	0.00	0.00	64.81	7.34	0.00	0.00	2000
230	11.04	2085	2102	0.00	199	0	0	0	nan	0.00	0.02	4.81	84.28	88.96	0.00	39	0	42	0.00	0.00	65.17	7.48	0.00	0.00	2000
231	10.96	2107	2100	0.00	200	0	0	0	nan	0.00	0.04	6.14	82.94	89.04	0.00	40	0	42	0.00	0.00	64.70	7.48	0.00	0.00	2000
231	11.17	2059	2109	0.00	195	0	0	0	nan	0.00	0.00	4.29	85.09	88.83	0.00	40	0	42	0.00	0.00	65.34	7.22	0.00	0.00	2000
228	11.09	2044	2109	0.00	195	0	0	0	nan	0.00	0.00	4.76	84.65	88.91	0.00	40	0	42	0.00	0.00	67.57	7.66	0.00	0.00	2000
229	11.19	2055	2089	0.00	194	0	0	0	nan	0.00	0.00	3.47	84.93	88.81	0.00	40	0	42	0.00	0.00	62.96	7.04	0.00	0.00	2000
229	10.99	2101	2083	0.00	195	0	0	0	nan	0.00	0.00	4.77	83.56	89.01	0.00	40	0	42	0.00	0.00	65.00	7.38	0.00	0.00	2000
227	11.29	2083	2029	0.55	201	0	0	25	14.94	0.00	0.00	4.09	81.74	88.71	0.00	39	0	42	0.00	0.00	62.46	7.37	0.00	0.00	2000
233	11.10	2020	2179	0.87	213	0	0	1	90.30	0.00	0.01	3.49	88.87	88.90	0.00	39	0	42	0.00	0.00	67.28	7.44	0.00	0.00	2000
231	11.17	2065	2106	0.00	197	0	0	0	nan	0.00	0.00	5.59	83.55	88.83	0.00	39	0	42	0.00	0.00	64.85	7.65	0.00	0.00	2000
230	10.96	2076	2123	0.00	199	0	0	0	nan	0.00	0.00	5.19	84.93	89.04	0.00	40	0	42	0.00	0.00	67.44	7.76	0.00	0.00	2000
230	11.07	2068	2109	0.00	195	0	0	0	nan	0.00	0.00	3.85	85.51	88.93	0.00	40	0	42	0.00	0.00	65.11	7.53	0.00	0.00	2000
230	11.02	2080	2105	0.00	196	0	0	0	nan	0.00	0.00	3.85	85.41	88.98	0.00	40	0	42	0.00	0.00	62.80	7.27	0.00	0.00	2000
229	11.37	2047	2068	0.00	195	0	0	0	nan	0.00	0.02	2.63	84.77	88.63	0.00	40	0	42	0.00	0.00	60.91	6.96	0.00	0.00	2000
228	11.31	2012	2100	0.00	196	0	0	0	nan	0.00	0.00	4.53	84.33	88.69	0.00	39	0	42	0.00	0.00	65.30	7.54	0.00	0.00	2000
229	11.15	2064	2090	0.00	195	0	0	0	nan	0.00	0.00	3.39	85.08	88.85	0.00	40	0	42	0.00	0.00	64.30	7.57	0.00	0.00	2000
229	11.12	2040	2124	0.00	194	0	0	0	nan	0.00	0.00	4.15	85.80	88.88	0.00	40	0	42	0.00	0.00	66.20	7.71	0.00	0.00	2000
229	11.21	2080	2062	0.00	194	0	0	0	nan	0.00	0.02	3.73	83.56	88.79	0.00	40	0	42	0.00	0.00	63.80	7.41	0.00	0.00	2000
231	11.16	2032	2141	0.00	197	0	0	0	nan	0.00	0.01	4.26	86.42	88.84	0.00	40	0	42	0.00	0.00	67.20	7.79	0.00	0.00	2000
232	11.36	2033	2105	0.00	197	0	0	0	nan	0.00	0.00	4.63	84.28	88.64	0.00	40	0	42	0.00	0.00	65.29	7.34	0.00	0.00	2000
228	11.12	2055	2092	0.00	195	0	0	0	nan	0.00	0.00	3.85	84.74	88.88	0.00	40	0	42	0.00	0.00	64.64	7.43	0.00	0.00	2000
229	11.40	2029	2082	0.00	194	0	0	0	nan	0.00	0.00	3.83	84.07	88.60	0.00	40	0	42	0.00	0.00	62.13	7.03	0.00	0.00	2000
230	10.78	2097	2137	0.00	197	0	0	0	nan	0.00	0.00	4.59	86.29	89.22	0.00	40	0	42	0.00	0.00	66.90	8.00	0.00	0.00	2000
230	11.45	2050	2053	0.00	197	0	0	0	nan	0.00	0.03	4.07	82.56	88.55	0.00	39	0	42	0.00	0.00	62.68	7.34	0.00	0.00	2000
230	11.29	2009	2131	0.18	194	0	0	6	74.15	0.00	0.00	4.65	85.50	88.71	0.00	39	0	42	0.00	0.00	64.81	7.47	0.00	0.00	2000
230	11.01	2087	2105	1.22	195	0	0	3	82.11	0.00	0.00	3.50	85.75	88.99	0.00	40	0	42	0.00	0.00	67.68	7.93	0.00	0.00	2000
228	11.20	2056	2077	0.00	196	0	0	0	nan	0.00	0.00	3.63	84.26	88.80	0.00	40	0	42	0.00	0.00	62.32	7.21	0.00	0.00	2000
230	10.90	2087	2123	0.00	196	0	0	0	nan	0.00	0.00	4.95	85.18	89.10	0.00	40	0	42	0.00	0.00	67.76	7.43	0.00	0.00	2000
229	11.47	2003	2094	0.00	196	0	0	0	nan	0.00	0.00	4.36	84.04	88.53	0.00	40	0	42	0.00	0.00	61.99	7.47	0.00	0.00	2000
232	11.55	2006	2106	0.00	198	0	0	0	nan	0.00	0.00	4.03	84.79	88.45	0.00	39	0	42	0.00	0.00	67.19	7.53	0.00	0.00	2000
228	11.25	2058	2070	0.00	196	0	0	0	nan	0.00	0.00	4.19	83.37	88.75	0.00	40	0	42	0.00	0.00	62.08	7.58	0.00	0.00	2000
232	11.16	2054	2122	0.00	198	0	0	0	nan	0.00	0.00	5.79	84.10	88.84	0.00	40	0	42	0.00	0.00	64.54	7.47	0.00	0.00	2000
227	11.17	2053	2084	0.00	196	0	0	0	nan	0.00	0.00	4.74	83.51	88.83	0.00	40	0	42	0.00	0.00	64.86	7.29	0.00	0.00	2000
231	11.39	2031	2101	0.00	196	0	0	0	nan	0.00	0.00	5.12	83.64	88.61	0.00	40	0	42	0.00	0.00	64.42	7.38	0.00	0.00	2000
229	10.99	2088	2093	0.00	196	0	0	0	nan	0.00	0.00	4.95	83.88	89.01	0.00	40	0	42	0.00	0.00	64.69	7.37	0.00	0.00	2000
230	11.14	2040	2127	0.00	196	0	0	0	nan	0.00	0.00	5.23	84.82	88.86	0.00	40	0	42	0.00	0.00	64.38	7.41	0.00	0.00	2000
228	10.83	2110	2100	0.00	195	0	0	0	nan	0.00	0.00	3.64	85.56	89.17	0.00	39	0	42	0.00	0.00	65.51	7.37	0.00	0.00	2000
229	11.04	2075	2101	0.00	195	0	0	0	nan	0.00	0.02	3.62	85.40	88.96	0.00	40	0	42	0.00	0.00	64.51	7.45	0.00	0.00	2000
231	11.19	2078	2088	0.00	196	0	0	0	nan	0.00	0.00	3.67	84.70	88.81	0.00	40	0	42	0.00	0.00	65.14	7.37	0.00	0.00	2000
230	11.30	2046	2091	0.00	196	0	0	0	nan	0.00	0.00	4.58	83.79	88.70	0.00	40	0	42	0.00	0.00	64.75	7.48	0.00	0.00	2000
229	11.07	2063	2104	0.00	198	0	0	0	nan	0.00	0.02	5.53	83.71	88.93	0.00	40	0	42	0.00	0.00	65.62	7.59	0.00	0.00	2000
229	11.07	2080	2087	0.00	194	0	0	4	76.51	0.00	0.01	3.83	84.61	88.93	0.00	40	0	42	0.00	0.00	63.76	7.47	0.00	0.00	2000
229	11.11	2041	2122	1.36	197	0	0	5	79.72	0.00	0.00	4.95	84.99	88.89	0.00	40	0	42	0.00	0.00	65.13	7.48	0.00	0.00	2000
230	11.18	2066	2091	0.00	194	0	0	0	nan	0.00	0.00	3.96	84.59	88.82	0.00	40	0	42	0.00	0.00	64.67	7.41	0.00	0.00	2000
229	11.01	2085	2095	0.00	197	0	0	0	nan	0.00	0.00	5.46	83.45	88.99	0.00	39	0	42	0.00	0.00	65.00	7.50	0.00	0.00	2000
229	11.27	2014	2120	0.00	194	0	0	0	nan	0.00	0.00	4.55	85.15	88.73	0.00	40	0	42	0.00	0.00	64.36	7.42	0.00	0.00	2000
228	11.27	2031	2092	0.00	196	0	0	0	nan	0.00	0.00	3.73	84.71	88.73	0.00	39	0	42	0.00	0.00	64.63	7.70	0.00	0.00	2000
230	10.96	2077	2119	0.00	195	0	0	0	nan	0.00	0.00	4.55	85.34	89.04	0.00	39	0	42	0.00	0.00	64.35	7.56	0.00	0.00	2000
228	11.00	2114	2063	0.00	197	0	0	0	nan	0.00	0.02	3.53	83.91	89.00	0.00	39	0	42	0.00	0.00	65.06	7.61	0.00	0.00	2000
231	11.27	2028	2127	0.00	196	0	0	0	nan	0.00	0.00	5.19	84.78	88.73	0.00	39	0	42	0.00	0.00	64.89	7.47	0.00	0.00	2000
230	11.30	2037	2097	0.00	200	0	0	0	nan	0.00	0.00	5.28	83.38	88.70	0.00	40	0	42	0.00	0.00	65.29	7.48	0.00	0.00	2000
230	11.09	2073	2104	0.00	195	0	0	0	nan	0.00	0.00	4.12	84.91	88.91	0.00	40	0	42	0.00	0.00	64.83	7.36	0.00	0.00	2000
227	11.35	2034	2065	0.00	196	0	0	0	nan	0.00	0.00	4.03	83.27	88.65	0.00	40	0	42	0.00	0.00	64.58	7.40	0.00	0.00	2000
231	11.08	2049	2139	0.00	194	0	0	0	nan	0.00	0.00	4.89	85.81	88.92	0.00	40	0	42	0.00	0.00	64.87	7.46	0.00	0.00	2000
229	11.26	2044	2090	0.00	196	0	0	0	nan	0.00	0.00	3.73	84.63	88.74	0.00	39	0	42	0.00	0.00	64.59	7.47	0.00	0.00	2000
229	11.17	2044	2103	0.00	194	0	0	0	nan	0.00	0.00	4.28	84.84	88.83	0.00	40	0	42	0.00	0.00	64.65	7.55	0.00	0.00	2000
228	11.06	2061	2097	0.00	196	0	0	0	nan	0.00	0.00	3.79	85.04	88.94	0.00	40	0	42	0.00	0.00	64.51	7.49	0.00	0.00	2000
229	11.29	2019	2111	0.00	195	0	0	0	nan	0.00	0.00	3.76	85.54	88.71	0.00	40	0	42	0.00	0.00	64.50	7.38	0.00	0.00	2000
228	11.07	2071	2087	0.00	196	0	0	2	75.25	0.00	0.02	3.27	85.23	88.93	0.00	40	0	42	0.00	0.00	64.78	7.57	0.00	0.00	2000
232	11.47	2031	2091	1.42	195	0	0	6	76.03	0.00	0.02	4.32	83.99	88.53	0.00	40	0	42	0.00	0.00	64.76	7.65	0.00	0.00	2000
228	11.05	2045	2114	0.00	195	0	0	0	nan	0.00	0.00	3.95	85.83	88.95	0.00	39	0	42	0.00	0.00	64.44	7.53	0.00	0.00	2000
230	11.41	2016	2097	0.00	195	0	0	0	nan	0.00	0.00	3.51	85.06	88.59	0.00	40	0	42	0.00	0.00	65.24	7.38	0.00	0.00	2000
228	11.08	2086	2070	0.00	196	0	0	0	nan	0.00	0.01	3.19	84.51	88.92	0.00	39	0	42	0.00	0.00	64.10	7.36	0.00	0.00	2000
231	11.19	2030	2137	0.00	194	0	0	0	nan	0.00	0.00	3.94	86.56	88.81	0.00	40	0	42	0.00	0.00	65.10	7.44	0.00	0.00	2000
226	11.46	2065	2003	0.00	195	0	0	0	nan	0.00	0.00	3.24	81.26	88.54	0.00	40	0	42	0.00	0.00	59.55	6.87	0.00	0.00	2000
233	10.94	2022	2214	0.00	213	0	0	0	nan	0.00	0.01	3.14	90.83	89.06	0.00	40	0	42	0.00	0.00	69.95	8.04	0.00	0.00	2000
229	11.25	2072	2061	0.00	195	0	0	0	nan	0.00	0.01	3.33	83.89	88.75	0.00	40	0	42	0.00	0.00	64.86	7.46	0.00	0.00	2000
229	11.14	2022	2138	0.00	195	0	0	0	nan	0.00	0.00	4.13	86.46	88.86	0.00	39	0	42	0.00	0.00	64.36	7.37	0.00	0.00	2000
228	11.14	2078	2063	0.00	195	0	0	0	nan	0.00	0.02	3.31	84.08	88.86	0.00	40	0	42	0.00	0.00	61.94	7.20	0.00	0.00	2000
233	11.22	2073	2107	0.00	197	0	0	0	nan	0.00	0.00	5.31	83.88	88.78	0.00	40	0	42	0.00	0.00	67.52	7.87	0.00	0.00	2000
230	10.83	2133	2093	0.00	198	0	0	0	nan	0.00	0.00	5.37	83.54	89.17	0.00	40	0	42	0.00	0.00	64.96	7.49	0.00	0.00	2000
230	10.95	2070	2135	0.00	196	0	0	0	nan	0.00	0.00	5.18	85.47	89.05	0.00	40	0	42	0.00	0.00	64.45	7.54	0.00	0.00	2000
227	11.28	2041	2071	0.00	195	0	0	0	nan	0.00	0.00	3.17	84.43	88.72	0.00	40	0	42	0.00	0.00	65.24	7.43	0.00	0.00	2000
229	11.29	2031	2100	0.00	196	0	0	0	nan	0.00	0.00	5.36	83.44	88.71	0.00	40	0	42	0.00	0.00	64.31	7.11	0.00	0.00	2000
229	11.18	2048	2104	0.00	196	0	0	0	nan	0.00	0.00	4.61	84.50	88.82	0.00	40	0	42	0.00	0.00	64.68	7.62	0.00	0.00	2000
229	11.13	2037	2124	0.00	196	0	0	1	76.61	0.00	0.00	4.70	85.29	88.87	0.00	39	0	42	0.00	0.00	64.79	7.38	0.00	0.00	2000
228	11.36	2015	2093	1.44	196	0	0	6	75.50	0.00	0.02	3.54	84.85	88.64	0.00	40	0	42	0.00	0.00	64.72	7.48	0.00	0.00	2000
230	11.34	2027	2105	0.01	195	0	0	0	nan	0.00	0.00	4.39	84.57	88.66	0.00	40	0	42	0.00	0.00	65.09	7.28	0.00	0.00	2000
228	11.38	2033	2068	0.00	197	0	0	0	nan	0.00	0.00	3.79	83.54	88.62	0.00	40	0	42	0.00	0.00	61.89	7.01	0.00	0.00	2000
229	11.24	2004	2134	0.00	195	0	0	0	nan	0.00	0.00	4.72	85.59	88.76	0.00	39	0	42	0.00	0.00	67.50	7.62	0.00	0.00	2000
229	11.38	2042	2072	0.00	196	0	0	0	nan	0.00	0.00	3.95	83.48	88.62	0.00	40	0	42	0.00	0.00	62.05	7.12	0.00	0.00	2000
231	11.04	2090	2099	0.00	195	0	0	0	nan	0.00	0.00	5.35	83.59	88.96	0.00	40	0	42	0.00	0.00	65.07	7.40	0.00	0.00	2000
234	11.10	2117	2095	0.00	198	0	0	0	nan	0.00	0.00	4.60	84.16	88.90	0.00	40	0	42	0.00	0.00	64.82	7.19	0.00	0.00	2000
230	11.09	2039	2134	0.00	195	0	0	0	nan	0.00	0.00	4.49	85.97	88.91	0.00	40	0	42	0.00	0.00	67.93	7.74	0.00	0.00	2000
228	10.93	2096	2086	0.00	194	0	0	0	nan	0.00	0.00	2.94	85.65	89.07	0.00	40	0	42	0.00	0.00	61.97	7.01	0.00	0.00	2000
231	11.71	1993	2077	0.00	197	0	0	0	nan	0.00	0.00	5.34	82.15	88.29	0.00	39	0	42	0.00	0.00	61.34	7.52	0.00	0.00	2000
230	11.06	2079	2100	0.00	194	0	0	0	nan	0.00	0.00	4.29	84.75	88.94	0.00	40	0	42	0.00	0.00	67.75	7.41	0.00	0.00	2000
230	11.16	2049	2109	0.00	195	0	0	0	nan	0.00	0.00	4.50	84.72	88.84	0.00	40	0	42	0.00	0.00	64.61	7.43	0.00	0.00	2000
229	11.09	2044	2118	0.00	196	0	0	0	nan	0.00	0.00	4.97	84.86	88.92	0.00	40	0	42	0.00	0.00	67.27	7.67	0.00	0.00	2000
231	11.47	2015	2094	0.00	195	0	0	0	nan	0.00	0.00	4.53	83.81	88.53	0.00	40	0	42	0.00	0.00	61.81	7.16	0.00	0.00	2000
230	11.15	2090	2074	0.00	196	0	0	0	nan	0.00	0.00	4.74	83.10	88.85	0.00	40	0	42	0.00	0.00	62.17	7.19	0.00	0.00	2000
231	11.13	2055	2120	0.00	196	0	0	0	nan	0.00	0.00	5.32	84.58	88.87	0.00	39	0	42	0.00	0.00	67.25	7.81	0.00	0.00	2000
227	11.01	2079	2080	0.00	196	0	0	0	nan	0.00	0.00	4.54	83.72	88.99	0.00	39	0	42	0.00	0.00	61.64	7.22	0.00	0.00	2000
231	10.81	2105	2135	1.09	195	0	0	6	69.34	0.00	0.00	4.79	85.94	89.19	0.00	40	0	42	0.00	0.00	70.14	7.92	0.00	0.00	2000
228	10.75	2120	2099	0.38	196	0	0	0	nan	0.00	0.00	3.99	85.27	89.25	0.00	39	0	42	0.00	0.00	64.63	7.50	0.00	0.00	2000
231	11.34	2048	2085	0.00	196	0	0	0	nan	0.00	0.00	4.17	83.92	88.66	0.00	40	0	42	0.00	0.00	61.56	7.08	0.00	0.00	2000
227	10.83	2104	2097	0.00	194	0	0	0	nan	0.00	0.00	4.41	84.78	89.17	0.00	39	0	42	0.00	0.00	65.00	7.16	0.00	0.00	2000
229	11.37	1997	2122	0.00	195	0	0	0	nan	0.00	0.00	5.09	84.62	88.63	0.00	40	0	42	0.00	0.00	67.17	8.22	0.00	0.00	2000
228	11.18	2045	2092	0.00	195	0	0	0	nan	0.00	0.00	3.46	85.13	88.82	0.00	40	0	42	0.00	0.00	59.18	6.96	0.00	0.00	2000
229	11.30	2047	2081	0.00	195	0	0	0	nan	0.00	0.00	4.47	83.49	88.70	0.00	40	0	42	0.00	0.00	62.30	7.50	0.00	0.00	2000
228	11.02	2054	2115	0.00	195	0	0	0	nan	0.00	0.00	4.27	85.45	88.98	0.00	40	0	42	0.00	0.00	70.21	7.71	0.00	0.00	2000
233	11.24	2062	2108	0.00	196	0	0	0	nan	0.00	0.00	4.69	84.40	88.76	0.00	40	0	42	0.00	0.00	65.10	7.57	0.00	0.00	2000
229	11.18	2046	2099	0.00	196	0	0	0	nan	0.00	0.00	3.67	85.23	88.82	0.00	40	0	42	0.00	0.00	64.53	7.12	0.00	0.00	2000
231	11.38	2047	2081	0.00	195	0	0	0	nan	0.00	0.00	3.58	84.31	88.62	0.00	40	0	42	0.00	0.00	62.00	7.29	0.00	0.00	2000
227	11.04	2042	2114	0.00	195	0	0	0	nan	0.00	0.00	4.61	85.06	88.96	0.00	40	0	42	0.00	0.00	64.66	7.53	0.00	0.00	2000
230	11.31	2016	2116	0.00	195	0	0	0	nan	0.00	0.01	3.82	85.66	88.69	0.00	40	0	42	0.00	0.00	67.34	7.71	0.00	0.00	2000
230	11.26	2086	2056	0.00	198	0	0	0	nan	0.00	0.01	3.57	83.41	88.74	0.00	39	0	42	0.00	0.00	62.22	6.96	0.00	0.00	2000
230	10.68	2122	2133	0.00	195	0	0	0	nan	0.00	0.00	3.93	86.83	89.32	0.00	40	0	42	0.00	0.00	67.84	7.87	0.00	0.00	2000
227	11.16	2066	2065	0.00	196	0	0	0	nan	0.00	0.00	3.49	83.96	88.84	0.00	40	0	42	0.00	0.00	62.09	7.23	0.00	0.00	2000
233	11.25	2053	2123	0.00	194	0	0	0	nan	0.00	0.00	3.99	85.77	88.75	0.00	40	0	42	0.00	0.00	64.70	7.46	0.00	0.00	2000
228	11.25	2031	2093	0.76	195	0	0	6	72.25	0.00	0.00	4.93	83.64	88.75	0.00	40	0	42	0.00	0.00	65.06	7.45	0.00	0.00	2000
232	11.27	2028	2129	0.72	199	0	0	0	87.43	0.00	0.00	6.57	83.49	88.73	0.00	40	0	42	0.00	0.00	64.71	7.42	0.00	0.00	2000
228	11.14	2060	2090	0.00	196	0	0	0	nan	0.00	0.00	3.36	85.20	88.86	0.00	40	0	42	0.00	0.00	65.49	7.44	0.00	0.00	2000
229	11.19	2038	2108	0.00	194	0	0	0	nan	0.00	0.00	4.09	85.14	88.81	0.00	40	0	42	0.00	0.00	65.10	7.47	0.00	0.00	2000
229	11.24	2061	2074	0.00	198	0	0	0	nan	0.00	0.00	4.92	82.84	88.76	0.00	40	0	42	0.00	0.00	65.11	7.23	0.00	0.00	2000
234	11.48	2017	2122	0.00	213	0	0	0	nan	0.00	0.00	8.37	81.19	88.52	0.00	39	0	42	0.00	0.00	64.77	7.35	0.00	0.00	2000
229	11.12	2086	2076	0.00	196	0	0	0	nan	0.00	0.00	4.10	83.79	88.88	0.00	40	0	42	0.00	0.00	65.52	7.49	0.00	0.00	2000
230	10.89	2109	2105	0.00	194	0	0	0	nan	0.00	0.00	4.72	84.66	89.11	0.00	39	0	42	0.00	0.00	65.27	7.66	0.00	0.00	2000
228	11.32	2019	2092	0.00	196	0	0	0	nan	0.00	0.00	4.78	83.69	88.68	0.00	39	0	42	0.00	0.00	64.67	7.45	0.00	0.00	2000
230	10.95	2087	2109	0.00	196	0	0	0	nan	0.00	0.00	5.03	84.49	89.05	0.00	40	0	42	0.00	0.00	64.51	7.50	0.00	0.00	2000
228	10.99	2061	2118	0.00	195	0	0	0	nan	0.00	0.00	4.41	85.53	89.01	0.00	40	0	42	0.00	0.00	64.85	7.60	0.00	0.00	2000
231	11.36	2024	2111	0.00	195	0	0	0	nan	0.00	0.00	3.72	85.42	88.64	0.00	40	0	42	0.00	0.00	64.57	7.57	0.00	0.00	2000
228	11.37	2053	2051	0.00	196	0	0	0	nan	0.00	0.01	3.62	83.04	88.63	0.00	40	0	42	0.00	0.00	64.74	7.57	0.00	0.00	2000
232	10.90	2079	2146	0.00	197	0	0	0	nan	0.00	0.00	6.13	85.01	89.10	0.00	40	0	42	0.00	0.00	65.54	7.47	0.00	0.00	2000
228	11.16	2065	2074	0.00	194	0	0	0	nan	0.00	0.02	3.93	83.74	88.84	0.00	40	0	42	0.00	0.00	65.16	7.47	0.00	0.00	2000
230	11.10	2076	2094	0.00	195	0	0	0	nan	0.00	0.00	4.88	83.84	88.90	0.00	39	0	42	0.00	0.00	59.90	7.49	0.00	0.00	2000
227	11.17	2040	2095	0.00	194	0	0	0	nan	0.00	0.00	4.37	84.28	88.83	0.00	39	0	42	0.00	0.00	70.31	7.64	0.00	0.00	2000
231	10.92	2087	2129	0.43	197	0	0	6	75.29	0.00	0.00	5.31	85.11	89.08	0.00	40	0	42	0.00	0.00	65.74	7.36	0.00	0.00	2000
229	11.22	2067	2071	1.05	196	0	0	2	84.73	0.00	0.01	3.81	83.82	88.78	0.00	40	0	42	0.00	0.00	64.72	7.37	0.00	0.00	2000
230	11.11	2068	2105	0.00	194	0	0	0	nan	0.00	0.00	4.52	84.64	88.89	0.00	40	0	42	0.00	0.00	65.04	7.47	0.00	0.00	2000
229	11.00	2063	2115	0.00	196	0	0	0	nan	0.00	0.00	4.58	85.24	89.00	0.00	40	0	42	0.00	0.00	65.53	7.37	0.00	0.00	2000
230	11.19	2074	2086	0.00	197	0	0	0	nan	0.00	0.00	4.57	83.68	88.81	0.00	40	0	42	0.00	0.00	65.40	7.41	0.00	0.00	2000
231	11.00	2086	2111	0.00	200	0	0	0	nan	0.00	0.00	4.71	84.87	89.00	0.00	40	0	42	0.00	0.00	65.03	7.51	0.00	0.00	2000
231	11.18	2052	2113	0.00	224	0	0	0	nan	0.00	0.00	4.33	85.15	88.82	0.00	40	0	42	0.00	0.00	65.32	7.48	0.00	0.00	2000
227	11.30	2018	2095	0.00	195	0	0	0	nan	0.00	0.00	3.91	84.67	88.70	0.00	40	0	42	0.00	0.00	65.25	7.42	0.00	0.00	2000
229	11.18	2059	2089	0.00	196	0	0	0	nan	0.00	0.00	4.37	84.03	88.82	0.00	40	0	42	0.00	0.00	65.25	7.56	0.00	0.00	2000
228	10.94	2082	2105	0.00	195	0	0	0	nan	0.00	0.00	4.91	84.42	89.06	0.00	40	0	42	0.00	0.00	64.75	7.46	0.00	0.00	2000
234	11.40	2057	2093	0.00	195	0	0	0	nan	0.00	0.00	4.53	83.85	88.60	0.00	40	0	42	0.00	0.00	64.88	7.52	0.00	0.00	2000
228	10.95	2078	2107	0.00	195	0	0	0	nan	0.00	0.00	5.08	84.45	89.05	0.00	40	0	42	0.00	0.00	65.48	7.57	0.00	0.00	2000
229	11.07	2052	2118	0.00	195	0	0	0	nan	0.00	0.00	4.31	85.56	88.93	0.00	40	0	42	0.00	0.00	64.88	7.46	0.00	0.00	2000
227	11.12	2051	2091	0.00	196	0	0	0	nan	0.00	0.03	3.81	84.83	88.88	0.00	39	0	42	0.00	0.00	65.30	7.62	0.00	0.00	2000
230	11.22	2070	2077	0.00	195	0	0	0	nan	0.00	0.00	3.86	83.97	88.78	0.00	40	0	42	0.00	0.00	64.89	7.59	0.00	0.00	2000
229	11.26	2046	2090	0.00	196	0	0	0	nan	0.00	0.00	4.97	83.49	88.74	0.00	40	0	42	0.00	0.00	64.75	7.39	0.00	0.00	2000
229	11.02	2051	2132	0.00	195	0	0	0	nan	0.00	0.00	4.25	86.21	88.98	0.00	40	0	42	0.00	0.00	62.59	7.39	0.00	0.00	2000
228	11.22	2062	2068	0.01	197	0	0	4	75.04	0.00	0.00	4.38	83.14	88.78	0.00	40	0	42	0.00	0.00	68.08	7.67	0.00	0.00	2000
231	11.04	2059	2139	1.38	210	0	0	4	82.70	0.00	0.00	6.73	83.93	88.96	0.00	40	0	42	0.00	0.00	65.25	7.61	0.00	0.00	2000
228	11.40	2032	2068	0.00	196	0	0	0	nan	0.00	0.00	3.76	83.54	88.60	0.00	40	0	42	0.00	0.00	65.42	7.55	0.00	0.00	2000
231	11.27	2042	2105	0.00	195	0	0	0	nan	0.00	0.00	4.42	84.64	88.73	0.00	39	0	42	0.00	0.00	64.66	7.67	0.00	0.00	2000
230	11.05	2084	2100	0.00	198	0	0	0	nan	0.00	0.00	5.13	83.85	88.95	0.00	39	0	42	0.00	0.00	65.52	7.57	0.00	0.00	2000
229	11.12	2034	2129	0.00	194	0	0	0	nan	0.00	0.00	4.60	85.61	88.88	0.00	40	0	42	0.00	0.00	65.15	7.54	0.00	0.00	2000
228	11.13	2070	2075	0.00	195	0	0	0	nan	0.00	0.00	3.39	84.46	88.87	0.00	40	0	42	0.00	0.00	65.39	7.62	0.00	0.00	2000
229	11.30	2007	2118	0.00	196	0	0	0	nan	0.00	0.00	4.51	85.05	88.70	0.00	39	0	42	0.00	0.00	64.60	7.74	0.00	0.00	2000
228	11.31	2031	2088	0.00	196	0	0	0	nan	0.00	0.04	3.76	84.47	88.69	0.00	39	0	42	0.00	0.00	62.88	7.48	0.00	0.00	2000
234	11.00	2133	2093	0.00	195	0	0	0	nan	0.00	0.00	4.52	84.21	89.00	0.00	40	0	42	0.00	0.00	67.09	7.50	0.00	0.00	2000
228	11.16	2027	2114	0.00	195	0	0	0	nan	0.00	0.00	4.78	84.82	88.84	0.00	39	0	42	0.00	0.00	64.95	7.58	0.00	0.00	2000
230	11.13	2077	2086	0.00	195	0	0	0	nan	0.00	0.00	3.58	84.71	88.87	0.00	40	0	42	0.00	0.00	61.67	7.32	0.00	0.00	2000
228	11.12	2057	2092	0.00	196	0	0	0	nan	0.00	0.00	4.45	84.23	88.88	0.00	40	0	42	0.00	0.00	64.44	7.71	0.00	0.00	2000
231	11.26	2041	2108	0.00	194	0	0	0	nan	0.00	0.00	4.17	84.95	88.74	0.00	40	0	42	0.00	0.00	65.25	7.70	0.00	0.00	2000
229	11.30	2024	2107	0.00	197	0	0	0	nan	0.00	0.00	5.09	84.04	88.70	0.00	40	0	42	0.00	0.00	67.72	7.78	0.00	0.00	2000
229	11.09	2067	2098	0.00	194	0	0	0	nan	0.00	0.00	4.42	84.46	88.91	0.00	39	0	42	0.00	0.00	65.56	7.37	0.00	0.00	2000
228	11.06	2059	2107	0.00	197	0	0	0	nan	0.00	0.00	4.79	84.53	88.94	0.00	40	0	42	0.00	0.00	65.16	7.46	0.00	0.00	2000
229	11.25	2023	2114	0.00	194	0	0	3	75.73	0.00	0.00	4.12	85.32	88.75	0.00	40	0	42	0.00	0.00	64.74	7.43	0.00	0.00	2000
229	10.91	2139	2064	1.36	194	0	0	5	79.40	0.00	0.00	3.59	83.95	89.09	0.00	40	0	42	0.00	0.00	62.00	7.26	0.00	0.00	2000
232	11.02	2078	2127	0.00	196	0	0	0	nan	0.00	0.00	4.77	85.40	88.98	0.00	40	0	42	0.00	0.00	68.70	7.94	0.00	0.00	2000
228	11.02	2076	2090	0.00	195	0	0	0	nan	0.00	0.00	4.13	84.52	88.98	0.00	40	0	42	0.00	0.00	64.32	7.69	0.00	0.00	2000
237	11.39	2084	2093	0.00	199	0	0	0	nan	0.01	0.00	5.21	83.12	88.61	0.00	40	0	42	0.00	0.00	62.34	7.34	0.00	0.00	2000
228	11.23	2029	2099	0.00	196	0	0	0	nan	0.00	0.00	4.63	84.26	88.77	0.00	39	0	42	0.00	0.00	64.78	7.63	0.00	0.00	2000
229	11.08	2045	2124	0.00	195	0	0	0	nan	0.00	0.02	4.21	85.89	88.92	0.00	40	0	42	0.00	0.00	67.86	7.99	0.00	0.00	2000
230	11.22	2049	2098	0.00	196	0	0	0	nan	0.00	0.00	3.59	85.21	88.78	0.00	40	0	42	0.00	0.00	62.98	7.00	0.00	0.00	2000
230	11.25	2089	2056	0.00	196	0	0	0	nan	0.00	0.01	4.18	82.74	88.75	0.00	39	0	42	0.00	0.00	61.09	7.41	0.00	0.00	2000
231	10.93	2066	2145	0.00	195	0	0	0	nan	0.00	0.01	3.50	87.54	89.07	0.00	39	0	42	0.00	0.00	68.86	7.85	0.00	0.00	2000
229	11.38	2040	2071	0.00	195	0	0	0	nan	0.00	0.00	3.14	84.35	88.62	0.00	40	0	42	0.00	0.00	60.82	7.11	0.00	0.00	2000
231	11.21	2039	2118	0.00	199	0	0	0	nan	0.00	0.00	5.43	84.17	88.79	0.00	40	0	42	0.00	0.00	67.95	7.99	0.00	0.00	2000
230	11.10	2061	2114	0.00	197	0	0	0	nan	0.00	0.00	4.85	84.68	88.90	0.00	40	0	42	0.00	0.00	67.97	7.81	0.00	0.00	2000
230	11.03	2077	2108	0.00	196	0	0	0	nan	0.00	0.00	4.02	85.35	88.97	0.00	40	0	42	0.00	0.00	63.20	7.26	0.00	0.00	2000
228	11.40	2057	2043	0.00	195	0	0	0	nan	0.00	0.00	3.53	82.75	88.60	0.00	40	0	42	0.00	0.00	60.68	6.92	0.00	0.00	2000
230	10.50	2127	2160	0.00	194	0	0	0	nan	0.00	0.00	4.14	87.93	89.50	0.00	40	0	42	0.00	0.00	67.09	7.59	0.00	0.00	2000
229	11.17	2094	2052	0.00	195	0	0	0	nan	0.00	0.00	3.73	83.08	88.83	0.00	40	0	42	0.00	0.00	63.17	7.34	0.00	0.00	2000
228	11.10	2043	2109	0.00	195	0	0	1	83.68	0.00	0.00	3.99	85.37	88.90	0.00	40	0	42	0.00	0.00	64.50	7.25	0.00	0.00	2000
232	11.26	2043	2115	1.41	196	0	0	6	76.10	0.00	0.00	3.92	85.53	88.74	0.00	40	0	42	0.00	0.00	64.67	7.53	0.00	0.00	2000
228	10.98	2065	2114	0.01	195	0	0	0	nan	0.00	0.00	4.63	85.15	89.02	0.00	39	0	42	0.00	0.00	67.87	7.78	0.00	0.00	2000
230	11.36	2033	2087	0.00	195	0	0	0	nan	0.00	0.00	3.95	84.19	88.64	0.00	40	0	42	0.00	0.00	62.15	7.14	0.00	0.00	2000
228	11.05	2083	2078	0.00	197	0	0	0	nan	0.00	0.00	4.92	83.17	88.95	0.00	40	0	42	0.00	0.00	64.82	7.49	0.00	0.00	2000
231	11.02	2081	2117	0.00	195	0	0	0	nan	0.00	0.00	4.46	85.30	88.98	0.00	40	0	42	0.00	0.00	64.59	7.31	0.00	0.00	2000
230	11.17	2076	2086	0.00	196	0	0	0	nan	0.00	0.00	5.57	82.77	88.83	0.00	40	0	42	0.00	0.00	64.64	7.44	0.00	0.00	2000
229	10.99	2051	2137	0.00	195	0	0	0	nan	0.00	0.00	4.70	86.03	89.01	0.00	40	0	42	0.00	0.00	67.84	7.59	0.00	0.00	2000
228	11.08	2086	2075	0.00	195	0	0	0	nan	0.00	0.00	4.20	83.66	88.92	0.00	40	0	42	0.00	0.00	61.95	7.15	0.00	0.00	2000
230	11.01	2068	2125	0.00	195	0	0	0	nan	0.00	0.00	4.92	85.22	88.99	0.00	40	0	42	0.00	0.00	64.84	7.46	0.00	0.00	2000
228	11.03	2097	2069	0.00	196	0	0	0	nan	0.00	0.01	4.23	83.42	88.97	0.00	40	0	42	0.00	0.00	62.00	7.19	0.00	0.00	2000
236	11.17	2103	2108	0.00	196	0	0	0	nan	0.00	0.00	5.56	83.66	88.83	0.00	40	0	42	0.00	0.00	67.63	7.46	0.00	0.00	2000
230	10.89	2088	2122	0.00	195	0	0	0	nan	0.00	0.00	4.67	85.53	89.11	0.00	40	0	42	0.00	0.00	65.33	7.41	0.00	0.00	2000
229	10.95	2089	2101	0.00	195	0	0	0	nan	0.00	0.00	3.49	85.65	89.05	0.00	40	0	42	0.00	0.00	65.27	7.50	0.00	0.00	2000
228	11.06	2066	2095	0.00	195	0	0	0	nan	0.00	0.01	3.62	85.20	88.94	0.00	40	0	42	0.00	0.00	65.11	7.37	0.00	0.00	2000
231	11.35	2019	2113	0.00	198	0	0	0	nan	0.00	0.01	4.86	84.39	88.65	0.00	40	0	42	0.00	0.00	66.17	7.38	0.00	0.00	2000
228	11.32	2051	2058	0.00	198	0	0	0	nan	0.00	0.00	3.79	83.24	88.68	0.00	40	0	42	0.00	0.00	63.52	7.29	0.00	0.00	2000
233	11.45	2027	2110	0.00	196	0	0	0	nan	0.00	0.00	4.99	84.03	88.55	0.00	40	0	42	0.00	0.00	64.80	7.38	0.00	0.00	2000
228	11.00	2053	2122	1.10	194	0	0	6	71.62	0.01	0.00	4.28	85.82	89.00	0.00	40	0	42	0.00	0.00	64.21	7.37	0.00	0.00	2000
229	11.14	2061	2098	0.39	195	0	0	0	nan	0.00	0.00	3.20	85.66	88.86	0.00	40	0	42	0.00	0.00	64.97	7.19	0.00	0.00	2000
230	11.20	2052	2099	0.00	199	0	0	0	nan	0.00	0.02	4.06	84.79	88.80	0.00	40	0	42	0.00	0.00	64.69	7.37	0.00	0.00	2000
229	11.36	2011	2105	0.00	196	0	0	0	nan	0.00	0.00	3.65	85.27	88.64	0.00	40	0	42	0.00	0.00	65.00	7.43	0.00	0.00	2000
229	11.26	2040	2090	0.00	196	0	0	0	nan	0.00	0.00	4.16	84.21	88.74	0.00	40	0	42	0.00	0.00	65.45	7.45	0.00	0.00	2000
229	11.08	2068	2097	0.00	195	0	0	0	nan	0.00	0.00	3.83	85.04	88.92	0.00	40	0	42	0.00	0.00	64.66	7.36	0.00	0.00	2000
228	11.19	2058	2082	0.00	196	0	0	0	nan	0.00	0.01	4.02	84.12	88.81	0.00	40	0	42	0.00	0.00	65.05	7.32	0.00	0.00	2000
229	10.92	2092	2107	0.00	195	0	0	0	nan	0.00	0.00	3.89	85.54	89.08	0.00	40	0	42	0.00	0.00	64.34	7.46	0.00	0.00	2000
228	11.18	2030	2114	0.00	194	0	0	0	nan	0.00	0.00	5.03	84.48	88.82	0.00	40	0	42	0.00	0.00	64.60	7.37	0.00	0.00	2000
231	11.49	2003	2108	0.00	195	0	0	0	nan	0.00	0.00	4.43	84.50	88.51	0.00	40	0	42	0.00	0.00	64.45	7.34	0.00	0.00	2000
228	11.19	2044	2094	0.00	197	0	0	0	nan	0.00	0.00	4.13	84.46	88.81	0.00	40	0	42	0.00	0.00	65.00	7.38	0.00	0.00	2000
230	11.27	2057	2086	0.00	196	0	0	0	nan	0.00	0.00	4.93	83.24	88.73	0.00	40	0	42	0.00	0.00	64.51	7.37	0.00	0.00	2000
228	11.02	2078	2094	0.00	195	0	0	0	nan	0.00	0.00	4.49	84.32	88.98	0.00	39	0	42	0.00	0.00	64.59	7.63	0.00	0.00	2000
230	10.94	2068	2132	0.00	194	0	0	0	nan	0.00	0.00	4.84	85.70	89.06	0.00	40	0	42	0.00	0.00	64.85	7.34	0.00	0.00	2000
230	11.05	2118	2062	0.00	196	0	0	0	nan	0.00	0.00	3.86	83.49	88.95	0.00	40	0	42	0.00	0.00	64.79	7.59	0.00	0.00	2000
231	10.75	2107	2138	0.00	195	0	0	0	nan	0.00	0.00	3.77	87.07	89.25	0.00	40	0	42	0.00	0.00	64.80	7.34	0.00	0.00	2000
227	11.13	2054	2087	0.00	195	0	0	0	nan	0.00	0.00	3.46	84.94	88.87	0.00	40	0	42	0.00	0.00	64.80	7.27	0.00	0.00	2000
231	11.52	2013	2090	0.76	198	0	0	6	64.14	0.00	0.00	4.10	84.00	88.48	0.00	40	0	42	0.00	0.00	64.38	7.32	0.00	0.00	2000
228	10.96	2051	2130	0.72	198	0	0	0	nan	0.00	0.00	4.32	86.17	89.04	0.00	40	0	42	0.00	0.00	64.89	7.28	0.00	0.00	2000
230	11.64	1979	2100	0.00	196	0	0	0	nan	0.00	0.02	3.04	85.43	88.36	0.00	40	0	42	0.00	0.00	63.75	7.40	0.00	0.00	2000
229	11.43	2014	2092	0.00	194	0	0	0	nan	0.00	0.02	3.17	85.21	88.57	0.00	39	0	42	0.00	0.00	65.14	7.49	0.00	0.00	2000
230	11.37	2050	2071	0.00	196	0	0	0	nan	0.00	0.00	3.24	84.27	88.63	0.00	39	0	42	0.00	0.00	64.70	7.34	0.00	0.00	2000
228	10.94	2086	2097	0.00	195	0	0	0	nan	0.00	0.00	3.97	85.07	89.06	0.00	39	0	42	0.00	0.00	64.78	7.53	0.00	0.00	2000
229	11.11	2057	2103	0.00	196	0	0	0	nan	0.00	0.00	3.99	85.23	88.89	0.00	39	0	42	0.00	0.00	64.57	7.51	0.00	0.00	2000
228	10.93	2064	2126	0.00	194	0	0	0	nan	0.00	0.00	4.19	86.14	89.07	0.00	39	0	42	0.00	0.00	65.44	7.48	0.00	0.00	2000
231	11.08	2132	2050	0.00	196	0	0	0	nan	0.00	0.00	3.93	82.98	88.92	0.00	39	0	42	0.00	0.00	63.60	7.31	0.00	0.00	2000
230	10.86	2085	2134	0.00	194	0	0	0	nan	0.00	0.00	3.27	87.35	89.14	0.00	39	0	42	0.00	0.00	65.43	7.40	0.00	0.00	2000
229	11.18	2063	2090	0.00	196	0	0	0	nan	0.00	0.00	4.93	83.51	88.82	0.00	39	0	42	0.00	0.00	65.16	7.43	0.00	0.00	2000
228	10.99	2087	2086	0.00	196	0	0	0	nan	0.00	0.00	3.76	84.69	89.01	0.00	39	0	42	0.00	0.00	63.71	7.59	0.00	0.00	2000
230	10.82	2095	2129	0.00	195	0	0	0	nan	0.00	0.03	3.66	86.75	89.18	0.00	39	0	42	0.00	0.00	65.78	7.39	0.00	0.00	2000
230	11.36	2028	2092	0.00	196	0	0	0	nan	0.00	0.00	4.10	84.40	88.64	0.00	39	0	42	0.00	0.00	64.79	7.41	0.00	0.00	2000
229	11.06	2080	2094	0.00	195	0	0	0	nan	0.00	0.00	4.31	84.47	88.94	0.00	39	0	42	0.00	0.00	64.88	7.35	0.00	0.00	2000
230	11.02	2077	2109	0.00	194	0	0	0	nan	0.00	0.00	3.93	85.50	88.98	0.00	39	0	42	0.00	0.00	65.39	7.35	0.00	0.00	2000
229	11.21	2044	2099	0.00	195	0	0	0	nan	0.00	0.00	3.75	85.06	88.79	0.00	39	0	42	0.00	0.00	64.89	7.45	0.00	0.00	2000
228	11.12	2038	2117	0.42	195	0	0	5	71.62	0.00	0.00	4.54	85.18	88.88	0.00	39	0	42	0.00	0.00	64.90	7.48	0.00	0.00	2000
232	11.38	2030	2106	1.06	197	0	0	3	81.76	0.00	0.00	4.86	84.01	88.62	0.00	39	0	42	0.00	0.00	65.15	7.56	0.00	0.00	2000
228	11.55	2000	2072	0.00	194	0	0	0	nan	0.00	0.00	3.76	83.55	88.45	0.00	39	0	42	0.00	0.00	64.34	7.41	0.00	0.00	2000
229	11.12	2045	2115	0.00	194	0	0	0	nan	0.00	0.00	3.91	85.70	88.88	0.00	39	0	42	0.00	0.00	65.00	7.43	0.00	0.00	2000
229	11.35	2032	2084	0.00	197	0	0	0	nan	0.00	0.00	5.72	82.37	88.65	0.00	39	0	42	0.00	0.00	64.66	7.39	0.00	0.00	2000
229	11.14	2030	2127	0.00	196	0	0	0	nan	0.00	0.00	4.78	85.30	88.86	0.00	39	0	42	0.00	0.00	64.48	7.46	0.00	0.00	2000
229	11.09	2081	2088	0.00	195	0	0	0	nan	0.00	0.00	4.45	84.04	88.91	0.00	39	0	42	0.00	0.00	64.63	7.47	0.00	0.00	2000
231	11.00	2101	2098	0.00	196	0	0	0	nan	0.00	0.00	3.66	85.36	89.00	0.00	39	0	42	0.00	0.00	65.17	7.53	0.00	0.00	2000
229	11.20	2050	2096	0.00	195	0	0	0	nan	0.00	0.00	3.70	84.95	88.80	0.00	39	0	42	0.00	0.00	65.16	7.38	0.00	0.00	2000
229	11.25	2035	2105	0.00	195	0	0	0	nan	0.00	0.00	4.14	84.86	88.75	0.00	39	0	42	0.00	0.00	65.15	7.54	0.00	0.00	2000
228	11.09	2045	2107	0.00	194	0	0	0	nan	0.00	0.01	4.54	84.73	88.91	0.00	39	0	42	0.00	0.00	65.02	7.30	0.00	0.00	2000
229	11.40	2025	2088	0.00	195	0	0	0	nan	0.00	0.00	3.50	84.68	88.60	0.00	39	0	42	0.00	0.00	65.87	7.51	0.00	0.00	2000
229	11.10	2087	2081	0.00	196	0	0	0	nan	0.00	0.00	3.89	84.28	88.90	0.00	39	0	42	0.00	0.00	61.09	7.14	0.00	0.00	2000
230	10.95	2070	2127	0.00	195	0	0	0	nan	0.00	0.01	3.74	86.46	89.05	0.00	39	0	42	0.00	0.00	66.25	7.47	0.00	0.00	2000
229	11.04	2086	2086	0.00	195	0	0	0	nan	0.00	0.02	4.38	84.02	88.96	0.00	39	0	42	0.00	0.00	64.44	7.35	0.00	0.00	2000
231	11.00	2056	2142	0.00	194	0	0	0	nan	0.00	0.00	4.09	86.74	89.00	0.00	39	0	42	0.00	0.00	68.86	7.88	0.00	0.00	2000
226	11.20	2092	2030	0.00	193	0	0	0	nan	0.00	0.00	3.70	82.20	88.80	0.00	40	0	42	0.00	0.00	57.74	6.47	0.00	0.00	2000
233	11.10	2072	2130	0.02	195	0	0	4	75.76	0.00	0.02	4.65	85.62	88.90	0.00	39	0	42	0.00	0.00	68.39	7.77	0.00	0.00	2000
234	11.54	2018	2114	1.34	198	0	0	4	77.84	0.00	0.00	4.52	84.65	88.46	0.00	39	0	42	0.00	0.00	64.89	7.36	0.00	0.00	2000
229	11.23	2059	2082	0.00	195	0	0	0	nan	0.00	0.00	3.82	84.33	88.77	0.00	39	0	42	0.00	0.00	61.66	7.63	0.00	0.00	2000
228	11.02	2044	2122	0.00	195	0	0	0	nan	0.00	0.00	3.28	86.70	88.98	0.00	38	0	42	0.00	0.00	67.90	7.66	0.00	0.00	2000
230	11.43	2015	2094	0.00	195	0	0	0	nan	0.00	0.00	3.80	84.57	88.57	0.00	39	0	42	0.00	0.00	67.14	7.99	0.00	0.00	2000
228	11.27	2058	2069	0.00	195	0	0	0	nan	0.00	0.02	4.99	82.54	88.73	0.00	39	0	42	0.00	0.00	59.17	6.87	0.00	0.00	2000
231	11.08	2064	2122	0.00	195	0	0	0	nan	0.00	0.00	3.94	85.99	88.92	0.00	39	0	42	0.00	0.00	68.27	7.67	0.00	0.00	2000
231	11.11	2089	2091	0.00	199	0	0	0	nan	0.00	0.00	4.73	83.88	88.89	0.00	39	0	42	0.00	0.00	62.25	7.23	0.00	0.00	2000
230	11.00	2090	2103	0.00	196	0	0	0	nan	0.01	0.00	4.30	84.89	89.00	0.00	39	0	42	0.00	0.00	64.98	7.52	0.00	0.00	2000
228	11.01	2071	2103	0.00	195	0	0	0	nan	0.00	0.00	4.74	84.45	88.99	0.00	39	0	42	0.00	0.00	65.17	7.40	0.00	0.00	2000
231	11.14	2077	2092	0.00	196	0	0	0	nan	0.00	0.00	5.12	83.50	88.86	0.00	39	0	42	0.00	0.00	64.37	7.48	0.00	0.00	2000
228	10.85	2112	2087	0.00	195	0	0	0	nan	0.00	0.02	3.91	84.72	89.15	0.00	39	0	42	0.00	0.00	65.03	7.46	0.00	0.00	2000
232	11.07	2065	2130	0.00	194	0	0	0	nan	0.00	0.02	3.84	86.43	88.93	0.00	39	0	42	0.00	0.00	65.24	7.50	0.00	0.00	2000
228	11.15	2057	2086	0.00	194	0	0	0	nan	0.00	0.02	3.36	84.93	88.85	0.00	39	0	42	0.00	0.00	65.15	7.41	0.00	0.00	2000
230	11.08	2041	2133	0.00	196	0	0	0	nan	0.00	0.00	3.85	86.58	88.92	0.00	39	0	42	0.00	0.00	67.75	8.13	0.00	0.00	2000
229	11.27	2070	2058	0.00	194	0	0	0	nan	0.00	0.00	2.96	84.12	88.73	0.00	39	0	42	0.00	0.00	62.11	6.73	0.00	0.00	2000
231	11.13	2061	2117	0.00	195	0	0	0	nan	0.00	0.00	3.72	85.91	88.87	0.00	39	0	42	0.00	0.00	64.89	7.38	0.00	0.00	2000
228	11.06	2039	2119	0.00	194	0	0	2	80.27	0.00	0.00	3.75	86.12	88.94	0.00	39	0	42	0.00	0.00	67.98	7.86	0.00	0.00	2000
229	11.19	2045	2103	1.36	196	0	0	5	78.00	0.00	0.00	3.61	85.39	88.81	0.00	39	0	42	0.00	0.00	65.04	7.57	0.00	0.00	2000
228	11.46	2031	2055	0.00	195	0	0	0	nan	0.00	0.00	3.45	83.29	88.54	0.00	39	0	42	0.00	0.00	61.41	6.92	0.00	0.00	2000
232	11.14	2057	2124	0.00	194	0	0	0	nan	0.00	0.02	3.95	86.00	88.86	0.00	39	0	42	0.00	0.00	64.83	7.51	0.00	0.00	2000
230	11.29	2046	2090	0.00	197	0	0	0	nan	0.00	0.00	4.49	83.95	88.71	0.00	39	0	42	0.00	0.00	64.58	7.36	0.00	0.00	2000
230	11.14	2033	2130	0.00	196	0	0	0	nan	0.00	0.00	4.38	85.81	88.86	0.00	39	0	42	0.00	0.00	65.16	7.41	0.00	0.00	2000
228	11.28	2052	2068	0.00	194	0	0	0	nan	0.00	0.00	3.65	83.86	88.72	0.00	39	0	42	0.00	0.00	64.62	7.37	0.00	0.00	2000
230	10.86	2078	2139	0.00	194	0	0	0	nan	0.00	0.00	3.62	87.28	89.14	0.00	39	0	42	0.00	0.00	67.58	7.71	0.00	0.00	2000
227	11.34	2036	2063	0.00	194	0	0	0	nan	0.00	0.02	3.46	83.66	88.66	0.00	39	0	42	0.00	0.00	61.86	7.12	0.00	0.00	2000
231	11.16	2063	2110	0.00	197	0	0	0	nan	0.00	0.00	4.52	84.86	88.84	0.00	39	0	42	0.00	0.00	65.25	7.30	0.00	0.00	2000
228	11.28	2043	2075	0.00	195	0	0	0	nan	0.00	0.00	4.40	83.40	88.72	0.00	39	0	42	0.00	0.00	64.40	7.29	0.00	0.00	2000
246	11.05	2192	2134	0.00	256	0	0	0	nan	0.00	2.45	10.16	77.96	88.95	0.00	39	0	42	0.00	0.00	63.62	7.50	0.00	0.00	2000
229	11.09	2084	2079	0.00	196	0	0	0	nan	0.00	0.00	5.32	82.81	88.91	0.00	39	0	42	0.00	0.00	67.82	7.24	0.00	0.00	2000
230	11.01	2083	2109	0.00	195	0	0	0	nan	0.00	0.01	4.64	84.73	88.99	0.00	39	0	42	0.00	0.00	64.74	7.22	0.00	0.00	2000
230	11.16	2081	2076	0.00	196	0	0	0	nan	0.00	0.00	4.52	83.41	88.84	0.00	39	0	42	0.00	0.00	65.04	7.45	0.00	0.00	2000
230	10.76	2085	2156	0.00	194	0	0	0	nan	0.00	0.00	4.33	87.34	89.24	0.00	39	0	42	0.00	0.00	64.97	7.38	0.00	0.00	2000
229	11.61	2018	2053	0.00	196	0	0	0	nan	0.00	0.00	3.51	83.00	88.39	0.00	39	0	42	0.00	0.00	64.92	7.40	0.00	0.00	2000
231	11.12	2060	2117	0.00	200	0	0	1	92.10	0.00	0.00	6.02	83.67	88.88	0.00	39	0	42	0.00	0.00	64.52	7.41	0.00	0.00	2000
229	11.03	2090	2084	1.43	195	0	0	7	77.67	0.00	0.00	4.33	84.06	88.97	0.00	39	0	42	0.00	0.00	65.16	7.49	0.00	0.00	2000
232	11.26	2045	2121	0.02	195	0	0	0	nan	0.00	0.00	4.81	84.90	88.74	0.00	39	0	42	0.00	0.00	65.14	7.27	0.00	0.00	2000
227	11.14	2037	2099	0.00	194	0	0	0	nan	0.00	0.00	3.92	84.96	88.86	0.00	39	0	42	0.00	0.00	65.15	7.40	0.00	0.00	2000
234	11.28	2088	2088	0.00	211	0	0	0	nan	0.00	0.00	8.05	80.26	88.72	0.00	39	0	42	0.00	0.00	65.38	7.28	0.00	0.00	2000
229	11.00	2090	2089	0.00	196	0	0	0	nan	0.00	0.00	5.14	83.41	89.00	0.00	39	0	42	0.00	0.00	65.02	7.40	0.00	0.00	2000
230	11.02	2066	2117	0.00	193	0	0	0	nan	0.00	0.02	4.20	85.60	88.98	0.00	40	0	42	0.00	0.00	64.73	7.51	0.00	0.00	2000
229	11.17	2053	2098	0.00	195	0	0	0	nan	0.00	0.00	4.03	84.78	88.83	0.00	39	0	42	0.00	0.00	65.04	7.57	0.00	0.00	2000
231	11.11	2072	2102	0.00	196	0	0	0	nan	0.00	0.01	4.56	84.46	88.89	0.00	39	0	42	0.00	0.00	64.81	7.35	0.00	0.00	2000
229	10.94	2100	2091	0.00	197	0	0	0	nan	0.00	0.02	5.18	83.57	89.06	0.00	39	0	42	0.00	0.00	65.23	7.43	0.00	0.00	2000
230	10.66	2152	2104	0.00	195	0	0	0	nan	0.00	0.01	3.57	85.87	89.34	0.00	39	0	42	0.00	0.00	65.42	7.21	0.00	0.00	2000
229	10.97	2081	2105	0.00	194	0	0	0	nan	0.00	0.00	3.82	85.41	89.03	0.00	40	0	42	0.00	0.00	65.15	7.29	0.00	0.00	2000
230	11.00	2088	2098	0.00	195	0	0	0	nan	0.00	0.00	4.05	84.95	89.00	0.00	39	0	42	0.00	0.00	65.09	7.65	0.00	0.00	2000
230	11.30	2025	2110	0.00	196	0	0	0	nan	0.00	0.00	4.27	84.92	88.70	0.00	39	0	42	0.00	0.00	65.25	7.55	0.00	0.00	2000
230	11.25	2024	2121	0.00	198	0	0	0	nan	0.00	0.00	5.95	83.81	88.75	0.00	39	0	42	0.00	0.00	64.90	7.32	0.00	0.00	2000
228	11.15	2072	2075	0.00	195	0	0	0	nan	0.00	0.03	2.68	85.09	88.85	0.00	39	0	42	0.00	0.00	65.26	7.53	0.00	0.00	2000
230	11.18	2067	2087	0.00	194	0	0	0	nan	0.00	0.00	4.08	84.33	88.82	0.00	39	0	42	0.00	0.00	64.71	7.47	0.00	0.00	2000
228	11.26	2018	2109	0.00	197	0	0	0	nan	0.00	0.00	3.79	85.44	88.74	0.00	39	0	42	0.00	0.00	65.01	7.48	0.00	0.00	2000
230	11.36	2039	2086	1.09	195	0	0	5	66.55	0.00	0.00	4.48	83.65	88.64	0.00	39	0	42	0.00	0.00	64.45	7.45	0.00	0.00	2000
228	11.15	2015	2134	0.38	194	0	0	0	nan	0.00	0.02	3.81	86.56	88.85	0.00	40	0	42	0.00	0.00	64.96	7.51	0.00	0.00	2000
228	11.39	2032	2073	0.00	195	0	0	0	nan	0.00	0.00	4.09	83.51	88.61	0.00	39	0	42	0.00	0.00	64.71	7.57	0.00	0.00	2000
228	10.93	2084	2101	0.00	196	0	0	0	nan	0.00	0.03	3.84	85.37	89.07	0.00	40	0	42	0.00	0.00	64.54	7.46	0.00	0.00	2000
230	11.05	2040	2144	0.00	195	0	0	0	nan	0.00	0.00	4.53	86.40	88.95	0.00	39	0	42	0.00	0.00	66.09	7.52	0.00	0.00	2000
229	11.08	2135	2036	0.00	195	0	0	0	nan	0.00	0.00	3.98	82.24	88.92	0.00	39	0	42	0.00	0.00	60.42	7.04	0.00	0.00	2000
230	10.90	2060	2154	0.00	195	0	0	0	nan	0.00	0.02	4.50	87.03	89.10	0.00	39	0	42	0.00	0.00	68.04	7.92	0.00	0.00	2000
228	11.05	2097	2069	0.00	194	0	0	0	nan	0.00	0.00	3.77	83.92	88.95	0.00	39	0	42	0.00	0.00	65.26	7.24	0.00	0.00	2000
229	11.22	2007	2137	0.00	194	0	0	0	nan	0.00	0.00	3.86	86.66	88.78	0.00	39	0	42	0.00	0.00	64.74	7.45	0.00	0.00	2000
228	11.15	2078	2063	0.00	195	0	0	0	nan	0.00	0.02	2.58	84.68	88.85	0.00	40	0	42	0.00	0.00	64.59	7.55	0.00	0.00	2000
231	11.33	2024	2116	0.00	195	0	0	0	nan	0.00	0.00	4.19	85.28	88.67	0.00	39	0	42	0.00	0.00	65.18	7.53	0.00	0.00	2000
229	10.96	2114	2076	0.00	195	0	0	0	nan	0.00	0.00	3.65	84.48	89.04	0.00	39	0	42	0.00	0.00	65.30	7.41	0.00	0.00	2000
231	11.22	2038	2120	0.00	196	0	0	0	nan	0.00	0.02	3.70	85.96	88.78	0.00	39	0	42	0.00	0.00	64.84	7.58	0.00	0.00	2000
228	11.22	2029	2100	0.00	194	0	0	0	nan	0.00	0.00	3.99	84.89	88.78	0.00	39	0	42	0.00	0.00	64.43	7.41	0.00	0.00	2000
229	11.22	2052	2088	0.00	195	0	0	0	nan	0.00	0.00	4.36	84.06	88.78	0.00	39	0	42	0.00	0.00	64.91	7.38	0.00	0.00	2000
228	11.07	2077	2085	0.00	195	0	0	0	nan	0.00	0.00	3.99	84.35	88.93	0.00	39	0	42	0.00	0.00	64.49	7.57	0.00	0.00	2000
234	10.86	2102	2153	0.00	197	0	0	0	nan	0.00	0.02	5.10	86.30	89.14	0.00	39	0	42	0.00	0.00	64.96	7.57	0.00	0.00	2000
228	11.38	2015	2090	0.77	198	0	0	6	72.25	0.00	0.02	3.54	84.77	88.62	0.00	39	0	42	0.00	0.00	65.06	7.53	0.00	0.00	2000
229	11.40	2004	2108	0.72	194	0	0	0	89.07	0.00	0.03	3.56	85.41	88.60	0.00	39	0	42	0.00	0.00	64.68	7.60	0.00	0.00	2000
228	11.15	2089	2053	0.00	195	0	0	0	nan	0.00	0.00	3.22	83.70	88.85	0.00	39	0	42	0.00	0.00	65.00	7.31	0.00	0.00	2000
229	11.16	2032	2125	0.00	195	0	0	0	nan	0.00	0.02	4.25	85.76	88.84	0.00	39	0	42	0.00	0.00	64.81	7.50	0.00	0.00	2000
229	11.65	1973	2095	0.00	195	0	0	0	nan	0.00	0.00	3.87	84.36	88.35	0.00	39	0	42	0.00	0.00	64.65	7.40	0.00	0.00	2000
231	11.09	2063	2120	0.00	195	0	0	0	nan	0.00	0.00	3.97	85.94	88.91	0.00	39	0	42	0.00	0.00	65.08	7.62	0.00	0.00	2000
227	11.22	2035	2089	0.00	194	0	0	0	nan	0.00	0.00	3.73	84.69	88.78	0.00	39	0	42	0.00	0.00	65.25	7.42	0.00	0.00	2000
230	11.26	2023	2118	0.00	196	0	0	0	nan	0.00	0.00	4.74	84.80	88.74	0.00	39	0	42	0.00	0.00	65.19	7.49	0.00	0.00	2000
227	11.26	2062	2050	0.00	194	0	0	0	nan	0.00	0.02	3.23	83.42	88.74	0.00	39	0	42	0.00	0.00	64.84	7.14	0.00	0.00	2000
229	11.31	2066	2057	0.00	196	0	0	0	nan	0.00	0.02	3.97	82.99	88.69	0.00	39	0	42	0.00	0.00	61.42	7.43	0.00	0.00	2000
229	11.29	1990	2145	0.00	211	0	0	0	nan	0.00	0.00	3.09	87.60	88.71	0.00	39	0	42	0.00	0.00	65.93	7.55	0.00	0.00	2000
230	11.17	2043	2116	0.00	196	0	0	0	nan	0.00	0.00	4.99	84.65	88.83	0.00	39	0	42	0.00	0.00	67.16	7.75	0.00	0.00	2000
230	10.93	2092	2111	0.00	196	0	0	0	nan	0.00	0.00	4.48	85.07	89.07	0.00	39	0	42	0.00	0.00	65.35	7.44	0.00	0.00	2000
229	11.08	2078	2088	0.00	194	0	0	0	nan	0.00	0.00	4.95	83.56	88.92	0.00	39	0	42	0.00	0.00	64.66	7.36	0.00	0.00	2000
229	11.19	2058	2092	0.00	195	0	0	0	nan	0.00	0.00	4.77	83.83	88.81	0.00	39	0	42	0.00	0.00	65.31	7.38	0.00	0.00	2000
232	10.86	2119	2117	0.00	195	0	0	0	nan	0.00	0.01	4.07	85.87	89.14	0.00	39	0	42	0.00	0.00	65.43	7.42	0.00	0.00	2000
233	11.11	2077	2119	0.00	196	0	0	0	nan	0.00	0.00	4.63	85.14	88.89	0.00	39	0	42	0.00	0.00	65.28	7.36	0.00	0.00	2000
229	11.37	2032	2077	0.59	195	0	0	6	74.54	0.00	0.00	3.77	83.94	88.63	0.00	39	0	42	0.00	0.00	65.46	7.38	0.00	0.00	2000
228	11.07	2077	2080	0.89	194	0	0	2	86.04	0.00	0.00	3.65	84.52	88.93	0.00	39	0	42	0.00	0.00	62.41	7.21	0.00	0.00	2000
232	11.00	2054	2153	0.00	195	0	0	0	nan	0.00	0.02	4.11	87.27	89.00	0.00	39	0	42	0.00	0.00	67.78	7.79	0.00	0.00	2000
229	11.52	2034	2050	0.00	197	0	0	0	nan	0.00	0.05	3.89	82.55	88.48	0.00	39	0	42	0.00	0.00	62.11	6.98	0.00	0.00	2000
230	11.04	2065	2121	0.00	194	0	0	0	nan	0.00	0.00	4.37	85.48	88.96	0.00	39	0	42	0.00	0.00	68.21	7.91	0.00	0.00	2000
229	10.95	2109	2080	0.00	195	0	0	0	nan	0.00	0.00	4.17	84.21	89.05	0.00	39	0	42	0.00	0.00	60.16	6.68	0.00	0.00	2000
230	10.80	2113	2116	0.00	194	0	0	0	nan	0.00	0.01	4.20	85.78	89.20	0.00	39	0	42	0.00	0.00	70.43	7.68	0.00	0.00	2000
231	10.95	2115	2099	0.00	196	0	0	0	nan	0.00	0.00	4.56	84.48	89.05	0.00	39	0	42	0.00	0.00	62.01	7.53	0.00	0.00	2000
230	10.87	2103	2113	0.00	194	0	0	0	nan	0.00	0.00	4.13	85.59	89.13	0.00	39	0	42	0.00	0.00	68.46	7.73	0.00	0.00	2000
228	11.00	2092	2082	0.00	194	0	0	0	nan	0.00	0.00	4.18	84.12	89.00	0.00	39	0	42	0.00	0.00	59.07	6.82	0.00	0.00	2000
229	10.72	2137	2103	0.00	194	0	0	0	nan	0.01	0.00	3.98	85.43	89.28	0.00	39	0	42	0.00	0.00	64.79	7.58	0.00	0.00	2000
228	10.76	2129	2089	0.00	195	0	0	0	nan	0.00	0.00	4.21	84.64	89.24	0.00	39	0	42	0.00	0.00	61.63	7.47	0.00	0.00	2000
233	11.04	2084	2129	0.00	195	0	0	0	nan	0.00	0.02	3.76	86.51	88.96	0.00	39	0	42	0.00	0.00	70.26	7.97	0.00	0.00	2000
229	11.03	2095	2085	0.00	195	0	0	0	nan	0.00	0.00	4.64	83.74	88.97	0.00	39	0	42	0.00	0.00	62.85	6.82	0.00	0.00	2000
230	11.15	2080	2080	0.00	194	0	0	0	nan	0.01	0.02	4.09	84.00	88.85	0.00	39	0	42	0.00	0.00	64.54	7.41	0.00	0.00	2000
229	10.90	2082	2119	0.00	196	0	0	0	nan	0.00	0.00	3.59	86.34	89.10	0.00	39	0	42	0.00	0.00	65.10	7.65	0.00	0.00	2000
229	11.00	2054	2132	0.00	195	0	0	0	nan	0.00	0.00	4.40	86.07	89.00	0.00	39	0	42	0.00	0.00	67.67	7.85	0.00	0.00	2000
227	11.26	2065	2052	0.18	195	0	0	4	74.09	0.00	0.02	3.36	83.51	88.74	0.00	39	0	42	0.00	0.00	61.58	7.29	0.00	0.00	2000
233	10.88	2101	2143	1.22	195	0	0	4	81.24	0.00	0.02	4.58	86.36	89.12	0.00	39	0	42	0.00	0.00	68.11	7.66	0.00	0.00	2000
229	11.41	2045	2057	0.00	197	0	0	0	nan	0.00	0.00	3.65	83.26	88.59	0.00	39	0	42	0.00	0.00	61.72	7.26	0.00	0.00	2000
231	10.94	2096	2112	0.00	195	0	0	0	nan	0.00	0.00	3.74	85.93	89.06	0.00	39	0	42	0.00	0.00	64.91	7.44	0.00	0.00	2000
228	10.92	2098	2092	0.00	194	0	0	0	nan	0.00	0.00	3.75	85.09	89.08	0.00	39	0	42	0.00	0.00	65.07	7.41	0.00	0.00	2000
232	10.87	2123	2108	0.00	195	0	0	0	nan	0.00	0.00	4.52	85.02	89.13	0.00	39	0	42	0.00	0.00	64.97	7.38	0.00	0.00	2000
231	11.02	2090	2105	0.00	198	0	0	0	nan	0.00	0.01	4.82	84.43	88.98	0.00	39	0	42	0.00	0.00	64.81	7.42	0.00	0.00	2000
230	11.01	2063	2125	0.00	196	0	0	0	nan	0.00	0.00	3.73	86.48	88.99	0.00	39	0	42	0.00	0.00	67.89	7.68	0.00	0.00	2000
227	11.30	2050	2060	0.00	194	0	0	0	nan	0.00	0.00	3.27	83.84	88.70	0.00	39	0	42	0.00	0.00	62.13	7.03	0.00	0.00	2000
231	11.07	2073	2109	0.00	195	0	0	0	nan	0.00	0.02	3.66	85.76	88.93	0.00	39	0	42	0.00	0.00	64.91	7.39	0.00	0.00	2000
231	11.05	2104	2087	0.00	196	0	0	0	nan	0.00	0.00	3.91	84.53	88.95	0.00	39	0	42	0.00	0.00	65.35	7.35	0.00	0.00	2000
233	11.11	2073	2121	0.00	197	0	0	0	nan	0.00	0.02	3.89	86.01	88.89	0.00	39	0	42	0.00	0.00	65.21	7.56	0.00	0.00	2000
228	10.92	2083	2107	0.00	195	0	0	0	nan	0.00	0.00	3.35	86.05	89.08	0.00	39	0	42	0.00	0.00	64.84	7.30	0.00	0.00	2000
230	11.32	2044	2083	0.00	195	0	0	0	nan	0.00	0.03	3.71	84.28	88.68	0.00	39	0	42	0.00	0.00	65.06	7.36	0.00	0.00	2000
230	11.00	2099	2092	0.00	198	0	0	0	nan	0.00	0.01	4.78	83.97	89.00	0.00	39	0	42	0.00	0.00	65.34	7.42	0.00	0.00	2000
231	10.87	2100	2126	0.00	197	0	0	0	nan	0.00	0.01	4.71	85.54	89.13	0.00	39	0	42	0.00	0.00	65.30	7.47	0.00	0.00	2000
230	10.96	2113	2084	0.00	194	0	0	0	nan	0.00	0.00	3.48	84.96	89.04	0.00	39	0	42	0.00	0.00	65.13	7.37	0.00	0.00	2000
229	10.82	2107	2110	0.00	195	0	0	3	79.45	0.00	0.00	3.47	86.20	89.18	0.00	39	0	42	0.00	0.00	65.38	7.36	0.00	0.00	2000
228	11.01	2093	2078	1.36	195	0	0	5	76.29	0.00	0.00	3.79	84.38	88.99	0.00	39	0	42	0.00	0.00	65.28	7.52	0.00	0.00	2000
230	10.84	2100	2125	0.00	196	0	0	0	nan	0.00	0.02	4.02	86.24	89.16	0.00	39	0	42	0.00	0.00	62.24	7.30	0.00	0.00	2000
226	11.25	2032	2078	0.00	195	0	0	0	nan	0.00	0.00	3.98	84.00	88.75	0.00	39	0	42	0.00	0.00	67.61	7.41	0.00	0.00	2000
231	11.13	2029	2143	0.00	195	0	0	0	nan	0.00	0.02	4.13	86.67	88.87	0.00	39	0	42	0.00	0.00	64.97	7.51	0.00	0.00	2000
230	11.21	2063	2092	0.00	195	0	0	0	nan	0.00	0.01	3.74	84.74	88.79	0.00	39	0	42	0.00	0.00	64.94	7.30	0.00	0.00	2000
230	11.39	2037	2078	0.00	197	0	0	0	nan	0.00	0.00	5.21	82.53	88.61	0.00	39	0	42	0.00	0.00	64.60	7.49	0.00	0.00	2000
228	10.85	2094	2105	0.00	195	0	0	0	nan	0.00	0.00	4.03	85.43	89.15	0.00	39	0	42	0.00	0.00	65.35	7.46	0.00	0.00	2000
229	10.90	2108	2096	0.00	195	0	0	0	nan	0.00	0.00	4.66	84.34	89.10	0.00	39	0	42	0.00	0.00	64.96	7.29	0.00	0.00	2000
228	10.96	2097	2085	0.00	195	0	0	0	nan	0.00	0.00	4.05	84.43	89.04	0.00	39	0	42	0.00	0.00	65.41	7.33	0.00	0.00	2000
234	11.12	2097	2109	0.00	200	0	0	0	nan	0.00	0.00	5.98	83.31	88.88	0.00	39	0	42	0.00	0.00	65.19	7.49	0.00	0.00	2000
229	10.67	2120	2125	0.00	195	0	0	0	nan	0.00	0.00	3.67	86.78	89.33	0.00	39	0	42	0.00	0.00	65.01	7.43	0.00	0.00	2000
229	11.32	2041	2081	0.00	194	0	0	0	nan	0.00	0.00	3.60	84.40	88.68	0.00	39	0	42	0.00	0.00	64.74	7.24	0.00	0.00	2000
228	11.06	2057	2103	0.00	194	0	0	0	nan	0.00	0.00	3.33	85.85	88.94	0.00	39	0	42	0.00	0.00	64.97	7.35	0.00	0.00	2000
230	11.16	2053	2106	0.00	195	0	0	0	nan	0.00	0.00	4.59	84.54	88.84	0.00	39	0	42	0.00	0.00	64.99	7.64	0.00	0.00	2000
229	11.31	2058	2069	0.00	196	0	0	0	nan	0.00	0.00	4.67	82.81	88.69	0.00	39	0	42	0.00	0.00	64.67	7.37	0.00	0.00	2000
230	10.88	2061	2154	0.00	202	0	0	0	nan	0.00	0.00	4.51	86.95	89.12	0.00	39	0	42	0.00	0.00	65.58	7.50	0.00	0.00	2000
229	11.10	2058	2108	0.00	194	0	0	1	79.88	0.00	0.00	3.08	86.22	88.90	0.00	39	0	42	0.00	0.00	66.39	7.72	0.00	0.00	2000
230	11.01	2090	2097	1.34	196	0	0	6	68.79	0.00	0.00	3.49	85.50	88.99	0.00	39	0	42	0.00	0.00	65.43	7.59	0.00	0.00	2000
225	11.43	2074	1990	0.00	196	0	0	0	nan	0.00	0.00	3.49	80.57	88.57	0.00	40	0	42	0.00	0.00	56.78	6.62	0.00	0.00	2000
233	10.85	2081	2170	0.00	195	0	0	0	nan	0.00	0.00	3.33	88.80	89.15	0.00	39	0	42	0.00	0.00	71.06	8.11	0.00	0.00	2000
229	11.25	2022	2116	0.00	195	0	0	0	nan	0.00	0.01	3.68	85.85	88.75	0.00	39	0	42	0.00	0.00	64.40	7.41	0.00	0.00	2000
229	11.17	2066	2087	0.00	195	0	0	0	nan	0.00	0.00	4.07	84.37	88.83	0.00	40	0	42	0.00	0.00	64.44	7.42	0.00	0.00	2000
228	11.03	2067	2105	0.00	195	0	0	0	nan	0.00	0.00	4.43	84.80	88.97	0.00	40	0	42	0.00	0.00	64.80	7.37	0.00	0.00	2000
229	11.01	2053	2128	0.00	194	0	0	0	nan	0.00	0.00	3.77	86.58	88.99	0.00	39	0	42	0.00	0.00	64.91	7.41	0.00	0.00	2000
230	11.17	2066	2093	0.00	194	0	0	0	nan	0.00	0.00	2.60	86.06	88.83	0.00	39	0	42	0.00	0.00	65.68	7.51	0.00	0.00	2000
230	11.20	2046	2106	0.00	195	0	0	0	nan	0.00	0.00	3.97	85.17	88.80	0.00	39	0	42	0.00	0.00	64.19	7.46	0.00	0.00	2000
231	11.41	2057	2071	0.00	197	0	0	0	nan	0.00	0.00	4.71	82.68	88.59	0.00	39	0	42	0.00	0.00	64.91	7.40	0.00	0.00	2000
230	11.21	2052	2098	0.00	195	0	0	0	nan	0.00	0.00	4.17	84.64	88.79	0.00	39	0	42	0.00	0.00	64.97	7.53	0.00	0.00	2000
228	10.87	2103	2098	0.00	194	0	0	0	nan	0.00	0.00	4.64	84.36	89.13	0.00	39	0	42	0.00	0.00	64.75	7.50	0.00	0.00	2000
232	11.32	2042	2110	0.00	197	0	0	0	nan	0.00	0.00	4.45	84.72	88.68	0.00	39	0	42	0.00	0.00	65.04	7.59	0.00	0.00	2000
230	11.22	2062	2089	0.00	197	0	0	0	nan	0.00	0.00	5.08	83.36	88.78	0.00	39	0	42	0.00	0.00	64.66	7.50	0.00	0.00	2000
229	10.99	2048	2137	0.00	195	0	0	0	nan	0.00	0.00	4.45	86.28	89.01	0.00	39	0	42	0.00	0.00	64.67	7.46	0.00	0.00	2000
228	11.32	2025	2086	0.00	195	0	0	0	nan	0.00	0.02	3.81	84.37	88.68	0.00	39	0	42	0.00	0.00	64.65	7.44	0.00	0.00	2000
229	11.22	2045	2095	0.00	195	0	0	0	nan	0.00	0.00	3.98	84.68	88.78	0.00	40	0	42	0.00	0.00	65.23	7.37	0.00	0.00	2000
227	11.14	2072	2068	1.27	195	0	0	6	71.77	0.00	0.02	4.86	82.74	88.86	0.00	40	0	42	0.00	0.00	64.98	7.57	0.00	0.00	2000
233	11.05	2075	2133	0.21	195	0	0	0	nan	0.00	0.02	4.40	86.06	88.95	0.00	39	0	42	0.00	0.00	65.35	7.55	0.00	0.00	2000
228	11.22	2050	2079	0.00	194	0	0	0	nan	0.00	0.00	4.42	83.55	88.78	0.00	39	0	42	0.00	0.00	65.29	7.49	0.00	0.00	2000
231	11.20	2052	2111	0.00	195	0	0	0	nan	0.01	0.01	3.89	85.44	88.80	0.00	40	0	42	0.00	0.00	64.93	7.46	0.00	0.00	2000
228	11.21	2044	2091	0.00	194	0	0	0	nan	0.00	0.00	3.89	84.59	88.79	0.00	39	0	42	0.00	0.00	65.20	7.30	0.00	0.00	2000
224	11.57	2028	2007	0.00	195	0	0	0	nan	0.00	0.00	3.20	81.51	88.43	0.00	39	0	42	0.00	0.00	59.72	6.89	0.00	0.00	2000
233	10.98	2032	2193	0.00	212	0	0	0	nan	0.00	0.00	3.39	89.65	89.02	0.00	40	0	42	0.00	0.00	70.71	8.07	0.00	0.00	2000
230	10.75	2135	2109	0.00	195	0	0	0	nan	0.00	0.00	3.36	86.31	89.25	0.00	39	0	42	0.00	0.00	65.15	7.35	0.00	0.00	2000
229	10.94	2096	2100	0.00	195	0	0	0	nan	0.00	0.00	3.87	85.24	89.06	0.00	39	0	42	0.00	0.00	64.75	7.58	0.00	0.00	2000
230	10.92	2070	2136	0.00	195	0	0	0	nan	0.00	0.00	3.99	86.68	89.08	0.00	39	0	42	0.00	0.00	64.59	7.43	0.00	0.00	2000
228	11.22	2064	2069	0.00	195	0	0	0	nan	0.00	0.02	3.17	84.33	88.78	0.00	39	0	42	0.00	0.00	64.85	7.45	0.00	0.00	2000
232	11.35	2010	2137	0.00	195	0	0	0	nan	0.00	0.03	4.27	86.04	88.65	0.00	39	0	42	0.00	0.00	66.53	7.60	0.00	0.00	2000
226	11.27	2087	2021	0.00	195	0	0	0	nan	0.00	0.00	3.59	81.90	88.73	0.00	39	0	42	0.00	0.00	58.26	6.72	0.00	0.00	2000
233	10.86	2152	2092	0.00	198	0	0	0	nan	0.00	0.02	4.04	84.78	89.14	0.00	39	0	42	0.00	0.00	67.77	7.72	0.00	0.00	2000
230	10.74	2067	2177	0.00	210	0	0	0	nan	0.00	0.00	2.62	90.01	89.26	0.00	39	0	42	0.00	0.00	64.82	7.38	0.00	0.00	2000
228	11.53	2038	2037	0.00	195	0	0	0	nan	0.00	0.01	3.99	81.91	88.47	0.00	39	0	42	0.00	0.00	62.94	7.20	0.00	0.00	2000
233	10.92	2102	2129	0.00	199	0	0	0	nan	0.00	0.02	3.02	87.32	89.08	0.00	39	0	42	0.00	0.00	67.77	7.75	0.00	0.00	2000
230	11.01	2079	2112	1.26	196	0	0	6	71.49	0.00	0.02	3.15	86.45	88.99	0.00	39	0	42	0.00	0.00	65.33	7.50	0.00	0.00	2000
228	10.94	2089	2096	0.21	194	0	0	0	nan	0.00	0.00	4.03	84.95	89.06	0.00	40	0	42	0.00	0.00	65.08	7.26	0.00	0.00	2000
229	11.07	2067	2105	0.00	195	0	0	0	nan	0.00	0.00	4.12	85.13	88.93	0.00	40	0	42	0.00	0.00	67.51	7.46	0.00	0.00	2000
230	11.11	2080	2086	0.00	195	0	0	0	nan	0.00	0.00	3.89	84.56	88.89	0.00	40	0	42	0.00	0.00	59.41	7.10	0.00	0.00	2000
232	11.13	2057	2127	0.00	197	0	0	0	nan	0.00	0.00	4.82	85.31	88.87	0.00	39	0	42	0.00	0.00	71.34	7.98	0.00	0.00	2000
228	11.18	2066	2074	0.00	195	0	0	0	nan	0.00	0.00	4.29	83.60	88.82	0.00	39	0	42	0.00	0.00	59.19	6.94	0.00	0.00	2000
230	10.74	2097	2145	0.00	194	0	0	0	nan	0.00	0.02	3.88	87.32	89.26	0.00	40	0	42	0.00	0.00	68.31	7.80	0.00	0.00	2000
228	11.48	2023	2061	0.00	195	0	0	0	nan	0.00	0.02	3.34	83.63	88.52	0.00	39	0	42	0.00	0.00	62.08	7.48	0.00	0.00	2000
230	10.83	2091	2131	0.00	196	0	0	0	nan	0.00	0.00	4.17	86.38	89.17	0.00	40	0	42	0.00	0.00	67.98	7.71	0.00	0.00	2000
230	10.90	2139	2070	0.00	195	0	0	0	nan	0.00	0.00	3.53	84.36	89.10	0.00	39	0	42	0.00	0.00	62.36	7.05	0.00	0.00	2000
232	10.95	2073	2147	0.00	195	0	0	0	nan	0.00	0.00	3.67	87.40	89.05	0.00	40	0	42	0.00	0.00	66.30	7.55	0.00	0.00	2000
227	11.12	2105	2033	0.00	194	0	0	0	nan	0.00	0.00	3.02	83.12	88.88	0.00	39	0	42	0.00	0.00	63.45	7.00	0.00	0.00	2000
231	11.00	2038	2161	0.00	196	0	0	0	nan	0.00	0.01	4.02	87.63	89.00	0.00	39	0	42	0.00	0.00	67.58	7.77	0.00	0.00	2000
228	11.48	2008	2073	0.00	194	0	0	0	nan	0.00	0.02	3.09	84.39	88.52	0.00	40	0	42	0.00	0.00	64.40	7.58	0.00	0.00	2000
230	11.34	2047	2084	0.00	196	0	0	0	nan	0.00	0.00	4.50	83.56	88.66	0.00	39	0	42	0.00	0.00	62.49	7.13	0.00	0.00	2000
229	11.04	2060	2111	0.00	195	0	0	0	nan	0.00	0.02	3.73	85.79	88.96	0.00	40	0	42	0.00	0.00	64.58	7.57	0.00	0.00	2000
230	10.98	2102	2093	0.00	195	0	0	0	nan	0.00	0.00	4.30	84.49	89.02	0.00	39	0	42	0.00	0.00	64.40	7.40	0.00	0.00	2000
229	10.91	2088	2114	0.93	196	0	0	6	71.42	0.00	0.01	4.16	85.58	89.09	0.00	39	0	42	0.00	0.00	67.41	7.79	0.00	0.00	2000
230	10.95	2107	2091	0.55	194	0	0	0	nan	0.00	0.00	4.27	84.47	89.05	0.00	39	0	42	0.00	0.00	62.03	7.17	0.00	0.00	2000
233	10.94	2109	2122	0.00	199	0	0	0	nan	0.00	0.00	5.57	84.53	89.06	0.00	39	0	42	0.00	0.00	67.56	7.79	0.00	0.00	2000
229	11.08	2077	2094	0.00	196	0	0	0	nan	0.00	0.00	4.36	84.35	88.92	0.00	39	0	42	0.00	0.00	61.97	7.15	0.00	0.00	2000
229	11.08	2086	2079	0.00	195	0	0	0	nan	0.00	0.00	4.38	83.73	88.92	0.00	39	0	42	0.00	0.00	64.88	7.50	0.00	0.00	2000
230	10.93	2105	2102	0.00	195	0	0	0	nan	0.00	0.01	3.72	85.47	89.07	0.00	39	0	42	0.00	0.00	64.77	7.38	0.00	0.00	2000
228	11.11	2056	2091	0.00	196	0	0	0	nan	0.00	0.00	3.75	84.87	88.89	0.00	39	0	42	0.00	0.00	64.66	7.46	0.00	0.00	2000
230	10.88	2099	2112	0.00	195	0	0	0	nan	0.00	0.00	3.73	85.99	89.12	0.00	39	0	42	0.00	0.00	64.89	7.34	0.00	0.00	2000
230	11.00	2089	2102	0.00	196	0	0	0	nan	0.00	0.00	5.06	84.03	89.00	0.00	40	0	42	0.00	0.00	65.03	7.44	0.00	0.00	2000
231	11.20	2066	2097	0.00	195	0	0	0	nan	0.00	0.00	4.39	84.42	88.80	0.00	39	0	42	0.00	0.00	64.66	7.46	0.00	0.00	2000
229	10.93	2104	2088	0.00	195	0	0	0	nan	0.00	0.00	3.89	84.64	89.07	0.00	39	0	42	0.00	0.00	64.83	7.40	0.00	0.00	2000
232	10.92	2115	2111	0.00	196	0	0	0	nan	0.00	0.02	4.31	85.29	89.08	0.00	39	0	42	0.00	0.00	64.78	7.55	0.00	0.00	2000
231	10.89	2118	2099	0.00	197	0	0	0	nan	0.00	0.00	4.78	84.32	89.11	0.00	40	0	42	0.00	0.00	64.89	7.50	0.00	0.00	2000
231	11.34	2027	2112	0.00	196	0	0	0	nan	0.00	0.03	4.49	84.69	88.66	0.00	39	0	42	0.00	0.00	64.67	7.30	0.00	0.00	2000
228	11.02	2084	2086	0.00	194	0	0	0	nan	0.00	0.00	3.85	84.67	88.98	0.00	40	0	42	0.00	0.00	64.85	7.47	0.00	0.00	2000
229	10.78	2120	2108	0.00	194	0	0	0	nan	0.00	0.01	3.12	86.41	89.22	0.00	39	0	42	0.00	0.00	64.82	7.40	0.00	0.00	2000
227	11.04	2076	2085	0.00	195	0	0	0	nan	0.00	0.00	3.35	85.01	88.96	0.00	39	0	42	0.00	0.00	64.88	7.48	0.00	0.00	2000
230	10.98	2046	2147	0.58	195	0	0	6	74.00	0.00	0.02	3.37	87.67	89.02	0.00	39	0	42	0.00	0.00	67.34	7.74	0.00	0.00	2000
230	11.38	2044	2075	0.89	195	0	0	2	85.55	0.00	0.01	2.81	84.75	88.62	0.00	39	0	42	0.00	0.00	62.47	7.23	0.00	0.00	2000
231	11.16	2076	2089	0.00	195	0	0	0	nan	0.00	0.00	3.88	84.62	88.84	0.00	39	0	42	0.00	0.00	64.84	7.41	0.00	0.00	2000
234	11.21	2084	2101	0.00	211	0	0	0	nan	0.00	0.02	8.04	80.82	88.79	0.00	39	0	42	0.00	0.00	65.26	7.39	0.00	0.00	2000
230	10.99	2089	2100	0.00	195	0	0	0	nan	0.00	0.00	3.82	85.28	89.01	0.00	39	0	42	0.00	0.00	65.09	7.49	0.00	0.00	2000
230	10.88	2126	2085	0.00	199	0	0	0	nan	0.00	0.00	4.58	84.01	89.12	0.00	39	0	42	0.00	0.00	65.05	7.48	0.00	0.00	2000
232	11.45	2008	2124	0.00	198	0	0	0	nan	0.00	0.02	5.53	84.09	88.55	0.00	39	0	42	0.00	0.00	64.42	7.50	0.00	0.00	2000
228	11.33	2003	2108	0.00	195	0	0	0	nan	0.00	0.00	4.41	84.72	88.67	0.00	40	0	42	0.00	0.00	64.55	7.48	0.00	0.00	2000
229	11.37	2037	2079	0.00	195	0	0	0	nan	0.00	0.00	4.08	83.87	88.63	0.00	39	0	42	0.00	0.00	64.67	7.53	0.00	0.00	2000
229	10.71	2135	2099	0.00	195	0	0	0	nan	0.00	0.00	3.33	85.98	89.29	0.00	39	0	42	0.00	0.00	65.06	7.41	0.00	0.00	2000
229	11.03	2036	2139	0.00	196	0	0	0	nan	0.00	0.00	3.59	87.23	88.97	0.00	39	0	42	0.00	0.00	64.57	7.48	0.00	0.00	2000
229	11.32	2043	2083	0.00	194	0	0	0	nan	0.00	0.02	2.89	85.12	88.68	0.00	39	0	42	0.00	0.00	64.78	7.33	0.00	0.00	2000
230	11.26	2029	2114	0.00	196	0	0	0	nan	0.00	0.00	4.08	85.42	88.74	0.00	39	0	42	0.00	0.00	64.50	7.48	0.00	0.00	2000
228	11.55	2004	2071	0.00	195	0	0	0	nan	0.00	0.00	3.02	84.28	88.45	0.00	39	0	42	0.00	0.00	65.02	7.51	0.00	0.00	2000
229	11.22	2038	2102	0.00	194	0	0	0	nan	0.00	0.00	4.66	84.29	88.78	0.00	39	0	42	0.00	0.00	64.96	7.49	0.00	0.00	2000
228	11.11	2064	2085	0.00	195	0	0	0	nan	0.00	0.00	4.83	83.53	88.89	0.00	39	0	42	0.00	0.00	64.87	7.49	0.00	0.00	2000
230	10.86	2091	2128	0.00	196	0	0	0	nan	0.00	0.00	4.35	85.97	89.14	0.00	39	0	42	0.00	0.00	65.56	7.44	0.00	0.00	2000
229	11.19	2078	2067	0.19	196	0	0	4	76.80	0.00	0.00	5.10	82.47	88.81	0.00	39	0	42	0.00	0.00	65.26	7.58	0.00	0.00	2000
231	10.97	2060	2145	1.22	194	0	0	4	79.49	0.00	0.00	4.59	86.45	89.03	0.00	39	0	42	0.00	0.00	65.33	7.40	0.00	0.00	2000
230	11.28	2063	2073	0.00	195	0	0	0	nan	0.00	0.00	3.57	84.05	88.72	0.00	39	0	42	0.00	0.00	65.15	7.73	0.00	0.00	2000
229	11.13	2055	2105	0.00	195	0	0	0	nan	0.00	0.00	4.07	85.10	88.87	0.00	39	0	42	0.00	0.00	65.22	7.49	0.00	0.00	2000
228	11.02	2088	2080	0.00	194	0	0	0	nan	0.00	0.00	3.53	84.73	88.98	0.00	39	0	42	0.00	0.00	65.16	7.49	0.00	0.00	2000
233	10.98	2099	2122	0.00	195	0	0	0	nan	0.00	0.00	3.38	86.73	89.02	0.00	39	0	42	0.00	0.00	64.98	7.46	0.00	0.00	2000
228	10.99	2092	2077	0.00	194	0	0	0	nan	0.00	0.00	3.54	84.65	89.01	0.00	39	0	42	0.00	0.00	62.20	7.22	0.00	0.00	2000
230	11.07	2055	2121	0.00	195	0	0	0	nan	0.00	0.00	4.30	85.59	88.93	0.00	40	0	42	0.00	0.00	67.78	7.72	0.00	0.00	2000
230	11.24	2067	2080	0.00	210	0	0	0	nan	0.00	0.00	6.24	81.77	88.77	0.00	39	0	42	0.00	0.00	64.91	7.45	0.00	0.00	2000
231	11.22	2040	2118	0.00	199	0	0	0	nan	0.00	0.00	4.95	84.63	88.78	0.00	39	0	42	0.00	0.00	64.59	7.48	0.00	0.00	2000
230	11.37	2042	2079	0.00	196	0	0	0	nan	0.00	0.00	4.89	82.97	88.63	0.00	39	0	42	0.00	0.00	64.91	7.40	0.00	0.00	2000
230	11.02	2044	2145	0.00	195	0	0	0	nan	0.00	0.02	3.71	87.31	88.98	0.00	39	0	42	0.00	0.00	65.10	7.42	0.00	0.00	2000
229	11.35	2050	2067	0.00	196	0	0	0	nan	0.00	0.00	3.43	83.87	88.65	0.00	39	0	42	0.00	0.00	64.78	7.28	0.00	0.00	2000
229	11.26	2038	2100	0.00	195	0	0	0	nan	0.00	0.00	3.91	85.00	88.74	0.00	39	0	42	0.00	0.00	64.53	7.60	0.00	0.00	2000
229	11.12	2037	2120	0.00	194	0	0	0	nan	0.00	0.00	4.09	85.74	88.88	0.00	39	0	42	0.00	0.00	65.00	7.42	0.00	0.00	2000
232	11.13	2087	2094	0.00	196	0	0	0	nan	0.00	0.02	3.89	84.73	88.87	0.00	40	0	42	0.00	0.00	64.52	7.51	0.00	0.00	2000
228	10.78	2143	2075	0.00	195	0	0	0	nan	0.00	0.00	4.36	83.78	89.22	0.00	39	0	42	0.00	0.00	62.24	7.43	0.00	0.00	2000
231	10.94	2079	2128	0.00	194	0	0	3	75.69	0.01	0.00	3.63	86.66	89.06	0.00	39	0	42	0.00	0.00	64.73	7.61	0.00	0.00	2000
264	12.28	2153	2094	1.20	195	0	0	5	77.34	0.00	0.00	4.20	83.41	87.72	0.00	39	0	42	0.00	0.00	68.89	7.45	0.00	0.00	2000
230	11.47	2018	2089	0.00	195	0	0	0	nan	0.00	0.00	3.89	84.34	88.54	0.00	39	0	42	0.00	0.00	64.69	7.39	0.00	0.00	2000
229	10.94	2067	2125	0.00	196	0	0	0	nan	0.00	0.00	4.88	85.29	89.06	0.00	39	0	42	0.00	0.00	64.87	7.14	0.00	0.00	2000
230	11.35	2051	2079	0.00	196	0	0	0	nan	0.00	0.00	4.12	83.73	88.65	0.00	39	0	42	0.00	0.00	64.89	7.71	0.00	0.00	2000
227	10.91	2093	2088	0.00	194	0	0	0	nan	0.00	0.00	3.96	84.76	89.09	0.00	39	0	42	0.00	0.00	61.72	7.26	0.00	0.00	2000
230	11.10	2047	2127	0.00	195	0	0	0	nan	0.00	0.00	3.93	86.20	88.90	0.00	39	0	42	0.00	0.00	68.02	7.81	0.00	0.00	2000
228	11.42	2015	2085	0.00	197	0	0	0	nan	0.00	0.00	4.42	83.65	88.59	0.00	39	0	42	0.00	0.00	61.61	7.27	0.00	0.00	2000
230	11.04	2067	2116	0.00	195	0	0	0	nan	0.00	0.04	3.97	85.75	88.96	0.00	40	0	42	0.00	0.00	67.27	7.78	0.00	0.00	2000
231	11.24	2078	2073	0.00	195	0	0	0	nan	0.00	0.00	4.97	82.67	88.76	0.00	39	0	42	0.00	0.00	62.06	7.23	0.00	0.00	2000
231	10.86	2087	2140	0.00	194	0	0	0	nan	0.00	0.00	4.10	86.84	89.14	0.00	39	0	42	0.00	0.00	67.99	7.84	0.00	0.00	2000
233	11.46	2075	2060	0.00	197	0	0	0	nan	0.00	0.02	4.24	82.71	88.54	0.00	40	0	42	0.00	0.00	62.12	7.11	0.00	0.00	2000
232	10.91	2080	2143	0.00	197	0	0	0	nan	0.00	0.02	3.76	87.22	89.09	0.00	39	0	42	0.00	0.00	67.38	7.80	0.00	0.00	2000
227	11.36	2047	2054	0.00	195	0	0	0	nan	0.00	0.02	3.16	83.62	88.64	0.00	39	0	42	0.00	0.00	61.65	6.93	0.00	0.00	2000
232	11.17	2038	2144	0.00	195	0	0	0	nan	0.00	0.01	3.58	87.16	88.83	0.00	39	0	42	0.00	0.00	64.52	7.68	0.00	0.00	2000
227	11.28	2061	2051	0.00	196	0	0	0	nan	0.00	0.02	3.33	83.37	88.72	0.00	39	0	42	0.00	0.00	64.67	7.05	0.00	0.00	2000
231	10.99	2084	2116	0.00	195	0	0	0	nan	0.00	0.02	3.44	86.29	89.01	0.00	39	0	42	0.00	0.00	64.89	7.61	0.00	0.00	2000
228	10.81	2122	2087	0.00	194	0	0	1	79.06	0.00	0.00	4.00	84.62	89.19	0.00	40	0	42	0.00	0.00	64.70	7.46	0.00	0.00	2000
231	11.05	2076	2119	1.42	195	0	0	6	76.89	0.00	0.02	3.49	86.30	88.95	0.00	39	0	42	0.00	0.00	64.88	7.53	0.00	0.00	2000
231	11.22	2058	2104	0.00	195	0	0	0	nan	0.00	0.00	4.00	85.06	88.78	0.00	39	0	42	0.00	0.00	64.74	7.53	0.00	0.00	2000
229	11.31	2020	2109	0.00	196	0	0	0	nan	0.00	0.00	3.92	85.24	88.69	0.00	39	0	42	0.00	0.00	64.47	7.56	0.00	0.00	2000
228	11.02	2099	2070	0.00	195	0	0	0	nan	0.00	0.00	3.83	83.98	88.98	0.00	39	0	41	0.00	0.00	64.65	7.42	0.00	0.00	2000
230	10.95	2086	2115	0.00	195	0	0	0	nan	0.00	0.01	3.97	85.83	89.05	0.00	39	0	42	0.00	0.00	64.28	7.50	0.00	0.00	2000
229	10.94	2095	2095	0.00	194	0	0	0	nan	0.00	0.01	3.42	85.57	89.06	0.00	39	0	42	0.00	0.00	64.67	7.52	0.00	0.00	2000
230	11.23	2017	2136	0.00	195	0	0	0	nan	0.00	0.00	3.98	86.41	88.77	0.00	39	0	42	0.00	0.00	64.51	7.52	0.00	0.00	2000
229	11.26	2067	2062	0.00	195	0	0	0	nan	0.00	0.00	3.93	83.31	88.74	0.00	39	0	42	0.00	0.00	64.57	7.54	0.00	0.00	2000
229	11.01	2052	2129	0.00	196	0	0	0	nan	0.00	0.00	3.79	86.50	88.99	0.00	39	0	42	0.00	0.00	65.08	7.54	0.00	0.00	2000
228	11.14	2092	2055	0.00	195	0	0	0	nan	0.00	0.00	4.15	82.84	88.86	0.00	39	0	42	0.00	0.00	61.65	7.24	0.00	0.00	2000
230	11.10	2045	2126	0.00	196	0	0	0	nan	0.00	0.01	3.50	86.57	88.90	0.00	39	0	42	0.00	0.00	64.73	7.63	0.00	0.00	2000
227	11.10	2071	2075	0.00	194	0	0	0	nan	0.00	0.00	4.12	83.90	88.90	0.00	39	0	42	0.00	0.00	64.10	7.00	0.00	0.00	2000
233	11.16	2041	2150	0.00	195	0	0	0	nan	0.00	0.02	4.42	86.58	88.84	0.00	39	0	42	0.00	0.00	68.19	7.84	0.00	0.00	2000
229	11.03	2099	2077	0.00	195	0	0	0	nan	0.00	0.00	3.62	84.44	88.97	0.00	39	0	42	0.00	0.00	65.47	7.63	0.00	0.00	2000
230	10.95	2117	2080	0.00	197	0	0	0	nan	0.01	0.00	4.39	83.85	89.05	0.00	39	0	42	0.00	0.00	62.27	6.96	0.00	0.00	2000
232	10.79	2093	2155	0.00	196	0	0	0	nan	0.00	0.03	4.09	87.52	89.21	0.00	39	0	42	0.00	0.00	66.39	7.58	0.00	0.00	2000
229	11.18	2096	2050	0.00	196	0	0	0	nan	0.00	0.01	3.01	83.74	88.82	0.00	39	0	42	0.00	0.00	63.69	7.16	0.00	0.00	2000
233	11.21	2061	2116	1.23	196	0	0	6	64.16	0.00	0.00	3.09	86.48	88.79	0.00	39	0	42	0.00	0.00	67.72	7.80	0.00	0.00	2000
231	11.20	2030	2133	0.22	196	0	0	0	nan	0.00	0.01	4.41	85.93	88.80	0.00	39	0	42	0.00	0.00	63.30	7.23	0.00	0.00	2000
226	11.05	2074	2074	0.00	193	0	0	0	nan	0.00	0.00	3.51	84.36	88.95	0.00	39	0	42	0.00	0.00	65.54	7.51	0.00	0.00	2000
233	11.11	2070	2128	0.00	194	0	0	0	nan	0.00	0.03	2.95	87.18	88.89	0.00	39	0	42	0.00	0.00	66.28	7.51	0.00	0.00	2000
226	11.16	2100	2022	0.00	195	0	0	0	nan	0.00	0.00	3.07	82.52	88.84	0.00	39	0	42	0.00	0.00	60.34	6.97	0.00	0.00	2000
231	11.19	2068	2098	0.00	196	0	0	0	nan	0.00	0.00	2.82	86.06	88.81	0.00	40	0	42	0.00	0.00	65.35	7.64	0.00	0.00	2000
231	10.62	2100	2178	0.00	195	0	0	0	nan	0.00	0.00	3.29	89.50	89.38	0.00	39	0	42	0.00	0.00	66.32	7.71	0.00	0.00	2000
229	11.08	2110	2057	0.00	194	0	0	0	nan	0.00	0.01	3.06	84.06	88.92	0.00	39	0	42	0.00	0.00	63.17	7.22	0.00	0.00	2000
229	11.03	2052	2121	0.00	195	0	0	0	nan	0.00	0.00	3.45	86.46	88.97	0.00	39	0	42	0.00	0.00	65.02	7.35	0.00	0.00	2000
231	11.28	2059	2088	0.00	198	0	0	0	nan	0.00	0.00	4.89	83.43	88.72	0.00	39	0	42	0.00	0.00	64.84	7.21	0.00	0.00	2000
230	11.22	2045	2106	0.00	196	0	0	0	nan	0.00	0.00	4.72	84.42	88.78	0.00	39	0	42	0.00	0.00	63.89	7.59	0.00	0.00	2000
231	11.11	2077	2100	0.00	195	0	0	0	nan	0.00	0.00	4.05	84.85	88.89	0.00	39	0	42	0.00	0.00	64.85	7.58	0.00	0.00	2000
228	11.28	2022	2097	0.00	194	0	0	0	nan	0.00	0.00	4.79	83.92	88.72	0.00	39	0	42	0.00	0.00	64.20	7.36	0.00	0.00	2000
229	11.21	2035	2105	0.00	194	0	0	0	nan	0.00	0.00	3.63	85.50	88.79	0.00	39	0	42	0.00	0.00	64.46	7.53	0.00	0.00	2000
228	11.22	2044	2083	0.00	195	0	0	0	nan	0.00	0.00	4.34	83.79	88.78	0.00	39	0	42	0.00	0.00	64.31	7.48	0.00	0.00	2000
230	11.02	2043	2141	0.00	194	0	0	0	nan	0.00	0.00	3.95	86.81	88.98	0.00	39	0	42	0.00	0.00	67.75	7.81	0.00	0.00	2000
229	11.48	2018	2078	0.00	196	0	0	0	nan	0.00	0.00	3.93	83.78	88.52	0.00	39	0	42	0.00	0.00	61.79	7.12	0.00	0.00	2000
230	11.21	2029	2119	0.94	195	0	0	6	73.21	0.00	0.00	4.38	85.36	88.79	0.00	39	0	42	0.00	0.00	66.88	7.74	0.00	0.00	2000
229	11.67	2004	2059	0.55	200	0	0	0	nan	0.00	0.00	6.18	80.55	88.33	0.00	39	0	42	0.00	0.00	61.47	7.11	0.00	0.00	2000
230	11.05	2058	2123	0.00	196	0	0	0	nan	0.01	0.00	3.77	86.28	88.95	0.00	40	0	42	0.00	0.00	64.62	7.50	0.00	0.00	2000
228	10.97	2085	2092	0.00	195	0	0	0	nan	0.00	0.00	4.18	84.56	89.03	0.00	40	0	42	0.00	0.00	64.51	7.47	0.00	0.00	2000
231	11.49	1984	2125	0.00	196	0	0	0	nan	0.00	0.00	3.59	86.11	88.51	0.00	39	0	42	0.00	0.00	64.14	7.39	0.00	0.00	2000
228	11.18	2079	2059	0.00	195	0	0	0	nan	0.00	0.01	3.93	83.25	88.82	0.00	39	0	42	0.00	0.00	64.85	7.31	0.00	0.00	2000
230	10.95	2084	2118	0.00	194	0	0	0	nan	0.00	0.00	2.65	87.20	89.05	0.00	39	0	42	0.00	0.00	64.28	7.43	0.00	0.00	2000
228	10.99	2058	2116	0.00	193	0	0	0	nan	0.00	0.00	3.42	86.39	89.01	0.00	40	0	42	0.00	0.00	64.69	7.43	0.00	0.00	2000
228	11.23	2023	2110	0.00	194	0	0	0	nan	0.00	0.00	3.36	85.90	88.77	0.00	39	0	42	0.00	0.00	64.47	7.37	0.00	0.00	2000
229	11.28	2079	2053	0.00	197	0	0	0	nan	0.00	0.00	3.68	83.07	88.72	0.00	39	0	42	0.00	0.00	65.20	7.46	0.00	0.00	2000
231	10.90	2069	2149	0.00	195	0	0	0	nan	0.00	0.02	3.13	88.07	89.10	0.00	39	0	42	0.00	0.00	65.06	7.51	0.00	0.00	2000
227	11.34	2047	2058	0.00	195	0	0	0	nan	0.00	0.00	3.48	83.52	88.66	0.00	39	0	42	0.00	0.00	64.43	7.32	0.00	0.00	2000
230	11.04	2071	2113	0.00	195	0	0	0	nan	0.00	0.00	3.33	86.27	88.96	0.00	39	0	42	0.00	0.00	65.25	7.33	0.00	0.00	2000
228	11.04	2035	2128	0.00	194	0	0	0	nan	0.00	0.00	4.13	86.08	88.96	0.00	39	0	42	0.00	0.00	65.48	7.30	0.00	0.00	2000
231	11.34	2057	2077	0.00	197	0	0	0	nan	0.00	0.00	4.18	83.57	88.66	0.00	39	0	42	0.00	0.00	63.60	7.36	0.00	0.00	2000
228	11.01	2090	2077	0.00	195	0	0	0	nan	0.00	0.00	4.02	84.02	88.99	0.00	40	0	42	0.00	0.00	64.45	7.36	0.00	0.00	2000
230	10.96	2046	2152	0.00	194	0	0	0	nan	0.00	0.00	3.30	88.12	89.04	0.00	39	0	42	0.00	0.00	64.10	7.39	0.00	0.00	2000
229	11.36	2060	2053	0.58	195	0	0	6	75.44	0.01	0.00	3.10	83.59	88.64	0.00	39	0	42	0.00	0.00	64.79	7.56	0.00	0.00	2000
232	11.07	2070	2125	0.88	195	0	0	2	86.05	0.00	0.03	3.67	86.46	88.93	0.00	39	0	42	0.00	0.00	64.52	7.35	0.00	0.00	2000
228	11.24	2036	2094	0.00	195	0	0	0	nan	0.00	0.00	4.54	84.07	88.76	0.00	39	0	42	0.00	0.00	64.62	7.36	0.00	0.00	2000
230	11.35	2020	2108	0.00	196	0	0	0	nan	0.00	0.01	4.07	85.04	88.65	0.00	39	0	42	0.00	0.00	64.57	7.46	0.00	0.00	2000
228	11.05	2077	2081	0.00	194	0	0	0	nan	0.00	0.00	4.31	83.90	88.95	0.00	40	0	42	0.00	0.00	63.96	7.39	0.00	0.00	2000
226	11.45	2070	2004	0.00	199	0	0	0	nan	0.00	0.00	5.15	79.43	88.55	0.00	40	0	42	0.00	0.00	59.56	6.86	0.00	0.00	2000
231	10.68	2075	2193	0.00	211	0	0	0	nan	0.00	0.00	3.53	89.75	89.32	0.00	39	0	42	0.00	0.00	70.08	8.07	0.00	0.00	2000
232	11.26	2058	2105	0.00	196	0	0	0	nan	0.00	0.02	3.94	85.05	88.74	0.00	39	0	42	0.00	0.00	64.31	7.53	0.00	0.00	2000
229	10.60	2166	2097	0.00	194	0	0	0	nan	0.00	0.02	4.00	85.32	89.40	0.00	39	0	42	0.00	0.00	64.91	7.54	0.00	0.00	2000
231	10.98	2067	2136	0.00	196	0	0	0	nan	0.00	0.00	3.74	86.83	89.02	0.00	39	0	42	0.00	0.00	65.10	7.61	0.00	0.00	2000
229	11.16	2049	2100	0.00	195	0	0	0	nan	0.00	0.00	3.30	85.58	88.84	0.00	39	0	42	0.00	0.00	63.52	7.20	0.00	0.00	2000
230	10.99	2082	2110	0.00	194	0	0	0	nan	0.00	0.00	2.90	86.64	89.01	0.00	39	0	42	0.00	0.00	65.64	7.55	0.00	0.00	2000
226	11.20	2118	1999	0.00	194	0	0	0	nan	0.00	0.02	3.13	81.46	88.80	0.00	39	0	42	0.00	0.00	62.23	6.96	0.00	0.00	2000
233	11.10	2004	2204	0.00	196	0	0	0	nan	0.00	0.01	3.07	90.39	88.90	0.00	39	0	42	0.00	0.00	67.18	8.06	0.00	0.00	2000
228	11.40	2007	2090	0.00	194	0	0	0	nan	0.00	0.02	3.21	85.03	88.60	0.00	39	0	42	0.00	0.00	62.06	7.20	0.00	0.00	2000
229	11.24	2029	2111	0.00	195	0	0	0	nan	0.00	0.00	3.64	85.57	88.76	0.00	39	0	42	0.00	0.00	67.41	7.67	0.00	0.00	2000
228	11.15	2087	2055	0.00	194	0	0	0	nan	0.00	0.00	2.74	84.21	88.85	0.00	39	0	42	0.00	0.00	61.88	7.09	0.00	0.00	2000
231	10.97	2097	2110	0.41	196	0	0	5	75.53	0.00	0.00	4.05	85.44	89.03	0.00	40	0	42	0.00	0.00	64.92	7.38	0.00	0.00	2000
231	11.00	2099	2097	1.06	196	0	0	3	83.44	0.00	0.00	4.34	84.58	89.00	0.00	40	0	42	0.00	0.00	64.67	7.43	0.00	0.00	2000
230	11.07	2068	2108	0.00	195	0	0	0	nan	0.00	0.00	3.78	85.60	88.93	0.00	39	0	42	0.00	0.00	66.78	7.38	0.00	0.00	2000
228	11.21	2038	2094	0.00	194	0	0	0	nan	0.00	0.00	3.79	84.85	88.79	0.00	39	0	42	0.00	0.00	61.70	7.65	0.00	0.00	2000
229	11.00	2086	2100	0.00	195	0	0	0	nan	0.00	0.00	4.80	84.29	89.00	0.00	40	0	42	0.00	0.00	64.51	7.38	0.00	0.00	2000
229	10.85	2119	2090	0.00	195	0	0	0	nan	0.00	0.00	3.67	85.09	89.15	0.00	39	0	42	0.00	0.00	64.40	7.60	0.00	0.00	2000
232	10.79	2133	2118	0.00	195	0	0	0	nan	0.00	0.00	3.52	86.44	89.21	0.00	39	0	42	0.00	0.00	64.69	7.30	0.00	0.00	2000
228	11.29	2040	2079	0.00	195	0	0	0	nan	0.00	0.00	4.21	83.76	88.71	0.00	39	0	42	0.00	0.00	64.59	7.57	0.00	0.00	2000
237	11.30	2083	2117	0.00	199	0	0	0	nan	0.00	0.03	4.13	85.37	88.70	0.00	39	0	42	0.00	0.00	64.61	7.43	0.00	0.00	2000
228	10.97	2084	2095	0.00	195	0	0	0	nan	0.00	0.00	4.55	84.32	89.03	0.00	39	0	42	0.00	0.00	64.62	7.55	0.00	0.00	2000
230	11.02	2083	2101	0.00	194	0	0	0	nan	0.00	0.00	4.42	84.66	88.98	0.00	39	0	42	0.00	0.00	64.72	7.45	0.00	0.00	2000
230	10.93	2118	2083	0.00	195	0	0	0	nan	0.00	0.00	4.48	83.90	89.07	0.00	39	0	42	0.00	0.00	64.96	7.11	0.00	0.00	2000
230	10.98	2056	2143	0.00	195	0	0	0	nan	0.00	0.00	4.31	86.65	89.02	0.00	39	0	42	0.00	0.00	64.62	7.33	0.00	0.00	2000
228	11.11	2080	2073	0.00	196	0	0	0	nan	0.00	0.00	4.33	83.44	88.89	0.00	40	0	42	0.00	0.00	65.22	7.46	0.00	0.00	2000
230	10.71	2121	2129	0.00	194	0	0	0	nan	0.00	0.02	4.04	86.49	89.29	0.00	40	0	42	0.00	0.00	64.75	7.23	0.00	0.00	2000
228	11.18	2070	2069	0.00	195	0	0	0	nan	0.00	0.00	3.39	84.24	88.82	0.00	39	0	42	0.00	0.00	64.45	7.39	0.00	0.00	2000
232	11.24	2042	2124	0.00	197	0	0	0	nan	0.00	0.00	3.77	86.06	88.76	0.00	40	0	42	0.00	0.00	61.94	7.40	0.00	0.00	2000
228	10.68	2126	2109	0.01	195	0	0	4	76.24	0.00	0.00	3.96	85.86	89.32	0.00	39	0	42	0.00	0.00	68.23	7.27	0.00	0.00	2000
229	11.28	2066	2066	1.38	195	0	0	4	80.74	0.00	0.00	3.05	84.33	88.72	0.00	39	0	42	0.00	0.00	64.29	7.32	0.00	0.00	2000
230	10.83	2087	2139	0.00	195	0	0	0	nan	0.01	0.00	4.53	86.36	89.17	0.00	38	0	42	0.00	0.00	66.35	7.88	0.00	0.00	2000
230	11.21	2105	2048	0.00	192	0	0	0	nan	0.00	0.00	2.93	83.69	88.79	0.00	38	0	42	0.00	0.00	61.89	7.16	0.00	0.00	2000
230	11.13	2015	2156	0.00	195	0	0	0	nan	0.00	0.00	4.54	86.80	88.87	0.00	38	0	42	0.00	0.00	64.95	7.36	0.00	0.00	2000
232	11.27	2059	2099	0.00	206	0	0	0	nan	0.00	0.01	5.70	83.05	88.73	0.00	38	0	42	0.00	0.00	66.26	7.86	0.00	0.00	2000
230	11.15	2064	2095	0.00	194	0	0	0	nan	0.00	0.00	3.21	85.54	88.85	0.00	39	0	42	0.00	0.00	65.66	8.07	0.00	0.00	2000
228	11.07	2082	2077	0.00	196	1	0	0	nan	0.00	0.00	2.41	85.62	88.93	0.00	39	0	42	0.00	0.00	63.34	7.34	0.00	0.00	2000
227	11.32	2018	2090	0.00	195	0	0	0	nan	0.00	0.02	2.72	85.64	88.68	0.00	39	0	42	0.00	0.00	63.14	7.20	0.00	0.00	2000
230	11.17	2016	2141	0.00	196	0	0	0	nan	0.00	0.00	4.00	86.69	88.83	0.00	39	0	42	0.00	0.00	64.97	7.73	0.00	0.00	2000
230	11.32	2030	2104	0.00	198	0	0	0	nan	0.00	0.00	3.56	85.37	88.68	0.00	39	0	42	0.00	0.00	65.74	8.21	0.00	0.00	2000
229	11.40	2059	2053	0.00	198	0	0	0	nan	0.00	0.00	4.61	82.11	88.60	0.00	39	0	42	0.00	0.00	64.06	7.89	0.00	0.00	2000
232	10.84	2089	2151	0.00	196	0	0	0	nan	0.00	0.00	1.93	89.42	89.16	0.00	39	0	42	0.00	0.00	67.61	8.55	0.00	0.00	2000
226	11.39	2073	2009	0.00	195	0	0	0	nan	0.00	0.00	3.16	81.70	88.61	0.00	38	0	42	0.00	0.00	59.19	7.55	0.00	0.00	2000
232	10.96	2044	2171	0.00	195	0	0	0	nan	0.00	0.02	3.04	89.14	89.04	0.00	39	0	42	0.00	0.00	67.19	8.03	0.00	0.00	2000
225	11.23	2001	2105	0.00	195	0	0	0	nan	0.00	0.00	5.10	83.92	88.77	0.00	38	0	42	0.00	0.00	64.24	7.65	0.00	0.00	2000
159	9.38	1681	2112	0.00	241	0	0	0	nan	0.00	0.00	5.81	85.48	90.62	0.00	38	0	42	0.00	0.00	64.73	7.93	0.00	0.00	2000
200	10.88	1853	2086	0.00	49	0	0	0	nan	0.00	0.09	20.13	68.11	89.12	0.00	37	0	42	0.00	0.00	58.91	6.96	0.00	0.00	2000
