Avg_MHz	Busy%	Bzy_MHz	TSC_MHz	IPC	IRQ	NMI	SMI	LLCMRPS	LLC%hit	POLL%	C1%	C1E%	C6%	CPU%c1	CPU%c6	CoreTmp	CoreThr	PkgTmp	Pkg%pc2	Pkg%pc6	PkgWatt	RAMWatt	PKG_%	RAM_%	UncMHz
165	9.95	1567	2220	0.00	255	0	0	0	nan	0.00	0.06	24.23	71.07	90.05	0.00	37	0	42	0.00	0.00	67.52	8.44	0.00	0.00	2000
402	18.16	2218	2098	0.00	214	0	0	0	nan	0.01	2.14	17.30	62.54	81.84	0.00	37	0	42	0.00	0.00	67.52	7.65	0.00	0.00	2000
230	12.70	1805	2107	0.00	217	0	0	0	nan	0.02	0.13	19.03	68.44	87.30	0.00	37	0	42	0.00	0.00	61.83	7.49	0.00	0.00	2000
74	6.36	1183	2071	0.00	194	0	0	0	nan	0.00	0.00	3.17	89.19	93.64	0.00	37	0	42	0.00	0.00	57.43	7.44	0.00	0.00	2000
74	6.93	1044	2136	0.00	193	0	0	0	nan	0.00	0.00	2.39	92.36	93.07	0.00	37	0	42	0.00	0.00	63.90	8.01	0.00	0.00	2000
73	6.63	1103	2102	0.00	209	0	0	0	nan	0.00	0.02	2.22	91.24	93.37	0.00	37	0	42	0.00	0.00	58.43	7.54	0.00	0.00	2000
73	6.33	1159	2101	0.00	194	0	0	0	nan	0.00	0.00	2.72	90.89	93.67	0.00	37	0	42	0.00	0.00	59.10	7.52	0.00	0.00	2000
72	6.56	1098	2089	0.00	177	0	0	0	nan	0.00	0.02	2.78	90.10	93.44	0.00	37	0	42	0.00	0.00	58.76	7.48	0.00	0.00	2000
73	6.79	1082	2090	0.00	193	0	0	0	nan	0.00	0.01	2.70	90.10	93.21	0.00	37	0	42	0.00	0.00	58.13	7.41	0.00	0.00	2000
72	6.51	1096	2122	0.00	210	0	0	0	nan	0.00	0.03	4.30	89.98	93.49	0.00	37	0	42	0.00	0.00	58.32	7.44	0.00	0.00	2000
72	6.79	1074	2085	0.00	195	0	0	0	nan	0.00	0.00	3.34	89.19	93.21	0.00	37	0	42	0.00	0.00	59.37	7.45	0.00	0.00	2000
73	6.47	1117	2113	0.00	193	0	0	0	nan	0.00	0.00	3.71	90.45	93.53	0.00	37	0	42	0.00	0.00	59.74	7.69	0.00	0.00	2000
72	6.61	1085	2101	0.00	193	0	0	0	nan	0.00	0.00	3.44	90.11	93.39	0.00	37	0	42	0.00	0.00	58.94	7.58	0.00	0.00	2000
72	6.32	1139	2102	0.00	194	0	0	0	nan	0.00	0.02	3.11	90.63	93.68	0.00	37	0	42	0.00	0.00	57.84	7.05	0.00	0.00	2000
73	6.70	1101	2086	0.00	177	0	0	0	nan	0.00	0.03	2.74	90.00	93.30	0.00	37	0	42	0.00	0.00	58.36	7.34	0.00	0.00	2000
72	6.81	1055	2105	0.00	210	0	0	1	87.89	0.00	0.00	3.95	89.43	93.19	0.00	37	0	42	0.00	0.00	61.44	7.46	0.00	0.00	2000
74	6.44	1145	2101	0.30	193	0	0	2	86.12	0.00	0.00	4.18	89.22	93.56	0.00	37	0	42	0.00	0.00	58.63	7.80	0.00	0.00	2000
72	6.55	1102	2103	0.05	193	0	0	0	nan	0.00	0.00	4.23	89.28	93.45	0.00	37	0	42	0.00	0.00	59.04	7.43	0.00	0.00	2000
107	8.66	1363	1900	0.00	196	0	0	0	nan	0.00	0.01	4.11	78.46	91.34	0.00	37	0	42	0.00	0.00	51.95	6.58	0.00	0.00	2000
241	10.44	2056	2362	0.00	257	0	0	0	nan	0.00	1.02	8.06	91.72	89.56	0.00	37	0	42	0.00	0.00	76.28	8.44	0.00	0.00	2000
240	11.33	2113	2102	0.00	202	0	0	0	nan	0.00	0.00	6.27	82.47	88.67	0.00	38	0	42	0.00	0.00	66.08	7.58	0.00	0.00	2000
229	11.01	2090	2095	0.00	200	1	0	0	nan	0.00	0.00	5.98	82.96	88.99	0.00	38	0	42	0.00	0.00	66.63	7.32	0.00	0.00	2000
226	10.77	2130	2067	0.00	201	0	0	0	nan	0.00	0.01	6.58	81.14	89.23	0.00	38	0	42	0.00	0.00	59.41	7.08	0.00	0.00	2000
234	10.72	2150	2129	0.00	237	0	0	0	nan	0.00	0.00	6.87	83.67	89.28	0.00	39	0	42	0.00	0.00	68.29	8.40	0.00	0.00	2000
232	10.87	2127	2106	0.00	198	0	0	0	nan	0.00	0.00	5.58	83.82	89.14	0.00	39	0	42	0.00	0.00	71.83	7.81	0.00	0.00	2000
230	11.30	2054	2082	0.00	182	0	0	0	nan	0.00	0.02	4.74	83.28	88.70	0.00	37	0	42	0.00	0.00	63.98	7.51	0.00	0.00	2000
236	11.25	2080	2122	0.00	213	0	0	0	nan	0.00	0.00	6.85	82.85	88.75	0.00	37	0	42	0.00	0.00	68.74	8.06	0.00	0.00	2000
226	10.90	2123	2054	0.00	203	0	0	0	nan	0.00	0.02	5.43	81.75	89.10	0.00	37	0	42	0.00	0.00	62.55	7.15	0.00	0.00	2000
233	10.51	2172	2147	0.00	214	0	0	0	nan	0.00	1.00	4.04	86.46	89.49	0.00	37	0	42	0.00	0.00	68.00	7.87	0.00	0.00	2000
224	10.88	2109	2048	0.00	180	0	0	0	nan	0.00	0.01	5.11	81.83	89.12	0.00	38	0	42	0.00	0.00	60.14	7.02	0.00	0.00	2000
233	10.80	2115	2143	0.00	213	0	0	0	nan	0.00	0.02	4.72	86.31	89.20	0.00	38	0	42	0.00	0.00	67.70	7.75	0.00	0.00	2000
228	11.00	2109	2065	0.00	201	0	0	0	nan	0.00	0.01	4.96	82.60	89.00	0.00	38	0	42	0.00	0.00	63.80	7.12	0.00	0.00	2000
235	10.81	2131	2141	0.30	215	0	0	10	78.32	0.00	0.03	5.37	85.56	89.19	0.00	39	0	42	0.00	0.00	66.75	7.73	0.00	0.00	2000
225	10.86	2111	2056	0.41	199	0	0	2	91.10	0.00	0.00	4.19	83.13	89.14	0.00	38	0	42	0.00	0.00	63.87	7.34	0.00	0.00	2000
234	11.26	2051	2129	0.00	233	0	0	0	nan	0.00	0.02	4.83	85.20	88.74	0.00	38	0	42	0.00	0.00	69.24	7.52	0.00	0.00	2000
229	10.80	2129	2095	0.00	203	0	0	0	nan	0.00	0.01	5.46	83.61	89.20	0.00	38	0	42	0.00	0.00	60.02	7.29	0.00	0.00	2000
243	11.59	2080	2113	0.00	233	0	0	0	nan	0.00	0.01	6.21	82.88	88.41	0.00	37	0	42	0.00	0.00	69.03	8.67	0.00	0.00	2000
237	11.17	2106	2115	0.00	196	0	0	0	nan	0.00	0.04	5.83	83.71	88.83	0.00	37	0	42	0.00	0.00	69.46	8.12	0.00	0.00	2000
232	11.27	2111	2049	0.00	194	0	0	0	nan	0.00	0.02	6.38	80.26	88.73	0.00	37	0	42	0.00	0.00	62.00	7.66	0.00	0.00	2000
237	11.31	2043	2152	0.00	201	0	0	0	nan	0.08	0.08	4.39	86.57	88.69	0.00	37	0	42	0.00	0.00	65.41	7.86	0.00	0.00	2000
233	11.29	2061	2101	0.00	195	0	0	0	nan	0.00	0.00	5.48	83.33	88.71	0.00	37	0	42	0.00	0.00	64.95	7.72	0.00	0.00	2000
232	11.19	2072	2098	0.00	196	0	0	0	nan	0.00	0.00	7.02	81.79	88.81	0.00	37	0	42	0.00	0.00	64.92	7.81	0.00	0.00	2000
234	11.40	2048	2101	0.00	197	0	0	0	nan	0.00	0.00	6.86	81.83	88.60	0.00	38	0	42	0.00	0.00	64.37	7.83	0.00	0.00	2000
232	11.22	2063	2105	0.00	200	0	0	0	nan	0.00	0.00	5.36	83.70	88.78	0.00	37	0	42	0.00	0.00	65.93	7.90	0.00	0.00	2000
232	11.41	2084	2047	0.00	199	0	0	0	nan	0.00	0.00	6.16	80.31	88.59	0.00	38	0	42	0.00	0.00	62.56	7.31	0.00	0.00	2000
229	11.07	2029	2136	0.00	198	0	0	0	nan	0.00	0.00	8.31	82.32	88.93	0.00	38	0	42	0.00	0.00	64.32	7.49	0.00	0.00	2000
229	11.15	2061	2096	0.00	196	0	0	0	nan	0.00	0.00	7.67	81.05	88.85	0.00	39	0	42	0.00	0.00	64.44	7.42	0.00	0.00	2000
252	12.14	2067	2112	0.00	198	0	0	0	nan	0.03	0.00	8.56	79.92	87.86	0.00	38	0	42	0.00	0.00	65.10	7.68	0.00	0.00	2000
231	11.49	2032	2078	0.00	198	0	0	0	nan	0.00	0.00	6.56	81.09	88.51	0.00	38	0	42	0.00	0.00	64.06	7.53	0.00	0.00	2000
230	11.06	2063	2120	0.42	196	0	0	4	90.60	0.00	0.00	9.23	80.71	88.94	0.00	39	0	42	0.00	0.00	64.46	7.52	0.00	0.00	2000
230	11.28	2031	2106	0.39	196	0	0	0	nan	0.00	0.00	7.97	81.06	88.72	0.00	38	0	42	0.00	0.00	64.29	7.36	0.00	0.00	2000
229	11.33	2021	2104	0.00	195	0	0	0	nan	0.00	0.00	6.44	82.45	88.67	0.00	38	0	42	0.00	0.00	65.72	7.63	0.00	0.00	2000
231	11.27	2054	2097	0.00	197	0	0	0	nan	0.00	0.02	9.40	79.29	88.73	0.00	38	0	42	0.00	0.00	64.69	7.64	0.00	0.00	2000
228	11.05	2076	2088	0.00	196	0	0	0	nan	0.00	0.07	3.31	85.13	88.95	0.00	38	0	42	0.00	0.00	62.50	7.26	0.00	0.00	2000
230	11.17	2106	2053	0.00	194	0	0	0	nan	0.00	0.06	2.15	84.73	88.83	0.00	38	0	42	0.00	0.00	64.82	7.45	0.00	0.00	2000
229	10.88	2057	2148	0.00	199	0	0	0	nan	0.00	0.02	7.48	83.70	89.12	0.00	39	0	42	0.00	0.00	64.37	7.28	0.00	0.00	2000
229	11.20	2030	2115	0.00	195	0	0	0	nan	0.00	0.00	8.14	81.40	88.80	0.00	38	0	42	0.00	0.00	64.32	7.62	0.00	0.00	2000
237	11.55	2065	2085	0.00	212	0	0	0	nan	0.02	1.44	11.14	75.39	88.45	0.00	39	0	42	0.00	0.00	64.11	7.42	0.00	0.00	2000
230	11.13	2059	2107	0.00	195	0	0	0	nan	0.00	0.00	7.51	81.73	88.87	0.00	39	0	42	0.00	0.00	64.89	7.55	0.00	0.00	2000
231	11.42	2024	2099	0.00	196	0	0	0	nan	0.00	0.00	7.23	81.47	88.58	0.00	39	0	42	0.00	0.00	64.57	7.97	0.00	0.00	2000
231	11.19	2058	2107	0.00	201	0	0	0	nan	0.00	0.00	7.81	81.23	88.81	0.00	38	0	42	0.00	0.00	66.36	7.70	0.00	0.00	2000
229	11.16	2108	2049	0.00	196	0	0	0	nan	0.00	0.00	6.61	80.12	88.84	0.00	38	0	42	0.00	0.00	60.77	7.08	0.00	0.00	2000
232	11.05	2056	2147	0.00	197	0	0	0	nan	0.00	0.02	7.94	83.08	88.95	0.00	39	0	43	0.00	0.00	67.91	7.71	0.00	0.00	2000
228	11.28	2051	2066	0.00	198	0	0	0	nan	0.00	0.00	6.24	81.13	88.72	0.00	39	0	42	0.00	0.00	64.27	7.52	0.00	0.00	2000
233	11.07	2075	2131	0.00	199	0	0	0	nan	0.00	0.00	6.64	83.66	88.93	0.00	39	0	42	0.00	0.00	65.12	7.44	0.00	0.00	2000
230	10.89	2111	2097	0.00	203	0	0	0	nan	0.00	0.00	6.11	82.90	89.11	0.00	39	0	42	0.00	0.00	64.45	7.47	0.00	0.00	2000
229	11.29	2036	2091	0.30	195	0	0	3	85.63	0.00	0.00	7.81	80.66	88.71	0.00	39	0	42	0.00	0.00	64.40	7.37	0.00	0.00	2000
230	11.22	2062	2086	0.84	198	0	0	2	87.34	0.03	0.06	4.82	83.48	88.78	0.00	39	0	42	0.00	0.00	64.50	7.60	0.00	0.00	2000
233	11.26	2036	2130	0.00	199	0	0	0	nan	0.00	0.00	8.43	81.77	88.74	0.00	39	0	42	0.00	0.00	64.62	7.36	0.00	0.00	2000
229	11.09	2058	2106	0.00	196	0	0	0	nan	0.02	1.51	8.02	79.70	88.91	0.00	38	0	42	0.00	0.00	65.15	7.41	0.00	0.00	2000
235	11.40	2068	2092	0.00	197	0	0	0	nan	0.00	0.00	7.53	80.79	88.60	0.00	39	0	42	0.00	0.00	64.08	7.54	0.00	0.00	2000
228	11.24	2044	2084	0.00	194	0	0	0	nan	0.00	0.03	9.13	78.99	88.76	0.00	38	0	42	0.00	0.00	64.57	7.51	0.00	0.00	2000
229	11.22	2047	2095	0.00	197	0	0	0	nan	0.00	0.00	9.18	79.50	88.78	0.00	39	0	42	0.00	0.00	64.35	7.40	0.00	0.00	2000
228	11.09	2049	2109	0.00	197	0	0	0	nan	0.00	0.00	7.11	82.31	88.91	0.00	39	0	42	0.00	0.00	64.36	7.46	0.00	0.00	2000
229	11.23	2022	2119	0.00	194	0	0	0	nan	0.00	0.00	7.39	82.37	88.77	0.00	39	0	42	0.00	0.00	64.34	7.35	0.00	0.00	2000
231	11.13	2074	2099	0.00	199	0	0	0	nan	0.00	0.00	7.58	81.40	88.87	0.00	39	0	42	0.00	0.00	64.80	7.48	0.00	0.00	2000
229	11.19	2047	2100	0.00	198	0	0	0	nan	0.00	0.00	7.56	81.33	88.81	0.00	39	0	42	0.00	0.00	64.62	7.55	0.00	0.00	2000
228	11.22	2079	2052	0.00	196	0	0	0	nan	0.00	0.00	6.53	80.30	88.78	0.00	39	0	42	0.00	0.00	60.86	7.09	0.00	0.00	2000
230	10.81	2081	2145	0.00	195	0	0	0	nan	0.00	0.03	6.81	84.36	89.19	0.00	39	0	42	0.00	0.00	67.26	7.75	0.00	0.00	2000
228	11.11	2050	2099	0.00	196	0	0	0	nan	0.00	0.00	7.06	81.88	88.89	0.00	39	0	42	0.00	0.00	64.83	7.56	0.00	0.00	2000
233	11.41	2070	2068	0.00	201	0	0	0	nan	0.04	0.00	7.68	79.68	88.59	0.00	39	0	42	0.00	0.00	61.09	7.11	0.00	0.00	2000
229	10.92	2076	2124	0.00	197	0	0	0	nan	0.00	0.06	7.01	83.20	89.08	0.00	39	0	42	0.00	0.00	67.82	8.12	0.00	0.00	2000
232	11.63	1990	2106	0.00	209	0	0	0	nan	0.01	0.02	5.57	83.19	88.37	0.00	39	0	42	0.00	0.00	64.88	7.44	0.00	0.00	2000
228	11.17	2081	2064	0.00	202	0	0	4	58.52	0.00	0.03	6.22	81.18	88.83	0.00	38	0	42	0.00	0.00	61.48	7.16	0.00	0.00	2000
231	11.13	2039	2139	0.92	197	0	0	2	90.18	0.00	0.00	7.41	83.25	88.87	0.00	39	0	42	0.00	0.00	67.45	7.76	0.00	0.00	2000
232	11.27	2085	2075	0.00	199	0	0	0	nan	0.00	0.02	5.62	82.04	88.73	0.00	38	0	42	0.00	0.00	62.03	7.08	0.00	0.00	2000
231	11.27	2039	2107	0.00	198	0	0	0	nan	0.01	0.00	8.73	80.41	88.73	0.00	39	0	42	0.00	0.00	64.18	7.47	0.00	0.00	2000
228	11.12	2069	2085	0.00	194	0	0	0	nan	0.00	0.00	7.83	80.53	88.88	0.00	39	0	42	0.00	0.00	64.26	7.57	0.00	0.00	2000
230	10.88	2083	2128	0.00	198	0	0	0	nan	0.00	0.01	5.58	84.77	89.12	0.00	39	0	42	0.00	0.00	67.27	7.65	0.00	0.00	2000
228	11.11	2051	2096	0.00	195	0	0	0	nan	0.00	0.00	8.08	80.81	88.89	0.00	39	0	42	0.00	0.00	64.48	7.47	0.00	0.00	2000
232	11.18	2069	2110	0.00	195	0	0	0	nan	0.04	0.02	7.56	81.72	88.82	0.00	39	0	42	0.00	0.00	62.14	7.18	0.00	0.00	2000
228	11.30	2053	2063	0.00	200	0	0	0	nan	0.00	0.00	6.34	80.86	88.70	0.00	39	0	42	0.00	0.00	63.43	7.47	0.00	0.00	2000
229	10.98	2050	2140	0.00	197	0	0	0	nan	0.00	0.00	8.65	82.19	89.02	0.00	39	0	42	0.00	0.00	64.26	7.81	0.00	0.00	2000
229	10.92	2107	2087	0.00	199	0	0	0	nan	0.00	0.01	5.79	82.84	89.08	0.00	38	0	42	0.00	0.00	67.09	7.36	0.00	0.00	2000
229	11.30	2015	2108	0.00	194	0	0	0	nan	0.00	0.00	7.29	81.92	88.70	0.00	39	0	42	0.00	0.00	61.97	7.18	0.00	0.00	2000
230	11.19	2067	2087	0.00	198	0	0	0	nan	0.00	0.00	6.33	82.04	88.81	0.00	39	0	42	0.00	0.00	64.01	7.49	0.00	0.00	2000
230	11.05	2063	2114	0.00	199	0	0	0	nan	0.00	0.09	4.00	85.58	88.95	0.00	38	0	42	0.00	0.00	67.02	7.85	0.00	0.00	2000
229	11.07	2099	2067	0.00	200	0	0	0	nan	0.00	0.04	5.65	81.92	88.93	0.00	38	0	42	0.00	0.00	62.17	7.25	0.00	0.00	2000
230	11.05	2047	2131	0.00	195	0	0	0	nan	0.00	0.44	8.89	81.15	88.95	0.00	39	0	42	0.00	0.00	63.48	7.65	0.00	0.00	2000
228	10.90	2098	2098	0.00	197	0	0	0	nan	0.00	0.42	7.33	81.33	89.10	0.00	39	0	42	0.00	0.00	65.24	7.43	0.00	0.00	2000
230	11.05	2067	2110	0.00	194	0	0	2	86.35	0.00	0.00	7.38	82.02	88.95	0.00	38	0	42	0.00	0.00	66.04	7.45	0.00	0.00	2000
234	11.24	2080	2102	0.71	200	0	0	4	94.07	0.00	0.00	7.41	81.56	88.76	0.00	39	0	42	0.00	0.00	63.08	7.15	0.00	0.00	2000
233	11.61	2084	2026	0.00	196	0	0	0	nan	0.00	0.00	7.16	78.20	88.39	0.00	39	0	42	0.00	0.00	62.20	7.27	0.00	0.00	2000
233	10.95	2062	2165	0.00	196	0	0	0	nan	0.00	0.01	7.87	84.02	89.05	0.00	38	0	42	0.00	0.00	68.62	8.95	0.00	0.00	2000
231	11.28	2071	2079	0.00	198	0	0	0	nan	0.00	0.00	6.13	81.80	88.72	0.00	39	0	42	0.00	0.00	66.00	8.98	0.00	0.00	2000
228	11.04	2064	2104	0.00	196	0	0	0	nan	0.00	0.00	7.44	81.81	88.96	0.00	39	0	42	0.00	0.00	66.93	9.01	0.00	0.00	2000
233	11.22	2078	2099	0.00	197	0	0	0	nan	0.00	0.00	8.46	80.33	88.78	0.00	39	0	43	0.00	0.00	66.42	8.94	0.00	0.00	2000
229	10.94	2061	2136	0.00	196	0	0	0	nan	0.00	0.00	9.19	81.39	89.06	0.00	39	0	42	0.00	0.00	67.88	9.02	0.00	0.00	2000
230	10.97	2101	2098	0.00	197	0	0	0	nan	0.00	0.00	6.18	82.94	89.03	0.00	39	0	42	0.00	0.00	62.77	7.39	0.00	0.00	2000
229	10.99	2091	2095	0.00	198	0	0	0	nan	0.00	0.00	6.23	82.72	89.01	0.00	39	0	42	0.00	0.00	64.63	7.51	0.00	0.00	2000
231	11.21	2054	2104	0.00	196	0	0	0	nan	0.00	0.08	4.40	84.53	88.79	0.00	39	0	42	0.00	0.00	65.65	7.75	0.00	0.00	2000
231	11.28	2062	2088	0.00	197	0	0	0	nan	0.00	0.05	2.62	85.69	88.72	0.00	39	0	42	0.00	0.00	59.58	7.28	0.00	0.00	2000
231	11.22	2055	2108	0.00	201	0	0	0	nan	0.00	0.00	6.94	82.25	88.78	0.00	39	0	42	0.00	0.00	68.33	7.65	0.00	0.00	2000
228	11.09	2061	2097	0.00	179	0	0	0	nan	0.00	0.01	7.47	81.44	88.91	0.00	38	0	42	0.00	0.00	62.62	7.28	0.00	0.00	2000
232	11.22	2057	2109	0.00	196	0	0	0	nan	0.02	1.47	7.43	80.42	88.78	0.00	39	0	42	0.00	0.00	65.56	7.76	0.00	0.00	2000
229	11.15	2059	2095	0.00	196	0	0	0	nan	0.02	0.00	7.99	80.76	88.85	0.00	39	0	42	0.00	0.00	64.79	7.59	0.00	0.00	2000
230	10.96	2100	2101	0.00	197	0	0	0	nan	0.00	0.00	6.12	83.03	89.04	0.00	38	0	42	0.00	0.00	64.64	7.42	0.00	0.00	2000
231	11.24	2058	2101	0.00	198	0	0	0	nan	0.00	0.00	5.95	83.00	88.76	0.00	39	0	42	0.00	0.00	62.80	7.38	0.00	0.00	2000
232	11.18	2072	2100	0.66	203	0	0	4	39.35	0.00	0.00	5.96	82.96	88.82	0.00	38	0	42	0.00	0.00	64.98	7.56	0.00	0.00	2000
229	11.25	2029	2105	0.25	180	0	0	0	nan	0.00	0.00	7.76	81.29	88.75	0.00	39	0	42	0.00	0.00	63.43	7.47	0.00	0.00	2000
231	11.20	2062	2097	0.00	196	0	0	0	nan	0.00	0.00	6.79	81.98	88.80	0.00	39	0	42	0.00	0.00	65.07	7.67	0.00	0.00	2000
230	11.19	2052	2100	0.00	195	0	0	0	nan	0.00	0.00	6.11	82.82	88.81	0.00	39	0	42	0.00	0.00	65.26	7.60	0.00	0.00	2000
230	11.31	2035	2100	0.00	198	0	0	0	nan	0.00	0.00	6.47	82.39	88.69	0.00	39	0	42	0.00	0.00	62.83	7.54	0.00	0.00	2000
232	11.11	2090	2098	0.00	181	0	0	0	nan	0.00	0.01	7.24	81.68	88.89	0.00	39	0	42	0.00	0.00	63.82	7.61	0.00	0.00	2000
232	11.19	2076	2101	0.00	199	0	0	0	nan	0.00	0.08	7.72	81.21	88.81	0.00	39	0	42	0.00	0.00	65.74	7.58	0.00	0.00	2000
229	10.93	2099	2097	0.00	197	0	0	0	nan	0.00	0.03	2.66	86.34	89.07	0.00	38	0	42	0.00	0.00	65.05	7.77	0.00	0.00	2000
230	11.09	2068	2103	0.00	195	0	0	0	nan	0.00	0.00	6.39	82.76	88.91	0.00	39	0	42	0.00	0.00	65.30	7.67	0.00	0.00	2000
237	11.52	2060	2097	0.00	199	0	0	0	nan	0.00	0.03	6.92	81.51	88.48	0.00	38	0	42	0.00	0.00	62.80	7.21	0.00	0.00	2000
231	11.18	2062	2100	0.00	196	0	0	0	nan	0.00	0.00	6.81	82.20	88.82	0.00	39	0	42	0.00	0.00	62.62	7.21	0.00	0.00	2000
232	11.19	2066	2104	0.00	183	0	0	0	nan	0.00	0.02	7.27	81.73	88.81	0.00	38	0	42	0.00	0.00	66.27	7.78	0.00	0.00	2000
230	11.12	2068	2100	0.00	194	0	0	0	nan	0.00	0.00	7.88	81.10	88.88	0.00	38	0	42	0.00	0.00	65.81	7.72	0.00	0.00	2000
229	11.12	2058	2099	0.00	198	0	0	0	nan	0.00	0.01	6.57	82.37	88.88	0.00	39	0	42	0.00	0.00	63.23	7.28	0.00	0.00	2000
233	11.12	2102	2098	0.00	198	0	0	0	nan	0.00	0.00	6.64	82.07	88.88	0.00	38	0	42	0.00	0.00	63.79	7.48	0.00	0.00	2000
229	11.00	2082	2102	0.00	179	0	0	0	nan	0.00	0.00	5.22	83.91	89.00	0.00	39	0	42	0.00	0.00	65.54	7.71	0.00	0.00	2000
232	11.35	2049	2099	0.00	197	1	0	0	nan	0.00	0.05	6.37	82.37	88.65	0.00	39	0	42	0.00	0.00	64.94	7.59	0.00	0.00	2000
232	11.26	2059	2098	0.02	203	0	0	4	56.53	0.00	0.03	7.25	81.51	88.74	0.00	38	0	42	0.00	0.00	63.31	7.29	0.00	0.00	2000
232	11.01	2100	2103	0.81	197	0	0	3	70.19	0.00	0.00	6.18	82.98	88.99	0.00	39	0	42	0.00	0.00	63.73	7.40	0.00	0.00	2000
230	11.09	2075	2103	0.00	178	0	0	0	nan	0.00	0.01	7.27	81.88	88.91	0.00	38	0	42	0.00	0.00	66.55	7.71	0.00	0.00	2000
230	11.05	2084	2098	0.00	196	0	0	0	nan	0.00	0.01	5.77	83.16	88.95	0.00	38	0	42	0.00	0.00	64.87	7.63	0.00	0.00	2000
230	11.06	2079	2099	0.00	200	0	0	0	nan	0.00	0.07	3.82	85.15	88.94	0.00	38	0	42	0.00	0.00	61.12	7.09	0.00	0.00	2000
232	11.22	2072	2097	0.00	180	0	0	0	nan	0.00	0.06	3.10	85.60	88.78	0.00	39	0	42	0.00	0.00	65.00	7.55	0.00	0.00	2000
231	11.12	2073	2106	0.00	199	0	0	0	nan	0.00	0.00	5.94	83.29	88.88	0.00	38	0	42	0.00	0.00	66.59	7.77	0.00	0.00	2000
229	10.85	2119	2094	0.00	197	0	0	0	nan	0.00	1.06	6.56	81.40	89.15	0.00	39	0	42	0.00	0.00	64.57	7.68	0.00	0.00	2000
229	11.22	2034	2107	0.00	195	0	0	0	nan	0.02	1.46	6.59	81.12	88.78	0.00	38	0	42	0.00	0.00	63.70	7.53	0.00	0.00	2000
231	11.08	2092	2097	0.00	198	0	0	0	nan	0.00	0.00	6.10	82.72	88.92	0.00	39	0	43	0.00	0.00	63.53	7.39	0.00	0.00	2000
230	11.05	2081	2100	0.00	183	0	0	0	nan	0.00	0.00	6.62	82.40	88.95	0.00	39	0	42	0.00	0.00	66.07	7.69	0.00	0.00	2000
232	11.21	2074	2100	0.00	195	0	0	0	nan	0.00	0.03	6.60	82.26	88.79	0.00	38	0	42	0.00	0.00	62.06	7.45	0.00	0.00	2000
229	11.10	2063	2096	0.00	201	0	0	0	nan	0.00	0.00	5.76	83.10	88.90	0.00	39	0	42	0.00	0.00	65.22	7.61	0.00	0.00	2000
230	11.01	2088	2100	0.00	196	0	0	0	nan	0.00	0.04	6.91	82.09	88.99	0.00	39	0	42	0.00	0.00	64.65	7.57	0.00	0.00	2000
229	11.04	2069	2104	0.00	195	0	0	0	nan	0.00	0.02	6.78	82.41	88.96	0.00	38	0	42	0.00	0.00	63.64	7.42	0.00	0.00	2000
230	11.07	2082	2096	0.00	180	0	0	0	nan	0.00	0.02	6.18	82.69	88.93	0.00	39	0	42	0.00	0.00	64.53	7.56	0.00	0.00	2000
229	10.97	2085	2107	0.00	196	0	0	0	nan	0.00	0.00	6.58	82.83	89.03	0.00	39	0	42	0.00	0.00	66.57	7.76	0.00	0.00	2000
234	11.20	2096	2097	0.00	198	0	0	0	95.61	0.00	0.02	6.46	82.33	88.80	0.00	39	0	42	0.00	0.00	65.19	7.45	0.00	0.00	2000
229	11.30	2025	2103	0.69	201	0	0	4	36.54	0.00	0.10	2.78	86.21	88.70	0.00	39	0	42	0.00	0.00	60.65	7.53	0.00	0.00	2000
231	11.16	2079	2094	0.23	198	0	0	0	nan	0.00	0.05	2.83	85.89	88.84	0.00	39	0	42	0.00	0.00	64.88	7.71	0.00	0.00	2000
229	11.14	2063	2097	0.00	180	0	0	0	nan	0.00	0.02	6.62	82.20	88.86	0.00	39	0	42	0.00	0.00	64.85	7.36	0.00	0.00	2000
231	11.24	2049	2107	0.00	199	0	0	0	nan	0.00	0.03	6.28	82.84	88.76	0.00	39	0	42	0.00	0.00	66.20	7.75	0.00	0.00	2000
230	11.09	2075	2097	0.00	193	0	0	0	nan	0.00	0.02	6.65	82.25	88.91	0.00	39	0	42	0.00	0.00	62.90	7.32	0.00	0.00	2000
234	11.34	2061	2102	0.00	199	0	0	0	nan	0.02	0.95	8.05	79.83	88.66	0.00	39	0	42	0.00	0.00	63.41	7.46	0.00	0.00	2000
229	11.08	2076	2095	0.00	181	0	0	0	nan	0.00	0.00	6.62	82.18	88.92	0.00	38	0	42	0.00	0.00	65.04	7.70	0.00	0.00	2000
230	11.22	2044	2101	0.00	197	0	0	0	nan	0.00	0.02	6.51	82.37	88.78	0.00	39	0	42	0.00	0.00	64.61	7.64	0.00	0.00	2000
230	11.14	2061	2105	0.00	197	0	0	0	nan	0.00	0.00	6.26	82.93	88.86	0.00	39	0	42	0.00	0.00	63.57	7.48	0.00	0.00	2000
231	10.98	2106	2099	0.00	195	0	0	0	nan	0.00	0.03	6.32	82.67	89.02	0.00	39	0	42	0.00	0.00	65.06	7.70	0.00	0.00	2000
229	10.94	2096	2100	0.00	194	0	0	0	nan	0.00	0.00	6.71	82.42	89.06	0.00	38	0	42	0.00	0.00	63.97	7.50	0.00	0.00	2000
232	11.37	2046	2093	0.00	182	0	0	0	nan	0.00	0.03	7.30	81.15	88.63	0.00	38	0	42	0.00	0.00	64.29	7.67	0.00	0.00	2000
231	11.03	2089	2102	0.00	197	0	0	0	nan	0.00	0.52	7.37	81.15	88.97	0.00	39	0	42	0.00	0.00	65.30	7.41	0.00	0.00	2000
231	11.05	2086	2108	0.00	196	0	0	0	nan	0.00	0.00	6.41	82.92	88.95	0.00	38	0	42	0.00	0.00	63.15	7.50	0.00	0.00	2000
229	10.89	2109	2098	0.00	197	0	0	0	nan	0.00	0.00	6.46	82.60	89.11	0.00	38	0	42	0.00	0.00	64.20	7.55	0.00	0.00	2000
229	10.89	2109	2097	0.00	196	0	0	0	nan	0.00	0.08	3.29	85.81	89.11	0.00	39	0	42	0.00	0.00	65.90	7.72	0.00	0.00	2000
230	11.22	2049	2105	0.00	180	0	0	0	nan	0.01	0.01	3.34	85.79	88.78	0.00	39	0	42	0.00	0.00	63.29	7.59	0.00	0.00	2000
235	10.77	2185	2096	0.03	197	0	0	4	54.41	0.00	1.23	5.86	82.05	89.23	0.00	39	0	42	0.00	0.00	64.93	7.44	0.00	0.00	2000
231	11.05	2092	2098	0.80	194	0	0	3	68.65	0.01	0.02	8.36	80.61	88.95	0.00	39	0	42	0.00	0.00	66.29	7.76	0.00	0.00	2000
230	11.05	2083	2097	0.00	182	0	0	0	nan	0.00	0.02	6.20	82.69	88.95	0.00	38	0	42	0.00	0.00	64.68	7.44	0.00	0.00	2000
230	11.14	2059	2106	0.00	197	0	0	0	nan	0.00	0.00	6.97	82.31	88.86	0.00	39	0	42	0.00	0.00	63.36	7.51	0.00	0.00	2000
229	11.18	2056	2096	0.00	195	0	0	0	nan	0.01	0.02	5.49	83.27	88.82	0.00	39	0	42	0.00	0.00	61.90	7.26	0.00	0.00	2000
232	11.33	2046	2098	0.00	195	0	0	0	nan	0.00	0.00	7.24	81.47	88.67	0.00	39	0	42	0.00	0.00	65.01	7.53	0.00	0.00	2000
231	11.06	2091	2101	0.00	199	0	0	0	nan	0.00	0.02	6.56	82.48	88.94	0.00	39	0	42	0.00	0.00	64.81	7.65	0.00	0.00	2000
230	11.09	2068	2105	0.00	194	0	0	0	nan	0.00	0.01	6.49	82.73	88.91	0.00	39	0	42	0.00	0.00	66.58	7.88	0.00	0.00	2000
231	11.16	2067	2098	0.00	180	0	0	0	nan	0.00	0.02	6.76	82.05	88.84	0.00	39	0	42	0.00	0.00	65.28	7.67	0.00	0.00	2000
230	11.02	2078	2105	0.00	196	0	0	0	nan	0.00	0.02	6.93	82.31	88.98	0.00	39	0	42	0.00	0.00	63.35	7.45	0.00	0.00	2000
230	10.87	2124	2091	0.00	195	0	0	0	nan	0.00	0.00	5.17	83.64	89.13	0.00	39	0	42	0.00	0.00	61.98	7.22	0.00	0.00	2000
232	11.03	2102	2104	0.00	197	0	0	0	nan	0.00	0.01	6.52	82.71	88.97	0.00	38	0	42	0.00	0.00	66.35	7.88	0.00	0.00	2000
232	10.96	2116	2101	0.00	201	0	0	0	nan	0.00	0.05	4.98	84.12	89.04	0.00	39	0	42	0.00	0.00	65.78	7.95	0.00	0.00	2000
230	10.52	2185	2101	0.00	181	0	0	0	nan	0.00	0.95	2.49	86.12	89.48	0.00	39	0	42	0.00	0.00	63.58	7.40	0.00	0.00	2000
230	11.10	2076	2096	0.00	194	0	0	0	nan	0.02	1.56	5.05	82.26	88.90	0.00	39	0	42	0.00	0.00	62.15	7.28	0.00	0.00	2000
229	11.06	2073	2101	0.00	198	0	0	0	nan	0.00	0.45	7.56	81.14	88.94	0.00	38	0	42	0.00	0.00	66.37	7.75	0.00	0.00	2000
232	10.84	2141	2099	0.00	199	0	0	0	nan	0.00	0.95	8.86	79.49	89.16	0.00	39	0	42	0.00	0.00	66.29	7.74	0.00	0.00	2000
240	11.33	2110	2105	0.00	184	0	0	0	94.72	0.00	0.00	7.14	81.83	88.67	0.00	39	0	42	0.00	0.00	64.01	7.57	0.00	0.00	2000
231	11.12	2080	2098	0.72	200	0	0	4	45.36	0.00	0.00	6.80	82.04	88.88	0.00	39	0	42	0.00	0.00	63.00	7.65	0.00	0.00	2000
230	10.78	2135	2095	0.19	197	0	0	0	nan	0.00	0.00	6.41	82.59	89.22	0.00	39	0	42	0.00	0.00	64.44	7.73	0.00	0.00	2000
230	11.27	2042	2101	0.00	195	0	0	0	nan	0.00	0.00	7.02	81.84	88.73	0.00	39	0	42	0.00	0.00	64.72	7.59	0.00	0.00	2000
229	11.18	2044	2102	0.00	195	0	0	0	nan	0.00	0.01	6.75	82.27	88.82	0.00	39	0	43	0.00	0.00	65.70	7.93	0.00	0.00	2000
231	10.98	2096	2105	0.00	181	0	0	0	nan	0.00	0.02	6.46	82.65	89.02	0.00	39	0	42	0.00	0.00	64.14	7.51	0.00	0.00	2000
233	11.21	2079	2097	0.00	198	0	0	0	nan	0.00	0.00	7.30	81.42	88.79	0.00	39	0	42	0.00	0.00	62.72	7.32	0.00	0.00	2000
232	11.02	2102	2103	0.00	201	0	0	0	nan	0.00	0.00	5.29	83.89	88.98	0.00	38	0	42	0.00	0.00	66.51	7.85	0.00	0.00	2000
231	11.20	2068	2092	0.00	180	0	0	0	nan	0.04	0.00	6.90	81.73	88.80	0.00	39	0	42	0.00	0.00	65.55	7.68	0.00	0.00	2000
230	11.12	2070	2099	0.00	199	0	0	0	nan	0.00	0.02	5.43	83.44	88.88	0.00	39	0	42	0.00	0.00	64.58	7.62	0.00	0.00	2000
229	10.86	2109	2102	0.00	196	0	0	0	nan	0.00	0.58	3.35	85.46	89.14	0.00	39	0	42	0.00	0.00	60.23	7.14	0.00	0.00	2000
231	11.08	2080	2104	0.00	197	0	0	0	nan	0.00	0.03	4.35	84.89	88.92	0.00	39	0	42	0.00	0.00	66.09	7.74	0.00	0.00	2000
232	11.08	2095	2102	0.00	205	0	0	0	nan	0.00	0.18	6.03	82.83	88.92	0.00	39	0	42	0.00	0.00	66.36	7.94	0.00	0.00	2000
229	10.99	2091	2096	0.00	195	0	0	0	nan	0.00	0.00	6.97	81.98	89.01	0.00	38	0	42	0.00	0.00	62.19	7.22	0.00	0.00	2000
228	11.09	2055	2098	0.00	181	0	0	0	nan	0.00	0.03	6.25	82.70	88.91	0.00	39	0	42	0.00	0.00	65.07	7.19	0.00	0.00	2000
228	11.17	2043	2100	0.00	196	0	0	0	nan	0.00	0.00	6.24	82.66	88.83	0.00	39	0	42	0.00	0.00	62.57	7.54	0.00	0.00	2000
229	11.10	2061	2106	0.00	197	0	0	0	nan	0.00	0.01	5.95	83.28	88.90	0.00	39	0	42	0.00	0.00	66.70	7.85	0.00	0.00	2000
232	11.26	2077	2087	0.00	196	0	0	0	nan	0.00	0.00	5.63	82.72	88.74	0.00	38	0	42	0.00	0.00	63.85	7.61	0.00	0.00	2000
228	11.22	2094	2037	0.11	201	0	0	13	14.60	0.00	0.02	6.06	80.20	88.78	0.00	38	0	42	0.00	0.00	61.92	7.34	0.00	0.00	2000
233	10.94	2048	2182	0.59	194	0	0	4	45.66	0.00	0.00	7.69	84.86	89.06	0.00	38	0	42	0.00	0.00	66.14	7.92	0.00	0.00	2000
230	11.14	2070	2096	0.00	201	0	0	0	nan	0.00	0.00	8.52	80.33	88.86	0.00	38	0	42	0.00	0.00	65.79	7.65	0.00	0.00	2000
230	11.16	2058	2101	0.00	197	0	0	0	nan	0.00	0.01	6.37	82.63	88.84	0.00	38	0	42	0.00	0.00	64.74	7.65	0.00	0.00	2000
229	11.20	2040	2101	0.00	195	0	0	0	nan	0.00	0.00	6.77	82.22	88.80	0.00	38	0	42	0.00	0.00	63.59	7.51	0.00	0.00	2000
233	11.36	2049	2097	0.00	184	0	0	0	nan	0.00	0.63	7.67	80.36	88.64	0.00	38	0	42	0.00	0.00	63.65	7.36	0.00	0.00	2000
230	10.76	2132	2103	0.00	196	0	0	0	nan	0.00	1.30	6.70	81.46	89.24	0.00	38	0	42	0.00	0.00	66.54	7.52	0.00	0.00	2000
230	11.01	2089	2097	0.00	198	0	0	0	nan	0.01	0.01	3.52	85.36	88.99	0.00	39	0	42	0.00	0.00	65.09	7.61	0.00	0.00	2000
230	11.10	2063	2106	0.00	196	0	0	0	nan	0.00	0.02	6.40	82.82	88.90	0.00	38	0	42	0.00	0.00	63.87	7.52	0.00	0.00	2000
248	12.00	2079	2092	0.00	179	0	0	0	nan	0.00	0.02	7.99	79.70	88.00	0.00	38	0	42	0.00	0.00	62.34	7.24	0.00	0.00	2000
228	11.11	2052	2101	0.00	197	0	0	0	nan	0.00	0.00	6.81	82.30	88.89	0.00	39	0	42	0.00	0.00	64.90	7.63	0.00	0.00	2000
233	11.48	2022	2107	0.00	200	0	0	0	nan	0.02	1.45	7.89	79.62	88.52	0.00	38	0	42	0.00	0.00	65.58	7.90	0.00	0.00	2000
229	11.29	2029	2097	0.00	195	0	0	0	nan	0.00	0.01	7.74	81.06	88.71	0.00	39	0	42	0.00	0.00	66.04	7.81	0.00	0.00	2000
230	11.16	2058	2101	0.00	197	0	0	0	nan	0.00	0.00	7.23	81.74	88.84	0.00	39	0	42	0.00	0.00	62.79	7.53	0.00	0.00	2000
231	11.23	2060	2097	0.00	183	0	0	0	nan	0.00	0.00	6.94	81.89	88.77	0.00	39	0	42	0.00	0.00	64.10	7.47	0.00	0.00	2000
232	11.20	2072	2104	0.00	198	0	0	0	nan	0.00	0.01	8.77	80.34	88.80	0.00	39	0	42	0.00	0.00	66.06	7.61	0.00	0.00	2000
230	11.14	2070	2097	0.00	198	0	0	0	nan	0.00	0.03	6.67	82.15	88.86	0.00	38	0	42	0.00	0.00	65.88	7.68	0.00	0.00	2000
231	11.09	2089	2097	0.00	196	0	0	1	66.18	0.00	0.00	6.97	81.85	88.91	0.00	39	0	42	0.00	0.00	64.76	7.58	0.00	0.00	2000
230	11.21	2045	2105	0.88	199	0	0	4	54.97	0.00	0.02	6.64	82.47	88.79	0.00	39	0	42	0.00	0.00	58.42	7.11	0.00	0.00	2000
230	11.30	2040	2097	0.03	181	0	0	0	nan	0.00	0.00	7.15	81.52	88.70	0.00	39	0	42	0.00	0.00	67.62	7.49	0.00	0.00	2000
229	11.00	2078	2106	0.00	197	0	0	0	nan	0.00	0.00	6.43	82.97	89.00	0.00	39	0	42	0.00	0.00	66.94	7.91	0.00	0.00	2000
230	10.80	2128	2099	0.00	196	0	0	0	nan	0.00	0.08	3.33	85.89	89.20	0.00	39	0	42	0.00	0.00	65.74	7.77	0.00	0.00	2000
230	11.06	2091	2089	0.00	197	0	0	0	nan	0.00	0.03	2.67	85.89	88.94	0.00	39	0	42	0.00	0.00	60.86	7.10	0.00	0.00	2000
231	11.25	2049	2105	0.00	201	0	0	0	nan	0.03	0.00	8.77	80.31	88.75	0.00	38	0	42	0.00	0.00	65.45	7.57	0.00	0.00	2000
229	11.08	2069	2097	0.00	183	0	0	0	nan	0.00	0.55	7.85	80.50	88.92	0.00	38	0	42	0.00	0.00	64.91	7.59	0.00	0.00	2000
236	11.48	2043	2109	0.00	214	0	0	0	nan	0.00	0.93	10.67	77.37	88.52	0.00	39	0	42	0.00	0.00	66.54	7.74	0.00	0.00	2000
229	11.23	2039	2099	0.00	194	0	0	0	nan	0.00	0.00	6.80	82.12	88.77	0.00	38	0	42	0.00	0.00	65.80	7.74	0.00	0.00	2000
230	11.18	2056	2100	0.00	197	0	0	0	nan	0.00	0.02	6.60	82.31	88.82	0.00	38	0	42	0.00	0.00	60.85	7.07	0.00	0.00	2000
231	11.50	2012	2098	0.00	181	0	0	0	nan	0.00	0.00	7.54	81.02	88.50	0.00	39	0	42	0.00	0.00	66.37	7.85	0.00	0.00	2000
230	11.10	2071	2105	0.00	203	0	0	0	nan	0.00	0.00	6.84	82.47	88.90	0.00	39	0	42	0.00	0.00	66.03	7.90	0.00	0.00	2000
229	11.02	2082	2095	0.00	197	0	0	0	nan	0.00	0.00	7.18	81.72	88.98	0.00	39	0	42	0.00	0.00	60.63	7.27	0.00	0.00	2000
230	10.96	2103	2100	0.00	195	0	0	0	nan	0.00	0.03	7.09	81.89	89.04	0.00	38	0	42	0.00	0.00	66.36	7.80	0.00	0.00	2000
231	11.17	2064	2101	0.00	179	0	0	0	nan	0.00	0.00	7.41	81.60	88.83	0.00	38	0	42	0.00	0.00	66.42	7.64	0.00	0.00	2000
230	11.06	2085	2097	0.00	196	0	0	0	nan	0.00	0.01	5.63	83.23	88.94	0.00	39	0	42	0.00	0.00	61.63	7.12	0.00	0.00	2000
232	11.23	2059	2103	0.00	195	0	0	0	nan	0.01	0.00	6.88	82.11	88.77	0.00	39	0	42	0.00	0.00	63.73	7.64	0.00	0.00	2000
230	11.06	2080	2097	0.19	186	0	0	4	49.46	0.00	0.06	5.92	82.96	88.94	0.00	39	0	42	0.00	0.00	65.33	7.52	0.00	0.00	2000
230	11.07	2075	2105	0.66	199	0	0	2	78.30	0.00	0.05	3.20	86.05	88.93	0.00	38	0	42	0.00	0.00	66.04	7.88	0.00	0.00	2000
231	10.92	2114	2097	0.00	197	0	0	0	nan	0.00	0.02	5.29	83.64	89.08	0.00	38	0	42	0.00	0.00	62.17	7.31	0.00	0.00	2000
229	10.96	2087	2098	0.00	196	0	0	0	nan	0.00	0.51	6.99	81.57	89.04	0.00	39	0	42	0.00	0.00	63.76	7.45	0.00	0.00	2000
229	11.32	2028	2099	0.00	181	0	0	0	nan	0.00	0.01	7.00	81.80	88.68	0.00	39	0	42	0.00	0.00	64.96	7.68	0.00	0.00	2000
232	11.04	2098	2104	0.00	195	0	0	0	nan	0.00	0.00	7.11	82.13	88.96	0.00	39	0	42	0.00	0.00	66.79	7.84	0.00	0.00	2000
231	11.04	2093	2100	0.00	204	0	0	0	nan	0.00	0.02	6.36	82.71	88.96	0.00	38	0	42	0.00	0.00	63.06	7.23	0.00	0.00	2000
229	11.21	2043	2096	0.00	195	0	0	0	nan	0.00	0.00	7.06	81.73	88.79	0.00	39	0	42	0.00	0.00	63.03	7.33	0.00	0.00	2000
231	11.27	2050	2099	0.00	180	0	0	0	nan	0.00	0.03	7.50	81.27	88.73	0.00	39	0	42	0.00	0.00	64.87	7.71	0.00	0.00	2000
230	11.23	2047	2103	0.00	200	0	0	0	nan	0.00	0.00	7.81	81.23	88.77	0.00	39	0	42	0.00	0.00	66.15	7.73	0.00	0.00	2000
231	10.82	2132	2102	0.00	195	0	0	0	nan	0.00	0.00	6.82	82.48	89.18	0.00	39	0	42	0.00	0.00	62.54	7.22	0.00	0.00	2000
231	11.01	2095	2098	0.00	196	0	0	0	nan	0.00	0.00	6.22	82.74	88.99	0.00	39	0	42	0.00	0.00	63.98	7.39	0.00	0.00	2000
230	11.07	2083	2097	0.00	184	0	0	0	nan	0.00	0.02	6.79	82.08	88.93	0.00	39	0	42	0.00	0.00	65.21	7.73	0.00	0.00	2000
230	11.07	2072	2106	0.00	198	0	0	0	nan	0.00	0.00	7.57	81.66	88.93	0.00	39	0	42	0.00	0.00	63.57	7.45	0.00	0.00	2000
230	10.94	2109	2096	0.00	196	0	0	0	nan	0.00	0.02	5.86	83.13	89.06	0.00	39	0	42	0.00	0.00	62.76	7.24	0.00	0.00	2000
231	10.97	2103	2101	0.00	197	0	0	0	nan	0.00	0.03	4.28	84.88	89.03	0.00	39	0	42	0.00	0.00	67.07	7.76	0.00	0.00	2000
230	11.17	2067	2095	0.00	180	0	0	0	nan	0.00	0.07	2.83	85.83	88.83	0.00	39	0	42	0.00	0.00	64.63	7.60	0.00	0.00	2000
232	11.04	2098	2106	0.00	199	0	0	1	74.86	0.00	0.00	5.12	84.14	88.96	0.00	39	0	42	0.00	0.00	66.99	7.47	0.00	0.00	2000
232	10.15	2283	2099	0.80	200	0	0	5	54.59	0.00	2.65	6.07	81.22	89.85	0.00	39	0	42	0.00	0.00	62.58	7.35	0.00	0.00	2000
229	11.17	2048	2100	0.10	199	0	0	0	nan	0.00	0.41	7.27	81.31	88.83	0.00	39	0	42	0.00	0.00	66.57	7.91	0.00	0.00	2000
230	11.00	2091	2101	0.00	181	0	0	0	nan	0.00	0.01	7.00	82.16	89.00	0.00	39	0	42	0.00	0.00	62.94	7.44	0.00	0.00	2000
230	10.88	2112	2100	0.00	197	0	0	0	nan	0.00	0.02	5.26	83.89	89.12	0.00	39	0	42	0.00	0.00	64.13	7.47	0.00	0.00	2000
229	11.05	2075	2094	0.00	196	0	0	0	nan	0.00	0.00	6.57	82.25	88.95	0.00	39	0	42	0.00	0.00	64.46	7.61	0.00	0.00	2000
231	11.20	2061	2105	0.00	196	0	0	0	nan	0.00	0.02	6.50	82.62	88.80	0.00	39	0	42	0.00	0.00	66.39	7.81	0.00	0.00	2000
230	11.31	2039	2090	0.00	186	0	0	0	nan	0.00	0.01	6.66	81.74	88.69	0.00	39	0	42	0.00	0.00	64.34	7.65	0.00	0.00	2000
228	11.04	2102	2066	0.00	199	0	0	0	nan	0.00	0.00	7.00	80.62	88.96	0.00	39	0	42	0.00	0.00	61.67	7.32	0.00	0.00	2000
230	10.84	2082	2142	0.00	195	0	0	0	nan	0.00	0.00	6.52	84.49	89.16	0.00	38	0	42	0.00	0.00	68.49	7.89	0.00	0.00	2000
230	11.16	2055	2105	0.00	196	0	0	0	nan	0.00	0.00	7.34	81.88	88.84	0.00	39	0	42	0.00	0.00	60.77	7.12	0.00	0.00	2000
229	11.03	2085	2095	0.00	196	0	0	0	nan	0.00	0.01	6.46	82.42	88.97	0.00	38	0	42	0.00	0.00	64.82	7.54	0.00	0.00	2000
233	11.02	2118	2098	0.00	202	0	0	0	nan	0.00	0.68	6.44	81.85	88.98	0.00	39	0	42	0.00	0.00	65.31	7.64	0.00	0.00	2000
230	10.99	2092	2104	0.00	196	0	0	0	nan	0.00	0.44	3.01	85.81	89.01	0.00	39	0	42	0.00	0.00	65.68	7.84	0.00	0.00	2000
229	11.18	2082	2066	0.00	182	0	0	0	nan	0.00	0.00	6.83	80.67	88.82	0.00	39	0	42	0.00	0.00	61.79	7.39	0.00	0.00	2000
236	11.37	2046	2132	0.00	200	0	0	0	nan	0.00	0.00	8.78	81.26	88.63	0.00	39	0	42	0.00	0.00	68.30	8.10	0.00	0.00	2000
230	11.08	2068	2104	0.00	195	0	0	0	nan	0.00	0.00	6.31	82.90	88.92	0.00	38	0	42	0.00	0.00	63.02	7.54	0.00	0.00	2000
232	11.16	2082	2095	0.00	196	0	0	0	nan	0.00	0.02	6.52	82.16	88.84	0.00	39	0	42	0.00	0.00	62.89	7.53	0.00	0.00	2000
229	11.06	2071	2100	0.29	204	0	0	4	51.23	0.00	0.02	6.00	82.98	88.94	0.00	39	0	42	0.00	0.00	65.73	7.79	0.00	0.00	2000
230	11.24	2046	2102	0.62	196	0	0	2	83.29	0.00	0.00	7.49	81.48	88.76	0.00	38	0	42	0.00	0.00	65.90	7.84	0.00	0.00	2000
229	11.16	2099	2052	0.00	179	0	0	0	nan	0.00	0.00	7.41	79.44	88.84	0.00	39	0	42	0.00	0.00	61.13	7.27	0.00	0.00	2000
230	11.10	2029	2147	0.00	197	0	0	0	nan	0.00	0.00	7.02	83.94	88.90	0.00	39	0	42	0.00	0.00	68.15	7.92	0.00	0.00	2000
229	10.97	2091	2102	0.00	199	0	0	0	nan	0.00	0.00	5.74	83.43	89.03	0.00	39	0	42	0.00	0.00	60.86	7.08	0.00	0.00	2000
232	11.29	2063	2096	0.00	195	0	0	0	nan	0.00	0.00	7.78	80.84	88.71	0.00	39	0	42	0.00	0.00	64.73	7.59	0.00	0.00	2000
229	11.18	2041	2105	0.00	206	0	0	0	nan	0.00	0.00	6.06	83.09	88.82	0.00	39	0	42	0.00	0.00	65.57	7.77	0.00	0.00	2000
229	11.04	2080	2096	0.00	196	0	0	0	nan	0.00	0.01	5.97	82.92	88.96	0.00	39	0	42	0.00	0.00	65.35	7.70	0.00	0.00	2000
230	11.07	2096	2081	0.00	197	0	0	0	nan	0.00	0.00	6.65	81.53	88.93	0.00	39	0	42	0.00	0.00	62.77	7.48	0.00	0.00	2000
230	10.86	2106	2115	0.00	182	0	0	0	nan	0.00	0.07	4.61	85.30	89.14	0.00	39	0	42	0.00	0.00	66.89	7.91	0.00	0.00	2000
229	11.12	2052	2109	0.00	197	0	0	0	nan	0.00	0.07	3.38	85.96	88.88	0.00	39	0	42	0.00	0.00	60.98	7.01	0.00	0.00	2000
231	11.22	2124	2038	0.00	200	0	0	0	nan	0.00	0.00	7.18	79.05	88.78	0.00	39	0	42	0.00	0.00	63.24	7.14	0.00	0.00	2000
229	10.84	2049	2167	0.00	197	0	0	0	nan	0.00	0.00	7.71	84.37	89.16	0.00	39	0	42	0.00	0.00	66.20	7.84	0.00	0.00	2000
230	11.04	2089	2098	0.00	195	0	0	0	nan	0.02	1.45	7.39	80.09	88.96	0.00	39	0	42	0.00	0.00	65.41	7.82	0.00	0.00	2000
231	11.12	2075	2099	0.00	198	0	0	0	nan	0.00	0.00	7.00	81.97	88.88	0.00	39	0	42	0.00	0.00	66.88	7.81	0.00	0.00	2000
231	11.29	2049	2097	0.00	185	0	0	0	nan	0.00	0.00	8.33	80.37	88.71	0.00	39	0	42	0.00	0.00	64.15	7.66	0.00	0.00	2000
233	11.14	2082	2107	0.00	197	0	0	0	nan	0.00	0.00	7.43	81.84	88.86	0.00	39	0	42	0.00	0.00	61.23	7.08	0.00	0.00	2000
229	11.05	2080	2093	0.00	201	0	0	2	64.00	0.00	0.01	6.91	81.87	88.95	0.00	38	0	42	0.00	0.00	65.34	7.69	0.00	0.00	2000
230	11.05	2080	2100	0.86	195	0	0	4	55.13	0.00	0.00	7.78	81.19	88.95	0.00	39	0	42	0.00	0.00	64.67	7.73	0.00	0.00	2000
229	11.01	2079	2100	0.00	197	0	0	0	nan	0.00	0.00	5.75	83.28	88.99	0.00	39	0	42	0.00	0.00	64.93	7.57	0.00	0.00	2000
228	11.10	2051	2105	0.00	195	0	0	0	nan	0.00	0.00	6.66	82.55	88.90	0.00	38	0	42	0.00	0.00	62.79	7.47	0.00	0.00	2000
230	11.35	2058	2065	0.00	181	0	0	0	nan	0.00	0.00	6.48	80.81	88.65	0.00	39	0	42	0.00	0.00	61.78	7.32	0.00	0.00	2000
233	11.01	2074	2140	0.00	198	0	0	0	nan	0.00	0.00	8.33	82.46	88.99	0.00	38	0	42	0.00	0.00	67.41	7.93	0.00	0.00	2000
230	10.39	2218	2095	0.00	196	0	0	0	nan	0.00	3.42	5.75	80.48	89.61	0.00	39	0	42	0.00	0.00	66.57	7.56	0.00	0.00	2000
229	11.03	2072	2101	0.00	196	0	0	0	nan	0.00	0.08	3.46	85.62	88.97	0.00	38	0	42	0.00	0.00	63.51	7.41	0.00	0.00	2000
230	11.14	2072	2091	0.00	198	0	0	0	nan	0.00	0.00	4.77	83.89	88.86	0.00	38	0	42	0.00	0.00	62.27	7.28	0.00	0.00	2000
245	11.91	2055	2102	0.00	182	0	0	0	nan	0.00	0.00	7.43	80.82	88.09	0.00	38	0	42	0.00	0.00	65.35	7.65	0.00	0.00	2000
229	11.27	2048	2088	0.00	195	0	0	0	nan	0.00	0.00	5.65	82.62	88.73	0.00	39	0	42	0.00	0.00	64.27	7.53	0.00	0.00	2000
230	11.23	2034	2115	0.00	200	0	0	0	nan	0.00	0.00	7.96	81.57	88.77	0.00	39	0	42	0.00	0.00	65.97	7.76	0.00	0.00	2000
229	11.36	2039	2076	0.00	194	0	0	0	nan	0.00	0.01	6.98	80.74	88.64	0.00	39	0	42	0.00	0.00	63.72	7.46	0.00	0.00	2000
232	11.21	2039	2130	0.00	200	0	0	0	nan	0.04	0.00	10.27	79.85	88.79	0.00	39	0	42	0.00	0.00	66.61	7.89	0.00	0.00	2000
231	11.22	2063	2099	0.00	199	0	0	0	nan	0.00	0.00	6.48	82.35	88.78	0.00	39	0	42	0.00	0.00	65.27	7.54	0.00	0.00	2000
228	11.18	2046	2097	0.00	196	0	0	0	nan	0.00	0.00	5.22	83.59	88.82	0.00	38	0	42	0.00	0.00	65.33	8.13	0.00	0.00	2000
229	11.30	2099	2031	0.00	197	0	0	0	nan	0.00	0.00	6.14	79.71	88.70	0.00	38	0	42	0.00	0.00	61.36	7.22	0.00	0.00	2000
230	10.87	2043	2178	0.00	203	0	0	0	nan	0.00	0.00	6.70	85.72	89.13	0.00	39	0	42	0.00	0.00	66.33	7.76	0.00	0.00	2000
230	11.01	2091	2099	0.63	196	0	0	4	40.64	0.00	0.00	7.02	82.00	88.99	0.00	39	0	42	0.00	0.00	65.82	7.78	0.00	0.00	2000
231	11.26	2052	2102	0.29	198	0	0	0	nan	0.06	0.02	8.68	80.23	88.74	0.00	39	0	42	0.00	0.00	63.48	7.51	0.00	0.00	2000
229	10.91	2108	2094	0.00	198	0	0	0	nan	0.00	0.00	5.60	83.23	89.09	0.00	39	0	42	0.00	0.00	62.45	7.30	0.00	0.00	2000
231	11.36	2036	2101	0.00	182	0	0	0	nan	0.00	0.11	4.45	84.32	88.64	0.00	38	0	42	0.00	0.00	65.40	7.66	0.00	0.00	2000
229	10.96	2092	2100	0.00	201	0	0	0	nan	0.01	0.59	4.08	84.54	89.04	0.00	39	0	42	0.00	0.00	65.71	7.74	0.00	0.00	2000
230	11.28	2036	2104	0.00	196	0	0	0	nan	0.00	0.00	7.40	81.60	88.72	0.00	39	0	42	0.00	0.00	66.51	7.86	0.00	0.00	2000
231	11.08	2083	2096	0.00	197	0	0	0	nan	0.00	0.01	7.51	81.22	88.92	0.00	39	0	42	0.00	0.00	61.92	7.62	0.00	0.00	2000
227	11.42	2055	2029	0.00	196	0	0	0	nan	0.02	1.36	6.61	77.80	88.58	0.00	39	0	42	0.00	0.00	65.08	7.44	0.00	0.00	2000
232	10.96	2034	2184	0.00	199	0	0	0	nan	0.00	0.00	5.56	87.05	89.04	0.00	39	0	42	0.00	0.00	66.24	7.84	0.00	0.00	2000
232	11.27	2066	2094	0.00	198	0	0	0	nan	0.02	0.01	7.25	81.33	88.73	0.00	39	0	42	0.00	0.00	66.15	7.81	0.00	0.00	2000
230	11.17	2060	2097	0.00	195	0	0	0	nan	0.00	0.00	7.09	81.77	88.83	0.00	39	0	42	0.00	0.00	64.56	7.73	0.00	0.00	2000
229	11.21	2036	2104	0.00	197	0	0	0	nan	0.00	0.00	7.35	81.78	88.79	0.00	39	0	42	0.00	0.00	60.73	7.21	0.00	0.00	2000
230	11.17	2062	2099	0.00	180	0	0	0	nan	0.00	0.02	6.42	82.54	88.83	0.00	38	0	42	0.00	0.00	65.79	7.63	0.00	0.00	2000
230	10.91	2116	2096	0.00	194	0	0	0	nan	0.00	0.00	6.31	82.64	89.09	0.00	39	0	42	0.00	0.00	66.26	7.82	0.00	0.00	2000
231	11.02	2094	2106	0.00	195	0	0	0	nan	0.04	0.02	6.77	82.54	88.98	0.00	39	0	42	0.00	0.00	62.95	7.19	0.00	0.00	2000
231	11.06	2097	2095	0.00	199	0	0	0	nan	0.00	0.00	6.80	82.12	88.94	0.00	39	0	42	0.00	0.00	62.27	7.32	0.00	0.00	2000
230	11.19	2056	2103	0.00	198	0	0	0	nan	0.00	0.01	7.89	81.20	88.82	0.00	39	0	42	0.00	0.00	66.10	7.75	0.00	0.00	2000
228	11.17	2092	2047	0.10	183	0	0	4	50.63	0.00	0.49	3.14	83.11	88.83	0.00	38	0	42	0.00	0.00	64.37	7.74	0.00	0.00	2000
230	10.93	2057	2151	0.74	197	0	0	2	73.15	0.00	0.03	3.30	88.05	89.07	0.00	39	0	42	0.00	0.00	64.85	7.68	0.00	0.00	2000
230	11.04	2079	2104	0.00	197	0	0	0	nan	0.00	0.00	6.60	82.52	88.96	0.00	39	0	42	0.00	0.00	66.34	7.75	0.00	0.00	2000
233	11.26	2070	2100	0.00	198	0	0	0	nan	0.00	0.00	6.79	82.11	88.74	0.00	39	0	42	0.00	0.00	65.12	7.54	0.00	0.00	2000
231	11.15	2074	2094	0.00	198	0	0	0	nan	0.00	0.00	6.97	81.75	88.85	0.00	39	0	42	0.00	0.00	62.31	7.46	0.00	0.00	2000
231	11.11	2072	2104	0.00	201	0	0	0	nan	0.00	0.00	7.36	81.76	88.89	0.00	39	0	42	0.00	0.00	65.01	7.59	0.00	0.00	2000
225	11.32	2089	1996	0.00	198	0	0	0	nan	0.00	0.00	4.71	79.61	88.68	0.00	39	0	42	0.00	0.00	59.06	7.03	0.00	0.00	2000
234	10.81	2047	2218	0.00	197	0	0	0	nan	0.00	0.00	6.40	87.90	89.19	0.00	39	0	42	0.00	0.00	71.91	8.56	0.00	0.00	2000
232	11.07	2095	2097	0.00	195	0	0	0	nan	0.00	0.01	6.52	82.38	88.93	0.00	38	0	42	0.00	0.00	63.09	7.22	0.00	0.00	2000
230	11.18	2060	2096	0.00	198	0	0	0	nan	0.00	0.00	6.85	81.85	88.82	0.00	38	0	42	0.00	0.00	62.03	7.83	0.00	0.00	2000
229	11.09	2065	2104	0.00	197	0	0	0	nan	0.00	0.01	6.58	82.53	88.91	0.00	38	0	42	0.00	0.00	66.37	7.81	0.00	0.00	2000
230	11.12	2073	2097	0.00	197	0	0	0	nan	0.00	0.00	6.52	82.26	88.88	0.00	39	0	42	0.00	0.00	65.06	7.51	0.00	0.00	2000
230	11.24	2047	2096	0.00	180	0	0	0	nan	0.00	0.00	6.87	81.78	88.76	0.00	38	0	42	0.00	0.00	65.21	7.66	0.00	0.00	2000
231	11.08	2081	2102	0.00	195	0	0	0	nan	0.00	0.00	4.10	85.02	88.92	0.00	39	0	42	0.00	0.00	64.90	7.72	0.00	0.00	2000
233	11.36	2045	2105	0.00	196	0	0	0	nan	0.00	0.01	5.74	83.22	88.64	0.00	39	0	42	0.00	0.00	66.35	7.81	0.00	0.00	2000
230	11.09	2075	2099	0.00	205	0	0	0	nan	0.00	0.01	3.46	85.44	88.91	0.00	38	0	42	0.00	0.00	61.97	7.32	0.00	0.00	2000
229	11.11	2063	2098	0.00	200	0	0	0	nan	0.02	0.00	6.72	82.17	88.89	0.00	39	0	42	0.00	0.00	62.67	7.30	0.00	0.00	2000
230	10.90	2108	2099	0.00	196	0	0	3	58.86	0.00	0.50	6.41	82.21	89.10	0.00	38	0	42	0.00	0.00	65.31	7.48	0.00	0.00	2000
226	11.38	2083	1999	0.84	196	0	0	5	57.83	0.00	0.02	5.83	78.62	88.62	0.00	39	0	42	0.00	0.00	61.35	7.14	0.00	0.00	2000
236	10.87	2056	2217	0.00	197	0	0	0	nan	0.00	0.03	5.79	88.31	89.13	0.00	38	0	42	0.00	0.00	71.87	8.38	0.00	0.00	2000
230	11.15	2068	2095	0.00	199	0	0	0	nan	0.00	0.01	6.07	82.76	88.85	0.00	39	0	42	0.00	0.00	61.06	7.06	0.00	0.00	2000
230	11.02	2083	2103	0.00	196	0	0	0	nan	0.00	0.00	6.20	83.01	88.98	0.00	39	0	42	0.00	0.00	66.23	7.97	0.00	0.00	2000
236	11.19	2113	2097	0.00	228	0	0	0	nan	0.00	0.14	7.99	80.67	88.81	0.00	39	0	42	0.00	0.00	67.13	7.53	0.00	0.00	2000
231	11.09	2084	2101	0.00	195	0	0	0	nan	0.00	0.00	7.90	81.17	88.91	0.00	39	0	42	0.00	0.00	62.47	7.74	0.00	0.00	2000
230	11.11	2073	2097	0.00	198	0	0	0	nan	0.00	0.01	5.49	83.40	88.89	0.00	39	0	42	0.00	0.00	63.88	7.61	0.00	0.00	2000
235	11.11	2112	2100	0.00	201	0	0	0	nan	0.00	0.00	8.44	80.44	88.89	0.00	39	0	42	0.00	0.00	66.27	7.80	0.00	0.00	2000
232	11.06	2093	2103	0.00	187	0	0	0	nan	0.01	0.00	6.61	82.58	88.94	0.00	39	0	42	0.00	0.00	62.96	7.46	0.00	0.00	2000
230	10.79	2132	2099	0.00	197	0	0	0	nan	0.00	0.00	6.17	83.05	89.21	0.00	39	0	42	0.00	0.00	63.04	7.36	0.00	0.00	2000
229	10.87	2110	2099	0.00	196	0	0	0	nan	0.00	0.00	6.40	82.79	89.13	0.00	38	0	42	0.00	0.00	65.66	7.75	0.00	0.00	2000
236	11.21	2108	2097	0.00	182	0	0	0	nan	0.00	0.38	3.97	84.53	88.79	0.00	39	0	42	0.00	0.00	65.23	7.63	0.00	0.00	2000
230	11.10	2071	2105	0.00	197	0	0	0	nan	0.00	0.02	5.38	83.84	88.90	0.00	39	0	42	0.00	0.00	62.97	7.55	0.00	0.00	2000
233	11.25	2073	2099	0.00	196	0	0	0	nan	0.02	1.53	7.56	79.76	88.75	0.00	38	0	42	0.00	0.00	63.08	7.35	0.00	0.00	2000
230	10.84	2120	2101	0.00	200	0	0	0	nan	0.02	0.66	6.23	82.44	89.16	0.00	39	0	42	0.00	0.00	66.52	7.76	0.00	0.00	2000
230	10.86	2119	2094	0.00	184	0	0	0	nan	0.00	0.00	7.93	81.01	89.14	0.00	38	0	42	0.00	0.00	65.40	7.65	0.00	0.00	2000
229	11.11	2083	2078	0.00	198	0	0	0	nan	0.00	0.00	6.06	81.94	88.89	0.00	39	0	42	0.00	0.00	64.86	7.58	0.00	0.00	2000
230	11.21	2030	2121	0.47	199	0	0	6	46.32	0.00	0.00	6.46	83.32	88.79	0.00	39	0	42	0.00	0.00	65.08	7.56	0.00	0.00	2000
230	11.24	2039	2107	0.47	195	0	0	0	nan	0.00	0.00	6.60	82.63	88.76	0.00	39	0	42	0.00	0.00	63.95	7.56	0.00	0.00	2000
233	11.23	2080	2099	0.00	198	0	0	0	nan	0.00	0.00	6.98	81.88	88.77	0.00	39	0	42	0.00	0.00	62.03	7.51	0.00	0.00	2000
226	11.33	2070	2026	0.00	197	0	0	0	nan	0.00	0.02	6.98	78.60	88.67	0.00	39	0	42	0.00	0.00	62.28	7.28	0.00	0.00	2000
231	10.94	2035	2184	0.00	196	0	0	0	nan	0.00	0.02	6.98	85.67	89.06	0.00	39	0	42	0.00	0.00	68.78	8.02	0.00	0.00	2000
230	10.94	2107	2093	0.00	197	0	0	0	nan	0.00	0.00	6.32	82.43	89.06	0.00	39	0	42	0.00	0.00	63.97	7.52	0.00	0.00	2000
232	11.03	2096	2103	0.00	198	0	0	0	nan	0.00	0.02	5.72	83.43	88.97	0.00	39	0	42	0.00	0.00	65.27	7.69	0.00	0.00	2000
231	11.21	2066	2100	0.00	195	0	0	0	nan	0.00	0.00	6.20	82.70	88.79	0.00	38	0	42	0.00	0.00	66.47	7.92	0.00	0.00	2000
230	10.94	2109	2097	0.00	198	0	0	0	nan	0.00	0.09	4.42	84.55	89.06	0.00	39	0	42	0.00	0.00	62.68	7.48	0.00	0.00	2000
229	10.69	2142	2102	0.00	181	0	0	0	nan	0.01	0.97	2.55	85.94	89.31	0.00	39	0	42	0.00	0.00	63.99	7.36	0.00	0.00	2000
229	11.08	2073	2096	0.00	199	0	0	0	nan	0.00	0.04	5.39	83.38	88.92	0.00	39	0	42	0.00	0.00	64.77	7.53	0.00	0.00	2000
231	11.27	2047	2105	0.00	199	0	0	0	nan	0.00	0.03	6.25	82.77	88.73	0.00	39	0	42	0.00	0.00	66.39	7.70	0.00	0.00	2000
229	11.33	2095	2022	0.00	197	0	0	0	nan	0.00	0.00	5.65	79.77	88.67	0.00	39	0	42	0.00	0.00	61.07	7.26	0.00	0.00	2000
234	10.93	2059	2186	0.00	198	0	0	0	nan	0.00	0.02	7.91	84.93	89.07	0.00	38	0	42	0.00	0.00	66.39	7.76	0.00	0.00	2000
232	11.07	2093	2101	0.00	198	0	0	0	nan	0.00	0.00	7.09	81.97	88.93	0.00	39	0	42	0.00	0.00	66.00	7.90	0.00	0.00	2000
229	11.22	2044	2101	0.00	196	0	0	0	nan	0.00	0.00	6.81	82.17	88.78	0.00	39	0	42	0.00	0.00	65.95	7.92	0.00	0.00	2000
229	11.25	2042	2096	0.00	181	0	0	0	nan	0.00	0.00	6.24	82.55	88.75	0.00	39	0	42	0.00	0.00	64.45	7.30	0.00	0.00	2000
228	11.14	2046	2098	0.00	200	0	0	4	52.91	0.00	0.01	5.33	83.59	88.86	0.00	38	0	42	0.00	0.00	59.89	7.39	0.00	0.00	2000
233	11.52	2019	2103	0.81	198	0	0	4	65.17	0.00	0.00	6.41	82.34	88.48	0.00	39	0	42	0.00	0.00	64.58	7.68	0.00	0.00	2000
230	11.31	2038	2100	0.00	202	0	0	0	nan	0.00	0.00	5.71	83.15	88.69	0.00	39	0	42	0.00	0.00	65.67	7.84	0.00	0.00	2000
245	11.82	2072	2099	0.00	195	0	0	0	nan	0.00	0.02	7.61	80.67	88.18	0.00	38	0	42	0.00	0.00	64.82	7.65	0.00	0.00	2000
228	10.99	2076	2102	0.00	194	0	0	0	nan	0.00	0.00	5.54	83.67	89.01	0.00	39	0	42	0.00	0.00	65.56	7.83	0.00	0.00	2000
227	11.24	2101	2020	0.00	198	0	0	0	nan	0.00	0.02	5.83	79.59	88.76	0.00	39	0	42	0.00	0.00	60.60	7.26	0.00	0.00	2000
233	11.08	2028	2180	0.00	195	0	0	0	nan	0.00	2.17	3.55	86.74	88.92	0.00	39	0	42	0.00	0.00	64.99	7.75	0.00	0.00	2000
232	11.35	2038	2109	0.00	199	0	0	0	nan	0.06	0.03	4.26	84.79	88.65	0.00	39	0	42	0.00	0.00	66.17	7.93	0.00	0.00	2000
233	11.28	2067	2098	0.00	197	0	0	0	nan	0.01	0.00	9.35	79.42	88.72	0.00	39	0	42	0.00	0.00	67.01	7.84	0.00	0.00	2000
230	10.86	2124	2095	0.00	195	0	0	0	nan	0.00	0.42	6.64	81.97	89.14	0.00	39	0	42	0.00	0.00	65.00	7.56	0.00	0.00	2000
232	11.14	2088	2098	0.00	199	0	0	0	nan	0.02	1.43	7.76	79.69	88.86	0.00	39	0	42	0.00	0.00	62.87	7.48	0.00	0.00	2000
231	11.22	2058	2105	0.00	199	0	0	0	nan	0.00	0.00	6.92	82.19	88.78	0.00	39	0	42	0.00	0.00	65.37	7.86	0.00	0.00	2000
233	11.31	2063	2093	0.00	184	0	0	0	nan	0.00	0.02	6.26	82.17	88.69	0.00	39	0	42	0.00	0.00	62.87	7.22	0.00	0.00	2000
230	11.26	2040	2104	0.00	202	0	0	0	nan	0.00	0.00	5.58	83.43	88.74	0.00	38	0	42	0.00	0.00	65.02	7.61	0.00	0.00	2000
230	11.40	2051	2062	0.00	197	0	0	0	nan	0.00	0.00	7.44	79.63	88.60	0.00	39	0	42	0.00	0.00	64.03	7.53	0.00	0.00	2000
230	11.11	2031	2139	0.00	202	0	0	0	nan	0.00	0.03	6.16	84.48	88.89	0.00	39	0	42	0.00	0.00	64.76	7.70	0.00	0.00	2000
230	11.07	2072	2106	0.00	197	0	0	0	nan	0.00	0.00	6.32	82.92	88.93	0.00	39	0	42	0.00	0.00	67.01	7.92	0.00	0.00	2000
232	11.15	2084	2093	0.00	195	0	0	2	67.32	0.00	0.18	7.06	81.47	88.85	0.00	39	0	42	0.00	0.00	64.27	7.47	0.00	0.00	2000
233	11.48	2105	2021	0.84	202	0	0	6	55.91	0.00	0.00	8.06	77.25	88.52	0.00	38	0	42	0.00	0.00	59.98	7.05	0.00	0.00	2000
233	11.05	2024	2185	0.00	199	0	0	0	nan	0.00	0.10	6.76	85.89	88.95	0.00	39	0	42	0.00	0.00	68.32	7.89	0.00	0.00	2000
230	11.04	2078	2106	0.00	197	0	0	0	nan	0.00	0.09	3.75	85.46	88.96	0.00	39	0	42	0.00	0.00	66.69	7.89	0.00	0.00	2000
230	11.06	2080	2098	0.00	196	0	0	0	nan	0.00	0.02	3.10	85.86	88.94	0.00	39	0	42	0.00	0.00	62.97	7.42	0.00	0.00	2000
230	11.13	2069	2094	0.00	197	0	0	0	nan	0.02	1.52	6.43	80.85	88.87	0.00	39	0	42	0.00	0.00	63.12	7.27	0.00	0.00	2000
233	11.07	2102	2107	0.00	182	0	0	0	nan	0.00	0.48	6.46	82.28	88.93	0.00	39	0	42	0.00	0.00	66.60	7.70	0.00	0.00	2000
234	11.52	2032	2096	0.00	216	0	0	0	nan	0.00	0.39	10.06	78.02	88.48	0.00	39	0	42	0.00	0.00	65.19	7.82	0.00	0.00	2000
230	11.18	2057	2102	0.00	196	0	0	0	nan	0.00	0.00	8.27	80.75	88.82	0.00	39	0	42	0.00	0.00	65.36	7.88	0.00	0.00	2000
230	10.98	2097	2102	0.00	195	0	0	0	nan	0.01	0.00	6.54	82.61	89.02	0.00	39	0	42	0.00	0.00	61.27	7.28	0.00	0.00	2000
231	11.11	2086	2096	0.00	182	0	0	0	nan	0.00	0.01	5.88	82.96	88.89	0.00	39	0	42	0.00	0.00	66.03	7.75	0.00	0.00	2000
227	11.40	2040	2053	0.00	197	0	0	0	nan	0.00	0.01	6.17	80.58	88.60	0.00	39	0	42	0.00	0.00	63.45	7.52	0.00	0.00	2000
236	11.52	2009	2144	0.00	198	0	0	0	nan	0.04	0.00	8.34	82.21	88.48	0.00	39	0	42	0.00	0.00	64.96	7.61	0.00	0.00	2000
230	11.24	2043	2103	0.00	195	0	0	0	nan	0.00	0.00	7.63	81.44	88.76	0.00	39	0	42	0.00	0.00	66.40	7.88	0.00	0.00	2000
232	11.04	2103	2104	0.00	195	0	0	0	nan	0.00	0.02	6.88	82.29	88.96	0.00	39	0	42	0.00	0.00	65.23	7.75	0.00	0.00	2000
229	11.12	2063	2095	0.00	194	0	0	0	nan	0.01	0.00	6.40	82.40	88.88	0.00	39	0	42	0.00	0.00	61.93	7.51	0.00	0.00	2000
226	11.09	2123	2021	0.00	196	0	0	0	nan	0.00	0.00	5.72	79.95	88.91	0.00	39	0	42	0.00	0.00	59.00	6.88	0.00	0.00	2000
234	11.03	2032	2190	0.00	197	0	0	0	nan	0.00	0.04	6.67	86.25	88.97	0.00	39	0	42	0.00	0.00	71.93	8.33	0.00	0.00	2000
231	11.10	2087	2098	0.54	203	0	0	6	42.75	0.00	0.03	5.20	83.72	88.90	0.00	39	0	42	0.00	0.00	64.97	7.87	0.00	0.00	2000
231	11.05	2086	2099	0.39	202	0	0	0	nan	0.00	0.02	4.47	84.49	88.95	0.00	38	0	42	0.00	0.00	61.03	7.28	0.00	0.00	2000
231	11.04	2092	2100	0.00	196	0	0	0	nan	0.00	0.00	7.48	81.59	88.96	0.00	39	0	42	0.00	0.00	65.25	7.69	0.00	0.00	2000
229	10.41	2206	2096	0.00	179	0	0	0	nan	0.00	2.55	7.05	80.04	89.59	0.00	39	0	42	0.00	0.00	67.20	7.51	0.00	0.00	2000
233	11.15	2086	2106	0.00	200	0	0	0	nan	0.00	0.01	7.41	81.75	88.85	0.00	39	0	42	0.00	0.00	66.04	7.71	0.00	0.00	2000
232	11.16	2086	2095	0.00	202	0	0	0	nan	0.04	0.00	6.70	82.05	88.84	0.00	39	0	42	0.00	0.00	62.38	7.34	0.00	0.00	2000
232	11.15	2081	2099	0.00	210	0	0	0	nan	0.00	0.02	10.35	78.54	88.85	0.00	38	0	42	0.00	0.00	61.92	7.48	0.00	0.00	2000
230	11.03	2083	2099	0.00	196	0	0	0	nan	0.00	0.00	8.21	80.76	88.97	0.00	39	0	42	0.00	0.00	64.93	7.65	0.00	0.00	2000
230	11.18	2050	2105	0.00	196	0	0	0	nan	0.00	0.02	7.49	81.67	88.82	0.00	39	0	42	0.00	0.00	65.67	7.88	0.00	0.00	2000
230	11.18	2089	2065	0.00	181	0	0	0	nan	0.00	0.02	7.94	79.46	88.82	0.00	39	0	42	0.00	0.00	64.80	7.69	0.00	0.00	2000
233	11.05	2087	2117	0.00	197	0	0	0	nan	0.00	0.00	7.76	81.96	88.95	0.00	38	0	42	0.00	0.00	65.39	7.75	0.00	0.00	2000
232	10.98	2091	2118	0.00	201	0	0	0	nan	0.00	0.00	6.01	83.90	89.02	0.00	39	0	42	0.00	0.00	66.24	7.76	0.00	0.00	2000
230	11.15	2063	2100	0.00	196	0	0	0	nan	0.00	0.03	7.14	81.82	88.85	0.00	39	0	42	0.00	0.00	62.40	7.28	0.00	0.00	2000
229	11.01	2083	2098	0.00	199	0	0	0	nan	0.00	0.00	6.73	82.29	88.99	0.00	38	0	42	0.00	0.00	63.51	7.53	0.00	0.00	2000
230	11.04	2087	2098	0.00	195	0	0	0	nan	0.00	0.61	3.37	84.97	88.96	0.00	39	0	42	0.00	0.00	65.31	7.53	0.00	0.00	2000
229	11.08	2104	2061	0.00	183	0	0	0	nan	0.00	0.05	3.66	83.78	88.92	0.00	39	0	42	0.00	0.00	64.72	7.63	0.00	0.00	2000
232	11.19	2038	2137	0.00	197	0	0	0	nan	0.00	0.00	7.00	83.50	88.81	0.00	39	0	42	0.00	0.00	64.40	7.47	0.00	0.00	2000
230	10.99	2083	2108	0.00	206	0	0	4	53.44	0.00	0.94	5.35	83.16	89.01	0.00	39	0	42	0.00	0.00	64.23	7.52	0.00	0.00	2000
231	10.89	2119	2100	0.83	196	0	0	4	61.66	0.02	1.48	7.12	80.59	89.11	0.00	39	0	42	0.00	0.00	63.35	7.32	0.00	0.00	2000
229	11.05	2078	2096	0.00	197	0	0	0	nan	0.00	0.00	8.11	80.72	88.95	0.00	39	0	42	0.00	0.00	66.88	7.86	0.00	0.00	2000
231	11.17	2065	2100	0.00	181	0	0	0	nan	0.00	0.02	7.31	81.68	88.83	0.00	39	0	42	0.00	0.00	65.86	7.76	0.00	0.00	2000
231	11.25	2116	2034	0.00	197	0	0	0	nan	0.04	0.02	7.41	78.61	88.75	0.00	39	0	42	0.00	0.00	60.44	6.93	0.00	0.00	2000
234	11.12	2042	2164	0.00	203	0	0	0	nan	0.00	0.00	7.60	84.15	88.88	0.00	39	0	42	0.00	0.00	67.77	7.80	0.00	0.00	2000
230	11.17	2055	2108	0.00	196	0	0	0	nan	0.00	0.00	7.34	81.89	88.83	0.00	39	0	42	0.00	0.00	63.91	7.47	0.00	0.00	2000
230	10.95	2107	2095	0.00	198	0	0	0	nan	0.00	0.03	6.19	82.67	89.05	0.00	38	0	42	0.00	0.00	62.76	7.45	0.00	0.00	2000
230	11.04	2080	2099	0.00	195	0	0	0	nan	0.00	0.00	6.03	82.95	88.96	0.00	38	0	42	0.00	0.00	65.52	7.84	0.00	0.00	2000
236	11.27	2094	2101	0.00	199	0	0	0	nan	0.01	0.00	6.47	82.43	88.73	0.00	39	0	42	0.00	0.00	65.84	7.76	0.00	0.00	2000
232	11.24	2066	2096	0.00	195	0	0	0	nan	0.00	0.00	6.27	82.42	88.76	0.00	39	0	42	0.00	0.00	65.59	7.82	0.00	0.00	2000
231	10.96	2104	2104	0.00	183	0	0	0	nan	0.00	0.06	4.55	84.65	89.04	0.00	39	0	42	0.00	0.00	65.86	7.72	0.00	0.00	2000
227	11.21	2071	2056	0.00	195	0	0	0	nan	0.00	0.06	2.74	84.25	88.79	0.00	39	0	42	0.00	0.00	60.87	7.24	0.00	0.00	2000
231	10.85	2081	2152	0.00	196	0	0	0	nan	0.00	0.03	7.48	83.88	89.15	0.00	39	0	42	0.00	0.00	66.47	7.60	0.00	0.00	2000
229	11.12	2065	2092	0.00	197	0	0	0	nan	0.00	0.02	5.46	83.17	88.88	0.00	39	0	42	0.00	0.00	62.88	7.38	0.00	0.00	2000
230	11.11	2071	2103	0.00	197	0	0	0	nan	0.00	0.00	7.19	81.84	88.89	0.00	39	0	42	0.00	0.00	65.01	7.58	0.00	0.00	2000
232	11.15	2087	2094	0.00	199	0	0	0	nan	0.00	0.00	6.06	82.54	88.85	0.00	39	0	42	0.00	0.00	64.73	7.61	0.00	0.00	2000
231	11.15	2067	2107	0.00	198	0	0	1	88.52	0.00	0.02	8.31	80.87	88.85	0.00	39	0	42	0.00	0.00	66.34	7.88	0.00	0.00	2000
229	11.08	2076	2096	0.78	182	0	0	7	52.79	0.00	0.01	7.85	80.96	88.92	0.00	38	0	42	0.00	0.00	65.34	7.57	0.00	0.00	2000
230	11.27	2052	2084	0.14	194	0	0	0	nan	0.00	0.00	6.44	81.69	88.73	0.00	38	0	42	0.00	0.00	64.15	7.53	0.00	0.00	2000
230	11.05	2056	2121	0.00	198	0	0	0	nan	0.00	0.00	7.32	82.59	88.95	0.00	39	0	42	0.00	0.00	63.67	7.14	0.00	0.00	2000
231	11.03	2091	2101	0.00	197	0	0	0	nan	0.00	0.00	6.43	82.70	88.97	0.00	39	0	42	0.00	0.00	63.35	7.73	0.00	0.00	2000
230	11.36	2106	2015	0.00	201	0	0	0	nan	0.04	0.02	7.54	77.59	88.64	0.00	39	0	42	0.00	0.00	61.92	7.23	0.00	0.00	2000
230	10.86	2035	2185	0.00	197	0	0	0	nan	0.01	0.00	7.20	85.61	89.14	0.00	39	0	42	0.00	0.00	67.44	7.96	0.00	0.00	2000
231	11.13	2067	2105	0.00	196	0	0	0	nan	0.00	0.00	7.31	81.88	88.87	0.00	39	0	42	0.00	0.00	64.48	7.42	0.00	0.00	2000
230	11.15	2065	2093	0.00	199	0	0	0	nan	0.00	0.03	6.59	82.02	88.85	0.00	39	0	42	0.00	0.00	64.49	7.70	0.00	0.00	2000
229	11.13	2061	2099	0.00	198	0	0	0	nan	0.00	0.06	3.83	85.10	88.87	0.00	38	0	42	0.00	0.00	64.96	7.63	0.00	0.00	2000
234	11.09	2103	2105	0.00	201	0	0	0	nan	0.03	1.23	3.39	84.62	88.91	0.00	39	0	42	0.00	0.00	66.67	7.66	0.00	0.00	2000
232	10.69	2171	2097	0.00	180	0	0	0	nan	0.06	1.55	6.60	81.15	89.31	0.00	39	0	42	0.00	0.00	61.84	7.14	0.00	0.00	2000
232	10.82	2142	2103	0.00	194	0	0	0	nan	0.00	1.00	9.42	79.05	89.18	0.00	39	0	42	0.00	0.00	66.50	7.62	0.00	0.00	2000
230	11.19	2052	2103	0.00	198	0	0	0	nan	0.00	0.04	7.80	81.21	88.81	0.00	39	0	42	0.00	0.00	66.42	7.84	0.00	0.00	2000
229	11.07	2072	2100	0.00	197	0	0	0	nan	0.00	0.03	5.14	83.87	88.93	0.00	39	0	42	0.00	0.00	63.22	7.39	0.00	0.00	2000
228	11.26	2070	2057	0.00	180	0	0	0	nan	0.00	0.00	6.77	80.18	88.74	0.00	39	0	42	0.00	0.00	62.32	7.27	0.00	0.00	2000
232	11.20	2037	2137	0.00	199	0	0	0	nan	0.00	0.00	8.10	82.41	88.80	0.00	39	0	42	0.00	0.00	69.55	7.89	0.00	0.00	2000
230	11.14	2058	2106	0.00	199	0	0	0	nan	0.00	0.02	8.43	80.79	88.86	0.00	39	0	42	0.00	0.00	61.04	7.43	0.00	0.00	2000
230	11.02	2084	2099	0.33	196	0	0	6	49.90	0.00	0.00	6.54	82.54	88.98	0.00	39	0	42	0.00	0.00	65.32	7.65	0.00	0.00	2000
229	11.20	2049	2096	0.60	197	0	0	1	82.95	0.00	0.00	6.78	82.01	88.80	0.00	39	0	42	0.00	0.00	64.84	7.65	0.00	0.00	2000
240	11.63	2070	2098	0.00	195	0	0	0	nan	0.00	0.00	6.51	81.79	88.37	0.00	39	0	42	0.00	0.00	65.10	7.60	0.00	0.00	2000
228	11.59	2061	2004	0.00	198	0	0	0	nan	0.00	0.02	6.90	77.51	88.41	0.00	39	0	42	0.00	0.00	62.01	7.44	0.00	0.00	2000
233	10.83	2044	2214	0.00	203	0	0	0	nan	0.00	0.02	6.73	87.39	89.17	0.00	38	0	42	0.00	0.00	66.20	7.75	0.00	0.00	2000
229	11.06	2080	2095	0.00	196	0	0	0	nan	0.00	0.00	7.81	81.02	88.94	0.00	39	0	42	0.00	0.00	66.13	7.66	0.00	0.00	2000
231	11.01	2094	2104	0.00	197	0	0	0	nan	0.00	0.08	3.20	86.03	88.99	0.00	39	0	42	0.00	0.00	66.44	8.04	0.00	0.00	2000
230	10.93	2116	2090	0.00	184	0	0	0	nan	0.00	0.03	4.27	84.48	89.07	0.00	39	0	42	0.00	0.00	60.00	7.10	0.00	0.00	2000
230	11.22	2047	2101	0.00	200	0	0	0	nan	0.00	0.46	7.06	81.48	88.78	0.00	39	0	42	0.00	0.00	64.23	7.67	0.00	0.00	2000
234	11.20	2081	2104	0.00	201	0	0	0	nan	0.00	0.02	7.24	81.83	88.80	0.00	39	0	42	0.00	0.00	66.68	7.97	0.00	0.00	2000
232	11.20	2070	2098	0.00	200	0	0	0	nan	0.00	0.00	8.64	80.16	88.80	0.00	39	0	42	0.00	0.00	64.90	7.70	0.00	0.00	2000
229	11.09	2067	2100	0.00	196	0	0	0	nan	0.00	0.00	8.29	80.70	88.91	0.00	39	0	42	0.00	0.00	65.49	7.69	0.00	0.00	2000
232	11.47	2024	2097	0.00	197	0	0	0	nan	0.00	0.01	5.59	83.00	88.53	0.00	39	0	42	0.00	0.00	65.64	7.64	0.00	0.00	2000
230	11.15	2055	2104	0.00	198	0	0	0	nan	0.00	0.00	5.13	84.06	88.85	0.00	39	0	42	0.00	0.00	60.12	7.10	0.00	0.00	2000
231	11.26	2056	2096	0.00	179	0	0	0	nan	0.00	0.02	6.72	82.01	88.74	0.00	39	0	42	0.00	0.00	64.70	7.77	0.00	0.00	2000
227	11.23	2070	2051	0.00	202	0	0	0	nan	0.00	0.00	6.45	80.39	88.77	0.00	39	0	42	0.00	0.00	63.96	7.59	0.00	0.00	2000
232	11.07	2040	2158	0.00	198	0	0	0	nan	0.00	0.01	8.82	82.63	88.93	0.00	39	0	42	0.00	0.00	66.53	7.88	0.00	0.00	2000
228	11.23	2037	2091	0.00	197	0	0	5	34.14	0.00	0.00	7.44	81.07	88.77	0.00	39	0	42	0.00	0.00	64.67	7.69	0.00	0.00	2000
230	11.19	2048	2103	1.04	198	0	0	7	42.68	0.00	0.03	6.33	82.69	88.81	0.00	39	0	42	0.00	0.00	64.89	7.82	0.00	0.00	2000
229	11.29	2025	2103	0.00	198	0	0	0	nan	0.00	0.02	5.92	83.08	88.71	0.00	39	0	42	0.00	0.00	61.04	7.33	0.00	0.00	2000
232	11.33	2055	2095	0.00	201	0	0	0	nan	0.00	0.03	6.95	81.66	88.67	0.00	39	0	42	0.00	0.00	65.29	8.04	0.00	0.00	2000
229	11.28	2043	2086	0.00	180	0	0	0	nan	0.00	0.03	3.91	84.43	88.72	0.00	39	0	42	0.00	0.00	64.57	7.69	0.00	0.00	2000
230	11.32	2013	2116	0.00	198	0	0	0	nan	0.03	0.00	5.34	84.14	88.68	0.00	39	0	42	0.00	0.00	65.06	7.74	0.00	0.00	2000
228	11.22	2078	2055	0.00	200	0	0	0	nan	0.00	0.00	6.26	80.75	88.78	0.00	39	0	42	0.00	0.00	63.74	7.66	0.00	0.00	2000
231	11.20	2025	2141	0.00	196	0	0	0	nan	0.00	0.00	8.45	82.27	88.80	0.00	39	0	42	0.00	0.00	64.65	7.79	0.00	0.00	2000
231	11.29	2050	2095	0.00	200	0	0	0	nan	0.00	0.02	5.92	82.65	88.71	0.00	39	0	42	0.00	0.00	64.70	7.72	0.00	0.00	2000
232	11.21	2065	2105	0.00	203	0	0	0	nan	0.00	0.02	6.88	82.23	88.79	0.00	39	0	42	0.00	0.00	65.42	7.92	0.00	0.00	2000
230	11.08	2067	2106	0.00	194	0	0	0	nan	0.00	0.00	6.86	82.40	88.92	0.00	39	0	42	0.00	0.00	65.79	7.88	0.00	0.00	2000
230	11.30	2035	2097	0.00	195	0	0	0	nan	0.00	0.04	5.78	82.90	88.70	0.00	39	0	42	0.00	0.00	64.88	7.73	0.00	0.00	2000
226	11.26	2083	2023	0.00	197	0	0	0	nan	0.00	0.00	6.27	79.26	88.74	0.00	39	0	42	0.00	0.00	59.56	7.17	0.00	0.00	2000
234	11.11	2031	2174	0.00	199	0	0	0	nan	0.00	0.00	5.94	86.25	88.89	0.00	39	0	42	0.00	0.00	67.15	8.22	0.00	0.00	2000
231	11.11	2068	2110	0.00	201	0	0	0	nan	0.00	0.00	7.43	81.84	88.89	0.00	39	0	42	0.00	0.00	66.44	8.03	0.00	0.00	2000
231	11.18	2064	2100	0.00	197	0	0	0	nan	0.00	0.01	7.54	81.46	88.82	0.00	39	0	42	0.00	0.00	65.25	7.87	0.00	0.00	2000
230	11.04	2080	2099	0.00	201	0	0	0	nan	0.00	0.00	5.60	83.43	88.96	0.00	39	0	42	0.00	0.00	61.24	7.27	0.00	0.00	2000
229	10.99	2095	2089	0.00	196	0	0	1	75.56	0.00	0.02	5.26	83.39	89.01	0.00	39	0	42	0.00	0.00	64.11	7.52	0.00	0.00	2000
229	11.19	2045	2105	0.99	181	0	0	11	35.69	0.00	0.02	5.90	83.21	88.81	0.00	39	0	42	0.00	0.00	65.22	8.01	0.00	0.00	2000
233	11.12	2084	2109	0.18	199	0	0	0	nan	0.01	0.62	3.73	85.02	88.88	0.00	39	0	42	0.00	0.00	66.52	7.67	0.00	0.00	2000
229	10.93	2100	2098	0.00	199	0	0	0	nan	0.00	0.00	5.01	84.13	89.07	0.00	39	0	42	0.00	0.00	65.58	7.82	0.00	0.00	2000
228	11.21	2103	2028	0.00	198	0	0	0	nan	0.00	0.01	5.61	80.20	88.79	0.00	39	0	42	0.00	0.00	59.58	7.12	0.00	0.00	2000
230	11.00	2057	2134	0.00	197	0	0	0	nan	0.00	0.01	5.97	84.54	89.00	0.00	39	0	42	0.00	0.00	67.31	7.92	0.00	0.00	2000
231	10.89	2075	2144	0.00	198	0	0	0	nan	0.00	0.03	6.06	84.93	89.11	0.00	39	0	42	0.00	0.00	66.38	7.90	0.00	0.00	2000
233	11.11	2104	2094	0.00	198	0	0	0	nan	0.00	0.00	6.58	82.17	88.89	0.00	39	0	42	0.00	0.00	63.43	7.46	0.00	0.00	2000
231	11.12	2076	2098	0.00	201	0	0	0	nan	0.00	0.01	5.44	83.42	88.88	0.00	39	0	42	0.00	0.00	62.53	7.37	0.00	0.00	2000
230	11.15	2068	2097	0.00	196	0	0	0	nan	0.00	0.00	6.32	82.47	88.85	0.00	39	0	42	0.00	0.00	65.09	7.76	0.00	0.00	2000
231	11.15	2065	2108	0.00	199	0	0	0	nan	0.00	0.02	6.29	82.99	88.85	0.00	39	0	42	0.00	0.00	66.37	7.95	0.00	0.00	2000
229	11.03	2086	2094	0.00	180	0	0	0	nan	0.00	0.02	5.91	82.90	88.97	0.00	39	0	42	0.00	0.00	65.31	7.87	0.00	0.00	2000
230	11.18	2052	2104	0.00	195	0	0	0	nan	0.00	0.00	6.50	82.68	88.82	0.00	39	0	42	0.00	0.00	65.20	7.61	0.00	0.00	2000
233	11.13	2091	2104	0.00	200	0	0	0	nan	0.00	0.00	6.43	82.67	88.87	0.00	39	0	42	0.00	0.00	66.51	7.93	0.00	0.00	2000
230	10.65	2164	2097	0.00	193	0	0	0	nan	0.00	1.59	5.04	82.74	89.35	0.00	39	0	42	0.00	0.00	63.16	7.41	0.00	0.00	2000
229	11.10	2064	2099	0.00	198	0	0	0	nan	0.00	0.00	7.21	81.79	88.90	0.00	39	0	43	0.00	0.00	63.44	7.60	0.00	0.00	2000
231	11.03	2095	2099	0.00	197	0	0	0	nan	0.03	0.05	3.59	85.26	88.97	0.00	39	0	42	0.00	0.00	65.43	7.79	0.00	0.00	2000
231	11.22	2079	2076	0.00	179	0	0	0	nan	0.00	0.07	4.83	82.98	88.78	0.00	39	0	42	0.00	0.00	64.87	7.82	0.00	0.00	2000
230	11.20	2038	2120	0.46	199	0	0	10	28.69	0.02	1.50	7.41	80.89	88.80	0.00	39	0	42	0.00	0.00	64.79	7.73	0.00	0.00	2000
232	11.25	2053	2109	0.70	198	0	0	0	88.79	0.01	0.03	7.37	81.85	88.75	0.00	39	0	42	0.00	0.00	66.38	7.79	0.00	0.00	2000
231	11.15	2076	2100	0.00	197	0	0	0	nan	0.02	1.44	7.12	80.41	88.85	0.00	39	0	42	0.00	0.00	60.04	7.21	0.00	0.00	2000
226	11.34	2094	1999	0.00	197	0	0	0	nan	0.01	0.00	8.73	75.73	88.66	0.00	39	0	42	0.00	0.00	62.62	7.36	0.00	0.00	2000
233	10.61	2086	2211	0.00	195	0	0	0	nan	0.00	0.00	5.75	88.43	89.39	0.00	39	0	42	0.00	0.00	71.68	8.36	0.00	0.00	2000
229	10.96	2096	2090	0.00	197	0	0	0	nan	0.01	0.00	6.83	81.86	89.04	0.00	39	0	42	0.00	0.00	60.33	7.26	0.00	0.00	2000
233	11.37	2046	2100	0.00	200	0	0	0	nan	0.00	0.01	6.27	82.50	88.63	0.00	39	0	42	0.00	0.00	65.27	7.86	0.00	0.00	2000
236	11.19	2102	2105	0.00	201	0	0	0	nan	0.00	0.03	5.82	83.18	88.81	0.00	39	0	42	0.00	0.00	66.83	7.93	0.00	0.00	2000
232	11.09	2097	2095	0.00	181	0	0	0	nan	0.00	0.00	6.73	82.07	88.91	0.00	39	0	42	0.00	0.00	64.93	7.78	0.00	0.00	2000
228	11.20	2036	2098	0.00	198	0	0	0	nan	0.00	0.00	6.67	82.15	88.80	0.00	39	0	42	0.00	0.00	64.87	7.65	0.00	0.00	2000
230	11.25	2034	2110	0.00	198	0	0	0	nan	0.00	0.00	6.69	82.55	88.75	0.00	39	0	42	0.00	0.00	63.35	7.37	0.00	0.00	2000
229	10.99	2089	2098	0.00	196	0	0	0	nan	0.00	0.02	6.97	82.08	89.01	0.00	39	0	42	0.00	0.00	63.00	7.49	0.00	0.00	2000
235	11.16	2105	2097	0.00	198	0	0	0	nan	0.04	0.71	7.29	80.83	88.84	0.00	39	0	42	0.00	0.00	65.65	7.82	0.00	0.00	2000
229	10.98	2082	2104	0.00	197	0	0	0	nan	0.01	0.41	2.50	86.31	89.02	0.00	39	0	42	0.00	0.00	66.75	7.78	0.00	0.00	2000
230	11.07	2082	2095	0.00	182	0	0	0	nan	0.00	0.00	6.05	82.80	88.93	0.00	39	0	42	0.00	0.00	62.68	7.25	0.00	0.00	2000
230	11.20	2053	2098	0.00	199	0	0	0	nan	0.00	0.00	5.87	82.90	88.80	0.00	39	0	42	0.00	0.00	65.39	7.65	0.00	0.00	2000
230	11.21	2052	2104	0.00	196	0	0	0	nan	0.00	0.00	5.25	83.84	88.79	0.00	39	0	42	0.00	0.00	62.79	7.59	0.00	0.00	2000
230	11.03	2087	2095	0.00	196	0	0	5	37.46	0.00	0.05	6.10	82.74	88.97	0.00	39	0	42	0.00	0.00	66.09	7.84	0.00	0.00	2000
231	11.12	2075	2107	1.05	199	0	0	7	39.76	0.00	0.02	6.06	83.23	88.88	0.00	39	0	42	0.00	0.00	65.24	7.91	0.00	0.00	2000
229	11.22	2049	2095	0.00	198	0	0	0	nan	0.00	0.00	7.29	81.44	88.78	0.00	39	0	42	0.00	0.00	66.13	7.84	0.00	0.00	2000
231	11.34	2040	2095	0.00	183	0	0	0	nan	0.00	0.02	6.24	82.32	88.66	0.00	39	0	42	0.00	0.00	64.42	7.62	0.00	0.00	2000
228	11.05	2058	2105	0.00	197	0	0	0	nan	0.00	0.00	5.99	83.21	88.95	0.00	39	0	42	0.00	0.00	62.79	7.68	0.00	0.00	2000
229	11.37	2023	2090	0.00	198	0	0	0	nan	0.00	0.00	5.91	82.38	88.63	0.00	39	0	42	0.00	0.00	64.10	7.80	0.00	0.00	2000
232	11.27	2046	2112	0.00	199	0	0	0	nan	0.00	0.00	7.82	81.56	88.73	0.00	39	0	42	0.00	0.00	63.63	7.74	0.00	0.00	2000
230	11.06	2081	2102	0.00	197	0	0	0	nan	0.00	0.00	8.26	80.84	88.94	0.00	39	0	42	0.00	0.00	66.04	7.83	0.00	0.00	2000
227	11.28	2117	1994	0.00	197	0	0	0	nan	0.00	0.00	3.64	80.72	88.72	0.00	39	0	42	0.00	0.00	61.93	7.57	0.00	0.00	2000
233	10.85	2041	2208	0.00	195	0	0	0	nan	0.00	0.00	5.82	87.98	89.15	0.00	39	0	42	0.00	0.00	68.15	8.20	0.00	0.00	2000
229	11.21	2045	2097	0.00	199	0	0	0	nan	0.00	0.07	4.04	84.72	88.79	0.00	39	0	42	0.00	0.00	62.72	7.56	0.00	0.00	2000
233	11.27	2054	2110	0.00	195	0	0	0	nan	0.00	0.55	3.42	85.34	88.73	0.00	39	0	42	0.00	0.00	66.09	7.94	0.00	0.00	2000
229	11.03	2081	2091	0.00	202	0	0	0	nan	0.00	0.00	6.29	82.30	88.97	0.00	39	0	42	0.00	0.00	65.67	7.68	0.00	0.00	2000
229	11.14	2062	2097	0.00	197	0	0	0	nan	0.00	0.00	7.60	81.21	88.86	0.00	39	0	42	0.00	0.00	64.51	7.78	0.00	0.00	2000
231	11.36	2103	2027	0.00	194	0	0	0	nan	0.00	0.05	7.10	78.44	88.64	0.00	38	0	42	0.00	0.00	61.98	7.29	0.00	0.00	2000
231	10.96	2030	2180	0.00	197	0	0	0	nan	0.00	0.00	6.22	86.35	89.04	0.00	39	0	42	0.00	0.00	67.81	8.22	0.00	0.00	2000
231	11.09	2081	2104	0.00	199	0	0	0	nan	0.00	0.01	5.79	83.42	88.91	0.00	39	0	42	0.00	0.00	64.06	7.40	0.00	0.00	2000
230	11.03	2086	2104	0.00	201	0	0	1	57.21	0.00	0.00	6.44	82.83	88.97	0.00	39	0	42	0.00	0.00	66.16	7.59	0.00	0.00	2000
229	11.03	2081	2098	1.02	198	0	0	11	33.80	0.00	0.00	6.65	82.37	88.97	0.00	39	0	42	0.00	0.00	66.18	7.76	0.00	0.00	2000
236	11.25	2098	2096	0.14	199	0	0	0	nan	0.00	0.00	6.30	82.36	88.75	0.00	39	0	42	0.00	0.00	60.77	7.21	0.00	0.00	2000
230	11.05	2076	2101	0.00	181	0	0	0	nan	0.00	0.02	6.76	82.33	88.95	0.00	39	0	42	0.00	0.00	67.27	8.01	0.00	0.00	2000
230	11.10	2073	2098	0.00	196	0	0	0	nan	0.00	0.01	5.59	83.37	88.90	0.00	39	0	42	0.00	0.00	64.22	7.84	0.00	0.00	2000
232	11.09	2084	2108	0.00	195	0	0	0	nan	0.00	0.02	6.41	82.82	88.91	0.00	39	0	42	0.00	0.00	67.40	7.96	0.00	0.00	2000
232	11.10	2094	2093	0.00	206	0	0	0	nan	0.00	0.03	6.48	82.25	88.90	0.00	39	0	42	0.00	0.00	61.13	7.22	0.00	0.00	2000
230	11.03	2086	2096	0.00	186	0	0	0	nan	0.00	0.08	5.81	83.06	88.97	0.00	39	0	42	0.00	0.00	65.99	7.89	0.00	0.00	2000
232	11.39	2028	2108	0.00	197	0	0	0	nan	0.00	0.00	6.39	82.63	88.61	0.00	39	0	42	0.00	0.00	65.40	7.83	0.00	0.00	2000
229	11.11	2065	2100	0.00	196	0	0	0	nan	0.00	0.00	6.24	82.76	88.89	0.00	39	0	42	0.00	0.00	65.59	7.75	0.00	0.00	2000
229	10.85	2112	2100	0.00	197	0	0	0	nan	0.00	0.98	6.21	82.09	89.15	0.00	39	0	42	0.00	0.00	66.18	7.68	0.00	0.00	2000
231	10.95	2111	2102	0.00	198	0	0	0	nan	0.00	0.97	7.64	80.69	89.05	0.00	39	0	42	0.00	0.00	61.50	7.24	0.00	0.00	2000
230	11.06	2087	2091	0.00	182	0	0	0	nan	0.00	0.00	7.00	81.69	88.94	0.00	39	0	42	0.00	0.00	65.28	7.60	0.00	0.00	2000
229	11.22	2034	2110	0.00	197	0	0	0	nan	0.00	0.00	7.16	82.14	88.78	0.00	39	0	43	0.00	0.00	66.64	7.83	0.00	0.00	2000
230	11.33	2034	2098	0.00	197	0	0	0	nan	0.00	0.00	7.53	81.23	88.67	0.00	39	0	42	0.00	0.00	65.80	7.81	0.00	0.00	2000
228	11.11	2053	2097	0.00	198	0	0	0	nan	0.00	0.00	6.73	82.12	88.89	0.00	39	0	42	0.00	0.00	65.74	7.85	0.00	0.00	2000
229	11.15	2055	2102	0.00	198	0	0	0	nan	0.00	0.02	6.63	82.40	88.85	0.00	39	0	42	0.00	0.00	60.70	7.30	0.00	0.00	2000
231	11.32	2048	2097	0.00	181	0	0	0	nan	0.00	0.00	8.21	80.55	88.68	0.00	39	0	42	0.00	0.00	66.07	7.68	0.00	0.00	2000
229	11.30	2029	2092	0.26	199	0	0	10	33.89	0.00	0.00	7.48	80.95	88.70	0.00	39	0	42	0.00	0.00	64.86	7.53	0.00	0.00	2000
229	11.38	2010	2102	0.81	196	0	0	3	64.27	0.00	0.00	6.66	82.20	88.62	0.00	39	0	42	0.00	0.00	64.65	7.50	0.00	0.00	2000
229	11.38	2016	2098	0.00	198	0	0	0	nan	0.00	0.00	6.22	82.49	88.62	0.00	39	0	42	0.00	0.00	64.91	7.68	0.00	0.00	2000
228	11.17	2036	2105	0.00	198	0	0	0	nan	0.00	0.00	6.59	82.59	88.83	0.00	39	0	42	0.00	0.00	65.07	7.67	0.00	0.00	2000
231	11.39	2047	2082	0.00	199	0	0	0	nan	0.01	0.09	2.84	85.08	88.61	0.00	39	0	42	0.00	0.00	64.40	7.71	0.00	0.00	2000
233	11.23	2055	2122	0.00	205	0	0	0	nan	0.03	0.00	6.26	83.57	88.77	0.00	39	0	42	0.00	0.00	66.24	7.94	0.00	0.00	2000
232	10.97	2114	2102	0.00	214	0	0	0	nan	0.00	0.00	7.83	81.33	89.03	0.00	39	0	42	0.00	0.00	65.31	7.69	0.00	0.00	2000
230	11.25	2051	2095	0.00	196	0	0	0	nan	0.00	0.00	7.47	81.24	88.75	0.00	39	0	42	0.00	0.00	65.25	7.88	0.00	0.00	2000
228	11.35	2076	2027	0.00	197	0	0	0	nan	0.00	0.00	7.19	78.45	88.65	0.00	39	0	42	0.00	0.00	59.03	7.01	0.00	0.00	2000
236	11.01	2063	2184	0.00	200	0	0	0	nan	0.02	1.49	9.83	81.36	88.99	0.00	39	0	42	0.00	0.00	70.01	8.21	0.00	0.00	2000
232	11.07	2090	2101	0.00	201	0	0	0	nan	0.00	0.00	6.88	82.16	88.93	0.00	39	0	42	0.00	0.00	66.17	7.73	0.00	0.00	2000
229	11.09	2066	2095	0.00	199	0	0	0	nan	0.00	0.02	6.07	82.74	88.91	0.00	39	0	42	0.00	0.00	62.36	7.39	0.00	0.00	2000
229	11.06	2069	2104	0.00	195	0	0	0	nan	0.00	0.00	6.64	82.52	88.94	0.00	39	0	42	0.00	0.00	63.12	7.66	0.00	0.00	2000
229	11.13	2059	2099	0.00	182	0	0	0	nan	0.00	0.01	5.78	83.18	88.87	0.00	39	0	42	0.00	0.00	65.96	7.74	0.00	0.00	2000
231	11.18	2064	2100	0.00	198	0	0	0	nan	0.00	0.00	5.98	82.94	88.82	0.00	39	0	42	0.00	0.00	66.10	7.90	0.00	0.00	2000
233	11.15	2098	2093	0.00	218	0	0	0	nan	0.00	0.00	6.04	82.66	88.85	0.00	39	0	42	0.00	0.00	64.31	7.82	0.00	0.00	2000
233	11.22	2067	2110	0.00	196	0	0	0	nan	0.00	0.02	8.34	80.98	88.78	0.00	39	0	42	0.00	0.00	65.79	7.66	0.00	0.00	2000
229	11.05	2068	2101	0.00	195	0	0	5	36.40	0.00	0.02	7.49	81.62	88.95	0.00	39	0	42	0.00	0.00	63.40	7.49	0.00	0.00	2000
229	11.03	2084	2096	1.07	197	0	0	7	38.52	0.00	0.00	6.16	82.68	88.97	0.00	39	0	42	0.00	0.00	64.65	7.65	0.00	0.00	2000
229	10.94	2096	2100	0.00	197	0	0	0	nan	0.00	0.03	4.97	84.17	89.06	0.00	39	0	42	0.00	0.00	63.67	7.48	0.00	0.00	2000
230	11.21	2065	2087	0.00	181	0	0	0	nan	0.00	0.02	2.89	85.49	88.79	0.00	39	0	42	0.00	0.00	64.95	7.63	0.00	0.00	2000
233	11.16	2068	2120	0.00	199	0	0	0	nan	0.00	0.47	7.16	82.22	88.84	0.00	39	0	42	0.00	0.00	66.84	7.87	0.00	0.00	2000
231	11.12	2081	2093	0.00	195	0	0	0	nan	0.00	0.00	8.31	80.35	88.88	0.00	39	0	42	0.00	0.00	62.79	7.42	0.00	0.00	2000
226	11.34	2059	2037	0.00	196	0	0	0	nan	0.00	0.40	7.29	78.50	88.66	0.00	39	0	42	0.00	0.00	61.95	7.47	0.00	0.00	2000
232	10.96	2053	2168	0.00	197	0	0	0	nan	0.00	0.00	6.13	85.83	89.04	0.00	39	0	42	0.00	0.00	68.69	8.20	0.00	0.00	2000
229	11.11	2064	2099	0.00	196	0	0	0	nan	0.00	0.00	7.25	81.68	88.89	0.00	39	0	42	0.00	0.00	65.28	7.90	0.00	0.00	2000
234	11.47	2039	2104	0.00	201	0	0	0	nan	0.04	0.00	7.76	81.03	88.53	0.00	39	0	42	0.00	0.00	62.96	7.34	0.00	0.00	2000
230	11.08	2069	2103	0.00	196	0	0	0	nan	0.00	0.00	8.04	81.09	88.92	0.00	39	0	42	0.00	0.00	63.51	7.52	0.00	0.00	2000
230	11.03	2090	2099	0.00	196	0	0	0	nan	0.00	0.00	8.16	80.89	88.97	0.00	39	0	42	0.00	0.00	65.25	7.72	0.00	0.00	2000
229	11.02	2079	2098	0.00	180	0	0	0	nan	0.00	0.00	7.31	81.62	88.98	0.00	39	0	42	0.00	0.00	66.47	7.84	0.00	0.00	2000
233	11.15	2093	2100	0.00	199	0	0	0	nan	0.04	0.05	6.36	82.51	88.85	0.00	39	0	42	0.00	0.00	60.14	7.43	0.00	0.00	2000
229	11.07	2066	2102	0.00	197	0	0	0	nan	0.00	0.00	6.15	82.98	88.93	0.00	39	0	42	0.00	0.00	66.30	7.76	0.00	0.00	2000
235	11.11	2117	2098	0.00	199	0	0	0	nan	0.04	0.01	8.29	80.53	88.89	0.00	39	0	42	0.00	0.00	65.37	7.85	0.00	0.00	2000
228	11.29	2028	2091	0.00	178	0	0	0	nan	0.00	0.02	7.99	80.44	88.71	0.00	39	0	42	0.00	0.00	64.76	7.78	0.00	0.00	2000
230	11.15	2050	2115	0.00	200	0	0	0	nan	0.00	0.07	4.54	84.95	88.85	0.00	39	0	42	0.00	0.00	66.26	7.77	0.00	0.00	2000
227	11.13	2109	2028	0.85	197	0	0	28	8.11	0.03	0.01	3.29	82.59	88.87	0.00	39	0	42	0.00	0.00	57.36	7.01	0.00	0.00	2000
233	10.84	2084	2166	0.30	196	0	0	0	nan	0.00	0.02	5.95	86.07	89.16	0.00	38	0	42	0.00	0.00	70.09	8.29	0.00	0.00	2000
232	11.21	2073	2099	0.00	200	0	0	0	nan	0.00	0.02	5.91	82.88	88.79	0.00	39	0	42	0.00	0.00	66.20	7.93	0.00	0.00	2000
233	11.14	2083	2108	0.00	202	0	0	0	nan	0.00	0.00	6.54	82.77	88.86	0.00	39	0	42	0.00	0.00	62.84	7.49	0.00	0.00	2000
235	10.93	2157	2095	0.00	198	0	0	0	nan	0.00	0.00	7.38	81.47	89.07	0.00	39	0	42	0.00	0.00	62.90	7.50	0.00	0.00	2000
230	11.18	2060	2099	0.00	198	0	0	0	nan	0.00	0.00	5.63	83.26	88.82	0.00	39	0	42	0.00	0.00	66.02	7.89	0.00	0.00	2000
231	11.06	2083	2105	0.00	182	0	0	0	nan	0.00	0.02	4.95	84.19	88.94	0.00	39	0	42	0.00	0.00	66.38	7.71	0.00	0.00	2000
229	11.16	2059	2094	0.00	197	0	0	0	nan	0.00	0.01	6.02	82.67	88.84	0.00	39	0	42	0.00	0.00	64.80	7.71	0.00	0.00	2000
231	11.45	2071	2048	0.00	201	0	0	0	nan	0.00	0.02	6.47	79.94	88.55	0.00	39	0	42	0.00	0.00	58.20	6.81	0.00	0.00	2000
232	10.89	2078	2153	0.00	195	0	0	0	nan	0.00	0.01	8.07	83.35	89.11	0.00	39	0	42	0.00	0.00	70.87	8.42	0.00	0.00	2000
230	11.16	2070	2096	0.00	196	0	0	0	nan	0.04	0.00	7.15	81.58	88.84	0.00	39	0	42	0.00	0.00	62.50	7.20	0.00	0.00	2000
229	11.28	2034	2099	0.00	198	0	0	0	nan	0.00	0.00	5.57	83.15	88.72	0.00	39	0	42	0.00	0.00	64.41	7.56	0.00	0.00	2000
230	11.22	2039	2111	0.00	196	0	0	0	nan	0.00	0.00	6.03	83.29	88.78	0.00	39	0	43	0.00	0.00	66.83	7.48	0.00	0.00	2000
232	10.95	2123	2095	0.00	198	0	0	0	nan	0.00	0.00	5.96	82.99	89.05	0.00	39	0	42	0.00	0.00	61.87	7.68	0.00	0.00	2000
230	10.40	2213	2103	0.00	200	0	0	0	nan	0.00	1.60	2.99	85.27	89.60	0.00	39	0	42	0.00	0.00	67.16	7.72	0.00	0.00	2000
230	11.07	2077	2097	0.00	195	0	0	0	nan	0.00	0.00	6.27	82.60	88.93	0.00	39	0	42	0.00	0.00	65.13	7.79	0.00	0.00	2000
231	11.06	2093	2101	0.00	201	0	0	0	nan	0.00	0.98	7.16	81.08	88.94	0.00	39	0	42	0.00	0.00	66.12	7.79	0.00	0.00	2000
230	11.23	2045	2099	0.26	180	0	0	9	30.89	0.00	0.02	8.02	80.81	88.77	0.00	39	0	42	0.00	0.00	64.96	7.81	0.00	0.00	2000
229	11.15	2073	2078	0.84	198	0	0	3	63.59	0.00	0.00	6.46	81.46	88.85	0.00	39	0	42	0.00	0.00	62.31	7.38	0.00	0.00	2000
232	11.42	2013	2121	0.00	199	0	0	0	nan	0.00	0.00	8.25	81.38	88.58	0.00	39	0	42	0.00	0.00	66.97	8.06	0.00	0.00	2000
229	11.12	2062	2101	0.00	200	0	0	0	nan	0.04	0.00	7.84	81.10	88.88	0.00	39	0	42	0.00	0.00	65.89	7.90	0.00	0.00	2000
230	11.32	2032	2098	0.00	198	0	0	0	nan	0.00	0.02	7.79	80.91	88.68	0.00	39	0	42	0.00	0.00	59.98	6.96	0.00	0.00	2000
230	11.08	2072	2103	0.00	198	0	0	0	nan	0.00	0.02	6.44	82.66	88.92	0.00	39	0	42	0.00	0.00	65.77	7.76	0.00	0.00	2000
229	11.25	2096	2039	0.00	195	0	0	0	nan	0.00	0.02	6.03	80.24	88.75	0.00	39	0	42	0.00	0.00	62.48	7.30	0.00	0.00	2000
232	11.05	2035	2163	0.00	199	0	0	0	nan	0.00	0.00	7.80	83.96	88.95	0.00	39	0	42	0.00	0.00	65.75	7.93	0.00	0.00	2000
231	11.33	2040	2101	0.00	197	0	0	0	nan	0.00	0.00	8.18	80.64	88.67	0.00	39	0	42	0.00	0.00	65.75	7.74	0.00	0.00	2000
229	10.96	2089	2098	0.00	196	0	0	0	nan	0.00	0.03	5.92	83.10	89.04	0.00	39	0	42	0.00	0.00	65.11	7.82	0.00	0.00	2000
231	11.03	2086	2108	0.00	196	0	0	0	nan	0.00	0.02	5.80	83.54	88.97	0.00	39	0	42	0.00	0.00	66.58	7.93	0.00	0.00	2000
229	10.95	2098	2093	0.00	184	0	0	0	nan	0.00	2.20	3.43	83.35	89.05	0.00	39	0	42	0.00	0.00	61.29	7.39	0.00	0.00	2000
229	10.98	2108	2080	0.00	195	0	0	0	nan	0.00	0.02	3.96	84.28	89.02	0.00	39	0	42	0.00	0.00	66.89	8.05	0.00	0.00	2000
248	11.93	2051	2126	0.00	200	0	0	0	nan	0.01	0.00	7.92	81.34	88.07	0.00	39	0	42	0.00	0.00	63.99	7.53	0.00	0.00	2000
231	11.25	2054	2100	0.00	196	0	0	0	nan	0.04	0.00	7.77	81.09	88.75	0.00	39	0	42	0.00	0.00	65.27	7.88	0.00	0.00	2000
229	11.09	2065	2097	0.00	198	0	0	0	nan	0.00	0.00	6.73	82.15	88.91	0.00	39	0	42	0.00	0.00	65.52	7.93	0.00	0.00	2000
230	11.08	2077	2103	0.00	198	0	0	0	nan	0.00	0.00	7.13	81.97	88.92	0.00	39	0	42	0.00	0.00	65.73	7.98	0.00	0.00	2000
229	11.07	2072	2092	0.00	198	0	0	5	37.01	0.01	0.00	6.11	82.59	88.93	0.00	39	0	42	0.00	0.00	63.36	7.52	0.00	0.00	2000
233	11.40	2039	2103	1.10	179	0	0	8	40.73	0.00	0.00	6.97	81.82	88.60	0.00	39	0	42	0.00	0.00	63.62	7.39	0.00	0.00	2000
230	11.40	2058	2056	0.00	204	0	0	0	nan	0.00	0.00	7.26	79.57	88.60	0.00	39	0	42	0.00	0.00	63.05	7.38	0.00	0.00	2000
231	11.06	2044	2145	0.00	201	0	0	0	nan	0.00	0.04	9.39	81.51	88.94	0.00	39	0	42	0.00	0.00	65.67	7.87	0.00	0.00	2000
229	11.10	2066	2100	0.00	196	0	0	0	nan	0.00	0.02	6.55	82.53	88.90	0.00	39	0	42	0.00	0.00	66.55	7.93	0.00	0.00	2000
230	10.92	2108	2102	0.00	197	0	0	0	nan	0.00	0.00	6.24	82.89	89.08	0.00	39	0	42	0.00	0.00	65.12	7.83	0.00	0.00	2000
230	11.25	2040	2101	0.00	200	0	0	0	nan	0.00	0.00	6.29	82.72	88.75	0.00	39	0	42	0.00	0.00	66.24	7.98	0.00	0.00	2000
233	11.34	2053	2098	0.00	196	0	0	0	nan	0.00	0.02	7.33	81.34	88.66	0.00	39	0	42	0.00	0.00	59.77	7.01	0.00	0.00	2000
228	11.10	2058	2100	0.00	181	0	0	0	nan	0.00	1.53	5.45	82.16	88.90	0.00	39	0	42	0.00	0.00	65.71	7.81	0.00	0.00	2000
229	11.35	2058	2054	0.00	198	0	0	0	nan	0.00	0.05	3.34	83.53	88.65	0.00	39	0	42	0.00	0.00	63.33	7.52	0.00	0.00	2000
230	10.77	2086	2148	0.00	197	0	0	0	nan	0.04	0.01	5.21	86.11	89.23	0.00	39	0	42	0.00	0.00	66.55	8.00	0.00	0.00	2000
231	10.80	2136	2101	0.00	200	0	0	0	nan	0.00	1.02	5.78	82.61	89.20	0.00	39	0	42	0.00	0.00	66.50	7.84	0.00	0.00	2000
234	10.84	2161	2099	0.00	201	0	0	0	nan	0.00	0.98	6.80	81.46	89.16	0.00	39	0	42	0.00	0.00	64.66	7.42	0.00	0.00	2000
231	11.19	2065	2101	0.00	199	0	0	0	nan	0.00	0.02	6.04	82.89	88.81	0.00	39	0	42	0.00	0.00	63.40	7.66	0.00	0.00	2000
229	10.96	2092	2100	0.00	180	0	0	0	nan	0.00	0.00	8.08	81.07	89.04	0.00	39	0	42	0.00	0.00	66.12	7.98	0.00	0.00	2000
230	11.30	2036	2098	0.00	196	0	0	0	nan	0.00	0.03	8.27	80.50	88.70	0.00	39	0	42	0.00	0.00	64.79	7.83	0.00	0.00	2000
228	11.27	2028	2097	0.00	198	0	0	0	nan	0.00	0.04	5.41	83.42	88.73	0.00	39	0	42	0.00	0.00	64.79	7.74	0.00	0.00	2000
227	11.49	2058	2014	0.00	198	0	0	0	nan	0.00	0.01	4.76	80.26	88.51	0.00	39	0	42	0.00	0.00	62.38	7.46	0.00	0.00	2000
235	11.03	2050	2186	0.84	199	0	0	10	24.59	0.04	0.01	6.05	86.74	88.97	0.00	39	0	42	0.00	0.00	64.86	7.89	0.00	0.00	2000
230	11.40	2010	2106	0.31	196	0	0	0	nan	0.00	0.01	7.83	81.19	88.60	0.00	39	0	42	0.00	0.00	65.03	7.92	0.00	0.00	2000
230	11.17	2053	2103	0.00	197	0	0	0	nan	0.00	0.01	6.11	82.95	88.83	0.00	39	0	42	0.00	0.00	66.00	7.95	0.00	0.00	2000
227	11.39	2075	2014	0.00	194	0	0	0	nan	0.00	0.02	5.82	79.31	88.61	0.00	39	0	42	0.00	0.00	62.47	7.32	0.00	0.00	2000
231	10.78	2100	2143	0.00	198	0	0	0	nan	0.00	0.02	6.25	84.91	89.22	0.00	39	0	42	0.00	0.00	64.26	7.60	0.00	0.00	2000
236	10.84	2147	2132	0.00	202	0	0	0	nan	0.00	1.08	6.61	83.03	89.16	0.00	39	0	42	0.00	0.00	65.81	7.95	0.00	0.00	2000
228	11.00	2078	2099	0.00	197	0	0	0	nan	0.00	1.49	5.76	81.75	89.00	0.00	39	0	42	0.00	0.00	64.77	7.76	0.00	0.00	2000
230	11.25	2062	2082	0.00	199	0	0	0	nan	0.02	0.01	3.29	84.73	88.75	0.00	39	0	42	0.00	0.00	64.59	7.74	0.00	0.00	2000
228	11.02	2048	2118	0.00	197	0	0	0	nan	0.00	0.00	7.38	82.48	88.98	0.00	39	0	42	0.00	0.00	64.24	7.64	0.00	0.00	2000
231	11.42	2019	2107	0.00	198	0	0	0	nan	0.04	0.00	8.09	80.84	88.58	0.00	39	0	42	0.00	0.00	64.62	7.69	0.00	0.00	2000
230	11.30	2072	2062	0.00	199	0	0	0	nan	0.00	0.02	6.08	81.09	88.70	0.00	40	0	43	0.00	0.00	64.41	7.64	0.00	0.00	2000
232	11.06	2064	2137	0.00	201	0	0	0	nan	0.00	0.00	7.82	82.81	88.96	0.00	39	0	42	0.00	0.00	64.98	7.71	0.00	0.00	2000
228	11.11	2057	2096	0.00	199	0	0	0	nan	0.00	0.00	6.96	81.83	88.89	0.00	39	0	42	0.00	0.00	64.70	7.70	0.00	0.00	2000
229	11.19	2050	2098	0.00	198	0	0	0	nan	0.01	0.00	6.95	81.85	88.81	0.00	39	0	42	0.00	0.00	64.66	7.70	0.00	0.00	2000
228	11.13	2047	2097	0.00	197	0	0	0	nan	0.00	0.00	7.52	81.30	88.87	0.00	39	0	42	0.00	0.00	64.34	7.70	0.00	0.00	2000
232	11.35	2033	2109	0.00	199	0	0	0	nan	0.00	0.00	8.82	80.32	88.65	0.00	39	0	42	0.00	0.00	64.60	7.48	0.00	0.00	2000
228	11.21	2057	2074	0.00	200	0	0	0	nan	0.00	0.00	6.56	81.21	88.79	0.00	39	0	42	0.00	0.00	64.52	7.64	0.00	0.00	2000
230	11.09	2043	2129	0.70	198	0	0	8	18.09	0.00	0.00	8.44	81.85	88.91	0.00	39	0	42	0.00	0.00	64.33	7.59	0.00	0.00	2000
228	11.11	2066	2089	0.66	197	0	0	0	nan	0.00	0.00	6.90	81.60	88.89	0.00	39	0	42	0.00	0.00	64.36	7.62	0.00	0.00	2000
230	11.28	2036	2107	0.00	197	0	0	0	nan	0.00	0.00	7.78	81.32	88.72	0.00	39	0	42	0.00	0.00	64.89	7.56	0.00	0.00	2000
230	11.12	2067	2098	0.00	199	0	0	0	nan	0.00	0.00	5.57	83.33	88.88	0.00	39	0	42	0.00	0.00	64.49	7.60	0.00	0.00	2000
232	11.22	2065	2101	0.00	198	0	0	0	nan	0.00	0.05	4.97	83.93	88.78	0.00	40	0	42	0.00	0.00	64.67	7.64	0.00	0.00	2000
228	11.03	2068	2095	0.00	200	0	0	0	nan	0.00	0.00	7.52	81.29	88.97	0.00	39	0	42	0.00	0.00	64.24	7.71	0.00	0.00	2000
230	11.13	2056	2108	0.00	197	0	0	0	nan	0.00	0.97	7.69	80.72	88.87	0.00	39	0	42	0.00	0.00	65.40	7.60	0.00	0.00	2000
228	11.14	2081	2067	0.00	197	0	0	0	nan	0.00	0.00	5.89	81.72	88.86	0.00	40	0	42	0.00	0.00	64.51	7.64	0.00	0.00	2000
231	11.09	2058	2127	0.00	199	0	0	0	nan	0.02	1.42	8.16	80.62	88.91	0.00	39	0	42	0.00	0.00	64.66	7.77	0.00	0.00	2000
231	11.23	2059	2096	0.00	202	0	0	0	nan	0.00	0.00	8.11	80.58	88.78	0.00	39	0	42	0.00	0.00	64.81	7.65	0.00	0.00	2000
229	11.20	2041	2107	0.00	199	0	0	0	nan	0.00	0.00	9.44	79.72	88.80	0.00	39	0	42	0.00	0.00	64.51	7.67	0.00	0.00	2000
228	11.17	2043	2094	0.00	199	0	0	0	nan	0.00	0.00	6.94	81.69	88.83	0.00	39	0	42	0.00	0.00	64.75	7.64	0.00	0.00	2000
229	11.12	2058	2104	0.00	197	0	0	0	nan	0.00	0.00	7.48	81.64	88.88	0.00	40	0	42	0.00	0.00	64.63	7.56	0.00	0.00	2000
228	11.08	2061	2094	0.00	198	0	0	0	nan	0.00	0.00	7.31	81.40	88.92	0.00	39	0	42	0.00	0.00	64.57	7.55	0.00	0.00	2000
232	11.30	2036	2116	0.00	200	0	0	0	nan	0.00	0.00	8.07	81.44	88.70	0.00	39	0	42	0.00	0.00	64.63	7.62	0.00	0.00	2000
227	11.18	2045	2087	0.00	196	0	0	0	nan	0.00	0.01	7.19	81.19	88.82	0.00	39	0	42	0.00	0.00	62.19	7.87	0.00	0.00	2000
229	11.30	2020	2108	0.00	195	0	0	0	nan	0.00	0.00	7.26	81.88	88.70	0.00	39	0	42	0.00	0.00	67.02	7.57	0.00	0.00	2000
228	10.97	2086	2092	0.32	200	0	0	7	23.81	0.00	0.00	6.38	82.37	89.03	0.00	39	0	42	0.00	0.00	64.83	7.80	0.00	0.00	2000
234	11.45	2054	2094	0.99	199	0	0	2	64.33	0.00	2.17	5.06	81.20	88.55	0.00	39	0	42	0.00	0.00	64.61	7.65	0.00	0.00	2000
232	11.09	2114	2081	0.00	200	0	0	0	nan	0.00	0.05	4.58	83.63	88.91	0.00	39	0	43	0.00	0.00	64.99	7.56	0.00	0.00	2000
231	11.01	2092	2105	0.00	206	0	0	0	nan	0.00	0.00	5.88	83.33	88.99	0.00	39	0	42	0.00	0.00	64.31	7.66	0.00	0.00	2000
228	11.04	2075	2091	0.00	199	0	0	0	nan	0.00	0.00	7.60	81.14	88.96	0.00	39	0	42	0.00	0.00	64.32	7.76	0.00	0.00	2000
230	10.95	2064	2140	0.00	198	0	0	0	nan	0.00	0.00	7.54	83.26	89.05	0.00	40	0	42	0.00	0.00	64.90	7.77	0.00	0.00	2000
229	11.06	2070	2096	0.00	199	0	0	0	nan	0.00	0.00	6.07	82.73	88.94	0.00	39	0	42	0.00	0.00	64.57	7.80	0.00	0.00	2000
232	11.38	2044	2096	0.00	197	0	0	0	nan	0.00	0.01	6.60	81.86	88.62	0.00	39	0	42	0.00	0.00	64.64	7.42	0.00	0.00	2000
229	11.22	2060	2077	0.00	199	0	0	0	nan	0.00	0.00	8.15	79.75	88.78	0.00	39	0	42	0.00	0.00	64.45	7.75	0.00	0.00	2000
231	11.17	2042	2124	0.00	195	0	0	0	nan	0.00	0.00	8.55	81.35	88.83	0.00	39	0	42	0.00	0.00	64.41	7.73	0.00	0.00	2000
229	11.26	2059	2070	0.00	200	0	0	0	nan	0.00	0.00	6.84	80.77	88.74	0.00	40	0	42	0.00	0.00	64.72	7.67	0.00	0.00	2000
229	11.12	2037	2123	0.00	198	0	0	0	nan	0.00	0.00	6.33	83.66	88.88	0.00	39	0	42	0.00	0.00	64.37	7.77	0.00	0.00	2000
232	11.34	2071	2071	0.00	200	0	0	0	nan	0.00	0.00	8.84	78.72	88.66	0.00	39	0	42	0.00	0.00	61.91	7.25	0.00	0.00	2000
231	11.07	2073	2114	0.00	200	0	0	0	nan	0.00	0.00	7.55	81.96	88.93	0.00	39	0	42	0.00	0.00	67.43	8.14	0.00	0.00	2000
229	11.01	2062	2115	0.00	196	0	0	0	nan	0.00	0.00	8.71	81.03	88.99	0.00	39	0	42	0.00	0.00	64.48	7.80	0.00	0.00	2000
229	11.37	2030	2084	0.00	199	0	0	0	nan	0.00	0.00	7.37	80.68	88.63	0.00	39	0	42	0.00	0.00	64.44	7.75	0.00	0.00	2000
228	10.84	2110	2090	0.00	197	0	0	0	nan	0.00	2.65	4.39	81.93	89.16	0.00	39	0	42	0.00	0.00	62.07	7.48	0.00	0.00	2000
232	10.88	2118	2117	0.01	198	0	0	6	32.02	0.01	0.02	5.26	84.60	89.12	0.00	39	0	42	0.00	0.00	67.20	8.22	0.00	0.00	2000
229	11.12	2081	2083	1.26	200	0	0	4	38.29	0.00	0.41	7.58	80.31	88.88	0.00	39	0	42	0.00	0.00	59.29	7.28	0.00	0.00	2000
231	11.09	2071	2112	0.00	194	0	0	0	nan	0.01	0.00	9.58	79.92	88.91	0.00	39	0	42	0.00	0.00	67.96	8.04	0.00	0.00	2000
229	11.12	2072	2090	0.00	199	0	0	0	nan	0.02	1.43	9.05	78.14	88.88	0.00	39	0	42	0.00	0.00	61.55	7.40	0.00	0.00	2000
231	11.01	2066	2130	0.00	198	0	0	0	nan	0.00	0.00	7.45	82.88	88.99	0.00	39	0	42	0.00	0.00	69.90	8.38	0.00	0.00	2000
228	11.31	2035	2080	0.00	198	0	0	0	nan	0.00	0.00	7.01	80.94	88.69	0.00	39	0	42	0.00	0.00	62.04	7.43	0.00	0.00	2000
233	11.36	2057	2097	0.00	197	0	0	0	nan	0.04	0.00	8.85	79.73	88.64	0.00	39	0	42	0.00	0.00	64.64	7.84	0.00	0.00	2000
228	11.12	2060	2094	0.00	198	0	0	0	nan	0.00	0.00	8.23	80.52	88.88	0.00	39	0	42	0.00	0.00	64.24	7.73	0.00	0.00	2000
231	11.13	2061	2117	0.00	196	0	0	0	nan	0.00	0.00	7.12	82.56	88.87	0.00	39	0	42	0.00	0.00	64.68	7.70	0.00	0.00	2000
228	11.07	2057	2099	0.00	199	0	0	0	nan	0.00	0.00	6.86	82.16	88.93	0.00	39	0	42	0.00	0.00	64.54	7.72	0.00	0.00	2000
229	11.21	2026	2121	0.00	199	0	0	0	nan	0.00	0.00	6.95	82.84	88.79	0.00	39	0	42	0.00	0.00	64.41	7.75	0.00	0.00	2000
230	11.25	2083	2058	0.00	202	0	0	0	nan	0.00	0.02	7.25	79.81	88.75	0.00	39	0	42	0.00	0.00	61.49	7.48	0.00	0.00	2000
249	11.87	2055	2145	0.00	212	0	0	0	nan	0.00	0.00	8.31	81.83	88.13	0.00	39	0	42	0.00	0.00	70.41	8.51	0.00	0.00	2000
228	11.29	2054	2062	0.00	179	0	0	0	nan	0.00	2.18	4.55	80.53	88.71	0.00	39	0	42	0.00	0.00	59.04	6.95	0.00	0.00	2000
230	11.06	2049	2130	0.00	199	0	0	0	nan	0.00	0.05	4.61	85.71	88.94	0.00	39	0	42	0.00	0.00	67.60	7.95	0.00	0.00	2000
228	11.26	2033	2095	0.00	200	0	0	0	nan	0.00	0.00	8.18	80.46	88.74	0.00	39	0	42	0.00	0.00	64.71	7.86	0.00	0.00	2000
231	11.38	2021	2111	0.00	200	0	0	0	nan	0.00	0.00	6.44	82.76	88.62	0.00	39	0	42	0.00	0.00	64.44	7.67	0.00	0.00	2000
230	11.07	2104	2070	0.00	208	0	0	4	34.82	0.00	1.43	6.56	79.72	88.93	0.00	39	0	42	0.00	0.00	62.07	7.36	0.00	0.00	2000
231	11.21	2054	2107	1.31	200	0	0	7	35.49	0.00	0.00	9.45	79.75	88.79	0.00	39	0	42	0.00	0.00	64.96	7.65	0.00	0.00	2000
229	11.04	2087	2085	0.00	197	0	0	0	nan	0.00	0.00	7.69	80.77	88.96	0.00	39	0	42	0.00	0.00	64.77	7.69	0.00	0.00	2000
230	11.10	2041	2128	0.00	199	0	0	0	nan	0.00	0.00	6.90	83.28	88.90	0.00	39	0	42	0.00	0.00	67.43	7.82	0.00	0.00	2000
231	11.42	2022	2099	0.00	198	0	0	0	nan	0.00	0.00	6.14	82.57	88.58	0.00	39	0	42	0.00	0.00	64.57	7.54	0.00	0.00	2000
229	11.20	2063	2086	0.00	201	0	0	0	nan	0.00	0.01	7.05	81.26	88.80	0.00	40	0	42	0.00	0.00	61.66	7.51	0.00	0.00	2000
228	11.08	2058	2095	0.00	196	0	0	0	nan	0.00	0.00	8.61	80.21	88.92	0.00	39	0	42	0.00	0.00	64.55	7.54	0.00	0.00	2000
229	11.11	2037	2125	0.00	196	0	0	0	nan	0.00	0.00	7.77	82.27	88.89	0.00	39	0	42	0.00	0.00	67.53	7.90	0.00	0.00	2000
228	11.13	2060	2093	0.00	197	0	0	0	nan	0.00	0.00	6.56	82.13	88.87	0.00	39	0	42	0.00	0.00	64.40	7.64	0.00	0.00	2000
232	11.28	2040	2113	0.00	200	0	0	0	nan	0.00	0.00	7.60	81.84	88.72	0.00	39	0	42	0.00	0.00	61.55	7.28	0.00	0.00	2000
228	11.24	2044	2087	0.00	205	0	0	0	nan	0.00	0.11	5.51	82.76	88.76	0.00	40	0	42	0.00	0.00	67.48	8.07	0.00	0.00	2000
229	11.29	2021	2111	0.00	196	0	0	0	nan	0.00	0.04	3.73	85.53	88.71	0.00	40	0	42	0.00	0.00	61.79	7.48	0.00	0.00	2000
228	11.17	2084	2058	0.00	197	0	0	0	nan	0.01	0.00	5.35	81.82	88.83	0.00	40	0	42	0.00	0.00	65.29	7.85	0.00	0.00	2000
229	11.25	2022	2118	0.00	196	0	0	0	nan	0.00	0.00	6.78	82.93	88.75	0.00	40	0	42	0.00	0.00	63.75	7.85	0.00	0.00	2000
228	11.05	2046	2113	0.00	197	0	0	0	nan	0.00	0.00	6.03	83.66	88.95	0.00	40	0	42	0.00	0.00	65.08	7.78	0.00	0.00	2000
232	11.53	2023	2087	0.00	200	0	0	0	nan	0.00	0.00	6.32	81.70	88.47	0.00	40	0	42	0.00	0.00	64.46	7.74	0.00	0.00	2000
228	11.10	2040	2112	0.00	196	0	0	0	nan	0.00	0.00	7.83	81.74	88.90	0.00	40	0	42	0.00	0.00	64.12	7.81	0.00	0.00	2000
229	11.33	2017	2103	0.00	197	0	0	2	35.32	0.00	0.00	7.53	81.38	88.67	0.00	40	0	42	0.00	0.00	64.78	7.82	0.00	0.00	2000
227	11.28	2015	2098	1.68	195	0	0	11	21.22	0.00	0.00	7.90	80.92	88.72	0.00	40	0	42	0.00	0.00	64.55	7.81	0.00	0.00	2000
231	11.36	2050	2082	0.03	199	0	0	0	nan	0.00	0.00	7.51	80.42	88.64	0.00	40	0	42	0.00	0.00	64.33	7.76	0.00	0.00	2000
232	11.24	2047	2120	0.00	197	0	0	0	nan	0.00	0.00	7.02	82.73	88.76	0.00	40	0	42	0.00	0.00	64.50	7.66	0.00	0.00	2000
229	11.22	2046	2100	0.00	198	0	0	0	nan	0.00	0.00	7.18	81.65	88.78	0.00	39	0	42	0.00	0.00	64.57	7.99	0.00	0.00	2000
233	11.32	2055	2101	0.00	214	0	0	0	nan	0.00	0.00	11.13	77.60	88.68	0.00	40	0	42	0.00	0.00	65.50	7.68	0.00	0.00	2000
229	11.16	2048	2105	0.00	197	0	0	0	nan	0.00	0.00	6.60	82.63	88.84	0.00	40	0	42	0.00	0.00	64.75	7.51	0.00	0.00	2000
227	11.30	2047	2060	0.00	197	0	0	0	nan	0.00	0.00	6.88	80.30	88.70	0.00	40	0	42	0.00	0.00	64.13	7.92	0.00	0.00	2000
234	10.92	2126	2115	0.00	199	0	0	0	nan	0.00	0.36	4.16	85.29	89.08	0.00	40	0	42	0.00	0.00	65.08	7.81	0.00	0.00	2000
228	11.04	2072	2091	0.00	196	0	0	0	nan	0.00	0.72	6.34	81.64	88.96	0.00	40	0	42	0.00	0.00	64.95	7.93	0.00	0.00	2000
231	11.02	2058	2137	0.00	197	0	0	0	nan	0.00	0.00	8.60	82.09	88.98	0.00	40	0	42	0.00	0.00	64.81	7.88	0.00	0.00	2000
228	11.06	2075	2090	0.00	195	0	0	0	nan	0.00	0.01	6.71	81.92	88.94	0.00	40	0	42	0.00	0.00	64.91	7.75	0.00	0.00	2000
229	11.25	2026	2108	0.00	194	0	0	0	nan	0.00	0.00	6.99	82.21	88.75	0.00	40	0	42	0.00	0.00	64.87	7.92	0.00	0.00	2000
230	11.17	2069	2092	0.00	199	0	0	0	nan	0.00	0.00	7.11	81.35	88.83	0.00	40	0	42	0.00	0.00	64.90	7.93	0.00	0.00	2000
231	11.22	2050	2105	0.00	213	0	0	0	nan	0.00	0.01	9.47	79.57	88.78	0.00	40	0	42	0.00	0.00	65.20	7.78	0.00	0.00	2000
227	11.30	2015	2096	0.00	197	0	0	0	nan	0.00	0.00	7.33	81.31	88.70	0.00	40	0	42	0.00	0.00	64.48	7.77	0.00	0.00	2000
229	11.54	2004	2083	0.00	198	0	0	0	nan	0.00	0.00	5.83	82.07	88.46	0.00	40	0	42	0.00	0.00	64.71	7.81	0.00	0.00	2000
228	11.01	2065	2107	0.00	196	0	0	0	nan	0.00	0.00	8.33	81.09	88.99	0.00	40	0	42	0.00	0.00	64.40	7.79	0.00	0.00	2000
233	11.37	2030	2121	1.24	196	0	0	11	12.65	0.04	0.00	8.23	81.39	88.63	0.00	40	0	42	0.00	0.00	64.55	7.78	0.00	0.00	2000
229	11.22	2052	2086	0.43	198	0	0	0	nan	0.00	0.02	6.58	81.73	88.78	0.00	40	0	42	0.00	0.00	65.10	7.98	0.00	0.00	2000
230	11.00	2091	2103	0.00	196	0	0	0	nan	0.00	0.00	6.22	82.93	89.00	0.00	40	0	42	0.00	0.00	64.85	7.81	0.00	0.00	2000
228	11.10	2057	2100	0.00	198	0	0	0	nan	0.00	0.00	6.75	82.23	88.90	0.00	40	0	42	0.00	0.00	64.99	7.89	0.00	0.00	2000
230	11.12	2068	2105	0.00	202	0	0	0	nan	0.00	0.03	5.47	83.69	88.88	0.00	40	0	42	0.00	0.00	64.80	7.77	0.00	0.00	2000
229	11.17	2052	2095	0.00	198	0	0	0	nan	0.00	0.05	3.63	85.05	88.83	0.00	40	0	42	0.00	0.00	64.92	7.69	0.00	0.00	2000
232	11.24	2056	2107	0.00	199	0	0	0	nan	0.00	0.04	5.96	83.16	88.76	0.00	40	0	42	0.00	0.00	65.04	7.81	0.00	0.00	2000
227	11.31	2039	2068	0.00	195	0	0	0	nan	0.00	0.00	8.49	78.92	88.69	0.00	40	0	42	0.00	0.00	64.67	7.80	0.00	0.00	2000
230	10.99	2058	2134	0.00	196	0	0	0	nan	0.02	0.00	8.82	81.75	89.01	0.00	40	0	42	0.00	0.00	64.80	7.81	0.00	0.00	2000
229	11.17	2070	2080	0.00	197	0	0	0	nan	0.02	1.42	6.72	79.96	88.83	0.00	40	0	42	0.00	0.00	64.68	7.85	0.00	0.00	2000
229	11.17	2037	2119	0.00	196	0	0	0	nan	0.00	0.00	8.04	81.69	88.83	0.00	40	0	42	0.00	0.00	64.42	7.88	0.00	0.00	2000
230	11.32	2040	2090	0.00	201	0	0	0	nan	0.00	0.00	6.32	81.96	88.68	0.00	40	0	42	0.00	0.00	64.76	7.90	0.00	0.00	2000
229	11.12	2044	2114	0.00	195	0	0	0	nan	0.00	0.00	8.90	80.64	88.88	0.00	40	0	42	0.00	0.00	64.64	7.96	0.00	0.00	2000
227	11.22	2065	2061	0.00	197	0	0	0	nan	0.00	0.01	4.92	82.34	88.78	0.00	40	0	42	0.00	0.00	64.32	7.58	0.00	0.00	2000
230	11.18	2054	2107	0.00	195	0	0	0	nan	0.00	0.00	7.30	81.83	88.82	0.00	40	0	42	0.00	0.00	64.46	7.89	0.00	0.00	2000
227	10.99	2075	2092	0.00	197	0	0	0	nan	0.00	0.00	7.57	81.26	89.01	0.00	40	0	42	0.00	0.00	64.55	7.58	0.00	0.00	2000
238	11.43	2077	2109	0.00	201	0	0	0	nan	0.00	0.00	9.75	79.24	88.57	0.00	40	0	42	0.00	0.00	65.07	7.81	0.00	0.00	2000
229	10.73	2128	2106	0.86	195	0	0	11	15.60	0.00	0.00	9.22	80.43	89.27	0.00	40	0	42	0.00	0.00	65.53	7.81	0.00	0.00	2000
230	10.92	2121	2091	0.85	196	0	0	0	nan	0.00	0.01	6.92	81.77	89.08	0.00	40	0	42	0.00	0.00	64.37	7.93	0.00	0.00	2000
262	12.15	2168	2089	0.00	197	0	0	0	nan	0.03	0.02	4.43	83.07	87.85	0.00	40	0	42	0.00	0.00	65.39	7.86	0.00	0.00	2000
231	10.85	2085	2142	0.00	199	0	0	0	nan	0.00	0.05	4.69	86.21	89.15	0.00	40	0	42	0.00	0.00	65.18	7.95	0.00	0.00	2000
231	11.13	2074	2097	0.00	195	0	0	0	nan	0.00	0.00	6.75	82.00	88.87	0.00	40	0	42	0.00	0.00	65.12	7.98	0.00	0.00	2000
230	11.22	2073	2076	0.00	204	0	0	0	nan	0.00	0.00	5.55	82.15	88.78	0.00	40	0	42	0.00	0.00	65.01	7.91	0.00	0.00	2000
229	10.98	2090	2093	0.00	195	0	0	0	nan	0.00	0.00	9.36	79.49	89.02	0.00	40	0	42	0.00	0.00	64.85	7.93	0.00	0.00	2000
230	11.14	2039	2129	0.00	198	0	0	0	nan	0.00	0.38	8.61	81.22	88.86	0.00	40	0	42	0.00	0.00	64.86	8.07	0.00	0.00	2000
229	11.19	2081	2066	0.00	198	0	0	0	nan	0.00	0.00	8.75	78.72	88.81	0.00	40	0	42	0.00	0.00	65.15	8.07	0.00	0.00	2000
233	11.00	2092	2129	0.00	199	0	0	0	nan	0.00	0.00	7.84	82.44	89.00	0.00	39	0	42	0.00	0.00	64.91	8.05	0.00	0.00	2000
228	11.13	2050	2095	0.00	204	0	0	0	nan	0.00	0.00	6.60	82.17	88.87	0.00	40	0	42	0.00	0.00	62.30	7.53	0.00	0.00	2000
230	11.03	2065	2119	0.00	197	0	0	0	nan	0.00	0.00	7.07	82.79	88.97	0.00	40	0	42	0.00	0.00	68.00	8.45	0.00	0.00	2000
228	11.25	2077	2049	0.00	197	0	0	0	nan	0.00	0.00	6.00	80.71	88.75	0.00	40	0	42	0.00	0.00	61.98	7.52	0.00	0.00	2000
231	10.95	2063	2143	0.00	194	0	0	0	nan	0.00	0.02	6.62	84.35	89.05	0.00	40	0	42	0.00	0.00	67.52	8.24	0.00	0.00	2000
227	11.08	2079	2066	0.00	197	0	0	0	nan	0.00	0.00	6.97	80.62	88.92	0.00	40	0	42	0.00	0.00	62.30	7.65	0.00	0.00	2000
232	11.03	2088	2118	0.00	197	0	0	0	nan	0.02	1.18	9.05	79.60	88.97	0.00	40	0	42	0.00	0.00	64.98	7.77	0.00	0.00	2000
229	10.93	2079	2114	0.00	197	0	0	0	nan	0.00	0.00	8.36	81.39	89.07	0.00	40	0	42	0.00	0.00	67.24	8.11	0.00	0.00	2000
230	10.97	2112	2080	0.39	197	0	0	10	18.91	0.00	0.07	4.49	83.65	89.03	0.00	40	0	42	0.00	0.00	63.16	7.55	0.00	0.00	2000
229	11.10	2067	2093	1.24	197	0	0	3	54.02	0.00	0.05	3.90	84.82	88.90	0.00	40	0	42	0.00	0.00	64.22	7.74	0.00	0.00	2000
231	11.13	2044	2136	0.00	198	0	0	0	nan	0.00	0.00	6.02	84.51	88.87	0.00	40	0	42	0.00	0.00	67.62	8.23	0.00	0.00	2000
231	10.61	2191	2088	0.00	202	0	0	0	nan	0.00	2.03	7.44	79.60	89.39	0.00	40	0	42	0.00	0.00	63.71	7.54	0.00	0.00	2000
229	11.27	2051	2081	0.00	194	0	0	0	nan	0.01	0.00	7.13	80.86	88.73	0.00	40	0	42	0.00	0.00	65.10	7.90	0.00	0.00	2000
229	11.09	2049	2116	0.00	196	0	0	0	nan	0.04	0.00	8.17	81.54	88.91	0.00	40	0	42	0.00	0.00	64.43	7.99	0.00	0.00	2000
249	12.12	2047	2107	0.00	211	0	0	0	nan	0.00	0.00	6.70	81.63	87.88	0.00	40	0	42	0.00	0.00	66.49	8.19	0.00	0.00	2000
230	11.35	2028	2095	0.00	197	0	0	0	nan	0.00	0.02	6.55	82.03	88.65	0.00	40	0	42	0.00	0.00	62.82	7.71	0.00	0.00	2000
231	11.10	2095	2089	0.00	184	0	0	0	nan	0.00	0.00	7.92	80.56	88.90	0.00	40	0	42	0.00	0.00	65.43	7.76	0.00	0.00	2000
227	10.94	2060	2111	0.00	195	0	0	0	nan	0.00	0.00	8.09	81.55	89.06	0.00	40	0	42	0.00	0.00	64.54	7.69	0.00	0.00	2000
229	11.28	2015	2113	0.00	195	0	0	0	nan	0.00	0.00	7.43	81.97	88.72	0.00	40	0	42	0.00	0.00	64.90	7.64	0.00	0.00	2000
229	11.19	2087	2057	0.00	200	0	0	0	nan	0.00	0.01	6.49	80.61	88.81	0.00	40	0	42	0.00	0.00	61.74	7.47	0.00	0.00	2000
232	11.18	2036	2139	0.00	197	0	0	0	nan	0.00	0.00	7.35	83.24	88.82	0.00	40	0	42	0.00	0.00	67.74	8.32	0.00	0.00	2000
230	11.29	2073	2061	0.00	200	0	0	0	nan	0.00	0.00	7.07	80.13	88.71	0.00	40	0	42	0.00	0.00	62.03	7.51	0.00	0.00	2000
229	11.12	2036	2126	0.00	195	0	0	0	nan	0.00	1.49	7.17	81.56	88.88	0.00	40	0	42	0.00	0.00	67.75	8.33	0.00	0.00	2000
229	11.31	2023	2101	0.00	200	0	0	0	nan	0.01	0.02	4.73	84.14	88.69	0.00	40	0	42	0.00	0.00	64.99	7.93	0.00	0.00	2000
230	11.32	2022	2110	0.00	199	0	0	0	nan	0.00	0.00	4.90	84.34	88.68	0.00	40	0	42	0.00	0.00	65.03	7.83	0.00	0.00	2000
227	11.14	2044	2092	0.00	198	0	0	7	19.47	0.00	0.00	6.88	81.76	88.86	0.00	40	0	42	0.00	0.00	65.13	7.85	0.00	0.00	2000
233	11.40	2034	2113	1.56	199	0	0	6	35.92	0.00	0.00	6.33	82.91	88.60	0.00	40	0	42	0.00	0.00	65.07	7.73	0.00	0.00	2000
228	11.21	2058	2073	0.00	204	0	0	0	nan	0.00	0.01	6.02	81.66	88.79	0.00	40	0	42	0.00	0.00	62.27	7.52	0.00	0.00	2000
229	11.02	2053	2124	0.00	197	0	0	0	nan	0.00	0.00	8.37	81.68	88.98	0.00	40	0	42	0.00	0.00	68.46	8.24	0.00	0.00	2000
227	11.13	2074	2061	0.00	194	0	0	0	nan	0.00	0.00	6.80	80.51	88.87	0.00	40	0	42	0.00	0.00	62.24	7.46	0.00	0.00	2000
230	11.13	2042	2121	0.00	196	0	0	0	nan	0.00	0.00	6.15	83.70	88.87	0.00	40	0	42	0.00	0.00	65.10	7.94	0.00	0.00	2000
230	11.24	2065	2083	0.00	198	0	0	0	nan	0.00	0.00	8.70	79.44	88.76	0.00	40	0	42	0.00	0.00	65.00	7.82	0.00	0.00	2000
230	11.05	2056	2129	0.00	198	0	0	0	nan	0.00	0.00	7.98	82.37	88.95	0.00	40	0	42	0.00	0.00	65.09	7.85	0.00	0.00	2000
227	10.96	2107	2066	0.00	196	0	0	0	nan	0.00	0.00	5.88	81.80	89.04	0.00	40	0	42	0.00	0.00	64.93	7.80	0.00	0.00	2000
231	10.93	2072	2140	0.00	196	0	0	0	nan	0.00	0.00	6.82	83.96	89.07	0.00	40	0	42	0.00	0.00	68.22	8.03	0.00	0.00	2000
229	11.13	2088	2067	0.00	196	0	0	0	nan	0.00	0.00	6.08	81.56	88.87	0.00	40	0	42	0.00	0.00	62.42	7.41	0.00	0.00	2000
229	11.02	2068	2112	0.00	196	0	0	0	nan	0.00	0.00	7.47	82.19	88.98	0.00	40	0	42	0.00	0.00	64.73	7.80	0.00	0.00	2000
231	10.89	2107	2114	0.00	201	0	0	0	nan	0.00	1.02	5.56	83.24	89.11	0.00	40	0	42	0.00	0.00	65.01	7.60	0.00	0.00	2000
231	11.24	2071	2080	0.00	196	0	0	0	nan	0.00	0.13	3.58	84.18	88.76	0.00	40	0	42	0.00	0.00	65.24	7.84	0.00	0.00	2000
228	11.02	2051	2121	0.00	196	0	0	0	nan	0.00	0.00	6.99	82.98	88.98	0.00	40	0	42	0.00	0.00	64.67	7.90	0.00	0.00	2000
231	11.36	2047	2082	0.00	202	0	0	0	nan	0.00	0.01	6.46	81.59	88.64	0.00	40	0	42	0.00	0.00	64.52	7.76	0.00	0.00	2000
227	11.04	2059	2098	0.00	194	0	0	0	nan	0.00	0.00	7.62	81.40	88.96	0.00	40	0	42	0.00	0.00	64.58	7.80	0.00	0.00	2000
232	11.30	2052	2099	0.00	198	0	0	5	27.29	0.00	0.02	7.56	81.17	88.70	0.00	41	0	42	0.00	0.00	64.78	7.73	0.00	0.00	2000
229	11.12	2050	2114	1.50	199	0	0	8	24.42	0.00	0.00	7.87	81.74	88.88	0.00	39	0	42	0.00	0.00	65.04	7.97	0.00	0.00	2000
229	11.36	2009	2112	0.00	199	0	0	0	nan	0.00	0.00	6.63	82.70	88.64	0.00	40	0	42	0.00	0.00	64.14	7.73	0.00	0.00	2000
228	11.22	2060	2067	0.00	196	0	0	0	nan	0.00	0.00	7.14	80.39	88.78	0.00	40	0	42	0.00	0.00	64.75	7.76	0.00	0.00	2000
229	11.17	2017	2134	0.00	195	0	0	0	nan	0.00	0.00	6.35	84.08	88.83	0.00	40	0	42	0.00	0.00	64.01	7.89	0.00	0.00	2000
230	11.37	2064	2060	0.00	199	0	0	0	nan	0.00	0.00	7.47	79.68	88.63	0.00	40	0	42	0.00	0.00	64.66	7.79	0.00	0.00	2000
229	10.92	2066	2135	0.00	197	0	0	0	nan	0.03	0.00	8.97	81.70	89.08	0.00	40	0	42	0.00	0.00	65.21	7.94	0.00	0.00	2000
228	11.17	2048	2097	0.00	196	0	0	0	nan	0.00	0.00	7.28	81.55	88.83	0.00	40	0	42	0.00	0.00	64.68	7.66	0.00	0.00	2000
230	11.24	2053	2091	0.00	198	0	0	0	nan	0.00	0.00	6.77	81.66	88.76	0.00	40	0	42	0.00	0.00	64.80	7.96	0.00	0.00	2000
229	11.13	2074	2085	0.00	196	0	0	0	nan	0.04	0.00	8.44	79.86	88.87	0.00	40	0	42	0.00	0.00	64.35	7.94	0.00	0.00	2000
233	11.26	2044	2129	0.00	198	0	0	0	nan	0.04	0.12	4.42	85.67	88.74	0.00	40	0	42	0.00	0.00	64.79	8.03	0.00	0.00	2000
228	11.28	2036	2088	0.00	198	0	0	0	nan	0.03	0.00	5.47	82.85	88.72	0.00	39	0	42	0.00	0.00	64.85	7.92	0.00	0.00	2000
230	11.16	2068	2089	0.00	198	0	0	0	nan	0.00	0.00	6.49	81.94	88.84	0.00	40	0	42	0.00	0.00	64.46	7.86	0.00	0.00	2000
228	11.22	2035	2095	0.00	196	0	0	0	nan	0.00	0.00	8.64	80.05	88.78	0.00	40	0	42	0.00	0.00	64.31	7.89	0.00	0.00	2000
231	11.21	2059	2105	0.00	193	0	0	0	nan	0.04	0.00	8.30	80.80	88.79	0.00	40	0	42	0.00	0.00	64.60	7.84	0.00	0.00	2000
231	11.09	2065	2115	0.00	198	0	0	0	nan	0.00	0.02	7.99	81.61	88.91	0.00	40	0	42	0.00	0.00	64.65	7.72	0.00	0.00	2000
230	11.22	2063	2090	0.00	197	0	0	0	nan	0.00	0.00	8.34	80.06	88.78	0.00	40	0	42	0.00	0.00	65.18	7.91	0.00	0.00	2000
228	10.99	2063	2112	0.00	196	0	0	2	37.58	0.00	0.00	7.82	81.84	89.01	0.00	40	0	42	0.00	0.00	64.32	7.90	0.00	0.00	2000
234	11.38	2072	2081	1.63	200	0	0	11	26.87	0.00	0.00	7.05	80.81	88.62	0.00	40	0	43	0.00	0.00	64.91	7.93	0.00	0.00	2000
229	10.94	2074	2116	0.02	201	0	0	0	nan	0.00	0.00	6.66	83.25	89.06	0.00	40	0	42	0.00	0.00	64.99	7.72	0.00	0.00	2000
232	11.32	2043	2110	0.00	197	0	0	0	nan	0.00	0.00	7.91	81.33	88.68	0.00	40	0	42	0.00	0.00	64.98	7.81	0.00	0.00	2000
228	11.32	2026	2088	0.00	200	0	0	0	nan	0.00	0.00	6.87	81.43	88.68	0.00	40	0	42	0.00	0.00	65.40	7.77	0.00	0.00	2000
230	11.19	2065	2088	0.00	196	0	0	0	nan	0.00	0.00	8.31	80.04	88.81	0.00	40	0	42	0.00	0.00	64.47	7.68	0.00	0.00	2000
227	11.05	2040	2117	0.00	195	0	0	0	nan	0.00	0.00	8.27	81.51	88.95	0.00	40	0	42	0.00	0.00	64.81	7.74	0.00	0.00	2000
228	11.36	2005	2105	0.00	196	0	0	0	nan	0.00	0.00	7.26	81.75	88.64	0.00	40	0	42	0.00	0.00	64.75	7.96	0.00	0.00	2000
231	11.28	2050	2096	0.00	196	0	0	0	nan	0.00	0.11	4.58	83.98	88.72	0.00	40	0	42	0.00	0.00	64.61	7.76	0.00	0.00	2000
230	11.24	2047	2101	0.00	202	0	0	0	nan	0.04	0.00	4.32	84.55	88.76	0.00	40	0	42	0.00	0.00	64.78	7.84	0.00	0.00	2000
229	11.25	2059	2072	0.00	201	1	0	0	nan	0.04	0.00	7.14	80.50	88.75	0.00	40	0	42	0.00	0.00	64.11	7.74	0.00	0.00	2000
231	11.20	2056	2108	0.00	196	0	0	0	nan	0.00	0.00	8.78	80.42	88.80	0.00	40	0	42	0.00	0.00	64.91	7.76	0.00	0.00	2000
228	11.04	2047	2118	0.00	195	0	0	0	nan	0.00	0.00	9.02	80.83	88.96	0.00	40	0	42	0.00	0.00	64.57	7.76	0.00	0.00	2000
230	11.22	2059	2089	0.00	198	0	0	0	nan	0.00	0.00	6.03	82.36	88.78	0.00	40	0	42	0.00	0.00	64.74	7.93	0.00	0.00	2000
238	11.40	2070	2115	0.00	202	0	0	0	nan	0.04	0.00	7.29	82.06	88.60	0.00	40	0	42	0.00	0.00	65.52	7.90	0.00	0.00	2000
230	11.21	2055	2099	0.00	199	0	0	0	nan	0.00	0.00	7.70	81.13	88.79	0.00	40	0	42	0.00	0.00	64.75	7.88	0.00	0.00	2000
229	11.03	2105	2069	0.00	197	0	0	0	nan	0.00	0.00	6.72	80.97	88.97	0.00	40	0	42	0.00	0.00	65.58	7.98	0.00	0.00	2000
229	10.82	2086	2133	0.00	196	0	0	0	nan	0.00	0.00	6.89	83.75	89.18	0.00	40	0	42	0.00	0.00	65.04	7.94	0.00	0.00	2000
229	11.09	2091	2076	1.26	197	0	0	11	13.39	0.00	0.00	5.73	82.18	88.91	0.00	40	0	42	0.00	0.00	65.21	7.84	0.00	0.00	2000
233	11.34	2029	2128	0.44	198	0	0	0	nan	0.00	0.00	7.51	82.48	88.66	0.00	40	0	42	0.00	0.00	64.79	7.85	0.00	0.00	2000
228	11.12	2058	2093	0.00	195	0	0	0	nan	0.00	0.02	8.18	80.50	88.88	0.00	40	0	42	0.00	0.00	65.01	7.63	0.00	0.00	2000
231	11.33	2059	2079	0.00	198	0	0	0	nan	0.00	0.00	7.67	80.15	88.67	0.00	40	0	42	0.00	0.00	64.98	7.87	0.00	0.00	2000
229	11.00	2063	2119	0.00	201	0	0	0	nan	0.00	0.04	4.84	85.04	89.00	0.00	40	0	42	0.00	0.00	65.04	7.63	0.00	0.00	2000
229	11.17	2060	2091	0.00	197	0	0	0	nan	0.05	0.01	3.37	85.13	88.83	0.00	40	0	42	0.00	0.00	65.01	7.66	0.00	0.00	2000
231	11.17	2083	2083	0.00	196	0	0	0	nan	0.00	0.00	7.52	80.71	88.83	0.00	40	0	42	0.00	0.00	64.65	7.72	0.00	0.00	2000
230	11.01	2080	2114	0.00	200	0	0	0	nan	0.01	0.00	8.75	80.86	88.99	0.00	40	0	42	0.00	0.00	65.05	7.97	0.00	0.00	2000
229	10.95	2096	2093	0.00	199	0	0	0	nan	0.00	0.00	6.79	82.03	89.05	0.00	40	0	42	0.00	0.00	64.95	7.82	0.00	0.00	2000
230	11.23	2048	2099	0.00	197	0	0	0	nan	0.00	0.00	8.91	79.86	88.77	0.00	40	0	42	0.00	0.00	64.85	7.63	0.00	0.00	2000
228	10.83	2087	2118	0.00	196	0	0	0	nan	0.00	0.00	7.73	82.21	89.17	0.00	40	0	42	0.00	0.00	65.11	7.81	0.00	0.00	2000
232	11.29	2070	2083	0.00	198	0	0	0	nan	0.01	0.00	5.83	82.22	88.71	0.00	40	0	42	0.00	0.00	64.71	7.96	0.00	0.00	2000
229	10.98	2094	2092	0.00	200	0	0	0	nan	0.00	0.00	7.59	81.22	89.02	0.00	39	0	42	0.00	0.00	64.59	7.99	0.00	0.00	2000
230	11.09	2064	2107	0.00	199	0	0	0	nan	0.00	0.00	7.84	81.47	88.91	0.00	40	0	42	0.00	0.00	64.65	8.17	0.00	0.00	2000
229	10.90	2088	2110	0.00	197	0	0	0	nan	0.00	0.00	8.00	81.59	89.10	0.00	40	0	42	0.00	0.00	62.55	7.29	0.00	0.00	2000
230	11.21	2036	2113	0.00	197	0	0	0	nan	0.01	0.00	7.44	82.03	88.79	0.00	40	0	42	0.00	0.00	64.66	7.85	0.00	0.00	2000
229	11.53	2007	2075	0.00	197	0	0	0	nan	0.04	0.00	7.96	79.62	88.47	0.00	40	0	42	0.00	0.00	66.97	8.11	0.00	0.00	2000
234	11.17	2071	2125	0.86	200	0	0	11	14.21	0.02	1.10	8.63	80.29	88.83	0.00	40	0	42	0.00	0.00	62.64	7.34	0.00	0.00	2000
228	11.06	2073	2091	0.83	195	0	0	0	nan	0.00	2.01	5.01	81.66	88.94	0.00	40	0	42	0.00	0.00	65.02	7.82	0.00	0.00	2000
229	11.27	2021	2109	0.00	196	0	0	0	nan	0.00	0.05	3.98	85.24	88.73	0.00	40	0	42	0.00	0.00	67.14	8.18	0.00	0.00	2000
228	11.12	2071	2076	0.00	196	0	0	0	nan	0.00	0.00	6.26	81.67	88.88	0.00	40	0	42	0.00	0.00	62.84	7.47	0.00	0.00	2000
230	10.95	2080	2121	0.00	198	0	0	0	nan	0.00	0.00	6.91	83.09	89.05	0.00	40	0	42	0.00	0.00	65.12	7.89	0.00	0.00	2000
230	11.27	2071	2071	0.00	197	0	0	0	nan	0.00	0.02	8.59	79.02	88.73	0.00	40	0	42	0.00	0.00	62.16	7.41	0.00	0.00	2000
247	11.90	2043	2135	0.00	197	0	0	0	nan	0.00	0.00	8.79	80.86	88.10	0.00	40	0	42	0.00	0.00	68.33	8.20	0.00	0.00	2000
229	11.14	2091	2060	0.00	201	0	0	0	nan	0.00	0.00	6.91	80.42	88.86	0.00	40	0	42	0.00	0.00	61.82	7.38	0.00	0.00	2000
230	10.91	2069	2138	0.00	199	0	0	0	nan	0.00	0.00	6.12	84.69	89.09	0.00	40	0	42	0.00	0.00	68.18	8.12	0.00	0.00	2000
228	11.12	2066	2086	0.00	197	0	0	0	nan	0.00	0.00	6.77	81.63	88.88	0.00	40	0	42	0.00	0.00	65.06	7.76	0.00	0.00	2000
233	11.42	2047	2094	0.00	198	0	0	0	nan	0.04	0.00	8.28	80.14	88.58	0.00	40	0	42	0.00	0.00	64.82	7.77	0.00	0.00	2000
229	11.06	2051	2115	0.00	198	0	0	0	nan	0.00	0.00	9.68	80.02	88.94	0.00	40	0	42	0.00	0.00	65.03	7.83	0.00	0.00	2000
230	11.32	2047	2081	0.00	198	0	0	0	nan	0.00	0.00	8.11	79.82	88.68	0.00	40	0	42	0.00	0.00	61.83	7.47	0.00	0.00	2000
228	11.14	2039	2109	0.00	199	0	0	0	nan	0.00	0.00	8.46	80.91	88.86	0.00	40	0	42	0.00	0.00	67.83	8.06	0.00	0.00	2000
228	11.10	2037	2121	0.00	195	0	0	0	nan	0.00	0.00	8.25	81.65	88.90	0.00	40	0	42	0.00	0.00	64.93	7.89	0.00	0.00	2000
230	11.22	2082	2064	0.00	198	0	0	0	nan	0.00	0.05	7.24	80.17	88.78	0.00	40	0	42	0.00	0.00	61.56	7.52	0.00	0.00	2000
231	11.07	2085	2105	0.00	199	0	0	0	nan	0.00	0.00	6.74	82.46	88.93	0.00	40	0	42	0.00	0.00	64.83	7.84	0.00	0.00	2000
228	11.10	2049	2105	0.40	198	0	0	10	20.13	0.01	0.00	7.88	81.37	88.90	0.00	40	0	42	0.00	0.00	64.67	7.76	0.00	0.00	2000
229	11.03	2054	2126	1.23	197	0	0	3	55.80	0.00	0.00	6.84	83.32	88.97	0.00	40	0	42	0.00	0.00	67.82	8.13	0.00	0.00	2000
227	11.11	2072	2070	0.00	197	0	0	0	nan	0.00	0.01	6.03	81.67	88.89	0.00	40	0	42	0.00	0.00	61.56	7.65	0.00	0.00	2000
232	11.31	2055	2100	0.00	195	0	0	0	nan	0.00	0.00	8.70	80.06	88.69	0.00	40	0	42	0.00	0.00	64.89	7.90	0.00	0.00	2000
229	10.80	2119	2099	0.00	202	0	0	0	nan	0.00	0.96	8.36	80.01	89.20	0.00	40	0	42	0.00	0.00	65.14	7.62	0.00	0.00	2000
229	11.10	2038	2130	0.00	197	0	0	0	nan	0.00	0.00	9.46	80.78	88.90	0.00	40	0	42	0.00	0.00	67.73	8.23	0.00	0.00	2000
227	11.23	2061	2063	0.00	195	0	0	0	nan	0.00	0.02	6.47	80.92	88.77	0.00	40	0	42	0.00	0.00	61.70	7.58	0.00	0.00	2000
229	11.15	2034	2120	0.00	194	0	0	0	nan	0.00	0.00	6.97	82.83	88.85	0.00	40	0	42	0.00	0.00	65.05	7.89	0.00	0.00	2000
230	11.17	2082	2077	0.00	196	0	0	0	nan	0.00	0.00	6.81	81.18	88.83	0.00	40	0	42	0.00	0.00	64.35	7.92	0.00	0.00	2000
230	11.06	2043	2138	0.00	204	0	0	0	nan	0.00	0.01	6.17	84.49	88.94	0.00	40	0	42	0.00	0.00	64.58	7.80	0.00	0.00	2000
232	11.35	2077	2065	0.00	200	0	0	0	nan	0.00	0.00	8.50	78.81	88.65	0.00	40	0	42	0.00	0.00	64.60	7.88	0.00	0.00	2000
231	11.18	2056	2107	0.00	198	0	0	0	nan	0.00	0.00	8.50	80.70	88.82	0.00	40	0	42	0.00	0.00	65.36	7.89	0.00	0.00	2000
229	11.00	2061	2118	0.00	198	0	0	0	nan	0.00	0.00	7.47	82.42	89.00	0.00	40	0	42	0.00	0.00	67.36	8.28	0.00	0.00	2000
231	11.28	2041	2106	0.00	196	0	0	0	nan	0.00	0.00	8.15	80.88	88.72	0.00	40	0	42	0.00	0.00	61.84	7.41	0.00	0.00	2000
229	10.99	2095	2087	0.00	198	0	0	0	nan	0.00	0.06	3.15	85.33	89.01	0.00	40	0	42	0.00	0.00	66.00	7.96	0.00	0.00	2000
230	11.04	2095	2089	0.00	197	0	0	0	nan	0.01	0.00	4.65	83.87	88.96	0.00	40	0	42	0.00	0.00	64.92	7.82	0.00	0.00	2000
229	11.14	2066	2094	0.00	194	0	0	0	nan	0.00	0.00	7.76	80.97	88.86	0.00	40	0	42	0.00	0.00	64.53	7.74	0.00	0.00	2000
230	11.02	2059	2127	0.00	198	0	0	7	20.51	0.00	0.00	7.98	82.25	88.98	0.00	40	0	42	0.00	0.00	65.36	7.89	0.00	0.00	2000
228	11.23	2059	2072	1.61	197	0	0	5	36.59	0.00	0.00	6.03	81.72	88.77	0.00	40	0	42	0.00	0.00	64.19	7.90	0.00	0.00	2000
232	11.26	2048	2114	0.00	201	0	0	0	nan	0.00	0.00	6.76	82.63	88.74	0.00	40	0	42	0.00	0.00	64.67	7.72	0.00	0.00	2000
227	11.10	2035	2115	0.00	196	0	0	0	nan	0.00	0.00	8.17	81.53	88.90	0.00	40	0	42	0.00	0.00	64.42	7.80	0.00	0.00	2000
235	11.60	2020	2102	0.00	215	0	0	0	nan	0.00	0.00	11.20	77.36	88.40	0.00	40	0	42	0.00	0.00	65.00	7.81	0.00	0.00	2000
227	11.31	2043	2063	0.00	197	0	0	0	nan	0.00	0.00	7.24	80.04	88.69	0.00	40	0	42	0.00	0.00	64.26	7.74	0.00	0.00	2000
231	11.17	2028	2137	0.00	196	0	0	0	nan	0.00	0.00	7.35	83.14	88.83	0.00	40	0	42	0.00	0.00	64.88	7.88	0.00	0.00	2000
230	11.50	2023	2078	0.00	198	0	0	0	nan	0.00	0.00	8.12	79.62	88.50	0.00	40	0	42	0.00	0.00	64.89	7.93	0.00	0.00	2000
230	11.22	2019	2130	0.00	196	0	0	0	nan	0.04	0.00	9.73	80.49	88.78	0.00	40	0	42	0.00	0.00	64.56	7.88	0.00	0.00	2000
227	10.95	2083	2087	0.00	194	0	0	0	nan	0.00	0.00	6.82	81.83	89.05	0.00	40	0	42	0.00	0.00	64.68	8.06	0.00	0.00	2000
230	11.29	2044	2089	0.00	195	0	0	0	nan	0.00	0.00	7.43	80.93	88.71	0.00	40	0	42	0.00	0.00	64.87	7.91	0.00	0.00	2000
227	11.08	2064	2087	0.00	196	0	0	0	nan	0.00	2.15	5.52	80.93	88.92	0.00	40	0	42	0.00	0.00	64.59	8.01	0.00	0.00	2000
233	11.42	2012	2131	0.00	199	0	0	0	nan	0.00	2.15	4.83	83.24	88.58	0.00	40	0	42	0.00	0.00	64.57	7.69	0.00	0.00	2000
228	11.30	2037	2075	0.00	201	0	0	0	nan	0.00	0.00	6.79	80.97	88.70	0.00	40	0	42	0.00	0.00	64.41	7.88	0.00	0.00	2000
231	11.38	2027	2103	0.00	199	0	0	0	nan	0.00	0.00	8.20	80.63	88.62	0.00	40	0	42	0.00	0.00	64.39	7.81	0.00	0.00	2000
229	10.85	2104	2101	0.00	195	0	0	0	nan	0.00	0.43	8.65	80.19	89.15	0.00	40	0	42	0.00	0.00	65.04	7.90	0.00	0.00	2000
231	11.15	2046	2125	0.00	199	0	0	0	nan	0.00	0.02	7.68	82.31	88.85	0.00	40	0	42	0.00	0.00	64.81	7.97	0.00	0.00	2000
230	11.26	2051	2090	0.00	197	0	0	5	25.66	0.00	0.02	6.84	81.55	88.74	0.00	40	0	42	0.00	0.00	64.61	7.85	0.00	0.00	2000
231	11.42	2038	2084	1.66	197	0	0	8	26.04	0.00	0.00	8.20	79.77	88.58	0.00	40	0	42	0.00	0.00	64.59	7.93	0.00	0.00	2000
228	11.08	2072	2090	0.00	196	0	0	0	nan	0.00	0.00	8.31	80.37	88.92	0.00	40	0	42	0.00	0.00	64.26	7.83	0.00	0.00	2000
229	10.91	2068	2136	0.00	194	0	0	0	nan	0.00	0.00	6.92	83.75	89.09	0.00	40	0	42	0.00	0.00	64.52	7.88	0.00	0.00	2000
227	11.14	2049	2090	0.00	196	0	0	0	nan	0.00	0.00	7.10	81.45	88.86	0.00	40	0	42	0.00	0.00	64.67	7.85	0.00	0.00	2000
232	11.28	2062	2099	0.00	196	0	0	0	nan	0.04	0.00	7.73	81.01	88.72	0.00	40	0	42	0.00	0.00	64.66	7.84	0.00	0.00	2000
229	11.25	2044	2095	0.00	199	0	0	0	nan	0.04	0.00	7.26	81.36	88.75	0.00	40	0	42	0.00	0.00	65.24	7.79	0.00	0.00	2000
230	11.17	2062	2098	0.00	198	0	0	0	nan	0.04	0.00	8.84	80.04	88.83	0.00	40	0	42	0.00	0.00	64.01	7.93	0.00	0.00	2000
228	11.08	2080	2077	0.00	197	0	0	0	nan	0.00	0.00	7.62	80.45	88.92	0.00	40	0	42	0.00	0.00	64.48	7.88	0.00	0.00	2000
231	11.00	2083	2115	0.00	197	0	0	0	nan	0.00	0.08	4.66	84.91	89.00	0.00	40	0	42	0.00	0.00	65.05	8.10	0.00	0.00	2000
228	10.96	2070	2113	0.00	198	0	0	0	nan	0.00	0.02	4.35	85.30	89.04	0.00	40	0	42	0.00	0.00	64.50	7.75	0.00	0.00	2000
236	11.46	2062	2100	0.00	196	0	0	0	nan	0.05	2.03	7.19	79.46	88.54	0.00	40	0	42	0.00	0.00	64.66	7.83	0.00	0.00	2000
231	10.55	2192	2098	0.00	200	0	0	0	nan	0.04	1.82	8.92	78.88	89.45	0.00	40	0	42	0.00	0.00	66.31	7.70	0.00	0.00	2000
230	11.22	2033	2114	0.00	199	0	0	0	nan	0.00	0.00	8.26	81.23	88.78	0.00	40	0	42	0.00	0.00	64.75	7.80	0.00	0.00	2000
227	11.14	2052	2087	0.00	196	0	0	0	nan	0.00	0.00	7.21	81.17	88.86	0.00	40	0	42	0.00	0.00	64.72	7.86	0.00	0.00	2000
230	11.21	2042	2109	0.00	197	0	0	0	nan	0.00	0.00	7.31	81.97	88.79	0.00	40	0	42	0.00	0.00	64.78	7.96	0.00	0.00	2000
231	11.16	2076	2092	0.00	199	0	0	0	nan	0.00	0.00	7.87	80.73	88.84	0.00	40	0	42	0.00	0.00	64.61	7.94	0.00	0.00	2000
230	11.23	2048	2105	0.00	198	0	0	2	37.14	0.00	0.00	9.79	79.30	88.77	0.00	40	0	42	0.00	0.00	64.69	8.21	0.00	0.00	2000
228	11.32	2018	2099	1.66	198	0	0	11	23.77	0.00	0.00	6.96	81.80	88.68	0.00	40	0	42	0.00	0.00	64.49	8.00	0.00	0.00	2000
230	11.50	2019	2083	0.03	198	0	0	0	nan	0.00	0.00	7.63	80.20	88.50	0.00	40	0	42	0.00	0.00	64.34	7.92	0.00	0.00	2000
229	11.04	2061	2116	0.00	197	0	0	0	nan	0.00	0.00	8.28	81.48	88.96	0.00	40	0	42	0.00	0.00	64.79	7.89	0.00	0.00	2000
232	11.25	2053	2108	0.00	197	0	0	0	nan	0.00	0.00	7.89	81.26	88.75	0.00	40	0	42	0.00	0.00	64.71	7.86	0.00	0.00	2000
228	11.21	2059	2072	0.00	196	0	0	0	nan	0.00	0.00	7.46	80.18	88.79	0.00	40	0	42	0.00	0.00	61.76	7.98	0.00	0.00	2000
229	11.09	2058	2109	0.00	196	0	0	0	nan	0.00	2.17	5.30	82.01	88.91	0.00	40	0	42	0.00	0.00	67.82	7.86	0.00	0.00	2000
228	11.19	2021	2115	0.00	198	0	0	0	nan	0.00	0.05	4.52	85.00	88.81	0.00	40	0	42	0.00	0.00	64.63	7.94	0.00	0.00	2000
230	11.37	2019	2102	0.00	197	0	0	0	nan	0.03	0.00	5.13	83.65	88.63	0.00	40	0	42	0.00	0.00	64.73	7.97	0.00	0.00	2000
230	11.17	2064	2097	0.00	200	0	0	0	nan	0.00	0.00	5.92	82.83	88.83	0.00	40	0	42	0.00	0.00	65.07	7.92	0.00	0.00	2000
229	11.07	2060	2106	0.00	201	0	0	0	nan	0.00	0.00	6.47	82.76	88.93	0.00	40	0	42	0.00	0.00	64.95	7.77	0.00	0.00	2000
227	11.16	2058	2076	0.00	196	0	0	0	nan	0.00	0.02	7.35	80.52	88.84	0.00	40	0	42	0.00	0.00	64.82	7.83	0.00	0.00	2000
230	11.27	2044	2099	0.00	198	0	0	0	nan	0.00	0.00	6.94	81.87	88.73	0.00	40	0	42	0.00	0.00	64.45	7.81	0.00	0.00	2000
228	10.97	2066	2116	0.00	195	0	0	0	nan	0.00	0.00	7.59	82.25	89.03	0.00	40	0	42	0.00	0.00	64.60	7.97	0.00	0.00	2000
232	11.34	2060	2084	0.00	194	0	0	0	nan	0.01	0.00	7.80	80.20	88.66	0.00	40	0	42	0.00	0.00	64.89	8.09	0.00	0.00	2000
229	11.07	2053	2120	0.00	199	0	0	0	nan	0.00	0.00	7.25	82.61	88.93	0.00	40	0	42	0.00	0.00	64.80	7.86	0.00	0.00	2000
229	11.20	2036	2106	0.00	195	0	0	0	nan	0.00	0.00	7.83	81.27	88.80	0.00	40	0	42	0.00	0.00	64.66	8.09	0.00	0.00	2000
229	11.03	2097	2074	0.00	197	0	0	0	nan	0.00	0.00	6.02	81.82	88.97	0.00	39	0	42	0.00	0.00	65.39	8.02	0.00	0.00	2000
232	11.03	2083	2120	1.24	197	0	0	11	12.46	0.04	0.00	7.29	82.60	88.97	0.00	40	0	42	0.00	0.00	64.61	7.89	0.00	0.00	2000
228	11.11	2080	2072	0.45	198	0	0	0	nan	0.00	0.00	6.98	80.75	88.89	0.00	40	0	42	0.00	0.00	64.71	7.86	0.00	0.00	2000
232	11.21	2040	2133	0.00	199	0	0	0	nan	0.00	0.00	8.64	81.69	88.79	0.00	40	0	42	0.00	0.00	64.92	7.85	0.00	0.00	2000
230	10.88	2142	2073	0.00	199	0	0	0	nan	0.00	0.08	5.33	82.65	89.12	0.00	41	0	42	0.00	0.00	65.42	7.86	0.00	0.00	2000
229	11.13	2029	2128	0.00	197	0	0	0	nan	0.00	0.05	3.41	86.77	88.87	0.00	40	0	42	0.00	0.00	64.64	7.92	0.00	0.00	2000
250	11.96	2114	2072	0.00	195	0	0	0	nan	0.00	0.00	5.58	81.38	88.04	0.00	40	0	42	0.00	0.00	64.93	7.91	0.00	0.00	2000
230	11.01	2059	2128	0.00	198	0	0	0	nan	0.00	0.00	8.04	82.20	88.99	0.00	40	0	42	0.00	0.00	64.87	7.89	0.00	0.00	2000
232	11.06	2134	2065	0.00	204	0	0	0	nan	0.00	0.00	6.47	80.93	88.94	0.00	39	0	42	0.00	0.00	62.28	7.69	0.00	0.00	2000
229	10.95	2088	2107	0.00	197	0	0	0	nan	0.00	0.00	7.94	81.48	89.05	0.00	40	0	42	0.00	0.00	67.52	8.25	0.00	0.00	2000
228	11.07	2045	2119	0.00	198	0	0	0	nan	0.00	0.03	8.25	81.61	88.93	0.00	40	0	42	0.00	0.00	62.76	7.58	0.00	0.00	2000
229	11.26	2028	2107	0.00	199	0	0	0	nan	0.00	0.00	6.93	82.19	88.74	0.00	40	0	42	0.00	0.00	66.61	8.25	0.00	0.00	2000
228	11.20	2077	2060	0.00	196	0	0	0	nan	0.00	0.00	7.00	80.23	88.80	0.00	40	0	42	0.00	0.00	61.38	7.69	0.00	0.00	2000
233	10.97	2087	2134	0.00	199	0	0	0	nan	0.00	0.00	8.14	82.37	89.03	0.00	40	0	42	0.00	0.00	68.23	8.26	0.00	0.00	2000
227	11.08	2069	2080	0.00	198	0	0	0	nan	0.00	0.00	7.27	80.86	88.92	0.00	40	0	42	0.00	0.00	62.87	7.42	0.00	0.00	2000
231	11.27	2017	2130	0.00	195	0	0	0	nan	0.00	0.00	8.42	81.70	88.73	0.00	40	0	42	0.00	0.00	64.29	8.27	0.00	0.00	2000
228	11.11	2066	2085	0.00	198	0	0	0	nan	0.01	0.00	6.23	82.14	88.89	0.00	41	0	42	0.00	0.00	64.81	7.99	0.00	0.00	2000
229	11.28	2047	2086	0.00	195	0	0	0	nan	0.00	0.00	6.90	81.30	88.72	0.00	40	0	42	0.00	0.00	61.98	7.53	0.00	0.00	2000
229	11.12	2068	2090	0.87	197	0	0	11	12.69	0.00	0.00	8.22	80.42	88.88	0.00	40	0	42	0.00	0.00	64.24	7.88	0.00	0.00	2000
230	11.03	2060	2127	0.83	198	0	0	0	nan	0.00	0.04	5.13	85.02	88.97	0.00	40	0	42	0.00	0.00	68.46	8.26	0.00	0.00	2000
228	11.14	2052	2098	0.00	197	0	0	0	nan	0.03	0.00	5.33	83.52	88.86	0.00	40	0	42	0.00	0.00	64.75	7.92	0.00	0.00	2000
229	11.26	2031	2101	0.00	198	0	0	0	nan	0.00	0.00	7.22	81.68	88.74	0.00	40	0	42	0.00	0.00	64.66	7.77	0.00	0.00	2000
227	11.19	2029	2102	0.00	196	0	0	0	nan	0.00	0.00	6.22	82.80	88.81	0.00	40	0	42	0.00	0.00	64.61	7.81	0.00	0.00	2000
231	11.25	2062	2089	0.00	196	0	0	0	nan	0.00	0.03	6.14	82.17	88.75	0.00	40	0	42	0.00	0.00	62.31	7.59	0.00	0.00	2000
230	11.05	2095	2087	0.00	201	0	0	0	nan	0.00	0.37	8.60	79.56	88.95	0.00	40	0	42	0.00	0.00	64.92	7.89	0.00	0.00	2000
230	10.99	2082	2108	0.00	197	0	0	0	nan	0.00	0.00	8.55	80.83	89.01	0.00	40	0	42	0.00	0.00	65.42	7.77	0.00	0.00	2000
228	11.04	2053	2110	0.00	196	0	0	0	nan	0.00	0.00	8.28	81.22	88.96	0.00	40	0	42	0.00	0.00	68.13	7.99	0.00	0.00	2000
230	11.30	2022	2112	0.00	197	0	0	0	nan	0.00	0.00	7.08	82.23	88.70	0.00	40	0	42	0.00	0.00	65.07	7.86	0.00	0.00	2000
230	11.13	2082	2088	0.00	196	0	0	0	nan	0.00	0.00	6.92	81.52	88.87	0.00	40	0	42	0.00	0.00	62.11	7.43	0.00	0.00	2000
229	11.23	2049	2091	0.00	201	0	0	0	nan	0.01	0.00	7.60	80.84	88.77	0.00	40	0	42	0.00	0.00	64.86	7.95	0.00	0.00	2000
228	11.20	2050	2088	0.00	198	0	0	0	nan	0.00	0.00	9.01	79.33	88.80	0.00	40	0	42	0.00	0.00	64.53	7.80	0.00	0.00	2000
231	11.14	2051	2124	0.00	198	0	0	0	nan	0.06	0.00	9.46	80.52	88.86	0.00	40	0	42	0.00	0.00	65.10	7.86	0.00	0.00	2000
229	11.12	2063	2099	0.00	199	0	0	0	nan	0.00	0.07	3.96	84.97	88.88	0.00	40	0	42	0.00	0.00	65.60	7.80	0.00	0.00	2000
230	11.06	2091	2085	0.00	195	0	0	0	nan	0.00	0.59	3.94	83.81	88.94	0.00	40	0	42	0.00	0.00	64.32	7.83	0.00	0.00	2000
230	11.04	2075	2109	0.00	198	0	0	0	nan	0.00	0.58	4.65	84.38	88.96	0.00	39	0	42	0.00	0.00	65.62	7.91	0.00	0.00	2000
229	11.17	2060	2091	0.40	198	0	0	10	21.57	0.00	0.00	6.53	81.98	88.83	0.00	40	0	42	0.00	0.00	64.46	7.90	0.00	0.00	2000
230	11.02	2065	2121	1.21	199	0	0	3	53.19	0.00	0.03	7.06	82.94	88.98	0.00	40	0	42	0.00	0.00	61.92	7.74	0.00	0.00	2000
229	11.08	2069	2101	0.00	195	0	0	0	nan	0.00	0.00	6.88	82.15	88.92	0.00	40	0	42	0.00	0.00	68.22	7.79	0.00	0.00	2000
228	11.07	2079	2080	0.00	198	0	0	0	nan	0.02	0.93	7.06	80.20	88.93	0.00	40	0	42	0.00	0.00	65.08	7.83	0.00	0.00	2000
232	11.42	2032	2102	0.00	198	0	0	0	nan	0.00	0.00	8.93	79.83	88.58	0.00	40	0	42	0.00	0.00	64.47	7.93	0.00	0.00	2000
227	11.21	2037	2087	0.00	197	0	0	0	nan	0.00	0.00	8.17	80.20	88.79	0.00	40	0	42	0.00	0.00	64.63	7.84	0.00	0.00	2000
229	11.18	2021	2133	0.00	199	0	0	0	nan	0.00	0.00	7.14	83.23	88.82	0.00	40	0	42	0.00	0.00	64.99	7.79	0.00	0.00	2000
228	11.16	2060	2079	0.00	197	0	0	0	nan	0.00	0.00	6.63	81.47	88.84	0.00	40	0	42	0.00	0.00	64.48	7.75	0.00	0.00	2000
229	11.33	2024	2097	0.00	194	0	0	0	nan	0.00	0.00	7.19	81.51	88.67	0.00	40	0	42	0.00	0.00	64.08	7.92	0.00	0.00	2000
231	11.25	2043	2111	0.00	198	0	0	0	nan	0.00	0.00	8.37	81.05	88.75	0.00	40	0	42	0.00	0.00	64.88	7.80	0.00	0.00	2000
231	11.42	2009	2111	0.00	200	0	0	0	nan	0.00	0.00	8.50	80.71	88.58	0.00	40	0	42	0.00	0.00	64.60	7.92	0.00	0.00	2000
228	11.15	2047	2096	0.00	195	0	0	0	nan	0.00	0.00	6.64	82.14	88.85	0.00	40	0	42	0.00	0.00	64.98	7.81	0.00	0.00	2000
229	11.31	2044	2081	0.00	196	0	0	0	nan	0.00	0.00	7.70	80.33	88.69	0.00	40	0	42	0.00	0.00	64.09	7.82	0.00	0.00	2000
227	11.05	2038	2120	0.00	197	0	0	0	nan	0.00	0.10	4.86	85.04	88.95	0.00	40	0	42	0.00	0.00	64.62	7.87	0.00	0.00	2000
233	11.29	2059	2105	0.00	198	0	0	0	nan	0.00	0.00	6.58	82.35	88.71	0.00	40	0	42	0.00	0.00	64.69	7.79	0.00	0.00	2000
228	10.99	2107	2067	0.00	201	0	0	0	nan	0.00	0.45	6.27	81.00	89.01	0.00	40	0	42	0.00	0.00	65.11	7.78	0.00	0.00	2000
230	11.14	2052	2111	0.00	198	0	0	0	nan	0.00	0.00	8.03	81.31	88.86	0.00	40	0	42	0.00	0.00	64.42	7.88	0.00	0.00	2000
229	11.00	2062	2118	0.01	196	0	0	8	20.49	0.02	1.42	8.52	79.99	89.00	0.00	40	0	42	0.00	0.00	64.91	7.84	0.00	0.00	2000
230	11.16	2056	2102	1.60	196	0	0	5	34.19	0.00	0.00	7.85	81.09	88.84	0.00	40	0	42	0.00	0.00	64.68	7.73	0.00	0.00	2000
231	11.43	2027	2096	0.00	196	0	0	0	nan	0.04	0.00	8.14	80.38	88.57	0.00	40	0	42	0.00	0.00	64.58	7.84	0.00	0.00	2000
230	11.14	2057	2106	0.00	197	0	0	0	nan	0.00	0.00	7.18	81.99	88.86	0.00	40	0	42	0.00	0.00	65.04	7.92	0.00	0.00	2000
229	11.14	2050	2109	0.00	195	0	0	0	nan	0.00	0.00	7.79	81.55	88.86	0.00	40	0	42	0.00	0.00	66.52	8.00	0.00	0.00	2000
228	11.33	2065	2045	0.00	197	0	0	0	nan	0.00	0.00	6.69	79.78	88.67	0.00	40	0	42	0.00	0.00	63.32	7.51	0.00	0.00	2000
229	11.09	2045	2120	0.00	194	0	0	0	nan	0.00	0.02	6.58	83.23	88.91	0.00	40	0	42	0.00	0.00	64.50	7.85	0.00	0.00	2000
231	11.16	2041	2128	0.00	197	0	0	0	nan	0.00	0.00	7.35	82.79	88.84	0.00	40	0	42	0.00	0.00	64.75	7.93	0.00	0.00	2000
230	11.25	2078	2069	0.00	200	0	0	0	nan	0.04	0.00	6.62	80.84	88.75	0.00	40	0	42	0.00	0.00	64.94	7.80	0.00	0.00	2000
235	11.15	2082	2130	0.00	199	0	0	0	nan	0.00	0.00	9.52	80.64	88.85	0.00	40	0	42	0.00	0.00	65.09	8.02	0.00	0.00	2000
228	11.01	2096	2070	0.00	198	0	0	0	nan	0.00	0.07	4.00	83.73	88.99	0.00	40	0	42	0.00	0.00	64.42	7.83	0.00	0.00	2000
231	11.23	2047	2106	0.00	197	0	0	0	nan	0.02	2.10	3.69	83.37	88.77	0.00	40	0	42	0.00	0.00	64.79	7.92	0.00	0.00	2000
228	11.13	2046	2098	0.00	198	0	0	0	nan	0.00	0.00	7.81	81.14	88.87	0.00	40	0	42	0.00	0.00	64.41	7.82	0.00	0.00	2000
234	11.31	2040	2131	0.00	198	0	0	0	nan	0.00	0.00	10.13	79.99	88.69	0.00	40	0	42	0.00	0.00	64.59	7.65	0.00	0.00	2000
229	11.15	2077	2072	0.00	198	0	0	0	nan	0.02	1.46	7.43	78.83	88.85	0.00	40	0	42	0.00	0.00	65.22	7.76	0.00	0.00	2000
229	11.05	2057	2120	0.00	196	0	0	0	nan	0.00	0.00	9.02	80.90	88.95	0.00	40	0	42	0.00	0.00	64.49	7.63	0.00	0.00	2000
229	11.19	2066	2080	0.00	195	0	0	0	nan	0.00	0.00	7.48	80.53	88.81	0.00	40	0	42	0.00	0.00	64.74	7.86	0.00	0.00	2000
229	11.09	2037	2130	0.00	196	0	0	5	25.56	0.00	0.00	7.46	82.82	88.91	0.00	41	0	42	0.00	0.00	64.35	8.01	0.00	0.00	2000
231	11.30	2078	2068	1.63	202	0	0	8	26.99	0.00	0.28	8.27	78.94	88.70	0.00	40	0	42	0.00	0.00	64.99	7.84	0.00	0.00	2000
230	11.23	2044	2103	0.00	195	0	0	0	nan	0.00	0.00	8.00	81.01	88.77	0.00	40	0	42	0.00	0.00	64.60	7.77	0.00	0.00	2000
228	10.88	2078	2120	0.00	196	0	0	0	nan	0.00	0.00	7.94	82.10	89.12	0.00	40	0	42	0.00	0.00	65.74	7.87	0.00	0.00	2000
229	11.19	2090	2059	0.00	196	0	0	0	nan	0.00	0.00	6.87	80.33	88.81	0.00	40	0	42	0.00	0.00	63.94	7.68	0.00	0.00	2000
229	10.82	2080	2138	0.00	196	0	0	0	nan	0.00	0.05	5.92	84.91	89.18	0.00	40	0	42	0.00	0.00	65.21	7.85	0.00	0.00	2000
232	11.24	2079	2081	0.00	200	0	0	0	nan	0.00	0.00	7.36	80.65	88.76	0.00	39	0	42	0.00	0.00	64.77	7.80	0.00	0.00	2000
228	10.88	2081	2114	0.00	195	0	0	0	nan	0.00	1.49	6.93	81.45	89.12	0.00	39	0	42	0.00	0.00	64.33	7.70	0.00	0.00	2000
229	11.01	2079	2104	0.00	198	0	0	0	nan	0.00	0.02	3.80	85.37	88.99	0.00	39	0	42	0.00	0.00	64.96	7.56	0.00	0.00	2000
230	11.06	2060	2119	0.00	199	0	0	0	nan	0.00	0.00	6.92	82.91	88.94	0.00	39	0	42	0.00	0.00	66.72	8.04	0.00	0.00	2000
231	11.17	2073	2096	0.00	197	0	0	0	nan	0.00	0.00	5.64	83.07	88.83	0.00	39	0	42	0.00	0.00	62.27	7.38	0.00	0.00	2000
230	11.58	2046	2043	0.00	195	0	0	0	nan	0.00	0.00	6.45	79.65	88.42	0.00	39	0	42	0.00	0.00	63.85	8.45	0.00	0.00	2000
232	11.19	2045	2128	0.00	199	0	0	0	nan	0.01	0.91	7.42	81.73	88.81	0.00	39	0	42	0.00	0.00	68.94	9.10	0.00	0.00	2000
230	11.07	2061	2115	0.00	199	0	0	0	nan	0.00	0.00	8.97	80.74	88.93	0.00	39	0	42	0.00	0.00	66.38	8.83	0.00	0.00	2000
229	11.21	2039	2105	0.00	197	0	0	0	nan	0.00	0.00	7.12	81.92	88.79	0.00	39	0	42	0.00	0.00	66.43	8.78	0.00	0.00	2000
228	11.14	2073	2073	0.00	196	0	0	0	nan	0.00	0.00	6.93	80.79	88.86	0.00	39	0	42	0.00	0.00	66.32	8.75	0.00	0.00	2000
235	11.27	2070	2114	0.00	197	0	0	0	nan	0.00	0.00	6.98	82.41	88.73	0.00	39	0	42	0.00	0.00	66.50	8.68	0.00	0.00	2000
241	11.55	2103	2079	0.00	205	0	0	5	16.49	0.00	0.00	9.29	78.40	88.45	0.00	39	0	42	0.00	0.00	63.32	8.55	0.00	0.00	2000
233	10.98	2091	2130	1.18	196	0	0	32	10.41	0.00	0.00	8.92	81.46	89.02	0.00	40	0	42	0.00	0.00	69.67	9.15	0.00	0.00	2000
229	11.26	2053	2077	0.02	196	0	0	0	nan	0.00	0.00	7.48	80.43	88.74	0.00	39	0	42	0.00	0.00	66.26	8.89	0.00	0.00	2000
230	11.32	2023	2108	0.00	196	0	0	0	nan	0.00	0.00	7.20	81.97	88.68	0.00	39	0	42	0.00	0.00	63.63	8.59	0.00	0.00	2000
228	10.87	2113	2086	0.00	197	0	0	0	nan	0.00	0.00	7.52	81.18	89.13	0.00	39	0	42	0.00	0.00	68.12	8.74	0.00	0.00	2000
236	11.27	2060	2132	0.00	198	0	0	0	nan	0.04	0.07	8.66	81.54	88.73	0.00	40	0	42	0.00	0.00	63.84	8.65	0.00	0.00	2000
229	11.06	2067	2099	0.00	198	0	0	0	nan	0.01	0.02	3.73	85.19	88.94	0.00	39	0	42	0.00	0.00	63.98	8.78	0.00	0.00	2000
230	11.23	2043	2105	0.00	197	0	0	0	nan	0.00	0.00	6.72	82.34	88.77	0.00	39	0	42	0.00	0.00	69.57	8.96	0.00	0.00	2000
229	11.00	2122	2063	0.00	200	0	0	0	nan	0.00	0.97	8.91	77.74	89.00	0.00	39	0	42	0.00	0.00	63.83	8.37	0.00	0.00	2000
231	11.01	2056	2141	0.00	198	0	0	0	nan	0.00	0.00	8.16	82.64	88.99	0.00	39	0	42	0.00	0.00	71.52	9.20	0.00	0.00	2000
231	11.29	2087	2058	0.00	203	0	0	0	nan	0.00	0.05	6.52	80.54	88.71	0.00	39	0	42	0.00	0.00	59.97	8.01	0.00	0.00	2000
230	10.97	2063	2138	0.00	196	0	0	0	nan	0.00	0.00	9.40	81.28	89.03	0.00	39	0	42	0.00	0.00	67.89	7.77	0.00	0.00	2000
227	11.22	2031	2094	0.00	195	0	0	0	nan	0.00	0.00	8.19	80.48	88.78	0.00	39	0	42	0.00	0.00	64.24	7.52	0.00	0.00	2000
231	11.31	2051	2092	0.00	197	0	0	0	nan	0.00	0.00	6.81	81.54	88.69	0.00	39	0	42	0.00	0.00	64.59	7.56	0.00	0.00	2000
229	11.22	2059	2084	0.00	198	0	0	0	nan	0.00	0.00	6.27	81.95	88.78	0.00	39	0	42	0.00	0.00	61.32	7.39	0.00	0.00	2000
235	11.23	2063	2128	0.00	200	0	0	0	nan	0.04	0.00	9.14	80.93	88.77	0.00	39	0	42	0.00	0.00	67.45	7.89	0.00	0.00	2000
228	11.30	2022	2095	0.00	198	0	0	0	nan	0.00	0.00	9.03	79.56	88.70	0.00	38	0	42	0.00	0.00	64.12	7.54	0.00	0.00	2000
226	11.03	2074	2075	0.00	199	0	0	0	nan	0.00	0.07	4.57	83.32	88.97	0.00	37	0	42	0.00	0.00	62.61	7.56	0.00	0.00	2000
147	8.53	1721	2104	0.29	242	0	0	13	60.81	0.00	0.02	11.76	79.89	91.47	0.00	37	0	42	0.00	0.00	63.48	7.79	0.00	0.00	2000
78	7.01	1102	2122	0.18	193	0	0	0	nan	0.00	0.02	2.15	91.82	92.99	0.00	37	0	42	0.00	0.00	59.53	7.55	0.00	0.00	2000
74	6.85	1072	2109	0.00	212	0	0	0	nan	0.00	0.02	4.13	89.43	93.15	0.00	37	0	42	0.00	0.00	58.77	7.37	0.00	0.00	2000
80	6.92	1144	2109	0.00	162	0	0	0	nan	0.00	0.00	5.07	88.47	93.08	0.00	37	0	42	0.00	0.00	59.46	7.40	0.00	0.00	2000
