Avg_MHz	Busy%	Bzy_MHz	TSC_MHz	IPC	IRQ	NMI	SMI	LLCMRPS	LLC%hit	POLL%	C1%	C1E%	C6%	CPU%c1	CPU%c6	CoreTmp	CoreThr	PkgTmp	Pkg%pc2	Pkg%pc6	PkgWatt	RAMWatt	PKG_%	RAM_%	UncMHz
192	12.39	1807	1800	0.00	240	0	0	0	nan	0.00	0.04	23.60	51.49	87.61	0.00	37	0	42	0.00	0.00	51.47	6.35	0.00	0.00	2000
631	23.31	2180	2607	0.00	315	0	0	0	nan	0.04	1.32	26.62	67.51	76.69	0.00	38	0	42	0.00	0.00	88.30	10.16	0.00	0.00	2000
79	6.79	1161	2102	0.00	214	0	0	0	nan	0.00	0.00	8.80	84.47	93.21	0.00	37	0	42	0.00	0.00	59.85	7.55	0.00	0.00	2000
73	6.30	1163	2095	0.00	194	0	0	0	nan	0.00	0.00	3.41	89.87	93.70	0.00	37	0	42	0.00	0.00	57.14	7.33	0.00	0.00	2000
73	6.77	1076	2100	0.00	193	0	0	0	nan	0.00	0.00	1.58	91.61	93.23	0.00	37	0	42	0.00	0.00	59.78	7.58	0.00	0.00	2000
75	6.44	1149	2139	0.00	194	0	0	0	nan	0.00	0.02	1.87	93.32	93.56	0.00	37	0	42	0.00	0.00	58.35	7.33	0.00	0.00	2000
73	6.24	1175	2087	0.00	196	0	0	0	nan	0.00	0.00	2.77	90.39	93.76	0.00	37	0	42	0.00	0.00	58.50	7.49	0.00	0.00	2000
71	6.64	1086	2074	0.00	194	0	0	0	nan	0.00	0.00	2.55	89.69	93.36	0.00	37	0	42	0.00	0.00	59.39	7.54	0.00	0.00	2000
74	6.88	1063	2131	0.00	210	0	0	0	nan	0.00	0.02	2.53	91.95	93.12	0.00	37	0	42	0.00	0.00	59.91	7.61	0.00	0.00	2000
72	6.69	1084	2097	0.00	193	0	0	0	nan	0.00	0.02	3.17	90.01	93.31	0.00	38	0	42	0.00	0.00	58.48	7.59	0.00	0.00	2000
73	6.92	1053	2095	0.00	194	0	0	0	nan	0.00	0.00	3.31	89.61	93.08	0.00	37	0	43	0.00	0.00	57.96	7.28	0.00	0.00	2000
71	6.53	1091	2107	0.00	193	0	0	0	nan	0.00	0.03	3.93	89.70	93.47	0.00	37	0	42	0.00	0.00	58.16	7.30	0.00	0.00	2000
73	6.95	1043	2108	0.00	195	0	0	0	nan	0.00	0.00	3.42	90.08	93.05	0.00	37	0	42	0.00	0.00	57.27	7.34	0.00	0.00	2000
73	6.70	1086	2099	0.00	193	0	0	0	nan	0.00	0.00	2.94	90.29	93.30	0.00	37	0	42	0.00	0.00	57.85	7.37	0.00	0.00	2000
73	6.49	1142	2064	0.00	194	0	0	0	nan	0.00	0.01	2.78	89.06	93.51	0.00	37	0	43	0.00	0.00	57.29	7.22	0.00	0.00	2000
75	6.55	1120	2140	0.03	194	0	0	1	80.65	0.00	0.02	1.70	93.47	93.45	0.00	37	0	42	0.00	0.00	59.49	7.71	0.00	0.00	2000
73	6.68	1110	2064	0.26	193	0	0	1	89.97	0.00	0.00	2.97	88.78	93.32	0.00	37	0	42	0.00	0.00	57.01	7.27	0.00	0.00	2000
73	6.44	1120	2113	0.00	194	0	0	0	nan	0.00	0.00	2.26	91.86	93.56	0.00	37	0	43	0.00	0.00	58.78	7.37	0.00	0.00	2000
158	8.80	1782	2114	0.00	219	0	0	0	nan	0.00	0.00	3.71	88.03	91.20	0.00	38	0	42	0.00	0.00	64.34	7.92	0.00	0.00	2000
230	10.82	2123	2106	0.00	204	0	0	0	nan	0.01	0.00	3.04	86.44	89.18	0.00	39	0	42	0.00	0.00	63.61	7.09	0.00	0.00	2000
231	11.11	2079	2105	0.00	203	0	0	0	nan	0.00	0.01	2.86	86.22	88.89	0.00	40	0	43	0.00	0.00	65.61	7.52	0.00	0.00	2000
231	10.95	2114	2100	0.00	212	0	0	0	nan	0.00	0.00	4.03	85.11	89.05	0.00	40	0	43	0.00	0.00	66.17	7.52	0.00	0.00	2000
238	11.32	2106	2093	0.00	201	0	0	0	nan	0.00	0.05	5.34	83.06	88.68	0.00	39	0	42	0.00	0.00	63.49	7.29	0.00	0.00	2000
225	10.90	2064	2097	0.00	199	0	0	0	nan	0.00	0.00	6.44	82.63	89.10	0.00	38	0	43	0.00	0.00	64.78	8.10	0.00	0.00	2000
222	11.03	2019	2098	0.00	199	0	0	0	nan	0.00	0.00	6.19	82.76	88.97	0.00	38	0	42	0.00	0.00	64.02	7.81	0.00	0.00	2000
220	11.29	2025	2022	0.00	198	0	0	0	nan	0.00	0.00	5.43	79.96	88.71	0.00	37	0	42	0.00	0.00	62.24	7.48	0.00	0.00	2000
238	10.83	2114	2186	0.00	218	0	0	0	nan	0.00	0.02	4.58	88.29	89.17	0.00	37	0	42	0.00	0.00	70.34	8.35	0.00	0.00	2000
230	11.25	2043	2102	0.00	199	0	0	0	nan	0.00	0.00	3.69	85.26	88.75	0.00	38	0	42	0.00	0.00	64.85	7.55	0.00	0.00	2000
229	10.86	2116	2092	0.00	197	0	0	0	nan	0.00	0.00	3.85	84.93	89.14	0.00	38	0	42	0.00	0.00	64.79	7.65	0.00	0.00	2000
233	10.94	2126	2099	0.00	200	0	0	0	nan	0.00	0.05	3.30	85.73	89.06	0.00	38	0	42	0.00	0.00	65.20	7.62	0.00	0.00	2000
228	10.76	2138	2083	0.00	198	0	0	0	nan	0.00	1.06	4.38	83.12	89.24	0.00	39	0	42	0.00	0.00	64.24	7.52	0.00	0.00	2000
234	11.37	2037	2126	0.00	203	0	0	0	nan	0.00	0.00	5.33	84.49	88.63	0.00	39	0	42	0.00	0.00	65.04	7.52	0.00	0.00	2000
228	11.00	2100	2069	0.00	198	0	0	7	77.83	0.00	0.02	5.61	81.94	89.00	0.00	39	0	42	0.00	0.00	63.59	7.19	0.00	0.00	2000
235	11.47	2066	2086	0.59	199	0	0	9	84.94	0.00	0.02	3.83	84.07	88.53	0.00	38	0	42	0.00	0.00	64.68	7.43	0.00	0.00	2000
239	11.26	2077	2145	0.00	214	0	0	0	nan	0.00	0.02	6.95	83.66	88.74	0.00	39	0	43	0.00	0.00	67.95	7.79	0.00	0.00	2000
228	10.79	2111	2105	0.00	251	0	0	0	nan	0.00	0.01	5.97	83.47	89.21	0.00	38	0	42	0.00	0.00	64.61	7.57	0.00	0.00	2000
215	10.56	2056	2077	0.00	204	0	0	0	nan	0.00	0.00	3.62	84.74	89.44	0.00	38	0	42	0.00	0.00	63.35	7.74	0.00	0.00	2000
235	10.87	2137	2123	0.00	220	0	0	0	nan	0.00	0.02	2.90	87.15	89.13	0.00	39	0	42	0.00	0.00	64.83	7.91	0.00	0.00	2000
228	11.03	2090	2074	0.00	187	0	0	0	nan	0.00	0.00	2.60	85.33	88.97	0.00	40	0	42	0.00	0.00	63.97	7.75	0.00	0.00	2000
237	11.36	2073	2113	0.00	230	0	0	0	nan	0.00	0.00	4.92	84.28	88.64	0.00	40	0	42	0.00	0.00	64.59	7.72	0.00	0.00	2000
231	11.16	2067	2105	0.00	199	0	0	0	nan	0.00	0.00	4.04	85.00	88.84	0.00	40	0	42	0.00	0.00	70.20	8.58	0.00	0.00	2000
232	11.21	2066	2100	0.00	206	0	0	0	nan	0.00	0.00	5.70	83.16	88.79	0.00	40	0	42	0.00	0.00	64.77	7.81	0.00	0.00	2000
232	11.28	2051	2102	0.00	207	0	0	0	nan	0.00	0.02	5.07	83.87	88.72	0.00	40	0	42	0.00	0.00	61.43	7.44	0.00	0.00	2000
228	10.35	2221	2079	0.00	205	0	0	0	nan	0.00	0.03	3.34	85.20	89.65	0.00	40	0	42	0.00	0.00	65.70	7.86	0.00	0.00	2000
235	11.15	2091	2113	0.00	212	0	0	0	nan	0.00	0.02	2.54	86.95	88.85	0.00	41	0	42	0.00	0.00	64.20	7.48	0.00	0.00	2000
229	10.84	2104	2111	0.00	204	0	0	0	nan	0.00	0.02	3.57	86.11	89.16	0.00	42	0	42	0.00	0.00	65.11	7.54	0.00	0.00	2000
226	10.75	2113	2089	0.00	219	0	0	0	nan	0.00	0.03	3.26	85.52	89.25	0.00	41	0	43	0.00	0.00	64.86	7.39	0.00	0.00	2000
229	10.83	2109	2108	0.00	221	0	0	0	nan	0.00	0.02	3.76	85.71	89.17	0.00	40	0	42	0.00	0.00	67.57	8.15	0.00	0.00	2000
229	11.06	2086	2087	0.00	205	0	0	0	nan	0.00	0.02	3.11	85.38	88.94	0.00	41	0	42	0.00	0.00	61.87	7.19	0.00	0.00	2000
228	11.08	2049	2109	0.69	230	0	0	3	90.00	0.00	0.00	2.67	86.71	88.92	0.00	41	0	42	0.00	0.00	67.25	7.79	0.00	0.00	2000
233	10.91	2111	2122	0.10	205	0	0	0	nan	0.00	0.00	2.77	87.29	89.09	0.00	41	0	42	0.00	0.00	64.83	7.33	0.00	0.00	2000
225	11.08	2050	2084	0.00	204	0	0	0	nan	0.00	0.01	3.07	85.25	88.92	0.00	41	0	42	0.00	0.00	62.33	6.90	0.00	0.00	2000
230	10.99	2107	2089	0.00	203	0	0	0	nan	0.00	0.02	2.98	85.60	89.01	0.00	41	0	42	0.00	0.00	63.82	7.35	0.00	0.00	2000
230	10.57	2160	2117	0.00	212	0	0	0	nan	0.00	0.03	3.57	86.57	89.43	0.00	41	0	42	0.00	0.00	65.90	7.52	0.00	0.00	2000
230	10.94	2094	2112	0.00	219	0	0	0	nan	0.00	0.00	3.12	86.49	89.06	0.00	41	0	42	0.00	0.00	65.26	7.62	0.00	0.00	2000
228	10.90	2096	2100	0.00	203	0	0	0	nan	0.00	0.05	3.30	85.83	89.10	0.00	41	0	42	0.00	0.00	64.84	7.59	0.00	0.00	2000
224	10.97	2080	2065	0.00	204	0	0	0	nan	0.00	0.00	3.63	84.02	89.03	0.00	41	0	43	0.00	0.00	62.95	7.23	0.00	0.00	2000
229	11.20	2043	2100	0.00	204	0	0	0	nan	0.00	0.00	4.15	84.82	88.80	0.00	41	0	42	0.00	0.00	64.05	7.39	0.00	0.00	2000
232	11.13	2048	2132	0.00	228	0	0	0	nan	0.00	0.01	4.50	85.85	88.87	0.00	41	0	42	0.00	0.00	68.88	7.85	0.00	0.00	2000
226	10.82	2100	2086	0.00	203	0	0	0	nan	0.00	0.02	3.49	85.19	89.18	0.00	41	0	42	0.00	0.00	63.11	7.53	0.00	0.00	2000
231	10.99	2099	2107	0.00	222	0	0	0	nan	0.00	0.00	3.42	85.96	89.01	0.00	41	0	42	0.00	0.00	64.64	7.54	0.00	0.00	2000
227	10.62	2145	2098	0.00	187	0	0	0	nan	0.00	0.00	2.71	86.59	89.38	0.00	42	0	42	0.00	0.00	65.64	7.62	0.00	0.00	2000
230	11.06	2099	2078	0.00	216	0	0	0	nan	0.00	0.02	3.95	84.16	88.94	0.00	41	0	42	0.00	0.00	63.44	7.38	0.00	0.00	2000
232	10.93	2093	2132	0.00	205	0	0	0	nan	0.00	0.01	4.19	86.32	89.07	0.00	41	0	42	0.00	0.00	66.46	7.63	0.00	0.00	2000
226	10.89	2095	2075	0.00	203	0	0	0	nan	0.00	0.00	3.48	84.67	89.11	0.00	41	0	42	0.00	0.00	63.67	7.26	0.00	0.00	2000
231	10.94	2092	2118	0.00	202	0	0	0	nan	0.00	0.00	3.12	86.75	89.06	0.00	42	0	42	0.00	0.00	65.77	7.47	0.00	0.00	2000
228	11.06	2073	2088	1.13	203	0	0	4	89.58	0.00	0.02	3.81	84.63	88.94	0.00	42	0	42	0.00	0.00	64.11	7.48	0.00	0.00	2000
230	10.85	2117	2098	0.06	204	0	0	0	nan	0.00	0.01	2.56	86.52	89.15	0.00	42	0	42	0.00	0.00	64.69	7.53	0.00	0.00	2000
227	10.87	2086	2100	0.00	245	0	0	0	nan	0.00	0.02	2.86	86.40	89.13	0.00	42	0	42	0.00	0.00	64.44	7.36	0.00	0.00	2000
225	10.80	2090	2096	0.00	219	0	0	0	nan	0.00	0.00	2.95	86.17	89.20	0.00	42	0	42	0.00	0.00	64.41	7.41	0.00	0.00	2000
234	11.03	2090	2128	0.00	205	0	0	0	nan	0.00	0.02	4.25	85.93	88.97	0.00	42	0	42	0.00	0.00	66.18	7.49	0.00	0.00	2000
225	10.99	2072	2071	0.00	242	0	0	0	nan	0.00	0.02	4.91	82.88	89.01	0.00	41	0	42	0.00	0.00	63.67	7.27	0.00	0.00	2000
230	10.85	2100	2116	0.00	203	0	0	0	nan	0.00	0.00	3.12	86.77	89.15	0.00	42	0	42	0.00	0.00	64.68	7.39	0.00	0.00	2000
228	10.79	2105	2104	0.00	203	0	0	0	nan	0.00	0.03	3.29	86.18	89.21	0.00	41	0	42	0.00	0.00	65.99	7.64	0.00	0.00	2000
227	10.73	2136	2084	0.00	204	0	0	0	nan	0.00	0.00	3.47	85.19	89.27	0.00	41	0	42	0.00	0.00	64.69	7.40	0.00	0.00	2000
233	10.88	2114	2124	0.00	203	0	0	0	nan	0.01	0.00	2.72	87.47	89.12	0.00	41	0	42	0.00	0.00	62.04	7.07	0.00	0.00	2000
227	10.75	2118	2095	0.00	230	0	0	0	nan	0.00	0.02	3.41	85.62	89.25	0.00	41	0	42	0.00	0.00	65.28	7.45	0.00	0.00	2000
227	11.05	2056	2095	0.00	204	0	0	0	nan	0.00	0.00	3.51	85.35	88.95	0.00	41	0	42	0.00	0.00	65.52	7.58	0.00	0.00	2000
229	10.71	2123	2111	0.00	203	0	0	0	nan	0.00	0.00	3.33	86.47	89.29	0.00	42	0	42	0.00	0.00	66.61	7.69	0.00	0.00	2000
225	11.00	2055	2089	0.00	202	0	0	0	nan	0.00	0.02	3.62	85.02	89.00	0.00	42	0	43	0.00	0.00	64.29	7.42	0.00	0.00	2000
236	11.17	2106	2104	0.00	206	0	0	0	nan	0.00	0.03	3.82	85.23	88.83	0.00	42	0	43	0.00	0.00	65.37	7.82	0.00	0.00	2000
227	10.92	2090	2087	0.00	213	0	0	0	nan	0.00	0.02	3.32	85.34	89.08	0.00	41	0	42	0.00	0.00	64.17	7.48	0.00	0.00	2000
228	10.81	2110	2096	0.00	221	0	0	3	61.19	0.00	0.00	3.03	86.03	89.19	0.00	41	0	43	0.00	0.00	64.46	7.50	0.00	0.00	2000
230	10.99	2087	2109	0.90	204	0	0	2	82.60	0.00	0.02	3.48	85.99	89.01	0.00	42	0	43	0.00	0.00	65.44	7.78	0.00	0.00	2000
230	11.00	2099	2092	0.00	220	0	0	0	nan	0.00	0.00	3.16	85.47	89.00	0.00	41	0	42	0.00	0.00	64.62	7.54	0.00	0.00	2000
225	10.89	2070	2092	0.00	231	0	0	0	nan	0.00	0.02	2.48	86.37	89.11	0.00	41	0	43	0.00	0.00	64.38	7.38	0.00	0.00	2000
226	11.00	2055	2097	0.00	219	0	0	0	nan	0.00	0.00	3.32	85.76	89.00	0.00	42	0	42	0.00	0.00	64.27	7.34	0.00	0.00	2000
229	10.76	2093	2136	0.00	219	0	0	0	nan	0.00	0.00	3.28	87.53	89.24	0.00	41	0	43	0.00	0.00	66.37	7.68	0.00	0.00	2000
229	10.64	2158	2096	0.00	204	0	0	0	nan	0.00	0.01	4.61	84.66	89.36	0.00	42	0	42	0.00	0.00	60.47	6.82	0.00	0.00	2000
224	10.38	2177	2076	0.00	213	0	0	0	nan	0.00	0.00	3.26	85.32	89.62	0.00	42	0	43	0.00	0.00	67.90	7.68	0.00	0.00	2000
230	11.05	2062	2123	0.00	219	0	0	0	nan	0.00	0.00	2.73	87.23	88.95	0.00	42	0	42	0.00	0.00	63.15	7.28	0.00	0.00	2000
223	10.83	2080	2081	0.00	204	0	0	0	nan	0.00	0.01	3.45	84.97	89.17	0.00	41	0	43	0.00	0.00	66.57	7.61	0.00	0.00	2000
230	11.24	2036	2108	0.00	220	0	0	0	nan	0.00	0.00	3.51	85.61	88.76	0.00	42	0	42	0.00	0.00	61.25	7.18	0.00	0.00	2000
228	11.12	2041	2109	0.00	214	0	0	0	nan	0.00	0.00	2.51	86.89	88.88	0.00	41	0	42	0.00	0.00	65.31	7.53	0.00	0.00	2000
223	10.89	2077	2069	0.00	203	0	0	0	nan	0.00	0.02	2.82	85.08	89.11	0.00	41	0	43	0.00	0.00	62.51	7.25	0.00	0.00	2000
230	10.83	2114	2114	0.00	203	0	0	0	nan	0.00	0.02	2.52	87.21	89.17	0.00	41	0	42	0.00	0.00	70.19	8.16	0.00	0.00	2000
230	10.92	2103	2102	0.00	204	0	0	0	nan	0.00	0.02	3.97	85.23	89.08	0.00	41	0	43	0.00	0.00	65.13	7.58	0.00	0.00	2000
234	11.00	2112	2118	0.00	220	0	0	0	nan	0.00	0.02	3.38	86.33	89.00	0.00	41	0	43	0.00	0.00	63.80	7.40	0.00	0.00	2000
229	10.96	2090	2103	0.00	213	0	0	0	nan	0.00	0.00	2.94	86.34	89.04	0.00	41	0	42	0.00	0.00	63.17	7.51	0.00	0.00	2000
222	10.71	2101	2070	0.45	203	0	0	4	88.72	0.00	0.00	3.41	84.69	89.29	0.00	41	0	42	0.00	0.00	63.49	7.37	0.00	0.00	2000
231	10.91	2118	2096	0.33	204	0	0	2	95.08	0.00	0.01	2.14	86.74	89.09	0.00	41	0	42	0.00	0.00	63.42	7.30	0.00	0.00	2000
230	10.38	2205	2109	0.00	203	0	0	0	nan	0.00	0.00	2.64	87.25	89.62	0.00	41	0	42	0.00	0.00	71.12	8.15	0.00	0.00	2000
230	10.96	2097	2102	0.00	233	0	0	0	nan	0.00	0.02	4.45	84.66	89.04	0.00	41	0	43	0.00	0.00	64.86	8.73	0.00	0.00	2000
231	11.09	2059	2126	0.00	204	0	0	0	nan	0.00	0.00	3.24	86.88	88.91	0.00	41	0	43	0.00	0.00	68.18	8.94	0.00	0.00	2000
225	10.71	2129	2073	0.00	205	0	0	0	nan	0.00	0.00	3.30	84.86	89.29	0.00	41	0	43	0.00	0.00	65.98	8.58	0.00	0.00	2000
230	10.78	2116	2115	0.00	203	0	0	0	nan	0.00	0.02	3.15	86.72	89.22	0.00	41	0	42	0.00	0.00	67.49	8.96	0.00	0.00	2000
233	10.91	2165	2071	0.00	219	0	0	0	nan	0.00	0.00	6.17	81.65	89.09	0.00	42	0	43	0.00	0.00	62.31	7.68	0.00	0.00	2000
233	11.18	2059	2126	0.00	213	0	0	0	nan	0.00	0.02	2.99	87.00	88.82	0.00	42	0	42	0.00	0.00	64.78	7.52	0.00	0.00	2000
227	10.79	2119	2086	0.00	206	0	0	0	nan	0.00	0.00	3.10	85.44	89.21	0.00	42	0	43	0.00	0.00	61.77	7.37	0.00	0.00	2000
230	10.72	2131	2117	0.00	200	0	0	0	nan	0.00	0.00	2.63	87.35	89.28	0.00	41	0	42	0.00	0.00	68.80	7.70	0.00	0.00	2000
227	10.95	2089	2081	0.00	203	0	0	0	nan	0.00	0.00	3.08	85.19	89.05	0.00	41	0	42	0.00	0.00	64.17	7.52	0.00	0.00	2000
232	10.77	2120	2133	0.00	204	0	0	0	nan	0.01	0.01	2.60	87.98	89.23	0.00	41	0	42	0.00	0.00	67.03	7.62	0.00	0.00	2000
231	10.82	2138	2098	0.00	205	0	0	0	nan	0.00	0.00	3.72	85.45	89.18	0.00	41	0	42	0.00	0.00	65.75	7.60	0.00	0.00	2000
226	10.65	2136	2088	0.00	212	0	0	0	nan	0.00	0.03	3.30	85.54	89.35	0.00	41	0	42	0.00	0.00	66.07	7.85	0.00	0.00	2000
231	11.10	2073	2104	0.00	203	0	0	0	nan	0.00	0.00	3.79	85.33	88.90	0.00	41	0	42	0.00	0.00	65.19	7.60	0.00	0.00	2000
230	10.31	2226	2104	0.00	203	0	0	0	nan	0.01	0.02	3.49	86.30	89.70	0.00	41	0	42	0.00	0.00	66.63	7.68	0.00	0.00	2000
224	10.94	2077	2068	0.31	187	0	0	3	55.01	0.00	0.00	3.25	84.52	89.06	0.00	41	0	43	0.00	0.00	59.13	7.05	0.00	0.00	2000
245	11.69	2069	2128	0.52	220	0	0	3	67.96	0.00	0.00	5.14	84.35	88.31	0.00	41	0	42	0.00	0.00	66.70	7.92	0.00	0.00	2000
230	10.86	2135	2086	0.00	197	0	0	0	nan	0.00	0.01	3.33	85.24	89.14	0.00	42	0	43	0.00	0.00	66.26	7.75	0.00	0.00	2000
231	10.75	2128	2122	0.00	203	0	0	0	nan	0.00	0.00	3.45	86.72	89.25	0.00	41	0	43	0.00	0.00	67.16	8.07	0.00	0.00	2000
228	10.85	2112	2095	0.00	203	0	0	0	nan	0.00	0.00	3.32	85.59	89.15	0.00	41	0	43	0.00	0.00	66.02	7.75	0.00	0.00	2000
234	11.06	2112	2101	0.00	208	0	0	0	nan	0.00	0.01	6.02	82.97	88.94	0.00	42	0	43	0.00	0.00	62.71	7.51	0.00	0.00	2000
228	10.92	2103	2089	0.00	206	0	0	0	nan	0.00	0.00	4.70	83.95	89.08	0.00	41	0	43	0.00	0.00	65.55	7.62	0.00	0.00	2000
232	11.17	2080	2099	0.00	211	0	0	0	nan	0.00	0.05	5.17	83.71	88.83	0.00	42	0	43	0.00	0.00	62.04	7.34	0.00	0.00	2000
230	10.87	2103	2112	0.00	214	0	0	0	nan	0.00	0.00	3.63	86.13	89.14	0.00	42	0	42	0.00	0.00	68.52	7.99	0.00	0.00	2000
231	11.03	2099	2095	0.00	209	0	0	0	nan	0.00	0.02	3.83	85.07	88.98	0.00	41	0	42	0.00	0.00	64.57	7.44	0.00	0.00	2000
231	10.93	2109	2103	0.00	205	0	0	0	nan	0.00	0.03	3.18	86.16	89.07	0.00	41	0	42	0.00	0.00	61.65	7.23	0.00	0.00	2000
227	10.89	2091	2097	0.00	205	0	0	0	nan	0.00	0.00	2.81	86.20	89.11	0.00	42	0	43	0.00	0.00	64.93	7.50	0.00	0.00	2000
232	11.07	2097	2101	0.00	190	0	0	0	nan	0.00	0.04	3.34	85.70	88.93	0.00	41	0	43	0.00	0.00	66.40	7.76	0.00	0.00	2000
226	10.89	2108	2070	0.00	214	0	0	0	nan	0.00	0.00	3.63	84.19	89.11	0.00	41	0	42	0.00	0.00	64.45	7.35	0.00	0.00	2000
234	10.97	2101	2128	0.00	218	0	0	0	nan	0.00	0.02	3.08	87.18	89.03	0.00	41	0	43	0.00	0.00	63.69	7.60	0.00	0.00	2000
226	10.76	2113	2091	0.00	189	0	0	0	nan	0.00	0.00	3.02	85.93	89.24	0.00	41	0	42	0.00	0.00	66.21	7.67	0.00	0.00	2000
229	11.09	2072	2094	0.00	206	0	0	0	nan	0.00	0.02	3.42	85.25	88.91	0.00	41	0	42	0.00	0.00	64.53	7.62	0.00	0.00	2000
228	10.66	2136	2102	0.00	204	0	0	2	66.20	0.00	0.01	3.37	86.06	89.34	0.00	42	0	42	0.00	0.00	66.16	7.75	0.00	0.00	2000
239	10.88	2174	2124	0.75	215	0	0	5	61.01	0.00	0.00	3.61	86.41	89.12	0.00	42	0	43	0.00	0.00	66.57	7.68	0.00	0.00	2000
227	11.01	2069	2094	0.00	202	0	0	0	nan	0.00	0.00	3.26	85.56	88.99	0.00	41	0	42	0.00	0.00	64.99	7.43	0.00	0.00	2000
232	11.30	2045	2106	0.00	202	0	0	0	nan	0.00	0.04	2.45	86.56	88.70	0.00	41	0	42	0.00	0.00	64.74	7.51	0.00	0.00	2000
226	10.91	2084	2088	0.00	203	0	0	0	nan	0.00	0.00	3.69	85.09	89.09	0.00	42	0	42	0.00	0.00	62.92	7.36	0.00	0.00	2000
229	11.48	1996	2104	0.00	206	0	0	0	nan	0.00	0.00	3.98	84.80	88.52	0.00	42	0	43	0.00	0.00	67.15	7.54	0.00	0.00	2000
230	11.07	2090	2090	0.00	203	0	0	0	nan	0.00	0.02	3.76	84.81	88.93	0.00	41	0	42	0.00	0.00	59.95	7.38	0.00	0.00	2000
231	11.12	2073	2106	0.00	214	0	0	0	nan	0.00	0.00	4.08	85.12	88.88	0.00	42	0	42	0.00	0.00	66.30	7.66	0.00	0.00	2000
228	10.94	2089	2095	0.00	187	0	0	0	nan	0.00	0.02	3.18	85.73	89.06	0.00	42	0	43	0.00	0.00	66.23	7.66	0.00	0.00	2000
229	10.68	2148	2098	0.00	205	0	0	0	nan	0.02	0.00	3.80	85.46	89.32	0.00	42	0	43	0.00	0.00	65.36	7.55	0.00	0.00	2000
226	11.01	2073	2085	0.00	205	0	0	0	nan	0.00	0.02	2.56	85.82	88.99	0.00	41	0	42	0.00	0.00	61.32	7.61	0.00	0.00	2000
232	10.82	2127	2120	0.00	205	0	0	0	nan	0.00	0.00	3.35	86.68	89.18	0.00	41	0	43	0.00	0.00	68.39	7.70	0.00	0.00	2000
229	11.04	2084	2090	0.00	213	0	0	0	nan	0.01	0.00	3.80	84.81	88.96	0.00	42	0	43	0.00	0.00	63.32	7.46	0.00	0.00	2000
230	11.05	2076	2106	0.00	204	0	0	0	nan	0.00	0.01	2.49	86.86	88.95	0.00	41	0	43	0.00	0.00	67.58	7.86	0.00	0.00	2000
230	11.38	2008	2113	0.00	205	0	0	0	nan	0.00	0.00	2.55	86.77	88.62	0.00	41	0	42	0.00	0.00	65.02	7.47	0.00	0.00	2000
227	11.11	2053	2090	0.00	203	0	0	0	nan	0.00	0.02	2.75	85.78	88.89	0.00	42	0	43	0.00	0.00	64.35	7.57	0.00	0.00	2000
229	11.05	2069	2108	0.00	205	0	0	0	nan	0.00	0.00	2.76	86.60	88.95	0.00	41	0	43	0.00	0.00	64.99	7.61	0.00	0.00	2000
230	10.94	2119	2087	0.00	206	0	0	0	nan	0.00	0.00	4.08	84.51	89.06	0.00	42	0	42	0.00	0.00	63.93	7.46	0.00	0.00	2000
229	10.48	2198	2087	0.86	212	0	0	4	38.58	0.00	0.03	2.60	86.30	89.52	0.00	42	0	43	0.00	0.00	62.98	7.22	0.00	0.00	2000
232	11.27	2053	2104	0.06	205	0	0	0	nan	0.00	0.00	2.36	86.54	88.73	0.00	41	0	42	0.00	0.00	65.88	7.72	0.00	0.00	2000
234	11.02	2090	2134	0.00	204	0	0	0	nan	0.00	0.00	2.75	87.74	88.98	0.00	42	0	43	0.00	0.00	67.16	7.76	0.00	0.00	2000
224	11.15	2036	2076	0.00	207	0	0	0	nan	0.00	0.04	3.99	84.01	88.85	0.00	41	0	42	0.00	0.00	62.06	7.22	0.00	0.00	2000
233	11.07	2090	2118	0.00	203	0	0	0	nan	0.01	0.00	2.44	87.26	88.93	0.00	42	0	43	0.00	0.00	66.44	7.34	0.00	0.00	2000
228	11.02	2083	2086	0.00	213	0	0	0	nan	0.00	0.00	3.28	85.22	88.98	0.00	41	0	42	0.00	0.00	62.49	7.55	0.00	0.00	2000
230	10.97	2092	2106	0.00	203	0	0	0	nan	0.00	0.00	4.44	84.85	89.03	0.00	42	0	42	0.00	0.00	65.24	7.69	0.00	0.00	2000
234	10.84	2154	2107	0.00	208	0	0	0	nan	0.00	0.02	3.97	85.57	89.16	0.00	42	0	42	0.00	0.00	66.69	7.72	0.00	0.00	2000
229	10.77	2123	2107	0.00	187	0	0	0	nan	0.00	0.02	3.15	86.40	89.23	0.00	42	0	42	0.00	0.00	66.60	7.87	0.00	0.00	2000
232	11.06	2099	2100	0.00	204	0	0	0	nan	0.00	0.02	4.92	84.10	88.94	0.00	41	0	42	0.00	0.00	63.19	7.34	0.00	0.00	2000
231	11.01	2106	2093	0.00	204	0	0	0	nan	0.00	0.00	4.48	84.35	88.99	0.00	42	0	43	0.00	0.00	63.06	7.41	0.00	0.00	2000
231	11.07	2093	2094	0.00	220	0	0	0	nan	0.00	0.01	6.65	82.16	88.93	0.00	41	0	42	0.00	0.00	65.58	7.61	0.00	0.00	2000
231	11.24	2058	2093	0.00	208	0	0	0	nan	0.00	0.01	4.56	83.98	88.76	0.00	41	0	42	0.00	0.00	64.88	7.71	0.00	0.00	2000
234	11.30	2069	2099	0.00	209	0	0	0	nan	0.00	0.00	8.27	80.48	88.70	0.00	42	0	42	0.00	0.00	65.43	7.62	0.00	0.00	2000
229	11.18	2041	2104	0.00	206	0	0	0	nan	0.00	0.00	4.79	84.23	88.82	0.00	41	0	43	0.00	0.00	65.02	7.48	0.00	0.00	2000
231	11.21	2067	2097	0.00	204	0	0	0	nan	0.00	0.00	4.21	84.53	88.79	0.00	42	0	42	0.00	0.00	64.62	7.60	0.00	0.00	2000
229	10.67	2153	2098	0.00	213	0	0	0	nan	0.00	0.00	3.55	85.70	89.33	0.00	41	0	43	0.00	0.00	66.16	7.78	0.00	0.00	2000
231	11.13	2068	2109	0.57	204	0	0	5	52.69	0.00	0.02	4.05	85.29	88.87	0.00	41	0	42	0.00	0.00	64.19	7.55	0.00	0.00	2000
228	10.97	2079	2096	0.31	203	0	0	1	80.30	0.00	0.02	3.63	85.26	89.03	0.00	41	0	42	0.00	0.00	64.49	7.55	0.00	0.00	2000
229	11.36	2012	2108	0.00	203	0	0	0	nan	0.00	0.00	3.80	85.38	88.64	0.00	41	0	43	0.00	0.00	64.11	7.33	0.00	0.00	2000
226	11.29	2023	2078	0.00	205	0	0	0	nan	0.00	0.01	3.88	84.03	88.71	0.00	41	0	43	0.00	0.00	64.27	7.42	0.00	0.00	2000
231	10.79	2135	2107	0.00	214	0	0	0	nan	0.00	0.01	3.58	86.05	89.21	0.00	42	0	42	0.00	0.00	65.78	7.56	0.00	0.00	2000
231	10.76	2130	2113	0.00	203	0	0	0	nan	0.00	0.00	3.80	86.03	89.24	0.00	42	0	43	0.00	0.00	65.71	7.68	0.00	0.00	2000
227	11.51	1976	2095	0.00	205	0	0	0	nan	0.00	0.00	4.55	83.89	88.49	0.00	42	0	43	0.00	0.00	64.19	7.39	0.00	0.00	2000
227	11.35	2005	2095	0.00	206	0	0	0	nan	0.00	0.00	4.40	84.25	88.65	0.00	42	0	43	0.00	0.00	65.06	7.66	0.00	0.00	2000
230	11.40	2010	2110	0.00	204	0	0	0	nan	0.00	0.00	4.34	84.81	88.60	0.00	41	0	43	0.00	0.00	64.89	7.69	0.00	0.00	2000
231	10.98	2105	2103	0.00	212	0	0	0	nan	0.00	0.02	4.34	84.83	89.02	0.00	42	0	43	0.00	0.00	63.11	7.59	0.00	0.00	2000
229	10.94	2096	2095	0.00	205	0	0	0	nan	0.00	0.03	3.99	84.91	89.06	0.00	41	0	43	0.00	0.00	67.32	7.48	0.00	0.00	2000
228	10.88	2101	2099	0.00	187	0	0	0	nan	0.00	0.00	4.52	84.65	89.12	0.00	41	0	43	0.00	0.00	64.09	7.47	0.00	0.00	2000
229	10.91	2101	2100	0.00	207	0	0	0	nan	0.00	0.04	3.14	86.02	89.09	0.00	42	0	43	0.00	0.00	67.01	7.74	0.00	0.00	2000
228	10.85	2106	2098	0.00	203	0	0	0	nan	0.00	0.02	2.93	86.18	89.15	0.00	41	0	43	0.00	0.00	61.10	7.00	0.00	0.00	2000
228	11.09	2085	2071	0.00	203	0	0	0	nan	0.00	0.02	2.64	85.02	88.91	0.00	41	0	42	0.00	0.00	63.49	7.45	0.00	0.00	2000
230	10.63	2158	2103	0.00	213	0	0	0	nan	0.00	0.03	2.55	86.95	89.37	0.00	41	0	43	0.00	0.00	65.19	7.58	0.00	0.00	2000
236	11.23	2076	2127	0.00	225	0	0	0	nan	0.00	0.01	4.78	85.19	88.77	0.00	42	0	42	0.00	0.00	70.30	8.12	0.00	0.00	2000
228	10.58	2156	2098	0.31	205	0	0	3	54.77	0.00	0.00	3.63	85.67	89.42	0.00	42	0	43	0.00	0.00	64.96	7.09	0.00	0.00	2000
228	10.83	2115	2093	0.53	203	0	0	3	70.39	0.00	0.02	3.30	85.62	89.17	0.00	41	0	42	0.00	0.00	63.59	7.80	0.00	0.00	2000
231	11.20	2056	2105	0.00	205	0	0	0	nan	0.01	0.03	4.73	84.38	88.80	0.00	41	0	43	0.00	0.00	64.77	7.54	0.00	0.00	2000
229	11.34	2013	2105	0.00	214	0	0	0	nan	0.00	0.00	3.69	85.23	88.66	0.00	41	0	43	0.00	0.00	64.20	7.42	0.00	0.00	2000
229	10.84	2109	2100	0.00	202	0	0	0	nan	0.00	0.01	3.75	85.35	89.16	0.00	41	0	43	0.00	0.00	66.19	7.68	0.00	0.00	2000
228	11.17	2043	2093	0.00	202	0	0	0	nan	0.00	0.00	4.12	84.55	88.83	0.00	41	0	43	0.00	0.00	64.54	7.48	0.00	0.00	2000
229	10.75	2125	2107	0.00	205	0	0	0	nan	0.00	0.01	4.41	85.18	89.25	0.00	41	0	43	0.00	0.00	65.88	7.50	0.00	0.00	2000
231	11.13	2080	2097	0.00	207	0	0	0	nan	0.00	0.00	4.26	84.52	88.87	0.00	41	0	43	0.00	0.00	63.89	7.43	0.00	0.00	2000
225	11.05	2053	2079	0.00	206	0	0	0	nan	0.00	0.00	3.42	84.77	88.95	0.00	41	0	42	0.00	0.00	62.30	7.09	0.00	0.00	2000
235	10.93	2111	2136	0.00	211	0	0	0	nan	0.00	0.00	5.31	85.26	89.07	0.00	41	0	43	0.00	0.00	67.87	7.86	0.00	0.00	2000
229	10.90	2107	2096	0.00	202	0	0	0	nan	0.00	0.03	3.47	85.59	89.10	0.00	41	0	43	0.00	0.00	63.51	7.48	0.00	0.00	2000
228	10.94	2090	2092	0.00	206	0	0	0	nan	0.00	0.03	4.01	84.74	89.06	0.00	42	0	43	0.00	0.00	64.90	7.40	0.00	0.00	2000
231	11.17	2073	2096	0.00	204	0	0	0	nan	0.00	0.02	4.32	84.32	88.83	0.00	41	0	42	0.00	0.00	63.53	7.46	0.00	0.00	2000
232	11.25	2057	2104	0.00	215	0	0	0	nan	0.00	0.00	3.57	85.43	88.75	0.00	42	0	42	0.00	0.00	65.07	7.91	0.00	0.00	2000
227	10.84	2106	2087	0.00	205	0	0	0	nan	0.00	0.01	3.69	84.96	89.16	0.00	42	0	42	0.00	0.00	67.87	7.63	0.00	0.00	2000
230	10.83	2118	2104	0.00	204	0	0	0	nan	0.00	0.04	4.22	85.17	89.17	0.00	42	0	43	0.00	0.00	62.78	7.27	0.00	0.00	2000
230	11.25	2043	2106	0.00	205	0	0	0	nan	0.00	0.02	4.11	85.02	88.75	0.00	41	0	43	0.00	0.00	67.03	7.78	0.00	0.00	2000
226	10.78	2109	2089	0.17	202	0	0	3	51.92	0.00	0.00	3.80	84.91	89.22	0.00	41	0	43	0.00	0.00	61.41	7.11	0.00	0.00	2000
238	11.19	2131	2101	0.49	215	0	0	9	31.18	0.00	0.00	3.83	84.99	88.81	0.00	41	0	43	0.00	0.00	66.19	8.06	0.00	0.00	2000
233	10.96	2110	2115	0.00	205	0	0	0	nan	0.00	0.00	2.71	86.99	89.04	0.00	41	0	42	0.00	0.00	64.34	7.42	0.00	0.00	2000
227	10.66	2150	2080	0.00	208	0	0	0	nan	0.00	0.00	4.12	84.30	89.34	0.00	42	0	43	0.00	0.00	66.71	7.65	0.00	0.00	2000
230	10.99	2093	2097	0.00	205	0	0	0	nan	0.00	0.00	2.46	86.45	89.01	0.00	41	0	42	0.00	0.00	64.12	7.33	0.00	0.00	2000
229	10.88	2096	2106	0.00	206	0	0	0	nan	0.00	0.01	3.31	86.16	89.12	0.00	42	0	43	0.00	0.00	64.50	7.45	0.00	0.00	2000
231	11.01	2090	2111	0.00	229	0	0	0	nan	0.00	0.00	3.17	86.35	88.99	0.00	42	0	42	0.00	0.00	66.48	7.85	0.00	0.00	2000
229	10.47	2194	2093	0.00	191	0	0	0	nan	0.00	0.06	2.96	86.25	89.53	0.00	42	0	42	0.00	0.00	62.81	7.29	0.00	0.00	2000
231	10.74	2126	2121	0.00	219	0	0	0	nan	0.00	0.03	2.98	87.21	89.26	0.00	42	0	42	0.00	0.00	65.90	7.68	0.00	0.00	2000
227	10.69	2136	2088	0.00	203	0	0	0	nan	0.00	0.02	2.93	85.94	89.31	0.00	42	0	43	0.00	0.00	64.73	7.56	0.00	0.00	2000
228	11.22	2036	2096	0.00	205	0	0	0	nan	0.00	0.00	3.04	85.70	88.78	0.00	42	0	43	0.00	0.00	65.72	7.79	0.00	0.00	2000
231	11.34	2035	2104	0.00	215	0	0	0	nan	0.00	0.02	3.05	85.86	88.66	0.00	41	0	43	0.00	0.00	64.23	7.43	0.00	0.00	2000
232	11.03	2086	2113	0.00	202	0	0	0	nan	0.00	0.03	3.19	86.34	88.97	0.00	41	0	43	0.00	0.00	65.59	7.70	0.00	0.00	2000
226	10.98	2066	2092	0.00	205	0	0	0	nan	0.00	0.02	3.83	84.98	89.02	0.00	42	0	42	0.00	0.00	65.07	7.66	0.00	0.00	2000
228	10.78	2127	2091	0.00	203	0	0	0	nan	0.00	0.01	2.95	85.87	89.22	0.00	41	0	43	0.00	0.00	62.39	7.53	0.00	0.00	2000
229	10.97	2087	2098	0.00	203	0	0	0	nan	0.00	0.02	3.56	85.43	89.03	0.00	42	0	42	0.00	0.00	65.97	7.30	0.00	0.00	2000
236	10.95	2142	2115	0.00	205	0	0	0	nan	0.01	0.00	4.33	85.34	89.05	0.00	41	0	42	0.00	0.00	65.85	7.67	0.00	0.00	2000
225	10.70	2125	2078	0.00	195	0	0	2	66.54	0.00	0.03	3.43	85.01	89.30	0.00	41	0	42	0.00	0.00	63.11	7.45	0.00	0.00	2000
233	10.72	2163	2108	0.77	205	0	0	4	58.79	0.00	0.01	3.75	85.89	89.28	0.00	42	0	42	0.00	0.00	62.87	7.71	0.00	0.00	2000
226	10.60	2153	2082	0.00	204	0	0	0	nan	0.00	0.02	3.53	85.11	89.40	0.00	41	0	42	0.00	0.00	68.28	7.47	0.00	0.00	2000
230	11.08	2073	2106	0.00	206	0	0	0	nan	0.00	0.00	2.67	86.63	88.92	0.00	41	0	43	0.00	0.00	63.49	7.44	0.00	0.00	2000
229	10.94	2082	2113	0.00	203	0	0	0	nan	0.00	0.02	3.62	86.07	89.06	0.00	42	0	43	0.00	0.00	66.14	7.60	0.00	0.00	2000
229	10.75	2150	2083	0.00	216	0	0	0	nan	0.00	0.00	2.40	86.20	89.25	0.00	42	0	42	0.00	0.00	64.88	7.58	0.00	0.00	2000
234	11.21	2056	2132	0.00	204	0	0	0	nan	0.01	0.01	3.68	86.50	88.79	0.00	41	0	42	0.00	0.00	65.78	7.74	0.00	0.00	2000
226	10.92	2090	2078	0.00	207	0	0	0	nan	0.00	0.00	3.68	84.51	89.08	0.00	42	0	43	0.00	0.00	62.84	7.25	0.00	0.00	2000
229	10.84	2104	2108	0.00	219	0	0	0	nan	0.00	0.00	2.69	86.79	89.16	0.00	42	0	43	0.00	0.00	64.67	7.65	0.00	0.00	2000
229	10.60	2166	2099	0.00	203	0	0	0	nan	0.00	0.00	2.93	86.33	89.40	0.00	42	0	43	0.00	0.00	65.01	7.60	0.00	0.00	2000
231	10.76	2148	2100	0.00	199	0	0	0	nan	0.00	0.00	4.00	85.29	89.24	0.00	41	0	43	0.00	0.00	65.83	7.64	0.00	0.00	2000
229	10.81	2118	2101	0.00	221	0	0	0	nan	0.00	0.02	3.49	85.73	89.19	0.00	41	0	43	0.00	0.00	64.17	7.50	0.00	0.00	2000
230	10.67	2142	2116	0.00	187	0	0	0	nan	0.01	0.02	3.21	86.81	89.33	0.00	41	0	43	0.00	0.00	66.63	7.81	0.00	0.00	2000
226	10.55	2154	2089	0.00	203	0	0	0	nan	0.00	0.00	3.43	85.56	89.45	0.00	41	0	42	0.00	0.00	64.71	7.48	0.00	0.00	2000
225	11.01	2058	2083	0.00	204	0	0	0	nan	0.00	0.02	2.95	85.30	88.99	0.00	42	0	43	0.00	0.00	64.33	7.46	0.00	0.00	2000
237	10.95	2137	2124	0.00	206	0	0	0	nan	0.00	0.03	4.44	85.71	89.05	0.00	42	0	43	0.00	0.00	66.47	7.74	0.00	0.00	2000
230	11.12	2073	2096	0.00	218	0	0	0	nan	0.00	0.00	3.78	84.94	88.88	0.00	42	0	43	0.00	0.00	63.46	7.44	0.00	0.00	2000
225	11.05	2056	2084	0.00	203	0	0	1	89.53	0.00	0.01	2.26	86.14	88.95	0.00	42	0	42	0.00	0.00	64.57	7.59	0.00	0.00	2000
226	10.77	2118	2084	0.87	203	0	0	5	55.66	0.00	0.00	2.78	85.81	89.23	0.00	42	0	42	0.00	0.00	65.36	7.55	0.00	0.00	2000
232	10.97	2096	2119	0.02	206	0	0	0	nan	0.00	0.00	3.88	86.05	89.03	0.00	42	0	42	0.00	0.00	65.49	7.70	0.00	0.00	2000
235	11.20	2079	2119	0.00	205	0	0	0	nan	0.00	0.00	4.07	85.58	88.80	0.00	41	0	42	0.00	0.00	64.20	7.61	0.00	0.00	2000
226	10.77	2116	2085	0.00	213	0	0	0	nan	0.00	0.01	3.03	85.61	89.23	0.00	42	0	43	0.00	0.00	65.16	7.80	0.00	0.00	2000
231	10.92	2099	2112	0.00	205	0	0	0	nan	0.00	0.02	3.52	86.16	89.08	0.00	42	0	43	0.00	0.00	64.37	7.52	0.00	0.00	2000
230	10.72	2147	2102	0.00	204	0	0	0	nan	0.01	0.00	3.53	85.81	89.28	0.00	42	0	43	0.00	0.00	63.39	7.26	0.00	0.00	2000
225	11.04	2056	2086	0.00	203	0	0	0	nan	0.02	0.00	3.96	84.56	88.96	0.00	41	0	42	0.00	0.00	64.56	7.55	0.00	0.00	2000
229	10.89	2101	2104	0.00	203	0	0	0	nan	0.00	0.00	4.00	85.31	89.11	0.00	42	0	43	0.00	0.00	65.58	7.59	0.00	0.00	2000
230	11.02	2092	2092	0.00	219	0	0	0	nan	0.00	0.02	5.21	83.49	88.98	0.00	42	0	43	0.00	0.00	64.60	7.58	0.00	0.00	2000
233	11.02	2108	2110	0.00	207	0	0	0	nan	0.00	0.03	5.76	83.68	88.98	0.00	42	0	43	0.00	0.00	65.30	7.64	0.00	0.00	2000
229	10.83	2114	2104	0.00	190	0	0	0	nan	0.00	0.00	4.39	84.98	89.17	0.00	42	0	43	0.00	0.00	67.03	7.85	0.00	0.00	2000
229	10.95	2089	2105	0.00	219	0	0	0	nan	0.00	0.00	3.14	86.16	89.05	0.00	42	0	43	0.00	0.00	65.94	7.61	0.00	0.00	2000
231	10.88	2129	2098	0.00	206	0	0	0	nan	0.00	0.01	5.26	83.75	89.12	0.00	42	0	43	0.00	0.00	61.53	7.07	0.00	0.00	2000
230	11.58	1987	2096	0.00	215	0	0	0	nan	0.00	0.02	4.50	83.91	88.42	0.00	41	0	43	0.00	0.00	64.33	7.66	0.00	0.00	2000
230	11.17	2066	2097	0.00	206	0	0	0	nan	0.00	0.06	3.73	84.94	88.83	0.00	41	0	43	0.00	0.00	65.54	7.60	0.00	0.00	2000
235	11.01	2127	2103	0.00	210	0	0	0	nan	0.00	1.02	7.87	80.23	88.99	0.00	42	0	42	0.00	0.00	65.95	7.53	0.00	0.00	2000
227	11.06	2056	2097	0.00	205	0	0	0	nan	0.00	0.00	5.23	83.64	88.94	0.00	41	0	43	0.00	0.00	64.50	7.45	0.00	0.00	2000
230	11.10	2086	2089	0.79	206	0	0	4	44.02	0.00	0.01	6.11	82.35	88.90	0.00	42	0	42	0.00	0.00	65.29	7.56	0.00	0.00	2000
234	11.06	2099	2120	0.13	205	0	0	0	nan	0.00	0.00	5.06	84.80	88.94	0.00	42	0	43	0.00	0.00	66.16	7.64	0.00	0.00	2000
226	10.78	2121	2078	0.00	215	0	0	0	nan	0.00	0.01	3.81	84.49	89.23	0.00	41	0	42	0.00	0.00	64.36	7.54	0.00	0.00	2000
229	10.72	2128	2104	0.00	203	0	0	0	nan	0.00	0.02	3.88	85.66	89.28	0.00	42	0	43	0.00	0.00	65.72	7.61	0.00	0.00	2000
226	10.79	2105	2092	0.00	205	0	0	0	nan	0.00	0.00	3.81	85.13	89.21	0.00	42	0	43	0.00	0.00	63.49	7.54	0.00	0.00	2000
233	10.69	2174	2108	0.00	210	0	0	0	nan	0.00	0.72	5.65	83.28	89.31	0.00	42	0	43	0.00	0.00	66.16	7.73	0.00	0.00	2000
235	11.15	2088	2123	0.00	204	0	0	0	nan	0.00	0.00	4.11	85.78	88.85	0.00	42	0	43	0.00	0.00	66.07	7.74	0.00	0.00	2000
229	10.95	2092	2096	0.00	213	0	0	0	nan	0.01	0.00	4.34	84.60	89.05	0.00	42	0	43	0.00	0.00	62.50	7.21	0.00	0.00	2000
230	11.08	2076	2101	0.00	205	0	0	0	nan	0.00	0.00	3.83	85.10	88.92	0.00	42	0	43	0.00	0.00	67.87	7.88	0.00	0.00	2000
226	11.17	2033	2093	0.00	203	0	0	0	nan	0.01	0.00	3.55	85.10	88.83	0.00	42	0	43	0.00	0.00	62.45	7.35	0.00	0.00	2000
225	11.06	2061	2071	0.00	206	0	0	0	nan	0.00	0.00	2.89	84.80	88.94	0.00	41	0	42	0.00	0.00	65.92	7.75	0.00	0.00	2000
234	10.98	2106	2123	0.00	203	0	0	0	nan	0.00	0.00	2.77	87.27	89.02	0.00	42	0	42	0.00	0.00	63.36	7.49	0.00	0.00	2000
231	10.93	2116	2096	0.00	216	0	0	0	nan	0.00	0.01	2.98	85.90	89.07	0.00	42	0	43	0.00	0.00	66.00	7.89	0.00	0.00	2000
229	11.18	2049	2103	0.00	203	0	0	0	nan	0.00	0.00	3.36	85.63	88.82	0.00	42	0	43	0.00	0.00	65.11	7.70	0.00	0.00	2000
229	10.90	2108	2094	0.00	206	0	0	0	nan	0.00	0.00	3.51	85.43	89.10	0.00	42	0	43	0.00	0.00	65.19	7.49	0.00	0.00	2000
227	10.61	2145	2091	0.00	203	0	0	0	nan	0.00	0.03	3.24	85.79	89.39	0.00	41	0	42	0.00	0.00	62.20	7.19	0.00	0.00	2000
234	11.03	2105	2113	0.00	205	0	0	0	nan	0.00	0.00	3.30	86.35	88.97	0.00	42	0	43	0.00	0.00	65.28	7.68	0.00	0.00	2000
229	10.98	2092	2098	0.65	213	0	0	5	50.82	0.00	0.00	3.22	85.82	89.02	0.00	41	0	43	0.00	0.00	67.39	7.81	0.00	0.00	2000
231	10.99	2096	2105	0.25	220	0	0	0	95.15	0.00	0.02	2.89	86.45	89.01	0.00	42	0	43	0.00	0.00	63.80	7.37	0.00	0.00	2000
228	10.92	2098	2095	0.00	186	0	0	0	nan	0.00	0.03	2.87	86.05	89.08	0.00	41	0	43	0.00	0.00	62.94	7.32	0.00	0.00	2000
232	10.73	2142	2120	0.00	205	0	0	0	nan	0.01	0.00	3.05	87.09	89.27	0.00	42	0	43	0.00	0.00	66.55	7.77	0.00	0.00	2000
225	11.15	2029	2084	0.00	203	0	0	0	nan	0.00	0.00	3.66	84.62	88.85	0.00	42	0	43	0.00	0.00	64.37	7.51	0.00	0.00	2000
228	11.13	2066	2080	0.00	213	0	0	0	nan	0.00	0.02	2.74	85.31	88.87	0.00	41	0	43	0.00	0.00	63.53	7.30	0.00	0.00	2000
235	11.10	2099	2114	0.00	217	0	0	0	nan	0.01	0.02	5.14	84.38	88.90	0.00	41	0	43	0.00	0.00	68.01	7.74	0.00	0.00	2000
230	10.77	2124	2108	0.00	219	0	0	0	nan	0.01	0.00	3.55	86.10	89.23	0.00	41	0	43	0.00	0.00	64.27	7.50	0.00	0.00	2000
229	10.72	2135	2104	0.00	207	0	0	0	nan	0.00	0.02	4.46	84.98	89.28	0.00	41	0	43	0.00	0.00	65.00	7.58	0.00	0.00	2000
230	11.03	2087	2093	0.00	206	0	0	0	nan	0.00	0.01	3.72	85.06	88.97	0.00	42	0	43	0.00	0.00	66.24	7.83	0.00	0.00	2000
230	10.62	2162	2105	0.00	213	0	0	0	nan	0.00	0.00	3.60	86.02	89.38	0.00	42	0	43	0.00	0.00	65.77	7.64	0.00	0.00	2000
232	10.50	2199	2109	0.00	205	0	0	0	nan	0.00	0.03	3.45	86.36	89.50	0.00	41	0	43	0.00	0.00	62.99	7.45	0.00	0.00	2000
235	11.38	2071	2093	0.00	203	0	0	0	nan	0.00	0.02	4.00	84.33	88.62	0.00	41	0	43	0.00	0.00	66.83	7.77	0.00	0.00	2000
226	10.83	2110	2075	0.00	206	0	0	0	nan	0.00	0.00	4.74	83.43	89.17	0.00	42	0	43	0.00	0.00	61.41	7.24	0.00	0.00	2000
236	10.92	2129	2134	0.00	203	0	0	0	nan	0.00	0.00	4.29	86.27	89.08	0.00	42	0	42	0.00	0.00	67.34	7.86	0.00	0.00	2000
235	11.06	2125	2099	0.00	209	0	0	0	nan	0.00	0.00	5.27	83.72	88.94	0.00	42	0	43	0.00	0.00	64.96	7.62	0.00	0.00	2000
227	10.74	2128	2086	0.00	196	0	0	0	nan	0.00	0.00	3.17	85.58	89.26	0.00	42	0	42	0.00	0.00	63.24	7.38	0.00	0.00	2000
233	11.03	2098	2116	0.44	204	0	0	4	55.06	0.00	0.00	3.44	86.21	88.97	0.00	42	0	42	0.00	0.00	66.75	7.80	0.00	0.00	2000
228	10.97	2085	2091	0.48	206	0	0	3	67.73	0.00	0.02	3.47	85.24	89.03	0.00	42	0	43	0.00	0.00	63.25	7.39	0.00	0.00	2000
229	11.15	2059	2095	0.00	207	0	0	0	nan	0.00	0.00	6.30	82.49	88.85	0.00	41	0	43	0.00	0.00	67.50	7.88	0.00	0.00	2000
231	11.01	2098	2101	0.00	206	0	0	0	nan	0.00	0.00	4.50	84.60	88.99	0.00	41	0	43	0.00	0.00	61.81	7.20	0.00	0.00	2000
232	10.72	2154	2113	0.00	213	0	0	0	nan	0.00	0.00	3.99	85.82	89.28	0.00	42	0	43	0.00	0.00	66.89	7.74	0.00	0.00	2000
227	11.05	2062	2092	0.00	206	0	0	0	nan	0.00	0.00	3.24	85.38	88.95	0.00	42	0	43	0.00	0.00	64.73	7.34	0.00	0.00	2000
231	10.91	2107	2108	0.00	202	0	0	0	nan	0.01	0.02	2.93	86.59	89.09	0.00	42	0	43	0.00	0.00	65.17	7.71	0.00	0.00	2000
226	11.11	2050	2086	0.00	205	0	0	0	nan	0.00	0.02	4.02	84.35	88.89	0.00	41	0	43	0.00	0.00	66.12	7.52	0.00	0.00	2000
233	11.27	2049	2116	0.00	207	0	0	0	nan	0.00	0.02	3.79	85.59	88.73	0.00	42	0	42	0.00	0.00	64.57	7.56	0.00	0.00	2000
230	10.89	2121	2091	0.00	212	0	0	0	nan	0.00	0.02	4.24	84.57	89.11	0.00	42	0	43	0.00	0.00	63.27	7.43	0.00	0.00	2000
229	10.99	2086	2097	0.00	204	0	0	0	nan	0.00	0.01	3.84	85.07	89.01	0.00	41	0	42	0.00	0.00	65.43	7.54	0.00	0.00	2000
228	10.87	2094	2102	0.00	205	0	0	0	nan	0.00	0.00	4.21	85.10	89.13	0.00	41	0	42	0.00	0.00	65.05	7.64	0.00	0.00	2000
227	10.74	2124	2089	0.00	203	0	0	0	nan	0.00	0.00	4.37	84.42	89.26	0.00	41	0	43	0.00	0.00	62.99	7.27	0.00	0.00	2000
225	10.89	2085	2083	0.00	207	0	0	0	nan	0.00	0.00	3.12	85.37	89.11	0.00	42	0	43	0.00	0.00	65.90	7.68	0.00	0.00	2000
236	11.17	2089	2127	0.00	215	0	0	0	nan	0.00	0.02	3.12	86.85	88.83	0.00	42	0	43	0.00	0.00	64.42	7.67	0.00	0.00	2000
229	10.68	2150	2091	0.00	203	0	0	0	nan	0.00	0.02	2.85	86.15	89.32	0.00	41	0	42	0.00	0.00	64.86	7.81	0.00	0.00	2000
231	10.85	2123	2109	0.00	222	0	0	0	nan	0.00	0.00	3.96	85.56	89.15	0.00	41	0	43	0.00	0.00	67.18	7.80	0.00	0.00	2000
227	11.00	2067	2101	0.22	205	0	0	3	56.50	0.00	0.01	3.10	86.03	89.00	0.00	42	0	43	0.00	0.00	64.64	7.83	0.00	0.00	2000
230	10.74	2141	2101	0.61	206	0	0	4	67.17	0.00	0.01	4.50	84.88	89.26	0.00	42	0	43	0.00	0.00	61.99	7.31	0.00	0.00	2000
231	11.09	2084	2096	0.00	216	0	0	0	nan	0.00	0.00	4.55	84.27	88.91	0.00	42	0	43	0.00	0.00	64.95	7.64	0.00	0.00	2000
228	11.13	2058	2092	0.00	205	0	0	0	nan	0.00	0.02	3.77	84.90	88.87	0.00	42	0	43	0.00	0.00	64.59	7.61	0.00	0.00	2000
232	11.29	2057	2100	0.00	190	0	0	0	nan	0.00	0.02	3.94	84.91	88.71	0.00	41	0	43	0.00	0.00	65.51	7.80	0.00	0.00	2000
228	11.24	2036	2097	0.00	208	0	0	0	nan	0.00	0.00	4.55	84.27	88.76	0.00	42	0	43	0.00	0.00	65.09	7.66	0.00	0.00	2000
228	10.79	2102	2114	0.00	203	0	0	0	nan	0.00	0.02	3.60	86.22	89.21	0.00	42	0	43	0.00	0.00	65.62	7.58	0.00	0.00	2000
233	11.09	2094	2106	0.00	221	0	0	0	nan	0.00	0.02	3.94	85.38	88.91	0.00	42	0	43	0.00	0.00	64.61	7.59	0.00	0.00	2000
226	10.66	2145	2074	0.00	199	0	0	0	nan	0.00	0.01	3.52	84.61	89.34	0.00	41	0	43	0.00	0.00	64.61	7.59	0.00	0.00	2000
230	11.12	2053	2115	0.00	219	0	0	0	nan	0.00	0.02	3.65	85.94	88.88	0.00	42	0	43	0.00	0.00	63.65	7.42	0.00	0.00	2000
229	10.74	2139	2094	0.00	187	0	0	0	nan	0.00	0.00	4.06	85.04	89.26	0.00	42	0	42	0.00	0.00	66.19	7.71	0.00	0.00	2000
229	10.83	2104	2106	0.00	203	0	0	0	nan	0.00	0.02	3.58	85.95	89.17	0.00	41	0	42	0.00	0.00	65.83	7.70	0.00	0.00	2000
228	10.99	2092	2087	0.00	206	0	0	0	nan	0.00	0.03	3.58	84.93	89.01	0.00	42	0	43	0.00	0.00	64.19	7.43	0.00	0.00	2000
235	10.71	2162	2130	0.00	212	0	0	0	nan	0.00	0.02	3.52	87.06	89.30	0.00	42	0	43	0.00	0.00	66.57	7.78	0.00	0.00	2000
227	10.83	2101	2095	0.00	202	0	0	0	nan	0.00	0.00	3.26	85.79	89.17	0.00	42	0	43	0.00	0.00	63.75	7.48	0.00	0.00	2000
226	10.94	2085	2082	0.00	201	0	0	0	nan	0.00	0.01	2.21	86.14	89.06	0.00	41	0	42	0.00	0.00	64.66	7.66	0.00	0.00	2000
229	11.15	2046	2113	0.00	220	0	0	0	nan	0.00	0.00	3.55	85.95	88.85	0.00	41	0	43	0.00	0.00	64.62	7.58	0.00	0.00	2000
228	10.92	2104	2088	0.00	189	0	0	2	66.59	0.01	0.00	3.61	85.06	89.08	0.00	42	0	43	0.00	0.00	65.28	7.64	0.00	0.00	2000
233	11.27	2060	2105	0.74	212	0	0	5	58.67	0.00	0.02	4.70	84.33	88.73	0.00	42	0	43	0.00	0.00	64.39	7.40	0.00	0.00	2000
230	10.84	2120	2101	0.00	204	0	0	0	nan	0.00	0.01	3.88	85.41	89.16	0.00	42	0	43	0.00	0.00	65.42	7.54	0.00	0.00	2000
226	10.65	2141	2085	0.00	206	0	0	0	nan	0.00	0.00	4.00	84.74	89.35	0.00	42	0	43	0.00	0.00	62.80	7.48	0.00	0.00	2000
230	10.93	2104	2104	0.00	206	0	0	0	nan	0.00	0.00	2.41	86.85	89.07	0.00	42	0	43	0.00	0.00	66.15	7.71	0.00	0.00	2000
230	10.99	2077	2116	0.00	205	0	0	0	nan	0.00	0.03	3.10	86.72	89.01	0.00	42	0	43	0.00	0.00	65.57	7.79	0.00	0.00	2000
231	10.98	2106	2098	0.00	232	0	0	0	nan	0.00	0.02	3.73	85.25	89.02	0.00	42	0	42	0.00	0.00	64.44	7.53	0.00	0.00	2000
229	10.60	2170	2093	0.00	189	0	0	0	nan	0.00	0.00	3.27	85.86	89.40	0.00	42	0	42	0.00	0.00	63.42	7.45	0.00	0.00	2000
232	10.83	2138	2108	0.00	206	0	0	0	nan	0.00	0.02	3.58	86.01	89.17	0.00	42	0	43	0.00	0.00	66.78	7.88	0.00	0.00	2000
229	11.23	2032	2106	0.00	203	0	0	0	nan	0.00	0.00	3.36	85.81	88.77	0.00	42	0	43	0.00	0.00	63.30	7.30	0.00	0.00	2000
229	10.65	2157	2092	0.00	205	0	0	0	nan	0.01	0.01	3.27	85.81	89.35	0.00	41	0	43	0.00	0.00	66.24	7.67	0.00	0.00	2000
233	11.20	2063	2117	0.00	203	0	0	0	nan	0.00	0.00	3.25	86.37	88.80	0.00	42	0	42	0.00	0.00	63.17	7.40	0.00	0.00	2000
229	11.11	2063	2093	0.00	215	0	0	0	nan	0.00	0.00	4.94	83.81	88.89	0.00	42	0	42	0.00	0.00	66.01	7.64	0.00	0.00	2000
226	10.92	2084	2086	0.00	202	0	0	0	nan	0.00	0.00	3.30	85.29	89.08	0.00	42	0	42	0.00	0.00	63.02	7.49	0.00	0.00	2000
231	11.27	2041	2113	0.00	205	0	0	0	nan	0.00	0.00	4.31	85.02	88.73	0.00	42	0	43	0.00	0.00	64.73	7.66	0.00	0.00	2000
225	10.68	2126	2081	0.00	205	0	0	0	nan	0.00	0.01	3.86	84.71	89.32	0.00	42	0	43	0.00	0.00	64.68	7.44	0.00	0.00	2000
231	11.08	2083	2106	0.00	204	0	0	0	nan	0.00	0.02	3.83	85.36	88.92	0.00	42	0	43	0.00	0.00	65.37	7.60	0.00	0.00	2000
231	11.18	2054	2116	0.00	214	0	0	0	91.24	0.00	0.02	3.41	86.18	88.82	0.00	42	0	43	0.00	0.00	66.95	7.60	0.00	0.00	2000
230	10.80	2131	2100	0.89	200	0	0	7	49.73	0.00	0.00	3.13	86.12	89.20	0.00	42	0	43	0.00	0.00	63.26	7.42	0.00	0.00	2000
228	10.75	2130	2094	0.04	205	0	0	0	nan	0.00	0.00	3.57	85.49	89.25	0.00	42	0	43	0.00	0.00	66.30	7.77	0.00	0.00	2000
229	10.82	2118	2099	0.00	189	0	0	0	nan	0.00	0.02	3.63	85.63	89.18	0.00	42	0	43	0.00	0.00	63.59	7.34	0.00	0.00	2000
225	10.73	2122	2076	0.00	206	0	0	0	nan	0.00	0.00	4.38	83.90	89.27	0.00	42	0	43	0.00	0.00	62.68	7.48	0.00	0.00	2000
238	10.92	2149	2132	0.00	203	0	0	0	nan	0.00	0.02	1.59	88.89	89.08	0.00	42	0	43	0.00	0.00	66.91	7.28	0.00	0.00	2000
224	10.91	2078	2078	0.00	215	0	0	0	nan	0.00	0.02	3.29	84.92	89.09	0.00	42	0	43	0.00	0.00	65.22	7.56	0.00	0.00	2000
231	11.06	2076	2114	0.00	221	0	0	0	nan	0.00	0.00	3.51	86.13	88.94	0.00	41	0	42	0.00	0.00	67.44	7.61	0.00	0.00	2000
229	10.72	2137	2097	0.00	188	0	0	0	nan	0.00	0.00	3.58	85.58	89.28	0.00	42	0	43	0.00	0.00	63.61	7.52	0.00	0.00	2000
234	11.45	2030	2110	0.00	205	0	0	0	nan	0.00	0.00	4.18	84.90	88.55	0.00	42	0	43	0.00	0.00	65.21	7.36	0.00	0.00	2000
228	11.11	2072	2084	0.00	208	0	0	0	nan	0.00	0.03	3.43	84.86	88.89	0.00	42	0	42	0.00	0.00	61.99	7.22	0.00	0.00	2000
234	11.01	2102	2119	0.00	209	0	0	0	nan	0.00	0.00	2.39	87.44	88.99	0.00	41	0	43	0.00	0.00	66.54	7.78	0.00	0.00	2000
229	10.92	2100	2098	0.00	203	0	0	0	nan	0.00	0.02	3.88	85.17	89.08	0.00	42	0	43	0.00	0.00	64.11	7.35	0.00	0.00	2000
228	10.83	2123	2084	0.00	207	0	0	0	nan	0.00	0.01	3.39	85.14	89.17	0.00	41	0	42	0.00	0.00	65.99	7.69	0.00	0.00	2000
229	11.07	2058	2108	0.00	219	0	0	0	nan	0.00	0.02	3.06	86.30	88.93	0.00	41	0	43	0.00	0.00	64.04	7.62	0.00	0.00	2000
232	10.75	2168	2095	0.00	189	0	0	0	nan	0.00	0.02	3.58	85.46	89.25	0.00	42	0	43	0.00	0.00	65.81	7.59	0.00	0.00	2000
232	10.77	2138	2118	0.00	215	0	0	0	nan	0.00	0.03	3.43	86.53	89.23	0.00	42	0	43	0.00	0.00	64.19	7.38	0.00	0.00	2000
225	10.96	2088	2065	0.00	206	0	0	0	nan	0.00	0.00	3.24	84.35	89.04	0.00	42	0	43	0.00	0.00	66.77	7.45	0.00	0.00	2000
236	10.91	2120	2140	0.74	203	0	0	6	44.08	0.00	0.03	2.78	88.01	89.09	0.00	42	0	43	0.00	0.00	65.92	7.85	0.00	0.00	2000
230	10.97	2099	2097	0.17	204	0	0	0	nan	0.00	0.00	4.37	84.67	89.03	0.00	41	0	43	0.00	0.00	62.58	7.42	0.00	0.00	2000
229	10.80	2123	2098	0.00	203	0	0	0	nan	0.00	0.01	3.20	85.75	89.20	0.00	41	0	43	0.00	0.00	65.63	7.70	0.00	0.00	2000
231	10.82	2137	2095	0.00	214	0	0	0	nan	0.00	0.00	3.88	85.08	89.18	0.00	42	0	43	0.00	0.00	65.24	7.61	0.00	0.00	2000
229	11.09	2072	2090	0.00	208	0	0	0	nan	0.00	0.00	4.49	84.09	88.91	0.00	42	0	43	0.00	0.00	63.06	7.24	0.00	0.00	2000
228	10.89	2094	2104	0.00	201	0	0	0	nan	0.00	0.00	3.85	85.47	89.11	0.00	42	0	43	0.00	0.00	67.11	7.79	0.00	0.00	2000
225	10.95	2073	2084	0.00	202	0	0	0	nan	0.00	0.00	2.88	85.56	89.05	0.00	42	0	43	0.00	0.00	64.20	7.67	0.00	0.00	2000
231	10.74	2137	2111	0.00	203	0	0	0	nan	0.00	0.00	2.77	86.99	89.26	0.00	42	0	43	0.00	0.00	61.96	7.41	0.00	0.00	2000
230	10.86	2119	2097	0.00	213	0	0	0	nan	0.00	0.00	2.89	86.18	89.14	0.00	42	0	43	0.00	0.00	67.54	8.12	0.00	0.00	2000
229	10.57	2183	2088	0.00	207	0	0	0	nan	0.00	0.00	3.71	85.18	89.43	0.00	42	0	43	0.00	0.00	61.78	7.36	0.00	0.00	2000
229	11.04	2061	2117	0.00	204	0	0	0	nan	0.00	0.00	2.51	87.23	88.96	0.00	42	0	42	0.00	0.00	65.93	7.74	0.00	0.00	2000
249	11.71	2115	2112	0.00	208	0	0	0	nan	0.00	0.00	4.01	84.79	88.29	0.00	42	0	43	0.00	0.00	66.26	7.82	0.00	0.00	2000
230	10.99	2088	2104	0.00	205	0	0	0	nan	0.00	0.01	3.52	85.74	89.01	0.00	42	0	42	0.00	0.00	65.81	7.79	0.00	0.00	2000
232	11.01	2102	2105	0.00	206	0	0	0	nan	0.00	0.02	3.84	85.35	88.99	0.00	42	0	43	0.00	0.00	65.67	7.78	0.00	0.00	2000
225	11.05	2063	2073	0.00	211	0	0	0	nan	0.00	0.01	4.37	83.60	88.95	0.00	42	0	43	0.00	0.00	61.16	7.15	0.00	0.00	2000
232	10.90	2115	2116	0.00	222	0	0	0	nan	0.00	0.00	3.09	86.67	89.10	0.00	42	0	43	0.00	0.00	67.91	7.85	0.00	0.00	2000
229	10.96	2098	2094	0.00	189	0	0	0	nan	0.00	0.00	3.69	85.14	89.04	0.00	42	0	43	0.00	0.00	62.94	7.38	0.00	0.00	2000
231	11.05	2082	2108	0.54	204	0	0	6	51.49	0.00	0.00	3.37	86.08	88.95	0.00	41	0	43	0.00	0.00	65.74	7.77	0.00	0.00	2000
230	11.07	2078	2104	0.38	206	0	0	2	75.27	0.00	0.00	3.18	85.90	88.93	0.00	42	0	43	0.00	0.00	65.75	7.54	0.00	0.00	2000
232	10.98	2120	2090	0.00	214	0	0	0	nan	0.00	0.01	3.68	84.94	89.02	0.00	42	0	43	0.00	0.00	63.54	7.33	0.00	0.00	2000
228	10.97	2084	2099	0.00	205	0	0	0	nan	0.00	0.00	4.87	84.19	89.03	0.00	42	0	42	0.00	0.00	65.18	7.55	0.00	0.00	2000
229	10.87	2109	2098	0.00	203	0	0	0	nan	0.00	0.00	4.13	85.04	89.13	0.00	42	0	42	0.00	0.00	64.77	7.46	0.00	0.00	2000
229	10.99	2071	2116	0.00	205	0	0	0	nan	0.00	0.00	4.70	85.06	89.01	0.00	42	0	42	0.00	0.00	64.93	7.66	0.00	0.00	2000
230	11.13	2070	2097	0.00	204	0	0	0	nan	0.00	0.00	4.72	84.13	88.87	0.00	42	0	42	0.00	0.00	67.21	7.78	0.00	0.00	2000
228	11.11	2069	2082	0.00	216	0	0	0	nan	0.01	0.00	3.75	84.41	88.89	0.00	41	0	43	0.00	0.00	62.82	7.38	0.00	0.00	2000
229	11.10	2065	2100	0.00	203	0	0	0	nan	0.00	0.00	3.90	85.08	88.90	0.00	42	0	43	0.00	0.00	64.86	7.65	0.00	0.00	2000
228	11.42	1991	2109	0.00	204	0	0	0	nan	0.00	0.00	4.59	84.46	88.58	0.00	42	0	42	0.00	0.00	64.53	7.51	0.00	0.00	2000
231	11.34	2033	2103	0.00	203	0	0	0	nan	0.00	0.02	4.18	84.69	88.66	0.00	42	0	43	0.00	0.00	65.19	7.53	0.00	0.00	2000
227	11.15	2041	2091	0.00	206	0	0	0	nan	0.00	0.02	4.49	84.10	88.85	0.00	42	0	42	0.00	0.00	64.75	7.43	0.00	0.00	2000
236	10.93	2136	2118	0.00	203	0	0	0	nan	0.00	0.00	4.67	85.13	89.07	0.00	42	0	43	0.00	0.00	66.48	7.72	0.00	0.00	2000
227	10.91	2092	2088	0.00	214	0	0	0	nan	0.00	0.00	3.17	85.51	89.09	0.00	42	0	43	0.00	0.00	62.02	7.22	0.00	0.00	2000
230	10.85	2111	2104	0.00	205	0	0	0	nan	0.00	0.00	3.78	85.63	89.15	0.00	41	0	43	0.00	0.00	64.91	7.48	0.00	0.00	2000
227	10.58	2154	2087	0.00	208	0	0	0	nan	0.00	0.00	3.74	85.05	89.42	0.00	42	0	43	0.00	0.00	65.78	7.72	0.00	0.00	2000
231	10.97	2097	2113	0.00	219	0	0	0	nan	0.00	0.00	3.38	86.23	89.03	0.00	42	0	43	0.00	0.00	67.01	7.88	0.00	0.00	2000
230	10.72	2147	2095	0.34	215	0	0	5	52.91	0.00	0.00	3.66	85.50	89.28	0.00	42	0	42	0.00	0.00	62.11	7.34	0.00	0.00	2000
231	11.02	2096	2105	0.52	202	0	0	3	66.85	0.00	0.00	3.94	85.37	88.98	0.00	41	0	43	0.00	0.00	64.78	7.65	0.00	0.00	2000
229	11.06	2069	2099	0.00	205	0	0	0	nan	0.00	0.01	3.79	85.16	88.94	0.00	42	0	43	0.00	0.00	65.64	7.61	0.00	0.00	2000
228	11.11	2057	2092	0.00	206	0	0	0	nan	0.00	0.02	3.69	84.94	88.89	0.00	42	0	43	0.00	0.00	63.63	7.49	0.00	0.00	2000
230	11.03	2080	2109	0.00	205	0	0	0	nan	0.00	0.00	3.95	85.47	88.97	0.00	41	0	43	0.00	0.00	68.82	7.56	0.00	0.00	2000
230	10.75	2149	2088	0.00	205	0	0	0	nan	0.00	0.00	4.38	84.31	89.25	0.00	41	0	42	0.00	0.00	61.32	7.47	0.00	0.00	2000
228	11.27	2009	2109	0.00	211	0	0	0	nan	0.00	0.03	3.99	85.17	88.73	0.00	41	0	42	0.00	0.00	66.68	7.87	0.00	0.00	2000
229	10.62	2169	2089	0.00	205	0	0	0	nan	0.00	0.00	3.71	85.17	89.38	0.00	42	0	43	0.00	0.00	65.76	7.73	0.00	0.00	2000
226	10.82	2099	2089	0.00	200	0	0	0	nan	0.01	0.01	2.45	86.22	89.18	0.00	42	0	42	0.00	0.00	64.36	7.20	0.00	0.00	2000
234	10.86	2132	2124	0.00	221	0	0	0	nan	0.00	0.04	2.85	87.30	89.14	0.00	42	0	43	0.00	0.00	64.46	7.55	0.00	0.00	2000
233	10.96	2115	2110	0.00	201	0	0	0	nan	0.00	0.02	4.19	85.32	89.04	0.00	42	0	43	0.00	0.00	64.59	7.27	0.00	0.00	2000
231	10.78	2142	2103	0.00	203	0	0	0	nan	0.00	0.01	3.56	85.81	89.22	0.00	42	0	43	0.00	0.00	66.34	7.52	0.00	0.00	2000
226	10.93	2082	2086	0.00	211	0	0	0	nan	0.00	0.02	4.29	84.26	89.07	0.00	42	0	42	0.00	0.00	65.33	7.54	0.00	0.00	2000
231	10.73	2145	2107	0.00	211	0	0	0	nan	0.00	0.00	4.59	84.99	89.27	0.00	41	0	42	0.00	0.00	65.46	7.66	0.00	0.00	2000
227	11.00	2059	2106	0.00	206	0	0	0	nan	0.00	0.00	3.15	86.17	89.00	0.00	42	0	43	0.00	0.00	64.45	7.43	0.00	0.00	2000
227	10.89	2100	2086	0.00	246	0	0	0	nan	0.00	0.00	3.59	85.01	89.11	0.00	42	0	43	0.00	0.00	63.55	7.37	0.00	0.00	2000
227	10.79	2106	2097	0.00	202	0	0	0	nan	0.00	0.01	2.90	86.20	89.21	0.00	41	0	42	0.00	0.00	65.90	7.63	0.00	0.00	2000
232	10.99	2090	2118	0.46	203	0	0	5	52.13	0.00	0.00	2.83	86.97	89.01	0.00	42	0	43	0.00	0.00	63.04	7.30	0.00	0.00	2000
227	10.83	2113	2084	0.49	208	0	0	3	68.76	0.00	0.00	4.98	83.60	89.17	0.00	42	0	42	0.00	0.00	66.13	7.74	0.00	0.00	2000
233	11.19	2069	2111	0.00	209	0	0	0	nan	0.00	0.02	3.48	85.77	88.81	0.00	42	0	43	0.00	0.00	65.26	7.56	0.00	0.00	2000
230	10.65	2168	2093	0.00	214	0	0	0	nan	0.00	0.00	3.33	85.70	89.35	0.00	41	0	42	0.00	0.00	63.65	7.45	0.00	0.00	2000
228	10.92	2096	2093	0.00	203	0	0	0	nan	0.00	0.02	3.22	85.71	89.08	0.00	42	0	43	0.00	0.00	64.87	7.59	0.00	0.00	2000
231	10.96	2101	2107	0.00	206	0	0	0	nan	0.00	0.00	3.88	85.51	89.04	0.00	42	0	42	0.00	0.00	62.00	7.60	0.00	0.00	2000
229	10.78	2124	2100	0.00	204	0	0	0	nan	0.00	0.00	3.45	85.83	89.22	0.00	42	0	42	0.00	0.00	67.56	7.34	0.00	0.00	2000
229	10.79	2113	2105	0.00	188	0	0	0	nan	0.01	0.00	3.31	86.20	89.21	0.00	42	0	42	0.00	0.00	63.25	7.78	0.00	0.00	2000
233	11.05	2101	2108	0.00	203	0	0	0	nan	0.00	0.00	3.35	86.08	88.95	0.00	41	0	43	0.00	0.00	67.40	7.44	0.00	0.00	2000
226	10.95	2073	2091	0.00	215	0	0	0	nan	0.00	0.00	3.63	85.05	89.05	0.00	42	0	42	0.00	0.00	65.54	7.73	0.00	0.00	2000
230	11.24	2039	2104	0.00	204	0	0	0	nan	0.00	0.00	2.94	86.09	88.76	0.00	42	0	43	0.00	0.00	64.81	7.54	0.00	0.00	2000
225	11.00	2066	2083	0.00	202	0	0	0	nan	0.00	0.00	3.34	85.03	89.00	0.00	42	0	43	0.00	0.00	62.33	7.12	0.00	0.00	2000
231	11.02	2083	2114	0.00	203	0	0	0	nan	0.00	0.00	4.20	85.42	88.98	0.00	42	0	42	0.00	0.00	65.51	7.62	0.00	0.00	2000
227	10.86	2097	2098	0.00	203	0	0	0	nan	0.00	0.00	4.12	84.96	89.14	0.00	42	0	43	0.00	0.00	66.08	7.70	0.00	0.00	2000
229	11.05	2088	2088	0.00	198	0	0	0	nan	0.00	0.02	3.01	85.58	88.95	0.00	42	0	42	0.00	0.00	65.10	7.48	0.00	0.00	2000
228	10.63	2147	2099	0.00	203	0	0	0	nan	0.00	0.00	3.43	85.82	89.37	0.00	42	0	43	0.00	0.00	63.03	7.22	0.00	0.00	2000
229	10.92	2093	2101	0.00	204	0	0	0	nan	0.00	0.00	2.72	86.47	89.08	0.00	42	0	43	0.00	0.00	65.05	7.65	0.00	0.00	2000
228	10.79	2108	2107	0.00	202	0	0	2	61.43	0.00	0.00	2.57	87.10	89.21	0.00	42	0	43	0.00	0.00	64.64	7.59	0.00	0.00	2000
231	11.15	2061	2109	0.81	206	0	0	6	59.19	0.00	0.00	3.81	85.56	88.85	0.00	42	0	43	0.00	0.00	66.47	7.62	0.00	0.00	2000
230	11.26	2041	2099	0.00	203	0	0	0	nan	0.00	0.00	3.59	85.16	88.74	0.00	42	0	43	0.00	0.00	63.08	7.55	0.00	0.00	2000
228	10.76	2128	2092	0.00	213	0	0	0	nan	0.00	0.03	3.54	85.49	89.24	0.00	42	0	42	0.00	0.00	64.97	7.61	0.00	0.00	2000
230	10.66	2162	2093	0.00	206	0	0	0	nan	0.00	0.00	4.36	84.72	89.34	0.00	42	0	43	0.00	0.00	66.03	7.47	0.00	0.00	2000
229	11.34	2011	2108	0.00	205	0	0	0	nan	0.00	0.00	4.66	84.47	88.66	0.00	42	0	43	0.00	0.00	64.03	7.59	0.00	0.00	2000
230	11.16	2057	2105	0.00	203	0	0	0	nan	0.00	0.00	4.04	85.17	88.84	0.00	42	0	42	0.00	0.00	65.41	7.64	0.00	0.00	2000
229	10.97	2091	2097	0.00	203	0	0	0	nan	0.00	0.01	3.30	85.69	89.03	0.00	42	0	43	0.00	0.00	64.89	7.58	0.00	0.00	2000
229	11.05	2083	2091	0.00	198	0	0	0	nan	0.00	0.01	3.71	84.87	88.95	0.00	41	0	43	0.00	0.00	63.04	7.37	0.00	0.00	2000
230	10.86	2113	2107	0.00	219	0	0	0	nan	0.00	0.02	3.60	85.92	89.14	0.00	42	0	43	0.00	0.00	67.33	7.67	0.00	0.00	2000
226	10.83	2102	2089	0.00	187	0	0	0	nan	0.00	0.00	2.82	85.95	89.17	0.00	42	0	43	0.00	0.00	62.58	7.26	0.00	0.00	2000
232	10.94	2110	2111	0.00	203	0	0	0	nan	0.00	0.01	3.54	86.06	89.06	0.00	42	0	43	0.00	0.00	63.14	7.66	0.00	0.00	2000
225	10.94	2074	2081	0.00	205	0	0	0	nan	0.01	0.00	2.84	85.47	89.06	0.00	41	0	43	0.00	0.00	66.88	7.45	0.00	0.00	2000
233	11.16	2076	2111	0.00	216	0	0	0	nan	0.00	0.02	3.56	85.87	88.84	0.00	41	0	42	0.00	0.00	64.38	7.64	0.00	0.00	2000
229	10.65	2145	2106	0.00	204	0	0	0	nan	0.00	0.00	2.89	86.83	89.35	0.00	42	0	42	0.00	0.00	65.74	7.46	0.00	0.00	2000
226	10.74	2124	2076	0.00	204	0	0	0	nan	0.00	0.00	3.37	84.92	89.26	0.00	42	0	42	0.00	0.00	64.50	7.56	0.00	0.00	2000
229	11.01	2075	2107	0.00	203	0	0	0	nan	0.00	0.02	2.53	86.75	88.99	0.00	41	0	43	0.00	0.00	64.70	7.55	0.00	0.00	2000
232	10.58	2170	2118	0.00	204	0	0	0	nan	0.00	0.00	3.39	86.81	89.42	0.00	42	0	43	0.00	0.00	65.21	7.65	0.00	0.00	2000
228	11.09	2075	2086	0.86	203	0	0	6	46.90	0.00	0.01	3.24	85.14	88.91	0.00	42	0	43	0.00	0.00	63.44	7.38	0.00	0.00	2000
229	10.88	2097	2106	0.04	228	0	0	0	nan	0.00	0.01	3.32	86.10	89.12	0.00	42	0	43	0.00	0.00	65.80	7.68	0.00	0.00	2000
227	10.64	2135	2102	0.00	203	0	0	0	nan	0.00	0.02	3.35	86.09	89.36	0.00	42	0	43	0.00	0.00	62.69	7.59	0.00	0.00	2000
228	10.63	2159	2089	0.00	203	0	0	0	nan	0.00	0.02	2.66	86.23	89.37	0.00	42	0	43	0.00	0.00	64.90	7.27	0.00	0.00	2000
231	11.15	2052	2123	0.00	204	0	0	0	nan	0.00	0.00	2.21	87.70	88.85	0.00	42	0	43	0.00	0.00	65.62	7.62	0.00	0.00	2000
238	11.29	2120	2089	0.00	229	0	0	0	nan	0.00	0.00	5.95	82.22	88.71	0.00	42	0	43	0.00	0.00	66.49	7.48	0.00	0.00	2000
229	10.99	2079	2108	0.00	203	0	0	0	nan	0.00	0.00	2.83	86.58	89.01	0.00	42	0	43	0.00	0.00	65.54	7.66	0.00	0.00	2000
231	10.81	2137	2102	0.00	205	0	0	0	nan	0.00	0.02	4.07	85.33	89.19	0.00	41	0	43	0.00	0.00	63.66	7.42	0.00	0.00	2000
225	10.89	2085	2085	0.00	205	0	0	0	nan	0.00	0.00	3.39	85.15	89.11	0.00	42	0	42	0.00	0.00	64.28	7.34	0.00	0.00	2000
230	10.74	2135	2103	0.00	205	0	0	0	nan	0.00	0.03	4.31	85.04	89.26	0.00	41	0	43	0.00	0.00	64.85	7.52	0.00	0.00	2000
238	11.03	2140	2119	0.00	203	0	0	0	nan	0.00	0.02	4.10	85.65	88.97	0.00	42	0	43	0.00	0.00	67.94	7.82	0.00	0.00	2000
229	10.79	2129	2092	0.00	214	0	0	0	nan	0.00	0.00	3.42	85.49	89.21	0.00	42	0	43	0.00	0.00	63.35	7.29	0.00	0.00	2000
231	10.45	2203	2106	0.00	204	0	0	0	nan	0.00	0.05	2.71	87.03	89.55	0.00	42	0	43	0.00	0.00	64.20	7.66	0.00	0.00	2000
229	10.91	2109	2090	0.00	190	0	0	0	nan	0.00	0.00	3.30	85.45	89.09	0.00	42	0	43	0.00	0.00	66.56	7.64	0.00	0.00	2000
229	10.82	2116	2104	0.00	203	0	0	0	nan	0.00	0.00	3.20	86.13	89.18	0.00	41	0	43	0.00	0.00	63.82	7.49	0.00	0.00	2000
225	10.67	2136	2069	0.00	203	0	0	0	nan	0.00	0.02	2.85	85.04	89.33	0.00	42	0	43	0.00	0.00	62.98	7.49	0.00	0.00	2000
235	11.24	2055	2141	0.00	213	0	0	0	nan	0.00	0.00	2.48	87.97	88.76	0.00	41	0	42	0.00	0.00	69.21	7.97	0.00	0.00	2000
223	10.71	2122	2064	0.77	203	0	0	6	45.19	0.00	0.00	3.10	84.63	89.29	0.00	42	0	43	0.00	0.00	61.14	7.10	0.00	0.00	2000
229	10.89	2109	2096	0.16	204	0	0	0	nan	0.00	0.03	2.03	86.94	89.11	0.00	42	0	42	0.00	0.00	64.59	7.59	0.00	0.00	2000
234	10.96	2107	2125	0.00	203	0	0	0	nan	0.00	0.02	2.64	87.54	89.04	0.00	42	0	43	0.00	0.00	68.40	8.04	0.00	0.00	2000
229	10.97	2080	2108	0.00	205	0	0	0	nan	0.00	0.00	3.46	86.06	89.03	0.00	41	0	43	0.00	0.00	62.44	7.30	0.00	0.00	2000
229	10.93	2111	2081	0.00	203	0	0	0	nan	0.00	0.00	3.27	85.05	89.07	0.00	42	0	43	0.00	0.00	63.96	7.76	0.00	0.00	2000
226	10.60	2146	2086	0.00	214	0	0	0	nan	0.00	0.00	3.19	85.66	89.40	0.00	42	0	43	0.00	0.00	64.72	7.20	0.00	0.00	2000
232	10.86	2108	2123	0.00	202	0	0	0	nan	0.01	0.00	3.01	87.07	89.14	0.00	42	0	43	0.00	0.00	66.07	7.53	0.00	0.00	2000
231	11.06	2075	2116	0.00	202	0	0	0	nan	0.00	0.01	2.20	87.57	88.94	0.00	42	0	43	0.00	0.00	65.79	7.63	0.00	0.00	2000
226	11.02	2065	2083	0.00	204	0	0	0	nan	0.00	0.02	3.18	85.18	88.98	0.00	42	0	42	0.00	0.00	63.01	7.32	0.00	0.00	2000
232	11.38	2028	2115	0.00	203	0	0	0	nan	0.00	0.00	2.93	86.36	88.62	0.00	42	0	43	0.00	0.00	66.64	7.65	0.00	0.00	2000
229	11.11	2076	2088	0.00	217	0	0	0	nan	0.00	0.00	4.67	83.89	88.89	0.00	42	0	43	0.00	0.00	63.42	7.26	0.00	0.00	2000
228	11.14	2044	2106	0.00	204	0	0	0	nan	0.00	0.00	3.47	85.68	88.86	0.00	42	0	43	0.00	0.00	67.47	7.90	0.00	0.00	2000
229	10.72	2137	2100	0.00	204	0	0	0	nan	0.00	0.02	3.35	85.88	89.28	0.00	42	0	43	0.00	0.00	63.65	7.36	0.00	0.00	2000
225	10.72	2111	2086	0.00	203	0	0	0	nan	0.00	0.00	3.82	84.97	89.28	0.00	41	0	43	0.00	0.00	64.03	7.58	0.00	0.00	2000
232	11.08	2084	2112	0.00	217	0	0	0	nan	0.00	0.00	3.25	86.27	88.92	0.00	42	0	43	0.00	0.00	64.07	7.50	0.00	0.00	2000
230	10.90	2098	2113	0.00	197	0	0	0	nan	0.00	0.02	3.21	86.47	89.10	0.00	42	0	43	0.00	0.00	67.18	7.71	0.00	0.00	2000
227	10.80	2117	2085	0.00	204	0	0	0	nan	0.00	0.00	4.14	84.51	89.20	0.00	42	0	42	0.00	0.00	63.64	7.53	0.00	0.00	2000
228	10.64	2135	2105	0.67	203	0	0	9	31.73	0.00	0.00	2.79	86.69	89.36	0.00	42	0	43	0.00	0.00	65.61	7.72	0.00	0.00	2000
229	11.04	2071	2098	0.50	203	0	0	3	59.79	0.00	0.00	3.70	85.15	88.96	0.00	42	0	43	0.00	0.00	65.90	7.79	0.00	0.00	2000
227	10.92	2086	2098	0.00	204	0	0	0	nan	0.00	0.00	3.62	85.40	89.08	0.00	42	0	43	0.00	0.00	65.44	7.52	0.00	0.00	2000
263	12.42	2129	2085	0.00	213	0	0	0	nan	0.00	0.00	4.18	82.85	87.58	0.00	42	0	43	0.00	0.00	63.66	7.57	0.00	0.00	2000
229	10.84	2100	2114	0.00	219	0	0	0	nan	0.00	0.02	3.88	85.89	89.16	0.00	42	0	43	0.00	0.00	67.49	7.98	0.00	0.00	2000
231	10.89	2113	2106	0.00	184	0	0	0	nan	0.00	0.02	3.22	86.20	89.11	0.00	42	0	42	0.00	0.00	63.47	7.49	0.00	0.00	2000
227	10.77	2111	2096	0.00	203	0	0	0	nan	0.00	0.00	3.06	85.95	89.23	0.00	42	0	43	0.00	0.00	64.80	7.69	0.00	0.00	2000
229	10.95	2092	2099	0.00	220	0	0	0	nan	0.00	0.01	3.63	85.46	89.05	0.00	42	0	43	0.00	0.00	67.07	7.99	0.00	0.00	2000
229	11.00	2087	2091	0.00	197	0	0	0	nan	0.00	0.02	3.95	84.81	89.00	0.00	42	0	43	0.00	0.00	62.72	7.42	0.00	0.00	2000
233	10.99	2096	2123	0.00	203	0	0	0	nan	0.00	0.02	3.22	86.86	89.01	0.00	42	0	43	0.00	0.00	66.58	7.90	0.00	0.00	2000
227	10.97	2077	2096	0.00	203	0	0	0	nan	0.00	0.00	3.56	85.44	89.03	0.00	42	0	43	0.00	0.00	62.93	7.47	0.00	0.00	2000
230	11.35	2023	2106	0.00	204	0	0	0	nan	0.00	0.00	3.11	85.72	88.65	0.00	42	0	43	0.00	0.00	64.78	7.61	0.00	0.00	2000
224	10.49	2159	2080	0.00	203	0	0	0	nan	0.00	0.00	3.49	85.26	89.51	0.00	42	0	43	0.00	0.00	65.53	7.80	0.00	0.00	2000
231	10.78	2141	2100	0.00	204	0	0	0	nan	0.00	0.00	3.31	85.98	89.22	0.00	42	0	42	0.00	0.00	65.80	7.38	0.00	0.00	2000
228	11.06	2071	2095	0.00	215	0	0	0	nan	0.00	0.00	3.59	85.16	88.94	0.00	42	0	43	0.00	0.00	63.98	7.87	0.00	0.00	2000
228	10.98	2076	2101	0.00	220	0	0	0	nan	0.00	0.00	4.05	85.10	89.02	0.00	42	0	43	0.00	0.00	63.60	7.73	0.00	0.00	2000
227	11.22	2021	2106	0.00	204	0	0	0	nan	0.00	0.03	4.39	84.79	88.78	0.00	42	0	42	0.00	0.00	64.85	7.68	0.00	0.00	2000
228	11.37	2000	2107	0.51	203	0	0	7	30.69	0.00	0.00	3.92	85.12	88.63	0.00	42	0	42	0.00	0.00	67.51	7.91	0.00	0.00	2000
230	11.34	2027	2099	0.62	213	0	0	4	49.54	0.00	0.00	3.87	84.88	88.66	0.00	42	0	43	0.00	0.00	64.87	7.87	0.00	0.00	2000
231	11.30	2040	2102	0.00	205	0	0	0	nan	0.00	0.00	3.44	85.37	88.70	0.00	42	0	43	0.00	0.00	65.22	7.62	0.00	0.00	2000
227	10.98	2074	2096	0.00	205	0	0	0	nan	0.00	0.02	3.57	85.30	89.02	0.00	42	0	43	0.00	0.00	65.67	7.69	0.00	0.00	2000
228	11.10	2050	2104	0.00	203	0	0	0	nan	0.00	0.00	3.87	85.27	88.90	0.00	42	0	43	0.00	0.00	64.32	7.82	0.00	0.00	2000
223	10.57	2140	2074	0.00	203	0	0	0	nan	0.00	0.00	3.43	84.93	89.43	0.00	42	0	43	0.00	0.00	63.94	7.59	0.00	0.00	2000
233	11.16	2067	2125	0.00	229	0	0	0	nan	0.00	0.00	4.08	85.96	88.84	0.00	42	0	42	0.00	0.00	64.56	7.74	0.00	0.00	2000
228	10.68	2139	2093	0.00	188	0	0	0	nan	0.00	0.02	3.33	85.74	89.32	0.00	42	0	43	0.00	0.00	65.84	7.99	0.00	0.00	2000
230	11.02	2078	2110	0.00	219	0	0	0	nan	0.00	0.00	3.18	86.23	88.98	0.00	42	0	42	0.00	0.00	64.14	7.69	0.00	0.00	2000
226	10.71	2127	2086	0.00	187	0	0	0	nan	0.00	0.00	3.00	85.80	89.29	0.00	42	0	43	0.00	0.00	66.12	7.83	0.00	0.00	2000
230	10.93	2105	2097	0.00	203	0	0	0	nan	0.00	0.02	3.14	85.84	89.07	0.00	42	0	43	0.00	0.00	65.17	7.48	0.00	0.00	2000
228	10.66	2145	2095	0.00	220	0	0	0	nan	0.00	0.00	3.51	85.62	89.34	0.00	42	0	42	0.00	0.00	62.77	7.69	0.00	0.00	2000
230	11.39	2001	2118	0.00	212	0	0	0	nan	0.00	0.00	3.98	85.47	88.61	0.00	42	0	43	0.00	0.00	67.27	7.93	0.00	0.00	2000
229	11.18	2043	2109	0.00	203	0	0	0	nan	0.00	0.01	2.52	86.73	88.83	0.00	42	0	42	0.00	0.00	65.87	7.88	0.00	0.00	2000
223	10.91	2078	2068	0.00	203	0	0	0	nan	0.00	0.02	3.81	83.99	89.09	0.00	42	0	43	0.00	0.00	61.42	7.39	0.00	0.00	2000
230	11.41	1993	2125	0.00	205	0	0	0	nan	0.00	0.00	4.30	85.37	88.59	0.00	42	0	43	0.00	0.00	68.32	8.08	0.00	0.00	2000
230	10.93	2109	2096	0.00	203	0	0	0	nan	0.00	0.00	3.30	85.62	89.07	0.00	41	0	43	0.00	0.00	62.24	7.36	0.00	0.00	2000
228	10.82	2106	2103	0.37	215	0	0	7	33.68	0.00	0.01	3.59	85.79	89.18	0.00	42	0	43	0.00	0.00	65.59	7.68	0.00	0.00	2000
228	10.73	2148	2081	0.69	204	0	0	5	48.57	0.00	0.02	3.39	85.03	89.27	0.00	42	0	43	0.00	0.00	64.69	7.64	0.00	0.00	2000
230	10.72	2132	2116	0.00	220	0	0	0	nan	0.00	0.02	2.63	87.28	89.28	0.00	42	0	43	0.00	0.00	66.74	7.95	0.00	0.00	2000
230	10.73	2142	2107	0.00	203	0	0	0	nan	0.00	0.02	3.54	86.03	89.27	0.00	42	0	43	0.00	0.00	64.44	7.67	0.00	0.00	2000
227	11.33	2015	2085	0.00	213	0	0	0	nan	0.00	0.01	4.25	83.90	88.67	0.00	41	0	43	0.00	0.00	63.87	7.63	0.00	0.00	2000
230	11.27	2027	2114	0.00	202	0	0	0	nan	0.00	0.00	4.27	85.12	88.73	0.00	42	0	43	0.00	0.00	64.73	7.56	0.00	0.00	2000
228	11.29	2020	2103	0.00	205	0	0	0	nan	0.00	0.00	4.03	84.95	88.71	0.00	42	0	43	0.00	0.00	64.68	7.49	0.00	0.00	2000
225	10.85	2101	2069	0.00	202	0	0	0	nan	0.00	0.02	3.60	84.29	89.15	0.00	42	0	43	0.00	0.00	64.97	7.65	0.00	0.00	2000
231	10.92	2092	2122	0.00	203	0	0	0	nan	0.00	0.00	4.09	85.97	89.08	0.00	42	0	43	0.00	0.00	65.66	7.75	0.00	0.00	2000
234	11.24	2071	2114	0.00	204	0	0	0	nan	0.00	0.00	4.68	84.83	88.76	0.00	42	0	43	0.00	0.00	65.99	7.98	0.00	0.00	2000
227	10.74	2109	2102	0.00	213	0	0	0	nan	0.00	0.00	3.76	85.61	89.26	0.00	42	0	43	0.00	0.00	64.74	7.67	0.00	0.00	2000
228	10.68	2142	2090	0.00	204	0	0	0	nan	0.00	0.00	3.47	85.41	89.32	0.00	42	0	42	0.00	0.00	66.22	7.79	0.00	0.00	2000
227	10.68	2136	2092	0.00	206	0	0	0	nan	0.00	0.00	2.67	86.26	89.32	0.00	42	0	43	0.00	0.00	62.55	7.48	0.00	0.00	2000
230	11.03	2073	2109	0.00	203	0	0	0	nan	0.00	0.02	3.13	86.24	88.97	0.00	42	0	43	0.00	0.00	65.12	7.70	0.00	0.00	2000
229	11.18	2050	2100	0.00	204	0	0	0	nan	0.00	0.02	4.19	84.66	88.82	0.00	42	0	43	0.00	0.00	64.97	7.68	0.00	0.00	2000
228	10.86	2105	2096	0.00	215	0	0	0	nan	0.00	0.00	4.14	84.88	89.14	0.00	42	0	43	0.00	0.00	64.97	7.58	0.00	0.00	2000
227	10.81	2101	2103	0.00	202	0	0	0	nan	0.00	0.02	3.66	85.60	89.20	0.00	42	0	43	0.00	0.00	64.56	7.61	0.00	0.00	2000
229	10.67	2152	2099	0.17	203	0	0	5	39.83	0.00	0.00	3.42	85.95	89.34	0.00	42	0	43	0.00	0.00	63.38	7.62	0.00	0.00	2000
229	10.87	2104	2102	0.87	203	0	0	7	38.70	0.00	0.00	3.95	85.39	89.13	0.00	42	0	43	0.00	0.00	62.66	7.71	0.00	0.00	2000
230	10.88	2110	2101	0.00	203	0	0	0	nan	0.00	0.00	3.95	85.23	89.12	0.00	42	0	43	0.00	0.00	67.99	7.55	0.00	0.00	2000
228	11.18	2051	2084	0.00	217	0	0	0	nan	0.00	0.02	4.19	84.04	88.82	0.00	42	0	43	0.00	0.00	66.10	7.83	0.00	0.00	2000
229	10.69	2137	2105	0.00	206	0	0	0	nan	0.00	0.00	3.32	86.24	89.31	0.00	42	0	43	0.00	0.00	65.32	7.75	0.00	0.00	2000
239	11.31	2094	2117	0.00	204	0	0	0	nan	0.00	0.02	3.39	85.95	88.69	0.00	42	0	42	0.00	0.00	64.24	7.58	0.00	0.00	2000
228	10.88	2103	2094	0.00	205	0	0	0	nan	0.00	0.00	3.40	85.59	89.12	0.00	42	0	43	0.00	0.00	66.09	7.86	0.00	0.00	2000
224	10.77	2111	2073	0.00	205	0	0	0	nan	0.00	0.02	3.91	84.27	89.23	0.00	42	0	43	0.00	0.00	63.07	7.50	0.00	0.00	2000
233	11.28	2051	2118	0.00	213	0	0	0	nan	0.00	0.02	4.53	85.02	88.72	0.00	42	0	43	0.00	0.00	64.69	7.65	0.00	0.00	2000
228	10.91	2088	2100	0.00	203	0	0	0	nan	0.00	0.02	3.57	85.57	89.09	0.00	42	0	43	0.00	0.00	65.20	7.68	0.00	0.00	2000
230	10.72	2140	2111	0.00	204	0	0	0	nan	0.00	0.00	4.76	85.00	89.28	0.00	42	0	43	0.00	0.00	65.10	7.79	0.00	0.00	2000
226	10.68	2131	2087	0.00	187	0	0	0	nan	0.01	0.01	3.19	85.69	89.32	0.00	41	0	43	0.00	0.00	66.51	7.84	0.00	0.00	2000
227	10.81	2106	2091	0.00	223	0	0	0	nan	0.00	0.00	3.51	85.34	89.19	0.00	42	0	43	0.00	0.00	63.89	7.64	0.00	0.00	2000
234	11.43	2018	2127	0.00	213	0	0	0	nan	0.00	0.00	2.48	87.36	88.57	0.00	42	0	43	0.00	0.00	65.41	7.85	0.00	0.00	2000
228	11.17	2048	2097	0.00	203	0	0	0	nan	0.00	0.00	2.96	85.79	88.83	0.00	42	0	43	0.00	0.00	65.56	7.77	0.00	0.00	2000
225	11.03	2057	2086	0.00	203	0	0	0	nan	0.00	0.00	3.54	84.91	88.97	0.00	41	0	43	0.00	0.00	62.93	7.34	0.00	0.00	2000
229	11.21	2043	2101	0.00	203	0	0	0	nan	0.00	0.00	4.20	84.75	88.79	0.00	42	0	43	0.00	0.00	65.19	7.71	0.00	0.00	2000
225	10.90	2078	2090	0.00	203	0	0	3	51.92	0.00	0.00	4.25	84.52	89.10	0.00	42	0	43	0.00	0.00	66.81	8.04	0.00	0.00	2000
236	11.40	2055	2116	0.98	241	0	0	10	40.15	0.00	0.02	3.37	86.03	88.60	0.00	42	0	43	0.00	0.00	63.82	7.52	0.00	0.00	2000
231	10.99	2087	2114	0.00	204	0	0	0	nan	0.00	0.00	2.70	86.98	89.01	0.00	42	0	42	0.00	0.00	67.62	8.11	0.00	0.00	2000
225	10.79	2117	2069	0.00	204	0	0	0	nan	0.00	0.00	3.69	84.23	89.21	0.00	41	0	43	0.00	0.00	62.01	7.36	0.00	0.00	2000
233	10.84	2118	2131	0.00	202	0	0	0	nan	0.00	0.00	2.24	88.23	89.16	0.00	42	0	43	0.00	0.00	66.81	7.94	0.00	0.00	2000
227	10.82	2114	2087	0.00	203	0	0	0	nan	0.00	0.03	3.19	85.52	89.18	0.00	42	0	43	0.00	0.00	62.31	7.44	0.00	0.00	2000
227	11.06	2076	2080	0.00	203	0	0	0	nan	0.01	0.04	3.67	84.41	88.94	0.00	42	0	43	0.00	0.00	66.99	7.94	0.00	0.00	2000
232	11.13	2067	2120	0.00	217	0	0	0	nan	0.00	0.01	4.48	85.30	88.87	0.00	41	0	43	0.00	0.00	66.34	7.43	0.00	0.00	2000
232	11.03	2090	2112	0.00	204	0	0	0	nan	0.00	0.00	4.07	85.54	88.97	0.00	42	0	43	0.00	0.00	63.46	7.88	0.00	0.00	2000
228	11.07	2067	2096	0.00	203	0	0	0	nan	0.00	0.00	2.82	86.03	88.93	0.00	41	0	42	0.00	0.00	65.36	7.73	0.00	0.00	2000
229	10.76	2128	2104	0.00	203	0	0	0	nan	0.00	0.00	2.94	86.49	89.24	0.00	42	0	43	0.00	0.00	64.48	7.59	0.00	0.00	2000
229	11.05	2082	2093	0.00	203	0	0	0	nan	0.00	0.00	3.22	85.40	88.95	0.00	41	0	42	0.00	0.00	64.24	7.49	0.00	0.00	2000
226	11.05	2061	2082	0.00	213	0	0	0	nan	0.00	0.02	3.48	84.83	88.95	0.00	42	0	43	0.00	0.00	65.73	7.77	0.00	0.00	2000
232	10.87	2115	2120	0.00	203	0	0	0	nan	0.00	0.00	4.49	85.54	89.13	0.00	42	0	43	0.00	0.00	65.48	7.69	0.00	0.00	2000
226	10.84	2088	2093	0.00	202	0	0	0	nan	0.00	0.00	2.98	85.92	89.16	0.00	42	0	43	0.00	0.00	63.11	7.52	0.00	0.00	2000
230	10.74	2134	2106	0.00	203	0	0	0	nan	0.00	0.00	3.20	86.39	89.26	0.00	42	0	43	0.00	0.00	65.38	7.82	0.00	0.00	2000
228	10.98	2100	2078	0.00	204	0	0	0	nan	0.00	0.05	3.35	84.79	89.02	0.00	42	0	42	0.00	0.00	64.46	7.73	0.00	0.00	2000
231	10.82	2122	2109	0.00	213	0	0	1	90.14	0.00	0.00	2.83	86.80	89.18	0.00	42	0	43	0.00	0.00	65.61	7.57	0.00	0.00	2000
231	11.06	2076	2109	1.12	205	0	0	11	30.34	0.00	0.02	2.34	87.09	88.94	0.00	42	0	43	0.00	0.00	65.96	8.00	0.00	0.00	2000
229	11.13	2053	2102	0.04	202	0	0	0	nan	0.00	0.01	2.32	86.77	88.87	0.00	42	0	43	0.00	0.00	64.57	7.65	0.00	0.00	2000
232	10.88	2118	2113	0.00	203	0	0	0	nan	0.00	0.02	3.63	86.06	89.12	0.00	41	0	43	0.00	0.00	65.80	7.74	0.00	0.00	2000
228	11.15	2049	2099	0.00	202	0	0	0	nan	0.00	0.03	3.42	85.49	88.85	0.00	42	0	43	0.00	0.00	65.20	7.71	0.00	0.00	2000
230	11.06	2083	2096	0.00	213	0	0	0	nan	0.00	0.00	3.79	84.99	88.94	0.00	42	0	43	0.00	0.00	63.10	7.53	0.00	0.00	2000
228	10.81	2116	2096	0.00	203	0	0	0	nan	0.00	0.02	3.10	85.99	89.19	0.00	42	0	42	0.00	0.00	66.35	7.92	0.00	0.00	2000
225	10.70	2116	2087	0.00	203	0	0	0	nan	0.00	0.00	3.76	84.96	89.30	0.00	42	0	43	0.00	0.00	63.69	7.70	0.00	0.00	2000
231	10.87	2121	2104	0.00	203	0	0	0	nan	0.00	0.00	3.35	86.05	89.13	0.00	42	0	43	0.00	0.00	64.73	7.86	0.00	0.00	2000
227	10.75	2113	2103	0.00	203	0	0	0	nan	0.00	0.01	3.30	86.09	89.25	0.00	42	0	43	0.00	0.00	66.01	7.74	0.00	0.00	2000
237	10.91	2153	2114	0.00	207	0	0	0	nan	0.00	0.02	3.91	85.67	89.09	0.00	42	0	43	0.00	0.00	64.24	7.61	0.00	0.00	2000
227	11.12	2047	2099	0.00	214	0	0	0	nan	0.00	0.01	2.96	86.00	88.88	0.00	42	0	43	0.00	0.00	64.78	7.81	0.00	0.00	2000
228	11.24	2031	2103	0.00	203	0	0	0	nan	0.00	0.00	2.83	86.14	88.76	0.00	41	0	43	0.00	0.00	66.47	7.80	0.00	0.00	2000
227	10.91	2084	2096	0.00	202	0	0	0	nan	0.00	0.01	3.81	85.23	89.09	0.00	42	0	42	0.00	0.00	63.77	7.67	0.00	0.00	2000
228	11.24	2032	2097	0.00	204	0	0	0	nan	0.00	0.00	3.21	85.58	88.76	0.00	42	0	43	0.00	0.00	65.10	7.79	0.00	0.00	2000
228	11.03	2070	2096	0.00	203	0	0	0	nan	0.00	0.00	2.79	86.00	88.97	0.00	41	0	43	0.00	0.00	65.79	7.80	0.00	0.00	2000
229	11.41	2002	2105	0.00	214	0	0	0	nan	0.00	0.00	3.50	85.46	88.59	0.00	42	0	43	0.00	0.00	64.52	7.63	0.00	0.00	2000
229	11.39	2007	2098	0.00	205	0	0	0	nan	0.00	0.00	3.51	85.14	88.61	0.00	42	0	43	0.00	0.00	65.25	7.82	0.00	0.00	2000
229	11.17	2047	2100	1.04	205	0	0	11	24.07	0.00	0.00	4.08	84.73	88.83	0.00	42	0	43	0.00	0.00	64.83	7.79	0.00	0.00	2000
227	11.11	2047	2099	0.11	204	0	0	0	nan	0.00	0.00	3.58	85.34	88.89	0.00	42	0	42	0.00	0.00	65.41	7.79	0.00	0.00	2000
229	11.11	2065	2097	0.00	203	0	0	0	nan	0.00	0.00	3.93	84.92	88.89	0.00	42	0	43	0.00	0.00	62.15	7.36	0.00	0.00	2000
230	10.78	2119	2111	0.00	215	0	0	0	nan	0.00	0.03	3.03	86.64	89.22	0.00	42	0	43	0.00	0.00	66.57	7.94	0.00	0.00	2000
227	10.83	2113	2087	0.00	204	0	0	0	nan	0.00	0.00	3.65	85.04	89.17	0.00	42	0	43	0.00	0.00	65.28	7.85	0.00	0.00	2000
229	11.07	2061	2109	0.00	203	0	0	0	nan	0.01	0.00	2.84	86.52	88.93	0.00	42	0	43	0.00	0.00	66.38	7.89	0.00	0.00	2000
228	11.00	2073	2100	0.00	202	0	0	0	nan	0.00	0.00	4.12	84.86	89.00	0.00	42	0	43	0.00	0.00	64.85	7.76	0.00	0.00	2000
230	11.08	2075	2102	0.00	203	0	0	0	nan	0.00	0.00	4.11	84.98	88.92	0.00	42	0	43	0.00	0.00	62.50	7.28	0.00	0.00	2000
227	10.74	2143	2070	0.00	188	0	0	0	nan	0.00	0.00	3.84	84.21	89.26	0.00	42	0	43	0.00	0.00	65.04	7.72	0.00	0.00	2000
231	11.10	2047	2134	0.00	228	0	0	0	nan	0.00	0.00	3.98	86.37	88.90	0.00	42	0	42	0.00	0.00	62.36	7.71	0.00	0.00	2000
228	10.79	2122	2092	0.00	203	0	0	0	nan	0.00	0.00	3.46	85.45	89.21	0.00	42	0	43	0.00	0.00	68.78	7.83	0.00	0.00	2000
229	10.72	2131	2104	0.00	203	0	0	0	nan	0.00	0.02	3.10	86.37	89.28	0.00	42	0	43	0.00	0.00	63.68	7.57	0.00	0.00	2000
229	10.88	2103	2098	0.00	203	0	0	0	nan	0.00	0.00	4.44	84.64	89.12	0.00	42	0	43	0.00	0.00	65.43	7.77	0.00	0.00	2000
232	11.13	2079	2105	0.00	207	0	0	0	nan	0.00	0.02	4.70	84.45	88.87	0.00	42	0	43	0.00	0.00	65.73	7.92	0.00	0.00	2000
226	10.71	2133	2079	0.00	197	0	0	0	nan	0.00	0.00	2.54	85.87	89.29	0.00	42	0	43	0.00	0.00	63.28	7.49	0.00	0.00	2000
230	10.84	2108	2112	0.00	205	0	0	0	nan	0.00	0.02	2.88	86.86	89.16	0.00	42	0	43	0.00	0.00	65.26	7.88	0.00	0.00	2000
230	10.81	2128	2099	0.00	204	0	0	0	nan	0.00	0.02	3.00	86.18	89.19	0.00	42	0	43	0.00	0.00	64.83	7.73	0.00	0.00	2000
228	11.03	2066	2101	0.69	204	0	0	9	31.30	0.00	0.00	4.03	85.11	88.97	0.00	42	0	43	0.00	0.00	66.55	8.09	0.00	0.00	2000
231	11.43	2015	2103	0.47	203	0	0	3	64.79	0.00	0.00	3.33	85.48	88.57	0.00	42	0	43	0.00	0.00	64.95	7.76	0.00	0.00	2000
231	11.21	2051	2108	0.00	211	0	0	0	nan	0.00	0.00	2.97	86.21	88.79	0.00	42	0	43	0.00	0.00	64.41	7.63	0.00	0.00	2000
224	10.89	2088	2067	0.00	203	0	0	0	nan	0.00	0.00	3.71	84.11	89.11	0.00	42	0	43	0.00	0.00	63.37	7.79	0.00	0.00	2000
227	10.89	2084	2098	0.00	204	0	0	0	nan	0.00	0.02	3.99	85.11	89.11	0.00	42	0	43	0.00	0.00	64.86	7.69	0.00	0.00	2000
230	11.02	2073	2112	0.00	202	0	0	0	nan	0.00	0.03	3.61	85.99	88.98	0.00	42	0	43	0.00	0.00	65.21	7.63	0.00	0.00	2000
229	10.79	2117	2105	0.00	203	0	0	0	nan	0.00	0.01	3.85	85.58	89.21	0.00	42	0	43	0.00	0.00	66.17	7.88	0.00	0.00	2000
236	11.09	2107	2118	0.00	213	0	0	0	nan	0.00	0.02	3.67	85.95	88.91	0.00	42	0	43	0.00	0.00	66.14	7.88	0.00	0.00	2000
224	10.84	2102	2069	0.00	204	0	0	0	nan	0.00	0.00	3.75	84.14	89.16	0.00	41	0	43	0.00	0.00	63.62	7.56	0.00	0.00	2000
230	11.01	2077	2115	0.00	219	0	0	0	nan	0.00	0.02	3.67	85.97	88.99	0.00	42	0	43	0.00	0.00	63.56	7.76	0.00	0.00	2000
228	11.22	2019	2110	0.00	204	0	0	0	nan	0.00	0.00	4.13	85.17	88.78	0.00	42	0	43	0.00	0.00	64.31	7.66	0.00	0.00	2000
229	10.94	2094	2100	0.00	203	0	0	0	nan	0.00	0.00	3.59	85.62	89.06	0.00	42	0	43	0.00	0.00	65.49	7.89	0.00	0.00	2000
226	10.87	2093	2083	0.00	213	0	0	0	nan	0.00	0.01	3.45	85.04	89.13	0.00	42	0	43	0.00	0.00	66.11	7.93	0.00	0.00	2000
230	11.00	2079	2113	0.00	219	0	0	0	nan	0.00	0.00	3.02	86.56	89.00	0.00	42	0	43	0.00	0.00	64.17	7.77	0.00	0.00	2000
226	10.71	2124	2088	0.00	186	0	0	0	nan	0.00	0.02	3.03	85.84	89.29	0.00	42	0	43	0.00	0.00	65.91	7.82	0.00	0.00	2000
231	10.91	2100	2114	0.00	219	0	0	0	nan	0.00	0.02	3.21	86.47	89.09	0.00	42	0	43	0.00	0.00	64.22	7.59	0.00	0.00	2000
228	10.82	2116	2094	0.00	191	0	0	0	nan	0.00	0.00	4.38	84.56	89.18	0.00	42	0	43	0.00	0.00	66.64	7.88	0.00	0.00	2000
233	11.30	2053	2112	0.58	213	0	0	8	31.23	0.00	0.00	3.65	85.63	88.70	0.00	42	0	43	0.00	0.00	65.59	7.77	0.00	0.00	2000
229	10.88	2105	2100	0.57	203	0	0	4	55.00	0.00	0.00	3.33	85.74	89.12	0.00	41	0	43	0.00	0.00	63.21	7.65	0.00	0.00	2000
227	10.89	2096	2091	0.00	203	0	0	0	nan	0.00	0.00	3.08	85.63	89.11	0.00	42	0	43	0.00	0.00	65.92	7.85	0.00	0.00	2000
226	11.01	2062	2094	0.00	203	0	0	0	nan	0.00	0.00	4.05	84.78	88.99	0.00	42	0	43	0.00	0.00	62.66	7.50	0.00	0.00	2000
237	11.52	2038	2116	0.00	203	0	0	0	nan	0.00	0.00	4.27	85.03	88.48	0.00	42	0	43	0.00	0.00	68.20	8.15	0.00	0.00	2000
243	11.23	2162	2098	0.00	221	0	0	0	nan	0.01	0.00	4.06	84.66	88.77	0.00	42	0	43	0.00	0.00	61.46	7.45	0.00	0.00	2000
228	11.12	2062	2093	0.00	211	0	0	0	nan	0.00	0.02	3.25	85.42	88.88	0.00	42	0	43	0.00	0.00	67.27	7.90	0.00	0.00	2000
229	10.68	2137	2107	0.00	203	0	0	0	nan	0.00	0.00	3.43	86.26	89.32	0.00	42	0	43	0.00	0.00	63.90	7.46	0.00	0.00	2000
229	10.83	2111	2099	0.00	203	0	0	0	nan	0.00	0.00	4.40	84.83	89.17	0.00	41	0	43	0.00	0.00	65.37	7.69	0.00	0.00	2000
228	11.02	2072	2096	0.00	206	0	0	0	nan	0.01	0.01	4.56	84.36	88.98	0.00	42	0	43	0.00	0.00	64.57	7.60	0.00	0.00	2000
231	11.23	2053	2102	0.00	205	0	0	0	nan	0.00	0.00	4.30	84.67	88.77	0.00	42	0	43	0.00	0.00	65.35	7.82	0.00	0.00	2000
224	10.95	2061	2083	0.00	197	0	0	0	nan	0.00	0.00	3.14	85.31	89.05	0.00	42	0	43	0.00	0.00	66.03	7.90	0.00	0.00	2000
229	10.88	2102	2104	0.00	220	0	0	0	nan	0.00	0.00	3.64	85.72	89.12	0.00	42	0	43	0.00	0.00	65.67	7.93	0.00	0.00	2000
227	10.73	2126	2094	0.00	201	0	0	0	nan	0.00	0.02	3.06	85.90	89.27	0.00	42	0	43	0.00	0.00	62.61	7.61	0.00	0.00	2000
234	11.03	2091	2128	0.00	203	0	0	0	nan	0.00	0.00	2.40	87.80	88.97	0.00	42	0	42	0.00	0.00	62.92	7.89	0.00	0.00	2000
229	11.04	2078	2098	0.00	204	0	0	0	nan	0.00	0.00	3.50	85.48	88.96	0.00	42	0	43	0.00	0.00	67.52	7.87	0.00	0.00	2000
230	10.88	2117	2099	0.00	211	0	0	0	nan	0.00	0.00	3.83	85.28	89.12	0.00	42	0	42	0.00	0.00	64.26	7.66	0.00	0.00	2000
223	10.90	2082	2065	0.16	202	0	0	5	40.11	0.01	0.00	3.69	83.99	89.10	0.00	42	0	43	0.00	0.00	65.47	7.74	0.00	0.00	2000
231	11.22	2041	2119	0.86	204	0	0	7	41.14	0.00	0.03	3.99	85.72	88.78	0.00	42	0	43	0.00	0.00	65.20	7.69	0.00	0.00	2000
229	11.05	2061	2109	0.00	203	0	0	0	nan	0.00	0.00	4.26	85.19	88.95	0.00	42	0	43	0.00	0.00	65.01	7.70	0.00	0.00	2000
228	10.96	2091	2090	0.00	206	0	0	0	nan	0.00	0.00	4.58	84.13	89.04	0.00	42	0	43	0.00	0.00	64.75	7.80	0.00	0.00	2000
233	10.83	2140	2113	0.00	214	0	0	0	nan	0.00	0.00	3.92	85.89	89.17	0.00	42	0	43	0.00	0.00	67.21	7.86	0.00	0.00	2000
227	10.92	2089	2087	0.00	186	0	0	0	nan	0.00	0.00	3.27	85.32	89.08	0.00	42	0	43	0.00	0.00	66.16	7.74	0.00	0.00	2000
227	11.03	2066	2095	0.00	203	0	0	0	nan	0.00	0.00	2.70	86.14	88.97	0.00	42	0	43	0.00	0.00	64.38	7.62	0.00	0.00	2000
232	11.17	2055	2121	0.00	221	0	0	0	nan	0.00	0.00	3.72	86.12	88.83	0.00	42	0	43	0.00	0.00	66.28	7.87	0.00	0.00	2000
227	11.01	2068	2092	0.00	202	0	0	0	nan	0.00	0.02	3.50	85.23	88.99	0.00	42	0	43	0.00	0.00	59.40	7.27	0.00	0.00	2000
232	11.36	2035	2107	0.00	210	0	0	0	nan	0.00	0.02	2.90	86.17	88.64	0.00	42	0	43	0.00	0.00	65.80	7.70	0.00	0.00	2000
227	10.90	2086	2102	0.00	204	0	0	0	nan	0.00	0.00	2.99	86.11	89.10	0.00	42	0	43	0.00	0.00	65.36	7.88	0.00	0.00	2000
228	11.15	2045	2098	0.00	203	0	0	0	nan	0.00	0.02	3.43	85.41	88.86	0.00	42	0	42	0.00	0.00	65.33	7.77	0.00	0.00	2000
225	10.83	2093	2085	0.00	204	0	0	0	nan	0.00	0.02	3.11	85.44	89.17	0.00	42	0	43	0.00	0.00	65.37	7.82	0.00	0.00	2000
226	10.93	2083	2088	0.00	201	0	0	0	nan	0.00	0.00	3.11	85.52	89.07	0.00	42	0	43	0.00	0.00	65.02	7.56	0.00	0.00	2000
234	11.08	2080	2133	0.00	203	0	0	0	nan	0.00	0.00	4.27	86.12	88.92	0.00	42	0	43	0.00	0.00	66.05	7.93	0.00	0.00	2000
226	10.77	2118	2079	0.00	214	1	0	0	nan	0.00	0.00	3.19	85.21	89.23	0.00	42	0	43	0.00	0.00	65.50	7.83	0.00	0.00	2000
230	11.00	2078	2114	0.00	203	0	0	0	nan	0.00	0.00	4.64	85.01	89.00	0.00	42	0	43	0.00	0.00	65.60	7.84	0.00	0.00	2000
230	10.46	2196	2098	0.00	203	0	0	2	55.64	0.00	0.00	2.78	86.66	89.54	0.00	42	0	43	0.00	0.00	65.55	7.61	0.00	0.00	2000
228	10.48	2175	2098	1.13	187	0	0	10	35.90	0.00	0.01	2.42	87.04	89.52	0.00	42	0	43	0.00	0.00	66.00	7.83	0.00	0.00	2000
232	10.72	2164	2096	0.00	219	0	0	0	nan	0.00	0.02	3.07	86.05	89.28	0.00	42	0	43	0.00	0.00	64.36	7.67	0.00	0.00	2000
228	11.03	2070	2093	0.00	197	0	0	0	nan	0.00	0.03	2.80	86.01	88.97	0.00	42	0	43	0.00	0.00	61.72	7.75	0.00	0.00	2000
225	10.84	2090	2090	0.00	218	0	0	0	nan	0.00	0.00	3.25	85.55	89.16	0.00	42	0	43	0.00	0.00	64.63	7.44	0.00	0.00	2000
229	11.12	2040	2120	0.00	219	0	0	0	nan	0.00	0.02	3.32	86.60	88.88	0.00	42	0	43	0.00	0.00	67.53	8.01	0.00	0.00	2000
230	10.84	2129	2091	0.00	206	0	0	0	nan	0.00	0.00	4.65	84.15	89.16	0.00	42	0	43	0.00	0.00	65.22	7.76	0.00	0.00	2000
228	11.24	2030	2095	0.00	204	0	0	0	nan	0.00	0.03	4.39	84.24	88.76	0.00	42	0	43	0.00	0.00	63.67	7.61	0.00	0.00	2000
229	11.10	2060	2101	0.00	212	0	0	0	nan	0.00	0.00	3.29	85.79	88.90	0.00	42	0	43	0.00	0.00	63.85	7.58	0.00	0.00	2000
226	10.94	2064	2097	0.00	219	0	0	0	nan	0.00	0.00	2.76	86.33	89.06	0.00	42	0	42	0.00	0.00	64.92	7.86	0.00	0.00	2000
231	10.53	2178	2115	0.00	203	0	0	0	nan	0.00	0.01	3.16	86.96	89.47	0.00	42	0	43	0.00	0.00	63.36	7.62	0.00	0.00	2000
233	10.91	2119	2113	0.00	203	0	0	0	nan	0.00	0.00	3.29	86.38	89.09	0.00	42	0	43	0.00	0.00	66.26	7.86	0.00	0.00	2000
225	10.70	2127	2075	0.00	213	0	0	0	nan	0.00	0.00	3.88	84.45	89.30	0.00	42	0	42	0.00	0.00	66.38	7.97	0.00	0.00	2000
226	10.86	2082	2095	0.00	219	0	0	0	nan	0.00	0.00	2.89	86.10	89.14	0.00	42	0	43	0.00	0.00	62.69	7.42	0.00	0.00	2000
229	11.01	2076	2102	0.00	205	0	0	0	nan	0.00	0.00	3.13	86.13	88.99	0.00	42	0	43	0.00	0.00	65.68	7.58	0.00	0.00	2000
231	11.15	2047	2128	0.00	220	0	0	0	nan	0.00	0.03	3.56	86.58	88.85	0.00	42	0	43	0.00	0.00	65.89	7.94	0.00	0.00	2000
229	10.80	2135	2087	0.00	212	0	0	0	nan	0.00	0.00	3.91	84.84	89.20	0.00	42	0	43	0.00	0.00	65.02	7.75	0.00	0.00	2000
226	10.88	2084	2089	0.31	203	0	0	5	34.59	0.00	0.00	2.91	85.77	89.12	0.00	42	0	43	0.00	0.00	64.77	7.72	0.00	0.00	2000
231	10.87	2103	2125	0.91	219	0	0	5	34.99	0.00	0.00	2.86	87.32	89.13	0.00	42	0	43	0.00	0.00	66.68	7.93	0.00	0.00	2000
224	11.02	2059	2074	0.00	204	0	0	0	nan	0.00	0.00	3.36	84.56	88.98	0.00	42	0	43	0.00	0.00	63.57	7.69	0.00	0.00	2000
232	10.82	2125	2123	0.00	203	0	0	0	nan	0.00	0.02	3.70	86.45	89.18	0.00	42	0	43	0.00	0.00	68.33	8.08	0.00	0.00	2000
224	10.62	2128	2080	0.00	229	0	0	0	nan	0.00	0.00	2.73	85.75	89.38	0.00	42	0	43	0.00	0.00	62.62	7.34	0.00	0.00	2000
227	10.66	2139	2093	0.00	219	0	0	0	nan	0.00	0.00	2.72	86.32	89.34	0.00	42	0	43	0.00	0.00	65.04	7.68	0.00	0.00	2000
226	11.02	2048	2100	0.00	220	0	0	0	nan	0.00	0.00	3.62	85.50	88.98	0.00	42	0	43	0.00	0.00	64.75	7.54	0.00	0.00	2000
233	11.04	2081	2130	0.00	229	0	0	0	nan	0.00	0.00	3.56	86.66	88.96	0.00	42	0	43	0.00	0.00	66.52	8.06	0.00	0.00	2000
227	10.87	2089	2100	0.00	202	0	0	0	nan	0.00	0.00	3.08	86.11	89.13	0.00	42	0	43	0.00	0.00	65.04	7.76	0.00	0.00	2000
227	11.02	2082	2076	0.00	206	0	0	0	nan	0.00	0.00	4.72	83.28	88.98	0.00	42	0	43	0.00	0.00	63.78	7.80	0.00	0.00	2000
231	10.81	2110	2125	0.00	206	0	0	0	nan	0.00	0.00	4.26	85.95	89.19	0.00	42	0	43	0.00	0.00	66.87	8.13	0.00	0.00	2000
225	10.73	2123	2073	0.00	202	0	0	0	nan	0.00	0.00	4.30	83.85	89.27	0.00	42	0	43	0.00	0.00	63.81	7.60	0.00	0.00	2000
231	10.71	2139	2116	0.00	213	0	0	0	nan	0.00	0.00	4.13	85.86	89.29	0.00	42	0	43	0.00	0.00	66.11	7.97	0.00	0.00	2000
227	11.01	2076	2088	0.00	203	0	0	0	nan	0.00	0.03	3.36	85.24	88.99	0.00	42	0	43	0.00	0.00	64.60	7.81	0.00	0.00	2000
225	10.92	2078	2084	0.00	204	0	0	0	nan	0.00	0.00	3.62	84.83	89.08	0.00	42	0	43	0.00	0.00	64.35	7.78	0.00	0.00	2000
231	11.05	2061	2126	0.00	221	0	0	0	nan	0.00	0.00	4.03	86.12	88.95	0.00	42	0	43	0.00	0.00	66.47	7.90	0.00	0.00	2000
229	10.83	2127	2088	0.00	204	0	0	0	nan	0.00	0.02	3.75	84.96	89.17	0.00	43	0	43	0.00	0.00	64.66	7.73	0.00	0.00	2000
232	10.65	2162	2111	1.01	211	0	0	8	21.55	0.00	0.02	3.22	86.63	89.35	0.00	42	0	43	0.00	0.00	65.58	7.81	0.00	0.00	2000
228	10.53	2170	2097	0.35	204	0	0	0	nan	0.00	0.02	3.95	85.39	89.47	0.00	42	0	43	0.00	0.00	64.44	7.78	0.00	0.00	2000
230	10.50	2185	2103	0.00	203	0	0	0	nan	0.00	0.02	3.00	86.58	89.50	0.00	43	0	43	0.00	0.00	65.83	7.62	0.00	0.00	2000
226	10.77	2114	2086	0.00	203	0	0	0	nan	0.00	0.02	2.73	85.99	89.23	0.00	42	0	43	0.00	0.00	63.96	7.61	0.00	0.00	2000
230	10.82	2136	2093	0.00	203	0	0	0	nan	0.00	0.00	3.11	85.77	89.18	0.00	42	0	42	0.00	0.00	65.28	7.74	0.00	0.00	2000
231	10.66	2146	2116	0.00	211	0	0	0	nan	0.00	0.02	3.46	86.60	89.34	0.00	42	0	43	0.00	0.00	65.57	7.80	0.00	0.00	2000
228	10.95	2092	2094	0.00	204	0	0	0	nan	0.01	0.02	3.32	85.54	89.05	0.00	42	0	42	0.00	0.00	64.87	7.97	0.00	0.00	2000
229	10.67	2144	2100	0.00	203	0	0	0	nan	0.00	0.02	2.84	86.37	89.33	0.00	42	0	43	0.00	0.00	65.12	7.65	0.00	0.00	2000
230	10.81	2118	2110	0.00	220	0	0	0	nan	0.00	0.00	3.38	86.25	89.19	0.00	42	0	42	0.00	0.00	63.93	7.69	0.00	0.00	2000
226	10.85	2092	2091	0.00	188	0	0	0	nan	0.00	0.01	3.18	85.69	89.15	0.00	42	0	43	0.00	0.00	66.08	7.86	0.00	0.00	2000
232	10.80	2139	2107	0.00	214	0	0	0	nan	0.00	0.00	4.22	85.29	89.20	0.00	43	0	43	0.00	0.00	65.68	7.79	0.00	0.00	2000
226	10.85	2092	2086	0.00	203	0	0	0	nan	0.00	0.00	2.92	85.72	89.15	0.00	42	0	43	0.00	0.00	64.27	7.59	0.00	0.00	2000
231	11.10	2052	2126	0.00	221	0	0	0	nan	0.00	0.01	3.25	86.89	88.90	0.00	42	0	43	0.00	0.00	66.18	7.88	0.00	0.00	2000
226	10.77	2117	2080	0.00	203	0	0	0	nan	0.00	0.02	3.21	85.23	89.23	0.00	42	0	42	0.00	0.00	63.97	7.66	0.00	0.00	2000
231	10.67	2171	2091	0.00	204	0	0	0	nan	0.01	0.05	3.68	85.30	89.33	0.00	42	0	43	0.00	0.00	64.80	7.67	0.00	0.00	2000
231	10.66	2147	2115	0.00	212	0	0	0	nan	0.00	0.00	2.83	87.22	89.34	0.00	42	0	43	0.00	0.00	65.99	7.77	0.00	0.00	2000
243	11.52	2113	2099	0.00	200	0	0	0	nan	0.00	0.00	4.27	84.26	88.48	0.00	42	0	43	0.00	0.00	65.32	7.60	0.00	0.00	2000
228	10.96	2072	2107	0.84	202	0	0	8	28.46	0.00	0.02	3.36	86.08	89.04	0.00	42	0	43	0.00	0.00	65.40	7.80	0.00	0.00	2000
228	11.10	2068	2085	0.51	204	0	0	2	61.50	0.00	0.00	2.97	85.48	88.90	0.00	42	0	43	0.00	0.00	64.08	7.65	0.00	0.00	2000
229	10.69	2135	2110	0.00	206	0	0	0	nan	0.00	0.02	3.70	86.08	89.31	0.00	42	0	43	0.00	0.00	62.97	7.90	0.00	0.00	2000
231	10.99	2098	2104	0.00	212	0	0	0	nan	0.00	0.00	3.07	86.19	89.01	0.00	42	0	43	0.00	0.00	67.78	7.67	0.00	0.00	2000
231	11.02	2095	2099	0.00	203	0	0	0	nan	0.00	0.02	2.88	86.13	88.98	0.00	42	0	43	0.00	0.00	64.23	7.58	0.00	0.00	2000
225	10.70	2119	2082	0.00	220	0	0	0	nan	0.00	0.03	2.64	85.98	89.30	0.00	42	0	42	0.00	0.00	65.18	7.94	0.00	0.00	2000
229	10.97	2082	2109	0.00	206	0	0	0	nan	0.00	0.00	4.53	84.95	89.03	0.00	42	0	43	0.00	0.00	65.44	7.79	0.00	0.00	2000
235	10.84	2169	2100	0.00	208	0	0	0	nan	0.00	0.00	5.66	83.50	89.16	0.00	42	0	43	0.00	0.00	65.26	7.84	0.00	0.00	2000
229	10.92	2094	2104	0.00	215	0	0	0	nan	0.00	0.00	4.05	85.28	89.08	0.00	42	0	42	0.00	0.00	65.37	7.80	0.00	0.00	2000
230	10.72	2144	2104	0.00	204	0	0	0	nan	0.00	0.00	3.36	86.05	89.28	0.00	42	0	43	0.00	0.00	65.46	7.58	0.00	0.00	2000
228	11.05	2058	2104	0.00	203	0	0	0	nan	0.00	0.00	2.92	86.31	88.95	0.00	42	0	43	0.00	0.00	65.08	7.84	0.00	0.00	2000
225	10.99	2064	2089	0.00	201	0	0	0	nan	0.00	0.00	2.98	85.64	89.01	0.00	42	0	43	0.00	0.00	64.41	7.67	0.00	0.00	2000
233	11.10	2076	2125	0.00	218	0	0	0	nan	0.00	0.00	3.53	86.44	88.90	0.00	42	0	43	0.00	0.00	66.46	7.92	0.00	0.00	2000
228	10.64	2152	2091	0.00	215	0	0	0	nan	0.00	0.00	3.47	85.51	89.36	0.00	42	0	43	0.00	0.00	64.93	7.82	0.00	0.00	2000
226	10.77	2114	2086	0.00	203	0	0	0	nan	0.00	0.00	3.56	85.08	89.24	0.00	42	0	43	0.00	0.00	64.24	7.74	0.00	0.00	2000
227	10.90	2087	2093	0.00	222	0	0	0	nan	0.00	0.02	3.87	84.95	89.10	0.00	42	0	43	0.00	0.00	64.75	7.54	0.00	0.00	2000
230	10.85	2100	2122	0.00	221	0	0	0	nan	0.00	0.00	2.71	87.40	89.15	0.00	42	0	43	0.00	0.00	65.46	7.81	0.00	0.00	2000
231	10.86	2123	2105	1.07	213	0	0	7	16.37	0.00	0.00	2.48	86.89	89.14	0.00	42	0	43	0.00	0.00	66.04	7.69	0.00	0.00	2000
225	11.03	2055	2080	0.20	203	0	0	0	nan	0.00	0.01	3.21	85.00	88.97	0.00	42	0	43	0.00	0.00	63.95	7.58	0.00	0.00	2000
227	10.67	2132	2092	0.00	219	0	0	0	nan	0.00	0.00	2.89	86.15	89.33	0.00	42	0	42	0.00	0.00	64.58	7.60	0.00	0.00	2000
231	10.57	2165	2116	0.00	203	0	0	0	nan	0.00	0.00	3.19	86.89	89.43	0.00	42	0	43	0.00	0.00	66.17	7.78	0.00	0.00	2000
234	10.94	2125	2115	0.00	203	0	0	0	nan	0.00	0.02	4.29	85.50	89.06	0.00	42	0	43	0.00	0.00	65.97	7.58	0.00	0.00	2000
224	11.11	2040	2073	0.00	215	0	0	0	nan	0.00	0.00	3.32	84.59	88.89	0.00	42	0	43	0.00	0.00	63.49	7.58	0.00	0.00	2000
230	11.02	2062	2127	0.00	219	0	0	0	nan	0.00	0.01	3.33	86.90	88.98	0.00	42	0	43	0.00	0.00	66.21	7.76	0.00	0.00	2000
227	10.95	2075	2101	0.00	201	0	0	0	nan	0.00	0.00	3.33	85.78	89.05	0.00	42	0	42	0.00	0.00	64.85	7.67	0.00	0.00	2000
227	11.00	2074	2090	0.00	203	0	0	0	nan	0.00	0.00	4.01	84.69	89.00	0.00	42	0	43	0.00	0.00	60.57	7.20	0.00	0.00	2000
226	10.90	2095	2081	0.00	214	0	0	0	nan	0.00	0.02	3.68	84.61	89.10	0.00	42	0	43	0.00	0.00	68.20	8.14	0.00	0.00	2000
227	10.99	2057	2109	0.00	219	0	0	0	nan	0.00	0.00	2.91	86.61	89.01	0.00	42	0	43	0.00	0.00	65.51	7.67	0.00	0.00	2000
225	11.13	2037	2081	0.00	201	0	0	0	nan	0.00	0.02	2.77	85.43	88.87	0.00	42	0	42	0.00	0.00	63.80	7.66	0.00	0.00	2000
231	10.84	2104	2126	0.00	203	0	0	0	nan	0.00	0.01	3.48	86.86	89.16	0.00	42	0	43	0.00	0.00	66.47	7.80	0.00	0.00	2000
229	11.13	2059	2099	0.00	204	0	0	0	nan	0.00	0.02	3.74	85.21	88.87	0.00	42	0	43	0.00	0.00	62.65	7.03	0.00	0.00	2000
230	10.80	2133	2101	0.00	213	0	0	0	nan	0.00	0.00	3.05	86.18	89.20	0.00	42	0	42	0.00	0.00	68.18	8.42	0.00	0.00	2000
224	10.75	2110	2077	0.00	204	0	0	0	nan	0.00	0.02	3.45	84.88	89.25	0.00	43	0	43	0.00	0.00	62.44	7.38	0.00	0.00	2000
232	11.12	2051	2134	0.00	219	0	0	0	nan	0.00	0.00	2.90	87.53	88.88	0.00	42	0	42	0.00	0.00	70.46	8.36	0.00	0.00	2000
224	10.94	2072	2072	1.65	203	0	0	11	11.61	0.00	0.00	4.31	83.66	89.06	0.00	42	0	43	0.00	0.00	64.99	7.54	0.00	0.00	2000
240	11.13	2130	2127	0.05	210	0	0	0	nan	0.00	0.02	4.39	85.69	88.87	0.00	42	0	43	0.00	0.00	67.73	8.07	0.00	0.00	2000
225	11.22	2030	2074	0.00	229	0	0	0	nan	0.00	0.01	5.40	82.48	88.78	0.00	42	0	43	0.00	0.00	64.99	7.73	0.00	0.00	2000
231	10.91	2098	2117	0.00	203	0	0	0	nan	0.00	0.02	3.12	86.76	89.09	0.00	42	0	43	0.00	0.00	67.31	7.98	0.00	0.00	2000
226	10.89	2086	2088	0.00	204	0	0	0	nan	0.00	0.02	3.48	85.14	89.11	0.00	43	0	43	0.00	0.00	65.94	7.39	0.00	0.00	2000
231	10.85	2113	2114	0.00	205	0	0	0	nan	0.00	0.00	3.49	86.30	89.15	0.00	42	0	43	0.00	0.00	61.24	7.59	0.00	0.00	2000
226	11.04	2067	2083	0.00	203	0	0	0	nan	0.00	0.00	3.30	84.99	88.96	0.00	43	0	43	0.00	0.00	68.80	8.09	0.00	0.00	2000
230	10.96	2094	2108	0.00	213	0	0	0	nan	0.00	0.02	3.50	86.03	89.04	0.00	42	0	43	0.00	0.00	65.81	7.90	0.00	0.00	2000
226	10.95	2073	2093	0.00	204	0	0	0	nan	0.00	0.02	3.68	85.16	89.05	0.00	42	0	43	0.00	0.00	66.08	7.69	0.00	0.00	2000
231	11.03	2074	2116	0.00	203	0	0	0	nan	0.00	0.00	3.09	86.62	88.97	0.00	43	0	43	0.00	0.00	67.02	8.50	0.00	0.00	2000
224	10.76	2100	2079	0.00	203	0	0	0	nan	0.00	0.00	3.04	85.39	89.24	0.00	43	0	43	0.00	0.00	61.94	7.45	0.00	0.00	2000
233	11.04	2089	2119	0.00	205	0	0	0	nan	0.00	0.00	3.80	86.07	88.96	0.00	42	0	43	0.00	0.00	67.39	7.94	0.00	0.00	2000
231	10.80	2137	2101	0.00	215	0	0	0	nan	0.01	0.02	3.17	86.11	89.20	0.00	43	0	43	0.00	0.00	66.30	7.78	0.00	0.00	2000
228	10.59	2162	2088	0.00	203	0	0	0	nan	0.00	0.02	3.12	85.82	89.41	0.00	42	0	43	0.00	0.00	65.64	7.80	0.00	0.00	2000
228	10.72	2118	2110	0.00	203	0	0	0	nan	0.00	0.00	3.23	86.50	89.28	0.00	42	0	43	0.00	0.00	67.26	7.97	0.00	0.00	2000
227	10.90	2088	2093	0.00	203	0	0	0	nan	0.00	0.00	2.90	85.97	89.10	0.00	43	0	43	0.00	0.00	65.67	7.83	0.00	0.00	2000
229	10.74	2124	2111	0.00	203	0	0	0	nan	0.00	0.02	2.88	86.79	89.26	0.00	42	0	43	0.00	0.00	67.34	7.94	0.00	0.00	2000
227	11.11	2070	2075	1.45	213	0	0	10	9.39	0.00	0.02	3.85	84.06	88.89	0.00	43	0	43	0.00	0.00	64.88	7.80	0.00	0.00	2000
226	10.92	2066	2104	0.22	216	0	0	0	nan	0.00	0.00	3.46	85.86	89.08	0.00	43	0	43	0.00	0.00	63.39	7.62	0.00	0.00	2000
227	10.99	2061	2105	0.00	220	0	0	0	nan	0.00	0.00	3.46	85.82	89.01	0.00	42	0	43	0.00	0.00	69.51	7.72	0.00	0.00	2000
230	10.81	2116	2110	0.00	203	0	0	0	nan	0.00	0.02	3.10	86.59	89.19	0.00	43	0	43	0.00	0.00	66.59	7.89	0.00	0.00	2000
230	11.00	2102	2091	0.00	214	0	0	0	nan	0.00	0.03	3.67	84.99	89.00	0.00	42	0	43	0.00	0.00	65.96	7.78	0.00	0.00	2000
225	10.77	2101	2089	0.00	221	0	0	0	nan	0.00	0.01	3.30	85.55	89.23	0.00	43	0	43	0.00	0.00	65.94	7.71	0.00	0.00	2000
231	10.73	2128	2122	0.00	203	0	0	0	nan	0.00	0.01	3.59	86.68	89.27	0.00	43	0	43	0.00	0.00	67.01	7.74	0.00	0.00	2000
227	10.76	2124	2090	0.00	203	0	0	0	nan	0.00	0.00	2.97	85.86	89.24	0.00	43	0	43	0.00	0.00	65.60	7.69	0.00	0.00	2000
230	11.03	2070	2113	0.00	203	0	0	0	nan	0.00	0.00	3.25	86.39	88.97	0.00	43	0	43	0.00	0.00	67.30	7.92	0.00	0.00	2000
226	10.97	2083	2081	0.00	213	0	0	0	nan	0.00	0.00	3.73	84.53	89.03	0.00	43	0	43	0.00	0.00	64.68	7.81	0.00	0.00	2000
227	10.88	2084	2102	0.00	219	0	0	0	nan	0.00	0.02	3.23	86.00	89.12	0.00	42	0	43	0.00	0.00	66.97	7.68	0.00	0.00	2000
227	10.94	2064	2106	0.00	216	0	0	0	nan	0.00	0.00	3.18	86.23	89.06	0.00	43	0	43	0.00	0.00	65.88	7.99	0.00	0.00	2000
234	10.78	2148	2121	0.00	220	0	0	0	nan	0.00	0.01	3.53	86.51	89.22	0.00	43	0	43	0.00	0.00	67.31	7.92	0.00	0.00	2000
225	10.81	2101	2083	0.00	213	0	0	0	nan	0.00	0.01	3.19	85.40	89.19	0.00	43	0	43	0.00	0.00	65.45	7.94	0.00	0.00	2000
228	10.85	2106	2096	0.00	203	0	0	0	nan	0.00	0.02	3.25	85.74	89.15	0.00	43	0	43	0.00	0.00	66.33	7.90	0.00	0.00	2000
229	10.71	2139	2096	0.00	203	0	0	0	nan	0.00	0.04	2.76	86.34	89.29	0.00	43	0	43	0.00	0.00	66.07	7.89	0.00	0.00	2000
228	10.68	2130	2100	0.00	220	0	0	3	30.83	0.00	0.02	3.20	86.10	89.32	0.00	43	0	43	0.00	0.00	66.32	7.93	0.00	0.00	2000
234	10.78	2148	2125	1.57	204	0	0	10	24.60	0.00	0.01	3.71	86.56	89.22	0.00	43	0	43	0.00	0.00	68.61	8.13	0.00	0.00	2000
226	10.69	2138	2078	0.00	212	0	0	0	nan	0.00	0.00	3.35	84.99	89.31	0.00	43	0	43	0.00	0.00	64.99	7.56	0.00	0.00	2000
227	10.71	2130	2094	0.00	203	0	0	0	nan	0.00	0.00	2.86	86.24	89.29	0.00	43	0	43	0.00	0.00	66.16	7.80	0.00	0.00	2000
233	11.02	2082	2130	0.00	220	0	0	0	nan	0.00	0.00	3.66	86.57	88.98	0.00	42	0	42	0.00	0.00	67.75	8.16	0.00	0.00	2000
224	10.93	2077	2075	0.00	201	0	0	0	nan	0.00	0.00	3.77	84.31	89.07	0.00	43	0	43	0.00	0.00	65.37	7.68	0.00	0.00	2000
231	10.82	2130	2107	0.00	213	0	0	0	nan	0.00	0.00	3.62	85.88	89.18	0.00	43	0	43	0.00	0.00	66.53	8.00	0.00	0.00	2000
230	11.01	2068	2117	0.00	203	0	0	0	nan	0.00	0.00	3.45	86.36	88.99	0.00	42	0	43	0.00	0.00	67.12	8.02	0.00	0.00	2000
227	10.74	2135	2079	0.00	206	0	0	0	nan	0.00	0.00	4.82	83.63	89.26	0.00	43	0	43	0.00	0.00	65.34	7.87	0.00	0.00	2000
227	10.81	2105	2094	0.00	206	0	0	0	nan	0.00	0.00	2.98	86.04	89.19	0.00	43	0	43	0.00	0.00	66.05	8.00	0.00	0.00	2000
231	11.15	2073	2094	0.00	222	0	0	0	nan	0.00	0.04	4.10	84.54	88.85	0.00	43	0	43	0.00	0.00	66.13	7.82	0.00	0.00	2000
226	11.01	2053	2095	0.00	228	0	0	0	nan	0.00	0.00	3.58	85.25	88.99	0.00	43	0	43	0.00	0.00	66.06	7.90	0.00	0.00	2000
230	10.60	2154	2117	0.00	206	0	0	0	nan	0.00	0.02	4.44	85.65	89.40	0.00	42	0	43	0.00	0.00	64.38	7.96	0.00	0.00	2000
227	10.74	2118	2095	0.00	219	0	0	0	nan	0.00	0.02	3.22	85.89	89.26	0.00	43	0	43	0.00	0.00	69.69	7.81	0.00	0.00	2000
233	10.87	2120	2125	0.00	219	0	0	0	nan	0.01	0.00	3.71	86.51	89.13	0.00	42	0	43	0.00	0.00	67.38	8.26	0.00	0.00	2000
234	11.44	2069	2073	0.00	212	0	0	0	nan	0.00	0.02	4.19	83.27	88.56	0.00	42	0	43	0.00	0.00	65.06	7.82	0.00	0.00	2000
228	10.77	2115	2100	0.00	220	0	0	0	nan	0.00	0.00	3.70	85.51	89.23	0.00	43	0	43	0.00	0.00	66.18	7.91	0.00	0.00	2000
225	10.99	2054	2094	0.99	221	0	0	9	18.87	0.00	0.00	3.24	85.62	89.01	0.00	43	0	43	0.00	0.00	66.09	7.96	0.00	0.00	2000
234	11.08	2088	2127	0.63	219	0	0	2	47.93	0.00	0.00	4.14	86.04	88.92	0.00	43	0	43	0.00	0.00	65.91	7.98	0.00	0.00	2000
227	10.65	2149	2080	0.00	198	0	0	0	nan	0.00	0.03	2.83	85.66	89.35	0.00	42	0	42	0.00	0.00	67.13	8.03	0.00	0.00	2000
233	11.01	2101	2118	0.00	221	0	0	0	nan	0.00	0.02	6.65	83.11	88.99	0.00	43	0	43	0.00	0.00	65.53	7.67	0.00	0.00	2000
228	10.65	2148	2095	0.00	206	0	0	0	nan	0.00	0.02	4.32	84.82	89.35	0.00	42	0	43	0.00	0.00	67.51	8.13	0.00	0.00	2000
229	10.72	2135	2098	0.00	204	0	0	0	nan	0.00	0.02	3.63	85.70	89.28	0.00	43	0	43	0.00	0.00	66.39	7.95	0.00	0.00	2000
226	10.98	2081	2081	0.00	204	0	0	0	nan	0.00	0.01	3.23	85.08	89.02	0.00	43	0	43	0.00	0.00	65.28	7.88	0.00	0.00	2000
232	10.98	2100	2112	0.00	214	0	0	0	nan	0.00	0.02	4.76	84.79	89.02	0.00	43	0	43	0.00	0.00	67.30	8.11	0.00	0.00	2000
227	10.82	2098	2097	0.00	203	0	0	0	nan	0.00	0.00	3.38	85.77	89.18	0.00	43	0	43	0.00	0.00	66.12	7.82	0.00	0.00	2000
230	10.78	2121	2111	0.00	203	0	0	0	nan	0.00	0.01	2.89	86.94	89.22	0.00	43	0	43	0.00	0.00	63.76	7.87	0.00	0.00	2000
225	11.00	2064	2082	0.00	203	0	0	0	nan	0.00	0.02	3.46	84.86	89.00	0.00	42	0	43	0.00	0.00	68.06	7.71	0.00	0.00	2000
234	11.06	2087	2129	0.00	223	0	0	0	nan	0.00	0.02	4.52	85.68	88.94	0.00	42	0	43	0.00	0.00	67.75	8.04	0.00	0.00	2000
224	10.93	2076	2077	0.00	213	0	0	0	nan	0.00	0.02	3.76	84.41	89.07	0.00	43	0	43	0.00	0.00	65.41	7.82	0.00	0.00	2000
227	10.73	2110	2102	0.00	219	0	0	0	nan	0.00	0.01	2.97	86.39	89.27	0.00	43	0	43	0.00	0.00	66.16	7.98	0.00	0.00	2000
227	10.86	2091	2097	0.00	204	0	0	0	nan	0.00	0.00	2.81	86.28	89.14	0.00	43	0	43	0.00	0.00	66.15	7.86	0.00	0.00	2000
233	11.14	2065	2123	0.00	221	0	0	0	nan	0.00	0.00	3.57	86.29	88.86	0.00	43	0	43	0.00	0.00	67.61	8.05	0.00	0.00	2000
224	10.64	2134	2077	0.00	211	0	0	0	nan	0.00	0.00	3.49	85.00	89.36	0.00	42	0	42	0.00	0.00	65.09	7.84	0.00	0.00	2000
231	10.78	2141	2106	1.24	202	0	0	11	19.33	0.00	0.02	3.62	85.85	89.22	0.00	43	0	43	0.00	0.00	66.62	7.81	0.00	0.00	2000
230	10.64	2151	2106	0.43	203	0	0	0	nan	0.00	0.00	3.31	86.32	89.36	0.00	42	0	43	0.00	0.00	66.16	8.17	0.00	0.00	2000
226	10.83	2104	2084	0.00	221	0	0	0	nan	0.00	0.02	3.09	85.44	89.17	0.00	43	0	43	0.00	0.00	65.40	7.92	0.00	0.00	2000
229	11.19	2032	2111	0.00	229	0	0	0	nan	0.00	0.01	3.33	86.05	88.81	0.00	42	0	43	0.00	0.00	63.35	7.58	0.00	0.00	2000
228	11.11	2056	2095	0.00	203	0	0	0	nan	0.00	0.02	2.30	86.43	88.89	0.00	43	0	43	0.00	0.00	69.75	8.27	0.00	0.00	2000
228	11.09	2051	2109	0.00	203	0	0	0	nan	0.00	0.04	2.71	86.68	88.91	0.00	43	0	43	0.00	0.00	66.55	8.07	0.00	0.00	2000
227	10.96	2080	2090	0.00	203	0	0	0	nan	0.00	0.00	2.93	85.72	89.04	0.00	43	0	43	0.00	0.00	66.30	7.88	0.00	0.00	2000
228	10.79	2113	2097	0.00	203	0	0	0	nan	0.00	0.02	3.27	85.77	89.21	0.00	42	0	43	0.00	0.00	66.26	7.97	0.00	0.00	2000
231	10.80	2132	2111	0.00	213	0	0	0	nan	0.00	0.00	3.60	86.09	89.20	0.00	43	0	43	0.00	0.00	66.84	8.00	0.00	0.00	2000
225	11.11	2038	2083	0.00	201	0	0	0	nan	0.00	0.00	2.88	85.48	88.89	0.00	43	0	43	0.00	0.00	65.28	7.80	0.00	0.00	2000
229	11.10	2044	2119	0.00	220	0	0	0	nan	0.00	0.02	3.88	85.95	88.90	0.00	43	0	43	0.00	0.00	66.84	7.99	0.00	0.00	2000
226	10.84	2097	2087	0.00	204	0	0	0	nan	0.00	0.02	3.31	85.34	89.16	0.00	43	0	43	0.00	0.00	65.68	7.72	0.00	0.00	2000
234	10.81	2137	2123	0.00	219	0	0	0	nan	0.00	0.00	3.25	86.93	89.19	0.00	43	0	43	0.00	0.00	66.29	7.90	0.00	0.00	2000
224	10.44	2171	2076	0.00	213	0	0	0	nan	0.00	0.00	2.98	85.49	89.56	0.00	42	0	43	0.00	0.00	66.34	7.79	0.00	0.00	2000
231	10.65	2158	2109	0.00	206	0	0	0	nan	0.00	0.01	3.24	86.51	89.35	0.00	43	0	43	0.00	0.00	64.29	7.75	0.00	0.00	2000
231	10.98	2085	2119	0.00	205	0	0	0	nan	0.00	0.03	3.06	86.77	89.02	0.00	42	0	43	0.00	0.00	67.75	7.84	0.00	0.00	2000
223	11.00	2060	2066	0.00	202	0	0	0	nan	0.00	0.00	3.33	84.33	89.00	0.00	43	0	43	0.00	0.00	64.41	7.71	0.00	0.00	2000
232	11.12	2066	2118	1.65	220	0	0	11	11.77	0.00	0.02	3.47	86.22	88.88	0.00	42	0	43	0.00	0.00	68.64	8.29	0.00	0.00	2000
228	10.76	2126	2091	0.06	211	0	0	0	nan	0.00	0.00	3.01	85.83	89.24	0.00	42	0	43	0.00	0.00	64.61	7.57	0.00	0.00	2000
229	10.83	2096	2114	0.00	204	0	0	0	nan	0.00	0.01	3.67	86.16	89.17	0.00	43	0	43	0.00	0.00	66.34	8.13	0.00	0.00	2000
227	10.86	2101	2090	0.00	203	0	0	0	nan	0.00	0.02	3.02	85.66	89.14	0.00	43	0	43	0.00	0.00	65.51	7.80	0.00	0.00	2000
227	10.71	2118	2106	0.00	203	0	0	0	nan	0.00	0.01	3.11	86.50	89.29	0.00	43	0	43	0.00	0.00	66.52	7.84	0.00	0.00	2000
231	10.95	2110	2103	0.00	215	0	0	0	nan	0.00	0.02	4.12	85.15	89.05	0.00	42	0	43	0.00	0.00	66.27	8.01	0.00	0.00	2000
226	10.74	2117	2084	0.00	203	0	0	0	nan	0.00	0.00	3.01	85.59	89.26	0.00	43	0	43	0.00	0.00	65.56	7.76	0.00	0.00	2000
227	10.81	2101	2097	0.00	219	0	0	0	nan	0.00	0.01	3.17	85.93	89.19	0.00	43	0	43	0.00	0.00	66.25	7.80	0.00	0.00	2000
226	10.47	2157	2106	0.00	220	0	0	0	nan	0.00	0.02	3.57	86.09	89.53	0.00	43	0	43	0.00	0.00	66.43	7.92	0.00	0.00	2000
234	11.06	2110	2106	0.00	211	0	0	0	nan	0.00	0.02	3.86	85.47	88.94	0.00	43	0	43	0.00	0.00	66.38	7.71	0.00	0.00	2000
229	10.89	2094	2109	0.00	209	0	0	0	nan	0.01	0.00	3.88	85.69	89.11	0.00	43	0	43	0.00	0.00	66.75	7.96	0.00	0.00	2000
229	10.45	2194	2095	0.00	204	0	0	0	nan	0.00	0.00	2.85	86.54	89.55	0.00	43	0	43	0.00	0.00	66.20	7.95	0.00	0.00	2000
226	11.11	2046	2093	0.00	203	0	0	0	nan	0.00	0.00	2.94	85.73	88.89	0.00	41	0	43	0.00	0.00	64.79	7.97	0.00	0.00	2000
229	10.94	2089	2106	0.00	204	0	0	0	nan	0.00	0.00	3.61	85.83	89.06	0.00	42	0	43	0.00	0.00	66.70	7.65	0.00	0.00	2000
230	11.15	2058	2107	0.00	204	0	0	0	nan	0.00	0.00	3.92	85.30	88.85	0.00	43	0	43	0.00	0.00	66.50	8.19	0.00	0.00	2000
225	10.84	2084	2092	0.00	214	0	0	0	nan	0.00	0.00	2.82	86.08	89.16	0.00	43	0	43	0.00	0.00	65.73	7.81	0.00	0.00	2000
229	10.83	2101	2110	0.00	219	0	0	1	91.01	0.00	0.00	2.85	86.72	89.17	0.00	43	0	43	0.00	0.00	66.37	7.94	0.00	0.00	2000
226	10.90	2092	2081	1.51	207	0	0	11	22.70	0.00	0.00	4.20	84.19	89.10	0.00	42	0	43	0.00	0.00	62.48	7.54	0.00	0.00	2000
230	10.83	2114	2111	0.00	238	0	0	0	nan	0.00	0.00	3.26	86.41	89.17	0.00	43	0	43	0.00	0.00	64.51	8.07	0.00	0.00	2000
228	10.90	2097	2094	0.00	212	0	0	0	nan	0.00	0.00	2.32	86.67	89.10	0.00	43	0	43	0.00	0.00	68.43	7.64	0.00	0.00	2000
229	10.73	2122	2113	0.00	204	0	0	0	nan	0.00	0.00	2.77	87.09	89.27	0.00	42	0	43	0.00	0.00	67.02	8.04	0.00	0.00	2000
226	10.47	2177	2078	0.00	203	0	0	0	nan	0.00	0.00	3.15	85.45	89.53	0.00	42	0	43	0.00	0.00	65.51	7.85	0.00	0.00	2000
230	10.97	2075	2120	0.00	204	0	0	0	nan	0.00	0.02	3.66	86.31	89.03	0.00	43	0	43	0.00	0.00	67.22	8.26	0.00	0.00	2000
228	10.87	2111	2082	0.00	204	0	0	0	nan	0.00	0.00	3.33	85.05	89.13	0.00	43	0	43	0.00	0.00	65.16	7.81	0.00	0.00	2000
226	11.03	2049	2096	0.00	228	0	0	0	nan	0.00	0.02	3.48	85.40	88.97	0.00	43	0	43	0.00	0.00	67.12	7.93	0.00	0.00	2000
228	10.96	2071	2111	0.00	219	0	0	0	nan	0.00	0.00	3.16	86.38	89.04	0.00	43	0	43	0.00	0.00	66.87	8.01	0.00	0.00	2000
229	10.55	2155	2116	0.00	204	0	0	0	nan	0.00	0.01	3.78	86.31	89.45	0.00	43	0	43	0.00	0.00	67.14	8.05	0.00	0.00	2000
229	11.06	2083	2087	0.00	204	0	0	0	nan	0.00	0.00	3.13	85.26	88.94	0.00	42	0	43	0.00	0.00	65.35	7.90	0.00	0.00	2000
227	10.56	2153	2096	0.00	216	0	0	0	nan	0.00	0.02	2.73	86.45	89.44	0.00	42	0	43	0.00	0.00	66.05	7.82	0.00	0.00	2000
227	10.63	2134	2100	0.00	220	0	0	0	nan	0.00	0.00	2.83	86.52	89.37	0.00	42	0	43	0.00	0.00	66.96	7.98	0.00	0.00	2000
228	10.84	2099	2104	0.00	205	0	0	0	nan	0.00	0.00	4.12	85.29	89.16	0.00	42	0	43	0.00	0.00	66.38	7.77	0.00	0.00	2000
227	10.86	2101	2086	0.00	220	0	0	0	nan	0.01	0.02	3.52	85.03	89.14	0.00	43	0	43	0.00	0.00	64.90	7.78	0.00	0.00	2000
232	10.97	2080	2137	0.00	229	0	0	0	nan	0.00	0.00	3.67	86.91	89.03	0.00	43	0	43	0.00	0.00	68.19	8.21	0.00	0.00	2000
228	11.09	2054	2098	0.60	204	0	0	8	22.49	0.00	0.00	3.39	85.52	88.91	0.00	42	0	43	0.00	0.00	66.37	7.97	0.00	0.00	2000
226	10.84	2101	2083	1.05	203	0	0	5	31.46	0.00	0.02	3.47	85.10	89.16	0.00	43	0	43	0.00	0.00	64.87	7.87	0.00	0.00	2000
230	10.79	2125	2105	0.00	203	0	0	0	nan	0.00	0.01	3.40	86.13	89.21	0.00	43	0	43	0.00	0.00	66.29	7.83	0.00	0.00	2000
226	10.93	2092	2077	0.00	202	0	0	0	nan	0.00	0.00	3.67	84.43	89.07	0.00	43	0	43	0.00	0.00	65.12	7.77	0.00	0.00	2000
229	10.99	2078	2107	0.00	215	0	0	0	nan	0.00	0.00	4.96	84.44	89.01	0.00	43	0	43	0.00	0.00	67.81	8.12	0.00	0.00	2000
228	10.94	2078	2105	0.00	220	0	0	0	nan	0.00	0.02	2.97	86.31	89.06	0.00	43	0	43	0.00	0.00	66.14	7.83	0.00	0.00	2000
229	10.66	2134	2109	0.00	203	0	0	0	nan	0.00	0.00	3.21	86.54	89.34	0.00	43	0	43	0.00	0.00	66.70	8.01	0.00	0.00	2000
227	10.83	2099	2094	0.00	203	0	0	0	nan	0.00	0.02	2.90	86.10	89.17	0.00	43	0	43	0.00	0.00	65.93	7.92	0.00	0.00	2000
230	10.91	2120	2091	0.00	214	0	0	0	nan	0.00	0.02	3.96	84.80	89.09	0.00	43	0	43	0.00	0.00	66.13	7.87	0.00	0.00	2000
235	10.75	2162	2127	0.00	220	0	0	0	nan	0.00	0.00	3.84	86.54	89.25	0.00	42	0	43	0.00	0.00	65.93	7.72	0.00	0.00	2000
226	10.65	2142	2079	0.00	203	0	0	0	nan	0.00	0.02	2.53	85.95	89.35	0.00	43	0	43	0.00	0.00	66.90	7.98	0.00	0.00	2000
229	11.07	2055	2115	0.00	204	0	0	0	nan	0.00	0.00	3.66	85.99	88.93	0.00	43	0	43	0.00	0.00	67.05	7.84	0.00	0.00	2000
227	10.82	2109	2087	0.00	204	0	0	0	nan	0.00	0.00	3.06	85.64	89.18	0.00	43	0	43	0.00	0.00	65.77	7.91	0.00	0.00	2000
229	10.95	2090	2098	0.00	214	0	0	0	nan	0.00	0.00	3.16	85.91	89.05	0.00	43	0	43	0.00	0.00	66.12	7.80	0.00	0.00	2000
230	10.78	2123	2112	0.00	204	0	0	0	nan	0.00	0.00	3.44	86.25	89.22	0.00	42	0	43	0.00	0.00	67.24	7.78	0.00	0.00	2000
234	11.39	2062	2087	0.00	203	0	0	0	nan	0.00	0.00	3.60	84.58	88.61	0.00	43	0	43	0.00	0.00	65.73	7.80	0.00	0.00	2000
230	11.04	2075	2113	0.00	203	0	0	0	nan	0.00	0.01	3.05	86.65	88.96	0.00	43	0	43	0.00	0.00	67.15	7.84	0.00	0.00	2000
227	10.77	2100	2105	0.54	203	0	0	22	7.18	0.00	0.00	3.25	86.19	89.23	0.00	42	0	43	0.00	0.00	66.13	7.86	0.00	0.00	2000
232	11.04	2120	2083	1.02	216	0	0	6	42.03	0.00	0.02	3.55	84.73	88.96	0.00	42	0	43	0.00	0.00	65.46	7.80	0.00	0.00	2000
230	10.51	2163	2127	0.00	223	0	0	0	nan	0.00	0.02	3.39	87.18	89.49	0.00	42	0	43	0.00	0.00	67.80	8.15	0.00	0.00	2000
225	10.47	2176	2071	0.00	204	0	0	0	nan	0.00	0.00	3.34	84.96	89.53	0.00	43	0	43	0.00	0.00	65.18	7.72	0.00	0.00	2000
228	10.45	2178	2101	0.00	203	0	0	0	nan	0.00	0.00	3.20	86.32	89.55	0.00	42	0	43	0.00	0.00	66.65	7.81	0.00	0.00	2000
233	10.94	2103	2128	0.00	204	0	0	0	nan	0.00	0.00	3.54	86.71	89.06	0.00	43	0	43	0.00	0.00	67.85	8.10	0.00	0.00	2000
228	10.60	2166	2088	0.00	211	0	0	0	nan	0.00	0.00	3.87	85.12	89.40	0.00	43	0	43	0.00	0.00	66.06	7.94	0.00	0.00	2000
227	10.78	2115	2087	0.00	221	0	0	0	nan	0.00	0.02	3.43	85.34	89.22	0.00	43	0	43	0.00	0.00	65.45	7.91	0.00	0.00	2000
228	11.02	2069	2099	0.00	206	0	0	0	nan	0.00	0.00	3.17	85.73	88.98	0.00	42	0	43	0.00	0.00	66.34	7.81	0.00	0.00	2000
227	10.78	2111	2095	0.00	221	0	0	0	nan	0.00	0.02	3.80	85.28	89.22	0.00	42	0	43	0.00	0.00	66.25	7.76	0.00	0.00	2000
229	10.96	2078	2108	0.00	228	0	0	0	nan	0.00	0.00	4.11	85.33	89.04	0.00	43	0	43	0.00	0.00	66.44	7.91	0.00	0.00	2000
225	10.79	2100	2089	0.00	219	0	0	0	nan	0.00	0.00	2.93	85.88	89.21	0.00	43	0	43	0.00	0.00	63.88	7.83	0.00	0.00	2000
229	11.00	2059	2120	0.00	203	0	0	0	nan	0.00	0.02	3.56	86.38	89.00	0.00	43	0	43	0.00	0.00	69.49	8.06	0.00	0.00	2000
230	10.88	2105	2106	0.00	204	0	0	0	nan	0.00	0.00	3.46	86.01	89.12	0.00	43	0	43	0.00	0.00	66.62	8.04	0.00	0.00	2000
231	10.99	2091	2107	0.00	213	0	0	0	nan	0.00	0.00	4.01	85.40	89.01	0.00	43	0	43	0.00	0.00	67.07	7.87	0.00	0.00	2000
224	10.86	2088	2076	0.00	204	0	0	0	nan	0.00	0.00	2.88	85.32	89.14	0.00	42	0	43	0.00	0.00	65.00	7.66	0.00	0.00	2000
226	10.75	2103	2098	0.00	235	0	0	0	nan	0.00	0.00	2.85	86.38	89.25	0.00	43	0	43	0.00	0.00	66.23	7.81	0.00	0.00	2000
230	11.12	2072	2097	1.52	221	0	0	10	14.36	0.00	0.02	3.94	84.92	88.88	0.00	43	0	43	0.00	0.00	66.15	8.02	0.00	0.00	2000
230	11.14	2050	2110	0.04	212	0	0	0	nan	0.00	0.00	3.87	85.49	88.86	0.00	42	0	43	0.00	0.00	66.81	7.93	0.00	0.00	2000
229	11.17	2054	2097	0.00	202	0	0	0	nan	0.00	0.02	3.23	85.49	88.83	0.00	43	0	43	0.00	0.00	66.03	7.96	0.00	0.00	2000
229	10.93	2083	2112	0.00	203	0	0	0	nan	0.00	0.01	2.79	87.00	89.07	0.00	42	0	43	0.00	0.00	66.71	8.15	0.00	0.00	2000
228	10.92	2092	2097	0.00	205	0	0	0	nan	0.00	0.00	4.25	84.78	89.08	0.00	43	0	43	0.00	0.00	66.34	8.03	0.00	0.00	2000
228	10.93	2079	2103	0.00	202	0	0	0	nan	0.00	0.02	2.97	86.36	89.07	0.00	43	0	43	0.00	0.00	66.13	7.90	0.00	0.00	2000
231	11.00	2099	2101	0.00	213	0	0	0	nan	0.00	0.00	4.16	85.02	89.00	0.00	42	0	43	0.00	0.00	66.06	8.14	0.00	0.00	2000
224	10.79	2108	2073	0.00	204	0	0	0	nan	0.02	0.00	3.50	84.61	89.21	0.00	42	0	43	0.00	0.00	63.31	7.57	0.00	0.00	2000
229	11.02	2060	2113	0.00	221	0	0	0	nan	0.00	0.00	2.95	86.67	88.98	0.00	43	0	43	0.00	0.00	68.03	8.18	0.00	0.00	2000
230	10.83	2108	2111	0.00	205	0	0	0	nan	0.00	0.00	3.13	86.54	89.17	0.00	43	0	43	0.00	0.00	64.46	7.72	0.00	0.00	2000
233	11.04	2102	2104	0.00	206	0	0	0	nan	0.00	0.00	4.82	84.44	88.96	0.00	43	0	43	0.00	0.00	66.49	7.92	0.00	0.00	2000
225	10.87	2090	2081	0.00	213	0	0	0	nan	0.00	0.00	3.63	84.83	89.13	0.00	42	0	42	0.00	0.00	65.43	7.84	0.00	0.00	2000
231	10.77	2116	2129	0.00	221	0	0	0	nan	0.00	0.00	3.34	87.16	89.23	0.00	43	0	43	0.00	0.00	67.97	8.00	0.00	0.00	2000
226	10.49	2165	2088	0.00	202	0	0	0	nan	0.00	0.00	3.51	85.58	89.51	0.00	42	0	43	0.00	0.00	65.55	7.78	0.00	0.00	2000
227	10.50	2179	2085	0.00	203	0	0	0	nan	0.00	0.02	2.75	86.08	89.50	0.00	43	0	43	0.00	0.00	65.81	7.91	0.00	0.00	2000
234	10.52	2197	2127	0.00	203	0	0	0	nan	0.00	0.00	3.33	87.27	89.48	0.00	43	0	43	0.00	0.00	67.99	7.99	0.00	0.00	2000
226	10.75	2126	2081	0.00	212	0	0	0	99.64	0.00	0.01	4.16	84.38	89.25	0.00	43	0	43	0.00	0.00	65.20	7.83	0.00	0.00	2000
227	11.01	2071	2087	1.65	204	0	0	11	16.01	0.00	0.02	3.22	85.28	88.99	0.00	43	0	43	0.00	0.00	66.02	7.79	0.00	0.00	2000
234	11.05	2084	2132	0.05	203	0	0	0	nan	0.00	0.02	3.19	87.25	88.95	0.00	42	0	43	0.00	0.00	67.61	8.06	0.00	0.00	2000
225	10.72	2118	2083	0.00	202	0	0	0	nan	0.00	0.02	3.31	85.36	89.28	0.00	42	0	43	0.00	0.00	65.72	7.91	0.00	0.00	2000
231	11.06	2083	2106	0.00	204	0	0	0	nan	0.00	0.02	3.80	85.47	88.94	0.00	43	0	43	0.00	0.00	66.98	7.67	0.00	0.00	2000
226	10.72	2114	2090	0.00	212	0	0	0	nan	0.00	0.00	3.10	85.79	89.28	0.00	43	0	43	0.00	0.00	65.66	7.93	0.00	0.00	2000
227	10.89	2083	2097	0.00	217	0	0	0	nan	0.00	0.02	2.83	86.13	89.11	0.00	43	0	43	0.00	0.00	66.05	7.85	0.00	0.00	2000
231	10.63	2160	2108	0.00	205	0	0	0	nan	0.00	0.00	3.71	86.03	89.37	0.00	42	0	43	0.00	0.00	66.78	7.92	0.00	0.00	2000
230	10.41	2205	2101	0.00	203	0	0	0	nan	0.00	0.02	3.87	85.72	89.59	0.00	42	0	43	0.00	0.00	66.25	7.66	0.00	0.00	2000
233	10.79	2146	2117	0.00	204	0	0	0	nan	0.00	0.02	3.27	86.60	89.21	0.00	43	0	43	0.00	0.00	67.46	7.82	0.00	0.00	2000
226	10.69	2138	2075	0.00	214	0	0	0	nan	0.00	0.00	2.93	85.45	89.31	0.00	42	0	43	0.00	0.00	65.51	7.64	0.00	0.00	2000
228	10.87	2091	2108	0.00	203	0	0	0	nan	0.00	0.00	3.15	86.34	89.13	0.00	43	0	43	0.00	0.00	66.47	7.79	0.00	0.00	2000
227	10.80	2117	2086	0.00	203	0	0	0	nan	0.00	0.02	3.20	85.40	89.20	0.00	42	0	43	0.00	0.00	66.51	7.80	0.00	0.00	2000
228	10.88	2086	2107	0.00	206	0	0	0	nan	0.00	0.00	3.55	85.95	89.12	0.00	43	0	43	0.00	0.00	66.04	8.05	0.00	0.00	2000
234	11.01	2105	2121	0.00	204	0	0	0	nan	0.00	0.00	4.10	85.78	88.99	0.00	42	0	43	0.00	0.00	66.21	8.03	0.00	0.00	2000
226	10.64	2134	2087	0.00	234	0	0	0	nan	0.00	0.00	4.08	84.82	89.36	0.00	43	0	43	0.00	0.00	66.71	7.95	0.00	0.00	2000
229	10.62	2149	2103	0.00	201	0	0	0	nan	0.00	0.00	3.33	86.19	89.38	0.00	42	0	43	0.00	0.00	66.53	7.87	0.00	0.00	2000
227	11.07	2057	2090	0.00	203	0	0	0	99.90	0.00	0.02	2.88	85.76	88.93	0.00	43	0	43	0.00	0.00	65.81	7.93	0.00	0.00	2000
229	10.69	2155	2089	1.63	203	0	0	11	18.05	0.00	0.03	3.21	85.63	89.31	0.00	43	0	43	0.00	0.00	62.47	7.88	0.00	0.00	2000
232	10.79	2135	2116	0.05	213	0	0	0	nan	0.00	0.00	4.11	85.84	89.21	0.00	43	0	43	0.00	0.00	70.80	7.94	0.00	0.00	2000
227	10.59	2161	2088	0.00	204	0	0	0	nan	0.00	0.02	3.76	85.15	89.41	0.00	43	0	43	0.00	0.00	65.33	7.76	0.00	0.00	2000
229	10.54	2160	2116	0.00	203	0	0	0	nan	0.00	0.00	3.36	86.78	89.46	0.00	42	0	43	0.00	0.00	67.22	8.07	0.00	0.00	2000
227	11.02	2068	2090	0.00	204	0	0	0	nan	0.00	0.00	2.96	85.63	88.98	0.00	43	0	43	0.00	0.00	66.01	7.77	0.00	0.00	2000
228	10.82	2096	2110	0.00	203	0	0	0	nan	0.00	0.00	3.20	86.50	89.18	0.00	42	0	42	0.00	0.00	66.95	7.93	0.00	0.00	2000
233	10.99	2108	2117	0.00	202	0	0	0	nan	0.00	0.00	3.31	86.47	89.01	0.00	42	0	43	0.00	0.00	67.15	8.03	0.00	0.00	2000
228	10.74	2125	2101	0.00	213	0	0	0	nan	0.00	0.00	3.89	85.38	89.26	0.00	42	0	43	0.00	0.00	67.06	7.60	0.00	0.00	2000
225	10.88	2095	2072	0.00	203	0	0	0	nan	0.00	0.00	3.34	84.62	89.12	0.00	43	0	43	0.00	0.00	61.82	7.75	0.00	0.00	2000
227	10.83	2099	2096	0.00	203	0	0	0	nan	0.00	0.00	3.61	85.43	89.17	0.00	43	0	43	0.00	0.00	66.40	8.03	0.00	0.00	2000
230	10.84	2104	2120	0.00	204	0	0	0	nan	0.00	0.00	3.46	86.62	89.16	0.00	43	0	43	0.00	0.00	67.55	7.98	0.00	0.00	2000
230	10.70	2151	2101	0.00	204	0	0	0	nan	0.00	0.01	3.73	85.62	89.30	0.00	42	0	43	0.00	0.00	66.99	7.92	0.00	0.00	2000
226	10.78	2118	2080	0.00	214	0	0	0	nan	0.00	0.02	3.07	85.39	89.22	0.00	43	0	43	0.00	0.00	65.26	7.90	0.00	0.00	2000
227	10.93	2080	2096	0.00	203	0	0	0	nan	0.00	0.00	3.09	85.88	89.07	0.00	43	0	43	0.00	0.00	66.40	7.97	0.00	0.00	2000
227	11.09	2041	2108	0.00	219	0	0	0	nan	0.00	0.02	3.98	85.36	88.91	0.00	42	0	43	0.00	0.00	66.59	7.96	0.00	0.00	2000
231	10.66	2156	2111	0.00	204	0	0	0	nan	0.00	0.00	4.16	85.68	89.34	0.00	43	0	43	0.00	0.00	67.27	8.04	0.00	0.00	2000
235	10.83	2150	2116	0.00	203	0	0	0	nan	0.00	0.00	3.53	86.39	89.17	0.00	43	0	43	0.00	0.00	67.14	8.05	0.00	0.00	2000
225	11.00	2077	2071	1.64	214	0	0	11	14.49	0.00	0.02	3.72	84.13	89.00	0.00	42	0	43	0.00	0.00	65.16	7.80	0.00	0.00	2000
228	10.80	2104	2103	0.06	219	0	0	0	nan	0.00	0.02	3.28	86.04	89.20	0.00	42	0	43	0.00	0.00	66.77	7.94	0.00	0.00	2000
228	10.72	2125	2099	0.00	204	0	0	0	nan	0.00	0.00	3.56	85.53	89.28	0.00	42	0	43	0.00	0.00	66.86	7.85	0.00	0.00	2000
230	10.76	2127	2113	0.00	204	0	0	0	nan	0.00	0.01	3.07	86.68	89.24	0.00	43	0	43	0.00	0.00	67.14	7.90	0.00	0.00	2000
227	10.69	2133	2087	0.00	213	0	0	0	nan	0.00	0.00	3.87	84.87	89.31	0.00	43	0	43	0.00	0.00	65.70	7.88	0.00	0.00	2000
230	10.98	2079	2112	0.00	203	0	0	0	nan	0.00	0.02	3.18	86.43	89.02	0.00	43	0	43	0.00	0.00	66.54	7.88	0.00	0.00	2000
227	10.74	2122	2095	0.00	203	0	0	0	nan	0.00	0.00	3.26	85.88	89.26	0.00	43	0	43	0.00	0.00	66.41	7.98	0.00	0.00	2000
230	11.09	2056	2118	0.00	222	0	0	0	nan	0.00	0.00	3.68	86.04	88.91	0.00	42	0	43	0.00	0.00	67.28	8.08	0.00	0.00	2000
238	11.31	2104	2097	0.00	202	0	0	0	nan	0.02	0.02	4.17	84.48	88.69	0.00	43	0	43	0.00	0.00	66.70	7.93	0.00	0.00	2000
236	10.51	2252	2098	0.00	231	0	0	0	nan	0.00	1.64	7.17	80.64	89.49	0.00	42	0	43	0.00	0.00	66.09	7.85	0.00	0.00	2000
224	11.05	2051	2074	0.00	208	0	0	0	nan	0.00	0.01	2.84	85.15	88.95	0.00	43	0	43	0.00	0.00	65.91	7.96	0.00	0.00	2000
234	11.24	2052	2133	0.00	207	0	0	0	nan	0.00	0.02	4.34	85.95	88.76	0.00	42	0	43	0.00	0.00	67.52	8.03	0.00	0.00	2000
225	10.90	2085	2078	0.00	202	0	0	0	nan	0.00	0.00	3.25	84.97	89.10	0.00	42	0	43	0.00	0.00	65.45	7.78	0.00	0.00	2000
230	11.11	2061	2108	0.00	203	0	0	0	nan	0.00	0.00	3.16	86.21	88.89	0.00	43	0	43	0.00	0.00	66.47	7.99	0.00	0.00	2000
231	10.88	2132	2088	0.00	212	0	0	0	nan	0.00	0.01	3.74	84.86	89.12	0.00	43	0	43	0.00	0.00	66.24	7.84	0.00	0.00	2000
230	11.00	2090	2099	0.00	205	0	0	0	nan	0.00	0.00	4.47	84.59	89.00	0.00	42	0	43	0.00	0.00	66.45	7.86	0.00	0.00	2000
230	10.63	2143	2118	0.00	222	0	0	0	nan	0.00	0.02	3.68	86.46	89.37	0.00	42	0	43	0.00	0.00	67.09	8.08	0.00	0.00	2000
228	10.80	2114	2098	1.65	203	0	0	11	13.23	0.00	0.02	3.00	86.21	89.20	0.00	42	0	43	0.00	0.00	66.48	7.98	0.00	0.00	2000
227	10.98	2090	2077	0.04	204	0	0	0	nan	0.00	0.03	3.25	84.83	89.03	0.00	42	0	43	0.00	0.00	65.14	7.64	0.00	0.00	2000
237	11.20	2083	2133	0.00	245	0	0	0	nan	0.00	0.02	7.12	83.13	88.80	0.00	43	0	43	0.00	0.00	68.17	8.05	0.00	0.00	2000
224	10.89	2093	2065	0.00	205	0	0	0	nan	0.00	0.04	4.99	82.78	89.11	0.00	42	0	43	0.00	0.00	64.95	7.70	0.00	0.00	2000
232	10.51	2183	2121	0.00	204	0	0	0	nan	0.01	0.03	3.64	86.70	89.49	0.00	43	0	43	0.00	0.00	67.56	7.94	0.00	0.00	2000
224	10.64	2130	2076	0.00	203	0	0	0	nan	0.00	0.00	3.38	84.98	89.36	0.00	43	0	43	0.00	0.00	65.24	7.72	0.00	0.00	2000
232	11.11	2072	2113	0.00	230	0	0	0	nan	0.00	0.02	3.57	85.90	88.89	0.00	43	0	43	0.00	0.00	67.08	7.99	0.00	0.00	2000
230	10.54	2164	2114	0.00	202	0	0	0	nan	0.00	0.01	3.35	86.65	89.46	0.00	43	0	43	0.00	0.00	66.91	7.91	0.00	0.00	2000
227	10.99	2069	2097	0.00	203	0	0	0	nan	0.00	0.02	2.80	86.11	89.01	0.00	43	0	43	0.00	0.00	66.47	7.67	0.00	0.00	2000
225	10.88	2080	2085	0.00	219	0	0	0	nan	0.00	0.02	3.51	85.08	89.12	0.00	43	0	43	0.00	0.00	65.33	7.73	0.00	0.00	2000
234	10.88	2126	2127	0.00	220	0	0	0	nan	0.01	0.02	3.30	86.98	89.12	0.00	43	0	43	0.00	0.00	67.75	8.11	0.00	0.00	2000
327	14.19	2336	2072	0.00	217	0	0	0	nan	0.01	0.03	6.49	78.24	85.81	0.00	43	0	43	0.00	0.00	68.60	8.00	0.00	0.00	2000
231	10.93	2108	2106	0.00	219	0	0	0	nan	0.00	0.02	3.62	85.70	89.07	0.00	43	0	43	0.00	0.00	66.63	8.01	0.00	0.00	2000
232	10.63	2164	2116	0.00	204	0	0	0	nan	0.00	0.00	3.13	86.87	89.37	0.00	43	0	43	0.00	0.00	64.89	7.72	0.00	0.00	2000
229	10.83	2141	2070	0.00	203	0	0	0	nan	0.00	0.00	3.30	84.57	89.17	0.00	43	0	43	0.00	0.00	64.93	7.72	0.00	0.00	2000
232	11.10	2065	2123	0.00	213	0	0	0	nan	0.00	0.00	3.84	86.16	88.90	0.00	43	0	43	0.00	0.00	67.55	7.91	0.00	0.00	2000
230	10.79	2120	2107	0.00	203	0	0	4	33.41	0.00	0.02	3.77	85.75	89.21	0.00	43	0	43	0.00	0.00	66.99	7.91	0.00	0.00	2000
227	10.76	2125	2081	1.56	203	0	0	9	23.48	0.00	0.00	2.78	85.71	89.24	0.00	43	0	43	0.00	0.00	65.51	7.71	0.00	0.00	2000
232	10.79	2123	2128	0.00	220	0	0	0	nan	0.00	0.02	3.78	86.67	89.21	0.00	43	0	43	0.00	0.00	67.79	8.12	0.00	0.00	2000
230	11.12	2073	2098	0.00	201	0	0	0	nan	0.00	0.00	4.18	84.74	88.88	0.00	43	0	43	0.00	0.00	66.24	7.81	0.00	0.00	2000
225	10.76	2104	2085	0.00	214	0	0	0	nan	0.00	0.00	3.29	85.40	89.24	0.00	42	0	43	0.00	0.00	65.94	7.82	0.00	0.00	2000
228	10.62	2143	2106	0.00	219	0	0	0	nan	0.00	0.02	3.42	86.25	89.38	0.00	43	0	43	0.00	0.00	66.73	7.91	0.00	0.00	2000
229	10.70	2143	2099	0.00	204	0	0	0	nan	0.00	0.02	3.60	85.64	89.30	0.00	43	0	43	0.00	0.00	66.66	7.99	0.00	0.00	2000
228	10.85	2112	2089	0.00	207	0	0	0	nan	0.00	0.02	4.04	84.62	89.15	0.00	43	0	43	0.00	0.00	65.49	7.91	0.00	0.00	2000
231	10.75	2154	2091	0.00	214	0	0	0	nan	0.00	0.00	3.69	85.19	89.25	0.00	43	0	43	0.00	0.00	66.02	7.79	0.00	0.00	2000
228	10.55	2150	2108	0.00	219	0	0	0	nan	0.00	0.01	3.17	86.55	89.45	0.00	43	0	43	0.00	0.00	66.99	7.94	0.00	0.00	2000
230	10.72	2137	2107	0.00	205	0	0	0	nan	0.00	0.01	4.07	85.56	89.28	0.00	43	0	43	0.00	0.00	67.29	7.82	0.00	0.00	2000
225	10.82	2095	2083	0.00	203	0	0	0	nan	0.00	0.00	2.90	85.63	89.18	0.00	43	0	43	0.00	0.00	65.15	7.79	0.00	0.00	2000
231	10.63	2164	2110	0.00	203	0	0	0	nan	0.00	0.01	3.53	86.30	89.37	0.00	43	0	43	0.00	0.00	67.01	7.88	0.00	0.00	2000
230	10.73	2139	2104	0.00	213	0	0	0	nan	0.00	0.01	2.87	86.59	89.27	0.00	42	0	43	0.00	0.00	63.60	7.82	0.00	0.00	2000
230	10.70	2141	2110	0.00	202	0	0	0	nan	0.00	0.00	3.69	86.00	89.30	0.00	43	0	43	0.00	0.00	70.42	8.00	0.00	0.00	2000
226	10.86	2101	2075	0.00	204	0	0	0	nan	0.00	0.02	2.99	85.12	89.14	0.00	43	0	43	0.00	0.00	64.93	7.73	0.00	0.00	2000
228	10.78	2106	2113	0.00	219	0	0	0	nan	0.00	0.00	3.67	86.11	89.22	0.00	42	0	43	0.00	0.00	67.11	8.09	0.00	0.00	2000
233	11.10	2075	2122	0.39	204	0	0	6	24.57	0.00	0.02	3.37	86.46	88.90	0.00	43	0	43	0.00	0.00	67.28	7.89	0.00	0.00	2000
226	10.76	2125	2071	1.18	213	0	0	6	29.13	0.00	0.00	3.25	84.82	89.24	0.00	43	0	43	0.00	0.00	65.82	7.76	0.00	0.00	2000
224	10.93	2060	2093	0.00	219	0	0	0	nan	0.01	0.00	3.14	85.69	89.07	0.00	43	0	43	0.00	0.00	65.35	7.82	0.00	0.00	2000
227	11.04	2044	2115	0.00	221	0	0	0	nan	0.00	0.01	3.45	86.28	88.96	0.00	43	0	43	0.00	0.00	67.07	8.12	0.00	0.00	2000
232	10.62	2182	2103	0.00	205	0	0	0	nan	0.00	0.02	3.45	85.99	89.38	0.00	42	0	43	0.00	0.00	66.92	7.92	0.00	0.00	2000
229	10.65	2153	2101	0.00	213	0	0	0	nan	0.01	0.00	3.67	85.82	89.35	0.00	43	0	43	0.00	0.00	66.37	7.94	0.00	0.00	2000
227	10.74	2122	2093	0.00	204	0	0	0	nan	0.00	0.02	3.39	85.58	89.26	0.00	43	0	43	0.00	0.00	65.79	7.63	0.00	0.00	2000
226	10.99	2065	2093	0.00	219	0	0	0	nan	0.00	0.00	2.94	85.86	89.01	0.00	43	0	43	0.00	0.00	66.09	7.83	0.00	0.00	2000
226	10.52	2144	2105	0.00	219	0	0	0	nan	0.00	0.02	3.30	86.31	89.48	0.00	43	0	43	0.00	0.00	66.33	7.94	0.00	0.00	2000
232	11.03	2095	2111	0.00	213	0	0	0	nan	0.00	0.01	3.95	85.57	88.97	0.00	43	0	43	0.00	0.00	67.08	7.97	0.00	0.00	2000
226	10.82	2092	2093	0.00	206	0	0	0	nan	0.00	0.00	3.54	85.40	89.18	0.00	43	0	43	0.00	0.00	65.95	7.82	0.00	0.00	2000
226	10.73	2114	2096	0.00	236	0	0	0	nan	0.00	0.02	3.25	85.83	89.27	0.00	43	0	43	0.00	0.00	66.37	7.88	0.00	0.00	2000
229	10.54	2156	2112	0.00	204	0	0	0	nan	0.00	0.02	3.66	86.27	89.46	0.00	43	0	43	0.00	0.00	67.11	8.04	0.00	0.00	2000
231	10.91	2116	2100	0.00	214	0	0	0	nan	0.00	0.00	3.24	85.90	89.09	0.00	43	0	43	0.00	0.00	66.26	7.85	0.00	0.00	2000
227	10.91	2087	2093	0.00	204	0	0	0	nan	0.00	0.02	3.69	85.13	89.09	0.00	43	0	43	0.00	0.00	66.13	7.82	0.00	0.00	2000
230	10.67	2153	2105	0.00	204	0	0	0	nan	0.00	0.00	3.16	86.36	89.33	0.00	43	0	43	0.00	0.00	66.75	7.99	0.00	0.00	2000
227	10.71	2130	2091	0.00	203	0	0	0	nan	0.01	0.00	3.34	85.61	89.30	0.00	43	0	43	0.00	0.00	65.83	7.96	0.00	0.00	2000
229	10.63	2154	2097	1.35	219	0	0	10	15.96	0.00	0.02	3.55	85.65	89.37	0.00	43	0	43	0.00	0.00	66.50	7.89	0.00	0.00	2000
230	10.44	2197	2107	0.24	213	0	0	0	nan	0.00	0.00	3.29	86.51	89.56	0.00	43	0	43	0.00	0.00	66.83	8.05	0.00	0.00	2000
229	10.76	2134	2092	0.00	203	0	0	0	nan	0.00	0.02	3.64	85.20	89.24	0.00	43	0	43	0.00	0.00	65.78	7.95	0.00	0.00	2000
227	10.89	2086	2101	0.00	203	0	0	0	nan	0.00	0.03	3.50	85.68	89.11	0.00	43	0	43	0.00	0.00	66.71	7.95	0.00	0.00	2000
227	11.01	2062	2100	0.00	220	0	0	0	nan	0.00	0.00	2.81	86.22	88.99	0.00	43	0	43	0.00	0.00	66.33	7.83	0.00	0.00	2000
234	11.06	2085	2132	0.00	204	0	0	0	nan	0.00	0.00	4.21	86.22	88.94	0.00	43	0	43	0.00	0.00	68.10	8.21	0.00	0.00	2000
225	10.80	2114	2067	0.00	213	0	0	0	nan	0.00	0.00	3.36	84.49	89.20	0.00	43	0	43	0.00	0.00	64.83	7.61	0.00	0.00	2000
227	10.92	2081	2098	0.00	204	0	0	0	nan	0.00	0.00	3.17	85.93	89.08	0.00	43	0	43	0.00	0.00	66.38	7.78	0.00	0.00	2000
231	11.06	2060	2132	0.00	220	0	0	0	nan	0.01	0.00	3.87	86.50	88.94	0.00	43	0	43	0.00	0.00	67.69	8.09	0.00	0.00	2000
226	10.70	2132	2082	0.00	203	0	0	0	nan	0.00	0.05	3.28	85.25	89.30	0.00	42	0	43	0.00	0.00	65.61	7.69	0.00	0.00	2000
228	10.94	2086	2095	0.00	229	0	0	0	nan	0.00	0.02	3.66	85.28	89.06	0.00	43	0	43	0.00	0.00	66.09	7.81	0.00	0.00	2000
227	10.35	2199	2098	0.00	203	0	0	0	nan	0.00	0.00	3.83	85.71	89.65	0.00	43	0	43	0.00	0.00	66.59	7.87	0.00	0.00	2000
226	10.57	2146	2094	0.00	219	0	0	0	nan	0.00	0.00	3.32	85.83	89.43	0.00	43	0	43	0.00	0.00	65.90	7.93	0.00	0.00	2000
230	11.35	2023	2102	0.00	220	0	0	0	nan	0.00	0.02	4.95	83.92	88.65	0.00	43	0	43	0.00	0.00	66.13	8.08	0.00	0.00	2000
231	10.90	2102	2114	0.00	213	0	0	0	nan	0.00	0.00	4.28	85.42	89.10	0.00	43	0	43	0.00	0.00	67.09	8.00	0.00	0.00	2000
228	10.92	2088	2103	0.00	202	0	0	0	nan	0.00	0.01	3.31	85.93	89.08	0.00	43	0	43	0.00	0.00	66.80	8.00	0.00	0.00	2000
227	10.78	2115	2092	0.00	203	0	0	1	90.55	0.00	0.00	3.32	85.53	89.22	0.00	43	0	43	0.00	0.00	62.79	7.58	0.00	0.00	2000
229	10.92	2095	2099	1.66	204	0	0	12	21.98	0.00	0.02	2.87	86.25	89.08	0.00	43	0	43	0.00	0.00	66.71	8.11	0.00	0.00	2000
228	10.77	2124	2097	0.02	203	0	0	0	nan	0.00	0.02	3.26	85.83	89.23	0.00	43	0	43	0.00	0.00	66.36	7.55	0.00	0.00	2000
235	10.78	2147	2128	0.00	213	0	0	0	nan	0.00	0.00	4.12	86.25	89.22	0.00	43	0	43	0.00	0.00	68.06	7.95	0.00	0.00	2000
226	10.59	2156	2075	0.00	204	0	0	0	nan	0.00	0.00	3.43	84.95	89.41	0.00	43	0	43	0.00	0.00	65.45	7.74	0.00	0.00	2000
229	10.66	2138	2111	0.00	202	0	0	0	nan	0.00	0.02	2.83	86.97	89.34	0.00	43	0	43	0.00	0.00	67.05	7.80	0.00	0.00	2000
226	10.84	2099	2091	0.00	203	0	0	0	nan	0.00	0.00	2.91	85.83	89.16	0.00	43	0	43	0.00	0.00	65.80	7.84	0.00	0.00	2000
226	10.64	2138	2085	0.00	204	0	0	0	nan	0.01	0.01	2.76	85.95	89.36	0.00	43	0	43	0.00	0.00	65.73	7.90	0.00	0.00	2000
231	11.20	2046	2113	0.00	228	0	0	0	nan	0.00	0.00	4.75	84.65	88.80	0.00	43	0	43	0.00	0.00	66.84	8.08	0.00	0.00	2000
237	11.45	2075	2099	0.00	204	0	0	0	nan	0.01	0.00	4.28	84.30	88.55	0.00	43	0	43	0.00	0.00	66.84	7.85	0.00	0.00	2000
231	11.06	2066	2123	0.00	220	0	0	0	nan	0.00	0.02	3.57	86.38	88.94	0.00	43	0	43	0.00	0.00	67.73	8.11	0.00	0.00	2000
223	10.69	2106	2075	0.00	201	0	0	0	nan	0.00	0.00	3.83	84.53	89.31	0.00	42	0	43	0.00	0.00	63.13	7.48	0.00	0.00	2000
236	10.82	2156	2124	0.00	203	0	0	0	nan	0.00	0.02	2.53	87.62	89.18	0.00	42	0	43	0.00	0.00	65.39	7.52	0.00	0.00	2000
223	10.79	2097	2073	0.00	211	0	0	0	nan	0.00	0.00	3.71	84.38	89.21	0.00	42	0	43	0.00	0.00	66.69	7.71	0.00	0.00	2000
234	11.05	2099	2117	0.00	207	0	0	0	nan	0.00	0.01	4.33	85.42	88.95	0.00	41	0	43	0.00	0.00	65.92	7.79	0.00	0.00	2000
226	10.88	2096	2083	0.00	204	0	0	0	nan	0.00	0.00	3.60	84.94	89.12	0.00	42	0	43	0.00	0.00	63.70	7.68	0.00	0.00	2000
231	11.03	2087	2108	0.00	201	0	0	0	nan	0.00	0.04	3.27	86.13	88.97	0.00	42	0	43	0.00	0.00	67.45	8.63	0.00	0.00	2000
229	11.09	2077	2088	0.00	206	0	0	1	91.24	0.00	0.04	4.50	83.93	88.91	0.00	42	0	43	0.00	0.00	66.20	8.67	0.00	0.00	2000
230	10.83	2112	2116	1.11	232	0	0	33	10.75	0.00	0.02	4.38	85.51	89.17	0.00	42	0	43	0.00	0.00	67.67	8.83	0.00	0.00	2000
225	10.85	2095	2081	0.00	204	0	0	0	nan	0.00	0.00	2.85	85.56	89.15	0.00	42	0	43	0.00	0.00	65.85	8.41	0.00	0.00	2000
228	10.94	2079	2110	0.00	218	0	0	0	nan	0.00	0.00	3.52	86.06	89.06	0.00	42	0	43	0.00	0.00	65.14	8.57	0.00	0.00	2000
229	10.81	2114	2107	0.00	204	0	0	0	nan	0.00	0.00	3.58	86.04	89.19	0.00	42	0	43	0.00	0.00	69.71	8.80	0.00	0.00	2000
233	10.89	2132	2106	0.00	213	0	0	0	nan	0.00	0.00	3.73	85.65	89.11	0.00	42	0	43	0.00	0.00	64.53	8.84	0.00	0.00	2000
230	10.87	2105	2112	0.00	203	0	0	0	nan	0.01	0.00	3.48	86.19	89.13	0.00	42	0	43	0.00	0.00	67.71	8.99	0.00	0.00	2000
225	10.77	2115	2073	0.00	203	0	0	0	nan	0.00	0.00	3.37	84.78	89.23	0.00	42	0	43	0.00	0.00	65.63	8.67	0.00	0.00	2000
230	10.80	2110	2117	0.00	203	0	0	0	nan	0.00	0.03	3.57	86.39	89.20	0.00	42	0	43	0.00	0.00	67.70	8.93	0.00	0.00	2000
228	10.84	2119	2086	0.00	204	0	0	0	nan	0.00	0.02	3.91	84.71	89.16	0.00	42	0	43	0.00	0.00	66.34	8.53	0.00	0.00	2000
230	10.99	2096	2100	0.00	213	0	0	0	nan	0.00	0.00	3.61	85.44	89.01	0.00	42	0	43	0.00	0.00	67.05	8.76	0.00	0.00	2000
226	10.86	2097	2086	0.00	217	0	0	0	nan	0.00	0.00	3.14	85.44	89.14	0.00	42	0	43	0.00	0.00	66.08	8.57	0.00	0.00	2000
230	11.18	2035	2120	0.00	204	0	0	0	nan	0.00	0.00	4.24	85.55	88.82	0.00	42	0	43	0.00	0.00	67.58	8.88	0.00	0.00	2000
227	10.83	2100	2091	0.00	220	0	0	0	nan	0.00	0.00	3.31	85.48	89.17	0.00	42	0	43	0.00	0.00	66.56	8.70	0.00	0.00	2000
231	11.20	2051	2110	0.00	229	0	0	0	nan	0.00	0.00	3.70	85.59	88.80	0.00	42	0	43	0.00	0.00	69.60	9.03	0.00	0.00	2000
228	11.15	2044	2100	0.00	203	0	0	0	nan	0.00	0.00	2.44	86.56	88.85	0.00	42	0	43	0.00	0.00	62.38	7.37	0.00	0.00	2000
225	10.90	2083	2084	0.00	203	0	0	0	nan	0.00	0.02	3.10	85.34	89.10	0.00	42	0	43	0.00	0.00	64.06	7.49	0.00	0.00	2000
231	11.19	2038	2126	0.15	220	0	0	2	87.20	0.00	0.00	4.56	85.51	88.81	0.00	42	0	43	0.00	0.00	68.94	8.15	0.00	0.00	2000
227	11.03	2083	2073	0.70	202	0	0	24	10.77	0.00	0.02	3.93	83.88	88.97	0.00	41	0	43	0.00	0.00	61.02	7.43	0.00	0.00	2000
229	11.04	2060	2113	0.00	227	0	0	0	nan	0.00	0.00	4.18	85.40	88.96	0.00	41	0	42	0.00	0.00	65.73	7.87	0.00	0.00	2000
230	11.00	2088	2101	0.00	206	0	0	0	nan	0.00	0.00	3.25	85.79	89.00	0.00	41	0	43	0.00	0.00	65.36	7.80	0.00	0.00	2000
231	10.95	2089	2121	0.00	223	0	0	0	nan	0.00	0.00	3.86	86.05	89.05	0.00	41	0	43	0.00	0.00	68.35	8.12	0.00	0.00	2000
112	8.20	1370	2089	0.00	227	0	0	0	nan	0.00	0.00	8.57	82.75	91.80	0.00	38	0	43	0.00	0.00	60.32	7.55	0.00	0.00	2000
79	6.62	1192	2105	0.00	193	0	0	0	nan	0.00	0.00	2.94	90.59	93.38	0.00	38	0	43	0.00	0.00	59.02	7.58	0.00	0.00	2000
74	6.40	1154	2103	0.00	193	0	0	0	nan	0.00	0.02	3.01	90.63	93.60	0.00	38	0	43	0.00	0.00	57.86	7.52	0.00	0.00	2000
96	6.86	1410	2080	0.00	98	0	0	0	nan	0.00	0.00	5.79	86.29	93.14	0.00	38	0	43	0.00	0.00	59.00	7.73	0.00	0.00	2000
