Avg_MHz	Busy%	Bzy_MHz	TSC_MHz	IPC	IRQ	NMI	SMI	LLCMRPS	LLC%hit	POLL%	C1%	C1E%	C6%	CPU%c1	CPU%c6	CoreTmp	CoreThr	PkgTmp	Pkg%pc2	Pkg%pc6	PkgWatt	RAMWatt	PKG_%	RAM_%	UncMHz
292	16.94	1866	1939	0.00	260	0	0	0	nan	0.00	0.00	33.43	43.28	83.06	0.00	37	0	43	0.00	0.00	54.33	6.77	0.00	0.00	2000
500	19.77	2269	2342	0.00	266	0	0	0	nan	0.06	1.15	17.11	71.48	80.23	0.00	38	0	43	0.00	0.00	81.82	9.17	0.00	0.00	2000
79	6.81	1167	2094	0.00	194	0	0	0	nan	0.00	0.02	12.86	80.17	93.19	0.00	37	0	43	0.00	0.00	59.21	7.72	0.00	0.00	2000
73	6.43	1132	2117	0.00	193	0	0	0	nan	0.00	0.00	3.26	91.02	93.57	0.00	37	0	42	0.00	0.00	57.21	7.38	0.00	0.00	2000
74	6.73	1110	2081	0.00	194	0	0	0	nan	0.00	0.00	3.18	89.32	93.27	0.00	37	0	42	0.00	0.00	58.11	7.45	0.00	0.00	2000
79	6.92	1146	2091	0.00	198	0	0	0	nan	0.00	0.00	4.20	88.45	93.08	0.00	37	0	42	0.00	0.00	56.25	7.23	0.00	0.00	2000
74	6.61	1105	2118	0.00	195	0	0	0	nan	0.00	0.00	1.79	92.49	93.39	0.00	37	0	42	0.00	0.00	60.93	7.68	0.00	0.00	2000
71	6.85	1040	2086	0.00	194	0	0	0	nan	0.00	0.00	2.45	90.15	93.15	0.00	37	0	42	0.00	0.00	58.87	7.58	0.00	0.00	2000
73	6.79	1073	2100	0.00	209	0	0	0	nan	0.00	0.00	3.57	89.53	93.21	0.00	37	0	42	0.00	0.00	57.79	7.46	0.00	0.00	2000
72	6.66	1074	2105	0.00	193	0	0	0	nan	0.00	0.00	3.85	89.82	93.34	0.00	37	0	42	0.00	0.00	58.32	7.59	0.00	0.00	2000
73	7.06	1034	2092	0.00	194	0	0	0	nan	0.00	0.00	2.90	89.81	92.94	0.00	37	0	42	0.00	0.00	56.61	7.23	0.00	0.00	2000
74	6.90	1054	2131	0.00	194	0	0	0	nan	0.00	0.00	2.11	92.36	93.10	0.00	37	0	43	0.00	0.00	60.12	7.81	0.00	0.00	2000
73	6.97	1055	2090	0.00	193	0	0	0	nan	0.00	0.02	2.66	89.99	93.03	0.00	37	0	42	0.00	0.00	58.89	7.48	0.00	0.00	2000
73	6.75	1080	2105	0.00	193	0	0	0	nan	0.00	0.02	3.19	90.35	93.25	0.00	37	0	42	0.00	0.00	58.82	7.51	0.00	0.00	2000
73	6.98	1049	2099	0.00	193	0	0	0	nan	0.00	0.02	3.62	89.41	93.02	0.00	37	0	42	0.00	0.00	58.33	7.57	0.00	0.00	2000
73	6.54	1111	2105	0.00	193	0	0	1	88.06	0.00	0.00	3.69	90.06	93.46	0.00	37	0	42	0.00	0.00	58.72	7.59	0.00	0.00	2000
72	6.60	1100	2075	0.14	193	0	0	2	87.12	0.00	0.00	3.36	89.01	93.40	0.00	37	0	42	0.00	0.00	56.63	7.44	0.00	0.00	2000
72	6.53	1092	2120	0.00	193	0	0	0	nan	0.00	0.01	2.32	92.05	93.47	0.00	37	0	43	0.00	0.00	59.23	7.53	0.00	0.00	2000
145	8.96	1617	2105	0.00	208	0	0	0	nan	0.00	0.56	4.56	86.37	91.04	0.00	37	0	42	0.00	0.00	60.87	7.53	0.00	0.00	2000
223	10.89	2050	2101	0.00	199	0	0	0	nan	0.00	0.01	5.83	83.40	89.11	0.00	39	0	42	0.00	0.00	65.80	7.65	0.00	0.00	2000
222	10.83	2053	2093	0.00	200	0	0	0	nan	0.00	0.02	4.70	84.30	89.17	0.00	39	0	42	0.00	0.00	64.48	7.54	0.00	0.00	2000
220	11.17	2037	2026	0.00	198	0	0	0	nan	0.00	0.02	4.29	81.56	88.83	0.00	39	0	42	0.00	0.00	62.06	7.22	0.00	0.00	2000
225	10.47	2067	2186	0.00	205	0	0	0	nan	0.00	0.05	5.84	87.38	89.53	0.00	40	0	42	0.00	0.00	65.78	7.64	0.00	0.00	2000
227	11.34	2057	2039	0.00	198	0	0	0	nan	0.00	0.02	4.70	81.41	88.66	0.00	38	0	42	0.00	0.00	61.12	7.72	0.00	0.00	2000
236	10.89	2104	2163	0.00	214	0	0	0	nan	0.00	0.02	4.76	87.06	89.11	0.00	38	0	43	0.00	0.00	73.15	8.08	0.00	0.00	2000
231	10.97	2108	2099	0.00	201	0	0	0	nan	0.00	0.02	5.99	83.06	89.03	0.00	38	0	43	0.00	0.00	64.78	7.79	0.00	0.00	2000
232	11.37	2053	2083	0.00	216	0	0	0	nan	0.00	0.05	7.14	80.96	88.63	0.00	39	0	43	0.00	0.00	63.50	7.87	0.00	0.00	2000
224	11.21	1991	2111	0.00	197	0	0	0	nan	0.00	0.03	2.85	86.61	88.79	0.00	39	0	42	0.00	0.00	64.52	7.73	0.00	0.00	2000
221	11.33	1956	2093	0.00	197	0	0	0	nan	0.00	0.00	2.52	85.99	88.67	0.00	39	0	43	0.00	0.00	66.52	7.71	0.00	0.00	2000
221	11.01	2008	2099	0.00	193	0	0	0	nan	0.00	0.00	2.41	86.68	88.99	0.00	39	0	42	0.00	0.00	62.66	7.09	0.00	0.00	2000
221	11.00	2008	2097	0.00	196	0	0	0	nan	0.00	0.00	3.46	85.52	89.00	0.00	39	0	42	0.00	0.00	64.29	7.43	0.00	0.00	2000
221	10.96	2004	2113	0.00	196	0	0	0	nan	0.00	0.02	3.35	86.30	89.04	0.00	40	0	42	0.00	0.00	65.38	7.59	0.00	0.00	2000
224	11.02	2025	2103	0.00	196	0	0	2	74.37	0.00	0.00	3.44	85.78	88.98	0.00	40	0	43	0.00	0.00	62.49	7.58	0.00	0.00	2000
220	10.98	2059	2043	0.77	194	0	0	10	78.71	0.00	0.00	3.18	83.51	89.02	0.00	40	0	43	0.00	0.00	66.80	7.29	0.00	0.00	2000
224	10.68	2041	2154	0.00	196	0	0	0	nan	0.00	0.02	3.37	88.39	89.32	0.00	40	0	43	0.00	0.00	64.52	7.50	0.00	0.00	2000
223	10.82	2063	2097	0.00	211	0	0	0	nan	0.00	0.02	2.97	86.17	89.18	0.00	40	0	43	0.00	0.00	66.68	7.45	0.00	0.00	2000
223	11.33	2096	1969	0.00	194	0	0	0	nan	0.00	0.00	4.09	79.08	88.67	0.00	38	0	42	0.00	0.00	59.48	6.96	0.00	0.00	2000
227	10.66	2003	2234	0.00	273	0	0	0	nan	0.00	0.00	13.52	81.61	89.34	0.00	39	0	42	0.00	0.00	70.21	8.55	0.00	0.00	2000
223	11.25	1976	2111	0.00	213	0	0	0	nan	0.00	0.02	3.43	85.95	88.75	0.00	40	0	42	0.00	0.00	65.42	8.01	0.00	0.00	2000
224	11.22	2002	2098	0.00	194	0	0	0	nan	0.00	0.00	3.84	84.97	88.78	0.00	40	0	43	0.00	0.00	64.29	7.81	0.00	0.00	2000
225	11.23	1995	2106	0.00	211	0	0	0	nan	0.00	0.00	3.16	86.01	88.77	0.00	40	0	43	0.00	0.00	66.82	8.01	0.00	0.00	2000
224	10.72	2085	2101	0.00	194	0	0	0	nan	0.00	0.00	2.61	86.83	89.28	0.00	40	0	42	0.00	0.00	62.95	7.67	0.00	0.00	2000
224	11.32	2097	1982	0.00	195	0	0	0	nan	0.01	0.00	3.11	80.62	88.68	0.00	39	0	42	0.00	0.00	61.54	7.52	0.00	0.00	2000
228	10.80	1990	2228	0.00	197	0	0	0	nan	0.00	0.02	4.09	90.74	89.20	0.00	40	0	43	0.00	0.00	68.41	8.27	0.00	0.00	2000
222	10.89	2039	2097	0.00	195	0	0	0	nan	0.00	0.00	3.00	86.05	89.11	0.00	40	0	43	0.00	0.00	64.64	7.80	0.00	0.00	2000
224	11.39	1989	2082	0.00	197	0	0	0	nan	0.00	0.00	4.23	83.76	88.61	0.00	40	0	43	0.00	0.00	65.64	7.72	0.00	0.00	2000
219	10.73	2079	2062	0.00	195	0	0	0	nan	0.00	0.00	3.00	84.73	89.27	0.00	40	0	43	0.00	0.00	63.82	7.31	0.00	0.00	2000
224	10.89	2002	2153	0.00	195	0	0	0	nan	0.00	0.02	3.94	87.53	89.11	0.00	41	0	42	0.00	0.00	65.01	7.60	0.00	0.00	2000
222	10.90	2029	2109	0.00	213	0	0	0	nan	0.00	0.04	4.63	84.98	89.10	0.00	40	0	42	0.00	0.00	66.39	7.55	0.00	0.00	2000
219	11.32	2005	2029	0.00	195	0	0	3	83.91	0.00	0.02	3.51	82.29	88.68	0.00	40	0	42	0.00	0.00	60.78	7.52	0.00	0.00	2000
226	10.89	2004	2173	0.70	194	0	0	5	88.46	0.00	0.01	2.26	90.07	89.11	0.00	40	0	43	0.00	0.00	65.91	7.68	0.00	0.00	2000
222	11.03	2025	2086	0.00	195	0	0	0	nan	0.00	0.00	3.45	85.14	88.97	0.00	40	0	43	0.00	0.00	63.55	7.39	0.00	0.00	2000
218	11.00	2025	2056	0.00	195	0	0	0	nan	0.01	0.00	2.12	85.18	89.00	0.00	40	0	43	0.00	0.00	65.35	7.58	0.00	0.00	2000
220	10.81	2031	2103	0.00	194	0	0	0	nan	0.00	0.02	2.83	86.55	89.19	0.00	41	0	43	0.00	0.00	64.46	7.47	0.00	0.00	2000
220	10.63	2030	2144	0.00	195	0	0	0	nan	0.00	0.02	3.04	88.30	89.37	0.00	41	0	43	0.00	0.00	64.34	7.37	0.00	0.00	2000
221	11.19	1978	2095	0.00	212	0	0	0	nan	0.00	0.00	2.88	85.85	88.81	0.00	41	0	42	0.00	0.00	64.15	7.50	0.00	0.00	2000
221	10.57	2093	2101	0.00	196	0	0	0	nan	0.00	0.00	2.84	86.79	89.43	0.00	40	0	43	0.00	0.00	65.07	7.58	0.00	0.00	2000
217	10.95	2084	1992	0.00	196	0	0	0	nan	0.00	0.00	2.30	82.30	89.05	0.00	41	0	42	0.00	0.00	59.45	6.85	0.00	0.00	2000
223	10.20	2079	2212	0.00	194	0	0	0	nan	0.00	0.01	2.45	92.26	89.80	0.00	41	0	42	0.00	0.00	70.53	8.17	0.00	0.00	2000
218	10.80	2064	2055	0.00	193	0	0	0	nan	0.01	0.00	3.00	84.43	89.20	0.00	40	0	42	0.00	0.00	60.24	7.22	0.00	0.00	2000
223	11.09	1951	2162	0.00	197	0	0	0	nan	0.00	0.01	3.35	88.35	88.91	0.00	40	0	42	0.00	0.00	67.39	7.83	0.00	0.00	2000
221	11.01	2032	2079	0.00	195	0	0	0	nan	0.00	0.00	2.63	85.56	88.99	0.00	40	0	43	0.00	0.00	63.14	7.69	0.00	0.00	2000
221	10.81	2038	2108	0.00	194	0	0	0	nan	0.00	0.00	2.75	86.93	89.19	0.00	40	0	42	0.00	0.00	65.64	7.75	0.00	0.00	2000
223	10.93	2027	2113	0.00	194	0	0	0	nan	0.00	0.02	2.81	86.97	89.07	0.00	40	0	43	0.00	0.00	62.55	7.75	0.00	0.00	2000
218	11.15	2033	2023	0.00	194	0	0	0	nan	0.00	0.00	2.67	83.08	88.85	0.00	41	0	42	0.00	0.00	64.79	7.30	0.00	0.00	2000
223	10.87	1989	2169	0.00	199	0	0	0	nan	0.00	0.02	3.73	88.39	89.13	0.00	41	0	42	0.00	0.00	67.15	7.73	0.00	0.00	2000
219	10.93	2039	2060	0.00	211	0	0	3	94.32	0.00	0.00	3.21	84.26	89.07	0.00	40	0	43	0.00	0.00	62.00	7.23	0.00	0.00	2000
222	10.92	2028	2108	0.68	194	0	0	6	76.86	0.00	0.02	2.96	86.56	89.08	0.00	41	0	42	0.00	0.00	64.22	7.35	0.00	0.00	2000
220	10.86	2050	2072	0.00	212	0	0	0	nan	0.00	0.02	2.87	85.22	89.14	0.00	41	0	42	0.00	0.00	64.46	7.39	0.00	0.00	2000
223	10.65	2052	2146	0.00	196	0	0	0	nan	0.00	0.02	2.89	88.51	89.35	0.00	41	0	42	0.00	0.00	64.37	7.38	0.00	0.00	2000
216	11.11	2065	1978	0.00	195	0	0	0	nan	0.00	0.01	2.83	80.98	88.89	0.00	41	0	43	0.00	0.00	62.50	7.09	0.00	0.00	2000
223	10.70	1983	2208	0.00	210	0	0	0	nan	0.00	0.00	2.88	91.15	89.30	0.00	41	0	43	0.00	0.00	67.45	7.73	0.00	0.00	2000
222	10.79	2039	2118	0.00	194	0	0	0	nan	0.00	0.00	2.78	87.27	89.21	0.00	41	0	43	0.00	0.00	64.32	7.53	0.00	0.00	2000
221	10.59	2091	2091	0.00	194	0	0	0	nan	0.00	0.01	3.00	86.19	89.41	0.00	41	0	42	0.00	0.00	64.39	7.55	0.00	0.00	2000
222	10.80	2031	2129	0.00	195	0	0	0	nan	0.00	0.02	2.84	87.78	89.20	0.00	41	0	42	0.00	0.00	67.16	7.52	0.00	0.00	2000
219	11.00	2021	2069	0.00	194	0	0	0	nan	0.00	0.00	3.08	84.82	89.00	0.00	41	0	43	0.00	0.00	61.17	7.47	0.00	0.00	2000
221	10.62	2056	2125	0.00	195	0	0	0	nan	0.00	0.00	2.68	87.92	89.38	0.00	41	0	42	0.00	0.00	64.33	7.60	0.00	0.00	2000
219	10.97	2026	2071	0.00	194	0	0	0	nan	0.00	0.01	2.96	84.98	89.03	0.00	41	0	43	0.00	0.00	63.51	7.37	0.00	0.00	2000
220	10.62	2048	2126	0.00	194	0	0	0	nan	0.00	0.02	3.12	87.43	89.38	0.00	41	0	42	0.00	0.00	64.35	7.39	0.00	0.00	2000
221	10.99	2028	2083	0.00	196	0	0	0	nan	0.00	0.00	3.49	84.95	89.01	0.00	41	0	43	0.00	0.00	64.42	7.31	0.00	0.00	2000
221	10.59	2056	2132	0.00	195	0	0	0	nan	0.00	0.02	3.17	87.70	89.41	0.00	41	0	42	0.00	0.00	64.12	7.59	0.00	0.00	2000
220	10.91	2016	2098	0.00	194	0	0	0	nan	0.00	0.00	3.50	85.67	89.09	0.00	41	0	42	0.00	0.00	66.93	7.75	0.00	0.00	2000
220	10.68	2057	2103	0.00	195	0	0	0	nan	0.00	0.00	3.05	86.44	89.32	0.00	41	0	42	0.00	0.00	61.78	7.10	0.00	0.00	2000
218	10.79	2061	2059	0.00	194	0	0	2	79.32	0.00	0.00	3.48	84.12	89.21	0.00	41	0	42	0.00	0.00	62.21	7.06	0.00	0.00	2000
221	11.52	1998	2016	0.78	194	0	0	7	51.51	0.00	0.00	2.73	82.33	88.48	0.00	41	0	43	0.00	0.00	64.40	7.80	0.00	0.00	2000
226	10.85	1989	2196	0.00	212	0	0	0	nan	0.00	0.00	2.45	90.88	89.15	0.00	41	0	42	0.00	0.00	67.30	7.91	0.00	0.00	2000
215	11.12	2044	1990	0.00	199	0	0	0	nan	0.00	0.00	2.35	82.00	88.88	0.00	41	0	43	0.00	0.00	61.95	7.26	0.00	0.00	2000
231	10.85	2015	2218	0.00	211	0	0	0	nan	0.00	0.00	2.91	91.39	89.15	0.00	41	0	42	0.00	0.00	64.70	7.68	0.00	0.00	2000
221	10.89	1986	2143	0.00	194	0	0	0	nan	0.00	0.01	3.08	88.06	89.11	0.00	41	0	43	0.00	0.00	66.96	7.84	0.00	0.00	2000
221	11.01	2035	2069	0.00	196	0	0	0	nan	0.00	0.00	3.80	84.03	88.99	0.00	41	0	43	0.00	0.00	61.84	7.02	0.00	0.00	2000
220	10.72	2020	2133	0.00	195	0	0	0	nan	0.00	0.00	3.41	87.46	89.28	0.00	41	0	43	0.00	0.00	67.07	7.71	0.00	0.00	2000
219	10.95	2024	2073	0.00	196	0	0	0	nan	0.00	0.00	2.87	85.20	89.05	0.00	41	0	42	0.00	0.00	61.67	7.11	0.00	0.00	2000
220	10.91	2034	2084	0.00	195	0	0	0	nan	0.00	0.00	3.48	85.08	89.09	0.00	40	0	42	0.00	0.00	63.98	7.34	0.00	0.00	2000
220	10.69	2040	2119	0.00	195	0	0	0	nan	0.00	0.00	3.94	86.36	89.31	0.00	41	0	43	0.00	0.00	64.44	7.45	0.00	0.00	2000
222	11.09	1988	2112	0.00	195	0	0	0	nan	0.00	0.00	4.80	84.80	88.91	0.00	41	0	42	0.00	0.00	64.46	7.38	0.00	0.00	2000
220	10.72	2057	2095	0.00	195	0	0	0	nan	0.00	0.00	3.44	85.71	89.28	0.00	40	0	42	0.00	0.00	64.59	7.63	0.00	0.00	2000
219	11.15	1968	2099	0.00	194	0	0	0	nan	0.00	0.00	3.38	85.59	88.85	0.00	41	0	42	0.00	0.00	66.86	7.73	0.00	0.00	2000
221	10.75	2054	2102	0.00	195	0	0	0	nan	0.00	0.00	3.72	85.71	89.25	0.00	41	0	42	0.00	0.00	62.27	7.35	0.00	0.00	2000
220	10.64	2060	2109	0.00	211	0	0	0	nan	0.00	0.00	2.86	87.01	89.36	0.00	41	0	43	0.00	0.00	65.23	7.63	0.00	0.00	2000
219	11.09	2023	2054	0.00	195	0	0	0	nan	0.01	0.01	2.76	84.31	88.91	0.00	40	0	43	0.00	0.00	62.66	7.43	0.00	0.00	2000
218	10.95	2008	2080	0.12	195	0	0	3	94.08	0.00	0.01	2.72	85.64	89.05	0.00	40	0	42	0.00	0.00	61.43	7.24	0.00	0.00	2000
222	11.00	2002	2115	0.58	211	0	0	3	94.97	0.00	0.02	3.26	86.55	89.00	0.00	40	0	42	0.00	0.00	68.56	7.96	0.00	0.00	2000
219	10.69	2055	2093	0.00	194	0	0	0	nan	0.01	0.00	2.33	86.72	89.31	0.00	41	0	42	0.00	0.00	62.35	7.38	0.00	0.00	2000
224	10.58	2056	2159	0.00	195	0	0	0	nan	0.00	0.00	3.02	88.98	89.42	0.00	41	0	42	0.00	0.00	65.63	7.71	0.00	0.00	2000
220	10.73	2042	2108	0.00	196	0	0	0	nan	0.00	0.01	2.79	86.94	89.27	0.00	40	0	42	0.00	0.00	64.35	7.51	0.00	0.00	2000
218	10.95	2049	2044	0.00	195	0	0	0	nan	0.00	0.00	3.47	83.25	89.05	0.00	40	0	42	0.00	0.00	63.35	7.50	0.00	0.00	2000
223	10.66	2026	2168	0.00	197	0	0	0	nan	0.01	0.00	4.23	88.12	89.34	0.00	41	0	42	0.00	0.00	65.87	7.82	0.00	0.00	2000
219	11.12	2006	2059	0.00	196	0	0	0	nan	0.00	0.02	3.60	83.70	88.88	0.00	40	0	42	0.00	0.00	64.07	8.40	0.00	0.00	2000
222	11.04	2003	2108	0.00	194	0	0	0	nan	0.00	0.00	3.19	86.21	88.96	0.00	40	0	43	0.00	0.00	66.10	9.06	0.00	0.00	2000
221	11.11	1986	2108	0.00	196	0	0	0	nan	0.00	0.00	3.91	85.54	88.89	0.00	40	0	42	0.00	0.00	66.31	8.98	0.00	0.00	2000
220	11.11	2003	2079	0.00	193	0	0	0	nan	0.00	0.00	3.07	85.12	88.89	0.00	40	0	42	0.00	0.00	66.50	9.11	0.00	0.00	2000
221	10.85	2025	2116	0.00	195	0	0	0	nan	0.00	0.02	2.98	86.88	89.15	0.00	40	0	42	0.00	0.00	66.06	9.09	0.00	0.00	2000
221	11.00	1976	2132	0.00	194	0	0	0	nan	0.00	0.00	3.21	87.29	89.00	0.00	41	0	42	0.00	0.00	66.43	8.09	0.00	0.00	2000
220	11.19	1974	2094	0.00	195	0	0	0	nan	0.00	0.00	4.50	84.16	88.81	0.00	40	0	43	0.00	0.00	64.93	7.58	0.00	0.00	2000
222	10.92	2025	2105	0.00	195	0	0	0	nan	0.00	0.00	3.94	85.53	89.08	0.00	40	0	43	0.00	0.00	65.94	7.79	0.00	0.00	2000
221	10.86	2036	2098	0.00	194	0	0	0	nan	0.00	0.00	2.82	86.42	89.14	0.00	41	0	43	0.00	0.00	63.61	7.40	0.00	0.00	2000
221	10.67	2068	2104	0.00	195	0	0	0	nan	0.00	0.00	2.43	87.18	89.33	0.00	41	0	42	0.00	0.00	65.30	7.67	0.00	0.00	2000
217	11.30	2047	1968	0.00	195	0	0	2	61.66	0.00	0.00	2.58	80.67	88.70	0.00	41	0	42	0.00	0.00	59.55	6.92	0.00	0.00	2000
227	10.43	2038	2237	0.80	195	0	0	4	68.05	0.00	0.00	2.66	92.89	89.57	0.00	40	0	43	0.00	0.00	68.96	8.08	0.00	0.00	2000
222	10.94	2030	2103	0.00	195	0	0	0	nan	0.00	0.00	3.11	86.17	89.06	0.00	41	0	43	0.00	0.00	67.03	7.70	0.00	0.00	2000
217	11.23	2061	1966	0.00	194	0	0	0	nan	0.00	0.00	2.68	80.59	88.77	0.00	41	0	42	0.00	0.00	59.14	6.95	0.00	0.00	2000
225	10.40	2028	2242	0.00	195	0	0	0	nan	0.00	0.00	2.00	93.80	89.60	0.00	41	0	43	0.00	0.00	69.32	8.21	0.00	0.00	2000
220	10.73	2057	2096	0.00	195	0	0	0	nan	0.01	0.00	2.74	86.46	89.27	0.00	40	0	43	0.00	0.00	65.19	7.54	0.00	0.00	2000
216	11.20	2044	1985	0.00	194	0	0	0	nan	0.00	0.02	2.96	81.12	88.80	0.00	41	0	43	0.00	0.00	59.57	7.03	0.00	0.00	2000
225	10.57	2019	2217	0.00	196	0	0	0	nan	0.00	0.02	2.75	91.75	89.44	0.00	41	0	42	0.00	0.00	67.69	7.80	0.00	0.00	2000
221	10.92	2016	2107	0.00	194	0	0	0	nan	0.00	0.02	3.06	86.53	89.08	0.00	41	0	43	0.00	0.00	65.83	7.88	0.00	0.00	2000
232	11.31	2053	2094	0.00	199	0	0	0	nan	0.00	0.02	5.11	83.47	88.69	0.00	41	0	42	0.00	0.00	64.64	7.46	0.00	0.00	2000
220	10.98	2007	2101	0.00	195	0	0	0	nan	0.00	0.00	4.00	85.26	89.02	0.00	40	0	42	0.00	0.00	65.02	7.77	0.00	0.00	2000
220	10.69	2065	2098	0.00	195	0	0	0	nan	0.00	0.00	2.79	86.66	89.31	0.00	40	0	42	0.00	0.00	61.73	7.25	0.00	0.00	2000
215	11.44	2014	1960	0.00	195	0	0	0	nan	0.00	0.02	2.70	80.11	88.56	0.00	41	0	42	0.00	0.00	59.06	6.81	0.00	0.00	2000
227	10.27	2075	2243	0.00	199	0	0	0	nan	0.00	0.02	2.85	93.13	89.73	0.00	41	0	42	0.00	0.00	70.72	8.27	0.00	0.00	2000
222	10.88	2036	2110	0.00	196	0	0	0	nan	0.00	0.02	3.23	86.51	89.12	0.00	40	0	43	0.00	0.00	66.40	7.47	0.00	0.00	2000
220	10.96	2012	2099	0.00	194	0	0	0	nan	0.01	0.00	2.81	86.37	89.04	0.00	40	0	42	0.00	0.00	63.69	7.80	0.00	0.00	2000
220	11.10	1986	2099	0.00	195	0	0	0	nan	0.00	0.01	2.91	86.14	88.90	0.00	40	0	42	0.00	0.00	62.38	7.43	0.00	0.00	2000
220	10.90	2020	2099	0.00	195	0	0	1	71.77	0.01	0.00	2.81	86.38	89.10	0.00	40	0	42	0.00	0.00	62.46	7.31	0.00	0.00	2000
219	11.37	2055	1966	0.77	179	0	0	5	59.07	0.00	0.01	2.46	80.63	88.63	0.00	40	0	42	0.00	0.00	61.00	7.06	0.00	0.00	2000
223	10.88	1924	2240	0.00	211	0	0	0	nan	0.00	0.02	1.99	93.31	89.12	0.00	40	0	42	0.00	0.00	69.19	8.26	0.00	0.00	2000
220	11.21	1957	2105	0.00	194	0	0	0	nan	0.00	0.00	3.11	86.09	88.79	0.00	40	0	42	0.00	0.00	64.93	7.58	0.00	0.00	2000
219	10.63	2059	2099	0.00	210	0	0	0	nan	0.00	0.00	3.15	86.37	89.37	0.00	41	0	42	0.00	0.00	62.87	7.39	0.00	0.00	2000
220	11.00	2060	2042	0.00	194	0	0	0	nan	0.00	0.00	2.90	83.80	89.00	0.00	41	0	42	0.00	0.00	64.73	7.60	0.00	0.00	2000
222	10.59	2041	2155	0.00	196	0	0	0	nan	0.00	0.00	3.18	88.73	89.41	0.00	40	0	42	0.00	0.00	64.53	7.51	0.00	0.00	2000
221	10.82	2037	2110	0.00	195	0	0	0	nan	0.00	0.00	3.36	86.37	89.18	0.00	40	0	43	0.00	0.00	66.15	7.74	0.00	0.00	2000
222	10.59	2102	2094	0.00	195	0	0	0	nan	0.00	0.00	3.22	86.03	89.41	0.00	40	0	42	0.00	0.00	62.22	7.35	0.00	0.00	2000
221	10.57	2091	2101	0.00	196	0	0	0	nan	0.00	0.02	2.70	86.79	89.43	0.00	41	0	42	0.00	0.00	63.42	7.55	0.00	0.00	2000
220	10.85	2025	2102	0.00	194	0	0	0	nan	0.00	0.00	2.17	87.17	89.15	0.00	40	0	42	0.00	0.00	62.98	7.29	0.00	0.00	2000
218	11.20	2074	1974	0.00	195	0	0	0	nan	0.00	0.00	2.65	80.93	88.80	0.00	40	0	42	0.00	0.00	59.16	7.33	0.00	0.00	2000
224	10.54	2000	2227	0.00	196	0	0	0	nan	0.00	0.01	3.11	91.85	89.46	0.00	40	0	42	0.00	0.00	73.07	8.10	0.00	0.00	2000
221	11.04	2005	2101	0.00	198	0	0	0	nan	0.00	0.00	3.47	85.64	88.96	0.00	41	0	42	0.00	0.00	65.02	7.67	0.00	0.00	2000
220	10.89	2017	2103	0.00	210	0	0	0	nan	0.00	0.00	3.21	86.14	89.11	0.00	40	0	42	0.00	0.00	61.40	7.13	0.00	0.00	2000
218	11.21	2043	2001	0.00	194	0	0	0	nan	0.00	0.00	2.80	81.95	88.79	0.00	41	0	42	0.00	0.00	61.85	7.34	0.00	0.00	2000
223	10.49	2033	2200	0.00	196	0	0	0	nan	0.00	0.00	2.73	91.20	89.51	0.00	40	0	42	0.00	0.00	69.74	8.16	0.00	0.00	2000
222	11.10	1995	2104	0.00	195	0	0	2	78.53	0.00	0.01	3.04	86.19	88.90	0.00	40	0	42	0.00	0.00	66.08	7.36	0.00	0.00	2000
221	10.69	2070	2098	0.81	195	0	0	5	60.98	0.00	0.02	3.11	86.13	89.31	0.00	40	0	42	0.00	0.00	62.60	7.59	0.00	0.00	2000
220	10.72	2058	2098	0.00	194	0	0	0	nan	0.00	0.00	2.85	86.51	89.28	0.00	40	0	43	0.00	0.00	62.29	7.23	0.00	0.00	2000
220	10.70	2061	2097	0.00	194	0	0	0	nan	0.00	0.00	3.56	85.76	89.30	0.00	40	0	42	0.00	0.00	64.63	7.42	0.00	0.00	2000
219	11.44	1990	2023	0.00	196	0	0	0	nan	0.00	0.02	2.89	82.58	88.56	0.00	41	0	42	0.00	0.00	61.66	7.18	0.00	0.00	2000
222	10.51	2031	2187	0.00	194	0	0	0	nan	0.00	0.01	2.92	90.38	89.49	0.00	41	0	42	0.00	0.00	70.90	8.11	0.00	0.00	2000
220	11.16	1972	2095	0.00	193	0	0	0	nan	0.00	0.00	3.42	85.39	88.84	0.00	41	0	43	0.00	0.00	59.52	6.90	0.00	0.00	2000
220	11.00	1998	2101	0.00	194	0	0	0	nan	0.00	0.00	3.36	85.83	89.00	0.00	41	0	42	0.00	0.00	65.08	7.43	0.00	0.00	2000
221	11.04	2000	2101	0.00	196	0	0	0	nan	0.00	0.00	3.74	85.42	88.96	0.00	40	0	43	0.00	0.00	66.57	7.70	0.00	0.00	2000
223	10.78	2065	2101	0.00	195	0	0	0	nan	0.00	0.00	3.28	86.01	89.22	0.00	40	0	42	0.00	0.00	65.80	7.57	0.00	0.00	2000
214	11.30	2032	1960	0.00	178	0	0	0	nan	0.00	0.02	2.24	80.68	88.70	0.00	40	0	42	0.00	0.00	60.64	6.89	0.00	0.00	2000
225	10.45	2000	2257	0.00	210	0	0	0	nan	0.00	0.01	2.32	94.03	89.55	0.00	40	0	42	0.00	0.00	68.74	7.92	0.00	0.00	2000
220	10.65	2076	2094	0.00	195	0	0	0	nan	0.00	0.00	3.31	85.90	89.35	0.00	41	0	42	0.00	0.00	62.58	7.39	0.00	0.00	2000
220	11.11	1981	2098	0.00	195	0	0	0	nan	0.00	0.02	3.02	85.96	88.89	0.00	40	0	42	0.00	0.00	64.54	7.51	0.00	0.00	2000
222	10.93	2027	2106	0.00	196	0	0	0	nan	0.00	0.02	3.24	86.05	89.07	0.00	41	0	43	0.00	0.00	67.05	7.54	0.00	0.00	2000
221	10.67	2068	2101	0.00	179	0	0	0	nan	0.00	0.02	2.15	87.40	89.33	0.00	41	0	43	0.00	0.00	66.14	7.70	0.00	0.00	2000
222	11.05	2010	2099	0.00	199	0	0	0	nan	0.00	0.00	4.54	84.41	88.95	0.00	40	0	42	0.00	0.00	60.45	6.95	0.00	0.00	2000
221	10.81	2039	2103	0.00	195	0	0	0	nan	0.00	0.00	3.22	86.20	89.19	0.00	41	0	43	0.00	0.00	65.52	7.52	0.00	0.00	2000
217	11.18	2035	2002	0.72	196	0	0	4	43.43	0.00	0.00	2.70	82.16	88.82	0.00	40	0	42	0.00	0.00	62.62	7.22	0.00	0.00	2000
229	10.70	2042	2204	0.14	198	0	0	0	nan	0.00	0.00	3.63	90.16	89.30	0.00	41	0	42	0.00	0.00	68.84	7.86	0.00	0.00	2000
222	10.66	2086	2097	0.00	196	0	0	0	nan	0.00	0.00	3.76	85.50	89.34	0.00	40	0	42	0.00	0.00	63.55	7.29	0.00	0.00	2000
218	10.97	2065	2019	0.00	195	0	0	0	nan	0.00	0.00	3.32	82.43	89.03	0.00	40	0	43	0.00	0.00	62.08	7.21	0.00	0.00	2000
223	10.52	2036	2190	0.00	194	0	0	0	nan	0.00	0.00	3.13	90.27	89.48	0.00	40	0	43	0.00	0.00	66.87	7.73	0.00	0.00	2000
220	10.61	2080	2098	0.00	195	0	0	0	nan	0.00	0.02	3.09	86.35	89.39	0.00	40	0	42	0.00	0.00	65.58	7.58	0.00	0.00	2000
217	11.47	2009	1974	0.00	194	0	0	0	nan	0.00	0.00	2.60	80.75	88.53	0.00	41	0	42	0.00	0.00	62.01	7.17	0.00	0.00	2000
226	10.55	2016	2231	0.00	197	0	0	0	nan	0.00	0.02	3.30	91.78	89.45	0.00	41	0	42	0.00	0.00	65.32	7.47	0.00	0.00	2000
222	10.62	2092	2103	0.00	194	0	0	0	nan	0.00	0.00	3.09	86.51	89.38	0.00	41	0	42	0.00	0.00	66.61	7.59	0.00	0.00	2000
220	11.03	1997	2096	0.00	194	0	0	0	nan	0.00	0.00	2.75	86.21	88.97	0.00	40	0	42	0.00	0.00	64.53	7.37	0.00	0.00	2000
220	11.07	1987	2101	0.00	194	0	0	0	nan	0.00	0.00	3.44	85.66	88.93	0.00	41	0	43	0.00	0.00	66.22	7.70	0.00	0.00	2000
220	10.83	2033	2099	0.00	195	0	0	0	nan	0.00	0.00	3.14	86.12	89.17	0.00	41	0	42	0.00	0.00	65.25	7.53	0.00	0.00	2000
218	11.48	2008	1983	0.00	195	0	0	0	nan	0.00	0.02	2.53	81.25	88.52	0.00	40	0	42	0.00	0.00	61.44	7.13	0.00	0.00	2000
226	10.29	2066	2228	0.00	196	0	0	0	nan	0.00	0.00	2.74	92.51	89.71	0.00	41	0	42	0.00	0.00	66.23	7.64	0.00	0.00	2000
221	10.67	2070	2102	0.00	196	0	0	0	nan	0.00	0.02	3.18	86.32	89.33	0.00	40	0	42	0.00	0.00	66.18	7.72	0.00	0.00	2000
217	11.09	2085	1969	0.00	195	0	0	0	nan	0.00	0.00	2.99	80.47	88.91	0.00	41	0	43	0.00	0.00	61.58	6.95	0.00	0.00	2000
227	10.51	2027	2238	0.00	196	0	0	0	nan	0.00	0.00	2.15	93.31	89.49	0.00	41	0	43	0.00	0.00	66.36	7.60	0.00	0.00	2000
222	10.73	2066	2100	0.50	194	0	0	4	52.22	0.00	0.02	3.38	86.03	89.27	0.00	41	0	42	0.00	0.00	64.85	7.73	0.00	0.00	2000
222	10.76	2070	2096	0.38	197	0	0	0	92.05	0.00	0.01	3.19	86.04	89.24	0.00	40	0	43	0.00	0.00	64.90	7.76	0.00	0.00	2000
221	10.87	2030	2102	0.00	197	0	0	0	nan	0.01	0.00	3.57	85.81	89.13	0.00	40	0	42	0.00	0.00	65.63	7.62	0.00	0.00	2000
220	10.64	2071	2098	0.00	179	0	0	0	nan	0.00	0.00	2.15	87.26	89.36	0.00	40	0	42	0.00	0.00	65.35	7.55	0.00	0.00	2000
216	11.29	2047	1965	0.00	195	0	0	0	nan	0.00	0.02	2.03	81.10	88.71	0.00	40	0	42	0.00	0.00	58.30	6.56	0.00	0.00	2000
224	10.56	1976	2253	0.00	212	0	0	0	nan	0.00	0.01	1.99	94.19	89.44	0.00	40	0	42	0.00	0.00	68.90	8.22	0.00	0.00	2000
222	11.02	2013	2102	0.00	194	0	0	0	nan	0.00	0.03	3.02	86.21	88.98	0.00	41	0	43	0.00	0.00	66.74	7.76	0.00	0.00	2000
222	10.74	2066	2097	0.00	196	0	0	0	nan	0.00	0.00	2.79	86.39	89.26	0.00	41	0	43	0.00	0.00	61.53	7.19	0.00	0.00	2000
223	10.88	2043	2102	0.00	179	0	0	0	nan	0.00	0.00	3.27	86.10	89.12	0.00	41	0	42	0.00	0.00	66.48	7.72	0.00	0.00	2000
226	10.95	2068	2098	0.00	195	0	0	0	nan	0.00	0.00	4.93	84.07	89.05	0.00	40	0	42	0.00	0.00	66.80	7.82	0.00	0.00	2000
221	10.74	2059	2099	0.00	211	0	0	0	nan	0.00	0.00	2.40	86.96	89.26	0.00	41	0	42	0.00	0.00	62.94	7.34	0.00	0.00	2000
221	10.81	2039	2102	0.00	179	0	0	0	nan	0.00	0.02	2.48	86.93	89.19	0.00	40	0	42	0.00	0.00	64.07	7.45	0.00	0.00	2000
222	10.40	2137	2099	0.00	194	0	0	0	nan	0.00	0.02	3.81	85.87	89.60	0.00	41	0	42	0.00	0.00	65.35	7.50	0.00	0.00	2000
221	10.81	2046	2098	0.00	194	0	0	0	nan	0.00	0.02	2.81	86.46	89.19	0.00	41	0	42	0.00	0.00	65.19	7.55	0.00	0.00	2000
217	10.99	2068	2009	0.00	195	0	0	0	nan	0.00	0.02	2.91	82.38	89.01	0.00	41	0	42	0.00	0.00	61.82	7.33	0.00	0.00	2000
223	10.71	1989	2200	0.00	196	0	0	0	nan	0.00	0.02	2.55	91.15	89.29	0.00	40	0	42	0.00	0.00	66.00	7.72	0.00	0.00	2000
221	11.09	1993	2100	0.00	193	0	0	0	nan	0.00	0.00	3.48	85.58	88.91	0.00	41	0	42	0.00	0.00	65.91	7.71	0.00	0.00	2000
218	11.33	2043	1974	0.11	195	0	0	3	60.27	0.00	0.00	2.88	80.56	88.67	0.00	41	0	42	0.00	0.00	60.02	6.93	0.00	0.00	2000
225	10.42	2027	2234	0.74	194	0	0	3	69.47	0.00	0.02	2.56	92.85	89.58	0.00	41	0	42	0.00	0.00	68.87	8.15	0.00	0.00	2000
221	10.77	2049	2100	0.00	194	0	0	0	nan	0.00	0.01	3.17	86.15	89.23	0.00	41	0	42	0.00	0.00	66.20	7.62	0.00	0.00	2000
219	11.49	2021	1978	0.00	195	0	0	0	nan	0.00	0.00	2.69	80.83	88.51	0.00	41	0	42	0.00	0.00	59.23	6.86	0.00	0.00	2000
224	10.44	2023	2229	0.00	195	0	0	0	nan	0.00	0.00	2.38	92.79	89.56	0.00	41	0	42	0.00	0.00	68.84	7.96	0.00	0.00	2000
224	11.13	2008	2104	0.00	198	0	0	0	nan	0.00	0.00	4.72	84.43	88.87	0.00	41	0	42	0.00	0.00	65.44	7.59	0.00	0.00	2000
221	10.86	2037	2094	0.00	197	0	0	0	nan	0.00	0.00	4.05	85.05	89.14	0.00	41	0	42	0.00	0.00	64.77	7.59	0.00	0.00	2000
220	10.86	2020	2104	0.00	195	0	0	0	nan	0.00	0.00	2.77	86.65	89.14	0.00	41	0	42	0.00	0.00	62.91	7.48	0.00	0.00	2000
220	11.06	1995	2097	0.00	178	0	0	0	nan	0.00	0.00	2.71	86.32	88.94	0.00	41	0	42	0.00	0.00	63.67	7.65	0.00	0.00	2000
226	11.05	2044	2104	0.00	196	0	0	0	nan	0.00	0.02	3.64	85.61	88.95	0.00	40	0	42	0.00	0.00	65.85	7.77	0.00	0.00	2000
218	11.17	2006	2043	0.00	194	0	0	0	nan	0.00	0.00	3.26	83.34	88.83	0.00	39	0	42	0.00	0.00	62.65	7.52	0.00	0.00	2000
223	10.88	2004	2152	0.00	199	0	0	0	nan	0.00	0.02	4.16	87.26	89.12	0.00	41	0	42	0.00	0.00	65.19	7.86	0.00	0.00	2000
220	10.86	2025	2104	0.00	211	0	0	0	nan	0.00	0.00	3.08	86.32	89.14	0.00	41	0	42	0.00	0.00	67.25	7.71	0.00	0.00	2000
221	10.94	2020	2097	0.00	194	0	0	0	nan	0.00	0.00	2.94	86.21	89.06	0.00	41	0	43	0.00	0.00	62.01	7.39	0.00	0.00	2000
220	11.03	1994	2100	0.00	194	0	0	0	nan	0.00	0.00	3.59	85.60	88.97	0.00	40	0	42	0.00	0.00	65.10	7.59	0.00	0.00	2000
217	11.32	2013	1997	0.00	196	0	0	0	nan	0.00	0.00	2.97	81.54	88.68	0.00	41	0	42	0.00	0.00	59.09	7.00	0.00	0.00	2000
227	10.58	2028	2218	0.00	195	0	0	0	nan	0.00	0.00	2.83	91.81	89.42	0.00	40	0	42	0.00	0.00	72.26	8.49	0.00	0.00	2000
220	10.81	2042	2096	0.00	195	0	0	2	70.07	0.00	0.02	3.06	86.09	89.19	0.00	40	0	42	0.00	0.00	63.14	7.38	0.00	0.00	2000
216	11.00	2096	1965	0.79	194	0	0	4	57.68	0.00	0.00	2.66	80.74	89.00	0.00	41	0	42	0.00	0.00	59.57	6.95	0.00	0.00	2000
223	10.27	2035	2245	0.00	195	0	0	0	nan	0.00	0.00	3.03	93.13	89.73	0.00	41	0	42	0.00	0.00	70.34	8.14	0.00	0.00	2000
220	10.84	2031	2103	0.00	193	0	0	0	nan	0.00	0.00	3.74	85.69	89.16	0.00	41	0	42	0.00	0.00	66.51	7.82	0.00	0.00	2000
222	10.81	2052	2098	0.00	195	0	0	0	nan	0.00	0.02	2.38	86.86	89.19	0.00	41	0	42	0.00	0.00	64.88	7.59	0.00	0.00	2000
220	10.93	2016	2097	0.00	195	0	0	0	nan	0.00	0.02	2.37	86.76	89.07	0.00	41	0	43	0.00	0.00	60.98	7.22	0.00	0.00	2000
220	11.04	1990	2105	0.00	196	0	0	0	nan	0.01	0.00	3.02	86.38	88.96	0.00	41	0	42	0.00	0.00	64.66	7.72	0.00	0.00	2000
215	11.31	2034	1967	0.00	194	0	0	0	nan	0.00	0.00	2.76	80.52	88.69	0.00	40	0	43	0.00	0.00	59.03	6.88	0.00	0.00	2000
259	11.54	2105	2241	0.00	196	0	0	0	nan	0.00	0.00	3.00	91.58	88.46	0.00	41	0	42	0.00	0.00	72.50	8.38	0.00	0.00	2000
223	10.93	2043	2097	0.00	198	0	0	0	nan	0.00	0.02	3.85	85.22	89.07	0.00	41	0	42	0.00	0.00	60.86	7.20	0.00	0.00	2000
217	11.19	2063	1970	0.00	196	0	0	0	nan	0.00	0.00	2.93	80.50	88.81	0.00	41	0	42	0.00	0.00	61.46	7.15	0.00	0.00	2000
225	10.68	1969	2242	0.00	195	0	0	0	nan	0.00	0.01	2.28	93.27	89.32	0.00	40	0	42	0.00	0.00	71.12	8.33	0.00	0.00	2000
220	10.80	2041	2096	0.00	194	0	0	0	nan	0.00	0.00	2.92	86.28	89.20	0.00	41	0	42	0.00	0.00	64.59	7.24	0.00	0.00	2000
218	11.01	2054	2027	0.00	194	0	0	0	nan	0.00	0.01	2.88	83.15	88.99	0.00	41	0	42	0.00	0.00	59.75	7.36	0.00	0.00	2000
225	10.36	2086	2185	0.00	196	0	0	0	nan	0.00	0.02	3.94	89.42	89.64	0.00	41	0	42	0.00	0.00	69.05	7.98	0.00	0.00	2000
221	10.63	2090	2093	0.00	195	0	0	0	nan	0.00	0.02	2.95	86.27	89.37	0.00	41	0	42	0.00	0.00	62.71	7.26	0.00	0.00	2000
220	10.80	2038	2099	0.00	195	0	0	0	nan	0.00	0.00	2.69	86.58	89.20	0.00	41	0	42	0.00	0.00	62.06	7.29	0.00	0.00	2000
220	10.86	2022	2100	0.00	195	0	0	1	70.13	0.00	0.02	2.68	86.54	89.14	0.00	40	0	42	0.00	0.00	64.79	7.53	0.00	0.00	2000
220	10.94	2011	2097	0.83	194	0	0	5	55.48	0.00	0.00	3.09	86.01	89.06	0.00	40	0	42	0.00	0.00	62.37	7.59	0.00	0.00	2000
216	11.15	2059	1980	0.00	195	0	0	0	nan	0.00	0.01	3.60	80.26	88.85	0.00	40	0	42	0.00	0.00	64.46	7.17	0.00	0.00	2000
226	10.49	2024	2234	0.00	195	0	0	0	nan	0.00	0.02	2.93	92.43	89.51	0.00	41	0	42	0.00	0.00	71.45	8.37	0.00	0.00	2000
220	10.94	2012	2094	0.00	195	0	0	0	nan	0.00	0.00	3.63	85.31	89.06	0.00	41	0	43	0.00	0.00	62.38	7.20	0.00	0.00	2000
221	10.99	2004	2104	0.00	195	0	0	0	nan	0.00	0.00	3.17	86.18	89.01	0.00	41	0	42	0.00	0.00	62.07	7.26	0.00	0.00	2000
221	10.80	2049	2094	0.00	196	0	0	0	nan	0.00	0.00	3.33	85.75	89.20	0.00	41	0	42	0.00	0.00	64.46	7.64	0.00	0.00	2000
222	10.98	2018	2106	0.00	203	0	0	0	nan	0.00	0.00	3.90	85.43	89.02	0.00	41	0	42	0.00	0.00	66.33	7.79	0.00	0.00	2000
222	10.73	2067	2101	0.00	185	0	0	0	nan	0.00	0.00	3.62	85.83	89.27	0.00	41	0	42	0.00	0.00	66.29	7.85	0.00	0.00	2000
221	10.74	2059	2100	0.00	194	0	0	0	nan	0.00	0.01	3.28	86.13	89.26	0.00	41	0	42	0.00	0.00	63.15	7.82	0.00	0.00	2000
221	10.55	2095	2100	0.00	195	0	0	0	nan	0.00	0.03	3.17	86.39	89.45	0.00	41	0	43	0.00	0.00	64.03	7.09	0.00	0.00	2000
221	11.01	2004	2099	0.00	195	0	0	0	nan	0.00	0.00	2.70	86.44	88.99	0.00	40	0	43	0.00	0.00	64.82	7.61	0.00	0.00	2000
221	10.94	2017	2101	0.00	180	0	0	0	nan	0.00	0.00	2.26	86.96	89.06	0.00	41	0	43	0.00	0.00	65.87	7.86	0.00	0.00	2000
220	11.06	1994	2100	0.00	195	0	0	0	nan	0.00	0.00	3.46	85.58	88.94	0.00	41	0	42	0.00	0.00	64.24	7.63	0.00	0.00	2000
211	10.57	1991	2104	0.00	197	0	0	0	nan	0.00	0.00	3.49	86.23	89.43	0.00	39	0	42	0.00	0.00	64.02	7.52	0.00	0.00	2000
226	10.79	2117	2077	0.00	251	0	0	0	nan	0.00	0.00	3.12	85.13	89.21	0.00	40	0	42	0.00	0.00	64.16	7.46	0.00	0.00	2000
232	11.07	2084	2115	0.00	205	0	0	0	nan	0.00	0.04	4.01	85.64	88.93	0.00	40	0	42	0.00	0.00	65.55	7.52	0.00	0.00	2000
230	11.06	2075	2103	0.00	203	0	0	0	nan	0.00	0.00	4.22	84.96	88.94	0.00	41	0	43	0.00	0.00	63.23	7.31	0.00	0.00	2000
228	11.07	2076	2087	0.87	215	0	0	4	37.77	0.00	0.00	3.75	84.70	88.93	0.00	41	0	43	0.00	0.00	62.53	7.35	0.00	0.00	2000
229	11.02	2075	2100	0.05	204	0	0	0	nan	0.00	0.00	2.58	86.51	88.98	0.00	40	0	42	0.00	0.00	66.18	7.59	0.00	0.00	2000
227	11.08	2048	2102	0.00	203	0	0	0	nan	0.00	0.02	3.20	85.83	88.92	0.00	41	0	42	0.00	0.00	64.77	7.58	0.00	0.00	2000
231	10.93	2102	2113	0.00	203	0	0	0	nan	0.00	0.00	3.23	86.47	89.07	0.00	41	0	42	0.00	0.00	66.87	7.72	0.00	0.00	2000
228	10.76	2121	2093	0.00	204	0	0	0	nan	0.00	0.00	3.42	85.54	89.24	0.00	41	0	42	0.00	0.00	66.05	7.78	0.00	0.00	2000
231	11.13	2074	2101	0.00	212	0	0	0	nan	0.00	0.03	2.81	86.24	88.87	0.00	41	0	43	0.00	0.00	64.79	7.62	0.00	0.00	2000
226	10.76	2123	2080	0.00	187	0	0	0	nan	0.00	0.02	3.36	85.04	89.24	0.00	41	0	43	0.00	0.00	66.03	7.70	0.00	0.00	2000
229	11.01	2075	2104	0.00	203	0	0	0	nan	0.00	0.01	4.03	85.25	88.99	0.00	41	0	42	0.00	0.00	64.75	7.51	0.00	0.00	2000
234	11.03	2094	2129	0.00	201	0	0	0	nan	0.00	0.02	3.52	86.74	88.97	0.00	41	0	43	0.00	0.00	60.91	7.20	0.00	0.00	2000
229	10.66	2150	2095	0.00	204	0	0	0	nan	0.00	0.00	3.88	85.26	89.34	0.00	41	0	42	0.00	0.00	66.67	7.82	0.00	0.00	2000
228	10.69	2140	2096	0.00	203	0	0	0	nan	0.00	0.00	3.97	85.22	89.31	0.00	41	0	43	0.00	0.00	66.45	7.80	0.00	0.00	2000
229	11.30	2032	2091	0.00	213	0	0	0	nan	0.00	0.02	3.85	84.57	88.70	0.00	41	0	42	0.00	0.00	63.85	7.36	0.00	0.00	2000
227	11.32	2006	2100	0.00	203	0	0	0	nan	0.00	0.00	3.86	85.00	88.68	0.00	41	0	42	0.00	0.00	64.13	7.30	0.00	0.00	2000
231	11.18	2059	2107	0.00	204	0	0	0	nan	0.00	0.00	3.01	86.19	88.82	0.00	41	0	43	0.00	0.00	65.30	7.51	0.00	0.00	2000
230	11.02	2091	2101	0.00	206	0	0	0	nan	0.01	0.00	5.13	83.99	88.98	0.00	41	0	42	0.00	0.00	65.67	7.77	0.00	0.00	2000
230	10.92	2108	2100	0.00	204	0	0	0	nan	0.00	0.00	3.88	85.28	89.08	0.00	41	0	42	0.00	0.00	65.62	7.35	0.00	0.00	2000
230	11.14	2063	2097	0.00	212	0	0	0	nan	0.00	0.00	3.88	84.90	88.86	0.00	41	0	43	0.00	0.00	64.63	7.60	0.00	0.00	2000
231	10.99	2093	2105	0.60	205	0	0	5	51.62	0.00	0.00	4.15	85.14	89.01	0.00	41	0	42	0.00	0.00	65.80	7.78	0.00	0.00	2000
229	10.79	2125	2100	0.31	187	0	0	1	82.33	0.00	0.02	3.30	86.00	89.21	0.00	41	0	42	0.00	0.00	64.42	7.18	0.00	0.00	2000
231	10.87	2122	2107	0.00	202	0	0	0	nan	0.00	0.03	3.60	85.90	89.13	0.00	41	0	42	0.00	0.00	64.02	7.80	0.00	0.00	2000
225	11.09	2041	2090	0.00	203	0	0	0	nan	0.00	0.01	2.86	85.80	88.91	0.00	41	0	42	0.00	0.00	66.36	7.83	0.00	0.00	2000
228	11.39	2011	2093	0.00	205	0	0	0	nan	0.00	0.02	3.43	85.03	88.61	0.00	41	0	42	0.00	0.00	64.49	7.52	0.00	0.00	2000
234	10.89	2131	2116	0.00	215	0	0	0	nan	0.00	0.02	3.44	86.37	89.11	0.00	41	0	43	0.00	0.00	67.28	7.82	0.00	0.00	2000
227	11.14	2054	2087	0.00	203	0	0	0	nan	0.00	0.02	3.17	85.25	88.86	0.00	41	0	43	0.00	0.00	64.24	7.42	0.00	0.00	2000
228	10.86	2097	2105	0.00	202	0	0	0	nan	0.00	0.00	4.07	85.28	89.14	0.00	41	0	42	0.00	0.00	65.32	7.54	0.00	0.00	2000
229	10.85	2107	2098	0.00	203	0	0	0	nan	0.00	0.00	3.86	85.31	89.15	0.00	41	0	43	0.00	0.00	65.44	7.61	0.00	0.00	2000
227	10.94	2082	2098	0.00	204	0	0	0	nan	0.00	0.02	3.57	85.42	89.06	0.00	41	0	43	0.00	0.00	62.48	7.63	0.00	0.00	2000
230	10.87	2124	2093	0.00	212	0	0	0	nan	0.00	0.00	4.05	84.88	89.13	0.00	41	0	42	0.00	0.00	68.38	7.63	0.00	0.00	2000
227	10.76	2115	2091	0.00	187	0	0	0	nan	0.00	0.00	3.67	85.28	89.24	0.00	42	0	42	0.00	0.00	60.41	7.00	0.00	0.00	2000
231	10.83	2132	2104	0.00	203	0	0	0	nan	0.00	0.00	3.79	85.57	89.17	0.00	41	0	42	0.00	0.00	65.86	7.72	0.00	0.00	2000
232	11.12	2066	2123	0.00	204	0	0	0	nan	0.00	0.02	3.32	86.63	88.88	0.00	41	0	43	0.00	0.00	66.15	7.71	0.00	0.00	2000
227	10.78	2132	2072	0.00	203	0	0	0	nan	0.00	0.00	3.75	84.37	89.22	0.00	41	0	43	0.00	0.00	65.28	7.61	0.00	0.00	2000
233	11.18	2061	2124	0.00	209	0	0	0	nan	0.00	0.01	2.75	87.24	88.82	0.00	41	0	42	0.00	0.00	64.81	7.62	0.00	0.00	2000
226	10.76	2122	2075	0.00	207	0	0	0	nan	0.00	0.00	3.15	85.09	89.24	0.00	41	0	42	0.00	0.00	64.28	7.29	0.00	0.00	2000
228	10.95	2071	2110	0.19	205	0	0	3	57.31	0.00	0.02	3.70	85.91	89.05	0.00	41	0	43	0.00	0.00	65.99	7.78	0.00	0.00	2000
231	10.95	2116	2094	0.65	205	0	0	3	63.14	0.00	0.00	4.24	84.62	89.05	0.00	41	0	43	0.00	0.00	65.40	7.61	0.00	0.00	2000
226	10.75	2112	2095	0.00	204	0	0	0	nan	0.00	0.00	2.78	86.28	89.25	0.00	41	0	42	0.00	0.00	66.10	7.82	0.00	0.00	2000
237	11.39	2065	2114	0.00	204	0	0	0	nan	0.00	0.01	2.65	86.66	88.61	0.00	41	0	43	0.00	0.00	64.54	7.43	0.00	0.00	2000
233	11.04	2090	2117	0.00	212	0	0	0	nan	0.00	0.00	3.82	85.85	88.96	0.00	41	0	43	0.00	0.00	66.20	7.68	0.00	0.00	2000
228	11.15	2051	2096	0.00	202	0	0	0	nan	0.00	0.00	3.30	85.53	88.85	0.00	41	0	42	0.00	0.00	66.35	7.60	0.00	0.00	2000
226	10.84	2101	2082	0.00	203	0	0	0	nan	0.00	0.02	3.08	85.35	89.16	0.00	41	0	43	0.00	0.00	63.25	7.24	0.00	0.00	2000
231	10.98	2090	2111	0.00	218	0	0	0	nan	0.00	0.00	3.15	86.37	89.02	0.00	41	0	42	0.00	0.00	64.55	7.37	0.00	0.00	2000
232	10.98	2100	2116	0.00	191	0	0	0	nan	0.00	0.00	4.19	85.53	89.02	0.00	41	0	43	0.00	0.00	67.49	7.84	0.00	0.00	2000
233	11.02	2110	2099	0.00	214	0	0	0	nan	0.00	0.00	3.59	85.43	88.98	0.00	41	0	42	0.00	0.00	66.17	7.63	0.00	0.00	2000
228	10.86	2098	2102	0.00	203	0	0	0	nan	0.00	0.00	4.02	85.24	89.14	0.00	41	0	43	0.00	0.00	65.18	7.66	0.00	0.00	2000
225	10.96	2089	2067	0.00	203	0	0	0	nan	0.00	0.00	3.40	84.37	89.04	0.00	41	0	43	0.00	0.00	62.82	7.34	0.00	0.00	2000
228	10.90	2089	2101	0.00	204	0	0	0	nan	0.00	0.00	4.17	85.08	89.10	0.00	41	0	42	0.00	0.00	65.71	7.67	0.00	0.00	2000
233	11.13	2067	2128	0.00	204	0	0	0	nan	0.00	0.02	3.08	87.07	88.87	0.00	42	0	42	0.00	0.00	66.76	7.71	0.00	0.00	2000
228	11.03	2092	2076	0.00	213	0	0	0	nan	0.00	0.02	3.52	84.47	88.97	0.00	41	0	43	0.00	0.00	63.21	7.32	0.00	0.00	2000
230	11.03	2084	2104	0.00	202	0	0	0	nan	0.00	0.03	2.75	86.53	88.97	0.00	41	0	42	0.00	0.00	64.95	7.61	0.00	0.00	2000
230	10.90	2097	2112	0.00	203	0	0	0	nan	0.00	0.03	2.95	86.74	89.10	0.00	42	0	42	0.00	0.00	66.13	7.63	0.00	0.00	2000
233	10.80	2141	2113	0.00	204	0	0	2	65.67	0.00	0.00	3.69	86.06	89.20	0.00	42	0	42	0.00	0.00	66.42	7.70	0.00	0.00	2000
228	10.97	2079	2099	0.78	202	0	0	4	58.18	0.00	0.00	4.02	85.06	89.03	0.00	42	0	42	0.00	0.00	64.18	7.58	0.00	0.00	2000
229	10.92	2109	2092	0.00	214	0	0	0	nan	0.00	0.00	3.85	84.95	89.08	0.00	42	0	42	0.00	0.00	65.34	7.53	0.00	0.00	2000
223	10.60	2133	2071	0.00	203	0	0	0	nan	0.00	0.00	3.65	84.57	89.40	0.00	41	0	42	0.00	0.00	64.66	7.55	0.00	0.00	2000
231	11.17	2068	2099	0.00	206	0	0	0	nan	0.00	0.00	2.83	86.03	88.83	0.00	41	0	43	0.00	0.00	62.59	7.30	0.00	0.00	2000
231	10.90	2095	2125	0.00	220	0	0	0	nan	0.00	0.00	3.56	86.66	89.10	0.00	42	0	43	0.00	0.00	65.38	7.49	0.00	0.00	2000
228	10.90	2101	2093	0.00	187	0	0	0	nan	0.00	0.00	3.55	85.28	89.10	0.00	41	0	42	0.00	0.00	65.72	7.76	0.00	0.00	2000
227	10.97	2077	2088	0.00	229	0	0	0	nan	0.00	0.01	3.38	85.26	89.03	0.00	41	0	42	0.00	0.00	64.97	7.60	0.00	0.00	2000
230	11.00	2077	2119	0.00	220	0	0	0	nan	0.00	0.02	4.29	85.60	89.00	0.00	41	0	43	0.00	0.00	63.59	7.57	0.00	0.00	2000
228	10.84	2100	2105	0.00	202	0	0	0	nan	0.00	0.00	3.60	85.80	89.16	0.00	41	0	42	0.00	0.00	65.24	7.62	0.00	0.00	2000
225	10.84	2103	2069	0.00	194	0	0	0	nan	0.00	0.01	3.20	84.75	89.16	0.00	41	0	42	0.00	0.00	64.89	7.56	0.00	0.00	2000
231	11.23	2031	2129	0.00	215	0	0	0	nan	0.00	0.00	4.96	85.19	88.77	0.00	41	0	43	0.00	0.00	64.55	7.59	0.00	0.00	2000
229	10.88	2122	2087	0.00	214	0	0	0	nan	0.00	0.02	2.74	85.90	89.12	0.00	41	0	43	0.00	0.00	65.71	7.68	0.00	0.00	2000
232	11.02	2094	2109	0.00	204	0	0	0	nan	0.00	0.00	3.75	85.66	88.98	0.00	41	0	42	0.00	0.00	64.54	7.48	0.00	0.00	2000
229	10.76	2134	2093	0.00	188	0	0	0	nan	0.00	0.00	3.23	85.75	89.24	0.00	42	0	42	0.00	0.00	65.86	7.57	0.00	0.00	2000
232	11.14	2062	2119	0.00	202	0	0	0	nan	0.00	0.02	3.53	86.21	88.86	0.00	41	0	43	0.00	0.00	66.94	7.86	0.00	0.00	2000
230	11.18	2057	2097	0.00	203	0	0	0	nan	0.00	0.00	3.27	85.51	88.82	0.00	41	0	43	0.00	0.00	64.60	7.54	0.00	0.00	2000
226	11.15	2052	2071	0.00	213	0	0	2	77.44	0.00	0.00	3.88	83.89	88.85	0.00	41	0	42	0.00	0.00	62.56	7.43	0.00	0.00	2000
234	10.94	2104	2136	0.73	203	0	0	6	65.27	0.00	0.00	4.10	86.58	89.06	0.00	42	0	42	0.00	0.00	66.46	7.78	0.00	0.00	2000
228	10.71	2128	2099	0.00	203	0	0	0	nan	0.00	0.00	3.72	85.62	89.29	0.00	41	0	43	0.00	0.00	64.90	7.54	0.00	0.00	2000
230	11.06	2080	2095	0.00	204	0	0	0	nan	0.00	0.00	3.76	85.09	88.94	0.00	41	0	43	0.00	0.00	65.49	7.72	0.00	0.00	2000
226	11.04	2061	2089	0.00	204	0	0	0	nan	0.00	0.00	3.10	85.46	88.96	0.00	41	0	42	0.00	0.00	59.94	7.12	0.00	0.00	2000
235	11.14	2092	2119	0.00	214	0	0	0	nan	0.00	0.01	3.08	86.51	88.86	0.00	41	0	43	0.00	0.00	67.82	7.99	0.00	0.00	2000
222	10.67	2115	2067	0.00	202	0	0	0	nan	0.00	0.00	3.17	84.85	89.33	0.00	42	0	43	0.00	0.00	64.53	7.61	0.00	0.00	2000
234	11.06	2082	2136	0.00	203	0	0	0	nan	0.00	0.01	3.73	86.89	88.94	0.00	41	0	43	0.00	0.00	66.65	7.84	0.00	0.00	2000
227	11.09	2055	2089	0.00	207	0	0	0	nan	0.00	0.00	5.16	83.45	88.91	0.00	41	0	42	0.00	0.00	65.14	7.68	0.00	0.00	2000
229	11.10	2062	2103	0.00	203	0	0	0	nan	0.00	0.02	2.89	86.21	88.90	0.00	41	0	42	0.00	0.00	62.73	7.27	0.00	0.00	2000
226	10.91	2086	2089	0.00	203	0	0	0	nan	0.00	0.01	2.73	85.98	89.09	0.00	41	0	43	0.00	0.00	62.64	7.42	0.00	0.00	2000
232	11.41	2022	2112	0.00	212	0	0	0	nan	0.00	0.01	2.20	87.01	88.59	0.00	42	0	42	0.00	0.00	67.63	7.93	0.00	0.00	2000
229	10.90	2097	2101	0.00	202	0	0	0	nan	0.00	0.02	3.82	85.38	89.10	0.00	42	0	42	0.00	0.00	63.60	7.47	0.00	0.00	2000
231	10.85	2130	2098	0.00	203	0	0	0	nan	0.00	0.00	3.60	85.56	89.16	0.00	42	0	43	0.00	0.00	65.77	7.66	0.00	0.00	2000
227	10.94	2092	2083	0.00	205	0	0	0	nan	0.00	0.00	3.33	85.10	89.06	0.00	41	0	43	0.00	0.00	65.96	7.67	0.00	0.00	2000
230	11.08	2066	2107	0.00	202	0	0	0	nan	0.01	0.00	3.68	85.62	88.92	0.00	42	0	42	0.00	0.00	65.18	7.68	0.00	0.00	2000
232	11.30	2038	2113	0.00	214	0	0	0	nan	0.00	0.02	3.90	85.44	88.70	0.00	42	0	43	0.00	0.00	60.53	7.21	0.00	0.00	2000
230	11.07	2067	2107	0.00	202	0	0	0	nan	0.00	0.02	3.05	86.26	88.93	0.00	41	0	42	0.00	0.00	68.09	7.90	0.00	0.00	2000
224	10.94	2064	2080	0.88	203	0	0	4	42.05	0.00	0.00	3.56	84.75	89.06	0.00	42	0	42	0.00	0.00	62.36	7.25	0.00	0.00	2000
230	11.24	2035	2108	0.05	203	0	0	0	nan	0.00	0.02	2.74	86.40	88.76	0.00	42	0	43	0.00	0.00	65.09	7.45	0.00	0.00	2000
226	10.97	2070	2093	0.00	204	0	0	0	nan	0.00	0.00	3.55	85.29	89.03	0.00	41	0	43	0.00	0.00	65.55	7.54	0.00	0.00	2000
233	11.48	2021	2109	0.00	214	0	0	0	nan	0.00	0.02	3.62	85.35	88.52	0.00	42	0	42	0.00	0.00	65.51	7.55	0.00	0.00	2000
225	11.12	2036	2084	0.00	203	0	0	0	nan	0.00	0.00	3.53	84.75	88.88	0.00	41	0	42	0.00	0.00	65.22	7.60	0.00	0.00	2000
233	11.03	2086	2128	0.00	203	0	0	0	nan	0.00	0.02	2.89	87.38	88.97	0.00	41	0	43	0.00	0.00	65.95	7.64	0.00	0.00	2000
227	10.97	2078	2094	0.00	204	0	0	0	nan	0.00	0.02	3.97	84.90	89.03	0.00	42	0	43	0.00	0.00	63.24	7.36	0.00	0.00	2000
230	11.07	2067	2106	0.00	203	0	0	0	nan	0.00	0.00	2.76	86.37	88.93	0.00	41	0	42	0.00	0.00	64.73	7.58	0.00	0.00	2000
231	11.00	2101	2098	0.00	212	0	0	0	nan	0.00	0.00	4.35	84.61	89.00	0.00	41	0	42	0.00	0.00	66.26	7.94	0.00	0.00	2000
226	11.01	2072	2080	0.00	199	0	0	0	nan	0.00	1.31	2.99	83.99	88.99	0.00	41	0	42	0.00	0.00	66.16	7.93	0.00	0.00	2000
228	11.06	2063	2101	0.00	207	0	0	0	nan	0.00	0.00	5.30	83.78	88.94	0.00	42	0	43	0.00	0.00	65.90	7.69	0.00	0.00	2000
229	11.00	2079	2106	0.00	220	0	0	0	nan	0.00	0.00	3.72	85.64	89.00	0.00	42	0	42	0.00	0.00	66.20	7.93	0.00	0.00	2000
230	10.74	2137	2104	0.00	187	0	0	0	nan	0.00	0.00	3.07	86.40	89.26	0.00	41	0	42	0.00	0.00	60.88	7.05	0.00	0.00	2000
231	11.06	2092	2099	0.00	212	0	0	0	nan	0.00	0.00	3.92	85.11	88.94	0.00	41	0	42	0.00	0.00	66.60	7.67	0.00	0.00	2000
226	11.10	2046	2091	0.00	203	0	0	0	nan	0.00	0.01	3.08	85.50	88.90	0.00	41	0	42	0.00	0.00	65.14	7.64	0.00	0.00	2000
229	11.13	2062	2100	0.00	203	0	0	0	nan	0.00	0.02	3.12	85.71	88.87	0.00	42	0	43	0.00	0.00	64.98	7.73	0.00	0.00	2000
230	11.03	2071	2111	0.00	203	0	0	0	nan	0.00	0.02	3.31	86.15	88.97	0.00	41	0	42	0.00	0.00	65.83	7.78	0.00	0.00	2000
225	10.92	2078	2081	0.72	203	0	0	5	46.15	0.00	0.00	3.30	85.05	89.08	0.00	41	0	42	0.00	0.00	61.17	7.08	0.00	0.00	2000
235	11.02	2101	2131	0.16	214	0	0	0	nan	0.00	0.02	3.65	86.71	88.98	0.00	42	0	42	0.00	0.00	66.41	7.87	0.00	0.00	2000
230	10.93	2102	2099	0.00	204	0	0	0	nan	0.00	0.00	3.56	85.53	89.07	0.00	42	0	42	0.00	0.00	65.88	7.80	0.00	0.00	2000
226	10.90	2085	2090	0.00	203	0	0	0	nan	0.00	0.01	3.55	85.20	89.10	0.00	41	0	42	0.00	0.00	66.10	7.81	0.00	0.00	2000
228	11.23	2034	2100	0.00	203	0	0	0	nan	0.00	0.00	2.38	86.49	88.77	0.00	41	0	42	0.00	0.00	63.97	7.40	0.00	0.00	2000
226	11.03	2060	2092	0.00	203	0	0	0	nan	0.00	0.00	2.51	86.21	88.97	0.00	41	0	43	0.00	0.00	66.11	7.84	0.00	0.00	2000
228	11.22	2035	2100	0.00	203	0	0	0	nan	0.00	0.00	2.97	85.89	88.78	0.00	42	0	43	0.00	0.00	65.21	7.71	0.00	0.00	2000
231	11.15	2061	2110	0.00	213	0	0	0	nan	0.00	0.01	4.00	85.34	88.85	0.00	42	0	42	0.00	0.00	65.65	7.76	0.00	0.00	2000
231	11.29	2045	2101	0.00	220	0	0	0	nan	0.00	0.00	6.50	82.34	88.71	0.00	41	0	42	0.00	0.00	65.43	7.60	0.00	0.00	2000
224	10.83	2093	2074	0.00	202	0	0	0	nan	0.00	0.00	3.16	85.01	89.17	0.00	42	0	42	0.00	0.00	60.93	7.22	0.00	0.00	2000
232	10.90	2108	2125	0.00	204	0	0	0	nan	0.00	0.01	3.56	86.68	89.10	0.00	42	0	43	0.00	0.00	66.56	7.68	0.00	0.00	2000
228	10.95	2105	2080	0.00	206	0	0	0	nan	0.00	0.02	4.28	84.03	89.05	0.00	41	0	42	0.00	0.00	64.48	7.52	0.00	0.00	2000
232	10.90	2140	2093	0.00	211	0	0	0	nan	0.00	0.02	3.37	85.48	89.10	0.00	42	0	43	0.00	0.00	65.18	7.41	0.00	0.00	2000
229	10.84	2105	2110	0.00	203	0	0	0	nan	0.00	0.01	3.56	86.07	89.16	0.00	42	0	42	0.00	0.00	65.76	7.57	0.00	0.00	2000
235	11.07	2098	2126	0.00	207	0	0	0	nan	0.00	0.02	4.02	86.10	88.93	0.00	41	0	42	0.00	0.00	66.86	7.76	0.00	0.00	2000
225	10.99	2065	2082	0.00	204	0	0	0	nan	0.00	0.00	3.62	84.69	89.01	0.00	41	0	43	0.00	0.00	65.78	7.75	0.00	0.00	2000
230	10.95	2094	2103	0.00	203	0	0	0	nan	0.00	0.00	3.01	86.22	89.05	0.00	41	0	42	0.00	0.00	65.44	7.80	0.00	0.00	2000
228	11.09	2065	2090	0.54	214	0	0	6	51.41	0.01	0.02	3.62	85.02	88.91	0.00	41	0	42	0.00	0.00	61.77	7.25	0.00	0.00	2000
231	10.95	2110	2101	0.34	205	0	0	2	75.01	0.01	0.01	3.38	85.74	89.05	0.00	41	0	43	0.00	0.00	65.19	7.59	0.00	0.00	2000
236	11.31	2071	2115	0.00	204	0	0	0	nan	0.00	0.00	3.24	86.18	88.69	0.00	41	0	42	0.00	0.00	65.91	7.78	0.00	0.00	2000
230	10.92	2104	2102	0.00	201	0	0	0	nan	0.00	0.02	3.25	85.94	89.08	0.00	42	0	42	0.00	0.00	66.52	7.87	0.00	0.00	2000
228	11.16	2041	2098	0.00	204	0	0	0	nan	0.00	0.02	2.99	85.88	88.84	0.00	42	0	42	0.00	0.00	65.71	7.76	0.00	0.00	2000
226	11.08	2065	2074	0.00	212	0	0	0	nan	0.00	0.00	3.06	84.91	88.92	0.00	41	0	42	0.00	0.00	64.74	7.55	0.00	0.00	2000
234	11.29	2047	2127	0.00	208	0	0	0	nan	0.00	0.00	4.40	85.56	88.71	0.00	41	0	42	0.00	0.00	64.92	7.69	0.00	0.00	2000
227	10.90	2092	2088	0.00	203	0	0	0	nan	0.00	0.00	2.87	85.83	89.10	0.00	42	0	43	0.00	0.00	62.47	7.38	0.00	0.00	2000
228	10.90	2101	2096	0.00	203	0	0	0	nan	0.00	0.02	2.80	86.21	89.10	0.00	41	0	43	0.00	0.00	64.59	7.50	0.00	0.00	2000
232	10.79	2122	2127	0.00	203	0	0	0	nan	0.00	0.00	3.38	86.96	89.21	0.00	41	0	43	0.00	0.00	66.92	7.68	0.00	0.00	2000
229	11.23	2048	2094	0.00	213	0	0	0	nan	0.00	0.00	4.51	84.15	88.77	0.00	42	0	42	0.00	0.00	64.55	7.56	0.00	0.00	2000
232	10.83	2145	2102	0.00	203	0	0	0	nan	0.00	0.00	3.05	86.21	89.17	0.00	41	0	43	0.00	0.00	65.24	7.37	0.00	0.00	2000
228	10.73	2125	2099	0.00	203	0	0	0	nan	0.00	0.02	3.85	85.42	89.27	0.00	42	0	43	0.00	0.00	64.94	7.66	0.00	0.00	2000
226	11.04	2067	2080	0.00	204	0	0	0	nan	0.00	0.00	3.21	84.97	88.96	0.00	42	0	43	0.00	0.00	63.71	7.24	0.00	0.00	2000
232	11.21	2045	2124	0.00	204	0	0	0	nan	0.00	0.00	3.34	86.55	88.79	0.00	41	0	42	0.00	0.00	65.19	7.61	0.00	0.00	2000
233	11.18	2087	2098	0.00	203	0	0	0	nan	0.00	0.02	3.45	85.36	88.82	0.00	41	0	42	0.00	0.00	66.55	7.56	0.00	0.00	2000
229	10.96	2084	2106	0.00	213	0	0	0	nan	0.00	0.00	3.37	85.92	89.04	0.00	41	0	42	0.00	0.00	64.95	7.57	0.00	0.00	2000
230	11.11	2072	2099	0.35	205	0	0	5	56.31	0.00	0.00	5.26	83.68	88.89	0.00	41	0	43	0.00	0.00	65.02	7.50	0.00	0.00	2000
228	11.14	2050	2093	0.54	204	0	0	4	65.27	0.00	0.00	4.26	84.42	88.86	0.00	42	0	42	0.00	0.00	65.19	7.42	0.00	0.00	2000
230	10.93	2099	2108	0.00	202	0	0	0	nan	0.00	0.00	2.81	86.66	89.07	0.00	41	0	42	0.00	0.00	64.52	7.63	0.00	0.00	2000
228	10.74	2132	2095	0.00	202	0	0	0	nan	0.00	0.00	3.64	85.50	89.26	0.00	41	0	43	0.00	0.00	64.18	7.59	0.00	0.00	2000
232	10.78	2147	2105	0.00	212	0	0	0	nan	0.00	0.02	4.06	85.25	89.22	0.00	41	0	42	0.00	0.00	66.08	7.63	0.00	0.00	2000
227	11.11	2045	2093	0.00	203	0	0	0	nan	0.00	0.00	4.25	84.52	88.89	0.00	42	0	43	0.00	0.00	64.82	7.91	0.00	0.00	2000
226	10.73	2129	2075	0.00	204	0	0	0	nan	0.00	0.00	3.93	84.39	89.27	0.00	41	0	43	0.00	0.00	64.72	7.61	0.00	0.00	2000
231	11.17	2046	2124	0.00	203	0	0	0	nan	0.00	0.00	2.10	87.85	88.83	0.00	41	0	43	0.00	0.00	65.21	7.44	0.00	0.00	2000
229	11.15	2052	2101	0.00	202	0	0	0	nan	0.00	0.00	2.85	86.20	88.85	0.00	41	0	42	0.00	0.00	64.41	7.80	0.00	0.00	2000
225	10.92	2090	2071	0.00	213	0	0	0	nan	0.00	0.00	4.41	83.52	89.08	0.00	41	0	43	0.00	0.00	59.70	7.00	0.00	0.00	2000
228	10.93	2085	2105	0.00	204	0	0	0	nan	0.00	0.00	2.36	87.05	89.07	0.00	41	0	42	0.00	0.00	67.80	7.85	0.00	0.00	2000
231	10.99	2084	2118	0.00	219	0	0	0	nan	0.00	0.03	3.07	86.72	89.01	0.00	41	0	43	0.00	0.00	64.76	7.60	0.00	0.00	2000
231	10.83	2123	2112	0.00	187	0	0	0	nan	0.00	0.02	3.26	86.49	89.17	0.00	41	0	43	0.00	0.00	66.27	7.73	0.00	0.00	2000
227	11.04	2061	2091	0.00	202	0	0	0	nan	0.00	0.01	3.09	85.60	88.96	0.00	41	0	43	0.00	0.00	64.98	7.54	0.00	0.00	2000
231	11.30	2042	2099	0.00	214	0	0	0	nan	0.00	0.01	3.47	85.31	88.70	0.00	41	0	42	0.00	0.00	65.02	7.60	0.00	0.00	2000
224	11.20	2024	2072	0.00	202	0	0	0	nan	0.00	0.02	2.87	84.85	88.80	0.00	42	0	43	0.00	0.00	62.37	7.25	0.00	0.00	2000
230	11.23	2028	2122	0.00	219	0	0	0	nan	0.00	0.02	3.79	86.07	88.77	0.00	41	0	42	0.00	0.00	63.48	7.41	0.00	0.00	2000
227	11.22	2020	2101	0.14	203	0	0	3	57.89	0.00	0.00	4.01	84.91	88.78	0.00	41	0	43	0.00	0.00	64.24	7.55	0.00	0.00	2000
228	11.09	2063	2092	0.67	204	0	0	5	62.80	0.00	0.00	3.88	84.75	88.91	0.00	41	0	43	0.00	0.00	66.52	7.71	0.00	0.00	2000
232	11.09	2072	2117	0.00	213	0	0	0	nan	0.00	0.02	2.82	86.90	88.91	0.00	41	0	42	0.00	0.00	65.87	7.75	0.00	0.00	2000
227	10.88	2112	2075	0.00	205	0	0	0	nan	0.00	0.00	4.35	83.80	89.12	0.00	41	0	43	0.00	0.00	63.60	7.36	0.00	0.00	2000
232	10.95	2088	2133	0.00	205	0	0	0	nan	0.00	0.02	3.32	87.09	89.05	0.00	41	0	42	0.00	0.00	66.48	7.48	0.00	0.00	2000
228	10.97	2084	2092	0.00	202	0	0	0	nan	0.01	0.00	3.77	85.09	89.03	0.00	41	0	43	0.00	0.00	62.26	7.58	0.00	0.00	2000
227	10.73	2118	2098	0.00	203	0	0	0	nan	0.00	0.01	3.15	86.13	89.27	0.00	42	0	42	0.00	0.00	66.24	7.93	0.00	0.00	2000
228	11.00	2090	2083	0.00	212	0	0	0	nan	0.00	0.00	3.06	85.30	89.00	0.00	41	0	42	0.00	0.00	64.12	7.50	0.00	0.00	2000
226	10.91	2085	2088	0.00	203	0	0	0	nan	0.00	0.01	3.03	85.66	89.09	0.00	41	0	42	0.00	0.00	63.07	7.32	0.00	0.00	2000
233	11.24	2041	2134	0.00	204	0	0	0	nan	0.00	0.00	1.66	88.68	88.76	0.00	41	0	42	0.00	0.00	66.03	7.73	0.00	0.00	2000
225	10.94	2074	2084	0.00	205	0	0	0	nan	0.01	0.00	3.25	85.31	89.06	0.00	41	0	42	0.00	0.00	62.80	7.45	0.00	0.00	2000
233	11.14	2096	2099	0.00	206	0	0	0	nan	0.00	0.00	3.19	85.71	88.86	0.00	41	0	43	0.00	0.00	68.38	8.16	0.00	0.00	2000
232	11.14	2068	2117	0.00	212	0	0	0	nan	0.00	0.02	3.77	85.89	88.86	0.00	41	0	43	0.00	0.00	64.10	7.45	0.00	0.00	2000
229	11.04	2076	2096	0.00	203	0	0	0	nan	0.00	0.02	3.64	85.26	88.96	0.00	41	0	42	0.00	0.00	65.24	7.80	0.00	0.00	2000
227	11.08	2052	2097	0.00	202	0	0	0	nan	0.00	0.02	3.01	85.95	88.92	0.00	42	0	43	0.00	0.00	64.84	7.72	0.00	0.00	2000
232	11.19	2065	2112	0.00	202	0	0	0	nan	0.00	0.01	2.66	86.67	88.81	0.00	42	0	42	0.00	0.00	64.71	7.62	0.00	0.00	2000
229	11.04	2081	2095	0.00	203	0	0	0	nan	0.00	0.00	3.72	85.09	88.96	0.00	42	0	42	0.00	0.00	65.30	7.64	0.00	0.00	2000
230	11.10	2080	2096	0.00	214	0	0	2	65.43	0.00	0.00	3.52	85.33	88.90	0.00	42	0	42	0.00	0.00	65.45	7.46	0.00	0.00	2000
226	10.89	2094	2080	0.76	203	0	0	5	55.52	0.00	0.00	3.24	85.11	89.11	0.00	42	0	42	0.00	0.00	63.52	7.45	0.00	0.00	2000
231	10.87	2109	2118	0.00	219	0	0	0	nan	0.00	0.00	3.11	86.79	89.13	0.00	41	0	42	0.00	0.00	66.70	7.85	0.00	0.00	2000
227	10.97	2076	2097	0.00	203	0	0	0	nan	0.00	0.02	3.24	85.75	89.03	0.00	41	0	42	0.00	0.00	64.66	7.61	0.00	0.00	2000
229	10.93	2098	2100	0.00	187	0	0	0	nan	0.00	0.02	3.54	85.66	89.07	0.00	41	0	42	0.00	0.00	65.70	7.93	0.00	0.00	2000
232	11.08	2085	2106	0.00	213	0	0	0	nan	0.00	0.03	4.05	85.25	88.92	0.00	41	0	42	0.00	0.00	63.26	7.24	0.00	0.00	2000
224	10.99	2071	2071	0.00	203	0	0	0	nan	0.00	0.00	3.15	84.69	89.02	0.00	41	0	43	0.00	0.00	63.46	7.61	0.00	0.00	2000
232	11.02	2078	2128	0.00	204	0	0	0	nan	0.00	0.03	3.72	86.51	88.98	0.00	41	0	43	0.00	0.00	66.73	7.80	0.00	0.00	2000
231	10.82	2122	2113	0.00	205	0	0	0	nan	0.01	0.00	3.15	86.56	89.18	0.00	42	0	43	0.00	0.00	65.25	7.62	0.00	0.00	2000
226	10.95	2082	2085	0.00	203	0	0	0	nan	0.00	0.00	4.51	84.03	89.05	0.00	41	0	43	0.00	0.00	63.12	7.57	0.00	0.00	2000
231	10.94	2098	2111	0.00	203	0	0	0	nan	0.00	0.02	2.77	86.81	89.06	0.00	41	0	43	0.00	0.00	66.36	8.19	0.00	0.00	2000
227	11.09	2065	2079	0.00	213	0	0	0	nan	0.00	0.00	3.73	84.37	88.91	0.00	42	0	43	0.00	0.00	64.26	7.70	0.00	0.00	2000
233	10.79	2134	2125	0.00	203	0	0	0	nan	0.00	0.00	3.23	87.07	89.21	0.00	42	0	43	0.00	0.00	66.42	7.97	0.00	0.00	2000
227	11.01	2069	2089	0.00	204	0	0	0	nan	0.00	0.00	4.19	84.45	88.99	0.00	41	0	43	0.00	0.00	64.68	7.53	0.00	0.00	2000
231	10.73	2145	2112	0.00	203	0	0	0	nan	0.00	0.00	2.97	86.84	89.27	0.00	42	0	43	0.00	0.00	63.67	7.45	0.00	0.00	2000
227	11.19	2042	2082	0.00	203	0	0	0	nan	0.00	0.00	3.67	84.43	88.81	0.00	41	0	42	0.00	0.00	64.58	7.68	0.00	0.00	2000
232	11.28	2056	2100	0.00	213	0	0	0	nan	0.00	0.00	3.02	85.74	88.72	0.00	41	0	42	0.00	0.00	65.08	7.56	0.00	0.00	2000
228	11.00	2074	2100	0.00	204	0	0	0	96.82	0.00	0.00	3.17	85.94	89.00	0.00	41	0	42	0.00	0.00	66.17	7.92	0.00	0.00	2000
229	11.14	2054	2097	0.82	202	0	0	6	47.89	0.00	0.02	3.44	85.36	88.86	0.00	42	0	42	0.00	0.00	65.09	7.62	0.00	0.00	2000
231	10.99	2084	2118	0.00	204	0	0	0	nan	0.00	0.00	2.90	86.93	89.01	0.00	42	0	42	0.00	0.00	65.79	7.63	0.00	0.00	2000
228	10.88	2103	2091	0.00	203	0	0	0	nan	0.00	0.00	3.64	85.14	89.12	0.00	42	0	42	0.00	0.00	63.04	7.43	0.00	0.00	2000
231	10.82	2131	2107	0.00	214	0	0	0	nan	0.00	0.02	3.16	86.33	89.18	0.00	42	0	42	0.00	0.00	66.52	8.08	0.00	0.00	2000
228	11.05	2063	2095	0.00	203	0	0	0	nan	0.00	0.00	3.48	85.36	88.95	0.00	42	0	43	0.00	0.00	64.66	7.76	0.00	0.00	2000
227	11.04	2057	2100	0.00	203	0	0	0	nan	0.00	0.00	3.71	85.34	88.96	0.00	41	0	42	0.00	0.00	64.93	7.79	0.00	0.00	2000
226	11.21	2027	2092	0.00	202	0	0	0	nan	0.00	0.00	3.70	84.86	88.79	0.00	41	0	42	0.00	0.00	64.39	7.51	0.00	0.00	2000
225	10.86	2085	2090	0.00	205	0	0	0	nan	0.00	0.00	3.77	84.99	89.14	0.00	41	0	42	0.00	0.00	61.76	7.22	0.00	0.00	2000
234	10.87	2139	2113	0.00	213	0	0	0	nan	0.00	0.01	3.98	85.75	89.13	0.00	42	0	42	0.00	0.00	65.80	7.79	0.00	0.00	2000
229	10.97	2101	2088	0.00	206	0	0	0	nan	0.00	0.01	4.44	84.15	89.03	0.00	42	0	42	0.00	0.00	64.54	7.66	0.00	0.00	2000
232	10.98	2096	2119	0.00	204	0	0	0	nan	0.00	0.00	3.73	86.21	89.03	0.00	41	0	43	0.00	0.00	68.60	8.00	0.00	0.00	2000
228	11.01	2072	2101	0.00	202	0	0	0	nan	0.00	0.00	3.79	85.36	88.99	0.00	42	0	42	0.00	0.00	63.61	7.60	0.00	0.00	2000
229	10.79	2117	2109	0.00	204	0	0	0	nan	0.00	0.00	3.17	86.47	89.21	0.00	41	0	43	0.00	0.00	63.68	7.51	0.00	0.00	2000
226	10.90	2110	2063	0.00	202	0	0	0	nan	0.00	0.00	3.80	83.81	89.10	0.00	41	0	43	0.00	0.00	65.36	7.74	0.00	0.00	2000
236	11.21	2068	2136	0.00	213	0	0	0	nan	0.00	0.01	1.96	88.38	88.79	0.00	41	0	43	0.00	0.00	65.15	7.83	0.00	0.00	2000
227	11.19	2032	2096	0.00	207	0	0	0	nan	0.00	0.00	3.97	84.81	88.81	0.00	42	0	42	0.00	0.00	65.20	7.76	0.00	0.00	2000
230	11.19	2048	2106	0.00	203	0	0	0	nan	0.00	0.00	3.36	85.74	88.81	0.00	42	0	42	0.00	0.00	65.29	7.77	0.00	0.00	2000
228	11.02	2072	2093	0.83	203	0	0	6	44.10	0.00	0.00	3.43	85.35	88.98	0.00	42	0	43	0.00	0.00	64.89	7.62	0.00	0.00	2000
228	11.05	2094	2073	0.07	201	0	0	0	nan	0.00	0.01	2.46	85.33	88.95	0.00	41	0	42	0.00	0.00	63.49	7.44	0.00	0.00	2000
229	10.89	2092	2113	0.00	213	0	0	0	nan	0.00	0.02	3.13	86.63	89.11	0.00	42	0	43	0.00	0.00	64.99	7.76	0.00	0.00	2000
230	10.93	2110	2100	0.00	206	0	0	0	nan	0.00	0.04	4.93	84.22	89.07	0.00	41	0	42	0.00	0.00	64.91	7.68	0.00	0.00	2000
230	10.86	2106	2110	0.00	204	0	0	0	nan	0.00	0.00	3.44	86.22	89.14	0.00	41	0	42	0.00	0.00	65.15	7.74	0.00	0.00	2000
229	10.89	2105	2102	0.00	203	0	0	0	nan	0.00	0.02	3.44	85.81	89.11	0.00	42	0	42	0.00	0.00	65.02	7.58	0.00	0.00	2000
231	11.04	2080	2109	0.00	203	0	0	0	nan	0.00	0.02	3.19	86.26	88.96	0.00	42	0	43	0.00	0.00	65.94	7.60	0.00	0.00	2000
229	11.02	2090	2089	0.00	213	0	0	0	nan	0.00	0.01	3.87	84.75	88.98	0.00	42	0	42	0.00	0.00	66.44	7.88	0.00	0.00	2000
225	10.90	2085	2075	0.00	204	0	0	0	nan	0.00	0.00	2.59	85.57	89.10	0.00	42	0	42	0.00	0.00	62.89	7.13	0.00	0.00	2000
231	11.28	2032	2119	0.00	219	0	0	0	nan	0.00	0.00	3.70	85.95	88.72	0.00	41	0	43	0.00	0.00	66.72	7.84	0.00	0.00	2000
229	10.96	2083	2108	0.00	203	0	0	0	nan	0.00	0.00	4.05	85.36	89.04	0.00	41	0	42	0.00	0.00	65.23	7.72	0.00	0.00	2000
229	11.22	2042	2101	0.00	204	0	0	0	nan	0.00	0.00	3.92	84.97	88.78	0.00	42	0	42	0.00	0.00	64.19	7.71	0.00	0.00	2000
230	10.87	2120	2097	0.00	212	0	0	0	nan	0.00	0.01	4.16	84.88	89.13	0.00	42	0	43	0.00	0.00	65.43	7.94	0.00	0.00	2000
230	10.99	2091	2102	0.00	205	0	0	0	nan	0.00	0.00	4.57	84.60	89.01	0.00	42	0	43	0.00	0.00	64.94	7.60	0.00	0.00	2000
228	10.72	2139	2087	0.00	187	0	0	0	nan	0.00	0.00	3.32	85.46	89.28	0.00	41	0	42	0.00	0.00	62.97	7.47	0.00	0.00	2000
233	11.01	2092	2122	0.00	203	0	0	0	nan	0.00	0.00	3.24	86.73	88.99	0.00	41	0	42	0.00	0.00	66.18	7.76	0.00	0.00	2000
225	10.74	2120	2078	0.00	203	0	0	0	nan	0.00	0.02	3.85	84.56	89.26	0.00	41	0	43	0.00	0.00	63.40	7.50	0.00	0.00	2000
232	11.01	2110	2101	0.65	213	0	0	6	45.33	0.00	0.00	4.03	85.13	88.99	0.00	41	0	43	0.00	0.00	65.16	7.58	0.00	0.00	2000
231	11.06	2068	2120	0.25	203	0	0	0	nan	0.00	0.02	3.47	86.41	88.94	0.00	41	0	43	0.00	0.00	66.59	7.83	0.00	0.00	2000
229	11.17	2050	2102	0.00	202	0	0	0	nan	0.00	0.00	3.28	85.70	88.83	0.00	41	0	42	0.00	0.00	64.83	7.44	0.00	0.00	2000
225	10.92	2073	2084	0.00	205	0	0	0	nan	0.00	0.00	4.19	84.37	89.08	0.00	42	0	42	0.00	0.00	63.32	7.61	0.00	0.00	2000
228	10.96	2083	2096	0.00	204	0	0	0	nan	0.00	0.00	2.89	86.10	89.04	0.00	42	0	42	0.00	0.00	64.54	7.54	0.00	0.00	2000
233	10.95	2106	2118	0.00	214	0	0	0	nan	0.00	0.00	3.86	86.05	89.05	0.00	41	0	42	0.00	0.00	64.98	7.46	0.00	0.00	2000
228	11.01	2081	2092	0.00	203	0	0	0	nan	0.00	0.02	3.36	85.37	88.99	0.00	41	0	43	0.00	0.00	67.37	7.96	0.00	0.00	2000
227	11.12	2043	2101	0.00	204	0	0	0	nan	0.00	0.00	3.24	85.81	88.88	0.00	41	0	42	0.00	0.00	64.04	7.27	0.00	0.00	2000
230	11.18	2052	2104	0.00	203	0	0	0	nan	0.00	0.00	3.16	85.94	88.82	0.00	42	0	43	0.00	0.00	63.01	7.69	0.00	0.00	2000
224	10.80	2107	2067	0.00	203	0	0	0	nan	0.00	0.02	3.26	84.58	89.20	0.00	41	0	42	0.00	0.00	62.11	7.34	0.00	0.00	2000
233	11.34	2027	2127	0.00	203	0	0	0	nan	0.00	0.00	3.34	86.52	88.66	0.00	42	0	43	0.00	0.00	67.66	8.13	0.00	0.00	2000
228	10.99	2102	2076	0.00	213	0	0	0	nan	0.00	0.02	3.12	84.96	89.01	0.00	42	0	43	0.00	0.00	64.64	7.50	0.00	0.00	2000
230	10.99	2073	2120	0.00	219	0	0	0	nan	0.00	0.01	3.18	86.75	89.01	0.00	41	0	43	0.00	0.00	65.71	7.73	0.00	0.00	2000
229	10.99	2077	2109	0.00	203	0	0	0	nan	0.00	0.00	2.48	87.00	89.01	0.00	41	0	42	0.00	0.00	66.37	7.80	0.00	0.00	2000
232	10.98	2107	2107	0.00	203	0	0	0	nan	0.00	0.00	3.33	85.95	89.02	0.00	41	0	43	0.00	0.00	62.62	7.26	0.00	0.00	2000
224	10.74	2129	2061	0.00	212	0	0	0	nan	0.00	0.00	4.21	83.46	89.26	0.00	41	0	42	0.00	0.00	64.99	7.55	0.00	0.00	2000
234	11.11	2080	2126	0.00	205	0	0	0	nan	0.00	0.00	2.41	87.65	88.89	0.00	42	0	43	0.00	0.00	66.50	7.97	0.00	0.00	2000
229	11.20	2040	2106	0.52	202	0	0	7	58.61	0.00	0.03	2.81	86.37	88.80	0.00	41	0	43	0.00	0.00	62.91	7.33	0.00	0.00	2000
226	10.75	2129	2072	0.34	201	0	0	2	79.89	0.00	0.00	3.34	84.83	89.25	0.00	42	0	42	0.00	0.00	65.43	7.65	0.00	0.00	2000
231	11.26	2027	2125	0.00	204	0	0	0	nan	0.00	0.01	2.71	87.25	88.74	0.00	41	0	43	0.00	0.00	64.70	7.79	0.00	0.00	2000
230	11.22	2058	2092	0.00	212	0	0	0	nan	0.00	0.01	3.39	85.15	88.78	0.00	41	0	42	0.00	0.00	65.45	7.61	0.00	0.00	2000
227	11.08	2049	2098	0.00	203	0	0	0	nan	0.00	0.00	2.95	86.06	88.92	0.00	42	0	42	0.00	0.00	65.36	7.67	0.00	0.00	2000
229	11.38	2008	2109	0.00	203	0	0	0	nan	0.00	0.02	2.71	86.45	88.62	0.00	42	0	42	0.00	0.00	64.34	7.71	0.00	0.00	2000
228	11.33	2011	2098	0.00	203	0	0	0	nan	0.00	0.00	3.27	85.48	88.67	0.00	42	0	42	0.00	0.00	64.94	7.81	0.00	0.00	2000
229	11.05	2068	2101	0.00	204	0	0	0	nan	0.00	0.02	2.92	86.15	88.95	0.00	42	0	42	0.00	0.00	61.51	7.70	0.00	0.00	2000
229	11.13	2068	2093	0.00	205	0	0	0	nan	0.00	0.00	3.66	85.01	88.87	0.00	42	0	43	0.00	0.00	66.53	7.47	0.00	0.00	2000
232	11.07	2104	2094	0.00	214	0	0	0	nan	0.00	0.02	2.76	86.00	88.93	0.00	42	0	43	0.00	0.00	67.88	8.05	0.00	0.00	2000
227	10.85	2097	2095	0.00	203	0	0	0	nan	0.00	0.00	2.78	86.25	89.15	0.00	42	0	42	0.00	0.00	63.14	7.56	0.00	0.00	2000
232	11.24	2047	2123	0.00	205	0	0	0	nan	0.00	0.00	3.41	86.42	88.76	0.00	42	0	43	0.00	0.00	66.03	7.82	0.00	0.00	2000
229	11.09	2065	2098	0.00	201	0	0	0	nan	0.00	0.00	3.41	85.52	88.91	0.00	41	0	43	0.00	0.00	65.75	7.78	0.00	0.00	2000
229	11.06	2077	2089	0.00	203	0	0	0	nan	0.00	0.02	3.10	85.35	88.94	0.00	41	0	42	0.00	0.00	62.67	7.40	0.00	0.00	2000
231	11.32	2037	2101	0.00	213	0	0	0	nan	0.01	0.00	3.19	85.65	88.68	0.00	41	0	43	0.00	0.00	65.55	7.66	0.00	0.00	2000
228	10.99	2089	2081	0.00	204	0	0	0	nan	0.00	0.00	2.94	85.35	89.01	0.00	42	0	42	0.00	0.00	66.88	7.87	0.00	0.00	2000
233	11.05	2074	2135	0.00	203	0	0	0	nan	0.00	0.00	3.96	86.54	88.95	0.00	42	0	43	0.00	0.00	64.34	7.59	0.00	0.00	2000
229	10.93	2103	2091	0.38	203	0	0	7	50.28	0.00	0.00	3.53	85.25	89.07	0.00	42	0	42	0.00	0.00	64.77	7.66	0.00	0.00	2000
228	11.14	2053	2095	0.59	203	0	0	6	61.66	0.00	0.00	3.80	84.97	88.86	0.00	42	0	43	0.00	0.00	63.32	7.59	0.00	0.00	2000
232	11.21	2070	2097	0.00	210	0	0	0	nan	0.00	0.00	3.86	84.89	88.79	0.00	41	0	42	0.00	0.00	65.69	7.68	0.00	0.00	2000
230	11.07	2079	2096	0.00	206	0	0	0	nan	0.00	0.01	4.30	84.55	88.93	0.00	41	0	42	0.00	0.00	65.88	7.78	0.00	0.00	2000
229	11.00	2085	2102	0.00	203	0	0	0	nan	0.00	0.00	3.61	85.56	89.01	0.00	42	0	42	0.00	0.00	65.06	7.60	0.00	0.00	2000
226	10.80	2107	2089	0.00	204	0	0	0	nan	0.00	0.00	3.22	85.53	89.20	0.00	41	0	42	0.00	0.00	65.99	7.62	0.00	0.00	2000
236	11.13	2090	2133	0.00	204	0	0	0	nan	0.00	0.03	1.98	88.29	88.87	0.00	42	0	42	0.00	0.00	65.85	7.72	0.00	0.00	2000
232	10.70	2171	2100	0.00	213	0	0	0	nan	0.00	0.00	3.46	85.91	89.30	0.00	41	0	42	0.00	0.00	64.10	7.51	0.00	0.00	2000
228	10.96	2098	2083	0.00	202	0	0	0	nan	0.00	0.02	3.55	84.82	89.04	0.00	42	0	43	0.00	0.00	65.75	7.64	0.00	0.00	2000
229	11.08	2059	2106	0.00	201	0	0	0	nan	0.00	0.00	4.38	84.88	88.92	0.00	42	0	42	0.00	0.00	65.27	7.59	0.00	0.00	2000
227	11.12	2052	2085	0.00	204	0	0	0	nan	0.00	0.00	3.82	84.52	88.88	0.00	41	0	43	0.00	0.00	64.50	7.55	0.00	0.00	2000
231	11.07	2064	2123	0.00	203	0	0	0	nan	0.00	0.00	3.60	86.33	88.93	0.00	41	0	43	0.00	0.00	66.90	7.99	0.00	0.00	2000
229	10.89	2128	2077	0.00	209	0	0	0	nan	0.00	0.00	3.65	84.60	89.11	0.00	41	0	43	0.00	0.00	62.39	7.47	0.00	0.00	2000
232	11.21	2045	2121	0.00	203	0	0	0	nan	0.00	0.00	3.10	86.72	88.79	0.00	42	0	43	0.00	0.00	66.04	7.77	0.00	0.00	2000
229	11.36	2023	2091	0.00	203	0	0	0	nan	0.00	0.02	2.87	85.50	88.64	0.00	41	0	42	0.00	0.00	64.85	7.82	0.00	0.00	2000
230	11.16	2054	2106	0.00	204	0	0	0	nan	0.00	0.02	2.98	86.20	88.84	0.00	41	0	42	0.00	0.00	66.60	7.87	0.00	0.00	2000
232	11.08	2082	2109	0.00	203	0	0	0	nan	0.00	0.00	3.61	85.74	88.92	0.00	42	0	42	0.00	0.00	62.28	7.60	0.00	0.00	2000
227	10.97	2094	2080	0.06	203	0	0	4	57.37	0.00	0.00	4.01	84.26	89.03	0.00	41	0	43	0.00	0.00	65.95	7.73	0.00	0.00	2000
231	11.34	2031	2108	0.72	211	0	0	8	53.69	0.01	0.00	2.49	86.57	88.66	0.00	42	0	42	0.00	0.00	64.14	7.63	0.00	0.00	2000
227	11.05	2066	2092	0.00	204	0	0	0	nan	0.00	0.00	3.36	85.31	88.95	0.00	42	0	43	0.00	0.00	65.79	7.78	0.00	0.00	2000
230	10.97	2090	2108	0.00	203	0	0	0	nan	0.00	0.01	1.76	87.66	89.03	0.00	41	0	42	0.00	0.00	65.51	7.69	0.00	0.00	2000
226	10.83	2105	2084	0.00	203	0	0	0	nan	0.00	0.02	2.31	86.27	89.17	0.00	42	0	43	0.00	0.00	65.25	7.73	0.00	0.00	2000
233	11.07	2097	2113	0.00	228	0	0	0	nan	0.00	0.02	3.12	86.37	88.93	0.00	42	0	42	0.00	0.00	64.35	7.48	0.00	0.00	2000
231	11.09	2083	2097	0.00	205	0	0	0	nan	0.00	0.00	5.67	83.13	88.91	0.00	42	0	43	0.00	0.00	66.94	7.93	0.00	0.00	2000
228	11.21	2036	2099	0.00	205	0	0	0	nan	0.00	0.00	4.20	84.65	88.79	0.00	41	0	43	0.00	0.00	61.17	7.58	0.00	0.00	2000
236	11.11	2110	2116	0.00	218	0	0	0	nan	0.00	0.00	6.29	83.30	88.89	0.00	42	0	43	0.00	0.00	66.88	7.43	0.00	0.00	2000
229	11.01	2088	2096	0.00	204	0	0	0	nan	0.00	0.00	3.47	85.46	88.99	0.00	41	0	42	0.00	0.00	65.32	7.98	0.00	0.00	2000
228	10.98	2089	2085	0.00	204	0	0	0	nan	0.00	0.00	3.90	84.59	89.02	0.00	42	0	42	0.00	0.00	65.79	7.66	0.00	0.00	2000
233	10.90	2127	2115	0.00	213	0	0	0	nan	0.00	0.00	4.31	85.48	89.10	0.00	42	0	43	0.00	0.00	63.80	7.45	0.00	0.00	2000
228	10.83	2116	2090	0.00	203	0	0	0	nan	0.00	0.00	3.11	85.66	89.17	0.00	42	0	42	0.00	0.00	65.07	7.53	0.00	0.00	2000
233	11.16	2082	2106	0.00	206	0	0	0	nan	0.00	0.00	3.99	85.19	88.84	0.00	42	0	43	0.00	0.00	66.55	7.71	0.00	0.00	2000
229	10.83	2117	2098	0.00	202	0	0	0	nan	0.00	0.02	4.12	84.97	89.17	0.00	42	0	43	0.00	0.00	63.27	7.40	0.00	0.00	2000
233	11.39	2040	2103	0.00	204	0	0	0	nan	0.00	0.00	2.78	86.03	88.61	0.00	41	0	43	0.00	0.00	64.16	7.71	0.00	0.00	2000
227	10.77	2118	2090	0.00	211	0	0	0	nan	0.00	0.02	3.23	85.66	89.23	0.00	42	0	43	0.00	0.00	66.07	7.69	0.00	0.00	2000
228	10.90	2096	2097	0.00	204	0	0	3	61.45	0.00	0.00	2.66	86.35	89.10	0.00	42	0	43	0.00	0.00	65.41	7.83	0.00	0.00	2000
231	11.19	2057	2107	0.84	205	0	0	10	53.44	0.00	0.00	4.25	84.92	88.81	0.00	42	0	43	0.00	0.00	65.03	7.67	0.00	0.00	2000
232	11.06	2089	2108	0.00	204	0	0	0	nan	0.00	0.00	3.82	85.57	88.95	0.00	42	0	43	0.00	0.00	63.41	7.44	0.00	0.00	2000
227	10.82	2113	2082	0.00	187	0	0	0	nan	0.00	0.00	2.88	85.64	89.18	0.00	42	0	42	0.00	0.00	62.91	7.39	0.00	0.00	2000
233	10.94	2117	2116	0.00	244	0	0	0	nan	0.00	0.01	2.97	86.77	89.06	0.00	42	0	43	0.00	0.00	67.54	7.85	0.00	0.00	2000
228	10.91	2095	2096	0.00	204	0	0	0	nan	0.00	0.01	3.87	85.10	89.09	0.00	42	0	43	0.00	0.00	64.23	7.67	0.00	0.00	2000
230	11.05	2079	2101	0.00	203	0	0	0	nan	0.00	0.00	3.50	85.51	88.95	0.00	42	0	42	0.00	0.00	64.59	7.50	0.00	0.00	2000
228	10.87	2106	2092	0.00	203	0	0	0	nan	0.00	0.00	3.56	85.30	89.13	0.00	42	0	43	0.00	0.00	66.26	7.73	0.00	0.00	2000
233	10.80	2143	2117	0.00	186	0	0	0	nan	0.00	0.00	3.74	86.18	89.20	0.00	42	0	43	0.00	0.00	63.37	7.51	0.00	0.00	2000
234	11.18	2086	2105	0.00	214	0	0	0	nan	0.00	0.01	3.81	85.35	88.82	0.00	42	0	43	0.00	0.00	65.71	7.77	0.00	0.00	2000
226	10.96	2088	2071	0.00	203	0	0	0	nan	0.00	0.00	4.27	83.65	89.04	0.00	42	0	43	0.00	0.00	63.83	7.60	0.00	0.00	2000
232	10.95	2089	2129	0.00	203	0	0	0	nan	0.00	0.00	3.15	87.12	89.05	0.00	42	0	43	0.00	0.00	65.77	7.88	0.00	0.00	2000
224	11.07	2063	2064	0.00	204	0	0	0	nan	0.00	0.00	3.36	84.17	88.93	0.00	41	0	42	0.00	0.00	63.20	7.39	0.00	0.00	2000
229	10.94	2085	2110	0.00	203	0	0	0	nan	0.00	0.00	4.02	85.54	89.06	0.00	42	0	42	0.00	0.00	65.71	7.73	0.00	0.00	2000
232	10.86	2140	2098	0.00	214	0	0	0	nan	0.00	0.00	3.17	85.97	89.14	0.00	42	0	42	0.00	0.00	64.51	7.73	0.00	0.00	2000
225	11.00	2073	2068	0.00	203	0	0	0	nan	0.00	0.00	2.69	85.11	89.00	0.00	42	0	43	0.00	0.00	64.25	7.81	0.00	0.00	2000
235	11.25	2058	2135	0.00	249	0	0	0	nan	0.00	0.01	3.48	86.84	88.75	0.00	42	0	42	0.00	0.00	65.80	7.78	0.00	0.00	2000
230	11.05	2066	2112	0.00	218	0	0	2	59.41	0.00	0.00	3.52	86.02	88.95	0.00	42	0	43	0.00	0.00	64.99	7.64	0.00	0.00	2000
232	10.98	2115	2095	0.92	187	0	0	11	50.75	0.00	0.00	3.14	85.79	89.03	0.00	42	0	43	0.00	0.00	65.22	7.69	0.00	0.00	2000
233	11.11	2079	2116	0.00	211	0	0	0	nan	0.01	0.00	2.85	86.75	88.89	0.00	42	0	43	0.00	0.00	66.03	7.87	0.00	0.00	2000
226	11.04	2070	2073	0.00	203	0	0	0	nan	0.00	0.01	3.60	84.37	88.96	0.00	42	0	42	0.00	0.00	63.83	7.55	0.00	0.00	2000
227	11.11	2050	2098	0.00	204	0	0	0	nan	0.00	0.00	2.81	86.10	88.89	0.00	41	0	43	0.00	0.00	64.07	7.54	0.00	0.00	2000
230	10.96	2090	2108	0.00	204	0	0	0	nan	0.00	0.00	3.51	85.96	89.04	0.00	42	0	43	0.00	0.00	65.11	7.57	0.00	0.00	2000
229	10.98	2086	2103	0.00	219	0	0	0	nan	0.00	0.02	3.88	85.36	89.02	0.00	42	0	43	0.00	0.00	64.91	7.64	0.00	0.00	2000
233	11.04	2106	2101	0.00	197	0	0	0	nan	0.00	0.02	3.14	85.99	88.96	0.00	41	0	43	0.00	0.00	65.38	7.80	0.00	0.00	2000
231	11.00	2085	2115	0.00	221	0	0	0	nan	0.00	0.00	3.45	86.22	89.00	0.00	42	0	42	0.00	0.00	60.98	7.57	0.00	0.00	2000
225	10.97	2082	2068	0.00	205	0	0	0	nan	0.00	0.00	3.14	84.62	89.03	0.00	41	0	42	0.00	0.00	68.58	7.49	0.00	0.00	2000
231	11.27	2024	2124	0.00	204	0	0	0	nan	0.00	0.00	2.46	87.45	88.73	0.00	42	0	43	0.00	0.00	67.01	7.55	0.00	0.00	2000
226	10.79	2120	2075	0.00	203	0	0	0	nan	0.00	0.00	2.74	85.44	89.21	0.00	42	0	43	0.00	0.00	61.86	7.40	0.00	0.00	2000
235	11.44	2023	2130	0.00	213	0	0	0	nan	0.00	0.02	1.69	88.30	88.56	0.00	42	0	43	0.00	0.00	65.76	7.52	0.00	0.00	2000
230	10.95	2108	2091	0.00	209	0	0	0	nan	0.00	0.00	4.45	84.25	89.05	0.00	42	0	42	0.00	0.00	65.13	7.72	0.00	0.00	2000
229	11.08	2067	2100	0.00	213	0	0	0	nan	0.00	0.00	4.89	84.13	88.92	0.00	42	0	43	0.00	0.00	62.68	7.26	0.00	0.00	2000
228	11.10	2057	2095	0.00	208	0	0	0	nan	0.00	0.00	3.61	85.16	88.90	0.00	42	0	43	0.00	0.00	65.18	7.75	0.00	0.00	2000
229	11.28	2019	2110	0.00	202	0	0	0	nan	0.00	0.00	3.73	85.51	88.72	0.00	42	0	43	0.00	0.00	64.92	7.62	0.00	0.00	2000
227	11.02	2083	2074	0.00	213	0	0	0	96.03	0.00	0.00	4.31	83.69	88.98	0.00	42	0	43	0.00	0.00	64.69	7.85	0.00	0.00	2000
232	11.02	2068	2134	1.03	204	0	0	10	28.53	0.00	0.00	4.00	86.52	88.98	0.00	42	0	43	0.00	0.00	68.94	8.12	0.00	0.00	2000
228	11.14	2052	2092	0.00	203	0	0	0	nan	0.00	0.00	3.88	84.80	88.86	0.00	42	0	43	0.00	0.00	61.42	7.67	0.00	0.00	2000
226	11.35	1993	2101	0.00	203	0	0	0	nan	0.00	0.00	3.18	85.65	88.65	0.00	42	0	42	0.00	0.00	66.65	7.65	0.00	0.00	2000
226	11.06	2055	2090	0.00	203	0	0	0	nan	0.00	0.00	2.91	85.74	88.94	0.00	42	0	42	0.00	0.00	65.49	7.88	0.00	0.00	2000
233	11.23	2059	2114	0.00	214	0	0	0	nan	0.00	0.00	4.45	84.96	88.77	0.00	42	0	42	0.00	0.00	65.96	7.81	0.00	0.00	2000
230	10.97	2097	2097	0.00	203	0	0	0	nan	0.00	0.01	4.23	84.79	89.03	0.00	42	0	42	0.00	0.00	62.13	7.46	0.00	0.00	2000
230	11.03	2083	2101	0.00	204	0	0	0	nan	0.00	0.02	4.03	85.12	88.97	0.00	42	0	43	0.00	0.00	65.59	7.85	0.00	0.00	2000
228	11.17	2043	2096	0.00	203	0	0	0	nan	0.00	0.00	3.48	85.28	88.83	0.00	42	0	43	0.00	0.00	64.70	7.70	0.00	0.00	2000
229	10.84	2107	2102	0.00	204	0	0	0	nan	0.00	0.01	3.92	85.38	89.16	0.00	42	0	43	0.00	0.00	66.28	7.92	0.00	0.00	2000
227	11.05	2067	2087	0.00	213	0	0	0	nan	0.00	0.00	3.14	85.35	88.95	0.00	42	0	43	0.00	0.00	66.72	7.84	0.00	0.00	2000
230	11.15	2039	2120	0.00	201	0	0	0	nan	0.00	0.01	3.81	86.06	88.85	0.00	42	0	42	0.00	0.00	63.88	7.49	0.00	0.00	2000
230	11.11	2071	2098	0.00	201	0	0	0	nan	0.00	0.00	3.99	84.97	88.89	0.00	41	0	43	0.00	0.00	66.63	8.00	0.00	0.00	2000
229	10.92	2097	2100	0.00	204	0	0	0	nan	0.00	0.00	4.04	85.14	89.08	0.00	41	0	43	0.00	0.00	63.84	7.72	0.00	0.00	2000
228	11.02	2079	2094	0.00	203	0	0	0	nan	0.00	0.00	3.37	85.48	88.98	0.00	42	0	43	0.00	0.00	62.10	7.79	0.00	0.00	2000
229	11.20	2046	2098	0.00	204	0	0	0	nan	0.00	0.00	4.31	84.58	88.80	0.00	42	0	43	0.00	0.00	67.52	7.64	0.00	0.00	2000
230	11.22	2046	2103	0.00	215	0	0	0	nan	0.00	0.00	4.50	84.57	88.78	0.00	42	0	43	0.00	0.00	65.04	7.83	0.00	0.00	2000
225	10.99	2069	2076	0.00	205	0	0	0	nan	0.00	0.00	4.44	83.72	89.01	0.00	42	0	43	0.00	0.00	64.03	7.44	0.00	0.00	2000
231	11.09	2059	2123	1.01	219	0	0	10	28.85	0.00	0.01	4.22	85.74	88.91	0.00	42	0	42	0.00	0.00	66.26	7.88	0.00	0.00	2000
227	10.86	2093	2099	0.05	203	0	0	0	nan	0.00	0.00	3.46	85.70	89.14	0.00	42	0	42	0.00	0.00	65.10	7.67	0.00	0.00	2000
230	11.31	2031	2101	0.00	212	0	0	0	nan	0.00	0.00	4.21	84.65	88.69	0.00	42	0	42	0.00	0.00	64.05	7.71	0.00	0.00	2000
227	10.94	2084	2089	0.00	204	0	0	0	nan	0.00	0.00	4.14	84.62	89.06	0.00	42	0	43	0.00	0.00	66.01	7.92	0.00	0.00	2000
230	11.14	2055	2111	0.00	203	0	0	0	nan	0.00	0.00	4.09	85.35	88.86	0.00	42	0	42	0.00	0.00	64.38	7.51	0.00	0.00	2000
227	11.05	2050	2101	0.00	203	0	0	0	nan	0.00	0.00	3.36	85.75	88.95	0.00	42	0	43	0.00	0.00	64.99	7.78	0.00	0.00	2000
229	10.84	2123	2092	0.00	203	0	0	0	nan	0.00	0.00	3.30	85.61	89.16	0.00	41	0	43	0.00	0.00	64.84	7.61	0.00	0.00	2000
230	11.26	2043	2104	0.00	212	0	0	0	nan	0.00	0.00	4.30	84.75	88.74	0.00	42	0	43	0.00	0.00	64.87	7.79	0.00	0.00	2000
228	10.99	2080	2094	0.00	203	0	0	0	nan	0.00	0.00	4.03	84.84	89.01	0.00	42	0	43	0.00	0.00	65.22	7.76	0.00	0.00	2000
225	11.13	2027	2097	0.00	203	0	0	0	nan	0.00	0.00	4.16	84.70	88.87	0.00	42	0	42	0.00	0.00	64.83	7.65	0.00	0.00	2000
231	10.95	2096	2117	0.00	203	0	0	0	nan	0.00	0.01	2.76	87.11	89.05	0.00	41	0	43	0.00	0.00	65.19	7.64	0.00	0.00	2000
228	11.14	2047	2101	0.00	203	0	0	0	nan	0.00	0.00	3.68	85.35	88.86	0.00	42	0	43	0.00	0.00	65.77	7.92	0.00	0.00	2000
234	11.22	2081	2103	0.00	213	0	0	0	nan	0.00	0.00	3.71	85.31	88.78	0.00	42	0	43	0.00	0.00	65.01	7.61	0.00	0.00	2000
230	10.97	2097	2099	0.00	203	0	0	0	nan	0.00	0.00	3.69	85.35	89.03	0.00	42	0	43	0.00	0.00	62.51	7.40	0.00	0.00	2000
230	10.86	2122	2099	0.00	203	0	0	0	nan	0.00	0.00	3.35	85.90	89.14	0.00	42	0	42	0.00	0.00	66.87	8.02	0.00	0.00	2000
223	10.82	2082	2078	0.00	203	0	0	0	nan	0.00	0.01	3.59	84.75	89.18	0.00	41	0	43	0.00	0.00	64.91	7.62	0.00	0.00	2000
228	11.00	2079	2098	0.00	204	0	0	0	nan	0.00	0.00	3.60	85.39	89.00	0.00	42	0	43	0.00	0.00	65.18	7.74	0.00	0.00	2000
229	10.93	2099	2099	0.94	213	0	0	9	23.32	0.00	0.00	3.37	85.75	89.07	0.00	41	0	43	0.00	0.00	65.53	7.63	0.00	0.00	2000
232	10.70	2153	2115	0.18	202	0	0	0	nan	0.00	0.02	3.86	86.06	89.30	0.00	42	0	43	0.00	0.00	66.06	7.70	0.00	0.00	2000
226	10.91	2087	2081	0.00	206	0	0	0	nan	0.00	0.00	3.57	84.71	89.09	0.00	41	0	43	0.00	0.00	61.33	7.49	0.00	0.00	2000
231	10.72	2133	2119	0.00	204	0	0	0	nan	0.00	0.01	3.45	86.64	89.28	0.00	41	0	43	0.00	0.00	69.22	8.14	0.00	0.00	2000
228	11.07	2059	2104	0.00	203	0	0	0	nan	0.00	0.01	3.63	85.56	88.93	0.00	42	0	43	0.00	0.00	62.70	7.39	0.00	0.00	2000
230	10.96	2090	2104	0.00	203	0	0	0	nan	0.00	0.01	3.69	85.61	89.04	0.00	41	0	43	0.00	0.00	66.73	7.93	0.00	0.00	2000
228	10.88	2115	2081	0.00	211	0	0	0	nan	0.00	0.00	3.73	84.62	89.12	0.00	42	0	43	0.00	0.00	65.56	7.61	0.00	0.00	2000
228	10.81	2119	2092	0.00	204	0	0	0	nan	0.00	0.00	3.65	85.22	89.19	0.00	42	0	43	0.00	0.00	62.67	7.39	0.00	0.00	2000
231	10.91	2092	2123	0.00	203	0	0	0	nan	0.01	0.02	2.70	87.43	89.09	0.00	41	0	42	0.00	0.00	69.13	8.00	0.00	0.00	2000
231	10.89	2111	2109	0.00	203	0	0	0	nan	0.00	0.00	4.19	85.31	89.11	0.00	42	0	43	0.00	0.00	63.48	7.49	0.00	0.00	2000
226	10.73	2123	2085	0.00	204	0	0	0	nan	0.00	0.00	3.95	84.77	89.27	0.00	41	0	42	0.00	0.00	66.50	7.78	0.00	0.00	2000
232	11.12	2078	2106	0.00	214	0	0	0	nan	0.00	0.02	3.52	85.69	88.88	0.00	42	0	43	0.00	0.00	66.43	7.74	0.00	0.00	2000
227	10.85	2117	2077	0.00	204	0	0	0	nan	0.00	0.00	3.57	84.64	89.15	0.00	41	0	43	0.00	0.00	64.53	7.51	0.00	0.00	2000
227	11.01	2057	2101	0.00	219	0	0	0	nan	0.00	0.00	3.30	85.84	88.99	0.00	41	0	43	0.00	0.00	64.69	7.60	0.00	0.00	2000
231	11.01	2075	2123	0.00	204	0	0	0	nan	0.00	0.00	2.39	87.62	88.99	0.00	42	0	43	0.00	0.00	64.76	7.60	0.00	0.00	2000
233	11.19	2079	2104	0.00	207	0	0	0	nan	0.00	0.01	4.73	84.35	88.81	0.00	42	0	43	0.00	0.00	65.11	7.74	0.00	0.00	2000
229	10.97	2084	2100	0.00	213	0	0	0	nan	0.00	0.00	4.00	85.04	89.03	0.00	42	0	42	0.00	0.00	63.87	7.77	0.00	0.00	2000
226	11.02	2060	2089	0.78	202	0	0	10	29.86	0.00	0.00	2.70	85.87	88.98	0.00	42	0	43	0.00	0.00	67.91	7.70	0.00	0.00	2000
229	11.05	2064	2104	0.34	204	0	0	1	74.97	0.00	0.01	2.46	86.71	88.95	0.00	42	0	42	0.00	0.00	65.07	7.72	0.00	0.00	2000
228	10.85	2105	2094	0.00	204	0	0	0	nan	0.00	0.02	3.07	85.86	89.15	0.00	41	0	43	0.00	0.00	65.13	7.75	0.00	0.00	2000
229	11.00	2074	2112	0.00	203	0	0	0	nan	0.00	0.00	3.86	85.77	89.00	0.00	42	0	43	0.00	0.00	63.95	7.49	0.00	0.00	2000
230	11.14	2071	2097	0.00	212	0	0	0	nan	0.00	0.00	3.81	85.03	88.86	0.00	42	0	43	0.00	0.00	64.37	7.69	0.00	0.00	2000
230	10.94	2105	2102	0.00	207	0	0	0	nan	0.00	0.00	5.07	84.14	89.06	0.00	42	0	43	0.00	0.00	66.46	7.97	0.00	0.00	2000
228	10.85	2106	2097	0.00	204	0	0	0	nan	0.00	0.01	3.58	85.51	89.15	0.00	42	0	42	0.00	0.00	64.85	7.77	0.00	0.00	2000
228	10.92	2086	2102	0.00	204	0	0	0	nan	0.00	0.01	4.08	85.15	89.08	0.00	42	0	43	0.00	0.00	64.40	7.91	0.00	0.00	2000
227	11.01	2066	2096	0.00	204	0	0	0	nan	0.00	0.00	3.42	85.47	88.99	0.00	42	0	42	0.00	0.00	64.03	7.65	0.00	0.00	2000
226	11.06	2060	2080	0.00	213	0	0	0	nan	0.00	0.00	3.97	84.23	88.94	0.00	42	0	43	0.00	0.00	63.83	7.58	0.00	0.00	2000
234	10.93	2105	2136	0.00	203	0	0	0	nan	0.00	0.03	3.62	87.08	89.07	0.00	42	0	43	0.00	0.00	66.76	7.93	0.00	0.00	2000
225	11.02	2054	2087	0.00	203	0	0	0	nan	0.00	0.00	4.34	84.32	88.98	0.00	42	0	42	0.00	0.00	64.84	7.74	0.00	0.00	2000
230	11.19	2049	2108	0.00	203	0	0	0	nan	0.00	0.00	3.17	86.12	88.81	0.00	42	0	43	0.00	0.00	65.21	7.84	0.00	0.00	2000
227	11.32	2009	2098	0.00	203	0	0	0	nan	0.00	0.00	3.25	85.45	88.68	0.00	41	0	42	0.00	0.00	65.50	8.00	0.00	0.00	2000
229	11.18	2059	2092	0.00	213	0	0	0	nan	0.00	0.02	3.33	85.19	88.82	0.00	42	0	43	0.00	0.00	62.77	7.41	0.00	0.00	2000
229	11.21	2034	2108	0.00	204	0	0	0	nan	0.00	0.02	2.94	86.30	88.79	0.00	42	0	43	0.00	0.00	66.07	7.92	0.00	0.00	2000
228	10.78	2121	2099	0.00	203	0	0	0	nan	0.00	0.00	3.44	85.78	89.22	0.00	42	0	42	0.00	0.00	65.31	7.91	0.00	0.00	2000
227	10.93	2078	2096	0.52	203	0	0	7	31.77	0.00	0.00	3.26	85.68	89.07	0.00	42	0	43	0.00	0.00	64.58	7.77	0.00	0.00	2000
230	10.74	2131	2112	0.62	203	0	0	4	49.05	0.00	0.00	3.65	86.21	89.26	0.00	42	0	43	0.00	0.00	64.91	7.78	0.00	0.00	2000
225	10.74	2129	2066	0.00	212	0	0	0	nan	0.00	0.00	4.75	83.15	89.26	0.00	42	0	43	0.00	0.00	62.54	7.48	0.00	0.00	2000
231	11.06	2071	2115	0.00	202	0	0	0	nan	0.00	0.01	2.61	87.07	88.94	0.00	42	0	43	0.00	0.00	66.11	7.90	0.00	0.00	2000
229	11.03	2065	2112	0.00	203	0	0	0	nan	0.00	0.00	3.31	86.25	88.97	0.00	41	0	43	0.00	0.00	66.09	8.18	0.00	0.00	2000
231	11.06	2089	2099	0.00	204	0	0	0	nan	0.00	0.00	3.70	85.33	88.94	0.00	42	0	42	0.00	0.00	64.63	7.66	0.00	0.00	2000
228	10.69	2137	2096	0.00	203	0	0	0	nan	0.00	0.01	3.77	85.37	89.31	0.00	42	0	43	0.00	0.00	66.21	7.94	0.00	0.00	2000
231	10.91	2111	2105	0.00	204	0	0	0	nan	0.00	0.00	3.88	85.51	89.09	0.00	42	0	43	0.00	0.00	64.56	7.61	0.00	0.00	2000
228	11.18	2049	2090	0.00	214	0	0	0	nan	0.00	0.00	4.30	84.24	88.82	0.00	42	0	43	0.00	0.00	64.37	7.67	0.00	0.00	2000
228	10.96	2086	2092	0.00	204	0	0	0	nan	0.00	0.00	4.47	84.29	89.04	0.00	42	0	42	0.00	0.00	65.22	7.79	0.00	0.00	2000
227	11.24	2014	2104	0.00	203	0	0	0	nan	0.00	0.00	4.24	84.72	88.76	0.00	42	0	43	0.00	0.00	64.30	7.63	0.00	0.00	2000
229	10.93	2092	2103	0.00	207	1	0	0	nan	0.00	0.02	2.80	86.43	89.07	0.00	42	0	42	0.00	0.00	64.96	7.91	0.00	0.00	2000
227	10.87	2109	2083	0.00	203	0	0	0	nan	0.00	0.03	3.34	85.14	89.13	0.00	42	0	42	0.00	0.00	64.54	7.71	0.00	0.00	2000
232	10.96	2100	2121	0.00	229	0	0	0	nan	0.00	0.02	2.66	87.31	89.04	0.00	42	0	43	0.00	0.00	64.27	7.71	0.00	0.00	2000
226	10.74	2116	2089	0.00	187	0	0	0	nan	0.00	0.00	2.75	86.09	89.26	0.00	41	0	43	0.00	0.00	65.97	7.81	0.00	0.00	2000
228	11.00	2077	2096	0.00	204	0	0	0	nan	0.00	0.01	3.68	85.30	89.00	0.00	42	0	43	0.00	0.00	65.25	7.83	0.00	0.00	2000
233	11.12	2064	2128	0.00	203	0	0	0	nan	0.00	0.00	2.76	87.40	88.88	0.00	42	0	42	0.00	0.00	63.20	7.47	0.00	0.00	2000
226	11.02	2066	2085	0.25	203	0	0	6	34.69	0.00	0.00	3.95	84.59	88.98	0.00	42	0	42	0.00	0.00	64.83	7.61	0.00	0.00	2000
228	11.04	2077	2091	0.82	213	0	0	6	43.16	0.00	0.00	3.22	85.53	88.96	0.00	42	0	42	0.00	0.00	64.15	7.63	0.00	0.00	2000
227	10.97	2079	2090	0.00	219	0	0	0	nan	0.00	0.02	3.55	85.17	89.03	0.00	42	0	42	0.00	0.00	66.39	7.88	0.00	0.00	2000
228	10.86	2091	2112	0.00	203	0	0	0	nan	0.00	0.02	4.01	85.70	89.14	0.00	42	0	43	0.00	0.00	65.91	7.89	0.00	0.00	2000
232	10.98	2111	2101	0.00	207	0	0	0	nan	0.00	0.00	4.06	85.09	89.02	0.00	41	0	42	0.00	0.00	64.94	7.62	0.00	0.00	2000
233	11.12	2081	2113	0.00	213	0	0	0	nan	0.00	0.00	3.68	85.82	88.88	0.00	42	0	43	0.00	0.00	63.20	7.46	0.00	0.00	2000
227	10.85	2110	2086	0.00	203	0	0	0	nan	0.00	0.00	3.47	85.12	89.15	0.00	42	0	42	0.00	0.00	66.53	7.78	0.00	0.00	2000
227	10.93	2083	2099	0.00	203	0	0	0	nan	0.00	0.02	3.24	85.88	89.07	0.00	42	0	43	0.00	0.00	62.08	7.37	0.00	0.00	2000
230	10.82	2112	2111	0.00	219	0	0	0	nan	0.00	0.01	3.64	86.04	89.18	0.00	42	0	43	0.00	0.00	66.66	7.87	0.00	0.00	2000
229	10.93	2094	2101	0.00	203	0	0	0	nan	0.00	0.02	3.62	85.59	89.07	0.00	42	0	43	0.00	0.00	64.71	7.66	0.00	0.00	2000
232	11.06	2090	2106	0.00	214	0	0	0	nan	0.00	0.01	3.20	86.09	88.94	0.00	42	0	43	0.00	0.00	65.27	7.80	0.00	0.00	2000
227	10.91	2086	2096	0.00	202	0	0	0	nan	0.00	0.00	2.97	86.03	89.09	0.00	42	0	43	0.00	0.00	65.09	7.79	0.00	0.00	2000
231	11.00	2094	2103	0.00	206	0	0	0	nan	0.00	0.02	3.00	86.19	89.00	0.00	42	0	43	0.00	0.00	65.15	7.65	0.00	0.00	2000
228	10.88	2098	2096	0.00	203	0	0	0	nan	0.00	0.02	3.49	85.55	89.12	0.00	42	0	43	0.00	0.00	64.96	7.70	0.00	0.00	2000
228	11.21	2037	2096	0.00	204	0	0	0	nan	0.00	0.01	3.98	84.75	88.79	0.00	42	0	43	0.00	0.00	64.21	7.71	0.00	0.00	2000
231	11.08	2076	2105	0.00	203	0	0	0	nan	0.00	0.00	4.35	84.87	88.92	0.00	42	0	43	0.00	0.00	65.42	7.81	0.00	0.00	2000
229	11.08	2060	2105	0.00	213	0	0	0	nan	0.00	0.00	3.62	85.65	88.92	0.00	42	0	43	0.00	0.00	65.31	7.85	0.00	0.00	2000
226	10.91	2081	2092	0.25	202	0	0	6	34.21	0.00	0.00	3.16	85.72	89.09	0.00	42	0	42	0.00	0.00	64.27	7.61	0.00	0.00	2000
229	11.09	2071	2099	0.83	203	0	0	7	42.92	0.00	0.00	4.13	84.83	88.91	0.00	42	0	43	0.00	0.00	66.05	7.90	0.00	0.00	2000
229	11.07	2061	2105	0.00	204	0	0	0	nan	0.00	0.00	2.69	86.54	88.93	0.00	42	0	43	0.00	0.00	59.74	7.55	0.00	0.00	2000
231	11.07	2078	2106	0.00	203	0	0	0	nan	0.00	0.00	3.08	86.13	88.93	0.00	42	0	43	0.00	0.00	69.00	7.72	0.00	0.00	2000
231	10.99	2105	2098	0.00	211	0	0	0	nan	0.00	0.02	3.89	85.14	89.01	0.00	42	0	43	0.00	0.00	65.93	7.72	0.00	0.00	2000
228	11.01	2070	2097	0.00	203	0	0	0	nan	0.00	0.00	3.42	85.47	88.99	0.00	42	0	43	0.00	0.00	64.84	7.80	0.00	0.00	2000
227	10.94	2081	2092	0.00	204	0	0	0	nan	0.00	0.00	3.51	85.26	89.06	0.00	42	0	43	0.00	0.00	65.23	7.81	0.00	0.00	2000
229	11.18	2044	2103	0.00	203	0	0	0	nan	0.02	0.00	3.43	85.66	88.82	0.00	42	0	43	0.00	0.00	64.58	7.54	0.00	0.00	2000
228	11.15	2037	2105	0.00	203	0	0	0	nan	0.00	0.00	3.57	85.59	88.85	0.00	42	0	43	0.00	0.00	65.24	7.83	0.00	0.00	2000
232	10.87	2133	2100	0.00	212	0	0	0	nan	0.00	0.00	3.71	85.49	89.13	0.00	42	0	43	0.00	0.00	65.40	7.80	0.00	0.00	2000
223	10.88	2076	2074	0.00	188	0	0	0	nan	0.00	0.00	3.66	84.50	89.12	0.00	42	0	43	0.00	0.00	63.54	7.57	0.00	0.00	2000
232	11.10	2063	2126	0.00	237	0	0	0	nan	0.00	0.00	4.23	85.82	88.90	0.00	42	0	43	0.00	0.00	66.94	8.21	0.00	0.00	2000
227	10.78	2113	2093	0.00	203	0	0	0	nan	0.00	0.02	3.39	85.56	89.22	0.00	42	0	42	0.00	0.00	62.96	7.58	0.00	0.00	2000
233	11.08	2099	2107	0.00	203	0	0	0	nan	0.00	0.02	3.61	85.66	88.92	0.00	42	0	43	0.00	0.00	66.95	8.14	0.00	0.00	2000
228	10.87	2100	2099	0.00	215	0	0	0	nan	0.00	0.00	4.03	85.05	89.13	0.00	42	0	42	0.00	0.00	64.95	7.76	0.00	0.00	2000
231	11.13	2075	2101	0.00	206	0	0	0	nan	0.00	0.00	5.32	83.67	88.87	0.00	42	0	43	0.00	0.00	64.72	8.01	0.00	0.00	2000
230	10.94	2096	2104	0.00	204	0	0	0	nan	0.00	0.00	3.71	85.61	89.06	0.00	42	0	43	0.00	0.00	63.15	7.51	0.00	0.00	2000
227	10.87	2095	2095	0.04	203	0	0	4	39.26	0.00	0.00	3.31	85.67	89.13	0.00	42	0	42	0.00	0.00	67.07	7.97	0.00	0.00	2000
229	10.92	2092	2105	0.97	204	0	0	8	39.26	0.00	0.00	4.59	84.68	89.08	0.00	42	0	43	0.00	0.00	65.18	7.58	0.00	0.00	2000
229	10.82	2133	2083	0.00	197	0	0	0	nan	0.00	0.00	3.25	85.28	89.18	0.00	42	0	43	0.00	0.00	63.42	7.84	0.00	0.00	2000
227	10.96	2071	2097	0.00	203	0	0	0	nan	0.00	0.01	3.21	85.80	89.04	0.00	42	0	43	0.00	0.00	65.63	7.95	0.00	0.00	2000
231	10.99	2101	2102	0.00	202	0	0	0	nan	0.00	0.00	3.06	86.13	89.01	0.00	42	0	43	0.00	0.00	65.35	7.81	0.00	0.00	2000
228	10.74	2127	2096	0.00	204	0	0	0	nan	0.00	0.01	2.81	86.30	89.26	0.00	42	0	43	0.00	0.00	64.10	7.83	0.00	0.00	2000
231	11.08	2068	2116	0.00	219	0	0	0	nan	0.00	0.01	3.12	86.62	88.92	0.00	41	0	43	0.00	0.00	64.20	7.78	0.00	0.00	2000
235	11.43	2050	2101	0.00	229	0	0	0	nan	0.00	0.01	6.40	82.33	88.57	0.00	42	0	43	0.00	0.00	64.90	7.83	0.00	0.00	2000
225	11.00	2051	2092	0.00	205	0	0	0	nan	0.00	0.00	3.49	85.29	89.00	0.00	42	0	43	0.00	0.00	66.18	7.93	0.00	0.00	2000
225	10.73	2101	2097	0.00	220	0	0	0	nan	0.00	0.00	2.60	86.56	89.27	0.00	42	0	43	0.00	0.00	65.19	7.80	0.00	0.00	2000
228	10.92	2098	2091	0.00	235	0	0	0	nan	0.00	0.01	3.29	85.43	89.08	0.00	42	0	43	0.00	0.00	65.10	7.84	0.00	0.00	2000
226	11.00	2061	2095	0.00	212	0	0	0	nan	0.00	0.00	3.54	85.32	89.00	0.00	42	0	43	0.00	0.00	65.03	7.89	0.00	0.00	2000
227	10.98	2067	2103	0.00	219	0	0	0	nan	0.00	0.00	3.91	85.33	89.02	0.00	42	0	43	0.00	0.00	65.26	7.65	0.00	0.00	2000
235	11.02	2112	2119	0.00	209	0	0	0	nan	0.00	0.00	5.11	84.81	88.98	0.00	42	0	43	0.00	0.00	66.44	7.78	0.00	0.00	2000
230	10.82	2120	2103	0.00	204	0	0	0	nan	0.00	0.00	3.20	86.22	89.18	0.00	42	0	42	0.00	0.00	65.29	7.92	0.00	0.00	2000
227	11.05	2075	2082	0.00	214	0	0	0	nan	0.00	0.00	3.32	84.97	88.95	0.00	42	0	43	0.00	0.00	64.90	7.65	0.00	0.00	2000
230	10.95	2094	2110	0.00	203	0	0	0	nan	0.00	0.00	3.19	86.31	89.05	0.00	42	0	43	0.00	0.00	66.17	7.87	0.00	0.00	2000
231	11.01	2076	2122	0.54	203	0	0	6	25.27	0.00	0.02	2.88	87.01	88.99	0.00	42	0	43	0.00	0.00	66.56	7.96	0.00	0.00	2000
231	10.95	2112	2101	0.82	206	0	0	4	43.30	0.01	0.03	3.46	85.63	89.05	0.00	42	0	43	0.00	0.00	65.65	7.94	0.00	0.00	2000
222	11.02	2054	2063	0.00	203	0	0	0	nan	0.00	0.00	3.75	83.81	88.98	0.00	42	0	43	0.00	0.00	63.49	7.68	0.00	0.00	2000
230	11.23	2042	2108	0.00	228	0	0	0	nan	0.00	0.00	3.89	85.35	88.77	0.00	42	0	43	0.00	0.00	65.47	7.85	0.00	0.00	2000
232	11.03	2074	2131	0.00	203	0	0	0	nan	0.00	0.00	3.16	87.17	88.97	0.00	42	0	43	0.00	0.00	66.56	7.89	0.00	0.00	2000
224	10.96	2074	2066	0.00	203	0	0	0	nan	0.00	0.00	3.75	83.95	89.04	0.00	42	0	43	0.00	0.00	64.42	7.76	0.00	0.00	2000
226	11.06	2036	2104	0.00	219	0	0	0	nan	0.00	0.00	3.29	85.94	88.94	0.00	42	0	43	0.00	0.00	65.34	7.93	0.00	0.00	2000
228	11.11	2052	2097	0.00	230	0	0	0	nan	0.01	0.00	3.31	85.59	88.89	0.00	42	0	43	0.00	0.00	62.62	7.39	0.00	0.00	2000
228	11.02	2061	2112	0.00	203	0	0	0	nan	0.00	0.00	3.24	86.37	88.98	0.00	42	0	43	0.00	0.00	65.66	7.78	0.00	0.00	2000
231	10.78	2127	2112	0.00	204	0	0	0	nan	0.00	0.00	3.46	86.31	89.22	0.00	42	0	43	0.00	0.00	66.32	7.93	0.00	0.00	2000
225	10.96	2070	2081	0.00	203	0	0	0	nan	0.00	0.00	3.17	85.16	89.04	0.00	42	0	43	0.00	0.00	64.56	7.69	0.00	0.00	2000
233	10.93	2098	2130	0.00	202	0	0	0	nan	0.00	0.02	3.33	87.06	89.07	0.00	42	0	43	0.00	0.00	67.32	7.86	0.00	0.00	2000
231	10.95	2108	2101	0.00	212	0	0	0	nan	0.00	0.00	3.35	85.77	89.05	0.00	42	0	43	0.00	0.00	65.49	7.87	0.00	0.00	2000
224	11.00	2072	2063	0.00	204	0	0	0	nan	0.00	0.00	3.42	84.12	89.00	0.00	42	0	43	0.00	0.00	63.54	7.66	0.00	0.00	2000
227	10.87	2090	2100	0.00	203	0	0	0	nan	0.01	0.02	3.53	85.65	89.13	0.00	42	0	42	0.00	0.00	65.12	7.85	0.00	0.00	2000
228	10.87	2084	2114	0.00	219	0	0	0	nan	0.00	0.01	3.21	86.53	89.13	0.00	42	0	43	0.00	0.00	66.32	7.83	0.00	0.00	2000
228	10.92	2101	2087	0.00	203	0	0	0	nan	0.00	0.02	2.44	86.15	89.08	0.00	42	0	43	0.00	0.00	64.90	7.78	0.00	0.00	2000
231	11.09	2052	2133	0.92	230	0	0	8	20.70	0.00	0.02	4.47	85.94	88.91	0.00	42	0	43	0.00	0.00	66.93	7.80	0.00	0.00	2000
222	11.03	2052	2062	0.35	200	0	0	0	nan	0.00	0.00	3.26	84.24	88.97	0.00	42	0	43	0.00	0.00	63.39	7.57	0.00	0.00	2000
227	11.09	2037	2112	0.00	219	0	0	0	nan	0.00	0.00	3.57	85.98	88.91	0.00	42	0	42	0.00	0.00	66.27	7.71	0.00	0.00	2000
231	10.72	2139	2116	0.00	203	0	0	0	nan	0.00	0.00	2.88	87.11	89.28	0.00	42	0	42	0.00	0.00	66.63	7.82	0.00	0.00	2000
229	11.19	2071	2072	0.00	215	0	0	0	nan	0.00	0.00	3.46	84.23	88.81	0.00	42	0	43	0.00	0.00	64.12	7.73	0.00	0.00	2000
230	11.01	2071	2118	0.00	203	0	0	0	nan	0.00	0.00	4.01	85.89	88.99	0.00	42	0	43	0.00	0.00	66.46	7.80	0.00	0.00	2000
231	11.06	2069	2119	0.00	203	0	0	0	nan	0.00	0.00	3.78	86.06	88.94	0.00	42	0	43	0.00	0.00	66.78	7.60	0.00	0.00	2000
225	10.91	2074	2091	0.00	202	0	0	0	nan	0.00	0.02	3.71	85.13	89.09	0.00	42	0	43	0.00	0.00	65.18	7.76	0.00	0.00	2000
227	10.92	2094	2088	0.00	204	0	0	0	nan	0.00	0.02	4.00	84.64	89.08	0.00	42	0	43	0.00	0.00	65.09	7.80	0.00	0.00	2000
229	11.01	2083	2094	0.00	212	0	0	0	nan	0.00	0.02	3.23	85.59	88.99	0.00	42	0	43	0.00	0.00	65.50	7.57	0.00	0.00	2000
233	10.91	2107	2127	0.00	203	0	0	0	nan	0.01	0.00	3.67	86.66	89.09	0.00	42	0	43	0.00	0.00	67.48	7.74	0.00	0.00	2000
228	10.81	2102	2103	0.00	201	0	0	0	nan	0.00	0.01	3.72	85.65	89.19	0.00	42	0	43	0.00	0.00	66.09	7.79	0.00	0.00	2000
225	10.74	2121	2071	0.00	204	0	0	0	nan	0.00	0.00	4.29	83.84	89.26	0.00	42	0	43	0.00	0.00	64.19	7.67	0.00	0.00	2000
232	10.99	2083	2126	0.00	219	0	0	0	nan	0.00	0.02	2.60	87.56	89.01	0.00	42	0	42	0.00	0.00	67.18	7.91	0.00	0.00	2000
225	10.96	2074	2074	0.00	212	0	0	0	nan	0.00	0.00	3.76	84.26	89.04	0.00	42	0	43	0.00	0.00	64.64	7.65	0.00	0.00	2000
229	10.94	2080	2117	0.00	202	0	0	0	nan	0.00	0.03	3.63	86.24	89.06	0.00	42	0	42	0.00	0.00	66.42	7.86	0.00	0.00	2000
225	11.04	2063	2072	0.00	203	0	0	0	nan	0.00	0.00	3.99	83.81	88.96	0.00	42	0	42	0.00	0.00	63.86	7.56	0.00	0.00	2000
227	10.89	2069	2117	1.10	204	0	0	7	17.19	0.00	0.00	3.67	86.25	89.11	0.00	42	0	43	0.00	0.00	66.07	7.74	0.00	0.00	2000
232	11.31	2063	2084	0.21	231	0	0	0	nan	0.00	0.00	4.69	83.51	88.69	0.00	42	0	42	0.00	0.00	64.86	7.50	0.00	0.00	2000
226	11.02	2047	2099	0.00	220	0	0	0	nan	0.00	0.00	3.58	85.45	88.98	0.00	42	0	43	0.00	0.00	65.32	7.67	0.00	0.00	2000
232	10.92	2087	2136	0.00	221	0	0	0	nan	0.00	0.00	4.88	85.75	89.08	0.00	42	0	43	0.00	0.00	65.45	7.68	0.00	0.00	2000
222	10.88	2078	2063	0.00	202	0	0	0	nan	0.00	0.00	3.73	83.89	89.12	0.00	42	0	42	0.00	0.00	65.89	7.75	0.00	0.00	2000
229	11.00	2075	2108	0.00	213	0	0	0	nan	0.00	0.02	4.06	85.36	89.00	0.00	42	0	42	0.00	0.00	65.90	7.78	0.00	0.00	2000
227	10.91	2085	2092	0.00	219	0	0	0	nan	0.00	0.00	3.61	85.15	89.09	0.00	42	0	43	0.00	0.00	62.31	7.58	0.00	0.00	2000
227	10.88	2086	2102	0.00	223	0	0	0	nan	0.00	0.00	5.29	84.05	89.12	0.00	42	0	43	0.00	0.00	65.86	7.73	0.00	0.00	2000
227	10.98	2070	2099	0.00	220	0	0	0	nan	0.00	0.02	3.73	85.29	89.02	0.00	42	0	43	0.00	0.00	67.62	7.99	0.00	0.00	2000
230	10.93	2090	2111	0.00	229	0	0	0	nan	0.00	0.02	3.49	86.03	89.07	0.00	42	0	43	0.00	0.00	63.56	7.64	0.00	0.00	2000
231	10.93	2089	2126	0.00	203	0	0	0	nan	0.00	0.00	2.83	87.32	89.07	0.00	42	0	43	0.00	0.00	66.82	7.82	0.00	0.00	2000
224	10.86	2096	2069	0.00	204	0	0	0	nan	0.00	0.00	3.45	84.49	89.14	0.00	42	0	43	0.00	0.00	64.24	7.58	0.00	0.00	2000
225	10.90	2066	2094	0.00	219	0	0	0	nan	0.00	0.00	3.29	85.66	89.10	0.00	42	0	42	0.00	0.00	65.06	7.85	0.00	0.00	2000
233	11.18	2048	2135	0.00	229	0	0	0	nan	0.00	0.00	4.44	85.92	88.82	0.00	42	0	43	0.00	0.00	66.95	7.98	0.00	0.00	2000
227	11.10	2046	2098	0.00	202	0	0	0	nan	0.00	0.00	3.79	85.20	88.90	0.00	42	0	43	0.00	0.00	65.37	7.61	0.00	0.00	2000
230	11.01	2085	2102	0.00	203	0	0	0	nan	0.00	0.00	4.25	84.97	88.99	0.00	42	0	43	0.00	0.00	65.67	7.80	0.00	0.00	2000
224	10.82	2092	2075	0.16	202	0	0	4	38.60	0.00	0.00	3.78	84.42	89.18	0.00	42	0	43	0.00	0.00	64.14	7.46	0.00	0.00	2000
227	11.05	2066	2091	1.08	219	0	0	6	33.71	0.00	0.00	3.64	84.98	88.95	0.00	42	0	43	0.00	0.00	64.94	7.73	0.00	0.00	2000
233	11.06	2074	2132	0.00	210	0	0	0	nan	0.00	0.00	2.82	87.52	88.94	0.00	42	0	43	0.00	0.00	67.03	8.03	0.00	0.00	2000
224	10.83	2100	2069	0.00	204	0	0	0	nan	0.00	0.00	3.83	84.12	89.17	0.00	42	0	43	0.00	0.00	63.83	7.48	0.00	0.00	2000
226	10.90	2071	2099	0.00	218	0	0	0	nan	0.00	0.00	3.31	85.79	89.10	0.00	42	0	43	0.00	0.00	65.60	7.74	0.00	0.00	2000
231	11.00	2080	2121	0.00	219	0	0	0	nan	0.00	0.02	4.08	85.91	89.00	0.00	42	0	43	0.00	0.00	67.79	7.87	0.00	0.00	2000
229	11.13	2050	2112	0.00	213	0	0	0	nan	0.00	0.01	3.21	86.24	88.87	0.00	43	0	43	0.00	0.00	65.29	7.49	0.00	0.00	2000
227	10.74	2128	2090	0.00	204	0	0	0	nan	0.00	0.00	3.63	85.29	89.26	0.00	42	0	43	0.00	0.00	65.35	7.64	0.00	0.00	2000
227	10.91	2081	2099	0.00	203	0	0	0	nan	0.00	0.00	3.12	86.06	89.09	0.00	42	0	43	0.00	0.00	65.44	7.55	0.00	0.00	2000
229	10.82	2127	2093	0.00	204	0	0	0	nan	0.00	0.00	3.20	85.71	89.18	0.00	42	0	43	0.00	0.00	65.44	7.65	0.00	0.00	2000
229	11.05	2072	2098	0.00	203	0	0	0	nan	0.00	0.00	3.29	85.54	88.95	0.00	42	0	43	0.00	0.00	65.24	7.60	0.00	0.00	2000
230	10.91	2107	2101	0.00	215	0	0	0	nan	0.01	0.00	4.73	84.42	89.09	0.00	42	0	42	0.00	0.00	65.56	7.58	0.00	0.00	2000
231	10.93	2090	2121	0.00	204	0	0	0	nan	0.00	0.02	3.35	86.71	89.07	0.00	42	0	43	0.00	0.00	66.25	8.01	0.00	0.00	2000
230	10.90	2110	2100	0.00	203	0	0	0	nan	0.00	0.00	3.42	85.71	89.10	0.00	42	0	43	0.00	0.00	66.15	7.85	0.00	0.00	2000
222	11.01	2058	2062	0.00	203	0	0	0	nan	0.00	0.00	3.30	84.19	88.99	0.00	42	0	43	0.00	0.00	64.54	7.53	0.00	0.00	2000
233	11.10	2074	2128	0.00	203	0	0	0	nan	0.00	0.00	3.70	86.47	88.90	0.00	43	0	43	0.00	0.00	67.24	8.02	0.00	0.00	2000
227	11.04	2054	2098	0.00	230	0	0	0	nan	0.00	0.02	4.21	84.82	88.96	0.00	43	0	43	0.00	0.00	66.90	7.83	0.00	0.00	2000
229	10.87	2106	2100	0.68	205	0	0	8	22.89	0.00	0.04	4.03	85.15	89.13	0.00	42	0	43	0.00	0.00	66.00	7.82	0.00	0.00	2000
228	10.73	2128	2100	1.05	203	0	0	5	32.78	0.00	0.02	3.23	86.09	89.27	0.00	42	0	43	0.00	0.00	66.42	7.86	0.00	0.00	2000
227	10.91	2099	2081	0.00	203	0	0	0	nan	0.00	0.00	3.16	85.22	89.09	0.00	43	0	43	0.00	0.00	65.46	7.87	0.00	0.00	2000
231	11.01	2085	2111	0.00	214	0	0	0	nan	0.00	0.01	4.08	85.44	88.99	0.00	43	0	43	0.00	0.00	66.65	7.97	0.00	0.00	2000
228	10.91	2094	2099	0.00	203	0	0	0	nan	0.00	0.02	2.88	86.24	89.09	0.00	43	0	43	0.00	0.00	66.43	7.84	0.00	0.00	2000
227	10.84	2097	2100	0.00	203	0	0	0	nan	0.01	0.02	2.41	86.81	89.16	0.00	43	0	43	0.00	0.00	65.97	7.78	0.00	0.00	2000
232	11.22	2081	2084	0.00	204	0	0	0	nan	0.00	0.02	2.99	85.23	88.78	0.00	43	0	43	0.00	0.00	65.74	7.73	0.00	0.00	2000
229	11.02	2063	2116	0.00	204	0	0	0	nan	0.00	0.00	4.04	85.75	88.98	0.00	42	0	43	0.00	0.00	66.21	8.04	0.00	0.00	2000
232	11.12	2077	2114	0.00	219	0	0	0	nan	0.00	0.00	3.51	86.08	88.88	0.00	43	0	43	0.00	0.00	66.34	7.83	0.00	0.00	2000
225	10.66	2131	2079	0.00	197	0	0	0	nan	0.00	0.02	2.93	85.56	89.34	0.00	43	0	43	0.00	0.00	66.81	7.88	0.00	0.00	2000
227	10.87	2089	2100	0.00	221	0	0	0	nan	0.00	0.02	2.98	86.20	89.13	0.00	43	0	43	0.00	0.00	66.40	7.79	0.00	0.00	2000
230	10.78	2117	2117	0.00	205	0	0	0	nan	0.00	0.02	3.83	86.10	89.22	0.00	43	0	43	0.00	0.00	64.96	7.92	0.00	0.00	2000
227	11.07	2064	2083	0.00	203	0	0	0	nan	0.00	0.02	3.13	85.12	88.93	0.00	43	0	43	0.00	0.00	68.07	7.75	0.00	0.00	2000
230	10.98	2092	2108	0.00	213	0	0	0	nan	0.01	0.00	3.63	85.80	89.02	0.00	43	0	43	0.00	0.00	66.80	7.71	0.00	0.00	2000
229	10.91	2098	2103	0.00	206	0	0	0	nan	0.00	0.02	3.86	85.42	89.09	0.00	43	0	43	0.00	0.00	66.27	7.86	0.00	0.00	2000
227	10.96	2081	2094	0.00	206	0	0	0	nan	0.00	0.00	3.41	85.40	89.04	0.00	42	0	42	0.00	0.00	65.96	7.72	0.00	0.00	2000
227	10.79	2105	2100	0.00	219	0	0	0	nan	0.00	0.00	3.36	85.88	89.21	0.00	43	0	43	0.00	0.00	66.44	7.71	0.00	0.00	2000
227	10.79	2105	2096	0.68	203	0	0	8	21.47	0.00	0.00	3.35	85.74	89.21	0.00	43	0	43	0.00	0.00	66.87	7.99	0.00	0.00	2000
235	11.10	2098	2120	1.02	230	0	0	6	36.30	0.00	0.01	2.62	87.21	88.90	0.00	43	0	43	0.00	0.00	66.14	7.76	0.00	0.00	2000
230	10.98	2079	2111	0.00	188	0	0	0	nan	0.00	0.01	2.88	86.64	89.02	0.00	43	0	43	0.00	0.00	68.28	8.17	0.00	0.00	2000
228	11.03	2068	2097	0.00	203	0	0	0	nan	0.00	0.00	2.99	85.97	88.97	0.00	42	0	42	0.00	0.00	65.98	7.83	0.00	0.00	2000
227	11.00	2061	2100	0.00	202	0	0	0	nan	0.00	0.02	3.35	85.73	89.00	0.00	43	0	43	0.00	0.00	66.16	7.85	0.00	0.00	2000
224	11.02	2063	2066	0.00	202	0	0	0	nan	0.00	0.00	3.24	84.46	88.98	0.00	42	0	43	0.00	0.00	64.93	7.68	0.00	0.00	2000
229	11.04	2075	2098	0.00	213	0	0	0	nan	0.00	0.01	4.07	84.93	88.96	0.00	43	0	43	0.00	0.00	66.39	7.93	0.00	0.00	2000
229	11.02	2052	2125	0.00	204	0	0	0	nan	0.00	0.02	3.32	86.83	88.98	0.00	43	0	43	0.00	0.00	67.99	8.02	0.00	0.00	2000
224	11.09	2040	2078	0.00	219	0	0	0	nan	0.00	0.02	3.07	85.06	88.91	0.00	43	0	43	0.00	0.00	64.93	7.62	0.00	0.00	2000
231	10.88	2100	2122	0.00	203	0	0	0	nan	0.00	0.02	3.55	86.54	89.12	0.00	43	0	43	0.00	0.00	66.44	7.92	0.00	0.00	2000
225	10.71	2122	2082	0.00	204	0	0	0	nan	0.00	0.00	3.06	85.48	89.29	0.00	42	0	43	0.00	0.00	66.37	7.91	0.00	0.00	2000
232	10.94	2112	2107	0.00	214	0	0	0	nan	0.00	0.00	3.06	86.40	89.06	0.00	43	0	43	0.00	0.00	63.48	7.64	0.00	0.00	2000
231	11.02	2075	2124	0.00	203	0	0	0	nan	0.00	0.02	2.87	87.27	88.98	0.00	43	0	43	0.00	0.00	70.90	7.95	0.00	0.00	2000
224	11.12	2047	2069	0.00	203	0	0	0	nan	0.00	0.00	3.36	84.37	88.88	0.00	43	0	43	0.00	0.00	61.45	7.73	0.00	0.00	2000
232	10.96	2083	2131	0.00	204	0	0	0	nan	0.00	0.00	3.26	87.09	89.04	0.00	43	0	43	0.00	0.00	67.98	7.98	0.00	0.00	2000
227	11.16	2041	2097	0.00	203	0	0	0	nan	0.00	0.00	3.42	85.47	88.84	0.00	43	0	43	0.00	0.00	66.59	7.79	0.00	0.00	2000
230	11.00	2087	2099	0.00	212	0	0	0	nan	0.01	0.02	2.76	86.31	89.00	0.00	43	0	43	0.00	0.00	66.04	7.90	0.00	0.00	2000
230	11.05	2081	2102	0.40	206	0	0	7	26.95	0.00	0.00	4.06	85.08	88.95	0.00	43	0	43	0.00	0.00	66.50	7.90	0.00	0.00	2000
225	10.95	2084	2067	1.23	203	0	0	6	28.78	0.00	0.01	3.87	83.89	89.05	0.00	43	0	43	0.00	0.00	64.88	7.69	0.00	0.00	2000
231	11.02	2068	2132	0.00	220	0	0	0	nan	0.00	0.01	3.73	86.67	88.98	0.00	43	0	43	0.00	0.00	68.16	8.15	0.00	0.00	2000
225	10.88	2083	2084	0.00	201	0	0	0	nan	0.00	0.00	3.34	85.24	89.12	0.00	43	0	43	0.00	0.00	65.19	7.81	0.00	0.00	2000
231	11.02	2085	2115	0.00	212	0	0	0	nan	0.00	0.03	3.31	86.47	88.98	0.00	43	0	43	0.00	0.00	67.34	8.09	0.00	0.00	2000
226	10.70	2124	2091	0.00	202	0	0	0	nan	0.00	0.01	3.82	85.17	89.30	0.00	42	0	43	0.00	0.00	65.95	7.85	0.00	0.00	2000
229	10.63	2157	2099	0.00	204	0	0	0	nan	0.00	0.02	3.70	85.60	89.37	0.00	43	0	43	0.00	0.00	66.32	7.81	0.00	0.00	2000
225	11.02	2061	2080	0.00	203	0	0	0	nan	0.00	0.02	3.49	84.72	88.98	0.00	43	0	43	0.00	0.00	65.30	7.63	0.00	0.00	2000
230	11.07	2064	2111	0.00	203	0	0	0	nan	0.00	0.00	3.68	85.82	88.93	0.00	43	0	43	0.00	0.00	67.36	7.95	0.00	0.00	2000
227	10.93	2076	2100	0.00	228	0	0	0	nan	0.00	0.00	3.18	85.98	89.07	0.00	43	0	43	0.00	0.00	66.15	7.89	0.00	0.00	2000
227	10.92	2083	2099	0.00	204	0	0	0	nan	0.00	0.02	4.15	85.00	89.08	0.00	43	0	43	0.00	0.00	66.65	7.87	0.00	0.00	2000
231	11.02	2071	2122	0.00	203	0	0	0	nan	0.00	0.00	3.44	86.51	88.98	0.00	43	0	43	0.00	0.00	67.30	8.02	0.00	0.00	2000
229	10.95	2089	2102	0.00	203	0	0	0	nan	0.00	0.00	3.75	85.54	89.05	0.00	43	0	43	0.00	0.00	63.54	7.97	0.00	0.00	2000
225	11.09	2060	2071	0.00	202	0	0	0	nan	0.00	0.00	4.01	83.77	88.91	0.00	42	0	43	0.00	0.00	68.23	7.85	0.00	0.00	2000
230	11.11	2061	2106	0.00	213	0	0	0	nan	0.00	0.02	2.51	86.78	88.89	0.00	43	0	43	0.00	0.00	66.33	7.87	0.00	0.00	2000
226	11.04	2057	2093	0.00	203	0	0	0	nan	0.00	0.00	2.94	85.87	88.96	0.00	43	0	43	0.00	0.00	65.86	7.85	0.00	0.00	2000
232	11.04	2095	2107	0.00	205	0	0	0	nan	0.00	0.01	4.17	85.18	88.96	0.00	43	0	43	0.00	0.00	66.59	7.96	0.00	0.00	2000
226	11.08	2041	2095	0.41	202	0	0	7	25.88	0.00	0.02	3.31	85.54	88.92	0.00	43	0	43	0.00	0.00	66.23	7.94	0.00	0.00	2000
230	11.17	2064	2094	1.23	204	0	0	7	33.50	0.00	0.02	4.00	84.75	88.83	0.00	42	0	43	0.00	0.00	65.35	7.79	0.00	0.00	2000
234	11.08	2078	2131	0.00	212	0	0	0	nan	0.01	0.00	3.95	86.43	88.92	0.00	43	0	43	0.00	0.00	65.64	7.93	0.00	0.00	2000
226	10.81	2109	2079	0.00	203	0	0	0	nan	0.00	0.00	3.67	84.73	89.19	0.00	43	0	43	0.00	0.00	67.75	7.92	0.00	0.00	2000
227	11.06	2067	2086	0.00	207	0	0	0	nan	0.00	0.01	4.32	84.08	88.94	0.00	43	0	43	0.00	0.00	65.71	7.78	0.00	0.00	2000
229	11.00	2066	2119	0.00	203	0	0	0	nan	0.00	0.00	4.09	85.88	89.00	0.00	43	0	43	0.00	0.00	67.13	8.02	0.00	0.00	2000
228	11.00	2090	2086	0.00	230	0	0	0	nan	0.00	0.02	3.82	84.69	89.00	0.00	43	0	43	0.00	0.00	63.25	7.50	0.00	0.00	2000
231	11.02	2069	2128	0.00	219	0	0	0	nan	0.00	0.00	3.37	86.91	88.98	0.00	43	0	43	0.00	0.00	67.75	8.23	0.00	0.00	2000
222	10.96	2060	2066	0.00	202	0	0	0	nan	0.00	0.02	3.71	84.01	89.04	0.00	43	0	43	0.00	0.00	64.37	7.70	0.00	0.00	2000
230	10.98	2067	2123	0.00	203	0	0	0	nan	0.00	0.01	4.12	85.99	89.02	0.00	43	0	43	0.00	0.00	67.62	8.03	0.00	0.00	2000
225	10.88	2092	2078	0.00	220	0	0	0	nan	0.00	0.02	3.64	84.65	89.12	0.00	43	0	43	0.00	0.00	65.57	8.04	0.00	0.00	2000
227	10.91	2076	2104	0.00	229	0	0	0	nan	0.00	0.00	2.19	87.18	89.09	0.00	43	0	43	0.00	0.00	66.10	7.92	0.00	0.00	2000
225	10.92	2065	2101	0.00	219	0	0	0	nan	0.00	0.01	2.54	86.67	89.08	0.00	43	0	43	0.00	0.00	66.19	7.86	0.00	0.00	2000
228	10.97	2089	2093	0.00	203	0	0	0	nan	0.00	0.01	4.08	84.73	89.03	0.00	43	0	43	0.00	0.00	65.94	7.94	0.00	0.00	2000
231	11.07	2068	2119	0.00	203	0	0	0	nan	0.00	0.03	4.05	85.83	88.93	0.00	43	0	43	0.00	0.00	66.74	8.02	0.00	0.00	2000
227	10.86	2104	2084	0.00	227	0	0	0	nan	0.00	0.02	3.13	85.39	89.14	0.00	43	0	43	0.00	0.00	66.32	7.90	0.00	0.00	2000
230	10.84	2108	2115	0.00	204	0	0	0	nan	0.00	0.02	3.57	86.23	89.17	0.00	43	0	43	0.00	0.00	66.80	8.07	0.00	0.00	2000
231	11.02	2091	2106	1.27	203	0	0	12	15.53	0.00	0.00	3.24	86.09	88.98	0.00	43	0	43	0.00	0.00	66.05	8.09	0.00	0.00	2000
224	10.91	2077	2078	0.44	204	0	0	0	nan	0.00	0.00	3.11	85.19	89.09	0.00	43	0	43	0.00	0.00	65.22	7.94	0.00	0.00	2000
236	11.12	2084	2134	0.00	213	0	0	0	nan	0.01	0.01	4.08	86.33	88.88	0.00	43	0	43	0.00	0.00	68.05	8.34	0.00	0.00	2000
227	11.01	2088	2073	0.00	202	0	0	0	nan	0.00	0.01	3.69	84.27	89.00	0.00	43	0	43	0.00	0.00	65.36	7.96	0.00	0.00	2000
231	11.08	2055	2128	0.00	219	0	0	0	nan	0.00	0.01	3.49	86.62	88.92	0.00	43	0	43	0.00	0.00	67.74	8.11	0.00	0.00	2000
226	10.64	2131	2089	0.00	203	0	0	0	nan	0.00	0.02	3.50	85.49	89.36	0.00	43	0	43	0.00	0.00	65.49	7.94	0.00	0.00	2000
226	11.11	2061	2075	0.00	203	0	0	0	nan	0.00	0.02	3.21	84.68	88.89	0.00	43	0	43	0.00	0.00	65.49	7.99	0.00	0.00	2000
232	11.01	2084	2126	0.00	217	0	0	0	nan	0.00	0.00	3.60	86.58	88.99	0.00	43	0	43	0.00	0.00	67.31	8.30	0.00	0.00	2000
229	10.88	2106	2103	0.00	203	0	0	0	nan	0.00	0.03	2.70	86.62	89.12	0.00	43	0	43	0.00	0.00	66.36	7.97	0.00	0.00	2000
225	10.76	2109	2086	0.00	204	0	0	0	nan	0.00	0.00	2.72	86.04	89.24	0.00	43	0	43	0.00	0.00	65.54	7.86	0.00	0.00	2000
226	10.86	2088	2090	0.00	203	0	0	0	nan	0.00	0.02	3.02	85.73	89.14	0.00	43	0	43	0.00	0.00	65.70	7.97	0.00	0.00	2000
233	11.15	2061	2129	0.00	219	0	0	0	nan	0.00	0.02	3.65	86.57	88.85	0.00	43	0	43	0.00	0.00	67.04	8.03	0.00	0.00	2000
225	10.88	2091	2075	0.00	228	0	0	0	nan	0.00	0.00	3.54	84.62	89.12	0.00	43	0	43	0.00	0.00	65.70	7.92	0.00	0.00	2000
230	11.00	2066	2130	0.00	219	0	0	0	nan	0.00	0.00	2.96	87.40	89.00	0.00	43	0	43	0.00	0.00	67.83	8.14	0.00	0.00	2000
224	11.05	2062	2062	0.00	204	0	0	0	nan	0.00	0.00	3.21	84.21	88.95	0.00	43	0	43	0.00	0.00	64.76	7.61	0.00	0.00	2000
231	11.17	2047	2123	0.00	203	0	0	0	nan	0.00	0.02	3.67	86.25	88.83	0.00	43	0	43	0.00	0.00	67.11	7.95	0.00	0.00	2000
228	10.97	2085	2093	0.00	227	0	0	0	98.17	0.00	0.00	3.93	84.90	89.03	0.00	43	0	43	0.00	0.00	66.22	7.91	0.00	0.00	2000
231	10.90	2102	2113	1.69	204	0	0	12	18.00	0.00	0.00	2.93	86.82	89.10	0.00	43	0	43	0.00	0.00	66.84	8.13	0.00	0.00	2000
225	10.80	2094	2085	0.02	203	0	0	0	nan	0.00	0.00	2.87	85.79	89.20	0.00	43	0	43	0.00	0.00	65.46	7.76	0.00	0.00	2000
230	10.86	2098	2117	0.00	220	0	0	0	nan	0.00	0.00	3.64	86.32	89.14	0.00	43	0	43	0.00	0.00	67.03	7.93	0.00	0.00	2000
229	10.95	2104	2089	0.00	214	0	0	0	nan	0.00	0.00	3.48	85.13	89.05	0.00	43	0	43	0.00	0.00	65.36	8.00	0.00	0.00	2000
230	10.68	2140	2113	0.00	204	0	0	0	nan	0.00	0.01	2.97	86.89	89.32	0.00	43	0	43	0.00	0.00	67.22	8.02	0.00	0.00	2000
230	11.32	2052	2077	0.00	219	0	0	0	nan	0.00	0.00	5.96	81.92	88.68	0.00	43	0	43	0.00	0.00	65.16	7.75	0.00	0.00	2000
230	11.01	2069	2123	0.00	203	0	0	0	nan	0.00	0.01	3.63	86.48	88.99	0.00	43	0	43	0.00	0.00	67.48	7.96	0.00	0.00	2000
231	10.87	2115	2106	0.00	206	0	0	0	nan	0.00	0.00	4.33	85.14	89.13	0.00	43	0	43	0.00	0.00	66.40	7.92	0.00	0.00	2000
229	10.80	2134	2091	0.00	215	0	0	0	nan	0.00	0.00	4.25	84.65	89.20	0.00	43	0	43	0.00	0.00	65.98	7.75	0.00	0.00	2000
229	10.75	2128	2100	0.00	204	0	0	0	nan	0.00	0.00	3.73	85.62	89.25	0.00	43	0	43	0.00	0.00	66.39	7.94	0.00	0.00	2000
231	10.97	2087	2114	0.00	206	0	0	0	nan	0.00	0.02	3.22	86.44	89.03	0.00	43	0	43	0.00	0.00	66.95	8.10	0.00	0.00	2000
225	10.93	2086	2071	0.00	204	0	0	0	nan	0.00	0.00	3.35	84.46	89.07	0.00	43	0	43	0.00	0.00	64.63	7.87	0.00	0.00	2000
231	10.89	2091	2130	0.00	205	0	0	0	nan	0.00	0.02	3.67	86.77	89.11	0.00	43	0	43	0.00	0.00	68.04	8.03	0.00	0.00	2000
230	11.06	2081	2099	0.00	213	0	0	0	nan	0.00	0.00	3.86	85.15	88.94	0.00	43	0	43	0.00	0.00	66.46	7.79	0.00	0.00	2000
223	11.11	2039	2063	0.00	202	0	0	0	nan	0.00	0.02	3.25	84.20	88.89	0.00	43	0	43	0.00	0.00	64.89	7.59	0.00	0.00	2000
232	10.92	2096	2133	0.00	220	0	0	0	nan	0.00	0.00	3.48	86.99	89.08	0.00	43	0	43	0.00	0.00	66.08	7.74	0.00	0.00	2000
225	10.97	2070	2083	0.00	202	0	0	0	98.68	0.00	0.00	3.73	84.67	89.03	0.00	43	0	43	0.00	0.00	67.77	8.14	0.00	0.00	2000
229	10.80	2118	2097	1.66	204	0	0	11	17.33	0.00	0.02	3.36	85.72	89.20	0.00	43	0	43	0.00	0.00	66.31	7.83	0.00	0.00	2000
233	10.98	2102	2117	0.01	213	0	0	0	nan	0.00	0.01	3.12	86.70	89.02	0.00	43	0	43	0.00	0.00	67.00	8.09	0.00	0.00	2000
232	10.84	2127	2111	0.00	203	0	0	0	nan	0.00	0.00	3.28	86.37	89.16	0.00	42	0	43	0.00	0.00	66.66	8.17	0.00	0.00	2000
226	10.70	2123	2088	0.00	202	0	0	0	nan	0.00	0.01	3.72	85.16	89.30	0.00	42	0	43	0.00	0.00	62.68	7.81	0.00	0.00	2000
232	11.13	2068	2112	0.00	205	0	0	0	nan	0.00	0.03	3.57	85.86	88.87	0.00	43	0	43	0.00	0.00	69.99	7.84	0.00	0.00	2000
223	10.78	2099	2073	0.00	202	0	0	0	nan	0.00	0.00	3.94	84.22	89.22	0.00	43	0	43	0.00	0.00	65.13	7.67	0.00	0.00	2000
234	11.17	2070	2124	0.00	213	0	0	0	nan	0.00	0.00	3.64	86.34	88.83	0.00	43	0	43	0.00	0.00	67.90	8.19	0.00	0.00	2000
223	10.98	2058	2075	0.00	201	0	0	0	nan	0.00	0.00	3.17	84.87	89.02	0.00	43	0	43	0.00	0.00	64.74	7.74	0.00	0.00	2000
230	11.11	2049	2126	0.00	220	0	0	0	nan	0.00	0.01	3.42	86.62	88.89	0.00	42	0	43	0.00	0.00	67.58	8.08	0.00	0.00	2000
222	11.00	2052	2064	0.00	202	0	0	0	nan	0.00	0.02	3.25	84.33	89.00	0.00	42	0	43	0.00	0.00	64.44	7.86	0.00	0.00	2000
235	11.07	2084	2134	0.00	204	0	0	0	nan	0.00	0.00	3.70	86.83	88.93	0.00	43	0	43	0.00	0.00	66.31	7.91	0.00	0.00	2000
221	10.73	2091	2072	0.00	213	0	0	0	nan	0.00	0.00	2.78	85.38	89.27	0.00	43	0	43	0.00	0.00	64.06	7.50	0.00	0.00	2000
230	10.94	2092	2111	0.00	221	0	0	0	nan	0.00	0.00	2.93	86.74	89.06	0.00	43	0	43	0.00	0.00	69.51	8.40	0.00	0.00	2000
226	11.21	2029	2086	0.00	206	0	0	0	nan	0.00	0.02	3.57	84.77	88.79	0.00	43	0	43	0.00	0.00	62.23	7.42	0.00	0.00	2000
233	10.94	2103	2127	0.00	204	0	0	0	nan	0.00	0.02	3.61	86.68	89.06	0.00	43	0	43	0.00	0.00	71.09	8.44	0.00	0.00	2000
230	11.03	2086	2101	0.00	204	0	0	0	nan	0.00	0.00	4.16	84.96	88.97	0.00	43	0	43	0.00	0.00	61.63	7.40	0.00	0.00	2000
231	11.10	2067	2111	0.00	212	0	0	0	nan	0.00	0.02	3.43	85.89	88.90	0.00	43	0	43	0.00	0.00	71.54	8.64	0.00	0.00	2000
222	11.06	2041	2063	1.68	202	0	0	11	14.75	0.00	0.00	3.32	84.22	88.94	0.00	43	0	43	0.00	0.00	61.39	7.20	0.00	0.00	2000
226	10.96	2066	2099	0.01	219	0	0	0	nan	0.00	0.01	3.28	85.83	89.04	0.00	43	0	43	0.00	0.00	66.22	7.80	0.00	0.00	2000
227	11.09	2046	2102	0.00	219	0	0	0	nan	0.00	0.03	3.40	85.71	88.91	0.00	43	0	43	0.00	0.00	66.09	8.07	0.00	0.00	2000
235	11.05	2098	2132	0.00	239	0	0	0	nan	0.00	0.02	4.40	85.93	88.95	0.00	43	0	43	0.00	0.00	68.39	8.15	0.00	0.00	2000
226	10.71	2124	2090	0.00	210	0	0	0	nan	0.00	0.00	3.89	85.10	89.29	0.00	42	0	42	0.00	0.00	65.59	7.81	0.00	0.00	2000
226	10.96	2084	2074	0.00	202	0	0	0	nan	0.00	0.00	3.09	84.93	89.04	0.00	43	0	43	0.00	0.00	65.22	7.83	0.00	0.00	2000
227	11.06	2052	2099	0.00	203	0	0	0	nan	0.00	0.02	3.49	85.50	88.94	0.00	43	0	43	0.00	0.00	66.28	7.85	0.00	0.00	2000
230	10.97	2088	2113	0.00	230	0	0	0	nan	0.00	0.00	4.08	85.53	89.03	0.00	43	0	43	0.00	0.00	66.85	7.71	0.00	0.00	2000
226	10.88	2085	2092	0.00	203	0	0	0	nan	0.00	0.00	2.88	85.95	89.12	0.00	43	0	43	0.00	0.00	66.06	7.91	0.00	0.00	2000
226	10.85	2082	2104	0.00	218	0	0	0	nan	0.00	0.00	3.27	86.16	89.15	0.00	43	0	43	0.00	0.00	66.53	8.08	0.00	0.00	2000
229	10.74	2114	2118	0.00	203	0	0	0	nan	0.00	0.02	3.31	86.73	89.26	0.00	43	0	43	0.00	0.00	67.11	8.00	0.00	0.00	2000
228	11.09	2080	2077	0.00	214	0	0	0	nan	0.00	0.00	3.63	84.34	88.91	0.00	43	0	43	0.00	0.00	65.71	7.76	0.00	0.00	2000
227	11.22	2031	2094	0.00	221	0	0	0	nan	0.00	0.00	3.13	85.49	88.78	0.00	42	0	42	0.00	0.00	66.01	7.89	0.00	0.00	2000
227	11.24	2011	2110	0.00	220	0	0	0	nan	0.00	0.00	4.17	85.20	88.76	0.00	41	0	43	0.00	0.00	67.22	8.18	0.00	0.00	2000
226	10.88	2090	2092	0.00	204	0	0	0	nan	0.00	0.00	2.61	86.28	89.12	0.00	43	0	43	0.00	0.00	65.64	7.82	0.00	0.00	2000
232	11.24	2051	2111	0.00	214	0	0	0	nan	0.00	0.02	3.36	86.05	88.76	0.00	43	0	43	0.00	0.00	66.70	7.88	0.00	0.00	2000
225	10.84	2083	2097	0.82	221	0	0	9	22.02	0.00	0.01	2.53	86.61	89.16	0.00	43	0	43	0.00	0.00	66.32	7.83	0.00	0.00	2000
227	10.84	2097	2096	0.78	235	0	0	4	41.06	0.00	0.01	2.51	86.54	89.16	0.00	43	0	43	0.00	0.00	66.32	7.99	0.00	0.00	2000
229	10.74	2122	2108	0.00	203	0	0	0	nan	0.00	0.02	3.63	86.02	89.26	0.00	43	0	43	0.00	0.00	66.94	8.09	0.00	0.00	2000
231	10.92	2113	2101	0.00	213	0	0	0	nan	0.00	0.00	4.14	85.08	89.08	0.00	43	0	43	0.00	0.00	66.78	7.98	0.00	0.00	2000
228	10.79	2111	2097	0.00	205	0	0	0	nan	0.00	0.00	2.89	86.22	89.21	0.00	43	0	43	0.00	0.00	63.91	7.61	0.00	0.00	2000
233	11.10	2075	2127	0.00	203	0	0	0	nan	0.00	0.03	3.24	86.88	88.90	0.00	42	0	43	0.00	0.00	68.04	8.09	0.00	0.00	2000
221	10.87	2073	2063	0.00	202	0	0	0	nan	0.00	0.02	3.30	84.33	89.13	0.00	43	0	43	0.00	0.00	64.86	7.76	0.00	0.00	2000
230	10.99	2066	2126	0.00	204	0	0	0	nan	0.00	0.00	4.19	86.01	89.01	0.00	43	0	43	0.00	0.00	67.89	8.12	0.00	0.00	2000
229	10.75	2135	2099	0.00	229	0	0	0	nan	0.00	0.00	3.20	86.07	89.25	0.00	43	0	43	0.00	0.00	66.29	7.99	0.00	0.00	2000
231	10.91	2108	2112	0.00	203	0	0	0	nan	0.00	0.02	3.14	86.50	89.09	0.00	43	0	43	0.00	0.00	67.15	7.98	0.00	0.00	2000
227	10.93	2077	2100	0.00	202	0	0	0	nan	0.00	0.00	3.45	85.72	89.07	0.00	43	0	43	0.00	0.00	66.34	8.03	0.00	0.00	2000
224	10.85	2099	2069	0.00	203	0	0	0	nan	0.00	0.00	3.77	84.19	89.15	0.00	43	0	43	0.00	0.00	64.94	7.71	0.00	0.00	2000
229	10.93	2082	2109	0.00	204	0	0	0	nan	0.00	0.00	3.30	86.15	89.07	0.00	43	0	43	0.00	0.00	66.72	7.96	0.00	0.00	2000
230	10.95	2112	2091	0.00	213	0	0	0	nan	0.00	0.01	3.14	85.60	89.05	0.00	43	0	43	0.00	0.00	66.07	7.86	0.00	0.00	2000
234	10.78	2137	2129	0.00	203	0	0	0	nan	0.00	0.03	2.87	87.59	89.22	0.00	43	0	43	0.00	0.00	68.74	8.07	0.00	0.00	2000
231	10.77	2152	2094	0.00	203	0	0	0	nan	0.00	0.00	4.22	84.80	89.23	0.00	43	0	43	0.00	0.00	62.99	7.89	0.00	0.00	2000
226	10.84	2095	2086	0.00	203	0	0	0	nan	0.00	0.00	3.27	85.39	89.16	0.00	43	0	43	0.00	0.00	68.14	7.76	0.00	0.00	2000
228	10.86	2095	2101	0.88	203	0	0	9	19.21	0.00	0.01	3.26	86.02	89.14	0.00	43	0	43	0.00	0.00	66.67	8.05	0.00	0.00	2000
227	11.07	2059	2094	0.78	228	0	0	4	44.30	0.00	0.00	3.00	85.77	88.93	0.00	43	0	43	0.00	0.00	66.10	7.89	0.00	0.00	2000
226	10.96	2073	2091	0.00	220	0	0	0	nan	0.00	0.02	3.92	84.76	89.04	0.00	43	0	43	0.00	0.00	65.62	7.89	0.00	0.00	2000
228	11.04	2054	2113	0.00	223	0	0	0	nan	0.02	0.00	3.69	85.90	88.96	0.00	43	0	43	0.00	0.00	66.33	8.14	0.00	0.00	2000
232	10.94	2104	2114	0.00	204	0	0	0	nan	0.00	0.00	3.30	86.45	89.06	0.00	43	0	43	0.00	0.00	67.32	8.04	0.00	0.00	2000
227	10.96	2085	2086	0.00	213	0	0	0	nan	0.00	0.02	2.94	85.62	89.04	0.00	43	0	43	0.00	0.00	65.35	7.80	0.00	0.00	2000
226	10.84	2087	2096	0.00	203	0	0	0	nan	0.00	0.00	3.37	85.74	89.16	0.00	43	0	43	0.00	0.00	66.37	7.82	0.00	0.00	2000
229	10.78	2110	2119	0.00	220	0	0	0	nan	0.00	0.01	3.29	86.79	89.22	0.00	43	0	43	0.00	0.00	66.56	8.15	0.00	0.00	2000
231	10.90	2110	2111	0.00	203	0	0	0	nan	0.00	0.02	3.14	86.41	89.10	0.00	43	0	43	0.00	0.00	66.84	7.80	0.00	0.00	2000
227	10.86	2113	2080	0.00	212	0	0	0	nan	0.00	0.00	3.76	84.63	89.14	0.00	43	0	43	0.00	0.00	65.33	7.83	0.00	0.00	2000
230	10.86	2106	2108	0.00	203	0	0	0	nan	0.00	0.00	3.35	86.23	89.14	0.00	43	0	43	0.00	0.00	67.05	7.96	0.00	0.00	2000
228	10.80	2122	2086	0.00	206	0	0	0	nan	0.00	0.01	3.18	85.57	89.20	0.00	43	0	43	0.00	0.00	65.80	7.80	0.00	0.00	2000
231	10.91	2104	2115	0.00	203	0	0	0	nan	0.01	0.00	2.87	86.91	89.09	0.00	43	0	43	0.00	0.00	67.49	7.99	0.00	0.00	2000
229	10.99	2075	2111	0.00	202	0	0	0	nan	0.00	0.02	2.66	86.84	89.01	0.00	43	0	43	0.00	0.00	66.80	8.00	0.00	0.00	2000
229	11.02	2091	2090	0.00	203	0	0	0	nan	0.00	0.00	3.35	85.37	88.98	0.00	43	0	43	0.00	0.00	65.61	7.79	0.00	0.00	2000
227	11.01	2090	2073	0.00	213	0	0	0	nan	0.00	0.00	3.75	84.20	88.99	0.00	43	0	43	0.00	0.00	65.97	7.82	0.00	0.00	2000
231	10.97	2093	2110	0.00	205	0	0	0	nan	0.00	0.00	3.62	85.88	89.03	0.00	43	0	43	0.00	0.00	66.30	7.92	0.00	0.00	2000
232	10.99	2090	2116	1.26	205	0	0	12	16.71	0.00	0.00	3.81	85.98	89.01	0.00	43	0	43	0.00	0.00	66.78	8.06	0.00	0.00	2000
228	10.87	2100	2099	0.44	203	0	0	0	nan	0.00	0.02	3.51	85.72	89.13	0.00	43	0	43	0.00	0.00	66.57	7.83	0.00	0.00	2000
226	10.85	2092	2088	0.00	204	0	0	0	nan	0.00	0.02	3.63	85.07	89.15	0.00	43	0	43	0.00	0.00	65.73	7.81	0.00	0.00	2000
229	11.03	2074	2097	0.00	213	0	0	0	nan	0.00	0.01	3.28	85.69	88.97	0.00	43	0	43	0.00	0.00	63.73	7.87	0.00	0.00	2000
230	10.89	2093	2117	0.00	219	0	0	0	nan	0.00	0.00	3.74	86.18	89.11	0.00	43	0	43	0.00	0.00	69.56	7.95	0.00	0.00	2000
230	10.89	2113	2100	0.00	206	0	0	0	nan	0.00	0.03	4.62	84.59	89.11	0.00	43	0	43	0.00	0.00	66.20	7.93	0.00	0.00	2000
226	11.11	2059	2075	0.00	207	0	0	0	nan	0.00	0.00	3.76	84.17	88.89	0.00	42	0	43	0.00	0.00	65.20	7.82	0.00	0.00	2000
229	10.94	2084	2109	0.00	214	0	0	0	nan	0.00	0.00	4.06	85.48	89.06	0.00	43	0	43	0.00	0.00	66.68	7.93	0.00	0.00	2000
229	10.86	2105	2101	0.00	219	0	0	0	nan	0.00	0.02	3.20	86.07	89.14	0.00	43	0	43	0.00	0.00	66.29	7.85	0.00	0.00	2000
229	10.83	2111	2105	0.00	205	0	0	0	nan	0.00	0.01	3.26	86.19	89.17	0.00	43	0	43	0.00	0.00	66.69	7.99	0.00	0.00	2000
227	10.87	2090	2097	0.00	204	0	0	0	nan	0.00	0.00	2.50	86.54	89.13	0.00	43	0	43	0.00	0.00	65.88	8.01	0.00	0.00	2000
229	10.75	2132	2102	0.00	203	0	0	0	nan	0.00	0.00	3.71	85.65	89.25	0.00	43	0	43	0.00	0.00	66.39	8.03	0.00	0.00	2000
229	10.97	2090	2099	0.00	213	0	0	0	nan	0.00	0.00	3.73	85.35	89.03	0.00	43	0	43	0.00	0.00	63.70	7.79	0.00	0.00	2000
227	10.89	2094	2090	0.00	203	0	0	0	nan	0.00	0.02	3.67	85.09	89.11	0.00	43	0	43	0.00	0.00	68.30	7.69	0.00	0.00	2000
231	10.91	2111	2108	0.00	204	0	0	0	nan	0.00	0.00	4.10	85.38	89.09	0.00	43	0	43	0.00	0.00	66.58	7.82	0.00	0.00	2000
227	10.97	2066	2101	0.00	202	0	0	0	nan	0.00	0.00	3.35	85.86	89.03	0.00	43	0	43	0.00	0.00	66.47	7.77	0.00	0.00	2000
227	11.01	2065	2099	0.00	219	0	0	0	nan	0.00	0.00	3.29	85.71	88.99	0.00	43	0	43	0.00	0.00	66.11	7.76	0.00	0.00	2000
228	10.86	2105	2093	1.55	229	0	0	10	16.18	0.00	0.00	3.21	85.67	89.14	0.00	43	0	43	0.00	0.00	65.60	7.84	0.00	0.00	2000
225	10.96	2059	2096	0.05	221	0	0	0	nan	0.00	0.02	4.07	84.91	89.04	0.00	43	0	43	0.00	0.00	66.44	7.89	0.00	0.00	2000
231	11.09	2053	2126	0.00	221	0	0	0	nan	0.00	0.00	4.22	85.93	88.91	0.00	43	0	43	0.00	0.00	65.38	7.82	0.00	0.00	2000
227	11.16	2041	2096	0.00	204	0	0	0	nan	0.00	0.00	3.77	85.05	88.84	0.00	43	0	43	0.00	0.00	66.08	7.84	0.00	0.00	2000
227	10.99	2076	2087	0.00	211	0	0	0	nan	0.00	0.02	2.98	85.63	89.01	0.00	43	0	43	0.00	0.00	67.86	7.86	0.00	0.00	2000
230	10.78	2115	2117	0.00	204	0	0	0	nan	0.00	0.02	4.21	85.73	89.22	0.00	43	0	43	0.00	0.00	67.11	7.98	0.00	0.00	2000
230	10.92	2099	2108	0.00	203	0	0	0	nan	0.00	0.03	2.70	86.81	89.08	0.00	43	0	43	0.00	0.00	66.52	7.92	0.00	0.00	2000
223	10.75	2099	2079	0.00	203	0	0	0	nan	0.00	0.00	3.32	85.15	89.25	0.00	43	0	43	0.00	0.00	65.15	7.59	0.00	0.00	2000
229	10.92	2105	2096	0.00	203	0	0	0	nan	0.00	0.00	3.70	85.31	89.08	0.00	43	0	43	0.00	0.00	66.30	7.72	0.00	0.00	2000
231	10.84	2114	2117	0.00	214	0	0	0	nan	0.01	0.00	3.68	86.25	89.16	0.00	43	0	43	0.00	0.00	67.17	7.94	0.00	0.00	2000
227	10.84	2111	2087	0.00	204	0	0	0	nan	0.00	0.02	3.12	85.58	89.16	0.00	43	0	43	0.00	0.00	65.59	7.81	0.00	0.00	2000
232	10.97	2086	2126	0.00	202	0	0	0	nan	0.01	0.00	2.90	87.26	89.03	0.00	43	0	43	0.00	0.00	67.70	8.01	0.00	0.00	2000
229	10.96	2088	2100	0.00	204	0	0	0	nan	0.00	0.00	3.41	85.80	89.04	0.00	43	0	43	0.00	0.00	66.33	8.00	0.00	0.00	2000
225	10.66	2124	2086	0.00	202	0	0	0	nan	0.00	0.00	3.65	85.18	89.34	0.00	43	0	43	0.00	0.00	65.90	7.77	0.00	0.00	2000
236	11.11	2108	2114	0.00	213	0	0	0	nan	0.00	0.03	3.40	86.17	88.89	0.00	43	0	43	0.00	0.00	66.90	8.07	0.00	0.00	2000
225	10.64	2134	2082	0.00	202	0	0	0	nan	0.00	0.00	3.58	85.11	89.36	0.00	43	0	43	0.00	0.00	62.70	7.44	0.00	0.00	2000
228	11.03	2073	2094	0.00	203	0	0	0	nan	0.00	0.00	2.73	86.12	88.97	0.00	43	0	43	0.00	0.00	68.51	7.92	0.00	0.00	2000
225	11.19	2027	2084	1.54	203	0	0	29	5.01	0.00	0.02	2.80	85.46	88.81	0.00	43	0	43	0.00	0.00	65.17	8.00	0.00	0.00	2000
233	11.11	2068	2132	0.06	220	0	0	0	nan	0.00	0.02	4.22	86.09	88.89	0.00	43	0	43	0.00	0.00	63.73	7.63	0.00	0.00	2000
225	10.99	2070	2079	0.00	217	0	0	0	nan	0.00	0.01	3.34	84.85	89.01	0.00	43	0	43	0.00	0.00	69.72	7.83	0.00	0.00	2000
234	10.98	2104	2130	0.00	203	0	0	0	nan	0.00	0.02	2.87	87.45	89.02	0.00	43	0	43	0.00	0.00	64.43	7.91	0.00	0.00	2000
222	11.00	2052	2063	0.00	202	0	0	0	nan	0.00	0.00	2.99	84.58	89.00	0.00	43	0	43	0.00	0.00	64.49	7.59	0.00	0.00	2000
227	11.07	2050	2099	0.00	204	0	0	0	nan	0.00	0.00	3.45	85.60	88.93	0.00	43	0	43	0.00	0.00	67.59	7.88	0.00	0.00	2000
233	10.95	2106	2126	0.00	228	0	0	0	nan	0.00	0.00	4.34	85.81	89.05	0.00	43	0	43	0.00	0.00	66.42	7.86	0.00	0.00	2000
230	10.87	2109	2112	0.00	202	0	0	0	nan	0.00	0.00	3.25	86.48	89.13	0.00	43	0	43	0.00	0.00	67.41	7.92	0.00	0.00	2000
228	10.67	2138	2094	0.00	202	0	0	0	nan	0.00	0.00	3.57	85.63	89.33	0.00	43	0	43	0.00	0.00	65.91	7.74	0.00	0.00	2000
223	10.68	2113	2076	0.00	204	0	0	0	nan	0.00	0.00	2.93	85.40	89.32	0.00	43	0	43	0.00	0.00	65.07	7.76	0.00	0.00	2000
232	10.94	2101	2121	0.00	219	0	0	0	nan	0.00	0.00	4.12	85.91	89.06	0.00	43	0	43	0.00	0.00	67.21	7.91	0.00	0.00	2000
231	10.95	2112	2100	0.00	214	0	0	0	nan	0.00	0.02	3.45	85.68	89.05	0.00	43	0	43	0.00	0.00	66.46	7.91	0.00	0.00	2000
229	11.04	2070	2100	0.00	206	0	0	0	nan	0.00	0.00	4.38	84.75	88.96	0.00	43	0	43	0.00	0.00	66.12	7.93	0.00	0.00	2000
233	11.17	2077	2111	0.00	204	0	0	0	nan	0.00	0.00	3.25	86.15	88.83	0.00	43	0	43	0.00	0.00	67.13	7.62	0.00	0.00	2000
222	10.88	2074	2064	0.00	202	0	0	0	nan	0.00	0.00	3.43	84.33	89.12	0.00	43	0	43	0.00	0.00	64.30	8.11	0.00	0.00	2000
229	11.17	2037	2111	0.00	219	0	0	0	nan	0.00	0.00	4.03	85.41	88.83	0.00	43	0	43	0.00	0.00	65.85	7.88	0.00	0.00	2000
230	11.24	2031	2119	0.00	210	0	0	0	90.59	0.00	0.02	2.98	86.81	88.76	0.00	43	0	43	0.00	0.00	66.65	7.96	0.00	0.00	2000
226	10.77	2123	2074	1.65	203	0	0	11	19.32	0.00	0.00	3.35	84.84	89.23	0.00	43	0	43	0.00	0.00	66.26	7.91	0.00	0.00	2000
230	11.12	2042	2129	0.00	219	0	0	0	nan	0.00	0.02	2.58	87.68	88.88	0.00	43	0	43	0.00	0.00	65.72	7.66	0.00	0.00	2000
227	10.68	2139	2091	0.00	203	0	0	0	nan	0.00	0.00	3.07	85.95	89.32	0.00	43	0	43	0.00	0.00	65.79	7.79	0.00	0.00	2000
233	10.98	2106	2111	0.00	213	0	0	0	nan	0.00	0.00	3.60	85.90	89.02	0.00	43	0	43	0.00	0.00	66.75	7.94	0.00	0.00	2000
224	10.90	2085	2070	0.00	202	0	0	0	nan	0.00	0.00	3.46	84.48	89.10	0.00	43	0	43	0.00	0.00	64.97	7.75	0.00	0.00	2000
232	10.98	2084	2132	0.00	204	0	0	0	nan	0.00	0.00	3.26	87.15	89.02	0.00	43	0	43	0.00	0.00	67.76	8.03	0.00	0.00	2000
228	10.91	2093	2100	0.00	203	0	0	0	nan	0.00	0.00	3.47	85.65	89.09	0.00	43	0	43	0.00	0.00	66.62	7.78	0.00	0.00	2000
222	10.86	2075	2065	0.00	202	0	0	0	nan	0.00	0.00	3.40	84.37	89.14	0.00	43	0	43	0.00	0.00	64.61	7.58	0.00	0.00	2000
229	11.17	2049	2097	0.00	230	0	0	0	nan	0.00	0.01	3.70	85.14	88.83	0.00	43	0	43	0.00	0.00	65.84	8.04	0.00	0.00	2000
226	10.98	2047	2116	0.00	204	0	0	0	nan	0.00	0.00	3.40	86.41	89.02	0.00	43	0	43	0.00	0.00	69.48	8.34	0.00	0.00	2000
228	11.00	2074	2102	0.00	220	0	0	0	nan	0.00	0.00	2.73	86.42	89.00	0.00	43	0	43	0.00	0.00	64.00	7.66	0.00	0.00	2000
230	10.89	2093	2121	0.00	203	0	0	0	nan	0.01	0.00	3.07	86.96	89.11	0.00	43	0	43	0.00	0.00	66.86	8.01	0.00	0.00	2000
229	10.94	2115	2081	0.00	205	0	0	0	nan	0.00	0.00	3.96	84.40	89.06	0.00	43	0	43	0.00	0.00	66.67	7.81	0.00	0.00	2000
229	10.84	2105	2104	0.00	210	0	0	0	nan	0.00	0.02	2.66	86.74	89.16	0.00	43	0	43	0.00	0.00	65.72	7.74	0.00	0.00	2000
226	11.08	2057	2079	0.00	203	0	0	0	nan	0.00	0.00	3.02	85.18	88.92	0.00	43	0	43	0.00	0.00	65.07	7.82	0.00	0.00	2000
229	10.91	2097	2106	0.00	206	0	0	0	nan	0.00	0.02	4.70	84.66	89.09	0.00	43	0	43	0.00	0.00	66.38	7.95	0.00	0.00	2000
230	10.92	2099	2105	0.00	205	0	0	2	44.62	0.00	0.03	3.73	85.62	89.08	0.00	43	0	43	0.00	0.00	66.64	7.86	0.00	0.00	2000
232	10.79	2138	2113	1.60	205	0	0	11	24.13	0.00	0.00	2.96	86.87	89.21	0.00	43	0	43	0.00	0.00	66.87	7.92	0.00	0.00	2000
229	10.79	2124	2098	0.00	213	0	0	0	nan	0.00	0.02	3.58	85.62	89.21	0.00	43	0	43	0.00	0.00	66.76	7.96	0.00	0.00	2000
226	10.91	2078	2090	0.00	203	0	0	0	nan	0.00	0.02	3.03	85.75	89.09	0.00	43	0	43	0.00	0.00	65.69	7.87	0.00	0.00	2000
232	11.05	2075	2124	0.00	203	0	0	0	nan	0.00	0.02	3.35	86.69	88.95	0.00	43	0	43	0.00	0.00	67.54	8.00	0.00	0.00	2000
224	10.87	2081	2078	0.00	204	0	0	0	nan	0.00	0.00	3.77	84.55	89.13	0.00	43	0	43	0.00	0.00	64.93	7.73	0.00	0.00	2000
227	10.83	2102	2093	0.00	202	0	0	0	nan	0.00	0.01	3.31	85.67	89.17	0.00	43	0	43	0.00	0.00	66.20	7.91	0.00	0.00	2000
227	11.00	2068	2094	0.00	229	0	0	0	nan	0.00	0.01	2.86	85.99	89.00	0.00	43	0	43	0.00	0.00	66.03	7.91	0.00	0.00	2000
231	10.89	2090	2135	0.00	220	0	0	0	nan	0.01	0.00	3.69	86.97	89.11	0.00	42	0	43	0.00	0.00	68.35	8.02	0.00	0.00	2000
223	10.89	2083	2069	0.00	203	0	0	0	nan	0.00	0.00	3.98	83.92	89.11	0.00	43	0	43	0.00	0.00	64.56	7.78	0.00	0.00	2000
230	11.09	2060	2111	0.00	221	0	0	0	nan	0.00	0.00	3.35	86.06	88.92	0.00	43	0	43	0.00	0.00	68.08	8.29	0.00	0.00	2000
227	10.77	2113	2096	0.00	212	0	0	0	nan	0.00	0.02	2.98	86.12	89.23	0.00	42	0	43	0.00	0.00	64.36	7.65	0.00	0.00	2000
228	10.90	2081	2111	0.00	203	0	0	0	nan	0.01	0.00	2.97	86.68	89.10	0.00	43	0	43	0.00	0.00	66.97	7.97	0.00	0.00	2000
228	10.98	2088	2088	0.00	221	0	0	0	nan	0.00	0.02	3.56	85.04	89.02	0.00	43	0	43	0.00	0.00	65.91	7.81	0.00	0.00	2000
229	10.90	2104	2094	0.00	220	0	0	0	nan	0.00	0.01	2.60	86.27	89.10	0.00	43	0	43	0.00	0.00	65.95	7.82	0.00	0.00	2000
231	10.92	2089	2130	0.00	231	0	0	0	nan	0.00	0.00	3.04	87.38	89.08	0.00	43	0	43	0.00	0.00	68.05	8.02	0.00	0.00	2000
226	10.98	2095	2068	0.00	202	0	0	0	nan	0.00	0.00	3.42	84.36	89.02	0.00	43	0	43	0.00	0.00	64.97	7.79	0.00	0.00	2000
229	10.84	2097	2111	0.88	219	0	0	9	23.15	0.00	0.02	4.05	85.67	89.16	0.00	43	0	43	0.00	0.00	66.41	7.90	0.00	0.00	2000
228	10.70	2142	2093	0.85	203	0	0	4	42.36	0.00	0.01	3.67	85.35	89.30	0.00	43	0	43	0.00	0.00	65.85	7.78	0.00	0.00	2000
229	10.99	2077	2103	0.00	231	0	0	0	nan	0.00	0.00	3.43	85.81	89.01	0.00	43	0	43	0.00	0.00	66.75	8.12	0.00	0.00	2000
227	10.84	2103	2092	0.00	223	0	0	0	nan	0.00	0.00	3.96	84.91	89.16	0.00	43	0	43	0.00	0.00	66.07	7.81	0.00	0.00	2000
233	11.22	2058	2122	0.00	222	0	0	0	nan	0.00	0.00	7.38	82.48	88.78	0.00	43	0	43	0.00	0.00	67.42	8.08	0.00	0.00	2000
230	10.94	2096	2103	0.00	203	0	0	0	nan	0.00	0.00	3.49	85.80	89.06	0.00	43	0	43	0.00	0.00	66.43	7.82	0.00	0.00	2000
232	11.07	2086	2111	0.00	214	0	0	0	nan	0.00	0.01	3.55	85.95	88.93	0.00	43	0	43	0.00	0.00	67.87	8.05	0.00	0.00	2000
224	10.87	2088	2073	0.00	203	0	0	0	nan	0.00	0.00	3.40	84.69	89.13	0.00	43	0	43	0.00	0.00	64.35	7.59	0.00	0.00	2000
227	10.96	2072	2096	0.00	204	0	0	0	nan	0.00	0.02	3.73	85.20	89.04	0.00	43	0	43	0.00	0.00	66.81	7.72	0.00	0.00	2000
227	10.97	2065	2100	0.00	221	0	0	0	nan	0.00	0.00	3.66	85.46	89.03	0.00	43	0	43	0.00	0.00	66.53	7.86	0.00	0.00	2000
228	11.08	2054	2101	0.00	229	0	0	0	nan	0.00	0.00	3.72	85.33	88.92	0.00	43	0	43	0.00	0.00	65.87	7.82	0.00	0.00	2000
226	10.96	2063	2094	0.00	219	0	0	0	nan	0.00	0.01	3.61	85.20	89.04	0.00	43	0	43	0.00	0.00	66.14	7.70	0.00	0.00	2000
233	10.96	2098	2131	0.00	204	0	0	0	nan	0.00	0.03	4.10	86.32	89.04	0.00	43	0	43	0.00	0.00	67.97	8.03	0.00	0.00	2000
231	11.03	2086	2110	0.00	202	0	0	0	nan	0.00	0.00	3.62	85.81	88.97	0.00	43	0	43	0.00	0.00	66.86	7.94	0.00	0.00	2000
228	10.96	2086	2093	0.00	201	0	0	0	nan	0.00	0.00	3.78	85.00	89.04	0.00	43	0	43	0.00	0.00	65.55	7.87	0.00	0.00	2000
227	11.12	2064	2077	0.00	212	0	0	0	nan	0.00	0.01	2.84	85.24	88.88	0.00	43	0	43	0.00	0.00	65.55	7.94	0.00	0.00	2000
228	10.71	2124	2103	0.00	204	0	0	0	nan	0.01	0.00	3.20	86.26	89.29	0.00	43	0	43	0.00	0.00	66.64	7.90	0.00	0.00	2000
231	10.86	2102	2125	1.57	219	0	0	10	13.63	0.00	0.00	3.01	87.18	89.14	0.00	43	0	43	0.00	0.00	67.66	8.14	0.00	0.00	2000
227	10.68	2130	2094	0.05	203	0	0	0	nan	0.00	0.00	3.56	85.59	89.32	0.00	43	0	43	0.00	0.00	66.00	7.82	0.00	0.00	2000
231	11.09	2076	2105	0.00	213	0	0	0	nan	0.00	0.00	3.68	85.52	88.91	0.00	43	0	43	0.00	0.00	66.17	8.01	0.00	0.00	2000
222	10.91	2071	2063	0.00	203	0	0	0	nan	0.00	0.00	3.33	84.27	89.09	0.00	43	0	43	0.00	0.00	64.45	7.59	0.00	0.00	2000
228	10.92	2080	2111	0.00	218	0	0	0	nan	0.02	0.00	3.59	85.97	89.08	0.00	43	0	43	0.00	0.00	66.62	7.92	0.00	0.00	2000
229	10.85	2104	2108	0.00	206	0	0	0	nan	0.00	0.02	4.45	85.10	89.15	0.00	43	0	43	0.00	0.00	66.51	7.88	0.00	0.00	2000
230	10.82	2117	2107	0.00	205	0	0	0	nan	0.00	0.00	3.54	86.04	89.18	0.00	43	0	43	0.00	0.00	66.77	7.95	0.00	0.00	2000
226	10.88	2100	2081	0.00	214	0	0	0	nan	0.00	0.01	2.72	85.64	89.12	0.00	43	0	43	0.00	0.00	65.35	7.61	0.00	0.00	2000
227	10.92	2083	2096	0.00	202	0	0	0	nan	0.00	0.03	2.73	86.30	89.08	0.00	42	0	43	0.00	0.00	66.06	7.99	0.00	0.00	2000
228	10.75	2098	2123	0.00	204	0	0	0	nan	0.00	0.00	2.92	87.37	89.25	0.00	43	0	43	0.00	0.00	67.44	7.92	0.00	0.00	2000
225	11.06	2060	2077	0.00	219	0	0	0	nan	0.00	0.00	3.14	84.97	88.94	0.00	43	0	43	0.00	0.00	65.19	7.71	0.00	0.00	2000
231	11.13	2059	2114	0.00	204	0	0	0	nan	0.00	0.03	4.04	85.48	88.87	0.00	43	0	43	0.00	0.00	66.38	7.70	0.00	0.00	2000
232	11.00	2105	2100	0.00	212	0	0	0	nan	0.00	0.00	3.44	85.67	89.00	0.00	43	0	43	0.00	0.00	66.96	7.91	0.00	0.00	2000
231	11.06	2063	2121	0.00	203	0	0	0	nan	0.00	0.00	3.41	86.45	88.94	0.00	43	0	43	0.00	0.00	67.58	7.98	0.00	0.00	2000
227	10.79	2114	2092	0.00	203	0	0	0	nan	0.00	0.00	3.89	85.05	89.21	0.00	43	0	43	0.00	0.00	65.84	7.70	0.00	0.00	2000
224	10.87	2085	2072	0.00	204	0	0	0	nan	0.00	0.00	4.00	83.97	89.13	0.00	43	0	43	0.00	0.00	64.78	7.68	0.00	0.00	2000
234	11.02	2092	2129	0.00	204	0	0	0	nan	0.00	0.00	4.11	86.14	88.98	0.00	43	0	43	0.00	0.00	65.33	7.72	0.00	0.00	2000
224	10.79	2097	2078	1.62	230	0	0	10	11.85	0.00	0.00	3.28	85.10	89.21	0.00	43	0	43	0.00	0.00	68.00	7.94	0.00	0.00	2000
230	10.99	2067	2128	0.01	220	0	0	0	nan	0.00	0.00	3.36	86.88	89.01	0.00	43	0	43	0.00	0.00	67.54	7.97	0.00	0.00	2000
262	12.31	2139	2090	0.00	202	0	0	0	nan	0.00	0.02	4.35	83.05	87.69	0.00	43	0	43	0.00	0.00	66.02	7.79	0.00	0.00	2000
225	11.02	2061	2085	0.00	204	0	0	0	nan	0.00	0.02	3.62	84.85	88.98	0.00	43	0	43	0.00	0.00	65.64	7.79	0.00	0.00	2000
232	11.06	2075	2123	0.00	214	0	0	0	nan	0.00	0.00	2.81	87.17	88.94	0.00	43	0	43	0.00	0.00	67.38	8.03	0.00	0.00	2000
228	11.06	2067	2096	0.00	203	0	0	0	nan	0.00	0.00	3.18	85.81	88.94	0.00	42	0	43	0.00	0.00	65.68	7.71	0.00	0.00	2000
225	10.78	2101	2084	0.00	204	0	0	0	nan	0.00	0.00	3.20	85.51	89.22	0.00	42	0	43	0.00	0.00	59.80	6.97	0.00	0.00	2000
231	11.23	2039	2121	0.00	203	0	0	0	nan	0.00	0.01	2.97	86.86	88.79	0.00	42	0	43	0.00	0.00	64.08	7.60	0.00	0.00	2000
228	11.22	2057	2070	0.00	206	0	0	0	nan	0.00	0.02	4.86	82.77	88.78	0.00	42	0	42	0.00	0.00	63.98	7.58	0.00	0.00	2000
233	11.15	2081	2113	0.00	214	0	0	0	nan	0.01	0.00	3.73	85.83	88.85	0.00	42	0	43	0.00	0.00	70.82	7.90	0.00	0.00	2000
232	11.07	2071	2121	0.00	203	0	0	0	nan	0.00	0.00	3.30	86.59	88.93	0.00	42	0	43	0.00	0.00	61.91	8.40	0.00	0.00	2000
226	11.12	2069	2067	0.00	204	0	0	0	nan	0.00	0.00	4.19	83.39	88.88	0.00	42	0	42	0.00	0.00	67.44	8.70	0.00	0.00	2000
231	10.92	2093	2120	0.00	203	0	0	0	nan	0.00	0.02	4.03	86.00	89.08	0.00	42	0	43	0.00	0.00	67.96	8.43	0.00	0.00	2000
227	10.95	2088	2083	0.00	203	0	0	0	nan	0.00	0.00	3.44	84.94	89.05	0.00	42	0	43	0.00	0.00	65.81	8.91	0.00	0.00	2000
229	10.95	2092	2101	0.00	228	0	0	0	nan	0.00	0.00	3.65	85.50	89.05	0.00	42	0	43	0.00	0.00	64.79	8.56	0.00	0.00	2000
231	10.79	2114	2129	0.00	220	0	0	0	nan	0.00	0.00	3.79	86.64	89.21	0.00	42	0	43	0.00	0.00	68.05	8.72	0.00	0.00	2000
224	11.02	2065	2068	0.00	203	0	0	1	89.12	0.00	0.00	3.80	84.00	88.98	0.00	42	0	43	0.00	0.00	65.18	8.38	0.00	0.00	2000
228	10.92	2088	2104	1.11	203	0	0	33	12.30	0.00	0.00	3.32	86.02	89.08	0.00	43	0	43	0.00	0.00	67.09	8.70	0.00	0.00	2000
232	10.83	2127	2119	0.00	229	0	0	0	nan	0.00	0.02	3.21	86.79	89.17	0.00	42	0	43	0.00	0.00	67.72	8.75	0.00	0.00	2000
230	11.03	2079	2107	0.00	204	0	0	0	nan	0.00	0.01	3.67	85.64	88.97	0.00	43	0	43	0.00	0.00	67.11	8.58	0.00	0.00	2000
226	10.93	2084	2081	0.00	203	0	0	0	nan	0.00	0.01	2.83	85.50	89.07	0.00	43	0	43	0.00	0.00	65.58	8.42	0.00	0.00	2000
228	10.94	2089	2098	0.00	203	0	0	0	nan	0.00	0.03	3.60	85.45	89.06	0.00	43	0	43	0.00	0.00	66.78	8.49	0.00	0.00	2000
229	10.81	2108	2113	0.00	202	0	0	0	nan	0.00	0.01	3.32	86.51	89.19	0.00	42	0	43	0.00	0.00	67.67	8.70	0.00	0.00	2000
229	11.12	2085	2075	0.00	214	0	0	0	nan	0.00	0.02	3.92	84.00	88.88	0.00	42	0	43	0.00	0.00	65.61	8.58	0.00	0.00	2000
233	10.94	2091	2138	0.00	204	0	0	0	nan	0.00	0.00	4.05	86.58	89.06	0.00	42	0	43	0.00	0.00	68.39	8.81	0.00	0.00	2000
225	10.71	2129	2072	0.00	203	0	0	0	nan	0.00	0.00	3.89	84.33	89.29	0.00	42	0	43	0.00	0.00	64.71	8.66	0.00	0.00	2000
228	10.91	2087	2105	0.00	203	0	0	0	nan	0.00	0.01	2.47	86.91	89.09	0.00	42	0	43	0.00	0.00	66.02	7.40	0.00	0.00	2000
230	10.99	2080	2113	0.00	204	0	0	0	nan	0.00	0.06	3.64	86.05	89.01	0.00	42	0	43	0.00	0.00	65.02	7.66	0.00	0.00	2000
232	11.27	2062	2099	0.00	209	0	0	0	nan	0.00	0.02	3.95	84.86	88.73	0.00	42	0	43	0.00	0.00	66.33	7.75	0.00	0.00	2000
226	11.08	2065	2075	0.00	211	0	0	0	nan	0.00	0.02	2.73	85.24	88.92	0.00	42	0	43	0.00	0.00	62.21	7.50	0.00	0.00	2000
230	10.92	2100	2107	0.00	202	0	0	0	nan	0.00	0.00	3.87	85.58	89.08	0.00	42	0	43	0.00	0.00	65.76	7.87	0.00	0.00	2000
227	11.02	2073	2089	0.00	215	0	0	0	nan	0.00	0.01	4.17	84.38	88.98	0.00	41	0	43	0.00	0.00	64.79	7.66	0.00	0.00	2000
235	11.54	2043	2096	0.00	219	0	0	0	nan	0.00	0.00	4.66	83.80	88.46	0.00	40	0	43	0.00	0.00	66.41	7.86	0.00	0.00	2000
187	10.39	1794	2112	0.00	231	0	0	3	65.20	0.00	0.00	6.86	83.43	89.61	0.00	39	0	43	0.00	0.00	64.46	7.80	0.00	0.00	2000
74	7.27	1025	2090	0.06	209	0	0	3	91.55	0.00	0.02	3.16	89.24	92.73	0.00	38	0	43	0.00	0.00	56.75	7.45	0.00	0.00	2000
78	7.11	1082	2117	0.00	196	0	0	0	nan	0.00	0.00	2.78	91.00	92.89	0.00	38	0	43	0.00	0.00	61.41	7.37	0.00	0.00	2000
