Delta,Time,CPU_FREQUENCY_0,CPU_FREQUENCY_1,CPU_FREQUENCY_10,CPU_FREQUENCY_11,CPU_FREQUENCY_12,CPU_FREQUENCY_13,CPU_FREQUENCY_14,CPU_FREQUENCY_15,CPU_FREQUENCY_2,CPU_FREQUENCY_3,CPU_FREQUENCY_4,CPU_FREQUENCY_5,CPU_FREQUENCY_6,CPU_FREQUENCY_7,CPU_FREQUENCY_8,CPU_FREQUENCY_9,CPU_USAGE_0,CPU_USAGE_1,CPU_USAGE_10,CPU_USAGE_11,CPU_USAGE_12,CPU_USAGE_13,CPU_USAGE_14,CPU_USAGE_15,CPU_USAGE_2,CPU_USAGE_3,CPU_USAGE_4,CPU_USAGE_5,CPU_USAGE_6,CPU_USAGE_7,CPU_USAGE_8,CPU_USAGE_9,DRAM_ENERGY (J),PACKAGE_ENERGY (J),PP0_ENERGY (J),TOTAL_MEMORY,TOTAL_SWAP,USED_MEMORY,USED_SWAP
0,1791553916434,2500,2499,2499,2499,2500,2500,2500,2500,2499,2500,2499,2500,2500,2499,2500,2499,0,4.1666669845581055,4.1666669845581055,0,0,0,4,8.333333969116211,4.1666669845581055,4,4.1666669845581055,4.1666669845581055,0,4.1666669845581055,12,8.333333969116211,38673.98828125,122105.21081542969,0,404327403520,8589930496,5090340864,114688
10,1791553916435,2500,2499,2499,2499,2500,2500,2500,2500,2499,2500,2499,2500,2500,2499,2500,2499,0,4.1666669845581055,4.1666669845581055,0,0,0,4,8.333333969116211,4.1666669845581055,4,4.1666669845581055,4.1666669845581055,0,4.1666669845581055,12,8.333333969116211,38673.98828125,122105.21081542969,0,404327403520,8589930496,5090340864,114688
9,1791553916445,2500,2499,2499,2499,2500,2500,2500,2500,2499,2500,2499,2500,2500,2499,2500,2499,0,4.1666669845581055,4.1666669845581055,0,0,0,4,8.333333969116211,4.1666669845581055,4,4.1666669845581055,4.1666669845581055,0,4.1666669845581055,12,8.333333969116211,38674.144592285156,122105.58862304688,0,404327403520,8589930496,5090340864,114688
10,1791553916455,2500,2499,2499,2499,2500,2500,2500,2500,2499,2500,2499,2500,2500,2499,2500,2499,0,4.1666669845581055,4.1666669845581055,0,0,0,4,8.333333969116211,4.1666669845581055,4,4.1666669845581055,4.1666669845581055,0,4.1666669845581055,12,8.333333969116211,38674.29766845703,122105.96307373047,0,404327403520,8589930496,5090340864,114688
9,1791553916465,2500,2499,2499,2499,2500,2500,2500,2500,2499,2500,2499,2500,2500,2499,2500,2499,0,4.1666669845581055,4.1666669845581055,0,0,0,4,8.333333969116211,4.1666669845581055,4,4.1666669845581055,4.1666669845581055,0,4.1666669845581055,12,8.333333969116211,38674.45147705078,122106.34033203125,0,404327403520,8589930496,5090340864,114688
9,1791553916475,2500,2499,2499,2499,2500,2500,2500,2500,2499,2500,2499,2500,2500,2499,2500,2499,0,4.1666669845581055,4.1666669845581055,0,0,0,4,8.333333969116211,4.1666669845581055,4,4.1666669845581055,4.1666669845581055,0,4.1666669845581055,12,8.333333969116211,38674.601623535156,122106.71868896484,0,404327403520,8589930496,5090340864,114688
10,1791553916485,2500,2499,2499,2499,2500,2500,2500,2500,2499,2500,2499,2500,2500,2499,2500,2499,0,4.1666669845581055,4.1666669845581055,0,0,0,4,8.333333969116211,4.1666669845581055,4,4.1666669845581055,4.1666669845581055,0,4.1666669845581055,12,8.333333969116211,38674.75457763672,122107.09252929688,0,404327403520,8589930496,5090340864,114688
9,1791553916495,2500,2499,2499,2499,2500,2500,2500,2500,2499,2500,2499,2500,2500,2499,2500,2499,0,4.1666669845581055,4.1666669845581055,0,0,0,4,8.333333969116211,4.1666669845581055,4,4.1666669845581055,4.1666669845581055,0,4.1666669845581055,12,8.333333969116211,38674.89990234375,122107.41625976563,0,404327403520,8589930496,5090340864,114688
9,1791553916505,2500,2499,2499,2499,2500,2500,2500,2500,2499,2500,2499,2500,2500,2499,2500,2499,0,4.1666669845581055,4.1666669845581055,0,0,0,4,8.333333969116211,4.1666669845581055,4,4.1666669845581055,4.1666669845581055,0,4.1666669845581055,12,8.333333969116211,38675.05792236328,122107.73272705078,0,404327403520,8589930496,5090340864,114688
10,1791553916515,2500,2499,2499,2499,2500,2500,2500,2500,2499,2500,2499,2500,2500,2499,2500,2499,0,4.1666669845581055,4.1666669845581055,0,0,0,4,8.333333969116211,4.1666669845581055,4,4.1666669845581055,4.1666669845581055,0,4.1666669845581055,12,8.333333969116211,38675.21228027344,122108.05847167969,0,404327403520,8589930496,5090340864,114688
10,1791553916525,2500,2499,2499,2499,2500,2500,2500,2500,2499,2500,2499,2500,2500,2499,2500,2499,0,4.1666669845581055,4.1666669845581055,0,0,0,4,8.333333969116211,4.1666669845581055,4,4.1666669845581055,4.1666669845581055,0,4.1666669845581055,12,8.333333969116211,38675.37023925781,122108.4341430664,0,404327403520,8589930496,5090340864,114688
9,1791553916535,2500,2499,2499,2499,2500,2500,2500,2500,2499,2500,2499,2500,2500,2499,2500,2499,0,4.1666669845581055,4.1666669845581055,0,0,0,4,8.333333969116211,4.1666669845581055,4,4.1666669845581055,4.1666669845581055,0,4.1666669845581055,12,8.333333969116211,38675.5419921875,122108.8500366211,0,404327403520,8589930496,5090836480,114688
9,1791553916545,2500,2499,2499,2499,2500,2500,2500,2500,2499,2500,2499,2500,2500,2499,2500,2499,0,4.1666669845581055,4.1666669845581055,0,0,0,4,8.333333969116211,4.1666669845581055,4,4.1666669845581055,4.1666669845581055,0,4.1666669845581055,12,8.333333969116211,38675.69287109375,122109.22607421875,0,404327403520,8589930496,5090836480,114688
10,1791553916555,2500,2499,2499,2499,2500,2500,2500,2500,2499,2500,2499,2500,2500,2499,2500,2499,0,4.1666669845581055,4.1666669845581055,0,0,0,4,8.333333969116211,4.1666669845581055,4,4.1666669845581055,4.1666669845581055,0,4.1666669845581055,12,8.333333969116211,38675.846923828125,122109.56829833984,0,404327403520,8589930496,5090836480,114688
9,1791553916565,2500,2499,2499,2499,2500,2500,2500,2500,2499,2500,2499,2500,2500,2499,2500,2499,0,4.1666669845581055,4.1666669845581055,0,0,0,4,8.333333969116211,4.1666669845581055,4,4.1666669845581055,4.1666669845581055,0,4.1666669845581055,12,8.333333969116211,38675.99871826172,122109.9838256836,0,404327403520,8589930496,5090836480,114688
10,1791553916575,2500,2499,2499,2499,2500,2500,2500,2500,2499,2500,2499,2500,2500,2499,2500,2499,0,4.1666669845581055,4.1666669845581055,0,0,0,4,8.333333969116211,4.1666669845581055,4,4.1666669845581055,4.1666669845581055,0,4.1666669845581055,12,8.333333969116211,38676.148681640625,122110.35821533203,0,404327403520,8589930496,5090836480,114688
10,1791553916586,2500,2499,2499,2499,2500,2500,2500,2500,2499,2500,2499,2500,2500,2499,2500,2499,0,4.1666669845581055,4.1666669845581055,0,0,0,4,8.333333969116211,4.1666669845581055,4,4.1666669845581055,4.1666669845581055,0,4.1666669845581055,12,8.333333969116211,38676.29901123047,122110.73516845703,0,404327403520,8589930496,5090836480,114688
10,1791553916596,2500,2499,2499,2499,2500,2500,2500,2500,2499,2500,2499,2500,2500,2499,2500,2499,0,4.1666669845581055,4.1666669845581055,0,0,0,4,8.333333969116211,4.1666669845581055,4,4.1666669845581055,4.1666669845581055,0,4.1666669845581055,12,8.333333969116211,38676.45593261719,122111.11260986328,0,404327403520,8589930496,5090836480,114688
9,1791553916606,2500,2499,2499,2499,2500,2500,2500,2500,2499,2500,2499,2500,2500,2499,2500,2499,0,4.1666669845581055,4.1666669845581055,0,0,0,4,8.333333969116211,4.1666669845581055,4,4.1666669845581055,4.1666669845581055,0,4.1666669845581055,12,8.333333969116211,38676.608947753906,122111.48876953125,0,404327403520,8589930496,5090836480,114688
9,1791553916616,2500,2499,2499,2499,2500,2500,2500,2500,2499,2500,2499,2500,2500,2499,2500,2499,0,4.1666669845581055,4.1666669845581055,0,0,0,4,8.333333969116211,4.1666669845581055,4,4.1666669845581055,4.1666669845581055,0,4.1666669845581055,12,8.333333969116211,38676.76153564453,122111.8657836914,0,404327403520,8589930496,5090836480,114688
10,1791553916626,2500,2499,2499,2499,2500,2500,2500,2500,2499,2500,2499,2500,2500,2499,2500,2499,0,4.1666669845581055,4.1666669845581055,0,0,0,4,8.333333969116211,4.1666669845581055,4,4.1666669845581055,4.1666669845581055,0,4.1666669845581055,12,8.333333969116211,38676.91259765625,122112.23529052734,0,404327403520,8589930496,5090836480,114688
10,1791553916636,2500,2499,2499,2499,2500,2500,2500,2500,2499,2500,2499,2500,2500,2499,2500,2499,26.3157901763916,4.761904716491699,0,0,0,0,5,21.052631378173828,0,0,0,0,0,52.6315803527832,5.263157844543457,0,38677.06365966797,122112.54608154297,0,404327403520,8589930496,5090836480,114688
10,1791553916646,2500,2499,2499,2499,2500,2500,2500,2500,2499,2500,2499,2500,2500,2499,2500,2499,26.3157901763916,4.761904716491699,0,0,0,0,5,21.052631378173828,0,0,0,0,0,52.6315803527832,5.263157844543457,0,38677.219299316406,122112.86102294922,0,404327403520,8589930496,5090836480,114688
9,1791553916656,2500,2499,2499,2499,2500,2500,2500,2500,2499,2500,2499,2500,2500,2499,2500,2499,26.3157901763916,4.761904716491699,0,0,0,0,5,21.052631378173828,0,0,0,0,0,52.6315803527832,5.263157844543457,0,38677.372009277344,122113.19067382813,0,404327403520,8589930496,5095030784,114688
10,1791553916666,2500,2499,2499,2499,2500,2500,2500,2500,2499,2500,2499,2500,2500,2499,2500,2499,26.3157901763916,4.761904716491699,0,0,0,0,5,21.052631378173828,0,0,0,0,0,52.6315803527832,5.263157844543457,0,38677.540100097656,122113.5718383789,0,404327403520,8589930496,5099749376,114688
9,1791553916676,2500,2499,2499,2499,2500,2500,2500,2500,2499,2500,2499,2500,2500,2499,2500,2499,26.3157901763916,4.761904716491699,0,0,0,0,5,21.052631378173828,0,0,0,0,0,52.6315803527832,5.263157844543457,0,38677.71044921875,122113.94689941406,0,404327403520,8589930496,5099749376,114688
9,1791553916686,2500,2499,2499,2499,2500,2500,2500,2500,2499,2500,2499,2500,2500,2499,2500,2499,26.3157901763916,4.761904716491699,0,0,0,0,5,21.052631378173828,0,0,0,0,0,52.6315803527832,5.263157844543457,0,38677.873596191406,122114.32482910156,0,404327403520,8589930496,5115609088,114688
10,1791553916696,2500,2499,2499,2499,2500,2500,2500,2500,2499,2500,2499,2500,2500,2499,2500,2499,26.3157901763916,4.761904716491699,0,0,0,0,5,21.052631378173828,0,0,0,0,0,52.6315803527832,5.263157844543457,0,38678.04187011719,122114.70422363281,0,404327403520,8589930496,5132460032,114688
9,1791553916706,2500,2499,2499,2499,2500,2500,2500,2500,2499,2500,2499,2500,2500,2499,2500,2499,26.3157901763916,4.761904716491699,0,0,0,0,5,21.052631378173828,0,0,0,0,0,52.6315803527832,5.263157844543457,0,38678.22180175781,122115.11822509766,0,404327403520,8589930496,5140389888,114688
9,1791553916716,2500,2499,2499,2499,2500,2500,2500,2500,2499,2500,2499,2500,2500,2499,2500,2499,26.3157901763916,4.761904716491699,0,0,0,0,5,21.052631378173828,0,0,0,0,0,52.6315803527832,5.263157844543457,0,38678.388244628906,122115.49658203125,0,404327403520,8589930496,5157240832,114688
9,1791553916727,2500,2499,2499,2499,2500,2500,2500,2500,2499,2500,2499,2500,2500,2499,2500,2499,26.3157901763916,4.761904716491699,0,0,0,0,5,21.052631378173828,0,0,0,0,0,52.6315803527832,5.263157844543457,0,38678.555603027344,122115.87573242188,0,404327403520,8589930496,5173596160,114688
10,1791553916737,2500,2499,2499,2499,2500,2500,2500,2500,2499,2500,2499,2500,2500,2499,2500,2499,26.3157901763916,4.761904716491699,0,0,0,0,5,21.052631378173828,0,0,0,0,0,52.6315803527832,5.263157844543457,0,38678.71960449219,122116.25189208984,0,404327403520,8589930496,5189951488,114688
10,1791553916747,2500,2499,2499,2499,2500,2500,2500,2500,2499,2500,2499,2500,2500,2499,2500,2499,26.3157901763916,4.761904716491699,0,0,0,0,5,21.052631378173828,0,0,0,0,0,52.6315803527832,5.263157844543457,0,38678.88299560547,122116.63049316406,0,404327403520,8589930496,5198376960,114688
9,1791553916757,2500,2499,2499,2499,2500,2500,2500,2500,2499,2500,2499,2500,2500,2499,2500,2499,26.3157901763916,4.761904716491699,0,0,0,0,5,21.052631378173828,0,0,0,0,0,52.6315803527832,5.263157844543457,0,38679.03771972656,122117.00604248047,0,404327403520,8589930496,5206802432,114688
9,1791553916767,2500,2499,2499,2499,2500,2500,2500,2500,2499,2500,2499,2500,2500,2499,2500,2499,26.3157901763916,4.761904716491699,0,0,0,0,5,21.052631378173828,0,0,0,0,0,52.6315803527832,5.263157844543457,0,38679.188049316406,122117.38360595703,0,404327403520,8589930496,5206802432,114688
9,1791553916777,2500,2499,2499,2499,2500,2500,2500,2500,2499,2500,2499,2500,2500,2499,2500,2499,26.3157901763916,4.761904716491699,0,0,0,0,5,21.052631378173828,0,0,0,0,0,52.6315803527832,5.263157844543457,0,38679.34423828125,122117.76177978516,0,404327403520,8589930496,5206802432,114688
10,1791553916787,2500,2499,2499,2499,2500,2500,2500,2500,2499,2500,2499,2500,2500,2499,2500,2499,26.3157901763916,4.761904716491699,0,0,0,0,5,21.052631378173828,0,0,0,0,0,52.6315803527832,5.263157844543457,0,38679.49548339844,122118.13598632813,0,404327403520,8589930496,5206802432,114688
9,1791553916797,2500,2499,2499,2499,2500,2500,2500,2500,2499,2500,2499,2500,2500,2499,2500,2499,26.3157901763916,4.761904716491699,0,0,0,0,5,21.052631378173828,0,0,0,0,0,52.6315803527832,5.263157844543457,0,38679.655700683594,122118.5142211914,0,404327403520,8589930496,5214732288,114688
9,1791553916807,2500,2499,2499,2499,2500,2500,2500,2500,2499,2500,2499,2500,2500,2499,2500,2499,26.3157901763916,4.761904716491699,0,0,0,0,5,21.052631378173828,0,0,0,0,0,52.6315803527832,5.263157844543457,0,38679.813903808594,122118.89306640625,0,404327403520,8589930496,5214732288,114688
9,1791553916817,2500,2499,2499,2499,2500,2500,2500,2500,2499,2500,2499,2500,2500,2499,2500,2499,26.3157901763916,4.761904716491699,0,0,0,0,5,21.052631378173828,0,0,0,0,0,52.6315803527832,5.263157844543457,0,38679.969177246094,122119.2689819336,0,404327403520,8589930496,5214732288,114688
10,1791553916827,2500,2499,2499,2499,2500,2500,2500,2500,2499,2500,2499,2500,2500,2499,2500,2499,26.3157901763916,4.761904716491699,0,0,0,0,5,21.052631378173828,0,0,0,0,0,52.6315803527832,5.263157844543457,0,38680.124267578125,122119.64477539063,0,404327403520,8589930496,5214732288,114688
10,1791553916837,2500,2499,2499,2499,2500,2500,2500,2500,2499,2500,2499,2500,2500,2499,2500,2499,0,94.73684692382813,0,0,0,0,0,15.000000953674316,0,0,0,0,0,5,5.263157844543457,9.523809432983398,38680.28063964844,122120.02166748047,0,404327403520,8589930496,5214732288,114688
9,1791553916847,2500,2499,2499,2499,2500,2500,2500,2500,2499,2500,2499,2500,2500,2499,2500,2499,0,94.73684692382813,0,0,0,0,0,15.000000953674316,0,0,0,0,0,5,5.263157844543457,9.523809432983398,38680.43518066406,122120.39776611328,0,404327403520,8589930496,5214732288,114688
9,1791553916858,2500,2499,2499,2499,2500,2500,2500,2500,2499,2500,2499,2500,2500,2499,2500,2499,0,94.73684692382813,0,0,0,0,0,15.000000953674316,0,0,0,0,0,5,5.263157844543457,9.523809432983398,38680.582275390625,122120.77227783203,0,404327403520,8589930496,5214732288,114688
9,1791553916868,2500,2499,2499,2499,2500,2500,2500,2500,2499,2500,2499,2500,2500,2499,2500,2499,0,94.73684692382813,0,0,0,0,0,15.000000953674316,0,0,0,0,0,5,5.263157844543457,9.523809432983398,38680.75256347656,122121.18530273438,0,404327403520,8589930496,5214732288,114688
9,1791553916878,2500,2499,2499,2499,2500,2500,2500,2500,2499,2500,2499,2500,2500,2499,2500,2499,0,94.73684692382813,0,0,0,0,0,15.000000953674316,0,0,0,0,0,5,5.263157844543457,9.523809432983398,38680.889892578125,122121.52471923828,0,404327403520,8589930496,5214732288,114688
10,1791553916888,2500,2499,2499,2499,2500,2500,2500,2500,2499,2500,2499,2500,2500,2499,2500,2499,0,94.73684692382813,0,0,0,0,0,15.000000953674316,0,0,0,0,0,5,5.263157844543457,9.523809432983398,38681.042053222656,122121.9067993164,0,404327403520,8589930496,5214732288,114688
10,1791553916898,2500,2499,2499,2499,2500,2500,2500,2500,2499,2500,2499,2500,2500,2499,2500,2499,0,94.73684692382813,0,0,0,0,0,15.000000953674316,0,0,0,0,0,5,5.263157844543457,9.523809432983398,38681.21154785156,122122.31872558594,0,404327403520,8589930496,5214732288,114688
10,1791553916908,2500,2499,2499,2499,2500,2500,2500,2500,2499,2500,2499,2500,2500,2499,2500,2499,0,94.73684692382813,0,0,0,0,0,15.000000953674316,0,0,0,0,0,5,5.263157844543457,9.523809432983398,38681.34851074219,122122.69665527344,0,404327403520,8589930496,5214732288,114688
10,1791553916918,2500,2499,2499,2499,2500,2500,2500,2500,2499,2500,2499,2500,2500,2499,2500,2499,0,94.73684692382813,0,0,0,0,0,15.000000953674316,0,0,0,0,0,5,5.263157844543457,9.523809432983398,38681.52001953125,122123.07318115234,0,404327403520,8589930496,5214732288,114688
10,1791553916928,2500,2499,2499,2499,2500,2500,2500,2500,2499,2500,2499,2500,2500,2499,2500,2499,0,94.73684692382813,0,0,0,0,0,15.000000953674316,0,0,0,0,0,5,5.263157844543457,9.523809432983398,38681.667907714844,122123.44812011719,0,404327403520,8589930496,5214732288,114688
10,1791553916938,2500,2499,2499,2499,2500,2500,2500,2500,2499,2500,2499,2500,2500,2499,2500,2499,0,94.73684692382813,0,0,0,0,0,15.000000953674316,0,0,0,0,0,5,5.263157844543457,9.523809432983398,38681.83837890625,122123.83032226563,0,404327403520,8589930496,5214732288,114688
9,1791553916948,2500,2499,2499,2499,2500,2500,2500,2500,2499,2500,2499,2500,2500,2499,2500,2499,0,94.73684692382813,0,0,0,0,0,15.000000953674316,0,0,0,0,0,5,5.263157844543457,9.523809432983398,38681.99548339844,122124.21014404297,0,404327403520,8589930496,5214732288,114688
10,1791553916958,2500,2499,2499,2499,2500,2500,2500,2500,2499,2500,2499,2500,2500,2499,2500,2499,0,94.73684692382813,0,0,0,0,0,15.000000953674316,0,0,0,0,0,5,5.263157844543457,9.523809432983398,38682.15447998047,122124.59008789063,0,404327403520,8589930496,5223157760,114688
9,1791553916968,2500,2499,2499,2499,2500,2500,2500,2500,2499,2500,2499,2500,2500,2499,2500,2499,0,94.73684692382813,0,0,0,0,0,15.000000953674316,0,0,0,0,0,5,5.263157844543457,9.523809432983398,38682.30993652344,122124.96325683594,0,404327403520,8589930496,5231583232,114688
10,1791553916978,2500,2499,2499,2499,2500,2500,2500,2500,2499,2500,2499,2500,2500,2499,2500,2499,0,94.73684692382813,0,0,0,0,0,15.000000953674316,0,0,0,0,0,5,5.263157844543457,9.523809432983398,38682.46667480469,122125.34155273438,0,404327403520,8589930496,5231583232,114688
10,1791553916988,2500,2499,2499,2499,2500,2500,2500,2500,2499,2500,2499,2500,2500,2499,2500,2499,0,94.73684692382813,0,0,0,0,0,15.000000953674316,0,0,0,0,0,5,5.263157844543457,9.523809432983398,38682.61895751953,122125.71472167969,0,404327403520,8589930496,5231583232,114688
10,1791553916998,2500,2499,2499,2499,2500,2500,2500,2500,2499,2500,2499,2500,2500,2499,2500,2499,0,94.73684692382813,0,0,0,0,0,15.000000953674316,0,0,0,0,0,5,5.263157844543457,9.523809432983398,38682.775634765625,122126.0913696289,0,404327403520,8589930496,5231583232,114688
10,1791553917008,2500,2499,2499,2499,2500,2500,2500,2500,2499,2500,2499,2500,2500,2499,2500,2499,0,94.73684692382813,0,0,0,0,0,15.000000953674316,0,0,0,0,0,5,5.263157844543457,9.523809432983398,38682.93029785156,122126.46765136719,0,404327403520,8589930496,5231583232,114688
10,1791553917018,2500,2499,2499,2499,2500,2500,2500,2500,2499,2500,2499,2500,2500,2499,2500,2499,0,94.73684692382813,0,0,0,0,0,15.000000953674316,0,0,0,0,0,5,5.263157844543457,9.523809432983398,38683.08612060547,122126.84844970703,0,404327403520,8589930496,5231583232,114688
10,1791553917028,2500,2499,2499,2499,2500,2500,2500,2500,2499,2500,2499,2500,2500,2499,2500,2499,0,94.73684692382813,0,0,0,0,0,15.000000953674316,0,0,0,0,0,5,5.263157844543457,9.523809432983398,38683.239196777344,122127.22467041016,0,404327403520,8589930496,5231583232,114688
10,1791553917039,2500,2499,2499,2499,2500,2500,2500,2500,2499,2500,2499,2500,2500,2499,2500,2499,0,100,0,0,0,0,0,0,0,0,0,0,0,0,0,0,38683.3857421875,122127.59985351563,0,404327403520,8589930496,5231583232,114688
10,1791553917049,2500,2499,2499,2499,2500,2500,2500,2500,2499,2500,2499,2500,2500,2499,2500,2499,0,100,0,0,0,0,0,0,0,0,0,0,0,0,0,0,38683.5380859375,122127.97888183594,0,404327403520,8589930496,5231583232,114688
10,1791553917059,2500,2499,2499,2499,2500,2500,2500,2500,2499,2500,2499,2500,2500,2499,2500,2499,0,100,0,0,0,0,0,0,0,0,0,0,0,0,0,0,38683.68621826172,122128.3598022461,0,404327403520,8589930496,5231583232,114688
10,1791553917069,2500,2499,2499,2499,2500,2500,2500,2500,2499,2500,2499,2500,2500,2499,2500,2499,0,100,0,0,0,0,0,0,0,0,0,0,0,0,0,0,38683.84002685547,122128.73724365234,0,404327403520,8589930496,5233070080,114688
10,1791553917079,2500,2499,2499,2499,2500,2500,2500,2500,2499,2500,2499,2500,2500,2499,2500,2499,0,100,0,0,0,0,0,0,0,0,0,0,0,0,0,0,38683.988830566406,122129.11364746094,0,404327403520,8589930496,5233070080,114688
10,1791553917089,2500,2499,2499,2499,2500,2500,2500,2500,2499,2500,2499,2500,2500,2499,2500,2499,0,100,0,0,0,0,0,0,0,0,0,0,0,0,0,0,38684.14044189453,122129.49285888672,0,404327403520,8589930496,5233070080,114688
10,1791553917099,2500,2499,2499,2499,2500,2500,2500,2500,2499,2500,2499,2500,2500,2499,2500,2499,0,100,0,0,0,0,0,0,0,0,0,0,0,0,0,0,38684.30895996094,122129.90393066406,0,404327403520,8589930496,5224488960,114688
9,1791553917109,2500,2499,2499,2499,2500,2500,2500,2500,2499,2500,2499,2500,2500,2499,2500,2499,0,100,0,0,0,0,0,0,0,0,0,0,0,0,0,0,38684.46008300781,122130.28216552734,0,404327403520,8589930496,5224488960,114688
10,1791553917119,2500,2499,2499,2499,2500,2500,2500,2500,2499,2500,2499,2500,2500,2499,2500,2499,0,100,0,0,0,0,0,0,0,0,0,0,0,0,0,0,38684.60968017578,122130.65930175781,0,404327403520,8589930496,5224488960,114688
9,1791553917129,2500,2499,2499,2499,2500,2500,2500,2500,2499,2500,2499,2500,2500,2499,2500,2499,0,100,0,0,0,0,0,0,0,0,0,0,0,0,0,0,38684.763122558594,122131.03564453125,0,404327403520,8589930496,5224488960,114688
10,1791553917139,2500,2499,2499,2499,2500,2500,2500,2500,2499,2500,2499,2500,2500,2499,2500,2499,0,100,0,0,0,0,0,0,0,0,0,0,0,0,0,0,38684.919677734375,122131.41107177734,0,404327403520,8589930496,5224488960,114688
10,1791553917149,2500,2499,2499,2499,2500,2500,2500,2500,2499,2500,2499,2500,2500,2499,2500,2499,0,100,0,0,0,0,0,0,0,0,0,0,0,0,0,0,38685.0732421875,122131.78649902344,0,404327403520,8589930496,5224488960,114688
10,1791553917159,2500,2499,2499,2499,2500,2500,2500,2500,2499,2500,2499,2500,2500,2499,2500,2499,0,100,0,0,0,0,0,0,0,0,0,0,0,0,0,0,38685.224670410156,122132.1625366211,0,404327403520,8589930496,5222162432,114688
10,1791553917169,2500,2499,2499,2499,2500,2500,2500,2500,2499,2500,2499,2500,2500,2499,2500,2499,0,100,0,0,0,0,0,0,0,0,0,0,0,0,0,0,38685.37683105469,122132.5380859375,0,404327403520,8589930496,5222162432,114688
10,1791553917179,2500,2499,2499,2499,2500,2500,2500,2500,2499,2500,2499,2500,2500,2499,2500,2499,0,100,0,0,0,0,0,0,0,0,0,0,0,0,0,0,38685.531005859375,122132.91491699219,0,404327403520,8589930496,5222162432,114688
10,1791553917189,2500,2499,2499,2499,2500,2500,2500,2500,2499,2500,2499,2500,2500,2499,2500,2499,0,100,0,0,0,0,0,0,0,0,0,0,0,0,0,0,38685.684997558594,122133.2943725586,0,404327403520,8589930496,5222162432,114688
10,1791553917199,2500,2499,2499,2499,2500,2500,2500,2500,2499,2500,2499,2500,2500,2499,2500,2499,0,100,0,0,0,0,0,0,0,0,0,0,0,0,0,0,38685.854553222656,122133.67169189453,0,404327403520,8589930496,5222162432,114688
10,1791553917210,2500,2499,2499,2499,2500,2500,2500,2500,2499,2500,2499,2500,2500,2499,2500,2499,0,100,0,0,0,0,0,0,0,0,0,0,0,0,0,0,38686.00964355469,122134.05444335938,0,404327403520,8589930496,5222162432,114688
10,1791553917220,2500,2499,2499,2499,2500,2500,2500,2500,2499,2500,2499,2500,2500,2499,2500,2499,0,100,0,0,0,0,0,0,0,0,0,0,0,0,0,0,38686.15869140625,122134.42938232422,0,404327403520,8589930496,5222162432,114688
10,1791553917230,2500,2499,2499,2499,2500,2500,2500,2500,2499,2500,2499,2500,2500,2499,2500,2499,0,100,0,0,0,0,0,0,0,0,0,0,0,0,0,0,38686.31561279297,122134.806640625,0,404327403520,8589930496,5222162432,114688
10,1791553917240,2500,2499,2499,2499,2500,2500,2500,2500,2499,2500,2499,2500,2500,2499,2500,2499,5,100,0,0,0,0,0,10,0,0,0,0,0,0,0,0,38686.46667480469,122135.181640625,0,404327403520,8589930496,5222162432,114688
10,1791553917250,2500,2499,2499,2499,2500,2500,2500,2500,2499,2500,2499,2500,2500,2499,2500,2499,5,100,0,0,0,0,0,10,0,0,0,0,0,0,0,0,38686.622619628906,122135.55877685547,0,404327403520,8589930496,5222162432,114688
10,1791553917260,2500,2499,2499,2499,2500,2500,2500,2500,2499,2500,2499,2500,2500,2499,2500,2499,5,100,0,0,0,0,0,10,0,0,0,0,0,0,0,0,38686.773681640625,122135.93371582031,0,404327403520,8589930496,5222162432,114688
10,1791553917270,2500,2499,2499,2499,2500,2500,2500,2500,2499,2500,2499,2500,2500,2499,2500,2499,5,100,0,0,0,0,0,10,0,0,0,0,0,0,0,0,38686.92401123047,122136.3091430664,0,404327403520,8589930496,5222162432,114688
10,1791553917280,2500,2499,2499,2499,2500,2500,2500,2500,2499,2500,2499,2500,2500,2499,2500,2499,5,100,0,0,0,0,0,10,0,0,0,0,0,0,0,0,38687.078369140625,122136.68676757813,0,404327403520,8589930496,5222162432,114688
10,1791553917290,2500,2499,2499,2499,2500,2500,2500,2500,2499,2500,2499,2500,2500,2499,2500,2499,5,100,0,0,0,0,0,10,0,0,0,0,0,0,0,0,38687.22784423828,122137.0619506836,0,404327403520,8589930496,5222162432,114688
9,1791553917300,2500,2499,2499,2499,2500,2500,2500,2500,2499,2500,2499,2500,2500,2499,2500,2499,5,100,0,0,0,0,0,10,0,0,0,0,0,0,0,0,38687.39520263672,122137.47625732422,0,404327403520,8589930496,5222162432,114688
10,1791553917310,2500,2499,2499,2499,2500,2500,2500,2500,2499,2500,2499,2500,2500,2499,2500,2499,5,100,0,0,0,0,0,10,0,0,0,0,0,0,0,0,38687.55145263672,122137.85174560547,0,404327403520,8589930496,5222162432,114688
10,1791553917320,2500,2499,2499,2499,2500,2500,2500,2500,2499,2500,2499,2500,2500,2499,2500,2499,5,100,0,0,0,0,0,10,0,0,0,0,0,0,0,0,38687.711853027344,122138.22723388672,0,404327403520,8589930496,5222162432,114688
10,1791553917330,2500,2499,2499,2499,2500,2500,2500,2500,2499,2500,2499,2500,2500,2499,2500,2499,5,100,0,0,0,0,0,10,0,0,0,0,0,0,0,0,38687.86804199219,122138.6025390625,0,404327403520,8589930496,5222162432,114688
10,1791553917340,2500,2499,2499,2499,2500,2500,2500,2500,2499,2500,2499,2500,2500,2499,2500,2499,5,100,0,0,0,0,0,10,0,0,0,0,0,0,0,0,38688.023681640625,122138.98022460938,0,404327403520,8589930496,5222162432,114688
10,1791553917350,2500,2499,2499,2499,2500,2500,2500,2500,2499,2500,2499,2500,2500,2499,2500,2499,5,100,0,0,0,0,0,10,0,0,0,0,0,0,0,0,38688.17706298828,122139.35510253906,0,404327403520,8589930496,5222162432,114688
10,1791553917360,2500,2499,2499,2499,2500,2500,2500,2500,2499,2500,2499,2500,2500,2499,2500,2499,5,100,0,0,0,0,0,10,0,0,0,0,0,0,0,0,38688.33221435547,122139.73126220703,0,404327403520,8589930496,5222162432,114688
10,1791553917370,2500,2499,2499,2499,2500,2500,2500,2500,2499,2500,2499,2500,2500,2499,2500,2499,5,100,0,0,0,0,0,10,0,0,0,0,0,0,0,0,38688.48718261719,122140.10791015625,0,404327403520,8589930496,5222162432,114688
10,1791553917381,2500,2499,2499,2499,2500,2500,2500,2500,2499,2500,2499,2500,2500,2499,2500,2499,5,100,0,0,0,0,0,10,0,0,0,0,0,0,0,0,38688.64080810547,122140.4828491211,0,404327403520,8589930496,5222162432,114688
10,1791553917391,2500,2499,2499,2499,2500,2500,2500,2500,2499,2500,2499,2500,2500,2499,2500,2499,5,100,0,0,0,0,0,10,0,0,0,0,0,0,0,0,38688.793212890625,122140.8588256836,0,404327403520,8589930496,5222162432,114688
10,1791553917401,2500,2499,2499,2499,2500,2500,2500,2500,2499,2500,2499,2500,2500,2499,2500,2499,5,100,0,0,0,0,0,10,0,0,0,0,0,0,0,0,38688.94885253906,122141.2348022461,0,404327403520,8589930496,5222162432,114688
10,1791553917411,2500,2499,2499,2499,2500,2500,2500,2500,2499,2500,2499,2500,2500,2499,2500,2499,5,100,0,0,0,0,0,10,0,0,0,0,0,0,0,0,38689.102294921875,122141.61102294922,0,404327403520,8589930496,5222162432,114688
10,1791553917421,2500,2499,2499,2499,2500,2500,2500,2500,2499,2500,2499,2500,2500,2499,2500,2499,5,100,0,0,0,0,0,10,0,0,0,0,0,0,0,0,38689.25537109375,122141.98693847656,0,404327403520,8589930496,5222162432,114688
10,1791553917431,2500,2499,2499,2499,2500,2500,2500,2500,2499,2500,2499,2500,2500,2499,2500,2499,5,100,0,0,0,0,0,10,0,0,0,0,0,0,0,0,38689.41101074219,122142.36364746094,0,404327403520,8589930496,5222162432,114688
10,1791553917441,2500,2499,2499,2499,2500,2500,2500,2500,2499,2500,2499,2500,2500,2499,2500,2499,4.761904716491699,100,0,0,0,0,0,0,0,0,0,0,0,0,0,0,38689.56182861328,122142.73999023438,0,404327403520,8589930496,5222162432,114688
9,1791553917451,2500,2499,2499,2499,2500,2500,2500,2500,2499,2500,2499,2500,2500,2499,2500,2499,4.761904716491699,100,0,0,0,0,0,0,0,0,0,0,0,0,0,0,38689.712890625,122143.11669921875,0,404327403520,8589930496,5222162432,114688
10,1791553917461,2500,2499,2499,2499,2500,2500,2500,2500,2499,2500,2499,2500,2500,2499,2500,2499,4.761904716491699,100,0,0,0,0,0,0,0,0,0,0,0,0,0,0,38689.88739013672,122143.50402832031,0,404327403520,8589930496,5222162432,114688
9,1791553917471,2500,2499,2499,2499,2500,2500,2500,2500,2499,2500,2499,2500,2500,2499,2500,2499,4.761904716491699,100,0,0,0,0,0,0,0,0,0,0,0,0,0,0,38690.089782714844,122143.89990234375,0,404327403520,8589930496,5222162432,114688
10,1791553917481,2500,2499,2499,2499,2500,2500,2500,2500,2499,2500,2499,2500,2500,2499,2500,2499,4.761904716491699,100,0,0,0,0,0,0,0,0,0,0,0,0,0,0,38690.2998046875,122144.29620361328,0,404327403520,8589930496,5222162432,114688
9,1791553917491,2500,2499,2499,2499,2500,2500,2500,2500,2499,2500,2499,2500,2500,2499,2500,2499,4.761904716491699,100,0,0,0,0,0,0,0,0,0,0,0,0,0,0,38690.502868652344,122144.65551757813,0,404327403520,8589930496,5222162432,114688
10,1791553917501,2500,2499,2499,2499,2500,2500,2500,2500,2499,2500,2499,2500,2500,2499,2500,2499,4.761904716491699,100,0,0,0,0,0,0,0,0,0,0,0,0,0,0,38690.72607421875,122145.1303100586,0,404327403520,8589930496,5222162432,114688
10,1791553917511,2500,2499,2499,2499,2500,2500,2500,2500,2499,2500,2499,2500,2500,2499,2500,2499,4.761904716491699,100,0,0,0,0,0,0,0,0,0,0,0,0,0,0,38690.912170410156,122145.5302734375,0,404327403520,8589930496,5222162432,114688
10,1791553917521,2500,2499,2499,2499,2500,2500,2500,2500,2499,2500,2499,2500,2500,2499,2500,2499,4.761904716491699,100,0,0,0,0,0,0,0,0,0,0,0,0,0,0,38691.086853027344,122145.90533447266,0,404327403520,8589930496,5222162432,114688
10,1791553917531,2500,2499,2499,2499,2500,2500,2500,2500,2499,2500,2499,2500,2500,2499,2500,2499,4.761904716491699,100,0,0,0,0,0,0,0,0,0,0,0,0,0,0,38691.23913574219,122146.28308105469,0,404327403520,8589930496,5222162432,114688
10,1791553917541,2500,2499,2499,2499,2500,2500,2500,2500,2499,2500,2499,2500,2500,2499,2500,2499,4.761904716491699,100,0,0,0,0,0,0,0,0,0,0,0,0,0,0,38691.394958496094,122146.62384033203,0,404327403520,8589930496,5222162432,114688
10,1791553917552,2500,2499,2499,2499,2500,2500,2500,2500,2499,2500,2499,2500,2500,2499,2500,2499,4.761904716491699,100,0,0,0,0,0,0,0,0,0,0,0,0,0,0,38691.547912597656,122147.03845214844,0,404327403520,8589930496,5222162432,114688
10,1791553917562,2500,2499,2499,2499,2500,2500,2500,2500,2499,2500,2499,2500,2500,2499,2500,2499,4.761904716491699,100,0,0,0,0,0,0,0,0,0,0,0,0,0,0,38691.70666503906,122147.41564941406,0,404327403520,8589930496,5222162432,114688
10,1791553917572,2500,2499,2499,2499,2500,2500,2500,2500,2499,2500,2499,2500,2500,2499,2500,2499,4.761904716491699,100,0,0,0,0,0,0,0,0,0,0,0,0,0,0,38691.86163330078,122147.7919921875,0,404327403520,8589930496,5223649280,114688
10,1791553917582,2500,2499,2499,2499,2500,2500,2500,2500,2499,2500,2499,2500,2500,2499,2500,2499,4.761904716491699,100,0,0,0,0,0,0,0,0,0,0,0,0,0,0,38692.01416015625,122148.16784667969,0,404327403520,8589930496,5225631744,114688
10,1791553917592,2500,2499,2499,2499,2500,2500,2500,2500,2499,2500,2499,2500,2500,2499,2500,2499,4.761904716491699,100,0,0,0,0,0,0,0,0,0,0,0,0,0,0,38692.171630859375,122148.54553222656,0,404327403520,8589930496,5230092288,114688
10,1791553917602,2500,2499,2499,2499,2500,2500,2500,2500,2499,2500,2499,2500,2500,2499,2500,2499,4.761904716491699,100,0,0,0,0,0,0,0,0,0,0,0,0,0,0,38692.3271484375,122148.9224243164,0,404327403520,8589930496,5230092288,114688
10,1791553917612,2500,2499,2499,2499,2500,2500,2500,2500,2499,2500,2499,2500,2500,2499,2500,2499,4.761904716491699,100,0,0,0,0,0,0,0,0,0,0,0,0,0,0,38692.482971191406,122149.29998779297,0,404327403520,8589930496,5238022144,114688
10,1791553917622,2500,2499,2499,2499,2500,2500,2500,2500,2499,2500,2499,2500,2500,2499,2500,2499,4.761904716491699,100,0,0,0,0,0,0,0,0,0,0,0,0,0,0,38692.63934326172,122149.67791748047,0,404327403520,8589930496,5238022144,114688
10,1791553917632,2500,2499,2499,2499,2500,2500,2500,2500,2499,2500,2499,2500,2500,2499,2500,2499,4.761904716491699,100,0,0,0,0,0,0,0,0,0,0,0,0,0,0,38692.79931640625,122150.05535888672,0,404327403520,8589930496,5238022144,114688
10,1791553917642,2500,2499,2499,2499,2500,2500,2500,2500,2499,2500,2499,2500,2500,2499,2500,2499,0,100,0,0,0,5,0,5.263157844543457,0,0,0,0,0,0,0,0,38692.955322265625,122150.43145751953,0,404327403520,8589930496,5238022144,114688
10,1791553917652,2500,2499,2499,2499,2500,2500,2500,2500,2499,2500,2499,2500,2500,2499,2500,2499,0,100,0,0,0,5,0,5.263157844543457,0,0,0,0,0,0,0,0,38693.11315917969,122150.81005859375,0,404327403520,8589930496,5246447616,114688
10,1791553917662,2500,2499,2499,2499,2500,2500,2500,2500,2499,2500,2499,2500,2500,2499,2500,2499,0,100,0,0,0,5,0,5.263157844543457,0,0,0,0,0,0,0,0,38693.26574707031,122151.18676757813,0,404327403520,8589930496,5246447616,114688
9,1791553917672,2500,2499,2499,2499,2500,2500,2500,2500,2499,2500,2499,2500,2500,2499,2500,2499,0,100,0,0,0,5,0,5.263157844543457,0,0,0,0,0,0,0,0,38693.42156982422,122151.56494140625,0,404327403520,8589930496,5246447616,114688
10,1791553917682,2500,2499,2499,2499,2500,2500,2500,2500,2499,2500,2499,2500,2500,2499,2500,2499,0,100,0,0,0,5,0,5.263157844543457,0,0,0,0,0,0,0,0,38693.57891845703,122151.94274902344,0,404327403520,8589930496,5246447616,114688
10,1791553917692,2500,2499,2499,2499,2500,2500,2500,2500,2499,2500,2499,2500,2500,2499,2500,2499,0,100,0,0,0,5,0,5.263157844543457,0,0,0,0,0,0,0,0,38693.73358154297,122152.3193359375,0,404327403520,8589930496,5246447616,114688
10,1791553917702,2500,2499,2499,2499,2500,2500,2500,2500,2499,2500,2499,2500,2500,2499,2500,2499,0,100,0,0,0,5,0,5.263157844543457,0,0,0,0,0,0,0,0,38693.89080810547,122152.69561767578,0,404327403520,8589930496,5254873088,114688
10,1791553917712,2500,2499,2499,2499,2500,2500,2500,2500,2499,2500,2499,2500,2500,2499,2500,2499,0,100,0,0,0,5,0,5.263157844543457,0,0,0,0,0,0,0,0,38694.06036376953,122153.11157226563,0,404327403520,8589930496,5254873088,114688
10,1791553917723,2500,2499,2499,2499,2500,2500,2500,2500,2499,2500,2499,2500,2500,2499,2500,2499,0,100,0,0,0,5,0,5.263157844543457,0,0,0,0,0,0,0,0,38694.21649169922,122153.48791503906,0,404327403520,8589930496,5254873088,114688
10,1791553917733,2500,2499,2499,2499,2500,2500,2500,2500,2499,2500,2499,2500,2500,2499,2500,2499,0,100,0,0,0,5,0,5.263157844543457,0,0,0,0,0,0,0,0,38694.367919921875,122153.86645507813,0,404327403520,8589930496,5254873088,114688
10,1791553917743,2500,2499,2499,2499,2500,2500,2500,2500,2499,2500,2499,2500,2500,2499,2500,2499,0,100,0,0,0,5,0,5.263157844543457,0,0,0,0,0,0,0,0,38694.521545410156,122154.24346923828,0,404327403520,8589930496,5262802944,114688
10,1791553917753,2500,2499,2499,2499,2500,2500,2500,2500,2499,2500,2499,2500,2500,2499,2500,2499,0,100,0,0,0,5,0,5.263157844543457,0,0,0,0,0,0,0,0,38694.67559814453,122154.62170410156,0,404327403520,8589930496,5262802944,114688
10,1791553917763,2500,2499,2499,2499,2500,2500,2500,2500,2499,2500,2499,2500,2500,2499,2500,2499,0,100,0,0,0,5,0,5.263157844543457,0,0,0,0,0,0,0,0,38694.82702636719,122155.00030517578,0,404327403520,8589930496,5262802944,114688
10,1791553917773,2500,2499,2499,2499,2500,2500,2500,2500,2499,2500,2499,2500,2500,2499,2500,2499,0,100,0,0,0,5,0,5.263157844543457,0,0,0,0,0,0,0,0,38694.97772216797,122155.3734741211,0,404327403520,8589930496,5262802944,114688
10,1791553917783,2500,2499,2499,2499,2500,2500,2500,2500,2499,2500,2499,2500,2500,2499,2500,2499,0,100,0,0,0,5,0,5.263157844543457,0,0,0,0,0,0,0,0,38695.128967285156,122155.75158691406,0,404327403520,8589930496,5262802944,114688
10,1791553917793,2500,2499,2499,2499,2500,2500,2500,2500,2499,2500,2499,2500,2500,2499,2500,2499,0,100,0,0,0,5,0,5.263157844543457,0,0,0,0,0,0,0,0,38695.28405761719,122156.13110351563,0,404327403520,8589930496,5271228416,114688
10,1791553917803,2500,2499,2499,2499,2500,2500,2500,2500,2499,2500,2499,2500,2500,2499,2500,2499,0,100,0,0,0,5,0,5.263157844543457,0,0,0,0,0,0,0,0,38695.435302734375,122156.50573730469,0,404327403520,8589930496,5271228416,114688
9,1791553917813,2500,2499,2499,2499,2500,2500,2500,2500,2499,2500,2499,2500,2500,2499,2500,2499,0,100,0,0,0,5,0,5.263157844543457,0,0,0,0,0,0,0,0,38695.59051513672,122156.88397216797,0,404327403520,8589930496,5271228416,114688
10,1791553917823,2500,2499,2499,2499,2500,2500,2500,2500,2499,2500,2499,2500,2500,2499,2500,2499,0,100,0,0,0,5,0,5.263157844543457,0,0,0,0,0,0,0,0,38695.749084472656,122157.25970458984,0,404327403520,8589930496,5271228416,114688
10,1791553917833,2500,2499,2499,2499,2500,2500,2500,2500,2499,2500,2499,2500,2500,2499,2500,2499,0,100,0,0,0,5,0,5.263157844543457,0,0,0,0,0,0,0,0,38695.90496826172,122157.63623046875,0,404327403520,8589930496,5287583744,114688
10,1791553917843,2500,2499,2499,2499,2500,2500,2500,2500,2499,2500,2499,2500,2500,2499,2500,2499,0,100,0,0,0,0,0,10,0,0,0,0,0,0,0,0,38696.059326171875,122158.01385498047,0,404327403520,8589930496,5287583744,114688
9,1791553917853,2500,2499,2499,2499,2500,2500,2500,2500,2499,2500,2499,2500,2500,2499,2500,2499,0,100,0,0,0,0,0,10,0,0,0,0,0,0,0,0,38696.214111328125,122158.39141845703,0,404327403520,8589930496,5287583744,114688
10,1791553917863,2500,2499,2499,2499,2500,2500,2500,2500,2499,2500,2499,2500,2500,2499,2500,2499,0,100,0,0,0,0,0,10,0,0,0,0,0,0,0,0,38696.37341308594,122158.76763916016,0,404327403520,8589930496,5287583744,114688
10,1791553917873,2500,2499,2499,2499,2500,2500,2500,2500,2499,2500,2499,2500,2500,2499,2500,2499,0,100,0,0,0,0,0,10,0,0,0,0,0,0,0,0,38696.52697753906,122159.14526367188,0,404327403520,8589930496,5296009216,114688
10,1791553917883,2500,2499,2499,2499,2500,2500,2500,2500,2499,2500,2499,2500,2500,2499,2500,2499,0,100,0,0,0,0,0,10,0,0,0,0,0,0,0,0,38696.688415527344,122159.52429199219,0,404327403520,8589930496,5296009216,114688
10,1791553917894,2500,2499,2499,2499,2500,2500,2500,2500,2499,2500,2499,2500,2500,2499,2500,2499,0,100,0,0,0,0,0,10,0,0,0,0,0,0,0,0,38696.84356689453,122159.90069580078,0,404327403520,8589930496,5296009216,114688
10,1791553917904,2500,2499,2499,2499,2500,2500,2500,2500,2499,2500,2499,2500,2500,2499,2500,2499,0,100,0,0,0,0,0,10,0,0,0,0,0,0,0,0,38696.99627685547,122160.27642822266,0,404327403520,8589930496,5296009216,114688
10,1791553917914,2500,2499,2499,2499,2500,2500,2500,2500,2499,2500,2499,2500,2500,2499,2500,2499,0,100,0,0,0,0,0,10,0,0,0,0,0,0,0,0,38697.17266845703,122160.69189453125,0,404327403520,8589930496,5296009216,114688
10,1791553917924,2500,2499,2499,2499,2500,2500,2500,2500,2499,2500,2499,2500,2500,2499,2500,2499,0,100,0,0,0,0,0,10,0,0,0,0,0,0,0,0,38697.32629394531,122161.06982421875,0,404327403520,8589930496,5304434688,114688
10,1791553917934,2500,2499,2499,2499,2500,2500,2500,2500,2499,2500,2499,2500,2500,2499,2500,2499,0,100,0,0,0,0,0,10,0,0,0,0,0,0,0,0,38697.48077392578,122161.44610595703,0,404327403520,8589930496,5304434688,114688
10,1791553917944,2500,2499,2499,2499,2500,2500,2500,2500,2499,2500,2499,2500,2500,2499,2500,2499,0,100,0,0,0,0,0,10,0,0,0,0,0,0,0,0,38697.636779785156,122161.82397460938,0,404327403520,8589930496,5304434688,114688
10,1791553917954,2500,2499,2499,2499,2500,2500,2500,2500,2499,2500,2499,2500,2500,2499,2500,2499,0,100,0,0,0,0,0,10,0,0,0,0,0,0,0,0,38697.794006347656,122162.20147705078,0,404327403520,8589930496,5304434688,114688
10,1791553917964,2500,2499,2499,2499,2500,2500,2500,2500,2499,2500,2499,2500,2500,2499,2500,2499,0,100,0,0,0,0,0,10,0,0,0,0,0,0,0,0,38697.94787597656,122162.58099365234,0,404327403520,8589930496,5312364544,114688
10,1791553917974,2500,2499,2499,2499,2500,2500,2500,2500,2499,2500,2499,2500,2500,2499,2500,2499,0,100,0,0,0,0,0,10,0,0,0,0,0,0,0,0,38698.10168457031,122162.9545288086,0,404327403520,8589930496,5312364544,114688
10,1791553917984,2500,2499,2499,2499,2500,2500,2500,2500,2499,2500,2499,2500,2500,2499,2500,2499,0,100,0,0,0,0,0,10,0,0,0,0,0,0,0,0,38698.255859375,122163.33624267578,0,404327403520,8589930496,5312364544,114688
10,1791553917994,2500,2499,2499,2499,2500,2500,2500,2500,2499,2500,2499,2500,2500,2499,2500,2499,0,100,0,0,0,0,0,10,0,0,0,0,0,0,0,0,38698.41076660156,122163.71398925781,0,404327403520,8589930496,5312364544,114688
10,1791553918004,2500,2499,2499,2499,2500,2500,2500,2500,2499,2500,2499,2500,2500,2499,2500,2499,0,100,0,0,0,0,0,10,0,0,0,0,0,0,0,0,38698.565673828125,122164.09075927734,0,404327403520,8589930496,5312364544,114688
10,1791553918014,2500,2499,2499,2499,2500,2500,2500,2500,2499,2500,2499,2500,2500,2499,2500,2499,0,100,0,0,0,0,0,10,0,0,0,0,0,0,0,0,38698.723693847656,122164.46771240234,0,404327403520,8589930496,5320790016,114688
10,1791553918024,2500,2499,2499,2499,2500,2500,2500,2500,2499,2500,2499,2500,2500,2499,2500,2499,0,100,0,0,0,0,0,10,0,0,0,0,0,0,0,0,38698.87890625,122164.8490600586,0,404327403520,8589930496,5320790016,114688
10,1791553918034,2500,2499,2499,2499,2500,2500,2500,2500,2499,2500,2499,2500,2500,2499,2500,2499,0,100,0,0,0,0,0,10,0,0,0,0,0,0,0,0,38699.03204345703,122165.22198486328,0,404327403520,8589930496,5320790016,114688
10,1791553918044,2500,2499,2499,2499,2500,2500,2500,2500,2499,2500,2499,2500,2500,2499,2500,2499,0,100,0,0,0,0,0,5.263157844543457,0,0,0,0,0,0,5,0,38699.18347167969,122165.59448242188,0,404327403520,8589930496,5320790016,114688
9,1791553918055,2500,2499,2499,2499,2500,2500,2500,2500,2499,2500,2499,2500,2500,2499,2500,2499,0,100,0,0,0,0,0,5.263157844543457,0,0,0,0,0,0,5,0,38699.33526611328,122165.97723388672,0,404327403520,8589930496,5329215488,114688
10,1791553918065,2500,2499,2499,2499,2500,2500,2500,2500,2499,2500,2499,2500,2500,2499,2500,2499,0,100,0,0,0,0,0,5.263157844543457,0,0,0,0,0,0,5,0,38699.485595703125,122166.35369873047,0,404327403520,8589930496,5329215488,114688
10,1791553918075,2500,2499,2499,2499,2500,2500,2500,2500,2499,2500,2499,2500,2500,2499,2500,2499,0,100,0,0,0,0,0,5.263157844543457,0,0,0,0,0,0,5,0,38699.64514160156,122166.72650146484,0,404327403520,8589930496,5329215488,114688
10,1791553918085,2500,2499,2499,2499,2500,2500,2500,2500,2499,2500,2499,2500,2500,2499,2500,2499,0,100,0,0,0,0,0,5.263157844543457,0,0,0,0,0,0,5,0,38699.80206298828,122167.10418701172,0,404327403520,8589930496,5329215488,114688
10,1791553918095,2500,2499,2499,2499,2500,2500,2500,2500,2499,2500,2499,2500,2500,2499,2500,2499,0,100,0,0,0,0,0,5.263157844543457,0,0,0,0,0,0,5,0,38699.954040527344,122167.47778320313,0,404327403520,8589930496,5337145344,114688
10,1791553918105,2500,2499,2499,2499,2500,2500,2500,2500,2499,2500,2499,2500,2500,2499,2500,2499,0,100,0,0,0,0,0,5.263157844543457,0,0,0,0,0,0,5,0,38700.110412597656,122167.85729980469,0,404327403520,8589930496,5337145344,114688
10,1791553918115,2500,2499,2499,2499,2500,2500,2500,2500,2499,2500,2499,2500,2500,2499,2500,2499,0,100,0,0,0,0,0,5.263157844543457,0,0,0,0,0,0,5,0,38700.26678466797,122168.23358154297,0,404327403520,8589930496,5337145344,114688
10,1791553918125,2500,2499,2499,2499,2500,2500,2500,2500,2499,2500,2499,2500,2500,2499,2500,2499,0,100,0,0,0,0,0,5.263157844543457,0,0,0,0,0,0,5,0,38700.44091796875,122168.64880371094,0,404327403520,8589930496,5328678912,114688
10,1791553918135,2500,2499,2499,2499,2500,2500,2500,2500,2499,2500,2499,2500,2500,2499,2500,2499,0,100,0,0,0,0,0,5.263157844543457,0,0,0,0,0,0,5,0,38700.59436035156,122169.02838134766,0,404327403520,8589930496,5328678912,114688
10,1791553918145,2500,2499,2499,2499,2500,2500,2500,2500,2499,2500,2499,2500,2500,2499,2500,2499,0,100,0,0,0,0,0,5.263157844543457,0,0,0,0,0,0,5,0,38700.749084472656,122169.40563964844,0,404327403520,8589930496,5336608768,114688
9,1791553918155,2500,2499,2499,2499,2500,2500,2500,2500,2499,2500,2499,2500,2500,2499,2500,2499,0,100,0,0,0,0,0,5.263157844543457,0,0,0,0,0,0,5,0,38700.907287597656,122169.78137207031,0,404327403520,8589930496,5336608768,114688
10,1791553918165,2500,2499,2499,2499,2500,2500,2500,2500,2499,2500,2499,2500,2500,2499,2500,2499,0,100,0,0,0,0,0,5.263157844543457,0,0,0,0,0,0,5,0,38701.06219482422,122170.15808105469,0,404327403520,8589930496,5336608768,114688
10,1791553918175,2500,2499,2499,2499,2500,2500,2500,2500,2499,2500,2499,2500,2500,2499,2500,2499,0,100,0,0,0,0,0,5.263157844543457,0,0,0,0,0,0,5,0,38701.21862792969,122170.53479003906,0,404327403520,8589930496,5336608768,114688
10,1791553918185,2500,2499,2499,2499,2500,2500,2500,2500,2499,2500,2499,2500,2500,2499,2500,2499,0,100,0,0,0,0,0,5.263157844543457,0,0,0,0,0,0,5,0,38701.36883544922,122170.91314697266,0,404327403520,8589930496,5345034240,114688
10,1791553918195,2500,2499,2499,2499,2500,2500,2500,2500,2499,2500,2499,2500,2500,2499,2500,2499,0,100,0,0,0,0,0,5.263157844543457,0,0,0,0,0,0,5,0,38701.527770996094,122171.28967285156,0,404327403520,8589930496,5345034240,114688
10,1791553918205,2500,2499,2499,2499,2500,2500,2500,2500,2499,2500,2499,2500,2500,2499,2500,2499,0,100,0,0,0,0,0,5.263157844543457,0,0,0,0,0,0,5,0,38701.687072753906,122171.66674804688,0,404327403520,8589930496,5345034240,114688
10,1791553918215,2500,2499,2499,2499,2500,2500,2500,2500,2499,2500,2499,2500,2500,2499,2500,2499,0,100,0,0,0,0,0,5.263157844543457,0,0,0,0,0,0,5,0,38701.839111328125,122172.04425048828,0,404327403520,8589930496,5345034240,114688
10,1791553918225,2500,2499,2499,2499,2500,2500,2500,2500,2499,2500,2499,2500,2500,2499,2500,2499,0,100,0,0,0,0,0,5.263157844543457,0,0,0,0,0,0,5,0,38701.99591064453,122172.42156982422,0,404327403520,8589930496,5345034240,114688
9,1791553918236,2500,2499,2499,2499,2500,2500,2500,2500,2499,2500,2499,2500,2500,2499,2500,2499,0,100,0,0,0,0,0,5.263157844543457,0,0,0,0,0,0,5,0,38702.155029296875,122172.79949951172,0,404327403520,8589930496,5352964096,114688
10,1791553918246,2500,2499,2499,2499,2500,2500,2500,2500,2499,2500,2499,2500,2500,2499,2500,2499,0,100,0,0,0,0,0,10.526315689086914,0,0,0,0,4.761904716491699,0,0,0,38702.309143066406,122173.17651367188,0,404327403520,8589930496,5352964096,114688
10,1791553918256,2500,2499,2499,2499,2500,2500,2500,2500,2499,2500,2499,2500,2500,2499,2500,2499,0,100,0,0,0,0,0,10.526315689086914,0,0,0,0,4.761904716491699,0,0,0,38702.4609375,122173.55456542969,0,404327403520,8589930496,5352964096,114688
10,1791553918266,2500,2499,2499,2499,2500,2500,2500,2500,2499,2500,2499,2500,2500,2499,2500,2499,0,100,0,0,0,0,0,10.526315689086914,0,0,0,0,4.761904716491699,0,0,0,38702.614196777344,122173.93127441406,0,404327403520,8589930496,5352964096,114688
10,1791553918276,2500,2499,2499,2499,2500,2500,2500,2500,2499,2500,2499,2500,2500,2499,2500,2499,0,100,0,0,0,0,0,10.526315689086914,0,0,0,0,4.761904716491699,0,0,0,38702.766052246094,122174.30981445313,0,404327403520,8589930496,5361389568,114688
10,1791553918286,2500,2499,2499,2499,2500,2500,2500,2500,2499,2500,2499,2500,2500,2499,2500,2499,0,100,0,0,0,0,0,10.526315689086914,0,0,0,0,4.761904716491699,0,0,0,38702.92645263672,122174.68585205078,0,404327403520,8589930496,5361389568,114688
10,1791553918296,2500,2499,2499,2499,2500,2500,2500,2500,2499,2500,2499,2500,2500,2499,2500,2499,0,100,0,0,0,0,0,10.526315689086914,0,0,0,0,4.761904716491699,0,0,0,38703.08264160156,122175.06439208984,0,404327403520,8589930496,5361389568,114688
10,1791553918306,2500,2499,2499,2499,2500,2500,2500,2500,2499,2500,2499,2500,2500,2499,2500,2499,0,100,0,0,0,0,0,10.526315689086914,0,0,0,0,4.761904716491699,0,0,0,38703.23828125,122175.44219970703,0,404327403520,8589930496,5361389568,114688
10,1791553918316,2500,2499,2499,2499,2500,2500,2500,2500,2499,2500,2499,2500,2500,2499,2500,2499,0,100,0,0,0,0,0,10.526315689086914,0,0,0,0,4.761904716491699,0,0,0,38703.396545410156,122175.82019042969,0,404327403520,8589930496,5361389568,114688
9,1791553918326,2500,2499,2499,2499,2500,2500,2500,2500,2499,2500,2499,2500,2500,2499,2500,2499,0,100,0,0,0,0,0,10.526315689086914,0,0,0,0,4.761904716491699,0,0,0,38703.56671142578,122176.23547363281,0,404327403520,8589930496,5369815040,114688
10,1791553918336,2500,2499,2499,2499,2500,2500,2500,2500,2499,2500,2499,2500,2500,2499,2500,2499,0,100,0,0,0,0,0,10.526315689086914,0,0,0,0,4.761904716491699,0,0,0,38703.720764160156,122176.61431884766,0,404327403520,8589930496,5369815040,114688
10,1791553918346,2500,2499,2499,2499,2500,2500,2500,2500,2499,2500,2499,2500,2500,2499,2500,2499,0,100,0,0,0,0,0,10.526315689086914,0,0,0,0,4.761904716491699,0,0,0,38703.875915527344,122176.990234375,0,404327403520,8589930496,5369815040,114688
10,1791553918356,2500,2499,2499,2499,2500,2500,2500,2500,2499,2500,2499,2500,2500,2499,2500,2499,0,100,0,0,0,0,0,10.526315689086914,0,0,0,0,4.761904716491699,0,0,0,38704.03503417969,122177.36657714844,0,404327403520,8589930496,5369815040,114688
10,1791553918366,2500,2499,2499,2499,2500,2500,2500,2500,2499,2500,2499,2500,2500,2499,2500,2499,0,100,0,0,0,0,0,10.526315689086914,0,0,0,0,4.761904716491699,0,0,0,38704.19384765625,122177.74444580078,0,404327403520,8589930496,5377744896,114688
10,1791553918376,2500,2499,2499,2499,2500,2500,2500,2500,2499,2500,2499,2500,2500,2499,2500,2499,0,100,0,0,0,0,0,10.526315689086914,0,0,0,0,4.761904716491699,0,0,0,38704.35192871094,122178.12097167969,0,404327403520,8589930496,5377744896,114688
10,1791553918386,2500,2499,2499,2499,2500,2500,2500,2500,2499,2500,2499,2500,2500,2499,2500,2499,0,100,0,0,0,0,0,10.526315689086914,0,0,0,0,4.761904716491699,0,0,0,38704.505310058594,122178.4990234375,0,404327403520,8589930496,5377744896,114688
9,1791553918396,2500,2499,2499,2499,2500,2500,2500,2500,2499,2500,2499,2500,2500,2499,2500,2499,0,100,0,0,0,0,0,10.526315689086914,0,0,0,0,4.761904716491699,0,0,0,38704.663635253906,122178.87719726563,0,404327403520,8589930496,5377744896,114688
10,1791553918407,2500,2499,2499,2499,2500,2500,2500,2500,2499,2500,2499,2500,2500,2499,2500,2499,0,100,0,0,0,0,0,10.526315689086914,0,0,0,0,4.761904716491699,0,0,0,38704.82092285156,122179.25793457031,0,404327403520,8589930496,5386170368,114688
10,1791553918417,2500,2499,2499,2499,2500,2500,2500,2500,2499,2500,2499,2500,2500,2499,2500,2499,0,100,0,0,0,0,0,10.526315689086914,0,0,0,0,4.761904716491699,0,0,0,38704.971618652344,122179.63165283203,0,404327403520,8589930496,5386170368,114688
10,1791553918427,2500,2499,2499,2499,2500,2500,2500,2500,2499,2500,2499,2500,2500,2499,2500,2499,0,100,0,0,0,0,0,10.526315689086914,0,0,0,0,4.761904716491699,0,0,0,38705.12121582031,122180.0101928711,0,404327403520,8589930496,5386170368,114688
10,1791553918437,2500,2499,2499,2499,2500,2500,2500,2500,2499,2500,2499,2500,2500,2499,2500,2499,0,100,0,0,0,0,0,10.526315689086914,0,0,0,0,4.761904716491699,0,0,0,38705.27526855469,122180.38745117188,0,404327403520,8589930496,5386170368,114688
10,1791553918447,2500,2499,2499,2499,2500,2500,2500,2500,2499,2500,2499,2500,2500,2499,2500,2499,5,100,0,0,0,0,0,0,5,0,0,0,0,0,5,0,38705.427978515625,122180.76495361328,0,404327403520,8589930496,5386170368,114688
10,1791553918457,2500,2499,2499,2499,2500,2500,2500,2500,2499,2500,2499,2500,2500,2499,2500,2499,5,100,0,0,0,0,0,0,5,0,0,0,0,0,5,0,38705.581787109375,122181.1431274414,0,404327403520,8589930496,5394595840,114688
10,1791553918467,2500,2499,2499,2499,2500,2500,2500,2500,2499,2500,2499,2500,2500,2499,2500,2499,5,100,0,0,0,0,0,0,5,0,0,0,0,0,5,0,38705.73760986328,122181.5224609375,0,404327403520,8589930496,5394595840,114688
10,1791553918477,2500,2499,2499,2499,2500,2500,2500,2500,2499,2500,2499,2500,2500,2499,2500,2499,5,100,0,0,0,0,0,0,5,0,0,0,0,0,5,0,38705.89471435547,122181.89666748047,0,404327403520,8589930496,5394595840,114688
10,1791553918487,2500,2499,2499,2499,2500,2500,2500,2500,2499,2500,2499,2500,2500,2499,2500,2499,5,100,0,0,0,0,0,0,5,0,0,0,0,0,5,0,38706.04797363281,122182.2748413086,0,404327403520,8589930496,5394595840,114688
9,1791553918497,2500,2499,2499,2499,2500,2500,2500,2500,2499,2500,2499,2500,2500,2499,2500,2499,5,100,0,0,0,0,0,0,5,0,0,0,0,0,5,0,38706.20489501953,122182.6528930664,0,404327403520,8589930496,5402525696,114688
10,1791553918507,2500,2499,2499,2499,2500,2500,2500,2500,2499,2500,2499,2500,2500,2499,2500,2499,5,100,0,0,0,0,0,0,5,0,0,0,0,0,5,0,38706.359619140625,122183.02996826172,0,404327403520,8589930496,5402525696,114688
10,1791553918517,2500,2499,2499,2499,2500,2500,2500,2500,2499,2500,2499,2500,2500,2499,2500,2499,5,100,0,0,0,0,0,0,5,0,0,0,0,0,5,0,38706.51599121094,122183.40625,0,404327403520,8589930496,5402525696,114688
10,1791553918527,2500,2499,2499,2499,2500,2500,2500,2500,2499,2500,2499,2500,2500,2499,2500,2499,5,100,0,0,0,0,0,0,5,0,0,0,0,0,5,0,38706.681640625,122183.82049560547,0,404327403520,8589930496,5402525696,114688
10,1791553918537,2500,2499,2499,2499,2500,2500,2500,2500,2499,2500,2499,2500,2500,2499,2500,2499,5,100,0,0,0,0,0,0,5,0,0,0,0,0,5,0,38706.83044433594,122184.19989013672,0,404327403520,8589930496,5402525696,114688
10,1791553918547,2500,2499,2499,2499,2500,2500,2500,2500,2499,2500,2499,2500,2500,2499,2500,2499,5,100,0,0,0,0,0,0,5,0,0,0,0,0,5,0,38706.98229980469,122184.57586669922,0,404327403520,8589930496,5410951168,114688
10,1791553918557,2500,2499,2499,2499,2500,2500,2500,2500,2499,2500,2499,2500,2500,2499,2500,2499,5,100,0,0,0,0,0,0,5,0,0,0,0,0,5,0,38707.13916015625,122184.95013427734,0,404327403520,8589930496,5410951168,114688
10,1791553918567,2500,2499,2499,2499,2500,2500,2500,2500,2499,2500,2499,2500,2500,2499,2500,2499,5,100,0,0,0,0,0,0,5,0,0,0,0,0,5,0,38707.29333496094,122185.32708740234,0,404327403520,8589930496,5410951168,114688
10,1791553918578,2500,2499,2499,2499,2500,2500,2500,2500,2499,2500,2499,2500,2500,2499,2500,2499,5,100,0,0,0,0,0,0,5,0,0,0,0,0,5,0,38707.45422363281,122185.70202636719,0,404327403520,8589930496,5410951168,114688
9,1791553918588,2500,2499,2499,2499,2500,2500,2500,2500,2499,2500,2499,2500,2500,2499,2500,2499,5,100,0,0,0,0,0,0,5,0,0,0,0,0,5,0,38707.61151123047,122186.07958984375,0,404327403520,8589930496,5419376640,114688
10,1791553918598,2500,2499,2499,2499,2500,2500,2500,2500,2499,2500,2499,2500,2500,2499,2500,2499,5,100,0,0,0,0,0,0,5,0,0,0,0,0,5,0,38707.76544189453,122186.45764160156,0,404327403520,8589930496,5419376640,114688
10,1791553918608,2500,2499,2499,2499,2500,2500,2500,2500,2499,2500,2499,2500,2500,2499,2500,2499,5,100,0,0,0,0,0,0,5,0,0,0,0,0,5,0,38707.91815185547,122186.83227539063,0,404327403520,8589930496,5419376640,114688
10,1791553918618,2500,2499,2499,2499,2500,2500,2500,2500,2499,2500,2499,2500,2500,2499,2500,2499,5,100,0,0,0,0,0,0,5,0,0,0,0,0,5,0,38708.073181152344,122187.20819091797,0,404327403520,8589930496,5419376640,114688
10,1791553918628,2500,2499,2499,2499,2500,2500,2500,2500,2499,2500,2499,2500,2500,2499,2500,2499,5,100,0,0,0,0,0,0,5,0,0,0,0,0,5,0,38708.232482910156,122187.5859375,0,404327403520,8589930496,5427306496,114688
10,1791553918638,2500,2499,2499,2499,2500,2500,2500,2500,2499,2500,2499,2500,2500,2499,2500,2499,5,100,0,0,0,0,0,0,5,0,0,0,0,0,5,0,38708.384826660156,122187.96252441406,0,404327403520,8589930496,5427306496,114688
10,1791553918648,2500,2499,2499,2499,2500,2500,2500,2500,2499,2500,2499,2500,2500,2499,2500,2499,5,100,0,0,0,0,0,10.526315689086914,0,5,0,0,0,0,0,0,38708.538024902344,122188.33947753906,0,404327403520,8589930496,5427306496,114688
10,1791553918658,2500,2499,2499,2499,2500,2500,2500,2500,2499,2500,2499,2500,2500,2499,2500,2499,5,100,0,0,0,0,0,10.526315689086914,0,5,0,0,0,0,0,0,38708.6904296875,122188.71826171875,0,404327403520,8589930496,5427306496,114688
9,1791553918668,2500,2499,2499,2499,2500,2500,2500,2500,2499,2500,2499,2500,2500,2499,2500,2499,5,100,0,0,0,0,0,10.526315689086914,0,5,0,0,0,0,0,0,38708.84875488281,122189.09790039063,0,404327403520,8589930496,5427306496,114688
10,1791553918678,2500,2499,2499,2499,2500,2500,2500,2500,2499,2500,2499,2500,2500,2499,2500,2499,5,100,0,0,0,0,0,10.526315689086914,0,5,0,0,0,0,0,0,38709.01770019531,122189.47204589844,0,404327403520,8589930496,5435731968,114688
10,1791553918688,2500,2499,2499,2499,2500,2500,2500,2500,2499,2500,2499,2500,2500,2499,2500,2499,5,100,0,0,0,0,0,10.526315689086914,0,5,0,0,0,0,0,0,38709.172424316406,122189.849609375,0,404327403520,8589930496,5435731968,114688
10,1791553918698,2500,2499,2499,2499,2500,2500,2500,2500,2499,2500,2499,2500,2500,2499,2500,2499,5,100,0,0,0,0,0,10.526315689086914,0,5,0,0,0,0,0,0,38709.327087402344,122190.22875976563,0,404327403520,8589930496,5435731968,114688
10,1791553918708,2500,2499,2499,2499,2500,2500,2500,2500,2499,2500,2499,2500,2500,2499,2500,2499,5,100,0,0,0,0,0,10.526315689086914,0,5,0,0,0,0,0,0,38709.48077392578,122190.60498046875,0,404327403520,8589930496,5435731968,114688
10,1791553918718,2500,2499,2499,2499,2500,2500,2500,2500,2499,2500,2499,2500,2500,2499,2500,2499,5,100,0,0,0,0,0,10.526315689086914,0,5,0,0,0,0,0,0,38709.636779785156,122190.9819946289,0,404327403520,8589930496,5435731968,114688
10,1791553918728,2500,2499,2499,2499,2500,2500,2500,2500,2499,2500,2499,2500,2500,2499,2500,2499,5,100,0,0,0,0,0,10.526315689086914,0,5,0,0,0,0,0,0,38709.80651855469,122191.39794921875,0,404327403520,8589930496,5444157440,114688
9,1791553918739,2500,2499,2499,2499,2500,2500,2500,2500,2499,2500,2499,2500,2500,2499,2500,2499,5,100,0,0,0,0,0,10.526315689086914,0,5,0,0,0,0,0,0,38709.95977783203,122191.7728881836,0,404327403520,8589930496,5444157440,114688
10,1791553918749,2500,2499,2499,2499,2500,2500,2500,2500,2499,2500,2499,2500,2500,2499,2500,2499,5,100,0,0,0,0,0,10.526315689086914,0,5,0,0,0,0,0,0,38710.11486816406,122192.1499633789,0,404327403520,8589930496,5444157440,114688
10,1791553918759,2500,2499,2499,2499,2500,2500,2500,2500,2499,2500,2499,2500,2500,2499,2500,2499,5,100,0,0,0,0,0,10.526315689086914,0,5,0,0,0,0,0,0,38710.26940917969,122192.52709960938,0,404327403520,8589930496,5444157440,114688
9,1791553918769,2500,2499,2499,2499,2500,2500,2500,2500,2499,2500,2499,2500,2500,2499,2500,2499,5,100,0,0,0,0,0,10.526315689086914,0,5,0,0,0,0,0,0,38710.428649902344,122192.90258789063,0,404327403520,8589930496,5452087296,114688
9,1791553918779,2500,2499,2499,2499,2500,2500,2500,2500,2499,2500,2499,2500,2500,2499,2500,2499,5,100,0,0,0,0,0,10.526315689086914,0,5,0,0,0,0,0,0,38710.583557128906,122193.27899169922,0,404327403520,8589930496,5452087296,114688
10,1791553918789,2500,2499,2499,2499,2500,2500,2500,2500,2499,2500,2499,2500,2500,2499,2500,2499,5,100,0,0,0,0,0,10.526315689086914,0,5,0,0,0,0,0,0,38710.73205566406,122193.65643310547,0,404327403520,8589930496,5452087296,114688
10,1791553918799,2500,2499,2499,2499,2500,2500,2500,2500,2499,2500,2499,2500,2500,2499,2500,2499,5,100,0,0,0,0,0,10.526315689086914,0,5,0,0,0,0,0,0,38710.88836669922,122194.0355834961,0,404327403520,8589930496,5452087296,114688
10,1791553918809,2500,2499,2499,2499,2500,2500,2500,2500,2499,2500,2499,2500,2500,2499,2500,2499,5,100,0,0,0,0,0,10.526315689086914,0,5,0,0,0,0,0,0,38711.038146972656,122194.41052246094,0,404327403520,8589930496,5452087296,114688
10,1791553918819,2500,2499,2499,2499,2500,2500,2500,2500,2499,2500,2499,2500,2500,2499,2500,2499,5,100,0,0,0,0,0,10.526315689086914,0,5,0,0,0,0,0,0,38711.1943359375,122194.78814697266,0,404327403520,8589930496,5460512768,114688
10,1791553918829,2500,2499,2499,2499,2500,2500,2500,2500,2499,2500,2499,2500,2500,2499,2500,2499,5,100,0,0,0,0,0,10.526315689086914,0,5,0,0,0,0,0,0,38711.349609375,122195.16564941406,0,404327403520,8589930496,5460512768,114688
9,1791553918839,2500,2499,2499,2499,2500,2500,2500,2500,2499,2500,2499,2500,2500,2499,2500,2499,5,100,0,0,0,0,0,10.526315689086914,0,5,0,0,0,0,0,0,38711.503967285156,122195.5443725586,0,404327403520,8589930496,5460512768,114688
10,1791553918849,2500,2499,2499,2499,2500,2500,2500,2500,2499,2500,2499,2500,2500,2499,2500,2499,0,100,0,0,0,0,5,10,4.761904716491699,0,0,0,5,0,0,0,38711.65948486328,122195.92010498047,0,404327403520,8589930496,5460512768,114688
10,1791553918859,2500,2499,2499,2499,2500,2500,2500,2500,2499,2500,2499,2500,2500,2499,2500,2499,0,100,0,0,0,0,5,10,4.761904716491699,0,0,0,5,0,0,0,38711.81091308594,122196.29516601563,0,404327403520,8589930496,5468938240,114688
10,1791553918869,2500,2499,2499,2499,2500,2500,2500,2500,2499,2500,2499,2500,2500,2499,2500,2499,0,100,0,0,0,0,5,10,4.761904716491699,0,0,0,5,0,0,0,38711.961975097656,122196.67370605469,0,404327403520,8589930496,5468938240,114688
10,1791553918879,2500,2499,2499,2499,2500,2500,2500,2500,2499,2500,2499,2500,2500,2499,2500,2499,0,100,0,0,0,0,5,10,4.761904716491699,0,0,0,5,0,0,0,38712.11657714844,122197.05072021484,0,404327403520,8589930496,5468938240,114688
10,1791553918889,2500,2499,2499,2499,2500,2500,2500,2500,2499,2500,2499,2500,2500,2499,2500,2499,0,100,0,0,0,0,5,10,4.761904716491699,0,0,0,5,0,0,0,38712.267639160156,122197.42901611328,0,404327403520,8589930496,5468938240,114688
10,1791553918899,2500,2499,2499,2499,2500,2500,2500,2500,2499,2500,2499,2500,2500,2499,2500,2499,0,100,0,0,0,0,5,10,4.761904716491699,0,0,0,5,0,0,0,38712.41778564453,122197.80535888672,0,404327403520,8589930496,5476868096,114688
10,1791553918909,2500,2499,2499,2499,2500,2500,2500,2500,2499,2500,2499,2500,2500,2499,2500,2499,0,100,0,0,0,0,5,10,4.761904716491699,0,0,0,5,0,0,0,38712.566833496094,122198.18231201172,0,404327403520,8589930496,5476868096,114688
10,1791553918920,2500,2499,2499,2499,2500,2500,2500,2500,2499,2500,2499,2500,2500,2499,2500,2499,0,100,0,0,0,0,5,10,4.761904716491699,0,0,0,5,0,0,0,38712.72247314453,122198.56201171875,0,404327403520,8589930496,5476868096,114688
10,1791553918930,2500,2499,2499,2499,2500,2500,2500,2500,2499,2500,2499,2500,2500,2499,2500,2499,0,100,0,0,0,0,5,10,4.761904716491699,0,0,0,5,0,0,0,38712.893493652344,122198.97607421875,0,404327403520,8589930496,5476868096,114688
10,1791553918940,2500,2499,2499,2499,2500,2500,2500,2500,2499,2500,2499,2500,2500,2499,2500,2499,0,100,0,0,0,0,5,10,4.761904716491699,0,0,0,5,0,0,0,38713.04620361328,122199.3511352539,0,404327403520,8589930496,5476868096,114688
9,1791553918950,2500,2499,2499,2499,2500,2500,2500,2500,2499,2500,2499,2500,2500,2499,2500,2499,0,100,0,0,0,0,5,10,4.761904716491699,0,0,0,5,0,0,0,38713.199279785156,122199.72869873047,0,404327403520,8589930496,5485293568,114688
10,1791553918960,2500,2499,2499,2499,2500,2500,2500,2500,2499,2500,2499,2500,2500,2499,2500,2499,0,100,0,0,0,0,5,10,4.761904716491699,0,0,0,5,0,0,0,38713.35333251953,122200.10766601563,0,404327403520,8589930496,5485293568,114688
10,1791553918970,2500,2499,2499,2499,2500,2500,2500,2500,2499,2500,2499,2500,2500,2499,2500,2499,0,100,0,0,0,0,5,10,4.761904716491699,0,0,0,5,0,0,0,38713.51141357422,122200.48272705078,0,404327403520,8589930496,5485293568,114688
10,1791553918980,2500,2499,2499,2499,2500,2500,2500,2500,2499,2500,2499,2500,2500,2499,2500,2499,0,100,0,0,0,0,5,10,4.761904716491699,0,0,0,5,0,0,0,38713.66632080078,122200.86010742188,0,404327403520,8589930496,5485293568,114688
10,1791553918990,2500,2499,2499,2499,2500,2500,2500,2500,2499,2500,2499,2500,2500,2499,2500,2499,0,100,0,0,0,0,5,10,4.761904716491699,0,0,0,5,0,0,0,38713.81719970703,122201.24200439453,0,404327403520,8589930496,5493719040,114688
10,1791553919000,2500,2499,2499,2499,2500,2500,2500,2500,2499,2500,2499,2500,2500,2499,2500,2499,0,100,0,0,0,0,5,10,4.761904716491699,0,0,0,5,0,0,0,38713.97198486328,122201.62042236328,0,404327403520,8589930496,5493719040,114688
10,1791553919010,2500,2499,2499,2499,2500,2500,2500,2500,2499,2500,2499,2500,2500,2499,2500,2499,0,100,0,0,0,0,5,10,4.761904716491699,0,0,0,5,0,0,0,38714.12854003906,122201.99877929688,0,404327403520,8589930496,5493719040,114688
10,1791553919020,2500,2499,2499,2499,2500,2500,2500,2500,2499,2500,2499,2500,2500,2499,2500,2499,0,100,0,0,0,0,5,10,4.761904716491699,0,0,0,5,0,0,0,38714.278564453125,122202.37310791016,0,404327403520,8589930496,5493719040,114688
10,1791553919030,2500,2499,2499,2499,2500,2500,2500,2500,2499,2500,2499,2500,2500,2499,2500,2499,0,100,0,0,0,0,5,10,4.761904716491699,0,0,0,5,0,0,0,38714.432556152344,122202.74700927734,0,404327403520,8589930496,5493719040,114688
10,1791553919040,2500,2499,2499,2499,2500,2500,2500,2500,2499,2500,2499,2500,2500,2499,2500,2499,0,100,0,0,0,0,5,10,4.761904716491699,0,0,0,5,0,0,0,38714.580017089844,122203.12756347656,0,404327403520,8589930496,5501648896,114688
10,1791553919050,2500,2499,2499,2499,2500,2500,2500,2500,2499,2500,2499,2500,2500,2499,2500,2499,0,100,0,0,0,0,0,5.263157844543457,0,0,0,0,0,0,0,5,38714.73309326172,122203.50744628906,0,404327403520,8589930496,5501648896,114688
10,1791553919060,2500,2499,2499,2499,2500,2500,2500,2500,2499,2500,2499,2500,2500,2499,2500,2499,0,100,0,0,0,0,0,5.263157844543457,0,0,0,0,0,0,0,5,38714.886169433594,122203.87878417969,0,404327403520,8589930496,5501648896,114688
10,1791553919070,2500,2499,2499,2499,2500,2500,2500,2500,2499,2500,2499,2500,2500,2499,2500,2499,0,100,0,0,0,0,0,5.263157844543457,0,0,0,0,0,0,0,5,38715.03826904297,122204.25396728516,0,404327403520,8589930496,5501648896,114688
10,1791553919080,2500,2499,2499,2499,2500,2500,2500,2500,2499,2500,2499,2500,2500,2499,2500,2499,0,100,0,0,0,0,0,5.263157844543457,0,0,0,0,0,0,0,5,38715.191162109375,122204.63464355469,0,404327403520,8589930496,5501300736,114688
10,1791553919091,2500,2499,2499,2499,2500,2500,2500,2500,2499,2500,2499,2500,2500,2499,2500,2499,0,100,0,0,0,0,0,5.263157844543457,0,0,0,0,0,0,0,5,38715.34094238281,122205.01153564453,0,404327403520,8589930496,5501300736,114688
10,1791553919101,2500,2499,2499,2499,2500,2500,2500,2500,2499,2500,2499,2500,2500,2499,2500,2499,0,100,0,0,0,0,0,5.263157844543457,0,0,0,0,0,0,0,5,38715.492919921875,122205.384765625,0,404327403520,8589930496,5501300736,114688
10,1791553919111,2500,2499,2499,2499,2500,2500,2500,2500,2499,2500,2499,2500,2500,2499,2500,2499,0,100,0,0,0,0,0,5.263157844543457,0,0,0,0,0,0,0,5,38715.64630126953,122205.76123046875,0,404327403520,8589930496,5501300736,114688
10,1791553919121,2500,2499,2499,2499,2500,2500,2500,2500,2499,2500,2499,2500,2500,2499,2500,2499,0,100,0,0,0,0,0,5.263157844543457,0,0,0,0,0,0,0,5,38715.80157470703,122206.13720703125,0,404327403520,8589930496,5509726208,114688
9,1791553919131,2500,2499,2499,2499,2500,2500,2500,2500,2499,2500,2499,2500,2500,2499,2500,2499,0,100,0,0,0,0,0,5.263157844543457,0,0,0,0,0,0,0,5,38715.95812988281,122206.51867675781,0,404327403520,8589930496,5509726208,114688
10,1791553919141,2500,2499,2499,2499,2500,2500,2500,2500,2499,2500,2499,2500,2500,2499,2500,2499,0,100,0,0,0,0,0,5.263157844543457,0,0,0,0,0,0,0,5,38716.125061035156,122206.93029785156,0,404327403520,8589930496,5509726208,114688
10,1791553919151,2500,2499,2499,2499,2500,2500,2500,2500,2499,2500,2499,2500,2500,2499,2500,2499,0,100,0,0,0,0,0,5.263157844543457,0,0,0,0,0,0,0,5,38716.280822753906,122207.30932617188,0,404327403520,8589930496,5509054464,114688
10,1791553919161,2500,2499,2499,2499,2500,2500,2500,2500,2499,2500,2499,2500,2500,2499,2500,2499,0,100,0,0,0,0,0,5.263157844543457,0,0,0,0,0,0,0,5,38716.435546875,122207.68646240234,0,404327403520,8589930496,5509054464,114688
10,1791553919171,2500,2499,2499,2499,2500,2500,2500,2500,2499,2500,2499,2500,2500,2499,2500,2499,0,100,0,0,0,0,0,5.263157844543457,0,0,0,0,0,0,0,5,38716.59161376953,122208.0625,0,404327403520,8589930496,5516984320,114688
10,1791553919181,2500,2499,2499,2499,2500,2500,2500,2500,2499,2500,2499,2500,2500,2499,2500,2499,0,100,0,0,0,0,0,5.263157844543457,0,0,0,0,0,0,0,5,38716.745849609375,122208.44207763672,0,404327403520,8589930496,5516984320,114688
10,1791553919191,2500,2499,2499,2499,2500,2500,2500,2500,2499,2500,2499,2500,2500,2499,2500,2499,0,100,0,0,0,0,0,5.263157844543457,0,0,0,0,0,0,0,5,38716.898376464844,122208.81634521484,0,404327403520,8589930496,5516984320,114688
10,1791553919201,2500,2499,2499,2499,2500,2500,2500,2500,2499,2500,2499,2500,2500,2499,2500,2499,0,100,0,0,0,0,0,5.263157844543457,0,0,0,0,0,0,0,5,38717.052795410156,122209.19287109375,0,404327403520,8589930496,5516984320,114688
10,1791553919211,2500,2499,2499,2499,2500,2500,2500,2500,2499,2500,2499,2500,2500,2499,2500,2499,0,100,0,0,0,0,0,5.263157844543457,0,0,0,0,0,0,0,5,38717.205078125,122209.57122802734,0,404327403520,8589930496,5525409792,114688
10,1791553919221,2500,2499,2499,2499,2500,2500,2500,2500,2499,2500,2499,2500,2500,2499,2500,2499,0,100,0,0,0,0,0,5.263157844543457,0,0,0,0,0,0,0,5,38717.36083984375,122209.94641113281,0,404327403520,8589930496,5525409792,114688
10,1791553919231,2500,2499,2499,2499,2500,2500,2500,2500,2499,2500,2499,2500,2500,2499,2500,2499,0,100,0,0,0,0,0,5.263157844543457,0,0,0,0,0,0,0,5,38717.514709472656,122210.3247680664,0,404327403520,8589930496,5525409792,114688
10,1791553919241,2500,2499,2499,2499,2500,2500,2500,2500,2499,2500,2499,2500,2500,2499,2500,2499,0,100,0,0,0,0,0,5.263157844543457,0,0,0,0,0,0,0,5,38717.670349121094,122210.701171875,0,404327403520,8589930496,5525409792,114688
10,1791553919251,2500,2499,2499,2499,2500,2500,2500,2500,2499,2500,2499,2500,2500,2499,2500,2499,0,100,0,0,0,0,0,5.555555820465088,0,0,0,4.761904716491699,0,4.761904716491699,5,0,38717.82385253906,122211.03887939453,0,404327403520,8589930496,5525409792,114688
10,1791553919262,2500,2499,2499,2499,2500,2500,2500,2500,2499,2500,2499,2500,2500,2499,2500,2499,0,100,0,0,0,0,0,5.555555820465088,0,0,0,4.761904716491699,0,4.761904716491699,5,0,38717.968017578125,122211.45220947266,0,404327403520,8589930496,5533339648,114688
10,1791553919272,2500,2499,2499,2499,2500,2500,2500,2500,2499,2500,2499,2500,2500,2499,2500,2499,0,100,0,0,0,0,0,5.555555820465088,0,0,0,4.761904716491699,0,4.761904716491699,5,0,38718.124938964844,122211.83154296875,0,404327403520,8589930496,5533339648,114688
10,1791553919282,2500,2499,2499,2499,2500,2500,2500,2500,2499,2500,2499,2500,2500,2499,2500,2499,0,100,0,0,0,0,0,5.555555820465088,0,0,0,4.761904716491699,0,4.761904716491699,5,0,38718.28210449219,122212.20806884766,0,404327403520,8589930496,5533339648,114688
10,1791553919292,2500,2499,2499,2499,2500,2500,2500,2500,2499,2500,2499,2500,2500,2499,2500,2499,0,100,0,0,0,0,0,5.555555820465088,0,0,0,4.761904716491699,0,4.761904716491699,5,0,38718.43914794922,122212.58288574219,0,404327403520,8589930496,5533339648,114688
9,1791553919302,2500,2499,2499,2499,2500,2500,2500,2500,2499,2500,2499,2500,2500,2499,2500,2499,0,100,0,0,0,0,0,5.555555820465088,0,0,0,4.761904716491699,0,4.761904716491699,5,0,38718.593505859375,122212.95971679688,0,404327403520,8589930496,5541765120,114688
10,1791553919312,2500,2499,2499,2499,2500,2500,2500,2500,2499,2500,2499,2500,2500,2499,2500,2499,0,100,0,0,0,0,0,5.555555820465088,0,0,0,4.761904716491699,0,4.761904716491699,5,0,38718.75128173828,122213.33715820313,0,404327403520,8589930496,5541765120,114688
10,1791553919322,2500,2499,2499,2499,2500,2500,2500,2500,2499,2500,2499,2500,2500,2499,2500,2499,0,100,0,0,0,0,0,5.555555820465088,0,0,0,4.761904716491699,0,4.761904716491699,5,0,38718.90802001953,122213.71405029297,0,404327403520,8589930496,5541765120,114688
10,1791553919332,2500,2499,2499,2499,2500,2500,2500,2500,2499,2500,2499,2500,2500,2499,2500,2499,0,100,0,0,0,0,0,5.555555820465088,0,0,0,4.761904716491699,0,4.761904716491699,5,0,38719.06506347656,122214.09020996094,0,404327403520,8589930496,5541765120,114688
10,1791553919342,2500,2499,2499,2499,2500,2500,2500,2500,2499,2500,2499,2500,2500,2499,2500,2499,0,100,0,0,0,0,0,5.555555820465088,0,0,0,4.761904716491699,0,4.761904716491699,5,0,38719.21667480469,122214.46887207031,0,404327403520,8589930496,5541765120,114688
10,1791553919352,2500,2499,2499,2499,2500,2500,2500,2500,2499,2500,2499,2500,2500,2499,2500,2499,0,100,0,0,0,0,0,5.555555820465088,0,0,0,4.761904716491699,0,4.761904716491699,5,0,38719.390686035156,122214.88549804688,0,404327403520,8589930496,5550190592,114688
10,1791553919362,2500,2499,2499,2499,2500,2500,2500,2500,2499,2500,2499,2500,2500,2499,2500,2499,0,100,0,0,0,0,0,5.555555820465088,0,0,0,4.761904716491699,0,4.761904716491699,5,0,38719.54748535156,122215.26220703125,0,404327403520,8589930496,5550190592,114688
10,1791553919372,2500,2499,2499,2499,2500,2500,2500,2500,2499,2500,2499,2500,2500,2499,2500,2499,0,100,0,0,0,0,0,5.555555820465088,0,0,0,4.761904716491699,0,4.761904716491699,5,0,38719.697814941406,122215.63940429688,0,404327403520,8589930496,5550190592,114688
10,1791553919382,2500,2499,2499,2499,2500,2500,2500,2500,2499,2500,2499,2500,2500,2499,2500,2499,0,100,0,0,0,0,0,5.555555820465088,0,0,0,4.761904716491699,0,4.761904716491699,5,0,38719.85363769531,122216.01245117188,0,404327403520,8589930496,5550190592,114688
10,1791553919392,2500,2499,2499,2499,2500,2500,2500,2500,2499,2500,2499,2500,2500,2499,2500,2499,0,100,0,0,0,0,0,5.555555820465088,0,0,0,4.761904716491699,0,4.761904716491699,5,0,38720.00891113281,122216.38958740234,0,404327403520,8589930496,5558120448,114688
10,1791553919402,2500,2499,2499,2499,2500,2500,2500,2500,2499,2500,2499,2500,2500,2499,2500,2499,0,100,0,0,0,0,0,5.555555820465088,0,0,0,4.761904716491699,0,4.761904716491699,5,0,38720.163330078125,122216.76794433594,0,404327403520,8589930496,5558120448,114688
10,1791553919412,2500,2499,2499,2499,2500,2500,2500,2500,2499,2500,2499,2500,2500,2499,2500,2499,0,100,0,0,0,0,0,5.555555820465088,0,0,0,4.761904716491699,0,4.761904716491699,5,0,38720.31848144531,122217.14654541016,0,404327403520,8589930496,5558120448,114688
10,1791553919422,2500,2499,2499,2499,2500,2500,2500,2500,2499,2500,2499,2500,2500,2499,2500,2499,0,100,0,0,0,0,0,5.555555820465088,0,0,0,4.761904716491699,0,4.761904716491699,5,0,38720.470458984375,122217.52197265625,0,404327403520,8589930496,5558120448,114688
10,1791553919433,2500,2499,2499,2499,2500,2500,2500,2500,2499,2500,2499,2500,2500,2499,2500,2499,0,100,0,0,0,0,0,5.555555820465088,0,0,0,4.761904716491699,0,4.761904716491699,5,0,38720.62823486328,122217.90014648438,0,404327403520,8589930496,5566545920,114688
10,1791553919443,2500,2499,2499,2499,2500,2500,2500,2500,2499,2500,2499,2500,2500,2499,2500,2499,0,100,0,0,0,0,0,5.555555820465088,0,0,0,4.761904716491699,0,4.761904716491699,5,0,38720.778564453125,122218.27612304688,0,404327403520,8589930496,5566545920,114688
10,1791553919453,2500,2499,2499,2499,2500,2500,2500,2500,2499,2500,2499,2500,2500,2499,2500,2499,5,100,0,0,0,0,0,5.263157844543457,5,0,0,0,0,0,5,0,38720.9267578125,122218.65307617188,0,404327403520,8589930496,5566545920,114688
9,1791553919463,2500,2499,2499,2499,2500,2500,2500,2500,2499,2500,2499,2500,2500,2499,2500,2499,5,100,0,0,0,0,0,5.263157844543457,5,0,0,0,0,0,5,0,38721.08514404297,122219.0316772461,0,404327403520,8589930496,5566545920,114688
10,1791553919473,2500,2499,2499,2499,2500,2500,2500,2500,2499,2500,2499,2500,2500,2499,2500,2499,5,100,0,0,0,0,0,5.263157844543457,5,0,0,0,0,0,5,0,38721.237854003906,122219.40802001953,0,404327403520,8589930496,5566545920,114688
10,1791553919483,2500,2499,2499,2499,2500,2500,2500,2500,2499,2500,2499,2500,2500,2499,2500,2499,5,100,0,0,0,0,0,5.263157844543457,5,0,0,0,0,0,5,0,38721.39074707031,122219.78674316406,0,404327403520,8589930496,5574971392,114688
10,1791553919493,2500,2499,2499,2499,2500,2500,2500,2500,2499,2500,2499,2500,2500,2499,2500,2499,5,100,0,0,0,0,0,5.263157844543457,5,0,0,0,0,0,5,0,38721.541076660156,122220.16143798828,0,404327403520,8589930496,5574971392,114688
10,1791553919503,2500,2499,2499,2499,2500,2500,2500,2500,2499,2500,2499,2500,2500,2499,2500,2499,5,100,0,0,0,0,0,5.263157844543457,5,0,0,0,0,0,5,0,38721.69268798828,122220.53875732422,0,404327403520,8589930496,5574971392,114688
10,1791553919513,2500,2499,2499,2499,2500,2500,2500,2500,2499,2500,2499,2500,2500,2499,2500,2499,5,100,0,0,0,0,0,5.263157844543457,5,0,0,0,0,0,5,0,38721.84686279297,122220.9154663086,0,404327403520,8589930496,5574971392,114688
10,1791553919523,2500,2499,2499,2499,2500,2500,2500,2500,2499,2500,2499,2500,2500,2499,2500,2499,5,100,0,0,0,0,0,5.263157844543457,5,0,0,0,0,0,5,0,38721.997619628906,122221.29217529297,0,404327403520,8589930496,5582901248,114688
10,1791553919533,2500,2499,2499,2499,2500,2500,2500,2500,2499,2500,2499,2500,2500,2499,2500,2499,5,100,0,0,0,0,0,5.263157844543457,5,0,0,0,0,0,5,0,38722.15051269531,122221.66833496094,0,404327403520,8589930496,5582901248,114688
10,1791553919543,2500,2499,2499,2499,2500,2500,2500,2500,2499,2500,2499,2500,2500,2499,2500,2499,5,100,0,0,0,0,0,5.263157844543457,5,0,0,0,0,0,5,0,38722.31823730469,122222.0834350586,0,404327403520,8589930496,5582901248,114688
10,1791553919553,2500,2499,2499,2499,2500,2500,2500,2500,2499,2500,2499,2500,2500,2499,2500,2499,5,100,0,0,0,0,0,5.263157844543457,5,0,0,0,0,0,5,0,38722.472595214844,122222.46032714844,0,404327403520,8589930496,5582901248,114688
10,1791553919563,2500,2499,2499,2499,2500,2500,2500,2500,2499,2500,2499,2500,2500,2499,2500,2499,5,100,0,0,0,0,0,5.263157844543457,5,0,0,0,0,0,5,0,38722.62384033203,122222.83972167969,0,404327403520,8589930496,5582901248,114688
9,1791553919573,2500,2499,2499,2499,2500,2500,2500,2500,2499,2500,2499,2500,2500,2499,2500,2499,5,100,0,0,0,0,0,5.263157844543457,5,0,0,0,0,0,5,0,38722.774353027344,122223.2114868164,0,404327403520,8589930496,5591326720,114688
10,1791553919583,2500,2499,2499,2499,2500,2500,2500,2500,2499,2500,2499,2500,2500,2499,2500,2499,5,100,0,0,0,0,0,5.263157844543457,5,0,0,0,0,0,5,0,38722.927978515625,122223.58978271484,0,404327403520,8589930496,5591326720,114688
10,1791553919593,2500,2499,2499,2499,2500,2500,2500,2500,2499,2500,2499,2500,2500,2499,2500,2499,5,100,0,0,0,0,0,5.263157844543457,5,0,0,0,0,0,5,0,38723.08361816406,122223.96691894531,0,404327403520,8589930496,5591326720,114688
10,1791553919604,2500,2499,2499,2499,2500,2500,2500,2500,2499,2500,2499,2500,2500,2499,2500,2499,5,100,0,0,0,0,0,5.263157844543457,5,0,0,0,0,0,5,0,38723.23876953125,122224.34307861328,0,404327403520,8589930496,5591326720,114688
10,1791553919614,2500,2499,2499,2499,2500,2500,2500,2500,2499,2500,2499,2500,2500,2499,2500,2499,5,100,0,0,0,0,0,5.263157844543457,5,0,0,0,0,0,5,0,38723.391174316406,122224.72009277344,0,404327403520,8589930496,5599752192,114688
10,1791553919624,2500,2499,2499,2499,2500,2500,2500,2500,2499,2500,2499,2500,2500,2499,2500,2499,5,100,0,0,0,0,0,5.263157844543457,5,0,0,0,0,0,5,0,38723.546325683594,122225.0986328125,0,404327403520,8589930496,5599752192,114688
10,1791553919634,2500,2499,2499,2499,2500,2500,2500,2500,2499,2500,2499,2500,2500,2499,2500,2499,5,100,0,0,0,0,0,5.263157844543457,5,0,0,0,0,0,5,0,38723.69738769531,122225.47448730469,0,404327403520,8589930496,5599752192,114688
9,1791553919644,2500,2499,2499,2499,2500,2500,2500,2500,2499,2500,2499,2500,2500,2499,2500,2499,5,100,0,0,0,0,0,5.263157844543457,5,0,0,0,0,0,5,0,38723.851013183594,122225.85089111328,0,404327403520,8589930496,5599752192,114688
10,1791553919654,2500,2499,2499,2499,2500,2500,2500,2500,2499,2500,2499,2500,2500,2499,2500,2499,0,100,0,0,0,0,0,10,0,0,0,0,0,0,0,0,38724.01251220703,122226.22784423828,0,404327403520,8589930496,5607682048,114688
9,1791553919664,2500,2499,2499,2499,2500,2500,2500,2500,2499,2500,2499,2500,2500,2499,2500,2499,0,100,0,0,0,0,0,10,0,0,0,0,0,0,0,0,38724.168701171875,122226.60400390625,0,404327403520,8589930496,5607682048,114688
10,1791553919674,2500,2499,2499,2499,2500,2500,2500,2500,2499,2500,2499,2500,2500,2499,2500,2499,0,100,0,0,0,0,0,10,0,0,0,0,0,0,0,0,38724.32159423828,122226.98364257813,0,404327403520,8589930496,5607682048,114688
10,1791553919684,2500,2499,2499,2499,2500,2500,2500,2500,2499,2500,2499,2500,2500,2499,2500,2499,0,100,0,0,0,0,0,10,0,0,0,0,0,0,0,0,38724.479248046875,122227.35974121094,0,404327403520,8589930496,5607682048,114688
9,1791553919694,2500,2499,2499,2499,2500,2500,2500,2500,2499,2500,2499,2500,2500,2499,2500,2499,0,100,0,0,0,0,0,10,0,0,0,0,0,0,0,0,38724.637451171875,122227.73822021484,0,404327403520,8589930496,5607682048,114688
10,1791553919704,2500,2499,2499,2499,2500,2500,2500,2500,2499,2500,2499,2500,2500,2499,2500,2499,0,100,0,0,0,0,0,10,0,0,0,0,0,0,0,0,38724.79113769531,122228.11608886719,0,404327403520,8589930496,5616107520,114688
10,1791553919714,2500,2499,2499,2499,2500,2500,2500,2500,2499,2500,2499,2500,2500,2499,2500,2499,0,100,0,0,0,0,0,10,0,0,0,0,0,0,0,0,38724.946350097656,122228.49346923828,0,404327403520,8589930496,5616107520,114688
10,1791553919724,2500,2499,2499,2499,2500,2500,2500,2500,2499,2500,2499,2500,2500,2499,2500,2499,0,100,0,0,0,0,0,10,0,0,0,0,0,0,0,0,38725.09851074219,122228.87060546875,0,404327403520,8589930496,5616107520,114688
10,1791553919734,2500,2499,2499,2499,2500,2500,2500,2500,2499,2500,2499,2500,2500,2499,2500,2499,0,100,0,0,0,0,0,10,0,0,0,0,0,0,0,0,38725.25598144531,122229.2476196289,0,404327403520,8589930496,5616107520,114688
10,1791553919744,2500,2499,2499,2499,2500,2500,2500,2500,2499,2500,2499,2500,2500,2499,2500,2499,0,100,0,0,0,0,0,10,0,0,0,0,0,0,0,0,38725.405517578125,122229.62390136719,0,404327403520,8589930496,5624532992,114688
10,1791553919754,2500,2499,2499,2499,2500,2500,2500,2500,2499,2500,2499,2500,2500,2499,2500,2499,0,100,0,0,0,0,0,10,0,0,0,0,0,0,0,0,38725.576171875,122230.03857421875,0,404327403520,8589930496,5624532992,114688
10,1791553919764,2500,2499,2499,2499,2500,2500,2500,2500,2499,2500,2499,2500,2500,2499,2500,2499,0,100,0,0,0,0,0,10,0,0,0,0,0,0,0,0,38725.73162841797,122230.4169921875,0,404327403520,8589930496,5624532992,114688
10,1791553919775,2500,2499,2499,2499,2500,2500,2500,2500,2499,2500,2499,2500,2500,2499,2500,2499,0,100,0,0,0,0,0,10,0,0,0,0,0,0,0,0,38725.88592529297,122230.79364013672,0,404327403520,8589930496,5624532992,114688
10,1791553919785,2500,2499,2499,2499,2500,2500,2500,2500,2499,2500,2499,2500,2500,2499,2500,2499,0,100,0,0,0,0,0,10,0,0,0,0,0,0,0,0,38726.041015625,122231.17010498047,0,404327403520,8589930496,5624532992,114688
10,1791553919795,2500,2499,2499,2499,2500,2500,2500,2500,2499,2500,2499,2500,2500,2499,2500,2499,0,100,0,0,0,0,0,10,0,0,0,0,0,0,0,0,38726.193786621094,122231.54602050781,0,404327403520,8589930496,5632462848,114688
10,1791553919805,2500,2499,2499,2499,2500,2500,2500,2500,2499,2500,2499,2500,2500,2499,2500,2499,0,100,0,0,0,0,0,10,0,0,0,0,0,0,0,0,38726.34686279297,122231.92413330078,0,404327403520,8589930496,5632462848,114688
10,1791553919815,2500,2499,2499,2499,2500,2500,2500,2500,2499,2500,2499,2500,2500,2499,2500,2499,0,100,0,0,0,0,0,10,0,0,0,0,0,0,0,0,38726.504943847656,122232.3012084961,0,404327403520,8589930496,5632462848,114688
10,1791553919825,2500,2499,2499,2499,2500,2500,2500,2500,2499,2500,2499,2500,2500,2499,2500,2499,0,100,0,0,0,0,0,10,0,0,0,0,0,0,0,0,38726.65710449219,122232.67724609375,0,404327403520,8589930496,5632462848,114688
9,1791553919835,2500,2499,2499,2499,2500,2500,2500,2500,2499,2500,2499,2500,2500,2499,2500,2499,0,100,0,0,0,0,0,10,0,0,0,0,0,0,0,0,38726.81311035156,122233.05279541016,0,404327403520,8589930496,5640888320,114688
10,1791553919845,2500,2499,2499,2499,2500,2500,2500,2500,2499,2500,2499,2500,2500,2499,2500,2499,0,100,0,0,0,0,0,10,0,0,0,0,0,0,0,0,38726.984130859375,122233.43170166016,0,404327403520,8589930496,5640888320,114688
10,1791553919855,2500,2499,2499,2499,2500,2500,2500,2500,2499,2500,2499,2500,2500,2499,2500,2499,0,100,0,0,5,0,0,10,0,0,0,0,0,0,5,0,38727.13739013672,122233.80963134766,0,404327403520,8589930496,5640888320,114688
9,1791553919865,2500,2499,2499,2499,2500,2500,2500,2500,2499,2500,2499,2500,2500,2499,2500,2499,0,100,0,0,5,0,0,10,0,0,0,0,0,0,5,0,38727.28918457031,122234.18627929688,0,404327403520,8589930496,5640888320,114688
10,1791553919875,2500,2499,2499,2499,2500,2500,2500,2500,2499,2500,2499,2500,2500,2499,2500,2499,0,100,0,0,5,0,0,10,0,0,0,0,0,0,5,0,38727.44207763672,122234.56243896484,0,404327403520,8589930496,5640888320,114688
10,1791553919885,2500,2499,2499,2499,2500,2500,2500,2500,2499,2500,2499,2500,2500,2499,2500,2499,0,100,0,0,5,0,0,10,0,0,0,0,0,0,5,0,38727.59423828125,122234.93865966797,0,404327403520,8589930496,5649313792,114688
10,1791553919895,2500,2499,2499,2499,2500,2500,2500,2500,2499,2500,2499,2500,2500,2499,2500,2499,0,100,0,0,5,0,0,10,0,0,0,0,0,0,5,0,38727.74346923828,122235.31420898438,0,404327403520,8589930496,5649313792,114688
10,1791553919905,2500,2499,2499,2499,2500,2500,2500,2500,2499,2500,2499,2500,2500,2499,2500,2499,0,100,0,0,5,0,0,10,0,0,0,0,0,0,5,0,38727.89666748047,122235.6923828125,0,404327403520,8589930496,5649313792,114688
10,1791553919915,2500,2499,2499,2499,2500,2500,2500,2500,2499,2500,2499,2500,2500,2499,2500,2499,0,100,0,0,5,0,0,10,0,0,0,0,0,0,5,0,38728.05194091797,122236.07061767578,0,404327403520,8589930496,5649313792,114688
10,1791553919925,2500,2499,2499,2499,2500,2500,2500,2500,2499,2500,2499,2500,2500,2499,2500,2499,0,100,0,0,5,0,0,10,0,0,0,0,0,0,5,0,38728.207946777344,122236.44653320313,0,404327403520,8589930496,5649313792,114688
10,1791553919935,2500,2499,2499,2499,2500,2500,2500,2500,2499,2500,2499,2500,2500,2499,2500,2499,0,100,0,0,5,0,0,10,0,0,0,0,0,0,5,0,38728.363220214844,122236.8236694336,0,404327403520,8589930496,5657243648,114688
10,1791553919946,2500,2499,2499,2499,2500,2500,2500,2500,2499,2500,2499,2500,2500,2499,2500,2499,0,100,0,0,5,0,0,10,0,0,0,0,0,0,5,0,38728.517028808594,122237.19982910156,0,404327403520,8589930496,5657243648,114688
10,1791553919956,2500,2499,2499,2499,2500,2500,2500,2500,2499,2500,2499,2500,2500,2499,2500,2499,0,100,0,0,5,0,0,10,0,0,0,0,0,0,5,0,38728.688049316406,122237.61627197266,0,404327403520,8589930496,5657243648,114688
10,1791553919966,2500,2499,2499,2499,2500,2500,2500,2500,2499,2500,2499,2500,2500,2499,2500,2499,0,100,0,0,5,0,0,10,0,0,0,0,0,0,5,0,38728.84521484375,122237.99249267578,0,404327403520,8589930496,5657243648,114688
10,1791553919976,2500,2499,2499,2499,2500,2500,2500,2500,2499,2500,2499,2500,2500,2499,2500,2499,0,100,0,0,5,0,0,10,0,0,0,0,0,0,5,0,38729.000732421875,122238.36981201172,0,404327403520,8589930496,5665669120,114688
10,1791553919986,2500,2499,2499,2499,2500,2500,2500,2500,2499,2500,2499,2500,2500,2499,2500,2499,0,100,0,0,5,0,0,10,0,0,0,0,0,0,5,0,38729.15948486328,122238.74676513672,0,404327403520,8589930496,5665669120,114688
10,1791553919996,2500,2499,2499,2499,2500,2500,2500,2500,2499,2500,2499,2500,2500,2499,2500,2499,0,100,0,0,5,0,0,10,0,0,0,0,0,0,5,0,38729.31475830078,122239.12231445313,0,404327403520,8589930496,5665669120,114688
10,1791553920006,2500,2499,2499,2499,2500,2500,2500,2500,2499,2500,2499,2500,2500,2499,2500,2499,0,100,0,0,5,0,0,10,0,0,0,0,0,0,5,0,38729.47772216797,122239.49908447266,0,404327403520,8589930496,5665669120,114688
10,1791553920016,2500,2499,2499,2499,2500,2500,2500,2500,2499,2500,2499,2500,2500,2499,2500,2499,0,100,0,0,5,0,0,10,0,0,0,0,0,0,5,0,38729.62530517578,122239.87719726563,0,404327403520,8589930496,5671120896,114688
9,1791553920026,2500,2499,2499,2499,2500,2500,2500,2500,2499,2500,2499,2500,2500,2499,2500,2499,0,100,0,0,5,0,0,10,0,0,0,0,0,0,5,0,38729.77685546875,122240.25952148438,0,404327403520,8589930496,5674094592,114688
9,1791553920036,2500,2499,2499,2499,2500,2500,2500,2500,2499,2500,2499,2500,2500,2499,2500,2499,0,100,0,0,5,0,0,10,0,0,0,0,0,0,5,0,38729.93395996094,122240.6312866211,0,404327403520,8589930496,5674094592,114688
10,1791553920046,2500,2499,2499,2499,2500,2500,2500,2500,2499,2500,2499,2500,2500,2499,2500,2499,0,100,0,0,5,0,0,10,0,0,0,0,0,0,5,0,38730.08459472656,122241.01483154297,0,404327403520,8589930496,5674094592,114688
10,1791553920056,2500,2499,2499,2499,2500,2500,2500,2500,2499,2500,2499,2500,2500,2499,2500,2499,0,100,0,5,0,0,0,0,0,0,0,0,0,4.761904716491699,0,0,38730.23620605469,122241.38635253906,0,404327403520,8589930496,5674094592,114688
10,1791553920066,2500,2499,2499,2499,2500,2500,2500,2500,2499,2500,2499,2500,2500,2499,2500,2499,0,100,0,5,0,0,0,0,0,0,0,0,0,4.761904716491699,0,0,38730.38983154297,122241.76306152344,0,404327403520,8589930496,5682024448,114688
10,1791553920076,2500,2499,2499,2499,2500,2500,2500,2500,2499,2500,2499,2500,2500,2499,2500,2499,0,100,0,5,0,0,0,0,0,0,0,0,0,4.761904716491699,0,0,38730.54266357422,122242.14190673828,0,404327403520,8589930496,5682024448,114688
10,1791553920086,2500,2499,2499,2499,2500,2500,2500,2500,2499,2500,2499,2500,2500,2499,2500,2499,0,100,0,5,0,0,0,0,0,0,0,0,0,4.761904716491699,0,0,38730.69299316406,122242.51824951172,0,404327403520,8589930496,5682024448,114688
10,1791553920096,2500,2499,2499,2499,2500,2500,2500,2500,2499,2500,2499,2500,2500,2499,2500,2499,0,100,0,5,0,0,0,0,0,0,0,0,0,4.761904716491699,0,0,38730.85339355469,122242.89093017578,0,404327403520,8589930496,5682024448,114688
10,1791553920106,2500,2499,2499,2499,2500,2500,2500,2500,2499,2500,2499,2500,2500,2499,2500,2499,0,100,0,5,0,0,0,0,0,0,0,0,0,4.761904716491699,0,0,38731.00848388672,122243.26873779297,0,404327403520,8589930496,5680062464,114688
10,1791553920117,2500,2499,2499,2499,2500,2500,2500,2500,2499,2500,2499,2500,2500,2499,2500,2499,0,100,0,5,0,0,0,0,0,0,0,0,0,4.761904716491699,0,0,38731.16882324219,122243.6421508789,0,404327403520,8589930496,5680062464,114688
10,1791553920127,2500,2499,2499,2499,2500,2500,2500,2500,2499,2500,2499,2500,2500,2499,2500,2499,0,100,0,5,0,0,0,0,0,0,0,0,0,4.761904716491699,0,0,38731.327575683594,122244.02069091797,0,404327403520,8589930496,5680062464,114688
10,1791553920137,2500,2499,2499,2499,2500,2500,2500,2500,2499,2500,2499,2500,2500,2499,2500,2499,0,100,0,5,0,0,0,0,0,0,0,0,0,4.761904716491699,0,0,38731.48449707031,122244.39654541016,0,404327403520,8589930496,5680062464,114688
10,1791553920147,2500,2499,2499,2499,2500,2500,2500,2500,2499,2500,2499,2500,2500,2499,2500,2499,0,100,0,5,0,0,0,0,0,0,0,0,0,4.761904716491699,0,0,38731.637268066406,122244.77465820313,0,404327403520,8589930496,5680062464,114688
10,1791553920157,2500,2499,2499,2499,2500,2500,2500,2500,2499,2500,2499,2500,2500,2499,2500,2499,0,100,0,5,0,0,0,0,0,0,0,0,0,4.761904716491699,0,0,38731.79559326172,122245.14910888672,0,404327403520,8589930496,5688487936,114688
10,1791553920167,2500,2499,2499,2499,2500,2500,2500,2500,2499,2500,2499,2500,2500,2499,2500,2499,0,100,0,5,0,0,0,0,0,0,0,0,0,4.761904716491699,0,0,38731.952209472656,122245.52758789063,0,404327403520,8589930496,5688487936,114688
10,1791553920177,2500,2499,2499,2499,2500,2500,2500,2500,2499,2500,2499,2500,2500,2499,2500,2499,0,100,0,5,0,0,0,0,0,0,0,0,0,4.761904716491699,0,0,38732.12615966797,122245.9428100586,0,404327403520,8589930496,5688074240,114688
10,1791553920187,2500,2499,2499,2499,2500,2500,2500,2500,2499,2500,2499,2500,2500,2499,2500,2499,0,100,0,5,0,0,0,0,0,0,0,0,0,4.761904716491699,0,0,38732.28271484375,122246.31982421875,0,404327403520,8589930496,5688074240,114688
10,1791553920197,2500,2499,2499,2499,2500,2500,2500,2500,2499,2500,2499,2500,2500,2499,2500,2499,0,100,0,5,0,0,0,0,0,0,0,0,0,4.761904716491699,0,0,38732.43780517578,122246.69641113281,0,404327403520,8589930496,5696004096,114688
10,1791553920207,2500,2499,2499,2499,2500,2500,2500,2500,2499,2500,2499,2500,2500,2499,2500,2499,0,100,0,5,0,0,0,0,0,0,0,0,0,4.761904716491699,0,0,38732.59338378906,122247.0732421875,0,404327403520,8589930496,5696004096,114688
9,1791553920217,2500,2499,2499,2499,2500,2500,2500,2500,2499,2500,2499,2500,2500,2499,2500,2499,0,100,0,5,0,0,0,0,0,0,0,0,0,4.761904716491699,0,0,38732.75897216797,122247.45050048828,0,404327403520,8589930496,5696004096,114688
10,1791553920227,2500,2499,2499,2499,2500,2500,2500,2500,2499,2500,2499,2500,2500,2499,2500,2499,0,100,0,5,0,0,0,0,0,0,0,0,0,4.761904716491699,0,0,38732.91571044922,122247.8256225586,0,404327403520,8589930496,5696004096,114688
10,1791553920237,2500,2499,2499,2499,2500,2500,2500,2500,2499,2500,2499,2500,2500,2499,2500,2499,0,100,0,5,0,0,0,0,0,0,0,0,0,4.761904716491699,0,0,38733.06994628906,122248.20202636719,0,404327403520,8589930496,5696004096,114688
10,1791553920247,2500,2499,2499,2499,2500,2500,2500,2500,2499,2500,2499,2500,2500,2499,2500,2499,0,100,0,5,0,0,0,0,0,0,0,0,0,4.761904716491699,0,0,38733.224670410156,122248.57922363281,0,404327403520,8589930496,5704429568,114688
10,1791553920257,2500,2499,2499,2499,2500,2500,2500,2500,2499,2500,2499,2500,2500,2499,2500,2499,0,100,0,0,0,0,0,10,0,0,0,0,0,0,0,0,38733.38000488281,122248.95690917969,0,404327403520,8589930496,5704429568,114688
10,1791553920267,2500,2499,2499,2499,2500,2500,2500,2500,2499,2500,2499,2500,2500,2499,2500,2499,0,100,0,0,0,0,0,10,0,0,0,0,0,0,0,0,38733.53582763672,122249.33489990234,0,404327403520,8589930496,5704429568,114688
10,1791553920277,2500,2499,2499,2499,2500,2500,2500,2500,2499,2500,2499,2500,2500,2499,2500,2499,0,100,0,0,0,0,0,10,0,0,0,0,0,0,0,0,38733.68884277344,122249.70965576172,0,404327403520,8589930496,5704429568,114688
10,1791553920288,2500,2499,2499,2499,2500,2500,2500,2500,2499,2500,2499,2500,2500,2499,2500,2499,0,100,0,0,0,0,0,10,0,0,0,0,0,0,0,0,38733.84063720703,122250.08728027344,0,404327403520,8589930496,5704429568,114688
10,1791553920298,2500,2499,2499,2499,2500,2500,2500,2500,2499,2500,2499,2500,2500,2499,2500,2499,0,100,0,0,0,0,0,10,0,0,0,0,0,0,0,0,38733.99792480469,122250.46478271484,0,404327403520,8589930496,5712359424,114688
10,1791553920308,2500,2499,2499,2499,2500,2500,2500,2500,2499,2500,2499,2500,2500,2499,2500,2499,0,100,0,0,0,0,0,10,0,0,0,0,0,0,0,0,38734.152099609375,122250.83984375,0,404327403520,8589930496,5712359424,114688
10,1791553920318,2500,2499,2499,2499,2500,2500,2500,2500,2499,2500,2499,2500,2500,2499,2500,2499,0,100,0,0,0,0,0,10,0,0,0,0,0,0,0,0,38734.31213378906,122251.21588134766,0,404327403520,8589930496,5712359424,114688
10,1791553920328,2500,2499,2499,2499,2500,2500,2500,2500,2499,2500,2499,2500,2500,2499,2500,2499,0,100,0,0,0,0,0,10,0,0,0,0,0,0,0,0,38734.46502685547,122251.59368896484,0,404327403520,8589930496,5712359424,114688
9,1791553920338,2500,2499,2499,2499,2500,2500,2500,2500,2499,2500,2499,2500,2500,2499,2500,2499,0,100,0,0,0,0,0,10,0,0,0,0,0,0,0,0,38734.619689941406,122251.96954345703,0,404327403520,8589930496,5720784896,114688
10,1791553920348,2500,2499,2499,2499,2500,2500,2500,2500,2499,2500,2499,2500,2500,2499,2500,2499,0,100,0,0,0,0,0,10,0,0,0,0,0,0,0,0,38734.77862548828,122252.3472290039,0,404327403520,8589930496,5720784896,114688
9,1791553920358,2500,2499,2499,2499,2500,2500,2500,2500,2499,2500,2499,2500,2500,2499,2500,2499,0,100,0,0,0,0,0,10,0,0,0,0,0,0,0,0,38734.93225097656,122252.72375488281,0,404327403520,8589930496,5720784896,114688
10,1791553920368,2500,2499,2499,2499,2500,2500,2500,2500,2499,2500,2499,2500,2500,2499,2500,2499,0,100,0,0,0,0,0,10,0,0,0,0,0,0,0,0,38735.101989746094,122253.13775634766,0,404327403520,8589930496,5720784896,114688
9,1791553920378,2500,2499,2499,2499,2500,2500,2500,2500,2499,2500,2499,2500,2500,2499,2500,2499,0,100,0,0,0,0,0,10,0,0,0,0,0,0,0,0,38735.25799560547,122253.51403808594,0,404327403520,8589930496,5729210368,114688
10,1791553920388,2500,2499,2499,2499,2500,2500,2500,2500,2499,2500,2499,2500,2500,2499,2500,2499,0,100,0,0,0,0,0,10,0,0,0,0,0,0,0,0,38735.41564941406,122253.89270019531,0,404327403520,8589930496,5729210368,114688
10,1791553920398,2500,2499,2499,2499,2500,2500,2500,2500,2499,2500,2499,2500,2500,2499,2500,2499,0,100,0,0,0,0,0,10,0,0,0,0,0,0,0,0,38735.572021484375,122254.26501464844,0,404327403520,8589930496,5729210368,114688
9,1791553920408,2500,2499,2499,2499,2500,2500,2500,2500,2499,2500,2499,2500,2500,2499,2500,2499,0,100,0,0,0,0,0,10,0,0,0,0,0,0,0,0,38735.7275390625,122254.64263916016,0,404327403520,8589930496,5729210368,114688
10,1791553920418,2500,2499,2499,2499,2500,2500,2500,2500,2499,2500,2499,2500,2500,2499,2500,2499,0,100,0,0,0,0,0,10,0,0,0,0,0,0,0,0,38735.88592529297,122255.01947021484,0,404327403520,8589930496,5729210368,114688
10,1791553920428,2500,2499,2499,2499,2500,2500,2500,2500,2499,2500,2499,2500,2500,2499,2500,2499,0,100,0,0,0,0,0,10,0,0,0,0,0,0,0,0,38736.04119873047,122255.39660644531,0,404327403520,8589930496,5737140224,114688
10,1791553920438,2500,2499,2499,2499,2500,2500,2500,2500,2499,2500,2499,2500,2500,2499,2500,2499,0,100,0,0,0,0,0,10,0,0,0,0,0,0,0,0,38736.197814941406,122255.7748413086,0,404327403520,8589930496,5737140224,114688
10,1791553920448,2500,2499,2499,2499,2500,2500,2500,2500,2499,2500,2499,2500,2500,2499,2500,2499,0,100,0,0,0,0,0,10,0,0,0,0,0,0,0,0,38736.353271484375,122256.15173339844,0,404327403520,8589930496,5737140224,114688
10,1791553920459,2500,2499,2499,2499,2500,2500,2500,2500,2499,2500,2499,2500,2500,2499,2500,2499,5,100,0,0,0,0,0,5.263157844543457,0,0,5,0,0,0,0,0,38736.50524902344,122256.52795410156,0,404327403520,8589930496,5737140224,114688
10,1791553920469,2500,2499,2499,2499,2500,2500,2500,2500,2499,2500,2499,2500,2500,2499,2500,2499,5,100,0,0,0,0,0,5.263157844543457,0,0,5,0,0,0,0,0,38736.65997314453,122256.90423583984,0,404327403520,8589930496,5745565696,114688
10,1791553920479,2500,2499,2499,2499,2500,2500,2500,2500,2499,2500,2499,2500,2500,2499,2500,2499,5,100,0,0,0,0,0,5.263157844543457,0,0,5,0,0,0,0,0,38736.81689453125,122257.28039550781,0,404327403520,8589930496,5745565696,114688
10,1791553920489,2500,2499,2499,2499,2500,2500,2500,2500,2499,2500,2499,2500,2500,2499,2500,2499,5,100,0,0,0,0,0,5.263157844543457,0,0,5,0,0,0,0,0,38736.971618652344,122257.62219238281,0,404327403520,8589930496,5745565696,114688
10,1791553920499,2500,2499,2499,2499,2500,2500,2500,2500,2499,2500,2499,2500,2500,2499,2500,2499,5,100,0,0,0,0,0,5.263157844543457,0,0,5,0,0,0,0,0,38737.124755859375,122258.03649902344,0,404327403520,8589930496,5745565696,114688
10,1791553920509,2500,2499,2499,2499,2500,2500,2500,2500,2499,2500,2499,2500,2500,2499,2500,2499,5,100,0,0,0,0,0,5.263157844543457,0,0,5,0,0,0,0,0,38737.28350830078,122258.41314697266,0,404327403520,8589930496,5745565696,114688
10,1791553920519,2500,2499,2499,2499,2500,2500,2500,2500,2499,2500,2499,2500,2500,2499,2500,2499,5,100,0,0,0,0,0,5.263157844543457,0,0,5,0,0,0,0,0,38737.441345214844,122258.79217529297,0,404327403520,8589930496,5753991168,114688
10,1791553920529,2500,2499,2499,2499,2500,2500,2500,2500,2499,2500,2499,2500,2500,2499,2500,2499,5,100,0,0,0,0,0,5.263157844543457,0,0,5,0,0,0,0,0,38737.596435546875,122259.16778564453,0,404327403520,8589930496,5753991168,114688
10,1791553920539,2500,2499,2499,2499,2500,2500,2500,2500,2499,2500,2499,2500,2500,2499,2500,2499,5,100,0,0,0,0,0,5.263157844543457,0,0,5,0,0,0,0,0,38737.74951171875,122259.54583740234,0,404327403520,8589930496,5753991168,114688
9,1791553920549,2500,2499,2499,2499,2500,2500,2500,2500,2499,2500,2499,2500,2500,2499,2500,2499,5,100,0,0,0,0,0,5.263157844543457,0,0,5,0,0,0,0,0,38737.90496826172,122259.92169189453,0,404327403520,8589930496,5753991168,114688
10,1791553920559,2500,2499,2499,2499,2500,2500,2500,2500,2499,2500,2499,2500,2500,2499,2500,2499,5,100,0,0,0,0,0,5.263157844543457,0,0,5,0,0,0,0,0,38738.05584716797,122260.30010986328,0,404327403520,8589930496,5761921024,114688
10,1791553920569,2500,2499,2499,2499,2500,2500,2500,2500,2499,2500,2499,2500,2500,2499,2500,2499,5,100,0,0,0,0,0,5.263157844543457,0,0,5,0,0,0,0,0,38738.206970214844,122260.67755126953,0,404327403520,8589930496,5761921024,114688
10,1791553920579,2500,2499,2499,2499,2500,2500,2500,2500,2499,2500,2499,2500,2500,2499,2500,2499,5,100,0,0,0,0,0,5.263157844543457,0,0,5,0,0,0,0,0,38738.378356933594,122261.09368896484,0,404327403520,8589930496,5761921024,114688
9,1791553920589,2500,2499,2499,2499,2500,2500,2500,2500,2499,2500,2499,2500,2500,2499,2500,2499,5,100,0,0,0,0,0,5.263157844543457,0,0,5,0,0,0,0,0,38738.53546142578,122261.46862792969,0,404327403520,8589930496,5761921024,114688
10,1791553920599,2500,2499,2499,2499,2500,2500,2500,2500,2499,2500,2499,2500,2500,2499,2500,2499,5,100,0,0,0,0,0,5.263157844543457,0,0,5,0,0,0,0,0,38738.69445800781,122261.84655761719,0,404327403520,8589930496,5761921024,114688
10,1791553920609,2500,2499,2499,2499,2500,2500,2500,2500,2499,2500,2499,2500,2500,2499,2500,2499,5,100,0,0,0,0,0,5.263157844543457,0,0,5,0,0,0,0,0,38738.85400390625,122262.2265625,0,404327403520,8589930496,5770346496,114688
10,1791553920619,2500,2499,2499,2499,2500,2500,2500,2500,2499,2500,2499,2500,2500,2499,2500,2499,5,100,0,0,0,0,0,5.263157844543457,0,0,5,0,0,0,0,0,38739.014099121094,122262.6015625,0,404327403520,8589930496,5770346496,114688
10,1791553920630,2500,2499,2499,2499,2500,2500,2500,2500,2499,2500,2499,2500,2500,2499,2500,2499,5,100,0,0,0,0,0,5.263157844543457,0,0,5,0,0,0,0,0,38739.170471191406,122262.9779663086,0,404327403520,8589930496,5770346496,114688
10,1791553920640,2500,2499,2499,2499,2500,2500,2500,2500,2499,2500,2499,2500,2500,2499,2500,2499,5,100,0,0,0,0,0,5.263157844543457,0,0,5,0,0,0,0,0,38739.3251953125,122263.35498046875,0,404327403520,8589930496,5770346496,114688
10,1791553920650,2500,2499,2499,2499,2500,2500,2500,2500,2499,2500,2499,2500,2500,2499,2500,2499,5,100,0,0,0,0,0,5.263157844543457,0,0,5,0,0,0,0,0,38739.47869873047,122263.73107910156,0,404327403520,8589930496,5778771968,114688
10,1791553920660,2500,2499,2499,2499,2500,2500,2500,2500,2499,2500,2499,2500,2500,2499,2500,2499,5,100,0,0,0,0,0,10.526315689086914,0,0,0,0,0,0,5,0,38739.63049316406,122264.10919189453,0,404327403520,8589930496,5778771968,114688
10,1791553920670,2500,2499,2499,2499,2500,2500,2500,2500,2499,2500,2499,2500,2500,2499,2500,2499,5,100,0,0,0,0,0,10.526315689086914,0,0,0,0,0,0,5,0,38739.790588378906,122264.48828125,0,404327403520,8589930496,5778771968,114688
10,1791553920680,2500,2499,2499,2499,2500,2500,2500,2500,2499,2500,2499,2500,2500,2499,2500,2499,5,100,0,0,0,0,0,10.526315689086914,0,0,0,0,0,0,5,0,38739.944091796875,122264.86608886719,0,404327403520,8589930496,5778771968,114688
10,1791553920690,2500,2499,2499,2499,2500,2500,2500,2500,2499,2500,2499,2500,2500,2499,2500,2499,5,100,0,0,0,0,0,10.526315689086914,0,0,0,0,0,0,5,0,38740.09942626953,122265.2445678711,0,404327403520,8589930496,5778771968,114688
10,1791553920700,2500,2499,2499,2499,2500,2500,2500,2500,2499,2500,2499,2500,2500,2499,2500,2499,5,100,0,0,0,0,0,10.526315689086914,0,0,0,0,0,0,5,0,38740.24792480469,122265.6215209961,0,404327403520,8589930496,5786701824,114688
10,1791553920710,2500,2499,2499,2499,2500,2500,2500,2500,2499,2500,2499,2500,2500,2499,2500,2499,5,100,0,0,0,0,0,10.526315689086914,0,0,0,0,0,0,5,0,38740.402770996094,122265.9575805664,0,404327403520,8589930496,5786701824,114688
9,1791553920720,2500,2499,2499,2499,2500,2500,2500,2500,2499,2500,2499,2500,2500,2499,2500,2499,5,100,0,0,0,0,0,10.526315689086914,0,0,0,0,0,0,5,0,38740.55383300781,122266.37371826172,0,404327403520,8589930496,5786701824,114688
10,1791553920730,2500,2499,2499,2499,2500,2500,2500,2500,2499,2500,2499,2500,2500,2499,2500,2499,5,100,0,0,0,0,0,10.526315689086914,0,0,0,0,0,0,5,0,38740.71057128906,122266.75219726563,0,404327403520,8589930496,5786701824,114688
10,1791553920740,2500,2499,2499,2499,2500,2500,2500,2500,2499,2500,2499,2500,2500,2499,2500,2499,5,100,0,0,0,0,0,10.526315689086914,0,0,0,0,0,0,5,0,38740.86877441406,122267.1284790039,0,404327403520,8589930496,5795127296,114688
10,1791553920750,2500,2499,2499,2499,2500,2500,2500,2500,2499,2500,2499,2500,2500,2499,2500,2499,5,100,0,0,0,0,0,10.526315689086914,0,0,0,0,0,0,5,0,38741.02374267578,122267.50524902344,0,404327403520,8589930496,5795127296,114688
10,1791553920760,2500,2499,2499,2499,2500,2500,2500,2500,2499,2500,2499,2500,2500,2499,2500,2499,5,100,0,0,0,0,0,10.526315689086914,0,0,0,0,0,0,5,0,38741.179748535156,122267.88262939453,0,404327403520,8589930496,5795127296,114688
9,1791553920770,2500,2499,2499,2499,2500,2500,2500,2500,2499,2500,2499,2500,2500,2499,2500,2499,5,100,0,0,0,0,0,10.526315689086914,0,0,0,0,0,0,5,0,38741.33740234375,122268.29553222656,0,404327403520,8589930496,5795127296,114688
10,1791553920780,2500,2499,2499,2499,2500,2500,2500,2500,2499,2500,2499,2500,2500,2499,2500,2499,5,100,0,0,0,0,0,10.526315689086914,0,0,0,0,0,0,5,0,38741.510498046875,122268.6713256836,0,404327403520,8589930496,5795127296,114688
10,1791553920790,2500,2499,2499,2499,2500,2500,2500,2500,2499,2500,2499,2500,2500,2499,2500,2499,5,100,0,0,0,0,0,10.526315689086914,0,0,0,0,0,0,5,0,38741.667236328125,122269.01098632813,0,404327403520,8589930496,5803552768,114688
10,1791553920801,2500,2499,2499,2499,2500,2500,2500,2500,2499,2500,2499,2500,2500,2499,2500,2499,5,100,0,0,0,0,0,10.526315689086914,0,0,0,0,0,0,5,0,38741.81719970703,122269.42889404297,0,404327403520,8589930496,5803552768,114688
10,1791553920811,2500,2499,2499,2499,2500,2500,2500,2500,2499,2500,2499,2500,2500,2499,2500,2499,5,100,0,0,0,0,0,10.526315689086914,0,0,0,0,0,0,5,0,38741.973388671875,122269.80401611328,0,404327403520,8589930496,5803552768,114688
10,1791553920821,2500,2499,2499,2499,2500,2500,2500,2500,2499,2500,2499,2500,2500,2499,2500,2499,5,100,0,0,0,0,0,10.526315689086914,0,0,0,0,0,0,5,0,38742.13055419922,122270.18176269531,0,404327403520,8589930496,5803552768,114688
10,1791553920831,2500,2499,2499,2499,2500,2500,2500,2500,2499,2500,2499,2500,2500,2499,2500,2499,5,100,0,0,0,0,0,10.526315689086914,0,0,0,0,0,0,5,0,38742.28741455078,122270.55865478516,0,404327403520,8589930496,5811482624,114688
10,1791553920841,2500,2499,2499,2499,2500,2500,2500,2500,2499,2500,2499,2500,2500,2499,2500,2499,5,100,0,0,0,0,0,10.526315689086914,0,0,0,0,0,0,5,0,38742.44268798828,122270.93359375,0,404327403520,8589930496,5811482624,114688
10,1791553920851,2500,2499,2499,2499,2500,2500,2500,2500,2499,2500,2499,2500,2500,2499,2500,2499,5,100,0,0,0,0,0,10.526315689086914,0,0,0,0,0,0,5,0,38742.598205566406,122271.3120727539,0,404327403520,8589930496,5811482624,114688
10,1791553920861,2500,2499,2499,2499,2500,2500,2500,2500,2499,2500,2499,2500,2500,2499,2500,2499,0,100,0,0,0,0,0,5.263157844543457,0,0,0,0,4.761904716491699,0,0,0,38742.75036621094,122271.68957519531,0,404327403520,8589930496,5811482624,114688
10,1791553920871,2500,2499,2499,2499,2500,2500,2500,2500,2499,2500,2499,2500,2500,2499,2500,2499,0,100,0,0,0,0,0,5.263157844543457,0,0,0,0,4.761904716491699,0,0,0,38742.90655517578,122272.06646728516,0,404327403520,8589930496,5811482624,114688
10,1791553920881,2500,2499,2499,2499,2500,2500,2500,2500,2499,2500,2499,2500,2500,2499,2500,2499,0,100,0,0,0,0,0,5.263157844543457,0,0,0,0,4.761904716491699,0,0,0,38743.06604003906,122272.44427490234,0,404327403520,8589930496,5819908096,114688
10,1791553920891,2500,2499,2499,2499,2500,2500,2500,2500,2499,2500,2499,2500,2500,2499,2500,2499,0,100,0,0,0,0,0,5.263157844543457,0,0,0,0,4.761904716491699,0,0,0,38743.223571777344,122272.82202148438,0,404327403520,8589930496,5819908096,114688
10,1791553920901,2500,2499,2499,2499,2500,2500,2500,2500,2499,2500,2499,2500,2500,2499,2500,2499,0,100,0,0,0,0,0,5.263157844543457,0,0,0,0,4.761904716491699,0,0,0,38743.375732421875,122273.19714355469,0,404327403520,8589930496,5819908096,114688
10,1791553920911,2500,2499,2499,2499,2500,2500,2500,2500,2499,2500,2499,2500,2500,2499,2500,2499,0,100,0,0,0,0,0,5.263157844543457,0,0,0,0,4.761904716491699,0,0,0,38743.526428222656,122273.57385253906,0,404327403520,8589930496,5819908096,114688
10,1791553920921,2500,2499,2499,2499,2500,2500,2500,2500,2499,2500,2499,2500,2500,2499,2500,2499,0,100,0,0,0,0,0,5.263157844543457,0,0,0,0,4.761904716491699,0,0,0,38743.682556152344,122273.953125,0,404327403520,8589930496,5828333568,114688
10,1791553920931,2500,2499,2499,2499,2500,2500,2500,2500,2499,2500,2499,2500,2500,2499,2500,2499,0,100,0,0,0,0,0,5.263157844543457,0,0,0,0,4.761904716491699,0,0,0,38743.83270263672,122274.32958984375,0,404327403520,8589930496,5828333568,114688
9,1791553920941,2500,2499,2499,2499,2500,2500,2500,2500,2499,2500,2499,2500,2500,2499,2500,2499,0,100,0,0,0,0,0,5.263157844543457,0,0,0,0,4.761904716491699,0,0,0,38743.984313964844,122274.70751953125,0,404327403520,8589930496,5828333568,114688
10,1791553920951,2500,2499,2499,2499,2500,2500,2500,2500,2499,2500,2499,2500,2500,2499,2500,2499,0,100,0,0,0,0,0,5.263157844543457,0,0,0,0,4.761904716491699,0,0,0,38744.13641357422,122275.08380126953,0,404327403520,8589930496,5828333568,114688
10,1791553920961,2500,2499,2499,2499,2500,2500,2500,2500,2499,2500,2499,2500,2500,2499,2500,2499,0,100,0,0,0,0,0,5.263157844543457,0,0,0,0,4.761904716491699,0,0,0,38744.29296875,122275.46020507813,0,404327403520,8589930496,5828333568,114688
10,1791553920972,2500,2499,2499,2499,2500,2500,2500,2500,2499,2500,2499,2500,2500,2499,2500,2499,0,100,0,0,0,0,0,5.263157844543457,0,0,0,0,4.761904716491699,0,0,0,38744.46472167969,122275.87420654297,0,404327403520,8589930496,5836263424,114688
10,1791553920982,2500,2499,2499,2499,2500,2500,2500,2500,2499,2500,2499,2500,2500,2499,2500,2499,0,100,0,0,0,0,0,5.263157844543457,0,0,0,0,4.761904716491699,0,0,0,38744.62420654297,122276.25122070313,0,404327403520,8589930496,5836263424,114688
10,1791553920992,2500,2499,2499,2499,2500,2500,2500,2500,2499,2500,2499,2500,2500,2499,2500,2499,0,100,0,0,0,0,0,5.263157844543457,0,0,0,0,4.761904716491699,0,0,0,38744.77716064453,122276.63055419922,0,404327403520,8589930496,5836263424,114688
10,1791553921002,2500,2499,2499,2499,2500,2500,2500,2500,2499,2500,2499,2500,2500,2499,2500,2499,0,100,0,0,0,0,0,5.263157844543457,0,0,0,0,4.761904716491699,0,0,0,38744.930419921875,122277.0062866211,0,404327403520,8589930496,5836263424,114688
10,1791553921012,2500,2499,2499,2499,2500,2500,2500,2500,2499,2500,2499,2500,2500,2499,2500,2499,0,100,0,0,0,0,0,5.263157844543457,0,0,0,0,4.761904716491699,0,0,0,38745.08935546875,122277.38513183594,0,404327403520,8589930496,5844688896,114688
10,1791553921022,2500,2499,2499,2499,2500,2500,2500,2500,2499,2500,2499,2500,2500,2499,2500,2499,0,100,0,0,0,0,0,5.263157844543457,0,0,0,0,4.761904716491699,0,0,0,38745.24591064453,122277.76098632813,0,404327403520,8589930496,5844688896,114688
10,1791553921032,2500,2499,2499,2499,2500,2500,2500,2500,2499,2500,2499,2500,2500,2499,2500,2499,0,100,0,0,0,0,0,5.263157844543457,0,0,0,0,4.761904716491699,0,0,0,38745.39971923828,122278.13690185547,0,404327403520,8589930496,5844688896,114688
10,1791553921042,2500,2499,2499,2499,2500,2500,2500,2500,2499,2500,2499,2500,2500,2499,2500,2499,0,100,0,0,0,0,0,5.263157844543457,0,0,0,0,4.761904716491699,0,0,0,38745.554443359375,122278.51391601563,0,404327403520,8589930496,5844688896,114688
10,1791553921052,2500,2499,2499,2499,2500,2500,2500,2500,2499,2500,2499,2500,2500,2499,2500,2499,0,100,0,0,0,0,0,5.263157844543457,0,0,0,0,4.761904716491699,0,0,0,38745.71173095703,122278.8910522461,0,404327403520,8589930496,5853114368,114688
10,1791553921062,2500,2499,2499,2499,2500,2500,2500,2500,2499,2500,2499,2500,2500,2499,2500,2499,0,100,0,0,0,0,0,10,0,0,0,0,0,0,5,0,38745.863525390625,122279.27362060547,0,404327403520,8589930496,5853114368,114688
10,1791553921072,2500,2499,2499,2499,2500,2500,2500,2500,2499,2500,2499,2500,2500,2499,2500,2499,0,100,0,0,0,0,0,10,0,0,0,0,0,0,5,0,38746.01953125,122279.64642333984,0,404327403520,8589930496,5853114368,114688
10,1791553921082,2500,2499,2499,2499,2500,2500,2500,2500,2499,2500,2499,2500,2500,2499,2500,2499,0,100,0,0,0,0,0,10,0,0,0,0,0,0,5,0,38746.171325683594,122280.02435302734,0,404327403520,8589930496,5853114368,114688
10,1791553921092,2500,2499,2499,2499,2500,2500,2500,2500,2499,2500,2499,2500,2500,2499,2500,2499,0,100,0,0,0,0,0,10,0,0,0,0,0,0,5,0,38746.32604980469,122280.4067993164,0,404327403520,8589930496,5853114368,114688
10,1791553921102,2500,2499,2499,2499,2500,2500,2500,2500,2499,2500,2499,2500,2500,2499,2500,2499,0,100,0,0,0,0,0,10,0,0,0,0,0,0,5,0,38746.47930908203,122280.78234863281,0,404327403520,8589930496,5861044224,114688
10,1791553921112,2500,2499,2499,2499,2500,2500,2500,2500,2499,2500,2499,2500,2500,2499,2500,2499,0,100,0,0,0,0,0,10,0,0,0,0,0,0,5,0,38746.6376953125,122281.15698242188,0,404327403520,8589930496,5861044224,114688
9,1791553921122,2500,2499,2499,2499,2500,2500,2500,2500,2499,2500,2499,2500,2500,2499,2500,2499,0,100,0,0,0,0,0,10,0,0,0,0,0,0,5,0,38746.79364013672,122281.53723144531,0,404327403520,8589930496,5861044224,114688
10,1791553921132,2500,2499,2499,2499,2500,2500,2500,2500,2499,2500,2499,2500,2500,2499,2500,2499,0,100,0,0,0,0,0,10,0,0,0,0,0,0,5,0,38746.945251464844,122281.91204833984,0,404327403520,8589930496,5852708864,114688
10,1791553921143,2500,2499,2499,2499,2500,2500,2500,2500,2499,2500,2499,2500,2500,2499,2500,2499,0,100,0,0,0,0,0,10,0,0,0,0,0,0,5,0,38747.092834472656,122282.28747558594,0,404327403520,8589930496,5860638720,114688
10,1791553921153,2500,2499,2499,2499,2500,2500,2500,2500,2499,2500,2499,2500,2500,2499,2500,2499,0,100,0,0,0,0,0,10,0,0,0,0,0,0,5,0,38747.245666503906,122282.66522216797,0,404327403520,8589930496,5860638720,114688
10,1791553921163,2500,2499,2499,2499,2500,2500,2500,2500,2499,2500,2499,2500,2500,2499,2500,2499,0,100,0,0,0,0,0,10,0,0,0,0,0,0,5,0,38747.39758300781,122283.04138183594,0,404327403520,8589930496,5860638720,114688
10,1791553921173,2500,2499,2499,2499,2500,2500,2500,2500,2499,2500,2499,2500,2500,2499,2500,2499,0,100,0,0,0,0,0,10,0,0,0,0,0,0,5,0,38747.551025390625,122283.4208984375,0,404327403520,8589930496,5860638720,114688
10,1791553921183,2500,2499,2499,2499,2500,2500,2500,2500,2499,2500,2499,2500,2500,2499,2500,2499,0,100,0,0,0,0,0,10,0,0,0,0,0,0,5,0,38747.70666503906,122283.80041503906,0,404327403520,8589930496,5860638720,114688
10,1791553921193,2500,2499,2499,2499,2500,2500,2500,2500,2499,2500,2499,2500,2500,2499,2500,2499,0,100,0,0,0,0,0,10,0,0,0,0,0,0,5,0,38747.875,122284.21282958984,0,404327403520,8589930496,5869064192,114688
10,1791553921203,2500,2499,2499,2499,2500,2500,2500,2500,2499,2500,2499,2500,2500,2499,2500,2499,0,100,0,0,0,0,0,10,0,0,0,0,0,0,5,0,38748.02716064453,122284.59344482422,0,404327403520,8589930496,5869064192,114688
9,1791553921213,2500,2499,2499,2499,2500,2500,2500,2500,2499,2500,2499,2500,2500,2499,2500,2499,0,100,0,0,0,0,0,10,0,0,0,0,0,0,5,0,38748.19207763672,122284.97009277344,0,404327403520,8589930496,5869064192,114688
10,1791553921223,2500,2499,2499,2499,2500,2500,2500,2500,2499,2500,2499,2500,2500,2499,2500,2499,0,100,0,0,0,0,0,10,0,0,0,0,0,0,5,0,38748.345153808594,122285.34741210938,0,404327403520,8589930496,5869064192,114688
9,1791553921233,2500,2499,2499,2499,2500,2500,2500,2500,2499,2500,2499,2500,2500,2499,2500,2499,0,100,0,0,0,0,0,10,0,0,0,0,0,0,5,0,38748.49768066406,122285.72583007813,0,404327403520,8589930496,5869064192,114688
9,1791553921243,2500,2499,2499,2499,2500,2500,2500,2500,2499,2500,2499,2500,2500,2499,2500,2499,0,100,0,0,0,0,0,10,0,0,0,0,0,0,5,0,38748.647521972656,122286.1019897461,0,404327403520,8589930496,5876994048,114688
10,1791553921253,2500,2499,2499,2499,2500,2500,2500,2500,2499,2500,2499,2500,2500,2499,2500,2499,0,100,0,0,0,0,0,10,0,0,0,0,0,0,5,0,38748.795654296875,122286.48046875,0,404327403520,8589930496,5876994048,114688
10,1791553921263,2500,2499,2499,2499,2500,2500,2500,2500,2499,2500,2499,2500,2500,2499,2500,2499,0,100,5,0,0,0,0,5.555555820465088,4.761904716491699,0,0,0,0,0,0,0,38748.95166015625,122286.85760498047,0,404327403520,8589930496,5876994048,114688
10,1791553921273,2500,2499,2499,2499,2500,2500,2500,2500,2499,2500,2499,2500,2500,2499,2500,2499,0,100,5,0,0,0,0,5.555555820465088,4.761904716491699,0,0,0,0,0,0,0,38749.10693359375,122287.23431396484,0,404327403520,8589930496,5876994048,114688
10,1791553921283,2500,2499,2499,2499,2500,2500,2500,2500,2499,2500,2499,2500,2500,2499,2500,2499,0,100,5,0,0,0,0,5.555555820465088,4.761904716491699,0,0,0,0,0,0,0,38749.26092529297,122287.61254882813,0,404327403520,8589930496,5885419520,114688
9,1791553921293,2500,2499,2499,2499,2500,2500,2500,2500,2499,2500,2499,2500,2500,2499,2500,2499,0,100,5,0,0,0,0,5.555555820465088,4.761904716491699,0,0,0,0,0,0,0,38749.41473388672,122287.98889160156,0,404327403520,8589930496,5885419520,114688
10,1791553921303,2500,2499,2499,2499,2500,2500,2500,2500,2499,2500,2499,2500,2500,2499,2500,2499,0,100,5,0,0,0,0,5.555555820465088,4.761904716491699,0,0,0,0,0,0,0,38749.57061767578,122288.36737060547,0,404327403520,8589930496,5885419520,114688
9,1791553921314,2500,2499,2499,2499,2500,2500,2500,2500,2499,2500,2499,2500,2500,2499,2500,2499,0,100,5,0,0,0,0,5.555555820465088,4.761904716491699,0,0,0,0,0,0,0,38749.721923828125,122288.74462890625,0,404327403520,8589930496,5885419520,114688
10,1791553921324,2500,2499,2499,2499,2500,2500,2500,2500,2499,2500,2499,2500,2500,2499,2500,2499,0,100,5,0,0,0,0,5.555555820465088,4.761904716491699,0,0,0,0,0,0,0,38749.874084472656,122289.12127685547,0,404327403520,8589930496,5885419520,114688
10,1791553921334,2500,2499,2499,2499,2500,2500,2500,2500,2499,2500,2499,2500,2500,2499,2500,2499,0,100,5,0,0,0,0,5.555555820465088,4.761904716491699,0,0,0,0,0,0,0,38750.0302734375,122289.4985961914,0,404327403520,8589930496,5893844992,114688
10,1791553921344,2500,2499,2499,2499,2500,2500,2500,2500,2499,2500,2499,2500,2500,2499,2500,2499,0,100,5,0,0,0,0,5.555555820465088,4.761904716491699,0,0,0,0,0,0,0,38750.184509277344,122289.8759765625,0,404327403520,8589930496,5893844992,114688
10,1791553921354,2500,2499,2499,2499,2500,2500,2500,2500,2499,2500,2499,2500,2500,2499,2500,2499,0,100,5,0,0,0,0,5.555555820465088,4.761904716491699,0,0,0,0,0,0,0,38750.338928222656,122290.25299072266,0,404327403520,8589930496,5893844992,114688
10,1791553921364,2500,2499,2499,2499,2500,2500,2500,2500,2499,2500,2499,2500,2500,2499,2500,2499,0,100,5,0,0,0,0,5.555555820465088,4.761904716491699,0,0,0,0,0,0,0,38750.48962402344,122290.63116455078,0,404327403520,8589930496,5893844992,114688
10,1791553921374,2500,2499,2499,2499,2500,2500,2500,2500,2499,2500,2499,2500,2500,2499,2500,2499,0,100,5,0,0,0,0,5.555555820465088,4.761904716491699,0,0,0,0,0,0,0,38750.64581298828,122291.01013183594,0,404327403520,8589930496,5901774848,114688
10,1791553921384,2500,2499,2499,2499,2500,2500,2500,2500,2499,2500,2499,2500,2500,2499,2500,2499,0,100,5,0,0,0,0,5.555555820465088,4.761904716491699,0,0,0,0,0,0,0,38750.799377441406,122291.3882446289,0,404327403520,8589930496,5901774848,114688
10,1791553921394,2500,2499,2499,2499,2500,2500,2500,2500,2499,2500,2499,2500,2500,2499,2500,2499,0,100,5,0,0,0,0,5.555555820465088,4.761904716491699,0,0,0,0,0,0,0,38750.9541015625,122291.76440429688,0,404327403520,8589930496,5901774848,114688
10,1791553921404,2500,2499,2499,2499,2500,2500,2500,2500,2499,2500,2499,2500,2500,2499,2500,2499,0,100,5,0,0,0,0,5.555555820465088,4.761904716491699,0,0,0,0,0,0,0,38751.126037597656,122292.17883300781,0,404327403520,8589930496,5901774848,114688
9,1791553921414,2500,2499,2499,2499,2500,2500,2500,2500,2499,2500,2499,2500,2500,2499,2500,2499,0,100,5,0,0,0,0,5.555555820465088,4.761904716491699,0,0,0,0,0,0,0,38751.279357910156,122292.55682373047,0,404327403520,8589930496,5910200320,114688
10,1791553921424,2500,2499,2499,2499,2500,2500,2500,2500,2499,2500,2499,2500,2500,2499,2500,2499,0,100,5,0,0,0,0,5.555555820465088,4.761904716491699,0,0,0,0,0,0,0,38751.437072753906,122292.93420410156,0,404327403520,8589930496,5910200320,114688
10,1791553921434,2500,2499,2499,2499,2500,2500,2500,2500,2499,2500,2499,2500,2500,2499,2500,2499,0,100,5,0,0,0,0,5.555555820465088,4.761904716491699,0,0,0,0,0,0,0,38751.592712402344,122293.31091308594,0,404327403520,8589930496,5910200320,114688
10,1791553921444,2500,2499,2499,2499,2500,2500,2500,2500,2499,2500,2499,2500,2500,2499,2500,2499,0,100,5,0,0,0,0,5.555555820465088,4.761904716491699,0,0,0,0,0,0,0,38751.74725341797,122293.6875,0,404327403520,8589930496,5910200320,114688
10,1791553921454,2500,2499,2499,2499,2500,2500,2500,2500,2499,2500,2499,2500,2500,2499,2500,2499,0,100,5,0,0,0,0,5.555555820465088,4.761904716491699,0,0,0,0,0,0,0,38751.90252685547,122294.06420898438,0,404327403520,8589930496,5910200320,114688
10,1791553921464,2500,2499,2499,2499,2500,2500,2500,2500,2499,2500,2499,2500,2500,2499,2500,2499,0,100,0,0,0,0,5,5.263157844543457,5,0,0,0,0,0,0,0,38752.061584472656,122294.44226074219,0,404327403520,8589930496,5918625792,114688
9,1791553921474,2500,2499,2499,2499,2500,2500,2500,2500,2499,2500,2499,2500,2500,2499,2500,2499,0,100,0,0,0,0,5,5.263157844543457,5,0,0,0,0,0,0,0,38752.21209716797,122294.81958007813,0,404327403520,8589930496,5918625792,114688
10,1791553921484,2500,2499,2499,2499,2500,2500,2500,2500,2499,2500,2499,2500,2500,2499,2500,2499,0,100,0,0,0,0,5,5.263157844543457,5,0,0,0,0,0,0,0,38752.363525390625,122295.197265625,0,404327403520,8589930496,5918625792,114688
10,1791553921495,2500,2499,2499,2499,2500,2500,2500,2500,2499,2500,2499,2500,2500,2499,2500,2499,0,100,0,0,0,0,5,5.263157844543457,5,0,0,0,0,0,0,0,38752.515686035156,122295.57214355469,0,404327403520,8589930496,5918625792,114688
10,1791553921505,2500,2499,2499,2499,2500,2500,2500,2500,2499,2500,2499,2500,2500,2499,2500,2499,0,100,0,0,0,0,5,5.263157844543457,5,0,0,0,0,0,0,0,38752.67169189453,122295.95288085938,0,404327403520,8589930496,5926555648,114688
10,1791553921515,2500,2499,2499,2499,2500,2500,2500,2500,2499,2500,2499,2500,2500,2499,2500,2499,0,100,0,0,0,0,5,5.263157844543457,5,0,0,0,0,0,0,0,38752.82531738281,122296.32861328125,0,404327403520,8589930496,5926555648,114688
10,1791553921525,2500,2499,2499,2499,2500,2500,2500,2500,2499,2500,2499,2500,2500,2499,2500,2499,0,100,0,0,0,0,5,5.263157844543457,5,0,0,0,0,0,0,0,38752.978454589844,122296.70434570313,0,404327403520,8589930496,5926555648,114688
10,1791553921535,2500,2499,2499,2499,2500,2500,2500,2500,2499,2500,2499,2500,2500,2499,2500,2499,0,100,0,0,0,0,5,5.263157844543457,5,0,0,0,0,0,0,0,38753.13006591797,122297.08190917969,0,404327403520,8589930496,5926555648,114688
10,1791553921545,2500,2499,2499,2499,2500,2500,2500,2500,2499,2500,2499,2500,2500,2499,2500,2499,0,100,0,0,0,0,5,5.263157844543457,5,0,0,0,0,0,0,0,38753.283264160156,122297.45971679688,0,404327403520,8589930496,5926555648,114688
9,1791553921555,2500,2499,2499,2499,2500,2500,2500,2500,2499,2500,2499,2500,2500,2499,2500,2499,0,100,0,0,0,0,5,5.263157844543457,5,0,0,0,0,0,0,0,38753.439453125,122297.83557128906,0,404327403520,8589930496,5934981120,114688
10,1791553921565,2500,2499,2499,2499,2500,2500,2500,2500,2499,2500,2499,2500,2500,2499,2500,2499,0,100,0,0,0,0,5,5.263157844543457,5,0,0,0,0,0,0,0,38753.596740722656,122298.21228027344,0,404327403520,8589930496,5934981120,114688
10,1791553921575,2500,2499,2499,2499,2500,2500,2500,2500,2499,2500,2499,2500,2500,2499,2500,2499,0,100,0,0,0,0,5,5.263157844543457,5,0,0,0,0,0,0,0,38753.74621582031,122298.59057617188,0,404327403520,8589930496,5934981120,114688
9,1791553921585,2500,2499,2499,2499,2500,2500,2500,2500,2499,2500,2499,2500,2500,2499,2500,2499,0,100,0,0,0,0,5,5.263157844543457,5,0,0,0,0,0,0,0,38753.9013671875,122298.97033691406,0,404327403520,8589930496,5934981120,114688
10,1791553921595,2500,2499,2499,2499,2500,2500,2500,2500,2499,2500,2499,2500,2500,2499,2500,2499,0,100,0,0,0,0,5,5.263157844543457,5,0,0,0,0,0,0,0,38754.05352783203,122299.34350585938,0,404327403520,8589930496,5943406592,114688
10,1791553921605,2500,2499,2499,2499,2500,2500,2500,2500,2499,2500,2499,2500,2500,2499,2500,2499,0,100,0,0,0,0,5,5.263157844543457,5,0,0,0,0,0,0,0,38754.22296142578,122299.75775146484,0,404327403520,8589930496,5943406592,114688
10,1791553921615,2500,2499,2499,2499,2500,2500,2500,2500,2499,2500,2499,2500,2500,2499,2500,2499,0,100,0,0,0,0,5,5.263157844543457,5,0,0,0,0,0,0,0,38754.37805175781,122300.13525390625,0,404327403520,8589930496,5943406592,114688
10,1791553921625,2500,2499,2499,2499,2500,2500,2500,2500,2499,2500,2499,2500,2500,2499,2500,2499,0,100,0,0,0,0,5,5.263157844543457,5,0,0,0,0,0,0,0,38754.531494140625,122300.51397705078,0,404327403520,8589930496,5943406592,114688
10,1791553921635,2500,2499,2499,2499,2500,2500,2500,2500,2499,2500,2499,2500,2500,2499,2500,2499,0,100,0,0,0,0,5,5.263157844543457,5,0,0,0,0,0,0,0,38754.69030761719,122300.88995361328,0,404327403520,8589930496,5943406592,114688
10,1791553921645,2500,2499,2499,2499,2500,2500,2500,2500,2499,2500,2499,2500,2500,2499,2500,2499,0,100,0,0,0,0,5,5.263157844543457,5,0,0,0,0,0,0,0,38754.84063720703,122301.26940917969,0,404327403520,8589930496,5951336448,114688
9,1791553921655,2500,2499,2499,2499,2500,2500,2500,2500,2499,2500,2499,2500,2500,2499,2500,2499,0,100,0,0,0,0,5,5.263157844543457,5,0,0,0,0,0,0,0,38754.993713378906,122301.6441040039,0,404327403520,8589930496,5951336448,114688
10,1791553921666,2500,2499,2499,2499,2500,2500,2500,2500,2499,2500,2499,2500,2500,2499,2500,2499,0,100,0,0,0,0,0,5.263157844543457,0,0,0,4.761904716491699,0,0,0,0,38755.152282714844,122302.02117919922,0,404327403520,8589930496,5951336448,114688
10,1791553921676,2500,2499,2499,2499,2500,2500,2500,2500,2499,2500,2499,2500,2500,2499,2500,2499,0,100,0,0,0,0,0,5.263157844543457,0,0,0,4.761904716491699,0,0,0,0,38755.30041503906,122302.39794921875,0,404327403520,8589930496,5951336448,114688
10,1791553921686,2500,2499,2499,2499,2500,2500,2500,2500,2499,2500,2499,2500,2500,2499,2500,2499,0,100,0,0,0,0,0,5.263157844543457,0,0,0,4.761904716491699,0,0,0,0,38755.44805908203,122302.77459716797,0,404327403520,8589930496,5959761920,114688
10,1791553921696,2500,2499,2499,2499,2500,2500,2500,2500,2499,2500,2499,2500,2500,2499,2500,2499,0,100,0,0,0,0,0,5.263157844543457,0,0,0,4.761904716491699,0,0,0,0,38755.59930419922,122303.15240478516,0,404327403520,8589930496,5959761920,114688
10,1791553921706,2500,2499,2499,2499,2500,2500,2500,2500,2499,2500,2499,2500,2500,2499,2500,2499,0,100,0,0,0,0,0,5.263157844543457,0,0,0,4.761904716491699,0,0,0,0,38755.753967285156,122303.52966308594,0,404327403520,8589930496,5959761920,114688
10,1791553921716,2500,2499,2499,2499,2500,2500,2500,2500,2499,2500,2499,2500,2500,2499,2500,2499,0,100,0,0,0,0,0,5.263157844543457,0,0,0,4.761904716491699,0,0,0,0,38755.90856933594,122303.90710449219,0,404327403520,8589930496,5959761920,114688
10,1791553921726,2500,2499,2499,2499,2500,2500,2500,2500,2499,2500,2499,2500,2500,2499,2500,2499,0,100,0,0,0,0,0,5.263157844543457,0,0,0,4.761904716491699,0,0,0,0,38756.06072998047,122304.28308105469,0,404327403520,8589930496,5959761920,114688
10,1791553921736,2500,2499,2499,2499,2500,2500,2500,2500,2499,2500,2499,2500,2500,2499,2500,2499,0,100,0,0,0,0,0,5.263157844543457,0,0,0,4.761904716491699,0,0,0,0,38756.21600341797,122304.66271972656,0,404327403520,8589930496,5968187392,114688
10,1791553921746,2500,2499,2499,2499,2500,2500,2500,2500,2499,2500,2499,2500,2500,2499,2500,2499,0,100,0,0,0,0,0,5.263157844543457,0,0,0,4.761904716491699,0,0,0,0,38756.37121582031,122305.03985595703,0,404327403520,8589930496,5968187392,114688
9,1791553921756,2500,2499,2499,2499,2500,2500,2500,2500,2499,2500,2499,2500,2500,2499,2500,2499,0,100,0,0,0,0,0,5.263157844543457,0,0,0,4.761904716491699,0,0,0,0,38756.530700683594,122305.41723632813,0,404327403520,8589930496,5968187392,114688
10,1791553921766,2500,2499,2499,2499,2500,2500,2500,2500,2499,2500,2499,2500,2500,2499,2500,2499,0,100,0,0,0,0,0,5.263157844543457,0,0,0,4.761904716491699,0,0,0,0,38756.68719482422,122305.79595947266,0,404327403520,8589930496,5968187392,114688
10,1791553921776,2500,2499,2499,2499,2500,2500,2500,2500,2499,2500,2499,2500,2500,2499,2500,2499,0,100,0,0,0,0,0,5.263157844543457,0,0,0,4.761904716491699,0,0,0,0,38756.84362792969,122306.17102050781,0,404327403520,8589930496,5976117248,114688
10,1791553921786,2500,2499,2499,2499,2500,2500,2500,2500,2499,2500,2499,2500,2500,2499,2500,2499,0,100,0,0,0,0,0,5.263157844543457,0,0,0,4.761904716491699,0,0,0,0,38756.99835205078,122306.54864501953,0,404327403520,8589930496,5976117248,114688
10,1791553921796,2500,2499,2499,2499,2500,2500,2500,2500,2499,2500,2499,2500,2500,2499,2500,2499,0,100,0,0,0,0,0,5.263157844543457,0,0,0,4.761904716491699,0,0,0,0,38757.149353027344,122306.92626953125,0,404327403520,8589930496,5976117248,114688
10,1791553921806,2500,2499,2499,2499,2500,2500,2500,2500,2499,2500,2499,2500,2500,2499,2500,2499,0,100,0,0,0,0,0,5.263157844543457,0,0,0,4.761904716491699,0,0,0,0,38757.31689453125,122307.34173583984,0,404327403520,8589930496,5976117248,114688
10,1791553921816,2500,2499,2499,2499,2500,2500,2500,2500,2499,2500,2499,2500,2500,2499,2500,2499,0,100,0,0,0,0,0,5.263157844543457,0,0,0,4.761904716491699,0,0,0,0,38757.47637939453,122307.71960449219,0,404327403520,8589930496,5976612864,114688
9,1791553921826,2500,2499,2499,2499,2500,2500,2500,2500,2499,2500,2499,2500,2500,2499,2500,2499,0,100,0,0,0,0,0,5.263157844543457,0,0,0,4.761904716491699,0,0,0,0,38757.627502441406,122308.09576416016,0,404327403520,8589930496,5984542720,114688
10,1791553921837,2500,2499,2499,2499,2500,2500,2500,2500,2499,2500,2499,2500,2500,2499,2500,2499,0,100,0,0,0,0,0,5.263157844543457,0,0,0,4.761904716491699,0,0,0,0,38757.78259277344,122308.4730834961,0,404327403520,8589930496,5984542720,114688
10,1791553921847,2500,2499,2499,2499,2500,2500,2500,2500,2499,2500,2499,2500,2500,2499,2500,2499,0,100,0,0,0,0,0,5.263157844543457,0,0,0,4.761904716491699,0,0,0,0,38757.935485839844,122308.8491821289,0,404327403520,8589930496,5984542720,114688
10,1791553921857,2500,2499,2499,2499,2500,2500,2500,2500,2499,2500,2499,2500,2500,2499,2500,2499,0,100,0,0,0,0,0,5.263157844543457,0,0,0,4.761904716491699,0,0,0,0,38758.09045410156,122309.22680664063,0,404327403520,8589930496,5984542720,114688
10,1791553921867,2500,2499,2499,2499,2500,2500,2500,2500,2499,2500,2499,2500,2500,2499,2500,2499,5,100,0,0,0,5,0,10.526315689086914,4.761904716491699,0,0,0,0,0,0,0,38758.24621582031,122309.60418701172,0,404327403520,8589930496,5992968192,114688
10,1791553921877,2500,2499,2499,2499,2500,2500,2500,2500,2499,2500,2499,2500,2500,2499,2500,2499,5,100,0,0,0,5,0,10.526315689086914,4.761904716491699,0,0,0,0,0,0,0,38758.39880371094,122309.98333740234,0,404327403520,8589930496,5992968192,114688
10,1791553921887,2500,2499,2499,2499,2500,2500,2500,2500,2499,2500,2499,2500,2500,2499,2500,2499,5,100,0,0,0,5,0,10.526315689086914,4.761904716491699,0,0,0,0,0,0,0,38758.554443359375,122310.36059570313,0,404327403520,8589930496,5992968192,114688
10,1791553921897,2500,2499,2499,2499,2500,2500,2500,2500,2499,2500,2499,2500,2500,2499,2500,2499,5,100,0,0,0,5,0,10.526315689086914,4.761904716491699,0,0,0,0,0,0,0,38758.705078125,122310.73864746094,0,404327403520,8589930496,5992968192,114688
10,1791553921907,2500,2499,2499,2499,2500,2500,2500,2500,2499,2500,2499,2500,2500,2499,2500,2499,5,100,0,0,0,5,0,10.526315689086914,4.761904716491699,0,0,0,0,0,0,0,38758.85528564453,122311.1118774414,0,404327403520,8589930496,6000898048,114688
10,1791553921917,2500,2499,2499,2499,2500,2500,2500,2500,2499,2500,2499,2500,2500,2499,2500,2499,5,100,0,0,0,5,0,10.526315689086914,4.761904716491699,0,0,0,0,0,0,0,38759.01208496094,122311.4907836914,0,404327403520,8589930496,6000898048,114688
9,1791553921927,2500,2499,2499,2499,2500,2500,2500,2500,2499,2500,2499,2500,2500,2499,2500,2499,5,100,0,0,0,5,0,10.526315689086914,4.761904716491699,0,0,0,0,0,0,0,38759.1767578125,122311.86889648438,0,404327403520,8589930496,6000898048,114688
10,1791553921937,2500,2499,2499,2499,2500,2500,2500,2500,2499,2500,2499,2500,2500,2499,2500,2499,5,100,0,0,0,5,0,10.526315689086914,4.761904716491699,0,0,0,0,0,0,0,38759.33557128906,122312.24572753906,0,404327403520,8589930496,6000898048,114688
10,1791553921947,2500,2499,2499,2499,2500,2500,2500,2500,2499,2500,2499,2500,2500,2499,2500,2499,5,100,0,0,0,5,0,10.526315689086914,4.761904716491699,0,0,0,0,0,0,0,38759.494079589844,122312.62200927734,0,404327403520,8589930496,6000898048,114688
10,1791553921957,2500,2499,2499,2499,2500,2500,2500,2500,2499,2500,2499,2500,2500,2499,2500,2499,5,100,0,0,0,5,0,10.526315689086914,4.761904716491699,0,0,0,0,0,0,0,38759.65393066406,122313.00341796875,0,404327403520,8589930496,6000898048,114688
10,1791553921967,2500,2499,2499,2499,2500,2500,2500,2500,2499,2500,2499,2500,2500,2499,2500,2499,5,100,0,0,0,5,0,10.526315689086914,4.761904716491699,0,0,0,0,0,0,0,38759.81378173828,122313.37854003906,0,404327403520,8589930496,6000898048,114688
10,1791553921977,2500,2499,2499,2499,2500,2500,2500,2500,2499,2500,2499,2500,2500,2499,2500,2499,5,100,0,0,0,5,0,10.526315689086914,4.761904716491699,0,0,0,0,0,0,0,38759.971130371094,122313.75463867188,0,404327403520,8589930496,6000898048,114688
10,1791553921987,2500,2499,2499,2499,2500,2500,2500,2500,2499,2500,2499,2500,2500,2499,2500,2499,5,100,0,0,0,5,0,10.526315689086914,4.761904716491699,0,0,0,0,0,0,0,38760.131103515625,122314.1351928711,0,404327403520,8589930496,6000898048,114688
9,1791553921997,2500,2499,2499,2499,2500,2500,2500,2500,2499,2500,2499,2500,2500,2499,2500,2499,5,100,0,0,0,5,0,10.526315689086914,4.761904716491699,0,0,0,0,0,0,0,38760.29278564453,122314.51232910156,0,404327403520,8589930496,6000898048,114688
10,1791553922008,2500,2499,2499,2499,2500,2500,2500,2500,2499,2500,2499,2500,2500,2499,2500,2499,5,100,0,0,0,5,0,10.526315689086914,4.761904716491699,0,0,0,0,0,0,0,38760.466796875,122314.89306640625,0,404327403520,8589930496,6000898048,114688
10,1791553922018,2500,2499,2499,2499,2500,2500,2500,2500,2499,2500,2499,2500,2500,2499,2500,2499,5,100,0,0,0,5,0,10.526315689086914,4.761904716491699,0,0,0,0,0,0,0,38760.62921142578,122315.31024169922,0,404327403520,8589930496,6000898048,114688
9,1791553922028,2500,2499,2499,2499,2500,2500,2500,2500,2499,2500,2499,2500,2500,2499,2500,2499,5,100,0,0,0,5,0,10.526315689086914,4.761904716491699,0,0,0,0,0,0,0,38760.78924560547,122315.6865234375,0,404327403520,8589930496,6000898048,114688
10,1791553922038,2500,2499,2499,2499,2500,2500,2500,2500,2499,2500,2499,2500,2500,2499,2500,2499,5,100,0,0,0,5,0,10.526315689086914,4.761904716491699,0,0,0,0,0,0,0,38760.94598388672,122316.06396484375,0,404327403520,8589930496,6000898048,114688
10,1791553922048,2500,2499,2499,2499,2500,2500,2500,2500,2499,2500,2499,2500,2500,2499,2500,2499,5,100,0,0,0,5,0,10.526315689086914,4.761904716491699,0,0,0,0,0,0,0,38761.101135253906,122316.44116210938,0,404327403520,8589930496,6000898048,114688
10,1791553922058,2500,2499,2499,2499,2500,2500,2500,2500,2499,2500,2499,2500,2500,2499,2500,2499,5,100,0,0,0,5,0,10.526315689086914,4.761904716491699,0,0,0,0,0,0,0,38761.25817871094,122316.81921386719,0,404327403520,8589930496,6000898048,114688
10,1791553922068,2500,2499,2499,2499,2500,2500,2500,2500,2499,2500,2499,2500,2500,2499,2500,2499,0,100,0,0,0,0,0,5.263157844543457,0,0,0,0,0,0,9.523809432983398,0,38761.416931152344,122317.19610595703,0,404327403520,8589930496,6000898048,114688
10,1791553922078,2500,2499,2499,2499,2500,2500,2500,2500,2499,2500,2499,2500,2500,2499,2500,2499,0,100,0,0,0,0,0,5.263157844543457,0,0,0,0,0,0,9.523809432983398,0,38761.58056640625,122317.57507324219,0,404327403520,8589930496,6000898048,114688
10,1791553922088,2500,2499,2499,2499,2500,2500,2500,2500,2499,2500,2499,2500,2500,2499,2500,2499,0,100,0,0,0,0,0,5.263157844543457,0,0,0,0,0,0,9.523809432983398,0,38761.74060058594,122317.9526977539,0,404327403520,8589930496,5992382464,114688
9,1791553922098,2500,2499,2499,2499,2500,2500,2500,2500,2499,2500,2499,2500,2500,2499,2500,2499,0,100,0,0,0,0,0,5.263157844543457,0,0,0,0,0,0,9.523809432983398,0,38761.903381347656,122318.33026123047,0,404327403520,8589930496,5992382464,114688
10,1791553922108,2500,2499,2499,2499,2500,2500,2500,2500,2499,2500,2499,2500,2500,2499,2500,2499,0,100,0,0,0,0,0,5.263157844543457,0,0,0,0,0,0,9.523809432983398,0,38762.061584472656,122318.71032714844,0,404327403520,8589930496,5992382464,114688
10,1791553922118,2500,2499,2499,2499,2500,2500,2500,2500,2499,2500,2499,2500,2500,2499,2500,2499,0,100,0,0,0,0,0,5.263157844543457,0,0,0,0,0,0,9.523809432983398,0,38762.227294921875,122319.08630371094,0,404327403520,8589930496,5992382464,114688
10,1791553922128,2500,2499,2499,2499,2500,2500,2500,2500,2499,2500,2499,2500,2500,2499,2500,2499,0,100,0,0,0,0,0,5.263157844543457,0,0,0,0,0,0,9.523809432983398,0,38762.38623046875,122319.46405029297,0,404327403520,8589930496,5992382464,114688
10,1791553922138,2500,2499,2499,2499,2500,2500,2500,2500,2499,2500,2499,2500,2500,2499,2500,2499,0,100,0,0,0,0,0,5.263157844543457,0,0,0,0,0,0,9.523809432983398,0,38762.54754638672,122319.8408203125,0,404327403520,8589930496,5992382464,114688
10,1791553922148,2500,2499,2499,2499,2500,2500,2500,2500,2499,2500,2499,2500,2500,2499,2500,2499,0,100,0,0,0,0,0,5.263157844543457,0,0,0,0,0,0,9.523809432983398,0,38762.71667480469,122320.21649169922,0,404327403520,8589930496,5992382464,114688
10,1791553922158,2500,2499,2499,2499,2500,2500,2500,2500,2499,2500,2499,2500,2500,2499,2500,2499,0,100,0,0,0,0,0,5.263157844543457,0,0,0,0,0,0,9.523809432983398,0,38762.876708984375,122320.59954833984,0,404327403520,8589930496,5992292352,114688
9,1791553922168,2500,2499,2499,2499,2500,2500,2500,2500,2499,2500,2499,2500,2500,2499,2500,2499,0,100,0,0,0,0,0,5.263157844543457,0,0,0,0,0,0,9.523809432983398,0,38763.03106689453,122320.97900390625,0,404327403520,8589930496,5992292352,114688
10,1791553922179,2500,2499,2499,2499,2500,2500,2500,2500,2499,2500,2499,2500,2500,2499,2500,2499,0,100,0,0,0,0,0,5.263157844543457,0,0,0,0,0,0,9.523809432983398,0,38763.1923828125,122321.359375,0,404327403520,8589930496,5992292352,114688
10,1791553922189,2500,2499,2499,2499,2500,2500,2500,2500,2499,2500,2499,2500,2500,2499,2500,2499,0,100,0,0,0,0,0,5.263157844543457,0,0,0,0,0,0,9.523809432983398,0,38763.351318359375,122321.7314453125,0,404327403520,8589930496,5992292352,114688
10,1791553922199,2500,2499,2499,2499,2500,2500,2500,2500,2499,2500,2499,2500,2500,2499,2500,2499,0,100,0,0,0,0,0,5.263157844543457,0,0,0,0,0,0,9.523809432983398,0,38763.509826660156,122322.11517333984,0,404327403520,8589930496,5992292352,114688
10,1791553922209,2500,2499,2499,2499,2500,2500,2500,2500,2499,2500,2499,2500,2500,2499,2500,2499,0,100,0,0,0,0,0,5.263157844543457,0,0,0,0,0,0,9.523809432983398,0,38763.66931152344,122322.4956665039,0,404327403520,8589930496,5992292352,114688
10,1791553922219,2500,2499,2499,2499,2500,2500,2500,2500,2499,2500,2499,2500,2500,2499,2500,2499,0,100,0,0,0,0,0,5.263157844543457,0,0,0,0,0,0,9.523809432983398,0,38763.824951171875,122322.86511230469,0,404327403520,8589930496,5992292352,114688
10,1791553922229,2500,2499,2499,2499,2500,2500,2500,2500,2499,2500,2499,2500,2500,2499,2500,2499,0,100,0,0,0,0,0,5.263157844543457,0,0,0,0,0,0,9.523809432983398,0,38763.99792480469,122323.2817993164,0,404327403520,8589930496,5992292352,114688
10,1791553922239,2500,2499,2499,2499,2500,2500,2500,2500,2499,2500,2499,2500,2500,2499,2500,2499,0,100,0,0,0,0,0,5.263157844543457,0,0,0,0,0,0,9.523809432983398,0,38764.15783691406,122323.66064453125,0,404327403520,8589930496,5992292352,114688
10,1791553922249,2500,2499,2499,2499,2500,2500,2500,2500,2499,2500,2499,2500,2500,2499,2500,2499,0,100,0,0,0,0,0,5.263157844543457,0,0,0,0,0,0,9.523809432983398,0,38764.30126953125,122324.001953125,0,404327403520,8589930496,5992292352,114688
10,1791553922259,2500,2499,2499,2499,2500,2500,2500,2500,2499,2500,2499,2500,2500,2499,2500,2499,0,100,0,0,0,0,0,5.263157844543457,0,0,0,0,0,0,9.523809432983398,0,38764.477966308594,122324.42102050781,0,404327403520,8589930496,5992292352,114688
10,1791553922269,2500,2499,2499,2499,2500,2500,2500,2500,2499,2500,2499,2500,2500,2499,2500,2499,0,100,0,0,0,0,0,10,0,0,4.761904716491699,0,0,0,5.263157844543457,0,38764.641052246094,122324.79779052734,0,404327403520,8589930496,5992292352,114688
10,1791553922279,2500,2499,2499,2499,2500,2500,2500,2500,2499,2500,2499,2500,2500,2499,2500,2499,0,100,0,0,0,0,0,10,0,0,4.761904716491699,0,0,0,5.263157844543457,0,38764.80096435547,122325.17059326172,0,404327403520,8589930496,5992292352,114688
10,1791553922289,2500,2499,2499,2499,2500,2500,2500,2500,2499,2500,2499,2500,2500,2499,2500,2499,0,100,0,0,0,0,0,10,0,0,4.761904716491699,0,0,0,5.263157844543457,0,38764.959716796875,122325.5484008789,0,404327403520,8589930496,5992292352,114688
10,1791553922299,2500,2499,2499,2499,2500,2500,2500,2500,2499,2500,2499,2500,2500,2499,2500,2499,0,100,0,0,0,0,0,10,0,0,4.761904716491699,0,0,0,5.263157844543457,0,38765.120849609375,122325.92987060547,0,404327403520,8589930496,5992292352,114688
10,1791553922309,2500,2499,2499,2499,2500,2500,2500,2500,2499,2500,2499,2500,2500,2499,2500,2499,0,100,0,0,0,0,0,10,0,0,4.761904716491699,0,0,0,5.263157844543457,0,38765.287109375,122326.3056640625,0,404327403520,8589930496,5992292352,114688
10,1791553922319,2500,2499,2499,2499,2500,2500,2500,2500,2499,2500,2499,2500,2500,2499,2500,2499,0,100,0,0,0,0,0,10,0,0,4.761904716491699,0,0,0,5.263157844543457,0,38765.446044921875,122326.68383789063,0,404327403520,8589930496,5992292352,114688
10,1791553922329,2500,2499,2499,2499,2500,2500,2500,2500,2499,2500,2499,2500,2500,2499,2500,2499,0,100,0,0,0,0,0,10,0,0,4.761904716491699,0,0,0,5.263157844543457,0,38765.60723876953,122327.06134033203,0,404327403520,8589930496,5992292352,114688
9,1791553922339,2500,2499,2499,2499,2500,2500,2500,2500,2499,2500,2499,2500,2500,2499,2500,2499,0,100,0,0,0,0,0,10,0,0,4.761904716491699,0,0,0,5.263157844543457,0,38765.76525878906,122327.43774414063,0,404327403520,8589930496,5992292352,114688
10,1791553922350,2500,2499,2499,2499,2500,2500,2500,2500,2499,2500,2499,2500,2500,2499,2500,2499,0,100,0,0,0,0,0,10,0,0,4.761904716491699,0,0,0,5.263157844543457,0,38765.92596435547,122327.81768798828,0,404327403520,8589930496,5992292352,114688
10,1791553922360,2500,2499,2499,2499,2500,2500,2500,2500,2499,2500,2499,2500,2500,2499,2500,2499,0,100,0,0,0,0,0,10,0,0,4.761904716491699,0,0,0,5.263157844543457,0,38766.07727050781,122328.19580078125,0,404327403520,8589930496,5992292352,114688
10,1791553922370,2500,2499,2499,2499,2500,2500,2500,2500,2499,2500,2499,2500,2500,2499,2500,2499,0,100,0,0,0,0,0,10,0,0,4.761904716491699,0,0,0,5.263157844543457,0,38766.22863769531,122328.57391357422,0,404327403520,8589930496,5992292352,114688
10,1791553922380,2500,2499,2499,2499,2500,2500,2500,2500,2499,2500,2499,2500,2500,2499,2500,2499,0,100,0,0,0,0,0,10,0,0,4.761904716491699,0,0,0,5.263157844543457,0,38766.386962890625,122328.95233154297,0,404327403520,8589930496,5992292352,114688
10,1791553922390,2500,2499,2499,2499,2500,2500,2500,2500,2499,2500,2499,2500,2500,2499,2500,2499,0,100,0,0,0,0,0,10,0,0,4.761904716491699,0,0,0,5.263157844543457,0,38766.546630859375,122329.33056640625,0,404327403520,8589930496,5992292352,114688
10,1791553922400,2500,2499,2499,2499,2500,2500,2500,2500,2499,2500,2499,2500,2500,2499,2500,2499,0,100,0,0,0,0,0,10,0,0,4.761904716491699,0,0,0,5.263157844543457,0,38766.707092285156,122329.70959472656,0,404327403520,8589930496,5992292352,114688
10,1791553922410,2500,2499,2499,2499,2500,2500,2500,2500,2499,2500,2499,2500,2500,2499,2500,2499,0,100,0,0,0,0,0,10,0,0,4.761904716491699,0,0,0,5.263157844543457,0,38766.86682128906,122330.0864868164,0,404327403520,8589930496,5992292352,114688
10,1791553922420,2500,2499,2499,2499,2500,2500,2500,2500,2499,2500,2499,2500,2500,2499,2500,2499,0,100,0,0,0,0,0,10,0,0,4.761904716491699,0,0,0,5.263157844543457,0,38767.02185058594,122330.46405029297,0,404327403520,8589930496,5992292352,114688
10,1791553922430,2500,2499,2499,2499,2500,2500,2500,2500,2499,2500,2499,2500,2500,2499,2500,2499,0,100,0,0,0,0,0,10,0,0,4.761904716491699,0,0,0,5.263157844543457,0,38767.182189941406,122330.84228515625,0,404327403520,8589930496,5992292352,114688
10,1791553922440,2500,2499,2499,2499,2500,2500,2500,2500,2499,2500,2499,2500,2500,2499,2500,2499,0,100,0,0,0,0,0,10,0,0,4.761904716491699,0,0,0,5.263157844543457,0,38767.355041503906,122331.259765625,0,404327403520,8589930496,5992292352,114688
10,1791553922450,2500,2499,2499,2499,2500,2500,2500,2500,2499,2500,2499,2500,2500,2499,2500,2499,0,100,0,0,0,0,0,10,0,0,4.761904716491699,0,0,0,5.263157844543457,0,38767.511962890625,122331.63580322266,0,404327403520,8589930496,5992292352,114688
10,1791553922460,2500,2499,2499,2499,2500,2500,2500,2500,2499,2500,2499,2500,2500,2499,2500,2499,0,100,0,0,0,0,0,10,0,0,4.761904716491699,0,0,0,5.263157844543457,0,38767.67510986328,122332.013671875,0,404327403520,8589930496,5992292352,114688
10,1791553922470,2500,2499,2499,2499,2500,2500,2500,2500,2499,2500,2499,2500,2500,2499,2500,2499,5,100,0,0,0,0,0,5.555555820465088,0,0,0,0,0,0,0,0,38767.83605957031,122332.39239501953,0,404327403520,8589930496,5992292352,114688
10,1791553922480,2500,2499,2499,2499,2500,2500,2500,2500,2499,2500,2499,2500,2500,2499,2500,2499,5,100,0,0,0,0,0,5.555555820465088,0,0,0,0,0,0,0,0,38767.9931640625,122332.76751708984,0,404327403520,8589930496,5992292352,114688
10,1791553922490,2500,2499,2499,2499,2500,2500,2500,2500,2499,2500,2499,2500,2500,2499,2500,2499,5,100,0,0,0,0,0,5.555555820465088,0,0,0,0,0,0,0,0,38768.15411376953,122333.14666748047,0,404327403520,8589930496,5992292352,114688
10,1791553922500,2500,2499,2499,2499,2500,2500,2500,2500,2499,2500,2499,2500,2500,2499,2500,2499,5,100,0,0,0,0,0,5.555555820465088,0,0,0,0,0,0,0,0,38768.314208984375,122333.5263671875,0,404327403520,8589930496,5992292352,114688
9,1791553922510,2500,2499,2499,2499,2500,2500,2500,2500,2499,2500,2499,2500,2500,2499,2500,2499,5,100,0,0,0,0,0,5.555555820465088,0,0,0,0,0,0,0,0,38768.475341796875,122333.90411376953,0,404327403520,8589930496,5992292352,114688
10,1791553922521,2500,2499,2499,2499,2500,2500,2500,2500,2499,2500,2499,2500,2500,2499,2500,2499,5,100,0,0,0,0,0,5.555555820465088,0,0,0,0,0,0,0,0,38768.636291503906,122334.2808227539,0,404327403520,8589930496,5992292352,114688
10,1791553922531,2500,2499,2499,2499,2500,2500,2500,2500,2499,2500,2499,2500,2500,2499,2500,2499,5,100,0,0,0,0,0,5.555555820465088,0,0,0,0,0,0,0,0,38768.79669189453,122334.65704345703,0,404327403520,8589930496,5992292352,114688
10,1791553922541,2500,2499,2499,2499,2500,2500,2500,2500,2499,2500,2499,2500,2500,2499,2500,2499,5,100,0,0,0,0,0,5.555555820465088,0,0,0,0,0,0,0,0,38768.96063232422,122335.0337524414,0,404327403520,8589930496,5992292352,114688
10,1791553922551,2500,2499,2499,2499,2500,2500,2500,2500,2499,2500,2499,2500,2500,2499,2500,2499,5,100,0,0,0,0,0,5.555555820465088,0,0,0,0,0,0,0,0,38769.119567871094,122335.41314697266,0,404327403520,8589930496,5992292352,114688
10,1791553922561,2500,2499,2499,2499,2500,2500,2500,2500,2499,2500,2499,2500,2500,2499,2500,2499,5,100,0,0,0,0,0,5.555555820465088,0,0,0,0,0,0,0,0,38769.27893066406,122335.79138183594,0,404327403520,8589930496,5992292352,114688
10,1791553922571,2500,2499,2499,2499,2500,2500,2500,2500,2499,2500,2499,2500,2500,2499,2500,2499,5,100,0,0,0,0,0,5.555555820465088,0,0,0,0,0,0,0,0,38769.43713378906,122336.17041015625,0,404327403520,8589930496,5992292352,114688
10,1791553922581,2500,2499,2499,2499,2500,2500,2500,2500,2499,2500,2499,2500,2500,2499,2500,2499,5,100,0,0,0,0,0,5.555555820465088,0,0,0,0,0,0,0,0,38769.596435546875,122336.5453491211,0,404327403520,8589930496,5992292352,114688
9,1791553922591,2500,2499,2499,2499,2500,2500,2500,2500,2499,2500,2499,2500,2500,2499,2500,2499,5,100,0,0,0,0,0,5.555555820465088,0,0,0,0,0,0,0,0,38769.75537109375,122336.92309570313,0,404327403520,8589930496,5992292352,114688
10,1791553922601,2500,2499,2499,2499,2500,2500,2500,2500,2499,2500,2499,2500,2500,2499,2500,2499,5,100,0,0,0,0,0,5.555555820465088,0,0,0,0,0,0,0,0,38769.914489746094,122337.30084228516,0,404327403520,8589930496,5992292352,114688
9,1791553922611,2500,2499,2499,2499,2500,2500,2500,2500,2499,2500,2499,2500,2500,2499,2500,2499,5,100,0,0,0,0,0,5.555555820465088,0,0,0,0,0,0,0,0,38770.077087402344,122337.67761230469,0,404327403520,8589930496,5992292352,114688
10,1791553922621,2500,2499,2499,2499,2500,2500,2500,2500,2499,2500,2499,2500,2500,2499,2500,2499,5,100,0,0,0,0,0,5.555555820465088,0,0,0,0,0,0,0,0,38770.234375,122338.0552368164,0,404327403520,8589930496,5992292352,114688
10,1791553922631,2500,2499,2499,2499,2500,2500,2500,2500,2499,2500,2499,2500,2500,2499,2500,2499,5,100,0,0,0,0,0,5.555555820465088,0,0,0,0,0,0,0,0,38770.39599609375,122338.4345703125,0,404327403520,8589930496,5992292352,114688
10,1791553922641,2500,2499,2499,2499,2500,2500,2500,2500,2499,2500,2499,2500,2500,2499,2500,2499,5,100,0,0,0,0,0,5.555555820465088,0,0,0,0,0,0,0,0,38770.57403564453,122338.84948730469,0,404327403520,8589930496,5992292352,114688
10,1791553922651,2500,2499,2499,2499,2500,2500,2500,2500,2499,2500,2499,2500,2500,2499,2500,2499,5,100,0,0,0,0,0,5.555555820465088,0,0,0,0,0,0,0,0,38770.73516845703,122339.22778320313,0,404327403520,8589930496,5992292352,114688
10,1791553922661,2500,2499,2499,2499,2500,2500,2500,2500,2499,2500,2499,2500,2500,2499,2500,2499,5,100,0,0,0,0,0,5.555555820465088,0,0,0,0,0,0,0,0,38770.89971923828,122339.60412597656,0,404327403520,8589930496,5992292352,114688
10,1791553922671,2500,2499,2499,2499,2500,2500,2500,2500,2499,2500,2499,2500,2500,2499,2500,2499,0,100,0,0,0,0,0,10,0,0,5,5,0,0,0,0,38771.064514160156,122339.98254394531,0,404327403520,8589930496,5992292352,114688
10,1791553922681,2500,2499,2499,2499,2500,2500,2500,2500,2499,2500,2499,2500,2500,2499,2500,2499,0,100,0,0,0,0,0,10,0,0,5,5,0,0,0,0,38771.22131347656,122340.36163330078,0,404327403520,8589930496,5992292352,114688
9,1791553922692,2500,2499,2499,2499,2500,2500,2500,2500,2499,2500,2499,2500,2500,2499,2500,2499,0,100,0,0,0,0,0,10,0,0,5,5,0,0,0,0,38771.382080078125,122340.73913574219,0,404327403520,8589930496,5992292352,114688
10,1791553922702,2500,2499,2499,2499,2500,2500,2500,2500,2499,2500,2499,2500,2500,2499,2500,2499,0,100,0,0,0,0,0,10,0,0,5,5,0,0,0,0,38771.53955078125,122341.11846923828,0,404327403520,8589930496,5992292352,114688
10,1791553922712,2500,2499,2499,2499,2500,2500,2500,2500,2499,2500,2499,2500,2500,2499,2500,2499,0,100,0,0,0,0,0,10,0,0,5,5,0,0,0,0,38771.698303222656,122341.49676513672,0,404327403520,8589930496,5992292352,114688
10,1791553922722,2500,2499,2499,2499,2500,2500,2500,2500,2499,2500,2499,2500,2500,2499,2500,2499,0,100,0,0,0,0,0,10,0,0,5,5,0,0,0,0,38771.858337402344,122341.87310791016,0,404327403520,8589930496,5992292352,114688
10,1791553922732,2500,2499,2499,2499,2500,2500,2500,2500,2499,2500,2499,2500,2500,2499,2500,2499,0,100,0,0,0,0,0,10,0,0,5,5,0,0,0,0,38772.019958496094,122342.25085449219,0,404327403520,8589930496,5992292352,114688
10,1791553922742,2500,2499,2499,2499,2500,2500,2500,2500,2499,2500,2499,2500,2500,2499,2500,2499,0,100,0,0,0,0,0,10,0,0,5,5,0,0,0,0,38772.17596435547,122342.62677001953,0,404327403520,8589930496,5992292352,114688
10,1791553922752,2500,2499,2499,2499,2500,2500,2500,2500,2499,2500,2499,2500,2500,2499,2500,2499,0,100,0,0,0,0,0,10,0,0,5,5,0,0,0,0,38772.345947265625,122343.00561523438,0,404327403520,8589930496,5992292352,114688
10,1791553922762,2500,2499,2499,2499,2500,2500,2500,2500,2499,2500,2499,2500,2500,2499,2500,2499,0,100,0,0,0,0,0,10,0,0,5,5,0,0,0,0,38772.503967285156,122343.38287353516,0,404327403520,8589930496,5992292352,114688
10,1791553922772,2500,2499,2499,2499,2500,2500,2500,2500,2499,2500,2499,2500,2500,2499,2500,2499,0,100,0,0,0,0,0,10,0,0,5,5,0,0,0,0,38772.665466308594,122343.76068115234,0,404327403520,8589930496,5992292352,114688
10,1791553922782,2500,2499,2499,2499,2500,2500,2500,2500,2499,2500,2499,2500,2500,2499,2500,2499,0,100,0,0,0,0,0,10,0,0,5,5,0,0,0,0,38772.822692871094,122344.13702392578,0,404327403520,8589930496,5992292352,114688
10,1791553922792,2500,2499,2499,2499,2500,2500,2500,2500,2499,2500,2499,2500,2500,2499,2500,2499,0,100,0,0,0,0,0,10,0,0,5,5,0,0,0,0,38772.98358154297,122344.5151977539,0,404327403520,8589930496,5992292352,114688
10,1791553922802,2500,2499,2499,2499,2500,2500,2500,2500,2499,2500,2499,2500,2500,2499,2500,2499,0,100,0,0,0,0,0,10,0,0,5,5,0,0,0,0,38773.14709472656,122344.89294433594,0,404327403520,8589930496,5992292352,114688
10,1791553922812,2500,2499,2499,2499,2500,2500,2500,2500,2499,2500,2499,2500,2500,2499,2500,2499,0,100,0,0,0,0,0,10,0,0,5,5,0,0,0,0,38773.300720214844,122345.26953125,0,404327403520,8589930496,5992292352,114688
10,1791553922822,2500,2499,2499,2499,2500,2500,2500,2500,2499,2500,2499,2500,2500,2499,2500,2499,0,100,0,0,0,0,0,10,0,0,5,5,0,0,0,0,38773.45983886719,122345.65063476563,0,404327403520,8589930496,5992292352,114688
10,1791553922832,2500,2499,2499,2499,2500,2500,2500,2500,2499,2500,2499,2500,2500,2499,2500,2499,0,100,0,0,0,0,0,10,0,0,5,5,0,0,0,0,38773.62121582031,122346.0288696289,0,404327403520,8589930496,5992292352,114688
10,1791553922842,2500,2499,2499,2499,2500,2500,2500,2500,2499,2500,2499,2500,2500,2499,2500,2499,0,100,0,0,0,0,0,10,0,0,5,5,0,0,0,0,38773.79211425781,122346.44250488281,0,404327403520,8589930496,5992292352,114688
10,1791553922852,2500,2499,2499,2499,2500,2500,2500,2500,2499,2500,2499,2500,2500,2499,2500,2499,0,100,0,0,0,0,0,10,0,0,5,5,0,0,0,0,38773.95202636719,122346.8208618164,0,404327403520,8589930496,5992292352,114688
10,1791553922863,2500,2499,2499,2499,2500,2500,2500,2500,2499,2500,2499,2500,2500,2499,2500,2499,0,100,0,0,0,0,0,10,0,0,5,5,0,0,0,0,38774.107482910156,122347.19989013672,0,404327403520,8589930496,5992292352,114688
10,1791553922873,2500,2499,2499,2499,2500,2500,2500,2500,2499,2500,2499,2500,2500,2499,2500,2499,0,100,0,0,0,0,0,10,5,0,0,0,0,4.761904716491699,0,0,38774.26843261719,122347.57720947266,0,404327403520,8589930496,5992292352,114688
9,1791553922883,2500,2499,2499,2499,2500,2500,2500,2500,2499,2500,2499,2500,2500,2499,2500,2499,0,100,0,0,0,0,0,10,5,0,0,0,0,4.761904716491699,0,0,38774.43133544922,122347.9575805664,0,404327403520,8589930496,5992292352,114688
10,1791553922893,2500,2499,2499,2499,2500,2500,2500,2500,2499,2500,2499,2500,2500,2499,2500,2499,0,100,0,0,0,0,0,10,5,0,0,0,0,4.761904716491699,0,0,38774.58770751953,122348.33581542969,0,404327403520,8589930496,5992292352,114688
10,1791553922903,2500,2499,2499,2499,2500,2500,2500,2500,2499,2500,2499,2500,2500,2499,2500,2499,0,100,0,0,0,0,0,10,5,0,0,0,0,4.761904716491699,0,0,38774.751525878906,122348.71221923828,0,404327403520,8589930496,5992292352,114688
10,1791553922913,2500,2499,2499,2499,2500,2500,2500,2500,2499,2500,2499,2500,2500,2499,2500,2499,0,100,0,0,0,0,0,10,5,0,0,0,0,4.761904716491699,0,0,38774.91247558594,122349.09020996094,0,404327403520,8589930496,5992292352,114688
10,1791553922923,2500,2499,2499,2499,2500,2500,2500,2500,2499,2500,2499,2500,2500,2499,2500,2499,0,100,0,0,0,0,0,10,5,0,0,0,0,4.761904716491699,0,0,38775.07141113281,122349.46661376953,0,404327403520,8589930496,5992292352,114688
10,1791553922933,2500,2499,2499,2499,2500,2500,2500,2500,2499,2500,2499,2500,2500,2499,2500,2499,0,100,0,0,0,0,0,10,5,0,0,0,0,4.761904716491699,0,0,38775.225036621094,122349.84600830078,0,404327403520,8589930496,5992292352,114688
10,1791553922943,2500,2499,2499,2499,2500,2500,2500,2500,2499,2500,2499,2500,2500,2499,2500,2499,0,100,0,0,0,0,0,10,5,0,0,0,0,4.761904716491699,0,0,38775.383056640625,122350.2261352539,0,404327403520,8589930496,5992292352,114688
10,1791553922953,2500,2499,2499,2499,2500,2500,2500,2500,2499,2500,2499,2500,2500,2499,2500,2499,0,100,0,0,0,0,0,10,5,0,0,0,0,4.761904716491699,0,0,38775.548767089844,122350.60284423828,0,404327403520,8589930496,5992292352,114688
10,1791553922963,2500,2499,2499,2499,2500,2500,2500,2500,2499,2500,2499,2500,2500,2499,2500,2499,0,100,0,0,0,0,0,10,5,0,0,0,0,4.761904716491699,0,0,38775.71063232422,122350.98162841797,0,404327403520,8589930496,5992292352,114688
10,1791553922973,2500,2499,2499,2499,2500,2500,2500,2500,2499,2500,2499,2500,2500,2499,2500,2499,0,100,0,0,0,0,0,10,5,0,0,0,0,4.761904716491699,0,0,38775.86865234375,122351.35961914063,0,404327403520,8589930496,5992292352,114688
10,1791553922983,2500,2499,2499,2499,2500,2500,2500,2500,2499,2500,2499,2500,2500,2499,2500,2499,0,100,0,0,0,0,0,10,5,0,0,0,0,4.761904716491699,0,0,38776.03204345703,122351.73748779297,0,404327403520,8589930496,5992292352,114688
10,1791553922993,2500,2499,2499,2499,2500,2500,2500,2500,2499,2500,2499,2500,2500,2499,2500,2499,0,100,0,0,0,0,0,10,5,0,0,0,0,4.761904716491699,0,0,38776.1962890625,122352.11627197266,0,404327403520,8589930496,5992292352,114688
10,1791553923003,2500,2499,2499,2499,2500,2500,2500,2500,2499,2500,2499,2500,2500,2499,2500,2499,0,100,0,0,0,0,0,10,5,0,0,0,0,4.761904716491699,0,0,38776.356689453125,122352.49267578125,0,404327403520,8589930496,5992292352,114688
10,1791553923013,2500,2499,2499,2499,2500,2500,2500,2500,2499,2500,2499,2500,2500,2499,2500,2499,0,100,0,0,0,0,0,10,5,0,0,0,0,4.761904716491699,0,0,38776.518615722656,122352.87194824219,0,404327403520,8589930496,5992292352,114688
10,1791553923023,2500,2499,2499,2499,2500,2500,2500,2500,2499,2500,2499,2500,2500,2499,2500,2499,0,100,0,0,0,0,0,10,5,0,0,0,0,4.761904716491699,0,0,38776.68469238281,122353.24914550781,0,404327403520,8589930496,5992292352,114688
10,1791553923034,2500,2499,2499,2499,2500,2500,2500,2500,2499,2500,2499,2500,2500,2499,2500,2499,0,100,0,0,0,0,0,10,5,0,0,0,0,4.761904716491699,0,0,38776.8681640625,122353.66497802734,0,404327403520,8589930496,5992292352,114688
10,1791553923044,2500,2499,2499,2499,2500,2500,2500,2500,2499,2500,2499,2500,2500,2499,2500,2499,0,100,0,0,0,0,0,10,5,0,0,0,0,4.761904716491699,0,0,38777.02844238281,122354.04418945313,0,404327403520,8589930496,5992292352,114688
10,1791553923054,2500,2499,2499,2499,2500,2500,2500,2500,2499,2500,2499,2500,2500,2499,2500,2499,0,100,0,0,0,0,0,10,5,0,0,0,0,4.761904716491699,0,0,38777.182067871094,122354.4208984375,0,404327403520,8589930496,5992292352,114688
9,1791553923064,2500,2499,2499,2499,2500,2500,2500,2500,2499,2500,2499,2500,2500,2499,2500,2499,0,100,0,0,0,0,0,10,5,0,0,0,0,4.761904716491699,0,0,38777.343200683594,122354.80010986328,0,404327403520,8589930496,5992292352,114688
10,1791553923074,2500,2499,2499,2499,2500,2500,2500,2500,2499,2500,2499,2500,2500,2499,2500,2499,0,100,0,0,0,0,0,5.555555820465088,0,0,0,0,0,0,0,0,38777.51055908203,122355.17901611328,0,404327403520,8589930496,5992292352,114688
10,1791553923084,2500,2499,2499,2499,2500,2500,2500,2500,2499,2500,2499,2500,2500,2499,2500,2499,0,100,0,0,0,0,0,5.555555820465088,0,0,0,0,0,0,0,0,38777.671875,122355.55712890625,0,404327403520,8589930496,5992292352,114688
10,1791553923094,2500,2499,2499,2499,2500,2500,2500,2500,2499,2500,2499,2500,2500,2499,2500,2499,0,100,0,0,0,0,0,5.555555820465088,0,0,0,0,0,0,0,0,38777.83026123047,122355.93273925781,0,404327403520,8589930496,5992292352,114688
10,1791553923104,2500,2499,2499,2499,2500,2500,2500,2500,2499,2500,2499,2500,2500,2499,2500,2499,0,100,0,0,0,0,0,5.555555820465088,0,0,0,0,0,0,0,0,38777.991271972656,122356.3119506836,0,404327403520,8589930496,5992292352,114688
10,1791553923114,2500,2499,2499,2499,2500,2500,2500,2500,2499,2500,2499,2500,2500,2499,2500,2499,0,100,0,0,0,0,0,5.555555820465088,0,0,0,0,0,0,0,0,38778.147705078125,122356.69134521484,0,404327403520,8589930496,5981446144,114688
9,1791553923124,2500,2499,2499,2499,2500,2500,2500,2500,2499,2500,2499,2500,2500,2499,2500,2499,0,100,0,0,0,0,0,5.555555820465088,0,0,0,0,0,0,0,0,38778.30773925781,122357.06970214844,0,404327403520,8589930496,5981446144,114688
9,1791553923134,2500,2499,2499,2499,2500,2500,2500,2500,2499,2500,2499,2500,2500,2499,2500,2499,0,100,0,0,0,0,0,5.555555820465088,0,0,0,0,0,0,0,0,38778.471252441406,122357.44854736328,0,404327403520,8589930496,5981446144,114688
10,1791553923144,2500,2499,2499,2499,2500,2500,2500,2500,2499,2500,2499,2500,2500,2499,2500,2499,0,100,0,0,0,0,0,5.555555820465088,0,0,0,0,0,0,0,0,38778.63293457031,122357.8271484375,0,404327403520,8589930496,5981446144,114688
10,1791553923154,2500,2499,2499,2499,2500,2500,2500,2500,2499,2500,2499,2500,2500,2499,2500,2499,0,100,0,0,0,0,0,5.555555820465088,0,0,0,0,0,0,0,0,38778.7939453125,122358.20196533203,0,404327403520,8589930496,5981446144,114688
10,1791553923164,2500,2499,2499,2499,2500,2500,2500,2500,2499,2500,2499,2500,2500,2499,2500,2499,0,100,0,0,0,0,0,5.555555820465088,0,0,0,0,0,0,0,0,38778.95715332031,122358.58276367188,0,404327403520,8589930496,5981446144,114688
10,1791553923174,2500,2499,2499,2499,2500,2500,2500,2500,2499,2500,2499,2500,2500,2499,2500,2499,0,100,0,0,0,0,0,5.555555820465088,0,0,0,0,0,0,0,0,38779.11846923828,122358.97064208984,0,404327403520,8589930496,5981446144,114688
10,1791553923184,2500,2499,2499,2499,2500,2500,2500,2500,2499,2500,2499,2500,2500,2499,2500,2499,0,100,0,0,0,0,0,5.555555820465088,0,0,0,0,0,0,0,0,38779.27795410156,122359.33953857422,0,404327403520,8589930496,5981061120,114688
10,1791553923194,2500,2499,2499,2499,2500,2500,2500,2500,2499,2500,2499,2500,2500,2499,2500,2499,0,100,0,0,0,0,0,5.555555820465088,0,0,0,0,0,0,0,0,38779.43713378906,122359.72369384766,0,404327403520,8589930496,5981061120,114688
10,1791553923205,2500,2499,2499,2499,2500,2500,2500,2500,2499,2500,2499,2500,2500,2499,2500,2499,0,100,0,0,0,0,0,5.555555820465088,0,0,0,0,0,0,0,0,38779.593505859375,122360.10192871094,0,404327403520,8589930496,5981061120,114688
10,1791553923215,2500,2499,2499,2499,2500,2500,2500,2500,2499,2500,2499,2500,2500,2499,2500,2499,0,100,0,0,0,0,0,5.555555820465088,0,0,0,0,0,0,0,0,38779.748046875,122360.47912597656,0,404327403520,8589930496,5981061120,114688
10,1791553923225,2500,2499,2499,2499,2500,2500,2500,2500,2499,2500,2499,2500,2500,2499,2500,2499,0,100,0,0,0,0,0,5.555555820465088,0,0,0,0,0,0,0,0,38779.90417480469,122360.85620117188,0,404327403520,8589930496,5981061120,114688
10,1791553923235,2500,2499,2499,2499,2500,2500,2500,2500,2499,2500,2499,2500,2500,2499,2500,2499,0,100,0,0,0,0,0,5.555555820465088,0,0,0,0,0,0,0,0,38780.056884765625,122361.23956298828,0,404327403520,8589930496,5981061120,114688
9,1791553923245,2500,2499,2499,2499,2500,2500,2500,2500,2499,2500,2499,2500,2500,2499,2500,2499,0,100,0,0,0,0,0,5.555555820465088,0,0,0,0,0,0,0,0,38780.21325683594,122361.61706542969,0,404327403520,8589930496,5981061120,114688
10,1791553923255,2500,2499,2499,2499,2500,2500,2500,2500,2499,2500,2499,2500,2500,2499,2500,2499,0,100,0,0,0,0,0,5.555555820465088,0,0,0,0,0,0,0,0,38780.371520996094,122361.99194335938,0,404327403520,8589930496,5981061120,114688
10,1791553923265,2500,2499,2499,2499,2500,2500,2500,2500,2499,2500,2499,2500,2500,2499,2500,2499,0,100,0,0,0,0,0,5.555555820465088,0,0,0,0,0,0,0,0,38780.533203125,122362.36706542969,0,404327403520,8589930496,5981061120,114688
10,1791553923275,2500,2499,2499,2499,2500,2500,2500,2500,2499,2500,2499,2500,2500,2499,2500,2499,0,100,0,0,0,0,0,10,0,4.761904716491699,0,0,4.761904716491699,0,5,0,38780.70330810547,122362.7847290039,0,404327403520,8589930496,5981061120,114688
10,1791553923285,2500,2499,2499,2499,2500,2500,2500,2500,2499,2500,2499,2500,2500,2499,2500,2499,0,100,0,0,0,0,0,10,0,4.761904716491699,0,0,4.761904716491699,0,5,0,38780.862243652344,122363.16540527344,0,404327403520,8589930496,5981061120,114688
10,1791553923295,2500,2499,2499,2499,2500,2500,2500,2500,2499,2500,2499,2500,2500,2499,2500,2499,0,100,0,0,0,0,0,10,0,4.761904716491699,0,0,4.761904716491699,0,5,0,38781.02178955078,122363.54315185547,0,404327403520,8589930496,5981061120,114688
10,1791553923305,2500,2499,2499,2499,2500,2500,2500,2500,2499,2500,2499,2500,2500,2499,2500,2499,0,100,0,0,0,0,0,10,0,4.761904716491699,0,0,4.761904716491699,0,5,0,38781.185607910156,122363.91534423828,0,404327403520,8589930496,5981061120,114688
10,1791553923315,2500,2499,2499,2499,2500,2500,2500,2500,2499,2500,2499,2500,2500,2499,2500,2499,0,100,0,0,0,0,0,10,0,4.761904716491699,0,0,4.761904716491699,0,5,0,38781.34539794922,122364.29650878906,0,404327403520,8589930496,5981061120,114688
10,1791553923325,2500,2499,2499,2499,2500,2500,2500,2500,2499,2500,2499,2500,2500,2499,2500,2499,0,100,0,0,0,0,0,10,0,4.761904716491699,0,0,4.761904716491699,0,5,0,38781.500549316406,122364.67279052734,0,404327403520,8589930496,5981061120,114688
10,1791553923335,2500,2499,2499,2499,2500,2500,2500,2500,2499,2500,2499,2500,2500,2499,2500,2499,0,100,0,0,0,0,0,10,0,4.761904716491699,0,0,4.761904716491699,0,5,0,38781.66326904297,122365.05163574219,0,404327403520,8589930496,5981061120,114688
10,1791553923345,2500,2499,2499,2499,2500,2500,2500,2500,2499,2500,2499,2500,2500,2499,2500,2499,0,100,0,0,0,0,0,10,0,4.761904716491699,0,0,4.761904716491699,0,5,0,38781.82531738281,122365.42779541016,0,404327403520,8589930496,5981061120,114688
10,1791553923355,2500,2499,2499,2499,2500,2500,2500,2500,2499,2500,2499,2500,2500,2499,2500,2499,0,100,0,0,0,0,0,10,0,4.761904716491699,0,0,4.761904716491699,0,5,0,38781.987548828125,122365.80578613281,0,404327403520,8589930496,5981061120,114688
10,1791553923365,2500,2499,2499,2499,2500,2500,2500,2500,2499,2500,2499,2500,2500,2499,2500,2499,0,100,0,0,0,0,0,10,0,4.761904716491699,0,0,4.761904716491699,0,5,0,38782.14666748047,122366.18505859375,0,404327403520,8589930496,5981061120,114688
10,1791553923376,2500,2499,2499,2499,2500,2500,2500,2500,2499,2500,2499,2500,2500,2499,2500,2499,0,100,0,0,0,0,0,10,0,4.761904716491699,0,0,4.761904716491699,0,5,0,38782.30938720703,122366.5640258789,0,404327403520,8589930496,5981061120,114688
10,1791553923386,2500,2499,2499,2499,2500,2500,2500,2500,2499,2500,2499,2500,2500,2499,2500,2499,0,100,0,0,0,0,0,10,0,4.761904716491699,0,0,4.761904716491699,0,5,0,38782.46520996094,122366.94464111328,0,404327403520,8589930496,5981061120,114688
10,1791553923396,2500,2499,2499,2499,2500,2500,2500,2500,2499,2500,2499,2500,2500,2499,2500,2499,0,100,0,0,0,0,0,10,0,4.761904716491699,0,0,4.761904716491699,0,5,0,38782.62677001953,122367.3228149414,0,404327403520,8589930496,5981061120,114688
10,1791553923406,2500,2499,2499,2499,2500,2500,2500,2500,2499,2500,2499,2500,2500,2499,2500,2499,0,100,0,0,0,0,0,10,0,4.761904716491699,0,0,4.761904716491699,0,5,0,38782.787353515625,122367.70208740234,0,404327403520,8589930496,5981061120,114688
9,1791553923416,2500,2499,2499,2499,2500,2500,2500,2500,2499,2500,2499,2500,2500,2499,2500,2499,0,100,0,0,0,0,0,10,0,4.761904716491699,0,0,4.761904716491699,0,5,0,38782.94567871094,122368.07940673828,0,404327403520,8589930496,5981061120,114688
10,1791553923426,2500,2499,2499,2499,2500,2500,2500,2500,2499,2500,2499,2500,2500,2499,2500,2499,0,100,0,0,0,0,0,10,0,4.761904716491699,0,0,4.761904716491699,0,5,0,38783.10681152344,122368.4556274414,0,404327403520,8589930496,5981061120,114688
10,1791553923436,2500,2499,2499,2499,2500,2500,2500,2500,2499,2500,2499,2500,2500,2499,2500,2499,0,100,0,0,0,0,0,10,0,4.761904716491699,0,0,4.761904716491699,0,5,0,38783.26708984375,122368.8364868164,0,404327403520,8589930496,5981061120,114688
10,1791553923446,2500,2499,2499,2499,2500,2500,2500,2500,2499,2500,2499,2500,2500,2499,2500,2499,0,100,0,0,0,0,0,10,0,4.761904716491699,0,0,4.761904716491699,0,5,0,38783.42559814453,122369.21673583984,0,404327403520,8589930496,5981061120,114688
10,1791553923456,2500,2499,2499,2499,2500,2500,2500,2500,2499,2500,2499,2500,2500,2499,2500,2499,0,100,0,0,0,0,0,10,0,4.761904716491699,0,0,4.761904716491699,0,5,0,38783.60321044922,122369.63299560547,0,404327403520,8589930496,5981061120,114688
10,1791553923466,2500,2499,2499,2499,2500,2500,2500,2500,2499,2500,2499,2500,2500,2499,2500,2499,0,100,0,0,0,0,0,10,0,4.761904716491699,0,0,4.761904716491699,0,5,0,38783.76086425781,122370.00787353516,0,404327403520,8589930496,5981061120,114688
10,1791553923476,2500,2499,2499,2499,2500,2500,2500,2500,2499,2500,2499,2500,2500,2499,2500,2499,9.090909004211426,100,0,0,0,0,0,0,0,5,0,0,0,0,0,0,38783.923400878906,122370.38659667969,0,404327403520,8589930496,5981061120,114688
10,1791553923486,2500,2499,2499,2499,2500,2500,2500,2500,2499,2500,2499,2500,2500,2499,2500,2499,9.090909004211426,100,0,0,0,0,0,0,0,5,0,0,0,0,0,0,38784.08605957031,122370.76721191406,0,404327403520,8589930496,5981061120,114688
10,1791553923496,2500,2499,2499,2499,2500,2500,2500,2500,2499,2500,2499,2500,2500,2499,2500,2499,9.090909004211426,100,0,0,0,0,0,0,0,5,0,0,0,0,0,0,38784.24444580078,122371.14416503906,0,404327403520,8589930496,5981061120,114688
10,1791553923506,2500,2499,2499,2499,2500,2500,2500,2500,2499,2500,2499,2500,2500,2499,2500,2499,9.090909004211426,100,0,0,0,0,0,0,0,5,0,0,0,0,0,0,38784.40557861328,122371.52416992188,0,404327403520,8589930496,5981061120,114688
10,1791553923516,2500,2499,2499,2499,2500,2500,2500,2500,2499,2500,2499,2500,2500,2499,2500,2499,9.090909004211426,100,0,0,0,0,0,0,0,5,0,0,0,0,0,0,38784.56359863281,122371.9019165039,0,404327403520,8589930496,5981061120,114688
10,1791553923526,2500,2499,2499,2499,2500,2500,2500,2500,2499,2500,2499,2500,2500,2499,2500,2499,9.090909004211426,100,0,0,0,0,0,0,0,5,0,0,0,0,0,0,38784.72766113281,122372.27966308594,0,404327403520,8589930496,5981061120,114688
10,1791553923536,2500,2499,2499,2499,2500,2500,2500,2500,2499,2500,2499,2500,2500,2499,2500,2499,9.090909004211426,100,0,0,0,0,0,0,0,5,0,0,0,0,0,0,38784.89190673828,122372.65545654297,0,404327403520,8589930496,5981061120,114688
10,1791553923547,2500,2499,2499,2499,2500,2500,2500,2500,2499,2500,2499,2500,2500,2499,2500,2499,9.090909004211426,100,0,0,0,0,0,0,0,5,0,0,0,0,0,0,38785.054626464844,122373.03631591797,0,404327403520,8589930496,5981061120,114688
10,1791553923557,2500,2499,2499,2499,2500,2500,2500,2500,2499,2500,2499,2500,2500,2499,2500,2499,9.090909004211426,100,0,0,0,0,0,0,0,5,0,0,0,0,0,0,38785.21228027344,122373.4135131836,0,404327403520,8589930496,5981061120,114688
10,1791553923567,2500,2499,2499,2499,2500,2500,2500,2500,2499,2500,2499,2500,2500,2499,2500,2499,9.090909004211426,100,0,0,0,0,0,0,0,5,0,0,0,0,0,0,38785.372314453125,122373.79187011719,0,404327403520,8589930496,5981061120,114688
10,1791553923577,2500,2499,2499,2499,2500,2500,2500,2500,2499,2500,2499,2500,2500,2499,2500,2499,9.090909004211426,100,0,0,0,0,0,0,0,5,0,0,0,0,0,0,38785.533447265625,122374.17010498047,0,404327403520,8589930496,5981061120,114688
9,1791553923587,2500,2499,2499,2499,2500,2500,2500,2500,2499,2500,2499,2500,2500,2499,2500,2499,9.090909004211426,100,0,0,0,0,0,0,0,5,0,0,0,0,0,0,38785.695556640625,122374.55047607422,0,404327403520,8589930496,5981061120,114688
10,1791553923597,2500,2499,2499,2499,2500,2500,2500,2500,2499,2500,2499,2500,2500,2499,2500,2499,9.090909004211426,100,0,0,0,0,0,0,0,5,0,0,0,0,0,0,38785.862548828125,122374.92578125,0,404327403520,8589930496,5981061120,114688
10,1791553923607,2500,2499,2499,2499,2500,2500,2500,2500,2499,2500,2499,2500,2500,2499,2500,2499,9.090909004211426,100,0,0,0,0,0,0,0,5,0,0,0,0,0,0,38786.02117919922,122375.30444335938,0,404327403520,8589930496,5981061120,114688
10,1791553923617,2500,2499,2499,2499,2500,2500,2500,2500,2499,2500,2499,2500,2500,2499,2500,2499,9.090909004211426,100,0,0,0,0,0,0,0,5,0,0,0,0,0,0,38786.18176269531,122375.68182373047,0,404327403520,8589930496,5981061120,114688
10,1791553923627,2500,2499,2499,2499,2500,2500,2500,2500,2499,2500,2499,2500,2500,2499,2500,2499,9.090909004211426,100,0,0,0,0,0,0,0,5,0,0,0,0,0,0,38786.34197998047,122376.06732177734,0,404327403520,8589930496,5981061120,114688
10,1791553923637,2500,2499,2499,2499,2500,2500,2500,2500,2499,2500,2499,2500,2500,2499,2500,2499,9.090909004211426,100,0,0,0,0,0,0,0,5,0,0,0,0,0,0,38786.50439453125,122376.44415283203,0,404327403520,8589930496,5981061120,114688
10,1791553923647,2500,2499,2499,2499,2500,2500,2500,2500,2499,2500,2499,2500,2500,2499,2500,2499,9.090909004211426,100,0,0,0,0,0,0,0,5,0,0,0,0,0,0,38786.661682128906,122376.85815429688,0,404327403520,8589930496,5981061120,114688
10,1791553923657,2500,2499,2499,2499,2500,2500,2500,2500,2499,2500,2499,2500,2500,2499,2500,2499,9.090909004211426,100,0,0,0,0,0,0,0,5,0,0,0,0,0,0,38786.840393066406,122377.2359008789,0,404327403520,8589930496,5981061120,114688
10,1791553923667,2500,2499,2499,2499,2500,2500,2500,2500,2499,2500,2499,2500,2500,2499,2500,2499,9.090909004211426,100,0,0,0,0,0,0,0,5,0,0,0,0,0,0,38787.001525878906,122377.61651611328,0,404327403520,8589930496,5981061120,114688
10,1791553923677,2500,2499,2499,2499,2500,2500,2500,2500,2499,2500,2499,2500,2500,2499,2500,2499,0,100,0,0,0,0,0,10.526315689086914,0,0,0,0,0,0,0,0,38787.161865234375,122377.99420166016,0,404327403520,8589930496,5981061120,114688
10,1791553923687,2500,2499,2499,2499,2500,2500,2500,2500,2499,2500,2499,2500,2500,2499,2500,2499,0,100,0,0,0,0,0,10.526315689086914,0,0,0,0,0,0,0,0,38787.319396972656,122378.3715209961,0,404327403520,8589930496,5981061120,114688
10,1791553923697,2500,2499,2499,2499,2500,2500,2500,2500,2499,2500,2499,2500,2500,2499,2500,2499,0,100,0,0,0,0,0,10.526315689086914,0,0,0,0,0,0,0,0,38787.47998046875,122378.75164794922,0,404327403520,8589930496,5981061120,114688
10,1791553923707,2500,2499,2499,2499,2500,2500,2500,2500,2499,2500,2499,2500,2500,2499,2500,2499,0,100,0,0,0,0,0,10.526315689086914,0,0,0,0,0,0,0,0,38787.635986328125,122379.1294555664,0,404327403520,8589930496,5981061120,114688
10,1791553923718,2500,2499,2499,2499,2500,2500,2500,2500,2499,2500,2499,2500,2500,2499,2500,2499,0,100,0,0,0,0,0,10.526315689086914,0,0,0,0,0,0,0,0,38787.794372558594,122379.50659179688,0,404327403520,8589930496,5981061120,114688
10,1791553923728,2500,2499,2499,2499,2500,2500,2500,2500,2499,2500,2499,2500,2500,2499,2500,2499,0,100,0,0,0,0,0,10.526315689086914,0,0,0,0,0,0,0,0,38787.95275878906,122379.88494873047,0,404327403520,8589930496,5981061120,114688
10,1791553923738,2500,2499,2499,2499,2500,2500,2500,2500,2499,2500,2499,2500,2500,2499,2500,2499,0,100,0,0,0,0,0,10.526315689086914,0,0,0,0,0,0,0,0,38788.11169433594,122380.26263427734,0,404327403520,8589930496,5981061120,114688
10,1791553923748,2500,2499,2499,2499,2500,2500,2500,2500,2499,2500,2499,2500,2500,2499,2500,2499,0,100,0,0,0,0,0,10.526315689086914,0,0,0,0,0,0,0,0,38788.274169921875,122380.64184570313,0,404327403520,8589930496,5981061120,114688
10,1791553923758,2500,2499,2499,2499,2500,2500,2500,2500,2499,2500,2499,2500,2500,2499,2500,2499,0,100,0,0,0,0,0,10.526315689086914,0,0,0,0,0,0,0,0,38788.43347167969,122381.02087402344,0,404327403520,8589930496,5981061120,114688
9,1791553923768,2500,2499,2499,2499,2500,2500,2500,2500,2499,2500,2499,2500,2500,2499,2500,2499,0,100,0,0,0,0,0,10.526315689086914,0,0,0,0,0,0,0,0,38788.59295654297,122381.39770507813,0,404327403520,8589930496,5981061120,114688
10,1791553923778,2500,2499,2499,2499,2500,2500,2500,2500,2499,2500,2499,2500,2500,2499,2500,2499,0,100,0,0,0,0,0,10.526315689086914,0,0,0,0,0,0,0,0,38788.750244140625,122381.77600097656,0,404327403520,8589930496,5981061120,114688
10,1791553923788,2500,2499,2499,2499,2500,2500,2500,2500,2499,2500,2499,2500,2500,2499,2500,2499,0,100,0,0,0,0,0,10.526315689086914,0,0,0,0,0,0,0,0,38788.908264160156,122382.15173339844,0,404327403520,8589930496,5981061120,114688
10,1791553923798,2500,2499,2499,2499,2500,2500,2500,2500,2499,2500,2499,2500,2500,2499,2500,2499,0,100,0,0,0,0,0,10.526315689086914,0,0,0,0,0,0,0,0,38789.07092285156,122382.53125,0,404327403520,8589930496,5981061120,114688
10,1791553923808,2500,2499,2499,2499,2500,2500,2500,2500,2499,2500,2499,2500,2500,2499,2500,2499,0,100,0,0,0,0,0,10.526315689086914,0,0,0,0,0,0,0,0,38789.23651123047,122382.9111328125,0,404327403520,8589930496,5981061120,114688
10,1791553923818,2500,2499,2499,2499,2500,2500,2500,2500,2499,2500,2499,2500,2500,2499,2500,2499,0,100,0,0,0,0,0,10.526315689086914,0,0,0,0,0,0,0,0,38789.4013671875,122383.28967285156,0,404327403520,8589930496,5981061120,114688
10,1791553923828,2500,2499,2499,2499,2500,2500,2500,2500,2499,2500,2499,2500,2500,2499,2500,2499,0,100,0,0,0,0,0,10.526315689086914,0,0,0,0,0,0,0,0,38789.56066894531,122383.6675415039,0,404327403520,8589930496,5981061120,114688
10,1791553923838,2500,2499,2499,2499,2500,2500,2500,2500,2499,2500,2499,2500,2500,2499,2500,2499,0,100,0,0,0,0,0,10.526315689086914,0,0,0,0,0,0,0,0,38789.720458984375,122384.04736328125,0,404327403520,8589930496,5981061120,114688
10,1791553923848,2500,2499,2499,2499,2500,2500,2500,2500,2499,2500,2499,2500,2500,2499,2500,2499,0,100,0,0,0,0,0,10.526315689086914,0,0,0,0,0,0,0,0,38789.87762451172,122384.42572021484,0,404327403520,8589930496,5981061120,114688
10,1791553923858,2500,2499,2499,2499,2500,2500,2500,2500,2499,2500,2499,2500,2500,2499,2500,2499,0,100,0,0,0,0,0,10.526315689086914,0,0,0,0,0,0,0,0,38790.036376953125,122384.84130859375,0,404327403520,8589930496,5981061120,114688
10,1791553923868,2500,2499,2499,2499,2500,2500,2500,2500,2499,2500,2499,2500,2500,2499,2500,2499,0,100,0,0,0,0,0,10.526315689086914,0,0,0,0,0,0,0,0,38790.21154785156,122385.2192993164,0,404327403520,8589930496,5981061120,114688
10,1791553923878,2500,2499,2499,2499,2500,2500,2500,2500,2499,2500,2499,2500,2500,2499,2500,2499,0,100,0,0,0,0,0,5.263157844543457,0,0,0,0,0,0,0,0,38790.37139892578,122385.59838867188,0,404327403520,8589930496,5981061120,114688
10,1791553923889,2500,2499,2499,2499,2500,2500,2500,2500,2499,2500,2499,2500,2500,2499,2500,2499,0,100,0,0,0,0,0,5.263157844543457,0,0,0,0,0,0,0,0,38790.530029296875,122385.97662353516,0,404327403520,8589930496,5981061120,114688
10,1791553923899,2500,2499,2499,2499,2500,2500,2500,2500,2499,2500,2499,2500,2500,2499,2500,2499,0,100,0,0,0,0,0,5.263157844543457,0,0,0,0,0,0,0,0,38790.68731689453,122386.35528564453,0,404327403520,8589930496,5981061120,114688
10,1791553923909,2500,2499,2499,2499,2500,2500,2500,2500,2499,2500,2499,2500,2500,2499,2500,2499,0,100,0,0,0,0,0,5.263157844543457,0,0,0,0,0,0,0,0,38790.847900390625,122386.73126220703,0,404327403520,8589930496,5981061120,114688
10,1791553923919,2500,2499,2499,2499,2500,2500,2500,2500,2499,2500,2499,2500,2500,2499,2500,2499,0,100,0,0,0,0,0,5.263157844543457,0,0,0,0,0,0,0,0,38791.00573730469,122387.11267089844,0,404327403520,8589930496,5981061120,114688
10,1791553923929,2500,2499,2499,2499,2500,2500,2500,2500,2499,2500,2499,2500,2500,2499,2500,2499,0,100,0,0,0,0,0,5.263157844543457,0,0,0,0,0,0,0,0,38791.16668701172,122387.48834228516,0,404327403520,8589930496,5981061120,114688
10,1791553923939,2500,2499,2499,2499,2500,2500,2500,2500,2499,2500,2499,2500,2500,2499,2500,2499,0,100,0,0,0,0,0,5.263157844543457,0,0,0,0,0,0,0,0,38791.32635498047,122387.86840820313,0,404327403520,8589930496,5981061120,114688
9,1791553923949,2500,2499,2499,2499,2500,2500,2500,2500,2499,2500,2499,2500,2500,2499,2500,2499,0,100,0,0,0,0,0,5.263157844543457,0,0,0,0,0,0,0,0,38791.48602294922,122388.24688720703,0,404327403520,8589930496,5981061120,114688
10,1791553923959,2500,2499,2499,2499,2500,2500,2500,2500,2499,2500,2499,2500,2500,2499,2500,2499,0,100,0,0,0,0,0,5.263157844543457,0,0,0,0,0,0,0,0,38791.64587402344,122388.58868408203,0,404327403520,8589930496,5981061120,114688
10,1791553923969,2500,2499,2499,2499,2500,2500,2500,2500,2499,2500,2499,2500,2500,2499,2500,2499,0,100,0,0,0,0,0,5.263157844543457,0,0,0,0,0,0,0,0,38791.80627441406,122389.00482177734,0,404327403520,8589930496,5981061120,114688
10,1791553923979,2500,2499,2499,2499,2500,2500,2500,2500,2499,2500,2499,2500,2500,2499,2500,2499,0,100,0,0,0,0,0,5.263157844543457,0,0,0,0,0,0,0,0,38791.96923828125,122389.38171386719,0,404327403520,8589930496,5981061120,114688
10,1791553923989,2500,2499,2499,2499,2500,2500,2500,2500,2499,2500,2499,2500,2500,2499,2500,2499,0,100,0,0,0,0,0,5.263157844543457,0,0,0,0,0,0,0,0,38792.13311767578,122389.76000976563,0,404327403520,8589930496,5981061120,114688
10,1791553923999,2500,2499,2499,2499,2500,2500,2500,2500,2499,2500,2499,2500,2500,2499,2500,2499,0,100,0,0,0,0,0,5.263157844543457,0,0,0,0,0,0,0,0,38792.29315185547,122390.13928222656,0,404327403520,8589930496,5981061120,114688
10,1791553924009,2500,2499,2499,2499,2500,2500,2500,2500,2499,2500,2499,2500,2500,2499,2500,2499,0,100,0,0,0,0,0,5.263157844543457,0,0,0,0,0,0,0,0,38792.447204589844,122390.51879882813,0,404327403520,8589930496,5981061120,114688
10,1791553924019,2500,2499,2499,2499,2500,2500,2500,2500,2499,2500,2499,2500,2500,2499,2500,2499,0,100,0,0,0,0,0,5.263157844543457,0,0,0,0,0,0,0,0,38792.61120605469,122390.89556884766,0,404327403520,8589930496,5981061120,114688
10,1791553924029,2500,2499,2499,2499,2500,2500,2500,2500,2499,2500,2499,2500,2500,2499,2500,2499,0,100,0,0,0,0,0,5.263157844543457,0,0,0,0,0,0,0,0,38792.77478027344,122391.27557373047,0,404327403520,8589930496,5981061120,114688
10,1791553924039,2500,2499,2499,2499,2500,2500,2500,2500,2499,2500,2499,2500,2500,2499,2500,2499,0,100,0,0,0,0,0,5.263157844543457,0,0,0,0,0,0,0,0,38792.936279296875,122391.65069580078,0,404327403520,8589930496,5981061120,114688
10,1791553924049,2500,2499,2499,2499,2500,2500,2500,2500,2499,2500,2499,2500,2500,2499,2500,2499,0,100,0,0,0,0,0,5.263157844543457,0,0,0,0,0,0,0,0,38793.11260986328,122392.0673828125,0,404327403520,8589930496,5981061120,114688
10,1791553924060,2500,2499,2499,2499,2500,2500,2500,2500,2499,2500,2499,2500,2500,2499,2500,2499,0,100,0,0,0,0,0,5.263157844543457,0,0,0,0,0,0,0,0,38793.270935058594,122392.44763183594,0,404327403520,8589930496,5981061120,114688
10,1791553924070,2500,2499,2499,2499,2500,2500,2500,2500,2499,2500,2499,2500,2500,2499,2500,2499,0,100,0,0,0,0,0,5.263157844543457,0,0,0,0,0,0,0,0,38793.43280029297,122392.8265991211,0,404327403520,8589930496,5981061120,114688
10,1791553924080,2500,2499,2499,2499,2500,2500,2500,2500,2499,2500,2499,2500,2500,2499,2500,2499,0,100,0,0,0,0,0,10,0,0,0,0,0,0,0,0,38793.595642089844,122393.20794677734,0,404327403520,8589930496,5981061120,114688
10,1791553924090,2500,2499,2499,2499,2500,2500,2500,2500,2499,2500,2499,2500,2500,2499,2500,2499,0,100,0,0,0,0,0,10,0,0,0,0,0,0,0,0,38793.75695800781,122393.58752441406,0,404327403520,8589930496,5981061120,114688
10,1791553924100,2500,2499,2499,2499,2500,2500,2500,2500,2499,2500,2499,2500,2500,2499,2500,2499,0,100,0,0,0,0,0,10,0,0,0,0,0,0,0,0,38793.9140625,122393.96685791016,0,404327403520,8589930496,5981061120,114688
10,1791553924110,2500,2499,2499,2499,2500,2500,2500,2500,2499,2500,2499,2500,2500,2499,2500,2499,0,100,0,0,0,0,0,10,0,0,0,0,0,0,0,0,38794.07067871094,122394.34594726563,0,404327403520,8589930496,5981061120,114688
10,1791553924120,2500,2499,2499,2499,2500,2500,2500,2500,2499,2500,2499,2500,2500,2499,2500,2499,0,100,0,0,0,0,0,10,0,0,0,0,0,0,0,0,38794.233642578125,122394.7255859375,0,404327403520,8589930496,5981061120,114688
9,1791553924130,2500,2499,2499,2499,2500,2500,2500,2500,2499,2500,2499,2500,2500,2499,2500,2499,0,100,0,0,0,0,0,10,0,0,0,0,0,0,0,0,38794.39178466797,122395.10479736328,0,404327403520,8589930496,5981061120,114688
10,1791553924140,2500,2499,2499,2499,2500,2500,2500,2500,2499,2500,2499,2500,2500,2499,2500,2499,0,100,0,0,0,0,0,10,0,0,0,0,0,0,0,0,38794.55065917969,122395.48254394531,0,404327403520,8589930496,5972029440,114688
9,1791553924150,2500,2499,2499,2499,2500,2500,2500,2500,2499,2500,2499,2500,2500,2499,2500,2499,0,100,0,0,0,0,0,10,0,0,0,0,0,0,0,0,38794.70886230469,122395.86004638672,0,404327403520,8589930496,5972029440,114688
10,1791553924160,2500,2499,2499,2499,2500,2500,2500,2500,2499,2500,2499,2500,2500,2499,2500,2499,0,100,0,0,0,0,0,10,0,0,0,0,0,0,0,0,38794.86975097656,122396.24041748047,0,404327403520,8589930496,5972029440,114688
10,1791553924170,2500,2499,2499,2499,2500,2500,2500,2500,2499,2500,2499,2500,2500,2499,2500,2499,0,100,0,0,0,0,0,10,0,0,0,0,0,0,0,0,38795.03161621094,122396.61895751953,0,404327403520,8589930496,5972029440,114688
10,1791553924180,2500,2499,2499,2499,2500,2500,2500,2500,2499,2500,2499,2500,2500,2499,2500,2499,0,100,0,0,0,0,0,10,0,0,0,0,0,0,0,0,38795.194580078125,122396.99798583984,0,404327403520,8589930496,5972029440,114688
10,1791553924190,2500,2499,2499,2499,2500,2500,2500,2500,2499,2500,2499,2500,2500,2499,2500,2499,0,100,0,0,0,0,0,10,0,0,0,0,0,0,0,0,38795.35626220703,122397.37872314453,0,404327403520,8589930496,5972029440,114688
10,1791553924200,2500,2499,2499,2499,2500,2500,2500,2500,2499,2500,2499,2500,2500,2499,2500,2499,0,100,0,0,0,0,0,10,0,0,0,0,0,0,0,0,38795.5224609375,122397.75689697266,0,404327403520,8589930496,5972029440,114688
10,1791553924210,2500,2499,2499,2499,2500,2500,2500,2500,2499,2500,2499,2500,2500,2499,2500,2499,0,100,0,0,0,0,0,10,0,0,0,0,0,0,0,0,38795.683654785156,122398.13153076172,0,404327403520,8589930496,5972029440,114688
10,1791553924220,2500,2499,2499,2499,2500,2500,2500,2500,2499,2500,2499,2500,2500,2499,2500,2499,0,100,0,0,0,0,0,10,0,0,0,0,0,0,0,0,38795.846252441406,122398.51165771484,0,404327403520,8589930496,5972029440,114688
10,1791553924231,2500,2499,2499,2499,2500,2500,2500,2500,2499,2500,2499,2500,2500,2499,2500,2499,0,100,0,0,0,0,0,10,0,0,0,0,0,0,0,0,38796.00958251953,122398.8892211914,0,404327403520,8589930496,5972029440,114688
10,1791553924241,2500,2499,2499,2499,2500,2500,2500,2500,2499,2500,2499,2500,2500,2499,2500,2499,0,100,0,0,0,0,0,10,0,0,0,0,0,0,0,0,38796.169372558594,122399.26831054688,0,404327403520,8589930496,5972029440,114688
10,1791553924251,2500,2499,2499,2499,2500,2500,2500,2500,2499,2500,2499,2500,2500,2499,2500,2499,0,100,0,0,0,0,0,10,0,0,0,0,0,0,0,0,38796.34765625,122399.68530273438,0,404327403520,8589930496,5972029440,114688
10,1791553924261,2500,2499,2499,2499,2500,2500,2500,2500,2499,2500,2499,2500,2500,2499,2500,2499,0,100,0,0,0,0,0,10,0,0,0,0,0,0,0,0,38796.509704589844,122400.06524658203,0,404327403520,8589930496,5972029440,114688
10,1791553924271,2500,2499,2499,2499,2500,2500,2500,2500,2499,2500,2499,2500,2500,2499,2500,2499,0,100,0,0,0,0,0,10,0,0,0,0,0,0,0,0,38796.674072265625,122400.44525146484,0,404327403520,8589930496,5972029440,114688
10,1791553924281,2500,2499,2499,2499,2500,2500,2500,2500,2499,2500,2499,2500,2500,2499,2500,2499,4.761904716491699,100,0,0,0,9.523809432983398,0,0,0,0,0,0,0,0,0,0,38796.83465576172,122400.82202148438,0,404327403520,8589930496,5972029440,114688
10,1791553924291,2500,2499,2499,2499,2500,2500,2500,2500,2499,2500,2499,2500,2500,2499,2500,2499,4.761904716491699,100,0,0,0,9.523809432983398,0,0,0,0,0,0,0,0,0,0,38796.99609375,122401.20135498047,0,404327403520,8589930496,5972029440,114688
10,1791553924301,2500,2499,2499,2499,2500,2500,2500,2500,2499,2500,2499,2500,2500,2499,2500,2499,4.761904716491699,100,0,0,0,9.523809432983398,0,0,0,0,0,0,0,0,0,0,38797.15319824219,122401.58715820313,0,404327403520,8589930496,5972029440,114688
10,1791553924311,2500,2499,2499,2499,2500,2500,2500,2500,2499,2500,2499,2500,2500,2499,2500,2499,4.761904716491699,100,0,0,0,9.523809432983398,0,0,0,0,0,0,0,0,0,0,38797.310302734375,122401.95922851563,0,404327403520,8589930496,5972029440,114688
9,1791553924321,2500,2499,2499,2499,2500,2500,2500,2500,2499,2500,2499,2500,2500,2499,2500,2499,4.761904716491699,100,0,0,0,9.523809432983398,0,0,0,0,0,0,0,0,0,0,38797.468505859375,122402.3423461914,0,404327403520,8589930496,5972029440,114688
9,1791553924331,2500,2499,2499,2499,2500,2500,2500,2500,2499,2500,2499,2500,2500,2499,2500,2499,4.761904716491699,100,0,0,0,9.523809432983398,0,0,0,0,0,0,0,0,0,0,38797.627990722656,122402.7241821289,0,404327403520,8589930496,5972029440,114688
10,1791553924341,2500,2499,2499,2499,2500,2500,2500,2500,2499,2500,2499,2500,2500,2499,2500,2499,4.761904716491699,100,0,0,0,9.523809432983398,0,0,0,0,0,0,0,0,0,0,38797.7900390625,122403.09588623047,0,404327403520,8589930496,5972029440,114688
10,1791553924351,2500,2499,2499,2499,2500,2500,2500,2500,2499,2500,2499,2500,2500,2499,2500,2499,4.761904716491699,100,0,0,0,9.523809432983398,0,0,0,0,0,0,0,0,0,0,38797.951721191406,122403.48358154297,0,404327403520,8589930496,5972029440,114688
10,1791553924361,2500,2499,2499,2499,2500,2500,2500,2500,2499,2500,2499,2500,2500,2499,2500,2499,4.761904716491699,100,0,0,0,9.523809432983398,0,0,0,0,0,0,0,0,0,0,38798.11102294922,122403.86206054688,0,404327403520,8589930496,5972029440,114688
10,1791553924371,2500,2499,2499,2499,2500,2500,2500,2500,2499,2500,2499,2500,2500,2499,2500,2499,4.761904716491699,100,0,0,0,9.523809432983398,0,0,0,0,0,0,0,0,0,0,38798.26483154297,122404.24243164063,0,404327403520,8589930496,5972029440,114688
10,1791553924381,2500,2499,2499,2499,2500,2500,2500,2500,2499,2500,2499,2500,2500,2499,2500,2499,4.761904716491699,100,0,0,0,9.523809432983398,0,0,0,0,0,0,0,0,0,0,38798.42413330078,122404.61242675781,0,404327403520,8589930496,5972029440,114688
10,1791553924391,2500,2499,2499,2499,2500,2500,2500,2500,2499,2500,2499,2500,2500,2499,2500,2499,4.761904716491699,100,0,0,0,9.523809432983398,0,0,0,0,0,0,0,0,0,0,38798.5849609375,122404.9985961914,0,404327403520,8589930496,5972029440,114688
10,1791553924401,2500,2499,2499,2499,2500,2500,2500,2500,2499,2500,2499,2500,2500,2499,2500,2499,4.761904716491699,100,0,0,0,9.523809432983398,0,0,0,0,0,0,0,0,0,0,38798.74670410156,122405.37377929688,0,404327403520,8589930496,5972029440,114688
10,1791553924412,2500,2499,2499,2499,2500,2500,2500,2500,2499,2500,2499,2500,2500,2499,2500,2499,4.761904716491699,100,0,0,0,9.523809432983398,0,0,0,0,0,0,0,0,0,0,38798.89923095703,122405.75128173828,0,404327403520,8589930496,5972029440,114688
10,1791553924422,2500,2499,2499,2499,2500,2500,2500,2500,2499,2500,2499,2500,2500,2499,2500,2499,4.761904716491699,100,0,0,0,9.523809432983398,0,0,0,0,0,0,0,0,0,0,38799.058349609375,122406.1322631836,0,404327403520,8589930496,5967568896,114688
10,1791553924432,2500,2499,2499,2499,2500,2500,2500,2500,2499,2500,2499,2500,2500,2499,2500,2499,4.761904716491699,100,0,0,0,9.523809432983398,0,0,0,0,0,0,0,0,0,0,38799.21252441406,122406.51281738281,0,404327403520,8589930496,5967568896,114688
10,1791553924442,2500,2499,2499,2499,2500,2500,2500,2500,2499,2500,2499,2500,2500,2499,2500,2499,4.761904716491699,100,0,0,0,9.523809432983398,0,0,0,0,0,0,0,0,0,0,38799.37390136719,122406.8872680664,0,404327403520,8589930496,5967568896,114688
10,1791553924452,2500,2499,2499,2499,2500,2500,2500,2500,2499,2500,2499,2500,2500,2499,2500,2499,4.761904716491699,100,0,0,0,9.523809432983398,0,0,0,0,0,0,0,0,0,0,38799.5341796875,122407.26568603516,0,404327403520,8589930496,5960134656,114688
10,1791553924462,2500,2499,2499,2499,2500,2500,2500,2500,2499,2500,2499,2500,2500,2499,2500,2499,4.761904716491699,100,0,0,0,9.523809432983398,0,0,0,0,0,0,0,0,0,0,38799.70965576172,122407.68170166016,0,404327403520,8589930496,5960134656,114688
10,1791553924472,2500,2499,2499,2499,2500,2500,2500,2500,2499,2500,2499,2500,2500,2499,2500,2499,4.761904716491699,100,0,0,0,9.523809432983398,0,0,0,0,0,0,0,0,0,0,38799.87335205078,122408.06115722656,0,404327403520,8589930496,5956169728,114688
10,1791553924482,2500,2499,2499,2499,2500,2500,2500,2500,2499,2500,2499,2500,2500,2499,2500,2499,0,100,0,0,0,0,0,10,0,0,0,0,0,0,0,0,38800.03173828125,122408.44226074219,0,404327403520,8589930496,5947744256,114688
9,1791553924492,2500,2499,2499,2499,2500,2500,2500,2500,2499,2500,2499,2500,2500,2499,2500,2499,0,100,0,0,0,0,0,10,0,0,0,0,0,0,0,0,38800.192321777344,122408.82067871094,0,404327403520,8589930496,5947744256,114688
10,1791553924502,2500,2499,2499,2499,2500,2500,2500,2500,2499,2500,2499,2500,2500,2499,2500,2499,0,100,0,0,0,0,0,10,0,0,0,0,0,0,0,0,38800.35186767578,122409.19836425781,0,404327403520,8589930496,5947744256,114688
10,1791553924512,2500,2499,2499,2499,2500,2500,2500,2500,2499,2500,2499,2500,2500,2499,2500,2499,0,100,0,0,0,0,0,10,0,0,0,0,0,0,0,0,38800.509704589844,122409.5805053711,0,404327403520,8589930496,5943779328,114688
10,1791553924522,2500,2499,2499,2499,2500,2500,2500,2500,2499,2500,2499,2500,2500,2499,2500,2499,0,100,0,0,0,0,0,10,0,0,0,0,0,0,0,0,38800.669189453125,122409.95776367188,0,404327403520,8589930496,5943779328,114688
10,1791553924532,2500,2499,2499,2499,2500,2500,2500,2500,2499,2500,2499,2500,2500,2499,2500,2499,0,100,0,0,0,0,0,10,0,0,0,0,0,0,0,0,38800.82794189453,122410.333984375,0,404327403520,8589930496,5939814400,114688
10,1791553924542,2500,2499,2499,2499,2500,2500,2500,2500,2499,2500,2499,2500,2500,2499,2500,2499,0,100,0,0,0,0,0,10,0,0,0,0,0,0,0,0,38800.98864746094,122410.71472167969,0,404327403520,8589930496,5937336320,114688
10,1791553924552,2500,2499,2499,2499,2500,2500,2500,2500,2499,2500,2499,2500,2500,2499,2500,2499,0,100,0,0,0,0,0,10,0,0,0,0,0,0,0,0,38801.14971923828,122411.0947265625,0,404327403520,8589930496,5935849472,114688
10,1791553924562,2500,2499,2499,2499,2500,2500,2500,2500,2499,2500,2499,2500,2500,2499,2500,2499,0,100,0,0,0,0,0,10,0,0,0,0,0,0,0,0,38801.31103515625,122411.47424316406,0,404327403520,8589930496,5932380160,114688
10,1791553924572,2500,2499,2499,2499,2500,2500,2500,2500,2499,2500,2499,2500,2500,2499,2500,2499,0,100,0,0,0,0,0,10,0,0,0,0,0,0,0,0,38801.46905517578,122411.85205078125,0,404327403520,8589930496,5932380160,114688
10,1791553924583,2500,2499,2499,2499,2500,2500,2500,2500,2499,2500,2499,2500,2500,2499,2500,2499,0,100,0,0,0,0,0,10,0,0,0,0,0,0,0,0,38801.63073730469,122412.2333984375,0,404327403520,8589930496,5925441536,114688
10,1791553924593,2500,2499,2499,2499,2500,2500,2500,2500,2499,2500,2499,2500,2500,2499,2500,2499,0,100,0,0,0,0,0,10,0,0,0,0,0,0,0,0,38801.789123535156,122412.61260986328,0,404327403520,8589930496,5917511680,114688
10,1791553924603,2500,2499,2499,2499,2500,2500,2500,2500,2499,2500,2499,2500,2500,2499,2500,2499,0,100,0,0,0,0,0,10,0,0,0,0,0,0,0,0,38801.95245361328,122412.99340820313,0,404327403520,8589930496,5917511680,114688
10,1791553924613,2500,2499,2499,2499,2500,2500,2500,2500,2499,2500,2499,2500,2500,2499,2500,2499,0,100,0,0,0,0,0,10,0,0,0,0,0,0,0,0,38802.10876464844,122413.37084960938,0,404327403520,8589930496,5913051136,114688
10,1791553924623,2500,2499,2499,2499,2500,2500,2500,2500,2499,2500,2499,2500,2500,2499,2500,2499,0,100,0,0,0,0,0,10,0,0,0,0,0,0,0,0,38802.26696777344,122413.74780273438,0,404327403520,8589930496,5913051136,114688
10,1791553924633,2500,2499,2499,2499,2500,2500,2500,2500,2499,2500,2499,2500,2500,2499,2500,2499,0,100,0,0,0,0,0,10,0,0,0,0,0,0,0,0,38802.424560546875,122414.12530517578,0,404327403520,8589930496,5913051136,114688
10,1791553924643,2500,2499,2499,2499,2500,2500,2500,2500,2499,2500,2499,2500,2500,2499,2500,2499,0,100,0,0,0,0,0,10,0,0,0,0,0,0,0,0,38802.58898925781,122414.50518798828,0,404327403520,8589930496,5905121280,114688
10,1791553924653,2500,2499,2499,2499,2500,2500,2500,2500,2499,2500,2499,2500,2500,2499,2500,2499,0,100,0,0,0,0,0,10,0,0,0,0,0,0,0,0,38802.74719238281,122414.88403320313,0,404327403520,8589930496,5905121280,114688
10,1791553924663,2500,2499,2499,2499,2500,2500,2500,2500,2499,2500,2499,2500,2500,2499,2500,2499,0,100,0,0,0,0,0,10,0,0,0,0,0,0,0,0,38802.90368652344,122415.26489257813,0,404327403520,8589930496,5900660736,114688
9,1791553924673,2500,2499,2499,2499,2500,2500,2500,2500,2499,2500,2499,2500,2500,2499,2500,2499,0,100,0,0,0,0,0,10,0,0,0,0,0,0,0,0,38803.08056640625,122415.6812133789,0,404327403520,8589930496,5896200192,114688
9,1791553924683,2500,2499,2499,2499,2500,2500,2500,2500,2499,2500,2499,2500,2500,2499,2500,2499,5,100,0,0,5,0,0,5.263157844543457,0,0,0,0,0,0,0,0,38803.246337890625,122416.05926513672,0,404327403520,8589930496,5896200192,114688
10,1791553924693,2500,2499,2499,2499,2500,2500,2500,2500,2499,2500,2499,2500,2500,2499,2500,2499,5,100,0,0,5,0,0,5.263157844543457,0,0,0,0,0,0,0,0,38803.40655517578,122416.43676757813,0,404327403520,8589930496,5896200192,114688
10,1791553924703,2500,2499,2499,2499,2500,2500,2500,2500,2499,2500,2499,2500,2500,2499,2500,2499,5,100,0,0,5,0,0,5.263157844543457,0,0,0,0,0,0,0,0,38803.572265625,122416.81744384766,0,404327403520,8589930496,5896200192,114688
10,1791553924713,2500,2499,2499,2499,2500,2500,2500,2500,2499,2500,2499,2500,2500,2499,2500,2499,5,100,0,0,5,0,0,5.263157844543457,0,0,0,0,0,0,0,0,38803.73260498047,122417.19458007813,0,404327403520,8589930496,5889261568,114688
10,1791553924723,2500,2499,2499,2499,2500,2500,2500,2500,2499,2500,2499,2500,2500,2499,2500,2499,5,100,0,0,5,0,0,5.263157844543457,0,0,0,0,0,0,0,0,38803.89373779297,122417.57299804688,0,404327403520,8589930496,5885792256,114688
10,1791553924733,2500,2499,2499,2499,2500,2500,2500,2500,2499,2500,2499,2500,2500,2499,2500,2499,5,100,0,0,5,0,0,5.263157844543457,0,0,0,0,0,0,0,0,38804.04901123047,122417.95202636719,0,404327403520,8589930496,5885792256,114688
10,1791553924743,2500,2499,2499,2499,2500,2500,2500,2500,2499,2500,2499,2500,2500,2499,2500,2499,5,100,0,0,5,0,0,5.263157844543457,0,0,0,0,0,0,0,0,38804.20812988281,122418.33074951172,0,404327403520,8589930496,5882322944,114688
10,1791553924754,2500,2499,2499,2499,2500,2500,2500,2500,2499,2500,2499,2500,2500,2499,2500,2499,5,100,0,0,5,0,0,5.263157844543457,0,0,0,0,0,0,0,0,38804.367919921875,122418.70709228516,0,404327403520,8589930496,5876375552,114688
10,1791553924764,2500,2499,2499,2499,2500,2500,2500,2500,2499,2500,2499,2500,2500,2499,2500,2499,5,100,0,0,5,0,0,5.263157844543457,0,0,0,0,0,0,0,0,38804.530212402344,122419.08728027344,0,404327403520,8589930496,5876375552,114688
10,1791553924774,2500,2499,2499,2499,2500,2500,2500,2500,2499,2500,2499,2500,2500,2499,2500,2499,5,100,0,0,5,0,0,5.263157844543457,0,0,0,0,0,0,0,0,38804.69317626953,122419.46490478516,0,404327403520,8589930496,5871915008,114688
10,1791553924784,2500,2499,2499,2499,2500,2500,2500,2500,2499,2500,2499,2500,2500,2499,2500,2499,5,100,0,0,5,0,0,5.263157844543457,0,0,0,0,0,0,0,0,38804.853515625,122419.84448242188,0,404327403520,8589930496,5867454464,114688
10,1791553924794,2500,2499,2499,2499,2500,2500,2500,2500,2499,2500,2499,2500,2500,2499,2500,2499,5,100,0,0,5,0,0,5.263157844543457,0,0,0,0,0,0,0,0,38805.00860595703,122420.22094726563,0,404327403520,8589930496,5867454464,114688
10,1791553924804,2500,2499,2499,2499,2500,2500,2500,2500,2499,2500,2499,2500,2500,2499,2500,2499,5,100,0,0,5,0,0,5.263157844543457,0,0,0,0,0,0,0,0,38805.171142578125,122420.60009765625,0,404327403520,8589930496,5862993920,114688
10,1791553924814,2500,2499,2499,2499,2500,2500,2500,2500,2499,2500,2499,2500,2500,2499,2500,2499,5,100,0,0,5,0,0,5.263157844543457,0,0,0,0,0,0,0,0,38805.33068847656,122420.97735595703,0,404327403520,8589930496,5862993920,114688
10,1791553924824,2500,2499,2499,2499,2500,2500,2500,2500,2499,2500,2499,2500,2500,2499,2500,2499,5,100,0,0,5,0,0,5.263157844543457,0,0,0,0,0,0,0,0,38805.49285888672,122421.35656738281,0,404327403520,8589930496,5858533376,114688
10,1791553924834,2500,2499,2499,2499,2500,2500,2500,2500,2499,2500,2499,2500,2500,2499,2500,2499,5,100,0,0,5,0,0,5.263157844543457,0,0,0,0,0,0,0,0,38805.65399169922,122421.73699951172,0,404327403520,8589930496,5858533376,114688
10,1791553924844,2500,2499,2499,2499,2500,2500,2500,2500,2499,2500,2499,2500,2500,2499,2500,2499,5,100,0,0,5,0,0,5.263157844543457,0,0,0,0,0,0,0,0,38805.814392089844,122422.07696533203,0,404327403520,8589930496,5858533376,114688
9,1791553924854,2500,2499,2499,2499,2500,2500,2500,2500,2499,2500,2499,2500,2500,2499,2500,2499,5,100,0,0,5,0,0,5.263157844543457,0,0,0,0,0,0,0,0,38805.963439941406,122422.49249267578,0,404327403520,8589930496,5853081600,114688
10,1791553924864,2500,2499,2499,2499,2500,2500,2500,2500,2499,2500,2499,2500,2500,2499,2500,2499,5,100,0,0,5,0,0,5.263157844543457,0,0,0,0,0,0,0,0,38806.128967285156,122422.86932373047,0,404327403520,8589930496,5847134208,114688
10,1791553924874,2500,2499,2499,2499,2500,2500,2500,2500,2499,2500,2499,2500,2500,2499,2500,2499,5,100,0,0,5,0,0,5.263157844543457,0,0,0,0,0,0,0,0,38806.291748046875,122423.28546142578,0,404327403520,8589930496,5847134208,114688
10,1791553924884,2500,2499,2499,2499,2500,2500,2500,2500,2499,2500,2499,2500,2500,2499,2500,2499,4.761904716491699,100,0,0,0,0,9.523809432983398,5.263157844543457,0,0,0,4.761904716491699,0,0,0,0,38806.473571777344,122423.66235351563,0,404327403520,8589930496,5843169280,114688
10,1791553924894,2500,2499,2499,2499,2500,2500,2500,2500,2499,2500,2499,2500,2500,2499,2500,2499,4.761904716491699,100,0,0,0,0,9.523809432983398,5.263157844543457,0,0,0,4.761904716491699,0,0,0,0,38806.63348388672,122424.0415649414,0,404327403520,8589930496,5839204352,114688
10,1791553924904,2500,2499,2499,2499,2500,2500,2500,2500,2499,2500,2499,2500,2500,2499,2500,2499,4.761904716491699,100,0,0,0,0,9.523809432983398,5.263157844543457,0,0,0,4.761904716491699,0,0,0,0,38806.79333496094,122424.41870117188,0,404327403520,8589930496,5839204352,114688
10,1791553924914,2500,2499,2499,2499,2500,2500,2500,2500,2499,2500,2499,2500,2500,2499,2500,2499,4.761904716491699,100,0,0,0,0,9.523809432983398,5.263157844543457,0,0,0,4.761904716491699,0,0,0,0,38806.952087402344,122424.79766845703,0,404327403520,8589930496,5835735040,114688
10,1791553924924,2500,2499,2499,2499,2500,2500,2500,2500,2499,2500,2499,2500,2500,2499,2500,2499,4.761904716491699,100,0,0,0,0,9.523809432983398,5.263157844543457,0,0,0,4.761904716491699,0,0,0,0,38807.10772705078,122425.17529296875,0,404327403520,8589930496,5835735040,114688
10,1791553924935,2500,2499,2499,2499,2500,2500,2500,2500,2499,2500,2499,2500,2500,2499,2500,2499,4.761904716491699,100,0,0,0,0,9.523809432983398,5.263157844543457,0,0,0,4.761904716491699,0,0,0,0,38807.26336669922,122425.55181884766,0,404327403520,8589930496,5827805184,114688
10,1791553924945,2500,2499,2499,2499,2500,2500,2500,2500,2499,2500,2499,2500,2500,2499,2500,2499,4.761904716491699,100,0,0,0,0,9.523809432983398,5.263157844543457,0,0,0,4.761904716491699,0,0,0,0,38807.42150878906,122425.931640625,0,404327403520,8589930496,5820370944,114688
10,1791553924955,2500,2499,2499,2499,2500,2500,2500,2500,2499,2500,2499,2500,2500,2499,2500,2499,4.761904716491699,100,0,0,0,0,9.523809432983398,5.263157844543457,0,0,0,4.761904716491699,0,0,0,0,38807.57879638672,122426.31024169922,0,404327403520,8589930496,5820370944,114688
10,1791553924965,2500,2499,2499,2499,2500,2500,2500,2500,2499,2500,2499,2500,2500,2499,2500,2499,4.761904716491699,100,0,0,0,0,9.523809432983398,5.263157844543457,0,0,0,4.761904716491699,0,0,0,0,38807.74328613281,122426.69714355469,0,404327403520,8589930496,5820370944,114688
10,1791553924975,2500,2499,2499,2499,2500,2500,2500,2500,2499,2500,2499,2500,2500,2499,2500,2499,4.761904716491699,100,0,0,0,0,9.523809432983398,5.263157844543457,0,0,0,4.761904716491699,0,0,0,0,38807.90203857422,122427.08612060547,0,404327403520,8589930496,5820370944,114688
10,1791553924985,2500,2499,2499,2499,2500,2500,2500,2500,2499,2500,2499,2500,2500,2499,2500,2499,4.761904716491699,100,0,0,0,0,9.523809432983398,5.263157844543457,0,0,0,4.761904716491699,0,0,0,0,38808.063049316406,122427.47912597656,0,404327403520,8589930496,5820370944,114688
10,1791553924995,2500,2499,2499,2499,2500,2500,2500,2500,2499,2500,2499,2500,2500,2499,2500,2499,4.761904716491699,100,0,0,0,0,9.523809432983398,5.263157844543457,0,0,0,4.761904716491699,0,0,0,0,38808.224182128906,122427.8646850586,0,404327403520,8589930496,5820370944,114688
10,1791553925005,2500,2499,2499,2499,2500,2500,2500,2500,2499,2500,2499,2500,2500,2499,2500,2499,4.761904716491699,100,0,0,0,0,9.523809432983398,5.263157844543457,0,0,0,4.761904716491699,0,0,0,0,38808.385192871094,122428.25360107422,0,404327403520,8589930496,5820370944,114688
9,1791553925015,2500,2499,2499,2499,2500,2500,2500,2500,2499,2500,2499,2500,2500,2499,2500,2499,4.761904716491699,100,0,0,0,0,9.523809432983398,5.263157844543457,0,0,0,4.761904716491699,0,0,0,0,38808.54833984375,122428.64581298828,0,404327403520,8589930496,5820370944,114688
10,1791553925025,2500,2499,2499,2499,2500,2500,2500,2500,2499,2500,2499,2500,2500,2499,2500,2499,4.761904716491699,100,0,0,0,0,9.523809432983398,5.263157844543457,0,0,0,4.761904716491699,0,0,0,0,38808.709411621094,122429.03289794922,0,404327403520,8589930496,5820370944,114688
10,1791553925035,2500,2499,2499,2499,2500,2500,2500,2500,2499,2500,2499,2500,2500,2499,2500,2499,4.761904716491699,100,0,0,0,0,9.523809432983398,5.263157844543457,0,0,0,4.761904716491699,0,0,0,0,38808.87371826172,122429.42321777344,0,404327403520,8589930496,5820370944,114688
10,1791553925045,2500,2499,2499,2499,2500,2500,2500,2500,2499,2500,2499,2500,2500,2499,2500,2499,4.761904716491699,100,0,0,0,0,9.523809432983398,5.263157844543457,0,0,0,4.761904716491699,0,0,0,0,38809.03747558594,122429.81201171875,0,404327403520,8589930496,5820370944,114688
10,1791553925055,2500,2499,2499,2499,2500,2500,2500,2500,2499,2500,2499,2500,2500,2499,2500,2499,4.761904716491699,100,0,0,0,0,9.523809432983398,5.263157844543457,0,0,0,4.761904716491699,0,0,0,0,38809.19641113281,122430.20135498047,0,404327403520,8589930496,5820370944,114688
10,1791553925065,2500,2499,2499,2499,2500,2500,2500,2500,2499,2500,2499,2500,2500,2499,2500,2499,4.761904716491699,100,0,0,0,0,9.523809432983398,5.263157844543457,0,0,0,4.761904716491699,0,0,0,0,38809.35607910156,122430.58972167969,0,404327403520,8589930496,5820370944,114688
10,1791553925075,2500,2499,2499,2499,2500,2500,2500,2500,2499,2500,2499,2500,2500,2499,2500,2499,4.761904716491699,100,0,0,0,0,9.523809432983398,5.263157844543457,0,0,0,4.761904716491699,0,0,0,0,38809.534118652344,122431.01678466797,0,404327403520,8589930496,5820370944,114688
10,1791553925085,2500,2499,2499,2499,2500,2500,2500,2500,2499,2500,2499,2500,2500,2499,2500,2499,0,100,0,0,0,0,0,0,0,0,0,0,0,0,0,0,38809.702575683594,122431.40924072266,0,404327403520,8589930496,5820370944,114688
10,1791553925095,2500,2499,2499,2499,2500,2500,2500,2500,2499,2500,2499,2500,2500,2499,2500,2499,0,100,0,0,0,0,0,0,0,0,0,0,0,0,0,0,38809.869384765625,122431.79748535156,0,404327403520,8589930496,5813174272,114688
10,1791553925106,2500,2499,2499,2499,2500,2500,2500,2500,2499,2500,2499,2500,2500,2499,2500,2499,0,100,0,0,0,0,0,0,0,0,0,0,0,0,0,0,38810.033447265625,122432.18322753906,0,404327403520,8589930496,5812350976,114688
10,1791553925116,2500,2499,2499,2499,2500,2500,2500,2500,2499,2500,2499,2500,2500,2499,2500,2499,0,100,0,0,0,0,0,0,0,0,0,0,0,0,0,0,38810.195739746094,122432.57318115234,0,404327403520,8589930496,5812350976,114688
10,1791553925126,2500,2499,2499,2499,2500,2500,2500,2500,2499,2500,2499,2500,2500,2499,2500,2499,0,100,0,0,0,0,0,0,0,0,0,0,0,0,0,0,38810.357482910156,122432.96075439453,0,404327403520,8589930496,5812350976,114688
10,1791553925136,2500,2499,2499,2499,2500,2500,2500,2500,2499,2500,2499,2500,2500,2499,2500,2499,0,100,0,0,0,0,0,0,0,0,0,0,0,0,0,0,38810.520935058594,122433.34997558594,0,404327403520,8589930496,5812350976,114688
10,1791553925146,2500,2499,2499,2499,2500,2500,2500,2500,2499,2500,2499,2500,2500,2499,2500,2499,0,100,0,0,0,0,0,0,0,0,0,0,0,0,0,0,38810.683349609375,122433.74108886719,0,404327403520,8589930496,5812350976,114688
10,1791553925156,2500,2499,2499,2499,2500,2500,2500,2500,2499,2500,2499,2500,2500,2499,2500,2499,0,100,0,0,0,0,0,0,0,0,0,0,0,0,0,0,38810.843017578125,122434.13232421875,0,404327403520,8589930496,5812350976,114688
10,1791553925166,2500,2499,2499,2499,2500,2500,2500,2500,2499,2500,2499,2500,2500,2499,2500,2499,0,100,0,0,0,0,0,0,0,0,0,0,0,0,0,0,38810.99871826172,122434.52325439453,0,404327403520,8589930496,5804032000,114688
10,1791553925176,2500,2499,2499,2499,2500,2500,2500,2500,2499,2500,2499,2500,2500,2499,2500,2499,0,100,0,0,0,0,0,0,0,0,0,0,0,0,0,0,38811.16296386719,122434.912109375,0,404327403520,8589930496,5804032000,114688
9,1791553925186,2500,2499,2499,2499,2500,2500,2500,2500,2499,2500,2499,2500,2500,2499,2500,2499,0,100,0,0,0,0,0,0,0,0,0,0,0,0,0,0,38811.324645996094,122435.30108642578,0,404327403520,8589930496,5804032000,114688
10,1791553925196,2500,2499,2499,2499,2500,2500,2500,2500,2499,2500,2499,2500,2500,2499,2500,2499,0,100,0,0,0,0,0,0,0,0,0,0,0,0,0,0,38811.48974609375,122435.69165039063,0,404327403520,8589930496,5804032000,114688
10,1791553925206,2500,2499,2499,2499,2500,2500,2500,2500,2499,2500,2499,2500,2500,2499,2500,2499,0,100,0,0,0,0,0,0,0,0,0,0,0,0,0,0,38811.649841308594,122436.08001708984,0,404327403520,8589930496,5804032000,114688
10,1791553925216,2500,2499,2499,2499,2500,2500,2500,2500,2499,2500,2499,2500,2500,2499,2500,2499,0,100,0,0,0,0,0,0,0,0,0,0,0,0,0,0,38811.80938720703,122436.46856689453,0,404327403520,8589930496,5804032000,114688
10,1791553925226,2500,2499,2499,2499,2500,2500,2500,2500,2499,2500,2499,2500,2500,2499,2500,2499,0,100,0,0,0,0,0,0,0,0,0,0,0,0,0,0,38811.97088623047,122436.85931396484,0,404327403520,8589930496,5804032000,114688
10,1791553925236,2500,2499,2499,2499,2500,2500,2500,2500,2499,2500,2499,2500,2500,2499,2500,2499,0,100,0,0,0,0,0,0,0,0,0,0,0,0,0,0,38812.13366699219,122437.24816894531,0,404327403520,8589930496,5804032000,114688
10,1791553925246,2500,2499,2499,2499,2500,2500,2500,2500,2499,2500,2499,2500,2500,2499,2500,2499,0,100,0,0,0,0,0,0,0,0,0,0,0,0,0,0,38812.30108642578,122437.63806152344,0,404327403520,8589930496,5804032000,114688
10,1791553925256,2500,2499,2499,2499,2500,2500,2500,2500,2499,2500,2499,2500,2500,2499,2500,2499,0,100,0,0,0,0,0,0,0,0,0,0,0,0,0,0,38812.46173095703,122438.02819824219,0,404327403520,8589930496,5804032000,114688
10,1791553925266,2500,2499,2499,2499,2500,2500,2500,2500,2499,2500,2499,2500,2500,2499,2500,2499,0,100,0,0,0,0,0,0,0,0,0,0,0,0,0,0,38812.62927246094,122438.4189453125,0,404327403520,8589930496,5804032000,114688
10,1791553925277,2500,2499,2499,2499,2500,2500,2500,2500,2499,2500,2499,2500,2500,2499,2500,2499,0,100,0,0,0,0,0,0,0,0,0,0,0,0,0,0,38812.81091308594,122438.84893798828,0,404327403520,8589930496,5804032000,114688
10,1791553925287,2500,2499,2499,2499,2500,2500,2500,2500,2499,2500,2499,2500,2500,2499,2500,2499,0,100,0,0,0,5,0,10,0,0,0,0,0,0,0,0,38812.967834472656,122439.2406616211,0,404327403520,8589930496,5804032000,114688
10,1791553925297,2500,2499,2499,2499,2500,2500,2500,2500,2499,2500,2499,2500,2500,2499,2500,2499,0,100,0,0,0,5,0,10,0,0,0,0,0,0,0,0,38813.12854003906,122439.6328125,0,404327403520,8589930496,5804032000,114688
10,1791553925307,2500,2499,2499,2499,2500,2500,2500,2500,2499,2500,2499,2500,2500,2499,2500,2499,0,100,0,0,0,5,0,10,0,0,0,0,0,0,0,0,38813.29296875,122440.0209350586,0,404327403520,8589930496,5804032000,114688
10,1791553925317,2500,2499,2499,2499,2500,2500,2500,2500,2499,2500,2499,2500,2500,2499,2500,2499,0,100,0,0,0,5,0,10,0,0,0,0,0,0,0,0,38813.455017089844,122440.41180419922,0,404327403520,8589930496,5804032000,114688
10,1791553925327,2500,2499,2499,2499,2500,2500,2500,2500,2499,2500,2499,2500,2500,2499,2500,2499,0,100,0,0,0,5,0,10,0,0,0,0,0,0,0,0,38813.614807128906,122440.80236816406,0,404327403520,8589930496,5804032000,114688
10,1791553925337,2500,2499,2499,2499,2500,2500,2500,2500,2499,2500,2499,2500,2500,2499,2500,2499,0,100,0,0,0,5,0,10,0,0,0,0,0,0,0,0,38813.78497314453,122441.1890258789,0,404327403520,8589930496,5804032000,114688
10,1791553925347,2500,2499,2499,2499,2500,2500,2500,2500,2499,2500,2499,2500,2500,2499,2500,2499,0,100,0,0,0,5,0,10,0,0,0,0,0,0,0,0,38813.94854736328,122441.58209228516,0,404327403520,8589930496,5804032000,114688
10,1791553925357,2500,2499,2499,2499,2500,2500,2500,2500,2499,2500,2499,2500,2500,2499,2500,2499,0,100,0,0,0,5,0,10,0,0,0,0,0,0,0,0,38814.11315917969,122441.97204589844,0,404327403520,8589930496,5804032000,114688
10,1791553925367,2500,2499,2499,2499,2500,2500,2500,2500,2499,2500,2499,2500,2500,2499,2500,2499,0,100,0,0,0,5,0,10,0,0,0,0,0,0,0,0,38814.28192138672,122442.3642578125,0,404327403520,8589930496,5804032000,114688
10,1791553925377,2500,2499,2499,2499,2500,2500,2500,2500,2499,2500,2499,2500,2500,2499,2500,2499,0,100,0,0,0,5,0,10,0,0,0,0,0,0,0,0,38814.448303222656,122442.75415039063,0,404327403520,8589930496,5804032000,114688
9,1791553925387,2500,2499,2499,2499,2500,2500,2500,2500,2499,2500,2499,2500,2500,2499,2500,2499,0,100,0,0,0,5,0,10,0,0,0,0,0,0,0,0,38814.6083984375,122443.14636230469,0,404327403520,8589930496,5804032000,114688
10,1791553925397,2500,2499,2499,2499,2500,2500,2500,2500,2499,2500,2499,2500,2500,2499,2500,2499,0,100,0,0,0,5,0,10,0,0,0,0,0,0,0,0,38814.76843261719,122443.5405883789,0,404327403520,8589930496,5804032000,114688
10,1791553925407,2500,2499,2499,2499,2500,2500,2500,2500,2499,2500,2499,2500,2500,2499,2500,2499,0,100,0,0,0,5,0,10,0,0,0,0,0,0,0,0,38814.93194580078,122443.92980957031,0,404327403520,8589930496,5804032000,114688
10,1791553925417,2500,2499,2499,2499,2500,2500,2500,2500,2499,2500,2499,2500,2500,2499,2500,2499,0,100,0,0,0,5,0,10,0,0,0,0,0,0,0,0,38815.095275878906,122444.32104492188,0,404327403520,8589930496,5804032000,114688
10,1791553925427,2500,2499,2499,2499,2500,2500,2500,2500,2499,2500,2499,2500,2500,2499,2500,2499,0,100,0,0,0,5,0,10,0,0,0,0,0,0,0,0,38815.25714111328,122444.7119140625,0,404327403520,8589930496,5804032000,114688
10,1791553925437,2500,2499,2499,2499,2500,2500,2500,2500,2499,2500,2499,2500,2500,2499,2500,2499,0,100,0,0,0,5,0,10,0,0,0,0,0,0,0,0,38815.4228515625,122445.10321044922,0,404327403520,8589930496,5804032000,114688
10,1791553925448,2500,2499,2499,2499,2500,2500,2500,2500,2499,2500,2499,2500,2500,2499,2500,2499,0,100,0,0,0,5,0,10,0,0,0,0,0,0,0,0,38815.588134765625,122445.5005493164,0,404327403520,8589930496,5804032000,114688
10,1791553925458,2500,2499,2499,2499,2500,2500,2500,2500,2499,2500,2499,2500,2500,2499,2500,2499,0,100,0,0,0,5,0,10,0,0,0,0,0,0,0,0,38815.750732421875,122445.89099121094,0,404327403520,8589930496,5804032000,114688
10,1791553925468,2500,2499,2499,2499,2500,2500,2500,2500,2499,2500,2499,2500,2500,2499,2500,2499,0,100,0,0,0,5,0,10,0,0,0,0,0,0,0,0,38815.928161621094,122446.31176757813,0,404327403520,8589930496,5804032000,114688
10,1791553925478,2500,2499,2499,2499,2500,2500,2500,2500,2499,2500,2499,2500,2500,2499,2500,2499,0,100,0,0,0,5,0,10,0,0,0,0,0,0,0,0,38816.092041015625,122446.7046508789,0,404327403520,8589930496,5804032000,114688
10,1791553925488,2500,2499,2499,2499,2500,2500,2500,2500,2499,2500,2499,2500,2500,2499,2500,2499,0,100,0,0,0,0,0,0,0,0,0,0,0,0,0,0,38816.25939941406,122447.09716796875,0,404327403520,8589930496,5804032000,114688
10,1791553925498,2500,2499,2499,2499,2500,2500,2500,2500,2499,2500,2499,2500,2500,2499,2500,2499,0,100,0,0,0,0,0,0,0,0,0,0,0,0,0,0,38816.42547607422,122447.49377441406,0,404327403520,8589930496,5804032000,114688
10,1791553925508,2500,2499,2499,2499,2500,2500,2500,2500,2499,2500,2499,2500,2500,2499,2500,2499,0,100,0,0,0,0,0,0,0,0,0,0,0,0,0,0,38816.591796875,122447.88055419922,0,404327403520,8589930496,5804032000,114688
10,1791553925518,2500,2499,2499,2499,2500,2500,2500,2500,2499,2500,2499,2500,2500,2499,2500,2499,0,100,0,0,0,0,0,0,0,0,0,0,0,0,0,0,38816.755859375,122448.27258300781,0,404327403520,8589930496,5804032000,114688
10,1791553925528,2500,2499,2499,2499,2500,2500,2500,2500,2499,2500,2499,2500,2500,2499,2500,2499,0,100,0,0,0,0,0,0,0,0,0,0,0,0,0,0,38816.92022705078,122448.66900634766,0,404327403520,8589930496,5804032000,114688
10,1791553925538,2500,2499,2499,2499,2500,2500,2500,2500,2499,2500,2499,2500,2500,2499,2500,2499,0,100,0,0,0,0,0,0,0,0,0,0,0,0,0,0,38817.087646484375,122449.05975341797,0,404327403520,8589930496,5804032000,114688
9,1791553925548,2500,2499,2499,2499,2500,2500,2500,2500,2499,2500,2499,2500,2500,2499,2500,2499,0,100,0,0,0,0,0,0,0,0,0,0,0,0,0,0,38817.254150390625,122449.45251464844,0,404327403520,8589930496,5804032000,114688
10,1791553925558,2500,2499,2499,2499,2500,2500,2500,2500,2499,2500,2499,2500,2500,2499,2500,2499,0,100,0,0,0,0,0,0,0,0,0,0,0,0,0,0,38817.41943359375,122449.83715820313,0,404327403520,8589930496,5804032000,114688
10,1791553925568,2500,2499,2499,2499,2500,2500,2500,2500,2499,2500,2499,2500,2500,2499,2500,2499,0,100,0,0,0,0,0,0,0,0,0,0,0,0,0,0,38817.584045410156,122450.22943115234,0,404327403520,8589930496,5804032000,114688
9,1791553925578,2500,2499,2499,2499,2500,2500,2500,2500,2499,2500,2499,2500,2500,2499,2500,2499,0,100,0,0,0,0,0,0,0,0,0,0,0,0,0,0,38817.757263183594,122450.6224975586,0,404327403520,8589930496,5804032000,114688
10,1791553925588,2500,2499,2499,2499,2500,2500,2500,2500,2499,2500,2499,2500,2500,2499,2500,2499,0,100,0,0,0,0,0,0,0,0,0,0,0,0,0,0,38817.924255371094,122451.00939941406,0,404327403520,8589930496,5804032000,114688
10,1791553925598,2500,2499,2499,2499,2500,2500,2500,2500,2499,2500,2499,2500,2500,2499,2500,2499,0,100,0,0,0,0,0,0,0,0,0,0,0,0,0,0,38818.08703613281,122451.40313720703,0,404327403520,8589930496,5804032000,114688
10,1791553925608,2500,2499,2499,2499,2500,2500,2500,2500,2499,2500,2499,2500,2500,2499,2500,2499,0,100,0,0,0,0,0,0,0,0,0,0,0,0,0,0,38818.25457763672,122451.79180908203,0,404327403520,8589930496,5804032000,114688
10,1791553925618,2500,2499,2499,2499,2500,2500,2500,2500,2499,2500,2499,2500,2500,2499,2500,2499,0,100,0,0,0,0,0,0,0,0,0,0,0,0,0,0,38818.41766357422,122452.1810913086,0,404327403520,8589930496,5804032000,114688
10,1791553925629,2500,2499,2499,2499,2500,2500,2500,2500,2499,2500,2499,2500,2500,2499,2500,2499,0,100,0,0,0,0,0,0,0,0,0,0,0,0,0,0,38818.58154296875,122452.57189941406,0,404327403520,8589930496,5804032000,114688
10,1791553925639,2500,2499,2499,2499,2500,2500,2500,2500,2499,2500,2499,2500,2500,2499,2500,2499,0,100,0,0,0,0,0,0,0,0,0,0,0,0,0,0,38818.749450683594,122452.96447753906,0,404327403520,8589930496,5804032000,114688
10,1791553925649,2500,2499,2499,2499,2500,2500,2500,2500,2499,2500,2499,2500,2500,2499,2500,2499,0,100,0,0,0,0,0,0,0,0,0,0,0,0,0,0,38818.915100097656,122453.35675048828,0,404327403520,8589930496,5804032000,114688
10,1791553925659,2500,2499,2499,2499,2500,2500,2500,2500,2499,2500,2499,2500,2500,2499,2500,2499,0,100,0,0,0,0,0,0,0,0,0,0,0,0,0,0,38819.082458496094,122453.74755859375,0,404327403520,8589930496,5804032000,114688
10,1791553925669,2500,2499,2499,2499,2500,2500,2500,2500,2499,2500,2499,2500,2500,2499,2500,2499,0,100,0,0,0,0,0,0,0,0,0,0,0,0,0,0,38819.249267578125,122454.14001464844,0,404327403520,8589930496,5804032000,114688
10,1791553925679,2500,2499,2499,2499,2500,2500,2500,2500,2499,2500,2499,2500,2500,2499,2500,2499,0,100,0,0,0,0,0,0,0,0,0,0,0,0,0,0,38819.417907714844,122454.53051757813,0,404327403520,8589930496,5804032000,114688
10,1791553925689,2500,2499,2499,2499,2500,2500,2500,2500,2499,2500,2499,2500,2500,2499,2500,2499,0,100,0,0,0,0,0,10.526315689086914,0,0,0,0,0,0,0,0,38819.60266113281,122454.96215820313,0,404327403520,8589930496,5804032000,114688
10,1791553925699,2500,2499,2499,2499,2500,2500,2500,2500,2499,2500,2499,2500,2500,2499,2500,2499,0,100,0,0,0,0,0,10.526315689086914,0,0,0,0,0,0,0,0,38819.77331542969,122455.35388183594,0,404327403520,8589930496,5804032000,114688
10,1791553925709,2500,2499,2499,2499,2500,2500,2500,2500,2499,2500,2499,2500,2500,2499,2500,2499,0,100,0,0,0,0,0,10.526315689086914,0,0,0,0,0,0,0,0,38819.936584472656,122455.74591064453,0,404327403520,8589930496,5804032000,114688
10,1791553925719,2500,2499,2499,2499,2500,2500,2500,2500,2499,2500,2499,2500,2500,2499,2500,2499,0,100,0,0,0,0,0,10.526315689086914,0,0,0,0,0,0,0,0,38820.10174560547,122456.13977050781,0,404327403520,8589930496,5804032000,114688
10,1791553925729,2500,2499,2499,2499,2500,2500,2500,2500,2499,2500,2499,2500,2500,2499,2500,2499,0,100,0,0,0,0,0,10.526315689086914,0,0,0,0,0,0,0,0,38820.266540527344,122456.53161621094,0,404327403520,8589930496,5804032000,114688
10,1791553925739,2500,2499,2499,2499,2500,2500,2500,2500,2499,2500,2499,2500,2500,2499,2500,2499,0,100,0,0,0,0,0,10.526315689086914,0,0,0,0,0,0,0,0,38820.43682861328,122456.9214477539,0,404327403520,8589930496,5804032000,114688
10,1791553925749,2500,2499,2499,2499,2500,2500,2500,2500,2499,2500,2499,2500,2500,2499,2500,2499,0,100,0,0,0,0,0,10.526315689086914,0,0,0,0,0,0,0,0,38820.60028076172,122457.31469726563,0,404327403520,8589930496,5804032000,114688
10,1791553925759,2500,2499,2499,2499,2500,2500,2500,2500,2499,2500,2499,2500,2500,2499,2500,2499,0,100,0,0,0,0,0,10.526315689086914,0,0,0,0,0,0,0,0,38820.76580810547,122457.7045288086,0,404327403520,8589930496,5804032000,114688
9,1791553925769,2500,2499,2499,2499,2500,2500,2500,2500,2499,2500,2499,2500,2500,2499,2500,2499,0,100,0,0,0,0,0,10.526315689086914,0,0,0,0,0,0,0,0,38820.93249511719,122458.09759521484,0,404327403520,8589930496,5804032000,114688
10,1791553925779,2500,2499,2499,2499,2500,2500,2500,2500,2499,2500,2499,2500,2500,2499,2500,2499,0,100,0,0,0,0,0,10.526315689086914,0,0,0,0,0,0,0,0,38821.10040283203,122458.49151611328,0,404327403520,8589930496,5804032000,114688
10,1791553925789,2500,2499,2499,2499,2500,2500,2500,2500,2499,2500,2499,2500,2500,2499,2500,2499,0,100,0,0,0,0,0,10.526315689086914,0,0,0,0,0,0,0,0,38821.26904296875,122458.88305664063,0,404327403520,8589930496,5804032000,114688
10,1791553925800,2500,2499,2499,2499,2500,2500,2500,2500,2499,2500,2499,2500,2500,2499,2500,2499,0,100,0,0,0,0,0,10.526315689086914,0,0,0,0,0,0,0,0,38821.434020996094,122459.2730102539,0,404327403520,8589930496,5804032000,114688
10,1791553925810,2500,2499,2499,2499,2500,2500,2500,2500,2499,2500,2499,2500,2500,2499,2500,2499,0,100,0,0,0,0,0,10.526315689086914,0,0,0,0,0,0,0,0,38821.594787597656,122459.666015625,0,404327403520,8589930496,5804032000,114688
10,1791553925820,2500,2499,2499,2499,2500,2500,2500,2500,2499,2500,2499,2500,2500,2499,2500,2499,0,100,0,0,0,0,0,10.526315689086914,0,0,0,0,0,0,0,0,38821.75811767578,122460.05627441406,0,404327403520,8589930496,5804032000,114688
10,1791553925830,2500,2499,2499,2499,2500,2500,2500,2500,2499,2500,2499,2500,2500,2499,2500,2499,0,100,0,0,0,0,0,10.526315689086914,0,0,0,0,0,0,0,0,38821.9296875,122460.44647216797,0,404327403520,8589930496,5804032000,114688
10,1791553925840,2500,2499,2499,2499,2500,2500,2500,2500,2499,2500,2499,2500,2500,2499,2500,2499,0,100,0,0,0,0,0,10.526315689086914,0,0,0,0,0,0,0,0,38822.09552001953,122460.83721923828,0,404327403520,8589930496,5804032000,114688
10,1791553925850,2500,2499,2499,2499,2500,2500,2500,2500,2499,2500,2499,2500,2500,2499,2500,2499,0,100,0,0,0,0,0,10.526315689086914,0,0,0,0,0,0,0,0,38822.265075683594,122461.22827148438,0,404327403520,8589930496,5804032000,114688
10,1791553925860,2500,2499,2499,2499,2500,2500,2500,2500,2499,2500,2499,2500,2500,2499,2500,2499,0,100,0,0,0,0,0,10.526315689086914,0,0,0,0,0,0,0,0,38822.428955078125,122461.61975097656,0,404327403520,8589930496,5804032000,114688
10,1791553925870,2500,2499,2499,2499,2500,2500,2500,2500,2499,2500,2499,2500,2500,2499,2500,2499,0,100,0,0,0,0,0,10.526315689086914,0,0,0,0,0,0,0,0,38822.591796875,122462.0087890625,0,404327403520,8589930496,5804032000,114688
10,1791553925880,2500,2499,2499,2499,2500,2500,2500,2500,2499,2500,2499,2500,2500,2499,2500,2499,0,100,0,0,0,0,0,10.526315689086914,0,0,0,0,0,0,0,0,38822.75762939453,122462.400390625,0,404327403520,8589930496,5804032000,114688
10,1791553925890,2500,2499,2499,2499,2500,2500,2500,2500,2499,2500,2499,2500,2500,2499,2500,2499,5,100,0,0,0,5,0,5.263157844543457,0,0,0,0,0,0,0,0,38822.940002441406,122462.83087158203,0,404327403520,8589930496,5804032000,114688
10,1791553925900,2500,2499,2499,2499,2500,2500,2500,2500,2499,2500,2499,2500,2500,2499,2500,2499,5,100,0,0,0,5,0,5.263157844543457,0,0,0,0,0,0,0,0,38823.11065673828,122463.22387695313,0,404327403520,8589930496,5804032000,114688
10,1791553925910,2500,2499,2499,2499,2500,2500,2500,2500,2499,2500,2499,2500,2500,2499,2500,2499,5,100,0,0,0,5,0,5.263157844543457,0,0,0,0,0,0,0,0,38823.275329589844,122463.61236572266,0,404327403520,8589930496,5804032000,114688
10,1791553925920,2500,2499,2499,2499,2500,2500,2500,2500,2499,2500,2499,2500,2500,2499,2500,2499,5,100,0,0,0,5,0,5.263157844543457,0,0,0,0,0,0,0,0,38823.436767578125,122464.00378417969,0,404327403520,8589930496,5804032000,114688
10,1791553925930,2500,2499,2499,2499,2500,2500,2500,2500,2499,2500,2499,2500,2500,2499,2500,2499,5,100,0,0,0,5,0,5.263157844543457,0,0,0,0,0,0,0,0,38823.601806640625,122464.39630126953,0,404327403520,8589930496,5804032000,114688
10,1791553925940,2500,2499,2499,2499,2500,2500,2500,2500,2499,2500,2499,2500,2500,2499,2500,2499,5,100,0,0,0,5,0,5.263157844543457,0,0,0,0,0,0,0,0,38823.76776123047,122464.78930664063,0,404327403520,8589930496,5804032000,114688
9,1791553925950,2500,2499,2499,2499,2500,2500,2500,2500,2499,2500,2499,2500,2500,2499,2500,2499,5,100,0,0,0,5,0,5.263157844543457,0,0,0,0,0,0,0,0,38823.939697265625,122465.17901611328,0,404327403520,8589930496,5804032000,114688
10,1791553925960,2500,2499,2499,2499,2500,2500,2500,2500,2499,2500,2499,2500,2500,2499,2500,2499,5,100,0,0,0,5,0,5.263157844543457,0,0,0,0,0,0,0,0,38824.10809326172,122465.57263183594,0,404327403520,8589930496,5804032000,114688
10,1791553925971,2500,2499,2499,2499,2500,2500,2500,2500,2499,2500,2499,2500,2500,2499,2500,2499,5,100,0,0,0,5,0,5.263157844543457,0,0,0,0,0,0,0,0,38824.27526855469,122465.96350097656,0,404327403520,8589930496,5804032000,114688
10,1791553925981,2500,2499,2499,2499,2500,2500,2500,2500,2499,2500,2499,2500,2500,2499,2500,2499,5,100,0,0,0,5,0,5.263157844543457,0,0,0,0,0,0,0,0,38824.44317626953,122466.35327148438,0,404327403520,8589930496,5804032000,114688
10,1791553925991,2500,2499,2499,2499,2500,2500,2500,2500,2499,2500,2499,2500,2500,2499,2500,2499,5,100,0,0,0,5,0,5.263157844543457,0,0,0,0,0,0,0,0,38824.60632324219,122466.7445678711,0,404327403520,8589930496,5804032000,114688
10,1791553926001,2500,2499,2499,2499,2500,2500,2500,2500,2499,2500,2499,2500,2500,2499,2500,2499,5,100,0,0,0,5,0,5.263157844543457,0,0,0,0,0,0,0,0,38824.77313232422,122467.13500976563,0,404327403520,8589930496,5804032000,114688
10,1791553926011,2500,2499,2499,2499,2500,2500,2500,2500,2499,2500,2499,2500,2500,2499,2500,2499,5,100,0,0,0,5,0,5.263157844543457,0,0,0,0,0,0,0,0,38824.94006347656,122467.52453613281,0,404327403520,8589930496,5804032000,114688
10,1791553926021,2500,2499,2499,2499,2500,2500,2500,2500,2499,2500,2499,2500,2500,2499,2500,2499,5,100,0,0,0,5,0,5.263157844543457,0,0,0,0,0,0,0,0,38825.10614013672,122467.91687011719,0,404327403520,8589930496,5804032000,114688
10,1791553926031,2500,2499,2499,2499,2500,2500,2500,2500,2499,2500,2499,2500,2500,2499,2500,2499,5,100,0,0,0,5,0,5.263157844543457,0,0,0,0,0,0,0,0,38825.272033691406,122468.30932617188,0,404327403520,8589930496,5804032000,114688
10,1791553926041,2500,2499,2499,2499,2500,2500,2500,2500,2499,2500,2499,2500,2500,2499,2500,2499,5,100,0,0,0,5,0,5.263157844543457,0,0,0,0,0,0,0,0,38825.442138671875,122468.69702148438,0,404327403520,8589930496,5804032000,114688
10,1791553926051,2500,2499,2499,2499,2500,2500,2500,2500,2499,2500,2499,2500,2500,2499,2500,2499,5,100,0,0,0,5,0,5.263157844543457,0,0,0,0,0,0,0,0,38825.60949707031,122469.08898925781,0,404327403520,8589930496,5804032000,114688
10,1791553926061,2500,2499,2499,2499,2500,2500,2500,2500,2499,2500,2499,2500,2500,2499,2500,2499,5,100,0,0,0,5,0,5.263157844543457,0,0,0,0,0,0,0,0,38825.780334472656,122469.47973632813,0,404327403520,8589930496,5804032000,114688
9,1791553926071,2500,2499,2499,2499,2500,2500,2500,2500,2499,2500,2499,2500,2500,2499,2500,2499,5,100,0,0,0,5,0,5.263157844543457,0,0,0,0,0,0,0,0,38825.947326660156,122469.87377929688,0,404327403520,8589930496,5804032000,114688
10,1791553926081,2500,2499,2499,2499,2500,2500,2500,2500,2499,2500,2499,2500,2500,2499,2500,2499,5,100,0,0,0,5,0,5.263157844543457,0,0,0,0,0,0,0,0,38826.114196777344,122470.26293945313,0,404327403520,8589930496,5804032000,114688
10,1791553926091,2500,2499,2499,2499,2500,2500,2500,2500,2499,2500,2499,2500,2500,2499,2500,2499,5,100,0,0,0,0,0,5.263157844543457,0,0,0,0,0,0,0,0,38826.302490234375,122470.64752197266,0,404327403520,8589930496,5804032000,114688
10,1791553926101,2500,2499,2499,2499,2500,2500,2500,2500,2499,2500,2499,2500,2500,2499,2500,2499,5,100,0,0,0,0,0,5.263157844543457,0,0,0,0,0,0,0,0,38826.4541015625,122471.04064941406,0,404327403520,8589930496,5804032000,114688
10,1791553926111,2500,2499,2499,2499,2500,2500,2500,2500,2499,2500,2499,2500,2500,2499,2500,2499,5,100,0,0,0,0,0,5.263157844543457,0,0,0,0,0,0,0,0,38826.61346435547,122471.43133544922,0,404327403520,8589930496,5804032000,114688
10,1791553926121,2500,2499,2499,2499,2500,2500,2500,2500,2499,2500,2499,2500,2500,2499,2500,2499,5,100,0,0,0,0,0,5.263157844543457,0,0,0,0,0,0,0,0,38826.79748535156,122471.86450195313,0,404327403520,8589930496,5786042368,114688
9,1791553926131,2500,2499,2499,2499,2500,2500,2500,2500,2499,2500,2499,2500,2500,2499,2500,2499,5,100,0,0,0,0,0,5.263157844543457,0,0,0,0,0,0,0,0,38826.961181640625,122472.25518798828,0,404327403520,8589930496,5786042368,114688
10,1791553926141,2500,2499,2499,2499,2500,2500,2500,2500,2499,2500,2499,2500,2500,2499,2500,2499,5,100,0,0,0,0,0,5.263157844543457,0,0,0,0,0,0,0,0,38827.127868652344,122472.64715576172,0,404327403520,8589930496,5786042368,114688
10,1791553926152,2500,2499,2499,2499,2500,2500,2500,2500,2499,2500,2499,2500,2500,2499,2500,2499,5,100,0,0,0,0,0,5.263157844543457,0,0,0,0,0,0,0,0,38827.294860839844,122473.0267944336,0,404327403520,8589930496,5786042368,114688
10,1791553926162,2500,2499,2499,2499,2500,2500,2500,2500,2499,2500,2499,2500,2500,2499,2500,2499,5,100,0,0,0,0,0,5.263157844543457,0,0,0,0,0,0,0,0,38827.45690917969,122473.42022705078,0,404327403520,8589930496,5786042368,114688
10,1791553926172,2500,2499,2499,2499,2500,2500,2500,2500,2499,2500,2499,2500,2500,2499,2500,2499,5,100,0,0,0,0,0,5.263157844543457,0,0,0,0,0,0,0,0,38827.625,122473.81213378906,0,404327403520,8589930496,5786042368,114688
10,1791553926182,2500,2499,2499,2499,2500,2500,2500,2500,2499,2500,2499,2500,2500,2499,2500,2499,5,100,0,0,0,0,0,5.263157844543457,0,0,0,0,0,0,0,0,38827.79113769531,122474.20349121094,0,404327403520,8589930496,5786042368,114688
10,1791553926192,2500,2499,2499,2499,2500,2500,2500,2500,2499,2500,2499,2500,2500,2499,2500,2499,5,100,0,0,0,0,0,5.263157844543457,0,0,0,0,0,0,0,0,38827.955078125,122474.59558105469,0,404327403520,8589930496,5786042368,114688
10,1791553926202,2500,2499,2499,2499,2500,2500,2500,2500,2499,2500,2499,2500,2500,2499,2500,2499,5,100,0,0,0,0,0,5.263157844543457,0,0,0,0,0,0,0,0,38828.12060546875,122474.9873046875,0,404327403520,8589930496,5786042368,114688
10,1791553926212,2500,2499,2499,2499,2500,2500,2500,2500,2499,2500,2499,2500,2500,2499,2500,2499,5,100,0,0,0,0,0,5.263157844543457,0,0,0,0,0,0,0,0,38828.282287597656,122475.38000488281,0,404327403520,8589930496,5786042368,114688
10,1791553926222,2500,2499,2499,2499,2500,2500,2500,2500,2499,2500,2499,2500,2500,2499,2500,2499,5,100,0,0,0,0,0,5.263157844543457,0,0,0,0,0,0,0,0,38828.450744628906,122475.77221679688,0,404327403520,8589930496,5786042368,114688
9,1791553926232,2500,2499,2499,2499,2500,2500,2500,2500,2499,2500,2499,2500,2500,2499,2500,2499,5,100,0,0,0,0,0,5.263157844543457,0,0,0,0,0,0,0,0,38828.6142578125,122476.16394042969,0,404327403520,8589930496,5786042368,114688
10,1791553926242,2500,2499,2499,2499,2500,2500,2500,2500,2499,2500,2499,2500,2500,2499,2500,2499,5,100,0,0,0,0,0,5.263157844543457,0,0,0,0,0,0,0,0,38828.78137207031,122476.55676269531,0,404327403520,8589930496,5786042368,114688
10,1791553926252,2500,2499,2499,2499,2500,2500,2500,2500,2499,2500,2499,2500,2500,2499,2500,2499,5,100,0,0,0,0,0,5.263157844543457,0,0,0,0,0,0,0,0,38828.94561767578,122476.94757080078,0,404327403520,8589930496,5786042368,114688
10,1791553926262,2500,2499,2499,2499,2500,2500,2500,2500,2499,2500,2499,2500,2500,2499,2500,2499,5,100,0,0,0,0,0,5.263157844543457,0,0,0,0,0,0,0,0,38829.11096191406,122477.3374633789,0,404327403520,8589930496,5786042368,114688
10,1791553926272,2500,2499,2499,2499,2500,2500,2500,2500,2499,2500,2499,2500,2500,2499,2500,2499,5,100,0,0,0,0,0,5.263157844543457,0,0,0,0,0,0,0,0,38829.27502441406,122477.69110107422,0,404327403520,8589930496,5786042368,114688
10,1791553926282,2500,2499,2499,2499,2500,2500,2500,2500,2499,2500,2499,2500,2500,2499,2500,2499,5,100,0,0,0,0,0,5.263157844543457,0,0,0,0,0,0,0,0,38829.438537597656,122478.11975097656,0,404327403520,8589930496,5786042368,114688
10,1791553926292,2500,2499,2499,2499,2500,2500,2500,2500,2499,2500,2499,2500,2500,2499,2500,2499,0,100,0,0,0,0,0,10,0,0,0,0,0,0,0,0,38829.61834716797,122478.55029296875,0,404327403520,8589930496,5786042368,114688
10,1791553926302,2500,2499,2499,2499,2500,2500,2500,2500,2499,2500,2499,2500,2500,2499,2500,2499,0,100,0,0,0,0,0,10,0,0,0,0,0,0,0,0,38829.780212402344,122478.94067382813,0,404327403520,8589930496,5786042368,114688
9,1791553926313,2500,2499,2499,2499,2500,2500,2500,2500,2499,2500,2499,2500,2500,2499,2500,2499,0,100,0,0,0,0,0,10,0,0,0,0,0,0,0,0,38829.945068359375,122479.33392333984,0,404327403520,8589930496,5786042368,114688
10,1791553926323,2500,2499,2499,2499,2500,2500,2500,2500,2499,2500,2499,2500,2500,2499,2500,2499,0,100,0,0,0,0,0,10,0,0,0,0,0,0,0,0,38830.11151123047,122479.7236328125,0,404327403520,8589930496,5786042368,114688
10,1791553926333,2500,2499,2499,2499,2500,2500,2500,2500,2499,2500,2499,2500,2500,2499,2500,2499,0,100,0,0,0,0,0,10,0,0,0,0,0,0,0,0,38830.27716064453,122480.1118774414,0,404327403520,8589930496,5786042368,114688
10,1791553926343,2500,2499,2499,2499,2500,2500,2500,2500,2499,2500,2499,2500,2500,2499,2500,2499,0,100,0,0,0,0,0,10,0,0,0,0,0,0,0,0,38830.4423828125,122480.50311279297,0,404327403520,8589930496,5786042368,114688
10,1791553926353,2500,2499,2499,2499,2500,2500,2500,2500,2499,2500,2499,2500,2500,2499,2500,2499,0,100,0,0,0,0,0,10,0,0,0,0,0,0,0,0,38830.606994628906,122480.89373779297,0,404327403520,8589930496,5786042368,114688
10,1791553926363,2500,2499,2499,2499,2500,2500,2500,2500,2499,2500,2499,2500,2500,2499,2500,2499,0,100,0,0,0,0,0,10,0,0,0,0,0,0,0,0,38830.77520751953,122481.28527832031,0,404327403520,8589930496,5786042368,114688
10,1791553926373,2500,2499,2499,2499,2500,2500,2500,2500,2499,2500,2499,2500,2500,2499,2500,2499,0,100,0,0,0,0,0,10,0,0,0,0,0,0,0,0,38830.94073486328,122481.67413330078,0,404327403520,8589930496,5786042368,114688
10,1791553926383,2500,2499,2499,2499,2500,2500,2500,2500,2499,2500,2499,2500,2500,2499,2500,2499,0,100,0,0,0,0,0,10,0,0,0,0,0,0,0,0,38831.09948730469,122482.06610107422,0,404327403520,8589930496,5786042368,114688
10,1791553926393,2500,2499,2499,2499,2500,2500,2500,2500,2499,2500,2499,2500,2500,2499,2500,2499,0,100,0,0,0,0,0,10,0,0,0,0,0,0,0,0,38831.26593017578,122482.45373535156,0,404327403520,8589930496,5786042368,114688
10,1791553926403,2500,2499,2499,2499,2500,2500,2500,2500,2499,2500,2499,2500,2500,2499,2500,2499,0,100,0,0,0,0,0,10,0,0,0,0,0,0,0,0,38831.43438720703,122482.84240722656,0,404327403520,8589930496,5786042368,114688
10,1791553926413,2500,2499,2499,2499,2500,2500,2500,2500,2499,2500,2499,2500,2500,2499,2500,2499,0,100,0,0,0,0,0,10,0,0,0,0,0,0,0,0,38831.59753417969,122483.23516845703,0,404327403520,8589930496,5786042368,114688
10,1791553926423,2500,2499,2499,2499,2500,2500,2500,2500,2499,2500,2499,2500,2500,2499,2500,2499,0,100,0,0,0,0,0,10,0,0,0,0,0,0,0,0,38831.764099121094,122483.62561035156,0,404327403520,8589930496,5786042368,114688
10,1791553926433,2500,2499,2499,2499,2500,2500,2500,2500,2499,2500,2499,2500,2500,2499,2500,2499,0,100,0,0,0,0,0,10,0,0,0,0,0,0,0,0,38831.92932128906,122484.01690673828,0,404327403520,8589930496,5786042368,114688
10,1791553926443,2500,2499,2499,2499,2500,2500,2500,2500,2499,2500,2499,2500,2500,2499,2500,2499,0,100,0,0,0,0,0,10,0,0,0,0,0,0,0,0,38832.093200683594,122484.40649414063,0,404327403520,8589930496,5786042368,114688
10,1791553926453,2500,2499,2499,2499,2500,2500,2500,2500,2499,2500,2499,2500,2500,2499,2500,2499,0,100,0,0,0,0,0,10,0,0,0,0,0,0,0,0,38832.25915527344,122484.79913330078,0,404327403520,8589930496,5786042368,114688
10,1791553926463,2500,2499,2499,2499,2500,2500,2500,2500,2499,2500,2499,2500,2500,2499,2500,2499,0,100,0,0,0,0,0,10,0,0,0,0,0,0,0,0,38832.421875,122485.18811035156,0,404327403520,8589930496,5786042368,114688
10,1791553926473,2500,2499,2499,2499,2500,2500,2500,2500,2499,2500,2499,2500,2500,2499,2500,2499,0,100,0,0,0,0,0,10,0,0,0,0,0,0,0,0,38832.586486816406,122485.57971191406,0,404327403520,8589930496,5786042368,114688
10,1791553926484,2500,2499,2499,2499,2500,2500,2500,2500,2499,2500,2499,2500,2500,2499,2500,2499,0,100,0,0,0,0,0,10,0,0,0,0,0,0,0,0,38832.749450683594,122485.96923828125,0,404327403520,8589930496,5786042368,114688
10,1791553926494,2500,2499,2499,2499,2500,2500,2500,2500,2499,2500,2499,2500,2500,2499,2500,2499,0,100,0,0,0,0,5,0,0,0,0,0,0,0,0,0,38832.92742919922,122486.40100097656,0,404327403520,8589930496,5786042368,114688
9,1791553926504,2500,2499,2499,2499,2500,2500,2500,2500,2499,2500,2499,2500,2500,2499,2500,2499,0,100,0,0,0,0,5,0,0,0,0,0,0,0,0,0,38833.09387207031,122486.79211425781,0,404327403520,8589930496,5786042368,114688
10,1791553926514,2500,2499,2499,2499,2500,2500,2500,2500,2499,2500,2499,2500,2500,2499,2500,2499,0,100,0,0,0,0,5,0,0,0,0,0,0,0,0,0,38833.257751464844,122487.18395996094,0,404327403520,8589930496,5786042368,114688
10,1791553926524,2500,2499,2499,2499,2500,2500,2500,2500,2499,2500,2499,2500,2500,2499,2500,2499,0,100,0,0,0,0,5,0,0,0,0,0,0,0,0,0,38833.422912597656,122487.57489013672,0,404327403520,8589930496,5786042368,114688
10,1791553926534,2500,2499,2499,2499,2500,2500,2500,2500,2499,2500,2499,2500,2500,2499,2500,2499,0,100,0,0,0,0,5,0,0,0,0,0,0,0,0,0,38833.588134765625,122487.96490478516,0,404327403520,8589930496,5786042368,114688
10,1791553926544,2500,2499,2499,2499,2500,2500,2500,2500,2499,2500,2499,2500,2500,2499,2500,2499,0,100,0,0,0,0,5,0,0,0,0,0,0,0,0,0,38833.749267578125,122488.3544921875,0,404327403520,8589930496,5786042368,114688
10,1791553926554,2500,2499,2499,2499,2500,2500,2500,2500,2499,2500,2499,2500,2500,2499,2500,2499,0,100,0,0,0,0,5,0,0,0,0,0,0,0,0,0,38833.91046142578,122488.74493408203,0,404327403520,8589930496,5786042368,114688
10,1791553926564,2500,2499,2499,2499,2500,2500,2500,2500,2499,2500,2499,2500,2500,2499,2500,2499,0,100,0,0,0,0,5,0,0,0,0,0,0,0,0,0,38834.072814941406,122489.13842773438,0,404327403520,8589930496,5786042368,114688
10,1791553926574,2500,2499,2499,2499,2500,2500,2500,2500,2499,2500,2499,2500,2500,2499,2500,2499,0,100,0,0,0,0,5,0,0,0,0,0,0,0,0,0,38834.24108886719,122489.52844238281,0,404327403520,8589930496,5786042368,114688
9,1791553926584,2500,2499,2499,2499,2500,2500,2500,2500,2499,2500,2499,2500,2500,2499,2500,2499,0,100,0,0,0,0,5,0,0,0,0,0,0,0,0,0,38834.40368652344,122489.91906738281,0,404327403520,8589930496,5786042368,114688
10,1791553926594,2500,2499,2499,2499,2500,2500,2500,2500,2499,2500,2499,2500,2500,2499,2500,2499,0,100,0,0,0,0,5,0,0,0,0,0,0,0,0,0,38834.56231689453,122490.31536865234,0,404327403520,8589930496,5786042368,114688
10,1791553926604,2500,2499,2499,2499,2500,2500,2500,2500,2499,2500,2499,2500,2500,2499,2500,2499,0,100,0,0,0,0,5,0,0,0,0,0,0,0,0,0,38834.72735595703,122490.70776367188,0,404327403520,8589930496,5786042368,114688
10,1791553926614,2500,2499,2499,2499,2500,2500,2500,2500,2499,2500,2499,2500,2500,2499,2500,2499,0,100,0,0,0,0,5,0,0,0,0,0,0,0,0,0,38834.89196777344,122491.09259033203,0,404327403520,8589930496,5786042368,114688
10,1791553926624,2500,2499,2499,2499,2500,2500,2500,2500,2499,2500,2499,2500,2500,2499,2500,2499,0,100,0,0,0,0,5,0,0,0,0,0,0,0,0,0,38835.05419921875,122491.49237060547,0,404327403520,8589930496,5786042368,114688
10,1791553926634,2500,2499,2499,2499,2500,2500,2500,2500,2499,2500,2499,2500,2500,2499,2500,2499,0,100,0,0,0,0,5,0,0,0,0,0,0,0,0,0,38835.22106933594,122491.88208007813,0,404327403520,8589930496,5786042368,114688
10,1791553926644,2500,2499,2499,2499,2500,2500,2500,2500,2499,2500,2499,2500,2500,2499,2500,2499,0,100,0,0,0,0,5,0,0,0,0,0,0,0,0,0,38835.38916015625,122492.26806640625,0,404327403520,8589930496,5786042368,114688
10,1791553926654,2500,2499,2499,2499,2500,2500,2500,2500,2499,2500,2499,2500,2500,2499,2500,2499,0,100,0,0,0,0,5,0,0,0,0,0,0,0,0,0,38835.55291748047,122492.65478515625,0,404327403520,8589930496,5786042368,114688
10,1791553926665,2500,2499,2499,2499,2500,2500,2500,2500,2499,2500,2499,2500,2500,2499,2500,2499,0,100,0,0,0,0,5,0,0,0,0,0,0,0,0,0,38835.71954345703,122493.0482788086,0,404327403520,8589930496,5786042368,114688
10,1791553926675,2500,2499,2499,2499,2500,2500,2500,2500,2499,2500,2499,2500,2500,2499,2500,2499,0,100,0,0,0,0,5,0,0,0,0,0,0,0,0,0,38835.883361816406,122493.4370727539,0,404327403520,8589930496,5786042368,114688
10,1791553926685,2500,2499,2499,2499,2500,2500,2500,2500,2499,2500,2499,2500,2500,2499,2500,2499,0,100,0,0,0,0,5,0,0,0,0,0,0,0,0,0,38836.050537109375,122493.82293701172,0,404327403520,8589930496,5786042368,114688
9,1791553926695,2500,2499,2499,2499,2500,2500,2500,2500,2499,2500,2499,2500,2500,2499,2500,2499,5,100,0,0,0,0,0,5.263157844543457,0,0,0,0,0,0,0,0,38836.213928222656,122494.21966552734,0,404327403520,8589930496,5786042368,114688
10,1791553926705,2500,2499,2499,2499,2500,2500,2500,2500,2499,2500,2499,2500,2500,2499,2500,2499,5,100,0,0,0,0,0,5.263157844543457,0,0,0,0,0,0,0,0,38836.37725830078,122494.60852050781,0,404327403520,8589930496,5786042368,114688
10,1791553926715,2500,2499,2499,2499,2500,2500,2500,2500,2499,2500,2499,2500,2500,2499,2500,2499,5,100,0,0,0,0,0,5.263157844543457,0,0,0,0,0,0,0,0,38836.542541503906,122495.00164794922,0,404327403520,8589930496,5786042368,114688
10,1791553926725,2500,2499,2499,2499,2500,2500,2500,2500,2499,2500,2499,2500,2500,2499,2500,2499,5,100,0,0,0,0,0,5.263157844543457,0,0,0,0,0,0,0,0,38836.71667480469,122495.43151855469,0,404327403520,8589930496,5786042368,114688
10,1791553926735,2500,2499,2499,2499,2500,2500,2500,2500,2499,2500,2499,2500,2500,2499,2500,2499,5,100,0,0,0,0,0,5.263157844543457,0,0,0,0,0,0,0,0,38836.88317871094,122495.82373046875,0,404327403520,8589930496,5786042368,114688
10,1791553926745,2500,2499,2499,2499,2500,2500,2500,2500,2499,2500,2499,2500,2500,2499,2500,2499,5,100,0,0,0,0,0,5.263157844543457,0,0,0,0,0,0,0,0,38837.04998779297,122496.21319580078,0,404327403520,8589930496,5786042368,114688
10,1791553926755,2500,2499,2499,2499,2500,2500,2500,2500,2499,2500,2499,2500,2500,2499,2500,2499,5,100,0,0,0,0,0,5.263157844543457,0,0,0,0,0,0,0,0,38837.215393066406,122496.60375976563,0,404327403520,8589930496,5786042368,114688
10,1791553926765,2500,2499,2499,2499,2500,2500,2500,2500,2499,2500,2499,2500,2500,2499,2500,2499,5,100,0,0,0,0,0,5.263157844543457,0,0,0,0,0,0,0,0,38837.37432861328,122496.99597167969,0,404327403520,8589930496,5786042368,114688
10,1791553926775,2500,2499,2499,2499,2500,2500,2500,2500,2499,2500,2499,2500,2500,2499,2500,2499,5,100,0,0,0,0,0,5.263157844543457,0,0,0,0,0,0,0,0,38837.537109375,122497.3857421875,0,404327403520,8589930496,5786042368,114688
10,1791553926785,2500,2499,2499,2499,2500,2500,2500,2500,2499,2500,2499,2500,2500,2499,2500,2499,5,100,0,0,0,0,0,5.263157844543457,0,0,0,0,0,0,0,0,38837.70593261719,122497.77404785156,0,404327403520,8589930496,5786042368,114688
10,1791553926795,2500,2499,2499,2499,2500,2500,2500,2500,2499,2500,2499,2500,2500,2499,2500,2499,5,100,0,0,0,0,0,5.263157844543457,0,0,0,0,0,0,0,0,38837.87188720703,122498.16802978516,0,404327403520,8589930496,5786042368,114688
10,1791553926805,2500,2499,2499,2499,2500,2500,2500,2500,2499,2500,2499,2500,2500,2499,2500,2499,5,100,0,0,0,0,0,5.263157844543457,0,0,0,0,0,0,0,0,38838.038513183594,122498.55444335938,0,404327403520,8589930496,5786042368,114688
10,1791553926815,2500,2499,2499,2499,2500,2500,2500,2500,2499,2500,2499,2500,2500,2499,2500,2499,5,100,0,0,0,0,0,5.263157844543457,0,0,0,0,0,0,0,0,38838.199768066406,122498.94647216797,0,404327403520,8589930496,5786042368,114688
10,1791553926825,2500,2499,2499,2499,2500,2500,2500,2500,2499,2500,2499,2500,2500,2499,2500,2499,5,100,0,0,0,0,0,5.263157844543457,0,0,0,0,0,0,0,0,38838.36016845703,122499.33520507813,0,404327403520,8589930496,5786042368,114688
10,1791553926836,2500,2499,2499,2499,2500,2500,2500,2500,2499,2500,2499,2500,2500,2499,2500,2499,5,100,0,0,0,0,0,5.263157844543457,0,0,0,0,0,0,0,0,38838.525329589844,122499.72528076172,0,404327403520,8589930496,5786042368,114688
10,1791553926846,2500,2499,2499,2499,2500,2500,2500,2500,2499,2500,2499,2500,2500,2499,2500,2499,5,100,0,0,0,0,0,5.263157844543457,0,0,0,0,0,0,0,0,38838.6923828125,122500.1123046875,0,404327403520,8589930496,5786042368,114688
10,1791553926856,2500,2499,2499,2499,2500,2500,2500,2500,2499,2500,2499,2500,2500,2499,2500,2499,5,100,0,0,0,0,0,5.263157844543457,0,0,0,0,0,0,0,0,38838.8583984375,122500.5014038086,0,404327403520,8589930496,5786042368,114688
10,1791553926866,2500,2499,2499,2499,2500,2500,2500,2500,2499,2500,2499,2500,2500,2499,2500,2499,5,100,0,0,0,0,0,5.263157844543457,0,0,0,0,0,0,0,0,38839.024963378906,122500.89196777344,0,404327403520,8589930496,5786042368,114688
9,1791553926876,2500,2499,2499,2499,2500,2500,2500,2500,2499,2500,2499,2500,2500,2499,2500,2499,5,100,0,0,0,0,0,5.263157844543457,0,0,0,0,0,0,0,0,38839.19030761719,122501.28210449219,0,404327403520,8589930496,5786042368,114688
10,1791553926886,2500,2499,2499,2499,2500,2500,2500,2500,2499,2500,2499,2500,2500,2499,2500,2499,5,100,0,0,0,0,0,5.263157844543457,0,0,0,0,0,0,0,0,38839.35858154297,122501.67095947266,0,404327403520,8589930496,5786042368,114688
10,1791553926896,2500,2499,2499,2499,2500,2500,2500,2500,2499,2500,2499,2500,2500,2499,2500,2499,0,100,0,0,0,0,0,5.263157844543457,0,0,0,0,0,0,0,0,38839.526916503906,122502.0630493164,0,404327403520,8589930496,5786042368,114688
10,1791553926906,2500,2499,2499,2499,2500,2500,2500,2500,2499,2500,2499,2500,2500,2499,2500,2499,0,100,0,0,0,0,0,5.263157844543457,0,0,0,0,0,0,0,0,38839.69152832031,122502.45483398438,0,404327403520,8589930496,5786042368,114688
10,1791553926916,2500,2499,2499,2499,2500,2500,2500,2500,2499,2500,2499,2500,2500,2499,2500,2499,0,100,0,0,0,0,0,5.263157844543457,0,0,0,0,0,0,0,0,38839.857421875,122502.84313964844,0,404327403520,8589930496,5786042368,114688
10,1791553926926,2500,2499,2499,2499,2500,2500,2500,2500,2499,2500,2499,2500,2500,2499,2500,2499,0,100,0,0,0,0,0,5.263157844543457,0,0,0,0,0,0,0,0,38840.048583984375,122503.26940917969,0,404327403520,8589930496,5786042368,114688
10,1791553926936,2500,2499,2499,2499,2500,2500,2500,2500,2499,2500,2499,2500,2500,2499,2500,2499,0,100,0,0,0,0,0,5.263157844543457,0,0,0,0,0,0,0,0,38840.21044921875,122503.66125488281,0,404327403520,8589930496,5786042368,114688
10,1791553926946,2500,2499,2499,2499,2500,2500,2500,2500,2499,2500,2499,2500,2500,2499,2500,2499,0,100,0,0,0,0,0,5.263157844543457,0,0,0,0,0,0,0,0,38840.371826171875,122504.0521850586,0,404327403520,8589930496,5786042368,114688
10,1791553926956,2500,2499,2499,2499,2500,2500,2500,2500,2499,2500,2499,2500,2500,2499,2500,2499,0,100,0,0,0,0,0,5.263157844543457,0,0,0,0,0,0,0,0,38840.53271484375,122504.4418334961,0,404327403520,8589930496,5786042368,114688
10,1791553926966,2500,2499,2499,2499,2500,2500,2500,2500,2499,2500,2499,2500,2500,2499,2500,2499,0,100,0,0,0,0,0,5.263157844543457,0,0,0,0,0,0,0,0,38840.69366455078,122504.83489990234,0,404327403520,8589930496,5786042368,114688
10,1791553926976,2500,2499,2499,2499,2500,2500,2500,2500,2499,2500,2499,2500,2500,2499,2500,2499,0,100,0,0,0,0,0,5.263157844543457,0,0,0,0,0,0,0,0,38840.85723876953,122505.22180175781,0,404327403520,8589930496,5786042368,114688
10,1791553926986,2500,2499,2499,2499,2500,2500,2500,2500,2499,2500,2499,2500,2500,2499,2500,2499,0,100,0,0,0,0,0,5.263157844543457,0,0,0,0,0,0,0,0,38841.024475097656,122505.61138916016,0,404327403520,8589930496,5786042368,114688
10,1791553926996,2500,2499,2499,2499,2500,2500,2500,2500,2499,2500,2499,2500,2500,2499,2500,2499,0,100,0,0,0,0,0,5.263157844543457,0,0,0,0,0,0,0,0,38841.187438964844,122505.99981689453,0,404327403520,8589930496,5786042368,114688
10,1791553927007,2500,2499,2499,2499,2500,2500,2500,2500,2499,2500,2499,2500,2500,2499,2500,2499,0,100,0,0,0,0,0,5.263157844543457,0,0,0,0,0,0,0,0,38841.35144042969,122506.3931274414,0,404327403520,8589930496,5786042368,114688
10,1791553927017,2500,2499,2499,2499,2500,2500,2500,2500,2499,2500,2499,2500,2500,2499,2500,2499,0,100,0,0,0,0,0,5.263157844543457,0,0,0,0,0,0,0,0,38841.51934814453,122506.78381347656,0,404327403520,8589930496,5786042368,114688
10,1791553927027,2500,2499,2499,2499,2500,2500,2500,2500,2499,2500,2499,2500,2500,2499,2500,2499,0,100,0,0,0,0,0,5.263157844543457,0,0,0,0,0,0,0,0,38841.68212890625,122507.17205810547,0,404327403520,8589930496,5786042368,114688
10,1791553927037,2500,2499,2499,2499,2500,2500,2500,2500,2499,2500,2499,2500,2500,2499,2500,2499,0,100,0,0,0,0,0,5.263157844543457,0,0,0,0,0,0,0,0,38841.845947265625,122507.56384277344,0,404327403520,8589930496,5786042368,114688
10,1791553927047,2500,2499,2499,2499,2500,2500,2500,2500,2499,2500,2499,2500,2500,2499,2500,2499,0,100,0,0,0,0,0,5.263157844543457,0,0,0,0,0,0,0,0,38842.0078125,122507.95629882813,0,404327403520,8589930496,5786042368,114688
9,1791553927057,2500,2499,2499,2499,2500,2500,2500,2500,2499,2500,2499,2500,2500,2499,2500,2499,0,100,0,0,0,0,0,5.263157844543457,0,0,0,0,0,0,0,0,38842.173400878906,122508.34564208984,0,404327403520,8589930496,5786042368,114688
10,1791553927067,2500,2499,2499,2499,2500,2500,2500,2500,2499,2500,2499,2500,2500,2499,2500,2499,0,100,0,0,0,0,0,5.263157844543457,0,0,0,0,0,0,0,0,38842.339111328125,122508.73876953125,0,404327403520,8589930496,5786042368,114688
10,1791553927077,2500,2499,2499,2499,2500,2500,2500,2500,2499,2500,2499,2500,2500,2499,2500,2499,0,100,0,0,0,0,0,5.263157844543457,0,0,0,0,0,0,0,0,38842.501708984375,122509.12969970703,0,404327403520,8589930496,5786042368,114688
10,1791553927087,2500,2499,2499,2499,2500,2500,2500,2500,2499,2500,2499,2500,2500,2499,2500,2499,0,100,0,0,0,0,0,5.263157844543457,0,0,0,0,0,0,0,0,38842.66320800781,122509.52117919922,0,404327403520,8589930496,5779656704,114688
10,1791553927097,2500,2499,2499,2499,2500,2500,2500,2500,2499,2500,2499,2500,2500,2499,2500,2499,0,100,0,0,0,0,0,0,0,0,0,0,0,0,0,0,38842.8310546875,122509.90911865234,0,404327403520,8589930496,5779656704,114688
10,1791553927107,2500,2499,2499,2499,2500,2500,2500,2500,2499,2500,2499,2500,2500,2499,2500,2499,0,100,0,0,0,0,0,0,0,0,0,0,0,0,0,0,38842.99523925781,122510.30072021484,0,404327403520,8589930496,5779656704,114688
10,1791553927117,2500,2499,2499,2499,2500,2500,2500,2500,2499,2500,2499,2500,2500,2499,2500,2499,0,100,0,0,0,0,0,0,0,0,0,0,0,0,0,0,38843.15466308594,122510.69323730469,0,404327403520,8589930496,5779656704,114688
10,1791553927127,2500,2499,2499,2499,2500,2500,2500,2500,2499,2500,2499,2500,2500,2499,2500,2499,0,100,0,0,0,0,0,0,0,0,0,0,0,0,0,0,38843.33483886719,122511.08111572266,0,404327403520,8589930496,5779656704,114688
10,1791553927137,2500,2499,2499,2499,2500,2500,2500,2500,2499,2500,2499,2500,2500,2499,2500,2499,0,100,0,0,0,0,0,0,0,0,0,0,0,0,0,0,38843.493713378906,122511.50988769531,0,404327403520,8589930496,5779656704,114688
10,1791553927147,2500,2499,2499,2499,2500,2500,2500,2500,2499,2500,2499,2500,2500,2499,2500,2499,0,100,0,0,0,0,0,0,0,0,0,0,0,0,0,0,38843.65759277344,122511.89916992188,0,404327403520,8589930496,5770883072,114688
10,1791553927157,2500,2499,2499,2499,2500,2500,2500,2500,2499,2500,2499,2500,2500,2499,2500,2499,0,100,0,0,0,0,0,0,0,0,0,0,0,0,0,0,38843.82275390625,122512.29064941406,0,404327403520,8589930496,5770883072,114688
10,1791553927167,2500,2499,2499,2499,2500,2500,2500,2500,2499,2500,2499,2500,2500,2499,2500,2499,0,100,0,0,0,0,0,0,0,0,0,0,0,0,0,0,38843.98645019531,122512.681640625,0,404327403520,8589930496,5770883072,114688
10,1791553927178,2500,2499,2499,2499,2500,2500,2500,2500,2499,2500,2499,2500,2500,2499,2500,2499,0,100,0,0,0,0,0,0,0,0,0,0,0,0,0,0,38844.15270996094,122513.0726928711,0,404327403520,8589930496,5770883072,114688
10,1791553927188,2500,2499,2499,2499,2500,2500,2500,2500,2499,2500,2499,2500,2500,2499,2500,2499,0,100,0,0,0,0,0,0,0,0,0,0,0,0,0,0,38844.32061767578,122513.46398925781,0,404327403520,8589930496,5770883072,114688
10,1791553927198,2500,2499,2499,2499,2500,2500,2500,2500,2499,2500,2499,2500,2500,2499,2500,2499,0,100,0,0,0,0,0,0,0,0,0,0,0,0,0,0,38844.48669433594,122513.85467529297,0,404327403520,8589930496,5770883072,114688
10,1791553927208,2500,2499,2499,2499,2500,2500,2500,2500,2499,2500,2499,2500,2500,2499,2500,2499,0,100,0,0,0,0,0,0,0,0,0,0,0,0,0,0,38844.654052734375,122514.24536132813,0,404327403520,8589930496,5770883072,114688
10,1791553927218,2500,2499,2499,2499,2500,2500,2500,2500,2499,2500,2499,2500,2500,2499,2500,2499,0,100,0,0,0,0,0,0,0,0,0,0,0,0,0,0,38844.82434082031,122514.62841796875,0,404327403520,8589930496,5770883072,114688
10,1791553927228,2500,2499,2499,2499,2500,2500,2500,2500,2499,2500,2499,2500,2500,2499,2500,2499,0,100,0,0,0,0,0,0,0,0,0,0,0,0,0,0,38844.991943359375,122515.0200805664,0,404327403520,8589930496,5770883072,114688
10,1791553927238,2500,2499,2499,2499,2500,2500,2500,2500,2499,2500,2499,2500,2500,2499,2500,2499,0,100,0,0,0,0,0,0,0,0,0,0,0,0,0,0,38845.158935546875,122515.40997314453,0,404327403520,8589930496,5770883072,114688
9,1791553927248,2500,2499,2499,2499,2500,2500,2500,2500,2499,2500,2499,2500,2500,2499,2500,2499,0,100,0,0,0,0,0,0,0,0,0,0,0,0,0,0,38845.31915283203,122515.80078125,0,404327403520,8589930496,5770883072,114688
10,1791553927258,2500,2499,2499,2499,2500,2500,2500,2500,2499,2500,2499,2500,2500,2499,2500,2499,0,100,0,0,0,0,0,0,0,0,0,0,0,0,0,0,38845.48327636719,122516.19036865234,0,404327403520,8589930496,5770883072,114688
10,1791553927268,2500,2499,2499,2499,2500,2500,2500,2500,2499,2500,2499,2500,2500,2499,2500,2499,0,100,0,0,0,0,0,0,0,0,0,0,0,0,0,0,38845.64520263672,122516.57849121094,0,404327403520,8589930496,5770883072,114688
9,1791553927278,2500,2499,2499,2499,2500,2500,2500,2500,2499,2500,2499,2500,2500,2499,2500,2499,0,100,0,0,0,0,0,0,0,0,0,0,0,0,0,0,38845.815673828125,122516.96966552734,0,404327403520,8589930496,5770883072,114688
10,1791553927288,2500,2499,2499,2499,2500,2500,2500,2500,2499,2500,2499,2500,2500,2499,2500,2499,0,100,0,0,0,0,0,0,0,0,0,0,0,0,0,0,38845.97930908203,122517.36163330078,0,404327403520,8589930496,5770883072,114688
10,1791553927298,2500,2499,2499,2499,2500,2500,2500,2500,2499,2500,2499,2500,2500,2499,2500,2499,5,100,0,0,0,10,0,10,0,0,0,0,0,0,0,0,38846.14794921875,122517.75012207031,0,404327403520,8589930496,5770883072,114688
10,1791553927308,2500,2499,2499,2499,2500,2500,2500,2500,2499,2500,2499,2500,2500,2499,2500,2499,5,100,0,0,0,10,0,10,0,0,0,0,0,0,0,0,38846.31463623047,122518.14276123047,0,404327403520,8589930496,5770883072,114688
10,1791553927318,2500,2499,2499,2499,2500,2500,2500,2500,2499,2500,2499,2500,2500,2499,2500,2499,5,100,0,0,0,10,0,10,0,0,0,0,0,0,0,0,38846.48162841797,122518.5346069336,0,404327403520,8589930496,5770883072,114688
10,1791553927328,2500,2499,2499,2499,2500,2500,2500,2500,2499,2500,2499,2500,2500,2499,2500,2499,5,100,0,0,0,10,0,10,0,0,0,0,0,0,0,0,38846.643310546875,122518.92657470703,0,404327403520,8589930496,5770883072,114688
10,1791553927338,2500,2499,2499,2499,2500,2500,2500,2500,2499,2500,2499,2500,2500,2499,2500,2499,5,100,0,0,0,10,0,10,0,0,0,0,0,0,0,0,38846.824768066406,122519.3564453125,0,404327403520,8589930496,5770883072,114688
10,1791553927348,2500,2499,2499,2499,2500,2500,2500,2500,2499,2500,2499,2500,2500,2499,2500,2499,5,100,0,0,0,10,0,10,0,0,0,0,0,0,0,0,38846.98767089844,122519.74792480469,0,404327403520,8589930496,5770883072,114688
10,1791553927359,2500,2499,2499,2499,2500,2500,2500,2500,2499,2500,2499,2500,2500,2499,2500,2499,5,100,0,0,0,10,0,10,0,0,0,0,0,0,0,0,38847.15118408203,122520.1381225586,0,404327403520,8589930496,5770883072,114688
10,1791553927369,2500,2499,2499,2499,2500,2500,2500,2500,2499,2500,2499,2500,2500,2499,2500,2499,5,100,0,0,0,10,0,10,0,0,0,0,0,0,0,0,38847.31573486328,122520.53112792969,0,404327403520,8589930496,5770883072,114688
10,1791553927379,2500,2499,2499,2499,2500,2500,2500,2500,2499,2500,2499,2500,2500,2499,2500,2499,5,100,0,0,0,10,0,10,0,0,0,0,0,0,0,0,38847.476989746094,122520.92578125,0,404327403520,8589930496,5770883072,114688
10,1791553927389,2500,2499,2499,2499,2500,2500,2500,2500,2499,2500,2499,2500,2500,2499,2500,2499,5,100,0,0,0,10,0,10,0,0,0,0,0,0,0,0,38847.637756347656,122521.31701660156,0,404327403520,8589930496,5770883072,114688
10,1791553927399,2500,2499,2499,2499,2500,2500,2500,2500,2499,2500,2499,2500,2500,2499,2500,2499,5,100,0,0,0,10,0,10,0,0,0,0,0,0,0,0,38847.80255126953,122521.7084350586,0,404327403520,8589930496,5770883072,114688
10,1791553927409,2500,2499,2499,2499,2500,2500,2500,2500,2499,2500,2499,2500,2500,2499,2500,2499,5,100,0,0,0,10,0,10,0,0,0,0,0,0,0,0,38847.965759277344,122522.10095214844,0,404327403520,8589930496,5770883072,114688
10,1791553927419,2500,2499,2499,2499,2500,2500,2500,2500,2499,2500,2499,2500,2500,2499,2500,2499,5,100,0,0,0,10,0,10,0,0,0,0,0,0,0,0,38848.127990722656,122522.49340820313,0,404327403520,8589930496,5770883072,114688
10,1791553927429,2500,2499,2499,2499,2500,2500,2500,2500,2499,2500,2499,2500,2500,2499,2500,2499,5,100,0,0,0,10,0,10,0,0,0,0,0,0,0,0,38848.286682128906,122522.8862915039,0,404327403520,8589930496,5770883072,114688
9,1791553927439,2500,2499,2499,2499,2500,2500,2500,2500,2499,2500,2499,2500,2500,2499,2500,2499,5,100,0,0,0,10,0,10,0,0,0,0,0,0,0,0,38848.45056152344,122523.27697753906,0,404327403520,8589930496,5770883072,114688
10,1791553927449,2500,2499,2499,2499,2500,2500,2500,2500,2499,2500,2499,2500,2500,2499,2500,2499,5,100,0,0,0,10,0,10,0,0,0,0,0,0,0,0,38848.62188720703,122523.66906738281,0,404327403520,8589930496,5770883072,114688
10,1791553927459,2500,2499,2499,2499,2500,2500,2500,2500,2499,2500,2499,2500,2500,2499,2500,2499,5,100,0,0,0,10,0,10,0,0,0,0,0,0,0,0,38848.78723144531,122524.05944824219,0,404327403520,8589930496,5770883072,114688
10,1791553927469,2500,2499,2499,2499,2500,2500,2500,2500,2499,2500,2499,2500,2500,2499,2500,2499,5,100,0,0,0,10,0,10,0,0,0,0,0,0,0,0,38848.95343017578,122524.45336914063,0,404327403520,8589930496,5770883072,114688
10,1791553927479,2500,2499,2499,2499,2500,2500,2500,2500,2499,2500,2499,2500,2500,2499,2500,2499,5,100,0,0,0,10,0,10,0,0,0,0,0,0,0,0,38849.116943359375,122524.8442993164,0,404327403520,8589930496,5770883072,114688
10,1791553927489,2500,2499,2499,2499,2500,2500,2500,2500,2499,2500,2499,2500,2500,2499,2500,2499,5,100,0,0,0,10,0,10,0,0,0,0,0,0,0,0,38849.281005859375,122525.23522949219,0,404327403520,8589930496,5770883072,114688
10,1791553927499,2500,2499,2499,2499,2500,2500,2500,2500,2499,2500,2499,2500,2500,2499,2500,2499,0,100,0,0,0,0,0,5.263157844543457,0,0,0,5,0,0,0,0,38849.444274902344,122525.6283569336,0,404327403520,8589930496,5770883072,114688
10,1791553927509,2500,2499,2499,2499,2500,2500,2500,2500,2499,2500,2499,2500,2500,2499,2500,2499,0,100,0,0,0,0,0,5.263157844543457,0,0,0,5,0,0,0,0,38849.611877441406,122526.01776123047,0,404327403520,8589930496,5770883072,114688
10,1791553927519,2500,2499,2499,2499,2500,2500,2500,2500,2499,2500,2499,2500,2500,2499,2500,2499,0,100,0,0,0,0,0,5.263157844543457,0,0,0,5,0,0,0,0,38849.78546142578,122526.40539550781,0,404327403520,8589930496,5770883072,114688
10,1791553927530,2500,2499,2499,2499,2500,2500,2500,2500,2499,2500,2499,2500,2500,2499,2500,2499,0,100,0,0,0,0,0,5.263157844543457,0,0,0,5,0,0,0,0,38849.964904785156,122526.83465576172,0,404327403520,8589930496,5770883072,114688
10,1791553927540,2500,2499,2499,2499,2500,2500,2500,2500,2499,2500,2499,2500,2500,2499,2500,2499,0,100,0,0,0,0,0,5.263157844543457,0,0,0,5,0,0,0,0,38850.1328125,122527.2269897461,0,404327403520,8589930496,5770883072,114688
10,1791553927550,2500,2499,2499,2499,2500,2500,2500,2500,2499,2500,2499,2500,2500,2499,2500,2499,0,100,0,0,0,0,0,5.263157844543457,0,0,0,5,0,0,0,0,38850.29797363281,122527.6196899414,0,404327403520,8589930496,5770883072,114688
10,1791553927560,2500,2499,2499,2499,2500,2500,2500,2500,2499,2500,2499,2500,2500,2499,2500,2499,0,100,0,0,0,0,0,5.263157844543457,0,0,0,5,0,0,0,0,38850.46368408203,122528.01104736328,0,404327403520,8589930496,5770883072,114688
10,1791553927570,2500,2499,2499,2499,2500,2500,2500,2500,2499,2500,2499,2500,2500,2499,2500,2499,0,100,0,0,0,0,0,5.263157844543457,0,0,0,5,0,0,0,0,38850.632080078125,122528.4033203125,0,404327403520,8589930496,5770883072,114688
10,1791553927580,2500,2499,2499,2499,2500,2500,2500,2500,2499,2500,2499,2500,2500,2499,2500,2499,0,100,0,0,0,0,0,5.263157844543457,0,0,0,5,0,0,0,0,38850.79797363281,122528.7963256836,0,404327403520,8589930496,5770883072,114688
10,1791553927590,2500,2499,2499,2499,2500,2500,2500,2500,2499,2500,2499,2500,2500,2499,2500,2499,0,100,0,0,0,0,0,5.263157844543457,0,0,0,5,0,0,0,0,38850.962341308594,122529.18786621094,0,404327403520,8589930496,5770883072,114688
10,1791553927600,2500,2499,2499,2499,2500,2500,2500,2500,2499,2500,2499,2500,2500,2499,2500,2499,0,100,0,0,0,0,0,5.263157844543457,0,0,0,5,0,0,0,0,38851.1240234375,122529.57836914063,0,404327403520,8589930496,5770883072,114688
10,1791553927610,2500,2499,2499,2499,2500,2500,2500,2500,2499,2500,2499,2500,2500,2499,2500,2499,0,100,0,0,0,0,0,5.263157844543457,0,0,0,5,0,0,0,0,38851.289611816406,122529.96844482422,0,404327403520,8589930496,5770883072,114688
10,1791553927620,2500,2499,2499,2499,2500,2500,2500,2500,2499,2500,2499,2500,2500,2499,2500,2499,0,100,0,0,0,0,0,5.263157844543457,0,0,0,5,0,0,0,0,38851.455505371094,122530.35766601563,0,404327403520,8589930496,5770883072,114688
9,1791553927630,2500,2499,2499,2499,2500,2500,2500,2500,2499,2500,2499,2500,2500,2499,2500,2499,0,100,0,0,0,0,0,5.263157844543457,0,0,0,5,0,0,0,0,38851.616455078125,122530.74841308594,0,404327403520,8589930496,5770883072,114688
10,1791553927640,2500,2499,2499,2499,2500,2500,2500,2500,2499,2500,2499,2500,2500,2499,2500,2499,0,100,0,0,0,0,0,5.263157844543457,0,0,0,5,0,0,0,0,38851.78106689453,122531.13952636719,0,404327403520,8589930496,5770883072,114688
10,1791553927650,2500,2499,2499,2499,2500,2500,2500,2500,2499,2500,2499,2500,2500,2499,2500,2499,0,100,0,0,0,0,0,5.263157844543457,0,0,0,5,0,0,0,0,38851.946838378906,122531.52838134766,0,404327403520,8589930496,5770883072,114688
10,1791553927660,2500,2499,2499,2499,2500,2500,2500,2500,2499,2500,2499,2500,2500,2499,2500,2499,0,100,0,0,0,0,0,5.263157844543457,0,0,0,5,0,0,0,0,38852.11346435547,122531.92272949219,0,404327403520,8589930496,5770883072,114688
10,1791553927670,2500,2499,2499,2499,2500,2500,2500,2500,2499,2500,2499,2500,2500,2499,2500,2499,0,100,0,0,0,0,0,5.263157844543457,0,0,0,5,0,0,0,0,38852.28192138672,122532.31567382813,0,404327403520,8589930496,5770883072,114688
10,1791553927680,2500,2499,2499,2499,2500,2500,2500,2500,2499,2500,2499,2500,2500,2499,2500,2499,0,100,0,0,0,0,0,5.263157844543457,0,0,0,5,0,0,0,0,38852.44982910156,122532.70336914063,0,404327403520,8589930496,5770883072,114688
10,1791553927690,2500,2499,2499,2499,2500,2500,2500,2500,2499,2500,2499,2500,2500,2499,2500,2499,0,100,0,0,0,0,0,5.263157844543457,0,0,0,5,0,0,0,0,38852.616455078125,122533.09588623047,0,404327403520,8589930496,5770883072,114688
10,1791553927701,2500,2499,2499,2499,2500,2500,2500,2500,2499,2500,2499,2500,2500,2499,2500,2499,4.761904716491699,100,0,0,0,0,5.263157844543457,5.263157844543457,0,0,0,0,0,0,0,0,38852.79736328125,122533.52587890625,0,404327403520,8589930496,5770883072,114688
10,1791553927711,2500,2499,2499,2499,2500,2500,2500,2500,2499,2500,2499,2500,2500,2499,2500,2499,4.761904716491699,100,0,0,0,0,5.263157844543457,5.263157844543457,0,0,0,0,0,0,0,0,38852.94384765625,122533.8773803711,0,404327403520,8589930496,5770883072,114688
10,1791553927721,2500,2499,2499,2499,2500,2500,2500,2500,2499,2500,2499,2500,2500,2499,2500,2499,4.761904716491699,100,0,0,0,0,5.263157844543457,5.263157844543457,0,0,0,0,0,0,0,0,38853.12878417969,122534.30773925781,0,404327403520,8589930496,5770883072,114688
10,1791553927731,2500,2499,2499,2499,2500,2500,2500,2500,2499,2500,2499,2500,2500,2499,2500,2499,4.761904716491699,100,0,0,0,0,5.263157844543457,5.263157844543457,0,0,0,0,0,0,0,0,38853.292907714844,122534.69934082031,0,404327403520,8589930496,5770883072,114688
10,1791553927741,2500,2499,2499,2499,2500,2500,2500,2500,2499,2500,2499,2500,2500,2499,2500,2499,4.761904716491699,100,0,0,0,0,5.263157844543457,5.263157844543457,0,0,0,0,0,0,0,0,38853.45642089844,122535.0902709961,0,404327403520,8589930496,5770883072,114688
10,1791553927751,2500,2499,2499,2499,2500,2500,2500,2500,2499,2500,2499,2500,2500,2499,2500,2499,4.761904716491699,100,0,0,0,0,5.263157844543457,5.263157844543457,0,0,0,0,0,0,0,0,38853.603088378906,122535.44696044922,0,404327403520,8589930496,5770883072,114688
10,1791553927761,2500,2499,2499,2499,2500,2500,2500,2500,2499,2500,2499,2500,2500,2499,2500,2499,4.761904716491699,100,0,0,0,0,5.263157844543457,5.263157844543457,0,0,0,0,0,0,0,0,38853.789123535156,122535.86932373047,0,404327403520,8589930496,5770883072,114688
10,1791553927771,2500,2499,2499,2499,2500,2500,2500,2500,2499,2500,2499,2500,2500,2499,2500,2499,4.761904716491699,100,0,0,0,0,5.263157844543457,5.263157844543457,0,0,0,0,0,0,0,0,38853.95324707031,122536.26599121094,0,404327403520,8589930496,5770883072,114688
10,1791553927781,2500,2499,2499,2499,2500,2500,2500,2500,2499,2500,2499,2500,2500,2499,2500,2499,4.761904716491699,100,0,0,0,0,5.263157844543457,5.263157844543457,0,0,0,0,0,0,0,0,38854.12078857422,122536.65924072266,0,404327403520,8589930496,5770883072,114688
9,1791553927791,2500,2499,2499,2499,2500,2500,2500,2500,2499,2500,2499,2500,2500,2499,2500,2499,4.761904716491699,100,0,0,0,0,5.263157844543457,5.263157844543457,0,0,0,0,0,0,0,0,38854.28887939453,122537.04559326172,0,404327403520,8589930496,5770883072,114688
10,1791553927801,2500,2499,2499,2499,2500,2500,2500,2500,2499,2500,2499,2500,2500,2499,2500,2499,4.761904716491699,100,0,0,0,0,5.263157844543457,5.263157844543457,0,0,0,0,0,0,0,0,38854.45001220703,122537.43798828125,0,404327403520,8589930496,5770883072,114688
10,1791553927811,2500,2499,2499,2499,2500,2500,2500,2500,2499,2500,2499,2500,2500,2499,2500,2499,4.761904716491699,100,0,0,0,0,5.263157844543457,5.263157844543457,0,0,0,0,0,0,0,0,38854.616455078125,122537.8291015625,0,404327403520,8589930496,5770883072,114688
10,1791553927821,2500,2499,2499,2499,2500,2500,2500,2500,2499,2500,2499,2500,2500,2499,2500,2499,4.761904716491699,100,0,0,0,0,5.263157844543457,5.263157844543457,0,0,0,0,0,0,0,0,38854.78778076172,122538.21649169922,0,404327403520,8589930496,5770883072,114688
10,1791553927831,2500,2499,2499,2499,2500,2500,2500,2500,2499,2500,2499,2500,2500,2499,2500,2499,4.761904716491699,100,0,0,0,0,5.263157844543457,5.263157844543457,0,0,0,0,0,0,0,0,38854.950744628906,122538.6079711914,0,404327403520,8589930496,5770883072,114688
10,1791553927841,2500,2499,2499,2499,2500,2500,2500,2500,2499,2500,2499,2500,2500,2499,2500,2499,4.761904716491699,100,0,0,0,0,5.263157844543457,5.263157844543457,0,0,0,0,0,0,0,0,38855.1123046875,122539.00115966797,0,404327403520,8589930496,5770883072,114688
10,1791553927851,2500,2499,2499,2499,2500,2500,2500,2500,2499,2500,2499,2500,2500,2499,2500,2499,4.761904716491699,100,0,0,0,0,5.263157844543457,5.263157844543457,0,0,0,0,0,0,0,0,38855.27587890625,122539.38879394531,0,404327403520,8589930496,5770883072,114688
10,1791553927861,2500,2499,2499,2499,2500,2500,2500,2500,2499,2500,2499,2500,2500,2499,2500,2499,4.761904716491699,100,0,0,0,0,5.263157844543457,5.263157844543457,0,0,0,0,0,0,0,0,38855.442138671875,122539.77954101563,0,404327403520,8589930496,5770883072,114688
10,1791553927872,2500,2499,2499,2499,2500,2500,2500,2500,2499,2500,2499,2500,2500,2499,2500,2499,4.761904716491699,100,0,0,0,0,5.263157844543457,5.263157844543457,0,0,0,0,0,0,0,0,38855.611328125,122540.17156982422,0,404327403520,8589930496,5770883072,114688
10,1791553927882,2500,2499,2499,2499,2500,2500,2500,2500,2499,2500,2499,2500,2500,2499,2500,2499,4.761904716491699,100,0,0,0,0,5.263157844543457,5.263157844543457,0,0,0,0,0,0,0,0,38855.77978515625,122540.56280517578,0,404327403520,8589930496,5770883072,114688
10,1791553927892,2500,2499,2499,2499,2500,2500,2500,2500,2499,2500,2499,2500,2500,2499,2500,2499,4.761904716491699,100,0,0,0,0,5.263157844543457,5.263157844543457,0,0,0,0,0,0,0,0,38855.94842529297,122540.95349121094,0,404327403520,8589930496,5770883072,114688
10,1791553927902,2500,2499,2499,2499,2500,2500,2500,2500,2499,2500,2499,2500,2500,2499,2500,2499,0,100,0,0,5,5,0,5.555555820465088,0,0,0,0,0,0,0,0,38856.114013671875,122541.34783935547,0,404327403520,8589930496,5770883072,114688
10,1791553927912,2500,2499,2499,2499,2500,2500,2500,2500,2499,2500,2499,2500,2500,2499,2500,2499,0,100,0,0,5,5,0,5.555555820465088,0,0,0,0,0,0,0,0,38856.27917480469,122541.73712158203,0,404327403520,8589930496,5770883072,114688
10,1791553927922,2500,2499,2499,2499,2500,2500,2500,2500,2499,2500,2499,2500,2500,2499,2500,2499,0,100,0,0,5,5,0,5.555555820465088,0,0,0,0,0,0,0,0,38856.43994140625,122542.12921142578,0,404327403520,8589930496,5770883072,114688
10,1791553927932,2500,2499,2499,2499,2500,2500,2500,2500,2499,2500,2499,2500,2500,2499,2500,2499,0,100,0,0,5,5,0,5.555555820465088,0,0,0,0,0,0,0,0,38856.600341796875,122542.52355957031,0,404327403520,8589930496,5770883072,114688
10,1791553927942,2500,2499,2499,2499,2500,2500,2500,2500,2499,2500,2499,2500,2500,2499,2500,2499,0,100,0,0,5,5,0,5.555555820465088,0,0,0,0,0,0,0,0,38856.7607421875,122542.91314697266,0,404327403520,8589930496,5770883072,114688
10,1791553927952,2500,2499,2499,2499,2500,2500,2500,2500,2499,2500,2499,2500,2500,2499,2500,2499,0,100,0,0,5,5,0,5.555555820465088,0,0,0,0,0,0,0,0,38856.93762207031,122543.34442138672,0,404327403520,8589930496,5770883072,114688
9,1791553927962,2500,2499,2499,2499,2500,2500,2500,2500,2499,2500,2499,2500,2500,2499,2500,2499,0,100,0,0,5,5,0,5.555555820465088,0,0,0,0,0,0,0,0,38857.098571777344,122543.73699951172,0,404327403520,8589930496,5770883072,114688
10,1791553927972,2500,2499,2499,2499,2500,2500,2500,2500,2499,2500,2499,2500,2500,2499,2500,2499,0,100,0,0,5,5,0,5.555555820465088,0,0,0,0,0,0,0,0,38857.25915527344,122544.12744140625,0,404327403520,8589930496,5770883072,114688
10,1791553927982,2500,2499,2499,2499,2500,2500,2500,2500,2499,2500,2499,2500,2500,2499,2500,2499,0,100,0,0,5,5,0,5.555555820465088,0,0,0,0,0,0,0,0,38857.422302246094,122544.51977539063,0,404327403520,8589930496,5770883072,114688
10,1791553927992,2500,2499,2499,2499,2500,2500,2500,2500,2499,2500,2499,2500,2500,2499,2500,2499,0,100,0,0,5,5,0,5.555555820465088,0,0,0,0,0,0,0,0,38857.58508300781,122544.91198730469,0,404327403520,8589930496,5770883072,114688
10,1791553928002,2500,2499,2499,2499,2500,2500,2500,2500,2499,2500,2499,2500,2500,2499,2500,2499,0,100,0,0,5,5,0,5.555555820465088,0,0,0,0,0,0,0,0,38857.74774169922,122545.30395507813,0,404327403520,8589930496,5770883072,114688
10,1791553928012,2500,2499,2499,2499,2500,2500,2500,2500,2499,2500,2499,2500,2500,2499,2500,2499,0,100,0,0,5,5,0,5.555555820465088,0,0,0,0,0,0,0,0,38857.909606933594,122545.69592285156,0,404327403520,8589930496,5770883072,114688
10,1791553928022,2500,2499,2499,2499,2500,2500,2500,2500,2499,2500,2499,2500,2500,2499,2500,2499,0,100,0,0,5,5,0,5.555555820465088,0,0,0,0,0,0,0,0,38858.071838378906,122546.08697509766,0,404327403520,8589930496,5770883072,114688
10,1791553928032,2500,2499,2499,2499,2500,2500,2500,2500,2499,2500,2499,2500,2500,2499,2500,2499,0,100,0,0,5,5,0,5.555555820465088,0,0,0,0,0,0,0,0,38858.234436035156,122546.47497558594,0,404327403520,8589930496,5770883072,114688
10,1791553928043,2500,2499,2499,2499,2500,2500,2500,2500,2499,2500,2499,2500,2500,2499,2500,2499,0,100,0,0,5,5,0,5.555555820465088,0,0,0,0,0,0,0,0,38858.39978027344,122546.8685913086,0,404327403520,8589930496,5770883072,114688
10,1791553928053,2500,2499,2499,2499,2500,2500,2500,2500,2499,2500,2499,2500,2500,2499,2500,2499,0,100,0,0,5,5,0,5.555555820465088,0,0,0,0,0,0,0,0,38858.56512451172,122547.2607421875,0,404327403520,8589930496,5770883072,114688
10,1791553928063,2500,2499,2499,2499,2500,2500,2500,2500,2499,2500,2499,2500,2500,2499,2500,2499,0,100,0,0,5,5,0,5.555555820465088,0,0,0,0,0,0,0,0,38858.732482910156,122547.65240478516,0,404327403520,8589930496,5770883072,114688
10,1791553928073,2500,2499,2499,2499,2500,2500,2500,2500,2499,2500,2499,2500,2500,2499,2500,2499,0,100,0,0,5,5,0,5.555555820465088,0,0,0,0,0,0,0,0,38858.90185546875,122548.04345703125,0,404327403520,8589930496,5770883072,114688
10,1791553928083,2500,2499,2499,2499,2500,2500,2500,2500,2499,2500,2499,2500,2500,2499,2500,2499,0,100,0,0,5,5,0,5.555555820465088,0,0,0,0,0,0,0,0,38859.06707763672,122548.4370727539,0,404327403520,8589930496,5770883072,114688
10,1791553928093,2500,2499,2499,2499,2500,2500,2500,2500,2499,2500,2499,2500,2500,2499,2500,2499,0,100,0,0,5,5,0,5.555555820465088,0,0,0,0,0,0,0,0,38859.22912597656,122548.82928466797,0,404327403520,8589930496,5770883072,114688
10,1791553928103,2500,2499,2499,2499,2500,2500,2500,2500,2499,2500,2499,2500,2500,2499,2500,2499,0,100,0,0,0,0,0,5.263157844543457,0,0,0,0,0,0,0,0,38859.397399902344,122549.22100830078,0,404327403520,8589930496,5770883072,114688
10,1791553928113,2500,2499,2499,2499,2500,2500,2500,2500,2499,2500,2499,2500,2500,2499,2500,2499,0,100,0,0,0,0,0,5.263157844543457,0,0,0,0,0,0,0,0,38859.56365966797,122549.61492919922,0,404327403520,8589930496,5765332992,114688
10,1791553928123,2500,2499,2499,2499,2500,2500,2500,2500,2499,2500,2499,2500,2500,2499,2500,2499,0,100,0,0,0,0,0,5.263157844543457,0,0,0,0,0,0,0,0,38859.72900390625,122550.00842285156,0,404327403520,8589930496,5765332992,114688
10,1791553928133,2500,2499,2499,2499,2500,2500,2500,2500,2499,2500,2499,2500,2500,2499,2500,2499,0,100,0,0,0,0,0,5.263157844543457,0,0,0,0,0,0,0,0,38859.902099609375,122550.39776611328,0,404327403520,8589930496,5765332992,114688
9,1791553928143,2500,2499,2499,2499,2500,2500,2500,2500,2499,2500,2499,2500,2500,2499,2500,2499,0,100,0,0,0,0,0,5.263157844543457,0,0,0,0,0,0,0,0,38860.07971191406,122550.78894042969,0,404327403520,8589930496,5765332992,114688
10,1791553928153,2500,2499,2499,2499,2500,2500,2500,2500,2499,2500,2499,2500,2500,2499,2500,2499,0,100,0,0,0,0,0,5.263157844543457,0,0,0,0,0,0,0,0,38860.24871826172,122551.22247314453,0,404327403520,8589930496,5765332992,114688
10,1791553928163,2500,2499,2499,2499,2500,2500,2500,2500,2499,2500,2499,2500,2500,2499,2500,2499,0,100,0,0,0,0,0,5.263157844543457,0,0,0,0,0,0,0,0,38860.41540527344,122551.61389160156,0,404327403520,8589930496,5765332992,114688
10,1791553928173,2500,2499,2499,2499,2500,2500,2500,2500,2499,2500,2499,2500,2500,2499,2500,2499,0,100,0,0,0,0,0,5.263157844543457,0,0,0,0,0,0,0,0,38860.58221435547,122552.00457763672,0,404327403520,8589930496,5748817920,114688
10,1791553928183,2500,2499,2499,2499,2500,2500,2500,2500,2499,2500,2499,2500,2500,2499,2500,2499,0,100,0,0,0,0,0,5.263157844543457,0,0,0,0,0,0,0,0,38860.74884033203,122552.39862060547,0,404327403520,8589930496,5748817920,114688
10,1791553928193,2500,2499,2499,2499,2500,2500,2500,2500,2499,2500,2499,2500,2500,2499,2500,2499,0,100,0,0,0,0,0,5.263157844543457,0,0,0,0,0,0,0,0,38860.91339111328,122552.79113769531,0,404327403520,8589930496,5748817920,114688
10,1791553928203,2500,2499,2499,2499,2500,2500,2500,2500,2499,2500,2499,2500,2500,2499,2500,2499,0,100,0,0,0,0,0,5.263157844543457,0,0,0,0,0,0,0,0,38861.079650878906,122553.18518066406,0,404327403520,8589930496,5748817920,114688
10,1791553928214,2500,2499,2499,2499,2500,2500,2500,2500,2499,2500,2499,2500,2500,2499,2500,2499,0,100,0,0,0,0,0,5.263157844543457,0,0,0,0,0,0,0,0,38861.245544433594,122553.57873535156,0,404327403520,8589930496,5748817920,114688
10,1791553928224,2500,2499,2499,2499,2500,2500,2500,2500,2499,2500,2499,2500,2500,2499,2500,2499,0,100,0,0,0,0,0,5.263157844543457,0,0,0,0,0,0,0,0,38861.413635253906,122553.96899414063,0,404327403520,8589930496,5748817920,114688
10,1791553928234,2500,2499,2499,2499,2500,2500,2500,2500,2499,2500,2499,2500,2500,2499,2500,2499,0,100,0,0,0,0,0,5.263157844543457,0,0,0,0,0,0,0,0,38861.57775878906,122554.35998535156,0,404327403520,8589930496,5748817920,114688
10,1791553928244,2500,2499,2499,2499,2500,2500,2500,2500,2499,2500,2499,2500,2500,2499,2500,2499,0,100,0,0,0,0,0,5.263157844543457,0,0,0,0,0,0,0,0,38861.742126464844,122554.7544555664,0,404327403520,8589930496,5748817920,114688
10,1791553928254,2500,2499,2499,2499,2500,2500,2500,2500,2499,2500,2499,2500,2500,2499,2500,2499,0,100,0,0,0,0,0,5.263157844543457,0,0,0,0,0,0,0,0,38861.90710449219,122555.14624023438,0,404327403520,8589930496,5748817920,114688
10,1791553928264,2500,2499,2499,2499,2500,2500,2500,2500,2499,2500,2499,2500,2500,2499,2500,2499,0,100,0,0,0,0,0,5.263157844543457,0,0,0,0,0,0,0,0,38862.073486328125,122555.54089355469,0,404327403520,8589930496,5748817920,114688
10,1791553928274,2500,2499,2499,2499,2500,2500,2500,2500,2499,2500,2499,2500,2500,2499,2500,2499,0,100,0,0,0,0,0,5.263157844543457,0,0,0,0,0,0,0,0,38862.23846435547,122555.93243408203,0,404327403520,8589930496,5748817920,114688
10,1791553928284,2500,2499,2499,2499,2500,2500,2500,2500,2499,2500,2499,2500,2500,2499,2500,2499,0,100,0,0,0,0,0,5.263157844543457,0,0,0,0,0,0,0,0,38862.40686035156,122556.32354736328,0,404327403520,8589930496,5748817920,114688
10,1791553928294,2500,2499,2499,2499,2500,2500,2500,2500,2499,2500,2499,2500,2500,2499,2500,2499,0,100,0,0,0,0,0,5.263157844543457,0,0,0,0,0,0,0,0,38862.56866455078,122556.71569824219,0,404327403520,8589930496,5748817920,114688
10,1791553928304,2500,2499,2499,2499,2500,2500,2500,2500,2499,2500,2499,2500,2500,2499,2500,2499,4.761904716491699,100,0,0,0,0,0,10,0,0,0,0,0,0,0,0,38862.73547363281,122557.11041259766,0,404327403520,8589930496,5748817920,114688
10,1791553928314,2500,2499,2499,2499,2500,2500,2500,2500,2499,2500,2499,2500,2500,2499,2500,2499,4.761904716491699,100,0,0,0,0,0,10,0,0,0,0,0,0,0,0,38862.900634765625,122557.5034790039,0,404327403520,8589930496,5748817920,114688
9,1791553928324,2500,2499,2499,2499,2500,2500,2500,2500,2499,2500,2499,2500,2500,2499,2500,2499,4.761904716491699,100,0,0,0,0,0,10,0,0,0,0,0,0,0,0,38863.061584472656,122557.89758300781,0,404327403520,8589930496,5748817920,114688
10,1791553928334,2500,2499,2499,2499,2500,2500,2500,2500,2499,2500,2499,2500,2500,2499,2500,2499,4.761904716491699,100,0,0,0,0,0,10,0,0,0,0,0,0,0,0,38863.22546386719,122558.28741455078,0,404327403520,8589930496,5748817920,114688
10,1791553928344,2500,2499,2499,2499,2500,2500,2500,2500,2499,2500,2499,2500,2500,2499,2500,2499,4.761904716491699,100,0,0,0,0,0,10,0,0,0,0,0,0,0,0,38863.3935546875,122558.68176269531,0,404327403520,8589930496,5748817920,114688
10,1791553928354,2500,2499,2499,2499,2500,2500,2500,2500,2499,2500,2499,2500,2500,2499,2500,2499,4.761904716491699,100,0,0,0,0,0,10,0,0,0,0,0,0,0,0,38863.55944824219,122559.07342529297,0,404327403520,8589930496,5748817920,114688
10,1791553928364,2500,2499,2499,2499,2500,2500,2500,2500,2499,2500,2499,2500,2500,2499,2500,2499,4.761904716491699,100,0,0,0,0,0,10,0,0,0,0,0,0,0,0,38863.74401855469,122559.50329589844,0,404327403520,8589930496,5748817920,114688
10,1791553928374,2500,2499,2499,2499,2500,2500,2500,2500,2499,2500,2499,2500,2500,2499,2500,2499,4.761904716491699,100,0,0,0,0,0,10,0,0,0,0,0,0,0,0,38863.91320800781,122559.89532470703,0,404327403520,8589930496,5748817920,114688
10,1791553928385,2500,2499,2499,2499,2500,2500,2500,2500,2499,2500,2499,2500,2500,2499,2500,2499,4.761904716491699,100,0,0,0,0,0,10,0,0,0,0,0,0,0,0,38864.07489013672,122560.29235839844,0,404327403520,8589930496,5748817920,114688
10,1791553928395,2500,2499,2499,2499,2500,2500,2500,2500,2499,2500,2499,2500,2500,2499,2500,2499,4.761904716491699,100,0,0,0,0,0,10,0,0,0,0,0,0,0,0,38864.238342285156,122560.67810058594,0,404327403520,8589930496,5748817920,114688
10,1791553928405,2500,2499,2499,2499,2500,2500,2500,2500,2499,2500,2499,2500,2500,2499,2500,2499,4.761904716491699,100,0,0,0,0,0,10,0,0,0,0,0,0,0,0,38864.403747558594,122561.06768798828,0,404327403520,8589930496,5748817920,114688
10,1791553928415,2500,2499,2499,2499,2500,2500,2500,2500,2499,2500,2499,2500,2500,2499,2500,2499,4.761904716491699,100,0,0,0,0,0,10,0,0,0,0,0,0,0,0,38864.567626953125,122561.4613647461,0,404327403520,8589930496,5748817920,114688
10,1791553928425,2500,2499,2499,2499,2500,2500,2500,2500,2499,2500,2499,2500,2500,2499,2500,2499,4.761904716491699,100,0,0,0,0,0,10,0,0,0,0,0,0,0,0,38864.72912597656,122561.8544921875,0,404327403520,8589930496,5748817920,114688
10,1791553928435,2500,2499,2499,2499,2500,2500,2500,2500,2499,2500,2499,2500,2500,2499,2500,2499,4.761904716491699,100,0,0,0,0,0,10,0,0,0,0,0,0,0,0,38864.892517089844,122562.24603271484,0,404327403520,8589930496,5748817920,114688
10,1791553928445,2500,2499,2499,2499,2500,2500,2500,2500,2499,2500,2499,2500,2500,2499,2500,2499,4.761904716491699,100,0,0,0,0,0,10,0,0,0,0,0,0,0,0,38865.054931640625,122562.59765625,0,404327403520,8589930496,5748817920,114688
10,1791553928455,2500,2499,2499,2499,2500,2500,2500,2500,2499,2500,2499,2500,2500,2499,2500,2499,4.761904716491699,100,0,0,0,0,0,10,0,0,0,0,0,0,0,0,38865.21923828125,122563.02392578125,0,404327403520,8589930496,5748817920,114688
10,1791553928465,2500,2499,2499,2499,2500,2500,2500,2500,2499,2500,2499,2500,2500,2499,2500,2499,4.761904716491699,100,0,0,0,0,0,10,0,0,0,0,0,0,0,0,38865.3876953125,122563.41326904297,0,404327403520,8589930496,5748817920,114688
10,1791553928475,2500,2499,2499,2499,2500,2500,2500,2500,2499,2500,2499,2500,2500,2499,2500,2499,4.761904716491699,100,0,0,0,0,0,10,0,0,0,0,0,0,0,0,38865.54852294922,122563.8056640625,0,404327403520,8589930496,5748817920,114688
9,1791553928485,2500,2499,2499,2499,2500,2500,2500,2500,2499,2500,2499,2500,2500,2499,2500,2499,4.761904716491699,100,0,0,0,0,0,10,0,0,0,0,0,0,0,0,38865.711486816406,122564.1962890625,0,404327403520,8589930496,5748817920,114688
10,1791553928495,2500,2499,2499,2499,2500,2500,2500,2500,2499,2500,2499,2500,2500,2499,2500,2499,4.761904716491699,100,0,0,0,0,0,10,0,0,0,0,0,0,0,0,38865.87921142578,122564.58605957031,0,404327403520,8589930496,5748817920,114688
9,1791553928505,2500,2499,2499,2499,2500,2500,2500,2500,2499,2500,2499,2500,2500,2499,2500,2499,0,100,0,0,0,0,0,0,0,0,0,0,0,0,0,0,38866.03759765625,122564.9760131836,0,404327403520,8589930496,5748817920,114688
10,1791553928515,2500,2499,2499,2499,2500,2500,2500,2500,2499,2500,2499,2500,2500,2499,2500,2499,0,100,0,0,0,0,0,0,0,0,0,0,0,0,0,0,38866.20147705078,122565.36840820313,0,404327403520,8589930496,5748817920,114688
10,1791553928525,2500,2499,2499,2499,2500,2500,2500,2500,2499,2500,2499,2500,2500,2499,2500,2499,0,100,0,0,0,0,0,0,0,0,0,0,0,0,0,0,38866.363830566406,122565.75677490234,0,404327403520,8589930496,5748817920,114688
10,1791553928535,2500,2499,2499,2499,2500,2500,2500,2500,2499,2500,2499,2500,2500,2499,2500,2499,0,100,0,0,0,0,0,0,0,0,0,0,0,0,0,0,38866.530212402344,122566.14556884766,0,404327403520,8589930496,5748817920,114688
10,1791553928545,2500,2499,2499,2499,2500,2500,2500,2500,2499,2500,2499,2500,2500,2499,2500,2499,0,100,0,0,0,0,0,0,0,0,0,0,0,0,0,0,38866.697509765625,122566.53564453125,0,404327403520,8589930496,5748817920,114688
10,1791553928555,2500,2499,2499,2499,2500,2500,2500,2500,2499,2500,2499,2500,2500,2499,2500,2499,0,100,0,0,0,0,0,0,0,0,0,0,0,0,0,0,38866.865966796875,122566.92578125,0,404327403520,8589930496,5748817920,114688
10,1791553928566,2500,2499,2499,2499,2500,2500,2500,2500,2499,2500,2499,2500,2500,2499,2500,2499,0,100,0,0,0,0,0,0,0,0,0,0,0,0,0,0,38867.04943847656,122567.35516357422,0,404327403520,8589930496,5748817920,114688
10,1791553928576,2500,2499,2499,2499,2500,2500,2500,2500,2499,2500,2499,2500,2500,2499,2500,2499,0,100,0,0,0,0,0,0,0,0,0,0,0,0,0,0,38867.213317871094,122567.74591064453,0,404327403520,8589930496,5748817920,114688
10,1791553928586,2500,2499,2499,2499,2500,2500,2500,2500,2499,2500,2499,2500,2500,2499,2500,2499,0,100,0,0,0,0,0,0,0,0,0,0,0,0,0,0,38867.37438964844,122568.13604736328,0,404327403520,8589930496,5748817920,114688
10,1791553928596,2500,2499,2499,2499,2500,2500,2500,2500,2499,2500,2499,2500,2500,2499,2500,2499,0,100,0,0,0,0,0,0,0,0,0,0,0,0,0,0,38867.53662109375,122568.52569580078,0,404327403520,8589930496,5748817920,114688
10,1791553928606,2500,2499,2499,2499,2500,2500,2500,2500,2499,2500,2499,2500,2500,2499,2500,2499,0,100,0,0,0,0,0,0,0,0,0,0,0,0,0,0,38867.707092285156,122568.91650390625,0,404327403520,8589930496,5748817920,114688
10,1791553928616,2500,2499,2499,2499,2500,2500,2500,2500,2499,2500,2499,2500,2500,2499,2500,2499,0,100,0,0,0,0,0,0,0,0,0,0,0,0,0,0,38867.87536621094,122569.30444335938,0,404327403520,8589930496,5748817920,114688
10,1791553928626,2500,2499,2499,2499,2500,2500,2500,2500,2499,2500,2499,2500,2500,2499,2500,2499,0,100,0,0,0,0,0,0,0,0,0,0,0,0,0,0,38868.02990722656,122569.6830444336,0,404327403520,8589930496,5748817920,114688
10,1791553928636,2500,2499,2499,2499,2500,2500,2500,2500,2499,2500,2499,2500,2500,2499,2500,2499,0,100,0,0,0,0,0,0,0,0,0,0,0,0,0,0,38868.18389892578,122570.06091308594,0,404327403520,8589930496,5743366144,114688
10,1791553928646,2500,2499,2499,2499,2500,2500,2500,2500,2499,2500,2499,2500,2500,2499,2500,2499,0,100,0,0,0,0,0,0,0,0,0,0,0,0,0,0,38868.33935546875,122570.4375,0,404327403520,8589930496,5743366144,114688
10,1791553928656,2500,2499,2499,2499,2500,2500,2500,2500,2499,2500,2499,2500,2500,2499,2500,2499,0,100,0,0,0,0,0,0,0,0,0,0,0,0,0,0,38868.50390625,122570.81829833984,0,404327403520,8589930496,5734445056,114688
10,1791553928666,2500,2499,2499,2499,2500,2500,2500,2500,2499,2500,2499,2500,2500,2499,2500,2499,0,100,0,0,0,0,0,0,0,0,0,0,0,0,0,0,38868.65515136719,122571.19775390625,0,404327403520,8589930496,5707186176,114688
10,1791553928676,2500,2499,2499,2499,2500,2500,2500,2500,2499,2500,2499,2500,2500,2499,2500,2499,0,100,0,0,0,0,0,0,0,0,0,0,0,0,0,0,38868.83056640625,122571.58392333984,0,404327403520,8589930496,5694300160,114688
10,1791553928686,2500,2499,2499,2499,2500,2500,2500,2500,2499,2500,2499,2500,2500,2499,2500,2499,0,100,0,0,0,0,0,0,0,0,0,0,0,0,0,0,38869.02551269531,122571.98083496094,0,404327403520,8589930496,5690830848,114688
9,1791553928696,2500,2499,2499,2499,2500,2500,2500,2500,2499,2500,2499,2500,2500,2499,2500,2499,0,100,0,0,0,0,0,0,0,0,0,0,0,0,0,0,38869.224548339844,122572.37567138672,0,404327403520,8589930496,5690830848,114688
10,1791553928706,2500,2499,2499,2499,2500,2500,2500,2500,2499,2500,2499,2500,2500,2499,2500,2499,5,100,0,0,0,5,5,10.526315689086914,0,0,0,0,0,0,0,0,38869.42687988281,122572.77044677734,0,404327403520,8589930496,5690830848,114688
10,1791553928716,2500,2499,2499,2499,2500,2500,2500,2500,2499,2500,2499,2500,2500,2499,2500,2499,5,100,0,0,0,5,5,10.526315689086914,0,0,0,0,0,0,0,0,38869.622985839844,122573.1674194336,0,404327403520,8589930496,5690830848,114688
10,1791553928726,2500,2499,2499,2499,2500,2500,2500,2500,2499,2500,2499,2500,2500,2499,2500,2499,5,100,0,0,0,5,5,10.526315689086914,0,0,0,0,0,0,0,0,38869.8203125,122573.56274414063,0,404327403520,8589930496,5690830848,114688
10,1791553928737,2500,2499,2499,2499,2500,2500,2500,2500,2499,2500,2499,2500,2500,2499,2500,2499,5,100,0,0,0,5,5,10.526315689086914,0,0,0,0,0,0,0,0,38870.020446777344,122573.95806884766,0,404327403520,8589930496,5690830848,114688
10,1791553928747,2500,2499,2499,2499,2500,2500,2500,2500,2499,2500,2499,2500,2500,2499,2500,2499,5,100,0,0,0,5,5,10.526315689086914,0,0,0,0,0,0,0,0,38870.21759033203,122574.35375976563,0,404327403520,8589930496,5690830848,114688
10,1791553928757,2500,2499,2499,2499,2500,2500,2500,2500,2499,2500,2499,2500,2500,2499,2500,2499,5,100,0,0,0,5,5,10.526315689086914,0,0,0,0,0,0,0,0,38870.421630859375,122574.74932861328,0,404327403520,8589930496,5690830848,114688
10,1791553928767,2500,2499,2499,2499,2500,2500,2500,2500,2499,2500,2499,2500,2500,2499,2500,2499,5,100,0,0,0,5,5,10.526315689086914,0,0,0,0,0,0,0,0,38870.64074707031,122575.18524169922,0,404327403520,8589930496,5690830848,114688
10,1791553928777,2500,2499,2499,2499,2500,2500,2500,2500,2499,2500,2499,2500,2500,2499,2500,2499,5,100,0,0,0,5,5,10.526315689086914,0,0,0,0,0,0,0,0,38870.835388183594,122575.54992675781,0,404327403520,8589930496,5690830848,114688
10,1791553928787,2500,2499,2499,2499,2500,2500,2500,2500,2499,2500,2499,2500,2500,2499,2500,2499,5,100,0,0,0,5,5,10.526315689086914,0,0,0,0,0,0,0,0,38871.028259277344,122575.97985839844,0,404327403520,8589930496,5690830848,114688
10,1791553928797,2500,2499,2499,2499,2500,2500,2500,2500,2499,2500,2499,2500,2500,2499,2500,2499,5,100,0,0,0,5,5,10.526315689086914,0,0,0,0,0,0,0,0,38871.22772216797,122576.3814086914,0,404327403520,8589930496,5690830848,114688
10,1791553928807,2500,2499,2499,2499,2500,2500,2500,2500,2499,2500,2499,2500,2500,2499,2500,2499,5,100,0,0,0,5,5,10.526315689086914,0,0,0,0,0,0,0,0,38871.427307128906,122576.77239990234,0,404327403520,8589930496,5690830848,114688
10,1791553928817,2500,2499,2499,2499,2500,2500,2500,2500,2499,2500,2499,2500,2500,2499,2500,2499,5,100,0,0,0,5,5,10.526315689086914,0,0,0,0,0,0,0,0,38871.624938964844,122577.17193603516,0,404327403520,8589930496,5690830848,114688
9,1791553928827,2500,2499,2499,2499,2500,2500,2500,2500,2499,2500,2499,2500,2500,2499,2500,2499,5,100,0,0,0,5,5,10.526315689086914,0,0,0,0,0,0,0,0,38871.82244873047,122577.56994628906,0,404327403520,8589930496,5690830848,114688
10,1791553928837,2500,2499,2499,2499,2500,2500,2500,2500,2499,2500,2499,2500,2500,2499,2500,2499,5,100,0,0,0,5,5,10.526315689086914,0,0,0,0,0,0,0,0,38872.01934814453,122577.9653930664,0,404327403520,8589930496,5690830848,114688
10,1791553928847,2500,2499,2499,2499,2500,2500,2500,2500,2499,2500,2499,2500,2500,2499,2500,2499,5,100,0,0,0,5,5,10.526315689086914,0,0,0,0,0,0,0,0,38872.221130371094,122578.36108398438,0,404327403520,8589930496,5690830848,114688
10,1791553928857,2500,2499,2499,2499,2500,2500,2500,2500,2499,2500,2499,2500,2500,2499,2500,2499,5,100,0,0,0,5,5,10.526315689086914,0,0,0,0,0,0,0,0,38872.42199707031,122578.74987792969,0,404327403520,8589930496,5690830848,114688
10,1791553928867,2500,2499,2499,2499,2500,2500,2500,2500,2499,2500,2499,2500,2500,2499,2500,2499,5,100,0,0,0,5,5,10.526315689086914,0,0,0,0,0,0,0,0,38872.61682128906,122579.1527709961,0,404327403520,8589930496,5690830848,114688
9,1791553928877,2500,2499,2499,2499,2500,2500,2500,2500,2499,2500,2499,2500,2500,2499,2500,2499,5,100,0,0,0,5,5,10.526315689086914,0,0,0,0,0,0,0,0,38872.767578125,122579.52423095703,0,404327403520,8589930496,5690830848,114688
10,1791553928887,2500,2499,2499,2499,2500,2500,2500,2500,2499,2500,2499,2500,2500,2499,2500,2499,5,100,0,0,0,5,5,10.526315689086914,0,0,0,0,0,0,0,0,38872.92175292969,122579.90258789063,0,404327403520,8589930496,5690830848,114688
10,1791553928897,2500,2499,2499,2499,2500,2500,2500,2500,2499,2500,2499,2500,2500,2499,2500,2499,5,100,0,0,0,5,5,10.526315689086914,0,0,0,0,0,0,0,0,38873.07666015625,122580.275390625,0,404327403520,8589930496,5690830848,114688
10,1791553928908,2500,2499,2499,2499,2500,2500,2500,2500,2499,2500,2499,2500,2500,2499,2500,2499,4.761904716491699,100,0,0,0,0,0,0,0,0,0,0,0,0,0,0,38873.23278808594,122580.64978027344,0,404327403520,8589930496,5690830848,114688
10,1791553928918,2500,2499,2499,2499,2500,2500,2500,2500,2499,2500,2499,2500,2500,2499,2500,2499,4.761904716491699,100,0,0,0,0,0,0,0,0,0,0,0,0,0,0,38873.39904785156,122581.02899169922,0,404327403520,8589930496,5610541056,114688
10,1791553928928,2500,2499,2499,2499,2500,2500,2500,2500,2499,2500,2499,2500,2500,2499,2500,2499,4.761904716491699,100,0,0,0,0,0,0,0,0,0,0,0,0,0,0,38873.5556640625,122581.41235351563,0,404327403520,8589930496,5502992384,114688
10,1791553928938,2500,2499,2499,2499,2500,2500,2500,2500,2499,2500,2499,2500,2500,2499,2500,2499,4.761904716491699,100,0,0,0,0,0,0,0,0,0,0,0,0,0,0,38873.712890625,122581.78692626953,0,404327403520,8589930496,5408825344,114688
10,1791553928948,2500,2499,2499,2499,2500,2500,2500,2500,2499,2500,2499,2500,2500,2499,2500,2499,4.761904716491699,100,0,0,0,0,0,0,0,0,0,0,0,0,0,0,38873.87438964844,122582.16027832031,0,404327403520,8589930496,5318602752,114688
0,1791553928958,2500,2499,2499,2499,2500,2500,2500,2500,2499,2500,2499,2500,2500,2499,2500,2499,4.761904716491699,100,0,0,0,0,0,0,0,0,0,0,0,0,0,0,38874.050354003906,122582.56018066406,0,404327403520,8589930496,5313150976,114688
