Delta,Time,CPU_FREQUENCY_0,CPU_FREQUENCY_1,CPU_FREQUENCY_10,CPU_FREQUENCY_11,CPU_FREQUENCY_12,CPU_FREQUENCY_13,CPU_FREQUENCY_14,CPU_FREQUENCY_15,CPU_FREQUENCY_2,CPU_FREQUENCY_3,CPU_FREQUENCY_4,CPU_FREQUENCY_5,CPU_FREQUENCY_6,CPU_FREQUENCY_7,CPU_FREQUENCY_8,CPU_FREQUENCY_9,CPU_USAGE_0,CPU_USAGE_1,CPU_USAGE_10,CPU_USAGE_11,CPU_USAGE_12,CPU_USAGE_13,CPU_USAGE_14,CPU_USAGE_15,CPU_USAGE_2,CPU_USAGE_3,CPU_USAGE_4,CPU_USAGE_5,CPU_USAGE_6,CPU_USAGE_7,CPU_USAGE_8,CPU_USAGE_9,DRAM_ENERGY (J),PACKAGE_ENERGY (J),PP0_ENERGY (J),TOTAL_MEMORY,TOTAL_SWAP,USED_MEMORY,USED_SWAP
0,1791554534051,2500,2499,2500,2500,2500,2500,2500,2500,2499,2500,2499,2499,2500,2499,2499,2500,0,0,0,0,8.333333969116211,4.1666669845581055,0,12,8,4.1666669845581055,4.1666669845581055,4.1666669845581055,0,4.1666669845581055,7.692307949066162,7.692307949066162,48239.17541503906,142782.6104736328,0,404327403520,8589930496,5377884160,114688
10,1791554534051,2500,2499,2500,2500,2500,2500,2500,2500,2499,2500,2499,2499,2500,2499,2499,2500,0,0,0,0,8.333333969116211,4.1666669845581055,0,12,8,4.1666669845581055,4.1666669845581055,4.1666669845581055,0,4.1666669845581055,7.692307949066162,7.692307949066162,48239.19189453125,142782.6430053711,0,404327403520,8589930496,5377884160,114688
9,1791554534061,2500,2499,2500,2500,2500,2500,2500,2500,2499,2500,2499,2499,2500,2499,2499,2500,0,0,0,0,8.333333969116211,4.1666669845581055,0,12,8,4.1666669845581055,4.1666669845581055,4.1666669845581055,0,4.1666669845581055,7.692307949066162,7.692307949066162,48239.34753417969,142783.02099609375,0,404327403520,8589930496,5377884160,114688
10,1791554534071,2500,2499,2500,2500,2500,2500,2500,2500,2499,2500,2499,2499,2500,2499,2499,2500,0,0,0,0,8.333333969116211,4.1666669845581055,0,12,8,4.1666669845581055,4.1666669845581055,4.1666669845581055,0,4.1666669845581055,7.692307949066162,7.692307949066162,48239.503662109375,142783.4033203125,0,404327403520,8589930496,5377884160,114688
9,1791554534081,2500,2499,2500,2500,2500,2500,2500,2500,2499,2500,2499,2499,2500,2499,2499,2500,0,0,0,0,8.333333969116211,4.1666669845581055,0,12,8,4.1666669845581055,4.1666669845581055,4.1666669845581055,0,4.1666669845581055,7.692307949066162,7.692307949066162,48239.65710449219,142783.77368164063,0,404327403520,8589930496,5377884160,114688
9,1791554534091,2500,2499,2500,2500,2500,2500,2500,2500,2499,2500,2499,2499,2500,2499,2499,2500,0,0,0,0,8.333333969116211,4.1666669845581055,0,12,8,4.1666669845581055,4.1666669845581055,4.1666669845581055,0,4.1666669845581055,7.692307949066162,7.692307949066162,48239.81237792969,142784.15130615234,0,404327403520,8589930496,5377884160,114688
10,1791554534101,2500,2499,2500,2500,2500,2500,2500,2500,2499,2500,2499,2499,2500,2499,2499,2500,0,0,0,0,8.333333969116211,4.1666669845581055,0,12,8,4.1666669845581055,4.1666669845581055,4.1666669845581055,0,4.1666669845581055,7.692307949066162,7.692307949066162,48239.968688964844,142784.52349853516,0,404327403520,8589930496,5377884160,114688
10,1791554534111,2500,2499,2500,2500,2500,2500,2500,2500,2499,2500,2499,2499,2500,2499,2499,2500,0,0,0,0,8.333333969116211,4.1666669845581055,0,12,8,4.1666669845581055,4.1666669845581055,4.1666669845581055,0,4.1666669845581055,7.692307949066162,7.692307949066162,48240.12841796875,142784.83740234375,0,404327403520,8589930496,5377884160,114688
9,1791554534121,2500,2499,2500,2500,2500,2500,2500,2500,2499,2500,2499,2499,2500,2499,2499,2500,0,0,0,0,8.333333969116211,4.1666669845581055,0,12,8,4.1666669845581055,4.1666669845581055,4.1666669845581055,0,4.1666669845581055,7.692307949066162,7.692307949066162,48240.289794921875,142785.15753173828,0,404327403520,8589930496,5370114048,114688
10,1791554534131,2500,2499,2500,2500,2500,2500,2500,2500,2499,2500,2499,2499,2500,2499,2499,2500,0,0,0,0,8.333333969116211,4.1666669845581055,0,12,8,4.1666669845581055,4.1666669845581055,4.1666669845581055,0,4.1666669845581055,7.692307949066162,7.692307949066162,48240.449462890625,142785.49346923828,0,404327403520,8589930496,5370114048,114688
9,1791554534141,2500,2499,2500,2500,2500,2500,2500,2500,2499,2500,2499,2499,2500,2499,2499,2500,0,0,0,0,8.333333969116211,4.1666669845581055,0,12,8,4.1666669845581055,4.1666669845581055,4.1666669845581055,0,4.1666669845581055,7.692307949066162,7.692307949066162,48240.61016845703,142785.86724853516,0,404327403520,8589930496,5370114048,114688
9,1791554534151,2500,2499,2500,2500,2500,2500,2500,2500,2499,2500,2499,2499,2500,2499,2499,2500,0,0,0,0,8.333333969116211,4.1666669845581055,0,12,8,4.1666669845581055,4.1666669845581055,4.1666669845581055,0,4.1666669845581055,7.692307949066162,7.692307949066162,48240.77099609375,142786.24322509766,0,404327403520,8589930496,5370114048,114688
9,1791554534161,2500,2499,2500,2500,2500,2500,2500,2500,2499,2500,2499,2499,2500,2499,2499,2500,0,0,0,0,8.333333969116211,4.1666669845581055,0,12,8,4.1666669845581055,4.1666669845581055,4.1666669845581055,0,4.1666669845581055,7.692307949066162,7.692307949066162,48240.924865722656,142786.62145996094,0,404327403520,8589930496,5370114048,114688
9,1791554534171,2500,2499,2500,2500,2500,2500,2500,2500,2499,2500,2499,2499,2500,2499,2499,2500,0,0,0,0,8.333333969116211,4.1666669845581055,0,12,8,4.1666669845581055,4.1666669845581055,4.1666669845581055,0,4.1666669845581055,7.692307949066162,7.692307949066162,48241.078125,142786.99822998047,0,404327403520,8589930496,5370114048,114688
9,1791554534182,2500,2499,2500,2500,2500,2500,2500,2500,2499,2500,2499,2499,2500,2499,2499,2500,0,0,0,0,8.333333969116211,4.1666669845581055,0,12,8,4.1666669845581055,4.1666669845581055,4.1666669845581055,0,4.1666669845581055,7.692307949066162,7.692307949066162,48241.25067138672,142787.4096069336,0,404327403520,8589930496,5370114048,114688
9,1791554534192,2500,2499,2500,2500,2500,2500,2500,2500,2499,2500,2499,2499,2500,2499,2499,2500,0,0,0,0,8.333333969116211,4.1666669845581055,0,12,8,4.1666669845581055,4.1666669845581055,4.1666669845581055,0,4.1666669845581055,7.692307949066162,7.692307949066162,48241.40979003906,142787.78778076172,0,404327403520,8589930496,5370114048,114688
9,1791554534202,2500,2499,2500,2500,2500,2500,2500,2500,2499,2500,2499,2499,2500,2499,2499,2500,0,0,0,0,8.333333969116211,4.1666669845581055,0,12,8,4.1666669845581055,4.1666669845581055,4.1666669845581055,0,4.1666669845581055,7.692307949066162,7.692307949066162,48241.56579589844,142788.1619873047,0,404327403520,8589930496,5370114048,114688
9,1791554534212,2500,2499,2500,2500,2500,2500,2500,2500,2499,2500,2499,2499,2500,2499,2499,2500,0,0,0,0,8.333333969116211,4.1666669845581055,0,12,8,4.1666669845581055,4.1666669845581055,4.1666669845581055,0,4.1666669845581055,7.692307949066162,7.692307949066162,48241.72052001953,142788.54052734375,0,404327403520,8589930496,5370114048,114688
9,1791554534222,2500,2499,2500,2500,2500,2500,2500,2500,2499,2500,2499,2499,2500,2499,2499,2500,0,0,0,0,8.333333969116211,4.1666669845581055,0,12,8,4.1666669845581055,4.1666669845581055,4.1666669845581055,0,4.1666669845581055,7.692307949066162,7.692307949066162,48241.87091064453,142788.91552734375,0,404327403520,8589930496,5370114048,114688
9,1791554534232,2500,2499,2500,2500,2500,2500,2500,2500,2499,2500,2499,2499,2500,2499,2499,2500,0,0,0,0,8.333333969116211,4.1666669845581055,0,12,8,4.1666669845581055,4.1666669845581055,4.1666669845581055,0,4.1666669845581055,7.692307949066162,7.692307949066162,48242.027282714844,142789.29180908203,0,404327403520,8589930496,5370114048,114688
9,1791554534242,2500,2499,2500,2500,2500,2500,2500,2500,2499,2500,2499,2499,2500,2499,2499,2500,0,0,0,0,8.333333969116211,4.1666669845581055,0,12,8,4.1666669845581055,4.1666669845581055,4.1666669845581055,0,4.1666669845581055,7.692307949066162,7.692307949066162,48242.189697265625,142789.6669921875,0,404327403520,8589930496,5370114048,114688
10,1791554534252,2500,2499,2500,2500,2500,2500,2500,2500,2499,2500,2499,2499,2500,2499,2499,2500,65,0,0,0,0,0,0,21.052631378173828,0,0,0,0,0,28.571430206298828,0,0,48242.34832763672,142790.0418701172,0,404327403520,8589930496,5370114048,114688
10,1791554534262,2500,2499,2500,2500,2500,2500,2500,2500,2499,2500,2499,2499,2500,2499,2499,2500,65,0,0,0,0,0,0,21.052631378173828,0,0,0,0,0,28.571430206298828,0,0,48242.5048828125,142790.41607666016,0,404327403520,8589930496,5370114048,114688
9,1791554534272,2500,2499,2500,2500,2500,2500,2500,2500,2499,2500,2499,2499,2500,2499,2499,2500,65,0,0,0,0,0,0,21.052631378173828,0,0,0,0,0,28.571430206298828,0,0,48242.66326904297,142790.7564086914,0,404327403520,8589930496,5364654080,114688
9,1791554534282,2500,2499,2500,2500,2500,2500,2500,2500,2499,2500,2499,2499,2500,2499,2499,2500,65,0,0,0,0,0,0,21.052631378173828,0,0,0,0,0,28.571430206298828,0,0,48242.83612060547,142791.13677978516,0,404327403520,8589930496,5368123392,114688
9,1791554534292,2500,2499,2500,2500,2500,2500,2500,2500,2499,2500,2499,2499,2500,2499,2499,2500,65,0,0,0,0,0,0,21.052631378173828,0,0,0,0,0,28.571430206298828,0,0,48243.0087890625,142791.51544189453,0,404327403520,8589930496,5380513792,114688
10,1791554534302,2500,2499,2500,2500,2500,2500,2500,2500,2499,2500,2499,2499,2500,2499,2499,2500,65,0,0,0,0,0,0,21.052631378173828,0,0,0,0,0,28.571430206298828,0,0,48243.17980957031,142791.89154052734,0,404327403520,8589930496,5396869120,114688
9,1791554534312,2500,2499,2500,2500,2500,2500,2500,2500,2499,2500,2499,2499,2500,2499,2499,2500,65,0,0,0,0,0,0,21.052631378173828,0,0,0,0,0,28.571430206298828,0,0,48243.34716796875,142792.26861572266,0,404327403520,8589930496,5413224448,114688
9,1791554534323,2500,2499,2500,2500,2500,2500,2500,2500,2499,2500,2499,2499,2500,2499,2499,2500,65,0,0,0,0,0,0,21.052631378173828,0,0,0,0,0,28.571430206298828,0,0,48243.534729003906,142792.68438720703,0,404327403520,8589930496,5424128000,114688
9,1791554534333,2500,2499,2500,2500,2500,2500,2500,2500,2499,2500,2499,2499,2500,2499,2499,2500,65,0,0,0,0,0,0,21.052631378173828,0,0,0,0,0,28.571430206298828,0,0,48243.70520019531,142793.06329345703,0,404327403520,8589930496,5438005248,114688
9,1791554534343,2500,2499,2500,2500,2500,2500,2500,2500,2499,2500,2499,2499,2500,2499,2499,2500,65,0,0,0,0,0,0,21.052631378173828,0,0,0,0,0,28.571430206298828,0,0,48243.87469482422,142793.4408569336,0,404327403520,8589930496,5454360576,114688
9,1791554534353,2500,2499,2500,2500,2500,2500,2500,2500,2499,2500,2499,2499,2500,2499,2499,2500,65,0,0,0,0,0,0,21.052631378173828,0,0,0,0,0,28.571430206298828,0,0,48244.045837402344,142793.82080078125,0,404327403520,8589930496,5471211520,114688
10,1791554534363,2500,2499,2500,2500,2500,2500,2500,2500,2499,2500,2499,2499,2500,2499,2499,2500,65,0,0,0,0,0,0,21.052631378173828,0,0,0,0,0,28.571430206298828,0,0,48244.218200683594,142794.19860839844,0,404327403520,8589930496,5479141376,114688
10,1791554534373,2500,2499,2500,2500,2500,2500,2500,2500,2499,2500,2499,2499,2500,2499,2499,2500,65,0,0,0,0,0,0,21.052631378173828,0,0,0,0,0,28.571430206298828,0,0,48244.378479003906,142794.57318115234,0,404327403520,8589930496,5479141376,114688
9,1791554534383,2500,2499,2500,2500,2500,2500,2500,2500,2499,2500,2499,2499,2500,2499,2499,2500,65,0,0,0,0,0,0,21.052631378173828,0,0,0,0,0,28.571430206298828,0,0,48244.532470703125,142794.94860839844,0,404327403520,8589930496,5479141376,114688
9,1791554534393,2500,2499,2500,2500,2500,2500,2500,2500,2499,2500,2499,2499,2500,2499,2499,2500,65,0,0,0,0,0,0,21.052631378173828,0,0,0,0,0,28.571430206298828,0,0,48244.69323730469,142795.32635498047,0,404327403520,8589930496,5487566848,114688
9,1791554534403,2500,2499,2500,2500,2500,2500,2500,2500,2499,2500,2499,2499,2500,2499,2499,2500,65,0,0,0,0,0,0,21.052631378173828,0,0,0,0,0,28.571430206298828,0,0,48244.85559082031,142795.70330810547,0,404327403520,8589930496,5487566848,114688
10,1791554534413,2500,2499,2500,2500,2500,2500,2500,2500,2499,2500,2499,2499,2500,2499,2499,2500,65,0,0,0,0,0,0,21.052631378173828,0,0,0,0,0,28.571430206298828,0,0,48245.02752685547,142796.08325195313,0,404327403520,8589930496,5495992320,114688
9,1791554534423,2500,2499,2500,2500,2500,2500,2500,2500,2499,2500,2499,2499,2500,2499,2499,2500,65,0,0,0,0,0,0,21.052631378173828,0,0,0,0,0,28.571430206298828,0,0,48245.184814453125,142796.45904541016,0,404327403520,8589930496,5495992320,114688
10,1791554534433,2500,2499,2500,2500,2500,2500,2500,2500,2499,2500,2499,2499,2500,2499,2499,2500,65,0,0,0,0,0,0,21.052631378173828,0,0,0,0,0,28.571430206298828,0,0,48245.33856201172,142796.83184814453,0,404327403520,8589930496,5495992320,114688
9,1791554534443,2500,2499,2500,2500,2500,2500,2500,2500,2499,2500,2499,2499,2500,2499,2499,2500,65,0,0,0,0,0,0,21.052631378173828,0,0,0,0,0,28.571430206298828,0,0,48245.49560546875,142797.20989990234,0,404327403520,8589930496,5495992320,114688
9,1791554534453,2500,2499,2500,2500,2500,2500,2500,2500,2499,2500,2499,2499,2500,2499,2499,2500,5,0,5,0,5,0,0,5.263157844543457,0,0,0,0,0,94.73684692382813,5.263157844543457,0,48245.654357910156,142797.58374023438,0,404327403520,8589930496,5495992320,114688
9,1791554534464,2500,2499,2500,2500,2500,2500,2500,2500,2499,2500,2499,2499,2500,2499,2499,2500,5,0,5,0,5,0,0,5.263157844543457,0,0,0,0,0,94.73684692382813,5.263157844543457,0,48245.827392578125,142797.9969482422,0,404327403520,8589930496,5495992320,114688
9,1791554534474,2500,2499,2500,2500,2500,2500,2500,2500,2499,2500,2499,2499,2500,2499,2499,2500,5,0,5,0,5,0,0,5.263157844543457,0,0,0,0,0,94.73684692382813,5.263157844543457,0,48245.96691894531,142798.3355102539,0,404327403520,8589930496,5495992320,114688
10,1791554534484,2500,2499,2500,2500,2500,2500,2500,2500,2499,2500,2499,2499,2500,2499,2499,2500,5,0,5,0,5,0,0,5.263157844543457,0,0,0,0,0,94.73684692382813,5.263157844543457,0,48246.12561035156,142798.70977783203,0,404327403520,8589930496,5495992320,114688
9,1791554534494,2500,2499,2500,2500,2500,2500,2500,2500,2499,2500,2499,2499,2500,2499,2499,2500,5,0,5,0,5,0,0,5.263157844543457,0,0,0,0,0,94.73684692382813,5.263157844543457,0,48246.300842285156,142799.12127685547,0,404327403520,8589930496,5495992320,114688
9,1791554534504,2500,2499,2500,2500,2500,2500,2500,2500,2499,2500,2499,2499,2500,2499,2499,2500,5,0,5,0,5,0,0,5.263157844543457,0,0,0,0,0,94.73684692382813,5.263157844543457,0,48246.45886230469,142799.49548339844,0,404327403520,8589930496,5495992320,114688
9,1791554534514,2500,2499,2500,2500,2500,2500,2500,2500,2499,2500,2499,2499,2500,2499,2499,2500,5,0,5,0,5,0,0,5.263157844543457,0,0,0,0,0,94.73684692382813,5.263157844543457,0,48246.622009277344,142799.8720703125,0,404327403520,8589930496,5495992320,114688
9,1791554534524,2500,2499,2500,2500,2500,2500,2500,2500,2499,2500,2499,2499,2500,2499,2499,2500,5,0,5,0,5,0,0,5.263157844543457,0,0,0,0,0,94.73684692382813,5.263157844543457,0,48246.776916503906,142800.24865722656,0,404327403520,8589930496,5495992320,114688
10,1791554534534,2500,2499,2500,2500,2500,2500,2500,2500,2499,2500,2499,2499,2500,2499,2499,2500,5,0,5,0,5,0,0,5.263157844543457,0,0,0,0,0,94.73684692382813,5.263157844543457,0,48246.93225097656,142800.62432861328,0,404327403520,8589930496,5495992320,114688
9,1791554534544,2500,2499,2500,2500,2500,2500,2500,2500,2499,2500,2499,2499,2500,2499,2499,2500,5,0,5,0,5,0,0,5.263157844543457,0,0,0,0,0,94.73684692382813,5.263157844543457,0,48247.085693359375,142800.99877929688,0,404327403520,8589930496,5495992320,114688
10,1791554534554,2500,2499,2500,2500,2500,2500,2500,2500,2499,2500,2499,2499,2500,2499,2499,2500,5,0,5,0,5,0,0,5.263157844543457,0,0,0,0,0,94.73684692382813,5.263157844543457,0,48247.256103515625,142801.3790283203,0,404327403520,8589930496,5495992320,114688
9,1791554534564,2500,2499,2500,2500,2500,2500,2500,2500,2499,2500,2499,2499,2500,2499,2499,2500,5,0,5,0,5,0,0,5.263157844543457,0,0,0,0,0,94.73684692382813,5.263157844543457,0,48247.41845703125,142801.75646972656,0,404327403520,8589930496,5495992320,114688
9,1791554534574,2500,2499,2500,2500,2500,2500,2500,2500,2499,2500,2499,2499,2500,2499,2499,2500,5,0,5,0,5,0,0,5.263157844543457,0,0,0,0,0,94.73684692382813,5.263157844543457,0,48247.58288574219,142802.13482666016,0,404327403520,8589930496,5503922176,114688
9,1791554534584,2500,2499,2500,2500,2500,2500,2500,2500,2499,2500,2499,2499,2500,2499,2499,2500,5,0,5,0,5,0,0,5.263157844543457,0,0,0,0,0,94.73684692382813,5.263157844543457,0,48247.744567871094,142802.51239013672,0,404327403520,8589930496,5503922176,114688
9,1791554534594,2500,2499,2500,2500,2500,2500,2500,2500,2499,2500,2499,2499,2500,2499,2499,2500,5,0,5,0,5,0,0,5.263157844543457,0,0,0,0,0,94.73684692382813,5.263157844543457,0,48247.90399169922,142802.88793945313,0,404327403520,8589930496,5503922176,114688
9,1791554534605,2500,2499,2500,2500,2500,2500,2500,2500,2499,2500,2499,2499,2500,2499,2499,2500,5,0,5,0,5,0,0,5.263157844543457,0,0,0,0,0,94.73684692382813,5.263157844543457,0,48248.071716308594,142803.26593017578,0,404327403520,8589930496,5503922176,114688
10,1791554534615,2500,2499,2500,2500,2500,2500,2500,2500,2499,2500,2499,2499,2500,2499,2499,2500,5,0,5,0,5,0,0,5.263157844543457,0,0,0,0,0,94.73684692382813,5.263157844543457,0,48248.21160888672,142803.642578125,0,404327403520,8589930496,5504913408,114688
9,1791554534625,2500,2499,2500,2500,2500,2500,2500,2500,2499,2500,2499,2499,2500,2499,2499,2500,5,0,5,0,5,0,0,5.263157844543457,0,0,0,0,0,94.73684692382813,5.263157844543457,0,48248.38488769531,142804.05560302734,0,404327403520,8589930496,5504913408,114688
9,1791554534635,2500,2499,2500,2500,2500,2500,2500,2500,2499,2500,2499,2499,2500,2499,2499,2500,5,0,5,0,5,0,0,5.263157844543457,0,0,0,0,0,94.73684692382813,5.263157844543457,0,48248.539123535156,142804.4326171875,0,404327403520,8589930496,5505904640,114688
9,1791554534645,2500,2499,2500,2500,2500,2500,2500,2500,2499,2500,2499,2499,2500,2499,2499,2500,5,0,5,0,5,0,0,5.263157844543457,0,0,0,0,0,94.73684692382813,5.263157844543457,0,48248.704040527344,142804.81091308594,0,404327403520,8589930496,5507887104,114688
9,1791554534655,2500,2499,2500,2500,2500,2500,2500,2500,2499,2500,2499,2499,2500,2499,2499,2500,0,0,0,0,0,0,0,10,0,0,0,0,0,100,0,0,48248.860778808594,142805.18756103516,0,404327403520,8589930496,5508878336,114688
9,1791554534665,2500,2499,2500,2500,2500,2500,2500,2500,2499,2500,2499,2499,2500,2499,2499,2500,0,0,0,0,0,0,0,10,0,0,0,0,0,100,0,0,48249.017333984375,142805.56372070313,0,404327403520,8589930496,5508878336,114688
9,1791554534675,2500,2499,2500,2500,2500,2500,2500,2500,2499,2500,2499,2499,2500,2499,2499,2500,0,0,0,0,0,0,0,10,0,0,0,0,0,100,0,0,48249.175231933594,142805.9422607422,0,404327403520,8589930496,5510365184,114688
9,1791554534685,2500,2499,2500,2500,2500,2500,2500,2500,2499,2500,2499,2499,2500,2499,2499,2500,0,0,0,0,0,0,0,10,0,0,0,0,0,100,0,0,48249.3369140625,142806.3182373047,0,404327403520,8589930496,5512347648,114688
9,1791554534695,2500,2499,2500,2500,2500,2500,2500,2500,2499,2500,2499,2499,2500,2499,2499,2500,0,0,0,0,0,0,0,10,0,0,0,0,0,100,0,0,48249.494689941406,142806.69500732422,0,404327403520,8589930496,5512347648,114688
9,1791554534705,2500,2499,2500,2500,2500,2500,2500,2500,2499,2500,2499,2499,2500,2499,2499,2500,0,0,0,0,0,0,0,10,0,0,0,0,0,100,0,0,48249.65234375,142807.07250976563,0,404327403520,8589930496,5512347648,114688
9,1791554534715,2500,2499,2500,2500,2500,2500,2500,2500,2499,2500,2499,2499,2500,2499,2499,2500,0,0,0,0,0,0,0,10,0,0,0,0,0,100,0,0,48249.81091308594,142807.44970703125,0,404327403520,8589930496,5512347648,114688
10,1791554534725,2500,2499,2500,2500,2500,2500,2500,2500,2499,2500,2499,2499,2500,2499,2499,2500,0,0,0,0,0,0,0,10,0,0,0,0,0,100,0,0,48249.96466064453,142807.82592773438,0,404327403520,8589930496,5512347648,114688
10,1791554534735,2500,2499,2500,2500,2500,2500,2500,2500,2499,2500,2499,2499,2500,2499,2499,2500,0,0,0,0,0,0,0,10,0,0,0,0,0,100,0,0,48250.126708984375,142808.20098876953,0,404327403520,8589930496,5512347648,114688
10,1791554534745,2500,2499,2500,2500,2500,2500,2500,2500,2499,2500,2499,2499,2500,2499,2499,2500,0,0,0,0,0,0,0,10,0,0,0,0,0,100,0,0,48250.28253173828,142808.57739257813,0,404327403520,8589930496,5512347648,114688
10,1791554534755,2500,2499,2500,2500,2500,2500,2500,2500,2499,2500,2499,2499,2500,2499,2499,2500,0,0,0,0,0,0,0,10,0,0,0,0,0,100,0,0,48250.43981933594,142808.95379638672,0,404327403520,8589930496,5512347648,114688
10,1791554534765,2500,2499,2500,2500,2500,2500,2500,2500,2499,2500,2499,2499,2500,2499,2499,2500,0,0,0,0,0,0,0,10,0,0,0,0,0,100,0,0,48250.59033203125,142809.32861328125,0,404327403520,8589930496,5512347648,114688
10,1791554534776,2500,2499,2500,2500,2500,2500,2500,2500,2499,2500,2499,2499,2500,2499,2499,2500,0,0,0,0,0,0,0,10,0,0,0,0,0,100,0,0,48250.744689941406,142809.7052001953,0,404327403520,8589930496,5512347648,114688
9,1791554534786,2500,2499,2500,2500,2500,2500,2500,2500,2499,2500,2499,2499,2500,2499,2499,2500,0,0,0,0,0,0,0,10,0,0,0,0,0,100,0,0,48250.902893066406,142810.08099365234,0,404327403520,8589930496,5512347648,114688
10,1791554534796,2500,2499,2500,2500,2500,2500,2500,2500,2499,2500,2499,2499,2500,2499,2499,2500,0,0,0,0,0,0,0,10,0,0,0,0,0,100,0,0,48251.05743408203,142810.45623779297,0,404327403520,8589930496,5512347648,114688
10,1791554534806,2500,2499,2500,2500,2500,2500,2500,2500,2499,2500,2499,2499,2500,2499,2499,2500,0,0,0,0,0,0,0,10,0,0,0,0,0,100,0,0,48251.214111328125,142810.83422851563,0,404327403520,8589930496,5512347648,114688
10,1791554534816,2500,2499,2500,2500,2500,2500,2500,2500,2499,2500,2499,2499,2500,2499,2499,2500,0,0,0,0,0,0,0,10,0,0,0,0,0,100,0,0,48251.38446044922,142811.21392822266,0,404327403520,8589930496,5512347648,114688
10,1791554534826,2500,2499,2500,2500,2500,2500,2500,2500,2499,2500,2499,2499,2500,2499,2499,2500,0,0,0,0,0,0,0,10,0,0,0,0,0,100,0,0,48251.54132080078,142811.59143066406,0,404327403520,8589930496,5512347648,114688
10,1791554534836,2500,2499,2500,2500,2500,2500,2500,2500,2499,2500,2499,2499,2500,2499,2499,2500,0,0,0,0,0,0,0,10,0,0,0,0,0,100,0,0,48251.69549560547,142811.9682006836,0,404327403520,8589930496,5512347648,114688
10,1791554534846,2500,2499,2500,2500,2500,2500,2500,2500,2499,2500,2499,2499,2500,2499,2499,2500,0,0,0,0,0,0,0,10,0,0,0,0,0,100,0,0,48251.855224609375,142812.3448486328,0,404327403520,8589930496,5512347648,114688
10,1791554534856,2500,2499,2500,2500,2500,2500,2500,2500,2499,2500,2499,2499,2500,2499,2499,2500,0,0,0,0,5,0,0,5.263157844543457,4.761904716491699,0,0,0,0,100,0,0,48252.02606201172,142812.75756835938,0,404327403520,8589930496,5512347648,114688
9,1791554534866,2500,2499,2500,2500,2500,2500,2500,2500,2499,2500,2499,2499,2500,2499,2499,2500,0,0,0,0,5,0,0,5.263157844543457,4.761904716491699,0,0,0,0,100,0,0,48252.178466796875,142813.13513183594,0,404327403520,8589930496,5512347648,114688
10,1791554534876,2500,2499,2500,2500,2500,2500,2500,2500,2499,2500,2499,2499,2500,2499,2499,2500,0,0,0,0,5,0,0,5.263157844543457,4.761904716491699,0,0,0,0,100,0,0,48252.32861328125,142813.51165771484,0,404327403520,8589930496,5512347648,114688
10,1791554534886,2500,2499,2500,2500,2500,2500,2500,2500,2499,2500,2499,2499,2500,2499,2499,2500,0,0,0,0,5,0,0,5.263157844543457,4.761904716491699,0,0,0,0,100,0,0,48252.48223876953,142813.88836669922,0,404327403520,8589930496,5512347648,114688
10,1791554534896,2500,2499,2500,2500,2500,2500,2500,2500,2499,2500,2499,2499,2500,2499,2499,2500,0,0,0,0,5,0,0,5.263157844543457,4.761904716491699,0,0,0,0,100,0,0,48252.63610839844,142814.2635498047,0,404327403520,8589930496,5512347648,114688
10,1791554534906,2500,2499,2500,2500,2500,2500,2500,2500,2499,2500,2499,2499,2500,2499,2499,2500,0,0,0,0,5,0,0,5.263157844543457,4.761904716491699,0,0,0,0,100,0,0,48252.79357910156,142814.63842773438,0,404327403520,8589930496,5512347648,114688
10,1791554534916,2500,2499,2500,2500,2500,2500,2500,2500,2499,2500,2499,2499,2500,2499,2499,2500,0,0,0,0,5,0,0,5.263157844543457,4.761904716491699,0,0,0,0,100,0,0,48252.94940185547,142815.01293945313,0,404327403520,8589930496,5512347648,114688
10,1791554534926,2500,2499,2500,2500,2500,2500,2500,2500,2499,2500,2499,2499,2500,2499,2499,2500,0,0,0,0,5,0,0,5.263157844543457,4.761904716491699,0,0,0,0,100,0,0,48253.108154296875,142815.38916015625,0,404327403520,8589930496,5512347648,114688
10,1791554534936,2500,2499,2500,2500,2500,2500,2500,2500,2499,2500,2499,2499,2500,2499,2499,2500,0,0,0,0,5,0,0,5.263157844543457,4.761904716491699,0,0,0,0,100,0,0,48253.26257324219,142815.76538085938,0,404327403520,8589930496,5512347648,114688
10,1791554534947,2500,2499,2500,2500,2500,2500,2500,2500,2499,2500,2499,2499,2500,2499,2499,2500,0,0,0,0,5,0,0,5.263157844543457,4.761904716491699,0,0,0,0,100,0,0,48253.416015625,142816.14111328125,0,404327403520,8589930496,5512347648,114688
10,1791554534957,2500,2499,2500,2500,2500,2500,2500,2500,2499,2500,2499,2499,2500,2499,2499,2500,0,0,0,0,5,0,0,5.263157844543457,4.761904716491699,0,0,0,0,100,0,0,48253.57147216797,142816.5186767578,0,404327403520,8589930496,5512347648,114688
9,1791554534967,2500,2499,2500,2500,2500,2500,2500,2500,2499,2500,2499,2499,2500,2499,2499,2500,0,0,0,0,5,0,0,5.263157844543457,4.761904716491699,0,0,0,0,100,0,0,48253.72802734375,142816.8946533203,0,404327403520,8589930496,5512347648,114688
10,1791554534977,2500,2499,2500,2500,2500,2500,2500,2500,2499,2500,2499,2499,2500,2499,2499,2500,0,0,0,0,5,0,0,5.263157844543457,4.761904716491699,0,0,0,0,100,0,0,48253.885009765625,142817.26733398438,0,404327403520,8589930496,5512347648,114688
10,1791554534987,2500,2499,2500,2500,2500,2500,2500,2500,2499,2500,2499,2499,2500,2499,2499,2500,0,0,0,0,5,0,0,5.263157844543457,4.761904716491699,0,0,0,0,100,0,0,48254.044677734375,142817.64489746094,0,404327403520,8589930496,5512347648,114688
10,1791554534997,2500,2499,2500,2500,2500,2500,2500,2500,2499,2500,2499,2499,2500,2499,2499,2500,0,0,0,0,5,0,0,5.263157844543457,4.761904716491699,0,0,0,0,100,0,0,48254.195373535156,142818.01959228516,0,404327403520,8589930496,5512347648,114688
10,1791554535007,2500,2499,2500,2500,2500,2500,2500,2500,2499,2500,2499,2499,2500,2499,2499,2500,0,0,0,0,5,0,0,5.263157844543457,4.761904716491699,0,0,0,0,100,0,0,48254.354553222656,142818.3955078125,0,404327403520,8589930496,5512347648,114688
10,1791554535017,2500,2499,2500,2500,2500,2500,2500,2500,2499,2500,2499,2499,2500,2499,2499,2500,0,0,0,0,5,0,0,5.263157844543457,4.761904716491699,0,0,0,0,100,0,0,48254.51641845703,142818.77197265625,0,404327403520,8589930496,5512347648,114688
10,1791554535027,2500,2499,2500,2500,2500,2500,2500,2500,2499,2500,2499,2499,2500,2499,2499,2500,0,0,0,0,5,0,0,5.263157844543457,4.761904716491699,0,0,0,0,100,0,0,48254.672912597656,142819.14880371094,0,404327403520,8589930496,5512347648,114688
10,1791554535037,2500,2499,2500,2500,2500,2500,2500,2500,2499,2500,2499,2499,2500,2499,2499,2500,0,0,0,0,5,0,0,5.263157844543457,4.761904716491699,0,0,0,0,100,0,0,48254.82745361328,142819.52307128906,0,404327403520,8589930496,5512347648,114688
10,1791554535047,2500,2499,2500,2500,2500,2500,2500,2500,2499,2500,2499,2499,2500,2499,2499,2500,0,0,0,0,5,0,0,5.263157844543457,4.761904716491699,0,0,0,0,100,0,0,48254.989013671875,142819.89935302734,0,404327403520,8589930496,5512347648,114688
10,1791554535057,2500,2499,2500,2500,2500,2500,2500,2500,2499,2500,2499,2499,2500,2499,2499,2500,5,0,0,5,0,0,0,10.526315689086914,0,0,0,0,4.761904716491699,100,0,0,48255.16076660156,142820.31317138672,0,404327403520,8589930496,5512347648,114688
10,1791554535067,2500,2499,2500,2500,2500,2500,2500,2500,2499,2500,2499,2499,2500,2499,2499,2500,5,0,0,5,0,0,0,10.526315689086914,0,0,0,0,4.761904716491699,100,0,0,48255.311767578125,142820.69207763672,0,404327403520,8589930496,5512347648,114688
10,1791554535077,2500,2499,2500,2500,2500,2500,2500,2500,2499,2500,2499,2499,2500,2499,2499,2500,5,0,0,5,0,0,0,10.526315689086914,0,0,0,0,4.761904716491699,100,0,0,48255.50256347656,142821.08251953125,0,404327403520,8589930496,5512347648,114688
10,1791554535087,2500,2499,2500,2500,2500,2500,2500,2500,2499,2500,2499,2499,2500,2499,2499,2500,5,0,0,5,0,0,0,10.526315689086914,0,0,0,0,4.761904716491699,100,0,0,48255.71569824219,142821.47650146484,0,404327403520,8589930496,5512089600,114688
10,1791554535097,2500,2499,2500,2500,2500,2500,2500,2500,2499,2500,2499,2499,2500,2499,2499,2500,5,0,0,5,0,0,0,10.526315689086914,0,0,0,0,4.761904716491699,100,0,0,48255.923828125,142821.8748779297,0,404327403520,8589930496,5512089600,114688
10,1791554535107,2500,2499,2500,2500,2500,2500,2500,2500,2499,2500,2499,2499,2500,2499,2499,2500,5,0,0,5,0,0,0,10.526315689086914,0,0,0,0,4.761904716491699,100,0,0,48256.13073730469,142822.27587890625,0,404327403520,8589930496,5512089600,114688
10,1791554535118,2500,2499,2500,2500,2500,2500,2500,2500,2499,2500,2499,2499,2500,2499,2499,2500,5,0,0,5,0,0,0,10.526315689086914,0,0,0,0,4.761904716491699,100,0,0,48256.342224121094,142822.6680908203,0,404327403520,8589930496,5512089600,114688
10,1791554535128,2500,2499,2500,2500,2500,2500,2500,2500,2499,2500,2499,2499,2500,2499,2499,2500,5,0,0,5,0,0,0,10.526315689086914,0,0,0,0,4.761904716491699,100,0,0,48256.55456542969,142823.0654296875,0,404327403520,8589930496,5512089600,114688
9,1791554535138,2500,2499,2500,2500,2500,2500,2500,2500,2499,2500,2499,2499,2500,2499,2499,2500,5,0,0,5,0,0,0,10.526315689086914,0,0,0,0,4.761904716491699,100,0,0,48256.718505859375,142823.44952392578,0,404327403520,8589930496,5512089600,114688
10,1791554535148,2500,2499,2500,2500,2500,2500,2500,2500,2499,2500,2499,2499,2500,2499,2499,2500,5,0,0,5,0,0,0,10.526315689086914,0,0,0,0,4.761904716491699,100,0,0,48256.87707519531,142823.81866455078,0,404327403520,8589930496,5502660608,114688
10,1791554535158,2500,2499,2500,2500,2500,2500,2500,2500,2499,2500,2499,2499,2500,2499,2499,2500,5,0,0,5,0,0,0,10.526315689086914,0,0,0,0,4.761904716491699,100,0,0,48257.04180908203,142824.20111083984,0,404327403520,8589930496,5502660608,114688
10,1791554535168,2500,2499,2500,2500,2500,2500,2500,2500,2499,2500,2499,2499,2500,2499,2499,2500,5,0,0,5,0,0,0,10.526315689086914,0,0,0,0,4.761904716491699,100,0,0,48257.20098876953,142824.57788085938,0,404327403520,8589930496,5502660608,114688
10,1791554535178,2500,2499,2500,2500,2500,2500,2500,2500,2499,2500,2499,2499,2500,2499,2499,2500,5,0,0,5,0,0,0,10.526315689086914,0,0,0,0,4.761904716491699,100,0,0,48257.363220214844,142824.9539794922,0,404327403520,8589930496,5502660608,114688
10,1791554535188,2500,2499,2500,2500,2500,2500,2500,2500,2499,2500,2499,2499,2500,2499,2499,2500,5,0,0,5,0,0,0,10.526315689086914,0,0,0,0,4.761904716491699,100,0,0,48257.525634765625,142825.3289794922,0,404327403520,8589930496,5506129920,114688
10,1791554535198,2500,2499,2500,2500,2500,2500,2500,2500,2499,2500,2499,2499,2500,2499,2499,2500,5,0,0,5,0,0,0,10.526315689086914,0,0,0,0,4.761904716491699,100,0,0,48257.68469238281,142825.70703125,0,404327403520,8589930496,5506129920,114688
10,1791554535208,2500,2499,2500,2500,2500,2500,2500,2500,2499,2500,2499,2499,2500,2499,2499,2500,5,0,0,5,0,0,0,10.526315689086914,0,0,0,0,4.761904716491699,100,0,0,48257.847229003906,142826.08489990234,0,404327403520,8589930496,5510590464,114688
10,1791554535218,2500,2499,2500,2500,2500,2500,2500,2500,2499,2500,2499,2499,2500,2499,2499,2500,5,0,0,5,0,0,0,10.526315689086914,0,0,0,0,4.761904716491699,100,0,0,48258.003479003906,142826.45666503906,0,404327403520,8589930496,5510590464,114688
10,1791554535228,2500,2499,2500,2500,2500,2500,2500,2500,2499,2500,2499,2499,2500,2499,2499,2500,5,0,0,5,0,0,0,10.526315689086914,0,0,0,0,4.761904716491699,100,0,0,48258.163818359375,142826.8338623047,0,404327403520,8589930496,5518520320,114688
10,1791554535238,2500,2499,2500,2500,2500,2500,2500,2500,2499,2500,2499,2499,2500,2499,2499,2500,5,0,0,5,0,0,0,10.526315689086914,0,0,0,0,4.761904716491699,100,0,0,48258.31677246094,142827.20825195313,0,404327403520,8589930496,5518520320,114688
10,1791554535248,2500,2499,2500,2500,2500,2500,2500,2500,2499,2500,2499,2499,2500,2499,2499,2500,5,0,0,5,0,0,0,10.526315689086914,0,0,0,0,4.761904716491699,100,0,0,48258.478088378906,142827.58563232422,0,404327403520,8589930496,5518520320,114688
10,1791554535258,2500,2499,2500,2500,2500,2500,2500,2500,2499,2500,2499,2499,2500,2499,2499,2500,0,4.761904716491699,0,0,0,0,0,5.263157844543457,0,0,0,0,0,100,0,0,48258.651306152344,142827.9979248047,0,404327403520,8589930496,5518520320,114688
10,1791554535268,2500,2499,2500,2500,2500,2500,2500,2500,2499,2500,2499,2499,2500,2499,2499,2500,0,4.761904716491699,0,0,0,0,0,5.263157844543457,0,0,0,0,0,100,0,0,48258.79229736328,142828.3422241211,0,404327403520,8589930496,5526945792,114688
10,1791554535278,2500,2499,2500,2500,2500,2500,2500,2500,2499,2500,2499,2499,2500,2499,2499,2500,0,4.761904716491699,0,0,0,0,0,5.263157844543457,0,0,0,0,0,100,0,0,48258.96514892578,142828.75091552734,0,404327403520,8589930496,5526945792,114688
10,1791554535289,2500,2499,2500,2500,2500,2500,2500,2500,2499,2500,2499,2499,2500,2499,2499,2500,0,4.761904716491699,0,0,0,0,0,5.263157844543457,0,0,0,0,0,100,0,0,48259.12463378906,142829.12811279297,0,404327403520,8589930496,5526945792,114688
9,1791554535299,2500,2499,2500,2500,2500,2500,2500,2500,2499,2500,2499,2499,2500,2499,2499,2500,0,4.761904716491699,0,0,0,0,0,5.263157844543457,0,0,0,0,0,100,0,0,48259.28125,142829.50579833984,0,404327403520,8589930496,5526945792,114688
10,1791554535309,2500,2499,2500,2500,2500,2500,2500,2500,2499,2500,2499,2499,2500,2499,2499,2500,0,4.761904716491699,0,0,0,0,0,5.263157844543457,0,0,0,0,0,100,0,0,48259.439697265625,142829.88250732422,0,404327403520,8589930496,5526945792,114688
10,1791554535319,2500,2499,2500,2500,2500,2500,2500,2500,2499,2500,2499,2499,2500,2499,2499,2500,0,4.761904716491699,0,0,0,0,0,5.263157844543457,0,0,0,0,0,100,0,0,48259.59826660156,142830.2583618164,0,404327403520,8589930496,5535371264,114688
10,1791554535329,2500,2499,2500,2500,2500,2500,2500,2500,2499,2500,2499,2499,2500,2499,2499,2500,0,4.761904716491699,0,0,0,0,0,5.263157844543457,0,0,0,0,0,100,0,0,48259.756591796875,142830.6358642578,0,404327403520,8589930496,5535371264,114688
10,1791554535339,2500,2499,2500,2500,2500,2500,2500,2500,2499,2500,2499,2499,2500,2499,2499,2500,0,4.761904716491699,0,0,0,0,0,5.263157844543457,0,0,0,0,0,100,0,0,48259.91955566406,142831.01055908203,0,404327403520,8589930496,5535371264,114688
10,1791554535349,2500,2499,2500,2500,2500,2500,2500,2500,2499,2500,2499,2499,2500,2499,2499,2500,0,4.761904716491699,0,0,0,0,0,5.263157844543457,0,0,0,0,0,100,0,0,48260.082580566406,142831.38690185547,0,404327403520,8589930496,5535371264,114688
10,1791554535359,2500,2499,2500,2500,2500,2500,2500,2500,2499,2500,2499,2499,2500,2499,2499,2500,0,4.761904716491699,0,0,0,0,0,5.263157844543457,0,0,0,0,0,100,0,0,48260.239318847656,142831.76458740234,0,404327403520,8589930496,5543301120,114688
10,1791554535369,2500,2499,2500,2500,2500,2500,2500,2500,2499,2500,2499,2499,2500,2499,2499,2500,0,4.761904716491699,0,0,0,0,0,5.263157844543457,0,0,0,0,0,100,0,0,48260.399353027344,142832.13970947266,0,404327403520,8589930496,5543301120,114688
10,1791554535379,2500,2499,2500,2500,2500,2500,2500,2500,2499,2500,2499,2499,2500,2499,2499,2500,0,4.761904716491699,0,0,0,0,0,5.263157844543457,0,0,0,0,0,100,0,0,48260.553161621094,142832.51635742188,0,404327403520,8589930496,5543301120,114688
10,1791554535389,2500,2499,2500,2500,2500,2500,2500,2500,2499,2500,2499,2499,2500,2499,2499,2500,0,4.761904716491699,0,0,0,0,0,5.263157844543457,0,0,0,0,0,100,0,0,48260.71374511719,142832.8931274414,0,404327403520,8589930496,5543301120,114688
10,1791554535399,2500,2499,2500,2500,2500,2500,2500,2500,2499,2500,2499,2499,2500,2499,2499,2500,0,4.761904716491699,0,0,0,0,0,5.263157844543457,0,0,0,0,0,100,0,0,48260.87255859375,142833.2694091797,0,404327403520,8589930496,5551726592,114688
10,1791554535409,2500,2499,2500,2500,2500,2500,2500,2500,2499,2500,2499,2499,2500,2499,2499,2500,0,4.761904716491699,0,0,0,0,0,5.263157844543457,0,0,0,0,0,100,0,0,48261.03680419922,142833.64428710938,0,404327403520,8589930496,5551726592,114688
10,1791554535419,2500,2499,2500,2500,2500,2500,2500,2500,2499,2500,2499,2499,2500,2499,2499,2500,0,4.761904716491699,0,0,0,0,0,5.263157844543457,0,0,0,0,0,100,0,0,48261.19323730469,142834.0210571289,0,404327403520,8589930496,5551726592,114688
10,1791554535429,2500,2499,2500,2500,2500,2500,2500,2500,2499,2500,2499,2499,2500,2499,2499,2500,0,4.761904716491699,0,0,0,0,0,5.263157844543457,0,0,0,0,0,100,0,0,48261.35430908203,142834.39990234375,0,404327403520,8589930496,5551726592,114688
10,1791554535439,2500,2499,2500,2500,2500,2500,2500,2500,2499,2500,2499,2499,2500,2499,2499,2500,0,4.761904716491699,0,0,0,0,0,5.263157844543457,0,0,0,0,0,100,0,0,48261.514892578125,142834.7735595703,0,404327403520,8589930496,5551726592,114688
10,1791554535449,2500,2499,2500,2500,2500,2500,2500,2500,2499,2500,2499,2499,2500,2499,2499,2500,0,4.761904716491699,0,0,0,0,0,5.263157844543457,0,0,0,0,0,100,0,0,48261.67565917969,142835.15203857422,0,404327403520,8589930496,5560152064,114688
10,1791554535460,2500,2499,2500,2500,2500,2500,2500,2500,2499,2500,2499,2499,2500,2499,2499,2500,0,0,0,0,0,5,0,10,0,0,0,0,0,100,0,0,48261.856994628906,142835.56518554688,0,404327403520,8589930496,5560152064,114688
9,1791554535470,2500,2499,2500,2500,2500,2500,2500,2500,2499,2500,2499,2499,2500,2499,2499,2500,0,0,0,0,0,5,0,10,0,0,0,0,0,100,0,0,48262.01940917969,142835.9429321289,0,404327403520,8589930496,5560152064,114688
10,1791554535480,2500,2499,2500,2500,2500,2500,2500,2500,2499,2500,2499,2499,2500,2499,2499,2500,0,0,0,0,0,5,0,10,0,0,0,0,0,100,0,0,48262.17712402344,142836.31860351563,0,404327403520,8589930496,5560152064,114688
10,1791554535490,2500,2499,2500,2500,2500,2500,2500,2500,2499,2500,2499,2499,2500,2499,2499,2500,0,0,0,0,0,5,0,10,0,0,0,0,0,100,0,0,48262.33514404297,142836.69439697266,0,404327403520,8589930496,5568081920,114688
10,1791554535500,2500,2499,2500,2500,2500,2500,2500,2500,2499,2500,2499,2499,2500,2499,2499,2500,0,0,0,0,0,5,0,10,0,0,0,0,0,100,0,0,48262.493896484375,142837.07061767578,0,404327403520,8589930496,5568081920,114688
10,1791554535510,2500,2499,2500,2500,2500,2500,2500,2500,2499,2500,2499,2499,2500,2499,2499,2500,0,0,0,0,0,5,0,10,0,0,0,0,0,100,0,0,48262.64971923828,142837.44665527344,0,404327403520,8589930496,5568081920,114688
10,1791554535520,2500,2499,2500,2500,2500,2500,2500,2500,2499,2500,2499,2499,2500,2499,2499,2500,0,0,0,0,0,5,0,10,0,0,0,0,0,100,0,0,48262.80694580078,142837.82342529297,0,404327403520,8589930496,5568081920,114688
10,1791554535530,2500,2499,2500,2500,2500,2500,2500,2500,2499,2500,2499,2499,2500,2499,2499,2500,0,0,0,0,0,5,0,10,0,0,0,0,0,100,0,0,48262.96368408203,142838.2015991211,0,404327403520,8589930496,5568081920,114688
10,1791554535540,2500,2499,2500,2500,2500,2500,2500,2500,2499,2500,2499,2499,2500,2499,2499,2500,0,0,0,0,0,5,0,10,0,0,0,0,0,100,0,0,48263.124084472656,142838.5780029297,0,404327403520,8589930496,5576507392,114688
9,1791554535550,2500,2499,2500,2500,2500,2500,2500,2500,2499,2500,2499,2499,2500,2499,2499,2500,0,0,0,0,0,5,0,10,0,0,0,0,0,100,0,0,48263.287841796875,142838.95336914063,0,404327403520,8589930496,5584932864,114688
10,1791554535560,2500,2499,2500,2500,2500,2500,2500,2500,2499,2500,2499,2499,2500,2499,2499,2500,0,0,0,0,0,5,0,10,0,0,0,0,0,100,0,0,48263.44226074219,142839.3296508789,0,404327403520,8589930496,5584932864,114688
10,1791554535570,2500,2499,2500,2500,2500,2500,2500,2500,2499,2500,2499,2499,2500,2499,2499,2500,0,0,0,0,0,5,0,10,0,0,0,0,0,100,0,0,48263.599060058594,142839.7055053711,0,404327403520,8589930496,5584932864,114688
10,1791554535580,2500,2499,2500,2500,2500,2500,2500,2500,2499,2500,2499,2499,2500,2499,2499,2500,0,0,0,0,0,5,0,10,0,0,0,0,0,100,0,0,48263.75817871094,142840.0838623047,0,404327403520,8589930496,5592862720,114688
9,1791554535590,2500,2499,2500,2500,2500,2500,2500,2500,2499,2500,2499,2499,2500,2499,2499,2500,0,0,0,0,0,5,0,10,0,0,0,0,0,100,0,0,48263.91613769531,142840.46166992188,0,404327403520,8589930496,5592862720,114688
10,1791554535600,2500,2499,2500,2500,2500,2500,2500,2500,2499,2500,2499,2499,2500,2499,2499,2500,0,0,0,0,0,5,0,10,0,0,0,0,0,100,0,0,48264.07177734375,142840.8363647461,0,404327403520,8589930496,5592862720,114688
10,1791554535610,2500,2499,2500,2500,2500,2500,2500,2500,2499,2500,2499,2499,2500,2499,2499,2500,0,0,0,0,0,5,0,10,0,0,0,0,0,100,0,0,48264.23059082031,142841.21319580078,0,404327403520,8589930496,5592862720,114688
10,1791554535620,2500,2499,2500,2500,2500,2500,2500,2500,2499,2500,2499,2499,2500,2499,2499,2500,0,0,0,0,0,5,0,10,0,0,0,0,0,100,0,0,48264.38806152344,142841.5877685547,0,404327403520,8589930496,5601288192,114688
10,1791554535631,2500,2499,2500,2500,2500,2500,2500,2500,2499,2500,2499,2499,2500,2499,2499,2500,0,0,0,0,0,5,0,10,0,0,0,0,0,100,0,0,48264.54443359375,142841.9647216797,0,404327403520,8589930496,5601288192,114688
10,1791554535641,2500,2499,2500,2500,2500,2500,2500,2500,2499,2500,2499,2499,2500,2499,2499,2500,0,0,0,0,0,5,0,10,0,0,0,0,0,100,0,0,48264.704833984375,142842.34381103516,0,404327403520,8589930496,5601288192,114688
10,1791554535651,2500,2499,2500,2500,2500,2500,2500,2500,2499,2500,2499,2499,2500,2499,2499,2500,0,0,0,0,0,5,0,10,0,0,0,0,0,100,0,0,48264.86340332031,142842.72204589844,0,404327403520,8589930496,5601288192,114688
9,1791554535661,2500,2499,2500,2500,2500,2500,2500,2500,2499,2500,2499,2499,2500,2499,2499,2500,0,0,0,0,0,0,0,5.263157844543457,0,0,5,0,0,100,5,0,48265.03479003906,142843.13500976563,0,404327403520,8589930496,5601288192,114688
9,1791554535671,2500,2499,2500,2500,2500,2500,2500,2500,2499,2500,2499,2499,2500,2499,2499,2500,0,0,0,0,0,0,0,5.263157844543457,0,0,5,0,0,100,5,0,48265.18243408203,142843.5137939453,0,404327403520,8589930496,5609713664,114688
10,1791554535681,2500,2499,2500,2500,2500,2500,2500,2500,2499,2500,2499,2499,2500,2499,2499,2500,0,0,0,0,0,0,0,5.263157844543457,0,0,5,0,0,100,5,0,48265.35235595703,142843.89013671875,0,404327403520,8589930496,5609713664,114688
10,1791554535691,2500,2499,2500,2500,2500,2500,2500,2500,2499,2500,2499,2499,2500,2499,2499,2500,0,0,0,0,0,0,0,5.263157844543457,0,0,5,0,0,100,5,0,48265.512268066406,142844.26806640625,0,404327403520,8589930496,5609713664,114688
10,1791554535701,2500,2499,2500,2500,2500,2500,2500,2500,2499,2500,2499,2499,2500,2499,2499,2500,0,0,0,0,0,0,0,5.263157844543457,0,0,5,0,0,100,5,0,48265.672302246094,142844.64630126953,0,404327403520,8589930496,5609713664,114688
10,1791554535711,2500,2499,2500,2500,2500,2500,2500,2500,2499,2500,2499,2499,2500,2499,2499,2500,0,0,0,0,0,0,0,5.263157844543457,0,0,5,0,0,100,5,0,48265.82928466797,142845.02166748047,0,404327403520,8589930496,5617643520,114688
9,1791554535721,2500,2499,2500,2500,2500,2500,2500,2500,2499,2500,2499,2499,2500,2499,2499,2500,0,0,0,0,0,0,0,5.263157844543457,0,0,5,0,0,100,5,0,48265.98693847656,142845.39794921875,0,404327403520,8589930496,5617643520,114688
10,1791554535731,2500,2499,2500,2500,2500,2500,2500,2500,2499,2500,2499,2499,2500,2499,2499,2500,0,0,0,0,0,0,0,5.263157844543457,0,0,5,0,0,100,5,0,48266.147521972656,142845.73565673828,0,404327403520,8589930496,5617643520,114688
10,1791554535741,2500,2499,2500,2500,2500,2500,2500,2500,2499,2500,2499,2499,2500,2499,2499,2500,0,0,0,0,0,0,0,5.263157844543457,0,0,5,0,0,100,5,0,48266.303771972656,142846.1492919922,0,404327403520,8589930496,5617643520,114688
10,1791554535751,2500,2499,2500,2500,2500,2500,2500,2500,2499,2500,2499,2499,2500,2499,2499,2500,0,0,0,0,0,0,0,5.263157844543457,0,0,5,0,0,100,5,0,48266.46057128906,142846.52630615234,0,404327403520,8589930496,5617643520,114688
10,1791554535761,2500,2499,2500,2500,2500,2500,2500,2500,2499,2500,2499,2499,2500,2499,2499,2500,0,0,0,0,0,0,0,5.263157844543457,0,0,5,0,0,100,5,0,48266.61730957031,142846.90325927734,0,404327403520,8589930496,5626068992,114688
10,1791554535771,2500,2499,2500,2500,2500,2500,2500,2500,2499,2500,2499,2499,2500,2499,2499,2500,0,0,0,0,0,0,0,5.263157844543457,0,0,5,0,0,100,5,0,48266.77770996094,142847.27954101563,0,404327403520,8589930496,5626068992,114688
10,1791554535781,2500,2499,2500,2500,2500,2500,2500,2500,2499,2500,2499,2499,2500,2499,2499,2500,0,0,0,0,0,0,0,5.263157844543457,0,0,5,0,0,100,5,0,48266.936950683594,142847.65600585938,0,404327403520,8589930496,5626068992,114688
10,1791554535791,2500,2499,2500,2500,2500,2500,2500,2500,2499,2500,2499,2499,2500,2499,2499,2500,0,0,0,0,0,0,0,5.263157844543457,0,0,5,0,0,100,5,0,48267.10266113281,142848.0321044922,0,404327403520,8589930496,5626068992,114688
10,1791554535802,2500,2499,2500,2500,2500,2500,2500,2500,2499,2500,2499,2499,2500,2499,2499,2500,0,0,0,0,0,0,0,5.263157844543457,0,0,5,0,0,100,5,0,48267.26257324219,142848.4077758789,0,404327403520,8589930496,5634494464,114688
10,1791554535812,2500,2499,2500,2500,2500,2500,2500,2500,2499,2500,2499,2499,2500,2499,2499,2500,0,0,0,0,0,0,0,5.263157844543457,0,0,5,0,0,100,5,0,48267.41931152344,142848.7841796875,0,404327403520,8589930496,5634494464,114688
10,1791554535822,2500,2499,2500,2500,2500,2500,2500,2500,2499,2500,2499,2499,2500,2499,2499,2500,0,0,0,0,0,0,0,5.263157844543457,0,0,5,0,0,100,5,0,48267.579345703125,142849.16082763672,0,404327403520,8589930496,5634494464,114688
10,1791554535832,2500,2499,2500,2500,2500,2500,2500,2500,2499,2500,2499,2499,2500,2499,2499,2500,0,0,0,0,0,0,0,5.263157844543457,0,0,5,0,0,100,5,0,48267.73114013672,142849.5379638672,0,404327403520,8589930496,5634494464,114688
9,1791554535842,2500,2499,2500,2500,2500,2500,2500,2500,2499,2500,2499,2499,2500,2499,2499,2500,0,0,0,0,0,0,0,5.263157844543457,0,0,5,0,0,100,5,0,48267.89031982422,142849.91729736328,0,404327403520,8589930496,5634494464,114688
10,1791554535852,2500,2499,2500,2500,2500,2500,2500,2500,2499,2500,2499,2499,2500,2499,2499,2500,0,0,0,0,0,0,0,5.263157844543457,0,0,5,0,0,100,5,0,48268.04833984375,142850.2914428711,0,404327403520,8589930496,5642424320,114688
10,1791554535862,2500,2499,2500,2500,2500,2500,2500,2500,2499,2500,2499,2499,2500,2499,2499,2500,5,0,0,0,0,0,0,5.555555820465088,0,0,0,0,0,100,5,0,48268.20837402344,142850.66918945313,0,404327403520,8589930496,5642424320,114688
10,1791554535872,2500,2499,2500,2500,2500,2500,2500,2500,2499,2500,2499,2499,2500,2499,2499,2500,5,0,0,0,0,0,0,5.555555820465088,0,0,0,0,0,100,5,0,48268.37078857422,142851.04455566406,0,404327403520,8589930496,5642424320,114688
10,1791554535882,2500,2499,2500,2500,2500,2500,2500,2500,2499,2500,2499,2499,2500,2499,2499,2500,5,0,0,0,0,0,0,5.555555820465088,0,0,0,0,0,100,5,0,48268.550354003906,142851.45965576172,0,404327403520,8589930496,5642424320,114688
10,1791554535892,2500,2499,2500,2500,2500,2500,2500,2500,2499,2500,2499,2499,2500,2499,2499,2500,5,0,0,0,0,0,0,5.555555820465088,0,0,0,0,0,100,5,0,48268.71173095703,142851.83685302734,0,404327403520,8589930496,5650849792,114688
10,1791554535902,2500,2499,2500,2500,2500,2500,2500,2500,2499,2500,2499,2499,2500,2499,2499,2500,5,0,0,0,0,0,0,5.555555820465088,0,0,0,0,0,100,5,0,48268.873046875,142852.21282958984,0,404327403520,8589930496,5650849792,114688
10,1791554535912,2500,2499,2500,2500,2500,2500,2500,2500,2499,2500,2499,2499,2500,2499,2499,2500,5,0,0,0,0,0,0,5.555555820465088,0,0,0,0,0,100,5,0,48269.031982421875,142852.58947753906,0,404327403520,8589930496,5650849792,114688
10,1791554535922,2500,2499,2500,2500,2500,2500,2500,2500,2499,2500,2499,2499,2500,2499,2499,2500,5,0,0,0,0,0,0,5.555555820465088,0,0,0,0,0,100,5,0,48269.190490722656,142852.9642944336,0,404327403520,8589930496,5650849792,114688
10,1791554535932,2500,2499,2500,2500,2500,2500,2500,2500,2499,2500,2499,2499,2500,2499,2499,2500,5,0,0,0,0,0,0,5.555555820465088,0,0,0,0,0,100,5,0,48269.355529785156,142853.3412475586,0,404327403520,8589930496,5659275264,114688
10,1791554535942,2500,2499,2500,2500,2500,2500,2500,2500,2499,2500,2499,2499,2500,2499,2499,2500,5,0,0,0,0,0,0,5.555555820465088,0,0,0,0,0,100,5,0,48269.51318359375,142853.71893310547,0,404327403520,8589930496,5659275264,114688
10,1791554535952,2500,2499,2500,2500,2500,2500,2500,2500,2499,2500,2499,2499,2500,2499,2499,2500,5,0,0,0,0,0,0,5.555555820465088,0,0,0,0,0,100,5,0,48269.67108154297,142854.0951538086,0,404327403520,8589930496,5659275264,114688
10,1791554535962,2500,2499,2500,2500,2500,2500,2500,2500,2499,2500,2499,2499,2500,2499,2499,2500,5,0,0,0,0,0,0,5.555555820465088,0,0,0,0,0,100,5,0,48269.82470703125,142854.4721069336,0,404327403520,8589930496,5659275264,114688
10,1791554535973,2500,2499,2500,2500,2500,2500,2500,2500,2499,2500,2499,2499,2500,2499,2499,2500,5,0,0,0,0,0,0,5.555555820465088,0,0,0,0,0,100,5,0,48269.982360839844,142854.84979248047,0,404327403520,8589930496,5659275264,114688
10,1791554535983,2500,2499,2500,2500,2500,2500,2500,2500,2499,2500,2499,2499,2500,2499,2499,2500,5,0,0,0,0,0,0,5.555555820465088,0,0,0,0,0,100,5,0,48270.143127441406,142855.2230834961,0,404327403520,8589930496,5667205120,114688
10,1791554535993,2500,2499,2500,2500,2500,2500,2500,2500,2499,2500,2499,2499,2500,2499,2499,2500,5,0,0,0,0,0,0,5.555555820465088,0,0,0,0,0,100,5,0,48270.300231933594,142855.59985351563,0,404327403520,8589930496,5667205120,114688
10,1791554536003,2500,2499,2500,2500,2500,2500,2500,2500,2499,2500,2499,2499,2500,2499,2499,2500,5,0,0,0,0,0,0,5.555555820465088,0,0,0,0,0,100,5,0,48270.4560546875,142855.9757080078,0,404327403520,8589930496,5667205120,114688
10,1791554536013,2500,2499,2500,2500,2500,2500,2500,2500,2499,2500,2499,2499,2500,2499,2499,2500,5,0,0,0,0,0,0,5.555555820465088,0,0,0,0,0,100,5,0,48270.616455078125,142856.35418701172,0,404327403520,8589930496,5667205120,114688
9,1791554536023,2500,2499,2500,2500,2500,2500,2500,2500,2499,2500,2499,2499,2500,2499,2499,2500,5,0,0,0,0,0,0,5.555555820465088,0,0,0,0,0,100,5,0,48270.776123046875,142856.7305908203,0,404327403520,8589930496,5675134976,114688
10,1791554536033,2500,2499,2500,2500,2500,2500,2500,2500,2499,2500,2499,2499,2500,2499,2499,2500,5,0,0,0,0,0,0,5.555555820465088,0,0,0,0,0,100,5,0,48270.93438720703,142857.1103515625,0,404327403520,8589930496,5675134976,114688
10,1791554536043,2500,2499,2500,2500,2500,2500,2500,2500,2499,2500,2499,2499,2500,2499,2499,2500,5,0,0,0,0,0,0,5.555555820465088,0,0,0,0,0,100,5,0,48271.088623046875,142857.48406982422,0,404327403520,8589930496,5675134976,114688
10,1791554536053,2500,2499,2500,2500,2500,2500,2500,2500,2499,2500,2499,2499,2500,2499,2499,2500,5,0,0,0,0,0,0,5.555555820465088,0,0,0,0,0,100,5,0,48271.245361328125,142857.86029052734,0,404327403520,8589930496,5675134976,114688
9,1791554536063,2500,2499,2500,2500,2500,2500,2500,2500,2499,2500,2499,2499,2500,2499,2499,2500,0,0,0,0,0,0,0,10,0,0,0,0,0,100,5,5,48271.42333984375,142858.2758178711,0,404327403520,8589930496,5675134976,114688
10,1791554536073,2500,2499,2500,2500,2500,2500,2500,2500,2499,2500,2499,2499,2500,2499,2499,2500,0,0,0,0,0,0,0,10,0,0,0,0,0,100,5,5,48271.58563232422,142858.65307617188,0,404327403520,8589930496,5683560448,114688
10,1791554536083,2500,2499,2500,2500,2500,2500,2500,2500,2499,2500,2499,2499,2500,2499,2499,2500,0,0,0,0,0,0,0,10,0,0,0,0,0,100,5,5,48271.73986816406,142859.02954101563,0,404327403520,8589930496,5683560448,114688
10,1791554536093,2500,2499,2500,2500,2500,2500,2500,2500,2499,2500,2499,2499,2500,2499,2499,2500,0,0,0,0,0,0,0,10,0,0,0,0,0,100,5,5,48271.90411376953,142859.40618896484,0,404327403520,8589930496,5683560448,114688
10,1791554536103,2500,2499,2500,2500,2500,2500,2500,2500,2499,2500,2499,2499,2500,2499,2499,2500,0,0,0,0,0,0,0,10,0,0,0,0,0,100,5,5,48272.064697265625,142859.78240966797,0,404327403520,8589930496,5683314688,114688
10,1791554536113,2500,2499,2500,2500,2500,2500,2500,2500,2499,2500,2499,2499,2500,2499,2499,2500,0,0,0,0,0,0,0,10,0,0,0,0,0,100,5,5,48272.22607421875,142860.15924072266,0,404327403520,8589930496,5691244544,114688
10,1791554536123,2500,2499,2500,2500,2500,2500,2500,2500,2499,2500,2499,2499,2500,2499,2499,2500,0,0,0,0,0,0,0,10,0,0,0,0,0,100,5,5,48272.385192871094,142860.53509521484,0,404327403520,8589930496,5691244544,114688
10,1791554536133,2500,2499,2500,2500,2500,2500,2500,2500,2499,2500,2499,2499,2500,2499,2499,2500,0,0,0,0,0,0,0,10,0,0,0,0,0,100,5,5,48272.540771484375,142860.91345214844,0,404327403520,8589930496,5691244544,114688
10,1791554536144,2500,2499,2500,2500,2500,2500,2500,2500,2499,2500,2499,2499,2500,2499,2499,2500,0,0,0,0,0,0,0,10,0,0,0,0,0,100,5,5,48272.70153808594,142861.28997802734,0,404327403520,8589930496,5691244544,114688
10,1791554536154,2500,2499,2500,2500,2500,2500,2500,2500,2499,2500,2499,2499,2500,2499,2499,2500,0,0,0,0,0,0,0,10,0,0,0,0,0,100,5,5,48272.858947753906,142861.6683959961,0,404327403520,8589930496,5699670016,114688
10,1791554536164,2500,2499,2500,2500,2500,2500,2500,2500,2499,2500,2499,2499,2500,2499,2499,2500,0,0,0,0,0,0,0,10,0,0,0,0,0,100,5,5,48273.02111816406,142862.04650878906,0,404327403520,8589930496,5699670016,114688
10,1791554536174,2500,2499,2500,2500,2500,2500,2500,2500,2499,2500,2499,2499,2500,2499,2499,2500,0,0,0,0,0,0,0,10,0,0,0,0,0,100,5,5,48273.184326171875,142862.42059326172,0,404327403520,8589930496,5691588608,114688
10,1791554536184,2500,2499,2500,2500,2500,2500,2500,2500,2499,2500,2499,2499,2500,2499,2499,2500,0,0,0,0,0,0,0,10,0,0,0,0,0,100,5,5,48273.338134765625,142862.80242919922,0,404327403520,8589930496,5691588608,114688
10,1791554536194,2500,2499,2500,2500,2500,2500,2500,2500,2499,2500,2499,2499,2500,2499,2499,2500,0,0,0,0,0,0,0,10,0,0,0,0,0,100,5,5,48273.49725341797,142863.1762084961,0,404327403520,8589930496,5691588608,114688
10,1791554536204,2500,2499,2500,2500,2500,2500,2500,2500,2499,2500,2499,2499,2500,2499,2499,2500,0,0,0,0,0,0,0,10,0,0,0,0,0,100,5,5,48273.66003417969,142863.55743408203,0,404327403520,8589930496,5699518464,114688
9,1791554536214,2500,2499,2500,2500,2500,2500,2500,2500,2499,2500,2499,2499,2500,2499,2499,2500,0,0,0,0,0,0,0,10,0,0,0,0,0,100,5,5,48273.82482910156,142863.92938232422,0,404327403520,8589930496,5699518464,114688
10,1791554536224,2500,2499,2500,2500,2500,2500,2500,2500,2499,2500,2499,2499,2500,2499,2499,2500,0,0,0,0,0,0,0,10,0,0,0,0,0,100,5,5,48273.989196777344,142864.31182861328,0,404327403520,8589930496,5699518464,114688
10,1791554536234,2500,2499,2500,2500,2500,2500,2500,2500,2499,2500,2499,2499,2500,2499,2499,2500,0,0,0,0,0,0,0,10,0,0,0,0,0,100,5,5,48274.15222167969,142864.6876220703,0,404327403520,8589930496,5699518464,114688
10,1791554536244,2500,2499,2500,2500,2500,2500,2500,2500,2499,2500,2499,2499,2500,2499,2499,2500,0,0,0,0,0,0,0,10,0,0,0,0,0,100,5,5,48274.316650390625,142865.0635986328,0,404327403520,8589930496,5707943936,114688
10,1791554536254,2500,2499,2500,2500,2500,2500,2500,2500,2499,2500,2499,2499,2500,2499,2499,2500,0,0,0,0,0,0,0,10,0,0,0,0,0,100,5,5,48274.47198486328,142865.4404296875,0,404327403520,8589930496,5707943936,114688
10,1791554536264,2500,2499,2500,2500,2500,2500,2500,2500,2499,2500,2499,2499,2500,2499,2499,2500,0,4.761904716491699,0,0,0,0,0,5.263157844543457,0,0,0,0,0,100,0,0,48274.63659667969,142865.81774902344,0,404327403520,8589930496,5707943936,114688
10,1791554536274,2500,2499,2500,2500,2500,2500,2500,2500,2499,2500,2499,2499,2500,2499,2499,2500,0,4.761904716491699,0,0,0,0,0,5.263157844543457,0,0,0,0,0,100,0,0,48274.80029296875,142866.1918334961,0,404327403520,8589930496,5707943936,114688
10,1791554536284,2500,2499,2500,2500,2500,2500,2500,2500,2499,2500,2499,2499,2500,2499,2499,2500,0,4.761904716491699,0,0,0,0,0,5.263157844543457,0,0,0,0,0,100,0,0,48274.96319580078,142866.57006835938,0,404327403520,8589930496,5707943936,114688
10,1791554536294,2500,2499,2500,2500,2500,2500,2500,2500,2499,2500,2499,2499,2500,2499,2499,2500,0,4.761904716491699,0,0,0,0,0,5.263157844543457,0,0,0,0,0,100,0,0,48275.12561035156,142866.94311523438,0,404327403520,8589930496,5716369408,114688
10,1791554536304,2500,2499,2500,2500,2500,2500,2500,2500,2499,2500,2499,2499,2500,2499,2499,2500,0,4.761904716491699,0,0,0,0,0,5.263157844543457,0,0,0,0,0,100,0,0,48275.30047607422,142867.3588256836,0,404327403520,8589930496,5716369408,114688
10,1791554536315,2500,2499,2500,2500,2500,2500,2500,2500,2499,2500,2499,2499,2500,2499,2499,2500,0,4.761904716491699,0,0,0,0,0,5.263157844543457,0,0,0,0,0,100,0,0,48275.461669921875,142867.736328125,0,404327403520,8589930496,5716369408,114688
10,1791554536325,2500,2499,2500,2500,2500,2500,2500,2500,2499,2500,2499,2499,2500,2499,2499,2500,0,4.761904716491699,0,0,0,0,0,5.263157844543457,0,0,0,0,0,100,0,0,48275.6220703125,142868.11499023438,0,404327403520,8589930496,5716369408,114688
10,1791554536335,2500,2499,2500,2500,2500,2500,2500,2500,2499,2500,2499,2499,2500,2499,2499,2500,0,4.761904716491699,0,0,0,0,0,5.263157844543457,0,0,0,0,0,100,0,0,48275.78332519531,142868.49053955078,0,404327403520,8589930496,5716369408,114688
10,1791554536345,2500,2499,2500,2500,2500,2500,2500,2500,2499,2500,2499,2499,2500,2499,2499,2500,0,4.761904716491699,0,0,0,0,0,5.263157844543457,0,0,0,0,0,100,0,0,48275.946228027344,142868.87268066406,0,404327403520,8589930496,5724299264,114688
10,1791554536355,2500,2499,2500,2500,2500,2500,2500,2500,2499,2500,2499,2499,2500,2499,2499,2500,0,4.761904716491699,0,0,0,0,0,5.263157844543457,0,0,0,0,0,100,0,0,48276.109436035156,142869.24725341797,0,404327403520,8589930496,5724299264,114688
10,1791554536365,2500,2499,2500,2500,2500,2500,2500,2500,2499,2500,2499,2499,2500,2499,2499,2500,0,4.761904716491699,0,0,0,0,0,5.263157844543457,0,0,0,0,0,100,0,0,48276.270751953125,142869.62145996094,0,404327403520,8589930496,5724299264,114688
10,1791554536375,2500,2499,2500,2500,2500,2500,2500,2500,2499,2500,2499,2499,2500,2499,2499,2500,0,4.761904716491699,0,0,0,0,0,5.263157844543457,0,0,0,0,0,100,0,0,48276.426513671875,142869.9976196289,0,404327403520,8589930496,5724299264,114688
10,1791554536385,2500,2499,2500,2500,2500,2500,2500,2500,2499,2500,2499,2499,2500,2499,2499,2500,0,4.761904716491699,0,0,0,0,0,5.263157844543457,0,0,0,0,0,100,0,0,48276.586853027344,142870.37548828125,0,404327403520,8589930496,5732724736,114688
9,1791554536395,2500,2499,2500,2500,2500,2500,2500,2500,2499,2500,2499,2499,2500,2499,2499,2500,0,4.761904716491699,0,0,0,0,0,5.263157844543457,0,0,0,0,0,100,0,0,48276.74395751953,142870.75225830078,0,404327403520,8589930496,5732724736,114688
10,1791554536405,2500,2499,2500,2500,2500,2500,2500,2500,2499,2500,2499,2499,2500,2499,2499,2500,0,4.761904716491699,0,0,0,0,0,5.263157844543457,0,0,0,0,0,100,0,0,48276.90197753906,142871.13006591797,0,404327403520,8589930496,5732724736,114688
10,1791554536415,2500,2499,2500,2500,2500,2500,2500,2500,2499,2500,2499,2499,2500,2499,2499,2500,0,4.761904716491699,0,0,0,0,0,5.263157844543457,0,0,0,0,0,100,0,0,48277.064025878906,142871.5050048828,0,404327403520,8589930496,5732724736,114688
10,1791554536425,2500,2499,2500,2500,2500,2500,2500,2500,2499,2500,2499,2499,2500,2499,2499,2500,0,4.761904716491699,0,0,0,0,0,5.263157844543457,0,0,0,0,0,100,0,0,48277.223571777344,142871.88208007813,0,404327403520,8589930496,5741150208,114688
10,1791554536435,2500,2499,2500,2500,2500,2500,2500,2500,2499,2500,2499,2499,2500,2499,2499,2500,0,4.761904716491699,0,0,0,0,0,5.263157844543457,0,0,0,0,0,100,0,0,48277.38562011719,142872.2576904297,0,404327403520,8589930496,5741150208,114688
10,1791554536445,2500,2499,2500,2500,2500,2500,2500,2500,2499,2500,2499,2499,2500,2499,2499,2500,0,4.761904716491699,0,0,0,0,0,5.263157844543457,0,0,0,0,0,100,0,0,48277.544189453125,142872.63439941406,0,404327403520,8589930496,5741150208,114688
10,1791554536455,2500,2499,2500,2500,2500,2500,2500,2500,2499,2500,2499,2499,2500,2499,2499,2500,0,4.761904716491699,0,0,0,0,0,5.263157844543457,0,0,0,0,0,100,0,0,48277.69873046875,142873.0115966797,0,404327403520,8589930496,5741150208,114688
10,1791554536465,2500,2499,2500,2500,2500,2500,2500,2500,2499,2500,2499,2499,2500,2499,2499,2500,5,0,0,0,0,0,0,10.526315689086914,0,0,0,0,0,100,5,0,48277.856201171875,142873.3882446289,0,404327403520,8589930496,5741150208,114688
10,1791554536475,2500,2499,2500,2500,2500,2500,2500,2500,2499,2500,2499,2499,2500,2499,2499,2500,5,0,0,0,0,0,0,10.526315689086914,0,0,0,0,0,100,5,0,48278.01629638672,142873.76763916016,0,404327403520,8589930496,5749080064,114688
10,1791554536486,2500,2499,2500,2500,2500,2500,2500,2500,2499,2500,2499,2499,2500,2499,2499,2500,5,0,0,0,0,0,0,10.526315689086914,0,0,0,0,0,100,5,0,48278.173767089844,142874.1416015625,0,404327403520,8589930496,5749080064,114688
10,1791554536496,2500,2499,2500,2500,2500,2500,2500,2500,2499,2500,2499,2499,2500,2499,2499,2500,5,0,0,0,0,0,0,10.526315689086914,0,0,0,0,0,100,5,0,48278.32958984375,142874.5556640625,0,404327403520,8589930496,5749080064,114688
10,1791554536506,2500,2499,2500,2500,2500,2500,2500,2500,2499,2500,2499,2499,2500,2499,2499,2500,5,0,0,0,0,0,0,10.526315689086914,0,0,0,0,0,100,5,0,48278.50256347656,142874.93084716797,0,404327403520,8589930496,5749080064,114688
10,1791554536516,2500,2499,2500,2500,2500,2500,2500,2500,2499,2500,2499,2499,2500,2499,2499,2500,5,0,0,0,0,0,0,10.526315689086914,0,0,0,0,0,100,5,0,48278.65704345703,142875.30834960938,0,404327403520,8589930496,5757505536,114688
10,1791554536526,2500,2499,2500,2500,2500,2500,2500,2500,2499,2500,2499,2499,2500,2499,2499,2500,5,0,0,0,0,0,0,10.526315689086914,0,0,0,0,0,100,5,0,48278.81231689453,142875.68591308594,0,404327403520,8589930496,5757505536,114688
10,1791554536536,2500,2499,2500,2500,2500,2500,2500,2500,2499,2500,2499,2499,2500,2499,2499,2500,5,0,0,0,0,0,0,10.526315689086914,0,0,0,0,0,100,5,0,48278.96813964844,142876.0635986328,0,404327403520,8589930496,5757505536,114688
10,1791554536546,2500,2499,2500,2500,2500,2500,2500,2500,2499,2500,2499,2499,2500,2499,2499,2500,5,0,0,0,0,0,0,10.526315689086914,0,0,0,0,0,100,5,0,48279.12634277344,142876.43865966797,0,404327403520,8589930496,5757505536,114688
10,1791554536556,2500,2499,2500,2500,2500,2500,2500,2500,2499,2500,2499,2499,2500,2499,2499,2500,5,0,0,0,0,0,0,10.526315689086914,0,0,0,0,0,100,5,0,48279.28271484375,142876.8150024414,0,404327403520,8589930496,5757505536,114688
9,1791554536566,2500,2499,2500,2500,2500,2500,2500,2500,2499,2500,2499,2499,2500,2499,2499,2500,5,0,0,0,0,0,0,10.526315689086914,0,0,0,0,0,100,5,0,48279.43798828125,142877.1922607422,0,404327403520,8589930496,5765931008,114688
10,1791554536576,2500,2499,2500,2500,2500,2500,2500,2500,2499,2500,2499,2499,2500,2499,2499,2500,5,0,0,0,0,0,0,10.526315689086914,0,0,0,0,0,100,5,0,48279.59393310547,142877.56964111328,0,404327403520,8589930496,5765931008,114688
10,1791554536586,2500,2499,2500,2500,2500,2500,2500,2500,2499,2500,2499,2499,2500,2499,2499,2500,5,0,0,0,0,0,0,10.526315689086914,0,0,0,0,0,100,5,0,48279.74938964844,142877.94635009766,0,404327403520,8589930496,5765931008,114688
10,1791554536596,2500,2499,2500,2500,2500,2500,2500,2500,2499,2500,2499,2499,2500,2499,2499,2500,5,0,0,0,0,0,0,10.526315689086914,0,0,0,0,0,100,5,0,48279.9072265625,142878.3232421875,0,404327403520,8589930496,5765931008,114688
10,1791554536606,2500,2499,2500,2500,2500,2500,2500,2500,2499,2500,2499,2499,2500,2499,2499,2500,5,0,0,0,0,0,0,10.526315689086914,0,0,0,0,0,100,5,0,48280.05993652344,142878.69799804688,0,404327403520,8589930496,5773860864,114688
10,1791554536616,2500,2499,2500,2500,2500,2500,2500,2500,2499,2500,2499,2499,2500,2499,2499,2500,5,0,0,0,0,0,0,10.526315689086914,0,0,0,0,0,100,5,0,48280.21789550781,142879.07458496094,0,404327403520,8589930496,5773860864,114688
9,1791554536626,2500,2499,2500,2500,2500,2500,2500,2500,2499,2500,2499,2499,2500,2499,2499,2500,5,0,0,0,0,0,0,10.526315689086914,0,0,0,0,0,100,5,0,48280.37664794922,142879.45056152344,0,404327403520,8589930496,5773860864,114688
10,1791554536636,2500,2499,2500,2500,2500,2500,2500,2500,2499,2500,2499,2499,2500,2499,2499,2500,5,0,0,0,0,0,0,10.526315689086914,0,0,0,0,0,100,5,0,48280.53485107422,142879.828125,0,404327403520,8589930496,5773860864,114688
10,1791554536646,2500,2499,2500,2500,2500,2500,2500,2500,2499,2500,2499,2499,2500,2499,2499,2500,5,0,0,0,0,0,0,10.526315689086914,0,0,0,0,0,100,5,0,48280.692443847656,142880.2035522461,0,404327403520,8589930496,5782286336,114688
10,1791554536657,2500,2499,2500,2500,2500,2500,2500,2500,2499,2500,2499,2499,2500,2499,2499,2500,5,0,0,0,0,0,0,10.526315689086914,0,0,0,0,0,100,5,0,48280.849670410156,142880.58044433594,0,404327403520,8589930496,5782286336,114688
10,1791554536667,2500,2499,2500,2500,2500,2500,2500,2500,2499,2500,2499,2499,2500,2499,2499,2500,0,0,0,0,0,0,0,5.263157844543457,0,0,0,0,0,100,5,0,48281.00549316406,142880.95599365234,0,404327403520,8589930496,5782286336,114688
10,1791554536677,2500,2499,2500,2500,2500,2500,2500,2500,2499,2500,2499,2499,2500,2499,2499,2500,0,0,0,0,0,0,0,5.263157844543457,0,0,0,0,0,100,5,0,48281.166259765625,142881.33197021484,0,404327403520,8589930496,5782286336,114688
10,1791554536687,2500,2499,2500,2500,2500,2500,2500,2500,2499,2500,2499,2499,2500,2499,2499,2500,0,0,0,0,0,0,0,5.263157844543457,0,0,0,0,0,100,5,0,48281.33428955078,142881.7474975586,0,404327403520,8589930496,5782286336,114688
10,1791554536697,2500,2499,2500,2500,2500,2500,2500,2500,2499,2500,2499,2499,2500,2499,2499,2500,0,0,0,0,0,0,0,5.263157844543457,0,0,0,0,0,100,5,0,48281.49395751953,142882.12420654297,0,404327403520,8589930496,5790711808,114688
10,1791554536707,2500,2499,2500,2500,2500,2500,2500,2500,2499,2500,2499,2499,2500,2499,2499,2500,0,0,0,0,0,0,0,5.263157844543457,0,0,0,0,0,100,5,0,48281.65197753906,142882.50048828125,0,404327403520,8589930496,5790711808,114688
10,1791554536717,2500,2499,2500,2500,2500,2500,2500,2500,2499,2500,2499,2499,2500,2499,2499,2500,0,0,0,0,0,0,0,5.263157844543457,0,0,0,0,0,100,5,0,48281.811096191406,142882.87951660156,0,404327403520,8589930496,5790711808,114688
10,1791554536727,2500,2499,2500,2500,2500,2500,2500,2500,2499,2500,2499,2499,2500,2499,2499,2500,0,0,0,0,0,0,0,5.263157844543457,0,0,0,0,0,100,5,0,48281.97131347656,142883.25762939453,0,404327403520,8589930496,5790711808,114688
10,1791554536737,2500,2499,2500,2500,2500,2500,2500,2500,2499,2500,2499,2499,2500,2499,2499,2500,0,0,0,0,0,0,0,5.263157844543457,0,0,0,0,0,100,5,0,48282.13153076172,142883.63146972656,0,404327403520,8589930496,5798641664,114688
9,1791554536747,2500,2499,2500,2500,2500,2500,2500,2500,2499,2500,2499,2499,2500,2499,2499,2500,0,0,0,0,0,0,0,5.263157844543457,0,0,0,0,0,100,5,0,48282.29266357422,142884.009765625,0,404327403520,8589930496,5798641664,114688
10,1791554536757,2500,2499,2500,2500,2500,2500,2500,2500,2499,2500,2499,2499,2500,2499,2499,2500,0,0,0,0,0,0,0,5.263157844543457,0,0,0,0,0,100,5,0,48282.45343017578,142884.38641357422,0,404327403520,8589930496,5798641664,114688
10,1791554536767,2500,2499,2500,2500,2500,2500,2500,2500,2499,2500,2499,2499,2500,2499,2499,2500,0,0,0,0,0,0,0,5.263157844543457,0,0,0,0,0,100,5,0,48282.61346435547,142884.76440429688,0,404327403520,8589930496,5798641664,114688
10,1791554536777,2500,2499,2500,2500,2500,2500,2500,2500,2499,2500,2499,2499,2500,2499,2499,2500,0,0,0,0,0,0,0,5.263157844543457,0,0,0,0,0,100,5,0,48282.775146484375,142885.13836669922,0,404327403520,8589930496,5798641664,114688
10,1791554536787,2500,2499,2500,2500,2500,2500,2500,2500,2499,2500,2499,2499,2500,2499,2499,2500,0,0,0,0,0,0,0,5.263157844543457,0,0,0,0,0,100,5,0,48282.93505859375,142885.51708984375,0,404327403520,8589930496,5807067136,114688
10,1791554536797,2500,2499,2500,2500,2500,2500,2500,2500,2499,2500,2499,2499,2500,2499,2499,2500,0,0,0,0,0,0,0,5.263157844543457,0,0,0,0,0,100,5,0,48283.087951660156,142885.89294433594,0,404327403520,8589930496,5807067136,114688
10,1791554536807,2500,2499,2500,2500,2500,2500,2500,2500,2499,2500,2499,2499,2500,2499,2499,2500,0,0,0,0,0,0,0,5.263157844543457,0,0,0,0,0,100,5,0,48283.244689941406,142886.26892089844,0,404327403520,8589930496,5807067136,114688
10,1791554536817,2500,2499,2500,2500,2500,2500,2500,2500,2499,2500,2499,2499,2500,2499,2499,2500,0,0,0,0,0,0,0,5.263157844543457,0,0,0,0,0,100,5,0,48283.40740966797,142886.64868164063,0,404327403520,8589930496,5807067136,114688
10,1791554536828,2500,2499,2500,2500,2500,2500,2500,2500,2499,2500,2499,2499,2500,2499,2499,2500,0,0,0,0,0,0,0,5.263157844543457,0,0,0,0,0,100,5,0,48283.564514160156,142887.02374267578,0,404327403520,8589930496,5815492608,114688
10,1791554536838,2500,2499,2500,2500,2500,2500,2500,2500,2499,2500,2499,2499,2500,2499,2499,2500,0,0,0,0,0,0,0,5.263157844543457,0,0,0,0,0,100,5,0,48283.72149658203,142887.40185546875,0,404327403520,8589930496,5815492608,114688
10,1791554536848,2500,2499,2500,2500,2500,2500,2500,2500,2499,2500,2499,2499,2500,2499,2499,2500,0,0,0,0,0,0,0,5.263157844543457,0,0,0,0,0,100,5,0,48283.877014160156,142887.77758789063,0,404327403520,8589930496,5815492608,114688
10,1791554536858,2500,2499,2500,2500,2500,2500,2500,2500,2499,2500,2499,2499,2500,2499,2499,2500,0,0,0,0,0,0,0,5.263157844543457,0,0,0,0,0,100,5,0,48284.032287597656,142888.1528930664,0,404327403520,8589930496,5815492608,114688
10,1791554536868,2500,2499,2500,2500,2500,2500,2500,2500,2499,2500,2499,2499,2500,2499,2499,2500,0,0,0,0,0,5,5,5.263157844543457,5,0,0,0,0,100,0,0,48284.19836425781,142888.5692138672,0,404327403520,8589930496,5823422464,114688
10,1791554536878,2500,2499,2500,2500,2500,2500,2500,2500,2499,2500,2499,2499,2500,2499,2499,2500,0,0,0,0,0,5,5,5.263157844543457,5,0,0,0,0,100,0,0,48284.33752441406,142888.90826416016,0,404327403520,8589930496,5823422464,114688
10,1791554536888,2500,2499,2500,2500,2500,2500,2500,2500,2499,2500,2499,2499,2500,2499,2499,2500,0,0,0,0,0,5,5,5.263157844543457,5,0,0,0,0,100,0,0,48284.512939453125,142889.32220458984,0,404327403520,8589930496,5823422464,114688
10,1791554536898,2500,2499,2500,2500,2500,2500,2500,2500,2499,2500,2499,2499,2500,2499,2499,2500,0,0,0,0,0,5,5,5.263157844543457,5,0,0,0,0,100,0,0,48284.668212890625,142889.69903564453,0,404327403520,8589930496,5823422464,114688
10,1791554536908,2500,2499,2500,2500,2500,2500,2500,2500,2499,2500,2499,2499,2500,2499,2499,2500,0,0,0,0,0,5,5,5.263157844543457,5,0,0,0,0,100,0,0,48284.824279785156,142890.07751464844,0,404327403520,8589930496,5823422464,114688
10,1791554536918,2500,2499,2500,2500,2500,2500,2500,2500,2499,2500,2499,2499,2500,2499,2499,2500,0,0,0,0,0,5,5,5.263157844543457,5,0,0,0,0,100,0,0,48284.985412597656,142890.45281982422,0,404327403520,8589930496,5831847936,114688
9,1791554536928,2500,2499,2500,2500,2500,2500,2500,2500,2499,2500,2499,2499,2500,2499,2499,2500,0,0,0,0,0,5,5,5.263157844543457,5,0,0,0,0,100,0,0,48285.14343261719,142890.83038330078,0,404327403520,8589930496,5831847936,114688
10,1791554536938,2500,2499,2500,2500,2500,2500,2500,2500,2499,2500,2499,2499,2500,2499,2499,2500,0,0,0,0,0,5,5,5.263157844543457,5,0,0,0,0,100,0,0,48285.30419921875,142891.20782470703,0,404327403520,8589930496,5831847936,114688
10,1791554536948,2500,2499,2500,2500,2500,2500,2500,2500,2499,2500,2499,2499,2500,2499,2499,2500,0,0,0,0,0,5,5,5.263157844543457,5,0,0,0,0,100,0,0,48285.45965576172,142891.58477783203,0,404327403520,8589930496,5831847936,114688
10,1791554536958,2500,2499,2500,2500,2500,2500,2500,2500,2499,2500,2499,2499,2500,2499,2499,2500,0,0,0,0,0,5,5,5.263157844543457,5,0,0,0,0,100,0,0,48285.61328125,142891.96087646484,0,404327403520,8589930496,5840273408,114688
10,1791554536968,2500,2499,2500,2500,2500,2500,2500,2500,2499,2500,2499,2499,2500,2499,2499,2500,0,0,0,0,0,5,5,5.263157844543457,5,0,0,0,0,100,0,0,48285.77014160156,142892.33813476563,0,404327403520,8589930496,5840273408,114688
10,1791554536978,2500,2499,2500,2500,2500,2500,2500,2500,2499,2500,2499,2499,2500,2499,2499,2500,0,0,0,0,0,5,5,5.263157844543457,5,0,0,0,0,100,0,0,48285.924865722656,142892.71417236328,0,404327403520,8589930496,5840273408,114688
10,1791554536988,2500,2499,2500,2500,2500,2500,2500,2500,2499,2500,2499,2499,2500,2499,2499,2500,0,0,0,0,0,5,5,5.263157844543457,5,0,0,0,0,100,0,0,48286.081115722656,142893.09338378906,0,404327403520,8589930496,5840273408,114688
10,1791554536999,2500,2499,2500,2500,2500,2500,2500,2500,2499,2500,2499,2499,2500,2499,2499,2500,0,0,0,0,0,5,5,5.263157844543457,5,0,0,0,0,100,0,0,48286.23858642578,142893.46826171875,0,404327403520,8589930496,5840273408,114688
10,1791554537009,2500,2499,2500,2500,2500,2500,2500,2500,2499,2500,2499,2499,2500,2499,2499,2500,0,0,0,0,0,5,5,5.263157844543457,5,0,0,0,0,100,0,0,48286.39569091797,142893.84533691406,0,404327403520,8589930496,5848203264,114688
10,1791554537019,2500,2499,2500,2500,2500,2500,2500,2500,2499,2500,2499,2499,2500,2499,2499,2500,0,0,0,0,0,5,5,5.263157844543457,5,0,0,0,0,100,0,0,48286.55773925781,142894.2225341797,0,404327403520,8589930496,5848203264,114688
10,1791554537029,2500,2499,2500,2500,2500,2500,2500,2500,2499,2500,2499,2499,2500,2499,2499,2500,0,0,0,0,0,5,5,5.263157844543457,5,0,0,0,0,100,0,0,48286.715087890625,142894.59942626953,0,404327403520,8589930496,5848203264,114688
10,1791554537039,2500,2499,2500,2500,2500,2500,2500,2500,2499,2500,2499,2499,2500,2499,2499,2500,0,0,0,0,0,5,5,5.263157844543457,5,0,0,0,0,100,0,0,48286.87176513672,142894.97576904297,0,404327403520,8589930496,5848203264,114688
10,1791554537049,2500,2499,2500,2500,2500,2500,2500,2500,2499,2500,2499,2499,2500,2499,2499,2500,0,0,0,0,0,5,5,5.263157844543457,5,0,0,0,0,100,0,0,48287.02978515625,142895.35192871094,0,404327403520,8589930496,5856628736,114688
10,1791554537059,2500,2499,2500,2500,2500,2500,2500,2500,2499,2500,2499,2499,2500,2499,2499,2500,0,0,0,0,0,5,5,5.263157844543457,5,0,0,0,0,100,0,0,48287.19030761719,142895.7293701172,0,404327403520,8589930496,5856628736,114688
10,1791554537069,2500,2499,2500,2500,2500,2500,2500,2500,2499,2500,2499,2499,2500,2499,2499,2500,5,0,0,0,0,5,0,10,0,0,0,0,0,100,5,0,48287.365173339844,142896.14392089844,0,404327403520,8589930496,5856628736,114688
10,1791554537079,2500,2499,2500,2500,2500,2500,2500,2500,2499,2500,2499,2499,2500,2499,2499,2500,5,0,0,0,0,5,0,10,0,0,0,0,0,100,5,0,48287.512756347656,142896.48406982422,0,404327403520,8589930496,5856628736,114688
10,1791554537089,2500,2499,2500,2500,2500,2500,2500,2500,2499,2500,2499,2499,2500,2499,2499,2500,5,0,0,0,0,5,0,10,0,0,0,0,0,100,5,0,48287.68505859375,142896.89880371094,0,404327403520,8589930496,5865054208,114688
10,1791554537099,2500,2499,2500,2500,2500,2500,2500,2500,2499,2500,2499,2499,2500,2499,2499,2500,5,0,0,0,0,5,0,10,0,0,0,0,0,100,5,0,48287.84393310547,142897.27655029297,0,404327403520,8589930496,5865054208,114688
9,1791554537109,2500,2499,2500,2500,2500,2500,2500,2500,2499,2500,2499,2499,2500,2499,2499,2500,5,0,0,0,0,5,0,10,0,0,0,0,0,100,5,0,48288.001403808594,142897.6534423828,0,404327403520,8589930496,5865054208,114688
10,1791554537119,2500,2499,2500,2500,2500,2500,2500,2500,2499,2500,2499,2499,2500,2499,2499,2500,5,0,0,0,0,5,0,10,0,0,0,0,0,100,5,0,48288.15753173828,142898.0288696289,0,404327403520,8589930496,5865054208,114688
10,1791554537129,2500,2499,2500,2500,2500,2500,2500,2500,2499,2500,2499,2499,2500,2499,2499,2500,5,0,0,0,0,5,0,10,0,0,0,0,0,100,5,0,48288.312744140625,142898.40869140625,0,404327403520,8589930496,5855502336,114688
10,1791554537139,2500,2499,2500,2500,2500,2500,2500,2500,2499,2500,2499,2499,2500,2499,2499,2500,5,0,0,0,0,5,0,10,0,0,0,0,0,100,5,0,48288.47473144531,142898.78515625,0,404327403520,8589930496,5863432192,114688
10,1791554537149,2500,2499,2500,2500,2500,2500,2500,2500,2499,2500,2499,2499,2500,2499,2499,2500,5,0,0,0,0,5,0,10,0,0,0,0,0,100,5,0,48288.635498046875,142899.16229248047,0,404327403520,8589930496,5863432192,114688
10,1791554537159,2500,2499,2500,2500,2500,2500,2500,2500,2499,2500,2499,2499,2500,2499,2499,2500,5,0,0,0,0,5,0,10,0,0,0,0,0,100,5,0,48288.7939453125,142899.54205322266,0,404327403520,8589930496,5863432192,114688
10,1791554537170,2500,2499,2500,2500,2500,2500,2500,2500,2499,2500,2499,2499,2500,2499,2499,2500,5,0,0,0,0,5,0,10,0,0,0,0,0,100,5,0,48288.95202636719,142899.91729736328,0,404327403520,8589930496,5863432192,114688
10,1791554537180,2500,2499,2500,2500,2500,2500,2500,2500,2499,2500,2499,2499,2500,2499,2499,2500,5,0,0,0,0,5,0,10,0,0,0,0,0,100,5,0,48289.108825683594,142900.29571533203,0,404327403520,8589930496,5871857664,114688
10,1791554537190,2500,2499,2500,2500,2500,2500,2500,2500,2499,2500,2499,2499,2500,2499,2499,2500,5,0,0,0,0,5,0,10,0,0,0,0,0,100,5,0,48289.27014160156,142900.67205810547,0,404327403520,8589930496,5871857664,114688
10,1791554537200,2500,2499,2500,2500,2500,2500,2500,2500,2499,2500,2499,2499,2500,2499,2499,2500,5,0,0,0,0,5,0,10,0,0,0,0,0,100,5,0,48289.421936035156,142901.0502319336,0,404327403520,8589930496,5871857664,114688
10,1791554537210,2500,2499,2500,2500,2500,2500,2500,2500,2499,2500,2499,2499,2500,2499,2499,2500,5,0,0,0,0,5,0,10,0,0,0,0,0,100,5,0,48289.583251953125,142901.42797851563,0,404327403520,8589930496,5871857664,114688
10,1791554537220,2500,2499,2500,2500,2500,2500,2500,2500,2499,2500,2499,2499,2500,2499,2499,2500,5,0,0,0,0,5,0,10,0,0,0,0,0,100,5,0,48289.74401855469,142901.8056640625,0,404327403520,8589930496,5871857664,114688
10,1791554537230,2500,2499,2500,2500,2500,2500,2500,2500,2499,2500,2499,2499,2500,2499,2499,2500,5,0,0,0,0,5,0,10,0,0,0,0,0,100,5,0,48289.90612792969,142902.1802368164,0,404327403520,8589930496,5879787520,114688
10,1791554537240,2500,2499,2500,2500,2500,2500,2500,2500,2499,2500,2499,2499,2500,2499,2499,2500,5,0,0,0,0,5,0,10,0,0,0,0,0,100,5,0,48290.05841064453,142902.55596923828,0,404327403520,8589930496,5879787520,114688
10,1791554537250,2500,2499,2500,2500,2500,2500,2500,2500,2499,2500,2499,2499,2500,2499,2499,2500,5,0,0,0,0,5,0,10,0,0,0,0,0,100,5,0,48290.216735839844,142902.93298339844,0,404327403520,8589930496,5879787520,114688
10,1791554537260,2500,2499,2500,2500,2500,2500,2500,2500,2499,2500,2499,2499,2500,2499,2499,2500,5,0,0,0,0,5,0,10,0,0,0,0,0,100,5,0,48290.37274169922,142903.3110961914,0,404327403520,8589930496,5879787520,114688
10,1791554537270,2500,2499,2500,2500,2500,2500,2500,2500,2499,2500,2499,2499,2500,2499,2499,2500,0,0,0,0,5,0,0,5.555555820465088,0,0,0,0,0,100,5.263157844543457,5,48290.5322265625,142903.69219970703,0,404327403520,8589930496,5888212992,114688
10,1791554537280,2500,2499,2500,2500,2500,2500,2500,2500,2499,2500,2499,2499,2500,2499,2499,2500,0,0,0,0,5,0,0,5.555555820465088,0,0,0,0,0,100,5.263157844543457,5,48290.69354248047,142904.07098388672,0,404327403520,8589930496,5888212992,114688
10,1791554537290,2500,2499,2500,2500,2500,2500,2500,2500,2499,2500,2499,2499,2500,2499,2499,2500,0,0,0,0,5,0,0,5.555555820465088,0,0,0,0,0,100,5.263157844543457,5,48290.86950683594,142904.47998046875,0,404327403520,8589930496,5888212992,114688
9,1791554537300,2500,2499,2500,2500,2500,2500,2500,2500,2499,2500,2499,2499,2500,2499,2499,2500,0,0,0,0,5,0,0,5.555555820465088,0,0,0,0,0,100,5.263157844543457,5,48291.02587890625,142904.8555908203,0,404327403520,8589930496,5888212992,114688
10,1791554537310,2500,2499,2500,2500,2500,2500,2500,2500,2499,2500,2499,2499,2500,2499,2499,2500,0,0,0,0,5,0,0,5.555555820465088,0,0,0,0,0,100,5.263157844543457,5,48291.1708984375,142905.20086669922,0,404327403520,8589930496,5896638464,114688
10,1791554537320,2500,2499,2500,2500,2500,2500,2500,2500,2499,2500,2499,2499,2500,2499,2499,2500,0,0,0,0,5,0,0,5.555555820465088,0,0,0,0,0,100,5.263157844543457,5,48291.33184814453,142905.5791015625,0,404327403520,8589930496,5896638464,114688
10,1791554537330,2500,2499,2500,2500,2500,2500,2500,2500,2499,2500,2499,2499,2500,2499,2499,2500,0,0,0,0,5,0,0,5.555555820465088,0,0,0,0,0,100,5.263157844543457,5,48291.51062011719,142905.99194335938,0,404327403520,8589930496,5896638464,114688
10,1791554537341,2500,2499,2500,2500,2500,2500,2500,2500,2499,2500,2499,2499,2500,2499,2499,2500,0,0,0,0,5,0,0,5.555555820465088,0,0,0,0,0,100,5.263157844543457,5,48291.676208496094,142906.36627197266,0,404327403520,8589930496,5896638464,114688
10,1791554537351,2500,2499,2500,2500,2500,2500,2500,2500,2499,2500,2499,2499,2500,2499,2499,2500,0,0,0,0,5,0,0,5.555555820465088,0,0,0,0,0,100,5.263157844543457,5,48291.83801269531,142906.74768066406,0,404327403520,8589930496,5896638464,114688
10,1791554537361,2500,2499,2500,2500,2500,2500,2500,2500,2499,2500,2499,2499,2500,2499,2499,2500,0,0,0,0,5,0,0,5.555555820465088,0,0,0,0,0,100,5.263157844543457,5,48291.99932861328,142907.12438964844,0,404327403520,8589930496,5904568320,114688
10,1791554537371,2500,2499,2500,2500,2500,2500,2500,2500,2499,2500,2499,2499,2500,2499,2499,2500,0,0,0,0,5,0,0,5.555555820465088,0,0,0,0,0,100,5.263157844543457,5,48292.160095214844,142907.4949951172,0,404327403520,8589930496,5904568320,114688
10,1791554537381,2500,2499,2500,2500,2500,2500,2500,2500,2499,2500,2499,2499,2500,2499,2499,2500,0,0,0,0,5,0,0,5.555555820465088,0,0,0,0,0,100,5.263157844543457,5,48292.32049560547,142907.8755493164,0,404327403520,8589930496,5904568320,114688
10,1791554537391,2500,2499,2500,2500,2500,2500,2500,2500,2499,2500,2499,2499,2500,2499,2499,2500,0,0,0,0,5,0,0,5.555555820465088,0,0,0,0,0,100,5.263157844543457,5,48292.482421875,142908.24884033203,0,404327403520,8589930496,5904568320,114688
10,1791554537401,2500,2499,2500,2500,2500,2500,2500,2500,2499,2500,2499,2499,2500,2499,2499,2500,0,0,0,0,5,0,0,5.555555820465088,0,0,0,0,0,100,5.263157844543457,5,48292.64373779297,142908.6264038086,0,404327403520,8589930496,5912993792,114688
10,1791554537411,2500,2499,2500,2500,2500,2500,2500,2500,2499,2500,2499,2499,2500,2499,2499,2500,0,0,0,0,5,0,0,5.555555820465088,0,0,0,0,0,100,5.263157844543457,5,48292.804626464844,142909.00842285156,0,404327403520,8589930496,5912993792,114688
10,1791554537421,2500,2499,2500,2500,2500,2500,2500,2500,2499,2500,2499,2499,2500,2499,2499,2500,0,0,0,0,5,0,0,5.555555820465088,0,0,0,0,0,100,5.263157844543457,5,48292.962463378906,142909.38067626953,0,404327403520,8589930496,5912993792,114688
9,1791554537431,2500,2499,2500,2500,2500,2500,2500,2500,2499,2500,2499,2499,2500,2499,2499,2500,0,0,0,0,5,0,0,5.555555820465088,0,0,0,0,0,100,5.263157844543457,5,48293.120361328125,142909.75848388672,0,404327403520,8589930496,5912993792,114688
10,1791554537441,2500,2499,2500,2500,2500,2500,2500,2500,2499,2500,2499,2499,2500,2499,2499,2500,0,0,0,0,5,0,0,5.555555820465088,0,0,0,0,0,100,5.263157844543457,5,48293.274658203125,142910.1357421875,0,404327403520,8589930496,5912993792,114688
10,1791554537451,2500,2499,2500,2500,2500,2500,2500,2500,2499,2500,2499,2499,2500,2499,2499,2500,0,0,0,0,5,0,0,5.555555820465088,0,0,0,0,0,100,5.263157844543457,5,48293.43182373047,142910.5140991211,0,404327403520,8589930496,5921419264,114688
10,1791554537461,2500,2499,2500,2500,2500,2500,2500,2500,2499,2500,2499,2499,2500,2499,2499,2500,0,0,0,0,5,0,0,5.555555820465088,0,0,0,0,0,100,5.263157844543457,5,48293.60467529297,142910.89294433594,0,404327403520,8589930496,5921419264,114688
9,1791554537471,2500,2499,2500,2500,2500,2500,2500,2500,2499,2500,2499,2499,2500,2499,2499,2500,0,0,0,0,0,0,0,10,0,0,0,0,0,100,0,0,48293.76776123047,142911.26977539063,0,404327403520,8589930496,5921419264,114688
10,1791554537481,2500,2499,2500,2500,2500,2500,2500,2500,2499,2500,2499,2499,2500,2499,2499,2500,0,0,0,0,0,0,0,10,0,0,0,0,0,100,0,0,48293.92443847656,142911.6469116211,0,404327403520,8589930496,5921419264,114688
10,1791554537491,2500,2499,2500,2500,2500,2500,2500,2500,2499,2500,2499,2499,2500,2499,2499,2500,0,0,0,0,0,0,0,10,0,0,0,0,0,100,0,0,48294.08740234375,142912.02465820313,0,404327403520,8589930496,5921419264,114688
10,1791554537501,2500,2499,2500,2500,2500,2500,2500,2500,2499,2500,2499,2499,2500,2499,2499,2500,0,0,0,0,0,0,0,10,0,0,0,0,0,100,0,0,48294.248107910156,142912.40301513672,0,404327403520,8589930496,5929349120,114688
10,1791554537512,2500,2499,2500,2500,2500,2500,2500,2500,2499,2500,2499,2499,2500,2499,2499,2500,0,0,0,0,0,0,0,10,0,0,0,0,0,100,0,0,48294.40802001953,142912.7816772461,0,404327403520,8589930496,5929349120,114688
10,1791554537522,2500,2499,2500,2500,2500,2500,2500,2500,2499,2500,2499,2499,2500,2499,2499,2500,0,0,0,0,0,0,0,10,0,0,0,0,0,100,0,0,48294.58233642578,142913.19580078125,0,404327403520,8589930496,5929349120,114688
10,1791554537532,2500,2499,2500,2500,2500,2500,2500,2500,2499,2500,2499,2499,2500,2499,2499,2500,0,0,0,0,0,0,0,10,0,0,0,0,0,100,0,0,48294.74005126953,142913.53619384766,0,404327403520,8589930496,5929349120,114688
9,1791554537542,2500,2499,2500,2500,2500,2500,2500,2500,2499,2500,2499,2499,2500,2499,2499,2500,0,0,0,0,0,0,0,10,0,0,0,0,0,100,0,0,48294.89276123047,142913.94915771484,0,404327403520,8589930496,5937774592,114688
10,1791554537552,2500,2499,2500,2500,2500,2500,2500,2500,2499,2500,2499,2499,2500,2499,2499,2500,0,0,0,0,0,0,0,10,0,0,0,0,0,100,0,0,48295.05059814453,142914.3250732422,0,404327403520,8589930496,5937774592,114688
10,1791554537562,2500,2499,2500,2500,2500,2500,2500,2500,2499,2500,2499,2499,2500,2499,2499,2500,0,0,0,0,0,0,0,10,0,0,0,0,0,100,0,0,48295.21228027344,142914.70184326172,0,404327403520,8589930496,5937774592,114688
10,1791554537572,2500,2499,2500,2500,2500,2500,2500,2500,2499,2500,2499,2499,2500,2499,2499,2500,0,0,0,0,0,0,0,10,0,0,0,0,0,100,0,0,48295.372131347656,142915.07971191406,0,404327403520,8589930496,5937774592,114688
10,1791554537582,2500,2499,2500,2500,2500,2500,2500,2500,2499,2500,2499,2499,2500,2499,2499,2500,0,0,0,0,0,0,0,10,0,0,0,0,0,100,0,0,48295.52667236328,142915.45556640625,0,404327403520,8589930496,5937774592,114688
10,1791554537592,2500,2499,2500,2500,2500,2500,2500,2500,2499,2500,2499,2499,2500,2499,2499,2500,0,0,0,0,0,0,0,10,0,0,0,0,0,100,0,0,48295.688903808594,142915.83282470703,0,404327403520,8589930496,5946200064,114688
9,1791554537602,2500,2499,2500,2500,2500,2500,2500,2500,2499,2500,2499,2499,2500,2499,2499,2500,0,0,0,0,0,0,0,10,0,0,0,0,0,100,0,0,48295.85290527344,142916.21069335938,0,404327403520,8589930496,5946200064,114688
10,1791554537612,2500,2499,2500,2500,2500,2500,2500,2500,2499,2500,2499,2499,2500,2499,2499,2500,0,0,0,0,0,0,0,10,0,0,0,0,0,100,0,0,48296.013671875,142916.58685302734,0,404327403520,8589930496,5946200064,114688
10,1791554537622,2500,2499,2500,2500,2500,2500,2500,2500,2499,2500,2499,2499,2500,2499,2499,2500,0,0,0,0,0,0,0,10,0,0,0,0,0,100,0,0,48296.173095703125,142916.96252441406,0,404327403520,8589930496,5946200064,114688
10,1791554537632,2500,2499,2500,2500,2500,2500,2500,2500,2499,2500,2499,2499,2500,2499,2499,2500,0,0,0,0,0,0,0,10,0,0,0,0,0,100,0,0,48296.33349609375,142917.33892822266,0,404327403520,8589930496,5954129920,114688
10,1791554537642,2500,2499,2500,2500,2500,2500,2500,2500,2499,2500,2499,2499,2500,2499,2499,2500,0,0,0,0,0,0,0,10,0,0,0,0,0,100,0,0,48296.490173339844,142917.71746826172,0,404327403520,8589930496,5954129920,114688
9,1791554537652,2500,2499,2500,2500,2500,2500,2500,2500,2499,2500,2499,2499,2500,2499,2499,2500,0,0,0,0,0,0,0,10,0,0,0,0,0,100,0,0,48296.65124511719,142918.09466552734,0,404327403520,8589930496,5954129920,114688
9,1791554537662,2500,2499,2500,2500,2500,2500,2500,2500,2499,2500,2499,2499,2500,2499,2499,2500,0,0,0,0,0,0,0,10,0,0,0,0,0,100,0,0,48296.81085205078,142918.4702758789,0,404327403520,8589930496,5954129920,114688
10,1791554537672,2500,2499,2500,2500,2500,2500,2500,2500,2499,2500,2499,2499,2500,2499,2499,2500,0,4.761904716491699,0,0,0,0,0,5.263157844543457,0,0,0,0,0,100,0,0,48296.97399902344,142918.84881591797,0,404327403520,8589930496,5962555392,114688
10,1791554537683,2500,2499,2500,2500,2500,2500,2500,2500,2499,2500,2499,2499,2500,2499,2499,2500,0,4.761904716491699,0,0,0,0,0,5.263157844543457,0,0,0,0,0,100,0,0,48297.13073730469,142919.22686767578,0,404327403520,8589930496,5962555392,114688
10,1791554537693,2500,2499,2500,2500,2500,2500,2500,2500,2499,2500,2499,2499,2500,2499,2499,2500,0,4.761904716491699,0,0,0,0,0,5.263157844543457,0,0,0,0,0,100,0,0,48297.288330078125,142919.60412597656,0,404327403520,8589930496,5962555392,114688
10,1791554537703,2500,2499,2500,2500,2500,2500,2500,2500,2499,2500,2499,2499,2500,2499,2499,2500,0,4.761904716491699,0,0,0,0,0,5.263157844543457,0,0,0,0,0,100,0,0,48297.448181152344,142919.97973632813,0,404327403520,8589930496,5962555392,114688
10,1791554537713,2500,2499,2500,2500,2500,2500,2500,2500,2499,2500,2499,2499,2500,2499,2499,2500,0,4.761904716491699,0,0,0,0,0,5.263157844543457,0,0,0,0,0,100,0,0,48297.62463378906,142920.39385986328,0,404327403520,8589930496,5962555392,114688
10,1791554537723,2500,2499,2500,2500,2500,2500,2500,2500,2499,2500,2499,2499,2500,2499,2499,2500,0,4.761904716491699,0,0,0,0,0,5.263157844543457,0,0,0,0,0,100,0,0,48297.77941894531,142920.77032470703,0,404327403520,8589930496,5970980864,114688
10,1791554537733,2500,2499,2500,2500,2500,2500,2500,2500,2499,2500,2499,2499,2500,2499,2499,2500,0,4.761904716491699,0,0,0,0,0,5.263157844543457,0,0,0,0,0,100,0,0,48297.930908203125,142921.1466064453,0,404327403520,8589930496,5970980864,114688
10,1791554537743,2500,2499,2500,2500,2500,2500,2500,2500,2499,2500,2499,2499,2500,2499,2499,2500,0,4.761904716491699,0,0,0,0,0,5.263157844543457,0,0,0,0,0,100,0,0,48298.0859375,142921.52282714844,0,404327403520,8589930496,5970980864,114688
10,1791554537753,2500,2499,2500,2500,2500,2500,2500,2500,2499,2500,2499,2499,2500,2499,2499,2500,0,4.761904716491699,0,0,0,0,0,5.263157844543457,0,0,0,0,0,100,0,0,48298.241760253906,142921.90057373047,0,404327403520,8589930496,5970980864,114688
10,1791554537763,2500,2499,2500,2500,2500,2500,2500,2500,2499,2500,2499,2499,2500,2499,2499,2500,0,4.761904716491699,0,0,0,0,0,5.263157844543457,0,0,0,0,0,100,0,0,48298.39794921875,142922.27783203125,0,404327403520,8589930496,5978910720,114688
9,1791554537773,2500,2499,2500,2500,2500,2500,2500,2500,2499,2500,2499,2499,2500,2499,2499,2500,0,4.761904716491699,0,0,0,0,0,5.263157844543457,0,0,0,0,0,100,0,0,48298.55877685547,142922.65600585938,0,404327403520,8589930496,5978910720,114688
10,1791554537783,2500,2499,2500,2500,2500,2500,2500,2500,2499,2500,2499,2499,2500,2499,2499,2500,0,4.761904716491699,0,0,0,0,0,5.263157844543457,0,0,0,0,0,100,0,0,48298.71667480469,142923.03063964844,0,404327403520,8589930496,5978910720,114688
10,1791554537793,2500,2499,2500,2500,2500,2500,2500,2500,2499,2500,2499,2499,2500,2499,2499,2500,0,4.761904716491699,0,0,0,0,0,5.263157844543457,0,0,0,0,0,100,0,0,48298.876525878906,142923.40643310547,0,404327403520,8589930496,5978910720,114688
10,1791554537803,2500,2499,2500,2500,2500,2500,2500,2500,2499,2500,2499,2499,2500,2499,2499,2500,0,4.761904716491699,0,0,0,0,0,5.263157844543457,0,0,0,0,0,100,0,0,48299.035095214844,142923.78302001953,0,404327403520,8589930496,5978910720,114688
10,1791554537813,2500,2499,2500,2500,2500,2500,2500,2500,2499,2500,2499,2499,2500,2499,2499,2500,0,4.761904716491699,0,0,0,0,0,5.263157844543457,0,0,0,0,0,100,0,0,48299.19970703125,142924.15985107422,0,404327403520,8589930496,5987336192,114688
10,1791554537823,2500,2499,2500,2500,2500,2500,2500,2500,2499,2500,2499,2499,2500,2499,2499,2500,0,4.761904716491699,0,0,0,0,0,5.263157844543457,0,0,0,0,0,100,0,0,48299.35418701172,142924.5379638672,0,404327403520,8589930496,5987336192,114688
9,1791554537833,2500,2499,2500,2500,2500,2500,2500,2500,2499,2500,2499,2499,2500,2499,2499,2500,0,4.761904716491699,0,0,0,0,0,5.263157844543457,0,0,0,0,0,100,0,0,48299.52099609375,142924.91772460938,0,404327403520,8589930496,5987336192,114688
10,1791554537843,2500,2499,2500,2500,2500,2500,2500,2500,2499,2500,2499,2499,2500,2499,2499,2500,0,4.761904716491699,0,0,0,0,0,5.263157844543457,0,0,0,0,0,100,0,0,48299.67810058594,142925.29260253906,0,404327403520,8589930496,5987336192,114688
10,1791554537854,2500,2499,2500,2500,2500,2500,2500,2500,2499,2500,2499,2499,2500,2499,2499,2500,0,4.761904716491699,0,0,0,0,0,5.263157844543457,0,0,0,0,0,100,0,0,48299.83612060547,142925.671875,0,404327403520,8589930496,5987336192,114688
10,1791554537864,2500,2499,2500,2500,2500,2500,2500,2500,2499,2500,2499,2499,2500,2499,2499,2500,0,4.761904716491699,0,0,0,0,0,5.263157844543457,0,0,0,0,0,100,0,0,48299.99597167969,142926.04486083984,0,404327403520,8589930496,5995761664,114688
10,1791554537874,2500,2499,2500,2500,2500,2500,2500,2500,2499,2500,2499,2499,2500,2499,2499,2500,5,0,0,0,0,0,0,5.555555820465088,0,0,5,0,0,100,5,0,48300.15545654297,142926.4227294922,0,404327403520,8589930496,5995761664,114688
10,1791554537884,2500,2499,2500,2500,2500,2500,2500,2500,2499,2500,2499,2499,2500,2499,2499,2500,5,0,0,0,0,0,0,5.555555820465088,0,0,5,0,0,100,5,0,48300.31658935547,142926.80102539063,0,404327403520,8589930496,5995761664,114688
10,1791554537894,2500,2499,2500,2500,2500,2500,2500,2500,2499,2500,2499,2499,2500,2499,2499,2500,5,0,0,0,0,0,0,5.555555820465088,0,0,5,0,0,100,5,0,48300.47442626953,142927.17901611328,0,404327403520,8589930496,5995761664,114688
10,1791554537904,2500,2499,2500,2500,2500,2500,2500,2500,2499,2500,2499,2499,2500,2499,2499,2500,5,0,0,0,0,0,0,5.555555820465088,0,0,5,0,0,100,5,0,48300.62939453125,142927.55657958984,0,404327403520,8589930496,6003691520,114688
10,1791554537914,2500,2499,2500,2500,2500,2500,2500,2500,2499,2500,2499,2499,2500,2499,2499,2500,5,0,0,0,0,0,0,5.555555820465088,0,0,5,0,0,100,5,0,48300.789978027344,142927.93231201172,0,404327403520,8589930496,6003691520,114688
10,1791554537924,2500,2499,2500,2500,2500,2500,2500,2500,2499,2500,2499,2499,2500,2499,2499,2500,5,0,0,0,0,0,0,5.555555820465088,0,0,5,0,0,100,5,0,48300.96960449219,142928.34674072266,0,404327403520,8589930496,6003691520,114688
10,1791554537934,2500,2499,2500,2500,2500,2500,2500,2500,2499,2500,2499,2499,2500,2499,2499,2500,5,0,0,0,0,0,0,5.555555820465088,0,0,5,0,0,100,5,0,48301.131103515625,142928.72485351563,0,404327403520,8589930496,6003691520,114688
10,1791554537944,2500,2499,2500,2500,2500,2500,2500,2500,2499,2500,2499,2499,2500,2499,2499,2500,5,0,0,0,0,0,0,5.555555820465088,0,0,5,0,0,100,5,0,48301.293029785156,142929.1014404297,0,404327403520,8589930496,6003691520,114688
10,1791554537954,2500,2499,2500,2500,2500,2500,2500,2500,2499,2500,2499,2499,2500,2499,2499,2500,5,0,0,0,0,0,0,5.555555820465088,0,0,5,0,0,100,5,0,48301.45428466797,142929.47814941406,0,404327403520,8589930496,6012116992,114688
10,1791554537964,2500,2499,2500,2500,2500,2500,2500,2500,2499,2500,2499,2499,2500,2499,2499,2500,5,0,0,0,0,0,0,5.555555820465088,0,0,5,0,0,100,5,0,48301.61492919922,142929.85546875,0,404327403520,8589930496,6012116992,114688
10,1791554537974,2500,2499,2500,2500,2500,2500,2500,2500,2499,2500,2499,2499,2500,2499,2499,2500,5,0,0,0,0,0,0,5.555555820465088,0,0,5,0,0,100,5,0,48301.77294921875,142930.232421875,0,404327403520,8589930496,6012116992,114688
10,1791554537984,2500,2499,2500,2500,2500,2500,2500,2500,2499,2500,2499,2499,2500,2499,2499,2500,5,0,0,0,0,0,0,5.555555820465088,0,0,5,0,0,100,5,0,48301.9326171875,142930.60833740234,0,404327403520,8589930496,6012116992,114688
10,1791554537994,2500,2499,2500,2500,2500,2500,2500,2500,2499,2500,2499,2499,2500,2499,2499,2500,5,0,0,0,0,0,0,5.555555820465088,0,0,5,0,0,100,5,0,48302.091552734375,142930.9835205078,0,404327403520,8589930496,6020542464,114688
10,1791554538004,2500,2499,2500,2500,2500,2500,2500,2500,2499,2500,2499,2499,2500,2499,2499,2500,5,0,0,0,0,0,0,5.555555820465088,0,0,5,0,0,100,5,0,48302.249572753906,142931.36181640625,0,404327403520,8589930496,6020542464,114688
9,1791554538014,2500,2499,2500,2500,2500,2500,2500,2500,2499,2500,2499,2499,2500,2499,2499,2500,5,0,0,0,0,0,0,5.555555820465088,0,0,5,0,0,100,5,0,48302.40869140625,142931.7393798828,0,404327403520,8589930496,6020542464,114688
10,1791554538025,2500,2499,2500,2500,2500,2500,2500,2500,2499,2500,2499,2499,2500,2499,2499,2500,5,0,0,0,0,0,0,5.555555820465088,0,0,5,0,0,100,5,0,48302.565002441406,142932.11712646484,0,404327403520,8589930496,6020542464,114688
10,1791554538035,2500,2499,2500,2500,2500,2500,2500,2500,2499,2500,2499,2499,2500,2499,2499,2500,5,0,0,0,0,0,0,5.555555820465088,0,0,5,0,0,100,5,0,48302.72381591797,142932.49688720703,0,404327403520,8589930496,6028472320,114688
10,1791554538045,2500,2499,2500,2500,2500,2500,2500,2500,2499,2500,2499,2499,2500,2499,2499,2500,5,0,0,0,0,0,0,5.555555820465088,0,0,5,0,0,100,5,0,48302.88220214844,142932.8740234375,0,404327403520,8589930496,6028472320,114688
10,1791554538055,2500,2499,2500,2500,2500,2500,2500,2500,2499,2500,2499,2499,2500,2499,2499,2500,5,0,0,0,0,0,0,5.555555820465088,0,0,5,0,0,100,5,0,48303.03985595703,142933.25170898438,0,404327403520,8589930496,6028472320,114688
10,1791554538065,2500,2499,2500,2500,2500,2500,2500,2500,2499,2500,2499,2499,2500,2499,2499,2500,5,0,0,0,0,0,0,5.555555820465088,0,0,5,0,0,100,5,0,48303.199768066406,142933.62774658203,0,404327403520,8589930496,6028472320,114688
10,1791554538075,2500,2499,2500,2500,2500,2500,2500,2500,2499,2500,2499,2499,2500,2499,2499,2500,0,0,0,0,0,0,0,10,0,0,0,5,0,100,5,5,48303.35705566406,142934.00653076172,0,404327403520,8589930496,6028472320,114688
10,1791554538085,2500,2499,2500,2500,2500,2500,2500,2500,2499,2500,2499,2499,2500,2499,2499,2500,0,0,0,0,0,0,0,10,0,0,0,5,0,100,5,5,48303.51672363281,142934.38494873047,0,404327403520,8589930496,6036897792,114688
10,1791554538095,2500,2499,2500,2500,2500,2500,2500,2500,2499,2500,2499,2499,2500,2499,2499,2500,0,0,0,0,0,0,0,10,0,0,0,5,0,100,5,5,48303.67987060547,142934.7607421875,0,404327403520,8589930496,6036377600,114688
10,1791554538105,2500,2499,2500,2500,2500,2500,2500,2500,2499,2500,2499,2499,2500,2499,2499,2500,0,0,0,0,0,0,0,10,0,0,0,5,0,100,5,5,48303.84100341797,142935.13610839844,0,404327403520,8589930496,6036377600,114688
9,1791554538115,2500,2499,2500,2500,2500,2500,2500,2500,2499,2500,2499,2499,2500,2499,2499,2500,0,0,0,0,0,0,0,10,0,0,0,5,0,100,5,5,48304.018493652344,142935.54962158203,0,404327403520,8589930496,6036377600,114688
10,1791554538125,2500,2499,2500,2500,2500,2500,2500,2500,2499,2500,2499,2499,2500,2499,2499,2500,0,0,0,0,0,0,0,10,0,0,0,5,0,100,5,5,48304.18194580078,142935.93048095703,0,404327403520,8589930496,6044803072,114688
10,1791554538135,2500,2499,2500,2500,2500,2500,2500,2500,2499,2500,2499,2499,2500,2499,2499,2500,0,0,0,0,0,0,0,10,0,0,0,5,0,100,5,5,48304.33972167969,142936.30682373047,0,404327403520,8589930496,6044803072,114688
10,1791554538145,2500,2499,2500,2500,2500,2500,2500,2500,2499,2500,2499,2499,2500,2499,2499,2500,0,0,0,0,0,0,0,10,0,0,0,5,0,100,5,5,48304.50067138672,142936.68377685547,0,404327403520,8589930496,6044803072,114688
10,1791554538155,2500,2499,2500,2500,2500,2500,2500,2500,2499,2500,2499,2499,2500,2499,2499,2500,0,0,0,0,0,0,0,10,0,0,0,5,0,100,5,5,48304.657958984375,142937.06127929688,0,404327403520,8589930496,6035357696,114688
10,1791554538165,2500,2499,2500,2500,2500,2500,2500,2500,2499,2500,2499,2499,2500,2499,2499,2500,0,0,0,0,0,0,0,10,0,0,0,5,0,100,5,5,48304.813537597656,142937.43969726563,0,404327403520,8589930496,6035357696,114688
10,1791554538175,2500,2499,2500,2500,2500,2500,2500,2500,2499,2500,2499,2499,2500,2499,2499,2500,0,0,0,0,0,0,0,10,0,0,0,5,0,100,5,5,48304.96710205078,142937.81665039063,0,404327403520,8589930496,6043287552,114688
10,1791554538185,2500,2499,2500,2500,2500,2500,2500,2500,2499,2500,2499,2499,2500,2499,2499,2500,0,0,0,0,0,0,0,10,0,0,0,5,0,100,5,5,48305.127990722656,142938.1968383789,0,404327403520,8589930496,6043287552,114688
10,1791554538196,2500,2499,2500,2500,2500,2500,2500,2500,2499,2500,2499,2499,2500,2499,2499,2500,0,0,0,0,0,0,0,10,0,0,0,5,0,100,5,5,48305.2841796875,142938.57348632813,0,404327403520,8589930496,6043287552,114688
9,1791554538206,2500,2499,2500,2500,2500,2500,2500,2500,2499,2500,2499,2499,2500,2499,2499,2500,0,0,0,0,0,0,0,10,0,0,0,5,0,100,5,5,48305.4443359375,142938.94903564453,0,404327403520,8589930496,6043287552,114688
10,1791554538216,2500,2499,2500,2500,2500,2500,2500,2500,2499,2500,2499,2499,2500,2499,2499,2500,0,0,0,0,0,0,0,10,0,0,0,5,0,100,5,5,48305.60437011719,142939.32720947266,0,404327403520,8589930496,6051713024,114688
10,1791554538226,2500,2499,2500,2500,2500,2500,2500,2500,2499,2500,2499,2499,2500,2499,2499,2500,0,0,0,0,0,0,0,10,0,0,0,5,0,100,5,5,48305.764404296875,142939.7055053711,0,404327403520,8589930496,6051713024,114688
10,1791554538236,2500,2499,2500,2500,2500,2500,2500,2500,2499,2500,2499,2499,2500,2499,2499,2500,0,0,0,0,0,0,0,10,0,0,0,5,0,100,5,5,48305.92175292969,142940.08135986328,0,404327403520,8589930496,6051713024,114688
10,1791554538246,2500,2499,2500,2500,2500,2500,2500,2500,2499,2500,2499,2499,2500,2499,2499,2500,0,0,0,0,0,0,0,10,0,0,0,5,0,100,5,5,48306.078857421875,142940.46057128906,0,404327403520,8589930496,6051713024,114688
10,1791554538256,2500,2499,2500,2500,2500,2500,2500,2500,2499,2500,2499,2499,2500,2499,2499,2500,0,0,0,0,0,0,0,10,0,0,0,5,0,100,5,5,48306.23205566406,142940.8367919922,0,404327403520,8589930496,6051713024,114688
10,1791554538266,2500,2499,2500,2500,2500,2500,2500,2500,2499,2500,2499,2499,2500,2499,2499,2500,0,0,0,0,0,0,0,10,0,0,0,5,0,100,5,5,48306.385498046875,142941.21520996094,0,404327403520,8589930496,6059642880,114688
10,1791554538276,2500,2499,2500,2500,2500,2500,2500,2500,2499,2500,2499,2499,2500,2499,2499,2500,0,0,0,0,0,0,0,5.263157844543457,0,0,0,0,0,100,0,5,48306.548095703125,142941.5919189453,0,404327403520,8589930496,6059642880,114688
9,1791554538286,2500,2499,2500,2500,2500,2500,2500,2500,2499,2500,2499,2499,2500,2499,2499,2500,0,0,0,0,0,0,0,5.263157844543457,0,0,0,0,0,100,0,5,48306.704650878906,142941.97930908203,0,404327403520,8589930496,6059642880,114688
10,1791554538296,2500,2499,2500,2500,2500,2500,2500,2500,2499,2500,2499,2499,2500,2499,2499,2500,0,0,0,0,0,0,0,5.263157844543457,0,0,0,0,0,100,0,5,48306.863220214844,142942.3465576172,0,404327403520,8589930496,6059642880,114688
10,1791554538306,2500,2499,2500,2500,2500,2500,2500,2500,2499,2500,2499,2499,2500,2499,2499,2500,0,0,0,0,0,0,0,5.263157844543457,0,0,0,0,0,100,0,5,48307.0205078125,142942.72827148438,0,404327403520,8589930496,6068068352,114688
10,1791554538316,2500,2499,2500,2500,2500,2500,2500,2500,2499,2500,2499,2499,2500,2499,2499,2500,0,0,0,0,0,0,0,5.263157844543457,0,0,0,0,0,100,0,5,48307.197692871094,142943.13842773438,0,404327403520,8589930496,6068068352,114688
10,1791554538326,2500,2499,2500,2500,2500,2500,2500,2500,2499,2500,2499,2499,2500,2499,2499,2500,0,0,0,0,0,0,0,5.263157844543457,0,0,0,0,0,100,0,5,48307.35760498047,142943.51611328125,0,404327403520,8589930496,6068068352,114688
10,1791554538336,2500,2499,2500,2500,2500,2500,2500,2500,2499,2500,2499,2499,2500,2499,2499,2500,0,0,0,0,0,0,0,5.263157844543457,0,0,0,0,0,100,0,5,48307.498962402344,142943.86254882813,0,404327403520,8589930496,6068068352,114688
10,1791554538346,2500,2499,2500,2500,2500,2500,2500,2500,2499,2500,2499,2499,2500,2499,2499,2500,0,0,0,0,0,0,0,5.263157844543457,0,0,0,0,0,100,0,5,48307.673583984375,142944.27056884766,0,404327403520,8589930496,6068068352,114688
10,1791554538356,2500,2499,2500,2500,2500,2500,2500,2500,2499,2500,2499,2499,2500,2499,2499,2500,0,0,0,0,0,0,0,5.263157844543457,0,0,0,0,0,100,0,5,48307.822998046875,142944.63409423828,0,404327403520,8589930496,6076493824,114688
10,1791554538367,2500,2499,2500,2500,2500,2500,2500,2500,2499,2500,2499,2499,2500,2499,2499,2500,0,0,0,0,0,0,0,5.263157844543457,0,0,0,0,0,100,0,5,48307.99627685547,142945.04803466797,0,404327403520,8589930496,6076493824,114688
10,1791554538377,2500,2499,2500,2500,2500,2500,2500,2500,2499,2500,2499,2499,2500,2499,2499,2500,0,0,0,0,0,0,0,5.263157844543457,0,0,0,0,0,100,0,5,48308.15740966797,142945.42608642578,0,404327403520,8589930496,6076493824,114688
9,1791554538387,2500,2499,2500,2500,2500,2500,2500,2500,2499,2500,2499,2499,2500,2499,2499,2500,0,0,0,0,0,0,0,5.263157844543457,0,0,0,0,0,100,0,5,48308.32257080078,142945.80114746094,0,404327403520,8589930496,6076493824,114688
10,1791554538397,2500,2499,2500,2500,2500,2500,2500,2500,2499,2500,2499,2499,2500,2499,2499,2500,0,0,0,0,0,0,0,5.263157844543457,0,0,0,0,0,100,0,5,48308.48229980469,142946.181640625,0,404327403520,8589930496,6084423680,114688
10,1791554538407,2500,2499,2500,2500,2500,2500,2500,2500,2499,2500,2499,2499,2500,2499,2499,2500,0,0,0,0,0,0,0,5.263157844543457,0,0,0,0,0,100,0,5,48308.64306640625,142946.55627441406,0,404327403520,8589930496,6084423680,114688
10,1791554538417,2500,2499,2500,2500,2500,2500,2500,2500,2499,2500,2499,2499,2500,2499,2499,2500,0,0,0,0,0,0,0,5.263157844543457,0,0,0,0,0,100,0,5,48308.803649902344,142946.9305419922,0,404327403520,8589930496,6084423680,114688
10,1791554538427,2500,2499,2500,2500,2500,2500,2500,2500,2499,2500,2499,2499,2500,2499,2499,2500,0,0,0,0,0,0,0,5.263157844543457,0,0,0,0,0,100,0,5,48308.96661376953,142947.30505371094,0,404327403520,8589930496,6084423680,114688
10,1791554538437,2500,2499,2500,2500,2500,2500,2500,2500,2499,2500,2499,2499,2500,2499,2499,2500,0,0,0,0,0,0,0,5.263157844543457,0,0,0,0,0,100,0,5,48309.12756347656,142947.68450927734,0,404327403520,8589930496,6084423680,114688
10,1791554538447,2500,2499,2500,2500,2500,2500,2500,2500,2499,2500,2499,2499,2500,2499,2499,2500,0,0,0,0,0,0,0,5.263157844543457,0,0,0,0,0,100,0,5,48309.2890625,142948.06182861328,0,404327403520,8589930496,6092849152,114688
9,1791554538457,2500,2499,2500,2500,2500,2500,2500,2500,2499,2500,2499,2499,2500,2499,2499,2500,0,0,0,0,0,0,0,5.263157844543457,0,0,0,0,0,100,0,5,48309.446350097656,142948.43817138672,0,404327403520,8589930496,6092849152,114688
10,1791554538467,2500,2499,2500,2500,2500,2500,2500,2500,2499,2500,2499,2499,2500,2499,2499,2500,0,0,0,0,0,0,0,5.263157844543457,0,0,0,0,0,100,0,5,48309.60534667969,142948.8162841797,0,404327403520,8589930496,6092849152,114688
10,1791554538477,2500,2499,2500,2500,2500,2500,2500,2500,2499,2500,2499,2499,2500,2499,2499,2500,5,0,0,0,0,0,0,5.555555820465088,5,0,0,0,0,100,5.263157844543457,0,48309.763916015625,142949.19329833984,0,404327403520,8589930496,6092849152,114688
10,1791554538487,2500,2499,2500,2500,2500,2500,2500,2500,2499,2500,2499,2499,2500,2499,2499,2500,5,0,0,0,0,0,0,5.555555820465088,5,0,0,0,0,100,5.263157844543457,0,48309.92462158203,142949.57318115234,0,404327403520,8589930496,6101274624,114688
10,1791554538497,2500,2499,2500,2500,2500,2500,2500,2500,2499,2500,2499,2499,2500,2499,2499,2500,5,0,0,0,0,0,0,5.555555820465088,5,0,0,0,0,100,5.263157844543457,0,48310.083740234375,142949.9483642578,0,404327403520,8589930496,6101274624,114688
10,1791554538507,2500,2499,2500,2500,2500,2500,2500,2500,2499,2500,2499,2499,2500,2499,2499,2500,5,0,0,0,0,0,0,5.555555820465088,5,0,0,0,0,100,5.263157844543457,0,48310.239807128906,142950.32586669922,0,404327403520,8589930496,6101274624,114688
10,1791554538517,2500,2499,2500,2500,2500,2500,2500,2500,2499,2500,2499,2499,2500,2499,2499,2500,5,0,0,0,0,0,0,5.555555820465088,5,0,0,0,0,100,5.263157844543457,0,48310.39874267578,142950.70263671875,0,404327403520,8589930496,6101274624,114688
10,1791554538527,2500,2499,2500,2500,2500,2500,2500,2500,2499,2500,2499,2499,2500,2499,2499,2500,5,0,0,0,0,0,0,5.555555820465088,5,0,0,0,0,100,5.263157844543457,0,48310.57092285156,142951.1177368164,0,404327403520,8589930496,6109204480,114688
10,1791554538538,2500,2499,2500,2500,2500,2500,2500,2500,2499,2500,2499,2499,2500,2499,2499,2500,5,0,0,0,0,0,0,5.555555820465088,5,0,0,0,0,100,5.263157844543457,0,48310.71502685547,142951.45611572266,0,404327403520,8589930496,6109204480,114688
10,1791554538548,2500,2499,2500,2500,2500,2500,2500,2500,2499,2500,2499,2499,2500,2499,2499,2500,5,0,0,0,0,0,0,5.555555820465088,5,0,0,0,0,100,5.263157844543457,0,48310.8876953125,142951.87145996094,0,404327403520,8589930496,6109204480,114688
10,1791554538558,2500,2499,2500,2500,2500,2500,2500,2500,2499,2500,2499,2499,2500,2499,2499,2500,5,0,0,0,0,0,0,5.555555820465088,5,0,0,0,0,100,5.263157844543457,0,48311.04943847656,142952.24780273438,0,404327403520,8589930496,6109204480,114688
9,1791554538568,2500,2499,2500,2500,2500,2500,2500,2500,2499,2500,2499,2499,2500,2499,2499,2500,5,0,0,0,0,0,0,5.555555820465088,5,0,0,0,0,100,5.263157844543457,0,48311.20373535156,142952.6268310547,0,404327403520,8589930496,6109204480,114688
10,1791554538578,2500,2499,2500,2500,2500,2500,2500,2500,2499,2500,2499,2499,2500,2499,2499,2500,5,0,0,0,0,0,0,5.555555820465088,5,0,0,0,0,100,5.263157844543457,0,48311.36065673828,142953.00421142578,0,404327403520,8589930496,6117629952,114688
10,1791554538588,2500,2499,2500,2500,2500,2500,2500,2500,2499,2500,2499,2499,2500,2499,2499,2500,5,0,0,0,0,0,0,5.555555820465088,5,0,0,0,0,100,5.263157844543457,0,48311.521240234375,142953.38153076172,0,404327403520,8589930496,6117629952,114688
10,1791554538598,2500,2499,2500,2500,2500,2500,2500,2500,2499,2500,2499,2499,2500,2499,2499,2500,5,0,0,0,0,0,0,5.555555820465088,5,0,0,0,0,100,5.263157844543457,0,48311.681396484375,142953.7611694336,0,404327403520,8589930496,6117629952,114688
10,1791554538608,2500,2499,2500,2500,2500,2500,2500,2500,2499,2500,2499,2499,2500,2499,2499,2500,5,0,0,0,0,0,0,5.555555820465088,5,0,0,0,0,100,5.263157844543457,0,48311.84051513672,142954.13568115234,0,404327403520,8589930496,6117629952,114688
10,1791554538618,2500,2499,2500,2500,2500,2500,2500,2500,2499,2500,2499,2499,2500,2499,2499,2500,5,0,0,0,0,0,0,5.555555820465088,5,0,0,0,0,100,5.263157844543457,0,48312.00036621094,142954.51336669922,0,404327403520,8589930496,6126055424,114688
9,1791554538628,2500,2499,2500,2500,2500,2500,2500,2500,2499,2500,2499,2499,2500,2499,2499,2500,5,0,0,0,0,0,0,5.555555820465088,5,0,0,0,0,100,5.263157844543457,0,48312.160217285156,142954.8897705078,0,404327403520,8589930496,6126055424,114688
10,1791554538638,2500,2499,2500,2500,2500,2500,2500,2500,2499,2500,2499,2499,2500,2499,2499,2500,5,0,0,0,0,0,0,5.555555820465088,5,0,0,0,0,100,5.263157844543457,0,48312.32452392578,142955.26861572266,0,404327403520,8589930496,6126055424,114688
10,1791554538648,2500,2499,2500,2500,2500,2500,2500,2500,2499,2500,2499,2499,2500,2499,2499,2500,5,0,0,0,0,0,0,5.555555820465088,5,0,0,0,0,100,5.263157844543457,0,48312.48181152344,142955.64514160156,0,404327403520,8589930496,6126055424,114688
10,1791554538658,2500,2499,2500,2500,2500,2500,2500,2500,2499,2500,2499,2499,2500,2499,2499,2500,5,0,0,0,0,0,0,5.555555820465088,5,0,0,0,0,100,5.263157844543457,0,48312.644958496094,142956.0239868164,0,404327403520,8589930496,6126055424,114688
10,1791554538668,2500,2499,2500,2500,2500,2500,2500,2500,2499,2500,2499,2499,2500,2499,2499,2500,5,0,0,0,0,0,0,5.555555820465088,5,0,0,0,0,100,5.263157844543457,0,48312.7978515625,142956.39892578125,0,404327403520,8589930496,6133985280,114688
10,1791554538678,2500,2499,2500,2500,2500,2500,2500,2500,2499,2500,2499,2499,2500,2499,2499,2500,5,0,0,0,0,0,0,10,0,0,0,0,0,100,5,0,48312.95733642578,142956.77783203125,0,404327403520,8589930496,6133985280,114688
10,1791554538688,2500,2499,2500,2500,2500,2500,2500,2500,2499,2500,2499,2499,2500,2499,2499,2500,5,0,0,0,0,0,0,10,0,0,0,0,0,100,5,0,48313.11553955078,142957.15557861328,0,404327403520,8589930496,6133985280,114688
10,1791554538698,2500,2499,2500,2500,2500,2500,2500,2500,2499,2500,2499,2499,2500,2499,2499,2500,5,0,0,0,0,0,0,10,0,0,0,0,0,100,5,0,48313.277404785156,142957.53411865234,0,404327403520,8589930496,6133985280,114688
10,1791554538709,2500,2499,2500,2500,2500,2500,2500,2500,2499,2500,2499,2499,2500,2499,2499,2500,5,0,0,0,0,0,0,10,0,0,0,0,0,100,5,0,48313.435607910156,142957.9116821289,0,404327403520,8589930496,6142410752,114688
10,1791554538719,2500,2499,2500,2500,2500,2500,2500,2500,2499,2500,2499,2499,2500,2499,2499,2500,5,0,0,0,0,0,0,10,0,0,0,0,0,100,5,0,48313.59375,142958.28942871094,0,404327403520,8589930496,6142410752,114688
10,1791554538729,2500,2499,2500,2500,2500,2500,2500,2500,2499,2500,2499,2499,2500,2499,2499,2500,5,0,0,0,0,0,0,10,0,0,0,0,0,100,5,0,48313.75616455078,142958.66607666016,0,404327403520,8589930496,6142410752,114688
9,1791554538739,2500,2499,2500,2500,2500,2500,2500,2500,2499,2500,2499,2499,2500,2499,2499,2500,5,0,0,0,0,0,0,10,0,0,0,0,0,100,5,0,48313.92938232422,142959.08013916016,0,404327403520,8589930496,6142410752,114688
10,1791554538749,2500,2499,2500,2500,2500,2500,2500,2500,2499,2500,2499,2499,2500,2499,2499,2500,5,0,0,0,0,0,0,10,0,0,0,0,0,100,5,0,48314.083923339844,142959.45782470703,0,404327403520,8589930496,6142410752,114688
10,1791554538759,2500,2499,2500,2500,2500,2500,2500,2500,2499,2500,2499,2499,2500,2499,2499,2500,5,0,0,0,0,0,0,10,0,0,0,0,0,100,5,0,48314.24304199219,142959.8338623047,0,404327403520,8589930496,6150836224,114688
10,1791554538769,2500,2499,2500,2500,2500,2500,2500,2500,2499,2500,2499,2499,2500,2499,2499,2500,5,0,0,0,0,0,0,10,0,0,0,0,0,100,5,0,48314.39904785156,142960.21240234375,0,404327403520,8589930496,6150836224,114688
10,1791554538779,2500,2499,2500,2500,2500,2500,2500,2500,2499,2500,2499,2499,2500,2499,2499,2500,5,0,0,0,0,0,0,10,0,0,0,0,0,100,5,0,48314.55969238281,142960.5892944336,0,404327403520,8589930496,6150836224,114688
10,1791554538789,2500,2499,2500,2500,2500,2500,2500,2500,2499,2500,2499,2499,2500,2499,2499,2500,5,0,0,0,0,0,0,10,0,0,0,0,0,100,5,0,48314.720458984375,142960.96551513672,0,404327403520,8589930496,6150836224,114688
10,1791554538799,2500,2499,2500,2500,2500,2500,2500,2500,2499,2500,2499,2499,2500,2499,2499,2500,5,0,0,0,0,0,0,10,0,0,0,0,0,100,5,0,48314.880859375,142961.34533691406,0,404327403520,8589930496,6158766080,114688
10,1791554538809,2500,2499,2500,2500,2500,2500,2500,2500,2499,2500,2499,2499,2500,2499,2499,2500,5,0,0,0,0,0,0,10,0,0,0,0,0,100,5,0,48315.04162597656,142961.72137451172,0,404327403520,8589930496,6158766080,114688
10,1791554538819,2500,2499,2500,2500,2500,2500,2500,2500,2499,2500,2499,2499,2500,2499,2499,2500,5,0,0,0,0,0,0,10,0,0,0,0,0,100,5,0,48315.19891357422,142962.0997314453,0,404327403520,8589930496,6158766080,114688
10,1791554538829,2500,2499,2500,2500,2500,2500,2500,2500,2499,2500,2499,2499,2500,2499,2499,2500,5,0,0,0,0,0,0,10,0,0,0,0,0,100,5,0,48315.360412597656,142962.4764404297,0,404327403520,8589930496,6158766080,114688
10,1791554538839,2500,2499,2500,2500,2500,2500,2500,2500,2499,2500,2499,2499,2500,2499,2499,2500,5,0,0,0,0,0,0,10,0,0,0,0,0,100,5,0,48315.520263671875,142962.85522460938,0,404327403520,8589930496,6158766080,114688
10,1791554538849,2500,2499,2500,2500,2500,2500,2500,2500,2499,2500,2499,2499,2500,2499,2499,2500,5,0,0,0,0,0,0,10,0,0,0,0,0,100,5,0,48315.67663574219,142963.2328491211,0,404327403520,8589930496,6167191552,114688
10,1791554538859,2500,2499,2500,2500,2500,2500,2500,2500,2499,2500,2499,2499,2500,2499,2499,2500,5,0,0,0,0,0,0,10,0,0,0,0,0,100,5,0,48315.832458496094,142963.6098022461,0,404327403520,8589930496,6167191552,114688
10,1791554538869,2500,2499,2500,2500,2500,2500,2500,2500,2499,2500,2499,2499,2500,2499,2499,2500,5,0,0,0,0,0,0,10,0,0,0,0,0,100,5,0,48315.98809814453,142963.9848022461,0,404327403520,8589930496,6167191552,114688
10,1791554538880,2500,2499,2500,2500,2500,2500,2500,2500,2499,2500,2499,2499,2500,2499,2499,2500,0,0,0,0,0,0,0,5.555555820465088,0,0,0,0,0,100,5,0,48316.14758300781,142964.32489013672,0,404327403520,8589930496,6167191552,114688
10,1791554538890,2500,2499,2500,2500,2500,2500,2500,2500,2499,2500,2499,2499,2500,2499,2499,2500,0,0,0,0,0,0,0,5.555555820465088,0,0,0,0,0,100,5,0,48316.30340576172,142964.74212646484,0,404327403520,8589930496,6175617024,114688
10,1791554538900,2500,2499,2500,2500,2500,2500,2500,2500,2499,2500,2499,2499,2500,2499,2499,2500,0,0,0,0,0,0,0,5.555555820465088,0,0,0,0,0,100,5,0,48316.46270751953,142965.1182861328,0,404327403520,8589930496,6175617024,114688
10,1791554538910,2500,2499,2500,2500,2500,2500,2500,2500,2499,2500,2499,2499,2500,2499,2499,2500,0,0,0,0,0,0,0,5.555555820465088,0,0,0,0,0,100,5,0,48316.62109375,142965.49688720703,0,404327403520,8589930496,6175617024,114688
10,1791554538920,2500,2499,2500,2500,2500,2500,2500,2500,2499,2500,2499,2499,2500,2499,2499,2500,0,0,0,0,0,0,0,5.555555820465088,0,0,0,0,0,100,5,0,48316.77746582031,142965.8724975586,0,404327403520,8589930496,6175617024,114688
9,1791554538930,2500,2499,2500,2500,2500,2500,2500,2500,2499,2500,2499,2499,2500,2499,2499,2500,0,0,0,0,0,0,0,5.555555820465088,0,0,0,0,0,100,5,0,48316.95202636719,142966.287109375,0,404327403520,8589930496,6175617024,114688
10,1791554538940,2500,2499,2500,2500,2500,2500,2500,2500,2499,2500,2499,2499,2500,2499,2499,2500,0,0,0,0,0,0,0,5.555555820465088,0,0,0,0,0,100,5,0,48317.10675048828,142966.66625976563,0,404327403520,8589930496,6183546880,114688
10,1791554538950,2500,2499,2500,2500,2500,2500,2500,2500,2499,2500,2499,2499,2500,2499,2499,2500,0,0,0,0,0,0,0,5.555555820465088,0,0,0,0,0,100,5,0,48317.26037597656,142967.0430908203,0,404327403520,8589930496,6183546880,114688
10,1791554538960,2500,2499,2500,2500,2500,2500,2500,2500,2499,2500,2499,2499,2500,2499,2499,2500,0,0,0,0,0,0,0,5.555555820465088,0,0,0,0,0,100,5,0,48317.41271972656,142967.42059326172,0,404327403520,8589930496,6183546880,114688
9,1791554538970,2500,2499,2500,2500,2500,2500,2500,2500,2499,2500,2499,2499,2500,2499,2499,2500,0,0,0,0,0,0,0,5.555555820465088,0,0,0,0,0,100,5,0,48317.568603515625,142967.79833984375,0,404327403520,8589930496,6183546880,114688
10,1791554538980,2500,2499,2500,2500,2500,2500,2500,2500,2499,2500,2499,2499,2500,2499,2499,2500,0,0,0,0,0,0,0,5.555555820465088,0,0,0,0,0,100,5,0,48317.72326660156,142968.1762084961,0,404327403520,8589930496,6191972352,114688
10,1791554538990,2500,2499,2500,2500,2500,2500,2500,2500,2499,2500,2499,2499,2500,2499,2499,2500,0,0,0,0,0,0,0,5.555555820465088,0,0,0,0,0,100,5,0,48317.882568359375,142968.5521850586,0,404327403520,8589930496,6191972352,114688
10,1791554539000,2500,2499,2500,2500,2500,2500,2500,2500,2499,2500,2499,2499,2500,2499,2499,2500,0,0,0,0,0,0,0,5.555555820465088,0,0,0,0,0,100,5,0,48318.03894042969,142968.93096923828,0,404327403520,8589930496,6191972352,114688
10,1791554539010,2500,2499,2500,2500,2500,2500,2500,2500,2499,2500,2499,2499,2500,2499,2499,2500,0,0,0,0,0,0,0,5.555555820465088,0,0,0,0,0,100,5,0,48318.194763183594,142969.3070678711,0,404327403520,8589930496,6191972352,114688
10,1791554539020,2500,2499,2500,2500,2500,2500,2500,2500,2499,2500,2499,2499,2500,2499,2499,2500,0,0,0,0,0,0,0,5.555555820465088,0,0,0,0,0,100,5,0,48318.351318359375,142969.68621826172,0,404327403520,8589930496,6191972352,114688
10,1791554539030,2500,2499,2500,2500,2500,2500,2500,2500,2499,2500,2499,2499,2500,2499,2499,2500,0,0,0,0,0,0,0,5.555555820465088,0,0,0,0,0,100,5,0,48318.50988769531,142970.06329345703,0,404327403520,8589930496,6200397824,114688
9,1791554539041,2500,2499,2500,2500,2500,2500,2500,2500,2499,2500,2499,2499,2500,2499,2499,2500,0,0,0,0,0,0,0,5.555555820465088,0,0,0,0,0,100,5,0,48318.665954589844,142970.43981933594,0,404327403520,8589930496,6200397824,114688
10,1791554539051,2500,2499,2500,2500,2500,2500,2500,2500,2499,2500,2499,2499,2500,2499,2499,2500,0,0,0,0,0,0,0,5.555555820465088,0,0,0,0,0,100,5,0,48318.823974609375,142970.81762695313,0,404327403520,8589930496,6200397824,114688
9,1791554539061,2500,2499,2500,2500,2500,2500,2500,2500,2499,2500,2499,2499,2500,2499,2499,2500,0,0,0,0,0,0,0,5.555555820465088,0,0,0,0,0,100,5,0,48318.9814453125,142971.19470214844,0,404327403520,8589930496,6200397824,114688
10,1791554539071,2500,2499,2500,2500,2500,2500,2500,2500,2499,2500,2499,2499,2500,2499,2499,2500,0,0,0,0,0,0,0,5.555555820465088,0,0,0,0,0,100,5,0,48319.140197753906,142971.57348632813,0,404327403520,8589930496,6208327680,114688
9,1791554539081,2500,2499,2500,2500,2500,2500,2500,2500,2499,2500,2499,2499,2500,2499,2499,2500,0,0,0,0,0,0,0,10,0,0,0,0,0,100,5,0,48319.299072265625,142971.95404052734,0,404327403520,8589930496,6208327680,114688
10,1791554539091,2500,2499,2500,2500,2500,2500,2500,2500,2499,2500,2499,2499,2500,2499,2499,2500,0,0,0,0,0,0,0,10,0,0,0,0,0,100,5,0,48319.456115722656,142972.3331298828,0,404327403520,8589930496,6208327680,114688
10,1791554539101,2500,2499,2500,2500,2500,2500,2500,2500,2499,2500,2499,2499,2500,2499,2499,2500,0,0,0,0,0,0,0,10,0,0,0,0,0,100,5,0,48319.61248779297,142972.7088623047,0,404327403520,8589930496,6208327680,114688
9,1791554539111,2500,2499,2500,2500,2500,2500,2500,2500,2499,2500,2499,2499,2500,2499,2499,2500,0,0,0,0,0,0,0,10,0,0,0,0,0,100,5,0,48319.76867675781,142973.083984375,0,404327403520,8589930496,6208327680,114688
10,1791554539121,2500,2499,2500,2500,2500,2500,2500,2500,2499,2500,2499,2499,2500,2499,2499,2500,0,0,0,0,0,0,0,10,0,0,0,0,0,100,5,0,48319.926696777344,142973.46185302734,0,404327403520,8589930496,6216437760,114688
10,1791554539131,2500,2499,2500,2500,2500,2500,2500,2500,2499,2500,2499,2499,2500,2499,2499,2500,0,0,0,0,0,0,0,10,0,0,0,0,0,100,5,0,48320.100158691406,142973.8783569336,0,404327403520,8589930496,6216437760,114688
9,1791554539141,2500,2499,2500,2500,2500,2500,2500,2500,2499,2500,2499,2499,2500,2499,2499,2500,0,0,0,0,0,0,0,10,0,0,0,0,0,100,5,0,48320.26184082031,142974.25720214844,0,404327403520,8589930496,6216437760,114688
10,1791554539151,2500,2499,2500,2500,2500,2500,2500,2500,2499,2500,2499,2499,2500,2499,2499,2500,0,0,0,0,0,0,0,10,0,0,0,0,0,100,5,0,48320.41564941406,142974.63458251953,0,404327403520,8589930496,6216437760,114688
10,1791554539161,2500,2499,2500,2500,2500,2500,2500,2500,2499,2500,2499,2499,2500,2499,2499,2500,0,0,0,0,0,0,0,10,0,0,0,0,0,100,5,0,48320.573974609375,142975.01220703125,0,404327403520,8589930496,6224863232,114688
10,1791554539171,2500,2499,2500,2500,2500,2500,2500,2500,2499,2500,2499,2499,2500,2499,2499,2500,0,0,0,0,0,0,0,10,0,0,0,0,0,100,5,0,48320.73254394531,142975.3895263672,0,404327403520,8589930496,6224863232,114688
9,1791554539181,2500,2499,2500,2500,2500,2500,2500,2500,2499,2500,2499,2499,2500,2499,2499,2500,0,0,0,0,0,0,0,10,0,0,0,0,0,100,5,0,48320.894775390625,142975.76684570313,0,404327403520,8589930496,6216605696,114688
10,1791554539191,2500,2499,2500,2500,2500,2500,2500,2500,2499,2500,2499,2499,2500,2499,2499,2500,0,0,0,0,0,0,0,10,0,0,0,0,0,100,5,0,48321.051696777344,142976.14569091797,0,404327403520,8589930496,6216605696,114688
10,1791554539201,2500,2499,2500,2500,2500,2500,2500,2500,2499,2500,2499,2499,2500,2499,2499,2500,0,0,0,0,0,0,0,10,0,0,0,0,0,100,5,0,48321.20733642578,142976.5228881836,0,404327403520,8589930496,6216605696,114688
10,1791554539211,2500,2499,2500,2500,2500,2500,2500,2500,2499,2500,2499,2499,2500,2499,2499,2500,0,0,0,0,0,0,0,10,0,0,0,0,0,100,5,0,48321.360778808594,142976.90142822266,0,404327403520,8589930496,6224535552,114688
10,1791554539222,2500,2499,2500,2500,2500,2500,2500,2500,2499,2500,2499,2499,2500,2499,2499,2500,0,0,0,0,0,0,0,10,0,0,0,0,0,100,5,0,48321.517517089844,142977.27905273438,0,404327403520,8589930496,6224535552,114688
10,1791554539232,2500,2499,2500,2500,2500,2500,2500,2500,2499,2500,2499,2499,2500,2499,2499,2500,0,0,0,0,0,0,0,10,0,0,0,0,0,100,5,0,48321.678161621094,142977.6557006836,0,404327403520,8589930496,6224535552,114688
10,1791554539242,2500,2499,2500,2500,2500,2500,2500,2500,2499,2500,2499,2499,2500,2499,2499,2500,0,0,0,0,0,0,0,10,0,0,0,0,0,100,5,0,48321.84149169922,142978.0321044922,0,404327403520,8589930496,6224535552,114688
10,1791554539252,2500,2499,2500,2500,2500,2500,2500,2500,2499,2500,2499,2499,2500,2499,2499,2500,0,0,0,0,0,0,0,10,0,0,0,0,0,100,5,0,48322.000244140625,142978.4119873047,0,404327403520,8589930496,6232961024,114688
10,1791554539262,2500,2499,2500,2500,2500,2500,2500,2500,2499,2500,2499,2499,2500,2499,2499,2500,0,0,0,0,0,0,0,10,0,0,0,0,0,100,5,0,48322.157287597656,142978.78985595703,0,404327403520,8589930496,6232961024,114688
10,1791554539272,2500,2499,2500,2500,2500,2500,2500,2500,2499,2500,2499,2499,2500,2499,2499,2500,0,0,0,0,0,0,0,10,0,0,0,0,0,100,5,0,48322.317932128906,142979.16625976563,0,404327403520,8589930496,6232961024,114688
10,1791554539282,2500,2499,2500,2500,2500,2500,2500,2500,2499,2500,2499,2499,2500,2499,2499,2500,0,4.761904716491699,0,0,0,0,0,10,0,0,0,0,0,100,5,0,48322.475036621094,142979.54461669922,0,404327403520,8589930496,6232961024,114688
10,1791554539292,2500,2499,2500,2500,2500,2500,2500,2500,2499,2500,2499,2499,2500,2499,2499,2500,0,4.761904716491699,0,0,0,0,0,10,0,0,0,0,0,100,5,0,48322.629638671875,142979.92138671875,0,404327403520,8589930496,6241386496,114688
9,1791554539302,2500,2499,2500,2500,2500,2500,2500,2500,2499,2500,2499,2499,2500,2499,2499,2500,0,4.761904716491699,0,0,0,0,0,10,0,0,0,0,0,100,5,0,48322.78942871094,142980.298828125,0,404327403520,8589930496,6241386496,114688
9,1791554539312,2500,2499,2500,2500,2500,2500,2500,2500,2499,2500,2499,2499,2500,2499,2499,2500,0,4.761904716491699,0,0,0,0,0,10,0,0,0,0,0,100,5,0,48322.95129394531,142980.67584228516,0,404327403520,8589930496,6241386496,114688
10,1791554539322,2500,2499,2500,2500,2500,2500,2500,2500,2499,2500,2499,2499,2500,2499,2499,2500,0,4.761904716491699,0,0,0,0,0,10,0,0,0,0,0,100,5,0,48323.11083984375,142981.0916748047,0,404327403520,8589930496,6241386496,114688
10,1791554539332,2500,2499,2500,2500,2500,2500,2500,2500,2499,2500,2499,2499,2500,2499,2499,2500,0,4.761904716491699,0,0,0,0,0,10,0,0,0,0,0,100,5,0,48323.28479003906,142981.46905517578,0,404327403520,8589930496,6241386496,114688
10,1791554539342,2500,2499,2500,2500,2500,2500,2500,2500,2499,2500,2499,2499,2500,2499,2499,2500,0,4.761904716491699,0,0,0,0,0,10,0,0,0,0,0,100,5,0,48323.447204589844,142981.8487548828,0,404327403520,8589930496,6249316352,114688
10,1791554539352,2500,2499,2500,2500,2500,2500,2500,2500,2499,2500,2499,2499,2500,2499,2499,2500,0,4.761904716491699,0,0,0,0,0,10,0,0,0,0,0,100,5,0,48323.60089111328,142982.1869506836,0,404327403520,8589930496,6249316352,114688
10,1791554539362,2500,2499,2500,2500,2500,2500,2500,2500,2499,2500,2499,2499,2500,2499,2499,2500,0,4.761904716491699,0,0,0,0,0,10,0,0,0,0,0,100,5,0,48323.752685546875,142982.60205078125,0,404327403520,8589930496,6249316352,114688
10,1791554539372,2500,2499,2500,2500,2500,2500,2500,2500,2499,2500,2499,2499,2500,2499,2499,2500,0,4.761904716491699,0,0,0,0,0,10,0,0,0,0,0,100,5,0,48323.9072265625,142982.9796142578,0,404327403520,8589930496,6249316352,114688
10,1791554539382,2500,2499,2500,2500,2500,2500,2500,2500,2499,2500,2499,2499,2500,2499,2499,2500,0,4.761904716491699,0,0,0,0,0,10,0,0,0,0,0,100,5,0,48324.05993652344,142983.35766601563,0,404327403520,8589930496,6257741824,114688
10,1791554539393,2500,2499,2500,2500,2500,2500,2500,2500,2499,2500,2499,2499,2500,2499,2499,2500,0,4.761904716491699,0,0,0,0,0,10,0,0,0,0,0,100,5,0,48324.21612548828,142983.73614501953,0,404327403520,8589930496,6257741824,114688
10,1791554539403,2500,2499,2500,2500,2500,2500,2500,2500,2499,2500,2499,2499,2500,2499,2499,2500,0,4.761904716491699,0,0,0,0,0,10,0,0,0,0,0,100,5,0,48324.37048339844,142984.1137084961,0,404327403520,8589930496,6257741824,114688
10,1791554539413,2500,2499,2500,2500,2500,2500,2500,2500,2499,2500,2499,2499,2500,2499,2499,2500,0,4.761904716491699,0,0,0,0,0,10,0,0,0,0,0,100,5,0,48324.529235839844,142984.49060058594,0,404327403520,8589930496,6257741824,114688
10,1791554539423,2500,2499,2500,2500,2500,2500,2500,2500,2499,2500,2499,2499,2500,2499,2499,2500,0,4.761904716491699,0,0,0,0,0,10,0,0,0,0,0,100,5,0,48324.685791015625,142984.8745727539,0,404327403520,8589930496,6257741824,114688
10,1791554539433,2500,2499,2500,2500,2500,2500,2500,2500,2499,2500,2499,2499,2500,2499,2499,2500,0,4.761904716491699,0,0,0,0,0,10,0,0,0,0,0,100,5,0,48324.841796875,142985.2462158203,0,404327403520,8589930496,6266167296,114688
10,1791554539443,2500,2499,2500,2500,2500,2500,2500,2500,2499,2500,2499,2499,2500,2499,2499,2500,0,4.761904716491699,0,0,0,0,0,10,0,0,0,0,0,100,5,0,48324.994384765625,142985.6318359375,0,404327403520,8589930496,6266167296,114688
10,1791554539453,2500,2499,2500,2500,2500,2500,2500,2500,2499,2500,2499,2499,2500,2499,2499,2500,0,4.761904716491699,0,0,0,0,0,10,0,0,0,0,0,100,5,0,48325.14611816406,142986.01092529297,0,404327403520,8589930496,6266167296,114688
10,1791554539463,2500,2499,2500,2500,2500,2500,2500,2500,2499,2500,2499,2499,2500,2499,2499,2500,0,4.761904716491699,0,0,0,0,0,10,0,0,0,0,0,100,5,0,48325.30450439453,142986.38793945313,0,404327403520,8589930496,6266167296,114688
10,1791554539473,2500,2499,2500,2500,2500,2500,2500,2500,2499,2500,2499,2499,2500,2499,2499,2500,0,4.761904716491699,0,0,0,0,0,10,0,0,0,0,0,100,5,0,48325.45935058594,142986.76055908203,0,404327403520,8589930496,6274097152,114688
9,1791554539483,2500,2499,2500,2500,2500,2500,2500,2500,2499,2500,2499,2499,2500,2499,2499,2500,5,0,0,0,0,0,0,5.263157844543457,0,0,0,0,0,100,5,5,48325.61553955078,142987.14056396484,0,404327403520,8589930496,6274097152,114688
10,1791554539493,2500,2499,2500,2500,2500,2500,2500,2500,2499,2500,2499,2499,2500,2499,2499,2500,5,0,0,0,0,0,0,5.263157844543457,0,0,0,0,0,100,5,5,48325.773376464844,142987.51593017578,0,404327403520,8589930496,6274097152,114688
10,1791554539503,2500,2499,2500,2500,2500,2500,2500,2500,2499,2500,2499,2499,2500,2499,2499,2500,5,0,0,0,0,0,0,5.263157844543457,0,0,0,0,0,100,5,5,48325.93310546875,142987.89721679688,0,404327403520,8589930496,6274097152,114688
10,1791554539513,2500,2499,2500,2500,2500,2500,2500,2500,2499,2500,2499,2499,2500,2499,2499,2500,5,0,0,0,0,0,0,5.263157844543457,0,0,0,0,0,100,5,5,48326.088928222656,142988.27124023438,0,404327403520,8589930496,6274097152,114688
10,1791554539523,2500,2499,2500,2500,2500,2500,2500,2500,2499,2500,2499,2499,2500,2499,2499,2500,5,0,0,0,0,0,0,5.263157844543457,0,0,0,0,0,100,5,5,48326.24401855469,142988.6463623047,0,404327403520,8589930496,6282522624,114688
10,1791554539533,2500,2499,2500,2500,2500,2500,2500,2500,2499,2500,2499,2499,2500,2499,2499,2500,5,0,0,0,0,0,0,5.263157844543457,0,0,0,0,0,100,5,5,48326.40295410156,142989.02838134766,0,404327403520,8589930496,6282522624,114688
10,1791554539543,2500,2499,2500,2500,2500,2500,2500,2500,2499,2500,2499,2499,2500,2499,2499,2500,5,0,0,0,0,0,0,5.263157844543457,0,0,0,0,0,100,5,5,48326.58312988281,142989.43927001953,0,404327403520,8589930496,6282522624,114688
10,1791554539553,2500,2499,2500,2500,2500,2500,2500,2500,2499,2500,2499,2499,2500,2499,2499,2500,5,0,0,0,0,0,0,5.263157844543457,0,0,0,0,0,100,5,5,48326.72900390625,142989.78338623047,0,404327403520,8589930496,6282522624,114688
10,1791554539564,2500,2499,2500,2500,2500,2500,2500,2500,2499,2500,2499,2499,2500,2499,2499,2500,5,0,0,0,0,0,0,5.263157844543457,0,0,0,0,0,100,5,5,48326.910095214844,142990.19635009766,0,404327403520,8589930496,6282522624,114688
10,1791554539574,2500,2499,2500,2500,2500,2500,2500,2500,2499,2500,2499,2499,2500,2499,2499,2500,5,0,0,0,0,0,0,5.263157844543457,0,0,0,0,0,100,5,5,48327.0712890625,142990.57934570313,0,404327403520,8589930496,6282522624,114688
10,1791554539584,2500,2499,2500,2500,2500,2500,2500,2500,2499,2500,2499,2499,2500,2499,2499,2500,5,0,0,0,0,0,0,5.263157844543457,0,0,0,0,0,100,5,5,48327.23907470703,142990.95666503906,0,404327403520,8589930496,6282522624,114688
10,1791554539594,2500,2499,2500,2500,2500,2500,2500,2500,2499,2500,2499,2499,2500,2499,2499,2500,5,0,0,0,0,0,0,5.263157844543457,0,0,0,0,0,100,5,5,48327.40222167969,142991.33764648438,0,404327403520,8589930496,6282522624,114688
10,1791554539604,2500,2499,2500,2500,2500,2500,2500,2500,2499,2500,2499,2499,2500,2499,2499,2500,5,0,0,0,0,0,0,5.263157844543457,0,0,0,0,0,100,5,5,48327.564880371094,142991.71264648438,0,404327403520,8589930496,6282522624,114688
10,1791554539614,2500,2499,2500,2500,2500,2500,2500,2500,2499,2500,2499,2499,2500,2499,2499,2500,5,0,0,0,0,0,0,5.263157844543457,0,0,0,0,0,100,5,5,48327.725830078125,142992.09149169922,0,404327403520,8589930496,6282522624,114688
10,1791554539624,2500,2499,2500,2500,2500,2500,2500,2500,2499,2500,2499,2499,2500,2499,2499,2500,5,0,0,0,0,0,0,5.263157844543457,0,0,0,0,0,100,5,5,48327.89080810547,142992.46807861328,0,404327403520,8589930496,6282522624,114688
10,1791554539634,2500,2499,2500,2500,2500,2500,2500,2500,2499,2500,2499,2499,2500,2499,2499,2500,5,0,0,0,0,0,0,5.263157844543457,0,0,0,0,0,100,5,5,48328.05480957031,142992.84521484375,0,404327403520,8589930496,6282522624,114688
10,1791554539644,2500,2499,2500,2500,2500,2500,2500,2500,2499,2500,2499,2499,2500,2499,2499,2500,5,0,0,0,0,0,0,5.263157844543457,0,0,0,0,0,100,5,5,48328.221923828125,142993.22393798828,0,404327403520,8589930496,6282522624,114688
10,1791554539654,2500,2499,2500,2500,2500,2500,2500,2500,2499,2500,2499,2499,2500,2499,2499,2500,5,0,0,0,0,0,0,5.263157844543457,0,0,0,0,0,100,5,5,48328.38708496094,142993.60388183594,0,404327403520,8589930496,6282522624,114688
9,1791554539664,2500,2499,2500,2500,2500,2500,2500,2500,2499,2500,2499,2499,2500,2499,2499,2500,5,0,0,0,0,0,0,5.263157844543457,0,0,0,0,0,100,5,5,48328.55096435547,142993.97900390625,0,404327403520,8589930496,6282522624,114688
10,1791554539674,2500,2499,2500,2500,2500,2500,2500,2500,2499,2500,2499,2499,2500,2499,2499,2500,5,0,0,0,0,0,0,5.263157844543457,0,0,0,0,0,100,5,5,48328.713317871094,142994.36059570313,0,404327403520,8589930496,6282522624,114688
10,1791554539684,2500,2499,2500,2500,2500,2500,2500,2500,2499,2500,2499,2499,2500,2499,2499,2500,0,0,5,0,0,0,0,10.526315689086914,0,0,0,0,0,100,0,0,48328.875244140625,142994.73956298828,0,404327403520,8589930496,6282522624,114688
10,1791554539694,2500,2499,2500,2500,2500,2500,2500,2500,2499,2500,2499,2499,2500,2499,2499,2500,0,0,5,0,0,0,0,10.526315689086914,0,0,0,0,0,100,0,0,48329.042541503906,142995.1177368164,0,404327403520,8589930496,6282522624,114688
10,1791554539704,2500,2499,2500,2500,2500,2500,2500,2500,2499,2500,2499,2499,2500,2499,2499,2500,0,0,5,0,0,0,0,10.526315689086914,0,0,0,0,0,100,0,0,48329.205017089844,142995.49884033203,0,404327403520,8589930496,6282522624,114688
10,1791554539714,2500,2499,2500,2500,2500,2500,2500,2500,2499,2500,2499,2499,2500,2499,2499,2500,0,0,5,0,0,0,0,10.526315689086914,0,0,0,0,0,100,0,0,48329.37109375,142995.87768554688,0,404327403520,8589930496,6282522624,114688
9,1791554539725,2500,2499,2500,2500,2500,2500,2500,2500,2499,2500,2499,2499,2500,2499,2499,2500,0,0,5,0,0,0,0,10.526315689086914,0,0,0,0,0,100,0,0,48329.53479003906,142996.2567138672,0,404327403520,8589930496,6282522624,114688
10,1791554539735,2500,2499,2500,2500,2500,2500,2500,2500,2499,2500,2499,2499,2500,2499,2499,2500,0,0,5,0,0,0,0,10.526315689086914,0,0,0,0,0,100,0,0,48329.69464111328,142996.67163085938,0,404327403520,8589930496,6282522624,114688
9,1791554539745,2500,2499,2500,2500,2500,2500,2500,2500,2499,2500,2499,2499,2500,2499,2499,2500,0,0,5,0,0,0,0,10.526315689086914,0,0,0,0,0,100,0,0,48329.87371826172,142997.0492553711,0,404327403520,8589930496,6282522624,114688
10,1791554539755,2500,2499,2500,2500,2500,2500,2500,2500,2499,2500,2499,2499,2500,2499,2499,2500,0,0,5,0,0,0,0,10.526315689086914,0,0,0,0,0,100,0,0,48330.039123535156,142997.43005371094,0,404327403520,8589930496,6282522624,114688
10,1791554539765,2500,2499,2500,2500,2500,2500,2500,2500,2499,2500,2499,2499,2500,2499,2499,2500,0,0,5,0,0,0,0,10.526315689086914,0,0,0,0,0,100,0,0,48330.19982910156,142997.81060791016,0,404327403520,8589930496,6282522624,114688
10,1791554539775,2500,2499,2500,2500,2500,2500,2500,2500,2499,2500,2499,2499,2500,2499,2499,2500,0,0,5,0,0,0,0,10.526315689086914,0,0,0,0,0,100,0,0,48330.363708496094,142998.18688964844,0,404327403520,8589930496,6282522624,114688
10,1791554539785,2500,2499,2500,2500,2500,2500,2500,2500,2499,2500,2499,2499,2500,2499,2499,2500,0,0,5,0,0,0,0,10.526315689086914,0,0,0,0,0,100,0,0,48330.523010253906,142998.56420898438,0,404327403520,8589930496,6282522624,114688
10,1791554539795,2500,2499,2500,2500,2500,2500,2500,2500,2499,2500,2499,2499,2500,2499,2499,2500,0,0,5,0,0,0,0,10.526315689086914,0,0,0,0,0,100,0,0,48330.68542480469,142998.9422607422,0,404327403520,8589930496,6282522624,114688
10,1791554539805,2500,2499,2500,2500,2500,2500,2500,2500,2499,2500,2499,2499,2500,2499,2499,2500,0,0,5,0,0,0,0,10.526315689086914,0,0,0,0,0,100,0,0,48330.851806640625,142999.3194580078,0,404327403520,8589930496,6282522624,114688
10,1791554539815,2500,2499,2500,2500,2500,2500,2500,2500,2499,2500,2499,2499,2500,2499,2499,2500,0,0,5,0,0,0,0,10.526315689086914,0,0,0,0,0,100,0,0,48331.01306152344,142999.69830322266,0,404327403520,8589930496,6282522624,114688
9,1791554539825,2500,2499,2500,2500,2500,2500,2500,2500,2499,2500,2499,2499,2500,2499,2499,2500,0,0,5,0,0,0,0,10.526315689086914,0,0,0,0,0,100,0,0,48331.173889160156,143000.0747680664,0,404327403520,8589930496,6282522624,114688
10,1791554539835,2500,2499,2500,2500,2500,2500,2500,2500,2499,2500,2499,2499,2500,2499,2499,2500,0,0,5,0,0,0,0,10.526315689086914,0,0,0,0,0,100,0,0,48331.33428955078,143000.45141601563,0,404327403520,8589930496,6282522624,114688
9,1791554539845,2500,2499,2500,2500,2500,2500,2500,2500,2499,2500,2499,2499,2500,2499,2499,2500,0,0,5,0,0,0,0,10.526315689086914,0,0,0,0,0,100,0,0,48331.49725341797,143000.83026123047,0,404327403520,8589930496,6282522624,114688
10,1791554539855,2500,2499,2500,2500,2500,2500,2500,2500,2499,2500,2499,2499,2500,2499,2499,2500,0,0,5,0,0,0,0,10.526315689086914,0,0,0,0,0,100,0,0,48331.65856933594,143001.20709228516,0,404327403520,8589930496,6282522624,114688
10,1791554539865,2500,2499,2500,2500,2500,2500,2500,2500,2499,2500,2499,2499,2500,2499,2499,2500,0,0,5,0,0,0,0,10.526315689086914,0,0,0,0,0,100,0,0,48331.820739746094,143001.5844116211,0,404327403520,8589930496,6282522624,114688
10,1791554539875,2500,2499,2500,2500,2500,2500,2500,2500,2499,2500,2499,2499,2500,2499,2499,2500,0,0,5,0,0,0,0,10.526315689086914,0,0,0,0,0,100,0,0,48331.984802246094,143001.96417236328,0,404327403520,8589930496,6282522624,114688
10,1791554539885,2500,2499,2500,2500,2500,2500,2500,2500,2499,2500,2499,2499,2500,2499,2499,2500,0,0,0,0,0,0,0,5.263157844543457,0,0,0,0,0,100,5,0,48332.14581298828,143002.34118652344,0,404327403520,8589930496,6282522624,114688
10,1791554539895,2500,2499,2500,2500,2500,2500,2500,2500,2499,2500,2499,2499,2500,2499,2499,2500,0,0,0,0,0,0,0,5.263157844543457,0,0,0,0,0,100,5,0,48332.310119628906,143002.71997070313,0,404327403520,8589930496,6282522624,114688
10,1791554539906,2500,2499,2500,2500,2500,2500,2500,2500,2499,2500,2499,2499,2500,2499,2499,2500,0,0,0,0,0,0,0,5.263157844543457,0,0,0,0,0,100,5,0,48332.46887207031,143003.09692382813,0,404327403520,8589930496,6282522624,114688
10,1791554539916,2500,2499,2500,2500,2500,2500,2500,2500,2499,2500,2499,2499,2500,2499,2499,2500,0,0,0,0,0,0,0,5.263157844543457,0,0,0,0,0,100,5,0,48332.632385253906,143003.4741821289,0,404327403520,8589930496,6282522624,114688
10,1791554539926,2500,2499,2500,2500,2500,2500,2500,2500,2499,2500,2499,2499,2500,2499,2499,2500,0,0,0,0,0,0,0,5.263157844543457,0,0,0,0,0,100,5,0,48332.794982910156,143003.85229492188,0,404327403520,8589930496,6282522624,114688
10,1791554539936,2500,2499,2500,2500,2500,2500,2500,2500,2499,2500,2499,2499,2500,2499,2499,2500,0,0,0,0,0,0,0,5.263157844543457,0,0,0,0,0,100,5,0,48332.95343017578,143004.23211669922,0,404327403520,8589930496,6282522624,114688
10,1791554539946,2500,2499,2500,2500,2500,2500,2500,2500,2499,2500,2499,2499,2500,2499,2499,2500,0,0,0,0,0,0,0,5.263157844543457,0,0,0,0,0,100,5,0,48333.113830566406,143004.60986328125,0,404327403520,8589930496,6282522624,114688
10,1791554539956,2500,2499,2500,2500,2500,2500,2500,2500,2499,2500,2499,2499,2500,2499,2499,2500,0,0,0,0,0,0,0,5.263157844543457,0,0,0,0,0,100,5,0,48333.291076660156,143005.02587890625,0,404327403520,8589930496,6282522624,114688
10,1791554539966,2500,2499,2500,2500,2500,2500,2500,2500,2499,2500,2499,2499,2500,2499,2499,2500,0,0,0,0,0,0,0,5.263157844543457,0,0,0,0,0,100,5,0,48333.44689941406,143005.40588378906,0,404327403520,8589930496,6282522624,114688
10,1791554539976,2500,2499,2500,2500,2500,2500,2500,2500,2499,2500,2499,2499,2500,2499,2499,2500,0,0,0,0,0,0,0,5.263157844543457,0,0,0,0,0,100,5,0,48333.606689453125,143005.78192138672,0,404327403520,8589930496,6282522624,114688
10,1791554539986,2500,2499,2500,2500,2500,2500,2500,2500,2499,2500,2499,2499,2500,2499,2499,2500,0,0,0,0,0,0,0,5.263157844543457,0,0,0,0,0,100,5,0,48333.76336669922,143006.16052246094,0,404327403520,8589930496,6282522624,114688
10,1791554539996,2500,2499,2500,2500,2500,2500,2500,2500,2499,2500,2499,2499,2500,2499,2499,2500,0,0,0,0,0,0,0,5.263157844543457,0,0,0,0,0,100,5,0,48333.92742919922,143006.5386352539,0,404327403520,8589930496,6282522624,114688
10,1791554540006,2500,2499,2500,2500,2500,2500,2500,2500,2499,2500,2499,2499,2500,2499,2499,2500,0,0,0,0,0,0,0,5.263157844543457,0,0,0,0,0,100,5,0,48334.086669921875,143006.91571044922,0,404327403520,8589930496,6282522624,114688
10,1791554540016,2500,2499,2500,2500,2500,2500,2500,2500,2499,2500,2499,2499,2500,2499,2499,2500,0,0,0,0,0,0,0,5.263157844543457,0,0,0,0,0,100,5,0,48334.243408203125,143007.2947998047,0,404327403520,8589930496,6282522624,114688
9,1791554540026,2500,2499,2500,2500,2500,2500,2500,2500,2499,2500,2499,2499,2500,2499,2499,2500,0,0,0,0,0,0,0,5.263157844543457,0,0,0,0,0,100,5,0,48334.40563964844,143007.6724243164,0,404327403520,8589930496,6282522624,114688
10,1791554540036,2500,2499,2500,2500,2500,2500,2500,2500,2499,2500,2499,2499,2500,2499,2499,2500,0,0,0,0,0,0,0,5.263157844543457,0,0,0,0,0,100,5,0,48334.56823730469,143008.04974365234,0,404327403520,8589930496,6282522624,114688
10,1791554540046,2500,2499,2500,2500,2500,2500,2500,2500,2499,2500,2499,2499,2500,2499,2499,2500,0,0,0,0,0,0,0,5.263157844543457,0,0,0,0,0,100,5,0,48334.72900390625,143008.42889404297,0,404327403520,8589930496,6282522624,114688
10,1791554540056,2500,2499,2500,2500,2500,2500,2500,2500,2499,2500,2499,2499,2500,2499,2499,2500,0,0,0,0,0,0,0,5.263157844543457,0,0,0,0,0,100,5,0,48334.888671875,143008.8062133789,0,404327403520,8589930496,6282522624,114688
10,1791554540066,2500,2499,2500,2500,2500,2500,2500,2500,2499,2500,2499,2499,2500,2499,2499,2500,0,0,0,0,0,0,0,5.263157844543457,0,0,0,0,0,100,5,0,48335.054748535156,143009.1845703125,0,404327403520,8589930496,6282522624,114688
10,1791554540077,2500,2499,2500,2500,2500,2500,2500,2500,2499,2500,2499,2499,2500,2499,2499,2500,0,0,0,0,0,0,0,5.263157844543457,0,0,0,0,0,100,5,0,48335.217529296875,143009.56469726563,0,404327403520,8589930496,6282264576,114688
10,1791554540087,2500,2499,2500,2500,2500,2500,2500,2500,2499,2500,2499,2499,2500,2499,2499,2500,5,0,0,0,0,0,0,15.000000953674316,0,0,0,0,0,100,9.523809432983398,0,48335.385009765625,143009.9409790039,0,404327403520,8589930496,6282264576,114688
10,1791554540097,2500,2499,2500,2500,2500,2500,2500,2500,2499,2500,2499,2499,2500,2499,2499,2500,5,0,0,0,0,0,0,15.000000953674316,0,0,0,0,0,100,9.523809432983398,0,48335.54504394531,143010.3189086914,0,404327403520,8589930496,6282264576,114688
10,1791554540107,2500,2499,2500,2500,2500,2500,2500,2500,2499,2500,2499,2499,2500,2499,2499,2500,5,0,0,0,0,0,0,15.000000953674316,0,0,0,0,0,100,9.523809432983398,0,48335.71221923828,143010.69757080078,0,404327403520,8589930496,6282264576,114688
10,1791554540117,2500,2499,2500,2500,2500,2500,2500,2500,2499,2500,2499,2499,2500,2499,2499,2500,5,0,0,0,0,0,0,15.000000953674316,0,0,0,0,0,100,9.523809432983398,0,48335.87390136719,143011.0756225586,0,404327403520,8589930496,6282264576,114688
10,1791554540127,2500,2499,2500,2500,2500,2500,2500,2500,2499,2500,2499,2499,2500,2499,2499,2500,5,0,0,0,0,0,0,15.000000953674316,0,0,0,0,0,100,9.523809432983398,0,48336.03771972656,143011.4532470703,0,404327403520,8589930496,6282264576,114688
10,1791554540137,2500,2499,2500,2500,2500,2500,2500,2500,2499,2500,2499,2499,2500,2499,2499,2500,5,0,0,0,0,0,0,15.000000953674316,0,0,0,0,0,100,9.523809432983398,0,48336.201232910156,143011.83221435547,0,404327403520,8589930496,6273536000,114688
10,1791554540147,2500,2499,2500,2500,2500,2500,2500,2500,2499,2500,2499,2499,2500,2499,2499,2500,5,0,0,0,0,0,0,15.000000953674316,0,0,0,0,0,100,9.523809432983398,0,48336.36346435547,143012.2109375,0,404327403520,8589930496,6273536000,114688
10,1791554540157,2500,2499,2500,2500,2500,2500,2500,2500,2499,2500,2499,2499,2500,2499,2499,2500,5,0,0,0,0,0,0,15.000000953674316,0,0,0,0,0,100,9.523809432983398,0,48336.53759765625,143012.62701416016,0,404327403520,8589930496,6273536000,114688
10,1791554540167,2500,2499,2500,2500,2500,2500,2500,2500,2499,2500,2499,2499,2500,2499,2499,2500,5,0,0,0,0,0,0,15.000000953674316,0,0,0,0,0,100,9.523809432983398,0,48336.70202636719,143013.00372314453,0,404327403520,8589930496,6273536000,114688
10,1791554540177,2500,2499,2500,2500,2500,2500,2500,2500,2499,2500,2499,2499,2500,2499,2499,2500,5,0,0,0,0,0,0,15.000000953674316,0,0,0,0,0,100,9.523809432983398,0,48336.861877441406,143013.38177490234,0,404327403520,8589930496,6273536000,114688
10,1791554540187,2500,2499,2500,2500,2500,2500,2500,2500,2499,2500,2499,2499,2500,2499,2499,2500,5,0,0,0,0,0,0,15.000000953674316,0,0,0,0,0,100,9.523809432983398,0,48337.02575683594,143013.75872802734,0,404327403520,8589930496,6273536000,114688
9,1791554540197,2500,2499,2500,2500,2500,2500,2500,2500,2499,2500,2499,2499,2500,2499,2499,2500,5,0,0,0,0,0,0,15.000000953674316,0,0,0,0,0,100,9.523809432983398,0,48337.19055175781,143014.13885498047,0,404327403520,8589930496,6273536000,114688
10,1791554540207,2500,2499,2500,2500,2500,2500,2500,2500,2499,2500,2499,2499,2500,2499,2499,2500,5,0,0,0,0,0,0,15.000000953674316,0,0,0,0,0,100,9.523809432983398,0,48337.35607910156,143014.5164794922,0,404327403520,8589930496,6273536000,114688
10,1791554540217,2500,2499,2500,2500,2500,2500,2500,2500,2499,2500,2499,2499,2500,2499,2499,2500,5,0,0,0,0,0,0,15.000000953674316,0,0,0,0,0,100,9.523809432983398,0,48337.51696777344,143014.8950805664,0,404327403520,8589930496,6273536000,114688
10,1791554540227,2500,2499,2500,2500,2500,2500,2500,2500,2499,2500,2499,2499,2500,2499,2499,2500,5,0,0,0,0,0,0,15.000000953674316,0,0,0,0,0,100,9.523809432983398,0,48337.68194580078,143015.27270507813,0,404327403520,8589930496,6273536000,114688
10,1791554540237,2500,2499,2500,2500,2500,2500,2500,2500,2499,2500,2499,2499,2500,2499,2499,2500,5,0,0,0,0,0,0,15.000000953674316,0,0,0,0,0,100,9.523809432983398,0,48337.84606933594,143015.64959716797,0,404327403520,8589930496,6273536000,114688
10,1791554540248,2500,2499,2500,2500,2500,2500,2500,2500,2499,2500,2499,2499,2500,2499,2499,2500,5,0,0,0,0,0,0,15.000000953674316,0,0,0,0,0,100,9.523809432983398,0,48338.010498046875,143016.0277709961,0,404327403520,8589930496,6273536000,114688
10,1791554540258,2500,2499,2500,2500,2500,2500,2500,2500,2499,2500,2499,2499,2500,2499,2499,2500,5,0,0,0,0,0,0,15.000000953674316,0,0,0,0,0,100,9.523809432983398,0,48338.16931152344,143016.40643310547,0,404327403520,8589930496,6273536000,114688
10,1791554540268,2500,2499,2500,2500,2500,2500,2500,2500,2499,2500,2499,2499,2500,2499,2499,2500,5,0,0,0,0,0,0,15.000000953674316,0,0,0,0,0,100,9.523809432983398,0,48338.332275390625,143016.78424072266,0,404327403520,8589930496,6273536000,114688
10,1791554540278,2500,2499,2500,2500,2500,2500,2500,2500,2499,2500,2499,2499,2500,2499,2499,2500,5,0,0,0,0,0,0,15.000000953674316,0,0,0,0,0,100,9.523809432983398,0,48338.49688720703,143017.1636352539,0,404327403520,8589930496,6273536000,114688
10,1791554540288,2500,2499,2500,2500,2500,2500,2500,2500,2499,2500,2499,2499,2500,2499,2499,2500,0,0,0,0,0,0,0,0,0,4.761904716491699,0,0,0,100,0,5,48338.66223144531,143017.53881835938,0,404327403520,8589930496,6273536000,114688
10,1791554540298,2500,2499,2500,2500,2500,2500,2500,2500,2499,2500,2499,2499,2500,2499,2499,2500,0,0,0,0,0,0,0,0,0,4.761904716491699,0,0,0,100,0,5,48338.82196044922,143017.9168701172,0,404327403520,8589930496,6273536000,114688
10,1791554540308,2500,2499,2500,2500,2500,2500,2500,2500,2499,2500,2499,2499,2500,2499,2499,2500,0,0,0,0,0,0,0,0,0,4.761904716491699,0,0,0,100,0,5,48338.98132324219,143018.29516601563,0,404327403520,8589930496,6273536000,114688
10,1791554540318,2500,2499,2500,2500,2500,2500,2500,2500,2499,2500,2499,2499,2500,2499,2499,2500,0,0,0,0,0,0,0,0,0,4.761904716491699,0,0,0,100,0,5,48339.14776611328,143018.6724243164,0,404327403520,8589930496,6273536000,114688
10,1791554540328,2500,2499,2500,2500,2500,2500,2500,2500,2499,2500,2499,2499,2500,2499,2499,2500,0,0,0,0,0,0,0,0,0,4.761904716491699,0,0,0,100,0,5,48339.31475830078,143019.05206298828,0,404327403520,8589930496,6273536000,114688
10,1791554540338,2500,2499,2500,2500,2500,2500,2500,2500,2499,2500,2499,2499,2500,2499,2499,2500,0,0,0,0,0,0,0,0,0,4.761904716491699,0,0,0,100,0,5,48339.475646972656,143019.42803955078,0,404327403520,8589930496,6273536000,114688
10,1791554540348,2500,2499,2500,2500,2500,2500,2500,2500,2499,2500,2499,2499,2500,2499,2499,2500,0,0,0,0,0,0,0,0,0,4.761904716491699,0,0,0,100,0,5,48339.65252685547,143019.84497070313,0,404327403520,8589930496,6273536000,114688
10,1791554540358,2500,2499,2500,2500,2500,2500,2500,2500,2499,2500,2499,2499,2500,2499,2499,2500,0,0,0,0,0,0,0,0,0,4.761904716491699,0,0,0,100,0,5,48339.8232421875,143020.2237548828,0,404327403520,8589930496,6273536000,114688
10,1791554540368,2500,2499,2500,2500,2500,2500,2500,2500,2499,2500,2499,2499,2500,2499,2499,2500,0,0,0,0,0,0,0,0,0,4.761904716491699,0,0,0,100,0,5,48339.98992919922,143020.60107421875,0,404327403520,8589930496,6273536000,114688
9,1791554540378,2500,2499,2500,2500,2500,2500,2500,2500,2499,2500,2499,2499,2500,2499,2499,2500,0,0,0,0,0,0,0,0,0,4.761904716491699,0,0,0,100,0,5,48340.15985107422,143020.98016357422,0,404327403520,8589930496,6273536000,114688
10,1791554540388,2500,2499,2500,2500,2500,2500,2500,2500,2499,2500,2499,2499,2500,2499,2499,2500,0,0,0,0,0,0,0,0,0,4.761904716491699,0,0,0,100,0,5,48340.32482910156,143021.3594970703,0,404327403520,8589930496,6273536000,114688
10,1791554540398,2500,2499,2500,2500,2500,2500,2500,2500,2499,2500,2499,2499,2500,2499,2499,2500,0,0,0,0,0,0,0,0,0,4.761904716491699,0,0,0,100,0,5,48340.49035644531,143021.7388305664,0,404327403520,8589930496,6273536000,114688
10,1791554540408,2500,2499,2500,2500,2500,2500,2500,2500,2499,2500,2499,2499,2500,2499,2499,2500,0,0,0,0,0,0,0,0,0,4.761904716491699,0,0,0,100,0,5,48340.649658203125,143022.1177368164,0,404327403520,8589930496,6273536000,114688
10,1791554540419,2500,2499,2500,2500,2500,2500,2500,2500,2499,2500,2499,2499,2500,2499,2499,2500,0,0,0,0,0,0,0,0,0,4.761904716491699,0,0,0,100,0,5,48340.812438964844,143022.49285888672,0,404327403520,8589930496,6273536000,114688
10,1791554540429,2500,2499,2500,2500,2500,2500,2500,2500,2499,2500,2499,2499,2500,2499,2499,2500,0,0,0,0,0,0,0,0,0,4.761904716491699,0,0,0,100,0,5,48340.97399902344,143022.86962890625,0,404327403520,8589930496,6273536000,114688
10,1791554540439,2500,2499,2500,2500,2500,2500,2500,2500,2499,2500,2499,2499,2500,2499,2499,2500,0,0,0,0,0,0,0,0,0,4.761904716491699,0,0,0,100,0,5,48341.132751464844,143023.2491455078,0,404327403520,8589930496,6273536000,114688
10,1791554540449,2500,2499,2500,2500,2500,2500,2500,2500,2499,2500,2499,2499,2500,2499,2499,2500,0,0,0,0,0,0,0,0,0,4.761904716491699,0,0,0,100,0,5,48341.29650878906,143023.62701416016,0,404327403520,8589930496,6273536000,114688
10,1791554540459,2500,2499,2500,2500,2500,2500,2500,2500,2499,2500,2499,2499,2500,2499,2499,2500,0,0,0,0,0,0,0,0,0,4.761904716491699,0,0,0,100,0,5,48341.45672607422,143024.00775146484,0,404327403520,8589930496,6273536000,114688
10,1791554540469,2500,2499,2500,2500,2500,2500,2500,2500,2499,2500,2499,2499,2500,2499,2499,2500,0,0,0,0,0,0,0,0,0,4.761904716491699,0,0,0,100,0,5,48341.61932373047,143024.3914794922,0,404327403520,8589930496,6273536000,114688
10,1791554540479,2500,2499,2500,2500,2500,2500,2500,2500,2499,2500,2499,2499,2500,2499,2499,2500,0,0,0,0,0,0,0,0,0,4.761904716491699,0,0,0,100,0,5,48341.78155517578,143024.76739501953,0,404327403520,8589930496,6273536000,114688
10,1791554540489,2500,2499,2500,2500,2500,2500,2500,2500,2499,2500,2499,2499,2500,2499,2499,2500,5,0,0,5,0,0,0,10,0,0,0,0,0,100,5,0,48341.94598388672,143025.14666748047,0,404327403520,8589930496,6273536000,114688
10,1791554540499,2500,2499,2500,2500,2500,2500,2500,2500,2499,2500,2499,2499,2500,2499,2499,2500,5,0,0,5,0,0,0,10,0,0,0,0,0,100,5,0,48342.10754394531,143025.51824951172,0,404327403520,8589930496,6273536000,114688
10,1791554540509,2500,2499,2500,2500,2500,2500,2500,2500,2499,2500,2499,2499,2500,2499,2499,2500,5,0,0,5,0,0,0,10,0,0,0,0,0,100,5,0,48342.26574707031,143025.90045166016,0,404327403520,8589930496,6273536000,114688
10,1791554540519,2500,2499,2500,2500,2500,2500,2500,2500,2499,2500,2499,2499,2500,2499,2499,2500,5,0,0,5,0,0,0,10,0,0,0,0,0,100,5,0,48342.42370605469,143026.27960205078,0,404327403520,8589930496,6273536000,114688
10,1791554540529,2500,2499,2500,2500,2500,2500,2500,2500,2499,2500,2499,2499,2500,2499,2499,2500,5,0,0,5,0,0,0,10,0,0,0,0,0,100,5,0,48342.588134765625,143026.65893554688,0,404327403520,8589930496,6273536000,114688
10,1791554540539,2500,2499,2500,2500,2500,2500,2500,2500,2499,2500,2499,2499,2500,2499,2499,2500,5,0,0,5,0,0,0,10,0,0,0,0,0,100,5,0,48342.74938964844,143027.033203125,0,404327403520,8589930496,6273536000,114688
10,1791554540549,2500,2499,2500,2500,2500,2500,2500,2500,2499,2500,2499,2499,2500,2499,2499,2500,5,0,0,5,0,0,0,10,0,0,0,0,0,100,5,0,48342.91534423828,143027.4151611328,0,404327403520,8589930496,6273536000,114688
9,1791554540559,2500,2499,2500,2500,2500,2500,2500,2500,2499,2500,2499,2499,2500,2499,2499,2500,5,0,0,5,0,0,0,10,0,0,0,0,0,100,5,0,48343.07830810547,143027.79119873047,0,404327403520,8589930496,6273536000,114688
10,1791554540569,2500,2499,2500,2500,2500,2500,2500,2500,2499,2500,2499,2499,2500,2499,2499,2500,5,0,0,5,0,0,0,10,0,0,0,0,0,100,5,0,48343.25665283203,143028.2030029297,0,404327403520,8589930496,6273536000,114688
10,1791554540579,2500,2499,2500,2500,2500,2500,2500,2500,2499,2500,2499,2499,2500,2499,2499,2500,5,0,0,5,0,0,0,10,0,0,0,0,0,100,5,0,48343.417724609375,143028.58306884766,0,404327403520,8589930496,6273536000,114688
10,1791554540590,2500,2499,2500,2500,2500,2500,2500,2500,2499,2500,2499,2499,2500,2499,2499,2500,5,0,0,5,0,0,0,10,0,0,0,0,0,100,5,0,48343.580505371094,143028.96209716797,0,404327403520,8589930496,6273536000,114688
10,1791554540600,2500,2499,2500,2500,2500,2500,2500,2500,2499,2500,2499,2499,2500,2499,2499,2500,5,0,0,5,0,0,0,10,0,0,0,0,0,100,5,0,48343.738708496094,143029.3335571289,0,404327403520,8589930496,6273536000,114688
10,1791554540610,2500,2499,2500,2500,2500,2500,2500,2500,2499,2500,2499,2499,2500,2499,2499,2500,5,0,0,5,0,0,0,10,0,0,0,0,0,100,5,0,48343.89910888672,143029.7139892578,0,404327403520,8589930496,6273536000,114688
10,1791554540620,2500,2499,2500,2500,2500,2500,2500,2500,2499,2500,2499,2499,2500,2499,2499,2500,5,0,0,5,0,0,0,10,0,0,0,0,0,100,5,0,48344.06036376953,143030.09356689453,0,404327403520,8589930496,6273536000,114688
10,1791554540630,2500,2499,2500,2500,2500,2500,2500,2500,2499,2500,2499,2499,2500,2499,2499,2500,5,0,0,5,0,0,0,10,0,0,0,0,0,100,5,0,48344.22039794922,143030.4692993164,0,404327403520,8589930496,6273536000,114688
10,1791554540640,2500,2499,2500,2500,2500,2500,2500,2500,2499,2500,2499,2499,2500,2499,2499,2500,5,0,0,5,0,0,0,10,0,0,0,0,0,100,5,0,48344.38134765625,143030.8462524414,0,404327403520,8589930496,6273536000,114688
10,1791554540650,2500,2499,2500,2500,2500,2500,2500,2500,2499,2500,2499,2499,2500,2499,2499,2500,5,0,0,5,0,0,0,10,0,0,0,0,0,100,5,0,48344.53918457031,143031.22467041016,0,404327403520,8589930496,6273536000,114688
10,1791554540660,2500,2499,2500,2500,2500,2500,2500,2500,2499,2500,2499,2499,2500,2499,2499,2500,5,0,0,5,0,0,0,10,0,0,0,0,0,100,5,0,48344.70245361328,143031.60205078125,0,404327403520,8589930496,6273536000,114688
10,1791554540670,2500,2499,2500,2500,2500,2500,2500,2500,2499,2500,2499,2499,2500,2499,2499,2500,5,0,0,5,0,0,0,10,0,0,0,0,0,100,5,0,48344.86511230469,143031.97918701172,0,404327403520,8589930496,6273536000,114688
9,1791554540680,2500,2499,2500,2500,2500,2500,2500,2500,2499,2500,2499,2499,2500,2499,2499,2500,5,0,0,5,0,0,0,10,0,0,0,0,0,100,5,0,48345.025634765625,143032.36206054688,0,404327403520,8589930496,6273536000,114688
10,1791554540690,2500,2499,2500,2500,2500,2500,2500,2500,2499,2500,2499,2499,2500,2499,2499,2500,0,0,0,0,0,0,0,10.526315689086914,0,0,0,0,0,100,5,0,48345.183532714844,143032.73651123047,0,404327403520,8589930496,6273536000,114688
10,1791554540700,2500,2499,2500,2500,2500,2500,2500,2500,2499,2500,2499,2499,2500,2499,2499,2500,0,0,0,0,0,0,0,10.526315689086914,0,0,0,0,0,100,5,0,48345.346130371094,143033.11614990234,0,404327403520,8589930496,6273536000,114688
10,1791554540710,2500,2499,2500,2500,2500,2500,2500,2500,2499,2500,2499,2499,2500,2499,2499,2500,0,0,0,0,0,0,0,10.526315689086914,0,0,0,0,0,100,5,0,48345.50891113281,143033.49383544922,0,404327403520,8589930496,6273536000,114688
10,1791554540720,2500,2499,2500,2500,2500,2500,2500,2500,2499,2500,2499,2499,2500,2499,2499,2500,0,0,0,0,0,0,0,10.526315689086914,0,0,0,0,0,100,5,0,48345.672790527344,143033.8720703125,0,404327403520,8589930496,6273536000,114688
10,1791554540730,2500,2499,2500,2500,2500,2500,2500,2500,2499,2500,2499,2499,2500,2499,2499,2500,0,0,0,0,0,0,0,10.526315689086914,0,0,0,0,0,100,5,0,48345.83282470703,143034.25189208984,0,404327403520,8589930496,6273536000,114688
10,1791554540740,2500,2499,2500,2500,2500,2500,2500,2500,2499,2500,2499,2499,2500,2499,2499,2500,0,0,0,0,0,0,0,10.526315689086914,0,0,0,0,0,100,5,0,48345.99072265625,143034.62829589844,0,404327403520,8589930496,6273536000,114688
9,1791554540751,2500,2499,2500,2500,2500,2500,2500,2500,2499,2500,2499,2499,2500,2499,2499,2500,0,0,0,0,0,0,0,10.526315689086914,0,0,0,0,0,100,5,0,48346.152587890625,143035.00720214844,0,404327403520,8589930496,6273536000,114688
10,1791554540761,2500,2499,2500,2500,2500,2500,2500,2500,2499,2500,2499,2499,2500,2499,2499,2500,0,0,0,0,0,0,0,10.526315689086914,0,0,0,0,0,100,5,0,48346.312438964844,143035.38458251953,0,404327403520,8589930496,6273536000,114688
10,1791554540771,2500,2499,2500,2500,2500,2500,2500,2500,2499,2500,2499,2499,2500,2499,2499,2500,0,0,0,0,0,0,0,10.526315689086914,0,0,0,0,0,100,5,0,48346.495361328125,143035.7999267578,0,404327403520,8589930496,6273536000,114688
10,1791554540781,2500,2499,2500,2500,2500,2500,2500,2500,2499,2500,2499,2499,2500,2499,2499,2500,0,0,0,0,0,0,0,10.526315689086914,0,0,0,0,0,100,5,0,48346.65997314453,143036.17803955078,0,404327403520,8589930496,6273536000,114688
10,1791554540791,2500,2499,2500,2500,2500,2500,2500,2500,2499,2500,2499,2499,2500,2499,2499,2500,0,0,0,0,0,0,0,10.526315689086914,0,0,0,0,0,100,5,0,48346.821533203125,143036.55633544922,0,404327403520,8589930496,6273536000,114688
10,1791554540801,2500,2499,2500,2500,2500,2500,2500,2500,2499,2500,2499,2499,2500,2499,2499,2500,0,0,0,0,0,0,0,10.526315689086914,0,0,0,0,0,100,5,0,48346.98645019531,143036.9334716797,0,404327403520,8589930496,6273536000,114688
10,1791554540811,2500,2499,2500,2500,2500,2500,2500,2500,2499,2500,2499,2499,2500,2499,2499,2500,0,0,0,0,0,0,0,10.526315689086914,0,0,0,0,0,100,5,0,48347.14758300781,143037.3126220703,0,404327403520,8589930496,6273536000,114688
10,1791554540821,2500,2499,2500,2500,2500,2500,2500,2500,2499,2500,2499,2499,2500,2499,2499,2500,0,0,0,0,0,0,0,10.526315689086914,0,0,0,0,0,100,5,0,48347.306701660156,143037.68994140625,0,404327403520,8589930496,6273536000,114688
10,1791554540831,2500,2499,2500,2500,2500,2500,2500,2500,2499,2500,2499,2499,2500,2499,2499,2500,0,0,0,0,0,0,0,10.526315689086914,0,0,0,0,0,100,5,0,48347.47149658203,143038.06707763672,0,404327403520,8589930496,6273536000,114688
10,1791554540841,2500,2499,2500,2500,2500,2500,2500,2500,2499,2500,2499,2499,2500,2499,2499,2500,0,0,0,0,0,0,0,10.526315689086914,0,0,0,0,0,100,5,0,48347.633728027344,143038.4451904297,0,404327403520,8589930496,6273536000,114688
9,1791554540851,2500,2499,2500,2500,2500,2500,2500,2500,2499,2500,2499,2499,2500,2499,2499,2500,0,0,0,0,0,0,0,10.526315689086914,0,0,0,0,0,100,5,0,48347.794921875,143038.82122802734,0,404327403520,8589930496,6273536000,114688
10,1791554540861,2500,2499,2500,2500,2500,2500,2500,2500,2499,2500,2499,2499,2500,2499,2499,2500,0,0,0,0,0,0,0,10.526315689086914,0,0,0,0,0,100,5,0,48347.96350097656,143039.20013427734,0,404327403520,8589930496,6273536000,114688
10,1791554540871,2500,2499,2500,2500,2500,2500,2500,2500,2499,2500,2499,2499,2500,2499,2499,2500,0,0,0,0,0,0,0,10.526315689086914,0,0,0,0,0,100,5,0,48348.120849609375,143039.57830810547,0,404327403520,8589930496,6273536000,114688
10,1791554540881,2500,2499,2500,2500,2500,2500,2500,2500,2499,2500,2499,2499,2500,2499,2499,2500,0,0,0,0,0,0,0,10.526315689086914,0,0,0,0,0,100,5,0,48348.27996826172,143039.95642089844,0,404327403520,8589930496,6273536000,114688
10,1791554540891,2500,2499,2500,2500,2500,2500,2500,2500,2499,2500,2499,2499,2500,2499,2499,2500,0,0,0,0,0,0,0,5.263157844543457,0,4.761904716491699,0,0,0,100,5.263157844543457,0,48348.44952392578,143040.33471679688,0,404327403520,8589930496,6273536000,114688
10,1791554540901,2500,2499,2500,2500,2500,2500,2500,2500,2499,2500,2499,2499,2500,2499,2499,2500,0,0,0,0,0,0,0,5.263157844543457,0,4.761904716491699,0,0,0,100,5.263157844543457,0,48348.60791015625,143040.7139892578,0,404327403520,8589930496,6273536000,114688
10,1791554540911,2500,2499,2500,2500,2500,2500,2500,2500,2499,2500,2499,2499,2500,2499,2499,2500,0,0,0,0,0,0,0,5.263157844543457,0,4.761904716491699,0,0,0,100,5.263157844543457,0,48348.76794433594,143041.09143066406,0,404327403520,8589930496,6273536000,114688
9,1791554540921,2500,2499,2500,2500,2500,2500,2500,2500,2499,2500,2499,2499,2500,2499,2499,2500,0,0,0,0,0,0,0,5.263157844543457,0,4.761904716491699,0,0,0,100,5.263157844543457,0,48348.93127441406,143041.4701538086,0,404327403520,8589930496,6273536000,114688
10,1791554540932,2500,2499,2500,2500,2500,2500,2500,2500,2499,2500,2499,2499,2500,2499,2499,2500,0,0,0,0,0,0,0,5.263157844543457,0,4.761904716491699,0,0,0,100,5.263157844543457,0,48349.09680175781,143041.8482055664,0,404327403520,8589930496,6273536000,114688
10,1791554540942,2500,2499,2500,2500,2500,2500,2500,2500,2499,2500,2499,2499,2500,2499,2499,2500,0,0,0,0,0,0,0,5.263157844543457,0,4.761904716491699,0,0,0,100,5.263157844543457,0,48349.261169433594,143042.22412109375,0,404327403520,8589930496,6273536000,114688
10,1791554540952,2500,2499,2500,2500,2500,2500,2500,2500,2499,2500,2499,2499,2500,2499,2499,2500,0,0,0,0,0,0,0,5.263157844543457,0,4.761904716491699,0,0,0,100,5.263157844543457,0,48349.42462158203,143042.60247802734,0,404327403520,8589930496,6273536000,114688
10,1791554540962,2500,2499,2500,2500,2500,2500,2500,2500,2499,2500,2499,2499,2500,2499,2499,2500,0,0,0,0,0,0,0,5.263157844543457,0,4.761904716491699,0,0,0,100,5.263157844543457,0,48349.6025390625,143043.01635742188,0,404327403520,8589930496,6273536000,114688
10,1791554540972,2500,2499,2500,2500,2500,2500,2500,2500,2499,2500,2499,2499,2500,2499,2499,2500,0,0,0,0,0,0,0,5.263157844543457,0,4.761904716491699,0,0,0,100,5.263157844543457,0,48349.76629638672,143043.39379882813,0,404327403520,8589930496,6273536000,114688
10,1791554540982,2500,2499,2500,2500,2500,2500,2500,2500,2499,2500,2499,2499,2500,2499,2499,2500,0,0,0,0,0,0,0,5.263157844543457,0,4.761904716491699,0,0,0,100,5.263157844543457,0,48349.926513671875,143043.7725830078,0,404327403520,8589930496,6273536000,114688
10,1791554540992,2500,2499,2500,2500,2500,2500,2500,2500,2499,2500,2499,2499,2500,2499,2499,2500,0,0,0,0,0,0,0,5.263157844543457,0,4.761904716491699,0,0,0,100,5.263157844543457,0,48350.08709716797,143044.15075683594,0,404327403520,8589930496,6273536000,114688
10,1791554541002,2500,2499,2500,2500,2500,2500,2500,2500,2499,2500,2499,2499,2500,2499,2499,2500,0,0,0,0,0,0,0,5.263157844543457,0,4.761904716491699,0,0,0,100,5.263157844543457,0,48350.246032714844,143044.52758789063,0,404327403520,8589930496,6273536000,114688
10,1791554541012,2500,2499,2500,2500,2500,2500,2500,2500,2499,2500,2499,2499,2500,2499,2499,2500,0,0,0,0,0,0,0,5.263157844543457,0,4.761904716491699,0,0,0,100,5.263157844543457,0,48350.41064453125,143044.90618896484,0,404327403520,8589930496,6273536000,114688
10,1791554541022,2500,2499,2500,2500,2500,2500,2500,2500,2499,2500,2499,2499,2500,2499,2499,2500,0,0,0,0,0,0,0,5.263157844543457,0,4.761904716491699,0,0,0,100,5.263157844543457,0,48350.57531738281,143045.2841796875,0,404327403520,8589930496,6273536000,114688
10,1791554541032,2500,2499,2500,2500,2500,2500,2500,2500,2499,2500,2499,2499,2500,2499,2499,2500,0,0,0,0,0,0,0,5.263157844543457,0,4.761904716491699,0,0,0,100,5.263157844543457,0,48350.734436035156,143045.66314697266,0,404327403520,8589930496,6273536000,114688
10,1791554541042,2500,2499,2500,2500,2500,2500,2500,2500,2499,2500,2499,2499,2500,2499,2499,2500,0,0,0,0,0,0,0,5.263157844543457,0,4.761904716491699,0,0,0,100,5.263157844543457,0,48350.89569091797,143046.0405883789,0,404327403520,8589930496,6273536000,114688
10,1791554541052,2500,2499,2500,2500,2500,2500,2500,2500,2499,2500,2499,2499,2500,2499,2499,2500,0,0,0,0,0,0,0,5.263157844543457,0,4.761904716491699,0,0,0,100,5.263157844543457,0,48351.05700683594,143046.41973876953,0,404327403520,8589930496,6273536000,114688
10,1791554541062,2500,2499,2500,2500,2500,2500,2500,2500,2499,2500,2499,2499,2500,2499,2499,2500,0,0,0,0,0,0,0,5.263157844543457,0,4.761904716491699,0,0,0,100,5.263157844543457,0,48351.21716308594,143046.79583740234,0,404327403520,8589930496,6273536000,114688
10,1791554541072,2500,2499,2500,2500,2500,2500,2500,2500,2499,2500,2499,2499,2500,2499,2499,2500,0,0,0,0,0,0,0,5.263157844543457,0,4.761904716491699,0,0,0,100,5.263157844543457,0,48351.38024902344,143047.17376708984,0,404327403520,8589930496,6273536000,114688
10,1791554541082,2500,2499,2500,2500,2500,2500,2500,2500,2499,2500,2499,2499,2500,2499,2499,2500,0,0,0,0,0,0,0,5.263157844543457,0,4.761904716491699,0,0,0,100,5.263157844543457,0,48351.53985595703,143047.55291748047,0,404327403520,8589930496,6273536000,114688
9,1791554541093,2500,2499,2500,2500,2500,2500,2500,2500,2499,2500,2499,2499,2500,2499,2499,2500,0,0,0,0,0,0,0,14.285715103149414,0,0,0,0,0,100,5,0,48351.69952392578,143047.92822265625,0,404327403520,8589930496,6273536000,114688
10,1791554541103,2500,2499,2500,2500,2500,2500,2500,2500,2499,2500,2499,2499,2500,2499,2499,2500,0,0,0,0,0,0,0,14.285715103149414,0,0,0,0,0,100,5,0,48351.86340332031,143048.3077392578,0,404327403520,8589930496,6272757760,114688
10,1791554541113,2500,2499,2500,2500,2500,2500,2500,2500,2499,2500,2499,2499,2500,2499,2499,2500,0,0,0,0,0,0,0,14.285715103149414,0,0,0,0,0,100,5,0,48352.020080566406,143048.68603515625,0,404327403520,8589930496,6272757760,114688
10,1791554541123,2500,2499,2500,2500,2500,2500,2500,2500,2499,2500,2499,2499,2500,2499,2499,2500,0,0,0,0,0,0,0,14.285715103149414,0,0,0,0,0,100,5,0,48352.184143066406,143049.06372070313,0,404327403520,8589930496,6272757760,114688
10,1791554541133,2500,2499,2500,2500,2500,2500,2500,2500,2499,2500,2499,2499,2500,2499,2499,2500,0,0,0,0,0,0,0,14.285715103149414,0,0,0,0,0,100,5,0,48352.342529296875,143049.44384765625,0,404327403520,8589930496,6272757760,114688
10,1791554541143,2500,2499,2500,2500,2500,2500,2500,2500,2499,2500,2499,2499,2500,2499,2499,2500,0,0,0,0,0,0,0,14.285715103149414,0,0,0,0,0,100,5,0,48352.50909423828,143049.82092285156,0,404327403520,8589930496,6272757760,114688
10,1791554541153,2500,2499,2500,2500,2500,2500,2500,2500,2499,2500,2499,2499,2500,2499,2499,2500,0,0,0,0,0,0,0,14.285715103149414,0,0,0,0,0,100,5,0,48352.673889160156,143050.19647216797,0,404327403520,8589930496,6272757760,114688
10,1791554541163,2500,2499,2500,2500,2500,2500,2500,2500,2499,2500,2499,2499,2500,2499,2499,2500,0,0,0,0,0,0,0,14.285715103149414,0,0,0,0,0,100,5,0,48352.83654785156,143050.57543945313,0,404327403520,8589930496,6263631872,114688
10,1791554541173,2500,2499,2500,2500,2500,2500,2500,2500,2499,2500,2499,2499,2500,2499,2499,2500,0,0,0,0,0,0,0,14.285715103149414,0,0,0,0,0,100,5,0,48352.994873046875,143050.9536743164,0,404327403520,8589930496,6263631872,114688
10,1791554541183,2500,2499,2500,2500,2500,2500,2500,2500,2499,2500,2499,2499,2500,2499,2499,2500,0,0,0,0,0,0,0,14.285715103149414,0,0,0,0,0,100,5,0,48353.173583984375,143051.3726196289,0,404327403520,8589930496,6263631872,114688
9,1791554541193,2500,2499,2500,2500,2500,2500,2500,2500,2499,2500,2499,2499,2500,2499,2499,2500,0,0,0,0,0,0,0,14.285715103149414,0,0,0,0,0,100,5,0,48353.33624267578,143051.75073242188,0,404327403520,8589930496,6263631872,114688
10,1791554541203,2500,2499,2500,2500,2500,2500,2500,2500,2499,2500,2499,2499,2500,2499,2499,2500,0,0,0,0,0,0,0,14.285715103149414,0,0,0,0,0,100,5,0,48353.497802734375,143052.12854003906,0,404327403520,8589930496,6263631872,114688
10,1791554541213,2500,2499,2500,2500,2500,2500,2500,2500,2499,2500,2499,2499,2500,2499,2499,2500,0,0,0,0,0,0,0,14.285715103149414,0,0,0,0,0,100,5,0,48353.66149902344,143052.50579833984,0,404327403520,8589930496,6263631872,114688
10,1791554541223,2500,2499,2500,2500,2500,2500,2500,2500,2499,2500,2499,2499,2500,2499,2499,2500,0,0,0,0,0,0,0,14.285715103149414,0,0,0,0,0,100,5,0,48353.82629394531,143052.8809814453,0,404327403520,8589930496,6263631872,114688
10,1791554541233,2500,2499,2500,2500,2500,2500,2500,2500,2499,2500,2499,2499,2500,2499,2499,2500,0,0,0,0,0,0,0,14.285715103149414,0,0,0,0,0,100,5,0,48353.98254394531,143053.2608642578,0,404327403520,8589930496,6263631872,114688
10,1791554541243,2500,2499,2500,2500,2500,2500,2500,2500,2499,2500,2499,2499,2500,2499,2499,2500,0,0,0,0,0,0,0,14.285715103149414,0,0,0,0,0,100,5,0,48354.14532470703,143053.64056396484,0,404327403520,8589930496,6263631872,114688
10,1791554541253,2500,2499,2500,2500,2500,2500,2500,2500,2499,2500,2499,2499,2500,2499,2499,2500,0,0,0,0,0,0,0,14.285715103149414,0,0,0,0,0,100,5,0,48354.308166503906,143054.0194091797,0,404327403520,8589930496,6263631872,114688
9,1791554541263,2500,2499,2500,2500,2500,2500,2500,2500,2499,2500,2499,2499,2500,2499,2499,2500,0,0,0,0,0,0,0,14.285715103149414,0,0,0,0,0,100,5,0,48354.46893310547,143054.39697265625,0,404327403520,8589930496,6263631872,114688
10,1791554541274,2500,2499,2500,2500,2500,2500,2500,2500,2499,2500,2499,2499,2500,2499,2499,2500,0,0,0,0,0,0,0,14.285715103149414,0,0,0,0,0,100,5,0,48354.63067626953,143054.77532958984,0,404327403520,8589930496,6263631872,114688
10,1791554541284,2500,2499,2500,2500,2500,2500,2500,2500,2499,2500,2499,2499,2500,2499,2499,2500,0,0,0,0,0,0,0,14.285715103149414,0,0,0,0,0,100,5,0,48354.78887939453,143055.15216064453,0,404327403520,8589930496,6263631872,114688
10,1791554541294,2500,2499,2500,2500,2500,2500,2500,2500,2499,2500,2499,2499,2500,2499,2499,2500,0,0,0,0,0,0,0,5.555555820465088,0,0,0,0,0,100,9.523809432983398,0,48354.949645996094,143055.5303955078,0,404327403520,8589930496,6263631872,114688
10,1791554541304,2500,2499,2500,2500,2500,2500,2500,2500,2499,2500,2499,2499,2500,2499,2499,2500,0,0,0,0,0,0,0,5.555555820465088,0,0,0,0,0,100,9.523809432983398,0,48355.113525390625,143055.9080810547,0,404327403520,8589930496,6263631872,114688
10,1791554541314,2500,2499,2500,2500,2500,2500,2500,2500,2499,2500,2499,2499,2500,2499,2499,2500,0,0,0,0,0,0,0,5.555555820465088,0,0,0,0,0,100,9.523809432983398,0,48355.27362060547,143056.28814697266,0,404327403520,8589930496,6263631872,114688
10,1791554541324,2500,2499,2500,2500,2500,2500,2500,2500,2499,2500,2499,2499,2500,2499,2499,2500,0,0,0,0,0,0,0,5.555555820465088,0,0,0,0,0,100,9.523809432983398,0,48355.43933105469,143056.66564941406,0,404327403520,8589930496,6263631872,114688
10,1791554541334,2500,2499,2500,2500,2500,2500,2500,2500,2499,2500,2499,2499,2500,2499,2499,2500,0,0,0,0,0,0,0,5.555555820465088,0,0,0,0,0,100,9.523809432983398,0,48355.60437011719,143057.04486083984,0,404327403520,8589930496,6263631872,114688
10,1791554541344,2500,2499,2500,2500,2500,2500,2500,2500,2499,2500,2499,2499,2500,2499,2499,2500,0,0,0,0,0,0,0,5.555555820465088,0,0,0,0,0,100,9.523809432983398,0,48355.76806640625,143057.4228515625,0,404327403520,8589930496,6263631872,114688
10,1791554541354,2500,2499,2500,2500,2500,2500,2500,2500,2499,2500,2499,2499,2500,2499,2499,2500,0,0,0,0,0,0,0,5.555555820465088,0,0,0,0,0,100,9.523809432983398,0,48355.93048095703,143057.798828125,0,404327403520,8589930496,6263631872,114688
10,1791554541364,2500,2499,2500,2500,2500,2500,2500,2500,2499,2500,2499,2499,2500,2499,2499,2500,0,0,0,0,0,0,0,5.555555820465088,0,0,0,0,0,100,9.523809432983398,0,48356.091796875,143058.1787109375,0,404327403520,8589930496,6263631872,114688
9,1791554541374,2500,2499,2500,2500,2500,2500,2500,2500,2499,2500,2499,2499,2500,2499,2499,2500,0,0,0,0,0,0,0,5.555555820465088,0,0,0,0,0,100,9.523809432983398,0,48356.27136230469,143058.59399414063,0,404327403520,8589930496,6263631872,114688
10,1791554541384,2500,2499,2500,2500,2500,2500,2500,2500,2499,2500,2499,2499,2500,2499,2499,2500,0,0,0,0,0,0,0,5.555555820465088,0,0,0,0,0,100,9.523809432983398,0,48356.43536376953,143058.97436523438,0,404327403520,8589930496,6263631872,114688
10,1791554541394,2500,2499,2500,2500,2500,2500,2500,2500,2499,2500,2499,2499,2500,2499,2499,2500,0,0,0,0,0,0,0,5.555555820465088,0,0,0,0,0,100,9.523809432983398,0,48356.599182128906,143059.35052490234,0,404327403520,8589930496,6263631872,114688
10,1791554541404,2500,2499,2500,2500,2500,2500,2500,2500,2499,2500,2499,2499,2500,2499,2499,2500,0,0,0,0,0,0,0,5.555555820465088,0,0,0,0,0,100,9.523809432983398,0,48356.762145996094,143059.72692871094,0,404327403520,8589930496,6263631872,114688
10,1791554541414,2500,2499,2500,2500,2500,2500,2500,2500,2499,2500,2499,2499,2500,2499,2499,2500,0,0,0,0,0,0,0,5.555555820465088,0,0,0,0,0,100,9.523809432983398,0,48356.92694091797,143060.1044921875,0,404327403520,8589930496,6263631872,114688
10,1791554541424,2500,2499,2500,2500,2500,2500,2500,2500,2499,2500,2499,2499,2500,2499,2499,2500,0,0,0,0,0,0,0,5.555555820465088,0,0,0,0,0,100,9.523809432983398,0,48357.08605957031,143060.48400878906,0,404327403520,8589930496,6263631872,114688
9,1791554541434,2500,2499,2500,2500,2500,2500,2500,2500,2499,2500,2499,2499,2500,2499,2499,2500,0,0,0,0,0,0,0,5.555555820465088,0,0,0,0,0,100,9.523809432983398,0,48357.24462890625,143060.8621826172,0,404327403520,8589930496,6263631872,114688
10,1791554541445,2500,2499,2500,2500,2500,2500,2500,2500,2499,2500,2499,2499,2500,2499,2499,2500,0,0,0,0,0,0,0,5.555555820465088,0,0,0,0,0,100,9.523809432983398,0,48357.40612792969,143061.2413330078,0,404327403520,8589930496,6263631872,114688
10,1791554541455,2500,2499,2500,2500,2500,2500,2500,2500,2499,2500,2499,2499,2500,2499,2499,2500,0,0,0,0,0,0,0,5.555555820465088,0,0,0,0,0,100,9.523809432983398,0,48357.57305908203,143061.6201171875,0,404327403520,8589930496,6263631872,114688
10,1791554541465,2500,2499,2500,2500,2500,2500,2500,2500,2499,2500,2499,2499,2500,2499,2499,2500,0,0,0,0,0,0,0,5.555555820465088,0,0,0,0,0,100,9.523809432983398,0,48357.736755371094,143061.99755859375,0,404327403520,8589930496,6263631872,114688
10,1791554541475,2500,2499,2500,2500,2500,2500,2500,2500,2499,2500,2499,2499,2500,2499,2499,2500,0,0,0,0,0,0,0,5.555555820465088,0,0,0,0,0,100,9.523809432983398,0,48357.8955078125,143062.33685302734,0,404327403520,8589930496,6263631872,114688
10,1791554541485,2500,2499,2500,2500,2500,2500,2500,2500,2499,2500,2499,2499,2500,2499,2499,2500,0,0,0,0,0,0,0,5.555555820465088,0,0,0,0,0,100,9.523809432983398,0,48358.05224609375,143062.75555419922,0,404327403520,8589930496,6263631872,114688
10,1791554541495,2500,2499,2500,2500,2500,2500,2500,2500,2499,2500,2499,2499,2500,2499,2499,2500,4.761904716491699,0,0,0,0,0,0,10,0,0,0,0,0,100,0,0,48358.214111328125,143063.13262939453,0,404327403520,8589930496,6263631872,114688
10,1791554541505,2500,2499,2500,2500,2500,2500,2500,2500,2499,2500,2499,2499,2500,2499,2499,2500,4.761904716491699,0,0,0,0,0,0,10,0,0,0,0,0,100,0,0,48358.37713623047,143063.5111694336,0,404327403520,8589930496,6263631872,114688
10,1791554541515,2500,2499,2500,2500,2500,2500,2500,2500,2499,2500,2499,2499,2500,2499,2499,2500,4.761904716491699,0,0,0,0,0,0,10,0,0,0,0,0,100,0,0,48358.538513183594,143063.89044189453,0,404327403520,8589930496,6263631872,114688
10,1791554541525,2500,2499,2500,2500,2500,2500,2500,2500,2499,2500,2499,2499,2500,2499,2499,2500,4.761904716491699,0,0,0,0,0,0,10,0,0,0,0,0,100,0,0,48358.700256347656,143064.26782226563,0,404327403520,8589930496,6263631872,114688
10,1791554541535,2500,2499,2500,2500,2500,2500,2500,2500,2499,2500,2499,2499,2500,2499,2499,2500,4.761904716491699,0,0,0,0,0,0,10,0,0,0,0,0,100,0,0,48358.86102294922,143064.64575195313,0,404327403520,8589930496,6263631872,114688
10,1791554541545,2500,2499,2500,2500,2500,2500,2500,2500,2499,2500,2499,2499,2500,2499,2499,2500,4.761904716491699,0,0,0,0,0,0,10,0,0,0,0,0,100,0,0,48359.01593017578,143065.0239868164,0,404327403520,8589930496,6263631872,114688
10,1791554541555,2500,2499,2500,2500,2500,2500,2500,2500,2499,2500,2499,2499,2500,2499,2499,2500,4.761904716491699,0,0,0,0,0,0,10,0,0,0,0,0,100,0,0,48359.17980957031,143065.4028930664,0,404327403520,8589930496,6263631872,114688
10,1791554541565,2500,2499,2500,2500,2500,2500,2500,2500,2499,2500,2499,2499,2500,2499,2499,2500,4.761904716491699,0,0,0,0,0,0,10,0,0,0,0,0,100,0,0,48359.337829589844,143065.78143310547,0,404327403520,8589930496,6263631872,114688
10,1791554541575,2500,2499,2500,2500,2500,2500,2500,2500,2499,2500,2499,2499,2500,2499,2499,2500,4.761904716491699,0,0,0,0,0,0,10,0,0,0,0,0,100,0,0,48359.51965332031,143066.19854736328,0,404327403520,8589930496,6263631872,114688
10,1791554541585,2500,2499,2500,2500,2500,2500,2500,2500,2499,2500,2499,2499,2500,2499,2499,2500,4.761904716491699,0,0,0,0,0,0,10,0,0,0,0,0,100,0,0,48359.66223144531,143066.58142089844,0,404327403520,8589930496,6263631872,114688
10,1791554541595,2500,2499,2500,2500,2500,2500,2500,2500,2499,2500,2499,2499,2500,2499,2499,2500,4.761904716491699,0,0,0,0,0,0,10,0,0,0,0,0,100,0,0,48359.82409667969,143066.92254638672,0,404327403520,8589930496,6263631872,114688
9,1791554541605,2500,2499,2500,2500,2500,2500,2500,2500,2499,2500,2499,2499,2500,2499,2499,2500,4.761904716491699,0,0,0,0,0,0,10,0,0,0,0,0,100,0,0,48360.004638671875,143067.3344116211,0,404327403520,8589930496,6263631872,114688
10,1791554541616,2500,2499,2500,2500,2500,2500,2500,2500,2499,2500,2499,2499,2500,2499,2499,2500,4.761904716491699,0,0,0,0,0,0,10,0,0,0,0,0,100,0,0,48360.16760253906,143067.71270751953,0,404327403520,8589930496,6263631872,114688
10,1791554541626,2500,2499,2500,2500,2500,2500,2500,2500,2499,2500,2499,2499,2500,2499,2499,2500,4.761904716491699,0,0,0,0,0,0,10,0,0,0,0,0,100,0,0,48360.332763671875,143068.08862304688,0,404327403520,8589930496,6263631872,114688
10,1791554541636,2500,2499,2500,2500,2500,2500,2500,2500,2499,2500,2499,2499,2500,2499,2499,2500,4.761904716491699,0,0,0,0,0,0,10,0,0,0,0,0,100,0,0,48360.49591064453,143068.47088623047,0,404327403520,8589930496,6263631872,114688
10,1791554541646,2500,2499,2500,2500,2500,2500,2500,2500,2499,2500,2499,2499,2500,2499,2499,2500,4.761904716491699,0,0,0,0,0,0,10,0,0,0,0,0,100,0,0,48360.66436767578,143068.84405517578,0,404327403520,8589930496,6263631872,114688
10,1791554541656,2500,2499,2500,2500,2500,2500,2500,2500,2499,2500,2499,2499,2500,2499,2499,2500,4.761904716491699,0,0,0,0,0,0,10,0,0,0,0,0,100,0,0,48360.82897949219,143069.22534179688,0,404327403520,8589930496,6263631872,114688
10,1791554541666,2500,2499,2500,2500,2500,2500,2500,2500,2499,2500,2499,2499,2500,2499,2499,2500,4.761904716491699,0,0,0,0,0,0,10,0,0,0,0,0,100,0,0,48360.98809814453,143069.60803222656,0,404327403520,8589930496,6263631872,114688
9,1791554541676,2500,2499,2500,2500,2500,2500,2500,2500,2499,2500,2499,2499,2500,2499,2499,2500,4.761904716491699,0,0,0,0,0,0,10,0,0,0,0,0,100,0,0,48361.15185546875,143069.9842529297,0,404327403520,8589930496,6263631872,114688
10,1791554541686,2500,2499,2500,2500,2500,2500,2500,2500,2499,2500,2499,2499,2500,2499,2499,2500,4.761904716491699,0,0,0,0,0,0,10,0,0,0,0,0,100,0,0,48361.318115234375,143070.36114501953,0,404327403520,8589930496,6263631872,114688
10,1791554541696,2500,2499,2500,2500,2500,2500,2500,2500,2499,2500,2499,2499,2500,2499,2499,2500,5,0,0,0,0,0,0,10,0,0,0,0,4.761904716491699,100,0,0,48361.494140625,143070.7416381836,0,404327403520,8589930496,6263631872,114688
10,1791554541706,2500,2499,2500,2500,2500,2500,2500,2500,2499,2500,2499,2499,2500,2499,2499,2500,5,0,0,0,0,0,0,10,0,0,0,0,4.761904716491699,100,0,0,48361.6591796875,143071.1234741211,0,404327403520,8589930496,6263631872,114688
10,1791554541716,2500,2499,2500,2500,2500,2500,2500,2500,2499,2500,2499,2499,2500,2499,2499,2500,5,0,0,0,0,0,0,10,0,0,0,0,4.761904716491699,100,0,0,48361.83074951172,143071.49786376953,0,404327403520,8589930496,6263631872,114688
10,1791554541726,2500,2499,2500,2500,2500,2500,2500,2500,2499,2500,2499,2499,2500,2499,2499,2500,5,0,0,0,0,0,0,10,0,0,0,0,4.761904716491699,100,0,0,48361.994140625,143071.8760986328,0,404327403520,8589930496,6263631872,114688
10,1791554541736,2500,2499,2500,2500,2500,2500,2500,2500,2499,2500,2499,2499,2500,2499,2499,2500,5,0,0,0,0,0,0,10,0,0,0,0,4.761904716491699,100,0,0,48362.159423828125,143072.2568359375,0,404327403520,8589930496,6263631872,114688
10,1791554541746,2500,2499,2500,2500,2500,2500,2500,2500,2499,2500,2499,2499,2500,2499,2499,2500,5,0,0,0,0,0,0,10,0,0,0,0,4.761904716491699,100,0,0,48362.32342529297,143072.63110351563,0,404327403520,8589930496,6263631872,114688
10,1791554541756,2500,2499,2500,2500,2500,2500,2500,2500,2499,2500,2499,2499,2500,2499,2499,2500,5,0,0,0,0,0,0,10,0,0,0,0,4.761904716491699,100,0,0,48362.48400878906,143073.01049804688,0,404327403520,8589930496,6263631872,114688
10,1791554541766,2500,2499,2500,2500,2500,2500,2500,2500,2499,2500,2499,2499,2500,2499,2499,2500,5,0,0,0,0,0,0,10,0,0,0,0,4.761904716491699,100,0,0,48362.643127441406,143073.39001464844,0,404327403520,8589930496,6263631872,114688
10,1791554541776,2500,2499,2500,2500,2500,2500,2500,2500,2499,2500,2499,2499,2500,2499,2499,2500,5,0,0,0,0,0,0,10,0,0,0,0,4.761904716491699,100,0,0,48362.82550048828,143073.76849365234,0,404327403520,8589930496,6263631872,114688
9,1791554541787,2500,2499,2500,2500,2500,2500,2500,2500,2499,2500,2499,2499,2500,2499,2499,2500,5,0,0,0,0,0,0,10,0,0,0,0,4.761904716491699,100,0,0,48362.98718261719,143074.18432617188,0,404327403520,8589930496,6263631872,114688
10,1791554541797,2500,2499,2500,2500,2500,2500,2500,2500,2499,2500,2499,2499,2500,2499,2499,2500,5,0,0,0,0,0,0,10,0,0,0,0,4.761904716491699,100,0,0,48363.14978027344,143074.5619506836,0,404327403520,8589930496,6263631872,114688
10,1791554541807,2500,2499,2500,2500,2500,2500,2500,2500,2499,2500,2499,2499,2500,2499,2499,2500,5,0,0,0,0,0,0,10,0,0,0,0,4.761904716491699,100,0,0,48363.311096191406,143074.9395751953,0,404327403520,8589930496,6263631872,114688
10,1791554541817,2500,2499,2500,2500,2500,2500,2500,2500,2499,2500,2499,2499,2500,2499,2499,2500,5,0,0,0,0,0,0,10,0,0,0,0,4.761904716491699,100,0,0,48363.466369628906,143075.31927490234,0,404327403520,8589930496,6263631872,114688
10,1791554541827,2500,2499,2500,2500,2500,2500,2500,2500,2499,2500,2499,2499,2500,2499,2499,2500,5,0,0,0,0,0,0,10,0,0,0,0,4.761904716491699,100,0,0,48363.63006591797,143075.6987915039,0,404327403520,8589930496,6263631872,114688
10,1791554541837,2500,2499,2500,2500,2500,2500,2500,2500,2499,2500,2499,2499,2500,2499,2499,2500,5,0,0,0,0,0,0,10,0,0,0,0,4.761904716491699,100,0,0,48363.794006347656,143076.0760498047,0,404327403520,8589930496,6263631872,114688
10,1791554541847,2500,2499,2500,2500,2500,2500,2500,2500,2499,2500,2499,2499,2500,2499,2499,2500,5,0,0,0,0,0,0,10,0,0,0,0,4.761904716491699,100,0,0,48363.955322265625,143076.45318603516,0,404327403520,8589930496,6263631872,114688
10,1791554541857,2500,2499,2500,2500,2500,2500,2500,2500,2499,2500,2499,2499,2500,2499,2499,2500,5,0,0,0,0,0,0,10,0,0,0,0,4.761904716491699,100,0,0,48364.11389160156,143076.83099365234,0,404327403520,8589930496,6263631872,114688
10,1791554541867,2500,2499,2500,2500,2500,2500,2500,2500,2499,2500,2499,2499,2500,2499,2499,2500,5,0,0,0,0,0,0,10,0,0,0,0,4.761904716491699,100,0,0,48364.273193359375,143077.20916748047,0,404327403520,8589930496,6263631872,114688
9,1791554541877,2500,2499,2500,2500,2500,2500,2500,2500,2499,2500,2499,2499,2500,2499,2499,2500,5,0,0,0,0,0,0,10,0,0,0,0,4.761904716491699,100,0,0,48364.433044433594,143077.58917236328,0,404327403520,8589930496,6263631872,114688
10,1791554541887,2500,2499,2500,2500,2500,2500,2500,2500,2499,2500,2499,2499,2500,2499,2499,2500,5,0,0,0,0,0,0,10,0,0,0,0,4.761904716491699,100,0,0,48364.593688964844,143077.96673583984,0,404327403520,8589930496,6263631872,114688
10,1791554541897,2500,2499,2500,2500,2500,2500,2500,2500,2499,2500,2499,2499,2500,2499,2499,2500,0,0,0,0,0,0,0,5.555555820465088,0,0,0,0,0,100,0,0,48364.762268066406,143078.34350585938,0,404327403520,8589930496,6263631872,114688
10,1791554541907,2500,2499,2500,2500,2500,2500,2500,2500,2499,2500,2499,2499,2500,2499,2499,2500,0,0,0,0,0,0,0,5.555555820465088,0,0,0,0,0,100,0,0,48364.923583984375,143078.72186279297,0,404327403520,8589930496,6263631872,114688
10,1791554541917,2500,2499,2500,2500,2500,2500,2500,2500,2499,2500,2499,2499,2500,2499,2499,2500,0,0,0,0,0,0,0,5.555555820465088,0,0,0,0,0,100,0,0,48365.08544921875,143079.10125732422,0,404327403520,8589930496,6263631872,114688
10,1791554541927,2500,2499,2500,2500,2500,2500,2500,2500,2499,2500,2499,2499,2500,2499,2499,2500,0,0,0,0,0,0,0,5.555555820465088,0,0,0,0,0,100,0,0,48365.253662109375,143079.47882080078,0,404327403520,8589930496,6263631872,114688
10,1791554541937,2500,2499,2500,2500,2500,2500,2500,2500,2499,2500,2499,2499,2500,2499,2499,2500,0,0,0,0,0,0,0,5.555555820465088,0,0,0,0,0,100,0,0,48365.41339111328,143079.8564453125,0,404327403520,8589930496,6263631872,114688
10,1791554541947,2500,2499,2500,2500,2500,2500,2500,2500,2499,2500,2499,2499,2500,2499,2499,2500,0,0,0,0,0,0,0,5.555555820465088,0,0,0,0,0,100,0,0,48365.576232910156,143080.23504638672,0,404327403520,8589930496,6263631872,114688
10,1791554541958,2500,2499,2500,2500,2500,2500,2500,2500,2499,2500,2499,2499,2500,2499,2499,2500,0,0,0,0,0,0,0,5.555555820465088,0,0,0,0,0,100,0,0,48365.74139404297,143080.61322021484,0,404327403520,8589930496,6263631872,114688
9,1791554541968,2500,2499,2500,2500,2500,2500,2500,2500,2499,2500,2499,2499,2500,2499,2499,2500,0,0,0,0,0,0,0,5.555555820465088,0,0,0,0,0,100,0,0,48365.904541015625,143080.99096679688,0,404327403520,8589930496,6263631872,114688
9,1791554541978,2500,2499,2500,2500,2500,2500,2500,2500,2499,2500,2499,2499,2500,2499,2499,2500,0,0,0,0,0,0,0,5.555555820465088,0,0,0,0,0,100,0,0,48366.08703613281,143081.40551757813,0,404327403520,8589930496,6263631872,114688
10,1791554541988,2500,2499,2500,2500,2500,2500,2500,2500,2499,2500,2499,2499,2500,2499,2499,2500,0,0,0,0,0,0,0,5.555555820465088,0,0,0,0,0,100,0,0,48366.25128173828,143081.78564453125,0,404327403520,8589930496,6263631872,114688
10,1791554541998,2500,2499,2500,2500,2500,2500,2500,2500,2499,2500,2499,2499,2500,2499,2499,2500,0,0,0,0,0,0,0,5.555555820465088,0,0,0,0,0,100,0,0,48366.413635253906,143082.16424560547,0,404327403520,8589930496,6263631872,114688
10,1791554542008,2500,2499,2500,2500,2500,2500,2500,2500,2499,2500,2499,2499,2500,2499,2499,2500,0,0,0,0,0,0,0,5.555555820465088,0,0,0,0,0,100,0,0,48366.57678222656,143082.54388427734,0,404327403520,8589930496,6263631872,114688
10,1791554542018,2500,2499,2500,2500,2500,2500,2500,2500,2499,2500,2499,2499,2500,2499,2499,2500,0,0,0,0,0,0,0,5.555555820465088,0,0,0,0,0,100,0,0,48366.73828125,143082.9232788086,0,404327403520,8589930496,6263631872,114688
10,1791554542028,2500,2499,2500,2500,2500,2500,2500,2500,2499,2500,2499,2499,2500,2499,2499,2500,0,0,0,0,0,0,0,5.555555820465088,0,0,0,0,0,100,0,0,48366.90087890625,143083.30303955078,0,404327403520,8589930496,6263631872,114688
10,1791554542038,2500,2499,2500,2500,2500,2500,2500,2500,2499,2500,2499,2499,2500,2499,2499,2500,0,0,0,0,0,0,0,5.555555820465088,0,0,0,0,0,100,0,0,48367.05871582031,143083.67895507813,0,404327403520,8589930496,6263631872,114688
9,1791554542048,2500,2499,2500,2500,2500,2500,2500,2500,2499,2500,2499,2499,2500,2499,2499,2500,0,0,0,0,0,0,0,5.555555820465088,0,0,0,0,0,100,0,0,48367.219299316406,143084.05792236328,0,404327403520,8589930496,6263631872,114688
10,1791554542058,2500,2499,2500,2500,2500,2500,2500,2500,2499,2500,2499,2499,2500,2499,2499,2500,0,0,0,0,0,0,0,5.555555820465088,0,0,0,0,0,100,0,0,48367.38232421875,143084.43615722656,0,404327403520,8589930496,6263631872,114688
10,1791554542068,2500,2499,2500,2500,2500,2500,2500,2500,2499,2500,2499,2499,2500,2499,2499,2500,0,0,0,0,0,0,0,5.555555820465088,0,0,0,0,0,100,0,0,48367.54364013672,143084.81512451172,0,404327403520,8589930496,6263631872,114688
10,1791554542078,2500,2499,2500,2500,2500,2500,2500,2500,2499,2500,2499,2499,2500,2499,2499,2500,0,0,0,0,0,0,0,5.555555820465088,0,0,0,0,0,100,0,0,48367.70495605469,143085.19396972656,0,404327403520,8589930496,6263631872,114688
10,1791554542088,2500,2499,2500,2500,2500,2500,2500,2500,2499,2500,2499,2499,2500,2499,2499,2500,0,0,0,0,0,0,0,5.555555820465088,0,0,0,0,0,100,0,0,48367.86376953125,143085.57385253906,0,404327403520,8589930496,6263631872,114688
10,1791554542098,2500,2499,2500,2500,2500,2500,2500,2500,2499,2500,2499,2499,2500,2499,2499,2500,0,0,0,0,0,0,0,5.263157844543457,0,0,0,0,0,100,0,0,48368.02392578125,143085.95178222656,0,404327403520,8589930496,6263631872,114688
10,1791554542108,2500,2499,2500,2500,2500,2500,2500,2500,2499,2500,2499,2499,2500,2499,2499,2500,0,0,0,0,0,0,0,5.263157844543457,0,0,0,0,0,100,0,0,48368.189453125,143086.32879638672,0,404327403520,8589930496,6263631872,114688
10,1791554542118,2500,2499,2500,2500,2500,2500,2500,2500,2499,2500,2499,2499,2500,2499,2499,2500,0,0,0,0,0,0,0,5.263157844543457,0,0,0,0,0,100,0,0,48368.35369873047,143086.7108154297,0,404327403520,8589930496,6263631872,114688
10,1791554542129,2500,2499,2500,2500,2500,2500,2500,2500,2499,2500,2499,2499,2500,2499,2499,2500,0,0,0,0,0,0,0,5.263157844543457,0,0,0,0,0,100,0,0,48368.517517089844,143087.0906982422,0,404327403520,8589930496,6255374336,114688
10,1791554542139,2500,2499,2500,2500,2500,2500,2500,2500,2499,2500,2499,2499,2500,2499,2499,2500,0,0,0,0,0,0,0,5.263157844543457,0,0,0,0,0,100,0,0,48368.6787109375,143087.46813964844,0,404327403520,8589930496,6255374336,114688
10,1791554542149,2500,2499,2500,2500,2500,2500,2500,2500,2499,2500,2499,2499,2500,2499,2499,2500,0,0,0,0,0,0,0,5.263157844543457,0,0,0,0,0,100,0,0,48368.83709716797,143087.84448242188,0,404327403520,8589930496,6255374336,114688
10,1791554542159,2500,2499,2500,2500,2500,2500,2500,2500,2499,2500,2499,2499,2500,2499,2499,2500,0,0,0,0,0,0,0,5.263157844543457,0,0,0,0,0,100,0,0,48368.99676513672,143088.22296142578,0,404327403520,8589930496,6255374336,114688
10,1791554542169,2500,2499,2500,2500,2500,2500,2500,2500,2499,2500,2499,2499,2500,2499,2499,2500,0,0,0,0,0,0,0,5.263157844543457,0,0,0,0,0,100,0,0,48369.15563964844,143088.60302734375,0,404327403520,8589930496,6255374336,114688
10,1791554542179,2500,2499,2500,2500,2500,2500,2500,2500,2499,2500,2499,2499,2500,2499,2499,2500,0,0,0,0,0,0,0,5.263157844543457,0,0,0,0,0,100,0,0,48369.316467285156,143088.98223876953,0,404327403520,8589930496,6255374336,114688
10,1791554542189,2500,2499,2500,2500,2500,2500,2500,2500,2499,2500,2499,2499,2500,2499,2499,2500,0,0,0,0,0,0,0,5.263157844543457,0,0,0,0,0,100,0,0,48369.49365234375,143089.39752197266,0,404327403520,8589930496,6255374336,114688
10,1791554542199,2500,2499,2500,2500,2500,2500,2500,2500,2499,2500,2499,2499,2500,2499,2499,2500,0,0,0,0,0,0,0,5.263157844543457,0,0,0,0,0,100,0,0,48369.65411376953,143089.7777709961,0,404327403520,8589930496,6255374336,114688
10,1791554542209,2500,2499,2500,2500,2500,2500,2500,2500,2499,2500,2499,2499,2500,2499,2499,2500,0,0,0,0,0,0,0,5.263157844543457,0,0,0,0,0,100,0,0,48369.8154296875,143090.15509033203,0,404327403520,8589930496,6255374336,114688
9,1791554542219,2500,2499,2500,2500,2500,2500,2500,2500,2499,2500,2499,2499,2500,2499,2499,2500,0,0,0,0,0,0,0,5.263157844543457,0,0,0,0,0,100,0,0,48369.97772216797,143090.53192138672,0,404327403520,8589930496,6255374336,114688
10,1791554542229,2500,2499,2500,2500,2500,2500,2500,2500,2499,2500,2499,2499,2500,2499,2499,2500,0,0,0,0,0,0,0,5.263157844543457,0,0,0,0,0,100,0,0,48370.13732910156,143090.91302490234,0,404327403520,8589930496,6255374336,114688
10,1791554542239,2500,2499,2500,2500,2500,2500,2500,2500,2499,2500,2499,2499,2500,2499,2499,2500,0,0,0,0,0,0,0,5.263157844543457,0,0,0,0,0,100,0,0,48370.30401611328,143091.28955078125,0,404327403520,8589930496,6255374336,114688
10,1791554542249,2500,2499,2500,2500,2500,2500,2500,2500,2499,2500,2499,2499,2500,2499,2499,2500,0,0,0,0,0,0,0,5.263157844543457,0,0,0,0,0,100,0,0,48370.47082519531,143091.66845703125,0,404327403520,8589930496,6255374336,114688
10,1791554542259,2500,2499,2500,2500,2500,2500,2500,2500,2499,2500,2499,2499,2500,2499,2499,2500,0,0,0,0,0,0,0,5.263157844543457,0,0,0,0,0,100,0,0,48370.63635253906,143092.0458984375,0,404327403520,8589930496,6250913792,114688
10,1791554542269,2500,2499,2500,2500,2500,2500,2500,2500,2499,2500,2499,2499,2500,2499,2499,2500,0,0,0,0,0,0,0,5.263157844543457,0,0,0,0,0,100,0,0,48370.79895019531,143092.4243774414,0,404327403520,8589930496,6244470784,114688
10,1791554542279,2500,2499,2500,2500,2500,2500,2500,2500,2499,2500,2499,2499,2500,2499,2499,2500,0,0,0,0,0,0,0,5.263157844543457,0,0,0,0,0,100,0,0,48370.955139160156,143092.8032836914,0,404327403520,8589930496,6244470784,114688
10,1791554542289,2500,2499,2500,2500,2500,2500,2500,2500,2499,2500,2499,2499,2500,2499,2499,2500,0,0,0,0,0,0,0,5.263157844543457,0,0,0,0,0,100,0,0,48371.11755371094,143093.18267822266,0,404327403520,8589930496,6240010240,114688
10,1791554542300,2500,2499,2500,2500,2500,2500,2500,2500,2499,2500,2499,2499,2500,2499,2499,2500,0,0,0,0,0,0,0,10,0,0,0,0,0,100,0,0,48371.28430175781,143093.56280517578,0,404327403520,8589930496,6240010240,114688
10,1791554542310,2500,2499,2500,2500,2500,2500,2500,2500,2499,2500,2499,2499,2500,2499,2499,2500,0,0,0,0,0,0,0,10,0,0,0,0,0,100,0,0,48371.447998046875,143093.94146728516,0,404327403520,8589930496,6235549696,114688
10,1791554542320,2500,2499,2500,2500,2500,2500,2500,2500,2499,2500,2499,2499,2500,2499,2499,2500,0,0,0,0,0,0,0,10,0,0,0,0,0,100,0,0,48371.607971191406,143094.31787109375,0,404327403520,8589930496,6235549696,114688
9,1791554542330,2500,2499,2500,2500,2500,2500,2500,2500,2499,2500,2499,2499,2500,2499,2499,2500,0,0,0,0,0,0,0,10,0,0,0,0,0,100,0,0,48371.7685546875,143094.6968383789,0,404327403520,8589930496,6235549696,114688
10,1791554542340,2500,2499,2500,2500,2500,2500,2500,2500,2499,2500,2499,2499,2500,2499,2499,2500,0,0,0,0,0,0,0,10,0,0,0,0,0,100,0,0,48371.927307128906,143095.0747680664,0,404327403520,8589930496,6227619840,114688
10,1791554542350,2500,2499,2500,2500,2500,2500,2500,2500,2499,2500,2499,2499,2500,2499,2499,2500,0,0,0,0,0,0,0,10,0,0,0,0,0,100,0,0,48372.09326171875,143095.4532470703,0,404327403520,8589930496,6223654912,114688
10,1791554542360,2500,2499,2500,2500,2500,2500,2500,2500,2499,2500,2499,2499,2500,2499,2499,2500,0,0,0,0,0,0,0,10,0,0,0,0,0,100,0,0,48372.25567626953,143095.83001708984,0,404327403520,8589930496,6223654912,114688
10,1791554542370,2500,2499,2500,2500,2500,2500,2500,2500,2499,2500,2499,2499,2500,2499,2499,2500,0,0,0,0,0,0,0,10,0,0,0,0,0,100,0,0,48372.417541503906,143096.21099853516,0,404327403520,8589930496,6219194368,114688
10,1791554542380,2500,2499,2500,2500,2500,2500,2500,2500,2499,2500,2499,2499,2500,2499,2499,2500,0,0,0,0,0,0,0,10,0,0,0,0,0,100,0,0,48372.58087158203,143096.5884399414,0,404327403520,8589930496,6219194368,114688
10,1791554542390,2500,2499,2500,2500,2500,2500,2500,2500,2499,2500,2499,2499,2500,2499,2499,2500,0,0,0,0,0,0,0,10,0,0,0,0,0,100,0,0,48372.765075683594,143097.0057373047,0,404327403520,8589930496,6215229440,114688
10,1791554542400,2500,2499,2500,2500,2500,2500,2500,2500,2499,2500,2499,2499,2500,2499,2499,2500,0,0,0,0,0,0,0,10,0,0,0,0,0,100,0,0,48372.93243408203,143097.38330078125,0,404327403520,8589930496,6210768896,114688
10,1791554542410,2500,2499,2500,2500,2500,2500,2500,2500,2499,2500,2499,2499,2500,2499,2499,2500,0,0,0,0,0,0,0,10,0,0,0,0,0,100,0,0,48373.09503173828,143097.75885009766,0,404327403520,8589930496,6210768896,114688
10,1791554542420,2500,2499,2500,2500,2500,2500,2500,2500,2499,2500,2499,2499,2500,2499,2499,2500,0,0,0,0,0,0,0,10,0,0,0,0,0,100,0,0,48373.25451660156,143098.13653564453,0,404327403520,8589930496,6206803968,114688
10,1791554542430,2500,2499,2500,2500,2500,2500,2500,2500,2499,2500,2499,2499,2500,2499,2499,2500,0,0,0,0,0,0,0,10,0,0,0,0,0,100,0,0,48373.41711425781,143098.51531982422,0,404327403520,8589930496,6202343424,114688
10,1791554542440,2500,2499,2500,2500,2500,2500,2500,2500,2499,2500,2499,2499,2500,2499,2499,2500,0,0,0,0,0,0,0,10,0,0,0,0,0,100,0,0,48373.5771484375,143098.89385986328,0,404327403520,8589930496,6202343424,114688
10,1791554542450,2500,2499,2500,2500,2500,2500,2500,2500,2499,2500,2499,2499,2500,2499,2499,2500,0,0,0,0,0,0,0,10,0,0,0,0,0,100,0,0,48373.74249267578,143099.2735595703,0,404327403520,8589930496,6197882880,114688
10,1791554542460,2500,2499,2500,2500,2500,2500,2500,2500,2499,2500,2499,2499,2500,2499,2499,2500,0,0,0,0,0,0,0,10,0,0,0,0,0,100,0,0,48373.90563964844,143099.64776611328,0,404327403520,8589930496,6193422336,114688
10,1791554542471,2500,2499,2500,2500,2500,2500,2500,2500,2499,2500,2499,2499,2500,2499,2499,2500,0,0,0,0,0,0,0,10,0,0,0,0,0,100,0,0,48374.068420410156,143100.02813720703,0,404327403520,8589930496,6193422336,114688
10,1791554542481,2500,2499,2500,2500,2500,2500,2500,2500,2499,2500,2499,2499,2500,2499,2499,2500,0,0,0,0,0,0,0,10,0,0,0,0,0,100,0,0,48374.231506347656,143100.4057006836,0,404327403520,8589930496,6193422336,114688
10,1791554542491,2500,2499,2500,2500,2500,2500,2500,2500,2499,2500,2499,2499,2500,2499,2499,2500,0,0,0,0,0,0,0,10,0,0,0,0,0,100,0,0,48374.398193359375,143100.78515625,0,404327403520,8589930496,6193422336,114688
10,1791554542501,2500,2499,2500,2500,2500,2500,2500,2500,2499,2500,2499,2499,2500,2499,2499,2500,0,0,0,0,0,0,0,10,0,0,0,0,0,100,0,0,48374.56268310547,143101.16326904297,0,404327403520,8589930496,6187970560,114688
10,1791554542511,2500,2499,2500,2500,2500,2500,2500,2500,2499,2500,2499,2499,2500,2499,2499,2500,0,0,0,0,0,0,0,10,0,0,0,0,0,100,0,0,48374.724609375,143101.5428466797,0,404327403520,8589930496,6181527552,114688
9,1791554542521,2500,2499,2500,2500,2500,2500,2500,2500,2499,2500,2499,2499,2500,2499,2499,2500,0,0,0,0,0,0,0,10,0,0,0,0,0,100,0,0,48374.88854980469,143101.91870117188,0,404327403520,8589930496,6181527552,114688
10,1791554542531,2500,2499,2500,2500,2500,2500,2500,2500,2499,2500,2499,2499,2500,2499,2499,2500,0,0,0,0,0,0,0,10,0,0,0,0,0,100,0,0,48375.05041503906,143102.2977294922,0,404327403520,8589930496,6172606464,114688
10,1791554542541,2500,2499,2500,2500,2500,2500,2500,2500,2499,2500,2499,2499,2500,2499,2499,2500,0,0,0,0,0,0,0,10,0,0,0,0,0,100,0,0,48375.21319580078,143102.67517089844,0,404327403520,8589930496,6168145920,114688
10,1791554542551,2500,2499,2500,2500,2500,2500,2500,2500,2499,2500,2499,2499,2500,2499,2499,2500,0,0,0,0,0,0,0,10,0,0,0,0,0,100,0,0,48375.375061035156,143103.05303955078,0,404327403520,8589930496,6168145920,114688
10,1791554542561,2500,2499,2500,2500,2500,2500,2500,2500,2499,2500,2499,2499,2500,2499,2499,2500,0,0,0,0,0,0,0,10,0,0,0,0,0,100,0,0,48375.54211425781,143103.43658447266,0,404327403520,8589930496,6168145920,114688
10,1791554542571,2500,2499,2500,2500,2500,2500,2500,2500,2499,2500,2499,2499,2500,2499,2499,2500,0,0,0,0,0,0,0,10,0,0,0,0,0,100,0,0,48375.710205078125,143103.82446289063,0,404327403520,8589930496,6168145920,114688
10,1791554542581,2500,2499,2500,2500,2500,2500,2500,2500,2499,2500,2499,2499,2500,2499,2499,2500,0,0,0,0,0,0,0,10,0,0,0,0,0,100,0,0,48375.89294433594,143104.24658203125,0,404327403520,8589930496,6168145920,114688
10,1791554542591,2500,2499,2500,2500,2500,2500,2500,2500,2499,2500,2499,2499,2500,2499,2499,2500,0,0,0,0,0,0,0,10,0,0,0,0,0,100,0,0,48376.05871582031,143104.6329345703,0,404327403520,8589930496,6168145920,114688
10,1791554542601,2500,2499,2500,2500,2500,2500,2500,2500,2499,2500,2499,2499,2500,2499,2499,2500,0,0,0,0,0,0,0,10,0,0,0,0,0,100,0,0,48376.233947753906,143105.02020263672,0,404327403520,8589930496,6168145920,114688
10,1791554542611,2500,2499,2500,2500,2500,2500,2500,2500,2499,2500,2499,2499,2500,2499,2499,2500,0,0,0,0,0,0,0,10,0,0,0,0,0,100,0,0,48376.399658203125,143105.40447998047,0,404327403520,8589930496,6168145920,114688
10,1791554542621,2500,2499,2500,2500,2500,2500,2500,2500,2499,2500,2499,2499,2500,2499,2499,2500,0,0,0,0,0,0,0,10,0,0,0,0,0,100,0,0,48376.570861816406,143105.7914428711,0,404327403520,8589930496,6168145920,114688
10,1791554542631,2500,2499,2500,2500,2500,2500,2500,2500,2499,2500,2499,2499,2500,2499,2499,2500,0,0,0,0,0,0,0,10,0,0,0,0,0,100,0,0,48376.73620605469,143106.1844482422,0,404327403520,8589930496,6168145920,114688
10,1791554542642,2500,2499,2500,2500,2500,2500,2500,2500,2499,2500,2499,2499,2500,2499,2499,2500,0,0,0,0,0,0,0,10,0,0,0,0,0,100,0,0,48376.90515136719,143106.57061767578,0,404327403520,8589930496,6168145920,114688
10,1791554542652,2500,2499,2500,2500,2500,2500,2500,2500,2499,2500,2499,2499,2500,2499,2499,2500,0,0,0,0,0,0,0,10,0,0,0,0,0,100,0,0,48377.07165527344,143106.9515991211,0,404327403520,8589930496,6168145920,114688
10,1791554542662,2500,2499,2500,2500,2500,2500,2500,2500,2499,2500,2499,2499,2500,2499,2499,2500,0,0,0,0,0,0,0,10,0,0,0,0,0,100,0,0,48377.23828125,143107.34014892578,0,404327403520,8589930496,6168145920,114688
10,1791554542672,2500,2499,2500,2500,2500,2500,2500,2500,2499,2500,2499,2499,2500,2499,2499,2500,0,0,0,0,0,0,0,10,0,0,0,0,0,100,0,0,48377.404846191406,143107.72998046875,0,404327403520,8589930496,6168145920,114688
10,1791554542682,2500,2499,2500,2500,2500,2500,2500,2500,2499,2500,2499,2499,2500,2499,2499,2500,0,0,0,0,0,0,0,10,0,0,0,0,0,100,0,0,48377.57531738281,143108.11785888672,0,404327403520,8589930496,6168145920,114688
10,1791554542692,2500,2499,2500,2500,2500,2500,2500,2500,2499,2500,2499,2499,2500,2499,2499,2500,0,0,0,0,0,0,0,10,0,0,0,0,0,100,0,0,48377.744689941406,143108.52026367188,0,404327403520,8589930496,6168145920,114688
10,1791554542702,2500,2499,2500,2500,2500,2500,2500,2500,2499,2500,2499,2499,2500,2499,2499,2500,5,0,0,0,0,0,0,10.526315689086914,0,0,0,0,0,100,0,0,48377.915588378906,143108.8973388672,0,404327403520,8589930496,6168145920,114688
10,1791554542712,2500,2499,2500,2500,2500,2500,2500,2500,2499,2500,2499,2499,2500,2499,2499,2500,5,0,0,0,0,0,0,10.526315689086914,0,0,0,0,0,100,0,0,48378.08093261719,143109.28979492188,0,404327403520,8589930496,6168145920,114688
9,1791554542722,2500,2499,2500,2500,2500,2500,2500,2500,2499,2500,2499,2499,2500,2499,2499,2500,5,0,0,0,0,0,0,10.526315689086914,0,0,0,0,0,100,0,0,48378.242919921875,143109.68084716797,0,404327403520,8589930496,6168145920,114688
10,1791554542732,2500,2499,2500,2500,2500,2500,2500,2500,2499,2500,2499,2499,2500,2499,2499,2500,5,0,0,0,0,0,0,10.526315689086914,0,0,0,0,0,100,0,0,48378.408935546875,143110.06671142578,0,404327403520,8589930496,6168145920,114688
10,1791554542742,2500,2499,2500,2500,2500,2500,2500,2500,2499,2500,2499,2499,2500,2499,2499,2500,5,0,0,0,0,0,0,10.526315689086914,0,0,0,0,0,100,0,0,48378.57208251953,143110.44842529297,0,404327403520,8589930496,6168145920,114688
10,1791554542752,2500,2499,2500,2500,2500,2500,2500,2500,2499,2500,2499,2499,2500,2499,2499,2500,5,0,0,0,0,0,0,10.526315689086914,0,0,0,0,0,100,0,0,48378.73760986328,143110.8402709961,0,404327403520,8589930496,6168145920,114688
10,1791554542762,2500,2499,2500,2500,2500,2500,2500,2500,2499,2500,2499,2499,2500,2499,2499,2500,5,0,0,0,0,0,0,10.526315689086914,0,0,0,0,0,100,0,0,48378.90496826172,143111.22259521484,0,404327403520,8589930496,6168145920,114688
10,1791554542772,2500,2499,2500,2500,2500,2500,2500,2500,2499,2500,2499,2499,2500,2499,2499,2500,5,0,0,0,0,0,0,10.526315689086914,0,0,0,0,0,100,0,0,48379.06915283203,143111.60748291016,0,404327403520,8589930496,6168145920,114688
10,1791554542782,2500,2499,2500,2500,2500,2500,2500,2500,2499,2500,2499,2499,2500,2499,2499,2500,5,0,0,0,0,0,0,10.526315689086914,0,0,0,0,0,100,0,0,48379.226989746094,143111.99908447266,0,404327403520,8589930496,6168145920,114688
10,1791554542792,2500,2499,2500,2500,2500,2500,2500,2500,2499,2500,2499,2499,2500,2499,2499,2500,5,0,0,0,0,0,0,10.526315689086914,0,0,0,0,0,100,0,0,48379.392150878906,143112.38415527344,0,404327403520,8589930496,6168145920,114688
10,1791554542802,2500,2499,2500,2500,2500,2500,2500,2500,2499,2500,2499,2499,2500,2499,2499,2500,5,0,0,0,0,0,0,10.526315689086914,0,0,0,0,0,100,0,0,48379.558654785156,143112.77795410156,0,404327403520,8589930496,6168145920,114688
10,1791554542813,2500,2499,2500,2500,2500,2500,2500,2500,2499,2500,2499,2499,2500,2499,2499,2500,5,0,0,0,0,0,0,10.526315689086914,0,0,0,0,0,100,0,0,48379.73791503906,143113.20043945313,0,404327403520,8589930496,6168145920,114688
9,1791554542823,2500,2499,2500,2500,2500,2500,2500,2500,2499,2500,2499,2499,2500,2499,2499,2500,5,0,0,0,0,0,0,10.526315689086914,0,0,0,0,0,100,0,0,48379.90350341797,143113.5828857422,0,404327403520,8589930496,6168145920,114688
10,1791554542833,2500,2499,2500,2500,2500,2500,2500,2500,2499,2500,2499,2499,2500,2499,2499,2500,5,0,0,0,0,0,0,10.526315689086914,0,0,0,0,0,100,0,0,48380.069580078125,143113.96899414063,0,404327403520,8589930496,6168145920,114688
10,1791554542843,2500,2499,2500,2500,2500,2500,2500,2500,2499,2500,2499,2499,2500,2499,2499,2500,5,0,0,0,0,0,0,10.526315689086914,0,0,0,0,0,100,0,0,48380.236755371094,143114.35125732422,0,404327403520,8589930496,6168145920,114688
10,1791554542853,2500,2499,2500,2500,2500,2500,2500,2500,2499,2500,2499,2499,2500,2499,2499,2500,5,0,0,0,0,0,0,10.526315689086914,0,0,0,0,0,100,0,0,48380.402587890625,143114.7367553711,0,404327403520,8589930496,6168145920,114688
10,1791554542863,2500,2499,2500,2500,2500,2500,2500,2500,2499,2500,2499,2499,2500,2499,2499,2500,5,0,0,0,0,0,0,10.526315689086914,0,0,0,0,0,100,0,0,48380.56774902344,143115.12322998047,0,404327403520,8589930496,6168145920,114688
10,1791554542873,2500,2499,2500,2500,2500,2500,2500,2500,2499,2500,2499,2499,2500,2499,2499,2500,5,0,0,0,0,0,0,10.526315689086914,0,0,0,0,0,100,0,0,48380.72961425781,143115.51293945313,0,404327403520,8589930496,6168145920,114688
10,1791554542883,2500,2499,2500,2500,2500,2500,2500,2500,2499,2500,2499,2499,2500,2499,2499,2500,5,0,0,0,0,0,0,10.526315689086914,0,0,0,0,0,100,0,0,48380.89562988281,143115.8994140625,0,404327403520,8589930496,6168145920,114688
10,1791554542893,2500,2499,2500,2500,2500,2500,2500,2500,2499,2500,2499,2499,2500,2499,2499,2500,5,0,0,0,0,0,0,10.526315689086914,0,0,0,0,0,100,0,0,48381.06115722656,143116.28442382813,0,404327403520,8589930496,6168145920,114688
9,1791554542903,2500,2499,2500,2500,2500,2500,2500,2500,2499,2500,2499,2499,2500,2499,2499,2500,0,0,0,0,0,0,0,5.263157844543457,0,0,0,0,0,100,0,0,48381.22814941406,143116.66912841797,0,404327403520,8589930496,6168145920,114688
10,1791554542913,2500,2499,2500,2500,2500,2500,2500,2500,2499,2500,2499,2499,2500,2499,2499,2500,0,0,0,0,0,0,0,5.263157844543457,0,0,0,0,0,100,0,0,48381.394592285156,143117.056640625,0,404327403520,8589930496,6168145920,114688
10,1791554542923,2500,2499,2500,2500,2500,2500,2500,2500,2499,2500,2499,2499,2500,2499,2499,2500,0,0,0,0,0,0,0,5.263157844543457,0,0,0,0,0,100,0,0,48381.56072998047,143117.44305419922,0,404327403520,8589930496,6168145920,114688
10,1791554542933,2500,2499,2500,2500,2500,2500,2500,2500,2499,2500,2499,2499,2500,2499,2499,2500,0,0,0,0,0,0,0,5.263157844543457,0,0,0,0,0,100,0,0,48381.73272705078,143117.82373046875,0,404327403520,8589930496,6168145920,114688
10,1791554542943,2500,2499,2500,2500,2500,2500,2500,2500,2499,2500,2499,2499,2500,2499,2499,2500,0,0,0,0,0,0,0,5.263157844543457,0,0,0,0,0,100,0,0,48381.8984375,143118.20947265625,0,404327403520,8589930496,6168145920,114688
10,1791554542953,2500,2499,2500,2500,2500,2500,2500,2500,2499,2500,2499,2499,2500,2499,2499,2500,0,0,0,0,0,0,0,5.263157844543457,0,0,0,0,0,100,0,0,48382.06964111328,143118.59197998047,0,404327403520,8589930496,6168145920,114688
10,1791554542963,2500,2499,2500,2500,2500,2500,2500,2500,2499,2500,2499,2499,2500,2499,2499,2500,0,0,0,0,0,0,0,5.263157844543457,0,0,0,0,0,100,0,0,48382.23718261719,143118.9793701172,0,404327403520,8589930496,6168145920,114688
10,1791554542973,2500,2499,2500,2500,2500,2500,2500,2500,2499,2500,2499,2499,2500,2499,2499,2500,0,0,0,0,0,0,0,5.263157844543457,0,0,0,0,0,100,0,0,48382.407165527344,143119.36541748047,0,404327403520,8589930496,6168145920,114688
10,1791554542984,2500,2499,2500,2500,2500,2500,2500,2500,2499,2500,2499,2499,2500,2499,2499,2500,0,0,0,0,0,0,0,5.263157844543457,0,0,0,0,0,100,0,0,48382.577575683594,143119.75354003906,0,404327403520,8589930496,6168145920,114688
10,1791554542994,2500,2499,2500,2500,2500,2500,2500,2500,2499,2500,2499,2499,2500,2499,2499,2500,0,0,0,0,0,0,0,5.263157844543457,0,0,0,0,0,100,0,0,48382.74365234375,143120.14208984375,0,404327403520,8589930496,6168145920,114688
10,1791554543004,2500,2499,2500,2500,2500,2500,2500,2500,2499,2500,2499,2499,2500,2499,2499,2500,0,0,0,0,0,0,0,5.263157844543457,0,0,0,0,0,100,0,0,48382.91192626953,143120.52935791016,0,404327403520,8589930496,6168145920,114688
10,1791554543014,2500,2499,2500,2500,2500,2500,2500,2500,2499,2500,2499,2499,2500,2499,2499,2500,0,0,0,0,0,0,0,5.263157844543457,0,0,0,0,0,100,0,0,48383.08203125,143120.95587158203,0,404327403520,8589930496,6168145920,114688
10,1791554543024,2500,2499,2500,2500,2500,2500,2500,2500,2499,2500,2499,2499,2500,2499,2499,2500,0,0,0,0,0,0,0,5.263157844543457,0,0,0,0,0,100,0,0,48383.265686035156,143121.34497070313,0,404327403520,8589930496,6168145920,114688
10,1791554543034,2500,2499,2500,2500,2500,2500,2500,2500,2499,2500,2499,2499,2500,2499,2499,2500,0,0,0,0,0,0,0,5.263157844543457,0,0,0,0,0,100,0,0,48383.43536376953,143121.7335205078,0,404327403520,8589930496,6168145920,114688
10,1791554543044,2500,2499,2500,2500,2500,2500,2500,2500,2499,2500,2499,2499,2500,2499,2499,2500,0,0,0,0,0,0,0,5.263157844543457,0,0,0,0,0,100,0,0,48383.605407714844,143122.12371826172,0,404327403520,8589930496,6168145920,114688
10,1791554543054,2500,2499,2500,2500,2500,2500,2500,2500,2499,2500,2499,2499,2500,2499,2499,2500,0,0,0,0,0,0,0,5.263157844543457,0,0,0,0,0,100,0,0,48383.77001953125,143122.5108642578,0,404327403520,8589930496,6168145920,114688
10,1791554543064,2500,2499,2500,2500,2500,2500,2500,2500,2499,2500,2499,2499,2500,2499,2499,2500,0,0,0,0,0,0,0,5.263157844543457,0,0,0,0,0,100,0,0,48383.936462402344,143122.8963623047,0,404327403520,8589930496,6168145920,114688
10,1791554543074,2500,2499,2500,2500,2500,2500,2500,2500,2499,2500,2499,2499,2500,2499,2499,2500,0,0,0,0,0,0,0,5.263157844543457,0,0,0,0,0,100,0,0,48384.10858154297,143123.28302001953,0,404327403520,8589930496,6168145920,114688
9,1791554543084,2500,2499,2500,2500,2500,2500,2500,2500,2499,2500,2499,2499,2500,2499,2499,2500,0,0,0,0,0,0,0,5.263157844543457,0,0,0,0,0,100,0,0,48384.27655029297,143123.66857910156,0,404327403520,8589930496,6167887872,114688
10,1791554543094,2500,2499,2500,2500,2500,2500,2500,2500,2499,2500,2499,2499,2500,2499,2499,2500,0,0,0,0,0,0,0,5.263157844543457,0,0,0,0,0,100,0,0,48384.44421386719,143124.0548095703,0,404327403520,8589930496,6167887872,114688
10,1791554543104,2500,2499,2500,2500,2500,2500,2500,2500,2499,2500,2499,2499,2500,2499,2499,2500,0,5,0,0,0,0,0,5.263157844543457,0,0,0,0,0,100,0,0,48384.60955810547,143124.43927001953,0,404327403520,8589930496,6167887872,114688
10,1791554543114,2500,2499,2500,2500,2500,2500,2500,2500,2499,2500,2499,2499,2500,2499,2499,2500,0,5,0,0,0,0,0,5.263157844543457,0,0,0,0,0,100,0,0,48384.77819824219,143124.8295288086,0,404327403520,8589930496,6167887872,114688
10,1791554543124,2500,2499,2500,2500,2500,2500,2500,2500,2499,2500,2499,2499,2500,2499,2499,2500,0,5,0,0,0,0,0,5.263157844543457,0,0,0,0,0,100,0,0,48384.946044921875,143125.21844482422,0,404327403520,8589930496,6167887872,114688
10,1791554543134,2500,2499,2500,2500,2500,2500,2500,2500,2499,2500,2499,2499,2500,2499,2499,2500,0,5,0,0,0,0,0,5.263157844543457,0,0,0,0,0,100,0,0,48385.11340332031,143125.60748291016,0,404327403520,8589930496,6167887872,114688
10,1791554543144,2500,2499,2500,2500,2500,2500,2500,2500,2499,2500,2499,2499,2500,2499,2499,2500,0,5,0,0,0,0,0,5.263157844543457,0,0,0,0,0,100,0,0,48385.28643798828,143125.9981689453,0,404327403520,8589930496,6150086656,114688
10,1791554543154,2500,2499,2500,2500,2500,2500,2500,2500,2499,2500,2499,2499,2500,2499,2499,2500,0,5,0,0,0,0,0,5.263157844543457,0,0,0,0,0,100,0,0,48385.45489501953,143126.38818359375,0,404327403520,8589930496,6150086656,114688
10,1791554543165,2500,2499,2500,2500,2500,2500,2500,2500,2499,2500,2499,2499,2500,2499,2499,2500,0,5,0,0,0,0,0,5.263157844543457,0,0,0,0,0,100,0,0,48385.624267578125,143126.73956298828,0,404327403520,8589930496,6150086656,114688
10,1791554543175,2500,2499,2500,2500,2500,2500,2500,2500,2499,2500,2499,2499,2500,2499,2499,2500,0,5,0,0,0,0,0,5.263157844543457,0,0,0,0,0,100,0,0,48385.787841796875,143127.16857910156,0,404327403520,8589930496,6150086656,114688
10,1791554543185,2500,2499,2500,2500,2500,2500,2500,2500,2499,2500,2499,2499,2500,2499,2499,2500,0,5,0,0,0,0,0,5.263157844543457,0,0,0,0,0,100,0,0,48385.95812988281,143127.55059814453,0,404327403520,8589930496,6150086656,114688
10,1791554543195,2500,2499,2500,2500,2500,2500,2500,2500,2499,2500,2499,2499,2500,2499,2499,2500,0,5,0,0,0,0,0,5.263157844543457,0,0,0,0,0,100,0,0,48386.12438964844,143127.9364013672,0,404327403520,8589930496,6150086656,114688
10,1791554543205,2500,2499,2500,2500,2500,2500,2500,2500,2499,2500,2499,2499,2500,2499,2499,2500,0,5,0,0,0,0,0,5.263157844543457,0,0,0,0,0,100,0,0,48386.28826904297,143128.32501220703,0,404327403520,8589930496,6150086656,114688
10,1791554543215,2500,2499,2500,2500,2500,2500,2500,2500,2499,2500,2499,2499,2500,2499,2499,2500,0,5,0,0,0,0,0,5.263157844543457,0,0,0,0,0,100,0,0,48386.457092285156,143128.7134399414,0,404327403520,8589930496,6150086656,114688
10,1791554543225,2500,2499,2500,2500,2500,2500,2500,2500,2499,2500,2499,2499,2500,2499,2499,2500,0,5,0,0,0,0,0,5.263157844543457,0,0,0,0,0,100,0,0,48386.643310546875,143129.1407470703,0,404327403520,8589930496,6150086656,114688
10,1791554543235,2500,2499,2500,2500,2500,2500,2500,2500,2499,2500,2499,2499,2500,2499,2499,2500,0,5,0,0,0,0,0,5.263157844543457,0,0,0,0,0,100,0,0,48386.80920410156,143129.52764892578,0,404327403520,8589930496,6150086656,114688
10,1791554543245,2500,2499,2500,2500,2500,2500,2500,2500,2499,2500,2499,2499,2500,2499,2499,2500,0,5,0,0,0,0,0,5.263157844543457,0,0,0,0,0,100,0,0,48386.972717285156,143129.9165649414,0,404327403520,8589930496,6150086656,114688
9,1791554543255,2500,2499,2500,2500,2500,2500,2500,2500,2499,2500,2499,2499,2500,2499,2499,2500,0,5,0,0,0,0,0,5.263157844543457,0,0,0,0,0,100,0,0,48387.13586425781,143130.30267333984,0,404327403520,8589930496,6150086656,114688
9,1791554543265,2500,2499,2500,2500,2500,2500,2500,2500,2499,2500,2499,2499,2500,2499,2499,2500,0,5,0,0,0,0,0,5.263157844543457,0,0,0,0,0,100,0,0,48387.30212402344,143130.69140625,0,404327403520,8589930496,6150086656,114688
10,1791554543275,2500,2499,2500,2500,2500,2500,2500,2500,2499,2500,2499,2499,2500,2499,2499,2500,0,5,0,0,0,0,0,5.263157844543457,0,0,0,0,0,100,0,0,48387.465881347656,143131.08087158203,0,404327403520,8589930496,6150086656,114688
10,1791554543285,2500,2499,2500,2500,2500,2500,2500,2500,2499,2500,2499,2499,2500,2499,2499,2500,0,5,0,0,0,0,0,5.263157844543457,0,0,0,0,0,100,0,0,48387.63232421875,143131.46948242188,0,404327403520,8589930496,6150086656,114688
10,1791554543295,2500,2499,2500,2500,2500,2500,2500,2500,2499,2500,2499,2499,2500,2499,2499,2500,0,5,0,0,0,0,0,5.263157844543457,0,0,0,0,0,100,0,0,48387.79931640625,143131.85522460938,0,404327403520,8589930496,6150086656,114688
10,1791554543305,2500,2499,2500,2500,2500,2500,2500,2500,2499,2500,2499,2499,2500,2499,2499,2500,5,0,0,0,0,0,0,15.000000953674316,0,0,0,0,0,100,0,0,48387.96435546875,143132.23901367188,0,404327403520,8589930496,6150086656,114688
10,1791554543315,2500,2499,2500,2500,2500,2500,2500,2500,2499,2500,2499,2499,2500,2499,2499,2500,5,0,0,0,0,0,0,15.000000953674316,0,0,0,0,0,100,0,0,48388.132263183594,143132.62841796875,0,404327403520,8589930496,6150086656,114688
10,1791554543325,2500,2499,2500,2500,2500,2500,2500,2500,2499,2500,2499,2499,2500,2499,2499,2500,5,0,0,0,0,0,0,15.000000953674316,0,0,0,0,0,100,0,0,48388.3017578125,143133.0140991211,0,404327403520,8589930496,6150086656,114688
10,1791554543335,2500,2499,2500,2500,2500,2500,2500,2500,2499,2500,2499,2499,2500,2499,2499,2500,5,0,0,0,0,0,0,15.000000953674316,0,0,0,0,0,100,0,0,48388.46691894531,143133.39819335938,0,404327403520,8589930496,6150086656,114688
10,1791554543346,2500,2499,2500,2500,2500,2500,2500,2500,2499,2500,2499,2499,2500,2499,2499,2500,5,0,0,0,0,0,0,15.000000953674316,0,0,0,0,0,100,0,0,48388.635986328125,143133.78692626953,0,404327403520,8589930496,6150086656,114688
10,1791554543356,2500,2499,2500,2500,2500,2500,2500,2500,2499,2500,2499,2499,2500,2499,2499,2500,5,0,0,0,0,0,0,15.000000953674316,0,0,0,0,0,100,0,0,48388.802978515625,143134.17401123047,0,404327403520,8589930496,6150086656,114688
9,1791554543366,2500,2499,2500,2500,2500,2500,2500,2500,2499,2500,2499,2499,2500,2499,2499,2500,5,0,0,0,0,0,0,15.000000953674316,0,0,0,0,0,100,0,0,48388.96630859375,143134.56158447266,0,404327403520,8589930496,6150086656,114688
10,1791554543376,2500,2499,2500,2500,2500,2500,2500,2500,2499,2500,2499,2499,2500,2499,2499,2500,5,0,0,0,0,0,0,15.000000953674316,0,0,0,0,0,100,0,0,48389.13244628906,143134.95446777344,0,404327403520,8589930496,6150086656,114688
10,1791554543386,2500,2499,2500,2500,2500,2500,2500,2500,2499,2500,2499,2499,2500,2499,2499,2500,5,0,0,0,0,0,0,15.000000953674316,0,0,0,0,0,100,0,0,48389.30187988281,143135.33819580078,0,404327403520,8589930496,6150086656,114688
10,1791554543396,2500,2499,2500,2500,2500,2500,2500,2500,2499,2500,2499,2499,2500,2499,2499,2500,5,0,0,0,0,0,0,15.000000953674316,0,0,0,0,0,100,0,0,48389.469665527344,143135.7260131836,0,404327403520,8589930496,6150086656,114688
10,1791554543406,2500,2499,2500,2500,2500,2500,2500,2500,2499,2500,2499,2499,2500,2499,2499,2500,5,0,0,0,0,0,0,15.000000953674316,0,0,0,0,0,100,0,0,48389.63415527344,143136.11248779297,0,404327403520,8589930496,6150086656,114688
10,1791554543416,2500,2499,2500,2500,2500,2500,2500,2500,2499,2500,2499,2499,2500,2499,2499,2500,5,0,0,0,0,0,0,15.000000953674316,0,0,0,0,0,100,0,0,48389.80242919922,143136.50079345703,0,404327403520,8589930496,6150086656,114688
10,1791554543426,2500,2499,2500,2500,2500,2500,2500,2500,2499,2500,2499,2499,2500,2499,2499,2500,5,0,0,0,0,0,0,15.000000953674316,0,0,0,0,0,100,0,0,48389.966857910156,143136.9278564453,0,404327403520,8589930496,6150086656,114688
9,1791554543436,2500,2499,2500,2500,2500,2500,2500,2500,2499,2500,2499,2499,2500,2499,2499,2500,5,0,0,0,0,0,0,15.000000953674316,0,0,0,0,0,100,0,0,48390.15509033203,143137.3114013672,0,404327403520,8589930496,6150086656,114688
10,1791554543446,2500,2499,2500,2500,2500,2500,2500,2500,2499,2500,2499,2499,2500,2499,2499,2500,5,0,0,0,0,0,0,15.000000953674316,0,0,0,0,0,100,0,0,48390.317321777344,143137.69995117188,0,404327403520,8589930496,6150086656,114688
10,1791554543456,2500,2499,2500,2500,2500,2500,2500,2500,2499,2500,2499,2499,2500,2499,2499,2500,5,0,0,0,0,0,0,15.000000953674316,0,0,0,0,0,100,0,0,48390.485595703125,143138.08349609375,0,404327403520,8589930496,6150086656,114688
10,1791554543466,2500,2499,2500,2500,2500,2500,2500,2500,2499,2500,2499,2499,2500,2499,2499,2500,5,0,0,0,0,0,0,15.000000953674316,0,0,0,0,0,100,0,0,48390.65075683594,143138.47467041016,0,404327403520,8589930496,6150086656,114688
10,1791554543476,2500,2499,2500,2500,2500,2500,2500,2500,2499,2500,2499,2499,2500,2499,2499,2500,5,0,0,0,0,0,0,15.000000953674316,0,0,0,0,0,100,0,0,48390.81427001953,143138.85943603516,0,404327403520,8589930496,6150086656,114688
10,1791554543486,2500,2499,2500,2500,2500,2500,2500,2500,2499,2500,2499,2499,2500,2499,2499,2500,5,0,0,0,0,0,0,15.000000953674316,0,0,0,0,0,100,0,0,48390.98016357422,143139.25146484375,0,404327403520,8589930496,6150086656,114688
10,1791554543496,2500,2499,2500,2500,2500,2500,2500,2500,2499,2500,2499,2499,2500,2499,2499,2500,5,0,0,0,0,0,0,15.000000953674316,0,0,0,0,0,100,0,0,48391.149353027344,143139.6357421875,0,404327403520,8589930496,6150086656,114688
10,1791554543506,2500,2499,2500,2500,2500,2500,2500,2500,2499,2500,2499,2499,2500,2499,2499,2500,0,0,0,0,0,0,0,5.263157844543457,0,0,0,0,0,100,0,0,48391.31628417969,143140.02130126953,0,404327403520,8589930496,6150086656,114688
10,1791554543517,2500,2499,2500,2500,2500,2500,2500,2500,2499,2500,2499,2499,2500,2499,2499,2500,0,0,0,0,0,0,0,5.263157844543457,0,0,0,0,0,100,0,0,48391.48162841797,143140.412109375,0,404327403520,8589930496,6150086656,114688
10,1791554543527,2500,2499,2500,2500,2500,2500,2500,2500,2499,2500,2499,2499,2500,2499,2499,2500,0,0,0,0,0,0,0,5.263157844543457,0,0,0,0,0,100,0,0,48391.64862060547,143140.79736328125,0,404327403520,8589930496,6150086656,114688
10,1791554543537,2500,2499,2500,2500,2500,2500,2500,2500,2499,2500,2499,2499,2500,2499,2499,2500,0,0,0,0,0,0,0,5.263157844543457,0,0,0,0,0,100,0,0,48391.81823730469,143141.1856689453,0,404327403520,8589930496,6150086656,114688
10,1791554543547,2500,2499,2500,2500,2500,2500,2500,2500,2499,2500,2499,2499,2500,2499,2499,2500,0,0,0,0,0,0,0,5.263157844543457,0,0,0,0,0,100,0,0,48391.984924316406,143141.57684326172,0,404327403520,8589930496,6150086656,114688
10,1791554543557,2500,2499,2500,2500,2500,2500,2500,2500,2499,2500,2499,2499,2500,2499,2499,2500,0,0,0,0,0,0,0,5.263157844543457,0,0,0,0,0,100,0,0,48392.15319824219,143141.96197509766,0,404327403520,8589930496,6150086656,114688
10,1791554543567,2500,2499,2500,2500,2500,2500,2500,2500,2499,2500,2499,2499,2500,2499,2499,2500,0,0,0,0,0,0,0,5.263157844543457,0,0,0,0,0,100,0,0,48392.32531738281,143142.34637451172,0,404327403520,8589930496,6150086656,114688
10,1791554543577,2500,2499,2500,2500,2500,2500,2500,2500,2499,2500,2499,2499,2500,2499,2499,2500,0,0,0,0,0,0,0,5.263157844543457,0,0,0,0,0,100,0,0,48392.48956298828,143142.7348022461,0,404327403520,8589930496,6150086656,114688
10,1791554543587,2500,2499,2500,2500,2500,2500,2500,2500,2499,2500,2499,2499,2500,2499,2499,2500,0,0,0,0,0,0,0,5.263157844543457,0,0,0,0,0,100,0,0,48392.65362548828,143143.12072753906,0,404327403520,8589930496,6150086656,114688
10,1791554543597,2500,2499,2500,2500,2500,2500,2500,2500,2499,2500,2499,2499,2500,2499,2499,2500,0,0,0,0,0,0,0,5.263157844543457,0,0,0,0,0,100,0,0,48392.824279785156,143143.5054321289,0,404327403520,8589930496,6150086656,114688
9,1791554543607,2500,2499,2500,2500,2500,2500,2500,2500,2499,2500,2499,2499,2500,2499,2499,2500,0,0,0,0,0,0,0,5.263157844543457,0,0,0,0,0,100,0,0,48392.988342285156,143143.89447021484,0,404327403520,8589930496,6150086656,114688
9,1791554543617,2500,2499,2500,2500,2500,2500,2500,2500,2499,2500,2499,2499,2500,2499,2499,2500,0,0,0,0,0,0,0,5.263157844543457,0,0,0,0,0,100,0,0,48393.15411376953,143144.2821044922,0,404327403520,8589930496,6150086656,114688
10,1791554543627,2500,2499,2500,2500,2500,2500,2500,2500,2499,2500,2499,2499,2500,2499,2499,2500,0,0,0,0,0,0,0,5.263157844543457,0,0,0,0,0,100,0,0,48393.34228515625,143144.71087646484,0,404327403520,8589930496,6150086656,114688
10,1791554543637,2500,2499,2500,2500,2500,2500,2500,2500,2499,2500,2499,2499,2500,2499,2499,2500,0,0,0,0,0,0,0,5.263157844543457,0,0,0,0,0,100,0,0,48393.508728027344,143145.09979248047,0,404327403520,8589930496,6150086656,114688
10,1791554543647,2500,2499,2500,2500,2500,2500,2500,2500,2499,2500,2499,2499,2500,2499,2499,2500,0,0,0,0,0,0,0,5.263157844543457,0,0,0,0,0,100,0,0,48393.678466796875,143145.48797607422,0,404327403520,8589930496,6150086656,114688
10,1791554543657,2500,2499,2500,2500,2500,2500,2500,2500,2499,2500,2499,2499,2500,2499,2499,2500,0,0,0,0,0,0,0,5.263157844543457,0,0,0,0,0,100,0,0,48393.843994140625,143145.8755493164,0,404327403520,8589930496,6150086656,114688
10,1791554543667,2500,2499,2500,2500,2500,2500,2500,2500,2499,2500,2499,2499,2500,2499,2499,2500,0,0,0,0,0,0,0,5.263157844543457,0,0,0,0,0,100,0,0,48394.01190185547,143146.26336669922,0,404327403520,8589930496,6150086656,114688
10,1791554543677,2500,2499,2500,2500,2500,2500,2500,2500,2499,2500,2499,2499,2500,2499,2499,2500,0,0,0,0,0,0,0,5.263157844543457,0,0,0,0,0,100,0,0,48394.18017578125,143146.65460205078,0,404327403520,8589930496,6150086656,114688
10,1791554543688,2500,2499,2500,2500,2500,2500,2500,2500,2499,2500,2499,2499,2500,2499,2499,2500,0,0,0,0,0,0,0,5.263157844543457,0,0,0,0,0,100,0,0,48394.35137939453,143147.0440673828,0,404327403520,8589930496,6150086656,114688
10,1791554543698,2500,2499,2500,2500,2500,2500,2500,2500,2499,2500,2499,2499,2500,2499,2499,2500,0,0,0,0,0,0,0,5.263157844543457,0,0,0,0,0,100,0,0,48394.52331542969,143147.4307861328,0,404327403520,8589930496,6150086656,114688
10,1791554543708,2500,2499,2500,2500,2500,2500,2500,2500,2499,2500,2499,2499,2500,2499,2499,2500,4.761904716491699,0,0,0,0,0,0,10,0,0,0,0,0,100,5,0,48394.689025878906,143147.81872558594,0,404327403520,8589930496,6150086656,114688
10,1791554543718,2500,2499,2500,2500,2500,2500,2500,2500,2499,2500,2499,2499,2500,2499,2499,2500,4.761904716491699,0,0,0,0,0,0,10,0,0,0,0,0,100,5,0,48394.85437011719,143148.20977783203,0,404327403520,8589930496,6150086656,114688
10,1791554543728,2500,2499,2500,2500,2500,2500,2500,2500,2499,2500,2499,2499,2500,2499,2499,2500,4.761904716491699,0,0,0,0,0,0,10,0,0,0,0,0,100,5,0,48395.02062988281,143148.6033935547,0,404327403520,8589930496,6150086656,114688
10,1791554543738,2500,2499,2500,2500,2500,2500,2500,2500,2499,2500,2499,2499,2500,2499,2499,2500,4.761904716491699,0,0,0,0,0,0,10,0,0,0,0,0,100,5,0,48395.19274902344,143148.99182128906,0,404327403520,8589930496,6150086656,114688
10,1791554543748,2500,2499,2500,2500,2500,2500,2500,2500,2499,2500,2499,2499,2500,2499,2499,2500,4.761904716491699,0,0,0,0,0,0,10,0,0,0,0,0,100,5,0,48395.355895996094,143149.3875732422,0,404327403520,8589930496,6150086656,114688
10,1791554543758,2500,2499,2500,2500,2500,2500,2500,2500,2499,2500,2499,2499,2500,2499,2499,2500,4.761904716491699,0,0,0,0,0,0,10,0,0,0,0,0,100,5,0,48395.5234375,143149.7706298828,0,404327403520,8589930496,6150086656,114688
10,1791554543768,2500,2499,2500,2500,2500,2500,2500,2500,2499,2500,2499,2499,2500,2499,2499,2500,4.761904716491699,0,0,0,0,0,0,10,0,0,0,0,0,100,5,0,48395.69366455078,143150.16082763672,0,404327403520,8589930496,6150086656,114688
10,1791554543778,2500,2499,2500,2500,2500,2500,2500,2500,2499,2500,2499,2499,2500,2499,2499,2500,4.761904716491699,0,0,0,0,0,0,10,0,0,0,0,0,100,5,0,48395.862243652344,143150.5556640625,0,404327403520,8589930496,6150086656,114688
10,1791554543788,2500,2499,2500,2500,2500,2500,2500,2500,2499,2500,2499,2499,2500,2499,2499,2500,4.761904716491699,0,0,0,0,0,0,10,0,0,0,0,0,100,5,0,48396.02819824219,143150.93713378906,0,404327403520,8589930496,6150086656,114688
9,1791554543798,2500,2499,2500,2500,2500,2500,2500,2500,2499,2500,2499,2499,2500,2499,2499,2500,4.761904716491699,0,0,0,0,0,0,10,0,0,0,0,0,100,5,0,48396.19580078125,143151.33135986328,0,404327403520,8589930496,6150086656,114688
10,1791554543808,2500,2499,2500,2500,2500,2500,2500,2500,2499,2500,2499,2499,2500,2499,2499,2500,4.761904716491699,0,0,0,0,0,0,10,0,0,0,0,0,100,5,0,48396.360107421875,143151.72161865234,0,404327403520,8589930496,6150086656,114688
10,1791554543818,2500,2499,2500,2500,2500,2500,2500,2500,2499,2500,2499,2499,2500,2499,2499,2500,4.761904716491699,0,0,0,0,0,0,10,0,0,0,0,0,100,5,0,48396.52734375,143152.1148071289,0,404327403520,8589930496,6150086656,114688
10,1791554543828,2500,2499,2500,2500,2500,2500,2500,2500,2499,2500,2499,2499,2500,2499,2499,2500,4.761904716491699,0,0,0,0,0,0,10,0,0,0,0,0,100,5,0,48396.695251464844,143152.49975585938,0,404327403520,8589930496,6150086656,114688
10,1791554543838,2500,2499,2500,2500,2500,2500,2500,2500,2499,2500,2499,2499,2500,2499,2499,2500,4.761904716491699,0,0,0,0,0,0,10,0,0,0,0,0,100,5,0,48396.86163330078,143152.8980102539,0,404327403520,8589930496,6150086656,114688
10,1791554543848,2500,2499,2500,2500,2500,2500,2500,2500,2499,2500,2499,2499,2500,2499,2499,2500,4.761904716491699,0,0,0,0,0,0,10,0,0,0,0,0,100,5,0,48397.051330566406,143153.32135009766,0,404327403520,8589930496,6150086656,114688
10,1791554543859,2500,2499,2500,2500,2500,2500,2500,2500,2499,2500,2499,2499,2500,2499,2499,2500,4.761904716491699,0,0,0,0,0,0,10,0,0,0,0,0,100,5,0,48397.21960449219,143153.7113647461,0,404327403520,8589930496,6150086656,114688
10,1791554543869,2500,2499,2500,2500,2500,2500,2500,2500,2499,2500,2499,2499,2500,2499,2499,2500,4.761904716491699,0,0,0,0,0,0,10,0,0,0,0,0,100,5,0,48397.38897705078,143154.0968017578,0,404327403520,8589930496,6150086656,114688
10,1791554543879,2500,2499,2500,2500,2500,2500,2500,2500,2499,2500,2499,2499,2500,2499,2499,2500,4.761904716491699,0,0,0,0,0,0,10,0,0,0,0,0,100,5,0,48397.55407714844,143154.48657226563,0,404327403520,8589930496,6150086656,114688
10,1791554543889,2500,2499,2500,2500,2500,2500,2500,2500,2499,2500,2499,2499,2500,2499,2499,2500,4.761904716491699,0,0,0,0,0,0,10,0,0,0,0,0,100,5,0,48397.717041015625,143154.87725830078,0,404327403520,8589930496,6150086656,114688
10,1791554543899,2500,2499,2500,2500,2500,2500,2500,2500,2499,2500,2499,2499,2500,2499,2499,2500,4.761904716491699,0,0,0,0,0,0,10,0,0,0,0,0,100,5,0,48397.8837890625,143155.26580810547,0,404327403520,8589930496,6150086656,114688
10,1791554543909,2500,2499,2500,2500,2500,2500,2500,2500,2499,2500,2499,2499,2500,2499,2499,2500,0,0,0,0,0,0,0,10.526315689086914,0,0,0,0,0,100,0,0,48398.052795410156,143155.65887451172,0,404327403520,8589930496,6150086656,114688
10,1791554543919,2500,2499,2500,2500,2500,2500,2500,2500,2499,2500,2499,2499,2500,2499,2499,2500,0,0,0,0,0,0,0,10.526315689086914,0,0,0,0,0,100,0,0,48398.215576171875,143156.04608154297,0,404327403520,8589930496,6150086656,114688
10,1791554543929,2500,2499,2500,2500,2500,2500,2500,2500,2499,2500,2499,2499,2500,2499,2499,2500,0,0,0,0,0,0,0,10.526315689086914,0,0,0,0,0,100,0,0,48398.378173828125,143156.43627929688,0,404327403520,8589930496,6150086656,114688
10,1791554543939,2500,2499,2500,2500,2500,2500,2500,2500,2499,2500,2499,2499,2500,2499,2499,2500,0,0,0,0,0,0,0,10.526315689086914,0,0,0,0,0,100,0,0,48398.540771484375,143156.82647705078,0,404327403520,8589930496,6150086656,114688
10,1791554543949,2500,2499,2500,2500,2500,2500,2500,2500,2499,2500,2499,2499,2500,2499,2499,2500,0,0,0,0,0,0,0,10.526315689086914,0,0,0,0,0,100,0,0,48398.703186035156,143157.21392822266,0,404327403520,8589930496,6150086656,114688
10,1791554543959,2500,2499,2500,2500,2500,2500,2500,2500,2499,2500,2499,2499,2500,2499,2499,2500,0,0,0,0,0,0,0,10.526315689086914,0,0,0,0,0,100,0,0,48398.87072753906,143157.6055908203,0,404327403520,8589930496,6150086656,114688
10,1791554543969,2500,2499,2500,2500,2500,2500,2500,2500,2499,2500,2499,2499,2500,2499,2499,2500,0,0,0,0,0,0,0,10.526315689086914,0,0,0,0,0,100,0,0,48399.04412841797,143157.99053955078,0,404327403520,8589930496,6150086656,114688
9,1791554543979,2500,2499,2500,2500,2500,2500,2500,2500,2499,2500,2499,2499,2500,2499,2499,2500,0,0,0,0,0,0,0,10.526315689086914,0,0,0,0,0,100,0,0,48399.20965576172,143158.3778076172,0,404327403520,8589930496,6150086656,114688
10,1791554543989,2500,2499,2500,2500,2500,2500,2500,2500,2499,2500,2499,2499,2500,2499,2499,2500,0,0,0,0,0,0,0,10.526315689086914,0,0,0,0,0,100,0,0,48399.38073730469,143158.76678466797,0,404327403520,8589930496,6150086656,114688
10,1791554543999,2500,2499,2500,2500,2500,2500,2500,2500,2499,2500,2499,2499,2500,2499,2499,2500,0,0,0,0,0,0,0,10.526315689086914,0,0,0,0,0,100,0,0,48399.54699707031,143159.15789794922,0,404327403520,8589930496,6150086656,114688
10,1791554544009,2500,2499,2500,2500,2500,2500,2500,2500,2499,2500,2499,2499,2500,2499,2499,2500,0,0,0,0,0,0,0,10.526315689086914,0,0,0,0,0,100,0,0,48399.71697998047,143159.5457763672,0,404327403520,8589930496,6150086656,114688
10,1791554544019,2500,2499,2500,2500,2500,2500,2500,2500,2499,2500,2499,2499,2500,2499,2499,2500,0,0,0,0,0,0,0,10.526315689086914,0,0,0,0,0,100,0,0,48399.887268066406,143159.9390258789,0,404327403520,8589930496,6150086656,114688
10,1791554544030,2500,2499,2500,2500,2500,2500,2500,2500,2499,2500,2499,2499,2500,2499,2499,2500,0,0,0,0,0,0,0,10.526315689086914,0,0,0,0,0,100,0,0,48400.05352783203,143160.33032226563,0,404327403520,8589930496,6150086656,114688
10,1791554544040,2500,2499,2500,2500,2500,2500,2500,2500,2499,2500,2499,2499,2500,2499,2499,2500,0,0,0,0,0,0,0,10.526315689086914,0,0,0,0,0,100,0,0,48400.21600341797,143160.7202758789,0,404327403520,8589930496,6150086656,114688
10,1791554544050,2500,2499,2500,2500,2500,2500,2500,2500,2499,2500,2499,2499,2500,2499,2499,2500,0,0,0,0,0,0,0,10.526315689086914,0,0,0,0,0,100,0,0,48400.385009765625,143161.1104736328,0,404327403520,8589930496,6150086656,114688
10,1791554544060,2500,2499,2500,2500,2500,2500,2500,2500,2499,2500,2499,2499,2500,2499,2499,2500,0,0,0,0,0,0,0,10.526315689086914,0,0,0,0,0,100,0,0,48400.566650390625,143161.50299072266,0,404327403520,8589930496,6150086656,114688
10,1791554544070,2500,2499,2500,2500,2500,2500,2500,2500,2499,2500,2499,2499,2500,2499,2499,2500,0,0,0,0,0,0,0,10.526315689086914,0,0,0,0,0,100,0,0,48400.731994628906,143161.93365478516,0,404327403520,8589930496,6150086656,114688
10,1791554544080,2500,2499,2500,2500,2500,2500,2500,2500,2499,2500,2499,2499,2500,2499,2499,2500,0,0,0,0,0,0,0,10.526315689086914,0,0,0,0,0,100,0,0,48400.897705078125,143162.32635498047,0,404327403520,8589930496,6150086656,114688
10,1791554544090,2500,2499,2500,2500,2500,2500,2500,2500,2499,2500,2499,2499,2500,2499,2499,2500,0,0,0,0,0,0,0,10.526315689086914,0,0,0,0,0,100,0,0,48401.063232421875,143162.71905517578,0,404327403520,8589930496,6150086656,114688
10,1791554544100,2500,2499,2500,2500,2500,2500,2500,2500,2499,2500,2499,2499,2500,2499,2499,2500,0,0,0,0,0,0,0,10.526315689086914,0,0,0,0,0,100,0,0,48401.2294921875,143163.1085205078,0,404327403520,8589930496,6150086656,114688
10,1791554544110,2500,2499,2500,2500,2500,2500,2500,2500,2499,2500,2499,2499,2500,2499,2499,2500,0,0,0,0,0,0,0,5.263157844543457,0,0,0,0,0,100,0,0,48401.39685058594,143163.49835205078,0,404327403520,8589930496,6140436480,114688
10,1791554544120,2500,2499,2500,2500,2500,2500,2500,2500,2499,2500,2499,2499,2500,2499,2499,2500,0,0,0,0,0,0,0,5.263157844543457,0,0,0,0,0,100,0,0,48401.56329345703,143163.8885498047,0,404327403520,8589930496,6140436480,114688
9,1791554544130,2500,2499,2500,2500,2500,2500,2500,2500,2499,2500,2499,2499,2500,2499,2499,2500,0,0,0,0,0,0,0,5.263157844543457,0,0,0,0,0,100,0,0,48401.733154296875,143164.27899169922,0,404327403520,8589930496,6140436480,114688
10,1791554544140,2500,2499,2500,2500,2500,2500,2500,2500,2499,2500,2499,2499,2500,2499,2499,2500,0,0,0,0,0,0,0,5.263157844543457,0,0,0,0,0,100,0,0,48401.901916503906,143164.67010498047,0,404327403520,8589930496,6140436480,114688
10,1791554544150,2500,2499,2500,2500,2500,2500,2500,2500,2499,2500,2499,2499,2500,2499,2499,2500,0,0,0,0,0,0,0,5.263157844543457,0,0,0,0,0,100,0,0,48402.07257080078,143165.0599975586,0,404327403520,8589930496,6140436480,114688
9,1791554544160,2500,2499,2500,2500,2500,2500,2500,2500,2499,2500,2499,2499,2500,2499,2499,2500,0,0,0,0,0,0,0,5.263157844543457,0,0,0,0,0,100,0,0,48402.240661621094,143165.4476928711,0,404327403520,8589930496,6140436480,114688
10,1791554544170,2500,2499,2500,2500,2500,2500,2500,2500,2499,2500,2499,2499,2500,2499,2499,2500,0,0,0,0,0,0,0,5.263157844543457,0,0,0,0,0,100,0,0,48402.40490722656,143165.8349609375,0,404327403520,8589930496,6131662848,114688
10,1791554544180,2500,2499,2500,2500,2500,2500,2500,2500,2499,2500,2499,2499,2500,2499,2499,2500,0,0,0,0,0,0,0,5.263157844543457,0,0,0,0,0,100,0,0,48402.572998046875,143166.22534179688,0,404327403520,8589930496,6131662848,114688
10,1791554544190,2500,2499,2500,2500,2500,2500,2500,2500,2499,2500,2499,2499,2500,2499,2499,2500,0,0,0,0,0,0,0,5.263157844543457,0,0,0,0,0,100,0,0,48402.736877441406,143166.61254882813,0,404327403520,8589930496,6131662848,114688
10,1791554544200,2500,2499,2500,2500,2500,2500,2500,2500,2499,2500,2499,2499,2500,2499,2499,2500,0,0,0,0,0,0,0,5.263157844543457,0,0,0,0,0,100,0,0,48402.90203857422,143166.99932861328,0,404327403520,8589930496,6131662848,114688
10,1791554544211,2500,2499,2500,2500,2500,2500,2500,2500,2499,2500,2499,2499,2500,2499,2499,2500,0,0,0,0,0,0,0,5.263157844543457,0,0,0,0,0,100,0,0,48403.066650390625,143167.38800048828,0,404327403520,8589930496,6131662848,114688
10,1791554544221,2500,2499,2500,2500,2500,2500,2500,2500,2499,2500,2499,2499,2500,2499,2499,2500,0,0,0,0,0,0,0,5.263157844543457,0,0,0,0,0,100,0,0,48403.22979736328,143167.7774658203,0,404327403520,8589930496,6131662848,114688
9,1791554544231,2500,2499,2500,2500,2500,2500,2500,2500,2499,2500,2499,2499,2500,2499,2499,2500,0,0,0,0,0,0,0,5.263157844543457,0,0,0,0,0,100,0,0,48403.397888183594,143168.1661376953,0,404327403520,8589930496,6131662848,114688
10,1791554544241,2500,2499,2500,2500,2500,2500,2500,2500,2499,2500,2499,2499,2500,2499,2499,2500,0,0,0,0,0,0,0,5.263157844543457,0,0,0,0,0,100,0,0,48403.570556640625,143168.55017089844,0,404327403520,8589930496,6131662848,114688
10,1791554544251,2500,2499,2500,2500,2500,2500,2500,2500,2499,2500,2499,2499,2500,2499,2499,2500,0,0,0,0,0,0,0,5.263157844543457,0,0,0,0,0,100,0,0,48403.733947753906,143168.9398803711,0,404327403520,8589930496,6131662848,114688
10,1791554544261,2500,2499,2500,2500,2500,2500,2500,2500,2499,2500,2499,2499,2500,2499,2499,2500,0,0,0,0,0,0,0,5.263157844543457,0,0,0,0,0,100,0,0,48403.900390625,143169.36639404297,0,404327403520,8589930496,6131662848,114688
10,1791554544271,2500,2499,2500,2500,2500,2500,2500,2500,2499,2500,2499,2499,2500,2499,2499,2500,0,0,0,0,0,0,0,5.263157844543457,0,0,0,0,0,100,0,0,48404.082763671875,143169.75457763672,0,404327403520,8589930496,6131662848,114688
10,1791554544281,2500,2499,2500,2500,2500,2500,2500,2500,2499,2500,2499,2499,2500,2499,2499,2500,0,0,0,0,0,0,0,5.263157844543457,0,0,0,0,0,100,0,0,48404.24792480469,143170.14416503906,0,404327403520,8589930496,6131662848,114688
10,1791554544291,2500,2499,2500,2500,2500,2500,2500,2500,2499,2500,2499,2499,2500,2499,2499,2500,0,0,0,0,0,0,0,5.263157844543457,0,0,0,0,0,100,0,0,48404.41271972656,143170.53131103516,0,404327403520,8589930496,6131662848,114688
10,1791554544301,2500,2499,2500,2500,2500,2500,2500,2500,2499,2500,2499,2499,2500,2499,2499,2500,0,0,0,0,0,0,0,5.263157844543457,0,0,0,0,0,100,0,0,48404.578674316406,143170.9197998047,0,404327403520,8589930496,6131662848,114688
10,1791554544311,2500,2499,2500,2500,2500,2500,2500,2500,2499,2500,2499,2499,2500,2499,2499,2500,0,0,0,0,0,0,0,10,0,0,0,0,0,100,0,0,48404.74969482422,143171.30932617188,0,404327403520,8589930496,6131662848,114688
10,1791554544321,2500,2499,2500,2500,2500,2500,2500,2500,2499,2500,2499,2499,2500,2499,2499,2500,0,0,0,0,0,0,0,10,0,0,0,0,0,100,0,0,48404.914978027344,143171.69891357422,0,404327403520,8589930496,6131662848,114688
10,1791554544331,2500,2499,2500,2500,2500,2500,2500,2500,2499,2500,2499,2499,2500,2499,2499,2500,0,0,0,0,0,0,0,10,0,0,0,0,0,100,0,0,48405.08251953125,143172.09155273438,0,404327403520,8589930496,6131662848,114688
9,1791554544341,2500,2499,2500,2500,2500,2500,2500,2500,2499,2500,2499,2499,2500,2499,2499,2500,0,0,0,0,0,0,0,10,0,0,0,0,0,100,0,0,48405.24951171875,143172.48022460938,0,404327403520,8589930496,6131662848,114688
10,1791554544351,2500,2499,2500,2500,2500,2500,2500,2500,2499,2500,2499,2499,2500,2499,2499,2500,0,0,0,0,0,0,0,10,0,0,0,0,0,100,0,0,48405.416748046875,143172.8715209961,0,404327403520,8589930496,6131662848,114688
10,1791554544361,2500,2499,2500,2500,2500,2500,2500,2500,2499,2500,2499,2499,2500,2499,2499,2500,0,0,0,0,0,0,0,10,0,0,0,0,0,100,0,0,48405.58679199219,143173.25994873047,0,404327403520,8589930496,6131662848,114688
10,1791554544371,2500,2499,2500,2500,2500,2500,2500,2500,2499,2500,2499,2499,2500,2499,2499,2500,0,0,0,0,0,0,0,10,0,0,0,0,0,100,0,0,48405.75506591797,143173.65130615234,0,404327403520,8589930496,6131662848,114688
10,1791554544382,2500,2499,2500,2500,2500,2500,2500,2500,2499,2500,2499,2499,2500,2499,2499,2500,0,0,0,0,0,0,0,10,0,0,0,0,0,100,0,0,48405.92041015625,143174.04168701172,0,404327403520,8589930496,6131662848,114688
10,1791554544392,2500,2499,2500,2500,2500,2500,2500,2500,2499,2500,2499,2499,2500,2499,2499,2500,0,0,0,0,0,0,0,10,0,0,0,0,0,100,0,0,48406.089599609375,143174.42864990234,0,404327403520,8589930496,6131662848,114688
10,1791554544402,2500,2499,2500,2500,2500,2500,2500,2500,2499,2500,2499,2499,2500,2499,2499,2500,0,0,0,0,0,0,0,10,0,0,0,0,0,100,0,0,48406.25860595703,143174.81591796875,0,404327403520,8589930496,6131662848,114688
10,1791554544412,2500,2499,2500,2500,2500,2500,2500,2500,2499,2500,2499,2499,2500,2499,2499,2500,0,0,0,0,0,0,0,10,0,0,0,0,0,100,0,0,48406.418518066406,143175.20568847656,0,404327403520,8589930496,6131662848,114688
10,1791554544422,2500,2499,2500,2500,2500,2500,2500,2500,2499,2500,2499,2499,2500,2499,2499,2500,0,0,0,0,0,0,0,10,0,0,0,0,0,100,0,0,48406.58514404297,143175.59588623047,0,404327403520,8589930496,6131662848,114688
10,1791554544432,2500,2499,2500,2500,2500,2500,2500,2500,2499,2500,2499,2499,2500,2499,2499,2500,0,0,0,0,0,0,0,10,0,0,0,0,0,100,0,0,48406.750061035156,143175.98657226563,0,404327403520,8589930496,6131662848,114688
10,1791554544442,2500,2499,2500,2500,2500,2500,2500,2500,2499,2500,2499,2499,2500,2499,2499,2500,0,0,0,0,0,0,0,10,0,0,0,0,0,100,0,0,48406.91882324219,143176.3768310547,0,404327403520,8589930496,6131662848,114688
10,1791554544452,2500,2499,2500,2500,2500,2500,2500,2500,2499,2500,2499,2499,2500,2499,2499,2500,0,0,0,0,0,0,0,10,0,0,0,0,0,100,0,0,48407.08544921875,143176.7670288086,0,404327403520,8589930496,6131662848,114688
10,1791554544462,2500,2499,2500,2500,2500,2500,2500,2500,2499,2500,2499,2499,2500,2499,2499,2500,0,0,0,0,0,0,0,10,0,0,0,0,0,100,0,0,48407.26818847656,143177.19763183594,0,404327403520,8589930496,6131662848,114688
10,1791554544472,2500,2499,2500,2500,2500,2500,2500,2500,2499,2500,2499,2499,2500,2499,2499,2500,0,0,0,0,0,0,0,10,0,0,0,0,0,100,0,0,48407.43884277344,143177.58764648438,0,404327403520,8589930496,6131662848,114688
9,1791554544482,2500,2499,2500,2500,2500,2500,2500,2500,2499,2500,2499,2499,2500,2499,2499,2500,0,0,0,0,0,0,0,10,0,0,0,0,0,100,0,0,48407.610778808594,143177.97424316406,0,404327403520,8589930496,6131662848,114688
10,1791554544492,2500,2499,2500,2500,2500,2500,2500,2500,2499,2500,2499,2499,2500,2499,2499,2500,0,0,0,0,0,0,0,10,0,0,0,0,0,100,0,0,48407.782165527344,143178.3623046875,0,404327403520,8589930496,6131662848,114688
10,1791554544502,2500,2499,2500,2500,2500,2500,2500,2500,2499,2500,2499,2499,2500,2499,2499,2500,0,0,0,0,0,0,0,10,0,0,0,0,0,100,0,0,48407.94763183594,143178.75341796875,0,404327403520,8589930496,6131662848,114688
10,1791554544512,2500,2499,2500,2500,2500,2500,2500,2500,2499,2500,2499,2499,2500,2499,2499,2500,4.761904716491699,0,0,0,0,0,0,5.263157844543457,0,0,0,0,0,100,0,0,48408.11706542969,143179.14685058594,0,404327403520,8589930496,6131662848,114688
10,1791554544522,2500,2499,2500,2500,2500,2500,2500,2500,2499,2500,2499,2499,2500,2499,2499,2500,4.761904716491699,0,0,0,0,0,0,5.263157844543457,0,0,0,0,0,100,0,0,48408.288818359375,143179.5333251953,0,404327403520,8589930496,6131662848,114688
9,1791554544532,2500,2499,2500,2500,2500,2500,2500,2500,2499,2500,2499,2499,2500,2499,2499,2500,4.761904716491699,0,0,0,0,0,0,5.263157844543457,0,0,0,0,0,100,0,0,48408.45526123047,143179.92352294922,0,404327403520,8589930496,6131662848,114688
10,1791554544542,2500,2499,2500,2500,2500,2500,2500,2500,2499,2500,2499,2499,2500,2499,2499,2500,4.761904716491699,0,0,0,0,0,0,5.263157844543457,0,0,0,0,0,100,0,0,48408.6240234375,143180.31634521484,0,404327403520,8589930496,6131662848,114688
10,1791554544552,2500,2499,2500,2500,2500,2500,2500,2500,2499,2500,2499,2499,2500,2499,2499,2500,4.761904716491699,0,0,0,0,0,0,5.263157844543457,0,0,0,0,0,100,0,0,48408.79187011719,143180.70678710938,0,404327403520,8589930496,6131662848,114688
10,1791554544563,2500,2499,2500,2500,2500,2500,2500,2500,2499,2500,2499,2499,2500,2499,2499,2500,4.761904716491699,0,0,0,0,0,0,5.263157844543457,0,0,0,0,0,100,0,0,48408.95617675781,143181.0991821289,0,404327403520,8589930496,6131662848,114688
10,1791554544573,2500,2499,2500,2500,2500,2500,2500,2500,2499,2500,2499,2499,2500,2499,2499,2500,4.761904716491699,0,0,0,0,0,0,5.263157844543457,0,0,0,0,0,100,0,0,48409.12805175781,143181.48803710938,0,404327403520,8589930496,6131662848,114688
10,1791554544583,2500,2499,2500,2500,2500,2500,2500,2500,2499,2500,2499,2499,2500,2499,2499,2500,4.761904716491699,0,0,0,0,0,0,5.263157844543457,0,0,0,0,0,100,0,0,48409.293212890625,143181.87939453125,0,404327403520,8589930496,6131662848,114688
10,1791554544593,2500,2499,2500,2500,2500,2500,2500,2500,2499,2500,2499,2499,2500,2499,2499,2500,4.761904716491699,0,0,0,0,0,0,5.263157844543457,0,0,0,0,0,100,0,0,48409.461669921875,143182.2685546875,0,404327403520,8589930496,6131662848,114688
10,1791554544603,2500,2499,2500,2500,2500,2500,2500,2500,2499,2500,2499,2499,2500,2499,2499,2500,4.761904716491699,0,0,0,0,0,0,5.263157844543457,0,0,0,0,0,100,0,0,48409.62811279297,143182.66119384766,0,404327403520,8589930496,6131662848,114688
10,1791554544613,2500,2499,2500,2500,2500,2500,2500,2500,2499,2500,2499,2499,2500,2499,2499,2500,4.761904716491699,0,0,0,0,0,0,5.263157844543457,0,0,0,0,0,100,0,0,48409.795471191406,143183.04864501953,0,404327403520,8589930496,6131662848,114688
10,1791554544623,2500,2499,2500,2500,2500,2500,2500,2500,2499,2500,2499,2499,2500,2499,2499,2500,4.761904716491699,0,0,0,0,0,0,5.263157844543457,0,0,0,0,0,100,0,0,48409.95947265625,143183.43896484375,0,404327403520,8589930496,6131662848,114688
10,1791554544633,2500,2499,2500,2500,2500,2500,2500,2500,2499,2500,2499,2499,2500,2499,2499,2500,4.761904716491699,0,0,0,0,0,0,5.263157844543457,0,0,0,0,0,100,0,0,48410.130126953125,143183.82843017578,0,404327403520,8589930496,6131662848,114688
10,1791554544643,2500,2499,2500,2500,2500,2500,2500,2500,2499,2500,2499,2499,2500,2499,2499,2500,4.761904716491699,0,0,0,0,0,0,5.263157844543457,0,0,0,0,0,100,0,0,48410.29968261719,143184.21502685547,0,404327403520,8589930496,6131662848,114688
10,1791554544653,2500,2499,2500,2500,2500,2500,2500,2500,2499,2500,2499,2499,2500,2499,2499,2500,4.761904716491699,0,0,0,0,0,0,5.263157844543457,0,0,0,0,0,100,0,0,48410.48425292969,143184.6058959961,0,404327403520,8589930496,6131662848,114688
10,1791554544663,2500,2499,2500,2500,2500,2500,2500,2500,2499,2500,2499,2499,2500,2499,2499,2500,4.761904716491699,0,0,0,0,0,0,5.263157844543457,0,0,0,0,0,100,0,0,48410.652099609375,143185.03314208984,0,404327403520,8589930496,6131662848,114688
10,1791554544673,2500,2499,2500,2500,2500,2500,2500,2500,2499,2500,2499,2499,2500,2499,2499,2500,4.761904716491699,0,0,0,0,0,0,5.263157844543457,0,0,0,0,0,100,0,0,48410.816345214844,143185.42712402344,0,404327403520,8589930496,6131662848,114688
10,1791554544683,2500,2499,2500,2500,2500,2500,2500,2500,2499,2500,2499,2499,2500,2499,2499,2500,4.761904716491699,0,0,0,0,0,0,5.263157844543457,0,0,0,0,0,100,0,0,48410.984619140625,143185.8194580078,0,404327403520,8589930496,6131662848,114688
10,1791554544693,2500,2499,2500,2500,2500,2500,2500,2500,2499,2500,2499,2499,2500,2499,2499,2500,4.761904716491699,0,0,0,0,0,0,5.263157844543457,0,0,0,0,0,100,0,0,48411.155517578125,143186.208984375,0,404327403520,8589930496,6131662848,114688
9,1791554544703,2500,2499,2500,2500,2500,2500,2500,2500,2499,2500,2499,2499,2500,2499,2499,2500,4.761904716491699,0,0,0,0,0,0,5.263157844543457,0,0,0,0,0,100,0,0,48411.32293701172,143186.60095214844,0,404327403520,8589930496,6131662848,114688
10,1791554544713,2500,2499,2500,2500,2500,2500,2500,2500,2499,2500,2499,2499,2500,2499,2499,2500,0,0,0,0,0,0,0,10.526315689086914,0,0,0,0,0,100,0,0,48411.48797607422,143186.9881591797,0,404327403520,8589930496,6131662848,114688
10,1791554544723,2500,2499,2500,2500,2500,2500,2500,2500,2499,2500,2499,2499,2500,2499,2499,2500,0,0,0,0,0,0,0,10.526315689086914,0,0,0,0,0,100,0,0,48411.65393066406,143187.37939453125,0,404327403520,8589930496,6131662848,114688
10,1791554544734,2500,2499,2500,2500,2500,2500,2500,2500,2499,2500,2499,2499,2500,2499,2499,2500,0,0,0,0,0,0,0,10.526315689086914,0,0,0,0,0,100,0,0,48411.81408691406,143187.76959228516,0,404327403520,8589930496,6131662848,114688
10,1791554544744,2500,2499,2500,2500,2500,2500,2500,2500,2499,2500,2499,2499,2500,2499,2499,2500,0,0,0,0,0,0,0,10.526315689086914,0,0,0,0,0,100,0,0,48411.97961425781,143188.15899658203,0,404327403520,8589930496,6131662848,114688
10,1791554544754,2500,2499,2500,2500,2500,2500,2500,2500,2499,2500,2499,2499,2500,2499,2499,2500,0,0,0,0,0,0,0,10.526315689086914,0,0,0,0,0,100,0,0,48412.14758300781,143188.54919433594,0,404327403520,8589930496,6131662848,114688
10,1791554544764,2500,2499,2500,2500,2500,2500,2500,2500,2499,2500,2499,2499,2500,2499,2499,2500,0,0,0,0,0,0,0,10.526315689086914,0,0,0,0,0,100,0,0,48412.31219482422,143188.9369506836,0,404327403520,8589930496,6131662848,114688
10,1791554544774,2500,2499,2500,2500,2500,2500,2500,2500,2499,2500,2499,2499,2500,2499,2499,2500,0,0,0,0,0,0,0,10.526315689086914,0,0,0,0,0,100,0,0,48412.47497558594,143189.3309326172,0,404327403520,8589930496,6131662848,114688
10,1791554544784,2500,2499,2500,2500,2500,2500,2500,2500,2499,2500,2499,2499,2500,2499,2499,2500,0,0,0,0,0,0,0,10.526315689086914,0,0,0,0,0,100,0,0,48412.639221191406,143189.72119140625,0,404327403520,8589930496,6131662848,114688
10,1791554544794,2500,2499,2500,2500,2500,2500,2500,2500,2499,2500,2499,2499,2500,2499,2499,2500,0,0,0,0,0,0,0,10.526315689086914,0,0,0,0,0,100,0,0,48412.8056640625,143190.1114501953,0,404327403520,8589930496,6131662848,114688
10,1791554544804,2500,2499,2500,2500,2500,2500,2500,2500,2499,2500,2499,2499,2500,2499,2499,2500,0,0,0,0,0,0,0,10.526315689086914,0,0,0,0,0,100,0,0,48412.978759765625,143190.5028076172,0,404327403520,8589930496,6131662848,114688
10,1791554544814,2500,2499,2500,2500,2500,2500,2500,2500,2499,2500,2499,2499,2500,2499,2499,2500,0,0,0,0,0,0,0,10.526315689086914,0,0,0,0,0,100,0,0,48413.15069580078,143190.88928222656,0,404327403520,8589930496,6131662848,114688
10,1791554544824,2500,2499,2500,2500,2500,2500,2500,2500,2499,2500,2499,2499,2500,2499,2499,2500,0,0,0,0,0,0,0,10.526315689086914,0,0,0,0,0,100,0,0,48413.317138671875,143191.27960205078,0,404327403520,8589930496,6131662848,114688
10,1791554544834,2500,2499,2500,2500,2500,2500,2500,2500,2499,2500,2499,2499,2500,2499,2499,2500,0,0,0,0,0,0,0,10.526315689086914,0,0,0,0,0,100,0,0,48413.48553466797,143191.67608642578,0,404327403520,8589930496,6131662848,114688
10,1791554544844,2500,2499,2500,2500,2500,2500,2500,2500,2499,2500,2499,2499,2500,2499,2499,2500,0,0,0,0,0,0,0,10.526315689086914,0,0,0,0,0,100,0,0,48413.656188964844,143192.06420898438,0,404327403520,8589930496,6131662848,114688
10,1791554544854,2500,2499,2500,2500,2500,2500,2500,2500,2499,2500,2499,2499,2500,2499,2499,2500,0,0,0,0,0,0,0,10.526315689086914,0,0,0,0,0,100,0,0,48413.82208251953,143192.44689941406,0,404327403520,8589930496,6131662848,114688
10,1791554544864,2500,2499,2500,2500,2500,2500,2500,2500,2499,2500,2499,2499,2500,2499,2499,2500,0,0,0,0,0,0,0,10.526315689086914,0,0,0,0,0,100,0,0,48413.99084472656,143192.8465576172,0,404327403520,8589930496,6131662848,114688
10,1791554544874,2500,2499,2500,2500,2500,2500,2500,2500,2499,2500,2499,2499,2500,2499,2499,2500,0,0,0,0,0,0,0,10.526315689086914,0,0,0,0,0,100,0,0,48414.177307128906,143193.26739501953,0,404327403520,8589930496,6131662848,114688
9,1791554544884,2500,2499,2500,2500,2500,2500,2500,2500,2499,2500,2499,2499,2500,2499,2499,2500,0,0,0,0,0,0,0,10.526315689086914,0,0,0,0,0,100,0,0,48414.34338378906,143193.6571044922,0,404327403520,8589930496,6131662848,114688
10,1791554544894,2500,2499,2500,2500,2500,2500,2500,2500,2499,2500,2499,2499,2500,2499,2499,2500,0,0,0,0,0,0,0,10.526315689086914,0,0,0,0,0,100,0,0,48414.4931640625,143194.0160522461,0,404327403520,8589930496,6131662848,114688
10,1791554544905,2500,2499,2500,2500,2500,2500,2500,2500,2499,2500,2499,2499,2500,2499,2499,2500,0,0,0,0,0,0,0,10.526315689086914,0,0,0,0,0,100,0,0,48414.678161621094,143194.4432373047,0,404327403520,8589930496,6131662848,114688
10,1791554544915,2500,2499,2500,2500,2500,2500,2500,2500,2499,2500,2499,2499,2500,2499,2499,2500,0,0,0,0,0,0,0,10,0,0,0,0,0,100,0,0,48414.84735107422,143194.8364868164,0,404327403520,8589930496,6131662848,114688
10,1791554544925,2500,2499,2500,2500,2500,2500,2500,2500,2499,2500,2499,2499,2500,2499,2499,2500,0,0,0,0,0,0,0,10,0,0,0,0,0,100,0,0,48415.01611328125,143195.22625732422,0,404327403520,8589930496,6131662848,114688
10,1791554544935,2500,2499,2500,2500,2500,2500,2500,2500,2499,2500,2499,2499,2500,2499,2499,2500,0,0,0,0,0,0,0,10,0,0,0,0,0,100,0,0,48415.184631347656,143195.61541748047,0,404327403520,8589930496,6131662848,114688
10,1791554544945,2500,2499,2500,2500,2500,2500,2500,2500,2499,2500,2499,2499,2500,2499,2499,2500,0,0,0,0,0,0,0,10,0,0,0,0,0,100,0,0,48415.351806640625,143196.00225830078,0,404327403520,8589930496,6131662848,114688
10,1791554544955,2500,2499,2500,2500,2500,2500,2500,2500,2499,2500,2499,2499,2500,2499,2499,2500,0,0,0,0,0,0,0,10,0,0,0,0,0,100,0,0,48415.522705078125,143196.4014892578,0,404327403520,8589930496,6131662848,114688
10,1791554544965,2500,2499,2500,2500,2500,2500,2500,2500,2499,2500,2499,2499,2500,2499,2499,2500,0,0,0,0,0,0,0,10,0,0,0,0,0,100,0,0,48415.69421386719,143196.78491210938,0,404327403520,8589930496,6131662848,114688
10,1791554544975,2500,2499,2500,2500,2500,2500,2500,2500,2499,2500,2499,2499,2500,2499,2499,2500,0,0,0,0,0,0,0,10,0,0,0,0,0,100,0,0,48415.857666015625,143197.17797851563,0,404327403520,8589930496,6131662848,114688
10,1791554544985,2500,2499,2500,2500,2500,2500,2500,2500,2499,2500,2499,2499,2500,2499,2499,2500,0,0,0,0,0,0,0,10,0,0,0,0,0,100,0,0,48416.02667236328,143197.5669555664,0,404327403520,8589930496,6131662848,114688
10,1791554544995,2500,2499,2500,2500,2500,2500,2500,2500,2499,2500,2499,2499,2500,2499,2499,2500,0,0,0,0,0,0,0,10,0,0,0,0,0,100,0,0,48416.19549560547,143197.95965576172,0,404327403520,8589930496,6131662848,114688
9,1791554545005,2500,2499,2500,2500,2500,2500,2500,2500,2499,2500,2499,2499,2500,2499,2499,2500,0,0,0,0,0,0,0,10,0,0,0,0,0,100,0,0,48416.36248779297,143198.35418701172,0,404327403520,8589930496,6131662848,114688
10,1791554545015,2500,2499,2500,2500,2500,2500,2500,2500,2499,2500,2499,2499,2500,2499,2499,2500,0,0,0,0,0,0,0,10,0,0,0,0,0,100,0,0,48416.53436279297,143198.7398071289,0,404327403520,8589930496,6131662848,114688
10,1791554545025,2500,2499,2500,2500,2500,2500,2500,2500,2499,2500,2499,2499,2500,2499,2499,2500,0,0,0,0,0,0,0,10,0,0,0,0,0,100,0,0,48416.70867919922,143199.13067626953,0,404327403520,8589930496,6131662848,114688
10,1791554545035,2500,2499,2500,2500,2500,2500,2500,2500,2499,2500,2499,2499,2500,2499,2499,2500,0,0,0,0,0,0,0,10,0,0,0,0,0,100,0,0,48416.87585449219,143199.52569580078,0,404327403520,8589930496,6131662848,114688
10,1791554545045,2500,2499,2500,2500,2500,2500,2500,2500,2499,2500,2499,2499,2500,2499,2499,2500,0,0,0,0,0,0,0,10,0,0,0,0,0,100,0,0,48417.03942871094,143199.91540527344,0,404327403520,8589930496,6131662848,114688
10,1791554545055,2500,2499,2500,2500,2500,2500,2500,2500,2499,2500,2499,2499,2500,2499,2499,2500,0,0,0,0,0,0,0,10,0,0,0,0,0,100,0,0,48417.205139160156,143200.30535888672,0,404327403520,8589930496,6131662848,114688
10,1791554545065,2500,2499,2500,2500,2500,2500,2500,2500,2499,2500,2499,2499,2500,2499,2499,2500,0,0,0,0,0,0,0,10,0,0,0,0,0,100,0,0,48417.371032714844,143200.6968383789,0,404327403520,8589930496,6131662848,114688
9,1791554545075,2500,2499,2500,2500,2500,2500,2500,2500,2499,2500,2499,2499,2500,2499,2499,2500,0,0,0,0,0,0,0,10,0,0,0,0,0,100,0,0,48417.541076660156,143201.09051513672,0,404327403520,8589930496,6131662848,114688
10,1791554545086,2500,2499,2500,2500,2500,2500,2500,2500,2499,2500,2499,2499,2500,2499,2499,2500,0,0,0,0,0,0,0,10,0,0,0,0,0,100,0,0,48417.70568847656,143201.48077392578,0,404327403520,8589930496,6131662848,114688
10,1791554545096,2500,2499,2500,2500,2500,2500,2500,2500,2499,2500,2499,2499,2500,2499,2499,2500,0,0,0,0,0,0,0,10,0,0,0,0,0,100,0,0,48417.88635253906,143201.91009521484,0,404327403520,8589930496,6131662848,114688
10,1791554545106,2500,2499,2500,2500,2500,2500,2500,2500,2499,2500,2499,2499,2500,2499,2499,2500,0,0,0,0,0,0,0,10,0,0,0,0,0,100,0,0,48418.05065917969,143202.30249023438,0,404327403520,8589930496,6131662848,114688
10,1791554545116,2500,2499,2500,2500,2500,2500,2500,2500,2499,2500,2499,2499,2500,2499,2499,2500,0,0,0,0,0,0,0,10,0,0,0,0,0,100,0,0,48418.22479248047,143202.6905517578,0,404327403520,8589930496,6131662848,114688
10,1791554545126,2500,2499,2500,2500,2500,2500,2500,2500,2499,2500,2499,2499,2500,2499,2499,2500,0,0,0,0,0,0,0,10,0,0,0,0,0,100,0,0,48418.392578125,143203.0792236328,0,404327403520,8589930496,6131662848,114688
10,1791554545136,2500,2499,2500,2500,2500,2500,2500,2500,2499,2500,2499,2499,2500,2499,2499,2500,0,0,0,0,0,0,0,10,0,0,0,0,0,100,0,0,48418.56164550781,143203.47314453125,0,404327403520,8589930496,6114889728,114688
10,1791554545146,2500,2499,2500,2500,2500,2500,2500,2500,2499,2500,2499,2499,2500,2499,2499,2500,0,0,0,0,0,0,0,10,0,0,0,0,0,100,0,0,48418.728759765625,143203.86462402344,0,404327403520,8589930496,6114889728,114688
10,1791554545156,2500,2499,2500,2500,2500,2500,2500,2500,2499,2500,2499,2499,2500,2499,2499,2500,0,0,0,0,0,0,0,10,0,0,0,0,0,100,0,0,48418.89685058594,143204.25451660156,0,404327403520,8589930496,6114889728,114688
10,1791554545166,2500,2499,2500,2500,2500,2500,2500,2500,2499,2500,2499,2499,2500,2499,2499,2500,0,0,0,0,0,0,0,10,0,0,0,0,0,100,0,0,48419.05908203125,143204.6463623047,0,404327403520,8589930496,6114889728,114688
10,1791554545176,2500,2499,2500,2500,2500,2500,2500,2500,2499,2500,2499,2499,2500,2499,2499,2500,0,0,0,0,0,0,0,10,0,0,0,0,0,100,0,0,48419.23077392578,143205.0401611328,0,404327403520,8589930496,6114889728,114688
10,1791554545186,2500,2499,2500,2500,2500,2500,2500,2500,2499,2500,2499,2499,2500,2499,2499,2500,0,0,0,0,0,0,0,10,0,0,0,0,0,100,0,0,48419.39538574219,143205.43170166016,0,404327403520,8589930496,6114889728,114688
10,1791554545196,2500,2499,2500,2500,2500,2500,2500,2500,2499,2500,2499,2499,2500,2499,2499,2500,0,0,0,0,0,0,0,10,0,0,0,0,0,100,0,0,48419.566955566406,143205.8228149414,0,404327403520,8589930496,6114889728,114688
10,1791554545206,2500,2499,2500,2500,2500,2500,2500,2500,2499,2500,2499,2499,2500,2499,2499,2500,0,0,0,0,0,0,0,10,0,0,0,0,0,100,0,0,48419.731201171875,143206.21453857422,0,404327403520,8589930496,6114889728,114688
10,1791554545216,2500,2499,2500,2500,2500,2500,2500,2500,2499,2500,2499,2499,2500,2499,2499,2500,0,0,0,0,0,0,0,10,0,0,0,0,0,100,0,0,48419.896545410156,143206.60595703125,0,404327403520,8589930496,6114889728,114688
10,1791554545226,2500,2499,2500,2500,2500,2500,2500,2500,2499,2500,2499,2499,2500,2499,2499,2500,0,0,0,0,0,0,0,10,0,0,0,0,0,100,0,0,48420.06024169922,143206.99700927734,0,404327403520,8589930496,6114889728,114688
10,1791554545236,2500,2499,2500,2500,2500,2500,2500,2500,2499,2500,2499,2499,2500,2499,2499,2500,0,0,0,0,0,0,0,10,0,0,0,0,0,100,0,0,48420.233642578125,143207.3896484375,0,404327403520,8589930496,6114889728,114688
10,1791554545246,2500,2499,2500,2500,2500,2500,2500,2500,2499,2500,2499,2499,2500,2499,2499,2500,0,0,0,0,0,0,0,10,0,0,0,0,0,100,0,0,48420.398681640625,143207.77868652344,0,404327403520,8589930496,6114889728,114688
10,1791554545257,2500,2499,2500,2500,2500,2500,2500,2500,2499,2500,2499,2499,2500,2499,2499,2500,0,0,0,0,0,0,0,10,0,0,0,0,0,100,0,0,48420.56530761719,143208.16802978516,0,404327403520,8589930496,6114889728,114688
9,1791554545267,2500,2499,2500,2500,2500,2500,2500,2500,2499,2500,2499,2499,2500,2499,2499,2500,0,0,0,0,0,0,0,10,0,0,0,0,0,100,0,0,48420.734130859375,143208.55883789063,0,404327403520,8589930496,6114889728,114688
10,1791554545277,2500,2499,2500,2500,2500,2500,2500,2500,2499,2500,2499,2499,2500,2499,2499,2500,0,0,0,0,0,0,0,10,0,0,0,0,0,100,0,0,48420.902099609375,143208.95184326172,0,404327403520,8589930496,6114889728,114688
10,1791554545287,2500,2499,2500,2500,2500,2500,2500,2500,2499,2500,2499,2499,2500,2499,2499,2500,0,0,0,0,0,0,0,10,0,0,0,0,0,100,0,0,48421.07196044922,143209.3441772461,0,404327403520,8589930496,6114889728,114688
10,1791554545297,2500,2499,2500,2500,2500,2500,2500,2500,2499,2500,2499,2499,2500,2499,2499,2500,0,0,0,0,0,0,0,10,0,0,0,0,0,100,0,0,48421.24298095703,143209.77282714844,0,404327403520,8589930496,6114889728,114688
10,1791554545307,2500,2499,2500,2500,2500,2500,2500,2500,2499,2500,2499,2499,2500,2499,2499,2500,0,0,0,0,0,0,0,10,0,0,0,0,0,100,0,0,48421.425354003906,143210.16455078125,0,404327403520,8589930496,6114889728,114688
10,1791554545317,2500,2499,2500,2500,2500,2500,2500,2500,2499,2500,2499,2499,2500,2499,2499,2500,0,0,0,0,0,0,0,5.555555820465088,0,0,0,0,0,100,0,0,48421.59051513672,143210.55432128906,0,404327403520,8589930496,6114889728,114688
10,1791554545327,2500,2499,2500,2500,2500,2500,2500,2500,2499,2500,2499,2499,2500,2499,2499,2500,0,0,0,0,0,0,0,5.555555820465088,0,0,0,0,0,100,0,0,48421.760681152344,143210.94708251953,0,404327403520,8589930496,6114889728,114688
10,1791554545337,2500,2499,2500,2500,2500,2500,2500,2500,2499,2500,2499,2499,2500,2499,2499,2500,0,0,0,0,0,0,0,5.555555820465088,0,0,0,0,0,100,0,0,48421.92663574219,143211.3394165039,0,404327403520,8589930496,6114889728,114688
10,1791554545347,2500,2499,2500,2500,2500,2500,2500,2500,2499,2500,2499,2499,2500,2499,2499,2500,0,0,0,0,0,0,0,5.555555820465088,0,0,0,0,0,100,0,0,48422.09454345703,143211.7296142578,0,404327403520,8589930496,6114889728,114688
9,1791554545357,2500,2499,2500,2500,2500,2500,2500,2500,2499,2500,2499,2499,2500,2499,2499,2500,0,0,0,0,0,0,0,5.555555820465088,0,0,0,0,0,100,0,0,48422.263916015625,143212.12139892578,0,404327403520,8589930496,6114889728,114688
10,1791554545367,2500,2499,2500,2500,2500,2500,2500,2500,2499,2500,2499,2499,2500,2499,2499,2500,0,0,0,0,0,0,0,5.555555820465088,0,0,0,0,0,100,0,0,48422.427490234375,143212.5146484375,0,404327403520,8589930496,6114889728,114688
10,1791554545377,2500,2499,2500,2500,2500,2500,2500,2500,2499,2500,2499,2499,2500,2499,2499,2500,0,0,0,0,0,0,0,5.555555820465088,0,0,0,0,0,100,0,0,48422.591735839844,143212.90283203125,0,404327403520,8589930496,6114889728,114688
10,1791554545387,2500,2499,2500,2500,2500,2500,2500,2500,2499,2500,2499,2499,2500,2499,2499,2500,0,0,0,0,0,0,0,5.555555820465088,0,0,0,0,0,100,0,0,48422.76330566406,143213.2930908203,0,404327403520,8589930496,6114889728,114688
10,1791554545397,2500,2499,2500,2500,2500,2500,2500,2500,2499,2500,2499,2499,2500,2499,2499,2500,0,0,0,0,0,0,0,5.555555820465088,0,0,0,0,0,100,0,0,48422.931213378906,143213.68395996094,0,404327403520,8589930496,6114889728,114688
10,1791554545407,2500,2499,2500,2500,2500,2500,2500,2500,2499,2500,2499,2499,2500,2499,2499,2500,0,0,0,0,0,0,0,5.555555820465088,0,0,0,0,0,100,0,0,48423.09991455078,143214.07220458984,0,404327403520,8589930496,6114889728,114688
10,1791554545417,2500,2499,2500,2500,2500,2500,2500,2500,2499,2500,2499,2499,2500,2499,2499,2500,0,0,0,0,0,0,0,5.555555820465088,0,0,0,0,0,100,0,0,48423.262939453125,143214.46124267578,0,404327403520,8589930496,6114889728,114688
10,1791554545427,2500,2499,2500,2500,2500,2500,2500,2500,2499,2500,2499,2499,2500,2499,2499,2500,0,0,0,0,0,0,0,5.555555820465088,0,0,0,0,0,100,0,0,48423.427734375,143214.8519897461,0,404327403520,8589930496,6114889728,114688
10,1791554545438,2500,2499,2500,2500,2500,2500,2500,2500,2499,2500,2499,2499,2500,2499,2499,2500,0,0,0,0,0,0,0,5.555555820465088,0,0,0,0,0,100,0,0,48423.596618652344,143215.24279785156,0,404327403520,8589930496,6114889728,114688
9,1791554545448,2500,2499,2500,2500,2500,2500,2500,2500,2499,2500,2499,2499,2500,2499,2499,2500,0,0,0,0,0,0,0,5.555555820465088,0,0,0,0,0,100,0,0,48423.760803222656,143215.6326904297,0,404327403520,8589930496,6114889728,114688
10,1791554545458,2500,2499,2500,2500,2500,2500,2500,2500,2499,2500,2499,2499,2500,2499,2499,2500,0,0,0,0,0,0,0,5.555555820465088,0,0,0,0,0,100,0,0,48423.92401123047,143216.02465820313,0,404327403520,8589930496,6114889728,114688
10,1791554545468,2500,2499,2500,2500,2500,2500,2500,2500,2499,2500,2499,2499,2500,2499,2499,2500,0,0,0,0,0,0,0,5.555555820465088,0,0,0,0,0,100,0,0,48424.09503173828,143216.4161376953,0,404327403520,8589930496,6114889728,114688
10,1791554545478,2500,2499,2500,2500,2500,2500,2500,2500,2499,2500,2499,2499,2500,2499,2499,2500,0,0,0,0,0,0,0,5.555555820465088,0,0,0,0,0,100,0,0,48424.26220703125,143216.80474853516,0,404327403520,8589930496,6114889728,114688
10,1791554545488,2500,2499,2500,2500,2500,2500,2500,2500,2499,2500,2499,2499,2500,2499,2499,2500,0,0,0,0,0,0,0,5.555555820465088,0,0,0,0,0,100,0,0,48424.426330566406,143217.19732666016,0,404327403520,8589930496,6114889728,114688
10,1791554545498,2500,2499,2500,2500,2500,2500,2500,2500,2499,2500,2499,2499,2500,2499,2499,2500,0,0,0,0,0,0,0,5.555555820465088,0,0,0,0,0,100,0,0,48424.59484863281,143217.5849609375,0,404327403520,8589930496,6114889728,114688
10,1791554545508,2500,2499,2500,2500,2500,2500,2500,2500,2499,2500,2499,2499,2500,2499,2499,2500,0,0,0,0,0,0,0,5.555555820465088,0,0,0,0,0,100,0,0,48424.76202392578,143217.97747802734,0,404327403520,8589930496,6114889728,114688
10,1791554545518,2500,2499,2500,2500,2500,2500,2500,2500,2499,2500,2499,2499,2500,2499,2499,2500,5,0,0,0,0,0,0,10,0,0,0,0,0,100,0,0,48424.94274902344,143218.40234375,0,404327403520,8589930496,6114889728,114688
9,1791554545528,2500,2499,2500,2500,2500,2500,2500,2500,2499,2500,2499,2499,2500,2499,2499,2500,5,0,0,0,0,0,0,10,0,0,0,0,0,100,0,0,48425.105529785156,143218.7943725586,0,404327403520,8589930496,6114889728,114688
10,1791554545538,2500,2499,2500,2500,2500,2500,2500,2500,2499,2500,2499,2499,2500,2499,2499,2500,5,0,0,0,0,0,0,10,0,0,0,0,0,100,0,0,48425.27410888672,143219.18463134766,0,404327403520,8589930496,6114889728,114688
10,1791554545548,2500,2499,2500,2500,2500,2500,2500,2500,2499,2500,2499,2499,2500,2499,2499,2500,5,0,0,0,0,0,0,10,0,0,0,0,0,100,0,0,48425.43701171875,143219.57580566406,0,404327403520,8589930496,6114889728,114688
10,1791554545558,2500,2499,2500,2500,2500,2500,2500,2500,2499,2500,2499,2499,2500,2499,2499,2500,5,0,0,0,0,0,0,10,0,0,0,0,0,100,0,0,48425.60534667969,143219.96514892578,0,404327403520,8589930496,6114889728,114688
10,1791554545568,2500,2499,2500,2500,2500,2500,2500,2500,2499,2500,2499,2499,2500,2499,2499,2500,5,0,0,0,0,0,0,10,0,0,0,0,0,100,0,0,48425.76971435547,143220.35375976563,0,404327403520,8589930496,6114889728,114688
10,1791554545578,2500,2499,2500,2500,2500,2500,2500,2500,2499,2500,2499,2499,2500,2499,2499,2500,5,0,0,0,0,0,0,10,0,0,0,0,0,100,0,0,48425.93231201172,143220.74182128906,0,404327403520,8589930496,6114889728,114688
10,1791554545588,2500,2499,2500,2500,2500,2500,2500,2500,2499,2500,2499,2499,2500,2499,2499,2500,5,0,0,0,0,0,0,10,0,0,0,0,0,100,0,0,48426.097717285156,143221.13256835938,0,404327403520,8589930496,6114889728,114688
10,1791554545598,2500,2499,2500,2500,2500,2500,2500,2500,2499,2500,2499,2499,2500,2499,2499,2500,5,0,0,0,0,0,0,10,0,0,0,0,0,100,0,0,48426.26239013672,143221.52313232422,0,404327403520,8589930496,6114889728,114688
10,1791554545609,2500,2499,2500,2500,2500,2500,2500,2500,2499,2500,2499,2499,2500,2499,2499,2500,5,0,0,0,0,0,0,10,0,0,0,0,0,100,0,0,48426.42297363281,143221.91229248047,0,404327403520,8589930496,6114889728,114688
10,1791554545619,2500,2499,2500,2500,2500,2500,2500,2500,2499,2500,2499,2499,2500,2499,2499,2500,5,0,0,0,0,0,0,10,0,0,0,0,0,100,0,0,48426.58837890625,143222.29974365234,0,404327403520,8589930496,6114889728,114688
10,1791554545629,2500,2499,2500,2500,2500,2500,2500,2500,2499,2500,2499,2499,2500,2499,2499,2500,5,0,0,0,0,0,0,10,0,0,0,0,0,100,0,0,48426.756286621094,143222.6908569336,0,404327403520,8589930496,6114889728,114688
9,1791554545639,2500,2499,2500,2500,2500,2500,2500,2500,2499,2500,2499,2499,2500,2499,2499,2500,5,0,0,0,0,0,0,10,0,0,0,0,0,100,0,0,48426.92120361328,143223.07940673828,0,404327403520,8589930496,6114889728,114688
10,1791554545649,2500,2499,2500,2500,2500,2500,2500,2500,2499,2500,2499,2499,2500,2499,2499,2500,5,0,0,0,0,0,0,10,0,0,0,0,0,100,0,0,48427.08544921875,143223.4702758789,0,404327403520,8589930496,6114889728,114688
10,1791554545659,2500,2499,2500,2500,2500,2500,2500,2500,2499,2500,2499,2499,2500,2499,2499,2500,5,0,0,0,0,0,0,10,0,0,0,0,0,100,0,0,48427.251708984375,143223.86004638672,0,404327403520,8589930496,6114889728,114688
10,1791554545669,2500,2499,2500,2500,2500,2500,2500,2500,2499,2500,2499,2499,2500,2499,2499,2500,5,0,0,0,0,0,0,10,0,0,0,0,0,100,0,0,48427.419982910156,143224.25329589844,0,404327403520,8589930496,6114889728,114688
10,1791554545679,2500,2499,2500,2500,2500,2500,2500,2500,2499,2500,2499,2499,2500,2499,2499,2500,5,0,0,0,0,0,0,10,0,0,0,0,0,100,0,0,48427.587463378906,143224.6431274414,0,404327403520,8589930496,6114889728,114688
10,1791554545689,2500,2499,2500,2500,2500,2500,2500,2500,2499,2500,2499,2499,2500,2499,2499,2500,5,0,0,0,0,0,0,10,0,0,0,0,0,100,0,0,48427.75567626953,143225.0357055664,0,404327403520,8589930496,6114889728,114688
9,1791554545699,2500,2499,2500,2500,2500,2500,2500,2500,2499,2500,2499,2499,2500,2499,2499,2500,5,0,0,0,0,0,0,10,0,0,0,0,0,100,0,0,48427.9248046875,143225.42755126953,0,404327403520,8589930496,6114889728,114688
10,1791554545709,2500,2499,2500,2500,2500,2500,2500,2500,2499,2500,2499,2499,2500,2499,2499,2500,5,0,0,0,0,0,0,10,0,0,0,0,0,100,0,0,48428.10968017578,143225.85815429688,0,404327403520,8589930496,6114889728,114688
10,1791554545719,2500,2499,2500,2500,2500,2500,2500,2500,2499,2500,2499,2499,2500,2499,2499,2500,5,0,0,0,0,0,0,5.263157844543457,0,0,0,0,0,100,0,0,48428.27502441406,143226.25158691406,0,404327403520,8589930496,6114889728,114688
10,1791554545729,2500,2499,2500,2500,2500,2500,2500,2500,2499,2500,2499,2499,2500,2499,2499,2500,5,0,0,0,0,0,0,5.263157844543457,0,0,0,0,0,100,0,0,48428.451171875,143226.63732910156,0,404327403520,8589930496,6114889728,114688
10,1791554545739,2500,2499,2500,2500,2500,2500,2500,2500,2499,2500,2499,2499,2500,2499,2499,2500,5,0,0,0,0,0,0,5.263157844543457,0,0,0,0,0,100,0,0,48428.617248535156,143227.02764892578,0,404327403520,8589930496,6114889728,114688
10,1791554545749,2500,2499,2500,2500,2500,2500,2500,2500,2499,2500,2499,2499,2500,2499,2499,2500,5,0,0,0,0,0,0,5.263157844543457,0,0,0,0,0,100,0,0,48428.785705566406,143227.41827392578,0,404327403520,8589930496,6114889728,114688
10,1791554545759,2500,2499,2500,2500,2500,2500,2500,2500,2499,2500,2499,2499,2500,2499,2499,2500,5,0,0,0,0,0,0,5.263157844543457,0,0,0,0,0,100,0,0,48428.94836425781,143227.8094482422,0,404327403520,8589930496,6114889728,114688
10,1791554545769,2500,2499,2500,2500,2500,2500,2500,2500,2499,2500,2499,2499,2500,2499,2499,2500,5,0,0,0,0,0,0,5.263157844543457,0,0,0,0,0,100,0,0,48429.11975097656,143228.20056152344,0,404327403520,8589930496,6114889728,114688
10,1791554545780,2500,2499,2500,2500,2500,2500,2500,2500,2499,2500,2499,2499,2500,2499,2499,2500,5,0,0,0,0,0,0,5.263157844543457,0,0,0,0,0,100,0,0,48429.28875732422,143228.59051513672,0,404327403520,8589930496,6114889728,114688
10,1791554545790,2500,2499,2500,2500,2500,2500,2500,2500,2499,2500,2499,2499,2500,2499,2499,2500,5,0,0,0,0,0,0,5.263157844543457,0,0,0,0,0,100,0,0,48429.45538330078,143228.9818725586,0,404327403520,8589930496,6114889728,114688
9,1791554545800,2500,2499,2500,2500,2500,2500,2500,2500,2499,2500,2499,2499,2500,2499,2499,2500,5,0,0,0,0,0,0,5.263157844543457,0,0,0,0,0,100,0,0,48429.62530517578,143229.37200927734,0,404327403520,8589930496,6114889728,114688
10,1791554545810,2500,2499,2500,2500,2500,2500,2500,2500,2499,2500,2499,2499,2500,2499,2499,2500,5,0,0,0,0,0,0,5.263157844543457,0,0,0,0,0,100,0,0,48429.78991699219,143229.76135253906,0,404327403520,8589930496,6114889728,114688
10,1791554545820,2500,2499,2500,2500,2500,2500,2500,2500,2499,2500,2499,2499,2500,2499,2499,2500,5,0,0,0,0,0,0,5.263157844543457,0,0,0,0,0,100,0,0,48429.95782470703,143230.14837646484,0,404327403520,8589930496,6114889728,114688
9,1791554545830,2500,2499,2500,2500,2500,2500,2500,2500,2499,2500,2499,2499,2500,2499,2499,2500,5,0,0,0,0,0,0,5.263157844543457,0,0,0,0,0,100,0,0,48430.128662109375,143230.53942871094,0,404327403520,8589930496,6114889728,114688
10,1791554545840,2500,2499,2500,2500,2500,2500,2500,2500,2499,2500,2499,2499,2500,2499,2499,2500,5,0,0,0,0,0,0,5.263157844543457,0,0,0,0,0,100,0,0,48430.29718017578,143230.9301147461,0,404327403520,8589930496,6114889728,114688
10,1791554545850,2500,2499,2500,2500,2500,2500,2500,2500,2499,2500,2499,2499,2500,2499,2499,2500,5,0,0,0,0,0,0,5.263157844543457,0,0,0,0,0,100,0,0,48430.46649169922,143231.32061767578,0,404327403520,8589930496,6114889728,114688
10,1791554545860,2500,2499,2500,2500,2500,2500,2500,2500,2499,2500,2499,2499,2500,2499,2499,2500,5,0,0,0,0,0,0,5.263157844543457,0,0,0,0,0,100,0,0,48430.63458251953,143231.7075805664,0,404327403520,8589930496,6114889728,114688
9,1791554545870,2500,2499,2500,2500,2500,2500,2500,2500,2499,2500,2499,2499,2500,2499,2499,2500,5,0,0,0,0,0,0,5.263157844543457,0,0,0,0,0,100,0,0,48430.802307128906,143232.0975341797,0,404327403520,8589930496,6114889728,114688
10,1791554545880,2500,2499,2500,2500,2500,2500,2500,2500,2499,2500,2499,2499,2500,2499,2499,2500,5,0,0,0,0,0,0,5.263157844543457,0,0,0,0,0,100,0,0,48430.97003173828,143232.49096679688,0,404327403520,8589930496,6114889728,114688
10,1791554545890,2500,2499,2500,2500,2500,2500,2500,2500,2499,2500,2499,2499,2500,2499,2499,2500,5,0,0,0,0,0,0,5.263157844543457,0,0,0,0,0,100,0,0,48431.13116455078,143232.88092041016,0,404327403520,8589930496,6114889728,114688
10,1791554545900,2500,2499,2500,2500,2500,2500,2500,2500,2499,2500,2499,2499,2500,2499,2499,2500,5,0,0,0,0,0,0,5.263157844543457,0,0,0,0,0,100,0,0,48431.297424316406,143233.26666259766,0,404327403520,8589930496,6114889728,114688
10,1791554545910,2500,2499,2500,2500,2500,2500,2500,2500,2499,2500,2499,2499,2500,2499,2499,2500,5,0,0,0,0,0,0,5.263157844543457,0,0,0,0,0,100,0,0,48431.464599609375,143233.66278076172,0,404327403520,8589930496,6114889728,114688
10,1791554545920,2500,2499,2500,2500,2500,2500,2500,2500,2499,2500,2499,2499,2500,2499,2499,2500,0,0,0,0,0,0,0,15.000000953674316,0,0,0,0,0,100,0,0,48431.64422607422,143234.08489990234,0,404327403520,8589930496,6114889728,114688
10,1791554545930,2500,2499,2500,2500,2500,2500,2500,2500,2499,2500,2499,2499,2500,2499,2499,2500,0,0,0,0,0,0,0,15.000000953674316,0,0,0,0,0,100,0,0,48431.792541503906,143234.4349975586,0,404327403520,8589930496,6114889728,114688
10,1791554545940,2500,2499,2500,2500,2500,2500,2500,2500,2499,2500,2499,2499,2500,2499,2499,2500,0,0,0,0,0,0,0,15.000000953674316,0,0,0,0,0,100,0,0,48431.980224609375,143234.85717773438,0,404327403520,8589930496,6114889728,114688
10,1791554545951,2500,2499,2500,2500,2500,2500,2500,2500,2499,2500,2499,2499,2500,2499,2499,2500,0,0,0,0,0,0,0,15.000000953674316,0,0,0,0,0,100,0,0,48432.147216796875,143235.24981689453,0,404327403520,8589930496,6114889728,114688
10,1791554545961,2500,2499,2500,2500,2500,2500,2500,2500,2499,2500,2499,2499,2500,2499,2499,2500,0,0,0,0,0,0,0,15.000000953674316,0,0,0,0,0,100,0,0,48432.3115234375,143235.63665771484,0,404327403520,8589930496,6114889728,114688
10,1791554545971,2500,2499,2500,2500,2500,2500,2500,2500,2499,2500,2499,2499,2500,2499,2499,2500,0,0,0,0,0,0,0,15.000000953674316,0,0,0,0,0,100,0,0,48432.48028564453,143236.0238647461,0,404327403520,8589930496,6114889728,114688
9,1791554545981,2500,2499,2500,2500,2500,2500,2500,2500,2499,2500,2499,2499,2500,2499,2499,2500,0,0,0,0,0,0,0,15.000000953674316,0,0,0,0,0,100,0,0,48432.64697265625,143236.4169921875,0,404327403520,8589930496,6114889728,114688
10,1791554545991,2500,2499,2500,2500,2500,2500,2500,2500,2499,2500,2499,2499,2500,2499,2499,2500,0,0,0,0,0,0,0,15.000000953674316,0,0,0,0,0,100,0,0,48432.816833496094,143236.80529785156,0,404327403520,8589930496,6114889728,114688
10,1791554546001,2500,2499,2500,2500,2500,2500,2500,2500,2499,2500,2499,2499,2500,2499,2499,2500,0,0,0,0,0,0,0,15.000000953674316,0,0,0,0,0,100,0,0,48432.980529785156,143237.19177246094,0,404327403520,8589930496,6114889728,114688
9,1791554546011,2500,2499,2500,2500,2500,2500,2500,2500,2499,2500,2499,2499,2500,2499,2499,2500,0,0,0,0,0,0,0,15.000000953674316,0,0,0,0,0,100,0,0,48433.143981933594,143237.58557128906,0,404327403520,8589930496,6114889728,114688
10,1791554546021,2500,2499,2500,2500,2500,2500,2500,2500,2499,2500,2499,2499,2500,2499,2499,2500,0,0,0,0,0,0,0,15.000000953674316,0,0,0,0,0,100,0,0,48433.30895996094,143237.9732055664,0,404327403520,8589930496,6114889728,114688
10,1791554546031,2500,2499,2500,2500,2500,2500,2500,2500,2499,2500,2499,2499,2500,2499,2499,2500,0,0,0,0,0,0,0,15.000000953674316,0,0,0,0,0,100,0,0,48433.477966308594,143238.36694335938,0,404327403520,8589930496,6114889728,114688
9,1791554546041,2500,2499,2500,2500,2500,2500,2500,2500,2499,2500,2499,2499,2500,2499,2499,2500,0,0,0,0,0,0,0,15.000000953674316,0,0,0,0,0,100,0,0,48433.64660644531,143238.75677490234,0,404327403520,8589930496,6114889728,114688
9,1791554546051,2500,2499,2500,2500,2500,2500,2500,2500,2499,2500,2499,2499,2500,2499,2499,2500,0,0,0,0,0,0,0,15.000000953674316,0,0,0,0,0,100,0,0,48433.815368652344,143239.14038085938,0,404327403520,8589930496,6114889728,114688
10,1791554546061,2500,2499,2500,2500,2500,2500,2500,2500,2499,2500,2499,2499,2500,2499,2499,2500,0,0,0,0,0,0,0,15.000000953674316,0,0,0,0,0,100,0,0,48433.97998046875,143239.5302734375,0,404327403520,8589930496,6114889728,114688
10,1791554546071,2500,2499,2500,2500,2500,2500,2500,2500,2499,2500,2499,2499,2500,2499,2499,2500,0,0,0,0,0,0,0,15.000000953674316,0,0,0,0,0,100,0,0,48434.147705078125,143239.91870117188,0,404327403520,8589930496,6114889728,114688
10,1791554546081,2500,2499,2500,2500,2500,2500,2500,2500,2499,2500,2499,2499,2500,2499,2499,2500,0,0,0,0,0,0,0,15.000000953674316,0,0,0,0,0,100,0,0,48434.31463623047,143240.31176757813,0,404327403520,8589930496,6114889728,114688
10,1791554546091,2500,2499,2500,2500,2500,2500,2500,2500,2499,2500,2499,2499,2500,2499,2499,2500,0,0,0,0,0,0,0,15.000000953674316,0,0,0,0,0,100,0,0,48434.48223876953,143240.70184326172,0,404327403520,8589930496,6114373632,114688
10,1791554546101,2500,2499,2500,2500,2500,2500,2500,2500,2499,2500,2499,2499,2500,2499,2499,2500,0,0,0,0,0,0,0,15.000000953674316,0,0,0,0,0,100,0,0,48434.645446777344,143241.09301757813,0,404327403520,8589930496,6114373632,114688
10,1791554546111,2500,2499,2500,2500,2500,2500,2500,2500,2499,2500,2499,2499,2500,2499,2499,2500,0,0,0,0,0,0,0,15.000000953674316,0,0,0,0,0,100,0,0,48434.81005859375,143241.48455810547,0,404327403520,8589930496,6114373632,114688
10,1791554546122,2500,2499,2500,2500,2500,2500,2500,2500,2499,2500,2499,2499,2500,2499,2499,2500,0,0,0,0,0,0,0,5.263157844543457,0,0,0,0,0,100,0,0,48434.99444580078,143241.91333007813,0,404327403520,8589930496,6114373632,114688
10,1791554546132,2500,2499,2500,2500,2500,2500,2500,2500,2499,2500,2499,2499,2500,2499,2499,2500,0,0,0,0,0,0,0,5.263157844543457,0,0,0,0,0,100,0,0,48435.160095214844,143242.3046875,0,404327403520,8589930496,6114373632,114688
10,1791554546142,2500,2499,2500,2500,2500,2500,2500,2500,2499,2500,2499,2499,2500,2499,2499,2500,0,0,0,0,0,0,0,5.263157844543457,0,0,0,0,0,100,0,0,48435.325256347656,143242.6968383789,0,404327403520,8589930496,6114373632,114688
9,1791554546152,2500,2499,2500,2500,2500,2500,2500,2500,2499,2500,2499,2499,2500,2499,2499,2500,0,0,0,0,0,0,0,5.263157844543457,0,0,0,0,0,100,0,0,48435.492614746094,143243.08880615234,0,404327403520,8589930496,6094000128,114688
10,1791554546162,2500,2499,2500,2500,2500,2500,2500,2500,2499,2500,2499,2499,2500,2499,2499,2500,0,0,0,0,0,0,0,5.263157844543457,0,0,0,0,0,100,0,0,48435.65832519531,143243.47912597656,0,404327403520,8589930496,6088458240,114688
10,1791554546172,2500,2499,2500,2500,2500,2500,2500,2500,2499,2500,2499,2499,2500,2499,2499,2500,0,0,0,0,0,0,0,5.263157844543457,0,0,0,0,0,100,0,0,48435.819274902344,143243.8741455078,0,404327403520,8589930496,6088458240,114688
10,1791554546182,2500,2499,2500,2500,2500,2500,2500,2500,2499,2500,2499,2499,2500,2499,2499,2500,0,0,0,0,0,0,0,5.263157844543457,0,0,0,0,0,100,0,0,48435.98553466797,143244.2677001953,0,404327403520,8589930496,6088458240,114688
9,1791554546192,2500,2499,2500,2500,2500,2500,2500,2500,2499,2500,2499,2499,2500,2499,2499,2500,0,0,0,0,0,0,0,5.263157844543457,0,0,0,0,0,100,0,0,48436.15197753906,143244.6583251953,0,404327403520,8589930496,6088458240,114688
10,1791554546202,2500,2499,2500,2500,2500,2500,2500,2500,2499,2500,2499,2499,2500,2499,2499,2500,0,0,0,0,0,0,0,5.263157844543457,0,0,0,0,0,100,0,0,48436.322509765625,143245.04956054688,0,404327403520,8589930496,6088458240,114688
10,1791554546212,2500,2499,2500,2500,2500,2500,2500,2500,2499,2500,2499,2499,2500,2499,2499,2500,0,0,0,0,0,0,0,5.263157844543457,0,0,0,0,0,100,0,0,48436.48693847656,143245.44274902344,0,404327403520,8589930496,6088458240,114688
9,1791554546222,2500,2499,2500,2500,2500,2500,2500,2500,2499,2500,2499,2499,2500,2499,2499,2500,0,0,0,0,0,0,0,5.263157844543457,0,0,0,0,0,100,0,0,48436.64709472656,143245.82940673828,0,404327403520,8589930496,6088458240,114688
10,1791554546232,2500,2499,2500,2500,2500,2500,2500,2500,2499,2500,2499,2499,2500,2499,2499,2500,0,0,0,0,0,0,0,5.263157844543457,0,0,0,0,0,100,0,0,48436.80145263672,143246.20446777344,0,404327403520,8589930496,6088458240,114688
10,1791554546242,2500,2499,2500,2500,2500,2500,2500,2500,2499,2500,2499,2499,2500,2499,2499,2500,0,0,0,0,0,0,0,5.263157844543457,0,0,0,0,0,100,0,0,48436.953674316406,143246.5799560547,0,404327403520,8589930496,6083006464,114688
10,1791554546252,2500,2499,2500,2500,2500,2500,2500,2500,2499,2500,2499,2499,2500,2499,2499,2500,0,0,0,0,0,0,0,5.263157844543457,0,0,0,0,0,100,0,0,48437.10382080078,143246.95721435547,0,404327403520,8589930496,6083006464,114688
10,1791554546262,2500,2499,2500,2500,2500,2500,2500,2500,2499,2500,2499,2499,2500,2499,2499,2500,0,0,0,0,0,0,0,5.263157844543457,0,0,0,0,0,100,0,0,48437.29406738281,143247.34991455078,0,404327403520,8589930496,6083006464,114688
10,1791554546272,2500,2499,2500,2500,2500,2500,2500,2500,2499,2500,2499,2499,2500,2499,2499,2500,0,0,0,0,0,0,0,5.263157844543457,0,0,0,0,0,100,0,0,48437.45245361328,143247.7266845703,0,404327403520,8589930496,6083006464,114688
10,1791554546282,2500,2499,2500,2500,2500,2500,2500,2500,2499,2500,2499,2499,2500,2499,2499,2500,0,0,0,0,0,0,0,5.263157844543457,0,0,0,0,0,100,0,0,48437.60900878906,143248.10455322266,0,404327403520,8589930496,6083006464,114688
10,1791554546292,2500,2499,2500,2500,2500,2500,2500,2500,2499,2500,2499,2499,2500,2499,2499,2500,0,0,0,0,0,0,0,5.263157844543457,0,0,0,0,0,100,0,0,48437.764709472656,143248.4805908203,0,404327403520,8589930496,6083006464,114688
10,1791554546303,2500,2499,2500,2500,2500,2500,2500,2500,2499,2500,2499,2499,2500,2499,2499,2500,0,0,0,0,0,0,0,5.263157844543457,0,0,0,0,0,100,0,0,48437.92071533203,143248.85803222656,0,404327403520,8589930496,6083006464,114688
10,1791554546313,2500,2499,2500,2500,2500,2500,2500,2500,2499,2500,2499,2499,2500,2499,2499,2500,0,0,0,0,0,0,0,5.263157844543457,0,0,0,0,0,100,0,0,48438.072326660156,143249.23510742188,0,404327403520,8589930496,6083006464,114688
10,1791554546323,2500,2499,2500,2500,2500,2500,2500,2500,2499,2500,2499,2499,2500,2499,2499,2500,0,0,0,0,0,0,0,10,0,0,0,0,0,100,0,0,48438.228576660156,143249.61499023438,0,404327403520,8589930496,6083006464,114688
10,1791554546333,2500,2499,2500,2500,2500,2500,2500,2500,2499,2500,2499,2499,2500,2499,2499,2500,0,0,0,0,0,0,0,10,0,0,0,0,0,100,0,0,48438.38586425781,143249.99340820313,0,404327403520,8589930496,6083006464,114688
10,1791554546343,2500,2499,2500,2500,2500,2500,2500,2500,2499,2500,2499,2499,2500,2499,2499,2500,0,0,0,0,0,0,0,10,0,0,0,0,0,100,0,0,48438.557678222656,143250.4058227539,0,404327403520,8589930496,6083006464,114688
10,1791554546353,2500,2499,2500,2500,2500,2500,2500,2500,2499,2500,2499,2499,2500,2499,2499,2500,0,0,0,0,0,0,0,10,0,0,0,0,0,100,0,0,48438.72644042969,143250.78875732422,0,404327403520,8589930496,6083006464,114688
10,1791554546363,2500,2499,2500,2500,2500,2500,2500,2500,2499,2500,2499,2499,2500,2499,2499,2500,0,0,0,0,0,0,0,10,0,0,0,0,0,100,0,0,48438.90490722656,143251.17553710938,0,404327403520,8589930496,6083006464,114688
9,1791554546373,2500,2499,2500,2500,2500,2500,2500,2500,2499,2500,2499,2499,2500,2499,2499,2500,0,0,0,0,0,0,0,10,0,0,0,0,0,100,0,0,48439.063537597656,143251.55212402344,0,404327403520,8589930496,6083006464,114688
10,1791554546383,2500,2499,2500,2500,2500,2500,2500,2500,2499,2500,2499,2499,2500,2499,2499,2500,0,0,0,0,0,0,0,10,0,0,0,0,0,100,0,0,48439.21905517578,143251.93060302734,0,404327403520,8589930496,6083006464,114688
10,1791554546393,2500,2499,2500,2500,2500,2500,2500,2500,2499,2500,2499,2499,2500,2499,2499,2500,0,0,0,0,0,0,0,10,0,0,0,0,0,100,0,0,48439.37274169922,143252.30700683594,0,404327403520,8589930496,6083006464,114688
10,1791554546403,2500,2499,2500,2500,2500,2500,2500,2500,2499,2500,2499,2499,2500,2499,2499,2500,0,0,0,0,0,0,0,10,0,0,0,0,0,100,0,0,48439.528747558594,143252.68328857422,0,404327403520,8589930496,6083006464,114688
10,1791554546413,2500,2499,2500,2500,2500,2500,2500,2500,2499,2500,2499,2499,2500,2499,2499,2500,0,0,0,0,0,0,0,10,0,0,0,0,0,100,0,0,48439.6845703125,143253.05938720703,0,404327403520,8589930496,6083006464,114688
10,1791554546423,2500,2499,2500,2500,2500,2500,2500,2500,2499,2500,2499,2499,2500,2499,2499,2500,0,0,0,0,0,0,0,10,0,0,0,0,0,100,0,0,48439.84307861328,143253.43621826172,0,404327403520,8589930496,6083006464,114688
10,1791554546433,2500,2499,2500,2500,2500,2500,2500,2500,2499,2500,2499,2499,2500,2499,2499,2500,0,0,0,0,0,0,0,10,0,0,0,0,0,100,0,0,48440.00048828125,143253.81481933594,0,404327403520,8589930496,6083006464,114688
9,1791554546443,2500,2499,2500,2500,2500,2500,2500,2500,2499,2500,2499,2499,2500,2499,2499,2500,0,0,0,0,0,0,0,10,0,0,0,0,0,100,0,0,48440.16046142578,143254.1912841797,0,404327403520,8589930496,6083006464,114688
10,1791554546453,2500,2499,2500,2500,2500,2500,2500,2500,2499,2500,2499,2499,2500,2499,2499,2500,0,0,0,0,0,0,0,10,0,0,0,0,0,100,0,0,48440.31280517578,143254.56854248047,0,404327403520,8589930496,6083006464,114688
10,1791554546463,2500,2499,2500,2500,2500,2500,2500,2500,2499,2500,2499,2499,2500,2499,2499,2500,0,0,0,0,0,0,0,10,0,0,0,0,0,100,0,0,48440.46160888672,143254.94512939453,0,404327403520,8589930496,6083006464,114688
10,1791554546474,2500,2499,2500,2500,2500,2500,2500,2500,2499,2500,2499,2499,2500,2499,2499,2500,0,0,0,0,0,0,0,10,0,0,0,0,0,100,0,0,48440.61083984375,143255.31964111328,0,404327403520,8589930496,6083006464,114688
10,1791554546484,2500,2499,2500,2500,2500,2500,2500,2500,2499,2500,2499,2499,2500,2499,2499,2500,0,0,0,0,0,0,0,10,0,0,0,0,0,100,0,0,48440.767578125,143255.69610595703,0,404327403520,8589930496,6083006464,114688
10,1791554546494,2500,2499,2500,2500,2500,2500,2500,2500,2499,2500,2499,2499,2500,2499,2499,2500,0,0,0,0,0,0,0,10,0,0,0,0,0,100,0,0,48440.919677734375,143256.0703125,0,404327403520,8589930496,6083006464,114688
10,1791554546504,2500,2499,2500,2500,2500,2500,2500,2500,2499,2500,2499,2499,2500,2499,2499,2500,0,0,0,0,0,0,0,10,0,0,0,0,0,100,0,0,48441.07257080078,143256.44799804688,0,404327403520,8589930496,6083006464,114688
10,1791554546514,2500,2499,2500,2500,2500,2500,2500,2500,2499,2500,2499,2499,2500,2499,2499,2500,0,0,0,0,0,0,0,10,0,0,0,0,0,100,0,0,48441.225830078125,143256.82305908203,0,404327403520,8589930496,6083006464,114688
10,1791554546524,2500,2499,2500,2500,2500,2500,2500,2500,2499,2500,2499,2499,2500,2499,2499,2500,45,0,0,0,0,0,0,5.555555820465088,0,0,0,0,0,55,0,0,48441.38000488281,143257.1983642578,0,404327403520,8589930496,6083006464,114688
10,1791554546534,2500,2499,2500,2500,2500,2500,2500,2500,2499,2500,2499,2499,2500,2499,2499,2500,45,0,0,0,0,0,0,5.555555820465088,0,0,0,0,0,55,0,0,48441.54919433594,143257.6104736328,0,404327403520,8589930496,6083006464,114688
10,1791554546544,2500,2499,2500,2500,2500,2500,2500,2500,2499,2500,2499,2499,2500,2499,2499,2500,45,0,0,0,0,0,0,5.555555820465088,0,0,0,0,0,55,0,0,48441.70281982422,143257.98999023438,0,404327403520,8589930496,6083006464,114688
10,1791554546554,2500,2499,2500,2500,2500,2500,2500,2500,2499,2500,2499,2499,2500,2499,2499,2500,45,0,0,0,0,0,0,5.555555820465088,0,0,0,0,0,55,0,0,48441.85662841797,143258.36529541016,0,404327403520,8589930496,6083006464,114688
9,1791554546564,2500,2499,2500,2500,2500,2500,2500,2500,2499,2500,2499,2499,2500,2499,2499,2500,45,0,0,0,0,0,0,5.555555820465088,0,0,0,0,0,55,0,0,48442.00988769531,143258.7417602539,0,404327403520,8589930496,6083006464,114688
10,1791554546574,2500,2499,2500,2500,2500,2500,2500,2500,2499,2500,2499,2499,2500,2499,2499,2500,45,0,0,0,0,0,0,5.555555820465088,0,0,0,0,0,55,0,0,48442.164611816406,143259.1190185547,0,404327403520,8589930496,6083006464,114688
10,1791554546584,2500,2499,2500,2500,2500,2500,2500,2500,2499,2500,2499,2499,2500,2499,2499,2500,45,0,0,0,0,0,0,5.555555820465088,0,0,0,0,0,55,0,0,48442.31652832031,143259.49255371094,0,404327403520,8589930496,6083006464,114688
9,1791554546594,2500,2499,2500,2500,2500,2500,2500,2500,2499,2500,2499,2499,2500,2499,2499,2500,45,0,0,0,0,0,0,5.555555820465088,0,0,0,0,0,55,0,0,48442.46466064453,143259.86944580078,0,404327403520,8589930496,6083006464,114688
10,1791554546604,2500,2499,2500,2500,2500,2500,2500,2500,2499,2500,2499,2499,2500,2499,2499,2500,45,0,0,0,0,0,0,5.555555820465088,0,0,0,0,0,55,0,0,48442.61846923828,143260.24700927734,0,404327403520,8589930496,6083006464,114688
10,1791554546614,2500,2499,2500,2500,2500,2500,2500,2500,2499,2500,2499,2499,2500,2499,2499,2500,45,0,0,0,0,0,0,5.555555820465088,0,0,0,0,0,55,0,0,48442.77557373047,143260.62536621094,0,404327403520,8589930496,6083006464,114688
10,1791554546624,2500,2499,2500,2500,2500,2500,2500,2500,2499,2500,2499,2499,2500,2499,2499,2500,45,0,0,0,0,0,0,5.555555820465088,0,0,0,0,0,55,0,0,48442.93212890625,143261.00164794922,0,404327403520,8589930496,6083006464,114688
10,1791554546634,2500,2499,2500,2500,2500,2500,2500,2500,2499,2500,2499,2499,2500,2499,2499,2500,45,0,0,0,0,0,0,5.555555820465088,0,0,0,0,0,55,0,0,48443.09051513672,143261.37860107422,0,404327403520,8589930496,6083006464,114688
10,1791554546645,2500,2499,2500,2500,2500,2500,2500,2500,2499,2500,2499,2499,2500,2499,2499,2500,45,0,0,0,0,0,0,5.555555820465088,0,0,0,0,0,55,0,0,48443.24365234375,143261.75341796875,0,404327403520,8589930496,6083006464,114688
10,1791554546655,2500,2499,2500,2500,2500,2500,2500,2500,2499,2500,2499,2499,2500,2499,2499,2500,45,0,0,0,0,0,0,5.555555820465088,0,0,0,0,0,55,0,0,48443.40002441406,143262.1304321289,0,404327403520,8589930496,6083006464,114688
10,1791554546665,2500,2499,2500,2500,2500,2500,2500,2500,2499,2500,2499,2499,2500,2499,2499,2500,45,0,0,0,0,0,0,5.555555820465088,0,0,0,0,0,55,0,0,48443.55310058594,143262.5082397461,0,404327403520,8589930496,6083006464,114688
10,1791554546675,2500,2499,2500,2500,2500,2500,2500,2500,2499,2500,2499,2499,2500,2499,2499,2500,45,0,0,0,0,0,0,5.555555820465088,0,0,0,0,0,55,0,0,48443.711853027344,143262.8853149414,0,404327403520,8589930496,6083006464,114688
10,1791554546685,2500,2499,2500,2500,2500,2500,2500,2500,2499,2500,2499,2499,2500,2499,2499,2500,45,0,0,0,0,0,0,5.555555820465088,0,0,0,0,0,55,0,0,48443.865661621094,143263.26135253906,0,404327403520,8589930496,6083006464,114688
10,1791554546695,2500,2499,2500,2500,2500,2500,2500,2500,2499,2500,2499,2499,2500,2499,2499,2500,45,0,0,0,0,0,0,5.555555820465088,0,0,0,0,0,55,0,0,48444.021911621094,143263.63793945313,0,404327403520,8589930496,6083006464,114688
10,1791554546705,2500,2499,2500,2500,2500,2500,2500,2500,2499,2500,2499,2499,2500,2499,2499,2500,45,0,0,0,0,0,0,5.555555820465088,0,0,0,0,0,55,0,0,48444.175720214844,143264.01531982422,0,404327403520,8589930496,6083006464,114688
10,1791554546715,2500,2499,2500,2500,2500,2500,2500,2500,2499,2500,2499,2499,2500,2499,2499,2500,45,0,0,0,0,0,0,5.555555820465088,0,0,0,0,0,55,0,0,48444.329528808594,143264.39080810547,0,404327403520,8589930496,6083006464,114688
10,1791554546725,2500,2499,2500,2500,2500,2500,2500,2500,2499,2500,2499,2499,2500,2499,2499,2500,100,0,0,0,0,0,5,5.263157844543457,4.761904716491699,0,0,0,0,0,0,0,48444.49621582031,143264.80487060547,0,404327403520,8589930496,6083006464,114688
10,1791554546735,2500,2499,2500,2500,2500,2500,2500,2500,2499,2500,2499,2499,2500,2499,2499,2500,100,0,0,0,0,0,5,5.263157844543457,4.761904716491699,0,0,0,0,0,0,0,48444.65155029297,143265.1807861328,0,404327403520,8589930496,6083006464,114688
9,1791554546745,2500,2499,2500,2500,2500,2500,2500,2500,2499,2500,2499,2499,2500,2499,2499,2500,100,0,0,0,0,0,5,5.263157844543457,4.761904716491699,0,0,0,0,0,0,0,48444.80480957031,143265.55694580078,0,404327403520,8589930496,6083006464,114688
10,1791554546755,2500,2499,2500,2500,2500,2500,2500,2500,2499,2500,2499,2499,2500,2499,2499,2500,100,0,0,0,0,0,5,5.263157844543457,4.761904716491699,0,0,0,0,0,0,0,48444.9677734375,143265.93560791016,0,404327403520,8589930496,6083006464,114688
10,1791554546765,2500,2499,2500,2500,2500,2500,2500,2500,2499,2500,2499,2499,2500,2499,2499,2500,100,0,0,0,0,0,5,5.263157844543457,4.761904716491699,0,0,0,0,0,0,0,48445.120178222656,143266.31079101563,0,404327403520,8589930496,6083006464,114688
9,1791554546775,2500,2499,2500,2500,2500,2500,2500,2500,2499,2500,2499,2499,2500,2499,2499,2500,100,0,0,0,0,0,5,5.263157844543457,4.761904716491699,0,0,0,0,0,0,0,48445.275817871094,143266.68688964844,0,404327403520,8589930496,6083006464,114688
10,1791554546785,2500,2499,2500,2500,2500,2500,2500,2500,2499,2500,2499,2499,2500,2499,2499,2500,100,0,0,0,0,0,5,5.263157844543457,4.761904716491699,0,0,0,0,0,0,0,48445.43231201172,143267.06506347656,0,404327403520,8589930496,6083006464,114688
10,1791554546795,2500,2499,2500,2500,2500,2500,2500,2500,2499,2500,2499,2499,2500,2499,2499,2500,100,0,0,0,0,0,5,5.263157844543457,4.761904716491699,0,0,0,0,0,0,0,48445.585998535156,143267.43951416016,0,404327403520,8589930496,6083006464,114688
10,1791554546805,2500,2499,2500,2500,2500,2500,2500,2500,2499,2500,2499,2499,2500,2499,2499,2500,100,0,0,0,0,0,5,5.263157844543457,4.761904716491699,0,0,0,0,0,0,0,48445.7412109375,143267.81872558594,0,404327403520,8589930496,6083006464,114688
10,1791554546815,2500,2499,2500,2500,2500,2500,2500,2500,2499,2500,2499,2499,2500,2499,2499,2500,100,0,0,0,0,0,5,5.263157844543457,4.761904716491699,0,0,0,0,0,0,0,48445.893798828125,143268.19665527344,0,404327403520,8589930496,6083006464,114688
10,1791554546826,2500,2499,2500,2500,2500,2500,2500,2500,2499,2500,2499,2499,2500,2499,2499,2500,100,0,0,0,0,0,5,5.263157844543457,4.761904716491699,0,0,0,0,0,0,0,48446.05163574219,143268.5721435547,0,404327403520,8589930496,6083006464,114688
10,1791554546836,2500,2499,2500,2500,2500,2500,2500,2500,2499,2500,2499,2499,2500,2499,2499,2500,100,0,0,0,0,0,5,5.263157844543457,4.761904716491699,0,0,0,0,0,0,0,48446.20764160156,143268.94818115234,0,404327403520,8589930496,6083006464,114688
10,1791554546846,2500,2499,2500,2500,2500,2500,2500,2500,2499,2500,2499,2499,2500,2499,2499,2500,100,0,0,0,0,0,5,5.263157844543457,4.761904716491699,0,0,0,0,0,0,0,48446.361267089844,143269.3262939453,0,404327403520,8589930496,6083006464,114688
10,1791554546856,2500,2499,2500,2500,2500,2500,2500,2500,2499,2500,2499,2499,2500,2499,2499,2500,100,0,0,0,0,0,5,5.263157844543457,4.761904716491699,0,0,0,0,0,0,0,48446.517517089844,143269.7030029297,0,404327403520,8589930496,6083006464,114688
10,1791554546866,2500,2499,2500,2500,2500,2500,2500,2500,2499,2500,2499,2499,2500,2499,2499,2500,100,0,0,0,0,0,5,5.263157844543457,4.761904716491699,0,0,0,0,0,0,0,48446.66925048828,143270.08013916016,0,404327403520,8589930496,6083006464,114688
10,1791554546876,2500,2499,2500,2500,2500,2500,2500,2500,2499,2500,2499,2499,2500,2499,2499,2500,100,0,0,0,0,0,5,5.263157844543457,4.761904716491699,0,0,0,0,0,0,0,48446.822692871094,143270.4574584961,0,404327403520,8589930496,6083006464,114688
10,1791554546886,2500,2499,2500,2500,2500,2500,2500,2500,2499,2500,2499,2499,2500,2499,2499,2500,100,0,0,0,0,0,5,5.263157844543457,4.761904716491699,0,0,0,0,0,0,0,48446.98107910156,143270.83380126953,0,404327403520,8589930496,6083006464,114688
10,1791554546896,2500,2499,2500,2500,2500,2500,2500,2500,2499,2500,2499,2499,2500,2499,2499,2500,100,0,0,0,0,0,5,5.263157844543457,4.761904716491699,0,0,0,0,0,0,0,48447.132080078125,143271.20916748047,0,404327403520,8589930496,6083006464,114688
9,1791554546906,2500,2499,2500,2500,2500,2500,2500,2500,2499,2500,2499,2499,2500,2499,2499,2500,100,0,0,0,0,0,5,5.263157844543457,4.761904716491699,0,0,0,0,0,0,0,48447.28552246094,143271.58502197266,0,404327403520,8589930496,6083006464,114688
10,1791554546916,2500,2499,2500,2500,2500,2500,2500,2500,2499,2500,2499,2499,2500,2499,2499,2500,100,0,0,0,0,0,5,5.263157844543457,4.761904716491699,0,0,0,0,0,0,0,48447.439208984375,143271.96612548828,0,404327403520,8589930496,6083006464,114688
9,1791554546926,2500,2499,2500,2500,2500,2500,2500,2500,2499,2500,2499,2499,2500,2499,2499,2500,100,0,0,0,0,0,0,0,0,0,0,0,0,0,0,0,48447.593322753906,143272.34765625,0,404327403520,8589930496,6083006464,114688
10,1791554546936,2500,2499,2500,2500,2500,2500,2500,2500,2499,2500,2499,2499,2500,2499,2499,2500,100,0,0,0,0,0,0,0,0,0,0,0,0,0,0,0,48447.74786376953,143272.72137451172,0,404327403520,8589930496,6083006464,114688
10,1791554546946,2500,2499,2500,2500,2500,2500,2500,2500,2499,2500,2499,2499,2500,2499,2499,2500,100,0,0,0,0,0,0,0,0,0,0,0,0,0,0,0,48447.900939941406,143273.09985351563,0,404327403520,8589930496,6083006464,114688
9,1791554546956,2500,2499,2500,2500,2500,2500,2500,2500,2499,2500,2499,2499,2500,2499,2499,2500,100,0,0,0,0,0,0,0,0,0,0,0,0,0,0,0,48448.05731201172,143273.4774169922,0,404327403520,8589930496,6083006464,114688
10,1791554546966,2500,2499,2500,2500,2500,2500,2500,2500,2499,2500,2499,2499,2500,2499,2499,2500,100,0,0,0,0,0,0,0,0,0,0,0,0,0,0,0,48448.21075439453,143273.84930419922,0,404327403520,8589930496,6083006464,114688
10,1791554546976,2500,2499,2500,2500,2500,2500,2500,2500,2499,2500,2499,2499,2500,2499,2499,2500,100,0,0,0,0,0,0,0,0,0,0,0,0,0,0,0,48448.36364746094,143274.2299194336,0,404327403520,8589930496,6083006464,114688
10,1791554546986,2500,2499,2500,2500,2500,2500,2500,2500,2499,2500,2499,2499,2500,2499,2499,2500,100,0,0,0,0,0,0,0,0,0,0,0,0,0,0,0,48448.51672363281,143274.6063232422,0,404327403520,8589930496,6083006464,114688
10,1791554546996,2500,2499,2500,2500,2500,2500,2500,2500,2499,2500,2499,2499,2500,2499,2499,2500,100,0,0,0,0,0,0,0,0,0,0,0,0,0,0,0,48448.685546875,143275.01818847656,0,404327403520,8589930496,6083006464,114688
10,1791554547007,2500,2499,2500,2500,2500,2500,2500,2500,2499,2500,2499,2499,2500,2499,2499,2500,100,0,0,0,0,0,0,0,0,0,0,0,0,0,0,0,48448.837890625,143275.400390625,0,404327403520,8589930496,6083006464,114688
10,1791554547017,2500,2499,2500,2500,2500,2500,2500,2500,2499,2500,2499,2499,2500,2499,2499,2500,100,0,0,0,0,0,0,0,0,0,0,0,0,0,0,0,48448.986755371094,143275.77380371094,0,404327403520,8589930496,6083006464,114688
10,1791554547027,2500,2499,2500,2500,2500,2500,2500,2500,2499,2500,2499,2499,2500,2499,2499,2500,100,0,0,0,0,0,0,0,0,0,0,0,0,0,0,0,48449.13928222656,143276.14764404297,0,404327403520,8589930496,6083006464,114688
10,1791554547037,2500,2499,2500,2500,2500,2500,2500,2500,2499,2500,2499,2499,2500,2499,2499,2500,100,0,0,0,0,0,0,0,0,0,0,0,0,0,0,0,48449.28924560547,143276.5245361328,0,404327403520,8589930496,6083006464,114688
10,1791554547047,2500,2499,2500,2500,2500,2500,2500,2500,2499,2500,2499,2499,2500,2499,2499,2500,100,0,0,0,0,0,0,0,0,0,0,0,0,0,0,0,48449.44030761719,143276.9012451172,0,404327403520,8589930496,6083006464,114688
10,1791554547057,2500,2499,2500,2500,2500,2500,2500,2500,2499,2500,2499,2499,2500,2499,2499,2500,100,0,0,0,0,0,0,0,0,0,0,0,0,0,0,0,48449.59509277344,143277.27764892578,0,404327403520,8589930496,6083006464,114688
10,1791554547067,2500,2499,2500,2500,2500,2500,2500,2500,2499,2500,2499,2499,2500,2499,2499,2500,100,0,0,0,0,0,0,0,0,0,0,0,0,0,0,0,48449.75524902344,143277.65264892578,0,404327403520,8589930496,6083006464,114688
10,1791554547077,2500,2499,2500,2500,2500,2500,2500,2500,2499,2500,2499,2499,2500,2499,2499,2500,100,0,0,0,0,0,0,0,0,0,0,0,0,0,0,0,48449.91418457031,143278.03259277344,0,404327403520,8589930496,6083006464,114688
10,1791554547087,2500,2499,2500,2500,2500,2500,2500,2500,2499,2500,2499,2499,2500,2499,2499,2500,100,0,0,0,0,0,0,0,0,0,0,0,0,0,0,0,48450.06707763672,143278.4086303711,0,404327403520,8589930496,6083006464,114688
10,1791554547097,2500,2499,2500,2500,2500,2500,2500,2500,2499,2500,2499,2499,2500,2499,2499,2500,100,0,0,0,0,0,0,0,0,0,0,0,0,0,0,0,48450.22430419922,143278.78552246094,0,404327403520,8589930496,6083006464,114688
9,1791554547107,2500,2499,2500,2500,2500,2500,2500,2500,2499,2500,2499,2499,2500,2499,2499,2500,100,0,0,0,0,0,0,0,0,0,0,0,0,0,0,0,48450.375732421875,143279.162109375,0,404327403520,8589930496,6083006464,114688
10,1791554547117,2500,2499,2500,2500,2500,2500,2500,2500,2499,2500,2499,2499,2500,2499,2499,2500,100,0,0,0,0,0,0,0,0,0,0,0,0,0,0,0,48450.526428222656,143279.53973388672,0,404327403520,8589930496,6073741312,114688
10,1791554547127,2500,2499,2500,2500,2500,2500,2500,2500,2499,2500,2499,2499,2500,2499,2499,2500,100,0,0,0,5,5,0,5.263157844543457,0,0,0,0,0,0,0,0,48450.686279296875,143279.91430664063,0,404327403520,8589930496,6073741312,114688
9,1791554547137,2500,2499,2500,2500,2500,2500,2500,2500,2499,2500,2499,2499,2500,2499,2499,2500,100,0,0,0,5,5,0,5.263157844543457,0,0,0,0,0,0,0,0,48450.843017578125,143280.29205322266,0,404327403520,8589930496,6073741312,114688
10,1791554547147,2500,2499,2500,2500,2500,2500,2500,2500,2499,2500,2499,2499,2500,2499,2499,2500,100,0,0,0,5,5,0,5.263157844543457,0,0,0,0,0,0,0,0,48450.99884033203,143280.66845703125,0,404327403520,8589930496,6073741312,114688
10,1791554547157,2500,2499,2500,2500,2500,2500,2500,2500,2499,2500,2499,2499,2500,2499,2499,2500,100,0,0,0,5,5,0,5.263157844543457,0,0,0,0,0,0,0,0,48451.15319824219,143281.04431152344,0,404327403520,8589930496,6073741312,114688
10,1791554547167,2500,2499,2500,2500,2500,2500,2500,2500,2499,2500,2499,2499,2500,2499,2499,2500,100,0,0,0,5,5,0,5.263157844543457,0,0,0,0,0,0,0,0,48451.309997558594,143281.42059326172,0,404327403520,8589930496,6073741312,114688
10,1791554547177,2500,2499,2500,2500,2500,2500,2500,2500,2499,2500,2499,2499,2500,2499,2499,2500,100,0,0,0,5,5,0,5.263157844543457,0,0,0,0,0,0,0,0,48451.46325683594,143281.79754638672,0,404327403520,8589930496,6065225728,114688
10,1791554547188,2500,2499,2500,2500,2500,2500,2500,2500,2499,2500,2499,2499,2500,2499,2499,2500,100,0,0,0,5,5,0,5.263157844543457,0,0,0,0,0,0,0,0,48451.612854003906,143282.1739501953,0,404327403520,8589930496,6065225728,114688
10,1791554547198,2500,2499,2500,2500,2500,2500,2500,2500,2499,2500,2499,2499,2500,2499,2499,2500,100,0,0,0,5,5,0,5.263157844543457,0,0,0,0,0,0,0,0,48451.765380859375,143282.54864501953,0,404327403520,8589930496,6065225728,114688
10,1791554547208,2500,2499,2500,2500,2500,2500,2500,2500,2499,2500,2499,2499,2500,2499,2499,2500,100,0,0,0,5,5,0,5.263157844543457,0,0,0,0,0,0,0,0,48451.92907714844,143282.9642944336,0,404327403520,8589930496,6065225728,114688
10,1791554547218,2500,2499,2500,2500,2500,2500,2500,2500,2499,2500,2499,2499,2500,2499,2499,2500,100,0,0,0,5,5,0,5.263157844543457,0,0,0,0,0,0,0,0,48452.08270263672,143283.34118652344,0,404327403520,8589930496,6065225728,114688
10,1791554547228,2500,2499,2500,2500,2500,2500,2500,2500,2499,2500,2499,2499,2500,2499,2499,2500,100,0,0,0,5,5,0,5.263157844543457,0,0,0,0,0,0,0,0,48452.239990234375,143283.7172241211,0,404327403520,8589930496,6065225728,114688
10,1791554547238,2500,2499,2500,2500,2500,2500,2500,2500,2499,2500,2499,2499,2500,2499,2499,2500,100,0,0,0,5,5,0,5.263157844543457,0,0,0,0,0,0,0,0,48452.389221191406,143284.09393310547,0,404327403520,8589930496,6065225728,114688
10,1791554547248,2500,2499,2500,2500,2500,2500,2500,2500,2499,2500,2499,2499,2500,2499,2499,2500,100,0,0,0,5,5,0,5.263157844543457,0,0,0,0,0,0,0,0,48452.54248046875,143284.46795654297,0,404327403520,8589930496,6065225728,114688
10,1791554547258,2500,2499,2500,2500,2500,2500,2500,2500,2499,2500,2499,2499,2500,2499,2499,2500,100,0,0,0,5,5,0,5.263157844543457,0,0,0,0,0,0,0,0,48452.69763183594,143284.84545898438,0,404327403520,8589930496,6065225728,114688
10,1791554547268,2500,2499,2500,2500,2500,2500,2500,2500,2499,2500,2499,2499,2500,2499,2499,2500,100,0,0,0,5,5,0,5.263157844543457,0,0,0,0,0,0,0,0,48452.85418701172,143285.22149658203,0,404327403520,8589930496,6065225728,114688
10,1791554547278,2500,2499,2500,2500,2500,2500,2500,2500,2499,2500,2499,2499,2500,2499,2499,2500,100,0,0,0,5,5,0,5.263157844543457,0,0,0,0,0,0,0,0,48453.00653076172,143285.5972290039,0,404327403520,8589930496,6065225728,114688
9,1791554547288,2500,2499,2500,2500,2500,2500,2500,2500,2499,2500,2499,2499,2500,2499,2499,2500,100,0,0,0,5,5,0,5.263157844543457,0,0,0,0,0,0,0,0,48453.159423828125,143285.97357177734,0,404327403520,8589930496,6065225728,114688
10,1791554547298,2500,2499,2500,2500,2500,2500,2500,2500,2499,2500,2499,2499,2500,2499,2499,2500,100,0,0,0,5,5,0,5.263157844543457,0,0,0,0,0,0,0,0,48453.317321777344,143286.3472290039,0,404327403520,8589930496,6065225728,114688
9,1791554547308,2500,2499,2500,2500,2500,2500,2500,2500,2499,2500,2499,2499,2500,2499,2499,2500,100,0,0,0,5,5,0,5.263157844543457,0,0,0,0,0,0,0,0,48453.47772216797,143286.72491455078,0,404327403520,8589930496,6065225728,114688
10,1791554547318,2500,2499,2500,2500,2500,2500,2500,2500,2499,2500,2499,2499,2500,2499,2499,2500,100,0,0,0,5,5,0,5.263157844543457,0,0,0,0,0,0,0,0,48453.63214111328,143287.1000366211,0,404327403520,8589930496,6065225728,114688
10,1791554547328,2500,2499,2500,2500,2500,2500,2500,2500,2499,2500,2499,2499,2500,2499,2499,2500,100,0,0,5,0,0,0,0,0,0,0,0,0,0,0,0,48453.783935546875,143287.47497558594,0,404327403520,8589930496,6065225728,114688
10,1791554547338,2500,2499,2500,2500,2500,2500,2500,2500,2499,2500,2499,2499,2500,2499,2499,2500,100,0,0,5,0,0,0,0,0,0,0,0,0,0,0,0,48453.937744140625,143287.8529663086,0,404327403520,8589930496,6065225728,114688
10,1791554547348,2500,2499,2500,2500,2500,2500,2500,2500,2499,2500,2499,2499,2500,2499,2499,2500,100,0,0,5,0,0,0,0,0,0,0,0,0,0,0,0,48454.09814453125,143288.2299194336,0,404327403520,8589930496,6065225728,114688
10,1791554547358,2500,2499,2500,2500,2500,2500,2500,2500,2499,2500,2499,2499,2500,2499,2499,2500,100,0,0,5,0,0,0,0,0,0,0,0,0,0,0,0,48454.251953125,143288.60412597656,0,404327403520,8589930496,6065225728,114688
10,1791554547369,2500,2499,2500,2500,2500,2500,2500,2500,2499,2500,2499,2499,2500,2499,2499,2500,100,0,0,5,0,0,0,0,0,0,0,0,0,0,0,0,48454.41015625,143288.98083496094,0,404327403520,8589930496,6065225728,114688
10,1791554547379,2500,2499,2500,2500,2500,2500,2500,2500,2499,2500,2499,2499,2500,2499,2499,2500,100,0,0,5,0,0,0,0,0,0,0,0,0,0,0,0,48454.56726074219,143289.35723876953,0,404327403520,8589930496,6065225728,114688
10,1791554547389,2500,2499,2500,2500,2500,2500,2500,2500,2499,2500,2499,2499,2500,2499,2499,2500,100,0,0,5,0,0,0,0,0,0,0,0,0,0,0,0,48454.72637939453,143289.73303222656,0,404327403520,8589930496,6065225728,114688
10,1791554547399,2500,2499,2500,2500,2500,2500,2500,2500,2499,2500,2499,2499,2500,2499,2499,2500,100,0,0,5,0,0,0,0,0,0,0,0,0,0,0,0,48454.902282714844,143290.1474609375,0,404327403520,8589930496,6065225728,114688
10,1791554547409,2500,2499,2500,2500,2500,2500,2500,2500,2499,2500,2499,2499,2500,2499,2499,2500,100,0,0,5,0,0,0,0,0,0,0,0,0,0,0,0,48455.045471191406,143290.48895263672,0,404327403520,8589930496,6065225728,114688
10,1791554547419,2500,2499,2500,2500,2500,2500,2500,2500,2499,2500,2499,2499,2500,2499,2499,2500,100,0,0,5,0,0,0,0,0,0,0,0,0,0,0,0,48455.22009277344,143290.89978027344,0,404327403520,8589930496,6065225728,114688
10,1791554547429,2500,2499,2500,2500,2500,2500,2500,2500,2499,2500,2499,2499,2500,2499,2499,2500,100,0,0,5,0,0,0,0,0,0,0,0,0,0,0,0,48455.373779296875,143291.27899169922,0,404327403520,8589930496,6065225728,114688
10,1791554547439,2500,2499,2500,2500,2500,2500,2500,2500,2499,2500,2499,2499,2500,2499,2499,2500,100,0,0,5,0,0,0,0,0,0,0,0,0,0,0,0,48455.52722167969,143291.65673828125,0,404327403520,8589930496,6065225728,114688
10,1791554547449,2500,2499,2500,2500,2500,2500,2500,2500,2499,2500,2499,2499,2500,2499,2499,2500,100,0,0,5,0,0,0,0,0,0,0,0,0,0,0,0,48455.678283691406,143292.0327758789,0,404327403520,8589930496,6065225728,114688
10,1791554547459,2500,2499,2500,2500,2500,2500,2500,2500,2499,2500,2499,2499,2500,2499,2499,2500,100,0,0,5,0,0,0,0,0,0,0,0,0,0,0,0,48455.826599121094,143292.4073486328,0,404327403520,8589930496,6065225728,114688
9,1791554547469,2500,2499,2500,2500,2500,2500,2500,2500,2499,2500,2499,2499,2500,2499,2499,2500,100,0,0,5,0,0,0,0,0,0,0,0,0,0,0,0,48455.98114013672,143292.78485107422,0,404327403520,8589930496,6065225728,114688
10,1791554547479,2500,2499,2500,2500,2500,2500,2500,2500,2499,2500,2499,2499,2500,2499,2499,2500,100,0,0,5,0,0,0,0,0,0,0,0,0,0,0,0,48456.12707519531,143293.16137695313,0,404327403520,8589930496,6065225728,114688
10,1791554547489,2500,2499,2500,2500,2500,2500,2500,2500,2499,2500,2499,2499,2500,2499,2499,2500,100,0,0,5,0,0,0,0,0,0,0,0,0,0,0,0,48456.27978515625,143293.53942871094,0,404327403520,8589930496,6065225728,114688
10,1791554547499,2500,2499,2500,2500,2500,2500,2500,2500,2499,2500,2499,2499,2500,2499,2499,2500,100,0,0,5,0,0,0,0,0,0,0,0,0,0,0,0,48456.43426513672,143293.91357421875,0,404327403520,8589930496,6065225728,114688
10,1791554547509,2500,2499,2500,2500,2500,2500,2500,2500,2499,2500,2499,2499,2500,2499,2499,2500,100,0,0,5,0,0,0,0,0,0,0,0,0,0,0,0,48456.589904785156,143294.28973388672,0,404327403520,8589930496,6065225728,114688
10,1791554547519,2500,2499,2500,2500,2500,2500,2500,2500,2499,2500,2499,2499,2500,2499,2499,2500,100,0,0,5,0,0,0,0,0,0,0,0,0,0,0,0,48456.74609375,143294.6664428711,0,404327403520,8589930496,6065225728,114688
10,1791554547529,2500,2499,2500,2500,2500,2500,2500,2500,2499,2500,2499,2499,2500,2499,2499,2500,40,0,0,0,0,0,0,10.526315689086914,0,0,0,0,0,61.904762268066406,0,0,48456.897521972656,143295.04522705078,0,404327403520,8589930496,6065225728,114688
10,1791554547539,2500,2499,2500,2500,2500,2500,2500,2500,2499,2500,2499,2499,2500,2499,2499,2500,40,0,0,0,0,0,0,10.526315689086914,0,0,0,0,0,61.904762268066406,0,0,48457.052978515625,143295.42156982422,0,404327403520,8589930496,6065225728,114688
10,1791554547550,2500,2499,2500,2500,2500,2500,2500,2500,2499,2500,2499,2499,2500,2499,2499,2500,40,0,0,0,0,0,0,10.526315689086914,0,0,0,0,0,61.904762268066406,0,0,48457.20294189453,143295.79803466797,0,404327403520,8589930496,6065225728,114688
10,1791554547560,2500,2499,2500,2500,2500,2500,2500,2500,2499,2500,2499,2499,2500,2499,2499,2500,40,0,0,0,0,0,0,10.526315689086914,0,0,0,0,0,61.904762268066406,0,0,48457.356384277344,143296.17401123047,0,404327403520,8589930496,6065225728,114688
10,1791554547570,2500,2499,2500,2500,2500,2500,2500,2500,2499,2500,2499,2499,2500,2499,2499,2500,40,0,0,0,0,0,0,10.526315689086914,0,0,0,0,0,61.904762268066406,0,0,48457.51239013672,143296.55053710938,0,404327403520,8589930496,6065225728,114688
10,1791554547580,2500,2499,2500,2500,2500,2500,2500,2500,2499,2500,2499,2499,2500,2499,2499,2500,40,0,0,0,0,0,0,10.526315689086914,0,0,0,0,0,61.904762268066406,0,0,48457.66619873047,143296.9271850586,0,404327403520,8589930496,6065225728,114688
10,1791554547590,2500,2499,2500,2500,2500,2500,2500,2500,2499,2500,2499,2499,2500,2499,2499,2500,40,0,0,0,0,0,0,10.526315689086914,0,0,0,0,0,61.904762268066406,0,0,48457.823303222656,143297.3055419922,0,404327403520,8589930496,6065225728,114688
10,1791554547600,2500,2499,2500,2500,2500,2500,2500,2500,2499,2500,2499,2499,2500,2499,2499,2500,40,0,0,0,0,0,0,10.526315689086914,0,0,0,0,0,61.904762268066406,0,0,48457.975341796875,143297.68041992188,0,404327403520,8589930496,6065225728,114688
10,1791554547610,2500,2499,2500,2500,2500,2500,2500,2500,2499,2500,2499,2499,2500,2499,2499,2500,40,0,0,0,0,0,0,10.526315689086914,0,0,0,0,0,61.904762268066406,0,0,48458.1298828125,143298.0596923828,0,404327403520,8589930496,6065225728,114688
10,1791554547620,2500,2499,2500,2500,2500,2500,2500,2500,2499,2500,2499,2499,2500,2499,2499,2500,40,0,0,0,0,0,0,10.526315689086914,0,0,0,0,0,61.904762268066406,0,0,48458.302001953125,143298.47204589844,0,404327403520,8589930496,6065225728,114688
10,1791554547630,2500,2499,2500,2500,2500,2500,2500,2500,2499,2500,2499,2499,2500,2499,2499,2500,40,0,0,0,0,0,0,10.526315689086914,0,0,0,0,0,61.904762268066406,0,0,48458.461486816406,143298.85028076172,0,404327403520,8589930496,6065225728,114688
10,1791554547640,2500,2499,2500,2500,2500,2500,2500,2500,2499,2500,2499,2499,2500,2499,2499,2500,40,0,0,0,0,0,0,10.526315689086914,0,0,0,0,0,61.904762268066406,0,0,48458.61492919922,143299.22552490234,0,404327403520,8589930496,6065225728,114688
9,1791554547650,2500,2499,2500,2500,2500,2500,2500,2500,2499,2500,2499,2499,2500,2499,2499,2500,40,0,0,0,0,0,0,10.526315689086914,0,0,0,0,0,61.904762268066406,0,0,48458.77276611328,143299.60412597656,0,404327403520,8589930496,6065225728,114688
10,1791554547660,2500,2499,2500,2500,2500,2500,2500,2500,2499,2500,2499,2499,2500,2499,2499,2500,40,0,0,0,0,0,0,10.526315689086914,0,0,0,0,0,61.904762268066406,0,0,48458.927307128906,143299.98095703125,0,404327403520,8589930496,6065225728,114688
10,1791554547670,2500,2499,2500,2500,2500,2500,2500,2500,2499,2500,2499,2499,2500,2499,2499,2500,40,0,0,0,0,0,0,10.526315689086914,0,0,0,0,0,61.904762268066406,0,0,48459.081481933594,143300.35888671875,0,404327403520,8589930496,6065225728,114688
10,1791554547680,2500,2499,2500,2500,2500,2500,2500,2500,2499,2500,2499,2499,2500,2499,2499,2500,40,0,0,0,0,0,0,10.526315689086914,0,0,0,0,0,61.904762268066406,0,0,48459.23474121094,143300.7338256836,0,404327403520,8589930496,6065225728,114688
10,1791554547690,2500,2499,2500,2500,2500,2500,2500,2500,2499,2500,2499,2499,2500,2499,2499,2500,40,0,0,0,0,0,0,10.526315689086914,0,0,0,0,0,61.904762268066406,0,0,48459.38671875,143301.11029052734,0,404327403520,8589930496,6065225728,114688
10,1791554547700,2500,2499,2500,2500,2500,2500,2500,2500,2499,2500,2499,2499,2500,2499,2499,2500,40,0,0,0,0,0,0,10.526315689086914,0,0,0,0,0,61.904762268066406,0,0,48459.53759765625,143301.48858642578,0,404327403520,8589930496,6065225728,114688
10,1791554547710,2500,2499,2500,2500,2500,2500,2500,2500,2499,2500,2499,2499,2500,2499,2499,2500,40,0,0,0,0,0,0,10.526315689086914,0,0,0,0,0,61.904762268066406,0,0,48459.68670654297,143301.8660888672,0,404327403520,8589930496,6065225728,114688
10,1791554547720,2500,2499,2500,2500,2500,2500,2500,2500,2499,2500,2499,2499,2500,2499,2499,2500,40,0,0,0,0,0,0,10.526315689086914,0,0,0,0,0,61.904762268066406,0,0,48459.84326171875,143302.24060058594,0,404327403520,8589930496,6065225728,114688
10,1791554547731,2500,2499,2500,2500,2500,2500,2500,2500,2499,2500,2499,2499,2500,2499,2499,2500,0,0,0,0,0,0,0,10,0,0,0,0,0,100,0,0,48459.99688720703,143302.61798095703,0,404327403520,8589930496,6065225728,114688
10,1791554547741,2500,2499,2500,2500,2500,2500,2500,2500,2499,2500,2499,2499,2500,2499,2499,2500,0,0,0,0,0,0,0,10,0,0,0,0,0,100,0,0,48460.15295410156,143302.99487304688,0,404327403520,8589930496,6065225728,114688
10,1791554547751,2500,2499,2500,2500,2500,2500,2500,2500,2499,2500,2499,2499,2500,2499,2499,2500,0,0,0,0,0,0,0,10,0,0,0,0,0,100,0,0,48460.30529785156,143303.3724975586,0,404327403520,8589930496,6065225728,114688
10,1791554547761,2500,2499,2500,2500,2500,2500,2500,2500,2499,2500,2499,2499,2500,2499,2499,2500,0,0,0,0,0,0,0,10,0,0,0,0,0,100,0,0,48460.456481933594,143303.75061035156,0,404327403520,8589930496,6065225728,114688
10,1791554547771,2500,2499,2500,2500,2500,2500,2500,2500,2499,2500,2499,2499,2500,2499,2499,2500,0,0,0,0,0,0,0,10,0,0,0,0,0,100,0,0,48460.607971191406,143304.12677001953,0,404327403520,8589930496,6065225728,114688
10,1791554547781,2500,2499,2500,2500,2500,2500,2500,2500,2499,2500,2499,2499,2500,2499,2499,2500,0,0,0,0,0,0,0,10,0,0,0,0,0,100,0,0,48460.763427734375,143304.50158691406,0,404327403520,8589930496,6065225728,114688
10,1791554547791,2500,2499,2500,2500,2500,2500,2500,2500,2499,2500,2499,2499,2500,2499,2499,2500,0,0,0,0,0,0,0,10,0,0,0,0,0,100,0,0,48460.918395996094,143304.88049316406,0,404327403520,8589930496,6065225728,114688
10,1791554547801,2500,2499,2500,2500,2500,2500,2500,2500,2499,2500,2499,2499,2500,2499,2499,2500,0,0,0,0,0,0,0,10,0,0,0,0,0,100,0,0,48461.071838378906,143305.25689697266,0,404327403520,8589930496,6065225728,114688
10,1791554547811,2500,2499,2500,2500,2500,2500,2500,2500,2499,2500,2499,2499,2500,2499,2499,2500,0,0,0,0,0,0,0,10,0,0,0,0,0,100,0,0,48461.2294921875,143305.63232421875,0,404327403520,8589930496,6065225728,114688
10,1791554547821,2500,2499,2500,2500,2500,2500,2500,2500,2499,2500,2499,2499,2500,2499,2499,2500,0,0,0,0,0,0,0,10,0,0,0,0,0,100,0,0,48461.39813232422,143306.04620361328,0,404327403520,8589930496,6065225728,114688
9,1791554547831,2500,2499,2500,2500,2500,2500,2500,2500,2499,2500,2499,2499,2500,2499,2499,2500,0,0,0,0,0,0,0,10,0,0,0,0,0,100,0,0,48461.55139160156,143306.42364501953,0,404327403520,8589930496,6065225728,114688
10,1791554547841,2500,2499,2500,2500,2500,2500,2500,2500,2499,2500,2499,2499,2500,2499,2499,2500,0,0,0,0,0,0,0,10,0,0,0,0,0,100,0,0,48461.702087402344,143306.7987060547,0,404327403520,8589930496,6065225728,114688
10,1791554547851,2500,2499,2500,2500,2500,2500,2500,2500,2499,2500,2499,2499,2500,2499,2499,2500,0,0,0,0,0,0,0,10,0,0,0,0,0,100,0,0,48461.854431152344,143307.17553710938,0,404327403520,8589930496,6065225728,114688
10,1791554547861,2500,2499,2500,2500,2500,2500,2500,2500,2499,2500,2499,2499,2500,2499,2499,2500,0,0,0,0,0,0,0,10,0,0,0,0,0,100,0,0,48462.01025390625,143307.55114746094,0,404327403520,8589930496,6065225728,114688
10,1791554547871,2500,2499,2500,2500,2500,2500,2500,2500,2499,2500,2499,2499,2500,2499,2499,2500,0,0,0,0,0,0,0,10,0,0,0,0,0,100,0,0,48462.164489746094,143307.92712402344,0,404327403520,8589930496,6065225728,114688
10,1791554547881,2500,2499,2500,2500,2500,2500,2500,2500,2499,2500,2499,2499,2500,2499,2499,2500,0,0,0,0,0,0,0,10,0,0,0,0,0,100,0,0,48462.3115234375,143308.3051147461,0,404327403520,8589930496,6065225728,114688
10,1791554547891,2500,2499,2500,2500,2500,2500,2500,2500,2499,2500,2499,2499,2500,2499,2499,2500,0,0,0,0,0,0,0,10,0,0,0,0,0,100,0,0,48462.46844482422,143308.68060302734,0,404327403520,8589930496,6065225728,114688
10,1791554547902,2500,2499,2500,2500,2500,2500,2500,2500,2499,2500,2499,2499,2500,2499,2499,2500,0,0,0,0,0,0,0,10,0,0,0,0,0,100,0,0,48462.61975097656,143309.05627441406,0,404327403520,8589930496,6065225728,114688
9,1791554547912,2500,2499,2500,2500,2500,2500,2500,2500,2499,2500,2499,2499,2500,2499,2499,2500,0,0,0,0,0,0,0,10,0,0,0,0,0,100,0,0,48462.77062988281,143309.43450927734,0,404327403520,8589930496,6065225728,114688
10,1791554547922,2500,2499,2500,2500,2500,2500,2500,2500,2499,2500,2499,2499,2500,2499,2499,2500,0,0,0,0,0,0,0,10,0,0,0,0,0,100,0,0,48462.91876220703,143309.81060791016,0,404327403520,8589930496,6065225728,114688
10,1791554547932,2500,2499,2500,2500,2500,2500,2500,2500,2499,2500,2499,2499,2500,2499,2499,2500,0,0,0,0,0,0,0,5.263157844543457,5,0,0,0,0,100,0,0,48463.07385253906,143310.18646240234,0,404327403520,8589930496,6065225728,114688
10,1791554547942,2500,2499,2500,2500,2500,2500,2500,2500,2499,2500,2499,2499,2500,2499,2499,2500,0,0,0,0,0,0,0,5.263157844543457,5,0,0,0,0,100,0,0,48463.22784423828,143310.56323242188,0,404327403520,8589930496,6065225728,114688
10,1791554547952,2500,2499,2500,2500,2500,2500,2500,2500,2499,2500,2499,2499,2500,2499,2499,2500,0,0,0,0,0,0,0,5.263157844543457,5,0,0,0,0,100,0,0,48463.38397216797,143310.94024658203,0,404327403520,8589930496,6065225728,114688
10,1791554547962,2500,2499,2500,2500,2500,2500,2500,2500,2499,2500,2499,2499,2500,2499,2499,2500,0,0,0,0,0,0,0,5.263157844543457,5,0,0,0,0,100,0,0,48463.536682128906,143311.31469726563,0,404327403520,8589930496,6065225728,114688
10,1791554547972,2500,2499,2500,2500,2500,2500,2500,2500,2499,2500,2499,2499,2500,2499,2499,2500,0,0,0,0,0,0,0,5.263157844543457,5,0,0,0,0,100,0,0,48463.690673828125,143311.6908569336,0,404327403520,8589930496,6065225728,114688
10,1791554547982,2500,2499,2500,2500,2500,2500,2500,2500,2499,2500,2499,2499,2500,2499,2499,2500,0,0,0,0,0,0,0,5.263157844543457,5,0,0,0,0,100,0,0,48463.843200683594,143312.06713867188,0,404327403520,8589930496,6065225728,114688
10,1791554547992,2500,2499,2500,2500,2500,2500,2500,2500,2499,2500,2499,2499,2500,2499,2499,2500,0,0,0,0,0,0,0,5.263157844543457,5,0,0,0,0,100,0,0,48463.991149902344,143312.44494628906,0,404327403520,8589930496,6065225728,114688
10,1791554548002,2500,2499,2500,2500,2500,2500,2500,2500,2499,2500,2499,2499,2500,2499,2499,2500,0,0,0,0,0,0,0,5.263157844543457,5,0,0,0,0,100,0,0,48464.140563964844,143312.81884765625,0,404327403520,8589930496,6065225728,114688
10,1791554548012,2500,2499,2500,2500,2500,2500,2500,2500,2499,2500,2499,2499,2500,2499,2499,2500,0,0,0,0,0,0,0,5.263157844543457,5,0,0,0,0,100,0,0,48464.31085205078,143313.23321533203,0,404327403520,8589930496,6065225728,114688
10,1791554548022,2500,2499,2500,2500,2500,2500,2500,2500,2499,2500,2499,2499,2500,2499,2499,2500,0,0,0,0,0,0,0,5.263157844543457,5,0,0,0,0,100,0,0,48464.462829589844,143313.60968017578,0,404327403520,8589930496,6065225728,114688
10,1791554548032,2500,2499,2500,2500,2500,2500,2500,2500,2499,2500,2499,2499,2500,2499,2499,2500,0,0,0,0,0,0,0,5.263157844543457,5,0,0,0,0,100,0,0,48464.6142578125,143313.9862060547,0,404327403520,8589930496,6065225728,114688
10,1791554548042,2500,2499,2500,2500,2500,2500,2500,2500,2499,2500,2499,2499,2500,2499,2499,2500,0,0,0,0,0,0,0,5.263157844543457,5,0,0,0,0,100,0,0,48464.768798828125,143314.36401367188,0,404327403520,8589930496,6065225728,114688
10,1791554548052,2500,2499,2500,2500,2500,2500,2500,2500,2499,2500,2499,2499,2500,2499,2499,2500,0,0,0,0,0,0,0,5.263157844543457,5,0,0,0,0,100,0,0,48464.91857910156,143314.73919677734,0,404327403520,8589930496,6065225728,114688
10,1791554548062,2500,2499,2500,2500,2500,2500,2500,2500,2499,2500,2499,2499,2500,2499,2499,2500,0,0,0,0,0,0,0,5.263157844543457,5,0,0,0,0,100,0,0,48465.07849121094,143315.11645507813,0,404327403520,8589930496,6065225728,114688
10,1791554548073,2500,2499,2500,2500,2500,2500,2500,2500,2499,2500,2499,2499,2500,2499,2499,2500,0,0,0,0,0,0,0,5.263157844543457,5,0,0,0,0,100,0,0,48465.229553222656,143315.4916381836,0,404327403520,8589930496,6065225728,114688
10,1791554548083,2500,2499,2500,2500,2500,2500,2500,2500,2499,2500,2499,2499,2500,2499,2499,2500,0,0,0,0,0,0,0,5.263157844543457,5,0,0,0,0,100,0,0,48465.3828125,143315.8673095703,0,404327403520,8589930496,6065225728,114688
10,1791554548093,2500,2499,2500,2500,2500,2500,2500,2500,2499,2500,2499,2499,2500,2499,2499,2500,0,0,0,0,0,0,0,5.263157844543457,5,0,0,0,0,100,0,0,48465.53369140625,143316.24920654297,0,404327403520,8589930496,6065225728,114688
10,1791554548103,2500,2499,2500,2500,2500,2500,2500,2500,2499,2500,2499,2499,2500,2499,2499,2500,0,0,0,0,0,0,0,5.263157844543457,5,0,0,0,0,100,0,0,48465.68713378906,143316.6201171875,0,404327403520,8589930496,6065225728,114688
10,1791554548113,2500,2499,2500,2500,2500,2500,2500,2500,2499,2500,2499,2499,2500,2499,2499,2500,0,0,0,0,0,0,0,5.263157844543457,5,0,0,0,0,100,0,0,48465.83947753906,143316.99615478516,0,404327403520,8589930496,6065225728,114688
10,1791554548123,2500,2499,2500,2500,2500,2500,2500,2500,2499,2500,2499,2499,2500,2499,2499,2500,0,0,0,0,0,0,0,5.263157844543457,5,0,0,0,0,100,0,0,48465.99255371094,143317.37310791016,0,404327403520,8589930496,6065225728,114688
10,1791554548133,2500,2499,2500,2500,2500,2500,2500,2500,2499,2500,2499,2499,2500,2499,2499,2500,0,0,0,0,0,0,0,10.526315689086914,0,0,0,0,0,100,0,0,48466.14892578125,143317.75073242188,0,404327403520,8589930496,6065225728,114688
10,1791554548143,2500,2499,2500,2500,2500,2500,2500,2500,2499,2500,2499,2499,2500,2499,2499,2500,0,0,0,0,0,0,0,10.526315689086914,0,0,0,0,0,100,0,0,48466.30065917969,143318.1368408203,0,404327403520,8589930496,6048432128,114688
10,1791554548153,2500,2499,2500,2500,2500,2500,2500,2500,2499,2500,2499,2499,2500,2499,2499,2500,0,0,0,0,0,0,0,10.526315689086914,0,0,0,0,0,100,0,0,48466.45245361328,143318.51025390625,0,404327403520,8589930496,6048432128,114688
10,1791554548163,2500,2499,2500,2500,2500,2500,2500,2500,2499,2500,2499,2499,2500,2499,2499,2500,0,0,0,0,0,0,0,10.526315689086914,0,0,0,0,0,100,0,0,48466.60778808594,143318.88897705078,0,404327403520,8589930496,6048432128,114688
9,1791554548173,2500,2499,2500,2500,2500,2500,2500,2500,2499,2500,2499,2499,2500,2499,2499,2500,0,0,0,0,0,0,0,10.526315689086914,0,0,0,0,0,100,0,0,48466.758239746094,143319.265625,0,404327403520,8589930496,6048432128,114688
10,1791554548183,2500,2499,2500,2500,2500,2500,2500,2500,2499,2500,2499,2499,2500,2499,2499,2500,0,0,0,0,0,0,0,10.526315689086914,0,0,0,0,0,100,0,0,48466.9111328125,143319.64373779297,0,404327403520,8589930496,6048432128,114688
10,1791554548193,2500,2499,2500,2500,2500,2500,2500,2500,2499,2500,2499,2499,2500,2499,2499,2500,0,0,0,0,0,0,0,10.526315689086914,0,0,0,0,0,100,0,0,48467.06457519531,143320.0210571289,0,404327403520,8589930496,6048432128,114688
10,1791554548203,2500,2499,2500,2500,2500,2500,2500,2500,2499,2500,2499,2499,2500,2499,2499,2500,0,0,0,0,0,0,0,10.526315689086914,0,0,0,0,0,100,0,0,48467.21563720703,143320.39514160156,0,404327403520,8589930496,6048432128,114688
10,1791554548213,2500,2499,2500,2500,2500,2500,2500,2500,2499,2500,2499,2499,2500,2499,2499,2500,0,0,0,0,0,0,0,10.526315689086914,0,0,0,0,0,100,0,0,48467.37176513672,143320.76593017578,0,404327403520,8589930496,6048432128,114688
10,1791554548223,2500,2499,2500,2500,2500,2500,2500,2500,2499,2500,2499,2499,2500,2499,2499,2500,0,0,0,0,0,0,0,10.526315689086914,0,0,0,0,0,100,0,0,48467.52996826172,143321.14294433594,0,404327403520,8589930496,6048432128,114688
10,1791554548233,2500,2499,2500,2500,2500,2500,2500,2500,2499,2500,2499,2499,2500,2499,2499,2500,0,0,0,0,0,0,0,10.526315689086914,0,0,0,0,0,100,0,0,48467.68389892578,143321.5206298828,0,404327403520,8589930496,6048432128,114688
10,1791554548243,2500,2499,2500,2500,2500,2500,2500,2500,2499,2500,2499,2499,2500,2499,2499,2500,0,0,0,0,0,0,0,10.526315689086914,0,0,0,0,0,100,0,0,48467.8349609375,143321.89477539063,0,404327403520,8589930496,6048432128,114688
10,1791554548254,2500,2499,2500,2500,2500,2500,2500,2500,2499,2500,2499,2499,2500,2499,2499,2500,0,0,0,0,0,0,0,10.526315689086914,0,0,0,0,0,100,0,0,48467.984924316406,143322.26953125,0,404327403520,8589930496,6048432128,114688
10,1791554548264,2500,2499,2500,2500,2500,2500,2500,2500,2499,2500,2499,2499,2500,2499,2499,2500,0,0,0,0,0,0,0,10.526315689086914,0,0,0,0,0,100,0,0,48468.15026855469,143322.68908691406,0,404327403520,8589930496,6048432128,114688
10,1791554548274,2500,2499,2500,2500,2500,2500,2500,2500,2499,2500,2499,2499,2500,2499,2499,2500,0,0,0,0,0,0,0,10.526315689086914,0,0,0,0,0,100,0,0,48468.30041503906,143323.06622314453,0,404327403520,8589930496,6048432128,114688
10,1791554548284,2500,2499,2500,2500,2500,2500,2500,2500,2499,2500,2499,2499,2500,2499,2499,2500,0,0,0,0,0,0,0,10.526315689086914,0,0,0,0,0,100,0,0,48468.453674316406,143323.4423828125,0,404327403520,8589930496,6048432128,114688
10,1791554548294,2500,2499,2500,2500,2500,2500,2500,2500,2499,2500,2499,2499,2500,2499,2499,2500,0,0,0,0,0,0,0,10.526315689086914,0,0,0,0,0,100,0,0,48468.604431152344,143323.8193359375,0,404327403520,8589930496,6048432128,114688
10,1791554548304,2500,2499,2500,2500,2500,2500,2500,2500,2499,2500,2499,2499,2500,2499,2499,2500,0,0,0,0,0,0,0,10.526315689086914,0,0,0,0,0,100,0,0,48468.753967285156,143324.19360351563,0,404327403520,8589930496,6048432128,114688
10,1791554548314,2500,2499,2500,2500,2500,2500,2500,2500,2499,2500,2499,2499,2500,2499,2499,2500,0,0,0,0,0,0,0,10.526315689086914,0,0,0,0,0,100,0,0,48468.90051269531,143324.5687866211,0,404327403520,8589930496,6048432128,114688
10,1791554548324,2500,2499,2500,2500,2500,2500,2500,2500,2499,2500,2499,2499,2500,2499,2499,2500,0,0,0,0,0,0,0,10.526315689086914,0,0,0,0,0,100,0,0,48469.05908203125,143324.9468383789,0,404327403520,8589930496,6048432128,114688
10,1791554548334,2500,2499,2500,2500,2500,2500,2500,2500,2499,2500,2499,2499,2500,2499,2499,2500,5,0,0,0,0,0,0,5.263157844543457,0,0,0,0,0,100,0,0,48469.21325683594,143325.32257080078,0,404327403520,8589930496,6048432128,114688
10,1791554548344,2500,2499,2500,2500,2500,2500,2500,2500,2499,2500,2499,2499,2500,2499,2499,2500,5,0,0,0,0,0,0,5.263157844543457,0,0,0,0,0,100,0,0,48469.37109375,143325.69927978516,0,404327403520,8589930496,6048432128,114688
9,1791554548354,2500,2499,2500,2500,2500,2500,2500,2500,2499,2500,2499,2499,2500,2499,2499,2500,5,0,0,0,0,0,0,5.263157844543457,0,0,0,0,0,100,0,0,48469.521423339844,143326.03881835938,0,404327403520,8589930496,6048432128,114688
9,1791554548364,2500,2499,2500,2500,2500,2500,2500,2500,2499,2500,2499,2499,2500,2499,2499,2500,5,0,0,0,0,0,0,5.263157844543457,0,0,0,0,0,100,0,0,48469.67517089844,143326.4530029297,0,404327403520,8589930496,6038024192,114688
10,1791554548374,2500,2499,2500,2500,2500,2500,2500,2500,2499,2500,2499,2499,2500,2499,2499,2500,5,0,0,0,0,0,0,5.263157844543457,0,0,0,0,0,100,0,0,48469.82922363281,143326.82843017578,0,404327403520,8589930496,6011260928,114688
9,1791554548384,2500,2499,2500,2500,2500,2500,2500,2500,2499,2500,2499,2499,2500,2499,2499,2500,5,0,0,0,0,0,0,5.263157844543457,0,0,0,0,0,100,0,0,48470.00256347656,143327.21466064453,0,404327403520,8589930496,5995896832,114688
10,1791554548394,2500,2499,2500,2500,2500,2500,2500,2500,2499,2500,2499,2499,2500,2499,2499,2500,5,0,0,0,0,0,0,5.263157844543457,0,0,0,0,0,100,0,0,48470.197509765625,143327.61041259766,0,404327403520,8589930496,5995896832,114688
10,1791554548404,2500,2499,2500,2500,2500,2500,2500,2500,2499,2500,2499,2499,2500,2499,2499,2500,5,0,0,0,0,0,0,5.263157844543457,0,0,0,0,0,100,0,0,48470.40051269531,143328.00689697266,0,404327403520,8589930496,5995896832,114688
10,1791554548414,2500,2499,2500,2500,2500,2500,2500,2500,2499,2500,2499,2499,2500,2499,2499,2500,5,0,0,0,0,0,0,5.263157844543457,0,0,0,0,0,100,0,0,48470.60284423828,143328.40447998047,0,404327403520,8589930496,5995896832,114688
10,1791554548424,2500,2499,2500,2500,2500,2500,2500,2500,2499,2500,2499,2499,2500,2499,2499,2500,5,0,0,0,0,0,0,5.263157844543457,0,0,0,0,0,100,0,0,48470.80334472656,143328.80072021484,0,404327403520,8589930496,5995896832,114688
10,1791554548435,2500,2499,2500,2500,2500,2500,2500,2500,2499,2500,2499,2499,2500,2499,2499,2500,5,0,0,0,0,0,0,5.263157844543457,0,0,0,0,0,100,0,0,48471.002014160156,143329.1942138672,0,404327403520,8589930496,5995896832,114688
10,1791554548445,2500,2499,2500,2500,2500,2500,2500,2500,2499,2500,2499,2499,2500,2499,2499,2500,5,0,0,0,0,0,0,5.263157844543457,0,0,0,0,0,100,0,0,48471.201599121094,143329.58953857422,0,404327403520,8589930496,5995896832,114688
10,1791554548455,2500,2499,2500,2500,2500,2500,2500,2500,2499,2500,2499,2499,2500,2499,2499,2500,5,0,0,0,0,0,0,5.263157844543457,0,0,0,0,0,100,0,0,48471.42150878906,143330.02612304688,0,404327403520,8589930496,5995896832,114688
10,1791554548465,2500,2499,2500,2500,2500,2500,2500,2500,2499,2500,2499,2499,2500,2499,2499,2500,5,0,0,0,0,0,0,5.263157844543457,0,0,0,0,0,100,0,0,48471.62341308594,143330.42456054688,0,404327403520,8589930496,5995896832,114688
10,1791554548475,2500,2499,2500,2500,2500,2500,2500,2500,2499,2500,2499,2499,2500,2499,2499,2500,5,0,0,0,0,0,0,5.263157844543457,0,0,0,0,0,100,0,0,48471.82336425781,143330.8194580078,0,404327403520,8589930496,5995896832,114688
10,1791554548485,2500,2499,2500,2500,2500,2500,2500,2500,2499,2500,2499,2499,2500,2499,2499,2500,5,0,0,0,0,0,0,5.263157844543457,0,0,0,0,0,100,0,0,48472.018127441406,143331.2172241211,0,404327403520,8589930496,5995896832,114688
10,1791554548495,2500,2499,2500,2500,2500,2500,2500,2500,2499,2500,2499,2499,2500,2499,2499,2500,5,0,0,0,0,0,0,5.263157844543457,0,0,0,0,0,100,0,0,48472.218811035156,143331.6121826172,0,404327403520,8589930496,5995896832,114688
10,1791554548505,2500,2499,2500,2500,2500,2500,2500,2500,2499,2500,2499,2499,2500,2499,2499,2500,5,0,0,0,0,0,0,5.263157844543457,0,0,0,0,0,100,0,0,48472.415954589844,143332.0078125,0,404327403520,8589930496,5995896832,114688
10,1791554548515,2500,2499,2500,2500,2500,2500,2500,2500,2499,2500,2499,2499,2500,2499,2499,2500,5,0,0,0,0,0,0,5.263157844543457,0,0,0,0,0,100,0,0,48472.61065673828,143332.40338134766,0,404327403520,8589930496,5995896832,114688
9,1791554548525,2500,2499,2500,2500,2500,2500,2500,2500,2499,2500,2499,2499,2500,2499,2499,2500,5,0,0,0,0,0,0,5.263157844543457,0,0,0,0,0,100,0,0,48472.805114746094,143332.80102539063,0,404327403520,8589930496,5995896832,114688
10,1791554548535,2500,2499,2500,2500,2500,2500,2500,2500,2499,2500,2499,2499,2500,2499,2499,2500,0,85.71428680419922,0,0,0,5,0,5.263157844543457,0,0,0,0,0,10.526315689086914,0,0,48473.003173828125,143333.19689941406,0,404327403520,8589930496,5995896832,114688
10,1791554548545,2500,2499,2500,2500,2500,2500,2500,2500,2499,2500,2499,2499,2500,2499,2499,2500,0,85.71428680419922,0,0,0,5,0,5.263157844543457,0,0,0,0,0,10.526315689086914,0,0,48473.206604003906,143333.5932006836,0,404327403520,8589930496,5995896832,114688
9,1791554548555,2500,2499,2500,2500,2500,2500,2500,2500,2499,2500,2499,2499,2500,2499,2499,2500,0,85.71428680419922,0,0,0,5,0,5.263157844543457,0,0,0,0,0,10.526315689086914,0,0,48473.406677246094,143333.98858642578,0,404327403520,8589930496,5995896832,114688
10,1791554548565,2500,2499,2500,2500,2500,2500,2500,2500,2499,2500,2499,2499,2500,2499,2499,2500,0,85.71428680419922,0,0,0,5,0,5.263157844543457,0,0,0,0,0,10.526315689086914,0,0,48473.60821533203,143334.38470458984,0,404327403520,8589930496,5995896832,114688
10,1791554548575,2500,2499,2500,2500,2500,2500,2500,2500,2499,2500,2499,2499,2500,2499,2499,2500,0,85.71428680419922,0,0,0,5,0,5.263157844543457,0,0,0,0,0,10.526315689086914,0,0,48473.80926513672,143334.7774658203,0,404327403520,8589930496,5995896832,114688
10,1791554548585,2500,2499,2500,2500,2500,2500,2500,2500,2499,2500,2499,2499,2500,2499,2499,2500,0,85.71428680419922,0,0,0,5,0,5.263157844543457,0,0,0,0,0,10.526315689086914,0,0,48473.96893310547,143335.15997314453,0,404327403520,8589930496,5995896832,114688
10,1791554548595,2500,2499,2500,2500,2500,2500,2500,2500,2499,2500,2499,2499,2500,2499,2499,2500,0,85.71428680419922,0,0,0,5,0,5.263157844543457,0,0,0,0,0,10.526315689086914,0,0,48474.1259765625,143335.53436279297,0,404327403520,8589930496,5995896832,114688
10,1791554548606,2500,2499,2500,2500,2500,2500,2500,2500,2499,2500,2499,2499,2500,2499,2499,2500,0,85.71428680419922,0,0,0,5,0,5.263157844543457,0,0,0,0,0,10.526315689086914,0,0,48474.275390625,143335.9096069336,0,404327403520,8589930496,5995896832,114688
10,1791554548616,2500,2499,2500,2500,2500,2500,2500,2500,2499,2500,2499,2499,2500,2499,2499,2500,0,85.71428680419922,0,0,0,5,0,5.263157844543457,0,0,0,0,0,10.526315689086914,0,0,48474.44006347656,143336.29278564453,0,404327403520,8589930496,5993418752,114688
10,1791554548626,2500,2499,2500,2500,2500,2500,2500,2500,2499,2500,2499,2499,2500,2499,2499,2500,0,85.71428680419922,0,0,0,5,0,5.263157844543457,0,0,0,0,0,10.526315689086914,0,0,48474.63397216797,143336.6869506836,0,404327403520,8589930496,5991436288,114688
10,1791554548636,2500,2499,2500,2500,2500,2500,2500,2500,2499,2500,2499,2499,2500,2499,2499,2500,0,85.71428680419922,0,0,0,5,0,5.263157844543457,0,0,0,0,0,10.526315689086914,0,0,48474.814208984375,143337.07495117188,0,404327403520,8589930496,5991436288,114688
9,1791554548646,2500,2499,2500,2500,2500,2500,2500,2500,2499,2500,2499,2499,2500,2499,2499,2500,0,85.71428680419922,0,0,0,5,0,5.263157844543457,0,0,0,0,0,10.526315689086914,0,0,48474.981384277344,143337.4517211914,0,404327403520,8589930496,5904703488,114688
10,1791554548656,2500,2499,2500,2500,2500,2500,2500,2500,2499,2500,2499,2499,2500,2499,2499,2500,0,85.71428680419922,0,0,0,5,0,5.263157844543457,0,0,0,0,0,10.526315689086914,0,0,48475.15753173828,143337.86602783203,0,404327403520,8589930496,5789224960,114688
10,1791554548666,2500,2499,2500,2500,2500,2500,2500,2500,2499,2500,2499,2499,2500,2499,2499,2500,0,85.71428680419922,0,0,0,5,0,5.263157844543457,0,0,0,0,0,10.526315689086914,0,0,48475.31677246094,143338.244140625,0,404327403520,8589930496,5673746432,114688
10,1791554548676,2500,2499,2500,2500,2500,2500,2500,2500,2499,2500,2499,2499,2500,2499,2499,2500,0,85.71428680419922,0,0,0,5,0,5.263157844543457,0,0,0,0,0,10.526315689086914,0,0,48475.481201171875,143338.6209716797,0,404327403520,8589930496,5615091712,114688
0,1791554548686,2500,2499,2500,2500,2500,2500,2500,2500,2499,2500,2499,2499,2500,2499,2499,2500,0,85.71428680419922,0,0,0,5,0,5.263157844543457,0,0,0,0,0,10.526315689086914,0,0,48475.638671875,143338.9697265625,0,404327403520,8589930496,5604683776,114688
