Delta,Time,CPU_FREQUENCY_0,CPU_FREQUENCY_1,CPU_FREQUENCY_10,CPU_FREQUENCY_11,CPU_FREQUENCY_12,CPU_FREQUENCY_13,CPU_FREQUENCY_14,CPU_FREQUENCY_15,CPU_FREQUENCY_2,CPU_FREQUENCY_3,CPU_FREQUENCY_4,CPU_FREQUENCY_5,CPU_FREQUENCY_6,CPU_FREQUENCY_7,CPU_FREQUENCY_8,CPU_FREQUENCY_9,CPU_USAGE_0,CPU_USAGE_1,CPU_USAGE_10,CPU_USAGE_11,CPU_USAGE_12,CPU_USAGE_13,CPU_USAGE_14,CPU_USAGE_15,CPU_USAGE_2,CPU_USAGE_3,CPU_USAGE_4,CPU_USAGE_5,CPU_USAGE_6,CPU_USAGE_7,CPU_USAGE_8,CPU_USAGE_9,DRAM_ENERGY (J),PACKAGE_ENERGY (J),PP0_ENERGY (J),TOTAL_MEMORY,TOTAL_SWAP,USED_MEMORY,USED_SWAP
0,1791554243305,2500,2500,2500,2499,2499,2500,2500,2500,2499,2500,2499,2500,2500,2500,2500,2499,8,0,4,4,0,0,4,16,0,0,0,0,4,4,8,0,43723.606994628906,133073.50646972656,0,404327403520,8589930496,5133742080,114688
10,1791554243305,2500,2500,2500,2499,2499,2500,2500,2500,2499,2500,2499,2500,2500,2500,2500,2499,8,0,4,4,0,0,4,16,0,0,0,0,4,4,8,0,43723.606994628906,133073.50646972656,0,404327403520,8589930496,5133742080,114688
9,1791554243315,2500,2500,2500,2499,2499,2500,2500,2500,2499,2500,2499,2500,2500,2500,2500,2499,8,0,4,4,0,0,4,16,0,0,0,0,4,4,8,0,43723.777282714844,133073.86059570313,0,404327403520,8589930496,5133742080,114688
9,1791554243325,2500,2500,2500,2499,2499,2500,2500,2500,2499,2500,2499,2500,2500,2500,2500,2499,8,0,4,4,0,0,4,16,0,0,0,0,4,4,8,0,43723.913330078125,133074.15014648438,0,404327403520,8589930496,5133742080,114688
9,1791554243335,2500,2500,2500,2499,2499,2500,2500,2500,2499,2500,2499,2500,2500,2500,2500,2499,8,0,4,4,0,0,4,16,0,0,0,0,4,4,8,0,43724.081604003906,133074.49829101563,0,404327403520,8589930496,5133742080,114688
10,1791554243345,2500,2500,2500,2499,2499,2500,2500,2500,2499,2500,2499,2500,2500,2500,2500,2499,8,0,4,4,0,0,4,16,0,0,0,0,4,4,8,0,43724.22039794922,133074.77770996094,0,404327403520,8589930496,5133742080,114688
9,1791554243355,2500,2500,2500,2499,2499,2500,2500,2500,2499,2500,2499,2500,2500,2500,2500,2499,8,0,4,4,0,0,4,16,0,0,0,0,4,4,8,0,43724.388122558594,133075.12432861328,0,404327403520,8589930496,5133742080,114688
9,1791554243365,2500,2500,2500,2499,2499,2500,2500,2500,2499,2500,2499,2500,2500,2500,2500,2499,8,0,4,4,0,0,4,16,0,0,0,0,4,4,8,0,43724.541442871094,133075.49102783203,0,404327403520,8589930496,5133742080,114688
10,1791554243375,2500,2500,2500,2499,2499,2500,2500,2500,2499,2500,2499,2500,2500,2500,2500,2499,8,0,4,4,0,0,4,16,0,0,0,0,4,4,8,0,43724.696044921875,133075.86529541016,0,404327403520,8589930496,5133742080,114688
10,1791554243385,2500,2500,2500,2499,2499,2500,2500,2500,2499,2500,2499,2500,2500,2500,2500,2499,8,0,4,4,0,0,4,16,0,0,0,0,4,4,8,0,43724.84899902344,133076.2437133789,0,404327403520,8589930496,5133742080,114688
9,1791554243395,2500,2500,2500,2499,2499,2500,2500,2500,2499,2500,2499,2500,2500,2500,2500,2499,8,0,4,4,0,0,4,16,0,0,0,0,4,4,8,0,43725.002990722656,133076.5732421875,0,404327403520,8589930496,5133742080,114688
9,1791554243405,2500,2500,2500,2499,2499,2500,2500,2500,2499,2500,2499,2500,2500,2500,2500,2499,8,0,4,4,0,0,4,16,0,0,0,0,4,4,8,0,43725.157165527344,133076.8819580078,0,404327403520,8589930496,5133742080,114688
10,1791554243415,2500,2500,2500,2499,2499,2500,2500,2500,2499,2500,2499,2500,2500,2500,2500,2499,8,0,4,4,0,0,4,16,0,0,0,0,4,4,8,0,43725.311279296875,133077.2015991211,0,404327403520,8589930496,5133742080,114688
9,1791554243426,2500,2500,2500,2499,2499,2500,2500,2500,2499,2500,2499,2500,2500,2500,2500,2499,8,0,4,4,0,0,4,16,0,0,0,0,4,4,8,0,43725.46356201172,133077.5216064453,0,404327403520,8589930496,5133742080,114688
9,1791554243436,2500,2500,2500,2499,2499,2500,2500,2500,2499,2500,2499,2500,2500,2500,2500,2499,8,0,4,4,0,0,4,16,0,0,0,0,4,4,8,0,43725.61279296875,133077.84503173828,0,404327403520,8589930496,5133742080,114688
9,1791554243446,2500,2500,2500,2499,2499,2500,2500,2500,2499,2500,2499,2500,2500,2500,2500,2499,8,0,4,4,0,0,4,16,0,0,0,0,4,4,8,0,43725.765869140625,133078.16467285156,0,404327403520,8589930496,5133742080,114688
9,1791554243456,2500,2500,2500,2499,2499,2500,2500,2500,2499,2500,2499,2500,2500,2500,2500,2499,8,0,4,4,0,0,4,16,0,0,0,0,4,4,8,0,43725.91955566406,133078.4839477539,0,404327403520,8589930496,5133742080,114688
9,1791554243466,2500,2500,2500,2499,2499,2500,2500,2500,2499,2500,2499,2500,2500,2500,2500,2499,8,0,4,4,0,0,4,16,0,0,0,0,4,4,8,0,43726.07354736328,133078.8017578125,0,404327403520,8589930496,5133742080,114688
9,1791554243476,2500,2500,2500,2499,2499,2500,2500,2500,2499,2500,2499,2500,2500,2500,2500,2499,8,0,4,4,0,0,4,16,0,0,0,0,4,4,8,0,43726.242919921875,133079.12042236328,0,404327403520,8589930496,5133742080,114688
9,1791554243486,2500,2500,2500,2499,2499,2500,2500,2500,2499,2500,2499,2500,2500,2500,2500,2499,8,0,4,4,0,0,4,16,0,0,0,0,4,4,8,0,43726.383544921875,133079.4400024414,0,404327403520,8589930496,5133742080,114688
9,1791554243496,2500,2500,2500,2499,2499,2500,2500,2500,2499,2500,2499,2500,2500,2500,2500,2499,8,0,4,4,0,0,4,16,0,0,0,0,4,4,8,0,43726.53723144531,133079.76141357422,0,404327403520,8589930496,5133742080,114688
10,1791554243506,2500,2500,2500,2499,2499,2500,2500,2500,2499,2500,2499,2500,2500,2500,2500,2499,5,0,0,0,0,0,0,80,5,5,0,0,0,15.789472579956055,0,9.523809432983398,43726.70422363281,133080.11389160156,0,404327403520,8589930496,5133742080,114688
9,1791554243516,2500,2500,2500,2499,2499,2500,2500,2500,2499,2500,2499,2500,2500,2500,2500,2499,5,0,0,0,0,0,0,80,5,5,0,0,0,15.789472579956055,0,9.523809432983398,43726.860412597656,133080.42755126953,0,404327403520,8589930496,5133742080,114688
10,1791554243526,2500,2500,2500,2499,2499,2500,2500,2500,2499,2500,2499,2500,2500,2500,2500,2499,5,0,0,0,0,0,0,80,5,5,0,0,0,15.789472579956055,0,9.523809432983398,43727.01788330078,133080.75408935547,0,404327403520,8589930496,5133742080,114688
9,1791554243536,2500,2500,2500,2499,2499,2500,2500,2500,2499,2500,2499,2500,2500,2500,2500,2499,5,0,0,0,0,0,0,80,5,5,0,0,0,15.789472579956055,0,9.523809432983398,43727.17352294922,133081.10150146484,0,404327403520,8589930496,5142913024,114688
9,1791554243546,2500,2500,2500,2499,2499,2500,2500,2500,2499,2500,2499,2500,2500,2500,2500,2499,5,0,0,0,0,0,0,80,5,5,0,0,0,15.789472579956055,0,9.523809432983398,43727.32879638672,133081.4188232422,0,404327403520,8589930496,5152825344,114688
9,1791554243557,2500,2500,2500,2499,2499,2500,2500,2500,2499,2500,2499,2500,2500,2500,2500,2499,5,0,0,0,0,0,0,80,5,5,0,0,0,15.789472579956055,0,9.523809432983398,43727.48718261719,133081.74139404297,0,404327403520,8589930496,5162737664,114688
10,1791554243567,2500,2500,2500,2499,2499,2500,2500,2500,2499,2500,2499,2500,2500,2500,2500,2499,5,0,0,0,0,0,0,80,5,5,0,0,0,15.789472579956055,0,9.523809432983398,43727.645263671875,133082.05694580078,0,404327403520,8589930496,5179092992,114688
10,1791554243577,2500,2500,2500,2499,2499,2500,2500,2500,2499,2500,2499,2500,2500,2500,2500,2499,5,0,0,0,0,0,0,80,5,5,0,0,0,15.789472579956055,0,9.523809432983398,43727.800354003906,133082.37408447266,0,404327403520,8589930496,5183553536,114688
9,1791554243587,2500,2500,2500,2499,2499,2500,2500,2500,2499,2500,2499,2500,2500,2500,2500,2499,5,0,0,0,0,0,0,80,5,5,0,0,0,15.789472579956055,0,9.523809432983398,43727.957092285156,133082.69506835938,0,404327403520,8589930496,5203378176,114688
9,1791554243597,2500,2500,2500,2499,2499,2500,2500,2500,2499,2500,2499,2500,2500,2500,2500,2499,5,0,0,0,0,0,0,80,5,5,0,0,0,15.789472579956055,0,9.523809432983398,43728.110900878906,133083.0108642578,0,404327403520,8589930496,5218246656,114688
9,1791554243607,2500,2500,2500,2499,2499,2500,2500,2500,2499,2500,2499,2500,2500,2500,2500,2499,5,0,0,0,0,0,0,80,5,5,0,0,0,15.789472579956055,0,9.523809432983398,43728.26818847656,133083.3272705078,0,404327403520,8589930496,5228158976,114688
10,1791554243617,2500,2500,2500,2499,2499,2500,2500,2500,2499,2500,2499,2500,2500,2500,2500,2499,5,0,0,0,0,0,0,80,5,5,0,0,0,15.789472579956055,0,9.523809432983398,43728.420166015625,133083.64282226563,0,404327403520,8589930496,5244514304,114688
9,1791554243627,2500,2500,2500,2499,2499,2500,2500,2500,2499,2500,2499,2500,2500,2500,2500,2499,5,0,0,0,0,0,0,80,5,5,0,0,0,15.789472579956055,0,9.523809432983398,43728.57745361328,133083.9594116211,0,404327403520,8589930496,5261365248,114688
9,1791554243637,2500,2500,2500,2499,2499,2500,2500,2500,2499,2500,2499,2500,2500,2500,2500,2499,5,0,0,0,0,0,0,80,5,5,0,0,0,15.789472579956055,0,9.523809432983398,43728.730529785156,133084.27471923828,0,404327403520,8589930496,5261365248,114688
9,1791554243647,2500,2500,2500,2499,2499,2500,2500,2500,2499,2500,2499,2500,2500,2500,2500,2499,5,0,0,0,0,0,0,80,5,5,0,0,0,15.789472579956055,0,9.523809432983398,43728.898193359375,133084.6234741211,0,404327403520,8589930496,5261365248,114688
9,1791554243657,2500,2500,2500,2499,2499,2500,2500,2500,2499,2500,2499,2500,2500,2500,2500,2499,5,0,0,0,0,0,0,80,5,5,0,0,0,15.789472579956055,0,9.523809432983398,43729.05139160156,133084.93780517578,0,404327403520,8589930496,5261365248,114688
10,1791554243667,2500,2500,2500,2499,2499,2500,2500,2500,2499,2500,2499,2500,2500,2500,2500,2499,5,0,0,0,0,0,0,80,5,5,0,0,0,15.789472579956055,0,9.523809432983398,43729.191650390625,133085.2218017578,0,404327403520,8589930496,5261365248,114688
9,1791554243677,2500,2500,2500,2499,2499,2500,2500,2500,2499,2500,2499,2500,2500,2500,2500,2499,5,0,0,0,0,0,0,80,5,5,0,0,0,15.789472579956055,0,9.523809432983398,43729.35498046875,133085.5802001953,0,404327403520,8589930496,5277720576,114688
9,1791554243687,2500,2500,2500,2499,2499,2500,2500,2500,2499,2500,2499,2500,2500,2500,2500,2499,5,0,0,0,0,0,0,80,5,5,0,0,0,15.789472579956055,0,9.523809432983398,43729.50848388672,133085.8949584961,0,404327403520,8589930496,5277720576,114688
9,1791554243698,2500,2500,2500,2499,2499,2500,2500,2500,2499,2500,2499,2500,2500,2500,2500,2499,5,0,0,0,0,0,0,80,5,5,0,0,0,15.789472579956055,0,9.523809432983398,43729.664306640625,133086.208984375,0,404327403520,8589930496,5277720576,114688
9,1791554243708,2500,2500,2500,2499,2499,2500,2500,2500,2499,2500,2499,2500,2500,2500,2500,2499,0,0,0,4.761904716491699,0,70,0,20,0,0,0,0,0,5,0,10.526315689086914,43729.81579589844,133086.5223388672,0,404327403520,8589930496,5277720576,114688
10,1791554243718,2500,2500,2500,2499,2499,2500,2500,2500,2499,2500,2499,2500,2500,2500,2500,2499,0,0,0,4.761904716491699,0,70,0,20,0,0,0,0,0,5,0,10.526315689086914,43729.96960449219,133086.8412475586,0,404327403520,8589930496,5277720576,114688
9,1791554243728,2500,2500,2500,2499,2499,2500,2500,2500,2499,2500,2499,2500,2500,2500,2500,2499,0,0,0,4.761904716491699,0,70,0,20,0,0,0,0,0,5,0,10.526315689086914,43730.126220703125,133087.1557006836,0,404327403520,8589930496,5277720576,114688
9,1791554243738,2500,2500,2500,2499,2499,2500,2500,2500,2499,2500,2499,2500,2500,2500,2500,2499,0,0,0,4.761904716491699,0,70,0,20,0,0,0,0,0,5,0,10.526315689086914,43730.27911376953,133087.46881103516,0,404327403520,8589930496,5277720576,114688
9,1791554243748,2500,2500,2500,2499,2499,2500,2500,2500,2499,2500,2499,2500,2500,2500,2500,2499,0,0,0,4.761904716491699,0,70,0,20,0,0,0,0,0,5,0,10.526315689086914,43730.43096923828,133087.7817993164,0,404327403520,8589930496,5277720576,114688
9,1791554243758,2500,2500,2500,2499,2499,2500,2500,2500,2499,2500,2499,2500,2500,2500,2500,2499,0,0,0,4.761904716491699,0,70,0,20,0,0,0,0,0,5,0,10.526315689086914,43730.58221435547,133088.09924316406,0,404327403520,8589930496,5277720576,114688
9,1791554243768,2500,2500,2500,2499,2499,2500,2500,2500,2499,2500,2499,2500,2500,2500,2500,2499,0,0,0,4.761904716491699,0,70,0,20,0,0,0,0,0,5,0,10.526315689086914,43730.73602294922,133088.42053222656,0,404327403520,8589930496,5277720576,114688
9,1791554243778,2500,2500,2500,2499,2499,2500,2500,2500,2499,2500,2499,2500,2500,2500,2500,2499,0,0,0,4.761904716491699,0,70,0,20,0,0,0,0,0,5,0,10.526315689086914,43730.886169433594,133088.73205566406,0,404327403520,8589930496,5277720576,114688
9,1791554243788,2500,2500,2500,2499,2499,2500,2500,2500,2499,2500,2499,2500,2500,2500,2500,2499,0,0,0,4.761904716491699,0,70,0,20,0,0,0,0,0,5,0,10.526315689086914,43731.032165527344,133089.0496826172,0,404327403520,8589930496,5277720576,114688
9,1791554243798,2500,2500,2500,2499,2499,2500,2500,2500,2499,2500,2499,2500,2500,2500,2500,2499,0,0,0,4.761904716491699,0,70,0,20,0,0,0,0,0,5,0,10.526315689086914,43731.185791015625,133089.36248779297,0,404327403520,8589930496,5277720576,114688
9,1791554243808,2500,2500,2500,2499,2499,2500,2500,2500,2499,2500,2499,2500,2500,2500,2500,2499,0,0,0,4.761904716491699,0,70,0,20,0,0,0,0,0,5,0,10.526315689086914,43731.35534667969,133089.71014404297,0,404327403520,8589930496,5277720576,114688
9,1791554243818,2500,2500,2500,2499,2499,2500,2500,2500,2499,2500,2499,2500,2500,2500,2500,2499,0,0,0,4.761904716491699,0,70,0,20,0,0,0,0,0,5,0,10.526315689086914,43731.51281738281,133090.03009033203,0,404327403520,8589930496,5277720576,114688
10,1791554243828,2500,2500,2500,2499,2499,2500,2500,2500,2499,2500,2499,2500,2500,2500,2500,2499,0,0,0,4.761904716491699,0,70,0,20,0,0,0,0,0,5,0,10.526315689086914,43731.65197753906,133090.31439208984,0,404327403520,8589930496,5277720576,114688
10,1791554243838,2500,2500,2500,2499,2499,2500,2500,2500,2499,2500,2499,2500,2500,2500,2500,2499,0,0,0,4.761904716491699,0,70,0,20,0,0,0,0,0,5,0,10.526315689086914,43731.8251953125,133090.66424560547,0,404327403520,8589930496,5277720576,114688
9,1791554243849,2500,2500,2500,2499,2499,2500,2500,2500,2499,2500,2499,2500,2500,2500,2500,2499,0,0,0,4.761904716491699,0,70,0,20,0,0,0,0,0,5,0,10.526315689086914,43731.97882080078,133090.97973632813,0,404327403520,8589930496,5286146048,114688
9,1791554243859,2500,2500,2500,2499,2499,2500,2500,2500,2499,2500,2499,2500,2500,2500,2500,2499,0,0,0,4.761904716491699,0,70,0,20,0,0,0,0,0,5,0,10.526315689086914,43732.13134765625,133091.2967529297,0,404327403520,8589930496,5286146048,114688
10,1791554243869,2500,2500,2500,2499,2499,2500,2500,2500,2499,2500,2499,2500,2500,2500,2500,2499,0,0,0,4.761904716491699,0,70,0,20,0,0,0,0,0,5,0,10.526315689086914,43732.28826904297,133091.60821533203,0,404327403520,8589930496,5286146048,114688
9,1791554243879,2500,2500,2500,2499,2499,2500,2500,2500,2499,2500,2499,2500,2500,2500,2500,2499,0,0,0,4.761904716491699,0,70,0,20,0,0,0,0,0,5,0,10.526315689086914,43732.443359375,133091.9298095703,0,404327403520,8589930496,5286146048,114688
9,1791554243889,2500,2500,2500,2499,2499,2500,2500,2500,2499,2500,2499,2500,2500,2500,2500,2499,0,0,0,4.761904716491699,0,70,0,20,0,0,0,0,0,5,0,10.526315689086914,43732.59552001953,133092.25549316406,0,404327403520,8589930496,5286146048,114688
9,1791554243899,2500,2500,2500,2499,2499,2500,2500,2500,2499,2500,2499,2500,2500,2500,2500,2499,0,0,0,4.761904716491699,0,70,0,20,0,0,0,0,0,5,0,10.526315689086914,43732.748962402344,133092.5625,0,404327403520,8589930496,5286146048,114688
9,1791554243909,2500,2500,2500,2499,2499,2500,2500,2500,2499,2500,2499,2500,2500,2500,2500,2499,10,0,0,0,4.761904716491699,100,0,0,0,0,0,0,0,0,0,0,43732.904235839844,133092.8800048828,0,404327403520,8589930496,5286146048,114688
9,1791554243919,2500,2500,2500,2499,2499,2500,2500,2500,2499,2500,2499,2500,2500,2500,2500,2499,10,0,0,0,4.761904716491699,100,0,0,0,0,0,0,0,0,0,0,43733.05798339844,133093.20599365234,0,404327403520,8589930496,5286146048,114688
9,1791554243929,2500,2500,2500,2499,2499,2500,2500,2500,2499,2500,2499,2500,2500,2500,2500,2499,10,0,0,0,4.761904716491699,100,0,0,0,0,0,0,0,0,0,0,43733.21160888672,133093.51696777344,0,404327403520,8589930496,5288128512,114688
9,1791554243939,2500,2500,2500,2499,2499,2500,2500,2500,2499,2500,2499,2500,2500,2500,2500,2499,10,0,0,0,4.761904716491699,100,0,0,0,0,0,0,0,0,0,0,43733.36267089844,133093.83209228516,0,404327403520,8589930496,5288128512,114688
10,1791554243949,2500,2500,2500,2499,2499,2500,2500,2500,2499,2500,2499,2500,2500,2500,2500,2499,10,0,0,0,4.761904716491699,100,0,0,0,0,0,0,0,0,0,0,43733.516662597656,133094.14587402344,0,404327403520,8589930496,5292093440,114688
10,1791554243959,2500,2500,2500,2499,2499,2500,2500,2500,2499,2500,2499,2500,2500,2500,2500,2499,10,0,0,0,4.761904716491699,100,0,0,0,0,0,0,0,0,0,0,43733.670654296875,133094.4595336914,0,404327403520,8589930496,5292093440,114688
9,1791554243969,2500,2500,2500,2499,2499,2500,2500,2500,2499,2500,2499,2500,2500,2500,2500,2499,10,0,0,0,4.761904716491699,100,0,0,0,0,0,0,0,0,0,0,43733.82482910156,133094.77563476563,0,404327403520,8589930496,5292093440,114688
9,1791554243980,2500,2500,2500,2499,2499,2500,2500,2500,2499,2500,2499,2500,2500,2500,2500,2499,10,0,0,0,4.761904716491699,100,0,0,0,0,0,0,0,0,0,0,43733.98303222656,133095.0980834961,0,404327403520,8589930496,5292093440,114688
10,1791554243990,2500,2500,2500,2499,2499,2500,2500,2500,2499,2500,2499,2500,2500,2500,2500,2499,10,0,0,0,4.761904716491699,100,0,0,0,0,0,0,0,0,0,0,43734.13134765625,133095.4129638672,0,404327403520,8589930496,5292093440,114688
10,1791554244000,2500,2500,2500,2499,2499,2500,2500,2500,2499,2500,2499,2500,2500,2500,2500,2499,10,0,0,0,4.761904716491699,100,0,0,0,0,0,0,0,0,0,0,43734.284729003906,133095.72662353516,0,404327403520,8589930496,5292093440,114688
9,1791554244010,2500,2500,2500,2499,2499,2500,2500,2500,2499,2500,2499,2500,2500,2500,2500,2499,10,0,0,0,4.761904716491699,100,0,0,0,0,0,0,0,0,0,0,43734.455017089844,133096.07165527344,0,404327403520,8589930496,5292093440,114688
9,1791554244020,2500,2500,2500,2499,2499,2500,2500,2500,2499,2500,2499,2500,2500,2500,2500,2499,10,0,0,0,4.761904716491699,100,0,0,0,0,0,0,0,0,0,0,43734.5947265625,133096.35571289063,0,404327403520,8589930496,5292093440,114688
9,1791554244030,2500,2500,2500,2499,2499,2500,2500,2500,2499,2500,2499,2500,2500,2500,2500,2499,10,0,0,0,4.761904716491699,100,0,0,0,0,0,0,0,0,0,0,43734.74816894531,133096.6767578125,0,404327403520,8589930496,5292093440,114688
9,1791554244040,2500,2500,2500,2499,2499,2500,2500,2500,2499,2500,2499,2500,2500,2500,2500,2499,10,0,0,0,4.761904716491699,100,0,0,0,0,0,0,0,0,0,0,43734.920471191406,133097.02520751953,0,404327403520,8589930496,5292093440,114688
9,1791554244050,2500,2500,2500,2499,2499,2500,2500,2500,2499,2500,2499,2500,2500,2500,2500,2499,10,0,0,0,4.761904716491699,100,0,0,0,0,0,0,0,0,0,0,43735.07391357422,133097.34008789063,0,404327403520,8589930496,5292093440,114688
9,1791554244060,2500,2500,2500,2499,2499,2500,2500,2500,2499,2500,2499,2500,2500,2500,2500,2499,10,0,0,0,4.761904716491699,100,0,0,0,0,0,0,0,0,0,0,43735.226623535156,133097.65942382813,0,404327403520,8589930496,5292093440,114688
10,1791554244070,2500,2500,2500,2499,2499,2500,2500,2500,2499,2500,2499,2500,2500,2500,2500,2499,10,0,0,0,4.761904716491699,100,0,0,0,0,0,0,0,0,0,0,43735.3828125,133097.9737548828,0,404327403520,8589930496,5291835392,114688
10,1791554244080,2500,2500,2500,2499,2499,2500,2500,2500,2499,2500,2499,2500,2500,2500,2500,2499,10,0,0,0,4.761904716491699,100,0,0,0,0,0,0,0,0,0,0,43735.53887939453,133098.29412841797,0,404327403520,8589930496,5291982848,114688
9,1791554244090,2500,2500,2500,2499,2499,2500,2500,2500,2499,2500,2499,2500,2500,2500,2500,2499,10,0,0,0,4.761904716491699,100,0,0,0,0,0,0,0,0,0,0,43735.69580078125,133098.609375,0,404327403520,8589930496,5291982848,114688
9,1791554244100,2500,2500,2500,2499,2499,2500,2500,2500,2499,2500,2499,2500,2500,2500,2500,2499,10,0,0,0,4.761904716491699,100,0,0,0,0,0,0,0,0,0,0,43735.854064941406,133098.9249267578,0,404327403520,8589930496,5291982848,114688
9,1791554244110,2500,2500,2500,2499,2499,2500,2500,2500,2499,2500,2499,2500,2500,2500,2500,2499,5,5,0,0,0,100,0,0,0,0,0,0,0,0,0,0,43736.00915527344,133099.24029541016,0,404327403520,8589930496,5291982848,114688
10,1791554244120,2500,2500,2500,2499,2499,2500,2500,2500,2499,2500,2499,2500,2500,2500,2500,2499,5,5,0,0,0,100,0,0,0,0,0,0,0,0,0,0,43736.158630371094,133099.55096435547,0,404327403520,8589930496,5291982848,114688
9,1791554244131,2500,2500,2500,2499,2499,2500,2500,2500,2499,2500,2499,2500,2500,2500,2500,2499,5,5,0,0,0,100,0,0,0,0,0,0,0,0,0,0,43736.311096191406,133099.86743164063,0,404327403520,8589930496,5291982848,114688
10,1791554244141,2500,2500,2500,2499,2499,2500,2500,2500,2499,2500,2499,2500,2500,2500,2500,2499,5,5,0,0,0,100,0,0,0,0,0,0,0,0,0,0,43736.46337890625,133100.18200683594,0,404327403520,8589930496,5270769664,114688
9,1791554244151,2500,2500,2500,2499,2499,2500,2500,2500,2499,2500,2499,2500,2500,2500,2500,2499,5,5,0,0,0,100,0,0,0,0,0,0,0,0,0,0,43736.615173339844,133100.4991455078,0,404327403520,8589930496,5270769664,114688
9,1791554244161,2500,2500,2500,2499,2499,2500,2500,2500,2499,2500,2499,2500,2500,2500,2500,2499,5,5,0,0,0,100,0,0,0,0,0,0,0,0,0,0,43736.78106689453,133100.84881591797,0,404327403520,8589930496,5270769664,114688
9,1791554244171,2500,2500,2500,2499,2499,2500,2500,2500,2499,2500,2499,2500,2500,2500,2500,2499,5,5,0,0,0,100,0,0,0,0,0,0,0,0,0,0,43736.93341064453,133101.1669921875,0,404327403520,8589930496,5270769664,114688
9,1791554244181,2500,2500,2500,2499,2499,2500,2500,2500,2499,2500,2499,2500,2500,2500,2500,2499,5,5,0,0,0,100,0,0,0,0,0,0,0,0,0,0,43737.086669921875,133101.48248291016,0,404327403520,8589930496,5270769664,114688
10,1791554244191,2500,2500,2500,2499,2499,2500,2500,2500,2499,2500,2499,2500,2500,2500,2500,2499,5,5,0,0,0,100,0,0,0,0,0,0,0,0,0,0,43737.23974609375,133101.79803466797,0,404327403520,8589930496,5270769664,114688
9,1791554244201,2500,2500,2500,2499,2499,2500,2500,2500,2499,2500,2499,2500,2500,2500,2500,2499,5,5,0,0,0,100,0,0,0,0,0,0,0,0,0,0,43737.395568847656,133102.11712646484,0,404327403520,8589930496,5270769664,114688
9,1791554244211,2500,2500,2500,2499,2499,2500,2500,2500,2499,2500,2499,2500,2500,2500,2500,2499,5,5,0,0,0,100,0,0,0,0,0,0,0,0,0,0,43737.546447753906,133102.4330444336,0,404327403520,8589930496,5270769664,114688
9,1791554244221,2500,2500,2500,2499,2499,2500,2500,2500,2499,2500,2499,2500,2500,2500,2500,2499,5,5,0,0,0,100,0,0,0,0,0,0,0,0,0,0,43737.700622558594,133102.75213623047,0,404327403520,8589930496,5270769664,114688
9,1791554244231,2500,2500,2500,2499,2499,2500,2500,2500,2499,2500,2499,2500,2500,2500,2500,2499,5,5,0,0,0,100,0,0,0,0,0,0,0,0,0,0,43737.857360839844,133103.0684814453,0,404327403520,8589930496,5270769664,114688
10,1791554244241,2500,2500,2500,2499,2499,2500,2500,2500,2499,2500,2499,2500,2500,2500,2500,2499,5,5,0,0,0,100,0,0,0,0,0,0,0,0,0,0,43738.015380859375,133103.38330078125,0,404327403520,8589930496,5270769664,114688
9,1791554244251,2500,2500,2500,2499,2499,2500,2500,2500,2499,2500,2499,2500,2500,2500,2500,2499,5,5,0,0,0,100,0,0,0,0,0,0,0,0,0,0,43738.169921875,133103.69659423828,0,404327403520,8589930496,5270769664,114688
10,1791554244261,2500,2500,2500,2499,2499,2500,2500,2500,2499,2500,2499,2500,2500,2500,2500,2499,5,5,0,0,0,100,0,0,0,0,0,0,0,0,0,0,43738.324279785156,133104.01037597656,0,404327403520,8589930496,5270769664,114688
9,1791554244272,2500,2500,2500,2499,2499,2500,2500,2500,2499,2500,2499,2500,2500,2500,2500,2499,5,5,0,0,0,100,0,0,0,0,0,0,0,0,0,0,43738.481018066406,133104.32495117188,0,404327403520,8589930496,5270769664,114688
9,1791554244282,2500,2500,2500,2499,2499,2500,2500,2500,2499,2500,2499,2500,2500,2500,2500,2499,5,5,0,0,0,100,0,0,0,0,0,0,0,0,0,0,43738.633728027344,133104.64306640625,0,404327403520,8589930496,5270769664,114688
9,1791554244292,2500,2500,2500,2499,2499,2500,2500,2500,2499,2500,2499,2500,2500,2500,2500,2499,5,5,0,0,0,100,0,0,0,0,0,0,0,0,0,0,43738.791564941406,133104.9580078125,0,404327403520,8589930496,5270769664,114688
10,1791554244302,2500,2500,2500,2499,2499,2500,2500,2500,2499,2500,2499,2500,2500,2500,2500,2499,5,5,0,0,0,100,0,0,0,0,0,0,0,0,0,0,43738.94122314453,133105.27099609375,0,404327403520,8589930496,5270769664,114688
9,1791554244312,2500,2500,2500,2499,2499,2500,2500,2500,2499,2500,2499,2500,2500,2500,2500,2499,10,0,0,0,0,100,0,0,0,0,0,0,0,0,0,0,43739.11114501953,133105.61309814453,0,404327403520,8589930496,5270769664,114688
9,1791554244322,2500,2500,2500,2499,2499,2500,2500,2500,2499,2500,2499,2500,2500,2500,2500,2499,10,0,0,0,0,100,0,0,0,0,0,0,0,0,0,0,43739.247802734375,133105.8989868164,0,404327403520,8589930496,5270769664,114688
9,1791554244332,2500,2500,2500,2499,2499,2500,2500,2500,2499,2500,2499,2500,2500,2500,2500,2499,10,0,0,0,0,100,0,0,0,0,0,0,0,0,0,0,43739.40148925781,133106.21661376953,0,404327403520,8589930496,5270769664,114688
9,1791554244342,2500,2500,2500,2499,2499,2500,2500,2500,2499,2500,2499,2500,2500,2500,2500,2499,10,0,0,0,0,100,0,0,0,0,0,0,0,0,0,0,43739.575134277344,133106.56384277344,0,404327403520,8589930496,5270769664,114688
9,1791554244352,2500,2500,2500,2499,2499,2500,2500,2500,2499,2500,2499,2500,2500,2500,2500,2499,10,0,0,0,0,100,0,0,0,0,0,0,0,0,0,0,43739.73406982422,133106.88024902344,0,404327403520,8589930496,5270769664,114688
10,1791554244362,2500,2500,2500,2499,2499,2500,2500,2500,2499,2500,2499,2500,2500,2500,2500,2499,10,0,0,0,0,100,0,0,0,0,0,0,0,0,0,0,43739.889221191406,133107.189453125,0,404327403520,8589930496,5270769664,114688
9,1791554244372,2500,2500,2500,2499,2499,2500,2500,2500,2499,2500,2499,2500,2500,2500,2500,2499,10,0,0,0,0,100,0,0,0,0,0,0,0,0,0,0,43740.043029785156,133107.50122070313,0,404327403520,8589930496,5270769664,114688
10,1791554244382,2500,2500,2500,2499,2499,2500,2500,2500,2499,2500,2499,2500,2500,2500,2500,2499,10,0,0,0,0,100,0,0,0,0,0,0,0,0,0,0,43740.1982421875,133107.81524658203,0,404327403520,8589930496,5270769664,114688
9,1791554244392,2500,2500,2500,2499,2499,2500,2500,2500,2499,2500,2499,2500,2500,2500,2500,2499,10,0,0,0,0,100,0,0,0,0,0,0,0,0,0,0,43740.35681152344,133108.12860107422,0,404327403520,8589930496,5270769664,114688
9,1791554244403,2500,2500,2500,2499,2499,2500,2500,2500,2499,2500,2499,2500,2500,2500,2500,2499,10,0,0,0,0,100,0,0,0,0,0,0,0,0,0,0,43740.51025390625,133108.44201660156,0,404327403520,8589930496,5270769664,114688
10,1791554244413,2500,2500,2500,2499,2499,2500,2500,2500,2499,2500,2499,2500,2500,2500,2500,2499,10,0,0,0,0,100,0,0,0,0,0,0,0,0,0,0,43740.664794921875,133108.7554321289,0,404327403520,8589930496,5270769664,114688
9,1791554244423,2500,2500,2500,2499,2499,2500,2500,2500,2499,2500,2499,2500,2500,2500,2500,2499,10,0,0,0,0,100,0,0,0,0,0,0,0,0,0,0,43740.81848144531,133109.0692138672,0,404327403520,8589930496,5270769664,114688
10,1791554244433,2500,2500,2500,2499,2499,2500,2500,2500,2499,2500,2499,2500,2500,2500,2500,2499,10,0,0,0,0,100,0,0,0,0,0,0,0,0,0,0,43740.97393798828,133109.3803100586,0,404327403520,8589930496,5270769664,114688
9,1791554244443,2500,2500,2500,2499,2499,2500,2500,2500,2499,2500,2499,2500,2500,2500,2500,2499,10,0,0,0,0,100,0,0,0,0,0,0,0,0,0,0,43741.13067626953,133109.68939208984,0,404327403520,8589930496,5270769664,114688
9,1791554244453,2500,2500,2500,2499,2499,2500,2500,2500,2499,2500,2499,2500,2500,2500,2500,2499,10,0,0,0,0,100,0,0,0,0,0,0,0,0,0,0,43741.28302001953,133110.00164794922,0,404327403520,8589930496,5272256512,114688
9,1791554244463,2500,2500,2500,2499,2499,2500,2500,2500,2499,2500,2499,2500,2500,2500,2500,2499,10,0,0,0,0,100,0,0,0,0,0,0,0,0,0,0,43741.44122314453,133110.31622314453,0,404327403520,8589930496,5274238976,114688
9,1791554244473,2500,2500,2500,2499,2499,2500,2500,2500,2499,2500,2499,2500,2500,2500,2500,2499,10,0,0,0,0,100,0,0,0,0,0,0,0,0,0,0,43741.594665527344,133110.63012695313,0,404327403520,8589930496,5278699520,114688
9,1791554244483,2500,2500,2500,2499,2499,2500,2500,2500,2499,2500,2499,2500,2500,2500,2500,2499,10,0,0,0,0,100,0,0,0,0,0,0,0,0,0,0,43741.76843261719,133110.98083496094,0,404327403520,8589930496,5278699520,114688
9,1791554244493,2500,2500,2500,2499,2499,2500,2500,2500,2499,2500,2499,2500,2500,2500,2500,2499,10,0,0,0,0,100,0,0,0,0,0,0,0,0,0,0,43741.92022705078,133111.29260253906,0,404327403520,8589930496,5286629376,114688
9,1791554244503,2500,2500,2500,2499,2499,2500,2500,2500,2499,2500,2499,2500,2500,2500,2500,2499,10,0,0,0,0,100,0,0,0,0,0,0,0,0,0,0,43742.0712890625,133111.60083007813,0,404327403520,8589930496,5286629376,114688
9,1791554244513,2500,2500,2500,2499,2499,2500,2500,2500,2499,2500,2499,2500,2500,2500,2500,2499,5.263157844543457,0,0,0,0,100,0,5.263157844543457,0,0,5,0,0,0,0,0,43742.228759765625,133111.9154663086,0,404327403520,8589930496,5286629376,114688
9,1791554244523,2500,2500,2500,2499,2499,2500,2500,2500,2499,2500,2499,2500,2500,2500,2500,2499,5.263157844543457,0,0,0,0,100,0,5.263157844543457,0,0,5,0,0,0,0,0,43742.38330078125,133112.23498535156,0,404327403520,8589930496,5286629376,114688
10,1791554244533,2500,2500,2500,2499,2499,2500,2500,2500,2499,2500,2499,2500,2500,2500,2500,2499,5.263157844543457,0,0,0,0,100,0,5.263157844543457,0,0,5,0,0,0,0,0,43742.539306640625,133112.54583740234,0,404327403520,8589930496,5294063616,114688
9,1791554244543,2500,2500,2500,2499,2499,2500,2500,2500,2499,2500,2499,2500,2500,2500,2500,2499,5.263157844543457,0,0,0,0,100,0,5.263157844543457,0,0,5,0,0,0,0,0,43742.692932128906,133112.8634033203,0,404327403520,8589930496,5295054848,114688
10,1791554244553,2500,2500,2500,2499,2499,2500,2500,2500,2499,2500,2499,2500,2500,2500,2500,2499,5.263157844543457,0,0,0,0,100,0,5.263157844543457,0,0,5,0,0,0,0,0,43742.845275878906,133113.1831665039,0,404327403520,8589930496,5295054848,114688
10,1791554244564,2500,2500,2500,2499,2499,2500,2500,2500,2499,2500,2499,2500,2500,2500,2500,2499,5.263157844543457,0,0,0,0,100,0,5.263157844543457,0,0,5,0,0,0,0,0,43742.99597167969,133113.4969482422,0,404327403520,8589930496,5295054848,114688
9,1791554244574,2500,2500,2500,2499,2499,2500,2500,2500,2499,2500,2499,2500,2500,2500,2500,2499,5.263157844543457,0,0,0,0,100,0,5.263157844543457,0,0,5,0,0,0,0,0,43743.150146484375,133113.80792236328,0,404327403520,8589930496,5295054848,114688
10,1791554244584,2500,2500,2500,2499,2499,2500,2500,2500,2499,2500,2499,2500,2500,2500,2500,2499,5.263157844543457,0,0,0,0,100,0,5.263157844543457,0,0,5,0,0,0,0,0,43743.31091308594,133114.12463378906,0,404327403520,8589930496,5303480320,114688
9,1791554244594,2500,2500,2500,2499,2499,2500,2500,2500,2499,2500,2499,2500,2500,2500,2500,2499,5.263157844543457,0,0,0,0,100,0,5.263157844543457,0,0,5,0,0,0,0,0,43743.46307373047,133114.44140625,0,404327403520,8589930496,5303480320,114688
9,1791554244604,2500,2500,2500,2499,2499,2500,2500,2500,2499,2500,2499,2500,2500,2500,2500,2499,5.263157844543457,0,0,0,0,100,0,5.263157844543457,0,0,5,0,0,0,0,0,43743.615966796875,133114.7550048828,0,404327403520,8589930496,5303480320,114688
9,1791554244614,2500,2500,2500,2499,2499,2500,2500,2500,2499,2500,2499,2500,2500,2500,2500,2499,5.263157844543457,0,0,0,0,100,0,5.263157844543457,0,0,5,0,0,0,0,0,43743.775451660156,133115.0746459961,0,404327403520,8589930496,5303480320,114688
9,1791554244624,2500,2500,2500,2499,2499,2500,2500,2500,2499,2500,2499,2500,2500,2500,2500,2499,5.263157844543457,0,0,0,0,100,0,5.263157844543457,0,0,5,0,0,0,0,0,43743.932556152344,133115.39263916016,0,404327403520,8589930496,5311410176,114688
9,1791554244634,2500,2500,2500,2499,2499,2500,2500,2500,2499,2500,2499,2500,2500,2500,2500,2499,5.263157844543457,0,0,0,0,100,0,5.263157844543457,0,0,5,0,0,0,0,0,43744.08361816406,133115.71032714844,0,404327403520,8589930496,5311410176,114688
9,1791554244644,2500,2500,2500,2499,2499,2500,2500,2500,2499,2500,2499,2500,2500,2500,2500,2499,5.263157844543457,0,0,0,0,100,0,5.263157844543457,0,0,5,0,0,0,0,0,43744.23205566406,133116.02239990234,0,404327403520,8589930496,5311410176,114688
9,1791554244654,2500,2500,2500,2499,2499,2500,2500,2500,2499,2500,2499,2500,2500,2500,2500,2499,5.263157844543457,0,0,0,0,100,0,5.263157844543457,0,0,5,0,0,0,0,0,43744.40185546875,133116.36907958984,0,404327403520,8589930496,5311410176,114688
9,1791554244664,2500,2500,2500,2499,2499,2500,2500,2500,2499,2500,2499,2500,2500,2500,2500,2499,5.263157844543457,0,0,0,0,100,0,5.263157844543457,0,0,5,0,0,0,0,0,43744.557861328125,133116.6817626953,0,404327403520,8589930496,5311410176,114688
9,1791554244674,2500,2500,2500,2499,2499,2500,2500,2500,2499,2500,2499,2500,2500,2500,2500,2499,5.263157844543457,0,0,0,0,100,0,5.263157844543457,0,0,5,0,0,0,0,0,43744.708740234375,133117.00091552734,0,404327403520,8589930496,5319835648,114688
9,1791554244684,2500,2500,2500,2499,2499,2500,2500,2500,2499,2500,2499,2500,2500,2500,2500,2499,5.263157844543457,0,0,0,0,100,0,5.263157844543457,0,0,5,0,0,0,0,0,43744.87023925781,133117.31811523438,0,404327403520,8589930496,5319835648,114688
10,1791554244694,2500,2500,2500,2499,2499,2500,2500,2500,2499,2500,2499,2500,2500,2500,2500,2499,5.263157844543457,0,0,0,0,100,0,5.263157844543457,0,0,5,0,0,0,0,0,43745.029541015625,133117.6343383789,0,404327403520,8589930496,5319835648,114688
10,1791554244705,2500,2500,2500,2499,2499,2500,2500,2500,2499,2500,2499,2500,2500,2500,2500,2499,5.263157844543457,0,0,0,0,100,0,5.263157844543457,0,0,5,0,0,0,0,0,43745.18878173828,133117.9448852539,0,404327403520,8589930496,5319835648,114688
10,1791554244715,2500,2500,2500,2499,2499,2500,2500,2500,2499,2500,2499,2500,2500,2500,2500,2499,0,0,0,0,0,100,0,5,5,0,0,0,0,0,0,0,43745.344787597656,133118.26135253906,0,404327403520,8589930496,5328261120,114688
9,1791554244725,2500,2500,2500,2499,2499,2500,2500,2500,2499,2500,2499,2500,2500,2500,2500,2499,0,0,0,0,0,100,0,5,5,0,0,0,0,0,0,0,43745.497009277344,133118.57556152344,0,404327403520,8589930496,5328261120,114688
9,1791554244735,2500,2500,2500,2499,2499,2500,2500,2500,2499,2500,2499,2500,2500,2500,2500,2499,0,0,0,0,0,100,0,5,5,0,0,0,0,0,0,0,43745.64990234375,133118.8931274414,0,404327403520,8589930496,5328261120,114688
9,1791554244745,2500,2500,2500,2499,2499,2500,2500,2500,2499,2500,2499,2500,2500,2500,2500,2499,0,0,0,0,0,100,0,5,5,0,0,0,0,0,0,0,43745.80206298828,133119.21228027344,0,404327403520,8589930496,5328261120,114688
9,1791554244755,2500,2500,2500,2499,2499,2500,2500,2500,2499,2500,2499,2500,2500,2500,2500,2499,0,0,0,0,0,100,0,5,5,0,0,0,0,0,0,0,43745.95642089844,133119.53295898438,0,404327403520,8589930496,5328261120,114688
9,1791554244765,2500,2500,2500,2499,2499,2500,2500,2500,2499,2500,2499,2500,2500,2500,2500,2499,0,0,0,0,0,100,0,5,5,0,0,0,0,0,0,0,43746.114990234375,133119.8494873047,0,404327403520,8589930496,5336190976,114688
9,1791554244775,2500,2500,2500,2499,2499,2500,2500,2500,2499,2500,2499,2500,2500,2500,2500,2499,0,0,0,0,0,100,0,5,5,0,0,0,0,0,0,0,43746.26788330078,133120.17016601563,0,404327403520,8589930496,5336190976,114688
10,1791554244785,2500,2500,2500,2499,2499,2500,2500,2500,2499,2500,2499,2500,2500,2500,2500,2499,0,0,0,0,0,100,0,5,5,0,0,0,0,0,0,0,43746.425720214844,133120.4838256836,0,404327403520,8589930496,5336190976,114688
9,1791554244795,2500,2500,2500,2499,2499,2500,2500,2500,2499,2500,2499,2500,2500,2500,2500,2499,0,0,0,0,0,100,0,5,5,0,0,0,0,0,0,0,43746.59362792969,133120.8299560547,0,404327403520,8589930496,5336190976,114688
9,1791554244805,2500,2500,2500,2499,2499,2500,2500,2500,2499,2500,2499,2500,2500,2500,2500,2499,0,0,0,0,0,100,0,5,5,0,0,0,0,0,0,0,43746.74462890625,133121.1436767578,0,404327403520,8589930496,5344616448,114688
10,1791554244815,2500,2500,2500,2499,2499,2500,2500,2500,2499,2500,2499,2500,2500,2500,2500,2499,0,0,0,0,0,100,0,5,5,0,0,0,0,0,0,0,43746.880859375,133121.42706298828,0,404327403520,8589930496,5344616448,114688
9,1791554244825,2500,2500,2500,2499,2499,2500,2500,2500,2499,2500,2499,2500,2500,2500,2500,2499,0,0,0,0,0,100,0,5,5,0,0,0,0,0,0,0,43747.05041503906,133121.77740478516,0,404327403520,8589930496,5344616448,114688
9,1791554244836,2500,2500,2500,2499,2499,2500,2500,2500,2499,2500,2499,2500,2500,2500,2500,2499,0,0,0,0,0,100,0,5,5,0,0,0,0,0,0,0,43747.20227050781,133122.0926513672,0,404327403520,8589930496,5344616448,114688
10,1791554244846,2500,2500,2500,2499,2499,2500,2500,2500,2499,2500,2499,2500,2500,2500,2500,2499,0,0,0,0,0,100,0,5,5,0,0,0,0,0,0,0,43747.35485839844,133122.40704345703,0,404327403520,8589930496,5353041920,114688
9,1791554244856,2500,2500,2500,2499,2499,2500,2500,2500,2499,2500,2499,2500,2500,2500,2500,2499,0,0,0,0,0,100,0,5,5,0,0,0,0,0,0,0,43747.50811767578,133122.71752929688,0,404327403520,8589930496,5353041920,114688
9,1791554244866,2500,2500,2500,2499,2499,2500,2500,2500,2499,2500,2499,2500,2500,2500,2500,2499,0,0,0,0,0,100,0,5,5,0,0,0,0,0,0,0,43747.65881347656,133123.03314208984,0,404327403520,8589930496,5353041920,114688
9,1791554244876,2500,2500,2500,2499,2499,2500,2500,2500,2499,2500,2499,2500,2500,2500,2500,2499,0,0,0,0,0,100,0,5,5,0,0,0,0,0,0,0,43747.80749511719,133123.34985351563,0,404327403520,8589930496,5353041920,114688
9,1791554244886,2500,2500,2500,2499,2499,2500,2500,2500,2499,2500,2499,2500,2500,2500,2500,2499,0,0,0,0,0,100,0,5,5,0,0,0,0,0,0,0,43747.95764160156,133123.66845703125,0,404327403520,8589930496,5353041920,114688
9,1791554244896,2500,2500,2500,2499,2499,2500,2500,2500,2499,2500,2499,2500,2500,2500,2500,2499,0,0,0,0,0,100,0,5,5,0,0,0,0,0,0,0,43748.11474609375,133123.98181152344,0,404327403520,8589930496,5360971776,114688
10,1791554244906,2500,2500,2500,2499,2499,2500,2500,2500,2499,2500,2499,2500,2500,2500,2500,2499,0,0,0,0,0,100,0,5,5,0,0,0,0,0,0,0,43748.26873779297,133124.30017089844,0,404327403520,8589930496,5360971776,114688
10,1791554244916,2500,2500,2500,2499,2499,2500,2500,2500,2499,2500,2499,2500,2500,2500,2500,2499,5.263157844543457,5,0,4.761904716491699,0,100,0,5.263157844543457,0,0,0,0,0,0,0,0,43748.418701171875,133124.61651611328,0,404327403520,8589930496,5360971776,114688
9,1791554244926,2500,2500,2500,2499,2499,2500,2500,2500,2499,2500,2499,2500,2500,2500,2500,2499,5.263157844543457,5,0,4.761904716491699,0,100,0,5.263157844543457,0,0,0,0,0,0,0,0,43748.573791503906,133124.93048095703,0,404327403520,8589930496,5360971776,114688
10,1791554244936,2500,2500,2500,2499,2499,2500,2500,2500,2499,2500,2499,2500,2500,2500,2500,2499,5.263157844543457,5,0,4.761904716491699,0,100,0,5.263157844543457,0,0,0,0,0,0,0,0,43748.726318359375,133125.25231933594,0,404327403520,8589930496,5369397248,114688
10,1791554244946,2500,2500,2500,2499,2499,2500,2500,2500,2499,2500,2499,2500,2500,2500,2500,2499,5.263157844543457,5,0,4.761904716491699,0,100,0,5.263157844543457,0,0,0,0,0,0,0,0,43748.877380371094,133125.56719970703,0,404327403520,8589930496,5369397248,114688
9,1791554244956,2500,2500,2500,2499,2499,2500,2500,2500,2499,2500,2499,2500,2500,2500,2500,2499,5.263157844543457,5,0,4.761904716491699,0,100,0,5.263157844543457,0,0,0,0,0,0,0,0,43749.0322265625,133125.8790283203,0,404327403520,8589930496,5369397248,114688
9,1791554244966,2500,2500,2500,2499,2499,2500,2500,2500,2499,2500,2499,2500,2500,2500,2500,2499,5.263157844543457,5,0,4.761904716491699,0,100,0,5.263157844543457,0,0,0,0,0,0,0,0,43749.19958496094,133126.2247314453,0,404327403520,8589930496,5369397248,114688
9,1791554244976,2500,2500,2500,2499,2499,2500,2500,2500,2499,2500,2499,2500,2500,2500,2500,2499,5.263157844543457,5,0,4.761904716491699,0,100,0,5.263157844543457,0,0,0,0,0,0,0,0,43749.335998535156,133126.51361083984,0,404327403520,8589930496,5369397248,114688
10,1791554244986,2500,2500,2500,2499,2499,2500,2500,2500,2499,2500,2499,2500,2500,2500,2500,2499,5.263157844543457,5,0,4.761904716491699,0,100,0,5.263157844543457,0,0,0,0,0,0,0,0,43749.48907470703,133126.82745361328,0,404327403520,8589930496,5377822720,114688
9,1791554244997,2500,2500,2500,2499,2499,2500,2500,2500,2499,2500,2499,2500,2500,2500,2500,2499,5.263157844543457,5,0,4.761904716491699,0,100,0,5.263157844543457,0,0,0,0,0,0,0,0,43749.65789794922,133127.17504882813,0,404327403520,8589930496,5377822720,114688
9,1791554245007,2500,2500,2500,2499,2499,2500,2500,2500,2499,2500,2499,2500,2500,2500,2500,2499,5.263157844543457,5,0,4.761904716491699,0,100,0,5.263157844543457,0,0,0,0,0,0,0,0,43749.81463623047,133127.48596191406,0,404327403520,8589930496,5377822720,114688
9,1791554245017,2500,2500,2500,2499,2499,2500,2500,2500,2499,2500,2499,2500,2500,2500,2500,2499,5.263157844543457,5,0,4.761904716491699,0,100,0,5.263157844543457,0,0,0,0,0,0,0,0,43749.96697998047,133127.80517578125,0,404327403520,8589930496,5377822720,114688
10,1791554245027,2500,2500,2500,2499,2499,2500,2500,2500,2499,2500,2499,2500,2500,2500,2500,2499,5.263157844543457,5,0,4.761904716491699,0,100,0,5.263157844543457,0,0,0,0,0,0,0,0,43750.12274169922,133128.12451171875,0,404327403520,8589930496,5385752576,114688
10,1791554245037,2500,2500,2500,2499,2499,2500,2500,2500,2499,2500,2499,2500,2500,2500,2500,2499,5.263157844543457,5,0,4.761904716491699,0,100,0,5.263157844543457,0,0,0,0,0,0,0,0,43750.280029296875,133128.44372558594,0,404327403520,8589930496,5385752576,114688
9,1791554245047,2500,2500,2500,2499,2499,2500,2500,2500,2499,2500,2499,2500,2500,2500,2500,2499,5.263157844543457,5,0,4.761904716491699,0,100,0,5.263157844543457,0,0,0,0,0,0,0,0,43750.435119628906,133128.76263427734,0,404327403520,8589930496,5385752576,114688
10,1791554245057,2500,2500,2500,2499,2499,2500,2500,2500,2499,2500,2499,2500,2500,2500,2500,2499,5.263157844543457,5,0,4.761904716491699,0,100,0,5.263157844543457,0,0,0,0,0,0,0,0,43750.585388183594,133129.07733154297,0,404327403520,8589930496,5385752576,114688
9,1791554245067,2500,2500,2500,2499,2499,2500,2500,2500,2499,2500,2499,2500,2500,2500,2500,2499,5.263157844543457,5,0,4.761904716491699,0,100,0,5.263157844543457,0,0,0,0,0,0,0,0,43750.738037109375,133129.39428710938,0,404327403520,8589930496,5385752576,114688
9,1791554245077,2500,2500,2500,2499,2499,2500,2500,2500,2499,2500,2499,2500,2500,2500,2500,2499,5.263157844543457,5,0,4.761904716491699,0,100,0,5.263157844543457,0,0,0,0,0,0,0,0,43750.89221191406,133129.70806884766,0,404327403520,8589930496,5394178048,114688
9,1791554245087,2500,2500,2500,2499,2499,2500,2500,2500,2499,2500,2499,2500,2500,2500,2500,2499,5.263157844543457,5,0,4.761904716491699,0,100,0,5.263157844543457,0,0,0,0,0,0,0,0,43751.04138183594,133130.02752685547,0,404327403520,8589930496,5394178048,114688
9,1791554245097,2500,2500,2500,2499,2499,2500,2500,2500,2499,2500,2499,2500,2500,2500,2500,2499,5.263157844543457,5,0,4.761904716491699,0,100,0,5.263157844543457,0,0,0,0,0,0,0,0,43751.19268798828,133130.34490966797,0,404327403520,8589930496,5382049792,114688
9,1791554245107,2500,2500,2500,2499,2499,2500,2500,2500,2499,2500,2499,2500,2500,2500,2500,2499,5.263157844543457,5,0,4.761904716491699,0,100,0,5.263157844543457,0,0,0,0,0,0,0,0,43751.35021972656,133130.658203125,0,404327403520,8589930496,5382049792,114688
10,1791554245117,2500,2500,2500,2499,2499,2500,2500,2500,2499,2500,2499,2500,2500,2500,2500,2499,5.263157844543457,0,0,0,0,100,4.761904716491699,5,0,0,0,0,0,0,0,0,43751.50604248047,133130.9750366211,0,404327403520,8589930496,5389979648,114688
9,1791554245128,2500,2500,2500,2499,2499,2500,2500,2500,2499,2500,2499,2500,2500,2500,2500,2499,5.263157844543457,0,0,0,0,100,4.761904716491699,5,0,0,0,0,0,0,0,0,43751.65490722656,133131.2811279297,0,404327403520,8589930496,5389979648,114688
9,1791554245138,2500,2500,2500,2499,2499,2500,2500,2500,2499,2500,2499,2500,2500,2500,2500,2499,5.263157844543457,0,0,0,0,100,4.761904716491699,5,0,0,0,0,0,0,0,0,43751.811096191406,133131.59313964844,0,404327403520,8589930496,5389979648,114688
9,1791554245148,2500,2500,2500,2499,2499,2500,2500,2500,2499,2500,2499,2500,2500,2500,2500,2499,5.263157844543457,0,0,0,0,100,4.761904716491699,5,0,0,0,0,0,0,0,0,43751.979553222656,133131.94073486328,0,404327403520,8589930496,5389979648,114688
9,1791554245158,2500,2500,2500,2499,2499,2500,2500,2500,2499,2500,2499,2500,2500,2500,2500,2499,5.263157844543457,0,0,0,0,100,4.761904716491699,5,0,0,0,0,0,0,0,0,43752.131896972656,133132.25518798828,0,404327403520,8589930496,5398405120,114688
10,1791554245168,2500,2500,2500,2499,2499,2500,2500,2500,2499,2500,2499,2500,2500,2500,2500,2499,5.263157844543457,0,0,0,0,100,4.761904716491699,5,0,0,0,0,0,0,0,0,43752.271057128906,133132.5433959961,0,404327403520,8589930496,5394059264,114688
9,1791554245178,2500,2500,2500,2499,2499,2500,2500,2500,2499,2500,2499,2500,2500,2500,2500,2499,5.263157844543457,0,0,0,0,100,4.761904716491699,5,0,0,0,0,0,0,0,0,43752.442443847656,133132.89544677734,0,404327403520,8589930496,5401989120,114688
9,1791554245188,2500,2500,2500,2499,2499,2500,2500,2500,2499,2500,2499,2500,2500,2500,2500,2499,5.263157844543457,0,0,0,0,100,4.761904716491699,5,0,0,0,0,0,0,0,0,43752.59716796875,133133.2153930664,0,404327403520,8589930496,5401989120,114688
9,1791554245198,2500,2500,2500,2499,2499,2500,2500,2500,2499,2500,2499,2500,2500,2500,2500,2499,5.263157844543457,0,0,0,0,100,4.761904716491699,5,0,0,0,0,0,0,0,0,43752.750244140625,133133.49755859375,0,404327403520,8589930496,5401989120,114688
9,1791554245208,2500,2500,2500,2499,2499,2500,2500,2500,2499,2500,2499,2500,2500,2500,2500,2499,5.263157844543457,0,0,0,0,100,4.761904716491699,5,0,0,0,0,0,0,0,0,43752.89892578125,133133.84844970703,0,404327403520,8589930496,5410414592,114688
9,1791554245218,2500,2500,2500,2499,2499,2500,2500,2500,2499,2500,2499,2500,2500,2500,2500,2499,5.263157844543457,0,0,0,0,100,4.761904716491699,5,0,0,0,0,0,0,0,0,43753.05407714844,133134.16174316406,0,404327403520,8589930496,5410414592,114688
9,1791554245228,2500,2500,2500,2499,2499,2500,2500,2500,2499,2500,2499,2500,2500,2500,2500,2499,5.263157844543457,0,0,0,0,100,4.761904716491699,5,0,0,0,0,0,0,0,0,43753.205322265625,133134.4786376953,0,404327403520,8589930496,5410414592,114688
9,1791554245238,2500,2500,2500,2499,2499,2500,2500,2500,2499,2500,2499,2500,2500,2500,2500,2499,5.263157844543457,0,0,0,0,100,4.761904716491699,5,0,0,0,0,0,0,0,0,43753.359619140625,133134.79315185547,0,404327403520,8589930496,5410414592,114688
9,1791554245248,2500,2500,2500,2499,2499,2500,2500,2500,2499,2500,2499,2500,2500,2500,2500,2499,5.263157844543457,0,0,0,0,100,4.761904716491699,5,0,0,0,0,0,0,0,0,43753.515625,133135.10900878906,0,404327403520,8589930496,5418840064,114688
9,1791554245259,2500,2500,2500,2499,2499,2500,2500,2500,2499,2500,2499,2500,2500,2500,2500,2499,5.263157844543457,0,0,0,0,100,4.761904716491699,5,0,0,0,0,0,0,0,0,43753.669982910156,133135.42218017578,0,404327403520,8589930496,5418840064,114688
9,1791554245268,2500,2500,2500,2499,2499,2500,2500,2500,2499,2500,2499,2500,2500,2500,2500,2499,5.263157844543457,0,0,0,0,100,4.761904716491699,5,0,0,0,0,0,0,0,0,43753.82434082031,133135.73345947266,0,404327403520,8589930496,5418840064,114688
10,1791554245279,2500,2500,2500,2499,2499,2500,2500,2500,2499,2500,2499,2500,2500,2500,2500,2499,5.263157844543457,0,0,0,0,100,4.761904716491699,5,0,0,0,0,0,0,0,0,43753.97961425781,133136.05041503906,0,404327403520,8589930496,5418840064,114688
10,1791554245289,2500,2500,2500,2499,2499,2500,2500,2500,2499,2500,2499,2500,2500,2500,2500,2499,5.263157844543457,0,0,0,0,100,4.761904716491699,5,0,0,0,0,0,0,0,0,43754.13049316406,133136.36877441406,0,404327403520,8589930496,5418840064,114688
9,1791554245299,2500,2500,2500,2499,2499,2500,2500,2500,2499,2500,2499,2500,2500,2500,2500,2499,5.263157844543457,0,0,0,0,100,4.761904716491699,5,0,0,0,0,0,0,0,0,43754.28936767578,133136.6849975586,0,404327403520,8589930496,5426769920,114688
9,1791554245309,2500,2500,2500,2499,2499,2500,2500,2500,2499,2500,2499,2500,2500,2500,2500,2499,5.263157844543457,0,0,0,0,100,4.761904716491699,5,0,0,0,0,0,0,0,0,43754.44384765625,133136.9971923828,0,404327403520,8589930496,5426769920,114688
9,1791554245319,2500,2500,2500,2499,2499,2500,2500,2500,2499,2500,2499,2500,2500,2500,2500,2499,0,0,0,0,0,100,0,10,0,0,0,0,0,0,0,0,43754.59619140625,133137.31451416016,0,404327403520,8589930496,5426769920,114688
9,1791554245329,2500,2500,2500,2499,2499,2500,2500,2500,2499,2500,2499,2500,2500,2500,2500,2499,0,0,0,0,0,100,0,10,0,0,0,0,0,0,0,0,43754.75164794922,133137.62811279297,0,404327403520,8589930496,5426769920,114688
9,1791554245339,2500,2500,2500,2499,2499,2500,2500,2500,2499,2500,2499,2500,2500,2500,2500,2499,0,0,0,0,0,100,0,10,0,0,0,0,0,0,0,0,43754.921936035156,133137.97094726563,0,404327403520,8589930496,5435195392,114688
9,1791554245349,2500,2500,2500,2499,2499,2500,2500,2500,2499,2500,2499,2500,2500,2500,2500,2499,0,0,0,0,0,100,0,10,0,0,0,0,0,0,0,0,43755.0751953125,133138.28515625,0,404327403520,8589930496,5435195392,114688
9,1791554245359,2500,2500,2500,2499,2499,2500,2500,2500,2499,2500,2499,2500,2500,2500,2500,2499,0,0,0,0,0,100,0,10,0,0,0,0,0,0,0,0,43755.23193359375,133138.59729003906,0,404327403520,8589930496,5435195392,114688
10,1791554245369,2500,2500,2500,2499,2499,2500,2500,2500,2499,2500,2499,2500,2500,2500,2500,2499,0,0,0,0,0,100,0,10,0,0,0,0,0,0,0,0,43755.383544921875,133138.90911865234,0,404327403520,8589930496,5435195392,114688
10,1791554245379,2500,2500,2500,2499,2499,2500,2500,2500,2499,2500,2499,2500,2500,2500,2500,2499,0,0,0,0,0,100,0,10,0,0,0,0,0,0,0,0,43755.53479003906,133139.22357177734,0,404327403520,8589930496,5436186624,114688
10,1791554245389,2500,2500,2500,2499,2499,2500,2500,2500,2499,2500,2499,2500,2500,2500,2500,2499,0,0,0,0,0,100,0,10,0,0,0,0,0,0,0,0,43755.69354248047,133139.53466796875,0,404327403520,8589930496,5443620864,114688
9,1791554245399,2500,2500,2500,2499,2499,2500,2500,2500,2499,2500,2499,2500,2500,2500,2500,2499,0,0,0,0,0,100,0,10,0,0,0,0,0,0,0,0,43755.845703125,133139.84997558594,0,404327403520,8589930496,5443620864,114688
9,1791554245409,2500,2500,2500,2499,2499,2500,2500,2500,2499,2500,2499,2500,2500,2500,2500,2499,0,0,0,0,0,100,0,10,0,0,0,0,0,0,0,0,43756.000915527344,133140.1583251953,0,404327403520,8589930496,5443620864,114688
10,1791554245420,2500,2500,2500,2499,2499,2500,2500,2500,2499,2500,2499,2500,2500,2500,2500,2499,0,0,0,0,0,100,0,10,0,0,0,0,0,0,0,0,43756.15637207031,133140.4711303711,0,404327403520,8589930496,5443620864,114688
9,1791554245430,2500,2500,2500,2499,2499,2500,2500,2500,2499,2500,2499,2500,2500,2500,2500,2499,0,0,0,0,0,100,0,10,0,0,0,0,0,0,0,0,43756.30743408203,133140.78533935547,0,404327403520,8589930496,5451550720,114688
10,1791554245440,2500,2500,2500,2499,2499,2500,2500,2500,2499,2500,2499,2500,2500,2500,2500,2499,0,0,0,0,0,100,0,10,0,0,0,0,0,0,0,0,43756.46691894531,133141.09552001953,0,404327403520,8589930496,5451550720,114688
9,1791554245450,2500,2500,2500,2499,2499,2500,2500,2500,2499,2500,2499,2500,2500,2500,2500,2499,0,0,0,0,0,100,0,10,0,0,0,0,0,0,0,0,43756.623291015625,133141.41436767578,0,404327403520,8589930496,5451550720,114688
9,1791554245460,2500,2500,2500,2499,2499,2500,2500,2500,2499,2500,2499,2500,2500,2500,2500,2499,0,0,0,0,0,100,0,10,0,0,0,0,0,0,0,0,43756.774169921875,133141.73095703125,0,404327403520,8589930496,5451550720,114688
10,1791554245470,2500,2500,2500,2499,2499,2500,2500,2500,2499,2500,2499,2500,2500,2500,2500,2499,0,0,0,0,0,100,0,10,0,0,0,0,0,0,0,0,43756.92761230469,133142.04620361328,0,404327403520,8589930496,5459976192,114688
9,1791554245480,2500,2500,2500,2499,2499,2500,2500,2500,2499,2500,2499,2500,2500,2500,2500,2499,0,0,0,0,0,100,0,10,0,0,0,0,0,0,0,0,43757.08288574219,133142.35711669922,0,404327403520,8589930496,5459976192,114688
9,1791554245490,2500,2500,2500,2499,2499,2500,2500,2500,2499,2500,2499,2500,2500,2500,2500,2499,0,0,0,0,0,100,0,10,0,0,0,0,0,0,0,0,43757.23614501953,133142.6693725586,0,404327403520,8589930496,5459976192,114688
9,1791554245500,2500,2500,2500,2499,2499,2500,2500,2500,2499,2500,2499,2500,2500,2500,2500,2499,0,0,0,0,0,100,0,10,0,0,0,0,0,0,0,0,43757.38903808594,133142.9857788086,0,404327403520,8589930496,5459976192,114688
10,1791554245510,2500,2500,2500,2499,2499,2500,2500,2500,2499,2500,2499,2500,2500,2500,2500,2499,0,0,0,0,0,100,0,10,0,0,0,0,0,0,0,0,43757.54357910156,133143.294921875,0,404327403520,8589930496,5459976192,114688
9,1791554245520,2500,2500,2500,2499,2499,2500,2500,2500,2499,2500,2499,2500,2500,2500,2500,2499,5,0,0,0,0,100,0,5,0,0,9.523809432983398,0,0,0,0,0,43757.72375488281,133143.63873291016,0,404327403520,8589930496,5468401664,114688
9,1791554245530,2500,2500,2500,2499,2499,2500,2500,2500,2499,2500,2499,2500,2500,2500,2500,2499,5,0,0,0,0,100,0,5,0,0,9.523809432983398,0,0,0,0,0,43757.884521484375,133143.95739746094,0,404327403520,8589930496,5468401664,114688
10,1791554245540,2500,2500,2500,2499,2499,2500,2500,2500,2499,2500,2499,2500,2500,2500,2500,2499,5,0,0,0,0,100,0,5,0,0,9.523809432983398,0,0,0,0,0,43758.039978027344,133144.27502441406,0,404327403520,8589930496,5468401664,114688
9,1791554245550,2500,2500,2500,2499,2499,2500,2500,2500,2499,2500,2499,2500,2500,2500,2500,2499,5,0,0,0,0,100,0,5,0,0,9.523809432983398,0,0,0,0,0,43758.19598388672,133144.58459472656,0,404327403520,8589930496,5468401664,114688
9,1791554245561,2500,2500,2500,2499,2499,2500,2500,2500,2499,2500,2499,2500,2500,2500,2500,2499,5,0,0,0,0,100,0,5,0,0,9.523809432983398,0,0,0,0,0,43758.351989746094,133144.9013671875,0,404327403520,8589930496,5468401664,114688
9,1791554245571,2500,2500,2500,2499,2499,2500,2500,2500,2499,2500,2499,2500,2500,2500,2500,2499,5,0,0,0,0,100,0,5,0,0,9.523809432983398,0,0,0,0,0,43758.50762939453,133145.2172241211,0,404327403520,8589930496,5476331520,114688
9,1791554245581,2500,2500,2500,2499,2499,2500,2500,2500,2499,2500,2499,2500,2500,2500,2500,2499,5,0,0,0,0,100,0,5,0,0,9.523809432983398,0,0,0,0,0,43758.66143798828,133145.53173828125,0,404327403520,8589930496,5476331520,114688
9,1791554245591,2500,2500,2500,2499,2499,2500,2500,2500,2499,2500,2499,2500,2500,2500,2500,2499,5,0,0,0,0,100,0,5,0,0,9.523809432983398,0,0,0,0,0,43758.81433105469,133145.84698486328,0,404327403520,8589930496,5476331520,114688
9,1791554245601,2500,2500,2500,2499,2499,2500,2500,2500,2499,2500,2499,2500,2500,2500,2500,2499,5,0,0,0,0,100,0,5,0,0,9.523809432983398,0,0,0,0,0,43758.96728515625,133146.1635131836,0,404327403520,8589930496,5476331520,114688
9,1791554245611,2500,2500,2500,2499,2499,2500,2500,2500,2499,2500,2499,2500,2500,2500,2500,2499,5,0,0,0,0,100,0,5,0,0,9.523809432983398,0,0,0,0,0,43759.12420654297,133146.48376464844,0,404327403520,8589930496,5484756992,114688
9,1791554245621,2500,2500,2500,2499,2499,2500,2500,2500,2499,2500,2499,2500,2500,2500,2500,2499,5,0,0,0,0,100,0,5,0,0,9.523809432983398,0,0,0,0,0,43759.281677246094,133146.79913330078,0,404327403520,8589930496,5484756992,114688
9,1791554245631,2500,2500,2500,2499,2499,2500,2500,2500,2499,2500,2499,2500,2500,2500,2500,2499,5,0,0,0,0,100,0,5,0,0,9.523809432983398,0,0,0,0,0,43759.43896484375,133147.1170654297,0,404327403520,8589930496,5484756992,114688
9,1791554245641,2500,2500,2500,2499,2499,2500,2500,2500,2499,2500,2499,2500,2500,2500,2500,2499,5,0,0,0,0,100,0,5,0,0,9.523809432983398,0,0,0,0,0,43759.596252441406,133147.4365234375,0,404327403520,8589930496,5484756992,114688
9,1791554245651,2500,2500,2500,2499,2499,2500,2500,2500,2499,2500,2499,2500,2500,2500,2500,2499,5,0,0,0,0,100,0,5,0,0,9.523809432983398,0,0,0,0,0,43759.751525878906,133147.75579833984,0,404327403520,8589930496,5484756992,114688
9,1791554245661,2500,2500,2500,2499,2499,2500,2500,2500,2499,2500,2499,2500,2500,2500,2500,2499,5,0,0,0,0,100,0,5,0,0,9.523809432983398,0,0,0,0,0,43759.905334472656,133148.0733642578,0,404327403520,8589930496,5493182464,114688
10,1791554245671,2500,2500,2500,2499,2499,2500,2500,2500,2499,2500,2499,2500,2500,2500,2500,2499,5,0,0,0,0,100,0,5,0,0,9.523809432983398,0,0,0,0,0,43760.06170654297,133148.3963623047,0,404327403520,8589930496,5493182464,114688
9,1791554245681,2500,2500,2500,2499,2499,2500,2500,2500,2499,2500,2499,2500,2500,2500,2500,2499,5,0,0,0,0,100,0,5,0,0,9.523809432983398,0,0,0,0,0,43760.23712158203,133148.70642089844,0,404327403520,8589930496,5493182464,114688
9,1791554245691,2500,2500,2500,2499,2499,2500,2500,2500,2499,2500,2499,2500,2500,2500,2500,2499,5,0,0,0,0,100,0,5,0,0,9.523809432983398,0,0,0,0,0,43760.38983154297,133149.05249023438,0,404327403520,8589930496,5493182464,114688
10,1791554245701,2500,2500,2500,2499,2499,2500,2500,2500,2499,2500,2499,2500,2500,2500,2500,2499,5,0,0,0,0,100,0,5,0,0,9.523809432983398,0,0,0,0,0,43760.546142578125,133149.37298583984,0,404327403520,8589930496,5501112320,114688
9,1791554245712,2500,2500,2500,2499,2499,2500,2500,2500,2499,2500,2499,2500,2500,2500,2500,2499,5,0,0,0,0,100,0,5,0,0,9.523809432983398,0,0,0,0,0,43760.70471191406,133149.69018554688,0,404327403520,8589930496,5501112320,114688
9,1791554245722,2500,2500,2500,2499,2499,2500,2500,2500,2499,2500,2499,2500,2500,2500,2500,2499,5.263157844543457,0,0,0,0,100,0,5,0,0,0,0,0,0,0,0,43760.86437988281,133150.00567626953,0,404327403520,8589930496,5501112320,114688
10,1791554245732,2500,2500,2500,2499,2499,2500,2500,2500,2499,2500,2499,2500,2500,2500,2500,2499,5.263157844543457,0,0,0,0,100,0,5,0,0,0,0,0,0,0,0,43761.020080566406,133150.32342529297,0,404327403520,8589930496,5501112320,114688
9,1791554245742,2500,2500,2500,2499,2499,2500,2500,2500,2499,2500,2499,2500,2500,2500,2500,2499,5.263157844543457,0,0,0,0,100,0,5,0,0,0,0,0,0,0,0,43761.17517089844,133150.64697265625,0,404327403520,8589930496,5501112320,114688
9,1791554245752,2500,2500,2500,2499,2499,2500,2500,2500,2499,2500,2499,2500,2500,2500,2500,2499,5.263157844543457,0,0,0,0,100,0,5,0,0,0,0,0,0,0,0,43761.33557128906,133150.96057128906,0,404327403520,8589930496,5509537792,114688
9,1791554245762,2500,2500,2500,2499,2499,2500,2500,2500,2499,2500,2499,2500,2500,2500,2500,2499,5.263157844543457,0,0,0,0,100,0,5,0,0,0,0,0,0,0,0,43761.494140625,133151.2724609375,0,404327403520,8589930496,5509537792,114688
9,1791554245772,2500,2500,2500,2499,2499,2500,2500,2500,2499,2500,2499,2500,2500,2500,2500,2499,5.263157844543457,0,0,0,0,100,0,5,0,0,0,0,0,0,0,0,43761.6494140625,133151.58715820313,0,404327403520,8589930496,5509537792,114688
9,1791554245782,2500,2500,2500,2499,2499,2500,2500,2500,2499,2500,2499,2500,2500,2500,2500,2499,5.263157844543457,0,0,0,0,100,0,5,0,0,0,0,0,0,0,0,43761.80285644531,133151.9012451172,0,404327403520,8589930496,5509537792,114688
9,1791554245792,2500,2500,2500,2499,2499,2500,2500,2500,2499,2500,2499,2500,2500,2500,2500,2499,5.263157844543457,0,0,0,0,100,0,5,0,0,0,0,0,0,0,0,43761.95959472656,133152.21612548828,0,404327403520,8589930496,5517963264,114688
9,1791554245802,2500,2500,2500,2499,2499,2500,2500,2500,2499,2500,2499,2500,2500,2500,2500,2499,5.263157844543457,0,0,0,0,100,0,5,0,0,0,0,0,0,0,0,43762.11798095703,133152.53009033203,0,404327403520,8589930496,5517963264,114688
10,1791554245812,2500,2500,2500,2499,2499,2500,2500,2500,2499,2500,2499,2500,2500,2500,2500,2499,5.263157844543457,0,0,0,0,100,0,5,0,0,0,0,0,0,0,0,43762.2763671875,133152.8438720703,0,404327403520,8589930496,5517963264,114688
10,1791554245822,2500,2500,2500,2499,2499,2500,2500,2500,2499,2500,2499,2500,2500,2500,2500,2499,5.263157844543457,0,0,0,0,100,0,5,0,0,0,0,0,0,0,0,43762.431640625,133153.15496826172,0,404327403520,8589930496,5517963264,114688
9,1791554245833,2500,2500,2500,2499,2499,2500,2500,2500,2499,2500,2499,2500,2500,2500,2500,2499,5.263157844543457,0,0,0,0,100,0,5,0,0,0,0,0,0,0,0,43762.587463378906,133153.47479248047,0,404327403520,8589930496,5525893120,114688
9,1791554245843,2500,2500,2500,2499,2499,2500,2500,2500,2499,2500,2499,2500,2500,2500,2500,2499,5.263157844543457,0,0,0,0,100,0,5,0,0,0,0,0,0,0,0,43762.76287841797,133153.82305908203,0,404327403520,8589930496,5525893120,114688
9,1791554245853,2500,2500,2500,2499,2499,2500,2500,2500,2499,2500,2499,2500,2500,2500,2500,2499,5.263157844543457,0,0,0,0,100,0,5,0,0,0,0,0,0,0,0,43762.921630859375,133154.13989257813,0,404327403520,8589930496,5525893120,114688
9,1791554245863,2500,2500,2500,2499,2499,2500,2500,2500,2499,2500,2499,2500,2500,2500,2500,2499,5.263157844543457,0,0,0,0,100,0,5,0,0,0,0,0,0,0,0,43763.08093261719,133154.45373535156,0,404327403520,8589930496,5525893120,114688
9,1791554245873,2500,2500,2500,2499,2499,2500,2500,2500,2499,2500,2499,2500,2500,2500,2500,2499,5.263157844543457,0,0,0,0,100,0,5,0,0,0,0,0,0,0,0,43763.23962402344,133154.77172851563,0,404327403520,8589930496,5525893120,114688
9,1791554245883,2500,2500,2500,2499,2499,2500,2500,2500,2499,2500,2499,2500,2500,2500,2500,2499,5.263157844543457,0,0,0,0,100,0,5,0,0,0,0,0,0,0,0,43763.39874267578,133155.08172607422,0,404327403520,8589930496,5534318592,114688
10,1791554245893,2500,2500,2500,2499,2499,2500,2500,2500,2499,2500,2499,2500,2500,2500,2500,2499,5.263157844543457,0,0,0,0,100,0,5,0,0,0,0,0,0,0,0,43763.556579589844,133155.3969116211,0,404327403520,8589930496,5534318592,114688
9,1791554245903,2500,2500,2500,2499,2499,2500,2500,2500,2499,2500,2499,2500,2500,2500,2500,2499,5.263157844543457,0,0,0,0,100,0,5,0,0,0,0,0,0,0,0,43763.716796875,133155.7123413086,0,404327403520,8589930496,5534318592,114688
9,1791554245913,2500,2500,2500,2499,2499,2500,2500,2500,2499,2500,2499,2500,2500,2500,2500,2499,5.263157844543457,0,0,0,0,100,0,5,0,0,0,0,0,0,0,0,43763.87158203125,133156.02838134766,0,404327403520,8589930496,5534318592,114688
9,1791554245923,2500,2500,2500,2499,2499,2500,2500,2500,2499,2500,2499,2500,2500,2500,2500,2499,5.263157844543457,0,0,0,0,100,0,10,0,5,0,5,0,0,0,0,43764.028747558594,133156.34674072266,0,404327403520,8589930496,5542744064,114688
10,1791554245933,2500,2500,2500,2499,2499,2500,2500,2500,2499,2500,2499,2500,2500,2500,2500,2499,5.263157844543457,0,0,0,0,100,0,10,0,5,0,5,0,0,0,0,43764.189880371094,133156.66186523438,0,404327403520,8589930496,5542744064,114688
9,1791554245943,2500,2500,2500,2499,2499,2500,2500,2500,2499,2500,2499,2500,2500,2500,2500,2499,5.263157844543457,0,0,0,0,100,0,10,0,5,0,5,0,0,0,0,43764.349365234375,133156.974609375,0,404327403520,8589930496,5542744064,114688
10,1791554245953,2500,2500,2500,2499,2499,2500,2500,2500,2499,2500,2499,2500,2500,2500,2500,2499,5.263157844543457,0,0,0,0,100,0,10,0,5,0,5,0,0,0,0,43764.50390625,133157.28814697266,0,404327403520,8589930496,5542744064,114688
9,1791554245963,2500,2500,2500,2499,2499,2500,2500,2500,2499,2500,2499,2500,2500,2500,2500,2499,5.263157844543457,0,0,0,0,100,0,10,0,5,0,5,0,0,0,0,43764.66174316406,133157.60235595703,0,404327403520,8589930496,5542744064,114688
9,1791554245974,2500,2500,2500,2499,2499,2500,2500,2500,2499,2500,2499,2500,2500,2500,2500,2499,5.263157844543457,0,0,0,0,100,0,10,0,5,0,5,0,0,0,0,43764.81884765625,133157.92065429688,0,404327403520,8589930496,5550673920,114688
9,1791554245984,2500,2500,2500,2499,2499,2500,2500,2500,2499,2500,2499,2500,2500,2500,2500,2499,5.263157844543457,0,0,0,0,100,0,10,0,5,0,5,0,0,0,0,43764.995361328125,133158.26849365234,0,404327403520,8589930496,5550673920,114688
10,1791554245994,2500,2500,2500,2499,2499,2500,2500,2500,2499,2500,2499,2500,2500,2500,2500,2499,5.263157844543457,0,0,0,0,100,0,10,0,5,0,5,0,0,0,0,43765.13360595703,133158.55407714844,0,404327403520,8589930496,5550673920,114688
9,1791554246004,2500,2500,2500,2499,2499,2500,2500,2500,2499,2500,2499,2500,2500,2500,2500,2499,5.263157844543457,0,0,0,0,100,0,10,0,5,0,5,0,0,0,0,43765.30780029297,133158.90368652344,0,404327403520,8589930496,5550673920,114688
9,1791554246014,2500,2500,2500,2499,2499,2500,2500,2500,2499,2500,2499,2500,2500,2500,2500,2499,5.263157844543457,0,0,0,0,100,0,10,0,5,0,5,0,0,0,0,43765.463623046875,133159.2244873047,0,404327403520,8589930496,5559099392,114688
10,1791554246024,2500,2500,2500,2499,2499,2500,2500,2500,2499,2500,2499,2500,2500,2500,2500,2499,5.263157844543457,0,0,0,0,100,0,10,0,5,0,5,0,0,0,0,43765.603515625,133159.50262451172,0,404327403520,8589930496,5559099392,114688
9,1791554246034,2500,2500,2500,2499,2499,2500,2500,2500,2499,2500,2499,2500,2500,2500,2500,2499,5.263157844543457,0,0,0,0,100,0,10,0,5,0,5,0,0,0,0,43765.776916503906,133159.85345458984,0,404327403520,8589930496,5559099392,114688
9,1791554246044,2500,2500,2500,2499,2499,2500,2500,2500,2499,2500,2499,2500,2500,2500,2500,2499,5.263157844543457,0,0,0,0,100,0,10,0,5,0,5,0,0,0,0,43765.93145751953,133160.16693115234,0,404327403520,8589930496,5559099392,114688
9,1791554246054,2500,2500,2500,2499,2499,2500,2500,2500,2499,2500,2499,2500,2500,2500,2500,2499,5.263157844543457,0,0,0,0,100,0,10,0,5,0,5,0,0,0,0,43766.08526611328,133160.48413085938,0,404327403520,8589930496,5567524864,114688
9,1791554246064,2500,2500,2500,2499,2499,2500,2500,2500,2499,2500,2499,2500,2500,2500,2500,2499,5.263157844543457,0,0,0,0,100,0,10,0,5,0,5,0,0,0,0,43766.23602294922,133160.8060913086,0,404327403520,8589930496,5567524864,114688
9,1791554246074,2500,2500,2500,2499,2499,2500,2500,2500,2499,2500,2499,2500,2500,2500,2500,2499,5.263157844543457,0,0,0,0,100,0,10,0,5,0,5,0,0,0,0,43766.393310546875,133161.1181640625,0,404327403520,8589930496,5567524864,114688
9,1791554246084,2500,2500,2500,2499,2499,2500,2500,2500,2499,2500,2499,2500,2500,2500,2500,2499,5.263157844543457,0,0,0,0,100,0,10,0,5,0,5,0,0,0,0,43766.549865722656,133161.43530273438,0,404327403520,8589930496,5567524864,114688
9,1791554246094,2500,2500,2500,2499,2499,2500,2500,2500,2499,2500,2499,2500,2500,2500,2500,2499,5.263157844543457,0,0,0,0,100,0,10,0,5,0,5,0,0,0,0,43766.70715332031,133161.75329589844,0,404327403520,8589930496,5567524864,114688
9,1791554246104,2500,2500,2500,2499,2499,2500,2500,2500,2499,2500,2499,2500,2500,2500,2500,2499,5.263157844543457,0,0,0,0,100,0,10,0,5,0,5,0,0,0,0,43766.86114501953,133162.07177734375,0,404327403520,8589930496,5575454720,114688
9,1791554246115,2500,2500,2500,2499,2499,2500,2500,2500,2499,2500,2499,2500,2500,2500,2500,2499,5.263157844543457,0,0,0,0,100,0,10,0,5,0,5,0,0,0,0,43767.014221191406,133162.38903808594,0,404327403520,8589930496,5575454720,114688
9,1791554246125,2500,2500,2500,2499,2499,2500,2500,2500,2499,2500,2499,2500,2500,2500,2500,2499,5.263157844543457,0,5,0,0,100,0,0,0,5,0,0,0,0,0,0,43767.17413330078,133162.70141601563,0,404327403520,8589930496,5561659392,114688
9,1791554246135,2500,2500,2500,2499,2499,2500,2500,2500,2499,2500,2499,2500,2500,2500,2500,2499,5.263157844543457,0,5,0,0,100,0,0,0,5,0,0,0,0,0,0,43767.32781982422,133163.01190185547,0,404327403520,8589930496,5561659392,114688
9,1791554246145,2500,2500,2500,2499,2499,2500,2500,2500,2499,2500,2499,2500,2500,2500,2500,2499,5.263157844543457,0,5,0,0,100,0,0,0,5,0,0,0,0,0,0,43767.48779296875,133163.32745361328,0,404327403520,8589930496,5569589248,114688
9,1791554246155,2500,2500,2500,2499,2499,2500,2500,2500,2499,2500,2499,2500,2500,2500,2500,2499,5.263157844543457,0,5,0,0,100,0,0,0,5,0,0,0,0,0,0,43767.65460205078,133163.67303466797,0,404327403520,8589930496,5569589248,114688
9,1791554246165,2500,2500,2500,2499,2499,2500,2500,2500,2499,2500,2499,2500,2500,2500,2500,2499,5.263157844543457,0,5,0,0,100,0,0,0,5,0,0,0,0,0,0,43767.797790527344,133163.95782470703,0,404327403520,8589930496,5569589248,114688
9,1791554246175,2500,2500,2500,2499,2499,2500,2500,2500,2499,2500,2499,2500,2500,2500,2500,2499,5.263157844543457,0,5,0,0,100,0,0,0,5,0,0,0,0,0,0,43767.970642089844,133164.30487060547,0,404327403520,8589930496,5569589248,114688
9,1791554246185,2500,2500,2500,2499,2499,2500,2500,2500,2499,2500,2499,2500,2500,2500,2500,2499,5.263157844543457,0,5,0,0,100,0,0,0,5,0,0,0,0,0,0,43768.13214111328,133164.62530517578,0,404327403520,8589930496,5569589248,114688
9,1791554246195,2500,2500,2500,2499,2499,2500,2500,2500,2499,2500,2499,2500,2500,2500,2500,2499,5.263157844543457,0,5,0,0,100,0,0,0,5,0,0,0,0,0,0,43768.29284667969,133164.93920898438,0,404327403520,8589930496,5578014720,114688
9,1791554246205,2500,2500,2500,2499,2499,2500,2500,2500,2499,2500,2499,2500,2500,2500,2500,2499,5.263157844543457,0,5,0,0,100,0,0,0,5,0,0,0,0,0,0,43768.44903564453,133165.25653076172,0,404327403520,8589930496,5578014720,114688
9,1791554246215,2500,2500,2500,2499,2499,2500,2500,2500,2499,2500,2499,2500,2500,2500,2500,2499,5.263157844543457,0,5,0,0,100,0,0,0,5,0,0,0,0,0,0,43768.599548339844,133165.5728149414,0,404327403520,8589930496,5578014720,114688
10,1791554246225,2500,2500,2500,2499,2499,2500,2500,2500,2499,2500,2499,2500,2500,2500,2500,2499,5.263157844543457,0,5,0,0,100,0,0,0,5,0,0,0,0,0,0,43768.758850097656,133165.89306640625,0,404327403520,8589930496,5578014720,114688
9,1791554246235,2500,2500,2500,2499,2499,2500,2500,2500,2499,2500,2499,2500,2500,2500,2500,2499,5.263157844543457,0,5,0,0,100,0,0,0,5,0,0,0,0,0,0,43768.91485595703,133166.2042236328,0,404327403520,8589930496,5585944576,114688
9,1791554246245,2500,2500,2500,2499,2499,2500,2500,2500,2499,2500,2499,2500,2500,2500,2500,2499,5.263157844543457,0,5,0,0,100,0,0,0,5,0,0,0,0,0,0,43769.06591796875,133166.52172851563,0,404327403520,8589930496,5585944576,114688
10,1791554246255,2500,2500,2500,2499,2499,2500,2500,2500,2499,2500,2499,2500,2500,2500,2500,2499,5.263157844543457,0,5,0,0,100,0,0,0,5,0,0,0,0,0,0,43769.22100830078,133166.84130859375,0,404327403520,8589930496,5585944576,114688
9,1791554246265,2500,2500,2500,2499,2499,2500,2500,2500,2499,2500,2499,2500,2500,2500,2500,2499,5.263157844543457,0,5,0,0,100,0,0,0,5,0,0,0,0,0,0,43769.379943847656,133167.1563720703,0,404327403520,8589930496,5585944576,114688
10,1791554246275,2500,2500,2500,2499,2499,2500,2500,2500,2499,2500,2499,2500,2500,2500,2500,2499,5.263157844543457,0,5,0,0,100,0,0,0,5,0,0,0,0,0,0,43769.533752441406,133167.47100830078,0,404327403520,8589930496,5585944576,114688
9,1791554246286,2500,2500,2500,2499,2499,2500,2500,2500,2499,2500,2499,2500,2500,2500,2500,2499,5.263157844543457,0,5,0,0,100,0,0,0,5,0,0,0,0,0,0,43769.68811035156,133167.78741455078,0,404327403520,8589930496,5594370048,114688
9,1791554246296,2500,2500,2500,2499,2499,2500,2500,2500,2499,2500,2499,2500,2500,2500,2500,2499,5.263157844543457,0,5,0,0,100,0,0,0,5,0,0,0,0,0,0,43769.843017578125,133168.0980834961,0,404327403520,8589930496,5594370048,114688
9,1791554246306,2500,2500,2500,2499,2499,2500,2500,2500,2499,2500,2499,2500,2500,2500,2500,2499,5.263157844543457,0,5,0,0,100,0,0,0,5,0,0,0,0,0,0,43769.99920654297,133168.41510009766,0,404327403520,8589930496,5594370048,114688
9,1791554246316,2500,2500,2500,2499,2499,2500,2500,2500,2499,2500,2499,2500,2500,2500,2500,2499,5.263157844543457,0,5,0,0,100,0,0,0,5,0,0,0,0,0,0,43770.153564453125,133168.73345947266,0,404327403520,8589930496,5594370048,114688
9,1791554246326,2500,2500,2500,2499,2499,2500,2500,2500,2499,2500,2499,2500,2500,2500,2500,2499,0,0,0,0,0,100,0,10,5,0,0,0,5,0,0,0,43770.30554199219,133169.0542602539,0,404327403520,8589930496,5602795520,114688
9,1791554246336,2500,2500,2500,2499,2499,2500,2500,2500,2499,2500,2499,2500,2500,2500,2500,2499,0,0,0,0,0,100,0,10,5,0,0,0,5,0,0,0,43770.46008300781,133169.37408447266,0,404327403520,8589930496,5602795520,114688
10,1791554246346,2500,2500,2500,2499,2499,2500,2500,2500,2499,2500,2499,2500,2500,2500,2500,2499,0,0,0,0,0,100,0,10,5,0,0,0,5,0,0,0,43770.61560058594,133169.6983642578,0,404327403520,8589930496,5602795520,114688
9,1791554246356,2500,2500,2500,2499,2499,2500,2500,2500,2499,2500,2499,2500,2500,2500,2500,2499,0,0,0,0,0,100,0,10,5,0,0,0,5,0,0,0,43770.78076171875,133170.04998779297,0,404327403520,8589930496,5602795520,114688
9,1791554246366,2500,2500,2500,2499,2499,2500,2500,2500,2499,2500,2499,2500,2500,2500,2500,2499,0,0,0,0,0,100,0,10,5,0,0,0,5,0,0,0,43770.93054199219,133170.3667602539,0,404327403520,8589930496,5610725376,114688
9,1791554246376,2500,2500,2500,2499,2499,2500,2500,2500,2499,2500,2499,2500,2500,2500,2500,2499,0,0,0,0,0,100,0,10,5,0,0,0,5,0,0,0,43771.08801269531,133170.6826171875,0,404327403520,8589930496,5610725376,114688
9,1791554246386,2500,2500,2500,2499,2499,2500,2500,2500,2499,2500,2499,2500,2500,2500,2500,2499,0,0,0,0,0,100,0,10,5,0,0,0,5,0,0,0,43771.24346923828,133170.99993896484,0,404327403520,8589930496,5610725376,114688
9,1791554246396,2500,2500,2500,2499,2499,2500,2500,2500,2499,2500,2499,2500,2500,2500,2500,2499,0,0,0,0,0,100,0,10,5,0,0,0,5,0,0,0,43771.40185546875,133171.3173828125,0,404327403520,8589930496,5610725376,114688
9,1791554246407,2500,2500,2500,2499,2499,2500,2500,2500,2499,2500,2499,2500,2500,2500,2500,2499,0,0,0,0,0,100,0,10,5,0,0,0,5,0,0,0,43771.550537109375,133171.63061523438,0,404327403520,8589930496,5610725376,114688
9,1791554246417,2500,2500,2500,2499,2499,2500,2500,2500,2499,2500,2499,2500,2500,2500,2500,2499,0,0,0,0,0,100,0,10,5,0,0,0,5,0,0,0,43771.70086669922,133171.947265625,0,404327403520,8589930496,5619150848,114688
10,1791554246427,2500,2500,2500,2499,2499,2500,2500,2500,2499,2500,2499,2500,2500,2500,2500,2499,0,0,0,0,0,100,0,10,5,0,0,0,5,0,0,0,43771.85485839844,133172.26177978516,0,404327403520,8589930496,5619150848,114688
10,1791554246437,2500,2500,2500,2499,2499,2500,2500,2500,2499,2500,2499,2500,2500,2500,2500,2499,0,0,0,0,0,100,0,10,5,0,0,0,5,0,0,0,43772.01513671875,133172.57318115234,0,404327403520,8589930496,5619150848,114688
9,1791554246447,2500,2500,2500,2499,2499,2500,2500,2500,2499,2500,2499,2500,2500,2500,2500,2499,0,0,0,0,0,100,0,10,5,0,0,0,5,0,0,0,43772.16912841797,133172.89349365234,0,404327403520,8589930496,5619150848,114688
9,1791554246457,2500,2500,2500,2499,2499,2500,2500,2500,2499,2500,2499,2500,2500,2500,2500,2499,0,0,0,0,0,100,0,10,5,0,0,0,5,0,0,0,43772.32293701172,133173.2060546875,0,404327403520,8589930496,5627576320,114688
9,1791554246467,2500,2500,2500,2499,2499,2500,2500,2500,2499,2500,2499,2500,2500,2500,2500,2499,0,0,0,0,0,100,0,10,5,0,0,0,5,0,0,0,43772.4794921875,133173.52337646484,0,404327403520,8589930496,5627576320,114688
9,1791554246477,2500,2500,2500,2499,2499,2500,2500,2500,2499,2500,2499,2500,2500,2500,2500,2499,0,0,0,0,0,100,0,10,5,0,0,0,5,0,0,0,43772.63732910156,133173.8394165039,0,404327403520,8589930496,5627576320,114688
9,1791554246487,2500,2500,2500,2499,2499,2500,2500,2500,2499,2500,2499,2500,2500,2500,2500,2499,0,0,0,0,0,100,0,10,5,0,0,0,5,0,0,0,43772.790771484375,133174.15887451172,0,404327403520,8589930496,5627576320,114688
9,1791554246497,2500,2500,2500,2499,2499,2500,2500,2500,2499,2500,2499,2500,2500,2500,2500,2499,0,0,0,0,0,100,0,10,5,0,0,0,5,0,0,0,43772.961669921875,133174.50317382813,0,404327403520,8589930496,5627576320,114688
9,1791554246507,2500,2500,2500,2499,2499,2500,2500,2500,2499,2500,2499,2500,2500,2500,2500,2499,0,0,0,0,0,100,0,10,5,0,0,0,5,0,0,0,43773.121643066406,133174.8134765625,0,404327403520,8589930496,5635506176,114688
9,1791554246517,2500,2500,2500,2499,2499,2500,2500,2500,2499,2500,2499,2500,2500,2500,2500,2499,0,0,0,0,0,100,0,10,5,0,0,0,5,0,0,0,43773.27783203125,133175.12573242188,0,404327403520,8589930496,5635506176,114688
10,1791554246527,2500,2500,2500,2499,2499,2500,2500,2500,2499,2500,2499,2500,2500,2500,2500,2499,13.636363983154297,0,0,0,0,100,0,0,0,0,0,0,0,0,0,0,43773.432678222656,133175.44268798828,0,404327403520,8589930496,5635506176,114688
9,1791554246538,2500,2500,2500,2499,2499,2500,2500,2500,2499,2500,2499,2500,2500,2500,2500,2499,13.636363983154297,0,0,0,0,100,0,0,0,0,0,0,0,0,0,0,43773.585388183594,133175.76000976563,0,404327403520,8589930496,5635506176,114688
9,1791554246548,2500,2500,2500,2499,2499,2500,2500,2500,2499,2500,2499,2500,2500,2500,2500,2499,13.636363983154297,0,0,0,0,100,0,0,0,0,0,0,0,0,0,0,43773.74237060547,133176.07385253906,0,404327403520,8589930496,5643931648,114688
9,1791554246558,2500,2500,2500,2499,2499,2500,2500,2500,2499,2500,2499,2500,2500,2500,2500,2499,13.636363983154297,0,0,0,0,100,0,0,0,0,0,0,0,0,0,0,43773.89581298828,133176.39013671875,0,404327403520,8589930496,5643931648,114688
10,1791554246568,2500,2500,2500,2499,2499,2500,2500,2500,2499,2500,2499,2500,2500,2500,2500,2499,13.636363983154297,0,0,0,0,100,0,0,0,0,0,0,0,0,0,0,43774.05694580078,133176.7022705078,0,404327403520,8589930496,5643931648,114688
9,1791554246578,2500,2500,2500,2499,2499,2500,2500,2500,2499,2500,2499,2500,2500,2500,2500,2499,13.636363983154297,0,0,0,0,100,0,0,0,0,0,0,0,0,0,0,43774.214599609375,133177.0180053711,0,404327403520,8589930496,5643931648,114688
9,1791554246588,2500,2500,2500,2499,2499,2500,2500,2500,2499,2500,2499,2500,2500,2500,2500,2499,13.636363983154297,0,0,0,0,100,0,0,0,0,0,0,0,0,0,0,43774.37353515625,133177.3344116211,0,404327403520,8589930496,5652357120,114688
9,1791554246598,2500,2500,2500,2499,2499,2500,2500,2500,2499,2500,2499,2500,2500,2500,2500,2499,13.636363983154297,0,0,0,0,100,0,0,0,0,0,0,0,0,0,0,43774.5302734375,133177.65069580078,0,404327403520,8589930496,5652357120,114688
9,1791554246608,2500,2500,2500,2499,2499,2500,2500,2500,2499,2500,2499,2500,2500,2500,2500,2499,13.636363983154297,0,0,0,0,100,0,0,0,0,0,0,0,0,0,0,43774.68957519531,133177.96893310547,0,404327403520,8589930496,5652357120,114688
9,1791554246618,2500,2500,2500,2499,2499,2500,2500,2500,2499,2500,2499,2500,2500,2500,2500,2499,13.636363983154297,0,0,0,0,100,0,0,0,0,0,0,0,0,0,0,43774.84118652344,133178.28314208984,0,404327403520,8589930496,5652357120,114688
10,1791554246628,2500,2500,2500,2499,2499,2500,2500,2500,2499,2500,2499,2500,2500,2500,2500,2499,13.636363983154297,0,0,0,0,100,0,0,0,0,0,0,0,0,0,0,43774.994140625,133178.59698486328,0,404327403520,8589930496,5652357120,114688
10,1791554246638,2500,2500,2500,2499,2499,2500,2500,2500,2499,2500,2499,2500,2500,2500,2500,2499,13.636363983154297,0,0,0,0,100,0,0,0,0,0,0,0,0,0,0,43775.148864746094,133178.91040039063,0,404327403520,8589930496,5660286976,114688
9,1791554246648,2500,2500,2500,2499,2499,2500,2500,2500,2499,2500,2499,2500,2500,2500,2500,2499,13.636363983154297,0,0,0,0,100,0,0,0,0,0,0,0,0,0,0,43775.307067871094,133179.1981201172,0,404327403520,8589930496,5660286976,114688
9,1791554246658,2500,2500,2500,2499,2499,2500,2500,2500,2499,2500,2499,2500,2500,2500,2500,2499,13.636363983154297,0,0,0,0,100,0,0,0,0,0,0,0,0,0,0,43775.45812988281,133179.5506591797,0,404327403520,8589930496,5660286976,114688
10,1791554246668,2500,2500,2500,2499,2499,2500,2500,2500,2499,2500,2499,2500,2500,2500,2500,2499,13.636363983154297,0,0,0,0,100,0,0,0,0,0,0,0,0,0,0,43775.614318847656,133179.86993408203,0,404327403520,8589930496,5660286976,114688
9,1791554246678,2500,2500,2500,2499,2499,2500,2500,2500,2499,2500,2499,2500,2500,2500,2500,2499,13.636363983154297,0,0,0,0,100,0,0,0,0,0,0,0,0,0,0,43775.785888671875,133180.21875,0,404327403520,8589930496,5668712448,114688
9,1791554246689,2500,2500,2500,2499,2499,2500,2500,2500,2499,2500,2499,2500,2500,2500,2500,2499,13.636363983154297,0,0,0,0,100,0,0,0,0,0,0,0,0,0,0,43775.94354248047,133180.5029296875,0,404327403520,8589930496,5668712448,114688
9,1791554246699,2500,2500,2500,2499,2499,2500,2500,2500,2499,2500,2499,2500,2500,2500,2500,2499,13.636363983154297,0,0,0,0,100,0,0,0,0,0,0,0,0,0,0,43776.09423828125,133180.85272216797,0,404327403520,8589930496,5668712448,114688
10,1791554246709,2500,2500,2500,2499,2499,2500,2500,2500,2499,2500,2499,2500,2500,2500,2500,2499,13.636363983154297,0,0,0,0,100,0,0,0,0,0,0,0,0,0,0,43776.24841308594,133181.16534423828,0,404327403520,8589930496,5668712448,114688
9,1791554246719,2500,2500,2500,2499,2499,2500,2500,2500,2499,2500,2499,2500,2500,2500,2500,2499,13.636363983154297,0,0,0,0,100,0,0,0,0,0,0,0,0,0,0,43776.40441894531,133181.48126220703,0,404327403520,8589930496,5668712448,114688
9,1791554246729,2500,2500,2500,2499,2499,2500,2500,2500,2499,2500,2499,2500,2500,2500,2500,2499,0,0,0,0,0,100,0,5,0,0,0,0,0,0,0,4.761904716491699,43776.560791015625,133181.79559326172,0,404327403520,8589930496,5677137920,114688
9,1791554246739,2500,2500,2500,2499,2499,2500,2500,2500,2499,2500,2499,2500,2500,2500,2500,2499,0,0,0,0,0,100,0,5,0,0,0,0,0,0,0,4.761904716491699,43776.714782714844,133182.11590576172,0,404327403520,8589930496,5677137920,114688
9,1791554246749,2500,2500,2500,2499,2499,2500,2500,2500,2499,2500,2499,2500,2500,2500,2500,2499,0,0,0,0,0,100,0,5,0,0,0,0,0,0,0,4.761904716491699,43776.868591308594,133182.43237304688,0,404327403520,8589930496,5677137920,114688
9,1791554246759,2500,2500,2500,2499,2499,2500,2500,2500,2499,2500,2499,2500,2500,2500,2500,2499,0,0,0,0,0,100,0,5,0,0,0,0,0,0,0,4.761904716491699,43777.02258300781,133182.74615478516,0,404327403520,8589930496,5677137920,114688
9,1791554246769,2500,2500,2500,2499,2499,2500,2500,2500,2499,2500,2499,2500,2500,2500,2500,2499,0,0,0,0,0,100,0,5,0,0,0,0,0,0,0,4.761904716491699,43777.18115234375,133183.056640625,0,404327403520,8589930496,5677137920,114688
9,1791554246779,2500,2500,2500,2499,2499,2500,2500,2500,2499,2500,2499,2500,2500,2500,2500,2499,0,0,0,0,0,100,0,5,0,0,0,0,0,0,0,4.761904716491699,43777.33233642578,133183.36877441406,0,404327403520,8589930496,5685067776,114688
9,1791554246789,2500,2500,2500,2499,2499,2500,2500,2500,2499,2500,2499,2500,2500,2500,2500,2499,0,0,0,0,0,100,0,5,0,0,0,0,0,0,0,4.761904716491699,43777.49188232422,133183.6880493164,0,404327403520,8589930496,5685067776,114688
9,1791554246799,2500,2500,2500,2499,2499,2500,2500,2500,2499,2500,2499,2500,2500,2500,2500,2499,0,0,0,0,0,100,0,5,0,0,0,0,0,0,0,4.761904716491699,43777.647705078125,133184.0087890625,0,404327403520,8589930496,5685067776,114688
9,1791554246809,2500,2500,2500,2499,2499,2500,2500,2500,2499,2500,2499,2500,2500,2500,2500,2499,0,0,0,0,0,100,0,5,0,0,0,0,0,0,0,4.761904716491699,43777.80548095703,133184.32202148438,0,404327403520,8589930496,5685067776,114688
9,1791554246819,2500,2500,2500,2499,2499,2500,2500,2500,2499,2500,2499,2500,2500,2500,2500,2499,0,0,0,0,0,100,0,5,0,0,0,0,0,0,0,4.761904716491699,43777.960205078125,133184.63916015625,0,404327403520,8589930496,5690023936,114688
9,1791554246829,2500,2500,2500,2499,2499,2500,2500,2500,2499,2500,2499,2500,2500,2500,2500,2499,0,0,0,0,0,100,0,5,0,0,0,0,0,0,0,4.761904716491699,43778.119079589844,133184.94970703125,0,404327403520,8589930496,5693493248,114688
9,1791554246840,2500,2500,2500,2499,2499,2500,2500,2500,2499,2500,2499,2500,2500,2500,2500,2499,0,0,0,0,0,100,0,5,0,0,0,0,0,0,0,4.761904716491699,43778.291015625,133185.29608154297,0,404327403520,8589930496,5693493248,114688
9,1791554246850,2500,2500,2500,2499,2499,2500,2500,2500,2499,2500,2499,2500,2500,2500,2500,2499,0,0,0,0,0,100,0,5,0,0,0,0,0,0,0,4.761904716491699,43778.44519042969,133185.61010742188,0,404327403520,8589930496,5693493248,114688
9,1791554246860,2500,2500,2500,2499,2499,2500,2500,2500,2499,2500,2499,2500,2500,2500,2500,2499,0,0,0,0,0,100,0,5,0,0,0,0,0,0,0,4.761904716491699,43778.603759765625,133185.9249267578,0,404327403520,8589930496,5693493248,114688
9,1791554246870,2500,2500,2500,2499,2499,2500,2500,2500,2499,2500,2499,2500,2500,2500,2500,2499,0,0,0,0,0,100,0,5,0,0,0,0,0,0,0,4.761904716491699,43778.760498046875,133186.24340820313,0,404327403520,8589930496,5701918720,114688
9,1791554246880,2500,2500,2500,2499,2499,2500,2500,2500,2499,2500,2499,2500,2500,2500,2500,2499,0,0,0,0,0,100,0,5,0,0,0,0,0,0,0,4.761904716491699,43778.916931152344,133186.55633544922,0,404327403520,8589930496,5701918720,114688
9,1791554246890,2500,2500,2500,2499,2499,2500,2500,2500,2499,2500,2499,2500,2500,2500,2500,2499,0,0,0,0,0,100,0,5,0,0,0,0,0,0,0,4.761904716491699,43779.07061767578,133186.87982177734,0,404327403520,8589930496,5701918720,114688
9,1791554246900,2500,2500,2500,2499,2499,2500,2500,2500,2499,2500,2499,2500,2500,2500,2500,2499,0,0,0,0,0,100,0,5,0,0,0,0,0,0,0,4.761904716491699,43779.226989746094,133187.1922607422,0,404327403520,8589930496,5701918720,114688
9,1791554246910,2500,2500,2500,2499,2499,2500,2500,2500,2499,2500,2499,2500,2500,2500,2500,2499,0,0,0,0,0,100,0,5,0,0,0,0,0,0,0,4.761904716491699,43779.3857421875,133187.51141357422,0,404327403520,8589930496,5709848576,114688
9,1791554246920,2500,2500,2500,2499,2499,2500,2500,2500,2499,2500,2499,2500,2500,2500,2500,2499,0,0,0,0,0,100,0,5,0,0,0,0,0,0,0,4.761904716491699,43779.538635253906,133187.82873535156,0,404327403520,8589930496,5709848576,114688
9,1791554246930,2500,2500,2500,2499,2499,2500,2500,2500,2499,2500,2499,2500,2500,2500,2500,2499,5.263157844543457,0,0,0,0,100,0,5.263157844543457,0,0,0,0,0,5,0,0,43779.694274902344,133188.14611816406,0,404327403520,8589930496,5709848576,114688
10,1791554246940,2500,2500,2500,2499,2499,2500,2500,2500,2499,2500,2499,2500,2500,2500,2500,2499,5.263157844543457,0,0,0,0,100,0,5.263157844543457,0,0,0,0,0,5,0,0,43779.855041503906,133188.46319580078,0,404327403520,8589930496,5709848576,114688
9,1791554246950,2500,2500,2500,2499,2499,2500,2500,2500,2499,2500,2499,2500,2500,2500,2500,2499,5.263157844543457,0,0,0,0,100,0,5.263157844543457,0,0,0,0,0,5,0,0,43780.01123046875,133188.78198242188,0,404327403520,8589930496,5709848576,114688
10,1791554246960,2500,2500,2500,2499,2499,2500,2500,2500,2499,2500,2499,2500,2500,2500,2500,2499,5.263157844543457,0,0,0,0,100,0,5.263157844543457,0,0,0,0,0,5,0,0,43780.16467285156,133189.09790039063,0,404327403520,8589930496,5718274048,114688
9,1791554246971,2500,2500,2500,2499,2499,2500,2500,2500,2499,2500,2499,2500,2500,2500,2500,2499,5.263157844543457,0,0,0,0,100,0,5.263157844543457,0,0,0,0,0,5,0,0,43780.3203125,133189.41088867188,0,404327403520,8589930496,5718274048,114688
9,1791554246981,2500,2500,2500,2499,2499,2500,2500,2500,2499,2500,2499,2500,2500,2500,2500,2499,5.263157844543457,0,0,0,0,100,0,5.263157844543457,0,0,0,0,0,5,0,0,43780.473388671875,133189.7314453125,0,404327403520,8589930496,5718274048,114688
10,1791554246991,2500,2500,2500,2499,2499,2500,2500,2500,2499,2500,2499,2500,2500,2500,2500,2499,5.263157844543457,0,0,0,0,100,0,5.263157844543457,0,0,0,0,0,5,0,0,43780.62420654297,133190.04931640625,0,404327403520,8589930496,5718274048,114688
9,1791554247001,2500,2500,2500,2499,2499,2500,2500,2500,2499,2500,2499,2500,2500,2500,2500,2499,5.263157844543457,0,0,0,0,100,0,5.263157844543457,0,0,0,0,0,5,0,0,43780.79406738281,133190.3989868164,0,404327403520,8589930496,5726699520,114688
9,1791554247011,2500,2500,2500,2499,2499,2500,2500,2500,2499,2500,2499,2500,2500,2500,2500,2499,5.263157844543457,0,0,0,0,100,0,5.263157844543457,0,0,0,0,0,5,0,0,43780.94860839844,133190.71795654297,0,404327403520,8589930496,5726699520,114688
9,1791554247021,2500,2500,2500,2499,2499,2500,2500,2500,2499,2500,2499,2500,2500,2500,2500,2499,5.263157844543457,0,0,0,0,100,0,5.263157844543457,0,0,0,0,0,5,0,0,43781.10314941406,133191.03381347656,0,404327403520,8589930496,5726699520,114688
9,1791554247031,2500,2500,2500,2499,2499,2500,2500,2500,2499,2500,2499,2500,2500,2500,2500,2499,5.263157844543457,0,0,0,0,100,0,5.263157844543457,0,0,0,0,0,5,0,0,43781.25421142578,133191.34796142578,0,404327403520,8589930496,5726699520,114688
9,1791554247041,2500,2500,2500,2499,2499,2500,2500,2500,2499,2500,2499,2500,2500,2500,2500,2499,5.263157844543457,0,0,0,0,100,0,5.263157844543457,0,0,0,0,0,5,0,0,43781.40692138672,133191.66662597656,0,404327403520,8589930496,5726699520,114688
9,1791554247051,2500,2500,2500,2499,2499,2500,2500,2500,2499,2500,2499,2500,2500,2500,2500,2499,5.263157844543457,0,0,0,0,100,0,5.263157844543457,0,0,0,0,0,5,0,0,43781.561279296875,133191.98364257813,0,404327403520,8589930496,5734629376,114688
9,1791554247061,2500,2500,2500,2499,2499,2500,2500,2500,2499,2500,2499,2500,2500,2500,2500,2499,5.263157844543457,0,0,0,0,100,0,5.263157844543457,0,0,0,0,0,5,0,0,43781.71270751953,133192.29809570313,0,404327403520,8589930496,5734629376,114688
9,1791554247071,2500,2500,2500,2499,2499,2500,2500,2500,2499,2500,2499,2500,2500,2500,2500,2499,5.263157844543457,0,0,0,0,100,0,5.263157844543457,0,0,0,0,0,5,0,0,43781.86560058594,133192.6170654297,0,404327403520,8589930496,5734629376,114688
10,1791554247081,2500,2500,2500,2499,2499,2500,2500,2500,2499,2500,2499,2500,2500,2500,2500,2499,5.263157844543457,0,0,0,0,100,0,5.263157844543457,0,0,0,0,0,5,0,0,43782.01794433594,133192.93383789063,0,404327403520,8589930496,5729669120,114688
10,1791554247091,2500,2500,2500,2499,2499,2500,2500,2500,2499,2500,2499,2500,2500,2500,2500,2499,5.263157844543457,0,0,0,0,100,0,5.263157844543457,0,0,0,0,0,5,0,0,43782.16943359375,133193.2508544922,0,404327403520,8589930496,5737598976,114688
9,1791554247101,2500,2500,2500,2499,2499,2500,2500,2500,2499,2500,2499,2500,2500,2500,2500,2499,5.263157844543457,0,0,0,0,100,0,5.263157844543457,0,0,0,0,0,5,0,0,43782.32342529297,133193.56719970703,0,404327403520,8589930496,5737598976,114688
9,1791554247111,2500,2500,2500,2499,2499,2500,2500,2500,2499,2500,2499,2500,2500,2500,2500,2499,5.263157844543457,0,0,0,0,100,0,5.263157844543457,0,0,0,0,0,5,0,0,43782.48059082031,133193.88885498047,0,404327403520,8589930496,5737598976,114688
9,1791554247122,2500,2500,2500,2499,2499,2500,2500,2500,2499,2500,2499,2500,2500,2500,2500,2499,5.263157844543457,0,0,0,0,100,0,5.263157844543457,0,0,0,0,0,5,0,0,43782.633239746094,133194.20971679688,0,404327403520,8589930496,5737598976,114688
9,1791554247132,2500,2500,2500,2499,2499,2500,2500,2500,2499,2500,2499,2500,2500,2500,2500,2499,10,0,0,0,0,100,0,5,0,0,0,0,0,0,0,0,43782.78576660156,133194.52825927734,0,404327403520,8589930496,5737598976,114688
9,1791554247142,2500,2500,2500,2499,2499,2500,2500,2500,2499,2500,2499,2500,2500,2500,2500,2499,10,0,0,0,0,100,0,5,0,0,0,0,0,0,0,0,43782.93865966797,133194.8487548828,0,404327403520,8589930496,5746024448,114688
9,1791554247152,2500,2500,2500,2499,2499,2500,2500,2500,2499,2500,2499,2500,2500,2500,2500,2499,10,0,0,0,0,100,0,5,0,0,0,0,0,0,0,0,43783.092834472656,133195.16735839844,0,404327403520,8589930496,5735505920,114688
9,1791554247162,2500,2500,2500,2499,2499,2500,2500,2500,2499,2500,2499,2500,2500,2500,2500,2499,10,0,0,0,0,100,0,5,0,0,0,0,0,0,0,0,43783.24938964844,133195.48010253906,0,404327403520,8589930496,5735505920,114688
9,1791554247172,2500,2500,2500,2499,2499,2500,2500,2500,2499,2500,2499,2500,2500,2500,2500,2499,10,0,0,0,0,100,0,5,0,0,0,0,0,0,0,0,43783.416748046875,133195.82684326172,0,404327403520,8589930496,5735505920,114688
9,1791554247182,2500,2500,2500,2499,2499,2500,2500,2500,2499,2500,2499,2500,2500,2500,2500,2499,10,0,0,0,0,100,0,5,0,0,0,0,0,0,0,0,43783.57159423828,133196.1449584961,0,404327403520,8589930496,5743435776,114688
9,1791554247192,2500,2500,2500,2499,2499,2500,2500,2500,2499,2500,2499,2500,2500,2500,2500,2499,10,0,0,0,0,100,0,5,0,0,0,0,0,0,0,0,43783.72686767578,133196.4608154297,0,404327403520,8589930496,5743435776,114688
9,1791554247202,2500,2500,2500,2499,2499,2500,2500,2500,2499,2500,2499,2500,2500,2500,2500,2499,10,0,0,0,0,100,0,5,0,0,0,0,0,0,0,0,43783.87744140625,133196.7777709961,0,404327403520,8589930496,5743435776,114688
9,1791554247212,2500,2500,2500,2499,2499,2500,2500,2500,2499,2500,2499,2500,2500,2500,2500,2499,10,0,0,0,0,100,0,5,0,0,0,0,0,0,0,0,43784.03015136719,133197.0942993164,0,404327403520,8589930496,5743435776,114688
10,1791554247222,2500,2500,2500,2499,2499,2500,2500,2500,2499,2500,2499,2500,2500,2500,2500,2499,10,0,0,0,0,100,0,5,0,0,0,0,0,0,0,0,43784.18493652344,133197.40979003906,0,404327403520,8589930496,5743435776,114688
10,1791554247232,2500,2500,2500,2499,2499,2500,2500,2500,2499,2500,2499,2500,2500,2500,2500,2499,10,0,0,0,0,100,0,5,0,0,0,0,0,0,0,0,43784.340393066406,133197.71875,0,404327403520,8589930496,5751861248,114688
9,1791554247242,2500,2500,2500,2499,2499,2500,2500,2500,2499,2500,2499,2500,2500,2500,2500,2499,10,0,0,0,0,100,0,5,0,0,0,0,0,0,0,0,43784.49786376953,133198.0366821289,0,404327403520,8589930496,5751861248,114688
10,1791554247252,2500,2500,2500,2499,2499,2500,2500,2500,2499,2500,2499,2500,2500,2500,2500,2499,10,0,0,0,0,100,0,5,0,0,0,0,0,0,0,0,43784.653076171875,133198.35705566406,0,404327403520,8589930496,5751861248,114688
9,1791554247263,2500,2500,2500,2499,2499,2500,2500,2500,2499,2500,2499,2500,2500,2500,2500,2499,10,0,0,0,0,100,0,5,0,0,0,0,0,0,0,0,43784.80908203125,133198.6714477539,0,404327403520,8589930496,5751861248,114688
10,1791554247273,2500,2500,2500,2499,2499,2500,2500,2500,2499,2500,2499,2500,2500,2500,2500,2499,10,0,0,0,0,100,0,5,0,0,0,0,0,0,0,0,43784.96551513672,133198.9893798828,0,404327403520,8589930496,5760286720,114688
9,1791554247283,2500,2500,2500,2499,2499,2500,2500,2500,2499,2500,2499,2500,2500,2500,2500,2499,10,0,0,0,0,100,0,5,0,0,0,0,0,0,0,0,43785.121154785156,133199.3006591797,0,404327403520,8589930496,5760286720,114688
10,1791554247293,2500,2500,2500,2499,2499,2500,2500,2500,2499,2500,2499,2500,2500,2500,2500,2499,10,0,0,0,0,100,0,5,0,0,0,0,0,0,0,0,43785.276794433594,133199.6109008789,0,404327403520,8589930496,5760286720,114688
9,1791554247303,2500,2500,2500,2499,2499,2500,2500,2500,2499,2500,2499,2500,2500,2500,2500,2499,10,0,0,0,0,100,0,5,0,0,0,0,0,0,0,0,43785.43194580078,133199.9252319336,0,404327403520,8589930496,5760286720,114688
9,1791554247313,2500,2500,2500,2499,2499,2500,2500,2500,2499,2500,2499,2500,2500,2500,2500,2499,10,0,0,0,0,100,0,5,0,0,0,0,0,0,0,0,43785.583740234375,133200.23779296875,0,404327403520,8589930496,5760286720,114688
9,1791554247323,2500,2500,2500,2499,2499,2500,2500,2500,2499,2500,2499,2500,2500,2500,2500,2499,10,0,0,0,0,100,0,5,0,0,0,0,0,0,0,0,43785.73553466797,133200.55401611328,0,404327403520,8589930496,5768216576,114688
10,1791554247333,2500,2500,2500,2499,2499,2500,2500,2500,2499,2500,2499,2500,2500,2500,2500,2499,5.263157844543457,0,0,0,0,100,0,10,5,0,0,0,0,0,0,0,43785.89074707031,133200.86877441406,0,404327403520,8589930496,5768216576,114688
10,1791554247343,2500,2500,2500,2499,2499,2500,2500,2500,2499,2500,2499,2500,2500,2500,2500,2499,5.263157844543457,0,0,0,0,100,0,10,5,0,0,0,0,0,0,0,43786.04528808594,133201.18487548828,0,404327403520,8589930496,5768216576,114688
9,1791554247353,2500,2500,2500,2499,2499,2500,2500,2500,2499,2500,2499,2500,2500,2500,2500,2499,5.263157844543457,0,0,0,0,100,0,10,5,0,0,0,0,0,0,0,43786.2177734375,133201.53350830078,0,404327403520,8589930496,5768216576,114688
10,1791554247363,2500,2500,2500,2499,2499,2500,2500,2500,2499,2500,2499,2500,2500,2500,2500,2499,5.263157844543457,0,0,0,0,100,0,10,5,0,0,0,0,0,0,0,43786.373962402344,133201.85009765625,0,404327403520,8589930496,5776642048,114688
9,1791554247373,2500,2500,2500,2499,2499,2500,2500,2500,2499,2500,2499,2500,2500,2500,2500,2499,5.263157844543457,0,0,0,0,100,0,10,5,0,0,0,0,0,0,0,43786.53405761719,133202.16479492188,0,404327403520,8589930496,5776642048,114688
9,1791554247383,2500,2500,2500,2499,2499,2500,2500,2500,2499,2500,2499,2500,2500,2500,2500,2499,5.263157844543457,0,0,0,0,100,0,10,5,0,0,0,0,0,0,0,43786.69079589844,133202.4780883789,0,404327403520,8589930496,5776642048,114688
9,1791554247394,2500,2500,2500,2499,2499,2500,2500,2500,2499,2500,2499,2500,2500,2500,2500,2499,5.263157844543457,0,0,0,0,100,0,10,5,0,0,0,0,0,0,0,43786.850830078125,133202.79583740234,0,404327403520,8589930496,5776642048,114688
9,1791554247404,2500,2500,2500,2499,2499,2500,2500,2500,2499,2500,2499,2500,2500,2500,2500,2499,5.263157844543457,0,0,0,0,100,0,10,5,0,0,0,0,0,0,0,43787.00646972656,133203.1176147461,0,404327403520,8589930496,5776642048,114688
10,1791554247414,2500,2500,2500,2499,2499,2500,2500,2500,2499,2500,2499,2500,2500,2500,2500,2499,5.263157844543457,0,0,0,0,100,0,10,5,0,0,0,0,0,0,0,43787.169982910156,133203.43231201172,0,404327403520,8589930496,5785067520,114688
9,1791554247424,2500,2500,2500,2499,2499,2500,2500,2500,2499,2500,2499,2500,2500,2500,2500,2499,5.263157844543457,0,0,0,0,100,0,10,5,0,0,0,0,0,0,0,43787.325134277344,133203.74780273438,0,404327403520,8589930496,5785067520,114688
9,1791554247434,2500,2500,2500,2499,2499,2500,2500,2500,2499,2500,2499,2500,2500,2500,2500,2499,5.263157844543457,0,0,0,0,100,0,10,5,0,0,0,0,0,0,0,43787.486267089844,133204.0590209961,0,404327403520,8589930496,5785067520,114688
10,1791554247444,2500,2500,2500,2499,2499,2500,2500,2500,2499,2500,2499,2500,2500,2500,2500,2499,5.263157844543457,0,0,0,0,100,0,10,5,0,0,0,0,0,0,0,43787.64343261719,133204.37756347656,0,404327403520,8589930496,5785067520,114688
9,1791554247454,2500,2500,2500,2499,2499,2500,2500,2500,2499,2500,2499,2500,2500,2500,2500,2499,5.263157844543457,0,0,0,0,100,0,10,5,0,0,0,0,0,0,0,43787.802734375,133204.69757080078,0,404327403520,8589930496,5792997376,114688
9,1791554247464,2500,2500,2500,2499,2499,2500,2500,2500,2499,2500,2499,2500,2500,2500,2500,2499,5.263157844543457,0,0,0,0,100,0,10,5,0,0,0,0,0,0,0,43787.95489501953,133205.01501464844,0,404327403520,8589930496,5792997376,114688
9,1791554247474,2500,2500,2500,2499,2499,2500,2500,2500,2499,2500,2499,2500,2500,2500,2500,2499,5.263157844543457,0,0,0,0,100,0,10,5,0,0,0,0,0,0,0,43788.11065673828,133205.33026123047,0,404327403520,8589930496,5792997376,114688
9,1791554247484,2500,2500,2500,2499,2499,2500,2500,2500,2499,2500,2499,2500,2500,2500,2500,2499,5.263157844543457,0,0,0,0,100,0,10,5,0,0,0,0,0,0,0,43788.26446533203,133205.6527709961,0,404327403520,8589930496,5792997376,114688
9,1791554247494,2500,2500,2500,2499,2499,2500,2500,2500,2499,2500,2499,2500,2500,2500,2500,2499,5.263157844543457,0,0,0,0,100,0,10,5,0,0,0,0,0,0,0,43788.420837402344,133205.9666748047,0,404327403520,8589930496,5792997376,114688
9,1791554247504,2500,2500,2500,2499,2499,2500,2500,2500,2499,2500,2499,2500,2500,2500,2500,2499,5.263157844543457,0,0,0,0,100,0,10,5,0,0,0,0,0,0,0,43788.58874511719,133206.31213378906,0,404327403520,8589930496,5801422848,114688
9,1791554247514,2500,2500,2500,2499,2499,2500,2500,2500,2499,2500,2499,2500,2500,2500,2500,2499,5.263157844543457,0,0,0,0,100,0,10,5,0,0,0,0,0,0,0,43788.739990234375,133206.63153076172,0,404327403520,8589930496,5801422848,114688
9,1791554247524,2500,2500,2500,2499,2499,2500,2500,2500,2499,2500,2499,2500,2500,2500,2500,2499,5.263157844543457,0,0,0,0,100,0,10,5,0,0,0,0,0,0,0,43788.89520263672,133206.95025634766,0,404327403520,8589930496,5801422848,114688
9,1791554247534,2500,2500,2500,2499,2499,2500,2500,2500,2499,2500,2499,2500,2500,2500,2500,2499,0,5,0,0,5,100,0,0,0,0,0,0,0,0,4.761904716491699,0,43789.04699707031,133207.267578125,0,404327403520,8589930496,5801422848,114688
9,1791554247545,2500,2500,2500,2499,2499,2500,2500,2500,2499,2500,2499,2500,2500,2500,2500,2499,0,5,0,0,5,100,0,0,0,0,0,0,0,0,4.761904716491699,0,43789.19549560547,133207.58764648438,0,404327403520,8589930496,5809848320,114688
10,1791554247555,2500,2500,2500,2499,2499,2500,2500,2500,2499,2500,2499,2500,2500,2500,2500,2499,0,5,0,0,5,100,0,0,0,0,0,0,0,0,4.761904716491699,0,43789.34802246094,133207.90350341797,0,404327403520,8589930496,5809848320,114688
9,1791554247565,2500,2500,2500,2499,2499,2500,2500,2500,2499,2500,2499,2500,2500,2500,2500,2499,0,5,0,0,5,100,0,0,0,0,0,0,0,0,4.761904716491699,0,43789.498596191406,133208.22137451172,0,404327403520,8589930496,5809848320,114688
9,1791554247575,2500,2500,2500,2499,2499,2500,2500,2500,2499,2500,2499,2500,2500,2500,2500,2499,0,5,0,0,5,100,0,0,0,0,0,0,0,0,4.761904716491699,0,43789.653869628906,133208.54022216797,0,404327403520,8589930496,5809848320,114688
9,1791554247585,2500,2500,2500,2499,2499,2500,2500,2500,2499,2500,2499,2500,2500,2500,2500,2499,0,5,0,0,5,100,0,0,0,0,0,0,0,0,4.761904716491699,0,43789.80749511719,133208.85723876953,0,404327403520,8589930496,5809848320,114688
9,1791554247595,2500,2500,2500,2499,2499,2500,2500,2500,2499,2500,2499,2500,2500,2500,2500,2499,0,5,0,0,5,100,0,0,0,0,0,0,0,0,4.761904716491699,0,43789.96350097656,133209.17999267578,0,404327403520,8589930496,5817778176,114688
9,1791554247605,2500,2500,2500,2499,2499,2500,2500,2500,2499,2500,2499,2500,2500,2500,2500,2499,0,5,0,0,5,100,0,0,0,0,0,0,0,0,4.761904716491699,0,43790.11364746094,133209.498046875,0,404327403520,8589930496,5817778176,114688
9,1791554247615,2500,2500,2500,2499,2499,2500,2500,2500,2499,2500,2499,2500,2500,2500,2500,2499,0,5,0,0,5,100,0,0,0,0,0,0,0,0,4.761904716491699,0,43790.268005371094,133209.81225585938,0,404327403520,8589930496,5817778176,114688
9,1791554247625,2500,2500,2500,2499,2499,2500,2500,2500,2499,2500,2499,2500,2500,2500,2500,2499,0,5,0,0,5,100,0,0,0,0,0,0,0,0,4.761904716491699,0,43790.42822265625,133210.12322998047,0,404327403520,8589930496,5817778176,114688
10,1791554247635,2500,2500,2500,2499,2499,2500,2500,2500,2499,2500,2499,2500,2500,2500,2500,2499,0,5,0,0,5,100,0,0,0,0,0,0,0,0,4.761904716491699,0,43790.581115722656,133210.43920898438,0,404327403520,8589930496,5826203648,114688
10,1791554247645,2500,2500,2500,2499,2499,2500,2500,2500,2499,2500,2499,2500,2500,2500,2500,2499,0,5,0,0,5,100,0,0,0,0,0,0,0,0,4.761904716491699,0,43790.73913574219,133210.7579345703,0,404327403520,8589930496,5826203648,114688
10,1791554247655,2500,2500,2500,2499,2499,2500,2500,2500,2499,2500,2499,2500,2500,2500,2500,2499,0,5,0,0,5,100,0,0,0,0,0,0,0,0,4.761904716491699,0,43790.89440917969,133211.07208251953,0,404327403520,8589930496,5826203648,114688
9,1791554247665,2500,2500,2500,2499,2499,2500,2500,2500,2499,2500,2499,2500,2500,2500,2500,2499,0,5,0,0,5,100,0,0,0,0,0,0,0,0,4.761904716491699,0,43791.07257080078,133211.419921875,0,404327403520,8589930496,5826203648,114688
9,1791554247675,2500,2500,2500,2499,2499,2500,2500,2500,2499,2500,2499,2500,2500,2500,2500,2499,0,5,0,0,5,100,0,0,0,0,0,0,0,0,4.761904716491699,0,43791.212829589844,133211.71130371094,0,404327403520,8589930496,5826203648,114688
10,1791554247685,2500,2500,2500,2499,2499,2500,2500,2500,2499,2500,2499,2500,2500,2500,2500,2499,0,5,0,0,5,100,0,0,0,0,0,0,0,0,4.761904716491699,0,43791.36682128906,133212.0259399414,0,404327403520,8589930496,5834629120,114688
9,1791554247696,2500,2500,2500,2499,2499,2500,2500,2500,2499,2500,2499,2500,2500,2500,2500,2499,0,5,0,0,5,100,0,0,0,0,0,0,0,0,4.761904716491699,0,43791.524841308594,133212.33709716797,0,404327403520,8589930496,5834629120,114688
9,1791554247706,2500,2500,2500,2499,2499,2500,2500,2500,2499,2500,2499,2500,2500,2500,2500,2499,0,5,0,0,5,100,0,0,0,0,0,0,0,0,4.761904716491699,0,43791.69128417969,133212.68408203125,0,404327403520,8589930496,5834629120,114688
9,1791554247716,2500,2500,2500,2499,2499,2500,2500,2500,2499,2500,2499,2500,2500,2500,2500,2499,0,5,0,0,5,100,0,0,0,0,0,0,0,0,4.761904716491699,0,43791.851501464844,133213.00225830078,0,404327403520,8589930496,5834629120,114688
9,1791554247726,2500,2500,2500,2499,2499,2500,2500,2500,2499,2500,2499,2500,2500,2500,2500,2499,0,5,0,0,5,100,0,0,0,0,0,0,0,0,4.761904716491699,0,43792.00549316406,133213.31762695313,0,404327403520,8589930496,5842558976,114688
9,1791554247736,2500,2500,2500,2499,2499,2500,2500,2500,2499,2500,2499,2500,2500,2500,2500,2499,5.263157844543457,5,0,0,0,100,0,5,0,0,5,0,0,0,0,0,43792.15930175781,133213.6397705078,0,404327403520,8589930496,5842558976,114688
10,1791554247746,2500,2500,2500,2499,2499,2500,2500,2500,2499,2500,2499,2500,2500,2500,2500,2499,5.263157844543457,5,0,0,0,100,0,5,0,0,5,0,0,0,0,0,43792.314392089844,133213.95880126953,0,404327403520,8589930496,5842558976,114688
10,1791554247756,2500,2500,2500,2499,2499,2500,2500,2500,2499,2500,2499,2500,2500,2500,2500,2499,5.263157844543457,5,0,0,0,100,0,5,0,0,5,0,0,0,0,0,43792.46826171875,133214.27813720703,0,404327403520,8589930496,5842558976,114688
9,1791554247766,2500,2500,2500,2499,2499,2500,2500,2500,2499,2500,2499,2500,2500,2500,2500,2499,5.263157844543457,5,0,0,0,100,0,5,0,0,5,0,0,0,0,0,43792.622619628906,133214.5916748047,0,404327403520,8589930496,5842558976,114688
9,1791554247776,2500,2500,2500,2499,2499,2500,2500,2500,2499,2500,2499,2500,2500,2500,2500,2499,5.263157844543457,5,0,0,0,100,0,5,0,0,5,0,0,0,0,0,43792.770751953125,133214.91387939453,0,404327403520,8589930496,5850984448,114688
9,1791554247786,2500,2500,2500,2499,2499,2500,2500,2500,2499,2500,2499,2500,2500,2500,2500,2499,5.263157844543457,5,0,0,0,100,0,5,0,0,5,0,0,0,0,0,43792.92510986328,133215.23095703125,0,404327403520,8589930496,5850984448,114688
9,1791554247796,2500,2500,2500,2499,2499,2500,2500,2500,2499,2500,2499,2500,2500,2500,2500,2499,5.263157844543457,5,0,0,0,100,0,5,0,0,5,0,0,0,0,0,43793.08166503906,133215.54846191406,0,404327403520,8589930496,5850984448,114688
9,1791554247807,2500,2500,2500,2499,2499,2500,2500,2500,2499,2500,2499,2500,2500,2500,2500,2499,5.263157844543457,5,0,0,0,100,0,5,0,0,5,0,0,0,0,0,43793.242614746094,133215.87255859375,0,404327403520,8589930496,5850984448,114688
9,1791554247817,2500,2500,2500,2499,2499,2500,2500,2500,2499,2500,2499,2500,2500,2500,2500,2499,5.263157844543457,5,0,0,0,100,0,5,0,0,5,0,0,0,0,0,43793.414001464844,133216.22229003906,0,404327403520,8589930496,5859409920,114688
10,1791554247827,2500,2500,2500,2499,2499,2500,2500,2500,2499,2500,2499,2500,2500,2500,2500,2499,5.263157844543457,5,0,0,0,100,0,5,0,0,5,0,0,0,0,0,43793.555236816406,133216.50225830078,0,404327403520,8589930496,5859409920,114688
9,1791554247837,2500,2500,2500,2499,2499,2500,2500,2500,2499,2500,2499,2500,2500,2500,2500,2499,5.263157844543457,5,0,0,0,100,0,5,0,0,5,0,0,0,0,0,43793.72998046875,133216.84692382813,0,404327403520,8589930496,5859409920,114688
9,1791554247847,2500,2500,2500,2499,2499,2500,2500,2500,2499,2500,2499,2500,2500,2500,2500,2499,5.263157844543457,5,0,0,0,100,0,5,0,0,5,0,0,0,0,0,43793.88360595703,133217.16607666016,0,404327403520,8589930496,5859409920,114688
9,1791554247857,2500,2500,2500,2499,2499,2500,2500,2500,2499,2500,2499,2500,2500,2500,2500,2499,5.263157844543457,5,0,0,0,100,0,5,0,0,5,0,0,0,0,0,43794.03778076172,133217.48175048828,0,404327403520,8589930496,5867339776,114688
9,1791554247867,2500,2500,2500,2499,2499,2500,2500,2500,2499,2500,2499,2500,2500,2500,2500,2499,5.263157844543457,5,0,0,0,100,0,5,0,0,5,0,0,0,0,0,43794.19305419922,133217.8032836914,0,404327403520,8589930496,5867339776,114688
9,1791554247877,2500,2500,2500,2499,2499,2500,2500,2500,2499,2500,2499,2500,2500,2500,2500,2499,5.263157844543457,5,0,0,0,100,0,5,0,0,5,0,0,0,0,0,43794.347595214844,133218.12463378906,0,404327403520,8589930496,5867339776,114688
9,1791554247887,2500,2500,2500,2499,2499,2500,2500,2500,2499,2500,2499,2500,2500,2500,2500,2499,5.263157844543457,5,0,0,0,100,0,5,0,0,5,0,0,0,0,0,43794.502502441406,133218.44140625,0,404327403520,8589930496,5867339776,114688
10,1791554247897,2500,2500,2500,2499,2499,2500,2500,2500,2499,2500,2499,2500,2500,2500,2500,2499,5.263157844543457,5,0,0,0,100,0,5,0,0,5,0,0,0,0,0,43794.657775878906,133218.75842285156,0,404327403520,8589930496,5867339776,114688
9,1791554247907,2500,2500,2500,2499,2499,2500,2500,2500,2499,2500,2499,2500,2500,2500,2500,2499,5.263157844543457,5,0,0,0,100,0,5,0,0,5,0,0,0,0,0,43794.816162109375,133219.07153320313,0,404327403520,8589930496,5875765248,114688
9,1791554247917,2500,2500,2500,2499,2499,2500,2500,2500,2499,2500,2499,2500,2500,2500,2500,2499,5.263157844543457,5,0,0,0,100,0,5,0,0,5,0,0,0,0,0,43794.972900390625,133219.39251708984,0,404327403520,8589930496,5875765248,114688
9,1791554247927,2500,2500,2500,2499,2499,2500,2500,2500,2499,2500,2499,2500,2500,2500,2500,2499,5.263157844543457,5,0,0,0,100,0,5,0,0,5,0,0,0,0,0,43795.123779296875,133219.7138671875,0,404327403520,8589930496,5875765248,114688
9,1791554247937,2500,2500,2500,2499,2499,2500,2500,2500,2499,2500,2499,2500,2500,2500,2500,2499,5.263157844543457,0,0,4.761904716491699,0,100,5,10,5,0,0,0,0,0,0,0,43795.273010253906,133220.02856445313,0,404327403520,8589930496,5875765248,114688
10,1791554247947,2500,2500,2500,2499,2499,2500,2500,2500,2499,2500,2499,2500,2500,2500,2500,2499,5.263157844543457,0,0,4.761904716491699,0,100,5,10,5,0,0,0,0,0,0,0,43795.430114746094,133220.35083007813,0,404327403520,8589930496,5884190720,114688
10,1791554247957,2500,2500,2500,2499,2499,2500,2500,2500,2499,2500,2499,2500,2500,2500,2500,2499,5.263157844543457,0,0,4.761904716491699,0,100,5,10,5,0,0,0,0,0,0,0,43795.58740234375,133220.66473388672,0,404327403520,8589930496,5884190720,114688
9,1791554247968,2500,2500,2500,2499,2499,2500,2500,2500,2499,2500,2499,2500,2500,2500,2500,2499,5.263157844543457,0,0,4.761904716491699,0,100,5,10,5,0,0,0,0,0,0,0,43795.74084472656,133220.98474121094,0,404327403520,8589930496,5884190720,114688
10,1791554247978,2500,2500,2500,2499,2499,2500,2500,2500,2499,2500,2499,2500,2500,2500,2500,2499,5.263157844543457,0,0,4.761904716491699,0,100,5,10,5,0,0,0,0,0,0,0,43795.898193359375,133221.30450439453,0,404327403520,8589930496,5884190720,114688
9,1791554247988,2500,2500,2500,2499,2499,2500,2500,2500,2499,2500,2499,2500,2500,2500,2500,2499,5.263157844543457,0,0,4.761904716491699,0,100,5,10,5,0,0,0,0,0,0,0,43796.053466796875,133221.62567138672,0,404327403520,8589930496,5884190720,114688
9,1791554247998,2500,2500,2500,2499,2499,2500,2500,2500,2499,2500,2499,2500,2500,2500,2500,2499,5.263157844543457,0,0,4.761904716491699,0,100,5,10,5,0,0,0,0,0,0,0,43796.21130371094,133221.94464111328,0,404327403520,8589930496,5892120576,114688
9,1791554248008,2500,2500,2500,2499,2499,2500,2500,2500,2499,2500,2499,2500,2500,2500,2500,2499,5.263157844543457,0,0,4.761904716491699,0,100,5,10,5,0,0,0,0,0,0,0,43796.383239746094,133222.29223632813,0,404327403520,8589930496,5892120576,114688
9,1791554248018,2500,2500,2500,2499,2499,2500,2500,2500,2499,2500,2499,2500,2500,2500,2500,2499,5.263157844543457,0,0,4.761904716491699,0,100,5,10,5,0,0,0,0,0,0,0,43796.54345703125,133222.6151123047,0,404327403520,8589930496,5892120576,114688
10,1791554248028,2500,2500,2500,2499,2499,2500,2500,2500,2499,2500,2499,2500,2500,2500,2500,2499,5.263157844543457,0,0,4.761904716491699,0,100,5,10,5,0,0,0,0,0,0,0,43796.69677734375,133222.92889404297,0,404327403520,8589930496,5892120576,114688
9,1791554248038,2500,2500,2500,2499,2499,2500,2500,2500,2499,2500,2499,2500,2500,2500,2500,2499,5.263157844543457,0,0,4.761904716491699,0,100,5,10,5,0,0,0,0,0,0,0,43796.85333251953,133223.2456665039,0,404327403520,8589930496,5900546048,114688
10,1791554248048,2500,2500,2500,2499,2499,2500,2500,2500,2499,2500,2499,2500,2500,2500,2500,2499,5.263157844543457,0,0,4.761904716491699,0,100,5,10,5,0,0,0,0,0,0,0,43797.006774902344,133223.5634765625,0,404327403520,8589930496,5900546048,114688
9,1791554248058,2500,2500,2500,2499,2499,2500,2500,2500,2499,2500,2499,2500,2500,2500,2500,2499,5.263157844543457,0,0,4.761904716491699,0,100,5,10,5,0,0,0,0,0,0,0,43797.15515136719,133223.8822631836,0,404327403520,8589930496,5900546048,114688
10,1791554248068,2500,2500,2500,2499,2499,2500,2500,2500,2499,2500,2499,2500,2500,2500,2500,2499,5.263157844543457,0,0,4.761904716491699,0,100,5,10,5,0,0,0,0,0,0,0,43797.30603027344,133224.1993408203,0,404327403520,8589930496,5900546048,114688
9,1791554248078,2500,2500,2500,2499,2499,2500,2500,2500,2499,2500,2499,2500,2500,2500,2500,2499,5.263157844543457,0,0,4.761904716491699,0,100,5,10,5,0,0,0,0,0,0,0,43797.46063232422,133224.5160522461,0,404327403520,8589930496,5900546048,114688
9,1791554248089,2500,2500,2500,2499,2499,2500,2500,2500,2499,2500,2499,2500,2500,2500,2500,2499,5.263157844543457,0,0,4.761904716491699,0,100,5,10,5,0,0,0,0,0,0,0,43797.616638183594,133224.8309326172,0,404327403520,8589930496,5908971520,114688
9,1791554248099,2500,2500,2500,2499,2499,2500,2500,2500,2499,2500,2499,2500,2500,2500,2500,2499,5.263157844543457,0,0,4.761904716491699,0,100,5,10,5,0,0,0,0,0,0,0,43797.76916503906,133225.14453125,0,404327403520,8589930496,5908971520,114688
9,1791554248109,2500,2500,2500,2499,2499,2500,2500,2500,2499,2500,2499,2500,2500,2500,2500,2499,5.263157844543457,0,0,4.761904716491699,0,100,5,10,5,0,0,0,0,0,0,0,43797.91931152344,133225.46362304688,0,404327403520,8589930496,5904273408,114688
9,1791554248119,2500,2500,2500,2499,2499,2500,2500,2500,2499,2500,2499,2500,2500,2500,2500,2499,5.263157844543457,0,0,4.761904716491699,0,100,5,10,5,0,0,0,0,0,0,0,43798.069274902344,133225.78381347656,0,404327403520,8589930496,5904273408,114688
9,1791554248129,2500,2500,2500,2499,2499,2500,2500,2500,2499,2500,2499,2500,2500,2500,2500,2499,5.263157844543457,0,0,4.761904716491699,0,100,5,10,5,0,0,0,0,0,0,0,43798.224853515625,133226.10095214844,0,404327403520,8589930496,5904273408,114688
9,1791554248139,2500,2500,2500,2499,2499,2500,2500,2500,2499,2500,2499,2500,2500,2500,2500,2499,5.263157844543457,0,0,0,0,100,0,5,0,0,0,0,0,0,0,0,43798.38153076172,133226.41528320313,0,404327403520,8589930496,5912203264,114688
9,1791554248149,2500,2500,2500,2499,2499,2500,2500,2500,2499,2500,2499,2500,2500,2500,2500,2499,5.263157844543457,0,0,0,0,100,0,5,0,0,0,0,0,0,0,0,43798.529296875,133226.73468017578,0,404327403520,8589930496,5912203264,114688
10,1791554248159,2500,2500,2500,2499,2499,2500,2500,2500,2499,2500,2499,2500,2500,2500,2500,2499,5.263157844543457,0,0,0,0,100,0,5,0,0,0,0,0,0,0,0,43798.6796875,133227.05145263672,0,404327403520,8589930496,5912203264,114688
9,1791554248169,2500,2500,2500,2499,2499,2500,2500,2500,2499,2500,2499,2500,2500,2500,2500,2499,5.263157844543457,0,0,0,0,100,0,5,0,0,0,0,0,0,0,0,43798.84832763672,133227.396484375,0,404327403520,8589930496,5912203264,114688
9,1791554248179,2500,2500,2500,2499,2499,2500,2500,2500,2499,2500,2499,2500,2500,2500,2500,2499,5.263157844543457,0,0,0,0,100,0,5,0,0,0,0,0,0,0,0,43798.9990234375,133227.71612548828,0,404327403520,8589930496,5920628736,114688
9,1791554248189,2500,2500,2500,2499,2499,2500,2500,2500,2499,2500,2499,2500,2500,2500,2500,2499,5.263157844543457,0,0,0,0,100,0,5,0,0,0,0,0,0,0,0,43799.14733886719,133228.0355834961,0,404327403520,8589930496,5920628736,114688
9,1791554248199,2500,2500,2500,2499,2499,2500,2500,2500,2499,2500,2499,2500,2500,2500,2500,2499,5.263157844543457,0,0,0,0,100,0,5,0,0,0,0,0,0,0,0,43799.29772949219,133228.35565185547,0,404327403520,8589930496,5920628736,114688
9,1791554248209,2500,2500,2500,2499,2499,2500,2500,2500,2499,2500,2499,2500,2500,2500,2500,2499,5.263157844543457,0,0,0,0,100,0,5,0,0,0,0,0,0,0,0,43799.44592285156,133228.67266845703,0,404327403520,8589930496,5920628736,114688
9,1791554248219,2500,2500,2500,2499,2499,2500,2500,2500,2499,2500,2499,2500,2500,2500,2500,2499,5.263157844543457,0,0,0,0,100,0,5,0,0,0,0,0,0,0,0,43799.59606933594,133228.98901367188,0,404327403520,8589930496,5920628736,114688
9,1791554248230,2500,2500,2500,2499,2499,2500,2500,2500,2499,2500,2499,2500,2500,2500,2500,2499,5.263157844543457,0,0,0,0,100,0,5,0,0,0,0,0,0,0,0,43799.745849609375,133229.30603027344,0,404327403520,8589930496,5928558592,114688
9,1791554248240,2500,2500,2500,2499,2499,2500,2500,2500,2499,2500,2499,2500,2500,2500,2500,2499,5.263157844543457,0,0,0,0,100,0,5,0,0,0,0,0,0,0,0,43799.89453125,133229.62371826172,0,404327403520,8589930496,5928558592,114688
9,1791554248250,2500,2500,2500,2499,2499,2500,2500,2500,2499,2500,2499,2500,2500,2500,2500,2499,5.263157844543457,0,0,0,0,100,0,5,0,0,0,0,0,0,0,0,43800.043029785156,133229.93670654297,0,404327403520,8589930496,5928558592,114688
9,1791554248260,2500,2500,2500,2499,2499,2500,2500,2500,2499,2500,2499,2500,2500,2500,2500,2499,5.263157844543457,0,0,0,0,100,0,5,0,0,0,0,0,0,0,0,43800.19299316406,133230.2529296875,0,404327403520,8589930496,5928558592,114688
9,1791554248270,2500,2500,2500,2499,2499,2500,2500,2500,2499,2500,2499,2500,2500,2500,2500,2499,5.263157844543457,0,0,0,0,100,0,5,0,0,0,0,0,0,0,0,43800.33966064453,133230.5697631836,0,404327403520,8589930496,5936984064,114688
9,1791554248280,2500,2500,2500,2499,2499,2500,2500,2500,2499,2500,2499,2500,2500,2500,2500,2499,5.263157844543457,0,0,0,0,100,0,5,0,0,0,0,0,0,0,0,43800.489807128906,133230.884765625,0,404327403520,8589930496,5936984064,114688
10,1791554248290,2500,2500,2500,2499,2499,2500,2500,2500,2499,2500,2499,2500,2500,2500,2500,2499,5.263157844543457,0,0,0,0,100,0,5,0,0,0,0,0,0,0,0,43800.64562988281,133231.19799804688,0,404327403520,8589930496,5936984064,114688
9,1791554248300,2500,2500,2500,2499,2499,2500,2500,2500,2499,2500,2499,2500,2500,2500,2500,2499,5.263157844543457,0,0,0,0,100,0,5,0,0,0,0,0,0,0,0,43800.813720703125,133231.54510498047,0,404327403520,8589930496,5936984064,114688
9,1791554248310,2500,2500,2500,2499,2499,2500,2500,2500,2499,2500,2499,2500,2500,2500,2500,2499,5.263157844543457,0,0,0,0,100,0,5,0,0,0,0,0,0,0,0,43800.94812011719,133231.8291015625,0,404327403520,8589930496,5945409536,114688
10,1791554248320,2500,2500,2500,2499,2499,2500,2500,2500,2499,2500,2499,2500,2500,2500,2500,2499,5.263157844543457,0,0,0,0,100,0,5,0,0,0,0,0,0,0,0,43801.10412597656,133232.14697265625,0,404327403520,8589930496,5945409536,114688
9,1791554248330,2500,2500,2500,2499,2499,2500,2500,2500,2499,2500,2499,2500,2500,2500,2500,2499,5.263157844543457,0,0,0,0,100,0,5,0,0,0,0,0,0,0,0,43801.27185058594,133232.49639892578,0,404327403520,8589930496,5945409536,114688
9,1791554248340,2500,2500,2500,2499,2499,2500,2500,2500,2499,2500,2499,2500,2500,2500,2500,2499,0,0,0,0,0,100,0,5.263157844543457,0,5,0,0,0,0,0,0,43801.423828125,133232.8135986328,0,404327403520,8589930496,5945409536,114688
9,1791554248350,2500,2500,2500,2499,2499,2500,2500,2500,2499,2500,2499,2500,2500,2500,2500,2499,0,0,0,0,0,100,0,5.263157844543457,0,5,0,0,0,0,0,0,43801.58093261719,133233.13403320313,0,404327403520,8589930496,5945409536,114688
9,1791554248361,2500,2500,2500,2499,2499,2500,2500,2500,2499,2500,2499,2500,2500,2500,2500,2499,0,0,0,0,0,100,0,5.263157844543457,0,5,0,0,0,0,0,0,43801.73620605469,133233.44982910156,0,404327403520,8589930496,5953339392,114688
9,1791554248370,2500,2500,2500,2499,2499,2500,2500,2500,2499,2500,2499,2500,2500,2500,2500,2499,0,0,0,0,0,100,0,5.263157844543457,0,5,0,0,0,0,0,0,43801.88854980469,133233.7671508789,0,404327403520,8589930496,5953339392,114688
10,1791554248381,2500,2500,2500,2499,2499,2500,2500,2500,2499,2500,2499,2500,2500,2500,2500,2499,0,0,0,0,0,100,0,5.263157844543457,0,5,0,0,0,0,0,0,43802.04119873047,133234.08599853516,0,404327403520,8589930496,5953339392,114688
10,1791554248391,2500,2500,2500,2499,2499,2500,2500,2500,2499,2500,2499,2500,2500,2500,2500,2499,0,0,0,0,0,100,0,5.263157844543457,0,5,0,0,0,0,0,0,43802.19317626953,133234.40838623047,0,404327403520,8589930496,5953339392,114688
9,1791554248401,2500,2500,2500,2499,2499,2500,2500,2500,2499,2500,2499,2500,2500,2500,2500,2499,0,0,0,0,0,100,0,5.263157844543457,0,5,0,0,0,0,0,0,43802.34973144531,133234.72650146484,0,404327403520,8589930496,5961764864,114688
9,1791554248411,2500,2500,2500,2499,2499,2500,2500,2500,2499,2500,2499,2500,2500,2500,2500,2499,0,0,0,0,0,100,0,5.263157844543457,0,5,0,0,0,0,0,0,43802.498779296875,133235.0433959961,0,404327403520,8589930496,5961764864,114688
9,1791554248421,2500,2500,2500,2499,2499,2500,2500,2500,2499,2500,2499,2500,2500,2500,2500,2499,0,0,0,0,0,100,0,5.263157844543457,0,5,0,0,0,0,0,0,43802.657165527344,133235.3592529297,0,404327403520,8589930496,5961764864,114688
9,1791554248431,2500,2500,2500,2499,2499,2500,2500,2500,2499,2500,2499,2500,2500,2500,2500,2499,0,0,0,0,0,100,0,5.263157844543457,0,5,0,0,0,0,0,0,43802.81072998047,133235.67443847656,0,404327403520,8589930496,5961764864,114688
9,1791554248441,2500,2500,2500,2499,2499,2500,2500,2500,2499,2500,2499,2500,2500,2500,2500,2499,0,0,0,0,0,100,0,5.263157844543457,0,5,0,0,0,0,0,0,43802.96838378906,133235.9930419922,0,404327403520,8589930496,5961764864,114688
9,1791554248451,2500,2500,2500,2499,2499,2500,2500,2500,2499,2500,2499,2500,2500,2500,2500,2499,0,0,0,0,0,100,0,5.263157844543457,0,5,0,0,0,0,0,0,43803.11798095703,133236.3150024414,0,404327403520,8589930496,5970190336,114688
9,1791554248461,2500,2500,2500,2499,2499,2500,2500,2500,2499,2500,2499,2500,2500,2500,2500,2499,0,0,0,0,0,100,0,5.263157844543457,0,5,0,0,0,0,0,0,43803.272521972656,133236.6303100586,0,404327403520,8589930496,5970190336,114688
10,1791554248471,2500,2500,2500,2499,2499,2500,2500,2500,2499,2500,2499,2500,2500,2500,2500,2499,0,0,0,0,0,100,0,5.263157844543457,0,5,0,0,0,0,0,0,43803.426025390625,133236.94946289063,0,404327403520,8589930496,5970190336,114688
10,1791554248481,2500,2500,2500,2499,2499,2500,2500,2500,2499,2500,2499,2500,2500,2500,2500,2499,0,0,0,0,0,100,0,5.263157844543457,0,5,0,0,0,0,0,0,43803.583923339844,133237.26818847656,0,404327403520,8589930496,5970190336,114688
10,1791554248491,2500,2500,2500,2499,2499,2500,2500,2500,2499,2500,2499,2500,2500,2500,2500,2499,0,0,0,0,0,100,0,5.263157844543457,0,5,0,0,0,0,0,0,43803.73992919922,133237.58197021484,0,404327403520,8589930496,5978120192,114688
9,1791554248501,2500,2500,2500,2499,2499,2500,2500,2500,2499,2500,2499,2500,2500,2500,2500,2499,0,0,0,0,0,100,0,5.263157844543457,0,5,0,0,0,0,0,0,43803.91094970703,133237.92950439453,0,404327403520,8589930496,5978120192,114688
9,1791554248512,2500,2500,2500,2499,2499,2500,2500,2500,2499,2500,2499,2500,2500,2500,2500,2499,0,0,0,0,0,100,0,5.263157844543457,0,5,0,0,0,0,0,0,43804.06750488281,133238.2462158203,0,404327403520,8589930496,5978120192,114688
9,1791554248522,2500,2500,2500,2499,2499,2500,2500,2500,2499,2500,2499,2500,2500,2500,2500,2499,0,0,0,0,0,100,0,5.263157844543457,0,5,0,0,0,0,0,0,43804.224060058594,133238.56549072266,0,404327403520,8589930496,5978120192,114688
9,1791554248532,2500,2500,2500,2499,2499,2500,2500,2500,2499,2500,2499,2500,2500,2500,2500,2499,0,0,0,0,0,100,0,5.263157844543457,0,5,0,0,0,0,0,0,43804.37530517578,133238.88232421875,0,404327403520,8589930496,5978120192,114688
9,1791554248542,2500,2500,2500,2499,2499,2500,2500,2500,2499,2500,2499,2500,2500,2500,2500,2499,10,0,0,0,0,100,0,5,0,0,0,5,0,0,0,0,43804.52893066406,133239.19366455078,0,404327403520,8589930496,5986545664,114688
9,1791554248552,2500,2500,2500,2499,2499,2500,2500,2500,2499,2500,2499,2500,2500,2500,2500,2499,10,0,0,0,0,100,0,5,0,0,0,5,0,0,0,0,43804.679443359375,133239.5103149414,0,404327403520,8589930496,5986545664,114688
9,1791554248562,2500,2500,2500,2499,2499,2500,2500,2500,2499,2500,2499,2500,2500,2500,2500,2499,10,0,0,0,0,100,0,5,0,0,0,5,0,0,0,0,43804.83563232422,133239.82232666016,0,404327403520,8589930496,5986545664,114688
9,1791554248572,2500,2500,2500,2499,2499,2500,2500,2500,2499,2500,2499,2500,2500,2500,2500,2499,10,0,0,0,0,100,0,5,0,0,0,5,0,0,0,0,43804.9873046875,133240.13940429688,0,404327403520,8589930496,5986545664,114688
9,1791554248582,2500,2500,2500,2499,2499,2500,2500,2500,2499,2500,2499,2500,2500,2500,2500,2499,10,0,0,0,0,100,0,5,0,0,0,5,0,0,0,0,43805.13818359375,133240.45385742188,0,404327403520,8589930496,5994971136,114688
9,1791554248592,2500,2500,2500,2499,2499,2500,2500,2500,2499,2500,2499,2500,2500,2500,2500,2499,10,0,0,0,0,100,0,5,0,0,0,5,0,0,0,0,43805.294189453125,133240.77252197266,0,404327403520,8589930496,5994971136,114688
10,1791554248602,2500,2500,2500,2499,2499,2500,2500,2500,2499,2500,2499,2500,2500,2500,2500,2499,10,0,0,0,0,100,0,5,0,0,0,5,0,0,0,0,43805.449462890625,133241.0903930664,0,404327403520,8589930496,5994971136,114688
9,1791554248612,2500,2500,2500,2499,2499,2500,2500,2500,2499,2500,2499,2500,2500,2500,2500,2499,10,0,0,0,0,100,0,5,0,0,0,5,0,0,0,0,43805.60290527344,133241.41094970703,0,404327403520,8589930496,5994971136,114688
9,1791554248622,2500,2500,2500,2499,2499,2500,2500,2500,2499,2500,2499,2500,2500,2500,2500,2499,10,0,0,0,0,100,0,5,0,0,0,5,0,0,0,0,43805.76220703125,133241.71710205078,0,404327403520,8589930496,5994971136,114688
9,1791554248632,2500,2500,2500,2499,2499,2500,2500,2500,2499,2500,2499,2500,2500,2500,2500,2499,10,0,0,0,0,100,0,5,0,0,0,5,0,0,0,0,43805.91766357422,133242.03826904297,0,404327403520,8589930496,6002900992,114688
10,1791554248642,2500,2500,2500,2499,2499,2500,2500,2500,2499,2500,2499,2500,2500,2500,2500,2499,10,0,0,0,0,100,0,5,0,0,0,5,0,0,0,0,43806.07678222656,133242.3477783203,0,404327403520,8589930496,6002900992,114688
10,1791554248652,2500,2500,2500,2499,2499,2500,2500,2500,2499,2500,2499,2500,2500,2500,2500,2499,10,0,0,0,0,100,0,5,0,0,0,5,0,0,0,0,43806.228759765625,133242.6671142578,0,404327403520,8589930496,6002900992,114688
9,1791554248663,2500,2500,2500,2499,2499,2500,2500,2500,2499,2500,2499,2500,2500,2500,2500,2499,10,0,0,0,0,100,0,5,0,0,0,5,0,0,0,0,43806.396484375,133243.0137939453,0,404327403520,8589930496,6002900992,114688
9,1791554248673,2500,2500,2500,2499,2499,2500,2500,2500,2499,2500,2499,2500,2500,2500,2500,2499,10,0,0,0,0,100,0,5,0,0,0,5,0,0,0,0,43806.53674316406,133243.3023071289,0,404327403520,8589930496,6011326464,114688
9,1791554248683,2500,2500,2500,2499,2499,2500,2500,2500,2499,2500,2499,2500,2500,2500,2500,2499,10,0,0,0,0,100,0,5,0,0,0,5,0,0,0,0,43806.70666503906,133243.64862060547,0,404327403520,8589930496,6011326464,114688
10,1791554248693,2500,2500,2500,2499,2499,2500,2500,2500,2499,2500,2499,2500,2500,2500,2500,2499,10,0,0,0,0,100,0,5,0,0,0,5,0,0,0,0,43806.84637451172,133243.92999267578,0,404327403520,8589930496,6011326464,114688
9,1791554248703,2500,2500,2500,2499,2499,2500,2500,2500,2499,2500,2499,2500,2500,2500,2500,2499,10,0,0,0,0,100,0,5,0,0,0,5,0,0,0,0,43807.0126953125,133244.2807006836,0,404327403520,8589930496,6011326464,114688
9,1791554248713,2500,2500,2500,2499,2499,2500,2500,2500,2499,2500,2499,2500,2500,2500,2500,2499,10,0,0,0,0,100,0,5,0,0,0,5,0,0,0,0,43807.165588378906,133244.5922241211,0,404327403520,8589930496,6011326464,114688
9,1791554248723,2500,2500,2500,2499,2499,2500,2500,2500,2499,2500,2499,2500,2500,2500,2500,2499,10,0,0,0,0,100,0,5,0,0,0,5,0,0,0,0,43807.32141113281,133244.90649414063,0,404327403520,8589930496,6019751936,114688
9,1791554248733,2500,2500,2500,2499,2499,2500,2500,2500,2499,2500,2499,2500,2500,2500,2500,2499,10,0,0,0,0,100,0,5,0,0,0,5,0,0,0,0,43807.470642089844,133245.220703125,0,404327403520,8589930496,6019751936,114688
9,1791554248743,2500,2500,2500,2499,2499,2500,2500,2500,2499,2500,2499,2500,2500,2500,2500,2499,5.263157844543457,0,0,0,0,100,0,5,5,0,0,0,0,0,0,0,43807.62243652344,133245.5372314453,0,404327403520,8589930496,6019751936,114688
10,1791554248753,2500,2500,2500,2499,2499,2500,2500,2500,2499,2500,2499,2500,2500,2500,2500,2499,5.263157844543457,0,0,0,0,100,0,5,5,0,0,0,0,0,0,0,43807.775146484375,133245.85791015625,0,404327403520,8589930496,6019751936,114688
9,1791554248763,2500,2500,2500,2499,2499,2500,2500,2500,2499,2500,2499,2500,2500,2500,2500,2499,5.263157844543457,0,0,0,0,100,0,5,5,0,0,0,0,0,0,0,43807.92565917969,133246.1742553711,0,404327403520,8589930496,6027681792,114688
9,1791554248773,2500,2500,2500,2499,2499,2500,2500,2500,2499,2500,2499,2500,2500,2500,2500,2499,5.263157844543457,0,0,0,0,100,0,5,5,0,0,0,0,0,0,0,43808.08056640625,133246.49224853516,0,404327403520,8589930496,6027681792,114688
10,1791554248783,2500,2500,2500,2499,2499,2500,2500,2500,2499,2500,2499,2500,2500,2500,2500,2499,5.263157844543457,0,0,0,0,100,0,5,5,0,0,0,0,0,0,0,43808.233825683594,133246.81048583984,0,404327403520,8589930496,6027681792,114688
9,1791554248793,2500,2500,2500,2499,2499,2500,2500,2500,2499,2500,2499,2500,2500,2500,2500,2499,5.263157844543457,0,0,0,0,100,0,5,5,0,0,0,0,0,0,0,43808.394470214844,133247.13055419922,0,404327403520,8589930496,6027681792,114688
9,1791554248804,2500,2500,2500,2499,2499,2500,2500,2500,2499,2500,2499,2500,2500,2500,2500,2499,5.263157844543457,0,0,0,0,100,0,5,5,0,0,0,0,0,0,0,43808.543884277344,133247.44952392578,0,404327403520,8589930496,6027681792,114688
9,1791554248814,2500,2500,2500,2499,2499,2500,2500,2500,2499,2500,2499,2500,2500,2500,2500,2499,5.263157844543457,0,0,0,0,100,0,5,5,0,0,0,0,0,0,0,43808.698791503906,133247.7691040039,0,404327403520,8589930496,6036107264,114688
10,1791554248824,2500,2500,2500,2499,2499,2500,2500,2500,2499,2500,2499,2500,2500,2500,2500,2499,5.263157844543457,0,0,0,0,100,0,5,5,0,0,0,0,0,0,0,43808.849670410156,133248.0825805664,0,404327403520,8589930496,6036107264,114688
10,1791554248834,2500,2500,2500,2499,2499,2500,2500,2500,2499,2500,2499,2500,2500,2500,2500,2499,5.263157844543457,0,0,0,0,100,0,5,5,0,0,0,0,0,0,0,43809.00622558594,133248.3988647461,0,404327403520,8589930496,6036107264,114688
9,1791554248844,2500,2500,2500,2499,2499,2500,2500,2500,2499,2500,2499,2500,2500,2500,2500,2499,5.263157844543457,0,0,0,0,100,0,5,5,0,0,0,0,0,0,0,43809.15930175781,133248.71618652344,0,404327403520,8589930496,6036107264,114688
9,1791554248854,2500,2500,2500,2499,2499,2500,2500,2500,2499,2500,2499,2500,2500,2500,2500,2499,5.263157844543457,0,0,0,0,100,0,5,5,0,0,0,0,0,0,0,43809.33361816406,133249.0623779297,0,404327403520,8589930496,6036107264,114688
9,1791554248864,2500,2500,2500,2499,2499,2500,2500,2500,2499,2500,2499,2500,2500,2500,2500,2499,5.263157844543457,0,0,0,0,100,0,5,5,0,0,0,0,0,0,0,43809.487060546875,133249.38220214844,0,404327403520,8589930496,6036107264,114688
9,1791554248874,2500,2500,2500,2499,2499,2500,2500,2500,2499,2500,2499,2500,2500,2500,2500,2499,5.263157844543457,0,0,0,0,100,0,5,5,0,0,0,0,0,0,0,43809.64196777344,133249.69818115234,0,404327403520,8589930496,6036107264,114688
9,1791554248884,2500,2500,2500,2499,2499,2500,2500,2500,2499,2500,2499,2500,2500,2500,2500,2499,5.263157844543457,0,0,0,0,100,0,5,5,0,0,0,0,0,0,0,43809.79522705078,133250.0150756836,0,404327403520,8589930496,6036107264,114688
10,1791554248894,2500,2500,2500,2499,2499,2500,2500,2500,2499,2500,2499,2500,2500,2500,2500,2499,5.263157844543457,0,0,0,0,100,0,5,5,0,0,0,0,0,0,0,43809.94970703125,133250.33251953125,0,404327403520,8589930496,6036107264,114688
9,1791554248904,2500,2500,2500,2499,2499,2500,2500,2500,2499,2500,2499,2500,2500,2500,2500,2499,5.263157844543457,0,0,0,0,100,0,5,5,0,0,0,0,0,0,0,43810.104736328125,133250.6463623047,0,404327403520,8589930496,6036107264,114688
10,1791554248914,2500,2500,2500,2499,2499,2500,2500,2500,2499,2500,2499,2500,2500,2500,2500,2499,5.263157844543457,0,0,0,0,100,0,5,5,0,0,0,0,0,0,0,43810.26037597656,133250.9598388672,0,404327403520,8589930496,6036107264,114688
9,1791554248924,2500,2500,2500,2499,2499,2500,2500,2500,2499,2500,2499,2500,2500,2500,2500,2499,5.263157844543457,0,0,0,0,100,0,5,5,0,0,0,0,0,0,0,43810.410705566406,133251.2774658203,0,404327403520,8589930496,6036107264,114688
10,1791554248934,2500,2500,2500,2499,2499,2500,2500,2500,2499,2500,2499,2500,2500,2500,2500,2499,5.263157844543457,0,0,0,0,100,0,5,5,0,0,0,0,0,0,0,43810.561950683594,133251.5946044922,0,404327403520,8589930496,6036107264,114688
10,1791554248944,2500,2500,2500,2499,2499,2500,2500,2500,2499,2500,2499,2500,2500,2500,2500,2499,0,0,0,0,0,100,0,5.263157844543457,0,0,0,0,0,0,0,0,43810.71942138672,133251.9149169922,0,404327403520,8589930496,6036107264,114688
10,1791554248954,2500,2500,2500,2499,2499,2500,2500,2500,2499,2500,2499,2500,2500,2500,2500,2499,0,0,0,0,0,100,0,5.263157844543457,0,0,0,0,0,0,0,0,43810.87725830078,133252.2315673828,0,404327403520,8589930496,6036107264,114688
10,1791554248965,2500,2500,2500,2499,2499,2500,2500,2500,2499,2500,2499,2500,2500,2500,2500,2499,0,0,0,0,0,100,0,5.263157844543457,0,0,0,0,0,0,0,0,43811.031982421875,133252.54266357422,0,404327403520,8589930496,6036107264,114688
9,1791554248975,2500,2500,2500,2499,2499,2500,2500,2500,2499,2500,2499,2500,2500,2500,2500,2499,0,0,0,0,0,100,0,5.263157844543457,0,0,0,0,0,0,0,0,43811.189453125,133252.8646850586,0,404327403520,8589930496,6036107264,114688
9,1791554248985,2500,2500,2500,2499,2499,2500,2500,2500,2499,2500,2499,2500,2500,2500,2500,2499,0,0,0,0,0,100,0,5.263157844543457,0,0,0,0,0,0,0,0,43811.3447265625,133253.1826171875,0,404327403520,8589930496,6036107264,114688
9,1791554248995,2500,2500,2500,2499,2499,2500,2500,2500,2499,2500,2499,2500,2500,2500,2500,2499,0,0,0,0,0,100,0,5.263157844543457,0,0,0,0,0,0,0,0,43811.49835205078,133253.5015258789,0,404327403520,8589930496,6036107264,114688
9,1791554249005,2500,2500,2500,2499,2499,2500,2500,2500,2499,2500,2499,2500,2500,2500,2500,2499,0,0,0,0,0,100,0,5.263157844543457,0,0,0,0,0,0,0,0,43811.64831542969,133253.81463623047,0,404327403520,8589930496,6036107264,114688
9,1791554249015,2500,2500,2500,2499,2499,2500,2500,2500,2499,2500,2499,2500,2500,2500,2500,2499,0,0,0,0,0,100,0,5.263157844543457,0,0,0,0,0,0,0,0,43811.800842285156,133254.13092041016,0,404327403520,8589930496,6036107264,114688
9,1791554249025,2500,2500,2500,2499,2499,2500,2500,2500,2499,2500,2499,2500,2500,2500,2500,2499,0,0,0,0,0,100,0,5.263157844543457,0,0,0,0,0,0,0,0,43811.97021484375,133254.4764404297,0,404327403520,8589930496,6036107264,114688
9,1791554249035,2500,2500,2500,2499,2499,2500,2500,2500,2499,2500,2499,2500,2500,2500,2500,2499,0,0,0,0,0,100,0,5.263157844543457,0,0,0,0,0,0,0,0,43812.12615966797,133254.79315185547,0,404327403520,8589930496,6036107264,114688
9,1791554249045,2500,2500,2500,2499,2499,2500,2500,2500,2499,2500,2499,2500,2500,2500,2500,2499,0,0,0,0,0,100,0,5.263157844543457,0,0,0,0,0,0,0,0,43812.275939941406,133255.1102294922,0,404327403520,8589930496,6036107264,114688
9,1791554249055,2500,2500,2500,2499,2499,2500,2500,2500,2499,2500,2499,2500,2500,2500,2500,2499,0,0,0,0,0,100,0,5.263157844543457,0,0,0,0,0,0,0,0,43812.43249511719,133255.4243774414,0,404327403520,8589930496,6036107264,114688
9,1791554249065,2500,2500,2500,2499,2499,2500,2500,2500,2499,2500,2499,2500,2500,2500,2500,2499,0,0,0,0,0,100,0,5.263157844543457,0,0,0,0,0,0,0,0,43812.58044433594,133255.7401123047,0,404327403520,8589930496,6036107264,114688
9,1791554249075,2500,2500,2500,2499,2499,2500,2500,2500,2499,2500,2499,2500,2500,2500,2500,2499,0,0,0,0,0,100,0,5.263157844543457,0,0,0,0,0,0,0,0,43812.732482910156,133256.0570678711,0,404327403520,8589930496,6036107264,114688
10,1791554249085,2500,2500,2500,2499,2499,2500,2500,2500,2499,2500,2499,2500,2500,2500,2500,2499,0,0,0,0,0,100,0,5.263157844543457,0,0,0,0,0,0,0,0,43812.879150390625,133256.37927246094,0,404327403520,8589930496,6036107264,114688
10,1791554249095,2500,2500,2500,2499,2499,2500,2500,2500,2499,2500,2499,2500,2500,2500,2500,2499,0,0,0,0,0,100,0,5.263157844543457,0,0,0,0,0,0,0,0,43813.03430175781,133256.69622802734,0,404327403520,8589930496,6036107264,114688
9,1791554249106,2500,2500,2500,2499,2499,2500,2500,2500,2499,2500,2499,2500,2500,2500,2500,2499,0,0,0,0,0,100,0,5.263157844543457,0,0,0,0,0,0,0,0,43813.18865966797,133257.0106201172,0,404327403520,8589930496,6036107264,114688
9,1791554249116,2500,2500,2500,2499,2499,2500,2500,2500,2499,2500,2499,2500,2500,2500,2500,2499,0,0,0,0,0,100,0,5.263157844543457,0,0,0,0,0,0,0,0,43813.338623046875,133257.3267211914,0,404327403520,8589930496,6036107264,114688
9,1791554249126,2500,2500,2500,2499,2499,2500,2500,2500,2499,2500,2499,2500,2500,2500,2500,2499,0,0,0,0,0,100,0,5.263157844543457,0,0,0,0,0,0,0,0,43813.494079589844,133257.6417236328,0,404327403520,8589930496,6036107264,114688
9,1791554249136,2500,2500,2500,2499,2499,2500,2500,2500,2499,2500,2499,2500,2500,2500,2500,2499,0,0,0,0,0,100,0,5.263157844543457,0,0,0,0,0,0,0,0,43813.64807128906,133257.96160888672,0,404327403520,8589930496,6032531456,114688
9,1791554249146,2500,2500,2500,2499,2499,2500,2500,2500,2499,2500,2499,2500,2500,2500,2500,2499,9.523809432983398,0,5,0,0,100,0,9.523809432983398,0,0,0,0,0,0,0,4.761904716491699,43813.80310058594,133258.2763671875,0,404327403520,8589930496,6032531456,114688
10,1791554249156,2500,2500,2500,2499,2499,2500,2500,2500,2499,2500,2499,2500,2500,2500,2500,2499,9.523809432983398,0,5,0,0,100,0,9.523809432983398,0,0,0,0,0,0,0,4.761904716491699,43813.95910644531,133258.58795166016,0,404327403520,8589930496,6032531456,114688
9,1791554249166,2500,2500,2500,2499,2499,2500,2500,2500,2499,2500,2499,2500,2500,2500,2500,2499,9.523809432983398,0,5,0,0,100,0,9.523809432983398,0,0,0,0,0,0,0,4.761904716491699,43814.114196777344,133258.90399169922,0,404327403520,8589930496,6032531456,114688
9,1791554249176,2500,2500,2500,2499,2499,2500,2500,2500,2499,2500,2499,2500,2500,2500,2500,2499,9.523809432983398,0,5,0,0,100,0,9.523809432983398,0,0,0,0,0,0,0,4.761904716491699,43814.26708984375,133259.2205810547,0,404327403520,8589930496,6032531456,114688
10,1791554249186,2500,2500,2500,2499,2499,2500,2500,2500,2499,2500,2499,2500,2500,2500,2500,2499,9.523809432983398,0,5,0,0,100,0,9.523809432983398,0,0,0,0,0,0,0,4.761904716491699,43814.419982910156,133259.5399169922,0,404327403520,8589930496,6032531456,114688
9,1791554249196,2500,2500,2500,2499,2499,2500,2500,2500,2499,2500,2499,2500,2500,2500,2500,2499,9.523809432983398,0,5,0,0,100,0,9.523809432983398,0,0,0,0,0,0,0,4.761904716491699,43814.58630371094,133259.88635253906,0,404327403520,8589930496,6032531456,114688
9,1791554249206,2500,2500,2500,2499,2499,2500,2500,2500,2499,2500,2499,2500,2500,2500,2500,2499,9.523809432983398,0,5,0,0,100,0,9.523809432983398,0,0,0,0,0,0,0,4.761904716491699,43814.73889160156,133260.20379638672,0,404327403520,8589930496,6032531456,114688
10,1791554249216,2500,2500,2500,2499,2499,2500,2500,2500,2499,2500,2499,2500,2500,2500,2500,2499,9.523809432983398,0,5,0,0,100,0,9.523809432983398,0,0,0,0,0,0,0,4.761904716491699,43814.89031982422,133260.5238647461,0,404327403520,8589930496,6032531456,114688
9,1791554249226,2500,2500,2500,2499,2499,2500,2500,2500,2499,2500,2499,2500,2500,2500,2500,2499,9.523809432983398,0,5,0,0,100,0,9.523809432983398,0,0,0,0,0,0,0,4.761904716491699,43815.04119873047,133260.84210205078,0,404327403520,8589930496,6032531456,114688
9,1791554249237,2500,2500,2500,2499,2499,2500,2500,2500,2499,2500,2499,2500,2500,2500,2500,2499,9.523809432983398,0,5,0,0,100,0,9.523809432983398,0,0,0,0,0,0,0,4.761904716491699,43815.194274902344,133261.16247558594,0,404327403520,8589930496,6032531456,114688
9,1791554249247,2500,2500,2500,2499,2499,2500,2500,2500,2499,2500,2499,2500,2500,2500,2500,2499,9.523809432983398,0,5,0,0,100,0,9.523809432983398,0,0,0,0,0,0,0,4.761904716491699,43815.35205078125,133261.4808959961,0,404327403520,8589930496,6032531456,114688
9,1791554249257,2500,2500,2500,2499,2499,2500,2500,2500,2499,2500,2499,2500,2500,2500,2500,2499,9.523809432983398,0,5,0,0,100,0,9.523809432983398,0,0,0,0,0,0,0,4.761904716491699,43815.503967285156,133261.7979736328,0,404327403520,8589930496,6032531456,114688
9,1791554249267,2500,2500,2500,2499,2499,2500,2500,2500,2499,2500,2499,2500,2500,2500,2500,2499,9.523809432983398,0,5,0,0,100,0,9.523809432983398,0,0,0,0,0,0,0,4.761904716491699,43815.657653808594,133262.11401367188,0,404327403520,8589930496,6032531456,114688
9,1791554249277,2500,2500,2500,2499,2499,2500,2500,2500,2499,2500,2499,2500,2500,2500,2500,2499,9.523809432983398,0,5,0,0,100,0,9.523809432983398,0,0,0,0,0,0,0,4.761904716491699,43815.804138183594,133262.431640625,0,404327403520,8589930496,6032531456,114688
9,1791554249287,2500,2500,2500,2499,2499,2500,2500,2500,2499,2500,2499,2500,2500,2500,2500,2499,9.523809432983398,0,5,0,0,100,0,9.523809432983398,0,0,0,0,0,0,0,4.761904716491699,43815.96112060547,133262.74920654297,0,404327403520,8589930496,6032531456,114688
9,1791554249297,2500,2500,2500,2499,2499,2500,2500,2500,2499,2500,2499,2500,2500,2500,2500,2499,9.523809432983398,0,5,0,0,100,0,9.523809432983398,0,0,0,0,0,0,0,4.761904716491699,43816.114196777344,133263.06225585938,0,404327403520,8589930496,6032531456,114688
9,1791554249307,2500,2500,2500,2499,2499,2500,2500,2500,2499,2500,2499,2500,2500,2500,2500,2499,9.523809432983398,0,5,0,0,100,0,9.523809432983398,0,0,0,0,0,0,0,4.761904716491699,43816.265075683594,133263.38177490234,0,404327403520,8589930496,6032531456,114688
9,1791554249317,2500,2500,2500,2499,2499,2500,2500,2500,2499,2500,2499,2500,2500,2500,2500,2499,9.523809432983398,0,5,0,0,100,0,9.523809432983398,0,0,0,0,0,0,0,4.761904716491699,43816.41876220703,133263.6983642578,0,404327403520,8589930496,6032531456,114688
9,1791554249327,2500,2500,2500,2499,2499,2500,2500,2500,2499,2500,2499,2500,2500,2500,2500,2499,9.523809432983398,0,5,0,0,100,0,9.523809432983398,0,0,0,0,0,0,0,4.761904716491699,43816.57000732422,133264.0157470703,0,404327403520,8589930496,6032531456,114688
9,1791554249337,2500,2500,2500,2499,2499,2500,2500,2500,2499,2500,2499,2500,2500,2500,2500,2499,9.523809432983398,0,5,0,0,100,0,9.523809432983398,0,0,0,0,0,0,0,4.761904716491699,43816.73645019531,133264.36352539063,0,404327403520,8589930496,6032531456,114688
9,1791554249347,2500,2500,2500,2499,2499,2500,2500,2500,2499,2500,2499,2500,2500,2500,2500,2499,5.263157844543457,5,0,0,0,100,0,0,0,0,0,0,0,0,0,0,43816.88934326172,133264.67895507813,0,404327403520,8589930496,6032531456,114688
10,1791554249357,2500,2500,2500,2499,2499,2500,2500,2500,2499,2500,2499,2500,2500,2500,2500,2499,5.263157844543457,5,0,0,0,100,0,0,0,0,0,0,0,0,0,0,43817.027770996094,133264.9614868164,0,404327403520,8589930496,6032531456,114688
10,1791554249367,2500,2500,2500,2499,2499,2500,2500,2500,2499,2500,2499,2500,2500,2500,2500,2499,5.263157844543457,5,0,0,0,100,0,0,0,0,0,0,0,0,0,0,43817.179931640625,133265.28051757813,0,404327403520,8589930496,6032531456,114688
9,1791554249378,2500,2500,2500,2499,2499,2500,2500,2500,2499,2500,2499,2500,2500,2500,2500,2499,5.263157844543457,5,0,0,0,100,0,0,0,0,0,0,0,0,0,0,43817.348571777344,133265.6307373047,0,404327403520,8589930496,6032531456,114688
9,1791554249388,2500,2500,2500,2499,2499,2500,2500,2500,2499,2500,2499,2500,2500,2500,2500,2499,5.263157844543457,5,0,0,0,100,0,0,0,0,0,0,0,0,0,0,43817.502380371094,133265.95184326172,0,404327403520,8589930496,6032531456,114688
9,1791554249398,2500,2500,2500,2499,2499,2500,2500,2500,2499,2500,2499,2500,2500,2500,2500,2499,5.263157844543457,5,0,0,0,100,0,0,0,0,0,0,0,0,0,0,43817.657287597656,133266.27545166016,0,404327403520,8589930496,6032531456,114688
9,1791554249408,2500,2500,2500,2499,2499,2500,2500,2500,2499,2500,2499,2500,2500,2500,2500,2499,5.263157844543457,5,0,0,0,100,0,0,0,0,0,0,0,0,0,0,43817.80908203125,133266.59356689453,0,404327403520,8589930496,6032531456,114688
9,1791554249418,2500,2500,2500,2499,2499,2500,2500,2500,2499,2500,2499,2500,2500,2500,2500,2499,5.263157844543457,5,0,0,0,100,0,0,0,0,0,0,0,0,0,0,43817.966796875,133266.9096069336,0,404327403520,8589930496,6032531456,114688
9,1791554249428,2500,2500,2500,2499,2499,2500,2500,2500,2499,2500,2499,2500,2500,2500,2500,2499,5.263157844543457,5,0,0,0,100,0,0,0,0,0,0,0,0,0,0,43818.11584472656,133267.2290649414,0,404327403520,8589930496,6032531456,114688
9,1791554249438,2500,2500,2500,2499,2499,2500,2500,2500,2499,2500,2499,2500,2500,2500,2500,2499,5.263157844543457,5,0,0,0,100,0,0,0,0,0,0,0,0,0,0,43818.264709472656,133267.55139160156,0,404327403520,8589930496,6032531456,114688
9,1791554249448,2500,2500,2500,2499,2499,2500,2500,2500,2499,2500,2499,2500,2500,2500,2500,2499,5.263157844543457,5,0,0,0,100,0,0,0,0,0,0,0,0,0,0,43818.421630859375,133267.87530517578,0,404327403520,8589930496,6032531456,114688
9,1791554249458,2500,2500,2500,2499,2499,2500,2500,2500,2499,2500,2499,2500,2500,2500,2500,2499,5.263157844543457,5,0,0,0,100,0,0,0,0,0,0,0,0,0,0,43818.58349609375,133268.19598388672,0,404327403520,8589930496,6032531456,114688
9,1791554249468,2500,2500,2500,2499,2499,2500,2500,2500,2499,2500,2499,2500,2500,2500,2500,2499,5.263157844543457,5,0,0,0,100,0,0,0,0,0,0,0,0,0,0,43818.74053955078,133268.51373291016,0,404327403520,8589930496,6032531456,114688
9,1791554249478,2500,2500,2500,2499,2499,2500,2500,2500,2499,2500,2499,2500,2500,2500,2500,2499,5.263157844543457,5,0,0,0,100,0,0,0,0,0,0,0,0,0,0,43818.902404785156,133268.83361816406,0,404327403520,8589930496,6032531456,114688
10,1791554249488,2500,2500,2500,2499,2499,2500,2500,2500,2499,2500,2499,2500,2500,2500,2500,2499,5.263157844543457,5,0,0,0,100,0,0,0,0,0,0,0,0,0,0,43819.056640625,133269.1505126953,0,404327403520,8589930496,6032531456,114688
9,1791554249498,2500,2500,2500,2499,2499,2500,2500,2500,2499,2500,2499,2500,2500,2500,2500,2499,5.263157844543457,5,0,0,0,100,0,0,0,0,0,0,0,0,0,0,43819.212951660156,133269.46655273438,0,404327403520,8589930496,6032531456,114688
10,1791554249508,2500,2500,2500,2499,2499,2500,2500,2500,2499,2500,2499,2500,2500,2500,2500,2499,5.263157844543457,5,0,0,0,100,0,0,0,0,0,0,0,0,0,0,43819.364196777344,133269.78509521484,0,404327403520,8589930496,6032531456,114688
9,1791554249519,2500,2500,2500,2499,2499,2500,2500,2500,2499,2500,2499,2500,2500,2500,2500,2499,5.263157844543457,5,0,0,0,100,0,0,0,0,0,0,0,0,0,0,43819.53356933594,133270.12921142578,0,404327403520,8589930496,6032531456,114688
9,1791554249529,2500,2500,2500,2499,2499,2500,2500,2500,2499,2500,2499,2500,2500,2500,2500,2499,5.263157844543457,5,0,0,0,100,0,0,0,0,0,0,0,0,0,0,43819.683349609375,133270.44647216797,0,404327403520,8589930496,6032531456,114688
10,1791554249539,2500,2500,2500,2499,2499,2500,2500,2500,2499,2500,2499,2500,2500,2500,2500,2499,5.263157844543457,5,0,0,0,100,0,0,0,0,0,0,0,0,0,0,43819.81591796875,133270.73754882813,0,404327403520,8589930496,6032531456,114688
9,1791554249549,2500,2500,2500,2499,2499,2500,2500,2500,2499,2500,2499,2500,2500,2500,2500,2499,0,0,0,4.761904716491699,0,100,0,5,0,0,0,0,0,0,0,0,43819.98602294922,133271.08880615234,0,404327403520,8589930496,6032531456,114688
9,1791554249559,2500,2500,2500,2499,2499,2500,2500,2500,2499,2500,2499,2500,2500,2500,2500,2499,0,0,0,4.761904716491699,0,100,0,5,0,0,0,0,0,0,0,0,43820.13708496094,133271.40075683594,0,404327403520,8589930496,6032531456,114688
9,1791554249569,2500,2500,2500,2499,2499,2500,2500,2500,2499,2500,2499,2500,2500,2500,2500,2499,0,0,0,4.761904716491699,0,100,0,5,0,0,0,0,0,0,0,0,43820.29504394531,133271.70947265625,0,404327403520,8589930496,6032531456,114688
9,1791554249579,2500,2500,2500,2499,2499,2500,2500,2500,2499,2500,2499,2500,2500,2500,2500,2499,0,0,0,4.761904716491699,0,100,0,5,0,0,0,0,0,0,0,0,43820.45379638672,133272.02947998047,0,404327403520,8589930496,6032531456,114688
9,1791554249589,2500,2500,2500,2499,2499,2500,2500,2500,2499,2500,2499,2500,2500,2500,2500,2499,0,0,0,4.761904716491699,0,100,0,5,0,0,0,0,0,0,0,0,43820.612548828125,133272.34912109375,0,404327403520,8589930496,6032531456,114688
9,1791554249599,2500,2500,2500,2499,2499,2500,2500,2500,2499,2500,2499,2500,2500,2500,2500,2499,0,0,0,4.761904716491699,0,100,0,5,0,0,0,0,0,0,0,0,43820.77404785156,133272.66192626953,0,404327403520,8589930496,6032531456,114688
9,1791554249609,2500,2500,2500,2499,2499,2500,2500,2500,2499,2500,2499,2500,2500,2500,2500,2499,0,0,0,4.761904716491699,0,100,0,5,0,0,0,0,0,0,0,0,43820.929260253906,133272.9732055664,0,404327403520,8589930496,6032531456,114688
9,1791554249619,2500,2500,2500,2499,2499,2500,2500,2500,2499,2500,2499,2500,2500,2500,2500,2499,0,0,0,4.761904716491699,0,100,0,5,0,0,0,0,0,0,0,0,43821.083251953125,133273.2944946289,0,404327403520,8589930496,6032531456,114688
10,1791554249629,2500,2500,2500,2499,2499,2500,2500,2500,2499,2500,2499,2500,2500,2500,2500,2499,0,0,0,4.761904716491699,0,100,0,5,0,0,0,0,0,0,0,0,43821.23992919922,133273.6019897461,0,404327403520,8589930496,6032531456,114688
9,1791554249639,2500,2500,2500,2499,2499,2500,2500,2500,2499,2500,2499,2500,2500,2500,2500,2499,0,0,0,4.761904716491699,0,100,0,5,0,0,0,0,0,0,0,0,43821.39758300781,133273.9204711914,0,404327403520,8589930496,6032531456,114688
9,1791554249649,2500,2500,2500,2499,2499,2500,2500,2500,2499,2500,2499,2500,2500,2500,2500,2499,0,0,0,4.761904716491699,0,100,0,5,0,0,0,0,0,0,0,0,43821.55340576172,133274.23822021484,0,404327403520,8589930496,6032531456,114688
9,1791554249660,2500,2500,2500,2499,2499,2500,2500,2500,2499,2500,2499,2500,2500,2500,2500,2499,0,0,0,4.761904716491699,0,100,0,5,0,0,0,0,0,0,0,0,43821.704650878906,133274.55352783203,0,404327403520,8589930496,6032531456,114688
9,1791554249670,2500,2500,2500,2499,2499,2500,2500,2500,2499,2500,2499,2500,2500,2500,2500,2499,0,0,0,4.761904716491699,0,100,0,5,0,0,0,0,0,0,0,0,43821.87237548828,133274.9076538086,0,404327403520,8589930496,6032531456,114688
10,1791554249680,2500,2500,2500,2499,2499,2500,2500,2500,2499,2500,2499,2500,2500,2500,2500,2499,0,0,0,4.761904716491699,0,100,0,5,0,0,0,0,0,0,0,0,43822.00567626953,133275.19415283203,0,404327403520,8589930496,6032531456,114688
9,1791554249690,2500,2500,2500,2499,2499,2500,2500,2500,2499,2500,2499,2500,2500,2500,2500,2499,0,0,0,4.761904716491699,0,100,0,5,0,0,0,0,0,0,0,0,43822.17028808594,133275.5396118164,0,404327403520,8589930496,6032531456,114688
9,1791554249700,2500,2500,2500,2499,2499,2500,2500,2500,2499,2500,2499,2500,2500,2500,2500,2499,0,0,0,4.761904716491699,0,100,0,5,0,0,0,0,0,0,0,0,43822.32336425781,133275.85858154297,0,404327403520,8589930496,6032531456,114688
9,1791554249710,2500,2500,2500,2499,2499,2500,2500,2500,2499,2500,2499,2500,2500,2500,2500,2499,0,0,0,4.761904716491699,0,100,0,5,0,0,0,0,0,0,0,0,43822.473876953125,133276.1782836914,0,404327403520,8589930496,6032531456,114688
9,1791554249720,2500,2500,2500,2499,2499,2500,2500,2500,2499,2500,2499,2500,2500,2500,2500,2499,0,0,0,4.761904716491699,0,100,0,5,0,0,0,0,0,0,0,0,43822.626953125,133276.49865722656,0,404327403520,8589930496,6032531456,114688
9,1791554249730,2500,2500,2500,2499,2499,2500,2500,2500,2499,2500,2499,2500,2500,2500,2500,2499,0,0,0,4.761904716491699,0,100,0,5,0,0,0,0,0,0,0,0,43822.78112792969,133276.82299804688,0,404327403520,8589930496,6032531456,114688
9,1791554249740,2500,2500,2500,2499,2499,2500,2500,2500,2499,2500,2499,2500,2500,2500,2500,2499,0,0,0,4.761904716491699,0,100,0,5,0,0,0,0,0,0,0,0,43822.932373046875,133277.14086914063,0,404327403520,8589930496,6032531456,114688
9,1791554249750,2500,2500,2500,2499,2499,2500,2500,2500,2499,2500,2499,2500,2500,2500,2500,2499,10,0,0,0,0,100,0,9.523809432983398,0,0,0,0,5,0,0,0,43823.085998535156,133277.45666503906,0,404327403520,8589930496,6032531456,114688
9,1791554249760,2500,2500,2500,2499,2499,2500,2500,2500,2499,2500,2499,2500,2500,2500,2500,2499,10,0,0,0,0,100,0,9.523809432983398,0,0,0,0,5,0,0,0,43823.2392578125,133277.77447509766,0,404327403520,8589930496,6032531456,114688
9,1791554249770,2500,2500,2500,2499,2499,2500,2500,2500,2499,2500,2499,2500,2500,2500,2500,2499,10,0,0,0,0,100,0,9.523809432983398,0,0,0,0,5,0,0,0,43823.39581298828,133278.0913696289,0,404327403520,8589930496,6032531456,114688
10,1791554249780,2500,2500,2500,2499,2499,2500,2500,2500,2499,2500,2499,2500,2500,2500,2500,2499,10,0,0,0,0,100,0,9.523809432983398,0,0,0,0,5,0,0,0,43823.55090332031,133278.41381835938,0,404327403520,8589930496,6032531456,114688
9,1791554249790,2500,2500,2500,2499,2499,2500,2500,2500,2499,2500,2499,2500,2500,2500,2500,2499,10,0,0,0,0,100,0,9.523809432983398,0,0,0,0,5,0,0,0,43823.70782470703,133278.73168945313,0,404327403520,8589930496,6032531456,114688
9,1791554249801,2500,2500,2500,2499,2499,2500,2500,2500,2499,2500,2499,2500,2500,2500,2500,2499,10,0,0,0,0,100,0,9.523809432983398,0,0,0,0,5,0,0,0,43823.86602783203,133279.05096435547,0,404327403520,8589930496,6032531456,114688
9,1791554249811,2500,2500,2500,2499,2499,2500,2500,2500,2499,2500,2499,2500,2500,2500,2500,2499,10,0,0,0,0,100,0,9.523809432983398,0,0,0,0,5,0,0,0,43824.017639160156,133279.37213134766,0,404327403520,8589930496,6032531456,114688
9,1791554249821,2500,2500,2500,2499,2499,2500,2500,2500,2499,2500,2499,2500,2500,2500,2500,2499,10,0,0,0,0,100,0,9.523809432983398,0,0,0,0,5,0,0,0,43824.175842285156,133279.68646240234,0,404327403520,8589930496,6032531456,114688
10,1791554249831,2500,2500,2500,2499,2499,2500,2500,2500,2499,2500,2499,2500,2500,2500,2500,2499,10,0,0,0,0,100,0,9.523809432983398,0,0,0,0,5,0,0,0,43824.334411621094,133279.9974975586,0,404327403520,8589930496,6032531456,114688
9,1791554249841,2500,2500,2500,2499,2499,2500,2500,2500,2499,2500,2499,2500,2500,2500,2500,2499,10,0,0,0,0,100,0,9.523809432983398,0,0,0,0,5,0,0,0,43824.501220703125,133280.34747314453,0,404327403520,8589930496,6032531456,114688
9,1791554249851,2500,2500,2500,2499,2499,2500,2500,2500,2499,2500,2499,2500,2500,2500,2500,2499,10,0,0,0,0,100,0,9.523809432983398,0,0,0,0,5,0,0,0,43824.63708496094,133280.6361694336,0,404327403520,8589930496,6032531456,114688
9,1791554249861,2500,2500,2500,2499,2499,2500,2500,2500,2499,2500,2499,2500,2500,2500,2500,2499,10,0,0,0,0,100,0,9.523809432983398,0,0,0,0,5,0,0,0,43824.80041503906,133280.98712158203,0,404327403520,8589930496,6032531456,114688
9,1791554249871,2500,2500,2500,2499,2499,2500,2500,2500,2499,2500,2499,2500,2500,2500,2500,2499,10,0,0,0,0,100,0,9.523809432983398,0,0,0,0,5,0,0,0,43824.953125,133281.3095703125,0,404327403520,8589930496,6032531456,114688
10,1791554249881,2500,2500,2500,2499,2499,2500,2500,2500,2499,2500,2499,2500,2500,2500,2500,2499,10,0,0,0,0,100,0,9.523809432983398,0,0,0,0,5,0,0,0,43825.10693359375,133281.5975341797,0,404327403520,8589930496,6032531456,114688
10,1791554249891,2500,2500,2500,2499,2499,2500,2500,2500,2499,2500,2499,2500,2500,2500,2500,2499,10,0,0,0,0,100,0,9.523809432983398,0,0,0,0,5,0,0,0,43825.260681152344,133281.95178222656,0,404327403520,8589930496,6032531456,114688
9,1791554249901,2500,2500,2500,2499,2499,2500,2500,2500,2499,2500,2499,2500,2500,2500,2500,2499,10,0,0,0,0,100,0,9.523809432983398,0,0,0,0,5,0,0,0,43825.40936279297,133282.2713623047,0,404327403520,8589930496,6032531456,114688
10,1791554249911,2500,2500,2500,2499,2499,2500,2500,2500,2499,2500,2499,2500,2500,2500,2500,2499,10,0,0,0,0,100,0,9.523809432983398,0,0,0,0,5,0,0,0,43825.56555175781,133282.5965576172,0,404327403520,8589930496,6032531456,114688
9,1791554249921,2500,2500,2500,2499,2499,2500,2500,2500,2499,2500,2499,2500,2500,2500,2500,2499,10,0,0,0,0,100,0,9.523809432983398,0,0,0,0,5,0,0,0,43825.71990966797,133282.92248535156,0,404327403520,8589930496,6032531456,114688
10,1791554249931,2500,2500,2500,2499,2499,2500,2500,2500,2499,2500,2499,2500,2500,2500,2500,2499,10,0,0,0,0,100,0,9.523809432983398,0,0,0,0,5,0,0,0,43825.87390136719,133283.23986816406,0,404327403520,8589930496,6032531456,114688
10,1791554249941,2500,2500,2500,2499,2499,2500,2500,2500,2499,2500,2499,2500,2500,2500,2500,2499,10,0,0,0,0,100,0,9.523809432983398,0,0,0,0,5,0,0,0,43826.02996826172,133283.55920410156,0,404327403520,8589930496,6032531456,114688
10,1791554249951,2500,2500,2500,2499,2499,2500,2500,2500,2499,2500,2499,2500,2500,2500,2500,2499,5.263157844543457,0,0,0,0,100,0,0,0,0,0,0,0,0,0,0,43826.188720703125,133283.88189697266,0,404327403520,8589930496,6032531456,114688
9,1791554249962,2500,2500,2500,2499,2499,2500,2500,2500,2499,2500,2499,2500,2500,2500,2500,2499,5.263157844543457,0,0,0,0,100,0,0,0,0,0,0,0,0,0,0,43826.34881591797,133284.2012939453,0,404327403520,8589930496,6032531456,114688
9,1791554249972,2500,2500,2500,2499,2499,2500,2500,2500,2499,2500,2499,2500,2500,2500,2500,2499,5.263157844543457,0,0,0,0,100,0,0,0,0,0,0,0,0,0,0,43826.501708984375,133284.52209472656,0,404327403520,8589930496,6032531456,114688
9,1791554249982,2500,2500,2500,2499,2499,2500,2500,2500,2499,2500,2499,2500,2500,2500,2500,2499,5.263157844543457,0,0,0,0,100,0,0,0,0,0,0,0,0,0,0,43826.65771484375,133284.8402709961,0,404327403520,8589930496,6032531456,114688
9,1791554249992,2500,2500,2500,2499,2499,2500,2500,2500,2499,2500,2499,2500,2500,2500,2500,2499,5.263157844543457,0,0,0,0,100,0,0,0,0,0,0,0,0,0,0,43826.81005859375,133285.16204833984,0,404327403520,8589930496,6032531456,114688
9,1791554250002,2500,2500,2500,2499,2499,2500,2500,2500,2499,2500,2499,2500,2500,2500,2500,2499,5.263157844543457,0,0,0,0,100,0,0,0,0,0,0,0,0,0,0,43826.96405029297,133285.47979736328,0,404327403520,8589930496,6032531456,114688
10,1791554250012,2500,2500,2500,2499,2499,2500,2500,2500,2499,2500,2499,2500,2500,2500,2500,2499,5.263157844543457,0,0,0,0,100,0,0,0,0,0,0,0,0,0,0,43827.12023925781,133285.80059814453,0,404327403520,8589930496,6032531456,114688
9,1791554250022,2500,2500,2500,2499,2499,2500,2500,2500,2499,2500,2499,2500,2500,2500,2500,2499,5.263157844543457,0,0,0,0,100,0,0,0,0,0,0,0,0,0,0,43827.289489746094,133286.14624023438,0,404327403520,8589930496,6032531456,114688
10,1791554250032,2500,2500,2500,2499,2499,2500,2500,2500,2499,2500,2499,2500,2500,2500,2500,2499,5.263157844543457,0,0,0,0,100,0,0,0,0,0,0,0,0,0,0,43827.448974609375,133286.46282958984,0,404327403520,8589930496,6032531456,114688
9,1791554250042,2500,2500,2500,2499,2499,2500,2500,2500,2499,2500,2499,2500,2500,2500,2500,2499,5.263157844543457,0,0,0,0,100,0,0,0,0,0,0,0,0,0,0,43827.602600097656,133286.78198242188,0,404327403520,8589930496,6032531456,114688
9,1791554250052,2500,2500,2500,2499,2499,2500,2500,2500,2499,2500,2499,2500,2500,2500,2500,2499,5.263157844543457,0,0,0,0,100,0,0,0,0,0,0,0,0,0,0,43827.761291503906,133287.10516357422,0,404327403520,8589930496,6032531456,114688
9,1791554250062,2500,2500,2500,2499,2499,2500,2500,2500,2499,2500,2499,2500,2500,2500,2500,2499,5.263157844543457,0,0,0,0,100,0,0,0,0,0,0,0,0,0,0,43827.915100097656,133287.4266357422,0,404327403520,8589930496,6032531456,114688
9,1791554250072,2500,2500,2500,2499,2499,2500,2500,2500,2499,2500,2499,2500,2500,2500,2500,2499,5.263157844543457,0,0,0,0,100,0,0,0,0,0,0,0,0,0,0,43828.07092285156,133287.74700927734,0,404327403520,8589930496,6032531456,114688
9,1791554250083,2500,2500,2500,2499,2499,2500,2500,2500,2499,2500,2499,2500,2500,2500,2500,2499,5.263157844543457,0,0,0,0,100,0,0,0,0,0,0,0,0,0,0,43828.22619628906,133288.06939697266,0,404327403520,8589930496,6032531456,114688
9,1791554250093,2500,2500,2500,2499,2499,2500,2500,2500,2499,2500,2499,2500,2500,2500,2500,2499,5.263157844543457,0,0,0,0,100,0,0,0,0,0,0,0,0,0,0,43828.381103515625,133288.3837890625,0,404327403520,8589930496,6031757312,114688
9,1791554250103,2500,2500,2500,2499,2499,2500,2500,2500,2499,2500,2499,2500,2500,2500,2500,2499,5.263157844543457,0,0,0,0,100,0,0,0,0,0,0,0,0,0,0,43828.53564453125,133288.7026977539,0,404327403520,8589930496,6031757312,114688
9,1791554250113,2500,2500,2500,2499,2499,2500,2500,2500,2499,2500,2499,2500,2500,2500,2500,2499,5.263157844543457,0,0,0,0,100,0,0,0,0,0,0,0,0,0,0,43828.68908691406,133289.01879882813,0,404327403520,8589930496,6031757312,114688
9,1791554250123,2500,2500,2500,2499,2499,2500,2500,2500,2499,2500,2499,2500,2500,2500,2500,2499,5.263157844543457,0,0,0,0,100,0,0,0,0,0,0,0,0,0,0,43828.841064453125,133289.34216308594,0,404327403520,8589930496,6031757312,114688
9,1791554250133,2500,2500,2500,2499,2499,2500,2500,2500,2499,2500,2499,2500,2500,2500,2500,2499,5.263157844543457,0,0,0,0,100,0,0,0,0,0,0,0,0,0,0,43828.995056152344,133289.6622314453,0,404327403520,8589930496,6031757312,114688
9,1791554250143,2500,2500,2500,2499,2499,2500,2500,2500,2499,2500,2499,2500,2500,2500,2500,2499,5.263157844543457,0,0,0,0,100,0,0,0,0,0,0,0,0,0,0,43829.15563964844,133289.986328125,0,404327403520,8589930496,6031757312,114688
10,1791554250153,2500,2500,2500,2499,2499,2500,2500,2500,2499,2500,2499,2500,2500,2500,2500,2499,0,0,0,0,0,100,0,9.523809432983398,0,0,0,0,0,0,0,5,43829.31384277344,133290.30322265625,0,404327403520,8589930496,6030983168,114688
9,1791554250163,2500,2500,2500,2499,2499,2500,2500,2500,2499,2500,2499,2500,2500,2500,2500,2499,0,0,0,0,0,100,0,9.523809432983398,0,0,0,0,0,0,0,5,43829.4833984375,133290.65460205078,0,404327403520,8589930496,6030983168,114688
9,1791554250173,2500,2500,2500,2499,2499,2500,2500,2500,2499,2500,2499,2500,2500,2500,2500,2499,0,0,0,0,0,100,0,9.523809432983398,0,0,0,0,0,0,0,5,43829.6357421875,133290.97161865234,0,404327403520,8589930496,6030983168,114688
9,1791554250183,2500,2500,2500,2499,2499,2500,2500,2500,2499,2500,2499,2500,2500,2500,2500,2499,0,0,0,0,0,100,0,9.523809432983398,0,0,0,0,0,0,0,5,43829.78625488281,133291.28814697266,0,404327403520,8589930496,6030983168,114688
10,1791554250193,2500,2500,2500,2499,2499,2500,2500,2500,2499,2500,2499,2500,2500,2500,2500,2499,0,0,0,0,0,100,0,9.523809432983398,0,0,0,0,0,0,0,5,43829.940979003906,133291.60583496094,0,404327403520,8589930496,6030983168,114688
9,1791554250203,2500,2500,2500,2499,2499,2500,2500,2500,2499,2500,2499,2500,2500,2500,2500,2499,0,0,0,0,0,100,0,9.523809432983398,0,0,0,0,0,0,0,5,43830.09680175781,133291.92041015625,0,404327403520,8589930496,6030983168,114688
10,1791554250213,2500,2500,2500,2499,2499,2500,2500,2500,2499,2500,2499,2500,2500,2500,2500,2499,0,0,0,0,0,100,0,9.523809432983398,0,0,0,0,0,0,0,5,43830.242919921875,133292.24145507813,0,404327403520,8589930496,6030983168,114688
10,1791554250223,2500,2500,2500,2499,2499,2500,2500,2500,2499,2500,2499,2500,2500,2500,2500,2499,0,0,0,0,0,100,0,9.523809432983398,0,0,0,0,0,0,0,5,43830.396911621094,133292.55828857422,0,404327403520,8589930496,6030983168,114688
10,1791554250234,2500,2500,2500,2499,2499,2500,2500,2500,2499,2500,2499,2500,2500,2500,2500,2499,0,0,0,0,0,100,0,9.523809432983398,0,0,0,0,0,0,0,5,43830.552490234375,133292.87432861328,0,404327403520,8589930496,6030983168,114688
10,1791554250244,2500,2500,2500,2499,2499,2500,2500,2500,2499,2500,2499,2500,2500,2500,2500,2499,0,0,0,0,0,100,0,9.523809432983398,0,0,0,0,0,0,0,5,43830.70428466797,133293.19201660156,0,404327403520,8589930496,6030983168,114688
9,1791554250254,2500,2500,2500,2499,2499,2500,2500,2500,2499,2500,2499,2500,2500,2500,2500,2499,0,0,0,0,0,100,0,9.523809432983398,0,0,0,0,0,0,0,5,43830.857971191406,133293.50970458984,0,404327403520,8589930496,6030983168,114688
9,1791554250264,2500,2500,2500,2499,2499,2500,2500,2500,2499,2500,2499,2500,2500,2500,2500,2499,0,0,0,0,0,100,0,9.523809432983398,0,0,0,0,0,0,0,5,43831.01434326172,133293.82989501953,0,404327403520,8589930496,6030983168,114688
9,1791554250274,2500,2500,2500,2499,2499,2500,2500,2500,2499,2500,2499,2500,2500,2500,2500,2499,0,0,0,0,0,100,0,9.523809432983398,0,0,0,0,0,0,0,5,43831.168884277344,133294.1498413086,0,404327403520,8589930496,6030983168,114688
9,1791554250284,2500,2500,2500,2499,2499,2500,2500,2500,2499,2500,2499,2500,2500,2500,2500,2499,0,0,0,0,0,100,0,9.523809432983398,0,0,0,0,0,0,0,5,43831.324157714844,133294.47094726563,0,404327403520,8589930496,6030983168,114688
9,1791554250294,2500,2500,2500,2499,2499,2500,2500,2500,2499,2500,2499,2500,2500,2500,2500,2499,0,0,0,0,0,100,0,9.523809432983398,0,0,0,0,0,0,0,5,43831.477966308594,133294.78564453125,0,404327403520,8589930496,6030983168,114688
9,1791554250304,2500,2500,2500,2499,2499,2500,2500,2500,2499,2500,2499,2500,2500,2500,2500,2499,0,0,0,0,0,100,0,9.523809432983398,0,0,0,0,0,0,0,5,43831.633056640625,133295.10650634766,0,404327403520,8589930496,6030983168,114688
9,1791554250314,2500,2500,2500,2499,2499,2500,2500,2500,2499,2500,2499,2500,2500,2500,2500,2499,0,0,0,0,0,100,0,9.523809432983398,0,0,0,0,0,0,0,5,43831.80261230469,133295.4566040039,0,404327403520,8589930496,6030983168,114688
9,1791554250324,2500,2500,2500,2499,2499,2500,2500,2500,2499,2500,2499,2500,2500,2500,2500,2499,0,0,0,0,0,100,0,9.523809432983398,0,0,0,0,0,0,0,5,43831.95861816406,133295.77368164063,0,404327403520,8589930496,6030983168,114688
10,1791554250334,2500,2500,2500,2499,2499,2500,2500,2500,2499,2500,2499,2500,2500,2500,2500,2499,0,0,0,0,0,100,0,9.523809432983398,0,0,0,0,0,0,0,5,43832.09979248047,133296.05694580078,0,404327403520,8589930496,6030983168,114688
9,1791554250344,2500,2500,2500,2499,2499,2500,2500,2500,2499,2500,2499,2500,2500,2500,2500,2499,0,0,0,0,0,100,0,9.523809432983398,0,0,0,0,0,0,0,5,43832.25799560547,133296.41094970703,0,404327403520,8589930496,6030983168,114688
10,1791554250354,2500,2500,2500,2499,2499,2500,2500,2500,2499,2500,2499,2500,2500,2500,2500,2499,5.263157844543457,0,0,0,0,100,0,0,5,0,0,5,0,0,0,0,43832.4306640625,133296.73211669922,0,404327403520,8589930496,6030983168,114688
9,1791554250365,2500,2500,2500,2499,2499,2500,2500,2500,2499,2500,2499,2500,2500,2500,2500,2499,5.263157844543457,0,0,0,0,100,0,0,5,0,0,5,0,0,0,0,43832.58447265625,133297.05145263672,0,404327403520,8589930496,6030983168,114688
9,1791554250375,2500,2500,2500,2499,2499,2500,2500,2500,2499,2500,2499,2500,2500,2500,2500,2499,5.263157844543457,0,0,0,0,100,0,0,5,0,0,5,0,0,0,0,43832.73791503906,133297.3692626953,0,404327403520,8589930496,6030983168,114688
9,1791554250385,2500,2500,2500,2499,2499,2500,2500,2500,2499,2500,2499,2500,2500,2500,2500,2499,5.263157844543457,0,0,0,0,100,0,0,5,0,0,5,0,0,0,0,43832.891845703125,133297.6876220703,0,404327403520,8589930496,6030983168,114688
9,1791554250395,2500,2500,2500,2499,2499,2500,2500,2500,2499,2500,2499,2500,2500,2500,2500,2499,5.263157844543457,0,0,0,0,100,0,0,5,0,0,5,0,0,0,0,43833.04675292969,133298.00848388672,0,404327403520,8589930496,6030983168,114688
9,1791554250405,2500,2500,2500,2499,2499,2500,2500,2500,2499,2500,2499,2500,2500,2500,2500,2499,5.263157844543457,0,0,0,0,100,0,0,5,0,0,5,0,0,0,0,43833.19982910156,133298.3272705078,0,404327403520,8589930496,6030983168,114688
10,1791554250415,2500,2500,2500,2499,2499,2500,2500,2500,2499,2500,2499,2500,2500,2500,2500,2499,5.263157844543457,0,0,0,0,100,0,0,5,0,0,5,0,0,0,0,43833.35803222656,133298.6466064453,0,404327403520,8589930496,6030983168,114688
10,1791554250425,2500,2500,2500,2499,2499,2500,2500,2500,2499,2500,2499,2500,2500,2500,2500,2499,5.263157844543457,0,0,0,0,100,0,0,5,0,0,5,0,0,0,0,43833.50653076172,133298.95874023438,0,404327403520,8589930496,6030983168,114688
9,1791554250435,2500,2500,2500,2499,2499,2500,2500,2500,2499,2500,2499,2500,2500,2500,2500,2499,5.263157844543457,0,0,0,0,100,0,0,5,0,0,5,0,0,0,0,43833.657958984375,133299.2759399414,0,404327403520,8589930496,6030983168,114688
9,1791554250445,2500,2500,2500,2499,2499,2500,2500,2500,2499,2500,2499,2500,2500,2500,2500,2499,5.263157844543457,0,0,0,0,100,0,0,5,0,0,5,0,0,0,0,43833.81103515625,133299.5946044922,0,404327403520,8589930496,6030983168,114688
9,1791554250455,2500,2500,2500,2499,2499,2500,2500,2500,2499,2500,2499,2500,2500,2500,2500,2499,5.263157844543457,0,0,0,0,100,0,0,5,0,0,5,0,0,0,0,43833.96301269531,133299.91040039063,0,404327403520,8589930496,6030983168,114688
9,1791554250466,2500,2500,2500,2499,2499,2500,2500,2500,2499,2500,2499,2500,2500,2500,2500,2499,5.263157844543457,0,0,0,0,100,0,0,5,0,0,5,0,0,0,0,43834.134765625,133300.26147460938,0,404327403520,8589930496,6030983168,114688
9,1791554250476,2500,2500,2500,2499,2499,2500,2500,2500,2499,2500,2499,2500,2500,2500,2500,2499,5.263157844543457,0,0,0,0,100,0,0,5,0,0,5,0,0,0,0,43834.273193359375,133300.54913330078,0,404327403520,8589930496,6030983168,114688
9,1791554250486,2500,2500,2500,2499,2499,2500,2500,2500,2499,2500,2499,2500,2500,2500,2500,2499,5.263157844543457,0,0,0,0,100,0,0,5,0,0,5,0,0,0,0,43834.4423828125,133300.89910888672,0,404327403520,8589930496,6030983168,114688
9,1791554250496,2500,2500,2500,2499,2499,2500,2500,2500,2499,2500,2499,2500,2500,2500,2500,2499,5.263157844543457,0,0,0,0,100,0,0,5,0,0,5,0,0,0,0,43834.59216308594,133301.21661376953,0,404327403520,8589930496,6030983168,114688
9,1791554250506,2500,2500,2500,2499,2499,2500,2500,2500,2499,2500,2499,2500,2500,2500,2500,2499,5.263157844543457,0,0,0,0,100,0,0,5,0,0,5,0,0,0,0,43834.744689941406,133301.53240966797,0,404327403520,8589930496,6030983168,114688
9,1791554250516,2500,2500,2500,2499,2499,2500,2500,2500,2499,2500,2499,2500,2500,2500,2500,2499,5.263157844543457,0,0,0,0,100,0,0,5,0,0,5,0,0,0,0,43834.90185546875,133301.85150146484,0,404327403520,8589930496,6030983168,114688
9,1791554250526,2500,2500,2500,2499,2499,2500,2500,2500,2499,2500,2499,2500,2500,2500,2500,2499,5.263157844543457,0,0,0,0,100,0,0,5,0,0,5,0,0,0,0,43835.057556152344,133302.1737060547,0,404327403520,8589930496,6030983168,114688
9,1791554250536,2500,2500,2500,2499,2499,2500,2500,2500,2499,2500,2499,2500,2500,2500,2500,2499,5.263157844543457,0,0,0,0,100,0,0,5,0,0,5,0,0,0,0,43835.205505371094,133302.4932861328,0,404327403520,8589930496,6030983168,114688
9,1791554250546,2500,2500,2500,2499,2499,2500,2500,2500,2499,2500,2499,2500,2500,2500,2500,2499,5.263157844543457,0,0,0,0,100,0,0,5,0,0,5,0,0,0,0,43835.35803222656,133302.8123779297,0,404327403520,8589930496,6030983168,114688
10,1791554250556,2500,2500,2500,2499,2499,2500,2500,2500,2499,2500,2499,2500,2500,2500,2500,2499,5.263157844543457,5,0,0,0,100,0,5,0,0,9.523809432983398,0,0,0,0,0,43835.51202392578,133303.12841796875,0,404327403520,8589930496,6030983168,114688
9,1791554250566,2500,2500,2500,2499,2499,2500,2500,2500,2499,2500,2499,2500,2500,2500,2500,2499,5.263157844543457,5,0,0,0,100,0,5,0,0,9.523809432983398,0,0,0,0,0,43835.66687011719,133303.44946289063,0,404327403520,8589930496,6030983168,114688
9,1791554250576,2500,2500,2500,2499,2499,2500,2500,2500,2499,2500,2499,2500,2500,2500,2500,2499,5.263157844543457,5,0,0,0,100,0,5,0,0,9.523809432983398,0,0,0,0,0,43835.82012939453,133303.7667236328,0,404327403520,8589930496,6030983168,114688
9,1791554250586,2500,2500,2500,2499,2499,2500,2500,2500,2499,2500,2499,2500,2500,2500,2500,2499,5.263157844543457,5,0,0,0,100,0,5,0,0,9.523809432983398,0,0,0,0,0,43835.97283935547,133304.0887451172,0,404327403520,8589930496,6030983168,114688
9,1791554250596,2500,2500,2500,2499,2499,2500,2500,2500,2499,2500,2499,2500,2500,2500,2500,2499,5.263157844543457,5,0,0,0,100,0,5,0,0,9.523809432983398,0,0,0,0,0,43836.12170410156,133304.40643310547,0,404327403520,8589930496,6030983168,114688
10,1791554250606,2500,2500,2500,2499,2499,2500,2500,2500,2499,2500,2499,2500,2500,2500,2500,2499,5.263157844543457,5,0,0,0,100,0,5,0,0,9.523809432983398,0,0,0,0,0,43836.27606201172,133304.7299194336,0,404327403520,8589930496,6030983168,114688
10,1791554250616,2500,2500,2500,2499,2499,2500,2500,2500,2499,2500,2499,2500,2500,2500,2500,2499,5.263157844543457,5,0,0,0,100,0,5,0,0,9.523809432983398,0,0,0,0,0,43836.430419921875,133305.05102539063,0,404327403520,8589930496,6030983168,114688
10,1791554250627,2500,2500,2500,2499,2499,2500,2500,2500,2499,2500,2499,2500,2500,2500,2500,2499,5.263157844543457,5,0,0,0,100,0,5,0,0,9.523809432983398,0,0,0,0,0,43836.582763671875,133305.3734741211,0,404327403520,8589930496,6030983168,114688
9,1791554250637,2500,2500,2500,2499,2499,2500,2500,2500,2499,2500,2499,2500,2500,2500,2500,2499,5.263157844543457,5,0,0,0,100,0,5,0,0,9.523809432983398,0,0,0,0,0,43836.751220703125,133305.72332763672,0,404327403520,8589930496,6030983168,114688
9,1791554250647,2500,2500,2500,2499,2499,2500,2500,2500,2499,2500,2499,2500,2500,2500,2500,2499,5.263157844543457,5,0,0,0,100,0,5,0,0,9.523809432983398,0,0,0,0,0,43836.90478515625,133306.04260253906,0,404327403520,8589930496,6030983168,114688
9,1791554250657,2500,2500,2500,2499,2499,2500,2500,2500,2499,2500,2499,2500,2500,2500,2500,2499,5.263157844543457,5,0,0,0,100,0,5,0,0,9.523809432983398,0,0,0,0,0,43837.05859375,133306.36322021484,0,404327403520,8589930496,6030983168,114688
10,1791554250667,2500,2500,2500,2499,2499,2500,2500,2500,2499,2500,2499,2500,2500,2500,2500,2499,5.263157844543457,5,0,0,0,100,0,5,0,0,9.523809432983398,0,0,0,0,0,43837.20526123047,133306.65594482422,0,404327403520,8589930496,6030983168,114688
9,1791554250677,2500,2500,2500,2499,2499,2500,2500,2500,2499,2500,2499,2500,2500,2500,2500,2499,5.263157844543457,5,0,0,0,100,0,5,0,0,9.523809432983398,0,0,0,0,0,43837.37335205078,133307.00665283203,0,404327403520,8589930496,6030983168,114688
9,1791554250687,2500,2500,2500,2499,2499,2500,2500,2500,2499,2500,2499,2500,2500,2500,2500,2499,5.263157844543457,5,0,0,0,100,0,5,0,0,9.523809432983398,0,0,0,0,0,43837.52734375,133307.3305053711,0,404327403520,8589930496,6030983168,114688
9,1791554250697,2500,2500,2500,2499,2499,2500,2500,2500,2499,2500,2499,2500,2500,2500,2500,2499,5.263157844543457,5,0,0,0,100,0,5,0,0,9.523809432983398,0,0,0,0,0,43837.68133544922,133307.65167236328,0,404327403520,8589930496,6030983168,114688
9,1791554250707,2500,2500,2500,2499,2499,2500,2500,2500,2499,2500,2499,2500,2500,2500,2500,2499,5.263157844543457,5,0,0,0,100,0,5,0,0,9.523809432983398,0,0,0,0,0,43837.832763671875,133307.96875,0,404327403520,8589930496,6030983168,114688
9,1791554250717,2500,2500,2500,2499,2499,2500,2500,2500,2499,2500,2499,2500,2500,2500,2500,2499,5.263157844543457,5,0,0,0,100,0,5,0,0,9.523809432983398,0,0,0,0,0,43837.98327636719,133308.29107666016,0,404327403520,8589930496,6030983168,114688
10,1791554250727,2500,2500,2500,2499,2499,2500,2500,2500,2499,2500,2499,2500,2500,2500,2500,2499,5.263157844543457,5,0,0,0,100,0,5,0,0,9.523809432983398,0,0,0,0,0,43838.14147949219,133308.61291503906,0,404327403520,8589930496,6030983168,114688
10,1791554250737,2500,2500,2500,2499,2499,2500,2500,2500,2499,2500,2499,2500,2500,2500,2500,2499,5.263157844543457,5,0,0,0,100,0,5,0,0,9.523809432983398,0,0,0,0,0,43838.294677734375,133308.9288330078,0,404327403520,8589930496,6030983168,114688
10,1791554250747,2500,2500,2500,2499,2499,2500,2500,2500,2499,2500,2499,2500,2500,2500,2500,2499,5.263157844543457,5,0,0,0,100,0,5,0,0,9.523809432983398,0,0,0,0,0,43838.4462890625,133309.2501220703,0,404327403520,8589930496,6030983168,114688
9,1791554250757,2500,2500,2500,2499,2499,2500,2500,2500,2499,2500,2499,2500,2500,2500,2500,2499,5,0,0,0,0,100,5,10,0,0,0,0,0,0,0,0,43838.60339355469,133309.56762695313,0,404327403520,8589930496,6030983168,114688
9,1791554250768,2500,2500,2500,2499,2499,2500,2500,2500,2499,2500,2499,2500,2500,2500,2500,2499,5,0,0,0,0,100,5,10,0,0,0,0,0,0,0,0,43838.75439453125,133309.8857421875,0,404327403520,8589930496,6030983168,114688
9,1791554250778,2500,2500,2500,2499,2499,2500,2500,2500,2499,2500,2499,2500,2500,2500,2500,2499,5,0,0,0,0,100,5,10,0,0,0,0,0,0,0,0,43838.904357910156,133310.2021484375,0,404327403520,8589930496,6030983168,114688
9,1791554250788,2500,2500,2500,2499,2499,2500,2500,2500,2499,2500,2499,2500,2500,2500,2500,2499,5,0,0,0,0,100,5,10,0,0,0,0,0,0,0,0,43839.058349609375,133310.52221679688,0,404327403520,8589930496,6030983168,114688
9,1791554250798,2500,2500,2500,2499,2499,2500,2500,2500,2499,2500,2499,2500,2500,2500,2500,2499,5,0,0,0,0,100,5,10,0,0,0,0,0,0,0,0,43839.21032714844,133310.8413696289,0,404327403520,8589930496,6030983168,114688
9,1791554250808,2500,2500,2500,2499,2499,2500,2500,2500,2499,2500,2499,2500,2500,2500,2500,2499,5,0,0,0,0,100,5,10,0,0,0,0,0,0,0,0,43839.383544921875,133311.193359375,0,404327403520,8589930496,6030983168,114688
9,1791554250818,2500,2500,2500,2499,2499,2500,2500,2500,2499,2500,2499,2500,2500,2500,2500,2499,5,0,0,0,0,100,5,10,0,0,0,0,0,0,0,0,43839.53918457031,133311.51556396484,0,404327403520,8589930496,6030983168,114688
10,1791554250828,2500,2500,2500,2499,2499,2500,2500,2500,2499,2500,2499,2500,2500,2500,2500,2499,5,0,0,0,0,100,5,10,0,0,0,0,0,0,0,0,43839.67138671875,133311.8056640625,0,404327403520,8589930496,6030983168,114688
9,1791554250838,2500,2500,2500,2499,2499,2500,2500,2500,2499,2500,2499,2500,2500,2500,2500,2499,5,0,0,0,0,100,5,10,0,0,0,0,0,0,0,0,43839.84167480469,133312.1580810547,0,404327403520,8589930496,6030983168,114688
9,1791554250848,2500,2500,2500,2499,2499,2500,2500,2500,2499,2500,2499,2500,2500,2500,2500,2499,5,0,0,0,0,100,5,10,0,0,0,0,0,0,0,0,43839.9951171875,133312.47918701172,0,404327403520,8589930496,6030983168,114688
9,1791554250858,2500,2500,2500,2499,2499,2500,2500,2500,2499,2500,2499,2500,2500,2500,2500,2499,5,0,0,0,0,100,5,10,0,0,0,0,0,0,0,0,43840.14385986328,133312.7993774414,0,404327403520,8589930496,6030983168,114688
9,1791554250868,2500,2500,2500,2499,2499,2500,2500,2500,2499,2500,2499,2500,2500,2500,2500,2499,5,0,0,0,0,100,5,10,0,0,0,0,0,0,0,0,43840.29510498047,133313.11907958984,0,404327403520,8589930496,6030983168,114688
9,1791554250878,2500,2500,2500,2499,2499,2500,2500,2500,2499,2500,2499,2500,2500,2500,2500,2499,5,0,0,0,0,100,5,10,0,0,0,0,0,0,0,0,43840.44903564453,133313.4423828125,0,404327403520,8589930496,6030983168,114688
10,1791554250888,2500,2500,2500,2499,2499,2500,2500,2500,2499,2500,2499,2500,2500,2500,2500,2499,5,0,0,0,0,100,5,10,0,0,0,0,0,0,0,0,43840.60046386719,133313.7628173828,0,404327403520,8589930496,6030983168,114688
9,1791554250899,2500,2500,2500,2499,2499,2500,2500,2500,2499,2500,2499,2500,2500,2500,2500,2499,5,0,0,0,0,100,5,10,0,0,0,0,0,0,0,0,43840.75079345703,133314.08026123047,0,404327403520,8589930496,6030983168,114688
10,1791554250909,2500,2500,2500,2499,2499,2500,2500,2500,2499,2500,2499,2500,2500,2500,2500,2499,5,0,0,0,0,100,5,10,0,0,0,0,0,0,0,0,43840.90496826172,133314.39685058594,0,404327403520,8589930496,6030983168,114688
9,1791554250919,2500,2500,2500,2499,2499,2500,2500,2500,2499,2500,2499,2500,2500,2500,2500,2499,5,0,0,0,0,100,5,10,0,0,0,0,0,0,0,0,43841.05322265625,133314.7201538086,0,404327403520,8589930496,6030983168,114688
9,1791554250929,2500,2500,2500,2499,2499,2500,2500,2500,2499,2500,2499,2500,2500,2500,2500,2499,5,0,0,0,0,100,5,10,0,0,0,0,0,0,0,0,43841.207946777344,133315.0411376953,0,404327403520,8589930496,6030983168,114688
9,1791554250939,2500,2500,2500,2499,2499,2500,2500,2500,2499,2500,2499,2500,2500,2500,2500,2499,5,0,0,0,0,100,5,10,0,0,0,0,0,0,0,0,43841.361389160156,133315.33435058594,0,404327403520,8589930496,6030983168,114688
9,1791554250949,2500,2500,2500,2499,2499,2500,2500,2500,2499,2500,2499,2500,2500,2500,2500,2499,5,0,0,0,0,100,5,10,0,0,0,0,0,0,0,0,43841.51300048828,133315.6883544922,0,404327403520,8589930496,6030983168,114688
9,1791554250959,2500,2500,2500,2499,2499,2500,2500,2500,2499,2500,2499,2500,2500,2500,2500,2499,5.263157844543457,0,0,0,0,100,0,0,0,5,0,0,0,0,0,0,43841.66296386719,133316.00469970703,0,404327403520,8589930496,6030983168,114688
9,1791554250969,2500,2500,2500,2499,2499,2500,2500,2500,2499,2500,2499,2500,2500,2500,2500,2499,5.263157844543457,0,0,0,0,100,0,0,0,5,0,0,0,0,0,0,43841.81622314453,133316.32403564453,0,404327403520,8589930496,6030983168,114688
9,1791554250979,2500,2500,2500,2499,2499,2500,2500,2500,2499,2500,2499,2500,2500,2500,2500,2499,5.263157844543457,0,0,0,0,100,0,0,0,5,0,0,0,0,0,0,43841.96746826172,133316.6417236328,0,404327403520,8589930496,6030983168,114688
9,1791554250989,2500,2500,2500,2499,2499,2500,2500,2500,2499,2500,2499,2500,2500,2500,2500,2499,5.263157844543457,0,0,0,0,100,0,0,0,5,0,0,0,0,0,0,43842.11486816406,133316.96282958984,0,404327403520,8589930496,6030983168,114688
9,1791554250999,2500,2500,2500,2499,2499,2500,2500,2500,2499,2500,2499,2500,2500,2500,2500,2499,5.263157844543457,0,0,0,0,100,0,0,0,5,0,0,0,0,0,0,43842.28240966797,133317.31671142578,0,404327403520,8589930496,6030983168,114688
9,1791554251009,2500,2500,2500,2499,2499,2500,2500,2500,2499,2500,2499,2500,2500,2500,2500,2499,5.263157844543457,0,0,0,0,100,0,0,0,5,0,0,0,0,0,0,43842.43859863281,133317.63848876953,0,404327403520,8589930496,6030983168,114688
10,1791554251019,2500,2500,2500,2499,2499,2500,2500,2500,2499,2500,2499,2500,2500,2500,2500,2499,5.263157844543457,0,0,0,0,100,0,0,0,5,0,0,0,0,0,0,43842.59240722656,133317.96057128906,0,404327403520,8589930496,6030983168,114688
9,1791554251029,2500,2500,2500,2499,2499,2500,2500,2500,2499,2500,2499,2500,2500,2500,2500,2499,5.263157844543457,0,0,0,0,100,0,0,0,5,0,0,0,0,0,0,43842.748779296875,133318.2817993164,0,404327403520,8589930496,6030983168,114688
9,1791554251040,2500,2500,2500,2499,2499,2500,2500,2500,2499,2500,2499,2500,2500,2500,2500,2499,5.263157844543457,0,0,0,0,100,0,0,0,5,0,0,0,0,0,0,43842.89929199219,133318.6024169922,0,404327403520,8589930496,6030983168,114688
9,1791554251050,2500,2500,2500,2499,2499,2500,2500,2500,2499,2500,2499,2500,2500,2500,2500,2499,5.263157844543457,0,0,0,0,100,0,0,0,5,0,0,0,0,0,0,43843.047912597656,133318.9249267578,0,404327403520,8589930496,6030983168,114688
10,1791554251060,2500,2500,2500,2499,2499,2500,2500,2500,2499,2500,2499,2500,2500,2500,2500,2499,5.263157844543457,0,0,0,0,100,0,0,0,5,0,0,0,0,0,0,43843.19641113281,133319.2490234375,0,404327403520,8589930496,6030983168,114688
9,1791554251070,2500,2500,2500,2499,2499,2500,2500,2500,2499,2500,2499,2500,2500,2500,2500,2499,5.263157844543457,0,0,0,0,100,0,0,0,5,0,0,0,0,0,0,43843.34698486328,133319.57287597656,0,404327403520,8589930496,6030983168,114688
10,1791554251080,2500,2500,2500,2499,2499,2500,2500,2500,2499,2500,2499,2500,2500,2500,2500,2499,5.263157844543457,0,0,0,0,100,0,0,0,5,0,0,0,0,0,0,43843.50134277344,133319.88873291016,0,404327403520,8589930496,6030983168,114688
9,1791554251090,2500,2500,2500,2499,2499,2500,2500,2500,2499,2500,2499,2500,2500,2500,2500,2499,5.263157844543457,0,0,0,0,100,0,0,0,5,0,0,0,0,0,0,43843.65222167969,133320.20989990234,0,404327403520,8589930496,6030983168,114688
9,1791554251100,2500,2500,2500,2499,2499,2500,2500,2500,2499,2500,2499,2500,2500,2500,2500,2499,5.263157844543457,0,0,0,0,100,0,0,0,5,0,0,0,0,0,0,43843.80841064453,133320.5303955078,0,404327403520,8589930496,6030983168,114688
9,1791554251110,2500,2500,2500,2499,2499,2500,2500,2500,2499,2500,2499,2500,2500,2500,2500,2499,5.263157844543457,0,0,0,0,100,0,0,0,5,0,0,0,0,0,0,43843.96112060547,133320.85321044922,0,404327403520,8589930496,6030983168,114688
9,1791554251120,2500,2500,2500,2499,2499,2500,2500,2500,2499,2500,2499,2500,2500,2500,2500,2499,5.263157844543457,0,0,0,0,100,0,0,0,5,0,0,0,0,0,0,43844.13525390625,133321.20721435547,0,404327403520,8589930496,6030467072,114688
9,1791554251130,2500,2500,2500,2499,2499,2500,2500,2500,2499,2500,2499,2500,2500,2500,2500,2499,5.263157844543457,0,0,0,0,100,0,0,0,5,0,0,0,0,0,0,43844.2744140625,133321.49530029297,0,404327403520,8589930496,6030467072,114688
9,1791554251140,2500,2500,2500,2499,2499,2500,2500,2500,2499,2500,2499,2500,2500,2500,2500,2499,5.263157844543457,0,0,0,0,100,0,0,0,5,0,0,0,0,0,0,43844.44305419922,133321.84735107422,0,404327403520,8589930496,6030467072,114688
9,1791554251150,2500,2500,2500,2499,2499,2500,2500,2500,2499,2500,2499,2500,2500,2500,2500,2499,5.263157844543457,0,0,0,0,100,0,0,0,5,0,0,0,0,0,0,43844.600036621094,133322.16528320313,0,404327403520,8589930496,6030467072,114688
10,1791554251160,2500,2500,2500,2499,2499,2500,2500,2500,2499,2500,2499,2500,2500,2500,2500,2499,10,0,0,0,0,100,0,5,5,0,0,0,0,0,4.761904716491699,0,43844.762268066406,133322.49060058594,0,404327403520,8589930496,6030467072,114688
9,1791554251170,2500,2500,2500,2499,2499,2500,2500,2500,2499,2500,2499,2500,2500,2500,2500,2499,10,0,0,0,0,100,0,5,5,0,0,0,0,0,4.761904716491699,0,43844.91864013672,133322.81634521484,0,404327403520,8589930496,6030467072,114688
10,1791554251180,2500,2500,2500,2499,2499,2500,2500,2500,2499,2500,2499,2500,2500,2500,2500,2499,10,0,0,0,0,100,0,5,5,0,0,0,0,0,4.761904716491699,0,43845.073181152344,133323.13702392578,0,404327403520,8589930496,6030467072,114688
9,1791554251191,2500,2500,2500,2499,2499,2500,2500,2500,2499,2500,2499,2500,2500,2500,2500,2499,10,0,0,0,0,100,0,5,5,0,0,0,0,0,4.761904716491699,0,43845.23028564453,133323.46307373047,0,404327403520,8589930496,6030467072,114688
10,1791554251201,2500,2500,2500,2499,2499,2500,2500,2500,2499,2500,2499,2500,2500,2500,2500,2499,10,0,0,0,0,100,0,5,5,0,0,0,0,0,4.761904716491699,0,43845.385986328125,133323.7879638672,0,404327403520,8589930496,6030467072,114688
9,1791554251211,2500,2500,2500,2499,2499,2500,2500,2500,2499,2500,2499,2500,2500,2500,2500,2499,10,0,0,0,0,100,0,5,5,0,0,0,0,0,4.761904716491699,0,43845.53454589844,133324.10845947266,0,404327403520,8589930496,6030467072,114688
9,1791554251221,2500,2500,2500,2499,2499,2500,2500,2500,2499,2500,2499,2500,2500,2500,2500,2499,10,0,0,0,0,100,0,5,5,0,0,0,0,0,4.761904716491699,0,43845.690002441406,133324.42706298828,0,404327403520,8589930496,6030467072,114688
9,1791554251231,2500,2500,2500,2499,2499,2500,2500,2500,2499,2500,2499,2500,2500,2500,2500,2499,10,0,0,0,0,100,0,5,5,0,0,0,0,0,4.761904716491699,0,43845.843994140625,133324.75030517578,0,404327403520,8589930496,6030467072,114688
9,1791554251241,2500,2500,2500,2499,2499,2500,2500,2500,2499,2500,2499,2500,2500,2500,2500,2499,10,0,0,0,0,100,0,5,5,0,0,0,0,0,4.761904716491699,0,43845.99493408203,133325.0746459961,0,404327403520,8589930496,6030467072,114688
9,1791554251251,2500,2500,2500,2499,2499,2500,2500,2500,2499,2500,2499,2500,2500,2500,2500,2499,10,0,0,0,0,100,0,5,5,0,0,0,0,0,4.761904716491699,0,43846.14227294922,133325.39770507813,0,404327403520,8589930496,6030467072,114688
9,1791554251261,2500,2500,2500,2499,2499,2500,2500,2500,2499,2500,2499,2500,2500,2500,2500,2499,10,0,0,0,0,100,0,5,5,0,0,0,0,0,4.761904716491699,0,43846.29553222656,133325.71905517578,0,404327403520,8589930496,6030467072,114688
9,1791554251271,2500,2500,2500,2499,2499,2500,2500,2500,2499,2500,2499,2500,2500,2500,2500,2499,10,0,0,0,0,100,0,5,5,0,0,0,0,0,4.761904716491699,0,43846.44970703125,133326.03930664063,0,404327403520,8589930496,6030467072,114688
9,1791554251281,2500,2500,2500,2499,2499,2500,2500,2500,2499,2500,2499,2500,2500,2500,2500,2499,10,0,0,0,0,100,0,5,5,0,0,0,0,0,4.761904716491699,0,43846.61669921875,133326.38732910156,0,404327403520,8589930496,6030467072,114688
9,1791554251291,2500,2500,2500,2499,2499,2500,2500,2500,2499,2500,2499,2500,2500,2500,2500,2499,10,0,0,0,0,100,0,5,5,0,0,0,0,0,4.761904716491699,0,43846.77490234375,133326.71075439453,0,404327403520,8589930496,6030467072,114688
9,1791554251301,2500,2500,2500,2499,2499,2500,2500,2500,2499,2500,2499,2500,2500,2500,2500,2499,10,0,0,0,0,100,0,5,5,0,0,0,0,0,4.761904716491699,0,43846.924865722656,133327.03009033203,0,404327403520,8589930496,6030467072,114688
10,1791554251311,2500,2500,2500,2499,2499,2500,2500,2500,2499,2500,2499,2500,2500,2500,2500,2499,10,0,0,0,0,100,0,5,5,0,0,0,0,0,4.761904716491699,0,43847.06182861328,133327.33569335938,0,404327403520,8589930496,6030467072,114688
9,1791554251322,2500,2500,2500,2499,2499,2500,2500,2500,2499,2500,2499,2500,2500,2500,2500,2499,10,0,0,0,0,100,0,5,5,0,0,0,0,0,4.761904716491699,0,43847.236328125,133327.69299316406,0,404327403520,8589930496,6030467072,114688
9,1791554251332,2500,2500,2500,2499,2499,2500,2500,2500,2499,2500,2499,2500,2500,2500,2500,2499,10,0,0,0,0,100,0,5,5,0,0,0,0,0,4.761904716491699,0,43847.396911621094,133328.00958251953,0,404327403520,8589930496,6030467072,114688
9,1791554251342,2500,2500,2500,2499,2499,2500,2500,2500,2499,2500,2499,2500,2500,2500,2500,2499,10,0,0,0,0,100,0,5,5,0,0,0,0,0,4.761904716491699,0,43847.552001953125,133328.32873535156,0,404327403520,8589930496,6030467072,114688
9,1791554251352,2500,2500,2500,2499,2499,2500,2500,2500,2499,2500,2499,2500,2500,2500,2500,2499,10,0,0,0,0,100,0,5,5,0,0,0,0,0,4.761904716491699,0,43847.70623779297,133328.64630126953,0,404327403520,8589930496,6030467072,114688
9,1791554251362,2500,2500,2500,2499,2499,2500,2500,2500,2499,2500,2499,2500,2500,2500,2500,2499,10,0,0,0,0,100,0,0,0,0,0,0,0,0,0,0,43847.85510253906,133328.96942138672,0,404327403520,8589930496,6030467072,114688
9,1791554251372,2500,2500,2500,2499,2499,2500,2500,2500,2499,2500,2499,2500,2500,2500,2500,2499,10,0,0,0,0,100,0,0,0,0,0,0,0,0,0,0,43848.00469970703,133329.28643798828,0,404327403520,8589930496,6030467072,114688
9,1791554251382,2500,2500,2500,2499,2499,2500,2500,2500,2499,2500,2499,2500,2500,2500,2500,2499,10,0,0,0,0,100,0,0,0,0,0,0,0,0,0,0,43848.15625,133329.6021118164,0,404327403520,8589930496,6030467072,114688
9,1791554251392,2500,2500,2500,2499,2499,2500,2500,2500,2499,2500,2499,2500,2500,2500,2500,2499,10,0,0,0,0,100,0,0,0,0,0,0,0,0,0,0,43848.30841064453,133329.9158935547,0,404327403520,8589930496,6030467072,114688
9,1791554251402,2500,2500,2500,2499,2499,2500,2500,2500,2499,2500,2499,2500,2500,2500,2500,2499,10,0,0,0,0,100,0,0,0,0,0,0,0,0,0,0,43848.460388183594,133330.2296142578,0,404327403520,8589930496,6030467072,114688
9,1791554251412,2500,2500,2500,2499,2499,2500,2500,2500,2499,2500,2499,2500,2500,2500,2500,2499,10,0,0,0,0,100,0,0,0,0,0,0,0,0,0,0,43848.61456298828,133330.54510498047,0,404327403520,8589930496,6030467072,114688
9,1791554251422,2500,2500,2500,2499,2499,2500,2500,2500,2499,2500,2499,2500,2500,2500,2500,2499,10,0,0,0,0,100,0,0,0,0,0,0,0,0,0,0,43848.763610839844,133330.86877441406,0,404327403520,8589930496,6030467072,114688
9,1791554251432,2500,2500,2500,2499,2499,2500,2500,2500,2499,2500,2499,2500,2500,2500,2500,2499,10,0,0,0,0,100,0,0,0,0,0,0,0,0,0,0,43848.920471191406,133331.17572021484,0,404327403520,8589930496,6030467072,114688
9,1791554251442,2500,2500,2500,2499,2499,2500,2500,2500,2499,2500,2499,2500,2500,2500,2500,2499,10,0,0,0,0,100,0,0,0,0,0,0,0,0,0,0,43849.076904296875,133331.4892578125,0,404327403520,8589930496,6030467072,114688
10,1791554251452,2500,2500,2500,2499,2499,2500,2500,2500,2499,2500,2499,2500,2500,2500,2500,2499,10,0,0,0,0,100,0,0,0,0,0,0,0,0,0,0,43849.23034667969,133331.8021850586,0,404327403520,8589930496,6030467072,114688
9,1791554251463,2500,2500,2500,2499,2499,2500,2500,2500,2499,2500,2499,2500,2500,2500,2500,2499,10,0,0,0,0,100,0,0,0,0,0,0,0,0,0,0,43849.40173339844,133332.1434326172,0,404327403520,8589930496,6030467072,114688
9,1791554251473,2500,2500,2500,2499,2499,2500,2500,2500,2499,2500,2499,2500,2500,2500,2500,2499,10,0,0,0,0,100,0,0,0,0,0,0,0,0,0,0,43849.54162597656,133332.43237304688,0,404327403520,8589930496,6030467072,114688
9,1791554251483,2500,2500,2500,2499,2499,2500,2500,2500,2499,2500,2499,2500,2500,2500,2500,2499,10,0,0,0,0,100,0,0,0,0,0,0,0,0,0,0,43849.69470214844,133332.7474975586,0,404327403520,8589930496,6030467072,114688
10,1791554251493,2500,2500,2500,2499,2499,2500,2500,2500,2499,2500,2499,2500,2500,2500,2500,2499,10,0,0,0,0,100,0,0,0,0,0,0,0,0,0,0,43849.86682128906,133333.09539794922,0,404327403520,8589930496,6030467072,114688
9,1791554251503,2500,2500,2500,2499,2499,2500,2500,2500,2499,2500,2499,2500,2500,2500,2500,2499,10,0,0,0,0,100,0,0,0,0,0,0,0,0,0,0,43850.02117919922,133333.41467285156,0,404327403520,8589930496,6030467072,114688
10,1791554251513,2500,2500,2500,2499,2499,2500,2500,2500,2499,2500,2499,2500,2500,2500,2500,2499,10,0,0,0,0,100,0,0,0,0,0,0,0,0,0,0,43850.174072265625,133333.736328125,0,404327403520,8589930496,6030467072,114688
9,1791554251523,2500,2500,2500,2499,2499,2500,2500,2500,2499,2500,2499,2500,2500,2500,2500,2499,10,0,0,0,0,100,0,0,0,0,0,0,0,0,0,0,43850.325439453125,133334.04418945313,0,404327403520,8589930496,6030467072,114688
9,1791554251533,2500,2500,2500,2499,2499,2500,2500,2500,2499,2500,2499,2500,2500,2500,2500,2499,10,0,0,0,0,100,0,0,0,0,0,0,0,0,0,0,43850.479248046875,133334.3603515625,0,404327403520,8589930496,6030467072,114688
9,1791554251543,2500,2500,2500,2499,2499,2500,2500,2500,2499,2500,2499,2500,2500,2500,2500,2499,10,0,0,0,0,100,0,0,0,0,0,0,0,0,0,0,43850.62902832031,133334.6781616211,0,404327403520,8589930496,6030467072,114688
9,1791554251553,2500,2500,2500,2499,2499,2500,2500,2500,2499,2500,2499,2500,2500,2500,2500,2499,10,0,0,0,0,100,0,0,0,0,0,0,0,0,0,0,43850.78381347656,133334.9971923828,0,404327403520,8589930496,6026502144,114688
9,1791554251563,2500,2500,2500,2499,2499,2500,2500,2500,2499,2500,2499,2500,2500,2500,2500,2499,9.523809432983398,0,0,0,0,100,0,0,0,0,0,0,0,0,0,0,43850.94384765625,133335.3130493164,0,404327403520,8589930496,6022041600,114688
10,1791554251573,2500,2500,2500,2499,2499,2500,2500,2500,2499,2500,2499,2500,2500,2500,2500,2499,9.523809432983398,0,0,0,0,100,0,0,0,0,0,0,0,0,0,0,43851.09509277344,133335.63104248047,0,404327403520,8589930496,6022041600,114688
10,1791554251583,2500,2500,2500,2499,2499,2500,2500,2500,2499,2500,2499,2500,2500,2500,2500,2499,9.523809432983398,0,0,0,0,100,0,0,0,0,0,0,0,0,0,0,43851.24578857422,133335.94512939453,0,404327403520,8589930496,6022041600,114688
10,1791554251593,2500,2500,2500,2499,2499,2500,2500,2500,2499,2500,2499,2500,2500,2500,2500,2499,9.523809432983398,0,0,0,0,100,0,0,0,0,0,0,0,0,0,0,43851.39904785156,133336.25909423828,0,404327403520,8589930496,6017085440,114688
9,1791554251604,2500,2500,2500,2499,2499,2500,2500,2500,2499,2500,2499,2500,2500,2500,2500,2499,9.523809432983398,0,0,0,0,100,0,0,0,0,0,0,0,0,0,0,43851.557067871094,133336.57037353516,0,404327403520,8589930496,6017085440,114688
9,1791554251614,2500,2500,2500,2499,2499,2500,2500,2500,2499,2500,2499,2500,2500,2500,2500,2499,9.523809432983398,0,0,0,0,100,0,0,0,0,0,0,0,0,0,0,43851.72204589844,133336.91522216797,0,404327403520,8589930496,6013616128,114688
9,1791554251624,2500,2500,2500,2499,2499,2500,2500,2500,2499,2500,2499,2500,2500,2500,2500,2499,9.523809432983398,0,0,0,0,100,0,0,0,0,0,0,0,0,0,0,43851.85974121094,133337.20184326172,0,404327403520,8589930496,6013616128,114688
9,1791554251634,2500,2500,2500,2499,2499,2500,2500,2500,2499,2500,2499,2500,2500,2500,2500,2499,9.523809432983398,0,0,0,0,100,0,0,0,0,0,0,0,0,0,0,43852.02703857422,133337.5484008789,0,404327403520,8589930496,6007668736,114688
9,1791554251644,2500,2500,2500,2499,2499,2500,2500,2500,2499,2500,2499,2500,2500,2500,2500,2499,9.523809432983398,0,0,0,0,100,0,0,0,0,0,0,0,0,0,0,43852.184143066406,133337.85736083984,0,404327403520,8589930496,6000730112,114688
9,1791554251654,2500,2500,2500,2499,2499,2500,2500,2500,2499,2500,2499,2500,2500,2500,2500,2499,9.523809432983398,0,0,0,0,100,0,0,0,0,0,0,0,0,0,0,43852.336853027344,133338.17211914063,0,404327403520,8589930496,6000730112,114688
9,1791554251664,2500,2500,2500,2499,2499,2500,2500,2500,2499,2500,2499,2500,2500,2500,2500,2499,9.523809432983398,0,0,0,0,100,0,0,0,0,0,0,0,0,0,0,43852.49084472656,133338.4917602539,0,404327403520,8589930496,6000730112,114688
9,1791554251674,2500,2500,2500,2499,2499,2500,2500,2500,2499,2500,2499,2500,2500,2500,2500,2499,9.523809432983398,0,0,0,0,100,0,0,0,0,0,0,0,0,0,0,43852.64489746094,133338.80975341797,0,404327403520,8589930496,5994782720,114688
9,1791554251684,2500,2500,2500,2499,2499,2500,2500,2500,2499,2500,2499,2500,2500,2500,2500,2499,9.523809432983398,0,0,0,0,100,0,0,0,0,0,0,0,0,0,0,43852.800537109375,133339.12811279297,0,404327403520,8589930496,5994782720,114688
9,1791554251694,2500,2500,2500,2499,2499,2500,2500,2500,2499,2500,2499,2500,2500,2500,2500,2499,9.523809432983398,0,0,0,0,100,0,0,0,0,0,0,0,0,0,0,43852.955993652344,133339.44146728516,0,404327403520,8589930496,5988339712,114688
10,1791554251704,2500,2500,2500,2499,2499,2500,2500,2500,2499,2500,2499,2500,2500,2500,2500,2499,9.523809432983398,0,0,0,0,100,0,0,0,0,0,0,0,0,0,0,43853.10778808594,133339.75842285156,0,404327403520,8589930496,5988339712,114688
9,1791554251714,2500,2500,2500,2499,2499,2500,2500,2500,2499,2500,2499,2500,2500,2500,2500,2499,9.523809432983398,0,0,0,0,100,0,0,0,0,0,0,0,0,0,0,43853.260314941406,133340.0711669922,0,404327403520,8589930496,5988339712,114688
9,1791554251724,2500,2500,2500,2499,2499,2500,2500,2500,2499,2500,2499,2500,2500,2500,2500,2499,9.523809432983398,0,0,0,0,100,0,0,0,0,0,0,0,0,0,0,43853.414123535156,133340.38604736328,0,404327403520,8589930496,5983879168,114688
9,1791554251735,2500,2500,2500,2499,2499,2500,2500,2500,2499,2500,2499,2500,2500,2500,2500,2499,9.523809432983398,0,0,0,0,100,0,0,0,0,0,0,0,0,0,0,43853.573181152344,133340.69805908203,0,404327403520,8589930496,5983879168,114688
9,1791554251745,2500,2500,2500,2499,2499,2500,2500,2500,2499,2500,2499,2500,2500,2500,2500,2499,9.523809432983398,0,0,0,0,100,0,0,0,0,0,0,0,0,0,0,43853.725646972656,133341.0194091797,0,404327403520,8589930496,5978427392,114688
9,1791554251755,2500,2500,2500,2499,2499,2500,2500,2500,2499,2500,2499,2500,2500,2500,2500,2499,9.523809432983398,0,0,0,0,100,0,0,0,0,0,0,0,0,0,0,43853.876525878906,133341.33953857422,0,404327403520,8589930496,5971984384,114688
9,1791554251765,2500,2500,2500,2499,2499,2500,2500,2500,2499,2500,2499,2500,2500,2500,2500,2499,10,5,0,0,0,100,0,0,5,0,0,0,0,0,0,0,43854.042236328125,133341.68450927734,0,404327403520,8589930496,5971984384,114688
9,1791554251775,2500,2500,2500,2499,2499,2500,2500,2500,2499,2500,2499,2500,2500,2500,2500,2499,10,5,0,0,0,100,0,0,5,0,0,0,0,0,0,0,43854.19512939453,133341.9976196289,0,404327403520,8589930496,5968019456,114688
9,1791554251785,2500,2500,2500,2499,2499,2500,2500,2500,2499,2500,2499,2500,2500,2500,2500,2499,10,5,0,0,0,100,0,0,5,0,0,0,0,0,0,0,43854.34637451172,133342.31707763672,0,404327403520,8589930496,5964054528,114688
9,1791554251795,2500,2500,2500,2499,2499,2500,2500,2500,2499,2500,2499,2500,2500,2500,2500,2499,10,5,0,0,0,100,0,0,5,0,0,0,0,0,0,0,43854.50018310547,133342.6319580078,0,404327403520,8589930496,5964054528,114688
9,1791554251805,2500,2500,2500,2499,2499,2500,2500,2500,2499,2500,2499,2500,2500,2500,2500,2499,10,5,0,0,0,100,0,0,5,0,0,0,0,0,0,0,43854.658935546875,133342.9532470703,0,404327403520,8589930496,5960585216,114688
9,1791554251815,2500,2500,2500,2499,2499,2500,2500,2500,2499,2500,2499,2500,2500,2500,2500,2499,10,5,0,0,0,100,0,0,5,0,0,0,0,0,0,0,43854.81072998047,133343.26928710938,0,404327403520,8589930496,5960585216,114688
9,1791554251825,2500,2500,2500,2499,2499,2500,2500,2500,2499,2500,2499,2500,2500,2500,2500,2499,10,5,0,0,0,100,0,0,5,0,0,0,0,0,0,0,43854.96142578125,133343.59143066406,0,404327403520,8589930496,5957115904,114688
9,1791554251835,2500,2500,2500,2499,2499,2500,2500,2500,2499,2500,2499,2500,2500,2500,2500,2499,10,5,0,0,0,100,0,0,5,0,0,0,0,0,0,0,43855.11413574219,133343.9076538086,0,404327403520,8589930496,5945716736,114688
9,1791554251845,2500,2500,2500,2499,2499,2500,2500,2500,2499,2500,2499,2500,2500,2500,2500,2499,10,5,0,0,0,100,0,0,5,0,0,0,0,0,0,0,43855.26629638672,133344.22399902344,0,404327403520,8589930496,5945716736,114688
9,1791554251855,2500,2500,2500,2499,2499,2500,2500,2500,2499,2500,2499,2500,2500,2500,2500,2499,10,5,0,0,0,100,0,0,5,0,0,0,0,0,0,0,43855.42419433594,133344.5400390625,0,404327403520,8589930496,5945716736,114688
9,1791554251865,2500,2500,2500,2499,2499,2500,2500,2500,2499,2500,2499,2500,2500,2500,2500,2499,10,5,0,0,0,100,0,0,5,0,0,0,0,0,0,0,43855.578369140625,133344.86456298828,0,404327403520,8589930496,5938778112,114688
9,1791554251876,2500,2500,2500,2499,2499,2500,2500,2500,2499,2500,2499,2500,2500,2500,2500,2499,10,5,0,0,0,100,0,0,5,0,0,0,0,0,0,0,43855.733459472656,133345.18481445313,0,404327403520,8589930496,5938778112,114688
9,1791554251886,2500,2500,2500,2499,2499,2500,2500,2500,2499,2500,2499,2500,2500,2500,2500,2499,10,5,0,0,0,100,0,0,5,0,0,0,0,0,0,0,43855.88562011719,133345.50158691406,0,404327403520,8589930496,5938778112,114688
9,1791554251896,2500,2500,2500,2499,2499,2500,2500,2500,2499,2500,2499,2500,2500,2500,2500,2499,10,5,0,0,0,100,0,0,5,0,0,0,0,0,0,0,43856.039489746094,133345.81982421875,0,404327403520,8589930496,5938778112,114688
9,1791554251906,2500,2500,2500,2499,2499,2500,2500,2500,2499,2500,2499,2500,2500,2500,2500,2499,10,5,0,0,0,100,0,0,5,0,0,0,0,0,0,0,43856.18518066406,133346.1329345703,0,404327403520,8589930496,5938778112,114688
9,1791554251916,2500,2500,2500,2499,2499,2500,2500,2500,2499,2500,2499,2500,2500,2500,2500,2499,10,5,0,0,0,100,0,0,5,0,0,0,0,0,0,0,43856.33660888672,133346.4526977539,0,404327403520,8589930496,5938778112,114688
9,1791554251926,2500,2500,2500,2499,2499,2500,2500,2500,2499,2500,2499,2500,2500,2500,2500,2499,10,5,0,0,0,100,0,0,5,0,0,0,0,0,0,0,43856.492736816406,133346.76892089844,0,404327403520,8589930496,5938778112,114688
9,1791554251936,2500,2500,2500,2499,2499,2500,2500,2500,2499,2500,2499,2500,2500,2500,2500,2499,10,5,0,0,0,100,0,0,5,0,0,0,0,0,0,0,43856.664123535156,133347.12182617188,0,404327403520,8589930496,5938778112,114688
10,1791554251946,2500,2500,2500,2499,2499,2500,2500,2500,2499,2500,2499,2500,2500,2500,2500,2499,10,5,0,0,0,100,0,0,5,0,0,0,0,0,0,0,43856.804931640625,133347.40795898438,0,404327403520,8589930496,5938778112,114688
9,1791554251956,2500,2500,2500,2499,2499,2500,2500,2500,2499,2500,2499,2500,2500,2500,2500,2499,10,5,0,0,0,100,0,0,5,0,0,0,0,0,0,0,43856.97265625,133347.7587890625,0,404327403520,8589930496,5938778112,114688
9,1791554251966,2500,2500,2500,2499,2499,2500,2500,2500,2499,2500,2499,2500,2500,2500,2500,2499,5.263157844543457,0,0,0,0,100,0,0,0,0,0,0,0,0,0,0,43857.12353515625,133348.07739257813,0,404327403520,8589930496,5938778112,114688
9,1791554251976,2500,2500,2500,2499,2499,2500,2500,2500,2499,2500,2499,2500,2500,2500,2500,2499,5.263157844543457,0,0,0,0,100,0,0,0,0,0,0,0,0,0,0,43857.27459716797,133348.39770507813,0,404327403520,8589930496,5938778112,114688
9,1791554251986,2500,2500,2500,2499,2499,2500,2500,2500,2499,2500,2499,2500,2500,2500,2500,2499,5.263157844543457,0,0,0,0,100,0,0,0,0,0,0,0,0,0,0,43857.426208496094,133348.7208251953,0,404327403520,8589930496,5938778112,114688
9,1791554251996,2500,2500,2500,2499,2499,2500,2500,2500,2499,2500,2499,2500,2500,2500,2500,2499,5.263157844543457,0,0,0,0,100,0,0,0,0,0,0,0,0,0,0,43857.5791015625,133349.03900146484,0,404327403520,8589930496,5938778112,114688
9,1791554252006,2500,2500,2500,2499,2499,2500,2500,2500,2499,2500,2499,2500,2500,2500,2500,2499,5.263157844543457,0,0,0,0,100,0,0,0,0,0,0,0,0,0,0,43857.730224609375,133349.36199951172,0,404327403520,8589930496,5938778112,114688
9,1791554252017,2500,2500,2500,2499,2499,2500,2500,2500,2499,2500,2499,2500,2500,2500,2500,2499,5.263157844543457,0,0,0,0,100,0,0,0,0,0,0,0,0,0,0,43857.88055419922,133349.6788330078,0,404327403520,8589930496,5938778112,114688
9,1791554252027,2500,2500,2500,2499,2499,2500,2500,2500,2499,2500,2499,2500,2500,2500,2500,2499,5.263157844543457,0,0,0,0,100,0,0,0,0,0,0,0,0,0,0,43858.03015136719,133349.9991455078,0,404327403520,8589930496,5938778112,114688
9,1791554252037,2500,2500,2500,2499,2499,2500,2500,2500,2499,2500,2499,2500,2500,2500,2500,2499,5.263157844543457,0,0,0,0,100,0,0,0,0,0,0,0,0,0,0,43858.185974121094,133350.32153320313,0,404327403520,8589930496,5938778112,114688
9,1791554252047,2500,2500,2500,2499,2499,2500,2500,2500,2499,2500,2499,2500,2500,2500,2500,2499,5.263157844543457,0,0,0,0,100,0,0,0,0,0,0,0,0,0,0,43858.338317871094,133350.64123535156,0,404327403520,8589930496,5938778112,114688
9,1791554252057,2500,2500,2500,2499,2499,2500,2500,2500,2499,2500,2499,2500,2500,2500,2500,2499,5.263157844543457,0,0,0,0,100,0,0,0,0,0,0,0,0,0,0,43858.48944091797,133350.95971679688,0,404327403520,8589930496,5938778112,114688
9,1791554252067,2500,2500,2500,2499,2499,2500,2500,2500,2499,2500,2499,2500,2500,2500,2500,2499,5.263157844543457,0,0,0,0,100,0,0,0,0,0,0,0,0,0,0,43858.64288330078,133351.28051757813,0,404327403520,8589930496,5938778112,114688
9,1791554252077,2500,2500,2500,2499,2499,2500,2500,2500,2499,2500,2499,2500,2500,2500,2500,2499,5.263157844543457,0,0,0,0,100,0,0,0,0,0,0,0,0,0,0,43858.79626464844,133351.5942993164,0,404327403520,8589930496,5938778112,114688
9,1791554252087,2500,2500,2500,2499,2499,2500,2500,2500,2499,2500,2499,2500,2500,2500,2500,2499,5.263157844543457,0,0,0,0,100,0,0,0,0,0,0,0,0,0,0,43858.94934082031,133351.9144897461,0,404327403520,8589930496,5938778112,114688
9,1791554252097,2500,2500,2500,2499,2499,2500,2500,2500,2499,2500,2499,2500,2500,2500,2500,2499,5.263157844543457,0,0,0,0,100,0,0,0,0,0,0,0,0,0,0,43859.101501464844,133352.23431396484,0,404327403520,8589930496,5938778112,114688
9,1791554252107,2500,2500,2500,2499,2499,2500,2500,2500,2499,2500,2499,2500,2500,2500,2500,2499,5.263157844543457,0,0,0,0,100,0,0,0,0,0,0,0,0,0,0,43859.25439453125,133352.55224609375,0,404327403520,8589930496,5938778112,114688
9,1791554252117,2500,2500,2500,2499,2499,2500,2500,2500,2499,2500,2499,2500,2500,2500,2500,2499,5.263157844543457,0,0,0,0,100,0,0,0,0,0,0,0,0,0,0,43859.424072265625,133352.9014892578,0,404327403520,8589930496,5938778112,114688
9,1791554252127,2500,2500,2500,2499,2499,2500,2500,2500,2499,2500,2499,2500,2500,2500,2500,2499,5.263157844543457,0,0,0,0,100,0,0,0,0,0,0,0,0,0,0,43859.572998046875,133353.22259521484,0,404327403520,8589930496,5938778112,114688
10,1791554252137,2500,2500,2500,2499,2499,2500,2500,2500,2499,2500,2499,2500,2500,2500,2500,2499,5.263157844543457,0,0,0,0,100,0,0,0,0,0,0,0,0,0,0,43859.71252441406,133353.50970458984,0,404327403520,8589930496,5928443904,114688
10,1791554252147,2500,2500,2500,2499,2499,2500,2500,2500,2499,2500,2499,2500,2500,2500,2500,2499,5.263157844543457,0,0,0,0,100,0,0,0,0,0,0,0,0,0,0,43859.878967285156,133353.86071777344,0,404327403520,8589930496,5928443904,114688
9,1791554252158,2500,2500,2500,2499,2499,2500,2500,2500,2499,2500,2499,2500,2500,2500,2500,2499,5.263157844543457,0,0,0,0,100,0,0,0,0,0,0,0,0,0,0,43860.03350830078,133354.1781616211,0,404327403520,8589930496,5928443904,114688
9,1791554252168,2500,2500,2500,2499,2499,2500,2500,2500,2499,2500,2499,2500,2500,2500,2500,2499,5.263157844543457,0,0,0,0,100,0,0,0,0,0,0,0,0,0,0,43860.188415527344,133354.49920654297,0,404327403520,8589930496,5928443904,114688
10,1791554252178,2500,2500,2500,2499,2499,2500,2500,2500,2499,2500,2499,2500,2500,2500,2500,2499,5.263157844543457,0,0,0,0,100,0,0,0,0,0,0,0,0,0,0,43860.33673095703,133354.8175048828,0,404327403520,8589930496,5928443904,114688
9,1791554252188,2500,2500,2500,2499,2499,2500,2500,2500,2499,2500,2499,2500,2500,2500,2500,2499,5.263157844543457,0,0,0,0,100,0,0,0,0,0,0,0,0,0,0,43860.492919921875,133355.1361694336,0,404327403520,8589930496,5928443904,114688
9,1791554252198,2500,2500,2500,2499,2499,2500,2500,2500,2499,2500,2499,2500,2500,2500,2500,2499,5.263157844543457,0,0,0,0,100,0,0,0,0,0,0,0,0,0,0,43860.645080566406,133355.4569091797,0,404327403520,8589930496,5928443904,114688
9,1791554252208,2500,2500,2500,2499,2499,2500,2500,2500,2499,2500,2499,2500,2500,2500,2500,2499,5.263157844543457,0,0,0,0,100,0,0,0,0,0,0,0,0,0,0,43860.79357910156,133355.77374267578,0,404327403520,8589930496,5928443904,114688
9,1791554252218,2500,2500,2500,2499,2499,2500,2500,2500,2499,2500,2499,2500,2500,2500,2500,2499,5.263157844543457,0,0,0,0,100,0,0,0,0,0,0,0,0,0,0,43860.943359375,133356.0977783203,0,404327403520,8589930496,5928443904,114688
9,1791554252228,2500,2500,2500,2499,2499,2500,2500,2500,2499,2500,2499,2500,2500,2500,2500,2499,5.263157844543457,0,0,0,0,100,0,0,0,0,0,0,0,0,0,0,43861.10046386719,133356.42236328125,0,404327403520,8589930496,5928443904,114688
9,1791554252238,2500,2500,2500,2499,2499,2500,2500,2500,2499,2500,2499,2500,2500,2500,2500,2499,5.263157844543457,0,0,0,0,100,0,0,0,0,0,0,0,0,0,0,43861.25115966797,133356.74169921875,0,404327403520,8589930496,5928443904,114688
9,1791554252248,2500,2500,2500,2499,2499,2500,2500,2500,2499,2500,2499,2500,2500,2500,2500,2499,5.263157844543457,0,0,0,0,100,0,0,0,0,0,0,0,0,0,0,43861.40368652344,133357.06146240234,0,404327403520,8589930496,5928443904,114688
9,1791554252258,2500,2500,2500,2499,2499,2500,2500,2500,2499,2500,2499,2500,2500,2500,2500,2499,5.263157844543457,0,0,0,0,100,0,0,0,0,0,0,0,0,0,0,43861.55383300781,133357.37994384766,0,404327403520,8589930496,5928443904,114688
10,1791554252268,2500,2500,2500,2499,2499,2500,2500,2500,2499,2500,2499,2500,2500,2500,2500,2499,5.263157844543457,0,0,0,0,100,0,0,0,0,0,0,0,0,0,0,43861.708557128906,133357.69140625,0,404327403520,8589930496,5928443904,114688
9,1791554252278,2500,2500,2500,2499,2499,2500,2500,2500,2499,2500,2499,2500,2500,2500,2500,2499,5.263157844543457,0,0,0,0,100,0,0,0,0,0,0,0,0,0,0,43861.86199951172,133358.00860595703,0,404327403520,8589930496,5928443904,114688
9,1791554252288,2500,2500,2500,2499,2499,2500,2500,2500,2499,2500,2499,2500,2500,2500,2500,2499,5.263157844543457,0,0,0,0,100,0,0,0,0,0,0,0,0,0,0,43862.0126953125,133358.33319091797,0,404327403520,8589930496,5928443904,114688
10,1791554252298,2500,2500,2500,2499,2499,2500,2500,2500,2499,2500,2499,2500,2500,2500,2500,2499,5.263157844543457,0,0,0,0,100,0,0,0,0,0,0,0,0,0,0,43862.165771484375,133358.65228271484,0,404327403520,8589930496,5928443904,114688
9,1791554252309,2500,2500,2500,2499,2499,2500,2500,2500,2499,2500,2499,2500,2500,2500,2500,2499,5.263157844543457,0,0,0,0,100,0,0,0,0,0,0,0,0,0,0,43862.33087158203,133359.0062866211,0,404327403520,8589930496,5928443904,114688
10,1791554252319,2500,2500,2500,2499,2499,2500,2500,2500,2499,2500,2499,2500,2500,2500,2500,2499,5.263157844543457,0,0,0,0,100,0,0,0,0,0,0,0,0,0,0,43862.4833984375,133359.3257446289,0,404327403520,8589930496,5928443904,114688
9,1791554252329,2500,2500,2500,2499,2499,2500,2500,2500,2499,2500,2499,2500,2500,2500,2500,2499,5.263157844543457,0,0,0,0,100,0,0,0,0,0,0,0,0,0,0,43862.63739013672,133359.64447021484,0,404327403520,8589930496,5928443904,114688
9,1791554252339,2500,2500,2500,2499,2499,2500,2500,2500,2499,2500,2499,2500,2500,2500,2500,2499,5.263157844543457,0,0,0,0,100,0,0,0,0,0,0,0,0,0,0,43862.790283203125,133359.9617919922,0,404327403520,8589930496,5928443904,114688
9,1791554252349,2500,2500,2500,2499,2499,2500,2500,2500,2499,2500,2499,2500,2500,2500,2500,2499,5.263157844543457,0,0,0,0,100,0,0,0,0,0,0,0,0,0,0,43862.933837890625,133360.28186035156,0,404327403520,8589930496,5928443904,114688
9,1791554252359,2500,2500,2500,2499,2499,2500,2500,2500,2499,2500,2499,2500,2500,2500,2500,2499,5.263157844543457,0,0,0,0,100,0,0,0,0,0,0,0,0,0,0,43863.086364746094,133360.6015625,0,404327403520,8589930496,5928443904,114688
9,1791554252369,2500,2500,2500,2499,2499,2500,2500,2500,2499,2500,2499,2500,2500,2500,2500,2499,10,5,0,0,0,100,0,0,0,0,0,0,0,0,0,0,43863.23907470703,133360.92767333984,0,404327403520,8589930496,5928443904,114688
9,1791554252379,2500,2500,2500,2499,2499,2500,2500,2500,2499,2500,2499,2500,2500,2500,2500,2499,10,5,0,0,0,100,0,0,0,0,0,0,0,0,0,0,43863.391052246094,133361.24151611328,0,404327403520,8589930496,5928443904,114688
9,1791554252389,2500,2500,2500,2499,2499,2500,2500,2500,2499,2500,2499,2500,2500,2500,2500,2499,10,5,0,0,0,100,0,0,0,0,0,0,0,0,0,0,43863.54266357422,133361.5645751953,0,404327403520,8589930496,5928443904,114688
9,1791554252399,2500,2500,2500,2499,2499,2500,2500,2500,2499,2500,2499,2500,2500,2500,2500,2499,10,5,0,0,0,100,0,0,0,0,0,0,0,0,0,0,43863.70031738281,133361.88671875,0,404327403520,8589930496,5928443904,114688
9,1791554252409,2500,2500,2500,2499,2499,2500,2500,2500,2499,2500,2499,2500,2500,2500,2500,2499,10,5,0,0,0,100,0,0,0,0,0,0,0,0,0,0,43863.85009765625,133362.2061767578,0,404327403520,8589930496,5928443904,114688
10,1791554252419,2500,2500,2500,2499,2499,2500,2500,2500,2499,2500,2499,2500,2500,2500,2500,2499,10,5,0,0,0,100,0,0,0,0,0,0,0,0,0,0,43863.99865722656,133362.52728271484,0,404327403520,8589930496,5928443904,114688
9,1791554252429,2500,2500,2500,2499,2499,2500,2500,2500,2499,2500,2499,2500,2500,2500,2500,2499,10,5,0,0,0,100,0,0,0,0,0,0,0,0,0,0,43864.15295410156,133362.8543701172,0,404327403520,8589930496,5928443904,114688
9,1791554252439,2500,2500,2500,2499,2499,2500,2500,2500,2499,2500,2499,2500,2500,2500,2500,2499,10,5,0,0,0,100,0,0,0,0,0,0,0,0,0,0,43864.30969238281,133363.17877197266,0,404327403520,8589930496,5928443904,114688
10,1791554252450,2500,2500,2500,2499,2499,2500,2500,2500,2499,2500,2499,2500,2500,2500,2500,2499,10,5,0,0,0,100,0,0,0,0,0,0,0,0,0,0,43864.463317871094,133363.5001220703,0,404327403520,8589930496,5928443904,114688
9,1791554252460,2500,2500,2500,2499,2499,2500,2500,2500,2499,2500,2499,2500,2500,2500,2500,2499,10,5,0,0,0,100,0,0,0,0,0,0,0,0,0,0,43864.63214111328,133363.84985351563,0,404327403520,8589930496,5928443904,114688
9,1791554252470,2500,2500,2500,2499,2499,2500,2500,2500,2499,2500,2499,2500,2500,2500,2500,2499,10,5,0,0,0,100,0,0,0,0,0,0,0,0,0,0,43864.78356933594,133364.17443847656,0,404327403520,8589930496,5928443904,114688
9,1791554252480,2500,2500,2500,2499,2499,2500,2500,2500,2499,2500,2499,2500,2500,2500,2500,2499,10,5,0,0,0,100,0,0,0,0,0,0,0,0,0,0,43864.939392089844,133364.49438476563,0,404327403520,8589930496,5928443904,114688
9,1791554252490,2500,2500,2500,2499,2499,2500,2500,2500,2499,2500,2499,2500,2500,2500,2500,2499,10,5,0,0,0,100,0,0,0,0,0,0,0,0,0,0,43865.089904785156,133364.8198852539,0,404327403520,8589930496,5928443904,114688
9,1791554252500,2500,2500,2500,2499,2499,2500,2500,2500,2499,2500,2499,2500,2500,2500,2500,2499,10,5,0,0,0,100,0,0,0,0,0,0,0,0,0,0,43865.24249267578,133365.13958740234,0,404327403520,8589930496,5928443904,114688
10,1791554252510,2500,2500,2500,2499,2499,2500,2500,2500,2499,2500,2499,2500,2500,2500,2500,2499,10,5,0,0,0,100,0,0,0,0,0,0,0,0,0,0,43865.39581298828,133365.45428466797,0,404327403520,8589930496,5928443904,114688
10,1791554252520,2500,2500,2500,2499,2499,2500,2500,2500,2499,2500,2499,2500,2500,2500,2500,2499,10,5,0,0,0,100,0,0,0,0,0,0,0,0,0,0,43865.546142578125,133365.76892089844,0,404327403520,8589930496,5928443904,114688
9,1791554252530,2500,2500,2500,2499,2499,2500,2500,2500,2499,2500,2499,2500,2500,2500,2500,2499,10,5,0,0,0,100,0,0,0,0,0,0,0,0,0,0,43865.701232910156,133366.08984375,0,404327403520,8589930496,5928443904,114688
9,1791554252540,2500,2500,2500,2499,2499,2500,2500,2500,2499,2500,2499,2500,2500,2500,2500,2499,10,5,0,0,0,100,0,0,0,0,0,0,0,0,0,0,43865.849548339844,133366.41375732422,0,404327403520,8589930496,5928443904,114688
9,1791554252550,2500,2500,2500,2499,2499,2500,2500,2500,2499,2500,2499,2500,2500,2500,2500,2499,10,5,0,0,0,100,0,0,0,0,0,0,0,0,0,0,43865.99914550781,133366.72924804688,0,404327403520,8589930496,5928443904,114688
9,1791554252560,2500,2500,2500,2499,2499,2500,2500,2500,2499,2500,2499,2500,2500,2500,2500,2499,10,5,0,0,0,100,0,0,0,0,0,0,0,0,0,0,43866.154296875,133367.0499267578,0,404327403520,8589930496,5928443904,114688
9,1791554252570,2500,2500,2500,2499,2499,2500,2500,2500,2499,2500,2499,2500,2500,2500,2500,2499,9.523809432983398,0,0,0,0,100,0,0,0,0,0,0,0,0,0,0,43866.307189941406,133367.37561035156,0,404327403520,8589930496,5928443904,114688
9,1791554252581,2500,2500,2500,2499,2499,2500,2500,2500,2499,2500,2499,2500,2500,2500,2500,2499,9.523809432983398,0,0,0,0,100,0,0,0,0,0,0,0,0,0,0,43866.45477294922,133367.69207763672,0,404327403520,8589930496,5928443904,114688
9,1791554252591,2500,2500,2500,2499,2499,2500,2500,2500,2499,2500,2499,2500,2500,2500,2500,2499,9.523809432983398,0,0,0,0,100,0,0,0,0,0,0,0,0,0,0,43866.612060546875,133368.0101928711,0,404327403520,8589930496,5928443904,114688
9,1791554252601,2500,2500,2500,2499,2499,2500,2500,2500,2499,2500,2499,2500,2500,2500,2500,2499,9.523809432983398,0,0,0,0,100,0,0,0,0,0,0,0,0,0,0,43866.7666015625,133368.32635498047,0,404327403520,8589930496,5928443904,114688
9,1791554252611,2500,2500,2500,2499,2499,2500,2500,2500,2499,2500,2499,2500,2500,2500,2500,2499,9.523809432983398,0,0,0,0,100,0,0,0,0,0,0,0,0,0,0,43866.91418457031,133368.64520263672,0,404327403520,8589930496,5928443904,114688
9,1791554252621,2500,2500,2500,2499,2499,2500,2500,2500,2499,2500,2499,2500,2500,2500,2500,2499,9.523809432983398,0,0,0,0,100,0,0,0,0,0,0,0,0,0,0,43867.08117675781,133368.99475097656,0,404327403520,8589930496,5928443904,114688
9,1791554252631,2500,2500,2500,2499,2499,2500,2500,2500,2499,2500,2499,2500,2500,2500,2500,2499,9.523809432983398,0,0,0,0,100,0,0,0,0,0,0,0,0,0,0,43867.234436035156,133369.31298828125,0,404327403520,8589930496,5928443904,114688
9,1791554252641,2500,2500,2500,2499,2499,2500,2500,2500,2499,2500,2499,2500,2500,2500,2500,2499,9.523809432983398,0,0,0,0,100,0,0,0,0,0,0,0,0,0,0,43867.38311767578,133369.62896728516,0,404327403520,8589930496,5928443904,114688
9,1791554252651,2500,2500,2500,2499,2499,2500,2500,2500,2499,2500,2499,2500,2500,2500,2500,2499,9.523809432983398,0,0,0,0,100,0,0,0,0,0,0,0,0,0,0,43867.53692626953,133369.94482421875,0,404327403520,8589930496,5928443904,114688
9,1791554252661,2500,2500,2500,2499,2499,2500,2500,2500,2499,2500,2499,2500,2500,2500,2500,2499,9.523809432983398,0,0,0,0,100,0,0,0,0,0,0,0,0,0,0,43867.69110107422,133370.26202392578,0,404327403520,8589930496,5928443904,114688
9,1791554252671,2500,2500,2500,2499,2499,2500,2500,2500,2499,2500,2499,2500,2500,2500,2500,2499,9.523809432983398,0,0,0,0,100,0,0,0,0,0,0,0,0,0,0,43867.846923828125,133370.58599853516,0,404327403520,8589930496,5928443904,114688
9,1791554252681,2500,2500,2500,2499,2499,2500,2500,2500,2499,2500,2499,2500,2500,2500,2500,2499,9.523809432983398,0,0,0,0,100,0,0,0,0,0,0,0,0,0,0,43867.99377441406,133370.90075683594,0,404327403520,8589930496,5928443904,114688
10,1791554252691,2500,2500,2500,2499,2499,2500,2500,2500,2499,2500,2499,2500,2500,2500,2500,2499,9.523809432983398,0,0,0,0,100,0,0,0,0,0,0,0,0,0,0,43868.14666748047,133371.21807861328,0,404327403520,8589930496,5928443904,114688
10,1791554252701,2500,2500,2500,2499,2499,2500,2500,2500,2499,2500,2499,2500,2500,2500,2500,2499,9.523809432983398,0,0,0,0,100,0,0,0,0,0,0,0,0,0,0,43868.294982910156,133371.53686523438,0,404327403520,8589930496,5928443904,114688
10,1791554252711,2500,2500,2500,2499,2499,2500,2500,2500,2499,2500,2499,2500,2500,2500,2500,2499,9.523809432983398,0,0,0,0,100,0,0,0,0,0,0,0,0,0,0,43868.451171875,133371.85357666016,0,404327403520,8589930496,5928443904,114688
10,1791554252721,2500,2500,2500,2499,2499,2500,2500,2500,2499,2500,2499,2500,2500,2500,2500,2499,9.523809432983398,0,0,0,0,100,0,0,0,0,0,0,0,0,0,0,43868.604064941406,133372.1719970703,0,404327403520,8589930496,5928443904,114688
9,1791554252732,2500,2500,2500,2499,2499,2500,2500,2500,2499,2500,2499,2500,2500,2500,2500,2499,9.523809432983398,0,0,0,0,100,0,0,0,0,0,0,0,0,0,0,43868.757873535156,133372.49462890625,0,404327403520,8589930496,5928443904,114688
10,1791554252742,2500,2500,2500,2499,2499,2500,2500,2500,2499,2500,2499,2500,2500,2500,2500,2499,9.523809432983398,0,0,0,0,100,0,0,0,0,0,0,0,0,0,0,43868.91278076172,133372.8203125,0,404327403520,8589930496,5928443904,114688
9,1791554252752,2500,2500,2500,2499,2499,2500,2500,2500,2499,2500,2499,2500,2500,2500,2500,2499,9.523809432983398,0,0,0,0,100,0,0,0,0,0,0,0,0,0,0,43869.06658935547,133373.14111328125,0,404327403520,8589930496,5928443904,114688
9,1791554252762,2500,2500,2500,2499,2499,2500,2500,2500,2499,2500,2499,2500,2500,2500,2500,2499,9.523809432983398,0,0,0,0,100,0,0,0,0,0,0,0,0,0,0,43869.22204589844,133373.45831298828,0,404327403520,8589930496,5928443904,114688
9,1791554252772,2500,2500,2500,2499,2499,2500,2500,2500,2499,2500,2499,2500,2500,2500,2500,2499,5.263157844543457,5,0,0,0,100,0,0,0,0,0,0,0,0,0,0,43869.389221191406,133373.80590820313,0,404327403520,8589930496,5928443904,114688
9,1791554252782,2500,2500,2500,2499,2499,2500,2500,2500,2499,2500,2499,2500,2500,2500,2500,2499,5.263157844543457,5,0,0,0,100,0,0,0,0,0,0,0,0,0,0,43869.54248046875,133374.1279296875,0,404327403520,8589930496,5928443904,114688
9,1791554252792,2500,2500,2500,2499,2499,2500,2500,2500,2499,2500,2499,2500,2500,2500,2500,2499,5.263157844543457,5,0,0,0,100,0,0,0,0,0,0,0,0,0,0,43869.689514160156,133374.44677734375,0,404327403520,8589930496,5928443904,114688
9,1791554252802,2500,2500,2500,2499,2499,2500,2500,2500,2499,2500,2499,2500,2500,2500,2500,2499,5.263157844543457,5,0,0,0,100,0,0,0,0,0,0,0,0,0,0,43869.83837890625,133374.7661743164,0,404327403520,8589930496,5928443904,114688
9,1791554252812,2500,2500,2500,2499,2499,2500,2500,2500,2499,2500,2499,2500,2500,2500,2500,2499,5.263157844543457,5,0,0,0,100,0,0,0,0,0,0,0,0,0,0,43869.99200439453,133375.0877685547,0,404327403520,8589930496,5928443904,114688
9,1791554252822,2500,2500,2500,2499,2499,2500,2500,2500,2499,2500,2499,2500,2500,2500,2500,2499,5.263157844543457,5,0,0,0,100,0,0,0,0,0,0,0,0,0,0,43870.14636230469,133375.40502929688,0,404327403520,8589930496,5928443904,114688
9,1791554252832,2500,2500,2500,2499,2499,2500,2500,2500,2499,2500,2499,2500,2500,2500,2500,2499,5.263157844543457,5,0,0,0,100,0,0,0,0,0,0,0,0,0,0,43870.29833984375,133375.71588134766,0,404327403520,8589930496,5928443904,114688
9,1791554252842,2500,2500,2500,2499,2499,2500,2500,2500,2499,2500,2499,2500,2500,2500,2500,2499,5.263157844543457,5,0,0,0,100,0,0,0,0,0,0,0,0,0,0,43870.45233154297,133376.03448486328,0,404327403520,8589930496,5928443904,114688
9,1791554252853,2500,2500,2500,2499,2499,2500,2500,2500,2499,2500,2499,2500,2500,2500,2500,2499,5.263157844543457,5,0,0,0,100,0,0,0,0,0,0,0,0,0,0,43870.60382080078,133376.35748291016,0,404327403520,8589930496,5928443904,114688
9,1791554252863,2500,2500,2500,2499,2499,2500,2500,2500,2499,2500,2499,2500,2500,2500,2500,2499,5.263157844543457,5,0,0,0,100,0,0,0,0,0,0,0,0,0,0,43870.757263183594,133376.6782836914,0,404327403520,8589930496,5928443904,114688
10,1791554252873,2500,2500,2500,2499,2499,2500,2500,2500,2499,2500,2499,2500,2500,2500,2500,2499,5.263157844543457,5,0,0,0,100,0,0,0,0,0,0,0,0,0,0,43870.913635253906,133377.00231933594,0,404327403520,8589930496,5928443904,114688
9,1791554252883,2500,2500,2500,2499,2499,2500,2500,2500,2499,2500,2499,2500,2500,2500,2500,2499,5.263157844543457,5,0,0,0,100,0,0,0,0,0,0,0,0,0,0,43871.07434082031,133377.3203125,0,404327403520,8589930496,5928443904,114688
9,1791554252893,2500,2500,2500,2499,2499,2500,2500,2500,2499,2500,2499,2500,2500,2500,2500,2499,5.263157844543457,5,0,0,0,100,0,0,0,0,0,0,0,0,0,0,43871.221740722656,133377.63830566406,0,404327403520,8589930496,5928443904,114688
9,1791554252903,2500,2500,2500,2499,2499,2500,2500,2500,2499,2500,2499,2500,2500,2500,2500,2499,5.263157844543457,5,0,0,0,100,0,0,0,0,0,0,0,0,0,0,43871.377868652344,133377.958984375,0,404327403520,8589930496,5928443904,114688
9,1791554252913,2500,2500,2500,2499,2499,2500,2500,2500,2499,2500,2499,2500,2500,2500,2500,2499,5.263157844543457,5,0,0,0,100,0,0,0,0,0,0,0,0,0,0,43871.53259277344,133378.28009033203,0,404327403520,8589930496,5928443904,114688
9,1791554252923,2500,2500,2500,2499,2499,2500,2500,2500,2499,2500,2499,2500,2500,2500,2500,2499,5.263157844543457,5,0,0,0,100,0,0,0,0,0,0,0,0,0,0,43871.68701171875,133378.6025390625,0,404327403520,8589930496,5928443904,114688
9,1791554252933,2500,2500,2500,2499,2499,2500,2500,2500,2499,2500,2499,2500,2500,2500,2500,2499,5.263157844543457,5,0,0,0,100,0,0,0,0,0,0,0,0,0,0,43871.837890625,133378.92156982422,0,404327403520,8589930496,5928443904,114688
9,1791554252943,2500,2500,2500,2499,2499,2500,2500,2500,2499,2500,2499,2500,2500,2500,2500,2499,5.263157844543457,5,0,0,0,100,0,0,0,0,0,0,0,0,0,0,43872.008056640625,133379.2745361328,0,404327403520,8589930496,5928443904,114688
9,1791554252953,2500,2500,2500,2499,2499,2500,2500,2500,2499,2500,2499,2500,2500,2500,2500,2499,5.263157844543457,5,0,0,0,100,0,0,0,0,0,0,0,0,0,0,43872.164978027344,133379.58685302734,0,404327403520,8589930496,5928443904,114688
9,1791554252963,2500,2500,2500,2499,2499,2500,2500,2500,2499,2500,2499,2500,2500,2500,2500,2499,5.263157844543457,5,0,0,0,100,0,0,0,0,0,0,0,0,0,0,43872.3193359375,133379.9002685547,0,404327403520,8589930496,5928443904,114688
9,1791554252973,2500,2500,2500,2499,2499,2500,2500,2500,2499,2500,2499,2500,2500,2500,2500,2499,10,0,0,0,0,100,0,0,5,0,0,0,0,0,0,0,43872.473083496094,133380.21697998047,0,404327403520,8589930496,5928443904,114688
9,1791554252983,2500,2500,2500,2499,2499,2500,2500,2500,2499,2500,2499,2500,2500,2500,2500,2499,10,0,0,0,0,100,0,0,5,0,0,0,0,0,0,0,43872.62854003906,133380.53826904297,0,404327403520,8589930496,5928443904,114688
10,1791554252993,2500,2500,2500,2499,2499,2500,2500,2500,2499,2500,2499,2500,2500,2500,2500,2499,10,0,0,0,0,100,0,0,5,0,0,0,0,0,0,0,43872.779846191406,133380.8546142578,0,404327403520,8589930496,5928443904,114688
9,1791554253003,2500,2500,2500,2499,2499,2500,2500,2500,2499,2500,2499,2500,2500,2500,2500,2499,10,0,0,0,0,100,0,0,5,0,0,0,0,0,0,0,43872.939514160156,133381.177734375,0,404327403520,8589930496,5928443904,114688
10,1791554253014,2500,2500,2500,2499,2499,2500,2500,2500,2499,2500,2499,2500,2500,2500,2500,2499,10,0,0,0,0,100,0,0,5,0,0,0,0,0,0,0,43873.093505859375,133381.49615478516,0,404327403520,8589930496,5928443904,114688
10,1791554253024,2500,2500,2500,2499,2499,2500,2500,2500,2499,2500,2499,2500,2500,2500,2500,2499,10,0,0,0,0,100,0,0,5,0,0,0,0,0,0,0,43873.24383544922,133381.81243896484,0,404327403520,8589930496,5928443904,114688
9,1791554253034,2500,2500,2500,2499,2499,2500,2500,2500,2499,2500,2499,2500,2500,2500,2500,2499,10,0,0,0,0,100,0,0,5,0,0,0,0,0,0,0,43873.39910888672,133382.13189697266,0,404327403520,8589930496,5928443904,114688
9,1791554253044,2500,2500,2500,2499,2499,2500,2500,2500,2499,2500,2499,2500,2500,2500,2500,2499,10,0,0,0,0,100,0,0,5,0,0,0,0,0,0,0,43873.55255126953,133382.45178222656,0,404327403520,8589930496,5928443904,114688
10,1791554253054,2500,2500,2500,2499,2499,2500,2500,2500,2499,2500,2499,2500,2500,2500,2500,2499,10,0,0,0,0,100,0,0,5,0,0,0,0,0,0,0,43873.70343017578,133382.77709960938,0,404327403520,8589930496,5928443904,114688
9,1791554253064,2500,2500,2500,2499,2499,2500,2500,2500,2499,2500,2499,2500,2500,2500,2500,2499,10,0,0,0,0,100,0,0,5,0,0,0,0,0,0,0,43873.85925292969,133383.0994873047,0,404327403520,8589930496,5928443904,114688
10,1791554253074,2500,2500,2500,2499,2499,2500,2500,2500,2499,2500,2499,2500,2500,2500,2500,2499,10,0,0,0,0,100,0,0,5,0,0,0,0,0,0,0,43874.01434326172,133383.41766357422,0,404327403520,8589930496,5928443904,114688
9,1791554253084,2500,2500,2500,2499,2499,2500,2500,2500,2499,2500,2499,2500,2500,2500,2500,2499,10,0,0,0,0,100,0,0,5,0,0,0,0,0,0,0,43874.17395019531,133383.73651123047,0,404327403520,8589930496,5928443904,114688
9,1791554253094,2500,2500,2500,2499,2499,2500,2500,2500,2499,2500,2499,2500,2500,2500,2500,2499,10,0,0,0,0,100,0,0,5,0,0,0,0,0,0,0,43874.34460449219,133384.0909423828,0,404327403520,8589930496,5928443904,114688
9,1791554253104,2500,2500,2500,2499,2499,2500,2500,2500,2499,2500,2499,2500,2500,2500,2500,2499,10,0,0,0,0,100,0,0,5,0,0,0,0,0,0,0,43874.49530029297,133384.40802001953,0,404327403520,8589930496,5919670272,114688
10,1791554253114,2500,2500,2500,2499,2499,2500,2500,2500,2499,2500,2499,2500,2500,2500,2500,2499,10,0,0,0,0,100,0,0,5,0,0,0,0,0,0,0,43874.633728027344,133384.6908569336,0,404327403520,8589930496,5919670272,114688
9,1791554253124,2500,2500,2500,2499,2499,2500,2500,2500,2499,2500,2499,2500,2500,2500,2500,2499,10,0,0,0,0,100,0,0,5,0,0,0,0,0,0,0,43874.801818847656,133385.0385131836,0,404327403520,8589930496,5919670272,114688
9,1791554253134,2500,2500,2500,2499,2499,2500,2500,2500,2499,2500,2499,2500,2500,2500,2500,2499,10,0,0,0,0,100,0,0,5,0,0,0,0,0,0,0,43874.955627441406,133385.35552978516,0,404327403520,8589930496,5919670272,114688
9,1791554253145,2500,2500,2500,2499,2499,2500,2500,2500,2499,2500,2499,2500,2500,2500,2500,2499,10,0,0,0,0,100,0,0,5,0,0,0,0,0,0,0,43875.108154296875,133385.6724243164,0,404327403520,8589930496,5919670272,114688
10,1791554253155,2500,2500,2500,2499,2499,2500,2500,2500,2499,2500,2499,2500,2500,2500,2500,2499,10,0,0,0,0,100,0,0,5,0,0,0,0,0,0,0,43875.26629638672,133385.9888305664,0,404327403520,8589930496,5919670272,114688
9,1791554253165,2500,2500,2500,2499,2499,2500,2500,2500,2499,2500,2499,2500,2500,2500,2500,2499,10,0,0,0,0,100,0,0,5,0,0,0,0,0,0,0,43875.423767089844,133386.30389404297,0,404327403520,8589930496,5919285248,114688
9,1791554253175,2500,2500,2500,2499,2499,2500,2500,2500,2499,2500,2499,2500,2500,2500,2500,2499,9.523809432983398,0,0,0,0,100,0,0,0,0,0,0,0,0,0,0,43875.57891845703,133386.6219482422,0,404327403520,8589930496,5919285248,114688
9,1791554253185,2500,2500,2500,2499,2499,2500,2500,2500,2499,2500,2499,2500,2500,2500,2500,2499,9.523809432983398,0,0,0,0,100,0,0,0,0,0,0,0,0,0,0,43875.73767089844,133386.93841552734,0,404327403520,8589930496,5919285248,114688
9,1791554253195,2500,2500,2500,2499,2499,2500,2500,2500,2499,2500,2499,2500,2500,2500,2500,2499,9.523809432983398,0,0,0,0,100,0,0,0,0,0,0,0,0,0,0,43875.893127441406,133387.25689697266,0,404327403520,8589930496,5919285248,114688
9,1791554253205,2500,2500,2500,2499,2499,2500,2500,2500,2499,2500,2499,2500,2500,2500,2500,2499,9.523809432983398,0,0,0,0,100,0,0,0,0,0,0,0,0,0,0,43876.048767089844,133387.5711669922,0,404327403520,8589930496,5919285248,114688
9,1791554253215,2500,2500,2500,2499,2499,2500,2500,2500,2499,2500,2499,2500,2500,2500,2500,2499,9.523809432983398,0,0,0,0,100,0,0,0,0,0,0,0,0,0,0,43876.2060546875,133387.8868408203,0,404327403520,8589930496,5919285248,114688
9,1791554253225,2500,2500,2500,2499,2499,2500,2500,2500,2499,2500,2499,2500,2500,2500,2500,2499,9.523809432983398,0,0,0,0,100,0,0,0,0,0,0,0,0,0,0,43876.360412597656,133388.20574951172,0,404327403520,8589930496,5919285248,114688
9,1791554253235,2500,2500,2500,2499,2499,2500,2500,2500,2499,2500,2499,2500,2500,2500,2500,2499,9.523809432983398,0,0,0,0,100,0,0,0,0,0,0,0,0,0,0,43876.516052246094,133388.52081298828,0,404327403520,8589930496,5919285248,114688
9,1791554253245,2500,2500,2500,2499,2499,2500,2500,2500,2499,2500,2499,2500,2500,2500,2500,2499,9.523809432983398,0,0,0,0,100,0,0,0,0,0,0,0,0,0,0,43876.671142578125,133388.83868408203,0,404327403520,8589930496,5919285248,114688
10,1791554253255,2500,2500,2500,2499,2499,2500,2500,2500,2499,2500,2499,2500,2500,2500,2500,2499,9.523809432983398,0,0,0,0,100,0,0,0,0,0,0,0,0,0,0,43876.823303222656,133389.15618896484,0,404327403520,8589930496,5919285248,114688
10,1791554253265,2500,2500,2500,2499,2499,2500,2500,2500,2499,2500,2499,2500,2500,2500,2500,2499,9.523809432983398,0,0,0,0,100,0,0,0,0,0,0,0,0,0,0,43876.97912597656,133389.47241210938,0,404327403520,8589930496,5919285248,114688
9,1791554253275,2500,2500,2500,2499,2499,2500,2500,2500,2499,2500,2499,2500,2500,2500,2500,2499,9.523809432983398,0,0,0,0,100,0,0,0,0,0,0,0,0,0,0,43877.15069580078,133389.8208618164,0,404327403520,8589930496,5919285248,114688
10,1791554253285,2500,2500,2500,2499,2499,2500,2500,2500,2499,2500,2499,2500,2500,2500,2500,2499,9.523809432983398,0,0,0,0,100,0,0,0,0,0,0,0,0,0,0,43877.28839111328,133390.10906982422,0,404327403520,8589930496,5919285248,114688
9,1791554253296,2500,2500,2500,2499,2499,2500,2500,2500,2499,2500,2499,2500,2500,2500,2500,2499,9.523809432983398,0,0,0,0,100,0,0,0,0,0,0,0,0,0,0,43877.459411621094,133390.46228027344,0,404327403520,8589930496,5919285248,114688
9,1791554253306,2500,2500,2500,2499,2499,2500,2500,2500,2499,2500,2499,2500,2500,2500,2500,2499,9.523809432983398,0,0,0,0,100,0,0,0,0,0,0,0,0,0,0,43877.609924316406,133390.7772216797,0,404327403520,8589930496,5919285248,114688
10,1791554253316,2500,2500,2500,2499,2499,2500,2500,2500,2499,2500,2499,2500,2500,2500,2500,2499,9.523809432983398,0,0,0,0,100,0,0,0,0,0,0,0,0,0,0,43877.759826660156,133391.09216308594,0,404327403520,8589930496,5919285248,114688
9,1791554253326,2500,2500,2500,2499,2499,2500,2500,2500,2499,2500,2499,2500,2500,2500,2500,2499,9.523809432983398,0,0,0,0,100,0,0,0,0,0,0,0,0,0,0,43877.91345214844,133391.4097290039,0,404327403520,8589930496,5919285248,114688
9,1791554253336,2500,2500,2500,2499,2499,2500,2500,2500,2499,2500,2499,2500,2500,2500,2500,2499,9.523809432983398,0,0,0,0,100,0,0,0,0,0,0,0,0,0,0,43878.064697265625,133391.7240600586,0,404327403520,8589930496,5919285248,114688
9,1791554253346,2500,2500,2500,2499,2499,2500,2500,2500,2499,2500,2499,2500,2500,2500,2500,2499,9.523809432983398,0,0,0,0,100,0,0,0,0,0,0,0,0,0,0,43878.218505859375,133392.0474243164,0,404327403520,8589930496,5919285248,114688
9,1791554253356,2500,2500,2500,2499,2499,2500,2500,2500,2499,2500,2499,2500,2500,2500,2500,2499,9.523809432983398,0,0,0,0,100,0,0,0,0,0,0,0,0,0,0,43878.3701171875,133392.36938476563,0,404327403520,8589930496,5919285248,114688
9,1791554253366,2500,2500,2500,2499,2499,2500,2500,2500,2499,2500,2499,2500,2500,2500,2500,2499,9.523809432983398,0,0,0,0,100,0,0,0,0,0,0,0,0,0,0,43878.523010253906,133392.68756103516,0,404327403520,8589930496,5919285248,114688
9,1791554253376,2500,2500,2500,2499,2499,2500,2500,2500,2499,2500,2499,2500,2500,2500,2500,2499,5.263157844543457,0,0,0,0,100,0,0,0,0,0,0,0,0,0,0,43878.676818847656,133393.00555419922,0,404327403520,8589930496,5919285248,114688
9,1791554253386,2500,2500,2500,2499,2499,2500,2500,2500,2499,2500,2499,2500,2500,2500,2500,2499,5.263157844543457,0,0,0,0,100,0,0,0,0,0,0,0,0,0,0,43878.83135986328,133393.3250732422,0,404327403520,8589930496,5919285248,114688
9,1791554253396,2500,2500,2500,2499,2499,2500,2500,2500,2499,2500,2499,2500,2500,2500,2500,2499,5.263157844543457,0,0,0,0,100,0,0,0,0,0,0,0,0,0,0,43878.98388671875,133393.63385009766,0,404327403520,8589930496,5919285248,114688
9,1791554253406,2500,2500,2500,2499,2499,2500,2500,2500,2499,2500,2499,2500,2500,2500,2500,2499,5.263157844543457,0,0,0,0,100,0,0,0,0,0,0,0,0,0,0,43879.137939453125,133393.9521484375,0,404327403520,8589930496,5919285248,114688
9,1791554253416,2500,2500,2500,2499,2499,2500,2500,2500,2499,2500,2499,2500,2500,2500,2500,2499,5.263157844543457,0,0,0,0,100,0,0,0,0,0,0,0,0,0,0,43879.294860839844,133394.2744140625,0,404327403520,8589930496,5919285248,114688
9,1791554253427,2500,2500,2500,2499,2499,2500,2500,2500,2499,2500,2499,2500,2500,2500,2500,2499,5.263157844543457,0,0,0,0,100,0,0,0,0,0,0,0,0,0,0,43879.448303222656,133394.59356689453,0,404327403520,8589930496,5919285248,114688
9,1791554253437,2500,2500,2500,2499,2499,2500,2500,2500,2499,2500,2499,2500,2500,2500,2500,2499,5.263157844543457,0,0,0,0,100,0,0,0,0,0,0,0,0,0,0,43879.59423828125,133394.90802001953,0,404327403520,8589930496,5919285248,114688
10,1791554253447,2500,2500,2500,2499,2499,2500,2500,2500,2499,2500,2499,2500,2500,2500,2500,2499,5.263157844543457,0,0,0,0,100,0,0,0,0,0,0,0,0,0,0,43879.75225830078,133395.22076416016,0,404327403520,8589930496,5919285248,114688
9,1791554253457,2500,2500,2500,2499,2499,2500,2500,2500,2499,2500,2499,2500,2500,2500,2500,2499,5.263157844543457,0,0,0,0,100,0,0,0,0,0,0,0,0,0,0,43879.923278808594,133395.5629272461,0,404327403520,8589930496,5919285248,114688
9,1791554253467,2500,2500,2500,2499,2499,2500,2500,2500,2499,2500,2499,2500,2500,2500,2500,2499,5.263157844543457,0,0,0,0,100,0,0,0,0,0,0,0,0,0,0,43880.059143066406,133395.85052490234,0,404327403520,8589930496,5919285248,114688
9,1791554253477,2500,2500,2500,2499,2499,2500,2500,2500,2499,2500,2499,2500,2500,2500,2500,2499,5.263157844543457,0,0,0,0,100,0,0,0,0,0,0,0,0,0,0,43880.23254394531,133396.20153808594,0,404327403520,8589930496,5919285248,114688
9,1791554253487,2500,2500,2500,2499,2499,2500,2500,2500,2499,2500,2499,2500,2500,2500,2500,2499,5.263157844543457,0,0,0,0,100,0,0,0,0,0,0,0,0,0,0,43880.384521484375,133396.51922607422,0,404327403520,8589930496,5919285248,114688
9,1791554253497,2500,2500,2500,2499,2499,2500,2500,2500,2499,2500,2499,2500,2500,2500,2500,2499,5.263157844543457,0,0,0,0,100,0,0,0,0,0,0,0,0,0,0,43880.54327392578,133396.83862304688,0,404327403520,8589930496,5919285248,114688
10,1791554253507,2500,2500,2500,2499,2499,2500,2500,2500,2499,2500,2499,2500,2500,2500,2500,2499,5.263157844543457,0,0,0,0,100,0,0,0,0,0,0,0,0,0,0,43880.69543457031,133397.15771484375,0,404327403520,8589930496,5919285248,114688
10,1791554253517,2500,2500,2500,2499,2499,2500,2500,2500,2499,2500,2499,2500,2500,2500,2500,2499,5.263157844543457,0,0,0,0,100,0,0,0,0,0,0,0,0,0,0,43880.84649658203,133397.46966552734,0,404327403520,8589930496,5919285248,114688
9,1791554253527,2500,2500,2500,2499,2499,2500,2500,2500,2499,2500,2499,2500,2500,2500,2500,2499,5.263157844543457,0,0,0,0,100,0,0,0,0,0,0,0,0,0,0,43881.0107421875,133397.78814697266,0,404327403520,8589930496,5919285248,114688
9,1791554253537,2500,2500,2500,2499,2499,2500,2500,2500,2499,2500,2499,2500,2500,2500,2500,2499,5.263157844543457,0,0,0,0,100,0,0,0,0,0,0,0,0,0,0,43881.16662597656,133398.10736083984,0,404327403520,8589930496,5919285248,114688
9,1791554253547,2500,2500,2500,2499,2499,2500,2500,2500,2499,2500,2499,2500,2500,2500,2500,2499,5.263157844543457,0,0,0,0,100,0,0,0,0,0,0,0,0,0,0,43881.322998046875,133398.4210205078,0,404327403520,8589930496,5919285248,114688
9,1791554253557,2500,2500,2500,2499,2499,2500,2500,2500,2499,2500,2499,2500,2500,2500,2500,2499,5.263157844543457,0,0,0,0,100,0,0,0,0,0,0,0,0,0,0,43881.47772216797,133398.7417602539,0,404327403520,8589930496,5919285248,114688
10,1791554253567,2500,2500,2500,2499,2499,2500,2500,2500,2499,2500,2499,2500,2500,2500,2500,2499,5.263157844543457,0,0,0,0,100,0,0,0,0,0,0,0,0,0,0,43881.63458251953,133399.0584716797,0,404327403520,8589930496,5919285248,114688
9,1791554253578,2500,2500,2500,2499,2499,2500,2500,2500,2499,2500,2499,2500,2500,2500,2500,2499,10,0,0,0,0,100,0,0,0,0,0,0,0,0,0,0,43881.79150390625,133399.3740234375,0,404327403520,8589930496,5919285248,114688
9,1791554253588,2500,2500,2500,2499,2499,2500,2500,2500,2499,2500,2499,2500,2500,2500,2500,2499,10,0,0,0,0,100,0,0,0,0,0,0,0,0,0,0,43881.94366455078,133399.6898803711,0,404327403520,8589930496,5919285248,114688
10,1791554253598,2500,2500,2500,2499,2499,2500,2500,2500,2499,2500,2499,2500,2500,2500,2500,2499,10,0,0,0,0,100,0,0,0,0,0,0,0,0,0,0,43882.09948730469,133400.00317382813,0,404327403520,8589930496,5919285248,114688
9,1791554253608,2500,2500,2500,2499,2499,2500,2500,2500,2499,2500,2499,2500,2500,2500,2500,2499,10,0,0,0,0,100,0,0,0,0,0,0,0,0,0,0,43882.25128173828,133400.31518554688,0,404327403520,8589930496,5919285248,114688
9,1791554253618,2500,2500,2500,2499,2499,2500,2500,2500,2499,2500,2499,2500,2500,2500,2500,2499,10,0,0,0,0,100,0,0,0,0,0,0,0,0,0,0,43882.42266845703,133400.6630859375,0,404327403520,8589930496,5919285248,114688
9,1791554253628,2500,2500,2500,2499,2499,2500,2500,2500,2499,2500,2499,2500,2500,2500,2500,2499,10,0,0,0,0,100,0,0,0,0,0,0,0,0,0,0,43882.5751953125,133400.97900390625,0,404327403520,8589930496,5919285248,114688
9,1791554253638,2500,2500,2500,2499,2499,2500,2500,2500,2499,2500,2499,2500,2500,2500,2500,2499,10,0,0,0,0,100,0,0,0,0,0,0,0,0,0,0,43882.7275390625,133401.29040527344,0,404327403520,8589930496,5919285248,114688
9,1791554253648,2500,2500,2500,2499,2499,2500,2500,2500,2499,2500,2499,2500,2500,2500,2500,2499,10,0,0,0,0,100,0,0,0,0,0,0,0,0,0,0,43882.88006591797,133401.609375,0,404327403520,8589930496,5919285248,114688
9,1791554253658,2500,2500,2500,2499,2499,2500,2500,2500,2499,2500,2499,2500,2500,2500,2500,2499,10,0,0,0,0,100,0,0,0,0,0,0,0,0,0,0,43883.035705566406,133401.92755126953,0,404327403520,8589930496,5919285248,114688
9,1791554253668,2500,2500,2500,2499,2499,2500,2500,2500,2499,2500,2499,2500,2500,2500,2500,2499,10,0,0,0,0,100,0,0,0,0,0,0,0,0,0,0,43883.18603515625,133402.24841308594,0,404327403520,8589930496,5919285248,114688
10,1791554253678,2500,2500,2500,2499,2499,2500,2500,2500,2499,2500,2499,2500,2500,2500,2500,2499,10,0,0,0,0,100,0,0,0,0,0,0,0,0,0,0,43883.341552734375,133402.5643310547,0,404327403520,8589930496,5919285248,114688
10,1791554253688,2500,2500,2500,2499,2499,2500,2500,2500,2499,2500,2499,2500,2500,2500,2500,2499,10,0,0,0,0,100,0,0,0,0,0,0,0,0,0,0,43883.495178222656,133402.8823852539,0,404327403520,8589930496,5919285248,114688
9,1791554253698,2500,2500,2500,2499,2499,2500,2500,2500,2499,2500,2499,2500,2500,2500,2500,2499,10,0,0,0,0,100,0,0,0,0,0,0,0,0,0,0,43883.644592285156,133403.20092773438,0,404327403520,8589930496,5919285248,114688
9,1791554253708,2500,2500,2500,2499,2499,2500,2500,2500,2499,2500,2499,2500,2500,2500,2500,2499,10,0,0,0,0,100,0,0,0,0,0,0,0,0,0,0,43883.80041503906,133403.51861572266,0,404327403520,8589930496,5919285248,114688
9,1791554253719,2500,2500,2500,2499,2499,2500,2500,2500,2499,2500,2499,2500,2500,2500,2500,2499,10,0,0,0,0,100,0,0,0,0,0,0,0,0,0,0,43883.96044921875,133403.83825683594,0,404327403520,8589930496,5919285248,114688
9,1791554253729,2500,2500,2500,2499,2499,2500,2500,2500,2499,2500,2499,2500,2500,2500,2500,2499,10,0,0,0,0,100,0,0,0,0,0,0,0,0,0,0,43884.11315917969,133404.1576538086,0,404327403520,8589930496,5919285248,114688
9,1791554253739,2500,2500,2500,2499,2499,2500,2500,2500,2499,2500,2499,2500,2500,2500,2500,2499,10,0,0,0,0,100,0,0,0,0,0,0,0,0,0,0,43884.26788330078,133404.47564697266,0,404327403520,8589930496,5919285248,114688
9,1791554253749,2500,2500,2500,2499,2499,2500,2500,2500,2499,2500,2499,2500,2500,2500,2500,2499,10,0,0,0,0,100,0,0,0,0,0,0,0,0,0,0,43884.42150878906,133404.79205322266,0,404327403520,8589930496,5919285248,114688
9,1791554253759,2500,2500,2500,2499,2499,2500,2500,2500,2499,2500,2499,2500,2500,2500,2500,2499,10,0,0,0,0,100,0,0,0,0,0,0,0,0,0,0,43884.572204589844,133405.10778808594,0,404327403520,8589930496,5919285248,114688
9,1791554253769,2500,2500,2500,2499,2499,2500,2500,2500,2499,2500,2499,2500,2500,2500,2500,2499,10,0,0,0,0,100,0,0,0,0,0,0,0,0,0,0,43884.72491455078,133405.42517089844,0,404327403520,8589930496,5919285248,114688
9,1791554253779,2500,2500,2500,2499,2499,2500,2500,2500,2499,2500,2499,2500,2500,2500,2500,2499,5.263157844543457,5,0,0,0,100,0,0,5,0,0,0,0,0,0,0,43884.89862060547,133405.77307128906,0,404327403520,8589930496,5919285248,114688
9,1791554253789,2500,2500,2500,2499,2499,2500,2500,2500,2499,2500,2499,2500,2500,2500,2500,2499,5.263157844543457,5,0,0,0,100,0,0,5,0,0,0,0,0,0,0,43885.0361328125,133406.06323242188,0,404327403520,8589930496,5919285248,114688
10,1791554253799,2500,2500,2500,2499,2499,2500,2500,2500,2499,2500,2499,2500,2500,2500,2500,2499,5.263157844543457,5,0,0,0,100,0,0,5,0,0,0,0,0,0,0,43885.202575683594,133406.40625,0,404327403520,8589930496,5919285248,114688
9,1791554253809,2500,2500,2500,2499,2499,2500,2500,2500,2499,2500,2499,2500,2500,2500,2500,2499,5.263157844543457,5,0,0,0,100,0,0,5,0,0,0,0,0,0,0,43885.354919433594,133406.7293701172,0,404327403520,8589930496,5919285248,114688
9,1791554253819,2500,2500,2500,2499,2499,2500,2500,2500,2499,2500,2499,2500,2500,2500,2500,2499,5.263157844543457,5,0,0,0,100,0,0,5,0,0,0,0,0,0,0,43885.50927734375,133407.04846191406,0,404327403520,8589930496,5919285248,114688
10,1791554253829,2500,2500,2500,2499,2499,2500,2500,2500,2499,2500,2499,2500,2500,2500,2500,2499,5.263157844543457,5,0,0,0,100,0,0,5,0,0,0,0,0,0,0,43885.661071777344,133407.36364746094,0,404327403520,8589930496,5919285248,114688
9,1791554253839,2500,2500,2500,2499,2499,2500,2500,2500,2499,2500,2499,2500,2500,2500,2500,2499,5.263157844543457,5,0,0,0,100,0,0,5,0,0,0,0,0,0,0,43885.80938720703,133407.6840209961,0,404327403520,8589930496,5919285248,114688
9,1791554253849,2500,2500,2500,2499,2499,2500,2500,2500,2499,2500,2499,2500,2500,2500,2500,2499,5.263157844543457,5,0,0,0,100,0,0,5,0,0,0,0,0,0,0,43885.96484375,133408.00067138672,0,404327403520,8589930496,5919285248,114688
10,1791554253860,2500,2500,2500,2499,2499,2500,2500,2500,2499,2500,2499,2500,2500,2500,2500,2499,5.263157844543457,5,0,0,0,100,0,0,5,0,0,0,0,0,0,0,43886.11737060547,133408.31689453125,0,404327403520,8589930496,5919285248,114688
9,1791554253870,2500,2500,2500,2499,2499,2500,2500,2500,2499,2500,2499,2500,2500,2500,2500,2499,5.263157844543457,5,0,0,0,100,0,0,5,0,0,0,0,0,0,0,43886.270446777344,133408.63568115234,0,404327403520,8589930496,5919285248,114688
9,1791554253880,2500,2500,2500,2499,2499,2500,2500,2500,2499,2500,2499,2500,2500,2500,2500,2499,5.263157844543457,5,0,0,0,100,0,0,5,0,0,0,0,0,0,0,43886.42169189453,133408.95111083984,0,404327403520,8589930496,5919285248,114688
9,1791554253890,2500,2500,2500,2499,2499,2500,2500,2500,2499,2500,2499,2500,2500,2500,2500,2499,5.263157844543457,5,0,0,0,100,0,0,5,0,0,0,0,0,0,0,43886.576599121094,133409.26336669922,0,404327403520,8589930496,5919285248,114688
10,1791554253900,2500,2500,2500,2499,2499,2500,2500,2500,2499,2500,2499,2500,2500,2500,2500,2499,5.263157844543457,5,0,0,0,100,0,0,5,0,0,0,0,0,0,0,43886.733337402344,133409.58544921875,0,404327403520,8589930496,5919285248,114688
9,1791554253910,2500,2500,2500,2499,2499,2500,2500,2500,2499,2500,2499,2500,2500,2500,2500,2499,5.263157844543457,5,0,0,0,100,0,0,5,0,0,0,0,0,0,0,43886.89141845703,133409.9087524414,0,404327403520,8589930496,5919285248,114688
9,1791554253920,2500,2500,2500,2499,2499,2500,2500,2500,2499,2500,2499,2500,2500,2500,2500,2499,5.263157844543457,5,0,0,0,100,0,0,5,0,0,0,0,0,0,0,43887.046325683594,133410.22552490234,0,404327403520,8589930496,5919285248,114688
9,1791554253930,2500,2500,2500,2499,2499,2500,2500,2500,2499,2500,2499,2500,2500,2500,2500,2499,5.263157844543457,5,0,0,0,100,0,0,5,0,0,0,0,0,0,0,43887.218811035156,133410.57348632813,0,404327403520,8589930496,5919285248,114688
9,1791554253940,2500,2500,2500,2499,2499,2500,2500,2500,2499,2500,2499,2500,2500,2500,2500,2499,5.263157844543457,5,0,0,0,100,0,0,5,0,0,0,0,0,0,0,43887.366760253906,133410.89166259766,0,404327403520,8589930496,5919285248,114688
10,1791554253950,2500,2500,2500,2499,2499,2500,2500,2500,2499,2500,2499,2500,2500,2500,2500,2499,5.263157844543457,5,0,0,0,100,0,0,5,0,0,0,0,0,0,0,43887.50665283203,133411.17449951172,0,404327403520,8589930496,5919285248,114688
9,1791554253960,2500,2500,2500,2499,2499,2500,2500,2500,2499,2500,2499,2500,2500,2500,2500,2499,5.263157844543457,5,0,0,0,100,0,0,5,0,0,0,0,0,0,0,43887.67053222656,133411.52307128906,0,404327403520,8589930496,5919285248,114688
9,1791554253970,2500,2500,2500,2499,2499,2500,2500,2500,2499,2500,2499,2500,2500,2500,2500,2499,5.263157844543457,5,0,0,0,100,0,0,5,0,0,0,0,0,0,0,43887.823974609375,133411.84478759766,0,404327403520,8589930496,5919285248,114688
9,1791554253980,2500,2500,2500,2499,2499,2500,2500,2500,2499,2500,2499,2500,2500,2500,2500,2499,5,0,0,0,0,100,0,0,0,0,0,0,0,0,0,0,43887.98162841797,133412.15881347656,0,404327403520,8589930496,5919285248,114688
9,1791554253990,2500,2500,2500,2499,2499,2500,2500,2500,2499,2500,2499,2500,2500,2500,2500,2499,5,0,0,0,0,100,0,0,0,0,0,0,0,0,0,0,43888.137451171875,133412.47784423828,0,404327403520,8589930496,5919285248,114688
9,1791554254001,2500,2500,2500,2499,2499,2500,2500,2500,2499,2500,2499,2500,2500,2500,2500,2499,5,0,0,0,0,100,0,0,0,0,0,0,0,0,0,0,43888.28796386719,133412.7978515625,0,404327403520,8589930496,5919285248,114688
10,1791554254011,2500,2500,2500,2499,2499,2500,2500,2500,2499,2500,2499,2500,2500,2500,2500,2499,5,0,0,0,0,100,0,0,0,0,0,0,0,0,0,0,43888.43994140625,133413.1138305664,0,404327403520,8589930496,5919285248,114688
10,1791554254021,2500,2500,2500,2499,2499,2500,2500,2500,2499,2500,2499,2500,2500,2500,2500,2499,5,0,0,0,0,100,0,0,0,0,0,0,0,0,0,0,43888.59423828125,133413.431640625,0,404327403520,8589930496,5919285248,114688
9,1791554254031,2500,2500,2500,2499,2499,2500,2500,2500,2499,2500,2499,2500,2500,2500,2500,2499,5,0,0,0,0,100,0,0,0,0,0,0,0,0,0,0,43888.75183105469,133413.74829101563,0,404327403520,8589930496,5919285248,114688
9,1791554254041,2500,2500,2500,2499,2499,2500,2500,2500,2499,2500,2499,2500,2500,2500,2500,2499,5,0,0,0,0,100,0,0,0,0,0,0,0,0,0,0,43888.90106201172,133414.0770263672,0,404327403520,8589930496,5919285248,114688
9,1791554254051,2500,2500,2500,2499,2499,2500,2500,2500,2499,2500,2499,2500,2500,2500,2500,2499,5,0,0,0,0,100,0,0,0,0,0,0,0,0,0,0,43889.054931640625,133414.3978881836,0,404327403520,8589930496,5919285248,114688
9,1791554254061,2500,2500,2500,2499,2499,2500,2500,2500,2499,2500,2499,2500,2500,2500,2500,2499,5,0,0,0,0,100,0,0,0,0,0,0,0,0,0,0,43889.209716796875,133414.7166748047,0,404327403520,8589930496,5919285248,114688
9,1791554254071,2500,2500,2500,2499,2499,2500,2500,2500,2499,2500,2499,2500,2500,2500,2500,2499,5,0,0,0,0,100,0,0,0,0,0,0,0,0,0,0,43889.36553955078,133415.03009033203,0,404327403520,8589930496,5919285248,114688
9,1791554254081,2500,2500,2500,2499,2499,2500,2500,2500,2499,2500,2499,2500,2500,2500,2500,2499,5,0,0,0,0,100,0,0,0,0,0,0,0,0,0,0,43889.517333984375,133415.34130859375,0,404327403520,8589930496,5919285248,114688
10,1791554254091,2500,2500,2500,2499,2499,2500,2500,2500,2499,2500,2499,2500,2500,2500,2500,2499,5,0,0,0,0,100,0,0,0,0,0,0,0,0,0,0,43889.6689453125,133415.65838623047,0,404327403520,8589930496,5919285248,114688
9,1791554254101,2500,2500,2500,2499,2499,2500,2500,2500,2499,2500,2499,2500,2500,2500,2500,2499,5,0,0,0,0,100,0,0,0,0,0,0,0,0,0,0,43889.82238769531,133415.97302246094,0,404327403520,8589930496,5919285248,114688
10,1791554254111,2500,2500,2500,2499,2499,2500,2500,2500,2499,2500,2499,2500,2500,2500,2500,2499,5,0,0,0,0,100,0,0,0,0,0,0,0,0,0,0,43889.972900390625,133416.29150390625,0,404327403520,8589930496,5919285248,114688
10,1791554254121,2500,2500,2500,2499,2499,2500,2500,2500,2499,2500,2499,2500,2500,2500,2500,2499,5,0,0,0,0,100,0,0,0,0,0,0,0,0,0,0,43890.12579345703,133416.61199951172,0,404327403520,8589930496,5901361152,114688
9,1791554254132,2500,2500,2500,2499,2499,2500,2500,2500,2499,2500,2499,2500,2500,2500,2500,2499,5,0,0,0,0,100,0,0,0,0,0,0,0,0,0,0,43890.292236328125,133416.95831298828,0,404327403520,8589930496,5901361152,114688
10,1791554254141,2500,2500,2500,2499,2499,2500,2500,2500,2499,2500,2499,2500,2500,2500,2500,2499,5,0,0,0,0,100,0,0,0,0,0,0,0,0,0,0,43890.428283691406,133417.23907470703,0,404327403520,8589930496,5901361152,114688
10,1791554254152,2500,2500,2500,2499,2499,2500,2500,2500,2499,2500,2499,2500,2500,2500,2500,2499,5,0,0,0,0,100,0,0,0,0,0,0,0,0,0,0,43890.58905029297,133417.55737304688,0,404327403520,8589930496,5901361152,114688
9,1791554254162,2500,2500,2500,2499,2499,2500,2500,2500,2499,2500,2499,2500,2500,2500,2500,2499,5,0,0,0,0,100,0,0,0,0,0,0,0,0,0,0,43890.740661621094,133417.90991210938,0,404327403520,8589930496,5901361152,114688
9,1791554254172,2500,2500,2500,2499,2499,2500,2500,2500,2499,2500,2499,2500,2500,2500,2500,2499,5,0,0,0,0,100,0,0,0,0,0,0,0,0,0,0,43890.89697265625,133418.22100830078,0,404327403520,8589930496,5901361152,114688
9,1791554254182,2500,2500,2500,2499,2499,2500,2500,2500,2499,2500,2499,2500,2500,2500,2500,2499,10,0,0,0,0,100,0,0,0,0,0,0,0,0,0,0,43891.050231933594,133418.53485107422,0,404327403520,8589930496,5901361152,114688
9,1791554254192,2500,2500,2500,2499,2499,2500,2500,2500,2499,2500,2499,2500,2500,2500,2500,2499,10,0,0,0,0,100,0,0,0,0,0,0,0,0,0,0,43891.20861816406,133418.85095214844,0,404327403520,8589930496,5901361152,114688
10,1791554254202,2500,2500,2500,2499,2499,2500,2500,2500,2499,2500,2499,2500,2500,2500,2500,2499,10,0,0,0,0,100,0,0,0,0,0,0,0,0,0,0,43891.35546875,133419.1654663086,0,404327403520,8589930496,5901361152,114688
9,1791554254212,2500,2500,2500,2499,2499,2500,2500,2500,2499,2500,2499,2500,2500,2500,2500,2499,10,0,0,0,0,100,0,0,0,0,0,0,0,0,0,0,43891.50616455078,133419.47680664063,0,404327403520,8589930496,5901361152,114688
9,1791554254222,2500,2500,2500,2499,2499,2500,2500,2500,2499,2500,2499,2500,2500,2500,2500,2499,10,0,0,0,0,100,0,0,0,0,0,0,0,0,0,0,43891.65887451172,133419.79071044922,0,404327403520,8589930496,5901361152,114688
9,1791554254232,2500,2500,2500,2499,2499,2500,2500,2500,2499,2500,2499,2500,2500,2500,2500,2499,10,0,0,0,0,100,0,0,0,0,0,0,0,0,0,0,43891.81463623047,133420.10382080078,0,404327403520,8589930496,5901361152,114688
9,1791554254242,2500,2500,2500,2499,2499,2500,2500,2500,2499,2500,2499,2500,2500,2500,2500,2499,10,0,0,0,0,100,0,0,0,0,0,0,0,0,0,0,43891.96514892578,133420.4185180664,0,404327403520,8589930496,5901361152,114688
9,1791554254252,2500,2500,2500,2499,2499,2500,2500,2500,2499,2500,2499,2500,2500,2500,2500,2499,10,0,0,0,0,100,0,0,0,0,0,0,0,0,0,0,43892.12243652344,133420.73107910156,0,404327403520,8589930496,5901361152,114688
10,1791554254262,2500,2500,2500,2499,2499,2500,2500,2500,2499,2500,2499,2500,2500,2500,2500,2499,10,0,0,0,0,100,0,0,0,0,0,0,0,0,0,0,43892.27697753906,133421.04223632813,0,404327403520,8589930496,5901361152,114688
9,1791554254272,2500,2500,2500,2499,2499,2500,2500,2500,2499,2500,2499,2500,2500,2500,2500,2499,10,0,0,0,0,100,0,0,0,0,0,0,0,0,0,0,43892.44689941406,133421.38873291016,0,404327403520,8589930496,5901361152,114688
9,1791554254283,2500,2500,2500,2499,2499,2500,2500,2500,2499,2500,2499,2500,2500,2500,2500,2499,10,0,0,0,0,100,0,0,0,0,0,0,0,0,0,0,43892.59997558594,133421.7030029297,0,404327403520,8589930496,5901361152,114688
9,1791554254293,2500,2500,2500,2499,2499,2500,2500,2500,2499,2500,2499,2500,2500,2500,2500,2499,10,0,0,0,0,100,0,0,0,0,0,0,0,0,0,0,43892.75256347656,133422.01361083984,0,404327403520,8589930496,5901361152,114688
9,1791554254303,2500,2500,2500,2499,2499,2500,2500,2500,2499,2500,2499,2500,2500,2500,2500,2499,10,0,0,0,0,100,0,0,0,0,0,0,0,0,0,0,43892.90124511719,133422.3310546875,0,404327403520,8589930496,5901361152,114688
9,1791554254313,2500,2500,2500,2499,2499,2500,2500,2500,2499,2500,2499,2500,2500,2500,2500,2499,10,0,0,0,0,100,0,0,0,0,0,0,0,0,0,0,43893.056884765625,133422.64526367188,0,404327403520,8589930496,5901361152,114688
10,1791554254323,2500,2500,2500,2499,2499,2500,2500,2500,2499,2500,2499,2500,2500,2500,2500,2499,10,0,0,0,0,100,0,0,0,0,0,0,0,0,0,0,43893.21014404297,133422.96124267578,0,404327403520,8589930496,5901361152,114688
9,1791554254333,2500,2500,2500,2499,2499,2500,2500,2500,2499,2500,2499,2500,2500,2500,2500,2499,10,0,0,0,0,100,0,0,0,0,0,0,0,0,0,0,43893.36834716797,133423.27471923828,0,404327403520,8589930496,5901361152,114688
9,1791554254343,2500,2500,2500,2499,2499,2500,2500,2500,2499,2500,2499,2500,2500,2500,2500,2499,10,0,0,0,0,100,0,0,0,0,0,0,0,0,0,0,43893.525451660156,133423.59576416016,0,404327403520,8589930496,5901361152,114688
9,1791554254353,2500,2500,2500,2499,2499,2500,2500,2500,2499,2500,2499,2500,2500,2500,2500,2499,10,0,0,0,0,100,0,0,0,0,0,0,0,0,0,0,43893.67645263672,133423.9151611328,0,404327403520,8589930496,5901361152,114688
9,1791554254363,2500,2500,2500,2499,2499,2500,2500,2500,2499,2500,2499,2500,2500,2500,2500,2499,10,0,0,0,0,100,0,0,0,0,0,0,0,0,0,0,43893.82733154297,133424.23895263672,0,404327403520,8589930496,5901361152,114688
10,1791554254373,2500,2500,2500,2499,2499,2500,2500,2500,2499,2500,2499,2500,2500,2500,2500,2499,10,0,0,0,0,100,0,0,0,0,0,0,0,0,0,0,43893.980041503906,133424.55450439453,0,404327403520,8589930496,5901361152,114688
9,1791554254383,2500,2500,2500,2499,2499,2500,2500,2500,2499,2500,2499,2500,2500,2500,2500,2499,14.285715103149414,5,0,0,0,100,0,0,0,0,0,0,0,0,0,0,43894.135192871094,133424.87286376953,0,404327403520,8589930496,5901361152,114688
9,1791554254393,2500,2500,2500,2499,2499,2500,2500,2500,2499,2500,2499,2500,2500,2500,2500,2499,14.285715103149414,5,0,0,0,100,0,0,0,0,0,0,0,0,0,0,43894.29376220703,133425.18579101563,0,404327403520,8589930496,5901361152,114688
9,1791554254403,2500,2500,2500,2499,2499,2500,2500,2500,2499,2500,2499,2500,2500,2500,2500,2499,14.285715103149414,5,0,0,0,100,0,0,0,0,0,0,0,0,0,0,43894.44812011719,133425.50067138672,0,404327403520,8589930496,5901361152,114688
9,1791554254414,2500,2500,2500,2499,2499,2500,2500,2500,2499,2500,2499,2500,2500,2500,2500,2499,14.285715103149414,5,0,0,0,100,0,0,0,0,0,0,0,0,0,0,43894.59503173828,133425.8130493164,0,404327403520,8589930496,5901361152,114688
10,1791554254423,2500,2500,2500,2499,2499,2500,2500,2500,2499,2500,2499,2500,2500,2500,2500,2499,14.285715103149414,5,0,0,0,100,0,0,0,0,0,0,0,0,0,0,43894.75817871094,133426.12536621094,0,404327403520,8589930496,5901361152,114688
9,1791554254434,2500,2500,2500,2499,2499,2500,2500,2500,2499,2500,2499,2500,2500,2500,2500,2499,14.285715103149414,5,0,0,0,100,0,0,0,0,0,0,0,0,0,0,43894.93151855469,133426.470703125,0,404327403520,8589930496,5901361152,114688
9,1791554254444,2500,2500,2500,2499,2499,2500,2500,2500,2499,2500,2499,2500,2500,2500,2500,2499,14.285715103149414,5,0,0,0,100,0,0,0,0,0,0,0,0,0,0,43895.069580078125,133426.75634765625,0,404327403520,8589930496,5901361152,114688
10,1791554254454,2500,2500,2500,2499,2499,2500,2500,2500,2499,2500,2499,2500,2500,2500,2500,2499,14.285715103149414,5,0,0,0,100,0,0,0,0,0,0,0,0,0,0,43895.22705078125,133427.0684814453,0,404327403520,8589930496,5901361152,114688
10,1791554254464,2500,2500,2500,2499,2499,2500,2500,2500,2499,2500,2499,2500,2500,2500,2500,2499,14.285715103149414,5,0,0,0,100,0,0,0,0,0,0,0,0,0,0,43895.397216796875,133427.41912841797,0,404327403520,8589930496,5901361152,114688
10,1791554254474,2500,2500,2500,2499,2499,2500,2500,2500,2499,2500,2499,2500,2500,2500,2500,2499,14.285715103149414,5,0,0,0,100,0,0,0,0,0,0,0,0,0,0,43895.551208496094,133427.73919677734,0,404327403520,8589930496,5901361152,114688
9,1791554254484,2500,2500,2500,2499,2499,2500,2500,2500,2499,2500,2499,2500,2500,2500,2500,2499,14.285715103149414,5,0,0,0,100,0,0,0,0,0,0,0,0,0,0,43895.695861816406,133428.05841064453,0,404327403520,8589930496,5901361152,114688
9,1791554254494,2500,2500,2500,2499,2499,2500,2500,2500,2499,2500,2499,2500,2500,2500,2500,2499,14.285715103149414,5,0,0,0,100,0,0,0,0,0,0,0,0,0,0,43895.84747314453,133428.37524414063,0,404327403520,8589930496,5901361152,114688
9,1791554254504,2500,2500,2500,2499,2499,2500,2500,2500,2499,2500,2499,2500,2500,2500,2500,2499,14.285715103149414,5,0,0,0,100,0,0,0,0,0,0,0,0,0,0,43896.00036621094,133428.6968383789,0,404327403520,8589930496,5901361152,114688
9,1791554254514,2500,2500,2500,2499,2499,2500,2500,2500,2499,2500,2499,2500,2500,2500,2500,2499,14.285715103149414,5,0,0,0,100,0,0,0,0,0,0,0,0,0,0,43896.157653808594,133429.0093383789,0,404327403520,8589930496,5901361152,114688
9,1791554254524,2500,2500,2500,2499,2499,2500,2500,2500,2499,2500,2499,2500,2500,2500,2500,2499,14.285715103149414,5,0,0,0,100,0,0,0,0,0,0,0,0,0,0,43896.3134765625,133429.32427978516,0,404327403520,8589930496,5901361152,114688
9,1791554254534,2500,2500,2500,2499,2499,2500,2500,2500,2499,2500,2499,2500,2500,2500,2500,2499,14.285715103149414,5,0,0,0,100,0,0,0,0,0,0,0,0,0,0,43896.46759033203,133429.64294433594,0,404327403520,8589930496,5901361152,114688
9,1791554254544,2500,2500,2500,2499,2499,2500,2500,2500,2499,2500,2499,2500,2500,2500,2500,2499,14.285715103149414,5,0,0,0,100,0,0,0,0,0,0,0,0,0,0,43896.61846923828,133429.95678710938,0,404327403520,8589930496,5901361152,114688
10,1791554254554,2500,2500,2500,2499,2499,2500,2500,2500,2499,2500,2499,2500,2500,2500,2500,2499,14.285715103149414,5,0,0,0,100,0,0,0,0,0,0,0,0,0,0,43896.77453613281,133430.27392578125,0,404327403520,8589930496,5901361152,114688
10,1791554254564,2500,2500,2500,2499,2499,2500,2500,2500,2499,2500,2499,2500,2500,2500,2500,2499,14.285715103149414,5,0,0,0,100,0,0,0,0,0,0,0,0,0,0,43896.93524169922,133430.59161376953,0,404327403520,8589930496,5901361152,114688
10,1791554254575,2500,2500,2500,2499,2499,2500,2500,2500,2499,2500,2499,2500,2500,2500,2500,2499,14.285715103149414,5,0,0,0,100,0,0,0,0,0,0,0,0,0,0,43897.08996582031,133430.90362548828,0,404327403520,8589930496,5901361152,114688
9,1791554254585,2500,2500,2500,2499,2499,2500,2500,2500,2499,2500,2499,2500,2500,2500,2500,2499,5.263157844543457,0,0,5,0,100,0,0,0,0,0,0,0,0,0,0,43897.24249267578,133431.2218017578,0,404327403520,8589930496,5901361152,114688
9,1791554254595,2500,2500,2500,2499,2499,2500,2500,2500,2499,2500,2499,2500,2500,2500,2500,2499,5.263157844543457,0,0,5,0,100,0,0,0,0,0,0,0,0,0,0,43897.411865234375,133431.57135009766,0,404327403520,8589930496,5901361152,114688
9,1791554254605,2500,2500,2500,2499,2499,2500,2500,2500,2499,2500,2499,2500,2500,2500,2500,2499,5.263157844543457,0,0,5,0,100,0,0,0,0,0,0,0,0,0,0,43897.553771972656,133431.86138916016,0,404327403520,8589930496,5901361152,114688
9,1791554254615,2500,2500,2500,2499,2499,2500,2500,2500,2499,2500,2499,2500,2500,2500,2500,2499,5.263157844543457,0,0,5,0,100,0,0,0,0,0,0,0,0,0,0,43897.723693847656,133432.2105102539,0,404327403520,8589930496,5901361152,114688
9,1791554254625,2500,2500,2500,2499,2499,2500,2500,2500,2499,2500,2499,2500,2500,2500,2500,2499,5.263157844543457,0,0,5,0,100,0,0,0,0,0,0,0,0,0,0,43897.864318847656,133432.49395751953,0,404327403520,8589930496,5901361152,114688
9,1791554254635,2500,2500,2500,2499,2499,2500,2500,2500,2499,2500,2499,2500,2500,2500,2500,2499,5.263157844543457,0,0,5,0,100,0,0,0,0,0,0,0,0,0,0,43898.03076171875,133432.83862304688,0,404327403520,8589930496,5901361152,114688
9,1791554254645,2500,2500,2500,2499,2499,2500,2500,2500,2499,2500,2499,2500,2500,2500,2500,2499,5.263157844543457,0,0,5,0,100,0,0,0,0,0,0,0,0,0,0,43898.182556152344,133433.15252685547,0,404327403520,8589930496,5901361152,114688
9,1791554254655,2500,2500,2500,2499,2499,2500,2500,2500,2499,2500,2499,2500,2500,2500,2500,2499,5.263157844543457,0,0,5,0,100,0,0,0,0,0,0,0,0,0,0,43898.33251953125,133433.46813964844,0,404327403520,8589930496,5901361152,114688
9,1791554254665,2500,2500,2500,2499,2499,2500,2500,2500,2499,2500,2499,2500,2500,2500,2500,2499,5.263157844543457,0,0,5,0,100,0,0,0,0,0,0,0,0,0,0,43898.48718261719,133433.78515625,0,404327403520,8589930496,5901361152,114688
9,1791554254675,2500,2500,2500,2499,2499,2500,2500,2500,2499,2500,2499,2500,2500,2500,2500,2499,5.263157844543457,0,0,5,0,100,0,0,0,0,0,0,0,0,0,0,43898.643310546875,133434.10357666016,0,404327403520,8589930496,5901361152,114688
9,1791554254685,2500,2500,2500,2499,2499,2500,2500,2500,2499,2500,2499,2500,2500,2500,2500,2499,5.263157844543457,0,0,5,0,100,0,0,0,0,0,0,0,0,0,0,43898.800048828125,133434.42211914063,0,404327403520,8589930496,5901361152,114688
9,1791554254696,2500,2500,2500,2499,2499,2500,2500,2500,2499,2500,2499,2500,2500,2500,2500,2499,5.263157844543457,0,0,5,0,100,0,0,0,0,0,0,0,0,0,0,43898.95715332031,133434.73406982422,0,404327403520,8589930496,5901361152,114688
9,1791554254706,2500,2500,2500,2499,2499,2500,2500,2500,2499,2500,2499,2500,2500,2500,2500,2499,5.263157844543457,0,0,5,0,100,0,0,0,0,0,0,0,0,0,0,43899.111877441406,133435.04620361328,0,404327403520,8589930496,5901361152,114688
9,1791554254716,2500,2500,2500,2499,2499,2500,2500,2500,2499,2500,2499,2500,2500,2500,2500,2499,5.263157844543457,0,0,5,0,100,0,0,0,0,0,0,0,0,0,0,43899.25909423828,133435.36059570313,0,404327403520,8589930496,5901361152,114688
9,1791554254726,2500,2500,2500,2499,2499,2500,2500,2500,2499,2500,2499,2500,2500,2500,2500,2499,5.263157844543457,0,0,5,0,100,0,0,0,0,0,0,0,0,0,0,43899.4130859375,133435.67791748047,0,404327403520,8589930496,5901361152,114688
10,1791554254736,2500,2500,2500,2499,2499,2500,2500,2500,2499,2500,2499,2500,2500,2500,2500,2499,5.263157844543457,0,0,5,0,100,0,0,0,0,0,0,0,0,0,0,43899.56872558594,133435.9917602539,0,404327403520,8589930496,5901361152,114688
9,1791554254746,2500,2500,2500,2499,2499,2500,2500,2500,2499,2500,2499,2500,2500,2500,2500,2499,5.263157844543457,0,0,5,0,100,0,0,0,0,0,0,0,0,0,0,43899.725646972656,133436.30700683594,0,404327403520,8589930496,5901361152,114688
9,1791554254756,2500,2500,2500,2499,2499,2500,2500,2500,2499,2500,2499,2500,2500,2500,2500,2499,5.263157844543457,0,0,5,0,100,0,0,0,0,0,0,0,0,0,0,43899.88018798828,133436.61541748047,0,404327403520,8589930496,5901361152,114688
9,1791554254766,2500,2500,2500,2499,2499,2500,2500,2500,2499,2500,2499,2500,2500,2500,2500,2499,5.263157844543457,0,0,5,0,100,0,0,0,0,0,0,0,0,0,0,43900.0341796875,133436.93194580078,0,404327403520,8589930496,5901361152,114688
9,1791554254776,2500,2500,2500,2499,2499,2500,2500,2500,2499,2500,2499,2500,2500,2500,2500,2499,5.263157844543457,0,0,5,0,100,0,0,0,0,0,0,0,0,0,0,43900.203186035156,133437.27447509766,0,404327403520,8589930496,5901361152,114688
9,1791554254786,2500,2500,2500,2499,2499,2500,2500,2500,2499,2500,2499,2500,2500,2500,2500,2499,10,0,0,0,4.761904716491699,100,0,0,0,0,0,0,0,0,0,0,43900.359375,133437.5874633789,0,404327403520,8589930496,5901361152,114688
9,1791554254796,2500,2500,2500,2499,2499,2500,2500,2500,2499,2500,2499,2500,2500,2500,2500,2499,10,0,0,0,4.761904716491699,100,0,0,0,0,0,0,0,0,0,0,43900.51403808594,133437.90075683594,0,404327403520,8589930496,5901361152,114688
9,1791554254806,2500,2500,2500,2499,2499,2500,2500,2500,2499,2500,2499,2500,2500,2500,2500,2499,10,0,0,0,4.761904716491699,100,0,0,0,0,0,0,0,0,0,0,43900.66979980469,133438.21704101563,0,404327403520,8589930496,5901361152,114688
10,1791554254816,2500,2500,2500,2499,2499,2500,2500,2500,2499,2500,2499,2500,2500,2500,2500,2499,10,0,0,0,4.761904716491699,100,0,0,0,0,0,0,0,0,0,0,43900.82501220703,133438.52478027344,0,404327403520,8589930496,5901361152,114688
9,1791554254826,2500,2500,2500,2499,2499,2500,2500,2500,2499,2500,2499,2500,2500,2500,2500,2499,10,0,0,0,4.761904716491699,100,0,0,0,0,0,0,0,0,0,0,43900.98449707031,133438.83990478516,0,404327403520,8589930496,5901361152,114688
9,1791554254837,2500,2500,2500,2499,2499,2500,2500,2500,2499,2500,2499,2500,2500,2500,2500,2499,10,0,0,0,4.761904716491699,100,0,0,0,0,0,0,0,0,0,0,43901.14416503906,133439.1597290039,0,404327403520,8589930496,5901361152,114688
9,1791554254847,2500,2500,2500,2499,2499,2500,2500,2500,2499,2500,2499,2500,2500,2500,2500,2499,10,0,0,0,4.761904716491699,100,0,0,0,0,0,0,0,0,0,0,43901.303466796875,133439.47888183594,0,404327403520,8589930496,5901361152,114688
9,1791554254857,2500,2500,2500,2499,2499,2500,2500,2500,2499,2500,2499,2500,2500,2500,2500,2499,10,0,0,0,4.761904716491699,100,0,0,0,0,0,0,0,0,0,0,43901.453063964844,133439.7953491211,0,404327403520,8589930496,5901361152,114688
9,1791554254867,2500,2500,2500,2499,2499,2500,2500,2500,2499,2500,2499,2500,2500,2500,2500,2499,10,0,0,0,4.761904716491699,100,0,0,0,0,0,0,0,0,0,0,43901.609802246094,133440.11547851563,0,404327403520,8589930496,5901361152,114688
10,1791554254877,2500,2500,2500,2499,2499,2500,2500,2500,2499,2500,2499,2500,2500,2500,2500,2499,10,0,0,0,4.761904716491699,100,0,0,0,0,0,0,0,0,0,0,43901.767822265625,133440.4337158203,0,404327403520,8589930496,5901361152,114688
9,1791554254887,2500,2500,2500,2499,2499,2500,2500,2500,2499,2500,2499,2500,2500,2500,2500,2499,10,0,0,0,4.761904716491699,100,0,0,0,0,0,0,0,0,0,0,43901.92541503906,133440.7520751953,0,404327403520,8589930496,5901361152,114688
9,1791554254897,2500,2500,2500,2499,2499,2500,2500,2500,2499,2500,2499,2500,2500,2500,2500,2499,10,0,0,0,4.761904716491699,100,0,0,0,0,0,0,0,0,0,0,43902.076904296875,133441.06616210938,0,404327403520,8589930496,5901361152,114688
9,1791554254907,2500,2500,2500,2499,2499,2500,2500,2500,2499,2500,2499,2500,2500,2500,2500,2499,10,0,0,0,4.761904716491699,100,0,0,0,0,0,0,0,0,0,0,43902.22961425781,133441.3822631836,0,404327403520,8589930496,5901361152,114688
9,1791554254917,2500,2500,2500,2499,2499,2500,2500,2500,2499,2500,2499,2500,2500,2500,2500,2499,10,0,0,0,4.761904716491699,100,0,0,0,0,0,0,0,0,0,0,43902.37756347656,133441.7017211914,0,404327403520,8589930496,5901361152,114688
9,1791554254927,2500,2500,2500,2499,2499,2500,2500,2500,2499,2500,2499,2500,2500,2500,2500,2499,10,0,0,0,4.761904716491699,100,0,0,0,0,0,0,0,0,0,0,43902.531188964844,133442.021484375,0,404327403520,8589930496,5901361152,114688
9,1791554254937,2500,2500,2500,2499,2499,2500,2500,2500,2499,2500,2499,2500,2500,2500,2500,2499,10,0,0,0,4.761904716491699,100,0,0,0,0,0,0,0,0,0,0,43902.704040527344,133442.36993408203,0,404327403520,8589930496,5901361152,114688
9,1791554254947,2500,2500,2500,2499,2499,2500,2500,2500,2499,2500,2499,2500,2500,2500,2500,2499,10,0,0,0,4.761904716491699,100,0,0,0,0,0,0,0,0,0,0,43902.85949707031,133442.6840209961,0,404327403520,8589930496,5901361152,114688
9,1791554254957,2500,2500,2500,2499,2499,2500,2500,2500,2499,2500,2499,2500,2500,2500,2500,2499,10,0,0,0,4.761904716491699,100,0,0,0,0,0,0,0,0,0,0,43903.01806640625,133442.9998779297,0,404327403520,8589930496,5901361152,114688
9,1791554254968,2500,2500,2500,2499,2499,2500,2500,2500,2499,2500,2499,2500,2500,2500,2500,2499,10,0,0,0,4.761904716491699,100,0,0,0,0,0,0,0,0,0,0,43903.177734375,133443.31768798828,0,404327403520,8589930496,5901361152,114688
10,1791554254977,2500,2500,2500,2499,2499,2500,2500,2500,2499,2500,2499,2500,2500,2500,2500,2499,10,0,0,0,4.761904716491699,100,0,0,0,0,0,0,0,0,0,0,43903.335021972656,133443.63439941406,0,404327403520,8589930496,5901361152,114688
9,1791554254988,2500,2500,2500,2499,2499,2500,2500,2500,2499,2500,2499,2500,2500,2500,2500,2499,9.523809432983398,0,0,0,0,100,0,0,5,0,0,0,0,0,0,0,43903.488830566406,133443.95092773438,0,404327403520,8589930496,5901361152,114688
9,1791554254998,2500,2500,2500,2499,2499,2500,2500,2500,2499,2500,2499,2500,2500,2500,2500,2499,9.523809432983398,0,0,0,0,100,0,0,5,0,0,0,0,0,0,0,43903.64099121094,133444.26733398438,0,404327403520,8589930496,5901361152,114688
9,1791554255008,2500,2500,2500,2499,2499,2500,2500,2500,2499,2500,2499,2500,2500,2500,2500,2499,9.523809432983398,0,0,0,0,100,0,0,5,0,0,0,0,0,0,0,43903.79571533203,133444.57513427734,0,404327403520,8589930496,5901361152,114688
9,1791554255018,2500,2500,2500,2499,2499,2500,2500,2500,2499,2500,2499,2500,2500,2500,2500,2499,9.523809432983398,0,0,0,0,100,0,0,5,0,0,0,0,0,0,0,43903.95556640625,133444.8897705078,0,404327403520,8589930496,5901361152,114688
9,1791554255028,2500,2500,2500,2499,2499,2500,2500,2500,2499,2500,2499,2500,2500,2500,2500,2499,9.523809432983398,0,0,0,0,100,0,0,5,0,0,0,0,0,0,0,43904.114318847656,133445.2080078125,0,404327403520,8589930496,5901361152,114688
9,1791554255038,2500,2500,2500,2499,2499,2500,2500,2500,2499,2500,2499,2500,2500,2500,2500,2499,9.523809432983398,0,0,0,0,100,0,0,5,0,0,0,0,0,0,0,43904.26794433594,133445.5239868164,0,404327403520,8589930496,5901361152,114688
9,1791554255048,2500,2500,2500,2499,2499,2500,2500,2500,2499,2500,2499,2500,2500,2500,2500,2499,9.523809432983398,0,0,0,0,100,0,0,5,0,0,0,0,0,0,0,43904.420471191406,133445.83911132813,0,404327403520,8589930496,5901361152,114688
10,1791554255058,2500,2500,2500,2499,2499,2500,2500,2500,2499,2500,2499,2500,2500,2500,2500,2499,9.523809432983398,0,0,0,0,100,0,0,5,0,0,0,0,0,0,0,43904.56970214844,133446.1548461914,0,404327403520,8589930496,5901361152,114688
9,1791554255068,2500,2500,2500,2499,2499,2500,2500,2500,2499,2500,2499,2500,2500,2500,2500,2499,9.523809432983398,0,0,0,0,100,0,0,5,0,0,0,0,0,0,0,43904.71691894531,133446.47143554688,0,404327403520,8589930496,5901361152,114688
9,1791554255078,2500,2500,2500,2499,2499,2500,2500,2500,2499,2500,2499,2500,2500,2500,2500,2499,9.523809432983398,0,0,0,0,100,0,0,5,0,0,0,0,0,0,0,43904.87145996094,133446.78643798828,0,404327403520,8589930496,5901361152,114688
9,1791554255088,2500,2500,2500,2499,2499,2500,2500,2500,2499,2500,2499,2500,2500,2500,2500,2499,9.523809432983398,0,0,0,0,100,0,0,5,0,0,0,0,0,0,0,43905.030822753906,133447.13555908203,0,404327403520,8589930496,5893103616,114688
9,1791554255098,2500,2500,2500,2499,2499,2500,2500,2500,2499,2500,2499,2500,2500,2500,2500,2499,9.523809432983398,0,0,0,0,100,0,0,5,0,0,0,0,0,0,0,43905.177490234375,133447.41632080078,0,404327403520,8589930496,5893103616,114688
9,1791554255108,2500,2500,2500,2499,2499,2500,2500,2500,2499,2500,2499,2500,2500,2500,2500,2499,9.523809432983398,0,0,0,0,100,0,0,5,0,0,0,0,0,0,0,43905.32989501953,133447.73138427734,0,404327403520,8589930496,5893103616,114688
9,1791554255119,2500,2500,2500,2499,2499,2500,2500,2500,2499,2500,2499,2500,2500,2500,2500,2499,9.523809432983398,0,0,0,0,100,0,0,5,0,0,0,0,0,0,0,43905.50061035156,133448.07928466797,0,404327403520,8589930496,5893103616,114688
9,1791554255129,2500,2500,2500,2499,2499,2500,2500,2500,2499,2500,2499,2500,2500,2500,2500,2499,9.523809432983398,0,0,0,0,100,0,0,5,0,0,0,0,0,0,0,43905.654541015625,133448.39178466797,0,404327403520,8589930496,5893103616,114688
9,1791554255139,2500,2500,2500,2499,2499,2500,2500,2500,2499,2500,2499,2500,2500,2500,2500,2499,9.523809432983398,0,0,0,0,100,0,0,5,0,0,0,0,0,0,0,43905.808349609375,133448.7081298828,0,404327403520,8589930496,5893103616,114688
10,1791554255149,2500,2500,2500,2499,2499,2500,2500,2500,2499,2500,2499,2500,2500,2500,2500,2499,9.523809432983398,0,0,0,0,100,0,0,5,0,0,0,0,0,0,0,43905.957580566406,133449.02313232422,0,404327403520,8589930496,5891547136,114688
9,1791554255159,2500,2500,2500,2499,2499,2500,2500,2500,2499,2500,2499,2500,2500,2500,2500,2499,9.523809432983398,0,0,0,0,100,0,0,5,0,0,0,0,0,0,0,43906.116271972656,133449.33923339844,0,404327403520,8589930496,5891547136,114688
9,1791554255169,2500,2500,2500,2499,2499,2500,2500,2500,2499,2500,2499,2500,2500,2500,2500,2499,9.523809432983398,0,0,0,0,100,0,0,5,0,0,0,0,0,0,0,43906.271423339844,133449.6590576172,0,404327403520,8589930496,5891547136,114688
9,1791554255179,2500,2500,2500,2499,2499,2500,2500,2500,2499,2500,2499,2500,2500,2500,2500,2499,9.523809432983398,0,0,0,0,100,0,0,5,0,0,0,0,0,0,0,43906.42559814453,133449.97998046875,0,404327403520,8589930496,5891547136,114688
9,1791554255189,2500,2500,2500,2499,2499,2500,2500,2500,2499,2500,2499,2500,2500,2500,2500,2499,10,0,0,0,5,100,0,0,5,0,0,0,0,0,0,0,43906.577575683594,133450.28686523438,0,404327403520,8589930496,5891547136,114688
9,1791554255199,2500,2500,2500,2499,2499,2500,2500,2500,2499,2500,2499,2500,2500,2500,2500,2499,10,0,0,0,5,100,0,0,5,0,0,0,0,0,0,0,43906.73193359375,133450.60388183594,0,404327403520,8589930496,5891547136,114688
9,1791554255209,2500,2500,2500,2499,2499,2500,2500,2500,2499,2500,2499,2500,2500,2500,2500,2499,10,0,0,0,5,100,0,0,5,0,0,0,0,0,0,0,43906.89013671875,133450.9224243164,0,404327403520,8589930496,5891547136,114688
9,1791554255219,2500,2500,2500,2499,2499,2500,2500,2500,2499,2500,2499,2500,2500,2500,2500,2499,10,0,0,0,5,100,0,0,5,0,0,0,0,0,0,0,43907.048889160156,133451.23486328125,0,404327403520,8589930496,5891547136,114688
9,1791554255229,2500,2500,2500,2499,2499,2500,2500,2500,2499,2500,2499,2500,2500,2500,2500,2499,10,0,0,0,5,100,0,0,5,0,0,0,0,0,0,0,43907.20477294922,133451.5516357422,0,404327403520,8589930496,5891547136,114688
10,1791554255239,2500,2500,2500,2499,2499,2500,2500,2500,2499,2500,2499,2500,2500,2500,2500,2499,10,0,0,0,5,100,0,0,5,0,0,0,0,0,0,0,43907.35437011719,133451.87823486328,0,404327403520,8589930496,5891547136,114688
10,1791554255249,2500,2500,2500,2499,2499,2500,2500,2500,2499,2500,2499,2500,2500,2500,2500,2499,10,0,0,0,5,100,0,0,5,0,0,0,0,0,0,0,43907.508728027344,133452.1865234375,0,404327403520,8589930496,5891547136,114688
10,1791554255259,2500,2500,2500,2499,2499,2500,2500,2500,2499,2500,2499,2500,2500,2500,2500,2499,10,0,0,0,5,100,0,0,5,0,0,0,0,0,0,0,43907.663513183594,133452.5067138672,0,404327403520,8589930496,5891547136,114688
9,1791554255270,2500,2500,2500,2499,2499,2500,2500,2500,2499,2500,2499,2500,2500,2500,2500,2499,10,0,0,0,5,100,0,0,5,0,0,0,0,0,0,0,43907.82098388672,133452.82147216797,0,404327403520,8589930496,5891547136,114688
9,1791554255280,2500,2500,2500,2499,2499,2500,2500,2500,2499,2500,2499,2500,2500,2500,2500,2499,10,0,0,0,5,100,0,0,5,0,0,0,0,0,0,0,43907.99182128906,133453.17279052734,0,404327403520,8589930496,5891547136,114688
9,1791554255290,2500,2500,2500,2499,2499,2500,2500,2500,2499,2500,2499,2500,2500,2500,2500,2499,10,0,0,0,5,100,0,0,5,0,0,0,0,0,0,0,43908.14385986328,133453.48681640625,0,404327403520,8589930496,5891547136,114688
9,1791554255300,2500,2500,2500,2499,2499,2500,2500,2500,2499,2500,2499,2500,2500,2500,2500,2499,10,0,0,0,5,100,0,0,5,0,0,0,0,0,0,0,43908.292541503906,133453.80615234375,0,404327403520,8589930496,5891547136,114688
9,1791554255310,2500,2500,2500,2499,2499,2500,2500,2500,2499,2500,2499,2500,2500,2500,2500,2499,10,0,0,0,5,100,0,0,5,0,0,0,0,0,0,0,43908.446716308594,133454.11529541016,0,404327403520,8589930496,5891547136,114688
9,1791554255320,2500,2500,2500,2499,2499,2500,2500,2500,2499,2500,2499,2500,2500,2500,2500,2499,10,0,0,0,5,100,0,0,5,0,0,0,0,0,0,0,43908.59979248047,133454.43127441406,0,404327403520,8589930496,5891547136,114688
9,1791554255330,2500,2500,2500,2499,2499,2500,2500,2500,2499,2500,2499,2500,2500,2500,2500,2499,10,0,0,0,5,100,0,0,5,0,0,0,0,0,0,0,43908.75158691406,133454.74737548828,0,404327403520,8589930496,5891547136,114688
9,1791554255340,2500,2500,2500,2499,2499,2500,2500,2500,2499,2500,2499,2500,2500,2500,2500,2499,10,0,0,0,5,100,0,0,5,0,0,0,0,0,0,0,43908.905700683594,133455.0643310547,0,404327403520,8589930496,5891547136,114688
9,1791554255350,2500,2500,2500,2499,2499,2500,2500,2500,2499,2500,2499,2500,2500,2500,2500,2499,10,0,0,0,5,100,0,0,5,0,0,0,0,0,0,0,43909.05969238281,133455.37567138672,0,404327403520,8589930496,5891547136,114688
9,1791554255360,2500,2500,2500,2499,2499,2500,2500,2500,2499,2500,2499,2500,2500,2500,2500,2499,10,0,0,0,5,100,0,0,5,0,0,0,0,0,0,0,43909.211669921875,133455.69305419922,0,404327403520,8589930496,5891547136,114688
10,1791554255370,2500,2500,2500,2499,2499,2500,2500,2500,2499,2500,2499,2500,2500,2500,2500,2499,10,0,0,0,5,100,0,0,5,0,0,0,0,0,0,0,43909.364013671875,133456.00421142578,0,404327403520,8589930496,5891547136,114688
9,1791554255380,2500,2500,2500,2499,2499,2500,2500,2500,2499,2500,2499,2500,2500,2500,2500,2499,10,0,0,0,5,100,0,0,5,0,0,0,0,0,0,0,43909.51416015625,133456.32287597656,0,404327403520,8589930496,5891547136,114688
9,1791554255390,2500,2500,2500,2499,2499,2500,2500,2500,2499,2500,2499,2500,2500,2500,2500,2499,5.263157844543457,5,0,0,0,100,0,0,0,0,0,0,0,0,0,0,43909.66174316406,133456.64282226563,0,404327403520,8589930496,5891547136,114688
9,1791554255401,2500,2500,2500,2499,2499,2500,2500,2500,2499,2500,2499,2500,2500,2500,2500,2499,5.263157844543457,5,0,0,0,100,0,0,0,0,0,0,0,0,0,0,43909.815185546875,133456.96154785156,0,404327403520,8589930496,5891547136,114688
10,1791554255411,2500,2500,2500,2499,2499,2500,2500,2500,2499,2500,2499,2500,2500,2500,2500,2499,5.263157844543457,5,0,0,0,100,0,0,0,0,0,0,0,0,0,0,43909.967712402344,133457.27752685547,0,404327403520,8589930496,5891547136,114688
9,1791554255421,2500,2500,2500,2499,2499,2500,2500,2500,2499,2500,2499,2500,2500,2500,2500,2499,5.263157844543457,5,0,0,0,100,0,0,0,0,0,0,0,0,0,0,43910.117126464844,133457.60052490234,0,404327403520,8589930496,5891547136,114688
10,1791554255431,2500,2500,2500,2499,2499,2500,2500,2500,2499,2500,2499,2500,2500,2500,2500,2499,5.263157844543457,5,0,0,0,100,0,0,0,0,0,0,0,0,0,0,43910.26837158203,133457.9132080078,0,404327403520,8589930496,5891547136,114688
9,1791554255441,2500,2500,2500,2499,2499,2500,2500,2500,2499,2500,2499,2500,2500,2500,2500,2499,5.263157844543457,5,0,0,0,100,0,0,0,0,0,0,0,0,0,0,43910.43426513672,133458.25872802734,0,404327403520,8589930496,5891547136,114688
9,1791554255451,2500,2500,2500,2499,2499,2500,2500,2500,2499,2500,2499,2500,2500,2500,2500,2499,5.263157844543457,5,0,0,0,100,0,0,0,0,0,0,0,0,0,0,43910.587890625,133458.57788085938,0,404327403520,8589930496,5891547136,114688
9,1791554255461,2500,2500,2500,2499,2499,2500,2500,2500,2499,2500,2499,2500,2500,2500,2500,2499,5.263157844543457,5,0,0,0,100,0,0,0,0,0,0,0,0,0,0,43910.742431640625,133458.8956298828,0,404327403520,8589930496,5891547136,114688
9,1791554255471,2500,2500,2500,2499,2499,2500,2500,2500,2499,2500,2499,2500,2500,2500,2500,2499,5.263157844543457,5,0,0,0,100,0,0,0,0,0,0,0,0,0,0,43910.896911621094,133459.21807861328,0,404327403520,8589930496,5891547136,114688
10,1791554255481,2500,2500,2500,2499,2499,2500,2500,2500,2499,2500,2499,2500,2500,2500,2500,2499,5.263157844543457,5,0,0,0,100,0,0,0,0,0,0,0,0,0,0,43911.04962158203,133459.53076171875,0,404327403520,8589930496,5891547136,114688
9,1791554255491,2500,2500,2500,2499,2499,2500,2500,2500,2499,2500,2499,2500,2500,2500,2500,2499,5.263157844543457,5,0,0,0,100,0,0,0,0,0,0,0,0,0,0,43911.20397949219,133459.8471069336,0,404327403520,8589930496,5891547136,114688
10,1791554255501,2500,2500,2500,2499,2499,2500,2500,2500,2499,2500,2499,2500,2500,2500,2500,2499,5.263157844543457,5,0,0,0,100,0,0,0,0,0,0,0,0,0,0,43911.356506347656,133460.15991210938,0,404327403520,8589930496,5891547136,114688
9,1791554255511,2500,2500,2500,2499,2499,2500,2500,2500,2499,2500,2499,2500,2500,2500,2500,2499,5.263157844543457,5,0,0,0,100,0,0,0,0,0,0,0,0,0,0,43911.511962890625,133460.47784423828,0,404327403520,8589930496,5891547136,114688
9,1791554255521,2500,2500,2500,2499,2499,2500,2500,2500,2499,2500,2499,2500,2500,2500,2500,2499,5.263157844543457,5,0,0,0,100,0,0,0,0,0,0,0,0,0,0,43911.665954589844,133460.7928466797,0,404327403520,8589930496,5891547136,114688
9,1791554255531,2500,2500,2500,2499,2499,2500,2500,2500,2499,2500,2499,2500,2500,2500,2500,2499,5.263157844543457,5,0,0,0,100,0,0,0,0,0,0,0,0,0,0,43911.81427001953,133461.10577392578,0,404327403520,8589930496,5891547136,114688
9,1791554255542,2500,2500,2500,2499,2499,2500,2500,2500,2499,2500,2499,2500,2500,2500,2500,2499,5.263157844543457,5,0,0,0,100,0,0,0,0,0,0,0,0,0,0,43911.96807861328,133461.42260742188,0,404327403520,8589930496,5886095360,114688
9,1791554255552,2500,2500,2500,2499,2499,2500,2500,2500,2499,2500,2499,2500,2500,2500,2500,2499,5.263157844543457,5,0,0,0,100,0,0,0,0,0,0,0,0,0,0,43912.121032714844,133461.74182128906,0,404327403520,8589930496,5886095360,114688
10,1791554255562,2500,2500,2500,2499,2499,2500,2500,2500,2499,2500,2499,2500,2500,2500,2500,2499,5.263157844543457,5,0,0,0,100,0,0,0,0,0,0,0,0,0,0,43912.274841308594,133462.05627441406,0,404327403520,8589930496,5870731264,114688
9,1791554255572,2500,2500,2500,2499,2499,2500,2500,2500,2499,2500,2499,2500,2500,2500,2500,2499,5.263157844543457,5,0,0,0,100,0,0,0,0,0,0,0,0,0,0,43912.42956542969,133462.37591552734,0,404327403520,8589930496,5842976768,114688
9,1791554255582,2500,2500,2500,2499,2499,2500,2500,2500,2499,2500,2499,2500,2500,2500,2500,2499,5.263157844543457,5,0,0,0,100,0,0,0,0,0,0,0,0,0,0,43912.58410644531,133462.68774414063,0,404327403520,8589930496,5835542528,114688
9,1791554255592,2500,2500,2500,2499,2499,2500,2500,2500,2499,2500,2499,2500,2500,2500,2500,2499,10,0,0,0,0,100,0,0,0,0,0,0,0,0,0,0,43912.75604248047,133463.0382080078,0,404327403520,8589930496,5835542528,114688
9,1791554255602,2500,2500,2500,2499,2499,2500,2500,2500,2499,2500,2499,2500,2500,2500,2500,2499,10,0,0,0,0,100,0,0,0,0,0,0,0,0,0,0,43912.892639160156,133463.3207397461,0,404327403520,8589930496,5835542528,114688
9,1791554255612,2500,2500,2500,2499,2499,2500,2500,2500,2499,2500,2499,2500,2500,2500,2500,2499,10,0,0,0,0,100,0,0,0,0,0,0,0,0,0,0,43913.043884277344,133463.63592529297,0,404327403520,8589930496,5835542528,114688
9,1791554255622,2500,2500,2500,2499,2499,2500,2500,2500,2499,2500,2499,2500,2500,2500,2500,2499,10,0,0,0,0,100,0,0,0,0,0,0,0,0,0,0,43913.209045410156,133463.9764404297,0,404327403520,8589930496,5835542528,114688
10,1791554255632,2500,2500,2500,2499,2499,2500,2500,2500,2499,2500,2499,2500,2500,2500,2500,2499,10,0,0,0,0,100,0,0,0,0,0,0,0,0,0,0,43913.35900878906,133464.28857421875,0,404327403520,8589930496,5835542528,114688
9,1791554255642,2500,2500,2500,2499,2499,2500,2500,2500,2499,2500,2499,2500,2500,2500,2500,2499,10,0,0,0,0,100,0,0,0,0,0,0,0,0,0,0,43913.513916015625,133464.60083007813,0,404327403520,8589930496,5835542528,114688
10,1791554255652,2500,2500,2500,2499,2499,2500,2500,2500,2499,2500,2499,2500,2500,2500,2500,2499,10,0,0,0,0,100,0,0,0,0,0,0,0,0,0,0,43913.6640625,133464.91522216797,0,404327403520,8589930496,5835542528,114688
9,1791554255662,2500,2500,2500,2499,2499,2500,2500,2500,2499,2500,2499,2500,2500,2500,2500,2499,10,0,0,0,0,100,0,0,0,0,0,0,0,0,0,0,43913.81457519531,133465.23364257813,0,404327403520,8589930496,5835542528,114688
10,1791554255672,2500,2500,2500,2499,2499,2500,2500,2500,2499,2500,2499,2500,2500,2500,2500,2499,10,0,0,0,0,100,0,0,0,0,0,0,0,0,0,0,43913.968200683594,133465.55700683594,0,404327403520,8589930496,5835542528,114688
9,1791554255683,2500,2500,2500,2499,2499,2500,2500,2500,2499,2500,2499,2500,2500,2500,2500,2499,10,0,0,0,0,100,0,0,0,0,0,0,0,0,0,0,43914.11560058594,133465.8706665039,0,404327403520,8589930496,5835542528,114688
10,1791554255693,2500,2500,2500,2499,2499,2500,2500,2500,2499,2500,2499,2500,2500,2500,2500,2499,10,0,0,0,0,100,0,0,0,0,0,0,0,0,0,0,43914.271057128906,133466.1869506836,0,404327403520,8589930496,5835542528,114688
9,1791554255703,2500,2500,2500,2499,2499,2500,2500,2500,2499,2500,2499,2500,2500,2500,2500,2499,10,0,0,0,0,100,0,0,0,0,0,0,0,0,0,0,43914.42218017578,133466.50610351563,0,404327403520,8589930496,5835542528,114688
9,1791554255713,2500,2500,2500,2499,2499,2500,2500,2500,2499,2500,2499,2500,2500,2500,2500,2499,10,0,0,0,0,100,0,0,0,0,0,0,0,0,0,0,43914.57489013672,133466.82287597656,0,404327403520,8589930496,5835542528,114688
9,1791554255723,2500,2500,2500,2499,2499,2500,2500,2500,2499,2500,2499,2500,2500,2500,2500,2499,10,0,0,0,0,100,0,0,0,0,0,0,0,0,0,0,43914.72381591797,133467.13470458984,0,404327403520,8589930496,5835542528,114688
9,1791554255733,2500,2500,2500,2499,2499,2500,2500,2500,2499,2500,2499,2500,2500,2500,2500,2499,10,0,0,0,0,100,0,0,0,0,0,0,0,0,0,0,43914.878173828125,133467.45208740234,0,404327403520,8589930496,5835542528,114688
9,1791554255743,2500,2500,2500,2499,2499,2500,2500,2500,2499,2500,2499,2500,2500,2500,2500,2499,10,0,0,0,0,100,0,0,0,0,0,0,0,0,0,0,43915.023010253906,133467.76348876953,0,404327403520,8589930496,5835542528,114688
9,1791554255753,2500,2500,2500,2499,2499,2500,2500,2500,2499,2500,2499,2500,2500,2500,2500,2499,10,0,0,0,0,100,0,0,0,0,0,0,0,0,0,0,43915.17352294922,133468.07946777344,0,404327403520,8589930496,5835542528,114688
9,1791554255763,2500,2500,2500,2499,2499,2500,2500,2500,2499,2500,2499,2500,2500,2500,2500,2499,10,0,0,0,0,100,0,0,0,0,0,0,0,0,0,0,43915.33923339844,133468.42602539063,0,404327403520,8589930496,5835542528,114688
9,1791554255773,2500,2500,2500,2499,2499,2500,2500,2500,2499,2500,2499,2500,2500,2500,2500,2499,10,0,0,0,0,100,0,0,0,0,0,0,0,0,0,0,43915.494873046875,133468.7388305664,0,404327403520,8589930496,5835542528,114688
10,1791554255783,2500,2500,2500,2499,2499,2500,2500,2500,2499,2500,2499,2500,2500,2500,2500,2499,10,0,0,0,0,100,0,0,0,0,0,0,0,0,0,0,43915.634216308594,133469.0255126953,0,404327403520,8589930496,5835542528,114688
9,1791554255793,2500,2500,2500,2499,2499,2500,2500,2500,2499,2500,2499,2500,2500,2500,2500,2499,5,5,0,0,0,100,0,0,0,0,0,0,0,0,0,0,43915.80792236328,133469.3793334961,0,404327403520,8589930496,5835542528,114688
9,1791554255803,2500,2500,2500,2499,2499,2500,2500,2500,2499,2500,2499,2500,2500,2500,2500,2499,5,5,0,0,0,100,0,0,0,0,0,0,0,0,0,0,43915.95880126953,133469.69305419922,0,404327403520,8589930496,5835542528,114688
9,1791554255813,2500,2500,2500,2499,2499,2500,2500,2500,2499,2500,2499,2500,2500,2500,2500,2499,5,5,0,0,0,100,0,0,0,0,0,0,0,0,0,0,43916.11096191406,133470.00897216797,0,404327403520,8589930496,5835542528,114688
10,1791554255823,2500,2500,2500,2499,2499,2500,2500,2500,2499,2500,2499,2500,2500,2500,2500,2499,5,5,0,0,0,100,0,0,0,0,0,0,0,0,0,0,43916.265686035156,133470.32879638672,0,404327403520,8589930496,5770616832,114688
10,1791554255834,2500,2500,2500,2499,2499,2500,2500,2500,2499,2500,2499,2500,2500,2500,2500,2499,5,5,0,0,0,100,0,0,0,0,0,0,0,0,0,0,43916.41833496094,133470.64624023438,0,404327403520,8589930496,5675954176,114688
9,1791554255844,2500,2500,2500,2499,2499,2500,2500,2500,2499,2500,2499,2500,2500,2500,2500,2499,5,5,0,0,0,100,0,0,0,0,0,0,0,0,0,0,43916.57342529297,133470.96771240234,0,404327403520,8589930496,5597151232,114688
9,1791554255854,2500,2500,2500,2499,2499,2500,2500,2500,2499,2500,2499,2500,2500,2500,2500,2499,5,5,0,0,0,100,0,0,0,0,0,0,0,0,0,0,43916.721923828125,133471.28198242188,0,404327403520,8589930496,5505957888,114688
9,1791554255864,2500,2500,2500,2499,2499,2500,2500,2500,2499,2500,2499,2500,2500,2500,2500,2499,5,5,0,0,0,100,0,0,0,0,0,0,0,0,0,0,43916.87390136719,133471.5968017578,0,404327403520,8589930496,5464317952,114688
0,1791554255874,2500,2500,2500,2499,2499,2500,2500,2500,2499,2500,2499,2500,2500,2500,2500,2499,5,5,0,0,0,100,0,0,0,0,0,0,0,0,0,0,43917.025817871094,133471.91094970703,0,404327403520,8589930496,5464317952,114688
