Delta,Time,CPU_FREQUENCY_0,CPU_FREQUENCY_1,CPU_FREQUENCY_10,CPU_FREQUENCY_11,CPU_FREQUENCY_12,CPU_FREQUENCY_13,CPU_FREQUENCY_14,CPU_FREQUENCY_15,CPU_FREQUENCY_2,CPU_FREQUENCY_3,CPU_FREQUENCY_4,CPU_FREQUENCY_5,CPU_FREQUENCY_6,CPU_FREQUENCY_7,CPU_FREQUENCY_8,CPU_FREQUENCY_9,CPU_USAGE_0,CPU_USAGE_1,CPU_USAGE_10,CPU_USAGE_11,CPU_USAGE_12,CPU_USAGE_13,CPU_USAGE_14,CPU_USAGE_15,CPU_USAGE_2,CPU_USAGE_3,CPU_USAGE_4,CPU_USAGE_5,CPU_USAGE_6,CPU_USAGE_7,CPU_USAGE_8,CPU_USAGE_9,DRAM_ENERGY (J),PACKAGE_ENERGY (J),PP0_ENERGY (J),TOTAL_MEMORY,TOTAL_SWAP,USED_MEMORY,USED_SWAP
0,1791556593288,2499,2500,2499,2499,2500,2499,2499,2500,2500,2500,2500,2499,2500,2499,2500,2499,4.1666669845581055,0,4.1666669845581055,0,4.1666669845581055,4.1666669845581055,4.1666669845581055,8.333333969116211,0,0,4.34782600402832,8.333333969116211,4.1666669845581055,0,4.1666669845581055,4.1666669845581055,80195.44226074219,212434.06616210938,0,404327403520,8589930496,5608824832,114688
10,1791556593288,2499,2500,2499,2499,2500,2499,2499,2500,2500,2500,2500,2499,2500,2499,2500,2499,4.1666669845581055,0,4.1666669845581055,0,4.1666669845581055,4.1666669845581055,4.1666669845581055,8.333333969116211,0,0,4.34782600402832,8.333333969116211,4.1666669845581055,0,4.1666669845581055,4.1666669845581055,80195.44226074219,212434.06616210938,0,404327403520,8589930496,5608824832,114688
9,1791556593298,2499,2500,2499,2499,2500,2499,2499,2500,2500,2500,2500,2499,2500,2499,2500,2499,4.1666669845581055,0,4.1666669845581055,0,4.1666669845581055,4.1666669845581055,4.1666669845581055,8.333333969116211,0,0,4.34782600402832,8.333333969116211,4.1666669845581055,0,4.1666669845581055,4.1666669845581055,80195.59295654297,212434.40106201172,0,404327403520,8589930496,5608824832,114688
10,1791556593308,2499,2500,2499,2499,2500,2499,2499,2500,2500,2500,2500,2499,2500,2499,2500,2499,4.1666669845581055,0,4.1666669845581055,0,4.1666669845581055,4.1666669845581055,4.1666669845581055,8.333333969116211,0,0,4.34782600402832,8.333333969116211,4.1666669845581055,0,4.1666669845581055,4.1666669845581055,80195.74438476563,212434.71380615234,0,404327403520,8589930496,5608824832,114688
10,1791556593318,2499,2500,2499,2499,2500,2499,2499,2500,2500,2500,2500,2499,2500,2499,2500,2499,4.1666669845581055,0,4.1666669845581055,0,4.1666669845581055,4.1666669845581055,4.1666669845581055,8.333333969116211,0,0,4.34782600402832,8.333333969116211,4.1666669845581055,0,4.1666669845581055,4.1666669845581055,80195.88977050781,212435.02923583984,0,404327403520,8589930496,5608824832,114688
9,1791556593328,2499,2500,2499,2499,2500,2499,2499,2500,2500,2500,2500,2499,2500,2499,2500,2499,4.1666669845581055,0,4.1666669845581055,0,4.1666669845581055,4.1666669845581055,4.1666669845581055,8.333333969116211,0,0,4.34782600402832,8.333333969116211,4.1666669845581055,0,4.1666669845581055,4.1666669845581055,80196.03820800781,212435.3438720703,0,404327403520,8589930496,5608824832,114688
10,1791556593338,2499,2500,2499,2499,2500,2499,2499,2500,2500,2500,2500,2499,2500,2499,2500,2499,4.1666669845581055,0,4.1666669845581055,0,4.1666669845581055,4.1666669845581055,4.1666669845581055,8.333333969116211,0,0,4.34782600402832,8.333333969116211,4.1666669845581055,0,4.1666669845581055,4.1666669845581055,80196.18981933594,212435.65948486328,0,404327403520,8589930496,5608824832,114688
10,1791556593348,2499,2500,2499,2499,2500,2499,2499,2500,2500,2500,2500,2499,2500,2499,2500,2499,4.1666669845581055,0,4.1666669845581055,0,4.1666669845581055,4.1666669845581055,4.1666669845581055,8.333333969116211,0,0,4.34782600402832,8.333333969116211,4.1666669845581055,0,4.1666669845581055,4.1666669845581055,80196.34002685547,212436.02349853516,0,404327403520,8589930496,5608824832,114688
9,1791556593358,2499,2500,2499,2499,2500,2499,2499,2500,2500,2500,2500,2499,2500,2499,2500,2499,4.1666669845581055,0,4.1666669845581055,0,4.1666669845581055,4.1666669845581055,4.1666669845581055,8.333333969116211,0,0,4.34782600402832,8.333333969116211,4.1666669845581055,0,4.1666669845581055,4.1666669845581055,80196.49139404297,212436.39935302734,0,404327403520,8589930496,5608824832,114688
9,1791556593369,2499,2500,2499,2499,2500,2499,2499,2500,2500,2500,2500,2499,2500,2499,2500,2499,4.1666669845581055,0,4.1666669845581055,0,4.1666669845581055,4.1666669845581055,4.1666669845581055,8.333333969116211,0,0,4.34782600402832,8.333333969116211,4.1666669845581055,0,4.1666669845581055,4.1666669845581055,80196.63818359375,212436.77520751953,0,404327403520,8589930496,5608824832,114688
10,1791556593379,2499,2500,2499,2499,2500,2499,2499,2500,2500,2500,2500,2499,2500,2499,2500,2499,4.1666669845581055,0,4.1666669845581055,0,4.1666669845581055,4.1666669845581055,4.1666669845581055,8.333333969116211,0,0,4.34782600402832,8.333333969116211,4.1666669845581055,0,4.1666669845581055,4.1666669845581055,80196.7861328125,212437.1508178711,0,404327403520,8589930496,5608824832,114688
10,1791556593389,2499,2500,2499,2499,2500,2499,2499,2500,2500,2500,2500,2499,2500,2499,2500,2499,4.1666669845581055,0,4.1666669845581055,0,4.1666669845581055,4.1666669845581055,4.1666669845581055,8.333333969116211,0,0,4.34782600402832,8.333333969116211,4.1666669845581055,0,4.1666669845581055,4.1666669845581055,80196.94049072266,212437.52752685547,0,404327403520,8589930496,5608824832,114688
10,1791556593399,2499,2500,2499,2499,2500,2499,2499,2500,2500,2500,2500,2499,2500,2499,2500,2499,4.1666669845581055,0,4.1666669845581055,0,4.1666669845581055,4.1666669845581055,4.1666669845581055,8.333333969116211,0,0,4.34782600402832,8.333333969116211,4.1666669845581055,0,4.1666669845581055,4.1666669845581055,80197.10821533203,212437.94024658203,0,404327403520,8589930496,5608824832,114688
10,1791556593409,2499,2500,2499,2499,2500,2499,2499,2500,2500,2500,2500,2499,2500,2499,2500,2499,4.1666669845581055,0,4.1666669845581055,0,4.1666669845581055,4.1666669845581055,4.1666669845581055,8.333333969116211,0,0,4.34782600402832,8.333333969116211,4.1666669845581055,0,4.1666669845581055,4.1666669845581055,80197.25695800781,212438.31622314453,0,404327403520,8589930496,5608824832,114688
10,1791556593419,2499,2500,2499,2499,2500,2499,2499,2500,2500,2500,2500,2499,2500,2499,2500,2499,4.1666669845581055,0,4.1666669845581055,0,4.1666669845581055,4.1666669845581055,4.1666669845581055,8.333333969116211,0,0,4.34782600402832,8.333333969116211,4.1666669845581055,0,4.1666669845581055,4.1666669845581055,80197.40655517578,212438.69091796875,0,404327403520,8589930496,5608824832,114688
10,1791556593429,2499,2500,2499,2499,2500,2499,2499,2500,2500,2500,2500,2499,2500,2499,2500,2499,4.1666669845581055,0,4.1666669845581055,0,4.1666669845581055,4.1666669845581055,4.1666669845581055,8.333333969116211,0,0,4.34782600402832,8.333333969116211,4.1666669845581055,0,4.1666669845581055,4.1666669845581055,80197.55780029297,212439.0659790039,0,404327403520,8589930496,5608824832,114688
10,1791556593439,2499,2500,2499,2499,2500,2499,2499,2500,2500,2500,2500,2499,2500,2499,2500,2499,4.1666669845581055,0,4.1666669845581055,0,4.1666669845581055,4.1666669845581055,4.1666669845581055,8.333333969116211,0,0,4.34782600402832,8.333333969116211,4.1666669845581055,0,4.1666669845581055,4.1666669845581055,80197.70654296875,212439.4444580078,0,404327403520,8589930496,5608824832,114688
10,1791556593449,2499,2500,2499,2499,2500,2499,2499,2500,2500,2500,2500,2499,2500,2499,2500,2499,4.1666669845581055,0,4.1666669845581055,0,4.1666669845581055,4.1666669845581055,4.1666669845581055,8.333333969116211,0,0,4.34782600402832,8.333333969116211,4.1666669845581055,0,4.1666669845581055,4.1666669845581055,80197.85925292969,212439.81774902344,0,404327403520,8589930496,5608824832,114688
10,1791556593459,2499,2500,2499,2499,2500,2499,2499,2500,2500,2500,2500,2499,2500,2499,2500,2499,4.1666669845581055,0,4.1666669845581055,0,4.1666669845581055,4.1666669845581055,4.1666669845581055,8.333333969116211,0,0,4.34782600402832,8.333333969116211,4.1666669845581055,0,4.1666669845581055,4.1666669845581055,80198.0062866211,212440.19464111328,0,404327403520,8589930496,5608824832,114688
10,1791556593469,2499,2500,2499,2499,2500,2499,2499,2500,2500,2500,2500,2499,2500,2499,2500,2499,4.1666669845581055,0,4.1666669845581055,0,4.1666669845581055,4.1666669845581055,4.1666669845581055,8.333333969116211,0,0,4.34782600402832,8.333333969116211,4.1666669845581055,0,4.1666669845581055,4.1666669845581055,80198.15936279297,212440.57067871094,0,404327403520,8589930496,5608824832,114688
9,1791556593479,2499,2500,2499,2499,2500,2499,2499,2500,2500,2500,2500,2499,2500,2499,2500,2499,4.1666669845581055,0,4.1666669845581055,0,4.1666669845581055,4.1666669845581055,4.1666669845581055,8.333333969116211,0,0,4.34782600402832,8.333333969116211,4.1666669845581055,0,4.1666669845581055,4.1666669845581055,80198.31427001953,212440.94598388672,0,404327403520,8589930496,5608824832,114688
10,1791556593489,2499,2500,2499,2499,2500,2499,2499,2500,2500,2500,2500,2499,2500,2499,2500,2499,73.68421173095703,0,0,0,0,0,0,31.57894515991211,0,4.761904716491699,0,0,0,0,5,0,80198.46478271484,212441.31964111328,0,404327403520,8589930496,5608824832,114688
10,1791556593499,2499,2500,2499,2499,2500,2499,2499,2500,2500,2500,2500,2499,2500,2499,2500,2499,73.68421173095703,0,0,0,0,0,0,31.57894515991211,0,4.761904716491699,0,0,0,0,5,0,80198.62213134766,212441.69787597656,0,404327403520,8589930496,5608824832,114688
10,1791556593509,2499,2500,2499,2499,2500,2499,2499,2500,2500,2500,2500,2499,2500,2499,2500,2499,73.68421173095703,0,0,0,0,0,0,31.57894515991211,0,4.761904716491699,0,0,0,0,5,0,80198.77520751953,212442.07360839844,0,404327403520,8589930496,5608824832,114688
10,1791556593519,2499,2500,2499,2499,2500,2499,2499,2500,2500,2500,2500,2499,2500,2499,2500,2499,73.68421173095703,0,0,0,0,0,0,31.57894515991211,0,4.761904716491699,0,0,0,0,5,0,80198.92956542969,212442.44873046875,0,404327403520,8589930496,5608824832,114688
10,1791556593529,2499,2500,2499,2499,2500,2499,2499,2500,2500,2500,2500,2499,2500,2499,2500,2499,73.68421173095703,0,0,0,0,0,0,31.57894515991211,0,4.761904716491699,0,0,0,0,5,0,80199.07836914063,212442.82513427734,0,404327403520,8589930496,5608824832,114688
10,1791556593540,2499,2500,2499,2499,2500,2499,2499,2500,2500,2500,2500,2499,2500,2499,2500,2499,73.68421173095703,0,0,0,0,0,0,31.57894515991211,0,4.761904716491699,0,0,0,0,5,0,80199.23468017578,212443.20458984375,0,404327403520,8589930496,5608824832,114688
10,1791556593550,2499,2500,2499,2499,2500,2499,2499,2500,2500,2500,2500,2499,2500,2499,2500,2499,73.68421173095703,0,0,0,0,0,0,31.57894515991211,0,4.761904716491699,0,0,0,0,5,0,80199.38977050781,212443.57836914063,0,404327403520,8589930496,5608824832,114688
9,1791556593560,2499,2500,2499,2499,2500,2499,2499,2500,2500,2500,2500,2499,2500,2499,2500,2499,73.68421173095703,0,0,0,0,0,0,31.57894515991211,0,4.761904716491699,0,0,0,0,5,0,80199.53692626953,212443.95489501953,0,404327403520,8589930496,5608824832,114688
10,1791556593570,2499,2500,2499,2499,2500,2499,2499,2500,2500,2500,2500,2499,2500,2499,2500,2499,73.68421173095703,0,0,0,0,0,0,31.57894515991211,0,4.761904716491699,0,0,0,0,5,0,80199.68377685547,212444.33013916016,0,404327403520,8589930496,5608824832,114688
10,1791556593580,2499,2500,2499,2499,2500,2499,2499,2500,2500,2500,2500,2499,2500,2499,2500,2499,73.68421173095703,0,0,0,0,0,0,31.57894515991211,0,4.761904716491699,0,0,0,0,5,0,80199.8349609375,212444.7020263672,0,404327403520,8589930496,5609320448,114688
9,1791556593590,2499,2500,2499,2499,2500,2499,2499,2500,2500,2500,2500,2499,2500,2499,2500,2499,73.68421173095703,0,0,0,0,0,0,31.57894515991211,0,4.761904716491699,0,0,0,0,5,0,80199.99920654297,212445.04919433594,0,404327403520,8589930496,5609320448,114688
10,1791556593600,2499,2500,2499,2499,2500,2499,2499,2500,2500,2500,2500,2499,2500,2499,2500,2499,73.68421173095703,0,0,0,0,0,0,31.57894515991211,0,4.761904716491699,0,0,0,0,5,0,80200.15411376953,212445.36743164063,0,404327403520,8589930496,5609320448,114688
9,1791556593610,2499,2500,2499,2499,2500,2499,2499,2500,2500,2500,2500,2499,2500,2499,2500,2499,73.68421173095703,0,0,0,0,0,0,31.57894515991211,0,4.761904716491699,0,0,0,0,5,0,80200.30682373047,212445.7178955078,0,404327403520,8589930496,5607567360,114688
9,1791556593620,2499,2500,2499,2499,2500,2499,2499,2500,2500,2500,2500,2499,2500,2499,2500,2499,73.68421173095703,0,0,0,0,0,0,31.57894515991211,0,4.761904716491699,0,0,0,0,5,0,80200.45916748047,212446.0380859375,0,404327403520,8589930496,5612285952,114688
9,1791556593630,2499,2500,2499,2499,2500,2499,2499,2500,2500,2500,2500,2499,2500,2499,2500,2499,73.68421173095703,0,0,0,0,0,0,31.57894515991211,0,4.761904716491699,0,0,0,0,5,0,80200.61242675781,212446.3536376953,0,404327403520,8589930496,5612285952,114688
10,1791556593640,2499,2500,2499,2499,2500,2499,2499,2500,2500,2500,2500,2499,2500,2499,2500,2499,73.68421173095703,0,0,0,0,0,0,31.57894515991211,0,4.761904716491699,0,0,0,0,5,0,80200.7650756836,212446.66772460938,0,404327403520,8589930496,5622693888,114688
10,1791556593650,2499,2500,2499,2499,2500,2499,2499,2500,2500,2500,2500,2499,2500,2499,2500,2499,73.68421173095703,0,0,0,0,0,0,31.57894515991211,0,4.761904716491699,0,0,0,0,5,0,80200.9194946289,212446.97979736328,0,404327403520,8589930496,5636571136,114688
9,1791556593660,2499,2500,2499,2499,2500,2499,2499,2500,2500,2500,2500,2499,2500,2499,2500,2499,73.68421173095703,0,0,0,0,0,0,31.57894515991211,0,4.761904716491699,0,0,0,0,5,0,80201.07373046875,212447.29412841797,0,404327403520,8589930496,5636571136,114688
10,1791556593670,2499,2500,2499,2499,2500,2499,2499,2500,2500,2500,2500,2499,2500,2499,2500,2499,73.68421173095703,0,0,0,0,0,0,31.57894515991211,0,4.761904716491699,0,0,0,0,5,0,80201.22296142578,212447.61938476563,0,404327403520,8589930496,5652430848,114688
9,1791556593681,2499,2500,2499,2499,2500,2499,2499,2500,2500,2500,2500,2499,2500,2499,2500,2499,73.68421173095703,0,0,0,0,0,0,31.57894515991211,0,4.761904716491699,0,0,0,0,5,0,80201.3740234375,212447.94262695313,0,404327403520,8589930496,5669281792,114688
9,1791556593691,2499,2500,2499,2499,2500,2499,2499,2500,2500,2500,2500,2499,2500,2499,2500,2499,50,5.263157844543457,20,0,4.761904716491699,0,0,40,0,0,0,0,0,0,0,0,80201.5386352539,212448.28302001953,0,404327403520,8589930496,5685637120,114688
10,1791556593701,2499,2500,2499,2499,2500,2499,2499,2500,2500,2500,2500,2499,2500,2499,2500,2499,50,5.263157844543457,20,0,4.761904716491699,0,0,40,0,0,0,0,0,0,0,0,80201.67376708984,212448.5765991211,0,404327403520,8589930496,5694062592,114688
9,1791556593711,2499,2500,2499,2499,2500,2499,2499,2500,2500,2500,2500,2499,2500,2499,2500,2499,50,5.263157844543457,20,0,4.761904716491699,0,0,40,0,0,0,0,0,0,0,0,80201.82720947266,212448.88330078125,0,404327403520,8589930496,5701992448,114688
9,1791556593721,2499,2500,2499,2499,2500,2499,2499,2500,2500,2500,2500,2499,2500,2499,2500,2499,50,5.263157844543457,20,0,4.761904716491699,0,0,40,0,0,0,0,0,0,0,0,80201.98553466797,212449.1997680664,0,404327403520,8589930496,5701992448,114688
9,1791556593731,2499,2500,2499,2499,2500,2499,2499,2500,2500,2500,2500,2499,2500,2499,2500,2499,50,5.263157844543457,20,0,4.761904716491699,0,0,40,0,0,0,0,0,0,0,0,80202.13897705078,212449.51135253906,0,404327403520,8589930496,5701992448,114688
9,1791556593741,2499,2500,2499,2499,2500,2499,2499,2500,2500,2500,2500,2499,2500,2499,2500,2499,50,5.263157844543457,20,0,4.761904716491699,0,0,40,0,0,0,0,0,0,0,0,80202.29113769531,212449.82147216797,0,404327403520,8589930496,5701992448,114688
9,1791556593751,2499,2500,2499,2499,2500,2499,2499,2500,2500,2500,2500,2499,2500,2499,2500,2499,50,5.263157844543457,20,0,4.761904716491699,0,0,40,0,0,0,0,0,0,0,0,80202.44714355469,212450.14428710938,0,404327403520,8589930496,5710417920,114688
9,1791556593761,2499,2500,2499,2499,2500,2499,2499,2500,2500,2500,2500,2499,2500,2499,2500,2499,50,5.263157844543457,20,0,4.761904716491699,0,0,40,0,0,0,0,0,0,0,0,80202.61834716797,212450.4917602539,0,404327403520,8589930496,5718843392,114688
10,1791556593771,2499,2500,2499,2499,2500,2499,2499,2500,2500,2500,2500,2499,2500,2499,2500,2499,50,5.263157844543457,20,0,4.761904716491699,0,0,40,0,0,0,0,0,0,0,0,80202.7582397461,212450.7728881836,0,404327403520,8589930496,5718843392,114688
9,1791556593781,2499,2500,2499,2499,2500,2499,2499,2500,2500,2500,2500,2499,2500,2499,2500,2499,50,5.263157844543457,20,0,4.761904716491699,0,0,40,0,0,0,0,0,0,0,0,80202.92462158203,212451.11224365234,0,404327403520,8589930496,5718843392,114688
9,1791556593791,2499,2500,2499,2499,2500,2499,2499,2500,2500,2500,2500,2499,2500,2499,2500,2499,50,5.263157844543457,20,0,4.761904716491699,0,0,40,0,0,0,0,0,0,0,0,80203.07843017578,212451.42572021484,0,404327403520,8589930496,5718843392,114688
9,1791556593801,2499,2500,2499,2499,2500,2499,2499,2500,2500,2500,2500,2499,2500,2499,2500,2499,50,5.263157844543457,20,0,4.761904716491699,0,0,40,0,0,0,0,0,0,0,0,80203.23132324219,212451.7413330078,0,404327403520,8589930496,5718843392,114688
9,1791556593812,2499,2500,2499,2499,2500,2499,2499,2500,2500,2500,2500,2499,2500,2499,2500,2499,50,5.263157844543457,20,0,4.761904716491699,0,0,40,0,0,0,0,0,0,0,0,80203.38366699219,212452.05792236328,0,404327403520,8589930496,5718843392,114688
9,1791556593822,2499,2500,2499,2499,2500,2499,2499,2500,2500,2500,2500,2499,2500,2499,2500,2499,50,5.263157844543457,20,0,4.761904716491699,0,0,40,0,0,0,0,0,0,0,0,80203.53698730469,212452.37493896484,0,404327403520,8589930496,5718843392,114688
10,1791556593832,2499,2500,2499,2499,2500,2499,2499,2500,2500,2500,2500,2499,2500,2499,2500,2499,50,5.263157844543457,20,0,4.761904716491699,0,0,40,0,0,0,0,0,0,0,0,80203.69219970703,212452.6849975586,0,404327403520,8589930496,5718843392,114688
9,1791556593842,2499,2500,2499,2499,2500,2499,2499,2500,2500,2500,2500,2499,2500,2499,2500,2499,50,5.263157844543457,20,0,4.761904716491699,0,0,40,0,0,0,0,0,0,0,0,80203.84289550781,212452.99932861328,0,404327403520,8589930496,5718843392,114688
9,1791556593852,2499,2500,2499,2499,2500,2499,2499,2500,2500,2500,2500,2499,2500,2499,2500,2499,50,5.263157844543457,20,0,4.761904716491699,0,0,40,0,0,0,0,0,0,0,0,80203.99780273438,212453.31420898438,0,404327403520,8589930496,5718843392,114688
9,1791556593862,2499,2500,2499,2499,2500,2499,2499,2500,2500,2500,2500,2499,2500,2499,2500,2499,50,5.263157844543457,20,0,4.761904716491699,0,0,40,0,0,0,0,0,0,0,0,80204.15124511719,212453.63018798828,0,404327403520,8589930496,5718843392,114688
9,1791556593872,2499,2500,2499,2499,2500,2499,2499,2500,2500,2500,2500,2499,2500,2499,2500,2499,50,5.263157844543457,20,0,4.761904716491699,0,0,40,0,0,0,0,0,0,0,0,80204.30285644531,212453.9483642578,0,404327403520,8589930496,5718843392,114688
9,1791556593882,2499,2500,2499,2499,2500,2499,2499,2500,2500,2500,2500,2499,2500,2499,2500,2499,50,5.263157844543457,20,0,4.761904716491699,0,0,40,0,0,0,0,0,0,0,0,80204.45727539063,212454.26788330078,0,404327403520,8589930496,5718843392,114688
10,1791556593892,2499,2500,2499,2499,2500,2499,2499,2500,2500,2500,2500,2499,2500,2499,2500,2499,5,0,100,0,0,0,0,0,5,0,0,0,0,0,0,0,80204.611328125,212454.5811767578,0,404327403520,8589930496,5718843392,114688
10,1791556593902,2499,2500,2499,2499,2500,2499,2499,2500,2500,2500,2500,2499,2500,2499,2500,2499,5,0,100,0,0,0,0,0,5,0,0,0,0,0,0,0,80204.76641845703,212454.89862060547,0,404327403520,8589930496,5718843392,114688
9,1791556593912,2499,2500,2499,2499,2500,2499,2499,2500,2500,2500,2500,2499,2500,2499,2500,2499,5,0,100,0,0,0,0,0,5,0,0,0,0,0,0,0,80204.93585205078,212455.24877929688,0,404327403520,8589930496,5718843392,114688
9,1791556593922,2499,2500,2499,2499,2500,2499,2499,2500,2500,2500,2500,2499,2500,2499,2500,2499,5,0,100,0,0,0,0,0,5,0,0,0,0,0,0,0,80205.07263183594,212455.53955078125,0,404327403520,8589930496,5726773248,114688
10,1791556593932,2499,2500,2499,2499,2500,2499,2499,2500,2500,2500,2500,2499,2500,2499,2500,2499,5,0,100,0,0,0,0,0,5,0,0,0,0,0,0,0,80205.24005126953,212455.88745117188,0,404327403520,8589930496,5726773248,114688
9,1791556593942,2499,2500,2499,2499,2500,2499,2499,2500,2500,2500,2500,2499,2500,2499,2500,2499,5,0,100,0,0,0,0,0,5,0,0,0,0,0,0,0,80205.38635253906,212456.20294189453,0,404327403520,8589930496,5726773248,114688
10,1791556593952,2499,2500,2499,2499,2500,2499,2499,2500,2500,2500,2500,2499,2500,2499,2500,2499,5,0,100,0,0,0,0,0,5,0,0,0,0,0,0,0,80205.54455566406,212456.5213623047,0,404327403520,8589930496,5726773248,114688
9,1791556593963,2499,2500,2499,2499,2500,2499,2499,2500,2500,2500,2500,2499,2500,2499,2500,2499,5,0,100,0,0,0,0,0,5,0,0,0,0,0,0,0,80205.6982421875,212456.8363647461,0,404327403520,8589930496,5726773248,114688
9,1791556593973,2499,2500,2499,2499,2500,2499,2499,2500,2500,2500,2500,2499,2500,2499,2500,2499,5,0,100,0,0,0,0,0,5,0,0,0,0,0,0,0,80205.85095214844,212457.1551513672,0,404327403520,8589930496,5726773248,114688
9,1791556593983,2499,2500,2499,2499,2500,2499,2499,2500,2500,2500,2500,2499,2500,2499,2500,2499,5,0,100,0,0,0,0,0,5,0,0,0,0,0,0,0,80206.00592041016,212457.47039794922,0,404327403520,8589930496,5726773248,114688
9,1791556593993,2499,2500,2499,2499,2500,2499,2499,2500,2500,2500,2500,2499,2500,2499,2500,2499,5,0,100,0,0,0,0,0,5,0,0,0,0,0,0,0,80206.1577758789,212457.78533935547,0,404327403520,8589930496,5726773248,114688
9,1791556594003,2499,2500,2499,2499,2500,2499,2499,2500,2500,2500,2500,2499,2500,2499,2500,2499,5,0,100,0,0,0,0,0,5,0,0,0,0,0,0,0,80206.3119506836,212458.10095214844,0,404327403520,8589930496,5728755712,114688
9,1791556594013,2499,2500,2499,2499,2500,2499,2499,2500,2500,2500,2500,2499,2500,2499,2500,2499,5,0,100,0,0,0,0,0,5,0,0,0,0,0,0,0,80206.46649169922,212458.41497802734,0,404327403520,8589930496,5728755712,114688
9,1791556594023,2499,2500,2499,2499,2500,2499,2499,2500,2500,2500,2500,2499,2500,2499,2500,2499,5,0,100,0,0,0,0,0,5,0,0,0,0,0,0,0,80206.61975097656,212458.72625732422,0,404327403520,8589930496,5732720640,114688
9,1791556594033,2499,2500,2499,2499,2500,2499,2499,2500,2500,2500,2500,2499,2500,2499,2500,2499,5,0,100,0,0,0,0,0,5,0,0,0,0,0,0,0,80206.7748413086,212459.03985595703,0,404327403520,8589930496,5732720640,114688
9,1791556594043,2499,2500,2499,2499,2500,2499,2499,2500,2500,2500,2500,2499,2500,2499,2500,2499,5,0,100,0,0,0,0,0,5,0,0,0,0,0,0,0,80206.94110107422,212459.35107421875,0,404327403520,8589930496,5732720640,114688
9,1791556594053,2499,2500,2499,2499,2500,2499,2499,2500,2500,2500,2500,2499,2500,2499,2500,2499,5,0,100,0,0,0,0,0,5,0,0,0,0,0,0,0,80207.08905029297,212459.6947631836,0,404327403520,8589930496,5732720640,114688
9,1791556594063,2499,2500,2499,2499,2500,2499,2499,2500,2500,2500,2500,2499,2500,2499,2500,2499,5,0,100,0,0,0,0,0,5,0,0,0,0,0,0,0,80207.22802734375,212459.97637939453,0,404327403520,8589930496,5732720640,114688
9,1791556594073,2499,2500,2499,2499,2500,2499,2499,2500,2500,2500,2500,2499,2500,2499,2500,2499,5,0,100,0,0,0,0,0,5,0,0,0,0,0,0,0,80207.38092041016,212460.32495117188,0,404327403520,8589930496,5732720640,114688
10,1791556594083,2499,2500,2499,2499,2500,2499,2499,2500,2500,2500,2500,2499,2500,2499,2500,2499,5,0,100,0,0,0,0,0,5,0,0,0,0,0,0,0,80207.5341796875,212460.60125732422,0,404327403520,8589930496,5732720640,114688
9,1791556594094,2499,2500,2499,2499,2500,2499,2499,2500,2500,2500,2500,2499,2500,2499,2500,2499,5.263157844543457,0,100,0,0,0,0,5.263157844543457,0,0,0,0,0,0,0,0,80207.70245361328,212460.94219970703,0,404327403520,8589930496,5732438016,114688
9,1791556594104,2499,2500,2499,2499,2500,2499,2499,2500,2500,2500,2500,2499,2500,2499,2500,2499,5.263157844543457,0,100,0,0,0,0,5.263157844543457,0,0,0,0,0,0,0,0,80207.85369873047,212461.26190185547,0,404327403520,8589930496,5732438016,114688
9,1791556594114,2499,2500,2499,2499,2500,2499,2499,2500,2500,2500,2500,2499,2500,2499,2500,2499,5.263157844543457,0,100,0,0,0,0,5.263157844543457,0,0,0,0,0,0,0,0,80208.00457763672,212461.57305908203,0,404327403520,8589930496,5732438016,114688
9,1791556594124,2499,2500,2499,2499,2500,2499,2499,2500,2500,2500,2500,2499,2500,2499,2500,2499,5.263157844543457,0,100,0,0,0,0,5.263157844543457,0,0,0,0,0,0,0,0,80208.16296386719,212461.8846435547,0,404327403520,8589930496,5732438016,114688
9,1791556594134,2499,2500,2499,2499,2500,2499,2499,2500,2500,2500,2500,2499,2500,2499,2500,2499,5.263157844543457,0,100,0,0,0,0,5.263157844543457,0,0,0,0,0,0,0,0,80208.31475830078,212462.19677734375,0,404327403520,8589930496,5732438016,114688
10,1791556594144,2499,2500,2499,2499,2500,2499,2499,2500,2500,2500,2500,2499,2500,2499,2500,2499,5.263157844543457,0,100,0,0,0,0,5.263157844543457,0,0,0,0,0,0,0,0,80208.46520996094,212462.5126953125,0,404327403520,8589930496,5732438016,114688
9,1791556594154,2499,2500,2499,2499,2500,2499,2499,2500,2500,2500,2500,2499,2500,2499,2500,2499,5.263157844543457,0,100,0,0,0,0,5.263157844543457,0,0,0,0,0,0,0,0,80208.6195678711,212462.83038330078,0,404327403520,8589930496,5715144704,114688
9,1791556594164,2499,2500,2499,2499,2500,2499,2499,2500,2500,2500,2500,2499,2500,2499,2500,2499,5.263157844543457,0,100,0,0,0,0,5.263157844543457,0,0,0,0,0,0,0,0,80208.77154541016,212463.1456298828,0,404327403520,8589930496,5715144704,114688
10,1791556594174,2499,2500,2499,2499,2500,2499,2499,2500,2500,2500,2500,2499,2500,2499,2500,2499,5.263157844543457,0,100,0,0,0,0,5.263157844543457,0,0,0,0,0,0,0,0,80208.92370605469,212463.46063232422,0,404327403520,8589930496,5715144704,114688
10,1791556594184,2499,2500,2499,2499,2500,2499,2499,2500,2500,2500,2500,2499,2500,2499,2500,2499,5.263157844543457,0,100,0,0,0,0,5.263157844543457,0,0,0,0,0,0,0,0,80209.07720947266,212463.7784423828,0,404327403520,8589930496,5715144704,114688
10,1791556594194,2499,2500,2499,2499,2500,2499,2499,2500,2500,2500,2500,2499,2500,2499,2500,2499,5.263157844543457,0,100,0,0,0,0,5.263157844543457,0,0,0,0,0,0,0,0,80209.23156738281,212464.09344482422,0,404327403520,8589930496,5715144704,114688
9,1791556594204,2499,2500,2499,2499,2500,2499,2499,2500,2500,2500,2500,2499,2500,2499,2500,2499,5.263157844543457,0,100,0,0,0,0,5.263157844543457,0,0,0,0,0,0,0,0,80209.38079833984,212464.40356445313,0,404327403520,8589930496,5715144704,114688
9,1791556594214,2499,2500,2499,2499,2500,2499,2499,2500,2500,2500,2500,2499,2500,2499,2500,2499,5.263157844543457,0,100,0,0,0,0,5.263157844543457,0,0,0,0,0,0,0,0,80209.53973388672,212464.71710205078,0,404327403520,8589930496,5715144704,114688
9,1791556594224,2499,2500,2499,2499,2500,2499,2499,2500,2500,2500,2500,2499,2500,2499,2500,2499,5.263157844543457,0,100,0,0,0,0,5.263157844543457,0,0,0,0,0,0,0,0,80209.70471191406,212465.06201171875,0,404327403520,8589930496,5715144704,114688
9,1791556594235,2499,2500,2499,2499,2500,2499,2499,2500,2500,2500,2500,2499,2500,2499,2500,2499,5.263157844543457,0,100,0,0,0,0,5.263157844543457,0,0,0,0,0,0,0,0,80209.85852050781,212465.37408447266,0,404327403520,8589930496,5715144704,114688
9,1791556594245,2499,2500,2499,2499,2500,2499,2499,2500,2500,2500,2500,2499,2500,2499,2500,2499,5.263157844543457,0,100,0,0,0,0,5.263157844543457,0,0,0,0,0,0,0,0,80209.99615478516,212465.66052246094,0,404327403520,8589930496,5715144704,114688
10,1791556594255,2499,2500,2499,2499,2500,2499,2499,2500,2500,2500,2500,2499,2500,2499,2500,2499,5.263157844543457,0,100,0,0,0,0,5.263157844543457,0,0,0,0,0,0,0,0,80210.16442871094,212466.00927734375,0,404327403520,8589930496,5715144704,114688
9,1791556594265,2499,2500,2499,2499,2500,2499,2499,2500,2500,2500,2500,2499,2500,2499,2500,2499,5.263157844543457,0,100,0,0,0,0,5.263157844543457,0,0,0,0,0,0,0,0,80210.31439208984,212466.32244873047,0,404327403520,8589930496,5715144704,114688
9,1791556594275,2499,2500,2499,2499,2500,2499,2499,2500,2500,2500,2500,2499,2500,2499,2500,2499,5.263157844543457,0,100,0,0,0,0,5.263157844543457,0,0,0,0,0,0,0,0,80210.46923828125,212466.63177490234,0,404327403520,8589930496,5715144704,114688
9,1791556594285,2499,2500,2499,2499,2500,2499,2499,2500,2500,2500,2500,2499,2500,2499,2500,2499,5.263157844543457,0,100,0,0,0,0,5.263157844543457,0,0,0,0,0,0,0,0,80210.62268066406,212466.9464111328,0,404327403520,8589930496,5715144704,114688
9,1791556594295,2499,2500,2499,2499,2500,2499,2499,2500,2500,2500,2500,2499,2500,2499,2500,2499,5.263157844543457,0,100,0,0,0,0,0,0,0,0,0,0,0,0,0,80210.77978515625,212467.26037597656,0,404327403520,8589930496,5715144704,114688
9,1791556594305,2499,2500,2499,2499,2500,2499,2499,2500,2500,2500,2500,2499,2500,2499,2500,2499,5.263157844543457,0,100,0,0,0,0,0,0,0,0,0,0,0,0,0,80210.93292236328,212467.5717163086,0,404327403520,8589930496,5715144704,114688
9,1791556594315,2499,2500,2499,2499,2500,2499,2499,2500,2500,2500,2500,2499,2500,2499,2500,2499,5.263157844543457,0,100,0,0,0,0,0,0,0,0,0,0,0,0,0,80211.08325195313,212467.8887939453,0,404327403520,8589930496,5715144704,114688
9,1791556594325,2499,2500,2499,2499,2500,2499,2499,2500,2500,2500,2500,2499,2500,2499,2500,2499,5.263157844543457,0,100,0,0,0,0,0,0,0,0,0,0,0,0,0,80211.2357788086,212468.19885253906,0,404327403520,8589930496,5715144704,114688
9,1791556594335,2499,2500,2499,2499,2500,2499,2499,2500,2500,2500,2500,2499,2500,2499,2500,2499,5.263157844543457,0,100,0,0,0,0,0,0,0,0,0,0,0,0,0,80211.39251708984,212468.5112915039,0,404327403520,8589930496,5715144704,114688
10,1791556594345,2499,2500,2499,2499,2500,2499,2499,2500,2500,2500,2500,2499,2500,2499,2500,2499,5.263157844543457,0,100,0,0,0,0,0,0,0,0,0,0,0,0,0,80211.54528808594,212468.82305908203,0,404327403520,8589930496,5715144704,114688
10,1791556594355,2499,2500,2499,2499,2500,2499,2499,2500,2500,2500,2500,2499,2500,2499,2500,2499,5.263157844543457,0,100,0,0,0,0,0,0,0,0,0,0,0,0,0,80211.69836425781,212469.13708496094,0,404327403520,8589930496,5715144704,114688
9,1791556594365,2499,2500,2499,2499,2500,2499,2499,2500,2500,2500,2500,2499,2500,2499,2500,2499,5.263157844543457,0,100,0,0,0,0,0,0,0,0,0,0,0,0,0,80211.85626220703,212469.45233154297,0,404327403520,8589930496,5715144704,114688
10,1791556594375,2499,2500,2499,2499,2500,2499,2499,2500,2500,2500,2500,2499,2500,2499,2500,2499,5.263157844543457,0,100,0,0,0,0,0,0,0,0,0,0,0,0,0,80212.0087890625,212469.7684326172,0,404327403520,8589930496,5715144704,114688
9,1791556594386,2499,2500,2499,2499,2500,2499,2499,2500,2500,2500,2500,2499,2500,2499,2500,2499,5.263157844543457,0,100,0,0,0,0,0,0,0,0,0,0,0,0,0,80212.1734008789,212470.11364746094,0,404327403520,8589930496,5715144704,114688
10,1791556594396,2499,2500,2499,2499,2500,2499,2499,2500,2500,2500,2500,2499,2500,2499,2500,2499,5.263157844543457,0,100,0,0,0,0,0,0,0,0,0,0,0,0,0,80212.3081665039,212470.3949584961,0,404327403520,8589930496,5715144704,114688
9,1791556594406,2499,2500,2499,2499,2500,2499,2499,2500,2500,2500,2500,2499,2500,2499,2500,2499,5.263157844543457,0,100,0,0,0,0,0,0,0,0,0,0,0,0,0,80212.47094726563,212470.74237060547,0,404327403520,8589930496,5715144704,114688
9,1791556594416,2499,2500,2499,2499,2500,2499,2499,2500,2500,2500,2500,2499,2500,2499,2500,2499,5.263157844543457,0,100,0,0,0,0,0,0,0,0,0,0,0,0,0,80212.61444091797,212471.05255126953,0,404327403520,8589930496,5715144704,114688
9,1791556594426,2499,2500,2499,2499,2500,2499,2499,2500,2500,2500,2500,2499,2500,2499,2500,2499,5.263157844543457,0,100,0,0,0,0,0,0,0,0,0,0,0,0,0,80212.76678466797,212471.36450195313,0,404327403520,8589930496,5715144704,114688
9,1791556594436,2499,2500,2499,2499,2500,2499,2499,2500,2500,2500,2500,2499,2500,2499,2500,2499,5.263157844543457,0,100,0,0,0,0,0,0,0,0,0,0,0,0,0,80212.9154663086,212471.6830444336,0,404327403520,8589930496,5715144704,114688
9,1791556594446,2499,2500,2499,2499,2500,2499,2499,2500,2500,2500,2500,2499,2500,2499,2500,2499,5.263157844543457,0,100,0,0,0,0,0,0,0,0,0,0,0,0,0,80213.06634521484,212472.00262451172,0,404327403520,8589930496,5715144704,114688
10,1791556594456,2499,2500,2499,2499,2500,2499,2499,2500,2500,2500,2500,2499,2500,2499,2500,2499,5.263157844543457,0,100,0,0,0,0,0,0,0,0,0,0,0,0,0,80213.2162475586,212472.31915283203,0,404327403520,8589930496,5715144704,114688
9,1791556594466,2499,2500,2499,2499,2500,2499,2499,2500,2500,2500,2500,2499,2500,2499,2500,2499,5.263157844543457,0,100,0,0,0,0,0,0,0,0,0,0,0,0,0,80213.36840820313,212472.634765625,0,404327403520,8589930496,5715144704,114688
9,1791556594476,2499,2500,2499,2499,2500,2499,2499,2500,2500,2500,2500,2499,2500,2499,2500,2499,5.263157844543457,0,100,0,0,0,0,0,0,0,0,0,0,0,0,0,80213.51934814453,212472.94921875,0,404327403520,8589930496,5715144704,114688
10,1791556594486,2499,2500,2499,2499,2500,2499,2499,2500,2500,2500,2500,2499,2500,2499,2500,2499,5.263157844543457,0,100,0,0,0,0,0,0,0,0,0,0,0,0,0,80213.66625976563,212473.26586914063,0,404327403520,8589930496,5715144704,114688
9,1791556594496,2499,2500,2499,2499,2500,2499,2499,2500,2500,2500,2500,2499,2500,2499,2500,2499,5.263157844543457,0,100,0,0,0,0,10,0,0,0,0,0,0,0,0,80213.82006835938,212473.58361816406,0,404327403520,8589930496,5715144704,114688
9,1791556594506,2499,2500,2499,2499,2500,2499,2499,2500,2500,2500,2500,2499,2500,2499,2500,2499,5.263157844543457,0,100,0,0,0,0,10,0,0,0,0,0,0,0,0,80213.9682006836,212473.90393066406,0,404327403520,8589930496,5715144704,114688
10,1791556594516,2499,2500,2499,2499,2500,2499,2499,2500,2500,2500,2500,2499,2500,2499,2500,2499,5.263157844543457,0,100,0,0,0,0,10,0,0,0,0,0,0,0,0,80214.11688232422,212474.2192993164,0,404327403520,8589930496,5715144704,114688
10,1791556594526,2499,2500,2499,2499,2500,2499,2499,2500,2500,2500,2500,2499,2500,2499,2500,2499,5.263157844543457,0,100,0,0,0,0,10,0,0,0,0,0,0,0,0,80214.2705078125,212474.52923583984,0,404327403520,8589930496,5715144704,114688
10,1791556594537,2499,2500,2499,2499,2500,2499,2499,2500,2500,2500,2500,2499,2500,2499,2500,2499,5.263157844543457,0,100,0,0,0,0,10,0,0,0,0,0,0,0,0,80214.42468261719,212474.84594726563,0,404327403520,8589930496,5716135936,114688
9,1791556594547,2499,2500,2499,2499,2500,2499,2499,2500,2500,2500,2500,2499,2500,2499,2500,2499,5.263157844543457,0,100,0,0,0,0,10,0,0,0,0,0,0,0,0,80214.59466552734,212475.18969726563,0,404327403520,8589930496,5717127168,114688
9,1791556594557,2499,2500,2499,2499,2500,2499,2499,2500,2500,2500,2500,2499,2500,2499,2500,2499,5.263157844543457,0,100,0,0,0,0,10,0,0,0,0,0,0,0,0,80214.7466430664,212475.50262451172,0,404327403520,8589930496,5719109632,114688
9,1791556594567,2499,2500,2499,2499,2500,2499,2499,2500,2500,2500,2500,2499,2500,2499,2500,2499,5.263157844543457,0,100,0,0,0,0,10,0,0,0,0,0,0,0,0,80214.90264892578,212475.81884765625,0,404327403520,8589930496,5719109632,114688
9,1791556594577,2499,2500,2499,2499,2500,2499,2499,2500,2500,2500,2500,2499,2500,2499,2500,2499,5.263157844543457,0,100,0,0,0,0,10,0,0,0,0,0,0,0,0,80215.05480957031,212476.13507080078,0,404327403520,8589930496,5723074560,114688
10,1791556594587,2499,2500,2499,2499,2500,2499,2499,2500,2500,2500,2500,2499,2500,2499,2500,2499,5.263157844543457,0,100,0,0,0,0,10,0,0,0,0,0,0,0,0,80215.21099853516,212476.44757080078,0,404327403520,8589930496,5723074560,114688
9,1791556594597,2499,2500,2499,2499,2500,2499,2499,2500,2500,2500,2500,2499,2500,2499,2500,2499,5.263157844543457,0,100,0,0,0,0,10,0,0,0,0,0,0,0,0,80215.3589477539,212476.75994873047,0,404327403520,8589930496,5723074560,114688
10,1791556594607,2499,2500,2499,2499,2500,2499,2499,2500,2500,2500,2500,2499,2500,2499,2500,2499,5.263157844543457,0,100,0,0,0,0,10,0,0,0,0,0,0,0,0,80215.5101928711,212477.0750732422,0,404327403520,8589930496,5723074560,114688
9,1791556594617,2499,2500,2499,2499,2500,2499,2499,2500,2500,2500,2500,2499,2500,2499,2500,2499,5.263157844543457,0,100,0,0,0,0,10,0,0,0,0,0,0,0,0,80215.66455078125,212477.388671875,0,404327403520,8589930496,5723074560,114688
10,1791556594627,2499,2500,2499,2499,2500,2499,2499,2500,2500,2500,2500,2499,2500,2499,2500,2499,5.263157844543457,0,100,0,0,0,0,10,0,0,0,0,0,0,0,0,80215.82019042969,212477.70190429688,0,404327403520,8589930496,5723074560,114688
9,1791556594637,2499,2500,2499,2499,2500,2499,2499,2500,2500,2500,2500,2499,2500,2499,2500,2499,5.263157844543457,0,100,0,0,0,0,10,0,0,0,0,0,0,0,0,80215.97729492188,212478.01599121094,0,404327403520,8589930496,5723074560,114688
10,1791556594647,2499,2500,2499,2499,2500,2499,2499,2500,2500,2500,2500,2499,2500,2499,2500,2499,5.263157844543457,0,100,0,0,0,0,10,0,0,0,0,0,0,0,0,80216.12615966797,212478.3331298828,0,404327403520,8589930496,5725057024,114688
9,1791556594657,2499,2500,2499,2499,2500,2499,2499,2500,2500,2500,2500,2499,2500,2499,2500,2499,5.263157844543457,0,100,0,0,0,0,10,0,0,0,0,0,0,0,0,80216.28033447266,212478.64697265625,0,404327403520,8589930496,5725057024,114688
9,1791556594668,2499,2500,2499,2499,2500,2499,2499,2500,2500,2500,2500,2499,2500,2499,2500,2499,5.263157844543457,0,100,0,0,0,0,10,0,0,0,0,0,0,0,0,80216.43395996094,212478.95794677734,0,404327403520,8589930496,5727039488,114688
9,1791556594678,2499,2500,2499,2499,2500,2499,2499,2500,2500,2500,2500,2499,2500,2499,2500,2499,5.263157844543457,0,100,0,0,0,0,10,0,0,0,0,0,0,0,0,80216.58428955078,212479.27709960938,0,404327403520,8589930496,5727039488,114688
9,1791556594688,2499,2500,2499,2499,2500,2499,2499,2500,2500,2500,2500,2499,2500,2499,2500,2499,5.263157844543457,0,100,0,0,0,0,10,0,0,0,0,0,0,0,0,80216.73571777344,212479.5919189453,0,404327403520,8589930496,5731004416,114688
9,1791556594698,2499,2500,2499,2499,2500,2499,2499,2500,2500,2500,2500,2499,2500,2499,2500,2499,5,0,100,0,0,0,0,0,0,0,0,0,0,0,0,0,80216.90399169922,212479.93194580078,0,404327403520,8589930496,5731004416,114688
9,1791556594708,2499,2500,2499,2499,2500,2499,2499,2500,2500,2500,2500,2499,2500,2499,2500,2499,5,0,100,0,0,0,0,0,0,0,0,0,0,0,0,0,80217.03936767578,212480.2247314453,0,404327403520,8589930496,5731004416,114688
9,1791556594718,2499,2500,2499,2499,2500,2499,2499,2500,2500,2500,2500,2499,2500,2499,2500,2499,5,0,100,0,0,0,0,0,0,0,0,0,0,0,0,0,80217.2085571289,212480.52911376953,0,404327403520,8589930496,5731004416,114688
9,1791556594728,2499,2500,2499,2499,2500,2499,2499,2500,2500,2500,2500,2499,2500,2499,2500,2499,5,0,100,0,0,0,0,0,0,0,0,0,0,0,0,0,80217.34295654297,212480.8406982422,0,404327403520,8589930496,5731004416,114688
10,1791556594738,2499,2500,2499,2499,2500,2499,2499,2500,2500,2500,2500,2499,2500,2499,2500,2499,5,0,100,0,0,0,0,0,0,0,0,0,0,0,0,0,80217.48815917969,212481.15264892578,0,404327403520,8589930496,5731004416,114688
9,1791556594748,2499,2500,2499,2499,2500,2499,2499,2500,2500,2500,2500,2499,2500,2499,2500,2499,5,0,100,0,0,0,0,0,0,0,0,0,0,0,0,0,80217.63977050781,212481.4580078125,0,404327403520,8589930496,5731004416,114688
9,1791556594758,2499,2500,2499,2499,2500,2499,2499,2500,2500,2500,2500,2499,2500,2499,2500,2499,5,0,100,0,0,0,0,0,0,0,0,0,0,0,0,0,80217.80877685547,212481.7992553711,0,404327403520,8589930496,5731004416,114688
9,1791556594768,2499,2500,2499,2499,2500,2499,2499,2500,2500,2500,2500,2499,2500,2499,2500,2499,5,0,100,0,0,0,0,0,0,0,0,0,0,0,0,0,80217.96221923828,212482.11932373047,0,404327403520,8589930496,5731995648,114688
9,1791556594778,2499,2500,2499,2499,2500,2499,2499,2500,2500,2500,2500,2499,2500,2499,2500,2499,5,0,100,0,0,0,0,0,0,0,0,0,0,0,0,0,80218.1127319336,212482.43743896484,0,404327403520,8589930496,5734969344,114688
10,1791556594788,2499,2500,2499,2499,2500,2499,2499,2500,2500,2500,2500,2499,2500,2499,2500,2499,5,0,100,0,0,0,0,0,0,0,0,0,0,0,0,0,80218.26837158203,212482.74658203125,0,404327403520,8589930496,5734969344,114688
9,1791556594798,2499,2500,2499,2499,2500,2499,2499,2500,2500,2500,2500,2499,2500,2499,2500,2499,5,0,100,0,0,0,0,0,0,0,0,0,0,0,0,0,80218.42694091797,212483.05670166016,0,404327403520,8589930496,5738934272,114688
9,1791556594809,2499,2500,2499,2499,2500,2499,2499,2500,2500,2500,2500,2499,2500,2499,2500,2499,5,0,100,0,0,0,0,0,0,0,0,0,0,0,0,0,80218.58624267578,212483.37365722656,0,404327403520,8589930496,5738934272,114688
9,1791556594819,2499,2500,2499,2499,2500,2499,2499,2500,2500,2500,2500,2499,2500,2499,2500,2499,5,0,100,0,0,0,0,0,0,0,0,0,0,0,0,0,80218.7407836914,212483.6879272461,0,404327403520,8589930496,5738934272,114688
9,1791556594829,2499,2500,2499,2499,2500,2499,2499,2500,2500,2500,2500,2499,2500,2499,2500,2499,5,0,100,0,0,0,0,0,0,0,0,0,0,0,0,0,80218.89147949219,212484.00415039063,0,404327403520,8589930496,5738934272,114688
9,1791556594839,2499,2500,2499,2499,2500,2499,2499,2500,2500,2500,2500,2499,2500,2499,2500,2499,5,0,100,0,0,0,0,0,0,0,0,0,0,0,0,0,80219.04638671875,212484.31524658203,0,404327403520,8589930496,5738934272,114688
9,1791556594849,2499,2500,2499,2499,2500,2499,2499,2500,2500,2500,2500,2499,2500,2499,2500,2499,5,0,100,0,0,0,0,0,0,0,0,0,0,0,0,0,80219.19604492188,212484.63458251953,0,404327403520,8589930496,5738934272,114688
9,1791556594859,2499,2500,2499,2499,2500,2499,2499,2500,2500,2500,2500,2499,2500,2499,2500,2499,5,0,100,0,0,0,0,0,0,0,0,0,0,0,0,0,80219.34216308594,212484.9412841797,0,404327403520,8589930496,5747359744,114688
9,1791556594869,2499,2500,2499,2499,2500,2499,2499,2500,2500,2500,2500,2499,2500,2499,2500,2499,5,0,100,0,0,0,0,0,0,0,0,0,0,0,0,0,80219.49322509766,212485.259765625,0,404327403520,8589930496,5747359744,114688
9,1791556594879,2499,2500,2499,2499,2500,2499,2499,2500,2500,2500,2500,2499,2500,2499,2500,2499,5,0,100,0,0,0,0,0,0,0,0,0,0,0,0,0,80219.642578125,212485.57843017578,0,404327403520,8589930496,5747359744,114688
9,1791556594889,2499,2500,2499,2499,2500,2499,2499,2500,2500,2500,2500,2499,2500,2499,2500,2499,5,0,100,0,0,0,0,0,0,0,0,0,0,0,0,0,80219.8154296875,212485.9276123047,0,404327403520,8589930496,5747359744,114688
9,1791556594899,2499,2500,2499,2499,2500,2499,2499,2500,2500,2500,2500,2499,2500,2499,2500,2499,5.263157844543457,0,100,0,0,0,0,9.523809432983398,0,0,0,0,0,0,0,0,80219.96575927734,212486.23834228516,0,404327403520,8589930496,5747359744,114688
9,1791556594909,2499,2500,2499,2499,2500,2499,2499,2500,2500,2500,2500,2499,2500,2499,2500,2499,5.263157844543457,0,100,0,0,0,0,9.523809432983398,0,0,0,0,0,0,0,0,80220.11297607422,212486.5557861328,0,404327403520,8589930496,5747359744,114688
10,1791556594919,2499,2500,2499,2499,2500,2499,2499,2500,2500,2500,2500,2499,2500,2499,2500,2499,5.263157844543457,0,100,0,0,0,0,9.523809432983398,0,0,0,0,0,0,0,0,80220.26531982422,212486.87286376953,0,404327403520,8589930496,5747359744,114688
9,1791556594929,2499,2500,2499,2499,2500,2499,2499,2500,2500,2500,2500,2499,2500,2499,2500,2499,5.263157844543457,0,100,0,0,0,0,9.523809432983398,0,0,0,0,0,0,0,0,80220.42169189453,212487.18395996094,0,404327403520,8589930496,5747359744,114688
9,1791556594939,2499,2500,2499,2499,2500,2499,2499,2500,2500,2500,2500,2499,2500,2499,2500,2499,5.263157844543457,0,100,0,0,0,0,9.523809432983398,0,0,0,0,0,0,0,0,80220.57220458984,212487.50268554688,0,404327403520,8589930496,5747359744,114688
9,1791556594950,2499,2500,2499,2499,2500,2499,2499,2500,2500,2500,2500,2499,2500,2499,2500,2499,5.263157844543457,0,100,0,0,0,0,9.523809432983398,0,0,0,0,0,0,0,0,80220.72650146484,212487.82104492188,0,404327403520,8589930496,5747359744,114688
9,1791556594960,2499,2500,2499,2499,2500,2499,2499,2500,2500,2500,2500,2499,2500,2499,2500,2499,5.263157844543457,0,100,0,0,0,0,9.523809432983398,0,0,0,0,0,0,0,0,80220.87994384766,212488.1411743164,0,404327403520,8589930496,5755785216,114688
9,1791556594970,2499,2500,2499,2499,2500,2499,2499,2500,2500,2500,2500,2499,2500,2499,2500,2499,5.263157844543457,0,100,0,0,0,0,9.523809432983398,0,0,0,0,0,0,0,0,80221.0302734375,212488.45916748047,0,404327403520,8589930496,5755785216,114688
9,1791556594980,2499,2500,2499,2499,2500,2499,2499,2500,2500,2500,2500,2499,2500,2499,2500,2499,5.263157844543457,0,100,0,0,0,0,9.523809432983398,0,0,0,0,0,0,0,0,80221.1820678711,212488.775390625,0,404327403520,8589930496,5755785216,114688
9,1791556594990,2499,2500,2499,2499,2500,2499,2499,2500,2500,2500,2500,2499,2500,2499,2500,2499,5.263157844543457,0,100,0,0,0,0,9.523809432983398,0,0,0,0,0,0,0,0,80221.33349609375,212489.0936279297,0,404327403520,8589930496,5755785216,114688
9,1791556595000,2499,2500,2499,2499,2500,2499,2499,2500,2500,2500,2500,2499,2500,2499,2500,2499,5.263157844543457,0,100,0,0,0,0,9.523809432983398,0,0,0,0,0,0,0,0,80221.48583984375,212489.4093017578,0,404327403520,8589930496,5755785216,114688
9,1791556595010,2499,2500,2499,2499,2500,2499,2499,2500,2500,2500,2500,2499,2500,2499,2500,2499,5.263157844543457,0,100,0,0,0,0,9.523809432983398,0,0,0,0,0,0,0,0,80221.63836669922,212489.7275390625,0,404327403520,8589930496,5755785216,114688
9,1791556595020,2499,2500,2499,2499,2500,2499,2499,2500,2500,2500,2500,2499,2500,2499,2500,2499,5.263157844543457,0,100,0,0,0,0,9.523809432983398,0,0,0,0,0,0,0,0,80221.78723144531,212490.0435180664,0,404327403520,8589930496,5755785216,114688
10,1791556595030,2499,2500,2499,2499,2500,2499,2499,2500,2500,2500,2500,2499,2500,2499,2500,2499,5.263157844543457,0,100,0,0,0,0,9.523809432983398,0,0,0,0,0,0,0,0,80221.93829345703,212490.35955810547,0,404327403520,8589930496,5755785216,114688
9,1791556595040,2499,2500,2499,2499,2500,2499,2499,2500,2500,2500,2500,2499,2500,2499,2500,2499,5.263157844543457,0,100,0,0,0,0,9.523809432983398,0,0,0,0,0,0,0,0,80222.09375,212490.67810058594,0,404327403520,8589930496,5755785216,114688
10,1791556595050,2499,2500,2499,2499,2500,2499,2499,2500,2500,2500,2500,2499,2500,2499,2500,2499,5.263157844543457,0,100,0,0,0,0,9.523809432983398,0,0,0,0,0,0,0,0,80222.2437133789,212490.99053955078,0,404327403520,8589930496,5755785216,114688
10,1791556595060,2499,2500,2499,2499,2500,2499,2499,2500,2500,2500,2500,2499,2500,2499,2500,2499,5.263157844543457,0,100,0,0,0,0,9.523809432983398,0,0,0,0,0,0,0,0,80222.39520263672,212491.30596923828,0,404327403520,8589930496,5755785216,114688
9,1791556595070,2499,2500,2499,2499,2500,2499,2499,2500,2500,2500,2500,2499,2500,2499,2500,2499,5.263157844543457,0,100,0,0,0,0,9.523809432983398,0,0,0,0,0,0,0,0,80222.56036376953,212491.65509033203,0,404327403520,8589930496,5755785216,114688
9,1791556595080,2499,2500,2499,2499,2500,2499,2499,2500,2500,2500,2500,2499,2500,2499,2500,2499,5.263157844543457,0,100,0,0,0,0,9.523809432983398,0,0,0,0,0,0,0,0,80222.71026611328,212491.97369384766,0,404327403520,8589930496,5755785216,114688
9,1791556595091,2499,2500,2499,2499,2500,2499,2499,2500,2500,2500,2500,2499,2500,2499,2500,2499,5.263157844543457,0,100,0,0,0,0,9.523809432983398,0,0,0,0,0,0,0,0,80222.8648071289,212492.29388427734,0,404327403520,8589930496,5755785216,114688
9,1791556595101,2499,2500,2499,2499,2500,2499,2499,2500,2500,2500,2500,2499,2500,2499,2500,2499,5.263157844543457,0,100,0,4.761904716491699,0,0,0,0,0,0,0,0,0,0,0,80223.0189819336,212492.6123046875,0,404327403520,8589930496,5755785216,114688
10,1791556595111,2499,2500,2499,2499,2500,2499,2499,2500,2500,2500,2500,2499,2500,2499,2500,2499,5.263157844543457,0,100,0,4.761904716491699,0,0,0,0,0,0,0,0,0,0,0,80223.1685180664,212492.9310913086,0,404327403520,8589930496,5747269632,114688
9,1791556595121,2499,2500,2499,2499,2500,2499,2499,2500,2500,2500,2500,2499,2500,2499,2500,2499,5.263157844543457,0,100,0,4.761904716491699,0,0,0,0,0,0,0,0,0,0,0,80223.31829833984,212493.2485961914,0,404327403520,8589930496,5748887552,114688
9,1791556595131,2499,2500,2499,2499,2500,2499,2499,2500,2500,2500,2500,2499,2500,2499,2500,2499,5.263157844543457,0,100,0,4.761904716491699,0,0,0,0,0,0,0,0,0,0,0,80223.47119140625,212493.568359375,0,404327403520,8589930496,5754834944,114688
9,1791556595141,2499,2500,2499,2499,2500,2499,2499,2500,2500,2500,2500,2499,2500,2499,2500,2499,5.263157844543457,0,100,0,4.761904716491699,0,0,0,0,0,0,0,0,0,0,0,80223.62231445313,212493.88861083984,0,404327403520,8589930496,5754834944,114688
9,1791556595151,2499,2500,2499,2499,2500,2499,2499,2500,2500,2500,2500,2499,2500,2499,2500,2499,5.263157844543457,0,100,0,4.761904716491699,0,0,0,0,0,0,0,0,0,0,0,80223.76934814453,212494.20904541016,0,404327403520,8589930496,5754834944,114688
9,1791556595161,2499,2500,2499,2499,2500,2499,2499,2500,2500,2500,2500,2499,2500,2499,2500,2499,5.263157844543457,0,100,0,4.761904716491699,0,0,0,0,0,0,0,0,0,0,0,80223.9242553711,212494.52587890625,0,404327403520,8589930496,5754834944,114688
9,1791556595171,2499,2500,2499,2499,2500,2499,2499,2500,2500,2500,2500,2499,2500,2499,2500,2499,5.263157844543457,0,100,0,4.761904716491699,0,0,0,0,0,0,0,0,0,0,0,80224.07330322266,212494.84497070313,0,404327403520,8589930496,5754834944,114688
10,1791556595181,2499,2500,2499,2499,2500,2499,2499,2500,2500,2500,2500,2499,2500,2499,2500,2499,5.263157844543457,0,100,0,4.761904716491699,0,0,0,0,0,0,0,0,0,0,0,80224.22473144531,212495.15606689453,0,404327403520,8589930496,5754576896,114688
10,1791556595191,2499,2500,2499,2499,2500,2499,2499,2500,2500,2500,2500,2499,2500,2499,2500,2499,5.263157844543457,0,100,0,4.761904716491699,0,0,0,0,0,0,0,0,0,0,0,80224.37414550781,212495.4701538086,0,404327403520,8589930496,5763002368,114688
9,1791556595201,2499,2500,2499,2499,2500,2499,2499,2500,2500,2500,2500,2499,2500,2499,2500,2499,5.263157844543457,0,100,0,4.761904716491699,0,0,0,0,0,0,0,0,0,0,0,80224.525390625,212495.75872802734,0,404327403520,8589930496,5763002368,114688
10,1791556595211,2499,2500,2499,2499,2500,2499,2499,2500,2500,2500,2500,2499,2500,2499,2500,2499,5.263157844543457,0,100,0,4.761904716491699,0,0,0,0,0,0,0,0,0,0,0,80224.6753540039,212496.11071777344,0,404327403520,8589930496,5763002368,114688
9,1791556595221,2499,2500,2499,2499,2500,2499,2499,2500,2500,2500,2500,2499,2500,2499,2500,2499,5.263157844543457,0,100,0,4.761904716491699,0,0,0,0,0,0,0,0,0,0,0,80224.84216308594,212496.4564819336,0,404327403520,8589930496,5763002368,114688
9,1791556595232,2499,2500,2499,2499,2500,2499,2499,2500,2500,2500,2500,2499,2500,2499,2500,2499,5.263157844543457,0,100,0,4.761904716491699,0,0,0,0,0,0,0,0,0,0,0,80224.99487304688,212496.77081298828,0,404327403520,8589930496,5763002368,114688
9,1791556595242,2499,2500,2499,2499,2500,2499,2499,2500,2500,2500,2500,2499,2500,2499,2500,2499,5.263157844543457,0,100,0,4.761904716491699,0,0,0,0,0,0,0,0,0,0,0,80225.14733886719,212497.08282470703,0,404327403520,8589930496,5763002368,114688
9,1791556595252,2499,2500,2499,2499,2500,2499,2499,2500,2500,2500,2500,2499,2500,2499,2500,2499,5.263157844543457,0,100,0,4.761904716491699,0,0,0,0,0,0,0,0,0,0,0,80225.30041503906,212497.39617919922,0,404327403520,8589930496,5763002368,114688
9,1791556595262,2499,2500,2499,2499,2500,2499,2499,2500,2500,2500,2500,2499,2500,2499,2500,2499,5.263157844543457,0,100,0,4.761904716491699,0,0,0,0,0,0,0,0,0,0,0,80225.45513916016,212497.71014404297,0,404327403520,8589930496,5763002368,114688
9,1791556595272,2499,2500,2499,2499,2500,2499,2499,2500,2500,2500,2500,2499,2500,2499,2500,2499,5.263157844543457,0,100,0,4.761904716491699,0,0,0,0,0,0,0,0,0,0,0,80225.61096191406,212498.02459716797,0,404327403520,8589930496,5763002368,114688
9,1791556595282,2499,2500,2499,2499,2500,2499,2499,2500,2500,2500,2500,2499,2500,2499,2500,2499,5.263157844543457,0,100,0,4.761904716491699,0,0,0,0,0,0,0,0,0,0,0,80225.76000976563,212498.33978271484,0,404327403520,8589930496,5763002368,114688
9,1791556595292,2499,2500,2499,2499,2500,2499,2499,2500,2500,2500,2500,2499,2500,2499,2500,2499,5.263157844543457,0,100,0,4.761904716491699,0,0,0,0,0,0,0,0,0,0,0,80225.91204833984,212498.65509033203,0,404327403520,8589930496,5763002368,114688
9,1791556595302,2499,2500,2499,2499,2500,2499,2499,2500,2500,2500,2500,2499,2500,2499,2500,2499,5.263157844543457,5,100,0,0,0,0,9.523809432983398,5,0,9.523809432983398,0,0,0,0,0,80226.06164550781,212498.97430419922,0,404327403520,8589930496,5770932224,114688
10,1791556595312,2499,2500,2499,2499,2500,2499,2499,2500,2500,2500,2500,2499,2500,2499,2500,2499,5.263157844543457,5,100,0,0,0,0,9.523809432983398,5,0,9.523809432983398,0,0,0,0,0,80226.21166992188,212499.28973388672,0,404327403520,8589930496,5770932224,114688
9,1791556595322,2499,2500,2499,2499,2500,2499,2499,2500,2500,2500,2500,2499,2500,2499,2500,2499,5.263157844543457,5,100,0,0,0,0,9.523809432983398,5,0,9.523809432983398,0,0,0,0,0,80226.3662109375,212499.61181640625,0,404327403520,8589930496,5770932224,114688
9,1791556595332,2499,2500,2499,2499,2500,2499,2499,2500,2500,2500,2500,2499,2500,2499,2500,2499,5.263157844543457,5,100,0,0,0,0,9.523809432983398,5,0,9.523809432983398,0,0,0,0,0,80226.51928710938,212499.92810058594,0,404327403520,8589930496,5770932224,114688
10,1791556595342,2499,2500,2499,2499,2500,2499,2499,2500,2500,2500,2500,2499,2500,2499,2500,2499,5.263157844543457,5,100,0,0,0,0,9.523809432983398,5,0,9.523809432983398,0,0,0,0,0,80226.66925048828,212500.2432861328,0,404327403520,8589930496,5770932224,114688
10,1791556595352,2499,2500,2499,2499,2500,2499,2499,2500,2500,2500,2500,2499,2500,2499,2500,2499,5.263157844543457,5,100,0,0,0,0,9.523809432983398,5,0,9.523809432983398,0,0,0,0,0,80226.82061767578,212500.55657958984,0,404327403520,8589930496,5770932224,114688
9,1791556595362,2499,2500,2499,2499,2500,2499,2499,2500,2500,2500,2500,2499,2500,2499,2500,2499,5.263157844543457,5,100,0,0,0,0,9.523809432983398,5,0,9.523809432983398,0,0,0,0,0,80226.97259521484,212500.87255859375,0,404327403520,8589930496,5770932224,114688
9,1791556595372,2499,2500,2499,2499,2500,2499,2499,2500,2500,2500,2500,2499,2500,2499,2500,2499,5.263157844543457,5,100,0,0,0,0,9.523809432983398,5,0,9.523809432983398,0,0,0,0,0,80227.1215209961,212501.1893310547,0,404327403520,8589930496,5770932224,114688
10,1791556595382,2499,2500,2499,2499,2500,2499,2499,2500,2500,2500,2500,2499,2500,2499,2500,2499,5.263157844543457,5,100,0,0,0,0,9.523809432983398,5,0,9.523809432983398,0,0,0,0,0,80227.26989746094,212501.50366210938,0,404327403520,8589930496,5770932224,114688
9,1791556595393,2499,2500,2499,2499,2500,2499,2499,2500,2500,2500,2500,2499,2500,2499,2500,2499,5.263157844543457,5,100,0,0,0,0,9.523809432983398,5,0,9.523809432983398,0,0,0,0,0,80227.43560791016,212501.85034179688,0,404327403520,8589930496,5770932224,114688
9,1791556595403,2499,2500,2499,2499,2500,2499,2499,2500,2500,2500,2500,2499,2500,2499,2500,2499,5.263157844543457,5,100,0,0,0,0,9.523809432983398,5,0,9.523809432983398,0,0,0,0,0,80227.58715820313,212502.16326904297,0,404327403520,8589930496,5779357696,114688
9,1791556595413,2499,2500,2499,2499,2500,2499,2499,2500,2500,2500,2500,2499,2500,2499,2500,2499,5.263157844543457,5,100,0,0,0,0,9.523809432983398,5,0,9.523809432983398,0,0,0,0,0,80227.74114990234,212502.47979736328,0,404327403520,8589930496,5779357696,114688
9,1791556595423,2499,2500,2499,2499,2500,2499,2499,2500,2500,2500,2500,2499,2500,2499,2500,2499,5.263157844543457,5,100,0,0,0,0,9.523809432983398,5,0,9.523809432983398,0,0,0,0,0,80227.88970947266,212502.79766845703,0,404327403520,8589930496,5779357696,114688
9,1791556595433,2499,2500,2499,2499,2500,2499,2499,2500,2500,2500,2500,2499,2500,2499,2500,2499,5.263157844543457,5,100,0,0,0,0,9.523809432983398,5,0,9.523809432983398,0,0,0,0,0,80228.0424194336,212503.11328125,0,404327403520,8589930496,5779357696,114688
10,1791556595443,2499,2500,2499,2499,2500,2499,2499,2500,2500,2500,2500,2499,2500,2499,2500,2499,5.263157844543457,5,100,0,0,0,0,9.523809432983398,5,0,9.523809432983398,0,0,0,0,0,80228.19604492188,212503.4263305664,0,404327403520,8589930496,5779357696,114688
9,1791556595453,2499,2500,2499,2499,2500,2499,2499,2500,2500,2500,2500,2499,2500,2499,2500,2499,5.263157844543457,5,100,0,0,0,0,9.523809432983398,5,0,9.523809432983398,0,0,0,0,0,80228.34985351563,212503.74096679688,0,404327403520,8589930496,5779357696,114688
9,1791556595463,2499,2500,2499,2499,2500,2499,2499,2500,2500,2500,2500,2499,2500,2499,2500,2499,5.263157844543457,5,100,0,0,0,0,9.523809432983398,5,0,9.523809432983398,0,0,0,0,0,80228.49523925781,212504.05755615234,0,404327403520,8589930496,5779357696,114688
9,1791556595473,2499,2500,2499,2499,2500,2499,2499,2500,2500,2500,2500,2499,2500,2499,2500,2499,5.263157844543457,5,100,0,0,0,0,9.523809432983398,5,0,9.523809432983398,0,0,0,0,0,80228.64776611328,212504.37713623047,0,404327403520,8589930496,5787783168,114688
10,1791556595483,2499,2500,2499,2499,2500,2499,2499,2500,2500,2500,2500,2499,2500,2499,2500,2499,5.263157844543457,5,100,0,0,0,0,9.523809432983398,5,0,9.523809432983398,0,0,0,0,0,80228.79864501953,212504.69073486328,0,404327403520,8589930496,5787783168,114688
10,1791556595493,2499,2500,2499,2499,2500,2499,2499,2500,2500,2500,2500,2499,2500,2499,2500,2499,5.263157844543457,5,100,0,0,0,0,9.523809432983398,5,0,9.523809432983398,0,0,0,0,0,80228.95098876953,212505.0076904297,0,404327403520,8589930496,5787783168,114688
9,1791556595503,2499,2500,2499,2499,2500,2499,2499,2500,2500,2500,2500,2499,2500,2499,2500,2499,5,0,100,0,0,5,0,5.263157844543457,0,5,0,0,0,0,0,0,80229.1030883789,212505.32452392578,0,404327403520,8589930496,5787783168,114688
10,1791556595513,2499,2500,2499,2499,2500,2499,2499,2500,2500,2500,2500,2499,2500,2499,2500,2499,5,0,100,0,0,5,0,5.263157844543457,0,5,0,0,0,0,0,0,80229.25469970703,212505.63800048828,0,404327403520,8589930496,5787783168,114688
10,1791556595523,2499,2500,2499,2499,2500,2499,2499,2500,2500,2500,2500,2499,2500,2499,2500,2499,5,0,100,0,0,5,0,5.263157844543457,0,5,0,0,0,0,0,0,80229.41015625,212505.95678710938,0,404327403520,8589930496,5795713024,114688
9,1791556595534,2499,2500,2499,2499,2500,2499,2499,2500,2500,2500,2500,2499,2500,2499,2500,2499,5,0,100,0,0,5,0,5.263157844543457,0,5,0,0,0,0,0,0,80229.58099365234,212506.30682373047,0,404327403520,8589930496,5795713024,114688
9,1791556595544,2499,2500,2499,2499,2500,2499,2499,2500,2500,2500,2500,2499,2500,2499,2500,2499,5,0,100,0,0,5,0,5.263157844543457,0,5,0,0,0,0,0,0,80229.734375,212506.6231689453,0,404327403520,8589930496,5795713024,114688
9,1791556595554,2499,2500,2499,2499,2500,2499,2499,2500,2500,2500,2500,2499,2500,2499,2500,2499,5,0,100,0,0,5,0,5.263157844543457,0,5,0,0,0,0,0,0,80229.88708496094,212506.9408569336,0,404327403520,8589930496,5795713024,114688
9,1791556595564,2499,2500,2499,2499,2500,2499,2499,2500,2500,2500,2500,2499,2500,2499,2500,2499,5,0,100,0,0,5,0,5.263157844543457,0,5,0,0,0,0,0,0,80230.03887939453,212507.25842285156,0,404327403520,8589930496,5795713024,114688
10,1791556595574,2499,2500,2499,2499,2500,2499,2499,2500,2500,2500,2500,2499,2500,2499,2500,2499,5,0,100,0,0,5,0,5.263157844543457,0,5,0,0,0,0,0,0,80230.18640136719,212507.57263183594,0,404327403520,8589930496,5795713024,114688
9,1791556595584,2499,2500,2499,2499,2500,2499,2499,2500,2500,2500,2500,2499,2500,2499,2500,2499,5,0,100,0,0,5,0,5.263157844543457,0,5,0,0,0,0,0,0,80230.33599853516,212507.8823852539,0,404327403520,8589930496,5795713024,114688
10,1791556595594,2499,2500,2499,2499,2500,2499,2499,2500,2500,2500,2500,2499,2500,2499,2500,2499,5,0,100,0,0,5,0,5.263157844543457,0,5,0,0,0,0,0,0,80230.48541259766,212508.19598388672,0,404327403520,8589930496,5795713024,114688
10,1791556595604,2499,2500,2499,2499,2500,2499,2499,2500,2500,2500,2500,2499,2500,2499,2500,2499,5,0,100,0,0,5,0,5.263157844543457,0,5,0,0,0,0,0,0,80230.63494873047,212508.51000976563,0,404327403520,8589930496,5795713024,114688
9,1791556595614,2499,2500,2499,2499,2500,2499,2499,2500,2500,2500,2500,2499,2500,2499,2500,2499,5,0,100,0,0,5,0,5.263157844543457,0,5,0,0,0,0,0,0,80230.78820800781,212508.8253173828,0,404327403520,8589930496,5795713024,114688
9,1791556595624,2499,2500,2499,2499,2500,2499,2499,2500,2500,2500,2500,2499,2500,2499,2500,2499,5,0,100,0,0,5,0,5.263157844543457,0,5,0,0,0,0,0,0,80230.94268798828,212509.14141845703,0,404327403520,8589930496,5795713024,114688
9,1791556595634,2499,2500,2499,2499,2500,2499,2499,2500,2500,2500,2500,2499,2500,2499,2500,2499,5,0,100,0,0,5,0,5.263157844543457,0,5,0,0,0,0,0,0,80231.09759521484,212509.45764160156,0,404327403520,8589930496,5795713024,114688
9,1791556595644,2499,2500,2499,2499,2500,2499,2499,2500,2500,2500,2500,2499,2500,2499,2500,2499,5,0,100,0,0,5,0,5.263157844543457,0,5,0,0,0,0,0,0,80231.25067138672,212509.77368164063,0,404327403520,8589930496,5795713024,114688
9,1791556595655,2499,2500,2499,2499,2500,2499,2499,2500,2500,2500,2500,2499,2500,2499,2500,2499,5,0,100,0,0,5,0,5.263157844543457,0,5,0,0,0,0,0,0,80231.40045166016,212510.0927734375,0,404327403520,8589930496,5795713024,114688
9,1791556595665,2499,2500,2499,2499,2500,2499,2499,2500,2500,2500,2500,2499,2500,2499,2500,2499,5,0,100,0,0,5,0,5.263157844543457,0,5,0,0,0,0,0,0,80231.5513305664,212510.4125366211,0,404327403520,8589930496,5795713024,114688
9,1791556595675,2499,2500,2499,2499,2500,2499,2499,2500,2500,2500,2500,2499,2500,2499,2500,2499,5,0,100,0,0,5,0,5.263157844543457,0,5,0,0,0,0,0,0,80231.70697021484,212510.73010253906,0,404327403520,8589930496,5795713024,114688
9,1791556595685,2499,2500,2499,2499,2500,2499,2499,2500,2500,2500,2500,2499,2500,2499,2500,2499,5,0,100,0,0,5,0,5.263157844543457,0,5,0,0,0,0,0,0,80231.85949707031,212511.05548095703,0,404327403520,8589930496,5795713024,114688
9,1791556595695,2499,2500,2499,2499,2500,2499,2499,2500,2500,2500,2500,2499,2500,2499,2500,2499,5,0,100,0,0,5,0,5.263157844543457,0,5,0,0,0,0,0,0,80232.02563476563,212511.4058227539,0,404327403520,8589930496,5795713024,114688
9,1791556595705,2499,2500,2499,2499,2500,2499,2499,2500,2500,2500,2500,2499,2500,2499,2500,2499,10,0,100,0,0,0,0,0,0,0,0,0,0,0,0,0,80232.17724609375,212511.71936035156,0,404327403520,8589930496,5795713024,114688
9,1791556595715,2499,2500,2499,2499,2500,2499,2499,2500,2500,2500,2500,2499,2500,2499,2500,2499,10,0,100,0,0,0,0,0,0,0,0,0,0,0,0,0,80232.31146240234,212512.0112915039,0,404327403520,8589930496,5795713024,114688
9,1791556595725,2499,2500,2499,2499,2500,2499,2499,2500,2500,2500,2500,2499,2500,2499,2500,2499,10,0,100,0,0,0,0,0,0,0,0,0,0,0,0,0,80232.46160888672,212512.32971191406,0,404327403520,8589930496,5795713024,114688
9,1791556595735,2499,2500,2499,2499,2500,2499,2499,2500,2500,2500,2500,2499,2500,2499,2500,2499,10,0,100,0,0,0,0,0,0,0,0,0,0,0,0,0,80232.62420654297,212512.6827392578,0,404327403520,8589930496,5795713024,114688
9,1791556595745,2499,2500,2499,2499,2500,2499,2499,2500,2500,2500,2500,2499,2500,2499,2500,2499,10,0,100,0,0,0,0,0,0,0,0,0,0,0,0,0,80232.7710571289,212512.9956665039,0,404327403520,8589930496,5795713024,114688
9,1791556595755,2499,2500,2499,2499,2500,2499,2499,2500,2500,2500,2500,2499,2500,2499,2500,2499,10,0,100,0,0,0,0,0,0,0,0,0,0,0,0,0,80232.91717529297,212513.31634521484,0,404327403520,8589930496,5804138496,114688
10,1791556595765,2499,2500,2499,2499,2500,2499,2499,2500,2500,2500,2500,2499,2500,2499,2500,2499,10,0,100,0,0,0,0,0,0,0,0,0,0,0,0,0,80233.06768798828,212513.63543701172,0,404327403520,8589930496,5804138496,114688
10,1791556595775,2499,2500,2499,2499,2500,2499,2499,2500,2500,2500,2500,2499,2500,2499,2500,2499,10,0,100,0,0,0,0,0,0,0,0,0,0,0,0,0,80233.21954345703,212513.94958496094,0,404327403520,8589930496,5804138496,114688
9,1791556595785,2499,2500,2499,2499,2500,2499,2499,2500,2500,2500,2500,2499,2500,2499,2500,2499,10,0,100,0,0,0,0,0,0,0,0,0,0,0,0,0,80233.36999511719,212514.26586914063,0,404327403520,8589930496,5804138496,114688
10,1791556595795,2499,2500,2499,2499,2500,2499,2499,2500,2500,2500,2500,2499,2500,2499,2500,2499,10,0,100,0,0,0,0,0,0,0,0,0,0,0,0,0,80233.52325439453,212514.58917236328,0,404327403520,8589930496,5804138496,114688
9,1791556595806,2499,2500,2499,2499,2500,2499,2499,2500,2500,2500,2500,2499,2500,2499,2500,2499,10,0,100,0,0,0,0,0,0,0,0,0,0,0,0,0,80233.67468261719,212514.90704345703,0,404327403520,8589930496,5804138496,114688
9,1791556595816,2499,2500,2499,2499,2500,2499,2499,2500,2500,2500,2500,2499,2500,2499,2500,2499,10,0,100,0,0,0,0,0,0,0,0,0,0,0,0,0,80233.82537841797,212515.22088623047,0,404327403520,8589930496,5804138496,114688
9,1791556595826,2499,2500,2499,2499,2500,2499,2499,2500,2500,2500,2500,2499,2500,2499,2500,2499,10,0,100,0,0,0,0,0,0,0,0,0,0,0,0,0,80233.9761352539,212515.53857421875,0,404327403520,8589930496,5804138496,114688
9,1791556595836,2499,2500,2499,2499,2500,2499,2499,2500,2500,2500,2500,2499,2500,2499,2500,2499,10,0,100,0,0,0,0,0,0,0,0,0,0,0,0,0,80234.13208007813,212515.85089111328,0,404327403520,8589930496,5804138496,114688
9,1791556595846,2499,2500,2499,2499,2500,2499,2499,2500,2500,2500,2500,2499,2500,2499,2500,2499,10,0,100,0,0,0,0,0,0,0,0,0,0,0,0,0,80234.2778930664,212516.16369628906,0,404327403520,8589930496,5804138496,114688
9,1791556595856,2499,2500,2499,2499,2500,2499,2499,2500,2500,2500,2500,2499,2500,2499,2500,2499,10,0,100,0,0,0,0,0,0,0,0,0,0,0,0,0,80234.42895507813,212516.47705078125,0,404327403520,8589930496,5804138496,114688
9,1791556595866,2499,2500,2499,2499,2500,2499,2499,2500,2500,2500,2500,2499,2500,2499,2500,2499,10,0,100,0,0,0,0,0,0,0,0,0,0,0,0,0,80234.6001586914,212516.82592773438,0,404327403520,8589930496,5804138496,114688
10,1791556595876,2499,2500,2499,2499,2500,2499,2499,2500,2500,2500,2500,2499,2500,2499,2500,2499,10,0,100,0,0,0,0,0,0,0,0,0,0,0,0,0,80234.73767089844,212517.1107788086,0,404327403520,8589930496,5804138496,114688
9,1791556595886,2499,2500,2499,2499,2500,2499,2499,2500,2500,2500,2500,2499,2500,2499,2500,2499,10,0,100,0,0,0,0,0,0,0,0,0,0,0,0,0,80234.89056396484,212517.4243774414,0,404327403520,8589930496,5804138496,114688
10,1791556595896,2499,2500,2499,2499,2500,2499,2499,2500,2500,2500,2500,2499,2500,2499,2500,2499,10,0,100,0,0,0,0,0,0,0,0,0,0,0,0,0,80235.03875732422,212517.73638916016,0,404327403520,8589930496,5804138496,114688
9,1791556595906,2499,2500,2499,2499,2500,2499,2499,2500,2500,2500,2500,2499,2500,2499,2500,2499,5.263157844543457,0,90,15.000000953674316,0,0,0,5,0,0,0,0,0,0,0,0,80235.20593261719,212518.0806274414,0,404327403520,8589930496,5804138496,114688
9,1791556595916,2499,2500,2499,2499,2500,2499,2499,2500,2500,2500,2500,2499,2500,2499,2500,2499,5.263157844543457,0,90,15.000000953674316,0,0,0,5,0,0,0,0,0,0,0,0,80235.357421875,212518.3980102539,0,404327403520,8589930496,5804138496,114688
9,1791556595926,2499,2500,2499,2499,2500,2499,2499,2500,2500,2500,2500,2499,2500,2499,2500,2499,5.263157844543457,0,90,15.000000953674316,0,0,0,5,0,0,0,0,0,0,0,0,80235.51013183594,212518.7124633789,0,404327403520,8589930496,5804138496,114688
9,1791556595936,2499,2500,2499,2499,2500,2499,2499,2500,2500,2500,2500,2499,2500,2499,2500,2499,5.263157844543457,0,90,15.000000953674316,0,0,0,5,0,0,0,0,0,0,0,0,80235.6650390625,212519.0258178711,0,404327403520,8589930496,5804138496,114688
9,1791556595947,2499,2500,2499,2499,2500,2499,2499,2500,2500,2500,2500,2499,2500,2499,2500,2499,5.263157844543457,0,90,15.000000953674316,0,0,0,5,0,0,0,0,0,0,0,0,80235.8208618164,212519.34185791016,0,404327403520,8589930496,5804138496,114688
9,1791556595957,2499,2500,2499,2499,2500,2499,2499,2500,2500,2500,2500,2499,2500,2499,2500,2499,5.263157844543457,0,90,15.000000953674316,0,0,0,5,0,0,0,0,0,0,0,0,80235.97412109375,212519.6531982422,0,404327403520,8589930496,5804138496,114688
9,1791556595967,2499,2500,2499,2499,2500,2499,2499,2500,2500,2500,2500,2499,2500,2499,2500,2499,5.263157844543457,0,90,15.000000953674316,0,0,0,5,0,0,0,0,0,0,0,0,80236.12786865234,212519.96710205078,0,404327403520,8589930496,5804138496,114688
9,1791556595977,2499,2500,2499,2499,2500,2499,2499,2500,2500,2500,2500,2499,2500,2499,2500,2499,5.263157844543457,0,90,15.000000953674316,0,0,0,5,0,0,0,0,0,0,0,0,80236.2798461914,212520.2823486328,0,404327403520,8589930496,5804138496,114688
9,1791556595987,2499,2500,2499,2499,2500,2499,2499,2500,2500,2500,2500,2499,2500,2499,2500,2499,5.263157844543457,0,90,15.000000953674316,0,0,0,5,0,0,0,0,0,0,0,0,80236.43255615234,212520.59442138672,0,404327403520,8589930496,5804138496,114688
9,1791556595997,2499,2500,2499,2499,2500,2499,2499,2500,2500,2500,2500,2499,2500,2499,2500,2499,5.263157844543457,0,90,15.000000953674316,0,0,0,5,0,0,0,0,0,0,0,0,80236.58178710938,212520.90490722656,0,404327403520,8589930496,5804138496,114688
9,1791556596007,2499,2500,2499,2499,2500,2499,2499,2500,2500,2500,2500,2499,2500,2499,2500,2499,5.263157844543457,0,90,15.000000953674316,0,0,0,5,0,0,0,0,0,0,0,0,80236.7357788086,212521.22143554688,0,404327403520,8589930496,5804138496,114688
10,1791556596017,2499,2500,2499,2499,2500,2499,2499,2500,2500,2500,2500,2499,2500,2499,2500,2499,5.263157844543457,0,90,15.000000953674316,0,0,0,5,0,0,0,0,0,0,0,0,80236.89599609375,212521.52825927734,0,404327403520,8589930496,5804138496,114688
10,1791556596027,2499,2500,2499,2499,2500,2499,2499,2500,2500,2500,2500,2499,2500,2499,2500,2499,5.263157844543457,0,90,15.000000953674316,0,0,0,5,0,0,0,0,0,0,0,0,80237.04638671875,212521.84338378906,0,404327403520,8589930496,5804138496,114688
10,1791556596037,2499,2500,2499,2499,2500,2499,2499,2500,2500,2500,2500,2499,2500,2499,2500,2499,5.263157844543457,0,90,15.000000953674316,0,0,0,5,0,0,0,0,0,0,0,0,80237.19818115234,212522.1567993164,0,404327403520,8589930496,5804138496,114688
9,1791556596047,2499,2500,2499,2499,2500,2499,2499,2500,2500,2500,2500,2499,2500,2499,2500,2499,5.263157844543457,0,90,15.000000953674316,0,0,0,5,0,0,0,0,0,0,0,0,80237.35052490234,212522.46868896484,0,404327403520,8589930496,5804138496,114688
9,1791556596057,2499,2500,2499,2499,2500,2499,2499,2500,2500,2500,2500,2499,2500,2499,2500,2499,5.263157844543457,0,90,15.000000953674316,0,0,0,5,0,0,0,0,0,0,0,0,80237.52026367188,212522.81494140625,0,404327403520,8589930496,5804138496,114688
9,1791556596068,2499,2500,2499,2499,2500,2499,2499,2500,2500,2500,2500,2499,2500,2499,2500,2499,5.263157844543457,0,90,15.000000953674316,0,0,0,5,0,0,0,0,0,0,0,0,80237.6782836914,212523.1298828125,0,404327403520,8589930496,5804138496,114688
9,1791556596078,2499,2500,2499,2499,2500,2499,2499,2500,2500,2500,2500,2499,2500,2499,2500,2499,5.263157844543457,0,90,15.000000953674316,0,0,0,5,0,0,0,0,0,0,0,0,80237.83099365234,212523.4412841797,0,404327403520,8589930496,5804138496,114688
9,1791556596088,2499,2500,2499,2499,2500,2499,2499,2500,2500,2500,2500,2499,2500,2499,2500,2499,5.263157844543457,0,90,15.000000953674316,0,0,0,5,0,0,0,0,0,0,0,0,80237.98864746094,212523.7518310547,0,404327403520,8589930496,5804138496,114688
9,1791556596098,2499,2500,2499,2499,2500,2499,2499,2500,2500,2500,2500,2499,2500,2499,2500,2499,5.263157844543457,0,90,15.000000953674316,0,0,0,5,0,0,0,0,0,0,0,0,80238.13641357422,212524.0635986328,0,404327403520,8589930496,5804138496,114688
9,1791556596108,2499,2500,2499,2499,2500,2499,2499,2500,2500,2500,2500,2499,2500,2499,2500,2499,5.263157844543457,0,0,100,0,0,0,5.263157844543457,0,0,0,0,0,0,0,0,80238.28826904297,212524.37536621094,0,404327403520,8589930496,5804138496,114688
9,1791556596118,2499,2500,2499,2499,2500,2499,2499,2500,2500,2500,2500,2499,2500,2499,2500,2499,5.263157844543457,0,0,100,0,0,0,5.263157844543457,0,0,0,0,0,0,0,0,80238.44274902344,212524.6875,0,404327403520,8589930496,5804138496,114688
9,1791556596128,2499,2500,2499,2499,2500,2499,2499,2500,2500,2500,2500,2499,2500,2499,2500,2499,5.263157844543457,0,0,100,0,0,0,5.263157844543457,0,0,0,0,0,0,0,0,80238.59564208984,212525.0037841797,0,404327403520,8589930496,5804138496,114688
10,1791556596138,2499,2500,2499,2499,2500,2499,2499,2500,2500,2500,2500,2499,2500,2499,2500,2499,5.263157844543457,0,0,100,0,0,0,5.263157844543457,0,0,0,0,0,0,0,0,80238.7494506836,212525.32330322266,0,404327403520,8589930496,5786107904,114688
9,1791556596148,2499,2500,2499,2499,2500,2499,2499,2500,2500,2500,2500,2499,2500,2499,2500,2499,5.263157844543457,0,0,100,0,0,0,5.263157844543457,0,0,0,0,0,0,0,0,80238.8989868164,212525.63409423828,0,404327403520,8589930496,5786107904,114688
9,1791556596158,2499,2500,2499,2499,2500,2499,2499,2500,2500,2500,2500,2499,2500,2499,2500,2499,5.263157844543457,0,0,100,0,0,0,5.263157844543457,0,0,0,0,0,0,0,0,80239.05377197266,212525.94470214844,0,404327403520,8589930496,5786107904,114688
10,1791556596168,2499,2500,2499,2499,2500,2499,2499,2500,2500,2500,2500,2499,2500,2499,2500,2499,5.263157844543457,0,0,100,0,0,0,5.263157844543457,0,0,0,0,0,0,0,0,80239.21105957031,212526.255859375,0,404327403520,8589930496,5786107904,114688
9,1791556596178,2499,2500,2499,2499,2500,2499,2499,2500,2500,2500,2500,2499,2500,2499,2500,2499,5.263157844543457,0,0,100,0,0,0,5.263157844543457,0,0,0,0,0,0,0,0,80239.36212158203,212526.5668334961,0,404327403520,8589930496,5786107904,114688
9,1791556596188,2499,2500,2499,2499,2500,2499,2499,2500,2500,2500,2500,2499,2500,2499,2500,2499,5.263157844543457,0,0,100,0,0,0,5.263157844543457,0,0,0,0,0,0,0,0,80239.51098632813,212526.87884521484,0,404327403520,8589930496,5786107904,114688
10,1791556596198,2499,2500,2499,2499,2500,2499,2499,2500,2500,2500,2500,2499,2500,2499,2500,2499,5.263157844543457,0,0,100,0,0,0,5.263157844543457,0,0,0,0,0,0,0,0,80239.66259765625,212527.1903076172,0,404327403520,8589930496,5786107904,114688
9,1791556596208,2499,2500,2499,2499,2500,2499,2499,2500,2500,2500,2500,2499,2500,2499,2500,2499,5.263157844543457,0,0,100,0,0,0,5.263157844543457,0,0,0,0,0,0,0,0,80239.8134765625,212527.50018310547,0,404327403520,8589930496,5786107904,114688
9,1791556596218,2499,2500,2499,2499,2500,2499,2499,2500,2500,2500,2500,2499,2500,2499,2500,2499,5.263157844543457,0,0,100,0,0,0,5.263157844543457,0,0,0,0,0,0,0,0,80239.9623413086,212527.81658935547,0,404327403520,8589930496,5786107904,114688
9,1791556596229,2499,2500,2499,2499,2500,2499,2499,2500,2500,2500,2500,2499,2500,2499,2500,2499,5.263157844543457,0,0,100,0,0,0,5.263157844543457,0,0,0,0,0,0,0,0,80240.12976074219,212528.15966796875,0,404327403520,8589930496,5786107904,114688
9,1791556596239,2499,2500,2499,2499,2500,2499,2499,2500,2500,2500,2500,2499,2500,2499,2500,2499,5.263157844543457,0,0,100,0,0,0,5.263157844543457,0,0,0,0,0,0,0,0,80240.28283691406,212528.47216796875,0,404327403520,8589930496,5786107904,114688
9,1791556596249,2499,2500,2499,2499,2500,2499,2499,2500,2500,2500,2500,2499,2500,2499,2500,2499,5.263157844543457,0,0,100,0,0,0,5.263157844543457,0,0,0,0,0,0,0,0,80240.43865966797,212528.78564453125,0,404327403520,8589930496,5786107904,114688
9,1791556596259,2499,2500,2499,2499,2500,2499,2499,2500,2500,2500,2500,2499,2500,2499,2500,2499,5.263157844543457,0,0,100,0,0,0,5.263157844543457,0,0,0,0,0,0,0,0,80240.59521484375,212529.10107421875,0,404327403520,8589930496,5786107904,114688
9,1791556596269,2499,2500,2499,2499,2500,2499,2499,2500,2500,2500,2500,2499,2500,2499,2500,2499,5.263157844543457,0,0,100,0,0,0,5.263157844543457,0,0,0,0,0,0,0,0,80240.75103759766,212529.42559814453,0,404327403520,8589930496,5786107904,114688
9,1791556596279,2499,2500,2499,2499,2500,2499,2499,2500,2500,2500,2500,2499,2500,2499,2500,2499,5.263157844543457,0,0,100,0,0,0,5.263157844543457,0,0,0,0,0,0,0,0,80240.9028930664,212529.74072265625,0,404327403520,8589930496,5786107904,114688
9,1791556596289,2499,2500,2499,2499,2500,2499,2499,2500,2500,2500,2500,2499,2500,2499,2500,2499,5.263157844543457,0,0,100,0,0,0,5.263157844543457,0,0,0,0,0,0,0,0,80241.06036376953,212530.0570678711,0,404327403520,8589930496,5786107904,114688
9,1791556596299,2499,2500,2499,2499,2500,2499,2499,2500,2500,2500,2500,2499,2500,2499,2500,2499,5.263157844543457,0,0,100,0,0,0,5.263157844543457,0,0,0,0,0,0,0,0,80241.21160888672,212530.37298583984,0,404327403520,8589930496,5786107904,114688
9,1791556596309,2499,2500,2499,2499,2500,2499,2499,2500,2500,2500,2500,2499,2500,2499,2500,2499,5,0,20,80.95238494873047,0,0,0,0,0,0,0,5,0,0,0,0,80241.36340332031,212530.68798828125,0,404327403520,8589930496,5786107904,114688
9,1791556596319,2499,2500,2499,2499,2500,2499,2499,2500,2500,2500,2500,2499,2500,2499,2500,2499,5,0,20,80.95238494873047,0,0,0,0,0,0,0,5,0,0,0,0,80241.51721191406,212531.00256347656,0,404327403520,8589930496,5786107904,114688
9,1791556596329,2499,2500,2499,2499,2500,2499,2499,2500,2500,2500,2500,2499,2500,2499,2500,2499,5,0,20,80.95238494873047,0,0,0,0,0,0,0,5,0,0,0,0,80241.66845703125,212531.31561279297,0,404327403520,8589930496,5786107904,114688
9,1791556596339,2499,2500,2499,2499,2500,2499,2499,2500,2500,2500,2500,2499,2500,2499,2500,2499,5,0,20,80.95238494873047,0,0,0,0,0,0,0,5,0,0,0,0,80241.82318115234,212531.63134765625,0,404327403520,8589930496,5786107904,114688
9,1791556596350,2499,2500,2499,2499,2500,2499,2499,2500,2500,2500,2500,2499,2500,2499,2500,2499,5,0,20,80.95238494873047,0,0,0,0,0,0,0,5,0,0,0,0,80241.97058105469,212531.9476928711,0,404327403520,8589930496,5786107904,114688
10,1791556596359,2499,2500,2499,2499,2500,2499,2499,2500,2500,2500,2500,2499,2500,2499,2500,2499,5,0,20,80.95238494873047,0,0,0,0,0,0,0,5,0,0,0,0,80242.11798095703,212532.26611328125,0,404327403520,8589930496,5786107904,114688
9,1791556596370,2499,2500,2499,2499,2500,2499,2499,2500,2500,2500,2500,2499,2500,2499,2500,2499,5,0,20,80.95238494873047,0,0,0,0,0,0,0,5,0,0,0,0,80242.28533935547,212532.6138305664,0,404327403520,8589930496,5786107904,114688
9,1791556596380,2499,2500,2499,2499,2500,2499,2499,2500,2500,2500,2500,2499,2500,2499,2500,2499,5,0,20,80.95238494873047,0,0,0,0,0,0,0,5,0,0,0,0,80242.42980957031,212532.92346191406,0,404327403520,8589930496,5786107904,114688
9,1791556596390,2499,2500,2499,2499,2500,2499,2499,2500,2500,2500,2500,2499,2500,2499,2500,2499,5,0,20,80.95238494873047,0,0,0,0,0,0,0,5,0,0,0,0,80242.58270263672,212533.23455810547,0,404327403520,8589930496,5786107904,114688
9,1791556596400,2499,2500,2499,2499,2500,2499,2499,2500,2500,2500,2500,2499,2500,2499,2500,2499,5,0,20,80.95238494873047,0,0,0,0,0,0,0,5,0,0,0,0,80242.73596191406,212533.54956054688,0,404327403520,8589930496,5786107904,114688
9,1791556596410,2499,2500,2499,2499,2500,2499,2499,2500,2500,2500,2500,2499,2500,2499,2500,2499,5,0,20,80.95238494873047,0,0,0,0,0,0,0,5,0,0,0,0,80242.88653564453,212533.8624267578,0,404327403520,8589930496,5786107904,114688
9,1791556596420,2499,2500,2499,2499,2500,2499,2499,2500,2500,2500,2500,2499,2500,2499,2500,2499,5,0,20,80.95238494873047,0,0,0,0,0,0,0,5,0,0,0,0,80243.03466796875,212534.17797851563,0,404327403520,8589930496,5786107904,114688
9,1791556596430,2499,2500,2499,2499,2500,2499,2499,2500,2500,2500,2500,2499,2500,2499,2500,2499,5,0,20,80.95238494873047,0,0,0,0,0,0,0,5,0,0,0,0,80243.18371582031,212534.4881591797,0,404327403520,8589930496,5786107904,114688
9,1791556596440,2499,2500,2499,2499,2500,2499,2499,2500,2500,2500,2500,2499,2500,2499,2500,2499,5,0,20,80.95238494873047,0,0,0,0,0,0,0,5,0,0,0,0,80243.33514404297,212534.80017089844,0,404327403520,8589930496,5786107904,114688
9,1791556596450,2499,2500,2499,2499,2500,2499,2499,2500,2500,2500,2500,2499,2500,2499,2500,2499,5,0,20,80.95238494873047,0,0,0,0,0,0,0,5,0,0,0,0,80243.49279785156,212535.11029052734,0,404327403520,8589930496,5786107904,114688
9,1791556596460,2499,2500,2499,2499,2500,2499,2499,2500,2500,2500,2500,2499,2500,2499,2500,2499,5,0,20,80.95238494873047,0,0,0,0,0,0,0,5,0,0,0,0,80243.6488647461,212535.42602539063,0,404327403520,8589930496,5786107904,114688
9,1791556596470,2499,2500,2499,2499,2500,2499,2499,2500,2500,2500,2500,2499,2500,2499,2500,2499,5,0,20,80.95238494873047,0,0,0,0,0,0,0,5,0,0,0,0,80243.80267333984,212535.7410888672,0,404327403520,8589930496,5786107904,114688
9,1791556596480,2499,2500,2499,2499,2500,2499,2499,2500,2500,2500,2500,2499,2500,2499,2500,2499,5,0,20,80.95238494873047,0,0,0,0,0,0,0,5,0,0,0,0,80243.95971679688,212536.05279541016,0,404327403520,8589930496,5786107904,114688
9,1791556596491,2499,2500,2499,2499,2500,2499,2499,2500,2500,2500,2500,2499,2500,2499,2500,2499,5,0,20,80.95238494873047,0,0,0,0,0,0,0,5,0,0,0,0,80244.11682128906,212536.36492919922,0,404327403520,8589930496,5786107904,114688
10,1791556596501,2499,2500,2499,2499,2500,2499,2499,2500,2500,2500,2500,2499,2500,2499,2500,2499,5,0,20,80.95238494873047,0,0,0,0,0,0,0,5,0,0,0,0,80244.26788330078,212536.67645263672,0,404327403520,8589930496,5786107904,114688
9,1791556596511,2499,2500,2499,2499,2500,2499,2499,2500,2500,2500,2500,2499,2500,2499,2500,2499,5.263157844543457,0,100,0,0,0,0,5.263157844543457,0,0,0,0,0,0,0,0,80244.43377685547,212537.01873779297,0,404327403520,8589930496,5786107904,114688
9,1791556596521,2499,2500,2499,2499,2500,2499,2499,2500,2500,2500,2500,2499,2500,2499,2500,2499,5.263157844543457,0,100,0,0,0,0,5.263157844543457,0,0,0,0,0,0,0,0,80244.58227539063,212537.33422851563,0,404327403520,8589930496,5786107904,114688
9,1791556596531,2499,2500,2499,2499,2500,2499,2499,2500,2500,2500,2500,2499,2500,2499,2500,2499,5.263157844543457,0,100,0,0,0,0,5.263157844543457,0,0,0,0,0,0,0,0,80244.7294921875,212537.6512451172,0,404327403520,8589930496,5786107904,114688
9,1791556596541,2499,2500,2499,2499,2500,2499,2499,2500,2500,2500,2500,2499,2500,2499,2500,2499,5.263157844543457,0,100,0,0,0,0,5.263157844543457,0,0,0,0,0,0,0,0,80244.88220214844,212537.96801757813,0,404327403520,8589930496,5786107904,114688
9,1791556596551,2499,2500,2499,2499,2500,2499,2499,2500,2500,2500,2500,2499,2500,2499,2500,2499,5.263157844543457,0,100,0,0,0,0,5.263157844543457,0,0,0,0,0,0,0,0,80245.03289794922,212538.28576660156,0,404327403520,8589930496,5786107904,114688
10,1791556596561,2499,2500,2499,2499,2500,2499,2499,2500,2500,2500,2500,2499,2500,2499,2500,2499,5.263157844543457,0,100,0,0,0,0,5.263157844543457,0,0,0,0,0,0,0,0,80245.18688964844,212538.59979248047,0,404327403520,8589930496,5786107904,114688
9,1791556596571,2499,2500,2499,2499,2500,2499,2499,2500,2500,2500,2500,2499,2500,2499,2500,2499,5.263157844543457,0,100,0,0,0,0,5.263157844543457,0,0,0,0,0,0,0,0,80245.33923339844,212538.91009521484,0,404327403520,8589930496,5786107904,114688
9,1791556596581,2499,2500,2499,2499,2500,2499,2499,2500,2500,2500,2500,2499,2500,2499,2500,2499,5.263157844543457,0,100,0,0,0,0,5.263157844543457,0,0,0,0,0,0,0,0,80245.49084472656,212539.22283935547,0,404327403520,8589930496,5786107904,114688
10,1791556596591,2499,2500,2499,2499,2500,2499,2499,2500,2500,2500,2500,2499,2500,2499,2500,2499,5.263157844543457,0,100,0,0,0,0,5.263157844543457,0,0,0,0,0,0,0,0,80245.64611816406,212539.53814697266,0,404327403520,8589930496,5786107904,114688
9,1791556596601,2499,2500,2499,2499,2500,2499,2499,2500,2500,2500,2500,2499,2500,2499,2500,2499,5.263157844543457,0,100,0,0,0,0,5.263157844543457,0,0,0,0,0,0,0,0,80245.79772949219,212539.85260009766,0,404327403520,8589930496,5786107904,114688
10,1791556596611,2499,2500,2499,2499,2500,2499,2499,2500,2500,2500,2500,2499,2500,2499,2500,2499,5.263157844543457,0,100,0,0,0,0,5.263157844543457,0,0,0,0,0,0,0,0,80245.9546508789,212540.16650390625,0,404327403520,8589930496,5786107904,114688
10,1791556596621,2499,2500,2499,2499,2500,2499,2499,2500,2500,2500,2500,2499,2500,2499,2500,2499,5.263157844543457,0,100,0,0,0,0,5.263157844543457,0,0,0,0,0,0,0,0,80246.1088256836,212540.48065185547,0,404327403520,8589930496,5786107904,114688
9,1791556596632,2499,2500,2499,2499,2500,2499,2499,2500,2500,2500,2500,2499,2500,2499,2500,2499,5.263157844543457,0,100,0,0,0,0,5.263157844543457,0,0,0,0,0,0,0,0,80246.25952148438,212540.79345703125,0,404327403520,8589930496,5786107904,114688
9,1791556596642,2499,2500,2499,2499,2500,2499,2499,2500,2500,2500,2500,2499,2500,2499,2500,2499,5.263157844543457,0,100,0,0,0,0,5.263157844543457,0,0,0,0,0,0,0,0,80246.41241455078,212541.10717773438,0,404327403520,8589930496,5786107904,114688
9,1791556596652,2499,2500,2499,2499,2500,2499,2499,2500,2500,2500,2500,2499,2500,2499,2500,2499,5.263157844543457,0,100,0,0,0,0,5.263157844543457,0,0,0,0,0,0,0,0,80246.56005859375,212541.421875,0,404327403520,8589930496,5786107904,114688
9,1791556596662,2499,2500,2499,2499,2500,2499,2499,2500,2500,2500,2500,2499,2500,2499,2500,2499,5.263157844543457,0,100,0,0,0,0,5.263157844543457,0,0,0,0,0,0,0,0,80246.71295166016,212541.73712158203,0,404327403520,8589930496,5786107904,114688
9,1791556596672,2499,2500,2499,2499,2500,2499,2499,2500,2500,2500,2500,2499,2500,2499,2500,2499,5.263157844543457,0,100,0,0,0,0,5.263157844543457,0,0,0,0,0,0,0,0,80246.87884521484,212542.08465576172,0,404327403520,8589930496,5786107904,114688
9,1791556596682,2499,2500,2499,2499,2500,2499,2499,2500,2500,2500,2500,2499,2500,2499,2500,2499,5.263157844543457,0,100,0,0,0,0,5.263157844543457,0,0,0,0,0,0,0,0,80247.01489257813,212542.37530517578,0,404327403520,8589930496,5786107904,114688
9,1791556596692,2499,2500,2499,2499,2500,2499,2499,2500,2500,2500,2500,2499,2500,2499,2500,2499,5.263157844543457,0,100,0,0,0,0,5.263157844543457,0,0,0,0,0,0,0,0,80247.1655883789,212542.71630859375,0,404327403520,8589930496,5786107904,114688
9,1791556596702,2499,2500,2499,2499,2500,2499,2499,2500,2500,2500,2500,2499,2500,2499,2500,2499,5.263157844543457,0,100,0,0,0,0,5.263157844543457,0,0,0,0,0,0,0,0,80247.33074951172,212543.0340576172,0,404327403520,8589930496,5786107904,114688
9,1791556596712,2499,2500,2499,2499,2500,2499,2499,2500,2500,2500,2500,2499,2500,2499,2500,2499,5.263157844543457,0,100,0,0,0,0,5,0,0,0,0,0,0,0,0,80247.48803710938,212543.35040283203,0,404327403520,8589930496,5786107904,114688
9,1791556596722,2499,2500,2499,2499,2500,2499,2499,2500,2500,2500,2500,2499,2500,2499,2500,2499,5.263157844543457,0,100,0,0,0,0,5,0,0,0,0,0,0,0,0,80247.64056396484,212543.66522216797,0,404327403520,8589930496,5786107904,114688
9,1791556596732,2499,2500,2499,2499,2500,2499,2499,2500,2500,2500,2500,2499,2500,2499,2500,2499,5.263157844543457,0,100,0,0,0,0,5,0,0,0,0,0,0,0,0,80247.7925415039,212543.97259521484,0,404327403520,8589930496,5786107904,114688
10,1791556596742,2499,2500,2499,2499,2500,2499,2499,2500,2500,2500,2500,2499,2500,2499,2500,2499,5.263157844543457,0,100,0,0,0,0,5,0,0,0,0,0,0,0,0,80247.94506835938,212544.2876586914,0,404327403520,8589930496,5786107904,114688
9,1791556596752,2499,2500,2499,2499,2500,2499,2499,2500,2500,2500,2500,2499,2500,2499,2500,2499,5.263157844543457,0,100,0,0,0,0,5,0,0,0,0,0,0,0,0,80248.09448242188,212544.59936523438,0,404327403520,8589930496,5786107904,114688
9,1791556596763,2499,2500,2499,2499,2500,2499,2499,2500,2500,2500,2500,2499,2500,2499,2500,2499,5.263157844543457,0,100,0,0,0,0,5,0,0,0,0,0,0,0,0,80248.24169921875,212544.90856933594,0,404327403520,8589930496,5786107904,114688
9,1791556596773,2499,2500,2499,2499,2500,2499,2499,2500,2500,2500,2500,2499,2500,2499,2500,2499,5.263157844543457,0,100,0,0,0,0,5,0,0,0,0,0,0,0,0,80248.39385986328,212545.22198486328,0,404327403520,8589930496,5786107904,114688
9,1791556596783,2499,2500,2499,2499,2500,2499,2499,2500,2500,2500,2500,2499,2500,2499,2500,2499,5.263157844543457,0,100,0,0,0,0,5,0,0,0,0,0,0,0,0,80248.54528808594,212545.5347290039,0,404327403520,8589930496,5786107904,114688
9,1791556596793,2499,2500,2499,2499,2500,2499,2499,2500,2500,2500,2500,2499,2500,2499,2500,2499,5.263157844543457,0,100,0,0,0,0,5,0,0,0,0,0,0,0,0,80248.69854736328,212545.84698486328,0,404327403520,8589930496,5786107904,114688
9,1791556596803,2499,2500,2499,2499,2500,2499,2499,2500,2500,2500,2500,2499,2500,2499,2500,2499,5.263157844543457,0,100,0,0,0,0,5,0,0,0,0,0,0,0,0,80248.84997558594,212546.15936279297,0,404327403520,8589930496,5786107904,114688
10,1791556596813,2499,2500,2499,2499,2500,2499,2499,2500,2500,2500,2500,2499,2500,2499,2500,2499,5.263157844543457,0,100,0,0,0,0,5,0,0,0,0,0,0,0,0,80248.9990234375,212546.4698486328,0,404327403520,8589930496,5786107904,114688
9,1791556596823,2499,2500,2499,2499,2500,2499,2499,2500,2500,2500,2500,2499,2500,2499,2500,2499,5.263157844543457,0,100,0,0,0,0,5,0,0,0,0,0,0,0,0,80249.15008544922,212546.78350830078,0,404327403520,8589930496,5786107904,114688
9,1791556596833,2499,2500,2499,2499,2500,2499,2499,2500,2500,2500,2500,2499,2500,2499,2500,2499,5.263157844543457,0,100,0,0,0,0,5,0,0,0,0,0,0,0,0,80249.30291748047,212547.09869384766,0,404327403520,8589930496,5786107904,114688
9,1791556596843,2499,2500,2499,2499,2500,2499,2499,2500,2500,2500,2500,2499,2500,2499,2500,2499,5.263157844543457,0,100,0,0,0,0,5,0,0,0,0,0,0,0,0,80249.45599365234,212547.41186523438,0,404327403520,8589930496,5786107904,114688
9,1791556596853,2499,2500,2499,2499,2500,2499,2499,2500,2500,2500,2500,2499,2500,2499,2500,2499,5.263157844543457,0,100,0,0,0,0,5,0,0,0,0,0,0,0,0,80249.62060546875,212547.75982666016,0,404327403520,8589930496,5786107904,114688
9,1791556596863,2499,2500,2499,2499,2500,2499,2499,2500,2500,2500,2500,2499,2500,2499,2500,2499,5.263157844543457,0,100,0,0,0,0,5,0,0,0,0,0,0,0,0,80249.77099609375,212548.0723876953,0,404327403520,8589930496,5786107904,114688
10,1791556596873,2499,2500,2499,2499,2500,2499,2499,2500,2500,2500,2500,2499,2500,2499,2500,2499,5.263157844543457,0,100,0,0,0,0,5,0,0,0,0,0,0,0,0,80249.89971923828,212548.3477783203,0,404327403520,8589930496,5786107904,114688
10,1791556596883,2499,2500,2499,2499,2500,2499,2499,2500,2500,2500,2500,2499,2500,2499,2500,2499,5.263157844543457,0,100,0,0,0,0,5,0,0,0,0,0,0,0,0,80250.0689086914,212548.69354248047,0,404327403520,8589930496,5786107904,114688
9,1791556596893,2499,2500,2499,2499,2500,2499,2499,2500,2500,2500,2500,2499,2500,2499,2500,2499,5.263157844543457,0,100,0,0,0,0,5,0,0,0,0,0,0,0,0,80250.22326660156,212549.0062866211,0,404327403520,8589930496,5786107904,114688
9,1791556596903,2499,2500,2499,2499,2500,2499,2499,2500,2500,2500,2500,2499,2500,2499,2500,2499,5.263157844543457,0,100,0,0,0,0,5,0,0,0,0,0,0,0,0,80250.3701171875,212549.32385253906,0,404327403520,8589930496,5786107904,114688
9,1791556596914,2499,2500,2499,2499,2500,2499,2499,2500,2500,2500,2500,2499,2500,2499,2500,2499,10,0,100,0,0,0,0,5,0,0,0,0,0,0,0,0,80250.52349853516,212549.63604736328,0,404327403520,8589930496,5786107904,114688
10,1791556596924,2499,2500,2499,2499,2500,2499,2499,2500,2500,2500,2500,2499,2500,2499,2500,2499,10,0,100,0,0,0,0,5,0,0,0,0,0,0,0,0,80250.67565917969,212549.94927978516,0,404327403520,8589930496,5786107904,114688
9,1791556596934,2499,2500,2499,2499,2500,2499,2499,2500,2500,2500,2500,2499,2500,2499,2500,2499,10,0,100,0,0,0,0,5,0,0,0,0,0,0,0,0,80250.82482910156,212550.26123046875,0,404327403520,8589930496,5786107904,114688
9,1791556596944,2499,2500,2499,2499,2500,2499,2499,2500,2500,2500,2500,2499,2500,2499,2500,2499,10,0,100,0,0,0,0,5,0,0,0,0,0,0,0,0,80250.97937011719,212550.57147216797,0,404327403520,8589930496,5786107904,114688
9,1791556596954,2499,2500,2499,2499,2500,2499,2499,2500,2500,2500,2500,2499,2500,2499,2500,2499,10,0,100,0,0,0,0,5,0,0,0,0,0,0,0,0,80251.13208007813,212550.88427734375,0,404327403520,8589930496,5786107904,114688
9,1791556596964,2499,2500,2499,2499,2500,2499,2499,2500,2500,2500,2500,2499,2500,2499,2500,2499,10,0,100,0,0,0,0,5,0,0,0,0,0,0,0,0,80251.2890625,212551.19567871094,0,404327403520,8589930496,5786107904,114688
9,1791556596974,2499,2500,2499,2499,2500,2499,2499,2500,2500,2500,2500,2499,2500,2499,2500,2499,10,0,100,0,0,0,0,5,0,0,0,0,0,0,0,0,80251.4390258789,212551.5137939453,0,404327403520,8589930496,5786107904,114688
9,1791556596984,2499,2500,2499,2499,2500,2499,2499,2500,2500,2500,2500,2499,2500,2499,2500,2499,10,0,100,0,0,0,0,5,0,0,0,0,0,0,0,0,80251.58557128906,212551.83026123047,0,404327403520,8589930496,5786107904,114688
10,1791556596994,2499,2500,2499,2499,2500,2499,2499,2500,2500,2500,2500,2499,2500,2499,2500,2499,10,0,100,0,0,0,0,5,0,0,0,0,0,0,0,0,80251.73754882813,212552.14184570313,0,404327403520,8589930496,5786107904,114688
9,1791556597004,2499,2500,2499,2499,2500,2499,2499,2500,2500,2500,2500,2499,2500,2499,2500,2499,10,0,100,0,0,0,0,5,0,0,0,0,0,0,0,0,80251.9028930664,212552.48614501953,0,404327403520,8589930496,5786107904,114688
9,1791556597014,2499,2500,2499,2499,2500,2499,2499,2500,2500,2500,2500,2499,2500,2499,2500,2499,10,0,100,0,0,0,0,5,0,0,0,0,0,0,0,0,80252.05047607422,212552.8017578125,0,404327403520,8589930496,5786107904,114688
9,1791556597024,2499,2500,2499,2499,2500,2499,2499,2500,2500,2500,2500,2499,2500,2499,2500,2499,10,0,100,0,0,0,0,5,0,0,0,0,0,0,0,0,80252.19970703125,212553.11737060547,0,404327403520,8589930496,5786107904,114688
10,1791556597034,2499,2500,2499,2499,2500,2499,2499,2500,2500,2500,2500,2499,2500,2499,2500,2499,10,0,100,0,0,0,0,5,0,0,0,0,0,0,0,0,80252.33850097656,212553.40197753906,0,404327403520,8589930496,5786107904,114688
9,1791556597044,2499,2500,2499,2499,2500,2499,2499,2500,2500,2500,2500,2499,2500,2499,2500,2499,10,0,100,0,0,0,0,5,0,0,0,0,0,0,0,0,80252.50402832031,212553.74737548828,0,404327403520,8589930496,5786107904,114688
10,1791556597054,2499,2500,2499,2499,2500,2499,2499,2500,2500,2500,2500,2499,2500,2499,2500,2499,10,0,100,0,0,0,0,5,0,0,0,0,0,0,0,0,80252.65124511719,212554.05346679688,0,404327403520,8589930496,5786107904,114688
9,1791556597065,2499,2500,2499,2499,2500,2499,2499,2500,2500,2500,2500,2499,2500,2499,2500,2499,10,0,100,0,0,0,0,5,0,0,0,0,0,0,0,0,80252.80157470703,212554.36645507813,0,404327403520,8589930496,5786107904,114688
9,1791556597075,2499,2500,2499,2499,2500,2499,2499,2500,2500,2500,2500,2499,2500,2499,2500,2499,10,0,100,0,0,0,0,5,0,0,0,0,0,0,0,0,80252.95812988281,212554.67791748047,0,404327403520,8589930496,5786107904,114688
9,1791556597085,2499,2500,2499,2499,2500,2499,2499,2500,2500,2500,2500,2499,2500,2499,2500,2499,10,0,100,0,0,0,0,5,0,0,0,0,0,0,0,0,80253.11010742188,212554.98767089844,0,404327403520,8589930496,5786107904,114688
10,1791556597095,2499,2500,2499,2499,2500,2499,2499,2500,2500,2500,2500,2499,2500,2499,2500,2499,10,0,100,0,0,0,0,5,0,0,0,0,0,0,0,0,80253.2631225586,212555.30047607422,0,404327403520,8589930496,5777076224,114688
9,1791556597105,2499,2500,2499,2499,2500,2499,2499,2500,2500,2500,2500,2499,2500,2499,2500,2499,10,0,100,0,0,0,0,5,0,0,0,0,0,0,0,0,80253.41729736328,212555.61529541016,0,404327403520,8589930496,5776818176,114688
9,1791556597115,2499,2500,2499,2499,2500,2499,2499,2500,2500,2500,2500,2499,2500,2499,2500,2499,10,0,15.789472579956055,0,0,84.21052551269531,0,0,0,0,0,0,0,0,0,0,80253.57000732422,212555.92639160156,0,404327403520,8589930496,5776818176,114688
9,1791556597125,2499,2500,2499,2499,2500,2499,2499,2500,2500,2500,2500,2499,2500,2499,2500,2499,10,0,15.789472579956055,0,0,84.21052551269531,0,0,0,0,0,0,0,0,0,0,80253.72924804688,212556.23754882813,0,404327403520,8589930496,5776818176,114688
9,1791556597135,2499,2500,2499,2499,2500,2499,2499,2500,2500,2500,2500,2499,2500,2499,2500,2499,10,0,15.789472579956055,0,0,84.21052551269531,0,0,0,0,0,0,0,0,0,0,80253.87957763672,212556.55108642578,0,404327403520,8589930496,5776818176,114688
10,1791556597145,2499,2500,2499,2499,2500,2499,2499,2500,2500,2500,2500,2499,2500,2499,2500,2499,10,0,15.789472579956055,0,0,84.21052551269531,0,0,0,0,0,0,0,0,0,0,80254.03784179688,212556.8624267578,0,404327403520,8589930496,5776818176,114688
9,1791556597155,2499,2500,2499,2499,2500,2499,2499,2500,2500,2500,2500,2499,2500,2499,2500,2499,10,0,15.789472579956055,0,0,84.21052551269531,0,0,0,0,0,0,0,0,0,0,80254.19219970703,212557.1768798828,0,404327403520,8589930496,5776818176,114688
9,1791556597165,2499,2500,2499,2499,2500,2499,2499,2500,2500,2500,2500,2499,2500,2499,2500,2499,10,0,15.789472579956055,0,0,84.21052551269531,0,0,0,0,0,0,0,0,0,0,80254.34399414063,212557.48852539063,0,404327403520,8589930496,5776302080,114688
10,1791556597175,2499,2500,2499,2499,2500,2499,2499,2500,2500,2500,2500,2499,2500,2499,2500,2499,10,0,15.789472579956055,0,0,84.21052551269531,0,0,0,0,0,0,0,0,0,0,80254.498046875,212557.80249023438,0,404327403520,8589930496,5776302080,114688
9,1791556597185,2499,2500,2499,2499,2500,2499,2499,2500,2500,2500,2500,2499,2500,2499,2500,2499,10,0,15.789472579956055,0,0,84.21052551269531,0,0,0,0,0,0,0,0,0,0,80254.64971923828,212558.1151123047,0,404327403520,8589930496,5776302080,114688
9,1791556597196,2499,2500,2499,2499,2500,2499,2499,2500,2500,2500,2500,2499,2500,2499,2500,2499,10,0,15.789472579956055,0,0,84.21052551269531,0,0,0,0,0,0,0,0,0,0,80254.81799316406,212558.4599609375,0,404327403520,8589930496,5776302080,114688
10,1791556597206,2499,2500,2499,2499,2500,2499,2499,2500,2500,2500,2500,2499,2500,2499,2500,2499,10,0,15.789472579956055,0,0,84.21052551269531,0,0,0,0,0,0,0,0,0,0,80254.9711303711,212558.77514648438,0,404327403520,8589930496,5776302080,114688
9,1791556597216,2499,2500,2499,2499,2500,2499,2499,2500,2500,2500,2500,2499,2500,2499,2500,2499,10,0,15.789472579956055,0,0,84.21052551269531,0,0,0,0,0,0,0,0,0,0,80255.12548828125,212559.08947753906,0,404327403520,8589930496,5776302080,114688
9,1791556597226,2499,2500,2499,2499,2500,2499,2499,2500,2500,2500,2500,2499,2500,2499,2500,2499,10,0,15.789472579956055,0,0,84.21052551269531,0,0,0,0,0,0,0,0,0,0,80255.27709960938,212559.40216064453,0,404327403520,8589930496,5776302080,114688
9,1791556597236,2499,2500,2499,2499,2500,2499,2499,2500,2500,2500,2500,2499,2500,2499,2500,2499,10,0,15.789472579956055,0,0,84.21052551269531,0,0,0,0,0,0,0,0,0,0,80255.43310546875,212559.7142944336,0,404327403520,8589930496,5776302080,114688
10,1791556597246,2499,2500,2499,2499,2500,2499,2499,2500,2500,2500,2500,2499,2500,2499,2500,2499,10,0,15.789472579956055,0,0,84.21052551269531,0,0,0,0,0,0,0,0,0,0,80255.59020996094,212560.02465820313,0,404327403520,8589930496,5776302080,114688
9,1791556597256,2499,2500,2499,2499,2500,2499,2499,2500,2500,2500,2500,2499,2500,2499,2500,2499,10,0,15.789472579956055,0,0,84.21052551269531,0,0,0,0,0,0,0,0,0,0,80255.74151611328,212560.33807373047,0,404327403520,8589930496,5776302080,114688
9,1791556597266,2499,2500,2499,2499,2500,2499,2499,2500,2500,2500,2500,2499,2500,2499,2500,2499,10,0,15.789472579956055,0,0,84.21052551269531,0,0,0,0,0,0,0,0,0,0,80255.89111328125,212560.65045166016,0,404327403520,8589930496,5776302080,114688
9,1791556597276,2499,2500,2499,2499,2500,2499,2499,2500,2500,2500,2500,2499,2500,2499,2500,2499,10,0,15.789472579956055,0,0,84.21052551269531,0,0,0,0,0,0,0,0,0,0,80256.0419921875,212560.96221923828,0,404327403520,8589930496,5776302080,114688
9,1791556597286,2499,2500,2499,2499,2500,2499,2499,2500,2500,2500,2500,2499,2500,2499,2500,2499,10,0,15.789472579956055,0,0,84.21052551269531,0,0,0,0,0,0,0,0,0,0,80256.19470214844,212561.2752685547,0,404327403520,8589930496,5776302080,114688
9,1791556597296,2499,2500,2499,2499,2500,2499,2499,2500,2500,2500,2500,2499,2500,2499,2500,2499,10,0,15.789472579956055,0,0,84.21052551269531,0,0,0,0,0,0,0,0,0,0,80256.35174560547,212561.5884399414,0,404327403520,8589930496,5776302080,114688
10,1791556597306,2499,2500,2499,2499,2500,2499,2499,2500,2500,2500,2500,2499,2500,2499,2500,2499,10,0,15.789472579956055,0,0,84.21052551269531,0,0,0,0,0,0,0,0,0,0,80256.49932861328,212561.89422607422,0,404327403520,8589930496,5776302080,114688
9,1791556597316,2499,2500,2499,2499,2500,2499,2499,2500,2500,2500,2500,2499,2500,2499,2500,2499,5,0,0,0,14.285715103149414,85.71428680419922,0,0,5,0,0,0,0,0,0,0,80256.65167236328,212562.2046508789,0,404327403520,8589930496,5776302080,114688
9,1791556597327,2499,2500,2499,2499,2500,2499,2499,2500,2500,2500,2500,2499,2500,2499,2500,2499,5,0,0,0,14.285715103149414,85.71428680419922,0,0,5,0,0,0,0,0,0,0,80256.80419921875,212562.51776123047,0,404327403520,8589930496,5776302080,114688
9,1791556597337,2499,2500,2499,2499,2500,2499,2499,2500,2500,2500,2500,2499,2500,2499,2500,2499,5,0,0,0,14.285715103149414,85.71428680419922,0,0,5,0,0,0,0,0,0,0,80256.97271728516,212562.85974121094,0,404327403520,8589930496,5776302080,114688
9,1791556597347,2499,2500,2499,2499,2500,2499,2499,2500,2500,2500,2500,2499,2500,2499,2500,2499,5,0,0,0,14.285715103149414,85.71428680419922,0,0,5,0,0,0,0,0,0,0,80257.12048339844,212563.17205810547,0,404327403520,8589930496,5776302080,114688
10,1791556597357,2499,2500,2499,2499,2500,2499,2499,2500,2500,2500,2500,2499,2500,2499,2500,2499,5,0,0,0,14.285715103149414,85.71428680419922,0,0,5,0,0,0,0,0,0,0,80257.26232910156,212563.45056152344,0,404327403520,8589930496,5776302080,114688
9,1791556597367,2499,2500,2499,2499,2500,2499,2499,2500,2500,2500,2500,2499,2500,2499,2500,2499,5,0,0,0,14.285715103149414,85.71428680419922,0,0,5,0,0,0,0,0,0,0,80257.43585205078,212563.79119873047,0,404327403520,8589930496,5776302080,114688
9,1791556597377,2499,2500,2499,2499,2500,2499,2499,2500,2500,2500,2500,2499,2500,2499,2500,2499,5,0,0,0,14.285715103149414,85.71428680419922,0,0,5,0,0,0,0,0,0,0,80257.5869140625,212564.1019897461,0,404327403520,8589930496,5776302080,114688
9,1791556597387,2499,2500,2499,2499,2500,2499,2499,2500,2500,2500,2500,2499,2500,2499,2500,2499,5,0,0,0,14.285715103149414,85.71428680419922,0,0,5,0,0,0,0,0,0,0,80257.73864746094,212564.41577148438,0,404327403520,8589930496,5776302080,114688
9,1791556597397,2499,2500,2499,2499,2500,2499,2499,2500,2500,2500,2500,2499,2500,2499,2500,2499,5,0,0,0,14.285715103149414,85.71428680419922,0,0,5,0,0,0,0,0,0,0,80257.88659667969,212564.72778320313,0,404327403520,8589930496,5776302080,114688
10,1791556597407,2499,2500,2499,2499,2500,2499,2499,2500,2500,2500,2500,2499,2500,2499,2500,2499,5,0,0,0,14.285715103149414,85.71428680419922,0,0,5,0,0,0,0,0,0,0,80258.03930664063,212565.04193115234,0,404327403520,8589930496,5776302080,114688
10,1791556597417,2499,2500,2499,2499,2500,2499,2499,2500,2500,2500,2500,2499,2500,2499,2500,2499,5,0,0,0,14.285715103149414,85.71428680419922,0,0,5,0,0,0,0,0,0,0,80258.1918334961,212565.3487548828,0,404327403520,8589930496,5776302080,114688
9,1791556597427,2499,2500,2499,2499,2500,2499,2499,2500,2500,2500,2500,2499,2500,2499,2500,2499,5,0,0,0,14.285715103149414,85.71428680419922,0,0,5,0,0,0,0,0,0,0,80258.34185791016,212565.66064453125,0,404327403520,8589930496,5776302080,114688
9,1791556597437,2499,2500,2499,2499,2500,2499,2499,2500,2500,2500,2500,2499,2500,2499,2500,2499,5,0,0,0,14.285715103149414,85.71428680419922,0,0,5,0,0,0,0,0,0,0,80258.4951171875,212565.97595214844,0,404327403520,8589930496,5776302080,114688
9,1791556597447,2499,2500,2499,2499,2500,2499,2499,2500,2500,2500,2500,2499,2500,2499,2500,2499,5,0,0,0,14.285715103149414,85.71428680419922,0,0,5,0,0,0,0,0,0,0,80258.64654541016,212566.28875732422,0,404327403520,8589930496,5776302080,114688
9,1791556597457,2499,2500,2499,2499,2500,2499,2499,2500,2500,2500,2500,2499,2500,2499,2500,2499,5,0,0,0,14.285715103149414,85.71428680419922,0,0,5,0,0,0,0,0,0,0,80258.79699707031,212566.603515625,0,404327403520,8589930496,5776302080,114688
9,1791556597468,2499,2500,2499,2499,2500,2499,2499,2500,2500,2500,2500,2499,2500,2499,2500,2499,5,0,0,0,14.285715103149414,85.71428680419922,0,0,5,0,0,0,0,0,0,0,80258.94635009766,212566.91973876953,0,404327403520,8589930496,5776302080,114688
9,1791556597478,2499,2500,2499,2499,2500,2499,2499,2500,2500,2500,2500,2499,2500,2499,2500,2499,5,0,0,0,14.285715103149414,85.71428680419922,0,0,5,0,0,0,0,0,0,0,80259.09503173828,212567.2289428711,0,404327403520,8589930496,5776302080,114688
10,1791556597488,2499,2500,2499,2499,2500,2499,2499,2500,2500,2500,2500,2499,2500,2499,2500,2499,5,0,0,0,14.285715103149414,85.71428680419922,0,0,5,0,0,0,0,0,0,0,80259.2466430664,212567.53912353516,0,404327403520,8589930496,5776302080,114688
9,1791556597498,2499,2500,2499,2499,2500,2499,2499,2500,2500,2500,2500,2499,2500,2499,2500,2499,5,0,0,0,14.285715103149414,85.71428680419922,0,0,5,0,0,0,0,0,0,0,80259.41802978516,212567.88189697266,0,404327403520,8589930496,5776302080,114688
9,1791556597508,2499,2500,2499,2499,2500,2499,2499,2500,2500,2500,2500,2499,2500,2499,2500,2499,5,0,0,0,14.285715103149414,85.71428680419922,0,0,5,0,0,0,0,0,0,0,80259.57019042969,212568.19268798828,0,404327403520,8589930496,5776302080,114688
9,1791556597518,2499,2500,2499,2499,2500,2499,2499,2500,2500,2500,2500,2499,2500,2499,2500,2499,5.263157844543457,0,100,0,0,0,0,10,0,0,0,0,0,0,0,0,80259.72491455078,212568.5015258789,0,404327403520,8589930496,5776302080,114688
9,1791556597528,2499,2500,2499,2499,2500,2499,2499,2500,2500,2500,2500,2499,2500,2499,2500,2499,5.263157844543457,0,100,0,0,0,0,10,0,0,0,0,0,0,0,0,80259.87982177734,212568.81622314453,0,404327403520,8589930496,5776302080,114688
9,1791556597538,2499,2500,2499,2499,2500,2499,2499,2500,2500,2500,2500,2499,2500,2499,2500,2499,5.263157844543457,0,100,0,0,0,0,10,0,0,0,0,0,0,0,0,80260.03723144531,212569.13537597656,0,404327403520,8589930496,5776302080,114688
9,1791556597548,2499,2500,2499,2499,2500,2499,2499,2500,2500,2500,2500,2499,2500,2499,2500,2499,5.263157844543457,0,100,0,0,0,0,10,0,0,0,0,0,0,0,0,80260.19030761719,212569.4453125,0,404327403520,8589930496,5776302080,114688
9,1791556597558,2499,2500,2499,2499,2500,2499,2499,2500,2500,2500,2500,2499,2500,2499,2500,2499,5.263157844543457,0,100,0,0,0,0,10,0,0,0,0,0,0,0,0,80260.34246826172,212569.75463867188,0,404327403520,8589930496,5776302080,114688
9,1791556597568,2499,2500,2499,2499,2500,2499,2499,2500,2500,2500,2500,2499,2500,2499,2500,2499,5.263157844543457,0,100,0,0,0,0,10,0,0,0,0,0,0,0,0,80260.49426269531,212570.06939697266,0,404327403520,8589930496,5776302080,114688
9,1791556597578,2499,2500,2499,2499,2500,2499,2499,2500,2500,2500,2500,2499,2500,2499,2500,2499,5.263157844543457,0,100,0,0,0,0,10,0,0,0,0,0,0,0,0,80260.64807128906,212570.3843383789,0,404327403520,8589930496,5776302080,114688
9,1791556597588,2499,2500,2499,2499,2500,2499,2499,2500,2500,2500,2500,2499,2500,2499,2500,2499,5.263157844543457,0,100,0,0,0,0,10,0,0,0,0,0,0,0,0,80260.8042602539,212570.69622802734,0,404327403520,8589930496,5776302080,114688
9,1791556597598,2499,2500,2499,2499,2500,2499,2499,2500,2500,2500,2500,2499,2500,2499,2500,2499,5.263157844543457,0,100,0,0,0,0,10,0,0,0,0,0,0,0,0,80260.96166992188,212571.01080322266,0,404327403520,8589930496,5776302080,114688
10,1791556597608,2499,2500,2499,2499,2500,2499,2499,2500,2500,2500,2500,2499,2500,2499,2500,2499,5.263157844543457,0,100,0,0,0,0,10,0,0,0,0,0,0,0,0,80261.11547851563,212571.32177734375,0,404327403520,8589930496,5776302080,114688
9,1791556597619,2499,2500,2499,2499,2500,2499,2499,2500,2500,2500,2500,2499,2500,2499,2500,2499,5.263157844543457,0,100,0,0,0,0,10,0,0,0,0,0,0,0,0,80261.26873779297,212571.63177490234,0,404327403520,8589930496,5776302080,114688
9,1791556597629,2499,2500,2499,2499,2500,2499,2499,2500,2500,2500,2500,2499,2500,2499,2500,2499,5.263157844543457,0,100,0,0,0,0,10,0,0,0,0,0,0,0,0,80261.4150390625,212571.94262695313,0,404327403520,8589930496,5776302080,114688
9,1791556597639,2499,2500,2499,2499,2500,2499,2499,2500,2500,2500,2500,2499,2500,2499,2500,2499,5.263157844543457,0,100,0,0,0,0,10,0,0,0,0,0,0,0,0,80261.56689453125,212572.25427246094,0,404327403520,8589930496,5776302080,114688
9,1791556597649,2499,2500,2499,2499,2500,2499,2499,2500,2500,2500,2500,2499,2500,2499,2500,2499,5.263157844543457,0,100,0,0,0,0,10,0,0,0,0,0,0,0,0,80261.7348022461,212572.5952758789,0,404327403520,8589930496,5776302080,114688
9,1791556597659,2499,2500,2499,2499,2500,2499,2499,2500,2500,2500,2500,2499,2500,2499,2500,2499,5.263157844543457,0,100,0,0,0,0,10,0,0,0,0,0,0,0,0,80261.8783569336,212572.87518310547,0,404327403520,8589930496,5776302080,114688
10,1791556597669,2499,2500,2499,2499,2500,2499,2499,2500,2500,2500,2500,2499,2500,2499,2500,2499,5.263157844543457,0,100,0,0,0,0,10,0,0,0,0,0,0,0,0,80262.03051757813,212573.18786621094,0,404327403520,8589930496,5776302080,114688
9,1791556597679,2499,2500,2499,2499,2500,2499,2499,2500,2500,2500,2500,2499,2500,2499,2500,2499,5.263157844543457,0,100,0,0,0,0,10,0,0,0,0,0,0,0,0,80262.19989013672,212573.5365600586,0,404327403520,8589930496,5776302080,114688
9,1791556597689,2499,2500,2499,2499,2500,2499,2499,2500,2500,2500,2500,2499,2500,2499,2500,2499,5.263157844543457,0,100,0,0,0,0,10,0,0,0,0,0,0,0,0,80262.35162353516,212573.8525390625,0,404327403520,8589930496,5776302080,114688
9,1791556597699,2499,2500,2499,2499,2500,2499,2499,2500,2500,2500,2500,2499,2500,2499,2500,2499,5.263157844543457,0,100,0,0,0,0,10,0,0,0,0,0,0,0,0,80262.50506591797,212574.16668701172,0,404327403520,8589930496,5776302080,114688
9,1791556597709,2499,2500,2499,2499,2500,2499,2499,2500,2500,2500,2500,2499,2500,2499,2500,2499,5.263157844543457,0,100,0,0,0,0,10,0,0,0,0,0,0,0,0,80262.65710449219,212574.4727783203,0,404327403520,8589930496,5776302080,114688
10,1791556597719,2499,2500,2499,2499,2500,2499,2499,2500,2500,2500,2500,2499,2500,2499,2500,2499,10,0,100,0,0,0,0,0,0,0,0,0,0,0,0,0,80262.80670166016,212574.7861328125,0,404327403520,8589930496,5776302080,114688
9,1791556597729,2499,2500,2499,2499,2500,2499,2499,2500,2500,2500,2500,2499,2500,2499,2500,2499,10,0,100,0,0,0,0,0,0,0,0,0,0,0,0,0,80262.95428466797,212575.10229492188,0,404327403520,8589930496,5776302080,114688
9,1791556597739,2499,2500,2499,2499,2500,2499,2499,2500,2500,2500,2500,2499,2500,2499,2500,2499,10,0,100,0,0,0,0,0,0,0,0,0,0,0,0,0,80263.10498046875,212575.4058227539,0,404327403520,8589930496,5776302080,114688
10,1791556597749,2499,2500,2499,2499,2500,2499,2499,2500,2500,2500,2500,2499,2500,2499,2500,2499,10,0,100,0,0,0,0,0,0,0,0,0,0,0,0,0,80263.2568359375,212575.72283935547,0,404327403520,8589930496,5776302080,114688
9,1791556597760,2499,2500,2499,2499,2500,2499,2499,2500,2500,2500,2500,2499,2500,2499,2500,2499,10,0,100,0,0,0,0,0,0,0,0,0,0,0,0,0,80263.40789794922,212576.03045654297,0,404327403520,8589930496,5776302080,114688
9,1791556597770,2499,2500,2499,2499,2500,2499,2499,2500,2500,2500,2500,2499,2500,2499,2500,2499,10,0,100,0,0,0,0,0,0,0,0,0,0,0,0,0,80263.55529785156,212576.3438720703,0,404327403520,8589930496,5776302080,114688
9,1791556597780,2499,2500,2499,2499,2500,2499,2499,2500,2500,2500,2500,2499,2500,2499,2500,2499,10,0,100,0,0,0,0,0,0,0,0,0,0,0,0,0,80263.70489501953,212576.6541748047,0,404327403520,8589930496,5776302080,114688
9,1791556597790,2499,2500,2499,2499,2500,2499,2499,2500,2500,2500,2500,2499,2500,2499,2500,2499,10,0,100,0,0,0,0,0,0,0,0,0,0,0,0,0,80263.85485839844,212576.96783447266,0,404327403520,8589930496,5776302080,114688
9,1791556597800,2499,2500,2499,2499,2500,2499,2499,2500,2500,2500,2500,2499,2500,2499,2500,2499,10,0,100,0,0,0,0,0,0,0,0,0,0,0,0,0,80264.00390625,212577.27099609375,0,404327403520,8589930496,5776302080,114688
9,1791556597810,2499,2500,2499,2499,2500,2499,2499,2500,2500,2500,2500,2499,2500,2499,2500,2499,10,0,100,0,0,0,0,0,0,0,0,0,0,0,0,0,80264.15496826172,212577.58264160156,0,404327403520,8589930496,5776302080,114688
9,1791556597820,2499,2500,2499,2499,2500,2499,2499,2500,2500,2500,2500,2499,2500,2499,2500,2499,10,0,100,0,0,0,0,0,0,0,0,0,0,0,0,0,80264.30548095703,212577.8941040039,0,404327403520,8589930496,5776302080,114688
9,1791556597830,2499,2500,2499,2499,2500,2499,2499,2500,2500,2500,2500,2499,2500,2499,2500,2499,10,0,100,0,0,0,0,0,0,0,0,0,0,0,0,0,80264.46954345703,212578.23889160156,0,404327403520,8589930496,5776302080,114688
10,1791556597840,2499,2500,2499,2499,2500,2499,2499,2500,2500,2500,2500,2499,2500,2499,2500,2499,10,0,100,0,0,0,0,0,0,0,0,0,0,0,0,0,80264.60791015625,212578.5209350586,0,404327403520,8589930496,5776302080,114688
9,1791556597850,2499,2500,2499,2499,2500,2499,2499,2500,2500,2500,2500,2499,2500,2499,2500,2499,10,0,100,0,0,0,0,0,0,0,0,0,0,0,0,0,80264.77709960938,212578.86334228516,0,404327403520,8589930496,5776302080,114688
9,1791556597860,2499,2500,2499,2499,2500,2499,2499,2500,2500,2500,2500,2499,2500,2499,2500,2499,10,0,100,0,0,0,0,0,0,0,0,0,0,0,0,0,80264.92980957031,212579.1746826172,0,404327403520,8589930496,5776302080,114688
10,1791556597870,2499,2500,2499,2499,2500,2499,2499,2500,2500,2500,2500,2499,2500,2499,2500,2499,10,0,100,0,0,0,0,0,0,0,0,0,0,0,0,0,80265.07354736328,212579.4822998047,0,404327403520,8589930496,5776302080,114688
9,1791556597880,2499,2500,2499,2499,2500,2499,2499,2500,2500,2500,2500,2499,2500,2499,2500,2499,10,0,100,0,0,0,0,0,0,0,0,0,0,0,0,0,80265.22296142578,212579.7987060547,0,404327403520,8589930496,5776302080,114688
9,1791556597890,2499,2500,2499,2499,2500,2499,2499,2500,2500,2500,2500,2499,2500,2499,2500,2499,10,0,100,0,0,0,0,0,0,0,0,0,0,0,0,0,80265.36962890625,212580.11199951172,0,404327403520,8589930496,5776302080,114688
9,1791556597901,2499,2500,2499,2499,2500,2499,2499,2500,2500,2500,2500,2499,2500,2499,2500,2499,10,0,100,0,0,0,0,0,0,0,0,0,0,0,0,0,80265.521484375,212580.42584228516,0,404327403520,8589930496,5776302080,114688
9,1791556597911,2499,2500,2499,2499,2500,2499,2499,2500,2500,2500,2500,2499,2500,2499,2500,2499,10,0,100,0,0,0,0,0,0,0,0,0,0,0,0,0,80265.673828125,212580.73999023438,0,404327403520,8589930496,5776302080,114688
10,1791556597921,2499,2500,2499,2499,2500,2499,2499,2500,2500,2500,2500,2499,2500,2499,2500,2499,5.263157844543457,0,100,0,0,0,0,9.523809432983398,0,0,0,0,0,0,0,0,80265.82415771484,212581.05084228516,0,404327403520,8589930496,5776302080,114688
9,1791556597931,2499,2500,2499,2499,2500,2499,2499,2500,2500,2500,2500,2499,2500,2499,2500,2499,5.263157844543457,0,100,0,0,0,0,9.523809432983398,0,0,0,0,0,0,0,0,80265.97448730469,212581.37042236328,0,404327403520,8589930496,5776302080,114688
9,1791556597941,2499,2500,2499,2499,2500,2499,2499,2500,2500,2500,2500,2499,2500,2499,2500,2499,5.263157844543457,0,100,0,0,0,0,9.523809432983398,0,0,0,0,0,0,0,0,80266.12609863281,212581.68383789063,0,404327403520,8589930496,5776302080,114688
9,1791556597951,2499,2500,2499,2499,2500,2499,2499,2500,2500,2500,2500,2499,2500,2499,2500,2499,5.263157844543457,0,100,0,0,0,0,9.523809432983398,0,0,0,0,0,0,0,0,80266.2738647461,212582.001953125,0,404327403520,8589930496,5776302080,114688
9,1791556597961,2499,2500,2499,2499,2500,2499,2499,2500,2500,2500,2500,2499,2500,2499,2500,2499,5.263157844543457,0,100,0,0,0,0,9.523809432983398,0,0,0,0,0,0,0,0,80266.42462158203,212582.3155517578,0,404327403520,8589930496,5776302080,114688
9,1791556597971,2499,2500,2499,2499,2500,2499,2499,2500,2500,2500,2500,2499,2500,2499,2500,2499,5.263157844543457,0,100,0,0,0,0,9.523809432983398,0,0,0,0,0,0,0,0,80266.57641601563,212582.63055419922,0,404327403520,8589930496,5776302080,114688
10,1791556597981,2499,2500,2499,2499,2500,2499,2499,2500,2500,2500,2500,2499,2500,2499,2500,2499,5.263157844543457,0,100,0,0,0,0,9.523809432983398,0,0,0,0,0,0,0,0,80266.7300415039,212582.94372558594,0,404327403520,8589930496,5776302080,114688
10,1791556597991,2499,2500,2499,2499,2500,2499,2499,2500,2500,2500,2500,2499,2500,2499,2500,2499,5.263157844543457,0,100,0,0,0,0,9.523809432983398,0,0,0,0,0,0,0,0,80266.88549804688,212583.25775146484,0,404327403520,8589930496,5776302080,114688
9,1791556598001,2499,2500,2499,2499,2500,2499,2499,2500,2500,2500,2500,2499,2500,2499,2500,2499,5.263157844543457,0,100,0,0,0,0,9.523809432983398,0,0,0,0,0,0,0,0,80267.0503540039,212583.60382080078,0,404327403520,8589930496,5776302080,114688
9,1791556598011,2499,2500,2499,2499,2500,2499,2499,2500,2500,2500,2500,2499,2500,2499,2500,2499,5.263157844543457,0,100,0,0,0,0,9.523809432983398,0,0,0,0,0,0,0,0,80267.20068359375,212583.92156982422,0,404327403520,8589930496,5776302080,114688
9,1791556598021,2499,2500,2499,2499,2500,2499,2499,2500,2500,2500,2500,2499,2500,2499,2500,2499,5.263157844543457,0,100,0,0,0,0,9.523809432983398,0,0,0,0,0,0,0,0,80267.34771728516,212584.23663330078,0,404327403520,8589930496,5776302080,114688
9,1791556598032,2499,2500,2499,2499,2500,2499,2499,2500,2500,2500,2500,2499,2500,2499,2500,2499,5.263157844543457,0,100,0,0,0,0,9.523809432983398,0,0,0,0,0,0,0,0,80267.5009765625,212584.55377197266,0,404327403520,8589930496,5776302080,114688
9,1791556598042,2499,2500,2499,2499,2500,2499,2499,2500,2500,2500,2500,2499,2500,2499,2500,2499,5.263157844543457,0,100,0,0,0,0,9.523809432983398,0,0,0,0,0,0,0,0,80267.64892578125,212584.87078857422,0,404327403520,8589930496,5776302080,114688
9,1791556598052,2499,2500,2499,2499,2500,2499,2499,2500,2500,2500,2500,2499,2500,2499,2500,2499,5.263157844543457,0,100,0,0,0,0,9.523809432983398,0,0,0,0,0,0,0,0,80267.79577636719,212585.18212890625,0,404327403520,8589930496,5684613120,114688
9,1791556598062,2499,2500,2499,2499,2500,2499,2499,2500,2500,2500,2500,2499,2500,2499,2500,2499,5.263157844543457,0,100,0,0,0,0,9.523809432983398,0,0,0,0,0,0,0,0,80267.9428100586,212585.5008544922,0,404327403520,8589930496,5643657216,114688
0,1791556598072,2499,2500,2499,2499,2500,2499,2499,2500,2500,2500,2500,2499,2500,2499,2500,2499,5.263157844543457,0,100,0,0,0,0,9.523809432983398,0,0,0,0,0,0,0,0,80268.09149169922,212585.8162841797,0,404327403520,8589930496,5643657216,114688
