Delta,Time,CPU_FREQUENCY_0,CPU_FREQUENCY_1,CPU_FREQUENCY_10,CPU_FREQUENCY_11,CPU_FREQUENCY_12,CPU_FREQUENCY_13,CPU_FREQUENCY_14,CPU_FREQUENCY_15,CPU_FREQUENCY_2,CPU_FREQUENCY_3,CPU_FREQUENCY_4,CPU_FREQUENCY_5,CPU_FREQUENCY_6,CPU_FREQUENCY_7,CPU_FREQUENCY_8,CPU_FREQUENCY_9,CPU_USAGE_0,CPU_USAGE_1,CPU_USAGE_10,CPU_USAGE_11,CPU_USAGE_12,CPU_USAGE_13,CPU_USAGE_14,CPU_USAGE_15,CPU_USAGE_2,CPU_USAGE_3,CPU_USAGE_4,CPU_USAGE_5,CPU_USAGE_6,CPU_USAGE_7,CPU_USAGE_8,CPU_USAGE_9,DRAM_ENERGY (J),PACKAGE_ENERGY (J),PP0_ENERGY (J),TOTAL_MEMORY,TOTAL_SWAP,USED_MEMORY,USED_SWAP
0,1791556849929,2500,2500,2499,2500,2500,2500,2500,2500,2500,2499,2499,2499,2499,2499,2499,2499,4,0,12,4,0,4,4,8.333333969116211,0,4.1666669845581055,4,8,0,4.1666669845581055,4,4.1666669845581055,84154.72680664063,220954.6831665039,0,404327403520,8589930496,5464186880,114688
10,1791556849929,2500,2500,2499,2500,2500,2500,2500,2500,2500,2499,2499,2499,2499,2499,2499,2499,4,0,12,4,0,4,4,8.333333969116211,0,4.1666669845581055,4,8,0,4.1666669845581055,4,4.1666669845581055,84154.72680664063,220954.6831665039,0,404327403520,8589930496,5464186880,114688
9,1791556849939,2500,2500,2499,2500,2500,2500,2500,2500,2500,2499,2499,2499,2499,2499,2499,2499,4,0,12,4,0,4,4,8.333333969116211,0,4.1666669845581055,4,8,0,4.1666669845581055,4,4.1666669845581055,84154.89630126953,220955.09393310547,0,404327403520,8589930496,5464186880,114688
10,1791556849949,2500,2500,2499,2500,2500,2500,2500,2500,2500,2499,2499,2499,2499,2499,2499,2499,4,0,12,4,0,4,4,8.333333969116211,0,4.1666669845581055,4,8,0,4.1666669845581055,4,4.1666669845581055,84155.02868652344,220955.4327392578,0,404327403520,8589930496,5464186880,114688
9,1791556849960,2500,2500,2499,2500,2500,2500,2500,2500,2500,2499,2499,2499,2499,2499,2499,2499,4,0,12,4,0,4,4,8.333333969116211,0,4.1666669845581055,4,8,0,4.1666669845581055,4,4.1666669845581055,84155.19622802734,220955.84588623047,0,404327403520,8589930496,5464186880,114688
9,1791556849970,2500,2500,2499,2500,2500,2500,2500,2500,2500,2499,2499,2499,2499,2499,2499,2499,4,0,12,4,0,4,4,8.333333969116211,0,4.1666669845581055,4,8,0,4.1666669845581055,4,4.1666669845581055,84155.34783935547,220956.2215576172,0,404327403520,8589930496,5464186880,114688
10,1791556849980,2500,2500,2499,2500,2500,2500,2500,2500,2500,2499,2499,2499,2499,2499,2499,2499,4,0,12,4,0,4,4,8.333333969116211,0,4.1666669845581055,4,8,0,4.1666669845581055,4,4.1666669845581055,84155.49816894531,220956.59533691406,0,404327403520,8589930496,5464186880,114688
10,1791556849990,2500,2500,2499,2500,2500,2500,2500,2500,2500,2499,2499,2499,2499,2499,2499,2499,4,0,12,4,0,4,4,8.333333969116211,0,4.1666669845581055,4,8,0,4.1666669845581055,4,4.1666669845581055,84155.6517944336,220956.91400146484,0,404327403520,8589930496,5464186880,114688
10,1791556850000,2500,2500,2499,2500,2500,2500,2500,2500,2500,2499,2499,2499,2499,2499,2499,2499,4,0,12,4,0,4,4,8.333333969116211,0,4.1666669845581055,4,8,0,4.1666669845581055,4,4.1666669845581055,84155.80541992188,220957.22497558594,0,404327403520,8589930496,5464186880,114688
9,1791556850010,2500,2500,2499,2500,2500,2500,2500,2500,2500,2499,2499,2499,2499,2499,2499,2499,4,0,12,4,0,4,4,8.333333969116211,0,4.1666669845581055,4,8,0,4.1666669845581055,4,4.1666669845581055,84155.95922851563,220957.55224609375,0,404327403520,8589930496,5464186880,114688
10,1791556850020,2500,2500,2499,2500,2500,2500,2500,2500,2500,2499,2499,2499,2499,2499,2499,2499,4,0,12,4,0,4,4,8.333333969116211,0,4.1666669845581055,4,8,0,4.1666669845581055,4,4.1666669845581055,84156.11981201172,220957.92779541016,0,404327403520,8589930496,5464186880,114688
10,1791556850030,2500,2500,2499,2500,2500,2500,2500,2500,2500,2499,2499,2499,2499,2499,2499,2499,4,0,12,4,0,4,4,8.333333969116211,0,4.1666669845581055,4,8,0,4.1666669845581055,4,4.1666669845581055,84156.27526855469,220958.30364990234,0,404327403520,8589930496,5464186880,114688
9,1791556850040,2500,2500,2499,2500,2500,2500,2500,2500,2500,2499,2499,2499,2499,2499,2499,2499,4,0,12,4,0,4,4,8.333333969116211,0,4.1666669845581055,4,8,0,4.1666669845581055,4,4.1666669845581055,84156.43310546875,220958.68060302734,0,404327403520,8589930496,5464186880,114688
9,1791556850050,2500,2500,2499,2500,2500,2500,2500,2500,2500,2499,2499,2499,2499,2499,2499,2499,4,0,12,4,0,4,4,8.333333969116211,0,4.1666669845581055,4,8,0,4.1666669845581055,4,4.1666669845581055,84156.58526611328,220959.05725097656,0,404327403520,8589930496,5464186880,114688
9,1791556850060,2500,2500,2499,2500,2500,2500,2500,2500,2500,2499,2499,2499,2499,2499,2499,2499,4,0,12,4,0,4,4,8.333333969116211,0,4.1666669845581055,4,8,0,4.1666669845581055,4,4.1666669845581055,84156.73742675781,220959.4317626953,0,404327403520,8589930496,5464186880,114688
9,1791556850070,2500,2500,2499,2500,2500,2500,2500,2500,2500,2499,2499,2499,2499,2499,2499,2499,4,0,12,4,0,4,4,8.333333969116211,0,4.1666669845581055,4,8,0,4.1666669845581055,4,4.1666669845581055,84156.88104248047,220959.80688476563,0,404327403520,8589930496,5464186880,114688
9,1791556850080,2500,2500,2499,2500,2500,2500,2500,2500,2500,2499,2499,2499,2499,2499,2499,2499,4,0,12,4,0,4,4,8.333333969116211,0,4.1666669845581055,4,8,0,4.1666669845581055,4,4.1666669845581055,84157.0366821289,220960.1820678711,0,404327403520,8589930496,5464186880,114688
9,1791556850090,2500,2500,2499,2500,2500,2500,2500,2500,2500,2499,2499,2499,2499,2499,2499,2499,4,0,12,4,0,4,4,8.333333969116211,0,4.1666669845581055,4,8,0,4.1666669845581055,4,4.1666669845581055,84157.18646240234,220960.55657958984,0,404327403520,8589930496,5455888384,114688
10,1791556850100,2500,2500,2499,2500,2500,2500,2500,2500,2500,2499,2499,2499,2499,2499,2499,2499,4,0,12,4,0,4,4,8.333333969116211,0,4.1666669845581055,4,8,0,4.1666669845581055,4,4.1666669845581055,84157.33947753906,220960.9324951172,0,404327403520,8589930496,5455888384,114688
9,1791556850111,2500,2500,2499,2500,2500,2500,2500,2500,2500,2499,2499,2499,2499,2499,2499,2499,4,0,12,4,0,4,4,8.333333969116211,0,4.1666669845581055,4,8,0,4.1666669845581055,4,4.1666669845581055,84157.5072631836,220961.3458251953,0,404327403520,8589930496,5455888384,114688
9,1791556850121,2500,2500,2499,2500,2500,2500,2500,2500,2500,2499,2499,2499,2499,2499,2499,2499,4,0,12,4,0,4,4,8.333333969116211,0,4.1666669845581055,4,8,0,4.1666669845581055,4,4.1666669845581055,84157.6636352539,220961.7218017578,0,404327403520,8589930496,5455888384,114688
9,1791556850131,2500,2500,2499,2500,2500,2500,2500,2500,2500,2499,2499,2499,2499,2499,2499,2499,26.3157901763916,0,0,0,0,0,0,25,4.761904716491699,0,0,0,0,60.000003814697266,0,0,84157.8207397461,220962.0966796875,0,404327403520,8589930496,5455888384,114688
10,1791556850141,2500,2500,2499,2500,2500,2500,2500,2500,2500,2499,2499,2499,2499,2499,2499,2499,26.3157901763916,0,0,0,0,0,0,25,4.761904716491699,0,0,0,0,60.000003814697266,0,0,84157.9683227539,220962.47399902344,0,404327403520,8589930496,5455888384,114688
10,1791556850151,2500,2500,2499,2500,2500,2500,2500,2500,2500,2499,2499,2499,2499,2499,2499,2499,26.3157901763916,0,0,0,0,0,0,25,4.761904716491699,0,0,0,0,60.000003814697266,0,0,84158.12493896484,220962.8076171875,0,404327403520,8589930496,5452509184,114688
9,1791556850161,2500,2500,2499,2500,2500,2500,2500,2500,2500,2499,2499,2499,2499,2499,2499,2499,26.3157901763916,0,0,0,0,0,0,25,4.761904716491699,0,0,0,0,60.000003814697266,0,0,84158.30108642578,220963.1890258789,0,404327403520,8589930496,5450174464,114688
10,1791556850171,2500,2500,2499,2500,2500,2500,2500,2500,2500,2499,2499,2499,2499,2499,2499,2499,26.3157901763916,0,0,0,0,0,0,25,4.761904716491699,0,0,0,0,60.000003814697266,0,0,84158.46405029297,220963.56689453125,0,404327403520,8589930496,5450174464,114688
9,1791556850181,2500,2500,2499,2500,2500,2500,2500,2500,2500,2499,2499,2499,2499,2499,2499,2499,26.3157901763916,0,0,0,0,0,0,25,4.761904716491699,0,0,0,0,60.000003814697266,0,0,84158.6332397461,220963.9405517578,0,404327403520,8589930496,5450174464,114688
10,1791556850191,2500,2500,2499,2500,2500,2500,2500,2500,2500,2499,2499,2499,2499,2499,2499,2499,26.3157901763916,0,0,0,0,0,0,25,4.761904716491699,0,0,0,0,60.000003814697266,0,0,84158.79901123047,220964.31756591797,0,404327403520,8589930496,5450174464,114688
9,1791556850201,2500,2500,2499,2500,2500,2500,2500,2500,2500,2499,2499,2499,2499,2499,2499,2499,26.3157901763916,0,0,0,0,0,0,25,4.761904716491699,0,0,0,0,60.000003814697266,0,0,84158.97131347656,220964.69494628906,0,404327403520,8589930496,5466034176,114688
10,1791556850211,2500,2500,2499,2500,2500,2500,2500,2500,2500,2499,2499,2499,2499,2499,2499,2499,26.3157901763916,0,0,0,0,0,0,25,4.761904716491699,0,0,0,0,60.000003814697266,0,0,84159.1381225586,220965.07055664063,0,404327403520,8589930496,5482885120,114688
9,1791556850221,2500,2500,2499,2500,2500,2500,2500,2500,2500,2499,2499,2499,2499,2499,2499,2499,26.3157901763916,0,0,0,0,0,0,25,4.761904716491699,0,0,0,0,60.000003814697266,0,0,84159.30572509766,220965.4464111328,0,404327403520,8589930496,5499240448,114688
9,1791556850231,2500,2500,2499,2500,2500,2500,2500,2500,2500,2499,2499,2499,2499,2499,2499,2499,26.3157901763916,0,0,0,0,0,0,25,4.761904716491699,0,0,0,0,60.000003814697266,0,0,84159.47631835938,220965.82525634766,0,404327403520,8589930496,5507665920,114688
10,1791556850241,2500,2500,2499,2500,2500,2500,2500,2500,2500,2499,2499,2499,2499,2499,2499,2499,26.3157901763916,0,0,0,0,0,0,25,4.761904716491699,0,0,0,0,60.000003814697266,0,0,84159.64422607422,220966.19927978516,0,404327403520,8589930496,5524021248,114688
9,1791556850252,2500,2500,2499,2500,2500,2500,2500,2500,2500,2499,2499,2499,2499,2499,2499,2499,26.3157901763916,0,0,0,0,0,0,25,4.761904716491699,0,0,0,0,60.000003814697266,0,0,84159.8178100586,220966.61474609375,0,404327403520,8589930496,5524021248,114688
9,1791556850262,2500,2500,2499,2500,2500,2500,2500,2500,2500,2499,2499,2499,2499,2499,2499,2499,26.3157901763916,0,0,0,0,0,0,25,4.761904716491699,0,0,0,0,60.000003814697266,0,0,84159.96087646484,220966.9525756836,0,404327403520,8589930496,5524021248,114688
10,1791556850272,2500,2500,2499,2500,2500,2500,2500,2500,2500,2499,2499,2499,2499,2499,2499,2499,26.3157901763916,0,0,0,0,0,0,25,4.761904716491699,0,0,0,0,60.000003814697266,0,0,84160.11431884766,220967.32708740234,0,404327403520,8589930496,5524021248,114688
9,1791556850282,2500,2500,2499,2500,2500,2500,2500,2500,2500,2499,2499,2499,2499,2499,2499,2499,26.3157901763916,0,0,0,0,0,0,25,4.761904716491699,0,0,0,0,60.000003814697266,0,0,84160.28314208984,220967.74182128906,0,404327403520,8589930496,5532446720,114688
10,1791556850292,2500,2500,2499,2500,2500,2500,2500,2500,2500,2499,2499,2499,2499,2499,2499,2499,26.3157901763916,0,0,0,0,0,0,25,4.761904716491699,0,0,0,0,60.000003814697266,0,0,84160.44482421875,220968.1196899414,0,404327403520,8589930496,5540376576,114688
9,1791556850302,2500,2500,2499,2500,2500,2500,2500,2500,2500,2499,2499,2499,2499,2499,2499,2499,26.3157901763916,0,0,0,0,0,0,25,4.761904716491699,0,0,0,0,60.000003814697266,0,0,84160.6010131836,220968.4942626953,0,404327403520,8589930496,5540376576,114688
9,1791556850312,2500,2500,2499,2500,2500,2500,2500,2500,2500,2499,2499,2499,2499,2499,2499,2499,26.3157901763916,0,0,0,0,0,0,25,4.761904716491699,0,0,0,0,60.000003814697266,0,0,84160.75518798828,220968.87060546875,0,404327403520,8589930496,5540376576,114688
9,1791556850322,2500,2500,2499,2500,2500,2500,2500,2500,2500,2499,2499,2499,2499,2499,2499,2499,26.3157901763916,0,0,0,0,0,0,25,4.761904716491699,0,0,0,0,60.000003814697266,0,0,84160.90551757813,220969.24737548828,0,404327403520,8589930496,5540376576,114688
9,1791556850332,2500,2500,2499,2500,2500,2500,2500,2500,2500,2499,2499,2499,2499,2499,2499,2499,90,0,0,0,0,0,0,5.555555820465088,0,0,0,0,5,5.263157844543457,0,0,84161.05712890625,220969.62579345703,0,404327403520,8589930496,5540376576,114688
9,1791556850342,2500,2500,2499,2500,2500,2500,2500,2500,2500,2499,2499,2499,2499,2499,2499,2499,90,0,0,0,0,0,0,5.555555820465088,0,0,0,0,5,5.263157844543457,0,0,84161.21075439453,220969.99853515625,0,404327403520,8589930496,5540376576,114688
10,1791556850352,2500,2500,2499,2500,2500,2500,2500,2500,2500,2499,2499,2499,2499,2499,2499,2499,90,0,0,0,0,0,0,5.555555820465088,0,0,0,0,5,5.263157844543457,0,0,84161.36364746094,220970.36975097656,0,404327403520,8589930496,5540376576,114688
10,1791556850362,2500,2500,2499,2500,2500,2500,2500,2500,2500,2499,2499,2499,2499,2499,2499,2499,90,0,0,0,0,0,0,5.555555820465088,0,0,0,0,5,5.263157844543457,0,0,84161.51379394531,220970.74853515625,0,404327403520,8589930496,5540376576,114688
9,1791556850372,2500,2500,2499,2500,2500,2500,2500,2500,2500,2499,2499,2499,2499,2499,2499,2499,90,0,0,0,0,0,0,5.555555820465088,0,0,0,0,5,5.263157844543457,0,0,84161.66424560547,220971.12408447266,0,404327403520,8589930496,5540376576,114688
9,1791556850383,2500,2500,2499,2500,2500,2500,2500,2500,2500,2499,2499,2499,2499,2499,2499,2499,90,0,0,0,0,0,0,5.555555820465088,0,0,0,0,5,5.263157844543457,0,0,84161.8169555664,220971.49993896484,0,404327403520,8589930496,5540376576,114688
9,1791556850393,2500,2500,2499,2500,2500,2500,2500,2500,2500,2499,2499,2499,2499,2499,2499,2499,90,0,0,0,0,0,0,5.555555820465088,0,0,0,0,5,5.263157844543457,0,0,84161.96783447266,220971.8740234375,0,404327403520,8589930496,5540376576,114688
10,1791556850403,2500,2500,2499,2500,2500,2500,2500,2500,2500,2499,2499,2499,2499,2499,2499,2499,90,0,0,0,0,0,0,5.555555820465088,0,0,0,0,5,5.263157844543457,0,0,84162.11614990234,220972.24908447266,0,404327403520,8589930496,5540376576,114688
10,1791556850413,2500,2500,2499,2500,2500,2500,2500,2500,2500,2499,2499,2499,2499,2499,2499,2499,90,0,0,0,0,0,0,5.555555820465088,0,0,0,0,5,5.263157844543457,0,0,84162.26904296875,220972.6283569336,0,404327403520,8589930496,5540376576,114688
9,1791556850423,2500,2500,2499,2500,2500,2500,2500,2500,2500,2499,2499,2499,2499,2499,2499,2499,90,0,0,0,0,0,0,5.555555820465088,0,0,0,0,5,5.263157844543457,0,0,84162.42126464844,220972.99896240234,0,404327403520,8589930496,5540376576,114688
9,1791556850433,2500,2500,2499,2500,2500,2500,2500,2500,2500,2499,2499,2499,2499,2499,2499,2499,90,0,0,0,0,0,0,5.555555820465088,0,0,0,0,5,5.263157844543457,0,0,84162.60498046875,220973.4139404297,0,404327403520,8589930496,5540376576,114688
9,1791556850443,2500,2500,2499,2500,2500,2500,2500,2500,2500,2499,2499,2499,2499,2499,2499,2499,90,0,0,0,0,0,0,5.555555820465088,0,0,0,0,5,5.263157844543457,0,0,84162.76153564453,220973.7890625,0,404327403520,8589930496,5540376576,114688
9,1791556850453,2500,2500,2499,2500,2500,2500,2500,2500,2500,2499,2499,2499,2499,2499,2499,2499,90,0,0,0,0,0,0,5.555555820465088,0,0,0,0,5,5.263157844543457,0,0,84162.91906738281,220974.16632080078,0,404327403520,8589930496,5548802048,114688
9,1791556850463,2500,2500,2499,2500,2500,2500,2500,2500,2500,2499,2499,2499,2499,2499,2499,2499,90,0,0,0,0,0,0,5.555555820465088,0,0,0,0,5,5.263157844543457,0,0,84163.07684326172,220974.54272460938,0,404327403520,8589930496,5548802048,114688
9,1791556850473,2500,2500,2499,2500,2500,2500,2500,2500,2500,2499,2499,2499,2499,2499,2499,2499,90,0,0,0,0,0,0,5.555555820465088,0,0,0,0,5,5.263157844543457,0,0,84163.2290649414,220974.91772460938,0,404327403520,8589930496,5548802048,114688
9,1791556850483,2500,2500,2499,2500,2500,2500,2500,2500,2500,2499,2499,2499,2499,2499,2499,2499,90,0,0,0,0,0,0,5.555555820465088,0,0,0,0,5,5.263157844543457,0,0,84163.37969970703,220975.2928466797,0,404327403520,8589930496,5548802048,114688
9,1791556850493,2500,2500,2499,2500,2500,2500,2500,2500,2500,2499,2499,2499,2499,2499,2499,2499,90,0,0,0,0,0,0,5.555555820465088,0,0,0,0,5,5.263157844543457,0,0,84163.53259277344,220975.66668701172,0,404327403520,8589930496,5548802048,114688
9,1791556850503,2500,2500,2499,2500,2500,2500,2500,2500,2500,2499,2499,2499,2499,2499,2499,2499,90,0,0,0,0,0,0,5.555555820465088,0,0,0,0,5,5.263157844543457,0,0,84163.68347167969,220976.04302978516,0,404327403520,8589930496,5548802048,114688
9,1791556850513,2500,2500,2499,2500,2500,2500,2500,2500,2500,2499,2499,2499,2499,2499,2499,2499,90,0,0,0,0,0,0,5.555555820465088,0,0,0,0,5,5.263157844543457,0,0,84163.83276367188,220976.41748046875,0,404327403520,8589930496,5548802048,114688
9,1791556850523,2500,2500,2499,2500,2500,2500,2500,2500,2500,2499,2499,2499,2499,2499,2499,2499,90,0,0,0,0,0,0,5.555555820465088,0,0,0,0,5,5.263157844543457,0,0,84163.98327636719,220976.79364013672,0,404327403520,8589930496,5550784512,114688
10,1791556850533,2500,2500,2499,2500,2500,2500,2500,2500,2500,2499,2499,2499,2499,2499,2499,2499,100,0,5,0,0,0,0,5.263157844543457,0,0,0,0,0,0,0,0,84164.13690185547,220977.16815185547,0,404327403520,8589930496,5550784512,114688
9,1791556850544,2500,2500,2499,2500,2500,2500,2500,2500,2500,2499,2499,2499,2499,2499,2499,2499,100,0,5,0,0,0,0,5.263157844543457,0,0,0,0,0,0,0,0,84164.28100585938,220977.5464477539,0,404327403520,8589930496,5551280128,114688
9,1791556850554,2500,2500,2499,2500,2500,2500,2500,2500,2500,2499,2499,2499,2499,2499,2499,2499,100,0,5,0,0,0,0,5.263157844543457,0,0,0,0,0,0,0,0,84164.43188476563,220977.92163085938,0,404327403520,8589930496,5551280128,114688
9,1791556850564,2500,2500,2499,2500,2500,2500,2500,2500,2500,2499,2499,2499,2499,2499,2499,2499,100,0,5,0,0,0,0,5.263157844543457,0,0,0,0,0,0,0,0,84164.59063720703,220978.29962158203,0,404327403520,8589930496,5555245056,114688
9,1791556850574,2500,2500,2499,2500,2500,2500,2500,2500,2500,2499,2499,2499,2499,2499,2499,2499,100,0,5,0,0,0,0,5.263157844543457,0,0,0,0,0,0,0,0,84164.740234375,220978.67291259766,0,404327403520,8589930496,5555245056,114688
9,1791556850584,2500,2500,2499,2500,2500,2500,2500,2500,2500,2499,2499,2499,2499,2499,2499,2499,100,0,5,0,0,0,0,5.263157844543457,0,0,0,0,0,0,0,0,84164.8896484375,220979.04833984375,0,404327403520,8589930496,5555245056,114688
9,1791556850594,2500,2500,2499,2500,2500,2500,2500,2500,2500,2499,2499,2499,2499,2499,2499,2499,100,0,5,0,0,0,0,5.263157844543457,0,0,0,0,0,0,0,0,84165.04345703125,220979.42205810547,0,404327403520,8589930496,5555245056,114688
9,1791556850604,2500,2500,2499,2500,2500,2500,2500,2500,2500,2499,2499,2499,2499,2499,2499,2499,100,0,5,0,0,0,0,5.263157844543457,0,0,0,0,0,0,0,0,84165.21264648438,220979.83374023438,0,404327403520,8589930496,5555245056,114688
9,1791556850614,2500,2500,2499,2500,2500,2500,2500,2500,2500,2499,2499,2499,2499,2499,2499,2499,100,0,5,0,0,0,0,5.263157844543457,0,0,0,0,0,0,0,0,84165.36517333984,220980.21026611328,0,404327403520,8589930496,5555245056,114688
9,1791556850624,2500,2500,2499,2500,2500,2500,2500,2500,2500,2499,2499,2499,2499,2499,2499,2499,100,0,5,0,0,0,0,5.263157844543457,0,0,0,0,0,0,0,0,84165.51586914063,220980.5855102539,0,404327403520,8589930496,5555245056,114688
10,1791556850634,2500,2500,2499,2500,2500,2500,2500,2500,2500,2499,2499,2499,2499,2499,2499,2499,100,0,5,0,0,0,0,5.263157844543457,0,0,0,0,0,0,0,0,84165.666015625,220980.95935058594,0,404327403520,8589930496,5555245056,114688
9,1791556850644,2500,2500,2499,2500,2500,2500,2500,2500,2500,2499,2499,2499,2499,2499,2499,2499,100,0,5,0,0,0,0,5.263157844543457,0,0,0,0,0,0,0,0,84165.81689453125,220981.33465576172,0,404327403520,8589930496,5555245056,114688
9,1791556850654,2500,2500,2499,2500,2500,2500,2500,2500,2500,2499,2499,2499,2499,2499,2499,2499,100,0,5,0,0,0,0,5.263157844543457,0,0,0,0,0,0,0,0,84165.96868896484,220981.7094116211,0,404327403520,8589930496,5555245056,114688
9,1791556850664,2500,2500,2499,2500,2500,2500,2500,2500,2500,2499,2499,2499,2499,2499,2499,2499,100,0,5,0,0,0,0,5.263157844543457,0,0,0,0,0,0,0,0,84166.12213134766,220982.0828857422,0,404327403520,8589930496,5555245056,114688
9,1791556850675,2500,2500,2499,2500,2500,2500,2500,2500,2500,2499,2499,2499,2499,2499,2499,2499,100,0,5,0,0,0,0,5.263157844543457,0,0,0,0,0,0,0,0,84166.27319335938,220982.45867919922,0,404327403520,8589930496,5555245056,114688
9,1791556850685,2500,2500,2499,2500,2500,2500,2500,2500,2500,2499,2499,2499,2499,2499,2499,2499,100,0,5,0,0,0,0,5.263157844543457,0,0,0,0,0,0,0,0,84166.42529296875,220982.8338623047,0,404327403520,8589930496,5555245056,114688
10,1791556850695,2500,2500,2499,2500,2500,2500,2500,2500,2500,2499,2499,2499,2499,2499,2499,2499,100,0,5,0,0,0,0,5.263157844543457,0,0,0,0,0,0,0,0,84166.58605957031,220983.21240234375,0,404327403520,8589930496,5555245056,114688
9,1791556850705,2500,2500,2499,2500,2500,2500,2500,2500,2500,2499,2499,2499,2499,2499,2499,2499,100,0,5,0,0,0,0,5.263157844543457,0,0,0,0,0,0,0,0,84166.74353027344,220983.587890625,0,404327403520,8589930496,5555245056,114688
9,1791556850715,2500,2500,2499,2500,2500,2500,2500,2500,2500,2499,2499,2499,2499,2499,2499,2499,100,0,5,0,0,0,0,5.263157844543457,0,0,0,0,0,0,0,0,84166.89782714844,220983.96417236328,0,404327403520,8589930496,5555245056,114688
9,1791556850725,2500,2500,2499,2500,2500,2500,2500,2500,2500,2499,2499,2499,2499,2499,2499,2499,100,0,5,0,0,0,0,5.263157844543457,0,0,0,0,0,0,0,0,84167.05090332031,220984.34149169922,0,404327403520,8589930496,5555245056,114688
9,1791556850735,2500,2500,2499,2500,2500,2500,2500,2500,2500,2499,2499,2499,2499,2499,2499,2499,100,0,0,5.263157844543457,0,0,0,5.263157844543457,0,0,0,0,4.761904716491699,0,0,0,84167.20068359375,220984.71606445313,0,404327403520,8589930496,5555245056,114688
9,1791556850745,2500,2500,2499,2500,2500,2500,2500,2500,2500,2499,2499,2499,2499,2499,2499,2499,100,0,0,5.263157844543457,0,0,0,5.263157844543457,0,0,0,0,4.761904716491699,0,0,0,84167.35266113281,220985.08990478516,0,404327403520,8589930496,5555245056,114688
9,1791556850755,2500,2500,2499,2500,2500,2500,2500,2500,2500,2499,2499,2499,2499,2499,2499,2499,100,0,0,5.263157844543457,0,0,0,5.263157844543457,0,0,0,0,4.761904716491699,0,0,0,84167.51837158203,220985.49932861328,0,404327403520,8589930496,5555245056,114688
9,1791556850765,2500,2500,2499,2500,2500,2500,2500,2500,2500,2499,2499,2499,2499,2499,2499,2499,100,0,0,5.263157844543457,0,0,0,5.263157844543457,0,0,0,0,4.761904716491699,0,0,0,84167.66815185547,220985.87481689453,0,404327403520,8589930496,5555245056,114688
9,1791556850775,2500,2500,2499,2500,2500,2500,2500,2500,2500,2499,2499,2499,2499,2499,2499,2499,100,0,0,5.263157844543457,0,0,0,5.263157844543457,0,0,0,0,4.761904716491699,0,0,0,84167.8150024414,220986.24969482422,0,404327403520,8589930496,5555245056,114688
9,1791556850785,2500,2500,2499,2500,2500,2500,2500,2500,2500,2499,2499,2499,2499,2499,2499,2499,100,0,0,5.263157844543457,0,0,0,5.263157844543457,0,0,0,0,4.761904716491699,0,0,0,84167.96203613281,220986.62420654297,0,404327403520,8589930496,5555245056,114688
9,1791556850795,2500,2500,2499,2500,2500,2500,2500,2500,2500,2499,2499,2499,2499,2499,2499,2499,100,0,0,5.263157844543457,0,0,0,5.263157844543457,0,0,0,0,4.761904716491699,0,0,0,84168.11206054688,220986.99731445313,0,404327403520,8589930496,5555245056,114688
9,1791556850805,2500,2500,2499,2500,2500,2500,2500,2500,2500,2499,2499,2499,2499,2499,2499,2499,100,0,0,5.263157844543457,0,0,0,5.263157844543457,0,0,0,0,4.761904716491699,0,0,0,84168.26000976563,220987.37322998047,0,404327403520,8589930496,5555245056,114688
9,1791556850815,2500,2500,2499,2500,2500,2500,2500,2500,2500,2499,2499,2499,2499,2499,2499,2499,100,0,0,5.263157844543457,0,0,0,5.263157844543457,0,0,0,0,4.761904716491699,0,0,0,84168.40753173828,220987.7456665039,0,404327403520,8589930496,5555245056,114688
9,1791556850826,2500,2500,2499,2500,2500,2500,2500,2500,2500,2499,2499,2499,2499,2499,2499,2499,100,0,0,5.263157844543457,0,0,0,5.263157844543457,0,0,0,0,4.761904716491699,0,0,0,84168.5640258789,220988.12133789063,0,404327403520,8589930496,5555245056,114688
9,1791556850836,2500,2500,2499,2500,2500,2500,2500,2500,2500,2499,2499,2499,2499,2499,2499,2499,100,0,0,5.263157844543457,0,0,0,5.263157844543457,0,0,0,0,4.761904716491699,0,0,0,84168.7134399414,220988.49627685547,0,404327403520,8589930496,5555245056,114688
9,1791556850846,2500,2500,2499,2500,2500,2500,2500,2500,2500,2499,2499,2499,2499,2499,2499,2499,100,0,0,5.263157844543457,0,0,0,5.263157844543457,0,0,0,0,4.761904716491699,0,0,0,84168.86413574219,220988.86846923828,0,404327403520,8589930496,5555245056,114688
9,1791556850856,2500,2500,2499,2500,2500,2500,2500,2500,2500,2499,2499,2499,2499,2499,2499,2499,100,0,0,5.263157844543457,0,0,0,5.263157844543457,0,0,0,0,4.761904716491699,0,0,0,84169.01165771484,220989.24542236328,0,404327403520,8589930496,5555245056,114688
9,1791556850866,2500,2500,2499,2500,2500,2500,2500,2500,2500,2499,2499,2499,2499,2499,2499,2499,100,0,0,5.263157844543457,0,0,0,5.263157844543457,0,0,0,0,4.761904716491699,0,0,0,84169.15997314453,220989.6212158203,0,404327403520,8589930496,5555245056,114688
10,1791556850876,2500,2500,2499,2500,2500,2500,2500,2500,2500,2499,2499,2499,2499,2499,2499,2499,100,0,0,5.263157844543457,0,0,0,5.263157844543457,0,0,0,0,4.761904716491699,0,0,0,84169.30712890625,220989.9927368164,0,404327403520,8589930496,5555245056,114688
9,1791556850886,2500,2500,2499,2500,2500,2500,2500,2500,2500,2499,2499,2499,2499,2499,2499,2499,100,0,0,5.263157844543457,0,0,0,5.263157844543457,0,0,0,0,4.761904716491699,0,0,0,84169.45068359375,220990.36932373047,0,404327403520,8589930496,5555245056,114688
9,1791556850896,2500,2500,2499,2500,2500,2500,2500,2500,2500,2499,2499,2499,2499,2499,2499,2499,100,0,0,5.263157844543457,0,0,0,5.263157844543457,0,0,0,0,4.761904716491699,0,0,0,84169.59661865234,220990.7442626953,0,404327403520,8589930496,5555245056,114688
9,1791556850906,2500,2500,2499,2500,2500,2500,2500,2500,2500,2499,2499,2499,2499,2499,2499,2499,100,0,0,5.263157844543457,0,0,0,5.263157844543457,0,0,0,0,4.761904716491699,0,0,0,84169.74060058594,220991.1176147461,0,404327403520,8589930496,5555245056,114688
9,1791556850916,2500,2500,2499,2500,2500,2500,2500,2500,2500,2499,2499,2499,2499,2499,2499,2499,100,0,0,5.263157844543457,0,0,0,5.263157844543457,0,0,0,0,4.761904716491699,0,0,0,84169.90466308594,220991.53125,0,404327403520,8589930496,5555245056,114688
9,1791556850926,2500,2500,2499,2500,2500,2500,2500,2500,2500,2499,2499,2499,2499,2499,2499,2499,100,0,0,5.263157844543457,0,0,0,5.263157844543457,0,0,0,0,4.761904716491699,0,0,0,84170.0531616211,220991.90496826172,0,404327403520,8589930496,5555245056,114688
9,1791556850936,2500,2500,2499,2500,2500,2500,2500,2500,2500,2499,2499,2499,2499,2499,2499,2499,100,0,0,9.523809432983398,0,0,0,5.263157844543457,0,0,0,0,0,0,0,0,84170.19891357422,220992.28051757813,0,404327403520,8589930496,5555245056,114688
9,1791556850946,2500,2500,2499,2500,2500,2500,2500,2500,2500,2499,2499,2499,2499,2499,2499,2499,100,0,0,9.523809432983398,0,0,0,5.263157844543457,0,0,0,0,0,0,0,0,84170.34228515625,220992.65362548828,0,404327403520,8589930496,5555245056,114688
10,1791556850956,2500,2500,2499,2500,2500,2500,2500,2500,2500,2499,2499,2499,2499,2499,2499,2499,100,0,0,9.523809432983398,0,0,0,5.263157844543457,0,0,0,0,0,0,0,0,84170.49499511719,220993.02996826172,0,404327403520,8589930496,5555245056,114688
9,1791556850967,2500,2500,2499,2500,2500,2500,2500,2500,2500,2499,2499,2499,2499,2499,2499,2499,100,0,0,9.523809432983398,0,0,0,5.263157844543457,0,0,0,0,0,0,0,0,84170.69714355469,220993.42553710938,0,404327403520,8589930496,5555245056,114688
9,1791556850977,2500,2500,2499,2500,2500,2500,2500,2500,2500,2499,2499,2499,2499,2499,2499,2499,100,0,0,9.523809432983398,0,0,0,5.263157844543457,0,0,0,0,0,0,0,0,84170.90087890625,220993.81970214844,0,404327403520,8589930496,5555245056,114688
9,1791556850987,2500,2500,2499,2500,2500,2500,2500,2500,2500,2499,2499,2499,2499,2499,2499,2499,100,0,0,9.523809432983398,0,0,0,5.263157844543457,0,0,0,0,0,0,0,0,84171.10150146484,220994.21575927734,0,404327403520,8589930496,5555245056,114688
9,1791556850997,2500,2500,2499,2500,2500,2500,2500,2500,2500,2499,2499,2499,2499,2499,2499,2499,100,0,0,9.523809432983398,0,0,0,5.263157844543457,0,0,0,0,0,0,0,0,84171.30438232422,220994.61157226563,0,404327403520,8589930496,5555245056,114688
9,1791556851007,2500,2500,2499,2500,2500,2500,2500,2500,2500,2499,2499,2499,2499,2499,2499,2499,100,0,0,9.523809432983398,0,0,0,5.263157844543457,0,0,0,0,0,0,0,0,84171.50756835938,220995.00506591797,0,404327403520,8589930496,5555245056,114688
9,1791556851017,2500,2500,2499,2500,2500,2500,2500,2500,2500,2499,2499,2499,2499,2499,2499,2499,100,0,0,9.523809432983398,0,0,0,5.263157844543457,0,0,0,0,0,0,0,0,84171.69232177734,220995.39263916016,0,404327403520,8589930496,5555245056,114688
9,1791556851027,2500,2500,2499,2500,2500,2500,2500,2500,2500,2499,2499,2499,2499,2499,2499,2499,100,0,0,9.523809432983398,0,0,0,5.263157844543457,0,0,0,0,0,0,0,0,84171.84362792969,220995.76654052734,0,404327403520,8589930496,5555245056,114688
9,1791556851037,2500,2500,2499,2500,2500,2500,2500,2500,2500,2499,2499,2499,2499,2499,2499,2499,100,0,0,9.523809432983398,0,0,0,5.263157844543457,0,0,0,0,0,0,0,0,84171.99389648438,220996.1420288086,0,404327403520,8589930496,5555245056,114688
9,1791556851047,2500,2500,2499,2500,2500,2500,2500,2500,2500,2499,2499,2499,2499,2499,2499,2499,100,0,0,9.523809432983398,0,0,0,5.263157844543457,0,0,0,0,0,0,0,0,84172.14556884766,220996.51782226563,0,404327403520,8589930496,5555245056,114688
9,1791556851057,2500,2500,2499,2500,2500,2500,2500,2500,2500,2499,2499,2499,2499,2499,2499,2499,100,0,0,9.523809432983398,0,0,0,5.263157844543457,0,0,0,0,0,0,0,0,84172.2973022461,220996.8944091797,0,404327403520,8589930496,5555245056,114688
10,1791556851067,2500,2500,2499,2500,2500,2500,2500,2500,2500,2499,2499,2499,2499,2499,2499,2499,100,0,0,9.523809432983398,0,0,0,5.263157844543457,0,0,0,0,0,0,0,0,84172.44848632813,220997.267578125,0,404327403520,8589930496,5557227520,114688
9,1791556851077,2500,2500,2499,2500,2500,2500,2500,2500,2500,2499,2499,2499,2499,2499,2499,2499,100,0,0,9.523809432983398,0,0,0,5.263157844543457,0,0,0,0,0,0,0,0,84172.60192871094,220997.6430053711,0,404327403520,8589930496,5559209984,114688
9,1791556851087,2500,2500,2499,2500,2500,2500,2500,2500,2500,2499,2499,2499,2499,2499,2499,2499,100,0,0,9.523809432983398,0,0,0,5.263157844543457,0,0,0,0,0,0,0,0,84172.75274658203,220998.0181274414,0,404327403520,8589930496,5571600384,114688
10,1791556851097,2500,2500,2499,2500,2500,2500,2500,2500,2500,2499,2499,2499,2499,2499,2499,2499,100,0,0,9.523809432983398,0,0,0,5.263157844543457,0,0,0,0,0,0,0,0,84172.90490722656,220998.39276123047,0,404327403520,8589930496,5571600384,114688
9,1791556851107,2500,2500,2499,2500,2500,2500,2500,2500,2500,2499,2499,2499,2499,2499,2499,2499,100,0,0,9.523809432983398,0,0,0,5.263157844543457,0,0,0,0,0,0,0,0,84173.05578613281,220998.7694091797,0,404327403520,8589930496,5571600384,114688
9,1791556851118,2500,2500,2499,2500,2500,2500,2500,2500,2500,2499,2499,2499,2499,2499,2499,2499,100,0,0,9.523809432983398,0,0,0,5.263157844543457,0,0,0,0,0,0,0,0,84173.2182006836,220999.1831665039,0,404327403520,8589930496,5553545216,114688
9,1791556851128,2500,2500,2499,2500,2500,2500,2500,2500,2500,2499,2499,2499,2499,2499,2499,2499,100,0,0,9.523809432983398,0,0,0,5.263157844543457,0,0,0,0,0,0,0,0,84173.3687133789,220999.55725097656,0,404327403520,8589930496,5553545216,114688
9,1791556851138,2500,2500,2499,2500,2500,2500,2500,2500,2500,2499,2499,2499,2499,2499,2499,2499,100,0,5.263157844543457,0,0,0,0,5.555555820465088,0,0,0,0,0,0,5,0,84173.52270507813,220999.9330444336,0,404327403520,8589930496,5561475072,114688
9,1791556851148,2500,2500,2499,2500,2500,2500,2500,2500,2500,2499,2499,2499,2499,2499,2499,2499,100,0,5.263157844543457,0,0,0,0,5.555555820465088,0,0,0,0,0,0,5,0,84173.6752319336,221000.3090209961,0,404327403520,8589930496,5561475072,114688
9,1791556851158,2500,2500,2499,2500,2500,2500,2500,2500,2500,2499,2499,2499,2499,2499,2499,2499,100,0,5.263157844543457,0,0,0,0,5.555555820465088,0,0,0,0,0,0,5,0,84173.83251953125,221000.68243408203,0,404327403520,8589930496,5561475072,114688
9,1791556851168,2500,2500,2499,2500,2500,2500,2500,2500,2500,2499,2499,2499,2499,2499,2499,2499,100,0,5.263157844543457,0,0,0,0,5.555555820465088,0,0,0,0,0,0,5,0,84173.9839477539,221001.0596923828,0,404327403520,8589930496,5561475072,114688
9,1791556851178,2500,2500,2499,2500,2500,2500,2500,2500,2500,2499,2499,2499,2499,2499,2499,2499,100,0,5.263157844543457,0,0,0,0,5.555555820465088,0,0,0,0,0,0,5,0,84174.13684082031,221001.4360961914,0,404327403520,8589930496,5570125824,114688
9,1791556851188,2500,2500,2499,2500,2500,2500,2500,2500,2500,2499,2499,2499,2499,2499,2499,2499,100,0,5.263157844543457,0,0,0,0,5.555555820465088,0,0,0,0,0,0,5,0,84174.29132080078,221001.8099975586,0,404327403520,8589930496,5570125824,114688
10,1791556851198,2500,2500,2499,2500,2500,2500,2500,2500,2500,2499,2499,2499,2499,2499,2499,2499,100,0,5.263157844543457,0,0,0,0,5.555555820465088,0,0,0,0,0,0,5,0,84174.44757080078,221002.18572998047,0,404327403520,8589930496,5570125824,114688
9,1791556851208,2500,2500,2499,2500,2500,2500,2500,2500,2500,2499,2499,2499,2499,2499,2499,2499,100,0,5.263157844543457,0,0,0,0,5.555555820465088,0,0,0,0,0,0,5,0,84174.59991455078,221002.5604248047,0,404327403520,8589930496,5570125824,114688
9,1791556851218,2500,2500,2499,2500,2500,2500,2500,2500,2500,2499,2499,2499,2499,2499,2499,2499,100,0,5.263157844543457,0,0,0,0,5.555555820465088,0,0,0,0,0,0,5,0,84174.74615478516,221002.93658447266,0,404327403520,8589930496,5578055680,114688
9,1791556851228,2500,2500,2499,2500,2500,2500,2500,2500,2500,2499,2499,2499,2499,2499,2499,2499,100,0,5.263157844543457,0,0,0,0,5.555555820465088,0,0,0,0,0,0,5,0,84174.90106201172,221003.31311035156,0,404327403520,8589930496,5578055680,114688
9,1791556851238,2500,2500,2499,2500,2500,2500,2500,2500,2500,2499,2499,2499,2499,2499,2499,2499,100,0,5.263157844543457,0,0,0,0,5.555555820465088,0,0,0,0,0,0,5,0,84175.06451416016,221003.7254638672,0,404327403520,8589930496,5578055680,114688
9,1791556851248,2500,2500,2499,2500,2500,2500,2500,2500,2500,2499,2499,2499,2499,2499,2499,2499,100,0,5.263157844543457,0,0,0,0,5.555555820465088,0,0,0,0,0,0,5,0,84175.21887207031,221004.10131835938,0,404327403520,8589930496,5578055680,114688
10,1791556851258,2500,2500,2499,2500,2500,2500,2500,2500,2500,2499,2499,2499,2499,2499,2499,2499,100,0,5.263157844543457,0,0,0,0,5.555555820465088,0,0,0,0,0,0,5,0,84175.3550415039,221004.4393310547,0,404327403520,8589930496,5578055680,114688
9,1791556851269,2500,2500,2499,2500,2500,2500,2500,2500,2500,2499,2499,2499,2499,2499,2499,2499,100,0,5.263157844543457,0,0,0,0,5.555555820465088,0,0,0,0,0,0,5,0,84175.52471923828,221004.8505859375,0,404327403520,8589930496,5586481152,114688
9,1791556851279,2500,2500,2499,2500,2500,2500,2500,2500,2500,2499,2499,2499,2499,2499,2499,2499,100,0,5.263157844543457,0,0,0,0,5.555555820465088,0,0,0,0,0,0,5,0,84175.67462158203,221005.22662353516,0,404327403520,8589930496,5586481152,114688
9,1791556851289,2500,2500,2499,2500,2500,2500,2500,2500,2500,2499,2499,2499,2499,2499,2499,2499,100,0,5.263157844543457,0,0,0,0,5.555555820465088,0,0,0,0,0,0,5,0,84175.82824707031,221005.60369873047,0,404327403520,8589930496,5586481152,114688
9,1791556851299,2500,2500,2499,2500,2500,2500,2500,2500,2500,2499,2499,2499,2499,2499,2499,2499,100,0,5.263157844543457,0,0,0,0,5.555555820465088,0,0,0,0,0,0,5,0,84175.98406982422,221005.97833251953,0,404327403520,8589930496,5586481152,114688
10,1791556851309,2500,2500,2499,2500,2500,2500,2500,2500,2500,2499,2499,2499,2499,2499,2499,2499,100,0,5.263157844543457,0,0,0,0,5.555555820465088,0,0,0,0,0,0,5,0,84176.13659667969,221006.35510253906,0,404327403520,8589930496,5594411008,114688
10,1791556851319,2500,2500,2499,2500,2500,2500,2500,2500,2500,2499,2499,2499,2499,2499,2499,2499,100,0,5.263157844543457,0,0,0,0,5.555555820465088,0,0,0,0,0,0,5,0,84176.28778076172,221006.73114013672,0,404327403520,8589930496,5594411008,114688
9,1791556851329,2500,2500,2499,2500,2500,2500,2500,2500,2500,2499,2499,2499,2499,2499,2499,2499,100,0,5.263157844543457,0,0,0,0,5.555555820465088,0,0,0,0,0,0,5,0,84176.44250488281,221007.1036376953,0,404327403520,8589930496,5594411008,114688
9,1791556851339,2500,2500,2499,2500,2500,2500,2500,2500,2500,2499,2499,2499,2499,2499,2499,2499,100,0,0,0,5,0,0,5.263157844543457,0,0,0,0,0,0,0,0,84176.59155273438,221007.48175048828,0,404327403520,8589930496,5594411008,114688
9,1791556851349,2500,2500,2499,2500,2500,2500,2500,2500,2500,2499,2499,2499,2499,2499,2499,2499,100,0,0,0,5,0,0,5.263157844543457,0,0,0,0,0,0,0,0,84176.74328613281,221007.8575439453,0,404327403520,8589930496,5594411008,114688
10,1791556851359,2500,2500,2499,2500,2500,2500,2500,2500,2500,2499,2499,2499,2499,2499,2499,2499,100,0,0,0,5,0,0,5.263157844543457,0,0,0,0,0,0,0,0,84176.89428710938,221008.232421875,0,404327403520,8589930496,5602836480,114688
10,1791556851369,2500,2500,2499,2500,2500,2500,2500,2500,2500,2499,2499,2499,2499,2499,2499,2499,100,0,0,0,5,0,0,5.263157844543457,0,0,0,0,0,0,0,0,84177.04772949219,221008.60845947266,0,404327403520,8589930496,5602836480,114688
9,1791556851379,2500,2500,2499,2500,2500,2500,2500,2500,2500,2499,2499,2499,2499,2499,2499,2499,100,0,0,0,5,0,0,5.263157844543457,0,0,0,0,0,0,0,0,84177.20098876953,221008.98406982422,0,404327403520,8589930496,5602836480,114688
10,1791556851389,2500,2500,2499,2500,2500,2500,2500,2500,2500,2499,2499,2499,2499,2499,2499,2499,100,0,0,0,5,0,0,5.263157844543457,0,0,0,0,0,0,0,0,84177.353515625,221009.35906982422,0,404327403520,8589930496,5602836480,114688
9,1791556851399,2500,2500,2499,2500,2500,2500,2500,2500,2500,2499,2499,2499,2499,2499,2499,2499,100,0,0,0,5,0,0,5.263157844543457,0,0,0,0,0,0,0,0,84177.51025390625,221009.73474121094,0,404327403520,8589930496,5611261952,114688
9,1791556851410,2500,2500,2499,2500,2500,2500,2500,2500,2500,2499,2499,2499,2499,2499,2499,2499,100,0,0,0,5,0,0,5.263157844543457,0,0,0,0,0,0,0,0,84177.66229248047,221010.11834716797,0,404327403520,8589930496,5611261952,114688
9,1791556851420,2500,2500,2499,2500,2500,2500,2500,2500,2500,2499,2499,2499,2499,2499,2499,2499,100,0,0,0,5,0,0,5.263157844543457,0,0,0,0,0,0,0,0,84177.83270263672,221010.5235595703,0,404327403520,8589930496,5611261952,114688
10,1791556851430,2500,2500,2499,2500,2500,2500,2500,2500,2500,2499,2499,2499,2499,2499,2499,2499,100,0,0,0,5,0,0,5.263157844543457,0,0,0,0,0,0,0,0,84177.9692993164,221010.86169433594,0,404327403520,8589930496,5611261952,114688
9,1791556851440,2500,2500,2499,2500,2500,2500,2500,2500,2500,2499,2499,2499,2499,2499,2499,2499,100,0,0,0,5,0,0,5.263157844543457,0,0,0,0,0,0,0,0,84178.12524414063,221011.2357788086,0,404327403520,8589930496,5611261952,114688
10,1791556851450,2500,2500,2499,2500,2500,2500,2500,2500,2500,2499,2499,2499,2499,2499,2499,2499,100,0,0,0,5,0,0,5.263157844543457,0,0,0,0,0,0,0,0,84178.27612304688,221011.62274169922,0,404327403520,8589930496,5619191808,114688
9,1791556851460,2500,2500,2499,2500,2500,2500,2500,2500,2500,2499,2499,2499,2499,2499,2499,2499,100,0,0,0,5,0,0,5.263157844543457,0,0,0,0,0,0,0,0,84178.4253540039,221011.9853515625,0,404327403520,8589930496,5619191808,114688
9,1791556851470,2500,2500,2499,2500,2500,2500,2500,2500,2500,2499,2499,2499,2499,2499,2499,2499,100,0,0,0,5,0,0,5.263157844543457,0,0,0,0,0,0,0,0,84178.59539794922,221012.39727783203,0,404327403520,8589930496,5619191808,114688
9,1791556851480,2500,2500,2499,2500,2500,2500,2500,2500,2500,2499,2499,2499,2499,2499,2499,2499,100,0,0,0,5,0,0,5.263157844543457,0,0,0,0,0,0,0,0,84178.75079345703,221012.7738647461,0,404327403520,8589930496,5619191808,114688
9,1791556851490,2500,2500,2499,2500,2500,2500,2500,2500,2500,2499,2499,2499,2499,2499,2499,2499,100,0,0,0,5,0,0,5.263157844543457,0,0,0,0,0,0,0,0,84178.90496826172,221013.15795898438,0,404327403520,8589930496,5627617280,114688
9,1791556851500,2500,2500,2499,2500,2500,2500,2500,2500,2500,2499,2499,2499,2499,2499,2499,2499,100,0,0,0,5,0,0,5.263157844543457,0,0,0,0,0,0,0,0,84179.05548095703,221013.5323486328,0,404327403520,8589930496,5627617280,114688
9,1791556851510,2500,2500,2499,2500,2500,2500,2500,2500,2500,2499,2499,2499,2499,2499,2499,2499,100,0,0,0,5,0,0,5.263157844543457,0,0,0,0,0,0,0,0,84179.21020507813,221013.90454101563,0,404327403520,8589930496,5627617280,114688
10,1791556851520,2500,2500,2499,2500,2500,2500,2500,2500,2500,2499,2499,2499,2499,2499,2499,2499,100,0,0,0,5,0,0,5.263157844543457,0,0,0,0,0,0,0,0,84179.36529541016,221014.2794189453,0,404327403520,8589930496,5627617280,114688
9,1791556851530,2500,2500,2499,2500,2500,2500,2500,2500,2500,2499,2499,2499,2499,2499,2499,2499,100,0,0,0,5,0,0,5.263157844543457,0,0,0,0,0,0,0,0,84179.51849365234,221014.65454101563,0,404327403520,8589930496,5636042752,114688
9,1791556851540,2500,2500,2499,2500,2500,2500,2500,2500,2500,2499,2499,2499,2499,2499,2499,2499,100,0,5,0,5,0,0,10,0,0,0,0,0,0,5,0,84179.6704711914,221015.03131103516,0,404327403520,8589930496,5636042752,114688
9,1791556851551,2500,2500,2499,2500,2500,2500,2500,2500,2500,2499,2499,2499,2499,2499,2499,2499,100,0,5,0,5,0,0,10,0,0,0,0,0,0,5,0,84179.82733154297,221015.40307617188,0,404327403520,8589930496,5636042752,114688
9,1791556851561,2500,2500,2499,2500,2500,2500,2500,2500,2500,2499,2499,2499,2499,2499,2499,2499,100,0,5,0,5,0,0,10,0,0,0,0,0,0,5,0,84179.98260498047,221015.78173828125,0,404327403520,8589930496,5636042752,114688
10,1791556851571,2500,2500,2499,2500,2500,2500,2500,2500,2500,2499,2499,2499,2499,2499,2499,2499,100,0,5,0,5,0,0,10,0,0,0,0,0,0,5,0,84180.13891601563,221016.15521240234,0,404327403520,8589930496,5636042752,114688
9,1791556851581,2500,2500,2499,2500,2500,2500,2500,2500,2500,2499,2499,2499,2499,2499,2499,2499,100,0,5,0,5,0,0,10,0,0,0,0,0,0,5,0,84180.298828125,221016.53448486328,0,404327403520,8589930496,5643972608,114688
9,1791556851591,2500,2500,2499,2500,2500,2500,2500,2500,2500,2499,2499,2499,2499,2499,2499,2499,100,0,5,0,5,0,0,10,0,0,0,0,0,0,5,0,84180.4750366211,221016.9434814453,0,404327403520,8589930496,5643972608,114688
9,1791556851601,2500,2500,2499,2500,2500,2500,2500,2500,2500,2499,2499,2499,2499,2499,2499,2499,100,0,5,0,5,0,0,10,0,0,0,0,0,0,5,0,84180.62872314453,221017.31994628906,0,404327403520,8589930496,5643972608,114688
9,1791556851611,2500,2500,2499,2500,2500,2500,2500,2500,2500,2499,2499,2499,2499,2499,2499,2499,100,0,5,0,5,0,0,10,0,0,0,0,0,0,5,0,84180.7816772461,221017.69403076172,0,404327403520,8589930496,5643972608,114688
9,1791556851621,2500,2500,2499,2500,2500,2500,2500,2500,2500,2499,2499,2499,2499,2499,2499,2499,100,0,5,0,5,0,0,10,0,0,0,0,0,0,5,0,84180.93859863281,221018.0687866211,0,404327403520,8589930496,5652398080,114688
9,1791556851631,2500,2500,2499,2500,2500,2500,2500,2500,2500,2499,2499,2499,2499,2499,2499,2499,100,0,5,0,5,0,0,10,0,0,0,0,0,0,5,0,84181.08984375,221018.44232177734,0,404327403520,8589930496,5652398080,114688
9,1791556851641,2500,2500,2499,2500,2500,2500,2500,2500,2500,2499,2499,2499,2499,2499,2499,2499,100,0,5,0,5,0,0,10,0,0,0,0,0,0,5,0,84181.24493408203,221018.82098388672,0,404327403520,8589930496,5652398080,114688
10,1791556851651,2500,2500,2499,2500,2500,2500,2500,2500,2500,2499,2499,2499,2499,2499,2499,2499,100,0,5,0,5,0,0,10,0,0,0,0,0,0,5,0,84181.39709472656,221019.1954345703,0,404327403520,8589930496,5652398080,114688
9,1791556851661,2500,2500,2499,2500,2500,2500,2500,2500,2500,2499,2499,2499,2499,2499,2499,2499,100,0,5,0,5,0,0,10,0,0,0,0,0,0,5,0,84181.55285644531,221019.56903076172,0,404327403520,8589930496,5652398080,114688
9,1791556851671,2500,2500,2499,2500,2500,2500,2500,2500,2500,2499,2499,2499,2499,2499,2499,2499,100,0,5,0,5,0,0,10,0,0,0,0,0,0,5,0,84181.70513916016,221019.9451904297,0,404327403520,8589930496,5660823552,114688
9,1791556851681,2500,2500,2499,2500,2500,2500,2500,2500,2500,2499,2499,2499,2499,2499,2499,2499,100,0,5,0,5,0,0,10,0,0,0,0,0,0,5,0,84181.85906982422,221020.32110595703,0,404327403520,8589930496,5660823552,114688
9,1791556851691,2500,2500,2499,2500,2500,2500,2500,2500,2500,2499,2499,2499,2499,2499,2499,2499,100,0,5,0,5,0,0,10,0,0,0,0,0,0,5,0,84182.01782226563,221020.6591796875,0,404327403520,8589930496,5660823552,114688
9,1791556851702,2500,2500,2499,2500,2500,2500,2500,2500,2500,2499,2499,2499,2499,2499,2499,2499,100,0,5,0,5,0,0,10,0,0,0,0,0,0,5,0,84182.17663574219,221021.0723876953,0,404327403520,8589930496,5660823552,114688
10,1791556851712,2500,2500,2499,2500,2500,2500,2500,2500,2500,2499,2499,2499,2499,2499,2499,2499,100,0,5,0,5,0,0,10,0,0,0,0,0,0,5,0,84182.33380126953,221021.44848632813,0,404327403520,8589930496,5668753408,114688
10,1791556851722,2500,2500,2499,2500,2500,2500,2500,2500,2500,2499,2499,2499,2499,2499,2499,2499,100,0,5,0,5,0,0,10,0,0,0,0,0,0,5,0,84182.4898071289,221021.82153320313,0,404327403520,8589930496,5668753408,114688
9,1791556851732,2500,2500,2499,2500,2500,2500,2500,2500,2500,2499,2499,2499,2499,2499,2499,2499,100,0,5,0,5,0,0,10,0,0,0,0,0,0,5,0,84182.64581298828,221022.19787597656,0,404327403520,8589930496,5668753408,114688
9,1791556851742,2500,2500,2499,2500,2500,2500,2500,2500,2500,2499,2499,2499,2499,2499,2499,2499,100,0,0,5,0,0,0,5.263157844543457,0,0,0,0,0,4.761904716491699,0,0,84182.8003540039,221022.57293701172,0,404327403520,8589930496,5668753408,114688
9,1791556851752,2500,2500,2499,2500,2500,2500,2500,2500,2500,2499,2499,2499,2499,2499,2499,2499,100,0,0,5,0,0,0,5.263157844543457,0,0,0,0,0,4.761904716491699,0,0,84182.97338867188,221022.98596191406,0,404327403520,8589930496,5668753408,114688
9,1791556851762,2500,2500,2499,2500,2500,2500,2500,2500,2500,2499,2499,2499,2499,2499,2499,2499,100,0,0,5,0,0,0,5.263157844543457,0,0,0,0,0,4.761904716491699,0,0,84183.11022949219,221023.3247680664,0,404327403520,8589930496,5677178880,114688
10,1791556851772,2500,2500,2499,2500,2500,2500,2500,2500,2500,2499,2499,2499,2499,2499,2499,2499,100,0,0,5,0,0,0,5.263157844543457,0,0,0,0,0,4.761904716491699,0,0,84183.26330566406,221023.7001953125,0,404327403520,8589930496,5677178880,114688
9,1791556851782,2500,2500,2499,2500,2500,2500,2500,2500,2500,2499,2499,2499,2499,2499,2499,2499,100,0,0,5,0,0,0,5.263157844543457,0,0,0,0,0,4.761904716491699,0,0,84183.43701171875,221024.1117553711,0,404327403520,8589930496,5677178880,114688
9,1791556851792,2500,2500,2499,2500,2500,2500,2500,2500,2500,2499,2499,2499,2499,2499,2499,2499,100,0,0,5,0,0,0,5.263157844543457,0,0,0,0,0,4.761904716491699,0,0,84183.5961303711,221024.48919677734,0,404327403520,8589930496,5677178880,114688
9,1791556851802,2500,2500,2499,2500,2500,2500,2500,2500,2500,2499,2499,2499,2499,2499,2499,2499,100,0,0,5,0,0,0,5.263157844543457,0,0,0,0,0,4.761904716491699,0,0,84183.75354003906,221024.8660888672,0,404327403520,8589930496,5685604352,114688
9,1791556851812,2500,2500,2499,2500,2500,2500,2500,2500,2500,2499,2499,2499,2499,2499,2499,2499,100,0,0,5,0,0,0,5.263157844543457,0,0,0,0,0,4.761904716491699,0,0,84183.9037475586,221025.24139404297,0,404327403520,8589930496,5685604352,114688
9,1791556851822,2500,2500,2499,2500,2500,2500,2500,2500,2500,2499,2499,2499,2499,2499,2499,2499,100,0,0,5,0,0,0,5.263157844543457,0,0,0,0,0,4.761904716491699,0,0,84184.05633544922,221025.61590576172,0,404327403520,8589930496,5685604352,114688
9,1791556851832,2500,2500,2499,2500,2500,2500,2500,2500,2500,2499,2499,2499,2499,2499,2499,2499,100,0,0,5,0,0,0,5.263157844543457,0,0,0,0,0,4.761904716491699,0,0,84184.21160888672,221025.9927368164,0,404327403520,8589930496,5685604352,114688
10,1791556851842,2500,2500,2499,2500,2500,2500,2500,2500,2500,2499,2499,2499,2499,2499,2499,2499,100,0,0,5,0,0,0,5.263157844543457,0,0,0,0,0,4.761904716491699,0,0,84184.36572265625,221026.36810302734,0,404327403520,8589930496,5685604352,114688
9,1791556851853,2500,2500,2499,2500,2500,2500,2500,2500,2500,2499,2499,2499,2499,2499,2499,2499,100,0,0,5,0,0,0,5.263157844543457,0,0,0,0,0,4.761904716491699,0,0,84184.51623535156,221026.7416381836,0,404327403520,8589930496,5693534208,114688
10,1791556851863,2500,2500,2499,2500,2500,2500,2500,2500,2500,2499,2499,2499,2499,2499,2499,2499,100,0,0,5,0,0,0,5.263157844543457,0,0,0,0,0,4.761904716491699,0,0,84184.67297363281,221027.11895751953,0,404327403520,8589930496,5693534208,114688
9,1791556851873,2500,2500,2499,2500,2500,2500,2500,2500,2500,2499,2499,2499,2499,2499,2499,2499,100,0,0,5,0,0,0,5.263157844543457,0,0,0,0,0,4.761904716491699,0,0,84184.82495117188,221027.49438476563,0,404327403520,8589930496,5693534208,114688
9,1791556851883,2500,2500,2499,2500,2500,2500,2500,2500,2500,2499,2499,2499,2499,2499,2499,2499,100,0,0,5,0,0,0,5.263157844543457,0,0,0,0,0,4.761904716491699,0,0,84184.98626708984,221027.87231445313,0,404327403520,8589930496,5693534208,114688
9,1791556851893,2500,2500,2499,2500,2500,2500,2500,2500,2500,2499,2499,2499,2499,2499,2499,2499,100,0,0,5,0,0,0,5.263157844543457,0,0,0,0,0,4.761904716491699,0,0,84185.14361572266,221028.2474975586,0,404327403520,8589930496,5701959680,114688
10,1791556851903,2500,2500,2499,2500,2500,2500,2500,2500,2500,2499,2499,2499,2499,2499,2499,2499,100,0,0,5,0,0,0,5.263157844543457,0,0,0,0,0,4.761904716491699,0,0,84185.29559326172,221028.62310791016,0,404327403520,8589930496,5701959680,114688
9,1791556851913,2500,2500,2499,2500,2500,2500,2500,2500,2500,2499,2499,2499,2499,2499,2499,2499,100,0,0,5,0,0,0,5.263157844543457,0,0,0,0,0,4.761904716491699,0,0,84185.4521484375,221028.998046875,0,404327403520,8589930496,5701959680,114688
9,1791556851923,2500,2500,2499,2500,2500,2500,2500,2500,2500,2499,2499,2499,2499,2499,2499,2499,100,0,0,5,0,0,0,5.263157844543457,0,0,0,0,0,4.761904716491699,0,0,84185.62579345703,221029.4097290039,0,404327403520,8589930496,5701959680,114688
9,1791556851933,2500,2500,2499,2500,2500,2500,2500,2500,2500,2499,2499,2499,2499,2499,2499,2499,100,0,0,5,0,0,0,5.263157844543457,0,0,0,0,0,4.761904716491699,0,0,84185.78356933594,221029.78680419922,0,404327403520,8589930496,5710385152,114688
9,1791556851943,2500,2500,2499,2500,2500,2500,2500,2500,2500,2499,2499,2499,2499,2499,2499,2499,100,0,0,5.263157844543457,0,0,0,5.555555820465088,0,0,0,0,0,0,0,0,84185.9443359375,221030.16278076172,0,404327403520,8589930496,5710385152,114688
9,1791556851953,2500,2500,2499,2500,2500,2500,2500,2500,2500,2499,2499,2499,2499,2499,2499,2499,100,0,0,5.263157844543457,0,0,0,5.555555820465088,0,0,0,0,0,0,0,0,84186.10272216797,221030.53900146484,0,404327403520,8589930496,5710385152,114688
9,1791556851963,2500,2500,2499,2500,2500,2500,2500,2500,2500,2499,2499,2499,2499,2499,2499,2499,100,0,0,5.263157844543457,0,0,0,5.555555820465088,0,0,0,0,0,0,0,0,84186.2583618164,221030.9139404297,0,404327403520,8589930496,5710385152,114688
9,1791556851973,2500,2500,2499,2500,2500,2500,2500,2500,2500,2499,2499,2499,2499,2499,2499,2499,100,0,0,5.263157844543457,0,0,0,5.555555820465088,0,0,0,0,0,0,0,0,84186.4189453125,221031.28973388672,0,404327403520,8589930496,5710385152,114688
9,1791556851984,2500,2500,2499,2500,2500,2500,2500,2500,2500,2499,2499,2499,2499,2499,2499,2499,100,0,0,5.263157844543457,0,0,0,5.555555820465088,0,0,0,0,0,0,0,0,84186.57403564453,221031.66357421875,0,404327403520,8589930496,5718315008,114688
9,1791556851994,2500,2500,2499,2500,2500,2500,2500,2500,2500,2499,2499,2499,2499,2499,2499,2499,100,0,0,5.263157844543457,0,0,0,5.555555820465088,0,0,0,0,0,0,0,0,84186.73236083984,221032.04119873047,0,404327403520,8589930496,5718315008,114688
9,1791556852004,2500,2500,2499,2500,2500,2500,2500,2500,2500,2499,2499,2499,2499,2499,2499,2499,100,0,0,5.263157844543457,0,0,0,5.555555820465088,0,0,0,0,0,0,0,0,84186.88800048828,221032.41583251953,0,404327403520,8589930496,5718315008,114688
9,1791556852014,2500,2500,2499,2500,2500,2500,2500,2500,2500,2499,2499,2499,2499,2499,2499,2499,100,0,0,5.263157844543457,0,0,0,5.555555820465088,0,0,0,0,0,0,0,0,84187.03955078125,221032.79260253906,0,404327403520,8589930496,5718315008,114688
10,1791556852024,2500,2500,2499,2500,2500,2500,2500,2500,2500,2499,2499,2499,2499,2499,2499,2499,100,0,0,5.263157844543457,0,0,0,5.555555820465088,0,0,0,0,0,0,0,0,84187.19732666016,221033.16845703125,0,404327403520,8589930496,5726740480,114688
9,1791556852034,2500,2500,2499,2500,2500,2500,2500,2500,2500,2499,2499,2499,2499,2499,2499,2499,100,0,0,5.263157844543457,0,0,0,5.555555820465088,0,0,0,0,0,0,0,0,84187.35040283203,221033.54162597656,0,404327403520,8589930496,5726740480,114688
9,1791556852044,2500,2500,2499,2500,2500,2500,2500,2500,2500,2499,2499,2499,2499,2499,2499,2499,100,0,0,5.263157844543457,0,0,0,5.555555820465088,0,0,0,0,0,0,0,0,84187.50659179688,221033.91674804688,0,404327403520,8589930496,5726740480,114688
9,1791556852054,2500,2500,2499,2500,2500,2500,2500,2500,2500,2499,2499,2499,2499,2499,2499,2499,100,0,0,5.263157844543457,0,0,0,5.555555820465088,0,0,0,0,0,0,0,0,84187.66040039063,221034.29180908203,0,404327403520,8589930496,5726740480,114688
9,1791556852064,2500,2500,2499,2500,2500,2500,2500,2500,2500,2499,2499,2499,2499,2499,2499,2499,100,0,0,5.263157844543457,0,0,0,5.555555820465088,0,0,0,0,0,0,0,0,84187.83081054688,221034.70404052734,0,404327403520,8589930496,5726740480,114688
10,1791556852074,2500,2500,2499,2500,2500,2500,2500,2500,2500,2499,2499,2499,2499,2499,2499,2499,100,0,0,5.263157844543457,0,0,0,5.555555820465088,0,0,0,0,0,0,0,0,84187.97802734375,221035.0425415039,0,404327403520,8589930496,5735165952,114688
9,1791556852084,2500,2500,2499,2500,2500,2500,2500,2500,2500,2499,2499,2499,2499,2499,2499,2499,100,0,0,5.263157844543457,0,0,0,5.555555820465088,0,0,0,0,0,0,0,0,84188.13293457031,221035.41674804688,0,404327403520,8589930496,5735165952,114688
10,1791556852094,2500,2500,2499,2500,2500,2500,2500,2500,2500,2499,2499,2499,2499,2499,2499,2499,100,0,0,5.263157844543457,0,0,0,5.555555820465088,0,0,0,0,0,0,0,0,84188.28967285156,221035.7919921875,0,404327403520,8589930496,5735165952,114688
9,1791556852104,2500,2500,2499,2500,2500,2500,2500,2500,2500,2499,2499,2499,2499,2499,2499,2499,100,0,0,5.263157844543457,0,0,0,5.555555820465088,0,0,0,0,0,0,0,0,84188.46014404297,221036.20574951172,0,404327403520,8589930496,5735165952,114688
9,1791556852114,2500,2500,2499,2500,2500,2500,2500,2500,2500,2499,2499,2499,2499,2499,2499,2499,100,0,0,5.263157844543457,0,0,0,5.555555820465088,0,0,0,0,0,0,0,0,84188.61376953125,221036.57989501953,0,404327403520,8589930496,5743095808,114688
9,1791556852125,2500,2500,2499,2500,2500,2500,2500,2500,2500,2499,2499,2499,2499,2499,2499,2499,100,0,0,5.263157844543457,0,0,0,5.555555820465088,0,0,0,0,0,0,0,0,84188.76428222656,221036.9546508789,0,404327403520,8589930496,5743095808,114688
9,1791556852135,2500,2500,2499,2500,2500,2500,2500,2500,2500,2499,2499,2499,2499,2499,2499,2499,100,0,0,5.263157844543457,0,0,0,5.555555820465088,0,0,0,0,0,0,0,0,84188.91967773438,221037.3310546875,0,404327403520,8589930496,5742833664,114688
9,1791556852145,2500,2500,2499,2500,2500,2500,2500,2500,2500,2499,2499,2499,2499,2499,2499,2499,100,0,0,0,0,0,5,10,0,4.761904716491699,0,4.761904716491699,0,0,5,0,84189.07330322266,221037.7081298828,0,404327403520,8589930496,5709983744,114688
9,1791556852155,2500,2500,2499,2500,2500,2500,2500,2500,2500,2499,2499,2499,2499,2499,2499,2499,100,0,0,0,0,0,5,10,0,4.761904716491699,0,4.761904716491699,0,0,5,0,84189.22802734375,221038.08074951172,0,404327403520,8589930496,5709983744,114688
9,1791556852165,2500,2500,2499,2500,2500,2500,2500,2500,2500,2499,2499,2499,2499,2499,2499,2499,100,0,0,0,0,0,5,10,0,4.761904716491699,0,4.761904716491699,0,0,5,0,84189.38751220703,221038.45721435547,0,404327403520,8589930496,5717913600,114688
9,1791556852175,2500,2500,2499,2500,2500,2500,2500,2500,2500,2499,2499,2499,2499,2499,2499,2499,100,0,0,0,0,0,5,10,0,4.761904716491699,0,4.761904716491699,0,0,5,0,84189.54992675781,221038.83349609375,0,404327403520,8589930496,5717913600,114688
9,1791556852185,2500,2500,2499,2500,2500,2500,2500,2500,2500,2499,2499,2499,2499,2499,2499,2499,100,0,0,0,0,0,5,10,0,4.761904716491699,0,4.761904716491699,0,0,5,0,84189.70318603516,221039.20849609375,0,404327403520,8589930496,5717913600,114688
9,1791556852195,2500,2500,2499,2500,2500,2500,2500,2500,2500,2499,2499,2499,2499,2499,2499,2499,100,0,0,0,0,0,5,10,0,4.761904716491699,0,4.761904716491699,0,0,5,0,84189.86193847656,221039.58361816406,0,404327403520,8589930496,5717913600,114688
10,1791556852205,2500,2500,2499,2500,2500,2500,2500,2500,2500,2499,2499,2499,2499,2499,2499,2499,100,0,0,0,0,0,5,10,0,4.761904716491699,0,4.761904716491699,0,0,5,0,84190.0142211914,221039.95916748047,0,404327403520,8589930496,5717913600,114688
10,1791556852215,2500,2500,2499,2500,2500,2500,2500,2500,2500,2499,2499,2499,2499,2499,2499,2499,100,0,0,0,0,0,5,10,0,4.761904716491699,0,4.761904716491699,0,0,5,0,84190.16693115234,221040.33056640625,0,404327403520,8589930496,5726339072,114688
9,1791556852225,2500,2500,2499,2500,2500,2500,2500,2500,2500,2499,2499,2499,2499,2499,2499,2499,100,0,0,0,0,0,5,10,0,4.761904716491699,0,4.761904716491699,0,0,5,0,84190.31762695313,221040.66918945313,0,404327403520,8589930496,5726339072,114688
9,1791556852235,2500,2500,2499,2500,2500,2500,2500,2500,2500,2499,2499,2499,2499,2499,2499,2499,100,0,0,0,0,0,5,10,0,4.761904716491699,0,4.761904716491699,0,0,5,0,84190.46771240234,221041.0835571289,0,404327403520,8589930496,5726339072,114688
10,1791556852245,2500,2500,2499,2500,2500,2500,2500,2500,2500,2499,2499,2499,2499,2499,2499,2499,100,0,0,0,0,0,5,10,0,4.761904716491699,0,4.761904716491699,0,0,5,0,84190.6244506836,221041.45892333984,0,404327403520,8589930496,5726339072,114688
9,1791556852255,2500,2500,2499,2500,2500,2500,2500,2500,2500,2499,2499,2499,2499,2499,2499,2499,100,0,0,0,0,0,5,10,0,4.761904716491699,0,4.761904716491699,0,0,5,0,84190.77532958984,221041.83502197266,0,404327403520,8589930496,5734268928,114688
9,1791556852266,2500,2500,2499,2500,2500,2500,2500,2500,2500,2499,2499,2499,2499,2499,2499,2499,100,0,0,0,0,0,5,10,0,4.761904716491699,0,4.761904716491699,0,0,5,0,84190.9437866211,221042.2533569336,0,404327403520,8589930496,5734268928,114688
10,1791556852276,2500,2500,2499,2500,2500,2500,2500,2500,2500,2499,2499,2499,2499,2499,2499,2499,100,0,0,0,0,0,5,10,0,4.761904716491699,0,4.761904716491699,0,0,5,0,84191.09704589844,221042.62786865234,0,404327403520,8589930496,5734268928,114688
9,1791556852286,2500,2500,2499,2500,2500,2500,2500,2500,2500,2499,2499,2499,2499,2499,2499,2499,100,0,0,0,0,0,5,10,0,4.761904716491699,0,4.761904716491699,0,0,5,0,84191.24993896484,221043.00469970703,0,404327403520,8589930496,5734268928,114688
9,1791556852296,2500,2500,2499,2500,2500,2500,2500,2500,2500,2499,2499,2499,2499,2499,2499,2499,100,0,0,0,0,0,5,10,0,4.761904716491699,0,4.761904716491699,0,0,5,0,84191.40759277344,221043.37890625,0,404327403520,8589930496,5742694400,114688
9,1791556852306,2500,2500,2499,2500,2500,2500,2500,2500,2500,2499,2499,2499,2499,2499,2499,2499,100,0,0,0,0,0,5,10,0,4.761904716491699,0,4.761904716491699,0,0,5,0,84191.5634765625,221043.75201416016,0,404327403520,8589930496,5742694400,114688
9,1791556852316,2500,2500,2499,2500,2500,2500,2500,2500,2500,2499,2499,2499,2499,2499,2499,2499,100,0,0,0,0,0,5,10,0,4.761904716491699,0,4.761904716491699,0,0,5,0,84191.71765136719,221044.1293334961,0,404327403520,8589930496,5742694400,114688
9,1791556852326,2500,2500,2499,2500,2500,2500,2500,2500,2500,2499,2499,2499,2499,2499,2499,2499,100,0,0,0,0,0,5,10,0,4.761904716491699,0,4.761904716491699,0,0,5,0,84191.86987304688,221044.50665283203,0,404327403520,8589930496,5742694400,114688
9,1791556852336,2500,2500,2499,2500,2500,2500,2500,2500,2500,2499,2499,2499,2499,2499,2499,2499,100,0,0,0,0,0,5,10,0,4.761904716491699,0,4.761904716491699,0,0,5,0,84192.02716064453,221044.88012695313,0,404327403520,8589930496,5742694400,114688
9,1791556852346,2500,2500,2499,2500,2500,2500,2500,2500,2500,2499,2499,2499,2499,2499,2499,2499,100,4.761904716491699,0,9.523809432983398,0,0,0,10,0,0,0,0,0,0,0,0,84192.18334960938,221045.2559814453,0,404327403520,8589930496,5751119872,114688
10,1791556852356,2500,2500,2499,2500,2500,2500,2500,2500,2500,2499,2499,2499,2499,2499,2499,2499,100,4.761904716491699,0,9.523809432983398,0,0,0,10,0,0,0,0,0,0,0,0,84192.34149169922,221045.63275146484,0,404327403520,8589930496,5751119872,114688
9,1791556852366,2500,2500,2499,2500,2500,2500,2500,2500,2500,2499,2499,2499,2499,2499,2499,2499,100,4.761904716491699,0,9.523809432983398,0,0,0,10,0,0,0,0,0,0,0,0,84192.4985961914,221046.0069580078,0,404327403520,8589930496,5751119872,114688
9,1791556852376,2500,2500,2499,2500,2500,2500,2500,2500,2500,2499,2499,2499,2499,2499,2499,2499,100,4.761904716491699,0,9.523809432983398,0,0,0,10,0,0,0,0,0,0,0,0,84192.65771484375,221046.3828125,0,404327403520,8589930496,5751119872,114688
9,1791556852386,2500,2500,2499,2500,2500,2500,2500,2500,2500,2499,2499,2499,2499,2499,2499,2499,100,4.761904716491699,0,9.523809432983398,0,0,0,10,0,0,0,0,0,0,0,0,84192.81329345703,221046.75885009766,0,404327403520,8589930496,5759049728,114688
9,1791556852396,2500,2500,2499,2500,2500,2500,2500,2500,2500,2499,2499,2499,2499,2499,2499,2499,100,4.761904716491699,0,9.523809432983398,0,0,0,10,0,0,0,0,0,0,0,0,84192.98266601563,221047.17291259766,0,404327403520,8589930496,5759049728,114688
10,1791556852406,2500,2500,2499,2500,2500,2500,2500,2500,2500,2499,2499,2499,2499,2499,2499,2499,100,4.761904716491699,0,9.523809432983398,0,0,0,10,0,0,0,0,0,0,0,0,84193.12432861328,221047.5112915039,0,404327403520,8589930496,5759049728,114688
9,1791556852417,2500,2500,2499,2500,2500,2500,2500,2500,2500,2499,2499,2499,2499,2499,2499,2499,100,4.761904716491699,0,9.523809432983398,0,0,0,10,0,0,0,0,0,0,0,0,84193.29663085938,221047.92504882813,0,404327403520,8589930496,5759049728,114688
9,1791556852427,2500,2500,2499,2500,2500,2500,2500,2500,2500,2499,2499,2499,2499,2499,2499,2499,100,4.761904716491699,0,9.523809432983398,0,0,0,10,0,0,0,0,0,0,0,0,84193.43658447266,221048.26495361328,0,404327403520,8589930496,5759049728,114688
9,1791556852437,2500,2500,2499,2500,2500,2500,2500,2500,2500,2499,2499,2499,2499,2499,2499,2499,100,4.761904716491699,0,9.523809432983398,0,0,0,10,0,0,0,0,0,0,0,0,84193.59967041016,221048.67901611328,0,404327403520,8589930496,5767475200,114688
9,1791556852447,2500,2500,2499,2500,2500,2500,2500,2500,2500,2499,2499,2499,2499,2499,2499,2499,100,4.761904716491699,0,9.523809432983398,0,0,0,10,0,0,0,0,0,0,0,0,84193.75128173828,221049.05432128906,0,404327403520,8589930496,5767475200,114688
9,1791556852457,2500,2500,2499,2500,2500,2500,2500,2500,2500,2499,2499,2499,2499,2499,2499,2499,100,4.761904716491699,0,9.523809432983398,0,0,0,10,0,0,0,0,0,0,0,0,84193.89758300781,221049.42822265625,0,404327403520,8589930496,5767475200,114688
10,1791556852467,2500,2500,2499,2500,2500,2500,2500,2500,2500,2499,2499,2499,2499,2499,2499,2499,100,4.761904716491699,0,9.523809432983398,0,0,0,10,0,0,0,0,0,0,0,0,84194.04956054688,221049.80303955078,0,404327403520,8589930496,5767475200,114688
9,1791556852477,2500,2500,2499,2500,2500,2500,2500,2500,2500,2499,2499,2499,2499,2499,2499,2499,100,4.761904716491699,0,9.523809432983398,0,0,0,10,0,0,0,0,0,0,0,0,84194.19989013672,221050.1802368164,0,404327403520,8589930496,5775900672,114688
9,1791556852487,2500,2500,2499,2500,2500,2500,2500,2500,2500,2499,2499,2499,2499,2499,2499,2499,100,4.761904716491699,0,9.523809432983398,0,0,0,10,0,0,0,0,0,0,0,0,84194.35418701172,221050.5552368164,0,404327403520,8589930496,5775900672,114688
10,1791556852497,2500,2500,2499,2500,2500,2500,2500,2500,2500,2499,2499,2499,2499,2499,2499,2499,100,4.761904716491699,0,9.523809432983398,0,0,0,10,0,0,0,0,0,0,0,0,84194.51098632813,221050.93280029297,0,404327403520,8589930496,5775900672,114688
9,1791556852507,2500,2500,2499,2500,2500,2500,2500,2500,2500,2499,2499,2499,2499,2499,2499,2499,100,4.761904716491699,0,9.523809432983398,0,0,0,10,0,0,0,0,0,0,0,0,84194.66052246094,221051.30798339844,0,404327403520,8589930496,5775900672,114688
9,1791556852517,2500,2500,2499,2500,2500,2500,2500,2500,2500,2499,2499,2499,2499,2499,2499,2499,100,4.761904716491699,0,9.523809432983398,0,0,0,10,0,0,0,0,0,0,0,0,84194.81579589844,221051.68310546875,0,404327403520,8589930496,5775900672,114688
9,1791556852527,2500,2500,2499,2500,2500,2500,2500,2500,2500,2499,2499,2499,2499,2499,2499,2499,100,4.761904716491699,0,9.523809432983398,0,0,0,10,0,0,0,0,0,0,0,0,84194.96740722656,221052.05932617188,0,404327403520,8589930496,5783830528,114688
10,1791556852537,2500,2500,2499,2500,2500,2500,2500,2500,2500,2499,2499,2499,2499,2499,2499,2499,100,4.761904716491699,0,9.523809432983398,0,0,0,10,0,0,0,0,0,0,0,0,84195.12316894531,221052.43493652344,0,404327403520,8589930496,5783830528,114688
10,1791556852547,2500,2500,2499,2500,2500,2500,2500,2500,2500,2499,2499,2499,2499,2499,2499,2499,100,0,0,0,0,0,0,0,0,0,5,0,0,0,0,0,84195.27697753906,221052.81170654297,0,404327403520,8589930496,5783830528,114688
9,1791556852558,2500,2500,2499,2500,2500,2500,2500,2500,2500,2499,2499,2499,2499,2499,2499,2499,100,0,0,0,0,0,0,0,0,0,5,0,0,0,0,0,84195.44409179688,221053.22290039063,0,404327403520,8589930496,5783830528,114688
9,1791556852568,2500,2500,2499,2500,2500,2500,2500,2500,2500,2499,2499,2499,2499,2499,2499,2499,100,0,0,0,0,0,0,0,0,0,5,0,0,0,0,0,84195.58068847656,221053.56225585938,0,404327403520,8589930496,5792256000,114688
9,1791556852578,2500,2500,2499,2500,2500,2500,2500,2500,2500,2499,2499,2499,2499,2499,2499,2499,100,0,0,0,0,0,0,0,0,0,5,0,0,0,0,0,84195.75170898438,221053.9757080078,0,404327403520,8589930496,5792256000,114688
10,1791556852588,2500,2500,2499,2500,2500,2500,2500,2500,2500,2499,2499,2499,2499,2499,2499,2499,100,0,0,0,0,0,0,0,0,0,5,0,0,0,0,0,84195.90753173828,221054.3119506836,0,404327403520,8589930496,5792256000,114688
9,1791556852598,2500,2500,2499,2500,2500,2500,2500,2500,2500,2499,2499,2499,2499,2499,2499,2499,100,0,0,0,0,0,0,0,0,0,5,0,0,0,0,0,84196.06365966797,221054.72338867188,0,404327403520,8589930496,5792256000,114688
9,1791556852608,2500,2500,2499,2500,2500,2500,2500,2500,2500,2499,2499,2499,2499,2499,2499,2499,100,0,0,0,0,0,0,0,0,0,5,0,0,0,0,0,84196.21490478516,221055.10052490234,0,404327403520,8589930496,5800681472,114688
10,1791556852618,2500,2500,2499,2500,2500,2500,2500,2500,2500,2499,2499,2499,2499,2499,2499,2499,100,0,0,0,0,0,0,0,0,0,5,0,0,0,0,0,84196.36798095703,221055.48107910156,0,404327403520,8589930496,5800681472,114688
9,1791556852628,2500,2500,2499,2500,2500,2500,2500,2500,2500,2499,2499,2499,2499,2499,2499,2499,100,0,0,0,0,0,0,0,0,0,5,0,0,0,0,0,84196.52612304688,221055.85076904297,0,404327403520,8589930496,5800681472,114688
9,1791556852638,2500,2500,2499,2500,2500,2500,2500,2500,2500,2499,2499,2499,2499,2499,2499,2499,100,0,0,0,0,0,0,0,0,0,5,0,0,0,0,0,84196.67846679688,221056.22583007813,0,404327403520,8589930496,5800681472,114688
10,1791556852648,2500,2500,2499,2500,2500,2500,2500,2500,2500,2499,2499,2499,2499,2499,2499,2499,100,0,0,0,0,0,0,0,0,0,5,0,0,0,0,0,84196.82958984375,221056.60174560547,0,404327403520,8589930496,5800681472,114688
9,1791556852658,2500,2500,2499,2500,2500,2500,2500,2500,2500,2499,2499,2499,2499,2499,2499,2499,100,0,0,0,0,0,0,0,0,0,5,0,0,0,0,0,84196.98376464844,221056.9835205078,0,404327403520,8589930496,5808611328,114688
9,1791556852668,2500,2500,2499,2500,2500,2500,2500,2500,2500,2499,2499,2499,2499,2499,2499,2499,100,0,0,0,0,0,0,0,0,0,5,0,0,0,0,0,84197.13665771484,221057.35064697266,0,404327403520,8589930496,5808611328,114688
9,1791556852678,2500,2500,2499,2500,2500,2500,2500,2500,2500,2499,2499,2499,2499,2499,2499,2499,100,0,0,0,0,0,0,0,0,0,5,0,0,0,0,0,84197.28533935547,221057.72998046875,0,404327403520,8589930496,5808611328,114688
10,1791556852688,2500,2500,2499,2500,2500,2500,2500,2500,2500,2499,2499,2499,2499,2499,2499,2499,100,0,0,0,0,0,0,0,0,0,5,0,0,0,0,0,84197.44250488281,221058.10858154297,0,404327403520,8589930496,5808611328,114688
9,1791556852698,2500,2500,2499,2500,2500,2500,2500,2500,2500,2499,2499,2499,2499,2499,2499,2499,100,0,0,0,0,0,0,0,0,0,5,0,0,0,0,0,84197.59057617188,221058.4874267578,0,404327403520,8589930496,5817036800,114688
9,1791556852709,2500,2500,2499,2500,2500,2500,2500,2500,2500,2499,2499,2499,2499,2499,2499,2499,100,0,0,0,0,0,0,0,0,0,5,0,0,0,0,0,84197.74548339844,221058.86254882813,0,404327403520,8589930496,5817036800,114688
10,1791556852719,2500,2500,2499,2500,2500,2500,2500,2500,2500,2499,2499,2499,2499,2499,2499,2499,100,0,0,0,0,0,0,0,0,0,5,0,0,0,0,0,84197.8998413086,221059.23571777344,0,404327403520,8589930496,5817036800,114688
9,1791556852729,2500,2500,2499,2500,2500,2500,2500,2500,2500,2499,2499,2499,2499,2499,2499,2499,100,0,0,0,0,0,0,0,0,0,5,0,0,0,0,0,84198.0732421875,221059.6455078125,0,404327403520,8589930496,5817036800,114688
9,1791556852739,2500,2500,2499,2500,2500,2500,2500,2500,2500,2499,2499,2499,2499,2499,2499,2499,100,0,0,0,0,0,0,0,0,0,5,0,0,0,0,0,84198.22814941406,221060.0210571289,0,404327403520,8589930496,5817036800,114688
9,1791556852749,2500,2500,2499,2500,2500,2500,2500,2500,2500,2499,2499,2499,2499,2499,2499,2499,100,0,0,0,0,0,0,5.555555820465088,0,0,0,0,0,0,0,0,84198.38543701172,221060.39794921875,0,404327403520,8589930496,5825462272,114688
9,1791556852759,2500,2500,2499,2500,2500,2500,2500,2500,2500,2499,2499,2499,2499,2499,2499,2499,100,0,0,0,0,0,0,5.555555820465088,0,0,0,0,0,0,0,0,84198.54119873047,221060.7730102539,0,404327403520,8589930496,5825462272,114688
9,1791556852769,2500,2500,2499,2500,2500,2500,2500,2500,2500,2499,2499,2499,2499,2499,2499,2499,100,0,0,0,0,0,0,5.555555820465088,0,0,0,0,0,0,0,0,84198.69665527344,221061.11834716797,0,404327403520,8589930496,5825462272,114688
10,1791556852779,2500,2500,2499,2500,2500,2500,2500,2500,2500,2499,2499,2499,2499,2499,2499,2499,100,0,0,0,0,0,0,5.555555820465088,0,0,0,0,0,0,0,0,84198.85247802734,221061.5235595703,0,404327403520,8589930496,5825462272,114688
9,1791556852789,2500,2500,2499,2500,2500,2500,2500,2500,2500,2499,2499,2499,2499,2499,2499,2499,100,0,0,0,0,0,0,5.555555820465088,0,0,0,0,0,0,0,0,84199.01141357422,221061.90087890625,0,404327403520,8589930496,5833392128,114688
9,1791556852799,2500,2500,2499,2500,2500,2500,2500,2500,2500,2499,2499,2499,2499,2499,2499,2499,100,0,0,0,0,0,0,5.555555820465088,0,0,0,0,0,0,0,0,84199.16925048828,221062.27465820313,0,404327403520,8589930496,5833392128,114688
9,1791556852809,2500,2500,2499,2500,2500,2500,2500,2500,2500,2499,2499,2499,2499,2499,2499,2499,100,0,0,0,0,0,0,5.555555820465088,0,0,0,0,0,0,0,0,84199.32556152344,221062.6509399414,0,404327403520,8589930496,5833392128,114688
10,1791556852819,2500,2500,2499,2500,2500,2500,2500,2500,2500,2499,2499,2499,2499,2499,2499,2499,100,0,0,0,0,0,0,5.555555820465088,0,0,0,0,0,0,0,0,84199.4810180664,221063.02642822266,0,404327403520,8589930496,5833392128,114688
9,1791556852829,2500,2500,2499,2500,2500,2500,2500,2500,2500,2499,2499,2499,2499,2499,2499,2499,100,0,0,0,0,0,0,5.555555820465088,0,0,0,0,0,0,0,0,84199.63580322266,221063.40368652344,0,404327403520,8589930496,5833392128,114688
10,1791556852839,2500,2500,2499,2500,2500,2500,2500,2500,2500,2499,2499,2499,2499,2499,2499,2499,100,0,0,0,0,0,0,5.555555820465088,0,0,0,0,0,0,0,0,84199.79095458984,221063.77752685547,0,404327403520,8589930496,5841817600,114688
9,1791556852850,2500,2500,2499,2500,2500,2500,2500,2500,2500,2499,2499,2499,2499,2499,2499,2499,100,0,0,0,0,0,0,5.555555820465088,0,0,0,0,0,0,0,0,84199.94421386719,221064.15594482422,0,404327403520,8589930496,5841817600,114688
9,1791556852860,2500,2500,2499,2500,2500,2500,2500,2500,2500,2499,2499,2499,2499,2499,2499,2499,100,0,0,0,0,0,0,5.555555820465088,0,0,0,0,0,0,0,0,84200.0962524414,221064.52966308594,0,404327403520,8589930496,5841817600,114688
10,1791556852870,2500,2500,2499,2500,2500,2500,2500,2500,2500,2499,2499,2499,2499,2499,2499,2499,100,0,0,0,0,0,0,5.555555820465088,0,0,0,0,0,0,0,0,84200.25067138672,221064.90509033203,0,404327403520,8589930496,5841817600,114688
9,1791556852880,2500,2500,2499,2500,2500,2500,2500,2500,2500,2499,2499,2499,2499,2499,2499,2499,100,0,0,0,0,0,0,5.555555820465088,0,0,0,0,0,0,0,0,84200.41162109375,221065.28125,0,404327403520,8589930496,5850243072,114688
9,1791556852890,2500,2500,2499,2500,2500,2500,2500,2500,2500,2499,2499,2499,2499,2499,2499,2499,100,0,0,0,0,0,0,5.555555820465088,0,0,0,0,0,0,0,0,84200.56274414063,221065.65698242188,0,404327403520,8589930496,5850243072,114688
10,1791556852900,2500,2500,2499,2500,2500,2500,2500,2500,2500,2499,2499,2499,2499,2499,2499,2499,100,0,0,0,0,0,0,5.555555820465088,0,0,0,0,0,0,0,0,84200.7182006836,221066.03106689453,0,404327403520,8589930496,5850243072,114688
9,1791556852910,2500,2500,2499,2500,2500,2500,2500,2500,2500,2499,2499,2499,2499,2499,2499,2499,100,0,0,0,0,0,0,5.555555820465088,0,0,0,0,0,0,0,0,84200.87298583984,221066.40789794922,0,404327403520,8589930496,5850243072,114688
9,1791556852920,2500,2500,2499,2500,2500,2500,2500,2500,2500,2499,2499,2499,2499,2499,2499,2499,100,0,0,0,0,0,0,5.555555820465088,0,0,0,0,0,0,0,0,84201.0385131836,221066.82122802734,0,404327403520,8589930496,5858172928,114688
9,1791556852930,2500,2500,2499,2500,2500,2500,2500,2500,2500,2499,2499,2499,2499,2499,2499,2499,100,0,0,0,0,0,0,5.555555820465088,0,0,0,0,0,0,0,0,84201.19122314453,221067.197265625,0,404327403520,8589930496,5858172928,114688
9,1791556852940,2500,2500,2499,2500,2500,2500,2500,2500,2500,2499,2499,2499,2499,2499,2499,2499,100,0,0,0,0,0,0,5.555555820465088,0,0,0,0,0,0,0,0,84201.3442993164,221067.57287597656,0,404327403520,8589930496,5858172928,114688
9,1791556852950,2500,2500,2499,2500,2500,2500,2500,2500,2500,2499,2499,2499,2499,2499,2499,2499,100,0,0,9.523809432983398,0,5,0,10,0,0,0,0,0,0,0,5,84201.49810791016,221067.94982910156,0,404327403520,8589930496,5858172928,114688
10,1791556852960,2500,2500,2499,2500,2500,2500,2500,2500,2500,2499,2499,2499,2499,2499,2499,2499,100,0,0,9.523809432983398,0,5,0,10,0,0,0,0,0,0,0,5,84201.65423583984,221068.32647705078,0,404327403520,8589930496,5858172928,114688
9,1791556852970,2500,2500,2499,2500,2500,2500,2500,2500,2500,2499,2499,2499,2499,2499,2499,2499,100,0,0,9.523809432983398,0,5,0,10,0,0,0,0,0,0,0,5,84201.81140136719,221068.70043945313,0,404327403520,8589930496,5866598400,114688
9,1791556852980,2500,2500,2499,2500,2500,2500,2500,2500,2500,2499,2499,2499,2499,2499,2499,2499,100,0,0,9.523809432983398,0,5,0,10,0,0,0,0,0,0,0,5,84201.9683227539,221069.07678222656,0,404327403520,8589930496,5866598400,114688
9,1791556852991,2500,2500,2499,2500,2500,2500,2500,2500,2500,2499,2499,2499,2499,2499,2499,2499,100,0,0,9.523809432983398,0,5,0,10,0,0,0,0,0,0,0,5,84202.12121582031,221069.4506225586,0,404327403520,8589930496,5866598400,114688
9,1791556853001,2500,2500,2499,2500,2500,2500,2500,2500,2500,2499,2499,2499,2499,2499,2499,2499,100,0,0,9.523809432983398,0,5,0,10,0,0,0,0,0,0,0,5,84202.2748413086,221069.82653808594,0,404327403520,8589930496,5866598400,114688
9,1791556853011,2500,2500,2499,2500,2500,2500,2500,2500,2500,2499,2499,2499,2499,2499,2499,2499,100,0,0,9.523809432983398,0,5,0,10,0,0,0,0,0,0,0,5,84202.42889404297,221070.2041015625,0,404327403520,8589930496,5875023872,114688
10,1791556853021,2500,2500,2499,2500,2500,2500,2500,2500,2500,2499,2499,2499,2499,2499,2499,2499,100,0,0,9.523809432983398,0,5,0,10,0,0,0,0,0,0,0,5,84202.58508300781,221070.57568359375,0,404327403520,8589930496,5875023872,114688
9,1791556853031,2500,2500,2499,2500,2500,2500,2500,2500,2500,2499,2499,2499,2499,2499,2499,2499,100,0,0,9.523809432983398,0,5,0,10,0,0,0,0,0,0,0,5,84202.74475097656,221070.9512939453,0,404327403520,8589930496,5875023872,114688
9,1791556853041,2500,2500,2499,2500,2500,2500,2500,2500,2500,2499,2499,2499,2499,2499,2499,2499,100,0,0,9.523809432983398,0,5,0,10,0,0,0,0,0,0,0,5,84202.91815185547,221071.3651123047,0,404327403520,8589930496,5875023872,114688
10,1791556853051,2500,2500,2499,2500,2500,2500,2500,2500,2500,2499,2499,2499,2499,2499,2499,2499,100,0,0,9.523809432983398,0,5,0,10,0,0,0,0,0,0,0,5,84203.06384277344,221071.7017211914,0,404327403520,8589930496,5875023872,114688
10,1791556853061,2500,2500,2499,2500,2500,2500,2500,2500,2500,2499,2499,2499,2499,2499,2499,2499,100,0,0,9.523809432983398,0,5,0,10,0,0,0,0,0,0,0,5,84203.22082519531,221072.07873535156,0,404327403520,8589930496,5882953728,114688
10,1791556853071,2500,2500,2499,2500,2500,2500,2500,2500,2500,2499,2499,2499,2499,2499,2499,2499,100,0,0,9.523809432983398,0,5,0,10,0,0,0,0,0,0,0,5,84203.3715209961,221072.45501708984,0,404327403520,8589930496,5882953728,114688
10,1791556853081,2500,2500,2499,2500,2500,2500,2500,2500,2500,2499,2499,2499,2499,2499,2499,2499,100,0,0,9.523809432983398,0,5,0,10,0,0,0,0,0,0,0,5,84203.52716064453,221072.8296508789,0,404327403520,8589930496,5882953728,114688
9,1791556853091,2500,2500,2499,2500,2500,2500,2500,2500,2500,2499,2499,2499,2499,2499,2499,2499,100,0,0,9.523809432983398,0,5,0,10,0,0,0,0,0,0,0,5,84203.69250488281,221073.24346923828,0,404327403520,8589930496,5882953728,114688
9,1791556853101,2500,2500,2499,2500,2500,2500,2500,2500,2500,2499,2499,2499,2499,2499,2499,2499,100,0,0,9.523809432983398,0,5,0,10,0,0,0,0,0,0,0,5,84203.84594726563,221073.61853027344,0,404327403520,8589930496,5873057792,114688
9,1791556853111,2500,2500,2499,2500,2500,2500,2500,2500,2500,2499,2499,2499,2499,2499,2499,2499,100,0,0,9.523809432983398,0,5,0,10,0,0,0,0,0,0,0,5,84203.99481201172,221073.99584960938,0,404327403520,8589930496,5873057792,114688
9,1791556853122,2500,2500,2499,2500,2500,2500,2500,2500,2500,2499,2499,2499,2499,2499,2499,2499,100,0,0,9.523809432983398,0,5,0,10,0,0,0,0,0,0,0,5,84204.14831542969,221074.36987304688,0,404327403520,8589930496,5873057792,114688
9,1791556853132,2500,2500,2499,2500,2500,2500,2500,2500,2500,2499,2499,2499,2499,2499,2499,2499,100,0,0,9.523809432983398,0,5,0,10,0,0,0,0,0,0,0,5,84204.2992553711,221074.7452392578,0,404327403520,8589930496,5873057792,114688
9,1791556853142,2500,2500,2499,2500,2500,2500,2500,2500,2500,2499,2499,2499,2499,2499,2499,2499,100,0,0,9.523809432983398,0,5,0,10,0,0,0,0,0,0,0,5,84204.45104980469,221075.12420654297,0,404327403520,8589930496,5873057792,114688
10,1791556853152,2500,2500,2499,2500,2500,2500,2500,2500,2500,2499,2499,2499,2499,2499,2499,2499,100,0,0,0,0,5,5,0,0,0,0,0,0,0,0,0,84204.60119628906,221075.4956665039,0,404327403520,8589930496,5881483264,114688
9,1791556853162,2500,2500,2499,2500,2500,2500,2500,2500,2500,2499,2499,2499,2499,2499,2499,2499,100,0,0,0,0,5,5,0,0,0,0,0,0,0,0,0,84204.7603149414,221075.87371826172,0,404327403520,8589930496,5881065472,114688
9,1791556853172,2500,2500,2499,2500,2500,2500,2500,2500,2500,2499,2499,2499,2499,2499,2499,2499,100,0,0,0,0,5,5,0,0,0,0,0,0,0,0,0,84204.91436767578,221076.2495727539,0,404327403520,8589930496,5881065472,114688
9,1791556853182,2500,2500,2499,2500,2500,2500,2500,2500,2500,2499,2499,2499,2499,2499,2499,2499,100,0,0,0,0,5,5,0,0,0,0,0,0,0,0,0,84205.06799316406,221076.62280273438,0,404327403520,8589930496,5881065472,114688
9,1791556853192,2500,2500,2499,2500,2500,2500,2500,2500,2500,2499,2499,2499,2499,2499,2499,2499,100,0,0,0,0,5,5,0,0,0,0,0,0,0,0,0,84205.22448730469,221076.9994506836,0,404327403520,8589930496,5888995328,114688
9,1791556853202,2500,2500,2499,2500,2500,2500,2500,2500,2500,2499,2499,2499,2499,2499,2499,2499,100,0,0,0,0,5,5,0,0,0,0,0,0,0,0,0,84205.3745727539,221077.37518310547,0,404327403520,8589930496,5888995328,114688
10,1791556853212,2500,2500,2499,2500,2500,2500,2500,2500,2500,2499,2499,2499,2499,2499,2499,2499,100,0,0,0,0,5,5,0,0,0,0,0,0,0,0,0,84205.52575683594,221077.74920654297,0,404327403520,8589930496,5888995328,114688
9,1791556853222,2500,2500,2499,2500,2500,2500,2500,2500,2500,2499,2499,2499,2499,2499,2499,2499,100,0,0,0,0,5,5,0,0,0,0,0,0,0,0,0,84205.69787597656,221078.16387939453,0,404327403520,8589930496,5888995328,114688
9,1791556853232,2500,2500,2499,2500,2500,2500,2500,2500,2500,2499,2499,2499,2499,2499,2499,2499,100,0,0,0,0,5,5,0,0,0,0,0,0,0,0,0,84205.85656738281,221078.5382080078,0,404327403520,8589930496,5897420800,114688
9,1791556853242,2500,2500,2499,2500,2500,2500,2500,2500,2500,2499,2499,2499,2499,2499,2499,2499,100,0,0,0,0,5,5,0,0,0,0,0,0,0,0,0,84206.00885009766,221078.91284179688,0,404327403520,8589930496,5897420800,114688
9,1791556853252,2500,2500,2499,2500,2500,2500,2500,2500,2500,2499,2499,2499,2499,2499,2499,2499,100,0,0,0,0,5,5,0,0,0,0,0,0,0,0,0,84206.16668701172,221079.2890625,0,404327403520,8589930496,5897420800,114688
9,1791556853262,2500,2500,2499,2500,2500,2500,2500,2500,2500,2499,2499,2499,2499,2499,2499,2499,100,0,0,0,0,5,5,0,0,0,0,0,0,0,0,0,84206.32006835938,221079.66430664063,0,404327403520,8589930496,5897420800,114688
10,1791556853272,2500,2500,2499,2500,2500,2500,2500,2500,2500,2499,2499,2499,2499,2499,2499,2499,100,0,0,0,0,5,5,0,0,0,0,0,0,0,0,0,84206.47497558594,221080.03790283203,0,404327403520,8589930496,5897420800,114688
10,1791556853283,2500,2500,2499,2500,2500,2500,2500,2500,2500,2499,2499,2499,2499,2499,2499,2499,100,0,0,0,0,5,5,0,0,0,0,0,0,0,0,0,84206.63464355469,221080.41204833984,0,404327403520,8589930496,5905350656,114688
9,1791556853293,2500,2500,2499,2500,2500,2500,2500,2500,2500,2499,2499,2499,2499,2499,2499,2499,100,0,0,0,0,5,5,0,0,0,0,0,0,0,0,0,84206.79473876953,221080.78985595703,0,404327403520,8589930496,5905350656,114688
9,1791556853303,2500,2500,2499,2500,2500,2500,2500,2500,2500,2499,2499,2499,2499,2499,2499,2499,100,0,0,0,0,5,5,0,0,0,0,0,0,0,0,0,84206.953125,221081.16467285156,0,404327403520,8589930496,5905350656,114688
9,1791556853313,2500,2500,2499,2500,2500,2500,2500,2500,2500,2499,2499,2499,2499,2499,2499,2499,100,0,0,0,0,5,5,0,0,0,0,0,0,0,0,0,84207.10729980469,221081.5400390625,0,404327403520,8589930496,5905350656,114688
10,1791556853323,2500,2500,2499,2500,2500,2500,2500,2500,2500,2499,2499,2499,2499,2499,2499,2499,100,0,0,0,0,5,5,0,0,0,0,0,0,0,0,0,84207.25592041016,221081.91735839844,0,404327403520,8589930496,5913776128,114688
9,1791556853333,2500,2500,2499,2500,2500,2500,2500,2500,2500,2499,2499,2499,2499,2499,2499,2499,100,0,0,0,0,5,5,0,0,0,0,0,0,0,0,0,84207.41302490234,221082.29235839844,0,404327403520,8589930496,5913776128,114688
9,1791556853343,2500,2500,2499,2500,2500,2500,2500,2500,2500,2499,2499,2499,2499,2499,2499,2499,100,0,0,0,0,5,5,0,0,0,0,0,0,0,0,0,84207.56884765625,221082.66857910156,0,404327403520,8589930496,5913776128,114688
9,1791556853353,2500,2500,2499,2500,2500,2500,2500,2500,2500,2499,2499,2499,2499,2499,2499,2499,100,0,0,5,0,0,0,10.526315689086914,0,0,0,0,0,0,5,0,84207.720703125,221083.0457763672,0,404327403520,8589930496,5913776128,114688
9,1791556853363,2500,2500,2499,2500,2500,2500,2500,2500,2500,2499,2499,2499,2499,2499,2499,2499,100,0,0,5,0,0,0,10.526315689086914,0,0,0,0,0,0,5,0,84207.87829589844,221083.41961669922,0,404327403520,8589930496,5913776128,114688
9,1791556853373,2500,2500,2499,2500,2500,2500,2500,2500,2500,2499,2499,2499,2499,2499,2499,2499,100,0,0,5,0,0,0,10.526315689086914,0,0,0,0,0,0,5,0,84208.03649902344,221083.79528808594,0,404327403520,8589930496,5922201600,114688
9,1791556853383,2500,2500,2499,2500,2500,2500,2500,2500,2500,2499,2499,2499,2499,2499,2499,2499,100,0,0,5,0,0,0,10.526315689086914,0,0,0,0,0,0,5,0,84208.20190429688,221084.17083740234,0,404327403520,8589930496,5922201600,114688
10,1791556853393,2500,2500,2499,2500,2500,2500,2500,2500,2500,2499,2499,2499,2499,2499,2499,2499,100,0,0,5,0,0,0,10.526315689086914,0,0,0,0,0,0,5,0,84208.35168457031,221084.54595947266,0,404327403520,8589930496,5922201600,114688
10,1791556853403,2500,2500,2499,2500,2500,2500,2500,2500,2500,2499,2499,2499,2499,2499,2499,2499,100,0,0,5,0,0,0,10.526315689086914,0,0,0,0,0,0,5,0,84208.50567626953,221084.9207763672,0,404327403520,8589930496,5922201600,114688
9,1791556853414,2500,2500,2499,2500,2500,2500,2500,2500,2500,2499,2499,2499,2499,2499,2499,2499,100,0,0,5,0,0,0,10.526315689086914,0,0,0,0,0,0,5,0,84208.6787109375,221085.33471679688,0,404327403520,8589930496,5922201600,114688
9,1791556853424,2500,2500,2499,2500,2500,2500,2500,2500,2500,2499,2499,2499,2499,2499,2499,2499,100,0,0,5,0,0,0,10.526315689086914,0,0,0,0,0,0,5,0,84208.82843017578,221085.70922851563,0,404327403520,8589930496,5930131456,114688
10,1791556853434,2500,2500,2499,2500,2500,2500,2500,2500,2500,2499,2499,2499,2499,2499,2499,2499,100,0,0,5,0,0,0,10.526315689086914,0,0,0,0,0,0,5,0,84208.98651123047,221086.08489990234,0,404327403520,8589930496,5930131456,114688
9,1791556853444,2500,2500,2499,2500,2500,2500,2500,2500,2500,2499,2499,2499,2499,2499,2499,2499,100,0,0,5,0,0,0,10.526315689086914,0,0,0,0,0,0,5,0,84209.14544677734,221086.46264648438,0,404327403520,8589930496,5930131456,114688
10,1791556853454,2500,2500,2499,2500,2500,2500,2500,2500,2500,2499,2499,2499,2499,2499,2499,2499,100,0,0,5,0,0,0,10.526315689086914,0,0,0,0,0,0,5,0,84209.29803466797,221086.8380126953,0,404327403520,8589930496,5930131456,114688
9,1791556853464,2500,2500,2499,2500,2500,2500,2500,2500,2500,2499,2499,2499,2499,2499,2499,2499,100,0,0,5,0,0,0,10.526315689086914,0,0,0,0,0,0,5,0,84209.45599365234,221087.21221923828,0,404327403520,8589930496,5938556928,114688
9,1791556853474,2500,2500,2499,2500,2500,2500,2500,2500,2500,2499,2499,2499,2499,2499,2499,2499,100,0,0,5,0,0,0,10.526315689086914,0,0,0,0,0,0,5,0,84209.61218261719,221087.58959960938,0,404327403520,8589930496,5938556928,114688
9,1791556853484,2500,2500,2499,2500,2500,2500,2500,2500,2500,2499,2499,2499,2499,2499,2499,2499,100,0,0,5,0,0,0,10.526315689086914,0,0,0,0,0,0,5,0,84209.76776123047,221087.96392822266,0,404327403520,8589930496,5938556928,114688
9,1791556853494,2500,2500,2499,2500,2500,2500,2500,2500,2500,2499,2499,2499,2499,2499,2499,2499,100,0,0,5,0,0,0,10.526315689086914,0,0,0,0,0,0,5,0,84209.9228515625,221088.33917236328,0,404327403520,8589930496,5938556928,114688
10,1791556853504,2500,2500,2499,2500,2500,2500,2500,2500,2500,2499,2499,2499,2499,2499,2499,2499,100,0,0,5,0,0,0,10.526315689086914,0,0,0,0,0,0,5,0,84210.07830810547,221088.71588134766,0,404327403520,8589930496,5938556928,114688
9,1791556853514,2500,2500,2499,2500,2500,2500,2500,2500,2500,2499,2499,2499,2499,2499,2499,2499,100,0,0,5,0,0,0,10.526315689086914,0,0,0,0,0,0,5,0,84210.2392578125,221089.0899658203,0,404327403520,8589930496,5946982400,114688
10,1791556853524,2500,2500,2499,2500,2500,2500,2500,2500,2500,2499,2499,2499,2499,2499,2499,2499,100,0,0,5,0,0,0,10.526315689086914,0,0,0,0,0,0,5,0,84210.39947509766,221089.46411132813,0,404327403520,8589930496,5946982400,114688
9,1791556853534,2500,2500,2499,2500,2500,2500,2500,2500,2500,2499,2499,2499,2499,2499,2499,2499,100,0,0,5,0,0,0,10.526315689086914,0,0,0,0,0,0,5,0,84210.55755615234,221089.83984375,0,404327403520,8589930496,5946982400,114688
9,1791556853544,2500,2500,2499,2500,2500,2500,2500,2500,2500,2499,2499,2499,2499,2499,2499,2499,100,0,0,5,0,0,0,10.526315689086914,0,0,0,0,0,0,5,0,84210.72467041016,221090.25115966797,0,404327403520,8589930496,5946982400,114688
9,1791556853555,2500,2500,2499,2500,2500,2500,2500,2500,2500,2499,2499,2499,2499,2499,2499,2499,100,0,0,0,0,0,0,5.263157844543457,0,0,0,0,0,0,0,0,84210.88055419922,221090.62677001953,0,404327403520,8589930496,5954912256,114688
9,1791556853565,2500,2500,2499,2500,2500,2500,2500,2500,2500,2499,2499,2499,2499,2499,2499,2499,100,0,0,0,0,0,0,5.263157844543457,0,0,0,0,0,0,0,0,84211.01879882813,221090.96356201172,0,404327403520,8589930496,5954912256,114688
9,1791556853575,2500,2500,2499,2500,2500,2500,2500,2500,2500,2499,2499,2499,2499,2499,2499,2499,100,0,0,0,0,0,0,5.263157844543457,0,0,0,0,0,0,0,0,84211.18981933594,221091.37469482422,0,404327403520,8589930496,5954912256,114688
10,1791556853585,2500,2500,2499,2500,2500,2500,2500,2500,2500,2499,2499,2499,2499,2499,2499,2499,100,0,0,0,0,0,0,5.263157844543457,0,0,0,0,0,0,0,0,84211.34637451172,221091.7518310547,0,404327403520,8589930496,5954912256,114688
9,1791556853595,2500,2500,2499,2500,2500,2500,2500,2500,2500,2499,2499,2499,2499,2499,2499,2499,100,0,0,0,0,0,0,5.263157844543457,0,0,0,0,0,0,0,0,84211.50128173828,221092.12365722656,0,404327403520,8589930496,5954912256,114688
9,1791556853605,2500,2500,2499,2500,2500,2500,2500,2500,2500,2499,2499,2499,2499,2499,2499,2499,100,0,0,0,0,0,0,5.263157844543457,0,0,0,0,0,0,0,0,84211.66180419922,221092.4995727539,0,404327403520,8589930496,5963337728,114688
9,1791556853615,2500,2500,2499,2500,2500,2500,2500,2500,2500,2499,2499,2499,2499,2499,2499,2499,100,0,0,0,0,0,0,5.263157844543457,0,0,0,0,0,0,0,0,84211.81658935547,221092.8744506836,0,404327403520,8589930496,5963337728,114688
9,1791556853625,2500,2500,2499,2500,2500,2500,2500,2500,2500,2499,2499,2499,2499,2499,2499,2499,100,0,0,0,0,0,0,5.263157844543457,0,0,0,0,0,0,0,0,84211.97326660156,221093.2501220703,0,404327403520,8589930496,5963337728,114688
9,1791556853635,2500,2500,2499,2500,2500,2500,2500,2500,2500,2499,2499,2499,2499,2499,2499,2499,100,0,0,0,0,0,0,5.263157844543457,0,0,0,0,0,0,0,0,84212.1259765625,221093.62622070313,0,404327403520,8589930496,5963337728,114688
10,1791556853645,2500,2500,2499,2500,2500,2500,2500,2500,2500,2499,2499,2499,2499,2499,2499,2499,100,0,0,0,0,0,0,5.263157844543457,0,0,0,0,0,0,0,0,84212.2865600586,221094.0018310547,0,404327403520,8589930496,5971763200,114688
9,1791556853655,2500,2500,2499,2500,2500,2500,2500,2500,2500,2499,2499,2499,2499,2499,2499,2499,100,0,0,0,0,0,0,5.263157844543457,0,0,0,0,0,0,0,0,84212.44720458984,221094.3759765625,0,404327403520,8589930496,5971763200,114688
10,1791556853665,2500,2500,2499,2500,2500,2500,2500,2500,2500,2499,2499,2499,2499,2499,2499,2499,100,0,0,0,0,0,0,5.263157844543457,0,0,0,0,0,0,0,0,84212.60540771484,221094.7510986328,0,404327403520,8589930496,5971763200,114688
9,1791556853675,2500,2500,2499,2500,2500,2500,2500,2500,2500,2499,2499,2499,2499,2499,2499,2499,100,0,0,0,0,0,0,5.263157844543457,0,0,0,0,0,0,0,0,84212.76538085938,221095.1254272461,0,404327403520,8589930496,5971763200,114688
9,1791556853685,2500,2500,2499,2500,2500,2500,2500,2500,2500,2499,2499,2499,2499,2499,2499,2499,100,0,0,0,0,0,0,5.263157844543457,0,0,0,0,0,0,0,0,84212.9252319336,221095.50317382813,0,404327403520,8589930496,5971763200,114688
9,1791556853696,2500,2500,2499,2500,2500,2500,2500,2500,2500,2499,2499,2499,2499,2499,2499,2499,100,0,0,0,0,0,0,5.263157844543457,0,0,0,0,0,0,0,0,84213.1005859375,221095.91497802734,0,404327403520,8589930496,5979693056,114688
9,1791556853706,2500,2500,2499,2500,2500,2500,2500,2500,2500,2499,2499,2499,2499,2499,2499,2499,100,0,0,0,0,0,0,5.263157844543457,0,0,0,0,0,0,0,0,84213.25561523438,221096.29125976563,0,404327403520,8589930496,5979693056,114688
10,1791556853716,2500,2500,2499,2500,2500,2500,2500,2500,2500,2499,2499,2499,2499,2499,2499,2499,100,0,0,0,0,0,0,5.263157844543457,0,0,0,0,0,0,0,0,84213.39782714844,221096.62713623047,0,404327403520,8589930496,5979693056,114688
9,1791556853726,2500,2500,2499,2500,2500,2500,2500,2500,2500,2499,2499,2499,2499,2499,2499,2499,100,0,0,0,0,0,0,5.263157844543457,0,0,0,0,0,0,0,0,84213.57012939453,221097.04083251953,0,404327403520,8589930496,5979693056,114688
9,1791556853736,2500,2500,2499,2500,2500,2500,2500,2500,2500,2499,2499,2499,2499,2499,2499,2499,100,0,0,0,0,0,0,5.263157844543457,0,0,0,0,0,0,0,0,84213.73260498047,221097.41497802734,0,404327403520,8589930496,5979693056,114688
9,1791556853746,2500,2500,2499,2500,2500,2500,2500,2500,2500,2499,2499,2499,2499,2499,2499,2499,100,0,0,0,0,0,0,5.263157844543457,0,0,0,0,0,0,0,0,84213.88970947266,221097.7885131836,0,404327403520,8589930496,5988118528,114688
9,1791556853756,2500,2500,2499,2500,2500,2500,2500,2500,2500,2499,2499,2499,2499,2499,2499,2499,100,0,5,0,0,0,0,10,0,0,0,0,0,0,0,0,84214.04559326172,221098.17181396484,0,404327403520,8589930496,5988118528,114688
9,1791556853766,2500,2500,2499,2500,2500,2500,2500,2500,2500,2499,2499,2499,2499,2499,2499,2499,100,0,5,0,0,0,0,10,0,0,0,0,0,0,0,0,84214.20251464844,221098.5405883789,0,404327403520,8589930496,5988118528,114688
9,1791556853776,2500,2500,2499,2500,2500,2500,2500,2500,2500,2499,2499,2499,2499,2499,2499,2499,100,0,5,0,0,0,0,10,0,0,0,0,0,0,0,0,84214.3603515625,221098.91271972656,0,404327403520,8589930496,5988118528,114688
10,1791556853786,2500,2500,2499,2500,2500,2500,2500,2500,2500,2499,2499,2499,2499,2499,2499,2499,100,0,5,0,0,0,0,10,0,0,0,0,0,0,0,0,84214.51416015625,221099.2978515625,0,404327403520,8589930496,5996544000,114688
9,1791556853796,2500,2500,2499,2500,2500,2500,2500,2500,2500,2499,2499,2499,2499,2499,2499,2499,100,0,5,0,0,0,0,10,0,0,0,0,0,0,0,0,84214.6703491211,221099.6723022461,0,404327403520,8589930496,5996544000,114688
9,1791556853806,2500,2500,2499,2500,2500,2500,2500,2500,2500,2499,2499,2499,2499,2499,2499,2499,100,0,5,0,0,0,0,10,0,0,0,0,0,0,0,0,84214.8267211914,221100.04443359375,0,404327403520,8589930496,5996544000,114688
9,1791556853816,2500,2500,2499,2500,2500,2500,2500,2500,2500,2499,2499,2499,2499,2499,2499,2499,100,0,5,0,0,0,0,10,0,0,0,0,0,0,0,0,84214.98455810547,221100.42419433594,0,404327403520,8589930496,5996544000,114688
10,1791556853826,2500,2500,2499,2500,2500,2500,2500,2500,2500,2499,2499,2499,2499,2499,2499,2499,100,0,5,0,0,0,0,10,0,0,0,0,0,0,0,0,84215.13690185547,221100.7967529297,0,404327403520,8589930496,6004473856,114688
10,1791556853836,2500,2500,2499,2500,2500,2500,2500,2500,2500,2499,2499,2499,2499,2499,2499,2499,100,0,5,0,0,0,0,10,0,0,0,0,0,0,0,0,84215.28979492188,221101.17797851563,0,404327403520,8589930496,6004473856,114688
9,1791556853847,2500,2500,2499,2500,2500,2500,2500,2500,2500,2499,2499,2499,2499,2499,2499,2499,100,0,5,0,0,0,0,10,0,0,0,0,0,0,0,0,84215.44006347656,221101.54626464844,0,404327403520,8589930496,6004473856,114688
10,1791556853857,2500,2500,2499,2500,2500,2500,2500,2500,2500,2499,2499,2499,2499,2499,2499,2499,100,0,5,0,0,0,0,10,0,0,0,0,0,0,0,0,84215.59478759766,221101.9175415039,0,404327403520,8589930496,6004473856,114688
9,1791556853867,2500,2500,2499,2500,2500,2500,2500,2500,2500,2499,2499,2499,2499,2499,2499,2499,100,0,5,0,0,0,0,10,0,0,0,0,0,0,0,0,84215.75024414063,221102.2930908203,0,404327403520,8589930496,6004473856,114688
9,1791556853877,2500,2500,2499,2500,2500,2500,2500,2500,2500,2499,2499,2499,2499,2499,2499,2499,100,0,5,0,0,0,0,10,0,0,0,0,0,0,0,0,84215.90789794922,221102.67407226563,0,404327403520,8589930496,6012899328,114688
9,1791556853887,2500,2500,2499,2500,2500,2500,2500,2500,2500,2499,2499,2499,2499,2499,2499,2499,100,0,5,0,0,0,0,10,0,0,0,0,0,0,0,0,84216.06329345703,221103.0458984375,0,404327403520,8589930496,6012899328,114688
9,1791556853897,2500,2500,2499,2500,2500,2500,2500,2500,2500,2499,2499,2499,2499,2499,2499,2499,100,0,5,0,0,0,0,10,0,0,0,0,0,0,0,0,84216.22131347656,221103.42120361328,0,404327403520,8589930496,6012899328,114688
10,1791556853907,2500,2500,2499,2500,2500,2500,2500,2500,2500,2499,2499,2499,2499,2499,2499,2499,100,0,5,0,0,0,0,10,0,0,0,0,0,0,0,0,84216.39666748047,221103.82977294922,0,404327403520,8589930496,6012899328,114688
9,1791556853917,2500,2500,2499,2500,2500,2500,2500,2500,2500,2499,2499,2499,2499,2499,2499,2499,100,0,5,0,0,0,0,10,0,0,0,0,0,0,0,0,84216.5512084961,221104.20727539063,0,404327403520,8589930496,6021324800,114688
9,1791556853927,2500,2500,2499,2500,2500,2500,2500,2500,2500,2499,2499,2499,2499,2499,2499,2499,100,0,5,0,0,0,0,10,0,0,0,0,0,0,0,0,84216.70440673828,221104.58502197266,0,404327403520,8589930496,6021324800,114688
9,1791556853937,2500,2500,2499,2500,2500,2500,2500,2500,2500,2499,2499,2499,2499,2499,2499,2499,100,0,5,0,0,0,0,10,0,0,0,0,0,0,0,0,84216.86364746094,221104.96118164063,0,404327403520,8589930496,6021324800,114688
9,1791556853947,2500,2500,2499,2500,2500,2500,2500,2500,2500,2499,2499,2499,2499,2499,2499,2499,100,0,5,0,0,0,0,10,0,0,0,0,0,0,0,0,84217.02227783203,221105.33416748047,0,404327403520,8589930496,6021324800,114688
9,1791556853957,2500,2500,2499,2500,2500,2500,2500,2500,2500,2499,2499,2499,2499,2499,2499,2499,100,0,5,5.263157844543457,0,0,0,5.555555820465088,4.761904716491699,0,0,0,0,0,0,0,84217.1791381836,221105.7095336914,0,404327403520,8589930496,6021324800,114688
9,1791556853967,2500,2500,2499,2500,2500,2500,2500,2500,2500,2499,2499,2499,2499,2499,2499,2499,100,0,5,5.263157844543457,0,0,0,5.555555820465088,4.761904716491699,0,0,0,0,0,0,0,84217.33349609375,221106.08349609375,0,404327403520,8589930496,6029254656,114688
9,1791556853978,2500,2500,2499,2500,2500,2500,2500,2500,2500,2499,2499,2499,2499,2499,2499,2499,100,0,5,5.263157844543457,0,0,0,5.555555820465088,4.761904716491699,0,0,0,0,0,0,0,84217.48876953125,221106.45916748047,0,404327403520,8589930496,6029254656,114688
9,1791556853988,2500,2500,2499,2500,2500,2500,2500,2500,2500,2499,2499,2499,2499,2499,2499,2499,100,0,5,5.263157844543457,0,0,0,5.555555820465088,4.761904716491699,0,0,0,0,0,0,0,84217.64770507813,221106.83184814453,0,404327403520,8589930496,6029254656,114688
9,1791556853998,2500,2500,2499,2500,2500,2500,2500,2500,2500,2499,2499,2499,2499,2499,2499,2499,100,0,5,5.263157844543457,0,0,0,5.555555820465088,4.761904716491699,0,0,0,0,0,0,0,84217.80334472656,221107.21002197266,0,404327403520,8589930496,6029254656,114688
9,1791556854008,2500,2500,2499,2500,2500,2500,2500,2500,2500,2499,2499,2499,2499,2499,2499,2499,100,0,5,5.263157844543457,0,0,0,5.555555820465088,4.761904716491699,0,0,0,0,0,0,0,84217.95239257813,221107.5855102539,0,404327403520,8589930496,6037680128,114688
9,1791556854018,2500,2500,2499,2500,2500,2500,2500,2500,2500,2499,2499,2499,2499,2499,2499,2499,100,0,5,5.263157844543457,0,0,0,5.555555820465088,4.761904716491699,0,0,0,0,0,0,0,84218.11004638672,221107.96142578125,0,404327403520,8589930496,6037680128,114688
10,1791556854028,2500,2500,2499,2500,2500,2500,2500,2500,2500,2499,2499,2499,2499,2499,2499,2499,100,0,5,5.263157844543457,0,0,0,5.555555820465088,4.761904716491699,0,0,0,0,0,0,0,84218.27117919922,221108.33630371094,0,404327403520,8589930496,6037680128,114688
9,1791556854038,2500,2500,2499,2500,2500,2500,2500,2500,2500,2499,2499,2499,2499,2499,2499,2499,100,0,5,5.263157844543457,0,0,0,5.555555820465088,4.761904716491699,0,0,0,0,0,0,0,84218.42749023438,221108.7123413086,0,404327403520,8589930496,6037680128,114688
9,1791556854048,2500,2500,2499,2500,2500,2500,2500,2500,2500,2499,2499,2499,2499,2499,2499,2499,100,0,5,5.263157844543457,0,0,0,5.555555820465088,4.761904716491699,0,0,0,0,0,0,0,84218.5824584961,221109.0858154297,0,404327403520,8589930496,6037680128,114688
10,1791556854058,2500,2500,2499,2500,2500,2500,2500,2500,2500,2499,2499,2499,2499,2499,2499,2499,100,0,5,5.263157844543457,0,0,0,5.555555820465088,4.761904716491699,0,0,0,0,0,0,0,84218.73748779297,221109.46295166016,0,404327403520,8589930496,6046105600,114688
9,1791556854068,2500,2500,2499,2500,2500,2500,2500,2500,2500,2499,2499,2499,2499,2499,2499,2499,100,0,5,5.263157844543457,0,0,0,5.555555820465088,4.761904716491699,0,0,0,0,0,0,0,84218.90759277344,221109.8754272461,0,404327403520,8589930496,6046105600,114688
9,1791556854078,2500,2500,2499,2500,2500,2500,2500,2500,2500,2499,2499,2499,2499,2499,2499,2499,100,0,5,5.263157844543457,0,0,0,5.555555820465088,4.761904716491699,0,0,0,0,0,0,0,84219.06079101563,221110.25201416016,0,404327403520,8589930496,6046105600,114688
10,1791556854088,2500,2500,2499,2500,2500,2500,2500,2500,2500,2499,2499,2499,2499,2499,2499,2499,100,0,5,5.263157844543457,0,0,0,5.555555820465088,4.761904716491699,0,0,0,0,0,0,0,84219.21862792969,221110.62573242188,0,404327403520,8589930496,6046105600,114688
9,1791556854098,2500,2500,2499,2500,2500,2500,2500,2500,2500,2499,2499,2499,2499,2499,2499,2499,100,0,5,5.263157844543457,0,0,0,5.555555820465088,4.761904716491699,0,0,0,0,0,0,0,84219.3696899414,221110.99969482422,0,404327403520,8589930496,6054035456,114688
10,1791556854108,2500,2500,2499,2500,2500,2500,2500,2500,2500,2499,2499,2499,2499,2499,2499,2499,100,0,5,5.263157844543457,0,0,0,5.555555820465088,4.761904716491699,0,0,0,0,0,0,0,84219.5220336914,221111.37420654297,0,404327403520,8589930496,6054035456,114688
9,1791556854118,2500,2500,2499,2500,2500,2500,2500,2500,2500,2499,2499,2499,2499,2499,2499,2499,100,0,5,5.263157844543457,0,0,0,5.555555820465088,4.761904716491699,0,0,0,0,0,0,0,84219.68048095703,221111.7498779297,0,404327403520,8589930496,6046601216,114688
10,1791556854129,2500,2500,2499,2500,2500,2500,2500,2500,2500,2499,2499,2499,2499,2499,2499,2499,100,0,5,5.263157844543457,0,0,0,5.555555820465088,4.761904716491699,0,0,0,0,0,0,0,84219.83819580078,221112.12603759766,0,404327403520,8589930496,6037184512,114688
9,1791556854139,2500,2500,2499,2500,2500,2500,2500,2500,2500,2499,2499,2499,2499,2499,2499,2499,100,0,5,5.263157844543457,0,0,0,5.555555820465088,4.761904716491699,0,0,0,0,0,0,0,84219.9974975586,221112.50128173828,0,404327403520,8589930496,6037184512,114688
10,1791556854149,2500,2500,2499,2500,2500,2500,2500,2500,2500,2499,2499,2499,2499,2499,2499,2499,100,0,5,5.263157844543457,0,0,0,5.555555820465088,4.761904716491699,0,0,0,0,0,0,0,84220.1489868164,221112.8754272461,0,404327403520,8589930496,6045114368,114688
10,1791556854159,2500,2500,2499,2500,2500,2500,2500,2500,2500,2499,2499,2499,2499,2499,2499,2499,100,9.523809432983398,0,0,0,0,0,10,0,0,0,0,0,0,0,0,84220.30480957031,221113.25067138672,0,404327403520,8589930496,6045114368,114688
9,1791556854169,2500,2500,2499,2500,2500,2500,2500,2500,2500,2499,2499,2499,2499,2499,2499,2499,100,9.523809432983398,0,0,0,0,0,10,0,0,0,0,0,0,0,0,84220.46319580078,221113.62689208984,0,404327403520,8589930496,6045114368,114688
9,1791556854179,2500,2500,2499,2500,2500,2500,2500,2500,2500,2499,2499,2499,2499,2499,2499,2499,100,9.523809432983398,0,0,0,0,0,10,0,0,0,0,0,0,0,0,84220.63330078125,221114.03900146484,0,404327403520,8589930496,6045114368,114688
9,1791556854189,2500,2500,2499,2500,2500,2500,2500,2500,2500,2499,2499,2499,2499,2499,2499,2499,100,9.523809432983398,0,0,0,0,0,10,0,0,0,0,0,0,0,0,84220.7689819336,221114.37957763672,0,404327403520,8589930496,6053539840,114688
10,1791556854199,2500,2500,2499,2500,2500,2500,2500,2500,2500,2499,2499,2499,2499,2499,2499,2499,100,9.523809432983398,0,0,0,0,0,10,0,0,0,0,0,0,0,0,84220.91998291016,221114.7554321289,0,404327403520,8589930496,6053539840,114688
9,1791556854209,2500,2500,2499,2500,2500,2500,2500,2500,2500,2499,2499,2499,2499,2499,2499,2499,100,9.523809432983398,0,0,0,0,0,10,0,0,0,0,0,0,0,0,84221.08874511719,221115.16876220703,0,404327403520,8589930496,6053539840,114688
9,1791556854219,2500,2500,2499,2500,2500,2500,2500,2500,2500,2499,2499,2499,2499,2499,2499,2499,100,9.523809432983398,0,0,0,0,0,10,0,0,0,0,0,0,0,0,84221.2421875,221115.54125976563,0,404327403520,8589930496,6053539840,114688
9,1791556854229,2500,2500,2499,2500,2500,2500,2500,2500,2500,2499,2499,2499,2499,2499,2499,2499,100,9.523809432983398,0,0,0,0,0,10,0,0,0,0,0,0,0,0,84221.4027709961,221115.9185180664,0,404327403520,8589930496,6053539840,114688
9,1791556854239,2500,2500,2499,2500,2500,2500,2500,2500,2500,2499,2499,2499,2499,2499,2499,2499,100,9.523809432983398,0,0,0,0,0,10,0,0,0,0,0,0,0,0,84221.56365966797,221116.29608154297,0,404327403520,8589930496,6061469696,114688
9,1791556854249,2500,2500,2499,2500,2500,2500,2500,2500,2500,2499,2499,2499,2499,2499,2499,2499,100,9.523809432983398,0,0,0,0,0,10,0,0,0,0,0,0,0,0,84221.72229003906,221116.67193603516,0,404327403520,8589930496,6061469696,114688
9,1791556854260,2500,2500,2499,2500,2500,2500,2500,2500,2500,2499,2499,2499,2499,2499,2499,2499,100,9.523809432983398,0,0,0,0,0,10,0,0,0,0,0,0,0,0,84221.87683105469,221117.0458984375,0,404327403520,8589930496,6061469696,114688
9,1791556854270,2500,2500,2499,2500,2500,2500,2500,2500,2500,2499,2499,2499,2499,2499,2499,2499,100,9.523809432983398,0,0,0,0,0,10,0,0,0,0,0,0,0,0,84222.03576660156,221117.42321777344,0,404327403520,8589930496,6061469696,114688
9,1791556854280,2500,2500,2499,2500,2500,2500,2500,2500,2500,2499,2499,2499,2499,2499,2499,2499,100,9.523809432983398,0,0,0,0,0,10,0,0,0,0,0,0,0,0,84222.19714355469,221117.79748535156,0,404327403520,8589930496,6069895168,114688
9,1791556854290,2500,2500,2499,2500,2500,2500,2500,2500,2500,2499,2499,2499,2499,2499,2499,2499,100,9.523809432983398,0,0,0,0,0,10,0,0,0,0,0,0,0,0,84222.35260009766,221118.17138671875,0,404327403520,8589930496,6069895168,114688
9,1791556854300,2500,2500,2499,2500,2500,2500,2500,2500,2500,2499,2499,2499,2499,2499,2499,2499,100,9.523809432983398,0,0,0,0,0,10,0,0,0,0,0,0,0,0,84222.5107421875,221118.5479736328,0,404327403520,8589930496,6069895168,114688
9,1791556854310,2500,2500,2499,2500,2500,2500,2500,2500,2500,2499,2499,2499,2499,2499,2499,2499,100,9.523809432983398,0,0,0,0,0,10,0,0,0,0,0,0,0,0,84222.66967773438,221118.92211914063,0,404327403520,8589930496,6069895168,114688
9,1791556854320,2500,2500,2499,2500,2500,2500,2500,2500,2500,2499,2499,2499,2499,2499,2499,2499,100,9.523809432983398,0,0,0,0,0,10,0,0,0,0,0,0,0,0,84222.82220458984,221119.29864501953,0,404327403520,8589930496,6069895168,114688
9,1791556854330,2500,2500,2499,2500,2500,2500,2500,2500,2500,2499,2499,2499,2499,2499,2499,2499,100,9.523809432983398,0,0,0,0,0,10,0,0,0,0,0,0,0,0,84222.9794921875,221119.67352294922,0,404327403520,8589930496,6078320640,114688
10,1791556854340,2500,2500,2499,2500,2500,2500,2500,2500,2500,2499,2499,2499,2499,2499,2499,2499,100,9.523809432983398,0,0,0,0,0,10,0,0,0,0,0,0,0,0,84223.13409423828,221120.0493774414,0,404327403520,8589930496,6078320640,114688
10,1791556854350,2500,2500,2499,2500,2500,2500,2500,2500,2500,2499,2499,2499,2499,2499,2499,2499,100,9.523809432983398,0,0,0,0,0,10,0,0,0,0,0,0,0,0,84223.28936767578,221120.42510986328,0,404327403520,8589930496,6078320640,114688
9,1791556854360,2500,2500,2499,2500,2500,2500,2500,2500,2500,2499,2499,2499,2499,2499,2499,2499,100,0,0,0,5,0,0,0,0,0,0,0,5,0,0,0,84223.45703125,221120.83856201172,0,404327403520,8589930496,6078320640,114688
9,1791556854370,2500,2500,2499,2500,2500,2500,2500,2500,2500,2499,2499,2499,2499,2499,2499,2499,100,0,0,0,5,0,0,0,0,0,0,0,5,0,0,0,84223.59729003906,221121.17755126953,0,404327403520,8589930496,6086250496,114688
9,1791556854380,2500,2500,2499,2500,2500,2500,2500,2500,2500,2499,2499,2499,2499,2499,2499,2499,100,0,0,0,5,0,0,0,0,0,0,0,5,0,0,0,84223.7685546875,221121.5909423828,0,404327403520,8589930496,6086250496,114688
10,1791556854390,2500,2500,2499,2500,2500,2500,2500,2500,2500,2499,2499,2499,2499,2499,2499,2499,100,0,0,0,5,0,0,0,0,0,0,0,5,0,0,0,84223.92608642578,221121.96606445313,0,404327403520,8589930496,6086250496,114688
9,1791556854401,2500,2500,2499,2500,2500,2500,2500,2500,2500,2499,2499,2499,2499,2499,2499,2499,100,0,0,0,5,0,0,0,0,0,0,0,5,0,0,0,84224.08099365234,221122.34326171875,0,404327403520,8589930496,6086250496,114688
9,1791556854411,2500,2500,2499,2500,2500,2500,2500,2500,2500,2499,2499,2499,2499,2499,2499,2499,100,0,0,0,5,0,0,0,0,0,0,0,5,0,0,0,84224.23510742188,221122.71630859375,0,404327403520,8589930496,6086250496,114688
9,1791556854421,2500,2500,2499,2500,2500,2500,2500,2500,2500,2499,2499,2499,2499,2499,2499,2499,100,0,0,0,5,0,0,0,0,0,0,0,5,0,0,0,84224.392578125,221123.09411621094,0,404327403520,8589930496,6094675968,114688
10,1791556854431,2500,2500,2499,2500,2500,2500,2500,2500,2500,2499,2499,2499,2499,2499,2499,2499,100,0,0,0,5,0,0,0,0,0,0,0,5,0,0,0,84224.54638671875,221123.46710205078,0,404327403520,8589930496,6094675968,114688
9,1791556854441,2500,2500,2499,2500,2500,2500,2500,2500,2500,2499,2499,2499,2499,2499,2499,2499,100,0,0,0,5,0,0,0,0,0,0,0,5,0,0,0,84224.70178222656,221123.84185791016,0,404327403520,8589930496,6094675968,114688
9,1791556854451,2500,2500,2499,2500,2500,2500,2500,2500,2500,2499,2499,2499,2499,2499,2499,2499,100,0,0,0,5,0,0,0,0,0,0,0,5,0,0,0,84224.85614013672,221124.21942138672,0,404327403520,8589930496,6094675968,114688
9,1791556854461,2500,2500,2499,2500,2500,2500,2500,2500,2500,2499,2499,2499,2499,2499,2499,2499,100,0,0,0,5,0,0,0,0,0,0,0,5,0,0,0,84225.01525878906,221124.59350585938,0,404327403520,8589930496,6103101440,114688
10,1791556854471,2500,2500,2499,2500,2500,2500,2500,2500,2500,2499,2499,2499,2499,2499,2499,2499,100,0,0,0,5,0,0,0,0,0,0,0,5,0,0,0,84225.173828125,221124.96704101563,0,404327403520,8589930496,6103101440,114688
9,1791556854481,2500,2500,2499,2500,2500,2500,2500,2500,2500,2499,2499,2499,2499,2499,2499,2499,100,0,0,0,5,0,0,0,0,0,0,0,5,0,0,0,84225.33203125,221125.34112548828,0,404327403520,8589930496,6103101440,114688
9,1791556854491,2500,2500,2499,2500,2500,2500,2500,2500,2500,2499,2499,2499,2499,2499,2499,2499,100,0,0,0,5,0,0,0,0,0,0,0,5,0,0,0,84225.48370361328,221125.71771240234,0,404327403520,8589930496,6103101440,114688
9,1791556854501,2500,2500,2499,2500,2500,2500,2500,2500,2500,2499,2499,2499,2499,2499,2499,2499,100,0,0,0,5,0,0,0,0,0,0,0,5,0,0,0,84225.63525390625,221126.0926513672,0,404327403520,8589930496,6103101440,114688
9,1791556854511,2500,2500,2499,2500,2500,2500,2500,2500,2500,2499,2499,2499,2499,2499,2499,2499,100,0,0,0,5,0,0,0,0,0,0,0,5,0,0,0,84225.79327392578,221126.46740722656,0,404327403520,8589930496,6111031296,114688
10,1791556854521,2500,2500,2499,2500,2500,2500,2500,2500,2500,2499,2499,2499,2499,2499,2499,2499,100,0,0,0,5,0,0,0,0,0,0,0,5,0,0,0,84225.94360351563,221126.84112548828,0,404327403520,8589930496,6111031296,114688
9,1791556854531,2500,2500,2499,2500,2500,2500,2500,2500,2500,2499,2499,2499,2499,2499,2499,2499,100,0,0,0,5,0,0,0,0,0,0,0,5,0,0,0,84226.11541748047,221127.2550048828,0,404327403520,8589930496,6111031296,114688
9,1791556854542,2500,2500,2499,2500,2500,2500,2500,2500,2500,2499,2499,2499,2499,2499,2499,2499,100,0,0,0,5,0,0,0,0,0,0,0,5,0,0,0,84226.26794433594,221127.62915039063,0,404327403520,8589930496,6111031296,114688
9,1791556854552,2500,2500,2499,2500,2500,2500,2500,2500,2500,2499,2499,2499,2499,2499,2499,2499,100,0,0,0,5,0,0,0,0,0,0,0,5,0,0,0,84226.4224243164,221128.00427246094,0,404327403520,8589930496,6119456768,114688
10,1791556854562,2500,2500,2499,2500,2500,2500,2500,2500,2500,2499,2499,2499,2499,2499,2499,2499,100,0,0,0,0,0,0,0,0,4.761904716491699,0,0,0,0,0,0,84226.5712890625,221128.3819580078,0,404327403520,8589930496,6119456768,114688
10,1791556854572,2500,2500,2499,2500,2500,2500,2500,2500,2500,2499,2499,2499,2499,2499,2499,2499,100,0,0,0,0,0,0,0,0,4.761904716491699,0,0,0,0,0,0,84226.7269897461,221128.75592041016,0,404327403520,8589930496,6119456768,114688
9,1791556854582,2500,2500,2499,2500,2500,2500,2500,2500,2500,2499,2499,2499,2499,2499,2499,2499,100,0,0,0,0,0,0,0,0,4.761904716491699,0,0,0,0,0,0,84226.8784790039,221129.13092041016,0,404327403520,8589930496,6119456768,114688
10,1791556854592,2500,2500,2499,2500,2500,2500,2500,2500,2500,2499,2499,2499,2499,2499,2499,2499,100,0,0,0,0,0,0,0,0,4.761904716491699,0,0,0,0,0,0,84227.033203125,221129.50762939453,0,404327403520,8589930496,6119456768,114688
9,1791556854602,2500,2500,2499,2500,2500,2500,2500,2500,2500,2499,2499,2499,2499,2499,2499,2499,100,0,0,0,0,0,0,0,0,4.761904716491699,0,0,0,0,0,0,84227.19049072266,221129.88104248047,0,404327403520,8589930496,6127882240,114688
9,1791556854612,2500,2500,2499,2500,2500,2500,2500,2500,2500,2499,2499,2499,2499,2499,2499,2499,100,0,0,0,0,0,0,0,0,4.761904716491699,0,0,0,0,0,0,84227.34173583984,221130.25537109375,0,404327403520,8589930496,6127882240,114688
9,1791556854622,2500,2500,2499,2500,2500,2500,2500,2500,2500,2499,2499,2499,2499,2499,2499,2499,100,0,0,0,0,0,0,0,0,4.761904716491699,0,0,0,0,0,0,84227.49188232422,221130.6318359375,0,404327403520,8589930496,6127882240,114688
9,1791556854632,2500,2500,2499,2500,2500,2500,2500,2500,2500,2499,2499,2499,2499,2499,2499,2499,100,0,0,0,0,0,0,0,0,4.761904716491699,0,0,0,0,0,0,84227.64154052734,221131.00897216797,0,404327403520,8589930496,6127882240,114688
9,1791556854642,2500,2500,2499,2500,2500,2500,2500,2500,2500,2499,2499,2499,2499,2499,2499,2499,100,0,0,0,0,0,0,0,0,4.761904716491699,0,0,0,0,0,0,84227.79296875,221131.38348388672,0,404327403520,8589930496,6135812096,114688
9,1791556854652,2500,2500,2499,2500,2500,2500,2500,2500,2500,2499,2499,2499,2499,2499,2499,2499,100,0,0,0,0,0,0,0,0,4.761904716491699,0,0,0,0,0,0,84227.94897460938,221131.759765625,0,404327403520,8589930496,6135812096,114688
10,1791556854662,2500,2500,2499,2500,2500,2500,2500,2500,2500,2499,2499,2499,2499,2499,2499,2499,100,0,0,0,0,0,0,0,0,4.761904716491699,0,0,0,0,0,0,84228.10607910156,221132.1329345703,0,404327403520,8589930496,6135812096,114688
10,1791556854672,2500,2500,2499,2500,2500,2500,2500,2500,2500,2499,2499,2499,2499,2499,2499,2499,100,0,0,0,0,0,0,0,0,4.761904716491699,0,0,0,0,0,0,84228.26208496094,221132.50799560547,0,404327403520,8589930496,6135812096,114688
9,1791556854683,2500,2500,2499,2500,2500,2500,2500,2500,2500,2499,2499,2499,2499,2499,2499,2499,100,0,0,0,0,0,0,0,0,4.761904716491699,0,0,0,0,0,0,84228.43438720703,221132.92138671875,0,404327403520,8589930496,6144237568,114688
9,1791556854693,2500,2500,2499,2500,2500,2500,2500,2500,2500,2499,2499,2499,2499,2499,2499,2499,100,0,0,0,0,0,0,0,0,4.761904716491699,0,0,0,0,0,0,84228.58947753906,221133.26043701172,0,404327403520,8589930496,6144237568,114688
9,1791556854703,2500,2500,2499,2500,2500,2500,2500,2500,2500,2499,2499,2499,2499,2499,2499,2499,100,0,0,0,0,0,0,0,0,4.761904716491699,0,0,0,0,0,0,84228.74548339844,221133.67211914063,0,404327403520,8589930496,6144237568,114688
10,1791556854713,2500,2500,2499,2500,2500,2500,2500,2500,2500,2499,2499,2499,2499,2499,2499,2499,100,0,0,0,0,0,0,0,0,4.761904716491699,0,0,0,0,0,0,84228.89764404297,221134.0499267578,0,404327403520,8589930496,6144237568,114688
9,1791556854723,2500,2500,2499,2500,2500,2500,2500,2500,2500,2499,2499,2499,2499,2499,2499,2499,100,0,0,0,0,0,0,0,0,4.761904716491699,0,0,0,0,0,0,84229.0580444336,221134.42138671875,0,404327403520,8589930496,6144237568,114688
9,1791556854733,2500,2500,2499,2500,2500,2500,2500,2500,2500,2499,2499,2499,2499,2499,2499,2499,100,0,0,0,0,0,0,0,0,4.761904716491699,0,0,0,0,0,0,84229.22265625,221134.7978515625,0,404327403520,8589930496,6152663040,114688
9,1791556854743,2500,2500,2499,2500,2500,2500,2500,2500,2500,2499,2499,2499,2499,2499,2499,2499,100,0,0,0,0,0,0,0,0,4.761904716491699,0,0,0,0,0,0,84229.37591552734,221135.17364501953,0,404327403520,8589930496,6152663040,114688
9,1791556854753,2500,2500,2499,2500,2500,2500,2500,2500,2500,2499,2499,2499,2499,2499,2499,2499,100,0,0,0,0,0,0,0,0,4.761904716491699,0,0,0,0,0,0,84229.5322265625,221135.55041503906,0,404327403520,8589930496,6152663040,114688
9,1791556854763,2500,2500,2499,2500,2500,2500,2500,2500,2500,2499,2499,2499,2499,2499,2499,2499,100,0,10,0,0,0,0,10,0,0,0,0,0,0,5,0,84229.68768310547,221135.92657470703,0,404327403520,8589930496,6152663040,114688
9,1791556854773,2500,2500,2499,2500,2500,2500,2500,2500,2500,2499,2499,2499,2499,2499,2499,2499,100,0,10,0,0,0,0,10,0,0,0,0,0,0,5,0,84229.84539794922,221136.30139160156,0,404327403520,8589930496,6152663040,114688
9,1791556854783,2500,2500,2499,2500,2500,2500,2500,2500,2500,2499,2499,2499,2499,2499,2499,2499,100,0,10,0,0,0,0,10,0,0,0,0,0,0,5,0,84229.99792480469,221136.67724609375,0,404327403520,8589930496,6160592896,114688
9,1791556854793,2500,2500,2499,2500,2500,2500,2500,2500,2500,2499,2499,2499,2499,2499,2499,2499,100,0,10,0,0,0,0,10,0,0,0,0,0,0,5,0,84230.15618896484,221137.0509033203,0,404327403520,8589930496,6160592896,114688
10,1791556854803,2500,2500,2499,2500,2500,2500,2500,2500,2500,2499,2499,2499,2499,2499,2499,2499,100,0,10,0,0,0,0,10,0,0,0,0,0,0,5,0,84230.31604003906,221137.42626953125,0,404327403520,8589930496,6160592896,114688
10,1791556854813,2500,2500,2499,2500,2500,2500,2500,2500,2500,2499,2499,2499,2499,2499,2499,2499,100,0,10,0,0,0,0,10,0,0,0,0,0,0,5,0,84230.46807861328,221137.80236816406,0,404327403520,8589930496,6160592896,114688
9,1791556854824,2500,2500,2499,2500,2500,2500,2500,2500,2500,2499,2499,2499,2499,2499,2499,2499,100,0,10,0,0,0,0,10,0,0,0,0,0,0,5,0,84230.61938476563,221138.17706298828,0,404327403520,8589930496,6169018368,114688
9,1791556854834,2500,2500,2499,2500,2500,2500,2500,2500,2500,2499,2499,2499,2499,2499,2499,2499,100,0,10,0,0,0,0,10,0,0,0,0,0,0,5,0,84230.77154541016,221138.55303955078,0,404327403520,8589930496,6169018368,114688
10,1791556854844,2500,2500,2499,2500,2500,2500,2500,2500,2500,2499,2499,2499,2499,2499,2499,2499,100,0,10,0,0,0,0,10,0,0,0,0,0,0,5,0,84230.92974853516,221138.92810058594,0,404327403520,8589930496,6169018368,114688
9,1791556854854,2500,2500,2499,2500,2500,2500,2500,2500,2500,2499,2499,2499,2499,2499,2499,2499,100,0,10,0,0,0,0,10,0,0,0,0,0,0,5,0,84231.10186767578,221139.34466552734,0,404327403520,8589930496,6169018368,114688
9,1791556854864,2500,2500,2499,2500,2500,2500,2500,2500,2500,2499,2499,2499,2499,2499,2499,2499,100,0,10,0,0,0,0,10,0,0,0,0,0,0,5,0,84231.25659179688,221139.71411132813,0,404327403520,8589930496,6169018368,114688
9,1791556854874,2500,2500,2499,2500,2500,2500,2500,2500,2500,2499,2499,2499,2499,2499,2499,2499,100,0,10,0,0,0,0,10,0,0,0,0,0,0,5,0,84231.40911865234,221140.0972290039,0,404327403520,8589930496,6177443840,114688
9,1791556854884,2500,2500,2499,2500,2500,2500,2500,2500,2500,2499,2499,2499,2499,2499,2499,2499,100,0,10,0,0,0,0,10,0,0,0,0,0,0,5,0,84231.56365966797,221140.4698486328,0,404327403520,8589930496,6177443840,114688
9,1791556854894,2500,2500,2499,2500,2500,2500,2500,2500,2500,2499,2499,2499,2499,2499,2499,2499,100,0,10,0,0,0,0,10,0,0,0,0,0,0,5,0,84231.7134399414,221140.8441772461,0,404327403520,8589930496,6177443840,114688
10,1791556854904,2500,2500,2499,2500,2500,2500,2500,2500,2500,2499,2499,2499,2499,2499,2499,2499,100,0,10,0,0,0,0,10,0,0,0,0,0,0,5,0,84231.84875488281,221141.19122314453,0,404327403520,8589930496,6177443840,114688
9,1791556854914,2500,2500,2499,2500,2500,2500,2500,2500,2500,2499,2499,2499,2499,2499,2499,2499,100,0,10,0,0,0,0,10,0,0,0,0,0,0,5,0,84232.01635742188,221141.59497070313,0,404327403520,8589930496,6185373696,114688
9,1791556854924,2500,2500,2499,2500,2500,2500,2500,2500,2500,2499,2499,2499,2499,2499,2499,2499,100,0,10,0,0,0,0,10,0,0,0,0,0,0,5,0,84232.16961669922,221141.97302246094,0,404327403520,8589930496,6185373696,114688
10,1791556854934,2500,2500,2499,2500,2500,2500,2500,2500,2500,2499,2499,2499,2499,2499,2499,2499,100,0,10,0,0,0,0,10,0,0,0,0,0,0,5,0,84232.32611083984,221142.34686279297,0,404327403520,8589930496,6185373696,114688
9,1791556854944,2500,2500,2499,2500,2500,2500,2500,2500,2500,2499,2499,2499,2499,2499,2499,2499,100,0,10,0,0,0,0,10,0,0,0,0,0,0,5,0,84232.4799194336,221142.724609375,0,404327403520,8589930496,6185373696,114688
9,1791556854954,2500,2500,2499,2500,2500,2500,2500,2500,2500,2499,2499,2499,2499,2499,2499,2499,100,0,10,0,0,0,0,10,0,0,0,0,0,0,5,0,84232.63409423828,221143.09887695313,0,404327403520,8589930496,6185373696,114688
9,1791556854964,2500,2500,2499,2500,2500,2500,2500,2500,2500,2499,2499,2499,2499,2499,2499,2499,100,0,0,0,0,0,0,5.263157844543457,4.761904716491699,0,0,5,0,0,5,5,84232.7886352539,221143.47106933594,0,404327403520,8589930496,6193799168,114688
9,1791556854975,2500,2500,2499,2500,2500,2500,2500,2500,2500,2499,2499,2499,2499,2499,2499,2499,100,0,0,0,0,0,0,5.263157844543457,4.761904716491699,0,0,5,0,0,5,5,84232.94244384766,221143.84893798828,0,404327403520,8589930496,6193799168,114688
9,1791556854985,2500,2500,2499,2500,2500,2500,2500,2500,2500,2499,2499,2499,2499,2499,2499,2499,100,0,0,0,0,0,0,5.263157844543457,4.761904716491699,0,0,5,0,0,5,5,84233.09674072266,221144.22143554688,0,404327403520,8589930496,6193799168,114688
10,1791556854995,2500,2500,2499,2500,2500,2500,2500,2500,2500,2499,2499,2499,2499,2499,2499,2499,100,0,0,0,0,0,0,5.263157844543457,4.761904716491699,0,0,5,0,0,5,5,84233.24981689453,221144.59692382813,0,404327403520,8589930496,6193799168,114688
9,1791556855005,2500,2500,2499,2500,2500,2500,2500,2500,2500,2499,2499,2499,2499,2499,2499,2499,100,0,0,0,0,0,0,5.263157844543457,4.761904716491699,0,0,5,0,0,5,5,84233.40325927734,221144.9716796875,0,404327403520,8589930496,6202224640,114688
9,1791556855015,2500,2500,2499,2500,2500,2500,2500,2500,2500,2499,2499,2499,2499,2499,2499,2499,100,0,0,0,0,0,0,5.263157844543457,4.761904716491699,0,0,5,0,0,5,5,84233.55603027344,221145.34838867188,0,404327403520,8589930496,6202224640,114688
9,1791556855025,2500,2500,2499,2500,2500,2500,2500,2500,2500,2499,2499,2499,2499,2499,2499,2499,100,0,0,0,0,0,0,5.263157844543457,4.761904716491699,0,0,5,0,0,5,5,84233.72454833984,221145.75872802734,0,404327403520,8589930496,6202224640,114688
9,1791556855035,2500,2500,2499,2500,2500,2500,2500,2500,2500,2499,2499,2499,2499,2499,2499,2499,100,0,0,0,0,0,0,5.263157844543457,4.761904716491699,0,0,5,0,0,5,5,84233.87823486328,221146.13732910156,0,404327403520,8589930496,6202224640,114688
9,1791556855045,2500,2500,2499,2500,2500,2500,2500,2500,2500,2499,2499,2499,2499,2499,2499,2499,100,0,0,0,0,0,0,5.263157844543457,4.761904716491699,0,0,5,0,0,5,5,84234.02966308594,221146.5082397461,0,404327403520,8589930496,6210154496,114688
9,1791556855055,2500,2500,2499,2500,2500,2500,2500,2500,2500,2499,2499,2499,2499,2499,2499,2499,100,0,0,0,0,0,0,5.263157844543457,4.761904716491699,0,0,5,0,0,5,5,84234.18328857422,221146.88537597656,0,404327403520,8589930496,6210154496,114688
9,1791556855065,2500,2500,2499,2500,2500,2500,2500,2500,2500,2499,2499,2499,2499,2499,2499,2499,100,0,0,0,0,0,0,5.263157844543457,4.761904716491699,0,0,5,0,0,5,5,84234.34057617188,221147.2601928711,0,404327403520,8589930496,6210154496,114688
9,1791556855075,2500,2500,2499,2500,2500,2500,2500,2500,2500,2499,2499,2499,2499,2499,2499,2499,100,0,0,0,0,0,0,5.263157844543457,4.761904716491699,0,0,5,0,0,5,5,84234.4965209961,221147.63385009766,0,404327403520,8589930496,6210154496,114688
9,1791556855085,2500,2500,2499,2500,2500,2500,2500,2500,2500,2499,2499,2499,2499,2499,2499,2499,100,0,0,0,0,0,0,5.263157844543457,4.761904716491699,0,0,5,0,0,5,5,84234.6552734375,221148.00927734375,0,404327403520,8589930496,6210154496,114688
9,1791556855095,2500,2500,2499,2500,2500,2500,2500,2500,2500,2499,2499,2499,2499,2499,2499,2499,100,0,0,0,0,0,0,5.263157844543457,4.761904716491699,0,0,5,0,0,5,5,84234.80908203125,221148.38989257813,0,404327403520,8589930496,6218579968,114688
10,1791556855105,2500,2500,2499,2500,2500,2500,2500,2500,2500,2499,2499,2499,2499,2499,2499,2499,100,0,0,0,0,0,0,5.263157844543457,4.761904716491699,0,0,5,0,0,5,5,84234.96258544922,221148.75927734375,0,404327403520,8589930496,6218579968,114688
9,1791556855116,2500,2500,2499,2500,2500,2500,2500,2500,2500,2499,2499,2499,2499,2499,2499,2499,100,0,0,0,0,0,0,5.263157844543457,4.761904716491699,0,0,5,0,0,5,5,84235.11437988281,221149.13452148438,0,404327403520,8589930496,6218579968,114688
9,1791556855126,2500,2500,2499,2500,2500,2500,2500,2500,2500,2499,2499,2499,2499,2499,2499,2499,100,0,0,0,0,0,0,5.263157844543457,4.761904716491699,0,0,5,0,0,5,5,84235.27185058594,221149.51135253906,0,404327403520,8589930496,6218579968,114688
9,1791556855136,2500,2500,2499,2500,2500,2500,2500,2500,2500,2499,2499,2499,2499,2499,2499,2499,100,0,0,0,0,0,0,5.263157844543457,4.761904716491699,0,0,5,0,0,5,5,84235.42504882813,221149.88690185547,0,404327403520,8589930496,6227005440,114688
9,1791556855146,2500,2500,2499,2500,2500,2500,2500,2500,2500,2499,2499,2499,2499,2499,2499,2499,100,0,0,0,0,0,0,5.263157844543457,4.761904716491699,0,0,5,0,0,5,5,84235.57830810547,221150.26300048828,0,404327403520,8589930496,6210568192,114688
9,1791556855156,2500,2500,2499,2500,2500,2500,2500,2500,2500,2499,2499,2499,2499,2499,2499,2499,100,0,0,0,0,0,0,5.263157844543457,4.761904716491699,0,0,5,0,0,5,5,84235.73132324219,221150.6368408203,0,404327403520,8589930496,6210568192,114688
9,1791556855166,2500,2500,2499,2500,2500,2500,2500,2500,2500,2499,2499,2499,2499,2499,2499,2499,100,0,0,10,0,0,0,10,5,0,0,0,0,0,0,0,84235.89892578125,221151.0498046875,0,404327403520,8589930496,6210568192,114688
9,1791556855176,2500,2500,2499,2500,2500,2500,2500,2500,2500,2499,2499,2499,2499,2499,2499,2499,100,0,0,10,0,0,0,10,5,0,0,0,0,0,0,0,84236.04974365234,221151.4262084961,0,404327403520,8589930496,6210568192,114688
9,1791556855186,2500,2500,2499,2500,2500,2500,2500,2500,2500,2499,2499,2499,2499,2499,2499,2499,100,0,0,10,0,0,0,10,5,0,0,0,0,0,0,0,84236.18579101563,221151.76538085938,0,404327403520,8589930496,6218498048,114688
9,1791556855196,2500,2500,2499,2500,2500,2500,2500,2500,2500,2499,2499,2499,2499,2499,2499,2499,100,0,0,10,0,0,0,10,5,0,0,0,0,0,0,0,84236.3353881836,221152.14111328125,0,404327403520,8589930496,6218498048,114688
9,1791556855206,2500,2500,2499,2500,2500,2500,2500,2500,2500,2499,2499,2499,2499,2499,2499,2499,100,0,0,10,0,0,0,10,5,0,0,0,0,0,0,0,84236.505859375,221152.55108642578,0,404327403520,8589930496,6218498048,114688
10,1791556855216,2500,2500,2499,2500,2500,2500,2500,2500,2500,2499,2499,2499,2499,2499,2499,2499,100,0,0,10,0,0,0,10,5,0,0,0,0,0,0,0,84236.64172363281,221152.88720703125,0,404327403520,8589930496,6218498048,114688
9,1791556855226,2500,2500,2499,2500,2500,2500,2500,2500,2500,2499,2499,2499,2499,2499,2499,2499,100,0,0,10,0,0,0,10,5,0,0,0,0,0,0,0,84236.8158569336,221153.2640991211,0,404327403520,8589930496,6226923520,114688
9,1791556855236,2500,2500,2499,2500,2500,2500,2500,2500,2500,2499,2499,2499,2499,2499,2499,2499,100,0,0,10,0,0,0,10,5,0,0,0,0,0,0,0,84236.96990966797,221153.67657470703,0,404327403520,8589930496,6226923520,114688
10,1791556855246,2500,2500,2499,2500,2500,2500,2500,2500,2500,2499,2499,2499,2499,2499,2499,2499,100,0,0,10,0,0,0,10,5,0,0,0,0,0,0,0,84237.130859375,221154.0517578125,0,404327403520,8589930496,6226923520,114688
9,1791556855256,2500,2500,2499,2500,2500,2500,2500,2500,2500,2499,2499,2499,2499,2499,2499,2499,100,0,0,10,0,0,0,10,5,0,0,0,0,0,0,0,84237.28741455078,221154.42596435547,0,404327403520,8589930496,6226923520,114688
9,1791556855267,2500,2500,2499,2500,2500,2500,2500,2500,2500,2499,2499,2499,2499,2499,2499,2499,100,0,0,10,0,0,0,10,5,0,0,0,0,0,0,0,84237.44317626953,221154.8037109375,0,404327403520,8589930496,6226923520,114688
9,1791556855277,2500,2500,2499,2500,2500,2500,2500,2500,2500,2499,2499,2499,2499,2499,2499,2499,100,0,0,10,0,0,0,10,5,0,0,0,0,0,0,0,84237.6011352539,221155.1812133789,0,404327403520,8589930496,6234853376,114688
10,1791556855287,2500,2500,2499,2500,2500,2500,2500,2500,2500,2499,2499,2499,2499,2499,2499,2499,100,0,0,10,0,0,0,10,5,0,0,0,0,0,0,0,84237.76135253906,221155.5541381836,0,404327403520,8589930496,6234853376,114688
9,1791556855297,2500,2500,2499,2500,2500,2500,2500,2500,2500,2499,2499,2499,2499,2499,2499,2499,100,0,0,10,0,0,0,10,5,0,0,0,0,0,0,0,84237.91424560547,221155.93090820313,0,404327403520,8589930496,6234853376,114688
9,1791556855307,2500,2500,2499,2500,2500,2500,2500,2500,2500,2499,2499,2499,2499,2499,2499,2499,100,0,0,10,0,0,0,10,5,0,0,0,0,0,0,0,84238.06335449219,221156.30682373047,0,404327403520,8589930496,6234853376,114688
9,1791556855317,2500,2500,2499,2500,2500,2500,2500,2500,2500,2499,2499,2499,2499,2499,2499,2499,100,0,0,10,0,0,0,10,5,0,0,0,0,0,0,0,84238.22045898438,221156.68170166016,0,404327403520,8589930496,6243278848,114688
9,1791556855327,2500,2500,2499,2500,2500,2500,2500,2500,2500,2499,2499,2499,2499,2499,2499,2499,100,0,0,10,0,0,0,10,5,0,0,0,0,0,0,0,84238.37628173828,221157.05810546875,0,404327403520,8589930496,6243278848,114688
9,1791556855337,2500,2500,2499,2500,2500,2500,2500,2500,2500,2499,2499,2499,2499,2499,2499,2499,100,0,0,10,0,0,0,10,5,0,0,0,0,0,0,0,84238.53546142578,221157.43426513672,0,404327403520,8589930496,6243278848,114688
10,1791556855347,2500,2500,2499,2500,2500,2500,2500,2500,2500,2499,2499,2499,2499,2499,2499,2499,100,0,0,10,0,0,0,10,5,0,0,0,0,0,0,0,84238.68981933594,221157.8065185547,0,404327403520,8589930496,6243278848,114688
10,1791556855357,2500,2500,2499,2500,2500,2500,2500,2500,2500,2499,2499,2499,2499,2499,2499,2499,100,0,0,10,0,0,0,10,5,0,0,0,0,0,0,0,84238.84368896484,221158.18310546875,0,404327403520,8589930496,6243278848,114688
9,1791556855367,2500,2500,2499,2500,2500,2500,2500,2500,2500,2499,2499,2499,2499,2499,2499,2499,100,0,0,0,0,5,0,10.526315689086914,0,0,5,0,0,0,0,0,84239.01654052734,221158.59759521484,0,404327403520,8589930496,6251704320,114688
9,1791556855377,2500,2500,2499,2500,2500,2500,2500,2500,2500,2499,2499,2499,2499,2499,2499,2499,100,0,0,0,0,5,0,10.526315689086914,0,0,5,0,0,0,0,0,84239.17291259766,221158.97302246094,0,404327403520,8589930496,6251704320,114688
9,1791556855387,2500,2500,2499,2500,2500,2500,2500,2500,2500,2499,2499,2499,2499,2499,2499,2499,100,0,0,0,0,5,0,10.526315689086914,0,0,5,0,0,0,0,0,84239.32916259766,221159.34790039063,0,404327403520,8589930496,6251704320,114688
9,1791556855397,2500,2500,2499,2500,2500,2500,2500,2500,2500,2499,2499,2499,2499,2499,2499,2499,100,0,0,0,0,5,0,10.526315689086914,0,0,5,0,0,0,0,0,84239.48638916016,221159.72393798828,0,404327403520,8589930496,6251704320,114688
9,1791556855408,2500,2500,2499,2500,2500,2500,2500,2500,2500,2499,2499,2499,2499,2499,2499,2499,100,0,0,0,0,5,0,10.526315689086914,0,0,5,0,0,0,0,0,84239.6449584961,221160.09924316406,0,404327403520,8589930496,6259634176,114688
9,1791556855418,2500,2500,2499,2500,2500,2500,2500,2500,2500,2499,2499,2499,2499,2499,2499,2499,100,0,0,0,0,5,0,10.526315689086914,0,0,5,0,0,0,0,0,84239.80187988281,221160.47479248047,0,404327403520,8589930496,6259634176,114688
9,1791556855428,2500,2500,2499,2500,2500,2500,2500,2500,2500,2499,2499,2499,2499,2499,2499,2499,100,0,0,0,0,5,0,10.526315689086914,0,0,5,0,0,0,0,0,84239.95733642578,221160.85076904297,0,404327403520,8589930496,6259634176,114688
9,1791556855438,2500,2500,2499,2500,2500,2500,2500,2500,2500,2499,2499,2499,2499,2499,2499,2499,100,0,0,0,0,5,0,10.526315689086914,0,0,5,0,0,0,0,0,84240.11553955078,221161.22735595703,0,404327403520,8589930496,6259634176,114688
9,1791556855448,2500,2500,2499,2500,2500,2500,2500,2500,2500,2499,2499,2499,2499,2499,2499,2499,100,0,0,0,0,5,0,10.526315689086914,0,0,5,0,0,0,0,0,84240.27648925781,221161.60382080078,0,404327403520,8589930496,6259634176,114688
9,1791556855458,2500,2500,2499,2500,2500,2500,2500,2500,2500,2499,2499,2499,2499,2499,2499,2499,100,0,0,0,0,5,0,10.526315689086914,0,0,5,0,0,0,0,0,84240.43389892578,221161.98065185547,0,404327403520,8589930496,6259634176,114688
10,1791556855468,2500,2500,2499,2500,2500,2500,2500,2500,2500,2499,2499,2499,2499,2499,2499,2499,100,0,0,0,0,5,0,10.526315689086914,0,0,5,0,0,0,0,0,84240.5951538086,221162.35845947266,0,404327403520,8589930496,6268059648,114688
9,1791556855478,2500,2500,2499,2500,2500,2500,2500,2500,2500,2499,2499,2499,2499,2499,2499,2499,100,0,0,0,0,5,0,10.526315689086914,0,0,5,0,0,0,0,0,84240.75170898438,221162.73248291016,0,404327403520,8589930496,6268059648,114688
9,1791556855488,2500,2500,2499,2500,2500,2500,2500,2500,2500,2499,2499,2499,2499,2499,2499,2499,100,0,0,0,0,5,0,10.526315689086914,0,0,5,0,0,0,0,0,84240.90991210938,221163.11199951172,0,404327403520,8589930496,6268059648,114688
9,1791556855498,2500,2500,2499,2500,2500,2500,2500,2500,2500,2499,2499,2499,2499,2499,2499,2499,100,0,0,0,0,5,0,10.526315689086914,0,0,5,0,0,0,0,0,84241.0756225586,221163.4892578125,0,404327403520,8589930496,6268059648,114688
9,1791556855508,2500,2500,2499,2500,2500,2500,2500,2500,2500,2499,2499,2499,2499,2499,2499,2499,100,0,0,0,0,5,0,10.526315689086914,0,0,5,0,0,0,0,0,84241.25067138672,221163.90283203125,0,404327403520,8589930496,6268059648,114688
9,1791556855518,2500,2500,2499,2500,2500,2500,2500,2500,2500,2499,2499,2499,2499,2499,2499,2499,100,0,0,0,0,5,0,10.526315689086914,0,0,5,0,0,0,0,0,84241.41180419922,221164.279296875,0,404327403520,8589930496,6268059648,114688
9,1791556855528,2500,2500,2499,2500,2500,2500,2500,2500,2500,2499,2499,2499,2499,2499,2499,2499,100,0,0,0,0,5,0,10.526315689086914,0,0,5,0,0,0,0,0,84241.56805419922,221164.65814208984,0,404327403520,8589930496,6268059648,114688
9,1791556855538,2500,2500,2499,2500,2500,2500,2500,2500,2500,2499,2499,2499,2499,2499,2499,2499,100,0,0,0,0,5,0,10.526315689086914,0,0,5,0,0,0,0,0,84241.72772216797,221165.0326538086,0,404327403520,8589930496,6268059648,114688
9,1791556855549,2500,2500,2499,2500,2500,2500,2500,2500,2500,2499,2499,2499,2499,2499,2499,2499,100,0,0,0,0,5,0,10.526315689086914,0,0,5,0,0,0,0,0,84241.88568115234,221165.40936279297,0,404327403520,8589930496,6268059648,114688
10,1791556855559,2500,2500,2499,2500,2500,2500,2500,2500,2500,2499,2499,2499,2499,2499,2499,2499,100,0,0,0,0,5,0,10.526315689086914,0,0,5,0,0,0,0,0,84242.04388427734,221165.78564453125,0,404327403520,8589930496,6268059648,114688
9,1791556855569,2500,2500,2499,2500,2500,2500,2500,2500,2500,2499,2499,2499,2499,2499,2499,2499,100,0,0,5.263157844543457,0,0,0,0,0,0,0,0,0,0,0,0,84242.20281982422,221166.16339111328,0,404327403520,8589930496,6268059648,114688
9,1791556855579,2500,2500,2499,2500,2500,2500,2500,2500,2500,2499,2499,2499,2499,2499,2499,2499,100,0,0,5.263157844543457,0,0,0,0,0,0,0,0,0,0,0,0,84242.36145019531,221166.5389404297,0,404327403520,8589930496,6268059648,114688
9,1791556855589,2500,2500,2499,2500,2500,2500,2500,2500,2500,2499,2499,2499,2499,2499,2499,2499,100,0,0,5.263157844543457,0,0,0,0,0,0,0,0,0,0,0,0,84242.52001953125,221166.91522216797,0,404327403520,8589930496,6268059648,114688
10,1791556855599,2500,2500,2499,2500,2500,2500,2500,2500,2500,2499,2499,2499,2499,2499,2499,2499,100,0,0,5.263157844543457,0,0,0,0,0,0,0,0,0,0,0,0,84242.67626953125,221167.2908935547,0,404327403520,8589930496,6268059648,114688
9,1791556855609,2500,2500,2499,2500,2500,2500,2500,2500,2500,2499,2499,2499,2499,2499,2499,2499,100,0,0,5.263157844543457,0,0,0,0,0,0,0,0,0,0,0,0,84242.83721923828,221167.66552734375,0,404327403520,8589930496,6268059648,114688
9,1791556855619,2500,2500,2499,2500,2500,2500,2500,2500,2500,2499,2499,2499,2499,2499,2499,2499,100,0,0,5.263157844543457,0,0,0,0,0,0,0,0,0,0,0,0,84242.99816894531,221168.04412841797,0,404327403520,8589930496,6268059648,114688
9,1791556855629,2500,2500,2499,2500,2500,2500,2500,2500,2500,2499,2499,2499,2499,2499,2499,2499,100,0,0,5.263157844543457,0,0,0,0,0,0,0,0,0,0,0,0,84243.15844726563,221168.41967773438,0,404327403520,8589930496,6268059648,114688
9,1791556855639,2500,2500,2499,2500,2500,2500,2500,2500,2500,2499,2499,2499,2499,2499,2499,2499,100,0,0,5.263157844543457,0,0,0,0,0,0,0,0,0,0,0,0,84243.32507324219,221168.7960205078,0,404327403520,8589930496,6268059648,114688
9,1791556855649,2500,2500,2499,2500,2500,2500,2500,2500,2500,2499,2499,2499,2499,2499,2499,2499,100,0,0,5.263157844543457,0,0,0,0,0,0,0,0,0,0,0,0,84243.4848022461,221169.173828125,0,404327403520,8589930496,6268059648,114688
9,1791556855659,2500,2500,2499,2500,2500,2500,2500,2500,2500,2499,2499,2499,2499,2499,2499,2499,100,0,0,5.263157844543457,0,0,0,0,0,0,0,0,0,0,0,0,84243.66510009766,221169.5877685547,0,404327403520,8589930496,6268059648,114688
9,1791556855669,2500,2500,2499,2500,2500,2500,2500,2500,2500,2499,2499,2499,2499,2499,2499,2499,100,0,0,5.263157844543457,0,0,0,0,0,0,0,0,0,0,0,0,84243.82196044922,221169.9634399414,0,404327403520,8589930496,6268059648,114688
10,1791556855679,2500,2500,2499,2500,2500,2500,2500,2500,2500,2499,2499,2499,2499,2499,2499,2499,100,0,0,5.263157844543457,0,0,0,0,0,0,0,0,0,0,0,0,84243.96643066406,221170.3038330078,0,404327403520,8589930496,6268059648,114688
9,1791556855690,2500,2500,2499,2500,2500,2500,2500,2500,2500,2499,2499,2499,2499,2499,2499,2499,100,0,0,5.263157844543457,0,0,0,0,0,0,0,0,0,0,0,0,84244.14367675781,221170.71655273438,0,404327403520,8589930496,6268059648,114688
10,1791556855700,2500,2500,2499,2500,2500,2500,2500,2500,2500,2499,2499,2499,2499,2499,2499,2499,100,0,0,5.263157844543457,0,0,0,0,0,0,0,0,0,0,0,0,84244.3080444336,221171.09338378906,0,404327403520,8589930496,6268059648,114688
9,1791556855710,2500,2500,2499,2500,2500,2500,2500,2500,2500,2499,2499,2499,2499,2499,2499,2499,100,0,0,5.263157844543457,0,0,0,0,0,0,0,0,0,0,0,0,84244.4663696289,221171.470703125,0,404327403520,8589930496,6268059648,114688
10,1791556855720,2500,2500,2499,2500,2500,2500,2500,2500,2500,2499,2499,2499,2499,2499,2499,2499,100,0,0,5.263157844543457,0,0,0,0,0,0,0,0,0,0,0,0,84244.62915039063,221171.84521484375,0,404327403520,8589930496,6268059648,114688
9,1791556855730,2500,2500,2499,2500,2500,2500,2500,2500,2500,2499,2499,2499,2499,2499,2499,2499,100,0,0,5.263157844543457,0,0,0,0,0,0,0,0,0,0,0,0,84244.79376220703,221172.22247314453,0,404327403520,8589930496,6268059648,114688
9,1791556855740,2500,2500,2499,2500,2500,2500,2500,2500,2500,2499,2499,2499,2499,2499,2499,2499,100,0,0,5.263157844543457,0,0,0,0,0,0,0,0,0,0,0,0,84244.95837402344,221172.5975341797,0,404327403520,8589930496,6268059648,114688
9,1791556855750,2500,2500,2499,2500,2500,2500,2500,2500,2500,2499,2499,2499,2499,2499,2499,2499,100,0,0,5.263157844543457,0,0,0,0,0,0,0,0,0,0,0,0,84245.12463378906,221172.97485351563,0,404327403520,8589930496,6268059648,114688
9,1791556855760,2500,2500,2499,2500,2500,2500,2500,2500,2500,2499,2499,2499,2499,2499,2499,2499,100,0,0,5.263157844543457,0,0,0,0,0,0,0,0,0,0,0,0,84245.29235839844,221173.3514404297,0,404327403520,8589930496,6268059648,114688
9,1791556855770,2500,2500,2499,2500,2500,2500,2500,2500,2500,2499,2499,2499,2499,2499,2499,2499,100,4.761904716491699,0,0,0,0,0,10,0,0,0,0,0,0,0,0,84245.447265625,221173.7289428711,0,404327403520,8589930496,6268059648,114688
9,1791556855780,2500,2500,2499,2500,2500,2500,2500,2500,2500,2499,2499,2499,2499,2499,2499,2499,100,4.761904716491699,0,0,0,0,0,10,0,0,0,0,0,0,0,0,84245.60876464844,221174.10400390625,0,404327403520,8589930496,6268059648,114688
9,1791556855790,2500,2500,2499,2500,2500,2500,2500,2500,2500,2499,2499,2499,2499,2499,2499,2499,100,4.761904716491699,0,0,0,0,0,10,0,0,0,0,0,0,0,0,84245.77117919922,221174.4794921875,0,404327403520,8589930496,6268059648,114688
9,1791556855800,2500,2500,2499,2500,2500,2500,2500,2500,2500,2499,2499,2499,2499,2499,2499,2499,100,4.761904716491699,0,0,0,0,0,10,0,0,0,0,0,0,0,0,84245.92834472656,221174.85571289063,0,404327403520,8589930496,6268059648,114688
9,1791556855810,2500,2500,2499,2500,2500,2500,2500,2500,2500,2499,2499,2499,2499,2499,2499,2499,100,4.761904716491699,0,0,0,0,0,10,0,0,0,0,0,0,0,0,84246.09313964844,221175.23272705078,0,404327403520,8589930496,6268059648,114688
9,1791556855820,2500,2500,2499,2500,2500,2500,2500,2500,2500,2499,2499,2499,2499,2499,2499,2499,100,4.761904716491699,0,0,0,0,0,10,0,0,0,0,0,0,0,0,84246.25299072266,221175.6099243164,0,404327403520,8589930496,6268059648,114688
9,1791556855831,2500,2500,2499,2500,2500,2500,2500,2500,2500,2499,2499,2499,2499,2499,2499,2499,100,4.761904716491699,0,0,0,0,0,10,0,0,0,0,0,0,0,0,84246.4262084961,221176.0262451172,0,404327403520,8589930496,6268059648,114688
9,1791556855841,2500,2500,2499,2500,2500,2500,2500,2500,2500,2499,2499,2499,2499,2499,2499,2499,100,4.761904716491699,0,0,0,0,0,10,0,0,0,0,0,0,0,0,84246.5908203125,221176.40454101563,0,404327403520,8589930496,6268059648,114688
9,1791556855851,2500,2500,2499,2500,2500,2500,2500,2500,2500,2499,2499,2499,2499,2499,2499,2499,100,4.761904716491699,0,0,0,0,0,10,0,0,0,0,0,0,0,0,84246.75555419922,221176.7797241211,0,404327403520,8589930496,6268059648,114688
9,1791556855861,2500,2500,2499,2500,2500,2500,2500,2500,2500,2499,2499,2499,2499,2499,2499,2499,100,4.761904716491699,0,0,0,0,0,10,0,0,0,0,0,0,0,0,84246.9174194336,221177.1548461914,0,404327403520,8589930496,6268059648,114688
9,1791556855871,2500,2500,2499,2500,2500,2500,2500,2500,2500,2499,2499,2499,2499,2499,2499,2499,100,4.761904716491699,0,0,0,0,0,10,0,0,0,0,0,0,0,0,84247.07800292969,221177.52880859375,0,404327403520,8589930496,6268059648,114688
9,1791556855881,2500,2500,2499,2500,2500,2500,2500,2500,2500,2499,2499,2499,2499,2499,2499,2499,100,4.761904716491699,0,0,0,0,0,10,0,0,0,0,0,0,0,0,84247.23822021484,221177.9063720703,0,404327403520,8589930496,6268059648,114688
9,1791556855891,2500,2500,2499,2500,2500,2500,2500,2500,2500,2499,2499,2499,2499,2499,2499,2499,100,4.761904716491699,0,0,0,0,0,10,0,0,0,0,0,0,0,0,84247.39776611328,221178.28076171875,0,404327403520,8589930496,6268059648,114688
9,1791556855901,2500,2500,2499,2500,2500,2500,2500,2500,2500,2499,2499,2499,2499,2499,2499,2499,100,4.761904716491699,0,0,0,0,0,10,0,0,0,0,0,0,0,0,84247.56018066406,221178.65655517578,0,404327403520,8589930496,6268059648,114688
9,1791556855911,2500,2500,2499,2500,2500,2500,2500,2500,2500,2499,2499,2499,2499,2499,2499,2499,100,4.761904716491699,0,0,0,0,0,10,0,0,0,0,0,0,0,0,84247.72265625,221179.03356933594,0,404327403520,8589930496,6268059648,114688
9,1791556855921,2500,2500,2499,2500,2500,2500,2500,2500,2500,2499,2499,2499,2499,2499,2499,2499,100,4.761904716491699,0,0,0,0,0,10,0,0,0,0,0,0,0,0,84247.88269042969,221179.4107055664,0,404327403520,8589930496,6268059648,114688
9,1791556855931,2500,2500,2499,2500,2500,2500,2500,2500,2500,2499,2499,2499,2499,2499,2499,2499,100,4.761904716491699,0,0,0,0,0,10,0,0,0,0,0,0,0,0,84248.044921875,221179.78814697266,0,404327403520,8589930496,6268059648,114688
9,1791556855941,2500,2500,2499,2500,2500,2500,2500,2500,2500,2499,2499,2499,2499,2499,2499,2499,100,4.761904716491699,0,0,0,0,0,10,0,0,0,0,0,0,0,0,84248.20568847656,221180.16522216797,0,404327403520,8589930496,6268059648,114688
9,1791556855951,2500,2500,2499,2500,2500,2500,2500,2500,2500,2499,2499,2499,2499,2499,2499,2499,100,4.761904716491699,0,0,0,0,0,10,0,0,0,0,0,0,0,0,84248.37243652344,221180.54193115234,0,404327403520,8589930496,6268059648,114688
9,1791556855961,2500,2500,2499,2500,2500,2500,2500,2500,2500,2499,2499,2499,2499,2499,2499,2499,100,4.761904716491699,0,0,0,0,0,10,0,0,0,0,0,0,0,0,84248.52862548828,221180.91693115234,0,404327403520,8589930496,6268059648,114688
9,1791556855972,2500,2500,2499,2500,2500,2500,2500,2500,2500,2499,2499,2499,2499,2499,2499,2499,100,0,0,10,0,0,0,5.555555820465088,0,0,0,0,0,0,5,5,84248.69158935547,221181.29418945313,0,404327403520,8589930496,6268059648,114688
9,1791556855982,2500,2500,2499,2500,2500,2500,2500,2500,2500,2499,2499,2499,2499,2499,2499,2499,100,0,0,10,0,0,0,5.555555820465088,0,0,0,0,0,0,5,5,84248.85290527344,221181.67224121094,0,404327403520,8589930496,6268059648,114688
9,1791556855992,2500,2500,2499,2500,2500,2500,2500,2500,2500,2499,2499,2499,2499,2499,2499,2499,100,0,0,10,0,0,0,5.555555820465088,0,0,0,0,0,0,5,5,84249.01635742188,221182.04858398438,0,404327403520,8589930496,6268059648,114688
9,1791556856002,2500,2500,2499,2500,2500,2500,2500,2500,2500,2499,2499,2499,2499,2499,2499,2499,100,0,0,10,0,0,0,5.555555820465088,0,0,0,0,0,0,5,5,84249.17919921875,221182.42614746094,0,404327403520,8589930496,6268059648,114688
9,1791556856012,2500,2500,2499,2500,2500,2500,2500,2500,2500,2499,2499,2499,2499,2499,2499,2499,100,0,0,10,0,0,0,5.555555820465088,0,0,0,0,0,0,5,5,84249.3564453125,221182.84149169922,0,404327403520,8589930496,6268059648,114688
9,1791556856022,2500,2500,2499,2500,2500,2500,2500,2500,2500,2499,2499,2499,2499,2499,2499,2499,100,0,0,10,0,0,0,5.555555820465088,0,0,0,0,0,0,5,5,84249.51300048828,221183.22784423828,0,404327403520,8589930496,6268059648,114688
9,1791556856032,2500,2500,2499,2500,2500,2500,2500,2500,2500,2499,2499,2499,2499,2499,2499,2499,100,0,0,10,0,0,0,5.555555820465088,0,0,0,0,0,0,5,5,84249.6728515625,221183.6005859375,0,404327403520,8589930496,6268059648,114688
9,1791556856042,2500,2500,2499,2500,2500,2500,2500,2500,2500,2499,2499,2499,2499,2499,2499,2499,100,0,0,10,0,0,0,5.555555820465088,0,0,0,0,0,0,5,5,84249.83544921875,221183.97021484375,0,404327403520,8589930496,6268059648,114688
9,1791556856052,2500,2500,2499,2500,2500,2500,2500,2500,2500,2499,2499,2499,2499,2499,2499,2499,100,0,0,10,0,0,0,5.555555820465088,0,0,0,0,0,0,5,5,84249.99475097656,221184.35485839844,0,404327403520,8589930496,6268059648,114688
9,1791556856062,2500,2500,2499,2500,2500,2500,2500,2500,2500,2499,2499,2499,2499,2499,2499,2499,100,0,0,10,0,0,0,5.555555820465088,0,0,0,0,0,0,5,5,84250.15295410156,221184.73016357422,0,404327403520,8589930496,6268059648,114688
9,1791556856072,2500,2500,2499,2500,2500,2500,2500,2500,2500,2499,2499,2499,2499,2499,2499,2499,100,0,0,10,0,0,0,5.555555820465088,0,0,0,0,0,0,5,5,84250.3115234375,221185.10876464844,0,404327403520,8589930496,6268059648,114688
10,1791556856082,2500,2500,2499,2500,2500,2500,2500,2500,2500,2499,2499,2499,2499,2499,2499,2499,100,0,0,10,0,0,0,5.555555820465088,0,0,0,0,0,0,5,5,84250.47723388672,221185.48797607422,0,404327403520,8589930496,6268059648,114688
9,1791556856092,2500,2500,2499,2500,2500,2500,2500,2500,2500,2499,2499,2499,2499,2499,2499,2499,100,0,0,10,0,0,0,5.555555820465088,0,0,0,0,0,0,5,5,84250.64373779297,221185.8624267578,0,404327403520,8589930496,6268059648,114688
9,1791556856102,2500,2500,2499,2500,2500,2500,2500,2500,2500,2499,2499,2499,2499,2499,2499,2499,100,0,0,10,0,0,0,5.555555820465088,0,0,0,0,0,0,5,5,84250.79901123047,221186.23510742188,0,404327403520,8589930496,6267801600,114688
9,1791556856113,2500,2500,2499,2500,2500,2500,2500,2500,2500,2499,2499,2499,2499,2499,2499,2499,100,0,0,10,0,0,0,5.555555820465088,0,0,0,0,0,0,5,5,84250.95721435547,221186.61486816406,0,404327403520,8589930496,6251761664,114688
9,1791556856123,2500,2500,2499,2500,2500,2500,2500,2500,2500,2499,2499,2499,2499,2499,2499,2499,100,0,0,10,0,0,0,5.555555820465088,0,0,0,0,0,0,5,5,84251.1142578125,221186.98864746094,0,404327403520,8589930496,6251761664,114688
10,1791556856133,2500,2500,2499,2500,2500,2500,2500,2500,2500,2499,2499,2499,2499,2499,2499,2499,100,0,0,10,0,0,0,5.555555820465088,0,0,0,0,0,0,5,5,84251.27532958984,221187.36450195313,0,404327403520,8589930496,6251761664,114688
9,1791556856143,2500,2500,2499,2500,2500,2500,2500,2500,2500,2499,2499,2499,2499,2499,2499,2499,100,0,0,10,0,0,0,5.555555820465088,0,0,0,0,0,0,5,5,84251.43548583984,221187.74157714844,0,404327403520,8589930496,6251761664,114688
9,1791556856153,2500,2500,2499,2500,2500,2500,2500,2500,2500,2499,2499,2499,2499,2499,2499,2499,100,0,0,10,0,0,0,5.555555820465088,0,0,0,0,0,0,5,5,84251.59466552734,221188.1196899414,0,404327403520,8589930496,6251761664,114688
9,1791556856163,2500,2500,2499,2500,2500,2500,2500,2500,2500,2499,2499,2499,2499,2499,2499,2499,100,0,0,10,0,0,0,5.555555820465088,0,0,0,0,0,0,5,5,84251.755859375,221188.49322509766,0,404327403520,8589930496,6251761664,114688
10,1791556856173,2500,2500,2499,2500,2500,2500,2500,2500,2500,2499,2499,2499,2499,2499,2499,2499,100,0,0,0,0,0,0,5.263157844543457,0,0,0,0,0,0,0,0,84251.91790771484,221188.87286376953,0,404327403520,8589930496,6251814912,114688
9,1791556856183,2500,2500,2499,2500,2500,2500,2500,2500,2500,2499,2499,2499,2499,2499,2499,2499,100,0,0,0,0,0,0,5.263157844543457,0,0,0,0,0,0,0,0,84252.0980834961,221189.2880859375,0,404327403520,8589930496,6251814912,114688
9,1791556856193,2500,2500,2499,2500,2500,2500,2500,2500,2500,2499,2499,2499,2499,2499,2499,2499,100,0,0,0,0,0,0,5.263157844543457,0,0,0,0,0,0,0,0,84252.26379394531,221189.66369628906,0,404327403520,8589930496,6251814912,114688
9,1791556856203,2500,2500,2499,2500,2500,2500,2500,2500,2500,2499,2499,2499,2499,2499,2499,2499,100,0,0,0,0,0,0,5.263157844543457,0,0,0,0,0,0,0,0,84252.42565917969,221190.04119873047,0,404327403520,8589930496,6251814912,114688
10,1791556856213,2500,2500,2499,2500,2500,2500,2500,2500,2500,2499,2499,2499,2499,2499,2499,2499,100,0,0,0,0,0,0,5.263157844543457,0,0,0,0,0,0,0,0,84252.58807373047,221190.41430664063,0,404327403520,8589930496,6251814912,114688
10,1791556856223,2500,2500,2499,2500,2500,2500,2500,2500,2500,2499,2499,2499,2499,2499,2499,2499,100,0,0,0,0,0,0,5.263157844543457,0,0,0,0,0,0,0,0,84252.74151611328,221190.79052734375,0,404327403520,8589930496,6251814912,114688
9,1791556856233,2500,2500,2499,2500,2500,2500,2500,2500,2500,2499,2499,2499,2499,2499,2499,2499,100,0,0,0,0,0,0,5.263157844543457,0,0,0,0,0,0,0,0,84252.9086303711,221191.16925048828,0,404327403520,8589930496,6251814912,114688
9,1791556856243,2500,2500,2499,2500,2500,2500,2500,2500,2500,2499,2499,2499,2499,2499,2499,2499,100,0,0,0,0,0,0,5.263157844543457,0,0,0,0,0,0,0,0,84253.07348632813,221191.54522705078,0,404327403520,8589930496,6251814912,114688
10,1791556856253,2500,2500,2499,2500,2500,2500,2500,2500,2500,2499,2499,2499,2499,2499,2499,2499,100,0,0,0,0,0,0,5.263157844543457,0,0,0,0,0,0,0,0,84253.22985839844,221191.92254638672,0,404327403520,8589930496,6251814912,114688
9,1791556856264,2500,2500,2499,2500,2500,2500,2500,2500,2500,2499,2499,2499,2499,2499,2499,2499,100,0,0,0,0,0,0,5.263157844543457,0,0,0,0,0,0,0,0,84253.39068603516,221192.30078125,0,404327403520,8589930496,6251814912,114688
10,1791556856274,2500,2500,2499,2500,2500,2500,2500,2500,2500,2499,2499,2499,2499,2499,2499,2499,100,0,0,0,0,0,0,5.263157844543457,0,0,0,0,0,0,0,0,84253.55401611328,221192.67291259766,0,404327403520,8589930496,6251814912,114688
9,1791556856284,2500,2500,2499,2500,2500,2500,2500,2500,2500,2499,2499,2499,2499,2499,2499,2499,100,0,0,0,0,0,0,5.263157844543457,0,0,0,0,0,0,0,0,84253.72155761719,221193.05114746094,0,404327403520,8589930496,6251814912,114688
9,1791556856294,2500,2500,2499,2500,2500,2500,2500,2500,2500,2499,2499,2499,2499,2499,2499,2499,100,0,0,0,0,0,0,5.263157844543457,0,0,0,0,0,0,0,0,84253.88800048828,221193.42803955078,0,404327403520,8589930496,6251814912,114688
9,1791556856304,2500,2500,2499,2500,2500,2500,2500,2500,2500,2499,2499,2499,2499,2499,2499,2499,100,0,0,0,0,0,0,5.263157844543457,0,0,0,0,0,0,0,0,84254.04583740234,221193.80535888672,0,404327403520,8589930496,6251814912,114688
9,1791556856314,2500,2500,2499,2500,2500,2500,2500,2500,2500,2499,2499,2499,2499,2499,2499,2499,100,0,0,0,0,0,0,5.263157844543457,0,0,0,0,0,0,0,0,84254.20483398438,221194.18365478516,0,404327403520,8589930496,6251814912,114688
9,1791556856324,2500,2500,2499,2500,2500,2500,2500,2500,2500,2499,2499,2499,2499,2499,2499,2499,100,0,0,0,0,0,0,5.263157844543457,0,0,0,0,0,0,0,0,84254.38647460938,221194.59716796875,0,404327403520,8589930496,6251814912,114688
10,1791556856334,2500,2500,2499,2500,2500,2500,2500,2500,2500,2499,2499,2499,2499,2499,2499,2499,100,0,0,0,0,0,0,5.263157844543457,0,0,0,0,0,0,0,0,84254.5263671875,221194.9326171875,0,404327403520,8589930496,6251814912,114688
9,1791556856344,2500,2500,2499,2500,2500,2500,2500,2500,2500,2499,2499,2499,2499,2499,2499,2499,100,0,0,0,0,0,0,5.263157844543457,0,0,0,0,0,0,0,0,84254.70349121094,221195.34661865234,0,404327403520,8589930496,6251814912,114688
9,1791556856354,2500,2500,2499,2500,2500,2500,2500,2500,2500,2499,2499,2499,2499,2499,2499,2499,100,0,0,0,0,0,0,5.263157844543457,0,0,0,0,0,0,0,0,84254.86669921875,221195.72357177734,0,404327403520,8589930496,6251814912,114688
9,1791556856364,2500,2500,2499,2500,2500,2500,2500,2500,2500,2499,2499,2499,2499,2499,2499,2499,100,0,0,0,0,0,0,5.263157844543457,0,0,0,0,0,0,0,0,84255.02410888672,221196.10137939453,0,404327403520,8589930496,6251814912,114688
9,1791556856374,2500,2500,2499,2500,2500,2500,2500,2500,2500,2499,2499,2499,2499,2499,2499,2499,100,0,0,0,0,0,5,5.263157844543457,0,0,0,0,0,0,0,0,84255.18292236328,221196.4776611328,0,404327403520,8589930496,6251814912,114688
9,1791556856384,2500,2500,2499,2500,2500,2500,2500,2500,2500,2499,2499,2499,2499,2499,2499,2499,100,0,0,0,0,0,5,5.263157844543457,0,0,0,0,0,0,0,0,84255.3422241211,221196.8565673828,0,404327403520,8589930496,6251814912,114688
10,1791556856394,2500,2500,2499,2500,2500,2500,2500,2500,2500,2499,2499,2499,2499,2499,2499,2499,100,0,0,0,0,0,5,5.263157844543457,0,0,0,0,0,0,0,0,84255.50225830078,221197.234375,0,404327403520,8589930496,6251814912,114688
9,1791556856404,2500,2500,2499,2500,2500,2500,2500,2500,2500,2499,2499,2499,2499,2499,2499,2499,100,0,0,0,0,0,5,5.263157844543457,0,0,0,0,0,0,0,0,84255.6650390625,221197.60778808594,0,404327403520,8589930496,6251814912,114688
9,1791556856415,2500,2500,2499,2500,2500,2500,2500,2500,2500,2499,2499,2499,2499,2499,2499,2499,100,0,0,0,0,0,5,5.263157844543457,0,0,0,0,0,0,0,0,84255.82482910156,221197.98461914063,0,404327403520,8589930496,6251814912,114688
9,1791556856425,2500,2500,2499,2500,2500,2500,2500,2500,2500,2499,2499,2499,2499,2499,2499,2499,100,0,0,0,0,0,5,5.263157844543457,0,0,0,0,0,0,0,0,84255.98522949219,221198.36169433594,0,404327403520,8589930496,6251814912,114688
9,1791556856435,2500,2500,2499,2500,2500,2500,2500,2500,2500,2499,2499,2499,2499,2499,2499,2499,100,0,0,0,0,0,5,5.263157844543457,0,0,0,0,0,0,0,0,84256.14782714844,221198.73583984375,0,404327403520,8589930496,6251814912,114688
9,1791556856445,2500,2500,2499,2500,2500,2500,2500,2500,2500,2499,2499,2499,2499,2499,2499,2499,100,0,0,0,0,0,5,5.263157844543457,0,0,0,0,0,0,0,0,84256.30700683594,221199.11395263672,0,404327403520,8589930496,6251814912,114688
10,1791556856455,2500,2500,2499,2500,2500,2500,2500,2500,2500,2499,2499,2499,2499,2499,2499,2499,100,0,0,0,0,0,5,5.263157844543457,0,0,0,0,0,0,0,0,84256.4672241211,221199.4912109375,0,404327403520,8589930496,6251814912,114688
9,1791556856465,2500,2500,2499,2500,2500,2500,2500,2500,2500,2499,2499,2499,2499,2499,2499,2499,100,0,0,0,0,0,5,5.263157844543457,0,0,0,0,0,0,0,0,84256.63146972656,221199.8628540039,0,404327403520,8589930496,6251814912,114688
9,1791556856475,2500,2500,2499,2500,2500,2500,2500,2500,2500,2499,2499,2499,2499,2499,2499,2499,100,0,0,0,0,0,5,5.263157844543457,0,0,0,0,0,0,0,0,84256.79266357422,221200.2388305664,0,404327403520,8589930496,6251814912,114688
9,1791556856485,2500,2500,2499,2500,2500,2500,2500,2500,2500,2499,2499,2499,2499,2499,2499,2499,100,0,0,0,0,0,5,5.263157844543457,0,0,0,0,0,0,0,0,84256.95361328125,221200.61462402344,0,404327403520,8589930496,6251814912,114688
9,1791556856495,2500,2500,2499,2500,2500,2500,2500,2500,2500,2499,2499,2499,2499,2499,2499,2499,100,0,0,0,0,0,5,5.263157844543457,0,0,0,0,0,0,0,0,84257.12896728516,221201.02911376953,0,404327403520,8589930496,6251814912,114688
9,1791556856505,2500,2500,2499,2500,2500,2500,2500,2500,2500,2499,2499,2499,2499,2499,2499,2499,100,0,0,0,0,0,5,5.263157844543457,0,0,0,0,0,0,0,0,84257.28845214844,221201.4052734375,0,404327403520,8589930496,6251814912,114688
9,1791556856515,2500,2500,2499,2500,2500,2500,2500,2500,2500,2499,2499,2499,2499,2499,2499,2499,100,0,0,0,0,0,5,5.263157844543457,0,0,0,0,0,0,0,0,84257.44830322266,221201.78106689453,0,404327403520,8589930496,6251814912,114688
9,1791556856525,2500,2500,2499,2500,2500,2500,2500,2500,2500,2499,2499,2499,2499,2499,2499,2499,100,0,0,0,0,0,5,5.263157844543457,0,0,0,0,0,0,0,0,84257.61169433594,221202.15795898438,0,404327403520,8589930496,6251814912,114688
9,1791556856535,2500,2500,2499,2500,2500,2500,2500,2500,2500,2499,2499,2499,2499,2499,2499,2499,100,0,0,0,0,0,5,5.263157844543457,0,0,0,0,0,0,0,0,84257.7700805664,221202.53594970703,0,404327403520,8589930496,6251814912,114688
9,1791556856546,2500,2500,2499,2500,2500,2500,2500,2500,2500,2499,2499,2499,2499,2499,2499,2499,100,0,0,0,0,0,5,5.263157844543457,0,0,0,0,0,0,0,0,84257.93200683594,221202.91290283203,0,404327403520,8589930496,6251814912,114688
9,1791556856556,2500,2500,2499,2500,2500,2500,2500,2500,2500,2499,2499,2499,2499,2499,2499,2499,100,0,0,0,0,0,5,5.263157844543457,0,0,0,0,0,0,0,0,84258.0942993164,221203.2886352539,0,404327403520,8589930496,6251814912,114688
9,1791556856566,2500,2500,2499,2500,2500,2500,2500,2500,2500,2499,2499,2499,2499,2499,2499,2499,100,0,0,0,0,0,5,5.263157844543457,0,0,0,0,0,0,0,0,84258.25671386719,221203.66375732422,0,404327403520,8589930496,6251814912,114688
9,1791556856576,2500,2500,2499,2500,2500,2500,2500,2500,2500,2499,2499,2499,2499,2499,2499,2499,100,0,5.263157844543457,5,0,0,0,10,0,0,0,0,0,0,0,0,84258.42169189453,221204.04162597656,0,404327403520,8589930496,6251814912,114688
10,1791556856586,2500,2500,2499,2500,2500,2500,2500,2500,2500,2499,2499,2499,2499,2499,2499,2499,100,0,5.263157844543457,5,0,0,0,10,0,0,0,0,0,0,0,0,84258.5864868164,221204.4155883789,0,404327403520,8589930496,6251814912,114688
9,1791556856596,2500,2500,2499,2500,2500,2500,2500,2500,2500,2499,2499,2499,2499,2499,2499,2499,100,0,5.263157844543457,5,0,0,0,10,0,0,0,0,0,0,0,0,84258.74908447266,221204.79132080078,0,404327403520,8589930496,6251814912,114688
9,1791556856606,2500,2500,2499,2500,2500,2500,2500,2500,2500,2499,2499,2499,2499,2499,2499,2499,100,0,5.263157844543457,5,0,0,0,10,0,0,0,0,0,0,0,0,84258.90728759766,221205.1680908203,0,404327403520,8589930496,6251814912,114688
9,1791556856616,2500,2500,2499,2500,2500,2500,2500,2500,2500,2499,2499,2499,2499,2499,2499,2499,100,0,5.263157844543457,5,0,0,0,10,0,0,0,0,0,0,0,0,84259.06512451172,221205.54718017578,0,404327403520,8589930496,6251814912,114688
9,1791556856626,2500,2500,2499,2500,2500,2500,2500,2500,2500,2499,2499,2499,2499,2499,2499,2499,100,0,5.263157844543457,5,0,0,0,10,0,0,0,0,0,0,0,0,84259.21783447266,221205.92346191406,0,404327403520,8589930496,6251814912,114688
10,1791556856636,2500,2500,2499,2500,2500,2500,2500,2500,2500,2499,2499,2499,2499,2499,2499,2499,100,0,5.263157844543457,5,0,0,0,10,0,0,0,0,0,0,0,0,84259.36834716797,221206.3003540039,0,404327403520,8589930496,6251814912,114688
9,1791556856646,2500,2500,2499,2500,2500,2500,2500,2500,2500,2499,2499,2499,2499,2499,2499,2499,100,0,5.263157844543457,5,0,0,0,10,0,0,0,0,0,0,0,0,84259.54302978516,221206.7147216797,0,404327403520,8589930496,6251814912,114688
9,1791556856656,2500,2500,2499,2500,2500,2500,2500,2500,2500,2499,2499,2499,2499,2499,2499,2499,100,0,5.263157844543457,5,0,0,0,10,0,0,0,0,0,0,0,0,84259.70251464844,221207.0913696289,0,404327403520,8589930496,6251814912,114688
9,1791556856666,2500,2500,2499,2500,2500,2500,2500,2500,2500,2499,2499,2499,2499,2499,2499,2499,100,0,5.263157844543457,5,0,0,0,10,0,0,0,0,0,0,0,0,84259.84997558594,221207.42864990234,0,404327403520,8589930496,6251814912,114688
10,1791556856676,2500,2500,2499,2500,2500,2500,2500,2500,2500,2499,2499,2499,2499,2499,2499,2499,100,0,5.263157844543457,5,0,0,0,10,0,0,0,0,0,0,0,0,84260.02410888672,221207.8070678711,0,404327403520,8589930496,6251814912,114688
9,1791556856687,2500,2500,2499,2500,2500,2500,2500,2500,2500,2499,2499,2499,2499,2499,2499,2499,100,0,5.263157844543457,5,0,0,0,10,0,0,0,0,0,0,0,0,84260.18927001953,221208.2216796875,0,404327403520,8589930496,6251814912,114688
9,1791556856697,2500,2500,2499,2500,2500,2500,2500,2500,2500,2499,2499,2499,2499,2499,2499,2499,100,0,5.263157844543457,5,0,0,0,10,0,0,0,0,0,0,0,0,84260.3519897461,221208.59954833984,0,404327403520,8589930496,6251814912,114688
10,1791556856707,2500,2500,2499,2500,2500,2500,2500,2500,2500,2499,2499,2499,2499,2499,2499,2499,100,0,5.263157844543457,5,0,0,0,10,0,0,0,0,0,0,0,0,84260.5112915039,221208.97631835938,0,404327403520,8589930496,6251814912,114688
9,1791556856717,2500,2500,2499,2500,2500,2500,2500,2500,2500,2499,2499,2499,2499,2499,2499,2499,100,0,5.263157844543457,5,0,0,0,10,0,0,0,0,0,0,0,0,84260.67010498047,221209.34826660156,0,404327403520,8589930496,6251814912,114688
9,1791556856727,2500,2500,2499,2500,2500,2500,2500,2500,2500,2499,2499,2499,2499,2499,2499,2499,100,0,5.263157844543457,5,0,0,0,10,0,0,0,0,0,0,0,0,84260.82604980469,221209.72540283203,0,404327403520,8589930496,6251814912,114688
9,1791556856737,2500,2500,2499,2500,2500,2500,2500,2500,2500,2499,2499,2499,2499,2499,2499,2499,100,0,5.263157844543457,5,0,0,0,10,0,0,0,0,0,0,0,0,84260.9887084961,221210.1026611328,0,404327403520,8589930496,6251814912,114688
9,1791556856747,2500,2500,2499,2500,2500,2500,2500,2500,2500,2499,2499,2499,2499,2499,2499,2499,100,0,5.263157844543457,5,0,0,0,10,0,0,0,0,0,0,0,0,84261.14654541016,221210.4793701172,0,404327403520,8589930496,6251814912,114688
9,1791556856757,2500,2500,2499,2500,2500,2500,2500,2500,2500,2499,2499,2499,2499,2499,2499,2499,100,0,5.263157844543457,5,0,0,0,10,0,0,0,0,0,0,0,0,84261.3056640625,221210.8540649414,0,404327403520,8589930496,6251814912,114688
10,1791556856767,2500,2500,2499,2500,2500,2500,2500,2500,2500,2499,2499,2499,2499,2499,2499,2499,100,0,5.263157844543457,5,0,0,0,10,0,0,0,0,0,0,0,0,84261.46899414063,221211.23419189453,0,404327403520,8589930496,6251814912,114688
9,1791556856777,2500,2500,2499,2500,2500,2500,2500,2500,2500,2499,2499,2499,2499,2499,2499,2499,100,0,0,0,5,5,0,5.555555820465088,0,0,4.761904716491699,0,0,0,0,0,84261.64001464844,221211.6456298828,0,404327403520,8589930496,6251814912,114688
9,1791556856787,2500,2500,2499,2500,2500,2500,2500,2500,2500,2499,2499,2499,2499,2499,2499,2499,100,0,0,0,5,5,0,5.555555820465088,0,0,4.761904716491699,0,0,0,0,0,84261.7861328125,221211.98388671875,0,404327403520,8589930496,6251814912,114688
9,1791556856797,2500,2500,2499,2500,2500,2500,2500,2500,2500,2499,2499,2499,2499,2499,2499,2499,100,0,0,0,5,5,0,5.555555820465088,0,0,4.761904716491699,0,0,0,0,0,84261.94653320313,221212.3617553711,0,404327403520,8589930496,6251814912,114688
9,1791556856807,2500,2500,2499,2500,2500,2500,2500,2500,2500,2499,2499,2499,2499,2499,2499,2499,100,0,0,0,5,5,0,5.555555820465088,0,0,4.761904716491699,0,0,0,0,0,84262.12487792969,221212.77606201172,0,404327403520,8589930496,6251814912,114688
9,1791556856817,2500,2500,2499,2500,2500,2500,2500,2500,2500,2499,2499,2499,2499,2499,2499,2499,100,0,0,0,5,5,0,5.555555820465088,0,0,4.761904716491699,0,0,0,0,0,84262.28381347656,221213.15063476563,0,404327403520,8589930496,6251814912,114688
10,1791556856827,2500,2500,2499,2500,2500,2500,2500,2500,2500,2499,2499,2499,2499,2499,2499,2499,100,0,0,0,5,5,0,5.555555820465088,0,0,4.761904716491699,0,0,0,0,0,84262.4253540039,221213.48809814453,0,404327403520,8589930496,6251814912,114688
9,1791556856838,2500,2500,2499,2500,2500,2500,2500,2500,2500,2499,2499,2499,2499,2499,2499,2499,100,0,0,0,5,5,0,5.555555820465088,0,0,4.761904716491699,0,0,0,0,0,84262.59967041016,221213.90069580078,0,404327403520,8589930496,6251814912,114688
9,1791556856848,2500,2500,2499,2500,2500,2500,2500,2500,2500,2499,2499,2499,2499,2499,2499,2499,100,0,0,0,5,5,0,5.555555820465088,0,0,4.761904716491699,0,0,0,0,0,84262.755859375,221214.2791748047,0,404327403520,8589930496,6251814912,114688
9,1791556856858,2500,2500,2499,2500,2500,2500,2500,2500,2500,2499,2499,2499,2499,2499,2499,2499,100,0,0,0,5,5,0,5.555555820465088,0,0,4.761904716491699,0,0,0,0,0,84262.91583251953,221214.65454101563,0,404327403520,8589930496,6251814912,114688
9,1791556856868,2500,2500,2499,2500,2500,2500,2500,2500,2500,2499,2499,2499,2499,2499,2499,2499,100,0,0,0,5,5,0,5.555555820465088,0,0,4.761904716491699,0,0,0,0,0,84263.07958984375,221215.0303955078,0,404327403520,8589930496,6251814912,114688
9,1791556856878,2500,2500,2499,2500,2500,2500,2500,2500,2500,2499,2499,2499,2499,2499,2499,2499,100,0,0,0,5,5,0,5.555555820465088,0,0,4.761904716491699,0,0,0,0,0,84263.24108886719,221215.40545654297,0,404327403520,8589930496,6251814912,114688
9,1791556856888,2500,2500,2499,2500,2500,2500,2500,2500,2500,2499,2499,2499,2499,2499,2499,2499,100,0,0,0,5,5,0,5.555555820465088,0,0,4.761904716491699,0,0,0,0,0,84263.40338134766,221215.7830810547,0,404327403520,8589930496,6251814912,114688
10,1791556856898,2500,2500,2499,2500,2500,2500,2500,2500,2500,2499,2499,2499,2499,2499,2499,2499,100,0,0,0,5,5,0,5.555555820465088,0,0,4.761904716491699,0,0,0,0,0,84263.56927490234,221216.15911865234,0,404327403520,8589930496,6251814912,114688
9,1791556856908,2500,2500,2499,2500,2500,2500,2500,2500,2500,2499,2499,2499,2499,2499,2499,2499,100,0,0,0,5,5,0,5.555555820465088,0,0,4.761904716491699,0,0,0,0,0,84263.73260498047,221216.53533935547,0,404327403520,8589930496,6251814912,114688
9,1791556856918,2500,2500,2499,2500,2500,2500,2500,2500,2500,2499,2499,2499,2499,2499,2499,2499,100,0,0,0,5,5,0,5.555555820465088,0,0,4.761904716491699,0,0,0,0,0,84263.89190673828,221216.91259765625,0,404327403520,8589930496,6251814912,114688
9,1791556856928,2500,2500,2499,2500,2500,2500,2500,2500,2500,2499,2499,2499,2499,2499,2499,2499,100,0,0,0,5,5,0,5.555555820465088,0,0,4.761904716491699,0,0,0,0,0,84264.05322265625,221217.28942871094,0,404327403520,8589930496,6251814912,114688
10,1791556856938,2500,2500,2499,2500,2500,2500,2500,2500,2500,2499,2499,2499,2499,2499,2499,2499,100,0,0,0,5,5,0,5.555555820465088,0,0,4.761904716491699,0,0,0,0,0,84264.22003173828,221217.66662597656,0,404327403520,8589930496,6251814912,114688
9,1791556856948,2500,2500,2499,2500,2500,2500,2500,2500,2500,2499,2499,2499,2499,2499,2499,2499,100,0,0,0,5,5,0,5.555555820465088,0,0,4.761904716491699,0,0,0,0,0,84264.37896728516,221218.04150390625,0,404327403520,8589930496,6251814912,114688
10,1791556856958,2500,2500,2499,2500,2500,2500,2500,2500,2500,2499,2499,2499,2499,2499,2499,2499,100,0,0,0,5,5,0,5.555555820465088,0,0,4.761904716491699,0,0,0,0,0,84264.5357055664,221218.41857910156,0,404327403520,8589930496,6251814912,114688
9,1791556856969,2500,2500,2499,2500,2500,2500,2500,2500,2500,2499,2499,2499,2499,2499,2499,2499,100,0,0,0,5,5,0,5.555555820465088,0,0,4.761904716491699,0,0,0,0,0,84264.69537353516,221218.7933959961,0,404327403520,8589930496,6251814912,114688
10,1791556856979,2500,2500,2499,2500,2500,2500,2500,2500,2500,2499,2499,2499,2499,2499,2499,2499,100,5,0,0,5,0,0,5.263157844543457,0,5,0,0,0,0,0,0,84264.85266113281,221219.1704711914,0,404327403520,8589930496,6251814912,114688
9,1791556856989,2500,2500,2499,2500,2500,2500,2500,2500,2500,2499,2499,2499,2499,2499,2499,2499,100,5,0,0,5,0,0,5.263157844543457,0,5,0,0,0,0,0,0,84265.03430175781,221219.58465576172,0,404327403520,8589930496,6251814912,114688
10,1791556856999,2500,2500,2499,2500,2500,2500,2500,2500,2500,2499,2499,2499,2499,2499,2499,2499,100,5,0,0,5,0,0,5.263157844543457,0,5,0,0,0,0,0,0,84265.19506835938,221219.96130371094,0,404327403520,8589930496,6251814912,114688
9,1791556857009,2500,2500,2499,2500,2500,2500,2500,2500,2500,2499,2499,2499,2499,2499,2499,2499,100,5,0,0,5,0,0,5.263157844543457,0,5,0,0,0,0,0,0,84265.35565185547,221220.3383178711,0,404327403520,8589930496,6251814912,114688
10,1791556857019,2500,2500,2499,2500,2500,2500,2500,2500,2500,2499,2499,2499,2499,2499,2499,2499,100,5,0,0,5,0,0,5.263157844543457,0,5,0,0,0,0,0,0,84265.51391601563,221220.71264648438,0,404327403520,8589930496,6251814912,114688
9,1791556857029,2500,2500,2499,2500,2500,2500,2500,2500,2500,2499,2499,2499,2499,2499,2499,2499,100,5,0,0,5,0,0,5.263157844543457,0,5,0,0,0,0,0,0,84265.67211914063,221221.08807373047,0,404327403520,8589930496,6251814912,114688
9,1791556857039,2500,2500,2499,2500,2500,2500,2500,2500,2500,2499,2499,2499,2499,2499,2499,2499,100,5,0,0,5,0,0,5.263157844543457,0,5,0,0,0,0,0,0,84265.8334350586,221221.4633178711,0,404327403520,8589930496,6251814912,114688
9,1791556857049,2500,2500,2499,2500,2500,2500,2500,2500,2500,2499,2499,2499,2499,2499,2499,2499,100,5,0,0,5,0,0,5.263157844543457,0,5,0,0,0,0,0,0,84265.98937988281,221221.8380126953,0,404327403520,8589930496,6251814912,114688
9,1791556857059,2500,2500,2499,2500,2500,2500,2500,2500,2500,2499,2499,2499,2499,2499,2499,2499,100,5,0,0,5,0,0,5.263157844543457,0,5,0,0,0,0,0,0,84266.15069580078,221222.21502685547,0,404327403520,8589930496,6251814912,114688
9,1791556857069,2500,2500,2499,2500,2500,2500,2500,2500,2500,2499,2499,2499,2499,2499,2499,2499,100,5,0,0,5,0,0,5.263157844543457,0,5,0,0,0,0,0,0,84266.31274414063,221222.5902709961,0,404327403520,8589930496,6251814912,114688
9,1791556857079,2500,2500,2499,2500,2500,2500,2500,2500,2500,2499,2499,2499,2499,2499,2499,2499,100,5,0,0,5,0,0,5.263157844543457,0,5,0,0,0,0,0,0,84266.46771240234,221222.9764404297,0,404327403520,8589930496,6251814912,114688
10,1791556857089,2500,2500,2499,2500,2500,2500,2500,2500,2500,2499,2499,2499,2499,2499,2499,2499,100,5,0,0,5,0,0,5.263157844543457,0,5,0,0,0,0,0,0,84266.63330078125,221223.34118652344,0,404327403520,8589930496,6251814912,114688
9,1791556857099,2500,2500,2499,2500,2500,2500,2500,2500,2500,2499,2499,2499,2499,2499,2499,2499,100,5,0,0,5,0,0,5.263157844543457,0,5,0,0,0,0,0,0,84266.79333496094,221223.724609375,0,404327403520,8589930496,6251814912,114688
9,1791556857110,2500,2500,2499,2500,2500,2500,2500,2500,2500,2499,2499,2499,2499,2499,2499,2499,100,5,0,0,5,0,0,5.263157844543457,0,5,0,0,0,0,0,0,84266.95153808594,221224.095703125,0,404327403520,8589930496,6251814912,114688
9,1791556857120,2500,2500,2499,2500,2500,2500,2500,2500,2500,2499,2499,2499,2499,2499,2499,2499,100,5,0,0,5,0,0,5.263157844543457,0,5,0,0,0,0,0,0,84267.1146850586,221224.48010253906,0,404327403520,8589930496,6251814912,114688
10,1791556857130,2500,2500,2499,2500,2500,2500,2500,2500,2500,2499,2499,2499,2499,2499,2499,2499,100,5,0,0,5,0,0,5.263157844543457,0,5,0,0,0,0,0,0,84267.2758178711,221224.85467529297,0,404327403520,8589930496,6228738048,114688
10,1791556857140,2500,2500,2499,2500,2500,2500,2500,2500,2500,2499,2499,2499,2499,2499,2499,2499,100,5,0,0,5,0,0,5.263157844543457,0,5,0,0,0,0,0,0,84267.43640136719,221225.23095703125,0,404327403520,8589930496,6228738048,114688
9,1791556857150,2500,2500,2499,2500,2500,2500,2500,2500,2500,2499,2499,2499,2499,2499,2499,2499,100,5,0,0,5,0,0,5.263157844543457,0,5,0,0,0,0,0,0,84267.61254882813,221225.6411743164,0,404327403520,8589930496,6228738048,114688
9,1791556857160,2500,2500,2499,2500,2500,2500,2500,2500,2500,2499,2499,2499,2499,2499,2499,2499,100,5,0,0,5,0,0,5.263157844543457,0,5,0,0,0,0,0,0,84267.77313232422,221226.02014160156,0,404327403520,8589930496,6228738048,114688
9,1791556857170,2500,2500,2499,2500,2500,2500,2500,2500,2500,2499,2499,2499,2499,2499,2499,2499,100,5,0,0,5,0,0,5.263157844543457,0,5,0,0,0,0,0,0,84267.91687011719,221226.36126708984,0,404327403520,8589930496,6228738048,114688
9,1791556857180,2500,2500,2499,2500,2500,2500,2500,2500,2500,2499,2499,2499,2499,2499,2499,2499,100,0,0,5.263157844543457,0,0,0,10,0,0,0,0,0,0,5,0,84268.0990600586,221226.77728271484,0,404327403520,8589930496,6228738048,114688
9,1791556857190,2500,2500,2499,2500,2500,2500,2500,2500,2500,2499,2499,2499,2499,2499,2499,2499,100,0,0,5.263157844543457,0,0,0,10,0,0,0,0,0,0,5,0,84268.25762939453,221227.15270996094,0,404327403520,8589930496,6228738048,114688
9,1791556857200,2500,2500,2499,2500,2500,2500,2500,2500,2500,2499,2499,2499,2499,2499,2499,2499,100,0,0,5.263157844543457,0,0,0,10,0,0,0,0,0,0,5,0,84268.4203491211,221227.52655029297,0,404327403520,8589930496,6228738048,114688
10,1791556857210,2500,2500,2499,2500,2500,2500,2500,2500,2500,2499,2499,2499,2499,2499,2499,2499,100,0,0,5.263157844543457,0,0,0,10,0,0,0,0,0,0,5,0,84268.5796508789,221227.89965820313,0,404327403520,8589930496,6228738048,114688
9,1791556857220,2500,2500,2499,2500,2500,2500,2500,2500,2500,2499,2499,2499,2499,2499,2499,2499,100,0,0,5.263157844543457,0,0,0,10,0,0,0,0,0,0,5,0,84268.740234375,221228.27557373047,0,404327403520,8589930496,6228738048,114688
9,1791556857230,2500,2500,2499,2500,2500,2500,2500,2500,2500,2499,2499,2499,2499,2499,2499,2499,100,0,0,5.263157844543457,0,0,0,10,0,0,0,0,0,0,5,0,84268.89837646484,221228.6548461914,0,404327403520,8589930496,6228738048,114688
9,1791556857240,2500,2500,2499,2500,2500,2500,2500,2500,2500,2499,2499,2499,2499,2499,2499,2499,100,0,0,5.263157844543457,0,0,0,10,0,0,0,0,0,0,5,0,84269.05932617188,221229.0291748047,0,404327403520,8589930496,6228738048,114688
9,1791556857251,2500,2500,2499,2500,2500,2500,2500,2500,2500,2499,2499,2499,2499,2499,2499,2499,100,0,0,5.263157844543457,0,0,0,10,0,0,0,0,0,0,5,0,84269.21990966797,221229.40362548828,0,404327403520,8589930496,6228738048,114688
9,1791556857261,2500,2500,2499,2500,2500,2500,2500,2500,2500,2499,2499,2499,2499,2499,2499,2499,100,0,0,5.263157844543457,0,0,0,10,0,0,0,0,0,0,5,0,84269.37939453125,221229.77935791016,0,404327403520,8589930496,6228738048,114688
10,1791556857271,2500,2500,2499,2500,2500,2500,2500,2500,2500,2499,2499,2499,2499,2499,2499,2499,100,0,0,5.263157844543457,0,0,0,10,0,0,0,0,0,0,5,0,84269.54382324219,221230.15948486328,0,404327403520,8589930496,6228738048,114688
9,1791556857281,2500,2500,2499,2500,2500,2500,2500,2500,2500,2499,2499,2499,2499,2499,2499,2499,100,0,0,5.263157844543457,0,0,0,10,0,0,0,0,0,0,5,0,84269.70458984375,221230.52990722656,0,404327403520,8589930496,6228738048,114688
9,1791556857291,2500,2500,2499,2500,2500,2500,2500,2500,2500,2499,2499,2499,2499,2499,2499,2499,100,0,0,5.263157844543457,0,0,0,10,0,0,0,0,0,0,5,0,84269.86499023438,221230.9091796875,0,404327403520,8589930496,6228738048,114688
9,1791556857301,2500,2500,2499,2500,2500,2500,2500,2500,2500,2499,2499,2499,2499,2499,2499,2499,100,0,0,5.263157844543457,0,0,0,10,0,0,0,0,0,0,5,0,84270.0405883789,221231.322265625,0,404327403520,8589930496,6228738048,114688
9,1791556857311,2500,2500,2499,2500,2500,2500,2500,2500,2500,2499,2499,2499,2499,2499,2499,2499,100,0,0,5.263157844543457,0,0,0,10,0,0,0,0,0,0,5,0,84270.20306396484,221231.69915771484,0,404327403520,8589930496,6228738048,114688
9,1791556857321,2500,2500,2499,2500,2500,2500,2500,2500,2500,2499,2499,2499,2499,2499,2499,2499,100,0,0,5.263157844543457,0,0,0,10,0,0,0,0,0,0,5,0,84270.34484863281,221232.03887939453,0,404327403520,8589930496,6228738048,114688
10,1791556857331,2500,2500,2499,2500,2500,2500,2500,2500,2500,2499,2499,2499,2499,2499,2499,2499,100,0,0,5.263157844543457,0,0,0,10,0,0,0,0,0,0,5,0,84270.50762939453,221232.41430664063,0,404327403520,8589930496,6228738048,114688
9,1791556857341,2500,2500,2499,2500,2500,2500,2500,2500,2500,2499,2499,2499,2499,2499,2499,2499,100,0,0,5.263157844543457,0,0,0,10,0,0,0,0,0,0,5,0,84270.68634033203,221232.82830810547,0,404327403520,8589930496,6228738048,114688
10,1791556857351,2500,2500,2499,2500,2500,2500,2500,2500,2500,2499,2499,2499,2499,2499,2499,2499,100,0,0,5.263157844543457,0,0,0,10,0,0,0,0,0,0,5,0,84270.84802246094,221233.20751953125,0,404327403520,8589930496,6228738048,114688
9,1791556857361,2500,2500,2499,2500,2500,2500,2500,2500,2500,2499,2499,2499,2499,2499,2499,2499,100,0,0,5.263157844543457,0,0,0,10,0,0,0,0,0,0,5,0,84271.01055908203,221233.58642578125,0,404327403520,8589930496,6228738048,114688
10,1791556857371,2500,2500,2499,2500,2500,2500,2500,2500,2500,2499,2499,2499,2499,2499,2499,2499,100,0,0,5.263157844543457,0,0,0,10,0,0,0,0,0,0,5,0,84271.17541503906,221233.96026611328,0,404327403520,8589930496,6228738048,114688
9,1791556857381,2500,2500,2499,2500,2500,2500,2500,2500,2500,2499,2499,2499,2499,2499,2499,2499,100,0,0,5,0,0,5,0,0,0,0,0,0,0,0,0,84271.3314819336,221234.33923339844,0,404327403520,8589930496,6228738048,114688
9,1791556857391,2500,2500,2499,2500,2500,2500,2500,2500,2500,2499,2499,2499,2499,2499,2499,2499,100,0,0,5,0,0,5,0,0,0,0,0,0,0,0,0,84271.48944091797,221234.71533203125,0,404327403520,8589930496,6228738048,114688
10,1791556857401,2500,2500,2499,2500,2500,2500,2500,2500,2500,2499,2499,2499,2499,2499,2499,2499,100,0,0,5,0,0,5,0,0,0,0,0,0,0,0,0,84271.65002441406,221235.09020996094,0,404327403520,8589930496,6228738048,114688
10,1791556857411,2500,2500,2499,2500,2500,2500,2500,2500,2500,2499,2499,2499,2499,2499,2499,2499,100,0,0,5,0,0,5,0,0,0,0,0,0,0,0,0,84271.81048583984,221235.46911621094,0,404327403520,8589930496,6228738048,114688
9,1791556857422,2500,2500,2499,2500,2500,2500,2500,2500,2500,2499,2499,2499,2499,2499,2499,2499,100,0,0,5,0,0,5,0,0,0,0,0,0,0,0,0,84271.97045898438,221235.84539794922,0,404327403520,8589930496,6228738048,114688
10,1791556857432,2500,2500,2499,2500,2500,2500,2500,2500,2500,2499,2499,2499,2499,2499,2499,2499,100,0,0,5,0,0,5,0,0,0,0,0,0,0,0,0,84272.1283569336,221236.22216796875,0,404327403520,8589930496,6228738048,114688
9,1791556857442,2500,2500,2499,2500,2500,2500,2500,2500,2500,2499,2499,2499,2499,2499,2499,2499,100,0,0,5,0,0,5,0,0,0,0,0,0,0,0,0,84272.28924560547,221236.59814453125,0,404327403520,8589930496,6228738048,114688
9,1791556857452,2500,2500,2499,2500,2500,2500,2500,2500,2500,2499,2499,2499,2499,2499,2499,2499,100,0,0,5,0,0,5,0,0,0,0,0,0,0,0,0,84272.45025634766,221236.97705078125,0,404327403520,8589930496,6228738048,114688
10,1791556857462,2500,2500,2499,2500,2500,2500,2500,2500,2500,2499,2499,2499,2499,2499,2499,2499,100,0,0,5,0,0,5,0,0,0,0,0,0,0,0,0,84272.60357666016,221237.3526611328,0,404327403520,8589930496,6228738048,114688
9,1791556857472,2500,2500,2499,2500,2500,2500,2500,2500,2500,2499,2499,2499,2499,2499,2499,2499,100,0,0,5,0,0,5,0,0,0,0,0,0,0,0,0,84272.7646484375,221237.72705078125,0,404327403520,8589930496,6228738048,114688
9,1791556857482,2500,2500,2499,2500,2500,2500,2500,2500,2500,2499,2499,2499,2499,2499,2499,2499,100,0,0,5,0,0,5,0,0,0,0,0,0,0,0,0,84272.94384765625,221238.10607910156,0,404327403520,8589930496,6228738048,114688
9,1791556857492,2500,2500,2499,2500,2500,2500,2500,2500,2500,2499,2499,2499,2499,2499,2499,2499,100,0,0,5,0,0,5,0,0,0,0,0,0,0,0,0,84273.09014892578,221238.48150634766,0,404327403520,8589930496,6228738048,114688
9,1791556857502,2500,2500,2499,2500,2500,2500,2500,2500,2500,2499,2499,2499,2499,2499,2499,2499,100,0,0,5,0,0,5,0,0,0,0,0,0,0,0,0,84273.26977539063,221238.89666748047,0,404327403520,8589930496,6228738048,114688
9,1791556857512,2500,2500,2499,2500,2500,2500,2500,2500,2500,2499,2499,2499,2499,2499,2499,2499,100,0,0,5,0,0,5,0,0,0,0,0,0,0,0,0,84273.43090820313,221239.27099609375,0,404327403520,8589930496,6228738048,114688
10,1791556857522,2500,2500,2499,2500,2500,2500,2500,2500,2500,2499,2499,2499,2499,2499,2499,2499,100,0,0,5,0,0,5,0,0,0,0,0,0,0,0,0,84273.58740234375,221239.64978027344,0,404327403520,8589930496,6228738048,114688
9,1791556857532,2500,2500,2499,2500,2500,2500,2500,2500,2500,2499,2499,2499,2499,2499,2499,2499,100,0,0,5,0,0,5,0,0,0,0,0,0,0,0,0,84273.74841308594,221240.0245361328,0,404327403520,8589930496,6228738048,114688
9,1791556857542,2500,2500,2499,2500,2500,2500,2500,2500,2500,2499,2499,2499,2499,2499,2499,2499,100,0,0,5,0,0,5,0,0,0,0,0,0,0,0,0,84273.91174316406,221240.3998413086,0,404327403520,8589930496,6228738048,114688
9,1791556857553,2500,2500,2499,2500,2500,2500,2500,2500,2500,2499,2499,2499,2499,2499,2499,2499,100,0,0,5,0,0,5,0,0,0,0,0,0,0,0,0,84274.07287597656,221240.77770996094,0,404327403520,8589930496,6228738048,114688
9,1791556857563,2500,2500,2499,2500,2500,2500,2500,2500,2500,2499,2499,2499,2499,2499,2499,2499,100,0,0,5,0,0,5,0,0,0,0,0,0,0,0,0,84274.23236083984,221241.15356445313,0,404327403520,8589930496,6228738048,114688
9,1791556857573,2500,2500,2499,2500,2500,2500,2500,2500,2500,2499,2499,2499,2499,2499,2499,2499,100,0,0,5,0,0,5,0,0,0,0,0,0,0,0,0,84274.38940429688,221241.53155517578,0,404327403520,8589930496,6228738048,114688
10,1791556857583,2500,2500,2499,2500,2500,2500,2500,2500,2500,2499,2499,2499,2499,2499,2499,2499,100,0,9.523809432983398,0,0,0,0,10,0,0,0,0,0,4.761904716491699,0,0,84274.55493164063,221241.90881347656,0,404327403520,8589930496,6228738048,114688
9,1791556857593,2500,2500,2499,2500,2500,2500,2500,2500,2500,2499,2499,2499,2499,2499,2499,2499,100,0,9.523809432983398,0,0,0,0,10,0,0,0,0,0,4.761904716491699,0,0,84274.71020507813,221242.28204345703,0,404327403520,8589930496,6228738048,114688
9,1791556857603,2500,2500,2499,2500,2500,2500,2500,2500,2500,2499,2499,2499,2499,2499,2499,2499,100,0,9.523809432983398,0,0,0,0,10,0,0,0,0,0,4.761904716491699,0,0,84274.86437988281,221242.66033935547,0,404327403520,8589930496,6228738048,114688
9,1791556857613,2500,2500,2499,2500,2500,2500,2500,2500,2500,2499,2499,2499,2499,2499,2499,2499,100,0,9.523809432983398,0,0,0,0,10,0,0,0,0,0,4.761904716491699,0,0,84275.02459716797,221243.03955078125,0,404327403520,8589930496,6228738048,114688
9,1791556857623,2500,2500,2499,2500,2500,2500,2500,2500,2500,2499,2499,2499,2499,2499,2499,2499,100,0,9.523809432983398,0,0,0,0,10,0,0,0,0,0,4.761904716491699,0,0,84275.18591308594,221243.41900634766,0,404327403520,8589930496,6228738048,114688
9,1791556857633,2500,2500,2499,2500,2500,2500,2500,2500,2500,2499,2499,2499,2499,2499,2499,2499,100,0,9.523809432983398,0,0,0,0,10,0,0,0,0,0,4.761904716491699,0,0,84275.34381103516,221243.7938232422,0,404327403520,8589930496,6228738048,114688
10,1791556857643,2500,2500,2499,2500,2500,2500,2500,2500,2500,2499,2499,2499,2499,2499,2499,2499,100,0,9.523809432983398,0,0,0,0,10,0,0,0,0,0,4.761904716491699,0,0,84275.49877929688,221244.17059326172,0,404327403520,8589930496,6228738048,114688
9,1791556857653,2500,2500,2499,2500,2500,2500,2500,2500,2500,2499,2499,2499,2499,2499,2499,2499,100,0,9.523809432983398,0,0,0,0,10,0,0,0,0,0,4.761904716491699,0,0,84275.67309570313,221244.5849609375,0,404327403520,8589930496,6228738048,114688
10,1791556857663,2500,2500,2499,2500,2500,2500,2500,2500,2500,2499,2499,2499,2499,2499,2499,2499,100,0,9.523809432983398,0,0,0,0,10,0,0,0,0,0,4.761904716491699,0,0,84275.81719970703,221244.92572021484,0,404327403520,8589930496,6228738048,114688
9,1791556857673,2500,2500,2499,2500,2500,2500,2500,2500,2500,2499,2499,2499,2499,2499,2499,2499,100,0,9.523809432983398,0,0,0,0,10,0,0,0,0,0,4.761904716491699,0,0,84275.98693847656,221245.34118652344,0,404327403520,8589930496,6228738048,114688
9,1791556857683,2500,2500,2499,2500,2500,2500,2500,2500,2500,2499,2499,2499,2499,2499,2499,2499,100,0,9.523809432983398,0,0,0,0,10,0,0,0,0,0,4.761904716491699,0,0,84276.1455078125,221245.72186279297,0,404327403520,8589930496,6228738048,114688
9,1791556857693,2500,2500,2499,2500,2500,2500,2500,2500,2500,2499,2499,2499,2499,2499,2499,2499,100,0,9.523809432983398,0,0,0,0,10,0,0,0,0,0,4.761904716491699,0,0,84276.30090332031,221246.09979248047,0,404327403520,8589930496,6228738048,114688
9,1791556857704,2500,2500,2499,2500,2500,2500,2500,2500,2500,2499,2499,2499,2499,2499,2499,2499,100,0,9.523809432983398,0,0,0,0,10,0,0,0,0,0,4.761904716491699,0,0,84276.46282958984,221246.4813232422,0,404327403520,8589930496,6228738048,114688
9,1791556857714,2500,2500,2499,2500,2500,2500,2500,2500,2500,2499,2499,2499,2499,2499,2499,2499,100,0,9.523809432983398,0,0,0,0,10,0,0,0,0,0,4.761904716491699,0,0,84276.62469482422,221246.8594970703,0,404327403520,8589930496,6228738048,114688
9,1791556857724,2500,2500,2499,2500,2500,2500,2500,2500,2500,2499,2499,2499,2499,2499,2499,2499,100,0,9.523809432983398,0,0,0,0,10,0,0,0,0,0,4.761904716491699,0,0,84276.78619384766,221247.2384033203,0,404327403520,8589930496,6228738048,114688
9,1791556857734,2500,2500,2499,2500,2500,2500,2500,2500,2500,2499,2499,2499,2499,2499,2499,2499,100,0,9.523809432983398,0,0,0,0,10,0,0,0,0,0,4.761904716491699,0,0,84276.94494628906,221247.61529541016,0,404327403520,8589930496,6228738048,114688
9,1791556857744,2500,2500,2499,2500,2500,2500,2500,2500,2500,2499,2499,2499,2499,2499,2499,2499,100,0,9.523809432983398,0,0,0,0,10,0,0,0,0,0,4.761904716491699,0,0,84277.10675048828,221247.99432373047,0,404327403520,8589930496,6228738048,114688
9,1791556857754,2500,2500,2499,2500,2500,2500,2500,2500,2500,2499,2499,2499,2499,2499,2499,2499,100,0,9.523809432983398,0,0,0,0,10,0,0,0,0,0,4.761904716491699,0,0,84277.26788330078,221248.37127685547,0,404327403520,8589930496,6228738048,114688
10,1791556857764,2500,2500,2499,2500,2500,2500,2500,2500,2500,2499,2499,2499,2499,2499,2499,2499,100,0,9.523809432983398,0,0,0,0,10,0,0,0,0,0,4.761904716491699,0,0,84277.42352294922,221248.74951171875,0,404327403520,8589930496,6228738048,114688
9,1791556857774,2500,2500,2499,2500,2500,2500,2500,2500,2500,2499,2499,2499,2499,2499,2499,2499,100,0,9.523809432983398,0,0,0,0,10,0,0,0,0,0,4.761904716491699,0,0,84277.5830078125,221249.126953125,0,404327403520,8589930496,6228738048,114688
9,1791556857784,2500,2500,2499,2500,2500,2500,2500,2500,2500,2499,2499,2499,2499,2499,2499,2499,100,0,0,0,0,0,0,5.263157844543457,0,0,0,0,0,0,0,0,84277.74304199219,221249.50714111328,0,404327403520,8589930496,6228738048,114688
10,1791556857794,2500,2500,2499,2500,2500,2500,2500,2500,2500,2499,2499,2499,2499,2499,2499,2499,100,0,0,0,0,0,0,5.263157844543457,0,0,0,0,0,0,0,0,84277.90710449219,221249.8837890625,0,404327403520,8589930496,6228738048,114688
9,1791556857804,2500,2500,2499,2500,2500,2500,2500,2500,2500,2499,2499,2499,2499,2499,2499,2499,100,0,0,0,0,0,0,5.263157844543457,0,0,0,0,0,0,0,0,84278.06274414063,221250.263671875,0,404327403520,8589930496,6228738048,114688
10,1791556857814,2500,2500,2499,2500,2500,2500,2500,2500,2500,2499,2499,2499,2499,2499,2499,2499,100,0,0,0,0,0,0,5.263157844543457,0,0,0,0,0,0,0,0,84278.22381591797,221250.64208984375,0,404327403520,8589930496,6228738048,114688
9,1791556857824,2500,2500,2499,2500,2500,2500,2500,2500,2500,2499,2499,2499,2499,2499,2499,2499,100,0,0,0,0,0,0,5.263157844543457,0,0,0,0,0,0,0,0,84278.38220214844,221251.0180053711,0,404327403520,8589930496,6228738048,114688
10,1791556857834,2500,2500,2499,2500,2500,2500,2500,2500,2500,2499,2499,2499,2499,2499,2499,2499,100,0,0,0,0,0,0,5.263157844543457,0,0,0,0,0,0,0,0,84278.54260253906,221251.3960571289,0,404327403520,8589930496,6228738048,114688
9,1791556857845,2500,2500,2499,2500,2500,2500,2500,2500,2500,2499,2499,2499,2499,2499,2499,2499,100,0,0,0,0,0,0,5.263157844543457,0,0,0,0,0,0,0,0,84278.71307373047,221251.8123779297,0,404327403520,8589930496,6228738048,114688
9,1791556857855,2500,2500,2499,2500,2500,2500,2500,2500,2500,2499,2499,2499,2499,2499,2499,2499,100,0,0,0,0,0,0,5.263157844543457,0,0,0,0,0,0,0,0,84278.87072753906,221252.18969726563,0,404327403520,8589930496,6228738048,114688
9,1791556857865,2500,2500,2499,2500,2500,2500,2500,2500,2500,2499,2499,2499,2499,2499,2499,2499,100,0,0,0,0,0,0,5.263157844543457,0,0,0,0,0,0,0,0,84279.02947998047,221252.5669555664,0,404327403520,8589930496,6228738048,114688
10,1791556857875,2500,2500,2499,2500,2500,2500,2500,2500,2500,2499,2499,2499,2499,2499,2499,2499,100,0,0,0,0,0,0,5.263157844543457,0,0,0,0,0,0,0,0,84279.19244384766,221252.9423828125,0,404327403520,8589930496,6228738048,114688
9,1791556857885,2500,2500,2499,2500,2500,2500,2500,2500,2500,2499,2499,2499,2499,2499,2499,2499,100,0,0,0,0,0,0,5.263157844543457,0,0,0,0,0,0,0,0,84279.35321044922,221253.31939697266,0,404327403520,8589930496,6228738048,114688
9,1791556857895,2500,2500,2499,2500,2500,2500,2500,2500,2500,2499,2499,2499,2499,2499,2499,2499,100,0,0,0,0,0,0,5.263157844543457,0,0,0,0,0,0,0,0,84279.50946044922,221253.6997680664,0,404327403520,8589930496,6228738048,114688
9,1791556857905,2500,2500,2499,2500,2500,2500,2500,2500,2500,2499,2499,2499,2499,2499,2499,2499,100,0,0,0,0,0,0,5.263157844543457,0,0,0,0,0,0,0,0,84279.6674194336,221254.07684326172,0,404327403520,8589930496,6228738048,114688
10,1791556857915,2500,2500,2499,2500,2500,2500,2500,2500,2500,2499,2499,2499,2499,2499,2499,2499,100,0,0,0,0,0,0,5.263157844543457,0,0,0,0,0,0,0,0,84279.8330078125,221254.45416259766,0,404327403520,8589930496,6228738048,114688
10,1791556857925,2500,2500,2499,2500,2500,2500,2500,2500,2500,2499,2499,2499,2499,2499,2499,2499,100,0,0,0,0,0,0,5.263157844543457,0,0,0,0,0,0,0,0,84279.99682617188,221254.83087158203,0,404327403520,8589930496,6228738048,114688
9,1791556857935,2500,2500,2499,2500,2500,2500,2500,2500,2500,2499,2499,2499,2499,2499,2499,2499,100,0,0,0,0,0,0,5.263157844543457,0,0,0,0,0,0,0,0,84280.158203125,221255.20654296875,0,404327403520,8589930496,6228738048,114688
9,1791556857945,2500,2500,2499,2500,2500,2500,2500,2500,2500,2499,2499,2499,2499,2499,2499,2499,100,0,0,0,0,0,0,5.263157844543457,0,0,0,0,0,0,0,0,84280.3159790039,221255.58276367188,0,404327403520,8589930496,6228738048,114688
9,1791556857955,2500,2500,2499,2500,2500,2500,2500,2500,2500,2499,2499,2499,2499,2499,2499,2499,100,0,0,0,0,0,0,5.263157844543457,0,0,0,0,0,0,0,0,84280.478515625,221255.95849609375,0,404327403520,8589930496,6228738048,114688
9,1791556857965,2500,2500,2499,2500,2500,2500,2500,2500,2500,2499,2499,2499,2499,2499,2499,2499,100,0,0,0,0,0,0,5.263157844543457,0,0,0,0,0,0,0,0,84280.65124511719,221256.37182617188,0,404327403520,8589930496,6228738048,114688
9,1791556857975,2500,2500,2499,2500,2500,2500,2500,2500,2500,2499,2499,2499,2499,2499,2499,2499,100,0,0,0,0,0,0,5.263157844543457,0,0,0,0,0,0,0,0,84280.79608154297,221256.7144165039,0,404327403520,8589930496,6228738048,114688
9,1791556857986,2500,2500,2499,2500,2500,2500,2500,2500,2500,2499,2499,2499,2499,2499,2499,2499,100,0,5.263157844543457,0,0,0,0,5.263157844543457,0,0,0,0,0,0,0,0,84280.9750366211,221257.12957763672,0,404327403520,8589930496,6228738048,114688
9,1791556857996,2500,2500,2499,2500,2500,2500,2500,2500,2500,2499,2499,2499,2499,2499,2499,2499,100,0,5.263157844543457,0,0,0,0,5.263157844543457,0,0,0,0,0,0,0,0,84281.12121582031,221257.4702758789,0,404327403520,8589930496,6228738048,114688
9,1791556858006,2500,2500,2499,2500,2500,2500,2500,2500,2500,2499,2499,2499,2499,2499,2499,2499,100,0,5.263157844543457,0,0,0,0,5.263157844543457,0,0,0,0,0,0,0,0,84281.29620361328,221257.8861694336,0,404327403520,8589930496,6228738048,114688
9,1791556858016,2500,2500,2499,2500,2500,2500,2500,2500,2500,2499,2499,2499,2499,2499,2499,2499,100,0,5.263157844543457,0,0,0,0,5.263157844543457,0,0,0,0,0,0,0,0,84281.45709228516,221258.2628173828,0,404327403520,8589930496,6228738048,114688
9,1791556858026,2500,2500,2499,2500,2500,2500,2500,2500,2500,2499,2499,2499,2499,2499,2499,2499,100,0,5.263157844543457,0,0,0,0,5.263157844543457,0,0,0,0,0,0,0,0,84281.61608886719,221258.63928222656,0,404327403520,8589930496,6228738048,114688
9,1791556858036,2500,2500,2499,2500,2500,2500,2500,2500,2500,2499,2499,2499,2499,2499,2499,2499,100,0,5.263157844543457,0,0,0,0,5.263157844543457,0,0,0,0,0,0,0,0,84281.78479003906,221259.01538085938,0,404327403520,8589930496,6228738048,114688
10,1791556858046,2500,2500,2499,2500,2500,2500,2500,2500,2500,2499,2499,2499,2499,2499,2499,2499,100,0,5.263157844543457,0,0,0,0,5.263157844543457,0,0,0,0,0,0,0,0,84281.94604492188,221259.39337158203,0,404327403520,8589930496,6228738048,114688
9,1791556858056,2500,2500,2499,2500,2500,2500,2500,2500,2500,2499,2499,2499,2499,2499,2499,2499,100,0,5.263157844543457,0,0,0,0,5.263157844543457,0,0,0,0,0,0,0,0,84282.1060180664,221259.77081298828,0,404327403520,8589930496,6228738048,114688
9,1791556858066,2500,2500,2499,2500,2500,2500,2500,2500,2500,2499,2499,2499,2499,2499,2499,2499,100,0,5.263157844543457,0,0,0,0,5.263157844543457,0,0,0,0,0,0,0,0,84282.2572631836,221260.1463623047,0,404327403520,8589930496,6228738048,114688
9,1791556858076,2500,2500,2499,2500,2500,2500,2500,2500,2500,2499,2499,2499,2499,2499,2499,2499,100,0,5.263157844543457,0,0,0,0,5.263157844543457,0,0,0,0,0,0,0,0,84282.41400146484,221260.52783203125,0,404327403520,8589930496,6228738048,114688
9,1791556858086,2500,2500,2499,2500,2500,2500,2500,2500,2500,2499,2499,2499,2499,2499,2499,2499,100,0,5.263157844543457,0,0,0,0,5.263157844543457,0,0,0,0,0,0,0,0,84282.57354736328,221260.9057006836,0,404327403520,8589930496,6228738048,114688
9,1791556858096,2500,2500,2499,2500,2500,2500,2500,2500,2500,2499,2499,2499,2499,2499,2499,2499,100,0,5.263157844543457,0,0,0,0,5.263157844543457,0,0,0,0,0,0,0,0,84282.73138427734,221261.28717041016,0,404327403520,8589930496,6220480512,114688
10,1791556858106,2500,2500,2499,2500,2500,2500,2500,2500,2500,2499,2499,2499,2499,2499,2499,2499,100,0,5.263157844543457,0,0,0,0,5.263157844543457,0,0,0,0,0,0,0,0,84282.8851928711,221261.66796875,0,404327403520,8589930496,6220480512,114688
9,1791556858116,2500,2500,2499,2500,2500,2500,2500,2500,2500,2499,2499,2499,2499,2499,2499,2499,100,0,5.263157844543457,0,0,0,0,5.263157844543457,0,0,0,0,0,0,0,0,84283.04504394531,221262.0477294922,0,404327403520,8589930496,6220480512,114688
9,1791556858127,2500,2500,2499,2500,2500,2500,2500,2500,2500,2499,2499,2499,2499,2499,2499,2499,100,0,5.263157844543457,0,0,0,0,5.263157844543457,0,0,0,0,0,0,0,0,84283.20416259766,221262.42358398438,0,404327403520,8589930496,6220480512,114688
9,1791556858137,2500,2500,2499,2500,2500,2500,2500,2500,2500,2499,2499,2499,2499,2499,2499,2499,100,0,5.263157844543457,0,0,0,0,5.263157844543457,0,0,0,0,0,0,0,0,84283.37872314453,221262.84112548828,0,404327403520,8589930496,6220480512,114688
9,1791556858147,2500,2500,2499,2500,2500,2500,2500,2500,2500,2499,2499,2499,2499,2499,2499,2499,100,0,5.263157844543457,0,0,0,0,5.263157844543457,0,0,0,0,0,0,0,0,84283.53546142578,221263.21893310547,0,404327403520,8589930496,6220480512,114688
9,1791556858157,2500,2500,2499,2500,2500,2500,2500,2500,2500,2499,2499,2499,2499,2499,2499,2499,100,0,5.263157844543457,0,0,0,0,5.263157844543457,0,0,0,0,0,0,0,0,84283.68658447266,221263.5977783203,0,404327403520,8589930496,6208831488,114688
9,1791556858167,2500,2500,2499,2500,2500,2500,2500,2500,2500,2499,2499,2499,2499,2499,2499,2499,100,0,5.263157844543457,0,0,0,0,5.263157844543457,0,0,0,0,0,0,0,0,84283.84790039063,221263.978515625,0,404327403520,8589930496,6208831488,114688
9,1791556858177,2500,2500,2499,2500,2500,2500,2500,2500,2500,2499,2499,2499,2499,2499,2499,2499,100,0,5.263157844543457,0,0,0,0,5.263157844543457,0,0,0,0,0,0,0,0,84284.00469970703,221264.35888671875,0,404327403520,8589930496,6205362176,114688
9,1791556858187,2500,2500,2499,2500,2500,2500,2500,2500,2500,2499,2499,2499,2499,2499,2499,2499,100,0,0,5,0,0,5,0,0,0,0,0,0,0,0,0,84284.15832519531,221264.72985839844,0,404327403520,8589930496,6200901632,114688
9,1791556858197,2500,2500,2499,2500,2500,2500,2500,2500,2500,2499,2499,2499,2499,2499,2499,2499,100,0,0,5,0,0,5,0,0,0,0,0,0,0,0,0,84284.3119506836,221265.11071777344,0,404327403520,8589930496,6200901632,114688
9,1791556858207,2500,2500,2499,2500,2500,2500,2500,2500,2500,2499,2499,2499,2499,2499,2499,2499,100,0,0,5,0,0,5,0,0,0,0,0,0,0,0,0,84284.46667480469,221265.48834228516,0,404327403520,8589930496,6193963008,114688
9,1791556858217,2500,2500,2499,2500,2500,2500,2500,2500,2500,2499,2499,2499,2499,2499,2499,2499,100,0,0,5,0,0,5,0,0,0,0,0,0,0,0,0,84284.62524414063,221265.8724975586,0,404327403520,8589930496,6190989312,114688
10,1791556858227,2500,2500,2499,2500,2500,2500,2500,2500,2500,2499,2499,2499,2499,2499,2499,2499,100,0,0,5,0,0,5,0,0,0,0,0,0,0,0,0,84284.77905273438,221266.24572753906,0,404327403520,8589930496,6190989312,114688
10,1791556858237,2500,2500,2499,2500,2500,2500,2500,2500,2500,2499,2499,2499,2499,2499,2499,2499,100,0,0,5,0,0,5,0,0,0,0,0,0,0,0,0,84284.9419555664,221266.6300048828,0,404327403520,8589930496,6188015616,114688
9,1791556858247,2500,2500,2499,2500,2500,2500,2500,2500,2500,2499,2499,2499,2499,2499,2499,2499,100,0,0,5,0,0,5,0,0,0,0,0,0,0,0,0,84285.09814453125,221267.0067138672,0,404327403520,8589930496,6188015616,114688
9,1791556858257,2500,2500,2499,2500,2500,2500,2500,2500,2500,2499,2499,2499,2499,2499,2499,2499,100,0,0,5,0,0,5,0,0,0,0,0,0,0,0,0,84285.2578125,221267.38549804688,0,404327403520,8589930496,6182068224,114688
9,1791556858267,2500,2500,2499,2500,2500,2500,2500,2500,2500,2499,2499,2499,2499,2499,2499,2499,100,0,0,5,0,0,5,0,0,0,0,0,0,0,0,0,84285.41729736328,221267.76623535156,0,404327403520,8589930496,6179590144,114688
10,1791556858277,2500,2500,2499,2500,2500,2500,2500,2500,2500,2499,2499,2499,2499,2499,2499,2499,100,0,0,5,0,0,5,0,0,0,0,0,0,0,0,0,84285.57891845703,221268.14868164063,0,404327403520,8589930496,6179590144,114688
9,1791556858288,2500,2500,2499,2500,2500,2500,2500,2500,2500,2499,2499,2499,2499,2499,2499,2499,100,0,0,5,0,0,5,0,0,0,0,0,0,0,0,0,84285.73931884766,221268.52075195313,0,404327403520,8589930496,6173147136,114688
9,1791556858298,2500,2500,2499,2500,2500,2500,2500,2500,2500,2499,2499,2499,2499,2499,2499,2499,100,0,0,5,0,0,5,0,0,0,0,0,0,0,0,0,84285.90228271484,221268.8924560547,0,404327403520,8589930496,6173147136,114688
9,1791556858308,2500,2500,2499,2500,2500,2500,2500,2500,2500,2499,2499,2499,2499,2499,2499,2499,100,0,0,5,0,0,5,0,0,0,0,0,0,0,0,0,84286.06048583984,221269.2705078125,0,404327403520,8589930496,6170173440,114688
9,1791556858318,2500,2500,2499,2500,2500,2500,2500,2500,2500,2499,2499,2499,2499,2499,2499,2499,100,0,0,5,0,0,5,0,0,0,0,0,0,0,0,0,84286.21533203125,221269.6485595703,0,404327403520,8589930496,6163730432,114688
9,1791556858328,2500,2500,2499,2500,2500,2500,2500,2500,2500,2499,2499,2499,2499,2499,2499,2499,100,0,0,5,0,0,5,0,0,0,0,0,0,0,0,0,84286.392578125,221270.0645751953,0,404327403520,8589930496,6163730432,114688
10,1791556858338,2500,2500,2499,2500,2500,2500,2500,2500,2500,2499,2499,2499,2499,2499,2499,2499,100,0,0,5,0,0,5,0,0,0,0,0,0,0,0,0,84286.53411865234,221270.4005126953,0,404327403520,8589930496,6159765504,114688
10,1791556858348,2500,2500,2499,2500,2500,2500,2500,2500,2500,2499,2499,2499,2499,2499,2499,2499,100,0,0,5,0,0,5,0,0,0,0,0,0,0,0,0,84286.70642089844,221270.78149414063,0,404327403520,8589930496,6155800576,114688
9,1791556858358,2500,2500,2499,2500,2500,2500,2500,2500,2500,2499,2499,2499,2499,2499,2499,2499,100,0,0,5,0,0,5,0,0,0,0,0,0,0,0,0,84286.86798095703,221271.19665527344,0,404327403520,8589930496,6155800576,114688
10,1791556858368,2500,2500,2499,2500,2500,2500,2500,2500,2500,2499,2499,2499,2499,2499,2499,2499,100,0,0,5,0,0,5,0,0,0,0,0,0,0,0,0,84287.02215576172,221271.57690429688,0,404327403520,8589930496,6151835648,114688
9,1791556858378,2500,2500,2499,2500,2500,2500,2500,2500,2500,2499,2499,2499,2499,2499,2499,2499,100,0,0,5,0,0,5,0,0,0,0,0,0,0,0,0,84287.17687988281,221271.95220947266,0,404327403520,8589930496,6148366336,114688
9,1791556858388,2500,2500,2499,2500,2500,2500,2500,2500,2500,2499,2499,2499,2499,2499,2499,2499,100,0,5.263157844543457,0,0,0,0,5.555555820465088,0,0,0,0,0,0,0,0,84287.33508300781,221272.3285522461,0,404327403520,8589930496,6148366336,114688
10,1791556858398,2500,2500,2499,2500,2500,2500,2500,2500,2500,2499,2499,2499,2499,2499,2499,2499,100,0,5.263157844543457,0,0,0,0,5.555555820465088,0,0,0,0,0,0,0,0,84287.49603271484,221272.71228027344,0,404327403520,8589930496,6144897024,114688
9,1791556858408,2500,2500,2499,2500,2500,2500,2500,2500,2500,2499,2499,2499,2499,2499,2499,2499,100,0,5.263157844543457,0,0,0,0,5.555555820465088,0,0,0,0,0,0,0,0,84287.6597290039,221273.08502197266,0,404327403520,8589930496,6138949632,114688
10,1791556858418,2500,2500,2499,2500,2500,2500,2500,2500,2500,2499,2499,2499,2499,2499,2499,2499,100,0,5.263157844543457,0,0,0,0,5.555555820465088,0,0,0,0,0,0,0,0,84287.81701660156,221273.46032714844,0,404327403520,8589930496,6138949632,114688
9,1791556858429,2500,2500,2499,2500,2500,2500,2500,2500,2500,2499,2499,2499,2499,2499,2499,2499,100,0,5.263157844543457,0,0,0,0,5.555555820465088,0,0,0,0,0,0,0,0,84287.97082519531,221273.8413696289,0,404327403520,8589930496,6134489088,114688
9,1791556858439,2500,2500,2499,2500,2500,2500,2500,2500,2500,2499,2499,2499,2499,2499,2499,2499,100,0,5.263157844543457,0,0,0,0,5.555555820465088,0,0,0,0,0,0,0,0,84288.12536621094,221274.22033691406,0,404327403520,8589930496,6134489088,114688
9,1791556858449,2500,2500,2499,2500,2500,2500,2500,2500,2500,2499,2499,2499,2499,2499,2499,2499,100,0,5.263157844543457,0,0,0,0,5.555555820465088,0,0,0,0,0,0,0,0,84288.28192138672,221274.60131835938,0,404327403520,8589930496,6130524160,114688
10,1791556858459,2500,2500,2499,2500,2500,2500,2500,2500,2500,2499,2499,2499,2499,2499,2499,2499,100,0,5.263157844543457,0,0,0,0,5.555555820465088,0,0,0,0,0,0,0,0,84288.43786621094,221274.9757080078,0,404327403520,8589930496,6123089920,114688
9,1791556858469,2500,2500,2499,2500,2500,2500,2500,2500,2500,2499,2499,2499,2499,2499,2499,2499,100,0,5.263157844543457,0,0,0,0,5.555555820465088,0,0,0,0,0,0,0,0,84288.59838867188,221275.35455322266,0,404327403520,8589930496,6123089920,114688
9,1791556858479,2500,2500,2499,2500,2500,2500,2500,2500,2500,2499,2499,2499,2499,2499,2499,2499,100,0,5.263157844543457,0,0,0,0,5.555555820465088,0,0,0,0,0,0,0,0,84288.77380371094,221275.77124023438,0,404327403520,8589930496,6119620608,114688
9,1791556858489,2500,2500,2499,2500,2500,2500,2500,2500,2500,2499,2499,2499,2499,2499,2499,2499,100,0,5.263157844543457,0,0,0,0,5.555555820465088,0,0,0,0,0,0,0,0,84288.91986083984,221276.11297607422,0,404327403520,8589930496,6112681984,114688
9,1791556858499,2500,2500,2499,2500,2500,2500,2500,2500,2500,2499,2499,2499,2499,2499,2499,2499,100,0,5.263157844543457,0,0,0,0,5.555555820465088,0,0,0,0,0,0,0,0,84289.08428955078,221276.5044555664,0,404327403520,8589930496,6112681984,114688
10,1791556858509,2500,2500,2499,2500,2500,2500,2500,2500,2500,2499,2499,2499,2499,2499,2499,2499,100,0,5.263157844543457,0,0,0,0,5.555555820465088,0,0,0,0,0,0,0,0,84289.24285888672,221276.8924560547,0,404327403520,8589930496,6112681984,114688
9,1791556858519,2500,2500,2499,2500,2500,2500,2500,2500,2500,2499,2499,2499,2499,2499,2499,2499,100,0,5.263157844543457,0,0,0,0,5.555555820465088,0,0,0,0,0,0,0,0,84289.41955566406,221277.3212890625,0,404327403520,8589930496,6112681984,114688
9,1791556858529,2500,2500,2499,2500,2500,2500,2500,2500,2500,2499,2499,2499,2499,2499,2499,2499,100,0,5.263157844543457,0,0,0,0,5.555555820465088,0,0,0,0,0,0,0,0,84289.58380126953,221277.7114868164,0,404327403520,8589930496,6112681984,114688
10,1791556858539,2500,2500,2499,2500,2500,2500,2500,2500,2500,2499,2499,2499,2499,2499,2499,2499,100,0,5.263157844543457,0,0,0,0,5.555555820465088,0,0,0,0,0,0,0,0,84289.75518798828,221278.10302734375,0,404327403520,8589930496,6112681984,114688
10,1791556858549,2500,2500,2499,2500,2500,2500,2500,2500,2500,2499,2499,2499,2499,2499,2499,2499,100,0,5.263157844543457,0,0,0,0,5.555555820465088,0,0,0,0,0,0,0,0,84289.92803955078,221278.49279785156,0,404327403520,8589930496,6112681984,114688
9,1791556858560,2500,2500,2499,2500,2500,2500,2500,2500,2500,2499,2499,2499,2499,2499,2499,2499,100,0,5.263157844543457,0,0,0,0,5.555555820465088,0,0,0,0,0,0,0,0,84290.09875488281,221278.88415527344,0,404327403520,8589930496,6112681984,114688
9,1791556858570,2500,2500,2499,2500,2500,2500,2500,2500,2500,2499,2499,2499,2499,2499,2499,2499,100,0,5.263157844543457,0,0,0,0,5.555555820465088,0,0,0,0,0,0,0,0,84290.26684570313,221279.2742919922,0,404327403520,8589930496,6112681984,114688
9,1791556858580,2500,2500,2499,2500,2500,2500,2500,2500,2500,2499,2499,2499,2499,2499,2499,2499,100,0,5.263157844543457,0,0,0,0,5.555555820465088,0,0,0,0,0,0,0,0,84290.42999267578,221279.66357421875,0,404327403520,8589930496,6112681984,114688
9,1791556858590,2500,2500,2499,2500,2500,2500,2500,2500,2500,2499,2499,2499,2499,2499,2499,2499,100,0,0,0,0,0,0,5.263157844543457,0,0,0,0,0,0,0,0,84290.59594726563,221280.05639648438,0,404327403520,8589930496,6112681984,114688
9,1791556858600,2500,2500,2499,2500,2500,2500,2500,2500,2500,2499,2499,2499,2499,2499,2499,2499,100,0,0,0,0,0,0,5.263157844543457,0,0,0,0,0,0,0,0,84290.7548828125,221280.44567871094,0,404327403520,8589930496,6112681984,114688
9,1791556858610,2500,2500,2499,2500,2500,2500,2500,2500,2500,2499,2499,2499,2499,2499,2499,2499,100,0,0,0,0,0,0,5.263157844543457,0,0,0,0,0,0,0,0,84290.9183959961,221280.83599853516,0,404327403520,8589930496,6112681984,114688
9,1791556858620,2500,2500,2499,2500,2500,2500,2500,2500,2500,2499,2499,2499,2499,2499,2499,2499,100,0,0,0,0,0,0,5.263157844543457,0,0,0,0,0,0,0,0,84291.0845336914,221281.22650146484,0,404327403520,8589930496,6112681984,114688
10,1791556858630,2500,2500,2499,2500,2500,2500,2500,2500,2500,2499,2499,2499,2499,2499,2499,2499,100,0,0,0,0,0,0,5.263157844543457,0,0,0,0,0,0,0,0,84291.25604248047,221281.61157226563,0,404327403520,8589930496,6112681984,114688
10,1791556858640,2500,2500,2499,2500,2500,2500,2500,2500,2500,2499,2499,2499,2499,2499,2499,2499,100,0,0,0,0,0,0,5.263157844543457,0,0,0,0,0,0,0,0,84291.41827392578,221281.96453857422,0,404327403520,8589930496,6112681984,114688
9,1791556858650,2500,2500,2499,2500,2500,2500,2500,2500,2500,2499,2499,2499,2499,2499,2499,2499,100,0,0,0,0,0,0,5.263157844543457,0,0,0,0,0,0,0,0,84291.58074951172,221282.39422607422,0,404327403520,8589930496,6112681984,114688
9,1791556858660,2500,2500,2499,2500,2500,2500,2500,2500,2500,2499,2499,2499,2499,2499,2499,2499,100,0,0,0,0,0,0,5.263157844543457,0,0,0,0,0,0,0,0,84291.76080322266,221282.82348632813,0,404327403520,8589930496,6112681984,114688
9,1791556858670,2500,2500,2499,2500,2500,2500,2500,2500,2500,2499,2499,2499,2499,2499,2499,2499,100,0,0,0,0,0,0,5.263157844543457,0,0,0,0,0,0,0,0,84291.92706298828,221283.13494873047,0,404327403520,8589930496,6112681984,114688
10,1791556858680,2500,2500,2499,2500,2500,2500,2500,2500,2500,2499,2499,2499,2499,2499,2499,2499,100,0,0,0,0,0,0,5.263157844543457,0,0,0,0,0,0,0,0,84292.08471679688,221283.60314941406,0,404327403520,8589930496,6112681984,114688
9,1791556858690,2500,2500,2499,2500,2500,2500,2500,2500,2500,2499,2499,2499,2499,2499,2499,2499,100,0,0,0,0,0,0,5.263157844543457,0,0,0,0,0,0,0,0,84292.25030517578,221283.9916381836,0,404327403520,8589930496,6112681984,114688
9,1791556858701,2500,2500,2499,2500,2500,2500,2500,2500,2500,2499,2499,2499,2499,2499,2499,2499,100,0,0,0,0,0,0,5.263157844543457,0,0,0,0,0,0,0,0,84292.41619873047,221284.38134765625,0,404327403520,8589930496,6112681984,114688
9,1791556858711,2500,2500,2499,2500,2500,2500,2500,2500,2500,2499,2499,2499,2499,2499,2499,2499,100,0,0,0,0,0,0,5.263157844543457,0,0,0,0,0,0,0,0,84292.58282470703,221284.77270507813,0,404327403520,8589930496,6112681984,114688
10,1791556858721,2500,2500,2499,2500,2500,2500,2500,2500,2500,2499,2499,2499,2499,2499,2499,2499,100,0,0,0,0,0,0,5.263157844543457,0,0,0,0,0,0,0,0,84292.74853515625,221285.162109375,0,404327403520,8589930496,6112681984,114688
9,1791556858731,2500,2500,2499,2500,2500,2500,2500,2500,2500,2499,2499,2499,2499,2499,2499,2499,100,0,0,0,0,0,0,5.263157844543457,0,0,0,0,0,0,0,0,84292.92175292969,221285.54974365234,0,404327403520,8589930496,6112681984,114688
9,1791556858741,2500,2500,2499,2500,2500,2500,2500,2500,2500,2499,2499,2499,2499,2499,2499,2499,100,0,0,0,0,0,0,5.263157844543457,0,0,0,0,0,0,0,0,84293.0908203125,221285.94146728516,0,404327403520,8589930496,6112681984,114688
10,1791556858751,2500,2500,2499,2500,2500,2500,2500,2500,2500,2499,2499,2499,2499,2499,2499,2499,100,0,0,0,0,0,0,5.263157844543457,0,0,0,0,0,0,0,0,84293.26184082031,221286.32971191406,0,404327403520,8589930496,6112681984,114688
9,1791556858761,2500,2500,2499,2500,2500,2500,2500,2500,2500,2499,2499,2499,2499,2499,2499,2499,100,0,0,0,0,0,0,5.263157844543457,0,0,0,0,0,0,0,0,84293.42810058594,221286.71942138672,0,404327403520,8589930496,6112681984,114688
9,1791556858771,2500,2500,2499,2500,2500,2500,2500,2500,2500,2499,2499,2499,2499,2499,2499,2499,100,0,0,0,0,0,0,5.263157844543457,0,0,0,0,0,0,0,0,84293.59539794922,221287.11010742188,0,404327403520,8589930496,6112681984,114688
9,1791556858781,2500,2500,2499,2500,2500,2500,2500,2500,2500,2499,2499,2499,2499,2499,2499,2499,100,0,0,0,0,0,0,5.263157844543457,0,0,0,0,0,0,0,0,84293.76025390625,221287.49993896484,0,404327403520,8589930496,6112681984,114688
9,1791556858791,2500,2500,2499,2500,2500,2500,2500,2500,2500,2499,2499,2499,2499,2499,2499,2499,100,0,5,0,5,0,0,5.263157844543457,0,0,0,0,0,0,0,0,84293.93017578125,221287.89013671875,0,404327403520,8589930496,6112681984,114688
10,1791556858801,2500,2500,2499,2500,2500,2500,2500,2500,2500,2499,2499,2499,2499,2499,2499,2499,100,0,5,0,5,0,0,5.263157844543457,0,0,0,0,0,0,0,0,84294.09857177734,221288.27947998047,0,404327403520,8589930496,6112681984,114688
9,1791556858811,2500,2500,2499,2500,2500,2500,2500,2500,2500,2499,2499,2499,2499,2499,2499,2499,100,0,5,0,5,0,0,5.263157844543457,0,0,0,0,0,0,0,0,84294.28216552734,221288.7052001953,0,404327403520,8589930496,6112681984,114688
9,1791556858821,2500,2500,2499,2500,2500,2500,2500,2500,2500,2499,2499,2499,2499,2499,2499,2499,100,0,5,0,5,0,0,5.263157844543457,0,0,0,0,0,0,0,0,84294.45184326172,221289.09448242188,0,404327403520,8589930496,6112681984,114688
9,1791556858831,2500,2500,2499,2500,2500,2500,2500,2500,2500,2499,2499,2499,2499,2499,2499,2499,100,0,5,0,5,0,0,5.263157844543457,0,0,0,0,0,0,0,0,84294.61993408203,221289.44482421875,0,404327403520,8589930496,6112681984,114688
9,1791556858842,2500,2500,2499,2500,2500,2500,2500,2500,2500,2499,2499,2499,2499,2499,2499,2499,100,0,5,0,5,0,0,5.263157844543457,0,0,0,0,0,0,0,0,84294.7866821289,221289.8719482422,0,404327403520,8589930496,6112681984,114688
9,1791556858852,2500,2500,2499,2500,2500,2500,2500,2500,2500,2499,2499,2499,2499,2499,2499,2499,100,0,5,0,5,0,0,5.263157844543457,0,0,0,0,0,0,0,0,84294.95574951172,221290.26135253906,0,404327403520,8589930496,6112681984,114688
9,1791556858862,2500,2500,2499,2500,2500,2500,2500,2500,2500,2499,2499,2499,2499,2499,2499,2499,100,0,5,0,5,0,0,5.263157844543457,0,0,0,0,0,0,0,0,84295.12377929688,221290.64923095703,0,404327403520,8589930496,6112681984,114688
9,1791556858872,2500,2500,2499,2500,2500,2500,2500,2500,2500,2499,2499,2499,2499,2499,2499,2499,100,0,5,0,5,0,0,5.263157844543457,0,0,0,0,0,0,0,0,84295.29296875,221291.03448486328,0,404327403520,8589930496,6112681984,114688
9,1791556858882,2500,2500,2499,2500,2500,2500,2500,2500,2500,2499,2499,2499,2499,2499,2499,2499,100,0,5,0,5,0,0,5.263157844543457,0,0,0,0,0,0,0,0,84295.453125,221291.4256591797,0,404327403520,8589930496,6112681984,114688
9,1791556858892,2500,2500,2499,2500,2500,2500,2500,2500,2500,2499,2499,2499,2499,2499,2499,2499,100,0,5,0,5,0,0,5.263157844543457,0,0,0,0,0,0,0,0,84295.61474609375,221291.81427001953,0,404327403520,8589930496,6112681984,114688
9,1791556858902,2500,2500,2499,2500,2500,2500,2500,2500,2500,2499,2499,2499,2499,2499,2499,2499,100,0,5,0,5,0,0,5.263157844543457,0,0,0,0,0,0,0,0,84295.77862548828,221292.203125,0,404327403520,8589930496,6112681984,114688
9,1791556858912,2500,2500,2499,2500,2500,2500,2500,2500,2500,2499,2499,2499,2499,2499,2499,2499,100,0,5,0,5,0,0,5.263157844543457,0,0,0,0,0,0,0,0,84295.94012451172,221292.59259033203,0,404327403520,8589930496,6112681984,114688
10,1791556858922,2500,2500,2499,2500,2500,2500,2500,2500,2500,2499,2499,2499,2499,2499,2499,2499,100,0,5,0,5,0,0,5.263157844543457,0,0,0,0,0,0,0,0,84296.10943603516,221292.98272705078,0,404327403520,8589930496,6112681984,114688
9,1791556858932,2500,2500,2499,2500,2500,2500,2500,2500,2500,2499,2499,2499,2499,2499,2499,2499,100,0,5,0,5,0,0,5.263157844543457,0,0,0,0,0,0,0,0,84296.27178955078,221293.3715209961,0,404327403520,8589930496,6112681984,114688
9,1791556858942,2500,2500,2499,2500,2500,2500,2500,2500,2500,2499,2499,2499,2499,2499,2499,2499,100,0,5,0,5,0,0,5.263157844543457,0,0,0,0,0,0,0,0,84296.43835449219,221293.76055908203,0,404327403520,8589930496,6112681984,114688
9,1791556858952,2500,2500,2499,2500,2500,2500,2500,2500,2500,2499,2499,2499,2499,2499,2499,2499,100,0,5,0,5,0,0,5.263157844543457,0,0,0,0,0,0,0,0,84296.60626220703,221294.1508178711,0,404327403520,8589930496,6112681984,114688
9,1791556858962,2500,2500,2499,2500,2500,2500,2500,2500,2500,2499,2499,2499,2499,2499,2499,2499,100,0,5,0,5,0,0,5.263157844543457,0,0,0,0,0,0,0,0,84296.76892089844,221294.54034423828,0,404327403520,8589930496,6112681984,114688
10,1791556858972,2500,2500,2499,2500,2500,2500,2500,2500,2500,2499,2499,2499,2499,2499,2499,2499,100,0,5,0,5,0,0,5.263157844543457,0,0,0,0,0,0,0,0,84296.93676757813,221294.9302368164,0,404327403520,8589930496,6112681984,114688
9,1791556858982,2500,2500,2499,2500,2500,2500,2500,2500,2500,2499,2499,2499,2499,2499,2499,2499,100,0,5,0,5,0,0,5.263157844543457,0,0,0,0,0,0,0,0,84297.12023925781,221295.36059570313,0,404327403520,8589930496,6112681984,114688
9,1791556858993,2500,2500,2499,2500,2500,2500,2500,2500,2500,2499,2499,2499,2499,2499,2499,2499,100,0,0,5.263157844543457,0,5,0,0,0,0,0,0,0,0,0,0,84297.28527832031,221295.7505493164,0,404327403520,8589930496,6112681984,114688
9,1791556859003,2500,2500,2499,2500,2500,2500,2500,2500,2500,2499,2499,2499,2499,2499,2499,2499,100,0,0,5.263157844543457,0,5,0,0,0,0,0,0,0,0,0,0,84297.44915771484,221296.14038085938,0,404327403520,8589930496,6112681984,114688
10,1791556859013,2500,2500,2499,2500,2500,2500,2500,2500,2500,2499,2499,2499,2499,2499,2499,2499,100,0,0,5.263157844543457,0,5,0,0,0,0,0,0,0,0,0,0,84297.61651611328,221296.529296875,0,404327403520,8589930496,6112681984,114688
9,1791556859023,2500,2500,2499,2500,2500,2500,2500,2500,2500,2499,2499,2499,2499,2499,2499,2499,100,0,0,5.263157844543457,0,5,0,0,0,0,0,0,0,0,0,0,84297.77923583984,221296.91943359375,0,404327403520,8589930496,6112681984,114688
9,1791556859033,2500,2500,2499,2500,2500,2500,2500,2500,2500,2499,2499,2499,2499,2499,2499,2499,100,0,0,5.263157844543457,0,5,0,0,0,0,0,0,0,0,0,0,84297.94696044922,221297.31072998047,0,404327403520,8589930496,6112681984,114688
9,1791556859043,2500,2500,2499,2500,2500,2500,2500,2500,2500,2499,2499,2499,2499,2499,2499,2499,100,0,0,5.263157844543457,0,5,0,0,0,0,0,0,0,0,0,0,84298.11340332031,221297.70037841797,0,404327403520,8589930496,6112681984,114688
9,1791556859053,2500,2500,2499,2500,2500,2500,2500,2500,2500,2499,2499,2499,2499,2499,2499,2499,100,0,0,5.263157844543457,0,5,0,0,0,0,0,0,0,0,0,0,84298.28076171875,221298.09155273438,0,404327403520,8589930496,6112681984,114688
9,1791556859063,2500,2500,2499,2500,2500,2500,2500,2500,2500,2499,2499,2499,2499,2499,2499,2499,100,0,0,5.263157844543457,0,5,0,0,0,0,0,0,0,0,0,0,84298.44622802734,221298.48345947266,0,404327403520,8589930496,6112681984,114688
9,1791556859073,2500,2500,2499,2500,2500,2500,2500,2500,2500,2499,2499,2499,2499,2499,2499,2499,100,0,0,5.263157844543457,0,5,0,0,0,0,0,0,0,0,0,0,84298.60955810547,221298.87286376953,0,404327403520,8589930496,6112681984,114688
9,1791556859083,2500,2500,2499,2500,2500,2500,2500,2500,2500,2499,2499,2499,2499,2499,2499,2499,100,0,0,5.263157844543457,0,5,0,0,0,0,0,0,0,0,0,0,84298.77624511719,221299.26202392578,0,404327403520,8589930496,6112681984,114688
9,1791556859093,2500,2500,2499,2500,2500,2500,2500,2500,2500,2499,2499,2499,2499,2499,2499,2499,100,0,0,5.263157844543457,0,5,0,0,0,0,0,0,0,0,0,0,84298.94415283203,221299.65283203125,0,404327403520,8589930496,6112681984,114688
10,1791556859103,2500,2500,2499,2500,2500,2500,2500,2500,2500,2499,2499,2499,2499,2499,2499,2499,100,0,0,5.263157844543457,0,5,0,0,0,0,0,0,0,0,0,0,84299.11126708984,221300.0435180664,0,404327403520,8589930496,6112681984,114688
9,1791556859113,2500,2500,2499,2500,2500,2500,2500,2500,2500,2499,2499,2499,2499,2499,2499,2499,100,0,0,5.263157844543457,0,5,0,0,0,0,0,0,0,0,0,0,84299.28125,221300.42639160156,0,404327403520,8589930496,6099197952,114688
9,1791556859123,2500,2500,2499,2500,2500,2500,2500,2500,2500,2499,2499,2499,2499,2499,2499,2499,100,0,0,5.263157844543457,0,5,0,0,0,0,0,0,0,0,0,0,84299.44995117188,221300.81616210938,0,404327403520,8589930496,6099197952,114688
9,1791556859133,2500,2500,2499,2500,2500,2500,2500,2500,2500,2499,2499,2499,2499,2499,2499,2499,100,0,0,5.263157844543457,0,5,0,0,0,0,0,0,0,0,0,0,84299.6171875,221301.2046508789,0,404327403520,8589930496,6099197952,114688
9,1791556859144,2500,2500,2499,2500,2500,2500,2500,2500,2500,2499,2499,2499,2499,2499,2499,2499,100,0,0,5.263157844543457,0,5,0,0,0,0,0,0,0,0,0,0,84299.78143310547,221301.59466552734,0,404327403520,8589930496,6099197952,114688
9,1791556859154,2500,2500,2499,2500,2500,2500,2500,2500,2500,2499,2499,2499,2499,2499,2499,2499,100,0,0,5.263157844543457,0,5,0,0,0,0,0,0,0,0,0,0,84299.96435546875,221302.02416992188,0,404327403520,8589930496,6099197952,114688
9,1791556859164,2500,2500,2499,2500,2500,2500,2500,2500,2500,2499,2499,2499,2499,2499,2499,2499,100,0,0,5.263157844543457,0,5,0,0,0,0,0,0,0,0,0,0,84300.13427734375,221302.41235351563,0,404327403520,8589930496,6099197952,114688
10,1791556859174,2500,2500,2499,2500,2500,2500,2500,2500,2500,2499,2499,2499,2499,2499,2499,2499,100,0,0,5.263157844543457,0,5,0,0,0,0,0,0,0,0,0,0,84300.30529785156,221302.80017089844,0,404327403520,8589930496,6099197952,114688
9,1791556859184,2500,2500,2499,2500,2500,2500,2500,2500,2500,2499,2499,2499,2499,2499,2499,2499,100,0,0,5.263157844543457,0,5,0,0,0,0,0,0,0,0,0,0,84300.47344970703,221303.19067382813,0,404327403520,8589930496,6090956800,114688
9,1791556859194,2500,2500,2499,2500,2500,2500,2500,2500,2500,2499,2499,2499,2499,2499,2499,2499,100,0,0,5,0,0,5,5.263157844543457,0,0,0,0,0,0,0,0,84300.64392089844,221303.57720947266,0,404327403520,8589930496,6090956800,114688
10,1791556859204,2500,2500,2499,2500,2500,2500,2500,2500,2500,2499,2499,2499,2499,2499,2499,2499,100,0,0,5,0,0,5,5.263157844543457,0,0,0,0,0,0,0,0,84300.81219482422,221303.96911621094,0,404327403520,8589930496,6090956800,114688
9,1791556859214,2500,2500,2499,2500,2500,2500,2500,2500,2500,2499,2499,2499,2499,2499,2499,2499,100,0,0,5,0,0,5,5.263157844543457,0,0,0,0,0,0,0,0,84300.97387695313,221304.35943603516,0,404327403520,8589930496,6090956800,114688
9,1791556859224,2500,2500,2499,2500,2500,2500,2500,2500,2500,2499,2499,2499,2499,2499,2499,2499,100,0,0,5,0,0,5,5.263157844543457,0,0,0,0,0,0,0,0,84301.14038085938,221304.7469482422,0,404327403520,8589930496,6090956800,114688
9,1791556859234,2500,2500,2499,2500,2500,2500,2500,2500,2500,2499,2499,2499,2499,2499,2499,2499,100,0,0,5,0,0,5,5.263157844543457,0,0,0,0,0,0,0,0,84301.31018066406,221305.1372680664,0,404327403520,8589930496,6090956800,114688
10,1791556859244,2500,2500,2499,2500,2500,2500,2500,2500,2500,2499,2499,2499,2499,2499,2499,2499,100,0,0,5,0,0,5,5.263157844543457,0,0,0,0,0,0,0,0,84301.47723388672,221305.52490234375,0,404327403520,8589930496,6090956800,114688
9,1791556859254,2500,2500,2499,2500,2500,2500,2500,2500,2500,2499,2499,2499,2499,2499,2499,2499,100,0,0,5,0,0,5,5.263157844543457,0,0,0,0,0,0,0,0,84301.64666748047,221305.91662597656,0,404327403520,8589930496,6090956800,114688
9,1791556859264,2500,2500,2499,2500,2500,2500,2500,2500,2500,2499,2499,2499,2499,2499,2499,2499,100,0,0,5,0,0,5,5.263157844543457,0,0,0,0,0,0,0,0,84301.81677246094,221306.3077392578,0,404327403520,8589930496,6090956800,114688
9,1791556859275,2500,2500,2499,2500,2500,2500,2500,2500,2500,2499,2499,2499,2499,2499,2499,2499,100,0,0,5,0,0,5,5.263157844543457,0,0,0,0,0,0,0,0,84301.97692871094,221306.70178222656,0,404327403520,8589930496,6090956800,114688
9,1791556859285,2500,2500,2499,2500,2500,2500,2500,2500,2500,2499,2499,2499,2499,2499,2499,2499,100,0,0,5,0,0,5,5.263157844543457,0,0,0,0,0,0,0,0,84302.14471435547,221307.08477783203,0,404327403520,8589930496,6090956800,114688
9,1791556859295,2500,2500,2499,2500,2500,2500,2500,2500,2500,2499,2499,2499,2499,2499,2499,2499,100,0,0,5,0,0,5,5.263157844543457,0,0,0,0,0,0,0,0,84302.3324584961,221307.51470947266,0,404327403520,8589930496,6090956800,114688
9,1791556859305,2500,2500,2499,2500,2500,2500,2500,2500,2500,2499,2499,2499,2499,2499,2499,2499,100,0,0,5,0,0,5,5.263157844543457,0,0,0,0,0,0,0,0,84302.50817871094,221307.90789794922,0,404327403520,8589930496,6090956800,114688
9,1791556859315,2500,2500,2499,2500,2500,2500,2500,2500,2500,2499,2499,2499,2499,2499,2499,2499,100,0,0,5,0,0,5,5.263157844543457,0,0,0,0,0,0,0,0,84302.67901611328,221308.2921142578,0,404327403520,8589930496,6090956800,114688
9,1791556859325,2500,2500,2499,2500,2500,2500,2500,2500,2500,2499,2499,2499,2499,2499,2499,2499,100,0,0,5,0,0,5,5.263157844543457,0,0,0,0,0,0,0,0,84302.84240722656,221308.6880493164,0,404327403520,8589930496,6090956800,114688
10,1791556859335,2500,2500,2499,2500,2500,2500,2500,2500,2500,2499,2499,2499,2499,2499,2499,2499,100,0,0,5,0,0,5,5.263157844543457,0,0,0,0,0,0,0,0,84303.00842285156,221309.07025146484,0,404327403520,8589930496,6090956800,114688
9,1791556859345,2500,2500,2499,2500,2500,2500,2500,2500,2500,2499,2499,2499,2499,2499,2499,2499,100,0,0,5,0,0,5,5.263157844543457,0,0,0,0,0,0,0,0,84303.17102050781,221309.46936035156,0,404327403520,8589930496,6090956800,114688
9,1791556859355,2500,2500,2499,2500,2500,2500,2500,2500,2500,2499,2499,2499,2499,2499,2499,2499,100,0,0,5,0,0,5,5.263157844543457,0,0,0,0,0,0,0,0,84303.33654785156,221309.85217285156,0,404327403520,8589930496,6090956800,114688
9,1791556859365,2500,2500,2499,2500,2500,2500,2500,2500,2500,2499,2499,2499,2499,2499,2499,2499,100,0,0,5,0,0,5,5.263157844543457,0,0,0,0,0,0,0,0,84303.5101928711,221310.2426147461,0,404327403520,8589930496,6090956800,114688
10,1791556859375,2500,2500,2499,2500,2500,2500,2500,2500,2500,2499,2499,2499,2499,2499,2499,2499,100,0,0,5,0,0,5,5.263157844543457,0,0,0,0,0,0,0,0,84303.67785644531,221310.63165283203,0,404327403520,8589930496,6090956800,114688
9,1791556859385,2500,2500,2499,2500,2500,2500,2500,2500,2500,2499,2499,2499,2499,2499,2499,2499,100,0,0,5,0,0,5,5.263157844543457,0,0,0,0,0,0,0,0,84303.84265136719,221311.02154541016,0,404327403520,8589930496,6090956800,114688
9,1791556859395,2500,2500,2499,2500,2500,2500,2500,2500,2500,2499,2499,2499,2499,2499,2499,2499,100,0,0,5,0,0,0,0,0,0,0,0,0,0,0,0,84304.01147460938,221311.41326904297,0,404327403520,8589930496,6090956800,114688
10,1791556859405,2500,2500,2499,2500,2500,2500,2500,2500,2500,2499,2499,2499,2499,2499,2499,2499,100,0,0,5,0,0,0,0,0,0,0,0,0,0,0,0,84304.18182373047,221311.7977294922,0,404327403520,8589930496,6090956800,114688
9,1791556859416,2500,2500,2499,2500,2500,2500,2500,2500,2500,2499,2499,2499,2499,2499,2499,2499,100,0,0,5,0,0,0,0,0,0,0,0,0,0,0,0,84304.3486328125,221312.1869506836,0,404327403520,8589930496,6090956800,114688
9,1791556859426,2500,2500,2499,2500,2500,2500,2500,2500,2500,2499,2499,2499,2499,2499,2499,2499,100,0,0,5,0,0,0,0,0,0,0,0,0,0,0,0,84304.51525878906,221312.57696533203,0,404327403520,8589930496,6090956800,114688
10,1791556859436,2500,2500,2499,2500,2500,2500,2500,2500,2500,2499,2499,2499,2499,2499,2499,2499,100,0,0,5,0,0,0,0,0,0,0,0,0,0,0,0,84304.68170166016,221312.96575927734,0,404327403520,8589930496,6090956800,114688
9,1791556859446,2500,2500,2499,2500,2500,2500,2500,2500,2500,2499,2499,2499,2499,2499,2499,2499,100,0,0,5,0,0,0,0,0,0,0,0,0,0,0,0,84304.86199951172,221313.39422607422,0,404327403520,8589930496,6090956800,114688
9,1791556859456,2500,2500,2499,2500,2500,2500,2500,2500,2500,2499,2499,2499,2499,2499,2499,2499,100,0,0,5,0,0,0,0,0,0,0,0,0,0,0,0,84305.00567626953,221313.74572753906,0,404327403520,8589930496,6090956800,114688
9,1791556859466,2500,2500,2499,2500,2500,2500,2500,2500,2500,2499,2499,2499,2499,2499,2499,2499,100,0,0,5,0,0,0,0,0,0,0,0,0,0,0,0,84305.16668701172,221314.13549804688,0,404327403520,8589930496,6090956800,114688
9,1791556859476,2500,2500,2499,2500,2500,2500,2500,2500,2500,2499,2499,2499,2499,2499,2499,2499,100,0,0,5,0,0,0,0,0,0,0,0,0,0,0,0,84305.3515625,221314.56677246094,0,404327403520,8589930496,6090956800,114688
9,1791556859486,2500,2500,2499,2500,2500,2500,2500,2500,2500,2499,2499,2499,2499,2499,2499,2499,100,0,0,5,0,0,0,0,0,0,0,0,0,0,0,0,84305.50067138672,221314.91674804688,0,404327403520,8589930496,6090956800,114688
9,1791556859496,2500,2500,2499,2500,2500,2500,2500,2500,2500,2499,2499,2499,2499,2499,2499,2499,100,0,0,5,0,0,0,0,0,0,0,0,0,0,0,0,84305.68383789063,221315.34661865234,0,404327403520,8589930496,6090956800,114688
9,1791556859506,2500,2500,2499,2500,2500,2500,2500,2500,2500,2499,2499,2499,2499,2499,2499,2499,100,0,0,5,0,0,0,0,0,0,0,0,0,0,0,0,84305.84350585938,221315.7357788086,0,404327403520,8589930496,6090956800,114688
10,1791556859516,2500,2500,2499,2500,2500,2500,2500,2500,2500,2499,2499,2499,2499,2499,2499,2499,100,0,0,5,0,0,0,0,0,0,0,0,0,0,0,0,84306.00537109375,221316.12622070313,0,404327403520,8589930496,6090956800,114688
9,1791556859526,2500,2500,2499,2500,2500,2500,2500,2500,2500,2499,2499,2499,2499,2499,2499,2499,100,0,0,5,0,0,0,0,0,0,0,0,0,0,0,0,84306.16912841797,221316.5145263672,0,404327403520,8589930496,6090956800,114688
10,1791556859536,2500,2500,2499,2500,2500,2500,2500,2500,2500,2499,2499,2499,2499,2499,2499,2499,100,0,0,5,0,0,0,0,0,0,0,0,0,0,0,0,84306.32879638672,221316.90313720703,0,404327403520,8589930496,6090956800,114688
9,1791556859546,2500,2500,2499,2500,2500,2500,2500,2500,2500,2499,2499,2499,2499,2499,2499,2499,100,0,0,5,0,0,0,0,0,0,0,0,0,0,0,0,84306.49267578125,221317.29229736328,0,404327403520,8589930496,6090956800,114688
9,1791556859557,2500,2500,2499,2500,2500,2500,2500,2500,2500,2499,2499,2499,2499,2499,2499,2499,100,0,0,5,0,0,0,0,0,0,0,0,0,0,0,0,84306.65856933594,221317.6810913086,0,404327403520,8589930496,6090956800,114688
9,1791556859567,2500,2500,2499,2500,2500,2500,2500,2500,2500,2499,2499,2499,2499,2499,2499,2499,100,0,0,5,0,0,0,0,0,0,0,0,0,0,0,0,84306.822265625,221318.07135009766,0,404327403520,8589930496,6090956800,114688
9,1791556859577,2500,2500,2499,2500,2500,2500,2500,2500,2500,2499,2499,2499,2499,2499,2499,2499,100,0,0,5,0,0,0,0,0,0,0,0,0,0,0,0,84306.98962402344,221318.46166992188,0,404327403520,8589930496,6090956800,114688
10,1791556859587,2500,2500,2499,2500,2500,2500,2500,2500,2500,2499,2499,2499,2499,2499,2499,2499,100,0,0,5,0,0,0,0,0,0,0,0,0,0,0,0,84307.15478515625,221318.8486328125,0,404327403520,8589930496,6090956800,114688
9,1791556859597,2500,2500,2499,2500,2500,2500,2500,2500,2500,2499,2499,2499,2499,2499,2499,2499,100,0,0,0,0,5,0,5.263157844543457,0,0,0,0,0,0,0,0,84307.326171875,221319.2398071289,0,404327403520,8589930496,6090956800,114688
9,1791556859607,2500,2500,2499,2500,2500,2500,2500,2500,2500,2499,2499,2499,2499,2499,2499,2499,100,0,0,0,0,5,0,5.263157844543457,0,0,0,0,0,0,0,0,84307.49450683594,221319.62841796875,0,404327403520,8589930496,6090956800,114688
9,1791556859617,2500,2500,2499,2500,2500,2500,2500,2500,2500,2499,2499,2499,2499,2499,2499,2499,100,0,0,0,0,5,0,5.263157844543457,0,0,0,0,0,0,0,0,84307.65533447266,221320.01849365234,0,404327403520,8589930496,6090956800,114688
9,1791556859627,2500,2500,2499,2500,2500,2500,2500,2500,2500,2499,2499,2499,2499,2499,2499,2499,100,0,0,0,0,5,0,5.263157844543457,0,0,0,0,0,0,0,0,84307.8208618164,221320.4024658203,0,404327403520,8589930496,6090956800,114688
10,1791556859637,2500,2500,2499,2500,2500,2500,2500,2500,2500,2499,2499,2499,2499,2499,2499,2499,100,0,0,0,0,5,0,5.263157844543457,0,0,0,0,0,0,0,0,84307.98754882813,221320.79431152344,0,404327403520,8589930496,6090956800,114688
9,1791556859647,2500,2500,2499,2500,2500,2500,2500,2500,2500,2499,2499,2499,2499,2499,2499,2499,100,0,0,0,0,5,0,5.263157844543457,0,0,0,0,0,0,0,0,84308.16625976563,221321.22137451172,0,404327403520,8589930496,6090956800,114688
9,1791556859657,2500,2500,2499,2500,2500,2500,2500,2500,2500,2499,2499,2499,2499,2499,2499,2499,100,0,0,0,0,5,0,5.263157844543457,0,0,0,0,0,0,0,0,84308.33801269531,221321.61071777344,0,404327403520,8589930496,6090956800,114688
9,1791556859667,2500,2500,2499,2500,2500,2500,2500,2500,2500,2499,2499,2499,2499,2499,2499,2499,100,0,0,0,0,5,0,5.263157844543457,0,0,0,0,0,0,0,0,84308.50061035156,221322.00170898438,0,404327403520,8589930496,6090956800,114688
10,1791556859677,2500,2500,2499,2500,2500,2500,2500,2500,2500,2499,2499,2499,2499,2499,2499,2499,100,0,0,0,0,5,0,5.263157844543457,0,0,0,0,0,0,0,0,84308.66473388672,221322.39349365234,0,404327403520,8589930496,6090956800,114688
9,1791556859687,2500,2500,2499,2500,2500,2500,2500,2500,2500,2499,2499,2499,2499,2499,2499,2499,100,0,0,0,0,5,0,5.263157844543457,0,0,0,0,0,0,0,0,84308.8330078125,221322.7826538086,0,404327403520,8589930496,6090956800,114688
9,1791556859697,2500,2500,2499,2500,2500,2500,2500,2500,2500,2499,2499,2499,2499,2499,2499,2499,100,0,0,0,0,5,0,5.263157844543457,0,0,0,0,0,0,0,0,84309.00164794922,221323.17205810547,0,404327403520,8589930496,6090956800,114688
9,1791556859708,2500,2500,2499,2500,2500,2500,2500,2500,2500,2499,2499,2499,2499,2499,2499,2499,100,0,0,0,0,5,0,5.263157844543457,0,0,0,0,0,0,0,0,84309.17248535156,221323.5626220703,0,404327403520,8589930496,6090956800,114688
10,1791556859718,2500,2500,2499,2500,2500,2500,2500,2500,2500,2499,2499,2499,2499,2499,2499,2499,100,0,0,0,0,5,0,5.263157844543457,0,0,0,0,0,0,0,0,84309.34674072266,221323.95001220703,0,404327403520,8589930496,6090956800,114688
9,1791556859728,2500,2500,2499,2500,2500,2500,2500,2500,2500,2499,2499,2499,2499,2499,2499,2499,100,0,0,0,0,5,0,5.263157844543457,0,0,0,0,0,0,0,0,84309.51391601563,221324.33520507813,0,404327403520,8589930496,6090956800,114688
9,1791556859738,2500,2500,2499,2500,2500,2500,2500,2500,2500,2499,2499,2499,2499,2499,2499,2499,100,0,0,0,0,5,0,5.263157844543457,0,0,0,0,0,0,0,0,84309.68286132813,221324.72033691406,0,404327403520,8589930496,6090956800,114688
9,1791556859748,2500,2500,2499,2500,2500,2500,2500,2500,2500,2499,2499,2499,2499,2499,2499,2499,100,0,0,0,0,5,0,5.263157844543457,0,0,0,0,0,0,0,0,84309.84875488281,221325.11126708984,0,404327403520,8589930496,6090956800,114688
9,1791556859758,2500,2500,2499,2500,2500,2500,2500,2500,2500,2499,2499,2499,2499,2499,2499,2499,100,0,0,0,0,5,0,5.263157844543457,0,0,0,0,0,0,0,0,84310.01208496094,221325.49963378906,0,404327403520,8589930496,6090956800,114688
9,1791556859768,2500,2500,2499,2500,2500,2500,2500,2500,2500,2499,2499,2499,2499,2499,2499,2499,100,0,0,0,0,5,0,5.263157844543457,0,0,0,0,0,0,0,0,84310.17950439453,221325.89086914063,0,404327403520,8589930496,6090956800,114688
9,1791556859778,2500,2500,2499,2500,2500,2500,2500,2500,2500,2499,2499,2499,2499,2499,2499,2499,100,0,0,0,0,5,0,5.263157844543457,0,0,0,0,0,0,0,0,84310.35217285156,221326.28186035156,0,404327403520,8589930496,6090956800,114688
9,1791556859788,2500,2500,2499,2500,2500,2500,2500,2500,2500,2499,2499,2499,2499,2499,2499,2499,100,0,0,0,0,5,0,5.263157844543457,0,0,0,0,0,0,0,0,84310.53698730469,221326.70794677734,0,404327403520,8589930496,6090956800,114688
10,1791556859798,2500,2500,2499,2500,2500,2500,2500,2500,2500,2499,2499,2499,2499,2499,2499,2499,100,0,5.263157844543457,0,0,0,0,10,0,0,0,0,0,0,0,0,84310.68713378906,221327.06036376953,0,404327403520,8589930496,6090956800,114688
9,1791556859808,2500,2500,2499,2500,2500,2500,2500,2500,2500,2499,2499,2499,2499,2499,2499,2499,100,0,5.263157844543457,0,0,0,0,10,0,0,0,0,0,0,0,0,84310.87042236328,221327.48571777344,0,404327403520,8589930496,6090956800,114688
9,1791556859818,2500,2500,2499,2500,2500,2500,2500,2500,2500,2499,2499,2499,2499,2499,2499,2499,100,0,5.263157844543457,0,0,0,0,10,0,0,0,0,0,0,0,0,84311.03063964844,221327.87622070313,0,404327403520,8589930496,6090956800,114688
9,1791556859828,2500,2500,2499,2500,2500,2500,2500,2500,2500,2499,2499,2499,2499,2499,2499,2499,100,0,5.263157844543457,0,0,0,0,10,0,0,0,0,0,0,0,0,84311.19635009766,221328.26428222656,0,404327403520,8589930496,6090956800,114688
10,1791556859838,2500,2500,2499,2500,2500,2500,2500,2500,2500,2499,2499,2499,2499,2499,2499,2499,100,0,5.263157844543457,0,0,0,0,10,0,0,0,0,0,0,0,0,84311.36126708984,221328.65588378906,0,404327403520,8589930496,6090956800,114688
9,1791556859849,2500,2500,2499,2500,2500,2500,2500,2500,2500,2499,2499,2499,2499,2499,2499,2499,100,0,5.263157844543457,0,0,0,0,10,0,0,0,0,0,0,0,0,84311.52954101563,221329.0460205078,0,404327403520,8589930496,6090956800,114688
9,1791556859859,2500,2500,2499,2500,2500,2500,2500,2500,2500,2499,2499,2499,2499,2499,2499,2499,100,0,5.263157844543457,0,0,0,0,10,0,0,0,0,0,0,0,0,84311.70013427734,221329.43603515625,0,404327403520,8589930496,6090956800,114688
9,1791556859869,2500,2500,2499,2500,2500,2500,2500,2500,2500,2499,2499,2499,2499,2499,2499,2499,100,0,5.263157844543457,0,0,0,0,10,0,0,0,0,0,0,0,0,84311.8656616211,221329.8232421875,0,404327403520,8589930496,6090956800,114688
9,1791556859879,2500,2500,2499,2500,2500,2500,2500,2500,2500,2499,2499,2499,2499,2499,2499,2499,100,0,5.263157844543457,0,0,0,0,10,0,0,0,0,0,0,0,0,84312.0341796875,221330.21368408203,0,404327403520,8589930496,6090956800,114688
9,1791556859889,2500,2500,2499,2500,2500,2500,2500,2500,2500,2499,2499,2499,2499,2499,2499,2499,100,0,5.263157844543457,0,0,0,0,10,0,0,0,0,0,0,0,0,84312.20190429688,221330.6049194336,0,404327403520,8589930496,6090956800,114688
9,1791556859899,2500,2500,2499,2500,2500,2500,2500,2500,2500,2499,2499,2499,2499,2499,2499,2499,100,0,5.263157844543457,0,0,0,0,10,0,0,0,0,0,0,0,0,84312.37725830078,221330.9881591797,0,404327403520,8589930496,6090956800,114688
9,1791556859909,2500,2500,2499,2500,2500,2500,2500,2500,2500,2499,2499,2499,2499,2499,2499,2499,100,0,5.263157844543457,0,0,0,0,10,0,0,0,0,0,0,0,0,84312.54168701172,221331.37811279297,0,404327403520,8589930496,6090956800,114688
10,1791556859919,2500,2500,2499,2500,2500,2500,2500,2500,2500,2499,2499,2499,2499,2499,2499,2499,100,0,5.263157844543457,0,0,0,0,10,0,0,0,0,0,0,0,0,84312.70849609375,221331.7691040039,0,404327403520,8589930496,6090956800,114688
9,1791556859929,2500,2500,2499,2500,2500,2500,2500,2500,2500,2499,2499,2499,2499,2499,2499,2499,100,0,5.263157844543457,0,0,0,0,10,0,0,0,0,0,0,0,0,84312.88079833984,221332.158203125,0,404327403520,8589930496,6090956800,114688
9,1791556859939,2500,2500,2499,2500,2500,2500,2500,2500,2500,2499,2499,2499,2499,2499,2499,2499,100,0,5.263157844543457,0,0,0,0,10,0,0,0,0,0,0,0,0,84313.04541015625,221332.54681396484,0,404327403520,8589930496,6090956800,114688
9,1791556859949,2500,2500,2499,2500,2500,2500,2500,2500,2500,2499,2499,2499,2499,2499,2499,2499,100,0,5.263157844543457,0,0,0,0,10,0,0,0,0,0,0,0,0,84313.21179199219,221332.93579101563,0,404327403520,8589930496,6090956800,114688
9,1791556859959,2500,2500,2499,2500,2500,2500,2500,2500,2500,2499,2499,2499,2499,2499,2499,2499,100,0,5.263157844543457,0,0,0,0,10,0,0,0,0,0,0,0,0,84313.37908935547,221333.32458496094,0,404327403520,8589930496,6090956800,114688
10,1791556859969,2500,2500,2499,2500,2500,2500,2500,2500,2500,2499,2499,2499,2499,2499,2499,2499,100,0,5.263157844543457,0,0,0,0,10,0,0,0,0,0,0,0,0,84313.54650878906,221333.7124633789,0,404327403520,8589930496,6090956800,114688
10,1791556859979,2500,2500,2499,2500,2500,2500,2500,2500,2500,2499,2499,2499,2499,2499,2499,2499,100,0,5.263157844543457,0,0,0,0,10,0,0,0,0,0,0,0,0,84313.71496582031,221334.10205078125,0,404327403520,8589930496,6090956800,114688
9,1791556859989,2500,2500,2499,2500,2500,2500,2500,2500,2500,2499,2499,2499,2499,2499,2499,2499,100,0,5.263157844543457,0,0,0,0,10,0,0,0,0,0,0,0,0,84313.89624023438,221334.52899169922,0,404327403520,8589930496,6090956800,114688
9,1791556860000,2500,2500,2499,2500,2500,2500,2500,2500,2500,2499,2499,2499,2499,2499,2499,2499,100,0,5,0,0,0,5,5.263157844543457,0,0,0,0,0,4.761904716491699,0,0,84314.06420898438,221334.9183959961,0,404327403520,8589930496,6090956800,114688
9,1791556860010,2500,2500,2499,2500,2500,2500,2500,2500,2500,2499,2499,2499,2499,2499,2499,2499,100,0,5,0,0,0,5,5.263157844543457,0,0,0,0,0,4.761904716491699,0,0,84314.23571777344,221335.30853271484,0,404327403520,8589930496,6090956800,114688
9,1791556860020,2500,2500,2499,2500,2500,2500,2500,2500,2500,2499,2499,2499,2499,2499,2499,2499,100,0,5,0,0,0,5,5.263157844543457,0,0,0,0,0,4.761904716491699,0,0,84314.40362548828,221335.6997680664,0,404327403520,8589930496,6090956800,114688
9,1791556860030,2500,2500,2499,2500,2500,2500,2500,2500,2500,2499,2499,2499,2499,2499,2499,2499,100,0,5,0,0,0,5,5.263157844543457,0,0,0,0,0,4.761904716491699,0,0,84314.56549072266,221336.08825683594,0,404327403520,8589930496,6090956800,114688
9,1791556860040,2500,2500,2499,2500,2500,2500,2500,2500,2500,2499,2499,2499,2499,2499,2499,2499,100,0,5,0,0,0,5,5.263157844543457,0,0,0,0,0,4.761904716491699,0,0,84314.72625732422,221336.4760131836,0,404327403520,8589930496,6090956800,114688
9,1791556860050,2500,2500,2499,2500,2500,2500,2500,2500,2500,2499,2499,2499,2499,2499,2499,2499,100,0,5,0,0,0,5,5.263157844543457,0,0,0,0,0,4.761904716491699,0,0,84314.88848876953,221336.86669921875,0,404327403520,8589930496,6090956800,114688
9,1791556860060,2500,2500,2499,2500,2500,2500,2500,2500,2500,2499,2499,2499,2499,2499,2499,2499,100,0,5,0,0,0,5,5.263157844543457,0,0,0,0,0,4.761904716491699,0,0,84315.05358886719,221337.25677490234,0,404327403520,8589930496,6090956800,114688
9,1791556860070,2500,2500,2499,2500,2500,2500,2500,2500,2500,2499,2499,2499,2499,2499,2499,2499,100,0,5,0,0,0,5,5.263157844543457,0,0,0,0,0,4.761904716491699,0,0,84315.22003173828,221337.64709472656,0,404327403520,8589930496,6090956800,114688
10,1791556860080,2500,2500,2499,2500,2500,2500,2500,2500,2500,2499,2499,2499,2499,2499,2499,2499,100,0,5,0,0,0,5,5.263157844543457,0,0,0,0,0,4.761904716491699,0,0,84315.37976074219,221338.03839111328,0,404327403520,8589930496,6090698752,114688
9,1791556860090,2500,2500,2499,2500,2500,2500,2500,2500,2500,2499,2499,2499,2499,2499,2499,2499,100,0,5,0,0,0,5,5.263157844543457,0,0,0,0,0,4.761904716491699,0,0,84315.54650878906,221338.4242553711,0,404327403520,8589930496,6090698752,114688
9,1791556860100,2500,2500,2499,2500,2500,2500,2500,2500,2500,2499,2499,2499,2499,2499,2499,2499,100,0,5,0,0,0,5,5.263157844543457,0,0,0,0,0,4.761904716491699,0,0,84315.71643066406,221338.81451416016,0,404327403520,8589930496,6090698752,114688
9,1791556860110,2500,2500,2499,2500,2500,2500,2500,2500,2500,2499,2499,2499,2499,2499,2499,2499,100,0,5,0,0,0,5,5.263157844543457,0,0,0,0,0,4.761904716491699,0,0,84315.90283203125,221339.2059326172,0,404327403520,8589930496,6090698752,114688
9,1791556860120,2500,2500,2499,2500,2500,2500,2500,2500,2500,2499,2499,2499,2499,2499,2499,2499,100,0,5,0,0,0,5,5.263157844543457,0,0,0,0,0,4.761904716491699,0,0,84316.05712890625,221339.59594726563,0,404327403520,8589930496,6090698752,114688
9,1791556860131,2500,2500,2499,2500,2500,2500,2500,2500,2500,2499,2499,2499,2499,2499,2499,2499,100,0,5,0,0,0,5,5.263157844543457,0,0,0,0,0,4.761904716491699,0,0,84316.24420166016,221340.025390625,0,404327403520,8589930496,6090698752,114688
9,1791556860141,2500,2500,2499,2500,2500,2500,2500,2500,2500,2499,2499,2499,2499,2499,2499,2499,100,0,5,0,0,0,5,5.263157844543457,0,0,0,0,0,4.761904716491699,0,0,84316.41882324219,221340.41314697266,0,404327403520,8589930496,6062501888,114688
9,1791556860151,2500,2500,2499,2500,2500,2500,2500,2500,2500,2499,2499,2499,2499,2499,2499,2499,100,0,5,0,0,0,5,5.263157844543457,0,0,0,0,0,4.761904716491699,0,0,84316.58422851563,221340.8041381836,0,404327403520,8589930496,6062501888,114688
9,1791556860161,2500,2500,2499,2500,2500,2500,2500,2500,2500,2499,2499,2499,2499,2499,2499,2499,100,0,5,0,0,0,5,5.263157844543457,0,0,0,0,0,4.761904716491699,0,0,84316.74938964844,221341.19427490234,0,404327403520,8589930496,6062501888,114688
9,1791556860171,2500,2500,2499,2500,2500,2500,2500,2500,2500,2499,2499,2499,2499,2499,2499,2499,100,0,5,0,0,0,5,5.263157844543457,0,0,0,0,0,4.761904716491699,0,0,84316.92095947266,221341.58013916016,0,404327403520,8589930496,6062501888,114688
9,1791556860181,2500,2500,2499,2500,2500,2500,2500,2500,2500,2499,2499,2499,2499,2499,2499,2499,100,0,5,0,0,0,5,5.263157844543457,0,0,0,0,0,4.761904716491699,0,0,84317.09497070313,221341.9705810547,0,404327403520,8589930496,6062501888,114688
9,1791556860191,2500,2500,2499,2500,2500,2500,2500,2500,2500,2499,2499,2499,2499,2499,2499,2499,100,0,5,0,0,0,5,5.263157844543457,0,0,0,0,0,4.761904716491699,0,0,84317.26007080078,221342.36108398438,0,404327403520,8589930496,6062501888,114688
10,1791556860201,2500,2500,2499,2500,2500,2500,2500,2500,2500,2499,2499,2499,2499,2499,2499,2499,100,0,0,5,4.761904716491699,0,0,0,0,0,0,0,0,0,0,0,84317.42681884766,221342.7509765625,0,404327403520,8589930496,6062501888,114688
9,1791556860211,2500,2500,2499,2500,2500,2500,2500,2500,2500,2499,2499,2499,2499,2499,2499,2499,100,0,0,5,4.761904716491699,0,0,0,0,0,0,0,0,0,0,0,84317.59490966797,221343.1416015625,0,404327403520,8589930496,6062501888,114688
9,1791556860221,2500,2500,2499,2500,2500,2500,2500,2500,2500,2499,2499,2499,2499,2499,2499,2499,100,0,0,5,4.761904716491699,0,0,0,0,0,0,0,0,0,0,0,84317.76062011719,221343.5294189453,0,404327403520,8589930496,6062501888,114688
9,1791556860231,2500,2500,2499,2500,2500,2500,2500,2500,2500,2499,2499,2499,2499,2499,2499,2499,100,0,0,5,4.761904716491699,0,0,0,0,0,0,0,0,0,0,0,84317.92779541016,221343.91961669922,0,404327403520,8589930496,6062501888,114688
9,1791556860241,2500,2500,2499,2500,2500,2500,2500,2500,2500,2499,2499,2499,2499,2499,2499,2499,100,0,0,5,4.761904716491699,0,0,0,0,0,0,0,0,0,0,0,84318.09912109375,221344.30737304688,0,404327403520,8589930496,6062501888,114688
9,1791556860251,2500,2500,2499,2500,2500,2500,2500,2500,2500,2499,2499,2499,2499,2499,2499,2499,100,0,0,5,4.761904716491699,0,0,0,0,0,0,0,0,0,0,0,84318.26434326172,221344.697265625,0,404327403520,8589930496,6062501888,114688
10,1791556860261,2500,2500,2499,2500,2500,2500,2500,2500,2500,2499,2499,2499,2499,2499,2499,2499,100,0,0,5,4.761904716491699,0,0,0,0,0,0,0,0,0,0,0,84318.43078613281,221345.08709716797,0,404327403520,8589930496,6062501888,114688
9,1791556860272,2500,2500,2499,2500,2500,2500,2500,2500,2500,2499,2499,2499,2499,2499,2499,2499,100,0,0,5,4.761904716491699,0,0,0,0,0,0,0,0,0,0,0,84318.61260986328,221345.51654052734,0,404327403520,8589930496,6062501888,114688
10,1791556860282,2500,2500,2499,2500,2500,2500,2500,2500,2500,2499,2499,2499,2499,2499,2499,2499,100,0,0,5,4.761904716491699,0,0,0,0,0,0,0,0,0,0,0,84318.7612915039,221345.8648071289,0,404327403520,8589930496,6062501888,114688
9,1791556860292,2500,2500,2499,2500,2500,2500,2500,2500,2500,2499,2499,2499,2499,2499,2499,2499,100,0,0,5,4.761904716491699,0,0,0,0,0,0,0,0,0,0,0,84318.93975830078,221346.29461669922,0,404327403520,8589930496,6062501888,114688
9,1791556860302,2500,2500,2499,2500,2500,2500,2500,2500,2500,2499,2499,2499,2499,2499,2499,2499,100,0,0,5,4.761904716491699,0,0,0,0,0,0,0,0,0,0,0,84319.10485839844,221346.68298339844,0,404327403520,8589930496,6062501888,114688
10,1791556860312,2500,2500,2499,2500,2500,2500,2500,2500,2500,2499,2499,2499,2499,2499,2499,2499,100,0,0,5,4.761904716491699,0,0,0,0,0,0,0,0,0,0,0,84319.2621459961,221347.0732421875,0,404327403520,8589930496,6062501888,114688
9,1791556860322,2500,2500,2499,2500,2500,2500,2500,2500,2500,2499,2499,2499,2499,2499,2499,2499,100,0,0,5,4.761904716491699,0,0,0,0,0,0,0,0,0,0,0,84319.43060302734,221347.46282958984,0,404327403520,8589930496,6062501888,114688
9,1791556860332,2500,2500,2499,2500,2500,2500,2500,2500,2500,2499,2499,2499,2499,2499,2499,2499,100,0,0,5,4.761904716491699,0,0,0,0,0,0,0,0,0,0,0,84319.59869384766,221347.8529663086,0,404327403520,8589930496,6062501888,114688
10,1791556860342,2500,2500,2499,2500,2500,2500,2500,2500,2500,2499,2499,2499,2499,2499,2499,2499,100,0,0,5,4.761904716491699,0,0,0,0,0,0,0,0,0,0,0,84319.75927734375,221348.2416381836,0,404327403520,8589930496,6062501888,114688
9,1791556860352,2500,2500,2499,2500,2500,2500,2500,2500,2500,2499,2499,2499,2499,2499,2499,2499,100,0,0,5,4.761904716491699,0,0,0,0,0,0,0,0,0,0,0,84319.92791748047,221348.63275146484,0,404327403520,8589930496,6062501888,114688
10,1791556860362,2500,2500,2499,2500,2500,2500,2500,2500,2500,2499,2499,2499,2499,2499,2499,2499,100,0,0,5,4.761904716491699,0,0,0,0,0,0,0,0,0,0,0,84320.09838867188,221349.0235595703,0,404327403520,8589930496,6062501888,114688
9,1791556860372,2500,2500,2499,2500,2500,2500,2500,2500,2500,2499,2499,2499,2499,2499,2499,2499,100,0,0,5,4.761904716491699,0,0,0,0,0,0,0,0,0,0,0,84320.26861572266,221349.4140625,0,404327403520,8589930496,6062501888,114688
9,1791556860382,2500,2500,2499,2500,2500,2500,2500,2500,2500,2499,2499,2499,2499,2499,2499,2499,100,0,0,5,4.761904716491699,0,0,0,0,0,0,0,0,0,0,0,84320.43127441406,221349.802734375,0,404327403520,8589930496,6062501888,114688
10,1791556860392,2500,2500,2499,2500,2500,2500,2500,2500,2500,2499,2499,2499,2499,2499,2499,2499,100,0,0,5,4.761904716491699,0,0,0,0,0,0,0,0,0,0,0,84320.59735107422,221350.1932373047,0,404327403520,8589930496,6062501888,114688
10,1791556860402,2500,2500,2499,2500,2500,2500,2500,2500,2500,2499,2499,2499,2499,2499,2499,2499,100,0,0,0,0,5,0,10,0,0,0,0,0,0,0,0,84320.76672363281,221350.5819091797,0,404327403520,8589930496,6062501888,114688
9,1791556860413,2500,2500,2499,2500,2500,2500,2500,2500,2500,2499,2499,2499,2499,2499,2499,2499,100,0,0,0,0,5,0,10,0,0,0,0,0,0,0,0,84320.93273925781,221350.97100830078,0,404327403520,8589930496,6062501888,114688
10,1791556860423,2500,2500,2499,2500,2500,2500,2500,2500,2500,2499,2499,2499,2499,2499,2499,2499,100,0,0,0,0,5,0,10,0,0,0,0,0,0,0,0,84321.0951538086,221351.3687133789,0,404327403520,8589930496,6062501888,114688
10,1791556860433,2500,2500,2499,2500,2500,2500,2500,2500,2500,2499,2499,2499,2499,2499,2499,2499,100,0,0,0,0,5,0,10,0,0,0,0,0,0,0,0,84321.265625,221351.7494506836,0,404327403520,8589930496,6062501888,114688
9,1791556860443,2500,2500,2499,2500,2500,2500,2500,2500,2500,2499,2499,2499,2499,2499,2499,2499,100,0,0,0,0,5,0,10,0,0,0,0,0,0,0,0,84321.44818115234,221352.1778564453,0,404327403520,8589930496,6062501888,114688
9,1791556860453,2500,2500,2499,2500,2500,2500,2500,2500,2500,2499,2499,2499,2499,2499,2499,2499,100,0,0,0,0,5,0,10,0,0,0,0,0,0,0,0,84321.60089111328,221352.52740478516,0,404327403520,8589930496,6062501888,114688
9,1791556860463,2500,2500,2499,2500,2500,2500,2500,2500,2500,2499,2499,2499,2499,2499,2499,2499,100,0,0,0,0,5,0,10,0,0,0,0,0,0,0,0,84321.7894897461,221352.95806884766,0,404327403520,8589930496,6062501888,114688
9,1791556860473,2500,2500,2499,2500,2500,2500,2500,2500,2500,2499,2499,2499,2499,2499,2499,2499,100,0,0,0,0,5,0,10,0,0,0,0,0,0,0,0,84321.9447631836,221353.31060791016,0,404327403520,8589930496,6062501888,114688
9,1791556860483,2500,2500,2499,2500,2500,2500,2500,2500,2500,2499,2499,2499,2499,2499,2499,2499,100,0,0,0,0,5,0,10,0,0,0,0,0,0,0,0,84322.13171386719,221353.73657226563,0,404327403520,8589930496,6062501888,114688
10,1791556860493,2500,2500,2499,2500,2500,2500,2500,2500,2500,2499,2499,2499,2499,2499,2499,2499,100,0,0,0,0,5,0,10,0,0,0,0,0,0,0,0,84322.29357910156,221354.12579345703,0,404327403520,8589930496,6062501888,114688
9,1791556860503,2500,2500,2499,2500,2500,2500,2500,2500,2500,2499,2499,2499,2499,2499,2499,2499,100,0,0,0,0,5,0,10,0,0,0,0,0,0,0,0,84322.4556274414,221354.51495361328,0,404327403520,8589930496,6062501888,114688
9,1791556860513,2500,2500,2499,2500,2500,2500,2500,2500,2500,2499,2499,2499,2499,2499,2499,2499,100,0,0,0,0,5,0,10,0,0,0,0,0,0,0,0,84322.62042236328,221354.89910888672,0,404327403520,8589930496,6062501888,114688
9,1791556860523,2500,2500,2499,2500,2500,2500,2500,2500,2500,2499,2499,2499,2499,2499,2499,2499,100,0,0,0,0,5,0,10,0,0,0,0,0,0,0,0,84322.78814697266,221355.29467773438,0,404327403520,8589930496,6062501888,114688
10,1791556860533,2500,2500,2499,2500,2500,2500,2500,2500,2500,2499,2499,2499,2499,2499,2499,2499,100,0,0,0,0,5,0,10,0,0,0,0,0,0,0,0,84322.95635986328,221355.68688964844,0,404327403520,8589930496,6062501888,114688
9,1791556860543,2500,2500,2499,2500,2500,2500,2500,2500,2500,2499,2499,2499,2499,2499,2499,2499,100,0,0,0,0,5,0,10,0,0,0,0,0,0,0,0,84323.12829589844,221356.0693359375,0,404327403520,8589930496,6062501888,114688
9,1791556860554,2500,2500,2499,2500,2500,2500,2500,2500,2500,2499,2499,2499,2499,2499,2499,2499,100,0,0,0,0,5,0,10,0,0,0,0,0,0,0,0,84323.29400634766,221356.46014404297,0,404327403520,8589930496,6062501888,114688
9,1791556860564,2500,2500,2499,2500,2500,2500,2500,2500,2500,2499,2499,2499,2499,2499,2499,2499,100,0,0,0,0,5,0,10,0,0,0,0,0,0,0,0,84323.46374511719,221356.85205078125,0,404327403520,8589930496,6062501888,114688
9,1791556860574,2500,2500,2499,2500,2500,2500,2500,2500,2500,2499,2499,2499,2499,2499,2499,2499,100,0,0,0,0,5,0,10,0,0,0,0,0,0,0,0,84323.63458251953,221357.23693847656,0,404327403520,8589930496,6062501888,114688
9,1791556860584,2500,2500,2499,2500,2500,2500,2500,2500,2500,2499,2499,2499,2499,2499,2499,2499,100,0,0,0,0,5,0,10,0,0,0,0,0,0,0,0,84323.81378173828,221357.6669921875,0,404327403520,8589930496,6062501888,114688
10,1791556860594,2500,2500,2499,2500,2500,2500,2500,2500,2500,2499,2499,2499,2499,2499,2499,2499,100,0,0,0,0,5,0,10,0,0,0,0,0,0,0,0,84323.96264648438,221358.01922607422,0,404327403520,8589930496,6062501888,114688
9,1791556860604,2500,2500,2499,2500,2500,2500,2500,2500,2500,2499,2499,2499,2499,2499,2499,2499,100,0,5,0,0,0,0,0,0,0,0,0,0,0,0,0,84324.14544677734,221358.4490966797,0,404327403520,8589930496,6062501888,114688
9,1791556860614,2500,2500,2499,2500,2500,2500,2500,2500,2500,2499,2499,2499,2499,2499,2499,2499,100,0,5,0,0,0,0,0,0,0,0,0,0,0,0,0,84324.31353759766,221358.83959960938,0,404327403520,8589930496,6062501888,114688
9,1791556860624,2500,2500,2499,2500,2500,2500,2500,2500,2500,2499,2499,2499,2499,2499,2499,2499,100,0,5,0,0,0,0,0,0,0,0,0,0,0,0,0,84324.47717285156,221359.2305908203,0,404327403520,8589930496,6062501888,114688
9,1791556860634,2500,2500,2499,2500,2500,2500,2500,2500,2500,2499,2499,2499,2499,2499,2499,2499,100,0,5,0,0,0,0,0,0,0,0,0,0,0,0,0,84324.64093017578,221359.62158203125,0,404327403520,8589930496,6062501888,114688
9,1791556860644,2500,2500,2499,2500,2500,2500,2500,2500,2500,2499,2499,2499,2499,2499,2499,2499,100,0,5,0,0,0,0,0,0,0,0,0,0,0,0,0,84324.80474853516,221360.01110839844,0,404327403520,8589930496,6062501888,114688
10,1791556860654,2500,2500,2499,2500,2500,2500,2500,2500,2500,2499,2499,2499,2499,2499,2499,2499,100,0,5,0,0,0,0,0,0,0,0,0,0,0,0,0,84324.97021484375,221360.40118408203,0,404327403520,8589930496,6062501888,114688
9,1791556860664,2500,2500,2499,2500,2500,2500,2500,2500,2500,2499,2499,2499,2499,2499,2499,2499,100,0,5,0,0,0,0,0,0,0,0,0,0,0,0,0,84325.13232421875,221360.79022216797,0,404327403520,8589930496,6062501888,114688
10,1791556860674,2500,2500,2499,2500,2500,2500,2500,2500,2500,2499,2499,2499,2499,2499,2499,2499,100,0,5,0,0,0,0,0,0,0,0,0,0,0,0,0,84325.29516601563,221361.1805419922,0,404327403520,8589930496,6062501888,114688
9,1791556860684,2500,2500,2499,2500,2500,2500,2500,2500,2500,2499,2499,2499,2499,2499,2499,2499,100,0,5,0,0,0,0,0,0,0,0,0,0,0,0,0,84325.46325683594,221361.5703125,0,404327403520,8589930496,6062501888,114688
9,1791556860695,2500,2500,2499,2500,2500,2500,2500,2500,2500,2499,2499,2499,2499,2499,2499,2499,100,0,5,0,0,0,0,0,0,0,0,0,0,0,0,0,84325.63061523438,221361.9600830078,0,404327403520,8589930496,6062501888,114688
9,1791556860705,2500,2500,2499,2500,2500,2500,2500,2500,2500,2499,2499,2499,2499,2499,2499,2499,100,0,5,0,0,0,0,0,0,0,0,0,0,0,0,0,84325.79357910156,221362.35174560547,0,404327403520,8589930496,6062501888,114688
10,1791556860715,2500,2500,2499,2500,2500,2500,2500,2500,2500,2499,2499,2499,2499,2499,2499,2499,100,0,5,0,0,0,0,0,0,0,0,0,0,0,0,0,84325.9584350586,221362.74169921875,0,404327403520,8589930496,6062501888,114688
9,1791556860725,2500,2500,2499,2500,2500,2500,2500,2500,2500,2499,2499,2499,2499,2499,2499,2499,100,0,5,0,0,0,0,0,0,0,0,0,0,0,0,0,84326.12744140625,221363.13220214844,0,404327403520,8589930496,6062501888,114688
9,1791556860735,2500,2500,2499,2500,2500,2500,2500,2500,2500,2499,2499,2499,2499,2499,2499,2499,100,0,5,0,0,0,0,0,0,0,0,0,0,0,0,0,84326.29388427734,221363.5225830078,0,404327403520,8589930496,6062501888,114688
9,1791556860745,2500,2500,2499,2500,2500,2500,2500,2500,2500,2499,2499,2499,2499,2499,2499,2499,100,0,5,0,0,0,0,0,0,0,0,0,0,0,0,0,84326.46618652344,221363.91009521484,0,404327403520,8589930496,6062501888,114688
9,1791556860755,2500,2500,2499,2500,2500,2500,2500,2500,2500,2499,2499,2499,2499,2499,2499,2499,100,0,5,0,0,0,0,0,0,0,0,0,0,0,0,0,84326.6357421875,221364.30139160156,0,404327403520,8589930496,6062501888,114688
10,1791556860765,2500,2500,2499,2500,2500,2500,2500,2500,2500,2499,2499,2499,2499,2499,2499,2499,100,0,5,0,0,0,0,0,0,0,0,0,0,0,0,0,84326.8071899414,221364.68908691406,0,404327403520,8589930496,6062501888,114688
9,1791556860775,2500,2500,2499,2500,2500,2500,2500,2500,2500,2499,2499,2499,2499,2499,2499,2499,100,0,5,0,0,0,0,0,0,0,0,0,0,0,0,0,84326.9736328125,221365.0799560547,0,404327403520,8589930496,6062501888,114688
9,1791556860785,2500,2500,2499,2500,2500,2500,2500,2500,2500,2499,2499,2499,2499,2499,2499,2499,100,0,5,0,0,0,0,0,0,0,0,0,0,0,0,0,84327.15124511719,221365.51220703125,0,404327403520,8589930496,6062501888,114688
9,1791556860795,2500,2500,2499,2500,2500,2500,2500,2500,2500,2499,2499,2499,2499,2499,2499,2499,100,0,5,0,0,0,0,0,0,0,0,0,0,0,0,0,84327.3217163086,221365.9022216797,0,404327403520,8589930496,6062501888,114688
9,1791556860805,2500,2500,2499,2500,2500,2500,2500,2500,2500,2499,2499,2499,2499,2499,2499,2499,100,0,0,0,0,0,0,10,0,0,0,0,0,0,0,0,84327.48742675781,221366.29315185547,0,404327403520,8589930496,6062501888,114688
9,1791556860815,2500,2500,2499,2500,2500,2500,2500,2500,2500,2499,2499,2499,2499,2499,2499,2499,100,0,0,0,0,0,0,10,0,0,0,0,0,0,0,0,84327.65496826172,221366.68536376953,0,404327403520,8589930496,6062501888,114688
9,1791556860825,2500,2500,2499,2500,2500,2500,2500,2500,2500,2499,2499,2499,2499,2499,2499,2499,100,0,0,0,0,0,0,10,0,0,0,0,0,0,0,0,84327.81646728516,221367.07763671875,0,404327403520,8589930496,6062501888,114688
10,1791556860835,2500,2500,2499,2500,2500,2500,2500,2500,2500,2499,2499,2499,2499,2499,2499,2499,100,0,0,0,0,0,0,10,0,0,0,0,0,0,0,0,84327.98748779297,221367.4666748047,0,404327403520,8589930496,6062501888,114688
9,1791556860845,2500,2500,2499,2500,2500,2500,2500,2500,2500,2499,2499,2499,2499,2499,2499,2499,100,0,0,0,0,0,0,10,0,0,0,0,0,0,0,0,84328.15350341797,221367.85748291016,0,404327403520,8589930496,6062501888,114688
9,1791556860856,2500,2500,2499,2500,2500,2500,2500,2500,2500,2499,2499,2499,2499,2499,2499,2499,100,0,0,0,0,0,0,10,0,0,0,0,0,0,0,0,84328.3217163086,221368.2465209961,0,404327403520,8589930496,6062501888,114688
9,1791556860866,2500,2500,2499,2500,2500,2500,2500,2500,2500,2499,2499,2499,2499,2499,2499,2499,100,0,0,0,0,0,0,10,0,0,0,0,0,0,0,0,84328.48840332031,221368.63842773438,0,404327403520,8589930496,6062501888,114688
9,1791556860876,2500,2500,2499,2500,2500,2500,2500,2500,2500,2499,2499,2499,2499,2499,2499,2499,100,0,0,0,0,0,0,10,0,0,0,0,0,0,0,0,84328.65447998047,221369.02795410156,0,404327403520,8589930496,6062501888,114688
9,1791556860886,2500,2500,2499,2500,2500,2500,2500,2500,2500,2499,2499,2499,2499,2499,2499,2499,100,0,0,0,0,0,0,10,0,0,0,0,0,0,0,0,84328.81811523438,221369.4158935547,0,404327403520,8589930496,6062501888,114688
9,1791556860896,2500,2500,2499,2500,2500,2500,2500,2500,2500,2499,2499,2499,2499,2499,2499,2499,100,0,0,0,0,0,0,10,0,0,0,0,0,0,0,0,84328.98541259766,221369.80670166016,0,404327403520,8589930496,6062501888,114688
9,1791556860906,2500,2500,2499,2500,2500,2500,2500,2500,2500,2499,2499,2499,2499,2499,2499,2499,100,0,0,0,0,0,0,10,0,0,0,0,0,0,0,0,84329.15075683594,221370.19665527344,0,404327403520,8589930496,6062501888,114688
9,1791556860916,2500,2500,2499,2500,2500,2500,2500,2500,2500,2499,2499,2499,2499,2499,2499,2499,100,0,0,0,0,0,0,10,0,0,0,0,0,0,0,0,84329.31121826172,221370.5874633789,0,404327403520,8589930496,6062501888,114688
9,1791556860926,2500,2500,2499,2500,2500,2500,2500,2500,2500,2499,2499,2499,2499,2499,2499,2499,100,0,0,0,0,0,0,10,0,0,0,0,0,0,0,0,84329.47747802734,221370.97637939453,0,404327403520,8589930496,6062501888,114688
10,1791556860936,2500,2500,2499,2500,2500,2500,2500,2500,2500,2499,2499,2499,2499,2499,2499,2499,100,0,0,0,0,0,0,10,0,0,0,0,0,0,0,0,84329.6435546875,221371.36590576172,0,404327403520,8589930496,6062501888,114688
9,1791556860946,2500,2500,2499,2500,2500,2500,2500,2500,2500,2499,2499,2499,2499,2499,2499,2499,100,0,0,0,0,0,0,10,0,0,0,0,0,0,0,0,84329.81103515625,221371.7559814453,0,404327403520,8589930496,6062501888,114688
9,1791556860956,2500,2500,2499,2500,2500,2500,2500,2500,2500,2499,2499,2499,2499,2499,2499,2499,100,0,0,0,0,0,0,10,0,0,0,0,0,0,0,0,84329.98736572266,221372.18463134766,0,404327403520,8589930496,6062501888,114688
9,1791556860966,2500,2500,2499,2500,2500,2500,2500,2500,2500,2499,2499,2499,2499,2499,2499,2499,100,0,0,0,0,0,0,10,0,0,0,0,0,0,0,0,84330.1517944336,221372.5750732422,0,404327403520,8589930496,6062501888,114688
9,1791556860976,2500,2500,2499,2500,2500,2500,2500,2500,2500,2499,2499,2499,2499,2499,2499,2499,100,0,0,0,0,0,0,10,0,0,0,0,0,0,0,0,84330.31713867188,221372.96612548828,0,404327403520,8589930496,6062501888,114688
9,1791556860987,2500,2500,2499,2500,2500,2500,2500,2500,2500,2499,2499,2499,2499,2499,2499,2499,100,0,0,0,0,0,0,10,0,0,0,0,0,0,0,0,84330.48559570313,221373.35443115234,0,404327403520,8589930496,6062501888,114688
9,1791556860997,2500,2500,2499,2500,2500,2500,2500,2500,2500,2499,2499,2499,2499,2499,2499,2499,100,0,0,0,0,0,0,10,0,0,0,0,0,0,0,0,84330.65002441406,221373.74377441406,0,404327403520,8589930496,6062501888,114688
9,1791556861007,2500,2500,2499,2500,2500,2500,2500,2500,2500,2499,2499,2499,2499,2499,2499,2499,100,0,0,0,0,0,0,0,0,0,0,0,0,0,0,0,84330.81225585938,221374.13537597656,0,404327403520,8589930496,6062501888,114688
9,1791556861017,2500,2500,2499,2500,2500,2500,2500,2500,2500,2499,2499,2499,2499,2499,2499,2499,100,0,0,0,0,0,0,0,0,0,0,0,0,0,0,0,84330.978515625,221374.52490234375,0,404327403520,8589930496,6062501888,114688
9,1791556861027,2500,2500,2499,2500,2500,2500,2500,2500,2500,2499,2499,2499,2499,2499,2499,2499,100,0,0,0,0,0,0,0,0,0,0,0,0,0,0,0,84331.14483642578,221374.9136352539,0,404327403520,8589930496,6062501888,114688
9,1791556861037,2500,2500,2499,2500,2500,2500,2500,2500,2500,2499,2499,2499,2499,2499,2499,2499,100,0,0,0,0,0,0,0,0,0,0,0,0,0,0,0,84331.31048583984,221375.30419921875,0,404327403520,8589930496,6062501888,114688
9,1791556861047,2500,2500,2499,2500,2500,2500,2500,2500,2500,2499,2499,2499,2499,2499,2499,2499,100,0,0,0,0,0,0,0,0,0,0,0,0,0,0,0,84331.48364257813,221375.6905517578,0,404327403520,8589930496,6062501888,114688
10,1791556861057,2500,2500,2499,2500,2500,2500,2500,2500,2500,2499,2499,2499,2499,2499,2499,2499,100,0,0,0,0,0,0,0,0,0,0,0,0,0,0,0,84331.64807128906,221376.07904052734,0,404327403520,8589930496,6062501888,114688
9,1791556861067,2500,2500,2499,2500,2500,2500,2500,2500,2500,2499,2499,2499,2499,2499,2499,2499,100,0,0,0,0,0,0,0,0,0,0,0,0,0,0,0,84331.81506347656,221376.4692993164,0,404327403520,8589930496,6062501888,114688
9,1791556861077,2500,2500,2499,2500,2500,2500,2500,2500,2500,2499,2499,2499,2499,2499,2499,2499,100,0,0,0,0,0,0,0,0,0,0,0,0,0,0,0,84331.98236083984,221376.8583984375,0,404327403520,8589930496,6062501888,114688
9,1791556861087,2500,2500,2499,2500,2500,2500,2500,2500,2500,2499,2499,2499,2499,2499,2499,2499,100,0,0,0,0,0,0,0,0,0,0,0,0,0,0,0,84332.15051269531,221377.24835205078,0,404327403520,8589930496,6062501888,114688
9,1791556861097,2500,2500,2499,2500,2500,2500,2500,2500,2500,2499,2499,2499,2499,2499,2499,2499,100,0,0,0,0,0,0,0,0,0,0,0,0,0,0,0,84332.31530761719,221377.64044189453,0,404327403520,8589930496,6053523456,114688
9,1791556861107,2500,2500,2499,2500,2500,2500,2500,2500,2500,2499,2499,2499,2499,2499,2499,2499,100,0,0,0,0,0,0,0,0,0,0,0,0,0,0,0,84332.49798583984,221378.06915283203,0,404327403520,8589930496,6053523456,114688
9,1791556861117,2500,2500,2499,2500,2500,2500,2500,2500,2500,2499,2499,2499,2499,2499,2499,2499,100,0,0,0,0,0,0,0,0,0,0,0,0,0,0,0,84332.66442871094,221378.45751953125,0,404327403520,8589930496,6053523456,114688
9,1791556861128,2500,2500,2499,2500,2500,2500,2500,2500,2500,2499,2499,2499,2499,2499,2499,2499,100,0,0,0,0,0,0,0,0,0,0,0,0,0,0,0,84332.83856201172,221378.84704589844,0,404327403520,8589930496,6053523456,114688
10,1791556861138,2500,2500,2499,2500,2500,2500,2500,2500,2500,2499,2499,2499,2499,2499,2499,2499,100,0,0,0,0,0,0,0,0,0,0,0,0,0,0,0,84333.00262451172,221379.2367553711,0,404327403520,8589930496,6053523456,114688
9,1791556861148,2500,2500,2499,2500,2500,2500,2500,2500,2500,2499,2499,2499,2499,2499,2499,2499,100,0,0,0,0,0,0,0,0,0,0,0,0,0,0,0,84333.17584228516,221379.62744140625,0,404327403520,8589930496,6053523456,114688
9,1791556861158,2500,2500,2499,2500,2500,2500,2500,2500,2500,2499,2499,2499,2499,2499,2499,2499,100,0,0,0,0,0,0,0,0,0,0,0,0,0,0,0,84333.34289550781,221380.01776123047,0,404327403520,8589930496,6053523456,114688
9,1791556861168,2500,2500,2499,2500,2500,2500,2500,2500,2500,2499,2499,2499,2499,2499,2499,2499,100,0,0,0,0,0,0,0,0,0,0,0,0,0,0,0,84333.51025390625,221380.40399169922,0,404327403520,8589930496,6045265920,114688
10,1791556861178,2500,2500,2499,2500,2500,2500,2500,2500,2500,2499,2499,2499,2499,2499,2499,2499,100,0,0,0,0,0,0,0,0,0,0,0,0,0,0,0,84333.66955566406,221380.7918701172,0,404327403520,8589930496,6045265920,114688
9,1791556861188,2500,2500,2499,2500,2500,2500,2500,2500,2500,2499,2499,2499,2499,2499,2499,2499,100,0,0,0,0,0,0,0,0,0,0,0,0,0,0,0,84333.83221435547,221381.1815185547,0,404327403520,8589930496,6045265920,114688
9,1791556861198,2500,2500,2499,2500,2500,2500,2500,2500,2500,2499,2499,2499,2499,2499,2499,2499,100,0,0,0,0,0,0,0,0,0,0,0,0,0,0,0,84333.99621582031,221381.57159423828,0,404327403520,8589930496,6045265920,114688
9,1791556861208,2500,2500,2499,2500,2500,2500,2500,2500,2500,2499,2499,2499,2499,2499,2499,2499,100,0,9.523809432983398,5,0,0,5,5.555555820465088,0,0,0,0,0,0,0,0,84334.15991210938,221381.9614868164,0,404327403520,8589930496,6045265920,114688
10,1791556861218,2500,2500,2499,2500,2500,2500,2500,2500,2500,2499,2499,2499,2499,2499,2499,2499,100,0,9.523809432983398,5,0,0,5,5.555555820465088,0,0,0,0,0,0,0,0,84334.32928466797,221382.35174560547,0,404327403520,8589930496,6045265920,114688
9,1791556861228,2500,2500,2499,2500,2500,2500,2500,2500,2500,2499,2499,2499,2499,2499,2499,2499,100,0,9.523809432983398,5,0,0,5,5.555555820465088,0,0,0,0,0,0,0,0,84334.49572753906,221382.74114990234,0,404327403520,8589930496,6045265920,114688
9,1791556861238,2500,2500,2499,2500,2500,2500,2500,2500,2500,2499,2499,2499,2499,2499,2499,2499,100,0,9.523809432983398,5,0,0,5,5.555555820465088,0,0,0,0,0,0,0,0,84334.6552734375,221383.1314086914,0,404327403520,8589930496,6045265920,114688
10,1791556861248,2500,2500,2499,2500,2500,2500,2500,2500,2500,2499,2499,2499,2499,2499,2499,2499,100,0,9.523809432983398,5,0,0,5,5.555555820465088,0,0,0,0,0,0,0,0,84334.8187866211,221383.52032470703,0,404327403520,8589930496,6045265920,114688
9,1791556861258,2500,2500,2499,2500,2500,2500,2500,2500,2500,2499,2499,2499,2499,2499,2499,2499,100,0,9.523809432983398,5,0,0,5,5.555555820465088,0,0,0,0,0,0,0,0,84334.98321533203,221383.91052246094,0,404327403520,8589930496,6045265920,114688
10,1791556861268,2500,2500,2499,2500,2500,2500,2500,2500,2500,2499,2499,2499,2499,2499,2499,2499,100,0,9.523809432983398,5,0,0,5,5.555555820465088,0,0,0,0,0,0,0,0,84335.14556884766,221384.30029296875,0,404327403520,8589930496,6045265920,114688
10,1791556861278,2500,2500,2499,2500,2500,2500,2500,2500,2500,2499,2499,2499,2499,2499,2499,2499,100,0,9.523809432983398,5,0,0,5,5.555555820465088,0,0,0,0,0,0,0,0,84335.3119506836,221384.68682861328,0,404327403520,8589930496,6045265920,114688
10,1791556861289,2500,2500,2499,2500,2500,2500,2500,2500,2500,2499,2499,2499,2499,2499,2499,2499,100,0,9.523809432983398,5,0,0,5,5.555555820465088,0,0,0,0,0,0,0,0,84335.49267578125,221385.1173095703,0,404327403520,8589930496,6045265920,114688
9,1791556861299,2500,2500,2499,2500,2500,2500,2500,2500,2500,2499,2499,2499,2499,2499,2499,2499,100,0,9.523809432983398,5,0,0,5,5.555555820465088,0,0,0,0,0,0,0,0,84335.65887451172,221385.50549316406,0,404327403520,8589930496,6045265920,114688
9,1791556861309,2500,2500,2499,2500,2500,2500,2500,2500,2500,2499,2499,2499,2499,2499,2499,2499,100,0,9.523809432983398,5,0,0,5,5.555555820465088,0,0,0,0,0,0,0,0,84335.82159423828,221385.89288330078,0,404327403520,8589930496,6045265920,114688
9,1791556861319,2500,2500,2499,2500,2500,2500,2500,2500,2500,2499,2499,2499,2499,2499,2499,2499,100,0,9.523809432983398,5,0,0,5,5.555555820465088,0,0,0,0,0,0,0,0,84335.98992919922,221386.28381347656,0,404327403520,8589930496,6045265920,114688
9,1791556861329,2500,2500,2499,2500,2500,2500,2500,2500,2500,2499,2499,2499,2499,2499,2499,2499,100,0,9.523809432983398,5,0,0,5,5.555555820465088,0,0,0,0,0,0,0,0,84336.15197753906,221386.67303466797,0,404327403520,8589930496,6045265920,114688
9,1791556861339,2500,2500,2499,2500,2500,2500,2500,2500,2500,2499,2499,2499,2499,2499,2499,2499,100,0,9.523809432983398,5,0,0,5,5.555555820465088,0,0,0,0,0,0,0,0,84336.31872558594,221387.05987548828,0,404327403520,8589930496,6045265920,114688
9,1791556861349,2500,2500,2499,2500,2500,2500,2500,2500,2500,2499,2499,2499,2499,2499,2499,2499,100,0,9.523809432983398,5,0,0,5,5.555555820465088,0,0,0,0,0,0,0,0,84336.48553466797,221387.44451904297,0,404327403520,8589930496,6045265920,114688
10,1791556861359,2500,2500,2499,2500,2500,2500,2500,2500,2500,2499,2499,2499,2499,2499,2499,2499,100,0,9.523809432983398,5,0,0,5,5.555555820465088,0,0,0,0,0,0,0,0,84336.65032958984,221387.83526611328,0,404327403520,8589930496,6045265920,114688
9,1791556861369,2500,2500,2499,2500,2500,2500,2500,2500,2500,2499,2499,2499,2499,2499,2499,2499,100,0,9.523809432983398,5,0,0,5,5.555555820465088,0,0,0,0,0,0,0,0,84336.81353759766,221388.22381591797,0,404327403520,8589930496,6045265920,114688
9,1791556861379,2500,2500,2499,2500,2500,2500,2500,2500,2500,2499,2499,2499,2499,2499,2499,2499,100,0,9.523809432983398,5,0,0,5,5.555555820465088,0,0,0,0,0,0,0,0,84336.98162841797,221388.61499023438,0,404327403520,8589930496,6045265920,114688
10,1791556861389,2500,2500,2499,2500,2500,2500,2500,2500,2500,2499,2499,2499,2499,2499,2499,2499,100,0,9.523809432983398,5,0,0,5,5.555555820465088,0,0,0,0,0,0,0,0,84337.15441894531,221389.00457763672,0,404327403520,8589930496,6045265920,114688
9,1791556861399,2500,2500,2499,2500,2500,2500,2500,2500,2500,2499,2499,2499,2499,2499,2499,2499,100,0,9.523809432983398,5,0,0,5,5.555555820465088,0,0,0,0,0,0,0,0,84337.3198852539,221389.39349365234,0,404327403520,8589930496,6045265920,114688
9,1791556861410,2500,2500,2499,2500,2500,2500,2500,2500,2500,2499,2499,2499,2499,2499,2499,2499,100,0,0,0,0,0,0,5.263157844543457,0,0,0,0,0,0,0,0,84337.50134277344,221389.82110595703,0,404327403520,8589930496,6045265920,114688
9,1791556861420,2500,2500,2499,2500,2500,2500,2500,2500,2500,2499,2499,2499,2499,2499,2499,2499,100,0,0,0,0,0,0,5.263157844543457,0,0,0,0,0,0,0,0,84337.64892578125,221390.17413330078,0,404327403520,8589930496,6045265920,114688
9,1791556861430,2500,2500,2499,2500,2500,2500,2500,2500,2500,2499,2499,2499,2499,2499,2499,2499,100,0,0,0,0,0,0,5.263157844543457,0,0,0,0,0,0,0,0,84337.83435058594,221390.6029663086,0,404327403520,8589930496,6045265920,114688
9,1791556861440,2500,2500,2499,2500,2500,2500,2500,2500,2500,2499,2499,2499,2499,2499,2499,2499,100,0,0,0,0,0,0,5.263157844543457,0,0,0,0,0,0,0,0,84338.00109863281,221390.99017333984,0,404327403520,8589930496,6045265920,114688
9,1791556861450,2500,2500,2499,2500,2500,2500,2500,2500,2500,2499,2499,2499,2499,2499,2499,2499,100,0,0,0,0,0,0,5.263157844543457,0,0,0,0,0,0,0,0,84338.16589355469,221391.38311767578,0,404327403520,8589930496,6045265920,114688
9,1791556861460,2500,2500,2499,2500,2500,2500,2500,2500,2500,2499,2499,2499,2499,2499,2499,2499,100,0,0,0,0,0,0,5.263157844543457,0,0,0,0,0,0,0,0,84338.33111572266,221391.7322998047,0,404327403520,8589930496,6045265920,114688
9,1791556861470,2500,2500,2499,2500,2500,2500,2500,2500,2500,2499,2499,2499,2499,2499,2499,2499,100,0,0,0,0,0,0,5.263157844543457,0,0,0,0,0,0,0,0,84338.49224853516,221392.16107177734,0,404327403520,8589930496,6045265920,114688
9,1791556861480,2500,2500,2499,2500,2500,2500,2500,2500,2500,2499,2499,2499,2499,2499,2499,2499,100,0,0,0,0,0,0,5.263157844543457,0,0,0,0,0,0,0,0,84338.65576171875,221392.5528564453,0,404327403520,8589930496,6045265920,114688
9,1791556861490,2500,2500,2499,2500,2500,2500,2500,2500,2500,2499,2499,2499,2499,2499,2499,2499,100,0,0,0,0,0,0,5.263157844543457,0,0,0,0,0,0,0,0,84338.82098388672,221392.94171142578,0,404327403520,8589930496,6045265920,114688
9,1791556861500,2500,2500,2499,2500,2500,2500,2500,2500,2500,2499,2499,2499,2499,2499,2499,2499,100,0,0,0,0,0,0,5.263157844543457,0,0,0,0,0,0,0,0,84338.98809814453,221393.33349609375,0,404327403520,8589930496,6045265920,114688
10,1791556861510,2500,2500,2499,2500,2500,2500,2500,2500,2500,2499,2499,2499,2499,2499,2499,2499,100,0,0,0,0,0,0,5.263157844543457,0,0,0,0,0,0,0,0,84339.15344238281,221393.72259521484,0,404327403520,8589930496,6045265920,114688
9,1791556861520,2500,2500,2499,2500,2500,2500,2500,2500,2500,2499,2499,2499,2499,2499,2499,2499,100,0,0,0,0,0,0,5.263157844543457,0,0,0,0,0,0,0,0,84339.31915283203,221394.11114501953,0,404327403520,8589930496,6045265920,114688
9,1791556861530,2500,2500,2499,2500,2500,2500,2500,2500,2500,2499,2499,2499,2499,2499,2499,2499,100,0,0,0,0,0,0,5.263157844543457,0,0,0,0,0,0,0,0,84339.48364257813,221394.50024414063,0,404327403520,8589930496,6045265920,114688
9,1791556861540,2500,2500,2499,2500,2500,2500,2500,2500,2500,2499,2499,2499,2499,2499,2499,2499,100,0,0,0,0,0,0,5.263157844543457,0,0,0,0,0,0,0,0,84339.6421508789,221394.89971923828,0,404327403520,8589930496,6045265920,114688
10,1791556861550,2500,2500,2499,2500,2500,2500,2500,2500,2500,2499,2499,2499,2499,2499,2499,2499,100,0,0,0,0,0,0,5.263157844543457,0,0,0,0,0,0,0,0,84339.81170654297,221395.28845214844,0,404327403520,8589930496,6045265920,114688
9,1791556861561,2500,2500,2499,2500,2500,2500,2500,2500,2500,2499,2499,2499,2499,2499,2499,2499,100,0,0,0,0,0,0,5.263157844543457,0,0,0,0,0,0,0,0,84339.99462890625,221395.71063232422,0,404327403520,8589930496,6045265920,114688
9,1791556861571,2500,2500,2499,2500,2500,2500,2500,2500,2500,2499,2499,2499,2499,2499,2499,2499,100,0,0,0,0,0,0,5.263157844543457,0,0,0,0,0,0,0,0,84340.1396484375,221396.0721435547,0,404327403520,8589930496,6045265920,114688
9,1791556861581,2500,2500,2499,2500,2500,2500,2500,2500,2500,2499,2499,2499,2499,2499,2499,2499,100,0,0,0,0,0,0,5.263157844543457,0,0,0,0,0,0,0,0,84340.32293701172,221396.4898071289,0,404327403520,8589930496,6045265920,114688
9,1791556861591,2500,2500,2499,2500,2500,2500,2500,2500,2500,2499,2499,2499,2499,2499,2499,2499,100,0,0,0,0,0,0,5.263157844543457,0,0,0,0,0,0,0,0,84340.49340820313,221396.87969970703,0,404327403520,8589930496,6045265920,114688
9,1791556861601,2500,2500,2499,2500,2500,2500,2500,2500,2500,2499,2499,2499,2499,2499,2499,2499,100,0,0,0,0,0,0,5.263157844543457,0,0,0,0,0,0,0,0,84340.64086914063,221397.22985839844,0,404327403520,8589930496,6045265920,114688
10,1791556861611,2500,2500,2499,2500,2500,2500,2500,2500,2500,2499,2499,2499,2499,2499,2499,2499,100,0,5.263157844543457,5,0,0,0,5.263157844543457,0,0,0,0,0,0,0,0,84340.80810546875,221397.62713623047,0,404327403520,8589930496,6045265920,114688
9,1791556861621,2500,2500,2499,2500,2500,2500,2500,2500,2500,2499,2499,2499,2499,2499,2499,2499,100,0,5.263157844543457,5,0,0,0,5.263157844543457,0,0,0,0,0,0,0,0,84340.9906616211,221398.05615234375,0,404327403520,8589930496,6045265920,114688
9,1791556861631,2500,2500,2499,2500,2500,2500,2500,2500,2500,2499,2499,2499,2499,2499,2499,2499,100,0,5.263157844543457,5,0,0,0,5.263157844543457,0,0,0,0,0,0,0,0,84341.15545654297,221398.44561767578,0,404327403520,8589930496,6045265920,114688
9,1791556861641,2500,2500,2499,2500,2500,2500,2500,2500,2500,2499,2499,2499,2499,2499,2499,2499,100,0,5.263157844543457,5,0,0,0,5.263157844543457,0,0,0,0,0,0,0,0,84341.3251953125,221398.8389892578,0,404327403520,8589930496,6045265920,114688
9,1791556861651,2500,2500,2499,2500,2500,2500,2500,2500,2500,2499,2499,2499,2499,2499,2499,2499,100,0,5.263157844543457,5,0,0,0,5.263157844543457,0,0,0,0,0,0,0,0,84341.49243164063,221399.22619628906,0,404327403520,8589930496,6045265920,114688
9,1791556861661,2500,2500,2499,2500,2500,2500,2500,2500,2500,2499,2499,2499,2499,2499,2499,2499,100,0,5.263157844543457,5,0,0,0,5.263157844543457,0,0,0,0,0,0,0,0,84341.66345214844,221399.61114501953,0,404327403520,8589930496,6045265920,114688
9,1791556861671,2500,2500,2499,2500,2500,2500,2500,2500,2500,2499,2499,2499,2499,2499,2499,2499,100,0,5.263157844543457,5,0,0,0,5.263157844543457,0,0,0,0,0,0,0,0,84341.8306274414,221399.998046875,0,404327403520,8589930496,6045265920,114688
9,1791556861681,2500,2500,2499,2500,2500,2500,2500,2500,2500,2499,2499,2499,2499,2499,2499,2499,100,0,5.263157844543457,5,0,0,0,5.263157844543457,0,0,0,0,0,0,0,0,84341.99816894531,221400.38940429688,0,404327403520,8589930496,6045265920,114688
9,1791556861691,2500,2500,2499,2500,2500,2500,2500,2500,2500,2499,2499,2499,2499,2499,2499,2499,100,0,5.263157844543457,5,0,0,0,5.263157844543457,0,0,0,0,0,0,0,0,84342.16821289063,221400.77813720703,0,404327403520,8589930496,6045265920,114688
9,1791556861701,2500,2500,2499,2500,2500,2500,2500,2500,2500,2499,2499,2499,2499,2499,2499,2499,100,0,5.263157844543457,5,0,0,0,5.263157844543457,0,0,0,0,0,0,0,0,84342.33447265625,221401.16845703125,0,404327403520,8589930496,6045265920,114688
9,1791556861712,2500,2500,2499,2500,2500,2500,2500,2500,2500,2499,2499,2499,2499,2499,2499,2499,100,0,5.263157844543457,5,0,0,0,5.263157844543457,0,0,0,0,0,0,0,0,84342.5015258789,221401.55657958984,0,404327403520,8589930496,6045265920,114688
9,1791556861722,2500,2500,2499,2500,2500,2500,2500,2500,2500,2499,2499,2499,2499,2499,2499,2499,100,0,5.263157844543457,5,0,0,0,5.263157844543457,0,0,0,0,0,0,0,0,84342.66339111328,221401.94903564453,0,404327403520,8589930496,6045265920,114688
10,1791556861732,2500,2500,2499,2500,2500,2500,2500,2500,2500,2499,2499,2499,2499,2499,2499,2499,100,0,5.263157844543457,5,0,0,0,5.263157844543457,0,0,0,0,0,0,0,0,84342.83209228516,221402.33795166016,0,404327403520,8589930496,6045265920,114688
9,1791556861742,2500,2500,2499,2500,2500,2500,2500,2500,2500,2499,2499,2499,2499,2499,2499,2499,100,0,5.263157844543457,5,0,0,0,5.263157844543457,0,0,0,0,0,0,0,0,84343.01593017578,221402.76446533203,0,404327403520,8589930496,6045265920,114688
9,1791556861752,2500,2500,2499,2500,2500,2500,2500,2500,2500,2499,2499,2499,2499,2499,2499,2499,100,0,5.263157844543457,5,0,0,0,5.263157844543457,0,0,0,0,0,0,0,0,84343.1605834961,221403.11865234375,0,404327403520,8589930496,6045265920,114688
9,1791556861762,2500,2500,2499,2500,2500,2500,2500,2500,2500,2499,2499,2499,2499,2499,2499,2499,100,0,5.263157844543457,5,0,0,0,5.263157844543457,0,0,0,0,0,0,0,0,84343.33709716797,221403.5467529297,0,404327403520,8589930496,6045265920,114688
9,1791556861772,2500,2500,2499,2500,2500,2500,2500,2500,2500,2499,2499,2499,2499,2499,2499,2499,100,0,5.263157844543457,5,0,0,0,5.263157844543457,0,0,0,0,0,0,0,0,84343.50280761719,221403.93823242188,0,404327403520,8589930496,6045265920,114688
9,1791556861782,2500,2500,2499,2500,2500,2500,2500,2500,2500,2499,2499,2499,2499,2499,2499,2499,100,0,5.263157844543457,5,0,0,0,5.263157844543457,0,0,0,0,0,0,0,0,84343.66827392578,221404.32611083984,0,404327403520,8589930496,6045265920,114688
9,1791556861792,2500,2500,2499,2500,2500,2500,2500,2500,2500,2499,2499,2499,2499,2499,2499,2499,100,0,5.263157844543457,5,0,0,0,5.263157844543457,0,0,0,0,0,0,0,0,84343.83251953125,221404.71752929688,0,404327403520,8589930496,6045265920,114688
9,1791556861802,2500,2500,2499,2500,2500,2500,2500,2500,2500,2499,2499,2499,2499,2499,2499,2499,100,0,5.263157844543457,5,0,0,0,5.263157844543457,0,0,0,0,0,0,0,0,84343.99713134766,221405.10681152344,0,404327403520,8589930496,6045265920,114688
10,1791556861812,2500,2500,2499,2500,2500,2500,2500,2500,2500,2499,2499,2499,2499,2499,2499,2499,100,0,0,10,0,0,0,5.263157844543457,0,0,0,0,0,0,0,0,84344.15759277344,221405.49639892578,0,404327403520,8589930496,6045265920,114688
9,1791556861822,2500,2500,2499,2500,2500,2500,2500,2500,2500,2499,2499,2499,2499,2499,2499,2499,100,0,0,10,0,0,0,5.263157844543457,0,0,0,0,0,0,0,0,84344.31298828125,221405.88830566406,0,404327403520,8589930496,6045265920,114688
10,1791556861832,2500,2500,2499,2500,2500,2500,2500,2500,2500,2499,2499,2499,2499,2499,2499,2499,100,0,0,10,0,0,0,5.263157844543457,0,0,0,0,0,0,0,0,84344.47521972656,221406.27899169922,0,404327403520,8589930496,6045265920,114688
9,1791556861843,2500,2500,2499,2500,2500,2500,2500,2500,2500,2499,2499,2499,2499,2499,2499,2499,100,0,0,10,0,0,0,5.263157844543457,0,0,0,0,0,0,0,0,84344.64080810547,221406.66796875,0,404327403520,8589930496,6045265920,114688
9,1791556861853,2500,2500,2499,2500,2500,2500,2500,2500,2500,2499,2499,2499,2499,2499,2499,2499,100,0,0,10,0,0,0,5.263157844543457,0,0,0,0,0,0,0,0,84344.80242919922,221407.05859375,0,404327403520,8589930496,6045265920,114688
10,1791556861863,2500,2500,2499,2500,2500,2500,2500,2500,2500,2499,2499,2499,2499,2499,2499,2499,100,0,0,10,0,0,0,5.263157844543457,0,0,0,0,0,0,0,0,84344.96997070313,221407.44958496094,0,404327403520,8589930496,6045265920,114688
9,1791556861873,2500,2500,2499,2500,2500,2500,2500,2500,2500,2499,2499,2499,2499,2499,2499,2499,100,0,0,10,0,0,0,5.263157844543457,0,0,0,0,0,0,0,0,84345.13555908203,221407.84033203125,0,404327403520,8589930496,6045265920,114688
10,1791556861883,2500,2500,2499,2500,2500,2500,2500,2500,2500,2499,2499,2499,2499,2499,2499,2499,100,0,0,10,0,0,0,5.263157844543457,0,0,0,0,0,0,0,0,84345.30255126953,221408.23309326172,0,404327403520,8589930496,6045265920,114688
9,1791556861893,2500,2500,2499,2500,2500,2500,2500,2500,2500,2499,2499,2499,2499,2499,2499,2499,100,0,0,10,0,0,0,5.263157844543457,0,0,0,0,0,0,0,0,84345.46606445313,221408.62200927734,0,404327403520,8589930496,6045265920,114688
9,1791556861903,2500,2500,2499,2500,2500,2500,2500,2500,2500,2499,2499,2499,2499,2499,2499,2499,100,0,0,10,0,0,0,5.263157844543457,0,0,0,0,0,0,0,0,84345.63177490234,221409.01092529297,0,404327403520,8589930496,6045265920,114688
9,1791556861913,2500,2500,2499,2500,2500,2500,2500,2500,2500,2499,2499,2499,2499,2499,2499,2499,100,0,0,10,0,0,0,5.263157844543457,0,0,0,0,0,0,0,0,84345.80865478516,221409.44061279297,0,404327403520,8589930496,6045265920,114688
10,1791556861923,2500,2500,2499,2500,2500,2500,2500,2500,2500,2499,2499,2499,2499,2499,2499,2499,100,0,0,10,0,0,0,5.263157844543457,0,0,0,0,0,0,0,0,84345.95642089844,221409.79333496094,0,404327403520,8589930496,6045265920,114688
9,1791556861933,2500,2500,2499,2500,2500,2500,2500,2500,2500,2499,2499,2499,2499,2499,2499,2499,100,0,0,10,0,0,0,5.263157844543457,0,0,0,0,0,0,0,0,84346.13928222656,221410.22235107422,0,404327403520,8589930496,6045265920,114688
10,1791556861943,2500,2500,2499,2500,2500,2500,2500,2500,2500,2499,2499,2499,2499,2499,2499,2499,100,0,0,10,0,0,0,5.263157844543457,0,0,0,0,0,0,0,0,84346.28430175781,221410.57318115234,0,404327403520,8589930496,6045265920,114688
9,1791556861953,2500,2500,2499,2500,2500,2500,2500,2500,2500,2499,2499,2499,2499,2499,2499,2499,100,0,0,10,0,0,0,5.263157844543457,0,0,0,0,0,0,0,0,84346.4691772461,221411.0005493164,0,404327403520,8589930496,6045265920,114688
10,1791556861963,2500,2500,2499,2500,2500,2500,2500,2500,2500,2499,2499,2499,2499,2499,2499,2499,100,0,0,10,0,0,0,5.263157844543457,0,0,0,0,0,0,0,0,84346.63232421875,221411.39093017578,0,404327403520,8589930496,6045265920,114688
9,1791556861973,2500,2500,2499,2500,2500,2500,2500,2500,2500,2499,2499,2499,2499,2499,2499,2499,100,0,0,10,0,0,0,5.263157844543457,0,0,0,0,0,0,0,0,84346.79803466797,221411.78259277344,0,404327403520,8589930496,6045265920,114688
10,1791556861983,2500,2500,2499,2500,2500,2500,2500,2500,2500,2499,2499,2499,2499,2499,2499,2499,100,0,0,10,0,0,0,5.263157844543457,0,0,0,0,0,0,0,0,84346.97143554688,221412.16815185547,0,404327403520,8589930496,6045265920,114688
9,1791556861993,2500,2500,2499,2500,2500,2500,2500,2500,2500,2499,2499,2499,2499,2499,2499,2499,100,0,0,10,0,0,0,5.263157844543457,0,0,0,0,0,0,0,0,84347.13745117188,221412.5580444336,0,404327403520,8589930496,6045265920,114688
10,1791556862003,2500,2500,2499,2500,2500,2500,2500,2500,2500,2499,2499,2499,2499,2499,2499,2499,100,0,0,10,0,0,0,5.263157844543457,0,0,0,0,0,0,0,0,84347.30181884766,221412.9476928711,0,404327403520,8589930496,6045265920,114688
9,1791556862014,2500,2500,2499,2500,2500,2500,2500,2500,2500,2499,2499,2499,2499,2499,2499,2499,100,0,0,0,5,0,0,5.555555820465088,0,0,0,0,0,0,5,0,84347.46374511719,221413.33813476563,0,404327403520,8589930496,6045265920,114688
9,1791556862024,2500,2500,2499,2500,2500,2500,2500,2500,2500,2499,2499,2499,2499,2499,2499,2499,100,0,0,0,5,0,0,5.555555820465088,0,0,0,0,0,0,5,0,84347.62762451172,221413.72729492188,0,404327403520,8589930496,6045265920,114688
9,1791556862034,2500,2500,2499,2500,2500,2500,2500,2500,2500,2499,2499,2499,2499,2499,2499,2499,100,0,0,0,5,0,0,5.555555820465088,0,0,0,0,0,0,5,0,84347.79284667969,221414.11682128906,0,404327403520,8589930496,6045265920,114688
9,1791556862044,2500,2500,2499,2500,2500,2500,2500,2500,2500,2499,2499,2499,2499,2499,2499,2499,100,0,0,0,5,0,0,5.555555820465088,0,0,0,0,0,0,5,0,84347.95568847656,221414.50830078125,0,404327403520,8589930496,6045265920,114688
10,1791556862054,2500,2500,2499,2500,2500,2500,2500,2500,2500,2499,2499,2499,2499,2499,2499,2499,100,0,0,0,5,0,0,5.555555820465088,0,0,0,0,0,0,5,0,84348.1215209961,221414.89599609375,0,404327403520,8589930496,6045265920,114688
9,1791556862064,2500,2500,2499,2500,2500,2500,2500,2500,2500,2499,2499,2499,2499,2499,2499,2499,100,0,0,0,5,0,0,5.555555820465088,0,0,0,0,0,0,5,0,84348.28857421875,221415.28588867188,0,404327403520,8589930496,6045265920,114688
9,1791556862074,2500,2500,2499,2500,2500,2500,2500,2500,2500,2499,2499,2499,2499,2499,2499,2499,100,0,0,0,5,0,0,5.555555820465088,0,0,0,0,0,0,5,0,84348.44750976563,221415.6375732422,0,404327403520,8589930496,6045265920,114688
9,1791556862084,2500,2500,2499,2500,2500,2500,2500,2500,2500,2499,2499,2499,2499,2499,2499,2499,100,0,0,0,5,0,0,5.555555820465088,0,0,0,0,0,0,5,0,84348.6146850586,221416.06604003906,0,404327403520,8589930496,6045265920,114688
9,1791556862094,2500,2500,2499,2500,2500,2500,2500,2500,2500,2499,2499,2499,2499,2499,2499,2499,100,0,0,0,5,0,0,5.555555820465088,0,0,0,0,0,0,5,0,84348.79223632813,221416.49530029297,0,404327403520,8589930496,6045265920,114688
10,1791556862104,2500,2500,2499,2500,2500,2500,2500,2500,2500,2499,2499,2499,2499,2499,2499,2499,100,0,0,0,5,0,0,5.555555820465088,0,0,0,0,0,0,5,0,84348.94146728516,221416.84478759766,0,404327403520,8589930496,6045265920,114688
9,1791556862114,2500,2500,2499,2500,2500,2500,2500,2500,2500,2499,2499,2499,2499,2499,2499,2499,100,0,0,0,5,0,0,5.555555820465088,0,0,0,0,0,0,5,0,84349.12255859375,221417.27362060547,0,404327403520,8589930496,6045265920,114688
9,1791556862124,2500,2500,2499,2500,2500,2500,2500,2500,2500,2499,2499,2499,2499,2499,2499,2499,100,0,0,0,5,0,0,5.555555820465088,0,0,0,0,0,0,5,0,84349.28515625,221417.66192626953,0,404327403520,8589930496,6019203072,114688
9,1791556862134,2500,2500,2499,2500,2500,2500,2500,2500,2500,2499,2499,2499,2499,2499,2499,2499,100,0,0,0,5,0,0,5.555555820465088,0,0,0,0,0,0,5,0,84349.4546508789,221418.05053710938,0,404327403520,8589930496,6019203072,114688
9,1791556862145,2500,2500,2499,2500,2500,2500,2500,2500,2500,2499,2499,2499,2499,2499,2499,2499,100,0,0,0,5,0,0,5.555555820465088,0,0,0,0,0,0,5,0,84349.61907958984,221418.44146728516,0,404327403520,8589930496,6019203072,114688
10,1791556862155,2500,2500,2499,2500,2500,2500,2500,2500,2500,2499,2499,2499,2499,2499,2499,2499,100,0,0,0,5,0,0,5.555555820465088,0,0,0,0,0,0,5,0,84349.77618408203,221418.82360839844,0,404327403520,8589930496,6019203072,114688
9,1791556862165,2500,2500,2499,2500,2500,2500,2500,2500,2500,2499,2499,2499,2499,2499,2499,2499,100,0,0,0,5,0,0,5.555555820465088,0,0,0,0,0,0,5,0,84349.92840576172,221419.19982910156,0,404327403520,8589930496,6019203072,114688
10,1791556862175,2500,2500,2499,2500,2500,2500,2500,2500,2500,2499,2499,2499,2499,2499,2499,2499,100,0,0,0,5,0,0,5.555555820465088,0,0,0,0,0,0,5,0,84350.08020019531,221419.57360839844,0,404327403520,8589930496,6013751296,114688
9,1791556862185,2500,2500,2499,2500,2500,2500,2500,2500,2500,2499,2499,2499,2499,2499,2499,2499,100,0,0,0,5,0,0,5.555555820465088,0,0,0,0,0,0,5,0,84350.23986816406,221419.9526977539,0,404327403520,8589930496,6013751296,114688
9,1791556862195,2500,2500,2499,2500,2500,2500,2500,2500,2500,2499,2499,2499,2499,2499,2499,2499,100,0,0,0,5,0,0,5.555555820465088,0,0,0,0,0,0,5,0,84350.41778564453,221420.3392944336,0,404327403520,8589930496,6013751296,114688
9,1791556862205,2500,2500,2499,2500,2500,2500,2500,2500,2500,2499,2499,2499,2499,2499,2499,2499,100,0,0,0,5,0,0,5.555555820465088,0,0,0,0,0,0,5,0,84350.57434082031,221420.71606445313,0,404327403520,8589930496,6013751296,114688
9,1791556862215,2500,2500,2499,2500,2500,2500,2500,2500,2500,2499,2499,2499,2499,2499,2499,2499,100,0,0,0,0,0,0,10,0,0,0,0,0,0,0,0,84350.72778320313,221421.09161376953,0,404327403520,8589930496,6013751296,114688
9,1791556862225,2500,2500,2499,2500,2500,2500,2500,2500,2500,2499,2499,2499,2499,2499,2499,2499,100,0,0,0,0,0,0,10,0,0,0,0,0,0,0,0,84350.88635253906,221421.46759033203,0,404327403520,8589930496,6013751296,114688
9,1791556862235,2500,2500,2499,2500,2500,2500,2500,2500,2500,2499,2499,2499,2499,2499,2499,2499,100,0,0,0,0,0,0,10,0,0,0,0,0,0,0,0,84351.05126953125,221421.84259033203,0,404327403520,8589930496,6013751296,114688
10,1791556862245,2500,2500,2499,2500,2500,2500,2500,2500,2500,2499,2499,2499,2499,2499,2499,2499,100,0,0,0,0,0,0,10,0,0,0,0,0,0,0,0,84351.18829345703,221422.21881103516,0,404327403520,8589930496,6013751296,114688
9,1791556862255,2500,2500,2499,2500,2500,2500,2500,2500,2500,2499,2499,2499,2499,2499,2499,2499,100,0,0,0,0,0,0,10,0,0,0,0,0,0,0,0,84351.34240722656,221422.59552001953,0,404327403520,8589930496,6013751296,114688
9,1791556862265,2500,2500,2499,2500,2500,2500,2500,2500,2500,2499,2499,2499,2499,2499,2499,2499,100,0,0,0,0,0,0,10,0,0,0,0,0,0,0,0,84351.51348876953,221423.00885009766,0,404327403520,8589930496,6013751296,114688
9,1791556862275,2500,2500,2499,2500,2500,2500,2500,2500,2500,2499,2499,2499,2499,2499,2499,2499,100,0,0,0,0,0,0,10,0,0,0,0,0,0,0,0,84351.66394042969,221423.384765625,0,404327403520,8589930496,6013751296,114688
10,1791556862285,2500,2500,2499,2500,2500,2500,2500,2500,2500,2499,2499,2499,2499,2499,2499,2499,100,0,0,0,0,0,0,10,0,0,0,0,0,0,0,0,84351.8432006836,221423.76892089844,0,404327403520,8589930496,6013751296,114688
9,1791556862296,2500,2500,2499,2500,2500,2500,2500,2500,2500,2499,2499,2499,2499,2499,2499,2499,100,0,0,0,0,0,0,10,0,0,0,0,0,0,0,0,84352.015625,221424.1524658203,0,404327403520,8589930496,6013751296,114688
9,1791556862306,2500,2500,2499,2500,2500,2500,2500,2500,2500,2499,2499,2499,2499,2499,2499,2499,100,0,0,0,0,0,0,10,0,0,0,0,0,0,0,0,84352.16827392578,221424.52807617188,0,404327403520,8589930496,6013751296,114688
9,1791556862316,2500,2500,2499,2500,2500,2500,2500,2500,2500,2499,2499,2499,2499,2499,2499,2499,100,0,0,0,0,0,0,10,0,0,0,0,0,0,0,0,84352.32427978516,221424.90563964844,0,404327403520,8589930496,6013751296,114688
9,1791556862326,2500,2500,2499,2500,2500,2500,2500,2500,2500,2499,2499,2499,2499,2499,2499,2499,100,0,0,0,0,0,0,10,0,0,0,0,0,0,0,0,84352.48150634766,221425.2423095703,0,404327403520,8589930496,6013751296,114688
9,1791556862336,2500,2500,2499,2500,2500,2500,2500,2500,2500,2499,2499,2499,2499,2499,2499,2499,100,0,0,0,0,0,0,10,0,0,0,0,0,0,0,0,84352.63403320313,221425.6567993164,0,404327403520,8589930496,6013751296,114688
10,1791556862346,2500,2500,2499,2500,2500,2500,2500,2500,2500,2499,2499,2499,2499,2499,2499,2499,100,0,0,0,0,0,0,10,0,0,0,0,0,0,0,0,84352.78436279297,221426.03076171875,0,404327403520,8589930496,6013751296,114688
9,1791556862356,2500,2500,2499,2500,2500,2500,2500,2500,2500,2499,2499,2499,2499,2499,2499,2499,100,0,0,0,0,0,0,10,0,0,0,0,0,0,0,0,84352.93615722656,221426.4072265625,0,404327403520,8589930496,6013751296,114688
9,1791556862366,2500,2500,2499,2500,2500,2500,2500,2500,2500,2499,2499,2499,2499,2499,2499,2499,100,0,0,0,0,0,0,10,0,0,0,0,0,0,0,0,84353.09692382813,221426.7840576172,0,404327403520,8589930496,6013751296,114688
9,1791556862376,2500,2500,2499,2500,2500,2500,2500,2500,2500,2499,2499,2499,2499,2499,2499,2499,100,0,0,0,0,0,0,10,0,0,0,0,0,0,0,0,84353.2494506836,221427.16082763672,0,404327403520,8589930496,6013751296,114688
10,1791556862386,2500,2500,2499,2500,2500,2500,2500,2500,2500,2499,2499,2499,2499,2499,2499,2499,100,0,0,0,0,0,0,10,0,0,0,0,0,0,0,0,84353.40911865234,221427.5347290039,0,404327403520,8589930496,6013751296,114688
9,1791556862396,2500,2500,2499,2500,2500,2500,2500,2500,2500,2499,2499,2499,2499,2499,2499,2499,100,0,0,0,0,0,0,10,0,0,0,0,0,0,0,0,84353.56750488281,221427.90966796875,0,404327403520,8589930496,5993926656,114688
9,1791556862406,2500,2500,2499,2500,2500,2500,2500,2500,2500,2499,2499,2499,2499,2499,2499,2499,100,0,0,0,0,0,0,10,0,0,0,0,0,0,0,0,84353.72625732422,221428.28637695313,0,404327403520,8589930496,5971128320,114688
10,1791556862416,2500,2500,2499,2500,2500,2500,2500,2500,2500,2499,2499,2499,2499,2499,2499,2499,95,5.263157844543457,10,0,0,5,0,0,0,0,0,0,0,0,5.263157844543457,0,84353.92236328125,221428.68334960938,0,404327403520,8589930496,5970632704,114688
10,1791556862426,2500,2500,2499,2500,2500,2500,2500,2500,2500,2499,2499,2499,2499,2499,2499,2499,95,5.263157844543457,10,0,0,5,0,0,0,0,0,0,0,0,5.263157844543457,0,84354.12481689453,221429.07720947266,0,404327403520,8589930496,5969121280,114688
10,1791556862436,2500,2500,2499,2500,2500,2500,2500,2500,2500,2499,2499,2499,2499,2499,2499,2499,95,5.263157844543457,10,0,0,5,0,0,0,0,0,0,0,0,5.263157844543457,0,84354.32250976563,221429.47283935547,0,404327403520,8589930496,5969121280,114688
9,1791556862447,2500,2500,2499,2500,2500,2500,2500,2500,2500,2499,2499,2499,2499,2499,2499,2499,95,5.263157844543457,10,0,0,5,0,0,0,0,0,0,0,0,5.263157844543457,0,84354.55169677734,221429.90838623047,0,404327403520,8589930496,5969121280,114688
10,1791556862457,2500,2500,2499,2500,2500,2500,2500,2500,2500,2499,2499,2499,2499,2499,2499,2499,95,5.263157844543457,10,0,0,5,0,0,0,0,0,0,0,0,5.263157844543457,0,84354.75573730469,221430.3031616211,0,404327403520,8589930496,5969121280,114688
9,1791556862467,2500,2500,2499,2500,2500,2500,2500,2500,2500,2499,2499,2499,2499,2499,2499,2499,95,5.263157844543457,10,0,0,5,0,0,0,0,0,0,0,0,5.263157844543457,0,84354.96032714844,221430.69830322266,0,404327403520,8589930496,5969121280,114688
9,1791556862477,2500,2500,2499,2500,2500,2500,2500,2500,2500,2499,2499,2499,2499,2499,2499,2499,95,5.263157844543457,10,0,0,5,0,0,0,0,0,0,0,0,5.263157844543457,0,84355.16345214844,221431.09143066406,0,404327403520,8589930496,5969121280,114688
9,1791556862487,2500,2500,2499,2500,2500,2500,2500,2500,2500,2499,2499,2499,2499,2499,2499,2499,95,5.263157844543457,10,0,0,5,0,0,0,0,0,0,0,0,5.263157844543457,0,84355.36602783203,221431.48455810547,0,404327403520,8589930496,5969121280,114688
9,1791556862497,2500,2500,2499,2500,2500,2500,2500,2500,2500,2499,2499,2499,2499,2499,2499,2499,95,5.263157844543457,10,0,0,5,0,0,0,0,0,0,0,0,5.263157844543457,0,84355.57037353516,221431.88104248047,0,404327403520,8589930496,5969121280,114688
9,1791556862507,2500,2500,2499,2500,2500,2500,2500,2500,2500,2499,2499,2499,2499,2499,2499,2499,95,5.263157844543457,10,0,0,5,0,0,0,0,0,0,0,0,5.263157844543457,0,84355.77520751953,221432.2797241211,0,404327403520,8589930496,5969121280,114688
9,1791556862517,2500,2500,2499,2500,2500,2500,2500,2500,2500,2499,2499,2499,2499,2499,2499,2499,95,5.263157844543457,10,0,0,5,0,0,0,0,0,0,0,0,5.263157844543457,0,84355.97546386719,221432.6759033203,0,404327403520,8589930496,5969121280,114688
10,1791556862527,2500,2500,2499,2500,2500,2500,2500,2500,2500,2499,2499,2499,2499,2499,2499,2499,95,5.263157844543457,10,0,0,5,0,0,0,0,0,0,0,0,5.263157844543457,0,84356.1767578125,221433.0703125,0,404327403520,8589930496,5969121280,114688
10,1791556862537,2500,2500,2499,2500,2500,2500,2500,2500,2500,2499,2499,2499,2499,2499,2499,2499,95,5.263157844543457,10,0,0,5,0,0,0,0,0,0,0,0,5.263157844543457,0,84356.37683105469,221433.46612548828,0,404327403520,8589930496,5969121280,114688
9,1791556862547,2500,2500,2499,2500,2500,2500,2500,2500,2500,2499,2499,2499,2499,2499,2499,2499,95,5.263157844543457,10,0,0,5,0,0,0,0,0,0,0,0,5.263157844543457,0,84356.57794189453,221433.86071777344,0,404327403520,8589930496,5969121280,114688
10,1791556862557,2500,2500,2499,2500,2500,2500,2500,2500,2500,2499,2499,2499,2499,2499,2499,2499,95,5.263157844543457,10,0,0,5,0,0,0,0,0,0,0,0,5.263157844543457,0,84356.78051757813,221434.25604248047,0,404327403520,8589930496,5969121280,114688
10,1791556862567,2500,2500,2499,2500,2500,2500,2500,2500,2500,2499,2499,2499,2499,2499,2499,2499,95,5.263157844543457,10,0,0,5,0,0,0,0,0,0,0,0,5.263157844543457,0,84356.9800415039,221434.65130615234,0,404327403520,8589930496,5969121280,114688
9,1791556862578,2500,2500,2499,2500,2500,2500,2500,2500,2500,2499,2499,2499,2499,2499,2499,2499,95,5.263157844543457,10,0,0,5,0,0,0,0,0,0,0,0,5.263157844543457,0,84357.18225097656,221435.046875,0,404327403520,8589930496,5969121280,114688
10,1791556862587,2500,2500,2499,2500,2500,2500,2500,2500,2500,2499,2499,2499,2499,2499,2499,2499,95,5.263157844543457,10,0,0,5,0,0,0,0,0,0,0,0,5.263157844543457,0,84357.38391113281,221435.44122314453,0,404327403520,8589930496,5969121280,114688
9,1791556862598,2500,2500,2499,2500,2500,2500,2500,2500,2500,2499,2499,2499,2499,2499,2499,2499,95,5.263157844543457,10,0,0,5,0,0,0,0,0,0,0,0,5.263157844543457,0,84357.60546875,221435.87677001953,0,404327403520,8589930496,5969121280,114688
9,1791556862608,2500,2500,2499,2500,2500,2500,2500,2500,2500,2499,2499,2499,2499,2499,2499,2499,95,5.263157844543457,10,0,0,5,0,0,0,0,0,0,0,0,5.263157844543457,0,84357.78704833984,221436.26263427734,0,404327403520,8589930496,5969121280,114688
9,1791556862618,2500,2500,2499,2500,2500,2500,2500,2500,2500,2499,2499,2499,2499,2499,2499,2499,100,0,0,5,0,0,5,10,0,0,0,0,0,0,0,0,84357.94342041016,221436.6392211914,0,404327403520,8589930496,5969121280,114688
9,1791556862628,2500,2500,2499,2500,2500,2500,2500,2500,2500,2499,2499,2499,2499,2499,2499,2499,100,0,0,5,0,0,5,10,0,0,0,0,0,0,0,0,84358.09759521484,221437.01416015625,0,404327403520,8589930496,5969121280,114688
9,1791556862638,2500,2500,2499,2500,2500,2500,2500,2500,2500,2499,2499,2499,2499,2499,2499,2499,100,0,0,5,0,0,5,10,0,0,0,0,0,0,0,0,84358.25506591797,221437.38763427734,0,404327403520,8589930496,5969121280,114688
9,1791556862648,2500,2500,2499,2500,2500,2500,2500,2500,2500,2499,2499,2499,2499,2499,2499,2499,100,0,0,5,0,0,5,10,0,0,0,0,0,0,0,0,84358.45104980469,221437.77960205078,0,404327403520,8589930496,5964165120,114688
9,1791556862658,2500,2500,2499,2500,2500,2500,2500,2500,2500,2499,2499,2499,2499,2499,2499,2499,100,0,0,5,0,0,5,10,0,0,0,0,0,0,0,0,84358.64294433594,221438.17114257813,0,404327403520,8589930496,5964165120,114688
9,1791556862668,2500,2500,2499,2500,2500,2500,2500,2500,2500,2499,2499,2499,2499,2499,2499,2499,100,0,0,5,0,0,5,10,0,0,0,0,0,0,0,0,84358.80773925781,221438.54791259766,0,404327403520,8589930496,5924515840,114688
9,1791556862678,2500,2500,2499,2500,2500,2500,2500,2500,2500,2499,2499,2499,2499,2499,2499,2499,100,0,0,5,0,0,5,10,0,0,0,0,0,0,0,0,84358.96826171875,221438.92443847656,0,404327403520,8589930496,5841747968,114688
10,1791556862688,2500,2500,2499,2500,2500,2500,2500,2500,2500,2499,2499,2499,2499,2499,2499,2499,100,0,0,5,0,0,5,10,0,0,0,0,0,0,0,0,84359.13287353516,221439.29913330078,0,404327403520,8589930496,5726269440,114688
9,1791556862698,2500,2500,2499,2500,2500,2500,2500,2500,2500,2499,2499,2499,2499,2499,2499,2499,100,0,0,5,0,0,5,10,0,0,0,0,0,0,0,0,84359.29418945313,221439.6748046875,0,404327403520,8589930496,5627146240,114688
9,1791556862708,2500,2500,2499,2500,2500,2500,2500,2500,2500,2499,2499,2499,2499,2499,2499,2499,100,0,0,5,0,0,5,10,0,0,0,0,0,0,0,0,84359.46502685547,221440.05987548828,0,404327403520,8589930496,5585199104,114688
0,1791556862719,2500,2500,2499,2500,2500,2500,2500,2500,2500,2499,2499,2499,2499,2499,2499,2499,100,0,0,5,0,0,5,10,0,0,0,0,0,0,0,0,84359.6235961914,221440.39575195313,0,404327403520,8589930496,5578756096,114688
