Delta,Time,CPU_FREQUENCY_0,CPU_FREQUENCY_1,CPU_FREQUENCY_10,CPU_FREQUENCY_11,CPU_FREQUENCY_12,CPU_FREQUENCY_13,CPU_FREQUENCY_14,CPU_FREQUENCY_15,CPU_FREQUENCY_2,CPU_FREQUENCY_3,CPU_FREQUENCY_4,CPU_FREQUENCY_5,CPU_FREQUENCY_6,CPU_FREQUENCY_7,CPU_FREQUENCY_8,CPU_FREQUENCY_9,CPU_USAGE_0,CPU_USAGE_1,CPU_USAGE_10,CPU_USAGE_11,CPU_USAGE_12,CPU_USAGE_13,CPU_USAGE_14,CPU_USAGE_15,CPU_USAGE_2,CPU_USAGE_3,CPU_USAGE_4,CPU_USAGE_5,CPU_USAGE_6,CPU_USAGE_7,CPU_USAGE_8,CPU_USAGE_9,DRAM_ENERGY (J),PACKAGE_ENERGY (J),PP0_ENERGY (J),TOTAL_MEMORY,TOTAL_SWAP,USED_MEMORY,USED_SWAP
0,1791558889072,2499,2500,2499,2500,2499,2500,2500,2499,2500,2500,2499,2499,2499,2500,2500,2499,7.692307949066162,4.1666669845581055,4.1666669845581055,4.1666669845581055,8,4.1666669845581055,4.1666669845581055,4.34782600402832,4,4,0,0,0,0,0,0,115691.69549560547,27123.928833007813,0,404327403520,8589930496,5416304640,114688
9,1791558889072,2499,2500,2499,2500,2499,2500,2500,2499,2500,2500,2499,2499,2499,2500,2500,2499,7.692307949066162,4.1666669845581055,4.1666669845581055,4.1666669845581055,8,4.1666669845581055,4.1666669845581055,4.34782600402832,4,4,0,0,0,0,0,0,115691.69549560547,27123.928833007813,0,404327403520,8589930496,5416304640,114688
10,1791558889082,2499,2500,2499,2500,2499,2500,2500,2499,2500,2500,2499,2499,2499,2500,2500,2499,7.692307949066162,4.1666669845581055,4.1666669845581055,4.1666669845581055,8,4.1666669845581055,4.1666669845581055,4.34782600402832,4,4,0,0,0,0,0,0,115691.84838867188,27124.245666503906,0,404327403520,8589930496,5416304640,114688
9,1791558889092,2499,2500,2499,2500,2499,2500,2500,2499,2500,2500,2499,2499,2499,2500,2500,2499,7.692307949066162,4.1666669845581055,4.1666669845581055,4.1666669845581055,8,4.1666669845581055,4.1666669845581055,4.34782600402832,4,4,0,0,0,0,0,0,115691.998046875,27124.571044921875,0,404327403520,8589930496,5416304640,114688
9,1791558889103,2499,2500,2499,2500,2499,2500,2500,2499,2500,2500,2499,2499,2499,2500,2500,2499,7.692307949066162,4.1666669845581055,4.1666669845581055,4.1666669845581055,8,4.1666669845581055,4.1666669845581055,4.34782600402832,4,4,0,0,0,0,0,0,115692.16668701172,27124.925842285156,0,404327403520,8589930496,5416304640,114688
9,1791558889113,2499,2500,2499,2500,2499,2500,2500,2499,2500,2500,2499,2499,2499,2500,2500,2499,7.692307949066162,4.1666669845581055,4.1666669845581055,4.1666669845581055,8,4.1666669845581055,4.1666669845581055,4.34782600402832,4,4,0,0,0,0,0,0,115692.31909179688,27125.243530273438,0,404327403520,8589930496,5416304640,114688
10,1791558889123,2499,2500,2499,2500,2499,2500,2500,2499,2500,2500,2499,2499,2499,2500,2500,2499,7.692307949066162,4.1666669845581055,4.1666669845581055,4.1666669845581055,8,4.1666669845581055,4.1666669845581055,4.34782600402832,4,4,0,0,0,0,0,0,115692.46905517578,27125.56396484375,0,404327403520,8589930496,5418287104,114688
10,1791558889133,2499,2500,2499,2500,2499,2500,2500,2499,2500,2500,2499,2499,2499,2500,2500,2499,7.692307949066162,4.1666669845581055,4.1666669845581055,4.1666669845581055,8,4.1666669845581055,4.1666669845581055,4.34782600402832,4,4,0,0,0,0,0,0,115692.62585449219,27125.92950439453,0,404327403520,8589930496,5400354816,114688
10,1791558889143,2499,2500,2499,2500,2499,2500,2500,2499,2500,2500,2499,2499,2499,2500,2500,2499,7.692307949066162,4.1666669845581055,4.1666669845581055,4.1666669845581055,8,4.1666669845581055,4.1666669845581055,4.34782600402832,4,4,0,0,0,0,0,0,115692.7758178711,27126.30877685547,0,404327403520,8589930496,5400354816,114688
10,1791558889153,2499,2500,2499,2500,2499,2500,2500,2499,2500,2500,2499,2499,2499,2500,2500,2499,7.692307949066162,4.1666669845581055,4.1666669845581055,4.1666669845581055,8,4.1666669845581055,4.1666669845581055,4.34782600402832,4,4,0,0,0,0,0,0,115692.92596435547,27126.685424804688,0,404327403520,8589930496,5400354816,114688
9,1791558889163,2499,2500,2499,2500,2499,2500,2500,2499,2500,2500,2499,2499,2499,2500,2500,2499,7.692307949066162,4.1666669845581055,4.1666669845581055,4.1666669845581055,8,4.1666669845581055,4.1666669845581055,4.34782600402832,4,4,0,0,0,0,0,0,115693.07391357422,27127.014099121094,0,404327403520,8589930496,5405806592,114688
9,1791558889173,2499,2500,2499,2500,2499,2500,2500,2499,2500,2500,2499,2499,2499,2500,2500,2499,7.692307949066162,4.1666669845581055,4.1666669845581055,4.1666669845581055,8,4.1666669845581055,4.1666669845581055,4.34782600402832,4,4,0,0,0,0,0,0,115693.22686767578,27127.330505371094,0,404327403520,8589930496,5410267136,114688
9,1791558889183,2499,2500,2499,2500,2499,2500,2500,2499,2500,2500,2499,2499,2499,2500,2500,2499,7.692307949066162,4.1666669845581055,4.1666669845581055,4.1666669845581055,8,4.1666669845581055,4.1666669845581055,4.34782600402832,4,4,0,0,0,0,0,0,115693.37609863281,27127.650817871094,0,404327403520,8589930496,5411258368,114688
9,1791558889193,2499,2500,2499,2500,2499,2500,2500,2499,2500,2500,2499,2499,2499,2500,2500,2499,7.692307949066162,4.1666669845581055,4.1666669845581055,4.1666669845581055,8,4.1666669845581055,4.1666669845581055,4.34782600402832,4,4,0,0,0,0,0,0,115693.52807617188,27127.964294433594,0,404327403520,8589930496,5413240832,114688
9,1791558889203,2499,2500,2499,2500,2499,2500,2500,2499,2500,2500,2499,2499,2499,2500,2500,2499,7.692307949066162,4.1666669845581055,4.1666669845581055,4.1666669845581055,8,4.1666669845581055,4.1666669845581055,4.34782600402832,4,4,0,0,0,0,0,0,115693.68231201172,27128.27471923828,0,404327403520,8589930496,5413240832,114688
9,1791558889213,2499,2500,2499,2500,2499,2500,2500,2499,2500,2500,2499,2499,2499,2500,2500,2499,7.692307949066162,4.1666669845581055,4.1666669845581055,4.1666669845581055,8,4.1666669845581055,4.1666669845581055,4.34782600402832,4,4,0,0,0,0,0,0,115693.83380126953,27128.59100341797,0,404327403520,8589930496,5413240832,114688
10,1791558889223,2499,2500,2499,2500,2499,2500,2500,2499,2500,2500,2499,2499,2499,2500,2500,2499,7.692307949066162,4.1666669845581055,4.1666669845581055,4.1666669845581055,8,4.1666669845581055,4.1666669845581055,4.34782600402832,4,4,0,0,0,0,0,0,115693.98522949219,27128.90118408203,0,404327403520,8589930496,5413240832,114688
9,1791558889233,2499,2500,2499,2500,2499,2500,2500,2499,2500,2500,2499,2499,2499,2500,2500,2499,7.692307949066162,4.1666669845581055,4.1666669845581055,4.1666669845581055,8,4.1666669845581055,4.1666669845581055,4.34782600402832,4,4,0,0,0,0,0,0,115694.1361694336,27129.21405029297,0,404327403520,8589930496,5413240832,114688
9,1791558889244,2499,2500,2499,2500,2499,2500,2500,2499,2500,2500,2499,2499,2499,2500,2500,2499,7.692307949066162,4.1666669845581055,4.1666669845581055,4.1666669845581055,8,4.1666669845581055,4.1666669845581055,4.34782600402832,4,4,0,0,0,0,0,0,115694.2855834961,27129.52862548828,0,404327403520,8589930496,5413240832,114688
9,1791558889254,2499,2500,2499,2500,2499,2500,2500,2499,2500,2500,2499,2499,2499,2500,2500,2499,7.692307949066162,4.1666669845581055,4.1666669845581055,4.1666669845581055,8,4.1666669845581055,4.1666669845581055,4.34782600402832,4,4,0,0,0,0,0,0,115694.44854736328,27129.87371826172,0,404327403520,8589930496,5417205760,114688
10,1791558889264,2499,2500,2499,2500,2499,2500,2500,2499,2500,2500,2499,2499,2499,2500,2500,2499,7.692307949066162,4.1666669845581055,4.1666669845581055,4.1666669845581055,8,4.1666669845581055,4.1666669845581055,4.34782600402832,4,4,0,0,0,0,0,0,115694.60144042969,27130.189453125,0,404327403520,8589930496,5417205760,114688
9,1791558889274,2499,2500,2499,2500,2499,2500,2500,2499,2500,2500,2499,2499,2499,2500,2500,2499,16.666667938232422,9.523809432983398,0,0,0,0,0,85.71428680419922,0,0,0,0,0,0,4.761904716491699,0,115694.74462890625,27130.504821777344,0,404327403520,8589930496,5417205760,114688
9,1791558889284,2499,2500,2499,2500,2499,2500,2500,2499,2500,2500,2499,2499,2499,2500,2500,2499,16.666667938232422,9.523809432983398,0,0,0,0,0,85.71428680419922,0,0,0,0,0,0,4.761904716491699,0,115694.89318847656,27130.820739746094,0,404327403520,8589930496,5417205760,114688
10,1791558889294,2499,2500,2499,2500,2499,2500,2500,2499,2500,2500,2499,2499,2499,2500,2500,2499,16.666667938232422,9.523809432983398,0,0,0,0,0,85.71428680419922,0,0,0,0,0,0,4.761904716491699,0,115695.04370117188,27131.138793945313,0,404327403520,8589930496,5417205760,114688
9,1791558889304,2499,2500,2499,2500,2499,2500,2500,2499,2500,2500,2499,2499,2499,2500,2500,2499,16.666667938232422,9.523809432983398,0,0,0,0,0,85.71428680419922,0,0,0,0,0,0,4.761904716491699,0,115695.18780517578,27131.45721435547,0,404327403520,8589930496,5417205760,114688
10,1791558889314,2499,2500,2499,2500,2499,2500,2500,2499,2500,2500,2499,2499,2499,2500,2500,2499,16.666667938232422,9.523809432983398,0,0,0,0,0,85.71428680419922,0,0,0,0,0,0,4.761904716491699,0,115695.3353881836,27131.76788330078,0,404327403520,8589930496,5417205760,114688
9,1791558889324,2499,2500,2499,2500,2499,2500,2500,2499,2500,2500,2499,2499,2499,2500,2500,2499,16.666667938232422,9.523809432983398,0,0,0,0,0,85.71428680419922,0,0,0,0,0,0,4.761904716491699,0,115695.48583984375,27132.079467773438,0,404327403520,8589930496,5417205760,114688
9,1791558889334,2499,2500,2499,2500,2499,2500,2500,2499,2500,2500,2499,2499,2499,2500,2500,2499,16.666667938232422,9.523809432983398,0,0,0,0,0,85.71428680419922,0,0,0,0,0,0,4.761904716491699,0,115695.63092041016,27132.39862060547,0,404327403520,8589930496,5417205760,114688
10,1791558889344,2499,2500,2499,2500,2499,2500,2500,2499,2500,2500,2499,2499,2499,2500,2500,2499,16.666667938232422,9.523809432983398,0,0,0,0,0,85.71428680419922,0,0,0,0,0,0,4.761904716491699,0,115695.78021240234,27132.71063232422,0,404327403520,8589930496,5417205760,114688
9,1791558889354,2499,2500,2499,2500,2499,2500,2500,2499,2500,2500,2499,2499,2499,2500,2500,2499,16.666667938232422,9.523809432983398,0,0,0,0,0,85.71428680419922,0,0,0,0,0,0,4.761904716491699,0,115695.92578125,27133.023315429688,0,404327403520,8589930496,5417205760,114688
9,1791558889364,2499,2500,2499,2500,2499,2500,2500,2499,2500,2500,2499,2499,2499,2500,2500,2499,16.666667938232422,9.523809432983398,0,0,0,0,0,85.71428680419922,0,0,0,0,0,0,4.761904716491699,0,115696.07501220703,27133.33563232422,0,404327403520,8589930496,5417205760,114688
9,1791558889374,2499,2500,2499,2500,2499,2500,2500,2499,2500,2500,2499,2499,2499,2500,2500,2499,16.666667938232422,9.523809432983398,0,0,0,0,0,85.71428680419922,0,0,0,0,0,0,4.761904716491699,0,115696.224609375,27133.653259277344,0,404327403520,8589930496,5417205760,114688
10,1791558889384,2499,2500,2499,2500,2499,2500,2500,2499,2500,2500,2499,2499,2499,2500,2500,2499,16.666667938232422,9.523809432983398,0,0,0,0,0,85.71428680419922,0,0,0,0,0,0,4.761904716491699,0,115696.37762451172,27133.967346191406,0,404327403520,8589930496,5417205760,114688
9,1791558889395,2499,2500,2499,2500,2499,2500,2500,2499,2500,2500,2499,2499,2499,2500,2500,2499,16.666667938232422,9.523809432983398,0,0,0,0,0,85.71428680419922,0,0,0,0,0,0,4.761904716491699,0,115696.52502441406,27134.284423828125,0,404327403520,8589930496,5417205760,114688
10,1791558889405,2499,2500,2499,2500,2499,2500,2500,2499,2500,2500,2499,2499,2499,2500,2500,2499,16.666667938232422,9.523809432983398,0,0,0,0,0,85.71428680419922,0,0,0,0,0,0,4.761904716491699,0,115696.67700195313,27134.63836669922,0,404327403520,8589930496,5406797824,114688
9,1791558889415,2499,2500,2499,2500,2499,2500,2500,2499,2500,2500,2499,2499,2499,2500,2500,2499,16.666667938232422,9.523809432983398,0,0,0,0,0,85.71428680419922,0,0,0,0,0,0,4.761904716491699,0,115696.84619140625,27134.99432373047,0,404327403520,8589930496,5416148992,114688
9,1791558889425,2499,2500,2499,2500,2499,2500,2500,2499,2500,2500,2499,2499,2499,2500,2500,2499,16.666667938232422,9.523809432983398,0,0,0,0,0,85.71428680419922,0,0,0,0,0,0,4.761904716491699,0,115696.9976196289,27135.303649902344,0,404327403520,8589930496,5416148992,114688
9,1791558889435,2499,2500,2499,2500,2499,2500,2500,2499,2500,2500,2499,2499,2499,2500,2500,2499,16.666667938232422,9.523809432983398,0,0,0,0,0,85.71428680419922,0,0,0,0,0,0,4.761904716491699,0,115697.15380859375,27135.622497558594,0,404327403520,8589930496,5432008704,114688
9,1791558889445,2499,2500,2499,2500,2499,2500,2500,2499,2500,2500,2499,2499,2499,2500,2500,2499,16.666667938232422,9.523809432983398,0,0,0,0,0,85.71428680419922,0,0,0,0,0,0,4.761904716491699,0,115697.3060913086,27135.94091796875,0,404327403520,8589930496,5448859648,114688
9,1791558889455,2499,2500,2499,2500,2499,2500,2500,2499,2500,2500,2499,2499,2499,2500,2500,2499,16.666667938232422,9.523809432983398,0,0,0,0,0,85.71428680419922,0,0,0,0,0,0,4.761904716491699,0,115697.45751953125,27136.255493164063,0,404327403520,8589930496,5456789504,114688
9,1791558889465,2499,2500,2499,2500,2499,2500,2500,2499,2500,2500,2499,2499,2499,2500,2500,2499,16.666667938232422,9.523809432983398,0,0,0,0,0,85.71428680419922,0,0,0,0,0,0,4.761904716491699,0,115697.60900878906,27136.57354736328,0,404327403520,8589930496,5473640448,114688
9,1791558889475,2499,2500,2499,2500,2499,2500,2500,2499,2500,2500,2499,2499,2499,2500,2500,2499,5,5.263157844543457,0,0,0,0,0,95,0,0,0,0,0,0,0,0,115697.76147460938,27136.885375976563,0,404327403520,8589930496,5489995776,114688
9,1791558889485,2499,2500,2499,2500,2499,2500,2500,2499,2500,2500,2499,2499,2499,2500,2500,2499,5,5.263157844543457,0,0,0,0,0,95,0,0,0,0,0,0,0,0,115697.91320800781,27137.205017089844,0,404327403520,8589930496,5498421248,114688
10,1791558889495,2499,2500,2499,2500,2499,2500,2500,2499,2500,2500,2499,2499,2499,2500,2500,2499,5,5.263157844543457,0,0,0,0,0,95,0,0,0,0,0,0,0,0,115698.0654296875,27137.5234375,0,404327403520,8589930496,5514776576,114688
10,1791558889505,2499,2500,2499,2500,2499,2500,2500,2499,2500,2500,2499,2499,2499,2500,2500,2499,5,5.263157844543457,0,0,0,0,0,95,0,0,0,0,0,0,0,0,115698.21905517578,27137.84063720703,0,404327403520,8589930496,5523202048,114688
9,1791558889515,2499,2500,2499,2500,2499,2500,2500,2499,2500,2500,2499,2499,2499,2500,2500,2499,5,5.263157844543457,0,0,0,0,0,95,0,0,0,0,0,0,0,0,115698.3701171875,27138.1591796875,0,404327403520,8589930496,5523202048,114688
10,1791558889525,2499,2500,2499,2500,2499,2500,2500,2499,2500,2500,2499,2499,2499,2500,2500,2499,5,5.263157844543457,0,0,0,0,0,95,0,0,0,0,0,0,0,0,115698.5228881836,27138.47198486328,0,404327403520,8589930496,5523202048,114688
9,1791558889536,2499,2500,2499,2500,2499,2500,2500,2499,2500,2500,2499,2499,2499,2500,2500,2499,5,5.263157844543457,0,0,0,0,0,95,0,0,0,0,0,0,0,0,115698.68090820313,27138.784301757813,0,404327403520,8589930496,5531131904,114688
9,1791558889546,2499,2500,2499,2500,2499,2500,2500,2499,2500,2500,2499,2499,2499,2500,2500,2499,5,5.263157844543457,0,0,0,0,0,95,0,0,0,0,0,0,0,0,115698.84252929688,27139.130798339844,0,404327403520,8589930496,5531131904,114688
10,1791558889556,2499,2500,2499,2500,2499,2500,2500,2499,2500,2500,2499,2499,2499,2500,2500,2499,5,5.263157844543457,0,0,0,0,0,95,0,0,0,0,0,0,0,0,115698.97686767578,27139.412170410156,0,404327403520,8589930496,5539557376,114688
9,1791558889566,2499,2500,2499,2500,2499,2500,2500,2499,2500,2500,2499,2499,2499,2500,2500,2499,5,5.263157844543457,0,0,0,0,0,95,0,0,0,0,0,0,0,0,115699.14440917969,27139.760986328125,0,404327403520,8589930496,5539557376,114688
9,1791558889576,2499,2500,2499,2500,2499,2500,2500,2499,2500,2500,2499,2499,2499,2500,2500,2499,5,5.263157844543457,0,0,0,0,0,95,0,0,0,0,0,0,0,0,115699.2900390625,27140.077880859375,0,404327403520,8589930496,5539557376,114688
9,1791558889586,2499,2500,2499,2500,2499,2500,2500,2499,2500,2500,2499,2499,2499,2500,2500,2499,5,5.263157844543457,0,0,0,0,0,95,0,0,0,0,0,0,0,0,115699.4409790039,27140.392517089844,0,404327403520,8589930496,5539557376,114688
9,1791558889596,2499,2500,2499,2500,2499,2500,2500,2499,2500,2500,2499,2499,2499,2500,2500,2499,5,5.263157844543457,0,0,0,0,0,95,0,0,0,0,0,0,0,0,115699.59454345703,27140.70361328125,0,404327403520,8589930496,5539557376,114688
9,1791558889606,2499,2500,2499,2500,2499,2500,2500,2499,2500,2500,2499,2499,2499,2500,2500,2499,5,5.263157844543457,0,0,0,0,0,95,0,0,0,0,0,0,0,0,115699.74981689453,27141.020080566406,0,404327403520,8589930496,5539557376,114688
9,1791558889616,2499,2500,2499,2500,2499,2500,2500,2499,2500,2500,2499,2499,2499,2500,2500,2499,5,5.263157844543457,0,0,0,0,0,95,0,0,0,0,0,0,0,0,115699.90454101563,27141.336975097656,0,404327403520,8589930496,5539557376,114688
9,1791558889626,2499,2500,2499,2500,2499,2500,2500,2499,2500,2500,2499,2499,2499,2500,2500,2499,5,5.263157844543457,0,0,0,0,0,95,0,0,0,0,0,0,0,0,115700.0517578125,27141.651306152344,0,404327403520,8589930496,5539557376,114688
10,1791558889636,2499,2500,2499,2500,2499,2500,2500,2499,2500,2500,2499,2499,2499,2500,2500,2499,5,5.263157844543457,0,0,0,0,0,95,0,0,0,0,0,0,0,0,115700.2041015625,27141.964416503906,0,404327403520,8589930496,5539557376,114688
9,1791558889646,2499,2500,2499,2500,2499,2500,2500,2499,2500,2500,2499,2499,2499,2500,2500,2499,5,5.263157844543457,0,0,0,0,0,95,0,0,0,0,0,0,0,0,115700.35314941406,27142.283630371094,0,404327403520,8589930496,5539557376,114688
9,1791558889656,2499,2500,2499,2500,2499,2500,2500,2499,2500,2500,2499,2499,2499,2500,2500,2499,5,5.263157844543457,0,0,0,0,0,95,0,0,0,0,0,0,0,0,115700.50604248047,27142.59765625,0,404327403520,8589930496,5539557376,114688
9,1791558889667,2499,2500,2499,2500,2499,2500,2500,2499,2500,2500,2499,2499,2499,2500,2500,2499,5,5.263157844543457,0,0,0,0,0,95,0,0,0,0,0,0,0,0,115700.65753173828,27142.914794921875,0,404327403520,8589930496,5539557376,114688
9,1791558889677,2499,2500,2499,2500,2499,2500,2500,2499,2500,2500,2499,2499,2499,2500,2500,2499,10,0,0,0,0,0,0,100,0,0,5,0,0,0,0,0,115700.80895996094,27143.231384277344,0,404327403520,8589930496,5539557376,114688
9,1791558889687,2499,2500,2499,2500,2499,2500,2500,2499,2500,2500,2499,2499,2499,2500,2500,2499,10,0,0,0,0,0,0,100,0,0,5,0,0,0,0,0,115700.96002197266,27143.55029296875,0,404327403520,8589930496,5539557376,114688
9,1791558889697,2499,2500,2499,2500,2499,2500,2500,2499,2500,2500,2499,2499,2499,2500,2500,2499,10,0,0,0,0,0,0,100,0,0,5,0,0,0,0,0,115701.1098022461,27143.865966796875,0,404327403520,8589930496,5539557376,114688
9,1791558889707,2499,2500,2499,2500,2499,2500,2500,2499,2500,2500,2499,2499,2499,2500,2500,2499,10,0,0,0,0,0,0,100,0,0,5,0,0,0,0,0,115701.25677490234,27144.181213378906,0,404327403520,8589930496,5539557376,114688
9,1791558889717,2499,2500,2499,2500,2499,2500,2500,2499,2500,2500,2499,2499,2499,2500,2500,2499,10,0,0,0,0,0,0,100,0,0,5,0,0,0,0,0,115701.40991210938,27144.492919921875,0,404327403520,8589930496,5539557376,114688
9,1791558889727,2499,2500,2499,2500,2499,2500,2500,2499,2500,2500,2499,2499,2499,2500,2500,2499,10,0,0,0,0,0,0,100,0,0,5,0,0,0,0,0,115701.58038330078,27144.840942382813,0,404327403520,8589930496,5547982848,114688
9,1791558889737,2499,2500,2499,2500,2499,2500,2500,2499,2500,2500,2499,2499,2499,2500,2500,2499,10,0,0,0,0,0,0,100,0,0,5,0,0,0,0,0,115701.73345947266,27145.15704345703,0,404327403520,8589930496,5547982848,114688
9,1791558889747,2499,2500,2499,2500,2499,2500,2500,2499,2500,2500,2499,2499,2499,2500,2500,2499,10,0,0,0,0,0,0,100,0,0,5,0,0,0,0,0,115701.88793945313,27145.473083496094,0,404327403520,8589930496,5547982848,114688
9,1791558889757,2499,2500,2499,2500,2499,2500,2500,2499,2500,2500,2499,2499,2499,2500,2500,2499,10,0,0,0,0,0,0,100,0,0,5,0,0,0,0,0,115702.03552246094,27145.789123535156,0,404327403520,8589930496,5547982848,114688
9,1791558889767,2499,2500,2499,2500,2499,2500,2500,2499,2500,2500,2499,2499,2499,2500,2500,2499,10,0,0,0,0,0,0,100,0,0,5,0,0,0,0,0,115702.18872070313,27146.09552001953,0,404327403520,8589930496,5547982848,114688
9,1791558889777,2499,2500,2499,2500,2499,2500,2500,2499,2500,2500,2499,2499,2499,2500,2500,2499,10,0,0,0,0,0,0,100,0,0,5,0,0,0,0,0,115702.34423828125,27146.41259765625,0,404327403520,8589930496,5548478464,114688
10,1791558889787,2499,2500,2499,2500,2499,2500,2500,2499,2500,2500,2499,2499,2499,2500,2500,2499,10,0,0,0,0,0,0,100,0,0,5,0,0,0,0,0,115702.50189208984,27146.724243164063,0,404327403520,8589930496,5548478464,114688
10,1791558889797,2499,2500,2499,2500,2499,2500,2500,2499,2500,2500,2499,2499,2499,2500,2500,2499,10,0,0,0,0,0,0,100,0,0,5,0,0,0,0,0,115702.65441894531,27147.040954589844,0,404327403520,8589930496,5549469696,114688
10,1791558889807,2499,2500,2499,2500,2499,2500,2500,2499,2500,2500,2499,2499,2499,2500,2500,2499,10,0,0,0,0,0,0,100,0,0,5,0,0,0,0,0,115702.81115722656,27147.357055664063,0,404327403520,8589930496,5551452160,114688
9,1791558889818,2499,2500,2499,2500,2499,2500,2500,2499,2500,2500,2499,2499,2499,2500,2500,2499,10,0,0,0,0,0,0,100,0,0,5,0,0,0,0,0,115702.96209716797,27147.67156982422,0,404327403520,8589930496,5555912704,114688
9,1791558889828,2499,2500,2499,2500,2499,2500,2500,2499,2500,2500,2499,2499,2499,2500,2500,2499,10,0,0,0,0,0,0,100,0,0,5,0,0,0,0,0,115703.11004638672,27147.984313964844,0,404327403520,8589930496,5555912704,114688
9,1791558889838,2499,2500,2499,2500,2499,2500,2500,2499,2500,2500,2499,2499,2499,2500,2500,2499,10,0,0,0,0,0,0,100,0,0,5,0,0,0,0,0,115703.26623535156,27148.297729492188,0,404327403520,8589930496,5555912704,114688
9,1791558889848,2499,2500,2499,2500,2499,2500,2500,2499,2500,2500,2499,2499,2499,2500,2500,2499,10,0,0,0,0,0,0,100,0,0,5,0,0,0,0,0,115703.41479492188,27148.61407470703,0,404327403520,8589930496,5555912704,114688
9,1791558889858,2499,2500,2499,2500,2499,2500,2500,2499,2500,2500,2499,2499,2499,2500,2500,2499,10,0,0,0,0,0,0,100,0,0,5,0,0,0,0,0,115703.56439208984,27148.926025390625,0,404327403520,8589930496,5555912704,114688
9,1791558889868,2499,2500,2499,2500,2499,2500,2500,2499,2500,2500,2499,2499,2499,2500,2500,2499,10,0,0,0,0,0,0,100,0,0,5,0,0,0,0,0,115703.73028564453,27149.27178955078,0,404327403520,8589930496,5555912704,114688
9,1791558889878,2499,2500,2499,2500,2499,2500,2500,2499,2500,2500,2499,2499,2499,2500,2500,2499,5.263157844543457,0,0,0,0,0,0,100,0,0,0,0,0,0,0,0,115703.88299560547,27149.585693359375,0,404327403520,8589930496,5555912704,114688
10,1791558889888,2499,2500,2499,2500,2499,2500,2500,2499,2500,2500,2499,2499,2499,2500,2500,2499,5.263157844543457,0,0,0,0,0,0,100,0,0,0,0,0,0,0,0,115704.01959228516,27149.86767578125,0,404327403520,8589930496,5555912704,114688
9,1791558889898,2499,2500,2499,2500,2499,2500,2500,2499,2500,2500,2499,2499,2499,2500,2500,2499,5.263157844543457,0,0,0,0,0,0,100,0,0,0,0,0,0,0,0,115704.18713378906,27150.20849609375,0,404327403520,8589930496,5555912704,114688
9,1791558889908,2499,2500,2499,2500,2499,2500,2500,2499,2500,2500,2499,2499,2499,2500,2500,2499,5.263157844543457,0,0,0,0,0,0,100,0,0,0,0,0,0,0,0,115704.33654785156,27150.523681640625,0,404327403520,8589930496,5555912704,114688
10,1791558889918,2499,2500,2499,2500,2499,2500,2500,2499,2500,2500,2499,2499,2499,2500,2500,2499,5.263157844543457,0,0,0,0,0,0,100,0,0,0,0,0,0,0,0,115704.48321533203,27150.83984375,0,404327403520,8589930496,5555912704,114688
10,1791558889928,2499,2500,2499,2500,2499,2500,2500,2499,2500,2500,2499,2499,2499,2500,2500,2499,5.263157844543457,0,0,0,0,0,0,100,0,0,0,0,0,0,0,0,115704.63098144531,27151.155700683594,0,404327403520,8589930496,5555912704,114688
9,1791558889938,2499,2500,2499,2500,2499,2500,2500,2499,2500,2500,2499,2499,2499,2500,2500,2499,5.263157844543457,0,0,0,0,0,0,100,0,0,0,0,0,0,0,0,115704.77880859375,27151.469970703125,0,404327403520,8589930496,5555912704,114688
9,1791558889949,2499,2500,2499,2500,2499,2500,2500,2499,2500,2500,2499,2499,2499,2500,2500,2499,5.263157844543457,0,0,0,0,0,0,100,0,0,0,0,0,0,0,0,115704.93518066406,27151.78582763672,0,404327403520,8589930496,5555912704,114688
10,1791558889959,2499,2500,2499,2500,2499,2500,2500,2499,2500,2500,2499,2499,2499,2500,2500,2499,5.263157844543457,0,0,0,0,0,0,100,0,0,0,0,0,0,0,0,115705.08642578125,27152.094360351563,0,404327403520,8589930496,5555912704,114688
10,1791558889969,2499,2500,2499,2500,2499,2500,2500,2499,2500,2500,2499,2499,2499,2500,2500,2499,5.263157844543457,0,0,0,0,0,0,100,0,0,0,0,0,0,0,0,115705.240234375,27152.410888671875,0,404327403520,8589930496,5555912704,114688
9,1791558889979,2499,2500,2499,2500,2499,2500,2500,2499,2500,2500,2499,2499,2499,2500,2500,2499,5.263157844543457,0,0,0,0,0,0,100,0,0,0,0,0,0,0,0,115705.39080810547,27152.72589111328,0,404327403520,8589930496,5555912704,114688
9,1791558889989,2499,2500,2499,2500,2499,2500,2500,2499,2500,2500,2499,2499,2499,2500,2500,2499,5.263157844543457,0,0,0,0,0,0,100,0,0,0,0,0,0,0,0,115705.54071044922,27153.038330078125,0,404327403520,8589930496,5555912704,114688
9,1791558889999,2499,2500,2499,2500,2499,2500,2500,2499,2500,2500,2499,2499,2499,2500,2500,2499,5.263157844543457,0,0,0,0,0,0,100,0,0,0,0,0,0,0,0,115705.6849975586,27153.355041503906,0,404327403520,8589930496,5555912704,114688
9,1791558890009,2499,2500,2499,2500,2499,2500,2500,2499,2500,2500,2499,2499,2499,2500,2500,2499,5.263157844543457,0,0,0,0,0,0,100,0,0,0,0,0,0,0,0,115705.82983398438,27153.66552734375,0,404327403520,8589930496,5555912704,114688
9,1791558890019,2499,2500,2499,2500,2499,2500,2500,2499,2500,2500,2499,2499,2499,2500,2500,2499,5.263157844543457,0,0,0,0,0,0,100,0,0,0,0,0,0,0,0,115705.97686767578,27153.986206054688,0,404327403520,8589930496,5555912704,114688
9,1791558890029,2499,2500,2499,2500,2499,2500,2500,2499,2500,2500,2499,2499,2499,2500,2500,2499,5.263157844543457,0,0,0,0,0,0,100,0,0,0,0,0,0,0,0,115706.12762451172,27154.322998046875,0,404327403520,8589930496,5555912704,114688
9,1791558890039,2499,2500,2499,2500,2499,2500,2500,2499,2500,2500,2499,2499,2499,2500,2500,2499,5.263157844543457,0,0,0,0,0,0,100,0,0,0,0,0,0,0,0,115706.2763671875,27154.641235351563,0,404327403520,8589930496,5555912704,114688
9,1791558890049,2499,2500,2499,2500,2499,2500,2500,2499,2500,2500,2499,2499,2499,2500,2500,2499,5.263157844543457,0,0,0,0,0,0,100,0,0,0,0,0,0,0,0,115706.42657470703,27154.95037841797,0,404327403520,8589930496,5555912704,114688
9,1791558890059,2499,2500,2499,2500,2499,2500,2500,2499,2500,2500,2499,2499,2499,2500,2500,2499,5.263157844543457,0,0,0,0,0,0,100,0,0,0,0,0,0,0,0,115706.58996582031,27155.292724609375,0,404327403520,8589930496,5555912704,114688
10,1791558890069,2499,2500,2499,2500,2499,2500,2500,2499,2500,2500,2499,2499,2499,2500,2500,2499,5.263157844543457,0,0,0,0,0,0,100,0,0,0,0,0,0,0,0,115706.72235107422,27155.578735351563,0,404327403520,8589930496,5555912704,114688
9,1791558890080,2499,2500,2499,2500,2499,2500,2500,2499,2500,2500,2499,2499,2499,2500,2500,2499,5.263157844543457,5,0,0,0,0,0,100,0,0,0,5,0,0,0,0,115706.88897705078,27155.930541992188,0,404327403520,8589930496,5555912704,114688
9,1791558890090,2499,2500,2499,2500,2499,2500,2500,2499,2500,2500,2499,2499,2499,2500,2500,2499,5.263157844543457,5,0,0,0,0,0,100,0,0,0,5,0,0,0,0,115707.03875732422,27156.240844726563,0,404327403520,8589930496,5547134976,114688
9,1791558890100,2499,2500,2499,2500,2499,2500,2500,2499,2500,2500,2499,2499,2499,2500,2500,2499,5.263157844543457,5,0,0,0,0,0,100,0,0,0,5,0,0,0,0,115707.1870727539,27156.557006835938,0,404327403520,8589930496,5547134976,114688
9,1791558890110,2499,2500,2499,2500,2499,2500,2500,2499,2500,2500,2499,2499,2499,2500,2500,2499,5.263157844543457,5,0,0,0,0,0,100,0,0,0,5,0,0,0,0,115707.33557128906,27156.875549316406,0,404327403520,8589930496,5547134976,114688
9,1791558890120,2499,2500,2499,2500,2499,2500,2500,2499,2500,2500,2499,2499,2499,2500,2500,2499,5.263157844543457,5,0,0,0,0,0,100,0,0,0,5,0,0,0,0,115707.48626708984,27157.19464111328,0,404327403520,8589930496,5547134976,114688
10,1791558890130,2499,2500,2499,2500,2499,2500,2500,2499,2500,2500,2499,2499,2499,2500,2500,2499,5.263157844543457,5,0,0,0,0,0,100,0,0,0,5,0,0,0,0,115707.63751220703,27157.50830078125,0,404327403520,8589930496,5547134976,114688
9,1791558890140,2499,2500,2499,2500,2499,2500,2500,2499,2500,2500,2499,2499,2499,2500,2500,2499,5.263157844543457,5,0,0,0,0,0,100,0,0,0,5,0,0,0,0,115707.79235839844,27157.82470703125,0,404327403520,8589930496,5547134976,114688
9,1791558890150,2499,2500,2499,2500,2499,2500,2500,2499,2500,2500,2499,2499,2499,2500,2500,2499,5.263157844543457,5,0,0,0,0,0,100,0,0,0,5,0,0,0,0,115707.94689941406,27158.140747070313,0,404327403520,8589930496,5547134976,114688
9,1791558890160,2499,2500,2499,2500,2499,2500,2500,2499,2500,2500,2499,2499,2499,2500,2500,2499,5.263157844543457,5,0,0,0,0,0,100,0,0,0,5,0,0,0,0,115708.09753417969,27158.457153320313,0,404327403520,8589930496,5545242624,114688
9,1791558890170,2499,2500,2499,2500,2499,2500,2500,2499,2500,2500,2499,2499,2499,2500,2500,2499,5.263157844543457,5,0,0,0,0,0,100,0,0,0,5,0,0,0,0,115708.24420166016,27158.77459716797,0,404327403520,8589930496,5545242624,114688
10,1791558890180,2499,2500,2499,2500,2499,2500,2500,2499,2500,2500,2499,2499,2499,2500,2500,2499,5.263157844543457,5,0,0,0,0,0,100,0,0,0,5,0,0,0,0,115708.39569091797,27159.088745117188,0,404327403520,8589930496,5545242624,114688
10,1791558890190,2499,2500,2499,2500,2499,2500,2500,2499,2500,2500,2499,2499,2499,2500,2500,2499,5.263157844543457,5,0,0,0,0,0,100,0,0,0,5,0,0,0,0,115708.54931640625,27159.4013671875,0,404327403520,8589930496,5545242624,114688
10,1791558890200,2499,2500,2499,2500,2499,2500,2500,2499,2500,2500,2499,2499,2499,2500,2500,2499,5.263157844543457,5,0,0,0,0,0,100,0,0,0,5,0,0,0,0,115708.70220947266,27159.71466064453,0,404327403520,8589930496,5545242624,114688
10,1791558890210,2499,2500,2499,2500,2499,2500,2500,2499,2500,2500,2499,2499,2499,2500,2500,2499,5.263157844543457,5,0,0,0,0,0,100,0,0,0,5,0,0,0,0,115708.8525390625,27160.031860351563,0,404327403520,8589930496,5545242624,114688
9,1791558890221,2499,2500,2499,2500,2499,2500,2500,2499,2500,2500,2499,2499,2499,2500,2500,2499,5.263157844543457,5,0,0,0,0,0,100,0,0,0,5,0,0,0,0,115709.0160522461,27160.37725830078,0,404327403520,8589930496,5545242624,114688
9,1791558890231,2499,2500,2499,2500,2499,2500,2500,2499,2500,2500,2499,2499,2499,2500,2500,2499,5.263157844543457,5,0,0,0,0,0,100,0,0,0,5,0,0,0,0,115709.14404296875,27160.66046142578,0,404327403520,8589930496,5545242624,114688
10,1791558890241,2499,2500,2499,2500,2499,2500,2500,2499,2500,2500,2499,2499,2499,2500,2500,2499,5.263157844543457,5,0,0,0,0,0,100,0,0,0,5,0,0,0,0,115709.30847167969,27161.007446289063,0,404327403520,8589930496,5545242624,114688
9,1791558890251,2499,2500,2499,2500,2499,2500,2500,2499,2500,2500,2499,2499,2499,2500,2500,2499,5.263157844543457,5,0,0,0,0,0,100,0,0,0,5,0,0,0,0,115709.46026611328,27161.330078125,0,404327403520,8589930496,5545242624,114688
9,1791558890261,2499,2500,2499,2500,2499,2500,2500,2499,2500,2500,2499,2499,2499,2500,2500,2499,5.263157844543457,5,0,0,0,0,0,100,0,0,0,5,0,0,0,0,115709.61114501953,27161.64324951172,0,404327403520,8589930496,5545242624,114688
9,1791558890271,2499,2500,2499,2500,2499,2500,2500,2499,2500,2500,2499,2499,2499,2500,2500,2499,5.263157844543457,5,0,0,0,0,0,100,0,0,0,5,0,0,0,0,115709.75561523438,27161.957153320313,0,404327403520,8589930496,5545242624,114688
9,1791558890281,2499,2500,2499,2500,2499,2500,2500,2499,2500,2500,2499,2499,2499,2500,2500,2499,5,5,0,0,0,0,0,100,0,5,0,0,0,0,0,0,115709.90948486328,27162.27130126953,0,404327403520,8589930496,5545242624,114688
9,1791558890291,2499,2500,2499,2500,2499,2500,2500,2499,2500,2500,2499,2499,2499,2500,2500,2499,5,5,0,0,0,0,0,100,0,5,0,0,0,0,0,0,115710.05859375,27162.584533691406,0,404327403520,8589930496,5545242624,114688
9,1791558890301,2499,2500,2499,2500,2499,2500,2500,2499,2500,2500,2499,2499,2499,2500,2500,2499,5,5,0,0,0,0,0,100,0,5,0,0,0,0,0,0,115710.20343017578,27162.898864746094,0,404327403520,8589930496,5545242624,114688
9,1791558890311,2499,2500,2499,2500,2499,2500,2500,2499,2500,2500,2499,2499,2499,2500,2500,2499,5,5,0,0,0,0,0,100,0,5,0,0,0,0,0,0,115710.35516357422,27163.213500976563,0,404327403520,8589930496,5545242624,114688
9,1791558890321,2499,2500,2499,2500,2499,2500,2500,2499,2500,2500,2499,2499,2499,2500,2500,2499,5,5,0,0,0,0,0,100,0,5,0,0,0,0,0,0,115710.50775146484,27163.530395507813,0,404327403520,8589930496,5545242624,114688
9,1791558890331,2499,2500,2499,2500,2499,2500,2500,2499,2500,2500,2499,2499,2499,2500,2500,2499,5,5,0,0,0,0,0,100,0,5,0,0,0,0,0,0,115710.65496826172,27163.84295654297,0,404327403520,8589930496,5545242624,114688
10,1791558890341,2499,2500,2499,2500,2499,2500,2500,2499,2500,2500,2499,2499,2499,2500,2500,2499,5,5,0,0,0,0,0,100,0,5,0,0,0,0,0,0,115710.80694580078,27164.16033935547,0,404327403520,8589930496,5545242624,114688
9,1791558890351,2499,2500,2499,2500,2499,2500,2500,2499,2500,2500,2499,2499,2499,2500,2500,2499,5,5,0,0,0,0,0,100,0,5,0,0,0,0,0,0,115710.96130371094,27164.4716796875,0,404327403520,8589930496,5545242624,114688
9,1791558890362,2499,2500,2499,2500,2499,2500,2500,2499,2500,2500,2499,2499,2499,2500,2500,2499,5,5,0,0,0,0,0,100,0,5,0,0,0,0,0,0,115711.11114501953,27164.78790283203,0,404327403520,8589930496,5545242624,114688
10,1791558890372,2499,2500,2499,2500,2499,2500,2500,2499,2500,2500,2499,2499,2499,2500,2500,2499,5,5,0,0,0,0,0,100,0,5,0,0,0,0,0,0,115711.2583618164,27165.109497070313,0,404327403520,8589930496,5545242624,114688
10,1791558890382,2499,2500,2499,2500,2499,2500,2500,2499,2500,2500,2499,2499,2499,2500,2500,2499,5,5,0,0,0,0,0,100,0,5,0,0,0,0,0,0,115711.40850830078,27165.422790527344,0,404327403520,8589930496,5545242624,114688
9,1791558890392,2499,2500,2499,2500,2499,2500,2500,2499,2500,2500,2499,2499,2499,2500,2500,2499,5,5,0,0,0,0,0,100,0,5,0,0,0,0,0,0,115711.57531738281,27165.77569580078,0,404327403520,8589930496,5545242624,114688
9,1791558890402,2499,2500,2499,2500,2499,2500,2500,2499,2500,2500,2499,2499,2499,2500,2500,2499,5,5,0,0,0,0,0,100,0,5,0,0,0,0,0,0,115711.72491455078,27166.09112548828,0,404327403520,8589930496,5545242624,114688
9,1791558890412,2499,2500,2499,2500,2499,2500,2500,2499,2500,2500,2499,2499,2499,2500,2500,2499,5,5,0,0,0,0,0,100,0,5,0,0,0,0,0,0,115711.87908935547,27166.40869140625,0,404327403520,8589930496,5545242624,114688
9,1791558890422,2499,2500,2499,2500,2499,2500,2500,2499,2500,2500,2499,2499,2499,2500,2500,2499,5,5,0,0,0,0,0,100,0,5,0,0,0,0,0,0,115712.02911376953,27166.72576904297,0,404327403520,8589930496,5545242624,114688
9,1791558890432,2499,2500,2499,2500,2499,2500,2500,2499,2500,2500,2499,2499,2499,2500,2500,2499,5,5,0,0,0,0,0,100,0,5,0,0,0,0,0,0,115712.17761230469,27167.040954589844,0,404327403520,8589930496,5545242624,114688
9,1791558890442,2499,2500,2499,2500,2499,2500,2500,2499,2500,2500,2499,2499,2499,2500,2500,2499,5,5,0,0,0,0,0,100,0,5,0,0,0,0,0,0,115712.33081054688,27167.3544921875,0,404327403520,8589930496,5545242624,114688
9,1791558890452,2499,2500,2499,2500,2499,2500,2500,2499,2500,2500,2499,2499,2499,2500,2500,2499,5,5,0,0,0,0,0,100,0,5,0,0,0,0,0,0,115712.48059082031,27167.67022705078,0,404327403520,8589930496,5545242624,114688
9,1791558890462,2499,2500,2499,2500,2499,2500,2500,2499,2500,2500,2499,2499,2499,2500,2500,2499,5,5,0,0,0,0,0,100,0,5,0,0,0,0,0,0,115712.62817382813,27167.983337402344,0,404327403520,8589930496,5545242624,114688
9,1791558890472,2499,2500,2499,2500,2499,2500,2500,2499,2500,2500,2499,2499,2499,2500,2500,2499,5,5,0,0,0,0,0,100,0,5,0,0,0,0,0,0,115712.78051757813,27168.29815673828,0,404327403520,8589930496,5545242624,114688
10,1791558890482,2499,2500,2499,2500,2499,2500,2500,2499,2500,2500,2499,2499,2499,2500,2500,2499,5.263157844543457,0,0,0,0,0,0,100,0,0,0,0,0,0,0,4.761904716491699,115712.92590332031,27168.615661621094,0,404327403520,8589930496,5545242624,114688
9,1791558890492,2499,2500,2499,2500,2499,2500,2500,2499,2500,2500,2499,2499,2499,2500,2500,2499,5.263157844543457,0,0,0,0,0,0,100,0,0,0,0,0,0,0,4.761904716491699,115713.07696533203,27168.935546875,0,404327403520,8589930496,5545242624,114688
10,1791558890502,2499,2500,2499,2500,2499,2500,2500,2499,2500,2500,2499,2499,2499,2500,2500,2499,5.263157844543457,0,0,0,0,0,0,100,0,0,0,0,0,0,0,4.761904716491699,115713.22473144531,27169.247192382813,0,404327403520,8589930496,5545242624,114688
9,1791558890513,2499,2500,2499,2500,2499,2500,2500,2499,2500,2500,2499,2499,2499,2500,2500,2499,5.263157844543457,0,0,0,0,0,0,100,0,0,0,0,0,0,0,4.761904716491699,115713.37707519531,27169.558959960938,0,404327403520,8589930496,5545738240,114688
9,1791558890523,2499,2500,2499,2500,2499,2500,2500,2499,2500,2500,2499,2499,2499,2500,2500,2499,5.263157844543457,0,0,0,0,0,0,100,0,0,0,0,0,0,0,4.761904716491699,115713.53326416016,27169.910522460938,0,404327403520,8589930496,5545738240,114688
9,1791558890533,2499,2500,2499,2500,2499,2500,2500,2499,2500,2500,2499,2499,2499,2500,2500,2499,5.263157844543457,0,0,0,0,0,0,100,0,0,0,0,0,0,0,4.761904716491699,115713.68249511719,27170.229431152344,0,404327403520,8589930496,5546729472,114688
9,1791558890543,2499,2500,2499,2500,2499,2500,2500,2499,2500,2500,2499,2499,2499,2500,2500,2499,5.263157844543457,0,0,0,0,0,0,100,0,0,0,0,0,0,0,4.761904716491699,115713.83319091797,27170.546020507813,0,404327403520,8589930496,5546729472,114688
9,1791558890553,2499,2500,2499,2500,2499,2500,2500,2499,2500,2500,2499,2499,2499,2500,2500,2499,5.263157844543457,0,0,0,0,0,0,100,0,0,0,0,0,0,0,4.761904716491699,115713.98449707031,27170.863525390625,0,404327403520,8589930496,5546729472,114688
9,1791558890563,2499,2500,2499,2500,2499,2500,2500,2499,2500,2500,2499,2499,2499,2500,2500,2499,5.263157844543457,0,0,0,0,0,0,100,0,0,0,0,0,0,0,4.761904716491699,115714.13793945313,27171.183654785156,0,404327403520,8589930496,5546729472,114688
9,1791558890573,2499,2500,2499,2500,2499,2500,2500,2499,2500,2500,2499,2499,2499,2500,2500,2499,5.263157844543457,0,0,0,0,0,0,100,0,0,0,0,0,0,0,4.761904716491699,115714.2880859375,27171.494079589844,0,404327403520,8589930496,5548711936,114688
9,1791558890583,2499,2500,2499,2500,2499,2500,2500,2499,2500,2500,2499,2499,2499,2500,2500,2499,5.263157844543457,0,0,0,0,0,0,100,0,0,0,0,0,0,0,4.761904716491699,115714.43933105469,27171.80792236328,0,404327403520,8589930496,5548711936,114688
9,1791558890593,2499,2500,2499,2500,2499,2500,2500,2499,2500,2500,2499,2499,2499,2500,2500,2499,5.263157844543457,0,0,0,0,0,0,100,0,0,0,0,0,0,0,4.761904716491699,115714.59240722656,27172.126708984375,0,404327403520,8589930496,5548711936,114688
9,1791558890603,2499,2500,2499,2500,2499,2500,2500,2499,2500,2500,2499,2499,2499,2500,2500,2499,5.263157844543457,0,0,0,0,0,0,100,0,0,0,0,0,0,0,4.761904716491699,115714.74694824219,27172.44744873047,0,404327403520,8589930496,5548711936,114688
10,1791558890613,2499,2500,2499,2500,2499,2500,2500,2499,2500,2500,2499,2499,2499,2500,2500,2499,5.263157844543457,0,0,0,0,0,0,100,0,0,0,0,0,0,0,4.761904716491699,115714.8969116211,27172.760498046875,0,404327403520,8589930496,5548711936,114688
10,1791558890623,2499,2500,2499,2500,2499,2500,2500,2499,2500,2500,2499,2499,2499,2500,2500,2499,5.263157844543457,0,0,0,0,0,0,100,0,0,0,0,0,0,0,4.761904716491699,115715.04577636719,27173.079345703125,0,404327403520,8589930496,5548711936,114688
10,1791558890633,2499,2500,2499,2500,2499,2500,2500,2499,2500,2500,2499,2499,2499,2500,2500,2499,5.263157844543457,0,0,0,0,0,0,100,0,0,0,0,0,0,0,4.761904716491699,115715.20233154297,27173.390502929688,0,404327403520,8589930496,5548711936,114688
9,1791558890644,2499,2500,2499,2500,2499,2500,2500,2499,2500,2500,2499,2499,2499,2500,2500,2499,5.263157844543457,0,0,0,0,0,0,100,0,0,0,0,0,0,0,4.761904716491699,115715.3539428711,27173.702209472656,0,404327403520,8589930496,5553172480,114688
9,1791558890654,2499,2500,2499,2500,2499,2500,2500,2499,2500,2500,2499,2499,2499,2500,2500,2499,5.263157844543457,0,0,0,0,0,0,100,0,0,0,0,0,0,0,4.761904716491699,115715.50299072266,27174.01708984375,0,404327403520,8589930496,5553172480,114688
9,1791558890664,2499,2500,2499,2500,2499,2500,2500,2499,2500,2500,2499,2499,2499,2500,2500,2499,5.263157844543457,0,0,0,0,0,0,100,0,0,0,0,0,0,0,4.761904716491699,115715.65716552734,27174.334716796875,0,404327403520,8589930496,5553172480,114688
9,1791558890674,2499,2500,2499,2500,2499,2500,2500,2499,2500,2500,2499,2499,2499,2500,2500,2499,5.263157844543457,0,0,0,0,0,0,100,0,0,0,0,0,0,0,4.761904716491699,115715.80859375,27174.64971923828,0,404327403520,8589930496,5553172480,114688
10,1791558890684,2499,2500,2499,2500,2499,2500,2500,2499,2500,2500,2499,2499,2499,2500,2500,2499,5.263157844543457,0,0,0,0,0,0,100,0,0,0,0,0,5,0,0,115715.95947265625,27174.965759277344,0,404327403520,8589930496,5553172480,114688
9,1791558890694,2499,2500,2499,2500,2499,2500,2500,2499,2500,2500,2499,2499,2499,2500,2500,2499,5.263157844543457,0,0,0,0,0,0,100,0,0,0,0,0,5,0,0,115716.12188720703,27175.314208984375,0,404327403520,8589930496,5553172480,114688
9,1791558890704,2499,2500,2499,2500,2499,2500,2500,2499,2500,2500,2499,2499,2499,2500,2500,2499,5.263157844543457,0,0,0,0,0,0,100,0,0,0,0,0,5,0,0,115716.27331542969,27175.631225585938,0,404327403520,8589930496,5553172480,114688
9,1791558890714,2499,2500,2499,2500,2499,2500,2500,2499,2500,2500,2499,2499,2499,2500,2500,2499,5.263157844543457,0,0,0,0,0,0,100,0,0,0,0,0,5,0,0,115716.42474365234,27175.950134277344,0,404327403520,8589930496,5553172480,114688
9,1791558890724,2499,2500,2499,2500,2499,2500,2500,2499,2500,2500,2499,2499,2499,2500,2500,2499,5.263157844543457,0,0,0,0,0,0,100,0,0,0,0,0,5,0,0,115716.57250976563,27176.26495361328,0,404327403520,8589930496,5553172480,114688
9,1791558890734,2499,2500,2499,2500,2499,2500,2500,2499,2500,2500,2499,2499,2499,2500,2500,2499,5.263157844543457,0,0,0,0,0,0,100,0,0,0,0,0,5,0,0,115716.72741699219,27176.582580566406,0,404327403520,8589930496,5553172480,114688
9,1791558890744,2499,2500,2499,2500,2499,2500,2500,2499,2500,2500,2499,2499,2499,2500,2500,2499,5.263157844543457,0,0,0,0,0,0,100,0,0,0,0,0,5,0,0,115716.8773803711,27176.895385742188,0,404327403520,8589930496,5553172480,114688
9,1791558890754,2499,2500,2499,2500,2499,2500,2500,2499,2500,2500,2499,2499,2499,2500,2500,2499,5.263157844543457,0,0,0,0,0,0,100,0,0,0,0,0,5,0,0,115717.02276611328,27177.2109375,0,404327403520,8589930496,5553172480,114688
9,1791558890764,2499,2500,2499,2500,2499,2500,2500,2499,2500,2500,2499,2499,2499,2500,2500,2499,5.263157844543457,0,0,0,0,0,0,100,0,0,0,0,0,5,0,0,115717.17474365234,27177.5302734375,0,404327403520,8589930496,5561102336,114688
10,1791558890774,2499,2500,2499,2500,2499,2500,2500,2499,2500,2500,2499,2499,2499,2500,2500,2499,5.263157844543457,0,0,0,0,0,0,100,0,0,0,0,0,5,0,0,115717.32708740234,27177.84112548828,0,404327403520,8589930496,5561102336,114688
10,1791558890784,2499,2500,2499,2500,2499,2500,2500,2499,2500,2500,2499,2499,2499,2500,2500,2499,5.263157844543457,0,0,0,0,0,0,100,0,0,0,0,0,5,0,0,115717.47869873047,27178.155639648438,0,404327403520,8589930496,5561102336,114688
10,1791558890795,2499,2500,2499,2500,2499,2500,2500,2499,2500,2500,2499,2499,2499,2500,2500,2499,5.263157844543457,0,0,0,0,0,0,100,0,0,0,0,0,5,0,0,115717.62994384766,27178.47149658203,0,404327403520,8589930496,5561102336,114688
9,1791558890805,2499,2500,2499,2500,2499,2500,2500,2499,2500,2500,2499,2499,2499,2500,2500,2499,5.263157844543457,0,0,0,0,0,0,100,0,0,0,0,0,5,0,0,115717.77899169922,27178.786376953125,0,404327403520,8589930496,5561102336,114688
9,1791558890815,2499,2500,2499,2500,2499,2500,2500,2499,2500,2500,2499,2499,2499,2500,2500,2499,5.263157844543457,0,0,0,0,0,0,100,0,0,0,0,0,5,0,0,115717.93115234375,27179.094848632813,0,404327403520,8589930496,5561102336,114688
9,1791558890825,2499,2500,2499,2500,2499,2500,2500,2499,2500,2500,2499,2499,2499,2500,2500,2499,5.263157844543457,0,0,0,0,0,0,100,0,0,0,0,0,5,0,0,115718.0825805664,27179.41229248047,0,404327403520,8589930496,5561102336,114688
9,1791558890835,2499,2500,2499,2500,2499,2500,2500,2499,2500,2500,2499,2499,2499,2500,2500,2499,5.263157844543457,0,0,0,0,0,0,100,0,0,0,0,0,5,0,0,115718.23260498047,27179.725524902344,0,404327403520,8589930496,5561102336,114688
9,1791558890845,2499,2500,2499,2500,2499,2500,2500,2499,2500,2500,2499,2499,2499,2500,2500,2499,5.263157844543457,0,0,0,0,0,0,100,0,0,0,0,0,5,0,0,115718.38513183594,27180.04510498047,0,404327403520,8589930496,5561102336,114688
9,1791558890855,2499,2500,2499,2500,2499,2500,2500,2499,2500,2500,2499,2499,2499,2500,2500,2499,5.263157844543457,0,0,0,0,0,0,100,0,0,0,0,0,5,0,0,115718.53253173828,27180.364868164063,0,404327403520,8589930496,5561102336,114688
9,1791558890865,2499,2500,2499,2500,2499,2500,2500,2499,2500,2500,2499,2499,2499,2500,2500,2499,5.263157844543457,0,0,0,0,0,0,100,0,0,0,0,0,5,0,0,115718.69757080078,27180.71240234375,0,404327403520,8589930496,5561102336,114688
9,1791558890875,2499,2500,2499,2500,2499,2500,2500,2499,2500,2500,2499,2499,2499,2500,2500,2499,5.263157844543457,0,0,0,0,0,0,100,0,0,0,0,0,5,0,0,115718.84350585938,27181.028198242188,0,404327403520,8589930496,5561102336,114688
9,1791558890885,2499,2500,2499,2500,2499,2500,2500,2499,2500,2500,2499,2499,2499,2500,2500,2499,5.263157844543457,5,0,0,0,0,0,100,5,0,0,0,0,0,0,0,115718.99383544922,27181.340454101563,0,404327403520,8589930496,5561102336,114688
9,1791558890895,2499,2500,2499,2500,2499,2500,2500,2499,2500,2500,2499,2499,2499,2500,2500,2499,5.263157844543457,5,0,0,0,0,0,100,5,0,0,0,0,0,0,0,115719.14526367188,27181.655639648438,0,404327403520,8589930496,5561102336,114688
10,1791558890905,2499,2500,2499,2500,2499,2500,2500,2499,2500,2500,2499,2499,2499,2500,2500,2499,5.263157844543457,5,0,0,0,0,0,100,5,0,0,0,0,0,0,0,115719.29864501953,27181.96954345703,0,404327403520,8589930496,5561102336,114688
10,1791558890915,2499,2500,2499,2500,2499,2500,2500,2499,2500,2500,2499,2499,2499,2500,2500,2499,5.263157844543457,5,0,0,0,0,0,100,5,0,0,0,0,0,0,0,115719.44604492188,27182.28399658203,0,404327403520,8589930496,5561102336,114688
9,1791558890926,2499,2500,2499,2500,2499,2500,2500,2499,2500,2500,2499,2499,2499,2500,2500,2499,5.263157844543457,5,0,0,0,0,0,100,5,0,0,0,0,0,0,0,115719.59619140625,27182.597778320313,0,404327403520,8589930496,5561102336,114688
10,1791558890936,2499,2500,2499,2500,2499,2500,2500,2499,2500,2500,2499,2499,2499,2500,2500,2499,5.263157844543457,5,0,0,0,0,0,100,5,0,0,0,0,0,0,0,115719.7465209961,27182.914978027344,0,404327403520,8589930496,5561102336,114688
10,1791558890946,2499,2500,2499,2500,2499,2500,2500,2499,2500,2500,2499,2499,2499,2500,2500,2499,5.263157844543457,5,0,0,0,0,0,100,5,0,0,0,0,0,0,0,115719.8988647461,27183.23016357422,0,404327403520,8589930496,5561102336,114688
9,1791558890956,2499,2500,2499,2500,2499,2500,2500,2499,2500,2500,2499,2499,2499,2500,2500,2499,5.263157844543457,5,0,0,0,0,0,100,5,0,0,0,0,0,0,0,115720.04461669922,27183.5390625,0,404327403520,8589930496,5561102336,114688
9,1791558890966,2499,2500,2499,2500,2499,2500,2500,2499,2500,2500,2499,2499,2499,2500,2500,2499,5.263157844543457,5,0,0,0,0,0,100,5,0,0,0,0,0,0,0,115720.18908691406,27183.859619140625,0,404327403520,8589930496,5561102336,114688
9,1791558890976,2499,2500,2499,2500,2499,2500,2500,2499,2500,2500,2499,2499,2499,2500,2500,2499,5.263157844543457,5,0,0,0,0,0,100,5,0,0,0,0,0,0,0,115720.34326171875,27184.177307128906,0,404327403520,8589930496,5561102336,114688
9,1791558890986,2499,2500,2499,2500,2499,2500,2500,2499,2500,2500,2499,2499,2499,2500,2500,2499,5.263157844543457,5,0,0,0,0,0,100,5,0,0,0,0,0,0,0,115720.49340820313,27184.490600585938,0,404327403520,8589930496,5561102336,114688
9,1791558890996,2499,2500,2499,2500,2499,2500,2500,2499,2500,2500,2499,2499,2499,2500,2500,2499,5.263157844543457,5,0,0,0,0,0,100,5,0,0,0,0,0,0,0,115720.642578125,27184.810180664063,0,404327403520,8589930496,5561102336,114688
9,1791558891006,2499,2500,2499,2500,2499,2500,2500,2499,2500,2500,2499,2499,2499,2500,2500,2499,5.263157844543457,5,0,0,0,0,0,100,5,0,0,0,0,0,0,0,115720.79345703125,27185.08740234375,0,404327403520,8589930496,5561102336,114688
9,1791558891016,2499,2500,2499,2500,2499,2500,2500,2499,2500,2500,2499,2499,2499,2500,2500,2499,5.263157844543457,5,0,0,0,0,0,100,5,0,0,0,0,0,0,0,115720.95715332031,27185.460388183594,0,404327403520,8589930496,5561102336,114688
9,1791558891026,2499,2500,2499,2500,2499,2500,2500,2499,2500,2500,2499,2499,2499,2500,2500,2499,5.263157844543457,5,0,0,0,0,0,100,5,0,0,0,0,0,0,0,115721.10766601563,27185.776489257813,0,404327403520,8589930496,5561102336,114688
10,1791558891036,2499,2500,2499,2500,2499,2500,2500,2499,2500,2500,2499,2499,2499,2500,2500,2499,5.263157844543457,5,0,0,0,0,0,100,5,0,0,0,0,0,0,0,115721.24169921875,27186.069885253906,0,404327403520,8589930496,5561102336,114688
9,1791558891046,2499,2500,2499,2500,2499,2500,2500,2499,2500,2500,2499,2499,2499,2500,2500,2499,5.263157844543457,5,0,0,0,0,0,100,5,0,0,0,0,0,0,0,115721.3911743164,27186.37725830078,0,404327403520,8589930496,5561102336,114688
10,1791558891056,2499,2500,2499,2500,2499,2500,2500,2499,2500,2500,2499,2499,2499,2500,2500,2499,5.263157844543457,5,0,0,0,0,0,100,5,0,0,0,0,0,0,0,115721.55853271484,27186.723022460938,0,404327403520,8589930496,5569527808,114688
9,1791558891067,2499,2500,2499,2500,2499,2500,2500,2499,2500,2500,2499,2499,2499,2500,2500,2499,5.263157844543457,5,0,0,0,0,0,100,5,0,0,0,0,0,0,0,115721.70922851563,27187.03436279297,0,404327403520,8589930496,5569527808,114688
9,1791558891077,2499,2500,2499,2500,2499,2500,2500,2499,2500,2500,2499,2499,2499,2500,2500,2499,5.263157844543457,5,0,0,0,0,0,100,5,0,0,0,0,0,0,0,115721.85369873047,27187.356201171875,0,404327403520,8589930496,5569527808,114688
9,1791558891087,2499,2500,2499,2500,2499,2500,2500,2499,2500,2500,2499,2499,2499,2500,2500,2499,5,5,0,4.761904716491699,0,0,0,100,0,5,0,0,0,0,0,0,115722.00604248047,27187.67108154297,0,404327403520,8589930496,5569527808,114688
9,1791558891097,2499,2500,2499,2500,2499,2500,2500,2499,2500,2500,2499,2499,2499,2500,2500,2499,5,5,0,4.761904716491699,0,0,0,100,0,5,0,0,0,0,0,0,115722.15509033203,27187.989685058594,0,404327403520,8589930496,5569527808,114688
9,1791558891107,2499,2500,2499,2500,2499,2500,2500,2499,2500,2500,2499,2499,2499,2500,2500,2499,5,5,0,4.761904716491699,0,0,0,100,0,5,0,0,0,0,0,0,115722.30541992188,27188.30340576172,0,404327403520,8589930496,5569527808,114688
9,1791558891117,2499,2500,2499,2500,2499,2500,2500,2499,2500,2500,2499,2499,2499,2500,2500,2499,5,5,0,4.761904716491699,0,0,0,100,0,5,0,0,0,0,0,0,115722.45501708984,27188.618774414063,0,404327403520,8589930496,5559640064,114688
9,1791558891127,2499,2500,2499,2500,2499,2500,2500,2499,2500,2500,2499,2499,2499,2500,2500,2499,5,5,0,4.761904716491699,0,0,0,100,0,5,0,0,0,0,0,0,115722.60461425781,27188.932678222656,0,404327403520,8589930496,5559640064,114688
9,1791558891137,2499,2500,2499,2500,2499,2500,2500,2499,2500,2500,2499,2499,2499,2500,2500,2499,5,5,0,4.761904716491699,0,0,0,100,0,5,0,0,0,0,0,0,115722.74853515625,27189.24578857422,0,404327403520,8589930496,5559640064,114688
9,1791558891147,2499,2500,2499,2500,2499,2500,2500,2499,2500,2500,2499,2499,2499,2500,2500,2499,5,5,0,4.761904716491699,0,0,0,100,0,5,0,0,0,0,0,0,115722.89959716797,27189.56298828125,0,404327403520,8589930496,5559640064,114688
9,1791558891157,2499,2500,2499,2500,2499,2500,2500,2499,2500,2500,2499,2499,2499,2500,2500,2499,5,5,0,4.761904716491699,0,0,0,100,0,5,0,0,0,0,0,0,115723.04956054688,27189.877502441406,0,404327403520,8589930496,5559640064,114688
9,1791558891167,2499,2500,2499,2500,2499,2500,2500,2499,2500,2500,2499,2499,2499,2500,2500,2499,5,5,0,4.761904716491699,0,0,0,100,0,5,0,0,0,0,0,0,115723.19805908203,27190.190185546875,0,404327403520,8589930496,5559640064,114688
9,1791558891177,2499,2500,2499,2500,2499,2500,2500,2499,2500,2500,2499,2499,2499,2500,2500,2499,5,5,0,4.761904716491699,0,0,0,100,0,5,0,0,0,0,0,0,115723.35302734375,27190.499633789063,0,404327403520,8589930496,5556170752,114688
9,1791558891187,2499,2500,2499,2500,2499,2500,2500,2499,2500,2500,2499,2499,2499,2500,2500,2499,5,5,0,4.761904716491699,0,0,0,100,0,5,0,0,0,0,0,0,115723.52459716797,27190.846313476563,0,404327403520,8589930496,5556170752,114688
10,1791558891197,2499,2500,2499,2500,2499,2500,2500,2499,2500,2500,2499,2499,2499,2500,2500,2499,5,5,0,4.761904716491699,0,0,0,100,0,5,0,0,0,0,0,0,115723.65844726563,27191.1279296875,0,404327403520,8589930496,5556170752,114688
10,1791558891207,2499,2500,2499,2500,2499,2500,2500,2499,2500,2500,2499,2499,2499,2500,2500,2499,5,5,0,4.761904716491699,0,0,0,100,0,5,0,0,0,0,0,0,115723.8080444336,27191.442504882813,0,404327403520,8589930496,5556170752,114688
9,1791558891218,2499,2500,2499,2500,2499,2500,2500,2499,2500,2500,2499,2499,2499,2500,2500,2499,5,5,0,4.761904716491699,0,0,0,100,0,5,0,0,0,0,0,0,115723.97448730469,27191.78955078125,0,404327403520,8589930496,5556170752,114688
10,1791558891228,2499,2500,2499,2500,2499,2500,2500,2499,2500,2500,2499,2499,2499,2500,2500,2499,5,5,0,4.761904716491699,0,0,0,100,0,5,0,0,0,0,0,0,115724.12573242188,27192.101684570313,0,404327403520,8589930496,5556170752,114688
9,1791558891238,2499,2500,2499,2500,2499,2500,2500,2499,2500,2500,2499,2499,2499,2500,2500,2499,5,5,0,4.761904716491699,0,0,0,100,0,5,0,0,0,0,0,0,115724.28155517578,27192.41241455078,0,404327403520,8589930496,5556170752,114688
9,1791558891248,2499,2500,2499,2500,2499,2500,2500,2499,2500,2500,2499,2499,2499,2500,2500,2499,5,5,0,4.761904716491699,0,0,0,100,0,5,0,0,0,0,0,0,115724.43280029297,27192.726196289063,0,404327403520,8589930496,5556170752,114688
9,1791558891258,2499,2500,2499,2500,2499,2500,2500,2499,2500,2500,2499,2499,2499,2500,2500,2499,5,5,0,4.761904716491699,0,0,0,100,0,5,0,0,0,0,0,0,115724.58404541016,27193.03173828125,0,404327403520,8589930496,5556170752,114688
10,1791558891268,2499,2500,2499,2500,2499,2500,2500,2499,2500,2500,2499,2499,2499,2500,2500,2499,5,5,0,4.761904716491699,0,0,0,100,0,5,0,0,0,0,0,0,115724.73803710938,27193.344116210938,0,404327403520,8589930496,5556170752,114688
9,1791558891278,2499,2500,2499,2500,2499,2500,2500,2499,2500,2500,2499,2499,2499,2500,2500,2499,5,5,0,4.761904716491699,0,0,0,100,0,5,0,0,0,0,0,0,115724.89056396484,27193.658264160156,0,404327403520,8589930496,5556170752,114688
9,1791558891288,2499,2500,2499,2500,2499,2500,2500,2499,2500,2500,2499,2499,2499,2500,2500,2499,0,0,0,0,0,0,5,100,5,0,0,5,0,0,0,0,115725.04034423828,27193.97149658203,0,404327403520,8589930496,5556170752,114688
9,1791558891298,2499,2500,2499,2500,2499,2500,2500,2499,2500,2500,2499,2499,2499,2500,2500,2499,0,0,0,0,0,0,5,100,5,0,0,5,0,0,0,0,115725.19506835938,27194.28955078125,0,404327403520,8589930496,5556170752,114688
9,1791558891308,2499,2500,2499,2500,2499,2500,2500,2499,2500,2500,2499,2499,2499,2500,2500,2499,0,0,0,0,0,0,5,100,5,0,0,5,0,0,0,0,115725.34484863281,27194.605834960938,0,404327403520,8589930496,5556170752,114688
10,1791558891318,2499,2500,2499,2500,2499,2500,2500,2499,2500,2500,2499,2499,2499,2500,2500,2499,0,0,0,0,0,0,5,100,5,0,0,5,0,0,0,0,115725.4896850586,27194.917358398438,0,404327403520,8589930496,5556170752,114688
10,1791558891328,2499,2500,2499,2500,2499,2500,2500,2499,2500,2500,2499,2499,2499,2500,2500,2499,0,0,0,0,0,0,5,100,5,0,0,5,0,0,0,0,115725.64129638672,27195.231018066406,0,404327403520,8589930496,5556170752,114688
9,1791558891339,2499,2500,2499,2500,2499,2500,2500,2499,2500,2500,2499,2499,2499,2500,2500,2499,0,0,0,0,0,0,5,100,5,0,0,5,0,0,0,0,115725.78924560547,27195.547790527344,0,404327403520,8589930496,5564100608,114688
10,1791558891349,2499,2500,2499,2500,2499,2500,2500,2499,2500,2500,2499,2499,2499,2500,2500,2499,0,0,0,0,0,0,5,100,5,0,0,5,0,0,0,0,115725.93481445313,27195.86602783203,0,404327403520,8589930496,5564100608,114688
9,1791558891359,2499,2500,2499,2500,2499,2500,2500,2499,2500,2500,2499,2499,2499,2500,2500,2499,0,0,0,0,0,0,5,100,5,0,0,5,0,0,0,0,115726.08251953125,27196.18194580078,0,404327403520,8589930496,5564100608,114688
10,1791558891369,2499,2500,2499,2500,2499,2500,2500,2499,2500,2500,2499,2499,2499,2500,2500,2499,0,0,0,0,0,0,5,100,5,0,0,5,0,0,0,0,115726.22973632813,27196.493225097656,0,404327403520,8589930496,5564100608,114688
9,1791558891379,2499,2500,2499,2500,2499,2500,2500,2499,2500,2500,2499,2499,2499,2500,2500,2499,0,0,0,0,0,0,5,100,5,0,0,5,0,0,0,0,115726.3921508789,27196.843505859375,0,404327403520,8589930496,5564100608,114688
9,1791558891389,2499,2500,2499,2500,2499,2500,2500,2499,2500,2500,2499,2499,2499,2500,2500,2499,0,0,0,0,0,0,5,100,5,0,0,5,0,0,0,0,115726.53900146484,27197.15936279297,0,404327403520,8589930496,5564100608,114688
9,1791558891399,2499,2500,2499,2500,2499,2500,2500,2499,2500,2500,2499,2499,2499,2500,2500,2499,0,0,0,0,0,0,5,100,5,0,0,5,0,0,0,0,115726.69055175781,27197.470947265625,0,404327403520,8589930496,5564100608,114688
9,1791558891409,2499,2500,2499,2500,2499,2500,2500,2499,2500,2500,2499,2499,2499,2500,2500,2499,0,0,0,0,0,0,5,100,5,0,0,5,0,0,0,0,115726.84362792969,27197.787109375,0,404327403520,8589930496,5564100608,114688
9,1791558891419,2499,2500,2499,2500,2499,2500,2500,2499,2500,2500,2499,2499,2499,2500,2500,2499,0,0,0,0,0,0,5,100,5,0,0,5,0,0,0,0,115726.99725341797,27198.105224609375,0,404327403520,8589930496,5564100608,114688
9,1791558891429,2499,2500,2499,2500,2499,2500,2500,2499,2500,2500,2499,2499,2499,2500,2500,2499,0,0,0,0,0,0,5,100,5,0,0,5,0,0,0,0,115727.14978027344,27198.42218017578,0,404327403520,8589930496,5564100608,114688
10,1791558891439,2499,2500,2499,2500,2499,2500,2500,2499,2500,2500,2499,2499,2499,2500,2500,2499,0,0,0,0,0,0,5,100,5,0,0,5,0,0,0,0,115727.30059814453,27198.73126220703,0,404327403520,8589930496,5564100608,114688
10,1791558891449,2499,2500,2499,2500,2499,2500,2500,2499,2500,2500,2499,2499,2499,2500,2500,2499,0,0,0,0,0,0,5,100,5,0,0,5,0,0,0,0,115727.4486694336,27199.048400878906,0,404327403520,8589930496,5564100608,114688
9,1791558891459,2499,2500,2499,2500,2499,2500,2500,2499,2500,2500,2499,2499,2499,2500,2500,2499,0,0,0,0,0,0,5,100,5,0,0,5,0,0,0,0,115727.59899902344,27199.363403320313,0,404327403520,8589930496,5564100608,114688
10,1791558891469,2499,2500,2499,2500,2499,2500,2500,2499,2500,2500,2499,2499,2499,2500,2500,2499,0,0,0,0,0,0,5,100,5,0,0,5,0,0,0,0,115727.74908447266,27199.677001953125,0,404327403520,8589930496,5564100608,114688
9,1791558891479,2499,2500,2499,2500,2499,2500,2500,2499,2500,2500,2499,2499,2499,2500,2500,2499,0,0,0,0,0,0,5,100,5,0,0,5,0,0,0,0,115727.89758300781,27199.992614746094,0,404327403520,8589930496,5564100608,114688
9,1791558891490,2499,2500,2499,2500,2499,2500,2500,2499,2500,2500,2499,2499,2499,2500,2500,2499,5.263157844543457,0,0,0,0,0,0,100,0,0,0,0,5,5,0,0,115728.04718017578,27200.306274414063,0,404327403520,8589930496,5564100608,114688
9,1791558891500,2499,2500,2499,2500,2499,2500,2500,2499,2500,2500,2499,2499,2499,2500,2500,2499,5.263157844543457,0,0,0,0,0,0,100,0,0,0,0,5,5,0,0,115728.19604492188,27200.618774414063,0,404327403520,8589930496,5564100608,114688
9,1791558891510,2499,2500,2499,2500,2499,2500,2500,2499,2500,2500,2499,2499,2499,2500,2500,2499,5.263157844543457,0,0,0,0,0,0,100,0,0,0,0,5,5,0,0,115728.34765625,27200.92950439453,0,404327403520,8589930496,5564100608,114688
9,1791558891520,2499,2500,2499,2500,2499,2500,2500,2499,2500,2500,2499,2499,2499,2500,2500,2499,5.263157844543457,0,0,0,0,0,0,100,0,0,0,0,5,5,0,0,115728.51043701172,27201.272888183594,0,404327403520,8589930496,5564100608,114688
9,1791558891530,2499,2500,2499,2500,2499,2500,2500,2499,2500,2500,2499,2499,2499,2500,2500,2499,5.263157844543457,0,0,0,0,0,0,100,0,0,0,0,5,5,0,0,115728.65838623047,27201.589416503906,0,404327403520,8589930496,5564100608,114688
9,1791558891540,2499,2500,2499,2500,2499,2500,2500,2499,2500,2500,2499,2499,2499,2500,2500,2499,5.263157844543457,0,0,0,0,0,0,100,0,0,0,0,5,5,0,0,115728.80926513672,27201.90655517578,0,404327403520,8589930496,5564100608,114688
9,1791558891550,2499,2500,2499,2500,2499,2500,2500,2499,2500,2500,2499,2499,2499,2500,2500,2499,5.263157844543457,0,0,0,0,0,0,100,0,0,0,0,5,5,0,0,115728.95825195313,27202.224365234375,0,404327403520,8589930496,5564100608,114688
9,1791558891560,2499,2500,2499,2500,2499,2500,2500,2499,2500,2500,2499,2499,2499,2500,2500,2499,5.263157844543457,0,0,0,0,0,0,100,0,0,0,0,5,5,0,0,115729.10986328125,27202.536071777344,0,404327403520,8589930496,5564100608,114688
9,1791558891570,2499,2500,2499,2500,2499,2500,2500,2499,2500,2500,2499,2499,2499,2500,2500,2499,5.263157844543457,0,0,0,0,0,0,100,0,0,0,0,5,5,0,0,115729.25927734375,27202.848022460938,0,404327403520,8589930496,5564100608,114688
9,1791558891580,2499,2500,2499,2500,2499,2500,2500,2499,2500,2500,2499,2499,2499,2500,2500,2499,5.263157844543457,0,0,0,0,0,0,100,0,0,0,0,5,5,0,0,115729.4116821289,27203.16064453125,0,404327403520,8589930496,5564100608,114688
9,1791558891590,2499,2500,2499,2500,2499,2500,2500,2499,2500,2500,2499,2499,2499,2500,2500,2499,5.263157844543457,0,0,0,0,0,0,100,0,0,0,0,5,5,0,0,115729.55725097656,27203.472229003906,0,404327403520,8589930496,5564100608,114688
9,1791558891600,2499,2500,2499,2500,2499,2500,2500,2499,2500,2500,2499,2499,2499,2500,2500,2499,5.263157844543457,0,0,0,0,0,0,100,0,0,0,0,5,5,0,0,115729.70245361328,27203.78778076172,0,404327403520,8589930496,5564100608,114688
9,1791558891610,2499,2500,2499,2500,2499,2500,2500,2499,2500,2500,2499,2499,2499,2500,2500,2499,5.263157844543457,0,0,0,0,0,0,100,0,0,0,0,5,5,0,0,115729.85040283203,27204.10321044922,0,404327403520,8589930496,5564100608,114688
9,1791558891621,2499,2500,2499,2500,2499,2500,2500,2499,2500,2500,2499,2499,2499,2500,2500,2499,5.263157844543457,0,0,0,0,0,0,100,0,0,0,0,5,5,0,0,115730.0005493164,27204.410400390625,0,404327403520,8589930496,5572526080,114688
10,1791558891631,2499,2500,2499,2500,2499,2500,2500,2499,2500,2500,2499,2499,2499,2500,2500,2499,5.263157844543457,0,0,0,0,0,0,100,0,0,0,0,5,5,0,0,115730.14959716797,27204.725952148438,0,404327403520,8589930496,5572526080,114688
10,1791558891641,2499,2500,2499,2500,2499,2500,2500,2499,2500,2500,2499,2499,2499,2500,2500,2499,5.263157844543457,0,0,0,0,0,0,100,0,0,0,0,5,5,0,0,115730.29956054688,27205.037353515625,0,404327403520,8589930496,5572526080,114688
10,1791558891651,2499,2500,2499,2500,2499,2500,2500,2499,2500,2500,2499,2499,2499,2500,2500,2499,5.263157844543457,0,0,0,0,0,0,100,0,0,0,0,5,5,0,0,115730.44934082031,27205.350341796875,0,404327403520,8589930496,5572526080,114688
9,1791558891661,2499,2500,2499,2500,2499,2500,2500,2499,2500,2500,2499,2499,2499,2500,2500,2499,5.263157844543457,0,0,0,0,0,0,100,0,0,0,0,5,5,0,0,115730.59851074219,27205.66180419922,0,404327403520,8589930496,5572526080,114688
10,1791558891671,2499,2500,2499,2500,2499,2500,2500,2499,2500,2500,2499,2499,2499,2500,2500,2499,5.263157844543457,0,0,0,0,0,0,100,0,0,0,0,5,5,0,0,115730.74365234375,27205.97637939453,0,404327403520,8589930496,5572526080,114688
9,1791558891681,2499,2500,2499,2500,2499,2500,2500,2499,2500,2500,2499,2499,2499,2500,2500,2499,5.263157844543457,0,0,0,0,0,0,100,0,0,0,0,5,5,0,0,115730.90460205078,27206.321411132813,0,404327403520,8589930496,5572526080,114688
9,1791558891691,2499,2500,2499,2500,2499,2500,2500,2499,2500,2500,2499,2499,2499,2500,2500,2499,5.263157844543457,0,0,0,0,0,0,100,0,0,0,0,0,0,0,0,115731.05364990234,27206.640258789063,0,404327403520,8589930496,5572526080,114688
9,1791558891701,2499,2500,2499,2500,2499,2500,2500,2499,2500,2500,2499,2499,2499,2500,2500,2499,5.263157844543457,0,0,0,0,0,0,100,0,0,0,0,0,0,0,0,115731.20416259766,27206.955932617188,0,404327403520,8589930496,5572526080,114688
9,1791558891711,2499,2500,2499,2500,2499,2500,2500,2499,2500,2500,2499,2499,2499,2500,2500,2499,5.263157844543457,0,0,0,0,0,0,100,0,0,0,0,0,0,0,0,115731.35650634766,27207.268798828125,0,404327403520,8589930496,5572526080,114688
9,1791558891721,2499,2500,2499,2500,2499,2500,2500,2499,2500,2500,2499,2499,2499,2500,2500,2499,5.263157844543457,0,0,0,0,0,0,100,0,0,0,0,0,0,0,0,115731.50793457031,27207.583374023438,0,404327403520,8589930496,5572526080,114688
9,1791558891732,2499,2500,2499,2500,2499,2500,2500,2499,2500,2500,2499,2499,2499,2500,2500,2499,5.263157844543457,0,0,0,0,0,0,100,0,0,0,0,0,0,0,0,115731.65936279297,27207.901977539063,0,404327403520,8589930496,5572526080,114688
9,1791558891742,2499,2500,2499,2500,2499,2500,2500,2499,2500,2500,2499,2499,2499,2500,2500,2499,5.263157844543457,0,0,0,0,0,0,100,0,0,0,0,0,0,0,0,115731.80987548828,27208.21221923828,0,404327403520,8589930496,5572526080,114688
10,1791558891752,2499,2500,2499,2500,2499,2500,2500,2499,2500,2500,2499,2499,2499,2500,2500,2499,5.263157844543457,0,0,0,0,0,0,100,0,0,0,0,0,0,0,0,115731.96087646484,27208.520446777344,0,404327403520,8589930496,5572526080,114688
10,1791558891762,2499,2500,2499,2500,2499,2500,2500,2499,2500,2500,2499,2499,2499,2500,2500,2499,5.263157844543457,0,0,0,0,0,0,100,0,0,0,0,0,0,0,0,115732.11340332031,27208.833129882813,0,404327403520,8589930496,5580455936,114688
9,1791558891772,2499,2500,2499,2500,2499,2500,2500,2499,2500,2500,2499,2499,2499,2500,2500,2499,5.263157844543457,0,0,0,0,0,0,100,0,0,0,0,0,0,0,0,115732.26782226563,27209.15087890625,0,404327403520,8589930496,5580455936,114688
9,1791558891782,2499,2500,2499,2500,2499,2500,2500,2499,2500,2500,2499,2499,2499,2500,2500,2499,5.263157844543457,0,0,0,0,0,0,100,0,0,0,0,0,0,0,0,115732.41882324219,27209.47021484375,0,404327403520,8589930496,5580455936,114688
9,1791558891792,2499,2500,2499,2500,2499,2500,2500,2499,2500,2500,2499,2499,2499,2500,2500,2499,5.263157844543457,0,0,0,0,0,0,100,0,0,0,0,0,0,0,0,115732.56420898438,27209.78692626953,0,404327403520,8589930496,5580455936,114688
9,1791558891802,2499,2500,2499,2500,2499,2500,2500,2499,2500,2500,2499,2499,2499,2500,2500,2499,5.263157844543457,0,0,0,0,0,0,100,0,0,0,0,0,0,0,0,115732.71270751953,27210.10693359375,0,404327403520,8589930496,5580455936,114688
9,1791558891812,2499,2500,2499,2500,2499,2500,2500,2499,2500,2500,2499,2499,2499,2500,2500,2499,5.263157844543457,0,0,0,0,0,0,100,0,0,0,0,0,0,0,0,115732.85974121094,27210.42449951172,0,404327403520,8589930496,5580455936,114688
9,1791558891822,2499,2500,2499,2500,2499,2500,2500,2499,2500,2500,2499,2499,2499,2500,2500,2499,5.263157844543457,0,0,0,0,0,0,100,0,0,0,0,0,0,0,0,115733.0234375,27210.776123046875,0,404327403520,8589930496,5580455936,114688
9,1791558891832,2499,2500,2499,2500,2499,2500,2500,2499,2500,2500,2499,2499,2499,2500,2500,2499,5.263157844543457,0,0,0,0,0,0,100,0,0,0,0,0,0,0,0,115733.17706298828,27211.092041015625,0,404327403520,8589930496,5580455936,114688
10,1791558891842,2499,2500,2499,2500,2499,2500,2500,2499,2500,2500,2499,2499,2499,2500,2500,2499,5.263157844543457,0,0,0,0,0,0,100,0,0,0,0,0,0,0,0,115733.32592773438,27211.411193847656,0,404327403520,8589930496,5580455936,114688
10,1791558891852,2499,2500,2499,2500,2499,2500,2500,2499,2500,2500,2499,2499,2499,2500,2500,2499,5.263157844543457,0,0,0,0,0,0,100,0,0,0,0,0,0,0,0,115733.47772216797,27211.72491455078,0,404327403520,8589930496,5580455936,114688
9,1791558891862,2499,2500,2499,2500,2499,2500,2500,2499,2500,2500,2499,2499,2499,2500,2500,2499,5.263157844543457,0,0,0,0,0,0,100,0,0,0,0,0,0,0,0,115733.63104248047,27212.038940429688,0,404327403520,8589930496,5580455936,114688
9,1791558891873,2499,2500,2499,2500,2499,2500,2500,2499,2500,2500,2499,2499,2499,2500,2500,2499,5.263157844543457,0,0,0,0,0,0,100,0,0,0,0,0,0,0,0,115733.7778930664,27212.3544921875,0,404327403520,8589930496,5580455936,114688
10,1791558891883,2499,2500,2499,2500,2499,2500,2500,2499,2500,2500,2499,2499,2499,2500,2500,2499,5.263157844543457,0,0,0,0,0,0,100,0,0,0,0,0,0,0,0,115733.92529296875,27212.672485351563,0,404327403520,8589930496,5580455936,114688
9,1791558891893,2499,2500,2499,2500,2499,2500,2500,2499,2500,2500,2499,2499,2499,2500,2500,2499,0,0,0,0,0,0,0,100,5,0,0,0,0,0,0,0,115734.07141113281,27212.98876953125,0,404327403520,8589930496,5580455936,114688
9,1791558891903,2499,2500,2499,2500,2499,2500,2500,2499,2500,2500,2499,2499,2499,2500,2500,2499,0,0,0,0,0,0,0,100,5,0,0,0,0,0,0,0,115734.21954345703,27213.305114746094,0,404327403520,8589930496,5580455936,114688
9,1791558891913,2499,2500,2499,2500,2499,2500,2500,2499,2500,2500,2499,2499,2499,2500,2500,2499,0,0,0,0,0,0,0,100,5,0,0,0,0,0,0,0,115734.3716430664,27213.621337890625,0,404327403520,8589930496,5580455936,114688
9,1791558891923,2499,2500,2499,2500,2499,2500,2500,2499,2500,2500,2499,2499,2499,2500,2500,2499,0,0,0,0,0,0,0,100,5,0,0,0,0,0,0,0,115734.51922607422,27213.935668945313,0,404327403520,8589930496,5580455936,114688
9,1791558891933,2499,2500,2499,2500,2499,2500,2500,2499,2500,2500,2499,2499,2499,2500,2500,2499,0,0,0,0,0,0,0,100,5,0,0,0,0,0,0,0,115734.6694946289,27214.25732421875,0,404327403520,8589930496,5580455936,114688
9,1791558891943,2499,2500,2499,2500,2499,2500,2500,2499,2500,2500,2499,2499,2499,2500,2500,2499,0,0,0,0,0,0,0,100,5,0,0,0,0,0,0,0,115734.8217163086,27214.576904296875,0,404327403520,8589930496,5580455936,114688
10,1791558891953,2499,2500,2499,2500,2499,2500,2500,2499,2500,2500,2499,2499,2499,2500,2500,2499,0,0,0,0,0,0,0,100,5,0,0,0,0,0,0,0,115734.9775390625,27214.894653320313,0,404327403520,8589930496,5580455936,114688
10,1791558891963,2499,2500,2499,2500,2499,2500,2500,2499,2500,2500,2499,2499,2499,2500,2500,2499,0,0,0,0,0,0,0,100,5,0,0,0,0,0,0,0,115735.12567138672,27215.209350585938,0,404327403520,8589930496,5580455936,114688
9,1791558891973,2499,2500,2499,2500,2499,2500,2500,2499,2500,2500,2499,2499,2499,2500,2500,2499,0,0,0,0,0,0,0,100,5,0,0,0,0,0,0,0,115735.28845214844,27215.555603027344,0,404327403520,8589930496,5580455936,114688
9,1791558891983,2499,2500,2499,2500,2499,2500,2500,2499,2500,2500,2499,2499,2499,2500,2500,2499,0,0,0,0,0,0,0,100,5,0,0,0,0,0,0,0,115735.4351196289,27215.870483398438,0,404327403520,8589930496,5580455936,114688
10,1791558891993,2499,2500,2499,2500,2499,2500,2500,2499,2500,2500,2499,2499,2499,2500,2500,2499,0,0,0,0,0,0,0,100,5,0,0,0,0,0,0,0,115735.56567382813,27216.15606689453,0,404327403520,8589930496,5588881408,114688
9,1791558892004,2499,2500,2499,2500,2499,2500,2500,2499,2500,2500,2499,2499,2499,2500,2500,2499,0,0,0,0,0,0,0,100,5,0,0,0,0,0,0,0,115735.728515625,27216.51055908203,0,404327403520,8589930496,5588881408,114688
9,1791558892014,2499,2500,2499,2500,2499,2500,2500,2499,2500,2500,2499,2499,2499,2500,2500,2499,0,0,0,0,0,0,0,100,5,0,0,0,0,0,0,0,115735.88049316406,27216.822998046875,0,404327403520,8589930496,5588881408,114688
9,1791558892024,2499,2500,2499,2500,2499,2500,2500,2499,2500,2500,2499,2499,2499,2500,2500,2499,0,0,0,0,0,0,0,100,5,0,0,0,0,0,0,0,115736.02819824219,27217.148376464844,0,404327403520,8589930496,5588881408,114688
10,1791558892034,2499,2500,2499,2500,2499,2500,2500,2499,2500,2500,2499,2499,2499,2500,2500,2499,0,0,0,0,0,0,0,100,5,0,0,0,0,0,0,0,115736.18145751953,27217.458435058594,0,404327403520,8589930496,5588881408,114688
9,1791558892044,2499,2500,2499,2500,2499,2500,2500,2499,2500,2500,2499,2499,2499,2500,2500,2499,0,0,0,0,0,0,0,100,5,0,0,0,0,0,0,0,115736.33233642578,27217.773803710938,0,404327403520,8589930496,5588881408,114688
9,1791558892054,2499,2500,2499,2500,2499,2500,2500,2499,2500,2500,2499,2499,2499,2500,2500,2499,0,0,0,0,0,0,0,100,5,0,0,0,0,0,0,0,115736.4828491211,27218.08612060547,0,404327403520,8589930496,5588881408,114688
9,1791558892064,2499,2500,2499,2500,2499,2500,2500,2499,2500,2500,2499,2499,2499,2500,2500,2499,0,0,0,0,0,0,0,100,5,0,0,0,0,0,0,0,115736.63208007813,27218.40399169922,0,404327403520,8589930496,5588881408,114688
10,1791558892074,2499,2500,2499,2500,2499,2500,2500,2499,2500,2500,2499,2499,2499,2500,2500,2499,0,0,0,0,0,0,0,100,5,0,0,0,0,0,0,0,115736.78204345703,27218.720275878906,0,404327403520,8589930496,5589196800,114688
9,1791558892084,2499,2500,2499,2500,2499,2500,2500,2499,2500,2500,2499,2499,2499,2500,2500,2499,0,0,0,0,0,0,0,100,5,0,0,0,0,0,0,0,115736.9330444336,27219.04510498047,0,404327403520,8589930496,5589196800,114688
9,1791558892094,2499,2500,2499,2500,2499,2500,2500,2499,2500,2500,2499,2499,2499,2500,2500,2499,9.523809432983398,5,0,0,0,0,0,73.68421173095703,0,0,0,0,0,0,35,0,115737.08612060547,27219.355895996094,0,404327403520,8589930496,5589196800,114688
10,1791558892104,2499,2500,2499,2500,2499,2500,2500,2499,2500,2500,2499,2499,2499,2500,2500,2499,9.523809432983398,5,0,0,0,0,0,73.68421173095703,0,0,0,0,0,0,35,0,115737.23254394531,27219.667846679688,0,404327403520,8589930496,5589196800,114688
9,1791558892114,2499,2500,2499,2500,2499,2500,2500,2499,2500,2500,2499,2499,2499,2500,2500,2499,9.523809432983398,5,0,0,0,0,0,73.68421173095703,0,0,0,0,0,0,35,0,115737.3784790039,27219.9814453125,0,404327403520,8589930496,5589196800,114688
9,1791558892124,2499,2500,2499,2500,2499,2500,2500,2499,2500,2500,2499,2499,2499,2500,2500,2499,9.523809432983398,5,0,0,0,0,0,73.68421173095703,0,0,0,0,0,0,35,0,115737.52764892578,27220.295776367188,0,404327403520,8589930496,5589196800,114688
10,1791558892134,2499,2500,2499,2500,2499,2500,2500,2499,2500,2500,2499,2499,2499,2500,2500,2499,9.523809432983398,5,0,0,0,0,0,73.68421173095703,0,0,0,0,0,0,35,0,115737.67724609375,27220.6123046875,0,404327403520,8589930496,5584220160,114688
9,1791558892145,2499,2500,2499,2500,2499,2500,2500,2499,2500,2500,2499,2499,2499,2500,2500,2499,9.523809432983398,5,0,0,0,0,0,73.68421173095703,0,0,0,0,0,0,35,0,115737.84484863281,27220.961181640625,0,404327403520,8589930496,5575159808,114688
9,1791558892155,2499,2500,2499,2500,2499,2500,2500,2499,2500,2500,2499,2499,2499,2500,2500,2499,9.523809432983398,5,0,0,0,0,0,73.68421173095703,0,0,0,0,0,0,35,0,115737.99877929688,27221.270568847656,0,404327403520,8589930496,5575159808,114688
9,1791558892165,2499,2500,2499,2500,2499,2500,2500,2499,2500,2500,2499,2499,2499,2500,2500,2499,9.523809432983398,5,0,0,0,0,0,73.68421173095703,0,0,0,0,0,0,35,0,115738.15283203125,27221.58856201172,0,404327403520,8589930496,5575159808,114688
9,1791558892175,2499,2500,2499,2500,2499,2500,2500,2499,2500,2500,2499,2499,2499,2500,2500,2499,9.523809432983398,5,0,0,0,0,0,73.68421173095703,0,0,0,0,0,0,35,0,115738.30590820313,27221.905029296875,0,404327403520,8589930496,5575159808,114688
9,1791558892185,2499,2500,2499,2500,2499,2500,2500,2499,2500,2500,2499,2499,2499,2500,2500,2499,9.523809432983398,5,0,0,0,0,0,73.68421173095703,0,0,0,0,0,0,35,0,115738.45568847656,27222.217224121094,0,404327403520,8589930496,5575159808,114688
9,1791558892195,2499,2500,2499,2500,2499,2500,2500,2499,2500,2500,2499,2499,2499,2500,2500,2499,9.523809432983398,5,0,0,0,0,0,73.68421173095703,0,0,0,0,0,0,35,0,115738.60803222656,27222.5341796875,0,404327403520,8589930496,5575159808,114688
9,1791558892205,2499,2500,2499,2500,2499,2500,2500,2499,2500,2500,2499,2499,2499,2500,2500,2499,9.523809432983398,5,0,0,0,0,0,73.68421173095703,0,0,0,0,0,0,35,0,115738.75573730469,27222.850341796875,0,404327403520,8589930496,5575159808,114688
9,1791558892215,2499,2500,2499,2500,2499,2500,2500,2499,2500,2500,2499,2499,2499,2500,2500,2499,9.523809432983398,5,0,0,0,0,0,73.68421173095703,0,0,0,0,0,0,35,0,115738.90496826172,27223.16094970703,0,404327403520,8589930496,5575159808,114688
9,1791558892225,2499,2500,2499,2500,2499,2500,2500,2499,2500,2500,2499,2499,2499,2500,2500,2499,9.523809432983398,5,0,0,0,0,0,73.68421173095703,0,0,0,0,0,0,35,0,115739.05676269531,27223.476684570313,0,404327403520,8589930496,5575159808,114688
9,1791558892235,2499,2500,2499,2500,2499,2500,2500,2499,2500,2500,2499,2499,2499,2500,2500,2499,9.523809432983398,5,0,0,0,0,0,73.68421173095703,0,0,0,0,0,0,35,0,115739.21295166016,27223.795532226563,0,404327403520,8589930496,5575159808,114688
9,1791558892245,2499,2500,2499,2500,2499,2500,2500,2499,2500,2500,2499,2499,2499,2500,2500,2499,9.523809432983398,5,0,0,0,0,0,73.68421173095703,0,0,0,0,0,0,35,0,115739.36932373047,27224.1103515625,0,404327403520,8589930496,5575159808,114688
10,1791558892255,2499,2500,2499,2500,2499,2500,2500,2499,2500,2500,2499,2499,2499,2500,2500,2499,9.523809432983398,5,0,0,0,0,0,73.68421173095703,0,0,0,0,0,0,35,0,115739.5230102539,27224.42529296875,0,404327403520,8589930496,5575159808,114688
9,1791558892265,2499,2500,2499,2500,2499,2500,2500,2499,2500,2500,2499,2499,2499,2500,2500,2499,9.523809432983398,5,0,0,0,0,0,73.68421173095703,0,0,0,0,0,0,35,0,115739.67626953125,27224.74249267578,0,404327403520,8589930496,5575159808,114688
9,1791558892276,2499,2500,2499,2500,2499,2500,2500,2499,2500,2500,2499,2499,2499,2500,2500,2499,9.523809432983398,5,0,0,0,0,0,73.68421173095703,0,0,0,0,0,0,35,0,115739.82458496094,27225.053833007813,0,404327403520,8589930496,5575159808,114688
9,1791558892286,2499,2500,2499,2500,2499,2500,2500,2499,2500,2500,2499,2499,2499,2500,2500,2499,9.523809432983398,5,0,0,0,0,0,73.68421173095703,0,0,0,0,0,0,35,0,115739.97546386719,27225.36407470703,0,404327403520,8589930496,5575159808,114688
9,1791558892296,2499,2500,2499,2500,2499,2500,2500,2499,2500,2500,2499,2499,2499,2500,2500,2499,0,0,0,0,0,0,0,9.523809432983398,0,0,0,0,0,0,100,0,115740.14123535156,27225.71044921875,0,404327403520,8589930496,5575159808,114688
9,1791558892306,2499,2500,2499,2500,2499,2500,2500,2499,2500,2500,2499,2499,2499,2500,2500,2499,0,0,0,0,0,0,0,9.523809432983398,0,0,0,0,0,0,100,0,115740.29150390625,27226.025268554688,0,404327403520,8589930496,5575159808,114688
9,1791558892316,2499,2500,2499,2500,2499,2500,2500,2499,2500,2500,2499,2499,2499,2500,2500,2499,0,0,0,0,0,0,0,9.523809432983398,0,0,0,0,0,0,100,0,115740.4476928711,27226.341674804688,0,404327403520,8589930496,5575159808,114688
10,1791558892326,2499,2500,2499,2500,2499,2500,2500,2499,2500,2500,2499,2499,2499,2500,2500,2499,0,0,0,0,0,0,0,9.523809432983398,0,0,0,0,0,0,100,0,115740.59619140625,27226.655822753906,0,404327403520,8589930496,5575159808,114688
9,1791558892336,2499,2500,2499,2500,2499,2500,2500,2499,2500,2500,2499,2499,2499,2500,2500,2499,0,0,0,0,0,0,0,9.523809432983398,0,0,0,0,0,0,100,0,115740.74780273438,27226.964965820313,0,404327403520,8589930496,5575159808,114688
9,1791558892346,2499,2500,2499,2500,2499,2500,2500,2499,2500,2500,2499,2499,2499,2500,2500,2499,0,0,0,0,0,0,0,9.523809432983398,0,0,0,0,0,0,100,0,115740.89813232422,27227.279357910156,0,404327403520,8589930496,5575159808,114688
9,1791558892356,2499,2500,2499,2500,2499,2500,2500,2499,2500,2500,2499,2499,2499,2500,2500,2499,0,0,0,0,0,0,0,9.523809432983398,0,0,0,0,0,0,100,0,115741.0492553711,27227.593811035156,0,404327403520,8589930496,5575159808,114688
9,1791558892366,2499,2500,2499,2500,2499,2500,2500,2499,2500,2500,2499,2499,2499,2500,2500,2499,0,0,0,0,0,0,0,9.523809432983398,0,0,0,0,0,0,100,0,115741.19757080078,27227.90753173828,0,404327403520,8589930496,5575159808,114688
9,1791558892376,2499,2500,2499,2500,2499,2500,2500,2499,2500,2500,2499,2499,2499,2500,2500,2499,0,0,0,0,0,0,0,9.523809432983398,0,0,0,0,0,0,100,0,115741.34698486328,27228.22149658203,0,404327403520,8589930496,5575159808,114688
9,1791558892386,2499,2500,2499,2500,2499,2500,2500,2499,2500,2500,2499,2499,2499,2500,2500,2499,0,0,0,0,0,0,0,9.523809432983398,0,0,0,0,0,0,100,0,115741.49395751953,27228.534790039063,0,404327403520,8589930496,5575159808,114688
9,1791558892396,2499,2500,2499,2500,2499,2500,2500,2499,2500,2500,2499,2499,2499,2500,2500,2499,0,0,0,0,0,0,0,9.523809432983398,0,0,0,0,0,0,100,0,115741.64685058594,27228.84991455078,0,404327403520,8589930496,5575159808,114688
10,1791558892406,2499,2500,2499,2500,2499,2500,2500,2499,2500,2500,2499,2499,2499,2500,2500,2499,0,0,0,0,0,0,0,9.523809432983398,0,0,0,0,0,0,100,0,115741.79754638672,27229.16668701172,0,404327403520,8589930496,5575159808,114688
9,1791558892417,2499,2500,2499,2500,2499,2500,2500,2499,2500,2500,2499,2499,2499,2500,2500,2499,0,0,0,0,0,0,0,9.523809432983398,0,0,0,0,0,0,100,0,115741.94311523438,27229.48272705078,0,404327403520,8589930496,5575159808,114688
9,1791558892427,2499,2500,2499,2500,2499,2500,2500,2499,2500,2500,2499,2499,2499,2500,2500,2499,0,0,0,0,0,0,0,9.523809432983398,0,0,0,0,0,0,100,0,115742.08923339844,27229.79376220703,0,404327403520,8589930496,5575159808,114688
9,1791558892437,2499,2500,2499,2500,2499,2500,2500,2499,2500,2500,2499,2499,2499,2500,2500,2499,0,0,0,0,0,0,0,9.523809432983398,0,0,0,0,0,0,100,0,115742.23834228516,27230.111206054688,0,404327403520,8589930496,5575159808,114688
9,1791558892447,2499,2500,2499,2500,2499,2500,2500,2499,2500,2500,2499,2499,2499,2500,2500,2499,0,0,0,0,0,0,0,9.523809432983398,0,0,0,0,0,0,100,0,115742.4091796875,27230.45330810547,0,404327403520,8589930496,5575159808,114688
10,1791558892457,2499,2500,2499,2500,2499,2500,2500,2499,2500,2500,2499,2499,2499,2500,2500,2499,0,0,0,0,0,0,0,9.523809432983398,0,0,0,0,0,0,100,0,115742.54412841797,27230.731079101563,0,404327403520,8589930496,5575159808,114688
9,1791558892467,2499,2500,2499,2500,2499,2500,2500,2499,2500,2500,2499,2499,2499,2500,2500,2499,0,0,0,0,0,0,0,9.523809432983398,0,0,0,0,0,0,100,0,115742.71002197266,27231.070251464844,0,404327403520,8589930496,5575159808,114688
9,1791558892477,2499,2500,2499,2500,2499,2500,2500,2499,2500,2500,2499,2499,2499,2500,2500,2499,0,0,0,0,0,0,0,9.523809432983398,0,0,0,0,0,0,100,0,115742.85961914063,27231.383239746094,0,404327403520,8589930496,5575159808,114688
9,1791558892487,2499,2500,2499,2500,2499,2500,2500,2499,2500,2500,2499,2499,2499,2500,2500,2499,0,0,0,0,0,0,0,9.523809432983398,0,0,0,0,0,0,100,0,115743.00848388672,27231.703063964844,0,404327403520,8589930496,5575159808,114688
9,1791558892497,2499,2500,2499,2500,2499,2500,2500,2499,2500,2500,2499,2499,2499,2500,2500,2499,0,0,0,0,0,0,0,9.523809432983398,0,0,0,0,0,0,100,0,115743.16009521484,27232.020385742188,0,404327403520,8589930496,5575159808,114688
10,1791558892507,2499,2500,2499,2500,2499,2500,2500,2499,2500,2500,2499,2499,2499,2500,2500,2499,0,0,0,0,0,0,0,9.523809432983398,0,0,0,0,0,0,100,0,115743.30657958984,27232.331970214844,0,404327403520,8589930496,5575159808,114688
9,1791558892517,2499,2500,2499,2500,2499,2500,2500,2499,2500,2500,2499,2499,2499,2500,2500,2499,0,0,0,0,0,0,0,9.523809432983398,0,0,0,0,0,0,100,0,115743.45770263672,27232.64385986328,0,404327403520,8589930496,5575159808,114688
9,1791558892527,2499,2500,2499,2500,2499,2500,2500,2499,2500,2500,2499,2499,2499,2500,2500,2499,0,0,0,0,0,0,0,9.523809432983398,0,0,0,0,0,0,100,0,115743.60986328125,27232.955688476563,0,404327403520,8589930496,5575159808,114688
9,1791558892537,2499,2500,2499,2500,2499,2500,2500,2499,2500,2500,2499,2499,2499,2500,2500,2499,0,0,0,0,0,0,0,9.523809432983398,0,0,0,0,0,0,100,0,115743.76202392578,27233.270263671875,0,404327403520,8589930496,5575159808,114688
10,1791558892547,2499,2500,2499,2500,2499,2500,2500,2499,2500,2500,2499,2499,2499,2500,2500,2499,0,0,0,0,0,0,0,9.523809432983398,0,0,0,0,0,0,100,0,115743.91229248047,27233.584533691406,0,404327403520,8589930496,5575159808,114688
9,1791558892558,2499,2500,2499,2500,2499,2500,2500,2499,2500,2500,2499,2499,2499,2500,2500,2499,0,0,0,0,0,0,0,9.523809432983398,0,0,0,0,0,0,100,0,115744.06060791016,27233.90008544922,0,404327403520,8589930496,5575159808,114688
9,1791558892568,2499,2500,2499,2500,2499,2500,2500,2499,2500,2500,2499,2499,2499,2500,2500,2499,0,0,0,0,0,0,0,9.523809432983398,0,0,0,0,0,0,100,0,115744.21405029297,27234.211364746094,0,404327403520,8589930496,5575159808,114688
10,1791558892578,2499,2500,2499,2500,2499,2500,2500,2499,2500,2500,2499,2499,2499,2500,2500,2499,0,0,0,0,0,0,0,9.523809432983398,0,0,0,0,0,0,100,0,115744.36950683594,27234.522583007813,0,404327403520,8589930496,5575159808,114688
9,1791558892588,2499,2500,2499,2500,2499,2500,2500,2499,2500,2500,2499,2499,2499,2500,2500,2499,0,0,0,0,0,0,0,9.523809432983398,0,0,0,0,0,0,100,0,115744.51770019531,27234.83770751953,0,404327403520,8589930496,5575159808,114688
9,1791558892598,2499,2500,2499,2500,2499,2500,2500,2499,2500,2500,2499,2499,2499,2500,2500,2499,0,0,0,0,0,0,0,9.523809432983398,0,0,0,0,0,0,100,0,115744.68615722656,27235.182067871094,0,404327403520,8589930496,5575159808,114688
9,1791558892608,2499,2500,2499,2500,2499,2500,2500,2499,2500,2500,2499,2499,2499,2500,2500,2499,0,0,0,0,0,0,0,9.523809432983398,0,0,0,0,0,0,100,0,115744.83685302734,27235.500244140625,0,404327403520,8589930496,5575159808,114688
9,1791558892618,2499,2500,2499,2500,2499,2500,2500,2499,2500,2500,2499,2499,2499,2500,2500,2499,0,0,0,0,0,0,0,9.523809432983398,0,0,0,0,0,0,100,0,115744.9853515625,27235.821350097656,0,404327403520,8589930496,5575159808,114688
9,1791558892628,2499,2500,2499,2500,2499,2500,2500,2499,2500,2500,2499,2499,2499,2500,2500,2499,0,0,0,0,0,0,0,9.523809432983398,0,0,0,0,0,0,100,0,115745.13568115234,27236.14080810547,0,404327403520,8589930496,5575159808,114688
10,1791558892638,2499,2500,2499,2500,2499,2500,2500,2499,2500,2500,2499,2499,2499,2500,2500,2499,0,0,0,0,0,0,0,9.523809432983398,0,0,0,0,0,0,100,0,115745.28674316406,27236.457885742188,0,404327403520,8589930496,5575159808,114688
9,1791558892648,2499,2500,2499,2500,2499,2500,2500,2499,2500,2500,2499,2499,2499,2500,2500,2499,0,0,0,0,0,0,0,9.523809432983398,0,0,0,0,0,0,100,0,115745.43835449219,27236.767150878906,0,404327403520,8589930496,5575159808,114688
9,1791558892658,2499,2500,2499,2500,2499,2500,2500,2499,2500,2500,2499,2499,2499,2500,2500,2499,0,0,0,0,0,0,0,9.523809432983398,0,0,0,0,0,0,100,0,115745.59289550781,27237.08349609375,0,404327403520,8589930496,5575159808,114688
10,1791558892668,2499,2500,2499,2500,2499,2500,2500,2499,2500,2500,2499,2499,2499,2500,2500,2499,0,0,0,0,0,0,0,9.523809432983398,0,0,0,0,0,0,100,0,115745.74597167969,27237.404052734375,0,404327403520,8589930496,5575159808,114688
9,1791558892678,2499,2500,2499,2500,2499,2500,2500,2499,2500,2500,2499,2499,2499,2500,2500,2499,0,0,0,0,0,0,0,9.523809432983398,0,0,0,0,0,0,100,0,115745.89959716797,27237.719299316406,0,404327403520,8589930496,5575159808,114688
10,1791558892688,2499,2500,2499,2500,2499,2500,2500,2499,2500,2500,2499,2499,2499,2500,2500,2499,0,0,0,0,0,0,0,9.523809432983398,0,0,0,0,0,0,100,0,115746.05395507813,27238.0361328125,0,404327403520,8589930496,5575159808,114688
9,1791558892699,2499,2500,2499,2500,2499,2500,2500,2499,2500,2500,2499,2499,2499,2500,2500,2499,5.263157844543457,0,0,0,0,0,0,5.263157844543457,0,0,0,0,0,0,100,0,115746.20886230469,27238.349670410156,0,404327403520,8589930496,5575159808,114688
9,1791558892709,2499,2500,2499,2500,2499,2500,2500,2499,2500,2500,2499,2499,2499,2500,2500,2499,5.263157844543457,0,0,0,0,0,0,5.263157844543457,0,0,0,0,0,0,100,0,115746.36413574219,27238.65985107422,0,404327403520,8589930496,5575159808,114688
9,1791558892719,2499,2500,2499,2500,2499,2500,2500,2499,2500,2500,2499,2499,2499,2500,2500,2499,5.263157844543457,0,0,0,0,0,0,5.263157844543457,0,0,0,0,0,0,100,0,115746.52142333984,27238.976196289063,0,404327403520,8589930496,5575159808,114688
9,1791558892729,2499,2500,2499,2500,2499,2500,2500,2499,2500,2500,2499,2499,2499,2500,2500,2499,5.263157844543457,0,0,0,0,0,0,5.263157844543457,0,0,0,0,0,0,100,0,115746.67303466797,27239.289916992188,0,404327403520,8589930496,5575159808,114688
9,1791558892739,2499,2500,2499,2500,2499,2500,2500,2499,2500,2500,2499,2499,2499,2500,2500,2499,5.263157844543457,0,0,0,0,0,0,5.263157844543457,0,0,0,0,0,0,100,0,115746.82611083984,27239.602294921875,0,404327403520,8589930496,5575159808,114688
9,1791558892749,2499,2500,2499,2500,2499,2500,2500,2499,2500,2500,2499,2499,2499,2500,2500,2499,5.263157844543457,0,0,0,0,0,0,5.263157844543457,0,0,0,0,0,0,100,0,115746.98358154297,27239.920471191406,0,404327403520,8589930496,5575159808,114688
10,1791558892759,2499,2500,2499,2500,2499,2500,2500,2499,2500,2500,2499,2499,2499,2500,2500,2499,5.263157844543457,0,0,0,0,0,0,5.263157844543457,0,0,0,0,0,0,100,0,115747.13665771484,27240.234985351563,0,404327403520,8589930496,5575159808,114688
9,1791558892769,2499,2500,2499,2500,2499,2500,2500,2499,2500,2500,2499,2499,2499,2500,2500,2499,5.263157844543457,0,0,0,0,0,0,5.263157844543457,0,0,0,0,0,0,100,0,115747.2904663086,27240.552368164063,0,404327403520,8589930496,5575159808,114688
9,1791558892779,2499,2500,2499,2500,2499,2500,2500,2499,2500,2500,2499,2499,2499,2500,2500,2499,5.263157844543457,0,0,0,0,0,0,5.263157844543457,0,0,0,0,0,0,100,0,115747.44665527344,27240.869079589844,0,404327403520,8589930496,5575159808,114688
9,1791558892789,2499,2500,2499,2500,2499,2500,2500,2499,2500,2500,2499,2499,2499,2500,2500,2499,5.263157844543457,0,0,0,0,0,0,5.263157844543457,0,0,0,0,0,0,100,0,115747.61682128906,27241.216186523438,0,404327403520,8589930496,5575159808,114688
10,1791558892799,2499,2500,2499,2500,2499,2500,2500,2499,2500,2500,2499,2499,2499,2500,2500,2499,5.263157844543457,0,0,0,0,0,0,5.263157844543457,0,0,0,0,0,0,100,0,115747.75341796875,27241.53466796875,0,404327403520,8589930496,5575159808,114688
9,1791558892809,2499,2500,2499,2500,2499,2500,2500,2499,2500,2500,2499,2499,2499,2500,2500,2499,5.263157844543457,0,0,0,0,0,0,5.263157844543457,0,0,0,0,0,0,100,0,115747.91802978516,27241.8525390625,0,404327403520,8589930496,5575159808,114688
9,1791558892819,2499,2500,2499,2500,2499,2500,2500,2499,2500,2500,2499,2499,2499,2500,2500,2499,5.263157844543457,0,0,0,0,0,0,5.263157844543457,0,0,0,0,0,0,100,0,115748.06927490234,27242.12890625,0,404327403520,8589930496,5575159808,114688
9,1791558892829,2499,2500,2499,2500,2499,2500,2500,2499,2500,2500,2499,2499,2499,2500,2500,2499,5.263157844543457,0,0,0,0,0,0,5.263157844543457,0,0,0,0,0,0,100,0,115748.21118164063,27242.472412109375,0,404327403520,8589930496,5575159808,114688
10,1791558892839,2499,2500,2499,2500,2499,2500,2500,2499,2500,2500,2499,2499,2499,2500,2500,2499,5.263157844543457,0,0,0,0,0,0,5.263157844543457,0,0,0,0,0,0,100,0,115748.36407470703,27242.790893554688,0,404327403520,8589930496,5575159808,114688
10,1791558892850,2499,2500,2499,2500,2499,2500,2500,2499,2500,2500,2499,2499,2499,2500,2500,2499,5.263157844543457,0,0,0,0,0,0,5.263157844543457,0,0,0,0,0,0,100,0,115748.51477050781,27243.100463867188,0,404327403520,8589930496,5575159808,114688
9,1791558892860,2499,2500,2499,2500,2499,2500,2500,2499,2500,2500,2499,2499,2499,2500,2500,2499,5.263157844543457,0,0,0,0,0,0,5.263157844543457,0,0,0,0,0,0,100,0,115748.66400146484,27243.41522216797,0,404327403520,8589930496,5575159808,114688
9,1791558892870,2499,2500,2499,2500,2499,2500,2500,2499,2500,2500,2499,2499,2499,2500,2500,2499,5.263157844543457,0,0,0,0,0,0,5.263157844543457,0,0,0,0,0,0,100,0,115748.81451416016,27243.726196289063,0,404327403520,8589930496,5575159808,114688
9,1791558892880,2499,2500,2499,2500,2499,2500,2500,2499,2500,2500,2499,2499,2499,2500,2500,2499,5.263157844543457,0,0,0,0,0,0,5.263157844543457,0,0,0,0,0,0,100,0,115748.96575927734,27244.041748046875,0,404327403520,8589930496,5575159808,114688
9,1791558892890,2499,2500,2499,2500,2499,2500,2500,2499,2500,2500,2499,2499,2499,2500,2500,2499,5.263157844543457,0,0,0,0,0,0,5.263157844543457,0,0,0,0,0,0,100,0,115749.11004638672,27244.350952148438,0,404327403520,8589930496,5575159808,114688
9,1791558892900,2499,2500,2499,2500,2499,2500,2500,2499,2500,2500,2499,2499,2499,2500,2500,2499,0,0,0,0,0,0,0,9.523809432983398,0,0,0,0,0,0,100,0,115749.25982666016,27244.667114257813,0,404327403520,8589930496,5575159808,114688
9,1791558892910,2499,2500,2499,2500,2499,2500,2500,2499,2500,2500,2499,2499,2499,2500,2500,2499,0,0,0,0,0,0,0,9.523809432983398,0,0,0,0,0,0,100,0,115749.40850830078,27244.9853515625,0,404327403520,8589930496,5575159808,114688
9,1791558892920,2499,2500,2499,2500,2499,2500,2500,2499,2500,2500,2499,2499,2499,2500,2500,2499,0,0,0,0,0,0,0,9.523809432983398,0,0,0,0,0,0,100,0,115749.57751464844,27245.333435058594,0,404327403520,8589930496,5575159808,114688
9,1791558892930,2499,2500,2499,2500,2499,2500,2500,2499,2500,2500,2499,2499,2499,2500,2500,2499,0,0,0,0,0,0,0,9.523809432983398,0,0,0,0,0,0,100,0,115749.72875976563,27245.645141601563,0,404327403520,8589930496,5575159808,114688
10,1791558892940,2499,2500,2499,2500,2499,2500,2500,2499,2500,2500,2499,2499,2499,2500,2500,2499,0,0,0,0,0,0,0,9.523809432983398,0,0,0,0,0,0,100,0,115749.85913085938,27245.933715820313,0,404327403520,8589930496,5575159808,114688
10,1791558892950,2499,2500,2499,2500,2499,2500,2500,2499,2500,2500,2499,2499,2499,2500,2500,2499,0,0,0,0,0,0,0,9.523809432983398,0,0,0,0,0,0,100,0,115750.00872802734,27246.23858642578,0,404327403520,8589930496,5575159808,114688
9,1791558892960,2499,2500,2499,2500,2499,2500,2500,2499,2500,2500,2499,2499,2499,2500,2500,2499,0,0,0,0,0,0,0,9.523809432983398,0,0,0,0,0,0,100,0,115750.16241455078,27246.55743408203,0,404327403520,8589930496,5575159808,114688
9,1791558892970,2499,2500,2499,2500,2499,2500,2500,2499,2500,2500,2499,2499,2499,2500,2500,2499,0,0,0,0,0,0,0,9.523809432983398,0,0,0,0,0,0,100,0,115750.33251953125,27246.904846191406,0,404327403520,8589930496,5575159808,114688
9,1791558892981,2499,2500,2499,2500,2499,2500,2500,2499,2500,2500,2499,2499,2499,2500,2500,2499,0,0,0,0,0,0,0,9.523809432983398,0,0,0,0,0,0,100,0,115750.4892578125,27247.219482421875,0,404327403520,8589930496,5575159808,114688
10,1791558892991,2499,2500,2499,2500,2499,2500,2500,2499,2500,2500,2499,2499,2499,2500,2500,2499,0,0,0,0,0,0,0,9.523809432983398,0,0,0,0,0,0,100,0,115750.63525390625,27247.529052734375,0,404327403520,8589930496,5575159808,114688
9,1791558893001,2499,2500,2499,2500,2499,2500,2500,2499,2500,2500,2499,2499,2499,2500,2500,2499,0,0,0,0,0,0,0,9.523809432983398,0,0,0,0,0,0,100,0,115750.78430175781,27247.841918945313,0,404327403520,8589930496,5575159808,114688
10,1791558893011,2499,2500,2499,2500,2499,2500,2500,2499,2500,2500,2499,2499,2499,2500,2500,2499,0,0,0,0,0,0,0,9.523809432983398,0,0,0,0,0,0,100,0,115750.92071533203,27248.127014160156,0,404327403520,8589930496,5575159808,114688
9,1791558893021,2499,2500,2499,2500,2499,2500,2500,2499,2500,2500,2499,2499,2499,2500,2500,2499,0,0,0,0,0,0,0,9.523809432983398,0,0,0,0,0,0,100,0,115751.08898925781,27248.46612548828,0,404327403520,8589930496,5575159808,114688
9,1791558893031,2499,2500,2499,2500,2499,2500,2500,2499,2500,2500,2499,2499,2499,2500,2500,2499,0,0,0,0,0,0,0,9.523809432983398,0,0,0,0,0,0,100,0,115751.23693847656,27248.780822753906,0,404327403520,8589930496,5575159808,114688
9,1791558893041,2499,2500,2499,2500,2499,2500,2500,2499,2500,2500,2499,2499,2499,2500,2500,2499,0,0,0,0,0,0,0,9.523809432983398,0,0,0,0,0,0,100,0,115751.39373779297,27249.098876953125,0,404327403520,8589930496,5575159808,114688
9,1791558893051,2499,2500,2499,2500,2499,2500,2500,2499,2500,2500,2499,2499,2499,2500,2500,2499,0,0,0,0,0,0,0,9.523809432983398,0,0,0,0,0,0,100,0,115751.54681396484,27249.41290283203,0,404327403520,8589930496,5575159808,114688
9,1791558893061,2499,2500,2499,2500,2499,2500,2500,2499,2500,2500,2499,2499,2499,2500,2500,2499,0,0,0,0,0,0,0,9.523809432983398,0,0,0,0,0,0,100,0,115751.69787597656,27249.725952148438,0,404327403520,8589930496,5575159808,114688
9,1791558893071,2499,2500,2499,2500,2499,2500,2500,2499,2500,2500,2499,2499,2499,2500,2500,2499,0,0,0,0,0,0,0,9.523809432983398,0,0,0,0,0,0,100,0,115751.84930419922,27250.037048339844,0,404327403520,8589930496,5575159808,114688
9,1791558893081,2499,2500,2499,2500,2499,2500,2500,2499,2500,2500,2499,2499,2499,2500,2500,2499,0,0,0,0,0,0,0,9.523809432983398,0,0,0,0,0,0,100,0,115752.00036621094,27250.34942626953,0,404327403520,8589930496,5575159808,114688
9,1791558893091,2499,2500,2499,2500,2499,2500,2500,2499,2500,2500,2499,2499,2499,2500,2500,2499,0,0,0,0,0,0,0,9.523809432983398,0,0,0,0,0,0,100,0,115752.1488647461,27250.658813476563,0,404327403520,8589930496,5575159808,114688
9,1791558893101,2499,2500,2499,2500,2499,2500,2500,2499,2500,2500,2499,2499,2499,2500,2500,2499,10,0,0,0,0,0,0,10,0,0,0,0,0,0,10,85.71428680419922,115752.30065917969,27250.973022460938,0,404327403520,8589930496,5566640128,114688
9,1791558893112,2499,2500,2499,2500,2499,2500,2500,2499,2500,2500,2499,2499,2499,2500,2500,2499,10,0,0,0,0,0,0,10,0,0,0,0,0,0,10,85.71428680419922,115752.46362304688,27251.318603515625,0,404327403520,8589930496,5566640128,114688
10,1791558893121,2499,2500,2499,2500,2499,2500,2500,2499,2500,2500,2499,2499,2499,2500,2500,2499,10,0,0,0,0,0,0,10,0,0,0,0,0,0,10,85.71428680419922,115752.6069946289,27251.60272216797,0,404327403520,8589930496,5566640128,114688
9,1791558893132,2499,2500,2499,2500,2499,2500,2500,2499,2500,2500,2499,2499,2499,2500,2500,2499,10,0,0,0,0,0,0,10,0,0,0,0,0,0,10,85.71428680419922,115752.77233886719,27251.946716308594,0,404327403520,8589930496,5566640128,114688
10,1791558893142,2499,2500,2499,2500,2499,2500,2500,2499,2500,2500,2499,2499,2499,2500,2500,2499,10,0,0,0,0,0,0,10,0,0,0,0,0,0,10,85.71428680419922,115752.92492675781,27252.258850097656,0,404327403520,8589930496,5566640128,114688
9,1791558893152,2499,2500,2499,2500,2499,2500,2500,2499,2500,2500,2499,2499,2499,2500,2500,2499,10,0,0,0,0,0,0,10,0,0,0,0,0,0,10,85.71428680419922,115753.08093261719,27252.57470703125,0,404327403520,8589930496,5566640128,114688
9,1791558893162,2499,2500,2499,2500,2499,2500,2500,2499,2500,2500,2499,2499,2499,2500,2500,2499,10,0,0,0,0,0,0,10,0,0,0,0,0,0,10,85.71428680419922,115753.23529052734,27252.88946533203,0,404327403520,8589930496,5561430016,114688
9,1791558893172,2499,2500,2499,2500,2499,2500,2500,2499,2500,2500,2499,2499,2499,2500,2500,2499,10,0,0,0,0,0,0,10,0,0,0,0,0,0,10,85.71428680419922,115753.37866210938,27253.205017089844,0,404327403520,8589930496,5561430016,114688
9,1791558893182,2499,2500,2499,2500,2499,2500,2500,2499,2500,2500,2499,2499,2499,2500,2500,2499,10,0,0,0,0,0,0,10,0,0,0,0,0,0,10,85.71428680419922,115753.5278930664,27253.519287109375,0,404327403520,8589930496,5561430016,114688
9,1791558893192,2499,2500,2499,2500,2499,2500,2500,2499,2500,2500,2499,2499,2499,2500,2500,2499,10,0,0,0,0,0,0,10,0,0,0,0,0,0,10,85.71428680419922,115753.6787109375,27253.833557128906,0,404327403520,8589930496,5561430016,114688
9,1791558893202,2499,2500,2499,2500,2499,2500,2500,2499,2500,2500,2499,2499,2499,2500,2500,2499,10,0,0,0,0,0,0,10,0,0,0,0,0,0,10,85.71428680419922,115753.83215332031,27254.14288330078,0,404327403520,8589930496,5561430016,114688
9,1791558893212,2499,2500,2499,2500,2499,2500,2500,2499,2500,2500,2499,2499,2499,2500,2500,2499,10,0,0,0,0,0,0,10,0,0,0,0,0,0,10,85.71428680419922,115753.9833984375,27254.452697753906,0,404327403520,8589930496,5561430016,114688
9,1791558893222,2499,2500,2499,2500,2499,2500,2500,2499,2500,2500,2499,2499,2499,2500,2500,2499,10,0,0,0,0,0,0,10,0,0,0,0,0,0,10,85.71428680419922,115754.1357421875,27254.765563964844,0,404327403520,8589930496,5561430016,114688
9,1791558893232,2499,2500,2499,2500,2499,2500,2500,2499,2500,2500,2499,2499,2499,2500,2500,2499,10,0,0,0,0,0,0,10,0,0,0,0,0,0,10,85.71428680419922,115754.28936767578,27255.07745361328,0,404327403520,8589930496,5561430016,114688
10,1791558893242,2499,2500,2499,2500,2499,2500,2500,2499,2500,2500,2499,2499,2499,2500,2500,2499,10,0,0,0,0,0,0,10,0,0,0,0,0,0,10,85.71428680419922,115754.43896484375,27255.387451171875,0,404327403520,8589930496,5561430016,114688
9,1791558893252,2499,2500,2499,2500,2499,2500,2500,2499,2500,2500,2499,2499,2499,2500,2500,2499,10,0,0,0,0,0,0,10,0,0,0,0,0,0,10,85.71428680419922,115754.58801269531,27255.705200195313,0,404327403520,8589930496,5561430016,114688
10,1791558893262,2499,2500,2499,2500,2499,2500,2500,2499,2500,2500,2499,2499,2499,2500,2500,2499,10,0,0,0,0,0,0,10,0,0,0,0,0,0,10,85.71428680419922,115754.73504638672,27256.018676757813,0,404327403520,8589930496,5561430016,114688
9,1791558893273,2499,2500,2499,2500,2499,2500,2500,2499,2500,2500,2499,2499,2499,2500,2500,2499,10,0,0,0,0,0,0,10,0,0,0,0,0,0,10,85.71428680419922,115754.90228271484,27256.360595703125,0,404327403520,8589930496,5561430016,114688
9,1791558893283,2499,2500,2499,2500,2499,2500,2500,2499,2500,2500,2499,2499,2499,2500,2500,2499,10,0,0,0,0,0,0,10,0,0,0,0,0,0,10,85.71428680419922,115755.03411865234,27256.643798828125,0,404327403520,8589930496,5561430016,114688
9,1791558893293,2499,2500,2499,2500,2499,2500,2500,2499,2500,2500,2499,2499,2499,2500,2500,2499,10,0,0,0,0,0,0,10,0,0,0,0,0,0,10,85.71428680419922,115755.19818115234,27256.988037109375,0,404327403520,8589930496,5561430016,114688
9,1791558893303,2499,2500,2499,2500,2499,2500,2500,2499,2500,2500,2499,2499,2499,2500,2500,2499,0,0,0,0,0,0,0,9.523809432983398,0,0,0,0,0,0,0,100,115755.34924316406,27257.305603027344,0,404327403520,8589930496,5561430016,114688
9,1791558893313,2499,2500,2499,2500,2499,2500,2500,2499,2500,2500,2499,2499,2499,2500,2500,2499,0,0,0,0,0,0,0,9.523809432983398,0,0,0,0,0,0,0,100,115755.50469970703,27257.6201171875,0,404327403520,8589930496,5561430016,114688
10,1791558893323,2499,2500,2499,2500,2499,2500,2500,2499,2500,2500,2499,2499,2499,2500,2500,2499,0,0,0,0,0,0,0,9.523809432983398,0,0,0,0,0,0,0,100,115755.65173339844,27257.933166503906,0,404327403520,8589930496,5561430016,114688
9,1791558893333,2499,2500,2499,2500,2499,2500,2500,2499,2500,2500,2499,2499,2499,2500,2500,2499,0,0,0,0,0,0,0,9.523809432983398,0,0,0,0,0,0,0,100,115755.80096435547,27258.2470703125,0,404327403520,8589930496,5561430016,114688
9,1791558893343,2499,2500,2499,2500,2499,2500,2500,2499,2500,2500,2499,2499,2499,2500,2500,2499,0,0,0,0,0,0,0,9.523809432983398,0,0,0,0,0,0,0,100,115755.95440673828,27258.55694580078,0,404327403520,8589930496,5561430016,114688
9,1791558893353,2499,2500,2499,2500,2499,2500,2500,2499,2500,2500,2499,2499,2499,2500,2500,2499,0,0,0,0,0,0,0,9.523809432983398,0,0,0,0,0,0,0,100,115756.1029663086,27258.872680664063,0,404327403520,8589930496,5561430016,114688
9,1791558893363,2499,2500,2499,2500,2499,2500,2500,2499,2500,2500,2499,2499,2499,2500,2500,2499,0,0,0,0,0,0,0,9.523809432983398,0,0,0,0,0,0,0,100,115756.24597167969,27259.18524169922,0,404327403520,8589930496,5561430016,114688
10,1791558893373,2499,2500,2499,2500,2499,2500,2500,2499,2500,2500,2499,2499,2499,2500,2500,2499,0,0,0,0,0,0,0,9.523809432983398,0,0,0,0,0,0,0,100,115756.39483642578,27259.499572753906,0,404327403520,8589930496,5561430016,114688
9,1791558893383,2499,2500,2499,2500,2499,2500,2500,2499,2500,2500,2499,2499,2499,2500,2500,2499,0,0,0,0,0,0,0,9.523809432983398,0,0,0,0,0,0,0,100,115756.54296875,27259.81317138672,0,404327403520,8589930496,5561430016,114688
9,1791558893393,2499,2500,2499,2500,2499,2500,2500,2499,2500,2500,2499,2499,2499,2500,2500,2499,0,0,0,0,0,0,0,9.523809432983398,0,0,0,0,0,0,0,100,115756.7001953125,27260.126037597656,0,404327403520,8589930496,5561430016,114688
9,1791558893404,2499,2500,2499,2500,2499,2500,2500,2499,2500,2500,2499,2499,2499,2500,2500,2499,0,0,0,0,0,0,0,9.523809432983398,0,0,0,0,0,0,0,100,115756.84887695313,27260.438903808594,0,404327403520,8589930496,5561430016,114688
9,1791558893414,2499,2500,2499,2500,2499,2500,2500,2499,2500,2500,2499,2499,2499,2500,2500,2499,0,0,0,0,0,0,0,9.523809432983398,0,0,0,0,0,0,0,100,115757.00122070313,27260.753479003906,0,404327403520,8589930496,5561430016,114688
9,1791558893424,2499,2500,2499,2500,2499,2500,2500,2499,2500,2500,2499,2499,2499,2500,2500,2499,0,0,0,0,0,0,0,9.523809432983398,0,0,0,0,0,0,0,100,115757.15026855469,27261.067260742188,0,404327403520,8589930496,5561430016,114688
9,1791558893434,2499,2500,2499,2500,2499,2500,2500,2499,2500,2500,2499,2499,2499,2500,2500,2499,0,0,0,0,0,0,0,9.523809432983398,0,0,0,0,0,0,0,100,115757.3037109375,27261.38037109375,0,404327403520,8589930496,5561430016,114688
9,1791558893444,2499,2500,2499,2500,2499,2500,2500,2499,2500,2500,2499,2499,2499,2500,2500,2499,0,0,0,0,0,0,0,9.523809432983398,0,0,0,0,0,0,0,100,115757.46685791016,27261.72430419922,0,404327403520,8589930496,5561430016,114688
9,1791558893454,2499,2500,2499,2500,2499,2500,2500,2499,2500,2500,2499,2499,2499,2500,2500,2499,0,0,0,0,0,0,0,9.523809432983398,0,0,0,0,0,0,0,100,115757.62005615234,27262.032592773438,0,404327403520,8589930496,5561430016,114688
9,1791558893464,2499,2500,2499,2500,2499,2500,2500,2499,2500,2500,2499,2499,2499,2500,2500,2499,0,0,0,0,0,0,0,9.523809432983398,0,0,0,0,0,0,0,100,115757.77276611328,27262.347778320313,0,404327403520,8589930496,5561430016,114688
9,1791558893474,2499,2500,2499,2500,2499,2500,2500,2499,2500,2500,2499,2499,2499,2500,2500,2499,0,0,0,0,0,0,0,9.523809432983398,0,0,0,0,0,0,0,100,115757.92071533203,27262.663635253906,0,404327403520,8589930496,5561430016,114688
9,1791558893484,2499,2500,2499,2500,2499,2500,2500,2499,2500,2500,2499,2499,2499,2500,2500,2499,0,0,0,0,0,0,0,9.523809432983398,0,0,0,0,0,0,0,100,115758.0703125,27262.97998046875,0,404327403520,8589930496,5561430016,114688
9,1791558893494,2499,2500,2499,2500,2499,2500,2500,2499,2500,2500,2499,2499,2499,2500,2500,2499,0,0,0,0,0,0,0,9.523809432983398,0,0,0,0,0,0,0,100,115758.2202758789,27263.295288085938,0,404327403520,8589930496,5561430016,114688
9,1791558893504,2499,2500,2499,2500,2499,2500,2500,2499,2500,2500,2499,2499,2499,2500,2500,2499,0,0,0,0,0,0,0,5,0,0,0,0,0,0,0,100,115758.369140625,27263.610961914063,0,404327403520,8589930496,5561430016,114688
9,1791558893514,2499,2500,2499,2500,2499,2500,2500,2499,2500,2500,2499,2499,2499,2500,2500,2499,0,0,0,0,0,0,0,5,0,0,0,0,0,0,0,100,115758.52221679688,27263.922241210938,0,404327403520,8589930496,5561430016,114688
10,1791558893524,2499,2500,2499,2500,2499,2500,2500,2499,2500,2500,2499,2499,2499,2500,2500,2499,0,0,0,0,0,0,0,5,0,0,0,0,0,0,0,100,115758.67193603516,27264.234985351563,0,404327403520,8589930496,5561430016,114688
10,1791558893534,2499,2500,2499,2500,2499,2500,2500,2499,2500,2500,2499,2499,2499,2500,2500,2499,0,0,0,0,0,0,0,5,0,0,0,0,0,0,0,100,115758.8187866211,27264.54931640625,0,404327403520,8589930496,5561430016,114688
9,1791558893545,2499,2500,2499,2500,2499,2500,2500,2499,2500,2500,2499,2499,2499,2500,2500,2499,0,0,0,0,0,0,0,5,0,0,0,0,0,0,0,100,115758.96966552734,27264.86572265625,0,404327403520,8589930496,5561430016,114688
10,1791558893555,2499,2500,2499,2500,2499,2500,2500,2499,2500,2500,2499,2499,2499,2500,2500,2499,0,0,0,0,0,0,0,5,0,0,0,0,0,0,0,100,115759.12072753906,27265.182067871094,0,404327403520,8589930496,5561430016,114688
9,1791558893565,2499,2500,2499,2500,2499,2500,2500,2499,2500,2500,2499,2499,2499,2500,2500,2499,0,0,0,0,0,0,0,5,0,0,0,0,0,0,0,100,115759.26647949219,27265.494079589844,0,404327403520,8589930496,5561430016,114688
10,1791558893575,2499,2500,2499,2500,2499,2500,2500,2499,2500,2500,2499,2499,2499,2500,2500,2499,0,0,0,0,0,0,0,5,0,0,0,0,0,0,0,100,115759.40930175781,27265.804565429688,0,404327403520,8589930496,5561430016,114688
9,1791558893585,2499,2500,2499,2500,2499,2500,2500,2499,2500,2500,2499,2499,2499,2500,2500,2499,0,0,0,0,0,0,0,5,0,0,0,0,0,0,0,100,115759.57775878906,27266.151428222656,0,404327403520,8589930496,5561430016,114688
9,1791558893595,2499,2500,2499,2500,2499,2500,2500,2499,2500,2500,2499,2499,2499,2500,2500,2499,0,0,0,0,0,0,0,5,0,0,0,0,0,0,0,100,115759.72735595703,27266.46356201172,0,404327403520,8589930496,5561430016,114688
9,1791558893605,2499,2500,2499,2500,2499,2500,2500,2499,2500,2500,2499,2499,2499,2500,2500,2499,0,0,0,0,0,0,0,5,0,0,0,0,0,0,0,100,115759.88024902344,27266.774353027344,0,404327403520,8589930496,5561430016,114688
9,1791558893615,2499,2500,2499,2500,2499,2500,2500,2499,2500,2500,2499,2499,2499,2500,2500,2499,0,0,0,0,0,0,0,5,0,0,0,0,0,0,0,100,115760.02416992188,27267.0859375,0,404327403520,8589930496,5561430016,114688
9,1791558893625,2499,2500,2499,2500,2499,2500,2500,2499,2500,2500,2499,2499,2499,2500,2500,2499,0,0,0,0,0,0,0,5,0,0,0,0,0,0,0,100,115760.1781616211,27267.403076171875,0,404327403520,8589930496,5561430016,114688
10,1791558893635,2499,2500,2499,2500,2499,2500,2500,2499,2500,2500,2499,2499,2499,2500,2500,2499,0,0,0,0,0,0,0,5,0,0,0,0,0,0,0,100,115760.328125,27267.716369628906,0,404327403520,8589930496,5561430016,114688
9,1791558893645,2499,2500,2499,2500,2499,2500,2500,2499,2500,2500,2499,2499,2499,2500,2500,2499,0,0,0,0,0,0,0,5,0,0,0,0,0,0,0,100,115760.48486328125,27268.030029296875,0,404327403520,8589930496,5561430016,114688
9,1791558893655,2499,2500,2499,2500,2499,2500,2500,2499,2500,2500,2499,2499,2499,2500,2500,2499,0,0,0,0,0,0,0,5,0,0,0,0,0,0,0,100,115760.63684082031,27268.343627929688,0,404327403520,8589930496,5561430016,114688
10,1791558893665,2499,2500,2499,2500,2499,2500,2500,2499,2500,2500,2499,2499,2499,2500,2500,2499,0,0,0,0,0,0,0,5,0,0,0,0,0,0,0,100,115760.7886352539,27268.65966796875,0,404327403520,8589930496,5561430016,114688
9,1791558893675,2499,2500,2499,2500,2499,2500,2500,2499,2500,2500,2499,2499,2499,2500,2500,2499,0,0,0,0,0,0,0,5,0,0,0,0,0,0,0,100,115760.93884277344,27268.975219726563,0,404327403520,8589930496,5561430016,114688
9,1791558893686,2499,2500,2499,2500,2499,2500,2500,2499,2500,2500,2499,2499,2499,2500,2500,2499,0,0,0,0,0,0,0,5,0,0,0,0,0,0,0,100,115761.08679199219,27269.293884277344,0,404327403520,8589930496,5561430016,114688
10,1791558893696,2499,2500,2499,2500,2499,2500,2500,2499,2500,2500,2499,2499,2499,2500,2500,2499,0,0,0,0,0,0,0,5,0,0,0,0,0,0,0,100,115761.2407836914,27269.613830566406,0,404327403520,8589930496,5561430016,114688
9,1791558893706,2499,2500,2499,2500,2499,2500,2500,2499,2500,2500,2499,2499,2499,2500,2500,2499,5.263157844543457,0,0,0,0,0,0,10,0,0,0,0,0,0,0,100,115761.39294433594,27269.923828125,0,404327403520,8589930496,5561430016,114688
9,1791558893716,2499,2500,2499,2500,2499,2500,2500,2499,2500,2500,2499,2499,2499,2500,2500,2499,5.263157844543457,0,0,0,0,0,0,10,0,0,0,0,0,0,0,100,115761.54772949219,27270.23797607422,0,404327403520,8589930496,5561430016,114688
9,1791558893726,2499,2500,2499,2500,2499,2500,2500,2499,2500,2500,2499,2499,2499,2500,2500,2499,5.263157844543457,0,0,0,0,0,0,10,0,0,0,0,0,0,0,100,115761.69244384766,27270.556091308594,0,404327403520,8589930496,5561430016,114688
9,1791558893736,2499,2500,2499,2500,2499,2500,2500,2499,2500,2500,2499,2499,2499,2500,2500,2499,5.263157844543457,0,0,0,0,0,0,10,0,0,0,0,0,0,0,100,115761.84204101563,27270.87420654297,0,404327403520,8589930496,5561430016,114688
9,1791558893746,2499,2500,2499,2500,2499,2500,2500,2499,2500,2500,2499,2499,2499,2500,2500,2499,5.263157844543457,0,0,0,0,0,0,10,0,0,0,0,0,0,0,100,115761.99090576172,27271.191528320313,0,404327403520,8589930496,5561430016,114688
9,1791558893756,2499,2500,2499,2500,2499,2500,2500,2499,2500,2500,2499,2499,2499,2500,2500,2499,5.263157844543457,0,0,0,0,0,0,10,0,0,0,0,0,0,0,100,115762.1547241211,27271.539306640625,0,404327403520,8589930496,5561430016,114688
9,1791558893766,2499,2500,2499,2500,2499,2500,2500,2499,2500,2500,2499,2499,2499,2500,2500,2499,5.263157844543457,0,0,0,0,0,0,10,0,0,0,0,0,0,0,100,115762.3041381836,27271.85479736328,0,404327403520,8589930496,5561430016,114688
9,1791558893776,2499,2500,2499,2500,2499,2500,2500,2499,2500,2500,2499,2499,2499,2500,2500,2499,5.263157844543457,0,0,0,0,0,0,10,0,0,0,0,0,0,0,100,115762.45428466797,27272.16973876953,0,404327403520,8589930496,5561430016,114688
10,1791558893786,2499,2500,2499,2500,2499,2500,2500,2499,2500,2500,2499,2499,2499,2500,2500,2499,5.263157844543457,0,0,0,0,0,0,10,0,0,0,0,0,0,0,100,115762.60754394531,27272.485717773438,0,404327403520,8589930496,5561430016,114688
10,1791558893796,2499,2500,2499,2500,2499,2500,2500,2499,2500,2500,2499,2499,2499,2500,2500,2499,5.263157844543457,0,0,0,0,0,0,10,0,0,0,0,0,0,0,100,115762.75604248047,27272.801147460938,0,404327403520,8589930496,5561430016,114688
9,1791558893806,2499,2500,2499,2500,2499,2500,2500,2499,2500,2500,2499,2499,2499,2500,2500,2499,5.263157844543457,0,0,0,0,0,0,10,0,0,0,0,0,0,0,100,115762.9076538086,27273.11553955078,0,404327403520,8589930496,5561430016,114688
9,1791558893816,2499,2500,2499,2500,2499,2500,2500,2499,2500,2500,2499,2499,2499,2500,2500,2499,5.263157844543457,0,0,0,0,0,0,10,0,0,0,0,0,0,0,100,115763.05963134766,27273.434997558594,0,404327403520,8589930496,5561430016,114688
10,1791558893826,2499,2500,2499,2500,2499,2500,2500,2499,2500,2500,2499,2499,2499,2500,2500,2499,5.263157844543457,0,0,0,0,0,0,10,0,0,0,0,0,0,0,100,115763.21490478516,27273.750122070313,0,404327403520,8589930496,5561430016,114688
9,1791558893837,2499,2500,2499,2500,2499,2500,2500,2499,2500,2500,2499,2499,2499,2500,2500,2499,5.263157844543457,0,0,0,0,0,0,10,0,0,0,0,0,0,0,100,115763.3599243164,27274.06170654297,0,404327403520,8589930496,5561430016,114688
9,1791558893847,2499,2500,2499,2500,2499,2500,2500,2499,2500,2500,2499,2499,2499,2500,2500,2499,5.263157844543457,0,0,0,0,0,0,10,0,0,0,0,0,0,0,100,115763.5093383789,27274.377502441406,0,404327403520,8589930496,5561430016,114688
9,1791558893857,2499,2500,2499,2500,2499,2500,2500,2499,2500,2500,2499,2499,2499,2500,2500,2499,5.263157844543457,0,0,0,0,0,0,10,0,0,0,0,0,0,0,100,115763.6577758789,27274.69549560547,0,404327403520,8589930496,5561430016,114688
9,1791558893867,2499,2500,2499,2500,2499,2500,2500,2499,2500,2500,2499,2499,2499,2500,2500,2499,5.263157844543457,0,0,0,0,0,0,10,0,0,0,0,0,0,0,100,115763.80883789063,27275.01318359375,0,404327403520,8589930496,5561430016,114688
9,1791558893877,2499,2500,2499,2500,2499,2500,2500,2499,2500,2500,2499,2499,2499,2500,2500,2499,5.263157844543457,0,0,0,0,0,0,10,0,0,0,0,0,0,0,100,115763.96020507813,27275.327087402344,0,404327403520,8589930496,5561430016,114688
10,1791558893887,2499,2500,2499,2500,2499,2500,2500,2499,2500,2500,2499,2499,2499,2500,2500,2499,5.263157844543457,0,0,0,0,0,0,10,0,0,0,0,0,0,0,100,115764.10760498047,27275.63671875,0,404327403520,8589930496,5561430016,114688
9,1791558893897,2499,2500,2499,2500,2499,2500,2500,2499,2500,2500,2499,2499,2499,2500,2500,2499,5.263157844543457,0,0,0,0,0,0,10,0,0,0,0,0,0,0,100,115764.25463867188,27275.948669433594,0,404327403520,8589930496,5561430016,114688
9,1791558893907,2499,2500,2499,2500,2499,2500,2500,2499,2500,2500,2499,2499,2499,2500,2500,2499,5,0,0,0,0,0,0,5,0,0,0,0,0,0,60.000003814697266,47.36842346191406,115764.42510986328,27276.293334960938,0,404327403520,8589930496,5561430016,114688
10,1791558893917,2499,2500,2499,2500,2499,2500,2500,2499,2500,2500,2499,2499,2499,2500,2500,2499,5,0,0,0,0,0,0,5,0,0,0,0,0,0,60.000003814697266,47.36842346191406,115764.5591430664,27276.5771484375,0,404327403520,8589930496,5561430016,114688
9,1791558893927,2499,2500,2499,2500,2499,2500,2500,2499,2500,2500,2499,2499,2499,2500,2500,2499,5,0,0,0,0,0,0,5,0,0,0,0,0,0,60.000003814697266,47.36842346191406,115764.71258544922,27276.893310546875,0,404327403520,8589930496,5561430016,114688
9,1791558893937,2499,2500,2499,2500,2499,2500,2500,2499,2500,2500,2499,2499,2499,2500,2500,2499,5,0,0,0,0,0,0,5,0,0,0,0,0,0,60.000003814697266,47.36842346191406,115764.87628173828,27277.238220214844,0,404327403520,8589930496,5561430016,114688
10,1791558893947,2499,2500,2499,2500,2499,2500,2500,2499,2500,2500,2499,2499,2499,2500,2500,2499,5,0,0,0,0,0,0,5,0,0,0,0,0,0,60.000003814697266,47.36842346191406,115765.0121459961,27277.519897460938,0,404327403520,8589930496,5561430016,114688
9,1791558893957,2499,2500,2499,2500,2499,2500,2500,2499,2500,2500,2499,2499,2499,2500,2500,2499,5,0,0,0,0,0,0,5,0,0,0,0,0,0,60.000003814697266,47.36842346191406,115765.17456054688,27277.86505126953,0,404327403520,8589930496,5561430016,114688
10,1791558893967,2499,2500,2499,2500,2499,2500,2500,2499,2500,2500,2499,2499,2499,2500,2500,2499,5,0,0,0,0,0,0,5,0,0,0,0,0,0,60.000003814697266,47.36842346191406,115765.3110961914,27278.155395507813,0,404327403520,8589930496,5561430016,114688
9,1791558893978,2499,2500,2499,2500,2499,2500,2500,2499,2500,2500,2499,2499,2499,2500,2500,2499,5,0,0,0,0,0,0,5,0,0,0,0,0,0,60.000003814697266,47.36842346191406,115765.47863769531,27278.502075195313,0,404327403520,8589930496,5561430016,114688
9,1791558893988,2499,2500,2499,2500,2499,2500,2500,2499,2500,2500,2499,2499,2499,2500,2500,2499,5,0,0,0,0,0,0,5,0,0,0,0,0,0,60.000003814697266,47.36842346191406,115765.62731933594,27278.814208984375,0,404327403520,8589930496,5561430016,114688
9,1791558893998,2499,2500,2499,2500,2499,2500,2500,2499,2500,2500,2499,2499,2499,2500,2500,2499,5,0,0,0,0,0,0,5,0,0,0,0,0,0,60.000003814697266,47.36842346191406,115765.77673339844,27279.124572753906,0,404327403520,8589930496,5561430016,114688
10,1791558894008,2499,2500,2499,2500,2499,2500,2500,2499,2500,2500,2499,2499,2499,2500,2500,2499,5,0,0,0,0,0,0,5,0,0,0,0,0,0,60.000003814697266,47.36842346191406,115765.92102050781,27279.44219970703,0,404327403520,8589930496,5561430016,114688
9,1791558894018,2499,2500,2499,2500,2499,2500,2500,2499,2500,2500,2499,2499,2499,2500,2500,2499,5,0,0,0,0,0,0,5,0,0,0,0,0,0,60.000003814697266,47.36842346191406,115766.07391357422,27279.74884033203,0,404327403520,8589930496,5561430016,114688
9,1791558894028,2499,2500,2499,2500,2499,2500,2500,2499,2500,2500,2499,2499,2499,2500,2500,2499,5,0,0,0,0,0,0,5,0,0,0,0,0,0,60.000003814697266,47.36842346191406,115766.22424316406,27280.064331054688,0,404327403520,8589930496,5561430016,114688
9,1791558894038,2499,2500,2499,2500,2499,2500,2500,2499,2500,2500,2499,2499,2499,2500,2500,2499,5,0,0,0,0,0,0,5,0,0,0,0,0,0,60.000003814697266,47.36842346191406,115766.37530517578,27280.380004882813,0,404327403520,8589930496,5561430016,114688
9,1791558894048,2499,2500,2499,2500,2499,2500,2500,2499,2500,2500,2499,2499,2499,2500,2500,2499,5,0,0,0,0,0,0,5,0,0,0,0,0,0,60.000003814697266,47.36842346191406,115766.52069091797,27280.697509765625,0,404327403520,8589930496,5561430016,114688
9,1791558894058,2499,2500,2499,2500,2499,2500,2500,2499,2500,2500,2499,2499,2499,2500,2500,2499,5,0,0,0,0,0,0,5,0,0,0,0,0,0,60.000003814697266,47.36842346191406,115766.67486572266,27281.008666992188,0,404327403520,8589930496,5561430016,114688
10,1791558894068,2499,2500,2499,2500,2499,2500,2500,2499,2500,2500,2499,2499,2499,2500,2500,2499,5,0,0,0,0,0,0,5,0,0,0,0,0,0,60.000003814697266,47.36842346191406,115766.82977294922,27281.31463623047,0,404327403520,8589930496,5561430016,114688
10,1791558894078,2499,2500,2499,2500,2499,2500,2500,2499,2500,2500,2499,2499,2499,2500,2500,2499,5,0,0,0,0,0,0,5,0,0,0,0,0,0,60.000003814697266,47.36842346191406,115766.98413085938,27281.62548828125,0,404327403520,8589930496,5561430016,114688
9,1791558894088,2499,2500,2499,2500,2499,2500,2500,2499,2500,2500,2499,2499,2499,2500,2500,2499,5,0,0,0,0,0,0,5,0,0,0,0,0,0,60.000003814697266,47.36842346191406,115767.13079833984,27281.938354492188,0,404327403520,8589930496,5561430016,114688
9,1791558894098,2499,2500,2499,2500,2499,2500,2500,2499,2500,2500,2499,2499,2499,2500,2500,2499,5,0,0,0,0,0,0,5,0,0,0,0,0,0,60.000003814697266,47.36842346191406,115767.28057861328,27282.25390625,0,404327403520,8589930496,5561430016,114688
9,1791558894109,2499,2500,2499,2500,2499,2500,2500,2499,2500,2500,2499,2499,2499,2500,2500,2499,0,0,0,0,0,0,0,10,0,0,0,0,0,0,100,0,115767.44317626953,27282.595336914063,0,404327403520,8589930496,5561430016,114688
9,1791558894119,2499,2500,2499,2500,2499,2500,2500,2499,2500,2500,2499,2499,2499,2500,2500,2499,0,0,0,0,0,0,0,10,0,0,0,0,0,0,100,0,115767.57739257813,27282.879333496094,0,404327403520,8589930496,5560156160,114688
9,1791558894129,2499,2500,2499,2500,2499,2500,2500,2499,2500,2500,2499,2499,2499,2500,2500,2499,0,0,0,0,0,0,0,10,0,0,0,0,0,0,100,0,115767.73999023438,27283.224975585938,0,404327403520,8589930496,5550862336,114688
10,1791558894139,2499,2500,2499,2500,2499,2500,2500,2499,2500,2500,2499,2499,2499,2500,2500,2499,0,0,0,0,0,0,0,10,0,0,0,0,0,0,100,0,115767.88262939453,27283.50341796875,0,404327403520,8589930496,5550862336,114688
9,1791558894149,2499,2500,2499,2500,2499,2500,2500,2499,2500,2500,2499,2499,2499,2500,2500,2499,0,0,0,0,0,0,0,10,0,0,0,0,0,0,100,0,115768.02392578125,27283.8466796875,0,404327403520,8589930496,5550862336,114688
9,1791558894159,2499,2500,2499,2500,2499,2500,2500,2499,2500,2500,2499,2499,2499,2500,2500,2499,0,0,0,0,0,0,0,10,0,0,0,0,0,0,100,0,115768.1728515625,27284.163146972656,0,404327403520,8589930496,5550862336,114688
9,1791558894169,2499,2500,2499,2500,2499,2500,2500,2499,2500,2500,2499,2499,2499,2500,2500,2499,0,0,0,0,0,0,0,10,0,0,0,0,0,0,100,0,115768.31970214844,27284.47900390625,0,404327403520,8589930496,5550862336,114688
9,1791558894179,2499,2500,2499,2500,2499,2500,2500,2499,2500,2500,2499,2499,2499,2500,2500,2499,0,0,0,0,0,0,0,10,0,0,0,0,0,0,100,0,115768.46728515625,27284.795837402344,0,404327403520,8589930496,5550862336,114688
9,1791558894189,2499,2500,2499,2500,2499,2500,2500,2499,2500,2500,2499,2499,2499,2500,2500,2499,0,0,0,0,0,0,0,10,0,0,0,0,0,0,100,0,115768.61340332031,27285.113647460938,0,404327403520,8589930496,5550862336,114688
10,1791558894199,2499,2500,2499,2500,2499,2500,2500,2499,2500,2500,2499,2499,2499,2500,2500,2499,0,0,0,0,0,0,0,10,0,0,0,0,0,0,100,0,115768.76428222656,27285.42724609375,0,404327403520,8589930496,5550862336,114688
9,1791558894209,2499,2500,2499,2500,2499,2500,2500,2499,2500,2500,2499,2499,2499,2500,2500,2499,0,0,0,0,0,0,0,10,0,0,0,0,0,0,100,0,115768.91735839844,27285.738647460938,0,404327403520,8589930496,5550862336,114688
9,1791558894219,2499,2500,2499,2500,2499,2500,2500,2499,2500,2500,2499,2499,2499,2500,2500,2499,0,0,0,0,0,0,0,10,0,0,0,0,0,0,100,0,115769.06787109375,27286.051818847656,0,404327403520,8589930496,5550862336,114688
10,1791558894229,2499,2500,2499,2500,2499,2500,2500,2499,2500,2500,2499,2499,2499,2500,2500,2499,0,0,0,0,0,0,0,10,0,0,0,0,0,0,100,0,115769.2182006836,27286.366943359375,0,404327403520,8589930496,5550862336,114688
10,1791558894239,2499,2500,2499,2500,2499,2500,2500,2499,2500,2500,2499,2499,2499,2500,2500,2499,0,0,0,0,0,0,0,10,0,0,0,0,0,0,100,0,115769.36981201172,27286.68133544922,0,404327403520,8589930496,5550862336,114688
9,1791558894249,2499,2500,2499,2500,2499,2500,2500,2499,2500,2500,2499,2499,2499,2500,2500,2499,0,0,0,0,0,0,0,10,0,0,0,0,0,0,100,0,115769.52471923828,27286.9951171875,0,404327403520,8589930496,5550862336,114688
9,1791558894260,2499,2500,2499,2500,2499,2500,2500,2499,2500,2500,2499,2499,2499,2500,2500,2499,0,0,0,0,0,0,0,10,0,0,0,0,0,0,100,0,115769.67175292969,27287.30633544922,0,404327403520,8589930496,5550862336,114688
9,1791558894270,2499,2500,2499,2500,2499,2500,2500,2499,2500,2500,2499,2499,2499,2500,2500,2499,0,0,0,0,0,0,0,10,0,0,0,0,0,0,100,0,115769.83709716797,27287.652221679688,0,404327403520,8589930496,5550862336,114688
9,1791558894280,2499,2500,2499,2500,2499,2500,2500,2499,2500,2500,2499,2499,2499,2500,2500,2499,0,0,0,0,0,0,0,10,0,0,0,0,0,0,100,0,115769.97241210938,27287.93896484375,0,404327403520,8589930496,5550862336,114688
9,1791558894290,2499,2500,2499,2500,2499,2500,2500,2499,2500,2500,2499,2499,2499,2500,2500,2499,0,0,0,0,0,0,0,10,0,0,0,0,0,0,100,0,115770.13793945313,27288.28436279297,0,404327403520,8589930496,5550862336,114688
9,1791558894300,2499,2500,2499,2500,2499,2500,2500,2499,2500,2500,2499,2499,2499,2500,2500,2499,0,0,0,0,0,0,0,10,0,0,0,0,0,0,100,0,115770.29229736328,27288.60235595703,0,404327403520,8589930496,5550862336,114688
9,1791558894310,2499,2500,2499,2500,2499,2500,2500,2499,2500,2500,2499,2499,2499,2500,2500,2499,5.263157844543457,0,0,0,0,0,0,9.523809432983398,0,0,0,0,0,0,100,0,115770.44073486328,27288.92333984375,0,404327403520,8589930496,5550862336,114688
9,1791558894320,2499,2500,2499,2500,2499,2500,2500,2499,2500,2500,2499,2499,2499,2500,2500,2499,5.263157844543457,0,0,0,0,0,0,9.523809432983398,0,0,0,0,0,0,100,0,115770.58630371094,27289.23583984375,0,404327403520,8589930496,5550862336,114688
9,1791558894330,2499,2500,2499,2500,2499,2500,2500,2499,2500,2500,2499,2499,2499,2500,2500,2499,5.263157844543457,0,0,0,0,0,0,9.523809432983398,0,0,0,0,0,0,100,0,115770.73791503906,27289.549560546875,0,404327403520,8589930496,5550862336,114688
9,1791558894340,2499,2500,2499,2500,2499,2500,2500,2499,2500,2500,2499,2499,2499,2500,2500,2499,5.263157844543457,0,0,0,0,0,0,9.523809432983398,0,0,0,0,0,0,100,0,115770.88793945313,27289.863708496094,0,404327403520,8589930496,5550862336,114688
9,1791558894350,2499,2500,2499,2500,2499,2500,2500,2499,2500,2500,2499,2499,2499,2500,2500,2499,5.263157844543457,0,0,0,0,0,0,9.523809432983398,0,0,0,0,0,0,100,0,115771.03845214844,27290.179443359375,0,404327403520,8589930496,5550862336,114688
9,1791558894360,2499,2500,2499,2500,2499,2500,2500,2499,2500,2500,2499,2499,2499,2500,2500,2499,5.263157844543457,0,0,0,0,0,0,9.523809432983398,0,0,0,0,0,0,100,0,115771.18493652344,27290.491088867188,0,404327403520,8589930496,5550862336,114688
9,1791558894370,2499,2500,2499,2500,2499,2500,2500,2499,2500,2500,2499,2499,2499,2500,2500,2499,5.263157844543457,0,0,0,0,0,0,9.523809432983398,0,0,0,0,0,0,100,0,115771.33673095703,27290.80438232422,0,404327403520,8589930496,5550862336,114688
9,1791558894380,2499,2500,2499,2500,2499,2500,2500,2499,2500,2500,2499,2499,2499,2500,2500,2499,5.263157844543457,0,0,0,0,0,0,9.523809432983398,0,0,0,0,0,0,100,0,115771.49035644531,27291.117248535156,0,404327403520,8589930496,5550862336,114688
9,1791558894390,2499,2500,2499,2500,2499,2500,2500,2499,2500,2500,2499,2499,2499,2500,2500,2499,5.263157844543457,0,0,0,0,0,0,9.523809432983398,0,0,0,0,0,0,100,0,115771.63983154297,27291.42791748047,0,404327403520,8589930496,5550862336,114688
9,1791558894401,2499,2500,2499,2500,2499,2500,2500,2499,2500,2500,2499,2499,2499,2500,2500,2499,5.263157844543457,0,0,0,0,0,0,9.523809432983398,0,0,0,0,0,0,100,0,115771.7954711914,27291.740661621094,0,404327403520,8589930496,5550862336,114688
9,1791558894411,2499,2500,2499,2500,2499,2500,2500,2499,2500,2500,2499,2499,2499,2500,2500,2499,5.263157844543457,0,0,0,0,0,0,9.523809432983398,0,0,0,0,0,0,100,0,115771.9501953125,27292.055114746094,0,404327403520,8589930496,5550862336,114688
9,1791558894421,2499,2500,2499,2500,2499,2500,2500,2499,2500,2500,2499,2499,2499,2500,2500,2499,5.263157844543457,0,0,0,0,0,0,9.523809432983398,0,0,0,0,0,0,100,0,115772.09649658203,27292.368041992188,0,404327403520,8589930496,5550862336,114688
10,1791558894431,2499,2500,2499,2500,2499,2500,2500,2499,2500,2500,2499,2499,2499,2500,2500,2499,5.263157844543457,0,0,0,0,0,0,9.523809432983398,0,0,0,0,0,0,100,0,115772.24536132813,27292.6826171875,0,404327403520,8589930496,5550862336,114688
9,1791558894441,2499,2500,2499,2500,2499,2500,2500,2499,2500,2500,2499,2499,2499,2500,2500,2499,5.263157844543457,0,0,0,0,0,0,9.523809432983398,0,0,0,0,0,0,100,0,115772.41143798828,27293.027465820313,0,404327403520,8589930496,5550862336,114688
10,1791558894451,2499,2500,2499,2500,2499,2500,2500,2499,2500,2500,2499,2499,2499,2500,2500,2499,5.263157844543457,0,0,0,0,0,0,9.523809432983398,0,0,0,0,0,0,100,0,115772.54821777344,27293.305786132813,0,404327403520,8589930496,5550862336,114688
9,1791558894461,2499,2500,2499,2500,2499,2500,2500,2499,2500,2500,2499,2499,2499,2500,2500,2499,5.263157844543457,0,0,0,0,0,0,9.523809432983398,0,0,0,0,0,0,100,0,115772.71740722656,27293.651611328125,0,404327403520,8589930496,5550862336,114688
9,1791558894471,2499,2500,2499,2500,2499,2500,2500,2499,2500,2500,2499,2499,2499,2500,2500,2499,5.263157844543457,0,0,0,0,0,0,9.523809432983398,0,0,0,0,0,0,100,0,115772.8677368164,27293.966674804688,0,404327403520,8589930496,5550862336,114688
9,1791558894481,2499,2500,2499,2500,2499,2500,2500,2499,2500,2500,2499,2499,2499,2500,2500,2499,5.263157844543457,0,0,0,0,0,0,9.523809432983398,0,0,0,0,0,0,100,0,115773.01666259766,27294.280212402344,0,404327403520,8589930496,5550862336,114688
9,1791558894491,2499,2500,2499,2500,2499,2500,2500,2499,2500,2500,2499,2499,2499,2500,2500,2499,5.263157844543457,0,0,0,0,0,0,9.523809432983398,0,0,0,0,0,0,100,0,115773.17193603516,27294.592651367188,0,404327403520,8589930496,5550862336,114688
10,1791558894501,2499,2500,2499,2500,2499,2500,2500,2499,2500,2500,2499,2499,2499,2500,2500,2499,5.263157844543457,0,0,0,0,0,0,9.523809432983398,0,0,0,0,0,0,100,0,115773.3228149414,27294.907470703125,0,404327403520,8589930496,5550862336,114688
9,1791558894511,2499,2500,2499,2500,2499,2500,2500,2499,2500,2500,2499,2499,2499,2500,2500,2499,0,0,0,0,0,0,0,9.523809432983398,0,0,0,0,0,0,100,0,115773.47729492188,27295.219482421875,0,404327403520,8589930496,5550862336,114688
9,1791558894521,2499,2500,2499,2500,2499,2500,2500,2499,2500,2500,2499,2499,2499,2500,2500,2499,0,0,0,0,0,0,0,9.523809432983398,0,0,0,0,0,0,100,0,115773.62908935547,27295.531616210938,0,404327403520,8589930496,5550862336,114688
10,1791558894531,2499,2500,2499,2500,2499,2500,2500,2499,2500,2500,2499,2499,2499,2500,2500,2499,0,0,0,0,0,0,0,9.523809432983398,0,0,0,0,0,0,100,0,115773.78283691406,27295.84991455078,0,404327403520,8589930496,5550862336,114688
9,1791558894542,2499,2500,2499,2500,2499,2500,2500,2499,2500,2500,2499,2499,2499,2500,2500,2499,0,0,0,0,0,0,0,9.523809432983398,0,0,0,0,0,0,100,0,115773.93463134766,27296.16357421875,0,404327403520,8589930496,5550862336,114688
10,1791558894552,2499,2500,2499,2500,2499,2500,2500,2499,2500,2500,2499,2499,2499,2500,2500,2499,0,0,0,0,0,0,0,9.523809432983398,0,0,0,0,0,0,100,0,115774.087890625,27296.477111816406,0,404327403520,8589930496,5550862336,114688
9,1791558894562,2499,2500,2499,2500,2499,2500,2500,2499,2500,2500,2499,2499,2499,2500,2500,2499,0,0,0,0,0,0,0,9.523809432983398,0,0,0,0,0,0,100,0,115774.24243164063,27296.79376220703,0,404327403520,8589930496,5550862336,114688
9,1791558894572,2499,2500,2499,2500,2499,2500,2500,2499,2500,2500,2499,2499,2499,2500,2500,2499,0,0,0,0,0,0,0,9.523809432983398,0,0,0,0,0,0,100,0,115774.39477539063,27297.109802246094,0,404327403520,8589930496,5550862336,114688
9,1791558894582,2499,2500,2499,2500,2499,2500,2500,2499,2500,2500,2499,2499,2499,2500,2500,2499,0,0,0,0,0,0,0,9.523809432983398,0,0,0,0,0,0,100,0,115774.54382324219,27297.42401123047,0,404327403520,8589930496,5550862336,114688
9,1791558894592,2499,2500,2499,2500,2499,2500,2500,2499,2500,2500,2499,2499,2499,2500,2500,2499,0,0,0,0,0,0,0,9.523809432983398,0,0,0,0,0,0,100,0,115774.71228027344,27297.771484375,0,404327403520,8589930496,5550862336,114688
9,1791558894602,2499,2500,2499,2500,2499,2500,2500,2499,2500,2500,2499,2499,2499,2500,2500,2499,0,0,0,0,0,0,0,9.523809432983398,0,0,0,0,0,0,100,0,115774.8637084961,27298.090698242188,0,404327403520,8589930496,5550862336,114688
9,1791558894612,2499,2500,2499,2500,2499,2500,2500,2499,2500,2500,2499,2499,2499,2500,2500,2499,0,0,0,0,0,0,0,9.523809432983398,0,0,0,0,0,0,100,0,115775.01348876953,27298.40185546875,0,404327403520,8589930496,5550862336,114688
9,1791558894622,2499,2500,2499,2500,2499,2500,2500,2499,2500,2500,2499,2499,2499,2500,2500,2499,0,0,0,0,0,0,0,9.523809432983398,0,0,0,0,0,0,100,0,115775.16564941406,27298.715698242188,0,404327403520,8589930496,5550862336,114688
9,1791558894632,2499,2500,2499,2500,2499,2500,2500,2499,2500,2500,2499,2499,2499,2500,2500,2499,0,0,0,0,0,0,0,9.523809432983398,0,0,0,0,0,0,100,0,115775.31323242188,27299.030822753906,0,404327403520,8589930496,5550862336,114688
9,1791558894642,2499,2500,2499,2500,2499,2500,2500,2499,2500,2500,2499,2499,2499,2500,2500,2499,0,0,0,0,0,0,0,9.523809432983398,0,0,0,0,0,0,100,0,115775.46673583984,27299.33966064453,0,404327403520,8589930496,5550862336,114688
9,1791558894652,2499,2500,2499,2500,2499,2500,2500,2499,2500,2500,2499,2499,2499,2500,2500,2499,0,0,0,0,0,0,0,9.523809432983398,0,0,0,0,0,0,100,0,115775.61688232422,27299.64959716797,0,404327403520,8589930496,5550862336,114688
10,1791558894662,2499,2500,2499,2500,2499,2500,2500,2499,2500,2500,2499,2499,2499,2500,2500,2499,0,0,0,0,0,0,0,9.523809432983398,0,0,0,0,0,0,100,0,115775.76959228516,27299.969360351563,0,404327403520,8589930496,5550862336,114688
10,1791558894672,2499,2500,2499,2500,2499,2500,2500,2499,2500,2500,2499,2499,2499,2500,2500,2499,0,0,0,0,0,0,0,9.523809432983398,0,0,0,0,0,0,100,0,115775.92059326172,27300.280151367188,0,404327403520,8589930496,5550862336,114688
10,1791558894682,2499,2500,2499,2500,2499,2500,2500,2499,2500,2500,2499,2499,2499,2500,2500,2499,0,0,0,0,0,0,0,9.523809432983398,0,0,0,0,0,0,100,0,115776.07165527344,27300.59539794922,0,404327403520,8589930496,5550862336,114688
9,1791558894693,2499,2500,2499,2500,2499,2500,2500,2499,2500,2500,2499,2499,2499,2500,2500,2499,0,0,0,0,0,0,0,9.523809432983398,0,0,0,0,0,0,100,0,115776.22381591797,27300.91571044922,0,404327403520,8589930496,5550862336,114688
9,1791558894703,2499,2500,2499,2500,2499,2500,2500,2499,2500,2500,2499,2499,2499,2500,2500,2499,0,0,0,0,0,0,0,9.523809432983398,0,0,0,0,0,0,100,0,115776.37579345703,27301.22869873047,0,404327403520,8589930496,5550862336,114688
9,1791558894713,2499,2500,2499,2500,2499,2500,2500,2499,2500,2500,2499,2499,2499,2500,2500,2499,5,0,0,0,4.761904716491699,0,0,31.57894515991211,0,0,0,0,0,0,70,0,115776.53033447266,27301.543395996094,0,404327403520,8589930496,5550862336,114688
9,1791558894723,2499,2500,2499,2500,2499,2500,2500,2499,2500,2500,2499,2499,2499,2500,2500,2499,5,0,0,0,4.761904716491699,0,0,31.57894515991211,0,0,0,0,0,0,70,0,115776.68194580078,27301.85968017578,0,404327403520,8589930496,5550862336,114688
9,1791558894733,2499,2500,2499,2500,2499,2500,2500,2499,2500,2500,2499,2499,2499,2500,2500,2499,5,0,0,0,4.761904716491699,0,0,31.57894515991211,0,0,0,0,0,0,70,0,115776.82897949219,27302.170837402344,0,404327403520,8589930496,5550862336,114688
9,1791558894743,2499,2500,2499,2500,2499,2500,2500,2499,2500,2500,2499,2499,2499,2500,2500,2499,5,0,0,0,4.761904716491699,0,0,31.57894515991211,0,0,0,0,0,0,70,0,115776.97912597656,27302.49005126953,0,404327403520,8589930496,5550862336,114688
9,1791558894753,2499,2500,2499,2500,2499,2500,2500,2499,2500,2500,2499,2499,2499,2500,2500,2499,5,0,0,0,4.761904716491699,0,0,31.57894515991211,0,0,0,0,0,0,70,0,115777.1259765625,27302.808227539063,0,404327403520,8589930496,5550862336,114688
10,1791558894763,2499,2500,2499,2500,2499,2500,2500,2499,2500,2500,2499,2499,2499,2500,2500,2499,5,0,0,0,4.761904716491699,0,0,31.57894515991211,0,0,0,0,0,0,70,0,115777.27575683594,27303.119506835938,0,404327403520,8589930496,5550862336,114688
9,1791558894773,2499,2500,2499,2500,2499,2500,2500,2499,2500,2500,2499,2499,2499,2500,2500,2499,5,0,0,0,4.761904716491699,0,0,31.57894515991211,0,0,0,0,0,0,70,0,115777.42022705078,27303.432495117188,0,404327403520,8589930496,5550862336,114688
9,1791558894783,2499,2500,2499,2500,2499,2500,2500,2499,2500,2500,2499,2499,2499,2500,2500,2499,5,0,0,0,4.761904716491699,0,0,31.57894515991211,0,0,0,0,0,0,70,0,115777.58416748047,27303.779541015625,0,404327403520,8589930496,5550862336,114688
9,1791558894793,2499,2500,2499,2500,2499,2500,2500,2499,2500,2500,2499,2499,2499,2500,2500,2499,5,0,0,0,4.761904716491699,0,0,31.57894515991211,0,0,0,0,0,0,70,0,115777.73614501953,27304.095336914063,0,404327403520,8589930496,5550862336,114688
9,1791558894803,2499,2500,2499,2500,2499,2500,2500,2499,2500,2500,2499,2499,2499,2500,2500,2499,5,0,0,0,4.761904716491699,0,0,31.57894515991211,0,0,0,0,0,0,70,0,115777.88073730469,27304.406799316406,0,404327403520,8589930496,5550862336,114688
10,1791558894813,2499,2500,2499,2500,2499,2500,2500,2499,2500,2500,2499,2499,2499,2500,2500,2499,5,0,0,0,4.761904716491699,0,0,31.57894515991211,0,0,0,0,0,0,70,0,115778.02502441406,27304.721557617188,0,404327403520,8589930496,5550862336,114688
10,1791558894823,2499,2500,2499,2500,2499,2500,2500,2499,2500,2500,2499,2499,2499,2500,2500,2499,5,0,0,0,4.761904716491699,0,0,31.57894515991211,0,0,0,0,0,0,70,0,115778.1742553711,27305.03662109375,0,404327403520,8589930496,5550862336,114688
9,1791558894834,2499,2500,2499,2500,2499,2500,2500,2499,2500,2500,2499,2499,2499,2500,2500,2499,5,0,0,0,4.761904716491699,0,0,31.57894515991211,0,0,0,0,0,0,70,0,115778.32421875,27305.345275878906,0,404327403520,8589930496,5550862336,114688
10,1791558894844,2499,2500,2499,2500,2499,2500,2500,2499,2500,2500,2499,2499,2499,2500,2500,2499,5,0,0,0,4.761904716491699,0,0,31.57894515991211,0,0,0,0,0,0,70,0,115778.4692993164,27305.66259765625,0,404327403520,8589930496,5550862336,114688
9,1791558894854,2499,2500,2499,2500,2499,2500,2500,2499,2500,2500,2499,2499,2499,2500,2500,2499,5,0,0,0,4.761904716491699,0,0,31.57894515991211,0,0,0,0,0,0,70,0,115778.62200927734,27305.97900390625,0,404327403520,8589930496,5550862336,114688
9,1791558894864,2499,2500,2499,2500,2499,2500,2500,2499,2500,2500,2499,2499,2499,2500,2500,2499,5,0,0,0,4.761904716491699,0,0,31.57894515991211,0,0,0,0,0,0,70,0,115778.77020263672,27306.29376220703,0,404327403520,8589930496,5550862336,114688
9,1791558894874,2499,2500,2499,2500,2499,2500,2500,2499,2500,2500,2499,2499,2499,2500,2500,2499,5,0,0,0,4.761904716491699,0,0,31.57894515991211,0,0,0,0,0,0,70,0,115778.91961669922,27306.60968017578,0,404327403520,8589930496,5550862336,114688
9,1791558894884,2499,2500,2499,2500,2499,2500,2500,2499,2500,2500,2499,2499,2499,2500,2500,2499,5,0,0,0,4.761904716491699,0,0,31.57894515991211,0,0,0,0,0,0,70,0,115779.0785522461,27306.924682617188,0,404327403520,8589930496,5550862336,114688
9,1791558894894,2499,2500,2499,2500,2499,2500,2500,2499,2500,2500,2499,2499,2499,2500,2500,2499,5,0,0,0,4.761904716491699,0,0,31.57894515991211,0,0,0,0,0,0,70,0,115779.22723388672,27307.236389160156,0,404327403520,8589930496,5550862336,114688
9,1791558894904,2499,2500,2499,2500,2499,2500,2500,2499,2500,2500,2499,2499,2499,2500,2500,2499,5,0,0,0,4.761904716491699,0,0,31.57894515991211,0,0,0,0,0,0,70,0,115779.37377929688,27307.55780029297,0,404327403520,8589930496,5550862336,114688
9,1791558894914,2499,2500,2499,2500,2499,2500,2500,2499,2500,2500,2499,2499,2499,2500,2500,2499,10,0,0,0,0,0,0,100,0,5,0,0,0,0,0,0,115779.52331542969,27307.868041992188,0,404327403520,8589930496,5550862336,114688
9,1791558894924,2499,2500,2499,2500,2499,2500,2500,2499,2500,2500,2499,2499,2499,2500,2500,2499,10,0,0,0,0,0,0,100,0,5,0,0,0,0,0,0,115779.67492675781,27308.18621826172,0,404327403520,8589930496,5550862336,114688
9,1791558894934,2499,2500,2499,2500,2499,2500,2500,2499,2500,2500,2499,2499,2499,2500,2500,2499,10,0,0,0,0,0,0,100,0,5,0,0,0,0,0,0,115779.8232421875,27308.5009765625,0,404327403520,8589930496,5550862336,114688
10,1791558894944,2499,2500,2499,2500,2499,2500,2500,2499,2500,2500,2499,2499,2499,2500,2500,2499,10,0,0,0,0,0,0,100,0,5,0,0,0,0,0,0,115779.97467041016,27308.813232421875,0,404327403520,8589930496,5550862336,114688
9,1791558894954,2499,2500,2499,2500,2499,2500,2500,2499,2500,2500,2499,2499,2499,2500,2500,2499,10,0,0,0,0,0,0,100,0,5,0,0,0,0,0,0,115780.12573242188,27309.136169433594,0,404327403520,8589930496,5550862336,114688
9,1791558894964,2499,2500,2499,2500,2499,2500,2500,2499,2500,2500,2499,2499,2499,2500,2500,2499,10,0,0,0,0,0,0,100,0,5,0,0,0,0,0,0,115780.29907226563,27309.476928710938,0,404327403520,8589930496,5550862336,114688
9,1791558894975,2499,2500,2499,2500,2499,2500,2500,2499,2500,2500,2499,2499,2499,2500,2500,2499,10,0,0,0,0,0,0,100,0,5,0,0,0,0,0,0,115780.4526977539,27309.793579101563,0,404327403520,8589930496,5550862336,114688
10,1791558894985,2499,2500,2499,2500,2499,2500,2500,2499,2500,2500,2499,2499,2499,2500,2500,2499,10,0,0,0,0,0,0,100,0,5,0,0,0,0,0,0,115780.60418701172,27310.10430908203,0,404327403520,8589930496,5550862336,114688
9,1791558894995,2499,2500,2499,2500,2499,2500,2500,2499,2500,2500,2499,2499,2499,2500,2500,2499,10,0,0,0,0,0,0,100,0,5,0,0,0,0,0,0,115780.75274658203,27310.421142578125,0,404327403520,8589930496,5550862336,114688
9,1791558895005,2499,2500,2499,2500,2499,2500,2500,2499,2500,2500,2499,2499,2499,2500,2500,2499,10,0,0,0,0,0,0,100,0,5,0,0,0,0,0,0,115780.90509033203,27310.734497070313,0,404327403520,8589930496,5550862336,114688
9,1791558895015,2499,2500,2499,2500,2499,2500,2500,2499,2500,2500,2499,2499,2499,2500,2500,2499,10,0,0,0,0,0,0,100,0,5,0,0,0,0,0,0,115781.0580444336,27311.052001953125,0,404327403520,8589930496,5550862336,114688
9,1791558895025,2499,2500,2499,2500,2499,2500,2500,2499,2500,2500,2499,2499,2499,2500,2500,2499,10,0,0,0,0,0,0,100,0,5,0,0,0,0,0,0,115781.20739746094,27311.36798095703,0,404327403520,8589930496,5550862336,114688
9,1791558895035,2499,2500,2499,2500,2499,2500,2500,2499,2500,2500,2499,2499,2499,2500,2500,2499,10,0,0,0,0,0,0,100,0,5,0,0,0,0,0,0,115781.35845947266,27311.680541992188,0,404327403520,8589930496,5550862336,114688
9,1791558895045,2499,2500,2499,2500,2499,2500,2500,2499,2500,2500,2499,2499,2499,2500,2500,2499,10,0,0,0,0,0,0,100,0,5,0,0,0,0,0,0,115781.51318359375,27311.992248535156,0,404327403520,8589930496,5550862336,114688
9,1791558895055,2499,2500,2499,2500,2499,2500,2500,2499,2500,2500,2499,2499,2499,2500,2500,2499,10,0,0,0,0,0,0,100,0,5,0,0,0,0,0,0,115781.6675415039,27312.307006835938,0,404327403520,8589930496,5550862336,114688
10,1791558895065,2499,2500,2499,2500,2499,2500,2500,2499,2500,2500,2499,2499,2499,2500,2500,2499,10,0,0,0,0,0,0,100,0,5,0,0,0,0,0,0,115781.82299804688,27312.614807128906,0,404327403520,8589930496,5550862336,114688
9,1791558895075,2499,2500,2499,2500,2499,2500,2500,2499,2500,2500,2499,2499,2499,2500,2500,2499,10,0,0,0,0,0,0,100,0,5,0,0,0,0,0,0,115781.97570800781,27312.92462158203,0,404327403520,8589930496,5550862336,114688
9,1791558895085,2499,2500,2499,2500,2499,2500,2500,2499,2500,2500,2499,2499,2499,2500,2500,2499,10,0,0,0,0,0,0,100,0,5,0,0,0,0,0,0,115782.1264038086,27313.236267089844,0,404327403520,8589930496,5542346752,114688
10,1791558895095,2499,2500,2499,2500,2499,2500,2500,2499,2500,2500,2499,2499,2499,2500,2500,2499,10,0,0,0,0,0,0,100,0,5,0,0,0,0,0,0,115782.2728881836,27313.548095703125,0,404327403520,8589930496,5542346752,114688
9,1791558895105,2499,2500,2499,2500,2499,2500,2500,2499,2500,2500,2499,2499,2499,2500,2500,2499,10,0,0,0,0,0,0,100,0,5,0,0,0,0,0,0,115782.42028808594,27313.86181640625,0,404327403520,8589930496,5542346752,114688
9,1791558895115,2499,2500,2499,2500,2499,2500,2500,2499,2500,2500,2499,2499,2499,2500,2500,2499,0,5,0,0,0,0,0,100,0,0,0,0,0,0,0,0,115782.56829833984,27314.17608642578,0,404327403520,8589930496,5542346752,114688
9,1791558895126,2499,2500,2499,2500,2499,2500,2500,2499,2500,2500,2499,2499,2499,2500,2500,2499,0,5,0,0,0,0,0,100,0,0,0,0,0,0,0,0,115782.71697998047,27314.49151611328,0,404327403520,8589930496,5542346752,114688
9,1791558895136,2499,2500,2499,2500,2499,2500,2500,2499,2500,2500,2499,2499,2499,2500,2500,2499,0,5,0,0,0,0,0,100,0,0,0,0,0,0,0,0,115782.88397216797,27314.837951660156,0,404327403520,8589930496,5542346752,114688
9,1791558895146,2499,2500,2499,2500,2499,2500,2500,2499,2500,2500,2499,2499,2499,2500,2500,2499,0,5,0,0,0,0,0,100,0,0,0,0,0,0,0,0,115783.03240966797,27315.15753173828,0,404327403520,8589930496,5540753408,114688
9,1791558895156,2499,2500,2499,2500,2499,2500,2500,2499,2500,2500,2499,2499,2499,2500,2500,2499,0,5,0,0,0,0,0,100,0,0,0,0,0,0,0,0,115783.18048095703,27315.47088623047,0,404327403520,8589930496,5540753408,114688
9,1791558895166,2499,2500,2499,2500,2499,2500,2500,2499,2500,2500,2499,2499,2499,2500,2500,2499,0,5,0,0,0,0,0,100,0,0,0,0,0,0,0,0,115783.32873535156,27315.784729003906,0,404327403520,8589930496,5540753408,114688
9,1791558895176,2499,2500,2499,2500,2499,2500,2500,2499,2500,2500,2499,2499,2499,2500,2500,2499,0,5,0,0,0,0,0,100,0,0,0,0,0,0,0,0,115783.47631835938,27316.096435546875,0,404327403520,8589930496,5540753408,114688
9,1791558895186,2499,2500,2499,2500,2499,2500,2500,2499,2500,2500,2499,2499,2499,2500,2500,2499,0,5,0,0,0,0,0,100,0,0,0,0,0,0,0,0,115783.62573242188,27316.414123535156,0,404327403520,8589930496,5540753408,114688
9,1791558895196,2499,2500,2499,2500,2499,2500,2500,2499,2500,2500,2499,2499,2499,2500,2500,2499,0,5,0,0,0,0,0,100,0,0,0,0,0,0,0,0,115783.7738647461,27316.730712890625,0,404327403520,8589930496,5540753408,114688
10,1791558895206,2499,2500,2499,2500,2499,2500,2500,2499,2500,2500,2499,2499,2499,2500,2500,2499,0,5,0,0,0,0,0,100,0,0,0,0,0,0,0,0,115783.92401123047,27317.043395996094,0,404327403520,8589930496,5540753408,114688
9,1791558895216,2499,2500,2499,2500,2499,2500,2500,2499,2500,2500,2499,2499,2499,2500,2500,2499,0,5,0,0,0,0,0,100,0,0,0,0,0,0,0,0,115784.07275390625,27317.35809326172,0,404327403520,8589930496,5540753408,114688
9,1791558895226,2499,2500,2499,2500,2499,2500,2500,2499,2500,2500,2499,2499,2499,2500,2500,2499,0,5,0,0,0,0,0,100,0,0,0,0,0,0,0,0,115784.22180175781,27317.675720214844,0,404327403520,8589930496,5540753408,114688
9,1791558895236,2499,2500,2499,2500,2499,2500,2500,2499,2500,2500,2499,2499,2499,2500,2500,2499,0,5,0,0,0,0,0,100,0,0,0,0,0,0,0,0,115784.37097167969,27317.987731933594,0,404327403520,8589930496,5540753408,114688
9,1791558895247,2499,2500,2499,2500,2499,2500,2500,2499,2500,2500,2499,2499,2499,2500,2500,2499,0,5,0,0,0,0,0,100,0,0,0,0,0,0,0,0,115784.52624511719,27318.304809570313,0,404327403520,8589930496,5540753408,114688
9,1791558895257,2499,2500,2499,2500,2499,2500,2500,2499,2500,2500,2499,2499,2499,2500,2500,2499,0,5,0,0,0,0,0,100,0,0,0,0,0,0,0,0,115784.68103027344,27318.62091064453,0,404327403520,8589930496,5540753408,114688
10,1791558895267,2499,2500,2499,2500,2499,2500,2500,2499,2500,2500,2499,2499,2499,2500,2500,2499,0,5,0,0,0,0,0,100,0,0,0,0,0,0,0,0,115784.83337402344,27318.934997558594,0,404327403520,8589930496,5540753408,114688
9,1791558895277,2499,2500,2499,2500,2499,2500,2500,2499,2500,2500,2499,2499,2499,2500,2500,2499,0,5,0,0,0,0,0,100,0,0,0,0,0,0,0,0,115785.00073242188,27319.285217285156,0,404327403520,8589930496,5540753408,114688
9,1791558895287,2499,2500,2499,2500,2499,2500,2500,2499,2500,2500,2499,2499,2499,2500,2500,2499,0,5,0,0,0,0,0,100,0,0,0,0,0,0,0,0,115785.13897705078,27319.56903076172,0,404327403520,8589930496,5540753408,114688
9,1791558895297,2499,2500,2499,2500,2499,2500,2500,2499,2500,2500,2499,2499,2499,2500,2500,2499,0,5,0,0,0,0,0,100,0,0,0,0,0,0,0,0,115785.30285644531,27319.912353515625,0,404327403520,8589930496,5540753408,114688
9,1791558895307,2499,2500,2499,2500,2499,2500,2500,2499,2500,2500,2499,2499,2499,2500,2500,2499,0,5,0,0,0,0,0,100,0,0,0,0,0,0,0,0,115785.45520019531,27320.22637939453,0,404327403520,8589930496,5540753408,114688
9,1791558895317,2499,2500,2499,2500,2499,2500,2500,2499,2500,2500,2499,2499,2499,2500,2500,2499,9.523809432983398,0,0,0,0,0,0,100,0,0,5,0,0,0,0,0,115785.60662841797,27320.543823242188,0,404327403520,8589930496,5540753408,114688
9,1791558895327,2499,2500,2499,2500,2499,2500,2500,2499,2500,2500,2499,2499,2499,2500,2500,2499,9.523809432983398,0,0,0,0,0,0,100,0,0,5,0,0,0,0,0,115785.76141357422,27320.859497070313,0,404327403520,8589930496,5540753408,114688
9,1791558895337,2499,2500,2499,2500,2499,2500,2500,2499,2500,2500,2499,2499,2499,2500,2500,2499,9.523809432983398,0,0,0,0,0,0,100,0,0,5,0,0,0,0,0,115785.91394042969,27321.17803955078,0,404327403520,8589930496,5540753408,114688
10,1791558895347,2499,2500,2499,2500,2499,2500,2500,2499,2500,2500,2499,2499,2499,2500,2500,2499,9.523809432983398,0,0,0,0,0,0,100,0,0,5,0,0,0,0,0,115786.06451416016,27321.49383544922,0,404327403520,8589930496,5540753408,114688
9,1791558895357,2499,2500,2499,2500,2499,2500,2500,2499,2500,2500,2499,2499,2499,2500,2500,2499,9.523809432983398,0,0,0,0,0,0,100,0,0,5,0,0,0,0,0,115786.21942138672,27321.804443359375,0,404327403520,8589930496,5540753408,114688
10,1791558895367,2499,2500,2499,2500,2499,2500,2500,2499,2500,2500,2499,2499,2499,2500,2500,2499,9.523809432983398,0,0,0,0,0,0,100,0,0,5,0,0,0,0,0,115786.37213134766,27322.119995117188,0,404327403520,8589930496,5540753408,114688
10,1791558895377,2499,2500,2499,2500,2499,2500,2500,2499,2500,2500,2499,2499,2499,2500,2500,2499,9.523809432983398,0,0,0,0,0,0,100,0,0,5,0,0,0,0,0,115786.52294921875,27322.436950683594,0,404327403520,8589930496,5540753408,114688
10,1791558895387,2499,2500,2499,2500,2499,2500,2500,2499,2500,2500,2499,2499,2499,2500,2500,2499,9.523809432983398,0,0,0,0,0,0,100,0,0,5,0,0,0,0,0,115786.67309570313,27322.755249023438,0,404327403520,8589930496,5540753408,114688
9,1791558895398,2499,2500,2499,2500,2499,2500,2500,2499,2500,2500,2499,2499,2499,2500,2500,2499,9.523809432983398,0,0,0,0,0,0,100,0,0,5,0,0,0,0,0,115786.83239746094,27323.07373046875,0,404327403520,8589930496,5540753408,114688
10,1791558895407,2499,2500,2499,2500,2499,2500,2500,2499,2500,2500,2499,2499,2499,2500,2500,2499,9.523809432983398,0,0,0,0,0,0,100,0,0,5,0,0,0,0,0,115786.98052978516,27323.38641357422,0,404327403520,8589930496,5540753408,114688
9,1791558895418,2499,2500,2499,2500,2499,2500,2500,2499,2500,2500,2499,2499,2499,2500,2500,2499,9.523809432983398,0,0,0,0,0,0,100,0,0,5,0,0,0,0,0,115787.13360595703,27323.697692871094,0,404327403520,8589930496,5540753408,114688
9,1791558895428,2499,2500,2499,2500,2499,2500,2500,2499,2500,2500,2499,2499,2499,2500,2500,2499,9.523809432983398,0,0,0,0,0,0,100,0,0,5,0,0,0,0,0,115787.28521728516,27324.014404296875,0,404327403520,8589930496,5540753408,114688
9,1791558895438,2499,2500,2499,2500,2499,2500,2500,2499,2500,2500,2499,2499,2499,2500,2500,2499,9.523809432983398,0,0,0,0,0,0,100,0,0,5,0,0,0,0,0,115787.45294189453,27324.356323242188,0,404327403520,8589930496,5540753408,114688
9,1791558895448,2499,2500,2499,2500,2499,2500,2500,2499,2500,2500,2499,2499,2499,2500,2500,2499,9.523809432983398,0,0,0,0,0,0,100,0,0,5,0,0,0,0,0,115787.60290527344,27324.67462158203,0,404327403520,8589930496,5540753408,114688
9,1791558895458,2499,2500,2499,2500,2499,2500,2500,2499,2500,2500,2499,2499,2499,2500,2500,2499,9.523809432983398,0,0,0,0,0,0,100,0,0,5,0,0,0,0,0,115787.74700927734,27324.993041992188,0,404327403520,8589930496,5540753408,114688
9,1791558895468,2499,2500,2499,2500,2499,2500,2500,2499,2500,2500,2499,2499,2499,2500,2500,2499,9.523809432983398,0,0,0,0,0,0,100,0,0,5,0,0,0,0,0,115787.90209960938,27325.309997558594,0,404327403520,8589930496,5540753408,114688
10,1791558895478,2499,2500,2499,2500,2499,2500,2500,2499,2500,2500,2499,2499,2499,2500,2500,2499,9.523809432983398,0,0,0,0,0,0,100,0,0,5,0,0,0,0,0,115788.05242919922,27325.621459960938,0,404327403520,8589930496,5540753408,114688
9,1791558895488,2499,2500,2499,2500,2499,2500,2500,2499,2500,2500,2499,2499,2499,2500,2500,2499,9.523809432983398,0,0,0,0,0,0,100,0,0,5,0,0,0,0,0,115788.20147705078,27325.946044921875,0,404327403520,8589930496,5540753408,114688
10,1791558895498,2499,2500,2499,2500,2499,2500,2500,2499,2500,2500,2499,2499,2499,2500,2500,2499,9.523809432983398,0,0,0,0,0,0,100,0,0,5,0,0,0,0,0,115788.3466796875,27326.2646484375,0,404327403520,8589930496,5540753408,114688
9,1791558895508,2499,2500,2499,2500,2499,2500,2500,2499,2500,2500,2499,2499,2499,2500,2500,2499,9.523809432983398,0,0,0,0,0,0,100,0,0,5,0,0,0,0,0,115788.49645996094,27326.57989501953,0,404327403520,8589930496,5540753408,114688
9,1791558895518,2499,2500,2499,2500,2499,2500,2500,2499,2500,2500,2499,2499,2499,2500,2500,2499,5.263157844543457,0,0,0,0,0,0,100,5,5,0,0,0,0,0,0,115788.64739990234,27326.899047851563,0,404327403520,8589930496,5540753408,114688
9,1791558895529,2499,2500,2499,2500,2499,2500,2500,2499,2500,2500,2499,2499,2499,2500,2500,2499,5.263157844543457,0,0,0,0,0,0,100,5,5,0,0,0,0,0,0,115788.79479980469,27327.219665527344,0,404327403520,8589930496,5540753408,114688
10,1791558895538,2499,2500,2499,2500,2499,2500,2500,2499,2500,2500,2499,2499,2499,2500,2500,2499,5.263157844543457,0,0,0,0,0,0,100,5,5,0,0,0,0,0,0,115788.94750976563,27327.52911376953,0,404327403520,8589930496,5540753408,114688
10,1791558895549,2499,2500,2499,2500,2499,2500,2500,2499,2500,2500,2499,2499,2499,2500,2500,2499,5.263157844543457,0,0,0,0,0,0,100,5,5,0,0,0,0,0,0,115789.09899902344,27327.845092773438,0,404327403520,8589930496,5540753408,114688
9,1791558895559,2499,2500,2499,2500,2499,2500,2500,2499,2500,2500,2499,2499,2499,2500,2500,2499,5.263157844543457,0,0,0,0,0,0,100,5,5,0,0,0,0,0,0,115789.25189208984,27328.161560058594,0,404327403520,8589930496,5540753408,114688
9,1791558895569,2499,2500,2499,2500,2499,2500,2500,2499,2500,2500,2499,2499,2499,2500,2500,2499,5.263157844543457,0,0,0,0,0,0,100,5,5,0,0,0,0,0,0,115789.40124511719,27328.474182128906,0,404327403520,8589930496,5540753408,114688
9,1791558895579,2499,2500,2499,2500,2499,2500,2500,2499,2500,2500,2499,2499,2499,2500,2500,2499,5.263157844543457,0,0,0,0,0,0,100,5,5,0,0,0,0,0,0,115789.55639648438,27328.788208007813,0,404327403520,8589930496,5540753408,114688
10,1791558895589,2499,2500,2499,2500,2499,2500,2500,2499,2500,2500,2499,2499,2499,2500,2500,2499,5.263157844543457,0,0,0,0,0,0,100,5,5,0,0,0,0,0,0,115789.70635986328,27329.10528564453,0,404327403520,8589930496,5540753408,114688
9,1791558895599,2499,2500,2499,2500,2499,2500,2500,2499,2500,2500,2499,2499,2499,2500,2500,2499,5.263157844543457,0,0,0,0,0,0,100,5,5,0,0,0,0,0,0,115789.85870361328,27329.413024902344,0,404327403520,8589930496,5540753408,114688
9,1791558895609,2499,2500,2499,2500,2499,2500,2500,2499,2500,2500,2499,2499,2499,2500,2500,2499,5.263157844543457,0,0,0,0,0,0,100,5,5,0,0,0,0,0,0,115790.02471923828,27329.765747070313,0,404327403520,8589930496,5540753408,114688
9,1791558895619,2499,2500,2499,2500,2499,2500,2500,2499,2500,2500,2499,2499,2499,2500,2500,2499,5.263157844543457,0,0,0,0,0,0,100,5,5,0,0,0,0,0,0,115790.17834472656,27330.07879638672,0,404327403520,8589930496,5540753408,114688
9,1791558895629,2499,2500,2499,2500,2499,2500,2500,2499,2500,2500,2499,2499,2499,2500,2500,2499,5.263157844543457,0,0,0,0,0,0,100,5,5,0,0,0,0,0,0,115790.33032226563,27330.3974609375,0,404327403520,8589930496,5540753408,114688
10,1791558895639,2499,2500,2499,2500,2499,2500,2500,2499,2500,2500,2499,2499,2499,2500,2500,2499,5.263157844543457,0,0,0,0,0,0,100,5,5,0,0,0,0,0,0,115790.47467041016,27330.712036132813,0,404327403520,8589930496,5540753408,114688
9,1791558895649,2499,2500,2499,2500,2499,2500,2500,2499,2500,2500,2499,2499,2499,2500,2500,2499,5.263157844543457,0,0,0,0,0,0,100,5,5,0,0,0,0,0,0,115790.62591552734,27331.031188964844,0,404327403520,8589930496,5540753408,114688
10,1791558895659,2499,2500,2499,2500,2499,2500,2500,2499,2500,2500,2499,2499,2499,2500,2500,2499,5.263157844543457,0,0,0,0,0,0,100,5,5,0,0,0,0,0,0,115790.77368164063,27331.34649658203,0,404327403520,8589930496,5540753408,114688
9,1791558895669,2499,2500,2499,2500,2499,2500,2500,2499,2500,2500,2499,2499,2499,2500,2500,2499,5.263157844543457,0,0,0,0,0,0,100,5,5,0,0,0,0,0,0,115790.9262084961,27331.66278076172,0,404327403520,8589930496,5540753408,114688
9,1791558895680,2499,2500,2499,2500,2499,2500,2500,2499,2500,2500,2499,2499,2499,2500,2500,2499,5.263157844543457,0,0,0,0,0,0,100,5,5,0,0,0,0,0,0,115791.07818603516,27331.979248046875,0,404327403520,8589930496,5540753408,114688
9,1791558895690,2499,2500,2499,2500,2499,2500,2500,2499,2500,2500,2499,2499,2499,2500,2500,2499,5.263157844543457,0,0,0,0,0,0,100,5,5,0,0,0,0,0,0,115791.22760009766,27332.303100585938,0,404327403520,8589930496,5540753408,114688
10,1791558895700,2499,2500,2499,2500,2499,2500,2500,2499,2500,2500,2499,2499,2499,2500,2500,2499,5.263157844543457,0,0,0,0,0,0,100,5,5,0,0,0,0,0,0,115791.37683105469,27332.62286376953,0,404327403520,8589930496,5540753408,114688
9,1791558895710,2499,2500,2499,2500,2499,2500,2500,2499,2500,2500,2499,2499,2499,2500,2500,2499,5.263157844543457,0,0,0,0,0,0,100,5,5,0,0,0,0,0,0,115791.53210449219,27332.94189453125,0,404327403520,8589930496,5540753408,114688
9,1791558895720,2499,2500,2499,2500,2499,2500,2500,2499,2500,2500,2499,2499,2499,2500,2500,2499,5.263157844543457,5.263157844543457,15.000000953674316,0,0,0,0,85,0,5,0,0,0,0,0,0,115791.68591308594,27333.2578125,0,404327403520,8589930496,5540753408,114688
9,1791558895730,2499,2500,2499,2500,2499,2500,2500,2499,2500,2500,2499,2499,2499,2500,2500,2499,5.263157844543457,5.263157844543457,15.000000953674316,0,0,0,0,85,0,5,0,0,0,0,0,0,115791.83422851563,27333.569091796875,0,404327403520,8589930496,5540753408,114688
9,1791558895740,2499,2500,2499,2500,2499,2500,2500,2499,2500,2500,2499,2499,2499,2500,2500,2499,5.263157844543457,5.263157844543457,15.000000953674316,0,0,0,0,85,0,5,0,0,0,0,0,0,115791.98449707031,27333.887756347656,0,404327403520,8589930496,5540753408,114688
9,1791558895750,2499,2500,2499,2500,2499,2500,2500,2499,2500,2500,2499,2499,2499,2500,2500,2499,5.263157844543457,5.263157844543457,15.000000953674316,0,0,0,0,85,0,5,0,0,0,0,0,0,115792.138671875,27334.206298828125,0,404327403520,8589930496,5540753408,114688
9,1791558895760,2499,2500,2499,2500,2499,2500,2500,2499,2500,2500,2499,2499,2499,2500,2500,2499,5.263157844543457,5.263157844543457,15.000000953674316,0,0,0,0,85,0,5,0,0,0,0,0,0,115792.29028320313,27334.521423339844,0,404327403520,8589930496,5540753408,114688
9,1791558895770,2499,2500,2499,2500,2499,2500,2500,2499,2500,2500,2499,2499,2499,2500,2500,2499,5.263157844543457,5.263157844543457,15.000000953674316,0,0,0,0,85,0,5,0,0,0,0,0,0,115792.45910644531,27334.87139892578,0,404327403520,8589930496,5540753408,114688
10,1791558895780,2499,2500,2499,2500,2499,2500,2500,2499,2500,2500,2499,2499,2499,2500,2500,2499,5.263157844543457,5.263157844543457,15.000000953674316,0,0,0,0,85,0,5,0,0,0,0,0,0,115792.59643554688,27335.155151367188,0,404327403520,8589930496,5540753408,114688
9,1791558895790,2499,2500,2499,2500,2499,2500,2500,2499,2500,2500,2499,2499,2499,2500,2500,2499,5.263157844543457,5.263157844543457,15.000000953674316,0,0,0,0,85,0,5,0,0,0,0,0,0,115792.76593017578,27335.496826171875,0,404327403520,8589930496,5540753408,114688
9,1791558895800,2499,2500,2499,2500,2499,2500,2500,2499,2500,2500,2499,2499,2499,2500,2500,2499,5.263157844543457,5.263157844543457,15.000000953674316,0,0,0,0,85,0,5,0,0,0,0,0,0,115792.91619873047,27335.811401367188,0,404327403520,8589930496,5540753408,114688
9,1791558895810,2499,2500,2499,2500,2499,2500,2500,2499,2500,2500,2499,2499,2499,2500,2500,2499,5.263157844543457,5.263157844543457,15.000000953674316,0,0,0,0,85,0,5,0,0,0,0,0,0,115793.0654296875,27336.130249023438,0,404327403520,8589930496,5540753408,114688
9,1791558895821,2499,2500,2499,2500,2499,2500,2500,2499,2500,2500,2499,2499,2499,2500,2500,2499,5.263157844543457,5.263157844543457,15.000000953674316,0,0,0,0,85,0,5,0,0,0,0,0,0,115793.2153930664,27336.452575683594,0,404327403520,8589930496,5540753408,114688
9,1791558895831,2499,2500,2499,2500,2499,2500,2500,2499,2500,2500,2499,2499,2499,2500,2500,2499,5.263157844543457,5.263157844543457,15.000000953674316,0,0,0,0,85,0,5,0,0,0,0,0,0,115793.36102294922,27336.761291503906,0,404327403520,8589930496,5540753408,114688
10,1791558895841,2499,2500,2499,2500,2499,2500,2500,2499,2500,2500,2499,2499,2499,2500,2500,2499,5.263157844543457,5.263157844543457,15.000000953674316,0,0,0,0,85,0,5,0,0,0,0,0,0,115793.51098632813,27337.07501220703,0,404327403520,8589930496,5540753408,114688
9,1791558895851,2499,2500,2499,2500,2499,2500,2500,2499,2500,2500,2499,2499,2499,2500,2500,2499,5.263157844543457,5.263157844543457,15.000000953674316,0,0,0,0,85,0,5,0,0,0,0,0,0,115793.66369628906,27337.39874267578,0,404327403520,8589930496,5540753408,114688
9,1791558895861,2499,2500,2499,2500,2499,2500,2500,2499,2500,2500,2499,2499,2499,2500,2500,2499,5.263157844543457,5.263157844543457,15.000000953674316,0,0,0,0,85,0,5,0,0,0,0,0,0,115793.81860351563,27337.713317871094,0,404327403520,8589930496,5540753408,114688
9,1791558895871,2499,2500,2499,2500,2499,2500,2500,2499,2500,2500,2499,2499,2499,2500,2500,2499,5.263157844543457,5.263157844543457,15.000000953674316,0,0,0,0,85,0,5,0,0,0,0,0,0,115793.96746826172,27338.026611328125,0,404327403520,8589930496,5540753408,114688
9,1791558895881,2499,2500,2499,2500,2499,2500,2500,2499,2500,2500,2499,2499,2499,2500,2500,2499,5.263157844543457,5.263157844543457,15.000000953674316,0,0,0,0,85,0,5,0,0,0,0,0,0,115794.11437988281,27338.343505859375,0,404327403520,8589930496,5540753408,114688
9,1791558895891,2499,2500,2499,2500,2499,2500,2500,2499,2500,2500,2499,2499,2499,2500,2500,2499,5.263157844543457,5.263157844543457,15.000000953674316,0,0,0,0,85,0,5,0,0,0,0,0,0,115794.2650756836,27338.66326904297,0,404327403520,8589930496,5540753408,114688
9,1791558895901,2499,2500,2499,2500,2499,2500,2500,2499,2500,2500,2499,2499,2499,2500,2500,2499,5.263157844543457,5.263157844543457,15.000000953674316,0,0,0,0,85,0,5,0,0,0,0,0,0,115794.41833496094,27338.976928710938,0,404327403520,8589930496,5540753408,114688
9,1791558895911,2499,2500,2499,2500,2499,2500,2500,2499,2500,2500,2499,2499,2499,2500,2500,2499,5.263157844543457,5.263157844543457,15.000000953674316,0,0,0,0,85,0,5,0,0,0,0,0,0,115794.56713867188,27339.289428710938,0,404327403520,8589930496,5540753408,114688
9,1791558895921,2499,2500,2499,2500,2499,2500,2500,2499,2500,2500,2499,2499,2499,2500,2500,2499,5.263157844543457,5,0,0,0,0,0,100,5,0,0,0,0,0,0,0,115794.71795654297,27339.607482910156,0,404327403520,8589930496,5540753408,114688
9,1791558895931,2499,2500,2499,2500,2499,2500,2500,2499,2500,2500,2499,2499,2499,2500,2500,2499,5.263157844543457,5,0,0,0,0,0,100,5,0,0,0,0,0,0,0,115794.86846923828,27339.921752929688,0,404327403520,8589930496,5540753408,114688
10,1791558895941,2499,2500,2499,2500,2499,2500,2500,2499,2500,2500,2499,2499,2499,2500,2500,2499,5.263157844543457,5,0,0,0,0,0,100,5,0,0,0,0,0,0,0,115795.01544189453,27340.239501953125,0,404327403520,8589930496,5540753408,114688
9,1791558895951,2499,2500,2499,2500,2499,2500,2500,2499,2500,2500,2499,2499,2499,2500,2500,2499,5.263157844543457,5,0,0,0,0,0,100,5,0,0,0,0,0,0,0,115795.18041992188,27340.583923339844,0,404327403520,8589930496,5540753408,114688
9,1791558895962,2499,2500,2499,2500,2499,2500,2500,2499,2500,2500,2499,2499,2499,2500,2500,2499,5.263157844543457,5,0,0,0,0,0,100,5,0,0,0,0,0,0,0,115795.33111572266,27340.892822265625,0,404327403520,8589930496,5540753408,114688
9,1791558895972,2499,2500,2499,2500,2499,2500,2500,2499,2500,2500,2499,2499,2499,2500,2500,2499,5.263157844543457,5,0,0,0,0,0,100,5,0,0,0,0,0,0,0,115795.48345947266,27341.209045410156,0,404327403520,8589930496,5540753408,114688
9,1791558895982,2499,2500,2499,2500,2499,2500,2500,2499,2500,2500,2499,2499,2499,2500,2500,2499,5.263157844543457,5,0,0,0,0,0,100,5,0,0,0,0,0,0,0,115795.63525390625,27341.51873779297,0,404327403520,8589930496,5540753408,114688
9,1791558895992,2499,2500,2499,2500,2499,2500,2500,2499,2500,2500,2499,2499,2499,2500,2500,2499,5.263157844543457,5,0,0,0,0,0,100,5,0,0,0,0,0,0,0,115795.7855834961,27341.836486816406,0,404327403520,8589930496,5540753408,114688
9,1791558896002,2499,2500,2499,2500,2499,2500,2500,2499,2500,2500,2499,2499,2499,2500,2500,2499,5.263157844543457,5,0,0,0,0,0,100,5,0,0,0,0,0,0,0,115795.94158935547,27342.151245117188,0,404327403520,8589930496,5540753408,114688
9,1791558896012,2499,2500,2499,2500,2499,2500,2500,2499,2500,2500,2499,2499,2499,2500,2500,2499,5.263157844543457,5,0,0,0,0,0,100,5,0,0,0,0,0,0,0,115796.08966064453,27342.457641601563,0,404327403520,8589930496,5540753408,114688
9,1791558896022,2499,2500,2499,2500,2499,2500,2500,2499,2500,2500,2499,2499,2499,2500,2500,2499,5.263157844543457,5,0,0,0,0,0,100,5,0,0,0,0,0,0,0,115796.23791503906,27342.77264404297,0,404327403520,8589930496,5540753408,114688
9,1791558896032,2499,2500,2499,2500,2499,2500,2500,2499,2500,2500,2499,2499,2499,2500,2500,2499,5.263157844543457,5,0,0,0,0,0,100,5,0,0,0,0,0,0,0,115796.3871459961,27343.08575439453,0,404327403520,8589930496,5540753408,114688
9,1791558896042,2499,2500,2499,2500,2499,2500,2500,2499,2500,2500,2499,2499,2499,2500,2500,2499,5.263157844543457,5,0,0,0,0,0,100,5,0,0,0,0,0,0,0,115796.53521728516,27343.399353027344,0,404327403520,8589930496,5540753408,114688
9,1791558896052,2499,2500,2499,2500,2499,2500,2500,2499,2500,2500,2499,2499,2499,2500,2500,2499,5.263157844543457,5,0,0,0,0,0,100,5,0,0,0,0,0,0,0,115796.6884765625,27343.714233398438,0,404327403520,8589930496,5540753408,114688
9,1791558896062,2499,2500,2499,2500,2499,2500,2500,2499,2500,2500,2499,2499,2499,2500,2500,2499,5.263157844543457,5,0,0,0,0,0,100,5,0,0,0,0,0,0,0,115796.8432006836,27344.02374267578,0,404327403520,8589930496,5540753408,114688
9,1791558896072,2499,2500,2499,2500,2499,2500,2500,2499,2500,2500,2499,2499,2499,2500,2500,2499,5.263157844543457,5,0,0,0,0,0,100,5,0,0,0,0,0,0,0,115796.9907836914,27344.332275390625,0,404327403520,8589930496,5540753408,114688
9,1791558896082,2499,2500,2499,2500,2499,2500,2500,2499,2500,2500,2499,2499,2499,2500,2500,2499,5.263157844543457,5,0,0,0,0,0,100,5,0,0,0,0,0,0,0,115797.13983154297,27344.648193359375,0,404327403520,8589930496,5540753408,114688
9,1791558896092,2499,2500,2499,2500,2499,2500,2500,2499,2500,2500,2499,2499,2499,2500,2500,2499,5.263157844543457,5,0,0,0,0,0,100,5,0,0,0,0,0,0,0,115797.2943725586,27344.960998535156,0,404327403520,8589930496,5540753408,114688
10,1791558896103,2499,2500,2499,2500,2499,2500,2500,2499,2500,2500,2499,2499,2499,2500,2500,2499,5.263157844543457,5,0,0,0,0,0,100,5,0,0,0,0,0,0,0,115797.44995117188,27345.27606201172,0,404327403520,8589930496,5539975168,114688
9,1791558896113,2499,2500,2499,2500,2499,2500,2500,2499,2500,2500,2499,2499,2499,2500,2500,2499,5.263157844543457,5,0,0,0,0,0,100,5,0,0,0,0,0,0,0,115797.61596679688,27345.62237548828,0,404327403520,8589930496,5500448768,114688
9,1791558896123,2499,2500,2499,2500,2499,2500,2500,2499,2500,2500,2499,2499,2499,2500,2500,2499,5.263157844543457,0,0,0,0,0,0,100,0,0,0,0,0,0,0,0,115797.7710571289,27345.934448242188,0,404327403520,8589930496,5416194048,114688
9,1791558896133,2499,2500,2499,2500,2499,2500,2500,2499,2500,2500,2499,2499,2499,2500,2500,2499,5.263157844543457,0,0,0,0,0,0,100,0,0,0,0,0,0,0,0,115797.9204711914,27346.256225585938,0,404327403520,8589930496,5407285248,114688
0,1791558896143,2499,2500,2499,2500,2499,2500,2500,2499,2500,2500,2499,2499,2499,2500,2500,2499,5.263157844543457,0,0,0,0,0,0,100,0,0,0,0,0,0,0,0,115798.07025146484,27346.573486328125,0,404327403520,8589930496,5402824704,114688
