Delta,Time,CPU_FREQUENCY_0,CPU_FREQUENCY_1,CPU_FREQUENCY_10,CPU_FREQUENCY_11,CPU_FREQUENCY_12,CPU_FREQUENCY_13,CPU_FREQUENCY_14,CPU_FREQUENCY_15,CPU_FREQUENCY_2,CPU_FREQUENCY_3,CPU_FREQUENCY_4,CPU_FREQUENCY_5,CPU_FREQUENCY_6,CPU_FREQUENCY_7,CPU_FREQUENCY_8,CPU_FREQUENCY_9,CPU_USAGE_0,CPU_USAGE_1,CPU_USAGE_10,CPU_USAGE_11,CPU_USAGE_12,CPU_USAGE_13,CPU_USAGE_14,CPU_USAGE_15,CPU_USAGE_2,CPU_USAGE_3,CPU_USAGE_4,CPU_USAGE_5,CPU_USAGE_6,CPU_USAGE_7,CPU_USAGE_8,CPU_USAGE_9,DRAM_ENERGY (J),PACKAGE_ENERGY (J),PP0_ENERGY (J),TOTAL_MEMORY,TOTAL_SWAP,USED_MEMORY,USED_SWAP
0,1791560626787,2500,2499,799,800,800,799,800,800,2500,2500,2500,2499,2500,2500,800,800,8.333333969116211,0,0,4,0,0,4.1666669845581055,8.333333969116211,0,0,0,4.1666669845581055,4.1666669845581055,0,0,0,142157.08013916016,85692.18347167969,0,404327403520,8589930496,4964626432,114688
10,1791560626787,2500,2499,799,800,800,799,800,800,2500,2500,2500,2499,2500,2500,800,800,8.333333969116211,0,0,4,0,0,4.1666669845581055,8.333333969116211,0,0,0,4.1666669845581055,4.1666669845581055,0,0,0,142157.08013916016,85692.18347167969,0,404327403520,8589930496,4964626432,114688
9,1791560626797,2500,2499,799,800,800,799,800,800,2500,2500,2500,2499,2500,2500,800,800,8.333333969116211,0,0,4,0,0,4.1666669845581055,8.333333969116211,0,0,0,4.1666669845581055,4.1666669845581055,0,0,0,142157.23791503906,85692.59545898438,0,404327403520,8589930496,4964626432,114688
9,1791560626807,2500,2499,799,800,800,799,800,800,2500,2500,2500,2499,2500,2500,800,800,8.333333969116211,0,0,4,0,0,4.1666669845581055,8.333333969116211,0,0,0,4.1666669845581055,4.1666669845581055,0,0,0,142157.3836669922,85692.97143554688,0,404327403520,8589930496,4964626432,114688
9,1791560626817,2500,2499,799,800,800,799,800,800,2500,2500,2500,2499,2500,2500,800,800,8.333333969116211,0,0,4,0,0,4.1666669845581055,8.333333969116211,0,0,0,4.1666669845581055,4.1666669845581055,0,0,0,142157.5307006836,85693.3486328125,0,404327403520,8589930496,4964626432,114688
9,1791560626827,2500,2499,799,800,800,799,800,800,2500,2500,2500,2499,2500,2500,800,800,8.333333969116211,0,0,4,0,0,4.1666669845581055,8.333333969116211,0,0,0,4.1666669845581055,4.1666669845581055,0,0,0,142157.67541503906,85693.72674560547,0,404327403520,8589930496,4964626432,114688
10,1791560626837,2500,2499,799,800,800,799,800,800,2500,2500,2500,2499,2500,2500,800,800,8.333333969116211,0,0,4,0,0,4.1666669845581055,8.333333969116211,0,0,0,4.1666669845581055,4.1666669845581055,0,0,0,142157.82427978516,85694.10455322266,0,404327403520,8589930496,4964626432,114688
10,1791560626848,2500,2499,799,800,800,799,800,800,2500,2500,2500,2499,2500,2500,800,800,8.333333969116211,0,0,4,0,0,4.1666669845581055,8.333333969116211,0,0,0,4.1666669845581055,4.1666669845581055,0,0,0,142157.98138427734,85694.48364257813,0,404327403520,8589930496,4964626432,114688
10,1791560626858,2500,2499,799,800,800,799,800,800,2500,2500,2500,2499,2500,2500,800,800,8.333333969116211,0,0,4,0,0,4.1666669845581055,8.333333969116211,0,0,0,4.1666669845581055,4.1666669845581055,0,0,0,142158.13305664063,85694.86163330078,0,404327403520,8589930496,4964626432,114688
10,1791560626868,2500,2499,799,800,800,799,800,800,2500,2500,2500,2499,2500,2500,800,800,8.333333969116211,0,0,4,0,0,4.1666669845581055,8.333333969116211,0,0,0,4.1666669845581055,4.1666669845581055,0,0,0,142158.2850341797,85695.23657226563,0,404327403520,8589930496,4964626432,114688
9,1791560626878,2500,2499,799,800,800,799,800,800,2500,2500,2500,2499,2500,2500,800,800,8.333333969116211,0,0,4,0,0,4.1666669845581055,8.333333969116211,0,0,0,4.1666669845581055,4.1666669845581055,0,0,0,142158.43426513672,85695.61328125,0,404327403520,8589930496,4964626432,114688
9,1791560626888,2500,2499,799,800,800,799,800,800,2500,2500,2500,2499,2500,2500,800,800,8.333333969116211,0,0,4,0,0,4.1666669845581055,8.333333969116211,0,0,0,4.1666669845581055,4.1666669845581055,0,0,0,142158.5792236328,85695.99041748047,0,404327403520,8589930496,4964626432,114688
9,1791560626898,2500,2499,799,800,800,799,800,800,2500,2500,2500,2499,2500,2500,800,800,8.333333969116211,0,0,4,0,0,4.1666669845581055,8.333333969116211,0,0,0,4.1666669845581055,4.1666669845581055,0,0,0,142158.7293701172,85696.36828613281,0,404327403520,8589930496,4964626432,114688
9,1791560626908,2500,2499,799,800,800,799,800,800,2500,2500,2500,2499,2500,2500,800,800,8.333333969116211,0,0,4,0,0,4.1666669845581055,8.333333969116211,0,0,0,4.1666669845581055,4.1666669845581055,0,0,0,142158.87915039063,85696.74731445313,0,404327403520,8589930496,4964626432,114688
9,1791560626918,2500,2499,799,800,800,799,800,800,2500,2500,2500,2499,2500,2500,800,800,8.333333969116211,0,0,4,0,0,4.1666669845581055,8.333333969116211,0,0,0,4.1666669845581055,4.1666669845581055,0,0,0,142159.02996826172,85697.12432861328,0,404327403520,8589930496,4964626432,114688
9,1791560626928,2500,2499,799,800,800,799,800,800,2500,2500,2500,2499,2500,2500,800,800,8.333333969116211,0,0,4,0,0,4.1666669845581055,8.333333969116211,0,0,0,4.1666669845581055,4.1666669845581055,0,0,0,142159.19659423828,85697.5385131836,0,404327403520,8589930496,4964626432,114688
9,1791560626938,2500,2499,799,800,800,799,800,800,2500,2500,2500,2499,2500,2500,800,800,8.333333969116211,0,0,4,0,0,4.1666669845581055,8.333333969116211,0,0,0,4.1666669845581055,4.1666669845581055,0,0,0,142159.34454345703,85697.91528320313,0,404327403520,8589930496,4964626432,114688
10,1791560626948,2500,2499,799,800,800,799,800,800,2500,2500,2500,2499,2500,2500,800,800,8.333333969116211,0,0,4,0,0,4.1666669845581055,8.333333969116211,0,0,0,4.1666669845581055,4.1666669845581055,0,0,0,142159.47784423828,85698.25549316406,0,404327403520,8589930496,4964626432,114688
9,1791560626958,2500,2499,799,800,800,799,800,800,2500,2500,2500,2499,2500,2500,800,800,8.333333969116211,0,0,4,0,0,4.1666669845581055,8.333333969116211,0,0,0,4.1666669845581055,4.1666669845581055,0,0,0,142159.6417236328,85698.6689453125,0,404327403520,8589930496,4964626432,114688
10,1791560626968,2500,2499,799,800,800,799,800,800,2500,2500,2500,2499,2500,2500,800,800,8.333333969116211,0,0,4,0,0,4.1666669845581055,8.333333969116211,0,0,0,4.1666669845581055,4.1666669845581055,0,0,0,142159.78967285156,85699.04699707031,0,404327403520,8589930496,4964626432,114688
9,1791560626979,2500,2499,799,800,800,799,800,800,2500,2500,2500,2499,2500,2500,800,800,8.333333969116211,0,0,4,0,0,4.1666669845581055,8.333333969116211,0,0,0,4.1666669845581055,4.1666669845581055,0,0,0,142159.93676757813,85699.42431640625,0,404327403520,8589930496,4964626432,114688
10,1791560626989,2500,2499,799,800,800,799,800,800,2500,2500,2500,2499,2500,2500,800,800,25,0,0,0,0,0,0,5.263157844543457,19.047618865966797,0,63.15789031982422,0,0,0,0,5,142160.0884399414,85699.79901123047,0,404327403520,8589930496,4964626432,114688
9,1791560626999,2500,2499,799,800,800,799,800,800,2500,2500,2500,2499,2500,2500,800,800,25,0,0,0,0,0,0,5.263157844543457,19.047618865966797,0,63.15789031982422,0,0,0,0,5,142160.2338256836,85700.17834472656,0,404327403520,8589930496,4964626432,114688
9,1791560627009,2500,2499,799,800,800,799,800,800,2500,2500,2500,2499,2500,2500,800,800,25,0,0,0,0,0,0,5.263157844543457,19.047618865966797,0,63.15789031982422,0,0,0,0,5,142160.38543701172,85700.5556640625,0,404327403520,8589930496,4964626432,114688
9,1791560627019,2500,2499,799,800,800,799,800,800,2500,2500,2500,2499,2500,2500,800,800,25,0,0,0,0,0,0,5.263157844543457,19.047618865966797,0,63.15789031982422,0,0,0,0,5,142160.52563476563,85700.93481445313,0,404327403520,8589930496,4964626432,114688
9,1791560627029,2500,2499,799,800,800,799,800,800,2500,2500,2500,2499,2500,2500,800,800,25,0,0,0,0,0,0,5.263157844543457,19.047618865966797,0,63.15789031982422,0,0,0,0,5,142160.6732788086,85701.31787109375,0,404327403520,8589930496,4964626432,114688
9,1791560627039,2500,2499,799,800,800,799,800,800,2500,2500,2500,2499,2500,2500,800,800,25,0,0,0,0,0,0,5.263157844543457,19.047618865966797,0,63.15789031982422,0,0,0,0,5,142160.82525634766,85701.67395019531,0,404327403520,8589930496,4973539328,114688
9,1791560627049,2500,2499,799,800,800,799,800,800,2500,2500,2500,2499,2500,2500,800,800,25,0,0,0,0,0,0,5.263157844543457,19.047618865966797,0,63.15789031982422,0,0,0,0,5,142160.97607421875,85701.99835205078,0,404327403520,8589930496,4989399040,114688
9,1791560627059,2500,2499,799,800,800,799,800,800,2500,2500,2500,2499,2500,2500,800,800,25,0,0,0,0,0,0,5.263157844543457,19.047618865966797,0,63.15789031982422,0,0,0,0,5,142161.12786865234,85702.31384277344,0,404327403520,8589930496,4997328896,114688
9,1791560627069,2500,2499,799,800,800,799,800,800,2500,2500,2500,2499,2500,2500,800,800,25,0,0,0,0,0,0,5.263157844543457,19.047618865966797,0,63.15789031982422,0,0,0,0,5,142161.27655029297,85702.62811279297,0,404327403520,8589930496,5014179840,114688
10,1791560627079,2500,2499,799,800,800,799,800,800,2500,2500,2500,2499,2500,2500,800,800,25,0,0,0,0,0,0,5.263157844543457,19.047618865966797,0,63.15789031982422,0,0,0,0,5,142161.42431640625,85702.94403076172,0,404327403520,8589930496,5030535168,114688
10,1791560627089,2500,2499,799,800,800,799,800,800,2500,2500,2500,2499,2500,2500,800,800,25,0,0,0,0,0,0,5.263157844543457,19.047618865966797,0,63.15789031982422,0,0,0,0,5,142161.5714111328,85703.2582397461,0,404327403520,8589930496,5046890496,114688
10,1791560627099,2500,2499,799,800,800,799,800,800,2500,2500,2500,2499,2500,2500,800,800,25,0,0,0,0,0,0,5.263157844543457,19.047618865966797,0,63.15789031982422,0,0,0,0,5,142161.71612548828,85703.572265625,0,404327403520,8589930496,5055315968,114688
10,1791560627109,2500,2499,799,800,800,799,800,800,2500,2500,2500,2499,2500,2500,800,800,25,0,0,0,0,0,0,5.263157844543457,19.047618865966797,0,63.15789031982422,0,0,0,0,5,142161.86193847656,85703.88269042969,0,404327403520,8589930496,5071671296,114688
10,1791560627119,2500,2499,799,800,800,799,800,800,2500,2500,2500,2499,2500,2500,800,800,25,0,0,0,0,0,0,5.263157844543457,19.047618865966797,0,63.15789031982422,0,0,0,0,5,142162.01123046875,85704.20434570313,0,404327403520,8589930496,5088923648,114688
9,1791560627129,2500,2499,799,800,800,799,800,800,2500,2500,2500,2499,2500,2500,800,800,25,0,0,0,0,0,0,5.263157844543457,19.047618865966797,0,63.15789031982422,0,0,0,0,5,142162.1727294922,85704.55163574219,0,404327403520,8589930496,5097349120,114688
10,1791560627139,2500,2499,799,800,800,799,800,800,2500,2500,2500,2499,2500,2500,800,800,25,0,0,0,0,0,0,5.263157844543457,19.047618865966797,0,63.15789031982422,0,0,0,0,5,142162.3173828125,85704.86669921875,0,404327403520,8589930496,5097349120,114688
10,1791560627150,2500,2499,799,800,800,799,800,800,2500,2500,2500,2499,2500,2500,800,800,25,0,0,0,0,0,0,5.263157844543457,19.047618865966797,0,63.15789031982422,0,0,0,0,5,142162.4609375,85705.1802368164,0,404327403520,8589930496,5097349120,114688
10,1791560627160,2500,2499,799,800,800,799,800,800,2500,2500,2500,2499,2500,2500,800,800,25,0,0,0,0,0,0,5.263157844543457,19.047618865966797,0,63.15789031982422,0,0,0,0,5,142162.60668945313,85705.4931640625,0,404327403520,8589930496,5097349120,114688
10,1791560627170,2500,2499,799,800,800,799,800,800,2500,2500,2500,2499,2500,2500,800,800,25,0,0,0,0,0,0,5.263157844543457,19.047618865966797,0,63.15789031982422,0,0,0,0,5,142162.751953125,85705.80456542969,0,404327403520,8589930496,5105278976,114688
10,1791560627180,2500,2499,799,800,800,799,800,800,2500,2500,2500,2499,2500,2500,800,800,25,0,0,0,0,0,0,5.263157844543457,19.047618865966797,0,63.15789031982422,0,0,0,0,5,142162.9009399414,85706.12658691406,0,404327403520,8589930496,5114220544,114688
10,1791560627190,2500,2499,799,800,800,799,800,800,2500,2500,2500,2499,2500,2500,800,800,0,0,0,0,0,0,0,5.263157844543457,0,10.526315689086914,10,0,0,0,0,78.94737243652344,142163.04791259766,85706.4443359375,0,404327403520,8589930496,5114220544,114688
9,1791560627200,2500,2499,799,800,800,799,800,800,2500,2500,2500,2499,2500,2500,800,800,0,0,0,0,0,0,0,5.263157844543457,0,10.526315689086914,10,0,0,0,0,78.94737243652344,142163.20135498047,85706.7578125,0,404327403520,8589930496,5114220544,114688
10,1791560627210,2500,2499,799,800,800,799,800,800,2500,2500,2500,2499,2500,2500,800,800,0,0,0,0,0,0,0,5.263157844543457,0,10.526315689086914,10,0,0,0,0,78.94737243652344,142163.3500366211,85707.07098388672,0,404327403520,8589930496,5114220544,114688
10,1791560627220,2500,2499,799,800,800,799,800,800,2500,2500,2500,2499,2500,2500,800,800,0,0,0,0,0,0,0,5.263157844543457,0,10.526315689086914,10,0,0,0,0,78.94737243652344,142163.498046875,85707.38861083984,0,404327403520,8589930496,5114220544,114688
9,1791560627230,2500,2499,799,800,800,799,800,800,2500,2500,2500,2499,2500,2500,800,800,0,0,0,0,0,0,0,5.263157844543457,0,10.526315689086914,10,0,0,0,0,78.94737243652344,142163.64306640625,85707.69897460938,0,404327403520,8589930496,5114220544,114688
9,1791560627240,2500,2499,799,800,800,799,800,800,2500,2500,2500,2499,2500,2500,800,800,0,0,0,0,0,0,0,5.263157844543457,0,10.526315689086914,10,0,0,0,0,78.94737243652344,142163.7950439453,85708.01586914063,0,404327403520,8589930496,5114220544,114688
10,1791560627250,2500,2499,799,800,800,799,800,800,2500,2500,2500,2499,2500,2500,800,800,0,0,0,0,0,0,0,5.263157844543457,0,10.526315689086914,10,0,0,0,0,78.94737243652344,142163.94073486328,85708.33557128906,0,404327403520,8589930496,5114220544,114688
10,1791560627260,2500,2499,799,800,800,799,800,800,2500,2500,2500,2499,2500,2500,800,800,0,0,0,0,0,0,0,5.263157844543457,0,10.526315689086914,10,0,0,0,0,78.94737243652344,142164.08795166016,85708.65625,0,404327403520,8589930496,5114220544,114688
10,1791560627270,2500,2499,799,800,800,799,800,800,2500,2500,2500,2499,2500,2500,800,800,0,0,0,0,0,0,0,5.263157844543457,0,10.526315689086914,10,0,0,0,0,78.94737243652344,142164.23223876953,85708.9779663086,0,404327403520,8589930496,5114220544,114688
10,1791560627280,2500,2499,799,800,800,799,800,800,2500,2500,2500,2499,2500,2500,800,800,0,0,0,0,0,0,0,5.263157844543457,0,10.526315689086914,10,0,0,0,0,78.94737243652344,142164.376953125,85709.294921875,0,404327403520,8589930496,5114220544,114688
10,1791560627290,2500,2499,799,800,800,799,800,800,2500,2500,2500,2499,2500,2500,800,800,0,0,0,0,0,0,0,5.263157844543457,0,10.526315689086914,10,0,0,0,0,78.94737243652344,142164.5263671875,85709.60736083984,0,404327403520,8589930496,5114220544,114688
10,1791560627300,2500,2499,799,800,800,799,800,800,2500,2500,2500,2499,2500,2500,800,800,0,0,0,0,0,0,0,5.263157844543457,0,10.526315689086914,10,0,0,0,0,78.94737243652344,142164.67138671875,85709.92517089844,0,404327403520,8589930496,5114220544,114688
10,1791560627310,2500,2499,799,800,800,799,800,800,2500,2500,2500,2499,2500,2500,800,800,0,0,0,0,0,0,0,5.263157844543457,0,10.526315689086914,10,0,0,0,0,78.94737243652344,142164.82482910156,85710.24542236328,0,404327403520,8589930496,5114220544,114688
10,1791560627321,2500,2499,799,800,800,799,800,800,2500,2500,2500,2499,2500,2500,800,800,0,0,0,0,0,0,0,5.263157844543457,0,10.526315689086914,10,0,0,0,0,78.94737243652344,142164.97399902344,85710.56732177734,0,404327403520,8589930496,5114220544,114688
10,1791560627331,2500,2499,799,800,800,799,800,800,2500,2500,2500,2499,2500,2500,800,800,0,0,0,0,0,0,0,5.263157844543457,0,10.526315689086914,10,0,0,0,0,78.94737243652344,142165.1148071289,85710.88836669922,0,404327403520,8589930496,5114220544,114688
10,1791560627341,2500,2499,799,800,800,799,800,800,2500,2500,2500,2499,2500,2500,800,800,0,0,0,0,0,0,0,5.263157844543457,0,10.526315689086914,10,0,0,0,0,78.94737243652344,142165.2852783203,85711.23944091797,0,404327403520,8589930496,5122150400,114688
10,1791560627351,2500,2499,799,800,800,799,800,800,2500,2500,2500,2499,2500,2500,800,800,0,0,0,0,0,0,0,5.263157844543457,0,10.526315689086914,10,0,0,0,0,78.94737243652344,142165.4302368164,85711.55249023438,0,404327403520,8589930496,5122150400,114688
10,1791560627361,2500,2499,799,800,800,799,800,800,2500,2500,2500,2499,2500,2500,800,800,0,0,0,0,0,0,0,5.263157844543457,0,10.526315689086914,10,0,0,0,0,78.94737243652344,142165.58184814453,85711.86352539063,0,404327403520,8589930496,5122150400,114688
10,1791560627371,2500,2499,799,800,800,799,800,800,2500,2500,2500,2499,2500,2500,800,800,0,0,0,0,0,0,0,5.263157844543457,0,10.526315689086914,10,0,0,0,0,78.94737243652344,142165.72595214844,85712.1791381836,0,404327403520,8589930496,5122150400,114688
10,1791560627381,2500,2499,799,800,800,799,800,800,2500,2500,2500,2499,2500,2500,800,800,0,0,0,0,0,0,0,5.263157844543457,0,10.526315689086914,10,0,0,0,0,78.94737243652344,142165.87133789063,85712.4951171875,0,404327403520,8589930496,5122646016,114688
9,1791560627391,2500,2499,799,800,800,799,800,800,2500,2500,2500,2499,2500,2500,800,800,0,0,0,0,0,0,0,10,0,9.523809432983398,0,0,0,0,0,100,142166.01635742188,85712.8168334961,0,404327403520,8589930496,5123141632,114688
10,1791560627401,2500,2499,799,800,800,799,800,800,2500,2500,2500,2499,2500,2500,800,800,0,0,0,0,0,0,0,10,0,9.523809432983398,0,0,0,0,0,100,142166.1644897461,85713.1361694336,0,404327403520,8589930496,5124132864,114688
10,1791560627411,2500,2499,799,800,800,799,800,800,2500,2500,2500,2499,2500,2500,800,800,0,0,0,0,0,0,0,10,0,9.523809432983398,0,0,0,0,0,100,142166.3067626953,85713.46301269531,0,404327403520,8589930496,5126115328,114688
10,1791560627421,2500,2499,799,800,800,799,800,800,2500,2500,2500,2499,2500,2500,800,800,0,0,0,0,0,0,0,10,0,9.523809432983398,0,0,0,0,0,100,142166.45782470703,85713.78039550781,0,404327403520,8589930496,5126610944,114688
10,1791560627431,2500,2499,799,800,800,799,800,800,2500,2500,2500,2499,2500,2500,800,800,0,0,0,0,0,0,0,10,0,9.523809432983398,0,0,0,0,0,100,142166.60412597656,85714.09509277344,0,404327403520,8589930496,5126610944,114688
10,1791560627441,2500,2499,799,800,800,799,800,800,2500,2500,2500,2499,2500,2500,800,800,0,0,0,0,0,0,0,10,0,9.523809432983398,0,0,0,0,0,100,142166.7469482422,85714.40954589844,0,404327403520,8589930496,5128097792,114688
10,1791560627451,2500,2499,799,800,800,799,800,800,2500,2500,2500,2499,2500,2500,800,800,0,0,0,0,0,0,0,10,0,9.523809432983398,0,0,0,0,0,100,142166.89453125,85714.72741699219,0,404327403520,8589930496,5130080256,114688
10,1791560627461,2500,2499,799,800,800,799,800,800,2500,2500,2500,2499,2500,2500,800,800,0,0,0,0,0,0,0,10,0,9.523809432983398,0,0,0,0,0,100,142167.04083251953,85715.04388427734,0,404327403520,8589930496,5130080256,114688
10,1791560627471,2500,2499,799,800,800,799,800,800,2500,2500,2500,2499,2500,2500,800,800,0,0,0,0,0,0,0,10,0,9.523809432983398,0,0,0,0,0,100,142167.18908691406,85715.35632324219,0,404327403520,8589930496,5130080256,114688
9,1791560627482,2500,2499,799,800,800,799,800,800,2500,2500,2500,2499,2500,2500,800,800,0,0,0,0,0,0,0,10,0,9.523809432983398,0,0,0,0,0,100,142167.33557128906,85715.66925048828,0,404327403520,8589930496,5130080256,114688
9,1791560627492,2500,2499,799,800,800,799,800,800,2500,2500,2500,2499,2500,2500,800,800,0,0,0,0,0,0,0,10,0,9.523809432983398,0,0,0,0,0,100,142167.48205566406,85715.98999023438,0,404327403520,8589930496,5130080256,114688
9,1791560627502,2500,2499,799,800,800,799,800,800,2500,2500,2500,2499,2500,2500,800,800,0,0,0,0,0,0,0,10,0,9.523809432983398,0,0,0,0,0,100,142167.64373779297,85716.33862304688,0,404327403520,8589930496,5130080256,114688
9,1791560627512,2500,2499,799,800,800,799,800,800,2500,2500,2500,2499,2500,2500,800,800,0,0,0,0,0,0,0,10,0,9.523809432983398,0,0,0,0,0,100,142167.78936767578,85716.65142822266,0,404327403520,8589930496,5130080256,114688
9,1791560627522,2500,2499,799,800,800,799,800,800,2500,2500,2500,2499,2500,2500,800,800,0,0,0,0,0,0,0,10,0,9.523809432983398,0,0,0,0,0,100,142167.9246826172,85716.93664550781,0,404327403520,8589930496,5130080256,114688
9,1791560627532,2500,2499,799,800,800,799,800,800,2500,2500,2500,2499,2500,2500,800,800,0,0,0,0,0,0,0,10,0,9.523809432983398,0,0,0,0,0,100,142168.08526611328,85717.28900146484,0,404327403520,8589930496,5130080256,114688
9,1791560627542,2500,2499,799,800,800,799,800,800,2500,2500,2500,2499,2500,2500,800,800,0,0,0,0,0,0,0,10,0,9.523809432983398,0,0,0,0,0,100,142168.23303222656,85717.60583496094,0,404327403520,8589930496,5130080256,114688
9,1791560627552,2500,2499,799,800,800,799,800,800,2500,2500,2500,2499,2500,2500,800,800,0,0,0,0,0,0,0,10,0,9.523809432983398,0,0,0,0,0,100,142168.38159179688,85717.9248046875,0,404327403520,8589930496,5130080256,114688
10,1791560627562,2500,2499,799,800,800,799,800,800,2500,2500,2500,2499,2500,2500,800,800,0,0,0,0,0,0,0,10,0,9.523809432983398,0,0,0,0,0,100,142168.52557373047,85718.24237060547,0,404327403520,8589930496,5130080256,114688
9,1791560627572,2500,2499,799,800,800,799,800,800,2500,2500,2500,2499,2500,2500,800,800,0,0,0,0,0,0,0,10,0,9.523809432983398,0,0,0,0,0,100,142168.67553710938,85718.55603027344,0,404327403520,8589930496,5130080256,114688
10,1791560627582,2500,2499,799,800,800,799,800,800,2500,2500,2500,2499,2500,2500,800,800,0,0,0,0,0,0,0,10,0,9.523809432983398,0,0,0,0,0,100,142168.82550048828,85718.87866210938,0,404327403520,8589930496,5130080256,114688
10,1791560627592,2500,2499,799,800,800,799,800,800,2500,2500,2500,2499,2500,2500,800,800,0,5,0,0,0,0,0,5,0,0,0,0,0,0,0,100,142168.96746826172,85719.19647216797,0,404327403520,8589930496,5130080256,114688
10,1791560627602,2500,2499,799,800,800,799,800,800,2500,2500,2500,2499,2500,2500,800,800,0,5,0,0,0,0,0,5,0,0,0,0,0,0,0,100,142169.11639404297,85719.51647949219,0,404327403520,8589930496,5130080256,114688
9,1791560627613,2500,2499,799,800,800,799,800,800,2500,2500,2500,2499,2500,2500,800,800,0,5,0,0,0,0,0,5,0,0,0,0,0,0,0,100,142169.26306152344,85719.83190917969,0,404327403520,8589930496,5130080256,114688
10,1791560627622,2500,2499,799,800,800,799,800,800,2500,2500,2500,2499,2500,2500,800,800,0,5,0,0,0,0,0,5,0,0,0,0,0,0,0,100,142169.4126586914,85720.15057373047,0,404327403520,8589930496,5130080256,114688
9,1791560627633,2500,2499,799,800,800,799,800,800,2500,2500,2500,2499,2500,2500,800,800,0,5,0,0,0,0,0,5,0,0,0,0,0,0,0,100,142169.56079101563,85720.46923828125,0,404327403520,8589930496,5130080256,114688
10,1791560627643,2500,2499,799,800,800,799,800,800,2500,2500,2500,2499,2500,2500,800,800,0,5,0,0,0,0,0,5,0,0,0,0,0,0,0,100,142169.7080078125,85720.78546142578,0,404327403520,8589930496,5130080256,114688
9,1791560627653,2500,2499,799,800,800,799,800,800,2500,2500,2500,2499,2500,2500,800,800,0,5,0,0,0,0,0,5,0,0,0,0,0,0,0,100,142169.85321044922,85721.10302734375,0,404327403520,8589930496,5130080256,114688
10,1791560627663,2500,2499,799,800,800,799,800,800,2500,2500,2500,2499,2500,2500,800,800,0,5,0,0,0,0,0,5,0,0,0,0,0,0,0,100,142170.00463867188,85721.41650390625,0,404327403520,8589930496,5130080256,114688
9,1791560627673,2500,2499,799,800,800,799,800,800,2500,2500,2500,2499,2500,2500,800,800,0,5,0,0,0,0,0,5,0,0,0,0,0,0,0,100,142170.16845703125,85721.76580810547,0,404327403520,8589930496,5130080256,114688
9,1791560627683,2500,2499,799,800,800,799,800,800,2500,2500,2500,2499,2500,2500,800,800,0,5,0,0,0,0,0,5,0,0,0,0,0,0,0,100,142170.31573486328,85722.07781982422,0,404327403520,8589930496,5130080256,114688
10,1791560627693,2500,2499,799,800,800,799,800,800,2500,2500,2500,2499,2500,2500,800,800,0,5,0,0,0,0,0,5,0,0,0,0,0,0,0,100,142170.4439086914,85722.36456298828,0,404327403520,8589930496,5130080256,114688
9,1791560627703,2500,2499,799,800,800,799,800,800,2500,2500,2500,2499,2500,2500,800,800,0,5,0,0,0,0,0,5,0,0,0,0,0,0,0,100,142170.6004638672,85722.71551513672,0,404327403520,8589930496,5130080256,114688
9,1791560627713,2500,2499,799,800,800,799,800,800,2500,2500,2500,2499,2500,2500,800,800,0,5,0,0,0,0,0,5,0,0,0,0,0,0,0,100,142170.74786376953,85723.02880859375,0,404327403520,8589930496,5130080256,114688
9,1791560627723,2500,2499,799,800,800,799,800,800,2500,2500,2500,2499,2500,2500,800,800,0,5,0,0,0,0,0,5,0,0,0,0,0,0,0,100,142170.89331054688,85723.34564208984,0,404327403520,8589930496,5130080256,114688
10,1791560627733,2500,2499,799,800,800,799,800,800,2500,2500,2500,2499,2500,2500,800,800,0,5,0,0,0,0,0,5,0,0,0,0,0,0,0,100,142171.04162597656,85723.65612792969,0,404327403520,8589930496,5130080256,114688
9,1791560627743,2500,2499,799,800,800,799,800,800,2500,2500,2500,2499,2500,2500,800,800,0,5,0,0,0,0,0,5,0,0,0,0,0,0,0,100,142171.18865966797,85723.97674560547,0,404327403520,8589930496,5130080256,114688
9,1791560627754,2500,2499,799,800,800,799,800,800,2500,2500,2500,2499,2500,2500,800,800,0,5,0,0,0,0,0,5,0,0,0,0,0,0,0,100,142171.33624267578,85724.29498291016,0,404327403520,8589930496,5130080256,114688
10,1791560627764,2500,2499,799,800,800,799,800,800,2500,2500,2500,2499,2500,2500,800,800,0,5,0,0,0,0,0,5,0,0,0,0,0,0,0,100,142171.48016357422,85724.6123046875,0,404327403520,8589930496,5130080256,114688
9,1791560627774,2500,2499,799,800,800,799,800,800,2500,2500,2500,2499,2500,2500,800,800,0,5,0,0,0,0,0,5,0,0,0,0,0,0,0,100,142171.62329101563,85724.9312133789,0,404327403520,8589930496,5130080256,114688
9,1791560627784,2500,2499,799,800,800,799,800,800,2500,2500,2500,2499,2500,2500,800,800,0,5,0,0,0,0,0,5,0,0,0,0,0,0,0,100,142171.77032470703,85725.24572753906,0,404327403520,8589930496,5130080256,114688
9,1791560627794,2500,2499,799,800,800,799,800,800,2500,2500,2500,2499,2500,2500,800,800,5.263157844543457,0,0,0,0,0,0,9.523809432983398,0,0,0,0,0,0,0,100,142171.91900634766,85725.56042480469,0,404327403520,8589930496,5130080256,114688
9,1791560627804,2500,2499,799,800,800,799,800,800,2500,2500,2500,2499,2500,2500,800,800,5.263157844543457,0,0,0,0,0,0,9.523809432983398,0,0,0,0,0,0,0,100,142172.06787109375,85725.8784790039,0,404327403520,8589930496,5130080256,114688
9,1791560627814,2500,2499,799,800,800,799,800,800,2500,2500,2500,2499,2500,2500,800,800,5.263157844543457,0,0,0,0,0,0,9.523809432983398,0,0,0,0,0,0,0,100,142172.2147216797,85726.19409179688,0,404327403520,8589930496,5130080256,114688
9,1791560627824,2500,2499,799,800,800,799,800,800,2500,2500,2500,2499,2500,2500,800,800,5.263157844543457,0,0,0,0,0,0,9.523809432983398,0,0,0,0,0,0,0,100,142172.36505126953,85726.50939941406,0,404327403520,8589930496,5130080256,114688
9,1791560627834,2500,2499,799,800,800,799,800,800,2500,2500,2500,2499,2500,2500,800,800,5.263157844543457,0,0,0,0,0,0,9.523809432983398,0,0,0,0,0,0,0,100,142172.52954101563,85726.86102294922,0,404327403520,8589930496,5130080256,114688
10,1791560627844,2500,2499,799,800,800,799,800,800,2500,2500,2500,2499,2500,2500,800,800,5.263157844543457,0,0,0,0,0,0,9.523809432983398,0,0,0,0,0,0,0,100,142172.66540527344,85727.15216064453,0,404327403520,8589930496,5130080256,114688
9,1791560627854,2500,2499,799,800,800,799,800,800,2500,2500,2500,2499,2500,2500,800,800,5.263157844543457,0,0,0,0,0,0,9.523809432983398,0,0,0,0,0,0,0,100,142172.82891845703,85727.50024414063,0,404327403520,8589930496,5130080256,114688
9,1791560627864,2500,2499,799,800,800,799,800,800,2500,2500,2500,2499,2500,2500,800,800,5.263157844543457,0,0,0,0,0,0,9.523809432983398,0,0,0,0,0,0,0,100,142172.9705810547,85727.81591796875,0,404327403520,8589930496,5130080256,114688
9,1791560627874,2500,2499,799,800,800,799,800,800,2500,2500,2500,2499,2500,2500,800,800,5.263157844543457,0,0,0,0,0,0,9.523809432983398,0,0,0,0,0,0,0,100,142173.11560058594,85728.13604736328,0,404327403520,8589930496,5130080256,114688
9,1791560627884,2500,2499,799,800,800,799,800,800,2500,2500,2500,2499,2500,2500,800,800,5.263157844543457,0,0,0,0,0,0,9.523809432983398,0,0,0,0,0,0,0,100,142173.2635498047,85728.4536743164,0,404327403520,8589930496,5130080256,114688
9,1791560627895,2500,2499,799,800,800,799,800,800,2500,2500,2500,2499,2500,2500,800,800,5.263157844543457,0,0,0,0,0,0,9.523809432983398,0,0,0,0,0,0,0,100,142173.40985107422,85728.77630615234,0,404327403520,8589930496,5130080256,114688
9,1791560627905,2500,2499,799,800,800,799,800,800,2500,2500,2500,2499,2500,2500,800,800,5.263157844543457,0,0,0,0,0,0,9.523809432983398,0,0,0,0,0,0,0,100,142173.5587158203,85729.09600830078,0,404327403520,8589930496,5132062720,114688
10,1791560627915,2500,2499,799,800,800,799,800,800,2500,2500,2500,2499,2500,2500,800,800,5.263157844543457,0,0,0,0,0,0,9.523809432983398,0,0,0,0,0,0,0,100,142173.7041015625,85729.41052246094,0,404327403520,8589930496,5134045184,114688
9,1791560627925,2500,2499,799,800,800,799,800,800,2500,2500,2500,2499,2500,2500,800,800,5.263157844543457,0,0,0,0,0,0,9.523809432983398,0,0,0,0,0,0,0,100,142173.8500366211,85729.72735595703,0,404327403520,8589930496,5134045184,114688
9,1791560627935,2500,2499,799,800,800,799,800,800,2500,2500,2500,2499,2500,2500,800,800,5.263157844543457,0,0,0,0,0,0,9.523809432983398,0,0,0,0,0,0,0,100,142173.99487304688,85730.04272460938,0,404327403520,8589930496,5134045184,114688
9,1791560627945,2500,2499,799,800,800,799,800,800,2500,2500,2500,2499,2500,2500,800,800,5.263157844543457,0,0,0,0,0,0,9.523809432983398,0,0,0,0,0,0,0,100,142174.14263916016,85730.35723876953,0,404327403520,8589930496,5134045184,114688
9,1791560627955,2500,2499,799,800,800,799,800,800,2500,2500,2500,2499,2500,2500,800,800,5.263157844543457,0,0,0,0,0,0,9.523809432983398,0,0,0,0,0,0,0,100,142174.29119873047,85730.67980957031,0,404327403520,8589930496,5134045184,114688
10,1791560627965,2500,2499,799,800,800,799,800,800,2500,2500,2500,2499,2500,2500,800,800,5.263157844543457,0,0,0,0,0,0,9.523809432983398,0,0,0,0,0,0,0,100,142174.44207763672,85730.994140625,0,404327403520,8589930496,5134045184,114688
9,1791560627975,2500,2499,799,800,800,799,800,800,2500,2500,2500,2499,2500,2500,800,800,5.263157844543457,0,0,0,0,0,0,9.523809432983398,0,0,0,0,0,0,0,100,142174.59497070313,85731.30877685547,0,404327403520,8589930496,5134045184,114688
9,1791560627985,2500,2499,799,800,800,799,800,800,2500,2500,2500,2499,2500,2500,800,800,5.263157844543457,0,0,0,0,0,0,9.523809432983398,0,0,0,0,0,0,0,100,142174.74182128906,85731.62292480469,0,404327403520,8589930496,5138505728,114688
9,1791560627995,2500,2499,799,800,800,799,800,800,2500,2500,2500,2499,2500,2500,800,800,5,0,0,0,0,5,4.761904716491699,0,0,0,0,0,5,0,0,100,142174.89715576172,85731.97003173828,0,404327403520,8589930496,5138505728,114688
9,1791560628005,2500,2499,799,800,800,799,800,800,2500,2500,2500,2499,2500,2500,800,800,5,0,0,0,0,5,4.761904716491699,0,0,0,0,0,5,0,0,100,142175.04107666016,85732.28790283203,0,404327403520,8589930496,5138505728,114688
10,1791560628015,2500,2499,799,800,800,799,800,800,2500,2500,2500,2499,2500,2500,800,800,5,0,0,0,0,5,4.761904716491699,0,0,0,0,0,5,0,0,100,142175.17401123047,85732.56903076172,0,404327403520,8589930496,5138505728,114688
10,1791560628025,2500,2499,799,800,800,799,800,800,2500,2500,2500,2499,2500,2500,800,800,5,0,0,0,0,5,4.761904716491699,0,0,0,0,0,5,0,0,100,142175.31964111328,85732.88562011719,0,404327403520,8589930496,5138505728,114688
9,1791560628036,2500,2499,799,800,800,799,800,800,2500,2500,2500,2499,2500,2500,800,800,5,0,0,0,0,5,4.761904716491699,0,0,0,0,0,5,0,0,100,142175.4805908203,85733.23388671875,0,404327403520,8589930496,5138505728,114688
10,1791560628045,2500,2499,799,800,800,799,800,800,2500,2500,2500,2499,2500,2500,800,800,5,0,0,0,0,5,4.761904716491699,0,0,0,0,0,5,0,0,100,142175.62908935547,85733.54931640625,0,404327403520,8589930496,5138505728,114688
9,1791560628056,2500,2499,799,800,800,799,800,800,2500,2500,2500,2499,2500,2500,800,800,5,0,0,0,0,5,4.761904716491699,0,0,0,0,0,5,0,0,100,142175.77960205078,85733.86486816406,0,404327403520,8589930496,5138505728,114688
9,1791560628066,2500,2499,799,800,800,799,800,800,2500,2500,2500,2499,2500,2500,800,800,5,0,0,0,0,5,4.761904716491699,0,0,0,0,0,5,0,0,100,142175.92791748047,85734.18347167969,0,404327403520,8589930496,5138505728,114688
9,1791560628076,2500,2499,799,800,800,799,800,800,2500,2500,2500,2499,2500,2500,800,800,5,0,0,0,0,5,4.761904716491699,0,0,0,0,0,5,0,0,100,142176.07623291016,85734.498046875,0,404327403520,8589930496,5138505728,114688
9,1791560628086,2500,2499,799,800,800,799,800,800,2500,2500,2500,2499,2500,2500,800,800,5,0,0,0,0,5,4.761904716491699,0,0,0,0,0,5,0,0,100,142176.22784423828,85734.81188964844,0,404327403520,8589930496,5138505728,114688
9,1791560628096,2500,2499,799,800,800,799,800,800,2500,2500,2500,2499,2500,2500,800,800,5,0,0,0,0,5,4.761904716491699,0,0,0,0,0,5,0,0,100,142176.3783569336,85735.13330078125,0,404327403520,8589930496,5138505728,114688
9,1791560628106,2500,2499,799,800,800,799,800,800,2500,2500,2500,2499,2500,2500,800,800,5,0,0,0,0,5,4.761904716491699,0,0,0,0,0,5,0,0,100,142176.52801513672,85735.44921875,0,404327403520,8589930496,5146435584,114688
9,1791560628116,2500,2499,799,800,800,799,800,800,2500,2500,2500,2499,2500,2500,800,800,5,0,0,0,0,5,4.761904716491699,0,0,0,0,0,5,0,0,100,142176.67889404297,85735.76177978516,0,404327403520,8589930496,5146435584,114688
9,1791560628126,2500,2499,799,800,800,799,800,800,2500,2500,2500,2499,2500,2500,800,800,5,0,0,0,0,5,4.761904716491699,0,0,0,0,0,5,0,0,100,142176.8257446289,85736.08154296875,0,404327403520,8589930496,5146435584,114688
9,1791560628136,2500,2499,799,800,800,799,800,800,2500,2500,2500,2499,2500,2500,800,800,5,0,0,0,0,5,4.761904716491699,0,0,0,0,0,5,0,0,100,142176.97442626953,85736.39617919922,0,404327403520,8589930496,5144555520,114688
9,1791560628146,2500,2499,799,800,800,799,800,800,2500,2500,2500,2499,2500,2500,800,800,5,0,0,0,0,5,4.761904716491699,0,0,0,0,0,5,0,0,100,142177.12182617188,85736.71551513672,0,404327403520,8589930496,5144555520,114688
10,1791560628156,2500,2499,799,800,800,799,800,800,2500,2500,2500,2499,2500,2500,800,800,5,0,0,0,0,5,4.761904716491699,0,0,0,0,0,5,0,0,100,142177.27014160156,85737.0308227539,0,404327403520,8589930496,5144555520,114688
10,1791560628166,2500,2499,799,800,800,799,800,800,2500,2500,2500,2499,2500,2500,800,800,5,0,0,0,0,5,4.761904716491699,0,0,0,0,0,5,0,0,100,142177.41369628906,85737.34936523438,0,404327403520,8589930496,5144555520,114688
9,1791560628177,2500,2499,799,800,800,799,800,800,2500,2500,2500,2499,2500,2500,800,800,5,0,0,0,0,5,4.761904716491699,0,0,0,0,0,5,0,0,100,142177.5733642578,85737.69714355469,0,404327403520,8589930496,5144555520,114688
9,1791560628187,2500,2499,799,800,800,799,800,800,2500,2500,2500,2499,2500,2500,800,800,5,0,0,0,0,5,4.761904716491699,0,0,0,0,0,5,0,0,100,142177.7176513672,85738.01721191406,0,404327403520,8589930496,5144555520,114688
10,1791560628197,2500,2499,799,800,800,799,800,800,2500,2500,2500,2499,2500,2500,800,800,0,0,4.761904716491699,0,0,0,0,9.523809432983398,0,0,0,0,0,0,0,100,142177.86639404297,85738.3388671875,0,404327403520,8589930496,5144555520,114688
9,1791560628207,2500,2499,799,800,800,799,800,800,2500,2500,2500,2499,2500,2500,800,800,0,0,4.761904716491699,0,0,0,0,9.523809432983398,0,0,0,0,0,0,0,100,142178.01525878906,85738.66009521484,0,404327403520,8589930496,5144555520,114688
9,1791560628217,2500,2499,799,800,800,799,800,800,2500,2500,2500,2499,2500,2500,800,800,0,0,4.761904716491699,0,0,0,0,9.523809432983398,0,0,0,0,0,0,0,100,142178.16339111328,85738.9721069336,0,404327403520,8589930496,5144555520,114688
9,1791560628227,2500,2499,799,800,800,799,800,800,2500,2500,2500,2499,2500,2500,800,800,0,0,4.761904716491699,0,0,0,0,9.523809432983398,0,0,0,0,0,0,0,100,142178.3120727539,85739.2861328125,0,404327403520,8589930496,5144555520,114688
9,1791560628237,2500,2499,799,800,800,799,800,800,2500,2500,2500,2499,2500,2500,800,800,0,0,4.761904716491699,0,0,0,0,9.523809432983398,0,0,0,0,0,0,0,100,142178.45526123047,85739.60235595703,0,404327403520,8589930496,5144555520,114688
9,1791560628247,2500,2499,799,800,800,799,800,800,2500,2500,2500,2499,2500,2500,800,800,0,0,4.761904716491699,0,0,0,0,9.523809432983398,0,0,0,0,0,0,0,100,142178.59771728516,85739.91333007813,0,404327403520,8589930496,5144555520,114688
9,1791560628257,2500,2499,799,800,800,799,800,800,2500,2500,2500,2499,2500,2500,800,800,0,0,4.761904716491699,0,0,0,0,9.523809432983398,0,0,0,0,0,0,0,100,142178.7413330078,85740.22845458984,0,404327403520,8589930496,5144555520,114688
10,1791560628267,2500,2499,799,800,800,799,800,800,2500,2500,2500,2499,2500,2500,800,800,0,0,4.761904716491699,0,0,0,0,9.523809432983398,0,0,0,0,0,0,0,100,142178.8890991211,85740.54736328125,0,404327403520,8589930496,5144555520,114688
9,1791560628277,2500,2499,799,800,800,799,800,800,2500,2500,2500,2499,2500,2500,800,800,0,0,4.761904716491699,0,0,0,0,9.523809432983398,0,0,0,0,0,0,0,100,142179.03448486328,85740.86724853516,0,404327403520,8589930496,5144555520,114688
10,1791560628287,2500,2499,799,800,800,799,800,800,2500,2500,2500,2499,2500,2500,800,800,0,0,4.761904716491699,0,0,0,0,9.523809432983398,0,0,0,0,0,0,0,100,142179.18328857422,85741.18688964844,0,404327403520,8589930496,5144555520,114688
10,1791560628297,2500,2499,799,800,800,799,800,800,2500,2500,2500,2499,2500,2500,800,800,0,0,4.761904716491699,0,0,0,0,9.523809432983398,0,0,0,0,0,0,0,100,142179.32940673828,85741.50561523438,0,404327403520,8589930496,5144555520,114688
9,1791560628307,2500,2499,799,800,800,799,800,800,2500,2500,2500,2499,2500,2500,800,800,0,0,4.761904716491699,0,0,0,0,9.523809432983398,0,0,0,0,0,0,0,100,142179.47882080078,85741.82568359375,0,404327403520,8589930496,5144555520,114688
10,1791560628317,2500,2499,799,800,800,799,800,800,2500,2500,2500,2499,2500,2500,800,800,0,0,4.761904716491699,0,0,0,0,9.523809432983398,0,0,0,0,0,0,0,100,142179.62365722656,85742.15026855469,0,404327403520,8589930496,5144555520,114688
9,1791560628328,2500,2499,799,800,800,799,800,800,2500,2500,2500,2499,2500,2500,800,800,0,0,4.761904716491699,0,0,0,0,9.523809432983398,0,0,0,0,0,0,0,100,142179.77197265625,85742.46954345703,0,404327403520,8589930496,5144555520,114688
9,1791560628338,2500,2499,799,800,800,799,800,800,2500,2500,2500,2499,2500,2500,800,800,0,0,4.761904716491699,0,0,0,0,9.523809432983398,0,0,0,0,0,0,0,100,142179.9334716797,85742.82550048828,0,404327403520,8589930496,5144555520,114688
10,1791560628348,2500,2499,799,800,800,799,800,800,2500,2500,2500,2499,2500,2500,800,800,0,0,4.761904716491699,0,0,0,0,9.523809432983398,0,0,0,0,0,0,0,100,142180.08032226563,85743.14489746094,0,404327403520,8589930496,5144555520,114688
10,1791560628358,2500,2499,799,800,800,799,800,800,2500,2500,2500,2499,2500,2500,800,800,0,0,4.761904716491699,0,0,0,0,9.523809432983398,0,0,0,0,0,0,0,100,142180.20874023438,85743.43450927734,0,404327403520,8589930496,5144555520,114688
9,1791560628368,2500,2499,799,800,800,799,800,800,2500,2500,2500,2499,2500,2500,800,800,0,0,4.761904716491699,0,0,0,0,9.523809432983398,0,0,0,0,0,0,0,100,142180.37060546875,85743.78698730469,0,404327403520,8589930496,5144555520,114688
10,1791560628378,2500,2499,799,800,800,799,800,800,2500,2500,2500,2499,2500,2500,800,800,0,0,4.761904716491699,0,0,0,0,9.523809432983398,0,0,0,0,0,0,0,100,142180.51696777344,85744.1069946289,0,404327403520,8589930496,5144555520,114688
10,1791560628388,2500,2499,799,800,800,799,800,800,2500,2500,2500,2499,2500,2500,800,800,0,0,4.761904716491699,0,0,0,0,9.523809432983398,0,0,0,0,0,0,0,100,142180.65814208984,85744.42877197266,0,404327403520,8589930496,5144555520,114688
9,1791560628398,2500,2499,799,800,800,799,800,800,2500,2500,2500,2499,2500,2500,800,800,5.263157844543457,0,65,0,0,0,0,5.263157844543457,0,0,0,0,0,0,0,36.842105865478516,142180.80364990234,85744.75476074219,0,404327403520,8589930496,5144555520,114688
9,1791560628408,2500,2499,799,800,800,799,800,800,2500,2500,2500,2499,2500,2500,800,800,5.263157844543457,0,65,0,0,0,0,5.263157844543457,0,0,0,0,0,0,0,36.842105865478516,142180.9539794922,85745.0771484375,0,404327403520,8589930496,5144555520,114688
10,1791560628418,2500,2499,799,800,800,799,800,800,2500,2500,2500,2499,2500,2500,800,800,5.263157844543457,0,65,0,0,0,0,5.263157844543457,0,0,0,0,0,0,0,36.842105865478516,142181.10223388672,85745.40295410156,0,404327403520,8589930496,5144555520,114688
10,1791560628428,2500,2499,799,800,800,799,800,800,2500,2500,2500,2499,2500,2500,800,800,5.263157844543457,0,65,0,0,0,0,5.263157844543457,0,0,0,0,0,0,0,36.842105865478516,142181.24493408203,85745.71105957031,0,404327403520,8589930496,5144555520,114688
10,1791560628438,2500,2499,799,800,800,799,800,800,2500,2500,2500,2499,2500,2500,800,800,5.263157844543457,0,65,0,0,0,0,5.263157844543457,0,0,0,0,0,0,0,36.842105865478516,142181.38720703125,85746.02728271484,0,404327403520,8589930496,5144555520,114688
9,1791560628448,2500,2499,799,800,800,799,800,800,2500,2500,2500,2499,2500,2500,800,800,5.263157844543457,0,65,0,0,0,0,5.263157844543457,0,0,0,0,0,0,0,36.842105865478516,142181.53521728516,85746.3482055664,0,404327403520,8589930496,5144555520,114688
9,1791560628459,2500,2499,799,800,800,799,800,800,2500,2500,2500,2499,2500,2500,800,800,5.263157844543457,0,65,0,0,0,0,5.263157844543457,0,0,0,0,0,0,0,36.842105865478516,142181.68682861328,85746.669921875,0,404327403520,8589930496,5144555520,114688
9,1791560628469,2500,2499,799,800,800,799,800,800,2500,2500,2500,2499,2500,2500,800,800,5.263157844543457,0,65,0,0,0,0,5.263157844543457,0,0,0,0,0,0,0,36.842105865478516,142181.83239746094,85746.99548339844,0,404327403520,8589930496,5144555520,114688
9,1791560628479,2500,2499,799,800,800,799,800,800,2500,2500,2500,2499,2500,2500,800,800,5.263157844543457,0,65,0,0,0,0,5.263157844543457,0,0,0,0,0,0,0,36.842105865478516,142181.97814941406,85747.31231689453,0,404327403520,8589930496,5144555520,114688
9,1791560628489,2500,2499,799,800,800,799,800,800,2500,2500,2500,2499,2500,2500,800,800,5.263157844543457,0,65,0,0,0,0,5.263157844543457,0,0,0,0,0,0,0,36.842105865478516,142182.12811279297,85747.62786865234,0,404327403520,8589930496,5144555520,114688
9,1791560628499,2500,2499,799,800,800,799,800,800,2500,2500,2500,2499,2500,2500,800,800,5.263157844543457,0,65,0,0,0,0,5.263157844543457,0,0,0,0,0,0,0,36.842105865478516,142182.29656982422,85747.97326660156,0,404327403520,8589930496,5144555520,114688
9,1791560628509,2500,2499,799,800,800,799,800,800,2500,2500,2500,2499,2500,2500,800,800,5.263157844543457,0,65,0,0,0,0,5.263157844543457,0,0,0,0,0,0,0,36.842105865478516,142182.4478149414,85748.28997802734,0,404327403520,8589930496,5144555520,114688
10,1791560628519,2500,2499,799,800,800,799,800,800,2500,2500,2500,2499,2500,2500,800,800,5.263157844543457,0,65,0,0,0,0,5.263157844543457,0,0,0,0,0,0,0,36.842105865478516,142182.57489013672,85748.57836914063,0,404327403520,8589930496,5144555520,114688
9,1791560628529,2500,2499,799,800,800,799,800,800,2500,2500,2500,2499,2500,2500,800,800,5.263157844543457,0,65,0,0,0,0,5.263157844543457,0,0,0,0,0,0,0,36.842105865478516,142182.73657226563,85748.93194580078,0,404327403520,8589930496,5144555520,114688
9,1791560628539,2500,2499,799,800,800,799,800,800,2500,2500,2500,2499,2500,2500,800,800,5.263157844543457,0,65,0,0,0,0,5.263157844543457,0,0,0,0,0,0,0,36.842105865478516,142182.88159179688,85749.24938964844,0,404327403520,8589930496,5144555520,114688
9,1791560628549,2500,2499,799,800,800,799,800,800,2500,2500,2500,2499,2500,2500,800,800,5.263157844543457,0,65,0,0,0,0,5.263157844543457,0,0,0,0,0,0,0,36.842105865478516,142183.02899169922,85749.55950927734,0,404327403520,8589930496,5144555520,114688
9,1791560628559,2500,2499,799,800,800,799,800,800,2500,2500,2500,2499,2500,2500,800,800,5.263157844543457,0,65,0,0,0,0,5.263157844543457,0,0,0,0,0,0,0,36.842105865478516,142183.17822265625,85749.88415527344,0,404327403520,8589930496,5144555520,114688
9,1791560628569,2500,2499,799,800,800,799,800,800,2500,2500,2500,2499,2500,2500,800,800,5.263157844543457,0,65,0,0,0,0,5.263157844543457,0,0,0,0,0,0,0,36.842105865478516,142183.32568359375,85750.19921875,0,404327403520,8589930496,5144555520,114688
9,1791560628579,2500,2499,799,800,800,799,800,800,2500,2500,2500,2499,2500,2500,800,800,5.263157844543457,0,65,0,0,0,0,5.263157844543457,0,0,0,0,0,0,0,36.842105865478516,142183.47674560547,85750.52282714844,0,404327403520,8589930496,5144555520,114688
10,1791560628589,2500,2499,799,800,800,799,800,800,2500,2500,2500,2499,2500,2500,800,800,5.263157844543457,0,65,0,0,0,0,5.263157844543457,0,0,0,0,0,0,0,36.842105865478516,142183.62927246094,85750.83990478516,0,404327403520,8589930496,5144555520,114688
9,1791560628600,2500,2499,799,800,800,799,800,800,2500,2500,2500,2499,2500,2500,800,800,10,0,100,0,0,0,0,5,0,0,0,0,0,0,0,0,142183.78033447266,85751.16186523438,0,404327403520,8589930496,5144555520,114688
9,1791560628610,2500,2499,799,800,800,799,800,800,2500,2500,2500,2499,2500,2500,800,800,10,0,100,0,0,0,0,5,0,0,0,0,0,0,0,0,142183.92864990234,85751.47784423828,0,404327403520,8589930496,5144555520,114688
10,1791560628620,2500,2499,799,800,800,799,800,800,2500,2500,2500,2499,2500,2500,800,800,10,0,100,0,0,0,0,5,0,0,0,0,0,0,0,0,142184.0810546875,85751.7904663086,0,404327403520,8589930496,5144555520,114688
9,1791560628630,2500,2499,799,800,800,799,800,800,2500,2500,2500,2499,2500,2500,800,800,10,0,100,0,0,0,0,5,0,0,0,0,0,0,0,0,142184.23486328125,85752.11236572266,0,404327403520,8589930496,5144555520,114688
9,1791560628640,2500,2499,799,800,800,799,800,800,2500,2500,2500,2499,2500,2500,800,800,10,0,100,0,0,0,0,5,0,0,0,0,0,0,0,0,142184.39965820313,85752.43145751953,0,404327403520,8589930496,5144555520,114688
9,1791560628650,2500,2499,799,800,800,799,800,800,2500,2500,2500,2499,2500,2500,800,800,10,0,100,0,0,0,0,5,0,0,0,0,0,0,0,0,142184.53149414063,85752.7494506836,0,404327403520,8589930496,5144555520,114688
9,1791560628660,2500,2499,799,800,800,799,800,800,2500,2500,2500,2499,2500,2500,800,800,10,0,100,0,0,0,0,5,0,0,0,0,0,0,0,0,142184.69958496094,85753.09649658203,0,404327403520,8589930496,5144555520,114688
10,1791560628670,2500,2499,799,800,800,799,800,800,2500,2500,2500,2499,2500,2500,800,800,10,0,100,0,0,0,0,5,0,0,0,0,0,0,0,0,142184.83709716797,85753.37786865234,0,404327403520,8589930496,5144555520,114688
9,1791560628680,2500,2499,799,800,800,799,800,800,2500,2500,2500,2499,2500,2500,800,800,10,0,100,0,0,0,0,5,0,0,0,0,0,0,0,0,142185.00482177734,85753.72717285156,0,404327403520,8589930496,5144555520,114688
10,1791560628690,2500,2499,799,800,800,799,800,800,2500,2500,2500,2499,2500,2500,800,800,10,0,100,0,0,0,0,5,0,0,0,0,0,0,0,0,142185.15753173828,85754.04327392578,0,404327403520,8589930496,5144555520,114688
10,1791560628700,2500,2499,799,800,800,799,800,800,2500,2500,2500,2499,2500,2500,800,800,10,0,100,0,0,0,0,5,0,0,0,0,0,0,0,0,142185.30505371094,85754.36431884766,0,404327403520,8589930496,5144555520,114688
9,1791560628710,2500,2499,799,800,800,799,800,800,2500,2500,2500,2499,2500,2500,800,800,10,0,100,0,0,0,0,5,0,0,0,0,0,0,0,0,142185.44946289063,85754.67559814453,0,404327403520,8589930496,5144555520,114688
9,1791560628720,2500,2499,799,800,800,799,800,800,2500,2500,2500,2499,2500,2500,800,800,10,0,100,0,0,0,0,5,0,0,0,0,0,0,0,0,142185.5948486328,85754.99188232422,0,404327403520,8589930496,5144555520,114688
10,1791560628730,2500,2499,799,800,800,799,800,800,2500,2500,2500,2499,2500,2500,800,800,10,0,100,0,0,0,0,5,0,0,0,0,0,0,0,0,142185.7421875,85755.30950927734,0,404327403520,8589930496,5144555520,114688
9,1791560628741,2500,2499,799,800,800,799,800,800,2500,2500,2500,2499,2500,2500,800,800,10,0,100,0,0,0,0,5,0,0,0,0,0,0,0,0,142185.8921508789,85755.62292480469,0,404327403520,8589930496,5144555520,114688
9,1791560628751,2500,2499,799,800,800,799,800,800,2500,2500,2500,2499,2500,2500,800,800,10,0,100,0,0,0,0,5,0,0,0,0,0,0,0,0,142186.04193115234,85755.94470214844,0,404327403520,8589930496,5144555520,114688
9,1791560628761,2500,2499,799,800,800,799,800,800,2500,2500,2500,2499,2500,2500,800,800,10,0,100,0,0,0,0,5,0,0,0,0,0,0,0,0,142186.1856689453,85756.26458740234,0,404327403520,8589930496,5144555520,114688
9,1791560628771,2500,2499,799,800,800,799,800,800,2500,2500,2500,2499,2500,2500,800,800,10,0,100,0,0,0,0,5,0,0,0,0,0,0,0,0,142186.33544921875,85756.58117675781,0,404327403520,8589930496,5144555520,114688
9,1791560628781,2500,2499,799,800,800,799,800,800,2500,2500,2500,2499,2500,2500,800,800,10,0,100,0,0,0,0,5,0,0,0,0,0,0,0,0,142186.48541259766,85756.9033203125,0,404327403520,8589930496,5144555520,114688
9,1791560628791,2500,2499,799,800,800,799,800,800,2500,2500,2500,2499,2500,2500,800,800,10,0,100,0,0,0,0,5,0,0,0,0,0,0,0,0,142186.63537597656,85757.21752929688,0,404327403520,8589930496,5144555520,114688
9,1791560628801,2500,2499,799,800,800,799,800,800,2500,2500,2500,2499,2500,2500,800,800,5,0,100,0,0,0,0,5,0,0,0,0,0,0,0,0,142186.79559326172,85757.56280517578,0,404327403520,8589930496,5144555520,114688
9,1791560628811,2500,2499,799,800,800,799,800,800,2500,2500,2500,2499,2500,2500,800,800,5,0,100,0,0,0,0,5,0,0,0,0,0,0,0,0,142186.93096923828,85757.85144042969,0,404327403520,8589930496,5144555520,114688
10,1791560628821,2500,2499,799,800,800,799,800,800,2500,2500,2500,2499,2500,2500,800,800,5,0,100,0,0,0,0,5,0,0,0,0,0,0,0,0,142187.0824584961,85758.16906738281,0,404327403520,8589930496,5144555520,114688
10,1791560628831,2500,2499,799,800,800,799,800,800,2500,2500,2500,2499,2500,2500,800,800,5,0,100,0,0,0,0,5,0,0,0,0,0,0,0,0,142187.2240600586,85758.48474121094,0,404327403520,8589930496,5144555520,114688
9,1791560628841,2500,2499,799,800,800,799,800,800,2500,2500,2500,2499,2500,2500,800,800,5,0,100,0,0,0,0,5,0,0,0,0,0,0,0,0,142187.3853149414,85758.83349609375,0,404327403520,8589930496,5144555520,114688
9,1791560628851,2500,2499,799,800,800,799,800,800,2500,2500,2500,2499,2500,2500,800,800,5,0,100,0,0,0,0,5,0,0,0,0,0,0,0,0,142187.53564453125,85759.1244506836,0,404327403520,8589930496,5144555520,114688
10,1791560628861,2500,2499,799,800,800,799,800,800,2500,2500,2500,2499,2500,2500,800,800,5,0,100,0,0,0,0,5,0,0,0,0,0,0,0,0,142187.67791748047,85759.47595214844,0,404327403520,8589930496,5144555520,114688
9,1791560628872,2500,2499,799,800,800,799,800,800,2500,2500,2500,2499,2500,2500,800,800,5,0,100,0,0,0,0,5,0,0,0,0,0,0,0,0,142187.818359375,85759.78857421875,0,404327403520,8589930496,5144555520,114688
10,1791560628881,2500,2499,799,800,800,799,800,800,2500,2500,2500,2499,2500,2500,800,800,5,0,100,0,0,0,0,5,0,0,0,0,0,0,0,0,142187.9659423828,85760.10656738281,0,404327403520,8589930496,5144555520,114688
9,1791560628892,2500,2499,799,800,800,799,800,800,2500,2500,2500,2499,2500,2500,800,800,5,0,100,0,0,0,0,5,0,0,0,0,0,0,0,0,142188.10803222656,85760.4232788086,0,404327403520,8589930496,5144555520,114688
9,1791560628902,2500,2499,799,800,800,799,800,800,2500,2500,2500,2499,2500,2500,800,800,5,0,100,0,0,0,0,5,0,0,0,0,0,0,0,0,142188.25231933594,85760.74182128906,0,404327403520,8589930496,5144555520,114688
9,1791560628912,2500,2499,799,800,800,799,800,800,2500,2500,2500,2499,2500,2500,800,800,5,0,100,0,0,0,0,5,0,0,0,0,0,0,0,0,142188.39880371094,85761.06048583984,0,404327403520,8589930496,5144555520,114688
10,1791560628922,2500,2499,799,800,800,799,800,800,2500,2500,2500,2499,2500,2500,800,800,5,0,100,0,0,0,0,5,0,0,0,0,0,0,0,0,142188.55352783203,85761.37896728516,0,404327403520,8589930496,5144555520,114688
9,1791560628932,2500,2499,799,800,800,799,800,800,2500,2500,2500,2499,2500,2500,800,800,5,0,100,0,0,0,0,5,0,0,0,0,0,0,0,0,142188.70385742188,85761.69152832031,0,404327403520,8589930496,5144555520,114688
9,1791560628942,2500,2499,799,800,800,799,800,800,2500,2500,2500,2499,2500,2500,800,800,5,0,100,0,0,0,0,5,0,0,0,0,0,0,0,0,142188.84997558594,85762.01086425781,0,404327403520,8589930496,5144555520,114688
10,1791560628952,2500,2499,799,800,800,799,800,800,2500,2500,2500,2499,2500,2500,800,800,5,0,100,0,0,0,0,5,0,0,0,0,0,0,0,0,142188.99224853516,85762.33099365234,0,404327403520,8589930496,5144555520,114688
9,1791560628962,2500,2499,799,800,800,799,800,800,2500,2500,2500,2499,2500,2500,800,800,5,0,100,0,0,0,0,5,0,0,0,0,0,0,0,0,142189.13885498047,85762.64715576172,0,404327403520,8589930496,5144555520,114688
9,1791560628972,2500,2499,799,800,800,799,800,800,2500,2500,2500,2499,2500,2500,800,800,5,0,100,0,0,0,0,5,0,0,0,0,0,0,0,0,142189.28515625,85762.96661376953,0,404327403520,8589930496,5144555520,114688
9,1791560628982,2500,2499,799,800,800,799,800,800,2500,2500,2500,2499,2500,2500,800,800,5,0,100,0,0,0,0,5,0,0,0,0,0,0,0,0,142189.45013427734,85763.31463623047,0,404327403520,8589930496,5144555520,114688
9,1791560628992,2500,2499,799,800,800,799,800,800,2500,2500,2500,2499,2500,2500,800,800,5,0,100,0,0,0,0,5,0,0,0,0,0,0,0,0,142189.59350585938,85763.62585449219,0,404327403520,8589930496,5144555520,114688
9,1791560629002,2500,2499,799,800,800,799,800,800,2500,2500,2500,2499,2500,2500,800,800,5.263157844543457,0,100,0,0,0,0,0,0,0,0,0,0,0,0,0,142189.7427368164,85763.9400024414,0,404327403520,8589930496,5144555520,114688
9,1791560629013,2500,2499,799,800,800,799,800,800,2500,2500,2500,2499,2500,2500,800,800,5.263157844543457,0,100,0,0,0,0,0,0,0,0,0,0,0,0,0,142189.89324951172,85764.25610351563,0,404327403520,8589930496,5144555520,114688
9,1791560629023,2500,2499,799,800,800,799,800,800,2500,2500,2500,2499,2500,2500,800,800,5.263157844543457,0,100,0,0,0,0,0,0,0,0,0,0,0,0,0,142190.03845214844,85764.57470703125,0,404327403520,8589930496,5144555520,114688
9,1791560629033,2500,2499,799,800,800,799,800,800,2500,2500,2500,2499,2500,2500,800,800,5.263157844543457,0,100,0,0,0,0,0,0,0,0,0,0,0,0,0,142190.1939086914,85764.8921508789,0,404327403520,8589930496,5144555520,114688
9,1791560629043,2500,2499,799,800,800,799,800,800,2500,2500,2500,2499,2500,2500,800,800,5.263157844543457,0,100,0,0,0,0,0,0,0,0,0,0,0,0,0,142190.3462524414,85765.21337890625,0,404327403520,8589930496,5144555520,114688
9,1791560629053,2500,2499,799,800,800,799,800,800,2500,2500,2500,2499,2500,2500,800,800,5.263157844543457,0,100,0,0,0,0,0,0,0,0,0,0,0,0,0,142190.49420166016,85765.52557373047,0,404327403520,8589930496,5144555520,114688
9,1791560629063,2500,2499,799,800,800,799,800,800,2500,2500,2500,2499,2500,2500,800,800,5.263157844543457,0,100,0,0,0,0,0,0,0,0,0,0,0,0,0,142190.6436767578,85765.84210205078,0,404327403520,8589930496,5144555520,114688
9,1791560629073,2500,2499,799,800,800,799,800,800,2500,2500,2500,2499,2500,2500,800,800,5.263157844543457,0,100,0,0,0,0,0,0,0,0,0,0,0,0,0,142190.79290771484,85766.16149902344,0,404327403520,8589930496,5144555520,114688
9,1791560629083,2500,2499,799,800,800,799,800,800,2500,2500,2500,2499,2500,2500,800,800,5.263157844543457,0,100,0,0,0,0,0,0,0,0,0,0,0,0,0,142190.93829345703,85766.47393798828,0,404327403520,8589930496,5144555520,114688
9,1791560629093,2500,2499,799,800,800,799,800,800,2500,2500,2500,2499,2500,2500,800,800,5.263157844543457,0,100,0,0,0,0,0,0,0,0,0,0,0,0,0,142191.08697509766,85766.79034423828,0,404327403520,8589930496,5144555520,114688
9,1791560629103,2500,2499,799,800,800,799,800,800,2500,2500,2500,2499,2500,2500,800,800,5.263157844543457,0,100,0,0,0,0,0,0,0,0,0,0,0,0,0,142191.23236083984,85767.1103515625,0,404327403520,8589930496,5144555520,114688
10,1791560629113,2500,2499,799,800,800,799,800,800,2500,2500,2500,2499,2500,2500,800,800,5.263157844543457,0,100,0,0,0,0,0,0,0,0,0,0,0,0,0,142191.37774658203,85767.43048095703,0,404327403520,8589930496,5144555520,114688
9,1791560629123,2500,2499,799,800,800,799,800,800,2500,2500,2500,2499,2500,2500,800,800,5.263157844543457,0,100,0,0,0,0,0,0,0,0,0,0,0,0,0,142191.52239990234,85767.74884033203,0,404327403520,8589930496,5144555520,114688
9,1791560629133,2500,2499,799,800,800,799,800,800,2500,2500,2500,2499,2500,2500,800,800,5.263157844543457,0,100,0,0,0,0,0,0,0,0,0,0,0,0,0,142191.6815185547,85768.1000366211,0,404327403520,8589930496,5144555520,114688
9,1791560629143,2500,2499,799,800,800,799,800,800,2500,2500,2500,2499,2500,2500,800,800,5.263157844543457,0,100,0,0,0,0,0,0,0,0,0,0,0,0,0,142191.82781982422,85768.42309570313,0,404327403520,8589930496,5144555520,114688
9,1791560629154,2500,2499,799,800,800,799,800,800,2500,2500,2500,2499,2500,2500,800,800,5.263157844543457,0,100,0,0,0,0,0,0,0,0,0,0,0,0,0,142191.97833251953,85768.7431640625,0,404327403520,8589930496,5144555520,114688
9,1791560629164,2500,2499,799,800,800,799,800,800,2500,2500,2500,2499,2500,2500,800,800,5.263157844543457,0,100,0,0,0,0,0,0,0,0,0,0,0,0,0,142192.1215209961,85769.05895996094,0,404327403520,8589930496,5144555520,114688
10,1791560629174,2500,2499,799,800,800,799,800,800,2500,2500,2500,2499,2500,2500,800,800,5.263157844543457,0,100,0,0,0,0,0,0,0,0,0,0,0,0,0,142192.25579833984,85769.38079833984,0,404327403520,8589930496,5144555520,114688
10,1791560629184,2500,2499,799,800,800,799,800,800,2500,2500,2500,2499,2500,2500,800,800,5.263157844543457,0,100,0,0,0,0,0,0,0,0,0,0,0,0,0,142192.42224121094,85769.70050048828,0,404327403520,8589930496,5144555520,114688
9,1791560629194,2500,2499,799,800,800,799,800,800,2500,2500,2500,2499,2500,2500,800,800,5.263157844543457,0,100,0,0,0,0,0,0,0,0,0,0,0,0,0,142192.5678100586,85770.01989746094,0,404327403520,8589930496,5144555520,114688
9,1791560629204,2500,2499,799,800,800,799,800,800,2500,2500,2500,2499,2500,2500,800,800,5.263157844543457,0,100,0,0,0,0,9.523809432983398,0,0,0,0,0,0,0,0,142192.7113647461,85770.341796875,0,404327403520,8589930496,5144555520,114688
9,1791560629214,2500,2499,799,800,800,799,800,800,2500,2500,2500,2499,2500,2500,800,800,5.263157844543457,0,100,0,0,0,0,9.523809432983398,0,0,0,0,0,0,0,0,142192.85931396484,85770.66082763672,0,404327403520,8589930496,5144555520,114688
9,1791560629224,2500,2499,799,800,800,799,800,800,2500,2500,2500,2499,2500,2500,800,800,5.263157844543457,0,100,0,0,0,0,9.523809432983398,0,0,0,0,0,0,0,0,142193.01239013672,85770.98126220703,0,404327403520,8589930496,5144555520,114688
10,1791560629234,2500,2499,799,800,800,799,800,800,2500,2500,2500,2499,2500,2500,800,800,5.263157844543457,0,100,0,0,0,0,9.523809432983398,0,0,0,0,0,0,0,0,142193.1590576172,85771.2984008789,0,404327403520,8589930496,5144555520,114688
9,1791560629244,2500,2499,799,800,800,799,800,800,2500,2500,2500,2499,2500,2500,800,800,5.263157844543457,0,100,0,0,0,0,9.523809432983398,0,0,0,0,0,0,0,0,142193.30627441406,85771.61053466797,0,404327403520,8589930496,5144555520,114688
9,1791560629254,2500,2499,799,800,800,799,800,800,2500,2500,2500,2499,2500,2500,800,800,5.263157844543457,0,100,0,0,0,0,9.523809432983398,0,0,0,0,0,0,0,0,142193.4507446289,85771.93322753906,0,404327403520,8589930496,5144555520,114688
9,1791560629264,2500,2499,799,800,800,799,800,800,2500,2500,2500,2499,2500,2500,800,800,5.263157844543457,0,100,0,0,0,0,9.523809432983398,0,0,0,0,0,0,0,0,142193.60107421875,85772.25006103516,0,404327403520,8589930496,5144555520,114688
9,1791560629274,2500,2499,799,800,800,799,800,800,2500,2500,2500,2499,2500,2500,800,800,5.263157844543457,0,100,0,0,0,0,9.523809432983398,0,0,0,0,0,0,0,0,142193.7514038086,85772.56884765625,0,404327403520,8589930496,5144555520,114688
9,1791560629284,2500,2499,799,800,800,799,800,800,2500,2500,2500,2499,2500,2500,800,800,5.263157844543457,0,100,0,0,0,0,9.523809432983398,0,0,0,0,0,0,0,0,142193.90063476563,85772.8842163086,0,404327403520,8589930496,5144555520,114688
9,1791560629295,2500,2499,799,800,800,799,800,800,2500,2500,2500,2499,2500,2500,800,800,5.263157844543457,0,100,0,0,0,0,9.523809432983398,0,0,0,0,0,0,0,0,142194.04858398438,85773.19934082031,0,404327403520,8589930496,5144555520,114688
10,1791560629305,2500,2499,799,800,800,799,800,800,2500,2500,2500,2499,2500,2500,800,800,5.263157844543457,0,100,0,0,0,0,9.523809432983398,0,0,0,0,0,0,0,0,142194.19799804688,85773.51373291016,0,404327403520,8589930496,5144555520,114688
9,1791560629315,2500,2499,799,800,800,799,800,800,2500,2500,2500,2499,2500,2500,800,800,5.263157844543457,0,100,0,0,0,0,9.523809432983398,0,0,0,0,0,0,0,0,142194.35711669922,85773.86236572266,0,404327403520,8589930496,5144555520,114688
9,1791560629325,2500,2499,799,800,800,799,800,800,2500,2500,2500,2499,2500,2500,800,800,5.263157844543457,0,100,0,0,0,0,9.523809432983398,0,0,0,0,0,0,0,0,142194.50579833984,85774.17614746094,0,404327403520,8589930496,5144555520,114688
9,1791560629335,2500,2499,799,800,800,799,800,800,2500,2500,2500,2499,2500,2500,800,800,5.263157844543457,0,100,0,0,0,0,9.523809432983398,0,0,0,0,0,0,0,0,142194.6537475586,85774.49322509766,0,404327403520,8589930496,5144555520,114688
9,1791560629345,2500,2499,799,800,800,799,800,800,2500,2500,2500,2499,2500,2500,800,800,5.263157844543457,0,100,0,0,0,0,9.523809432983398,0,0,0,0,0,0,0,0,142194.80700683594,85774.80737304688,0,404327403520,8589930496,5144555520,114688
10,1791560629355,2500,2499,799,800,800,799,800,800,2500,2500,2500,2499,2500,2500,800,800,5.263157844543457,0,100,0,0,0,0,9.523809432983398,0,0,0,0,0,0,0,0,142194.95642089844,85775.1244506836,0,404327403520,8589930496,5144555520,114688
9,1791560629365,2500,2499,799,800,800,799,800,800,2500,2500,2500,2499,2500,2500,800,800,5.263157844543457,0,100,0,0,0,0,9.523809432983398,0,0,0,0,0,0,0,0,142195.10583496094,85775.4379272461,0,404327403520,8589930496,5144555520,114688
10,1791560629375,2500,2499,799,800,800,799,800,800,2500,2500,2500,2499,2500,2500,800,800,5.263157844543457,0,100,0,0,0,0,9.523809432983398,0,0,0,0,0,0,0,0,142195.25506591797,85775.75274658203,0,404327403520,8589930496,5144555520,114688
9,1791560629385,2500,2499,799,800,800,799,800,800,2500,2500,2500,2499,2500,2500,800,800,5.263157844543457,0,100,0,0,0,0,9.523809432983398,0,0,0,0,0,0,0,0,142195.40264892578,85776.06915283203,0,404327403520,8589930496,5144555520,114688
10,1791560629395,2500,2499,799,800,800,799,800,800,2500,2500,2500,2499,2500,2500,800,800,5.263157844543457,0,100,0,0,0,0,9.523809432983398,0,0,0,0,0,0,0,0,142195.5542602539,85776.3862915039,0,404327403520,8589930496,5144555520,114688
10,1791560629405,2500,2499,799,800,800,799,800,800,2500,2500,2500,2499,2500,2500,800,800,9.523809432983398,0,100,0,0,0,0,0,0,0,0,0,0,0,0,0,142195.70275878906,85776.70581054688,0,404327403520,8589930496,5144555520,114688
9,1791560629415,2500,2499,799,800,800,799,800,800,2500,2500,2500,2499,2500,2500,800,800,9.523809432983398,0,100,0,0,0,0,0,0,0,0,0,0,0,0,0,142195.85089111328,85777.02630615234,0,404327403520,8589930496,5144555520,114688
9,1791560629426,2500,2499,799,800,800,799,800,800,2500,2500,2500,2499,2500,2500,800,800,9.523809432983398,0,100,0,0,0,0,0,0,0,0,0,0,0,0,0,142196.00122070313,85777.34045410156,0,404327403520,8589930496,5144555520,114688
9,1791560629436,2500,2499,799,800,800,799,800,800,2500,2500,2500,2499,2500,2500,800,800,9.523809432983398,0,100,0,0,0,0,0,0,0,0,0,0,0,0,0,142196.1478881836,85777.65826416016,0,404327403520,8589930496,5144555520,114688
9,1791560629446,2500,2499,799,800,800,799,800,800,2500,2500,2500,2499,2500,2500,800,800,9.523809432983398,0,100,0,0,0,0,0,0,0,0,0,0,0,0,0,142196.29858398438,85777.97827148438,0,404327403520,8589930496,5144555520,114688
10,1791560629456,2500,2499,799,800,800,799,800,800,2500,2500,2500,2499,2500,2500,800,800,9.523809432983398,0,100,0,0,0,0,0,0,0,0,0,0,0,0,0,142196.4468383789,85778.29187011719,0,404327403520,8589930496,5144555520,114688
10,1791560629466,2500,2499,799,800,800,799,800,800,2500,2500,2500,2499,2500,2500,800,800,9.523809432983398,0,100,0,0,0,0,0,0,0,0,0,0,0,0,0,142196.5946044922,85778.6201171875,0,404327403520,8589930496,5144555520,114688
9,1791560629476,2500,2499,799,800,800,799,800,800,2500,2500,2500,2499,2500,2500,800,800,9.523809432983398,0,100,0,0,0,0,0,0,0,0,0,0,0,0,0,142196.75665283203,85778.96423339844,0,404327403520,8589930496,5144555520,114688
9,1791560629486,2500,2499,799,800,800,799,800,800,2500,2500,2500,2499,2500,2500,800,800,9.523809432983398,0,100,0,0,0,0,0,0,0,0,0,0,0,0,0,142196.90313720703,85779.2816772461,0,404327403520,8589930496,5144555520,114688
9,1791560629496,2500,2499,799,800,800,799,800,800,2500,2500,2500,2499,2500,2500,800,800,9.523809432983398,0,100,0,0,0,0,0,0,0,0,0,0,0,0,0,142197.05517578125,85779.60656738281,0,404327403520,8589930496,5144555520,114688
9,1791560629506,2500,2499,799,800,800,799,800,800,2500,2500,2500,2499,2500,2500,800,800,9.523809432983398,0,100,0,0,0,0,0,0,0,0,0,0,0,0,0,142197.201171875,85779.92822265625,0,404327403520,8589930496,5144555520,114688
9,1791560629516,2500,2499,799,800,800,799,800,800,2500,2500,2500,2499,2500,2500,800,800,9.523809432983398,0,100,0,0,0,0,0,0,0,0,0,0,0,0,0,142197.34545898438,85780.24114990234,0,404327403520,8589930496,5144555520,114688
9,1791560629526,2500,2499,799,800,800,799,800,800,2500,2500,2500,2499,2500,2500,800,800,9.523809432983398,0,100,0,0,0,0,0,0,0,0,0,0,0,0,0,142197.49603271484,85780.55572509766,0,404327403520,8589930496,5144555520,114688
9,1791560629536,2500,2499,799,800,800,799,800,800,2500,2500,2500,2499,2500,2500,800,800,9.523809432983398,0,100,0,0,0,0,0,0,0,0,0,0,0,0,0,142197.64306640625,85780.87316894531,0,404327403520,8589930496,5144555520,114688
9,1791560629546,2500,2499,799,800,800,799,800,800,2500,2500,2500,2499,2500,2500,800,800,9.523809432983398,0,100,0,0,0,0,0,0,0,0,0,0,0,0,0,142197.79010009766,85781.18438720703,0,404327403520,8589930496,5144555520,114688
10,1791560629556,2500,2499,799,800,800,799,800,800,2500,2500,2500,2499,2500,2500,800,800,9.523809432983398,0,100,0,0,0,0,0,0,0,0,0,0,0,0,0,142197.93658447266,85781.50262451172,0,404327403520,8589930496,5144555520,114688
10,1791560629566,2500,2499,799,800,800,799,800,800,2500,2500,2500,2499,2500,2500,800,800,9.523809432983398,0,100,0,0,0,0,0,0,0,0,0,0,0,0,0,142198.08966064453,85781.82012939453,0,404327403520,8589930496,5144555520,114688
9,1791560629576,2500,2499,799,800,800,799,800,800,2500,2500,2500,2499,2500,2500,800,800,9.523809432983398,0,100,0,0,0,0,0,0,0,0,0,0,0,0,0,142198.23699951172,85782.13146972656,0,404327403520,8589930496,5144555520,114688
9,1791560629586,2500,2499,799,800,800,799,800,800,2500,2500,2500,2499,2500,2500,800,800,9.523809432983398,0,100,0,0,0,0,0,0,0,0,0,0,0,0,0,142198.38458251953,85782.44598388672,0,404327403520,8589930496,5144555520,114688
9,1791560629597,2500,2499,799,800,800,799,800,800,2500,2500,2500,2499,2500,2500,800,800,9.523809432983398,0,100,0,0,0,0,0,0,0,0,0,0,0,0,0,142198.53125,85782.76599121094,0,404327403520,8589930496,5144555520,114688
10,1791560629607,2500,2499,799,800,800,799,800,800,2500,2500,2500,2499,2500,2500,800,800,5.263157844543457,0,100,0,0,0,0,10,0,0,5,0,0,0,0,0,142198.6753540039,85783.0816040039,0,404327403520,8589930496,5144555520,114688
9,1791560629617,2500,2499,799,800,800,799,800,800,2500,2500,2500,2499,2500,2500,800,800,5.263157844543457,0,100,0,0,0,0,10,0,0,5,0,0,0,0,0,142198.81970214844,85783.40411376953,0,404327403520,8589930496,5144555520,114688
9,1791560629627,2500,2499,799,800,800,799,800,800,2500,2500,2500,2499,2500,2500,800,800,5.263157844543457,0,100,0,0,0,0,10,0,0,5,0,0,0,0,0,142198.9663696289,85783.72198486328,0,404327403520,8589930496,5144555520,114688
9,1791560629637,2500,2499,799,800,800,799,800,800,2500,2500,2500,2499,2500,2500,800,800,5.263157844543457,0,100,0,0,0,0,10,0,0,5,0,0,0,0,0,142199.12713623047,85784.07177734375,0,404327403520,8589930496,5144555520,114688
9,1791560629647,2500,2499,799,800,800,799,800,800,2500,2500,2500,2499,2500,2500,800,800,5.263157844543457,0,100,0,0,0,0,10,0,0,5,0,0,0,0,0,142199.27471923828,85784.39099121094,0,404327403520,8589930496,5144555520,114688
10,1791560629657,2500,2499,799,800,800,799,800,800,2500,2500,2500,2499,2500,2500,800,800,5.263157844543457,0,100,0,0,0,0,10,0,0,5,0,0,0,0,0,142199.41021728516,85784.67651367188,0,404327403520,8589930496,5144555520,114688
9,1791560629667,2500,2499,799,800,800,799,800,800,2500,2500,2500,2499,2500,2500,800,800,5.263157844543457,0,100,0,0,0,0,10,0,0,5,0,0,0,0,0,142199.57537841797,85785.03430175781,0,404327403520,8589930496,5144555520,114688
9,1791560629677,2500,2499,799,800,800,799,800,800,2500,2500,2500,2499,2500,2500,800,800,5.263157844543457,0,100,0,0,0,0,10,0,0,5,0,0,0,0,0,142199.72680664063,85785.35095214844,0,404327403520,8589930496,5144555520,114688
10,1791560629687,2500,2499,799,800,800,799,800,800,2500,2500,2500,2499,2500,2500,800,800,5.263157844543457,0,100,0,0,0,0,10,0,0,5,0,0,0,0,0,142199.87438964844,85785.666015625,0,404327403520,8589930496,5144555520,114688
9,1791560629697,2500,2499,799,800,800,799,800,800,2500,2500,2500,2499,2500,2500,800,800,5.263157844543457,0,100,0,0,0,0,10,0,0,5,0,0,0,0,0,142200.0245361328,85785.98217773438,0,404327403520,8589930496,5144555520,114688
10,1791560629707,2500,2499,799,800,800,799,800,800,2500,2500,2500,2499,2500,2500,800,800,5.263157844543457,0,100,0,0,0,0,10,0,0,5,0,0,0,0,0,142200.169921875,85786.29736328125,0,404327403520,8589930496,5144555520,114688
9,1791560629717,2500,2499,799,800,800,799,800,800,2500,2500,2500,2499,2500,2500,800,800,5.263157844543457,0,100,0,0,0,0,10,0,0,5,0,0,0,0,0,142200.31512451172,85786.6162109375,0,404327403520,8589930496,5144555520,114688
9,1791560629728,2500,2499,799,800,800,799,800,800,2500,2500,2500,2499,2500,2500,800,800,5.263157844543457,0,100,0,0,0,0,10,0,0,5,0,0,0,0,0,142200.46337890625,85786.93432617188,0,404327403520,8589930496,5144555520,114688
9,1791560629738,2500,2499,799,800,800,799,800,800,2500,2500,2500,2499,2500,2500,800,800,5.263157844543457,0,100,0,0,0,0,10,0,0,5,0,0,0,0,0,142200.60815429688,85787.24621582031,0,404327403520,8589930496,5144555520,114688
10,1791560629748,2500,2499,799,800,800,799,800,800,2500,2500,2500,2499,2500,2500,800,800,5.263157844543457,0,100,0,0,0,0,10,0,0,5,0,0,0,0,0,142200.7491455078,85787.55908203125,0,404327403520,8589930496,5144555520,114688
9,1791560629758,2500,2499,799,800,800,799,800,800,2500,2500,2500,2499,2500,2500,800,800,5.263157844543457,0,100,0,0,0,0,10,0,0,5,0,0,0,0,0,142200.89416503906,85787.88073730469,0,404327403520,8589930496,5144555520,114688
9,1791560629768,2500,2499,799,800,800,799,800,800,2500,2500,2500,2499,2500,2500,800,800,5.263157844543457,0,100,0,0,0,0,10,0,0,5,0,0,0,0,0,142201.04083251953,85788.19500732422,0,404327403520,8589930496,5144555520,114688
9,1791560629778,2500,2499,799,800,800,799,800,800,2500,2500,2500,2499,2500,2500,800,800,5.263157844543457,0,100,0,0,0,0,10,0,0,5,0,0,0,0,0,142201.19134521484,85788.50939941406,0,404327403520,8589930496,5144555520,114688
9,1791560629788,2500,2499,799,800,800,799,800,800,2500,2500,2500,2499,2500,2500,800,800,5.263157844543457,0,100,0,0,0,0,10,0,0,5,0,0,0,0,0,142201.3358154297,85788.82525634766,0,404327403520,8589930496,5144555520,114688
9,1791560629798,2500,2499,799,800,800,799,800,800,2500,2500,2500,2499,2500,2500,800,800,5.263157844543457,0,100,0,0,0,0,10,0,0,5,0,0,0,0,0,142201.48358154297,85789.13391113281,0,404327403520,8589930496,5144555520,114688
9,1791560629808,2500,2499,799,800,800,799,800,800,2500,2500,2500,2499,2500,2500,800,800,5.263157844543457,5,100,0,0,0,0,0,0,0,0,0,0,0,0,0,142201.6439819336,85789.48486328125,0,404327403520,8589930496,5144555520,114688
9,1791560629818,2500,2499,799,800,800,799,800,800,2500,2500,2500,2499,2500,2500,800,800,5.263157844543457,5,100,0,0,0,0,0,0,0,0,0,0,0,0,0,142201.77758789063,85789.77026367188,0,404327403520,8589930496,5144555520,114688
9,1791560629828,2500,2499,799,800,800,799,800,800,2500,2500,2500,2499,2500,2500,800,800,5.263157844543457,5,100,0,0,0,0,0,0,0,0,0,0,0,0,0,142201.94329833984,85790.11920166016,0,404327403520,8589930496,5144555520,114688
10,1791560629838,2500,2499,799,800,800,799,800,800,2500,2500,2500,2499,2500,2500,800,800,5.263157844543457,5,100,0,0,0,0,0,0,0,0,0,0,0,0,0,142202.07861328125,85790.40545654297,0,404327403520,8589930496,5144555520,114688
10,1791560629848,2500,2499,799,800,800,799,800,800,2500,2500,2500,2499,2500,2500,800,800,5.263157844543457,5,100,0,0,0,0,0,0,0,0,0,0,0,0,0,142202.24395751953,85790.75646972656,0,404327403520,8589930496,5144555520,114688
9,1791560629859,2500,2499,799,800,800,799,800,800,2500,2500,2500,2499,2500,2500,800,800,5.263157844543457,5,100,0,0,0,0,0,0,0,0,0,0,0,0,0,142202.39337158203,85791.0668334961,0,404327403520,8589930496,5144555520,114688
10,1791560629869,2500,2499,799,800,800,799,800,800,2500,2500,2500,2499,2500,2500,800,800,5.263157844543457,5,100,0,0,0,0,0,0,0,0,0,0,0,0,0,142202.54333496094,85791.38446044922,0,404327403520,8589930496,5144555520,114688
9,1791560629879,2500,2499,799,800,800,799,800,800,2500,2500,2500,2499,2500,2500,800,800,5.263157844543457,5,100,0,0,0,0,0,0,0,0,0,0,0,0,0,142202.6890258789,85791.7064819336,0,404327403520,8589930496,5144555520,114688
9,1791560629889,2500,2499,799,800,800,799,800,800,2500,2500,2500,2499,2500,2500,800,800,5.263157844543457,5,100,0,0,0,0,0,0,0,0,0,0,0,0,0,142202.8389892578,85792.02362060547,0,404327403520,8589930496,5144555520,114688
9,1791560629899,2500,2499,799,800,800,799,800,800,2500,2500,2500,2499,2500,2500,800,800,5.263157844543457,5,100,0,0,0,0,0,0,0,0,0,0,0,0,0,142202.98583984375,85792.34619140625,0,404327403520,8589930496,5144555520,114688
9,1791560629909,2500,2499,799,800,800,799,800,800,2500,2500,2500,2499,2500,2500,800,800,5.263157844543457,5,100,0,0,0,0,0,0,0,0,0,0,0,0,0,142203.12994384766,85792.66064453125,0,404327403520,8589930496,5144555520,114688
10,1791560629919,2500,2499,799,800,800,799,800,800,2500,2500,2500,2499,2500,2500,800,800,5.263157844543457,5,100,0,0,0,0,0,0,0,0,0,0,0,0,0,142203.27734375,85792.97375488281,0,404327403520,8589930496,5144555520,114688
9,1791560629929,2500,2499,799,800,800,799,800,800,2500,2500,2500,2499,2500,2500,800,800,5.263157844543457,5,100,0,0,0,0,0,0,0,0,0,0,0,0,0,142203.42309570313,85793.29815673828,0,404327403520,8589930496,5144555520,114688
9,1791560629939,2500,2499,799,800,800,799,800,800,2500,2500,2500,2499,2500,2500,800,800,5.263157844543457,5,100,0,0,0,0,0,0,0,0,0,0,0,0,0,142203.58807373047,85793.64916992188,0,404327403520,8589930496,5144555520,114688
9,1791560629949,2500,2499,799,800,800,799,800,800,2500,2500,2500,2499,2500,2500,800,800,5.263157844543457,5,100,0,0,0,0,0,0,0,0,0,0,0,0,0,142203.71746826172,85793.93780517578,0,404327403520,8589930496,5144555520,114688
9,1791560629959,2500,2499,799,800,800,799,800,800,2500,2500,2500,2499,2500,2500,800,800,5.263157844543457,5,100,0,0,0,0,0,0,0,0,0,0,0,0,0,142203.86560058594,85794.2587890625,0,404327403520,8589930496,5144555520,114688
9,1791560629969,2500,2499,799,800,800,799,800,800,2500,2500,2500,2499,2500,2500,800,800,5.263157844543457,5,100,0,0,0,0,0,0,0,0,0,0,0,0,0,142204.02209472656,85794.60607910156,0,404327403520,8589930496,5144555520,114688
9,1791560629979,2500,2499,799,800,800,799,800,800,2500,2500,2500,2499,2500,2500,800,800,5.263157844543457,5,100,0,0,0,0,0,0,0,0,0,0,0,0,0,142204.1704711914,85794.91845703125,0,404327403520,8589930496,5144555520,114688
9,1791560629990,2500,2499,799,800,800,799,800,800,2500,2500,2500,2499,2500,2500,800,800,5.263157844543457,5,100,0,0,0,0,0,0,0,0,0,0,0,0,0,142204.30981445313,85795.23388671875,0,404327403520,8589930496,5144555520,114688
9,1791560630000,2500,2499,799,800,800,799,800,800,2500,2500,2500,2499,2500,2500,800,800,5.263157844543457,5,100,0,0,0,0,0,0,0,0,0,0,0,0,0,142204.45526123047,85795.54943847656,0,404327403520,8589930496,5144555520,114688
9,1791560630010,2500,2499,799,800,800,799,800,800,2500,2500,2500,2499,2500,2500,800,800,9.523809432983398,5.263157844543457,100,0,0,0,0,0,0,0,0,0,0,0,0,0,142204.60510253906,85795.86987304688,0,404327403520,8589930496,5144555520,114688
9,1791560630020,2500,2499,799,800,800,799,800,800,2500,2500,2500,2499,2500,2500,800,800,9.523809432983398,5.263157844543457,100,0,0,0,0,0,0,0,0,0,0,0,0,0,142204.75286865234,85796.18542480469,0,404327403520,8589930496,5144555520,114688
9,1791560630030,2500,2499,799,800,800,799,800,800,2500,2500,2500,2499,2500,2500,800,800,9.523809432983398,5.263157844543457,100,0,0,0,0,0,0,0,0,0,0,0,0,0,142204.9008178711,85796.49975585938,0,404327403520,8589930496,5144555520,114688
9,1791560630040,2500,2499,799,800,800,799,800,800,2500,2500,2500,2499,2500,2500,800,800,9.523809432983398,5.263157844543457,100,0,0,0,0,0,0,0,0,0,0,0,0,0,142205.0526123047,85796.81323242188,0,404327403520,8589930496,5144555520,114688
9,1791560630050,2500,2499,799,800,800,799,800,800,2500,2500,2500,2499,2500,2500,800,800,9.523809432983398,5.263157844543457,100,0,0,0,0,0,0,0,0,0,0,0,0,0,142205.20239257813,85797.13244628906,0,404327403520,8589930496,5144555520,114688
9,1791560630060,2500,2499,799,800,800,799,800,800,2500,2500,2500,2499,2500,2500,800,800,9.523809432983398,5.263157844543457,100,0,0,0,0,0,0,0,0,0,0,0,0,0,142205.34924316406,85797.44927978516,0,404327403520,8589930496,5144555520,114688
9,1791560630070,2500,2499,799,800,800,799,800,800,2500,2500,2500,2499,2500,2500,800,800,9.523809432983398,5.263157844543457,100,0,0,0,0,0,0,0,0,0,0,0,0,0,142205.50268554688,85797.77233886719,0,404327403520,8589930496,5144555520,114688
10,1791560630080,2500,2499,799,800,800,799,800,800,2500,2500,2500,2499,2500,2500,800,800,9.523809432983398,5.263157844543457,100,0,0,0,0,0,0,0,0,0,0,0,0,0,142205.65356445313,85798.0580444336,0,404327403520,8589930496,5144555520,114688
9,1791560630090,2500,2499,799,800,800,799,800,800,2500,2500,2500,2499,2500,2500,800,800,9.523809432983398,5.263157844543457,100,0,0,0,0,0,0,0,0,0,0,0,0,0,142205.79364013672,85798.40417480469,0,404327403520,8589930496,5144555520,114688
9,1791560630100,2500,2499,799,800,800,799,800,800,2500,2500,2500,2499,2500,2500,800,800,9.523809432983398,5.263157844543457,100,0,0,0,0,0,0,0,0,0,0,0,0,0,142205.93774414063,85798.72174072266,0,404327403520,8589930496,5144555520,114688
10,1791560630110,2500,2499,799,800,800,799,800,800,2500,2500,2500,2499,2500,2500,800,800,9.523809432983398,5.263157844543457,100,0,0,0,0,0,0,0,0,0,0,0,0,0,142206.0838623047,85799.0355834961,0,404327403520,8589930496,5144555520,114688
9,1791560630121,2500,2499,799,800,800,799,800,800,2500,2500,2500,2499,2500,2500,800,800,9.523809432983398,5.263157844543457,100,0,0,0,0,0,0,0,0,0,0,0,0,0,142206.228515625,85799.34924316406,0,404327403520,8589930496,5143592960,114688
10,1791560630130,2500,2499,799,800,800,799,800,800,2500,2500,2500,2499,2500,2500,800,800,9.523809432983398,5.263157844543457,100,0,0,0,0,0,0,0,0,0,0,0,0,0,142206.37481689453,85799.67065429688,0,404327403520,8589930496,5143592960,114688
9,1791560630141,2500,2499,799,800,800,799,800,800,2500,2500,2500,2499,2500,2500,800,800,9.523809432983398,5.263157844543457,100,0,0,0,0,0,0,0,0,0,0,0,0,0,142206.53686523438,85800.01879882813,0,404327403520,8589930496,5143592960,114688
9,1791560630151,2500,2499,799,800,800,799,800,800,2500,2500,2500,2499,2500,2500,800,800,9.523809432983398,5.263157844543457,100,0,0,0,0,0,0,0,0,0,0,0,0,0,142206.6865234375,85800.33758544922,0,404327403520,8589930496,5143592960,114688
9,1791560630161,2500,2499,799,800,800,799,800,800,2500,2500,2500,2499,2500,2500,800,800,9.523809432983398,5.263157844543457,100,0,0,0,0,0,0,0,0,0,0,0,0,0,142206.83465576172,85800.65124511719,0,404327403520,8589930496,5143592960,114688
9,1791560630171,2500,2499,799,800,800,799,800,800,2500,2500,2500,2499,2500,2500,800,800,9.523809432983398,5.263157844543457,100,0,0,0,0,0,0,0,0,0,0,0,0,0,142206.98309326172,85800.96667480469,0,404327403520,8589930496,5143592960,114688
9,1791560630181,2500,2499,799,800,800,799,800,800,2500,2500,2500,2499,2500,2500,800,800,9.523809432983398,5.263157844543457,100,0,0,0,0,0,0,0,0,0,0,0,0,0,142207.12670898438,85801.28332519531,0,404327403520,8589930496,5143592960,114688
9,1791560630191,2500,2499,799,800,800,799,800,800,2500,2500,2500,2499,2500,2500,800,800,9.523809432983398,5.263157844543457,100,0,0,0,0,0,0,0,0,0,0,0,0,0,142207.2735595703,85801.60571289063,0,404327403520,8589930496,5143592960,114688
9,1791560630201,2500,2499,799,800,800,799,800,800,2500,2500,2500,2499,2500,2500,800,800,9.523809432983398,5.263157844543457,100,0,0,0,0,0,0,0,0,0,0,0,0,0,142207.41912841797,85801.9223022461,0,404327403520,8589930496,5143592960,114688
9,1791560630211,2500,2499,799,800,800,799,800,800,2500,2500,2500,2499,2500,2500,800,800,5.263157844543457,0,100,0,0,0,0,9.523809432983398,0,0,0,0,0,0,0,0,142207.57421875,85802.24047851563,0,404327403520,8589930496,5143592960,114688
9,1791560630221,2500,2499,799,800,800,799,800,800,2500,2500,2500,2499,2500,2500,800,800,5.263157844543457,0,100,0,0,0,0,9.523809432983398,0,0,0,0,0,0,0,0,142207.7264404297,85802.55895996094,0,404327403520,8589930496,5143592960,114688
9,1791560630231,2500,2499,799,800,800,799,800,800,2500,2500,2500,2499,2500,2500,800,800,5.263157844543457,0,100,0,0,0,0,9.523809432983398,0,0,0,0,0,0,0,0,142207.87786865234,85802.87518310547,0,404327403520,8589930496,5143592960,114688
9,1791560630241,2500,2499,799,800,800,799,800,800,2500,2500,2500,2499,2500,2500,800,800,5.263157844543457,0,100,0,0,0,0,9.523809432983398,0,0,0,0,0,0,0,0,142208.02856445313,85803.189453125,0,404327403520,8589930496,5143592960,114688
9,1791560630251,2500,2499,799,800,800,799,800,800,2500,2500,2500,2499,2500,2500,800,800,5.263157844543457,0,100,0,0,0,0,9.523809432983398,0,0,0,0,0,0,0,0,142208.18017578125,85803.50982666016,0,404327403520,8589930496,5143592960,114688
9,1791560630262,2500,2499,799,800,800,799,800,800,2500,2500,2500,2499,2500,2500,800,800,5.263157844543457,0,100,0,0,0,0,9.523809432983398,0,0,0,0,0,0,0,0,142208.34619140625,85803.85772705078,0,404327403520,8589930496,5143592960,114688
9,1791560630272,2500,2499,799,800,800,799,800,800,2500,2500,2500,2499,2500,2500,800,800,5.263157844543457,0,100,0,0,0,0,9.523809432983398,0,0,0,0,0,0,0,0,142208.48370361328,85804.1421508789,0,404327403520,8589930496,5143592960,114688
9,1791560630282,2500,2499,799,800,800,799,800,800,2500,2500,2500,2499,2500,2500,800,800,5.263157844543457,0,100,0,0,0,0,9.523809432983398,0,0,0,0,0,0,0,0,142208.64373779297,85804.4937133789,0,404327403520,8589930496,5143592960,114688
9,1791560630292,2500,2499,799,800,800,799,800,800,2500,2500,2500,2499,2500,2500,800,800,5.263157844543457,0,100,0,0,0,0,9.523809432983398,0,0,0,0,0,0,0,0,142208.79052734375,85804.81286621094,0,404327403520,8589930496,5143592960,114688
9,1791560630302,2500,2499,799,800,800,799,800,800,2500,2500,2500,2499,2500,2500,800,800,5.263157844543457,0,100,0,0,0,0,9.523809432983398,0,0,0,0,0,0,0,0,142208.94213867188,85805.12829589844,0,404327403520,8589930496,5143592960,114688
9,1791560630312,2500,2499,799,800,800,799,800,800,2500,2500,2500,2499,2500,2500,800,800,5.263157844543457,0,100,0,0,0,0,9.523809432983398,0,0,0,0,0,0,0,0,142209.09008789063,85805.4467163086,0,404327403520,8589930496,5143592960,114688
9,1791560630322,2500,2499,799,800,800,799,800,800,2500,2500,2500,2499,2500,2500,800,800,5.263157844543457,0,100,0,0,0,0,9.523809432983398,0,0,0,0,0,0,0,0,142209.23950195313,85805.76501464844,0,404327403520,8589930496,5143592960,114688
9,1791560630332,2500,2499,799,800,800,799,800,800,2500,2500,2500,2499,2500,2500,800,800,5.263157844543457,0,100,0,0,0,0,9.523809432983398,0,0,0,0,0,0,0,0,142209.38342285156,85806.08599853516,0,404327403520,8589930496,5143592960,114688
9,1791560630342,2500,2499,799,800,800,799,800,800,2500,2500,2500,2499,2500,2500,800,800,5.263157844543457,0,100,0,0,0,0,9.523809432983398,0,0,0,0,0,0,0,0,142209.53051757813,85806.41180419922,0,404327403520,8589930496,5143592960,114688
9,1791560630352,2500,2499,799,800,800,799,800,800,2500,2500,2500,2499,2500,2500,800,800,5.263157844543457,0,100,0,0,0,0,9.523809432983398,0,0,0,0,0,0,0,0,142209.68029785156,85806.73132324219,0,404327403520,8589930496,5143592960,114688
9,1791560630362,2500,2499,799,800,800,799,800,800,2500,2500,2500,2499,2500,2500,800,800,5.263157844543457,0,100,0,0,0,0,9.523809432983398,0,0,0,0,0,0,0,0,142209.83081054688,85807.04803466797,0,404327403520,8589930496,5143592960,114688
9,1791560630372,2500,2499,799,800,800,799,800,800,2500,2500,2500,2499,2500,2500,800,800,5.263157844543457,0,100,0,0,0,0,9.523809432983398,0,0,0,0,0,0,0,0,142209.98223876953,85807.36553955078,0,404327403520,8589930496,5143592960,114688
10,1791560630382,2500,2499,799,800,800,799,800,800,2500,2500,2500,2499,2500,2500,800,800,5.263157844543457,0,100,0,0,0,0,9.523809432983398,0,0,0,0,0,0,0,0,142210.13110351563,85807.681640625,0,404327403520,8589930496,5143592960,114688
10,1791560630392,2500,2499,799,800,800,799,800,800,2500,2500,2500,2499,2500,2500,800,800,5.263157844543457,0,100,0,0,0,0,9.523809432983398,0,0,0,0,0,0,0,0,142210.27923583984,85807.99591064453,0,404327403520,8589930496,5143592960,114688
9,1791560630402,2500,2499,799,800,800,799,800,800,2500,2500,2500,2499,2500,2500,800,800,5.263157844543457,0,100,0,0,0,0,9.523809432983398,0,0,0,0,0,0,0,0,142210.42901611328,85808.3168334961,0,404327403520,8589930496,5143592960,114688
9,1791560630412,2500,2499,799,800,800,799,800,800,2500,2500,2500,2499,2500,2500,800,800,5,0,100,0,0,0,0,5,0,0,0,0,0,0,0,0,142210.58081054688,85808.6304321289,0,404327403520,8589930496,5143592960,114688
10,1791560630423,2500,2499,799,800,800,799,800,800,2500,2500,2500,2499,2500,2500,800,800,5,0,100,0,0,0,0,5,0,0,0,0,0,0,0,0,142210.72821044922,85808.94012451172,0,404327403520,8589930496,5143592960,114688
9,1791560630433,2500,2499,799,800,800,799,800,800,2500,2500,2500,2499,2500,2500,800,800,5,0,100,0,0,0,0,5,0,0,0,0,0,0,0,0,142210.8741455078,85809.25421142578,0,404327403520,8589930496,5143592960,114688
9,1791560630443,2500,2499,799,800,800,799,800,800,2500,2500,2500,2499,2500,2500,800,800,5,0,100,0,0,0,0,5,0,0,0,0,0,0,0,0,142211.03350830078,85809.60565185547,0,404327403520,8589930496,5143592960,114688
9,1791560630453,2500,2499,799,800,800,799,800,800,2500,2500,2500,2499,2500,2500,800,800,5,0,100,0,0,0,0,5,0,0,0,0,0,0,0,0,142211.16430664063,85809.88610839844,0,404327403520,8589930496,5143592960,114688
9,1791560630463,2500,2499,799,800,800,799,800,800,2500,2500,2500,2499,2500,2500,800,800,5,0,100,0,0,0,0,5,0,0,0,0,0,0,0,0,142211.3310546875,85810.2290649414,0,404327403520,8589930496,5143592960,114688
9,1791560630473,2500,2499,799,800,800,799,800,800,2500,2500,2500,2499,2500,2500,800,800,5,0,100,0,0,0,0,5,0,0,0,0,0,0,0,0,142211.47943115234,85810.544921875,0,404327403520,8589930496,5143592960,114688
9,1791560630483,2500,2499,799,800,800,799,800,800,2500,2500,2500,2499,2500,2500,800,800,5,0,100,0,0,0,0,5,0,0,0,0,0,0,0,0,142211.6143798828,85810.86328125,0,404327403520,8589930496,5143592960,114688
9,1791560630493,2500,2499,799,800,800,799,800,800,2500,2500,2500,2499,2500,2500,800,800,5,0,100,0,0,0,0,5,0,0,0,0,0,0,0,0,142211.77514648438,85811.17596435547,0,404327403520,8589930496,5143592960,114688
9,1791560630503,2500,2499,799,800,800,799,800,800,2500,2500,2500,2499,2500,2500,800,800,5,0,100,0,0,0,0,5,0,0,0,0,0,0,0,0,142211.92071533203,85811.48937988281,0,404327403520,8589930496,5143592960,114688
9,1791560630513,2500,2499,799,800,800,799,800,800,2500,2500,2500,2499,2500,2500,800,800,5,0,100,0,0,0,0,5,0,0,0,0,0,0,0,0,142212.06884765625,85811.80487060547,0,404327403520,8589930496,5143592960,114688
9,1791560630523,2500,2499,799,800,800,799,800,800,2500,2500,2500,2499,2500,2500,800,800,5,0,100,0,0,0,0,5,0,0,0,0,0,0,0,0,142212.21459960938,85812.12432861328,0,404327403520,8589930496,5143592960,114688
10,1791560630533,2500,2499,799,800,800,799,800,800,2500,2500,2500,2499,2500,2500,800,800,5,0,100,0,0,0,0,5,0,0,0,0,0,0,0,0,142212.3598022461,85812.44873046875,0,404327403520,8589930496,5143592960,114688
9,1791560630543,2500,2499,799,800,800,799,800,800,2500,2500,2500,2499,2500,2500,800,800,5,0,100,0,0,0,0,5,0,0,0,0,0,0,0,0,142212.50701904297,85812.7661743164,0,404327403520,8589930496,5143592960,114688
9,1791560630554,2500,2499,799,800,800,799,800,800,2500,2500,2500,2499,2500,2500,800,800,5,0,100,0,0,0,0,5,0,0,0,0,0,0,0,0,142212.6509399414,85813.08367919922,0,404327403520,8589930496,5143592960,114688
10,1791560630564,2500,2499,799,800,800,799,800,800,2500,2500,2500,2499,2500,2500,800,800,5,0,100,0,0,0,0,5,0,0,0,0,0,0,0,0,142212.80493164063,85813.39611816406,0,404327403520,8589930496,5143592960,114688
10,1791560630574,2500,2499,799,800,800,799,800,800,2500,2500,2500,2499,2500,2500,800,800,5,0,100,0,0,0,0,5,0,0,0,0,0,0,0,0,142212.9569091797,85813.70666503906,0,404327403520,8589930496,5143592960,114688
9,1791560630584,2500,2499,799,800,800,799,800,800,2500,2500,2500,2499,2500,2500,800,800,5,0,100,0,0,0,0,5,0,0,0,0,0,0,0,0,142213.10302734375,85814.02374267578,0,404327403520,8589930496,5143592960,114688
9,1791560630594,2500,2499,799,800,800,799,800,800,2500,2500,2500,2499,2500,2500,800,800,5,0,100,0,0,0,0,5,0,0,0,0,0,0,0,0,142213.25610351563,85814.33825683594,0,404327403520,8589930496,5143592960,114688
9,1791560630604,2500,2499,799,800,800,799,800,800,2500,2500,2500,2499,2500,2500,800,800,5,0,100,0,0,0,0,5,0,0,0,0,0,0,0,0,142213.40313720703,85814.66027832031,0,404327403520,8589930496,5143592960,114688
9,1791560630614,2500,2499,799,800,800,799,800,800,2500,2500,2500,2499,2500,2500,800,800,5.263157844543457,0,100,0,0,0,0,0,0,0,0,0,0,0,0,0,142213.5668334961,85815.00213623047,0,404327403520,8589930496,5143592960,114688
9,1791560630624,2500,2499,799,800,800,799,800,800,2500,2500,2500,2499,2500,2500,800,800,5.263157844543457,0,100,0,0,0,0,0,0,0,0,0,0,0,0,0,142213.71185302734,85815.32141113281,0,404327403520,8589930496,5143592960,114688
10,1791560630634,2500,2499,799,800,800,799,800,800,2500,2500,2500,2499,2500,2500,800,800,5.263157844543457,0,100,0,0,0,0,0,0,0,0,0,0,0,0,0,142213.8603515625,85815.64056396484,0,404327403520,8589930496,5143592960,114688
9,1791560630644,2500,2499,799,800,800,799,800,800,2500,2500,2500,2499,2500,2500,800,800,5.263157844543457,0,100,0,0,0,0,0,0,0,0,0,0,0,0,0,142214.00463867188,85815.96197509766,0,404327403520,8589930496,5143592960,114688
10,1791560630654,2500,2499,799,800,800,799,800,800,2500,2500,2500,2499,2500,2500,800,800,5.263157844543457,0,100,0,0,0,0,0,0,0,0,0,0,0,0,0,142214.1527709961,85816.28009033203,0,404327403520,8589930496,5143592960,114688
9,1791560630664,2500,2499,799,800,800,799,800,800,2500,2500,2500,2499,2500,2500,800,800,5.263157844543457,0,100,0,0,0,0,0,0,0,0,0,0,0,0,0,142214.30487060547,85816.60119628906,0,404327403520,8589930496,5143592960,114688
9,1791560630674,2500,2499,799,800,800,799,800,800,2500,2500,2500,2499,2500,2500,800,800,5.263157844543457,0,100,0,0,0,0,0,0,0,0,0,0,0,0,0,142214.45526123047,85816.91522216797,0,404327403520,8589930496,5143592960,114688
9,1791560630684,2500,2499,799,800,800,799,800,800,2500,2500,2500,2499,2500,2500,800,800,5.263157844543457,0,100,0,0,0,0,0,0,0,0,0,0,0,0,0,142214.60528564453,85817.23272705078,0,404327403520,8589930496,5143592960,114688
9,1791560630695,2500,2499,799,800,800,799,800,800,2500,2500,2500,2499,2500,2500,800,800,5.263157844543457,0,100,0,0,0,0,0,0,0,0,0,0,0,0,0,142214.7548828125,85817.55102539063,0,404327403520,8589930496,5143592960,114688
9,1791560630705,2500,2499,799,800,800,799,800,800,2500,2500,2500,2499,2500,2500,800,800,5.263157844543457,0,100,0,0,0,0,0,0,0,0,0,0,0,0,0,142214.89624023438,85817.86999511719,0,404327403520,8589930496,5143592960,114688
9,1791560630715,2500,2499,799,800,800,799,800,800,2500,2500,2500,2499,2500,2500,800,800,5.263157844543457,0,100,0,0,0,0,0,0,0,0,0,0,0,0,0,142215.04522705078,85818.1890258789,0,404327403520,8589930496,5143592960,114688
9,1791560630725,2500,2499,799,800,800,799,800,800,2500,2500,2500,2499,2500,2500,800,800,5.263157844543457,0,100,0,0,0,0,0,0,0,0,0,0,0,0,0,142215.19232177734,85818.50512695313,0,404327403520,8589930496,5143592960,114688
9,1791560630735,2500,2499,799,800,800,799,800,800,2500,2500,2500,2499,2500,2500,800,800,5.263157844543457,0,100,0,0,0,0,0,0,0,0,0,0,0,0,0,142215.34326171875,85818.81494140625,0,404327403520,8589930496,5143592960,114688
9,1791560630745,2500,2499,799,800,800,799,800,800,2500,2500,2500,2499,2500,2500,800,800,5.263157844543457,0,100,0,0,0,0,0,0,0,0,0,0,0,0,0,142215.49505615234,85819.13580322266,0,404327403520,8589930496,5143592960,114688
9,1791560630755,2500,2499,799,800,800,799,800,800,2500,2500,2500,2499,2500,2500,800,800,5.263157844543457,0,100,0,0,0,0,0,0,0,0,0,0,0,0,0,142215.642578125,85819.4535522461,0,404327403520,8589930496,5143592960,114688
9,1791560630765,2500,2499,799,800,800,799,800,800,2500,2500,2500,2499,2500,2500,800,800,5.263157844543457,0,100,0,0,0,0,0,0,0,0,0,0,0,0,0,142215.79071044922,85819.76525878906,0,404327403520,8589930496,5143592960,114688
9,1791560630775,2500,2499,799,800,800,799,800,800,2500,2500,2500,2499,2500,2500,800,800,5.263157844543457,0,100,0,0,0,0,0,0,0,0,0,0,0,0,0,142215.94561767578,85820.11352539063,0,404327403520,8589930496,5143592960,114688
9,1791560630785,2500,2499,799,800,800,799,800,800,2500,2500,2500,2499,2500,2500,800,800,5.263157844543457,0,100,0,0,0,0,0,0,0,0,0,0,0,0,0,142216.09393310547,85820.4262084961,0,404327403520,8589930496,5143592960,114688
9,1791560630795,2500,2499,799,800,800,799,800,800,2500,2500,2500,2499,2500,2500,800,800,5.263157844543457,0,100,0,0,0,0,0,0,0,0,0,0,0,0,0,142216.24353027344,85820.73858642578,0,404327403520,8589930496,5143592960,114688
9,1791560630805,2500,2499,799,800,800,799,800,800,2500,2500,2500,2499,2500,2500,800,800,5.263157844543457,0,100,0,0,0,0,0,0,0,0,0,0,0,0,0,142216.3890991211,85821.05731201172,0,404327403520,8589930496,5143592960,114688
9,1791560630815,2500,2499,799,800,800,799,800,800,2500,2500,2500,2499,2500,2500,800,800,10,0,100,0,0,0,0,5,0,0,0,0,0,0,0,0,142216.5361328125,85821.3705444336,0,404327403520,8589930496,5143592960,114688
9,1791560630826,2500,2499,799,800,800,799,800,800,2500,2500,2500,2499,2500,2500,800,800,10,0,100,0,0,0,0,5,0,0,0,0,0,0,0,0,142216.68560791016,85821.70141601563,0,404327403520,8589930496,5143592960,114688
9,1791560630836,2500,2499,799,800,800,799,800,800,2500,2500,2500,2499,2500,2500,800,800,10,0,100,0,0,0,0,5,0,0,0,0,0,0,0,0,142216.83099365234,85822.01776123047,0,404327403520,8589930496,5143592960,114688
9,1791560630846,2500,2499,799,800,800,799,800,800,2500,2500,2500,2499,2500,2500,800,800,10,0,100,0,0,0,0,5,0,0,0,0,0,0,0,0,142216.9805908203,85822.33483886719,0,404327403520,8589930496,5143592960,114688
10,1791560630856,2500,2499,799,800,800,799,800,800,2500,2500,2500,2499,2500,2500,800,800,10,0,100,0,0,0,0,5,0,0,0,0,0,0,0,0,142217.12762451172,85822.6494140625,0,404327403520,8589930496,5143592960,114688
9,1791560630866,2500,2499,799,800,800,799,800,800,2500,2500,2500,2499,2500,2500,800,800,10,0,100,0,0,0,0,5,0,0,0,0,0,0,0,0,142217.2788696289,85822.96130371094,0,404327403520,8589930496,5143592960,114688
9,1791560630876,2500,2499,799,800,800,799,800,800,2500,2500,2500,2499,2500,2500,800,800,10,0,100,0,0,0,0,5,0,0,0,0,0,0,0,0,142217.4183959961,85823.27709960938,0,404327403520,8589930496,5143592960,114688
9,1791560630886,2500,2499,799,800,800,799,800,800,2500,2500,2500,2499,2500,2500,800,800,10,0,100,0,0,0,0,5,0,0,0,0,0,0,0,0,142217.56634521484,85823.58892822266,0,404327403520,8589930496,5143592960,114688
9,1791560630896,2500,2499,799,800,800,799,800,800,2500,2500,2500,2499,2500,2500,800,800,10,0,100,0,0,0,0,5,0,0,0,0,0,0,0,0,142217.71228027344,85823.90393066406,0,404327403520,8589930496,5143592960,114688
9,1791560630906,2500,2499,799,800,800,799,800,800,2500,2500,2500,2499,2500,2500,800,800,10,0,100,0,0,0,0,5,0,0,0,0,0,0,0,0,142217.8589477539,85824.21942138672,0,404327403520,8589930496,5143592960,114688
10,1791560630916,2500,2499,799,800,800,799,800,800,2500,2500,2500,2499,2500,2500,800,800,10,0,100,0,0,0,0,5,0,0,0,0,0,0,0,0,142218.00323486328,85824.53015136719,0,404327403520,8589930496,5143592960,114688
9,1791560630926,2500,2499,799,800,800,799,800,800,2500,2500,2500,2499,2500,2500,800,800,10,0,100,0,0,0,0,5,0,0,0,0,0,0,0,0,142218.14880371094,85824.84588623047,0,404327403520,8589930496,5143592960,114688
9,1791560630936,2500,2499,799,800,800,799,800,800,2500,2500,2500,2499,2500,2500,800,800,10,0,100,0,0,0,0,5,0,0,0,0,0,0,0,0,142218.30462646484,85825.18811035156,0,404327403520,8589930496,5143592960,114688
9,1791560630946,2500,2499,799,800,800,799,800,800,2500,2500,2500,2499,2500,2500,800,800,10,0,100,0,0,0,0,5,0,0,0,0,0,0,0,0,142218.45043945313,85825.5062866211,0,404327403520,8589930496,5143592960,114688
9,1791560630956,2500,2499,799,800,800,799,800,800,2500,2500,2500,2499,2500,2500,800,800,10,0,100,0,0,0,0,5,0,0,0,0,0,0,0,0,142218.5947265625,85825.8193359375,0,404327403520,8589930496,5143592960,114688
9,1791560630967,2500,2499,799,800,800,799,800,800,2500,2500,2500,2499,2500,2500,800,800,10,0,100,0,0,0,0,5,0,0,0,0,0,0,0,0,142218.74542236328,85826.1343383789,0,404327403520,8589930496,5143592960,114688
9,1791560630977,2500,2499,799,800,800,799,800,800,2500,2500,2500,2499,2500,2500,800,800,10,0,100,0,0,0,0,5,0,0,0,0,0,0,0,0,142218.8887939453,85826.44836425781,0,404327403520,8589930496,5143592960,114688
9,1791560630987,2500,2499,799,800,800,799,800,800,2500,2500,2500,2499,2500,2500,800,800,10,0,100,0,0,0,0,5,0,0,0,0,0,0,0,0,142219.03582763672,85826.75952148438,0,404327403520,8589930496,5143592960,114688
10,1791560630997,2500,2499,799,800,800,799,800,800,2500,2500,2500,2499,2500,2500,800,800,10,0,100,0,0,0,0,5,0,0,0,0,0,0,0,0,142219.17993164063,85827.07373046875,0,404327403520,8589930496,5143592960,114688
10,1791560631007,2500,2499,799,800,800,799,800,800,2500,2500,2500,2499,2500,2500,800,800,10,0,100,0,0,0,0,5,0,0,0,0,0,0,0,0,142219.3201904297,85827.39776611328,0,404327403520,8589930496,5143592960,114688
9,1791560631017,2500,2499,799,800,800,799,800,800,2500,2500,2500,2499,2500,2500,800,800,5.263157844543457,0,100,0,0,0,0,5.263157844543457,0,0,0,0,0,0,0,0,142219.4639892578,85827.71759033203,0,404327403520,8589930496,5143592960,114688
10,1791560631027,2500,2499,799,800,800,799,800,800,2500,2500,2500,2499,2500,2500,800,800,5.263157844543457,0,100,0,0,0,0,5.263157844543457,0,0,0,0,0,0,0,0,142219.60919189453,85828.03594970703,0,404327403520,8589930496,5143592960,114688
9,1791560631037,2500,2499,799,800,800,799,800,800,2500,2500,2500,2499,2500,2500,800,800,5.263157844543457,0,100,0,0,0,0,5.263157844543457,0,0,0,0,0,0,0,0,142219.7587890625,85828.3525390625,0,404327403520,8589930496,5143592960,114688
10,1791560631047,2500,2499,799,800,800,799,800,800,2500,2500,2500,2499,2500,2500,800,800,5.263157844543457,0,100,0,0,0,0,5.263157844543457,0,0,0,0,0,0,0,0,142219.90948486328,85828.66662597656,0,404327403520,8589930496,5143592960,114688
9,1791560631057,2500,2499,799,800,800,799,800,800,2500,2500,2500,2499,2500,2500,800,800,5.263157844543457,0,100,0,0,0,0,5.263157844543457,0,0,0,0,0,0,0,0,142220.05139160156,85828.98638916016,0,404327403520,8589930496,5143592960,114688
9,1791560631067,2500,2499,799,800,800,799,800,800,2500,2500,2500,2499,2500,2500,800,800,5.263157844543457,0,100,0,0,0,0,5.263157844543457,0,0,0,0,0,0,0,0,142220.1964111328,85829.30114746094,0,404327403520,8589930496,5143592960,114688
9,1791560631077,2500,2499,799,800,800,799,800,800,2500,2500,2500,2499,2500,2500,800,800,5.263157844543457,0,100,0,0,0,0,5.263157844543457,0,0,0,0,0,0,0,0,142220.3447265625,85829.62188720703,0,404327403520,8589930496,5143592960,114688
9,1791560631087,2500,2499,799,800,800,799,800,800,2500,2500,2500,2499,2500,2500,800,800,5.263157844543457,0,100,0,0,0,0,5.263157844543457,0,0,0,0,0,0,0,0,142220.5028076172,85829.97485351563,0,404327403520,8589930496,5143334912,114688
9,1791560631098,2500,2499,799,800,800,799,800,800,2500,2500,2500,2499,2500,2500,800,800,5.263157844543457,0,100,0,0,0,0,5.263157844543457,0,0,0,0,0,0,0,0,142220.64526367188,85830.29418945313,0,404327403520,8589930496,5143334912,114688
10,1791560631107,2500,2499,799,800,800,799,800,800,2500,2500,2500,2499,2500,2500,800,800,5.263157844543457,0,100,0,0,0,0,5.263157844543457,0,0,0,0,0,0,0,0,142220.77911376953,85830.57604980469,0,404327403520,8589930496,5143334912,114688
9,1791560631118,2500,2499,799,800,800,799,800,800,2500,2500,2500,2499,2500,2500,800,800,5.263157844543457,0,100,0,0,0,0,5.263157844543457,0,0,0,0,0,0,0,0,142220.94500732422,85830.92907714844,0,404327403520,8589930496,5143334912,114688
9,1791560631128,2500,2499,799,800,800,799,800,800,2500,2500,2500,2499,2500,2500,800,800,5.263157844543457,0,100,0,0,0,0,5.263157844543457,0,0,0,0,0,0,0,0,142221.0951538086,85831.2515258789,0,404327403520,8589930496,5143334912,114688
9,1791560631138,2500,2499,799,800,800,799,800,800,2500,2500,2500,2499,2500,2500,800,800,5.263157844543457,0,100,0,0,0,0,5.263157844543457,0,0,0,0,0,0,0,0,142221.2445678711,85831.56481933594,0,404327403520,8589930496,5143334912,114688
9,1791560631148,2500,2499,799,800,800,799,800,800,2500,2500,2500,2499,2500,2500,800,800,5.263157844543457,0,100,0,0,0,0,5.263157844543457,0,0,0,0,0,0,0,0,142221.39617919922,85831.88122558594,0,404327403520,8589930496,5141344256,114688
9,1791560631158,2500,2499,799,800,800,799,800,800,2500,2500,2500,2499,2500,2500,800,800,5.263157844543457,0,100,0,0,0,0,5.263157844543457,0,0,0,0,0,0,0,0,142221.54522705078,85832.19873046875,0,404327403520,8589930496,5141344256,114688
10,1791560631168,2500,2499,799,800,800,799,800,800,2500,2500,2500,2499,2500,2500,800,800,5.263157844543457,0,100,0,0,0,0,5.263157844543457,0,0,0,0,0,0,0,0,142221.69366455078,85832.51434326172,0,404327403520,8589930496,5141344256,114688
9,1791560631178,2500,2499,799,800,800,799,800,800,2500,2500,2500,2499,2500,2500,800,800,5.263157844543457,0,100,0,0,0,0,5.263157844543457,0,0,0,0,0,0,0,0,142221.8458251953,85832.82446289063,0,404327403520,8589930496,5141344256,114688
9,1791560631188,2500,2499,799,800,800,799,800,800,2500,2500,2500,2499,2500,2500,800,800,5.263157844543457,0,100,0,0,0,0,5.263157844543457,0,0,0,0,0,0,0,0,142221.99084472656,85833.1410522461,0,404327403520,8589930496,5141344256,114688
9,1791560631198,2500,2499,799,800,800,799,800,800,2500,2500,2500,2499,2500,2500,800,800,5.263157844543457,0,100,0,0,0,0,5.263157844543457,0,0,0,0,0,0,0,0,142222.1395263672,85833.45983886719,0,404327403520,8589930496,5141344256,114688
9,1791560631208,2500,2499,799,800,800,799,800,800,2500,2500,2500,2499,2500,2500,800,800,5.263157844543457,0,100,0,0,0,0,5.263157844543457,0,0,0,0,0,0,0,0,142222.28784179688,85833.775390625,0,404327403520,8589930496,5141344256,114688
9,1791560631218,2500,2499,799,800,800,799,800,800,2500,2500,2500,2499,2500,2500,800,800,5.263157844543457,0,100,0,0,0,0,5,0,0,0,0,0,0,0,0,142222.4345703125,85834.09002685547,0,404327403520,8589930496,5141344256,114688
10,1791560631228,2500,2499,799,800,800,799,800,800,2500,2500,2500,2499,2500,2500,800,800,5.263157844543457,0,100,0,0,0,0,5,0,0,0,0,0,0,0,0,142222.58306884766,85834.40313720703,0,404327403520,8589930496,5141344256,114688
10,1791560631238,2500,2499,799,800,800,799,800,800,2500,2500,2500,2499,2500,2500,800,800,5.263157844543457,0,100,0,0,0,0,5,0,0,0,0,0,0,0,0,142222.73138427734,85834.72064208984,0,404327403520,8589930496,5141344256,114688
9,1791560631249,2500,2499,799,800,800,799,800,800,2500,2500,2500,2499,2500,2500,800,800,5.263157844543457,0,100,0,0,0,0,5,0,0,0,0,0,0,0,0,142222.87860107422,85835.01110839844,0,404327403520,8589930496,5141344256,114688
9,1791560631259,2500,2499,799,800,800,799,800,800,2500,2500,2500,2499,2500,2500,800,800,5.263157844543457,0,100,0,0,0,0,5,0,0,0,0,0,0,0,0,142223.04083251953,85835.39404296875,0,404327403520,8589930496,5141344256,114688
10,1791560631269,2500,2499,799,800,800,799,800,800,2500,2500,2500,2499,2500,2500,800,800,5.263157844543457,0,100,0,0,0,0,5,0,0,0,0,0,0,0,0,142223.17358398438,85835.67901611328,0,404327403520,8589930496,5141344256,114688
9,1791560631279,2500,2499,799,800,800,799,800,800,2500,2500,2500,2499,2500,2500,800,800,5.263157844543457,0,100,0,0,0,0,5,0,0,0,0,0,0,0,0,142223.33819580078,85836.03100585938,0,404327403520,8589930496,5141344256,114688
9,1791560631289,2500,2499,799,800,800,799,800,800,2500,2500,2500,2499,2500,2500,800,800,5.263157844543457,0,100,0,0,0,0,5,0,0,0,0,0,0,0,0,142223.48706054688,85836.3441772461,0,404327403520,8589930496,5141344256,114688
9,1791560631299,2500,2499,799,800,800,799,800,800,2500,2500,2500,2499,2500,2500,800,800,5.263157844543457,0,100,0,0,0,0,5,0,0,0,0,0,0,0,0,142223.63702392578,85836.65954589844,0,404327403520,8589930496,5141344256,114688
9,1791560631309,2500,2499,799,800,800,799,800,800,2500,2500,2500,2499,2500,2500,800,800,5.263157844543457,0,100,0,0,0,0,5,0,0,0,0,0,0,0,0,142223.78759765625,85836.97833251953,0,404327403520,8589930496,5141344256,114688
9,1791560631319,2500,2499,799,800,800,799,800,800,2500,2500,2500,2499,2500,2500,800,800,5.263157844543457,0,100,0,0,0,0,5,0,0,0,0,0,0,0,0,142223.93359375,85837.29614257813,0,404327403520,8589930496,5141344256,114688
9,1791560631329,2500,2499,799,800,800,799,800,800,2500,2500,2500,2499,2500,2500,800,800,5.263157844543457,0,100,0,0,0,0,5,0,0,0,0,0,0,0,0,142224.08374023438,85837.6187133789,0,404327403520,8589930496,5141344256,114688
9,1791560631339,2500,2499,799,800,800,799,800,800,2500,2500,2500,2499,2500,2500,800,800,5.263157844543457,0,100,0,0,0,0,5,0,0,0,0,0,0,0,0,142224.23516845703,85837.93896484375,0,404327403520,8589930496,5141344256,114688
10,1791560631349,2500,2499,799,800,800,799,800,800,2500,2500,2500,2499,2500,2500,800,800,5.263157844543457,0,100,0,0,0,0,5,0,0,0,0,0,0,0,0,142224.3807373047,85838.2533569336,0,404327403520,8589930496,5141344256,114688
9,1791560631359,2500,2499,799,800,800,799,800,800,2500,2500,2500,2499,2500,2500,800,800,5.263157844543457,0,100,0,0,0,0,5,0,0,0,0,0,0,0,0,142224.52392578125,85838.56774902344,0,404327403520,8589930496,5141344256,114688
9,1791560631369,2500,2499,799,800,800,799,800,800,2500,2500,2500,2499,2500,2500,800,800,5.263157844543457,0,100,0,0,0,0,5,0,0,0,0,0,0,0,0,142224.66931152344,85838.88354492188,0,404327403520,8589930496,5141344256,114688
9,1791560631379,2500,2499,799,800,800,799,800,800,2500,2500,2500,2499,2500,2500,800,800,5.263157844543457,0,100,0,0,0,0,5,0,0,0,0,0,0,0,0,142224.81622314453,85839.20458984375,0,404327403520,8589930496,5141344256,114688
9,1791560631390,2500,2499,799,800,800,799,800,800,2500,2500,2500,2499,2500,2500,800,800,5.263157844543457,0,100,0,0,0,0,5,0,0,0,0,0,0,0,0,142224.96160888672,85839.51770019531,0,404327403520,8589930496,5141344256,114688
9,1791560631400,2500,2499,799,800,800,799,800,800,2500,2500,2500,2499,2500,2500,800,800,5.263157844543457,0,100,0,0,0,0,5,0,0,0,0,0,0,0,0,142225.1075439453,85839.83361816406,0,404327403520,8589930496,5141344256,114688
9,1791560631410,2500,2499,799,800,800,799,800,800,2500,2500,2500,2499,2500,2500,800,800,5.263157844543457,0,100,0,0,0,0,5,0,0,0,0,0,0,0,0,142225.25567626953,85840.15338134766,0,404327403520,8589930496,5141344256,114688
10,1791560631420,2500,2499,799,800,800,799,800,800,2500,2500,2500,2499,2500,2500,800,800,9.523809432983398,0,100,0,0,0,0,5,0,0,0,0,0,0,0,0,142225.40728759766,85840.46466064453,0,404327403520,8589930496,5141344256,114688
9,1791560631430,2500,2499,799,800,800,799,800,800,2500,2500,2500,2499,2500,2500,800,800,9.523809432983398,0,100,0,0,0,0,5,0,0,0,0,0,0,0,0,142225.55560302734,85840.78118896484,0,404327403520,8589930496,5141344256,114688
9,1791560631440,2500,2499,799,800,800,799,800,800,2500,2500,2500,2499,2500,2500,800,800,9.523809432983398,0,100,0,0,0,0,5,0,0,0,0,0,0,0,0,142225.70629882813,85841.09729003906,0,404327403520,8589930496,5141344256,114688
9,1791560631450,2500,2499,799,800,800,799,800,800,2500,2500,2500,2499,2500,2500,800,800,9.523809432983398,0,100,0,0,0,0,5,0,0,0,0,0,0,0,0,142225.87072753906,85841.4423828125,0,404327403520,8589930496,5141344256,114688
10,1791560631460,2500,2499,799,800,800,799,800,800,2500,2500,2500,2499,2500,2500,800,800,9.523809432983398,0,100,0,0,0,0,5,0,0,0,0,0,0,0,0,142226.00494384766,85841.72619628906,0,404327403520,8589930496,5141344256,114688
9,1791560631470,2500,2499,799,800,800,799,800,800,2500,2500,2500,2499,2500,2500,800,800,9.523809432983398,0,100,0,0,0,0,5,0,0,0,0,0,0,0,0,142226.16900634766,85842.06707763672,0,404327403520,8589930496,5141344256,114688
10,1791560631480,2500,2499,799,800,800,799,800,800,2500,2500,2500,2499,2500,2500,800,800,9.523809432983398,0,100,0,0,0,0,5,0,0,0,0,0,0,0,0,142226.31640625,85842.3901977539,0,404327403520,8589930496,5141344256,114688
9,1791560631490,2500,2499,799,800,800,799,800,800,2500,2500,2500,2499,2500,2500,800,800,9.523809432983398,0,100,0,0,0,0,5,0,0,0,0,0,0,0,0,142226.46600341797,85842.70007324219,0,404327403520,8589930496,5141344256,114688
10,1791560631500,2500,2499,799,800,800,799,800,800,2500,2500,2500,2499,2500,2500,800,800,9.523809432983398,0,100,0,0,0,0,5,0,0,0,0,0,0,0,0,142226.61358642578,85843.01586914063,0,404327403520,8589930496,5141344256,114688
9,1791560631510,2500,2499,799,800,800,799,800,800,2500,2500,2500,2499,2500,2500,800,800,9.523809432983398,0,100,0,0,0,0,5,0,0,0,0,0,0,0,0,142226.76300048828,85843.32849121094,0,404327403520,8589930496,5141344256,114688
9,1791560631520,2500,2499,799,800,800,799,800,800,2500,2500,2500,2499,2500,2500,800,800,9.523809432983398,0,100,0,0,0,0,5,0,0,0,0,0,0,0,0,142226.9063720703,85843.64636230469,0,404327403520,8589930496,5141344256,114688
9,1791560631531,2500,2499,799,800,800,799,800,800,2500,2500,2500,2499,2500,2500,800,800,9.523809432983398,0,100,0,0,0,0,5,0,0,0,0,0,0,0,0,142227.05505371094,85843.96215820313,0,404327403520,8589930496,5141344256,114688
9,1791560631541,2500,2499,799,800,800,799,800,800,2500,2500,2500,2499,2500,2500,800,800,9.523809432983398,0,100,0,0,0,0,5,0,0,0,0,0,0,0,0,142227.20318603516,85844.28131103516,0,404327403520,8589930496,5141344256,114688
10,1791560631551,2500,2499,799,800,800,799,800,800,2500,2500,2500,2499,2500,2500,800,800,9.523809432983398,0,100,0,0,0,0,5,0,0,0,0,0,0,0,0,142227.3565673828,85844.59228515625,0,404327403520,8589930496,5141344256,114688
9,1791560631561,2500,2499,799,800,800,799,800,800,2500,2500,2500,2499,2500,2500,800,800,9.523809432983398,0,100,0,0,0,0,5,0,0,0,0,0,0,0,0,142227.5054321289,85844.90844726563,0,404327403520,8589930496,5141344256,114688
9,1791560631571,2500,2499,799,800,800,799,800,800,2500,2500,2500,2499,2500,2500,800,800,9.523809432983398,0,100,0,0,0,0,5,0,0,0,0,0,0,0,0,142227.6561279297,85845.22576904297,0,404327403520,8589930496,5141344256,114688
9,1791560631581,2500,2499,799,800,800,799,800,800,2500,2500,2500,2499,2500,2500,800,800,9.523809432983398,0,100,0,0,0,0,5,0,0,0,0,0,0,0,0,142227.80920410156,85845.5433959961,0,404327403520,8589930496,5141344256,114688
9,1791560631591,2500,2499,799,800,800,799,800,800,2500,2500,2500,2499,2500,2500,800,800,9.523809432983398,0,100,0,0,0,0,5,0,0,0,0,0,0,0,0,142227.97619628906,85845.88793945313,0,404327403520,8589930496,5141344256,114688
9,1791560631601,2500,2499,799,800,800,799,800,800,2500,2500,2500,2499,2500,2500,800,800,9.523809432983398,0,100,0,0,0,0,5,0,0,0,0,0,0,0,0,142228.1241455078,85846.20538330078,0,404327403520,8589930496,5141344256,114688
10,1791560631611,2500,2499,799,800,800,799,800,800,2500,2500,2500,2499,2500,2500,800,800,9.523809432983398,0,100,0,0,0,0,5,0,0,0,0,0,0,0,0,142228.26220703125,85846.4877319336,0,404327403520,8589930496,5141344256,114688
10,1791560631621,2500,2499,799,800,800,799,800,800,2500,2500,2500,2499,2500,2500,800,800,5.263157844543457,0,100,0,0,0,0,0,0,0,0,0,0,0,0,0,142228.42706298828,85846.83154296875,0,404327403520,8589930496,5141344256,114688
9,1791560631631,2500,2499,799,800,800,799,800,800,2500,2500,2500,2499,2500,2500,800,800,5.263157844543457,0,100,0,0,0,0,0,0,0,0,0,0,0,0,0,142228.57971191406,85847.1489868164,0,404327403520,8589930496,5141344256,114688
10,1791560631641,2500,2499,799,800,800,799,800,800,2500,2500,2500,2499,2500,2500,800,800,5.263157844543457,0,100,0,0,0,0,0,0,0,0,0,0,0,0,0,142228.7254638672,85847.4644165039,0,404327403520,8589930496,5141344256,114688
9,1791560631651,2500,2499,799,800,800,799,800,800,2500,2500,2500,2499,2500,2500,800,800,5.263157844543457,0,100,0,0,0,0,0,0,0,0,0,0,0,0,0,142228.8783569336,85847.77734375,0,404327403520,8589930496,5141344256,114688
10,1791560631661,2500,2499,799,800,800,799,800,800,2500,2500,2500,2499,2500,2500,800,800,5.263157844543457,0,100,0,0,0,0,0,0,0,0,0,0,0,0,0,142229.0277709961,85848.09466552734,0,404327403520,8589930496,5141344256,114688
10,1791560631671,2500,2499,799,800,800,799,800,800,2500,2500,2500,2499,2500,2500,800,800,5.263157844543457,0,100,0,0,0,0,0,0,0,0,0,0,0,0,0,142229.1759033203,85848.4066772461,0,404327403520,8589930496,5141344256,114688
9,1791560631682,2500,2499,799,800,800,799,800,800,2500,2500,2500,2499,2500,2500,800,800,5.263157844543457,0,100,0,0,0,0,0,0,0,0,0,0,0,0,0,142229.32568359375,85848.71960449219,0,404327403520,8589930496,5141344256,114688
9,1791560631692,2500,2499,799,800,800,799,800,800,2500,2500,2500,2499,2500,2500,800,800,5.263157844543457,0,100,0,0,0,0,0,0,0,0,0,0,0,0,0,142229.47692871094,85849.03594970703,0,404327403520,8589930496,5141344256,114688
10,1791560631702,2500,2499,799,800,800,799,800,800,2500,2500,2500,2499,2500,2500,800,800,5.263157844543457,0,100,0,0,0,0,0,0,0,0,0,0,0,0,0,142229.62432861328,85849.3447265625,0,404327403520,8589930496,5141344256,114688
9,1791560631712,2500,2499,799,800,800,799,800,800,2500,2500,2500,2499,2500,2500,800,800,5.263157844543457,0,100,0,0,0,0,0,0,0,0,0,0,0,0,0,142229.77282714844,85849.66436767578,0,404327403520,8589930496,5141344256,114688
9,1791560631722,2500,2499,799,800,800,799,800,800,2500,2500,2500,2499,2500,2500,800,800,5.263157844543457,0,100,0,0,0,0,0,0,0,0,0,0,0,0,0,142229.91595458984,85849.97827148438,0,404327403520,8589930496,5141344256,114688
9,1791560631732,2500,2499,799,800,800,799,800,800,2500,2500,2500,2499,2500,2500,800,800,5.263157844543457,0,100,0,0,0,0,0,0,0,0,0,0,0,0,0,142230.06280517578,85850.291015625,0,404327403520,8589930496,5141344256,114688
9,1791560631742,2500,2499,799,800,800,799,800,800,2500,2500,2500,2499,2500,2500,800,800,5.263157844543457,0,100,0,0,0,0,0,0,0,0,0,0,0,0,0,142230.2120361328,85850.6015625,0,404327403520,8589930496,5141344256,114688
9,1791560631752,2500,2499,799,800,800,799,800,800,2500,2500,2500,2499,2500,2500,800,800,5.263157844543457,0,100,0,0,0,0,0,0,0,0,0,0,0,0,0,142230.3592529297,85850.90856933594,0,404327403520,8589930496,5141344256,114688
10,1791560631762,2500,2499,799,800,800,799,800,800,2500,2500,2500,2499,2500,2500,800,800,5.263157844543457,0,100,0,0,0,0,0,0,0,0,0,0,0,0,0,142230.5028076172,85851.22192382813,0,404327403520,8589930496,5141344256,114688
9,1791560631772,2500,2499,799,800,800,799,800,800,2500,2500,2500,2499,2500,2500,800,800,5.263157844543457,0,100,0,0,0,0,0,0,0,0,0,0,0,0,0,142230.66442871094,85851.56805419922,0,404327403520,8589930496,5141344256,114688
9,1791560631782,2500,2499,799,800,800,799,800,800,2500,2500,2500,2499,2500,2500,800,800,5.263157844543457,0,100,0,0,0,0,0,0,0,0,0,0,0,0,0,142230.80963134766,85851.88293457031,0,404327403520,8589930496,5141344256,114688
10,1791560631792,2500,2499,799,800,800,799,800,800,2500,2500,2500,2499,2500,2500,800,800,5.263157844543457,0,100,0,0,0,0,0,0,0,0,0,0,0,0,0,142230.96142578125,85852.20001220703,0,404327403520,8589930496,5141344256,114688
10,1791560631802,2500,2499,799,800,800,799,800,800,2500,2500,2500,2499,2500,2500,800,800,5.263157844543457,0,100,0,0,0,0,0,0,0,0,0,0,0,0,0,142231.11102294922,85852.50714111328,0,404327403520,8589930496,5141344256,114688
9,1791560631813,2500,2499,799,800,800,799,800,800,2500,2500,2500,2499,2500,2500,800,800,5.263157844543457,0,100,0,0,0,0,0,0,0,0,0,0,0,0,0,142231.25457763672,85852.82098388672,0,404327403520,8589930496,5141344256,114688
9,1791560631823,2500,2499,799,800,800,799,800,800,2500,2500,2500,2499,2500,2500,800,800,10,5,100,0,0,0,4.761904716491699,9.523809432983398,0,0,0,0,0,0,0,0,142231.39556884766,85853.1322631836,0,404327403520,8589930496,5141344256,114688
10,1791560631833,2500,2499,799,800,800,799,800,800,2500,2500,2500,2499,2500,2500,800,800,10,5,100,0,0,0,4.761904716491699,9.523809432983398,0,0,0,0,0,0,0,0,142231.54412841797,85853.44458007813,0,404327403520,8589930496,5141344256,114688
9,1791560631843,2500,2499,799,800,800,799,800,800,2500,2500,2500,2499,2500,2500,800,800,10,5,100,0,0,0,4.761904716491699,9.523809432983398,0,0,0,0,0,0,0,0,142231.69244384766,85853.76080322266,0,404327403520,8589930496,5141344256,114688
9,1791560631853,2500,2499,799,800,800,799,800,800,2500,2500,2500,2499,2500,2500,800,800,10,5,100,0,0,0,4.761904716491699,9.523809432983398,0,0,0,0,0,0,0,0,142231.8389892578,85854.07427978516,0,404327403520,8589930496,5141344256,114688
10,1791560631863,2500,2499,799,800,800,799,800,800,2500,2500,2500,2499,2500,2500,800,800,10,5,100,0,0,0,4.761904716491699,9.523809432983398,0,0,0,0,0,0,0,0,142231.984375,85854.39013671875,0,404327403520,8589930496,5141344256,114688
9,1791560631873,2500,2499,799,800,800,799,800,800,2500,2500,2500,2499,2500,2500,800,800,10,5,100,0,0,0,4.761904716491699,9.523809432983398,0,0,0,0,0,0,0,0,142232.13122558594,85854.70324707031,0,404327403520,8589930496,5141344256,114688
9,1791560631883,2500,2499,799,800,800,799,800,800,2500,2500,2500,2499,2500,2500,800,800,10,5,100,0,0,0,4.761904716491699,9.523809432983398,0,0,0,0,0,0,0,0,142232.28100585938,85855.02056884766,0,404327403520,8589930496,5141344256,114688
9,1791560631893,2500,2499,799,800,800,799,800,800,2500,2500,2500,2499,2500,2500,800,800,10,5,100,0,0,0,4.761904716491699,9.523809432983398,0,0,0,0,0,0,0,0,142232.4291381836,85855.333984375,0,404327403520,8589930496,5141344256,114688
10,1791560631903,2500,2499,799,800,800,799,800,800,2500,2500,2500,2499,2500,2500,800,800,10,5,100,0,0,0,4.761904716491699,9.523809432983398,0,0,0,0,0,0,0,0,142232.57354736328,85855.64697265625,0,404327403520,8589930496,5141344256,114688
9,1791560631913,2500,2499,799,800,800,799,800,800,2500,2500,2500,2499,2500,2500,800,800,10,5,100,0,0,0,4.761904716491699,9.523809432983398,0,0,0,0,0,0,0,0,142232.73065185547,85855.99291992188,0,404327403520,8589930496,5141344256,114688
9,1791560631923,2500,2499,799,800,800,799,800,800,2500,2500,2500,2499,2500,2500,800,800,10,5,100,0,0,0,4.761904716491699,9.523809432983398,0,0,0,0,0,0,0,0,142232.8809814453,85856.30499267578,0,404327403520,8589930496,5141344256,114688
9,1791560631933,2500,2499,799,800,800,799,800,800,2500,2500,2500,2499,2500,2500,800,800,10,5,100,0,0,0,4.761904716491699,9.523809432983398,0,0,0,0,0,0,0,0,142233.029296875,85856.61547851563,0,404327403520,8589930496,5141344256,114688
9,1791560631943,2500,2499,799,800,800,799,800,800,2500,2500,2500,2499,2500,2500,800,800,10,5,100,0,0,0,4.761904716491699,9.523809432983398,0,0,0,0,0,0,0,0,142233.17779541016,85856.93353271484,0,404327403520,8589930496,5141344256,114688
9,1791560631954,2500,2499,799,800,800,799,800,800,2500,2500,2500,2499,2500,2500,800,800,10,5,100,0,0,0,4.761904716491699,9.523809432983398,0,0,0,0,0,0,0,0,142233.3262939453,85857.25158691406,0,404327403520,8589930496,5141344256,114688
10,1791560631964,2500,2499,799,800,800,799,800,800,2500,2500,2500,2499,2500,2500,800,800,10,5,100,0,0,0,4.761904716491699,9.523809432983398,0,0,0,0,0,0,0,0,142233.47552490234,85857.56634521484,0,404327403520,8589930496,5141344256,114688
9,1791560631974,2500,2499,799,800,800,799,800,800,2500,2500,2500,2499,2500,2500,800,800,10,5,100,0,0,0,4.761904716491699,9.523809432983398,0,0,0,0,0,0,0,0,142233.62353515625,85857.87744140625,0,404327403520,8589930496,5141344256,114688
9,1791560631984,2500,2499,799,800,800,799,800,800,2500,2500,2500,2499,2500,2500,800,800,10,5,100,0,0,0,4.761904716491699,9.523809432983398,0,0,0,0,0,0,0,0,142233.77111816406,85858.19165039063,0,404327403520,8589930496,5141344256,114688
10,1791560631994,2500,2499,799,800,800,799,800,800,2500,2500,2500,2499,2500,2500,800,800,10,5,100,0,0,0,4.761904716491699,9.523809432983398,0,0,0,0,0,0,0,0,142233.92364501953,85858.50354003906,0,404327403520,8589930496,5141344256,114688
9,1791560632004,2500,2499,799,800,800,799,800,800,2500,2500,2500,2499,2500,2500,800,800,10,5,100,0,0,0,4.761904716491699,9.523809432983398,0,0,0,0,0,0,0,0,142234.0697631836,85858.81732177734,0,404327403520,8589930496,5141344256,114688
9,1791560632014,2500,2499,799,800,800,799,800,800,2500,2500,2500,2499,2500,2500,800,800,10,5,100,0,0,0,4.761904716491699,9.523809432983398,0,0,0,0,0,0,0,0,142234.21618652344,85859.13562011719,0,404327403520,8589930496,5141344256,114688
10,1791560632024,2500,2499,799,800,800,799,800,800,2500,2500,2500,2499,2500,2500,800,800,0,0,100,0,0,0,0,0,0,0,0,0,0,0,0,0,142234.36596679688,85859.4517211914,0,404327403520,8589930496,5141344256,114688
9,1791560632034,2500,2499,799,800,800,799,800,800,2500,2500,2500,2499,2500,2500,800,800,0,0,100,0,0,0,0,0,0,0,0,0,0,0,0,0,142234.50970458984,85859.76544189453,0,404327403520,8589930496,5141344256,114688
9,1791560632044,2500,2499,799,800,800,799,800,800,2500,2500,2500,2499,2500,2500,800,800,0,0,100,0,0,0,0,0,0,0,0,0,0,0,0,0,142234.65435791016,85860.08569335938,0,404327403520,8589930496,5141344256,114688
9,1791560632054,2500,2499,799,800,800,799,800,800,2500,2500,2500,2499,2500,2500,800,800,0,0,100,0,0,0,0,0,0,0,0,0,0,0,0,0,142234.79956054688,85860.3974609375,0,404327403520,8589930496,5141344256,114688
9,1791560632064,2500,2499,799,800,800,799,800,800,2500,2500,2500,2499,2500,2500,800,800,0,0,100,0,0,0,0,0,0,0,0,0,0,0,0,0,142234.94659423828,85860.71417236328,0,404327403520,8589930496,5141344256,114688
9,1791560632074,2500,2499,799,800,800,799,800,800,2500,2500,2500,2499,2500,2500,800,800,0,0,100,0,0,0,0,0,0,0,0,0,0,0,0,0,142235.09490966797,85861.02844238281,0,404327403520,8589930496,5141344256,114688
9,1791560632084,2500,2499,799,800,800,799,800,800,2500,2500,2500,2499,2500,2500,800,800,0,0,100,0,0,0,0,0,0,0,0,0,0,0,0,0,142235.2430419922,85861.34448242188,0,404327403520,8589930496,5141344256,114688
9,1791560632095,2500,2499,799,800,800,799,800,800,2500,2500,2500,2499,2500,2500,800,800,0,0,100,0,0,0,0,0,0,0,0,0,0,0,0,0,142235.39208984375,85861.66052246094,0,404327403520,8589930496,5141344256,114688
9,1791560632105,2500,2499,799,800,800,799,800,800,2500,2500,2500,2499,2500,2500,800,800,0,0,100,0,0,0,0,0,0,0,0,0,0,0,0,0,142235.55450439453,85862.0062866211,0,404327403520,8589930496,5141344256,114688
10,1791560632115,2500,2499,799,800,800,799,800,800,2500,2500,2500,2499,2500,2500,800,800,0,0,100,0,0,0,0,0,0,0,0,0,0,0,0,0,142235.70281982422,85862.31530761719,0,404327403520,8589930496,5141344256,114688
9,1791560632125,2500,2499,799,800,800,799,800,800,2500,2500,2500,2499,2500,2500,800,800,0,0,100,0,0,0,0,0,0,0,0,0,0,0,0,0,142235.85443115234,85862.6279296875,0,404327403520,8589930496,5141344256,114688
9,1791560632135,2500,2499,799,800,800,799,800,800,2500,2500,2500,2499,2500,2500,800,800,0,0,100,0,0,0,0,0,0,0,0,0,0,0,0,0,142236.00482177734,85862.94287109375,0,404327403520,8589930496,5141344256,114688
9,1791560632145,2500,2499,799,800,800,799,800,800,2500,2500,2500,2499,2500,2500,800,800,0,0,100,0,0,0,0,0,0,0,0,0,0,0,0,0,142236.16046142578,85863.25885009766,0,404327403520,8589930496,5141344256,114688
9,1791560632155,2500,2499,799,800,800,799,800,800,2500,2500,2500,2499,2500,2500,800,800,0,0,100,0,0,0,0,0,0,0,0,0,0,0,0,0,142236.31024169922,85863.56970214844,0,404327403520,8589930496,5141344256,114688
9,1791560632165,2500,2499,799,800,800,799,800,800,2500,2500,2500,2499,2500,2500,800,800,0,0,100,0,0,0,0,0,0,0,0,0,0,0,0,0,142236.45471191406,85863.88665771484,0,404327403520,8589930496,5141344256,114688
9,1791560632175,2500,2499,799,800,800,799,800,800,2500,2500,2500,2499,2500,2500,800,800,0,0,100,0,0,0,0,0,0,0,0,0,0,0,0,0,142236.59912109375,85864.19439697266,0,404327403520,8589930496,5141344256,114688
9,1791560632185,2500,2499,799,800,800,799,800,800,2500,2500,2500,2499,2500,2500,800,800,0,0,100,0,0,0,0,0,0,0,0,0,0,0,0,0,142236.74908447266,85864.5121459961,0,404327403520,8589930496,5141344256,114688
9,1791560632195,2500,2499,799,800,800,799,800,800,2500,2500,2500,2499,2500,2500,800,800,0,0,100,0,0,0,0,0,0,0,0,0,0,0,0,0,142236.89794921875,85864.82629394531,0,404327403520,8589930496,5141344256,114688
9,1791560632205,2500,2499,799,800,800,799,800,800,2500,2500,2500,2499,2500,2500,800,800,0,0,100,0,0,0,0,0,0,0,0,0,0,0,0,0,142237.0458984375,85865.13818359375,0,404327403520,8589930496,5141344256,114688
10,1791560632215,2500,2499,799,800,800,799,800,800,2500,2500,2500,2499,2500,2500,800,800,0,0,100,0,0,0,0,0,0,0,0,0,0,0,0,0,142237.1929321289,85865.45007324219,0,404327403520,8589930496,5141344256,114688
9,1791560632225,2500,2499,799,800,800,799,800,800,2500,2500,2500,2499,2500,2500,800,800,9.523809432983398,0,100,0,0,0,0,5,0,0,0,0,0,0,0,0,142237.3394165039,85865.77020263672,0,404327403520,8589930496,5141344256,114688
9,1791560632236,2500,2499,799,800,800,799,800,800,2500,2500,2500,2499,2500,2500,800,800,9.523809432983398,0,100,0,0,0,0,5,0,0,0,0,0,0,0,0,142237.47912597656,85866.08221435547,0,404327403520,8589930496,5141344256,114688
9,1791560632246,2500,2499,799,800,800,799,800,800,2500,2500,2500,2499,2500,2500,800,800,9.523809432983398,0,100,0,0,0,0,5,0,0,0,0,0,0,0,0,142237.6436767578,85866.42492675781,0,404327403520,8589930496,5141344256,114688
9,1791560632256,2500,2499,799,800,800,799,800,800,2500,2500,2500,2499,2500,2500,800,800,9.523809432983398,0,100,0,0,0,0,5,0,0,0,0,0,0,0,0,142237.78686523438,85866.7388305664,0,404327403520,8589930496,5141344256,114688
9,1791560632266,2500,2499,799,800,800,799,800,800,2500,2500,2500,2499,2500,2500,800,800,9.523809432983398,0,100,0,0,0,0,5,0,0,0,0,0,0,0,0,142237.93426513672,85867.05303955078,0,404327403520,8589930496,5141344256,114688
9,1791560632276,2500,2499,799,800,800,799,800,800,2500,2500,2500,2499,2500,2500,800,800,9.523809432983398,0,100,0,0,0,0,5,0,0,0,0,0,0,0,0,142238.06524658203,85867.33410644531,0,404327403520,8589930496,5141344256,114688
9,1791560632286,2500,2499,799,800,800,799,800,800,2500,2500,2500,2499,2500,2500,800,800,9.523809432983398,0,100,0,0,0,0,5,0,0,0,0,0,0,0,0,142238.21063232422,85867.64465332031,0,404327403520,8589930496,5141344256,114688
10,1791560632296,2500,2499,799,800,800,799,800,800,2500,2500,2500,2499,2500,2500,800,800,9.523809432983398,0,100,0,0,0,0,5,0,0,0,0,0,0,0,0,142238.3748779297,85867.98358154297,0,404327403520,8589930496,5141344256,114688
9,1791560632306,2500,2499,799,800,800,799,800,800,2500,2500,2500,2499,2500,2500,800,800,9.523809432983398,0,100,0,0,0,0,5,0,0,0,0,0,0,0,0,142238.52227783203,85868.2660522461,0,404327403520,8589930496,5141344256,114688
10,1791560632316,2500,2499,799,800,800,799,800,800,2500,2500,2500,2499,2500,2500,800,800,9.523809432983398,0,100,0,0,0,0,5,0,0,0,0,0,0,0,0,142238.64880371094,85868.57922363281,0,404327403520,8589930496,5141344256,114688
10,1791560632326,2500,2499,799,800,800,799,800,800,2500,2500,2500,2499,2500,2500,800,800,9.523809432983398,0,100,0,0,0,0,5,0,0,0,0,0,0,0,0,142238.81030273438,85868.93310546875,0,404327403520,8589930496,5141344256,114688
9,1791560632336,2500,2499,799,800,800,799,800,800,2500,2500,2500,2499,2500,2500,800,800,9.523809432983398,0,100,0,0,0,0,5,0,0,0,0,0,0,0,0,142238.96069335938,85869.24298095703,0,404327403520,8589930496,5141344256,114688
9,1791560632346,2500,2499,799,800,800,799,800,800,2500,2500,2500,2499,2500,2500,800,800,9.523809432983398,0,100,0,0,0,0,5,0,0,0,0,0,0,0,0,142239.11267089844,85869.55944824219,0,404327403520,8589930496,5141344256,114688
10,1791560632356,2500,2499,799,800,800,799,800,800,2500,2500,2500,2499,2500,2500,800,800,9.523809432983398,0,100,0,0,0,0,5,0,0,0,0,0,0,0,0,142239.26373291016,85869.87292480469,0,404327403520,8589930496,5141344256,114688
10,1791560632366,2500,2499,799,800,800,799,800,800,2500,2500,2500,2499,2500,2500,800,800,9.523809432983398,0,100,0,0,0,0,5,0,0,0,0,0,0,0,0,142239.41137695313,85870.18646240234,0,404327403520,8589930496,5141344256,114688
9,1791560632377,2500,2499,799,800,800,799,800,800,2500,2500,2500,2499,2500,2500,800,800,9.523809432983398,0,100,0,0,0,0,5,0,0,0,0,0,0,0,0,142239.56048583984,85870.49713134766,0,404327403520,8589930496,5141344256,114688
9,1791560632387,2500,2499,799,800,800,799,800,800,2500,2500,2500,2499,2500,2500,800,800,9.523809432983398,0,100,0,0,0,0,5,0,0,0,0,0,0,0,0,142239.7124633789,85870.81103515625,0,404327403520,8589930496,5141344256,114688
9,1791560632397,2500,2499,799,800,800,799,800,800,2500,2500,2500,2499,2500,2500,800,800,9.523809432983398,0,100,0,0,0,0,5,0,0,0,0,0,0,0,0,142239.8614501953,85871.12817382813,0,404327403520,8589930496,5141344256,114688
9,1791560632407,2500,2499,799,800,800,799,800,800,2500,2500,2500,2499,2500,2500,800,800,9.523809432983398,0,100,0,0,0,0,5,0,0,0,0,0,0,0,0,142240.0239868164,85871.47021484375,0,404327403520,8589930496,5141344256,114688
9,1791560632417,2500,2499,799,800,800,799,800,800,2500,2500,2500,2499,2500,2500,800,800,9.523809432983398,0,100,0,0,0,0,5,0,0,0,0,0,0,0,0,142240.15783691406,85871.75451660156,0,404327403520,8589930496,5141344256,114688
9,1791560632427,2500,2499,799,800,800,799,800,800,2500,2500,2500,2499,2500,2500,800,800,5.263157844543457,0,100,0,0,0,0,0,0,0,0,0,0,0,0,0,142240.32208251953,85872.09753417969,0,404327403520,8589930496,5141344256,114688
10,1791560632437,2500,2499,799,800,800,799,800,800,2500,2500,2500,2499,2500,2500,800,800,5.263157844543457,0,100,0,0,0,0,0,0,0,0,0,0,0,0,0,142240.45794677734,85872.38256835938,0,404327403520,8589930496,5141344256,114688
10,1791560632447,2500,2499,799,800,800,799,800,800,2500,2500,2500,2499,2500,2500,800,800,5.263157844543457,0,100,0,0,0,0,0,0,0,0,0,0,0,0,0,142240.6199951172,85872.73138427734,0,404327403520,8589930496,5141344256,114688
9,1791560632457,2500,2499,799,800,800,799,800,800,2500,2500,2500,2499,2500,2500,800,800,5.263157844543457,0,100,0,0,0,0,0,0,0,0,0,0,0,0,0,142240.7615966797,85873.05053710938,0,404327403520,8589930496,5141344256,114688
9,1791560632467,2500,2499,799,800,800,799,800,800,2500,2500,2500,2499,2500,2500,800,800,5.263157844543457,0,100,0,0,0,0,0,0,0,0,0,0,0,0,0,142240.90991210938,85873.37042236328,0,404327403520,8589930496,5141344256,114688
9,1791560632477,2500,2499,799,800,800,799,800,800,2500,2500,2500,2499,2500,2500,800,800,5.263157844543457,0,100,0,0,0,0,0,0,0,0,0,0,0,0,0,142241.05712890625,85873.6909790039,0,404327403520,8589930496,5141344256,114688
9,1791560632487,2500,2499,799,800,800,799,800,800,2500,2500,2500,2499,2500,2500,800,800,5.263157844543457,0,100,0,0,0,0,0,0,0,0,0,0,0,0,0,142241.2030029297,85874.00323486328,0,404327403520,8589930496,5141344256,114688
10,1791560632497,2500,2499,799,800,800,799,800,800,2500,2500,2500,2499,2500,2500,800,800,5.263157844543457,0,100,0,0,0,0,0,0,0,0,0,0,0,0,0,142241.3529663086,85874.32489013672,0,404327403520,8589930496,5141344256,114688
9,1791560632508,2500,2499,799,800,800,799,800,800,2500,2500,2500,2499,2500,2500,800,800,5.263157844543457,0,100,0,0,0,0,0,0,0,0,0,0,0,0,0,142241.4965209961,85874.64624023438,0,404327403520,8589930496,5141344256,114688
9,1791560632518,2500,2499,799,800,800,799,800,800,2500,2500,2500,2499,2500,2500,800,800,5.263157844543457,0,100,0,0,0,0,0,0,0,0,0,0,0,0,0,142241.64501953125,85874.96405029297,0,404327403520,8589930496,5141344256,114688
9,1791560632528,2500,2499,799,800,800,799,800,800,2500,2500,2500,2499,2500,2500,800,800,5.263157844543457,0,100,0,0,0,0,0,0,0,0,0,0,0,0,0,142241.7918701172,85875.27862548828,0,404327403520,8589930496,5141344256,114688
9,1791560632538,2500,2499,799,800,800,799,800,800,2500,2500,2500,2499,2500,2500,800,800,5.263157844543457,0,100,0,0,0,0,0,0,0,0,0,0,0,0,0,142241.9383544922,85875.5982055664,0,404327403520,8589930496,5141344256,114688
10,1791560632548,2500,2499,799,800,800,799,800,800,2500,2500,2500,2499,2500,2500,800,800,5.263157844543457,0,100,0,0,0,0,0,0,0,0,0,0,0,0,0,142242.08209228516,85875.9067993164,0,404327403520,8589930496,5141344256,114688
9,1791560632558,2500,2499,799,800,800,799,800,800,2500,2500,2500,2499,2500,2500,800,800,5.263157844543457,0,100,0,0,0,0,0,0,0,0,0,0,0,0,0,142242.22491455078,85876.22314453125,0,404327403520,8589930496,5141344256,114688
10,1791560632568,2500,2499,799,800,800,799,800,800,2500,2500,2500,2499,2500,2500,800,800,5.263157844543457,0,100,0,0,0,0,0,0,0,0,0,0,0,0,0,142242.3748779297,85876.53894042969,0,404327403520,8589930496,5141344256,114688
9,1791560632578,2500,2499,799,800,800,799,800,800,2500,2500,2500,2499,2500,2500,800,800,5.263157844543457,0,100,0,0,0,0,0,0,0,0,0,0,0,0,0,142242.52117919922,85876.85705566406,0,404327403520,8589930496,5141344256,114688
10,1791560632588,2500,2499,799,800,800,799,800,800,2500,2500,2500,2499,2500,2500,800,800,5.263157844543457,0,100,0,0,0,0,0,0,0,0,0,0,0,0,0,142242.6683959961,85877.17700195313,0,404327403520,8589930496,5141344256,114688
9,1791560632598,2500,2499,799,800,800,799,800,800,2500,2500,2500,2499,2500,2500,800,800,5.263157844543457,0,100,0,0,0,0,0,0,0,0,0,0,0,0,0,142242.82934570313,85877.5263671875,0,404327403520,8589930496,5141344256,114688
9,1791560632608,2500,2499,799,800,800,799,800,800,2500,2500,2500,2499,2500,2500,800,800,5.263157844543457,0,100,0,0,0,0,0,0,0,0,0,0,0,0,0,142242.9783935547,85877.84411621094,0,404327403520,8589930496,5141344256,114688
9,1791560632618,2500,2499,799,800,800,799,800,800,2500,2500,2500,2499,2500,2500,800,800,5.263157844543457,0,100,0,0,0,0,0,0,0,0,0,0,0,0,0,142243.1201171875,85878.15985107422,0,404327403520,8589930496,5141344256,114688
9,1791560632628,2500,2499,799,800,800,799,800,800,2500,2500,2500,2499,2500,2500,800,800,10,0,100,0,0,0,0,10,0,0,0,0,0,0,0,0,142243.2642211914,85878.47497558594,0,404327403520,8589930496,5141344256,114688
9,1791560632638,2500,2499,799,800,800,799,800,800,2500,2500,2500,2499,2500,2500,800,800,10,0,100,0,0,0,0,10,0,0,0,0,0,0,0,0,142243.4077758789,85878.7935180664,0,404327403520,8589930496,5141344256,114688
10,1791560632648,2500,2499,799,800,800,799,800,800,2500,2500,2500,2499,2500,2500,800,800,10,0,100,0,0,0,0,10,0,0,0,0,0,0,0,0,142243.5502319336,85879.11157226563,0,404327403520,8589930496,5141344256,114688
9,1791560632659,2500,2499,799,800,800,799,800,800,2500,2500,2500,2499,2500,2500,800,800,10,0,100,0,0,0,0,10,0,0,0,0,0,0,0,0,142243.69451904297,85879.42596435547,0,404327403520,8589930496,5141344256,114688
9,1791560632669,2500,2499,799,800,800,799,800,800,2500,2500,2500,2499,2500,2500,800,800,10,0,100,0,0,0,0,10,0,0,0,0,0,0,0,0,142243.8325805664,85879.7446899414,0,404327403520,8589930496,5141344256,114688
9,1791560632679,2500,2499,799,800,800,799,800,800,2500,2500,2500,2499,2500,2500,800,800,10,0,100,0,0,0,0,10,0,0,0,0,0,0,0,0,142243.9754638672,85880.0551147461,0,404327403520,8589930496,5141344256,114688
9,1791560632689,2500,2499,799,800,800,799,800,800,2500,2500,2500,2499,2500,2500,800,800,10,0,100,0,0,0,0,10,0,0,0,0,0,0,0,0,142244.11572265625,85880.36993408203,0,404327403520,8589930496,5141344256,114688
9,1791560632699,2500,2499,799,800,800,799,800,800,2500,2500,2500,2499,2500,2500,800,800,10,0,100,0,0,0,0,10,0,0,0,0,0,0,0,0,142244.2607421875,85880.68585205078,0,404327403520,8589930496,5141344256,114688
9,1791560632709,2500,2499,799,800,800,799,800,800,2500,2500,2500,2499,2500,2500,800,800,10,0,100,0,0,0,0,10,0,0,0,0,0,0,0,0,142244.4086303711,85881.00146484375,0,404327403520,8589930496,5141344256,114688
9,1791560632719,2500,2499,799,800,800,799,800,800,2500,2500,2500,2499,2500,2500,800,800,10,0,100,0,0,0,0,10,0,0,0,0,0,0,0,0,142244.5531616211,85881.31427001953,0,404327403520,8589930496,5141344256,114688
9,1791560632729,2500,2499,799,800,800,799,800,800,2500,2500,2500,2499,2500,2500,800,800,10,0,100,0,0,0,0,10,0,0,0,0,0,0,0,0,142244.6967163086,85881.63122558594,0,404327403520,8589930496,5141344256,114688
10,1791560632739,2500,2499,799,800,800,799,800,800,2500,2500,2500,2499,2500,2500,800,800,10,0,100,0,0,0,0,10,0,0,0,0,0,0,0,0,142244.84326171875,85881.94256591797,0,404327403520,8589930496,5141344256,114688
9,1791560632749,2500,2499,799,800,800,799,800,800,2500,2500,2500,2499,2500,2500,800,800,10,0,100,0,0,0,0,10,0,0,0,0,0,0,0,0,142244.99981689453,85882.28326416016,0,404327403520,8589930496,5141344256,114688
10,1791560632759,2500,2499,799,800,800,799,800,800,2500,2500,2500,2499,2500,2500,800,800,10,0,100,0,0,0,0,10,0,0,0,0,0,0,0,0,142245.14776611328,85882.57019042969,0,404327403520,8589930496,5141344256,114688
10,1791560632769,2500,2499,799,800,800,799,800,800,2500,2500,2500,2499,2500,2500,800,800,10,0,100,0,0,0,0,10,0,0,0,0,0,0,0,0,142245.2958984375,85882.91735839844,0,404327403520,8589930496,5141344256,114688
9,1791560632779,2500,2499,799,800,800,799,800,800,2500,2500,2500,2499,2500,2500,800,800,10,0,100,0,0,0,0,10,0,0,0,0,0,0,0,0,142245.44256591797,85883.23748779297,0,404327403520,8589930496,5141344256,114688
9,1791560632790,2500,2499,799,800,800,799,800,800,2500,2500,2500,2499,2500,2500,800,800,10,0,100,0,0,0,0,10,0,0,0,0,0,0,0,0,142245.59014892578,85883.5562133789,0,404327403520,8589930496,5141344256,114688
10,1791560632799,2500,2499,799,800,800,799,800,800,2500,2500,2500,2499,2500,2500,800,800,10,0,100,0,0,0,0,10,0,0,0,0,0,0,0,0,142245.73663330078,85883.87365722656,0,404327403520,8589930496,5141344256,114688
9,1791560632810,2500,2499,799,800,800,799,800,800,2500,2500,2500,2499,2500,2500,800,800,10,0,100,0,0,0,0,10,0,0,0,0,0,0,0,0,142245.88275146484,85884.18811035156,0,404327403520,8589930496,5141344256,114688
9,1791560632820,2500,2499,799,800,800,799,800,800,2500,2500,2500,2499,2500,2500,800,800,10,0,100,0,0,0,0,10,0,0,0,0,0,0,0,0,142246.03106689453,85884.50830078125,0,404327403520,8589930496,5141344256,114688
10,1791560632830,2500,2499,799,800,800,799,800,800,2500,2500,2500,2499,2500,2500,800,800,5.263157844543457,0,100,0,0,0,0,0,0,0,0,0,0,0,0,0,142246.17462158203,85884.8217163086,0,404327403520,8589930496,5141344256,114688
9,1791560632840,2500,2499,799,800,800,799,800,800,2500,2500,2500,2499,2500,2500,800,800,5.263157844543457,0,100,0,0,0,0,0,0,0,0,0,0,0,0,0,142246.3247680664,85885.14001464844,0,404327403520,8589930496,5141344256,114688
9,1791560632850,2500,2499,799,800,800,799,800,800,2500,2500,2500,2499,2500,2500,800,800,5.263157844543457,0,100,0,0,0,0,0,0,0,0,0,0,0,0,0,142246.47033691406,85885.45831298828,0,404327403520,8589930496,5141344256,114688
9,1791560632860,2500,2499,799,800,800,799,800,800,2500,2500,2500,2499,2500,2500,800,800,5.263157844543457,0,100,0,0,0,0,0,0,0,0,0,0,0,0,0,142246.6137084961,85885.77038574219,0,404327403520,8589930496,5141344256,114688
9,1791560632870,2500,2499,799,800,800,799,800,800,2500,2500,2500,2499,2500,2500,800,800,5.263157844543457,0,100,0,0,0,0,0,0,0,0,0,0,0,0,0,142246.7621459961,85886.08422851563,0,404327403520,8589930496,5141344256,114688
9,1791560632880,2500,2499,799,800,800,799,800,800,2500,2500,2500,2499,2500,2500,800,800,5.263157844543457,0,100,0,0,0,0,0,0,0,0,0,0,0,0,0,142246.90753173828,85886.39874267578,0,404327403520,8589930496,5141344256,114688
9,1791560632890,2500,2499,799,800,800,799,800,800,2500,2500,2500,2499,2500,2500,800,800,5.263157844543457,0,100,0,0,0,0,0,0,0,0,0,0,0,0,0,142247.04888916016,85886.7138671875,0,404327403520,8589930496,5141344256,114688
10,1791560632900,2500,2499,799,800,800,799,800,800,2500,2500,2500,2499,2500,2500,800,800,5.263157844543457,0,100,0,0,0,0,0,0,0,0,0,0,0,0,0,142247.19219970703,85887.03088378906,0,404327403520,8589930496,5141344256,114688
10,1791560632910,2500,2499,799,800,800,799,800,800,2500,2500,2500,2499,2500,2500,800,800,5.263157844543457,0,100,0,0,0,0,0,0,0,0,0,0,0,0,0,142247.3374633789,85887.34271240234,0,404327403520,8589930496,5141344256,114688
9,1791560632920,2500,2499,799,800,800,799,800,800,2500,2500,2500,2499,2500,2500,800,800,5.263157844543457,0,100,0,0,0,0,0,0,0,0,0,0,0,0,0,142247.4937133789,85887.68762207031,0,404327403520,8589930496,5141344256,114688
9,1791560632931,2500,2499,799,800,800,799,800,800,2500,2500,2500,2499,2500,2500,800,800,5.263157844543457,0,100,0,0,0,0,0,0,0,0,0,0,0,0,0,142247.64239501953,85887.99517822266,0,404327403520,8589930496,5141344256,114688
9,1791560632941,2500,2499,799,800,800,799,800,800,2500,2500,2500,2499,2500,2500,800,800,5.263157844543457,0,100,0,0,0,0,0,0,0,0,0,0,0,0,0,142247.78924560547,85888.31536865234,0,404327403520,8589930496,5141344256,114688
9,1791560632951,2500,2499,799,800,800,799,800,800,2500,2500,2500,2499,2500,2500,800,800,5.263157844543457,0,100,0,0,0,0,0,0,0,0,0,0,0,0,0,142247.9315185547,85888.6337890625,0,404327403520,8589930496,5141344256,114688
9,1791560632961,2500,2499,799,800,800,799,800,800,2500,2500,2500,2499,2500,2500,800,800,5.263157844543457,0,100,0,0,0,0,0,0,0,0,0,0,0,0,0,142248.07543945313,85888.95147705078,0,404327403520,8589930496,5141344256,114688
9,1791560632971,2500,2499,799,800,800,799,800,800,2500,2500,2500,2499,2500,2500,800,800,5.263157844543457,0,100,0,0,0,0,0,0,0,0,0,0,0,0,0,142248.22338867188,85889.27001953125,0,404327403520,8589930496,5141344256,114688
9,1791560632981,2500,2499,799,800,800,799,800,800,2500,2500,2500,2499,2500,2500,800,800,5.263157844543457,0,100,0,0,0,0,0,0,0,0,0,0,0,0,0,142248.36785888672,85889.58654785156,0,404327403520,8589930496,5141344256,114688
9,1791560632991,2500,2499,799,800,800,799,800,800,2500,2500,2500,2499,2500,2500,800,800,5.263157844543457,0,100,0,0,0,0,0,0,0,0,0,0,0,0,0,142248.515625,85889.89929199219,0,404327403520,8589930496,5141344256,114688
9,1791560633001,2500,2499,799,800,800,799,800,800,2500,2500,2500,2499,2500,2500,800,800,5.263157844543457,0,100,0,0,0,0,0,0,0,0,0,0,0,0,0,142248.6615600586,85890.21356201172,0,404327403520,8589930496,5141344256,114688
10,1791560633011,2500,2499,799,800,800,799,800,800,2500,2500,2500,2499,2500,2500,800,800,5.263157844543457,0,100,0,0,0,0,0,0,0,0,0,0,0,0,0,142248.8130493164,85890.53033447266,0,404327403520,8589930496,5141344256,114688
9,1791560633021,2500,2499,799,800,800,799,800,800,2500,2500,2500,2499,2500,2500,800,800,5.263157844543457,0,100,0,0,0,0,0,0,0,0,0,0,0,0,0,142248.96118164063,85890.8451538086,0,404327403520,8589930496,5141344256,114688
9,1791560633031,2500,2499,799,800,800,799,800,800,2500,2500,2500,2499,2500,2500,800,800,9.523809432983398,0,63.15789031982422,0,0,0,0,5.263157844543457,0,0,0,0,0,0,0,38.095237731933594,142249.10418701172,85891.16192626953,0,404327403520,8589930496,5141344256,114688
9,1791560633041,2500,2499,799,800,800,799,800,800,2500,2500,2500,2499,2500,2500,800,800,9.523809432983398,0,63.15789031982422,0,0,0,0,5.263157844543457,0,0,0,0,0,0,0,38.095237731933594,142249.25048828125,85891.47369384766,0,404327403520,8589930496,5141344256,114688
9,1791560633051,2500,2499,799,800,800,799,800,800,2500,2500,2500,2499,2500,2500,800,800,9.523809432983398,0,63.15789031982422,0,0,0,0,5.263157844543457,0,0,0,0,0,0,0,38.095237731933594,142249.3907470703,85891.78491210938,0,404327403520,8589930496,5141344256,114688
9,1791560633062,2500,2499,799,800,800,799,800,800,2500,2500,2500,2499,2500,2500,800,800,9.523809432983398,0,63.15789031982422,0,0,0,0,5.263157844543457,0,0,0,0,0,0,0,38.095237731933594,142249.54858398438,85892.13000488281,0,404327403520,8589930496,5141344256,114688
9,1791560633072,2500,2499,799,800,800,799,800,800,2500,2500,2500,2499,2500,2500,800,800,9.523809432983398,0,63.15789031982422,0,0,0,0,5.263157844543457,0,0,0,0,0,0,0,38.095237731933594,142249.69580078125,85892.44464111328,0,404327403520,8589930496,5141344256,114688
9,1791560633082,2500,2499,799,800,800,799,800,800,2500,2500,2500,2499,2500,2500,800,800,9.523809432983398,0,63.15789031982422,0,0,0,0,5.263157844543457,0,0,0,0,0,0,0,38.095237731933594,142249.83978271484,85892.76452636719,0,404327403520,8589930496,5141344256,114688
9,1791560633092,2500,2499,799,800,800,799,800,800,2500,2500,2500,2499,2500,2500,800,800,9.523809432983398,0,63.15789031982422,0,0,0,0,5.263157844543457,0,0,0,0,0,0,0,38.095237731933594,142249.98443603516,85893.07940673828,0,404327403520,8589930496,5141344256,114688
9,1791560633102,2500,2499,799,800,800,799,800,800,2500,2500,2500,2499,2500,2500,800,800,9.523809432983398,0,63.15789031982422,0,0,0,0,5.263157844543457,0,0,0,0,0,0,0,38.095237731933594,142250.1294555664,85893.39367675781,0,404327403520,8589930496,5141344256,114688
10,1791560633112,2500,2499,799,800,800,799,800,800,2500,2500,2500,2499,2500,2500,800,800,9.523809432983398,0,63.15789031982422,0,0,0,0,5.263157844543457,0,0,0,0,0,0,0,38.095237731933594,142250.27954101563,85893.70574951172,0,404327403520,8589930496,5141344256,114688
9,1791560633122,2500,2499,799,800,800,799,800,800,2500,2500,2500,2499,2500,2500,800,800,9.523809432983398,0,63.15789031982422,0,0,0,0,5.263157844543457,0,0,0,0,0,0,0,38.095237731933594,142250.42053222656,85894.0199584961,0,404327403520,8589930496,5141344256,114688
9,1791560633132,2500,2499,799,800,800,799,800,800,2500,2500,2500,2499,2500,2500,800,800,9.523809432983398,0,63.15789031982422,0,0,0,0,5.263157844543457,0,0,0,0,0,0,0,38.095237731933594,142250.5679321289,85894.33782958984,0,404327403520,8589930496,5140312064,114688
10,1791560633142,2500,2499,799,800,800,799,800,800,2500,2500,2500,2499,2500,2500,800,800,9.523809432983398,0,63.15789031982422,0,0,0,0,5.263157844543457,0,0,0,0,0,0,0,38.095237731933594,142250.71307373047,85894.65686035156,0,404327403520,8589930496,5140312064,114688
9,1791560633152,2500,2499,799,800,800,799,800,800,2500,2500,2500,2499,2500,2500,800,800,9.523809432983398,0,63.15789031982422,0,0,0,0,5.263157844543457,0,0,0,0,0,0,0,38.095237731933594,142250.86267089844,85894.9779663086,0,404327403520,8589930496,5140312064,114688
9,1791560633162,2500,2499,799,800,800,799,800,800,2500,2500,2500,2499,2500,2500,800,800,9.523809432983398,0,63.15789031982422,0,0,0,0,5.263157844543457,0,0,0,0,0,0,0,38.095237731933594,142251.01263427734,85895.29077148438,0,404327403520,8589930496,5140312064,114688
10,1791560633172,2500,2499,799,800,800,799,800,800,2500,2500,2500,2499,2500,2500,800,800,9.523809432983398,0,63.15789031982422,0,0,0,0,5.263157844543457,0,0,0,0,0,0,0,38.095237731933594,142251.15893554688,85895.6044921875,0,404327403520,8589930496,5140312064,114688
9,1791560633182,2500,2499,799,800,800,799,800,800,2500,2500,2500,2499,2500,2500,800,800,9.523809432983398,0,63.15789031982422,0,0,0,0,5.263157844543457,0,0,0,0,0,0,0,38.095237731933594,142251.3055419922,85895.91650390625,0,404327403520,8589930496,5140312064,114688
9,1791560633192,2500,2499,799,800,800,799,800,800,2500,2500,2500,2499,2500,2500,800,800,9.523809432983398,0,63.15789031982422,0,0,0,0,5.263157844543457,0,0,0,0,0,0,0,38.095237731933594,142251.44891357422,85896.2333984375,0,404327403520,8589930496,5140312064,114688
10,1791560633202,2500,2499,799,800,800,799,800,800,2500,2500,2500,2499,2500,2500,800,800,9.523809432983398,0,63.15789031982422,0,0,0,0,5.263157844543457,0,0,0,0,0,0,0,38.095237731933594,142251.59246826172,85896.54846191406,0,404327403520,8589930496,5140312064,114688
10,1791560633212,2500,2499,799,800,800,799,800,800,2500,2500,2500,2499,2500,2500,800,800,9.523809432983398,0,63.15789031982422,0,0,0,0,5.263157844543457,0,0,0,0,0,0,0,38.095237731933594,142251.7396850586,85896.86346435547,0,404327403520,8589930496,5140312064,114688
9,1791560633223,2500,2499,799,800,800,799,800,800,2500,2500,2500,2499,2500,2500,800,800,9.523809432983398,0,63.15789031982422,0,0,0,0,5.263157844543457,0,0,0,0,0,0,0,38.095237731933594,142251.90118408203,85897.2105102539,0,404327403520,8589930496,5140312064,114688
10,1791560633233,2500,2499,799,800,800,799,800,800,2500,2500,2500,2499,2500,2500,800,800,0,0,0,0,0,0,0,9.523809432983398,0,0,0,0,0,0,0,100,142252.02661132813,85897.48913574219,0,404327403520,8589930496,5140312064,114688
10,1791560633243,2500,2499,799,800,800,799,800,800,2500,2500,2500,2499,2500,2500,800,800,0,0,0,0,0,0,0,9.523809432983398,0,0,0,0,0,0,0,100,142252.1714477539,85897.80444335938,0,404327403520,8589930496,5140312064,114688
9,1791560633253,2500,2499,799,800,800,799,800,800,2500,2500,2500,2499,2500,2500,800,800,0,0,0,0,0,0,0,9.523809432983398,0,0,0,0,0,0,0,100,142252.33239746094,85898.11920166016,0,404327403520,8589930496,5140312064,114688
9,1791560633263,2500,2499,799,800,800,799,800,800,2500,2500,2500,2499,2500,2500,800,800,0,0,0,0,0,0,0,9.523809432983398,0,0,0,0,0,0,0,100,142252.46508789063,85898.43811035156,0,404327403520,8589930496,5140312064,114688
9,1791560633273,2500,2499,799,800,800,799,800,800,2500,2500,2500,2499,2500,2500,800,800,0,0,0,0,0,0,0,9.523809432983398,0,0,0,0,0,0,0,100,142252.62030029297,85898.78717041016,0,404327403520,8589930496,5140312064,114688
9,1791560633283,2500,2499,799,800,800,799,800,800,2500,2500,2500,2499,2500,2500,800,800,0,0,0,0,0,0,0,9.523809432983398,0,0,0,0,0,0,0,100,142252.75946044922,85899.10443115234,0,404327403520,8589930496,5140312064,114688
9,1791560633293,2500,2499,799,800,800,799,800,800,2500,2500,2500,2499,2500,2500,800,800,0,0,0,0,0,0,0,9.523809432983398,0,0,0,0,0,0,0,100,142252.90649414063,85899.41802978516,0,404327403520,8589930496,5140312064,114688
9,1791560633303,2500,2499,799,800,800,799,800,800,2500,2500,2500,2499,2500,2500,800,800,0,0,0,0,0,0,0,9.523809432983398,0,0,0,0,0,0,0,100,142253.05059814453,85899.73016357422,0,404327403520,8589930496,5140312064,114688
10,1791560633313,2500,2499,799,800,800,799,800,800,2500,2500,2500,2499,2500,2500,800,800,0,0,0,0,0,0,0,9.523809432983398,0,0,0,0,0,0,0,100,142253.19470214844,85900.04870605469,0,404327403520,8589930496,5140312064,114688
10,1791560633323,2500,2499,799,800,800,799,800,800,2500,2500,2500,2499,2500,2500,800,800,0,0,0,0,0,0,0,9.523809432983398,0,0,0,0,0,0,0,100,142253.34301757813,85900.3609008789,0,404327403520,8589930496,5140312064,114688
9,1791560633333,2500,2499,799,800,800,799,800,800,2500,2500,2500,2499,2500,2500,800,800,0,0,0,0,0,0,0,9.523809432983398,0,0,0,0,0,0,0,100,142253.48712158203,85900.67431640625,0,404327403520,8589930496,5140312064,114688
9,1791560633343,2500,2499,799,800,800,799,800,800,2500,2500,2500,2499,2500,2500,800,800,0,0,0,0,0,0,0,9.523809432983398,0,0,0,0,0,0,0,100,142253.6326904297,85900.98608398438,0,404327403520,8589930496,5140312064,114688
10,1791560633353,2500,2499,799,800,800,799,800,800,2500,2500,2500,2499,2500,2500,800,800,0,0,0,0,0,0,0,9.523809432983398,0,0,0,0,0,0,0,100,142253.77990722656,85901.29858398438,0,404327403520,8589930496,5140312064,114688
10,1791560633363,2500,2499,799,800,800,799,800,800,2500,2500,2500,2499,2500,2500,800,800,0,0,0,0,0,0,0,9.523809432983398,0,0,0,0,0,0,0,100,142253.9267578125,85901.61157226563,0,404327403520,8589930496,5140312064,114688
10,1791560633374,2500,2499,799,800,800,799,800,800,2500,2500,2500,2499,2500,2500,800,800,0,0,0,0,0,0,0,9.523809432983398,0,0,0,0,0,0,0,100,142254.07025146484,85901.9287109375,0,404327403520,8589930496,5140312064,114688
9,1791560633384,2500,2499,799,800,800,799,800,800,2500,2500,2500,2499,2500,2500,800,800,0,0,0,0,0,0,0,9.523809432983398,0,0,0,0,0,0,0,100,142254.2176513672,85902.24816894531,0,404327403520,8589930496,5140312064,114688
9,1791560633394,2500,2499,799,800,800,799,800,800,2500,2500,2500,2499,2500,2500,800,800,0,0,0,0,0,0,0,9.523809432983398,0,0,0,0,0,0,0,100,142254.36322021484,85902.56079101563,0,404327403520,8589930496,5140312064,114688
9,1791560633404,2500,2499,799,800,800,799,800,800,2500,2500,2500,2499,2500,2500,800,800,0,0,0,0,0,0,0,9.523809432983398,0,0,0,0,0,0,0,100,142254.51959228516,85902.91180419922,0,404327403520,8589930496,5140312064,114688
9,1791560633414,2500,2499,799,800,800,799,800,800,2500,2500,2500,2499,2500,2500,800,800,0,0,0,0,0,0,0,9.523809432983398,0,0,0,0,0,0,0,100,142254.6505126953,85903.19946289063,0,404327403520,8589930496,5140312064,114688
10,1791560633424,2500,2499,799,800,800,799,800,800,2500,2500,2500,2499,2500,2500,800,800,0,0,0,0,0,0,0,9.523809432983398,0,0,0,0,0,0,0,100,142254.79553222656,85903.51654052734,0,404327403520,8589930496,5140312064,114688
10,1791560633434,2500,2499,799,800,800,799,800,800,2500,2500,2500,2499,2500,2500,800,800,0,0,0,0,0,0,0,5,0,0,0,0,0,0,0,100,142254.94073486328,85903.83489990234,0,404327403520,8589930496,5140312064,114688
9,1791560633444,2500,2499,799,800,800,799,800,800,2500,2500,2500,2499,2500,2500,800,800,0,0,0,0,0,0,0,5,0,0,0,0,0,0,0,100,142255.10021972656,85904.1870727539,0,404327403520,8589930496,5140312064,114688
9,1791560633454,2500,2499,799,800,800,799,800,800,2500,2500,2500,2499,2500,2500,800,800,0,0,0,0,0,0,0,5,0,0,0,0,0,0,0,100,142255.24670410156,85904.50695800781,0,404327403520,8589930496,5140312064,114688
9,1791560633464,2500,2499,799,800,800,799,800,800,2500,2500,2500,2499,2500,2500,800,800,0,0,0,0,0,0,0,5,0,0,0,0,0,0,0,100,142255.3970336914,85904.83081054688,0,404327403520,8589930496,5140312064,114688
9,1791560633474,2500,2499,799,800,800,799,800,800,2500,2500,2500,2499,2500,2500,800,800,0,0,0,0,0,0,0,5,0,0,0,0,0,0,0,100,142255.5458984375,85905.14855957031,0,404327403520,8589930496,5140312064,114688
10,1791560633484,2500,2499,799,800,800,799,800,800,2500,2500,2500,2499,2500,2500,800,800,0,0,0,0,0,0,0,5,0,0,0,0,0,0,0,100,142255.69366455078,85905.46789550781,0,404327403520,8589930496,5140312064,114688
9,1791560633494,2500,2499,799,800,800,799,800,800,2500,2500,2500,2499,2500,2500,800,800,0,0,0,0,0,0,0,5,0,0,0,0,0,0,0,100,142255.84271240234,85905.78094482422,0,404327403520,8589930496,5140312064,114688
9,1791560633505,2500,2499,799,800,800,799,800,800,2500,2500,2500,2499,2500,2500,800,800,0,0,0,0,0,0,0,5,0,0,0,0,0,0,0,100,142255.98754882813,85906.10424804688,0,404327403520,8589930496,5140312064,114688
9,1791560633515,2500,2499,799,800,800,799,800,800,2500,2500,2500,2499,2500,2500,800,800,0,0,0,0,0,0,0,5,0,0,0,0,0,0,0,100,142256.1336669922,85906.42346191406,0,404327403520,8589930496,5140312064,114688
9,1791560633525,2500,2499,799,800,800,799,800,800,2500,2500,2500,2499,2500,2500,800,800,0,0,0,0,0,0,0,5,0,0,0,0,0,0,0,100,142256.28033447266,85906.73974609375,0,404327403520,8589930496,5140312064,114688
9,1791560633535,2500,2499,799,800,800,799,800,800,2500,2500,2500,2499,2500,2500,800,800,0,0,0,0,0,0,0,5,0,0,0,0,0,0,0,100,142256.42919921875,85907.0609741211,0,404327403520,8589930496,5140312064,114688
9,1791560633545,2500,2499,799,800,800,799,800,800,2500,2500,2500,2499,2500,2500,800,800,0,0,0,0,0,0,0,5,0,0,0,0,0,0,0,100,142256.5789794922,85907.38073730469,0,404327403520,8589930496,5140312064,114688
9,1791560633555,2500,2499,799,800,800,799,800,800,2500,2500,2500,2499,2500,2500,800,800,0,0,0,0,0,0,0,5,0,0,0,0,0,0,0,100,142256.72857666016,85907.69555664063,0,404327403520,8589930496,5140312064,114688
9,1791560633565,2500,2499,799,800,800,799,800,800,2500,2500,2500,2499,2500,2500,800,800,0,0,0,0,0,0,0,5,0,0,0,0,0,0,0,100,142256.87286376953,85908.01306152344,0,404327403520,8589930496,5140312064,114688
9,1791560633575,2500,2499,799,800,800,799,800,800,2500,2500,2500,2499,2500,2500,800,800,0,0,0,0,0,0,0,5,0,0,0,0,0,0,0,100,142257.03729248047,85908.36627197266,0,404327403520,8589930496,5140312064,114688
10,1791560633585,2500,2499,799,800,800,799,800,800,2500,2500,2500,2499,2500,2500,800,800,0,0,0,0,0,0,0,5,0,0,0,0,0,0,0,100,142257.1707763672,85908.65295410156,0,404327403520,8589930496,5140312064,114688
9,1791560633595,2500,2499,799,800,800,799,800,800,2500,2500,2500,2499,2500,2500,800,800,0,0,0,0,0,0,0,5,0,0,0,0,0,0,0,100,142257.33264160156,85909.00653076172,0,404327403520,8589930496,5140312064,114688
10,1791560633605,2500,2499,799,800,800,799,800,800,2500,2500,2500,2499,2500,2500,800,800,0,0,0,0,0,0,0,5,0,0,0,0,0,0,0,100,142257.46447753906,85909.29174804688,0,404327403520,8589930496,5140312064,114688
9,1791560633615,2500,2499,799,800,800,799,800,800,2500,2500,2500,2499,2500,2500,800,800,0,0,0,0,0,0,0,5,0,0,0,0,0,0,0,100,142257.62469482422,85909.64025878906,0,404327403520,8589930496,5140312064,114688
10,1791560633625,2500,2499,799,800,800,799,800,800,2500,2500,2500,2499,2500,2500,800,800,0,0,0,0,0,0,0,5,0,0,0,0,0,0,0,100,142257.7713623047,85909.95709228516,0,404327403520,8589930496,5140312064,114688
9,1791560633635,2500,2499,799,800,800,799,800,800,2500,2500,2500,2499,2500,2500,800,800,0,0,0,0,0,0,0,10,0,0,0,0,0,0,0,100,142257.91857910156,85910.27081298828,0,404327403520,8589930496,5140312064,114688
9,1791560633646,2500,2499,799,800,800,799,800,800,2500,2500,2500,2499,2500,2500,800,800,0,0,0,0,0,0,0,10,0,0,0,0,0,0,0,100,142258.0665283203,85910.58770751953,0,404327403520,8589930496,5140312064,114688
9,1791560633656,2500,2499,799,800,800,799,800,800,2500,2500,2500,2499,2500,2500,800,800,0,0,0,0,0,0,0,10,0,0,0,0,0,0,0,100,142258.216796875,85910.90447998047,0,404327403520,8589930496,5140312064,114688
9,1791560633666,2500,2499,799,800,800,799,800,800,2500,2500,2500,2499,2500,2500,800,800,0,0,0,0,0,0,0,10,0,0,0,0,0,0,0,100,142258.36108398438,85911.22283935547,0,404327403520,8589930496,5140312064,114688
10,1791560633676,2500,2499,799,800,800,799,800,800,2500,2500,2500,2499,2500,2500,800,800,0,0,0,0,0,0,0,10,0,0,0,0,0,0,0,100,142258.5057373047,85911.53887939453,0,404327403520,8589930496,5140312064,114688
9,1791560633686,2500,2499,799,800,800,799,800,800,2500,2500,2500,2499,2500,2500,800,800,0,0,0,0,0,0,0,10,0,0,0,0,0,0,0,100,142258.6552734375,85911.8578491211,0,404327403520,8589930496,5140312064,114688
9,1791560633696,2500,2499,799,800,800,799,800,800,2500,2500,2500,2499,2500,2500,800,800,0,0,0,0,0,0,0,10,0,0,0,0,0,0,0,100,142258.7992553711,85912.17443847656,0,404327403520,8589930496,5140312064,114688
9,1791560633706,2500,2499,799,800,800,799,800,800,2500,2500,2500,2499,2500,2500,800,800,0,0,0,0,0,0,0,10,0,0,0,0,0,0,0,100,142258.947265625,85912.49517822266,0,404327403520,8589930496,5140312064,114688
9,1791560633716,2500,2499,799,800,800,799,800,800,2500,2500,2500,2499,2500,2500,800,800,0,0,0,0,0,0,0,10,0,0,0,0,0,0,0,100,142259.09741210938,85912.81396484375,0,404327403520,8589930496,5140312064,114688
9,1791560633726,2500,2499,799,800,800,799,800,800,2500,2500,2500,2499,2500,2500,800,800,0,0,0,0,0,0,0,10,0,0,0,0,0,0,0,100,142259.26165771484,85913.1597290039,0,404327403520,8589930496,5140312064,114688
10,1791560633736,2500,2499,799,800,800,799,800,800,2500,2500,2500,2499,2500,2500,800,800,0,0,0,0,0,0,0,10,0,0,0,0,0,0,0,100,142259.3920288086,85913.44494628906,0,404327403520,8589930496,5140312064,114688
9,1791560633746,2500,2499,799,800,800,799,800,800,2500,2500,2500,2499,2500,2500,800,800,0,0,0,0,0,0,0,10,0,0,0,0,0,0,0,100,142259.54400634766,85913.79626464844,0,404327403520,8589930496,5140312064,114688
9,1791560633756,2500,2499,799,800,800,799,800,800,2500,2500,2500,2499,2500,2500,800,800,0,0,0,0,0,0,0,10,0,0,0,0,0,0,0,100,142259.68719482422,85914.08093261719,0,404327403520,8589930496,5140312064,114688
9,1791560633766,2500,2499,799,800,800,799,800,800,2500,2500,2500,2499,2500,2500,800,800,0,0,0,0,0,0,0,10,0,0,0,0,0,0,0,100,142259.84490966797,85914.43017578125,0,404327403520,8589930496,5140312064,114688
9,1791560633776,2500,2499,799,800,800,799,800,800,2500,2500,2500,2499,2500,2500,800,800,0,0,0,0,0,0,0,10,0,0,0,0,0,0,0,100,142259.98974609375,85914.74658203125,0,404327403520,8589930496,5140312064,114688
9,1791560633787,2500,2499,799,800,800,799,800,800,2500,2500,2500,2499,2500,2500,800,800,0,0,0,0,0,0,0,10,0,0,0,0,0,0,0,100,142260.13751220703,85915.072265625,0,404327403520,8589930496,5140312064,114688
10,1791560633796,2500,2499,799,800,800,799,800,800,2500,2500,2500,2499,2500,2500,800,800,0,0,0,0,0,0,0,10,0,0,0,0,0,0,0,100,142260.28021240234,85915.39038085938,0,404327403520,8589930496,5140312064,114688
9,1791560633807,2500,2499,799,800,800,799,800,800,2500,2500,2500,2499,2500,2500,800,800,0,0,0,0,0,0,0,10,0,0,0,0,0,0,0,100,142260.42321777344,85915.70703125,0,404327403520,8589930496,5140312064,114688
9,1791560633817,2500,2499,799,800,800,799,800,800,2500,2500,2500,2499,2500,2500,800,800,0,0,0,0,0,0,0,10,0,0,0,0,0,0,0,100,142260.5698852539,85916.0258178711,0,404327403520,8589930496,5140312064,114688
9,1791560633827,2500,2499,799,800,800,799,800,800,2500,2500,2500,2499,2500,2500,800,800,0,0,0,0,0,0,0,10,0,0,0,0,0,0,0,100,142260.7205810547,85916.34289550781,0,404327403520,8589930496,5140312064,114688
9,1791560633837,2500,2499,799,800,800,799,800,800,2500,2500,2500,2499,2500,2500,800,800,9.523809432983398,0,0,0,0,0,0,9.523809432983398,0,0,0,0,0,0,0,100,142260.86486816406,85916.66094970703,0,404327403520,8589930496,5140312064,114688
9,1791560633847,2500,2499,799,800,800,799,800,800,2500,2500,2500,2499,2500,2500,800,800,9.523809432983398,0,0,0,0,0,0,9.523809432983398,0,0,0,0,0,0,0,100,142261.00512695313,85916.97741699219,0,404327403520,8589930496,5140312064,114688
9,1791560633857,2500,2499,799,800,800,799,800,800,2500,2500,2500,2499,2500,2500,800,800,9.523809432983398,0,0,0,0,0,0,9.523809432983398,0,0,0,0,0,0,0,100,142261.15380859375,85917.29559326172,0,404327403520,8589930496,5140312064,114688
9,1791560633867,2500,2499,799,800,800,799,800,800,2500,2500,2500,2499,2500,2500,800,800,9.523809432983398,0,0,0,0,0,0,9.523809432983398,0,0,0,0,0,0,0,100,142261.2953491211,85917.6089477539,0,404327403520,8589930496,5140312064,114688
9,1791560633877,2500,2499,799,800,800,799,800,800,2500,2500,2500,2499,2500,2500,800,800,9.523809432983398,0,0,0,0,0,0,9.523809432983398,0,0,0,0,0,0,0,100,142261.44104003906,85917.92395019531,0,404327403520,8589930496,5140312064,114688
9,1791560633887,2500,2499,799,800,800,799,800,800,2500,2500,2500,2499,2500,2500,800,800,9.523809432983398,0,0,0,0,0,0,9.523809432983398,0,0,0,0,0,0,0,100,142261.58935546875,85918.24298095703,0,404327403520,8589930496,5140312064,114688
9,1791560633897,2500,2499,799,800,800,799,800,800,2500,2500,2500,2499,2500,2500,800,800,9.523809432983398,0,0,0,0,0,0,9.523809432983398,0,0,0,0,0,0,0,100,142261.7381591797,85918.56127929688,0,404327403520,8589930496,5140312064,114688
9,1791560633907,2500,2499,799,800,800,799,800,800,2500,2500,2500,2499,2500,2500,800,800,9.523809432983398,0,0,0,0,0,0,9.523809432983398,0,0,0,0,0,0,0,100,142261.90167236328,85918.90930175781,0,404327403520,8589930496,5140312064,114688
10,1791560633917,2500,2499,799,800,800,799,800,800,2500,2500,2500,2499,2500,2500,800,800,9.523809432983398,0,0,0,0,0,0,9.523809432983398,0,0,0,0,0,0,0,100,142262.03314208984,85919.19226074219,0,404327403520,8589930496,5140312064,114688
9,1791560633927,2500,2499,799,800,800,799,800,800,2500,2500,2500,2499,2500,2500,800,800,9.523809432983398,0,0,0,0,0,0,9.523809432983398,0,0,0,0,0,0,0,100,142262.19464111328,85919.53466796875,0,404327403520,8589930496,5140312064,114688
9,1791560633938,2500,2499,799,800,800,799,800,800,2500,2500,2500,2499,2500,2500,800,800,9.523809432983398,0,0,0,0,0,0,9.523809432983398,0,0,0,0,0,0,0,100,142262.34057617188,85919.85028076172,0,404327403520,8589930496,5140312064,114688
9,1791560633948,2500,2499,799,800,800,799,800,800,2500,2500,2500,2499,2500,2500,800,800,9.523809432983398,0,0,0,0,0,0,9.523809432983398,0,0,0,0,0,0,0,100,142262.4844970703,85920.16613769531,0,404327403520,8589930496,5140312064,114688
9,1791560633958,2500,2499,799,800,800,799,800,800,2500,2500,2500,2499,2500,2500,800,800,9.523809432983398,0,0,0,0,0,0,9.523809432983398,0,0,0,0,0,0,0,100,142262.63262939453,85920.478515625,0,404327403520,8589930496,5140312064,114688
10,1791560633968,2500,2499,799,800,800,799,800,800,2500,2500,2500,2499,2500,2500,800,800,9.523809432983398,0,0,0,0,0,0,9.523809432983398,0,0,0,0,0,0,0,100,142262.7755126953,85920.79345703125,0,404327403520,8589930496,5140312064,114688
9,1791560633978,2500,2499,799,800,800,799,800,800,2500,2500,2500,2499,2500,2500,800,800,9.523809432983398,0,0,0,0,0,0,9.523809432983398,0,0,0,0,0,0,0,100,142262.92309570313,85921.10827636719,0,404327403520,8589930496,5140312064,114688
9,1791560633988,2500,2499,799,800,800,799,800,800,2500,2500,2500,2499,2500,2500,800,800,9.523809432983398,0,0,0,0,0,0,9.523809432983398,0,0,0,0,0,0,0,100,142263.0708618164,85921.42401123047,0,404327403520,8589930496,5140312064,114688
9,1791560633998,2500,2499,799,800,800,799,800,800,2500,2500,2500,2499,2500,2500,800,800,9.523809432983398,0,0,0,0,0,0,9.523809432983398,0,0,0,0,0,0,0,100,142263.21514892578,85921.73498535156,0,404327403520,8589930496,5140312064,114688
9,1791560634008,2500,2499,799,800,800,799,800,800,2500,2500,2500,2499,2500,2500,800,800,9.523809432983398,0,0,0,0,0,0,9.523809432983398,0,0,0,0,0,0,0,100,142263.35858154297,85922.05249023438,0,404327403520,8589930496,5140312064,114688
9,1791560634018,2500,2499,799,800,800,799,800,800,2500,2500,2500,2499,2500,2500,800,800,9.523809432983398,0,0,0,0,0,0,9.523809432983398,0,0,0,0,0,0,0,100,142263.50158691406,85922.3696899414,0,404327403520,8589930496,5140312064,114688
9,1791560634028,2500,2499,799,800,800,799,800,800,2500,2500,2500,2499,2500,2500,800,800,9.523809432983398,0,0,0,0,0,0,9.523809432983398,0,0,0,0,0,0,0,100,142263.64715576172,85922.68634033203,0,404327403520,8589930496,5140312064,114688
9,1791560634038,2500,2499,799,800,800,799,800,800,2500,2500,2500,2499,2500,2500,800,800,5.263157844543457,0,0,0,5,0,0,10,0,0,0,0,0,0,0,100,142263.81213378906,85923.03381347656,0,404327403520,8589930496,5140312064,114688
9,1791560634048,2500,2499,799,800,800,799,800,800,2500,2500,2500,2499,2500,2500,800,800,5.263157844543457,0,0,0,5,0,0,10,0,0,0,0,0,0,0,100,142263.9437866211,85923.31842041016,0,404327403520,8589930496,5140312064,114688
9,1791560634058,2500,2499,799,800,800,799,800,800,2500,2500,2500,2499,2500,2500,800,800,5.263157844543457,0,0,0,5,0,0,10,0,0,0,0,0,0,0,100,142264.10528564453,85923.66375732422,0,404327403520,8589930496,5140312064,114688
9,1791560634069,2500,2499,799,800,800,799,800,800,2500,2500,2500,2499,2500,2500,800,800,5.263157844543457,0,0,0,5,0,0,10,0,0,0,0,0,0,0,100,142264.2338256836,85923.9496459961,0,404327403520,8589930496,5140312064,114688
9,1791560634079,2500,2499,799,800,800,799,800,800,2500,2500,2500,2499,2500,2500,800,800,5.263157844543457,0,0,0,5,0,0,10,0,0,0,0,0,0,0,100,142264.39294433594,85924.29998779297,0,404327403520,8589930496,5140312064,114688
9,1791560634089,2500,2499,799,800,800,799,800,800,2500,2500,2500,2499,2500,2500,800,800,5.263157844543457,0,0,0,5,0,0,10,0,0,0,0,0,0,0,100,142264.5390625,85924.6162109375,0,404327403520,8589930496,5140312064,114688
9,1791560634099,2500,2499,799,800,800,799,800,800,2500,2500,2500,2499,2500,2500,800,800,5.263157844543457,0,0,0,5,0,0,10,0,0,0,0,0,0,0,100,142264.68884277344,85924.93078613281,0,404327403520,8589930496,5140312064,114688
9,1791560634109,2500,2499,799,800,800,799,800,800,2500,2500,2500,2499,2500,2500,800,800,5.263157844543457,0,0,0,5,0,0,10,0,0,0,0,0,0,0,100,142264.83477783203,85925.24737548828,0,404327403520,8589930496,5140312064,114688
9,1791560634119,2500,2499,799,800,800,799,800,800,2500,2500,2500,2499,2500,2500,800,800,5.263157844543457,0,0,0,5,0,0,10,0,0,0,0,0,0,0,100,142264.98419189453,85925.56085205078,0,404327403520,8589930496,5140312064,114688
9,1791560634129,2500,2499,799,800,800,799,800,800,2500,2500,2500,2499,2500,2500,800,800,5.263157844543457,0,0,0,5,0,0,10,0,0,0,0,0,0,0,100,142265.12756347656,85925.88037109375,0,404327403520,8589930496,5140312064,114688
9,1791560634139,2500,2499,799,800,800,799,800,800,2500,2500,2500,2499,2500,2500,800,800,5.263157844543457,0,0,0,5,0,0,10,0,0,0,0,0,0,0,100,142265.27221679688,85926.19677734375,0,404327403520,8589930496,5140312064,114688
10,1791560634149,2500,2499,799,800,800,799,800,800,2500,2500,2500,2499,2500,2500,800,800,5.263157844543457,0,0,0,5,0,0,10,0,0,0,0,0,0,0,100,142265.41857910156,85926.51727294922,0,404327403520,8589930496,5140312064,114688
9,1791560634159,2500,2499,799,800,800,799,800,800,2500,2500,2500,2499,2500,2500,800,800,5.263157844543457,0,0,0,5,0,0,10,0,0,0,0,0,0,0,100,142265.56103515625,85926.83563232422,0,404327403520,8589930496,5138763776,114688
9,1791560634169,2500,2499,799,800,800,799,800,800,2500,2500,2500,2499,2500,2500,800,800,5.263157844543457,0,0,0,5,0,0,10,0,0,0,0,0,0,0,100,142265.70404052734,85927.15045166016,0,404327403520,8589930496,5138763776,114688
10,1791560634179,2500,2499,799,800,800,799,800,800,2500,2500,2500,2499,2500,2500,800,800,5.263157844543457,0,0,0,5,0,0,10,0,0,0,0,0,0,0,100,142265.8472290039,85927.46984863281,0,404327403520,8589930496,5138763776,114688
9,1791560634189,2500,2499,799,800,800,799,800,800,2500,2500,2500,2499,2500,2500,800,800,5.263157844543457,0,0,0,5,0,0,10,0,0,0,0,0,0,0,100,142265.99169921875,85927.78509521484,0,404327403520,8589930496,5138763776,114688
9,1791560634199,2500,2499,799,800,800,799,800,800,2500,2500,2500,2499,2500,2500,800,800,5.263157844543457,0,0,0,5,0,0,10,0,0,0,0,0,0,0,100,142266.13873291016,85928.10363769531,0,404327403520,8589930496,5138763776,114688
10,1791560634209,2500,2499,799,800,800,799,800,800,2500,2500,2500,2499,2500,2500,800,800,5.263157844543457,0,0,0,5,0,0,10,0,0,0,0,0,0,0,100,142266.28173828125,85928.41888427734,0,404327403520,8589930496,5138763776,114688
9,1791560634220,2500,2499,799,800,800,799,800,800,2500,2500,2500,2499,2500,2500,800,800,5.263157844543457,0,0,0,5,0,0,10,0,0,0,0,0,0,0,100,142266.43560791016,85928.76928710938,0,404327403520,8589930496,5138763776,114688
9,1791560634230,2500,2499,799,800,800,799,800,800,2500,2500,2500,2499,2500,2500,800,800,5.263157844543457,0,0,0,5,0,0,10,0,0,0,0,0,0,0,100,142266.58135986328,85929.08331298828,0,404327403520,8589930496,5138763776,114688
10,1791560634240,2500,2499,799,800,800,799,800,800,2500,2500,2500,2499,2500,2500,800,800,0,0,0,0,0,0,0,0,0,0,0,0,0,0,0,100,142266.71392822266,85929.40209960938,0,404327403520,8589930496,5138763776,114688
9,1791560634250,2500,2499,799,800,800,799,800,800,2500,2500,2500,2499,2500,2500,800,800,0,0,0,0,0,0,0,0,0,0,0,0,0,0,0,100,142266.86004638672,85929.69512939453,0,404327403520,8589930496,5138763776,114688
9,1791560634260,2500,2499,799,800,800,799,800,800,2500,2500,2500,2499,2500,2500,800,800,0,0,0,0,0,0,0,0,0,0,0,0,0,0,0,100,142267.01684570313,85930.03887939453,0,404327403520,8589930496,5138763776,114688
9,1791560634270,2500,2499,799,800,800,799,800,800,2500,2500,2500,2499,2500,2500,800,800,0,0,0,0,0,0,0,0,0,0,0,0,0,0,0,100,142267.1528930664,85930.33544921875,0,404327403520,8589930496,5138763776,114688
10,1791560634280,2500,2499,799,800,800,799,800,800,2500,2500,2500,2499,2500,2500,800,800,0,0,0,0,0,0,0,0,0,0,0,0,0,0,0,100,142267.3175048828,85930.67498779297,0,404327403520,8589930496,5138763776,114688
9,1791560634290,2500,2499,799,800,800,799,800,800,2500,2500,2500,2499,2500,2500,800,800,0,0,0,0,0,0,0,0,0,0,0,0,0,0,0,100,142267.46673583984,85930.9931640625,0,404327403520,8589930496,5138763776,114688
10,1791560634300,2500,2499,799,800,800,799,800,800,2500,2500,2500,2499,2500,2500,800,800,0,0,0,0,0,0,0,0,0,0,0,0,0,0,0,100,142267.59802246094,85931.28338623047,0,404327403520,8589930496,5138763776,114688
9,1791560634310,2500,2499,799,800,800,799,800,800,2500,2500,2500,2499,2500,2500,800,800,0,0,0,0,0,0,0,0,0,0,0,0,0,0,0,100,142267.76300048828,85931.63403320313,0,404327403520,8589930496,5138763776,114688
9,1791560634320,2500,2499,799,800,800,799,800,800,2500,2500,2500,2499,2500,2500,800,800,0,0,0,0,0,0,0,0,0,0,0,0,0,0,0,100,142267.91021728516,85931.95001220703,0,404327403520,8589930496,5138763776,114688
9,1791560634330,2500,2499,799,800,800,799,800,800,2500,2500,2500,2499,2500,2500,800,800,0,0,0,0,0,0,0,0,0,0,0,0,0,0,0,100,142268.0562133789,85932.26477050781,0,404327403520,8589930496,5138763776,114688
9,1791560634341,2500,2499,799,800,800,799,800,800,2500,2500,2500,2499,2500,2500,800,800,0,0,0,0,0,0,0,0,0,0,0,0,0,0,0,100,142268.2003173828,85932.58764648438,0,404327403520,8589930496,5138763776,114688
9,1791560634351,2500,2499,799,800,800,799,800,800,2500,2500,2500,2499,2500,2500,800,800,0,0,0,0,0,0,0,0,0,0,0,0,0,0,0,100,142268.3521118164,85932.9086303711,0,404327403520,8589930496,5138763776,114688
9,1791560634361,2500,2499,799,800,800,799,800,800,2500,2500,2500,2499,2500,2500,800,800,0,0,0,0,0,0,0,0,0,0,0,0,0,0,0,100,142268.50262451172,85933.22540283203,0,404327403520,8589930496,5138763776,114688
9,1791560634371,2500,2499,799,800,800,799,800,800,2500,2500,2500,2499,2500,2500,800,800,0,0,0,0,0,0,0,0,0,0,0,0,0,0,0,100,142268.65112304688,85933.54284667969,0,404327403520,8589930496,5138763776,114688
9,1791560634381,2500,2499,799,800,800,799,800,800,2500,2500,2500,2499,2500,2500,800,800,0,0,0,0,0,0,0,0,0,0,0,0,0,0,0,100,142268.7914428711,85933.86645507813,0,404327403520,8589930496,5138763776,114688
9,1791560634391,2500,2499,799,800,800,799,800,800,2500,2500,2500,2499,2500,2500,800,800,0,0,0,0,0,0,0,0,0,0,0,0,0,0,0,100,142268.93768310547,85934.18273925781,0,404327403520,8589930496,5138763776,114688
9,1791560634401,2500,2499,799,800,800,799,800,800,2500,2500,2500,2499,2500,2500,800,800,0,0,0,0,0,0,0,0,0,0,0,0,0,0,0,100,142269.09716796875,85934.52838134766,0,404327403520,8589930496,5138763776,114688
9,1791560634411,2500,2499,799,800,800,799,800,800,2500,2500,2500,2499,2500,2500,800,800,0,0,0,0,0,0,0,0,0,0,0,0,0,0,0,100,142269.23040771484,85934.81652832031,0,404327403520,8589930496,5138763776,114688
10,1791560634421,2500,2499,799,800,800,799,800,800,2500,2500,2500,2499,2500,2500,800,800,0,0,0,0,0,0,0,0,0,0,0,0,0,0,0,100,142269.37982177734,85935.13049316406,0,404327403520,8589930496,5138763776,114688
9,1791560634431,2500,2499,799,800,800,799,800,800,2500,2500,2500,2499,2500,2500,800,800,0,0,0,0,0,0,0,0,0,0,0,0,0,0,0,100,142269.53857421875,85935.47528076172,0,404327403520,8589930496,5138763776,114688
9,1791560634441,2500,2499,799,800,800,799,800,800,2500,2500,2500,2499,2500,2500,800,800,5.263157844543457,0,0,0,0,0,0,13.636363983154297,0,0,0,0,0,0,0,100,142269.68298339844,85935.79376220703,0,404327403520,8589930496,5138763776,114688
10,1791560634451,2500,2499,799,800,800,799,800,800,2500,2500,2500,2499,2500,2500,800,800,5.263157844543457,0,0,0,0,0,0,13.636363983154297,0,0,0,0,0,0,0,100,142269.83129882813,85936.11712646484,0,404327403520,8589930496,5138763776,114688
10,1791560634461,2500,2499,799,800,800,799,800,800,2500,2500,2500,2499,2500,2500,800,800,5.263157844543457,0,0,0,0,0,0,13.636363983154297,0,0,0,0,0,0,0,100,142269.97442626953,85936.43041992188,0,404327403520,8589930496,5138763776,114688
9,1791560634471,2500,2499,799,800,800,799,800,800,2500,2500,2500,2499,2500,2500,800,800,5.263157844543457,0,0,0,0,0,0,13.636363983154297,0,0,0,0,0,0,0,100,142270.12091064453,85936.75036621094,0,404327403520,8589930496,5138763776,114688
9,1791560634482,2500,2499,799,800,800,799,800,800,2500,2500,2500,2499,2500,2500,800,800,5.263157844543457,0,0,0,0,0,0,13.636363983154297,0,0,0,0,0,0,0,100,142270.2664794922,85937.06982421875,0,404327403520,8589930496,5138763776,114688
9,1791560634492,2500,2499,799,800,800,799,800,800,2500,2500,2500,2499,2500,2500,800,800,5.263157844543457,0,0,0,0,0,0,13.636363983154297,0,0,0,0,0,0,0,100,142270.41204833984,85937.38079833984,0,404327403520,8589930496,5138763776,114688
9,1791560634502,2500,2499,799,800,800,799,800,800,2500,2500,2500,2499,2500,2500,800,800,5.263157844543457,0,0,0,0,0,0,13.636363983154297,0,0,0,0,0,0,0,100,142270.55487060547,85937.69805908203,0,404327403520,8589930496,5138763776,114688
9,1791560634512,2500,2499,799,800,800,799,800,800,2500,2500,2500,2499,2500,2500,800,800,5.263157844543457,0,0,0,0,0,0,13.636363983154297,0,0,0,0,0,0,0,100,142270.69970703125,85938.0146484375,0,404327403520,8589930496,5138763776,114688
9,1791560634522,2500,2499,799,800,800,799,800,800,2500,2500,2500,2499,2500,2500,800,800,5.263157844543457,0,0,0,0,0,0,13.636363983154297,0,0,0,0,0,0,0,100,142270.84381103516,85938.3355102539,0,404327403520,8589930496,5138763776,114688
10,1791560634532,2500,2499,799,800,800,799,800,800,2500,2500,2500,2499,2500,2500,800,800,5.263157844543457,0,0,0,0,0,0,13.636363983154297,0,0,0,0,0,0,0,100,142270.9917602539,85938.65496826172,0,404327403520,8589930496,5138763776,114688
9,1791560634542,2500,2499,799,800,800,799,800,800,2500,2500,2500,2499,2500,2500,800,800,5.263157844543457,0,0,0,0,0,0,13.636363983154297,0,0,0,0,0,0,0,100,142271.1357421875,85938.97607421875,0,404327403520,8589930496,5138763776,114688
10,1791560634552,2500,2499,799,800,800,799,800,800,2500,2500,2500,2499,2500,2500,800,800,5.263157844543457,0,0,0,0,0,0,13.636363983154297,0,0,0,0,0,0,0,100,142271.28149414063,85939.2875366211,0,404327403520,8589930496,5138763776,114688
10,1791560634562,2500,2499,799,800,800,799,800,800,2500,2500,2500,2499,2500,2500,800,800,5.263157844543457,0,0,0,0,0,0,13.636363983154297,0,0,0,0,0,0,0,100,142271.42779541016,85939.60125732422,0,404327403520,8589930496,5138763776,114688
9,1791560634572,2500,2499,799,800,800,799,800,800,2500,2500,2500,2499,2500,2500,800,800,5.263157844543457,0,0,0,0,0,0,13.636363983154297,0,0,0,0,0,0,0,100,142271.5762939453,85939.9496459961,0,404327403520,8589930496,5138763776,114688
9,1791560634582,2500,2499,799,800,800,799,800,800,2500,2500,2500,2499,2500,2500,800,800,5.263157844543457,0,0,0,0,0,0,13.636363983154297,0,0,0,0,0,0,0,100,142271.73846435547,85940.2650756836,0,404327403520,8589930496,5138763776,114688
9,1791560634592,2500,2499,799,800,800,799,800,800,2500,2500,2500,2499,2500,2500,800,800,5.263157844543457,0,0,0,0,0,0,13.636363983154297,0,0,0,0,0,0,0,100,142271.88220214844,85940.5825805664,0,404327403520,8589930496,5138763776,114688
9,1791560634602,2500,2499,799,800,800,799,800,800,2500,2500,2500,2499,2500,2500,800,800,5.263157844543457,0,0,0,0,0,0,13.636363983154297,0,0,0,0,0,0,0,100,142272.02758789063,85940.90032958984,0,404327403520,8589930496,5138763776,114688
10,1791560634612,2500,2499,799,800,800,799,800,800,2500,2500,2500,2499,2500,2500,800,800,5.263157844543457,0,0,0,0,0,0,13.636363983154297,0,0,0,0,0,0,0,100,142272.17150878906,85941.21838378906,0,404327403520,8589930496,5138763776,114688
10,1791560634622,2500,2499,799,800,800,799,800,800,2500,2500,2500,2499,2500,2500,800,800,5.263157844543457,0,0,0,0,0,0,13.636363983154297,0,0,0,0,0,0,0,100,142272.32293701172,85941.52685546875,0,404327403520,8589930496,5138763776,114688
10,1791560634632,2500,2499,799,800,800,799,800,800,2500,2500,2500,2499,2500,2500,800,800,5.263157844543457,0,0,0,0,0,0,13.636363983154297,0,0,0,0,0,0,0,100,142272.4730834961,85941.83892822266,0,404327403520,8589930496,5138763776,114688
9,1791560634643,2500,2499,799,800,800,799,800,800,2500,2500,2500,2499,2500,2500,800,800,0,0,0,0,0,0,0,5.263157844543457,0,0,0,0,0,0,0,100,142272.61975097656,85942.15539550781,0,404327403520,8589930496,5138763776,114688
9,1791560634653,2500,2499,799,800,800,799,800,800,2500,2500,2500,2499,2500,2500,800,800,0,0,0,0,0,0,0,5.263157844543457,0,0,0,0,0,0,0,100,142272.76635742188,85942.46875,0,404327403520,8589930496,5138763776,114688
9,1791560634663,2500,2499,799,800,800,799,800,800,2500,2500,2500,2499,2500,2500,800,800,0,0,0,0,0,0,0,5.263157844543457,0,0,0,0,0,0,0,100,142272.91424560547,85942.78991699219,0,404327403520,8589930496,5138763776,114688
9,1791560634673,2500,2499,799,800,800,799,800,800,2500,2500,2500,2499,2500,2500,800,800,0,0,0,0,0,0,0,5.263157844543457,0,0,0,0,0,0,0,100,142273.06475830078,85943.1044921875,0,404327403520,8589930496,5138763776,114688
9,1791560634683,2500,2499,799,800,800,799,800,800,2500,2500,2500,2499,2500,2500,800,800,0,0,0,0,0,0,0,5.263157844543457,0,0,0,0,0,0,0,100,142273.21362304688,85943.4116821289,0,404327403520,8589930496,5138763776,114688
9,1791560634693,2500,2499,799,800,800,799,800,800,2500,2500,2500,2499,2500,2500,800,800,0,0,0,0,0,0,0,5.263157844543457,0,0,0,0,0,0,0,100,142273.3599243164,85943.73065185547,0,404327403520,8589930496,5138763776,114688
10,1791560634703,2500,2499,799,800,800,799,800,800,2500,2500,2500,2499,2500,2500,800,800,0,0,0,0,0,0,0,5.263157844543457,0,0,0,0,0,0,0,100,142273.51220703125,85944.0453491211,0,404327403520,8589930496,5138763776,114688
9,1791560634713,2500,2499,799,800,800,799,800,800,2500,2500,2500,2499,2500,2500,800,800,0,0,0,0,0,0,0,5.263157844543457,0,0,0,0,0,0,0,100,142273.67846679688,85944.39367675781,0,404327403520,8589930496,5138763776,114688
10,1791560634723,2500,2499,799,800,800,799,800,800,2500,2500,2500,2499,2500,2500,800,800,0,0,0,0,0,0,0,5.263157844543457,0,0,0,0,0,0,0,100,142273.80938720703,85944.67645263672,0,404327403520,8589930496,5138763776,114688
9,1791560634733,2500,2499,799,800,800,799,800,800,2500,2500,2500,2499,2500,2500,800,800,0,0,0,0,0,0,0,5.263157844543457,0,0,0,0,0,0,0,100,142273.97235107422,85945.0230102539,0,404327403520,8589930496,5138763776,114688
10,1791560634743,2500,2499,799,800,800,799,800,800,2500,2500,2500,2499,2500,2500,800,800,0,0,0,0,0,0,0,5.263157844543457,0,0,0,0,0,0,0,100,142274.10711669922,85945.30126953125,0,404327403520,8589930496,5138763776,114688
9,1791560634753,2500,2499,799,800,800,799,800,800,2500,2500,2500,2499,2500,2500,800,800,0,0,0,0,0,0,0,5.263157844543457,0,0,0,0,0,0,0,100,142274.26879882813,85945.6455078125,0,404327403520,8589930496,5138763776,114688
9,1791560634763,2500,2499,799,800,800,799,800,800,2500,2500,2500,2499,2500,2500,800,800,0,0,0,0,0,0,0,5.263157844543457,0,0,0,0,0,0,0,100,142274.41473388672,85945.96026611328,0,404327403520,8589930496,5138763776,114688
9,1791560634774,2500,2499,799,800,800,799,800,800,2500,2500,2500,2499,2500,2500,800,800,0,0,0,0,0,0,0,5.263157844543457,0,0,0,0,0,0,0,100,142274.56085205078,85946.27563476563,0,404327403520,8589930496,5138763776,114688
9,1791560634784,2500,2499,799,800,800,799,800,800,2500,2500,2500,2499,2500,2500,800,800,0,0,0,0,0,0,0,5.263157844543457,0,0,0,0,0,0,0,100,142274.7109375,85946.58959960938,0,404327403520,8589930496,5138763776,114688
9,1791560634794,2500,2499,799,800,800,799,800,800,2500,2500,2500,2499,2500,2500,800,800,0,0,0,0,0,0,0,5.263157844543457,0,0,0,0,0,0,0,100,142274.85174560547,85946.9027709961,0,404327403520,8589930496,5138763776,114688
10,1791560634804,2500,2499,799,800,800,799,800,800,2500,2500,2500,2499,2500,2500,800,800,0,0,0,0,0,0,0,5.263157844543457,0,0,0,0,0,0,0,100,142275.00061035156,85947.21478271484,0,404327403520,8589930496,5138763776,114688
9,1791560634814,2500,2499,799,800,800,799,800,800,2500,2500,2500,2499,2500,2500,800,800,0,0,0,0,0,0,0,5.263157844543457,0,0,0,0,0,0,0,100,142275.1480102539,85947.52728271484,0,404327403520,8589930496,5138763776,114688
9,1791560634824,2500,2499,799,800,800,799,800,800,2500,2500,2500,2499,2500,2500,800,800,0,0,0,0,0,0,0,5.263157844543457,0,0,0,0,0,0,0,100,142275.2933959961,85947.84576416016,0,404327403520,8589930496,5138763776,114688
9,1791560634834,2500,2499,799,800,800,799,800,800,2500,2500,2500,2499,2500,2500,800,800,0,0,0,0,0,0,0,5.263157844543457,0,0,0,0,0,0,0,100,142275.44299316406,85948.12677001953,0,404327403520,8589930496,5138763776,114688
10,1791560634844,2500,2499,799,800,800,799,800,800,2500,2500,2500,2499,2500,2500,800,800,0,0,0,0,0,0,0,9.523809432983398,0,0,0,0,0,0,0,100,142275.58807373047,85948.47192382813,0,404327403520,8589930496,5138763776,114688
9,1791560634854,2500,2499,799,800,800,799,800,800,2500,2500,2500,2499,2500,2500,800,800,0,0,0,0,0,0,0,9.523809432983398,0,0,0,0,0,0,0,100,142275.7393798828,85948.7924194336,0,404327403520,8589930496,5138763776,114688
10,1791560634864,2500,2499,799,800,800,799,800,800,2500,2500,2500,2499,2500,2500,800,800,0,0,0,0,0,0,0,9.523809432983398,0,0,0,0,0,0,0,100,142275.88897705078,85949.10815429688,0,404327403520,8589930496,5138763776,114688
9,1791560634874,2500,2499,799,800,800,799,800,800,2500,2500,2500,2499,2500,2500,800,800,0,0,0,0,0,0,0,9.523809432983398,0,0,0,0,0,0,0,100,142276.03839111328,85949.4248046875,0,404327403520,8589930496,5138763776,114688
9,1791560634884,2500,2499,799,800,800,799,800,800,2500,2500,2500,2499,2500,2500,800,800,0,0,0,0,0,0,0,9.523809432983398,0,0,0,0,0,0,0,100,142276.19073486328,85949.73858642578,0,404327403520,8589930496,5138763776,114688
9,1791560634894,2500,2499,799,800,800,799,800,800,2500,2500,2500,2499,2500,2500,800,800,0,0,0,0,0,0,0,9.523809432983398,0,0,0,0,0,0,0,100,142276.35668945313,85950.08605957031,0,404327403520,8589930496,5138763776,114688
9,1791560634905,2500,2499,799,800,800,799,800,800,2500,2500,2500,2499,2500,2500,800,800,0,0,0,0,0,0,0,9.523809432983398,0,0,0,0,0,0,0,100,142276.50390625,85950.40216064453,0,404327403520,8589930496,5138763776,114688
9,1791560634915,2500,2499,799,800,800,799,800,800,2500,2500,2500,2499,2500,2500,800,800,0,0,0,0,0,0,0,9.523809432983398,0,0,0,0,0,0,0,100,142276.6483154297,85950.71606445313,0,404327403520,8589930496,5138763776,114688
9,1791560634925,2500,2499,799,800,800,799,800,800,2500,2500,2500,2499,2500,2500,800,800,0,0,0,0,0,0,0,9.523809432983398,0,0,0,0,0,0,0,100,142276.79736328125,85951.03112792969,0,404327403520,8589930496,5138763776,114688
9,1791560634935,2500,2499,799,800,800,799,800,800,2500,2500,2500,2499,2500,2500,800,800,0,0,0,0,0,0,0,9.523809432983398,0,0,0,0,0,0,0,100,142276.9451904297,85951.33984375,0,404327403520,8589930496,5138763776,114688
9,1791560634945,2500,2499,799,800,800,799,800,800,2500,2500,2500,2499,2500,2500,800,800,0,0,0,0,0,0,0,9.523809432983398,0,0,0,0,0,0,0,100,142277.0933227539,85951.65460205078,0,404327403520,8589930496,5138763776,114688
9,1791560634955,2500,2499,799,800,800,799,800,800,2500,2500,2500,2499,2500,2500,800,800,0,0,0,0,0,0,0,9.523809432983398,0,0,0,0,0,0,0,100,142277.2456665039,85951.96893310547,0,404327403520,8589930496,5138763776,114688
9,1791560634965,2500,2499,799,800,800,799,800,800,2500,2500,2500,2499,2500,2500,800,800,0,0,0,0,0,0,0,9.523809432983398,0,0,0,0,0,0,0,100,142277.3939819336,85952.28112792969,0,404327403520,8589930496,5138763776,114688
9,1791560634975,2500,2499,799,800,800,799,800,800,2500,2500,2500,2499,2500,2500,800,800,0,0,0,0,0,0,0,9.523809432983398,0,0,0,0,0,0,0,100,142277.5469970703,85952.5942993164,0,404327403520,8589930496,5138763776,114688
9,1791560634985,2500,2499,799,800,800,799,800,800,2500,2500,2500,2499,2500,2500,800,800,0,0,0,0,0,0,0,9.523809432983398,0,0,0,0,0,0,0,100,142277.69512939453,85952.91217041016,0,404327403520,8589930496,5138763776,114688
9,1791560634995,2500,2499,799,800,800,799,800,800,2500,2500,2500,2499,2500,2500,800,800,0,0,0,0,0,0,0,9.523809432983398,0,0,0,0,0,0,0,100,142277.84252929688,85953.2212524414,0,404327403520,8589930496,5138763776,114688
9,1791560635005,2500,2499,799,800,800,799,800,800,2500,2500,2500,2499,2500,2500,800,800,0,0,0,0,0,0,0,9.523809432983398,0,0,0,0,0,0,0,100,142277.9930419922,85953.53332519531,0,404327403520,8589930496,5138763776,114688
10,1791560635015,2500,2499,799,800,800,799,800,800,2500,2500,2500,2499,2500,2500,800,800,0,0,0,0,0,0,0,9.523809432983398,0,0,0,0,0,0,0,100,142278.13934326172,85953.849609375,0,404327403520,8589930496,5138763776,114688
9,1791560635025,2500,2499,799,800,800,799,800,800,2500,2500,2500,2499,2500,2500,800,800,0,0,0,0,0,0,0,9.523809432983398,0,0,0,0,0,0,0,100,142278.28674316406,85954.16455078125,0,404327403520,8589930496,5138763776,114688
9,1791560635035,2500,2499,799,800,800,799,800,800,2500,2500,2500,2499,2500,2500,800,800,0,0,0,0,0,0,0,9.523809432983398,0,0,0,0,0,0,0,100,142278.43780517578,85954.48168945313,0,404327403520,8589930496,5138763776,114688
10,1791560635045,2500,2499,799,800,800,799,800,800,2500,2500,2500,2499,2500,2500,800,800,10,0,0,0,0,0,0,5.263157844543457,0,0,0,0,0,0,0,100,142278.58917236328,85954.7964477539,0,404327403520,8589930496,5138763776,114688
10,1791560635055,2500,2499,799,800,800,799,800,800,2500,2500,2500,2499,2500,2500,800,800,10,0,0,0,0,0,0,5.263157844543457,0,0,0,0,0,0,0,100,142278.73345947266,85955.11334228516,0,404327403520,8589930496,5138763776,114688
9,1791560635066,2500,2499,799,800,800,799,800,800,2500,2500,2500,2499,2500,2500,800,800,10,0,0,0,0,0,0,5.263157844543457,0,0,0,0,0,0,0,100,142278.8980102539,85955.4575805664,0,404327403520,8589930496,5138763776,114688
9,1791560635076,2500,2499,799,800,800,799,800,800,2500,2500,2500,2499,2500,2500,800,800,10,0,0,0,0,0,0,5.263157844543457,0,0,0,0,0,0,0,100,142279.04809570313,85955.76904296875,0,404327403520,8589930496,5138763776,114688
9,1791560635086,2500,2499,799,800,800,799,800,800,2500,2500,2500,2499,2500,2500,800,800,10,0,0,0,0,0,0,5.263157844543457,0,0,0,0,0,0,0,100,142279.201171875,85956.08685302734,0,404327403520,8589930496,5138763776,114688
9,1791560635096,2500,2499,799,800,800,799,800,800,2500,2500,2500,2499,2500,2500,800,800,10,0,0,0,0,0,0,5.263157844543457,0,0,0,0,0,0,0,100,142279.34619140625,85956.39953613281,0,404327403520,8589930496,5138763776,114688
9,1791560635106,2500,2499,799,800,800,799,800,800,2500,2500,2500,2499,2500,2500,800,800,10,0,0,0,0,0,0,5.263157844543457,0,0,0,0,0,0,0,100,142279.49432373047,85956.71533203125,0,404327403520,8589930496,5138763776,114688
10,1791560635116,2500,2499,799,800,800,799,800,800,2500,2500,2500,2499,2500,2500,800,800,10,0,0,0,0,0,0,5.263157844543457,0,0,0,0,0,0,0,100,142279.6430053711,85957.02880859375,0,404327403520,8589930496,5138763776,114688
9,1791560635126,2500,2499,799,800,800,799,800,800,2500,2500,2500,2499,2500,2500,800,800,10,0,0,0,0,0,0,5.263157844543457,0,0,0,0,0,0,0,100,142279.78924560547,85957.34405517578,0,404327403520,8589930496,5138763776,114688
9,1791560635136,2500,2499,799,800,800,799,800,800,2500,2500,2500,2499,2500,2500,800,800,10,0,0,0,0,0,0,5.263157844543457,0,0,0,0,0,0,0,100,142279.93872070313,85957.66259765625,0,404327403520,8589930496,5138763776,114688
10,1791560635146,2500,2499,799,800,800,799,800,800,2500,2500,2500,2499,2500,2500,800,800,10,0,0,0,0,0,0,5.263157844543457,0,0,0,0,0,0,0,100,142280.08758544922,85957.9800415039,0,404327403520,8589930496,5138763776,114688
9,1791560635156,2500,2499,799,800,800,799,800,800,2500,2500,2500,2499,2500,2500,800,800,10,0,0,0,0,0,0,5.263157844543457,0,0,0,0,0,0,0,100,142280.23828125,85958.29522705078,0,404327403520,8589930496,5138763776,114688
9,1791560635166,2500,2499,799,800,800,799,800,800,2500,2500,2500,2499,2500,2500,800,800,10,0,0,0,0,0,0,5.263157844543457,0,0,0,0,0,0,0,100,142280.3842163086,85958.61499023438,0,404327403520,8589930496,5138763776,114688
9,1791560635176,2500,2499,799,800,800,799,800,800,2500,2500,2500,2499,2500,2500,800,800,10,0,0,0,0,0,0,5.263157844543457,0,0,0,0,0,0,0,100,142280.53637695313,85958.92681884766,0,404327403520,8589930496,5138677760,114688
10,1791560635186,2500,2499,799,800,800,799,800,800,2500,2500,2500,2499,2500,2500,800,800,10,0,0,0,0,0,0,5.263157844543457,0,0,0,0,0,0,0,100,142280.68127441406,85959.24450683594,0,404327403520,8589930496,5138677760,114688
9,1791560635196,2500,2499,799,800,800,799,800,800,2500,2500,2500,2499,2500,2500,800,800,10,0,0,0,0,0,0,5.263157844543457,0,0,0,0,0,0,0,100,142280.8316040039,85959.56146240234,0,404327403520,8589930496,5138677760,114688
9,1791560635207,2500,2499,799,800,800,799,800,800,2500,2500,2500,2499,2500,2500,800,800,10,0,0,0,0,0,0,5.263157844543457,0,0,0,0,0,0,0,100,142280.9833984375,85959.88562011719,0,404327403520,8589930496,5138677760,114688
9,1791560635217,2500,2499,799,800,800,799,800,800,2500,2500,2500,2499,2500,2500,800,800,10,0,0,0,0,0,0,5.263157844543457,0,0,0,0,0,0,0,100,142281.13287353516,85960.20739746094,0,404327403520,8589930496,5138677760,114688
10,1791560635227,2500,2499,799,800,800,799,800,800,2500,2500,2500,2499,2500,2500,800,800,10,0,0,0,0,0,0,5.263157844543457,0,0,0,0,0,0,0,100,142281.27935791016,85960.52563476563,0,404327403520,8589930496,5138677760,114688
9,1791560635237,2500,2499,799,800,800,799,800,800,2500,2500,2500,2499,2500,2500,800,800,10,0,0,0,0,0,0,5.263157844543457,0,0,0,0,0,0,0,100,142281.4408569336,85960.87176513672,0,404327403520,8589930496,5138677760,114688
9,1791560635247,2500,2499,799,800,800,799,800,800,2500,2500,2500,2499,2500,2500,800,800,0,0,0,0,0,0,0,9.523809432983398,0,0,0,0,0,0,0,100,142281.58935546875,85961.18853759766,0,404327403520,8589930496,5138677760,114688
9,1791560635257,2500,2499,799,800,800,799,800,800,2500,2500,2500,2499,2500,2500,800,800,0,0,0,0,0,0,0,9.523809432983398,0,0,0,0,0,0,0,100,142281.73803710938,85961.48132324219,0,404327403520,8589930496,5138677760,114688
10,1791560635267,2500,2499,799,800,800,799,800,800,2500,2500,2500,2499,2500,2500,800,800,0,0,0,0,0,0,0,9.523809432983398,0,0,0,0,0,0,0,100,142281.86712646484,85961.79443359375,0,404327403520,8589930496,5138677760,114688
10,1791560635277,2500,2499,799,800,800,799,800,800,2500,2500,2500,2499,2500,2500,800,800,0,0,0,0,0,0,0,9.523809432983398,0,0,0,0,0,0,0,100,142282.01580810547,85962.10986328125,0,404327403520,8589930496,5138677760,114688
9,1791560635287,2500,2499,799,800,800,799,800,800,2500,2500,2500,2499,2500,2500,800,800,0,0,0,0,0,0,0,9.523809432983398,0,0,0,0,0,0,0,100,142282.1802368164,85962.4623413086,0,404327403520,8589930496,5138677760,114688
9,1791560635297,2500,2499,799,800,800,799,800,800,2500,2500,2500,2499,2500,2500,800,800,0,0,0,0,0,0,0,9.523809432983398,0,0,0,0,0,0,0,100,142282.3349609375,85962.77734375,0,404327403520,8589930496,5138677760,114688
10,1791560635307,2500,2499,799,800,800,799,800,800,2500,2500,2500,2499,2500,2500,800,800,0,0,0,0,0,0,0,9.523809432983398,0,0,0,0,0,0,0,100,142282.4878540039,85963.09252929688,0,404327403520,8589930496,5138677760,114688
10,1791560635317,2500,2499,799,800,800,799,800,800,2500,2500,2500,2499,2500,2500,800,800,0,0,0,0,0,0,0,9.523809432983398,0,0,0,0,0,0,0,100,142282.63861083984,85963.40631103516,0,404327403520,8589930496,5138677760,114688
9,1791560635327,2500,2499,799,800,800,799,800,800,2500,2500,2500,2499,2500,2500,800,800,0,0,0,0,0,0,0,9.523809432983398,0,0,0,0,0,0,0,100,142282.7882080078,85963.72088623047,0,404327403520,8589930496,5138677760,114688
9,1791560635337,2500,2499,799,800,800,799,800,800,2500,2500,2500,2499,2500,2500,800,800,0,0,0,0,0,0,0,9.523809432983398,0,0,0,0,0,0,0,100,142282.9393310547,85964.0425415039,0,404327403520,8589930496,5138677760,114688
10,1791560635347,2500,2499,799,800,800,799,800,800,2500,2500,2500,2499,2500,2500,800,800,0,0,0,0,0,0,0,9.523809432983398,0,0,0,0,0,0,0,100,142283.08654785156,85964.35693359375,0,404327403520,8589930496,5138677760,114688
9,1791560635358,2500,2499,799,800,800,799,800,800,2500,2500,2500,2499,2500,2500,800,800,0,0,0,0,0,0,0,9.523809432983398,0,0,0,0,0,0,0,100,142283.2286376953,85964.67596435547,0,404327403520,8589930496,5138677760,114688
10,1791560635368,2500,2499,799,800,800,799,800,800,2500,2500,2500,2499,2500,2500,800,800,0,0,0,0,0,0,0,9.523809432983398,0,0,0,0,0,0,0,100,142283.3751220703,85964.99493408203,0,404327403520,8589930496,5138677760,114688
9,1791560635378,2500,2499,799,800,800,799,800,800,2500,2500,2500,2499,2500,2500,800,800,0,0,0,0,0,0,0,9.523809432983398,0,0,0,0,0,0,0,100,142283.52142333984,85965.3139038086,0,404327403520,8589930496,5138677760,114688
9,1791560635388,2500,2499,799,800,800,799,800,800,2500,2500,2500,2499,2500,2500,800,800,0,0,0,0,0,0,0,9.523809432983398,0,0,0,0,0,0,0,100,142283.6734008789,85965.63494873047,0,404327403520,8589930496,5138677760,114688
9,1791560635398,2500,2499,799,800,800,799,800,800,2500,2500,2500,2499,2500,2500,800,800,0,0,0,0,0,0,0,9.523809432983398,0,0,0,0,0,0,0,100,142283.82208251953,85965.94885253906,0,404327403520,8589930496,5138677760,114688
9,1791560635408,2500,2499,799,800,800,799,800,800,2500,2500,2500,2499,2500,2500,800,800,0,0,0,0,0,0,0,9.523809432983398,0,0,0,0,0,0,0,100,142283.97021484375,85966.26770019531,0,404327403520,8589930496,5138677760,114688
9,1791560635418,2500,2499,799,800,800,799,800,800,2500,2500,2500,2499,2500,2500,800,800,0,0,0,0,0,0,0,9.523809432983398,0,0,0,0,0,0,0,100,142284.13299560547,85966.62121582031,0,404327403520,8589930496,5138677760,114688
9,1791560635428,2500,2499,799,800,800,799,800,800,2500,2500,2500,2499,2500,2500,800,800,0,0,0,0,0,0,0,9.523809432983398,0,0,0,0,0,0,0,100,142284.2801513672,85966.93957519531,0,404327403520,8589930496,5138677760,114688
9,1791560635438,2500,2499,799,800,800,799,800,800,2500,2500,2500,2499,2500,2500,800,800,0,0,0,0,0,0,0,9.523809432983398,0,0,0,0,0,0,0,100,142284.42755126953,85967.25366210938,0,404327403520,8589930496,5138677760,114688
9,1791560635448,2500,2499,799,800,800,799,800,800,2500,2500,2500,2499,2500,2500,800,800,5,0,0,4.761904716491699,0,0,0,5,0,0,0,0,0,0,0,100,142284.57458496094,85967.57098388672,0,404327403520,8589930496,5138677760,114688
9,1791560635458,2500,2499,799,800,800,799,800,800,2500,2500,2500,2499,2500,2500,800,800,5,0,0,4.761904716491699,0,0,0,5,0,0,0,0,0,0,0,100,142284.7166748047,85967.89434814453,0,404327403520,8589930496,5138677760,114688
9,1791560635468,2500,2499,799,800,800,799,800,800,2500,2500,2500,2499,2500,2500,800,800,5,0,0,4.761904716491699,0,0,0,5,0,0,0,0,0,0,0,100,142284.8583984375,85968.20837402344,0,404327403520,8589930496,5138677760,114688
10,1791560635478,2500,2499,799,800,800,799,800,800,2500,2500,2500,2499,2500,2500,800,800,5,0,0,4.761904716491699,0,0,0,5,0,0,0,0,0,0,0,100,142285.00524902344,85968.525390625,0,404327403520,8589930496,5138677760,114688
9,1791560635488,2500,2499,799,800,800,799,800,800,2500,2500,2500,2499,2500,2500,800,800,5,0,0,4.761904716491699,0,0,0,5,0,0,0,0,0,0,0,100,142285.1484375,85968.84851074219,0,404327403520,8589930496,5138677760,114688
9,1791560635499,2500,2499,799,800,800,799,800,800,2500,2500,2500,2499,2500,2500,800,800,5,0,0,4.761904716491699,0,0,0,5,0,0,0,0,0,0,0,100,142285.29327392578,85969.16333007813,0,404327403520,8589930496,5138677760,114688
9,1791560635509,2500,2499,799,800,800,799,800,800,2500,2500,2500,2499,2500,2500,800,800,5,0,0,4.761904716491699,0,0,0,5,0,0,0,0,0,0,0,100,142285.44232177734,85969.48553466797,0,404327403520,8589930496,5138677760,114688
9,1791560635519,2500,2499,799,800,800,799,800,800,2500,2500,2500,2499,2500,2500,800,800,5,0,0,4.761904716491699,0,0,0,5,0,0,0,0,0,0,0,100,142285.5932006836,85969.80407714844,0,404327403520,8589930496,5138677760,114688
9,1791560635529,2500,2499,799,800,800,799,800,800,2500,2500,2500,2499,2500,2500,800,800,5,0,0,4.761904716491699,0,0,0,5,0,0,0,0,0,0,0,100,142285.73748779297,85970.12200927734,0,404327403520,8589930496,5138677760,114688
9,1791560635539,2500,2499,799,800,800,799,800,800,2500,2500,2500,2499,2500,2500,800,800,5,0,0,4.761904716491699,0,0,0,5,0,0,0,0,0,0,0,100,142285.88287353516,85970.43737792969,0,404327403520,8589930496,5138677760,114688
9,1791560635549,2500,2499,799,800,800,799,800,800,2500,2500,2500,2499,2500,2500,800,800,5,0,0,4.761904716491699,0,0,0,5,0,0,0,0,0,0,0,100,142286.02880859375,85970.75756835938,0,404327403520,8589930496,5138677760,114688
9,1791560635559,2500,2499,799,800,800,799,800,800,2500,2500,2500,2499,2500,2500,800,800,5,0,0,4.761904716491699,0,0,0,5,0,0,0,0,0,0,0,100,142286.1773071289,85971.07482910156,0,404327403520,8589930496,5138677760,114688
9,1791560635569,2500,2499,799,800,800,799,800,800,2500,2500,2500,2499,2500,2500,800,800,5,0,0,4.761904716491699,0,0,0,5,0,0,0,0,0,0,0,100,142286.32360839844,85971.39459228516,0,404327403520,8589930496,5138677760,114688
9,1791560635579,2500,2499,799,800,800,799,800,800,2500,2500,2500,2499,2500,2500,800,800,5,0,0,4.761904716491699,0,0,0,5,0,0,0,0,0,0,0,100,142286.4711303711,85971.7138671875,0,404327403520,8589930496,5138677760,114688
9,1791560635589,2500,2499,799,800,800,799,800,800,2500,2500,2500,2499,2500,2500,800,800,5,0,0,4.761904716491699,0,0,0,5,0,0,0,0,0,0,0,100,142286.64013671875,85972.06805419922,0,404327403520,8589930496,5138677760,114688
9,1791560635599,2500,2499,799,800,800,799,800,800,2500,2500,2500,2499,2500,2500,800,800,5,0,0,4.761904716491699,0,0,0,5,0,0,0,0,0,0,0,100,142286.79302978516,85972.38989257813,0,404327403520,8589930496,5138677760,114688
10,1791560635609,2500,2499,799,800,800,799,800,800,2500,2500,2500,2499,2500,2500,800,800,5,0,0,4.761904716491699,0,0,0,5,0,0,0,0,0,0,0,100,142286.9242553711,85972.67742919922,0,404327403520,8589930496,5138677760,114688
9,1791560635619,2500,2499,799,800,800,799,800,800,2500,2500,2500,2499,2500,2500,800,800,5,0,0,4.761904716491699,0,0,0,5,0,0,0,0,0,0,0,100,142287.08813476563,85973.02642822266,0,404327403520,8589930496,5138677760,114688
9,1791560635630,2500,2499,799,800,800,799,800,800,2500,2500,2500,2499,2500,2500,800,800,5,0,0,4.761904716491699,0,0,0,5,0,0,0,0,0,0,0,100,142287.2381591797,85973.34454345703,0,404327403520,8589930496,5138677760,114688
9,1791560635640,2500,2499,799,800,800,799,800,800,2500,2500,2500,2499,2500,2500,800,800,5,0,0,4.761904716491699,0,0,0,5,0,0,0,0,0,0,0,100,142287.38061523438,85973.66369628906,0,404327403520,8589930496,5138677760,114688
9,1791560635650,2500,2499,799,800,800,799,800,800,2500,2500,2500,2499,2500,2500,800,800,5.263157844543457,0,0,0,0,0,0,10,0,0,0,0,0,0,0,100,142287.53228759766,85973.98608398438,0,404327403520,8589930496,5138677760,114688
9,1791560635660,2500,2499,799,800,800,799,800,800,2500,2500,2500,2499,2500,2500,800,800,5.263157844543457,0,0,0,0,0,0,10,0,0,0,0,0,0,0,100,142287.6826171875,85974.30725097656,0,404327403520,8589930496,5138677760,114688
9,1791560635670,2500,2499,799,800,800,799,800,800,2500,2500,2500,2499,2500,2500,800,800,5.263157844543457,0,0,0,0,0,0,10,0,0,0,0,0,0,0,100,142287.83514404297,85974.62884521484,0,404327403520,8589930496,5138677760,114688
10,1791560635680,2500,2499,799,800,800,799,800,800,2500,2500,2500,2499,2500,2500,800,800,5.263157844543457,0,0,0,0,0,0,10,0,0,0,0,0,0,0,100,142287.98236083984,85974.94177246094,0,404327403520,8589930496,5138677760,114688
9,1791560635690,2500,2499,799,800,800,799,800,800,2500,2500,2500,2499,2500,2500,800,800,5.263157844543457,0,0,0,0,0,0,10,0,0,0,0,0,0,0,100,142288.13177490234,85975.25561523438,0,404327403520,8589930496,5138677760,114688
9,1791560635700,2500,2499,799,800,800,799,800,800,2500,2500,2500,2499,2500,2500,800,800,5.263157844543457,0,0,0,0,0,0,10,0,0,0,0,0,0,0,100,142288.28369140625,85975.57891845703,0,404327403520,8589930496,5138677760,114688
10,1791560635710,2500,2499,799,800,800,799,800,800,2500,2500,2500,2499,2500,2500,800,800,5.263157844543457,0,0,0,0,0,0,10,0,0,0,0,0,0,0,100,142288.43090820313,85975.90020751953,0,404327403520,8589930496,5138677760,114688
9,1791560635720,2500,2499,799,800,800,799,800,800,2500,2500,2500,2499,2500,2500,800,800,5.263157844543457,0,0,0,0,0,0,10,0,0,0,0,0,0,0,100,142288.57647705078,85976.22186279297,0,404327403520,8589930496,5138677760,114688
9,1791560635730,2500,2499,799,800,800,799,800,800,2500,2500,2500,2499,2500,2500,800,800,5.263157844543457,0,0,0,0,0,0,10,0,0,0,0,0,0,0,100,142288.72131347656,85976.53601074219,0,404327403520,8589930496,5138677760,114688
9,1791560635740,2500,2499,799,800,800,799,800,800,2500,2500,2500,2499,2500,2500,800,800,5.263157844543457,0,0,0,0,0,0,10,0,0,0,0,0,0,0,100,142288.86798095703,85976.85009765625,0,404327403520,8589930496,5138677760,114688
9,1791560635750,2500,2499,799,800,800,799,800,800,2500,2500,2500,2499,2500,2500,800,800,5.263157844543457,0,0,0,0,0,0,10,0,0,0,0,0,0,0,100,142289.01629638672,85977.17315673828,0,404327403520,8589930496,5138677760,114688
9,1791560635760,2500,2499,799,800,800,799,800,800,2500,2500,2500,2499,2500,2500,800,800,5.263157844543457,0,0,0,0,0,0,10,0,0,0,0,0,0,0,100,142289.18310546875,85977.52423095703,0,404327403520,8589930496,5138677760,114688
9,1791560635771,2500,2499,799,800,800,799,800,800,2500,2500,2500,2499,2500,2500,800,800,5.263157844543457,0,0,0,0,0,0,10,0,0,0,0,0,0,0,100,142289.33032226563,85977.84265136719,0,404327403520,8589930496,5138677760,114688
9,1791560635781,2500,2499,799,800,800,799,800,800,2500,2500,2500,2499,2500,2500,800,800,5.263157844543457,0,0,0,0,0,0,10,0,0,0,0,0,0,0,100,142289.48028564453,85978.16241455078,0,404327403520,8589930496,5138677760,114688
9,1791560635791,2500,2499,799,800,800,799,800,800,2500,2500,2500,2499,2500,2500,800,800,5.263157844543457,0,0,0,0,0,0,10,0,0,0,0,0,0,0,100,142289.62548828125,85978.47955322266,0,404327403520,8589930496,5138677760,114688
10,1791560635801,2500,2499,799,800,800,799,800,800,2500,2500,2500,2499,2500,2500,800,800,5.263157844543457,0,0,0,0,0,0,10,0,0,0,0,0,0,0,100,142289.77490234375,85978.79852294922,0,404327403520,8589930496,5138677760,114688
9,1791560635811,2500,2499,799,800,800,799,800,800,2500,2500,2500,2499,2500,2500,800,800,5.263157844543457,0,0,0,0,0,0,10,0,0,0,0,0,0,0,100,142289.92303466797,85979.11486816406,0,404327403520,8589930496,5138677760,114688
10,1791560635821,2500,2499,799,800,800,799,800,800,2500,2500,2500,2499,2500,2500,800,800,5.263157844543457,0,0,0,0,0,0,10,0,0,0,0,0,0,0,100,142290.0689086914,85979.43560791016,0,404327403520,8589930496,5138677760,114688
9,1791560635831,2500,2499,799,800,800,799,800,800,2500,2500,2500,2499,2500,2500,800,800,5.263157844543457,0,0,0,0,0,0,10,0,0,0,0,0,0,0,100,142290.21942138672,85979.75378417969,0,404327403520,8589930496,5138677760,114688
9,1791560635841,2500,2499,799,800,800,799,800,800,2500,2500,2500,2499,2500,2500,800,800,5.263157844543457,0,0,0,0,0,0,10,0,0,0,0,0,0,0,100,142290.36260986328,85980.07116699219,0,404327403520,8589930496,5138677760,114688
9,1791560635851,2500,2499,799,800,800,799,800,800,2500,2500,2500,2499,2500,2500,800,800,0,0,0,0,0,0,0,5,0,0,0,0,0,0,0,100,142290.51000976563,85980.3882446289,0,404327403520,8589930496,5138677760,114688
9,1791560635861,2500,2499,799,800,800,799,800,800,2500,2500,2500,2499,2500,2500,800,800,0,0,0,0,0,0,0,5,0,0,0,0,0,0,0,100,142290.65924072266,85980.71154785156,0,404327403520,8589930496,5138677760,114688
9,1791560635871,2500,2499,799,800,800,799,800,800,2500,2500,2500,2499,2500,2500,800,800,0,0,0,0,0,0,0,5,0,0,0,0,0,0,0,100,142290.80700683594,85981.02923583984,0,404327403520,8589930496,5138677760,114688
10,1791560635881,2500,2499,799,800,800,799,800,800,2500,2500,2500,2499,2500,2500,800,800,0,0,0,0,0,0,0,5,0,0,0,0,0,0,0,100,142290.9595336914,85981.3462524414,0,404327403520,8589930496,5138677760,114688
9,1791560635891,2500,2499,799,800,800,799,800,800,2500,2500,2500,2499,2500,2500,800,800,0,0,0,0,0,0,0,5,0,0,0,0,0,0,0,100,142291.11126708984,85981.66107177734,0,404327403520,8589930496,5138677760,114688
10,1791560635901,2500,2499,799,800,800,799,800,800,2500,2500,2500,2499,2500,2500,800,800,0,0,0,0,0,0,0,5,0,0,0,0,0,0,0,100,142291.25677490234,85981.98358154297,0,404327403520,8589930496,5138677760,114688
9,1791560635911,2500,2499,799,800,800,799,800,800,2500,2500,2500,2499,2500,2500,800,800,0,0,0,0,0,0,0,5,0,0,0,0,0,0,0,100,142291.40911865234,85982.30157470703,0,404327403520,8589930496,5138677760,114688
9,1791560635922,2500,2499,799,800,800,799,800,800,2500,2500,2500,2499,2500,2500,800,800,0,0,0,0,0,0,0,5,0,0,0,0,0,0,0,100,142291.57427978516,85982.65020751953,0,404327403520,8589930496,5138677760,114688
9,1791560635932,2500,2499,799,800,800,799,800,800,2500,2500,2500,2499,2500,2500,800,800,0,0,0,0,0,0,0,5,0,0,0,0,0,0,0,100,142291.7240600586,85982.96118164063,0,404327403520,8589930496,5138677760,114688
9,1791560635942,2500,2499,799,800,800,799,800,800,2500,2500,2500,2499,2500,2500,800,800,0,0,0,0,0,0,0,5,0,0,0,0,0,0,0,100,142291.87286376953,85983.27960205078,0,404327403520,8589930496,5138677760,114688
9,1791560635952,2500,2499,799,800,800,799,800,800,2500,2500,2500,2499,2500,2500,800,800,0,0,0,0,0,0,0,5,0,0,0,0,0,0,0,100,142292.02264404297,85983.59393310547,0,404327403520,8589930496,5138677760,114688
9,1791560635962,2500,2499,799,800,800,799,800,800,2500,2500,2500,2499,2500,2500,800,800,0,0,0,0,0,0,0,5,0,0,0,0,0,0,0,100,142292.17584228516,85983.90466308594,0,404327403520,8589930496,5138677760,114688
10,1791560635972,2500,2499,799,800,800,799,800,800,2500,2500,2500,2499,2500,2500,800,800,0,0,0,0,0,0,0,5,0,0,0,0,0,0,0,100,142292.3282470703,85984.22326660156,0,404327403520,8589930496,5138677760,114688
9,1791560635982,2500,2499,799,800,800,799,800,800,2500,2500,2500,2499,2500,2500,800,800,0,0,0,0,0,0,0,5,0,0,0,0,0,0,0,100,142292.4819946289,85984.54229736328,0,404327403520,8589930496,5138677760,114688
9,1791560635992,2500,2499,799,800,800,799,800,800,2500,2500,2500,2499,2500,2500,800,800,0,0,0,0,0,0,0,5,0,0,0,0,0,0,0,100,142292.63452148438,85984.8550415039,0,404327403520,8589930496,5138677760,114688
9,1791560636002,2500,2499,799,800,800,799,800,800,2500,2500,2500,2499,2500,2500,800,800,0,0,0,0,0,0,0,5,0,0,0,0,0,0,0,100,142292.78283691406,85985.16876220703,0,404327403520,8589930496,5138677760,114688
10,1791560636012,2500,2499,799,800,800,799,800,800,2500,2500,2500,2499,2500,2500,800,800,0,0,0,0,0,0,0,5,0,0,0,0,0,0,0,100,142292.93481445313,85985.4857788086,0,404327403520,8589930496,5138677760,114688
10,1791560636022,2500,2499,799,800,800,799,800,800,2500,2500,2500,2499,2500,2500,800,800,0,0,0,0,0,0,0,5,0,0,0,0,0,0,0,100,142293.0844116211,85985.80322265625,0,404327403520,8589930496,5138677760,114688
9,1791560636032,2500,2499,799,800,800,799,800,800,2500,2500,2500,2499,2500,2500,800,800,0,0,0,0,0,0,0,5,0,0,0,0,0,0,0,100,142293.23767089844,85986.1206665039,0,404327403520,8589930496,5138677760,114688
9,1791560636042,2500,2499,799,800,800,799,800,800,2500,2500,2500,2499,2500,2500,800,800,0,0,0,0,0,0,0,5,0,0,0,0,0,0,0,100,142293.3890991211,85986.4429321289,0,404327403520,8589930496,5138677760,114688
9,1791560636052,2500,2499,799,800,800,799,800,800,2500,2500,2500,2499,2500,2500,800,800,5.263157844543457,0,0,0,0,0,0,10,0,0,0,0,0,0,0,100,142293.53979492188,85986.75280761719,0,404327403520,8589930496,5138677760,114688
9,1791560636063,2500,2499,799,800,800,799,800,800,2500,2500,2500,2499,2500,2500,800,800,5.263157844543457,0,0,0,0,0,0,10,0,0,0,0,0,0,0,100,142293.68701171875,85987.07421875,0,404327403520,8589930496,5138677760,114688
10,1791560636073,2500,2499,799,800,800,799,800,800,2500,2500,2500,2499,2500,2500,800,800,5.263157844543457,0,0,0,0,0,0,10,0,0,0,0,0,0,0,100,142293.83575439453,85987.3876953125,0,404327403520,8589930496,5138677760,114688
9,1791560636083,2500,2499,799,800,800,799,800,800,2500,2500,2500,2499,2500,2500,800,800,5.263157844543457,0,0,0,0,0,0,10,0,0,0,0,0,0,0,100,142294.00073242188,85987.73895263672,0,404327403520,8589930496,5138677760,114688
9,1791560636093,2500,2499,799,800,800,799,800,800,2500,2500,2500,2499,2500,2500,800,800,5.263157844543457,0,0,0,0,0,0,10,0,0,0,0,0,0,0,100,142294.13439941406,85988.05688476563,0,404327403520,8589930496,5138677760,114688
9,1791560636103,2500,2499,799,800,800,799,800,800,2500,2500,2500,2499,2500,2500,800,800,5.263157844543457,0,0,0,0,0,0,10,0,0,0,0,0,0,0,100,142294.30224609375,85988.3720703125,0,404327403520,8589930496,5138677760,114688
9,1791560636113,2500,2499,799,800,800,799,800,800,2500,2500,2500,2499,2500,2500,800,800,5.263157844543457,0,0,0,0,0,0,10,0,0,0,0,0,0,0,100,142294.45458984375,85988.68505859375,0,404327403520,8589930496,5138677760,114688
9,1791560636123,2500,2499,799,800,800,799,800,800,2500,2500,2500,2499,2500,2500,800,800,5.263157844543457,0,0,0,0,0,0,10,0,0,0,0,0,0,0,100,142294.60272216797,85989.00103759766,0,404327403520,8589930496,5138677760,114688
9,1791560636133,2500,2499,799,800,800,799,800,800,2500,2500,2500,2499,2500,2500,800,800,5.263157844543457,0,0,0,0,0,0,10,0,0,0,0,0,0,0,100,142294.74938964844,85989.31726074219,0,404327403520,8589930496,5138677760,114688
9,1791560636143,2500,2499,799,800,800,799,800,800,2500,2500,2500,2499,2500,2500,800,800,5.263157844543457,0,0,0,0,0,0,10,0,0,0,0,0,0,0,100,142294.89569091797,85989.63470458984,0,404327403520,8589930496,5137645568,114688
9,1791560636153,2500,2499,799,800,800,799,800,800,2500,2500,2500,2499,2500,2500,800,800,5.263157844543457,0,0,0,0,0,0,10,0,0,0,0,0,0,0,100,142295.04418945313,85989.95153808594,0,404327403520,8589930496,5137645568,114688
9,1791560636163,2500,2499,799,800,800,799,800,800,2500,2500,2500,2499,2500,2500,800,800,5.263157844543457,0,0,0,0,0,0,10,0,0,0,0,0,0,0,100,142295.1943359375,85990.27349853516,0,404327403520,8589930496,5137645568,114688
10,1791560636173,2500,2499,799,800,800,799,800,800,2500,2500,2500,2499,2500,2500,800,800,5.263157844543457,0,0,0,0,0,0,10,0,0,0,0,0,0,0,100,142295.34356689453,85990.58349609375,0,404327403520,8589930496,5137645568,114688
9,1791560636183,2500,2499,799,800,800,799,800,800,2500,2500,2500,2499,2500,2500,800,800,5.263157844543457,0,0,0,0,0,0,10,0,0,0,0,0,0,0,100,142295.49572753906,85990.90173339844,0,404327403520,8589930496,5137645568,114688
9,1791560636193,2500,2499,799,800,800,799,800,800,2500,2500,2500,2499,2500,2500,800,800,5.263157844543457,0,0,0,0,0,0,10,0,0,0,0,0,0,0,100,142295.64880371094,85991.22235107422,0,404327403520,8589930496,5137645568,114688
9,1791560636204,2500,2499,799,800,800,799,800,800,2500,2500,2500,2499,2500,2500,800,800,5.263157844543457,0,0,0,0,0,0,10,0,0,0,0,0,0,0,100,142295.79766845703,85991.54614257813,0,404327403520,8589930496,5137645568,114688
9,1791560636214,2500,2499,799,800,800,799,800,800,2500,2500,2500,2499,2500,2500,800,800,5.263157844543457,0,0,0,0,0,0,10,0,0,0,0,0,0,0,100,142295.94689941406,85991.86810302734,0,404327403520,8589930496,5137645568,114688
9,1791560636224,2500,2499,799,800,800,799,800,800,2500,2500,2500,2499,2500,2500,800,800,5.263157844543457,0,0,0,0,0,0,10,0,0,0,0,0,0,0,100,142296.09631347656,85992.18347167969,0,404327403520,8589930496,5137645568,114688
10,1791560636234,2500,2499,799,800,800,799,800,800,2500,2500,2500,2499,2500,2500,800,800,5.263157844543457,0,0,0,0,0,0,10,0,0,0,0,0,0,0,100,142296.24774169922,85992.5014038086,0,404327403520,8589930496,5137645568,114688
9,1791560636244,2500,2499,799,800,800,799,800,800,2500,2500,2500,2499,2500,2500,800,800,5.263157844543457,0,0,0,0,0,0,10,0,0,0,0,0,0,0,100,142296.39483642578,85992.81707763672,0,404327403520,8589930496,5137645568,114688
10,1791560636254,2500,2499,799,800,800,799,800,800,2500,2500,2500,2499,2500,2500,800,800,0,0,0,0,0,0,0,5,0,0,0,0,0,0,0,100,142296.5467529297,85993.13116455078,0,404327403520,8589930496,5137645568,114688
9,1791560636264,2500,2499,799,800,800,799,800,800,2500,2500,2500,2499,2500,2500,800,800,0,0,0,0,0,0,0,5,0,0,0,0,0,0,0,100,142296.71063232422,85993.48291015625,0,404327403520,8589930496,5137645568,114688
9,1791560636274,2500,2499,799,800,800,799,800,800,2500,2500,2500,2499,2500,2500,800,800,0,0,0,0,0,0,0,5,0,0,0,0,0,0,0,100,142296.85565185547,85993.79608154297,0,404327403520,8589930496,5137645568,114688
9,1791560636284,2500,2499,799,800,800,799,800,800,2500,2500,2500,2499,2500,2500,800,800,0,0,0,0,0,0,0,5,0,0,0,0,0,0,0,100,142296.99993896484,85994.11303710938,0,404327403520,8589930496,5137645568,114688
9,1791560636294,2500,2499,799,800,800,799,800,800,2500,2500,2500,2499,2500,2500,800,800,0,0,0,0,0,0,0,5,0,0,0,0,0,0,0,100,142297.15258789063,85994.4341430664,0,404327403520,8589930496,5137645568,114688
10,1791560636304,2500,2499,799,800,800,799,800,800,2500,2500,2500,2499,2500,2500,800,800,0,0,0,0,0,0,0,5,0,0,0,0,0,0,0,100,142297.30236816406,85994.74719238281,0,404327403520,8589930496,5137645568,114688
9,1791560636314,2500,2499,799,800,800,799,800,800,2500,2500,2500,2499,2500,2500,800,800,0,0,0,0,0,0,0,5,0,0,0,0,0,0,0,100,142297.44720458984,85995.06457519531,0,404327403520,8589930496,5137645568,114688
9,1791560636324,2500,2499,799,800,800,799,800,800,2500,2500,2500,2499,2500,2500,800,800,0,0,0,0,0,0,0,5,0,0,0,0,0,0,0,100,142297.59301757813,85995.37811279297,0,404327403520,8589930496,5137645568,114688
9,1791560636334,2500,2499,799,800,800,799,800,800,2500,2500,2500,2499,2500,2500,800,800,0,0,0,0,0,0,0,5,0,0,0,0,0,0,0,100,142297.7413330078,85995.69750976563,0,404327403520,8589930496,5137645568,114688
9,1791560636345,2500,2499,799,800,800,799,800,800,2500,2500,2500,2499,2500,2500,800,800,0,0,0,0,0,0,0,5,0,0,0,0,0,0,0,100,142297.88836669922,85996.01110839844,0,404327403520,8589930496,5137645568,114688
9,1791560636355,2500,2499,799,800,800,799,800,800,2500,2500,2500,2499,2500,2500,800,800,0,0,0,0,0,0,0,5,0,0,0,0,0,0,0,100,142298.0372314453,85996.3305053711,0,404327403520,8589930496,5137645568,114688
10,1791560636365,2500,2499,799,800,800,799,800,800,2500,2500,2500,2499,2500,2500,800,800,0,0,0,0,0,0,0,5,0,0,0,0,0,0,0,100,142298.18688964844,85996.64904785156,0,404327403520,8589930496,5137645568,114688
9,1791560636375,2500,2499,799,800,800,799,800,800,2500,2500,2500,2499,2500,2500,800,800,0,0,0,0,0,0,0,5,0,0,0,0,0,0,0,100,142298.33264160156,85996.96862792969,0,404327403520,8589930496,5137645568,114688
9,1791560636385,2500,2499,799,800,800,799,800,800,2500,2500,2500,2499,2500,2500,800,800,0,0,0,0,0,0,0,5,0,0,0,0,0,0,0,100,142298.48168945313,85997.28393554688,0,404327403520,8589930496,5137645568,114688
9,1791560636395,2500,2499,799,800,800,799,800,800,2500,2500,2500,2499,2500,2500,800,800,0,0,0,0,0,0,0,5,0,0,0,0,0,0,0,100,142298.6312866211,85997.60571289063,0,404327403520,8589930496,5137645568,114688
9,1791560636405,2500,2499,799,800,800,799,800,800,2500,2500,2500,2499,2500,2500,800,800,0,0,0,0,0,0,0,5,0,0,0,0,0,0,0,100,142298.78033447266,85997.92358398438,0,404327403520,8589930496,5137645568,114688
9,1791560636415,2500,2499,799,800,800,799,800,800,2500,2500,2500,2499,2500,2500,800,800,0,0,0,0,0,0,0,5,0,0,0,0,0,0,0,100,142298.94329833984,85998.27465820313,0,404327403520,8589930496,5137645568,114688
9,1791560636425,2500,2499,799,800,800,799,800,800,2500,2500,2500,2499,2500,2500,800,800,0,0,0,0,0,0,0,5,0,0,0,0,0,0,0,100,142299.0772705078,85998.55255126953,0,404327403520,8589930496,5137645568,114688
10,1791560636435,2500,2499,799,800,800,799,800,800,2500,2500,2500,2499,2500,2500,800,800,0,0,0,0,0,0,0,5,0,0,0,0,0,0,0,100,142299.22485351563,85998.86657714844,0,404327403520,8589930496,5137645568,114688
9,1791560636445,2500,2499,799,800,800,799,800,800,2500,2500,2500,2499,2500,2500,800,800,0,0,0,0,0,0,0,5,0,0,0,0,0,0,0,100,142299.38671875,85999.21594238281,0,404327403520,8589930496,5137645568,114688
9,1791560636455,2500,2499,799,800,800,799,800,800,2500,2500,2500,2499,2500,2500,800,800,5.263157844543457,0,0,0,0,0,0,9.523809432983398,0,0,0,0,0,0,0,100,142299.53704833984,85999.53552246094,0,404327403520,8589930496,5137645568,114688
9,1791560636465,2500,2499,799,800,800,799,800,800,2500,2500,2500,2499,2500,2500,800,800,5.263157844543457,0,0,0,0,0,0,9.523809432983398,0,0,0,0,0,0,0,100,142299.68780517578,85999.85809326172,0,404327403520,8589930496,5137645568,114688
9,1791560636475,2500,2499,799,800,800,799,800,800,2500,2500,2500,2499,2500,2500,800,800,5.263157844543457,0,0,0,0,0,0,9.523809432983398,0,0,0,0,0,0,0,100,142299.8374633789,86000.17645263672,0,404327403520,8589930496,5137645568,114688
10,1791560636485,2500,2499,799,800,800,799,800,800,2500,2500,2500,2499,2500,2500,800,800,5.263157844543457,0,0,0,0,0,0,9.523809432983398,0,0,0,0,0,0,0,100,142299.98944091797,86000.4955444336,0,404327403520,8589930496,5137645568,114688
9,1791560636496,2500,2499,799,800,800,799,800,800,2500,2500,2500,2499,2500,2500,800,800,5.263157844543457,0,0,0,0,0,0,9.523809432983398,0,0,0,0,0,0,0,100,142300.13793945313,86000.81536865234,0,404327403520,8589930496,5137645568,114688
9,1791560636506,2500,2499,799,800,800,799,800,800,2500,2500,2500,2499,2500,2500,800,800,5.263157844543457,0,0,0,0,0,0,9.523809432983398,0,0,0,0,0,0,0,100,142300.2875366211,86001.13250732422,0,404327403520,8589930496,5137645568,114688
9,1791560636516,2500,2499,799,800,800,799,800,800,2500,2500,2500,2499,2500,2500,800,800,5.263157844543457,0,0,0,0,0,0,9.523809432983398,0,0,0,0,0,0,0,100,142300.43475341797,86001.45330810547,0,404327403520,8589930496,5137645568,114688
9,1791560636526,2500,2499,799,800,800,799,800,800,2500,2500,2500,2499,2500,2500,800,800,5.263157844543457,0,0,0,0,0,0,9.523809432983398,0,0,0,0,0,0,0,100,142300.58709716797,86001.7734375,0,404327403520,8589930496,5137645568,114688
9,1791560636536,2500,2499,799,800,800,799,800,800,2500,2500,2500,2499,2500,2500,800,800,5.263157844543457,0,0,0,0,0,0,9.523809432983398,0,0,0,0,0,0,0,100,142300.73028564453,86002.05975341797,0,404327403520,8589930496,5137645568,114688
10,1791560636546,2500,2499,799,800,800,799,800,800,2500,2500,2500,2499,2500,2500,800,800,5.263157844543457,0,0,0,0,0,0,9.523809432983398,0,0,0,0,0,0,0,100,142300.87548828125,86002.40454101563,0,404327403520,8589930496,5137645568,114688
9,1791560636556,2500,2499,799,800,800,799,800,800,2500,2500,2500,2499,2500,2500,800,800,5.263157844543457,0,0,0,0,0,0,9.523809432983398,0,0,0,0,0,0,0,100,142301.02587890625,86002.72247314453,0,404327403520,8589930496,5137645568,114688
9,1791560636566,2500,2499,799,800,800,799,800,800,2500,2500,2500,2499,2500,2500,800,800,5.263157844543457,0,0,0,0,0,0,9.523809432983398,0,0,0,0,0,0,0,100,142301.1773071289,86003.04034423828,0,404327403520,8589930496,5137645568,114688
10,1791560636576,2500,2499,799,800,800,799,800,800,2500,2500,2500,2499,2500,2500,800,800,5.263157844543457,0,0,0,0,0,0,9.523809432983398,0,0,0,0,0,0,0,100,142301.32635498047,86003.35809326172,0,404327403520,8589930496,5137645568,114688
9,1791560636586,2500,2499,799,800,800,799,800,800,2500,2500,2500,2499,2500,2500,800,800,5.263157844543457,0,0,0,0,0,0,9.523809432983398,0,0,0,0,0,0,0,100,142301.47827148438,86003.67578125,0,404327403520,8589930496,5137645568,114688
9,1791560636596,2500,2499,799,800,800,799,800,800,2500,2500,2500,2499,2500,2500,800,800,5.263157844543457,0,0,0,0,0,0,9.523809432983398,0,0,0,0,0,0,0,100,142301.6434326172,86004.02941894531,0,404327403520,8589930496,5137645568,114688
9,1791560636606,2500,2499,799,800,800,799,800,800,2500,2500,2500,2499,2500,2500,800,800,5.263157844543457,0,0,0,0,0,0,9.523809432983398,0,0,0,0,0,0,0,100,142301.79559326172,86004.345703125,0,404327403520,8589930496,5137645568,114688
9,1791560636616,2500,2499,799,800,800,799,800,800,2500,2500,2500,2499,2500,2500,800,800,5.263157844543457,0,0,0,0,0,0,9.523809432983398,0,0,0,0,0,0,0,100,142301.94189453125,86004.65704345703,0,404327403520,8589930496,5137645568,114688
9,1791560636627,2500,2499,799,800,800,799,800,800,2500,2500,2500,2499,2500,2500,800,800,5.263157844543457,0,0,0,0,0,0,9.523809432983398,0,0,0,0,0,0,0,100,142302.09240722656,86004.97869873047,0,404327403520,8589930496,5137645568,114688
9,1791560636637,2500,2499,799,800,800,799,800,800,2500,2500,2500,2499,2500,2500,800,800,5.263157844543457,0,0,0,0,0,0,9.523809432983398,0,0,0,0,0,0,0,100,142302.24438476563,86005.29541015625,0,404327403520,8589930496,5137645568,114688
9,1791560636647,2500,2499,799,800,800,799,800,800,2500,2500,2500,2499,2500,2500,800,800,5.263157844543457,0,0,0,0,0,0,9.523809432983398,0,0,0,0,0,0,0,100,142302.39141845703,86005.61010742188,0,404327403520,8589930496,5137645568,114688
9,1791560636657,2500,2499,799,800,800,799,800,800,2500,2500,2500,2499,2500,2500,800,800,5.263157844543457,0,0,0,0,0,0,5.263157844543457,0,0,0,0,0,0,0,100,142302.53942871094,86005.93035888672,0,404327403520,8589930496,5137645568,114688
9,1791560636667,2500,2499,799,800,800,799,800,800,2500,2500,2500,2499,2500,2500,800,800,5.263157844543457,0,0,0,0,0,0,5.263157844543457,0,0,0,0,0,0,0,100,142302.6895751953,86006.24853515625,0,404327403520,8589930496,5137645568,114688
9,1791560636677,2500,2499,799,800,800,799,800,800,2500,2500,2500,2499,2500,2500,800,800,5.263157844543457,0,0,0,0,0,0,5.263157844543457,0,0,0,0,0,0,0,100,142302.8355102539,86006.56829833984,0,404327403520,8589930496,5137645568,114688
9,1791560636687,2500,2499,799,800,800,799,800,800,2500,2500,2500,2499,2500,2500,800,800,5.263157844543457,0,0,0,0,0,0,5.263157844543457,0,0,0,0,0,0,0,100,142302.98107910156,86006.88995361328,0,404327403520,8589930496,5137645568,114688
9,1791560636697,2500,2499,799,800,800,799,800,800,2500,2500,2500,2499,2500,2500,800,800,5.263157844543457,0,0,0,0,0,0,5.263157844543457,0,0,0,0,0,0,0,100,142303.12664794922,86007.21130371094,0,404327403520,8589930496,5137645568,114688
9,1791560636707,2500,2499,799,800,800,799,800,800,2500,2500,2500,2499,2500,2500,800,800,5.263157844543457,0,0,0,0,0,0,5.263157844543457,0,0,0,0,0,0,0,100,142303.27368164063,86007.53112792969,0,404327403520,8589930496,5137645568,114688
9,1791560636717,2500,2499,799,800,800,799,800,800,2500,2500,2500,2499,2500,2500,800,800,5.263157844543457,0,0,0,0,0,0,5.263157844543457,0,0,0,0,0,0,0,100,142303.42053222656,86007.8461303711,0,404327403520,8589930496,5137645568,114688
9,1791560636727,2500,2499,799,800,800,799,800,800,2500,2500,2500,2499,2500,2500,800,800,5.263157844543457,0,0,0,0,0,0,5.263157844543457,0,0,0,0,0,0,0,100,142303.58770751953,86008.16326904297,0,404327403520,8589930496,5137645568,114688
9,1791560636737,2500,2499,799,800,800,799,800,800,2500,2500,2500,2499,2500,2500,800,800,5.263157844543457,0,0,0,0,0,0,5.263157844543457,0,0,0,0,0,0,0,100,142303.73071289063,86008.5062866211,0,404327403520,8589930496,5137645568,114688
9,1791560636747,2500,2499,799,800,800,799,800,800,2500,2500,2500,2499,2500,2500,800,800,5.263157844543457,0,0,0,0,0,0,5.263157844543457,0,0,0,0,0,0,0,100,142303.8779296875,86008.82794189453,0,404327403520,8589930496,5137645568,114688
9,1791560636758,2500,2499,799,800,800,799,800,800,2500,2500,2500,2499,2500,2500,800,800,5.263157844543457,0,0,0,0,0,0,5.263157844543457,0,0,0,0,0,0,0,100,142304.02734375,86009.1450805664,0,404327403520,8589930496,5137645568,114688
9,1791560636768,2500,2499,799,800,800,799,800,800,2500,2500,2500,2499,2500,2500,800,800,5.263157844543457,0,0,0,0,0,0,5.263157844543457,0,0,0,0,0,0,0,100,142304.17181396484,86009.46356201172,0,404327403520,8589930496,5137645568,114688
9,1791560636778,2500,2499,799,800,800,799,800,800,2500,2500,2500,2499,2500,2500,800,800,5.263157844543457,0,0,0,0,0,0,5.263157844543457,0,0,0,0,0,0,0,100,142304.3232421875,86009.78314208984,0,404327403520,8589930496,5137645568,114688
9,1791560636788,2500,2499,799,800,800,799,800,800,2500,2500,2500,2499,2500,2500,800,800,5.263157844543457,0,0,0,0,0,0,5.263157844543457,0,0,0,0,0,0,0,100,142304.4697265625,86010.10107421875,0,404327403520,8589930496,5137645568,114688
10,1791560636798,2500,2499,799,800,800,799,800,800,2500,2500,2500,2499,2500,2500,800,800,5.263157844543457,0,0,0,0,0,0,5.263157844543457,0,0,0,0,0,0,0,100,142304.61785888672,86010.4169921875,0,404327403520,8589930496,5137645568,114688
9,1791560636808,2500,2499,799,800,800,799,800,800,2500,2500,2500,2499,2500,2500,800,800,5.263157844543457,0,0,0,0,0,0,5.263157844543457,0,0,0,0,0,0,0,100,142304.76544189453,86010.7328491211,0,404327403520,8589930496,5137645568,114688
9,1791560636818,2500,2499,799,800,800,799,800,800,2500,2500,2500,2499,2500,2500,800,800,5.263157844543457,0,0,0,0,0,0,5.263157844543457,0,0,0,0,0,0,0,100,142304.91247558594,86011.05206298828,0,404327403520,8589930496,5137645568,114688
9,1791560636828,2500,2499,799,800,800,799,800,800,2500,2500,2500,2499,2500,2500,800,800,5.263157844543457,0,0,0,0,0,0,5.263157844543457,0,0,0,0,0,0,0,100,142305.06121826172,86011.37194824219,0,404327403520,8589930496,5137645568,114688
9,1791560636838,2500,2499,799,800,800,799,800,800,2500,2500,2500,2499,2500,2500,800,800,5.263157844543457,0,0,0,0,0,0,5.263157844543457,0,0,0,0,0,0,0,100,142305.20697021484,86011.69396972656,0,404327403520,8589930496,5137645568,114688
9,1791560636848,2500,2499,799,800,800,799,800,800,2500,2500,2500,2499,2500,2500,800,800,5.263157844543457,0,0,0,0,0,0,5.263157844543457,0,0,0,0,0,0,0,100,142305.35333251953,86012.01586914063,0,404327403520,8589930496,5137645568,114688
9,1791560636858,2500,2499,799,800,800,799,800,800,2500,2500,2500,2499,2500,2500,800,800,5.263157844543457,5,0,0,0,0,0,9.523809432983398,0,0,0,0,0,0,0,100,142305.49835205078,86012.33703613281,0,404327403520,8589930496,5137645568,114688
9,1791560636868,2500,2499,799,800,800,799,800,800,2500,2500,2500,2499,2500,2500,800,800,5.263157844543457,5,0,0,0,0,0,9.523809432983398,0,0,0,0,0,0,0,100,142305.6483154297,86012.65142822266,0,404327403520,8589930496,5137645568,114688
9,1791560636878,2500,2499,799,800,800,799,800,800,2500,2500,2500,2499,2500,2500,800,800,5.263157844543457,5,0,0,0,0,0,9.523809432983398,0,0,0,0,0,0,0,100,142305.80853271484,86012.99816894531,0,404327403520,8589930496,5137645568,114688
9,1791560636888,2500,2499,799,800,800,799,800,800,2500,2500,2500,2499,2500,2500,800,800,5.263157844543457,5,0,0,0,0,0,9.523809432983398,0,0,0,0,0,0,0,100,142305.93780517578,86013.28240966797,0,404327403520,8589930496,5137645568,114688
9,1791560636899,2500,2499,799,800,800,799,800,800,2500,2500,2500,2499,2500,2500,800,800,5.263157844543457,5,0,0,0,0,0,9.523809432983398,0,0,0,0,0,0,0,100,142306.0997314453,86013.63391113281,0,404327403520,8589930496,5137645568,114688
9,1791560636909,2500,2499,799,800,800,799,800,800,2500,2500,2500,2499,2500,2500,800,800,5.263157844543457,5,0,0,0,0,0,9.523809432983398,0,0,0,0,0,0,0,100,142306.24237060547,86013.9545288086,0,404327403520,8589930496,5137645568,114688
9,1791560636919,2500,2499,799,800,800,799,800,800,2500,2500,2500,2499,2500,2500,800,800,5.263157844543457,5,0,0,0,0,0,9.523809432983398,0,0,0,0,0,0,0,100,142306.3862915039,86014.27124023438,0,404327403520,8589930496,5137645568,114688
9,1791560636929,2500,2499,799,800,800,799,800,800,2500,2500,2500,2499,2500,2500,800,800,5.263157844543457,5,0,0,0,0,0,9.523809432983398,0,0,0,0,0,0,0,100,142306.5303955078,86014.57830810547,0,404327403520,8589930496,5137645568,114688
9,1791560636939,2500,2499,799,800,800,799,800,800,2500,2500,2500,2499,2500,2500,800,800,5.263157844543457,5,0,0,0,0,0,9.523809432983398,0,0,0,0,0,0,0,100,142306.67962646484,86014.89581298828,0,404327403520,8589930496,5137645568,114688
9,1791560636949,2500,2499,799,800,800,799,800,800,2500,2500,2500,2499,2500,2500,800,800,5.263157844543457,5,0,0,0,0,0,9.523809432983398,0,0,0,0,0,0,0,100,142306.82482910156,86015.21142578125,0,404327403520,8589930496,5137645568,114688
9,1791560636959,2500,2499,799,800,800,799,800,800,2500,2500,2500,2499,2500,2500,800,800,5.263157844543457,5,0,0,0,0,0,9.523809432983398,0,0,0,0,0,0,0,100,142306.97479248047,86015.52770996094,0,404327403520,8589930496,5137645568,114688
9,1791560636969,2500,2499,799,800,800,799,800,800,2500,2500,2500,2499,2500,2500,800,800,5.263157844543457,5,0,0,0,0,0,9.523809432983398,0,0,0,0,0,0,0,100,142307.12384033203,86015.8432006836,0,404327403520,8589930496,5137645568,114688
9,1791560636979,2500,2499,799,800,800,799,800,800,2500,2500,2500,2499,2500,2500,800,800,5.263157844543457,5,0,0,0,0,0,9.523809432983398,0,0,0,0,0,0,0,100,142307.2705078125,86016.16107177734,0,404327403520,8589930496,5137645568,114688
9,1791560636989,2500,2499,799,800,800,799,800,800,2500,2500,2500,2499,2500,2500,800,800,5.263157844543457,5,0,0,0,0,0,9.523809432983398,0,0,0,0,0,0,0,100,142307.41497802734,86016.4740600586,0,404327403520,8589930496,5137645568,114688
10,1791560636999,2500,2499,799,800,800,799,800,800,2500,2500,2500,2499,2500,2500,800,800,5.263157844543457,5,0,0,0,0,0,9.523809432983398,0,0,0,0,0,0,0,100,142307.56640625,86016.78790283203,0,404327403520,8589930496,5137645568,114688
10,1791560637009,2500,2499,799,800,800,799,800,800,2500,2500,2500,2499,2500,2500,800,800,5.263157844543457,5,0,0,0,0,0,9.523809432983398,0,0,0,0,0,0,0,100,142307.71264648438,86017.1029663086,0,404327403520,8589930496,5137645568,114688
9,1791560637019,2500,2499,799,800,800,799,800,800,2500,2500,2500,2499,2500,2500,800,800,5.263157844543457,5,0,0,0,0,0,9.523809432983398,0,0,0,0,0,0,0,100,142307.8583984375,86017.42016601563,0,404327403520,8589930496,5137645568,114688
10,1791560637029,2500,2499,799,800,800,799,800,800,2500,2500,2500,2499,2500,2500,800,800,5.263157844543457,5,0,0,0,0,0,9.523809432983398,0,0,0,0,0,0,0,100,142308.0057373047,86017.73193359375,0,404327403520,8589930496,5137645568,114688
9,1791560637040,2500,2499,799,800,800,799,800,800,2500,2500,2500,2499,2500,2500,800,800,5.263157844543457,5,0,0,0,0,0,9.523809432983398,0,0,0,0,0,0,0,100,142308.15826416016,86018.04388427734,0,404327403520,8589930496,5137645568,114688
10,1791560637049,2500,2499,799,800,800,799,800,800,2500,2500,2500,2499,2500,2500,800,800,5.263157844543457,5,0,0,0,0,0,9.523809432983398,0,0,0,0,0,0,0,100,142308.30694580078,86018.35650634766,0,404327403520,8589930496,5137645568,114688
9,1791560637060,2500,2499,799,800,800,799,800,800,2500,2500,2500,2499,2500,2500,800,800,5.263157844543457,0,0,0,0,0,0,9.523809432983398,0,0,0,0,0,0,0,100,142308.47247314453,86018.69921875,0,404327403520,8589930496,5137645568,114688
10,1791560637070,2500,2499,799,800,800,799,800,800,2500,2500,2500,2499,2500,2500,800,800,5.263157844543457,0,0,0,0,0,0,9.523809432983398,0,0,0,0,0,0,0,100,142308.6079711914,86018.98345947266,0,404327403520,8589930496,5137645568,114688
9,1791560637080,2500,2499,799,800,800,799,800,800,2500,2500,2500,2499,2500,2500,800,800,5.263157844543457,0,0,0,0,0,0,9.523809432983398,0,0,0,0,0,0,0,100,142308.7696533203,86019.32537841797,0,404327403520,8589930496,5137645568,114688
9,1791560637090,2500,2499,799,800,800,799,800,800,2500,2500,2500,2499,2500,2500,800,800,5.263157844543457,0,0,0,0,0,0,9.523809432983398,0,0,0,0,0,0,0,100,142308.91998291016,86019.63757324219,0,404327403520,8589930496,5137645568,114688
9,1791560637100,2500,2499,799,800,800,799,800,800,2500,2500,2500,2499,2500,2500,800,800,5.263157844543457,0,0,0,0,0,0,9.523809432983398,0,0,0,0,0,0,0,100,142309.06787109375,86019.95477294922,0,404327403520,8589930496,5136601088,114688
9,1791560637110,2500,2499,799,800,800,799,800,800,2500,2500,2500,2499,2500,2500,800,800,5.263157844543457,0,0,0,0,0,0,9.523809432983398,0,0,0,0,0,0,0,100,142309.2176513672,86020.27124023438,0,404327403520,8589930496,5136601088,114688
9,1791560637120,2500,2499,799,800,800,799,800,800,2500,2500,2500,2499,2500,2500,800,800,5.263157844543457,0,0,0,0,0,0,9.523809432983398,0,0,0,0,0,0,0,100,142309.36560058594,86020.58380126953,0,404327403520,8589930496,5136601088,114688
9,1791560637130,2500,2499,799,800,800,799,800,800,2500,2500,2500,2499,2500,2500,800,800,5.263157844543457,0,0,0,0,0,0,9.523809432983398,0,0,0,0,0,0,0,100,142309.51025390625,86020.8999633789,0,404327403520,8589930496,5136601088,114688
10,1791560637140,2500,2499,799,800,800,799,800,800,2500,2500,2500,2499,2500,2500,800,800,5.263157844543457,0,0,0,0,0,0,9.523809432983398,0,0,0,0,0,0,0,100,142309.6563720703,86021.22058105469,0,404327403520,8589930496,5136601088,114688
9,1791560637150,2500,2499,799,800,800,799,800,800,2500,2500,2500,2499,2500,2500,800,800,5.263157844543457,0,0,0,0,0,0,9.523809432983398,0,0,0,0,0,0,0,100,142309.80267333984,86021.5287475586,0,404327403520,8589930496,5136601088,114688
10,1791560637160,2500,2499,799,800,800,799,800,800,2500,2500,2500,2499,2500,2500,800,800,5.263157844543457,0,0,0,0,0,0,9.523809432983398,0,0,0,0,0,0,0,100,142309.94311523438,86021.8491821289,0,404327403520,8589930496,5135822848,114688
9,1791560637170,2500,2499,799,800,800,799,800,800,2500,2500,2500,2499,2500,2500,800,800,5.263157844543457,0,0,0,0,0,0,9.523809432983398,0,0,0,0,0,0,0,100,142310.08978271484,86022.16375732422,0,404327403520,8589930496,5135822848,114688
9,1791560637181,2500,2499,799,800,800,799,800,800,2500,2500,2500,2499,2500,2500,800,800,5.263157844543457,0,0,0,0,0,0,9.523809432983398,0,0,0,0,0,0,0,100,142310.23699951172,86022.47381591797,0,404327403520,8589930496,5135822848,114688
10,1791560637191,2500,2499,799,800,800,799,800,800,2500,2500,2500,2499,2500,2500,800,800,5.263157844543457,0,0,0,0,0,0,9.523809432983398,0,0,0,0,0,0,0,100,142310.3858642578,86022.79132080078,0,404327403520,8589930496,5135822848,114688
9,1791560637201,2500,2499,799,800,800,799,800,800,2500,2500,2500,2499,2500,2500,800,800,5.263157844543457,0,0,0,0,0,0,9.523809432983398,0,0,0,0,0,0,0,100,142310.5330810547,86023.1078491211,0,404327403520,8589930496,5135822848,114688
9,1791560637211,2500,2499,799,800,800,799,800,800,2500,2500,2500,2499,2500,2500,800,800,5.263157844543457,0,0,0,0,0,0,9.523809432983398,0,0,0,0,0,0,0,100,142310.67919921875,86023.42248535156,0,404327403520,8589930496,5135822848,114688
10,1791560637221,2500,2499,799,800,800,799,800,800,2500,2500,2500,2499,2500,2500,800,800,5.263157844543457,0,0,0,0,0,0,9.523809432983398,0,0,0,0,0,0,0,100,142310.8223876953,86023.7338256836,0,404327403520,8589930496,5135822848,114688
9,1791560637231,2500,2499,799,800,800,799,800,800,2500,2500,2500,2499,2500,2500,800,800,5.263157844543457,0,0,0,0,0,0,9.523809432983398,0,0,0,0,0,0,0,100,142310.98809814453,86024.0853881836,0,404327403520,8589930496,5135822848,114688
9,1791560637241,2500,2499,799,800,800,799,800,800,2500,2500,2500,2499,2500,2500,800,800,5.263157844543457,0,0,0,0,0,0,9.523809432983398,0,0,0,0,0,0,0,100,142311.12048339844,86024.3671875,0,404327403520,8589930496,5135822848,114688
10,1791560637251,2500,2499,799,800,800,799,800,800,2500,2500,2500,2499,2500,2500,800,800,5.263157844543457,0,0,0,0,0,0,9.523809432983398,0,0,0,0,0,0,0,100,142311.28033447266,86024.71203613281,0,404327403520,8589930496,5135822848,114688
9,1791560637261,2500,2499,799,800,800,799,800,800,2500,2500,2500,2499,2500,2500,800,800,0,0,4.761904716491699,0,0,0,0,10,0,0,0,0,0,0,0,100,142311.42974853516,86025.03411865234,0,404327403520,8589930496,5135822848,114688
9,1791560637271,2500,2499,799,800,800,799,800,800,2500,2500,2500,2499,2500,2500,800,800,0,0,4.761904716491699,0,0,0,0,10,0,0,0,0,0,0,0,100,142311.57861328125,86025.34912109375,0,404327403520,8589930496,5135822848,114688
9,1791560637281,2500,2499,799,800,800,799,800,800,2500,2500,2500,2499,2500,2500,800,800,0,0,4.761904716491699,0,0,0,0,10,0,0,0,0,0,0,0,100,142311.72674560547,86025.66247558594,0,404327403520,8589930496,5135822848,114688
9,1791560637291,2500,2499,799,800,800,799,800,800,2500,2500,2500,2499,2500,2500,800,800,0,0,4.761904716491699,0,0,0,0,10,0,0,0,0,0,0,0,100,142311.8748779297,86025.978515625,0,404327403520,8589930496,5135822848,114688
9,1791560637301,2500,2499,799,800,800,799,800,800,2500,2500,2500,2499,2500,2500,800,800,0,0,4.761904716491699,0,0,0,0,10,0,0,0,0,0,0,0,100,142312.02502441406,86026.29461669922,0,404327403520,8589930496,5135822848,114688
9,1791560637311,2500,2499,799,800,800,799,800,800,2500,2500,2500,2499,2500,2500,800,800,0,0,4.761904716491699,0,0,0,0,10,0,0,0,0,0,0,0,100,142312.16821289063,86026.6099243164,0,404327403520,8589930496,5135822848,114688
9,1791560637322,2500,2499,799,800,800,799,800,800,2500,2500,2500,2499,2500,2500,800,800,0,0,4.761904716491699,0,0,0,0,10,0,0,0,0,0,0,0,100,142312.31414794922,86026.9273071289,0,404327403520,8589930496,5135822848,114688
9,1791560637332,2500,2499,799,800,800,799,800,800,2500,2500,2500,2499,2500,2500,800,800,0,0,4.761904716491699,0,0,0,0,10,0,0,0,0,0,0,0,100,142312.4595336914,86027.2445678711,0,404327403520,8589930496,5135822848,114688
9,1791560637342,2500,2499,799,800,800,799,800,800,2500,2500,2500,2499,2500,2500,800,800,0,0,4.761904716491699,0,0,0,0,10,0,0,0,0,0,0,0,100,142312.60327148438,86027.55889892578,0,404327403520,8589930496,5135822848,114688
9,1791560637352,2500,2499,799,800,800,799,800,800,2500,2500,2500,2499,2500,2500,800,800,0,0,4.761904716491699,0,0,0,0,10,0,0,0,0,0,0,0,100,142312.75201416016,86027.86950683594,0,404327403520,8589930496,5135822848,114688
10,1791560637362,2500,2499,799,800,800,799,800,800,2500,2500,2500,2499,2500,2500,800,800,0,0,4.761904716491699,0,0,0,0,10,0,0,0,0,0,0,0,100,142312.89776611328,86028.1845703125,0,404327403520,8589930496,5135822848,114688
9,1791560637372,2500,2499,799,800,800,799,800,800,2500,2500,2500,2499,2500,2500,800,800,0,0,4.761904716491699,0,0,0,0,10,0,0,0,0,0,0,0,100,142313.05084228516,86028.49505615234,0,404327403520,8589930496,5135822848,114688
9,1791560637382,2500,2499,799,800,800,799,800,800,2500,2500,2500,2499,2500,2500,800,800,0,0,4.761904716491699,0,0,0,0,10,0,0,0,0,0,0,0,100,142313.19915771484,86028.80694580078,0,404327403520,8589930496,5135822848,114688
9,1791560637392,2500,2499,799,800,800,799,800,800,2500,2500,2500,2499,2500,2500,800,800,0,0,4.761904716491699,0,0,0,0,10,0,0,0,0,0,0,0,100,142313.36303710938,86029.15728759766,0,404327403520,8589930496,5135822848,114688
9,1791560637402,2500,2499,799,800,800,799,800,800,2500,2500,2500,2499,2500,2500,800,800,0,0,4.761904716491699,0,0,0,0,10,0,0,0,0,0,0,0,100,142313.5096435547,86029.474609375,0,404327403520,8589930496,5135822848,114688
9,1791560637412,2500,2499,799,800,800,799,800,800,2500,2500,2500,2499,2500,2500,800,800,0,0,4.761904716491699,0,0,0,0,10,0,0,0,0,0,0,0,100,142313.65887451172,86029.78588867188,0,404327403520,8589930496,5135822848,114688
9,1791560637422,2500,2499,799,800,800,799,800,800,2500,2500,2500,2499,2500,2500,800,800,0,0,4.761904716491699,0,0,0,0,10,0,0,0,0,0,0,0,100,142313.81231689453,86030.10400390625,0,404327403520,8589930496,5135822848,114688
9,1791560637432,2500,2499,799,800,800,799,800,800,2500,2500,2500,2499,2500,2500,800,800,0,0,4.761904716491699,0,0,0,0,10,0,0,0,0,0,0,0,100,142313.95697021484,86030.41534423828,0,404327403520,8589930496,5135822848,114688
9,1791560637442,2500,2499,799,800,800,799,800,800,2500,2500,2500,2499,2500,2500,800,800,0,0,4.761904716491699,0,0,0,0,10,0,0,0,0,0,0,0,100,142314.10473632813,86030.73162841797,0,404327403520,8589930496,5135822848,114688
9,1791560637453,2500,2499,799,800,800,799,800,800,2500,2500,2500,2499,2500,2500,800,800,0,0,4.761904716491699,0,0,0,0,10,0,0,0,0,0,0,0,100,142314.2479248047,86031.05212402344,0,404327403520,8589930496,5135822848,114688
9,1791560637463,2500,2499,799,800,800,799,800,800,2500,2500,2500,2499,2500,2500,800,800,0,0,0,0,0,0,0,0,0,0,0,0,0,0,0,100,142314.39111328125,86031.37188720703,0,404327403520,8589930496,5135822848,114688
9,1791560637473,2500,2499,799,800,800,799,800,800,2500,2500,2500,2499,2500,2500,800,800,0,0,0,0,0,0,0,0,0,0,0,0,0,0,0,100,142314.54583740234,86031.69256591797,0,404327403520,8589930496,5135822848,114688
10,1791560637483,2500,2499,799,800,800,799,800,800,2500,2500,2500,2499,2500,2500,800,800,0,0,0,0,0,0,0,0,0,0,0,0,0,0,0,100,142314.69287109375,86032.01184082031,0,404327403520,8589930496,5135822848,114688
9,1791560637493,2500,2499,799,800,800,799,800,800,2500,2500,2500,2499,2500,2500,800,800,0,0,0,0,0,0,0,0,0,0,0,0,0,0,0,100,142314.8397216797,86032.32360839844,0,404327403520,8589930496,5135822848,114688
9,1791560637503,2500,2499,799,800,800,799,800,800,2500,2500,2500,2499,2500,2500,800,800,0,0,0,0,0,0,0,0,0,0,0,0,0,0,0,100,142314.98986816406,86032.63952636719,0,404327403520,8589930496,5135822848,114688
9,1791560637513,2500,2499,799,800,800,799,800,800,2500,2500,2500,2499,2500,2500,800,800,0,0,0,0,0,0,0,0,0,0,0,0,0,0,0,100,142315.14129638672,86032.95904541016,0,404327403520,8589930496,5135822848,114688
9,1791560637523,2500,2499,799,800,800,799,800,800,2500,2500,2500,2499,2500,2500,800,800,0,0,0,0,0,0,0,0,0,0,0,0,0,0,0,100,142315.2930908203,86033.2788696289,0,404327403520,8589930496,5135822848,114688
10,1791560637533,2500,2499,799,800,800,799,800,800,2500,2500,2500,2499,2500,2500,800,800,0,0,0,0,0,0,0,0,0,0,0,0,0,0,0,100,142315.4390258789,86033.59582519531,0,404327403520,8589930496,5135822848,114688
9,1791560637543,2500,2499,799,800,800,799,800,800,2500,2500,2500,2499,2500,2500,800,800,0,0,0,0,0,0,0,0,0,0,0,0,0,0,0,100,142315.59942626953,86033.94665527344,0,404327403520,8589930496,5135822848,114688
10,1791560637553,2500,2499,799,800,800,799,800,800,2500,2500,2500,2499,2500,2500,800,800,0,0,0,0,0,0,0,0,0,0,0,0,0,0,0,100,142315.72973632813,86034.23077392578,0,404327403520,8589930496,5135822848,114688
9,1791560637563,2500,2499,799,800,800,799,800,800,2500,2500,2500,2499,2500,2500,800,800,0,0,0,0,0,0,0,0,0,0,0,0,0,0,0,100,142315.8974609375,86034.5796508789,0,404327403520,8589930496,5135822848,114688
9,1791560637573,2500,2499,799,800,800,799,800,800,2500,2500,2500,2499,2500,2500,800,800,0,0,0,0,0,0,0,0,0,0,0,0,0,0,0,100,142316.04595947266,86034.90008544922,0,404327403520,8589930496,5135822848,114688
10,1791560637583,2500,2499,799,800,800,799,800,800,2500,2500,2500,2499,2500,2500,800,800,0,0,0,0,0,0,0,0,0,0,0,0,0,0,0,100,142316.193359375,86035.22271728516,0,404327403520,8589930496,5135822848,114688
9,1791560637593,2500,2499,799,800,800,799,800,800,2500,2500,2500,2499,2500,2500,800,800,0,0,0,0,0,0,0,0,0,0,0,0,0,0,0,100,142316.34405517578,86035.53912353516,0,404327403520,8589930496,5135822848,114688
9,1791560637604,2500,2499,799,800,800,799,800,800,2500,2500,2500,2499,2500,2500,800,800,0,0,0,0,0,0,0,0,0,0,0,0,0,0,0,100,142316.49029541016,86035.85906982422,0,404327403520,8589930496,5135822848,114688
10,1791560637614,2500,2499,799,800,800,799,800,800,2500,2500,2500,2499,2500,2500,800,800,0,0,0,0,0,0,0,0,0,0,0,0,0,0,0,100,142316.63793945313,86036.17010498047,0,404327403520,8589930496,5135822848,114688
9,1791560637624,2500,2499,799,800,800,799,800,800,2500,2500,2500,2499,2500,2500,800,800,0,0,0,0,0,0,0,0,0,0,0,0,0,0,0,100,142316.77801513672,86036.4833984375,0,404327403520,8589930496,5135822848,114688
9,1791560637634,2500,2499,799,800,800,799,800,800,2500,2500,2500,2499,2500,2500,800,800,0,0,0,0,0,0,0,0,0,0,0,0,0,0,0,100,142316.92138671875,86036.80322265625,0,404327403520,8589930496,5135822848,114688
9,1791560637644,2500,2499,799,800,800,799,800,800,2500,2500,2500,2499,2500,2500,800,800,0,0,0,0,0,0,0,0,0,0,0,0,0,0,0,100,142317.06860351563,86037.1196899414,0,404327403520,8589930496,5135822848,114688
9,1791560637654,2500,2499,799,800,800,799,800,800,2500,2500,2500,2499,2500,2500,800,800,0,0,0,0,0,0,0,0,0,0,0,0,0,0,0,100,142317.2182006836,86037.4345703125,0,404327403520,8589930496,5135822848,114688
9,1791560637664,2500,2499,799,800,800,799,800,800,2500,2500,2500,2499,2500,2500,800,800,10,0,0,75,0,0,0,10,0,0,0,0,0,0,0,25,142317.36779785156,86037.75415039063,0,404327403520,8589930496,5135822848,114688
10,1791560637674,2500,2499,799,800,800,799,800,800,2500,2500,2500,2499,2500,2500,800,800,10,0,0,75,0,0,0,10,0,0,0,0,0,0,0,25,142317.5194091797,86038.06860351563,0,404327403520,8589930496,5135822848,114688
9,1791560637684,2500,2499,799,800,800,799,800,800,2500,2500,2500,2499,2500,2500,800,800,10,0,0,75,0,0,0,10,0,0,0,0,0,0,0,25,142317.66973876953,86038.38586425781,0,404327403520,8589930496,5135822848,114688
10,1791560637694,2500,2499,799,800,800,799,800,800,2500,2500,2500,2499,2500,2500,800,800,10,0,0,75,0,0,0,10,0,0,0,0,0,0,0,25,142317.8204345703,86038.70922851563,0,404327403520,8589930496,5135822848,114688
9,1791560637704,2500,2499,799,800,800,799,800,800,2500,2500,2500,2499,2500,2500,800,800,10,0,0,75,0,0,0,10,0,0,0,0,0,0,0,25,142317.97296142578,86039.02819824219,0,404327403520,8589930496,5135822848,114688
10,1791560637714,2500,2499,799,800,800,799,800,800,2500,2500,2500,2499,2500,2500,800,800,10,0,0,75,0,0,0,10,0,0,0,0,0,0,0,25,142318.1205444336,86039.34753417969,0,404327403520,8589930496,5135822848,114688
9,1791560637724,2500,2499,799,800,800,799,800,800,2500,2500,2500,2499,2500,2500,800,800,10,0,0,75,0,0,0,10,0,0,0,0,0,0,0,25,142318.28912353516,86039.69232177734,0,404327403520,8589930496,5135822848,114688
10,1791560637734,2500,2499,799,800,800,799,800,800,2500,2500,2500,2499,2500,2500,800,800,10,0,0,75,0,0,0,10,0,0,0,0,0,0,0,25,142318.43872070313,86040.00787353516,0,404327403520,8589930496,5135822848,114688
9,1791560637745,2500,2499,799,800,800,799,800,800,2500,2500,2500,2499,2500,2500,800,800,10,0,0,75,0,0,0,10,0,0,0,0,0,0,0,25,142318.59014892578,86040.3203125,0,404327403520,8589930496,5135822848,114688
9,1791560637755,2500,2499,799,800,800,799,800,800,2500,2500,2500,2499,2500,2500,800,800,10,0,0,75,0,0,0,10,0,0,0,0,0,0,0,25,142318.74102783203,86040.63549804688,0,404327403520,8589930496,5135822848,114688
9,1791560637765,2500,2499,799,800,800,799,800,800,2500,2500,2500,2499,2500,2500,800,800,10,0,0,75,0,0,0,10,0,0,0,0,0,0,0,25,142318.8895263672,86040.94970703125,0,404327403520,8589930496,5135822848,114688
9,1791560637775,2500,2499,799,800,800,799,800,800,2500,2500,2500,2499,2500,2500,800,800,10,0,0,75,0,0,0,10,0,0,0,0,0,0,0,25,142319.04370117188,86041.26147460938,0,404327403520,8589930496,5135822848,114688
9,1791560637785,2500,2499,799,800,800,799,800,800,2500,2500,2500,2499,2500,2500,800,800,10,0,0,75,0,0,0,10,0,0,0,0,0,0,0,25,142319.19165039063,86041.57623291016,0,404327403520,8589930496,5135822848,114688
9,1791560637795,2500,2499,799,800,800,799,800,800,2500,2500,2500,2499,2500,2500,800,800,10,0,0,75,0,0,0,10,0,0,0,0,0,0,0,25,142319.33795166016,86041.892578125,0,404327403520,8589930496,5135822848,114688
9,1791560637805,2500,2499,799,800,800,799,800,800,2500,2500,2500,2499,2500,2500,800,800,10,0,0,75,0,0,0,10,0,0,0,0,0,0,0,25,142319.49029541016,86042.20397949219,0,404327403520,8589930496,5135822848,114688
10,1791560637815,2500,2499,799,800,800,799,800,800,2500,2500,2500,2499,2500,2500,800,800,10,0,0,75,0,0,0,10,0,0,0,0,0,0,0,25,142319.63989257813,86042.52136230469,0,404327403520,8589930496,5135822848,114688
9,1791560637825,2500,2499,799,800,800,799,800,800,2500,2500,2500,2499,2500,2500,800,800,10,0,0,75,0,0,0,10,0,0,0,0,0,0,0,25,142319.79370117188,86042.83825683594,0,404327403520,8589930496,5135822848,114688
9,1791560637835,2500,2499,799,800,800,799,800,800,2500,2500,2500,2499,2500,2500,800,800,10,0,0,75,0,0,0,10,0,0,0,0,0,0,0,25,142319.9434814453,86043.15240478516,0,404327403520,8589930496,5135822848,114688
9,1791560637845,2500,2499,799,800,800,799,800,800,2500,2500,2500,2499,2500,2500,800,800,10,0,0,75,0,0,0,10,0,0,0,0,0,0,0,25,142320.09545898438,86043.4633178711,0,404327403520,8589930496,5135822848,114688
9,1791560637855,2500,2499,799,800,800,799,800,800,2500,2500,2500,2499,2500,2500,800,800,10,0,0,75,0,0,0,10,0,0,0,0,0,0,0,25,142320.24047851563,86043.77551269531,0,404327403520,8589930496,5135822848,114688
9,1791560637865,2500,2499,799,800,800,799,800,800,2500,2500,2500,2499,2500,2500,800,800,5.263157844543457,0,0,100,0,0,0,0,0,0,0,0,0,0,0,0,142320.40692138672,86044.1171875,0,404327403520,8589930496,5135822848,114688
9,1791560637876,2500,2499,799,800,800,799,800,800,2500,2500,2500,2499,2500,2500,800,800,5.263157844543457,0,0,100,0,0,0,0,0,0,0,0,0,0,0,0,142320.55377197266,86044.42651367188,0,404327403520,8589930496,5135822848,114688
9,1791560637886,2500,2499,799,800,800,799,800,800,2500,2500,2500,2499,2500,2500,800,800,5.263157844543457,0,0,100,0,0,0,0,0,0,0,0,0,0,0,0,142320.6971435547,86044.74096679688,0,404327403520,8589930496,5135822848,114688
10,1791560637896,2500,2499,799,800,800,799,800,800,2500,2500,2500,2499,2500,2500,800,800,5.263157844543457,0,0,100,0,0,0,0,0,0,0,0,0,0,0,0,142320.84411621094,86045.05242919922,0,404327403520,8589930496,5135822848,114688
9,1791560637906,2500,2499,799,800,800,799,800,800,2500,2500,2500,2499,2500,2500,800,800,5.263157844543457,0,0,100,0,0,0,0,0,0,0,0,0,0,0,0,142320.990234375,86045.36700439453,0,404327403520,8589930496,5135822848,114688
10,1791560637916,2500,2499,799,800,800,799,800,800,2500,2500,2500,2499,2500,2500,800,800,5.263157844543457,0,0,100,0,0,0,0,0,0,0,0,0,0,0,0,142321.1348876953,86045.6802368164,0,404327403520,8589930496,5135822848,114688
9,1791560637926,2500,2499,799,800,800,799,800,800,2500,2500,2500,2499,2500,2500,800,800,5.263157844543457,0,0,100,0,0,0,0,0,0,0,0,0,0,0,0,142321.2855834961,86045.99395751953,0,404327403520,8589930496,5135822848,114688
9,1791560637936,2500,2499,799,800,800,799,800,800,2500,2500,2500,2499,2500,2500,800,800,5.263157844543457,0,0,100,0,0,0,0,0,0,0,0,0,0,0,0,142321.43518066406,86046.3070678711,0,404327403520,8589930496,5135822848,114688
9,1791560637946,2500,2499,799,800,800,799,800,800,2500,2500,2500,2499,2500,2500,800,800,5.263157844543457,0,0,100,0,0,0,0,0,0,0,0,0,0,0,0,142321.5802001953,86046.61791992188,0,404327403520,8589930496,5135822848,114688
9,1791560637956,2500,2499,799,800,800,799,800,800,2500,2500,2500,2499,2500,2500,800,800,5.263157844543457,0,0,100,0,0,0,0,0,0,0,0,0,0,0,0,142321.72924804688,86046.9320678711,0,404327403520,8589930496,5135822848,114688
9,1791560637966,2500,2499,799,800,800,799,800,800,2500,2500,2500,2499,2500,2500,800,800,5.263157844543457,0,0,100,0,0,0,0,0,0,0,0,0,0,0,0,142321.88250732422,86047.25476074219,0,404327403520,8589930496,5135822848,114688
9,1791560637976,2500,2499,799,800,800,799,800,800,2500,2500,2500,2499,2500,2500,800,800,5.263157844543457,0,0,100,0,0,0,0,0,0,0,0,0,0,0,0,142322.02935791016,86047.57257080078,0,404327403520,8589930496,5135822848,114688
9,1791560637986,2500,2499,799,800,800,799,800,800,2500,2500,2500,2499,2500,2500,800,800,5.263157844543457,0,0,100,0,0,0,0,0,0,0,0,0,0,0,0,142322.18005371094,86047.88897705078,0,404327403520,8589930496,5135822848,114688
9,1791560637996,2500,2499,799,800,800,799,800,800,2500,2500,2500,2499,2500,2500,800,800,5.263157844543457,0,0,100,0,0,0,0,0,0,0,0,0,0,0,0,142322.32873535156,86048.20477294922,0,404327403520,8589930496,5135822848,114688
9,1791560638007,2500,2499,799,800,800,799,800,800,2500,2500,2500,2499,2500,2500,800,800,5.263157844543457,0,0,100,0,0,0,0,0,0,0,0,0,0,0,0,142322.48895263672,86048.55364990234,0,404327403520,8589930496,5135822848,114688
9,1791560638017,2500,2499,799,800,800,799,800,800,2500,2500,2500,2499,2500,2500,800,800,5.263157844543457,0,0,100,0,0,0,0,0,0,0,0,0,0,0,0,142322.6343383789,86048.87384033203,0,404327403520,8589930496,5135822848,114688
9,1791560638027,2500,2499,799,800,800,799,800,800,2500,2500,2500,2499,2500,2500,800,800,5.263157844543457,0,0,100,0,0,0,0,0,0,0,0,0,0,0,0,142322.78302001953,86049.19140625,0,404327403520,8589930496,5135822848,114688
9,1791560638037,2500,2499,799,800,800,799,800,800,2500,2500,2500,2499,2500,2500,800,800,5.263157844543457,0,0,100,0,0,0,0,0,0,0,0,0,0,0,0,142322.9360961914,86049.50469970703,0,404327403520,8589930496,5135822848,114688
9,1791560638047,2500,2499,799,800,800,799,800,800,2500,2500,2500,2499,2500,2500,800,800,5.263157844543457,0,0,100,0,0,0,0,0,0,0,0,0,0,0,0,142323.07885742188,86049.8265991211,0,404327403520,8589930496,5135822848,114688
9,1791560638057,2500,2499,799,800,800,799,800,800,2500,2500,2500,2499,2500,2500,800,800,5.263157844543457,0,0,100,0,0,0,0,0,0,0,0,0,0,0,0,142323.22369384766,86050.14227294922,0,404327403520,8589930496,5135822848,114688
9,1791560638067,2500,2499,799,800,800,799,800,800,2500,2500,2500,2499,2500,2500,800,800,9.523809432983398,0,0,100,0,0,0,5,0,0,0,0,0,0,0,0,142323.3706665039,86050.46240234375,0,404327403520,8589930496,5135822848,114688
9,1791560638077,2500,2499,799,800,800,799,800,800,2500,2500,2500,2499,2500,2500,800,800,9.523809432983398,0,0,100,0,0,0,5,0,0,0,0,0,0,0,0,142323.51751708984,86050.77893066406,0,404327403520,8589930496,5135822848,114688
9,1791560638087,2500,2499,799,800,800,799,800,800,2500,2500,2500,2499,2500,2500,800,800,9.523809432983398,0,0,100,0,0,0,5,0,0,0,0,0,0,0,0,142323.6619873047,86051.0962524414,0,404327403520,8589930496,5135822848,114688
10,1791560638097,2500,2499,799,800,800,799,800,800,2500,2500,2500,2499,2500,2500,800,800,9.523809432983398,0,0,100,0,0,0,5,0,0,0,0,0,0,0,0,142323.8090209961,86051.41149902344,0,404327403520,8589930496,5135822848,114688
9,1791560638107,2500,2499,799,800,800,799,800,800,2500,2500,2500,2499,2500,2500,800,800,9.523809432983398,0,0,100,0,0,0,5,0,0,0,0,0,0,0,0,142323.95568847656,86051.73016357422,0,404327403520,8589930496,5135822848,114688
10,1791560638117,2500,2499,799,800,800,799,800,800,2500,2500,2500,2499,2500,2500,800,800,9.523809432983398,0,0,100,0,0,0,5,0,0,0,0,0,0,0,0,142324.1014404297,86052.0453491211,0,404327403520,8589930496,5135822848,114688
9,1791560638127,2500,2499,799,800,800,799,800,800,2500,2500,2500,2499,2500,2500,800,800,9.523809432983398,0,0,100,0,0,0,5,0,0,0,0,0,0,0,0,142324.25122070313,86052.36114501953,0,404327403520,8589930496,5135564800,114688
9,1791560638137,2500,2499,799,800,800,799,800,800,2500,2500,2500,2499,2500,2500,800,800,9.523809432983398,0,0,100,0,0,0,5,0,0,0,0,0,0,0,0,142324.40496826172,86052.67681884766,0,404327403520,8589930496,5135564800,114688
9,1791560638148,2500,2499,799,800,800,799,800,800,2500,2500,2500,2499,2500,2500,800,800,9.523809432983398,0,0,100,0,0,0,5,0,0,0,0,0,0,0,0,142324.55584716797,86052.99194335938,0,404327403520,8589930496,5135564800,114688
9,1791560638158,2500,2499,799,800,800,799,800,800,2500,2500,2500,2499,2500,2500,800,800,9.523809432983398,0,0,100,0,0,0,5,0,0,0,0,0,0,0,0,142324.70764160156,86053.30938720703,0,404327403520,8589930496,5135564800,114688
9,1791560638168,2500,2499,799,800,800,799,800,800,2500,2500,2500,2499,2500,2500,800,800,9.523809432983398,0,0,100,0,0,0,5,0,0,0,0,0,0,0,0,142324.85583496094,86053.62414550781,0,404327403520,8589930496,5135564800,114688
10,1791560638178,2500,2499,799,800,800,799,800,800,2500,2500,2500,2499,2500,2500,800,800,9.523809432983398,0,0,100,0,0,0,5,0,0,0,0,0,0,0,0,142325.00323486328,86053.94018554688,0,404327403520,8589930496,5135564800,114688
9,1791560638188,2500,2499,799,800,800,799,800,800,2500,2500,2500,2499,2500,2500,800,800,9.523809432983398,0,0,100,0,0,0,5,0,0,0,0,0,0,0,0,142325.1499633789,86054.25311279297,0,404327403520,8589930496,5135564800,114688
9,1791560638198,2500,2499,799,800,800,799,800,800,2500,2500,2500,2499,2500,2500,800,800,9.523809432983398,0,0,100,0,0,0,5,0,0,0,0,0,0,0,0,142325.3145751953,86054.60595703125,0,404327403520,8589930496,5135564800,114688
9,1791560638208,2500,2499,799,800,800,799,800,800,2500,2500,2500,2499,2500,2500,800,800,9.523809432983398,0,0,100,0,0,0,5,0,0,0,0,0,0,0,0,142325.46490478516,86054.92071533203,0,404327403520,8589930496,5135564800,114688
9,1791560638218,2500,2499,799,800,800,799,800,800,2500,2500,2500,2499,2500,2500,800,800,9.523809432983398,0,0,100,0,0,0,5,0,0,0,0,0,0,0,0,142325.61596679688,86055.24615478516,0,404327403520,8589930496,5135564800,114688
9,1791560638228,2500,2499,799,800,800,799,800,800,2500,2500,2500,2499,2500,2500,800,800,9.523809432983398,0,0,100,0,0,0,5,0,0,0,0,0,0,0,0,142325.76318359375,86055.56121826172,0,404327403520,8589930496,5135564800,114688
9,1791560638238,2500,2499,799,800,800,799,800,800,2500,2500,2500,2499,2500,2500,800,800,9.523809432983398,0,0,100,0,0,0,5,0,0,0,0,0,0,0,0,142325.91284179688,86055.87799072266,0,404327403520,8589930496,5135564800,114688
9,1791560638248,2500,2499,799,800,800,799,800,800,2500,2500,2500,2499,2500,2500,800,800,9.523809432983398,0,0,100,0,0,0,5,0,0,0,0,0,0,0,0,142326.0576171875,86056.1909790039,0,404327403520,8589930496,5135564800,114688
9,1791560638258,2500,2499,799,800,800,799,800,800,2500,2500,2500,2499,2500,2500,800,800,9.523809432983398,0,0,100,0,0,0,5,0,0,0,0,0,0,0,0,142326.2069091797,86056.51220703125,0,404327403520,8589930496,5135564800,114688
9,1791560638268,2500,2499,799,800,800,799,800,800,2500,2500,2500,2499,2500,2500,800,800,10,0,0,100,0,0,0,5.263157844543457,0,0,0,0,0,0,0,0,142326.35906982422,86056.8330078125,0,404327403520,8589930496,5135564800,114688
9,1791560638279,2500,2499,799,800,800,799,800,800,2500,2500,2500,2499,2500,2500,800,800,10,0,0,100,0,0,0,5.263157844543457,0,0,0,0,0,0,0,0,142326.51043701172,86057.14678955078,0,404327403520,8589930496,5135564800,114688
9,1791560638289,2500,2499,799,800,800,799,800,800,2500,2500,2500,2499,2500,2500,800,800,10,0,0,100,0,0,0,5.263157844543457,0,0,0,0,0,0,0,0,142326.66369628906,86057.47003173828,0,404327403520,8589930496,5135564800,114688
9,1791560638299,2500,2499,799,800,800,799,800,800,2500,2500,2500,2499,2500,2500,800,800,10,0,0,100,0,0,0,5.263157844543457,0,0,0,0,0,0,0,0,142326.80596923828,86057.79321289063,0,404327403520,8589930496,5135564800,114688
10,1791560638309,2500,2499,799,800,800,799,800,800,2500,2500,2500,2499,2500,2500,800,800,10,0,0,100,0,0,0,5.263157844543457,0,0,0,0,0,0,0,0,142326.9594116211,86058.10028076172,0,404327403520,8589930496,5135564800,114688
9,1791560638319,2500,2499,799,800,800,799,800,800,2500,2500,2500,2499,2500,2500,800,800,10,0,0,100,0,0,0,5.263157844543457,0,0,0,0,0,0,0,0,142327.10955810547,86058.42102050781,0,404327403520,8589930496,5135564800,114688
10,1791560638329,2500,2499,799,800,800,799,800,800,2500,2500,2500,2499,2500,2500,800,800,10,0,0,100,0,0,0,5.263157844543457,0,0,0,0,0,0,0,0,142327.26080322266,86058.74084472656,0,404327403520,8589930496,5135564800,114688
9,1791560638339,2500,2499,799,800,800,799,800,800,2500,2500,2500,2499,2500,2500,800,800,10,0,0,100,0,0,0,5.263157844543457,0,0,0,0,0,0,0,0,142327.42541503906,86059.08673095703,0,404327403520,8589930496,5135564800,114688
9,1791560638349,2500,2499,799,800,800,799,800,800,2500,2500,2500,2499,2500,2500,800,800,10,0,0,100,0,0,0,5.263157844543457,0,0,0,0,0,0,0,0,142327.55908203125,86059.37310791016,0,404327403520,8589930496,5135564800,114688
9,1791560638359,2500,2499,799,800,800,799,800,800,2500,2500,2500,2499,2500,2500,800,800,10,0,0,100,0,0,0,5.263157844543457,0,0,0,0,0,0,0,0,142327.72521972656,86059.72119140625,0,404327403520,8589930496,5135564800,114688
9,1791560638369,2500,2499,799,800,800,799,800,800,2500,2500,2500,2499,2500,2500,800,800,10,0,0,100,0,0,0,5.263157844543457,0,0,0,0,0,0,0,0,142327.87719726563,86060.04113769531,0,404327403520,8589930496,5135564800,114688
9,1791560638379,2500,2499,799,800,800,799,800,800,2500,2500,2500,2499,2500,2500,800,800,10,0,0,100,0,0,0,5.263157844543457,0,0,0,0,0,0,0,0,142328.0249633789,86060.3578491211,0,404327403520,8589930496,5135564800,114688
9,1791560638389,2500,2499,799,800,800,799,800,800,2500,2500,2500,2499,2500,2500,800,800,10,0,0,100,0,0,0,5.263157844543457,0,0,0,0,0,0,0,0,142328.17474365234,86060.6773071289,0,404327403520,8589930496,5135564800,114688
9,1791560638399,2500,2499,799,800,800,799,800,800,2500,2500,2500,2499,2500,2500,800,800,10,0,0,100,0,0,0,5.263157844543457,0,0,0,0,0,0,0,0,142328.3221435547,86060.99810791016,0,404327403520,8589930496,5135564800,114688
9,1791560638409,2500,2499,799,800,800,799,800,800,2500,2500,2500,2499,2500,2500,800,800,10,0,0,100,0,0,0,5.263157844543457,0,0,0,0,0,0,0,0,142328.47723388672,86061.322265625,0,404327403520,8589930496,5135564800,114688
10,1791560638419,2500,2499,799,800,800,799,800,800,2500,2500,2500,2499,2500,2500,800,800,10,0,0,100,0,0,0,5.263157844543457,0,0,0,0,0,0,0,0,142328.63012695313,86061.64544677734,0,404327403520,8589930496,5135564800,114688
10,1791560638429,2500,2499,799,800,800,799,800,800,2500,2500,2500,2499,2500,2500,800,800,10,0,0,100,0,0,0,5.263157844543457,0,0,0,0,0,0,0,0,142328.78302001953,86061.96423339844,0,404327403520,8589930496,5135564800,114688
9,1791560638440,2500,2499,799,800,800,799,800,800,2500,2500,2500,2499,2500,2500,800,800,10,0,0,100,0,0,0,5.263157844543457,0,0,0,0,0,0,0,0,142328.93170166016,86062.2826538086,0,404327403520,8589930496,5135564800,114688
9,1791560638450,2500,2499,799,800,800,799,800,800,2500,2500,2500,2499,2500,2500,800,800,10,0,0,100,0,0,0,5.263157844543457,0,0,0,0,0,0,0,0,142329.0824584961,86062.56518554688,0,404327403520,8589930496,5135564800,114688
9,1791560638460,2500,2499,799,800,800,799,800,800,2500,2500,2500,2499,2500,2500,800,800,10,0,0,100,0,0,0,5.263157844543457,0,0,0,0,0,0,0,0,142329.22857666016,86062.91619873047,0,404327403520,8589930496,5135564800,114688
9,1791560638470,2500,2499,799,800,800,799,800,800,2500,2500,2500,2499,2500,2500,800,800,5.263157844543457,0,0,100,0,0,0,5,0,0,0,0,0,0,0,0,142329.37762451172,86063.24035644531,0,404327403520,8589930496,5135564800,114688
9,1791560638480,2500,2499,799,800,800,799,800,800,2500,2500,2500,2499,2500,2500,800,800,5.263157844543457,0,0,100,0,0,0,5,0,0,0,0,0,0,0,0,142329.52966308594,86063.56591796875,0,404327403520,8589930496,5135564800,114688
9,1791560638490,2500,2499,799,800,800,799,800,800,2500,2500,2500,2499,2500,2500,800,800,5.263157844543457,0,0,100,0,0,0,5,0,0,0,0,0,0,0,0,142329.69439697266,86063.9185180664,0,404327403520,8589930496,5135564800,114688
9,1791560638500,2500,2499,799,800,800,799,800,800,2500,2500,2500,2499,2500,2500,800,800,5.263157844543457,0,0,100,0,0,0,5,0,0,0,0,0,0,0,0,142329.82861328125,86064.23413085938,0,404327403520,8589930496,5135564800,114688
9,1791560638510,2500,2499,799,800,800,799,800,800,2500,2500,2500,2499,2500,2500,800,800,5.263157844543457,0,0,100,0,0,0,5,0,0,0,0,0,0,0,0,142329.97857666016,86064.52282714844,0,404327403520,8589930496,5135564800,114688
9,1791560638520,2500,2499,799,800,800,799,800,800,2500,2500,2500,2499,2500,2500,800,800,5.263157844543457,0,0,100,0,0,0,5,0,0,0,0,0,0,0,0,142330.1248779297,86064.84588623047,0,404327403520,8589930496,5135564800,114688
9,1791560638530,2500,2499,799,800,800,799,800,800,2500,2500,2500,2499,2500,2500,800,800,5.263157844543457,0,0,100,0,0,0,5,0,0,0,0,0,0,0,0,142330.28540039063,86065.193359375,0,404327403520,8589930496,5135564800,114688
9,1791560638540,2500,2499,799,800,800,799,800,800,2500,2500,2500,2499,2500,2500,800,800,5.263157844543457,0,0,100,0,0,0,5,0,0,0,0,0,0,0,0,142330.43426513672,86065.50842285156,0,404327403520,8589930496,5135564800,114688
10,1791560638550,2500,2499,799,800,800,799,800,800,2500,2500,2500,2499,2500,2500,800,800,5.263157844543457,0,0,100,0,0,0,5,0,0,0,0,0,0,0,0,142330.58129882813,86065.8316040039,0,404327403520,8589930496,5135564800,114688
9,1791560638560,2500,2499,799,800,800,799,800,800,2500,2500,2500,2499,2500,2500,800,800,5.263157844543457,0,0,100,0,0,0,5,0,0,0,0,0,0,0,0,142330.7310180664,86066.14813232422,0,404327403520,8589930496,5135564800,114688
9,1791560638571,2500,2499,799,800,800,799,800,800,2500,2500,2500,2499,2500,2500,800,800,5.263157844543457,0,0,100,0,0,0,5,0,0,0,0,0,0,0,0,142330.87951660156,86066.47131347656,0,404327403520,8589930496,5135564800,114688
9,1791560638581,2500,2499,799,800,800,799,800,800,2500,2500,2500,2499,2500,2500,800,800,5.263157844543457,0,0,100,0,0,0,5,0,0,0,0,0,0,0,0,142331.03076171875,86066.78875732422,0,404327403520,8589930496,5135564800,114688
9,1791560638591,2500,2499,799,800,800,799,800,800,2500,2500,2500,2499,2500,2500,800,800,5.263157844543457,0,0,100,0,0,0,5,0,0,0,0,0,0,0,0,142331.17962646484,86067.10888671875,0,404327403520,8589930496,5135564800,114688
9,1791560638601,2500,2499,799,800,800,799,800,800,2500,2500,2500,2499,2500,2500,800,800,5.263157844543457,0,0,100,0,0,0,5,0,0,0,0,0,0,0,0,142331.3275756836,86067.43005371094,0,404327403520,8589930496,5135564800,114688
9,1791560638611,2500,2499,799,800,800,799,800,800,2500,2500,2500,2499,2500,2500,800,800,5.263157844543457,0,0,100,0,0,0,5,0,0,0,0,0,0,0,0,142331.4735107422,86067.74737548828,0,404327403520,8589930496,5135564800,114688
9,1791560638621,2500,2499,799,800,800,799,800,800,2500,2500,2500,2499,2500,2500,800,800,5.263157844543457,0,0,100,0,0,0,5,0,0,0,0,0,0,0,0,142331.62475585938,86068.06170654297,0,404327403520,8589930496,5135564800,114688
9,1791560638631,2500,2499,799,800,800,799,800,800,2500,2500,2500,2499,2500,2500,800,800,5.263157844543457,0,0,100,0,0,0,5,0,0,0,0,0,0,0,0,142331.7781982422,86068.38653564453,0,404327403520,8589930496,5135564800,114688
9,1791560638641,2500,2499,799,800,800,799,800,800,2500,2500,2500,2499,2500,2500,800,800,5.263157844543457,0,0,100,0,0,0,5,0,0,0,0,0,0,0,0,142331.93035888672,86068.71160888672,0,404327403520,8589930496,5135564800,114688
9,1791560638651,2500,2499,799,800,800,799,800,800,2500,2500,2500,2499,2500,2500,800,800,5.263157844543457,0,0,100,0,0,0,5,0,0,0,0,0,0,0,0,142332.08068847656,86069.0308227539,0,404327403520,8589930496,5135564800,114688
10,1791560638661,2500,2499,799,800,800,799,800,800,2500,2500,2500,2499,2500,2500,800,800,5.263157844543457,0,0,100,0,0,0,5,0,0,0,0,0,0,0,0,142332.2333984375,86069.35375976563,0,404327403520,8589930496,5135564800,114688
9,1791560638671,2500,2499,799,800,800,799,800,800,2500,2500,2500,2499,2500,2500,800,800,10,0,0,100,0,0,0,0,0,0,0,0,0,0,0,0,142332.4014892578,86069.70318603516,0,404327403520,8589930496,5135564800,114688
9,1791560638681,2500,2499,799,800,800,799,800,800,2500,2500,2500,2499,2500,2500,800,800,10,0,0,100,0,0,0,0,0,0,0,0,0,0,0,0,142332.53735351563,86069.9642944336,0,404327403520,8589930496,5135564800,114688
9,1791560638691,2500,2499,799,800,800,799,800,800,2500,2500,2500,2499,2500,2500,800,800,10,0,0,100,0,0,0,0,0,0,0,0,0,0,0,0,142332.7032470703,86070.34692382813,0,404327403520,8589930496,5135564800,114688
10,1791560638701,2500,2499,799,800,800,799,800,800,2500,2500,2500,2499,2500,2500,800,800,10,0,0,100,0,0,0,0,0,0,0,0,0,0,0,0,142332.85412597656,86070.66650390625,0,404327403520,8589930496,5135564800,114688
9,1791560638712,2500,2499,799,800,800,799,800,800,2500,2500,2500,2499,2500,2500,800,800,10,0,0,100,0,0,0,0,0,0,0,0,0,0,0,0,142333.0068359375,86070.98986816406,0,404327403520,8589930496,5135564800,114688
9,1791560638722,2500,2499,799,800,800,799,800,800,2500,2500,2500,2499,2500,2500,800,800,10,0,0,100,0,0,0,0,0,0,0,0,0,0,0,0,142333.15856933594,86071.306640625,0,404327403520,8589930496,5135564800,114688
9,1791560638732,2500,2499,799,800,800,799,800,800,2500,2500,2500,2499,2500,2500,800,800,10,0,0,100,0,0,0,0,0,0,0,0,0,0,0,0,142333.30743408203,86071.62567138672,0,404327403520,8589930496,5135564800,114688
9,1791560638742,2500,2499,799,800,800,799,800,800,2500,2500,2500,2499,2500,2500,800,800,10,0,0,100,0,0,0,0,0,0,0,0,0,0,0,0,142333.4559326172,86071.94750976563,0,404327403520,8589930496,5135564800,114688
9,1791560638752,2500,2499,799,800,800,799,800,800,2500,2500,2500,2499,2500,2500,800,800,10,0,0,100,0,0,0,0,0,0,0,0,0,0,0,0,142333.60223388672,86072.26696777344,0,404327403520,8589930496,5135564800,114688
9,1791560638762,2500,2499,799,800,800,799,800,800,2500,2500,2500,2499,2500,2500,800,800,10,0,0,100,0,0,0,0,0,0,0,0,0,0,0,0,142333.75463867188,86072.58654785156,0,404327403520,8589930496,5135564800,114688
9,1791560638772,2500,2499,799,800,800,799,800,800,2500,2500,2500,2499,2500,2500,800,800,10,0,0,100,0,0,0,0,0,0,0,0,0,0,0,0,142333.90460205078,86072.91088867188,0,404327403520,8589930496,5135564800,114688
9,1791560638782,2500,2499,799,800,800,799,800,800,2500,2500,2500,2499,2500,2500,800,800,10,0,0,100,0,0,0,0,0,0,0,0,0,0,0,0,142334.05145263672,86073.23376464844,0,404327403520,8589930496,5135564800,114688
9,1791560638792,2500,2499,799,800,800,799,800,800,2500,2500,2500,2499,2500,2500,800,800,10,0,0,100,0,0,0,0,0,0,0,0,0,0,0,0,142334.2041015625,86073.55651855469,0,404327403520,8589930496,5135564800,114688
10,1791560638802,2500,2499,799,800,800,799,800,800,2500,2500,2500,2499,2500,2500,800,800,10,0,0,100,0,0,0,0,0,0,0,0,0,0,0,0,142334.3564453125,86073.87976074219,0,404327403520,8589930496,5135564800,114688
9,1791560638812,2500,2499,799,800,800,799,800,800,2500,2500,2500,2499,2500,2500,800,800,10,0,0,100,0,0,0,0,0,0,0,0,0,0,0,0,142334.50677490234,86074.2017211914,0,404327403520,8589930496,5135564800,114688
10,1791560638822,2500,2499,799,800,800,799,800,800,2500,2500,2500,2499,2500,2500,800,800,10,0,0,100,0,0,0,0,0,0,0,0,0,0,0,0,142334.65600585938,86074.52478027344,0,404327403520,8589930496,5135564800,114688
9,1791560638832,2500,2499,799,800,800,799,800,800,2500,2500,2500,2499,2500,2500,800,800,10,0,0,100,0,0,0,0,0,0,0,0,0,0,0,0,142334.80688476563,86074.8472290039,0,404327403520,8589930496,5135564800,114688
10,1791560638842,2500,2499,799,800,800,799,800,800,2500,2500,2500,2499,2500,2500,800,800,10,0,0,100,0,0,0,0,0,0,0,0,0,0,0,0,142334.9546508789,86075.16931152344,0,404327403520,8589930496,5135564800,114688
9,1791560638853,2500,2499,799,800,800,799,800,800,2500,2500,2500,2499,2500,2500,800,800,10,0,0,100,0,0,0,0,0,0,0,0,0,0,0,0,142335.1240234375,86075.52014160156,0,404327403520,8589930496,5135564800,114688
9,1791560638863,2500,2499,799,800,800,799,800,800,2500,2500,2500,2499,2500,2500,800,800,10,0,0,100,0,0,0,0,0,0,0,0,0,0,0,0,142335.2716064453,86075.83984375,0,404327403520,8589930496,5135564800,114688
10,1791560638873,2500,2499,799,800,800,799,800,800,2500,2500,2500,2499,2500,2500,800,800,5,0,0,100,0,0,0,0,0,0,0,0,0,0,0,0,142335.41790771484,86076.16033935547,0,404327403520,8589930496,5135564800,114688
9,1791560638883,2500,2499,799,800,800,799,800,800,2500,2500,2500,2499,2500,2500,800,800,5,0,0,100,0,0,0,0,0,0,0,0,0,0,0,0,142335.5701904297,86076.48095703125,0,404327403520,8589930496,5135564800,114688
9,1791560638893,2500,2499,799,800,800,799,800,800,2500,2500,2500,2499,2500,2500,800,800,5,0,0,100,0,0,0,0,0,0,0,0,0,0,0,0,142335.72314453125,86076.80438232422,0,404327403520,8589930496,5135564800,114688
9,1791560638903,2500,2499,799,800,800,799,800,800,2500,2500,2500,2499,2500,2500,800,800,5,0,0,100,0,0,0,0,0,0,0,0,0,0,0,0,142335.87200927734,86077.12725830078,0,404327403520,8589930496,5135564800,114688
9,1791560638913,2500,2499,799,800,800,799,800,800,2500,2500,2500,2499,2500,2500,800,800,5,0,0,100,0,0,0,0,0,0,0,0,0,0,0,0,142336.02471923828,86077.45489501953,0,404327403520,8589930496,5135564800,114688
9,1791560638923,2500,2499,799,800,800,799,800,800,2500,2500,2500,2499,2500,2500,800,800,5,0,0,100,0,0,0,0,0,0,0,0,0,0,0,0,142336.17889404297,86077.77270507813,0,404327403520,8589930496,5135564800,114688
9,1791560638933,2500,2499,799,800,800,799,800,800,2500,2500,2500,2499,2500,2500,800,800,5,0,0,100,0,0,0,0,0,0,0,0,0,0,0,0,142336.33032226563,86078.09033203125,0,404327403520,8589930496,5135564800,114688
9,1791560638943,2500,2499,799,800,800,799,800,800,2500,2500,2500,2499,2500,2500,800,800,5,0,0,100,0,0,0,0,0,0,0,0,0,0,0,0,142336.48321533203,86078.4057006836,0,404327403520,8589930496,5135564800,114688
9,1791560638953,2500,2499,799,800,800,799,800,800,2500,2500,2500,2499,2500,2500,800,800,5,0,0,100,0,0,0,0,0,0,0,0,0,0,0,0,142336.6362915039,86078.72570800781,0,404327403520,8589930496,5135564800,114688
9,1791560638963,2500,2499,799,800,800,799,800,800,2500,2500,2500,2499,2500,2500,800,800,5,0,0,100,0,0,0,0,0,0,0,0,0,0,0,0,142336.7886352539,86079.04876708984,0,404327403520,8589930496,5135564800,114688
9,1791560638973,2500,2499,799,800,800,799,800,800,2500,2500,2500,2499,2500,2500,800,800,5,0,0,100,0,0,0,0,0,0,0,0,0,0,0,0,142336.9398803711,86079.36767578125,0,404327403520,8589930496,5135564800,114688
9,1791560638984,2500,2499,799,800,800,799,800,800,2500,2500,2500,2499,2500,2500,800,800,5,0,0,100,0,0,0,0,0,0,0,0,0,0,0,0,142337.09020996094,86079.6875,0,404327403520,8589930496,5135564800,114688
10,1791560638993,2500,2499,799,800,800,799,800,800,2500,2500,2500,2499,2500,2500,800,800,5,0,0,100,0,0,0,0,0,0,0,0,0,0,0,0,142337.24255371094,86080.00616455078,0,404327403520,8589930496,5135564800,114688
9,1791560639004,2500,2499,799,800,800,799,800,800,2500,2500,2500,2499,2500,2500,800,800,5,0,0,100,0,0,0,0,0,0,0,0,0,0,0,0,142337.4067993164,86080.35650634766,0,404327403520,8589930496,5135564800,114688
9,1791560639014,2500,2499,799,800,800,799,800,800,2500,2500,2500,2499,2500,2500,800,800,5,0,0,100,0,0,0,0,0,0,0,0,0,0,0,0,142337.55346679688,86080.67596435547,0,404327403520,8589930496,5135564800,114688
10,1791560639024,2500,2499,799,800,800,799,800,800,2500,2500,2500,2499,2500,2500,800,800,5,0,0,100,0,0,0,0,0,0,0,0,0,0,0,0,142337.7039794922,86081.00024414063,0,404327403520,8589930496,5135564800,114688
9,1791560639034,2500,2499,799,800,800,799,800,800,2500,2500,2500,2499,2500,2500,800,800,5,0,0,100,0,0,0,0,0,0,0,0,0,0,0,0,142337.8504638672,86081.32006835938,0,404327403520,8589930496,5135564800,114688
9,1791560639044,2500,2499,799,800,800,799,800,800,2500,2500,2500,2499,2500,2500,800,800,5,0,0,100,0,0,0,0,0,0,0,0,0,0,0,0,142338.0008544922,86081.64306640625,0,404327403520,8589930496,5135564800,114688
9,1791560639054,2500,2499,799,800,800,799,800,800,2500,2500,2500,2499,2500,2500,800,800,5,0,0,100,0,0,0,0,0,0,0,0,0,0,0,0,142338.1531982422,86081.9634399414,0,404327403520,8589930496,5135564800,114688
9,1791560639064,2500,2499,799,800,800,799,800,800,2500,2500,2500,2499,2500,2500,800,800,5,0,0,100,0,0,0,0,0,0,0,0,0,0,0,0,142338.3003540039,86082.27410888672,0,404327403520,8589930496,5135564800,114688
9,1791560639074,2500,2499,799,800,800,799,800,800,2500,2500,2500,2499,2500,2500,800,800,10,0,0,100,0,0,0,9.523809432983398,0,0,0,0,0,0,0,0,142338.44592285156,86082.59619140625,0,404327403520,8589930496,5135564800,114688
9,1791560639084,2500,2499,799,800,800,799,800,800,2500,2500,2500,2499,2500,2500,800,800,10,0,0,100,0,0,0,9.523809432983398,0,0,0,0,0,0,0,0,142338.59368896484,86082.91424560547,0,404327403520,8589930496,5134925824,114688
9,1791560639094,2500,2499,799,800,800,799,800,800,2500,2500,2500,2499,2500,2500,800,800,10,0,0,100,0,0,0,9.523809432983398,0,0,0,0,0,0,0,0,142338.73706054688,86083.23315429688,0,404327403520,8589930496,5134925824,114688
9,1791560639104,2500,2499,799,800,800,799,800,800,2500,2500,2500,2499,2500,2500,800,800,10,0,0,100,0,0,0,9.523809432983398,0,0,0,0,0,0,0,0,142338.8798828125,86083.55444335938,0,404327403520,8589930496,5134925824,114688
9,1791560639114,2500,2499,799,800,800,799,800,800,2500,2500,2500,2499,2500,2500,800,800,10,0,0,100,0,0,0,9.523809432983398,0,0,0,0,0,0,0,0,142339.02435302734,86083.87603759766,0,404327403520,8589930496,5134925824,114688
10,1791560639124,2500,2499,799,800,800,799,800,800,2500,2500,2500,2499,2500,2500,800,800,10,0,0,100,0,0,0,9.523809432983398,0,0,0,0,0,0,0,0,142339.17614746094,86084.18743896484,0,404327403520,8589930496,5134925824,114688
10,1791560639134,2500,2499,799,800,800,799,800,800,2500,2500,2500,2499,2500,2500,800,800,10,0,0,100,0,0,0,9.523809432983398,0,0,0,0,0,0,0,0,142339.32647705078,86084.50482177734,0,404327403520,8589930496,5134925824,114688
9,1791560639145,2500,2499,799,800,800,799,800,800,2500,2500,2500,2499,2500,2500,800,800,10,0,0,100,0,0,0,9.523809432983398,0,0,0,0,0,0,0,0,142339.47607421875,86084.82299804688,0,404327403520,8589930496,5134409728,114688
10,1791560639155,2500,2499,799,800,800,799,800,800,2500,2500,2500,2499,2500,2500,800,800,10,0,0,100,0,0,0,9.523809432983398,0,0,0,0,0,0,0,0,142339.6304321289,86085.13970947266,0,404327403520,8589930496,5134409728,114688
9,1791560639165,2500,2499,799,800,800,799,800,800,2500,2500,2500,2499,2500,2500,800,800,10,0,0,100,0,0,0,9.523809432983398,0,0,0,0,0,0,0,0,142339.7933959961,86085.4887084961,0,404327403520,8589930496,5134409728,114688
10,1791560639175,2500,2499,799,800,800,799,800,800,2500,2500,2500,2499,2500,2500,800,800,10,0,0,100,0,0,0,9.523809432983398,0,0,0,0,0,0,0,0,142339.92486572266,86085.78338623047,0,404327403520,8589930496,5134409728,114688
9,1791560639185,2500,2499,799,800,800,799,800,800,2500,2500,2500,2499,2500,2500,800,800,10,0,0,100,0,0,0,9.523809432983398,0,0,0,0,0,0,0,0,142340.087890625,86086.1234741211,0,404327403520,8589930496,5134409728,114688
9,1791560639195,2500,2499,799,800,800,799,800,800,2500,2500,2500,2499,2500,2500,800,800,10,0,0,100,0,0,0,9.523809432983398,0,0,0,0,0,0,0,0,142340.23455810547,86086.4448852539,0,404327403520,8589930496,5134409728,114688
9,1791560639205,2500,2499,799,800,800,799,800,800,2500,2500,2500,2499,2500,2500,800,800,10,0,0,100,0,0,0,9.523809432983398,0,0,0,0,0,0,0,0,142340.38415527344,86086.7626953125,0,404327403520,8589930496,5134409728,114688
9,1791560639215,2500,2499,799,800,800,799,800,800,2500,2500,2500,2499,2500,2500,800,800,10,0,0,100,0,0,0,9.523809432983398,0,0,0,0,0,0,0,0,142340.53540039063,86087.08386230469,0,404327403520,8589930496,5134409728,114688
9,1791560639225,2500,2499,799,800,800,799,800,800,2500,2500,2500,2499,2500,2500,800,800,10,0,0,100,0,0,0,9.523809432983398,0,0,0,0,0,0,0,0,142340.68865966797,86087.4048461914,0,404327403520,8589930496,5134409728,114688
9,1791560639235,2500,2499,799,800,800,799,800,800,2500,2500,2500,2499,2500,2500,800,800,10,0,0,100,0,0,0,9.523809432983398,0,0,0,0,0,0,0,0,142340.837890625,86087.72607421875,0,404327403520,8589930496,5134409728,114688
10,1791560639245,2500,2499,799,800,800,799,800,800,2500,2500,2500,2499,2500,2500,800,800,10,0,0,100,0,0,0,9.523809432983398,0,0,0,0,0,0,0,0,142340.99041748047,86088.04083251953,0,404327403520,8589930496,5134409728,114688
9,1791560639255,2500,2499,799,800,800,799,800,800,2500,2500,2500,2499,2500,2500,800,800,10,0,0,100,0,0,0,9.523809432983398,0,0,0,0,0,0,0,0,142341.1420288086,86088.36145019531,0,404327403520,8589930496,5134409728,114688
9,1791560639265,2500,2499,799,800,800,799,800,800,2500,2500,2500,2499,2500,2500,800,800,10,0,0,100,0,0,0,9.523809432983398,0,0,0,0,0,0,0,0,142341.2919921875,86088.68933105469,0,404327403520,8589930496,5134409728,114688
9,1791560639276,2500,2499,799,800,800,799,800,800,2500,2500,2500,2499,2500,2500,800,800,5.263157844543457,0,0,100,0,0,0,0,5,0,0,0,0,0,0,0,142341.44342041016,86089.01123046875,0,404327403520,8589930496,5134409728,114688
9,1791560639286,2500,2499,799,800,800,799,800,800,2500,2500,2500,2499,2500,2500,800,800,5.263157844543457,0,0,100,0,0,0,0,5,0,0,0,0,0,0,0,142341.59393310547,86089.337890625,0,404327403520,8589930496,5134409728,114688
9,1791560639296,2500,2499,799,800,800,799,800,800,2500,2500,2500,2499,2500,2500,800,800,5.263157844543457,0,0,100,0,0,0,0,5,0,0,0,0,0,0,0,142341.74224853516,86089.66015625,0,404327403520,8589930496,5134409728,114688
10,1791560639306,2500,2499,799,800,800,799,800,800,2500,2500,2500,2499,2500,2500,800,800,5.263157844543457,0,0,100,0,0,0,0,5,0,0,0,0,0,0,0,142341.89111328125,86089.98059082031,0,404327403520,8589930496,5134409728,114688
9,1791560639316,2500,2499,799,800,800,799,800,800,2500,2500,2500,2499,2500,2500,800,800,5.263157844543457,0,0,100,0,0,0,0,5,0,0,0,0,0,0,0,142342.03759765625,86090.30438232422,0,404327403520,8589930496,5134409728,114688
9,1791560639326,2500,2499,799,800,800,799,800,800,2500,2500,2500,2499,2500,2500,800,800,5.263157844543457,0,0,100,0,0,0,0,5,0,0,0,0,0,0,0,142342.19763183594,86090.65155029297,0,404327403520,8589930496,5134409728,114688
9,1791560639336,2500,2499,799,800,800,799,800,800,2500,2500,2500,2499,2500,2500,800,800,5.263157844543457,0,0,100,0,0,0,0,5,0,0,0,0,0,0,0,142342.34283447266,86090.97009277344,0,404327403520,8589930496,5134409728,114688
9,1791560639346,2500,2499,799,800,800,799,800,800,2500,2500,2500,2499,2500,2500,800,800,5.263157844543457,0,0,100,0,0,0,0,5,0,0,0,0,0,0,0,142342.4901123047,86091.28741455078,0,404327403520,8589930496,5134409728,114688
9,1791560639356,2500,2499,799,800,800,799,800,800,2500,2500,2500,2499,2500,2500,800,800,5.263157844543457,0,0,100,0,0,0,0,5,0,0,0,0,0,0,0,142342.63934326172,86091.6068725586,0,404327403520,8589930496,5134409728,114688
10,1791560639366,2500,2499,799,800,800,799,800,800,2500,2500,2500,2499,2500,2500,800,800,5.263157844543457,0,0,100,0,0,0,0,5,0,0,0,0,0,0,0,142342.78979492188,86091.92626953125,0,404327403520,8589930496,5134409728,114688
9,1791560639376,2500,2499,799,800,800,799,800,800,2500,2500,2500,2499,2500,2500,800,800,5.263157844543457,0,0,100,0,0,0,0,5,0,0,0,0,0,0,0,142342.93774414063,86092.24060058594,0,404327403520,8589930496,5134409728,114688
9,1791560639386,2500,2499,799,800,800,799,800,800,2500,2500,2500,2499,2500,2500,800,800,5.263157844543457,0,0,100,0,0,0,0,5,0,0,0,0,0,0,0,142343.08404541016,86092.55767822266,0,404327403520,8589930496,5134409728,114688
9,1791560639396,2500,2499,799,800,800,799,800,800,2500,2500,2500,2499,2500,2500,800,800,5.263157844543457,0,0,100,0,0,0,0,5,0,0,0,0,0,0,0,142343.23693847656,86092.87255859375,0,404327403520,8589930496,5134409728,114688
10,1791560639406,2500,2499,799,800,800,799,800,800,2500,2500,2500,2499,2500,2500,800,800,5.263157844543457,0,0,100,0,0,0,0,5,0,0,0,0,0,0,0,142343.38800048828,86093.19079589844,0,404327403520,8589930496,5134409728,114688
9,1791560639417,2500,2499,799,800,800,799,800,800,2500,2500,2500,2499,2500,2500,800,800,5.263157844543457,0,0,100,0,0,0,0,5,0,0,0,0,0,0,0,142343.53631591797,86093.50885009766,0,404327403520,8589930496,5134409728,114688
9,1791560639427,2500,2499,799,800,800,799,800,800,2500,2500,2500,2499,2500,2500,800,800,5.263157844543457,0,0,100,0,0,0,0,5,0,0,0,0,0,0,0,142343.68688964844,86093.82629394531,0,404327403520,8589930496,5134409728,114688
9,1791560639437,2500,2499,799,800,800,799,800,800,2500,2500,2500,2499,2500,2500,800,800,5.263157844543457,0,0,100,0,0,0,0,5,0,0,0,0,0,0,0,142343.83374023438,86094.1376953125,0,404327403520,8589930496,5134409728,114688
10,1791560639447,2500,2499,799,800,800,799,800,800,2500,2500,2500,2499,2500,2500,800,800,5.263157844543457,0,0,100,0,0,0,0,5,0,0,0,0,0,0,0,142343.982421875,86094.45416259766,0,404327403520,8589930496,5134409728,114688
9,1791560639457,2500,2499,799,800,800,799,800,800,2500,2500,2500,2499,2500,2500,800,800,5.263157844543457,0,0,100,0,0,0,0,5,0,0,0,0,0,0,0,142344.1424560547,86094.80480957031,0,404327403520,8589930496,5134409728,114688
9,1791560639467,2500,2499,799,800,800,799,800,800,2500,2500,2500,2499,2500,2500,800,800,5.263157844543457,0,0,100,0,0,0,0,5,0,0,0,0,0,0,0,142344.2935180664,86095.1264038086,0,404327403520,8589930496,5134409728,114688
9,1791560639477,2500,2499,799,800,800,799,800,800,2500,2500,2500,2499,2500,2500,800,800,10,0,0,100,0,0,0,0,0,0,0,0,0,0,0,0,142344.4248046875,86095.41320800781,0,404327403520,8589930496,5134409728,114688
9,1791560639487,2500,2499,799,800,800,799,800,800,2500,2500,2500,2499,2500,2500,800,800,10,0,0,100,0,0,0,0,0,0,0,0,0,0,0,0,142344.58758544922,86095.76440429688,0,404327403520,8589930496,5134409728,114688
9,1791560639497,2500,2499,799,800,800,799,800,800,2500,2500,2500,2499,2500,2500,800,800,10,0,0,100,0,0,0,0,0,0,0,0,0,0,0,0,142344.73278808594,86096.07482910156,0,404327403520,8589930496,5134409728,114688
10,1791560639507,2500,2499,799,800,800,799,800,800,2500,2500,2500,2499,2500,2500,800,800,10,0,0,100,0,0,0,0,0,0,0,0,0,0,0,0,142344.86444091797,86096.38995361328,0,404327403520,8589930496,5134409728,114688
9,1791560639517,2500,2499,799,800,800,799,800,800,2500,2500,2500,2499,2500,2500,800,800,10,0,0,100,0,0,0,0,0,0,0,0,0,0,0,0,142345.03143310547,86096.70739746094,0,404327403520,8589930496,5134409728,114688
10,1791560639527,2500,2499,799,800,800,799,800,800,2500,2500,2500,2499,2500,2500,800,800,10,0,0,100,0,0,0,0,0,0,0,0,0,0,0,0,142345.17712402344,86097.02709960938,0,404327403520,8589930496,5134409728,114688
9,1791560639537,2500,2499,799,800,800,799,800,800,2500,2500,2500,2499,2500,2500,800,800,10,0,0,100,0,0,0,0,0,0,0,0,0,0,0,0,142345.32946777344,86097.34478759766,0,404327403520,8589930496,5134409728,114688
10,1791560639547,2500,2499,799,800,800,799,800,800,2500,2500,2500,2499,2500,2500,800,800,10,0,0,100,0,0,0,0,0,0,0,0,0,0,0,0,142345.48364257813,86097.6650390625,0,404327403520,8589930496,5134409728,114688
10,1791560639558,2500,2499,799,800,800,799,800,800,2500,2500,2500,2499,2500,2500,800,800,10,0,0,100,0,0,0,0,0,0,0,0,0,0,0,0,142345.62811279297,86097.98248291016,0,404327403520,8589930496,5134409728,114688
9,1791560639568,2500,2499,799,800,800,799,800,800,2500,2500,2500,2499,2500,2500,800,800,10,0,0,100,0,0,0,0,0,0,0,0,0,0,0,0,142345.77752685547,86098.30047607422,0,404327403520,8589930496,5134409728,114688
9,1791560639578,2500,2499,799,800,800,799,800,800,2500,2500,2500,2499,2500,2500,800,800,10,0,0,100,0,0,0,0,0,0,0,0,0,0,0,0,142345.92840576172,86098.61804199219,0,404327403520,8589930496,5134409728,114688
9,1791560639588,2500,2499,799,800,800,799,800,800,2500,2500,2500,2499,2500,2500,800,800,10,0,0,100,0,0,0,0,0,0,0,0,0,0,0,0,142346.0746459961,86098.93927001953,0,404327403520,8589930496,5134409728,114688
9,1791560639598,2500,2499,799,800,800,799,800,800,2500,2500,2500,2499,2500,2500,800,800,10,0,0,100,0,0,0,0,0,0,0,0,0,0,0,0,142346.22625732422,86099.26202392578,0,404327403520,8589930496,5134409728,114688
9,1791560639608,2500,2499,799,800,800,799,800,800,2500,2500,2500,2499,2500,2500,800,800,10,0,0,100,0,0,0,0,0,0,0,0,0,0,0,0,142346.38153076172,86099.58264160156,0,404327403520,8589930496,5134409728,114688
10,1791560639618,2500,2499,799,800,800,799,800,800,2500,2500,2500,2499,2500,2500,800,800,10,0,0,100,0,0,0,0,0,0,0,0,0,0,0,0,142346.5311279297,86099.89721679688,0,404327403520,8589930496,5134409728,114688
9,1791560639628,2500,2499,799,800,800,799,800,800,2500,2500,2500,2499,2500,2500,800,800,10,0,0,100,0,0,0,0,0,0,0,0,0,0,0,0,142346.68017578125,86100.21356201172,0,404327403520,8589930496,5134409728,114688
9,1791560639638,2500,2499,799,800,800,799,800,800,2500,2500,2500,2499,2500,2500,800,800,10,0,0,100,0,0,0,0,0,0,0,0,0,0,0,0,142346.84735107422,86100.56475830078,0,404327403520,8589930496,5134409728,114688
10,1791560639648,2500,2499,799,800,800,799,800,800,2500,2500,2500,2499,2500,2500,800,800,10,0,0,100,0,0,0,0,0,0,0,0,0,0,0,0,142346.98138427734,86100.85168457031,0,404327403520,8589930496,5134409728,114688
10,1791560639658,2500,2499,799,800,800,799,800,800,2500,2500,2500,2499,2500,2500,800,800,10,0,0,100,0,0,0,0,0,0,0,0,0,0,0,0,142347.1323852539,86101.16766357422,0,404327403520,8589930496,5134409728,114688
10,1791560639668,2500,2499,799,800,800,799,800,800,2500,2500,2500,2499,2500,2500,800,800,10,0,0,100,0,0,0,0,0,0,0,0,0,0,0,0,142347.28393554688,86101.48663330078,0,404327403520,8589930496,5134409728,114688
10,1791560639678,2500,2499,799,800,800,799,800,800,2500,2500,2500,2499,2500,2500,800,800,5,0,0,100,0,0,0,5.263157844543457,0,0,0,0,0,0,0,0,142347.44854736328,86101.83996582031,0,404327403520,8589930496,5134409728,114688
9,1791560639689,2500,2499,799,800,800,799,800,800,2500,2500,2500,2499,2500,2500,800,800,5,0,0,100,0,0,0,5.263157844543457,0,0,0,0,0,0,0,0,142347.59643554688,86102.15692138672,0,404327403520,8589930496,5134409728,114688
9,1791560639699,2500,2499,799,800,800,799,800,800,2500,2500,2500,2499,2500,2500,800,800,5,0,0,100,0,0,0,5.263157844543457,0,0,0,0,0,0,0,0,142347.74285888672,86102.47784423828,0,404327403520,8589930496,5134409728,114688
9,1791560639709,2500,2499,799,800,800,799,800,800,2500,2500,2500,2499,2500,2500,800,800,5,0,0,100,0,0,0,5.263157844543457,0,0,0,0,0,0,0,0,142347.8917236328,86102.79809570313,0,404327403520,8589930496,5134409728,114688
9,1791560639719,2500,2499,799,800,800,799,800,800,2500,2500,2500,2499,2500,2500,800,800,5,0,0,100,0,0,0,5.263157844543457,0,0,0,0,0,0,0,0,142348.0382080078,86103.11840820313,0,404327403520,8589930496,5134409728,114688
9,1791560639729,2500,2499,799,800,800,799,800,800,2500,2500,2500,2499,2500,2500,800,800,5,0,0,100,0,0,0,5.263157844543457,0,0,0,0,0,0,0,0,142348.18670654297,86103.43603515625,0,404327403520,8589930496,5134409728,114688
9,1791560639739,2500,2499,799,800,800,799,800,800,2500,2500,2500,2499,2500,2500,800,800,5,0,0,100,0,0,0,5.263157844543457,0,0,0,0,0,0,0,0,142348.33813476563,86103.7582397461,0,404327403520,8589930496,5134409728,114688
9,1791560639749,2500,2499,799,800,800,799,800,800,2500,2500,2500,2499,2500,2500,800,800,5,0,0,100,0,0,0,5.263157844543457,0,0,0,0,0,0,0,0,142348.48681640625,86104.0785522461,0,404327403520,8589930496,5134409728,114688
9,1791560639759,2500,2499,799,800,800,799,800,800,2500,2500,2500,2499,2500,2500,800,800,5,0,0,100,0,0,0,5.263157844543457,0,0,0,0,0,0,0,0,142348.63623046875,86104.40399169922,0,404327403520,8589930496,5134409728,114688
9,1791560639769,2500,2499,799,800,800,799,800,800,2500,2500,2500,2499,2500,2500,800,800,5,0,0,100,0,0,0,5.263157844543457,0,0,0,0,0,0,0,0,142348.7882080078,86104.7275390625,0,404327403520,8589930496,5134409728,114688
9,1791560639779,2500,2499,799,800,800,799,800,800,2500,2500,2500,2499,2500,2500,800,800,5,0,0,100,0,0,0,5.263157844543457,0,0,0,0,0,0,0,0,142348.93267822266,86105.04669189453,0,404327403520,8589930496,5134409728,114688
10,1791560639789,2500,2499,799,800,800,799,800,800,2500,2500,2500,2499,2500,2500,800,800,5,0,0,100,0,0,0,5.263157844543457,0,0,0,0,0,0,0,0,142349.08392333984,86105.3681640625,0,404327403520,8589930496,5134409728,114688
9,1791560639799,2500,2499,799,800,800,799,800,800,2500,2500,2500,2499,2500,2500,800,800,5,0,0,100,0,0,0,5.263157844543457,0,0,0,0,0,0,0,0,142349.25036621094,86105.72326660156,0,404327403520,8589930496,5134409728,114688
9,1791560639809,2500,2499,799,800,800,799,800,800,2500,2500,2500,2499,2500,2500,800,800,5,0,0,100,0,0,0,5.263157844543457,0,0,0,0,0,0,0,0,142349.396484375,86106.04113769531,0,404327403520,8589930496,5134409728,114688
9,1791560639820,2500,2499,799,800,800,799,800,800,2500,2500,2500,2499,2500,2500,800,800,5,0,0,100,0,0,0,5.263157844543457,0,0,0,0,0,0,0,0,142349.54846191406,86106.32720947266,0,404327403520,8589930496,5134409728,114688
9,1791560639830,2500,2499,799,800,800,799,800,800,2500,2500,2500,2499,2500,2500,800,800,5,0,0,100,0,0,0,5.263157844543457,0,0,0,0,0,0,0,0,142349.6923828125,86106.68078613281,0,404327403520,8589930496,5134409728,114688
9,1791560639840,2500,2499,799,800,800,799,800,800,2500,2500,2500,2499,2500,2500,800,800,5,0,0,100,0,0,0,5.263157844543457,0,0,0,0,0,0,0,0,142349.8427734375,86106.96759033203,0,404327403520,8589930496,5134409728,114688
9,1791560639850,2500,2499,799,800,800,799,800,800,2500,2500,2500,2499,2500,2500,800,800,5,0,0,100,0,0,0,5.263157844543457,0,0,0,0,0,0,0,0,142349.98834228516,86107.31744384766,0,404327403520,8589930496,5134409728,114688
10,1791560639860,2500,2499,799,800,800,799,800,800,2500,2500,2500,2499,2500,2500,800,800,5,0,0,100,0,0,0,5.263157844543457,0,0,0,0,0,0,0,0,142350.14025878906,86107.63073730469,0,404327403520,8589930496,5134409728,114688
9,1791560639870,2500,2499,799,800,800,799,800,800,2500,2500,2500,2499,2500,2500,800,800,5,0,0,100,0,0,0,5.263157844543457,0,0,0,0,0,0,0,0,142350.29040527344,86107.94348144531,0,404327403520,8589930496,5134409728,114688
9,1791560639880,2500,2499,799,800,800,799,800,800,2500,2500,2500,2499,2500,2500,800,800,10,0,0,100,0,0,0,0,0,0,0,0,0,0,0,0,142350.4418334961,86108.26025390625,0,404327403520,8589930496,5134409728,114688
9,1791560639890,2500,2499,799,800,800,799,800,800,2500,2500,2500,2499,2500,2500,800,800,10,0,0,100,0,0,0,0,0,0,0,0,0,0,0,0,142350.59436035156,86108.57739257813,0,404327403520,8589930496,5134409728,114688
9,1791560639900,2500,2499,799,800,800,799,800,800,2500,2500,2500,2499,2500,2500,800,800,10,0,0,100,0,0,0,0,0,0,0,0,0,0,0,0,142350.74633789063,86108.89660644531,0,404327403520,8589930496,5134409728,114688
10,1791560639910,2500,2499,799,800,800,799,800,800,2500,2500,2500,2499,2500,2500,800,800,10,0,0,100,0,0,0,0,0,0,0,0,0,0,0,0,142350.8941040039,86109.21649169922,0,404327403520,8589930496,5134409728,114688
10,1791560639920,2500,2499,799,800,800,799,800,800,2500,2500,2500,2499,2500,2500,800,800,10,0,0,100,0,0,0,0,0,0,0,0,0,0,0,0,142351.04077148438,86109.53588867188,0,404327403520,8589930496,5134409728,114688
9,1791560639930,2500,2499,799,800,800,799,800,800,2500,2500,2500,2499,2500,2500,800,800,10,0,0,100,0,0,0,0,0,0,0,0,0,0,0,0,142351.1929321289,86109.84893798828,0,404327403520,8589930496,5134409728,114688
9,1791560639940,2500,2499,799,800,800,799,800,800,2500,2500,2500,2499,2500,2500,800,800,10,0,0,100,0,0,0,0,0,0,0,0,0,0,0,0,142351.34381103516,86110.16186523438,0,404327403520,8589930496,5134409728,114688
10,1791560639950,2500,2499,799,800,800,799,800,800,2500,2500,2500,2499,2500,2500,800,800,10,0,0,100,0,0,0,0,0,0,0,0,0,0,0,0,142351.4937133789,86110.482421875,0,404327403520,8589930496,5134409728,114688
9,1791560639960,2500,2499,799,800,800,799,800,800,2500,2500,2500,2499,2500,2500,800,800,10,0,0,100,0,0,0,0,0,0,0,0,0,0,0,0,142351.6596069336,86110.83319091797,0,404327403520,8589930496,5134409728,114688
9,1791560639971,2500,2499,799,800,800,799,800,800,2500,2500,2500,2499,2500,2500,800,800,10,0,0,100,0,0,0,0,0,0,0,0,0,0,0,0,142351.8071899414,86111.15435791016,0,404327403520,8589930496,5134409728,114688
9,1791560639981,2500,2499,799,800,800,799,800,800,2500,2500,2500,2499,2500,2500,800,800,10,0,0,100,0,0,0,0,0,0,0,0,0,0,0,0,142351.95483398438,86111.47570800781,0,404327403520,8589930496,5134409728,114688
10,1791560639991,2500,2499,799,800,800,799,800,800,2500,2500,2500,2499,2500,2500,800,800,10,0,0,100,0,0,0,0,0,0,0,0,0,0,0,0,142352.10845947266,86111.7855834961,0,404327403520,8589930496,5134409728,114688
9,1791560640001,2500,2499,799,800,800,799,800,800,2500,2500,2500,2499,2500,2500,800,800,10,0,0,100,0,0,0,0,0,0,0,0,0,0,0,0,142352.25567626953,86112.10070800781,0,404327403520,8589930496,5134409728,114688
10,1791560640011,2500,2499,799,800,800,799,800,800,2500,2500,2500,2499,2500,2500,800,800,10,0,0,100,0,0,0,0,0,0,0,0,0,0,0,0,142352.40307617188,86112.42016601563,0,404327403520,8589930496,5134409728,114688
9,1791560640021,2500,2499,799,800,800,799,800,800,2500,2500,2500,2499,2500,2500,800,800,10,0,0,100,0,0,0,0,0,0,0,0,0,0,0,0,142352.55267333984,86112.73596191406,0,404327403520,8589930496,5134409728,114688
9,1791560640031,2500,2499,799,800,800,799,800,800,2500,2500,2500,2499,2500,2500,800,800,10,0,0,100,0,0,0,0,0,0,0,0,0,0,0,0,142352.69860839844,86113.05432128906,0,404327403520,8589930496,5134409728,114688
9,1791560640041,2500,2499,799,800,800,799,800,800,2500,2500,2500,2499,2500,2500,800,800,10,0,0,100,0,0,0,0,0,0,0,0,0,0,0,0,142352.84783935547,86113.3706665039,0,404327403520,8589930496,5134409728,114688
10,1791560640051,2500,2499,799,800,800,799,800,800,2500,2500,2500,2499,2500,2500,800,800,10,0,0,100,0,0,0,0,0,0,0,0,0,0,0,0,142352.9976196289,86113.68841552734,0,404327403520,8589930496,5134409728,114688
9,1791560640061,2500,2499,799,800,800,799,800,800,2500,2500,2500,2499,2500,2500,800,800,10,0,0,100,0,0,0,0,0,0,0,0,0,0,0,0,142353.1430053711,86114.0048828125,0,404327403520,8589930496,5134409728,114688
10,1791560640071,2500,2499,799,800,800,799,800,800,2500,2500,2500,2499,2500,2500,800,800,10,0,0,100,0,0,0,0,0,0,0,0,0,0,0,0,142353.2958984375,86114.32287597656,0,404327403520,8589930496,5134409728,114688
9,1791560640081,2500,2499,799,800,800,799,800,800,2500,2500,2500,2499,2500,2500,800,800,5.263157844543457,0,0,100,0,0,0,5,0,0,0,0,0,0,0,0,142353.44915771484,86114.64068603516,0,404327403520,8589930496,5134409728,114688
9,1791560640091,2500,2499,799,800,800,799,800,800,2500,2500,2500,2499,2500,2500,800,800,5.263157844543457,0,0,100,0,0,0,5,0,0,0,0,0,0,0,0,142353.59436035156,86114.92663574219,0,404327403520,8589930496,5134409728,114688
10,1791560640101,2500,2499,799,800,800,799,800,800,2500,2500,2500,2499,2500,2500,800,800,5.263157844543457,0,0,100,0,0,0,5,0,0,0,0,0,0,0,0,142353.74096679688,86115.27563476563,0,404327403520,8589930496,5134409728,114688
9,1791560640112,2500,2499,799,800,800,799,800,800,2500,2500,2500,2499,2500,2500,800,800,5.263157844543457,0,0,100,0,0,0,5,0,0,0,0,0,0,0,0,142353.89642333984,86115.59118652344,0,404327403520,8589930496,5133373440,114688
10,1791560640121,2500,2499,799,800,800,799,800,800,2500,2500,2500,2499,2500,2500,800,800,5.263157844543457,0,0,100,0,0,0,5,0,0,0,0,0,0,0,0,142354.05206298828,86115.91009521484,0,404327403520,8589930496,5133373440,114688
9,1791560640132,2500,2499,799,800,800,799,800,800,2500,2500,2500,2499,2500,2500,800,800,5.263157844543457,0,0,100,0,0,0,5,0,0,0,0,0,0,0,0,142354.2177734375,86116.2592163086,0,404327403520,8589930496,5133373440,114688
9,1791560640142,2500,2499,799,800,800,799,800,800,2500,2500,2500,2499,2500,2500,800,800,5.263157844543457,0,0,100,0,0,0,5,0,0,0,0,0,0,0,0,142354.36389160156,86116.57531738281,0,404327403520,8589930496,5133373440,114688
9,1791560640152,2500,2499,799,800,800,799,800,800,2500,2500,2500,2499,2500,2500,800,800,5.263157844543457,0,0,100,0,0,0,5,0,0,0,0,0,0,0,0,142354.51513671875,86116.88958740234,0,404327403520,8589930496,5133373440,114688
9,1791560640162,2500,2499,799,800,800,799,800,800,2500,2500,2500,2499,2500,2500,800,800,5.263157844543457,0,0,100,0,0,0,5,0,0,0,0,0,0,0,0,142354.6636352539,86117.20501708984,0,404327403520,8589930496,5133373440,114688
9,1791560640172,2500,2499,799,800,800,799,800,800,2500,2500,2500,2499,2500,2500,800,800,5.263157844543457,0,0,100,0,0,0,5,0,0,0,0,0,0,0,0,142354.8148803711,86117.52502441406,0,404327403520,8589930496,5132599296,114688
9,1791560640182,2500,2499,799,800,800,799,800,800,2500,2500,2500,2499,2500,2500,800,800,5.263157844543457,0,0,100,0,0,0,5,0,0,0,0,0,0,0,0,142354.96502685547,86117.8388671875,0,404327403520,8589930496,5132599296,114688
9,1791560640192,2500,2499,799,800,800,799,800,800,2500,2500,2500,2499,2500,2500,800,800,5.263157844543457,0,0,100,0,0,0,5,0,0,0,0,0,0,0,0,142355.11444091797,86118.15618896484,0,404327403520,8589930496,5132599296,114688
10,1791560640202,2500,2499,799,800,800,799,800,800,2500,2500,2500,2499,2500,2500,800,800,5.263157844543457,0,0,100,0,0,0,5,0,0,0,0,0,0,0,0,142355.2612915039,86118.47497558594,0,404327403520,8589930496,5132599296,114688
10,1791560640212,2500,2499,799,800,800,799,800,800,2500,2500,2500,2499,2500,2500,800,800,5.263157844543457,0,0,100,0,0,0,5,0,0,0,0,0,0,0,0,142355.4122314453,86118.79595947266,0,404327403520,8589930496,5132599296,114688
9,1791560640222,2500,2499,799,800,800,799,800,800,2500,2500,2500,2499,2500,2500,800,800,5.263157844543457,0,0,100,0,0,0,5,0,0,0,0,0,0,0,0,142355.5599975586,86119.11376953125,0,404327403520,8589930496,5132599296,114688
9,1791560640232,2500,2499,799,800,800,799,800,800,2500,2500,2500,2499,2500,2500,800,800,5.263157844543457,0,0,100,0,0,0,5,0,0,0,0,0,0,0,0,142355.71166992188,86119.43280029297,0,404327403520,8589930496,5132599296,114688
9,1791560640242,2500,2499,799,800,800,799,800,800,2500,2500,2500,2499,2500,2500,800,800,5.263157844543457,0,0,100,0,0,0,5,0,0,0,0,0,0,0,0,142355.85711669922,86119.74829101563,0,404327403520,8589930496,5132599296,114688
10,1791560640252,2500,2499,799,800,800,799,800,800,2500,2500,2500,2499,2500,2500,800,800,5.263157844543457,0,0,100,0,0,0,5,0,0,0,0,0,0,0,0,142356.0030517578,86120.06481933594,0,404327403520,8589930496,5132599296,114688
9,1791560640263,2500,2499,799,800,800,799,800,800,2500,2500,2500,2499,2500,2500,800,800,5.263157844543457,0,0,100,0,0,0,5,0,0,0,0,0,0,0,0,142356.15447998047,86120.38177490234,0,404327403520,8589930496,5132599296,114688
9,1791560640273,2500,2499,799,800,800,799,800,800,2500,2500,2500,2499,2500,2500,800,800,5.263157844543457,0,0,100,0,0,0,5,0,0,0,0,0,0,0,0,142356.31567382813,86120.72741699219,0,404327403520,8589930496,5132599296,114688
10,1791560640283,2500,2499,799,800,800,799,800,800,2500,2500,2500,2499,2500,2500,800,800,10,0,0,85.71428680419922,10.526315689086914,0,0,5.263157844543457,0,0,0,0,0,0,0,0,142356.4464111328,86121.01574707031,0,404327403520,8589930496,5132599296,114688
9,1791560640293,2500,2499,799,800,800,799,800,800,2500,2500,2500,2499,2500,2500,800,800,10,0,0,85.71428680419922,10.526315689086914,0,0,5.263157844543457,0,0,0,0,0,0,0,0,142356.59674072266,86121.3291015625,0,404327403520,8589930496,5132599296,114688
9,1791560640303,2500,2499,799,800,800,799,800,800,2500,2500,2500,2499,2500,2500,800,800,10,0,0,85.71428680419922,10.526315689086914,0,0,5.263157844543457,0,0,0,0,0,0,0,0,142356.76135253906,86121.68255615234,0,404327403520,8589930496,5132599296,114688
9,1791560640313,2500,2499,799,800,800,799,800,800,2500,2500,2500,2499,2500,2500,800,800,10,0,0,85.71428680419922,10.526315689086914,0,0,5.263157844543457,0,0,0,0,0,0,0,0,142356.91094970703,86121.99987792969,0,404327403520,8589930496,5132599296,114688
9,1791560640323,2500,2499,799,800,800,799,800,800,2500,2500,2500,2499,2500,2500,800,800,10,0,0,85.71428680419922,10.526315689086914,0,0,5.263157844543457,0,0,0,0,0,0,0,0,142357.06274414063,86122.31713867188,0,404327403520,8589930496,5132599296,114688
9,1791560640333,2500,2499,799,800,800,799,800,800,2500,2500,2500,2499,2500,2500,800,800,10,0,0,85.71428680419922,10.526315689086914,0,0,5.263157844543457,0,0,0,0,0,0,0,0,142357.2088623047,86122.63745117188,0,404327403520,8589930496,5132599296,114688
10,1791560640343,2500,2499,799,800,800,799,800,800,2500,2500,2500,2499,2500,2500,800,800,10,0,0,85.71428680419922,10.526315689086914,0,0,5.263157844543457,0,0,0,0,0,0,0,0,142357.35626220703,86122.95526123047,0,404327403520,8589930496,5132599296,114688
10,1791560640353,2500,2499,799,800,800,799,800,800,2500,2500,2500,2499,2500,2500,800,800,10,0,0,85.71428680419922,10.526315689086914,0,0,5.263157844543457,0,0,0,0,0,0,0,0,142357.50256347656,86123.27233886719,0,404327403520,8589930496,5132599296,114688
9,1791560640363,2500,2499,799,800,800,799,800,800,2500,2500,2500,2499,2500,2500,800,800,10,0,0,85.71428680419922,10.526315689086914,0,0,5.263157844543457,0,0,0,0,0,0,0,0,142357.64904785156,86123.587890625,0,404327403520,8589930496,5132599296,114688
10,1791560640373,2500,2499,799,800,800,799,800,800,2500,2500,2500,2499,2500,2500,800,800,10,0,0,85.71428680419922,10.526315689086914,0,0,5.263157844543457,0,0,0,0,0,0,0,0,142357.80047607422,86123.90411376953,0,404327403520,8589930496,5132599296,114688
9,1791560640383,2500,2499,799,800,800,799,800,800,2500,2500,2500,2499,2500,2500,800,800,10,0,0,85.71428680419922,10.526315689086914,0,0,5.263157844543457,0,0,0,0,0,0,0,0,142357.9442138672,86124.22357177734,0,404327403520,8589930496,5132599296,114688
9,1791560640394,2500,2499,799,800,800,799,800,800,2500,2500,2500,2499,2500,2500,800,800,10,0,0,85.71428680419922,10.526315689086914,0,0,5.263157844543457,0,0,0,0,0,0,0,0,142358.09228515625,86124.54125976563,0,404327403520,8589930496,5132599296,114688
9,1791560640404,2500,2499,799,800,800,799,800,800,2500,2500,2500,2499,2500,2500,800,800,10,0,0,85.71428680419922,10.526315689086914,0,0,5.263157844543457,0,0,0,0,0,0,0,0,142358.23693847656,86124.86157226563,0,404327403520,8589930496,5132599296,114688
9,1791560640414,2500,2499,799,800,800,799,800,800,2500,2500,2500,2499,2500,2500,800,800,10,0,0,85.71428680419922,10.526315689086914,0,0,5.263157844543457,0,0,0,0,0,0,0,0,142358.38397216797,86125.17834472656,0,404327403520,8589930496,5132599296,114688
9,1791560640424,2500,2499,799,800,800,799,800,800,2500,2500,2500,2499,2500,2500,800,800,10,0,0,85.71428680419922,10.526315689086914,0,0,5.263157844543457,0,0,0,0,0,0,0,0,142358.53283691406,86125.4970703125,0,404327403520,8589930496,5132599296,114688
9,1791560640434,2500,2499,799,800,800,799,800,800,2500,2500,2500,2499,2500,2500,800,800,10,0,0,85.71428680419922,10.526315689086914,0,0,5.263157844543457,0,0,0,0,0,0,0,0,142358.68096923828,86125.81842041016,0,404327403520,8589930496,5132599296,114688
9,1791560640444,2500,2499,799,800,800,799,800,800,2500,2500,2500,2499,2500,2500,800,800,10,0,0,85.71428680419922,10.526315689086914,0,0,5.263157844543457,0,0,0,0,0,0,0,0,142358.849609375,86126.16613769531,0,404327403520,8589930496,5132599296,114688
9,1791560640454,2500,2499,799,800,800,799,800,800,2500,2500,2500,2499,2500,2500,800,800,10,0,0,85.71428680419922,10.526315689086914,0,0,5.263157844543457,0,0,0,0,0,0,0,0,142358.99884033203,86126.48522949219,0,404327403520,8589930496,5132599296,114688
9,1791560640464,2500,2499,799,800,800,799,800,800,2500,2500,2500,2499,2500,2500,800,800,10,0,0,85.71428680419922,10.526315689086914,0,0,5.263157844543457,0,0,0,0,0,0,0,0,142359.1489868164,86126.80255126953,0,404327403520,8589930496,5132599296,114688
9,1791560640474,2500,2499,799,800,800,799,800,800,2500,2500,2500,2499,2500,2500,800,800,10,0,0,85.71428680419922,10.526315689086914,0,0,5.263157844543457,0,0,0,0,0,0,0,0,142359.29962158203,86127.11865234375,0,404327403520,8589930496,5132599296,114688
9,1791560640484,2500,2499,799,800,800,799,800,800,2500,2500,2500,2499,2500,2500,800,800,10,0,0,0,100,0,0,0,0,0,0,0,0,0,0,0,142359.44500732422,86127.43487548828,0,404327403520,8589930496,5132599296,114688
10,1791560640494,2500,2499,799,800,800,799,800,800,2500,2500,2500,2499,2500,2500,800,800,10,0,0,0,100,0,0,0,0,0,0,0,0,0,0,0,142359.5916748047,86127.75268554688,0,404327403520,8589930496,5132599296,114688
9,1791560640504,2500,2499,799,800,800,799,800,800,2500,2500,2500,2499,2500,2500,800,800,10,0,0,0,100,0,0,0,0,0,0,0,0,0,0,0,142359.7421875,86128.0703125,0,404327403520,8589930496,5132599296,114688
10,1791560640514,2500,2499,799,800,800,799,800,800,2500,2500,2500,2499,2500,2500,800,800,10,0,0,0,100,0,0,0,0,0,0,0,0,0,0,0,142359.89031982422,86128.38665771484,0,404327403520,8589930496,5132599296,114688
9,1791560640524,2500,2499,799,800,800,799,800,800,2500,2500,2500,2499,2500,2500,800,800,10,0,0,0,100,0,0,0,0,0,0,0,0,0,0,0,142360.044921875,86128.70678710938,0,404327403520,8589930496,5132599296,114688
9,1791560640534,2500,2499,799,800,800,799,800,800,2500,2500,2500,2499,2500,2500,800,800,10,0,0,0,100,0,0,0,0,0,0,0,0,0,0,0,142360.1893310547,86129.02331542969,0,404327403520,8589930496,5132599296,114688
10,1791560640544,2500,2499,799,800,800,799,800,800,2500,2500,2500,2499,2500,2500,800,800,10,0,0,0,100,0,0,0,0,0,0,0,0,0,0,0,142360.33819580078,86129.34545898438,0,404327403520,8589930496,5132599296,114688
9,1791560640555,2500,2499,799,800,800,799,800,800,2500,2500,2500,2499,2500,2500,800,800,10,0,0,0,100,0,0,0,0,0,0,0,0,0,0,0,142360.48999023438,86129.6615600586,0,404327403520,8589930496,5132599296,114688
9,1791560640565,2500,2499,799,800,800,799,800,800,2500,2500,2500,2499,2500,2500,800,800,10,0,0,0,100,0,0,0,0,0,0,0,0,0,0,0,142360.6421508789,86129.97869873047,0,404327403520,8589930496,5132599296,114688
9,1791560640575,2500,2499,799,800,800,799,800,800,2500,2500,2500,2499,2500,2500,800,800,10,0,0,0,100,0,0,0,0,0,0,0,0,0,0,0,142360.78680419922,86130.29461669922,0,404327403520,8589930496,5132599296,114688
9,1791560640585,2500,2499,799,800,800,799,800,800,2500,2500,2500,2499,2500,2500,800,800,10,0,0,0,100,0,0,0,0,0,0,0,0,0,0,0,142360.93035888672,86130.61224365234,0,404327403520,8589930496,5132599296,114688
10,1791560640595,2500,2499,799,800,800,799,800,800,2500,2500,2500,2499,2500,2500,800,800,10,0,0,0,100,0,0,0,0,0,0,0,0,0,0,0,142361.07940673828,86130.92608642578,0,404327403520,8589930496,5132599296,114688
9,1791560640605,2500,2499,799,800,800,799,800,800,2500,2500,2500,2499,2500,2500,800,800,10,0,0,0,100,0,0,0,0,0,0,0,0,0,0,0,142361.22607421875,86131.20764160156,0,404327403520,8589930496,5132599296,114688
9,1791560640615,2500,2499,799,800,800,799,800,800,2500,2500,2500,2499,2500,2500,800,800,10,0,0,0,100,0,0,0,0,0,0,0,0,0,0,0,142361.36834716797,86131.56018066406,0,404327403520,8589930496,5132599296,114688
9,1791560640625,2500,2499,799,800,800,799,800,800,2500,2500,2500,2499,2500,2500,800,800,10,0,0,0,100,0,0,0,0,0,0,0,0,0,0,0,142361.5164794922,86131.875,0,404327403520,8589930496,5132599296,114688
9,1791560640635,2500,2499,799,800,800,799,800,800,2500,2500,2500,2499,2500,2500,800,800,10,0,0,0,100,0,0,0,0,0,0,0,0,0,0,0,142361.66479492188,86132.19171142578,0,404327403520,8589930496,5132599296,114688
10,1791560640645,2500,2499,799,800,800,799,800,800,2500,2500,2500,2499,2500,2500,800,800,10,0,0,0,100,0,0,0,0,0,0,0,0,0,0,0,142361.8169555664,86132.50549316406,0,404327403520,8589930496,5132599296,114688
10,1791560640655,2500,2499,799,800,800,799,800,800,2500,2500,2500,2499,2500,2500,800,800,10,0,0,0,100,0,0,0,0,0,0,0,0,0,0,0,142361.98010253906,86132.85552978516,0,404327403520,8589930496,5132599296,114688
9,1791560640665,2500,2499,799,800,800,799,800,800,2500,2500,2500,2499,2500,2500,800,800,10,0,0,0,100,0,0,0,0,0,0,0,0,0,0,0,142362.1314086914,86133.16906738281,0,404327403520,8589930496,5132599296,114688
9,1791560640675,2500,2499,799,800,800,799,800,800,2500,2500,2500,2499,2500,2500,800,800,10,0,0,0,100,0,0,0,0,0,0,0,0,0,0,0,142362.27770996094,86133.4877319336,0,404327403520,8589930496,5132599296,114688
9,1791560640686,2500,2499,799,800,800,799,800,800,2500,2500,2500,2499,2500,2500,800,800,5,5,0,0,100,0,0,0,0,0,0,0,0,0,0,0,142362.42626953125,86133.80535888672,0,404327403520,8589930496,5132599296,114688
9,1791560640696,2500,2499,799,800,800,799,800,800,2500,2500,2500,2499,2500,2500,800,800,5,5,0,0,100,0,0,0,0,0,0,0,0,0,0,0,142362.58319091797,86134.12634277344,0,404327403520,8589930496,5132599296,114688
9,1791560640706,2500,2499,799,800,800,799,800,800,2500,2500,2500,2499,2500,2500,800,800,5,5,0,0,100,0,0,0,0,0,0,0,0,0,0,0,142362.7388305664,86134.44592285156,0,404327403520,8589930496,5132599296,114688
9,1791560640716,2500,2499,799,800,800,799,800,800,2500,2500,2500,2499,2500,2500,800,800,5,5,0,0,100,0,0,0,0,0,0,0,0,0,0,0,142362.88201904297,86134.75946044922,0,404327403520,8589930496,5132599296,114688
10,1791560640726,2500,2499,799,800,800,799,800,800,2500,2500,2500,2499,2500,2500,800,800,5,5,0,0,100,0,0,0,0,0,0,0,0,0,0,0,142363.03582763672,86135.07055664063,0,404327403520,8589930496,5132599296,114688
9,1791560640736,2500,2499,799,800,800,799,800,800,2500,2500,2500,2499,2500,2500,800,800,5,5,0,0,100,0,0,0,0,0,0,0,0,0,0,0,142363.18579101563,86135.39068603516,0,404327403520,8589930496,5132599296,114688
9,1791560640746,2500,2499,799,800,800,799,800,800,2500,2500,2500,2499,2500,2500,800,800,5,5,0,0,100,0,0,0,0,0,0,0,0,0,0,0,142363.33520507813,86135.71075439453,0,404327403520,8589930496,5132599296,114688
9,1791560640756,2500,2499,799,800,800,799,800,800,2500,2500,2500,2499,2500,2500,800,800,5,5,0,0,100,0,0,0,0,0,0,0,0,0,0,0,142363.48663330078,86136.02600097656,0,404327403520,8589930496,5132599296,114688
10,1791560640766,2500,2499,799,800,800,799,800,800,2500,2500,2500,2499,2500,2500,800,800,5,5,0,0,100,0,0,0,0,0,0,0,0,0,0,0,142363.6368408203,86136.34252929688,0,404327403520,8589930496,5132599296,114688
9,1791560640776,2500,2499,799,800,800,799,800,800,2500,2500,2500,2499,2500,2500,800,800,5,5,0,0,100,0,0,0,0,0,0,0,0,0,0,0,142363.79998779297,86136.6928100586,0,404327403520,8589930496,5132599296,114688
10,1791560640786,2500,2499,799,800,800,799,800,800,2500,2500,2500,2499,2500,2500,800,800,5,5,0,0,100,0,0,0,0,0,0,0,0,0,0,0,142363.94024658203,86136.97717285156,0,404327403520,8589930496,5132599296,114688
9,1791560640796,2500,2499,799,800,800,799,800,800,2500,2500,2500,2499,2500,2500,800,800,5,5,0,0,100,0,0,0,0,0,0,0,0,0,0,0,142364.1004638672,86137.32623291016,0,404327403520,8589930496,5132599296,114688
9,1791560640806,2500,2499,799,800,800,799,800,800,2500,2500,2500,2499,2500,2500,800,800,5,5,0,0,100,0,0,0,0,0,0,0,0,0,0,0,142364.25006103516,86137.64562988281,0,404327403520,8589930496,5132599296,114688
9,1791560640816,2500,2499,799,800,800,799,800,800,2500,2500,2500,2499,2500,2500,800,800,5,5,0,0,100,0,0,0,0,0,0,0,0,0,0,0,142364.4038696289,86137.96728515625,0,404327403520,8589930496,5132599296,114688
9,1791560640827,2500,2499,799,800,800,799,800,800,2500,2500,2500,2499,2500,2500,800,800,5,5,0,0,100,0,0,0,0,0,0,0,0,0,0,0,142364.55072021484,86138.29016113281,0,404327403520,8589930496,5132599296,114688
9,1791560640837,2500,2499,799,800,800,799,800,800,2500,2500,2500,2499,2500,2500,800,800,5,5,0,0,100,0,0,0,0,0,0,0,0,0,0,0,142364.70141601563,86138.61248779297,0,404327403520,8589930496,5132599296,114688
10,1791560640847,2500,2499,799,800,800,799,800,800,2500,2500,2500,2499,2500,2500,800,800,5,5,0,0,100,0,0,0,0,0,0,0,0,0,0,0,142364.8475341797,86138.93096923828,0,404327403520,8589930496,5132599296,114688
10,1791560640857,2500,2499,799,800,800,799,800,800,2500,2500,2500,2499,2500,2500,800,800,5,5,0,0,100,0,0,0,0,0,0,0,0,0,0,0,142364.9991455078,86139.24816894531,0,404327403520,8589930496,5132599296,114688
9,1791560640867,2500,2499,799,800,800,799,800,800,2500,2500,2500,2499,2500,2500,800,800,5,5,0,0,100,0,0,0,0,0,0,0,0,0,0,0,142365.15203857422,86139.56744384766,0,404327403520,8589930496,5132599296,114688
9,1791560640877,2500,2499,799,800,800,799,800,800,2500,2500,2500,2499,2500,2500,800,800,5,5,0,0,100,0,0,0,0,0,0,0,0,0,0,0,142365.3074951172,86139.88739013672,0,404327403520,8589930496,5132599296,114688
9,1791560640887,2500,2499,799,800,800,799,800,800,2500,2500,2500,2499,2500,2500,800,800,14.285715103149414,0,0,0,100,0,0,0,0,0,0,0,0,0,0,0,142365.4624633789,86140.20788574219,0,404327403520,8589930496,5132599296,114688
10,1791560640897,2500,2499,799,800,800,799,800,800,2500,2500,2500,2499,2500,2500,800,800,14.285715103149414,0,0,0,100,0,0,0,0,0,0,0,0,0,0,0,142365.62048339844,86140.52423095703,0,404327403520,8589930496,5132599296,114688
10,1791560640907,2500,2499,799,800,800,799,800,800,2500,2500,2500,2499,2500,2500,800,800,14.285715103149414,0,0,0,100,0,0,0,0,0,0,0,0,0,0,0,142365.76623535156,86140.84497070313,0,404327403520,8589930496,5132599296,114688
9,1791560640917,2500,2499,799,800,800,799,800,800,2500,2500,2500,2499,2500,2500,800,800,14.285715103149414,0,0,0,100,0,0,0,0,0,0,0,0,0,0,0,142365.91540527344,86141.16479492188,0,404327403520,8589930496,5132599296,114688
9,1791560640927,2500,2499,799,800,800,799,800,800,2500,2500,2500,2499,2500,2500,800,800,14.285715103149414,0,0,0,100,0,0,0,0,0,0,0,0,0,0,0,142366.06439208984,86141.48608398438,0,404327403520,8589930496,5132599296,114688
9,1791560640937,2500,2499,799,800,800,799,800,800,2500,2500,2500,2499,2500,2500,800,800,14.285715103149414,0,0,0,100,0,0,0,0,0,0,0,0,0,0,0,142366.21838378906,86141.80395507813,0,404327403520,8589930496,5132599296,114688
9,1791560640947,2500,2499,799,800,800,799,800,800,2500,2500,2500,2499,2500,2500,800,800,14.285715103149414,0,0,0,100,0,0,0,0,0,0,0,0,0,0,0,142366.38720703125,86142.15649414063,0,404327403520,8589930496,5132599296,114688
9,1791560640957,2500,2499,799,800,800,799,800,800,2500,2500,2500,2499,2500,2500,800,800,14.285715103149414,0,0,0,100,0,0,0,0,0,0,0,0,0,0,0,142366.52252197266,86142.44543457031,0,404327403520,8589930496,5132599296,114688
10,1791560640967,2500,2499,799,800,800,799,800,800,2500,2500,2500,2499,2500,2500,800,800,14.285715103149414,0,0,0,100,0,0,0,0,0,0,0,0,0,0,0,142366.67266845703,86142.76202392578,0,404327403520,8589930496,5132599296,114688
10,1791560640977,2500,2499,799,800,800,799,800,800,2500,2500,2500,2499,2500,2500,800,800,14.285715103149414,0,0,0,100,0,0,0,0,0,0,0,0,0,0,0,142366.82263183594,86143.07946777344,0,404327403520,8589930496,5132599296,114688
10,1791560640988,2500,2499,799,800,800,799,800,800,2500,2500,2500,2499,2500,2500,800,800,14.285715103149414,0,0,0,100,0,0,0,0,0,0,0,0,0,0,0,142366.98834228516,86143.4326171875,0,404327403520,8589930496,5132599296,114688
9,1791560640998,2500,2499,799,800,800,799,800,800,2500,2500,2500,2499,2500,2500,800,800,14.285715103149414,0,0,0,100,0,0,0,0,0,0,0,0,0,0,0,142367.13543701172,86143.74951171875,0,404327403520,8589930496,5132599296,114688
9,1791560641008,2500,2499,799,800,800,799,800,800,2500,2500,2500,2499,2500,2500,800,800,14.285715103149414,0,0,0,100,0,0,0,0,0,0,0,0,0,0,0,142367.28649902344,86144.07000732422,0,404327403520,8589930496,5132599296,114688
9,1791560641018,2500,2499,799,800,800,799,800,800,2500,2500,2500,2499,2500,2500,800,800,14.285715103149414,0,0,0,100,0,0,0,0,0,0,0,0,0,0,0,142367.43481445313,86144.38873291016,0,404327403520,8589930496,5132599296,114688
9,1791560641028,2500,2499,799,800,800,799,800,800,2500,2500,2500,2499,2500,2500,800,800,14.285715103149414,0,0,0,100,0,0,0,0,0,0,0,0,0,0,0,142367.5814819336,86144.71087646484,0,404327403520,8589930496,5132599296,114688
9,1791560641038,2500,2499,799,800,800,799,800,800,2500,2500,2500,2499,2500,2500,800,800,14.285715103149414,0,0,0,100,0,0,0,0,0,0,0,0,0,0,0,142367.728515625,86145.0307006836,0,404327403520,8589930496,5132599296,114688
9,1791560641048,2500,2499,799,800,800,799,800,800,2500,2500,2500,2499,2500,2500,800,800,14.285715103149414,0,0,0,100,0,0,0,0,0,0,0,0,0,0,0,142367.87774658203,86145.34783935547,0,404327403520,8589930496,5132599296,114688
9,1791560641058,2500,2499,799,800,800,799,800,800,2500,2500,2500,2499,2500,2500,800,800,14.285715103149414,0,0,0,100,0,0,0,0,0,0,0,0,0,0,0,142368.02514648438,86145.6683959961,0,404327403520,8589930496,5132599296,114688
9,1791560641068,2500,2499,799,800,800,799,800,800,2500,2500,2500,2499,2500,2500,800,800,14.285715103149414,0,0,0,100,0,0,0,0,0,0,0,0,0,0,0,142368.17822265625,86145.99969482422,0,404327403520,8589930496,5132599296,114688
9,1791560641078,2500,2499,799,800,800,799,800,800,2500,2500,2500,2499,2500,2500,800,800,14.285715103149414,0,0,0,100,0,0,0,0,0,0,0,0,0,0,0,142368.33038330078,86146.3193359375,0,404327403520,8589930496,5132599296,114688
9,1791560641088,2500,2499,799,800,800,799,800,800,2500,2500,2500,2499,2500,2500,800,800,10,0,0,5,100,0,0,0,0,0,0,0,0,0,0,0,142368.47686767578,86146.63653564453,0,404327403520,8589930496,5132599296,114688
9,1791560641098,2500,2499,799,800,800,799,800,800,2500,2500,2500,2499,2500,2500,800,800,10,0,0,5,100,0,0,0,0,0,0,0,0,0,0,0,142368.62719726563,86146.95336914063,0,404327403520,8589930496,5132599296,114688
9,1791560641109,2500,2499,799,800,800,799,800,800,2500,2500,2500,2499,2500,2500,800,800,10,0,0,5,100,0,0,0,0,0,0,0,0,0,0,0,142368.7764892578,86147.2778930664,0,404327403520,8589930496,5132599296,114688
9,1791560641119,2500,2499,799,800,800,799,800,800,2500,2500,2500,2499,2500,2500,800,800,10,0,0,5,100,0,0,0,0,0,0,0,0,0,0,0,142368.94110107422,86147.6337890625,0,404327403520,8589930496,5132599296,114688
9,1791560641129,2500,2499,799,800,800,799,800,800,2500,2500,2500,2499,2500,2500,800,800,10,0,0,5,100,0,0,0,0,0,0,0,0,0,0,0,142369.07550048828,86147.9223022461,0,404327403520,8589930496,5132341248,114688
10,1791560641139,2500,2499,799,800,800,799,800,800,2500,2500,2500,2499,2500,2500,800,800,10,0,0,5,100,0,0,0,0,0,0,0,0,0,0,0,142369.2296142578,86148.24658203125,0,404327403520,8589930496,5132341248,114688
9,1791560641149,2500,2499,799,800,800,799,800,800,2500,2500,2500,2499,2500,2500,800,800,10,0,0,5,100,0,0,0,0,0,0,0,0,0,0,0,142369.3914794922,86148.59814453125,0,404327403520,8589930496,5132341248,114688
10,1791560641159,2500,2499,799,800,800,799,800,800,2500,2500,2500,2499,2500,2500,800,800,10,0,0,5,100,0,0,0,0,0,0,0,0,0,0,0,142369.54052734375,86148.91888427734,0,404327403520,8589930496,5132341248,114688
9,1791560641169,2500,2499,799,800,800,799,800,800,2500,2500,2500,2499,2500,2500,800,800,10,0,0,5,100,0,0,0,0,0,0,0,0,0,0,0,142369.68298339844,86149.24029541016,0,404327403520,8589930496,5132341248,114688
9,1791560641179,2500,2499,799,800,800,799,800,800,2500,2500,2500,2499,2500,2500,800,800,10,0,0,5,100,0,0,0,0,0,0,0,0,0,0,0,142369.83294677734,86149.56341552734,0,404327403520,8589930496,5132341248,114688
9,1791560641189,2500,2499,799,800,800,799,800,800,2500,2500,2500,2499,2500,2500,800,800,10,0,0,5,100,0,0,0,0,0,0,0,0,0,0,0,142369.9794921875,86149.8832397461,0,404327403520,8589930496,5132341248,114688
9,1791560641199,2500,2499,799,800,800,799,800,800,2500,2500,2500,2499,2500,2500,800,800,10,0,0,5,100,0,0,0,0,0,0,0,0,0,0,0,142370.12799072266,86150.20959472656,0,404327403520,8589930496,5132341248,114688
9,1791560641209,2500,2499,799,800,800,799,800,800,2500,2500,2500,2499,2500,2500,800,800,10,0,0,5,100,0,0,0,0,0,0,0,0,0,0,0,142370.2724609375,86150.52838134766,0,404327403520,8589930496,5132341248,114688
9,1791560641219,2500,2499,799,800,800,799,800,800,2500,2500,2500,2499,2500,2500,800,800,10,0,0,5,100,0,0,0,0,0,0,0,0,0,0,0,142370.41967773438,86150.84399414063,0,404327403520,8589930496,5132341248,114688
10,1791560641229,2500,2499,799,800,800,799,800,800,2500,2500,2500,2499,2500,2500,800,800,10,0,0,5,100,0,0,0,0,0,0,0,0,0,0,0,142370.568359375,86151.16021728516,0,404327403520,8589930496,5132341248,114688
10,1791560641239,2500,2499,799,800,800,799,800,800,2500,2500,2500,2499,2500,2500,800,800,10,0,0,5,100,0,0,0,0,0,0,0,0,0,0,0,142370.71923828125,86151.48272705078,0,404327403520,8589930496,5132341248,114688
9,1791560641250,2500,2499,799,800,800,799,800,800,2500,2500,2500,2499,2500,2500,800,800,10,0,0,5,100,0,0,0,0,0,0,0,0,0,0,0,142370.87915039063,86151.8062133789,0,404327403520,8589930496,5132341248,114688
9,1791560641260,2500,2499,799,800,800,799,800,800,2500,2500,2500,2499,2500,2500,800,800,10,0,0,5,100,0,0,0,0,0,0,0,0,0,0,0,142371.0267944336,86152.12799072266,0,404327403520,8589930496,5132341248,114688
10,1791560641270,2500,2499,799,800,800,799,800,800,2500,2500,2500,2499,2500,2500,800,800,10,0,0,5,100,0,0,0,0,0,0,0,0,0,0,0,142371.17529296875,86152.44494628906,0,404327403520,8589930496,5132341248,114688
9,1791560641280,2500,2499,799,800,800,799,800,800,2500,2500,2500,2499,2500,2500,800,800,10,0,0,5,100,0,0,0,0,0,0,0,0,0,0,0,142371.3432006836,86152.79498291016,0,404327403520,8589930496,5132341248,114688
9,1791560641290,2500,2499,799,800,800,799,800,800,2500,2500,2500,2499,2500,2500,800,800,5.263157844543457,0,0,0,100,0,0,0,0,0,0,0,0,0,0,0,142371.49389648438,86153.11560058594,0,404327403520,8589930496,5132341248,114688
9,1791560641300,2500,2499,799,800,800,799,800,800,2500,2500,2500,2499,2500,2500,800,800,5.263157844543457,0,0,0,100,0,0,0,0,0,0,0,0,0,0,0,142371.64404296875,86153.43981933594,0,404327403520,8589930496,5132341248,114688
9,1791560641310,2500,2499,799,800,800,799,800,800,2500,2500,2500,2499,2500,2500,800,800,5.263157844543457,0,0,0,100,0,0,0,0,0,0,0,0,0,0,0,142371.79290771484,86153.76983642578,0,404327403520,8589930496,5132341248,114688
9,1791560641320,2500,2499,799,800,800,799,800,800,2500,2500,2500,2499,2500,2500,800,800,5.263157844543457,0,0,0,100,0,0,0,0,0,0,0,0,0,0,0,142371.94158935547,86154.08508300781,0,404327403520,8589930496,5132341248,114688
9,1791560641330,2500,2499,799,800,800,799,800,800,2500,2500,2500,2499,2500,2500,800,800,5.263157844543457,0,0,0,100,0,0,0,0,0,0,0,0,0,0,0,142372.09283447266,86154.40844726563,0,404327403520,8589930496,5132341248,114688
10,1791560641340,2500,2499,799,800,800,799,800,800,2500,2500,2500,2499,2500,2500,800,800,5.263157844543457,0,0,0,100,0,0,0,0,0,0,0,0,0,0,0,142372.2442626953,86154.73211669922,0,404327403520,8589930496,5132341248,114688
9,1791560641350,2500,2499,799,800,800,799,800,800,2500,2500,2500,2499,2500,2500,800,800,5.263157844543457,0,0,0,100,0,0,0,0,0,0,0,0,0,0,0,142372.39038085938,86155.0473022461,0,404327403520,8589930496,5132341248,114688
9,1791560641360,2500,2499,799,800,800,799,800,800,2500,2500,2500,2499,2500,2500,800,800,5.263157844543457,0,0,0,100,0,0,0,0,0,0,0,0,0,0,0,142372.5430908203,86155.37103271484,0,404327403520,8589930496,5132341248,114688
9,1791560641370,2500,2499,799,800,800,799,800,800,2500,2500,2500,2499,2500,2500,800,800,5.263157844543457,0,0,0,100,0,0,0,0,0,0,0,0,0,0,0,142372.69232177734,86155.6859741211,0,404327403520,8589930496,5132341248,114688
9,1791560641380,2500,2499,799,800,800,799,800,800,2500,2500,2500,2499,2500,2500,800,800,5.263157844543457,0,0,0,100,0,0,0,0,0,0,0,0,0,0,0,142372.841796875,86156.00286865234,0,404327403520,8589930496,5132341248,114688
9,1791560641391,2500,2499,799,800,800,799,800,800,2500,2500,2500,2499,2500,2500,800,800,5.263157844543457,0,0,0,100,0,0,0,0,0,0,0,0,0,0,0,142372.9926147461,86156.33038330078,0,404327403520,8589930496,5132341248,114688
10,1791560641400,2500,2499,799,800,800,799,800,800,2500,2500,2500,2499,2500,2500,800,800,5.263157844543457,0,0,0,100,0,0,0,0,0,0,0,0,0,0,0,142373.1444091797,86156.63500976563,0,404327403520,8589930496,5132341248,114688
9,1791560641411,2500,2499,799,800,800,799,800,800,2500,2500,2500,2499,2500,2500,800,800,5.263157844543457,0,0,0,100,0,0,0,0,0,0,0,0,0,0,0,142373.29986572266,86156.96032714844,0,404327403520,8589930496,5132341248,114688
9,1791560641421,2500,2499,799,800,800,799,800,800,2500,2500,2500,2499,2500,2500,800,800,5.263157844543457,0,0,0,100,0,0,0,0,0,0,0,0,0,0,0,142373.45294189453,86157.27819824219,0,404327403520,8589930496,5132341248,114688
9,1791560641431,2500,2499,799,800,800,799,800,800,2500,2500,2500,2499,2500,2500,800,800,5.263157844543457,0,0,0,100,0,0,0,0,0,0,0,0,0,0,0,142373.6083984375,86157.59826660156,0,404327403520,8589930496,5132341248,114688
9,1791560641441,2500,2499,799,800,800,799,800,800,2500,2500,2500,2499,2500,2500,800,800,5.263157844543457,0,0,0,100,0,0,0,0,0,0,0,0,0,0,0,142373.7589111328,86157.91760253906,0,404327403520,8589930496,5132341248,114688
9,1791560641451,2500,2499,799,800,800,799,800,800,2500,2500,2500,2499,2500,2500,800,800,5.263157844543457,0,0,0,100,0,0,0,0,0,0,0,0,0,0,0,142373.90814208984,86158.23742675781,0,404327403520,8589930496,5132341248,114688
9,1791560641461,2500,2499,799,800,800,799,800,800,2500,2500,2500,2499,2500,2500,800,800,5.263157844543457,0,0,0,100,0,0,0,0,0,0,0,0,0,0,0,142374.0753173828,86158.58715820313,0,404327403520,8589930496,5132341248,114688
9,1791560641471,2500,2499,799,800,800,799,800,800,2500,2500,2500,2499,2500,2500,800,800,5.263157844543457,0,0,0,100,0,0,0,0,0,0,0,0,0,0,0,142374.22088623047,86158.90826416016,0,404327403520,8589930496,5132341248,114688
9,1791560641481,2500,2499,799,800,800,799,800,800,2500,2500,2500,2499,2500,2500,800,800,5.263157844543457,0,0,0,100,0,0,0,0,0,0,0,0,0,0,0,142374.37536621094,86159.22863769531,0,404327403520,8589930496,5132341248,114688
9,1791560641491,2500,2499,799,800,800,799,800,800,2500,2500,2500,2499,2500,2500,800,800,13.636363983154297,0,0,0,100,0,0,0,0,0,0,0,0,0,0,0,142374.5220336914,86159.55004882813,0,404327403520,8589930496,5132341248,114688
9,1791560641501,2500,2499,799,800,800,799,800,800,2500,2500,2500,2499,2500,2500,800,800,13.636363983154297,0,0,0,100,0,0,0,0,0,0,0,0,0,0,0,142374.67309570313,86159.8687133789,0,404327403520,8589930496,5132341248,114688
9,1791560641511,2500,2499,799,800,800,799,800,800,2500,2500,2500,2499,2500,2500,800,800,13.636363983154297,0,0,0,100,0,0,0,0,0,0,0,0,0,0,0,142374.82360839844,86160.19079589844,0,404327403520,8589930496,5132341248,114688
10,1791560641521,2500,2499,799,800,800,799,800,800,2500,2500,2500,2499,2500,2500,800,800,13.636363983154297,0,0,0,100,0,0,0,0,0,0,0,0,0,0,0,142374.97888183594,86160.51525878906,0,404327403520,8589930496,5132341248,114688
9,1791560641532,2500,2499,799,800,800,799,800,800,2500,2500,2500,2499,2500,2500,800,800,13.636363983154297,0,0,0,100,0,0,0,0,0,0,0,0,0,0,0,142375.1279296875,86160.83728027344,0,404327403520,8589930496,5132341248,114688
10,1791560641541,2500,2499,799,800,800,799,800,800,2500,2500,2500,2499,2500,2500,800,800,13.636363983154297,0,0,0,100,0,0,0,0,0,0,0,0,0,0,0,142375.2797241211,86161.15655517578,0,404327403520,8589930496,5132341248,114688
9,1791560641552,2500,2499,799,800,800,799,800,800,2500,2500,2500,2499,2500,2500,800,800,13.636363983154297,0,0,0,100,0,0,0,0,0,0,0,0,0,0,0,142375.42236328125,86161.47784423828,0,404327403520,8589930496,5132341248,114688
9,1791560641562,2500,2499,799,800,800,799,800,800,2500,2500,2500,2499,2500,2500,800,800,13.636363983154297,0,0,0,100,0,0,0,0,0,0,0,0,0,0,0,142375.5698852539,86161.80041503906,0,404327403520,8589930496,5132341248,114688
9,1791560641572,2500,2499,799,800,800,799,800,800,2500,2500,2500,2499,2500,2500,800,800,13.636363983154297,0,0,0,100,0,0,0,0,0,0,0,0,0,0,0,142375.72003173828,86162.12274169922,0,404327403520,8589930496,5132341248,114688
9,1791560641582,2500,2499,799,800,800,799,800,800,2500,2500,2500,2499,2500,2500,800,800,13.636363983154297,0,0,0,100,0,0,0,0,0,0,0,0,0,0,0,142375.87036132813,86162.44146728516,0,404327403520,8589930496,5132341248,114688
9,1791560641592,2500,2499,799,800,800,799,800,800,2500,2500,2500,2499,2500,2500,800,800,13.636363983154297,0,0,0,100,0,0,0,0,0,0,0,0,0,0,0,142376.0170288086,86162.7603149414,0,404327403520,8589930496,5132341248,114688
9,1791560641602,2500,2499,799,800,800,799,800,800,2500,2500,2500,2499,2500,2500,800,800,13.636363983154297,0,0,0,100,0,0,0,0,0,0,0,0,0,0,0,142376.1646118164,86163.08288574219,0,404327403520,8589930496,5132341248,114688
9,1791560641612,2500,2499,799,800,800,799,800,800,2500,2500,2500,2499,2500,2500,800,800,13.636363983154297,0,0,0,100,0,0,0,0,0,0,0,0,0,0,0,142376.31701660156,86163.4037475586,0,404327403520,8589930496,5132341248,114688
9,1791560641622,2500,2499,799,800,800,799,800,800,2500,2500,2500,2499,2500,2500,800,800,13.636363983154297,0,0,0,100,0,0,0,0,0,0,0,0,0,0,0,142376.46130371094,86163.72143554688,0,404327403520,8589930496,5132341248,114688
9,1791560641632,2500,2499,799,800,800,799,800,800,2500,2500,2500,2499,2500,2500,800,800,13.636363983154297,0,0,0,100,0,0,0,0,0,0,0,0,0,0,0,142376.62280273438,86164.07727050781,0,404327403520,8589930496,5132341248,114688
9,1791560641642,2500,2499,799,800,800,799,800,800,2500,2500,2500,2499,2500,2500,800,800,13.636363983154297,0,0,0,100,0,0,0,0,0,0,0,0,0,0,0,142376.77239990234,86164.39575195313,0,404327403520,8589930496,5132341248,114688
10,1791560641652,2500,2499,799,800,800,799,800,800,2500,2500,2500,2499,2500,2500,800,800,13.636363983154297,0,0,0,100,0,0,0,0,0,0,0,0,0,0,0,142376.91845703125,86164.71215820313,0,404327403520,8589930496,5132341248,114688
10,1791560641662,2500,2499,799,800,800,799,800,800,2500,2500,2500,2499,2500,2500,800,800,13.636363983154297,0,0,0,100,0,0,0,0,0,0,0,0,0,0,0,142377.0629272461,86165.03332519531,0,404327403520,8589930496,5132341248,114688
9,1791560641673,2500,2499,799,800,800,799,800,800,2500,2500,2500,2499,2500,2500,800,800,13.636363983154297,0,0,0,100,0,0,0,0,0,0,0,0,0,0,0,142377.2094116211,86165.3525390625,0,404327403520,8589930496,5132341248,114688
9,1791560641683,2500,2499,799,800,800,799,800,800,2500,2500,2500,2499,2500,2500,800,800,13.636363983154297,0,0,0,100,0,0,0,0,0,0,0,0,0,0,0,142377.35845947266,86165.66912841797,0,404327403520,8589930496,5132341248,114688
9,1791560641693,2500,2499,799,800,800,799,800,800,2500,2500,2500,2499,2500,2500,800,800,10,0,0,0,100,0,0,0,0,0,0,0,0,0,0,0,142377.51025390625,86165.98907470703,0,404327403520,8589930496,5132341248,114688
9,1791560641703,2500,2499,799,800,800,799,800,800,2500,2500,2500,2499,2500,2500,800,800,10,0,0,0,100,0,0,0,0,0,0,0,0,0,0,0,142377.66241455078,86166.31036376953,0,404327403520,8589930496,5132341248,114688
10,1791560641713,2500,2499,799,800,800,799,800,800,2500,2500,2500,2499,2500,2500,800,800,10,0,0,0,100,0,0,0,0,0,0,0,0,0,0,0,142377.8145751953,86166.62036132813,0,404327403520,8589930496,5132341248,114688
9,1791560641723,2500,2499,799,800,800,799,800,800,2500,2500,2500,2499,2500,2500,800,800,10,0,0,0,100,0,0,0,0,0,0,0,0,0,0,0,142377.9610595703,86166.93725585938,0,404327403520,8589930496,5132341248,114688
9,1791560641733,2500,2499,799,800,800,799,800,800,2500,2500,2500,2499,2500,2500,800,800,10,0,0,0,100,0,0,0,0,0,0,0,0,0,0,0,142378.1083984375,86167.25482177734,0,404327403520,8589930496,5132341248,114688
10,1791560641743,2500,2499,799,800,800,799,800,800,2500,2500,2500,2499,2500,2500,800,800,10,0,0,0,100,0,0,0,0,0,0,0,0,0,0,0,142378.2607421875,86167.5717163086,0,404327403520,8589930496,5132341248,114688
9,1791560641753,2500,2499,799,800,800,799,800,800,2500,2500,2500,2499,2500,2500,800,800,10,0,0,0,100,0,0,0,0,0,0,0,0,0,0,0,142378.41088867188,86167.88903808594,0,404327403520,8589930496,5132341248,114688
10,1791560641763,2500,2499,799,800,800,799,800,800,2500,2500,2500,2499,2500,2500,800,800,10,0,0,0,100,0,0,0,0,0,0,0,0,0,0,0,142378.55682373047,86168.2114868164,0,404327403520,8589930496,5132341248,114688
10,1791560641773,2500,2499,799,800,800,799,800,800,2500,2500,2500,2499,2500,2500,800,800,10,0,0,0,100,0,0,0,0,0,0,0,0,0,0,0,142378.70587158203,86168.52233886719,0,404327403520,8589930496,5132341248,114688
9,1791560641783,2500,2499,799,800,800,799,800,800,2500,2500,2500,2499,2500,2500,800,800,10,0,0,0,100,0,0,0,0,0,0,0,0,0,0,0,142378.85473632813,86168.84008789063,0,404327403520,8589930496,5132341248,114688
10,1791560641793,2500,2499,799,800,800,799,800,800,2500,2500,2500,2499,2500,2500,800,800,10,0,0,0,100,0,0,0,0,0,0,0,0,0,0,0,142379.00268554688,86169.15759277344,0,404327403520,8589930496,5132341248,114688
9,1791560641803,2500,2499,799,800,800,799,800,800,2500,2500,2500,2499,2500,2500,800,800,10,0,0,0,100,0,0,0,0,0,0,0,0,0,0,0,142379.1697998047,86169.50219726563,0,404327403520,8589930496,5132341248,114688
9,1791560641814,2500,2499,799,800,800,799,800,800,2500,2500,2500,2499,2500,2500,800,800,10,0,0,0,100,0,0,0,0,0,0,0,0,0,0,0,142379.31927490234,86169.82727050781,0,404327403520,8589930496,5132341248,114688
9,1791560641824,2500,2499,799,800,800,799,800,800,2500,2500,2500,2499,2500,2500,800,800,10,0,0,0,100,0,0,0,0,0,0,0,0,0,0,0,142379.46978759766,86170.14227294922,0,404327403520,8589930496,5132341248,114688
10,1791560641834,2500,2499,799,800,800,799,800,800,2500,2500,2500,2499,2500,2500,800,800,10,0,0,0,100,0,0,0,0,0,0,0,0,0,0,0,142379.6192626953,86170.45434570313,0,404327403520,8589930496,5132341248,114688
10,1791560641844,2500,2499,799,800,800,799,800,800,2500,2500,2500,2499,2500,2500,800,800,10,0,0,0,100,0,0,0,0,0,0,0,0,0,0,0,142379.7710571289,86170.76806640625,0,404327403520,8589930496,5132341248,114688
9,1791560641854,2500,2499,799,800,800,799,800,800,2500,2500,2500,2499,2500,2500,800,800,10,0,0,0,100,0,0,0,0,0,0,0,0,0,0,0,142379.9246826172,86171.08892822266,0,404327403520,8589930496,5132341248,114688
9,1791560641864,2500,2499,799,800,800,799,800,800,2500,2500,2500,2499,2500,2500,800,800,10,0,0,0,100,0,0,0,0,0,0,0,0,0,0,0,142380.07720947266,86171.40393066406,0,404327403520,8589930496,5132341248,114688
9,1791560641874,2500,2499,799,800,800,799,800,800,2500,2500,2500,2499,2500,2500,800,800,10,0,0,0,100,0,0,0,0,0,0,0,0,0,0,0,142380.23028564453,86171.72131347656,0,404327403520,8589930496,5132341248,114688
9,1791560641884,2500,2499,799,800,800,799,800,800,2500,2500,2500,2499,2500,2500,800,800,10,0,0,0,100,0,0,0,0,0,0,0,0,0,0,0,142380.3828125,86172.0433959961,0,404327403520,8589930496,5132341248,114688
9,1791560641894,2500,2499,799,800,800,799,800,800,2500,2500,2500,2499,2500,2500,800,800,10,5,0,0,100,0,0,0,0,0,0,0,0,0,0,0,142380.5340576172,86172.36657714844,0,404327403520,8589930496,5132341248,114688
10,1791560641904,2500,2499,799,800,800,799,800,800,2500,2500,2500,2499,2500,2500,800,800,10,5,0,0,100,0,0,0,0,0,0,0,0,0,0,0,142380.68383789063,86172.68072509766,0,404327403520,8589930496,5132341248,114688
9,1791560641914,2500,2499,799,800,800,799,800,800,2500,2500,2500,2499,2500,2500,800,800,10,5,0,0,100,0,0,0,0,0,0,0,0,0,0,0,142380.8316040039,86172.99816894531,0,404327403520,8589930496,5132341248,114688
10,1791560641924,2500,2499,799,800,800,799,800,800,2500,2500,2500,2499,2500,2500,800,800,10,5,0,0,100,0,0,0,0,0,0,0,0,0,0,0,142380.98211669922,86173.31384277344,0,404327403520,8589930496,5132341248,114688
9,1791560641934,2500,2499,799,800,800,799,800,800,2500,2500,2500,2499,2500,2500,800,800,10,5,0,0,100,0,0,0,0,0,0,0,0,0,0,0,142381.1368408203,86173.63256835938,0,404327403520,8589930496,5132341248,114688
9,1791560641944,2500,2499,799,800,800,799,800,800,2500,2500,2500,2499,2500,2500,800,800,10,5,0,0,100,0,0,0,0,0,0,0,0,0,0,0,142381.3045654297,86173.98156738281,0,404327403520,8589930496,5132341248,114688
10,1791560641954,2500,2499,799,800,800,799,800,800,2500,2500,2500,2499,2500,2500,800,800,10,5,0,0,100,0,0,0,0,0,0,0,0,0,0,0,142381.43475341797,86174.26849365234,0,404327403520,8589930496,5132341248,114688
10,1791560641964,2500,2499,799,800,800,799,800,800,2500,2500,2500,2499,2500,2500,800,800,10,5,0,0,100,0,0,0,0,0,0,0,0,0,0,0,142381.5850830078,86174.58233642578,0,404327403520,8589930496,5132341248,114688
9,1791560641975,2500,2499,799,800,800,799,800,800,2500,2500,2500,2499,2500,2500,800,800,10,5,0,0,100,0,0,0,0,0,0,0,0,0,0,0,142381.75244140625,86174.9340209961,0,404327403520,8589930496,5132341248,114688
9,1791560641985,2500,2499,799,800,800,799,800,800,2500,2500,2500,2499,2500,2500,800,800,10,5,0,0,100,0,0,0,0,0,0,0,0,0,0,0,142381.9012451172,86175.25299072266,0,404327403520,8589930496,5132341248,114688
9,1791560641995,2500,2499,799,800,800,799,800,800,2500,2500,2500,2499,2500,2500,800,800,10,5,0,0,100,0,0,0,0,0,0,0,0,0,0,0,142382.04919433594,86175.57470703125,0,404327403520,8589930496,5132341248,114688
9,1791560642005,2500,2499,799,800,800,799,800,800,2500,2500,2500,2499,2500,2500,800,800,10,5,0,0,100,0,0,0,0,0,0,0,0,0,0,0,142382.19805908203,86175.89379882813,0,404327403520,8589930496,5132341248,114688
9,1791560642015,2500,2499,799,800,800,799,800,800,2500,2500,2500,2499,2500,2500,800,800,10,5,0,0,100,0,0,0,0,0,0,0,0,0,0,0,142382.34783935547,86176.20989990234,0,404327403520,8589930496,5132341248,114688
9,1791560642025,2500,2499,799,800,800,799,800,800,2500,2500,2500,2499,2500,2500,800,800,10,5,0,0,100,0,0,0,0,0,0,0,0,0,0,0,142382.5,86176.521484375,0,404327403520,8589930496,5132341248,114688
10,1791560642035,2500,2499,799,800,800,799,800,800,2500,2500,2500,2499,2500,2500,800,800,10,5,0,0,100,0,0,0,0,0,0,0,0,0,0,0,142382.64715576172,86176.84094238281,0,404327403520,8589930496,5132341248,114688
9,1791560642045,2500,2499,799,800,800,799,800,800,2500,2500,2500,2499,2500,2500,800,800,10,5,0,0,100,0,0,0,0,0,0,0,0,0,0,0,142382.79638671875,86177.15991210938,0,404327403520,8589930496,5132341248,114688
10,1791560642055,2500,2499,799,800,800,799,800,800,2500,2500,2500,2499,2500,2500,800,800,10,5,0,0,100,0,0,0,0,0,0,0,0,0,0,0,142382.94525146484,86177.47467041016,0,404327403520,8589930496,5132341248,114688
9,1791560642065,2500,2499,799,800,800,799,800,800,2500,2500,2500,2499,2500,2500,800,800,10,5,0,0,100,0,0,0,0,0,0,0,0,0,0,0,142383.09155273438,86177.79321289063,0,404327403520,8589930496,5132341248,114688
9,1791560642075,2500,2499,799,800,800,799,800,800,2500,2500,2500,2499,2500,2500,800,800,10,5,0,0,100,0,0,0,0,0,0,0,0,0,0,0,142383.23474121094,86178.11218261719,0,404327403520,8589930496,5132341248,114688
9,1791560642085,2500,2499,799,800,800,799,800,800,2500,2500,2500,2499,2500,2500,800,800,10,5,0,0,100,0,0,0,0,0,0,0,0,0,0,0,142383.3779296875,86178.41870117188,0,404327403520,8589930496,5132341248,114688
10,1791560642095,2500,2499,799,800,800,799,800,800,2500,2500,2500,2499,2500,2500,800,800,10,0,0,0,100,0,0,0,0,0,0,0,0,0,0,0,142383.5249633789,86178.73352050781,0,404327403520,8589930496,5131567104,114688
10,1791560642105,2500,2499,799,800,800,799,800,800,2500,2500,2500,2499,2500,2500,800,800,10,0,0,0,100,0,0,0,0,0,0,0,0,0,0,0,142383.67401123047,86179.05181884766,0,404327403520,8589930496,5131567104,114688
9,1791560642116,2500,2499,799,800,800,799,800,800,2500,2500,2500,2499,2500,2500,800,800,10,0,0,0,100,0,0,0,0,0,0,0,0,0,0,0,142383.84173583984,86179.400390625,0,404327403520,8589930496,5131567104,114688
10,1791560642126,2500,2499,799,800,800,799,800,800,2500,2500,2500,2499,2500,2500,800,800,10,0,0,0,100,0,0,0,0,0,0,0,0,0,0,0,142383.97723388672,86179.68835449219,0,404327403520,8589930496,5131567104,114688
9,1791560642136,2500,2499,799,800,800,799,800,800,2500,2500,2500,2499,2500,2500,800,800,10,0,0,0,100,0,0,0,0,0,0,0,0,0,0,0,142384.1420288086,86180.03790283203,0,404327403520,8589930496,5131567104,114688
10,1791560642146,2500,2499,799,800,800,799,800,800,2500,2500,2500,2499,2500,2500,800,800,10,0,0,0,100,0,0,0,0,0,0,0,0,0,0,0,142384.29913330078,86180.35473632813,0,404327403520,8589930496,5131567104,114688
9,1791560642156,2500,2499,799,800,800,799,800,800,2500,2500,2500,2499,2500,2500,800,800,10,0,0,0,100,0,0,0,0,0,0,0,0,0,0,0,142384.44799804688,86180.67016601563,0,404327403520,8589930496,5131440128,114688
9,1791560642166,2500,2499,799,800,800,799,800,800,2500,2500,2500,2499,2500,2500,800,800,10,0,0,0,100,0,0,0,0,0,0,0,0,0,0,0,142384.5994873047,86180.98962402344,0,404327403520,8589930496,5131440128,114688
9,1791560642176,2500,2499,799,800,800,799,800,800,2500,2500,2500,2499,2500,2500,800,800,10,0,0,0,100,0,0,0,0,0,0,0,0,0,0,0,142384.75091552734,86181.3099975586,0,404327403520,8589930496,5131440128,114688
9,1791560642186,2500,2499,799,800,800,799,800,800,2500,2500,2500,2499,2500,2500,800,800,10,0,0,0,100,0,0,0,0,0,0,0,0,0,0,0,142384.9041748047,86181.63153076172,0,404327403520,8589930496,5131440128,114688
9,1791560642196,2500,2499,799,800,800,799,800,800,2500,2500,2500,2499,2500,2500,800,800,10,0,0,0,100,0,0,0,0,0,0,0,0,0,0,0,142385.05688476563,86181.95379638672,0,404327403520,8589930496,5131440128,114688
9,1791560642206,2500,2499,799,800,800,799,800,800,2500,2500,2500,2499,2500,2500,800,800,10,0,0,0,100,0,0,0,0,0,0,0,0,0,0,0,142385.20098876953,86182.26947021484,0,404327403520,8589930496,5131440128,114688
9,1791560642216,2500,2499,799,800,800,799,800,800,2500,2500,2500,2499,2500,2500,800,800,10,0,0,0,100,0,0,0,0,0,0,0,0,0,0,0,142385.34307861328,86182.58416748047,0,404327403520,8589930496,5131440128,114688
9,1791560642226,2500,2499,799,800,800,799,800,800,2500,2500,2500,2499,2500,2500,800,800,10,0,0,0,100,0,0,0,0,0,0,0,0,0,0,0,142385.4901123047,86182.89819335938,0,404327403520,8589930496,5131440128,114688
9,1791560642236,2500,2499,799,800,800,799,800,800,2500,2500,2500,2499,2500,2500,800,800,10,0,0,0,100,0,0,0,0,0,0,0,0,0,0,0,142385.6387939453,86183.2142944336,0,404327403520,8589930496,5131440128,114688
10,1791560642246,2500,2499,799,800,800,799,800,800,2500,2500,2500,2499,2500,2500,800,800,10,0,0,0,100,0,0,0,0,0,0,0,0,0,0,0,142385.78729248047,86183.5327758789,0,404327403520,8589930496,5131440128,114688
10,1791560642257,2500,2499,799,800,800,799,800,800,2500,2500,2500,2499,2500,2500,800,800,10,0,0,0,100,0,0,0,0,0,0,0,0,0,0,0,142385.93963623047,86183.84967041016,0,404327403520,8589930496,5131440128,114688
9,1791560642267,2500,2499,799,800,800,799,800,800,2500,2500,2500,2499,2500,2500,800,800,10,0,0,0,100,0,0,0,0,0,0,0,0,0,0,0,142386.10974121094,86184.20086669922,0,404327403520,8589930496,5131440128,114688
10,1791560642277,2500,2499,799,800,800,799,800,800,2500,2500,2500,2499,2500,2500,800,800,10,0,0,0,100,0,0,0,0,0,0,0,0,0,0,0,142386.2452392578,86184.4800415039,0,404327403520,8589930496,5131440128,114688
9,1791560642287,2500,2499,799,800,800,799,800,800,2500,2500,2500,2499,2500,2500,800,800,10,0,0,0,100,0,0,0,0,0,0,0,0,0,0,0,142386.3975830078,86184.80554199219,0,404327403520,8589930496,5131440128,114688
9,1791560642297,2500,2499,799,800,800,799,800,800,2500,2500,2500,2499,2500,2500,800,800,5,0,0,0,100,0,0,0,0,0,0,0,0,0,0,0,142386.56512451172,86185.16015625,0,404327403520,8589930496,5131440128,114688
9,1791560642307,2500,2499,799,800,800,799,800,800,2500,2500,2500,2499,2500,2500,800,800,5,0,0,0,100,0,0,0,0,0,0,0,0,0,0,0,142386.71466064453,86185.48016357422,0,404327403520,8589930496,5131440128,114688
9,1791560642317,2500,2499,799,800,800,799,800,800,2500,2500,2500,2499,2500,2500,800,800,5,0,0,0,100,0,0,0,0,0,0,0,0,0,0,0,142386.8653564453,86185.79779052734,0,404327403520,8589930496,5131440128,114688
9,1791560642327,2500,2499,799,800,800,799,800,800,2500,2500,2500,2499,2500,2500,800,800,5,0,0,0,100,0,0,0,0,0,0,0,0,0,0,0,142387.01275634766,86186.12176513672,0,404327403520,8589930496,5131440128,114688
9,1791560642337,2500,2499,799,800,800,799,800,800,2500,2500,2500,2499,2500,2500,800,800,5,0,0,0,100,0,0,0,0,0,0,0,0,0,0,0,142387.16143798828,86186.43963623047,0,404327403520,8589930496,5131440128,114688
10,1791560642347,2500,2499,799,800,800,799,800,800,2500,2500,2500,2499,2500,2500,800,800,5,0,0,0,100,0,0,0,0,0,0,0,0,0,0,0,142387.30792236328,86186.76153564453,0,404327403520,8589930496,5131440128,114688
9,1791560642357,2500,2499,799,800,800,799,800,800,2500,2500,2500,2499,2500,2500,800,800,5,0,0,0,100,0,0,0,0,0,0,0,0,0,0,0,142387.45404052734,86187.07403564453,0,404327403520,8589930496,5131440128,114688
9,1791560642367,2500,2499,799,800,800,799,800,800,2500,2500,2500,2499,2500,2500,800,800,5,0,0,0,100,0,0,0,0,0,0,0,0,0,0,0,142387.6030883789,86187.39562988281,0,404327403520,8589930496,5131440128,114688
9,1791560642377,2500,2499,799,800,800,799,800,800,2500,2500,2500,2499,2500,2500,800,800,5,0,0,0,100,0,0,0,0,0,0,0,0,0,0,0,142387.7567138672,86187.72198486328,0,404327403520,8589930496,5131440128,114688
9,1791560642388,2500,2499,799,800,800,799,800,800,2500,2500,2500,2499,2500,2500,800,800,5,0,0,0,100,0,0,0,0,0,0,0,0,0,0,0,142387.90112304688,86188.04107666016,0,404327403520,8589930496,5131440128,114688
9,1791560642398,2500,2499,799,800,800,799,800,800,2500,2500,2500,2499,2500,2500,800,800,5,0,0,0,100,0,0,0,0,0,0,0,0,0,0,0,142388.0492553711,86188.36431884766,0,404327403520,8589930496,5131440128,114688
9,1791560642408,2500,2499,799,800,800,799,800,800,2500,2500,2500,2499,2500,2500,800,800,5,0,0,0,100,0,0,0,0,0,0,0,0,0,0,0,142388.1976928711,86188.67706298828,0,404327403520,8589930496,5131440128,114688
9,1791560642418,2500,2499,799,800,800,799,800,800,2500,2500,2500,2499,2500,2500,800,800,5,0,0,0,100,0,0,0,0,0,0,0,0,0,0,0,142388.3447265625,86188.99279785156,0,404327403520,8589930496,5131440128,114688
10,1791560642428,2500,2499,799,800,800,799,800,800,2500,2500,2500,2499,2500,2500,800,800,5,0,0,0,100,0,0,0,0,0,0,0,0,0,0,0,142388.49395751953,86189.30700683594,0,404327403520,8589930496,5131440128,114688
9,1791560642438,2500,2499,799,800,800,799,800,800,2500,2500,2500,2499,2500,2500,800,800,5,0,0,0,100,0,0,0,0,0,0,0,0,0,0,0,142388.65435791016,86189.65856933594,0,404327403520,8589930496,5131440128,114688
9,1791560642448,2500,2499,799,800,800,799,800,800,2500,2500,2500,2499,2500,2500,800,800,5,0,0,0,100,0,0,0,0,0,0,0,0,0,0,0,142388.80377197266,86189.9808959961,0,404327403520,8589930496,5131440128,114688
9,1791560642458,2500,2499,799,800,800,799,800,800,2500,2500,2500,2499,2500,2500,800,800,5,0,0,0,100,0,0,0,0,0,0,0,0,0,0,0,142388.9575805664,86190.29888916016,0,404327403520,8589930496,5131440128,114688
10,1791560642468,2500,2499,799,800,800,799,800,800,2500,2500,2500,2499,2500,2500,800,800,5,0,0,0,100,0,0,0,0,0,0,0,0,0,0,0,142389.09051513672,86190.5791015625,0,404327403520,8589930496,5131440128,114688
9,1791560642478,2500,2499,799,800,800,799,800,800,2500,2500,2500,2499,2500,2500,800,800,5,0,0,0,100,0,0,0,0,0,0,0,0,0,0,0,142389.25311279297,86190.92962646484,0,404327403520,8589930496,5131440128,114688
9,1791560642488,2500,2499,799,800,800,799,800,800,2500,2500,2500,2499,2500,2500,800,800,5,0,0,0,100,0,0,0,0,0,0,0,0,0,0,0,142389.40270996094,86191.24517822266,0,404327403520,8589930496,5131440128,114688
9,1791560642498,2500,2499,799,800,800,799,800,800,2500,2500,2500,2499,2500,2500,800,800,14.285715103149414,0,0,0,100,4.761904716491699,0,0,0,0,0,0,0,0,0,0,142389.5541381836,86191.55981445313,0,404327403520,8589930496,5131440128,114688
9,1791560642508,2500,2499,799,800,800,799,800,800,2500,2500,2500,2499,2500,2500,800,800,14.285715103149414,0,0,0,100,4.761904716491699,0,0,0,0,0,0,0,0,0,0,142389.7035522461,86191.8765258789,0,404327403520,8589930496,5131440128,114688
10,1791560642518,2500,2499,799,800,800,799,800,800,2500,2500,2500,2499,2500,2500,800,800,14.285715103149414,0,0,0,100,4.761904716491699,0,0,0,0,0,0,0,0,0,0,142389.8494873047,86192.1943359375,0,404327403520,8589930496,5131440128,114688
10,1791560642528,2500,2499,799,800,800,799,800,800,2500,2500,2500,2499,2500,2500,800,800,14.285715103149414,0,0,0,100,4.761904716491699,0,0,0,0,0,0,0,0,0,0,142389.9956665039,86192.5107421875,0,404327403520,8589930496,5131440128,114688
10,1791560642539,2500,2499,799,800,800,799,800,800,2500,2500,2500,2499,2500,2500,800,800,14.285715103149414,0,0,0,100,4.761904716491699,0,0,0,0,0,0,0,0,0,0,142390.1456298828,86192.82586669922,0,404327403520,8589930496,5131440128,114688
9,1791560642549,2500,2499,799,800,800,799,800,800,2500,2500,2500,2499,2500,2500,800,800,14.285715103149414,0,0,0,100,4.761904716491699,0,0,0,0,0,0,0,0,0,0,142390.2933959961,86193.1411743164,0,404327403520,8589930496,5131440128,114688
9,1791560642559,2500,2499,799,800,800,799,800,800,2500,2500,2500,2499,2500,2500,800,800,14.285715103149414,0,0,0,100,4.761904716491699,0,0,0,0,0,0,0,0,0,0,142390.44116210938,86193.45812988281,0,404327403520,8589930496,5131440128,114688
9,1791560642569,2500,2499,799,800,800,799,800,800,2500,2500,2500,2499,2500,2500,800,800,14.285715103149414,0,0,0,100,4.761904716491699,0,0,0,0,0,0,0,0,0,0,142390.5883178711,86193.77355957031,0,404327403520,8589930496,5131440128,114688
9,1791560642579,2500,2499,799,800,800,799,800,800,2500,2500,2500,2499,2500,2500,800,800,14.285715103149414,0,0,0,100,4.761904716491699,0,0,0,0,0,0,0,0,0,0,142390.73413085938,86194.09210205078,0,404327403520,8589930496,5131440128,114688
10,1791560642589,2500,2499,799,800,800,799,800,800,2500,2500,2500,2499,2500,2500,800,800,14.285715103149414,0,0,0,100,4.761904716491699,0,0,0,0,0,0,0,0,0,0,142390.88354492188,86194.40838623047,0,404327403520,8589930496,5131440128,114688
9,1791560642599,2500,2499,799,800,800,799,800,800,2500,2500,2500,2499,2500,2500,800,800,14.285715103149414,0,0,0,100,4.761904716491699,0,0,0,0,0,0,0,0,0,0,142391.0327758789,86194.72631835938,0,404327403520,8589930496,5131440128,114688
10,1791560642609,2500,2499,799,800,800,799,800,800,2500,2500,2500,2499,2500,2500,800,800,14.285715103149414,0,0,0,100,4.761904716491699,0,0,0,0,0,0,0,0,0,0,142391.18200683594,86195.0492553711,0,404327403520,8589930496,5131440128,114688
10,1791560642619,2500,2499,799,800,800,799,800,800,2500,2500,2500,2499,2500,2500,800,800,14.285715103149414,0,0,0,100,4.761904716491699,0,0,0,0,0,0,0,0,0,0,142391.3350830078,86195.36846923828,0,404327403520,8589930496,5131440128,114688
9,1791560642629,2500,2499,799,800,800,799,800,800,2500,2500,2500,2499,2500,2500,800,800,14.285715103149414,0,0,0,100,4.761904716491699,0,0,0,0,0,0,0,0,0,0,142391.498046875,86195.7222290039,0,404327403520,8589930496,5131440128,114688
9,1791560642639,2500,2499,799,800,800,799,800,800,2500,2500,2500,2499,2500,2500,800,800,14.285715103149414,0,0,0,100,4.761904716491699,0,0,0,0,0,0,0,0,0,0,142391.6492919922,86196.03814697266,0,404327403520,8589930496,5131440128,114688
9,1791560642649,2500,2499,799,800,800,799,800,800,2500,2500,2500,2499,2500,2500,800,800,14.285715103149414,0,0,0,100,4.761904716491699,0,0,0,0,0,0,0,0,0,0,142391.79815673828,86196.35363769531,0,404327403520,8589930496,5131440128,114688
9,1791560642660,2500,2499,799,800,800,799,800,800,2500,2500,2500,2499,2500,2500,800,800,14.285715103149414,0,0,0,100,4.761904716491699,0,0,0,0,0,0,0,0,0,0,142391.94830322266,86196.66857910156,0,404327403520,8589930496,5131440128,114688
9,1791560642670,2500,2499,799,800,800,799,800,800,2500,2500,2500,2499,2500,2500,800,800,14.285715103149414,0,0,0,100,4.761904716491699,0,0,0,0,0,0,0,0,0,0,142392.0980834961,86196.98553466797,0,404327403520,8589930496,5131440128,114688
10,1791560642680,2500,2499,799,800,800,799,800,800,2500,2500,2500,2499,2500,2500,800,800,14.285715103149414,0,0,0,100,4.761904716491699,0,0,0,0,0,0,0,0,0,0,142392.2504272461,86197.30224609375,0,404327403520,8589930496,5131440128,114688
9,1791560642690,2500,2499,799,800,800,799,800,800,2500,2500,2500,2499,2500,2500,800,800,14.285715103149414,0,0,0,100,4.761904716491699,0,0,0,0,0,0,0,0,0,0,142392.39947509766,86197.62268066406,0,404327403520,8589930496,5131440128,114688
9,1791560642700,2500,2499,799,800,800,799,800,800,2500,2500,2500,2499,2500,2500,800,800,10,0,0,0,100,0,0,0,0,0,0,0,0,0,0,0,142392.5477294922,86197.93756103516,0,404327403520,8589930496,5131440128,114688
9,1791560642710,2500,2499,799,800,800,799,800,800,2500,2500,2500,2499,2500,2500,800,800,10,0,0,0,100,0,0,0,0,0,0,0,0,0,0,0,142392.6986694336,86198.25366210938,0,404327403520,8589930496,5131440128,114688
9,1791560642720,2500,2499,799,800,800,799,800,800,2500,2500,2500,2499,2500,2500,800,800,10,0,0,0,100,0,0,0,0,0,0,0,0,0,0,0,142392.8504638672,86198.56671142578,0,404327403520,8589930496,5131440128,114688
9,1791560642730,2500,2499,799,800,800,799,800,800,2500,2500,2500,2499,2500,2500,800,800,10,0,0,0,100,0,0,0,0,0,0,0,0,0,0,0,142393.00170898438,86198.88000488281,0,404327403520,8589930496,5131440128,114688
10,1791560642740,2500,2499,799,800,800,799,800,800,2500,2500,2500,2499,2500,2500,800,800,10,0,0,0,100,0,0,0,0,0,0,0,0,0,0,0,142393.150390625,86199.20001220703,0,404327403520,8589930496,5131440128,114688
9,1791560642750,2500,2499,799,800,800,799,800,800,2500,2500,2500,2499,2500,2500,800,800,10,0,0,0,100,0,0,0,0,0,0,0,0,0,0,0,142393.31408691406,86199.54620361328,0,404327403520,8589930496,5131440128,114688
10,1791560642760,2500,2499,799,800,800,799,800,800,2500,2500,2500,2499,2500,2500,800,800,10,0,0,0,100,0,0,0,0,0,0,0,0,0,0,0,142393.44720458984,86199.82830810547,0,404327403520,8589930496,5131440128,114688
9,1791560642770,2500,2499,799,800,800,799,800,800,2500,2500,2500,2499,2500,2500,800,800,10,0,0,0,100,0,0,0,0,0,0,0,0,0,0,0,142393.6127319336,86200.17846679688,0,404327403520,8589930496,5131440128,114688
10,1791560642780,2500,2499,799,800,800,799,800,800,2500,2500,2500,2499,2500,2500,800,800,10,0,0,0,100,0,0,0,0,0,0,0,0,0,0,0,142393.74822998047,86200.46081542969,0,404327403520,8589930496,5131440128,114688
9,1791560642790,2500,2499,799,800,800,799,800,800,2500,2500,2500,2499,2500,2500,800,800,10,0,0,0,100,0,0,0,0,0,0,0,0,0,0,0,142393.91259765625,86200.81359863281,0,404327403520,8589930496,5131440128,114688
9,1791560642800,2500,2499,799,800,800,799,800,800,2500,2500,2500,2499,2500,2500,800,800,10,0,0,0,100,0,0,0,0,0,0,0,0,0,0,0,142394.0640258789,86201.13360595703,0,404327403520,8589930496,5131440128,114688
9,1791560642811,2500,2499,799,800,800,799,800,800,2500,2500,2500,2499,2500,2500,800,800,10,0,0,0,100,0,0,0,0,0,0,0,0,0,0,0,142394.21380615234,86201.45220947266,0,404327403520,8589930496,5131440128,114688
10,1791560642821,2500,2499,799,800,800,799,800,800,2500,2500,2500,2499,2500,2500,800,800,10,0,0,0,100,0,0,0,0,0,0,0,0,0,0,0,142394.36541748047,86201.77038574219,0,404327403520,8589930496,5131440128,114688
9,1791560642831,2500,2499,799,800,800,799,800,800,2500,2500,2500,2499,2500,2500,800,800,10,0,0,0,100,0,0,0,0,0,0,0,0,0,0,0,142394.51263427734,86202.08666992188,0,404327403520,8589930496,5131440128,114688
9,1791560642841,2500,2499,799,800,800,799,800,800,2500,2500,2500,2499,2500,2500,800,800,10,0,0,0,100,0,0,0,0,0,0,0,0,0,0,0,142394.66131591797,86202.4037475586,0,404327403520,8589930496,5131440128,114688
9,1791560642851,2500,2499,799,800,800,799,800,800,2500,2500,2500,2499,2500,2500,800,800,10,0,0,0,100,0,0,0,0,0,0,0,0,0,0,0,142394.81072998047,86202.7183227539,0,404327403520,8589930496,5131440128,114688
9,1791560642861,2500,2499,799,800,800,799,800,800,2500,2500,2500,2499,2500,2500,800,800,10,0,0,0,100,0,0,0,0,0,0,0,0,0,0,0,142394.95904541016,86203.03747558594,0,404327403520,8589930496,5131440128,114688
9,1791560642871,2500,2499,799,800,800,799,800,800,2500,2500,2500,2499,2500,2500,800,800,10,0,0,0,100,0,0,0,0,0,0,0,0,0,0,0,142395.10516357422,86203.35705566406,0,404327403520,8589930496,5131440128,114688
9,1791560642881,2500,2499,799,800,800,799,800,800,2500,2500,2500,2499,2500,2500,800,800,10,0,0,0,100,0,0,0,0,0,0,0,0,0,0,0,142395.2547607422,86203.67803955078,0,404327403520,8589930496,5131440128,114688
9,1791560642891,2500,2499,799,800,800,799,800,800,2500,2500,2500,2499,2500,2500,800,800,10,0,0,0,100,0,0,0,0,0,0,0,0,0,0,0,142395.4005126953,86203.99676513672,0,404327403520,8589930496,5131440128,114688
9,1791560642901,2500,2499,799,800,800,799,800,800,2500,2500,2500,2499,2500,2500,800,800,5.263157844543457,5,0,0,100,0,0,0,0,0,0,0,0,0,0,0,142395.560546875,86204.34759521484,0,404327403520,8589930496,5131440128,114688
9,1791560642911,2500,2499,799,800,800,799,800,800,2500,2500,2500,2499,2500,2500,800,800,5.263157844543457,5,0,0,100,0,0,0,0,0,0,0,0,0,0,0,142395.70703125,86204.66632080078,0,404327403520,8589930496,5131440128,114688
9,1791560642921,2500,2499,799,800,800,799,800,800,2500,2500,2500,2499,2500,2500,800,800,5.263157844543457,5,0,0,100,0,0,0,0,0,0,0,0,0,0,0,142395.83728027344,86204.9515991211,0,404327403520,8589930496,5131440128,114688
9,1791560642931,2500,2499,799,800,800,799,800,800,2500,2500,2500,2499,2500,2500,800,800,5.263157844543457,5,0,0,100,0,0,0,0,0,0,0,0,0,0,0,142395.98504638672,86205.26965332031,0,404327403520,8589930496,5131440128,114688
9,1791560642942,2500,2499,799,800,800,799,800,800,2500,2500,2500,2499,2500,2500,800,800,5.263157844543457,5,0,0,100,0,0,0,0,0,0,0,0,0,0,0,142396.15057373047,86205.62408447266,0,404327403520,8589930496,5131440128,114688
9,1791560642952,2500,2499,799,800,800,799,800,800,2500,2500,2500,2499,2500,2500,800,800,5.263157844543457,5,0,0,100,0,0,0,0,0,0,0,0,0,0,0,142396.29412841797,86205.94091796875,0,404327403520,8589930496,5131440128,114688
9,1791560642962,2500,2499,799,800,800,799,800,800,2500,2500,2500,2499,2500,2500,800,800,5.263157844543457,5,0,0,100,0,0,0,0,0,0,0,0,0,0,0,142396.44329833984,86206.25817871094,0,404327403520,8589930496,5131440128,114688
9,1791560642972,2500,2499,799,800,800,799,800,800,2500,2500,2500,2499,2500,2500,800,800,5.263157844543457,5,0,0,100,0,0,0,0,0,0,0,0,0,0,0,142396.59161376953,86206.57397460938,0,404327403520,8589930496,5131440128,114688
9,1791560642982,2500,2499,799,800,800,799,800,800,2500,2500,2500,2499,2500,2500,800,800,5.263157844543457,5,0,0,100,0,0,0,0,0,0,0,0,0,0,0,142396.73608398438,86206.88952636719,0,404327403520,8589930496,5131440128,114688
9,1791560642992,2500,2499,799,800,800,799,800,800,2500,2500,2500,2499,2500,2500,800,800,5.263157844543457,5,0,0,100,0,0,0,0,0,0,0,0,0,0,0,142396.8858642578,86207.20434570313,0,404327403520,8589930496,5131440128,114688
9,1791560643002,2500,2499,799,800,800,799,800,800,2500,2500,2500,2499,2500,2500,800,800,5.263157844543457,5,0,0,100,0,0,0,0,0,0,0,0,0,0,0,142397.03356933594,86207.51721191406,0,404327403520,8589930496,5131440128,114688
9,1791560643012,2500,2499,799,800,800,799,800,800,2500,2500,2500,2499,2500,2500,800,800,5.263157844543457,5,0,0,100,0,0,0,0,0,0,0,0,0,0,0,142397.18334960938,86207.8345336914,0,404327403520,8589930496,5131440128,114688
10,1791560643022,2500,2499,799,800,800,799,800,800,2500,2500,2500,2499,2500,2500,800,800,5.263157844543457,5,0,0,100,0,0,0,0,0,0,0,0,0,0,0,142397.33276367188,86208.1558227539,0,404327403520,8589930496,5131440128,114688
9,1791560643032,2500,2499,799,800,800,799,800,800,2500,2500,2500,2499,2500,2500,800,800,5.263157844543457,5,0,0,100,0,0,0,0,0,0,0,0,0,0,0,142397.47778320313,86208.46301269531,0,404327403520,8589930496,5131440128,114688
9,1791560643042,2500,2499,799,800,800,799,800,800,2500,2500,2500,2499,2500,2500,800,800,5.263157844543457,5,0,0,100,0,0,0,0,0,0,0,0,0,0,0,142397.6254272461,86208.78009033203,0,404327403520,8589930496,5131440128,114688
9,1791560643052,2500,2499,799,800,800,799,800,800,2500,2500,2500,2499,2500,2500,800,800,5.263157844543457,5,0,0,100,0,0,0,0,0,0,0,0,0,0,0,142397.775390625,86209.0941772461,0,404327403520,8589930496,5131440128,114688
9,1791560643063,2500,2499,799,800,800,799,800,800,2500,2500,2500,2499,2500,2500,800,800,5.263157844543457,5,0,0,100,0,0,0,0,0,0,0,0,0,0,0,142397.9227294922,86209.41125488281,0,404327403520,8589930496,5131440128,114688
10,1791560643072,2500,2499,799,800,800,799,800,800,2500,2500,2500,2499,2500,2500,800,800,5.263157844543457,5,0,0,100,0,0,0,0,0,0,0,0,0,0,0,142398.06866455078,86209.73059082031,0,404327403520,8589930496,5131440128,114688
9,1791560643083,2500,2499,799,800,800,799,800,800,2500,2500,2500,2499,2500,2500,800,800,5.263157844543457,5,0,0,100,0,0,0,0,0,0,0,0,0,0,0,142398.21716308594,86210.04907226563,0,404327403520,8589930496,5131440128,114688
10,1791560643093,2500,2499,799,800,800,799,800,800,2500,2500,2500,2499,2500,2500,800,800,5.263157844543457,5,0,0,100,0,0,0,0,0,0,0,0,0,0,0,142398.36364746094,86210.3657836914,0,404327403520,8589930496,5131440128,114688
9,1791560643103,2500,2499,799,800,800,799,800,800,2500,2500,2500,2499,2500,2500,800,800,10,5,0,0,100,0,0,0,0,0,0,0,0,0,0,0,142398.5297241211,86210.7192993164,0,404327403520,8589930496,5131440128,114688
9,1791560643113,2500,2499,799,800,800,799,800,800,2500,2500,2500,2499,2500,2500,800,800,10,5,0,0,100,0,0,0,0,0,0,0,0,0,0,0,142398.6756591797,86211.04278564453,0,404327403520,8589930496,5130665984,114688
9,1791560643123,2500,2499,799,800,800,799,800,800,2500,2500,2500,2499,2500,2500,800,800,10,5,0,0,100,0,0,0,0,0,0,0,0,0,0,0,142398.82598876953,86211.36169433594,0,404327403520,8589930496,5130665984,114688
9,1791560643133,2500,2499,799,800,800,799,800,800,2500,2500,2500,2499,2500,2500,800,800,10,5,0,0,100,0,0,0,0,0,0,0,0,0,0,0,142398.97283935547,86211.68798828125,0,404327403520,8589930496,5130665984,114688
9,1791560643143,2500,2499,799,800,800,799,800,800,2500,2500,2500,2499,2500,2500,800,800,10,5,0,0,100,0,0,0,0,0,0,0,0,0,0,0,142399.12005615234,86212.00787353516,0,404327403520,8589930496,5130665984,114688
9,1791560643153,2500,2499,799,800,800,799,800,800,2500,2500,2500,2499,2500,2500,800,800,10,5,0,0,100,0,0,0,0,0,0,0,0,0,0,0,142399.26525878906,86212.32806396484,0,404327403520,8589930496,5130665984,114688
9,1791560643163,2500,2499,799,800,800,799,800,800,2500,2500,2500,2499,2500,2500,800,800,10,5,0,0,100,0,0,0,0,0,0,0,0,0,0,0,142399.41046142578,86212.64599609375,0,404327403520,8589930496,5130665984,114688
10,1791560643173,2500,2499,799,800,800,799,800,800,2500,2500,2500,2499,2500,2500,800,800,10,5,0,0,100,0,0,0,0,0,0,0,0,0,0,0,142399.56225585938,86212.96514892578,0,404327403520,8589930496,5130665984,114688
10,1791560643183,2500,2499,799,800,800,799,800,800,2500,2500,2500,2499,2500,2500,800,800,10,5,0,0,100,0,0,0,0,0,0,0,0,0,0,0,142399.71130371094,86213.28887939453,0,404327403520,8589930496,5130407936,114688
9,1791560643193,2500,2499,799,800,800,799,800,800,2500,2500,2500,2499,2500,2500,800,800,10,5,0,0,100,0,0,0,0,0,0,0,0,0,0,0,142399.86346435547,86213.60870361328,0,404327403520,8589930496,5130407936,114688
9,1791560643203,2500,2499,799,800,800,799,800,800,2500,2500,2500,2499,2500,2500,800,800,10,5,0,0,100,0,0,0,0,0,0,0,0,0,0,0,142400.01342773438,86213.9292602539,0,404327403520,8589930496,5130407936,114688
9,1791560643214,2500,2499,799,800,800,799,800,800,2500,2500,2500,2499,2500,2500,800,800,10,5,0,0,100,0,0,0,0,0,0,0,0,0,0,0,142400.1650390625,86214.24963378906,0,404327403520,8589930496,5130407936,114688
9,1791560643224,2500,2499,799,800,800,799,800,800,2500,2500,2500,2499,2500,2500,800,800,10,5,0,0,100,0,0,0,0,0,0,0,0,0,0,0,142400.31243896484,86214.59655761719,0,404327403520,8589930496,5130407936,114688
9,1791560643234,2500,2499,799,800,800,799,800,800,2500,2500,2500,2499,2500,2500,800,800,10,5,0,0,100,0,0,0,0,0,0,0,0,0,0,0,142400.4783935547,86214.91674804688,0,404327403520,8589930496,5130407936,114688
9,1791560643244,2500,2499,799,800,800,799,800,800,2500,2500,2500,2499,2500,2500,800,800,10,5,0,0,100,0,0,0,0,0,0,0,0,0,0,0,142400.61004638672,86215.20263671875,0,404327403520,8589930496,5130407936,114688
9,1791560643254,2500,2499,799,800,800,799,800,800,2500,2500,2500,2499,2500,2500,800,800,10,5,0,0,100,0,0,0,0,0,0,0,0,0,0,0,142400.7578125,86215.52099609375,0,404327403520,8589930496,5130407936,114688
9,1791560643264,2500,2499,799,800,800,799,800,800,2500,2500,2500,2499,2500,2500,800,800,10,5,0,0,100,0,0,0,0,0,0,0,0,0,0,0,142400.92529296875,86215.87420654297,0,404327403520,8589930496,5130407936,114688
9,1791560643274,2500,2499,799,800,800,799,800,800,2500,2500,2500,2499,2500,2500,800,800,10,5,0,0,100,0,0,0,0,0,0,0,0,0,0,0,142401.07257080078,86216.2017211914,0,404327403520,8589930496,5130407936,114688
10,1791560643284,2500,2499,799,800,800,799,800,800,2500,2500,2500,2499,2500,2500,800,800,10,5,0,0,100,0,0,0,0,0,0,0,0,0,0,0,142401.22290039063,86216.51916503906,0,404327403520,8589930496,5130407936,114688
9,1791560643294,2500,2499,799,800,800,799,800,800,2500,2500,2500,2499,2500,2500,800,800,10,5,0,0,100,0,0,0,0,0,0,0,0,0,0,0,142401.3741455078,86216.84875488281,0,404327403520,8589930496,5130407936,114688
9,1791560643304,2500,2499,799,800,800,799,800,800,2500,2500,2500,2499,2500,2500,800,800,9.523809432983398,0,0,0,100,0,0,0,0,0,0,0,0,0,0,0,142401.51824951172,86217.16577148438,0,404327403520,8589930496,5130407936,114688
10,1791560643314,2500,2499,799,800,800,799,800,800,2500,2500,2500,2499,2500,2500,800,800,9.523809432983398,0,0,0,100,0,0,0,0,0,0,0,0,0,0,0,142401.66583251953,86217.48327636719,0,404327403520,8589930496,5130407936,114688
9,1791560643324,2500,2499,799,800,800,799,800,800,2500,2500,2500,2499,2500,2500,800,800,9.523809432983398,0,0,0,100,0,0,0,0,0,0,0,0,0,0,0,142401.81671142578,86217.80419921875,0,404327403520,8589930496,5130407936,114688
10,1791560643334,2500,2499,799,800,800,799,800,800,2500,2500,2500,2499,2500,2500,800,800,9.523809432983398,0,0,0,100,0,0,0,0,0,0,0,0,0,0,0,142401.96557617188,86218.1283569336,0,404327403520,8589930496,5130407936,114688
9,1791560643344,2500,2499,799,800,800,799,800,800,2500,2500,2500,2499,2500,2500,800,800,9.523809432983398,0,0,0,100,0,0,0,0,0,0,0,0,0,0,0,142402.11444091797,86218.44061279297,0,404327403520,8589930496,5130407936,114688
9,1791560643354,2500,2499,799,800,800,799,800,800,2500,2500,2500,2499,2500,2500,800,800,9.523809432983398,0,0,0,100,0,0,0,0,0,0,0,0,0,0,0,142402.25927734375,86218.75872802734,0,404327403520,8589930496,5130407936,114688
9,1791560643365,2500,2499,799,800,800,799,800,800,2500,2500,2500,2499,2500,2500,800,800,9.523809432983398,0,0,0,100,0,0,0,0,0,0,0,0,0,0,0,142402.4077758789,86219.07543945313,0,404327403520,8589930496,5130407936,114688
10,1791560643375,2500,2499,799,800,800,799,800,800,2500,2500,2500,2499,2500,2500,800,800,9.523809432983398,0,0,0,100,0,0,0,0,0,0,0,0,0,0,0,142402.5537109375,86219.38903808594,0,404327403520,8589930496,5130407936,114688
9,1791560643385,2500,2499,799,800,800,799,800,800,2500,2500,2500,2499,2500,2500,800,800,9.523809432983398,0,0,0,100,0,0,0,0,0,0,0,0,0,0,0,142402.69763183594,86219.70220947266,0,404327403520,8589930496,5130407936,114688
9,1791560643395,2500,2499,799,800,800,799,800,800,2500,2500,2500,2499,2500,2500,800,800,9.523809432983398,0,0,0,100,0,0,0,0,0,0,0,0,0,0,0,142402.84594726563,86220.01580810547,0,404327403520,8589930496,5130407936,114688
9,1791560643405,2500,2499,799,800,800,799,800,800,2500,2500,2500,2499,2500,2500,800,800,9.523809432983398,0,0,0,100,0,0,0,0,0,0,0,0,0,0,0,142402.99212646484,86220.3265991211,0,404327403520,8589930496,5130407936,114688
9,1791560643415,2500,2499,799,800,800,799,800,800,2500,2500,2500,2499,2500,2500,800,800,9.523809432983398,0,0,0,100,0,0,0,0,0,0,0,0,0,0,0,142403.1417236328,86220.63940429688,0,404327403520,8589930496,5130407936,114688
9,1791560643425,2500,2499,799,800,800,799,800,800,2500,2500,2500,2499,2500,2500,800,800,9.523809432983398,0,0,0,100,0,0,0,0,0,0,0,0,0,0,0,142403.3057861328,86220.98901367188,0,404327403520,8589930496,5130407936,114688
9,1791560643435,2500,2499,799,800,800,799,800,800,2500,2500,2500,2499,2500,2500,800,800,9.523809432983398,0,0,0,100,0,0,0,0,0,0,0,0,0,0,0,142403.45458984375,86221.3021850586,0,404327403520,8589930496,5130407936,114688
10,1791560643445,2500,2499,799,800,800,799,800,800,2500,2500,2500,2499,2500,2500,800,800,9.523809432983398,0,0,0,100,0,0,0,0,0,0,0,0,0,0,0,142403.6083984375,86221.61511230469,0,404327403520,8589930496,5130407936,114688
9,1791560643455,2500,2499,799,800,800,799,800,800,2500,2500,2500,2499,2500,2500,800,800,9.523809432983398,0,0,0,100,0,0,0,0,0,0,0,0,0,0,0,142403.76037597656,86221.93408203125,0,404327403520,8589930496,5130407936,114688
9,1791560643465,2500,2499,799,800,800,799,800,800,2500,2500,2500,2499,2500,2500,800,800,9.523809432983398,0,0,0,100,0,0,0,0,0,0,0,0,0,0,0,142403.90747070313,86222.24438476563,0,404327403520,8589930496,5130407936,114688
10,1791560643475,2500,2499,799,800,800,799,800,800,2500,2500,2500,2499,2500,2500,800,800,9.523809432983398,0,0,0,100,0,0,0,0,0,0,0,0,0,0,0,142404.0581665039,86222.55828857422,0,404327403520,8589930496,5130407936,114688
9,1791560643486,2500,2499,799,800,800,799,800,800,2500,2500,2500,2499,2500,2500,800,800,9.523809432983398,0,0,0,100,0,0,0,0,0,0,0,0,0,0,0,142404.20513916016,86222.87707519531,0,404327403520,8589930496,5130407936,114688
9,1791560643496,2500,2499,799,800,800,799,800,800,2500,2500,2500,2499,2500,2500,800,800,9.523809432983398,0,0,0,100,0,0,0,0,0,0,0,0,0,0,0,142404.35607910156,86223.1968383789,0,404327403520,8589930496,5130407936,114688
9,1791560643506,2500,2499,799,800,800,799,800,800,2500,2500,2500,2499,2500,2500,800,800,5.263157844543457,5,0,0,100,0,0,0,0,0,0,0,0,5,0,0,142404.5034790039,86223.51647949219,0,404327403520,8589930496,5130407936,114688
9,1791560643516,2500,2499,799,800,800,799,800,800,2500,2500,2500,2499,2500,2500,800,800,5.263157844543457,5,0,0,100,0,0,0,0,0,0,0,0,5,0,0,142404.65545654297,86223.83380126953,0,404327403520,8589930496,5130407936,114688
10,1791560643526,2500,2499,799,800,800,799,800,800,2500,2500,2500,2499,2500,2500,800,800,5.263157844543457,5,0,0,100,0,0,0,0,0,0,0,0,5,0,0,142404.80505371094,86224.14556884766,0,404327403520,8589930496,5130407936,114688
10,1791560643536,2500,2499,799,800,800,799,800,800,2500,2500,2500,2499,2500,2500,800,800,5.263157844543457,5,0,0,100,0,0,0,0,0,0,0,0,5,0,0,142404.9564819336,86224.45983886719,0,404327403520,8589930496,5130407936,114688
9,1791560643546,2500,2499,799,800,800,799,800,800,2500,2500,2500,2499,2500,2500,800,800,5.263157844543457,5,0,0,100,0,0,0,0,0,0,0,0,5,0,0,142405.1069946289,86224.77520751953,0,404327403520,8589930496,5130407936,114688
9,1791560643556,2500,2499,799,800,800,799,800,800,2500,2500,2500,2499,2500,2500,800,800,5.263157844543457,5,0,0,100,0,0,0,0,0,0,0,0,5,0,0,142405.25952148438,86225.0888671875,0,404327403520,8589930496,5130407936,114688
9,1791560643566,2500,2499,799,800,800,799,800,800,2500,2500,2500,2499,2500,2500,800,800,5.263157844543457,5,0,0,100,0,0,0,0,0,0,0,0,5,0,0,142405.40997314453,86225.40814208984,0,404327403520,8589930496,5130407936,114688
9,1791560643576,2500,2499,799,800,800,799,800,800,2500,2500,2500,2499,2500,2500,800,800,5.263157844543457,5,0,0,100,0,0,0,0,0,0,0,0,5,0,0,142405.5614013672,86225.73040771484,0,404327403520,8589930496,5130407936,114688
9,1791560643586,2500,2499,799,800,800,799,800,800,2500,2500,2500,2499,2500,2500,800,800,5.263157844543457,5,0,0,100,0,0,0,0,0,0,0,0,5,0,0,142405.7137451172,86226.04553222656,0,404327403520,8589930496,5130407936,114688
9,1791560643596,2500,2499,799,800,800,799,800,800,2500,2500,2500,2499,2500,2500,800,800,5.263157844543457,5,0,0,100,0,0,0,0,0,0,0,0,5,0,0,142405.8770751953,86226.38983154297,0,404327403520,8589930496,5130407936,114688
10,1791560643606,2500,2499,799,800,800,799,800,800,2500,2500,2500,2499,2500,2500,800,800,5.263157844543457,5,0,0,100,0,0,0,0,0,0,0,0,5,0,0,142406.00946044922,86226.71112060547,0,404327403520,8589930496,5130407936,114688
9,1791560643616,2500,2499,799,800,800,799,800,800,2500,2500,2500,2499,2500,2500,800,800,5.263157844543457,5,0,0,100,0,0,0,0,0,0,0,0,5,0,0,142406.17333984375,86227.02899169922,0,404327403520,8589930496,5130407936,114688
9,1791560643626,2500,2499,799,800,800,799,800,800,2500,2500,2500,2499,2500,2500,800,800,5.263157844543457,5,0,0,100,0,0,0,0,0,0,0,0,5,0,0,142406.32092285156,86227.34240722656,0,404327403520,8589930496,5130407936,114688
9,1791560643637,2500,2499,799,800,800,799,800,800,2500,2500,2500,2499,2500,2500,800,800,5.263157844543457,5,0,0,100,0,0,0,0,0,0,0,0,5,0,0,142406.46997070313,86227.66595458984,0,404327403520,8589930496,5130407936,114688
9,1791560643647,2500,2499,799,800,800,799,800,800,2500,2500,2500,2499,2500,2500,800,800,5.263157844543457,5,0,0,100,0,0,0,0,0,0,0,0,5,0,0,142406.61462402344,86227.98626708984,0,404327403520,8589930496,5130407936,114688
9,1791560643657,2500,2499,799,800,800,799,800,800,2500,2500,2500,2499,2500,2500,800,800,5.263157844543457,5,0,0,100,0,0,0,0,0,0,0,0,5,0,0,142406.7640991211,86228.29962158203,0,404327403520,8589930496,5130407936,114688
9,1791560643667,2500,2499,799,800,800,799,800,800,2500,2500,2500,2499,2500,2500,800,800,5.263157844543457,5,0,0,100,0,0,0,0,0,0,0,0,5,0,0,142406.90747070313,86228.61364746094,0,404327403520,8589930496,5130407936,114688
9,1791560643677,2500,2499,799,800,800,799,800,800,2500,2500,2500,2499,2500,2500,800,800,5.263157844543457,5,0,0,100,0,0,0,0,0,0,0,0,5,0,0,142407.05505371094,86228.9340209961,0,404327403520,8589930496,5130407936,114688
9,1791560643687,2500,2499,799,800,800,799,800,800,2500,2500,2500,2499,2500,2500,800,800,5.263157844543457,5,0,0,100,0,0,0,0,0,0,0,0,5,0,0,142407.19799804688,86229.25482177734,0,404327403520,8589930496,5130407936,114688
9,1791560643697,2500,2499,799,800,800,799,800,800,2500,2500,2500,2499,2500,2500,800,800,5.263157844543457,5,0,0,100,0,0,0,0,0,0,0,0,5,0,0,142407.34210205078,86229.57458496094,0,404327403520,8589930496,5130407936,114688
10,1791560643707,2500,2499,799,800,800,799,800,800,2500,2500,2500,2499,2500,2500,800,800,14.285715103149414,0,0,0,100,0,0,0,0,0,0,0,0,0,0,0,142407.49298095703,86229.89361572266,0,404327403520,8589930496,5130407936,114688
10,1791560643717,2500,2499,799,800,800,799,800,800,2500,2500,2500,2499,2500,2500,800,800,14.285715103149414,0,0,0,100,0,0,0,0,0,0,0,0,0,0,0,142407.64221191406,86230.2075805664,0,404327403520,8589930496,5130407936,114688
9,1791560643727,2500,2499,799,800,800,799,800,800,2500,2500,2500,2499,2500,2500,800,800,14.285715103149414,0,0,0,100,0,0,0,0,0,0,0,0,0,0,0,142407.8067626953,86230.55474853516,0,404327403520,8589930496,5130407936,114688
10,1791560643737,2500,2499,799,800,800,799,800,800,2500,2500,2500,2499,2500,2500,800,800,14.285715103149414,0,0,0,100,0,0,0,0,0,0,0,0,0,0,0,142407.94268798828,86230.83795166016,0,404327403520,8589930496,5130407936,114688
9,1791560643747,2500,2499,799,800,800,799,800,800,2500,2500,2500,2499,2500,2500,800,800,14.285715103149414,0,0,0,100,0,0,0,0,0,0,0,0,0,0,0,142408.10717773438,86231.18975830078,0,404327403520,8589930496,5130407936,114688
10,1791560643757,2500,2499,799,800,800,799,800,800,2500,2500,2500,2499,2500,2500,800,800,14.285715103149414,0,0,0,100,0,0,0,0,0,0,0,0,0,0,0,142408.25384521484,86231.50665283203,0,404327403520,8589930496,5130407936,114688
10,1791560643768,2500,2499,799,800,800,799,800,800,2500,2500,2500,2499,2500,2500,800,800,14.285715103149414,0,0,0,100,0,0,0,0,0,0,0,0,0,0,0,142408.40106201172,86231.83081054688,0,404327403520,8589930496,5130407936,114688
10,1791560643778,2500,2499,799,800,800,799,800,800,2500,2500,2500,2499,2500,2500,800,800,14.285715103149414,0,0,0,100,0,0,0,0,0,0,0,0,0,0,0,142408.54718017578,86232.14630126953,0,404327403520,8589930496,5130407936,114688
9,1791560643788,2500,2499,799,800,800,799,800,800,2500,2500,2500,2499,2500,2500,800,800,14.285715103149414,0,0,0,100,0,0,0,0,0,0,0,0,0,0,0,142408.69458007813,86232.46392822266,0,404327403520,8589930496,5130407936,114688
9,1791560643798,2500,2499,799,800,800,799,800,800,2500,2500,2500,2499,2500,2500,800,800,14.285715103149414,0,0,0,100,0,0,0,0,0,0,0,0,0,0,0,142408.84271240234,86232.78576660156,0,404327403520,8589930496,5130407936,114688
9,1791560643808,2500,2499,799,800,800,799,800,800,2500,2500,2500,2499,2500,2500,800,800,14.285715103149414,0,0,0,100,0,0,0,0,0,0,0,0,0,0,0,142408.99047851563,86233.1040649414,0,404327403520,8589930496,5130407936,114688
9,1791560643818,2500,2499,799,800,800,799,800,800,2500,2500,2500,2499,2500,2500,800,800,14.285715103149414,0,0,0,100,0,0,0,0,0,0,0,0,0,0,0,142409.1400756836,86233.42681884766,0,404327403520,8589930496,5130407936,114688
10,1791560643828,2500,2499,799,800,800,799,800,800,2500,2500,2500,2499,2500,2500,800,800,14.285715103149414,0,0,0,100,0,0,0,0,0,0,0,0,0,0,0,142409.28985595703,86233.74780273438,0,404327403520,8589930496,5130407936,114688
10,1791560643838,2500,2499,799,800,800,799,800,800,2500,2500,2500,2499,2500,2500,800,800,14.285715103149414,0,0,0,100,0,0,0,0,0,0,0,0,0,0,0,142409.439453125,86234.06903076172,0,404327403520,8589930496,5130407936,114688
9,1791560643848,2500,2499,799,800,800,799,800,800,2500,2500,2500,2499,2500,2500,800,800,14.285715103149414,0,0,0,100,0,0,0,0,0,0,0,0,0,0,0,142409.58276367188,86234.38952636719,0,404327403520,8589930496,5130407936,114688
9,1791560643858,2500,2499,799,800,800,799,800,800,2500,2500,2500,2499,2500,2500,800,800,14.285715103149414,0,0,0,100,0,0,0,0,0,0,0,0,0,0,0,142409.72485351563,86234.7099609375,0,404327403520,8589930496,5130407936,114688
9,1791560643868,2500,2499,799,800,800,799,800,800,2500,2500,2500,2499,2500,2500,800,800,14.285715103149414,0,0,0,100,0,0,0,0,0,0,0,0,0,0,0,142409.8848876953,86235.06335449219,0,404327403520,8589930496,5130407936,114688
9,1791560643878,2500,2499,799,800,800,799,800,800,2500,2500,2500,2499,2500,2500,800,800,14.285715103149414,0,0,0,100,0,0,0,0,0,0,0,0,0,0,0,142410.02899169922,86235.3832397461,0,404327403520,8589930496,5130407936,114688
9,1791560643888,2500,2499,799,800,800,799,800,800,2500,2500,2500,2499,2500,2500,800,800,14.285715103149414,0,0,0,100,0,0,0,0,0,0,0,0,0,0,0,142410.1644897461,86235.67303466797,0,404327403520,8589930496,5130407936,114688
10,1791560643899,2500,2499,799,800,800,799,800,800,2500,2500,2500,2499,2500,2500,800,800,14.285715103149414,0,0,0,100,0,0,0,0,0,0,0,0,0,0,0,142410.33331298828,86236.02459716797,0,404327403520,8589930496,5130407936,114688
9,1791560643909,2500,2499,799,800,800,799,800,800,2500,2500,2500,2499,2500,2500,800,800,5.263157844543457,0,0,0,100,0,0,0,0,0,0,0,0,0,0,0,142410.48217773438,86236.34112548828,0,404327403520,8589930496,5130407936,114688
9,1791560643919,2500,2499,799,800,800,799,800,800,2500,2500,2500,2499,2500,2500,800,800,5.263157844543457,0,0,0,100,0,0,0,0,0,0,0,0,0,0,0,142410.6260986328,86236.66198730469,0,404327403520,8589930496,5130407936,114688
9,1791560643929,2500,2499,799,800,800,799,800,800,2500,2500,2500,2499,2500,2500,800,800,5.263157844543457,0,0,0,100,0,0,0,0,0,0,0,0,0,0,0,142410.76837158203,86236.98193359375,0,404327403520,8589930496,5130407936,114688
9,1791560643939,2500,2499,799,800,800,799,800,800,2500,2500,2500,2499,2500,2500,800,800,5.263157844543457,0,0,0,100,0,0,0,0,0,0,0,0,0,0,0,142410.912109375,86237.2993774414,0,404327403520,8589930496,5130407936,114688
9,1791560643949,2500,2499,799,800,800,799,800,800,2500,2500,2500,2499,2500,2500,800,800,5.263157844543457,0,0,0,100,0,0,0,0,0,0,0,0,0,0,0,142411.0580444336,86237.61999511719,0,404327403520,8589930496,5130407936,114688
9,1791560643959,2500,2499,799,800,800,799,800,800,2500,2500,2500,2499,2500,2500,800,800,5.263157844543457,0,0,0,100,0,0,0,0,0,0,0,0,0,0,0,142411.20733642578,86237.93872070313,0,404327403520,8589930496,5130407936,114688
9,1791560643969,2500,2499,799,800,800,799,800,800,2500,2500,2500,2499,2500,2500,800,800,5.263157844543457,0,0,0,100,0,0,0,0,0,0,0,0,0,0,0,142411.35400390625,86238.25457763672,0,404327403520,8589930496,5130407936,114688
9,1791560643979,2500,2499,799,800,800,799,800,800,2500,2500,2500,2499,2500,2500,800,800,5.263157844543457,0,0,0,100,0,0,0,0,0,0,0,0,0,0,0,142411.50286865234,86238.57293701172,0,404327403520,8589930496,5130407936,114688
9,1791560643989,2500,2499,799,800,800,799,800,800,2500,2500,2500,2499,2500,2500,800,800,5.263157844543457,0,0,0,100,0,0,0,0,0,0,0,0,0,0,0,142411.64959716797,86238.88952636719,0,404327403520,8589930496,5130407936,114688
9,1791560643999,2500,2499,799,800,800,799,800,800,2500,2500,2500,2499,2500,2500,800,800,5.263157844543457,0,0,0,100,0,0,0,0,0,0,0,0,0,0,0,142411.79974365234,86239.20935058594,0,404327403520,8589930496,5130407936,114688
9,1791560644009,2500,2499,799,800,800,799,800,800,2500,2500,2500,2499,2500,2500,800,800,5.263157844543457,0,0,0,100,0,0,0,0,0,0,0,0,0,0,0,142411.9506225586,86239.52465820313,0,404327403520,8589930496,5130407936,114688
10,1791560644019,2500,2499,799,800,800,799,800,800,2500,2500,2500,2499,2500,2500,800,800,5.263157844543457,0,0,0,100,0,0,0,0,0,0,0,0,0,0,0,142412.09307861328,86239.84185791016,0,404327403520,8589930496,5130407936,114688
10,1791560644029,2500,2499,799,800,800,799,800,800,2500,2500,2500,2499,2500,2500,800,800,5.263157844543457,0,0,0,100,0,0,0,0,0,0,0,0,0,0,0,142412.24395751953,86240.15533447266,0,404327403520,8589930496,5130407936,114688
10,1791560644040,2500,2499,799,800,800,799,800,800,2500,2500,2500,2499,2500,2500,800,800,5.263157844543457,0,0,0,100,0,0,0,0,0,0,0,0,0,0,0,142412.3887939453,86240.47393798828,0,404327403520,8589930496,5130407936,114688
9,1791560644050,2500,2499,799,800,800,799,800,800,2500,2500,2500,2499,2500,2500,800,800,5.263157844543457,0,0,0,100,0,0,0,0,0,0,0,0,0,0,0,142412.5506591797,86240.8271484375,0,404327403520,8589930496,5130407936,114688
10,1791560644060,2500,2499,799,800,800,799,800,800,2500,2500,2500,2499,2500,2500,800,800,5.263157844543457,0,0,0,100,0,0,0,0,0,0,0,0,0,0,0,142412.69366455078,86241.1478881836,0,404327403520,8589930496,5130407936,114688
9,1791560644070,2500,2499,799,800,800,799,800,800,2500,2500,2500,2499,2500,2500,800,800,5.263157844543457,0,0,0,100,0,0,0,0,0,0,0,0,0,0,0,142412.8406982422,86241.46228027344,0,404327403520,8589930496,5130407936,114688
9,1791560644080,2500,2499,799,800,800,799,800,800,2500,2500,2500,2499,2500,2500,800,800,5.263157844543457,0,0,0,100,0,0,0,0,0,0,0,0,0,0,0,142412.99560546875,86241.77905273438,0,404327403520,8589930496,5130407936,114688
10,1791560644090,2500,2499,799,800,800,799,800,800,2500,2500,2500,2499,2500,2500,800,800,5.263157844543457,0,0,0,100,0,0,0,0,0,0,0,0,0,0,0,142413.14428710938,86242.09826660156,0,404327403520,8589930496,5130407936,114688
9,1791560644100,2500,2499,799,800,800,799,800,800,2500,2500,2500,2499,2500,2500,800,800,5.263157844543457,0,0,0,100,0,0,0,0,0,0,0,0,0,0,0,142413.2886352539,86242.41302490234,0,404327403520,8589930496,5130407936,114688
9,1791560644110,2500,2499,799,800,800,799,800,800,2500,2500,2500,2499,2500,2500,800,800,9.523809432983398,0,0,0,100,0,0,0,0,0,0,0,0,0,0,0,142413.43743896484,86242.7300415039,0,404327403520,8589930496,5130407936,114688
9,1791560644120,2500,2499,799,800,800,799,800,800,2500,2500,2500,2499,2500,2500,800,800,9.523809432983398,0,0,0,100,0,0,0,0,0,0,0,0,0,0,0,142413.5848388672,86243.04583740234,0,404327403520,8589930496,5130407936,114688
9,1791560644130,2500,2499,799,800,800,799,800,800,2500,2500,2500,2499,2500,2500,800,800,9.523809432983398,0,0,0,100,0,0,0,0,0,0,0,0,0,0,0,142413.73571777344,86243.36004638672,0,404327403520,8589930496,5130407936,114688
10,1791560644140,2500,2499,799,800,800,799,800,800,2500,2500,2500,2499,2500,2500,800,800,9.523809432983398,0,0,0,100,0,0,0,0,0,0,0,0,0,0,0,142413.88110351563,86243.67517089844,0,404327403520,8589930496,5129891840,114688
10,1791560644150,2500,2499,799,800,800,799,800,800,2500,2500,2500,2499,2500,2500,800,800,9.523809432983398,0,0,0,100,0,0,0,0,0,0,0,0,0,0,0,142414.02703857422,86243.99035644531,0,404327403520,8589930496,5129891840,114688
10,1791560644160,2500,2499,799,800,800,799,800,800,2500,2500,2500,2499,2500,2500,800,800,9.523809432983398,0,0,0,100,0,0,0,0,0,0,0,0,0,0,0,142414.17279052734,86244.30932617188,0,404327403520,8589930496,5129891840,114688
9,1791560644171,2500,2499,799,800,800,799,800,800,2500,2500,2500,2499,2500,2500,800,800,9.523809432983398,0,0,0,100,0,0,0,0,0,0,0,0,0,0,0,142414.31634521484,86244.62982177734,0,404327403520,8589930496,5129891840,114688
9,1791560644181,2500,2499,799,800,800,799,800,800,2500,2500,2500,2499,2500,2500,800,800,9.523809432983398,0,0,0,100,0,0,0,0,0,0,0,0,0,0,0,142414.46801757813,86244.95275878906,0,404327403520,8589930496,5129891840,114688
10,1791560644191,2500,2499,799,800,800,799,800,800,2500,2500,2500,2499,2500,2500,800,800,9.523809432983398,0,0,0,100,0,0,0,0,0,0,0,0,0,0,0,142414.61505126953,86245.26977539063,0,404327403520,8589930496,5129891840,114688
9,1791560644201,2500,2499,799,800,800,799,800,800,2500,2500,2500,2499,2500,2500,800,800,9.523809432983398,0,0,0,100,0,0,0,0,0,0,0,0,0,0,0,142414.77966308594,86245.62145996094,0,404327403520,8589930496,5129891840,114688
9,1791560644211,2500,2499,799,800,800,799,800,800,2500,2500,2500,2499,2500,2500,800,800,9.523809432983398,0,0,0,100,0,0,0,0,0,0,0,0,0,0,0,142414.92907714844,86245.94201660156,0,404327403520,8589930496,5129891840,114688
9,1791560644221,2500,2499,799,800,800,799,800,800,2500,2500,2500,2499,2500,2500,800,800,9.523809432983398,0,0,0,100,0,0,0,0,0,0,0,0,0,0,0,142415.07244873047,86246.26123046875,0,404327403520,8589930496,5129891840,114688
9,1791560644231,2500,2499,799,800,800,799,800,800,2500,2500,2500,2499,2500,2500,800,800,9.523809432983398,0,0,0,100,0,0,0,0,0,0,0,0,0,0,0,142415.22137451172,86246.57940673828,0,404327403520,8589930496,5129891840,114688
9,1791560644241,2500,2499,799,800,800,799,800,800,2500,2500,2500,2499,2500,2500,800,800,9.523809432983398,0,0,0,100,0,0,0,0,0,0,0,0,0,0,0,142415.36529541016,86246.89831542969,0,404327403520,8589930496,5129891840,114688
9,1791560644251,2500,2499,799,800,800,799,800,800,2500,2500,2500,2499,2500,2500,800,800,9.523809432983398,0,0,0,100,0,0,0,0,0,0,0,0,0,0,0,142415.50939941406,86247.21765136719,0,404327403520,8589930496,5129891840,114688
9,1791560644261,2500,2499,799,800,800,799,800,800,2500,2500,2500,2499,2500,2500,800,800,9.523809432983398,0,0,0,100,0,0,0,0,0,0,0,0,0,0,0,142415.65533447266,86247.54034423828,0,404327403520,8589930496,5129891840,114688
9,1791560644271,2500,2499,799,800,800,799,800,800,2500,2500,2500,2499,2500,2500,800,800,9.523809432983398,0,0,0,100,0,0,0,0,0,0,0,0,0,0,0,142415.8037109375,86247.8623046875,0,404327403520,8589930496,5129891840,114688
10,1791560644281,2500,2499,799,800,800,799,800,800,2500,2500,2500,2499,2500,2500,800,800,9.523809432983398,0,0,0,100,0,0,0,0,0,0,0,0,0,0,0,142415.94799804688,86248.18078613281,0,404327403520,8589930496,5129891840,114688
9,1791560644291,2500,2499,799,800,800,799,800,800,2500,2500,2500,2499,2500,2500,800,800,9.523809432983398,0,0,0,100,0,0,0,0,0,0,0,0,0,0,0,142416.09814453125,86248.49963378906,0,404327403520,8589930496,5129891840,114688
10,1791560644301,2500,2499,799,800,800,799,800,800,2500,2500,2500,2499,2500,2500,800,800,9.523809432983398,0,0,0,100,0,0,0,0,0,0,0,0,0,0,0,142416.24755859375,86248.82727050781,0,404327403520,8589930496,5129891840,114688
9,1791560644312,2500,2499,799,800,800,799,800,800,2500,2500,2500,2499,2500,2500,800,800,10,0,0,0,100,0,0,5.263157844543457,0,0,0,0,0,0,0,0,142416.39514160156,86249.14404296875,0,404327403520,8589930496,5129891840,114688
10,1791560644322,2500,2499,799,800,800,799,800,800,2500,2500,2500,2499,2500,2500,800,800,10,0,0,0,100,0,0,5.263157844543457,0,0,0,0,0,0,0,0,142416.54705810547,86249.4683227539,0,404327403520,8589930496,5129891840,114688
9,1791560644332,2500,2499,799,800,800,799,800,800,2500,2500,2500,2499,2500,2500,800,800,10,0,0,0,100,0,0,5.263157844543457,0,0,0,0,0,0,0,0,142416.69775390625,86249.7924194336,0,404327403520,8589930496,5129891840,114688
10,1791560644342,2500,2499,799,800,800,799,800,800,2500,2500,2500,2499,2500,2500,800,800,10,0,0,0,100,0,0,5.263157844543457,0,0,0,0,0,0,0,0,142416.84368896484,86250.10650634766,0,404327403520,8589930496,5129891840,114688
9,1791560644352,2500,2499,799,800,800,799,800,800,2500,2500,2500,2499,2500,2500,800,800,10,0,0,0,100,0,0,5.263157844543457,0,0,0,0,0,0,0,0,142417.00720214844,86250.46459960938,0,404327403520,8589930496,5129891840,114688
9,1791560644362,2500,2499,799,800,800,799,800,800,2500,2500,2500,2499,2500,2500,800,800,10,0,0,0,100,0,0,5.263157844543457,0,0,0,0,0,0,0,0,142417.14086914063,86250.7572631836,0,404327403520,8589930496,5129891840,114688
9,1791560644372,2500,2499,799,800,800,799,800,800,2500,2500,2500,2499,2500,2500,800,800,10,0,0,0,100,0,0,5.263157844543457,0,0,0,0,0,0,0,0,142417.3016357422,86251.10748291016,0,404327403520,8589930496,5129891840,114688
9,1791560644382,2500,2499,799,800,800,799,800,800,2500,2500,2500,2499,2500,2500,800,800,10,0,0,0,100,0,0,5.263157844543457,0,0,0,0,0,0,0,0,142417.4510498047,86251.42071533203,0,404327403520,8589930496,5129891840,114688
9,1791560644392,2500,2499,799,800,800,799,800,800,2500,2500,2500,2499,2500,2500,800,800,10,0,0,0,100,0,0,5.263157844543457,0,0,0,0,0,0,0,0,142417.59478759766,86251.7455444336,0,404327403520,8589930496,5129891840,114688
10,1791560644402,2500,2499,799,800,800,799,800,800,2500,2500,2500,2499,2500,2500,800,800,10,0,0,0,100,0,0,5.263157844543457,0,0,0,0,0,0,0,0,142417.74389648438,86252.06280517578,0,404327403520,8589930496,5129891840,114688
9,1791560644412,2500,2499,799,800,800,799,800,800,2500,2500,2500,2499,2500,2500,800,800,10,0,0,0,100,0,0,5.263157844543457,0,0,0,0,0,0,0,0,142417.892578125,86252.3828125,0,404327403520,8589930496,5129891840,114688
9,1791560644422,2500,2499,799,800,800,799,800,800,2500,2500,2500,2499,2500,2500,800,800,10,0,0,0,100,0,0,5.263157844543457,0,0,0,0,0,0,0,0,142418.04168701172,86252.70483398438,0,404327403520,8589930496,5129891840,114688
9,1791560644432,2500,2499,799,800,800,799,800,800,2500,2500,2500,2499,2500,2500,800,800,10,0,0,0,100,0,0,5.263157844543457,0,0,0,0,0,0,0,0,142418.189453125,86253.02893066406,0,404327403520,8589930496,5129891840,114688
10,1791560644442,2500,2499,799,800,800,799,800,800,2500,2500,2500,2499,2500,2500,800,800,10,0,0,0,100,0,0,5.263157844543457,0,0,0,0,0,0,0,0,142418.33612060547,86253.34942626953,0,404327403520,8589930496,5129891840,114688
9,1791560644452,2500,2499,799,800,800,799,800,800,2500,2500,2500,2499,2500,2500,800,800,10,0,0,0,100,0,0,5.263157844543457,0,0,0,0,0,0,0,0,142418.48321533203,86253.67028808594,0,404327403520,8589930496,5129891840,114688
9,1791560644463,2500,2499,799,800,800,799,800,800,2500,2500,2500,2499,2500,2500,800,800,10,0,0,0,100,0,0,5.263157844543457,0,0,0,0,0,0,0,0,142418.63354492188,86253.98889160156,0,404327403520,8589930496,5129891840,114688
9,1791560644473,2500,2499,799,800,800,799,800,800,2500,2500,2500,2499,2500,2500,800,800,10,0,0,0,100,0,0,5.263157844543457,0,0,0,0,0,0,0,0,142418.78149414063,86254.30517578125,0,404327403520,8589930496,5129891840,114688
9,1791560644483,2500,2499,799,800,800,799,800,800,2500,2500,2500,2499,2500,2500,800,800,10,0,0,0,100,0,0,5.263157844543457,0,0,0,0,0,0,0,0,142418.92919921875,86254.62371826172,0,404327403520,8589930496,5129891840,114688
9,1791560644493,2500,2499,799,800,800,799,800,800,2500,2500,2500,2499,2500,2500,800,800,10,0,0,0,100,0,0,5.263157844543457,0,0,0,0,0,0,0,0,142419.07647705078,86254.94299316406,0,404327403520,8589930496,5129891840,114688
9,1791560644503,2500,2499,799,800,800,799,800,800,2500,2500,2500,2499,2500,2500,800,800,10,0,0,0,100,0,0,5.263157844543457,0,0,0,0,0,0,0,0,142419.2235107422,86255.26037597656,0,404327403520,8589930496,5129891840,114688
9,1791560644513,2500,2499,799,800,800,799,800,800,2500,2500,2500,2499,2500,2500,800,800,10,0,0,0,100,0,0,0,0,0,0,0,0,0,0,0,142419.38830566406,86255.61169433594,0,404327403520,8589930496,5129891840,114688
10,1791560644523,2500,2499,799,800,800,799,800,800,2500,2500,2500,2499,2500,2500,800,800,10,0,0,0,100,0,0,0,0,0,0,0,0,0,0,0,142419.5234375,86255.8988647461,0,404327403520,8589930496,5129891840,114688
9,1791560644533,2500,2499,799,800,800,799,800,800,2500,2500,2500,2499,2500,2500,800,800,10,0,0,0,100,0,0,0,0,0,0,0,0,0,0,0,142419.6893310547,86256.25,0,404327403520,8589930496,5129891840,114688
9,1791560644543,2500,2499,799,800,800,799,800,800,2500,2500,2500,2499,2500,2500,800,800,10,0,0,0,100,0,0,0,0,0,0,0,0,0,0,0,142419.83416748047,86256.57043457031,0,404327403520,8589930496,5129891840,114688
9,1791560644553,2500,2499,799,800,800,799,800,800,2500,2500,2500,2499,2500,2500,800,800,10,0,0,0,100,0,0,0,0,0,0,0,0,0,0,0,142419.97735595703,86256.89154052734,0,404327403520,8589930496,5129891840,114688
9,1791560644563,2500,2499,799,800,800,799,800,800,2500,2500,2500,2499,2500,2500,800,800,10,0,0,0,100,0,0,0,0,0,0,0,0,0,0,0,142420.12530517578,86257.2074584961,0,404327403520,8589930496,5129891840,114688
9,1791560644573,2500,2499,799,800,800,799,800,800,2500,2500,2500,2499,2500,2500,800,800,10,0,0,0,100,0,0,0,0,0,0,0,0,0,0,0,142420.26959228516,86257.53100585938,0,404327403520,8589930496,5129891840,114688
9,1791560644584,2500,2499,799,800,800,799,800,800,2500,2500,2500,2499,2500,2500,800,800,10,0,0,0,100,0,0,0,0,0,0,0,0,0,0,0,142420.41345214844,86257.85559082031,0,404327403520,8589930496,5129891840,114688
9,1791560644593,2500,2499,799,800,800,799,800,800,2500,2500,2500,2499,2500,2500,800,800,10,0,0,0,100,0,0,0,0,0,0,0,0,0,0,0,142420.5610961914,86258.173828125,0,404327403520,8589930496,5129891840,114688
9,1791560644604,2500,2499,799,800,800,799,800,800,2500,2500,2500,2499,2500,2500,800,800,10,0,0,0,100,0,0,0,0,0,0,0,0,0,0,0,142420.70916748047,86258.4926147461,0,404327403520,8589930496,5129891840,114688
9,1791560644614,2500,2499,799,800,800,799,800,800,2500,2500,2500,2499,2500,2500,800,800,10,0,0,0,100,0,0,0,0,0,0,0,0,0,0,0,142420.85388183594,86258.81311035156,0,404327403520,8589930496,5129891840,114688
9,1791560644624,2500,2499,799,800,800,799,800,800,2500,2500,2500,2499,2500,2500,800,800,10,0,0,0,100,0,0,0,0,0,0,0,0,0,0,0,142420.9989013672,86259.1298828125,0,404327403520,8589930496,5129891840,114688
9,1791560644634,2500,2499,799,800,800,799,800,800,2500,2500,2500,2499,2500,2500,800,800,10,0,0,0,100,0,0,0,0,0,0,0,0,0,0,0,142421.14715576172,86259.45135498047,0,404327403520,8589930496,5129891840,114688
9,1791560644644,2500,2499,799,800,800,799,800,800,2500,2500,2500,2499,2500,2500,800,800,10,0,0,0,100,0,0,0,0,0,0,0,0,0,0,0,142421.29656982422,86259.77197265625,0,404327403520,8589930496,5129891840,114688
9,1791560644654,2500,2499,799,800,800,799,800,800,2500,2500,2500,2499,2500,2500,800,800,10,0,0,0,100,0,0,0,0,0,0,0,0,0,0,0,142421.43920898438,86260.0874633789,0,404327403520,8589930496,5129891840,114688
9,1791560644664,2500,2499,799,800,800,799,800,800,2500,2500,2500,2499,2500,2500,800,800,10,0,0,0,100,0,0,0,0,0,0,0,0,0,0,0,142421.58074951172,86260.40252685547,0,404327403520,8589930496,5129891840,114688
9,1791560644674,2500,2499,799,800,800,799,800,800,2500,2500,2500,2499,2500,2500,800,800,10,0,0,0,100,0,0,0,0,0,0,0,0,0,0,0,142421.72259521484,86260.7211303711,0,404327403520,8589930496,5129891840,114688
9,1791560644684,2500,2499,799,800,800,799,800,800,2500,2500,2500,2499,2500,2500,800,800,10,0,0,0,100,0,0,0,0,0,0,0,0,0,0,0,142421.8705444336,86261.04663085938,0,404327403520,8589930496,5129891840,114688
9,1791560644694,2500,2499,799,800,800,799,800,800,2500,2500,2500,2499,2500,2500,800,800,10,0,0,0,100,0,0,0,0,0,0,0,0,0,0,0,142422.01922607422,86261.37231445313,0,404327403520,8589930496,5129891840,114688
10,1791560644704,2500,2499,799,800,800,799,800,800,2500,2500,2500,2499,2500,2500,800,800,10,0,0,0,100,0,0,0,0,0,0,0,0,0,0,0,142422.16735839844,86261.69305419922,0,404327403520,8589930496,5129891840,114688
9,1791560644714,2500,2499,799,800,800,799,800,800,2500,2500,2500,2499,2500,2500,800,800,14.285715103149414,5,0,0,100,0,0,0,0,0,0,0,0,0,0,0,142422.32971191406,86262.044921875,0,404327403520,8589930496,5129891840,114688
9,1791560644724,2500,2499,799,800,800,799,800,800,2500,2500,2500,2499,2500,2500,800,800,14.285715103149414,5,0,0,100,0,0,0,0,0,0,0,0,0,0,0,142422.47930908203,86262.36309814453,0,404327403520,8589930496,5129891840,114688
10,1791560644734,2500,2499,799,800,800,799,800,800,2500,2500,2500,2499,2500,2500,800,800,14.285715103149414,5,0,0,100,0,0,0,0,0,0,0,0,0,0,0,142422.6300048828,86262.6860961914,0,404327403520,8589930496,5129891840,114688
9,1791560644745,2500,2499,799,800,800,799,800,800,2500,2500,2500,2499,2500,2500,800,800,14.285715103149414,5,0,0,100,0,0,0,0,0,0,0,0,0,0,0,142422.78094482422,86263.0033569336,0,404327403520,8589930496,5129891840,114688
9,1791560644755,2500,2499,799,800,800,799,800,800,2500,2500,2500,2499,2500,2500,800,800,14.285715103149414,5,0,0,100,0,0,0,0,0,0,0,0,0,0,0,142422.93090820313,86263.322265625,0,404327403520,8589930496,5129891840,114688
10,1791560644765,2500,2499,799,800,800,799,800,800,2500,2500,2500,2499,2500,2500,800,800,14.285715103149414,5,0,0,100,0,0,0,0,0,0,0,0,0,0,0,142423.07794189453,86263.64404296875,0,404327403520,8589930496,5129891840,114688
9,1791560644775,2500,2499,799,800,800,799,800,800,2500,2500,2500,2499,2500,2500,800,800,14.285715103149414,5,0,0,100,0,0,0,0,0,0,0,0,0,0,0,142423.22680664063,86263.96130371094,0,404327403520,8589930496,5129891840,114688
9,1791560644785,2500,2499,799,800,800,799,800,800,2500,2500,2500,2499,2500,2500,800,800,14.285715103149414,5,0,0,100,0,0,0,0,0,0,0,0,0,0,0,142423.37713623047,86264.27941894531,0,404327403520,8589930496,5129891840,114688
9,1791560644795,2500,2499,799,800,800,799,800,800,2500,2500,2500,2499,2500,2500,800,800,14.285715103149414,5,0,0,100,0,0,0,0,0,0,0,0,0,0,0,142423.5245361328,86264.59997558594,0,404327403520,8589930496,5129891840,114688
9,1791560644805,2500,2499,799,800,800,799,800,800,2500,2500,2500,2499,2500,2500,800,800,14.285715103149414,5,0,0,100,0,0,0,0,0,0,0,0,0,0,0,142423.6723022461,86264.9193725586,0,404327403520,8589930496,5129891840,114688
9,1791560644815,2500,2499,799,800,800,799,800,800,2500,2500,2500,2499,2500,2500,800,800,14.285715103149414,5,0,0,100,0,0,0,0,0,0,0,0,0,0,0,142423.826171875,86265.2378540039,0,404327403520,8589930496,5129891840,114688
9,1791560644825,2500,2499,799,800,800,799,800,800,2500,2500,2500,2499,2500,2500,800,800,14.285715103149414,5,0,0,100,0,0,0,0,0,0,0,0,0,0,0,142423.97436523438,86265.56060791016,0,404327403520,8589930496,5129891840,114688
9,1791560644835,2500,2499,799,800,800,799,800,800,2500,2500,2500,2499,2500,2500,800,800,14.285715103149414,5,0,0,100,0,0,0,0,0,0,0,0,0,0,0,142424.13970947266,86265.90728759766,0,404327403520,8589930496,5129891840,114688
10,1791560644845,2500,2499,799,800,800,799,800,800,2500,2500,2500,2499,2500,2500,800,800,14.285715103149414,5,0,0,100,0,0,0,0,0,0,0,0,0,0,0,142424.2724609375,86266.18811035156,0,404327403520,8589930496,5129891840,114688
9,1791560644855,2500,2499,799,800,800,799,800,800,2500,2500,2500,2499,2500,2500,800,800,14.285715103149414,5,0,0,100,0,0,0,0,0,0,0,0,0,0,0,142424.43395996094,86266.53442382813,0,404327403520,8589930496,5129891840,114688
10,1791560644865,2500,2499,799,800,800,799,800,800,2500,2500,2500,2499,2500,2500,800,800,14.285715103149414,5,0,0,100,0,0,0,0,0,0,0,0,0,0,0,142424.5712890625,86266.8168334961,0,404327403520,8589930496,5129891840,114688
9,1791560644876,2500,2499,799,800,800,799,800,800,2500,2500,2500,2499,2500,2500,800,800,14.285715103149414,5,0,0,100,0,0,0,0,0,0,0,0,0,0,0,142424.7364501953,86267.16711425781,0,404327403520,8589930496,5129891840,114688
9,1791560644886,2500,2499,799,800,800,799,800,800,2500,2500,2500,2499,2500,2500,800,800,14.285715103149414,5,0,0,100,0,0,0,0,0,0,0,0,0,0,0,142424.88177490234,86267.48559570313,0,404327403520,8589930496,5129891840,114688
9,1791560644896,2500,2499,799,800,800,799,800,800,2500,2500,2500,2499,2500,2500,800,800,14.285715103149414,5,0,0,100,0,0,0,0,0,0,0,0,0,0,0,142425.02801513672,86267.80853271484,0,404327403520,8589930496,5129891840,114688
10,1791560644906,2500,2499,799,800,800,799,800,800,2500,2500,2500,2499,2500,2500,800,800,14.285715103149414,5,0,0,100,0,0,0,0,0,0,0,0,0,0,0,142425.1746826172,86268.12786865234,0,404327403520,8589930496,5129891840,114688
9,1791560644916,2500,2499,799,800,800,799,800,800,2500,2500,2500,2499,2500,2500,800,800,0,0,0,63.15789031982422,35,0,0,0,0,0,0,0,0,0,0,0,142425.3203125,86268.44250488281,0,404327403520,8589930496,5129891840,114688
9,1791560644926,2500,2499,799,800,800,799,800,800,2500,2500,2500,2499,2500,2500,800,800,0,0,0,63.15789031982422,35,0,0,0,0,0,0,0,0,0,0,0,142425.46221923828,86268.75885009766,0,404327403520,8589930496,5129891840,114688
9,1791560644936,2500,2499,799,800,800,799,800,800,2500,2500,2500,2499,2500,2500,800,800,0,0,0,63.15789031982422,35,0,0,0,0,0,0,0,0,0,0,0,142425.61126708984,86269.0732421875,0,404327403520,8589930496,5129891840,114688
9,1791560644946,2500,2499,799,800,800,799,800,800,2500,2500,2500,2499,2500,2500,800,800,0,0,0,63.15789031982422,35,0,0,0,0,0,0,0,0,0,0,0,142425.75848388672,86269.39483642578,0,404327403520,8589930496,5129891840,114688
9,1791560644956,2500,2499,799,800,800,799,800,800,2500,2500,2500,2499,2500,2500,800,800,0,0,0,63.15789031982422,35,0,0,0,0,0,0,0,0,0,0,0,142425.90753173828,86269.7142944336,0,404327403520,8589930496,5129891840,114688
9,1791560644966,2500,2499,799,800,800,799,800,800,2500,2500,2500,2499,2500,2500,800,800,0,0,0,63.15789031982422,35,0,0,0,0,0,0,0,0,0,0,0,142426.05303955078,86270.03454589844,0,404327403520,8589930496,5129891840,114688
9,1791560644976,2500,2499,799,800,800,799,800,800,2500,2500,2500,2499,2500,2500,800,800,0,0,0,63.15789031982422,35,0,0,0,0,0,0,0,0,0,0,0,142426.2010498047,86270.35302734375,0,404327403520,8589930496,5129891840,114688
9,1791560644986,2500,2499,799,800,800,799,800,800,2500,2500,2500,2499,2500,2500,800,800,0,0,0,63.15789031982422,35,0,0,0,0,0,0,0,0,0,0,0,142426.35302734375,86270.67260742188,0,404327403520,8589930496,5129891840,114688
10,1791560644996,2500,2499,799,800,800,799,800,800,2500,2500,2500,2499,2500,2500,800,800,0,0,0,63.15789031982422,35,0,0,0,0,0,0,0,0,0,0,0,142426.5015258789,86270.98693847656,0,404327403520,8589930496,5129891840,114688
10,1791560645006,2500,2499,799,800,800,799,800,800,2500,2500,2500,2499,2500,2500,800,800,0,0,0,63.15789031982422,35,0,0,0,0,0,0,0,0,0,0,0,142426.6512451172,86271.30487060547,0,404327403520,8589930496,5129891840,114688
9,1791560645017,2500,2499,799,800,800,799,800,800,2500,2500,2500,2499,2500,2500,800,800,0,0,0,63.15789031982422,35,0,0,0,0,0,0,0,0,0,0,0,142426.81384277344,86271.65594482422,0,404327403520,8589930496,5129891840,114688
9,1791560645027,2500,2499,799,800,800,799,800,800,2500,2500,2500,2499,2500,2500,800,800,0,0,0,63.15789031982422,35,0,0,0,0,0,0,0,0,0,0,0,142426.9370727539,86271.93371582031,0,404327403520,8589930496,5129891840,114688
9,1791560645037,2500,2499,799,800,800,799,800,800,2500,2500,2500,2499,2500,2500,800,800,0,0,0,63.15789031982422,35,0,0,0,0,0,0,0,0,0,0,0,142427.09912109375,86272.28228759766,0,404327403520,8589930496,5129891840,114688
9,1791560645047,2500,2499,799,800,800,799,800,800,2500,2500,2500,2499,2500,2500,800,800,0,0,0,63.15789031982422,35,0,0,0,0,0,0,0,0,0,0,0,142427.2470703125,86272.59893798828,0,404327403520,8589930496,5129891840,114688
9,1791560645057,2500,2499,799,800,800,799,800,800,2500,2500,2500,2499,2500,2500,800,800,0,0,0,63.15789031982422,35,0,0,0,0,0,0,0,0,0,0,0,142427.39154052734,86272.91748046875,0,404327403520,8589930496,5129891840,114688
9,1791560645067,2500,2499,799,800,800,799,800,800,2500,2500,2500,2499,2500,2500,800,800,0,0,0,63.15789031982422,35,0,0,0,0,0,0,0,0,0,0,0,142427.53802490234,86273.24145507813,0,404327403520,8589930496,5129891840,114688
9,1791560645077,2500,2499,799,800,800,799,800,800,2500,2500,2500,2499,2500,2500,800,800,0,0,0,63.15789031982422,35,0,0,0,0,0,0,0,0,0,0,0,142427.6831665039,86273.56573486328,0,404327403520,8589930496,5129891840,114688
9,1791560645087,2500,2499,799,800,800,799,800,800,2500,2500,2500,2499,2500,2500,800,800,0,0,0,63.15789031982422,35,0,0,0,0,0,0,0,0,0,0,0,142427.83239746094,86273.88360595703,0,404327403520,8589930496,5129891840,114688
9,1791560645097,2500,2499,799,800,800,799,800,800,2500,2500,2500,2499,2500,2500,800,800,0,0,0,63.15789031982422,35,0,0,0,0,0,0,0,0,0,0,0,142427.98175048828,86274.201171875,0,404327403520,8589930496,5128585216,114688
9,1791560645107,2500,2499,799,800,800,799,800,800,2500,2500,2500,2499,2500,2500,800,800,0,0,0,63.15789031982422,35,0,0,0,0,0,0,0,0,0,0,0,142428.1346435547,86274.52136230469,0,404327403520,8589930496,5128585216,114688
10,1791560645117,2500,2499,799,800,800,799,800,800,2500,2500,2500,2499,2500,2500,800,800,5,0,60.000003814697266,40,0,0,0,5,0,0,0,0,0,0,0,0,142428.2817993164,86274.84326171875,0,404327403520,8589930496,5128585216,114688
9,1791560645127,2500,2499,799,800,800,799,800,800,2500,2500,2500,2499,2500,2500,800,800,5,0,60.000003814697266,40,0,0,0,5,0,0,0,0,0,0,0,0,142428.4306640625,86275.15924072266,0,404327403520,8589930496,5128585216,114688
9,1791560645137,2500,2499,799,800,800,799,800,800,2500,2500,2500,2499,2500,2500,800,800,5,0,60.000003814697266,40,0,0,0,5,0,0,0,0,0,0,0,0,142428.57550048828,86275.47747802734,0,404327403520,8589930496,5128585216,114688
9,1791560645147,2500,2499,799,800,800,799,800,800,2500,2500,2500,2499,2500,2500,800,800,5,0,60.000003814697266,40,0,0,0,5,0,0,0,0,0,0,0,0,142428.7225341797,86275.79663085938,0,404327403520,8589930496,5128585216,114688
10,1791560645157,2500,2499,799,800,800,799,800,800,2500,2500,2500,2499,2500,2500,800,800,5,0,60.000003814697266,40,0,0,0,5,0,0,0,0,0,0,0,0,142428.8720703125,86276.11694335938,0,404327403520,8589930496,5128585216,114688
9,1791560645168,2500,2499,799,800,800,799,800,800,2500,2500,2500,2499,2500,2500,800,800,5,0,60.000003814697266,40,0,0,0,5,0,0,0,0,0,0,0,0,142429.02404785156,86276.46801757813,0,404327403520,8589930496,5128585216,114688
9,1791560645178,2500,2499,799,800,800,799,800,800,2500,2500,2500,2499,2500,2500,800,800,5,0,60.000003814697266,40,0,0,0,5,0,0,0,0,0,0,0,0,142429.15643310547,86276.76025390625,0,404327403520,8589930496,5128585216,114688
9,1791560645188,2500,2499,799,800,800,799,800,800,2500,2500,2500,2499,2500,2500,800,800,5,0,60.000003814697266,40,0,0,0,5,0,0,0,0,0,0,0,0,142429.32342529297,86277.1156616211,0,404327403520,8589930496,5128585216,114688
9,1791560645198,2500,2499,799,800,800,799,800,800,2500,2500,2500,2499,2500,2500,800,800,5,0,60.000003814697266,40,0,0,0,5,0,0,0,0,0,0,0,0,142429.47009277344,86277.44171142578,0,404327403520,8589930496,5128585216,114688
9,1791560645208,2500,2499,799,800,800,799,800,800,2500,2500,2500,2499,2500,2500,800,800,5,0,60.000003814697266,40,0,0,0,5,0,0,0,0,0,0,0,0,142429.61602783203,86277.76251220703,0,404327403520,8589930496,5128585216,114688
9,1791560645218,2500,2499,799,800,800,799,800,800,2500,2500,2500,2499,2500,2500,800,800,5,0,60.000003814697266,40,0,0,0,5,0,0,0,0,0,0,0,0,142429.76580810547,86278.07781982422,0,404327403520,8589930496,5128585216,114688
9,1791560645228,2500,2499,799,800,800,799,800,800,2500,2500,2500,2499,2500,2500,800,800,5,0,60.000003814697266,40,0,0,0,5,0,0,0,0,0,0,0,0,142429.91540527344,86278.40002441406,0,404327403520,8589930496,5128585216,114688
9,1791560645238,2500,2499,799,800,800,799,800,800,2500,2500,2500,2499,2500,2500,800,800,5,0,60.000003814697266,40,0,0,0,5,0,0,0,0,0,0,0,0,142430.06005859375,86278.71374511719,0,404327403520,8589930496,5128585216,114688
9,1791560645248,2500,2499,799,800,800,799,800,800,2500,2500,2500,2499,2500,2500,800,800,5,0,60.000003814697266,40,0,0,0,5,0,0,0,0,0,0,0,0,142430.2045288086,86279.02996826172,0,404327403520,8589930496,5128585216,114688
10,1791560645258,2500,2499,799,800,800,799,800,800,2500,2500,2500,2499,2500,2500,800,800,5,0,60.000003814697266,40,0,0,0,5,0,0,0,0,0,0,0,0,142430.3497314453,86279.34777832031,0,404327403520,8589930496,5128585216,114688
9,1791560645268,2500,2499,799,800,800,799,800,800,2500,2500,2500,2499,2500,2500,800,800,5,0,60.000003814697266,40,0,0,0,5,0,0,0,0,0,0,0,0,142430.49584960938,86279.6646118164,0,404327403520,8589930496,5128585216,114688
9,1791560645278,2500,2499,799,800,800,799,800,800,2500,2500,2500,2499,2500,2500,800,800,5,0,60.000003814697266,40,0,0,0,5,0,0,0,0,0,0,0,0,142430.63775634766,86279.97436523438,0,404327403520,8589930496,5128585216,114688
9,1791560645288,2500,2499,799,800,800,799,800,800,2500,2500,2500,2499,2500,2500,800,800,5,0,60.000003814697266,40,0,0,0,5,0,0,0,0,0,0,0,0,142430.78717041016,86280.29473876953,0,404327403520,8589930496,5128585216,114688
9,1791560645299,2500,2499,799,800,800,799,800,800,2500,2500,2500,2499,2500,2500,800,800,5,0,60.000003814697266,40,0,0,0,5,0,0,0,0,0,0,0,0,142430.93420410156,86280.61395263672,0,404327403520,8589930496,5128585216,114688
9,1791560645309,2500,2499,799,800,800,799,800,800,2500,2500,2500,2499,2500,2500,800,800,5,0,60.000003814697266,40,0,0,0,5,0,0,0,0,0,0,0,0,142431.08251953125,86280.93359375,0,404327403520,8589930496,5128585216,114688
9,1791560645319,2500,2499,799,800,800,799,800,800,2500,2500,2500,2499,2500,2500,800,800,10,0,100,5,0,0,0,5.263157844543457,0,0,0,0,0,0,0,0,142431.2322998047,86281.25341796875,0,404327403520,8589930496,5128585216,114688
9,1791560645329,2500,2499,799,800,800,799,800,800,2500,2500,2500,2499,2500,2500,800,800,10,0,100,5,0,0,0,5.263157844543457,0,0,0,0,0,0,0,0,142431.38592529297,86281.57196044922,0,404327403520,8589930496,5128585216,114688
10,1791560645339,2500,2499,799,800,800,799,800,800,2500,2500,2500,2499,2500,2500,800,800,10,0,100,5,0,0,0,5.263157844543457,0,0,0,0,0,0,0,0,142431.5298461914,86281.88189697266,0,404327403520,8589930496,5128585216,114688
9,1791560645349,2500,2499,799,800,800,799,800,800,2500,2500,2500,2499,2500,2500,800,800,10,0,100,5,0,0,0,5.263157844543457,0,0,0,0,0,0,0,0,142431.69116210938,86282.22845458984,0,404327403520,8589930496,5128585216,114688
9,1791560645359,2500,2499,799,800,800,799,800,800,2500,2500,2500,2499,2500,2500,800,800,10,0,100,5,0,0,0,5.263157844543457,0,0,0,0,0,0,0,0,142431.84313964844,86282.54406738281,0,404327403520,8589930496,5128585216,114688
10,1791560645369,2500,2499,799,800,800,799,800,800,2500,2500,2500,2499,2500,2500,800,800,10,0,100,5,0,0,0,5.263157844543457,0,0,0,0,0,0,0,0,142431.96856689453,86282.8364868164,0,404327403520,8589930496,5128585216,114688
9,1791560645379,2500,2499,799,800,800,799,800,800,2500,2500,2500,2499,2500,2500,800,800,10,0,100,5,0,0,0,5.263157844543457,0,0,0,0,0,0,0,0,142432.12969970703,86283.18908691406,0,404327403520,8589930496,5128585216,114688
9,1791560645389,2500,2499,799,800,800,799,800,800,2500,2500,2500,2499,2500,2500,800,800,10,0,100,5,0,0,0,5.263157844543457,0,0,0,0,0,0,0,0,142432.2758178711,86283.50811767578,0,404327403520,8589930496,5128585216,114688
9,1791560645399,2500,2499,799,800,800,799,800,800,2500,2500,2500,2499,2500,2500,800,800,10,0,100,5,0,0,0,5.263157844543457,0,0,0,0,0,0,0,0,142432.42376708984,86283.8314819336,0,404327403520,8589930496,5128585216,114688
9,1791560645409,2500,2499,799,800,800,799,800,800,2500,2500,2500,2499,2500,2500,800,800,10,0,100,5,0,0,0,5.263157844543457,0,0,0,0,0,0,0,0,142432.57318115234,86284.14196777344,0,404327403520,8589930496,5128585216,114688
9,1791560645419,2500,2499,799,800,800,799,800,800,2500,2500,2500,2499,2500,2500,800,800,10,0,100,5,0,0,0,5.263157844543457,0,0,0,0,0,0,0,0,142432.72790527344,86284.45684814453,0,404327403520,8589930496,5128585216,114688
9,1791560645429,2500,2499,799,800,800,799,800,800,2500,2500,2500,2499,2500,2500,800,800,10,0,100,5,0,0,0,5.263157844543457,0,0,0,0,0,0,0,0,142432.87786865234,86284.77746582031,0,404327403520,8589930496,5128585216,114688
10,1791560645439,2500,2499,799,800,800,799,800,800,2500,2500,2500,2499,2500,2500,800,800,10,0,100,5,0,0,0,5.263157844543457,0,0,0,0,0,0,0,0,142433.02545166016,86285.10052490234,0,404327403520,8589930496,5128585216,114688
9,1791560645450,2500,2499,799,800,800,799,800,800,2500,2500,2500,2499,2500,2500,800,800,10,0,100,5,0,0,0,5.263157844543457,0,0,0,0,0,0,0,0,142433.17987060547,86285.42126464844,0,404327403520,8589930496,5128585216,114688
9,1791560645460,2500,2499,799,800,800,799,800,800,2500,2500,2500,2499,2500,2500,800,800,10,0,100,5,0,0,0,5.263157844543457,0,0,0,0,0,0,0,0,142433.32708740234,86285.74188232422,0,404327403520,8589930496,5128585216,114688
9,1791560645470,2500,2499,799,800,800,799,800,800,2500,2500,2500,2499,2500,2500,800,800,10,0,100,5,0,0,0,5.263157844543457,0,0,0,0,0,0,0,0,142433.47296142578,86286.0523071289,0,404327403520,8589930496,5128585216,114688
9,1791560645480,2500,2499,799,800,800,799,800,800,2500,2500,2500,2499,2500,2500,800,800,10,0,100,5,0,0,0,5.263157844543457,0,0,0,0,0,0,0,0,142433.6226196289,86286.36798095703,0,404327403520,8589930496,5128585216,114688
9,1791560645490,2500,2499,799,800,800,799,800,800,2500,2500,2500,2499,2500,2500,800,800,10,0,100,5,0,0,0,5.263157844543457,0,0,0,0,0,0,0,0,142433.77349853516,86286.68072509766,0,404327403520,8589930496,5128585216,114688
9,1791560645500,2500,2499,799,800,800,799,800,800,2500,2500,2500,2499,2500,2500,800,800,10,0,100,5,0,0,0,5.263157844543457,0,0,0,0,0,0,0,0,142433.92248535156,86286.99694824219,0,404327403520,8589930496,5128585216,114688
9,1791560645510,2500,2499,799,800,800,799,800,800,2500,2500,2500,2499,2500,2500,800,800,10,0,100,5,0,0,0,5.263157844543457,0,0,0,0,0,0,0,0,142434.08892822266,86287.34173583984,0,404327403520,8589930496,5128585216,114688
9,1791560645520,2500,2499,799,800,800,799,800,800,2500,2500,2500,2499,2500,2500,800,800,5.263157844543457,0,100,0,0,0,0,5,0,0,0,0,0,0,0,0,142434.23559570313,86287.6557006836,0,404327403520,8589930496,5128585216,114688
9,1791560645530,2500,2499,799,800,800,799,800,800,2500,2500,2500,2499,2500,2500,800,800,5.263157844543457,0,100,0,0,0,0,5,0,0,0,0,0,0,0,0,142434.3822631836,86287.96875,0,404327403520,8589930496,5128585216,114688
9,1791560645540,2500,2499,799,800,800,799,800,800,2500,2500,2500,2499,2500,2500,800,800,5.263157844543457,0,100,0,0,0,0,5,0,0,0,0,0,0,0,0,142434.52911376953,86288.28802490234,0,404327403520,8589930496,5128585216,114688
9,1791560645550,2500,2499,799,800,800,799,800,800,2500,2500,2500,2499,2500,2500,800,800,5.263157844543457,0,100,0,0,0,0,5,0,0,0,0,0,0,0,0,142434.67504882813,86288.60174560547,0,404327403520,8589930496,5128585216,114688
9,1791560645560,2500,2499,799,800,800,799,800,800,2500,2500,2500,2499,2500,2500,800,800,5.263157844543457,0,100,0,0,0,0,5,0,0,0,0,0,0,0,0,142434.82220458984,86288.91973876953,0,404327403520,8589930496,5128585216,114688
9,1791560645570,2500,2499,799,800,800,799,800,800,2500,2500,2500,2499,2500,2500,800,800,5.263157844543457,0,100,0,0,0,0,5,0,0,0,0,0,0,0,0,142434.96911621094,86289.23748779297,0,404327403520,8589930496,5128585216,114688
9,1791560645580,2500,2499,799,800,800,799,800,800,2500,2500,2500,2499,2500,2500,800,800,5.263157844543457,0,100,0,0,0,0,5,0,0,0,0,0,0,0,0,142435.11682128906,86289.55474853516,0,404327403520,8589930496,5128585216,114688
10,1791560645591,2500,2499,799,800,800,799,800,800,2500,2500,2500,2499,2500,2500,800,800,5.263157844543457,0,100,0,0,0,0,5,0,0,0,0,0,0,0,0,142435.26348876953,86289.86901855469,0,404327403520,8589930496,5128585216,114688
9,1791560645601,2500,2499,799,800,800,799,800,800,2500,2500,2500,2499,2500,2500,800,800,5.263157844543457,0,100,0,0,0,0,5,0,0,0,0,0,0,0,0,142435.4096069336,86290.18518066406,0,404327403520,8589930496,5128585216,114688
9,1791560645611,2500,2499,799,800,800,799,800,800,2500,2500,2500,2499,2500,2500,800,800,5.263157844543457,0,100,0,0,0,0,5,0,0,0,0,0,0,0,0,142435.55975341797,86290.50115966797,0,404327403520,8589930496,5128585216,114688
9,1791560645621,2500,2499,799,800,800,799,800,800,2500,2500,2500,2499,2500,2500,800,800,5.263157844543457,0,100,0,0,0,0,5,0,0,0,0,0,0,0,0,142435.70733642578,86290.81518554688,0,404327403520,8589930496,5128585216,114688
9,1791560645631,2500,2499,799,800,800,799,800,800,2500,2500,2500,2499,2500,2500,800,800,5.263157844543457,0,100,0,0,0,0,5,0,0,0,0,0,0,0,0,142435.85217285156,86291.13006591797,0,404327403520,8589930496,5128585216,114688
9,1791560645641,2500,2499,799,800,800,799,800,800,2500,2500,2500,2499,2500,2500,800,800,5.263157844543457,0,100,0,0,0,0,5,0,0,0,0,0,0,0,0,142436.00030517578,86291.44567871094,0,404327403520,8589930496,5128585216,114688
10,1791560645651,2500,2499,799,800,800,799,800,800,2500,2500,2500,2499,2500,2500,800,800,5.263157844543457,0,100,0,0,0,0,5,0,0,0,0,0,0,0,0,142436.14971923828,86291.76202392578,0,404327403520,8589930496,5128585216,114688
9,1791560645661,2500,2499,799,800,800,799,800,800,2500,2500,2500,2499,2500,2500,800,800,5.263157844543457,0,100,0,0,0,0,5,0,0,0,0,0,0,0,0,142436.30993652344,86292.10955810547,0,404327403520,8589930496,5128585216,114688
9,1791560645671,2500,2499,799,800,800,799,800,800,2500,2500,2500,2499,2500,2500,800,800,5.263157844543457,0,100,0,0,0,0,5,0,0,0,0,0,0,0,0,142436.4619140625,86292.42462158203,0,404327403520,8589930496,5128585216,114688
9,1791560645681,2500,2499,799,800,800,799,800,800,2500,2500,2500,2499,2500,2500,800,800,5.263157844543457,0,100,0,0,0,0,5,0,0,0,0,0,0,0,0,142436.60968017578,86292.74578857422,0,404327403520,8589930496,5128585216,114688
9,1791560645691,2500,2499,799,800,800,799,800,800,2500,2500,2500,2499,2500,2500,800,800,5.263157844543457,0,100,0,0,0,0,5,0,0,0,0,0,0,0,0,142436.7606201172,86293.06829833984,0,404327403520,8589930496,5128585216,114688
10,1791560645701,2500,2499,799,800,800,799,800,800,2500,2500,2500,2499,2500,2500,800,800,5.263157844543457,0,100,0,0,0,0,5,0,0,0,0,0,0,0,0,142436.9028930664,86293.38250732422,0,404327403520,8589930496,5128585216,114688
9,1791560645711,2500,2499,799,800,800,799,800,800,2500,2500,2500,2499,2500,2500,800,800,5.263157844543457,0,100,0,0,0,0,5,0,0,0,0,0,0,0,0,142437.04901123047,86293.69757080078,0,404327403520,8589930496,5128585216,114688
9,1791560645722,2500,2499,799,800,800,799,800,800,2500,2500,2500,2499,2500,2500,800,800,10,0,100,0,0,0,0,5,0,0,0,0,0,0,0,0,142437.19274902344,86294.01141357422,0,404327403520,8589930496,5128585216,114688
10,1791560645732,2500,2499,799,800,800,799,800,800,2500,2500,2500,2499,2500,2500,800,800,10,0,100,0,0,0,0,5,0,0,0,0,0,0,0,0,142437.33813476563,86294.32690429688,0,404327403520,8589930496,5128585216,114688
9,1791560645742,2500,2499,799,800,800,799,800,800,2500,2500,2500,2499,2500,2500,800,800,10,0,100,0,0,0,0,5,0,0,0,0,0,0,0,0,142437.4853515625,86294.64709472656,0,404327403520,8589930496,5128585216,114688
9,1791560645752,2500,2499,799,800,800,799,800,800,2500,2500,2500,2499,2500,2500,800,800,10,0,100,0,0,0,0,5,0,0,0,0,0,0,0,0,142437.63201904297,86294.96502685547,0,404327403520,8589930496,5128585216,114688
9,1791560645762,2500,2499,799,800,800,799,800,800,2500,2500,2500,2499,2500,2500,800,800,10,0,100,0,0,0,0,5,0,0,0,0,0,0,0,0,142437.77905273438,86295.28259277344,0,404327403520,8589930496,5128585216,114688
10,1791560645772,2500,2499,799,800,800,799,800,800,2500,2500,2500,2499,2500,2500,800,800,10,0,100,0,0,0,0,5,0,0,0,0,0,0,0,0,142437.92572021484,86295.5971069336,0,404327403520,8589930496,5128585216,114688
9,1791560645782,2500,2499,799,800,800,799,800,800,2500,2500,2500,2499,2500,2500,800,800,10,0,100,0,0,0,0,5,0,0,0,0,0,0,0,0,142438.0765991211,86295.912109375,0,404327403520,8589930496,5128585216,114688
9,1791560645792,2500,2499,799,800,800,799,800,800,2500,2500,2500,2499,2500,2500,800,800,10,0,100,0,0,0,0,5,0,0,0,0,0,0,0,0,142438.2230834961,86296.23291015625,0,404327403520,8589930496,5128585216,114688
9,1791560645802,2500,2499,799,800,800,799,800,800,2500,2500,2500,2499,2500,2500,800,800,10,0,100,0,0,0,0,5,0,0,0,0,0,0,0,0,142438.37188720703,86296.54852294922,0,404327403520,8589930496,5128585216,114688
10,1791560645812,2500,2499,799,800,800,799,800,800,2500,2500,2500,2499,2500,2500,800,800,10,0,100,0,0,0,0,5,0,0,0,0,0,0,0,0,142438.5262451172,86296.87005615234,0,404327403520,8589930496,5128585216,114688
9,1791560645822,2500,2499,799,800,800,799,800,800,2500,2500,2500,2499,2500,2500,800,800,10,0,100,0,0,0,0,5,0,0,0,0,0,0,0,0,142438.67071533203,86297.18878173828,0,404327403520,8589930496,5128585216,114688
9,1791560645832,2500,2499,799,800,800,799,800,800,2500,2500,2500,2499,2500,2500,800,800,10,0,100,0,0,0,0,5,0,0,0,0,0,0,0,0,142438.83044433594,86297.53601074219,0,404327403520,8589930496,5128585216,114688
10,1791560645842,2500,2499,799,800,800,799,800,800,2500,2500,2500,2499,2500,2500,800,800,10,0,100,0,0,0,0,5,0,0,0,0,0,0,0,0,142438.95989990234,86297.81872558594,0,404327403520,8589930496,5128585216,114688
9,1791560645852,2500,2499,799,800,800,799,800,800,2500,2500,2500,2499,2500,2500,800,800,10,0,100,0,0,0,0,5,0,0,0,0,0,0,0,0,142439.1094970703,86298.13983154297,0,404327403520,8589930496,5128585216,114688
10,1791560645862,2500,2499,799,800,800,799,800,800,2500,2500,2500,2499,2500,2500,800,800,10,0,100,0,0,0,0,5,0,0,0,0,0,0,0,0,142439.25927734375,86298.46105957031,0,404327403520,8589930496,5128585216,114688
9,1791560645873,2500,2499,799,800,800,799,800,800,2500,2500,2500,2499,2500,2500,800,800,10,0,100,0,0,0,0,5,0,0,0,0,0,0,0,0,142439.41955566406,86298.81469726563,0,404327403520,8589930496,5128585216,114688
10,1791560645883,2500,2499,799,800,800,799,800,800,2500,2500,2500,2499,2500,2500,800,800,10,0,100,0,0,0,0,5,0,0,0,0,0,0,0,0,142439.56604003906,86299.13330078125,0,404327403520,8589930496,5128585216,114688
9,1791560645893,2500,2499,799,800,800,799,800,800,2500,2500,2500,2499,2500,2500,800,800,10,0,100,0,0,0,0,5,0,0,0,0,0,0,0,0,142439.7134399414,86299.45471191406,0,404327403520,8589930496,5128585216,114688
9,1791560645903,2500,2499,799,800,800,799,800,800,2500,2500,2500,2499,2500,2500,800,800,10,0,100,0,0,0,0,5,0,0,0,0,0,0,0,0,142439.85974121094,86299.76928710938,0,404327403520,8589930496,5128585216,114688
9,1791560645913,2500,2499,799,800,800,799,800,800,2500,2500,2500,2499,2500,2500,800,800,10,0,100,0,0,0,0,5,0,0,0,0,0,0,0,0,142440.00164794922,86300.08447265625,0,404327403520,8589930496,5128585216,114688
9,1791560645923,2500,2499,799,800,800,799,800,800,2500,2500,2500,2499,2500,2500,800,800,5,0,100,0,0,0,0,0,0,0,0,0,0,0,0,0,142440.15014648438,86300.40185546875,0,404327403520,8589930496,5128585216,114688
10,1791560645933,2500,2499,799,800,800,799,800,800,2500,2500,2500,2499,2500,2500,800,800,5,0,100,0,0,0,0,0,0,0,0,0,0,0,0,0,142440.2960205078,86300.7201538086,0,404327403520,8589930496,5128585216,114688
9,1791560645943,2500,2499,799,800,800,799,800,800,2500,2500,2500,2499,2500,2500,800,800,5,0,100,0,0,0,0,0,0,0,0,0,0,0,0,0,142440.44635009766,86301.03857421875,0,404327403520,8589930496,5128585216,114688
10,1791560645953,2500,2499,799,800,800,799,800,800,2500,2500,2500,2499,2500,2500,800,800,5,0,100,0,0,0,0,0,0,0,0,0,0,0,0,0,142440.59301757813,86301.35479736328,0,404327403520,8589930496,5128585216,114688
9,1791560645963,2500,2499,799,800,800,799,800,800,2500,2500,2500,2499,2500,2500,800,800,5,0,100,0,0,0,0,0,0,0,0,0,0,0,0,0,142440.74389648438,86301.666015625,0,404327403520,8589930496,5128585216,114688
9,1791560645973,2500,2499,799,800,800,799,800,800,2500,2500,2500,2499,2500,2500,800,800,5,0,100,0,0,0,0,0,0,0,0,0,0,0,0,0,142440.8935546875,86301.98272705078,0,404327403520,8589930496,5128585216,114688
10,1791560645983,2500,2499,799,800,800,799,800,800,2500,2500,2500,2499,2500,2500,800,800,5,0,100,0,0,0,0,0,0,0,0,0,0,0,0,0,142441.03839111328,86302.30108642578,0,404327403520,8589930496,5128585216,114688
9,1791560645993,2500,2499,799,800,800,799,800,800,2500,2500,2500,2499,2500,2500,800,800,5,0,100,0,0,0,0,0,0,0,0,0,0,0,0,0,142441.18395996094,86302.61853027344,0,404327403520,8589930496,5128585216,114688
10,1791560646003,2500,2499,799,800,800,799,800,800,2500,2500,2500,2499,2500,2500,800,800,5,0,100,0,0,0,0,0,0,0,0,0,0,0,0,0,142441.33374023438,86302.93725585938,0,404327403520,8589930496,5128585216,114688
10,1791560646013,2500,2499,799,800,800,799,800,800,2500,2500,2500,2499,2500,2500,800,800,5,0,100,0,0,0,0,0,0,0,0,0,0,0,0,0,142441.48168945313,86303.25439453125,0,404327403520,8589930496,5128585216,114688
10,1791560646024,2500,2499,799,800,800,799,800,800,2500,2500,2500,2499,2500,2500,800,800,5,0,100,0,0,0,0,0,0,0,0,0,0,0,0,0,142441.6270751953,86303.5689086914,0,404327403520,8589930496,5128585216,114688
9,1791560646034,2500,2499,799,800,800,799,800,800,2500,2500,2500,2499,2500,2500,800,800,5,0,100,0,0,0,0,0,0,0,0,0,0,0,0,0,142441.79034423828,86303.91510009766,0,404327403520,8589930496,5128585216,114688
9,1791560646044,2500,2499,799,800,800,799,800,800,2500,2500,2500,2499,2500,2500,800,800,5,0,100,0,0,0,0,0,0,0,0,0,0,0,0,0,142441.93774414063,86304.22967529297,0,404327403520,8589930496,5128585216,114688
9,1791560646054,2500,2499,799,800,800,799,800,800,2500,2500,2500,2499,2500,2500,800,800,5,0,100,0,0,0,0,0,0,0,0,0,0,0,0,0,142442.09100341797,86304.51745605469,0,404327403520,8589930496,5128585216,114688
9,1791560646064,2500,2499,799,800,800,799,800,800,2500,2500,2500,2499,2500,2500,800,800,5,0,100,0,0,0,0,0,0,0,0,0,0,0,0,0,142442.23693847656,86304.86444091797,0,404327403520,8589930496,5128585216,114688
9,1791560646074,2500,2499,799,800,800,799,800,800,2500,2500,2500,2499,2500,2500,800,800,5,0,100,0,0,0,0,0,0,0,0,0,0,0,0,0,142442.3837890625,86305.18572998047,0,404327403520,8589930496,5128585216,114688
10,1791560646084,2500,2499,799,800,800,799,800,800,2500,2500,2500,2499,2500,2500,800,800,5,0,100,0,0,0,0,0,0,0,0,0,0,0,0,0,142442.53302001953,86305.4976196289,0,404327403520,8589930496,5128585216,114688
9,1791560646094,2500,2499,799,800,800,799,800,800,2500,2500,2500,2499,2500,2500,800,800,5,0,100,0,0,0,0,0,0,0,0,0,0,0,0,0,142442.67987060547,86305.81158447266,0,404327403520,8589930496,5128585216,114688
9,1791560646104,2500,2499,799,800,800,799,800,800,2500,2500,2500,2499,2500,2500,800,800,5,0,100,0,0,0,0,0,0,0,0,0,0,0,0,0,142442.82818603516,86306.12902832031,0,404327403520,8589930496,5128585216,114688
9,1791560646114,2500,2499,799,800,800,799,800,800,2500,2500,2500,2499,2500,2500,800,800,5,0,100,0,0,0,0,0,0,0,0,0,0,0,0,0,142442.98052978516,86306.4418334961,0,404327403520,8589930496,5128585216,114688
9,1791560646124,2500,2499,799,800,800,799,800,800,2500,2500,2500,2499,2500,2500,800,800,5.263157844543457,0,100,0,0,0,0,9.523809432983398,0,0,0,0,0,0,0,0,142443.13061523438,86306.75341796875,0,404327403520,8589930496,5127294976,114688
10,1791560646134,2500,2499,799,800,800,799,800,800,2500,2500,2500,2499,2500,2500,800,800,5.263157844543457,0,100,0,0,0,0,9.523809432983398,0,0,0,0,0,0,0,0,142443.27947998047,86307.07727050781,0,404327403520,8589930496,5127294976,114688
10,1791560646144,2500,2499,799,800,800,799,800,800,2500,2500,2500,2499,2500,2500,800,800,5.263157844543457,0,100,0,0,0,0,9.523809432983398,0,0,0,0,0,0,0,0,142443.4281616211,86307.39923095703,0,404327403520,8589930496,5127294976,114688
9,1791560646155,2500,2499,799,800,800,799,800,800,2500,2500,2500,2499,2500,2500,800,800,5.263157844543457,0,100,0,0,0,0,9.523809432983398,0,0,0,0,0,0,0,0,142443.5728149414,86307.71484375,0,404327403520,8589930496,5127294976,114688
9,1791560646165,2500,2499,799,800,800,799,800,800,2500,2500,2500,2499,2500,2500,800,800,5.263157844543457,0,100,0,0,0,0,9.523809432983398,0,0,0,0,0,0,0,0,142443.71844482422,86308.03393554688,0,404327403520,8589930496,5127294976,114688
9,1791560646175,2500,2499,799,800,800,799,800,800,2500,2500,2500,2499,2500,2500,800,800,5.263157844543457,0,100,0,0,0,0,9.523809432983398,0,0,0,0,0,0,0,0,142443.87939453125,86308.3804321289,0,404327403520,8589930496,5127294976,114688
9,1791560646185,2500,2499,799,800,800,799,800,800,2500,2500,2500,2499,2500,2500,800,800,5.263157844543457,0,100,0,0,0,0,9.523809432983398,0,0,0,0,0,0,0,0,142444.03076171875,86308.69848632813,0,404327403520,8589930496,5127294976,114688
9,1791560646195,2500,2499,799,800,800,799,800,800,2500,2500,2500,2499,2500,2500,800,800,5.263157844543457,0,100,0,0,0,0,9.523809432983398,0,0,0,0,0,0,0,0,142444.18493652344,86309.01544189453,0,404327403520,8589930496,5127294976,114688
9,1791560646205,2500,2499,799,800,800,799,800,800,2500,2500,2500,2499,2500,2500,800,800,5.263157844543457,0,100,0,0,0,0,9.523809432983398,0,0,0,0,0,0,0,0,142444.33306884766,86309.33306884766,0,404327403520,8589930496,5127294976,114688
9,1791560646215,2500,2499,799,800,800,799,800,800,2500,2500,2500,2499,2500,2500,800,800,5.263157844543457,0,100,0,0,0,0,9.523809432983398,0,0,0,0,0,0,0,0,142444.4793701172,86309.64685058594,0,404327403520,8589930496,5127294976,114688
9,1791560646225,2500,2499,799,800,800,799,800,800,2500,2500,2500,2499,2500,2500,800,800,5.263157844543457,0,100,0,0,0,0,9.523809432983398,0,0,0,0,0,0,0,0,142444.6264038086,86309.96405029297,0,404327403520,8589930496,5127294976,114688
9,1791560646235,2500,2499,799,800,800,799,800,800,2500,2500,2500,2499,2500,2500,800,800,5.263157844543457,0,100,0,0,0,0,9.523809432983398,0,0,0,0,0,0,0,0,142444.77435302734,86310.27954101563,0,404327403520,8589930496,5127294976,114688
9,1791560646245,2500,2499,799,800,800,799,800,800,2500,2500,2500,2499,2500,2500,800,800,5.263157844543457,0,100,0,0,0,0,9.523809432983398,0,0,0,0,0,0,0,0,142444.92944335938,86310.60125732422,0,404327403520,8589930496,5127294976,114688
10,1791560646255,2500,2499,799,800,800,799,800,800,2500,2500,2500,2499,2500,2500,800,800,5.263157844543457,0,100,0,0,0,0,9.523809432983398,0,0,0,0,0,0,0,0,142445.07446289063,86310.92199707031,0,404327403520,8589930496,5127294976,114688
9,1791560646265,2500,2499,799,800,800,799,800,800,2500,2500,2500,2499,2500,2500,800,800,5.263157844543457,0,100,0,0,0,0,9.523809432983398,0,0,0,0,0,0,0,0,142445.2227783203,86311.22955322266,0,404327403520,8589930496,5127294976,114688
9,1791560646275,2500,2499,799,800,800,799,800,800,2500,2500,2500,2499,2500,2500,800,800,5.263157844543457,0,100,0,0,0,0,9.523809432983398,0,0,0,0,0,0,0,0,142445.3685913086,86311.54406738281,0,404327403520,8589930496,5127294976,114688
9,1791560646285,2500,2499,799,800,800,799,800,800,2500,2500,2500,2499,2500,2500,800,800,5.263157844543457,0,100,0,0,0,0,9.523809432983398,0,0,0,0,0,0,0,0,142445.51287841797,86311.86572265625,0,404327403520,8589930496,5127294976,114688
10,1791560646295,2500,2499,799,800,800,799,800,800,2500,2500,2500,2499,2500,2500,800,800,5.263157844543457,0,100,0,0,0,0,9.523809432983398,0,0,0,0,0,0,0,0,142445.64910888672,86312.18231201172,0,404327403520,8589930496,5127294976,114688
9,1791560646306,2500,2499,799,800,800,799,800,800,2500,2500,2500,2499,2500,2500,800,800,5.263157844543457,0,100,0,0,0,0,9.523809432983398,0,0,0,0,0,0,0,0,142445.7957763672,86312.49768066406,0,404327403520,8589930496,5127294976,114688
9,1791560646316,2500,2499,799,800,800,799,800,800,2500,2500,2500,2499,2500,2500,800,800,5.263157844543457,0,100,0,0,0,0,9.523809432983398,0,0,0,0,0,0,0,0,142445.94537353516,86312.81262207031,0,404327403520,8589930496,5127294976,114688
9,1791560646326,2500,2499,799,800,800,799,800,800,2500,2500,2500,2499,2500,2500,800,800,5.263157844543457,0,100,0,0,0,0,0,0,5,0,0,0,0,0,0,142446.10430908203,86313.158203125,0,404327403520,8589930496,5127294976,114688
10,1791560646336,2500,2499,799,800,800,799,800,800,2500,2500,2500,2499,2500,2500,800,800,5.263157844543457,0,100,0,0,0,0,0,0,5,0,0,0,0,0,0,142446.23834228516,86313.44366455078,0,404327403520,8589930496,5127294976,114688
9,1791560646346,2500,2499,799,800,800,799,800,800,2500,2500,2500,2499,2500,2500,800,800,5.263157844543457,0,100,0,0,0,0,0,0,5,0,0,0,0,0,0,142446.38775634766,86313.75817871094,0,404327403520,8589930496,5127294976,114688
9,1791560646356,2500,2499,799,800,800,799,800,800,2500,2500,2500,2499,2500,2500,800,800,5.263157844543457,0,100,0,0,0,0,0,0,5,0,0,0,0,0,0,142446.54638671875,86314.10522460938,0,404327403520,8589930496,5127294976,114688
9,1791560646366,2500,2499,799,800,800,799,800,800,2500,2500,2500,2499,2500,2500,800,800,5.263157844543457,0,100,0,0,0,0,0,0,5,0,0,0,0,0,0,142446.69305419922,86314.42413330078,0,404327403520,8589930496,5127294976,114688
9,1791560646376,2500,2499,799,800,800,799,800,800,2500,2500,2500,2499,2500,2500,800,800,5.263157844543457,0,100,0,0,0,0,0,0,5,0,0,0,0,0,0,142446.84008789063,86314.73895263672,0,404327403520,8589930496,5127294976,114688
9,1791560646386,2500,2499,799,800,800,799,800,800,2500,2500,2500,2499,2500,2500,800,800,5.263157844543457,0,100,0,0,0,0,0,0,5,0,0,0,0,0,0,142446.9898071289,86315.05694580078,0,404327403520,8589930496,5127294976,114688
10,1791560646396,2500,2499,799,800,800,799,800,800,2500,2500,2500,2499,2500,2500,800,800,5.263157844543457,0,100,0,0,0,0,0,0,5,0,0,0,0,0,0,142447.13702392578,86315.37615966797,0,404327403520,8589930496,5127294976,114688
9,1791560646406,2500,2499,799,800,800,799,800,800,2500,2500,2500,2499,2500,2500,800,800,5.263157844543457,0,100,0,0,0,0,0,0,5,0,0,0,0,0,0,142447.2822265625,86315.6937866211,0,404327403520,8589930496,5127294976,114688
10,1791560646416,2500,2499,799,800,800,799,800,800,2500,2500,2500,2499,2500,2500,800,800,5.263157844543457,0,100,0,0,0,0,0,0,5,0,0,0,0,0,0,142447.42321777344,86316.01141357422,0,404327403520,8589930496,5127294976,114688
10,1791560646426,2500,2499,799,800,800,799,800,800,2500,2500,2500,2499,2500,2500,800,800,5.263157844543457,0,100,0,0,0,0,0,0,5,0,0,0,0,0,0,142447.5775756836,86316.3265991211,0,404327403520,8589930496,5127294976,114688
9,1791560646437,2500,2499,799,800,800,799,800,800,2500,2500,2500,2499,2500,2500,800,800,5.263157844543457,0,100,0,0,0,0,0,0,5,0,0,0,0,0,0,142447.7240600586,86316.64141845703,0,404327403520,8589930496,5127294976,114688
9,1791560646446,2500,2499,799,800,800,799,800,800,2500,2500,2500,2499,2500,2500,800,800,5.263157844543457,0,100,0,0,0,0,0,0,5,0,0,0,0,0,0,142447.87091064453,86316.95947265625,0,404327403520,8589930496,5127294976,114688
9,1791560646457,2500,2499,799,800,800,799,800,800,2500,2500,2500,2499,2500,2500,800,800,5.263157844543457,0,100,0,0,0,0,0,0,5,0,0,0,0,0,0,142448.0181274414,86317.27575683594,0,404327403520,8589930496,5127294976,114688
9,1791560646467,2500,2499,799,800,800,799,800,800,2500,2500,2500,2499,2500,2500,800,800,5.263157844543457,0,100,0,0,0,0,0,0,5,0,0,0,0,0,0,142448.16442871094,86317.59228515625,0,404327403520,8589930496,5127294976,114688
9,1791560646477,2500,2499,799,800,800,799,800,800,2500,2500,2500,2499,2500,2500,800,800,5.263157844543457,0,100,0,0,0,0,0,0,5,0,0,0,0,0,0,142448.3081665039,86317.90710449219,0,404327403520,8589930496,5127294976,114688
9,1791560646487,2500,2499,799,800,800,799,800,800,2500,2500,2500,2499,2500,2500,800,800,5.263157844543457,0,100,0,0,0,0,0,0,5,0,0,0,0,0,0,142448.45739746094,86318.22344970703,0,404327403520,8589930496,5127294976,114688
9,1791560646497,2500,2499,799,800,800,799,800,800,2500,2500,2500,2499,2500,2500,800,800,5.263157844543457,0,100,0,0,0,0,0,0,5,0,0,0,0,0,0,142448.60522460938,86318.53887939453,0,404327403520,8589930496,5127294976,114688
9,1791560646507,2500,2499,799,800,800,799,800,800,2500,2500,2500,2499,2500,2500,800,800,5.263157844543457,0,100,0,0,0,0,0,0,5,0,0,0,0,0,0,142448.7557373047,86318.85516357422,0,404327403520,8589930496,5127294976,114688
9,1791560646517,2500,2499,799,800,800,799,800,800,2500,2500,2500,2499,2500,2500,800,800,5.263157844543457,0,100,0,0,0,0,0,0,5,0,0,0,0,0,0,142448.89874267578,86319.17492675781,0,404327403520,8589930496,5127294976,114688
10,1791560646527,2500,2499,799,800,800,799,800,800,2500,2500,2500,2499,2500,2500,800,800,10,0,100,0,0,0,0,0,0,0,0,0,0,0,0,0,142449.0415649414,86319.48992919922,0,404327403520,8589930496,5127294976,114688
9,1791560646537,2500,2499,799,800,800,799,800,800,2500,2500,2500,2499,2500,2500,800,800,10,0,100,0,0,0,0,0,0,0,0,0,0,0,0,0,142449.1893310547,86319.8051147461,0,404327403520,8589930496,5127294976,114688
9,1791560646547,2500,2499,799,800,800,799,800,800,2500,2500,2500,2499,2500,2500,800,800,10,0,100,0,0,0,0,0,0,0,0,0,0,0,0,0,142449.3521118164,86320.1566772461,0,404327403520,8589930496,5127294976,114688
10,1791560646557,2500,2499,799,800,800,799,800,800,2500,2500,2500,2499,2500,2500,800,800,10,0,100,0,0,0,0,0,0,0,0,0,0,0,0,0,142449.5034790039,86320.47174072266,0,404327403520,8589930496,5127294976,114688
10,1791560646567,2500,2499,799,800,800,799,800,800,2500,2500,2500,2499,2500,2500,800,800,10,0,100,0,0,0,0,0,0,0,0,0,0,0,0,0,142449.6512451172,86320.7880859375,0,404327403520,8589930496,5127294976,114688
9,1791560646577,2500,2499,799,800,800,799,800,800,2500,2500,2500,2499,2500,2500,800,800,10,0,100,0,0,0,0,0,0,0,0,0,0,0,0,0,142449.80145263672,86321.10827636719,0,404327403520,8589930496,5127294976,114688
9,1791560646587,2500,2499,799,800,800,799,800,800,2500,2500,2500,2499,2500,2500,800,800,10,0,100,0,0,0,0,0,0,0,0,0,0,0,0,0,142449.94775390625,86321.42401123047,0,404327403520,8589930496,5127294976,114688
9,1791560646598,2500,2499,799,800,800,799,800,800,2500,2500,2500,2499,2500,2500,800,800,10,0,100,0,0,0,0,0,0,0,0,0,0,0,0,0,142450.1001586914,86321.74053955078,0,404327403520,8589930496,5127294976,114688
9,1791560646608,2500,2499,799,800,800,799,800,800,2500,2500,2500,2499,2500,2500,800,800,10,0,100,0,0,0,0,0,0,0,0,0,0,0,0,0,142450.25024414063,86322.0599975586,0,404327403520,8589930496,5127294976,114688
9,1791560646618,2500,2499,799,800,800,799,800,800,2500,2500,2500,2499,2500,2500,800,800,10,0,100,0,0,0,0,0,0,0,0,0,0,0,0,0,142450.3944091797,86322.37481689453,0,404327403520,8589930496,5127294976,114688
9,1791560646628,2500,2499,799,800,800,799,800,800,2500,2500,2500,2499,2500,2500,800,800,10,0,100,0,0,0,0,0,0,0,0,0,0,0,0,0,142450.54418945313,86322.69482421875,0,404327403520,8589930496,5127294976,114688
9,1791560646638,2500,2499,799,800,800,799,800,800,2500,2500,2500,2499,2500,2500,800,800,10,0,100,0,0,0,0,0,0,0,0,0,0,0,0,0,142450.69384765625,86323.01354980469,0,404327403520,8589930496,5127294976,114688
10,1791560646648,2500,2499,799,800,800,799,800,800,2500,2500,2500,2499,2500,2500,800,800,10,0,100,0,0,0,0,0,0,0,0,0,0,0,0,0,142450.8423461914,86323.33264160156,0,404327403520,8589930496,5127294976,114688
9,1791560646658,2500,2499,799,800,800,799,800,800,2500,2500,2500,2499,2500,2500,800,800,10,0,100,0,0,0,0,0,0,0,0,0,0,0,0,0,142450.98681640625,86323.64587402344,0,404327403520,8589930496,5127294976,114688
9,1791560646668,2500,2499,799,800,800,799,800,800,2500,2500,2500,2499,2500,2500,800,800,10,0,100,0,0,0,0,0,0,0,0,0,0,0,0,0,142451.14282226563,86323.99395751953,0,404327403520,8589930496,5127294976,114688
9,1791560646678,2500,2499,799,800,800,799,800,800,2500,2500,2500,2499,2500,2500,800,800,10,0,100,0,0,0,0,0,0,0,0,0,0,0,0,0,142451.29168701172,86324.31555175781,0,404327403520,8589930496,5127294976,114688
9,1791560646688,2500,2499,799,800,800,799,800,800,2500,2500,2500,2499,2500,2500,800,800,10,0,100,0,0,0,0,0,0,0,0,0,0,0,0,0,142451.44177246094,86324.6376953125,0,404327403520,8589930496,5127294976,114688
9,1791560646698,2500,2499,799,800,800,799,800,800,2500,2500,2500,2499,2500,2500,800,800,10,0,100,0,0,0,0,0,0,0,0,0,0,0,0,0,142451.58624267578,86324.9638671875,0,404327403520,8589930496,5127294976,114688
9,1791560646708,2500,2499,799,800,800,799,800,800,2500,2500,2500,2499,2500,2500,800,800,10,0,100,0,0,0,0,0,0,0,0,0,0,0,0,0,142451.72869873047,86325.28723144531,0,404327403520,8589930496,5053943808,114688
10,1791560646718,2500,2499,799,800,800,799,800,800,2500,2500,2500,2499,2500,2500,800,800,10,0,100,0,0,0,0,0,0,0,0,0,0,0,0,0,142451.87762451172,86325.6142578125,0,404327403520,8589930496,4962422784,114688
0,1791560646729,2500,2499,799,800,800,799,800,800,2500,2500,2500,2499,2500,2500,800,800,10,0,25,0,0,0,5,9.523809432983398,0,0,0,0,0,0,4.761904716491699,76.19047546386719,142452.03637695313,86325.99035644531,0,404327403520,8589930496,4962422784,114688
