Delta,Time,CPU_FREQUENCY_0,CPU_FREQUENCY_1,CPU_FREQUENCY_10,CPU_FREQUENCY_11,CPU_FREQUENCY_12,CPU_FREQUENCY_13,CPU_FREQUENCY_14,CPU_FREQUENCY_15,CPU_FREQUENCY_2,CPU_FREQUENCY_3,CPU_FREQUENCY_4,CPU_FREQUENCY_5,CPU_FREQUENCY_6,CPU_FREQUENCY_7,CPU_FREQUENCY_8,CPU_FREQUENCY_9,CPU_USAGE_0,CPU_USAGE_1,CPU_USAGE_10,CPU_USAGE_11,CPU_USAGE_12,CPU_USAGE_13,CPU_USAGE_14,CPU_USAGE_15,CPU_USAGE_2,CPU_USAGE_3,CPU_USAGE_4,CPU_USAGE_5,CPU_USAGE_6,CPU_USAGE_7,CPU_USAGE_8,CPU_USAGE_9,DRAM_ENERGY (J),PACKAGE_ENERGY (J),PP0_ENERGY (J),TOTAL_MEMORY,TOTAL_SWAP,USED_MEMORY,USED_SWAP
0,1791567200822,2500,2500,799,800,799,800,799,800,2499,2499,2500,2500,2499,2500,800,800,4.1666669845581055,0,0,0,4.34782600402832,0,0,4.1666669845581055,0,4.1666669845581055,0,4.1666669845581055,0,0,0,0,242615.36303710938,42955.27111816406,0,404327403520,8589930496,5589635072,114688
10,1791567200822,2500,2500,799,800,799,800,799,800,2499,2499,2500,2500,2499,2500,800,800,4.1666669845581055,0,0,0,4.34782600402832,0,0,4.1666669845581055,0,4.1666669845581055,0,4.1666669845581055,0,0,0,0,242615.36303710938,42955.27111816406,0,404327403520,8589930496,5589635072,114688
9,1791567200832,2500,2500,799,800,799,800,799,800,2499,2499,2500,2500,2499,2500,800,800,4.1666669845581055,0,0,0,4.34782600402832,0,0,4.1666669845581055,0,4.1666669845581055,0,4.1666669845581055,0,0,0,0,242615.51611328125,42955.64666748047,0,404327403520,8589930496,5589635072,114688
10,1791567200842,2500,2500,799,800,799,800,799,800,2499,2499,2500,2500,2499,2500,800,800,4.1666669845581055,0,0,0,4.34782600402832,0,0,4.1666669845581055,0,4.1666669845581055,0,4.1666669845581055,0,0,0,0,242615.66955566406,42956.02081298828,0,404327403520,8589930496,5589635072,114688
9,1791567200853,2500,2500,799,800,799,800,799,800,2499,2499,2500,2500,2499,2500,800,800,4.1666669845581055,0,0,0,4.34782600402832,0,0,4.1666669845581055,0,4.1666669845581055,0,4.1666669845581055,0,0,0,0,242615.82208251953,42956.396484375,0,404327403520,8589930496,5589635072,114688
9,1791567200863,2500,2500,799,800,799,800,799,800,2499,2499,2500,2500,2499,2500,800,800,4.1666669845581055,0,0,0,4.34782600402832,0,0,4.1666669845581055,0,4.1666669845581055,0,4.1666669845581055,0,0,0,0,242615.97589111328,42956.773376464844,0,404327403520,8589930496,5589635072,114688
9,1791567200873,2500,2500,799,800,799,800,799,800,2499,2499,2500,2500,2499,2500,800,800,4.1666669845581055,0,0,0,4.34782600402832,0,0,4.1666669845581055,0,4.1666669845581055,0,4.1666669845581055,0,0,0,0,242616.1439819336,42957.147705078125,0,404327403520,8589930496,5590130688,114688
9,1791567200883,2500,2500,799,800,799,800,799,800,2499,2499,2500,2500,2499,2500,800,800,4.1666669845581055,0,0,0,4.34782600402832,0,0,4.1666669845581055,0,4.1666669845581055,0,4.1666669845581055,0,0,0,0,242616.29943847656,42957.5634765625,0,404327403520,8589930496,5590130688,114688
9,1791567200893,2500,2500,799,800,799,800,799,800,2499,2499,2500,2500,2499,2500,800,800,4.1666669845581055,0,0,0,4.34782600402832,0,0,4.1666669845581055,0,4.1666669845581055,0,4.1666669845581055,0,0,0,0,242616.4609375,42957.93981933594,0,404327403520,8589930496,5593600000,114688
9,1791567200903,2500,2500,799,800,799,800,799,800,2499,2499,2500,2500,2499,2500,800,800,4.1666669845581055,0,0,0,4.34782600402832,0,0,4.1666669845581055,0,4.1666669845581055,0,4.1666669845581055,0,0,0,0,242616.62139892578,42958.316955566406,0,404327403520,8589930496,5594095616,114688
9,1791567200913,2500,2500,799,800,799,800,799,800,2499,2499,2500,2500,2499,2500,800,800,4.1666669845581055,0,0,0,4.34782600402832,0,0,4.1666669845581055,0,4.1666669845581055,0,4.1666669845581055,0,0,0,0,242616.77850341797,42958.692443847656,0,404327403520,8589930496,5594095616,114688
9,1791567200923,2500,2500,799,800,799,800,799,800,2499,2499,2500,2500,2499,2500,800,800,4.1666669845581055,0,0,0,4.34782600402832,0,0,4.1666669845581055,0,4.1666669845581055,0,4.1666669845581055,0,0,0,0,242616.93670654297,42959.068786621094,0,404327403520,8589930496,5594095616,114688
9,1791567200933,2500,2500,799,800,799,800,799,800,2499,2499,2500,2500,2499,2500,800,800,4.1666669845581055,0,0,0,4.34782600402832,0,0,4.1666669845581055,0,4.1666669845581055,0,4.1666669845581055,0,0,0,0,242617.0972290039,42959.44451904297,0,404327403520,8589930496,5594095616,114688
9,1791567200943,2500,2500,799,800,799,800,799,800,2499,2499,2500,2500,2499,2500,800,800,4.1666669845581055,0,0,0,4.34782600402832,0,0,4.1666669845581055,0,4.1666669845581055,0,4.1666669845581055,0,0,0,0,242617.25439453125,42959.82080078125,0,404327403520,8589930496,5594095616,114688
9,1791567200953,2500,2500,799,800,799,800,799,800,2499,2499,2500,2500,2499,2500,800,800,4.1666669845581055,0,0,0,4.34782600402832,0,0,4.1666669845581055,0,4.1666669845581055,0,4.1666669845581055,0,0,0,0,242617.40728759766,42960.198303222656,0,404327403520,8589930496,5594095616,114688
9,1791567200963,2500,2500,799,800,799,800,799,800,2499,2499,2500,2500,2499,2500,800,800,4.1666669845581055,0,0,0,4.34782600402832,0,0,4.1666669845581055,0,4.1666669845581055,0,4.1666669845581055,0,0,0,0,242617.56018066406,42960.57373046875,0,404327403520,8589930496,5594095616,114688
10,1791567200973,2500,2500,799,800,799,800,799,800,2499,2499,2500,2500,2499,2500,800,800,4.1666669845581055,0,0,0,4.34782600402832,0,0,4.1666669845581055,0,4.1666669845581055,0,4.1666669845581055,0,0,0,0,242617.71362304688,42960.95428466797,0,404327403520,8589930496,5594095616,114688
9,1791567200983,2500,2500,799,800,799,800,799,800,2499,2499,2500,2500,2499,2500,800,800,4.1666669845581055,0,0,0,4.34782600402832,0,0,4.1666669845581055,0,4.1666669845581055,0,4.1666669845581055,0,0,0,0,242617.8670654297,42961.328186035156,0,404327403520,8589930496,5594095616,114688
9,1791567200994,2500,2500,799,800,799,800,799,800,2499,2499,2500,2500,2499,2500,800,800,4.1666669845581055,0,0,0,4.34782600402832,0,0,4.1666669845581055,0,4.1666669845581055,0,4.1666669845581055,0,0,0,0,242618.02154541016,42961.705322265625,0,404327403520,8589930496,5594095616,114688
10,1791567201004,2500,2500,799,800,799,800,799,800,2499,2499,2500,2500,2499,2500,800,800,4.1666669845581055,0,0,0,4.34782600402832,0,0,4.1666669845581055,0,4.1666669845581055,0,4.1666669845581055,0,0,0,0,242618.17260742188,42962.083251953125,0,404327403520,8589930496,5594095616,114688
9,1791567201014,2500,2500,799,800,799,800,799,800,2499,2499,2500,2500,2499,2500,800,800,4.1666669845581055,0,0,0,4.34782600402832,0,0,4.1666669845581055,0,4.1666669845581055,0,4.1666669845581055,0,0,0,0,242618.3276977539,42962.46160888672,0,404327403520,8589930496,5594095616,114688
9,1791567201024,2500,2500,799,800,799,800,799,800,2499,2499,2500,2500,2499,2500,800,800,25,0,0,0,5,0,0,10.526315689086914,4.761904716491699,0,0,15.000000953674316,61.904762268066406,4.761904716491699,5,0,242618.47784423828,42962.83917236328,0,404327403520,8589930496,5594095616,114688
10,1791567201034,2500,2500,799,800,799,800,799,800,2499,2499,2500,2500,2499,2500,800,800,25,0,0,0,5,0,0,10.526315689086914,4.761904716491699,0,0,15.000000953674316,61.904762268066406,4.761904716491699,5,0,242618.6318359375,42963.21124267578,0,404327403520,8589930496,5594095616,114688
9,1791567201044,2500,2500,799,800,799,800,799,800,2499,2499,2500,2500,2499,2500,800,800,25,0,0,0,5,0,0,10.526315689086914,4.761904716491699,0,0,15.000000953674316,61.904762268066406,4.761904716491699,5,0,242618.78051757813,42963.590759277344,0,404327403520,8589930496,5594591232,114688
9,1791567201054,2500,2500,799,800,799,800,799,800,2499,2499,2500,2500,2499,2500,800,800,25,0,0,0,5,0,0,10.526315689086914,4.761904716491699,0,0,15.000000953674316,61.904762268066406,4.761904716491699,5,0,242618.9530029297,42964.006774902344,0,404327403520,8589930496,5594591232,114688
9,1791567201064,2500,2500,799,800,799,800,799,800,2499,2499,2500,2500,2499,2500,800,800,25,0,0,0,5,0,0,10.526315689086914,4.761904716491699,0,0,15.000000953674316,61.904762268066406,4.761904716491699,5,0,242619.09112548828,42964.345764160156,0,404327403520,8589930496,5595086848,114688
9,1791567201074,2500,2500,799,800,799,800,799,800,2499,2499,2500,2500,2499,2500,800,800,25,0,0,0,5,0,0,10.526315689086914,4.761904716491699,0,0,15.000000953674316,61.904762268066406,4.761904716491699,5,0,242619.25775146484,42964.75695800781,0,404327403520,8589930496,5595582464,114688
10,1791567201084,2500,2500,799,800,799,800,799,800,2499,2499,2500,2500,2499,2500,800,800,25,0,0,0,5,0,0,10.526315689086914,4.761904716491699,0,0,15.000000953674316,61.904762268066406,4.761904716491699,5,0,242619.416015625,42965.13409423828,0,404327403520,8589930496,5596573696,114688
9,1791567201094,2500,2500,799,800,799,800,799,800,2499,2499,2500,2500,2499,2500,800,800,25,0,0,0,5,0,0,10.526315689086914,4.761904716491699,0,0,15.000000953674316,61.904762268066406,4.761904716491699,5,0,242619.56451416016,42965.513610839844,0,404327403520,8589930496,5596573696,114688
9,1791567201104,2500,2500,799,800,799,800,799,800,2499,2499,2500,2500,2499,2500,800,800,25,0,0,0,5,0,0,10.526315689086914,4.761904716491699,0,0,15.000000953674316,61.904762268066406,4.761904716491699,5,0,242619.7218017578,42965.89196777344,0,404327403520,8589930496,5596573696,114688
9,1791567201114,2500,2500,799,800,799,800,799,800,2499,2499,2500,2500,2499,2500,800,800,25,0,0,0,5,0,0,10.526315689086914,4.761904716491699,0,0,15.000000953674316,61.904762268066406,4.761904716491699,5,0,242619.87524414063,42966.269104003906,0,404327403520,8589930496,5596573696,114688
9,1791567201125,2500,2500,799,800,799,800,799,800,2499,2499,2500,2500,2499,2500,800,800,25,0,0,0,5,0,0,10.526315689086914,4.761904716491699,0,0,15.000000953674316,61.904762268066406,4.761904716491699,5,0,242620.0248413086,42966.65100097656,0,404327403520,8589930496,5596573696,114688
9,1791567201135,2500,2500,799,800,799,800,799,800,2499,2499,2500,2500,2499,2500,800,800,25,0,0,0,5,0,0,10.526315689086914,4.761904716491699,0,0,15.000000953674316,61.904762268066406,4.761904716491699,5,0,242620.17645263672,42967.03137207031,0,404327403520,8589930496,5546987520,114688
9,1791567201145,2500,2500,799,800,799,800,799,800,2499,2499,2500,2500,2499,2500,800,800,25,0,0,0,5,0,0,10.526315689086914,4.761904716491699,0,0,15.000000953674316,61.904762268066406,4.761904716491699,5,0,242620.32934570313,42967.375549316406,0,404327403520,8589930496,5555838976,114688
9,1791567201155,2500,2500,799,800,799,800,799,800,2499,2499,2500,2500,2499,2500,800,800,25,0,0,0,5,0,0,10.526315689086914,4.761904716491699,0,0,15.000000953674316,61.904762268066406,4.761904716491699,5,0,242620.48077392578,42967.69970703125,0,404327403520,8589930496,5555838976,114688
9,1791567201165,2500,2500,799,800,799,800,799,800,2499,2499,2500,2500,2499,2500,800,800,25,0,0,0,5,0,0,10.526315689086914,4.761904716491699,0,0,15.000000953674316,61.904762268066406,4.761904716491699,5,0,242620.63220214844,42968.02099609375,0,404327403520,8589930496,5555838976,114688
10,1791567201175,2500,2500,799,800,799,800,799,800,2499,2499,2500,2500,2499,2500,800,800,25,0,0,0,5,0,0,10.526315689086914,4.761904716491699,0,0,15.000000953674316,61.904762268066406,4.761904716491699,5,0,242620.7865600586,42968.34045410156,0,404327403520,8589930496,5555838976,114688
10,1791567201185,2500,2500,799,800,799,800,799,800,2499,2499,2500,2500,2499,2500,800,800,25,0,0,0,5,0,0,10.526315689086914,4.761904716491699,0,0,15.000000953674316,61.904762268066406,4.761904716491699,5,0,242620.9442138672,42968.66296386719,0,404327403520,8589930496,5555838976,114688
10,1791567201195,2500,2500,799,800,799,800,799,800,2499,2499,2500,2500,2499,2500,800,800,25,0,0,0,5,0,0,10.526315689086914,4.761904716491699,0,0,15.000000953674316,61.904762268066406,4.761904716491699,5,0,242621.09161376953,42968.979553222656,0,404327403520,8589930496,5555838976,114688
10,1791567201205,2500,2500,799,800,799,800,799,800,2499,2499,2500,2500,2499,2500,800,800,25,0,0,0,5,0,0,10.526315689086914,4.761904716491699,0,0,15.000000953674316,61.904762268066406,4.761904716491699,5,0,242621.24200439453,42969.300354003906,0,404327403520,8589930496,5555838976,114688
10,1791567201215,2500,2500,799,800,799,800,799,800,2499,2499,2500,2500,2499,2500,800,800,25,0,0,0,5,0,0,10.526315689086914,4.761904716491699,0,0,15.000000953674316,61.904762268066406,4.761904716491699,5,0,242621.39086914063,42969.618713378906,0,404327403520,8589930496,5555838976,114688
10,1791567201225,2500,2500,799,800,799,800,799,800,2499,2499,2500,2500,2499,2500,800,800,0,0,0,0,0,0,5,47.36842346191406,5,0,0,0,42.105262756347656,10.526315689086914,0,0,242621.5391845703,42969.938720703125,0,404327403520,8589930496,5555838976,114688
9,1791567201235,2500,2500,799,800,799,800,799,800,2499,2499,2500,2500,2499,2500,800,800,0,0,0,0,0,0,5,47.36842346191406,5,0,0,0,42.105262756347656,10.526315689086914,0,0,242621.69061279297,42970.26062011719,0,404327403520,8589930496,5555838976,114688
10,1791567201245,2500,2500,799,800,799,800,799,800,2499,2499,2500,2500,2499,2500,800,800,0,0,0,0,0,0,5,47.36842346191406,5,0,0,0,42.105262756347656,10.526315689086914,0,0,242621.8402709961,42970.581481933594,0,404327403520,8589930496,5555838976,114688
10,1791567201255,2500,2500,799,800,799,800,799,800,2499,2499,2500,2500,2499,2500,800,800,0,0,0,0,0,0,5,47.36842346191406,5,0,0,0,42.105262756347656,10.526315689086914,0,0,242621.99444580078,42970.89569091797,0,404327403520,8589930496,5555838976,114688
10,1791567201265,2500,2500,799,800,799,800,799,800,2499,2499,2500,2500,2499,2500,800,800,0,0,0,0,0,0,5,47.36842346191406,5,0,0,0,42.105262756347656,10.526315689086914,0,0,242622.15795898438,42971.24792480469,0,404327403520,8589930496,5555838976,114688
10,1791567201275,2500,2500,799,800,799,800,799,800,2499,2499,2500,2500,2499,2500,800,800,0,0,0,0,0,0,5,47.36842346191406,5,0,0,0,42.105262756347656,10.526315689086914,0,0,242622.3129272461,42971.56805419922,0,404327403520,8589930496,5555838976,114688
10,1791567201285,2500,2500,799,800,799,800,799,800,2499,2499,2500,2500,2499,2500,800,800,0,0,0,0,0,0,5,47.36842346191406,5,0,0,0,42.105262756347656,10.526315689086914,0,0,242622.4647216797,42971.887268066406,0,404327403520,8589930496,5555838976,114688
10,1791567201295,2500,2500,799,800,799,800,799,800,2499,2499,2500,2500,2499,2500,800,800,0,0,0,0,0,0,5,47.36842346191406,5,0,0,0,42.105262756347656,10.526315689086914,0,0,242622.62042236328,42972.20684814453,0,404327403520,8589930496,5555838976,114688
10,1791567201305,2500,2500,799,800,799,800,799,800,2499,2499,2500,2500,2499,2500,800,800,0,0,0,0,0,0,5,47.36842346191406,5,0,0,0,42.105262756347656,10.526315689086914,0,0,242622.77239990234,42972.52478027344,0,404327403520,8589930496,5555838976,114688
10,1791567201316,2500,2500,799,800,799,800,799,800,2499,2499,2500,2500,2499,2500,800,800,0,0,0,0,0,0,5,47.36842346191406,5,0,0,0,42.105262756347656,10.526315689086914,0,0,242622.9243774414,42972.83966064453,0,404327403520,8589930496,5555838976,114688
10,1791567201326,2500,2500,799,800,799,800,799,800,2499,2499,2500,2500,2499,2500,800,800,0,0,0,0,0,0,5,47.36842346191406,5,0,0,0,42.105262756347656,10.526315689086914,0,0,242623.07580566406,42973.16485595703,0,404327403520,8589930496,5555838976,114688
10,1791567201336,2500,2500,799,800,799,800,799,800,2499,2499,2500,2500,2499,2500,800,800,0,0,0,0,0,0,5,47.36842346191406,5,0,0,0,42.105262756347656,10.526315689086914,0,0,242623.22888183594,42973.48077392578,0,404327403520,8589930496,5555838976,114688
10,1791567201346,2500,2500,799,800,799,800,799,800,2499,2499,2500,2500,2499,2500,800,800,0,0,0,0,0,0,5,47.36842346191406,5,0,0,0,42.105262756347656,10.526315689086914,0,0,242623.3836669922,42973.80029296875,0,404327403520,8589930496,5555838976,114688
10,1791567201356,2500,2500,799,800,799,800,799,800,2499,2499,2500,2500,2499,2500,800,800,0,0,0,0,0,0,5,47.36842346191406,5,0,0,0,42.105262756347656,10.526315689086914,0,0,242623.5411376953,42974.117431640625,0,404327403520,8589930496,5555838976,114688
10,1791567201366,2500,2500,799,800,799,800,799,800,2499,2499,2500,2500,2499,2500,800,800,0,0,0,0,0,0,5,47.36842346191406,5,0,0,0,42.105262756347656,10.526315689086914,0,0,242623.70050048828,42974.42950439453,0,404327403520,8589930496,5555838976,114688
10,1791567201376,2500,2500,799,800,799,800,799,800,2499,2499,2500,2500,2499,2500,800,800,0,0,0,0,0,0,5,47.36842346191406,5,0,0,0,42.105262756347656,10.526315689086914,0,0,242623.8539428711,42974.718200683594,0,404327403520,8589930496,5555838976,114688
10,1791567201386,2500,2500,799,800,799,800,799,800,2499,2499,2500,2500,2499,2500,800,800,0,0,0,0,0,0,5,47.36842346191406,5,0,0,0,42.105262756347656,10.526315689086914,0,0,242624.0044555664,42975.068786621094,0,404327403520,8589930496,5555838976,114688
9,1791567201396,2500,2500,799,800,799,800,799,800,2499,2499,2500,2500,2499,2500,800,800,0,0,0,0,0,0,5,47.36842346191406,5,0,0,0,42.105262756347656,10.526315689086914,0,0,242624.1561279297,42975.38592529297,0,404327403520,8589930496,5555838976,114688
10,1791567201406,2500,2500,799,800,799,800,799,800,2499,2499,2500,2500,2499,2500,800,800,0,0,0,0,0,0,5,47.36842346191406,5,0,0,0,42.105262756347656,10.526315689086914,0,0,242624.30743408203,42975.703369140625,0,404327403520,8589930496,5555838976,114688
10,1791567201416,2500,2500,799,800,799,800,799,800,2499,2499,2500,2500,2499,2500,800,800,0,0,0,0,0,0,5,47.36842346191406,5,0,0,0,42.105262756347656,10.526315689086914,0,0,242624.4560546875,42976.02062988281,0,404327403520,8589930496,5555838976,114688
10,1791567201426,2500,2500,799,800,799,800,799,800,2499,2499,2500,2500,2499,2500,800,800,0,5,0,0,0,0,5,100,0,5,5,0,0,0,0,0,242624.60552978516,42976.340881347656,0,404327403520,8589930496,5555838976,114688
10,1791567201436,2500,2500,799,800,799,800,799,800,2499,2499,2500,2500,2499,2500,800,800,0,5,0,0,0,0,5,100,0,5,5,0,0,0,0,0,242624.75622558594,42976.655700683594,0,404327403520,8589930496,5555838976,114688
10,1791567201446,2500,2500,799,800,799,800,799,800,2499,2499,2500,2500,2499,2500,800,800,0,5,0,0,0,0,5,100,0,5,5,0,0,0,0,0,242624.91040039063,42976.97058105469,0,404327403520,8589930496,5555838976,114688
10,1791567201456,2500,2500,799,800,799,800,799,800,2499,2499,2500,2500,2499,2500,800,800,0,5,0,0,0,0,5,100,0,5,5,0,0,0,0,0,242625.06091308594,42977.28448486328,0,404327403520,8589930496,5555838976,114688
10,1791567201466,2500,2500,799,800,799,800,799,800,2499,2499,2500,2500,2499,2500,800,800,0,5,0,0,0,0,5,100,0,5,5,0,0,0,0,0,242625.2169189453,42977.605041503906,0,404327403520,8589930496,5555838976,114688
10,1791567201476,2500,2500,799,800,799,800,799,800,2499,2499,2500,2500,2499,2500,800,800,0,5,0,0,0,0,5,100,0,5,5,0,0,0,0,0,242625.37182617188,42977.92303466797,0,404327403520,8589930496,5555838976,114688
10,1791567201487,2500,2500,799,800,799,800,799,800,2499,2499,2500,2500,2499,2500,800,800,0,5,0,0,0,0,5,100,0,5,5,0,0,0,0,0,242625.53826904297,42978.272705078125,0,404327403520,8589930496,5555838976,114688
10,1791567201497,2500,2500,799,800,799,800,799,800,2499,2499,2500,2500,2499,2500,800,800,0,5,0,0,0,0,5,100,0,5,5,0,0,0,0,0,242625.69079589844,42978.58740234375,0,404327403520,8589930496,5555838976,114688
10,1791567201507,2500,2500,799,800,799,800,799,800,2499,2499,2500,2500,2499,2500,800,800,0,5,0,0,0,0,5,100,0,5,5,0,0,0,0,0,242625.84185791016,42978.90155029297,0,404327403520,8589930496,5555838976,114688
10,1791567201517,2500,2500,799,800,799,800,799,800,2499,2499,2500,2500,2499,2500,800,800,0,5,0,0,0,0,5,100,0,5,5,0,0,0,0,0,242625.99420166016,42979.21862792969,0,404327403520,8589930496,5555838976,114688
10,1791567201527,2500,2500,799,800,799,800,799,800,2499,2499,2500,2500,2499,2500,800,800,0,5,0,0,0,0,5,100,0,5,5,0,0,0,0,0,242626.15173339844,42979.53601074219,0,404327403520,8589930496,5555838976,114688
10,1791567201537,2500,2500,799,800,799,800,799,800,2499,2499,2500,2500,2499,2500,800,800,0,5,0,0,0,0,5,100,0,5,5,0,0,0,0,0,242626.30755615234,42979.850158691406,0,404327403520,8589930496,5555838976,114688
10,1791567201547,2500,2500,799,800,799,800,799,800,2499,2499,2500,2500,2499,2500,800,800,0,5,0,0,0,0,5,100,0,5,5,0,0,0,0,0,242626.46032714844,42980.16564941406,0,404327403520,8589930496,5555838976,114688
10,1791567201557,2500,2500,799,800,799,800,799,800,2499,2499,2500,2500,2499,2500,800,800,0,5,0,0,0,0,5,100,0,5,5,0,0,0,0,0,242626.61157226563,42980.48065185547,0,404327403520,8589930496,5555838976,114688
10,1791567201567,2500,2500,799,800,799,800,799,800,2499,2499,2500,2500,2499,2500,800,800,0,5,0,0,0,0,5,100,0,5,5,0,0,0,0,0,242626.7603149414,42980.801696777344,0,404327403520,8589930496,5555838976,114688
9,1791567201577,2500,2500,799,800,799,800,799,800,2499,2499,2500,2500,2499,2500,800,800,0,5,0,0,0,0,5,100,0,5,5,0,0,0,0,0,242626.9149169922,42981.118408203125,0,404327403520,8589930496,5555838976,114688
9,1791567201587,2500,2500,799,800,799,800,799,800,2499,2499,2500,2500,2499,2500,800,800,0,5,0,0,0,0,5,100,0,5,5,0,0,0,0,0,242627.06872558594,42981.433166503906,0,404327403520,8589930496,5555838976,114688
10,1791567201597,2500,2500,799,800,799,800,799,800,2499,2499,2500,2500,2499,2500,800,800,0,5,0,0,0,0,5,100,0,5,5,0,0,0,0,0,242627.22283935547,42981.751708984375,0,404327403520,8589930496,5555838976,114688
10,1791567201607,2500,2500,799,800,799,800,799,800,2499,2499,2500,2500,2499,2500,800,800,0,5,0,0,0,0,5,100,0,5,5,0,0,0,0,0,242627.3726196289,42982.06884765625,0,404327403520,8589930496,5555838976,114688
10,1791567201617,2500,2500,799,800,799,800,799,800,2499,2499,2500,2500,2499,2500,800,800,0,5,0,0,0,0,5,100,0,5,5,0,0,0,0,0,242627.5249633789,42982.38360595703,0,404327403520,8589930496,5555838976,114688
10,1791567201627,2500,2500,799,800,799,800,799,800,2499,2499,2500,2500,2499,2500,800,800,0,0,0,0,0,0,0,100,5,0,0,0,0,0,0,0,242627.68005371094,42982.704833984375,0,404327403520,8589930496,5555838976,114688
10,1791567201637,2500,2500,799,800,799,800,799,800,2499,2499,2500,2500,2499,2500,800,800,0,0,0,0,0,0,0,100,5,0,0,0,0,0,0,0,242627.8267211914,42983.02233886719,0,404327403520,8589930496,5555838976,114688
10,1791567201647,2500,2500,799,800,799,800,799,800,2499,2499,2500,2500,2499,2500,800,800,0,0,0,0,0,0,0,100,5,0,0,0,0,0,0,0,242627.97833251953,42983.34338378906,0,404327403520,8589930496,5555838976,114688
10,1791567201658,2500,2500,799,800,799,800,799,800,2499,2499,2500,2500,2499,2500,800,800,0,0,0,0,0,0,0,100,5,0,0,0,0,0,0,0,242628.12994384766,42983.663024902344,0,404327403520,8589930496,5555838976,114688
10,1791567201668,2500,2500,799,800,799,800,799,800,2499,2499,2500,2500,2499,2500,800,800,0,0,0,0,0,0,0,100,5,0,0,0,0,0,0,0,242628.28594970703,42983.979919433594,0,404327403520,8589930496,5555838976,114688
10,1791567201678,2500,2500,799,800,799,800,799,800,2499,2499,2500,2500,2499,2500,800,800,0,0,0,0,0,0,0,100,5,0,0,0,0,0,0,0,242628.43572998047,42984.29376220703,0,404327403520,8589930496,5555838976,114688
10,1791567201688,2500,2500,799,800,799,800,799,800,2499,2499,2500,2500,2499,2500,800,800,0,0,0,0,0,0,0,100,5,0,0,0,0,0,0,0,242628.60314941406,42984.64227294922,0,404327403520,8589930496,5555838976,114688
10,1791567201698,2500,2500,799,800,799,800,799,800,2499,2499,2500,2500,2499,2500,800,800,0,0,0,0,0,0,0,100,5,0,0,0,0,0,0,0,242628.75494384766,42984.957763671875,0,404327403520,8589930496,5555838976,114688
10,1791567201708,2500,2500,799,800,799,800,799,800,2499,2499,2500,2500,2499,2500,800,800,0,0,0,0,0,0,0,100,5,0,0,0,0,0,0,0,242628.90948486328,42985.27355957031,0,404327403520,8589930496,5555838976,114688
10,1791567201718,2500,2500,799,800,799,800,799,800,2499,2499,2500,2500,2499,2500,800,800,0,0,0,0,0,0,0,100,5,0,0,0,0,0,0,0,242629.06353759766,42985.59265136719,0,404327403520,8589930496,5555838976,114688
10,1791567201728,2500,2500,799,800,799,800,799,800,2499,2499,2500,2500,2499,2500,800,800,0,0,0,0,0,0,0,100,5,0,0,0,0,0,0,0,242629.2162475586,42985.913513183594,0,404327403520,8589930496,5555838976,114688
10,1791567201738,2500,2500,799,800,799,800,799,800,2499,2499,2500,2500,2499,2500,800,800,0,0,0,0,0,0,0,100,5,0,0,0,0,0,0,0,242629.36822509766,42986.22546386719,0,404327403520,8589930496,5555838976,114688
10,1791567201748,2500,2500,799,800,799,800,799,800,2499,2499,2500,2500,2499,2500,800,800,0,0,0,0,0,0,0,100,5,0,0,0,0,0,0,0,242629.52130126953,42986.547607421875,0,404327403520,8589930496,5555838976,114688
10,1791567201758,2500,2500,799,800,799,800,799,800,2499,2499,2500,2500,2499,2500,800,800,0,0,0,0,0,0,0,100,5,0,0,0,0,0,0,0,242629.6732788086,42986.865234375,0,404327403520,8589930496,5555838976,114688
10,1791567201768,2500,2500,799,800,799,800,799,800,2499,2499,2500,2500,2499,2500,800,800,0,0,0,0,0,0,0,100,5,0,0,0,0,0,0,0,242629.8302001953,42987.187072753906,0,404327403520,8589930496,5555838976,114688
10,1791567201778,2500,2500,799,800,799,800,799,800,2499,2499,2500,2500,2499,2500,800,800,0,0,0,0,0,0,0,100,5,0,0,0,0,0,0,0,242629.98602294922,42987.506408691406,0,404327403520,8589930496,5555838976,114688
9,1791567201788,2500,2500,799,800,799,800,799,800,2499,2499,2500,2500,2499,2500,800,800,0,0,0,0,0,0,0,100,5,0,0,0,0,0,0,0,242630.13702392578,42987.822998046875,0,404327403520,8589930496,5555838976,114688
10,1791567201798,2500,2500,799,800,799,800,799,800,2499,2499,2500,2500,2499,2500,800,800,0,0,0,0,0,0,0,100,5,0,0,0,0,0,0,0,242630.2862548828,42988.131591796875,0,404327403520,8589930496,5555838976,114688
10,1791567201808,2500,2500,799,800,799,800,799,800,2499,2499,2500,2500,2499,2500,800,800,0,0,0,0,0,0,0,100,5,0,0,0,0,0,0,0,242630.43530273438,42988.44860839844,0,404327403520,8589930496,5555838976,114688
10,1791567201818,2500,2500,799,800,799,800,799,800,2499,2499,2500,2500,2499,2500,800,800,0,0,0,0,0,0,0,100,5,0,0,0,0,0,0,0,242630.59045410156,42988.7646484375,0,404327403520,8589930496,5555838976,114688
10,1791567201829,2500,2500,799,800,799,800,799,800,2499,2499,2500,2500,2499,2500,800,800,5,5,0,0,0,0,0,100,0,0,0,0,0,0,0,0,242630.74444580078,42989.08270263672,0,404327403520,8589930496,5555838976,114688
10,1791567201839,2500,2500,799,800,799,800,799,800,2499,2499,2500,2500,2499,2500,800,800,5,5,0,0,0,0,0,100,0,0,0,0,0,0,0,0,242630.90264892578,42989.39874267578,0,404327403520,8589930496,5555838976,114688
10,1791567201849,2500,2500,799,800,799,800,799,800,2499,2499,2500,2500,2499,2500,800,800,5,5,0,0,0,0,0,100,0,0,0,0,0,0,0,0,242631.05572509766,42989.71514892578,0,404327403520,8589930496,5555838976,114688
10,1791567201859,2500,2500,799,800,799,800,799,800,2499,2499,2500,2500,2499,2500,800,800,5,5,0,0,0,0,0,100,0,0,0,0,0,0,0,0,242631.2130126953,42990.02502441406,0,404327403520,8589930496,5555838976,114688
10,1791567201869,2500,2500,799,800,799,800,799,800,2499,2499,2500,2500,2499,2500,800,800,5,5,0,0,0,0,0,100,0,0,0,0,0,0,0,0,242631.369140625,42990.34228515625,0,404327403520,8589930496,5555838976,114688
10,1791567201879,2500,2500,799,800,799,800,799,800,2499,2499,2500,2500,2499,2500,800,800,5,5,0,0,0,0,0,100,0,0,0,0,0,0,0,0,242631.51983642578,42990.656005859375,0,404327403520,8589930496,5555838976,114688
10,1791567201889,2500,2500,799,800,799,800,799,800,2499,2499,2500,2500,2499,2500,800,800,5,5,0,0,0,0,0,100,0,0,0,0,0,0,0,0,242631.6851196289,42991.006408691406,0,404327403520,8589930496,5555838976,114688
10,1791567201899,2500,2500,799,800,799,800,799,800,2499,2499,2500,2500,2499,2500,800,800,5,5,0,0,0,0,0,100,0,0,0,0,0,0,0,0,242631.8433227539,42991.326721191406,0,404327403520,8589930496,5555838976,114688
10,1791567201909,2500,2500,799,800,799,800,799,800,2499,2499,2500,2500,2499,2500,800,800,5,5,0,0,0,0,0,100,0,0,0,0,0,0,0,0,242631.99877929688,42991.64630126953,0,404327403520,8589930496,5555838976,114688
9,1791567201919,2500,2500,799,800,799,800,799,800,2499,2499,2500,2500,2499,2500,800,800,5,5,0,0,0,0,0,100,0,0,0,0,0,0,0,0,242632.14947509766,42991.96423339844,0,404327403520,8589930496,5555838976,114688
10,1791567201929,2500,2500,799,800,799,800,799,800,2499,2499,2500,2500,2499,2500,800,800,5,5,0,0,0,0,0,100,0,0,0,0,0,0,0,0,242632.30474853516,42992.281799316406,0,404327403520,8589930496,5555838976,114688
10,1791567201939,2500,2500,799,800,799,800,799,800,2499,2499,2500,2500,2499,2500,800,800,5,5,0,0,0,0,0,100,0,0,0,0,0,0,0,0,242632.46002197266,42992.6044921875,0,404327403520,8589930496,5555838976,114688
10,1791567201949,2500,2500,799,800,799,800,799,800,2499,2499,2500,2500,2499,2500,800,800,5,5,0,0,0,0,0,100,0,0,0,0,0,0,0,0,242632.619140625,42992.921142578125,0,404327403520,8589930496,5555838976,114688
10,1791567201959,2500,2500,799,800,799,800,799,800,2499,2499,2500,2500,2499,2500,800,800,5,5,0,0,0,0,0,100,0,0,0,0,0,0,0,0,242632.77276611328,42993.24560546875,0,404327403520,8589930496,5555838976,114688
10,1791567201969,2500,2500,799,800,799,800,799,800,2499,2499,2500,2500,2499,2500,800,800,5,5,0,0,0,0,0,100,0,0,0,0,0,0,0,0,242632.92755126953,42993.565979003906,0,404327403520,8589930496,5555838976,114688
10,1791567201979,2500,2500,799,800,799,800,799,800,2499,2499,2500,2500,2499,2500,800,800,5,5,0,0,0,0,0,100,0,0,0,0,0,0,0,0,242633.0834350586,42993.88269042969,0,404327403520,8589930496,5555838976,114688
9,1791567201989,2500,2500,799,800,799,800,799,800,2499,2499,2500,2500,2499,2500,800,800,5,5,0,0,0,0,0,100,0,0,0,0,0,0,0,0,242633.23706054688,42994.19885253906,0,404327403520,8589930496,5555838976,114688
10,1791567202000,2500,2500,799,800,799,800,799,800,2499,2499,2500,2500,2499,2500,800,800,5,5,0,0,0,0,0,100,0,0,0,0,0,0,0,0,242633.39154052734,42994.51397705078,0,404327403520,8589930496,5555838976,114688
10,1791567202010,2500,2500,799,800,799,800,799,800,2499,2499,2500,2500,2499,2500,800,800,5,5,0,0,0,0,0,100,0,0,0,0,0,0,0,0,242633.54608154297,42994.82928466797,0,404327403520,8589930496,5555838976,114688
10,1791567202020,2500,2500,799,800,799,800,799,800,2499,2499,2500,2500,2499,2500,800,800,5,5,0,0,0,0,0,100,0,0,0,0,0,0,0,0,242633.6962890625,42995.145263671875,0,404327403520,8589930496,5555838976,114688
10,1791567202030,2500,2500,799,800,799,800,799,800,2499,2499,2500,2500,2499,2500,800,800,0,0,0,0,0,0,0,100,0,5,0,0,0,0,0,0,242633.85430908203,42995.462890625,0,404327403520,8589930496,5555838976,114688
10,1791567202040,2500,2500,799,800,799,800,799,800,2499,2499,2500,2500,2499,2500,800,800,0,0,0,0,0,0,0,100,0,5,0,0,0,0,0,0,242634.0050048828,42995.78076171875,0,404327403520,8589930496,5555838976,114688
10,1791567202050,2500,2500,799,800,799,800,799,800,2499,2499,2500,2500,2499,2500,800,800,0,0,0,0,0,0,0,100,0,5,0,0,0,0,0,0,242634.15924072266,42996.09899902344,0,404327403520,8589930496,5555838976,114688
10,1791567202060,2500,2500,799,800,799,800,799,800,2499,2499,2500,2500,2499,2500,800,800,0,0,0,0,0,0,0,100,0,5,0,0,0,0,0,0,242634.30682373047,42996.41491699219,0,404327403520,8589930496,5555838976,114688
10,1791567202070,2500,2500,799,800,799,800,799,800,2499,2499,2500,2500,2499,2500,800,800,0,0,0,0,0,0,0,100,0,5,0,0,0,0,0,0,242634.46356201172,42996.73193359375,0,404327403520,8589930496,5555838976,114688
10,1791567202080,2500,2500,799,800,799,800,799,800,2499,2499,2500,2500,2499,2500,800,800,0,0,0,0,0,0,0,100,0,5,0,0,0,0,0,0,242634.6177368164,42997.04412841797,0,404327403520,8589930496,5555838976,114688
10,1791567202090,2500,2500,799,800,799,800,799,800,2499,2499,2500,2500,2499,2500,800,800,0,0,0,0,0,0,0,100,0,5,0,0,0,0,0,0,242634.7882080078,42997.390563964844,0,404327403520,8589930496,5546754048,114688
10,1791567202100,2500,2500,799,800,799,800,799,800,2499,2499,2500,2500,2499,2500,800,800,0,0,0,0,0,0,0,100,0,5,0,0,0,0,0,0,242634.94665527344,42997.700256347656,0,404327403520,8589930496,5546754048,114688
10,1791567202110,2500,2500,799,800,799,800,799,800,2499,2499,2500,2500,2499,2500,800,800,0,0,0,0,0,0,0,100,0,5,0,0,0,0,0,0,242635.09259033203,42998.028869628906,0,404327403520,8589930496,5546754048,114688
10,1791567202120,2500,2500,799,800,799,800,799,800,2499,2499,2500,2500,2499,2500,800,800,0,0,0,0,0,0,0,100,0,5,0,0,0,0,0,0,242635.24877929688,42998.34375,0,404327403520,8589930496,5546754048,114688
10,1791567202130,2500,2500,799,800,799,800,799,800,2499,2499,2500,2500,2499,2500,800,800,0,0,0,0,0,0,0,100,0,5,0,0,0,0,0,0,242635.4027709961,42998.6611328125,0,404327403520,8589930496,5546754048,114688
10,1791567202140,2500,2500,799,800,799,800,799,800,2499,2499,2500,2500,2499,2500,800,800,0,0,0,0,0,0,0,100,0,5,0,0,0,0,0,0,242635.5562133789,42998.98229980469,0,404327403520,8589930496,5546754048,114688
10,1791567202150,2500,2500,799,800,799,800,799,800,2499,2499,2500,2500,2499,2500,800,800,0,0,0,0,0,0,0,100,0,5,0,0,0,0,0,0,242635.7085571289,42999.29559326172,0,404327403520,8589930496,5535805440,114688
10,1791567202160,2500,2500,799,800,799,800,799,800,2499,2499,2500,2500,2499,2500,800,800,0,0,0,0,0,0,0,100,0,5,0,0,0,0,0,0,242635.85943603516,42999.620544433594,0,404327403520,8589930496,5521006592,114688
10,1791567202171,2500,2500,799,800,799,800,799,800,2499,2499,2500,2500,2499,2500,800,800,0,0,0,0,0,0,0,100,0,5,0,0,0,0,0,0,242636.0108642578,42999.9375,0,404327403520,8589930496,5521006592,114688
10,1791567202181,2500,2500,799,800,799,800,799,800,2499,2499,2500,2500,2499,2500,800,800,0,0,0,0,0,0,0,100,0,5,0,0,0,0,0,0,242636.16046142578,43000.259704589844,0,404327403520,8589930496,5521006592,114688
10,1791567202191,2500,2500,799,800,799,800,799,800,2499,2499,2500,2500,2499,2500,800,800,0,0,0,0,0,0,0,100,0,5,0,0,0,0,0,0,242636.30950927734,43000.5771484375,0,404327403520,8589930496,5521006592,114688
9,1791567202201,2500,2500,799,800,799,800,799,800,2499,2499,2500,2500,2499,2500,800,800,0,0,0,0,0,0,0,100,0,5,0,0,0,0,0,0,242636.4620361328,43000.89440917969,0,404327403520,8589930496,5521006592,114688
10,1791567202211,2500,2500,799,800,799,800,799,800,2499,2499,2500,2500,2499,2500,800,800,0,0,0,0,0,0,0,100,0,5,0,0,0,0,0,0,242636.6142578125,43001.210510253906,0,404327403520,8589930496,5521006592,114688
10,1791567202221,2500,2500,799,800,799,800,799,800,2499,2499,2500,2500,2499,2500,800,800,0,0,0,0,0,0,0,100,0,5,0,0,0,0,0,0,242636.7689819336,43001.52941894531,0,404327403520,8589930496,5521006592,114688
10,1791567202231,2500,2500,799,800,799,800,799,800,2499,2499,2500,2500,2499,2500,800,800,0,0,0,0,0,0,0,100,0,0,0,0,0,0,0,4.761904716491699,242636.9229736328,43001.846923828125,0,404327403520,8589930496,5521006592,114688
10,1791567202241,2500,2500,799,800,799,800,799,800,2499,2499,2500,2500,2499,2500,800,800,0,0,0,0,0,0,0,100,0,0,0,0,0,0,0,4.761904716491699,242637.07440185547,43002.165588378906,0,404327403520,8589930496,5521006592,114688
10,1791567202251,2500,2500,799,800,799,800,799,800,2499,2499,2500,2500,2499,2500,800,800,0,0,0,0,0,0,0,100,0,0,0,0,0,0,0,4.761904716491699,242637.23040771484,43002.485290527344,0,404327403520,8589930496,5521006592,114688
10,1791567202261,2500,2500,799,800,799,800,799,800,2499,2499,2500,2500,2499,2500,800,800,0,0,0,0,0,0,0,100,0,0,0,0,0,0,0,4.761904716491699,242637.38439941406,43002.80010986328,0,404327403520,8589930496,5521006592,114688
10,1791567202271,2500,2500,799,800,799,800,799,800,2499,2499,2500,2500,2499,2500,800,800,0,0,0,0,0,0,0,100,0,0,0,0,0,0,0,4.761904716491699,242637.54296875,43003.12536621094,0,404327403520,8589930496,5521006592,114688
10,1791567202281,2500,2500,799,800,799,800,799,800,2499,2499,2500,2500,2499,2500,800,800,0,0,0,0,0,0,0,100,0,0,0,0,0,0,0,4.761904716491699,242637.70135498047,43003.446533203125,0,404327403520,8589930496,5521006592,114688
10,1791567202291,2500,2500,799,800,799,800,799,800,2499,2499,2500,2500,2499,2500,800,800,0,0,0,0,0,0,0,100,0,0,0,0,0,0,0,4.761904716491699,242637.8575439453,43003.762939453125,0,404327403520,8589930496,5521006592,114688
10,1791567202301,2500,2500,799,800,799,800,799,800,2499,2499,2500,2500,2499,2500,800,800,0,0,0,0,0,0,0,100,0,0,0,0,0,0,0,4.761904716491699,242638.0277709961,43004.11004638672,0,404327403520,8589930496,5521006592,114688
10,1791567202311,2500,2500,799,800,799,800,799,800,2499,2499,2500,2500,2499,2500,800,800,0,0,0,0,0,0,0,100,0,0,0,0,0,0,0,4.761904716491699,242638.1824951172,43004.42547607422,0,404327403520,8589930496,5521006592,114688
10,1791567202321,2500,2500,799,800,799,800,799,800,2499,2499,2500,2500,2499,2500,800,800,0,0,0,0,0,0,0,100,0,0,0,0,0,0,0,4.761904716491699,242638.32037353516,43004.70428466797,0,404327403520,8589930496,5521006592,114688
10,1791567202331,2500,2500,799,800,799,800,799,800,2499,2499,2500,2500,2499,2500,800,800,0,0,0,0,0,0,0,100,0,0,0,0,0,0,0,4.761904716491699,242638.48889160156,43005.059326171875,0,404327403520,8589930496,5521006592,114688
10,1791567202342,2500,2500,799,800,799,800,799,800,2499,2499,2500,2500,2499,2500,800,800,0,0,0,0,0,0,0,100,0,0,0,0,0,0,0,4.761904716491699,242638.6463623047,43005.371643066406,0,404327403520,8589930496,5521006592,114688
10,1791567202352,2500,2500,799,800,799,800,799,800,2499,2499,2500,2500,2499,2500,800,800,0,0,0,0,0,0,0,100,0,0,0,0,0,0,0,4.761904716491699,242638.79901123047,43005.69024658203,0,404327403520,8589930496,5521006592,114688
10,1791567202362,2500,2500,799,800,799,800,799,800,2499,2499,2500,2500,2499,2500,800,800,0,0,0,0,0,0,0,100,0,0,0,0,0,0,0,4.761904716491699,242638.95489501953,43006.015563964844,0,404327403520,8589930496,5521006592,114688
10,1791567202372,2500,2500,799,800,799,800,799,800,2499,2499,2500,2500,2499,2500,800,800,0,0,0,0,0,0,0,100,0,0,0,0,0,0,0,4.761904716491699,242639.10815429688,43006.33435058594,0,404327403520,8589930496,5521006592,114688
9,1791567202382,2500,2500,799,800,799,800,799,800,2499,2499,2500,2500,2499,2500,800,800,0,0,0,0,0,0,0,100,0,0,0,0,0,0,0,4.761904716491699,242639.26306152344,43006.654052734375,0,404327403520,8589930496,5521006592,114688
10,1791567202392,2500,2500,799,800,799,800,799,800,2499,2499,2500,2500,2499,2500,800,800,0,0,0,0,0,0,0,100,0,0,0,0,0,0,0,4.761904716491699,242639.4214477539,43006.968688964844,0,404327403520,8589930496,5521006592,114688
10,1791567202402,2500,2500,799,800,799,800,799,800,2499,2499,2500,2500,2499,2500,800,800,0,0,0,0,0,0,0,100,0,0,0,0,0,0,0,4.761904716491699,242639.57836914063,43007.284423828125,0,404327403520,8589930496,5521006592,114688
10,1791567202412,2500,2500,799,800,799,800,799,800,2499,2499,2500,2500,2499,2500,800,800,0,0,0,0,0,0,0,100,0,0,0,0,0,0,0,4.761904716491699,242639.73175048828,43007.59924316406,0,404327403520,8589930496,5521006592,114688
10,1791567202422,2500,2500,799,800,799,800,799,800,2499,2499,2500,2500,2499,2500,800,800,0,0,0,0,0,0,0,100,0,0,0,0,0,0,0,4.761904716491699,242639.88446044922,43007.91387939453,0,404327403520,8589930496,5521006592,114688
10,1791567202432,2500,2500,799,800,799,800,799,800,2499,2499,2500,2500,2499,2500,800,800,0,0,0,0,0,0,9.523809432983398,100,5,0,5,0,0,0,0,0,242640.0386352539,43008.232482910156,0,404327403520,8589930496,5521006592,114688
10,1791567202442,2500,2500,799,800,799,800,799,800,2499,2499,2500,2500,2499,2500,800,800,0,0,0,0,0,0,9.523809432983398,100,5,0,5,0,0,0,0,0,242640.1922607422,43008.54931640625,0,404327403520,8589930496,5521006592,114688
10,1791567202452,2500,2500,799,800,799,800,799,800,2499,2499,2500,2500,2499,2500,800,800,0,0,0,0,0,0,9.523809432983398,100,5,0,5,0,0,0,0,0,242640.34259033203,43008.86584472656,0,404327403520,8589930496,5521006592,114688
10,1791567202462,2500,2500,799,800,799,800,799,800,2499,2499,2500,2500,2499,2500,800,800,0,0,0,0,0,0,9.523809432983398,100,5,0,5,0,0,0,0,0,242640.49530029297,43009.182189941406,0,404327403520,8589930496,5521006592,114688
10,1791567202472,2500,2500,799,800,799,800,799,800,2499,2499,2500,2500,2499,2500,800,800,0,0,0,0,0,0,9.523809432983398,100,5,0,5,0,0,0,0,0,242640.65112304688,43009.49853515625,0,404327403520,8589930496,5521006592,114688
10,1791567202482,2500,2500,799,800,799,800,799,800,2499,2499,2500,2500,2499,2500,800,800,0,0,0,0,0,0,9.523809432983398,100,5,0,5,0,0,0,0,0,242640.80822753906,43009.81182861328,0,404327403520,8589930496,5521006592,114688
10,1791567202492,2500,2500,799,800,799,800,799,800,2499,2499,2500,2500,2499,2500,800,800,0,0,0,0,0,0,9.523809432983398,100,5,0,5,0,0,0,0,0,242640.95928955078,43010.129150390625,0,404327403520,8589930496,5521006592,114688
10,1791567202502,2500,2500,799,800,799,800,799,800,2499,2499,2500,2500,2499,2500,800,800,0,0,0,0,0,0,9.523809432983398,100,5,0,5,0,0,0,0,0,242641.11499023438,43010.43786621094,0,404327403520,8589930496,5521006592,114688
10,1791567202513,2500,2500,799,800,799,800,799,800,2499,2499,2500,2500,2499,2500,800,800,0,0,0,0,0,0,9.523809432983398,100,5,0,5,0,0,0,0,0,242641.28784179688,43010.78576660156,0,404327403520,8589930496,5521006592,114688
10,1791567202523,2500,2500,799,800,799,800,799,800,2499,2499,2500,2500,2499,2500,800,800,0,0,0,0,0,0,9.523809432983398,100,5,0,5,0,0,0,0,0,242641.44940185547,43011.10461425781,0,404327403520,8589930496,5521006592,114688
10,1791567202533,2500,2500,799,800,799,800,799,800,2499,2499,2500,2500,2499,2500,800,800,0,0,0,0,0,0,9.523809432983398,100,5,0,5,0,0,0,0,0,242641.60412597656,43011.417419433594,0,404327403520,8589930496,5521006592,114688
10,1791567202543,2500,2500,799,800,799,800,799,800,2499,2499,2500,2500,2499,2500,800,800,0,0,0,0,0,0,9.523809432983398,100,5,0,5,0,0,0,0,0,242641.76000976563,43011.729248046875,0,404327403520,8589930496,5521006592,114688
9,1791567202553,2500,2500,799,800,799,800,799,800,2499,2499,2500,2500,2499,2500,800,800,0,0,0,0,0,0,9.523809432983398,100,5,0,5,0,0,0,0,0,242641.9140625,43012.03942871094,0,404327403520,8589930496,5521006592,114688
10,1791567202563,2500,2500,799,800,799,800,799,800,2499,2499,2500,2500,2499,2500,800,800,0,0,0,0,0,0,9.523809432983398,100,5,0,5,0,0,0,0,0,242642.07098388672,43012.32061767578,0,404327403520,8589930496,5521006592,114688
9,1791567202573,2500,2500,799,800,799,800,799,800,2499,2499,2500,2500,2499,2500,800,800,0,0,0,0,0,0,9.523809432983398,100,5,0,5,0,0,0,0,0,242642.22003173828,43012.666015625,0,404327403520,8589930496,5521006592,114688
10,1791567202583,2500,2500,799,800,799,800,799,800,2499,2499,2500,2500,2499,2500,800,800,0,0,0,0,0,0,9.523809432983398,100,5,0,5,0,0,0,0,0,242642.3745727539,43012.98132324219,0,404327403520,8589930496,5521006592,114688
9,1791567202593,2500,2500,799,800,799,800,799,800,2499,2499,2500,2500,2499,2500,800,800,0,0,0,0,0,0,9.523809432983398,100,5,0,5,0,0,0,0,0,242642.52838134766,43013.294921875,0,404327403520,8589930496,5521006592,114688
9,1791567202603,2500,2500,799,800,799,800,799,800,2499,2499,2500,2500,2499,2500,800,800,0,0,0,0,0,0,9.523809432983398,100,5,0,5,0,0,0,0,0,242642.68878173828,43013.61212158203,0,404327403520,8589930496,5521006592,114688
10,1791567202613,2500,2500,799,800,799,800,799,800,2499,2499,2500,2500,2499,2500,800,800,0,0,0,0,0,0,9.523809432983398,100,5,0,5,0,0,0,0,0,242642.84661865234,43013.928771972656,0,404327403520,8589930496,5521006592,114688
10,1791567202623,2500,2500,799,800,799,800,799,800,2499,2499,2500,2500,2499,2500,800,800,0,0,0,0,0,0,9.523809432983398,100,5,0,5,0,0,0,0,0,242642.99951171875,43014.242248535156,0,404327403520,8589930496,5521006592,114688
10,1791567202633,2500,2500,799,800,799,800,799,800,2499,2499,2500,2500,2499,2500,800,800,0,0,0,0,25,0,0,76.19047546386719,0,0,0,5,0,0,0,0,242643.1522216797,43014.55822753906,0,404327403520,8589930496,5521006592,114688
10,1791567202643,2500,2500,799,800,799,800,799,800,2499,2499,2500,2500,2499,2500,800,800,0,0,0,0,25,0,0,76.19047546386719,0,0,0,5,0,0,0,0,242643.30401611328,43014.871643066406,0,404327403520,8589930496,5521006592,114688
10,1791567202653,2500,2500,799,800,799,800,799,800,2499,2499,2500,2500,2499,2500,800,800,0,0,0,0,25,0,0,76.19047546386719,0,0,0,5,0,0,0,0,242643.4633178711,43015.18811035156,0,404327403520,8589930496,5521006592,114688
10,1791567202663,2500,2500,799,800,799,800,799,800,2499,2499,2500,2500,2499,2500,800,800,0,0,0,0,25,0,0,76.19047546386719,0,0,0,5,0,0,0,0,242643.61987304688,43015.50604248047,0,404327403520,8589930496,5521006592,114688
10,1791567202673,2500,2500,799,800,799,800,799,800,2499,2499,2500,2500,2499,2500,800,800,0,0,0,0,25,0,0,76.19047546386719,0,0,0,5,0,0,0,0,242643.77130126953,43015.82257080078,0,404327403520,8589930496,5521006592,114688
10,1791567202684,2500,2500,799,800,799,800,799,800,2499,2499,2500,2500,2499,2500,800,800,0,0,0,0,25,0,0,76.19047546386719,0,0,0,5,0,0,0,0,242643.92413330078,43016.14239501953,0,404327403520,8589930496,5521006592,114688
10,1791567202694,2500,2500,799,800,799,800,799,800,2499,2499,2500,2500,2499,2500,800,800,0,0,0,0,25,0,0,76.19047546386719,0,0,0,5,0,0,0,0,242644.08270263672,43016.45635986328,0,404327403520,8589930496,5521006592,114688
10,1791567202704,2500,2500,799,800,799,800,799,800,2499,2499,2500,2500,2499,2500,800,800,0,0,0,0,25,0,0,76.19047546386719,0,0,0,5,0,0,0,0,242644.2515258789,43016.77282714844,0,404327403520,8589930496,5521006592,114688
10,1791567202714,2500,2500,799,800,799,800,799,800,2499,2499,2500,2500,2499,2500,800,800,0,0,0,0,25,0,0,76.19047546386719,0,0,0,5,0,0,0,0,242644.4044189453,43017.12274169922,0,404327403520,8589930496,5521502208,114688
10,1791567202724,2500,2500,799,800,799,800,799,800,2499,2499,2500,2500,2499,2500,800,800,0,0,0,0,25,0,0,76.19047546386719,0,0,0,5,0,0,0,0,242644.55712890625,43017.437438964844,0,404327403520,8589930496,5522493440,114688
10,1791567202734,2500,2500,799,800,799,800,799,800,2499,2499,2500,2500,2499,2500,800,800,0,0,0,0,25,0,0,76.19047546386719,0,0,0,5,0,0,0,0,242644.71185302734,43017.76300048828,0,404327403520,8589930496,5524475904,114688
10,1791567202744,2500,2500,799,800,799,800,799,800,2499,2499,2500,2500,2499,2500,800,800,0,0,0,0,25,0,0,76.19047546386719,0,0,0,5,0,0,0,0,242644.86486816406,43018.07946777344,0,404327403520,8589930496,5528936448,114688
10,1791567202754,2500,2500,799,800,799,800,799,800,2499,2499,2500,2500,2499,2500,800,800,0,0,0,0,25,0,0,76.19047546386719,0,0,0,5,0,0,0,0,242645.0181274414,43018.398681640625,0,404327403520,8589930496,5528936448,114688
9,1791567202764,2500,2500,799,800,799,800,799,800,2499,2499,2500,2500,2499,2500,800,800,0,0,0,0,25,0,0,76.19047546386719,0,0,0,5,0,0,0,0,242645.17291259766,43018.7138671875,0,404327403520,8589930496,5528936448,114688
9,1791567202774,2500,2500,799,800,799,800,799,800,2499,2499,2500,2500,2499,2500,800,800,0,0,0,0,25,0,0,76.19047546386719,0,0,0,5,0,0,0,0,242645.32196044922,43019.027099609375,0,404327403520,8589930496,5528936448,114688
10,1791567202784,2500,2500,799,800,799,800,799,800,2499,2499,2500,2500,2499,2500,800,800,0,0,0,0,25,0,0,76.19047546386719,0,0,0,5,0,0,0,0,242645.4732055664,43019.342346191406,0,404327403520,8589930496,5536866304,114688
10,1791567202794,2500,2500,799,800,799,800,799,800,2499,2499,2500,2500,2499,2500,800,800,0,0,0,0,25,0,0,76.19047546386719,0,0,0,5,0,0,0,0,242645.62463378906,43019.65832519531,0,404327403520,8589930496,5536866304,114688
10,1791567202804,2500,2500,799,800,799,800,799,800,2499,2499,2500,2500,2499,2500,800,800,0,0,0,0,25,0,0,76.19047546386719,0,0,0,5,0,0,0,0,242645.77899169922,43019.972229003906,0,404327403520,8589930496,5536866304,114688
10,1791567202814,2500,2500,799,800,799,800,799,800,2499,2499,2500,2500,2499,2500,800,800,0,0,0,0,25,0,0,76.19047546386719,0,0,0,5,0,0,0,0,242645.9395751953,43020.286193847656,0,404327403520,8589930496,5536866304,114688
10,1791567202824,2500,2500,799,800,799,800,799,800,2499,2499,2500,2500,2499,2500,800,800,0,0,0,0,25,0,0,76.19047546386719,0,0,0,5,0,0,0,0,242646.09600830078,43020.60266113281,0,404327403520,8589930496,5536866304,114688
10,1791567202834,2500,2500,799,800,799,800,799,800,2499,2499,2500,2500,2499,2500,800,800,10,5.263157844543457,0,0,100,0,0,0,0,0,0,0,0,0,0,0,242646.25091552734,43020.917541503906,0,404327403520,8589930496,5536866304,114688
10,1791567202844,2500,2500,799,800,799,800,799,800,2499,2499,2500,2500,2499,2500,800,800,10,5.263157844543457,0,0,100,0,0,0,0,0,0,0,0,0,0,0,242646.40454101563,43021.23303222656,0,404327403520,8589930496,5536866304,114688
10,1791567202855,2500,2500,799,800,799,800,799,800,2499,2499,2500,2500,2499,2500,800,800,10,5.263157844543457,0,0,100,0,0,0,0,0,0,0,0,0,0,0,242646.55682373047,43021.552001953125,0,404327403520,8589930496,5536866304,114688
10,1791567202865,2500,2500,799,800,799,800,799,800,2499,2499,2500,2500,2499,2500,800,800,10,5.263157844543457,0,0,100,0,0,0,0,0,0,0,0,0,0,0,242646.70642089844,43021.86853027344,0,404327403520,8589930496,5536866304,114688
10,1791567202875,2500,2500,799,800,799,800,799,800,2499,2499,2500,2500,2499,2500,800,800,10,5.263157844543457,0,0,100,0,0,0,0,0,0,0,0,0,0,0,242646.86059570313,43022.18200683594,0,404327403520,8589930496,5536866304,114688
10,1791567202885,2500,2500,799,800,799,800,799,800,2499,2499,2500,2500,2499,2500,800,800,10,5.263157844543457,0,0,100,0,0,0,0,0,0,0,0,0,0,0,242647.01531982422,43022.49932861328,0,404327403520,8589930496,5536866304,114688
10,1791567202895,2500,2500,799,800,799,800,799,800,2499,2499,2500,2500,2499,2500,800,800,10,5.263157844543457,0,0,100,0,0,0,0,0,0,0,0,0,0,0,242647.16876220703,43022.816467285156,0,404327403520,8589930496,5536866304,114688
10,1791567202905,2500,2500,799,800,799,800,799,800,2499,2499,2500,2500,2499,2500,800,800,10,5.263157844543457,0,0,100,0,0,0,0,0,0,0,0,0,0,0,242647.33337402344,43023.160095214844,0,404327403520,8589930496,5545291776,114688
10,1791567202915,2500,2500,799,800,799,800,799,800,2499,2499,2500,2500,2499,2500,800,800,10,5.263157844543457,0,0,100,0,0,0,0,0,0,0,0,0,0,0,242647.4805908203,43023.4755859375,0,404327403520,8589930496,5545291776,114688
10,1791567202925,2500,2500,799,800,799,800,799,800,2499,2499,2500,2500,2499,2500,800,800,10,5.263157844543457,0,0,100,0,0,0,0,0,0,0,0,0,0,0,242647.63836669922,43023.79504394531,0,404327403520,8589930496,5545291776,114688
10,1791567202935,2500,2500,799,800,799,800,799,800,2499,2499,2500,2500,2499,2500,800,800,10,5.263157844543457,0,0,100,0,0,0,0,0,0,0,0,0,0,0,242647.79217529297,43024.11169433594,0,404327403520,8589930496,5545291776,114688
9,1791567202945,2500,2500,799,800,799,800,799,800,2499,2499,2500,2500,2499,2500,800,800,10,5.263157844543457,0,0,100,0,0,0,0,0,0,0,0,0,0,0,242647.94415283203,43024.42645263672,0,404327403520,8589930496,5545291776,114688
10,1791567202955,2500,2500,799,800,799,800,799,800,2499,2499,2500,2500,2499,2500,800,800,10,5.263157844543457,0,0,100,0,0,0,0,0,0,0,0,0,0,0,242648.09759521484,43024.75231933594,0,404327403520,8589930496,5545291776,114688
10,1791567202965,2500,2500,799,800,799,800,799,800,2499,2499,2500,2500,2499,2500,800,800,10,5.263157844543457,0,0,100,0,0,0,0,0,0,0,0,0,0,0,242648.2544555664,43025.069885253906,0,404327403520,8589930496,5545291776,114688
10,1791567202975,2500,2500,799,800,799,800,799,800,2499,2499,2500,2500,2499,2500,800,800,10,5.263157844543457,0,0,100,0,0,0,0,0,0,0,0,0,0,0,242648.40826416016,43025.39013671875,0,404327403520,8589930496,5545291776,114688
10,1791567202985,2500,2500,799,800,799,800,799,800,2499,2499,2500,2500,2499,2500,800,800,10,5.263157844543457,0,0,100,0,0,0,0,0,0,0,0,0,0,0,242648.56115722656,43025.705627441406,0,404327403520,8589930496,5545291776,114688
10,1791567202995,2500,2500,799,800,799,800,799,800,2499,2499,2500,2500,2499,2500,800,800,10,5.263157844543457,0,0,100,0,0,0,0,0,0,0,0,0,0,0,242648.71752929688,43026.024169921875,0,404327403520,8589930496,5545291776,114688
10,1791567203005,2500,2500,799,800,799,800,799,800,2499,2499,2500,2500,2499,2500,800,800,10,5.263157844543457,0,0,100,0,0,0,0,0,0,0,0,0,0,0,242648.87475585938,43026.343994140625,0,404327403520,8589930496,5553717248,114688
10,1791567203015,2500,2500,799,800,799,800,799,800,2499,2499,2500,2500,2499,2500,800,800,10,5.263157844543457,0,0,100,0,0,0,0,0,0,0,0,0,0,0,242649.02911376953,43026.653869628906,0,404327403520,8589930496,5553717248,114688
10,1791567203026,2500,2500,799,800,799,800,799,800,2499,2499,2500,2500,2499,2500,800,800,10,5.263157844543457,0,0,100,0,0,0,0,0,0,0,0,0,0,0,242649.1810913086,43026.98059082031,0,404327403520,8589930496,5553717248,114688
10,1791567203036,2500,2500,799,800,799,800,799,800,2499,2499,2500,2500,2499,2500,800,800,0,0,0,0,100,0,0,9.523809432983398,0,0,0,0,0,0,0,0,242649.3387451172,43027.30078125,0,404327403520,8589930496,5553717248,114688
10,1791567203046,2500,2500,799,800,799,800,799,800,2499,2499,2500,2500,2499,2500,800,800,0,0,0,0,100,0,0,9.523809432983398,0,0,0,0,0,0,0,0,242649.4932861328,43027.61560058594,0,404327403520,8589930496,5553717248,114688
10,1791567203056,2500,2500,799,800,799,800,799,800,2499,2499,2500,2500,2499,2500,800,800,0,0,0,0,100,0,0,9.523809432983398,0,0,0,0,0,0,0,0,242649.64782714844,43027.93054199219,0,404327403520,8589930496,5553717248,114688
10,1791567203066,2500,2500,799,800,799,800,799,800,2499,2499,2500,2500,2499,2500,800,800,0,0,0,0,100,0,0,9.523809432983398,0,0,0,0,0,0,0,0,242649.79943847656,43028.249572753906,0,404327403520,8589930496,5553717248,114688
10,1791567203076,2500,2500,799,800,799,800,799,800,2499,2499,2500,2500,2499,2500,800,800,0,0,0,0,100,0,0,9.523809432983398,0,0,0,0,0,0,0,0,242649.9556274414,43028.568115234375,0,404327403520,8589930496,5555204096,114688
10,1791567203086,2500,2500,799,800,799,800,799,800,2499,2499,2500,2500,2499,2500,800,800,0,0,0,0,100,0,0,9.523809432983398,0,0,0,0,0,0,0,0,242650.107421875,43028.88525390625,0,404327403520,8589930496,5561647104,114688
10,1791567203096,2500,2500,799,800,799,800,799,800,2499,2499,2500,2500,2499,2500,800,800,0,0,0,0,100,0,0,9.523809432983398,0,0,0,0,0,0,0,0,242650.26171875,43029.20135498047,0,404327403520,8589930496,5561647104,114688
10,1791567203106,2500,2500,799,800,799,800,799,800,2499,2499,2500,2500,2499,2500,800,800,0,0,0,0,100,0,0,9.523809432983398,0,0,0,0,0,0,0,0,242650.43383789063,43029.551208496094,0,404327403520,8589930496,5561647104,114688
9,1791567203116,2500,2500,799,800,799,800,799,800,2499,2499,2500,2500,2499,2500,800,800,0,0,0,0,100,0,0,9.523809432983398,0,0,0,0,0,0,0,0,242650.59057617188,43029.87646484375,0,404327403520,8589930496,5536989184,114688
10,1791567203126,2500,2500,799,800,799,800,799,800,2499,2499,2500,2500,2499,2500,800,800,0,0,0,0,100,0,0,9.523809432983398,0,0,0,0,0,0,0,0,242650.7445678711,43030.19561767578,0,404327403520,8589930496,5544919040,114688
9,1791567203136,2500,2500,799,800,799,800,799,800,2499,2499,2500,2500,2499,2500,800,800,0,0,0,0,100,0,0,9.523809432983398,0,0,0,0,0,0,0,0,242650.89453125,43030.51330566406,0,404327403520,8589930496,5544919040,114688
10,1791567203146,2500,2500,799,800,799,800,799,800,2499,2499,2500,2500,2499,2500,800,800,0,0,0,0,100,0,0,9.523809432983398,0,0,0,0,0,0,0,0,242651.04833984375,43030.82452392578,0,404327403520,8589930496,5544919040,114688
10,1791567203156,2500,2500,799,800,799,800,799,800,2499,2499,2500,2500,2499,2500,800,800,0,0,0,0,100,0,0,9.523809432983398,0,0,0,0,0,0,0,0,242651.1957397461,43031.13708496094,0,404327403520,8589930496,5544919040,114688
10,1791567203166,2500,2500,799,800,799,800,799,800,2499,2499,2500,2500,2499,2500,800,800,0,0,0,0,100,0,0,9.523809432983398,0,0,0,0,0,0,0,0,242651.3497314453,43031.45764160156,0,404327403520,8589930496,5544919040,114688
10,1791567203176,2500,2500,799,800,799,800,799,800,2499,2499,2500,2500,2499,2500,800,800,0,0,0,0,100,0,0,9.523809432983398,0,0,0,0,0,0,0,0,242651.50354003906,43031.77941894531,0,404327403520,8589930496,5544919040,114688
10,1791567203186,2500,2500,799,800,799,800,799,800,2499,2499,2500,2500,2499,2500,800,800,0,0,0,0,100,0,0,9.523809432983398,0,0,0,0,0,0,0,0,242651.65551757813,43032.093811035156,0,404327403520,8589930496,5544919040,114688
10,1791567203197,2500,2500,799,800,799,800,799,800,2499,2499,2500,2500,2499,2500,800,800,0,0,0,0,100,0,0,9.523809432983398,0,0,0,0,0,0,0,0,242651.8067626953,43032.41339111328,0,404327403520,8589930496,5544919040,114688
10,1791567203207,2500,2500,799,800,799,800,799,800,2499,2499,2500,2500,2499,2500,800,800,0,0,0,0,100,0,0,9.523809432983398,0,0,0,0,0,0,0,0,242651.96240234375,43032.72998046875,0,404327403520,8589930496,5544919040,114688
10,1791567203217,2500,2500,799,800,799,800,799,800,2499,2499,2500,2500,2499,2500,800,800,0,0,0,0,100,0,0,9.523809432983398,0,0,0,0,0,0,0,0,242652.12005615234,43033.05017089844,0,404327403520,8589930496,5544919040,114688
10,1791567203227,2500,2500,799,800,799,800,799,800,2499,2499,2500,2500,2499,2500,800,800,0,0,0,0,100,0,0,9.523809432983398,0,0,0,0,0,0,0,0,242652.27423095703,43033.37042236328,0,404327403520,8589930496,5544919040,114688
10,1791567203237,2500,2500,799,800,799,800,799,800,2499,2499,2500,2500,2499,2500,800,800,0,0,4.761904716491699,5,100,0,0,5.263157844543457,0,5,0,0,0,0,0,0,242652.42517089844,43033.693115234375,0,404327403520,8589930496,5544919040,114688
10,1791567203247,2500,2500,799,800,799,800,799,800,2499,2499,2500,2500,2499,2500,800,800,0,0,4.761904716491699,5,100,0,0,5.263157844543457,0,5,0,0,0,0,0,0,242652.58361816406,43034.01251220703,0,404327403520,8589930496,5544919040,114688
10,1791567203257,2500,2500,799,800,799,800,799,800,2499,2499,2500,2500,2499,2500,800,800,0,0,4.761904716491699,5,100,0,0,5.263157844543457,0,5,0,0,0,0,0,0,242652.73358154297,43034.329040527344,0,404327403520,8589930496,5544919040,114688
10,1791567203267,2500,2500,799,800,799,800,799,800,2499,2499,2500,2500,2499,2500,800,800,0,0,4.761904716491699,5,100,0,0,5.263157844543457,0,5,0,0,0,0,0,0,242652.8851928711,43034.648376464844,0,404327403520,8589930496,5544919040,114688
10,1791567203277,2500,2500,799,800,799,800,799,800,2499,2499,2500,2500,2499,2500,800,800,0,0,4.761904716491699,5,100,0,0,5.263157844543457,0,5,0,0,0,0,0,0,242653.03607177734,43034.96484375,0,404327403520,8589930496,5544919040,114688
10,1791567203287,2500,2500,799,800,799,800,799,800,2499,2499,2500,2500,2499,2500,800,800,0,0,4.761904716491699,5,100,0,0,5.263157844543457,0,5,0,0,0,0,0,0,242653.19110107422,43035.28381347656,0,404327403520,8589930496,5544919040,114688
10,1791567203297,2500,2500,799,800,799,800,799,800,2499,2499,2500,2500,2499,2500,800,800,0,0,4.761904716491699,5,100,0,0,5.263157844543457,0,5,0,0,0,0,0,0,242653.34313964844,43035.61065673828,0,404327403520,8589930496,5544919040,114688
10,1791567203307,2500,2500,799,800,799,800,799,800,2499,2499,2500,2500,2499,2500,800,800,0,0,4.761904716491699,5,100,0,0,5.263157844543457,0,5,0,0,0,0,0,0,242653.4974975586,43035.927673339844,0,404327403520,8589930496,5544919040,114688
9,1791567203317,2500,2500,799,800,799,800,799,800,2499,2499,2500,2500,2499,2500,800,800,0,0,4.761904716491699,5,100,0,0,5.263157844543457,0,5,0,0,0,0,0,0,242653.66925048828,43036.27947998047,0,404327403520,8589930496,5544919040,114688
10,1791567203327,2500,2500,799,800,799,800,799,800,2499,2499,2500,2500,2499,2500,800,800,0,0,4.761904716491699,5,100,0,0,5.263157844543457,0,5,0,0,0,0,0,0,242653.82342529297,43036.602111816406,0,404327403520,8589930496,5553344512,114688
10,1791567203337,2500,2500,799,800,799,800,799,800,2499,2499,2500,2500,2499,2500,800,800,0,0,4.761904716491699,5,100,0,0,5.263157844543457,0,5,0,0,0,0,0,0,242653.97412109375,43036.91796875,0,404327403520,8589930496,5553344512,114688
10,1791567203347,2500,2500,799,800,799,800,799,800,2499,2499,2500,2500,2499,2500,800,800,0,0,4.761904716491699,5,100,0,0,5.263157844543457,0,5,0,0,0,0,0,0,242654.12701416016,43037.23571777344,0,404327403520,8589930496,5553344512,114688
10,1791567203357,2500,2500,799,800,799,800,799,800,2499,2499,2500,2500,2499,2500,800,800,0,0,4.761904716491699,5,100,0,0,5.263157844543457,0,5,0,0,0,0,0,0,242654.28100585938,43037.557373046875,0,404327403520,8589930496,5553344512,114688
10,1791567203368,2500,2500,799,800,799,800,799,800,2499,2499,2500,2500,2499,2500,800,800,0,0,4.761904716491699,5,100,0,0,5.263157844543457,0,5,0,0,0,0,0,0,242654.43389892578,43037.877502441406,0,404327403520,8589930496,5553344512,114688
10,1791567203378,2500,2500,799,800,799,800,799,800,2499,2499,2500,2500,2499,2500,800,800,0,0,4.761904716491699,5,100,0,0,5.263157844543457,0,5,0,0,0,0,0,0,242654.59057617188,43038.19500732422,0,404327403520,8589930496,5553344512,114688
10,1791567203388,2500,2500,799,800,799,800,799,800,2499,2499,2500,2500,2499,2500,800,800,0,0,4.761904716491699,5,100,0,0,5.263157844543457,0,5,0,0,0,0,0,0,242654.74383544922,43038.51220703125,0,404327403520,8589930496,5553344512,114688
10,1791567203398,2500,2500,799,800,799,800,799,800,2499,2499,2500,2500,2499,2500,800,800,0,0,4.761904716491699,5,100,0,0,5.263157844543457,0,5,0,0,0,0,0,0,242654.90240478516,43038.8310546875,0,404327403520,8589930496,5553344512,114688
10,1791567203408,2500,2500,799,800,799,800,799,800,2499,2499,2500,2500,2499,2500,800,800,0,0,4.761904716491699,5,100,0,0,5.263157844543457,0,5,0,0,0,0,0,0,242655.05987548828,43039.14733886719,0,404327403520,8589930496,5553344512,114688
10,1791567203418,2500,2500,799,800,799,800,799,800,2499,2499,2500,2500,2499,2500,800,800,0,0,4.761904716491699,5,100,0,0,5.263157844543457,0,5,0,0,0,0,0,0,242655.2103881836,43039.46807861328,0,404327403520,8589930496,5553344512,114688
10,1791567203428,2500,2500,799,800,799,800,799,800,2499,2499,2500,2500,2499,2500,800,800,0,0,4.761904716491699,5,100,0,0,5.263157844543457,0,5,0,0,0,0,0,0,242655.3643798828,43039.78759765625,0,404327403520,8589930496,5553344512,114688
10,1791567203438,2500,2500,799,800,799,800,799,800,2499,2499,2500,2500,2499,2500,800,800,5.263157844543457,0,0,0,100,0,0,5,5,0,0,0,0,0,0,0,242655.515625,43040.10479736328,0,404327403520,8589930496,5553344512,114688
10,1791567203448,2500,2500,799,800,799,800,799,800,2499,2499,2500,2500,2499,2500,800,800,5.263157844543457,0,0,0,100,0,0,5,5,0,0,0,0,0,0,0,242655.673828125,43040.423767089844,0,404327403520,8589930496,5553344512,114688
10,1791567203458,2500,2500,799,800,799,800,799,800,2499,2499,2500,2500,2499,2500,800,800,5.263157844543457,0,0,0,100,0,0,5,5,0,0,0,0,0,0,0,242655.82690429688,43040.74621582031,0,404327403520,8589930496,5553344512,114688
10,1791567203468,2500,2500,799,800,799,800,799,800,2499,2499,2500,2500,2499,2500,800,800,5.263157844543457,0,0,0,100,0,0,5,5,0,0,0,0,0,0,0,242655.9819946289,43041.0576171875,0,404327403520,8589930496,5553344512,114688
10,1791567203478,2500,2500,799,800,799,800,799,800,2499,2499,2500,2500,2499,2500,800,800,5.263157844543457,0,0,0,100,0,0,5,5,0,0,0,0,0,0,0,242656.13598632813,43041.379943847656,0,404327403520,8589930496,5553344512,114688
10,1791567203488,2500,2500,799,800,799,800,799,800,2499,2499,2500,2500,2499,2500,800,800,5.263157844543457,0,0,0,100,0,0,5,5,0,0,0,0,0,0,0,242656.28704833984,43041.69464111328,0,404327403520,8589930496,5553344512,114688
9,1791567203498,2500,2500,799,800,799,800,799,800,2499,2499,2500,2500,2499,2500,800,800,5.263157844543457,0,0,0,100,0,0,5,5,0,0,0,0,0,0,0,242656.43774414063,43042.013244628906,0,404327403520,8589930496,5553344512,114688
10,1791567203508,2500,2500,799,800,799,800,799,800,2499,2499,2500,2500,2499,2500,800,800,5.263157844543457,0,0,0,100,0,0,5,5,0,0,0,0,0,0,0,242656.59503173828,43042.333068847656,0,404327403520,8589930496,5553344512,114688
10,1791567203518,2500,2500,799,800,799,800,799,800,2499,2499,2500,2500,2499,2500,800,800,5.263157844543457,0,0,0,100,0,0,5,5,0,0,0,0,0,0,0,242656.7523803711,43042.64453125,0,404327403520,8589930496,5553344512,114688
10,1791567203528,2500,2500,799,800,799,800,799,800,2499,2499,2500,2500,2499,2500,800,800,5.263157844543457,0,0,0,100,0,0,5,5,0,0,0,0,0,0,0,242656.9239501953,43042.991455078125,0,404327403520,8589930496,5553344512,114688
10,1791567203539,2500,2500,799,800,799,800,799,800,2499,2499,2500,2500,2499,2500,800,800,5.263157844543457,0,0,0,100,0,0,5,5,0,0,0,0,0,0,0,242657.0828857422,43043.303283691406,0,404327403520,8589930496,5553344512,114688
10,1791567203549,2500,2500,799,800,799,800,799,800,2499,2499,2500,2500,2499,2500,800,800,5.263157844543457,0,0,0,100,0,0,5,5,0,0,0,0,0,0,0,242657.23962402344,43043.62634277344,0,404327403520,8589930496,5553344512,114688
10,1791567203559,2500,2500,799,800,799,800,799,800,2499,2499,2500,2500,2499,2500,800,800,5.263157844543457,0,0,0,100,0,0,5,5,0,0,0,0,0,0,0,242657.39453125,43043.94744873047,0,404327403520,8589930496,5553344512,114688
10,1791567203569,2500,2500,799,800,799,800,799,800,2499,2499,2500,2500,2499,2500,800,800,5.263157844543457,0,0,0,100,0,0,5,5,0,0,0,0,0,0,0,242657.5487060547,43044.26843261719,0,404327403520,8589930496,5553344512,114688
10,1791567203579,2500,2500,799,800,799,800,799,800,2499,2499,2500,2500,2499,2500,800,800,5.263157844543457,0,0,0,100,0,0,5,5,0,0,0,0,0,0,0,242657.70288085938,43044.55358886719,0,404327403520,8589930496,5553344512,114688
10,1791567203589,2500,2500,799,800,799,800,799,800,2499,2499,2500,2500,2499,2500,800,800,5.263157844543457,0,0,0,100,0,0,5,5,0,0,0,0,0,0,0,242657.8560180664,43044.90563964844,0,404327403520,8589930496,5553344512,114688
10,1791567203599,2500,2500,799,800,799,800,799,800,2499,2499,2500,2500,2499,2500,800,800,5.263157844543457,0,0,0,100,0,0,5,5,0,0,0,0,0,0,0,242658.0112915039,43045.22229003906,0,404327403520,8589930496,5553344512,114688
10,1791567203609,2500,2500,799,800,799,800,799,800,2499,2499,2500,2500,2499,2500,800,800,5.263157844543457,0,0,0,100,0,0,5,5,0,0,0,0,0,0,0,242658.16412353516,43045.538513183594,0,404327403520,8589930496,5553344512,114688
10,1791567203619,2500,2500,799,800,799,800,799,800,2499,2499,2500,2500,2499,2500,800,800,5.263157844543457,0,0,0,100,0,0,5,5,0,0,0,0,0,0,0,242658.31811523438,43045.855224609375,0,404327403520,8589930496,5553344512,114688
9,1791567203629,2500,2500,799,800,799,800,799,800,2499,2499,2500,2500,2499,2500,800,800,5.263157844543457,0,0,0,100,0,0,5,5,0,0,0,0,0,0,0,242658.47229003906,43046.174072265625,0,404327403520,8589930496,5553344512,114688
10,1791567203639,2500,2500,799,800,799,800,799,800,2499,2499,2500,2500,2499,2500,800,800,5,0,0,0,35,66.66667175292969,5,5,0,0,0,0,0,0,0,0,242658.62701416016,43046.49462890625,0,404327403520,8589930496,5553344512,114688
10,1791567203649,2500,2500,799,800,799,800,799,800,2499,2499,2500,2500,2499,2500,800,800,5,0,0,0,35,66.66667175292969,5,5,0,0,0,0,0,0,0,0,242658.78100585938,43046.810119628906,0,404327403520,8589930496,5553344512,114688
9,1791567203659,2500,2500,799,800,799,800,799,800,2499,2499,2500,2500,2499,2500,800,800,5,0,0,0,35,66.66667175292969,5,5,0,0,0,0,0,0,0,0,242658.93334960938,43047.13293457031,0,404327403520,8589930496,5553344512,114688
10,1791567203669,2500,2500,799,800,799,800,799,800,2499,2499,2500,2500,2499,2500,800,800,5,0,0,0,35,66.66667175292969,5,5,0,0,0,0,0,0,0,0,242659.09356689453,43047.457946777344,0,404327403520,8589930496,5553344512,114688
10,1791567203679,2500,2500,799,800,799,800,799,800,2499,2499,2500,2500,2499,2500,800,800,5,0,0,0,35,66.66667175292969,5,5,0,0,0,0,0,0,0,0,242659.24517822266,43047.779357910156,0,404327403520,8589930496,5553344512,114688
9,1791567203689,2500,2500,799,800,799,800,799,800,2499,2499,2500,2500,2499,2500,800,800,5,0,0,0,35,66.66667175292969,5,5,0,0,0,0,0,0,0,0,242659.3930053711,43048.097717285156,0,404327403520,8589930496,5553344512,114688
10,1791567203699,2500,2500,799,800,799,800,799,800,2499,2499,2500,2500,2499,2500,800,800,5,0,0,0,35,66.66667175292969,5,5,0,0,0,0,0,0,0,0,242659.5447998047,43048.420837402344,0,404327403520,8589930496,5553344512,114688
10,1791567203710,2500,2500,799,800,799,800,799,800,2499,2499,2500,2500,2499,2500,800,800,5,0,0,0,35,66.66667175292969,5,5,0,0,0,0,0,0,0,0,242659.6958618164,43048.737548828125,0,404327403520,8589930496,5553344512,114688
10,1791567203720,2500,2500,799,800,799,800,799,800,2499,2499,2500,2500,2499,2500,800,800,5,0,0,0,35,66.66667175292969,5,5,0,0,0,0,0,0,0,0,242659.85021972656,43049.05993652344,0,404327403520,8589930496,5553344512,114688
10,1791567203730,2500,2500,799,800,799,800,799,800,2499,2499,2500,2500,2499,2500,800,800,5,0,0,0,35,66.66667175292969,5,5,0,0,0,0,0,0,0,0,242660.01922607422,43049.383728027344,0,404327403520,8589930496,5553344512,114688
10,1791567203740,2500,2500,799,800,799,800,799,800,2499,2499,2500,2500,2499,2500,800,800,5,0,0,0,35,66.66667175292969,5,5,0,0,0,0,0,0,0,0,242660.16900634766,43049.73645019531,0,404327403520,8589930496,5553344512,114688
10,1791567203750,2500,2500,799,800,799,800,799,800,2499,2499,2500,2500,2499,2500,800,800,5,0,0,0,35,66.66667175292969,5,5,0,0,0,0,0,0,0,0,242660.32354736328,43050.05578613281,0,404327403520,8589930496,5553344512,114688
10,1791567203760,2500,2500,799,800,799,800,799,800,2499,2499,2500,2500,2499,2500,800,800,5,0,0,0,35,66.66667175292969,5,5,0,0,0,0,0,0,0,0,242660.4771118164,43050.37292480469,0,404327403520,8589930496,5553344512,114688
10,1791567203770,2500,2500,799,800,799,800,799,800,2499,2499,2500,2500,2499,2500,800,800,5,0,0,0,35,66.66667175292969,5,5,0,0,0,0,0,0,0,0,242660.62921142578,43050.68524169922,0,404327403520,8589930496,5553344512,114688
10,1791567203780,2500,2500,799,800,799,800,799,800,2499,2499,2500,2500,2499,2500,800,800,5,0,0,0,35,66.66667175292969,5,5,0,0,0,0,0,0,0,0,242660.7855834961,43051.00427246094,0,404327403520,8589930496,5553344512,114688
10,1791567203790,2500,2500,799,800,799,800,799,800,2499,2499,2500,2500,2499,2500,800,800,5,0,0,0,35,66.66667175292969,5,5,0,0,0,0,0,0,0,0,242660.9390258789,43051.32373046875,0,404327403520,8589930496,5553344512,114688
9,1791567203800,2500,2500,799,800,799,800,799,800,2499,2499,2500,2500,2499,2500,800,800,5,0,0,0,35,66.66667175292969,5,5,0,0,0,0,0,0,0,0,242661.0867919922,43051.640869140625,0,404327403520,8589930496,5553344512,114688
10,1791567203810,2500,2500,799,800,799,800,799,800,2499,2499,2500,2500,2499,2500,800,800,5,0,0,0,35,66.66667175292969,5,5,0,0,0,0,0,0,0,0,242661.23712158203,43051.96112060547,0,404327403520,8589930496,5553344512,114688
10,1791567203820,2500,2500,799,800,799,800,799,800,2499,2499,2500,2500,2499,2500,800,800,5,0,0,0,35,66.66667175292969,5,5,0,0,0,0,0,0,0,0,242661.3885498047,43052.28045654297,0,404327403520,8589930496,5553344512,114688
10,1791567203830,2500,2500,799,800,799,800,799,800,2499,2499,2500,2500,2499,2500,800,800,5,0,0,0,35,66.66667175292969,5,5,0,0,0,0,0,0,0,0,242661.54272460938,43052.59802246094,0,404327403520,8589930496,5553344512,114688
10,1791567203840,2500,2500,799,800,799,800,799,800,2499,2499,2500,2500,2499,2500,800,800,5,0,0,0,0,100,0,0,0,0,0,0,0,0,0,0,242661.69506835938,43052.91784667969,0,404327403520,8589930496,5553344512,114688
9,1791567203850,2500,2500,799,800,799,800,799,800,2499,2499,2500,2500,2499,2500,800,800,5,0,0,0,0,100,0,0,0,0,0,0,0,0,0,0,242661.84704589844,43053.2353515625,0,404327403520,8589930496,5553344512,114688
10,1791567203860,2500,2500,799,800,799,800,799,800,2499,2499,2500,2500,2499,2500,800,800,5,0,0,0,0,100,0,0,0,0,0,0,0,0,0,0,242662.00170898438,43053.550720214844,0,404327403520,8589930496,5553344512,114688
9,1791567203871,2500,2500,799,800,799,800,799,800,2499,2499,2500,2500,2499,2500,800,800,5,0,0,0,0,100,0,0,0,0,0,0,0,0,0,0,242662.15716552734,43053.86749267578,0,404327403520,8589930496,5553344512,114688
10,1791567203881,2500,2500,799,800,799,800,799,800,2499,2499,2500,2500,2499,2500,800,800,5,0,0,0,0,100,0,0,0,0,0,0,0,0,0,0,242662.3104248047,43054.18682861328,0,404327403520,8589930496,5553344512,114688
10,1791567203891,2500,2500,799,800,799,800,799,800,2499,2499,2500,2500,2499,2500,800,800,5,0,0,0,0,100,0,0,0,0,0,0,0,0,0,0,242662.45965576172,43054.50177001953,0,404327403520,8589930496,5553344512,114688
10,1791567203901,2500,2500,799,800,799,800,799,800,2499,2499,2500,2500,2499,2500,800,800,5,0,0,0,0,100,0,0,0,0,0,0,0,0,0,0,242662.6121826172,43054.81579589844,0,404327403520,8589930496,5553344512,114688
10,1791567203911,2500,2500,799,800,799,800,799,800,2499,2499,2500,2500,2499,2500,800,800,5,0,0,0,0,100,0,0,0,0,0,0,0,0,0,0,242662.76104736328,43055.13513183594,0,404327403520,8589930496,5553344512,114688
10,1791567203921,2500,2500,799,800,799,800,799,800,2499,2499,2500,2500,2499,2500,800,800,5,0,0,0,0,100,0,0,0,0,0,0,0,0,0,0,242662.91455078125,43055.455139160156,0,404327403520,8589930496,5553344512,114688
10,1791567203931,2500,2500,799,800,799,800,799,800,2499,2499,2500,2500,2499,2500,800,800,5,0,0,0,0,100,0,0,0,0,0,0,0,0,0,0,242663.0654296875,43055.770446777344,0,404327403520,8589930496,5553344512,114688
10,1791567203941,2500,2500,799,800,799,800,799,800,2499,2499,2500,2500,2499,2500,800,800,5,0,0,0,0,100,0,0,0,0,0,0,0,0,0,0,242663.2313232422,43056.11767578125,0,404327403520,8589930496,5553344512,114688
10,1791567203951,2500,2500,799,800,799,800,799,800,2499,2499,2500,2500,2499,2500,800,800,5,0,0,0,0,100,0,0,0,0,0,0,0,0,0,0,242663.38696289063,43056.438049316406,0,404327403520,8589930496,5553344512,114688
9,1791567203961,2500,2500,799,800,799,800,799,800,2499,2499,2500,2500,2499,2500,800,800,5,0,0,0,0,100,0,0,0,0,0,0,0,0,0,0,242663.5386352539,43056.74444580078,0,404327403520,8589930496,5553344512,114688
9,1791567203971,2500,2500,799,800,799,800,799,800,2499,2499,2500,2500,2499,2500,800,800,5,0,0,0,0,100,0,0,0,0,0,0,0,0,0,0,242663.68365478516,43057.06103515625,0,404327403520,8589930496,5553344512,114688
10,1791567203981,2500,2500,799,800,799,800,799,800,2499,2499,2500,2500,2499,2500,800,800,5,0,0,0,0,100,0,0,0,0,0,0,0,0,0,0,242663.83868408203,43057.37634277344,0,404327403520,8589930496,5553344512,114688
10,1791567203991,2500,2500,799,800,799,800,799,800,2499,2499,2500,2500,2499,2500,800,800,5,0,0,0,0,100,0,0,0,0,0,0,0,0,0,0,242663.9893798828,43057.69006347656,0,404327403520,8589930496,5553344512,114688
10,1791567204001,2500,2500,799,800,799,800,799,800,2499,2499,2500,2500,2499,2500,800,800,5,0,0,0,0,100,0,0,0,0,0,0,0,0,0,0,242664.1424560547,43058.002990722656,0,404327403520,8589930496,5553344512,114688
9,1791567204011,2500,2500,799,800,799,800,799,800,2499,2499,2500,2500,2499,2500,800,800,5,0,0,0,0,100,0,0,0,0,0,0,0,0,0,0,242664.29388427734,43058.320251464844,0,404327403520,8589930496,5553344512,114688
9,1791567204021,2500,2500,799,800,799,800,799,800,2499,2499,2500,2500,2499,2500,800,800,5,0,0,0,0,100,0,0,0,0,0,0,0,0,0,0,242664.43969726563,43058.63262939453,0,404327403520,8589930496,5553344512,114688
9,1791567204031,2500,2500,799,800,799,800,799,800,2499,2499,2500,2500,2499,2500,800,800,5,0,0,0,0,100,0,0,0,0,0,0,0,0,0,0,242664.59130859375,43058.949768066406,0,404327403520,8589930496,5553344512,114688
10,1791567204042,2500,2500,799,800,799,800,799,800,2499,2499,2500,2500,2499,2500,800,800,10,0,0,0,78.94737243652344,25,0,0,0,0,0,0,0,0,0,0,242664.74237060547,43059.268981933594,0,404327403520,8589930496,5553344512,114688
10,1791567204052,2500,2500,799,800,799,800,799,800,2499,2499,2500,2500,2499,2500,800,800,10,0,0,0,78.94737243652344,25,0,0,0,0,0,0,0,0,0,0,242664.89544677734,43059.589416503906,0,404327403520,8589930496,5553344512,114688
10,1791567204062,2500,2500,799,800,799,800,799,800,2499,2499,2500,2500,2499,2500,800,800,10,0,0,0,78.94737243652344,25,0,0,0,0,0,0,0,0,0,0,242665.04901123047,43059.90673828125,0,404327403520,8589930496,5553344512,114688
9,1791567204072,2500,2500,799,800,799,800,799,800,2499,2499,2500,2500,2499,2500,800,800,10,0,0,0,78.94737243652344,25,0,0,0,0,0,0,0,0,0,0,242665.19659423828,43060.226135253906,0,404327403520,8589930496,5545086976,114688
9,1791567204082,2500,2500,799,800,799,800,799,800,2499,2499,2500,2500,2499,2500,800,800,10,0,0,0,78.94737243652344,25,0,0,0,0,0,0,0,0,0,0,242665.34857177734,43060.53692626953,0,404327403520,8589930496,5545086976,114688
9,1791567204092,2500,2500,799,800,799,800,799,800,2499,2499,2500,2500,2499,2500,800,800,10,0,0,0,78.94737243652344,25,0,0,0,0,0,0,0,0,0,0,242665.4959716797,43060.85284423828,0,404327403520,8589930496,5545086976,114688
9,1791567204102,2500,2500,799,800,799,800,799,800,2499,2499,2500,2500,2499,2500,800,800,10,0,0,0,78.94737243652344,25,0,0,0,0,0,0,0,0,0,0,242665.6470336914,43061.17559814453,0,404327403520,8589930496,5545086976,114688
10,1791567204112,2500,2500,799,800,799,800,799,800,2499,2499,2500,2500,2499,2500,800,800,10,0,0,0,78.94737243652344,25,0,0,0,0,0,0,0,0,0,0,242665.79260253906,43061.497009277344,0,404327403520,8589930496,5545086976,114688
10,1791567204122,2500,2500,799,800,799,800,799,800,2499,2499,2500,2500,2499,2500,800,800,10,0,0,0,78.94737243652344,25,0,0,0,0,0,0,0,0,0,0,242665.95959472656,43061.847229003906,0,404327403520,8589930496,5545086976,114688
10,1791567204132,2500,2500,799,800,799,800,799,800,2499,2499,2500,2500,2499,2500,800,800,10,0,0,0,78.94737243652344,25,0,0,0,0,0,0,0,0,0,0,242666.1069946289,43062.16357421875,0,404327403520,8589930496,5545086976,114688
9,1791567204142,2500,2500,799,800,799,800,799,800,2499,2499,2500,2500,2499,2500,800,800,10,0,0,0,78.94737243652344,25,0,0,0,0,0,0,0,0,0,0,242666.26300048828,43062.485778808594,0,404327403520,8589930496,5513433088,114688
10,1791567204152,2500,2500,799,800,799,800,799,800,2499,2499,2500,2500,2499,2500,800,800,10,0,0,0,78.94737243652344,25,0,0,0,0,0,0,0,0,0,0,242666.41357421875,43062.802001953125,0,404327403520,8589930496,5513433088,114688
10,1791567204162,2500,2500,799,800,799,800,799,800,2499,2499,2500,2500,2499,2500,800,800,10,0,0,0,78.94737243652344,25,0,0,0,0,0,0,0,0,0,0,242666.56408691406,43063.11749267578,0,404327403520,8589930496,5513433088,114688
10,1791567204172,2500,2500,799,800,799,800,799,800,2499,2499,2500,2500,2499,2500,800,800,10,0,0,0,78.94737243652344,25,0,0,0,0,0,0,0,0,0,0,242666.71868896484,43063.436462402344,0,404327403520,8589930496,5513433088,114688
10,1791567204182,2500,2500,799,800,799,800,799,800,2499,2499,2500,2500,2499,2500,800,800,10,0,0,0,78.94737243652344,25,0,0,0,0,0,0,0,0,0,0,242666.86779785156,43063.75891113281,0,404327403520,8589930496,5513433088,114688
10,1791567204192,2500,2500,799,800,799,800,799,800,2499,2499,2500,2500,2499,2500,800,800,10,0,0,0,78.94737243652344,25,0,0,0,0,0,0,0,0,0,0,242667.01947021484,43064.074768066406,0,404327403520,8589930496,5513433088,114688
10,1791567204202,2500,2500,799,800,799,800,799,800,2499,2499,2500,2500,2499,2500,800,800,10,0,0,0,78.94737243652344,25,0,0,0,0,0,0,0,0,0,0,242667.17010498047,43064.390563964844,0,404327403520,8589930496,5513433088,114688
10,1791567204212,2500,2500,799,800,799,800,799,800,2499,2499,2500,2500,2499,2500,800,800,10,0,0,0,78.94737243652344,25,0,0,0,0,0,0,0,0,0,0,242667.3201904297,43064.70593261719,0,404327403520,8589930496,5513433088,114688
9,1791567204223,2500,2500,799,800,799,800,799,800,2499,2499,2500,2500,2499,2500,800,800,10,0,0,0,78.94737243652344,25,0,0,0,0,0,0,0,0,0,0,242667.4701538086,43065.026306152344,0,404327403520,8589930496,5513433088,114688
10,1791567204233,2500,2500,799,800,799,800,799,800,2499,2499,2500,2500,2499,2500,800,800,10,0,0,0,78.94737243652344,25,0,0,0,0,0,0,0,0,0,0,242667.62384033203,43065.34362792969,0,404327403520,8589930496,5513433088,114688
10,1791567204243,2500,2500,799,800,799,800,799,800,2499,2499,2500,2500,2499,2500,800,800,5,0,0,0,85,5,20,0,0,0,0,0,0,5,0,0,242667.7734375,43065.656982421875,0,404327403520,8589930496,5513433088,114688
10,1791567204253,2500,2500,799,800,799,800,799,800,2499,2499,2500,2500,2499,2500,800,800,5,0,0,0,85,5,20,0,0,0,0,0,0,5,0,0,242667.92071533203,43065.97802734375,0,404327403520,8589930496,5513433088,114688
9,1791567204263,2500,2500,799,800,799,800,799,800,2499,2499,2500,2500,2499,2500,800,800,5,0,0,0,85,5,20,0,0,0,0,0,0,5,0,0,242668.07250976563,43066.28991699219,0,404327403520,8589930496,5513433088,114688
9,1791567204273,2500,2500,799,800,799,800,799,800,2499,2499,2500,2500,2499,2500,800,800,5,0,0,0,85,5,20,0,0,0,0,0,0,5,0,0,242668.22064208984,43066.60607910156,0,404327403520,8589930496,5513433088,114688
9,1791567204283,2500,2500,799,800,799,800,799,800,2499,2499,2500,2500,2499,2500,800,800,5,0,0,0,85,5,20,0,0,0,0,0,0,5,0,0,242668.37335205078,43066.92645263672,0,404327403520,8589930496,5513433088,114688
9,1791567204293,2500,2500,799,800,799,800,799,800,2499,2499,2500,2500,2499,2500,800,800,5,0,0,0,85,5,20,0,0,0,0,0,0,5,0,0,242668.52001953125,43067.245544433594,0,404327403520,8589930496,5513433088,114688
9,1791567204303,2500,2500,799,800,799,800,799,800,2499,2499,2500,2500,2499,2500,800,800,5,0,0,0,85,5,20,0,0,0,0,0,0,5,0,0,242668.66888427734,43067.567932128906,0,404327403520,8589930496,5513433088,114688
9,1791567204313,2500,2500,799,800,799,800,799,800,2499,2499,2500,2500,2499,2500,800,800,5,0,0,0,85,5,20,0,0,0,0,0,0,5,0,0,242668.82287597656,43067.89245605469,0,404327403520,8589930496,5513433088,114688
9,1791567204323,2500,2500,799,800,799,800,799,800,2499,2499,2500,2500,2499,2500,800,800,5,0,0,0,85,5,20,0,0,0,0,0,0,5,0,0,242668.97119140625,43068.211486816406,0,404327403520,8589930496,5513433088,114688
10,1791567204333,2500,2500,799,800,799,800,799,800,2499,2499,2500,2500,2499,2500,800,800,5,0,0,0,85,5,20,0,0,0,0,0,0,5,0,0,242669.1231689453,43068.51971435547,0,404327403520,8589930496,5513433088,114688
10,1791567204343,2500,2500,799,800,799,800,799,800,2499,2499,2500,2500,2499,2500,800,800,5,0,0,0,85,5,20,0,0,0,0,0,0,5,0,0,242669.2744140625,43068.837951660156,0,404327403520,8589930496,5513433088,114688
9,1791567204353,2500,2500,799,800,799,800,799,800,2499,2499,2500,2500,2499,2500,800,800,5,0,0,0,85,5,20,0,0,0,0,0,0,5,0,0,242669.43133544922,43069.15234375,0,404327403520,8589930496,5513433088,114688
10,1791567204363,2500,2500,799,800,799,800,799,800,2499,2499,2500,2500,2499,2500,800,800,5,0,0,0,85,5,20,0,0,0,0,0,0,5,0,0,242669.5831298828,43069.472106933594,0,404327403520,8589930496,5513433088,114688
10,1791567204373,2500,2500,799,800,799,800,799,800,2499,2499,2500,2500,2499,2500,800,800,5,0,0,0,85,5,20,0,0,0,0,0,0,5,0,0,242669.74871826172,43069.81280517578,0,404327403520,8589930496,5513433088,114688
10,1791567204384,2500,2500,799,800,799,800,799,800,2499,2499,2500,2500,2499,2500,800,800,5,0,0,0,85,5,20,0,0,0,0,0,0,5,0,0,242669.88256835938,43070.09094238281,0,404327403520,8589930496,5513433088,114688
9,1791567204394,2500,2500,799,800,799,800,799,800,2499,2499,2500,2500,2499,2500,800,800,5,0,0,0,85,5,20,0,0,0,0,0,0,5,0,0,242670.05047607422,43070.4423828125,0,404327403520,8589930496,5513433088,114688
10,1791567204404,2500,2500,799,800,799,800,799,800,2499,2499,2500,2500,2499,2500,800,800,5,0,0,0,85,5,20,0,0,0,0,0,0,5,0,0,242670.2041015625,43070.75762939453,0,404327403520,8589930496,5513433088,114688
10,1791567204414,2500,2500,799,800,799,800,799,800,2499,2499,2500,2500,2499,2500,800,800,5,0,0,0,85,5,20,0,0,0,0,0,0,5,0,0,242670.3543701172,43071.07403564453,0,404327403520,8589930496,5513433088,114688
10,1791567204424,2500,2500,799,800,799,800,799,800,2499,2499,2500,2500,2499,2500,800,800,5,0,0,0,85,5,20,0,0,0,0,0,0,5,0,0,242670.50006103516,43071.38409423828,0,404327403520,8589930496,5513433088,114688
10,1791567204434,2500,2500,799,800,799,800,799,800,2499,2499,2500,2500,2499,2500,800,800,5,0,0,0,85,5,20,0,0,0,0,0,0,5,0,0,242670.65002441406,43071.706298828125,0,404327403520,8589930496,5513433088,114688
10,1791567204444,2500,2500,799,800,799,800,799,800,2499,2499,2500,2500,2499,2500,800,800,5,0,0,0,0,0,100,0,0,0,0,0,0,0,5,0,242670.79907226563,43072.02520751953,0,404327403520,8589930496,5513433088,114688
9,1791567204454,2500,2500,799,800,799,800,799,800,2499,2499,2500,2500,2499,2500,800,800,5,0,0,0,0,0,100,0,0,0,0,0,0,0,5,0,242670.95489501953,43072.332763671875,0,404327403520,8589930496,5513433088,114688
9,1791567204464,2500,2500,799,800,799,800,799,800,2499,2499,2500,2500,2499,2500,800,800,5,0,0,0,0,0,100,0,0,0,0,0,0,0,5,0,242671.1033935547,43072.64715576172,0,404327403520,8589930496,5513433088,114688
9,1791567204474,2500,2500,799,800,799,800,799,800,2499,2499,2500,2500,2499,2500,800,800,5,0,0,0,0,0,100,0,0,0,0,0,0,0,5,0,242671.25811767578,43072.961669921875,0,404327403520,8589930496,5513433088,114688
9,1791567204484,2500,2500,799,800,799,800,799,800,2499,2499,2500,2500,2499,2500,800,800,5,0,0,0,0,0,100,0,0,0,0,0,0,0,5,0,242671.41021728516,43073.27764892578,0,404327403520,8589930496,5513433088,114688
10,1791567204494,2500,2500,799,800,799,800,799,800,2499,2499,2500,2500,2499,2500,800,800,5,0,0,0,0,0,100,0,0,0,0,0,0,0,5,0,242671.56439208984,43073.59844970703,0,404327403520,8589930496,5513433088,114688
9,1791567204504,2500,2500,799,800,799,800,799,800,2499,2499,2500,2500,2499,2500,800,800,5,0,0,0,0,0,100,0,0,0,0,0,0,0,5,0,242671.712890625,43073.91638183594,0,404327403520,8589930496,5513433088,114688
10,1791567204514,2500,2500,799,800,799,800,799,800,2499,2499,2500,2500,2499,2500,800,800,5,0,0,0,0,0,100,0,0,0,0,0,0,0,5,0,242671.8687133789,43074.223876953125,0,404327403520,8589930496,5513433088,114688
10,1791567204524,2500,2500,799,800,799,800,799,800,2499,2499,2500,2500,2499,2500,800,800,5,0,0,0,0,0,100,0,0,0,0,0,0,0,5,0,242672.02532958984,43074.54089355469,0,404327403520,8589930496,5513433088,114688
10,1791567204534,2500,2500,799,800,799,800,799,800,2499,2499,2500,2500,2499,2500,800,800,5,0,0,0,0,0,100,0,0,0,0,0,0,0,5,0,242672.1767578125,43074.855895996094,0,404327403520,8589930496,5513433088,114688
10,1791567204544,2500,2500,799,800,799,800,799,800,2499,2499,2500,2500,2499,2500,800,800,5,0,0,0,0,0,100,0,0,0,0,0,0,0,5,0,242672.32836914063,43075.17169189453,0,404327403520,8589930496,5513433088,114688
9,1791567204555,2500,2500,799,800,799,800,799,800,2499,2499,2500,2500,2499,2500,800,800,5,0,0,0,0,0,100,0,0,0,0,0,0,0,5,0,242672.4825439453,43075.4892578125,0,404327403520,8589930496,5513433088,114688
10,1791567204565,2500,2500,799,800,799,800,799,800,2499,2499,2500,2500,2499,2500,800,800,5,0,0,0,0,0,100,0,0,0,0,0,0,0,5,0,242672.64971923828,43075.83483886719,0,404327403520,8589930496,5513433088,114688
10,1791567204575,2500,2500,799,800,799,800,799,800,2499,2499,2500,2500,2499,2500,800,800,5,0,0,0,0,0,100,0,0,0,0,0,0,0,5,0,242672.80279541016,43076.146240234375,0,404327403520,8589930496,5513433088,114688
10,1791567204585,2500,2500,799,800,799,800,799,800,2499,2499,2500,2500,2499,2500,800,800,5,0,0,0,0,0,100,0,0,0,0,0,0,0,5,0,242672.95587158203,43076.4609375,0,404327403520,8589930496,5513433088,114688
10,1791567204595,2500,2500,799,800,799,800,799,800,2499,2499,2500,2500,2499,2500,800,800,5,0,0,0,0,0,100,0,0,0,0,0,0,0,5,0,242673.10693359375,43076.77551269531,0,404327403520,8589930496,5513433088,114688
10,1791567204605,2500,2500,799,800,799,800,799,800,2499,2499,2500,2500,2499,2500,800,800,5,0,0,0,0,0,100,0,0,0,0,0,0,0,5,0,242673.2589111328,43077.09295654297,0,404327403520,8589930496,5513433088,114688
10,1791567204615,2500,2500,799,800,799,800,799,800,2499,2499,2500,2500,2499,2500,800,800,5,0,0,0,0,0,100,0,0,0,0,0,0,0,5,0,242673.4125366211,43077.40789794922,0,404327403520,8589930496,5513433088,114688
10,1791567204625,2500,2500,799,800,799,800,799,800,2499,2499,2500,2500,2499,2500,800,800,5,0,0,0,0,0,100,0,0,0,0,0,0,0,5,0,242673.56396484375,43077.72229003906,0,404327403520,8589930496,5513433088,114688
10,1791567204635,2500,2500,799,800,799,800,799,800,2499,2499,2500,2500,2499,2500,800,800,5,0,0,0,0,0,100,0,0,0,0,0,0,0,5,0,242673.72161865234,43078.03259277344,0,404327403520,8589930496,5513433088,114688
9,1791567204645,2500,2500,799,800,799,800,799,800,2499,2499,2500,2500,2499,2500,800,800,10,9.523809432983398,0,0,5,42.105262756347656,57.894737243652344,0,5,0,0,0,0,0,0,0,242673.87579345703,43078.34655761719,0,404327403520,8589930496,5513433088,114688
10,1791567204655,2500,2500,799,800,799,800,799,800,2499,2499,2500,2500,2499,2500,800,800,10,9.523809432983398,0,0,5,42.105262756347656,57.894737243652344,0,5,0,0,0,0,0,0,0,242674.02630615234,43078.662841796875,0,404327403520,8589930496,5513433088,114688
9,1791567204665,2500,2500,799,800,799,800,799,800,2499,2499,2500,2500,2499,2500,800,800,10,9.523809432983398,0,0,5,42.105262756347656,57.894737243652344,0,5,0,0,0,0,0,0,0,242674.17755126953,43078.97790527344,0,404327403520,8589930496,5513433088,114688
10,1791567204675,2500,2500,799,800,799,800,799,800,2499,2499,2500,2500,2499,2500,800,800,10,9.523809432983398,0,0,5,42.105262756347656,57.894737243652344,0,5,0,0,0,0,0,0,0,242674.32843017578,43079.29504394531,0,404327403520,8589930496,5513433088,114688
10,1791567204685,2500,2500,799,800,799,800,799,800,2499,2499,2500,2500,2499,2500,800,800,10,9.523809432983398,0,0,5,42.105262756347656,57.894737243652344,0,5,0,0,0,0,0,0,0,242674.47692871094,43079.612243652344,0,404327403520,8589930496,5513433088,114688
10,1791567204695,2500,2500,799,800,799,800,799,800,2499,2499,2500,2500,2499,2500,800,800,10,9.523809432983398,0,0,5,42.105262756347656,57.894737243652344,0,5,0,0,0,0,0,0,0,242674.6265258789,43079.93103027344,0,404327403520,8589930496,5513433088,114688
10,1791567204705,2500,2500,799,800,799,800,799,800,2499,2499,2500,2500,2499,2500,800,800,10,9.523809432983398,0,0,5,42.105262756347656,57.894737243652344,0,5,0,0,0,0,0,0,0,242674.7759399414,43080.24621582031,0,404327403520,8589930496,5513433088,114688
10,1791567204715,2500,2500,799,800,799,800,799,800,2499,2499,2500,2500,2499,2500,800,800,10,9.523809432983398,0,0,5,42.105262756347656,57.894737243652344,0,5,0,0,0,0,0,0,0,242674.9301147461,43080.561584472656,0,404327403520,8589930496,5513433088,114688
10,1791567204726,2500,2500,799,800,799,800,799,800,2499,2499,2500,2500,2499,2500,800,800,10,9.523809432983398,0,0,5,42.105262756347656,57.894737243652344,0,5,0,0,0,0,0,0,0,242675.08129882813,43080.881103515625,0,404327403520,8589930496,5513433088,114688
9,1791567204736,2500,2500,799,800,799,800,799,800,2499,2499,2500,2500,2499,2500,800,800,10,9.523809432983398,0,0,5,42.105262756347656,57.894737243652344,0,5,0,0,0,0,0,0,0,242675.23052978516,43081.200439453125,0,404327403520,8589930496,5513433088,114688
10,1791567204746,2500,2500,799,800,799,800,799,800,2499,2499,2500,2500,2499,2500,800,800,10,9.523809432983398,0,0,5,42.105262756347656,57.894737243652344,0,5,0,0,0,0,0,0,0,242675.3814086914,43081.51416015625,0,404327403520,8589930496,5513433088,114688
10,1791567204756,2500,2500,799,800,799,800,799,800,2499,2499,2500,2500,2499,2500,800,800,10,9.523809432983398,0,0,5,42.105262756347656,57.894737243652344,0,5,0,0,0,0,0,0,0,242675.53704833984,43081.82409667969,0,404327403520,8589930496,5513433088,114688
10,1791567204766,2500,2500,799,800,799,800,799,800,2499,2499,2500,2500,2499,2500,800,800,10,9.523809432983398,0,0,5,42.105262756347656,57.894737243652344,0,5,0,0,0,0,0,0,0,242675.70532226563,43082.17517089844,0,404327403520,8589930496,5513433088,114688
9,1791567204776,2500,2500,799,800,799,800,799,800,2499,2499,2500,2500,2499,2500,800,800,10,9.523809432983398,0,0,5,42.105262756347656,57.894737243652344,0,5,0,0,0,0,0,0,0,242675.85430908203,43082.489990234375,0,404327403520,8589930496,5513433088,114688
10,1791567204786,2500,2500,799,800,799,800,799,800,2499,2499,2500,2500,2499,2500,800,800,10,9.523809432983398,0,0,5,42.105262756347656,57.894737243652344,0,5,0,0,0,0,0,0,0,242676.00665283203,43082.80731201172,0,404327403520,8589930496,5513433088,114688
10,1791567204796,2500,2500,799,800,799,800,799,800,2499,2499,2500,2500,2499,2500,800,800,10,9.523809432983398,0,0,5,42.105262756347656,57.894737243652344,0,5,0,0,0,0,0,0,0,242676.15991210938,43083.12658691406,0,404327403520,8589930496,5513433088,114688
9,1791567204806,2500,2500,799,800,799,800,799,800,2499,2499,2500,2500,2499,2500,800,800,10,9.523809432983398,0,0,5,42.105262756347656,57.894737243652344,0,5,0,0,0,0,0,0,0,242676.31115722656,43083.440979003906,0,404327403520,8589930496,5513433088,114688
9,1791567204816,2500,2500,799,800,799,800,799,800,2499,2499,2500,2500,2499,2500,800,800,10,9.523809432983398,0,0,5,42.105262756347656,57.894737243652344,0,5,0,0,0,0,0,0,0,242676.45965576172,43083.76141357422,0,404327403520,8589930496,5513433088,114688
9,1791567204826,2500,2500,799,800,799,800,799,800,2499,2499,2500,2500,2499,2500,800,800,10,9.523809432983398,0,0,5,42.105262756347656,57.894737243652344,0,5,0,0,0,0,0,0,0,242676.60723876953,43084.08239746094,0,404327403520,8589930496,5513433088,114688
10,1791567204836,2500,2500,799,800,799,800,799,800,2499,2499,2500,2500,2499,2500,800,800,10,9.523809432983398,0,0,5,42.105262756347656,57.894737243652344,0,5,0,0,0,0,0,0,0,242676.75720214844,43084.40148925781,0,404327403520,8589930496,5513433088,114688
10,1791567204846,2500,2500,799,800,799,800,799,800,2499,2499,2500,2500,2499,2500,800,800,5,0,0,0,0,100,0,0,0,0,0,0,0,0,0,0,242676.90936279297,43084.72424316406,0,404327403520,8589930496,5513433088,114688
10,1791567204856,2500,2500,799,800,799,800,799,800,2499,2499,2500,2500,2499,2500,800,800,5,0,0,0,0,100,0,0,0,0,0,0,0,0,0,0,242677.0655517578,43085.04119873047,0,404327403520,8589930496,5513433088,114688
10,1791567204866,2500,2500,799,800,799,800,799,800,2499,2499,2500,2500,2499,2500,800,800,5,0,0,0,0,100,0,0,0,0,0,0,0,0,0,0,242677.21875,43085.35809326172,0,404327403520,8589930496,5513433088,114688
10,1791567204876,2500,2500,799,800,799,800,799,800,2499,2499,2500,2500,2499,2500,800,800,5,0,0,0,0,100,0,0,0,0,0,0,0,0,0,0,242677.3705444336,43085.66931152344,0,404327403520,8589930496,5513433088,114688
10,1791567204887,2500,2500,799,800,799,800,799,800,2499,2499,2500,2500,2499,2500,800,800,5,0,0,0,0,100,0,0,0,0,0,0,0,0,0,0,242677.5194091797,43085.986755371094,0,404327403520,8589930496,5513433088,114688
10,1791567204897,2500,2500,799,800,799,800,799,800,2499,2499,2500,2500,2499,2500,800,800,5,0,0,0,0,100,0,0,0,0,0,0,0,0,0,0,242677.66845703125,43086.30096435547,0,404327403520,8589930496,5513433088,114688
10,1791567204907,2500,2500,799,800,799,800,799,800,2499,2499,2500,2500,2499,2500,800,800,5,0,0,0,0,100,0,0,0,0,0,0,0,0,0,0,242677.8204345703,43086.63507080078,0,404327403520,8589930496,5513433088,114688
10,1791567204917,2500,2500,799,800,799,800,799,800,2499,2499,2500,2500,2499,2500,800,800,5,0,0,0,0,100,0,0,0,0,0,0,0,0,0,0,242677.96759033203,43086.94952392578,0,404327403520,8589930496,5513433088,114688
10,1791567204927,2500,2500,799,800,799,800,799,800,2499,2499,2500,2500,2499,2500,800,800,5,0,0,0,0,100,0,0,0,0,0,0,0,0,0,0,242678.1156616211,43087.27032470703,0,404327403520,8589930496,5513433088,114688
10,1791567204937,2500,2500,799,800,799,800,799,800,2499,2499,2500,2500,2499,2500,800,800,5,0,0,0,0,100,0,0,0,0,0,0,0,0,0,0,242678.26568603516,43087.583923339844,0,404327403520,8589930496,5513433088,114688
10,1791567204947,2500,2500,799,800,799,800,799,800,2499,2499,2500,2500,2499,2500,800,800,5,0,0,0,0,100,0,0,0,0,0,0,0,0,0,0,242678.41473388672,43087.89855957031,0,404327403520,8589930496,5513433088,114688
10,1791567204957,2500,2500,799,800,799,800,799,800,2499,2499,2500,2500,2499,2500,800,800,5,0,0,0,0,100,0,0,0,0,0,0,0,0,0,0,242678.57971191406,43088.24230957031,0,404327403520,8589930496,5513433088,114688
10,1791567204967,2500,2500,799,800,799,800,799,800,2499,2499,2500,2500,2499,2500,800,800,5,0,0,0,0,100,0,0,0,0,0,0,0,0,0,0,242678.72875976563,43088.55419921875,0,404327403520,8589930496,5513433088,114688
10,1791567204977,2500,2500,799,800,799,800,799,800,2499,2499,2500,2500,2499,2500,800,800,5,0,0,0,0,100,0,0,0,0,0,0,0,0,0,0,242678.8778076172,43088.86999511719,0,404327403520,8589930496,5513433088,114688
9,1791567204987,2500,2500,799,800,799,800,799,800,2499,2499,2500,2500,2499,2500,800,800,5,0,0,0,0,100,0,0,0,0,0,0,0,0,0,0,242679.0259399414,43089.18322753906,0,404327403520,8589930496,5513433088,114688
10,1791567204997,2500,2500,799,800,799,800,799,800,2499,2499,2500,2500,2499,2500,800,800,5,0,0,0,0,100,0,0,0,0,0,0,0,0,0,0,242679.1748046875,43089.492614746094,0,404327403520,8589930496,5513433088,114688
10,1791567205007,2500,2500,799,800,799,800,799,800,2499,2499,2500,2500,2499,2500,800,800,5,0,0,0,0,100,0,0,0,0,0,0,0,0,0,0,242679.32348632813,43089.806701660156,0,404327403520,8589930496,5513433088,114688
10,1791567205017,2500,2500,799,800,799,800,799,800,2499,2499,2500,2500,2499,2500,800,800,5,0,0,0,0,100,0,0,0,0,0,0,0,0,0,0,242679.4727783203,43090.12548828125,0,404327403520,8589930496,5513433088,114688
9,1791567205027,2500,2500,799,800,799,800,799,800,2499,2499,2500,2500,2499,2500,800,800,5,0,0,0,0,100,0,0,0,0,0,0,0,0,0,0,242679.62713623047,43090.44152832031,0,404327403520,8589930496,5513433088,114688
10,1791567205037,2500,2500,799,800,799,800,799,800,2499,2499,2500,2500,2499,2500,800,800,5,0,0,0,0,100,0,0,0,0,0,0,0,0,0,0,242679.77923583984,43090.757568359375,0,404327403520,8589930496,5513433088,114688
10,1791567205047,2500,2500,799,800,799,800,799,800,2499,2499,2500,2500,2499,2500,800,800,5.263157844543457,0,0,0,70,30.000001907348633,0,0,0,0,0,0,0,0,0,0,242679.9259033203,43091.07147216797,0,404327403520,8589930496,5513433088,114688
10,1791567205057,2500,2500,799,800,799,800,799,800,2499,2499,2500,2500,2499,2500,800,800,5.263157844543457,0,0,0,70,30.000001907348633,0,0,0,0,0,0,0,0,0,0,242680.07403564453,43091.385192871094,0,404327403520,8589930496,5513433088,114688
10,1791567205068,2500,2500,799,800,799,800,799,800,2499,2499,2500,2500,2499,2500,800,800,5.263157844543457,0,0,0,70,30.000001907348633,0,0,0,0,0,0,0,0,0,0,242680.22857666016,43091.7041015625,0,404327403520,8589930496,5513433088,114688
10,1791567205078,2500,2500,799,800,799,800,799,800,2499,2499,2500,2500,2499,2500,800,800,5.263157844543457,0,0,0,70,30.000001907348633,0,0,0,0,0,0,0,0,0,0,242680.38220214844,43092.015686035156,0,404327403520,8589930496,5513433088,114688
10,1791567205088,2500,2500,799,800,799,800,799,800,2499,2499,2500,2500,2499,2500,800,800,5.263157844543457,0,0,0,70,30.000001907348633,0,0,0,0,0,0,0,0,0,0,242680.52978515625,43092.33612060547,0,404327403520,8589930496,5513433088,114688
10,1791567205098,2500,2500,799,800,799,800,799,800,2499,2499,2500,2500,2499,2500,800,800,5.263157844543457,0,0,0,70,30.000001907348633,0,0,0,0,0,0,0,0,0,0,242680.68310546875,43092.65283203125,0,404327403520,8589930496,5495070720,114688
10,1791567205108,2500,2500,799,800,799,800,799,800,2499,2499,2500,2500,2499,2500,800,800,5.263157844543457,0,0,0,70,30.000001907348633,0,0,0,0,0,0,0,0,0,0,242680.83654785156,43092.97058105469,0,404327403520,8589930496,5495070720,114688
9,1791567205118,2500,2500,799,800,799,800,799,800,2499,2499,2500,2500,2499,2500,800,800,5.263157844543457,0,0,0,70,30.000001907348633,0,0,0,0,0,0,0,0,0,0,242680.9868774414,43093.279296875,0,404327403520,8589930496,5495070720,114688
10,1791567205128,2500,2500,799,800,799,800,799,800,2499,2499,2500,2500,2499,2500,800,800,5.263157844543457,0,0,0,70,30.000001907348633,0,0,0,0,0,0,0,0,0,0,242681.13702392578,43093.59002685547,0,404327403520,8589930496,5495070720,114688
10,1791567205138,2500,2500,799,800,799,800,799,800,2499,2499,2500,2500,2499,2500,800,800,5.263157844543457,0,0,0,70,30.000001907348633,0,0,0,0,0,0,0,0,0,0,242681.29174804688,43093.902404785156,0,404327403520,8589930496,5495070720,114688
10,1791567205148,2500,2500,799,800,799,800,799,800,2499,2499,2500,2500,2499,2500,800,800,5.263157844543457,0,0,0,70,30.000001907348633,0,0,0,0,0,0,0,0,0,0,242681.4468383789,43094.215270996094,0,404327403520,8589930496,5495070720,114688
9,1791567205158,2500,2500,799,800,799,800,799,800,2499,2499,2500,2500,2499,2500,800,800,5.263157844543457,0,0,0,70,30.000001907348633,0,0,0,0,0,0,0,0,0,0,242681.61138916016,43094.558654785156,0,404327403520,8589930496,5495070720,114688
10,1791567205168,2500,2500,799,800,799,800,799,800,2499,2499,2500,2500,2499,2500,800,800,5.263157844543457,0,0,0,70,30.000001907348633,0,0,0,0,0,0,0,0,0,0,242681.76153564453,43094.88311767578,0,404327403520,8589930496,5483753472,114688
10,1791567205178,2500,2500,799,800,799,800,799,800,2499,2499,2500,2500,2499,2500,800,800,5.263157844543457,0,0,0,70,30.000001907348633,0,0,0,0,0,0,0,0,0,0,242681.91259765625,43095.203125,0,404327403520,8589930496,5483753472,114688
10,1791567205188,2500,2500,799,800,799,800,799,800,2499,2499,2500,2500,2499,2500,800,800,5.263157844543457,0,0,0,70,30.000001907348633,0,0,0,0,0,0,0,0,0,0,242682.06622314453,43095.516052246094,0,404327403520,8589930496,5483753472,114688
10,1791567205198,2500,2500,799,800,799,800,799,800,2499,2499,2500,2500,2499,2500,800,800,5.263157844543457,0,0,0,70,30.000001907348633,0,0,0,0,0,0,0,0,0,0,242682.22064208984,43095.803649902344,0,404327403520,8589930496,5483753472,114688
9,1791567205208,2500,2500,799,800,799,800,799,800,2499,2499,2500,2500,2499,2500,800,800,5.263157844543457,0,0,0,70,30.000001907348633,0,0,0,0,0,0,0,0,0,0,242682.36791992188,43096.14978027344,0,404327403520,8589930496,5483753472,114688
10,1791567205218,2500,2500,799,800,799,800,799,800,2499,2499,2500,2500,2499,2500,800,800,5.263157844543457,0,0,0,70,30.000001907348633,0,0,0,0,0,0,0,0,0,0,242682.51678466797,43096.46081542969,0,404327403520,8589930496,5483753472,114688
10,1791567205228,2500,2500,799,800,799,800,799,800,2499,2499,2500,2500,2499,2500,800,800,5.263157844543457,0,0,0,70,30.000001907348633,0,0,0,0,0,0,0,0,0,0,242682.6704711914,43096.774658203125,0,404327403520,8589930496,5483753472,114688
10,1791567205239,2500,2500,799,800,799,800,799,800,2499,2499,2500,2500,2499,2500,800,800,5.263157844543457,0,0,0,70,30.000001907348633,0,0,0,0,0,0,0,0,0,0,242682.82122802734,43097.09033203125,0,404327403520,8589930496,5483753472,114688
9,1791567205249,2500,2500,799,800,799,800,799,800,2499,2499,2500,2500,2499,2500,800,800,9.523809432983398,0,0,0,100,0,0,0,0,0,0,0,0,0,0,0,242682.97705078125,43097.403259277344,0,404327403520,8589930496,5483753472,114688
10,1791567205259,2500,2500,799,800,799,800,799,800,2499,2499,2500,2500,2499,2500,800,800,9.523809432983398,0,0,0,100,0,0,0,0,0,0,0,0,0,0,0,242683.12811279297,43097.719177246094,0,404327403520,8589930496,5483753472,114688
10,1791567205269,2500,2500,799,800,799,800,799,800,2499,2499,2500,2500,2499,2500,800,800,9.523809432983398,0,0,0,100,0,0,0,0,0,0,0,0,0,0,0,242683.27923583984,43098.033935546875,0,404327403520,8589930496,5483753472,114688
10,1791567205279,2500,2500,799,800,799,800,799,800,2499,2499,2500,2500,2499,2500,800,800,9.523809432983398,0,0,0,100,0,0,0,0,0,0,0,0,0,0,0,242683.42974853516,43098.35137939453,0,404327403520,8589930496,5483753472,114688
10,1791567205289,2500,2500,799,800,799,800,799,800,2499,2499,2500,2500,2499,2500,800,800,9.523809432983398,0,0,0,100,0,0,0,0,0,0,0,0,0,0,0,242683.58111572266,43098.66809082031,0,404327403520,8589930496,5483753472,114688
10,1791567205299,2500,2500,799,800,799,800,799,800,2499,2499,2500,2500,2499,2500,800,800,9.523809432983398,0,0,0,100,0,0,0,0,0,0,0,0,0,0,0,242683.73504638672,43098.981689453125,0,404327403520,8589930496,5483753472,114688
10,1791567205309,2500,2500,799,800,799,800,799,800,2499,2499,2500,2500,2499,2500,800,800,9.523809432983398,0,0,0,100,0,0,0,0,0,0,0,0,0,0,0,242683.8897705078,43099.29425048828,0,404327403520,8589930496,5483753472,114688
10,1791567205319,2500,2500,799,800,799,800,799,800,2499,2499,2500,2500,2499,2500,800,800,9.523809432983398,0,0,0,100,0,0,0,0,0,0,0,0,0,0,0,242684.04376220703,43099.607849121094,0,404327403520,8589930496,5483753472,114688
9,1791567205329,2500,2500,799,800,799,800,799,800,2499,2499,2500,2500,2499,2500,800,800,9.523809432983398,0,0,0,100,0,0,0,0,0,0,0,0,0,0,0,242684.19555664063,43099.933837890625,0,404327403520,8589930496,5483753472,114688
9,1791567205339,2500,2500,799,800,799,800,799,800,2499,2499,2500,2500,2499,2500,800,800,9.523809432983398,0,0,0,100,0,0,0,0,0,0,0,0,0,0,0,242684.3475341797,43100.25311279297,0,404327403520,8589930496,5483753472,114688
10,1791567205349,2500,2500,799,800,799,800,799,800,2499,2499,2500,2500,2499,2500,800,800,9.523809432983398,0,0,0,100,0,0,0,0,0,0,0,0,0,0,0,242684.4966430664,43100.571716308594,0,404327403520,8589930496,5483753472,114688
10,1791567205359,2500,2500,799,800,799,800,799,800,2499,2499,2500,2500,2499,2500,800,800,9.523809432983398,0,0,0,100,0,0,0,0,0,0,0,0,0,0,0,242684.64569091797,43100.89013671875,0,404327403520,8589930496,5483753472,114688
10,1791567205369,2500,2500,799,800,799,800,799,800,2499,2499,2500,2500,2499,2500,800,800,9.523809432983398,0,0,0,100,0,0,0,0,0,0,0,0,0,0,0,242684.79583740234,43101.20526123047,0,404327403520,8589930496,5483753472,114688
10,1791567205379,2500,2500,799,800,799,800,799,800,2499,2499,2500,2500,2499,2500,800,800,9.523809432983398,0,0,0,100,0,0,0,0,0,0,0,0,0,0,0,242684.95861816406,43101.556640625,0,404327403520,8589930496,5483753472,114688
10,1791567205389,2500,2500,799,800,799,800,799,800,2499,2499,2500,2500,2499,2500,800,800,9.523809432983398,0,0,0,100,0,0,0,0,0,0,0,0,0,0,0,242685.11004638672,43101.87646484375,0,404327403520,8589930496,5483753472,114688
10,1791567205400,2500,2500,799,800,799,800,799,800,2499,2499,2500,2500,2499,2500,800,800,9.523809432983398,0,0,0,100,0,0,0,0,0,0,0,0,0,0,0,242685.26428222656,43102.20166015625,0,404327403520,8589930496,5483753472,114688
9,1791567205410,2500,2500,799,800,799,800,799,800,2499,2499,2500,2500,2499,2500,800,800,9.523809432983398,0,0,0,100,0,0,0,0,0,0,0,0,0,0,0,242685.4135131836,43102.515686035156,0,404327403520,8589930496,5483753472,114688
10,1791567205420,2500,2500,799,800,799,800,799,800,2499,2499,2500,2500,2499,2500,800,800,9.523809432983398,0,0,0,100,0,0,0,0,0,0,0,0,0,0,0,242685.5693359375,43102.833740234375,0,404327403520,8589930496,5483753472,114688
9,1791567205430,2500,2500,799,800,799,800,799,800,2499,2499,2500,2500,2499,2500,800,800,9.523809432983398,0,0,0,100,0,0,0,0,0,0,0,0,0,0,0,242685.7240600586,43103.15588378906,0,404327403520,8589930496,5483753472,114688
10,1791567205440,2500,2500,799,800,799,800,799,800,2499,2499,2500,2500,2499,2500,800,800,9.523809432983398,0,0,0,100,0,0,0,0,0,0,0,0,0,0,0,242685.88262939453,43103.468811035156,0,404327403520,8589930496,5483753472,114688
9,1791567205450,2500,2500,799,800,799,800,799,800,2499,2499,2500,2500,2499,2500,800,800,5,0,0,0,100,0,0,0,0,0,0,0,0,0,0,0,242686.03790283203,43103.796325683594,0,404327403520,8589930496,5483753472,114688
9,1791567205460,2500,2500,799,800,799,800,799,800,2499,2499,2500,2500,2499,2500,800,800,5,0,0,0,100,0,0,0,0,0,0,0,0,0,0,0,242686.19311523438,43104.10461425781,0,404327403520,8589930496,5483753472,114688
9,1791567205470,2500,2500,799,800,799,800,799,800,2499,2499,2500,2500,2499,2500,800,800,5,0,0,0,100,0,0,0,0,0,0,0,0,0,0,0,242686.34399414063,43104.4287109375,0,404327403520,8589930496,5483753472,114688
9,1791567205480,2500,2500,799,800,799,800,799,800,2499,2499,2500,2500,2499,2500,800,800,5,0,0,0,100,0,0,0,0,0,0,0,0,0,0,0,242686.49871826172,43104.74560546875,0,404327403520,8589930496,5483753472,114688
10,1791567205490,2500,2500,799,800,799,800,799,800,2499,2499,2500,2500,2499,2500,800,800,5,0,0,0,100,0,0,0,0,0,0,0,0,0,0,0,242686.65161132813,43105.06237792969,0,404327403520,8589930496,5483753472,114688
9,1791567205500,2500,2500,799,800,799,800,799,800,2499,2499,2500,2500,2499,2500,800,800,5,0,0,0,100,0,0,0,0,0,0,0,0,0,0,0,242686.810546875,43105.37860107422,0,404327403520,8589930496,5483753472,114688
9,1791567205510,2500,2500,799,800,799,800,799,800,2499,2499,2500,2500,2499,2500,800,800,5,0,0,0,100,0,0,0,0,0,0,0,0,0,0,0,242686.97735595703,43105.72332763672,0,404327403520,8589930496,5483753472,114688
9,1791567205520,2500,2500,799,800,799,800,799,800,2499,2499,2500,2500,2499,2500,800,800,5,0,0,0,100,0,0,0,0,0,0,0,0,0,0,0,242687.11505126953,43106.01379394531,0,404327403520,8589930496,5483753472,114688
9,1791567205531,2500,2500,799,800,799,800,799,800,2499,2499,2500,2500,2499,2500,800,800,5,0,0,0,100,0,0,0,0,0,0,0,0,0,0,0,242687.27221679688,43106.33117675781,0,404327403520,8589930496,5483753472,114688
9,1791567205541,2500,2500,799,800,799,800,799,800,2499,2499,2500,2500,2499,2500,800,800,5,0,0,0,100,0,0,0,0,0,0,0,0,0,0,0,242687.43811035156,43106.67639160156,0,404327403520,8589930496,5483753472,114688
9,1791567205551,2500,2500,799,800,799,800,799,800,2499,2499,2500,2500,2499,2500,800,800,5,0,0,0,100,0,0,0,0,0,0,0,0,0,0,0,242687.59008789063,43106.99493408203,0,404327403520,8589930496,5483753472,114688
9,1791567205561,2500,2500,799,800,799,800,799,800,2499,2499,2500,2500,2499,2500,800,800,5,0,0,0,100,0,0,0,0,0,0,0,0,0,0,0,242687.74353027344,43107.30987548828,0,404327403520,8589930496,5483753472,114688
9,1791567205571,2500,2500,799,800,799,800,799,800,2499,2499,2500,2500,2499,2500,800,800,5,0,0,0,100,0,0,0,0,0,0,0,0,0,0,0,242687.89697265625,43107.632080078125,0,404327403520,8589930496,5483753472,114688
9,1791567205581,2500,2500,799,800,799,800,799,800,2499,2499,2500,2500,2499,2500,800,800,5,0,0,0,100,0,0,0,0,0,0,0,0,0,0,0,242688.05352783203,43107.950744628906,0,404327403520,8589930496,5483753472,114688
9,1791567205591,2500,2500,799,800,799,800,799,800,2499,2499,2500,2500,2499,2500,800,800,5,0,0,0,100,0,0,0,0,0,0,0,0,0,0,0,242688.2130126953,43108.26818847656,0,404327403520,8589930496,5483753472,114688
9,1791567205601,2500,2500,799,800,799,800,799,800,2499,2499,2500,2500,2499,2500,800,800,5,0,0,0,100,0,0,0,0,0,0,0,0,0,0,0,242688.37322998047,43108.587646484375,0,404327403520,8589930496,5483753472,114688
9,1791567205611,2500,2500,799,800,799,800,799,800,2499,2499,2500,2500,2499,2500,800,800,5,0,0,0,100,0,0,0,0,0,0,0,0,0,0,0,242688.5219116211,43108.90771484375,0,404327403520,8589930496,5483753472,114688
10,1791567205621,2500,2500,799,800,799,800,799,800,2499,2499,2500,2500,2499,2500,800,800,5,0,0,0,100,0,0,0,0,0,0,0,0,0,0,0,242688.6801147461,43109.22137451172,0,404327403520,8589930496,5483753472,114688
9,1791567205631,2500,2500,799,800,799,800,799,800,2499,2499,2500,2500,2499,2500,800,800,5,0,0,0,100,0,0,0,0,0,0,0,0,0,0,0,242688.8289794922,43109.53955078125,0,404327403520,8589930496,5483753472,114688
9,1791567205641,2500,2500,799,800,799,800,799,800,2499,2499,2500,2500,2499,2500,800,800,5,0,0,0,100,0,0,0,0,0,0,0,0,0,0,0,242688.98168945313,43109.86163330078,0,404327403520,8589930496,5483753472,114688
9,1791567205651,2500,2500,799,800,799,800,799,800,2499,2499,2500,2500,2499,2500,800,800,10,0,0,0,100,0,0,0,0,0,0,0,0,0,0,0,242689.1333618164,43110.1845703125,0,404327403520,8589930496,5483753472,114688
9,1791567205662,2500,2500,799,800,799,800,799,800,2499,2499,2500,2500,2499,2500,800,800,10,0,0,0,100,0,0,0,0,0,0,0,0,0,0,0,242689.2979736328,43110.53155517578,0,404327403520,8589930496,5442121728,114688
9,1791567205672,2500,2500,799,800,799,800,799,800,2499,2499,2500,2500,2499,2500,800,800,10,0,0,0,100,0,0,0,0,0,0,0,0,0,0,0,242689.4423828125,43110.853942871094,0,404327403520,8589930496,5404344320,114688
0,1791567205682,2500,2500,799,800,799,800,799,800,2499,2499,2500,2500,2499,2500,800,800,10,0,0,0,100,0,0,0,0,0,0,0,0,0,0,0,242689.6005859375,43111.19415283203,0,404327403520,8589930496,5404344320,114688
