Delta,Time,CPU_FREQUENCY_0,CPU_FREQUENCY_1,CPU_FREQUENCY_10,CPU_FREQUENCY_11,CPU_FREQUENCY_12,CPU_FREQUENCY_13,CPU_FREQUENCY_14,CPU_FREQUENCY_15,CPU_FREQUENCY_2,CPU_FREQUENCY_3,CPU_FREQUENCY_4,CPU_FREQUENCY_5,CPU_FREQUENCY_6,CPU_FREQUENCY_7,CPU_FREQUENCY_8,CPU_FREQUENCY_9,CPU_USAGE_0,CPU_USAGE_1,CPU_USAGE_10,CPU_USAGE_11,CPU_USAGE_12,CPU_USAGE_13,CPU_USAGE_14,CPU_USAGE_15,CPU_USAGE_2,CPU_USAGE_3,CPU_USAGE_4,CPU_USAGE_5,CPU_USAGE_6,CPU_USAGE_7,CPU_USAGE_8,CPU_USAGE_9,DRAM_ENERGY (J),PACKAGE_ENERGY (J),PP0_ENERGY (J),TOTAL_MEMORY,TOTAL_SWAP,USED_MEMORY,USED_SWAP
0,1791566445988,2500,2500,800,800,800,800,799,800,2499,2500,2500,2500,2500,2499,800,799,4,3.846153974533081,0,0,4,0,0,8,0,7.407407283782959,0,0,0,4,4.1666669845581055,0,231093.28973388672,17549.037170410156,0,404327403520,8589930496,5194846208,114688
10,1791566445988,2500,2500,800,800,800,800,799,800,2499,2500,2500,2500,2500,2499,800,799,4,3.846153974533081,0,0,4,0,0,8,0,7.407407283782959,0,0,0,4,4.1666669845581055,0,231093.3038330078,17549.07000732422,0,404327403520,8589930496,5194846208,114688
9,1791566445998,2500,2500,800,800,800,800,799,800,2499,2500,2500,2500,2500,2499,800,799,4,3.846153974533081,0,0,4,0,0,8,0,7.407407283782959,0,0,0,4,4.1666669845581055,0,231093.4493408203,17549.446228027344,0,404327403520,8589930496,5194846208,114688
9,1791566446009,2500,2500,800,800,800,800,799,800,2499,2500,2500,2500,2500,2499,800,799,4,3.846153974533081,0,0,4,0,0,8,0,7.407407283782959,0,0,0,4,4.1666669845581055,0,231093.6053466797,17549.82305908203,0,404327403520,8589930496,5194846208,114688
9,1791566446019,2500,2500,800,800,800,800,799,800,2499,2500,2500,2500,2500,2499,800,799,4,3.846153974533081,0,0,4,0,0,8,0,7.407407283782959,0,0,0,4,4.1666669845581055,0,231093.75512695313,17550.20184326172,0,404327403520,8589930496,5194846208,114688
9,1791566446029,2500,2500,800,800,800,800,799,800,2499,2500,2500,2500,2500,2499,800,799,4,3.846153974533081,0,0,4,0,0,8,0,7.407407283782959,0,0,0,4,4.1666669845581055,0,231093.90692138672,17550.580993652344,0,404327403520,8589930496,5194846208,114688
10,1791566446039,2500,2500,800,800,800,800,799,800,2499,2500,2500,2500,2500,2499,800,799,4,3.846153974533081,0,0,4,0,0,8,0,7.407407283782959,0,0,0,4,4.1666669845581055,0,231094.0570678711,17550.9560546875,0,404327403520,8589930496,5194846208,114688
9,1791566446049,2500,2500,800,800,800,800,799,800,2499,2500,2500,2500,2500,2499,800,799,4,3.846153974533081,0,0,4,0,0,8,0,7.407407283782959,0,0,0,4,4.1666669845581055,0,231094.21771240234,17551.33416748047,0,404327403520,8589930496,5194846208,114688
9,1791566446059,2500,2500,800,800,800,800,799,800,2499,2500,2500,2500,2500,2499,800,799,4,3.846153974533081,0,0,4,0,0,8,0,7.407407283782959,0,0,0,4,4.1666669845581055,0,231094.37231445313,17551.71124267578,0,404327403520,8589930496,5194846208,114688
10,1791566446069,2500,2500,800,800,800,800,799,800,2499,2500,2500,2500,2500,2499,800,799,4,3.846153974533081,0,0,4,0,0,8,0,7.407407283782959,0,0,0,4,4.1666669845581055,0,231094.5287475586,17552.089599609375,0,404327403520,8589930496,5194846208,114688
9,1791566446079,2500,2500,800,800,800,800,799,800,2499,2500,2500,2500,2500,2499,800,799,4,3.846153974533081,0,0,4,0,0,8,0,7.407407283782959,0,0,0,4,4.1666669845581055,0,231094.68096923828,17552.465209960938,0,404327403520,8589930496,5194846208,114688
10,1791566446089,2500,2500,800,800,800,800,799,800,2499,2500,2500,2500,2500,2499,800,799,4,3.846153974533081,0,0,4,0,0,8,0,7.407407283782959,0,0,0,4,4.1666669845581055,0,231094.83709716797,17552.840759277344,0,404327403520,8589930496,5197324288,114688
9,1791566446099,2500,2500,800,800,800,800,799,800,2499,2500,2500,2500,2500,2499,800,799,4,3.846153974533081,0,0,4,0,0,8,0,7.407407283782959,0,0,0,4,4.1666669845581055,0,231095.0008544922,17553.254943847656,0,404327403520,8589930496,5200793600,114688
9,1791566446109,2500,2500,800,800,800,800,799,800,2499,2500,2500,2500,2500,2499,800,799,4,3.846153974533081,0,0,4,0,0,8,0,7.407407283782959,0,0,0,4,4.1666669845581055,0,231095.15045166016,17553.63250732422,0,404327403520,8589930496,5200793600,114688
9,1791566446119,2500,2500,800,800,800,800,799,800,2499,2500,2500,2500,2500,2499,800,799,4,3.846153974533081,0,0,4,0,0,8,0,7.407407283782959,0,0,0,4,4.1666669845581055,0,231095.30242919922,17554.01092529297,0,404327403520,8589930496,5187063808,114688
9,1791566446129,2500,2500,800,800,800,800,799,800,2499,2500,2500,2500,2500,2499,800,799,4,3.846153974533081,0,0,4,0,0,8,0,7.407407283782959,0,0,0,4,4.1666669845581055,0,231095.45654296875,17554.389709472656,0,404327403520,8589930496,5181636608,114688
9,1791566446140,2500,2500,800,800,800,800,799,800,2499,2500,2500,2500,2500,2499,800,799,4,3.846153974533081,0,0,4,0,0,8,0,7.407407283782959,0,0,0,4,4.1666669845581055,0,231095.60650634766,17554.76788330078,0,404327403520,8589930496,5181636608,114688
9,1791566446150,2500,2500,800,800,800,800,799,800,2499,2500,2500,2500,2500,2499,800,799,4,3.846153974533081,0,0,4,0,0,8,0,7.407407283782959,0,0,0,4,4.1666669845581055,0,231095.75811767578,17555.144165039063,0,404327403520,8589930496,5185601536,114688
9,1791566446160,2500,2500,800,800,800,800,799,800,2499,2500,2500,2500,2500,2499,800,799,4,3.846153974533081,0,0,4,0,0,8,0,7.407407283782959,0,0,0,4,4.1666669845581055,0,231095.9126586914,17555.52069091797,0,404327403520,8589930496,5185601536,114688
9,1791566446170,2500,2500,800,800,800,800,799,800,2499,2500,2500,2500,2500,2499,800,799,4,3.846153974533081,0,0,4,0,0,8,0,7.407407283782959,0,0,0,4,4.1666669845581055,0,231096.06591796875,17555.902954101563,0,404327403520,8589930496,5185601536,114688
9,1791566446180,2500,2500,800,800,800,800,799,800,2499,2500,2500,2500,2500,2499,800,799,4,3.846153974533081,0,0,4,0,0,8,0,7.407407283782959,0,0,0,4,4.1666669845581055,0,231096.21923828125,17556.28076171875,0,404327403520,8589930496,5185601536,114688
9,1791566446190,2500,2500,800,800,800,800,799,800,2499,2500,2500,2500,2500,2499,800,799,21.052631378173828,15.789472579956055,5,0,0,0,0,5.263157844543457,55,0,10,0,0,0,5,0,231096.37133789063,17556.661254882813,0,404327403520,8589930496,5185601536,114688
9,1791566446200,2500,2500,800,800,800,800,799,800,2499,2500,2500,2500,2500,2499,800,799,21.052631378173828,15.789472579956055,5,0,0,0,0,5.263157844543457,55,0,10,0,0,0,5,0,231096.5297241211,17557.04071044922,0,404327403520,8589930496,5185601536,114688
9,1791566446210,2500,2500,800,800,800,800,799,800,2499,2500,2500,2500,2500,2499,800,799,21.052631378173828,15.789472579956055,5,0,0,0,0,5.263157844543457,55,0,10,0,0,0,5,0,231096.68463134766,17557.383850097656,0,404327403520,8589930496,5194457088,114688
10,1791566446220,2500,2500,800,800,800,800,799,800,2499,2500,2500,2500,2500,2499,800,799,21.052631378173828,15.789472579956055,5,0,0,0,0,5.263157844543457,55,0,10,0,0,0,5,0,231096.83642578125,17557.707580566406,0,404327403520,8589930496,5194457088,114688
10,1791566446230,2500,2500,800,800,800,800,799,800,2499,2500,2500,2500,2500,2499,800,799,21.052631378173828,15.789472579956055,5,0,0,0,0,5.263157844543457,55,0,10,0,0,0,5,0,231096.98876953125,17558.03271484375,0,404327403520,8589930496,5194457088,114688
9,1791566446240,2500,2500,800,800,800,800,799,800,2499,2500,2500,2500,2500,2499,800,799,21.052631378173828,15.789472579956055,5,0,0,0,0,5.263157844543457,55,0,10,0,0,0,5,0,231097.1385498047,17558.358764648438,0,404327403520,8589930496,5194457088,114688
10,1791566446250,2500,2500,800,800,800,800,799,800,2499,2500,2500,2500,2500,2499,800,799,21.052631378173828,15.789472579956055,5,0,0,0,0,5.263157844543457,55,0,10,0,0,0,5,0,231097.28924560547,17558.684020996094,0,404327403520,8589930496,5194457088,114688
10,1791566446260,2500,2500,800,800,800,800,799,800,2499,2500,2500,2500,2500,2499,800,799,21.052631378173828,15.789472579956055,5,0,0,0,0,5.263157844543457,55,0,10,0,0,0,5,0,231097.44177246094,17559.00750732422,0,404327403520,8589930496,5194457088,114688
10,1791566446270,2500,2500,800,800,800,800,799,800,2499,2500,2500,2500,2500,2499,800,799,21.052631378173828,15.789472579956055,5,0,0,0,0,5.263157844543457,55,0,10,0,0,0,5,0,231097.59228515625,17559.333984375,0,404327403520,8589930496,5194457088,114688
10,1791566446280,2500,2500,800,800,800,800,799,800,2499,2500,2500,2500,2500,2499,800,799,21.052631378173828,15.789472579956055,5,0,0,0,0,5.263157844543457,55,0,10,0,0,0,5,0,231097.75457763672,17559.686462402344,0,404327403520,8589930496,5194457088,114688
9,1791566446290,2500,2500,800,800,800,800,799,800,2499,2500,2500,2500,2500,2499,800,799,21.052631378173828,15.789472579956055,5,0,0,0,0,5.263157844543457,55,0,10,0,0,0,5,0,231097.90362548828,17560.012451171875,0,404327403520,8589930496,5194457088,114688
10,1791566446300,2500,2500,800,800,800,800,799,800,2499,2500,2500,2500,2500,2499,800,799,21.052631378173828,15.789472579956055,5,0,0,0,0,5.263157844543457,55,0,10,0,0,0,5,0,231098.0535888672,17560.338500976563,0,404327403520,8589930496,5194457088,114688
10,1791566446311,2500,2500,800,800,800,800,799,800,2499,2500,2500,2500,2500,2499,800,799,21.052631378173828,15.789472579956055,5,0,0,0,0,5.263157844543457,55,0,10,0,0,0,5,0,231098.20611572266,17560.666870117188,0,404327403520,8589930496,5194457088,114688
10,1791566446321,2500,2500,800,800,800,800,799,800,2499,2500,2500,2500,2500,2499,800,799,21.052631378173828,15.789472579956055,5,0,0,0,0,5.263157844543457,55,0,10,0,0,0,5,0,231098.3553466797,17560.988220214844,0,404327403520,8589930496,5194457088,114688
10,1791566446331,2500,2500,800,800,800,800,799,800,2499,2500,2500,2500,2500,2499,800,799,21.052631378173828,15.789472579956055,5,0,0,0,0,5.263157844543457,55,0,10,0,0,0,5,0,231098.51202392578,17561.30908203125,0,404327403520,8589930496,5194457088,114688
10,1791566446341,2500,2500,800,800,800,800,799,800,2499,2500,2500,2500,2500,2499,800,799,21.052631378173828,15.789472579956055,5,0,0,0,0,5.263157844543457,55,0,10,0,0,0,5,0,231098.66387939453,17561.63623046875,0,404327403520,8589930496,5194457088,114688
10,1791566446351,2500,2500,800,800,800,800,799,800,2499,2500,2500,2500,2500,2499,800,799,21.052631378173828,15.789472579956055,5,0,0,0,0,5.263157844543457,55,0,10,0,0,0,5,0,231098.8169555664,17561.959716796875,0,404327403520,8589930496,5194457088,114688
10,1791566446361,2500,2500,800,800,800,800,799,800,2499,2500,2500,2500,2500,2499,800,799,21.052631378173828,15.789472579956055,5,0,0,0,0,5.263157844543457,55,0,10,0,0,0,5,0,231098.96545410156,17562.28143310547,0,404327403520,8589930496,5194457088,114688
10,1791566446371,2500,2500,800,800,800,800,799,800,2499,2500,2500,2500,2500,2499,800,799,21.052631378173828,15.789472579956055,5,0,0,0,0,5.263157844543457,55,0,10,0,0,0,5,0,231099.11248779297,17562.605224609375,0,404327403520,8589930496,5194457088,114688
10,1791566446381,2500,2500,800,800,800,800,799,800,2499,2500,2500,2500,2500,2499,800,799,21.052631378173828,15.789472579956055,5,0,0,0,0,5.263157844543457,55,0,10,0,0,0,5,0,231099.2646484375,17562.92742919922,0,404327403520,8589930496,5194457088,114688
10,1791566446391,2500,2500,800,800,800,800,799,800,2499,2500,2500,2500,2500,2499,800,799,5,5,5,0,0,0,0,95,0,0,0,0,0,0,5,0,231099.41815185547,17563.24920654297,0,404327403520,8589930496,5194457088,114688
10,1791566446401,2500,2500,800,800,800,800,799,800,2499,2500,2500,2500,2500,2499,800,799,5,5,5,0,0,0,0,95,0,0,0,0,0,0,5,0,231099.57177734375,17563.574340820313,0,404327403520,8589930496,5194457088,114688
9,1791566446411,2500,2500,800,800,800,800,799,800,2499,2500,2500,2500,2500,2499,800,799,5,5,5,0,0,0,0,95,0,0,0,0,0,0,5,0,231099.72296142578,17563.896911621094,0,404327403520,8589930496,5194457088,114688
10,1791566446421,2500,2500,800,800,800,800,799,800,2499,2500,2500,2500,2500,2499,800,799,5,5,5,0,0,0,0,95,0,0,0,0,0,0,5,0,231099.86907958984,17564.220275878906,0,404327403520,8589930496,5194457088,114688
10,1791566446431,2500,2500,800,800,800,800,799,800,2499,2500,2500,2500,2500,2499,800,799,5,5,5,0,0,0,0,95,0,0,0,0,0,0,5,0,231100.017578125,17564.54217529297,0,404327403520,8589930496,5194457088,114688
10,1791566446441,2500,2500,800,800,800,800,799,800,2499,2500,2500,2500,2500,2499,800,799,5,5,5,0,0,0,0,95,0,0,0,0,0,0,5,0,231100.1640625,17564.862670898438,0,404327403520,8589930496,5194457088,114688
10,1791566446451,2500,2500,800,800,800,800,799,800,2499,2500,2500,2500,2500,2499,800,799,5,5,5,0,0,0,0,95,0,0,0,0,0,0,5,0,231100.31274414063,17565.1826171875,0,404327403520,8589930496,5194457088,114688
9,1791566446461,2500,2500,800,800,800,800,799,800,2499,2500,2500,2500,2500,2499,800,799,5,5,5,0,0,0,0,95,0,0,0,0,0,0,5,0,231100.46069335938,17565.502197265625,0,404327403520,8589930496,5194457088,114688
10,1791566446471,2500,2500,800,800,800,800,799,800,2499,2500,2500,2500,2500,2499,800,799,5,5,5,0,0,0,0,95,0,0,0,0,0,0,5,0,231100.60736083984,17565.825073242188,0,404327403520,8589930496,5194457088,114688
10,1791566446481,2500,2500,800,800,800,800,799,800,2499,2500,2500,2500,2500,2499,800,799,5,5,5,0,0,0,0,95,0,0,0,0,0,0,5,0,231100.76165771484,17566.146362304688,0,404327403520,8589930496,5194457088,114688
10,1791566446492,2500,2500,800,800,800,800,799,800,2499,2500,2500,2500,2500,2499,800,799,5,5,5,0,0,0,0,95,0,0,0,0,0,0,5,0,231100.91326904297,17566.467651367188,0,404327403520,8589930496,5194457088,114688
10,1791566446502,2500,2500,800,800,800,800,799,800,2499,2500,2500,2500,2500,2499,800,799,5,5,5,0,0,0,0,95,0,0,0,0,0,0,5,0,231101.08374023438,17566.8193359375,0,404327403520,8589930496,5194457088,114688
10,1791566446512,2500,2500,800,800,800,800,799,800,2499,2500,2500,2500,2500,2499,800,799,5,5,5,0,0,0,0,95,0,0,0,0,0,0,5,0,231101.2377319336,17567.148376464844,0,404327403520,8589930496,5194457088,114688
10,1791566446522,2500,2500,800,800,800,800,799,800,2499,2500,2500,2500,2500,2499,800,799,5,5,5,0,0,0,0,95,0,0,0,0,0,0,5,0,231101.38916015625,17567.472534179688,0,404327403520,8589930496,5194457088,114688
10,1791566446532,2500,2500,800,800,800,800,799,800,2499,2500,2500,2500,2500,2499,800,799,5,5,5,0,0,0,0,95,0,0,0,0,0,0,5,0,231101.54333496094,17567.795471191406,0,404327403520,8589930496,5194457088,114688
10,1791566446542,2500,2500,800,800,800,800,799,800,2499,2500,2500,2500,2500,2499,800,799,5,5,5,0,0,0,0,95,0,0,0,0,0,0,5,0,231101.69604492188,17568.121337890625,0,404327403520,8589930496,5194457088,114688
10,1791566446552,2500,2500,800,800,800,800,799,800,2499,2500,2500,2500,2500,2499,800,799,5,5,5,0,0,0,0,95,0,0,0,0,0,0,5,0,231101.84790039063,17568.446044921875,0,404327403520,8589930496,5194457088,114688
10,1791566446562,2500,2500,800,800,800,800,799,800,2499,2500,2500,2500,2500,2499,800,799,5,5,5,0,0,0,0,95,0,0,0,0,0,0,5,0,231101.99713134766,17568.77081298828,0,404327403520,8589930496,5194457088,114688
10,1791566446572,2500,2500,800,800,800,800,799,800,2499,2500,2500,2500,2500,2499,800,799,5,5,5,0,0,0,0,95,0,0,0,0,0,0,5,0,231102.14965820313,17569.100341796875,0,404327403520,8589930496,5194457088,114688
9,1791566446582,2500,2500,800,800,800,800,799,800,2499,2500,2500,2500,2500,2499,800,799,5,5,5,0,0,0,0,95,0,0,0,0,0,0,5,0,231102.29711914063,17569.419372558594,0,404327403520,8589930496,5194457088,114688
10,1791566446592,2500,2500,800,800,800,800,799,800,2499,2500,2500,2500,2500,2499,800,799,0,5,0,0,0,0,0,100,0,0,0,0,0,0,0,0,231102.4443359375,17569.748657226563,0,404327403520,8589930496,5194457088,114688
10,1791566446602,2500,2500,800,800,800,800,799,800,2499,2500,2500,2500,2500,2499,800,799,0,5,0,0,0,0,0,100,0,0,0,0,0,0,0,0,231102.5965576172,17570.071044921875,0,404327403520,8589930496,5194457088,114688
10,1791566446612,2500,2500,800,800,800,800,799,800,2499,2500,2500,2500,2500,2499,800,799,0,5,0,0,0,0,0,100,0,0,0,0,0,0,0,0,231102.74725341797,17570.395874023438,0,404327403520,8589930496,5194457088,114688
10,1791566446622,2500,2500,800,800,800,800,799,800,2499,2500,2500,2500,2500,2499,800,799,0,5,0,0,0,0,0,100,0,0,0,0,0,0,0,0,231102.8975830078,17570.71661376953,0,404327403520,8589930496,5194457088,114688
10,1791566446632,2500,2500,800,800,800,800,799,800,2499,2500,2500,2500,2500,2499,800,799,0,5,0,0,0,0,0,100,0,0,0,0,0,0,0,0,231103.0493774414,17571.04296875,0,404327403520,8589930496,5194457088,114688
10,1791566446642,2500,2500,800,800,800,800,799,800,2499,2500,2500,2500,2500,2499,800,799,0,5,0,0,0,0,0,100,0,0,0,0,0,0,0,0,231103.1953125,17571.371154785156,0,404327403520,8589930496,5194457088,114688
10,1791566446652,2500,2500,800,800,800,800,799,800,2499,2500,2500,2500,2500,2499,800,799,0,5,0,0,0,0,0,100,0,0,0,0,0,0,0,0,231103.3452758789,17571.695556640625,0,404327403520,8589930496,5194457088,114688
9,1791566446663,2500,2500,800,800,800,800,799,800,2499,2500,2500,2500,2500,2499,800,799,0,5,0,0,0,0,0,100,0,0,0,0,0,0,0,0,231103.49505615234,17572.0185546875,0,404327403520,8589930496,5194457088,114688
10,1791566446673,2500,2500,800,800,800,800,799,800,2499,2500,2500,2500,2500,2499,800,799,0,5,0,0,0,0,0,100,0,0,0,0,0,0,0,0,231103.64392089844,17572.341796875,0,404327403520,8589930496,5194457088,114688
10,1791566446683,2500,2500,800,800,800,800,799,800,2499,2500,2500,2500,2500,2499,800,799,0,5,0,0,0,0,0,100,0,0,0,0,0,0,0,0,231103.79119873047,17572.664978027344,0,404327403520,8589930496,5194457088,114688
10,1791566446693,2500,2500,800,800,800,800,799,800,2499,2500,2500,2500,2500,2499,800,799,0,5,0,0,0,0,0,100,0,0,0,0,0,0,0,0,231103.93969726563,17572.99920654297,0,404327403520,8589930496,5194457088,114688
10,1791566446703,2500,2500,800,800,800,800,799,800,2499,2500,2500,2500,2500,2499,800,799,0,5,0,0,0,0,0,100,0,0,0,0,0,0,0,0,231104.09020996094,17573.319885253906,0,404327403520,8589930496,5194457088,114688
10,1791566446713,2500,2500,800,800,800,800,799,800,2499,2500,2500,2500,2500,2499,800,799,0,5,0,0,0,0,0,100,0,0,0,0,0,0,0,0,231104.24279785156,17573.644104003906,0,404327403520,8589930496,5194457088,114688
10,1791566446723,2500,2500,800,800,800,800,799,800,2499,2500,2500,2500,2500,2499,800,799,0,5,0,0,0,0,0,100,0,0,0,0,0,0,0,0,231104.41040039063,17574.006103515625,0,404327403520,8589930496,5194457088,114688
10,1791566446733,2500,2500,800,800,800,800,799,800,2499,2500,2500,2500,2500,2499,800,799,0,5,0,0,0,0,0,100,0,0,0,0,0,0,0,0,231104.56127929688,17574.33319091797,0,404327403520,8589930496,5194457088,114688
10,1791566446743,2500,2500,800,800,800,800,799,800,2499,2500,2500,2500,2500,2499,800,799,0,5,0,0,0,0,0,100,0,0,0,0,0,0,0,0,231104.71801757813,17574.656982421875,0,404327403520,8589930496,5194457088,114688
10,1791566446753,2500,2500,800,800,800,800,799,800,2499,2500,2500,2500,2500,2499,800,799,0,5,0,0,0,0,0,100,0,0,0,0,0,0,0,0,231104.8740234375,17574.981994628906,0,404327403520,8589930496,5194457088,114688
10,1791566446763,2500,2500,800,800,800,800,799,800,2499,2500,2500,2500,2500,2499,800,799,0,5,0,0,0,0,0,100,0,0,0,0,0,0,0,0,231105.02569580078,17575.30487060547,0,404327403520,8589930496,5194457088,114688
10,1791566446773,2500,2500,800,800,800,800,799,800,2499,2500,2500,2500,2500,2499,800,799,0,5,0,0,0,0,0,100,0,0,0,0,0,0,0,0,231105.17834472656,17575.631469726563,0,404327403520,8589930496,5194457088,114688
10,1791566446783,2500,2500,800,800,800,800,799,800,2499,2500,2500,2500,2500,2499,800,799,0,5,0,0,0,0,0,100,0,0,0,0,0,0,0,0,231105.32818603516,17575.954833984375,0,404327403520,8589930496,5194457088,114688
10,1791566446793,2500,2500,800,800,800,800,799,800,2499,2500,2500,2500,2500,2499,800,799,0,0,0,0,0,0,0,100,9.523809432983398,0,0,0,0,0,0,0,231105.48217773438,17576.276123046875,0,404327403520,8589930496,5194457088,114688
10,1791566446803,2500,2500,800,800,800,800,799,800,2499,2500,2500,2500,2500,2499,800,799,0,0,0,0,0,0,0,100,9.523809432983398,0,0,0,0,0,0,0,231105.6332397461,17576.599243164063,0,404327403520,8589930496,5194457088,114688
10,1791566446813,2500,2500,800,800,800,800,799,800,2499,2500,2500,2500,2500,2499,800,799,0,0,0,0,0,0,0,100,9.523809432983398,0,0,0,0,0,0,0,231105.7908935547,17576.92041015625,0,404327403520,8589930496,5194457088,114688
10,1791566446823,2500,2500,800,800,800,800,799,800,2499,2500,2500,2500,2500,2499,800,799,0,0,0,0,0,0,0,100,9.523809432983398,0,0,0,0,0,0,0,231105.93939208984,17577.24560546875,0,404327403520,8589930496,5194457088,114688
10,1791566446834,2500,2500,800,800,800,800,799,800,2499,2500,2500,2500,2500,2499,800,799,0,0,0,0,0,0,0,100,9.523809432983398,0,0,0,0,0,0,0,231106.09393310547,17577.565551757813,0,404327403520,8589930496,5194457088,114688
10,1791566446844,2500,2500,800,800,800,800,799,800,2499,2500,2500,2500,2500,2499,800,799,0,0,0,0,0,0,0,100,9.523809432983398,0,0,0,0,0,0,0,231106.24395751953,17577.888793945313,0,404327403520,8589930496,5194457088,114688
10,1791566446854,2500,2500,800,800,800,800,799,800,2499,2500,2500,2500,2500,2499,800,799,0,0,0,0,0,0,0,100,9.523809432983398,0,0,0,0,0,0,0,231106.39337158203,17578.210510253906,0,404327403520,8589930496,5194457088,114688
9,1791566446864,2500,2500,800,800,800,800,799,800,2499,2500,2500,2500,2500,2499,800,799,0,0,0,0,0,0,0,100,9.523809432983398,0,0,0,0,0,0,0,231106.54663085938,17578.529235839844,0,404327403520,8589930496,5194457088,114688
10,1791566446874,2500,2500,800,800,800,800,799,800,2499,2500,2500,2500,2500,2499,800,799,0,0,0,0,0,0,0,100,9.523809432983398,0,0,0,0,0,0,0,231106.69689941406,17578.847534179688,0,404327403520,8589930496,5194457088,114688
10,1791566446884,2500,2500,800,800,800,800,799,800,2499,2500,2500,2500,2500,2499,800,799,0,0,0,0,0,0,0,100,9.523809432983398,0,0,0,0,0,0,0,231106.84393310547,17579.166931152344,0,404327403520,8589930496,5194457088,114688
10,1791566446894,2500,2500,800,800,800,800,799,800,2499,2500,2500,2500,2500,2499,800,799,0,0,0,0,0,0,0,100,9.523809432983398,0,0,0,0,0,0,0,231106.9926147461,17579.486877441406,0,404327403520,8589930496,5194457088,114688
10,1791566446904,2500,2500,800,800,800,800,799,800,2499,2500,2500,2500,2500,2499,800,799,0,0,0,0,0,0,0,100,9.523809432983398,0,0,0,0,0,0,0,231107.15502929688,17579.81201171875,0,404327403520,8589930496,5194457088,114688
10,1791566446914,2500,2500,800,800,800,800,799,800,2499,2500,2500,2500,2500,2499,800,799,0,0,0,0,0,0,0,100,9.523809432983398,0,0,0,0,0,0,0,231107.28930664063,17580.129821777344,0,404327403520,8589930496,5194457088,114688
10,1791566446924,2500,2500,800,800,800,800,799,800,2499,2500,2500,2500,2500,2499,800,799,0,0,0,0,0,0,0,100,9.523809432983398,0,0,0,0,0,0,0,231107.45343017578,17580.48602294922,0,404327403520,8589930496,5194457088,114688
10,1791566446934,2500,2500,800,800,800,800,799,800,2499,2500,2500,2500,2500,2499,800,799,0,0,0,0,0,0,0,100,9.523809432983398,0,0,0,0,0,0,0,231107.60028076172,17580.810668945313,0,404327403520,8589930496,5194457088,114688
10,1791566446944,2500,2500,800,800,800,800,799,800,2499,2500,2500,2500,2500,2499,800,799,0,0,0,0,0,0,0,100,9.523809432983398,0,0,0,0,0,0,0,231107.7474975586,17581.13592529297,0,404327403520,8589930496,5194457088,114688
10,1791566446954,2500,2500,800,800,800,800,799,800,2499,2500,2500,2500,2500,2499,800,799,0,0,0,0,0,0,0,100,9.523809432983398,0,0,0,0,0,0,0,231107.8916015625,17581.458374023438,0,404327403520,8589930496,5194457088,114688
10,1791566446964,2500,2500,800,800,800,800,799,800,2499,2500,2500,2500,2500,2499,800,799,0,0,0,0,0,0,0,100,9.523809432983398,0,0,0,0,0,0,0,231108.04174804688,17581.780212402344,0,404327403520,8589930496,5194457088,114688
10,1791566446974,2500,2500,800,800,800,800,799,800,2499,2500,2500,2500,2500,2499,800,799,0,0,0,0,0,0,0,100,9.523809432983398,0,0,0,0,0,0,0,231108.19299316406,17582.10076904297,0,404327403520,8589930496,5194457088,114688
10,1791566446984,2500,2500,800,800,800,800,799,800,2499,2500,2500,2500,2500,2499,800,799,0,0,0,0,0,0,0,100,9.523809432983398,0,0,0,0,0,0,0,231108.34594726563,17582.423461914063,0,404327403520,8589930496,5194457088,114688
10,1791566446994,2500,2500,800,800,800,800,799,800,2499,2500,2500,2500,2500,2499,800,799,0,5,0,0,0,0,0,100,0,0,0,0,0,0,0,0,231108.49774169922,17582.747924804688,0,404327403520,8589930496,5194457088,114688
10,1791566447005,2500,2500,800,800,800,800,799,800,2499,2500,2500,2500,2500,2499,800,799,0,5,0,0,0,0,0,100,0,0,0,0,0,0,0,0,231108.6431274414,17583.070739746094,0,404327403520,8589930496,5194457088,114688
10,1791566447015,2500,2500,800,800,800,800,799,800,2499,2500,2500,2500,2500,2499,800,799,0,5,0,0,0,0,0,100,0,0,0,0,0,0,0,0,231108.7914428711,17583.3955078125,0,404327403520,8589930496,5194457088,114688
10,1791566447025,2500,2500,800,800,800,800,799,800,2499,2500,2500,2500,2500,2499,800,799,0,5,0,0,0,0,0,100,0,0,0,0,0,0,0,0,231108.94104003906,17583.714782714844,0,404327403520,8589930496,5194457088,114688
10,1791566447035,2500,2500,800,800,800,800,799,800,2499,2500,2500,2500,2500,2499,800,799,0,5,0,0,0,0,0,100,0,0,0,0,0,0,0,0,231109.08923339844,17584.033569335938,0,404327403520,8589930496,5194457088,114688
10,1791566447045,2500,2500,800,800,800,800,799,800,2499,2500,2500,2500,2500,2499,800,799,0,5,0,0,0,0,0,100,0,0,0,0,0,0,0,0,231109.24285888672,17584.35693359375,0,404327403520,8589930496,5194457088,114688
9,1791566447055,2500,2500,800,800,800,800,799,800,2499,2500,2500,2500,2500,2499,800,799,0,5,0,0,0,0,0,100,0,0,0,0,0,0,0,0,231109.38787841797,17584.680603027344,0,404327403520,8589930496,5194457088,114688
10,1791566447065,2500,2500,800,800,800,800,799,800,2499,2500,2500,2500,2500,2499,800,799,0,5,0,0,0,0,0,100,0,0,0,0,0,0,0,0,231109.54376220703,17585.00567626953,0,404327403520,8589930496,5194457088,114688
10,1791566447075,2500,2500,800,800,800,800,799,800,2499,2500,2500,2500,2500,2499,800,799,0,5,0,0,0,0,0,100,0,0,0,0,0,0,0,0,231109.69677734375,17585.33074951172,0,404327403520,8589930496,5194457088,114688
10,1791566447085,2500,2500,800,800,800,800,799,800,2499,2500,2500,2500,2500,2499,800,799,0,5,0,0,0,0,0,100,0,0,0,0,0,0,0,0,231109.84564208984,17585.65350341797,0,404327403520,8589930496,5194682368,114688
10,1791566447095,2500,2500,800,800,800,800,799,800,2499,2500,2500,2500,2500,2499,800,799,0,5,0,0,0,0,0,100,0,0,0,0,0,0,0,0,231109.99493408203,17585.971618652344,0,404327403520,8589930496,5194682368,114688
10,1791566447105,2500,2500,800,800,800,800,799,800,2499,2500,2500,2500,2500,2499,800,799,0,5,0,0,0,0,0,100,0,0,0,0,0,0,0,0,231110.14587402344,17586.304931640625,0,404327403520,8589930496,5194682368,114688
10,1791566447115,2500,2500,800,800,800,800,799,800,2499,2500,2500,2500,2500,2499,800,799,0,5,0,0,0,0,0,100,0,0,0,0,0,0,0,0,231110.29626464844,17586.626586914063,0,404327403520,8589930496,5194682368,114688
10,1791566447125,2500,2500,800,800,800,800,799,800,2499,2500,2500,2500,2500,2499,800,799,0,5,0,0,0,0,0,100,0,0,0,0,0,0,0,0,231110.4652709961,17586.950134277344,0,404327403520,8589930496,5194682368,114688
10,1791566447135,2500,2500,800,800,800,800,799,800,2499,2500,2500,2500,2500,2499,800,799,0,5,0,0,0,0,0,100,0,0,0,0,0,0,0,0,231110.61834716797,17587.30340576172,0,404327403520,8589930496,5194682368,114688
10,1791566447145,2500,2500,800,800,800,800,799,800,2499,2500,2500,2500,2500,2499,800,799,0,5,0,0,0,0,0,100,0,0,0,0,0,0,0,0,231110.76739501953,17587.638305664063,0,404327403520,8589930496,5184700416,114688
10,1791566447155,2500,2500,800,800,800,800,799,800,2499,2500,2500,2500,2500,2499,800,799,0,5,0,0,0,0,0,100,0,0,0,0,0,0,0,0,231110.92291259766,17587.963745117188,0,404327403520,8589930496,5184700416,114688
10,1791566447165,2500,2500,800,800,800,800,799,800,2499,2500,2500,2500,2500,2499,800,799,0,5,0,0,0,0,0,100,0,0,0,0,0,0,0,0,231111.06805419922,17588.28369140625,0,404327403520,8589930496,5184700416,114688
10,1791566447176,2500,2500,800,800,800,800,799,800,2499,2500,2500,2500,2500,2499,800,799,0,5,0,0,0,0,0,100,0,0,0,0,0,0,0,0,231111.22033691406,17588.6083984375,0,404327403520,8589930496,5184700416,114688
10,1791566447186,2500,2500,800,800,800,800,799,800,2499,2500,2500,2500,2500,2499,800,799,0,5,0,0,0,0,0,100,0,0,0,0,0,0,0,0,231111.3719482422,17588.930541992188,0,404327403520,8589930496,5184700416,114688
10,1791566447196,2500,2500,800,800,800,800,799,800,2499,2500,2500,2500,2500,2499,800,799,10,0,0,0,0,0,0,100,0,0,0,5,0,0,0,0,231111.525390625,17589.256408691406,0,404327403520,8589930496,5184700416,114688
10,1791566447206,2500,2500,800,800,800,800,799,800,2499,2500,2500,2500,2500,2499,800,799,10,0,0,0,0,0,0,100,0,0,0,5,0,0,0,0,231111.67608642578,17589.57891845703,0,404327403520,8589930496,5184700416,114688
10,1791566447216,2500,2500,800,800,800,800,799,800,2499,2500,2500,2500,2500,2499,800,799,10,0,0,0,0,0,0,100,0,0,0,5,0,0,0,0,231111.82830810547,17589.906188964844,0,404327403520,8589930496,5184700416,114688
10,1791566447226,2500,2500,800,800,800,800,799,800,2499,2500,2500,2500,2500,2499,800,799,10,0,0,0,0,0,0,100,0,0,0,5,0,0,0,0,231111.9819946289,17590.22637939453,0,404327403520,8589930496,5184700416,114688
10,1791566447236,2500,2500,800,800,800,800,799,800,2499,2500,2500,2500,2500,2499,800,799,10,0,0,0,0,0,0,100,0,0,0,5,0,0,0,0,231112.13342285156,17590.552490234375,0,404327403520,8589930496,5184700416,114688
10,1791566447246,2500,2500,800,800,800,800,799,800,2499,2500,2500,2500,2500,2499,800,799,10,0,0,0,0,0,0,100,0,0,0,5,0,0,0,0,231112.2908935547,17590.876037597656,0,404327403520,8589930496,5184700416,114688
9,1791566447256,2500,2500,800,800,800,800,799,800,2499,2500,2500,2500,2500,2499,800,799,10,0,0,0,0,0,0,100,0,0,0,5,0,0,0,0,231112.4443359375,17591.2021484375,0,404327403520,8589930496,5184700416,114688
10,1791566447266,2500,2500,800,800,800,800,799,800,2499,2500,2500,2500,2500,2499,800,799,10,0,0,0,0,0,0,100,0,0,0,5,0,0,0,0,231112.59594726563,17591.525268554688,0,404327403520,8589930496,5184700416,114688
10,1791566447276,2500,2500,800,800,800,800,799,800,2499,2500,2500,2500,2500,2499,800,799,10,0,0,0,0,0,0,100,0,0,0,5,0,0,0,0,231112.7490234375,17591.850463867188,0,404327403520,8589930496,5184700416,114688
10,1791566447286,2500,2500,800,800,800,800,799,800,2499,2500,2500,2500,2500,2499,800,799,10,0,0,0,0,0,0,100,0,0,0,5,0,0,0,0,231112.8995361328,17592.174438476563,0,404327403520,8589930496,5184700416,114688
10,1791566447296,2500,2500,800,800,800,800,799,800,2499,2500,2500,2500,2500,2499,800,799,10,0,0,0,0,0,0,100,0,0,0,5,0,0,0,0,231113.04986572266,17592.497680664063,0,404327403520,8589930496,5188169728,114688
10,1791566447306,2500,2500,800,800,800,800,799,800,2499,2500,2500,2500,2500,2499,800,799,10,0,0,0,0,0,0,100,0,0,0,5,0,0,0,0,231113.20458984375,17592.821166992188,0,404327403520,8589930496,5188169728,114688
10,1791566447316,2500,2500,800,800,800,800,799,800,2499,2500,2500,2500,2500,2499,800,799,10,0,0,0,0,0,0,100,0,0,0,5,0,0,0,0,231113.3543701172,17593.14227294922,0,404327403520,8589930496,5192630272,114688
10,1791566447326,2500,2500,800,800,800,800,799,800,2499,2500,2500,2500,2500,2499,800,799,10,0,0,0,0,0,0,100,0,0,0,5,0,0,0,0,231113.49975585938,17593.467041015625,0,404327403520,8589930496,5192630272,114688
10,1791566447336,2500,2500,800,800,800,800,799,800,2499,2500,2500,2500,2500,2499,800,799,10,0,0,0,0,0,0,100,0,0,0,5,0,0,0,0,231113.67260742188,17593.82244873047,0,404327403520,8589930496,5200560128,114688
10,1791566447347,2500,2500,800,800,800,800,799,800,2499,2500,2500,2500,2500,2499,800,799,10,0,0,0,0,0,0,100,0,0,0,5,0,0,0,0,231113.82733154297,17594.147216796875,0,404327403520,8589930496,5200560128,114688
10,1791566447357,2500,2500,800,800,800,800,799,800,2499,2500,2500,2500,2500,2499,800,799,10,0,0,0,0,0,0,100,0,0,0,5,0,0,0,0,231113.97802734375,17594.471801757813,0,404327403520,8589930496,5200560128,114688
10,1791566447367,2500,2500,800,800,800,800,799,800,2499,2500,2500,2500,2500,2499,800,799,10,0,0,0,0,0,0,100,0,0,0,5,0,0,0,0,231114.12561035156,17594.79736328125,0,404327403520,8589930496,5200560128,114688
10,1791566447377,2500,2500,800,800,800,800,799,800,2499,2500,2500,2500,2500,2499,800,799,10,0,0,0,0,0,0,100,0,0,0,5,0,0,0,0,231114.28143310547,17595.120727539063,0,404327403520,8589930496,5200560128,114688
10,1791566447387,2500,2500,800,800,800,800,799,800,2499,2500,2500,2500,2500,2499,800,799,10,0,0,0,0,0,0,100,0,0,0,5,0,0,0,0,231114.42779541016,17595.411193847656,0,404327403520,8589930496,5208985600,114688
10,1791566447397,2500,2500,800,800,800,800,799,800,2499,2500,2500,2500,2500,2499,800,799,0,0,0,0,0,0,4.761904716491699,100,5,5,0,0,0,0,0,0,231114.57720947266,17595.76708984375,0,404327403520,8589930496,5208985600,114688
10,1791566447407,2500,2500,800,800,800,800,799,800,2499,2500,2500,2500,2500,2499,800,799,0,0,0,0,0,0,4.761904716491699,100,5,5,0,0,0,0,0,0,231114.7308959961,17596.088806152344,0,404327403520,8589930496,5208985600,114688
10,1791566447417,2500,2500,800,800,800,800,799,800,2499,2500,2500,2500,2500,2499,800,799,0,0,0,0,0,0,4.761904716491699,100,5,5,0,0,0,0,0,0,231114.88342285156,17596.41015625,0,404327403520,8589930496,5208985600,114688
10,1791566447427,2500,2500,800,800,800,800,799,800,2499,2500,2500,2500,2500,2499,800,799,0,0,0,0,0,0,4.761904716491699,100,5,5,0,0,0,0,0,0,231115.0355834961,17596.73516845703,0,404327403520,8589930496,5217411072,114688
10,1791566447437,2500,2500,800,800,800,800,799,800,2499,2500,2500,2500,2500,2499,800,799,0,0,0,0,0,0,4.761904716491699,100,5,5,0,0,0,0,0,0,231115.18518066406,17597.05987548828,0,404327403520,8589930496,5217411072,114688
10,1791566447447,2500,2500,800,800,800,800,799,800,2499,2500,2500,2500,2500,2499,800,799,0,0,0,0,0,0,4.761904716491699,100,5,5,0,0,0,0,0,0,231115.3359375,17597.382263183594,0,404327403520,8589930496,5217411072,114688
9,1791566447457,2500,2500,800,800,800,800,799,800,2499,2500,2500,2500,2500,2499,800,799,0,0,0,0,0,0,4.761904716491699,100,5,5,0,0,0,0,0,0,231115.49084472656,17597.704528808594,0,404327403520,8589930496,5217411072,114688
10,1791566447467,2500,2500,800,800,800,800,799,800,2499,2500,2500,2500,2500,2499,800,799,0,0,0,0,0,0,4.761904716491699,100,5,5,0,0,0,0,0,0,231115.64428710938,17598.029907226563,0,404327403520,8589930496,5217411072,114688
10,1791566447477,2500,2500,800,800,800,800,799,800,2499,2500,2500,2500,2500,2499,800,799,0,0,0,0,0,0,4.761904716491699,100,5,5,0,0,0,0,0,0,231115.80029296875,17598.35174560547,0,404327403520,8589930496,5233766400,114688
10,1791566447487,2500,2500,800,800,800,800,799,800,2499,2500,2500,2500,2500,2499,800,799,0,0,0,0,0,0,4.761904716491699,100,5,5,0,0,0,0,0,0,231115.95703125,17598.6787109375,0,404327403520,8589930496,5233766400,114688
10,1791566447497,2500,2500,800,800,800,800,799,800,2499,2500,2500,2500,2500,2499,800,799,0,0,0,0,0,0,4.761904716491699,100,5,5,0,0,0,0,0,0,231116.11486816406,17599.00360107422,0,404327403520,8589930496,5233766400,114688
10,1791566447507,2500,2500,800,800,800,800,799,800,2499,2500,2500,2500,2500,2499,800,799,0,0,0,0,0,0,4.761904716491699,100,5,5,0,0,0,0,0,0,231116.2734375,17599.326110839844,0,404327403520,8589930496,5233766400,114688
10,1791566447518,2500,2500,800,800,800,800,799,800,2499,2500,2500,2500,2500,2499,800,799,0,0,0,0,0,0,4.761904716491699,100,5,5,0,0,0,0,0,0,231116.4252319336,17599.65118408203,0,404327403520,8589930496,5233766400,114688
10,1791566447528,2500,2500,800,800,800,800,799,800,2499,2500,2500,2500,2500,2499,800,799,0,0,0,0,0,0,4.761904716491699,100,5,5,0,0,0,0,0,0,231116.57611083984,17599.979736328125,0,404327403520,8589930496,5242191872,114688
10,1791566447538,2500,2500,800,800,800,800,799,800,2499,2500,2500,2500,2500,2499,800,799,0,0,0,0,0,0,4.761904716491699,100,5,5,0,0,0,0,0,0,231116.7296142578,17600.305419921875,0,404327403520,8589930496,5242191872,114688
10,1791566447548,2500,2500,800,800,800,800,799,800,2499,2500,2500,2500,2500,2499,800,799,0,0,0,0,0,0,4.761904716491699,100,5,5,0,0,0,0,0,0,231116.90466308594,17600.658935546875,0,404327403520,8589930496,5242191872,114688
10,1791566447558,2500,2500,800,800,800,800,799,800,2499,2500,2500,2500,2500,2499,800,799,0,0,0,0,0,0,4.761904716491699,100,5,5,0,0,0,0,0,0,231117.04748535156,17600.955200195313,0,404327403520,8589930496,5242191872,114688
10,1791566447568,2500,2500,800,800,800,800,799,800,2499,2500,2500,2500,2500,2499,800,799,0,0,0,0,0,0,4.761904716491699,100,5,5,0,0,0,0,0,0,231117.19744873047,17601.278076171875,0,404327403520,8589930496,5250121728,114688
10,1791566447578,2500,2500,800,800,800,800,799,800,2499,2500,2500,2500,2500,2499,800,799,0,0,0,0,0,0,4.761904716491699,100,5,5,0,0,0,0,0,0,231117.3638305664,17601.607971191406,0,404327403520,8589930496,5250121728,114688
10,1791566447588,2500,2500,800,800,800,800,799,800,2499,2500,2500,2500,2500,2499,800,799,0,0,0,0,0,0,4.761904716491699,100,5,5,0,0,0,0,0,0,231117.51361083984,17601.965454101563,0,404327403520,8589930496,5250121728,114688
10,1791566447598,2500,2500,800,800,800,800,799,800,2499,2500,2500,2500,2500,2499,800,799,0,5,9.523809432983398,0,0,0,0,100,0,0,0,0,5,0,0,5,231117.6729736328,17602.28515625,0,404327403520,8589930496,5250121728,114688
10,1791566447608,2500,2500,800,800,800,800,799,800,2499,2500,2500,2500,2500,2499,800,799,0,5,9.523809432983398,0,0,0,0,100,0,0,0,0,5,0,0,5,231117.82568359375,17602.616333007813,0,404327403520,8589930496,5250121728,114688
10,1791566447618,2500,2500,800,800,800,800,799,800,2499,2500,2500,2500,2500,2499,800,799,0,5,9.523809432983398,0,0,0,0,100,0,0,0,0,5,0,0,5,231117.98205566406,17602.94708251953,0,404327403520,8589930496,5258547200,114688
10,1791566447628,2500,2500,800,800,800,800,799,800,2499,2500,2500,2500,2500,2499,800,799,0,5,9.523809432983398,0,0,0,0,100,0,0,0,0,5,0,0,5,231118.13055419922,17603.26837158203,0,404327403520,8589930496,5258547200,114688
9,1791566447638,2500,2500,800,800,800,800,799,800,2499,2500,2500,2500,2500,2499,800,799,0,5,9.523809432983398,0,0,0,0,100,0,0,0,0,5,0,0,5,231118.2860107422,17603.590576171875,0,404327403520,8589930496,5258547200,114688
10,1791566447648,2500,2500,800,800,800,800,799,800,2499,2500,2500,2500,2500,2499,800,799,0,5,9.523809432983398,0,0,0,0,100,0,0,0,0,5,0,0,5,231118.43853759766,17603.918579101563,0,404327403520,8589930496,5258547200,114688
10,1791566447658,2500,2500,800,800,800,800,799,800,2499,2500,2500,2500,2500,2499,800,799,0,5,9.523809432983398,0,0,0,0,100,0,0,0,0,5,0,0,5,231118.5923461914,17604.241149902344,0,404327403520,8589930496,5258547200,114688
10,1791566447668,2500,2500,800,800,800,800,799,800,2499,2500,2500,2500,2500,2499,800,799,0,5,9.523809432983398,0,0,0,0,100,0,0,0,0,5,0,0,5,231118.7476196289,17604.564514160156,0,404327403520,8589930496,5266972672,114688
10,1791566447678,2500,2500,800,800,800,800,799,800,2499,2500,2500,2500,2500,2499,800,799,0,5,9.523809432983398,0,0,0,0,100,0,0,0,0,5,0,0,5,231118.89923095703,17604.887817382813,0,404327403520,8589930496,5266972672,114688
10,1791566447689,2500,2500,800,800,800,800,799,800,2499,2500,2500,2500,2500,2499,800,799,0,5,9.523809432983398,0,0,0,0,100,0,0,0,0,5,0,0,5,231119.0499267578,17605.211059570313,0,404327403520,8589930496,5266972672,114688
10,1791566447699,2500,2500,800,800,800,800,799,800,2499,2500,2500,2500,2500,2499,800,799,0,5,9.523809432983398,0,0,0,0,100,0,0,0,0,5,0,0,5,231119.2064819336,17605.537719726563,0,404327403520,8589930496,5266972672,114688
10,1791566447709,2500,2500,800,800,800,800,799,800,2499,2500,2500,2500,2500,2499,800,799,0,5,9.523809432983398,0,0,0,0,100,0,0,0,0,5,0,0,5,231119.3564453125,17605.862060546875,0,404327403520,8589930496,5266972672,114688
10,1791566447719,2500,2500,800,800,800,800,799,800,2499,2500,2500,2500,2500,2499,800,799,0,5,9.523809432983398,0,0,0,0,100,0,0,0,0,5,0,0,5,231119.5093383789,17606.18438720703,0,404327403520,8589930496,5274902528,114688
10,1791566447729,2500,2500,800,800,800,800,799,800,2499,2500,2500,2500,2500,2499,800,799,0,5,9.523809432983398,0,0,0,0,100,0,0,0,0,5,0,0,5,231119.66662597656,17606.512084960938,0,404327403520,8589930496,5274902528,114688
10,1791566447739,2500,2500,800,800,800,800,799,800,2499,2500,2500,2500,2500,2499,800,799,0,5,9.523809432983398,0,0,0,0,100,0,0,0,0,5,0,0,5,231119.82666015625,17606.832763671875,0,404327403520,8589930496,5274902528,114688
10,1791566447749,2500,2500,800,800,800,800,799,800,2499,2500,2500,2500,2500,2499,800,799,0,5,9.523809432983398,0,0,0,0,100,0,0,0,0,5,0,0,5,231119.9764404297,17607.159118652344,0,404327403520,8589930496,5274902528,114688
10,1791566447759,2500,2500,800,800,800,800,799,800,2499,2500,2500,2500,2500,2499,800,799,0,5,9.523809432983398,0,0,0,0,100,0,0,0,0,5,0,0,5,231120.14471435547,17607.47918701172,0,404327403520,8589930496,5283328000,114688
10,1791566447769,2500,2500,800,800,800,800,799,800,2499,2500,2500,2500,2500,2499,800,799,0,5,9.523809432983398,0,0,0,0,100,0,0,0,0,5,0,0,5,231120.29278564453,17607.83807373047,0,404327403520,8589930496,5283328000,114688
10,1791566447779,2500,2500,800,800,800,800,799,800,2499,2500,2500,2500,2500,2499,800,799,0,5,9.523809432983398,0,0,0,0,100,0,0,0,0,5,0,0,5,231120.4482421875,17608.161071777344,0,404327403520,8589930496,5283328000,114688
10,1791566447789,2500,2500,800,800,800,800,799,800,2499,2500,2500,2500,2500,2499,800,799,0,5,9.523809432983398,0,0,0,0,100,0,0,0,0,5,0,0,5,231120.59997558594,17608.484252929688,0,404327403520,8589930496,5283328000,114688
10,1791566447799,2500,2500,800,800,800,800,799,800,2499,2500,2500,2500,2500,2499,800,799,0,0,0,0,0,0,0,100,0,0,0,0,0,0,0,0,231120.7484741211,17608.807861328125,0,404327403520,8589930496,5283328000,114688
10,1791566447809,2500,2500,800,800,800,800,799,800,2499,2500,2500,2500,2500,2499,800,799,0,0,0,0,0,0,0,100,0,0,0,0,0,0,0,0,231120.90252685547,17609.13037109375,0,404327403520,8589930496,5291753472,114688
10,1791566447819,2500,2500,800,800,800,800,799,800,2499,2500,2500,2500,2500,2499,800,799,0,0,0,0,0,0,0,100,0,0,0,0,0,0,0,0,231121.05725097656,17609.45068359375,0,404327403520,8589930496,5291753472,114688
9,1791566447829,2500,2500,800,800,800,800,799,800,2499,2500,2500,2500,2500,2499,800,799,0,0,0,0,0,0,0,100,0,0,0,0,0,0,0,0,231121.20861816406,17609.77423095703,0,404327403520,8589930496,5291753472,114688
10,1791566447839,2500,2500,800,800,800,800,799,800,2499,2500,2500,2500,2500,2499,800,799,0,0,0,0,0,0,0,100,0,0,0,0,0,0,0,0,231121.36260986328,17610.095275878906,0,404327403520,8589930496,5291753472,114688
10,1791566447849,2500,2500,800,800,800,800,799,800,2499,2500,2500,2500,2500,2499,800,799,0,0,0,0,0,0,0,100,0,0,0,0,0,0,0,0,231121.5171508789,17610.421875,0,404327403520,8589930496,5291753472,114688
10,1791566447860,2500,2500,800,800,800,800,799,800,2499,2500,2500,2500,2500,2499,800,799,0,0,0,0,0,0,0,100,0,0,0,0,0,0,0,0,231121.66766357422,17610.74493408203,0,404327403520,8589930496,5299683328,114688
9,1791566447870,2500,2500,800,800,800,800,799,800,2499,2500,2500,2500,2500,2499,800,799,0,0,0,0,0,0,0,100,0,0,0,0,0,0,0,0,231121.81982421875,17611.069763183594,0,404327403520,8589930496,5299683328,114688
10,1791566447880,2500,2500,800,800,800,800,799,800,2499,2500,2500,2500,2500,2499,800,799,0,0,0,0,0,0,0,100,0,0,0,0,0,0,0,0,231121.96868896484,17611.388732910156,0,404327403520,8589930496,5299683328,114688
9,1791566447890,2500,2500,800,800,800,800,799,800,2499,2500,2500,2500,2500,2499,800,799,0,0,0,0,0,0,0,100,0,0,0,0,0,0,0,0,231122.11883544922,17611.713745117188,0,404327403520,8589930496,5299683328,114688
9,1791566447900,2500,2500,800,800,800,800,799,800,2499,2500,2500,2500,2500,2499,800,799,0,0,0,0,0,0,0,100,0,0,0,0,0,0,0,0,231122.27447509766,17612.036865234375,0,404327403520,8589930496,5299683328,114688
10,1791566447910,2500,2500,800,800,800,800,799,800,2499,2500,2500,2500,2500,2499,800,799,0,0,0,0,0,0,0,100,0,0,0,0,0,0,0,0,231122.4259033203,17612.360107421875,0,404327403520,8589930496,5299683328,114688
9,1791566447920,2500,2500,800,800,800,800,799,800,2499,2500,2500,2500,2500,2499,800,799,0,0,0,0,0,0,0,100,0,0,0,0,0,0,0,0,231122.57861328125,17612.683166503906,0,404327403520,8589930496,5299683328,114688
10,1791566447930,2500,2500,800,800,800,800,799,800,2499,2500,2500,2500,2500,2499,800,799,0,0,0,0,0,0,0,100,0,0,0,0,0,0,0,0,231122.7335205078,17613.001220703125,0,404327403520,8589930496,5299683328,114688
10,1791566447940,2500,2500,800,800,800,800,799,800,2499,2500,2500,2500,2500,2499,800,799,0,0,0,0,0,0,0,100,0,0,0,0,0,0,0,0,231122.8941040039,17613.323852539063,0,404327403520,8589930496,5300178944,114688
9,1791566447950,2500,2500,800,800,800,800,799,800,2499,2500,2500,2500,2500,2499,800,799,0,0,0,0,0,0,0,100,0,0,0,0,0,0,0,0,231123.0499267578,17613.646118164063,0,404327403520,8589930496,5303152640,114688
10,1791566447960,2500,2500,800,800,800,800,799,800,2499,2500,2500,2500,2500,2499,800,799,0,0,0,0,0,0,0,100,0,0,0,0,0,0,0,0,231123.21911621094,17613.974548339844,0,404327403520,8589930496,5307613184,114688
10,1791566447970,2500,2500,800,800,800,800,799,800,2499,2500,2500,2500,2500,2499,800,799,0,0,0,0,0,0,0,100,0,0,0,0,0,0,0,0,231123.3731689453,17614.333557128906,0,404327403520,8589930496,5307613184,114688
10,1791566447980,2500,2500,800,800,800,800,799,800,2499,2500,2500,2500,2500,2499,800,799,0,0,0,0,0,0,0,100,0,0,0,0,0,0,0,0,231123.5244140625,17614.656677246094,0,404327403520,8589930496,5307613184,114688
10,1791566447990,2500,2500,800,800,800,800,799,800,2499,2500,2500,2500,2500,2499,800,799,0,0,0,0,0,0,0,100,0,0,0,0,0,0,0,0,231123.67559814453,17614.981018066406,0,404327403520,8589930496,5315543040,114688
10,1791566448000,2500,2500,800,800,800,800,799,800,2499,2500,2500,2500,2500,2499,800,799,0,0,65,5,0,0,0,36.842105865478516,0,0,0,0,0,0,0,0,231123.83074951172,17615.305419921875,0,404327403520,8589930496,5315543040,114688
10,1791566448010,2500,2500,800,800,800,800,799,800,2499,2500,2500,2500,2500,2499,800,799,0,0,65,5,0,0,0,36.842105865478516,0,0,0,0,0,0,0,0,231123.98608398438,17615.624572753906,0,404327403520,8589930496,5315543040,114688
10,1791566448020,2500,2500,800,800,800,800,799,800,2499,2500,2500,2500,2500,2499,800,799,0,0,65,5,0,0,0,36.842105865478516,0,0,0,0,0,0,0,0,231124.14044189453,17615.947143554688,0,404327403520,8589930496,5315543040,114688
9,1791566448031,2500,2500,800,800,800,800,799,800,2499,2500,2500,2500,2500,2499,800,799,0,0,65,5,0,0,0,36.842105865478516,0,0,0,0,0,0,0,0,231124.2900390625,17616.269592285156,0,404327403520,8589930496,5323968512,114688
10,1791566448041,2500,2500,800,800,800,800,799,800,2499,2500,2500,2500,2500,2499,800,799,0,0,65,5,0,0,0,36.842105865478516,0,0,0,0,0,0,0,0,231124.44396972656,17616.591247558594,0,404327403520,8589930496,5323968512,114688
10,1791566448051,2500,2500,800,800,800,800,799,800,2499,2500,2500,2500,2500,2499,800,799,0,0,65,5,0,0,0,36.842105865478516,0,0,0,0,0,0,0,0,231124.59338378906,17616.91455078125,0,404327403520,8589930496,5323968512,114688
10,1791566448061,2500,2500,800,800,800,800,799,800,2499,2500,2500,2500,2500,2499,800,799,0,0,65,5,0,0,0,36.842105865478516,0,0,0,0,0,0,0,0,231124.74676513672,17617.233764648438,0,404327403520,8589930496,5323968512,114688
10,1791566448071,2500,2500,800,800,800,800,799,800,2499,2500,2500,2500,2500,2499,800,799,0,0,65,5,0,0,0,36.842105865478516,0,0,0,0,0,0,0,0,231124.89672851563,17617.554260253906,0,404327403520,8589930496,5329420288,114688
9,1791566448081,2500,2500,800,800,800,800,799,800,2499,2500,2500,2500,2500,2499,800,799,0,0,65,5,0,0,0,36.842105865478516,0,0,0,0,0,0,0,0,231125.04833984375,17617.876586914063,0,404327403520,8589930496,5332393984,114688
9,1791566448091,2500,2500,800,800,800,800,799,800,2499,2500,2500,2500,2500,2499,800,799,0,0,65,5,0,0,0,36.842105865478516,0,0,0,0,0,0,0,0,231125.20141601563,17618.202209472656,0,404327403520,8589930496,5332393984,114688
9,1791566448101,2500,2500,800,800,800,800,799,800,2499,2500,2500,2500,2500,2499,800,799,0,0,65,5,0,0,0,36.842105865478516,0,0,0,0,0,0,0,0,231125.35467529297,17618.525329589844,0,404327403520,8589930496,5332393984,114688
9,1791566448111,2500,2500,800,800,800,800,799,800,2499,2500,2500,2500,2500,2499,800,799,0,0,65,5,0,0,0,36.842105865478516,0,0,0,0,0,0,0,0,231125.51763916016,17618.879943847656,0,404327403520,8589930496,5332004864,114688
9,1791566448121,2500,2500,800,800,800,800,799,800,2499,2500,2500,2500,2500,2499,800,799,0,0,65,5,0,0,0,36.842105865478516,0,0,0,0,0,0,0,0,231125.6602783203,17619.20330810547,0,404327403520,8589930496,5339934720,114688
10,1791566448131,2500,2500,800,800,800,800,799,800,2499,2500,2500,2500,2500,2499,800,799,0,0,65,5,0,0,0,36.842105865478516,0,0,0,0,0,0,0,0,231125.7939453125,17619.492431640625,0,404327403520,8589930496,5339934720,114688
10,1791566448141,2500,2500,800,800,800,800,799,800,2499,2500,2500,2500,2500,2499,800,799,0,0,65,5,0,0,0,36.842105865478516,0,0,0,0,0,0,0,0,231125.94287109375,17619.81463623047,0,404327403520,8589930496,5339934720,114688
9,1791566448151,2500,2500,800,800,800,800,799,800,2499,2500,2500,2500,2500,2499,800,799,0,0,65,5,0,0,0,36.842105865478516,0,0,0,0,0,0,0,0,231126.10455322266,17620.166931152344,0,404327403520,8589930496,5339934720,114688
9,1791566448162,2500,2500,800,800,800,800,799,800,2499,2500,2500,2500,2500,2499,800,799,0,0,65,5,0,0,0,36.842105865478516,0,0,0,0,0,0,0,0,231126.2568359375,17620.492736816406,0,404327403520,8589930496,5348360192,114688
9,1791566448172,2500,2500,800,800,800,800,799,800,2499,2500,2500,2500,2500,2499,800,799,0,0,65,5,0,0,0,36.842105865478516,0,0,0,0,0,0,0,0,231126.41522216797,17620.818908691406,0,404327403520,8589930496,5339586560,114688
9,1791566448182,2500,2500,800,800,800,800,799,800,2499,2500,2500,2500,2500,2499,800,799,0,0,65,5,0,0,0,36.842105865478516,0,0,0,0,0,0,0,0,231126.5684814453,17621.1484375,0,404327403520,8589930496,5339586560,114688
9,1791566448192,2500,2500,800,800,800,800,799,800,2499,2500,2500,2500,2500,2499,800,799,0,0,65,5,0,0,0,36.842105865478516,0,0,0,0,0,0,0,0,231126.72283935547,17621.470825195313,0,404327403520,8589930496,5339586560,114688
9,1791566448202,2500,2500,800,800,800,800,799,800,2499,2500,2500,2500,2500,2499,800,799,5,0,100,0,0,0,0,5,0,0,5,0,0,0,0,0,231126.87384033203,17621.794982910156,0,404327403520,8589930496,5339586560,114688
10,1791566448212,2500,2500,800,800,800,800,799,800,2499,2500,2500,2500,2500,2499,800,799,5,0,100,0,0,0,0,5,0,0,5,0,0,0,0,0,231127.02172851563,17622.08544921875,0,404327403520,8589930496,5347516416,114688
9,1791566448222,2500,2500,800,800,800,800,799,800,2499,2500,2500,2500,2500,2499,800,799,5,0,100,0,0,0,0,5,0,0,5,0,0,0,0,0,231127.17114257813,17622.439514160156,0,404327403520,8589930496,5347516416,114688
9,1791566448232,2500,2500,800,800,800,800,799,800,2499,2500,2500,2500,2500,2499,800,799,5,0,100,0,0,0,0,5,0,0,5,0,0,0,0,0,231127.32110595703,17622.764404296875,0,404327403520,8589930496,5347516416,114688
9,1791566448242,2500,2500,800,800,800,800,799,800,2499,2500,2500,2500,2500,2499,800,799,5,0,100,0,0,0,0,5,0,0,5,0,0,0,0,0,231127.4747314453,17623.087158203125,0,404327403520,8589930496,5347516416,114688
10,1791566448252,2500,2500,800,800,800,800,799,800,2499,2500,2500,2500,2500,2499,800,799,5,0,100,0,0,0,0,5,0,0,5,0,0,0,0,0,231127.62561035156,17623.409545898438,0,404327403520,8589930496,5355941888,114688
9,1791566448262,2500,2500,800,800,800,800,799,800,2499,2500,2500,2500,2500,2499,800,799,5,0,100,0,0,0,0,5,0,0,5,0,0,0,0,0,231127.77795410156,17623.73455810547,0,404327403520,8589930496,5355941888,114688
9,1791566448272,2500,2500,800,800,800,800,799,800,2499,2500,2500,2500,2500,2499,800,799,5,0,100,0,0,0,0,5,0,0,5,0,0,0,0,0,231127.9423828125,17624.09014892578,0,404327403520,8589930496,5355941888,114688
10,1791566448282,2500,2500,800,800,800,800,799,800,2499,2500,2500,2500,2500,2499,800,799,5,0,100,0,0,0,0,5,0,0,5,0,0,0,0,0,231128.080078125,17624.377319335938,0,404327403520,8589930496,5355941888,114688
9,1791566448292,2500,2500,800,800,800,800,799,800,2499,2500,2500,2500,2500,2499,800,799,5,0,100,0,0,0,0,5,0,0,5,0,0,0,0,0,231128.2329711914,17624.702697753906,0,404327403520,8589930496,5355941888,114688
10,1791566448302,2500,2500,800,800,800,800,799,800,2499,2500,2500,2500,2500,2499,800,799,5,0,100,0,0,0,0,5,0,0,5,0,0,0,0,0,231128.384765625,17625.02459716797,0,404327403520,8589930496,5364367360,114688
9,1791566448313,2500,2500,800,800,800,800,799,800,2499,2500,2500,2500,2500,2499,800,799,5,0,100,0,0,0,0,5,0,0,5,0,0,0,0,0,231128.54626464844,17625.378784179688,0,404327403520,8589930496,5364367360,114688
9,1791566448323,2500,2500,800,800,800,800,799,800,2499,2500,2500,2500,2500,2499,800,799,5,0,100,0,0,0,0,5,0,0,5,0,0,0,0,0,231128.69744873047,17625.702697753906,0,404327403520,8589930496,5364367360,114688
9,1791566448333,2500,2500,800,800,800,800,799,800,2499,2500,2500,2500,2500,2499,800,799,5,0,100,0,0,0,0,5,0,0,5,0,0,0,0,0,231128.84704589844,17626.021362304688,0,404327403520,8589930496,5364367360,114688
9,1791566448343,2500,2500,800,800,800,800,799,800,2499,2500,2500,2500,2500,2499,800,799,5,0,100,0,0,0,0,5,0,0,5,0,0,0,0,0,231128.99334716797,17626.34991455078,0,404327403520,8589930496,5364367360,114688
9,1791566448353,2500,2500,800,800,800,800,799,800,2499,2500,2500,2500,2500,2499,800,799,5,0,100,0,0,0,0,5,0,0,5,0,0,0,0,0,231129.14569091797,17626.672119140625,0,404327403520,8589930496,5372297216,114688
9,1791566448363,2500,2500,800,800,800,800,799,800,2499,2500,2500,2500,2500,2499,800,799,5,0,100,0,0,0,0,5,0,0,5,0,0,0,0,0,231129.2958984375,17626.994140625,0,404327403520,8589930496,5372297216,114688
9,1791566448373,2500,2500,800,800,800,800,799,800,2499,2500,2500,2500,2500,2499,800,799,5,0,100,0,0,0,0,5,0,0,5,0,0,0,0,0,231129.4506225586,17627.31768798828,0,404327403520,8589930496,5372297216,114688
9,1791566448383,2500,2500,800,800,800,800,799,800,2499,2500,2500,2500,2500,2499,800,799,5,0,100,0,0,0,0,5,0,0,5,0,0,0,0,0,231129.60095214844,17627.64373779297,0,404327403520,8589930496,5372297216,114688
9,1791566448393,2500,2500,800,800,800,800,799,800,2499,2500,2500,2500,2500,2499,800,799,5,0,100,0,0,0,0,5,0,0,5,0,0,0,0,0,231129.75,17627.96649169922,0,404327403520,8589930496,5380722688,114688
9,1791566448403,2500,2500,800,800,800,800,799,800,2499,2500,2500,2500,2500,2499,800,799,5.263157844543457,0,100,4.761904716491699,0,0,0,5,5,0,0,0,0,0,0,0,231129.90454101563,17628.291076660156,0,404327403520,8589930496,5380722688,114688
10,1791566448413,2500,2500,800,800,800,800,799,800,2499,2500,2500,2500,2500,2499,800,799,5.263157844543457,0,100,4.761904716491699,0,0,0,5,5,0,0,0,0,0,0,0,231130.06182861328,17628.614624023438,0,404327403520,8589930496,5380722688,114688
9,1791566448423,2500,2500,800,800,800,800,799,800,2499,2500,2500,2500,2500,2499,800,799,5.263157844543457,0,100,4.761904716491699,0,0,0,5,5,0,0,0,0,0,0,0,231130.21069335938,17628.940551757813,0,404327403520,8589930496,5380722688,114688
9,1791566448434,2500,2500,800,800,800,800,799,800,2499,2500,2500,2500,2500,2499,800,799,5.263157844543457,0,100,4.761904716491699,0,0,0,5,5,0,0,0,0,0,0,0,231130.3798828125,17629.26708984375,0,404327403520,8589930496,5389148160,114688
9,1791566448444,2500,2500,800,800,800,800,799,800,2499,2500,2500,2500,2500,2499,800,799,5.263157844543457,0,100,4.761904716491699,0,0,0,5,5,0,0,0,0,0,0,0,231130.52087402344,17629.592041015625,0,404327403520,8589930496,5389148160,114688
10,1791566448454,2500,2500,800,800,800,800,799,800,2499,2500,2500,2500,2500,2499,800,799,5.263157844543457,0,100,4.761904716491699,0,0,0,5,5,0,0,0,0,0,0,0,231130.67724609375,17629.917541503906,0,404327403520,8589930496,5389148160,114688
9,1791566448464,2500,2500,800,800,800,800,799,800,2499,2500,2500,2500,2500,2499,800,799,5.263157844543457,0,100,4.761904716491699,0,0,0,5,5,0,0,0,0,0,0,0,231130.82684326172,17630.248168945313,0,404327403520,8589930496,5389148160,114688
10,1791566448474,2500,2500,800,800,800,800,799,800,2499,2500,2500,2500,2500,2499,800,799,5.263157844543457,0,100,4.761904716491699,0,0,0,5,5,0,0,0,0,0,0,0,231130.97814941406,17630.575317382813,0,404327403520,8589930496,5389148160,114688
10,1791566448484,2500,2500,800,800,800,800,799,800,2499,2500,2500,2500,2500,2499,800,799,5.263157844543457,0,100,4.761904716491699,0,0,0,5,5,0,0,0,0,0,0,0,231131.13525390625,17630.89666748047,0,404327403520,8589930496,5397078016,114688
9,1791566448494,2500,2500,800,800,800,800,799,800,2499,2500,2500,2500,2500,2499,800,799,5.263157844543457,0,100,4.761904716491699,0,0,0,5,5,0,0,0,0,0,0,0,231131.2866821289,17631.22149658203,0,404327403520,8589930496,5397078016,114688
10,1791566448504,2500,2500,800,800,800,800,799,800,2499,2500,2500,2500,2500,2499,800,799,5.263157844543457,0,100,4.761904716491699,0,0,0,5,5,0,0,0,0,0,0,0,231131.4501953125,17631.577087402344,0,404327403520,8589930496,5397078016,114688
9,1791566448514,2500,2500,800,800,800,800,799,800,2499,2500,2500,2500,2500,2499,800,799,5.263157844543457,0,100,4.761904716491699,0,0,0,5,5,0,0,0,0,0,0,0,231131.6007080078,17631.901977539063,0,404327403520,8589930496,5397078016,114688
9,1791566448524,2500,2500,800,800,800,800,799,800,2499,2500,2500,2500,2500,2499,800,799,5.263157844543457,0,100,4.761904716491699,0,0,0,5,5,0,0,0,0,0,0,0,231131.7525024414,17632.226135253906,0,404327403520,8589930496,5405503488,114688
10,1791566448534,2500,2500,800,800,800,800,799,800,2499,2500,2500,2500,2500,2499,800,799,5.263157844543457,0,100,4.761904716491699,0,0,0,5,5,0,0,0,0,0,0,0,231131.90173339844,17632.558227539063,0,404327403520,8589930496,5405503488,114688
9,1791566448544,2500,2500,800,800,800,800,799,800,2499,2500,2500,2500,2500,2499,800,799,5.263157844543457,0,100,4.761904716491699,0,0,0,5,5,0,0,0,0,0,0,0,231132.05883789063,17632.88348388672,0,404327403520,8589930496,5405503488,114688
9,1791566448554,2500,2500,800,800,800,800,799,800,2499,2500,2500,2500,2500,2499,800,799,5.263157844543457,0,100,4.761904716491699,0,0,0,5,5,0,0,0,0,0,0,0,231132.21447753906,17633.199951171875,0,404327403520,8589930496,5405503488,114688
9,1791566448564,2500,2500,800,800,800,800,799,800,2499,2500,2500,2500,2500,2499,800,799,5.263157844543457,0,100,4.761904716491699,0,0,0,5,5,0,0,0,0,0,0,0,231132.37322998047,17633.52471923828,0,404327403520,8589930496,5405503488,114688
9,1791566448575,2500,2500,800,800,800,800,799,800,2499,2500,2500,2500,2500,2499,800,799,5.263157844543457,0,100,4.761904716491699,0,0,0,5,5,0,0,0,0,0,0,0,231132.52630615234,17633.8505859375,0,404327403520,8589930496,5413928960,114688
9,1791566448585,2500,2500,800,800,800,800,799,800,2499,2500,2500,2500,2500,2499,800,799,5.263157844543457,0,100,4.761904716491699,0,0,0,5,5,0,0,0,0,0,0,0,231132.67810058594,17634.175537109375,0,404327403520,8589930496,5413928960,114688
9,1791566448595,2500,2500,800,800,800,800,799,800,2499,2500,2500,2500,2500,2499,800,799,5.263157844543457,0,100,4.761904716491699,0,0,0,5,5,0,0,0,0,0,0,0,231132.8285522461,17634.49853515625,0,404327403520,8589930496,5413928960,114688
9,1791566448605,2500,2500,800,800,800,800,799,800,2499,2500,2500,2500,2500,2499,800,799,0,0,100,0,0,0,0,10,0,0,0,0,0,0,0,0,231133.00122070313,17634.85675048828,0,404327403520,8589930496,5413928960,114688
10,1791566448615,2500,2500,800,800,800,800,799,800,2499,2500,2500,2500,2500,2499,800,799,0,0,100,0,0,0,0,10,0,0,0,0,0,0,0,0,231133.13946533203,17635.146728515625,0,404327403520,8589930496,5421858816,114688
9,1791566448625,2500,2500,800,800,800,800,799,800,2499,2500,2500,2500,2500,2499,800,799,0,0,100,0,0,0,0,10,0,0,0,0,0,0,0,0,231133.3065185547,17635.503967285156,0,404327403520,8589930496,5421858816,114688
9,1791566448635,2500,2500,800,800,800,800,799,800,2499,2500,2500,2500,2500,2499,800,799,0,0,100,0,0,0,0,10,0,0,0,0,0,0,0,0,231133.45892333984,17635.82440185547,0,404327403520,8589930496,5421858816,114688
9,1791566448645,2500,2500,800,800,800,800,799,800,2499,2500,2500,2500,2500,2499,800,799,0,0,100,0,0,0,0,10,0,0,0,0,0,0,0,0,231133.61309814453,17636.15008544922,0,404327403520,8589930496,5421858816,114688
9,1791566448655,2500,2500,800,800,800,800,799,800,2499,2500,2500,2500,2500,2499,800,799,0,0,100,0,0,0,0,10,0,0,0,0,0,0,0,0,231133.76599121094,17636.476989746094,0,404327403520,8589930496,5430284288,114688
9,1791566448665,2500,2500,800,800,800,800,799,800,2499,2500,2500,2500,2500,2499,800,799,0,0,100,0,0,0,0,10,0,0,0,0,0,0,0,0,231133.91540527344,17636.804565429688,0,404327403520,8589930496,5430284288,114688
10,1791566448675,2500,2500,800,800,800,800,799,800,2499,2500,2500,2500,2500,2499,800,799,0,0,100,0,0,0,0,10,0,0,0,0,0,0,0,0,231134.06701660156,17637.125061035156,0,404327403520,8589930496,5430284288,114688
10,1791566448685,2500,2500,800,800,800,800,799,800,2499,2500,2500,2500,2500,2499,800,799,0,0,100,0,0,0,0,10,0,0,0,0,0,0,0,0,231134.21588134766,17637.448669433594,0,404327403520,8589930496,5430284288,114688
9,1791566448695,2500,2500,800,800,800,800,799,800,2499,2500,2500,2500,2500,2499,800,799,0,0,100,0,0,0,0,10,0,0,0,0,0,0,0,0,231134.36401367188,17637.771911621094,0,404327403520,8589930496,5430284288,114688
9,1791566448705,2500,2500,800,800,800,800,799,800,2499,2500,2500,2500,2500,2499,800,799,0,0,100,0,0,0,0,10,0,0,0,0,0,0,0,0,231134.5103149414,17638.09490966797,0,404327403520,8589930496,5438709760,114688
9,1791566448715,2500,2500,800,800,800,800,799,800,2499,2500,2500,2500,2500,2499,800,799,0,0,100,0,0,0,0,10,0,0,0,0,0,0,0,0,231134.65899658203,17638.422302246094,0,404327403520,8589930496,5438709760,114688
9,1791566448726,2500,2500,800,800,800,800,799,800,2499,2500,2500,2500,2500,2499,800,799,0,0,100,0,0,0,0,10,0,0,0,0,0,0,0,0,231134.80639648438,17638.751953125,0,404327403520,8589930496,5438709760,114688
10,1791566448736,2500,2500,800,800,800,800,799,800,2499,2500,2500,2500,2500,2499,800,799,0,0,100,0,0,0,0,10,0,0,0,0,0,0,0,0,231134.9539794922,17639.07537841797,0,404327403520,8589930496,5438709760,114688
10,1791566448746,2500,2500,800,800,800,800,799,800,2499,2500,2500,2500,2500,2499,800,799,0,0,100,0,0,0,0,10,0,0,0,0,0,0,0,0,231135.1055908203,17639.398071289063,0,404327403520,8589930496,5446639616,114688
9,1791566448756,2500,2500,800,800,800,800,799,800,2499,2500,2500,2500,2500,2499,800,799,0,0,100,0,0,0,0,10,0,0,0,0,0,0,0,0,231135.25610351563,17639.72137451172,0,404327403520,8589930496,5446639616,114688
9,1791566448766,2500,2500,800,800,800,800,799,800,2499,2500,2500,2500,2500,2499,800,799,0,0,100,0,0,0,0,10,0,0,0,0,0,0,0,0,231135.40747070313,17640.044799804688,0,404327403520,8589930496,5446639616,114688
9,1791566448776,2500,2500,800,800,800,800,799,800,2499,2500,2500,2500,2500,2499,800,799,0,0,100,0,0,0,0,10,0,0,0,0,0,0,0,0,231135.5581665039,17640.368408203125,0,404327403520,8589930496,5446639616,114688
9,1791566448786,2500,2500,800,800,800,800,799,800,2499,2500,2500,2500,2500,2499,800,799,0,0,100,0,0,0,0,10,0,0,0,0,0,0,0,0,231135.72259521484,17640.72479248047,0,404327403520,8589930496,5446639616,114688
9,1791566448796,2500,2500,800,800,800,800,799,800,2499,2500,2500,2500,2500,2499,800,799,0,0,100,0,0,0,0,10,0,0,0,0,0,0,0,0,231135.85864257813,17641.01727294922,0,404327403520,8589930496,5455065088,114688
9,1791566448806,2500,2500,800,800,800,800,799,800,2499,2500,2500,2500,2500,2499,800,799,10,10,100,0,0,0,0,0,0,5,0,0,0,0,0,0,231136.0263671875,17641.375,0,404327403520,8589930496,5455065088,114688
10,1791566448816,2500,2500,800,800,800,800,799,800,2499,2500,2500,2500,2500,2499,800,799,10,10,100,0,0,0,0,0,0,5,0,0,0,0,0,0,231136.16204833984,17641.661560058594,0,404327403520,8589930496,5455065088,114688
9,1791566448826,2500,2500,800,800,800,800,799,800,2499,2500,2500,2500,2500,2499,800,799,10,10,100,0,0,0,0,0,0,5,0,0,0,0,0,0,231136.32720947266,17642.018127441406,0,404327403520,8589930496,5455065088,114688
9,1791566448836,2500,2500,800,800,800,800,799,800,2499,2500,2500,2500,2500,2499,800,799,10,10,100,0,0,0,0,0,0,5,0,0,0,0,0,0,231136.47680664063,17642.34100341797,0,404327403520,8589930496,5463490560,114688
9,1791566448846,2500,2500,800,800,800,800,799,800,2499,2500,2500,2500,2500,2499,800,799,10,10,100,0,0,0,0,0,0,5,0,0,0,0,0,0,231136.62713623047,17642.666931152344,0,404327403520,8589930496,5463490560,114688
9,1791566448857,2500,2500,800,800,800,800,799,800,2499,2500,2500,2500,2500,2499,800,799,10,10,100,0,0,0,0,0,0,5,0,0,0,0,0,0,231136.7798461914,17642.988708496094,0,404327403520,8589930496,5463490560,114688
9,1791566448867,2500,2500,800,800,800,800,799,800,2499,2500,2500,2500,2500,2499,800,799,10,10,100,0,0,0,0,0,0,5,0,0,0,0,0,0,231136.92962646484,17643.31329345703,0,404327403520,8589930496,5463490560,114688
9,1791566448877,2500,2500,800,800,800,800,799,800,2499,2500,2500,2500,2500,2499,800,799,10,10,100,0,0,0,0,0,0,5,0,0,0,0,0,0,231137.07751464844,17643.63671875,0,404327403520,8589930496,5471420416,114688
9,1791566448887,2500,2500,800,800,800,800,799,800,2499,2500,2500,2500,2500,2499,800,799,10,10,100,0,0,0,0,0,0,5,0,0,0,0,0,0,231137.22436523438,17643.95458984375,0,404327403520,8589930496,5471420416,114688
9,1791566448897,2500,2500,800,800,800,800,799,800,2499,2500,2500,2500,2500,2499,800,799,10,10,100,0,0,0,0,0,0,5,0,0,0,0,0,0,231137.37854003906,17644.2763671875,0,404327403520,8589930496,5471420416,114688
9,1791566448907,2500,2500,800,800,800,800,799,800,2499,2500,2500,2500,2500,2499,800,799,10,10,100,0,0,0,0,0,0,5,0,0,0,0,0,0,231137.5323486328,17644.60028076172,0,404327403520,8589930496,5471420416,114688
9,1791566448917,2500,2500,800,800,800,800,799,800,2499,2500,2500,2500,2500,2499,800,799,10,10,100,0,0,0,0,0,0,5,0,0,0,0,0,0,231137.68688964844,17644.92333984375,0,404327403520,8589930496,5471420416,114688
9,1791566448927,2500,2500,800,800,800,800,799,800,2499,2500,2500,2500,2500,2499,800,799,10,10,100,0,0,0,0,0,0,5,0,0,0,0,0,0,231137.8377685547,17645.244689941406,0,404327403520,8589930496,5479845888,114688
9,1791566448937,2500,2500,800,800,800,800,799,800,2499,2500,2500,2500,2500,2499,800,799,10,10,100,0,0,0,0,0,0,5,0,0,0,0,0,0,231138.00512695313,17645.60284423828,0,404327403520,8589930496,5479845888,114688
9,1791566448947,2500,2500,800,800,800,800,799,800,2499,2500,2500,2500,2500,2499,800,799,10,10,100,0,0,0,0,0,0,5,0,0,0,0,0,0,231138.13732910156,17645.89239501953,0,404327403520,8589930496,5479845888,114688
9,1791566448957,2500,2500,800,800,800,800,799,800,2499,2500,2500,2500,2500,2499,800,799,10,10,100,0,0,0,0,0,0,5,0,0,0,0,0,0,231138.30688476563,17646.245971679688,0,404327403520,8589930496,5479845888,114688
9,1791566448967,2500,2500,800,800,800,800,799,800,2499,2500,2500,2500,2500,2499,800,799,10,10,100,0,0,0,0,0,0,5,0,0,0,0,0,0,231138.45849609375,17646.570922851563,0,404327403520,8589930496,5488271360,114688
10,1791566448977,2500,2500,800,800,800,800,799,800,2499,2500,2500,2500,2500,2499,800,799,10,10,100,0,0,0,0,0,0,5,0,0,0,0,0,0,231138.60626220703,17646.898071289063,0,404327403520,8589930496,5488271360,114688
9,1791566448987,2500,2500,800,800,800,800,799,800,2499,2500,2500,2500,2500,2499,800,799,10,10,100,0,0,0,0,0,0,5,0,0,0,0,0,0,231138.7544555664,17647.2255859375,0,404327403520,8589930496,5488271360,114688
9,1791566448997,2500,2500,800,800,800,800,799,800,2499,2500,2500,2500,2500,2499,800,799,10,10,100,0,0,0,0,0,0,5,0,0,0,0,0,0,231138.90478515625,17647.54864501953,0,404327403520,8589930496,5488271360,114688
9,1791566449008,2500,2500,800,800,800,800,799,800,2499,2500,2500,2500,2500,2499,800,799,5.263157844543457,0,100,0,0,0,0,10,0,0,0,0,0,0,0,0,231139.05639648438,17647.8740234375,0,404327403520,8589930496,5488271360,114688
9,1791566449018,2500,2500,800,800,800,800,799,800,2499,2500,2500,2500,2500,2499,800,799,5.263157844543457,0,100,0,0,0,0,10,0,0,0,0,0,0,0,0,231139.21075439453,17648.200805664063,0,404327403520,8589930496,5496201216,114688
10,1791566449028,2500,2500,800,800,800,800,799,800,2499,2500,2500,2500,2500,2499,800,799,5.263157844543457,0,100,0,0,0,0,10,0,0,0,0,0,0,0,0,231139.36419677734,17648.524780273438,0,404327403520,8589930496,5496201216,114688
9,1791566449038,2500,2500,800,800,800,800,799,800,2499,2500,2500,2500,2500,2499,800,799,5.263157844543457,0,100,0,0,0,0,10,0,0,0,0,0,0,0,0,231139.51361083984,17648.85107421875,0,404327403520,8589930496,5496201216,114688
9,1791566449048,2500,2500,800,800,800,800,799,800,2499,2500,2500,2500,2500,2499,800,799,5.263157844543457,0,100,0,0,0,0,10,0,0,0,0,0,0,0,0,231139.6664428711,17649.17742919922,0,404327403520,8589930496,5496201216,114688
9,1791566449058,2500,2500,800,800,800,800,799,800,2499,2500,2500,2500,2500,2499,800,799,5.263157844543457,0,100,0,0,0,0,10,0,0,0,0,0,0,0,0,231139.81970214844,17649.502990722656,0,404327403520,8589930496,5504626688,114688
9,1791566449068,2500,2500,800,800,800,800,799,800,2499,2500,2500,2500,2500,2499,800,799,5.263157844543457,0,100,0,0,0,0,10,0,0,0,0,0,0,0,0,231139.9676513672,17649.831604003906,0,404327403520,8589930496,5504626688,114688
9,1791566449078,2500,2500,800,800,800,800,799,800,2499,2500,2500,2500,2500,2499,800,799,5.263157844543457,0,100,0,0,0,0,10,0,0,0,0,0,0,0,0,231140.12438964844,17650.15545654297,0,404327403520,8589930496,5504626688,114688
9,1791566449088,2500,2500,800,800,800,800,799,800,2499,2500,2500,2500,2500,2499,800,799,5.263157844543457,0,100,0,0,0,0,10,0,0,0,0,0,0,0,0,231140.27178955078,17650.477783203125,0,404327403520,8589930496,5504626688,114688
9,1791566449098,2500,2500,800,800,800,800,799,800,2499,2500,2500,2500,2500,2499,800,799,5.263157844543457,0,100,0,0,0,0,10,0,0,0,0,0,0,0,0,231140.42797851563,17650.80352783203,0,404327403520,8589930496,5511565312,114688
9,1791566449108,2500,2500,800,800,800,800,799,800,2499,2500,2500,2500,2500,2499,800,799,5.263157844543457,0,100,0,0,0,0,10,0,0,0,0,0,0,0,0,231140.59844970703,17651.15997314453,0,404327403520,8589930496,5513052160,114688
9,1791566449118,2500,2500,800,800,800,800,799,800,2499,2500,2500,2500,2500,2499,800,799,5.263157844543457,0,100,0,0,0,0,10,0,0,0,0,0,0,0,0,231140.73333740234,17651.453857421875,0,404327403520,8589930496,5513052160,114688
9,1791566449128,2500,2500,800,800,800,800,799,800,2499,2500,2500,2500,2500,2499,800,799,5.263157844543457,0,100,0,0,0,0,10,0,0,0,0,0,0,0,0,231140.89849853516,17651.815795898438,0,404327403520,8589930496,5503864832,114688
9,1791566449138,2500,2500,800,800,800,800,799,800,2499,2500,2500,2500,2500,2499,800,799,5.263157844543457,0,100,0,0,0,0,10,0,0,0,0,0,0,0,0,231141.0482788086,17652.142211914063,0,404327403520,8589930496,5503864832,114688
9,1791566449149,2500,2500,800,800,800,800,799,800,2499,2500,2500,2500,2500,2499,800,799,5.263157844543457,0,100,0,0,0,0,10,0,0,0,0,0,0,0,0,231141.20343017578,17652.46844482422,0,404327403520,8589930496,5511794688,114688
9,1791566449159,2500,2500,800,800,800,800,799,800,2499,2500,2500,2500,2500,2499,800,799,5.263157844543457,0,100,0,0,0,0,10,0,0,0,0,0,0,0,0,231141.3555908203,17652.790649414063,0,404327403520,8589930496,5511794688,114688
9,1791566449169,2500,2500,800,800,800,800,799,800,2499,2500,2500,2500,2500,2499,800,799,5.263157844543457,0,100,0,0,0,0,10,0,0,0,0,0,0,0,0,231141.50811767578,17653.11737060547,0,404327403520,8589930496,5511794688,114688
9,1791566449179,2500,2500,800,800,800,800,799,800,2499,2500,2500,2500,2500,2499,800,799,5.263157844543457,0,100,0,0,0,0,10,0,0,0,0,0,0,0,0,231141.65759277344,17653.439392089844,0,404327403520,8589930496,5511794688,114688
9,1791566449189,2500,2500,800,800,800,800,799,800,2499,2500,2500,2500,2500,2499,800,799,5.263157844543457,0,100,0,0,0,0,10,0,0,0,0,0,0,0,0,231141.8095703125,17653.763122558594,0,404327403520,8589930496,5520220160,114688
9,1791566449199,2500,2500,800,800,800,800,799,800,2499,2500,2500,2500,2500,2499,800,799,5.263157844543457,0,100,0,0,0,0,10,0,0,0,0,0,0,0,0,231141.96453857422,17654.08709716797,0,404327403520,8589930496,5520220160,114688
10,1791566449209,2500,2500,800,800,800,800,799,800,2499,2500,2500,2500,2500,2499,800,799,0,0,100,0,0,0,0,0,0,0,0,5,0,0,0,0,231142.1181640625,17654.41082763672,0,404327403520,8589930496,5520220160,114688
10,1791566449219,2500,2500,800,800,800,800,799,800,2499,2500,2500,2500,2500,2499,800,799,0,0,100,0,0,0,0,0,0,0,0,5,0,0,0,0,231142.2699584961,17654.734924316406,0,404327403520,8589930496,5520220160,114688
9,1791566449229,2500,2500,800,800,800,800,799,800,2499,2500,2500,2500,2500,2499,800,799,0,0,100,0,0,0,0,0,0,0,0,5,0,0,0,0,231142.42010498047,17655.056884765625,0,404327403520,8589930496,5520220160,114688
9,1791566449239,2500,2500,800,800,800,800,799,800,2499,2500,2500,2500,2500,2499,800,799,0,0,100,0,0,0,0,0,0,0,0,5,0,0,0,0,231142.56970214844,17655.380004882813,0,404327403520,8589930496,5528150016,114688
9,1791566449249,2500,2500,800,800,800,800,799,800,2499,2500,2500,2500,2500,2499,800,799,0,0,100,0,0,0,0,0,0,0,0,5,0,0,0,0,231142.7158203125,17655.705139160156,0,404327403520,8589930496,5528150016,114688
9,1791566449259,2500,2500,800,800,800,800,799,800,2499,2500,2500,2500,2500,2499,800,799,0,0,100,0,0,0,0,0,0,0,0,5,0,0,0,0,231142.8729248047,17656.02880859375,0,404327403520,8589930496,5528150016,114688
9,1791566449269,2500,2500,800,800,800,800,799,800,2499,2500,2500,2500,2500,2499,800,799,0,0,100,0,0,0,0,0,0,0,0,5,0,0,0,0,231143.02618408203,17656.356323242188,0,404327403520,8589930496,5528150016,114688
9,1791566449279,2500,2500,800,800,800,800,799,800,2499,2500,2500,2500,2500,2499,800,799,0,0,100,0,0,0,0,0,0,0,0,5,0,0,0,0,231143.19427490234,17656.711181640625,0,404327403520,8589930496,5536575488,114688
10,1791566449289,2500,2500,800,800,800,800,799,800,2499,2500,2500,2500,2500,2499,800,799,0,0,100,0,0,0,0,0,0,0,0,5,0,0,0,0,231143.32647705078,17657.000427246094,0,404327403520,8589930496,5536575488,114688
9,1791566449300,2500,2500,800,800,800,800,799,800,2499,2500,2500,2500,2500,2499,800,799,0,0,100,0,0,0,0,0,0,0,0,5,0,0,0,0,231143.49584960938,17657.3583984375,0,404327403520,8589930496,5536575488,114688
9,1791566449310,2500,2500,800,800,800,800,799,800,2499,2500,2500,2500,2500,2499,800,799,0,0,100,0,0,0,0,0,0,0,0,5,0,0,0,0,231143.6498413086,17657.6826171875,0,404327403520,8589930496,5536575488,114688
9,1791566449320,2500,2500,800,800,800,800,799,800,2499,2500,2500,2500,2500,2499,800,799,0,0,100,0,0,0,0,0,0,0,0,5,0,0,0,0,231143.80712890625,17658.003540039063,0,404327403520,8589930496,5536575488,114688
9,1791566449330,2500,2500,800,800,800,800,799,800,2499,2500,2500,2500,2500,2499,800,799,0,0,100,0,0,0,0,0,0,0,0,5,0,0,0,0,231143.9609375,17658.326721191406,0,404327403520,8589930496,5545000960,114688
9,1791566449340,2500,2500,800,800,800,800,799,800,2499,2500,2500,2500,2500,2499,800,799,0,0,100,0,0,0,0,0,0,0,0,5,0,0,0,0,231144.10760498047,17658.647033691406,0,404327403520,8589930496,5545000960,114688
9,1791566449350,2500,2500,800,800,800,800,799,800,2499,2500,2500,2500,2500,2499,800,799,0,0,100,0,0,0,0,0,0,0,0,5,0,0,0,0,231144.25720214844,17658.97137451172,0,404327403520,8589930496,5545000960,114688
9,1791566449360,2500,2500,800,800,800,800,799,800,2499,2500,2500,2500,2500,2499,800,799,0,0,100,0,0,0,0,0,0,0,0,5,0,0,0,0,231144.40789794922,17659.292358398438,0,404327403520,8589930496,5545000960,114688
9,1791566449370,2500,2500,800,800,800,800,799,800,2499,2500,2500,2500,2500,2499,800,799,0,0,100,0,0,0,0,0,0,0,0,5,0,0,0,0,231144.5596923828,17659.617065429688,0,404327403520,8589930496,5552930816,114688
9,1791566449380,2500,2500,800,800,800,800,799,800,2499,2500,2500,2500,2500,2499,800,799,0,0,100,0,0,0,0,0,0,0,0,5,0,0,0,0,231144.7109375,17659.942932128906,0,404327403520,8589930496,5552930816,114688
9,1791566449390,2500,2500,800,800,800,800,799,800,2499,2500,2500,2500,2500,2499,800,799,0,0,100,0,0,0,0,0,0,0,0,5,0,0,0,0,231144.86474609375,17660.265869140625,0,404327403520,8589930496,5552930816,114688
9,1791566449400,2500,2500,800,800,800,800,799,800,2499,2500,2500,2500,2500,2499,800,799,0,0,100,0,0,0,0,0,0,0,0,5,0,0,0,0,231145.01641845703,17660.591918945313,0,404327403520,8589930496,5552930816,114688
9,1791566449410,2500,2500,800,800,800,800,799,800,2499,2500,2500,2500,2500,2499,800,799,10,0,100,0,0,0,0,9.523809432983398,0,0,0,0,0,0,4.761904716491699,0,231145.1683959961,17660.917114257813,0,404327403520,8589930496,5561356288,114688
9,1791566449420,2500,2500,800,800,800,800,799,800,2499,2500,2500,2500,2500,2499,800,799,10,0,100,0,0,0,0,9.523809432983398,0,0,0,0,0,0,4.761904716491699,0,231145.32330322266,17661.239318847656,0,404327403520,8589930496,5561356288,114688
9,1791566449430,2500,2500,800,800,800,800,799,800,2499,2500,2500,2500,2500,2499,800,799,10,0,100,0,0,0,0,9.523809432983398,0,0,0,0,0,0,4.761904716491699,0,231145.47235107422,17661.561889648438,0,404327403520,8589930496,5561356288,114688
9,1791566449441,2500,2500,800,800,800,800,799,800,2499,2500,2500,2500,2500,2499,800,799,10,0,100,0,0,0,0,9.523809432983398,0,0,0,0,0,0,4.761904716491699,0,231145.6212158203,17661.891540527344,0,404327403520,8589930496,5561356288,114688
9,1791566449451,2500,2500,800,800,800,800,799,800,2499,2500,2500,2500,2500,2499,800,799,10,0,100,0,0,0,0,9.523809432983398,0,0,0,0,0,0,4.761904716491699,0,231145.78857421875,17662.24774169922,0,404327403520,8589930496,5561356288,114688
9,1791566449461,2500,2500,800,800,800,800,799,800,2499,2500,2500,2500,2500,2499,800,799,10,0,100,0,0,0,0,9.523809432983398,0,0,0,0,0,0,4.761904716491699,0,231145.94360351563,17662.565795898438,0,404327403520,8589930496,5569781760,114688
9,1791566449471,2500,2500,800,800,800,800,799,800,2499,2500,2500,2500,2500,2499,800,799,10,0,100,0,0,0,0,9.523809432983398,0,0,0,0,0,0,4.761904716491699,0,231146.10034179688,17662.894958496094,0,404327403520,8589930496,5569781760,114688
9,1791566449481,2500,2500,800,800,800,800,799,800,2499,2500,2500,2500,2500,2499,800,799,10,0,100,0,0,0,0,9.523809432983398,0,0,0,0,0,0,4.761904716491699,0,231146.25323486328,17663.215942382813,0,404327403520,8589930496,5569781760,114688
9,1791566449491,2500,2500,800,800,800,800,799,800,2499,2500,2500,2500,2500,2499,800,799,10,0,100,0,0,0,0,9.523809432983398,0,0,0,0,0,0,4.761904716491699,0,231146.40869140625,17663.54052734375,0,404327403520,8589930496,5569781760,114688
9,1791566449501,2500,2500,800,800,800,800,799,800,2499,2500,2500,2500,2500,2499,800,799,10,0,100,0,0,0,0,9.523809432983398,0,0,0,0,0,0,4.761904716491699,0,231146.5601196289,17663.861694335938,0,404327403520,8589930496,5577711616,114688
10,1791566449511,2500,2500,800,800,800,800,799,800,2499,2500,2500,2500,2500,2499,800,799,10,0,100,0,0,0,0,9.523809432983398,0,0,0,0,0,0,4.761904716491699,0,231146.7091064453,17664.190368652344,0,404327403520,8589930496,5577711616,114688
9,1791566449521,2500,2500,800,800,800,800,799,800,2499,2500,2500,2500,2500,2499,800,799,10,0,100,0,0,0,0,9.523809432983398,0,0,0,0,0,0,4.761904716491699,0,231146.85815429688,17664.513671875,0,404327403520,8589930496,5577711616,114688
9,1791566449531,2500,2500,800,800,800,800,799,800,2499,2500,2500,2500,2500,2499,800,799,10,0,100,0,0,0,0,9.523809432983398,0,0,0,0,0,0,4.761904716491699,0,231147.01013183594,17664.83673095703,0,404327403520,8589930496,5577711616,114688
10,1791566449541,2500,2500,800,800,800,800,799,800,2499,2500,2500,2500,2500,2499,800,799,10,0,100,0,0,0,0,9.523809432983398,0,0,0,0,0,0,4.761904716491699,0,231147.16650390625,17665.160888671875,0,404327403520,8589930496,5577711616,114688
10,1791566449551,2500,2500,800,800,800,800,799,800,2499,2500,2500,2500,2500,2499,800,799,10,0,100,0,0,0,0,9.523809432983398,0,0,0,0,0,0,4.761904716491699,0,231147.31896972656,17665.495361328125,0,404327403520,8589930496,5577711616,114688
9,1791566449562,2500,2500,800,800,800,800,799,800,2499,2500,2500,2500,2500,2499,800,799,10,0,100,0,0,0,0,9.523809432983398,0,0,0,0,0,0,4.761904716491699,0,231147.4722290039,17665.813415527344,0,404327403520,8589930496,5586137088,114688
9,1791566449572,2500,2500,800,800,800,800,799,800,2499,2500,2500,2500,2500,2499,800,799,10,0,100,0,0,0,0,9.523809432983398,0,0,0,0,0,0,4.761904716491699,0,231147.62310791016,17666.136596679688,0,404327403520,8589930496,5586137088,114688
10,1791566449582,2500,2500,800,800,800,800,799,800,2499,2500,2500,2500,2500,2499,800,799,10,0,100,0,0,0,0,9.523809432983398,0,0,0,0,0,0,4.761904716491699,0,231147.7748413086,17666.461853027344,0,404327403520,8589930496,5586137088,114688
9,1791566449592,2500,2500,800,800,800,800,799,800,2499,2500,2500,2500,2500,2499,800,799,10,0,100,0,0,0,0,9.523809432983398,0,0,0,0,0,0,4.761904716491699,0,231147.92810058594,17666.78564453125,0,404327403520,8589930496,5586137088,114688
10,1791566449602,2500,2500,800,800,800,800,799,800,2499,2500,2500,2500,2500,2499,800,799,10,0,100,0,0,0,0,9.523809432983398,0,0,0,0,0,0,4.761904716491699,0,231148.08026123047,17667.107177734375,0,404327403520,8589930496,5594562560,114688
9,1791566449612,2500,2500,800,800,800,800,799,800,2499,2500,2500,2500,2500,2499,800,799,0,0,100,0,0,0,0,0,0,0,0,0,0,0,0,0,231148.2474975586,17667.466247558594,0,404327403520,8589930496,5594562560,114688
10,1791566449622,2500,2500,800,800,800,800,799,800,2499,2500,2500,2500,2500,2499,800,799,0,0,100,0,0,0,0,0,0,0,0,0,0,0,0,0,231148.3804321289,17667.757385253906,0,404327403520,8589930496,5594562560,114688
9,1791566449632,2500,2500,800,800,800,800,799,800,2499,2500,2500,2500,2500,2499,800,799,0,0,100,0,0,0,0,0,0,0,0,0,0,0,0,0,231148.5428466797,17668.11260986328,0,404327403520,8589930496,5594562560,114688
9,1791566449642,2500,2500,800,800,800,800,799,800,2499,2500,2500,2500,2500,2499,800,799,0,0,100,0,0,0,0,0,0,0,0,0,0,0,0,0,231148.70013427734,17668.435546875,0,404327403520,8589930496,5602492416,114688
9,1791566449652,2500,2500,800,800,800,800,799,800,2499,2500,2500,2500,2500,2499,800,799,0,0,100,0,0,0,0,0,0,0,0,0,0,0,0,0,231148.84936523438,17668.757751464844,0,404327403520,8589930496,5602492416,114688
10,1791566449662,2500,2500,800,800,800,800,799,800,2499,2500,2500,2500,2500,2499,800,799,0,0,100,0,0,0,0,0,0,0,0,0,0,0,0,0,231148.99926757813,17669.081298828125,0,404327403520,8589930496,5602492416,114688
10,1791566449672,2500,2500,800,800,800,800,799,800,2499,2500,2500,2500,2500,2499,800,799,0,0,100,0,0,0,0,0,0,0,0,0,0,0,0,0,231149.1488647461,17669.406982421875,0,404327403520,8589930496,5602492416,114688
9,1791566449682,2500,2500,800,800,800,800,799,800,2499,2500,2500,2500,2500,2499,800,799,0,0,100,0,0,0,0,0,0,0,0,0,0,0,0,0,231149.2954711914,17669.729553222656,0,404327403520,8589930496,5602492416,114688
10,1791566449692,2500,2500,800,800,800,800,799,800,2499,2500,2500,2500,2500,2499,800,799,0,0,100,0,0,0,0,0,0,0,0,0,0,0,0,0,231149.4462890625,17670.049926757813,0,404327403520,8589930496,5610917888,114688
10,1791566449702,2500,2500,800,800,800,800,799,800,2499,2500,2500,2500,2500,2499,800,799,0,0,100,0,0,0,0,0,0,0,0,0,0,0,0,0,231149.60119628906,17670.372314453125,0,404327403520,8589930496,5610917888,114688
9,1791566449713,2500,2500,800,800,800,800,799,800,2499,2500,2500,2500,2500,2499,800,799,0,0,100,0,0,0,0,0,0,0,0,0,0,0,0,0,231149.7520751953,17670.697265625,0,404327403520,8589930496,5610917888,114688
9,1791566449723,2500,2500,800,800,800,800,799,800,2499,2500,2500,2500,2500,2499,800,799,0,0,100,0,0,0,0,0,0,0,0,0,0,0,0,0,231149.9022216797,17671.023803710938,0,404327403520,8589930496,5610917888,114688
9,1791566449733,2500,2500,800,800,800,800,799,800,2499,2500,2500,2500,2500,2499,800,799,0,0,100,0,0,0,0,0,0,0,0,0,0,0,0,0,231150.05377197266,17671.345092773438,0,404327403520,8589930496,5619343360,114688
9,1791566449743,2500,2500,800,800,800,800,799,800,2499,2500,2500,2500,2500,2499,800,799,0,0,100,0,0,0,0,0,0,0,0,0,0,0,0,0,231150.201171875,17671.668579101563,0,404327403520,8589930496,5619343360,114688
9,1791566449753,2500,2500,800,800,800,800,799,800,2499,2500,2500,2500,2500,2499,800,799,0,0,100,0,0,0,0,0,0,0,0,0,0,0,0,0,231150.3516845703,17671.987365722656,0,404327403520,8589930496,5619343360,114688
9,1791566449763,2500,2500,800,800,800,800,799,800,2499,2500,2500,2500,2500,2499,800,799,0,0,100,0,0,0,0,0,0,0,0,0,0,0,0,0,231150.5,17672.3076171875,0,404327403520,8589930496,5619343360,114688
10,1791566449773,2500,2500,800,800,800,800,799,800,2499,2500,2500,2500,2500,2499,800,799,0,0,100,0,0,0,0,0,0,0,0,0,0,0,0,0,231150.65106201172,17672.63201904297,0,404327403520,8589930496,5619343360,114688
9,1791566449783,2500,2500,800,800,800,800,799,800,2499,2500,2500,2500,2500,2499,800,799,0,0,100,0,0,0,0,0,0,0,0,0,0,0,0,0,231150.80377197266,17672.95294189453,0,404327403520,8589930496,5627273216,114688
9,1791566449793,2500,2500,800,800,800,800,799,800,2499,2500,2500,2500,2500,2499,800,799,0,0,100,0,0,0,0,0,0,0,0,0,0,0,0,0,231150.97186279297,17673.309020996094,0,404327403520,8589930496,5627273216,114688
10,1791566449803,2500,2500,800,800,800,800,799,800,2499,2500,2500,2500,2500,2499,800,799,0,0,100,0,0,0,0,0,0,0,0,0,0,0,0,0,231151.12384033203,17673.632934570313,0,404327403520,8589930496,5627273216,114688
9,1791566449813,2500,2500,800,800,800,800,799,800,2499,2500,2500,2500,2500,2499,800,799,10,0,100,0,0,0,0,9.523809432983398,0,0,0,0,0,0,0,0,231151.27380371094,17673.955505371094,0,404327403520,8589930496,5627273216,114688
9,1791566449823,2500,2500,800,800,800,800,799,800,2499,2500,2500,2500,2500,2499,800,799,10,0,100,0,0,0,0,9.523809432983398,0,0,0,0,0,0,0,0,231151.4217529297,17674.283752441406,0,404327403520,8589930496,5635698688,114688
10,1791566449833,2500,2500,800,800,800,800,799,800,2499,2500,2500,2500,2500,2499,800,799,10,0,100,0,0,0,0,9.523809432983398,0,0,0,0,0,0,0,0,231151.5693359375,17674.60498046875,0,404327403520,8589930496,5635698688,114688
10,1791566449843,2500,2500,800,800,800,800,799,800,2499,2500,2500,2500,2500,2499,800,799,10,0,100,0,0,0,0,9.523809432983398,0,0,0,0,0,0,0,0,231151.72021484375,17674.92547607422,0,404327403520,8589930496,5635698688,114688
10,1791566449854,2500,2500,800,800,800,800,799,800,2499,2500,2500,2500,2500,2499,800,799,10,0,100,0,0,0,0,9.523809432983398,0,0,0,0,0,0,0,0,231151.86907958984,17675.249389648438,0,404327403520,8589930496,5635698688,114688
9,1791566449864,2500,2500,800,800,800,800,799,800,2499,2500,2500,2500,2500,2499,800,799,10,0,100,0,0,0,0,9.523809432983398,0,0,0,0,0,0,0,0,231152.0205078125,17675.569091796875,0,404327403520,8589930496,5635698688,114688
9,1791566449874,2500,2500,800,800,800,800,799,800,2499,2500,2500,2500,2500,2499,800,799,10,0,100,0,0,0,0,9.523809432983398,0,0,0,0,0,0,0,0,231152.169921875,17675.891357421875,0,404327403520,8589930496,5644124160,114688
9,1791566449884,2500,2500,800,800,800,800,799,800,2499,2500,2500,2500,2500,2499,800,799,10,0,100,0,0,0,0,9.523809432983398,0,0,0,0,0,0,0,0,231152.32501220703,17676.2177734375,0,404327403520,8589930496,5644124160,114688
10,1791566449894,2500,2500,800,800,800,800,799,800,2499,2500,2500,2500,2500,2499,800,799,10,0,100,0,0,0,0,9.523809432983398,0,0,0,0,0,0,0,0,231152.4822998047,17676.5361328125,0,404327403520,8589930496,5644124160,114688
9,1791566449904,2500,2500,800,800,800,800,799,800,2499,2500,2500,2500,2500,2499,800,799,10,0,100,0,0,0,0,9.523809432983398,0,0,0,0,0,0,0,0,231152.63568115234,17676.858642578125,0,404327403520,8589930496,5644124160,114688
9,1791566449914,2500,2500,800,800,800,800,799,800,2499,2500,2500,2500,2500,2499,800,799,10,0,100,0,0,0,0,9.523809432983398,0,0,0,0,0,0,0,0,231152.78692626953,17677.180725097656,0,404327403520,8589930496,5652054016,114688
9,1791566449924,2500,2500,800,800,800,800,799,800,2499,2500,2500,2500,2500,2499,800,799,10,0,100,0,0,0,0,9.523809432983398,0,0,0,0,0,0,0,0,231152.95336914063,17677.5380859375,0,404327403520,8589930496,5652054016,114688
10,1791566449934,2500,2500,800,800,800,800,799,800,2499,2500,2500,2500,2500,2499,800,799,10,0,100,0,0,0,0,9.523809432983398,0,0,0,0,0,0,0,0,231153.08868408203,17677.82635498047,0,404327403520,8589930496,5652054016,114688
9,1791566449944,2500,2500,800,800,800,800,799,800,2499,2500,2500,2500,2500,2499,800,799,10,0,100,0,0,0,0,9.523809432983398,0,0,0,0,0,0,0,0,231153.2529296875,17678.182495117188,0,404327403520,8589930496,5652054016,114688
9,1791566449954,2500,2500,800,800,800,800,799,800,2499,2500,2500,2500,2500,2499,800,799,10,0,100,0,0,0,0,9.523809432983398,0,0,0,0,0,0,0,0,231153.40399169922,17678.505249023438,0,404327403520,8589930496,5652054016,114688
10,1791566449964,2500,2500,800,800,800,800,799,800,2499,2500,2500,2500,2500,2499,800,799,10,0,100,0,0,0,0,9.523809432983398,0,0,0,0,0,0,0,0,231153.5557861328,17678.823486328125,0,404327403520,8589930496,5660479488,114688
9,1791566449975,2500,2500,800,800,800,800,799,800,2499,2500,2500,2500,2500,2499,800,799,10,0,100,0,0,0,0,9.523809432983398,0,0,0,0,0,0,0,0,231153.70721435547,17679.149780273438,0,404327403520,8589930496,5660479488,114688
10,1791566449984,2500,2500,800,800,800,800,799,800,2499,2500,2500,2500,2500,2499,800,799,10,0,100,0,0,0,0,9.523809432983398,0,0,0,0,0,0,0,0,231153.86560058594,17679.476440429688,0,404327403520,8589930496,5660479488,114688
9,1791566449995,2500,2500,800,800,800,800,799,800,2499,2500,2500,2500,2500,2499,800,799,10,0,100,0,0,0,0,9.523809432983398,0,0,0,0,0,0,0,0,231154.02069091797,17679.7998046875,0,404327403520,8589930496,5660479488,114688
9,1791566450005,2500,2500,800,800,800,800,799,800,2499,2500,2500,2500,2500,2499,800,799,10,0,100,0,0,0,0,9.523809432983398,0,0,0,0,0,0,0,0,231154.1669921875,17680.1240234375,0,404327403520,8589930496,5668904960,114688
9,1791566450015,2500,2500,800,800,800,800,799,800,2499,2500,2500,2500,2500,2499,800,799,5,0,100,4.761904716491699,4.761904716491699,0,0,0,0,0,0,0,0,0,0,4.761904716491699,231154.31274414063,17680.44842529297,0,404327403520,8589930496,5668904960,114688
10,1791566450025,2500,2500,800,800,800,800,799,800,2499,2500,2500,2500,2500,2499,800,799,5,0,100,4.761904716491699,4.761904716491699,0,0,0,0,0,0,0,0,0,0,4.761904716491699,231154.4610595703,17680.773193359375,0,404327403520,8589930496,5668904960,114688
9,1791566450035,2500,2500,800,800,800,800,799,800,2499,2500,2500,2500,2500,2499,800,799,5,0,100,4.761904716491699,4.761904716491699,0,0,0,0,0,0,0,0,0,0,4.761904716491699,231154.61212158203,17681.097229003906,0,404327403520,8589930496,5668904960,114688
9,1791566450045,2500,2500,800,800,800,800,799,800,2499,2500,2500,2500,2500,2499,800,799,5,0,100,4.761904716491699,4.761904716491699,0,0,0,0,0,0,0,0,0,0,4.761904716491699,231154.76208496094,17681.419494628906,0,404327403520,8589930496,5668904960,114688
10,1791566450055,2500,2500,800,800,800,800,799,800,2499,2500,2500,2500,2500,2499,800,799,5,0,100,4.761904716491699,4.761904716491699,0,0,0,0,0,0,0,0,0,0,4.761904716491699,231154.9144897461,17681.745178222656,0,404327403520,8589930496,5676834816,114688
9,1791566450065,2500,2500,800,800,800,800,799,800,2499,2500,2500,2500,2500,2499,800,799,5,0,100,4.761904716491699,4.761904716491699,0,0,0,0,0,0,0,0,0,0,4.761904716491699,231155.0626220703,17682.070556640625,0,404327403520,8589930496,5676834816,114688
9,1791566450075,2500,2500,800,800,800,800,799,800,2499,2500,2500,2500,2500,2499,800,799,5,0,100,4.761904716491699,4.761904716491699,0,0,0,0,0,0,0,0,0,0,4.761904716491699,231155.23052978516,17682.425048828125,0,404327403520,8589930496,5676834816,114688
9,1791566450085,2500,2500,800,800,800,800,799,800,2499,2500,2500,2500,2500,2499,800,799,5,0,100,4.761904716491699,4.761904716491699,0,0,0,0,0,0,0,0,0,0,4.761904716491699,231155.36639404297,17682.715942382813,0,404327403520,8589930496,5676834816,114688
10,1791566450095,2500,2500,800,800,800,800,799,800,2499,2500,2500,2500,2500,2499,800,799,5,0,100,4.761904716491699,4.761904716491699,0,0,0,0,0,0,0,0,0,0,4.761904716491699,231155.52056884766,17683.038635253906,0,404327403520,8589930496,5684944896,114688
10,1791566450105,2500,2500,800,800,800,800,799,800,2499,2500,2500,2500,2500,2499,800,799,5,0,100,4.761904716491699,4.761904716491699,0,0,0,0,0,0,0,0,0,0,4.761904716491699,231155.67016601563,17683.365356445313,0,404327403520,8589930496,5684944896,114688
9,1791566450115,2500,2500,800,800,800,800,799,800,2499,2500,2500,2500,2500,2499,800,799,5,0,100,4.761904716491699,4.761904716491699,0,0,0,0,0,0,0,0,0,0,4.761904716491699,231155.83239746094,17683.723022460938,0,404327403520,8589930496,5684944896,114688
9,1791566450126,2500,2500,800,800,800,800,799,800,2499,2500,2500,2500,2500,2499,800,799,5,0,100,4.761904716491699,4.761904716491699,0,0,0,0,0,0,0,0,0,0,4.761904716491699,231155.98236083984,17684.050048828125,0,404327403520,8589930496,5684944896,114688
9,1791566450136,2500,2500,800,800,800,800,799,800,2499,2500,2500,2500,2500,2499,800,799,5,0,100,4.761904716491699,4.761904716491699,0,0,0,0,0,0,0,0,0,0,4.761904716491699,231156.13507080078,17684.373596191406,0,404327403520,8589930496,5684944896,114688
9,1791566450146,2500,2500,800,800,800,800,799,800,2499,2500,2500,2500,2500,2499,800,799,5,0,100,4.761904716491699,4.761904716491699,0,0,0,0,0,0,0,0,0,0,4.761904716491699,231156.28997802734,17684.69970703125,0,404327403520,8589930496,5693370368,114688
9,1791566450156,2500,2500,800,800,800,800,799,800,2499,2500,2500,2500,2500,2499,800,799,5,0,100,4.761904716491699,4.761904716491699,0,0,0,0,0,0,0,0,0,0,4.761904716491699,231156.43591308594,17685.022521972656,0,404327403520,8589930496,5684559872,114688
9,1791566450166,2500,2500,800,800,800,800,799,800,2499,2500,2500,2500,2500,2499,800,799,5,0,100,4.761904716491699,4.761904716491699,0,0,0,0,0,0,0,0,0,0,4.761904716491699,231156.5897216797,17685.340576171875,0,404327403520,8589930496,5684559872,114688
9,1791566450176,2500,2500,800,800,800,800,799,800,2499,2500,2500,2500,2500,2499,800,799,5,0,100,4.761904716491699,4.761904716491699,0,0,0,0,0,0,0,0,0,0,4.761904716491699,231156.74157714844,17685.666625976563,0,404327403520,8589930496,5684559872,114688
9,1791566450186,2500,2500,800,800,800,800,799,800,2499,2500,2500,2500,2500,2499,800,799,5,0,100,4.761904716491699,4.761904716491699,0,0,0,0,0,0,0,0,0,0,4.761904716491699,231156.89013671875,17685.990783691406,0,404327403520,8589930496,5692489728,114688
9,1791566450196,2500,2500,800,800,800,800,799,800,2499,2500,2500,2500,2500,2499,800,799,5,0,100,4.761904716491699,4.761904716491699,0,0,0,0,0,0,0,0,0,0,4.761904716491699,231157.04193115234,17686.315063476563,0,404327403520,8589930496,5692489728,114688
9,1791566450206,2500,2500,800,800,800,800,799,800,2499,2500,2500,2500,2500,2499,800,799,5,0,100,4.761904716491699,4.761904716491699,0,0,0,0,0,0,0,0,0,0,4.761904716491699,231157.19427490234,17686.640502929688,0,404327403520,8589930496,5692489728,114688
9,1791566450216,2500,2500,800,800,800,800,799,800,2499,2500,2500,2500,2500,2499,800,799,0,0,100,0,0,0,0,9.523809432983398,0,5,0,0,0,0,0,0,231157.36639404297,17686.99560546875,0,404327403520,8589930496,5692489728,114688
10,1791566450226,2500,2500,800,800,800,800,799,800,2499,2500,2500,2500,2500,2499,800,799,0,0,100,0,0,0,0,9.523809432983398,0,5,0,0,0,0,0,0,231157.50244140625,17687.287170410156,0,404327403520,8589930496,5692489728,114688
9,1791566450236,2500,2500,800,800,800,800,799,800,2499,2500,2500,2500,2500,2499,800,799,0,0,100,0,0,0,0,9.523809432983398,0,5,0,0,0,0,0,0,231157.6600341797,17687.642700195313,0,404327403520,8589930496,5700915200,114688
9,1791566450246,2500,2500,800,800,800,800,799,800,2499,2500,2500,2500,2500,2499,800,799,0,0,100,0,0,0,0,9.523809432983398,0,5,0,0,0,0,0,0,231157.79650878906,17687.933532714844,0,404327403520,8589930496,5700915200,114688
10,1791566450256,2500,2500,800,800,800,800,799,800,2499,2500,2500,2500,2500,2499,800,799,0,0,100,0,0,0,0,9.523809432983398,0,5,0,0,0,0,0,0,231157.95050048828,17688.257385253906,0,404327403520,8589930496,5700915200,114688
9,1791566450267,2500,2500,800,800,800,800,799,800,2499,2500,2500,2500,2500,2499,800,799,0,0,100,0,0,0,0,9.523809432983398,0,5,0,0,0,0,0,0,231158.11895751953,17688.60870361328,0,404327403520,8589930496,5700915200,114688
10,1791566450276,2500,2500,800,800,800,800,799,800,2499,2500,2500,2500,2500,2499,800,799,0,0,100,0,0,0,0,9.523809432983398,0,5,0,0,0,0,0,0,231158.25427246094,17688.901245117188,0,404327403520,8589930496,5709340672,114688
10,1791566450287,2500,2500,800,800,800,800,799,800,2499,2500,2500,2500,2500,2499,800,799,0,0,100,0,0,0,0,9.523809432983398,0,5,0,0,0,0,0,0,231158.4057006836,17689.21942138672,0,404327403520,8589930496,5709340672,114688
9,1791566450297,2500,2500,800,800,800,800,799,800,2499,2500,2500,2500,2500,2499,800,799,0,0,100,0,0,0,0,9.523809432983398,0,5,0,0,0,0,0,0,231158.57781982422,17689.57781982422,0,404327403520,8589930496,5709340672,114688
10,1791566450307,2500,2500,800,800,800,800,799,800,2499,2500,2500,2500,2500,2499,800,799,0,0,100,0,0,0,0,9.523809432983398,0,5,0,0,0,0,0,0,231158.73217773438,17689.899841308594,0,404327403520,8589930496,5709340672,114688
9,1791566450317,2500,2500,800,800,800,800,799,800,2499,2500,2500,2500,2500,2499,800,799,0,0,100,0,0,0,0,9.523809432983398,0,5,0,0,0,0,0,0,231158.88452148438,17690.223571777344,0,404327403520,8589930496,5709340672,114688
9,1791566450327,2500,2500,800,800,800,800,799,800,2499,2500,2500,2500,2500,2499,800,799,0,0,100,0,0,0,0,9.523809432983398,0,5,0,0,0,0,0,0,231159.044921875,17690.547119140625,0,404327403520,8589930496,5725696000,114688
9,1791566450337,2500,2500,800,800,800,800,799,800,2499,2500,2500,2500,2500,2499,800,799,0,0,100,0,0,0,0,9.523809432983398,0,5,0,0,0,0,0,0,231159.19708251953,17690.868286132813,0,404327403520,8589930496,5725696000,114688
9,1791566450347,2500,2500,800,800,800,800,799,800,2499,2500,2500,2500,2500,2499,800,799,0,0,100,0,0,0,0,9.523809432983398,0,5,0,0,0,0,0,0,231159.3487548828,17691.193725585938,0,404327403520,8589930496,5725696000,114688
9,1791566450357,2500,2500,800,800,800,800,799,800,2499,2500,2500,2500,2500,2499,800,799,0,0,100,0,0,0,0,9.523809432983398,0,5,0,0,0,0,0,0,231159.49908447266,17691.523193359375,0,404327403520,8589930496,5725696000,114688
9,1791566450367,2500,2500,800,800,800,800,799,800,2499,2500,2500,2500,2500,2499,800,799,0,0,100,0,0,0,0,9.523809432983398,0,5,0,0,0,0,0,0,231159.65380859375,17691.847229003906,0,404327403520,8589930496,5734121472,114688
10,1791566450377,2500,2500,800,800,800,800,799,800,2499,2500,2500,2500,2500,2499,800,799,0,0,100,0,0,0,0,9.523809432983398,0,5,0,0,0,0,0,0,231159.80743408203,17692.171752929688,0,404327403520,8589930496,5734121472,114688
9,1791566450387,2500,2500,800,800,800,800,799,800,2499,2500,2500,2500,2500,2499,800,799,0,0,100,0,0,0,0,9.523809432983398,0,5,0,0,0,0,0,0,231159.95831298828,17692.498901367188,0,404327403520,8589930496,5734121472,114688
9,1791566450397,2500,2500,800,800,800,800,799,800,2499,2500,2500,2500,2500,2499,800,799,0,0,100,0,0,0,0,9.523809432983398,0,5,0,0,0,0,0,0,231160.1104736328,17692.823669433594,0,404327403520,8589930496,5734121472,114688
9,1791566450407,2500,2500,800,800,800,800,799,800,2499,2500,2500,2500,2500,2499,800,799,0,0,100,0,0,0,0,9.523809432983398,0,5,0,0,0,0,0,0,231160.25787353516,17693.151794433594,0,404327403520,8589930496,5734121472,114688
10,1791566450417,2500,2500,800,800,800,800,799,800,2499,2500,2500,2500,2500,2499,800,799,10,0,100,0,0,4.761904716491699,4.761904716491699,0,5,0,0,5,0,0,0,0,231160.408203125,17693.475830078125,0,404327403520,8589930496,5742051328,114688
9,1791566450428,2500,2500,800,800,800,800,799,800,2499,2500,2500,2500,2500,2499,800,799,10,0,100,0,0,4.761904716491699,4.761904716491699,0,5,0,0,5,0,0,0,0,231160.56182861328,17693.802673339844,0,404327403520,8589930496,5742051328,114688
9,1791566450438,2500,2500,800,800,800,800,799,800,2499,2500,2500,2500,2500,2499,800,799,10,0,100,0,0,4.761904716491699,4.761904716491699,0,5,0,0,5,0,0,0,0,231160.7275390625,17694.15887451172,0,404327403520,8589930496,5742051328,114688
9,1791566450448,2500,2500,800,800,800,800,799,800,2499,2500,2500,2500,2500,2499,800,799,10,0,100,0,0,4.761904716491699,4.761904716491699,0,5,0,0,5,0,0,0,0,231160.88018798828,17694.48504638672,0,404327403520,8589930496,5742051328,114688
9,1791566450458,2500,2500,800,800,800,800,799,800,2499,2500,2500,2500,2500,2499,800,799,10,0,100,0,0,4.761904716491699,4.761904716491699,0,5,0,0,5,0,0,0,0,231161.03674316406,17694.8076171875,0,404327403520,8589930496,5750476800,114688
9,1791566450468,2500,2500,800,800,800,800,799,800,2499,2500,2500,2500,2500,2499,800,799,10,0,100,0,0,4.761904716491699,4.761904716491699,0,5,0,0,5,0,0,0,0,231161.1908569336,17695.13800048828,0,404327403520,8589930496,5750476800,114688
9,1791566450478,2500,2500,800,800,800,800,799,800,2499,2500,2500,2500,2500,2499,800,799,10,0,100,0,0,4.761904716491699,4.761904716491699,0,5,0,0,5,0,0,0,0,231161.3448486328,17695.46649169922,0,404327403520,8589930496,5750476800,114688
10,1791566450488,2500,2500,800,800,800,800,799,800,2499,2500,2500,2500,2500,2499,800,799,10,0,100,0,0,4.761904716491699,4.761904716491699,0,5,0,0,5,0,0,0,0,231161.4990234375,17695.79168701172,0,404327403520,8589930496,5750476800,114688
10,1791566450498,2500,2500,800,800,800,800,799,800,2499,2500,2500,2500,2500,2499,800,799,10,0,100,0,0,4.761904716491699,4.761904716491699,0,5,0,0,5,0,0,0,0,231161.65112304688,17696.12060546875,0,404327403520,8589930496,5750476800,114688
9,1791566450508,2500,2500,800,800,800,800,799,800,2499,2500,2500,2500,2500,2499,800,799,10,0,100,0,0,4.761904716491699,4.761904716491699,0,5,0,0,5,0,0,0,0,231161.80603027344,17696.439575195313,0,404327403520,8589930496,5758902272,114688
9,1791566450518,2500,2500,800,800,800,800,799,800,2499,2500,2500,2500,2500,2499,800,799,10,0,100,0,0,4.761904716491699,4.761904716491699,0,5,0,0,5,0,0,0,0,231161.9627685547,17696.76806640625,0,404327403520,8589930496,5758902272,114688
9,1791566450528,2500,2500,800,800,800,800,799,800,2499,2500,2500,2500,2500,2499,800,799,10,0,100,0,0,4.761904716491699,4.761904716491699,0,5,0,0,5,0,0,0,0,231162.11419677734,17697.088806152344,0,404327403520,8589930496,5758902272,114688
10,1791566450538,2500,2500,800,800,800,800,799,800,2499,2500,2500,2500,2500,2499,800,799,10,0,100,0,0,4.761904716491699,4.761904716491699,0,5,0,0,5,0,0,0,0,231162.27056884766,17697.420776367188,0,404327403520,8589930496,5758902272,114688
9,1791566450549,2500,2500,800,800,800,800,799,800,2499,2500,2500,2500,2500,2499,800,799,10,0,100,0,0,4.761904716491699,4.761904716491699,0,5,0,0,5,0,0,0,0,231162.42413330078,17697.74786376953,0,404327403520,8589930496,5766832128,114688
9,1791566450558,2500,2500,800,800,800,800,799,800,2499,2500,2500,2500,2500,2499,800,799,10,0,100,0,0,4.761904716491699,4.761904716491699,0,5,0,0,5,0,0,0,0,231162.5740966797,17698.072875976563,0,404327403520,8589930496,5766832128,114688
9,1791566450569,2500,2500,800,800,800,800,799,800,2499,2500,2500,2500,2500,2499,800,799,10,0,100,0,0,4.761904716491699,4.761904716491699,0,5,0,0,5,0,0,0,0,231162.73120117188,17698.39471435547,0,404327403520,8589930496,5766832128,114688
10,1791566450579,2500,2500,800,800,800,800,799,800,2499,2500,2500,2500,2500,2499,800,799,10,0,100,0,0,4.761904716491699,4.761904716491699,0,5,0,0,5,0,0,0,0,231162.88024902344,17698.720275878906,0,404327403520,8589930496,5766832128,114688
9,1791566450589,2500,2500,800,800,800,800,799,800,2499,2500,2500,2500,2500,2499,800,799,10,0,100,0,0,4.761904716491699,4.761904716491699,0,5,0,0,5,0,0,0,0,231163.03387451172,17699.078369140625,0,404327403520,8589930496,5770301440,114688
10,1791566450599,2500,2500,800,800,800,800,799,800,2499,2500,2500,2500,2500,2499,800,799,10,0,100,0,0,4.761904716491699,4.761904716491699,0,5,0,0,5,0,0,0,0,231163.18548583984,17699.376708984375,0,404327403520,8589930496,5775257600,114688
10,1791566450609,2500,2500,800,800,800,800,799,800,2499,2500,2500,2500,2500,2499,800,799,10,0,100,0,0,4.761904716491699,4.761904716491699,0,5,0,0,5,0,0,0,0,231163.34149169922,17699.700561523438,0,404327403520,8589930496,5775257600,114688
9,1791566450619,2500,2500,800,800,800,800,799,800,2499,2500,2500,2500,2500,2499,800,799,0,5,100,0,0,0,0,9.523809432983398,0,0,0,0,0,0,0,0,231163.51196289063,17700.06072998047,0,404327403520,8589930496,5775257600,114688
10,1791566450629,2500,2500,800,800,800,800,799,800,2499,2500,2500,2500,2500,2499,800,799,0,5,100,0,0,0,0,9.523809432983398,0,0,0,0,0,0,0,0,231163.66668701172,17700.384765625,0,404327403520,8589930496,5775257600,114688
10,1791566450639,2500,2500,800,800,800,800,799,800,2499,2500,2500,2500,2500,2499,800,799,0,5,100,0,0,0,0,9.523809432983398,0,0,0,0,0,0,0,0,231163.81939697266,17700.706420898438,0,404327403520,8589930496,5783683072,114688
9,1791566450649,2500,2500,800,800,800,800,799,800,2499,2500,2500,2500,2500,2499,800,799,0,5,100,0,0,0,0,9.523809432983398,0,0,0,0,0,0,0,0,231163.97131347656,17701.0302734375,0,404327403520,8589930496,5783683072,114688
9,1791566450659,2500,2500,800,800,800,800,799,800,2499,2500,2500,2500,2500,2499,800,799,0,5,100,0,0,0,0,9.523809432983398,0,0,0,0,0,0,0,0,231164.12475585938,17701.353149414063,0,404327403520,8589930496,5783683072,114688
10,1791566450669,2500,2500,800,800,800,800,799,800,2499,2500,2500,2500,2500,2499,800,799,0,5,100,0,0,0,0,9.523809432983398,0,0,0,0,0,0,0,0,231164.27966308594,17701.676513671875,0,404327403520,8589930496,5783683072,114688
10,1791566450679,2500,2500,800,800,800,800,799,800,2499,2500,2500,2500,2500,2499,800,799,0,5,100,0,0,0,0,9.523809432983398,0,0,0,0,0,0,0,0,231164.43170166016,17701.999267578125,0,404327403520,8589930496,5791612928,114688
9,1791566450689,2500,2500,800,800,800,800,799,800,2499,2500,2500,2500,2500,2499,800,799,0,5,100,0,0,0,0,9.523809432983398,0,0,0,0,0,0,0,0,231164.57580566406,17702.327880859375,0,404327403520,8589930496,5791612928,114688
10,1791566450699,2500,2500,800,800,800,800,799,800,2499,2500,2500,2500,2500,2499,800,799,0,5,100,0,0,0,0,9.523809432983398,0,0,0,0,0,0,0,0,231164.72869873047,17702.65118408203,0,404327403520,8589930496,5791612928,114688
9,1791566450710,2500,2500,800,800,800,800,799,800,2499,2500,2500,2500,2500,2499,800,799,0,5,100,0,0,0,0,9.523809432983398,0,0,0,0,0,0,0,0,231164.88262939453,17702.97491455078,0,404327403520,8589930496,5791612928,114688
10,1791566450720,2500,2500,800,800,800,800,799,800,2499,2500,2500,2500,2500,2499,800,799,0,5,100,0,0,0,0,9.523809432983398,0,0,0,0,0,0,0,0,231165.033203125,17703.29833984375,0,404327403520,8589930496,5791612928,114688
9,1791566450730,2500,2500,800,800,800,800,799,800,2499,2500,2500,2500,2500,2499,800,799,0,5,100,0,0,0,0,9.523809432983398,0,0,0,0,0,0,0,0,231165.17657470703,17703.62939453125,0,404327403520,8589930496,5800038400,114688
9,1791566450740,2500,2500,800,800,800,800,799,800,2499,2500,2500,2500,2500,2499,800,799,0,5,100,0,0,0,0,9.523809432983398,0,0,0,0,0,0,0,0,231165.3250732422,17703.953491210938,0,404327403520,8589930496,5800038400,114688
9,1791566450750,2500,2500,800,800,800,800,799,800,2499,2500,2500,2500,2500,2499,800,799,0,5,100,0,0,0,0,9.523809432983398,0,0,0,0,0,0,0,0,231165.47778320313,17704.2802734375,0,404327403520,8589930496,5800038400,114688
9,1791566450760,2500,2500,800,800,800,800,799,800,2499,2500,2500,2500,2500,2499,800,799,0,5,100,0,0,0,0,9.523809432983398,0,0,0,0,0,0,0,0,231165.63012695313,17704.605712890625,0,404327403520,8589930496,5800038400,114688
10,1791566450770,2500,2500,800,800,800,800,799,800,2499,2500,2500,2500,2500,2499,800,799,0,5,100,0,0,0,0,9.523809432983398,0,0,0,0,0,0,0,0,231165.78155517578,17704.928588867188,0,404327403520,8589930496,5808463872,114688
10,1791566450780,2500,2500,800,800,800,800,799,800,2499,2500,2500,2500,2500,2499,800,799,0,5,100,0,0,0,0,9.523809432983398,0,0,0,0,0,0,0,0,231165.94793701172,17705.284606933594,0,404327403520,8589930496,5808463872,114688
9,1791566450790,2500,2500,800,800,800,800,799,800,2499,2500,2500,2500,2500,2499,800,799,0,5,100,0,0,0,0,9.523809432983398,0,0,0,0,0,0,0,0,231166.1039428711,17705.610107421875,0,404327403520,8589930496,5808463872,114688
9,1791566450800,2500,2500,800,800,800,800,799,800,2499,2500,2500,2500,2500,2499,800,799,0,5,100,0,0,0,0,9.523809432983398,0,0,0,0,0,0,0,0,231166.25665283203,17705.934997558594,0,404327403520,8589930496,5808463872,114688
9,1791566450810,2500,2500,800,800,800,800,799,800,2499,2500,2500,2500,2500,2499,800,799,0,5,100,0,0,0,0,9.523809432983398,0,0,0,0,0,0,0,0,231166.4083251953,17706.260864257813,0,404327403520,8589930496,5808463872,114688
9,1791566450820,2500,2500,800,800,800,800,799,800,2499,2500,2500,2500,2500,2499,800,799,5,0,100,0,0,0,0,5,0,0,0,0,0,0,0,0,231166.56121826172,17706.58856201172,0,404327403520,8589930496,5816393728,114688
9,1791566450831,2500,2500,800,800,800,800,799,800,2499,2500,2500,2500,2500,2499,800,799,5,0,100,0,0,0,0,5,0,0,0,0,0,0,0,0,231166.71551513672,17706.912536621094,0,404327403520,8589930496,5816393728,114688
10,1791566450841,2500,2500,800,800,800,800,799,800,2499,2500,2500,2500,2500,2499,800,799,5,0,100,0,0,0,0,5,0,0,0,0,0,0,0,0,231166.86401367188,17707.234619140625,0,404327403520,8589930496,5816393728,114688
9,1791566450851,2500,2500,800,800,800,800,799,800,2499,2500,2500,2500,2500,2499,800,799,5,0,100,0,0,0,0,5,0,0,0,0,0,0,0,0,231167.0140991211,17707.557739257813,0,404327403520,8589930496,5816393728,114688
9,1791566450861,2500,2500,800,800,800,800,799,800,2499,2500,2500,2500,2500,2499,800,799,5,0,100,0,0,0,0,5,0,0,0,0,0,0,0,0,231167.16204833984,17707.884826660156,0,404327403520,8589930496,5824819200,114688
9,1791566450871,2500,2500,800,800,800,800,799,800,2499,2500,2500,2500,2500,2499,800,799,5,0,100,0,0,0,0,5,0,0,0,0,0,0,0,0,231167.30981445313,17708.208129882813,0,404327403520,8589930496,5824819200,114688
9,1791566450881,2500,2500,800,800,800,800,799,800,2499,2500,2500,2500,2500,2499,800,799,5,0,100,0,0,0,0,5,0,0,0,0,0,0,0,0,231167.46185302734,17708.534606933594,0,404327403520,8589930496,5824819200,114688
9,1791566450891,2500,2500,800,800,800,800,799,800,2499,2500,2500,2500,2500,2499,800,799,5,0,100,0,0,0,0,5,0,0,0,0,0,0,0,0,231167.61474609375,17708.85675048828,0,404327403520,8589930496,5824819200,114688
10,1791566450901,2500,2500,800,800,800,800,799,800,2499,2500,2500,2500,2500,2499,800,799,5,0,100,0,0,0,0,5,0,0,0,0,0,0,0,0,231167.76440429688,17709.18310546875,0,404327403520,8589930496,5824819200,114688
9,1791566450911,2500,2500,800,800,800,800,799,800,2499,2500,2500,2500,2500,2499,800,799,5,0,100,0,0,0,0,5,0,0,0,0,0,0,0,0,231167.91668701172,17709.503967285156,0,404327403520,8589930496,5833244672,114688
9,1791566450921,2500,2500,800,800,800,800,799,800,2499,2500,2500,2500,2500,2499,800,799,5,0,100,0,0,0,0,5,0,0,0,0,0,0,0,0,231168.07781982422,17709.862670898438,0,404327403520,8589930496,5833244672,114688
10,1791566450931,2500,2500,800,800,800,800,799,800,2499,2500,2500,2500,2500,2499,800,799,5,0,100,0,0,0,0,5,0,0,0,0,0,0,0,0,231168.21057128906,17710.15380859375,0,404327403520,8589930496,5833244672,114688
9,1791566450941,2500,2500,800,800,800,800,799,800,2499,2500,2500,2500,2500,2499,800,799,5,0,100,0,0,0,0,5,0,0,0,0,0,0,0,0,231168.37408447266,17710.510986328125,0,404327403520,8589930496,5833244672,114688
9,1791566450951,2500,2500,800,800,800,800,799,800,2499,2500,2500,2500,2500,2499,800,799,5,0,100,0,0,0,0,5,0,0,0,0,0,0,0,0,231168.51782226563,17710.837646484375,0,404327403520,8589930496,5833244672,114688
9,1791566450961,2500,2500,800,800,800,800,799,800,2499,2500,2500,2500,2500,2499,800,799,5,0,100,0,0,0,0,5,0,0,0,0,0,0,0,0,231168.66302490234,17711.160095214844,0,404327403520,8589930496,5841174528,114688
10,1791566450971,2500,2500,800,800,800,800,799,800,2499,2500,2500,2500,2500,2499,800,799,5,0,100,0,0,0,0,5,0,0,0,0,0,0,0,0,231168.8133544922,17711.485900878906,0,404327403520,8589930496,5841174528,114688
9,1791566450982,2500,2500,800,800,800,800,799,800,2499,2500,2500,2500,2500,2499,800,799,5,0,100,0,0,0,0,5,0,0,0,0,0,0,0,0,231168.96459960938,17711.80889892578,0,404327403520,8589930496,5841174528,114688
9,1791566450992,2500,2500,800,800,800,800,799,800,2499,2500,2500,2500,2500,2499,800,799,5,0,100,0,0,0,0,5,0,0,0,0,0,0,0,0,231169.11584472656,17712.134765625,0,404327403520,8589930496,5841174528,114688
9,1791566451002,2500,2500,800,800,800,800,799,800,2499,2500,2500,2500,2500,2499,800,799,5,0,100,0,0,0,0,5,0,0,0,0,0,0,0,0,231169.26287841797,17712.458862304688,0,404327403520,8589930496,5849600000,114688
9,1791566451012,2500,2500,800,800,800,800,799,800,2499,2500,2500,2500,2500,2499,800,799,5,0,100,0,0,0,0,5,0,0,0,0,0,0,0,0,231169.412109375,17712.782836914063,0,404327403520,8589930496,5849600000,114688
9,1791566451022,2500,2500,800,800,800,800,799,800,2499,2500,2500,2500,2500,2499,800,799,5.263157844543457,0,100,0,5,0,0,5.263157844543457,0,0,5,0,0,5,0,0,231169.56713867188,17713.107360839844,0,404327403520,8589930496,5849600000,114688
9,1791566451032,2500,2500,800,800,800,800,799,800,2499,2500,2500,2500,2500,2499,800,799,5.263157844543457,0,100,0,5,0,0,5.263157844543457,0,0,5,0,0,5,0,0,231169.71911621094,17713.434143066406,0,404327403520,8589930496,5849600000,114688
9,1791566451042,2500,2500,800,800,800,800,799,800,2499,2500,2500,2500,2500,2499,800,799,5.263157844543457,0,100,0,5,0,0,5.263157844543457,0,0,5,0,0,5,0,0,231169.86889648438,17713.75634765625,0,404327403520,8589930496,5858025472,114688
9,1791566451052,2500,2500,800,800,800,800,799,800,2499,2500,2500,2500,2500,2499,800,799,5.263157844543457,0,100,0,5,0,0,5.263157844543457,0,0,5,0,0,5,0,0,231170.01666259766,17714.081481933594,0,404327403520,8589930496,5858025472,114688
10,1791566451062,2500,2500,800,800,800,800,799,800,2499,2500,2500,2500,2500,2499,800,799,5.263157844543457,0,100,0,5,0,0,5.263157844543457,0,0,5,0,0,5,0,0,231170.1587524414,17714.407470703125,0,404327403520,8589930496,5858025472,114688
9,1791566451072,2500,2500,800,800,800,800,799,800,2499,2500,2500,2500,2500,2499,800,799,5.263157844543457,0,100,0,5,0,0,5.263157844543457,0,0,5,0,0,5,0,0,231170.3251953125,17714.765075683594,0,404327403520,8589930496,5858025472,114688
9,1791566451082,2500,2500,800,800,800,800,799,800,2499,2500,2500,2500,2500,2499,800,799,5.263157844543457,0,100,0,5,0,0,5.263157844543457,0,0,5,0,0,5,0,0,231170.4532470703,17715.055419921875,0,404327403520,8589930496,5858025472,114688
9,1791566451092,2500,2500,800,800,800,800,799,800,2499,2500,2500,2500,2500,2499,800,799,5.263157844543457,0,100,0,5,0,0,5.263157844543457,0,0,5,0,0,5,0,0,231170.61547851563,17715.41326904297,0,404327403520,8589930496,5865955328,114688
9,1791566451103,2500,2500,800,800,800,800,799,800,2499,2500,2500,2500,2500,2499,800,799,5.263157844543457,0,100,0,5,0,0,5.263157844543457,0,0,5,0,0,5,0,0,231170.76489257813,17715.74005126953,0,404327403520,8589930496,5865955328,114688
9,1791566451113,2500,2500,800,800,800,800,799,800,2499,2500,2500,2500,2500,2499,800,799,5.263157844543457,0,100,0,5,0,0,5.263157844543457,0,0,5,0,0,5,0,0,231170.91668701172,17716.06427001953,0,404327403520,8589930496,5865611264,114688
9,1791566451123,2500,2500,800,800,800,800,799,800,2499,2500,2500,2500,2500,2499,800,799,5.263157844543457,0,100,0,5,0,0,5.263157844543457,0,0,5,0,0,5,0,0,231171.06774902344,17716.386108398438,0,404327403520,8589930496,5865611264,114688
9,1791566451133,2500,2500,800,800,800,800,799,800,2499,2500,2500,2500,2500,2499,800,799,5.263157844543457,0,100,0,5,0,0,5.263157844543457,0,0,5,0,0,5,0,0,231171.2198486328,17716.713623046875,0,404327403520,8589930496,5873541120,114688
9,1791566451143,2500,2500,800,800,800,800,799,800,2499,2500,2500,2500,2500,2499,800,799,5.263157844543457,0,100,0,5,0,0,5.263157844543457,0,0,5,0,0,5,0,0,231171.36962890625,17717.036499023438,0,404327403520,8589930496,5873541120,114688
9,1791566451153,2500,2500,800,800,800,800,799,800,2499,2500,2500,2500,2500,2499,800,799,5.263157844543457,0,100,0,5,0,0,5.263157844543457,0,0,5,0,0,5,0,0,231171.52252197266,17717.35675048828,0,404327403520,8589930496,5873541120,114688
9,1791566451163,2500,2500,800,800,800,800,799,800,2499,2500,2500,2500,2500,2499,800,799,5.263157844543457,0,100,0,5,0,0,5.263157844543457,0,0,5,0,0,5,0,0,231171.67431640625,17717.68292236328,0,404327403520,8589930496,5873541120,114688
9,1791566451173,2500,2500,800,800,800,800,799,800,2499,2500,2500,2500,2500,2499,800,799,5.263157844543457,0,100,0,5,0,0,5.263157844543457,0,0,5,0,0,5,0,0,231171.82482910156,17718.005249023438,0,404327403520,8589930496,5873541120,114688
9,1791566451183,2500,2500,800,800,800,800,799,800,2499,2500,2500,2500,2500,2499,800,799,5.263157844543457,0,100,0,5,0,0,5.263157844543457,0,0,5,0,0,5,0,0,231171.9769897461,17718.32684326172,0,404327403520,8589930496,5873709056,114688
9,1791566451193,2500,2500,800,800,800,800,799,800,2499,2500,2500,2500,2500,2499,800,799,5.263157844543457,0,100,0,5,0,0,5.263157844543457,0,0,5,0,0,5,0,0,231172.1251220703,17718.65399169922,0,404327403520,8589930496,5873709056,114688
9,1791566451203,2500,2500,800,800,800,800,799,800,2499,2500,2500,2500,2500,2499,800,799,5.263157844543457,0,100,0,5,0,0,5.263157844543457,0,0,5,0,0,5,0,0,231172.27471923828,17718.98046875,0,404327403520,8589930496,5873709056,114688
9,1791566451213,2500,2500,800,800,800,800,799,800,2499,2500,2500,2500,2500,2499,800,799,5.263157844543457,0,100,0,5,0,0,5.263157844543457,0,0,5,0,0,5,0,0,231172.42156982422,17719.30584716797,0,404327403520,8589930496,5873709056,114688
10,1791566451223,2500,2500,800,800,800,800,799,800,2499,2500,2500,2500,2500,2499,800,799,5.263157844543457,0,100,0,0,0,0,9.523809432983398,0,0,0,0,0,0,0,0,231172.57025146484,17719.630126953125,0,404327403520,8589930496,5881638912,114688
10,1791566451233,2500,2500,800,800,800,800,799,800,2499,2500,2500,2500,2500,2499,800,799,5.263157844543457,0,100,0,0,0,0,9.523809432983398,0,0,0,0,0,0,0,0,231172.7147216797,17719.956420898438,0,404327403520,8589930496,5881638912,114688
9,1791566451243,2500,2500,800,800,800,800,799,800,2499,2500,2500,2500,2500,2499,800,799,5.263157844543457,0,100,0,0,0,0,9.523809432983398,0,0,0,0,0,0,0,0,231172.85772705078,17720.309692382813,0,404327403520,8589930496,5881638912,114688
9,1791566451254,2500,2500,800,800,800,800,799,800,2499,2500,2500,2500,2500,2499,800,799,5.263157844543457,0,100,0,0,0,0,9.523809432983398,0,0,0,0,0,0,0,0,231173.02099609375,17720.633666992188,0,404327403520,8589930496,5881638912,114688
9,1791566451264,2500,2500,800,800,800,800,799,800,2499,2500,2500,2500,2500,2499,800,799,5.263157844543457,0,100,0,0,0,0,9.523809432983398,0,0,0,0,0,0,0,0,231173.17333984375,17720.95574951172,0,404327403520,8589930496,5881638912,114688
10,1791566451274,2500,2500,800,800,800,800,799,800,2499,2500,2500,2500,2500,2499,800,799,5.263157844543457,0,100,0,0,0,0,9.523809432983398,0,0,0,0,0,0,0,0,231173.31762695313,17721.281494140625,0,404327403520,8589930496,5890064384,114688
9,1791566451284,2500,2500,800,800,800,800,799,800,2499,2500,2500,2500,2500,2499,800,799,5.263157844543457,0,100,0,0,0,0,9.523809432983398,0,0,0,0,0,0,0,0,231173.4659423828,17721.604064941406,0,404327403520,8589930496,5890064384,114688
9,1791566451294,2500,2500,800,800,800,800,799,800,2499,2500,2500,2500,2500,2499,800,799,5.263157844543457,0,100,0,0,0,0,9.523809432983398,0,0,0,0,0,0,0,0,231173.6160888672,17721.92840576172,0,404327403520,8589930496,5890064384,114688
9,1791566451304,2500,2500,800,800,800,800,799,800,2499,2500,2500,2500,2500,2499,800,799,5.263157844543457,0,100,0,0,0,0,9.523809432983398,0,0,0,0,0,0,0,0,231173.76165771484,17722.254455566406,0,404327403520,8589930496,5890064384,114688
9,1791566451314,2500,2500,800,800,800,800,799,800,2499,2500,2500,2500,2500,2499,800,799,5.263157844543457,0,100,0,0,0,0,9.523809432983398,0,0,0,0,0,0,0,0,231173.90594482422,17722.578125,0,404327403520,8589930496,5898489856,114688
9,1791566451324,2500,2500,800,800,800,800,799,800,2499,2500,2500,2500,2500,2499,800,799,5.263157844543457,0,100,0,0,0,0,9.523809432983398,0,0,0,0,0,0,0,0,231174.0571899414,17722.90301513672,0,404327403520,8589930496,5898489856,114688
9,1791566451334,2500,2500,800,800,800,800,799,800,2499,2500,2500,2500,2500,2499,800,799,5.263157844543457,0,100,0,0,0,0,9.523809432983398,0,0,0,0,0,0,0,0,231174.20385742188,17723.22735595703,0,404327403520,8589930496,5898489856,114688
9,1791566451344,2500,2500,800,800,800,800,799,800,2499,2500,2500,2500,2500,2499,800,799,5.263157844543457,0,100,0,0,0,0,9.523809432983398,0,0,0,0,0,0,0,0,231174.35327148438,17723.551513671875,0,404327403520,8589930496,5898489856,114688
9,1791566451354,2500,2500,800,800,800,800,799,800,2499,2500,2500,2500,2500,2499,800,799,5.263157844543457,0,100,0,0,0,0,9.523809432983398,0,0,0,0,0,0,0,0,231174.50439453125,17723.87451171875,0,404327403520,8589930496,5898489856,114688
9,1791566451364,2500,2500,800,800,800,800,799,800,2499,2500,2500,2500,2500,2499,800,799,5.263157844543457,0,100,0,0,0,0,9.523809432983398,0,0,0,0,0,0,0,0,231174.6544189453,17724.202026367188,0,404327403520,8589930496,5906419712,114688
10,1791566451374,2500,2500,800,800,800,800,799,800,2499,2500,2500,2500,2500,2499,800,799,5.263157844543457,0,100,0,0,0,0,9.523809432983398,0,0,0,0,0,0,0,0,231174.80487060547,17724.52471923828,0,404327403520,8589930496,5906419712,114688
10,1791566451384,2500,2500,800,800,800,800,799,800,2499,2500,2500,2500,2500,2499,800,799,5.263157844543457,0,100,0,0,0,0,9.523809432983398,0,0,0,0,0,0,0,0,231174.9530029297,17724.848571777344,0,404327403520,8589930496,5906419712,114688
9,1791566451394,2500,2500,800,800,800,800,799,800,2499,2500,2500,2500,2500,2499,800,799,5.263157844543457,0,100,0,0,0,0,9.523809432983398,0,0,0,0,0,0,0,0,231175.10443115234,17725.173400878906,0,404327403520,8589930496,5906419712,114688
9,1791566451405,2500,2500,800,800,800,800,799,800,2499,2500,2500,2500,2500,2499,800,799,5.263157844543457,0,100,0,0,0,0,9.523809432983398,0,0,0,0,0,0,0,0,231175.25622558594,17725.49932861328,0,404327403520,8589930496,5914845184,114688
10,1791566451415,2500,2500,800,800,800,800,799,800,2499,2500,2500,2500,2500,2499,800,799,5.263157844543457,0,100,0,0,0,0,9.523809432983398,0,0,0,0,0,0,0,0,231175.4175415039,17725.82470703125,0,404327403520,8589930496,5914845184,114688
9,1791566451425,2500,2500,800,800,800,800,799,800,2499,2500,2500,2500,2500,2499,800,799,5.263157844543457,0,100,0,0,0,0,0,0,0,0,0,5,0,0,0,231175.5834350586,17726.185119628906,0,404327403520,8589930496,5914845184,114688
9,1791566451435,2500,2500,800,800,800,800,799,800,2499,2500,2500,2500,2500,2499,800,799,5.263157844543457,0,100,0,0,0,0,0,0,0,0,0,5,0,0,0,231175.73120117188,17726.512573242188,0,404327403520,8589930496,5914845184,114688
9,1791566451445,2500,2500,800,800,800,800,799,800,2499,2500,2500,2500,2500,2499,800,799,5.263157844543457,0,100,0,0,0,0,0,0,0,0,0,5,0,0,0,231175.87969970703,17726.83514404297,0,404327403520,8589930496,5914845184,114688
9,1791566451455,2500,2500,800,800,800,800,799,800,2499,2500,2500,2500,2500,2499,800,799,5.263157844543457,0,100,0,0,0,0,0,0,0,0,0,5,0,0,0,231176.02783203125,17727.157165527344,0,404327403520,8589930496,5923270656,114688
9,1791566451465,2500,2500,800,800,800,800,799,800,2499,2500,2500,2500,2500,2499,800,799,5.263157844543457,0,100,0,0,0,0,0,0,0,0,0,5,0,0,0,231176.181640625,17727.486328125,0,404327403520,8589930496,5923270656,114688
9,1791566451475,2500,2500,800,800,800,800,799,800,2499,2500,2500,2500,2500,2499,800,799,5.263157844543457,0,100,0,0,0,0,0,0,0,0,0,5,0,0,0,231176.33374023438,17727.811279296875,0,404327403520,8589930496,5923270656,114688
10,1791566451485,2500,2500,800,800,800,800,799,800,2499,2500,2500,2500,2500,2499,800,799,5.263157844543457,0,100,0,0,0,0,0,0,0,0,0,5,0,0,0,231176.48992919922,17728.13751220703,0,404327403520,8589930496,5923270656,114688
9,1791566451495,2500,2500,800,800,800,800,799,800,2499,2500,2500,2500,2500,2499,800,799,5.263157844543457,0,100,0,0,0,0,0,0,0,0,0,5,0,0,0,231176.64501953125,17728.463745117188,0,404327403520,8589930496,5931200512,114688
10,1791566451505,2500,2500,800,800,800,800,799,800,2499,2500,2500,2500,2500,2499,800,799,5.263157844543457,0,100,0,0,0,0,0,0,0,0,0,5,0,0,0,231176.79400634766,17728.793518066406,0,404327403520,8589930496,5931200512,114688
9,1791566451515,2500,2500,800,800,800,800,799,800,2499,2500,2500,2500,2500,2499,800,799,5.263157844543457,0,100,0,0,0,0,0,0,0,0,0,5,0,0,0,231176.94268798828,17729.106323242188,0,404327403520,8589930496,5931200512,114688
9,1791566451526,2500,2500,800,800,800,800,799,800,2499,2500,2500,2500,2500,2499,800,799,5.263157844543457,0,100,0,0,0,0,0,0,0,0,0,5,0,0,0,231177.09228515625,17729.435302734375,0,404327403520,8589930496,5931200512,114688
9,1791566451536,2500,2500,800,800,800,800,799,800,2499,2500,2500,2500,2500,2499,800,799,5.263157844543457,0,100,0,0,0,0,0,0,0,0,0,5,0,0,0,231177.24389648438,17729.763244628906,0,404327403520,8589930496,5939625984,114688
9,1791566451546,2500,2500,800,800,800,800,799,800,2499,2500,2500,2500,2500,2499,800,799,5.263157844543457,0,100,0,0,0,0,0,0,0,0,0,5,0,0,0,231177.39532470703,17730.087829589844,0,404327403520,8589930496,5939625984,114688
9,1791566451556,2500,2500,800,800,800,800,799,800,2499,2500,2500,2500,2500,2499,800,799,5.263157844543457,0,100,0,0,0,0,0,0,0,0,0,5,0,0,0,231177.5467529297,17730.41748046875,0,404327403520,8589930496,5939625984,114688
9,1791566451566,2500,2500,800,800,800,800,799,800,2499,2500,2500,2500,2500,2499,800,799,5.263157844543457,0,100,0,0,0,0,0,0,0,0,0,5,0,0,0,231177.70147705078,17730.73956298828,0,404327403520,8589930496,5939625984,114688
10,1791566451576,2500,2500,800,800,800,800,799,800,2499,2500,2500,2500,2500,2499,800,799,5.263157844543457,0,100,0,0,0,0,0,0,0,0,0,5,0,0,0,231177.84759521484,17731.06072998047,0,404327403520,8589930496,5939625984,114688
9,1791566451586,2500,2500,800,800,800,800,799,800,2499,2500,2500,2500,2500,2499,800,799,5.263157844543457,0,100,0,0,0,0,0,0,0,0,0,5,0,0,0,231177.9932861328,17731.387329101563,0,404327403520,8589930496,5939625984,114688
9,1791566451596,2500,2500,800,800,800,800,799,800,2499,2500,2500,2500,2500,2499,800,799,5.263157844543457,0,100,0,0,0,0,0,0,0,0,0,5,0,0,0,231178.16137695313,17731.743591308594,0,404327403520,8589930496,5948051456,114688
9,1791566451606,2500,2500,800,800,800,800,799,800,2499,2500,2500,2500,2500,2499,800,799,5.263157844543457,0,100,0,0,0,0,0,0,0,0,0,5,0,0,0,231178.31481933594,17732.069946289063,0,404327403520,8589930496,5948051456,114688
9,1791566451616,2500,2500,800,800,800,800,799,800,2499,2500,2500,2500,2500,2499,800,799,5.263157844543457,0,100,0,0,0,0,0,0,0,0,0,5,0,0,0,231178.4708251953,17732.39190673828,0,404327403520,8589930496,5948051456,114688
9,1791566451626,2500,2500,800,800,800,800,799,800,2499,2500,2500,2500,2500,2499,800,799,5.263157844543457,0,100,0,0,0,0,10,0,0,0,0,0,0,5,0,231178.62518310547,17732.71795654297,0,404327403520,8589930496,5948051456,114688
9,1791566451636,2500,2500,800,800,800,800,799,800,2499,2500,2500,2500,2500,2499,800,799,5.263157844543457,0,100,0,0,0,0,10,0,0,0,0,0,0,5,0,231178.77954101563,17733.04345703125,0,404327403520,8589930496,5948051456,114688
9,1791566451646,2500,2500,800,800,800,800,799,800,2499,2500,2500,2500,2500,2499,800,799,5.263157844543457,0,100,0,0,0,0,10,0,0,0,0,0,0,5,0,231178.92803955078,17733.36590576172,0,404327403520,8589930496,5948051456,114688
9,1791566451656,2500,2500,800,800,800,800,799,800,2499,2500,2500,2500,2500,2499,800,799,5.263157844543457,0,100,0,0,0,0,10,0,0,0,0,0,0,5,0,231179.0791015625,17733.69110107422,0,404327403520,8589930496,5948051456,114688
9,1791566451666,2500,2500,800,800,800,800,799,800,2499,2500,2500,2500,2500,2499,800,799,5.263157844543457,0,100,0,0,0,0,10,0,0,0,0,0,0,5,0,231179.2261352539,17734.01904296875,0,404327403520,8589930496,5948051456,114688
10,1791566451676,2500,2500,800,800,800,800,799,800,2499,2500,2500,2500,2500,2499,800,799,5.263157844543457,0,100,0,0,0,0,10,0,0,0,0,0,0,5,0,231179.37481689453,17734.343872070313,0,404327403520,8589930496,5948051456,114688
9,1791566451687,2500,2500,800,800,800,800,799,800,2499,2500,2500,2500,2500,2499,800,799,5.263157844543457,0,100,0,0,0,0,10,0,0,0,0,0,0,5,0,231179.53063964844,17734.67218017578,0,404327403520,8589930496,5948051456,114688
9,1791566451697,2500,2500,800,800,800,800,799,800,2499,2500,2500,2500,2500,2499,800,799,5.263157844543457,0,100,0,0,0,0,10,0,0,0,0,0,0,5,0,231179.68591308594,17734.999389648438,0,404327403520,8589930496,5948051456,114688
9,1791566451707,2500,2500,800,800,800,800,799,800,2499,2500,2500,2500,2500,2499,800,799,5.263157844543457,0,100,0,0,0,0,10,0,0,0,0,0,0,5,0,231179.8344116211,17735.328125,0,404327403520,8589930496,5948051456,114688
9,1791566451717,2500,2500,800,800,800,800,799,800,2499,2500,2500,2500,2500,2499,800,799,5.263157844543457,0,100,0,0,0,0,10,0,0,0,0,0,0,5,0,231179.98016357422,17735.648803710938,0,404327403520,8589930496,5948051456,114688
9,1791566451727,2500,2500,800,800,800,800,799,800,2499,2500,2500,2500,2500,2499,800,799,5.263157844543457,0,100,0,0,0,0,10,0,0,0,0,0,0,5,0,231180.1326904297,17735.976196289063,0,404327403520,8589930496,5948051456,114688
9,1791566451737,2500,2500,800,800,800,800,799,800,2499,2500,2500,2500,2500,2499,800,799,5.263157844543457,0,100,0,0,0,0,10,0,0,0,0,0,0,5,0,231180.29998779297,17736.33447265625,0,404327403520,8589930496,5948051456,114688
10,1791566451747,2500,2500,800,800,800,800,799,800,2499,2500,2500,2500,2500,2499,800,799,5.263157844543457,0,100,0,0,0,0,10,0,0,0,0,0,0,5,0,231180.43743896484,17736.62744140625,0,404327403520,8589930496,5948051456,114688
9,1791566451757,2500,2500,800,800,800,800,799,800,2499,2500,2500,2500,2500,2499,800,799,5.263157844543457,0,100,0,0,0,0,10,0,0,0,0,0,0,5,0,231180.60205078125,17736.98602294922,0,404327403520,8589930496,5948051456,114688
9,1791566451767,2500,2500,800,800,800,800,799,800,2499,2500,2500,2500,2500,2499,800,799,5.263157844543457,0,100,0,0,0,0,10,0,0,0,0,0,0,5,0,231180.7481689453,17737.310485839844,0,404327403520,8589930496,5948051456,114688
9,1791566451777,2500,2500,800,800,800,800,799,800,2499,2500,2500,2500,2500,2499,800,799,5.263157844543457,0,100,0,0,0,0,10,0,0,0,0,0,0,5,0,231180.89666748047,17737.63507080078,0,404327403520,8589930496,5948051456,114688
9,1791566451787,2500,2500,800,800,800,800,799,800,2499,2500,2500,2500,2500,2499,800,799,5.263157844543457,0,100,0,0,0,0,10,0,0,0,0,0,0,5,0,231181.04718017578,17737.95654296875,0,404327403520,8589930496,5948051456,114688
9,1791566451797,2500,2500,800,800,800,800,799,800,2499,2500,2500,2500,2500,2499,800,799,5.263157844543457,0,100,0,0,0,0,10,0,0,0,0,0,0,5,0,231181.19860839844,17738.280212402344,0,404327403520,8589930496,5948051456,114688
9,1791566451808,2500,2500,800,800,800,800,799,800,2499,2500,2500,2500,2500,2499,800,799,5.263157844543457,0,100,0,0,0,0,10,0,0,0,0,0,0,5,0,231181.35424804688,17738.60675048828,0,404327403520,8589930496,5948051456,114688
9,1791566451818,2500,2500,800,800,800,800,799,800,2499,2500,2500,2500,2500,2499,800,799,5.263157844543457,0,100,0,0,0,0,10,0,0,0,0,0,0,5,0,231181.5053100586,17738.93487548828,0,404327403520,8589930496,5948051456,114688
9,1791566451828,2500,2500,800,800,800,800,799,800,2499,2500,2500,2500,2500,2499,800,799,5,5,100,0,0,0,0,9.523809432983398,5,0,0,0,0,0,0,0,231181.66094970703,17739.257202148438,0,404327403520,8589930496,5948051456,114688
9,1791566451838,2500,2500,800,800,800,800,799,800,2499,2500,2500,2500,2500,2499,800,799,5,5,100,0,0,0,0,9.523809432983398,5,0,0,0,0,0,0,0,231181.8133544922,17739.584106445313,0,404327403520,8589930496,5948051456,114688
10,1791566451848,2500,2500,800,800,800,800,799,800,2499,2500,2500,2500,2500,2499,800,799,5,5,100,0,0,0,0,9.523809432983398,5,0,0,0,0,0,0,0,231181.95733642578,17739.905822753906,0,404327403520,8589930496,5948051456,114688
9,1791566451858,2500,2500,800,800,800,800,799,800,2499,2500,2500,2500,2500,2499,800,799,5,5,100,0,0,0,0,9.523809432983398,5,0,0,0,0,0,0,0,231182.10345458984,17740.22821044922,0,404327403520,8589930496,5948051456,114688
9,1791566451868,2500,2500,800,800,800,800,799,800,2499,2500,2500,2500,2500,2499,800,799,5,5,100,0,0,0,0,9.523809432983398,5,0,0,0,0,0,0,0,231182.25219726563,17740.55352783203,0,404327403520,8589930496,5948051456,114688
9,1791566451878,2500,2500,800,800,800,800,799,800,2499,2500,2500,2500,2500,2499,800,799,5,5,100,0,0,0,0,9.523809432983398,5,0,0,0,0,0,0,0,231182.40490722656,17740.879516601563,0,404327403520,8589930496,5948051456,114688
9,1791566451888,2500,2500,800,800,800,800,799,800,2499,2500,2500,2500,2500,2499,800,799,5,5,100,0,0,0,0,9.523809432983398,5,0,0,0,0,0,0,0,231182.55615234375,17741.201904296875,0,404327403520,8589930496,5948051456,114688
9,1791566451898,2500,2500,800,800,800,800,799,800,2499,2500,2500,2500,2500,2499,800,799,5,5,100,0,0,0,0,9.523809432983398,5,0,0,0,0,0,0,0,231182.71032714844,17741.523071289063,0,404327403520,8589930496,5948051456,114688
9,1791566451908,2500,2500,800,800,800,800,799,800,2499,2500,2500,2500,2500,2499,800,799,5,5,100,0,0,0,0,9.523809432983398,5,0,0,0,0,0,0,0,231182.8804321289,17741.878784179688,0,404327403520,8589930496,5948051456,114688
10,1791566451918,2500,2500,800,800,800,800,799,800,2499,2500,2500,2500,2500,2499,800,799,5,5,100,0,0,0,0,9.523809432983398,5,0,0,0,0,0,0,0,231183.01684570313,17742.167724609375,0,404327403520,8589930496,5948051456,114688
9,1791566451928,2500,2500,800,800,800,800,799,800,2499,2500,2500,2500,2500,2499,800,799,5,5,100,0,0,0,0,9.523809432983398,5,0,0,0,0,0,0,0,231183.1792602539,17742.522033691406,0,404327403520,8589930496,5948051456,114688
9,1791566451938,2500,2500,800,800,800,800,799,800,2499,2500,2500,2500,2500,2499,800,799,5,5,100,0,0,0,0,9.523809432983398,5,0,0,0,0,0,0,0,231183.32849121094,17742.843322753906,0,404327403520,8589930496,5948051456,114688
9,1791566451948,2500,2500,800,800,800,800,799,800,2499,2500,2500,2500,2500,2499,800,799,5,5,100,0,0,0,0,9.523809432983398,5,0,0,0,0,0,0,0,231183.4780883789,17743.169372558594,0,404327403520,8589930496,5948051456,114688
9,1791566451959,2500,2500,800,800,800,800,799,800,2499,2500,2500,2500,2500,2499,800,799,5,5,100,0,0,0,0,9.523809432983398,5,0,0,0,0,0,0,0,231183.62963867188,17743.497680664063,0,404327403520,8589930496,5948051456,114688
9,1791566451969,2500,2500,800,800,800,800,799,800,2499,2500,2500,2500,2500,2499,800,799,5,5,100,0,0,0,0,9.523809432983398,5,0,0,0,0,0,0,0,231183.77813720703,17743.826232910156,0,404327403520,8589930496,5948051456,114688
10,1791566451979,2500,2500,800,800,800,800,799,800,2499,2500,2500,2500,2500,2499,800,799,5,5,100,0,0,0,0,9.523809432983398,5,0,0,0,0,0,0,0,231183.9253540039,17744.150634765625,0,404327403520,8589930496,5948051456,114688
9,1791566451989,2500,2500,800,800,800,800,799,800,2499,2500,2500,2500,2500,2499,800,799,5,5,100,0,0,0,0,9.523809432983398,5,0,0,0,0,0,0,0,231184.0806274414,17744.47491455078,0,404327403520,8589930496,5948051456,114688
9,1791566451999,2500,2500,800,800,800,800,799,800,2499,2500,2500,2500,2500,2499,800,799,5,5,100,0,0,0,0,9.523809432983398,5,0,0,0,0,0,0,0,231184.23315429688,17744.80108642578,0,404327403520,8589930496,5948051456,114688
9,1791566452009,2500,2500,800,800,800,800,799,800,2499,2500,2500,2500,2500,2499,800,799,5,5,100,0,0,0,0,9.523809432983398,5,0,0,0,0,0,0,0,231184.37872314453,17745.125122070313,0,404327403520,8589930496,5948051456,114688
9,1791566452019,2500,2500,800,800,800,800,799,800,2499,2500,2500,2500,2500,2499,800,799,5,5,100,0,0,0,0,9.523809432983398,5,0,0,0,0,0,0,0,231184.52392578125,17745.451110839844,0,404327403520,8589930496,5948051456,114688
9,1791566452029,2500,2500,800,800,800,800,799,800,2499,2500,2500,2500,2500,2499,800,799,5.263157844543457,0,100,0,0,0,0,0,0,0,0,0,0,0,0,0,231184.67315673828,17745.774475097656,0,404327403520,8589930496,5948051456,114688
10,1791566452039,2500,2500,800,800,800,800,799,800,2499,2500,2500,2500,2500,2499,800,799,5.263157844543457,0,100,0,0,0,0,0,0,0,0,0,0,0,0,0,231184.8253173828,17746.09893798828,0,404327403520,8589930496,5948051456,114688
9,1791566452049,2500,2500,800,800,800,800,799,800,2499,2500,2500,2500,2500,2499,800,799,5.263157844543457,0,100,0,0,0,0,0,0,0,0,0,0,0,0,0,231184.99084472656,17746.45489501953,0,404327403520,8589930496,5948051456,114688
9,1791566452059,2500,2500,800,800,800,800,799,800,2499,2500,2500,2500,2500,2499,800,799,5.263157844543457,0,100,0,0,0,0,0,0,0,0,0,0,0,0,0,231185.12908935547,17746.748046875,0,404327403520,8589930496,5948051456,114688
9,1791566452069,2500,2500,800,800,800,800,799,800,2499,2500,2500,2500,2500,2499,800,799,5.263157844543457,0,100,0,0,0,0,0,0,0,0,0,0,0,0,0,231185.2925415039,17747.10430908203,0,404327403520,8589930496,5948051456,114688
9,1791566452079,2500,2500,800,800,800,800,799,800,2499,2500,2500,2500,2500,2499,800,799,5.263157844543457,0,100,0,0,0,0,0,0,0,0,0,0,0,0,0,231185.44213867188,17747.42803955078,0,404327403520,8589930496,5948051456,114688
10,1791566452089,2500,2500,800,800,800,800,799,800,2499,2500,2500,2500,2500,2499,800,799,5.263157844543457,0,100,0,0,0,0,0,0,0,0,0,0,0,0,0,231185.59063720703,17747.723083496094,0,404327403520,8589930496,5948051456,114688
10,1791566452099,2500,2500,800,800,800,800,799,800,2499,2500,2500,2500,2500,2499,800,799,5.263157844543457,0,100,0,0,0,0,0,0,0,0,0,0,0,0,0,231185.7426147461,17748.082275390625,0,404327403520,8589930496,5948051456,114688
9,1791566452110,2500,2500,800,800,800,800,799,800,2499,2500,2500,2500,2500,2499,800,799,5.263157844543457,0,100,0,0,0,0,0,0,0,0,0,0,0,0,0,231185.8936767578,17748.40704345703,0,404327403520,8589930496,5948051456,114688
9,1791566452120,2500,2500,800,800,800,800,799,800,2499,2500,2500,2500,2500,2499,800,799,5.263157844543457,0,100,0,0,0,0,0,0,0,0,0,0,0,0,0,231186.04364013672,17748.730102539063,0,404327403520,8589930496,5948051456,114688
9,1791566452130,2500,2500,800,800,800,800,799,800,2499,2500,2500,2500,2500,2499,800,799,5.263157844543457,0,100,0,0,0,0,0,0,0,0,0,0,0,0,0,231186.19891357422,17749.05487060547,0,404327403520,8589930496,5948051456,114688
9,1791566452140,2500,2500,800,800,800,800,799,800,2499,2500,2500,2500,2500,2499,800,799,5.263157844543457,0,100,0,0,0,0,0,0,0,0,0,0,0,0,0,231186.35528564453,17749.380432128906,0,404327403520,8589930496,5939154944,114688
9,1791566452150,2500,2500,800,800,800,800,799,800,2499,2500,2500,2500,2500,2499,800,799,5.263157844543457,0,100,0,0,0,0,0,0,0,0,0,0,0,0,0,231186.5043334961,17749.705322265625,0,404327403520,8589930496,5939154944,114688
9,1791566452160,2500,2500,800,800,800,800,799,800,2499,2500,2500,2500,2500,2499,800,799,5.263157844543457,0,100,0,0,0,0,0,0,0,0,0,0,0,0,0,231186.6524658203,17750.02752685547,0,404327403520,8589930496,5939154944,114688
9,1791566452170,2500,2500,800,800,800,800,799,800,2499,2500,2500,2500,2500,2499,800,799,5.263157844543457,0,100,0,0,0,0,0,0,0,0,0,0,0,0,0,231186.80114746094,17750.353759765625,0,404327403520,8589930496,5939154944,114688
10,1791566452180,2500,2500,800,800,800,800,799,800,2499,2500,2500,2500,2500,2499,800,799,5.263157844543457,0,100,0,0,0,0,0,0,0,0,0,0,0,0,0,231186.95239257813,17750.67840576172,0,404327403520,8589930496,5939154944,114688
10,1791566452190,2500,2500,800,800,800,800,799,800,2499,2500,2500,2500,2500,2499,800,799,5.263157844543457,0,100,0,0,0,0,0,0,0,0,0,0,0,0,0,231187.10272216797,17750.99981689453,0,404327403520,8589930496,5939154944,114688
10,1791566452200,2500,2500,800,800,800,800,799,800,2499,2500,2500,2500,2500,2499,800,799,5.263157844543457,0,100,0,0,0,0,0,0,0,0,0,0,0,0,0,231187.2525024414,17751.321411132813,0,404327403520,8589930496,5939154944,114688
10,1791566452210,2500,2500,800,800,800,800,799,800,2499,2500,2500,2500,2500,2499,800,799,5.263157844543457,0,100,0,0,0,0,0,0,0,0,0,0,0,0,0,231187.40301513672,17751.64959716797,0,404327403520,8589930496,5939154944,114688
10,1791566452220,2500,2500,800,800,800,800,799,800,2499,2500,2500,2500,2500,2499,800,799,5.263157844543457,0,100,0,0,0,0,0,0,0,0,0,0,0,0,0,231187.55548095703,17751.972900390625,0,404327403520,8589930496,5939154944,114688
9,1791566452230,2500,2500,800,800,800,800,799,800,2499,2500,2500,2500,2500,2499,800,799,5.263157844543457,0,100,0,0,0,0,9.523809432983398,0,0,5,0,0,0,0,0,231187.72192382813,17752.330017089844,0,404327403520,8589930496,5939154944,114688
9,1791566452241,2500,2500,800,800,800,800,799,800,2499,2500,2500,2500,2500,2499,800,799,5.263157844543457,0,100,0,0,0,0,9.523809432983398,0,0,5,0,0,0,0,0,231187.8744506836,17752.659423828125,0,404327403520,8589930496,5939154944,114688
10,1791566452251,2500,2500,800,800,800,800,799,800,2499,2500,2500,2500,2500,2499,800,799,5.263157844543457,0,100,0,0,0,0,9.523809432983398,0,0,5,0,0,0,0,0,231188.0262451172,17752.977600097656,0,404327403520,8589930496,5939154944,114688
9,1791566452261,2500,2500,800,800,800,800,799,800,2499,2500,2500,2500,2500,2499,800,799,5.263157844543457,0,100,0,0,0,0,9.523809432983398,0,0,5,0,0,0,0,0,231188.1767578125,17753.30108642578,0,404327403520,8589930496,5939154944,114688
9,1791566452271,2500,2500,800,800,800,800,799,800,2499,2500,2500,2500,2500,2499,800,799,5.263157844543457,0,100,0,0,0,0,9.523809432983398,0,0,5,0,0,0,0,0,231188.3325805664,17753.625122070313,0,404327403520,8589930496,5939154944,114688
9,1791566452281,2500,2500,800,800,800,800,799,800,2499,2500,2500,2500,2500,2499,800,799,5.263157844543457,0,100,0,0,0,0,9.523809432983398,0,0,5,0,0,0,0,0,231188.4803466797,17753.945922851563,0,404327403520,8589930496,5939154944,114688
9,1791566452291,2500,2500,800,800,800,800,799,800,2499,2500,2500,2500,2500,2499,800,799,5.263157844543457,0,100,0,0,0,0,9.523809432983398,0,0,5,0,0,0,0,0,231188.6336669922,17754.272583007813,0,404327403520,8589930496,5939154944,114688
10,1791566452301,2500,2500,800,800,800,800,799,800,2499,2500,2500,2500,2500,2499,800,799,5.263157844543457,0,100,0,0,0,0,9.523809432983398,0,0,5,0,0,0,0,0,231188.7830810547,17754.598876953125,0,404327403520,8589930496,5939154944,114688
10,1791566452311,2500,2500,800,800,800,800,799,800,2499,2500,2500,2500,2500,2499,800,799,5.263157844543457,0,100,0,0,0,0,9.523809432983398,0,0,5,0,0,0,0,0,231188.93395996094,17754.924743652344,0,404327403520,8589930496,5939154944,114688
9,1791566452321,2500,2500,800,800,800,800,799,800,2499,2500,2500,2500,2500,2499,800,799,5.263157844543457,0,100,0,0,0,0,9.523809432983398,0,0,5,0,0,0,0,0,231189.07696533203,17755.245178222656,0,404327403520,8589930496,5939154944,114688
9,1791566452331,2500,2500,800,800,800,800,799,800,2499,2500,2500,2500,2500,2499,800,799,5.263157844543457,0,100,0,0,0,0,9.523809432983398,0,0,5,0,0,0,0,0,231189.22454833984,17755.568359375,0,404327403520,8589930496,5939154944,114688
9,1791566452341,2500,2500,800,800,800,800,799,800,2499,2500,2500,2500,2500,2499,800,799,5.263157844543457,0,100,0,0,0,0,9.523809432983398,0,0,5,0,0,0,0,0,231189.3748779297,17755.891662597656,0,404327403520,8589930496,5939154944,114688
10,1791566452351,2500,2500,800,800,800,800,799,800,2499,2500,2500,2500,2500,2499,800,799,5.263157844543457,0,100,0,0,0,0,9.523809432983398,0,0,5,0,0,0,0,0,231189.52520751953,17756.218811035156,0,404327403520,8589930496,5939154944,114688
9,1791566452361,2500,2500,800,800,800,800,799,800,2499,2500,2500,2500,2500,2499,800,799,5.263157844543457,0,100,0,0,0,0,9.523809432983398,0,0,5,0,0,0,0,0,231189.67517089844,17756.54376220703,0,404327403520,8589930496,5939154944,114688
10,1791566452371,2500,2500,800,800,800,800,799,800,2499,2500,2500,2500,2500,2499,800,799,5.263157844543457,0,100,0,0,0,0,9.523809432983398,0,0,5,0,0,0,0,0,231189.82275390625,17756.870666503906,0,404327403520,8589930496,5939154944,114688
10,1791566452381,2500,2500,800,800,800,800,799,800,2499,2500,2500,2500,2500,2499,800,799,5.263157844543457,0,100,0,0,0,0,9.523809432983398,0,0,5,0,0,0,0,0,231189.97235107422,17757.193115234375,0,404327403520,8589930496,5939154944,114688
10,1791566452392,2500,2500,800,800,800,800,799,800,2499,2500,2500,2500,2500,2499,800,799,5.263157844543457,0,100,0,0,0,0,9.523809432983398,0,0,5,0,0,0,0,0,231190.12170410156,17757.514587402344,0,404327403520,8589930496,5939154944,114688
9,1791566452402,2500,2500,800,800,800,800,799,800,2499,2500,2500,2500,2500,2499,800,799,5.263157844543457,0,100,0,0,0,0,9.523809432983398,0,0,5,0,0,0,0,0,231190.27404785156,17757.835876464844,0,404327403520,8589930496,5939154944,114688
9,1791566452412,2500,2500,800,800,800,800,799,800,2499,2500,2500,2500,2500,2499,800,799,5.263157844543457,0,100,0,0,0,0,9.523809432983398,0,0,5,0,0,0,0,0,231190.4425048828,17758.189392089844,0,404327403520,8589930496,5939154944,114688
9,1791566452422,2500,2500,800,800,800,800,799,800,2499,2500,2500,2500,2500,2499,800,799,5.263157844543457,0,100,0,0,0,0,9.523809432983398,0,0,5,0,0,0,0,0,231190.5913696289,17758.509155273438,0,404327403520,8589930496,5939154944,114688
9,1791566452432,2500,2500,800,800,800,800,799,800,2499,2500,2500,2500,2500,2499,800,799,0,0,100,0,0,0,0,0,0,0,0,0,0,0,0,0,231190.74145507813,17758.82958984375,0,404327403520,8589930496,5939154944,114688
9,1791566452442,2500,2500,800,800,800,800,799,800,2499,2500,2500,2500,2500,2499,800,799,0,0,100,0,0,0,0,0,0,0,0,0,0,0,0,0,231190.888671875,17759.16259765625,0,404327403520,8589930496,5939154944,114688
9,1791566452452,2500,2500,800,800,800,800,799,800,2499,2500,2500,2500,2500,2499,800,799,0,0,100,0,0,0,0,0,0,0,0,0,0,0,0,0,231191.03924560547,17759.475219726563,0,404327403520,8589930496,5939154944,114688
9,1791566452462,2500,2500,800,800,800,800,799,800,2499,2500,2500,2500,2500,2499,800,799,0,0,100,0,0,0,0,0,0,0,0,0,0,0,0,0,231191.1903076172,17759.80291748047,0,404327403520,8589930496,5939154944,114688
9,1791566452472,2500,2500,800,800,800,800,799,800,2499,2500,2500,2500,2500,2499,800,799,0,0,100,0,0,0,0,0,0,0,0,0,0,0,0,0,231191.33923339844,17760.12091064453,0,404327403520,8589930496,5939154944,114688
9,1791566452482,2500,2500,800,800,800,800,799,800,2499,2500,2500,2500,2500,2499,800,799,0,0,100,0,0,0,0,0,0,0,0,0,0,0,0,0,231191.48828125,17760.447326660156,0,404327403520,8589930496,5939154944,114688
9,1791566452492,2500,2500,800,800,800,800,799,800,2499,2500,2500,2500,2500,2499,800,799,0,0,100,0,0,0,0,0,0,0,0,0,0,0,0,0,231191.6446533203,17760.765380859375,0,404327403520,8589930496,5939154944,114688
9,1791566452502,2500,2500,800,800,800,800,799,800,2499,2500,2500,2500,2500,2499,800,799,0,0,100,0,0,0,0,0,0,0,0,0,0,0,0,0,231191.80047607422,17761.08856201172,0,404327403520,8589930496,5939154944,114688
9,1791566452512,2500,2500,800,800,800,800,799,800,2499,2500,2500,2500,2500,2499,800,799,0,0,100,0,0,0,0,0,0,0,0,0,0,0,0,0,231191.95458984375,17761.419189453125,0,404327403520,8589930496,5939154944,114688
9,1791566452523,2500,2500,800,800,800,800,799,800,2499,2500,2500,2500,2500,2499,800,799,0,0,100,0,0,0,0,0,0,0,0,0,0,0,0,0,231192.10748291016,17761.740356445313,0,404327403520,8589930496,5939154944,114688
10,1791566452533,2500,2500,800,800,800,800,799,800,2499,2500,2500,2500,2500,2499,800,799,0,0,100,0,0,0,0,0,0,0,0,0,0,0,0,0,231192.26135253906,17762.066040039063,0,404327403520,8589930496,5939154944,114688
9,1791566452543,2500,2500,800,800,800,800,799,800,2499,2500,2500,2500,2500,2499,800,799,0,0,100,0,0,0,0,0,0,0,0,0,0,0,0,0,231192.41131591797,17762.38702392578,0,404327403520,8589930496,5939154944,114688
9,1791566452553,2500,2500,800,800,800,800,799,800,2499,2500,2500,2500,2500,2499,800,799,0,0,100,0,0,0,0,0,0,0,0,0,0,0,0,0,231192.56439208984,17762.71337890625,0,404327403520,8589930496,5939154944,114688
9,1791566452563,2500,2500,800,800,800,800,799,800,2499,2500,2500,2500,2500,2499,800,799,0,0,100,0,0,0,0,0,0,0,0,0,0,0,0,0,231192.72882080078,17763.071411132813,0,404327403520,8589930496,5939154944,114688
9,1791566452573,2500,2500,800,800,800,800,799,800,2499,2500,2500,2500,2500,2499,800,799,0,0,100,0,0,0,0,0,0,0,0,0,0,0,0,0,231192.8787841797,17763.395446777344,0,404327403520,8589930496,5939154944,114688
10,1791566452583,2500,2500,800,800,800,800,799,800,2499,2500,2500,2500,2500,2499,800,799,0,0,100,0,0,0,0,0,0,0,0,0,0,0,0,0,231193.01538085938,17763.685180664063,0,404327403520,8589930496,5939154944,114688
10,1791566452593,2500,2500,800,800,800,800,799,800,2499,2500,2500,2500,2500,2499,800,799,0,0,100,0,0,0,0,0,0,0,0,0,0,0,0,0,231193.18237304688,17764.041137695313,0,404327403520,8589930496,5939154944,114688
9,1791566452603,2500,2500,800,800,800,800,799,800,2499,2500,2500,2500,2500,2499,800,799,0,0,100,0,0,0,0,0,0,0,0,0,0,0,0,0,231193.33306884766,17764.363525390625,0,404327403520,8589930496,5939154944,114688
10,1791566452613,2500,2500,800,800,800,800,799,800,2499,2500,2500,2500,2500,2499,800,799,0,0,100,0,0,0,0,0,0,0,0,0,0,0,0,0,231193.4868774414,17764.688049316406,0,404327403520,8589930496,5939154944,114688
9,1791566452623,2500,2500,800,800,800,800,799,800,2499,2500,2500,2500,2500,2499,800,799,0,0,100,0,0,0,0,0,0,0,0,0,0,0,0,0,231193.64544677734,17765.008666992188,0,404327403520,8589930496,5939154944,114688
9,1791566452633,2500,2500,800,800,800,800,799,800,2499,2500,2500,2500,2500,2499,800,799,5.263157844543457,5,100,0,0,0,0,9.523809432983398,5,5,0,0,5,0,0,4.761904716491699,231193.79846191406,17765.329956054688,0,404327403520,8589930496,5939154944,114688
9,1791566452643,2500,2500,800,800,800,800,799,800,2499,2500,2500,2500,2500,2499,800,799,5.263157844543457,5,100,0,0,0,0,9.523809432983398,5,5,0,0,5,0,0,4.761904716491699,231193.95446777344,17765.653564453125,0,404327403520,8589930496,5939154944,114688
10,1791566452653,2500,2500,800,800,800,800,799,800,2499,2500,2500,2500,2500,2499,800,799,5.263157844543457,5,100,0,0,0,0,9.523809432983398,5,5,0,0,5,0,0,4.761904716491699,231194.10870361328,17765.9765625,0,404327403520,8589930496,5939154944,114688
9,1791566452664,2500,2500,800,800,800,800,799,800,2499,2500,2500,2500,2500,2499,800,799,5.263157844543457,5,100,0,0,0,0,9.523809432983398,5,5,0,0,5,0,0,4.761904716491699,231194.263671875,17766.296020507813,0,404327403520,8589930496,5939154944,114688
9,1791566452674,2500,2500,800,800,800,800,799,800,2499,2500,2500,2500,2500,2499,800,799,5.263157844543457,5,100,0,0,0,0,9.523809432983398,5,5,0,0,5,0,0,4.761904716491699,231194.4136352539,17766.61553955078,0,404327403520,8589930496,5939154944,114688
9,1791566452684,2500,2500,800,800,800,800,799,800,2499,2500,2500,2500,2500,2499,800,799,5.263157844543457,5,100,0,0,0,0,9.523809432983398,5,5,0,0,5,0,0,4.761904716491699,231194.5675048828,17766.93780517578,0,404327403520,8589930496,5939154944,114688
9,1791566452694,2500,2500,800,800,800,800,799,800,2499,2500,2500,2500,2500,2499,800,799,5.263157844543457,5,100,0,0,0,0,9.523809432983398,5,5,0,0,5,0,0,4.761904716491699,231194.72424316406,17767.255126953125,0,404327403520,8589930496,5939154944,114688
9,1791566452704,2500,2500,800,800,800,800,799,800,2499,2500,2500,2500,2500,2499,800,799,5.263157844543457,5,100,0,0,0,0,9.523809432983398,5,5,0,0,5,0,0,4.761904716491699,231194.89306640625,17767.606506347656,0,404327403520,8589930496,5939154944,114688
9,1791566452714,2500,2500,800,800,800,800,799,800,2499,2500,2500,2500,2500,2499,800,799,5.263157844543457,5,100,0,0,0,0,9.523809432983398,5,5,0,0,5,0,0,4.761904716491699,231195.03094482422,17767.900756835938,0,404327403520,8589930496,5939154944,114688
9,1791566452724,2500,2500,800,800,800,800,799,800,2499,2500,2500,2500,2500,2499,800,799,5.263157844543457,5,100,0,0,0,0,9.523809432983398,5,5,0,0,5,0,0,4.761904716491699,231195.19793701172,17768.251831054688,0,404327403520,8589930496,5939154944,114688
9,1791566452734,2500,2500,800,800,800,800,799,800,2499,2500,2500,2500,2500,2499,800,799,5.263157844543457,5,100,0,0,0,0,9.523809432983398,5,5,0,0,5,0,0,4.761904716491699,231195.3555908203,17768.573303222656,0,404327403520,8589930496,5939154944,114688
9,1791566452744,2500,2500,800,800,800,800,799,800,2499,2500,2500,2500,2500,2499,800,799,5.263157844543457,5,100,0,0,0,0,9.523809432983398,5,5,0,0,5,0,0,4.761904716491699,231195.50775146484,17768.895568847656,0,404327403520,8589930496,5939154944,114688
9,1791566452754,2500,2500,800,800,800,800,799,800,2499,2500,2500,2500,2500,2499,800,799,5.263157844543457,5,100,0,0,0,0,9.523809432983398,5,5,0,0,5,0,0,4.761904716491699,231195.65502929688,17769.217224121094,0,404327403520,8589930496,5939154944,114688
9,1791566452764,2500,2500,800,800,800,800,799,800,2499,2500,2500,2500,2500,2499,800,799,5.263157844543457,5,100,0,0,0,0,9.523809432983398,5,5,0,0,5,0,0,4.761904716491699,231195.8065185547,17769.537536621094,0,404327403520,8589930496,5939154944,114688
9,1791566452774,2500,2500,800,800,800,800,799,800,2499,2500,2500,2500,2500,2499,800,799,5.263157844543457,5,100,0,0,0,0,9.523809432983398,5,5,0,0,5,0,0,4.761904716491699,231195.96630859375,17769.85821533203,0,404327403520,8589930496,5939154944,114688
9,1791566452784,2500,2500,800,800,800,800,799,800,2499,2500,2500,2500,2500,2499,800,799,5.263157844543457,5,100,0,0,0,0,9.523809432983398,5,5,0,0,5,0,0,4.761904716491699,231196.11785888672,17770.18212890625,0,404327403520,8589930496,5939154944,114688
9,1791566452794,2500,2500,800,800,800,800,799,800,2499,2500,2500,2500,2500,2499,800,799,5.263157844543457,5,100,0,0,0,0,9.523809432983398,5,5,0,0,5,0,0,4.761904716491699,231196.27075195313,17770.50067138672,0,404327403520,8589930496,5939154944,114688
9,1791566452805,2500,2500,800,800,800,800,799,800,2499,2500,2500,2500,2500,2499,800,799,5.263157844543457,5,100,0,0,0,0,9.523809432983398,5,5,0,0,5,0,0,4.761904716491699,231196.42602539063,17770.82275390625,0,404327403520,8589930496,5939154944,114688
9,1791566452815,2500,2500,800,800,800,800,799,800,2499,2500,2500,2500,2500,2499,800,799,5.263157844543457,5,100,0,0,0,0,9.523809432983398,5,5,0,0,5,0,0,4.761904716491699,231196.5791015625,17771.144653320313,0,404327403520,8589930496,5939154944,114688
9,1791566452825,2500,2500,800,800,800,800,799,800,2499,2500,2500,2500,2500,2499,800,799,5.263157844543457,5,100,0,0,0,0,9.523809432983398,5,5,0,0,5,0,0,4.761904716491699,231196.7264404297,17771.465576171875,0,404327403520,8589930496,5939154944,114688
9,1791566452835,2500,2500,800,800,800,800,799,800,2499,2500,2500,2500,2500,2499,800,799,5,0,100,0,0,0,0,0,0,0,0,5,0,0,0,0,231196.87982177734,17771.785400390625,0,404327403520,8589930496,5939154944,114688
9,1791566452845,2500,2500,800,800,800,800,799,800,2499,2500,2500,2500,2500,2499,800,799,5,0,100,0,0,0,0,0,0,0,0,5,0,0,0,0,231197.02978515625,17772.10723876953,0,404327403520,8589930496,5939154944,114688
9,1791566452855,2500,2500,800,800,800,800,799,800,2499,2500,2500,2500,2500,2499,800,799,5,0,100,0,0,0,0,0,0,0,0,5,0,0,0,0,231197.18286132813,17772.42950439453,0,404327403520,8589930496,5939154944,114688
9,1791566452865,2500,2500,800,800,800,800,799,800,2499,2500,2500,2500,2500,2499,800,799,5,0,100,0,0,0,0,0,0,0,0,5,0,0,0,0,231197.33337402344,17772.74884033203,0,404327403520,8589930496,5939154944,114688
9,1791566452875,2500,2500,800,800,800,800,799,800,2499,2500,2500,2500,2500,2499,800,799,5,0,100,0,0,0,0,0,0,0,0,5,0,0,0,0,231197.4888305664,17773.07342529297,0,404327403520,8589930496,5939154944,114688
9,1791566452885,2500,2500,800,800,800,800,799,800,2499,2500,2500,2500,2500,2499,800,799,5,0,100,0,0,0,0,0,0,0,0,5,0,0,0,0,231197.63732910156,17773.39581298828,0,404327403520,8589930496,5939154944,114688
10,1791566452895,2500,2500,800,800,800,800,799,800,2499,2500,2500,2500,2500,2499,800,799,5,0,100,0,0,0,0,0,0,0,0,5,0,0,0,0,231197.78985595703,17773.72039794922,0,404327403520,8589930496,5939154944,114688
9,1791566452905,2500,2500,800,800,800,800,799,800,2499,2500,2500,2500,2500,2499,800,799,5,0,100,0,0,0,0,0,0,0,0,5,0,0,0,0,231197.95849609375,17774.078247070313,0,404327403520,8589930496,5939154944,114688
9,1791566452915,2500,2500,800,800,800,800,799,800,2499,2500,2500,2500,2500,2499,800,799,5,0,100,0,0,0,0,0,0,0,0,5,0,0,0,0,231198.1089477539,17774.40692138672,0,404327403520,8589930496,5939154944,114688
9,1791566452925,2500,2500,800,800,800,800,799,800,2499,2500,2500,2500,2500,2499,800,799,5,0,100,0,0,0,0,0,0,0,0,5,0,0,0,0,231198.2564086914,17774.72528076172,0,404327403520,8589930496,5939154944,114688
9,1791566452936,2500,2500,800,800,800,800,799,800,2499,2500,2500,2500,2500,2499,800,799,5,0,100,0,0,0,0,0,0,0,0,5,0,0,0,0,231198.4048461914,17775.04638671875,0,404327403520,8589930496,5939154944,114688
10,1791566452945,2500,2500,800,800,800,800,799,800,2499,2500,2500,2500,2500,2499,800,799,5,0,100,0,0,0,0,0,0,0,0,5,0,0,0,0,231198.55517578125,17775.369995117188,0,404327403520,8589930496,5939154944,114688
9,1791566452956,2500,2500,800,800,800,800,799,800,2499,2500,2500,2500,2500,2499,800,799,5,0,100,0,0,0,0,0,0,0,0,5,0,0,0,0,231198.7055053711,17775.69171142578,0,404327403520,8589930496,5939154944,114688
9,1791566452966,2500,2500,800,800,800,800,799,800,2499,2500,2500,2500,2500,2499,800,799,5,0,100,0,0,0,0,0,0,0,0,5,0,0,0,0,231198.85467529297,17776.008850097656,0,404327403520,8589930496,5939154944,114688
9,1791566452976,2500,2500,800,800,800,800,799,800,2499,2500,2500,2500,2500,2499,800,799,5,0,100,0,0,0,0,0,0,0,0,5,0,0,0,0,231199.00408935547,17776.328063964844,0,404327403520,8589930496,5939154944,114688
9,1791566452986,2500,2500,800,800,800,800,799,800,2499,2500,2500,2500,2500,2499,800,799,5,0,100,0,0,0,0,0,0,0,0,5,0,0,0,0,231199.15606689453,17776.64569091797,0,404327403520,8589930496,5939154944,114688
10,1791566452996,2500,2500,800,800,800,800,799,800,2499,2500,2500,2500,2500,2499,800,799,5,0,100,0,0,0,0,0,0,0,0,5,0,0,0,0,231199.30731201172,17776.968383789063,0,404327403520,8589930496,5939154944,114688
9,1791566453006,2500,2500,800,800,800,800,799,800,2499,2500,2500,2500,2500,2499,800,799,5,0,100,0,0,0,0,0,0,0,0,5,0,0,0,0,231199.45947265625,17777.291015625,0,404327403520,8589930496,5939154944,114688
9,1791566453016,2500,2500,800,800,800,800,799,800,2499,2500,2500,2500,2500,2499,800,799,5,0,100,0,0,0,0,0,0,0,0,5,0,0,0,0,231199.61419677734,17777.61248779297,0,404327403520,8589930496,5939154944,114688
9,1791566453026,2500,2500,800,800,800,800,799,800,2499,2500,2500,2500,2500,2499,800,799,5,0,100,0,0,0,0,0,0,0,0,5,0,0,0,0,231199.771484375,17777.934509277344,0,404327403520,8589930496,5939154944,114688
9,1791566453036,2500,2500,800,800,800,800,799,800,2499,2500,2500,2500,2500,2499,800,799,5.263157844543457,0,100,0,0,0,0,10,0,0,0,0,0,0,0,0,231199.9403076172,17778.288208007813,0,404327403520,8589930496,5939154944,114688
9,1791566453046,2500,2500,800,800,800,800,799,800,2499,2500,2500,2500,2500,2499,800,799,5.263157844543457,0,100,0,0,0,0,10,0,0,0,0,0,0,0,0,231200.07537841797,17778.57989501953,0,404327403520,8589930496,5939154944,114688
10,1791566453056,2500,2500,800,800,800,800,799,800,2499,2500,2500,2500,2500,2499,800,799,5.263157844543457,0,100,0,0,0,0,10,0,0,0,0,0,0,0,0,231200.23065185547,17778.900817871094,0,404327403520,8589930496,5939154944,114688
9,1791566453066,2500,2500,800,800,800,800,799,800,2499,2500,2500,2500,2500,2499,800,799,5.263157844543457,0,100,0,0,0,0,10,0,0,0,0,0,0,0,0,231200.39764404297,17779.25262451172,0,404327403520,8589930496,5939154944,114688
10,1791566453076,2500,2500,800,800,800,800,799,800,2499,2500,2500,2500,2500,2499,800,799,5.263157844543457,0,100,0,0,0,0,10,0,0,0,0,0,0,0,0,231200.54833984375,17779.574951171875,0,404327403520,8589930496,5939154944,114688
9,1791566453087,2500,2500,800,800,800,800,799,800,2499,2500,2500,2500,2500,2499,800,799,5.263157844543457,0,100,0,0,0,0,10,0,0,0,0,0,0,0,0,231200.69775390625,17779.897705078125,0,404327403520,8589930496,5939154944,114688
9,1791566453097,2500,2500,800,800,800,800,799,800,2499,2500,2500,2500,2500,2499,800,799,5.263157844543457,0,100,0,0,0,0,10,0,0,0,0,0,0,0,0,231200.84759521484,17780.218505859375,0,404327403520,8589930496,5938327552,114688
10,1791566453107,2500,2500,800,800,800,800,799,800,2499,2500,2500,2500,2500,2499,800,799,5.263157844543457,0,100,0,0,0,0,10,0,0,0,0,0,0,0,0,231200.99774169922,17780.5458984375,0,404327403520,8589930496,5938327552,114688
9,1791566453117,2500,2500,800,800,800,800,799,800,2499,2500,2500,2500,2500,2499,800,799,5.263157844543457,0,100,0,0,0,0,10,0,0,0,0,0,0,0,0,231201.1508178711,17780.870483398438,0,404327403520,8589930496,5938327552,114688
9,1791566453127,2500,2500,800,800,800,800,799,800,2499,2500,2500,2500,2500,2499,800,799,5.263157844543457,0,100,0,0,0,0,10,0,0,0,0,0,0,0,0,231201.3037109375,17781.19073486328,0,404327403520,8589930496,5938327552,114688
9,1791566453137,2500,2500,800,800,800,800,799,800,2499,2500,2500,2500,2500,2499,800,799,5.263157844543457,0,100,0,0,0,0,10,0,0,0,0,0,0,0,0,231201.46026611328,17781.51531982422,0,404327403520,8589930496,5938327552,114688
9,1791566453147,2500,2500,800,800,800,800,799,800,2499,2500,2500,2500,2500,2499,800,799,5.263157844543457,0,100,0,0,0,0,10,0,0,0,0,0,0,0,0,231201.61297607422,17781.842834472656,0,404327403520,8589930496,5938327552,114688
9,1791566453157,2500,2500,800,800,800,800,799,800,2499,2500,2500,2500,2500,2499,800,799,5.263157844543457,0,100,0,0,0,0,10,0,0,0,0,0,0,0,0,231201.765625,17782.163330078125,0,404327403520,8589930496,5938327552,114688
9,1791566453167,2500,2500,800,800,800,800,799,800,2499,2500,2500,2500,2500,2499,800,799,5.263157844543457,0,100,0,0,0,0,10,0,0,0,0,0,0,0,0,231201.92236328125,17782.48846435547,0,404327403520,8589930496,5929549824,114688
9,1791566453177,2500,2500,800,800,800,800,799,800,2499,2500,2500,2500,2500,2499,800,799,5.263157844543457,0,100,0,0,0,0,10,0,0,0,0,0,0,0,0,231202.0743408203,17782.81103515625,0,404327403520,8589930496,5929549824,114688
10,1791566453187,2500,2500,800,800,800,800,799,800,2499,2500,2500,2500,2500,2499,800,799,5.263157844543457,0,100,0,0,0,0,10,0,0,0,0,0,0,0,0,231202.22760009766,17783.12890625,0,404327403520,8589930496,5929549824,114688
9,1791566453197,2500,2500,800,800,800,800,799,800,2499,2500,2500,2500,2500,2499,800,799,5.263157844543457,0,100,0,0,0,0,10,0,0,0,0,0,0,0,0,231202.37811279297,17783.45428466797,0,404327403520,8589930496,5929549824,114688
10,1791566453207,2500,2500,800,800,800,800,799,800,2499,2500,2500,2500,2500,2499,800,799,5.263157844543457,0,100,0,0,0,0,10,0,0,0,0,0,0,0,0,231202.52514648438,17783.776977539063,0,404327403520,8589930496,5929549824,114688
9,1791566453217,2500,2500,800,800,800,800,799,800,2499,2500,2500,2500,2500,2499,800,799,5.263157844543457,0,100,0,0,0,0,10,0,0,0,0,0,0,0,0,231202.68994140625,17784.132080078125,0,404327403520,8589930496,5929549824,114688
9,1791566453227,2500,2500,800,800,800,800,799,800,2499,2500,2500,2500,2500,2499,800,799,5.263157844543457,0,100,0,0,0,0,10,0,0,0,0,0,0,0,0,231202.82873535156,17784.417907714844,0,404327403520,8589930496,5929549824,114688
10,1791566453237,2500,2500,800,800,800,800,799,800,2499,2500,2500,2500,2500,2499,800,799,5.263157844543457,0,100,0,0,4.761904716491699,0,5,0,0,0,0,0,0,0,0,231202.99346923828,17784.77130126953,0,404327403520,8589930496,5929549824,114688
9,1791566453248,2500,2500,800,800,800,800,799,800,2499,2500,2500,2500,2500,2499,800,799,5.263157844543457,0,100,0,0,4.761904716491699,0,5,0,0,0,0,0,0,0,0,231203.14184570313,17785.089721679688,0,404327403520,8589930496,5929549824,114688
10,1791566453258,2500,2500,800,800,800,800,799,800,2499,2500,2500,2500,2500,2499,800,799,5.263157844543457,0,100,0,0,4.761904716491699,0,5,0,0,0,0,0,0,0,0,231203.28887939453,17785.40936279297,0,404327403520,8589930496,5929549824,114688
9,1791566453268,2500,2500,800,800,800,800,799,800,2499,2500,2500,2500,2500,2499,800,799,5.263157844543457,0,100,0,0,4.761904716491699,0,5,0,0,0,0,0,0,0,0,231203.43774414063,17785.734985351563,0,404327403520,8589930496,5929549824,114688
9,1791566453278,2500,2500,800,800,800,800,799,800,2499,2500,2500,2500,2500,2499,800,799,5.263157844543457,0,100,0,0,4.761904716491699,0,5,0,0,0,0,0,0,0,0,231203.59228515625,17786.052368164063,0,404327403520,8589930496,5929549824,114688
9,1791566453288,2500,2500,800,800,800,800,799,800,2499,2500,2500,2500,2500,2499,800,799,5.263157844543457,0,100,0,0,4.761904716491699,0,5,0,0,0,0,0,0,0,0,231203.74169921875,17786.374389648438,0,404327403520,8589930496,5929549824,114688
9,1791566453298,2500,2500,800,800,800,800,799,800,2499,2500,2500,2500,2500,2499,800,799,5.263157844543457,0,100,0,0,4.761904716491699,0,5,0,0,0,0,0,0,0,0,231203.89282226563,17786.696411132813,0,404327403520,8589930496,5929549824,114688
10,1791566453308,2500,2500,800,800,800,800,799,800,2499,2500,2500,2500,2500,2499,800,799,5.263157844543457,0,100,0,0,4.761904716491699,0,5,0,0,0,0,0,0,0,0,231204.04266357422,17787.015014648438,0,404327403520,8589930496,5929549824,114688
10,1791566453318,2500,2500,800,800,800,800,799,800,2499,2500,2500,2500,2500,2499,800,799,5.263157844543457,0,100,0,0,4.761904716491699,0,5,0,0,0,0,0,0,0,0,231204.18951416016,17787.34619140625,0,404327403520,8589930496,5929549824,114688
9,1791566453328,2500,2500,800,800,800,800,799,800,2499,2500,2500,2500,2500,2499,800,799,5.263157844543457,0,100,0,0,4.761904716491699,0,5,0,0,0,0,0,0,0,0,231204.32904052734,17787.661560058594,0,404327403520,8589930496,5929549824,114688
10,1791566453338,2500,2500,800,800,800,800,799,800,2499,2500,2500,2500,2500,2499,800,799,5.263157844543457,0,100,0,0,4.761904716491699,0,5,0,0,0,0,0,0,0,0,231204.4810180664,17787.98046875,0,404327403520,8589930496,5929549824,114688
10,1791566453348,2500,2500,800,800,800,800,799,800,2499,2500,2500,2500,2500,2499,800,799,5.263157844543457,0,100,0,0,4.761904716491699,0,5,0,0,0,0,0,0,0,0,231204.63024902344,17788.297424316406,0,404327403520,8589930496,5929549824,114688
9,1791566453358,2500,2500,800,800,800,800,799,800,2499,2500,2500,2500,2500,2499,800,799,5.263157844543457,0,100,0,0,4.761904716491699,0,5,0,0,0,0,0,0,0,0,231204.7823486328,17788.61309814453,0,404327403520,8589930496,5929549824,114688
9,1791566453368,2500,2500,800,800,800,800,799,800,2499,2500,2500,2500,2500,2499,800,799,5.263157844543457,0,100,0,0,4.761904716491699,0,5,0,0,0,0,0,0,0,0,231204.93334960938,17788.936889648438,0,404327403520,8589930496,5929549824,114688
9,1791566453378,2500,2500,800,800,800,800,799,800,2499,2500,2500,2500,2500,2499,800,799,5.263157844543457,0,100,0,0,4.761904716491699,0,5,0,0,0,0,0,0,0,0,231205.0849609375,17789.25732421875,0,404327403520,8589930496,5929549824,114688
10,1791566453388,2500,2500,800,800,800,800,799,800,2499,2500,2500,2500,2500,2499,800,799,5.263157844543457,0,100,0,0,4.761904716491699,0,5,0,0,0,0,0,0,0,0,231205.2338256836,17789.57879638672,0,404327403520,8589930496,5929549824,114688
10,1791566453399,2500,2500,800,800,800,800,799,800,2499,2500,2500,2500,2500,2499,800,799,5.263157844543457,0,100,0,0,4.761904716491699,0,5,0,0,0,0,0,0,0,0,231205.3861694336,17789.905639648438,0,404327403520,8589930496,5929549824,114688
9,1791566453409,2500,2500,800,800,800,800,799,800,2499,2500,2500,2500,2500,2499,800,799,5.263157844543457,0,100,0,0,4.761904716491699,0,5,0,0,0,0,0,0,0,0,231205.52990722656,17790.224975585938,0,404327403520,8589930496,5929549824,114688
9,1791566453419,2500,2500,800,800,800,800,799,800,2499,2500,2500,2500,2500,2499,800,799,5.263157844543457,0,100,0,0,4.761904716491699,0,5,0,0,0,0,0,0,0,0,231205.69268798828,17790.58349609375,0,404327403520,8589930496,5929549824,114688
9,1791566453429,2500,2500,800,800,800,800,799,800,2499,2500,2500,2500,2500,2499,800,799,5.263157844543457,0,100,0,0,4.761904716491699,0,5,0,0,0,0,0,0,0,0,231205.82525634766,17790.875915527344,0,404327403520,8589930496,5929549824,114688
9,1791566453439,2500,2500,800,800,800,800,799,800,2499,2500,2500,2500,2500,2499,800,799,5.263157844543457,0,100,0,0,0,0,5.263157844543457,0,0,0,0,0,0,0,0,231205.9862060547,17791.225952148438,0,404327403520,8589930496,5929549824,114688
10,1791566453449,2500,2500,800,800,800,800,799,800,2499,2500,2500,2500,2500,2499,800,799,5.263157844543457,0,100,0,0,0,0,5.263157844543457,0,0,0,0,0,0,0,0,231206.13836669922,17791.546630859375,0,404327403520,8589930496,5929549824,114688
9,1791566453459,2500,2500,800,800,800,800,799,800,2499,2500,2500,2500,2500,2499,800,799,5.263157844543457,0,100,0,0,0,0,5.263157844543457,0,0,0,0,0,0,0,0,231206.28778076172,17791.861267089844,0,404327403520,8589930496,5929549824,114688
9,1791566453469,2500,2500,800,800,800,800,799,800,2499,2500,2500,2500,2500,2499,800,799,5.263157844543457,0,100,0,0,0,0,5.263157844543457,0,0,0,0,0,0,0,0,231206.44158935547,17792.17791748047,0,404327403520,8589930496,5929549824,114688
10,1791566453479,2500,2500,800,800,800,800,799,800,2499,2500,2500,2500,2500,2499,800,799,5.263157844543457,0,100,0,0,0,0,5.263157844543457,0,0,0,0,0,0,0,0,231206.5966796875,17792.502990722656,0,404327403520,8589930496,5929549824,114688
9,1791566453489,2500,2500,800,800,800,800,799,800,2499,2500,2500,2500,2500,2499,800,799,5.263157844543457,0,100,0,0,0,0,5.263157844543457,0,0,0,0,0,0,0,0,231206.7455444336,17792.824768066406,0,404327403520,8589930496,5929549824,114688
10,1791566453499,2500,2500,800,800,800,800,799,800,2499,2500,2500,2500,2500,2499,800,799,5.263157844543457,0,100,0,0,0,0,5.263157844543457,0,0,0,0,0,0,0,0,231206.89459228516,17793.1416015625,0,404327403520,8589930496,5929549824,114688
9,1791566453509,2500,2500,800,800,800,800,799,800,2499,2500,2500,2500,2500,2499,800,799,5.263157844543457,0,100,0,0,0,0,5.263157844543457,0,0,0,0,0,0,0,0,231207.04486083984,17793.460693359375,0,404327403520,8589930496,5929549824,114688
9,1791566453520,2500,2500,800,800,800,800,799,800,2499,2500,2500,2500,2500,2499,800,799,5.263157844543457,0,100,0,0,0,0,5.263157844543457,0,0,0,0,0,0,0,0,231207.1957397461,17793.783447265625,0,404327403520,8589930496,5929549824,114688
9,1791566453530,2500,2500,800,800,800,800,799,800,2499,2500,2500,2500,2500,2499,800,799,5.263157844543457,0,100,0,0,0,0,5.263157844543457,0,0,0,0,0,0,0,0,231207.35174560547,17794.101989746094,0,404327403520,8589930496,5929549824,114688
9,1791566453540,2500,2500,800,800,800,800,799,800,2499,2500,2500,2500,2500,2499,800,799,5.263157844543457,0,100,0,0,0,0,5.263157844543457,0,0,0,0,0,0,0,0,231207.5161743164,17794.45458984375,0,404327403520,8589930496,5929549824,114688
9,1791566453550,2500,2500,800,800,800,800,799,800,2499,2500,2500,2500,2500,2499,800,799,5.263157844543457,0,100,0,0,0,0,5.263157844543457,0,0,0,0,0,0,0,0,231207.64874267578,17794.747131347656,0,404327403520,8589930496,5929549824,114688
9,1791566453560,2500,2500,800,800,800,800,799,800,2499,2500,2500,2500,2500,2499,800,799,5.263157844543457,0,100,0,0,0,0,5.263157844543457,0,0,0,0,0,0,0,0,231207.81121826172,17795.104736328125,0,404327403520,8589930496,5929549824,114688
9,1791566453570,2500,2500,800,800,800,800,799,800,2499,2500,2500,2500,2500,2499,800,799,5.263157844543457,0,100,0,0,0,0,5.263157844543457,0,0,0,0,0,0,0,0,231207.96154785156,17795.426391601563,0,404327403520,8589930496,5929549824,114688
9,1791566453580,2500,2500,800,800,800,800,799,800,2499,2500,2500,2500,2500,2499,800,799,5.263157844543457,0,100,0,0,0,0,5.263157844543457,0,0,0,0,0,0,0,0,231208.10968017578,17795.748962402344,0,404327403520,8589930496,5929549824,114688
9,1791566453590,2500,2500,800,800,800,800,799,800,2499,2500,2500,2500,2500,2499,800,799,5.263157844543457,0,100,0,0,0,0,5.263157844543457,0,0,0,0,0,0,0,0,231208.25909423828,17796.065490722656,0,404327403520,8589930496,5929549824,114688
9,1791566453600,2500,2500,800,800,800,800,799,800,2499,2500,2500,2500,2500,2499,800,799,5.263157844543457,0,100,0,0,0,0,5.263157844543457,0,0,0,0,0,0,0,0,231208.40692138672,17796.385375976563,0,404327403520,8589930496,5929549824,114688
9,1791566453610,2500,2500,800,800,800,800,799,800,2499,2500,2500,2500,2500,2499,800,799,5.263157844543457,0,100,0,0,0,0,5.263157844543457,0,0,0,0,0,0,0,0,231208.55932617188,17796.70391845703,0,404327403520,8589930496,5929549824,114688
9,1791566453620,2500,2500,800,800,800,800,799,800,2499,2500,2500,2500,2500,2499,800,799,5.263157844543457,0,100,0,0,0,0,5.263157844543457,0,0,0,0,0,0,0,0,231208.7133178711,17797.02996826172,0,404327403520,8589930496,5929549824,114688
9,1791566453630,2500,2500,800,800,800,800,799,800,2499,2500,2500,2500,2500,2499,800,799,5.263157844543457,0,100,0,0,0,0,5.263157844543457,0,0,0,0,0,0,0,0,231208.86181640625,17797.352783203125,0,404327403520,8589930496,5929549824,114688
10,1791566453640,2500,2500,800,800,800,800,799,800,2499,2500,2500,2500,2500,2499,800,799,5.263157844543457,0,100,0,0,0,0,9.523809432983398,0,0,0,0,0,0,0,0,231209.01141357422,17797.67626953125,0,404327403520,8589930496,5929549824,114688
9,1791566453650,2500,2500,800,800,800,800,799,800,2499,2500,2500,2500,2500,2499,800,799,5.263157844543457,0,100,0,0,0,0,9.523809432983398,0,0,0,0,0,0,0,0,231209.16235351563,17797.997497558594,0,404327403520,8589930496,5929549824,114688
9,1791566453661,2500,2500,800,800,800,800,799,800,2499,2500,2500,2500,2500,2499,800,799,5.263157844543457,0,100,0,0,0,0,9.523809432983398,0,0,0,0,0,0,0,0,231209.31451416016,17798.3203125,0,404327403520,8589930496,5929549824,114688
9,1791566453671,2500,2500,800,800,800,800,799,800,2499,2500,2500,2500,2500,2499,800,799,5.263157844543457,0,100,0,0,0,0,9.523809432983398,0,0,0,0,0,0,0,0,231209.4672241211,17798.642456054688,0,404327403520,8589930496,5929549824,114688
9,1791566453681,2500,2500,800,800,800,800,799,800,2499,2500,2500,2500,2500,2499,800,799,5.263157844543457,0,100,0,0,0,0,9.523809432983398,0,0,0,0,0,0,0,0,231209.62341308594,17798.96875,0,404327403520,8589930496,5929549824,114688
9,1791566453691,2500,2500,800,800,800,800,799,800,2499,2500,2500,2500,2500,2499,800,799,5.263157844543457,0,100,0,0,0,0,9.523809432983398,0,0,0,0,0,0,0,0,231209.7759399414,17799.290405273438,0,404327403520,8589930496,5929549824,114688
9,1791566453701,2500,2500,800,800,800,800,799,800,2499,2500,2500,2500,2500,2499,800,799,5.263157844543457,0,100,0,0,0,0,9.523809432983398,0,0,0,0,0,0,0,0,231209.92938232422,17799.615234375,0,404327403520,8589930496,5929549824,114688
10,1791566453711,2500,2500,800,800,800,800,799,800,2499,2500,2500,2500,2500,2499,800,799,5.263157844543457,0,100,0,0,0,0,9.523809432983398,0,0,0,0,0,0,0,0,231210.08709716797,17799.939331054688,0,404327403520,8589930496,5929549824,114688
10,1791566453721,2500,2500,800,800,800,800,799,800,2499,2500,2500,2500,2500,2499,800,799,5.263157844543457,0,100,0,0,0,0,9.523809432983398,0,0,0,0,0,0,0,0,231210.23376464844,17800.227294921875,0,404327403520,8589930496,5929549824,114688
9,1791566453731,2500,2500,800,800,800,800,799,800,2499,2500,2500,2500,2500,2499,800,799,5.263157844543457,0,100,0,0,0,0,9.523809432983398,0,0,0,0,0,0,0,0,231210.38580322266,17800.58477783203,0,404327403520,8589930496,5929549824,114688
10,1791566453741,2500,2500,800,800,800,800,799,800,2499,2500,2500,2500,2500,2499,800,799,5.263157844543457,0,100,0,0,0,0,9.523809432983398,0,0,0,0,0,0,0,0,231210.55755615234,17800.9375,0,404327403520,8589930496,5929549824,114688
9,1791566453751,2500,2500,800,800,800,800,799,800,2499,2500,2500,2500,2500,2499,800,799,5.263157844543457,0,100,0,0,0,0,9.523809432983398,0,0,0,0,0,0,0,0,231210.70770263672,17801.26544189453,0,404327403520,8589930496,5929549824,114688
9,1791566453761,2500,2500,800,800,800,800,799,800,2499,2500,2500,2500,2500,2499,800,799,5.263157844543457,0,100,0,0,0,0,9.523809432983398,0,0,0,0,0,0,0,0,231210.85876464844,17801.587768554688,0,404327403520,8589930496,5929549824,114688
9,1791566453771,2500,2500,800,800,800,800,799,800,2499,2500,2500,2500,2500,2499,800,799,5.263157844543457,0,100,0,0,0,0,9.523809432983398,0,0,0,0,0,0,0,0,231211.0089111328,17801.909118652344,0,404327403520,8589930496,5929549824,114688
10,1791566453781,2500,2500,800,800,800,800,799,800,2499,2500,2500,2500,2500,2499,800,799,5.263157844543457,0,100,0,0,0,0,9.523809432983398,0,0,0,0,0,0,0,0,231211.16052246094,17802.23486328125,0,404327403520,8589930496,5929549824,114688
9,1791566453792,2500,2500,800,800,800,800,799,800,2499,2500,2500,2500,2500,2499,800,799,5.263157844543457,0,100,0,0,0,0,9.523809432983398,0,0,0,0,0,0,0,0,231211.31524658203,17802.554260253906,0,404327403520,8589930496,5929549824,114688
9,1791566453802,2500,2500,800,800,800,800,799,800,2499,2500,2500,2500,2500,2499,800,799,5.263157844543457,0,100,0,0,0,0,9.523809432983398,0,0,0,0,0,0,0,0,231211.4608154297,17802.87939453125,0,404327403520,8589930496,5929549824,114688
9,1791566453812,2500,2500,800,800,800,800,799,800,2499,2500,2500,2500,2500,2499,800,799,5.263157844543457,0,100,0,0,0,0,9.523809432983398,0,0,0,0,0,0,0,0,231211.61260986328,17803.207397460938,0,404327403520,8589930496,5929549824,114688
10,1791566453822,2500,2500,800,800,800,800,799,800,2499,2500,2500,2500,2500,2499,800,799,5.263157844543457,0,100,0,0,0,0,9.523809432983398,0,0,0,0,0,0,0,0,231211.7583618164,17803.52899169922,0,404327403520,8589930496,5929549824,114688
9,1791566453832,2500,2500,800,800,800,800,799,800,2499,2500,2500,2500,2500,2499,800,799,5.263157844543457,0,100,0,0,0,0,9.523809432983398,0,0,0,0,0,0,0,0,231211.91162109375,17803.85565185547,0,404327403520,8589930496,5929549824,114688
10,1791566453842,2500,2500,800,800,800,800,799,800,2499,2500,2500,2500,2500,2499,800,799,0,5,100,0,0,0,0,0,0,0,0,0,0,0,0,0,231212.0643310547,17804.175537109375,0,404327403520,8589930496,5929549824,114688
9,1791566453852,2500,2500,800,800,800,800,799,800,2499,2500,2500,2500,2500,2499,800,799,0,5,100,0,0,0,0,0,0,0,0,0,0,0,0,0,231212.2137451172,17804.49725341797,0,404327403520,8589930496,5929549824,114688
9,1791566453862,2500,2500,800,800,800,800,799,800,2499,2500,2500,2500,2500,2499,800,799,0,5,100,0,0,0,0,0,0,0,0,0,0,0,0,0,231212.35711669922,17804.820190429688,0,404327403520,8589930496,5929549824,114688
9,1791566453872,2500,2500,800,800,800,800,799,800,2499,2500,2500,2500,2500,2499,800,799,0,5,100,0,0,0,0,0,0,0,0,0,0,0,0,0,231212.50799560547,17805.146423339844,0,404327403520,8589930496,5929549824,114688
9,1791566453882,2500,2500,800,800,800,800,799,800,2499,2500,2500,2500,2500,2499,800,799,0,5,100,0,0,0,0,0,0,0,0,0,0,0,0,0,231212.66479492188,17805.468688964844,0,404327403520,8589930496,5929549824,114688
9,1791566453892,2500,2500,800,800,800,800,799,800,2499,2500,2500,2500,2500,2499,800,799,0,5,100,0,0,0,0,0,0,0,0,0,0,0,0,0,231212.82885742188,17805.8271484375,0,404327403520,8589930496,5929549824,114688
10,1791566453902,2500,2500,800,800,800,800,799,800,2499,2500,2500,2500,2500,2499,800,799,0,5,100,0,0,0,0,0,0,0,0,0,0,0,0,0,231212.96014404297,17806.1201171875,0,404327403520,8589930496,5929549824,114688
9,1791566453912,2500,2500,800,800,800,800,799,800,2499,2500,2500,2500,2500,2499,800,799,0,5,100,0,0,0,0,0,0,0,0,0,0,0,0,0,231213.1240234375,17806.47216796875,0,404327403520,8589930496,5929549824,114688
10,1791566453922,2500,2500,800,800,800,800,799,800,2499,2500,2500,2500,2500,2499,800,799,0,5,100,0,0,0,0,0,0,0,0,0,0,0,0,0,231213.2787475586,17806.79962158203,0,404327403520,8589930496,5929549824,114688
9,1791566453932,2500,2500,800,800,800,800,799,800,2499,2500,2500,2500,2500,2499,800,799,0,5,100,0,0,0,0,0,0,0,0,0,0,0,0,0,231213.4273071289,17807.124572753906,0,404327403520,8589930496,5929549824,114688
9,1791566453943,2500,2500,800,800,800,800,799,800,2499,2500,2500,2500,2500,2499,800,799,0,5,100,0,0,0,0,0,0,0,0,0,0,0,0,0,231213.5780029297,17807.449462890625,0,404327403520,8589930496,5929549824,114688
9,1791566453953,2500,2500,800,800,800,800,799,800,2499,2500,2500,2500,2500,2499,800,799,0,5,100,0,0,0,0,0,0,0,0,0,0,0,0,0,231213.73016357422,17807.774169921875,0,404327403520,8589930496,5929549824,114688
9,1791566453963,2500,2500,800,800,800,800,799,800,2499,2500,2500,2500,2500,2499,800,799,0,5,100,0,0,0,0,0,0,0,0,0,0,0,0,0,231213.8826904297,17808.098693847656,0,404327403520,8589930496,5929549824,114688
9,1791566453973,2500,2500,800,800,800,800,799,800,2499,2500,2500,2500,2500,2499,800,799,0,5,100,0,0,0,0,0,0,0,0,0,0,0,0,0,231214.0326538086,17808.426208496094,0,404327403520,8589930496,5929549824,114688
9,1791566453983,2500,2500,800,800,800,800,799,800,2499,2500,2500,2500,2500,2499,800,799,0,5,100,0,0,0,0,0,0,0,0,0,0,0,0,0,231214.1826171875,17808.751831054688,0,404327403520,8589930496,5929549824,114688
9,1791566453993,2500,2500,800,800,800,800,799,800,2499,2500,2500,2500,2500,2499,800,799,0,5,100,0,0,0,0,0,0,0,0,0,0,0,0,0,231214.33404541016,17809.073608398438,0,404327403520,8589930496,5929549824,114688
10,1791566454003,2500,2500,800,800,800,800,799,800,2499,2500,2500,2500,2500,2499,800,799,0,5,100,0,0,0,0,0,0,0,0,0,0,0,0,0,231214.48681640625,17809.393920898438,0,404327403520,8589930496,5929549824,114688
9,1791566454013,2500,2500,800,800,800,800,799,800,2499,2500,2500,2500,2500,2499,800,799,0,5,100,0,0,0,0,0,0,0,0,0,0,0,0,0,231214.6424560547,17809.71875,0,404327403520,8589930496,5929549824,114688
9,1791566454023,2500,2500,800,800,800,800,799,800,2499,2500,2500,2500,2500,2499,800,799,0,5,100,0,0,0,0,0,0,0,0,0,0,0,0,0,231214.79077148438,17810.040405273438,0,404327403520,8589930496,5929549824,114688
10,1791566454033,2500,2500,800,800,800,800,799,800,2499,2500,2500,2500,2500,2499,800,799,0,5,100,0,0,0,0,0,0,0,0,0,0,0,0,0,231214.93872070313,17810.356201171875,0,404327403520,8589930496,5929549824,114688
9,1791566454043,2500,2500,800,800,800,800,799,800,2499,2500,2500,2500,2500,2499,800,799,10,0,100,0,0,0,0,5.263157844543457,0,0,0,0,0,0,0,0,231215.08959960938,17810.6796875,0,404327403520,8589930496,5929549824,114688
10,1791566454053,2500,2500,800,800,800,800,799,800,2499,2500,2500,2500,2500,2499,800,799,10,0,100,0,0,0,0,5.263157844543457,0,0,0,0,0,0,0,0,231215.2401123047,17811.001403808594,0,404327403520,8589930496,5929549824,114688
9,1791566454063,2500,2500,800,800,800,800,799,800,2499,2500,2500,2500,2500,2499,800,799,10,0,100,0,0,0,0,5.263157844543457,0,0,0,0,0,0,0,0,231215.39227294922,17811.322509765625,0,404327403520,8589930496,5929549824,114688
9,1791566454073,2500,2500,800,800,800,800,799,800,2499,2500,2500,2500,2500,2499,800,799,10,0,100,0,0,0,0,5.263157844543457,0,0,0,0,0,0,0,0,231215.56158447266,17811.6728515625,0,404327403520,8589930496,5929549824,114688
9,1791566454084,2500,2500,800,800,800,800,799,800,2499,2500,2500,2500,2500,2499,800,799,10,0,100,0,0,0,0,5.263157844543457,0,0,0,0,0,0,0,0,231215.7124633789,17811.994689941406,0,404327403520,8589930496,5929549824,114688
10,1791566454094,2500,2500,800,800,800,800,799,800,2499,2500,2500,2500,2500,2499,800,799,10,0,100,0,0,0,0,5.263157844543457,0,0,0,0,0,0,0,0,231215.85034179688,17812.319702148438,0,404327403520,8589930496,5929549824,114688
9,1791566454104,2500,2500,800,800,800,800,799,800,2499,2500,2500,2500,2500,2499,800,799,10,0,100,0,0,0,0,5.263157844543457,0,0,0,0,0,0,0,0,231216.01696777344,17812.638793945313,0,404327403520,8589930496,5929549824,114688
9,1791566454114,2500,2500,800,800,800,800,799,800,2499,2500,2500,2500,2500,2499,800,799,10,0,100,0,0,0,0,5.263157844543457,0,0,0,0,0,0,0,0,231216.17095947266,17812.963500976563,0,404327403520,8589930496,5926576128,114688
9,1791566454124,2500,2500,800,800,800,800,799,800,2499,2500,2500,2500,2500,2499,800,799,10,0,100,0,0,0,0,5.263157844543457,0,0,0,0,0,0,0,0,231216.32348632813,17813.285278320313,0,404327403520,8589930496,5906087936,114688
9,1791566454134,2500,2500,800,800,800,800,799,800,2499,2500,2500,2500,2500,2499,800,799,10,0,100,0,0,0,0,5.263157844543457,0,0,0,0,0,0,0,0,231216.4805908203,17813.611083984375,0,404327403520,8589930496,5906087936,114688
9,1791566454144,2500,2500,800,800,800,800,799,800,2499,2500,2500,2500,2500,2499,800,799,10,0,100,0,0,0,0,5.263157844543457,0,0,0,0,0,0,0,0,231216.63842773438,17813.931030273438,0,404327403520,8589930496,5902618624,114688
9,1791566454154,2500,2500,800,800,800,800,799,800,2499,2500,2500,2500,2500,2499,800,799,10,0,100,0,0,0,0,5.263157844543457,0,0,0,0,0,0,0,0,231216.78997802734,17814.255126953125,0,404327403520,8589930496,5898158080,114688
9,1791566454164,2500,2500,800,800,800,800,799,800,2499,2500,2500,2500,2500,2499,800,799,10,0,100,0,0,0,0,5.263157844543457,0,0,0,0,0,0,0,0,231216.9461669922,17814.574157714844,0,404327403520,8589930496,5898158080,114688
9,1791566454174,2500,2500,800,800,800,800,799,800,2499,2500,2500,2500,2500,2499,800,799,10,0,100,0,0,0,0,5.263157844543457,0,0,0,0,0,0,0,0,231217.09832763672,17814.89276123047,0,404327403520,8589930496,5891715072,114688
9,1791566454184,2500,2500,800,800,800,800,799,800,2499,2500,2500,2500,2500,2499,800,799,10,0,100,0,0,0,0,5.263157844543457,0,0,0,0,0,0,0,0,231217.25048828125,17815.215881347656,0,404327403520,8589930496,5891715072,114688
9,1791566454194,2500,2500,800,800,800,800,799,800,2499,2500,2500,2500,2500,2499,800,799,10,0,100,0,0,0,0,5.263157844543457,0,0,0,0,0,0,0,0,231217.4052734375,17815.54052734375,0,404327403520,8589930496,5888245760,114688
10,1791566454204,2500,2500,800,800,800,800,799,800,2499,2500,2500,2500,2500,2499,800,799,10,0,100,0,0,0,0,5.263157844543457,0,0,0,0,0,0,0,0,231217.56158447266,17815.8623046875,0,404327403520,8589930496,5885767680,114688
9,1791566454215,2500,2500,800,800,800,800,799,800,2499,2500,2500,2500,2500,2499,800,799,10,0,100,0,0,0,0,5.263157844543457,0,0,0,0,0,0,0,0,231217.71704101563,17816.18389892578,0,404327403520,8589930496,5885767680,114688
10,1791566454224,2500,2500,800,800,800,800,799,800,2499,2500,2500,2500,2500,2499,800,799,10,0,100,0,0,0,0,5.263157844543457,0,0,0,0,0,0,0,0,231217.873046875,17816.50665283203,0,404327403520,8589930496,5880811520,114688
10,1791566454235,2500,2500,800,800,800,800,799,800,2499,2500,2500,2500,2500,2499,800,799,10,0,100,0,0,0,0,5.263157844543457,0,0,0,0,0,0,0,0,231218.03692626953,17816.85723876953,0,404327403520,8589930496,5880811520,114688
9,1791566454245,2500,2500,800,800,800,800,799,800,2499,2500,2500,2500,2500,2499,800,799,5.263157844543457,0,100,0,0,0,0,5,0,0,0,0,0,0,0,0,231218.19506835938,17817.18408203125,0,404327403520,8589930496,5876350976,114688
9,1791566454255,2500,2500,800,800,800,800,799,800,2499,2500,2500,2500,2500,2499,800,799,5.263157844543457,0,100,0,0,0,0,5,0,0,0,0,0,0,0,0,231218.34979248047,17817.51141357422,0,404327403520,8589930496,5866934272,114688
9,1791566454265,2500,2500,800,800,800,800,799,800,2499,2500,2500,2500,2500,2499,800,799,5.263157844543457,0,100,0,0,0,0,5,0,0,0,0,0,0,0,0,231218.5059814453,17817.836791992188,0,404327403520,8589930496,5866934272,114688
9,1791566454275,2500,2500,800,800,800,800,799,800,2499,2500,2500,2500,2500,2499,800,799,5.263157844543457,0,100,0,0,0,0,5,0,0,0,0,0,0,0,0,231218.6596069336,17818.163818359375,0,404327403520,8589930496,5863960576,114688
9,1791566454285,2500,2500,800,800,800,800,799,800,2499,2500,2500,2500,2500,2499,800,799,5.263157844543457,0,100,0,0,0,0,5,0,0,0,0,0,0,0,0,231218.81121826172,17818.486389160156,0,404327403520,8589930496,5858508800,114688
9,1791566454295,2500,2500,800,800,800,800,799,800,2499,2500,2500,2500,2500,2499,800,799,5.263157844543457,0,100,0,0,0,0,5,0,0,0,0,0,0,0,0,231218.96392822266,17818.808837890625,0,404327403520,8589930496,5858508800,114688
9,1791566454305,2500,2500,800,800,800,800,799,800,2499,2500,2500,2500,2500,2499,800,799,5.263157844543457,0,100,0,0,0,0,5,0,0,0,0,0,0,0,0,231219.12139892578,17819.135498046875,0,404327403520,8589930496,5856030720,114688
9,1791566454315,2500,2500,800,800,800,800,799,800,2499,2500,2500,2500,2500,2499,800,799,5.263157844543457,0,100,0,0,0,0,5,0,0,0,0,0,0,0,0,231219.2767944336,17819.45001220703,0,404327403520,8589930496,5851570176,114688
9,1791566454325,2500,2500,800,800,800,800,799,800,2499,2500,2500,2500,2500,2499,800,799,5.263157844543457,0,100,0,0,0,0,5,0,0,0,0,0,0,0,0,231219.43041992188,17819.770629882813,0,404327403520,8589930496,5851570176,114688
9,1791566454335,2500,2500,800,800,800,800,799,800,2499,2500,2500,2500,2500,2499,800,799,5.263157844543457,0,100,0,0,0,0,5,0,0,0,0,0,0,0,0,231219.57891845703,17820.10028076172,0,404327403520,8589930496,5848100864,114688
9,1791566454345,2500,2500,800,800,800,800,799,800,2499,2500,2500,2500,2500,2499,800,799,5.263157844543457,0,100,0,0,0,0,5,0,0,0,0,0,0,0,0,231219.73474121094,17820.41796875,0,404327403520,8589930496,5842153472,114688
9,1791566454356,2500,2500,800,800,800,800,799,800,2499,2500,2500,2500,2500,2499,800,799,5.263157844543457,0,100,0,0,0,0,5,0,0,0,0,0,0,0,0,231219.88745117188,17820.747497558594,0,404327403520,8589930496,5842153472,114688
9,1791566454366,2500,2500,800,800,800,800,799,800,2499,2500,2500,2500,2500,2499,800,799,5.263157844543457,0,100,0,0,0,0,5,0,0,0,0,0,0,0,0,231220.04418945313,17821.072875976563,0,404327403520,8589930496,5839675392,114688
9,1791566454376,2500,2500,800,800,800,800,799,800,2499,2500,2500,2500,2500,2499,800,799,5.263157844543457,0,100,0,0,0,0,5,0,0,0,0,0,0,0,0,231220.19360351563,17821.393615722656,0,404327403520,8589930496,5839675392,114688
9,1791566454386,2500,2500,800,800,800,800,799,800,2499,2500,2500,2500,2500,2499,800,799,5.263157844543457,0,100,0,0,0,0,5,0,0,0,0,0,0,0,0,231220.3490600586,17821.71697998047,0,404327403520,8589930496,5833728000,114688
9,1791566454396,2500,2500,800,800,800,800,799,800,2499,2500,2500,2500,2500,2499,800,799,5.263157844543457,0,100,0,0,0,0,5,0,0,0,0,0,0,0,0,231220.51330566406,17822.077575683594,0,404327403520,8589930496,5830754304,114688
9,1791566454406,2500,2500,800,800,800,800,799,800,2499,2500,2500,2500,2500,2499,800,799,5.263157844543457,0,100,0,0,0,0,5,0,0,0,0,0,0,0,0,231220.6649169922,17822.401428222656,0,404327403520,8589930496,5830754304,114688
10,1791566454416,2500,2500,800,800,800,800,799,800,2499,2500,2500,2500,2500,2499,800,799,5.263157844543457,0,100,0,0,0,0,5,0,0,0,0,0,0,0,0,231220.8048095703,17822.686462402344,0,404327403520,8589930496,5827284992,114688
10,1791566454426,2500,2500,800,800,800,800,799,800,2499,2500,2500,2500,2500,2499,800,799,5.263157844543457,0,100,0,0,0,0,5,0,0,0,0,0,0,0,0,231220.9659423828,17823.044372558594,0,404327403520,8589930496,5822328832,114688
10,1791566454436,2500,2500,800,800,800,800,799,800,2499,2500,2500,2500,2500,2499,800,799,5.263157844543457,0,100,0,0,0,0,5,0,0,0,0,0,0,0,0,231221.1190185547,17823.365112304688,0,404327403520,8589930496,5822328832,114688
9,1791566454446,2500,2500,800,800,800,800,799,800,2499,2500,2500,2500,2500,2499,800,799,5.263157844543457,0,100,0,0,0,0,5,0,0,0,0,0,0,0,0,231221.27227783203,17823.692138671875,0,404327403520,8589930496,5818859520,114688
9,1791566454456,2500,2500,800,800,800,800,799,800,2499,2500,2500,2500,2500,2499,800,799,5.263157844543457,0,100,0,0,0,0,5,0,0,0,0,0,0,0,0,231221.42742919922,17824.012329101563,0,404327403520,8589930496,5818859520,114688
10,1791566454466,2500,2500,800,800,800,800,799,800,2499,2500,2500,2500,2500,2499,800,799,5.263157844543457,0,100,0,0,0,0,5,0,0,0,0,0,0,0,0,231221.57739257813,17824.335205078125,0,404327403520,8589930496,5814398976,114688
9,1791566454476,2500,2500,800,800,800,800,799,800,2499,2500,2500,2500,2500,2499,800,799,5.263157844543457,0,100,0,0,0,0,5,0,0,0,0,0,0,0,0,231221.7286376953,17824.659729003906,0,404327403520,8589930496,5808451584,114688
9,1791566454487,2500,2500,800,800,800,800,799,800,2499,2500,2500,2500,2500,2499,800,799,5.263157844543457,0,100,0,0,0,0,5,0,0,0,0,0,0,0,0,231221.8809814453,17824.97882080078,0,404327403520,8589930496,5808451584,114688
9,1791566454497,2500,2500,800,800,800,800,799,800,2499,2500,2500,2500,2500,2499,800,799,5.263157844543457,0,100,0,0,0,0,5,0,0,0,0,0,0,0,0,231222.0307006836,17825.301208496094,0,404327403520,8589930496,5805477888,114688
9,1791566454507,2500,2500,800,800,800,800,799,800,2499,2500,2500,2500,2500,2499,800,799,5.263157844543457,0,100,0,0,0,0,5,0,0,0,0,0,0,0,0,231222.18505859375,17825.62548828125,0,404327403520,8589930496,5801017344,114688
10,1791566454517,2500,2500,800,800,800,800,799,800,2499,2500,2500,2500,2500,2499,800,799,5.263157844543457,0,100,0,0,0,0,5,0,0,0,0,0,0,0,0,231222.3412475586,17825.950439453125,0,404327403520,8589930496,5801017344,114688
10,1791566454527,2500,2500,800,800,800,800,799,800,2499,2500,2500,2500,2500,2499,800,799,5.263157844543457,0,100,0,0,0,0,5,0,0,0,0,0,0,0,0,231222.49615478516,17826.271911621094,0,404327403520,8589930496,5795565568,114688
9,1791566454537,2500,2500,800,800,800,800,799,800,2499,2500,2500,2500,2500,2499,800,799,5.263157844543457,0,100,0,0,0,0,5,0,0,0,0,0,0,0,0,231222.64813232422,17826.597717285156,0,404327403520,8589930496,5793087488,114688
9,1791566454547,2500,2500,800,800,800,800,799,800,2499,2500,2500,2500,2500,2499,800,799,5.263157844543457,0,100,0,0,0,0,5,0,0,0,0,0,0,0,0,231222.81604003906,17826.95556640625,0,404327403520,8589930496,5793087488,114688
9,1791566454557,2500,2500,800,800,800,800,799,800,2499,2500,2500,2500,2500,2499,800,799,5.263157844543457,0,100,0,0,0,0,5,0,0,0,0,0,0,0,0,231222.9676513672,17827.278259277344,0,404327403520,8589930496,5787635712,114688
9,1791566454567,2500,2500,800,800,800,800,799,800,2499,2500,2500,2500,2500,2499,800,799,5.263157844543457,0,100,0,0,0,0,5,0,0,0,0,0,0,0,0,231223.12109375,17827.603515625,0,404327403520,8589930496,5785653248,114688
9,1791566454577,2500,2500,800,800,800,800,799,800,2499,2500,2500,2500,2500,2499,800,799,5.263157844543457,0,100,0,0,0,0,5,0,0,0,0,0,0,0,0,231223.26837158203,17827.92645263672,0,404327403520,8589930496,5785653248,114688
10,1791566454587,2500,2500,800,800,800,800,799,800,2499,2500,2500,2500,2500,2499,800,799,5.263157844543457,0,100,0,0,0,0,5,0,0,0,0,0,0,0,0,231223.41961669922,17828.251708984375,0,404327403520,8589930496,5777227776,114688
9,1791566454597,2500,2500,800,800,800,800,799,800,2499,2500,2500,2500,2500,2499,800,799,5.263157844543457,0,100,0,0,0,0,5,0,0,0,0,0,0,0,0,231223.56951904297,17828.571655273438,0,404327403520,8589930496,5777227776,114688
10,1791566454607,2500,2500,800,800,800,800,799,800,2499,2500,2500,2500,2500,2499,800,799,5.263157844543457,0,100,0,0,0,0,5,0,0,0,0,0,0,0,0,231223.7088623047,17828.892639160156,0,404327403520,8589930496,5772271616,114688
9,1791566454617,2500,2500,800,800,800,800,799,800,2499,2500,2500,2500,2500,2499,800,799,5.263157844543457,0,100,0,0,0,0,5,0,0,0,0,0,0,0,0,231223.86248779297,17829.21405029297,0,404327403520,8589930496,5764837376,114688
9,1791566454628,2500,2500,800,800,800,800,799,800,2499,2500,2500,2500,2500,2499,800,799,5.263157844543457,0,100,0,0,0,0,5,0,0,0,0,0,0,0,0,231224.01318359375,17829.5341796875,0,404327403520,8589930496,5764837376,114688
9,1791566454638,2500,2500,800,800,800,800,799,800,2499,2500,2500,2500,2500,2499,800,799,5.263157844543457,0,100,0,0,0,0,5,0,0,0,0,0,0,0,0,231224.1658935547,17829.854064941406,0,404327403520,8589930496,5764837376,114688
9,1791566454648,2500,2500,800,800,800,800,799,800,2499,2500,2500,2500,2500,2499,800,799,5,0,100,0,0,0,0,5.263157844543457,0,0,0,0,0,0,0,0,231224.31982421875,17830.178588867188,0,404327403520,8589930496,5764837376,114688
9,1791566454658,2500,2500,800,800,800,800,799,800,2499,2500,2500,2500,2500,2499,800,799,5,0,100,0,0,0,0,5.263157844543457,0,0,0,0,0,0,0,0,231224.4747314453,17830.499450683594,0,404327403520,8589930496,5764837376,114688
9,1791566454668,2500,2500,800,800,800,800,799,800,2499,2500,2500,2500,2500,2499,800,799,5,0,100,0,0,0,0,5.263157844543457,0,0,0,0,0,0,0,0,231224.62396240234,17830.820861816406,0,404327403520,8589930496,5764837376,114688
9,1791566454678,2500,2500,800,800,800,800,799,800,2499,2500,2500,2500,2500,2499,800,799,5,0,100,0,0,0,0,5.263157844543457,0,0,0,0,0,0,0,0,231224.77856445313,17831.14471435547,0,404327403520,8589930496,5764837376,114688
9,1791566454688,2500,2500,800,800,800,800,799,800,2499,2500,2500,2500,2500,2499,800,799,5,0,100,0,0,0,0,5.263157844543457,0,0,0,0,0,0,0,0,231224.93878173828,17831.470458984375,0,404327403520,8589930496,5764837376,114688
9,1791566454698,2500,2500,800,800,800,800,799,800,2499,2500,2500,2500,2500,2499,800,799,5,0,100,0,0,0,0,5.263157844543457,0,0,0,0,0,0,0,0,231225.0906982422,17831.795837402344,0,404327403520,8589930496,5764837376,114688
9,1791566454708,2500,2500,800,800,800,800,799,800,2499,2500,2500,2500,2500,2499,800,799,5,0,100,0,0,0,0,5.263157844543457,0,0,0,0,0,0,0,0,231225.25622558594,17832.151306152344,0,404327403520,8589930496,5764837376,114688
10,1791566454718,2500,2500,800,800,800,800,799,800,2499,2500,2500,2500,2500,2499,800,799,5,0,100,0,0,0,0,5.263157844543457,0,0,0,0,0,0,0,0,231225.39318847656,17832.436950683594,0,404327403520,8589930496,5764837376,114688
9,1791566454728,2500,2500,800,800,800,800,799,800,2499,2500,2500,2500,2500,2499,800,799,5,0,100,0,0,0,0,5.263157844543457,0,0,0,0,0,0,0,0,231225.56146240234,17832.796264648438,0,404327403520,8589930496,5764837376,114688
9,1791566454738,2500,2500,800,800,800,800,799,800,2499,2500,2500,2500,2500,2499,800,799,5,0,100,0,0,0,0,5.263157844543457,0,0,0,0,0,0,0,0,231225.7152709961,17833.11834716797,0,404327403520,8589930496,5764837376,114688
9,1791566454748,2500,2500,800,800,800,800,799,800,2499,2500,2500,2500,2500,2499,800,799,5,0,100,0,0,0,0,5.263157844543457,0,0,0,0,0,0,0,0,231225.86614990234,17833.44354248047,0,404327403520,8589930496,5764837376,114688
9,1791566454759,2500,2500,800,800,800,800,799,800,2499,2500,2500,2500,2500,2499,800,799,5,0,100,0,0,0,0,5.263157844543457,0,0,0,0,0,0,0,0,231226.02087402344,17833.766479492188,0,404327403520,8589930496,5764837376,114688
9,1791566454769,2500,2500,800,800,800,800,799,800,2499,2500,2500,2500,2500,2499,800,799,5,0,100,0,0,0,0,5.263157844543457,0,0,0,0,0,0,0,0,231226.1703491211,17834.090393066406,0,404327403520,8589930496,5764837376,114688
9,1791566454779,2500,2500,800,800,800,800,799,800,2499,2500,2500,2500,2500,2499,800,799,5,0,100,0,0,0,0,5.263157844543457,0,0,0,0,0,0,0,0,231226.32598876953,17834.411071777344,0,404327403520,8589930496,5764837376,114688
9,1791566454789,2500,2500,800,800,800,800,799,800,2499,2500,2500,2500,2500,2499,800,799,5,0,100,0,0,0,0,5.263157844543457,0,0,0,0,0,0,0,0,231226.47979736328,17834.733520507813,0,404327403520,8589930496,5764837376,114688
9,1791566454799,2500,2500,800,800,800,800,799,800,2499,2500,2500,2500,2500,2499,800,799,5,0,100,0,0,0,0,5.263157844543457,0,0,0,0,0,0,0,0,231226.63372802734,17835.056701660156,0,404327403520,8589930496,5764837376,114688
9,1791566454809,2500,2500,800,800,800,800,799,800,2499,2500,2500,2500,2500,2499,800,799,5,0,100,0,0,0,0,5.263157844543457,0,0,0,0,0,0,0,0,231226.79193115234,17835.38104248047,0,404327403520,8589930496,5764837376,114688
9,1791566454819,2500,2500,800,800,800,800,799,800,2499,2500,2500,2500,2500,2499,800,799,5,0,100,0,0,0,0,5.263157844543457,0,0,0,0,0,0,0,0,231226.94299316406,17835.70233154297,0,404327403520,8589930496,5764837376,114688
9,1791566454829,2500,2500,800,800,800,800,799,800,2499,2500,2500,2500,2500,2499,800,799,5,0,100,0,0,0,0,5.263157844543457,0,0,0,0,0,0,0,0,231227.09509277344,17836.02520751953,0,404327403520,8589930496,5764837376,114688
10,1791566454839,2500,2500,800,800,800,800,799,800,2499,2500,2500,2500,2500,2499,800,799,5,0,100,0,0,0,0,5.263157844543457,0,0,0,0,0,0,0,0,231227.24780273438,17836.348266601563,0,404327403520,8589930496,5764837376,114688
9,1791566454849,2500,2500,800,800,800,800,799,800,2499,2500,2500,2500,2500,2499,800,799,14.285715103149414,5,100,0,0,0,0,0,0,0,0,0,0,0,0,0,231227.41497802734,17836.70489501953,0,404327403520,8589930496,5764837376,114688
9,1791566454859,2500,2500,800,800,800,800,799,800,2499,2500,2500,2500,2500,2499,800,799,14.285715103149414,5,100,0,0,0,0,0,0,0,0,0,0,0,0,0,231227.56219482422,17837.029846191406,0,404327403520,8589930496,5764837376,114688
9,1791566454869,2500,2500,800,800,800,800,799,800,2499,2500,2500,2500,2500,2499,800,799,14.285715103149414,5,100,0,0,0,0,0,0,0,0,0,0,0,0,0,231227.69567871094,17837.322387695313,0,404327403520,8589930496,5764837376,114688
10,1791566454879,2500,2500,800,800,800,800,799,800,2499,2500,2500,2500,2500,2499,800,799,14.285715103149414,5,100,0,0,0,0,0,0,0,0,0,0,0,0,0,231227.8399658203,17837.644592285156,0,404327403520,8589930496,5764837376,114688
9,1791566454889,2500,2500,800,800,800,800,799,800,2499,2500,2500,2500,2500,2499,800,799,14.285715103149414,5,100,0,0,0,0,0,0,0,0,0,0,0,0,0,231228.00653076172,17838.00146484375,0,404327403520,8589930496,5764837376,114688
9,1791566454900,2500,2500,800,800,800,800,799,800,2499,2500,2500,2500,2500,2499,800,799,14.285715103149414,5,100,0,0,0,0,0,0,0,0,0,0,0,0,0,231228.16088867188,17838.32470703125,0,404327403520,8589930496,5764837376,114688
9,1791566454910,2500,2500,800,800,800,800,799,800,2499,2500,2500,2500,2500,2499,800,799,14.285715103149414,5,100,0,0,0,0,0,0,0,0,0,0,0,0,0,231228.31506347656,17838.64532470703,0,404327403520,8589930496,5764837376,114688
9,1791566454920,2500,2500,800,800,800,800,799,800,2499,2500,2500,2500,2500,2499,800,799,14.285715103149414,5,100,0,0,0,0,0,0,0,0,0,0,0,0,0,231228.46923828125,17838.970092773438,0,404327403520,8589930496,5764837376,114688
9,1791566454930,2500,2500,800,800,800,800,799,800,2499,2500,2500,2500,2500,2499,800,799,14.285715103149414,5,100,0,0,0,0,0,0,0,0,0,0,0,0,0,231228.6209716797,17839.293823242188,0,404327403520,8589930496,5764837376,114688
9,1791566454940,2500,2500,800,800,800,800,799,800,2499,2500,2500,2500,2500,2499,800,799,14.285715103149414,5,100,0,0,0,0,0,0,0,0,0,0,0,0,0,231228.7699584961,17839.616577148438,0,404327403520,8589930496,5764837376,114688
9,1791566454950,2500,2500,800,800,800,800,799,800,2499,2500,2500,2500,2500,2499,800,799,14.285715103149414,5,100,0,0,0,0,0,0,0,0,0,0,0,0,0,231228.92016601563,17839.942749023438,0,404327403520,8589930496,5764837376,114688
9,1791566454960,2500,2500,800,800,800,800,799,800,2499,2500,2500,2500,2500,2499,800,799,14.285715103149414,5,100,0,0,0,0,0,0,0,0,0,0,0,0,0,231229.07287597656,17840.2685546875,0,404327403520,8589930496,5764837376,114688
10,1791566454970,2500,2500,800,800,800,800,799,800,2499,2500,2500,2500,2500,2499,800,799,14.285715103149414,5,100,0,0,0,0,0,0,0,0,0,0,0,0,0,231229.22534179688,17840.591247558594,0,404327403520,8589930496,5764837376,114688
9,1791566454980,2500,2500,800,800,800,800,799,800,2499,2500,2500,2500,2500,2499,800,799,14.285715103149414,5,100,0,0,0,0,0,0,0,0,0,0,0,0,0,231229.3778076172,17840.915771484375,0,404327403520,8589930496,5764837376,114688
9,1791566454990,2500,2500,800,800,800,800,799,800,2499,2500,2500,2500,2500,2499,800,799,14.285715103149414,5,100,0,0,0,0,0,0,0,0,0,0,0,0,0,231229.53161621094,17841.2421875,0,404327403520,8589930496,5764837376,114688
9,1791566455000,2500,2500,800,800,800,800,799,800,2499,2500,2500,2500,2500,2499,800,799,14.285715103149414,5,100,0,0,0,0,0,0,0,0,0,0,0,0,0,231229.68420410156,17841.565185546875,0,404327403520,8589930496,5764837376,114688
9,1791566455010,2500,2500,800,800,800,800,799,800,2499,2500,2500,2500,2500,2499,800,799,14.285715103149414,5,100,0,0,0,0,0,0,0,0,0,0,0,0,0,231229.833984375,17841.889709472656,0,404327403520,8589930496,5764837376,114688
10,1791566455020,2500,2500,800,800,800,800,799,800,2499,2500,2500,2500,2500,2499,800,799,14.285715103149414,5,100,0,0,0,0,0,0,0,0,0,0,0,0,0,231229.98553466797,17842.21209716797,0,404327403520,8589930496,5764837376,114688
9,1791566455030,2500,2500,800,800,800,800,799,800,2499,2500,2500,2500,2500,2499,800,799,14.285715103149414,5,100,0,0,0,0,0,0,0,0,0,0,0,0,0,231230.13745117188,17842.533630371094,0,404327403520,8589930496,5764837376,114688
10,1791566455040,2500,2500,800,800,800,800,799,800,2499,2500,2500,2500,2500,2499,800,799,14.285715103149414,5,100,0,0,0,0,0,0,0,0,0,0,0,0,0,231230.3048095703,17842.887817382813,0,404327403520,8589930496,5764837376,114688
9,1791566455051,2500,2500,800,800,800,800,799,800,2499,2500,2500,2500,2500,2499,800,799,0,0,100,0,0,0,0,5.263157844543457,0,0,0,0,0,0,0,0,231230.4619140625,17843.213439941406,0,404327403520,8589930496,5764837376,114688
9,1791566455061,2500,2500,800,800,800,800,799,800,2499,2500,2500,2500,2500,2499,800,799,0,0,100,0,0,0,0,5.263157844543457,0,0,0,0,0,0,0,0,231230.6124267578,17843.539001464844,0,404327403520,8589930496,5764837376,114688
10,1791566455071,2500,2500,800,800,800,800,799,800,2499,2500,2500,2500,2500,2499,800,799,0,0,100,0,0,0,0,5.263157844543457,0,0,0,0,0,0,0,0,231230.765625,17843.862060546875,0,404327403520,8589930496,5764837376,114688
9,1791566455081,2500,2500,800,800,800,800,799,800,2499,2500,2500,2500,2500,2499,800,799,0,0,100,0,0,0,0,5.263157844543457,0,0,0,0,0,0,0,0,231230.91961669922,17844.18701171875,0,404327403520,8589930496,5764837376,114688
10,1791566455091,2500,2500,800,800,800,800,799,800,2499,2500,2500,2500,2500,2499,800,799,0,0,100,0,0,0,0,5.263157844543457,0,0,0,0,0,0,0,0,231231.0711669922,17844.509216308594,0,404327403520,8589930496,5764837376,114688
9,1791566455101,2500,2500,800,800,800,800,799,800,2499,2500,2500,2500,2500,2499,800,799,0,0,100,0,0,0,0,5.263157844543457,0,0,0,0,0,0,0,0,231231.2241821289,17844.83349609375,0,404327403520,8589930496,5764837376,114688
9,1791566455111,2500,2500,800,800,800,800,799,800,2499,2500,2500,2500,2500,2499,800,799,0,0,100,0,0,0,0,5.263157844543457,0,0,0,0,0,0,0,0,231231.3800048828,17845.156677246094,0,404327403520,8589930496,5764837376,114688
9,1791566455121,2500,2500,800,800,800,800,799,800,2499,2500,2500,2500,2500,2499,800,799,0,0,100,0,0,0,0,5.263157844543457,0,0,0,0,0,0,0,0,231231.53436279297,17845.48028564453,0,404327403520,8589930496,5764837376,114688
9,1791566455131,2500,2500,800,800,800,800,799,800,2499,2500,2500,2500,2500,2499,800,799,0,0,100,0,0,0,0,5.263157844543457,0,0,0,0,0,0,0,0,231231.68725585938,17845.79949951172,0,404327403520,8589930496,5764837376,114688
9,1791566455141,2500,2500,800,800,800,800,799,800,2499,2500,2500,2500,2500,2499,800,799,0,0,100,0,0,0,0,5.263157844543457,0,0,0,0,0,0,0,0,231231.83520507813,17846.123596191406,0,404327403520,8589930496,5764837376,114688
9,1791566455151,2500,2500,800,800,800,800,799,800,2499,2500,2500,2500,2500,2499,800,799,0,0,100,0,0,0,0,5.263157844543457,0,0,0,0,0,0,0,0,231231.9818725586,17846.451049804688,0,404327403520,8589930496,5749514240,114688
10,1791566455161,2500,2500,800,800,800,800,799,800,2499,2500,2500,2500,2500,2499,800,799,0,0,100,0,0,0,0,5.263157844543457,0,0,0,0,0,0,0,0,231232.1336669922,17846.770568847656,0,404327403520,8589930496,5749514240,114688
9,1791566455171,2500,2500,800,800,800,800,799,800,2499,2500,2500,2500,2500,2499,800,799,0,0,100,0,0,0,0,5.263157844543457,0,0,0,0,0,0,0,0,231232.28619384766,17847.097290039063,0,404327403520,8589930496,5749514240,114688
9,1791566455182,2500,2500,800,800,800,800,799,800,2499,2500,2500,2500,2500,2499,800,799,0,0,100,0,0,0,0,5.263157844543457,0,0,0,0,0,0,0,0,231232.46228027344,17847.45782470703,0,404327403520,8589930496,5749514240,114688
9,1791566455192,2500,2500,800,800,800,800,799,800,2499,2500,2500,2500,2500,2499,800,799,0,0,100,0,0,0,0,5.263157844543457,0,0,0,0,0,0,0,0,231232.60064697266,17847.74591064453,0,404327403520,8589930496,5749514240,114688
10,1791566455202,2500,2500,800,800,800,800,799,800,2499,2500,2500,2500,2500,2499,800,799,0,0,100,0,0,0,0,5.263157844543457,0,0,0,0,0,0,0,0,231232.75372314453,17848.069213867188,0,404327403520,8589930496,5749514240,114688
9,1791566455212,2500,2500,800,800,800,800,799,800,2499,2500,2500,2500,2500,2499,800,799,0,0,100,0,0,0,0,5.263157844543457,0,0,0,0,0,0,0,0,231232.9223022461,17848.427734375,0,404327403520,8589930496,5749514240,114688
9,1791566455222,2500,2500,800,800,800,800,799,800,2499,2500,2500,2500,2500,2499,800,799,0,0,100,0,0,0,0,5.263157844543457,0,0,0,0,0,0,0,0,231233.0692138672,17848.751098632813,0,404327403520,8589930496,5749514240,114688
9,1791566455232,2500,2500,800,800,800,800,799,800,2499,2500,2500,2500,2500,2499,800,799,0,0,100,0,0,0,0,5.263157844543457,0,0,0,0,0,0,0,0,231233.2235107422,17849.072265625,0,404327403520,8589930496,5749514240,114688
9,1791566455242,2500,2500,800,800,800,800,799,800,2499,2500,2500,2500,2500,2499,800,799,0,0,100,0,0,0,0,5.263157844543457,0,0,0,0,0,0,0,0,231233.37768554688,17849.393310546875,0,404327403520,8589930496,5749514240,114688
9,1791566455252,2500,2500,800,800,800,800,799,800,2499,2500,2500,2500,2500,2499,800,799,10,0,100,0,0,0,0,9.523809432983398,0,0,0,0,0,0,0,0,231233.53094482422,17849.713745117188,0,404327403520,8589930496,5749514240,114688
9,1791566455262,2500,2500,800,800,800,800,799,800,2499,2500,2500,2500,2500,2499,800,799,10,0,100,0,0,0,0,9.523809432983398,0,0,0,0,0,0,0,0,231233.67944335938,17850.040100097656,0,404327403520,8589930496,5749514240,114688
9,1791566455272,2500,2500,800,800,800,800,799,800,2499,2500,2500,2500,2500,2499,800,799,10,0,100,0,0,0,0,9.523809432983398,0,0,0,0,0,0,0,0,231233.83251953125,17850.365356445313,0,404327403520,8589930496,5749514240,114688
9,1791566455282,2500,2500,800,800,800,800,799,800,2499,2500,2500,2500,2500,2499,800,799,10,0,100,0,0,0,0,9.523809432983398,0,0,0,0,0,0,0,0,231233.9853515625,17850.68408203125,0,404327403520,8589930496,5749514240,114688
9,1791566455292,2500,2500,800,800,800,800,799,800,2499,2500,2500,2500,2500,2499,800,799,10,0,100,0,0,0,0,9.523809432983398,0,0,0,0,0,0,0,0,231234.13549804688,17851.008361816406,0,404327403520,8589930496,5749514240,114688
9,1791566455302,2500,2500,800,800,800,800,799,800,2499,2500,2500,2500,2500,2499,800,799,10,0,100,0,0,0,0,9.523809432983398,0,0,0,0,0,0,0,0,231234.28564453125,17851.332946777344,0,404327403520,8589930496,5749514240,114688
9,1791566455313,2500,2500,800,800,800,800,799,800,2499,2500,2500,2500,2500,2499,800,799,10,0,100,0,0,0,0,9.523809432983398,0,0,0,0,0,0,0,0,231234.44018554688,17851.65625,0,404327403520,8589930496,5749514240,114688
9,1791566455323,2500,2500,800,800,800,800,799,800,2499,2500,2500,2500,2500,2499,800,799,10,0,100,0,0,0,0,9.523809432983398,0,0,0,0,0,0,0,0,231234.5883178711,17851.98260498047,0,404327403520,8589930496,5749514240,114688
10,1791566455333,2500,2500,800,800,800,800,799,800,2499,2500,2500,2500,2500,2499,800,799,10,0,100,0,0,0,0,9.523809432983398,0,0,0,0,0,0,0,0,231234.73828125,17852.30108642578,0,404327403520,8589930496,5749514240,114688
9,1791566455343,2500,2500,800,800,800,800,799,800,2499,2500,2500,2500,2500,2499,800,799,10,0,100,0,0,0,0,9.523809432983398,0,0,0,0,0,0,0,0,231234.89373779297,17852.626586914063,0,404327403520,8589930496,5749514240,114688
9,1791566455353,2500,2500,800,800,800,800,799,800,2499,2500,2500,2500,2500,2499,800,799,10,0,100,0,0,0,0,9.523809432983398,0,0,0,0,0,0,0,0,231235.04809570313,17852.94805908203,0,404327403520,8589930496,5749514240,114688
9,1791566455363,2500,2500,800,800,800,800,799,800,2499,2500,2500,2500,2500,2499,800,799,10,0,100,0,0,0,0,9.523809432983398,0,0,0,0,0,0,0,0,231235.2178955078,17853.3076171875,0,404327403520,8589930496,5749514240,114688
9,1791566455373,2500,2500,800,800,800,800,799,800,2499,2500,2500,2500,2500,2499,800,799,10,0,100,0,0,0,0,9.523809432983398,0,0,0,0,0,0,0,0,231235.35272216797,17853.596618652344,0,404327403520,8589930496,5749514240,114688
9,1791566455383,2500,2500,800,800,800,800,799,800,2499,2500,2500,2500,2500,2499,800,799,10,0,100,0,0,0,0,9.523809432983398,0,0,0,0,0,0,0,0,231235.51953125,17853.952026367188,0,404327403520,8589930496,5749514240,114688
10,1791566455393,2500,2500,800,800,800,800,799,800,2499,2500,2500,2500,2500,2499,800,799,10,0,100,0,0,0,0,9.523809432983398,0,0,0,0,0,0,0,0,231235.65521240234,17854.24298095703,0,404327403520,8589930496,5749514240,114688
10,1791566455403,2500,2500,800,800,800,800,799,800,2499,2500,2500,2500,2500,2499,800,799,10,0,100,0,0,0,0,9.523809432983398,0,0,0,0,0,0,0,0,231235.82788085938,17854.593200683594,0,404327403520,8589930496,5749514240,114688
9,1791566455413,2500,2500,800,800,800,800,799,800,2499,2500,2500,2500,2500,2499,800,799,10,0,100,0,0,0,0,9.523809432983398,0,0,0,0,0,0,0,0,231235.9813232422,17854.91864013672,0,404327403520,8589930496,5749514240,114688
9,1791566455423,2500,2500,800,800,800,800,799,800,2499,2500,2500,2500,2500,2499,800,799,10,0,100,0,0,0,0,9.523809432983398,0,0,0,0,0,0,0,0,231236.13220214844,17855.24188232422,0,404327403520,8589930496,5749514240,114688
9,1791566455433,2500,2500,800,800,800,800,799,800,2499,2500,2500,2500,2500,2499,800,799,10,0,100,0,0,0,0,9.523809432983398,0,0,0,0,0,0,0,0,231236.28326416016,17855.563232421875,0,404327403520,8589930496,5749514240,114688
9,1791566455443,2500,2500,800,800,800,800,799,800,2499,2500,2500,2500,2500,2499,800,799,10,0,100,0,0,0,0,9.523809432983398,0,0,0,0,0,0,0,0,231236.43505859375,17855.890502929688,0,404327403520,8589930496,5749514240,114688
9,1791566455454,2500,2500,800,800,800,800,799,800,2499,2500,2500,2500,2500,2499,800,799,10,0,100,0,0,0,4.761904716491699,0,0,0,0,0,0,0,0,0,231236.58758544922,17856.206298828125,0,404327403520,8589930496,5749514240,114688
10,1791566455463,2500,2500,800,800,800,800,799,800,2499,2500,2500,2500,2500,2499,800,799,10,0,100,0,0,0,4.761904716491699,0,0,0,0,0,0,0,0,0,231236.7359008789,17856.523864746094,0,404327403520,8589930496,5749514240,114688
10,1791566455474,2500,2500,800,800,800,800,799,800,2499,2500,2500,2500,2500,2499,800,799,10,0,100,0,0,0,4.761904716491699,0,0,0,0,0,0,0,0,0,231236.89196777344,17856.846557617188,0,404327403520,8589930496,5749514240,114688
10,1791566455484,2500,2500,800,800,800,800,799,800,2499,2500,2500,2500,2500,2499,800,799,10,0,100,0,0,0,4.761904716491699,0,0,0,0,0,0,0,0,0,231237.04412841797,17857.170837402344,0,404327403520,8589930496,5749514240,114688
10,1791566455494,2500,2500,800,800,800,800,799,800,2499,2500,2500,2500,2500,2499,800,799,10,0,100,0,0,0,4.761904716491699,0,0,0,0,0,0,0,0,0,231237.19171142578,17857.493103027344,0,404327403520,8589930496,5749514240,114688
9,1791566455504,2500,2500,800,800,800,800,799,800,2499,2500,2500,2500,2500,2499,800,799,10,0,100,0,0,0,4.761904716491699,0,0,0,0,0,0,0,0,0,231237.34149169922,17857.814575195313,0,404327403520,8589930496,5749514240,114688
9,1791566455514,2500,2500,800,800,800,800,799,800,2499,2500,2500,2500,2500,2499,800,799,10,0,100,0,0,0,4.761904716491699,0,0,0,0,0,0,0,0,0,231237.48504638672,17858.134338378906,0,404327403520,8589930496,5749514240,114688
10,1791566455524,2500,2500,800,800,800,800,799,800,2499,2500,2500,2500,2500,2499,800,799,10,0,100,0,0,0,4.761904716491699,0,0,0,0,0,0,0,0,0,231237.6339111328,17858.455627441406,0,404327403520,8589930496,5749514240,114688
9,1791566455534,2500,2500,800,800,800,800,799,800,2499,2500,2500,2500,2500,2499,800,799,10,0,100,0,0,0,4.761904716491699,0,0,0,0,0,0,0,0,0,231237.78588867188,17858.775512695313,0,404327403520,8589930496,5749514240,114688
9,1791566455544,2500,2500,800,800,800,800,799,800,2499,2500,2500,2500,2500,2499,800,799,10,0,100,0,0,0,4.761904716491699,0,0,0,0,0,0,0,0,0,231237.95080566406,17859.126220703125,0,404327403520,8589930496,5749514240,114688
10,1791566455554,2500,2500,800,800,800,800,799,800,2499,2500,2500,2500,2500,2499,800,799,10,0,100,0,0,0,4.761904716491699,0,0,0,0,0,0,0,0,0,231238.10186767578,17859.4462890625,0,404327403520,8589930496,5749514240,114688
9,1791566455564,2500,2500,800,800,800,800,799,800,2499,2500,2500,2500,2500,2499,800,799,10,0,100,0,0,0,4.761904716491699,0,0,0,0,0,0,0,0,0,231238.2576904297,17859.76885986328,0,404327403520,8589930496,5749514240,114688
9,1791566455574,2500,2500,800,800,800,800,799,800,2499,2500,2500,2500,2500,2499,800,799,10,0,100,0,0,0,4.761904716491699,0,0,0,0,0,0,0,0,0,231238.41387939453,17860.086669921875,0,404327403520,8589930496,5749514240,114688
9,1791566455584,2500,2500,800,800,800,800,799,800,2499,2500,2500,2500,2500,2499,800,799,10,0,100,0,0,0,4.761904716491699,0,0,0,0,0,0,0,0,0,231238.57025146484,17860.37286376953,0,404327403520,8589930496,5749514240,114688
9,1791566455594,2500,2500,800,800,800,800,799,800,2499,2500,2500,2500,2500,2499,800,799,10,0,100,0,0,0,4.761904716491699,0,0,0,0,0,0,0,0,0,231238.71746826172,17860.72869873047,0,404327403520,8589930496,5749514240,114688
9,1791566455605,2500,2500,800,800,800,800,799,800,2499,2500,2500,2500,2500,2499,800,799,10,0,100,0,0,0,4.761904716491699,0,0,0,0,0,0,0,0,0,231238.8699951172,17861.048889160156,0,404327403520,8589930496,5749514240,114688
10,1791566455615,2500,2500,800,800,800,800,799,800,2499,2500,2500,2500,2500,2499,800,799,10,0,100,0,0,0,4.761904716491699,0,0,0,0,0,0,0,0,0,231239.02111816406,17861.372924804688,0,404327403520,8589930496,5749514240,114688
9,1791566455625,2500,2500,800,800,800,800,799,800,2499,2500,2500,2500,2500,2499,800,799,10,0,100,0,0,0,4.761904716491699,0,0,0,0,0,0,0,0,0,231239.1708984375,17861.695251464844,0,404327403520,8589930496,5749514240,114688
9,1791566455635,2500,2500,800,800,800,800,799,800,2499,2500,2500,2500,2500,2499,800,799,10,0,100,0,0,0,4.761904716491699,0,0,0,0,0,0,0,0,0,231239.32525634766,17862.01629638672,0,404327403520,8589930496,5749514240,114688
9,1791566455645,2500,2500,800,800,800,800,799,800,2499,2500,2500,2500,2500,2499,800,799,10,0,100,0,0,0,4.761904716491699,0,0,0,0,0,0,0,0,0,231239.47833251953,17862.34051513672,0,404327403520,8589930496,5749514240,114688
9,1791566455655,2500,2500,800,800,800,800,799,800,2499,2500,2500,2500,2500,2499,800,799,5,0,100,0,0,0,0,5.263157844543457,0,0,0,0,0,0,0,0,231239.63122558594,17862.660095214844,0,404327403520,8589930496,5749514240,114688
9,1791566455665,2500,2500,800,800,800,800,799,800,2499,2500,2500,2500,2500,2499,800,799,5,0,100,0,0,0,0,5.263157844543457,0,0,0,0,0,0,0,0,231239.78289794922,17862.98651123047,0,404327403520,8589930496,5749514240,114688
9,1791566455675,2500,2500,800,800,800,800,799,800,2499,2500,2500,2500,2500,2499,800,799,5,0,100,0,0,0,0,5.263157844543457,0,0,0,0,0,0,0,0,231239.9376220703,17863.34259033203,0,404327403520,8589930496,5749514240,114688
9,1791566455685,2500,2500,800,800,800,800,799,800,2499,2500,2500,2500,2500,2499,800,799,5,0,100,0,0,0,0,5.263157844543457,0,0,0,0,0,0,0,0,231240.09088134766,17863.635803222656,0,404327403520,8589930496,5749514240,114688
9,1791566455695,2500,2500,800,800,800,800,799,800,2499,2500,2500,2500,2500,2499,800,799,5,0,100,0,0,0,0,5.263157844543457,0,0,0,0,0,0,0,0,231240.25860595703,17863.991088867188,0,404327403520,8589930496,5749514240,114688
9,1791566455705,2500,2500,800,800,800,800,799,800,2499,2500,2500,2500,2500,2499,800,799,5,0,100,0,0,0,0,5.263157844543457,0,0,0,0,0,0,0,0,231240.4164428711,17864.31787109375,0,404327403520,8589930496,5749514240,114688
9,1791566455715,2500,2500,800,800,800,800,799,800,2499,2500,2500,2500,2500,2499,800,799,5,0,100,0,0,0,0,5.263157844543457,0,0,0,0,0,0,0,0,231240.56713867188,17864.63897705078,0,404327403520,8589930496,5749514240,114688
9,1791566455725,2500,2500,800,800,800,800,799,800,2499,2500,2500,2500,2500,2499,800,799,5,0,100,0,0,0,0,5.263157844543457,0,0,0,0,0,0,0,0,231240.7173461914,17864.967651367188,0,404327403520,8589930496,5749514240,114688
9,1791566455735,2500,2500,800,800,800,800,799,800,2499,2500,2500,2500,2500,2499,800,799,5,0,100,0,0,0,0,5.263157844543457,0,0,0,0,0,0,0,0,231240.87042236328,17865.292236328125,0,404327403520,8589930496,5749514240,114688
10,1791566455745,2500,2500,800,800,800,800,799,800,2499,2500,2500,2500,2500,2499,800,799,5,0,100,0,0,0,0,5.263157844543457,0,0,0,0,0,0,0,0,231241.02508544922,17865.61865234375,0,404327403520,8589930496,5749514240,114688
9,1791566455756,2500,2500,800,800,800,800,799,800,2499,2500,2500,2500,2500,2499,800,799,5,0,100,0,0,0,0,5.263157844543457,0,0,0,0,0,0,0,0,231241.17944335938,17865.94561767578,0,404327403520,8589930496,5749514240,114688
9,1791566455766,2500,2500,800,800,800,800,799,800,2499,2500,2500,2500,2500,2499,800,799,5,0,100,0,0,0,0,5.263157844543457,0,0,0,0,0,0,0,0,231241.33087158203,17866.270568847656,0,404327403520,8589930496,5749514240,114688
10,1791566455776,2500,2500,800,800,800,800,799,800,2499,2500,2500,2500,2500,2499,800,799,5,0,100,0,0,0,0,5.263157844543457,0,0,0,0,0,0,0,0,231241.4822998047,17866.595764160156,0,404327403520,8589930496,5749514240,114688
10,1791566455786,2500,2500,800,800,800,800,799,800,2499,2500,2500,2500,2500,2499,800,799,5,0,100,0,0,0,0,5.263157844543457,0,0,0,0,0,0,0,0,231241.63555908203,17866.9169921875,0,404327403520,8589930496,5749514240,114688
9,1791566455796,2500,2500,800,800,800,800,799,800,2499,2500,2500,2500,2500,2499,800,799,5,0,100,0,0,0,0,5.263157844543457,0,0,0,0,0,0,0,0,231241.7899169922,17867.24139404297,0,404327403520,8589930496,5749514240,114688
9,1791566455806,2500,2500,800,800,800,800,799,800,2499,2500,2500,2500,2500,2499,800,799,5,0,100,0,0,0,0,5.263157844543457,0,0,0,0,0,0,0,0,231241.9409790039,17867.56866455078,0,404327403520,8589930496,5749514240,114688
9,1791566455816,2500,2500,800,800,800,800,799,800,2499,2500,2500,2500,2500,2499,800,799,5,0,100,0,0,0,0,5.263157844543457,0,0,0,0,0,0,0,0,231242.09149169922,17867.894653320313,0,404327403520,8589930496,5749514240,114688
9,1791566455826,2500,2500,800,800,800,800,799,800,2499,2500,2500,2500,2500,2499,800,799,5,0,100,0,0,0,0,5.263157844543457,0,0,0,0,0,0,0,0,231242.24169921875,17868.221069335938,0,404327403520,8589930496,5749514240,114688
10,1791566455836,2500,2500,800,800,800,800,799,800,2499,2500,2500,2500,2500,2499,800,799,5,0,100,0,0,0,0,5.263157844543457,0,0,0,0,0,0,0,0,231242.39294433594,17868.543884277344,0,404327403520,8589930496,5749514240,114688
9,1791566455846,2500,2500,800,800,800,800,799,800,2499,2500,2500,2500,2500,2499,800,799,5,0,100,0,0,0,0,5.263157844543457,0,0,0,0,0,0,0,0,231242.55828857422,17868.90057373047,0,404327403520,8589930496,5749514240,114688
9,1791566455856,2500,2500,800,800,800,800,799,800,2499,2500,2500,2500,2500,2499,800,799,5.263157844543457,0,100,0,0,0,0,0,0,0,0,0,0,0,0,0,231242.7055053711,17869.223754882813,0,404327403520,8589930496,5749514240,114688
9,1791566455866,2500,2500,800,800,800,800,799,800,2499,2500,2500,2500,2500,2499,800,799,5.263157844543457,0,100,0,0,0,0,0,0,0,0,0,0,0,0,0,231242.8578491211,17869.547424316406,0,404327403520,8589930496,5749514240,114688
9,1791566455876,2500,2500,800,800,800,800,799,800,2499,2500,2500,2500,2500,2499,800,799,5.263157844543457,0,100,0,0,0,0,0,0,0,0,0,0,0,0,0,231243.00970458984,17869.873291015625,0,404327403520,8589930496,5749514240,114688
9,1791566455887,2500,2500,800,800,800,800,799,800,2499,2500,2500,2500,2500,2499,800,799,5.263157844543457,0,100,0,0,0,0,0,0,0,0,0,0,0,0,0,231243.15985107422,17870.20037841797,0,404327403520,8589930496,5749514240,114688
10,1791566455897,2500,2500,800,800,800,800,799,800,2499,2500,2500,2500,2500,2499,800,799,5.263157844543457,0,100,0,0,0,0,0,0,0,0,0,0,0,0,0,231243.3129272461,17870.525146484375,0,404327403520,8589930496,5749514240,114688
10,1791566455907,2500,2500,800,800,800,800,799,800,2499,2500,2500,2500,2500,2499,800,799,5.263157844543457,0,100,0,0,0,0,0,0,0,0,0,0,0,0,0,231243.46490478516,17870.847290039063,0,404327403520,8589930496,5749514240,114688
9,1791566455917,2500,2500,800,800,800,800,799,800,2499,2500,2500,2500,2500,2499,800,799,5.263157844543457,0,100,0,0,0,0,0,0,0,0,0,0,0,0,0,231243.61688232422,17871.171447753906,0,404327403520,8589930496,5749514240,114688
9,1791566455927,2500,2500,800,800,800,800,799,800,2499,2500,2500,2500,2500,2499,800,799,5.263157844543457,0,100,0,0,0,0,0,0,0,0,0,0,0,0,0,231243.77032470703,17871.497192382813,0,404327403520,8589930496,5749514240,114688
9,1791566455937,2500,2500,800,800,800,800,799,800,2499,2500,2500,2500,2500,2499,800,799,5.263157844543457,0,100,0,0,0,0,0,0,0,0,0,0,0,0,0,231243.92614746094,17871.822265625,0,404327403520,8589930496,5749514240,114688
9,1791566455947,2500,2500,800,800,800,800,799,800,2499,2500,2500,2500,2500,2499,800,799,5.263157844543457,0,100,0,0,0,0,0,0,0,0,0,0,0,0,0,231244.0762939453,17872.147583007813,0,404327403520,8589930496,5749514240,114688
9,1791566455957,2500,2500,800,800,800,800,799,800,2499,2500,2500,2500,2500,2499,800,799,5.263157844543457,0,100,0,0,0,0,0,0,0,0,0,0,0,0,0,231244.23321533203,17872.47265625,0,404327403520,8589930496,5749514240,114688
9,1791566455967,2500,2500,800,800,800,800,799,800,2499,2500,2500,2500,2500,2499,800,799,5.263157844543457,0,100,0,0,0,0,0,0,0,0,0,0,0,0,0,231244.38702392578,17872.79571533203,0,404327403520,8589930496,5749514240,114688
9,1791566455977,2500,2500,800,800,800,800,799,800,2499,2500,2500,2500,2500,2499,800,799,5.263157844543457,0,100,0,0,0,0,0,0,0,0,0,0,0,0,0,231244.54034423828,17873.120666503906,0,404327403520,8589930496,5749514240,114688
9,1791566455987,2500,2500,800,800,800,800,799,800,2499,2500,2500,2500,2500,2499,800,799,5.263157844543457,0,100,0,0,0,0,0,0,0,0,0,0,0,0,0,231244.6983642578,17873.44610595703,0,404327403520,8589930496,5749514240,114688
10,1791566455997,2500,2500,800,800,800,800,799,800,2499,2500,2500,2500,2500,2499,800,799,5.263157844543457,0,100,0,0,0,0,0,0,0,0,0,0,0,0,0,231244.84979248047,17873.766662597656,0,404327403520,8589930496,5749514240,114688
10,1791566456007,2500,2500,800,800,800,800,799,800,2499,2500,2500,2500,2500,2499,800,799,5.263157844543457,0,100,0,0,0,0,0,0,0,0,0,0,0,0,0,231244.9995727539,17874.09161376953,0,404327403520,8589930496,5749514240,114688
9,1791566456017,2500,2500,800,800,800,800,799,800,2499,2500,2500,2500,2500,2499,800,799,5.263157844543457,0,100,0,0,0,0,0,0,0,0,0,0,0,0,0,231245.16577148438,17874.44793701172,0,404327403520,8589930496,5749514240,114688
9,1791566456028,2500,2500,800,800,800,800,799,800,2499,2500,2500,2500,2500,2499,800,799,5.263157844543457,0,100,0,0,0,0,0,0,0,0,0,0,0,0,0,231245.31951904297,17874.768981933594,0,404327403520,8589930496,5749514240,114688
9,1791566456038,2500,2500,800,800,800,800,799,800,2499,2500,2500,2500,2500,2499,800,799,5.263157844543457,0,100,0,0,0,0,0,0,0,0,0,0,0,0,0,231245.46948242188,17875.088928222656,0,404327403520,8589930496,5749514240,114688
9,1791566456048,2500,2500,800,800,800,800,799,800,2499,2500,2500,2500,2500,2499,800,799,5.263157844543457,0,100,0,0,0,0,0,0,0,0,0,0,0,0,0,231245.6226196289,17875.414306640625,0,404327403520,8589930496,5749514240,114688
9,1791566456058,2500,2500,800,800,800,800,799,800,2499,2500,2500,2500,2500,2499,800,799,5.263157844543457,0,100,0,0,0,0,5,0,0,0,0,0,0,0,0,231245.77606201172,17875.736938476563,0,404327403520,8589930496,5749514240,114688
9,1791566456068,2500,2500,800,800,800,800,799,800,2499,2500,2500,2500,2500,2499,800,799,5.263157844543457,0,100,0,0,0,0,5,0,0,0,0,0,0,0,0,231245.9307861328,17876.062927246094,0,404327403520,8589930496,5749514240,114688
9,1791566456078,2500,2500,800,800,800,800,799,800,2499,2500,2500,2500,2500,2499,800,799,5.263157844543457,0,100,0,0,0,0,5,0,0,0,0,0,0,0,0,231246.08532714844,17876.386657714844,0,404327403520,8589930496,5749514240,114688
9,1791566456088,2500,2500,800,800,800,800,799,800,2499,2500,2500,2500,2500,2499,800,799,5.263157844543457,0,100,0,0,0,0,5,0,0,0,0,0,0,0,0,231246.23651123047,17876.713439941406,0,404327403520,8589930496,5749514240,114688
9,1791566456098,2500,2500,800,800,800,800,799,800,2499,2500,2500,2500,2500,2499,800,799,5.263157844543457,0,100,0,0,0,0,5,0,0,0,0,0,0,0,0,231246.38665771484,17877.03662109375,0,404327403520,8589930496,5749514240,114688
9,1791566456108,2500,2500,800,800,800,800,799,800,2499,2500,2500,2500,2500,2499,800,799,5.263157844543457,0,100,0,0,0,0,5,0,0,0,0,0,0,0,0,231246.541015625,17877.362060546875,0,404327403520,8589930496,5740736512,114688
9,1791566456118,2500,2500,800,800,800,800,799,800,2499,2500,2500,2500,2500,2499,800,799,5.263157844543457,0,100,0,0,0,0,5,0,0,0,0,0,0,0,0,231246.6928100586,17877.6875,0,404327403520,8589930496,5740736512,114688
10,1791566456128,2500,2500,800,800,800,800,799,800,2499,2500,2500,2500,2500,2499,800,799,5.263157844543457,0,100,0,0,0,0,5,0,0,0,0,0,0,0,0,231246.84796142578,17878.009521484375,0,404327403520,8589930496,5740736512,114688
9,1791566456138,2500,2500,800,800,800,800,799,800,2499,2500,2500,2500,2500,2499,800,799,5.263157844543457,0,100,0,0,0,0,5,0,0,0,0,0,0,0,0,231247.00122070313,17878.334350585938,0,404327403520,8589930496,5740736512,114688
9,1791566456148,2500,2500,800,800,800,800,799,800,2499,2500,2500,2500,2500,2499,800,799,5.263157844543457,0,100,0,0,0,0,5,0,0,0,0,0,0,0,0,231247.15118408203,17878.658935546875,0,404327403520,8589930496,5740736512,114688
9,1791566456158,2500,2500,800,800,800,800,799,800,2499,2500,2500,2500,2500,2499,800,799,5.263157844543457,0,100,0,0,0,0,5,0,0,0,0,0,0,0,0,231247.30499267578,17878.98077392578,0,404327403520,8589930496,5740736512,114688
9,1791566456169,2500,2500,800,800,800,800,799,800,2499,2500,2500,2500,2500,2499,800,799,5.263157844543457,0,100,0,0,0,0,5,0,0,0,0,0,0,0,0,231247.474609375,17879.330932617188,0,404327403520,8589930496,5735006208,114688
10,1791566456179,2500,2500,800,800,800,800,799,800,2499,2500,2500,2500,2500,2499,800,799,5.263157844543457,0,100,0,0,0,0,5,0,0,0,0,0,0,0,0,231247.6104736328,17879.620178222656,0,404327403520,8589930496,5735006208,114688
9,1791566456189,2500,2500,800,800,800,800,799,800,2499,2500,2500,2500,2500,2499,800,799,5.263157844543457,0,100,0,0,0,0,5,0,0,0,0,0,0,0,0,231247.77392578125,17879.974975585938,0,404327403520,8589930496,5735006208,114688
9,1791566456199,2500,2500,800,800,800,800,799,800,2499,2500,2500,2500,2500,2499,800,799,5.263157844543457,0,100,0,0,0,0,5,0,0,0,0,0,0,0,0,231247.92810058594,17880.29962158203,0,404327403520,8589930496,5735006208,114688
9,1791566456209,2500,2500,800,800,800,800,799,800,2499,2500,2500,2500,2500,2499,800,799,5.263157844543457,0,100,0,0,0,0,5,0,0,0,0,0,0,0,0,231248.07623291016,17880.62060546875,0,404327403520,8589930496,5735006208,114688
9,1791566456219,2500,2500,800,800,800,800,799,800,2499,2500,2500,2500,2500,2499,800,799,5.263157844543457,0,100,0,0,0,0,5,0,0,0,0,0,0,0,0,231248.22619628906,17880.945190429688,0,404327403520,8589930496,5735006208,114688
9,1791566456229,2500,2500,800,800,800,800,799,800,2499,2500,2500,2500,2500,2499,800,799,5.263157844543457,0,100,0,0,0,0,5,0,0,0,0,0,0,0,0,231248.37689208984,17881.271240234375,0,404327403520,8589930496,5735006208,114688
9,1791566456239,2500,2500,800,800,800,800,799,800,2499,2500,2500,2500,2500,2499,800,799,5.263157844543457,0,100,0,0,0,0,5,0,0,0,0,0,0,0,0,231248.5303955078,17881.588012695313,0,404327403520,8589930496,5735006208,114688
9,1791566456249,2500,2500,800,800,800,800,799,800,2499,2500,2500,2500,2500,2499,800,799,5.263157844543457,0,100,0,0,0,0,5,0,0,0,0,0,0,0,0,231248.6834716797,17881.915161132813,0,404327403520,8589930496,5735006208,114688
9,1791566456259,2500,2500,800,800,800,800,799,800,2499,2500,2500,2500,2500,2499,800,799,14.285715103149414,0,100,0,0,0,0,5.263157844543457,0,0,0,0,0,0,0,0,231248.84533691406,17882.234436035156,0,404327403520,8589930496,5735006208,114688
10,1791566456269,2500,2500,800,800,800,800,799,800,2499,2500,2500,2500,2500,2499,800,799,14.285715103149414,0,100,0,0,0,0,5.263157844543457,0,0,0,0,0,0,0,0,231248.9995727539,17882.56201171875,0,404327403520,8589930496,5735006208,114688
10,1791566456279,2500,2500,800,800,800,800,799,800,2499,2500,2500,2500,2500,2499,800,799,14.285715103149414,0,100,0,0,0,0,5.263157844543457,0,0,0,0,0,0,0,0,231249.1508178711,17882.884338378906,0,404327403520,8589930496,5735006208,114688
9,1791566456289,2500,2500,800,800,800,800,799,800,2499,2500,2500,2500,2500,2499,800,799,14.285715103149414,0,100,0,0,0,0,5.263157844543457,0,0,0,0,0,0,0,0,231249.30645751953,17883.203674316406,0,404327403520,8589930496,5735006208,114688
9,1791566456300,2500,2500,800,800,800,800,799,800,2499,2500,2500,2500,2500,2499,800,799,14.285715103149414,0,100,0,0,0,0,5.263157844543457,0,0,0,0,0,0,0,0,231249.4619140625,17883.52880859375,0,404327403520,8589930496,5735006208,114688
9,1791566456310,2500,2500,800,800,800,800,799,800,2499,2500,2500,2500,2500,2499,800,799,14.285715103149414,0,100,0,0,0,0,5.263157844543457,0,0,0,0,0,0,0,0,231249.61877441406,17883.84942626953,0,404327403520,8589930496,5735006208,114688
9,1791566456320,2500,2500,800,800,800,800,799,800,2499,2500,2500,2500,2500,2499,800,799,14.285715103149414,0,100,0,0,0,0,5.263157844543457,0,0,0,0,0,0,0,0,231249.771484375,17884.17218017578,0,404327403520,8589930496,5735006208,114688
9,1791566456330,2500,2500,800,800,800,800,799,800,2499,2500,2500,2500,2500,2499,800,799,14.285715103149414,0,100,0,0,0,0,5.263157844543457,0,0,0,0,0,0,0,0,231249.92419433594,17884.493896484375,0,404327403520,8589930496,5735006208,114688
10,1791566456340,2500,2500,800,800,800,800,799,800,2499,2500,2500,2500,2500,2499,800,799,14.285715103149414,0,100,0,0,0,0,5.263157844543457,0,0,0,0,0,0,0,0,231250.07818603516,17884.81365966797,0,404327403520,8589930496,5735006208,114688
9,1791566456350,2500,2500,800,800,800,800,799,800,2499,2500,2500,2500,2500,2499,800,799,14.285715103149414,0,100,0,0,0,0,5.263157844543457,0,0,0,0,0,0,0,0,231250.2244873047,17885.12939453125,0,404327403520,8589930496,5735006208,114688
9,1791566456360,2500,2500,800,800,800,800,799,800,2499,2500,2500,2500,2500,2499,800,799,14.285715103149414,0,100,0,0,0,0,5.263157844543457,0,0,0,0,0,0,0,0,231250.3856201172,17885.487548828125,0,404327403520,8589930496,5735006208,114688
9,1791566456370,2500,2500,800,800,800,800,799,800,2499,2500,2500,2500,2500,2499,800,799,14.285715103149414,0,100,0,0,0,0,5.263157844543457,0,0,0,0,0,0,0,0,231250.53942871094,17885.81072998047,0,404327403520,8589930496,5735006208,114688
10,1791566456380,2500,2500,800,800,800,800,799,800,2499,2500,2500,2500,2500,2499,800,799,14.285715103149414,0,100,0,0,0,0,5.263157844543457,0,0,0,0,0,0,0,0,231250.67529296875,17886.13507080078,0,404327403520,8589930496,5735006208,114688
10,1791566456390,2500,2500,800,800,800,800,799,800,2499,2500,2500,2500,2500,2499,800,799,14.285715103149414,0,100,0,0,0,0,5.263157844543457,0,0,0,0,0,0,0,0,231250.84301757813,17886.45977783203,0,404327403520,8589930496,5735006208,114688
9,1791566456400,2500,2500,800,800,800,800,799,800,2499,2500,2500,2500,2500,2499,800,799,14.285715103149414,0,100,0,0,0,0,5.263157844543457,0,0,0,0,0,0,0,0,231250.9891357422,17886.78875732422,0,404327403520,8589930496,5735006208,114688
10,1791566456410,2500,2500,800,800,800,800,799,800,2499,2500,2500,2500,2500,2499,800,799,14.285715103149414,0,100,0,0,0,0,5.263157844543457,0,0,0,0,0,0,0,0,231251.14221191406,17887.10906982422,0,404327403520,8589930496,5735006208,114688
9,1791566456420,2500,2500,800,800,800,800,799,800,2499,2500,2500,2500,2500,2499,800,799,14.285715103149414,0,100,0,0,0,0,5.263157844543457,0,0,0,0,0,0,0,0,231251.29364013672,17887.40020751953,0,404327403520,8589930496,5735006208,114688
10,1791566456430,2500,2500,800,800,800,800,799,800,2499,2500,2500,2500,2500,2499,800,799,14.285715103149414,0,100,0,0,0,0,5.263157844543457,0,0,0,0,0,0,0,0,231251.4490966797,17887.759216308594,0,404327403520,8589930496,5735006208,114688
9,1791566456440,2500,2500,800,800,800,800,799,800,2499,2500,2500,2500,2500,2499,800,799,14.285715103149414,0,100,0,0,0,0,5.263157844543457,0,0,0,0,0,0,0,0,231251.60400390625,17888.08135986328,0,404327403520,8589930496,5735006208,114688
9,1791566456451,2500,2500,800,800,800,800,799,800,2499,2500,2500,2500,2500,2499,800,799,14.285715103149414,0,100,0,0,0,0,5.263157844543457,0,0,0,0,0,0,0,0,231251.7559814453,17888.404418945313,0,404327403520,8589930496,5735006208,114688
9,1791566456461,2500,2500,800,800,800,800,799,800,2499,2500,2500,2500,2500,2499,800,799,0,0,100,0,0,0,0,5,0,0,0,0,0,0,0,0,231251.90814208984,17888.729064941406,0,404327403520,8589930496,5735006208,114688
9,1791566456471,2500,2500,800,800,800,800,799,800,2499,2500,2500,2500,2500,2499,800,799,0,0,100,0,0,0,0,5,0,0,0,0,0,0,0,0,231252.05975341797,17889.04949951172,0,404327403520,8589930496,5735006208,114688
10,1791566456481,2500,2500,800,800,800,800,799,800,2499,2500,2500,2500,2500,2499,800,799,0,0,100,0,0,0,0,5,0,0,0,0,0,0,0,0,231252.21514892578,17889.37060546875,0,404327403520,8589930496,5735006208,114688
9,1791566456491,2500,2500,800,800,800,800,799,800,2499,2500,2500,2500,2500,2499,800,799,0,0,100,0,0,0,0,5,0,0,0,0,0,0,0,0,231252.37243652344,17889.69305419922,0,404327403520,8589930496,5735006208,114688
9,1791566456501,2500,2500,800,800,800,800,799,800,2499,2500,2500,2500,2500,2499,800,799,0,0,100,0,0,0,0,5,0,0,0,0,0,0,0,0,231252.52557373047,17890.017211914063,0,404327403520,8589930496,5735006208,114688
9,1791566456511,2500,2500,800,800,800,800,799,800,2499,2500,2500,2500,2500,2499,800,799,0,0,100,0,0,0,0,5,0,0,0,0,0,0,0,0,231252.69732666016,17890.37451171875,0,404327403520,8589930496,5735006208,114688
10,1791566456521,2500,2500,800,800,800,800,799,800,2499,2500,2500,2500,2500,2499,800,799,0,0,100,0,0,0,0,5,0,0,0,0,0,0,0,0,231252.8349609375,17890.665466308594,0,404327403520,8589930496,5735006208,114688
10,1791566456531,2500,2500,800,800,800,800,799,800,2499,2500,2500,2500,2500,2499,800,799,0,0,100,0,0,0,0,5,0,0,0,0,0,0,0,0,231253.00122070313,17891.017028808594,0,404327403520,8589930496,5735006208,114688
9,1791566456541,2500,2500,800,800,800,800,799,800,2499,2500,2500,2500,2500,2499,800,799,0,0,100,0,0,0,0,5,0,0,0,0,0,0,0,0,231253.15716552734,17891.341064453125,0,404327403520,8589930496,5735006208,114688
9,1791566456551,2500,2500,800,800,800,800,799,800,2499,2500,2500,2500,2500,2499,800,799,0,0,100,0,0,0,0,5,0,0,0,0,0,0,0,0,231253.31005859375,17891.663513183594,0,404327403520,8589930496,5735006208,114688
9,1791566456561,2500,2500,800,800,800,800,799,800,2499,2500,2500,2500,2500,2499,800,799,0,0,100,0,0,0,0,5,0,0,0,0,0,0,0,0,231253.46551513672,17891.98974609375,0,404327403520,8589930496,5735006208,114688
10,1791566456571,2500,2500,800,800,800,800,799,800,2499,2500,2500,2500,2500,2499,800,799,0,0,100,0,0,0,0,5,0,0,0,0,0,0,0,0,231253.62042236328,17892.314697265625,0,404327403520,8589930496,5735006208,114688
9,1791566456582,2500,2500,800,800,800,800,799,800,2499,2500,2500,2500,2500,2499,800,799,0,0,100,0,0,0,0,5,0,0,0,0,0,0,0,0,231253.77130126953,17892.63592529297,0,404327403520,8589930496,5735006208,114688
10,1791566456591,2500,2500,800,800,800,800,799,800,2499,2500,2500,2500,2500,2499,800,799,0,0,100,0,0,0,0,5,0,0,0,0,0,0,0,0,231253.92541503906,17892.958557128906,0,404327403520,8589930496,5735006208,114688
9,1791566456602,2500,2500,800,800,800,800,799,800,2499,2500,2500,2500,2500,2499,800,799,0,0,100,0,0,0,0,5,0,0,0,0,0,0,0,0,231254.07641601563,17893.279357910156,0,404327403520,8589930496,5735006208,114688
9,1791566456612,2500,2500,800,800,800,800,799,800,2499,2500,2500,2500,2500,2499,800,799,0,0,100,0,0,0,0,5,0,0,0,0,0,0,0,0,231254.2335205078,17893.603088378906,0,404327403520,8589930496,5735006208,114688
10,1791566456622,2500,2500,800,800,800,800,799,800,2499,2500,2500,2500,2500,2499,800,799,0,0,100,0,0,0,0,5,0,0,0,0,0,0,0,0,231254.3858642578,17893.92803955078,0,404327403520,8589930496,5735006208,114688
9,1791566456632,2500,2500,800,800,800,800,799,800,2499,2500,2500,2500,2500,2499,800,799,0,0,100,0,0,0,0,5,0,0,0,0,0,0,0,0,231254.53637695313,17894.251586914063,0,404327403520,8589930496,5735006208,114688
9,1791566456642,2500,2500,800,800,800,800,799,800,2499,2500,2500,2500,2500,2499,800,799,0,0,100,0,0,0,0,5,0,0,0,0,0,0,0,0,231254.68786621094,17894.5732421875,0,404327403520,8589930496,5735006208,114688
10,1791566456652,2500,2500,800,800,800,800,799,800,2499,2500,2500,2500,2500,2499,800,799,0,0,100,0,0,0,0,5,0,0,0,0,0,0,0,0,231254.8409423828,17894.897583007813,0,404327403520,8589930496,5735006208,114688
9,1791566456662,2500,2500,800,800,800,800,799,800,2499,2500,2500,2500,2500,2499,800,799,5.263157844543457,0,100,0,0,0,0,5.263157844543457,0,0,0,0,0,0,0,0,231255.00854492188,17895.253356933594,0,404327403520,8589930496,5735006208,114688
10,1791566456672,2500,2500,800,800,800,800,799,800,2499,2500,2500,2500,2500,2499,800,799,5.263157844543457,0,100,0,0,0,0,5.263157844543457,0,0,0,0,0,0,0,0,231255.1459350586,17895.54718017578,0,404327403520,8589930496,5735006208,114688
10,1791566456682,2500,2500,800,800,800,800,799,800,2499,2500,2500,2500,2500,2499,800,799,5.263157844543457,0,100,0,0,0,0,5.263157844543457,0,0,0,0,0,0,0,0,231255.3006591797,17895.87091064453,0,404327403520,8589930496,5735006208,114688
9,1791566456692,2500,2500,800,800,800,800,799,800,2499,2500,2500,2500,2500,2499,800,799,5.263157844543457,0,100,0,0,0,0,5.263157844543457,0,0,0,0,0,0,0,0,231255.46508789063,17896.228637695313,0,404327403520,8589930496,5735006208,114688
9,1791566456702,2500,2500,800,800,800,800,799,800,2499,2500,2500,2500,2500,2499,800,799,5.263157844543457,0,100,0,0,0,0,5.263157844543457,0,0,0,0,0,0,0,0,231255.6176147461,17896.552124023438,0,404327403520,8589930496,5735006208,114688
10,1791566456712,2500,2500,800,800,800,800,799,800,2499,2500,2500,2500,2500,2499,800,799,5.263157844543457,0,100,0,0,0,0,5.263157844543457,0,0,0,0,0,0,0,0,231255.76849365234,17896.873596191406,0,404327403520,8589930496,5735006208,114688
9,1791566456723,2500,2500,800,800,800,800,799,800,2499,2500,2500,2500,2500,2499,800,799,5.263157844543457,0,100,0,0,0,0,5.263157844543457,0,0,0,0,0,0,0,0,231255.9158935547,17897.199096679688,0,404327403520,8589930496,5735006208,114688
9,1791566456733,2500,2500,800,800,800,800,799,800,2499,2500,2500,2500,2500,2499,800,799,5.263157844543457,0,100,0,0,0,0,5.263157844543457,0,0,0,0,0,0,0,0,231256.06915283203,17897.523376464844,0,404327403520,8589930496,5735006208,114688
9,1791566456743,2500,2500,800,800,800,800,799,800,2499,2500,2500,2500,2500,2499,800,799,5.263157844543457,0,100,0,0,0,0,5.263157844543457,0,0,0,0,0,0,0,0,231256.21936035156,17897.846252441406,0,404327403520,8589930496,5735006208,114688
9,1791566456753,2500,2500,800,800,800,800,799,800,2499,2500,2500,2500,2500,2499,800,799,5.263157844543457,0,100,0,0,0,0,5.263157844543457,0,0,0,0,0,0,0,0,231256.36877441406,17898.16815185547,0,404327403520,8589930496,5735006208,114688
9,1791566456763,2500,2500,800,800,800,800,799,800,2499,2500,2500,2500,2500,2499,800,799,5.263157844543457,0,100,0,0,0,0,5.263157844543457,0,0,0,0,0,0,0,0,231256.5245361328,17898.490356445313,0,404327403520,8589930496,5735006208,114688
9,1791566456773,2500,2500,800,800,800,800,799,800,2499,2500,2500,2500,2500,2499,800,799,5.263157844543457,0,100,0,0,0,0,5.263157844543457,0,0,0,0,0,0,0,0,231256.68292236328,17898.816345214844,0,404327403520,8589930496,5735006208,114688
9,1791566456783,2500,2500,800,800,800,800,799,800,2499,2500,2500,2500,2500,2499,800,799,5.263157844543457,0,100,0,0,0,0,5.263157844543457,0,0,0,0,0,0,0,0,231256.8377685547,17899.136169433594,0,404327403520,8589930496,5735006208,114688
9,1791566456793,2500,2500,800,800,800,800,799,800,2499,2500,2500,2500,2500,2499,800,799,5.263157844543457,0,100,0,0,0,0,5.263157844543457,0,0,0,0,0,0,0,0,231256.98858642578,17899.4609375,0,404327403520,8589930496,5735006208,114688
9,1791566456803,2500,2500,800,800,800,800,799,800,2499,2500,2500,2500,2500,2499,800,799,5.263157844543457,0,100,0,0,0,0,5.263157844543457,0,0,0,0,0,0,0,0,231257.1400756836,17899.786987304688,0,404327403520,8589930496,5735006208,114688
9,1791566456813,2500,2500,800,800,800,800,799,800,2499,2500,2500,2500,2500,2499,800,799,5.263157844543457,0,100,0,0,0,0,5.263157844543457,0,0,0,0,0,0,0,0,231257.29260253906,17900.110229492188,0,404327403520,8589930496,5735006208,114688
9,1791566456823,2500,2500,800,800,800,800,799,800,2499,2500,2500,2500,2500,2499,800,799,5.263157844543457,0,100,0,0,0,0,5.263157844543457,0,0,0,0,0,0,0,0,231257.44622802734,17900.4375,0,404327403520,8589930496,5735006208,114688
9,1791566456833,2500,2500,800,800,800,800,799,800,2499,2500,2500,2500,2500,2499,800,799,5.263157844543457,0,100,0,0,0,0,5.263157844543457,0,0,0,0,0,0,0,0,231257.60021972656,17900.761840820313,0,404327403520,8589930496,5735006208,114688
10,1791566456843,2500,2500,800,800,800,800,799,800,2499,2500,2500,2500,2500,2499,800,799,5.263157844543457,0,100,0,0,0,0,5.263157844543457,0,0,0,0,0,0,0,0,231257.75714111328,17901.085693359375,0,404327403520,8589930496,5735006208,114688
9,1791566456853,2500,2500,800,800,800,800,799,800,2499,2500,2500,2500,2500,2499,800,799,5.263157844543457,0,100,0,0,0,0,5.263157844543457,0,0,0,0,0,0,0,0,231257.9281616211,17901.440368652344,0,404327403520,8589930496,5735006208,114688
9,1791566456864,2500,2500,800,800,800,800,799,800,2499,2500,2500,2500,2500,2499,800,799,10,0,100,0,0,0,0,5,0,0,0,0,0,0,0,0,231258.08575439453,17901.764404296875,0,404327403520,8589930496,5735006208,114688
10,1791566456874,2500,2500,800,800,800,800,799,800,2499,2500,2500,2500,2500,2499,800,799,10,0,100,0,0,0,0,5,0,0,0,0,0,0,0,0,231258.23553466797,17902.086975097656,0,404327403520,8589930496,5735006208,114688
9,1791566456884,2500,2500,800,800,800,800,799,800,2499,2500,2500,2500,2500,2499,800,799,10,0,100,0,0,0,0,5,0,0,0,0,0,0,0,0,231258.3895263672,17902.4111328125,0,404327403520,8589930496,5735006208,114688
10,1791566456894,2500,2500,800,800,800,800,799,800,2499,2500,2500,2500,2500,2499,800,799,10,0,100,0,0,0,0,5,0,0,0,0,0,0,0,0,231258.5447998047,17902.73895263672,0,404327403520,8589930496,5735006208,114688
9,1791566456904,2500,2500,800,800,800,800,799,800,2499,2500,2500,2500,2500,2499,800,799,10,0,100,0,0,0,0,5,0,0,0,0,0,0,0,0,231258.7006225586,17903.060668945313,0,404327403520,8589930496,5735006208,114688
9,1791566456914,2500,2500,800,800,800,800,799,800,2499,2500,2500,2500,2500,2499,800,799,10,0,100,0,0,0,0,5,0,0,0,0,0,0,0,0,231258.85943603516,17903.382690429688,0,404327403520,8589930496,5735006208,114688
9,1791566456924,2500,2500,800,800,800,800,799,800,2499,2500,2500,2500,2500,2499,800,799,10,0,100,0,0,0,0,5,0,0,0,0,0,0,0,0,231259.00701904297,17903.708068847656,0,404327403520,8589930496,5735006208,114688
10,1791566456934,2500,2500,800,800,800,800,799,800,2499,2500,2500,2500,2500,2499,800,799,10,0,100,0,0,0,0,5,0,0,0,0,0,0,0,0,231259.1655883789,17904.030639648438,0,404327403520,8589930496,5735006208,114688
9,1791566456944,2500,2500,800,800,800,800,799,800,2499,2500,2500,2500,2500,2499,800,799,10,0,100,0,0,0,0,5,0,0,0,0,0,0,0,0,231259.31829833984,17904.35662841797,0,404327403520,8589930496,5735006208,114688
9,1791566456954,2500,2500,800,800,800,800,799,800,2499,2500,2500,2500,2500,2499,800,799,10,0,100,0,0,0,0,5,0,0,0,0,0,0,0,0,231259.47143554688,17904.67938232422,0,404327403520,8589930496,5735006208,114688
9,1791566456964,2500,2500,800,800,800,800,799,800,2499,2500,2500,2500,2500,2499,800,799,10,0,100,0,0,0,0,5,0,0,0,0,0,0,0,0,231259.6265258789,17905.00177001953,0,404327403520,8589930496,5735006208,114688
10,1791566456974,2500,2500,800,800,800,800,799,800,2499,2500,2500,2500,2500,2499,800,799,10,0,100,0,0,0,0,5,0,0,0,0,0,0,0,0,231259.78051757813,17905.324645996094,0,404327403520,8589930496,5735006208,114688
9,1791566456984,2500,2500,800,800,800,800,799,800,2499,2500,2500,2500,2500,2499,800,799,10,0,100,0,0,0,0,5,0,0,0,0,0,0,0,0,231259.95025634766,17905.68536376953,0,404327403520,8589930496,5735006208,114688
9,1791566456995,2500,2500,800,800,800,800,799,800,2499,2500,2500,2500,2500,2499,800,799,10,0,100,0,0,0,0,5,0,0,0,0,0,0,0,0,231260.10150146484,17906.009216308594,0,404327403520,8589930496,5735006208,114688
9,1791566457005,2500,2500,800,800,800,800,799,800,2499,2500,2500,2500,2500,2499,800,799,10,0,100,0,0,0,0,5,0,0,0,0,0,0,0,0,231260.25714111328,17906.331909179688,0,404327403520,8589930496,5735006208,114688
9,1791566457015,2500,2500,800,800,800,800,799,800,2499,2500,2500,2500,2500,2499,800,799,10,0,100,0,0,0,0,5,0,0,0,0,0,0,0,0,231260.40985107422,17906.65399169922,0,404327403520,8589930496,5735006208,114688
10,1791566457025,2500,2500,800,800,800,800,799,800,2499,2500,2500,2500,2500,2499,800,799,10,0,100,0,0,0,0,5,0,0,0,0,0,0,0,0,231260.56475830078,17906.978759765625,0,404327403520,8589930496,5735006208,114688
9,1791566457035,2500,2500,800,800,800,800,799,800,2499,2500,2500,2500,2500,2499,800,799,10,0,100,0,0,0,0,5,0,0,0,0,0,0,0,0,231260.71014404297,17907.29669189453,0,404327403520,8589930496,5735006208,114688
10,1791566457045,2500,2500,800,800,800,800,799,800,2499,2500,2500,2500,2500,2499,800,799,10,0,100,0,0,0,0,5,0,0,0,0,0,0,0,0,231260.86450195313,17907.620544433594,0,404327403520,8589930496,5735006208,114688
9,1791566457055,2500,2500,800,800,800,800,799,800,2499,2500,2500,2500,2500,2499,800,799,10,0,100,0,0,0,0,5,0,0,0,0,0,0,0,0,231261.0151977539,17907.94757080078,0,404327403520,8589930496,5735006208,114688
9,1791566457065,2500,2500,800,800,800,800,799,800,2499,2500,2500,2500,2500,2499,800,799,5.263157844543457,0,100,0,0,0,0,5,0,0,0,0,0,0,0,0,231261.16864013672,17908.27325439453,0,404327403520,8589930496,5735006208,114688
9,1791566457075,2500,2500,800,800,800,800,799,800,2499,2500,2500,2500,2500,2499,800,799,5.263157844543457,0,100,0,0,0,0,5,0,0,0,0,0,0,0,0,231261.31732177734,17908.59649658203,0,404327403520,8589930496,5735006208,114688
10,1791566457085,2500,2500,800,800,800,800,799,800,2499,2500,2500,2500,2500,2499,800,799,5.263157844543457,0,100,0,0,0,0,5,0,0,0,0,0,0,0,0,231261.4698486328,17908.92352294922,0,404327403520,8589930496,5735006208,114688
10,1791566457095,2500,2500,800,800,800,800,799,800,2499,2500,2500,2500,2500,2499,800,799,5.263157844543457,0,100,0,0,0,0,5,0,0,0,0,0,0,0,0,231261.62274169922,17909.244140625,0,404327403520,8589930496,5735006208,114688
9,1791566457105,2500,2500,800,800,800,800,799,800,2499,2500,2500,2500,2500,2499,800,799,5.263157844543457,0,100,0,0,0,0,5,0,0,0,0,0,0,0,0,231261.77221679688,17909.56640625,0,404327403520,8589930496,5735006208,114688
10,1791566457115,2500,2500,800,800,800,800,799,800,2499,2500,2500,2500,2500,2499,800,799,5.263157844543457,0,100,0,0,0,0,5,0,0,0,0,0,0,0,0,231261.9214477539,17909.889404296875,0,404327403520,8589930496,5735006208,114688
9,1791566457125,2500,2500,800,800,800,800,799,800,2499,2500,2500,2500,2500,2499,800,799,5.263157844543457,0,100,0,0,0,0,5,0,0,0,0,0,0,0,0,231262.07635498047,17910.21405029297,0,404327403520,8589930496,5735006208,114688
9,1791566457136,2500,2500,800,800,800,800,799,800,2499,2500,2500,2500,2500,2499,800,799,5.263157844543457,0,100,0,0,0,0,5,0,0,0,0,0,0,0,0,231262.23016357422,17910.539611816406,0,404327403520,8589930496,5721063424,114688
10,1791566457146,2500,2500,800,800,800,800,799,800,2499,2500,2500,2500,2500,2499,800,799,5.263157844543457,0,100,0,0,0,0,5,0,0,0,0,0,0,0,0,231262.3861694336,17910.866333007813,0,404327403520,8589930496,5721063424,114688
10,1791566457156,2500,2500,800,800,800,800,799,800,2499,2500,2500,2500,2500,2499,800,799,5.263157844543457,0,100,0,0,0,0,5,0,0,0,0,0,0,0,0,231262.5415649414,17911.188354492188,0,404327403520,8589930496,5721063424,114688
9,1791566457166,2500,2500,800,800,800,800,799,800,2499,2500,2500,2500,2500,2499,800,799,5.263157844543457,0,100,0,0,0,0,5,0,0,0,0,0,0,0,0,231262.71405029297,17911.546447753906,0,404327403520,8589930496,5721063424,114688
9,1791566457176,2500,2500,800,800,800,800,799,800,2499,2500,2500,2500,2500,2499,800,799,5.263157844543457,0,100,0,0,0,0,5,0,0,0,0,0,0,0,0,231262.86584472656,17911.871704101563,0,404327403520,8589930496,5721063424,114688
9,1791566457186,2500,2500,800,800,800,800,799,800,2499,2500,2500,2500,2500,2499,800,799,5.263157844543457,0,100,0,0,0,0,5,0,0,0,0,0,0,0,0,231263.0206298828,17912.202514648438,0,404327403520,8589930496,5721063424,114688
9,1791566457196,2500,2500,800,800,800,800,799,800,2499,2500,2500,2500,2500,2499,800,799,5.263157844543457,0,100,0,0,0,0,5,0,0,0,0,0,0,0,0,231263.17279052734,17912.529724121094,0,404327403520,8589930496,5721063424,114688
9,1791566457206,2500,2500,800,800,800,800,799,800,2499,2500,2500,2500,2500,2499,800,799,5.263157844543457,0,100,0,0,0,0,5,0,0,0,0,0,0,0,0,231263.3231201172,17912.845825195313,0,404327403520,8589930496,5721063424,114688
10,1791566457216,2500,2500,800,800,800,800,799,800,2499,2500,2500,2500,2500,2499,800,799,5.263157844543457,0,100,0,0,0,0,5,0,0,0,0,0,0,0,0,231263.4760131836,17913.16571044922,0,404327403520,8589930496,5721063424,114688
9,1791566457226,2500,2500,800,800,800,800,799,800,2499,2500,2500,2500,2500,2499,800,799,5.263157844543457,0,100,0,0,0,0,5,0,0,0,0,0,0,0,0,231263.6235961914,17913.49188232422,0,404327403520,8589930496,5721063424,114688
9,1791566457236,2500,2500,800,800,800,800,799,800,2499,2500,2500,2500,2500,2499,800,799,5.263157844543457,0,100,0,0,0,0,5,0,0,0,0,0,0,0,0,231263.77264404297,17913.810668945313,0,404327403520,8589930496,5721063424,114688
9,1791566457246,2500,2500,800,800,800,800,799,800,2499,2500,2500,2500,2500,2499,800,799,5.263157844543457,0,100,0,0,0,0,5,0,0,0,0,0,0,0,0,231263.92736816406,17914.12713623047,0,404327403520,8589930496,5721063424,114688
9,1791566457256,2500,2500,800,800,800,800,799,800,2499,2500,2500,2500,2500,2499,800,799,5.263157844543457,0,100,0,0,0,0,5,0,0,0,0,0,0,0,0,231264.08227539063,17914.452026367188,0,404327403520,8589930496,5721063424,114688
9,1791566457266,2500,2500,800,800,800,800,799,800,2499,2500,2500,2500,2500,2499,800,799,14.285715103149414,0,100,0,0,0,0,5.263157844543457,0,0,0,0,0,0,0,0,231264.23626708984,17914.776000976563,0,404327403520,8589930496,5721063424,114688
10,1791566457276,2500,2500,800,800,800,800,799,800,2499,2500,2500,2500,2500,2499,800,799,14.285715103149414,0,100,0,0,0,0,5.263157844543457,0,0,0,0,0,0,0,0,231264.38732910156,17915.096557617188,0,404327403520,8589930496,5721063424,114688
9,1791566457287,2500,2500,800,800,800,800,799,800,2499,2500,2500,2500,2500,2499,800,799,14.285715103149414,0,100,0,0,0,0,5.263157844543457,0,0,0,0,0,0,0,0,231264.5347290039,17915.41534423828,0,404327403520,8589930496,5721063424,114688
10,1791566457297,2500,2500,800,800,800,800,799,800,2499,2500,2500,2500,2500,2499,800,799,14.285715103149414,0,100,0,0,0,0,5.263157844543457,0,0,0,0,0,0,0,0,231264.68688964844,17915.735717773438,0,404327403520,8589930496,5721063424,114688
9,1791566457307,2500,2500,800,800,800,800,799,800,2499,2500,2500,2500,2500,2499,800,799,14.285715103149414,0,100,0,0,0,0,5.263157844543457,0,0,0,0,0,0,0,0,231264.8377685547,17916.06268310547,0,404327403520,8589930496,5721063424,114688
9,1791566457317,2500,2500,800,800,800,800,799,800,2499,2500,2500,2500,2500,2499,800,799,14.285715103149414,0,100,0,0,0,0,5.263157844543457,0,0,0,0,0,0,0,0,231265.00164794922,17916.411193847656,0,404327403520,8589930496,5721063424,114688
9,1791566457327,2500,2500,800,800,800,800,799,800,2499,2500,2500,2500,2500,2499,800,799,14.285715103149414,0,100,0,0,0,0,5.263157844543457,0,0,0,0,0,0,0,0,231265.13568115234,17916.70440673828,0,404327403520,8589930496,5721063424,114688
9,1791566457337,2500,2500,800,800,800,800,799,800,2499,2500,2500,2500,2500,2499,800,799,14.285715103149414,0,100,0,0,0,0,5.263157844543457,0,0,0,0,0,0,0,0,231265.28576660156,17917.03155517578,0,404327403520,8589930496,5721063424,114688
10,1791566457347,2500,2500,800,800,800,800,799,800,2499,2500,2500,2500,2500,2499,800,799,14.285715103149414,0,100,0,0,0,0,5.263157844543457,0,0,0,0,0,0,0,0,231265.44305419922,17917.34228515625,0,404327403520,8589930496,5721063424,114688
9,1791566457357,2500,2500,800,800,800,800,799,800,2499,2500,2500,2500,2500,2499,800,799,14.285715103149414,0,100,0,0,0,0,5.263157844543457,0,0,0,0,0,0,0,0,231265.61059570313,17917.69854736328,0,404327403520,8589930496,5721063424,114688
9,1791566457367,2500,2500,800,800,800,800,799,800,2499,2500,2500,2500,2500,2499,800,799,14.285715103149414,0,100,0,0,0,0,5.263157844543457,0,0,0,0,0,0,0,0,231265.7655029297,17918.01611328125,0,404327403520,8589930496,5721063424,114688
9,1791566457377,2500,2500,800,800,800,800,799,800,2499,2500,2500,2500,2500,2499,800,799,14.285715103149414,0,100,0,0,0,0,5.263157844543457,0,0,0,0,0,0,0,0,231265.91510009766,17918.340393066406,0,404327403520,8589930496,5721063424,114688
10,1791566457387,2500,2500,800,800,800,800,799,800,2499,2500,2500,2500,2500,2499,800,799,14.285715103149414,0,100,0,0,0,0,5.263157844543457,0,0,0,0,0,0,0,0,231266.06964111328,17918.669006347656,0,404327403520,8589930496,5721063424,114688
9,1791566457397,2500,2500,800,800,800,800,799,800,2499,2500,2500,2500,2500,2499,800,799,14.285715103149414,0,100,0,0,0,0,5.263157844543457,0,0,0,0,0,0,0,0,231266.21997070313,17918.994018554688,0,404327403520,8589930496,5721063424,114688
10,1791566457407,2500,2500,800,800,800,800,799,800,2499,2500,2500,2500,2500,2499,800,799,14.285715103149414,0,100,0,0,0,0,5.263157844543457,0,0,0,0,0,0,0,0,231266.36975097656,17919.316650390625,0,404327403520,8589930496,5721063424,114688
9,1791566457417,2500,2500,800,800,800,800,799,800,2499,2500,2500,2500,2500,2499,800,799,14.285715103149414,0,100,0,0,0,0,5.263157844543457,0,0,0,0,0,0,0,0,231266.521484375,17919.635864257813,0,404327403520,8589930496,5721063424,114688
10,1791566457427,2500,2500,800,800,800,800,799,800,2499,2500,2500,2500,2500,2499,800,799,14.285715103149414,0,100,0,0,0,0,5.263157844543457,0,0,0,0,0,0,0,0,231266.67053222656,17919.956909179688,0,404327403520,8589930496,5721063424,114688
9,1791566457438,2500,2500,800,800,800,800,799,800,2499,2500,2500,2500,2500,2499,800,799,14.285715103149414,0,100,0,0,0,0,5.263157844543457,0,0,0,0,0,0,0,0,231266.82006835938,17920.28192138672,0,404327403520,8589930496,5721063424,114688
10,1791566457448,2500,2500,800,800,800,800,799,800,2499,2500,2500,2500,2500,2499,800,799,14.285715103149414,0,100,0,0,0,0,5.263157844543457,0,0,0,0,0,0,0,0,231266.9698486328,17920.610107421875,0,404327403520,8589930496,5721063424,114688
10,1791566457458,2500,2500,800,800,800,800,799,800,2499,2500,2500,2500,2500,2499,800,799,14.285715103149414,0,100,0,0,0,0,5.263157844543457,0,0,0,0,0,0,0,0,231267.12786865234,17920.935424804688,0,404327403520,8589930496,5721063424,114688
10,1791566457468,2500,2500,800,800,800,800,799,800,2499,2500,2500,2500,2500,2499,800,799,0,0,100,0,0,0,0,0,0,0,0,0,0,0,0,0,231267.28442382813,17921.2587890625,0,404327403520,8589930496,5721063424,114688
9,1791566457478,2500,2500,800,800,800,800,799,800,2499,2500,2500,2500,2500,2499,800,799,0,0,100,0,0,0,0,0,0,0,0,0,0,0,0,0,231267.45086669922,17921.61248779297,0,404327403520,8589930496,5721063424,114688
9,1791566457488,2500,2500,800,800,800,800,799,800,2499,2500,2500,2500,2500,2499,800,799,0,0,100,0,0,0,0,0,0,0,0,0,0,0,0,0,231267.60467529297,17921.935302734375,0,404327403520,8589930496,5721063424,114688
9,1791566457498,2500,2500,800,800,800,800,799,800,2499,2500,2500,2500,2500,2499,800,799,0,0,100,0,0,0,0,0,0,0,0,0,0,0,0,0,231267.7608642578,17922.257263183594,0,404327403520,8589930496,5721063424,114688
10,1791566457508,2500,2500,800,800,800,800,799,800,2499,2500,2500,2500,2500,2499,800,799,0,0,100,0,0,0,0,0,0,0,0,0,0,0,0,0,231267.900390625,17922.549194335938,0,404327403520,8589930496,5721063424,114688
9,1791566457518,2500,2500,800,800,800,800,799,800,2499,2500,2500,2500,2500,2499,800,799,0,0,100,0,0,0,0,0,0,0,0,0,0,0,0,0,231268.06884765625,17922.90869140625,0,404327403520,8589930496,5721063424,114688
10,1791566457528,2500,2500,800,800,800,800,799,800,2499,2500,2500,2500,2500,2499,800,799,0,0,100,0,0,0,0,0,0,0,0,0,0,0,0,0,231268.22033691406,17923.233276367188,0,404327403520,8589930496,5721063424,114688
9,1791566457538,2500,2500,800,800,800,800,799,800,2499,2500,2500,2500,2500,2499,800,799,0,0,100,0,0,0,0,0,0,0,0,0,0,0,0,0,231268.37030029297,17923.55792236328,0,404327403520,8589930496,5721063424,114688
10,1791566457548,2500,2500,800,800,800,800,799,800,2499,2500,2500,2500,2500,2499,800,799,0,0,100,0,0,0,0,0,0,0,0,0,0,0,0,0,231268.51989746094,17923.879821777344,0,404327403520,8589930496,5721063424,114688
10,1791566457558,2500,2500,800,800,800,800,799,800,2499,2500,2500,2500,2500,2499,800,799,0,0,100,0,0,0,0,0,0,0,0,0,0,0,0,0,231268.67443847656,17924.204345703125,0,404327403520,8589930496,5721063424,114688
9,1791566457568,2500,2500,800,800,800,800,799,800,2499,2500,2500,2500,2500,2499,800,799,0,0,100,0,0,0,0,0,0,0,0,0,0,0,0,0,231268.82788085938,17924.530212402344,0,404327403520,8589930496,5721063424,114688
9,1791566457579,2500,2500,800,800,800,800,799,800,2499,2500,2500,2500,2500,2499,800,799,0,0,100,0,0,0,0,0,0,0,0,0,0,0,0,0,231268.97869873047,17924.854858398438,0,404327403520,8589930496,5721063424,114688
9,1791566457589,2500,2500,800,800,800,800,799,800,2499,2500,2500,2500,2500,2499,800,799,0,0,100,0,0,0,0,0,0,0,0,0,0,0,0,0,231269.13305664063,17925.17755126953,0,404327403520,8589930496,5721063424,114688
9,1791566457599,2500,2500,800,800,800,800,799,800,2499,2500,2500,2500,2500,2499,800,799,0,0,100,0,0,0,0,0,0,0,0,0,0,0,0,0,231269.28540039063,17925.497009277344,0,404327403520,8589930496,5721063424,114688
9,1791566457609,2500,2500,800,800,800,800,799,800,2499,2500,2500,2500,2500,2499,800,799,0,0,100,0,0,0,0,0,0,0,0,0,0,0,0,0,231269.43548583984,17925.81982421875,0,404327403520,8589930496,5721063424,114688
9,1791566457619,2500,2500,800,800,800,800,799,800,2499,2500,2500,2500,2500,2499,800,799,0,0,100,0,0,0,0,0,0,0,0,0,0,0,0,0,231269.58709716797,17926.13934326172,0,404327403520,8589930496,5721063424,114688
9,1791566457629,2500,2500,800,800,800,800,799,800,2499,2500,2500,2500,2500,2499,800,799,0,0,100,0,0,0,0,0,0,0,0,0,0,0,0,0,231269.74145507813,17926.46417236328,0,404327403520,8589930496,5721063424,114688
9,1791566457639,2500,2500,800,800,800,800,799,800,2499,2500,2500,2500,2500,2499,800,799,0,0,100,0,0,0,0,0,0,0,0,0,0,0,0,0,231269.8974609375,17926.786743164063,0,404327403520,8589930496,5721063424,114688
9,1791566457649,2500,2500,800,800,800,800,799,800,2499,2500,2500,2500,2500,2499,800,799,0,0,100,0,0,0,0,0,0,0,0,0,0,0,0,0,231270.05053710938,17927.112365722656,0,404327403520,8589930496,5721063424,114688
9,1791566457659,2500,2500,800,800,800,800,799,800,2499,2500,2500,2500,2500,2499,800,799,0,0,100,0,0,0,0,0,0,0,0,0,0,0,0,0,231270.19610595703,17927.430603027344,0,404327403520,8589930496,5721063424,114688
9,1791566457669,2500,2500,800,800,800,800,799,800,2499,2500,2500,2500,2500,2499,800,799,10,0,100,0,0,0,0,5.263157844543457,0,0,0,0,0,0,0,0,231270.36053466797,17927.78680419922,0,404327403520,8589930496,5721063424,114688
9,1791566457679,2500,2500,800,800,800,800,799,800,2499,2500,2500,2500,2500,2499,800,799,10,0,100,0,0,0,0,5.263157844543457,0,0,0,0,0,0,0,0,231270.50958251953,17928.11456298828,0,404327403520,8589930496,5721063424,114688
10,1791566457689,2500,2500,800,800,800,800,799,800,2499,2500,2500,2500,2500,2499,800,799,10,0,100,0,0,0,0,5.263157844543457,0,0,0,0,0,0,0,0,231270.65911865234,17928.433715820313,0,404327403520,8589930496,5721063424,114688
9,1791566457699,2500,2500,800,800,800,800,799,800,2499,2500,2500,2500,2500,2499,800,799,10,0,100,0,0,0,0,5.263157844543457,0,0,0,0,0,0,0,0,231270.8123779297,17928.761352539063,0,404327403520,8589930496,5721063424,114688
10,1791566457709,2500,2500,800,800,800,800,799,800,2499,2500,2500,2500,2500,2499,800,799,10,0,100,0,0,0,0,5.263157844543457,0,0,0,0,0,0,0,0,231270.9617919922,17929.088928222656,0,404327403520,8589930496,5721063424,114688
10,1791566457719,2500,2500,800,800,800,800,799,800,2499,2500,2500,2500,2500,2499,800,799,10,0,100,0,0,0,0,5.263157844543457,0,0,0,0,0,0,0,0,231271.1123046875,17929.410278320313,0,404327403520,8589930496,5721063424,114688
9,1791566457730,2500,2500,800,800,800,800,799,800,2499,2500,2500,2500,2500,2499,800,799,10,0,100,0,0,0,0,5.263157844543457,0,0,0,0,0,0,0,0,231271.26538085938,17929.731384277344,0,404327403520,8589930496,5721063424,114688
10,1791566457740,2500,2500,800,800,800,800,799,800,2499,2500,2500,2500,2500,2499,800,799,10,0,100,0,0,0,0,5.263157844543457,0,0,0,0,0,0,0,0,231271.4188232422,17930.055908203125,0,404327403520,8589930496,5721063424,114688
9,1791566457750,2500,2500,800,800,800,800,799,800,2499,2500,2500,2500,2500,2499,800,799,10,0,100,0,0,0,0,5.263157844543457,0,0,0,0,0,0,0,0,231271.56658935547,17930.380920410156,0,404327403520,8589930496,5721063424,114688
9,1791566457760,2500,2500,800,800,800,800,799,800,2499,2500,2500,2500,2500,2499,800,799,10,0,100,0,0,0,0,5.263157844543457,0,0,0,0,0,0,0,0,231271.7158203125,17930.707153320313,0,404327403520,8589930496,5721063424,114688
9,1791566457770,2500,2500,800,800,800,800,799,800,2499,2500,2500,2500,2500,2499,800,799,10,0,100,0,0,0,0,5.263157844543457,0,0,0,0,0,0,0,0,231271.8604736328,17931.030822753906,0,404327403520,8589930496,5721063424,114688
10,1791566457780,2500,2500,800,800,800,800,799,800,2499,2500,2500,2500,2500,2499,800,799,10,0,100,0,0,0,0,5.263157844543457,0,0,0,0,0,0,0,0,231272.01538085938,17931.349365234375,0,404327403520,8589930496,5721063424,114688
9,1791566457790,2500,2500,800,800,800,800,799,800,2499,2500,2500,2500,2500,2499,800,799,10,0,100,0,0,0,0,5.263157844543457,0,0,0,0,0,0,0,0,231272.16748046875,17931.668212890625,0,404327403520,8589930496,5721063424,114688
9,1791566457800,2500,2500,800,800,800,800,799,800,2499,2500,2500,2500,2500,2499,800,799,10,0,100,0,0,0,0,5.263157844543457,0,0,0,0,0,0,0,0,231272.31616210938,17931.993408203125,0,404327403520,8589930496,5721063424,114688
9,1791566457810,2500,2500,800,800,800,800,799,800,2499,2500,2500,2500,2500,2499,800,799,10,0,100,0,0,0,0,5.263157844543457,0,0,0,0,0,0,0,0,231272.47790527344,17932.3505859375,0,404327403520,8589930496,5721063424,114688
9,1791566457820,2500,2500,800,800,800,800,799,800,2499,2500,2500,2500,2500,2499,800,799,10,0,100,0,0,0,0,5.263157844543457,0,0,0,0,0,0,0,0,231272.62072753906,17932.674560546875,0,404327403520,8589930496,5721063424,114688
9,1791566457830,2500,2500,800,800,800,800,799,800,2499,2500,2500,2500,2500,2499,800,799,10,0,100,0,0,0,0,5.263157844543457,0,0,0,0,0,0,0,0,231272.7723388672,17932.999938964844,0,404327403520,8589930496,5721063424,114688
10,1791566457840,2500,2500,800,800,800,800,799,800,2499,2500,2500,2500,2500,2499,800,799,10,0,100,0,0,0,0,5.263157844543457,0,0,0,0,0,0,0,0,231272.90802001953,17933.28985595703,0,404327403520,8589930496,5721063424,114688
9,1791566457850,2500,2500,800,800,800,800,799,800,2499,2500,2500,2500,2500,2499,800,799,10,0,100,0,0,0,0,5.263157844543457,0,0,0,0,0,0,0,0,231273.07482910156,17933.64483642578,0,404327403520,8589930496,5721063424,114688
9,1791566457861,2500,2500,800,800,800,800,799,800,2499,2500,2500,2500,2500,2499,800,799,10,0,100,0,0,0,0,5.263157844543457,0,0,0,0,0,0,0,0,231273.2241821289,17933.96728515625,0,404327403520,8589930496,5721063424,114688
9,1791566457871,2500,2500,800,800,800,800,799,800,2499,2500,2500,2500,2500,2499,800,799,5.263157844543457,0,100,0,0,0,0,0,0,0,0,0,0,0,0,0,231273.37670898438,17934.295776367188,0,404327403520,8589930496,5721063424,114688
9,1791566457881,2500,2500,800,800,800,800,799,800,2499,2500,2500,2500,2500,2499,800,799,5.263157844543457,0,100,0,0,0,0,0,0,0,0,0,0,0,0,0,231273.5228881836,17934.61700439453,0,404327403520,8589930496,5721063424,114688
9,1791566457891,2500,2500,800,800,800,800,799,800,2499,2500,2500,2500,2500,2499,800,799,5.263157844543457,0,100,0,0,0,0,0,0,0,0,0,0,0,0,0,231273.6710205078,17934.938354492188,0,404327403520,8589930496,5721063424,114688
9,1791566457901,2500,2500,800,800,800,800,799,800,2499,2500,2500,2500,2500,2499,800,799,5.263157844543457,0,100,0,0,0,0,0,0,0,0,0,0,0,0,0,231273.8246459961,17935.26544189453,0,404327403520,8589930496,5721063424,114688
9,1791566457911,2500,2500,800,800,800,800,799,800,2499,2500,2500,2500,2500,2499,800,799,5.263157844543457,0,100,0,0,0,0,0,0,0,0,0,0,0,0,0,231273.9740600586,17935.58282470703,0,404327403520,8589930496,5721063424,114688
9,1791566457921,2500,2500,800,800,800,800,799,800,2499,2500,2500,2500,2500,2499,800,799,5.263157844543457,0,100,0,0,0,0,0,0,0,0,0,0,0,0,0,231274.1244506836,17935.903747558594,0,404327403520,8589930496,5721063424,114688
9,1791566457931,2500,2500,800,800,800,800,799,800,2499,2500,2500,2500,2500,2499,800,799,5.263157844543457,0,100,0,0,0,0,0,0,0,0,0,0,0,0,0,231274.2709350586,17936.22723388672,0,404327403520,8589930496,5721063424,114688
9,1791566457941,2500,2500,800,800,800,800,799,800,2499,2500,2500,2500,2500,2499,800,799,5.263157844543457,0,100,0,0,0,0,0,0,0,0,0,0,0,0,0,231274.42517089844,17936.551635742188,0,404327403520,8589930496,5721063424,114688
9,1791566457951,2500,2500,800,800,800,800,799,800,2499,2500,2500,2500,2500,2499,800,799,5.263157844543457,0,100,0,0,0,0,0,0,0,0,0,0,0,0,0,231274.5731201172,17936.873107910156,0,404327403520,8589930496,5721063424,114688
9,1791566457961,2500,2500,800,800,800,800,799,800,2499,2500,2500,2500,2500,2499,800,799,5.263157844543457,0,100,0,0,0,0,0,0,0,0,0,0,0,0,0,231274.7260131836,17937.195373535156,0,404327403520,8589930496,5721063424,114688
10,1791566457971,2500,2500,800,800,800,800,799,800,2499,2500,2500,2500,2500,2499,800,799,5.263157844543457,0,100,0,0,0,0,0,0,0,0,0,0,0,0,0,231274.87634277344,17937.514404296875,0,404327403520,8589930496,5721063424,114688
10,1791566457981,2500,2500,800,800,800,800,799,800,2499,2500,2500,2500,2500,2499,800,799,5.263157844543457,0,100,0,0,0,0,0,0,0,0,0,0,0,0,0,231275.0269165039,17937.837036132813,0,404327403520,8589930496,5721063424,114688
10,1791566457991,2500,2500,800,800,800,800,799,800,2499,2500,2500,2500,2500,2499,800,799,5.263157844543457,0,100,0,0,0,0,0,0,0,0,0,0,0,0,0,231275.1767578125,17938.16259765625,0,404327403520,8589930496,5721063424,114688
9,1791566458001,2500,2500,800,800,800,800,799,800,2499,2500,2500,2500,2500,2499,800,799,5.263157844543457,0,100,0,0,0,0,0,0,0,0,0,0,0,0,0,231275.32690429688,17938.485900878906,0,404327403520,8589930496,5721063424,114688
9,1791566458012,2500,2500,800,800,800,800,799,800,2499,2500,2500,2500,2500,2499,800,799,5.263157844543457,0,100,0,0,0,0,0,0,0,0,0,0,0,0,0,231275.49627685547,17938.839904785156,0,404327403520,8589930496,5721063424,114688
9,1791566458022,2500,2500,800,800,800,800,799,800,2499,2500,2500,2500,2500,2499,800,799,5.263157844543457,0,100,0,0,0,0,0,0,0,0,0,0,0,0,0,231275.6508178711,17939.15966796875,0,404327403520,8589930496,5721063424,114688
10,1791566458032,2500,2500,800,800,800,800,799,800,2499,2500,2500,2500,2500,2499,800,799,5.263157844543457,0,100,0,0,0,0,0,0,0,0,0,0,0,0,0,231275.80139160156,17939.48046875,0,404327403520,8589930496,5721063424,114688
9,1791566458042,2500,2500,800,800,800,800,799,800,2499,2500,2500,2500,2500,2499,800,799,5.263157844543457,0,100,0,0,0,0,0,0,0,0,0,0,0,0,0,231275.9530029297,17939.796447753906,0,404327403520,8589930496,5721063424,114688
9,1791566458052,2500,2500,800,800,800,800,799,800,2499,2500,2500,2500,2500,2499,800,799,5.263157844543457,0,100,0,0,0,0,0,0,0,0,0,0,0,0,0,231276.10333251953,17940.12042236328,0,404327403520,8589930496,5721063424,114688
9,1791566458062,2500,2500,800,800,800,800,799,800,2499,2500,2500,2500,2500,2499,800,799,5.263157844543457,0,100,0,0,0,0,0,0,0,0,0,0,0,0,0,231276.2553100586,17940.448486328125,0,404327403520,8589930496,5721063424,114688
9,1791566458072,2500,2500,800,800,800,800,799,800,2499,2500,2500,2500,2500,2499,800,799,10,0,100,0,0,0,0,9.523809432983398,0,0,0,0,0,0,0,0,231276.40509033203,17940.773071289063,0,404327403520,8589930496,5721063424,114688
9,1791566458082,2500,2500,800,800,800,800,799,800,2499,2500,2500,2500,2500,2499,800,799,10,0,100,0,0,0,0,9.523809432983398,0,0,0,0,0,0,0,0,231276.55981445313,17941.09814453125,0,404327403520,8589930496,5721063424,114688
10,1791566458092,2500,2500,800,800,800,800,799,800,2499,2500,2500,2500,2500,2499,800,799,10,0,100,0,0,0,0,9.523809432983398,0,0,0,0,0,0,0,0,231276.71258544922,17941.422485351563,0,404327403520,8589930496,5712547840,114688
9,1791566458102,2500,2500,800,800,800,800,799,800,2499,2500,2500,2500,2500,2499,800,799,10,0,100,0,0,0,0,9.523809432983398,0,0,0,0,0,0,0,0,231276.86712646484,17941.745361328125,0,404327403520,8589930496,5712547840,114688
9,1791566458112,2500,2500,800,800,800,800,799,800,2499,2500,2500,2500,2500,2499,800,799,10,0,100,0,0,0,0,9.523809432983398,0,0,0,0,0,0,0,0,231277.01599121094,17942.07000732422,0,404327403520,8589930496,5712547840,114688
10,1791566458122,2500,2500,800,800,800,800,799,800,2499,2500,2500,2500,2500,2499,800,799,10,0,100,0,0,0,0,9.523809432983398,0,0,0,0,0,0,0,0,231277.16925048828,17942.393493652344,0,404327403520,8589930496,5712547840,114688
9,1791566458132,2500,2500,800,800,800,800,799,800,2499,2500,2500,2500,2500,2499,800,799,10,0,100,0,0,0,0,9.523809432983398,0,0,0,0,0,0,0,0,231277.32122802734,17942.71954345703,0,404327403520,8589930496,5712547840,114688
9,1791566458143,2500,2500,800,800,800,800,799,800,2499,2500,2500,2500,2500,2499,800,799,10,0,100,0,0,0,0,9.523809432983398,0,0,0,0,0,0,0,0,231277.4755859375,17943.046264648438,0,404327403520,8589930496,5712547840,114688
10,1791566458153,2500,2500,800,800,800,800,799,800,2499,2500,2500,2500,2500,2499,800,799,10,0,100,0,0,0,0,9.523809432983398,0,0,0,0,0,0,0,0,231277.62408447266,17943.37274169922,0,404327403520,8589930496,5708783616,114688
9,1791566458163,2500,2500,800,800,800,800,799,800,2499,2500,2500,2500,2500,2499,800,799,10,0,100,0,0,0,0,9.523809432983398,0,0,0,0,0,0,0,0,231277.77294921875,17943.704345703125,0,404327403520,8589930496,5708783616,114688
9,1791566458173,2500,2500,800,800,800,800,799,800,2499,2500,2500,2500,2500,2499,800,799,10,0,100,0,0,0,0,9.523809432983398,0,0,0,0,0,0,0,0,231277.9443359375,17944.05517578125,0,404327403520,8589930496,5708783616,114688
9,1791566458183,2500,2500,800,800,800,800,799,800,2499,2500,2500,2500,2500,2499,800,799,10,0,100,0,0,0,0,9.523809432983398,0,0,0,0,0,0,0,0,231278.09246826172,17944.38543701172,0,404327403520,8589930496,5708783616,114688
9,1791566458193,2500,2500,800,800,800,800,799,800,2499,2500,2500,2500,2500,2499,800,799,10,0,100,0,0,0,0,9.523809432983398,0,0,0,0,0,0,0,0,231278.24243164063,17944.717529296875,0,404327403520,8589930496,5708783616,114688
9,1791566458203,2500,2500,800,800,800,800,799,800,2499,2500,2500,2500,2500,2499,800,799,10,0,100,0,0,0,0,9.523809432983398,0,0,0,0,0,0,0,0,231278.3920288086,17945.034729003906,0,404327403520,8589930496,5708783616,114688
10,1791566458213,2500,2500,800,800,800,800,799,800,2499,2500,2500,2500,2500,2499,800,799,10,0,100,0,0,0,0,9.523809432983398,0,0,0,0,0,0,0,0,231278.5396118164,17945.366455078125,0,404327403520,8589930496,5708783616,114688
9,1791566458223,2500,2500,800,800,800,800,799,800,2499,2500,2500,2500,2500,2499,800,799,10,0,100,0,0,0,0,9.523809432983398,0,0,0,0,0,0,0,0,231278.68939208984,17945.69073486328,0,404327403520,8589930496,5708783616,114688
9,1791566458233,2500,2500,800,800,800,800,799,800,2499,2500,2500,2500,2500,2499,800,799,10,0,100,0,0,0,0,9.523809432983398,0,0,0,0,0,0,0,0,231278.84539794922,17946.013732910156,0,404327403520,8589930496,5703331840,114688
9,1791566458243,2500,2500,800,800,800,800,799,800,2499,2500,2500,2500,2500,2499,800,799,10,0,100,0,0,0,0,9.523809432983398,0,0,0,0,0,0,0,0,231278.99993896484,17946.33935546875,0,404327403520,8589930496,5686976512,114688
10,1791566458253,2500,2500,800,800,800,800,799,800,2499,2500,2500,2500,2500,2499,800,799,10,0,100,0,0,0,0,9.523809432983398,0,0,0,0,0,0,0,0,231279.15435791016,17946.667541503906,0,404327403520,8589930496,5660213248,114688
9,1791566458263,2500,2500,800,800,800,800,799,800,2499,2500,2500,2500,2500,2499,800,799,10,0,100,0,0,0,0,9.523809432983398,0,0,0,0,0,0,0,0,231279.30603027344,17946.99053955078,0,404327403520,8589930496,5651787776,114688
9,1791566458273,2500,2500,800,800,800,800,799,800,2499,2500,2500,2500,2500,2499,800,799,0,0,100,0,0,0,0,5.263157844543457,0,0,0,0,0,0,0,0,231279.46221923828,17947.319396972656,0,404327403520,8589930496,5651787776,114688
9,1791566458284,2500,2500,800,800,800,800,799,800,2499,2500,2500,2500,2500,2499,800,799,0,0,100,0,0,0,0,5.263157844543457,0,0,0,0,0,0,0,0,231279.61822509766,17947.641662597656,0,404327403520,8589930496,5651787776,114688
9,1791566458294,2500,2500,800,800,800,800,799,800,2499,2500,2500,2500,2500,2499,800,799,0,0,100,0,0,0,0,5.263157844543457,0,0,0,0,0,0,0,0,231279.77111816406,17947.961791992188,0,404327403520,8589930496,5651787776,114688
9,1791566458304,2500,2500,800,800,800,800,799,800,2499,2500,2500,2500,2500,2499,800,799,0,0,100,0,0,0,0,5.263157844543457,0,0,0,0,0,0,0,0,231279.92071533203,17948.290588378906,0,404327403520,8589930496,5651787776,114688
10,1791566458314,2500,2500,800,800,800,800,799,800,2499,2500,2500,2500,2500,2499,800,799,0,0,100,0,0,0,0,5.263157844543457,0,0,0,0,0,0,0,0,231280.0726928711,17948.61376953125,0,404327403520,8589930496,5651787776,114688
9,1791566458324,2500,2500,800,800,800,800,799,800,2499,2500,2500,2500,2500,2499,800,799,0,0,100,0,0,0,0,5.263157844543457,0,0,0,0,0,0,0,0,231280.22454833984,17948.93829345703,0,404327403520,8589930496,5651787776,114688
9,1791566458334,2500,2500,800,800,800,800,799,800,2499,2500,2500,2500,2500,2499,800,799,0,0,100,0,0,0,0,5.263157844543457,0,0,0,0,0,0,0,0,231280.38787841797,17949.297607421875,0,404327403520,8589930496,5651787776,114688
9,1791566458344,2500,2500,800,800,800,800,799,800,2499,2500,2500,2500,2500,2499,800,799,0,0,100,0,0,0,0,5.263157844543457,0,0,0,0,0,0,0,0,231280.5394897461,17949.620849609375,0,404327403520,8589930496,5651787776,114688
10,1791566458354,2500,2500,800,800,800,800,799,800,2499,2500,2500,2500,2500,2499,800,799,0,0,100,0,0,0,0,5.263157844543457,0,0,0,0,0,0,0,0,231280.69018554688,17949.941162109375,0,404327403520,8589930496,5651787776,114688
9,1791566458364,2500,2500,800,800,800,800,799,800,2499,2500,2500,2500,2500,2499,800,799,0,0,100,0,0,0,0,5.263157844543457,0,0,0,0,0,0,0,0,231280.84814453125,17950.269409179688,0,404327403520,8589930496,5651787776,114688
9,1791566458374,2500,2500,800,800,800,800,799,800,2499,2500,2500,2500,2500,2499,800,799,0,0,100,0,0,0,0,5.263157844543457,0,0,0,0,0,0,0,0,231281.001953125,17950.59423828125,0,404327403520,8589930496,5651787776,114688
9,1791566458384,2500,2500,800,800,800,800,799,800,2499,2500,2500,2500,2500,2499,800,799,0,0,100,0,0,0,0,5.263157844543457,0,0,0,0,0,0,0,0,231281.15338134766,17950.923095703125,0,404327403520,8589930496,5651787776,114688
10,1791566458394,2500,2500,800,800,800,800,799,800,2499,2500,2500,2500,2500,2499,800,799,0,0,100,0,0,0,0,5.263157844543457,0,0,0,0,0,0,0,0,231281.3055419922,17951.252868652344,0,404327403520,8589930496,5651787776,114688
10,1791566458404,2500,2500,800,800,800,800,799,800,2499,2500,2500,2500,2500,2499,800,799,0,0,100,0,0,0,0,5.263157844543457,0,0,0,0,0,0,0,0,231281.4566040039,17951.575561523438,0,404327403520,8589930496,5651787776,114688
9,1791566458414,2500,2500,800,800,800,800,799,800,2499,2500,2500,2500,2500,2499,800,799,0,0,100,0,0,0,0,5.263157844543457,0,0,0,0,0,0,0,0,231281.61096191406,17951.895751953125,0,404327403520,8589930496,5651787776,114688
9,1791566458425,2500,2500,800,800,800,800,799,800,2499,2500,2500,2500,2500,2499,800,799,0,0,100,0,0,0,0,5.263157844543457,0,0,0,0,0,0,0,0,231281.76385498047,17952.21844482422,0,404327403520,8589930496,5651787776,114688
9,1791566458435,2500,2500,800,800,800,800,799,800,2499,2500,2500,2500,2500,2499,800,799,0,0,100,0,0,0,0,5.263157844543457,0,0,0,0,0,0,0,0,231281.9171142578,17952.548400878906,0,404327403520,8589930496,5651787776,114688
9,1791566458445,2500,2500,800,800,800,800,799,800,2499,2500,2500,2500,2500,2499,800,799,0,0,100,0,0,0,0,5.263157844543457,0,0,0,0,0,0,0,0,231282.07220458984,17952.874084472656,0,404327403520,8589930496,5651787776,114688
9,1791566458455,2500,2500,800,800,800,800,799,800,2499,2500,2500,2500,2500,2499,800,799,0,0,100,0,0,0,0,5.263157844543457,0,0,0,0,0,0,0,0,231282.22637939453,17953.197509765625,0,404327403520,8589930496,5651787776,114688
9,1791566458465,2500,2500,800,800,800,800,799,800,2499,2500,2500,2500,2500,2499,800,799,0,0,100,0,0,0,0,5.263157844543457,0,0,0,0,0,0,0,0,231282.3783569336,17953.52490234375,0,404327403520,8589930496,5651787776,114688
9,1791566458475,2500,2500,800,800,800,800,799,800,2499,2500,2500,2500,2500,2499,800,799,10,0,100,0,0,0,0,5,0,0,0,0,0,0,0,0,231282.54626464844,17953.876953125,0,404327403520,8589930496,5651787776,114688
9,1791566458485,2500,2500,800,800,800,800,799,800,2499,2500,2500,2500,2500,2499,800,799,10,0,100,0,0,0,0,5,0,0,0,0,0,0,0,0,231282.67810058594,17954.168090820313,0,404327403520,8589930496,5651787776,114688
9,1791566458495,2500,2500,800,800,800,800,799,800,2499,2500,2500,2500,2500,2499,800,799,10,0,100,0,0,0,0,5,0,0,0,0,0,0,0,0,231282.82684326172,17954.494262695313,0,404327403520,8589930496,5651787776,114688
9,1791566458505,2500,2500,800,800,800,800,799,800,2499,2500,2500,2500,2500,2499,800,799,10,0,100,0,0,0,0,5,0,0,0,0,0,0,0,0,231282.98944091797,17954.8525390625,0,404327403520,8589930496,5567037440,114688
10,1791566458515,2500,2500,800,800,800,800,799,800,2499,2500,2500,2500,2500,2499,800,799,10,0,100,0,0,0,0,5,0,0,0,0,0,0,0,0,231283.1396484375,17955.17547607422,0,404327403520,8589930496,5492695040,114688
9,1791566458525,2500,2500,800,800,800,800,799,800,2499,2500,2500,2500,2500,2499,800,799,10,0,100,0,0,0,0,5,0,0,0,0,0,0,0,0,231283.2896118164,17955.496826171875,0,404327403520,8589930496,5394067456,114688
10,1791566458535,2500,2500,800,800,800,800,799,800,2499,2500,2500,2500,2500,2499,800,799,10,0,100,0,0,0,0,5,0,0,0,0,0,0,0,0,231283.44213867188,17955.81561279297,0,404327403520,8589930496,5302874112,114688
10,1791566458545,2500,2500,800,800,800,800,799,800,2499,2500,2500,2500,2500,2499,800,799,10,0,100,0,0,0,0,5,0,0,0,0,0,0,0,0,231283.59631347656,17956.18603515625,0,404327403520,8589930496,5278363648,114688
0,1791566458556,2500,2500,800,800,800,800,799,800,2499,2500,2500,2500,2500,2499,800,799,10,0,100,0,0,0,0,5,0,0,0,0,0,0,0,0,231283.7537841797,17956.521057128906,0,404327403520,8589930496,5267460096,114688
