Delta,Time,CPU_FREQUENCY_0,CPU_FREQUENCY_1,CPU_FREQUENCY_10,CPU_FREQUENCY_11,CPU_FREQUENCY_12,CPU_FREQUENCY_13,CPU_FREQUENCY_14,CPU_FREQUENCY_15,CPU_FREQUENCY_2,CPU_FREQUENCY_3,CPU_FREQUENCY_4,CPU_FREQUENCY_5,CPU_FREQUENCY_6,CPU_FREQUENCY_7,CPU_FREQUENCY_8,CPU_FREQUENCY_9,CPU_USAGE_0,CPU_USAGE_1,CPU_USAGE_10,CPU_USAGE_11,CPU_USAGE_12,CPU_USAGE_13,CPU_USAGE_14,CPU_USAGE_15,CPU_USAGE_2,CPU_USAGE_3,CPU_USAGE_4,CPU_USAGE_5,CPU_USAGE_6,CPU_USAGE_7,CPU_USAGE_8,CPU_USAGE_9,DRAM_ENERGY (J),PACKAGE_ENERGY (J),PP0_ENERGY (J),TOTAL_MEMORY,TOTAL_SWAP,USED_MEMORY,USED_SWAP
0,1791567977490,2499,2499,1254,1309,1263,1289,1258,1252,2500,2500,2500,2499,2499,2500,1254,1251,4.1666669845581055,8.333333969116211,4.1666669845581055,0,0,0,0,8.333333969116211,8,0,0,0,0,0,8,8.333333969116211,254523.9535522461,69133.61840820313,0,404327403520,8589930496,5379325952,114688
10,1791567977490,2499,2499,1254,1309,1263,1289,1258,1252,2500,2500,2500,2499,2499,2500,1254,1251,4.1666669845581055,8.333333969116211,4.1666669845581055,0,0,0,0,8.333333969116211,8,0,0,0,0,0,8,8.333333969116211,254523.9535522461,69133.61840820313,0,404327403520,8589930496,5379325952,114688
10,1791567977500,2499,2499,1254,1309,1263,1289,1258,1252,2500,2500,2500,2499,2499,2500,1254,1251,4.1666669845581055,8.333333969116211,4.1666669845581055,0,0,0,0,8.333333969116211,8,0,0,0,0,0,8,8.333333969116211,254524.1128540039,69133.99639892578,0,404327403520,8589930496,5379325952,114688
9,1791567977510,2499,2499,1254,1309,1263,1289,1258,1252,2500,2500,2500,2499,2499,2500,1254,1251,4.1666669845581055,8.333333969116211,4.1666669845581055,0,0,0,0,8.333333969116211,8,0,0,0,0,0,8,8.333333969116211,254524.26593017578,69134.3720703125,0,404327403520,8589930496,5379325952,114688
9,1791567977520,2499,2499,1254,1309,1263,1289,1258,1252,2500,2500,2500,2499,2499,2500,1254,1251,4.1666669845581055,8.333333969116211,4.1666669845581055,0,0,0,0,8.333333969116211,8,0,0,0,0,0,8,8.333333969116211,254524.42022705078,69134.74786376953,0,404327403520,8589930496,5379325952,114688
10,1791567977530,2499,2499,1254,1309,1263,1289,1258,1252,2500,2500,2500,2499,2499,2500,1254,1251,4.1666669845581055,8.333333969116211,4.1666669845581055,0,0,0,0,8.333333969116211,8,0,0,0,0,0,8,8.333333969116211,254524.57733154297,69135.12451171875,0,404327403520,8589930496,5379325952,114688
10,1791567977540,2499,2499,1254,1309,1263,1289,1258,1252,2500,2500,2500,2499,2499,2500,1254,1251,4.1666669845581055,8.333333969116211,4.1666669845581055,0,0,0,0,8.333333969116211,8,0,0,0,0,0,8,8.333333969116211,254524.73370361328,69135.50415039063,0,404327403520,8589930496,5379325952,114688
9,1791567977550,2499,2499,1254,1309,1263,1289,1258,1252,2500,2500,2500,2499,2499,2500,1254,1251,4.1666669845581055,8.333333969116211,4.1666669845581055,0,0,0,0,8.333333969116211,8,0,0,0,0,0,8,8.333333969116211,254524.88916015625,69135.87823486328,0,404327403520,8589930496,5379325952,114688
9,1791567977561,2499,2499,1254,1309,1263,1289,1258,1252,2500,2500,2500,2499,2499,2500,1254,1251,4.1666669845581055,8.333333969116211,4.1666669845581055,0,0,0,0,8.333333969116211,8,0,0,0,0,0,8,8.333333969116211,254525.04956054688,69136.25720214844,0,404327403520,8589930496,5379325952,114688
9,1791567977571,2499,2499,1254,1309,1263,1289,1258,1252,2500,2500,2500,2499,2499,2500,1254,1251,4.1666669845581055,8.333333969116211,4.1666669845581055,0,0,0,0,8.333333969116211,8,0,0,0,0,0,8,8.333333969116211,254525.21948242188,69136.67272949219,0,404327403520,8589930496,5379325952,114688
9,1791567977581,2499,2499,1254,1309,1263,1289,1258,1252,2500,2500,2500,2499,2499,2500,1254,1251,4.1666669845581055,8.333333969116211,4.1666669845581055,0,0,0,0,8.333333969116211,8,0,0,0,0,0,8,8.333333969116211,254525.37774658203,69137.046875,0,404327403520,8589930496,5379325952,114688
10,1791567977591,2499,2499,1254,1309,1263,1289,1258,1252,2500,2500,2500,2499,2499,2500,1254,1251,4.1666669845581055,8.333333969116211,4.1666669845581055,0,0,0,0,8.333333969116211,8,0,0,0,0,0,8,8.333333969116211,254525.52111816406,69137.3851928711,0,404327403520,8589930496,5379325952,114688
10,1791567977601,2499,2499,1254,1309,1263,1289,1258,1252,2500,2500,2500,2499,2499,2500,1254,1251,4.1666669845581055,8.333333969116211,4.1666669845581055,0,0,0,0,8.333333969116211,8,0,0,0,0,0,8,8.333333969116211,254525.67932128906,69137.76013183594,0,404327403520,8589930496,5379325952,114688
9,1791567977611,2499,2499,1254,1309,1263,1289,1258,1252,2500,2500,2500,2499,2499,2500,1254,1251,4.1666669845581055,8.333333969116211,4.1666669845581055,0,0,0,0,8.333333969116211,8,0,0,0,0,0,8,8.333333969116211,254525.84936523438,69138.1767578125,0,404327403520,8589930496,5379325952,114688
9,1791567977621,2499,2499,1254,1309,1263,1289,1258,1252,2500,2500,2500,2499,2499,2500,1254,1251,4.1666669845581055,8.333333969116211,4.1666669845581055,0,0,0,0,8.333333969116211,8,0,0,0,0,0,8,8.333333969116211,254526.01013183594,69138.55261230469,0,404327403520,8589930496,5379325952,114688
9,1791567977631,2499,2499,1254,1309,1263,1289,1258,1252,2500,2500,2500,2499,2499,2500,1254,1251,4.1666669845581055,8.333333969116211,4.1666669845581055,0,0,0,0,8.333333969116211,8,0,0,0,0,0,8,8.333333969116211,254526.16693115234,69138.92877197266,0,404327403520,8589930496,5379325952,114688
9,1791567977641,2499,2499,1254,1309,1263,1289,1258,1252,2500,2500,2500,2499,2499,2500,1254,1251,4.1666669845581055,8.333333969116211,4.1666669845581055,0,0,0,0,8.333333969116211,8,0,0,0,0,0,8,8.333333969116211,254526.32440185547,69139.30572509766,0,404327403520,8589930496,5379325952,114688
10,1791567977651,2499,2499,1254,1309,1263,1289,1258,1252,2500,2500,2500,2499,2499,2500,1254,1251,4.1666669845581055,8.333333969116211,4.1666669845581055,0,0,0,0,8.333333969116211,8,0,0,0,0,0,8,8.333333969116211,254526.47564697266,69139.68035888672,0,404327403520,8589930496,5379325952,114688
9,1791567977661,2499,2499,1254,1309,1263,1289,1258,1252,2500,2500,2500,2499,2499,2500,1254,1251,4.1666669845581055,8.333333969116211,4.1666669845581055,0,0,0,0,8.333333969116211,8,0,0,0,0,0,8,8.333333969116211,254526.6275024414,69140.05645751953,0,404327403520,8589930496,5379325952,114688
9,1791567977671,2499,2499,1254,1309,1263,1289,1258,1252,2500,2500,2500,2499,2499,2500,1254,1251,4.1666669845581055,8.333333969116211,4.1666669845581055,0,0,0,0,8.333333969116211,8,0,0,0,0,0,8,8.333333969116211,254526.7837524414,69140.43286132813,0,404327403520,8589930496,5379325952,114688
10,1791567977681,2499,2499,1254,1309,1263,1289,1258,1252,2500,2500,2500,2499,2499,2500,1254,1251,4.1666669845581055,8.333333969116211,4.1666669845581055,0,0,0,0,8.333333969116211,8,0,0,0,0,0,8,8.333333969116211,254526.93841552734,69140.79119873047,0,404327403520,8589930496,5379325952,114688
10,1791567977691,2499,2499,1254,1309,1263,1289,1258,1252,2500,2500,2500,2499,2499,2500,1254,1251,25,52.6315803527832,5.263157844543457,0,0,0,0,11.111111640930176,0,0,0,0,0,20,0,0,254527.0913696289,69141.11145019531,0,404327403520,8589930496,5379325952,114688
9,1791567977702,2499,2499,1254,1309,1263,1289,1258,1252,2500,2500,2500,2499,2499,2500,1254,1251,25,52.6315803527832,5.263157844543457,0,0,0,0,11.111111640930176,0,0,0,0,0,20,0,0,254527.24298095703,69141.43072509766,0,404327403520,8589930496,5379325952,114688
10,1791567977711,2499,2499,1254,1309,1263,1289,1258,1252,2500,2500,2500,2499,2499,2500,1254,1251,25,52.6315803527832,5.263157844543457,0,0,0,0,11.111111640930176,0,0,0,0,0,20,0,0,254527.39642333984,69141.78881835938,0,404327403520,8589930496,5388496896,114688
9,1791567977722,2499,2499,1254,1309,1263,1289,1258,1252,2500,2500,2500,2499,2499,2500,1254,1251,25,52.6315803527832,5.263157844543457,0,0,0,0,11.111111640930176,0,0,0,0,0,20,0,0,254527.5517578125,69142.1078491211,0,404327403520,8589930496,5388496896,114688
10,1791567977732,2499,2499,1254,1309,1263,1289,1258,1252,2500,2500,2500,2499,2499,2500,1254,1251,25,52.6315803527832,5.263157844543457,0,0,0,0,11.111111640930176,0,0,0,0,0,20,0,0,254527.70849609375,69142.43145751953,0,404327403520,8589930496,5396426752,114688
10,1791567977742,2499,2499,1254,1309,1263,1289,1258,1252,2500,2500,2500,2499,2499,2500,1254,1251,25,52.6315803527832,5.263157844543457,0,0,0,0,11.111111640930176,0,0,0,0,0,20,0,0,254527.8623046875,69142.75268554688,0,404327403520,8589930496,5412782080,114688
9,1791567977752,2499,2499,1254,1309,1263,1289,1258,1252,2500,2500,2500,2499,2499,2500,1254,1251,25,52.6315803527832,5.263157844543457,0,0,0,0,11.111111640930176,0,0,0,0,0,20,0,0,254528.02001953125,69143.0717163086,0,404327403520,8589930496,5429137408,114688
10,1791567977762,2499,2499,1254,1309,1263,1289,1258,1252,2500,2500,2500,2499,2499,2500,1254,1251,25,52.6315803527832,5.263157844543457,0,0,0,0,11.111111640930176,0,0,0,0,0,20,0,0,254528.17419433594,69143.39184570313,0,404327403520,8589930496,5437562880,114688
10,1791567977772,2499,2499,1254,1309,1263,1289,1258,1252,2500,2500,2500,2499,2499,2500,1254,1251,25,52.6315803527832,5.263157844543457,0,0,0,0,11.111111640930176,0,0,0,0,0,20,0,0,254528.34356689453,69143.73889160156,0,404327403520,8589930496,5453918208,114688
10,1791567977782,2499,2499,1254,1309,1263,1289,1258,1252,2500,2500,2500,2499,2499,2500,1254,1251,25,52.6315803527832,5.263157844543457,0,0,0,0,11.111111640930176,0,0,0,0,0,20,0,0,254528.50158691406,69144.05267333984,0,404327403520,8589930496,5470769152,114688
10,1791567977792,2499,2499,1254,1309,1263,1289,1258,1252,2500,2500,2500,2499,2499,2500,1254,1251,25,52.6315803527832,5.263157844543457,0,0,0,0,11.111111640930176,0,0,0,0,0,20,0,0,254528.65502929688,69144.3706665039,0,404327403520,8589930496,5487124480,114688
10,1791567977802,2499,2499,1254,1309,1263,1289,1258,1252,2500,2500,2500,2499,2499,2500,1254,1251,25,52.6315803527832,5.263157844543457,0,0,0,0,11.111111640930176,0,0,0,0,0,20,0,0,254528.80920410156,69144.68853759766,0,404327403520,8589930496,5495549952,114688
9,1791567977812,2499,2499,1254,1309,1263,1289,1258,1252,2500,2500,2500,2499,2499,2500,1254,1251,25,52.6315803527832,5.263157844543457,0,0,0,0,11.111111640930176,0,0,0,0,0,20,0,0,254528.9677734375,69145.00274658203,0,404327403520,8589930496,5495549952,114688
10,1791567977822,2499,2499,1254,1309,1263,1289,1258,1252,2500,2500,2500,2499,2499,2500,1254,1251,25,52.6315803527832,5.263157844543457,0,0,0,0,11.111111640930176,0,0,0,0,0,20,0,0,254529.12493896484,69145.3179321289,0,404327403520,8589930496,5495549952,114688
10,1791567977832,2499,2499,1254,1309,1263,1289,1258,1252,2500,2500,2500,2499,2499,2500,1254,1251,25,52.6315803527832,5.263157844543457,0,0,0,0,11.111111640930176,0,0,0,0,0,20,0,0,254529.28259277344,69145.63665771484,0,404327403520,8589930496,5495549952,114688
10,1791567977842,2499,2499,1254,1309,1263,1289,1258,1252,2500,2500,2500,2499,2499,2500,1254,1251,25,52.6315803527832,5.263157844543457,0,0,0,0,11.111111640930176,0,0,0,0,0,20,0,0,254529.43255615234,69145.95318603516,0,404327403520,8589930496,5503479808,114688
10,1791567977852,2499,2499,1254,1309,1263,1289,1258,1252,2500,2500,2500,2499,2499,2500,1254,1251,25,52.6315803527832,5.263157844543457,0,0,0,0,11.111111640930176,0,0,0,0,0,20,0,0,254529.58532714844,69146.27380371094,0,404327403520,8589930496,5511905280,114688
10,1791567977862,2499,2499,1254,1309,1263,1289,1258,1252,2500,2500,2500,2499,2499,2500,1254,1251,25,52.6315803527832,5.263157844543457,0,0,0,0,11.111111640930176,0,0,0,0,0,20,0,0,254529.73974609375,69146.59051513672,0,404327403520,8589930496,5511905280,114688
10,1791567977872,2499,2499,1254,1309,1263,1289,1258,1252,2500,2500,2500,2499,2499,2500,1254,1251,25,52.6315803527832,5.263157844543457,0,0,0,0,11.111111640930176,0,0,0,0,0,20,0,0,254529.88775634766,69146.90307617188,0,404327403520,8589930496,5511905280,114688
10,1791567977882,2499,2499,1254,1309,1263,1289,1258,1252,2500,2500,2500,2499,2499,2500,1254,1251,25,52.6315803527832,5.263157844543457,0,0,0,0,11.111111640930176,0,0,0,0,0,20,0,0,254530.04083251953,69147.22583007813,0,404327403520,8589930496,5511905280,114688
10,1791567977893,2499,2499,1254,1309,1263,1289,1258,1252,2500,2500,2500,2499,2499,2500,1254,1251,5.263157844543457,5,0,0,0,95,0,10,0,0,5,0,0,0,0,0,254530.19537353516,69147.54553222656,0,404327403520,8589930496,5511905280,114688
10,1791567977903,2499,2499,1254,1309,1263,1289,1258,1252,2500,2500,2500,2499,2499,2500,1254,1251,5.263157844543457,5,0,0,0,95,0,10,0,0,5,0,0,0,0,0,254530.34771728516,69147.86065673828,0,404327403520,8589930496,5511905280,114688
9,1791567977913,2499,2499,1254,1309,1263,1289,1258,1252,2500,2500,2500,2499,2499,2500,1254,1251,5.263157844543457,5,0,0,0,95,0,10,0,0,5,0,0,0,0,0,254530.50061035156,69148.18072509766,0,404327403520,8589930496,5511905280,114688
10,1791567977923,2499,2499,1254,1309,1263,1289,1258,1252,2500,2500,2500,2499,2499,2500,1254,1251,5.263157844543457,5,0,0,0,95,0,10,0,0,5,0,0,0,0,0,254530.6551513672,69148.50115966797,0,404327403520,8589930496,5511905280,114688
10,1791567977933,2499,2499,1254,1309,1263,1289,1258,1252,2500,2500,2500,2499,2499,2500,1254,1251,5.263157844543457,5,0,0,0,95,0,10,0,0,5,0,0,0,0,0,254530.8126220703,69148.81805419922,0,404327403520,8589930496,5511905280,114688
10,1791567977943,2499,2499,1254,1309,1263,1289,1258,1252,2500,2500,2500,2499,2499,2500,1254,1251,5.263157844543457,5,0,0,0,95,0,10,0,0,5,0,0,0,0,0,254530.9673461914,69149.13171386719,0,404327403520,8589930496,5511905280,114688
10,1791567977953,2499,2499,1254,1309,1263,1289,1258,1252,2500,2500,2500,2499,2499,2500,1254,1251,5.263157844543457,5,0,0,0,95,0,10,0,0,5,0,0,0,0,0,254531.12353515625,69149.44580078125,0,404327403520,8589930496,5511905280,114688
10,1791567977963,2499,2499,1254,1309,1263,1289,1258,1252,2500,2500,2500,2499,2499,2500,1254,1251,5.263157844543457,5,0,0,0,95,0,10,0,0,5,0,0,0,0,0,254531.27685546875,69149.76104736328,0,404327403520,8589930496,5511905280,114688
10,1791567977973,2499,2499,1254,1309,1263,1289,1258,1252,2500,2500,2500,2499,2499,2500,1254,1251,5.263157844543457,5,0,0,0,95,0,10,0,0,5,0,0,0,0,0,254531.4324951172,69150.07592773438,0,404327403520,8589930496,5511905280,114688
9,1791567977983,2499,2499,1254,1309,1263,1289,1258,1252,2500,2500,2500,2499,2499,2500,1254,1251,5.263157844543457,5,0,0,0,95,0,10,0,0,5,0,0,0,0,0,254531.59930419922,69150.43426513672,0,404327403520,8589930496,5511905280,114688
10,1791567977993,2499,2499,1254,1309,1263,1289,1258,1252,2500,2500,2500,2499,2499,2500,1254,1251,5.263157844543457,5,0,0,0,95,0,10,0,0,5,0,0,0,0,0,254531.75421142578,69150.7568359375,0,404327403520,8589930496,5511905280,114688
10,1791567978003,2499,2499,1254,1309,1263,1289,1258,1252,2500,2500,2500,2499,2499,2500,1254,1251,5.263157844543457,5,0,0,0,95,0,10,0,0,5,0,0,0,0,0,254531.90698242188,69151.0757446289,0,404327403520,8589930496,5511905280,114688
10,1791567978013,2499,2499,1254,1309,1263,1289,1258,1252,2500,2500,2500,2499,2499,2500,1254,1251,5.263157844543457,5,0,0,0,95,0,10,0,0,5,0,0,0,0,0,254532.0630493164,69151.40197753906,0,404327403520,8589930496,5528260608,114688
10,1791567978023,2499,2499,1254,1309,1263,1289,1258,1252,2500,2500,2500,2499,2499,2500,1254,1251,5.263157844543457,5,0,0,0,95,0,10,0,0,5,0,0,0,0,0,254532.20825195313,69151.68774414063,0,404327403520,8589930496,5528260608,114688
10,1791567978033,2499,2499,1254,1309,1263,1289,1258,1252,2500,2500,2500,2499,2499,2500,1254,1251,5.263157844543457,5,0,0,0,95,0,10,0,0,5,0,0,0,0,0,254532.37872314453,69152.04302978516,0,404327403520,8589930496,5528260608,114688
10,1791567978043,2499,2499,1254,1309,1263,1289,1258,1252,2500,2500,2500,2499,2499,2500,1254,1251,5.263157844543457,5,0,0,0,95,0,10,0,0,5,0,0,0,0,0,254532.53289794922,69152.36248779297,0,404327403520,8589930496,5528260608,114688
10,1791567978053,2499,2499,1254,1309,1263,1289,1258,1252,2500,2500,2500,2499,2499,2500,1254,1251,5.263157844543457,5,0,0,0,95,0,10,0,0,5,0,0,0,0,0,254532.68621826172,69152.67846679688,0,404327403520,8589930496,5528260608,114688
10,1791567978064,2499,2499,1254,1309,1263,1289,1258,1252,2500,2500,2500,2499,2499,2500,1254,1251,5.263157844543457,5,0,0,0,95,0,10,0,0,5,0,0,0,0,0,254532.8388671875,69153.0064086914,0,404327403520,8589930496,5528260608,114688
10,1791567978074,2499,2499,1254,1309,1263,1289,1258,1252,2500,2500,2500,2499,2499,2500,1254,1251,5.263157844543457,5,0,0,0,95,0,10,0,0,5,0,0,0,0,0,254532.98944091797,69153.32360839844,0,404327403520,8589930496,5528260608,114688
10,1791567978084,2499,2499,1254,1309,1263,1289,1258,1252,2500,2500,2500,2499,2499,2500,1254,1251,5.263157844543457,5,0,0,0,95,0,10,0,0,5,0,0,0,0,0,254533.14324951172,69153.64373779297,0,404327403520,8589930496,5528756224,114688
9,1791567978094,2499,2499,1254,1309,1263,1289,1258,1252,2500,2500,2500,2499,2499,2500,1254,1251,5,0,0,0,0,100,0,0,5,0,0,0,0,0,0,0,254533.3016357422,69153.95782470703,0,404327403520,8589930496,5513519104,114688
10,1791567978104,2499,2499,1254,1309,1263,1289,1258,1252,2500,2500,2500,2499,2499,2500,1254,1251,5,0,0,0,0,100,0,0,5,0,0,0,0,0,0,0,254533.45581054688,69154.27276611328,0,404327403520,8589930496,5513519104,114688
10,1791567978114,2499,2499,1254,1309,1263,1289,1258,1252,2500,2500,2500,2499,2499,2500,1254,1251,5,0,0,0,0,100,0,0,5,0,0,0,0,0,0,0,254533.6121826172,69154.58892822266,0,404327403520,8589930496,5517484032,114688
10,1791567978124,2499,2499,1254,1309,1263,1289,1258,1252,2500,2500,2500,2499,2499,2500,1254,1251,5,0,0,0,0,100,0,0,5,0,0,0,0,0,0,0,254533.76525878906,69154.90588378906,0,404327403520,8589930496,5517484032,114688
10,1791567978134,2499,2499,1254,1309,1263,1289,1258,1252,2500,2500,2500,2499,2499,2500,1254,1251,5,0,0,0,0,100,0,0,5,0,0,0,0,0,0,0,254533.9188232422,69155.22381591797,0,404327403520,8589930496,5517484032,114688
10,1791567978144,2499,2499,1254,1309,1263,1289,1258,1252,2500,2500,2500,2499,2499,2500,1254,1251,5,0,0,0,0,100,0,0,5,0,0,0,0,0,0,0,254534.0726928711,69155.54064941406,0,404327403520,8589930496,5517484032,114688
9,1791567978154,2499,2499,1254,1309,1263,1289,1258,1252,2500,2500,2500,2499,2499,2500,1254,1251,5,0,0,0,0,100,0,0,5,0,0,0,0,0,0,0,254534.2319946289,69155.84936523438,0,404327403520,8589930496,5505925120,114688
10,1791567978164,2499,2499,1254,1309,1263,1289,1258,1252,2500,2500,2500,2499,2499,2500,1254,1251,5,0,0,0,0,100,0,0,5,0,0,0,0,0,0,0,254534.38397216797,69156.16925048828,0,404327403520,8589930496,5505925120,114688
10,1791567978174,2499,2499,1254,1309,1263,1289,1258,1252,2500,2500,2500,2499,2499,2500,1254,1251,5,0,0,0,0,100,0,0,5,0,0,0,0,0,0,0,254534.5355834961,69156.4912109375,0,404327403520,8589930496,5505925120,114688
10,1791567978184,2499,2499,1254,1309,1263,1289,1258,1252,2500,2500,2500,2499,2499,2500,1254,1251,5,0,0,0,0,100,0,0,5,0,0,0,0,0,0,0,254534.68939208984,69156.81286621094,0,404327403520,8589930496,5505925120,114688
10,1791567978194,2499,2499,1254,1309,1263,1289,1258,1252,2500,2500,2500,2499,2499,2500,1254,1251,5,0,0,0,0,100,0,0,5,0,0,0,0,0,0,0,254534.84301757813,69157.12963867188,0,404327403520,8589930496,5505925120,114688
10,1791567978204,2499,2499,1254,1309,1263,1289,1258,1252,2500,2500,2500,2499,2499,2500,1254,1251,5,0,0,0,0,100,0,0,5,0,0,0,0,0,0,0,254535.0112915039,69157.47888183594,0,404327403520,8589930496,5505925120,114688
10,1791567978214,2499,2499,1254,1309,1263,1289,1258,1252,2500,2500,2500,2499,2499,2500,1254,1251,5,0,0,0,0,100,0,0,5,0,0,0,0,0,0,0,254535.16583251953,69157.79260253906,0,404327403520,8589930496,5505925120,114688
10,1791567978224,2499,2499,1254,1309,1263,1289,1258,1252,2500,2500,2500,2499,2499,2500,1254,1251,5,0,0,0,0,100,0,0,5,0,0,0,0,0,0,0,254535.31671142578,69158.11138916016,0,404327403520,8589930496,5505925120,114688
10,1791567978235,2499,2499,1254,1309,1263,1289,1258,1252,2500,2500,2500,2499,2499,2500,1254,1251,5,0,0,0,0,100,0,0,5,0,0,0,0,0,0,0,254535.47528076172,69158.4301147461,0,404327403520,8589930496,5505925120,114688
10,1791567978245,2499,2499,1254,1309,1263,1289,1258,1252,2500,2500,2500,2499,2499,2500,1254,1251,5,0,0,0,0,100,0,0,5,0,0,0,0,0,0,0,254535.62854003906,69158.74450683594,0,404327403520,8589930496,5505925120,114688
10,1791567978255,2499,2499,1254,1309,1263,1289,1258,1252,2500,2500,2500,2499,2499,2500,1254,1251,5,0,0,0,0,100,0,0,5,0,0,0,0,0,0,0,254535.77575683594,69159.0629272461,0,404327403520,8589930496,5505925120,114688
10,1791567978265,2499,2499,1254,1309,1263,1289,1258,1252,2500,2500,2500,2499,2499,2500,1254,1251,5,0,0,0,0,100,0,0,5,0,0,0,0,0,0,0,254535.92572021484,69159.38635253906,0,404327403520,8589930496,5505925120,114688
10,1791567978275,2499,2499,1254,1309,1263,1289,1258,1252,2500,2500,2500,2499,2499,2500,1254,1251,5,0,0,0,0,100,0,0,5,0,0,0,0,0,0,0,254536.0782470703,69159.69903564453,0,404327403520,8589930496,5505925120,114688
10,1791567978285,2499,2499,1254,1309,1263,1289,1258,1252,2500,2500,2500,2499,2499,2500,1254,1251,5,0,0,0,0,100,0,0,5,0,0,0,0,0,0,0,254536.22973632813,69160.02087402344,0,404327403520,8589930496,5505925120,114688
9,1791567978295,2499,2499,1254,1309,1263,1289,1258,1252,2500,2500,2500,2499,2499,2500,1254,1251,5,0,0,0,0,100,0,0,0,0,0,0,0,0,0,0,254536.38189697266,69160.33721923828,0,404327403520,8589930496,5505925120,114688
10,1791567978305,2499,2499,1254,1309,1263,1289,1258,1252,2500,2500,2500,2499,2499,2500,1254,1251,5,0,0,0,0,100,0,0,0,0,0,0,0,0,0,0,254536.53900146484,69160.65600585938,0,404327403520,8589930496,5505925120,114688
10,1791567978315,2499,2499,1254,1309,1263,1289,1258,1252,2500,2500,2500,2499,2499,2500,1254,1251,5,0,0,0,0,100,0,0,0,0,0,0,0,0,0,0,254536.6898803711,69160.97100830078,0,404327403520,8589930496,5505925120,114688
10,1791567978325,2499,2499,1254,1309,1263,1289,1258,1252,2500,2500,2500,2499,2499,2500,1254,1251,5,0,0,0,0,100,0,0,0,0,0,0,0,0,0,0,254536.8422241211,69161.28918457031,0,404327403520,8589930496,5505925120,114688
9,1791567978335,2499,2499,1254,1309,1263,1289,1258,1252,2500,2500,2500,2499,2499,2500,1254,1251,5,0,0,0,0,100,0,0,0,0,0,0,0,0,0,0,254536.99237060547,69161.607421875,0,404327403520,8589930496,5505925120,114688
10,1791567978345,2499,2499,1254,1309,1263,1289,1258,1252,2500,2500,2500,2499,2499,2500,1254,1251,5,0,0,0,0,100,0,0,0,0,0,0,0,0,0,0,254537.14916992188,69161.92443847656,0,404327403520,8589930496,5505925120,114688
10,1791567978355,2499,2499,1254,1309,1263,1289,1258,1252,2500,2500,2500,2499,2499,2500,1254,1251,5,0,0,0,0,100,0,0,0,0,0,0,0,0,0,0,254537.30364990234,69162.23846435547,0,404327403520,8589930496,5505925120,114688
10,1791567978365,2499,2499,1254,1309,1263,1289,1258,1252,2500,2500,2500,2499,2499,2500,1254,1251,5,0,0,0,0,100,0,0,0,0,0,0,0,0,0,0,254537.45947265625,69162.55499267578,0,404327403520,8589930496,5505925120,114688
10,1791567978375,2499,2499,1254,1309,1263,1289,1258,1252,2500,2500,2500,2499,2499,2500,1254,1251,5,0,0,0,0,100,0,0,0,0,0,0,0,0,0,0,254537.6177368164,69162.87377929688,0,404327403520,8589930496,5505925120,114688
10,1791567978385,2499,2499,1254,1309,1263,1289,1258,1252,2500,2500,2500,2499,2499,2500,1254,1251,5,0,0,0,0,100,0,0,0,0,0,0,0,0,0,0,254537.7738647461,69163.18811035156,0,404327403520,8589930496,5505925120,114688
10,1791567978395,2499,2499,1254,1309,1263,1289,1258,1252,2500,2500,2500,2499,2499,2500,1254,1251,5,0,0,0,0,100,0,0,0,0,0,0,0,0,0,0,254537.92706298828,69163.4994506836,0,404327403520,8589930496,5505925120,114688
10,1791567978405,2499,2499,1254,1309,1263,1289,1258,1252,2500,2500,2500,2499,2499,2500,1254,1251,5,0,0,0,0,100,0,0,0,0,0,0,0,0,0,0,254538.08489990234,69163.8120727539,0,404327403520,8589930496,5505925120,114688
10,1791567978416,2499,2499,1254,1309,1263,1289,1258,1252,2500,2500,2500,2499,2499,2500,1254,1251,5,0,0,0,0,100,0,0,0,0,0,0,0,0,0,0,254538.25244140625,69164.15673828125,0,404327403520,8589930496,5505925120,114688
10,1791567978426,2499,2499,1254,1309,1263,1289,1258,1252,2500,2500,2500,2499,2499,2500,1254,1251,5,0,0,0,0,100,0,0,0,0,0,0,0,0,0,0,254538.40533447266,69164.47424316406,0,404327403520,8589930496,5505925120,114688
10,1791567978436,2499,2499,1254,1309,1263,1289,1258,1252,2500,2500,2500,2499,2499,2500,1254,1251,5,0,0,0,0,100,0,0,0,0,0,0,0,0,0,0,254538.56005859375,69164.79010009766,0,404327403520,8589930496,5505925120,114688
10,1791567978446,2499,2499,1254,1309,1263,1289,1258,1252,2500,2500,2500,2499,2499,2500,1254,1251,5,0,0,0,0,100,0,0,0,0,0,0,0,0,0,0,254538.71752929688,69165.1050415039,0,404327403520,8589930496,5505925120,114688
9,1791567978456,2499,2499,1254,1309,1263,1289,1258,1252,2500,2500,2500,2499,2499,2500,1254,1251,5,0,0,0,0,100,0,0,0,0,0,0,0,0,0,0,254538.87408447266,69165.42211914063,0,404327403520,8589930496,5505925120,114688
10,1791567978466,2499,2499,1254,1309,1263,1289,1258,1252,2500,2500,2500,2499,2499,2500,1254,1251,5,0,0,0,0,100,0,0,0,0,0,0,0,0,0,0,254539.0298461914,69165.73120117188,0,404327403520,8589930496,5505925120,114688
10,1791567978476,2499,2499,1254,1309,1263,1289,1258,1252,2500,2500,2500,2499,2499,2500,1254,1251,5,0,0,0,0,100,0,0,0,0,0,0,0,0,0,0,254539.18475341797,69166.04815673828,0,404327403520,8589930496,5505925120,114688
9,1791567978486,2499,2499,1254,1309,1263,1289,1258,1252,2500,2500,2500,2499,2499,2500,1254,1251,5,0,0,0,0,100,0,0,0,0,0,0,0,0,0,0,254539.33654785156,69166.36206054688,0,404327403520,8589930496,5505925120,114688
10,1791567978496,2499,2499,1254,1309,1263,1289,1258,1252,2500,2500,2500,2499,2499,2500,1254,1251,10,0,0,0,0,100,0,0,0,0,0,0,0,0,0,0,254539.4985961914,69166.67889404297,0,404327403520,8589930496,5505925120,114688
9,1791567978506,2499,2499,1254,1309,1263,1289,1258,1252,2500,2500,2500,2499,2499,2500,1254,1251,10,0,0,0,0,100,0,0,0,0,0,0,0,0,0,0,254539.6527709961,69166.99633789063,0,404327403520,8589930496,5505925120,114688
10,1791567978516,2499,2499,1254,1309,1263,1289,1258,1252,2500,2500,2500,2499,2499,2500,1254,1251,10,0,0,0,0,100,0,0,0,0,0,0,0,0,0,0,254539.80291748047,69167.31103515625,0,404327403520,8589930496,5505925120,114688
10,1791567978526,2499,2499,1254,1309,1263,1289,1258,1252,2500,2500,2500,2499,2499,2500,1254,1251,10,0,0,0,0,100,0,0,0,0,0,0,0,0,0,0,254539.95379638672,69167.62048339844,0,404327403520,8589930496,5505925120,114688
10,1791567978536,2499,2499,1254,1309,1263,1289,1258,1252,2500,2500,2500,2499,2499,2500,1254,1251,10,0,0,0,0,100,0,0,0,0,0,0,0,0,0,0,254540.10723876953,69167.93481445313,0,404327403520,8589930496,5505925120,114688
10,1791567978546,2499,2499,1254,1309,1263,1289,1258,1252,2500,2500,2500,2499,2499,2500,1254,1251,10,0,0,0,0,100,0,0,0,0,0,0,0,0,0,0,254540.25830078125,69168.2484741211,0,404327403520,8589930496,5505925120,114688
10,1791567978556,2499,2499,1254,1309,1263,1289,1258,1252,2500,2500,2500,2499,2499,2500,1254,1251,10,0,0,0,0,100,0,0,0,0,0,0,0,0,0,0,254540.41162109375,69168.56396484375,0,404327403520,8589930496,5505925120,114688
10,1791567978566,2499,2499,1254,1309,1263,1289,1258,1252,2500,2500,2500,2499,2499,2500,1254,1251,10,0,0,0,0,100,0,0,0,0,0,0,0,0,0,0,254540.56854248047,69168.87548828125,0,404327403520,8589930496,5505925120,114688
10,1791567978576,2499,2499,1254,1309,1263,1289,1258,1252,2500,2500,2500,2499,2499,2500,1254,1251,10,0,0,0,0,100,0,0,0,0,0,0,0,0,0,0,254540.72875976563,69169.19012451172,0,404327403520,8589930496,5505925120,114688
10,1791567978587,2499,2499,1254,1309,1263,1289,1258,1252,2500,2500,2500,2499,2499,2500,1254,1251,10,0,0,0,0,100,0,0,0,0,0,0,0,0,0,0,254540.88494873047,69169.5078125,0,404327403520,8589930496,5505925120,114688
10,1791567978597,2499,2499,1254,1309,1263,1289,1258,1252,2500,2500,2500,2499,2499,2500,1254,1251,10,0,0,0,0,100,0,0,0,0,0,0,0,0,0,0,254541.0405883789,69169.82568359375,0,404327403520,8589930496,5505925120,114688
10,1791567978607,2499,2499,1254,1309,1263,1289,1258,1252,2500,2500,2500,2499,2499,2500,1254,1251,10,0,0,0,0,100,0,0,0,0,0,0,0,0,0,0,254541.19860839844,69170.14483642578,0,404327403520,8589930496,5505925120,114688
10,1791567978617,2499,2499,1254,1309,1263,1289,1258,1252,2500,2500,2500,2499,2499,2500,1254,1251,10,0,0,0,0,100,0,0,0,0,0,0,0,0,0,0,254541.36376953125,69170.49597167969,0,404327403520,8589930496,5505925120,114688
10,1791567978627,2499,2499,1254,1309,1263,1289,1258,1252,2500,2500,2500,2499,2499,2500,1254,1251,10,0,0,0,0,100,0,0,0,0,0,0,0,0,0,0,254541.5191040039,69170.81396484375,0,404327403520,8589930496,5509890048,114688
10,1791567978637,2499,2499,1254,1309,1263,1289,1258,1252,2500,2500,2500,2499,2499,2500,1254,1251,10,0,0,0,0,100,0,0,0,0,0,0,0,0,0,0,254541.6714477539,69171.1343383789,0,404327403520,8589930496,5509890048,114688
10,1791567978647,2499,2499,1254,1309,1263,1289,1258,1252,2500,2500,2500,2499,2499,2500,1254,1251,10,0,0,0,0,100,0,0,0,0,0,0,0,0,0,0,254541.82470703125,69171.45709228516,0,404327403520,8589930496,5513854976,114688
10,1791567978657,2499,2499,1254,1309,1263,1289,1258,1252,2500,2500,2500,2499,2499,2500,1254,1251,10,0,0,0,0,100,0,0,0,0,0,0,0,0,0,0,254541.97631835938,69171.77221679688,0,404327403520,8589930496,5513854976,114688
9,1791567978667,2499,2499,1254,1309,1263,1289,1258,1252,2500,2500,2500,2499,2499,2500,1254,1251,10,0,0,0,0,100,0,0,0,0,0,0,0,0,0,0,254542.1353149414,69172.0923461914,0,404327403520,8589930496,5522280448,114688
9,1791567978677,2499,2499,1254,1309,1263,1289,1258,1252,2500,2500,2500,2499,2499,2500,1254,1251,10,0,0,0,0,100,0,0,0,0,0,0,0,0,0,0,254542.28674316406,69172.40789794922,0,404327403520,8589930496,5522280448,114688
10,1791567978687,2499,2499,1254,1309,1263,1289,1258,1252,2500,2500,2500,2499,2499,2500,1254,1251,10,0,0,0,0,100,0,0,0,0,0,0,0,0,0,0,254542.4404296875,69172.72546386719,0,404327403520,8589930496,5522280448,114688
10,1791567978697,2499,2499,1254,1309,1263,1289,1258,1252,2500,2500,2500,2499,2499,2500,1254,1251,5,0,0,0,5,100,0,5,0,5,0,0,0,0,0,0,254542.5933227539,69173.04296875,0,404327403520,8589930496,5522280448,114688
10,1791567978707,2499,2499,1254,1309,1263,1289,1258,1252,2500,2500,2500,2499,2499,2500,1254,1251,5,0,0,0,5,100,0,5,0,5,0,0,0,0,0,0,254542.74438476563,69173.36492919922,0,404327403520,8589930496,5530210304,114688
10,1791567978717,2499,2499,1254,1309,1263,1289,1258,1252,2500,2500,2500,2499,2499,2500,1254,1251,5,0,0,0,5,100,0,5,0,5,0,0,0,0,0,0,254542.89526367188,69173.68249511719,0,404327403520,8589930496,5530210304,114688
10,1791567978727,2499,2499,1254,1309,1263,1289,1258,1252,2500,2500,2500,2499,2499,2500,1254,1251,5,0,0,0,5,100,0,5,0,5,0,0,0,0,0,0,254543.0532836914,69173.99963378906,0,404327403520,8589930496,5530210304,114688
10,1791567978737,2499,2499,1254,1309,1263,1289,1258,1252,2500,2500,2500,2499,2499,2500,1254,1251,5,0,0,0,5,100,0,5,0,5,0,0,0,0,0,0,254543.21295166016,69174.31951904297,0,404327403520,8589930496,5530210304,114688
10,1791567978747,2499,2499,1254,1309,1263,1289,1258,1252,2500,2500,2500,2499,2499,2500,1254,1251,5,0,0,0,5,100,0,5,0,5,0,0,0,0,0,0,254543.37060546875,69174.63775634766,0,404327403520,8589930496,5530210304,114688
10,1791567978758,2499,2499,1254,1309,1263,1289,1258,1252,2500,2500,2500,2499,2499,2500,1254,1251,5,0,0,0,5,100,0,5,0,5,0,0,0,0,0,0,254543.52569580078,69174.95471191406,0,404327403520,8589930496,5538635776,114688
10,1791567978768,2499,2499,1254,1309,1263,1289,1258,1252,2500,2500,2500,2499,2499,2500,1254,1251,5,0,0,0,5,100,0,5,0,5,0,0,0,0,0,0,254543.67950439453,69175.27227783203,0,404327403520,8589930496,5538635776,114688
10,1791567978778,2499,2499,1254,1309,1263,1289,1258,1252,2500,2500,2500,2499,2499,2500,1254,1251,5,0,0,0,5,100,0,5,0,5,0,0,0,0,0,0,254543.8360595703,69175.59252929688,0,404327403520,8589930496,5538635776,114688
10,1791567978788,2499,2499,1254,1309,1263,1289,1258,1252,2500,2500,2500,2499,2499,2500,1254,1251,5,0,0,0,5,100,0,5,0,5,0,0,0,0,0,0,254543.9884033203,69175.90802001953,0,404327403520,8589930496,5538635776,114688
10,1791567978798,2499,2499,1254,1309,1263,1289,1258,1252,2500,2500,2500,2499,2499,2500,1254,1251,5,0,0,0,5,100,0,5,0,5,0,0,0,0,0,0,254544.1548461914,69176.22729492188,0,404327403520,8589930496,5547061248,114688
10,1791567978808,2499,2499,1254,1309,1263,1289,1258,1252,2500,2500,2500,2499,2499,2500,1254,1251,5,0,0,0,5,100,0,5,0,5,0,0,0,0,0,0,254544.30584716797,69176.57861328125,0,404327403520,8589930496,5547061248,114688
10,1791567978818,2499,2499,1254,1309,1263,1289,1258,1252,2500,2500,2500,2499,2499,2500,1254,1251,5,0,0,0,5,100,0,5,0,5,0,0,0,0,0,0,254544.45672607422,69176.900390625,0,404327403520,8589930496,5547061248,114688
10,1791567978828,2499,2499,1254,1309,1263,1289,1258,1252,2500,2500,2500,2499,2499,2500,1254,1251,5,0,0,0,5,100,0,5,0,5,0,0,0,0,0,0,254544.61083984375,69177.22564697266,0,404327403520,8589930496,5547061248,114688
10,1791567978838,2499,2499,1254,1309,1263,1289,1258,1252,2500,2500,2500,2499,2499,2500,1254,1251,5,0,0,0,5,100,0,5,0,5,0,0,0,0,0,0,254544.76263427734,69177.54125976563,0,404327403520,8589930496,5554991104,114688
10,1791567978848,2499,2499,1254,1309,1263,1289,1258,1252,2500,2500,2500,2499,2499,2500,1254,1251,5,0,0,0,5,100,0,5,0,5,0,0,0,0,0,0,254544.91333007813,69177.86047363281,0,404327403520,8589930496,5554991104,114688
10,1791567978858,2499,2499,1254,1309,1263,1289,1258,1252,2500,2500,2500,2499,2499,2500,1254,1251,5,0,0,0,5,100,0,5,0,5,0,0,0,0,0,0,254545.06494140625,69178.18035888672,0,404327403520,8589930496,5554991104,114688
10,1791567978868,2499,2499,1254,1309,1263,1289,1258,1252,2500,2500,2500,2499,2499,2500,1254,1251,5,0,0,0,5,100,0,5,0,5,0,0,0,0,0,0,254545.21661376953,69178.51257324219,0,404327403520,8589930496,5554991104,114688
9,1791567978878,2499,2499,1254,1309,1263,1289,1258,1252,2500,2500,2500,2499,2499,2500,1254,1251,5,0,0,0,5,100,0,5,0,5,0,0,0,0,0,0,254545.36932373047,69178.83294677734,0,404327403520,8589930496,5554991104,114688
10,1791567978888,2499,2499,1254,1309,1263,1289,1258,1252,2500,2500,2500,2499,2499,2500,1254,1251,5,0,0,0,5,100,0,5,0,5,0,0,0,0,0,0,254545.5220336914,69179.15148925781,0,404327403520,8589930496,5563416576,114688
10,1791567978898,2499,2499,1254,1309,1263,1289,1258,1252,2500,2500,2500,2499,2499,2500,1254,1251,0,0,0,5,5,100,0,5,0,0,0,0,0,0,0,0,254545.67553710938,69179.47082519531,0,404327403520,8589930496,5563416576,114688
10,1791567978908,2499,2499,1254,1309,1263,1289,1258,1252,2500,2500,2500,2499,2499,2500,1254,1251,0,0,0,5,5,100,0,5,0,0,0,0,0,0,0,0,254545.82696533203,69179.7896118164,0,404327403520,8589930496,5563416576,114688
10,1791567978918,2499,2499,1254,1309,1263,1289,1258,1252,2500,2500,2500,2499,2499,2500,1254,1251,0,0,0,5,5,100,0,5,0,0,0,0,0,0,0,0,254545.9794921875,69180.11260986328,0,404327403520,8589930496,5563416576,114688
10,1791567978929,2499,2499,1254,1309,1263,1289,1258,1252,2500,2500,2500,2499,2499,2500,1254,1251,0,0,0,5,5,100,0,5,0,0,0,0,0,0,0,0,254546.12927246094,69180.42645263672,0,404327403520,8589930496,5571842048,114688
10,1791567978939,2499,2499,1254,1309,1263,1289,1258,1252,2500,2500,2500,2499,2499,2500,1254,1251,0,0,0,5,5,100,0,5,0,0,0,0,0,0,0,0,254546.28253173828,69180.74267578125,0,404327403520,8589930496,5571842048,114688
10,1791567978949,2499,2499,1254,1309,1263,1289,1258,1252,2500,2500,2500,2499,2499,2500,1254,1251,0,0,0,5,5,100,0,5,0,0,0,0,0,0,0,0,254546.4389038086,69181.05572509766,0,404327403520,8589930496,5571842048,114688
10,1791567978959,2499,2499,1254,1309,1263,1289,1258,1252,2500,2500,2500,2499,2499,2500,1254,1251,0,0,0,5,5,100,0,5,0,0,0,0,0,0,0,0,254546.59423828125,69181.37573242188,0,404327403520,8589930496,5571842048,114688
10,1791567978969,2499,2499,1254,1309,1263,1289,1258,1252,2500,2500,2500,2499,2499,2500,1254,1251,0,0,0,5,5,100,0,5,0,0,0,0,0,0,0,0,254546.7510986328,69181.68933105469,0,404327403520,8589930496,5571842048,114688
10,1791567978979,2499,2499,1254,1309,1263,1289,1258,1252,2500,2500,2500,2499,2499,2500,1254,1251,0,0,0,5,5,100,0,5,0,0,0,0,0,0,0,0,254546.9047241211,69182.00231933594,0,404327403520,8589930496,5579771904,114688
10,1791567978989,2499,2499,1254,1309,1263,1289,1258,1252,2500,2500,2500,2499,2499,2500,1254,1251,0,0,0,5,5,100,0,5,0,0,0,0,0,0,0,0,254547.06018066406,69182.3179321289,0,404327403520,8589930496,5579771904,114688
10,1791567978999,2499,2499,1254,1309,1263,1289,1258,1252,2500,2500,2500,2499,2499,2500,1254,1251,0,0,0,5,5,100,0,5,0,0,0,0,0,0,0,0,254547.2158203125,69182.63018798828,0,404327403520,8589930496,5579771904,114688
10,1791567979009,2499,2499,1254,1309,1263,1289,1258,1252,2500,2500,2500,2499,2499,2500,1254,1251,0,0,0,5,5,100,0,5,0,0,0,0,0,0,0,0,254547.38671875,69182.97790527344,0,404327403520,8589930496,5579771904,114688
10,1791567979019,2499,2499,1254,1309,1263,1289,1258,1252,2500,2500,2500,2499,2499,2500,1254,1251,0,0,0,5,5,100,0,5,0,0,0,0,0,0,0,0,254547.53887939453,69183.29736328125,0,404327403520,8589930496,5588197376,114688
9,1791567979029,2499,2499,1254,1309,1263,1289,1258,1252,2500,2500,2500,2499,2499,2500,1254,1251,0,0,0,5,5,100,0,5,0,0,0,0,0,0,0,0,254547.69067382813,69183.61627197266,0,404327403520,8589930496,5588197376,114688
10,1791567979039,2499,2499,1254,1309,1263,1289,1258,1252,2500,2500,2500,2499,2499,2500,1254,1251,0,0,0,5,5,100,0,5,0,0,0,0,0,0,0,0,254547.84790039063,69183.93035888672,0,404327403520,8589930496,5588197376,114688
10,1791567979049,2499,2499,1254,1309,1263,1289,1258,1252,2500,2500,2500,2499,2499,2500,1254,1251,0,0,0,5,5,100,0,5,0,0,0,0,0,0,0,0,254547.99841308594,69184.24694824219,0,404327403520,8589930496,5588197376,114688
10,1791567979059,2499,2499,1254,1309,1263,1289,1258,1252,2500,2500,2500,2499,2499,2500,1254,1251,0,0,0,5,5,100,0,5,0,0,0,0,0,0,0,0,254548.1544189453,69184.56329345703,0,404327403520,8589930496,5588197376,114688
9,1791567979069,2499,2499,1254,1309,1263,1289,1258,1252,2500,2500,2500,2499,2499,2500,1254,1251,0,0,0,5,5,100,0,5,0,0,0,0,0,0,0,0,254548.31188964844,69184.875,0,404327403520,8589930496,5596622848,114688
10,1791567979079,2499,2499,1254,1309,1263,1289,1258,1252,2500,2500,2500,2499,2499,2500,1254,1251,0,0,0,5,5,100,0,5,0,0,0,0,0,0,0,0,254548.46423339844,69185.18505859375,0,404327403520,8589930496,5596622848,114688
10,1791567979089,2499,2499,1254,1309,1263,1289,1258,1252,2500,2500,2500,2499,2499,2500,1254,1251,0,0,0,5,5,100,0,5,0,0,0,0,0,0,0,0,254548.62078857422,69185.50396728516,0,404327403520,8589930496,5596622848,114688
10,1791567979099,2499,2499,1254,1309,1263,1289,1258,1252,2500,2500,2500,2499,2499,2500,1254,1251,0,0,0,0,0,100,4.761904716491699,10,0,0,0,0,0,0,0,4.761904716491699,254548.77734375,69185.82250976563,0,404327403520,8589930496,5596622848,114688
10,1791567979110,2499,2499,1254,1309,1263,1289,1258,1252,2500,2500,2500,2499,2499,2500,1254,1251,0,0,0,0,0,100,4.761904716491699,10,0,0,0,0,0,0,0,4.761904716491699,254548.93389892578,69186.14306640625,0,404327403520,8589930496,5604552704,114688
10,1791567979120,2499,2499,1254,1309,1263,1289,1258,1252,2500,2500,2500,2499,2499,2500,1254,1251,0,0,0,0,0,100,4.761904716491699,10,0,0,0,0,0,0,0,4.761904716491699,254549.09246826172,69186.4644165039,0,404327403520,8589930496,5583331328,114688
10,1791567979130,2499,2499,1254,1309,1263,1289,1258,1252,2500,2500,2500,2499,2499,2500,1254,1251,0,0,0,0,0,100,4.761904716491699,10,0,0,0,0,0,0,0,4.761904716491699,254549.24243164063,69186.79443359375,0,404327403520,8589930496,5583331328,114688
10,1791567979140,2499,2499,1254,1309,1263,1289,1258,1252,2500,2500,2500,2499,2499,2500,1254,1251,0,0,0,0,0,100,4.761904716491699,10,0,0,0,0,0,0,0,4.761904716491699,254549.39349365234,69187.1025390625,0,404327403520,8589930496,5583331328,114688
10,1791567979150,2499,2499,1254,1309,1263,1289,1258,1252,2500,2500,2500,2499,2499,2500,1254,1251,0,0,0,0,0,100,4.761904716491699,10,0,0,0,0,0,0,0,4.761904716491699,254549.54949951172,69187.43005371094,0,404327403520,8589930496,5591261184,114688
10,1791567979160,2499,2499,1254,1309,1263,1289,1258,1252,2500,2500,2500,2499,2499,2500,1254,1251,0,0,0,0,0,100,4.761904716491699,10,0,0,0,0,0,0,0,4.761904716491699,254549.70275878906,69187.75811767578,0,404327403520,8589930496,5591261184,114688
10,1791567979170,2499,2499,1254,1309,1263,1289,1258,1252,2500,2500,2500,2499,2499,2500,1254,1251,0,0,0,0,0,100,4.761904716491699,10,0,0,0,0,0,0,0,4.761904716491699,254549.85748291016,69188.07409667969,0,404327403520,8589930496,5591261184,114688
10,1791567979180,2499,2499,1254,1309,1263,1289,1258,1252,2500,2500,2500,2499,2499,2500,1254,1251,0,0,0,0,0,100,4.761904716491699,10,0,0,0,0,0,0,0,4.761904716491699,254550.0072631836,69188.39404296875,0,404327403520,8589930496,5591003136,114688
10,1791567979190,2499,2499,1254,1309,1263,1289,1258,1252,2500,2500,2500,2499,2499,2500,1254,1251,0,0,0,0,0,100,4.761904716491699,10,0,0,0,0,0,0,0,4.761904716491699,254550.1636352539,69188.70770263672,0,404327403520,8589930496,5591003136,114688
10,1791567979200,2499,2499,1254,1309,1263,1289,1258,1252,2500,2500,2500,2499,2499,2500,1254,1251,0,0,0,0,0,100,4.761904716491699,10,0,0,0,0,0,0,0,4.761904716491699,254550.3246459961,69189.0267944336,0,404327403520,8589930496,5599428608,114688
10,1791567979210,2499,2499,1254,1309,1263,1289,1258,1252,2500,2500,2500,2499,2499,2500,1254,1251,0,0,0,0,0,100,4.761904716491699,10,0,0,0,0,0,0,0,4.761904716491699,254550.48358154297,69189.33898925781,0,404327403520,8589930496,5599428608,114688
10,1791567979220,2499,2499,1254,1309,1263,1289,1258,1252,2500,2500,2500,2499,2499,2500,1254,1251,0,0,0,0,0,100,4.761904716491699,10,0,0,0,0,0,0,0,4.761904716491699,254550.63903808594,69189.65618896484,0,404327403520,8589930496,5599428608,114688
10,1791567979230,2499,2499,1254,1309,1263,1289,1258,1252,2500,2500,2500,2499,2499,2500,1254,1251,0,0,0,0,0,100,4.761904716491699,10,0,0,0,0,0,0,0,4.761904716491699,254550.79779052734,69189.97332763672,0,404327403520,8589930496,5599428608,114688
9,1791567979240,2499,2499,1254,1309,1263,1289,1258,1252,2500,2500,2500,2499,2499,2500,1254,1251,0,0,0,0,0,100,4.761904716491699,10,0,0,0,0,0,0,0,4.761904716491699,254550.97100830078,69190.32684326172,0,404327403520,8589930496,5607358464,114688
10,1791567979250,2499,2499,1254,1309,1263,1289,1258,1252,2500,2500,2500,2499,2499,2500,1254,1251,0,0,0,0,0,100,4.761904716491699,10,0,0,0,0,0,0,0,4.761904716491699,254551.12188720703,69190.64373779297,0,404327403520,8589930496,5607358464,114688
10,1791567979260,2499,2499,1254,1309,1263,1289,1258,1252,2500,2500,2500,2499,2499,2500,1254,1251,0,0,0,0,0,100,4.761904716491699,10,0,0,0,0,0,0,0,4.761904716491699,254551.27734375,69190.96112060547,0,404327403520,8589930496,5607358464,114688
10,1791567979270,2499,2499,1254,1309,1263,1289,1258,1252,2500,2500,2500,2499,2499,2500,1254,1251,0,0,0,0,0,100,4.761904716491699,10,0,0,0,0,0,0,0,4.761904716491699,254551.43341064453,69191.28173828125,0,404327403520,8589930496,5607358464,114688
10,1791567979281,2499,2499,1254,1309,1263,1289,1258,1252,2500,2500,2500,2499,2499,2500,1254,1251,0,0,0,0,0,100,4.761904716491699,10,0,0,0,0,0,0,0,4.761904716491699,254551.5853881836,69191.59704589844,0,404327403520,8589930496,5607358464,114688
10,1791567979291,2499,2499,1254,1309,1263,1289,1258,1252,2500,2500,2500,2499,2499,2500,1254,1251,0,0,0,0,0,100,4.761904716491699,10,0,0,0,0,0,0,0,4.761904716491699,254551.73828125,69191.91339111328,0,404327403520,8589930496,5615783936,114688
10,1791567979301,2499,2499,1254,1309,1263,1289,1258,1252,2500,2500,2500,2499,2499,2500,1254,1251,0,5,4.761904716491699,0,5,100,0,0,0,0,0,0,0,0,0,0,254551.89337158203,69192.22888183594,0,404327403520,8589930496,5615783936,114688
10,1791567979311,2499,2499,1254,1309,1263,1289,1258,1252,2500,2500,2500,2499,2499,2500,1254,1251,0,5,4.761904716491699,0,5,100,0,0,0,0,0,0,0,0,0,0,254552.04766845703,69192.54602050781,0,404327403520,8589930496,5615783936,114688
10,1791567979321,2499,2499,1254,1309,1263,1289,1258,1252,2500,2500,2500,2499,2499,2500,1254,1251,0,5,4.761904716491699,0,5,100,0,0,0,0,0,0,0,0,0,0,254552.2007446289,69192.86419677734,0,404327403520,8589930496,5615783936,114688
10,1791567979331,2499,2499,1254,1309,1263,1289,1258,1252,2500,2500,2500,2499,2499,2500,1254,1251,0,5,4.761904716491699,0,5,100,0,0,0,0,0,0,0,0,0,0,254552.35528564453,69193.18481445313,0,404327403520,8589930496,5624209408,114688
10,1791567979341,2499,2499,1254,1309,1263,1289,1258,1252,2500,2500,2500,2499,2499,2500,1254,1251,0,5,4.761904716491699,0,5,100,0,0,0,0,0,0,0,0,0,0,254552.51263427734,69193.5033569336,0,404327403520,8589930496,5624209408,114688
10,1791567979351,2499,2499,1254,1309,1263,1289,1258,1252,2500,2500,2500,2499,2499,2500,1254,1251,0,5,4.761904716491699,0,5,100,0,0,0,0,0,0,0,0,0,0,254552.67236328125,69193.81994628906,0,404327403520,8589930496,5624209408,114688
10,1791567979361,2499,2499,1254,1309,1263,1289,1258,1252,2500,2500,2500,2499,2499,2500,1254,1251,0,5,4.761904716491699,0,5,100,0,0,0,0,0,0,0,0,0,0,254552.8295288086,69194.13452148438,0,404327403520,8589930496,5624209408,114688
10,1791567979371,2499,2499,1254,1309,1263,1289,1258,1252,2500,2500,2500,2499,2499,2500,1254,1251,0,5,4.761904716491699,0,5,100,0,0,0,0,0,0,0,0,0,0,254552.98077392578,69194.44921875,0,404327403520,8589930496,5632139264,114688
9,1791567979381,2499,2499,1254,1309,1263,1289,1258,1252,2500,2500,2500,2499,2499,2500,1254,1251,0,5,4.761904716491699,0,5,100,0,0,0,0,0,0,0,0,0,0,254553.12908935547,69194.76580810547,0,404327403520,8589930496,5632139264,114688
10,1791567979391,2499,2499,1254,1309,1263,1289,1258,1252,2500,2500,2500,2499,2499,2500,1254,1251,0,5,4.761904716491699,0,5,100,0,0,0,0,0,0,0,0,0,0,254553.28033447266,69195.08795166016,0,404327403520,8589930496,5632139264,114688
10,1791567979401,2499,2499,1254,1309,1263,1289,1258,1252,2500,2500,2500,2499,2499,2500,1254,1251,0,5,4.761904716491699,0,5,100,0,0,0,0,0,0,0,0,0,0,254553.4346923828,69195.40844726563,0,404327403520,8589930496,5632139264,114688
10,1791567979411,2499,2499,1254,1309,1263,1289,1258,1252,2500,2500,2500,2499,2499,2500,1254,1251,0,5,4.761904716491699,0,5,100,0,0,0,0,0,0,0,0,0,0,254553.5841064453,69195.7201538086,0,404327403520,8589930496,5632139264,114688
9,1791567979421,2499,2499,1254,1309,1263,1289,1258,1252,2500,2500,2500,2499,2499,2500,1254,1251,0,5,4.761904716491699,0,5,100,0,0,0,0,0,0,0,0,0,0,254553.74029541016,69196.03680419922,0,404327403520,8589930496,5640564736,114688
10,1791567979431,2499,2499,1254,1309,1263,1289,1258,1252,2500,2500,2500,2499,2499,2500,1254,1251,0,5,4.761904716491699,0,5,100,0,0,0,0,0,0,0,0,0,0,254553.89190673828,69196.35467529297,0,404327403520,8589930496,5640564736,114688
10,1791567979441,2499,2499,1254,1309,1263,1289,1258,1252,2500,2500,2500,2499,2499,2500,1254,1251,0,5,4.761904716491699,0,5,100,0,0,0,0,0,0,0,0,0,0,254554.0435180664,69196.669921875,0,404327403520,8589930496,5640564736,114688
10,1791567979451,2499,2499,1254,1309,1263,1289,1258,1252,2500,2500,2500,2499,2499,2500,1254,1251,0,5,4.761904716491699,0,5,100,0,0,0,0,0,0,0,0,0,0,254554.19384765625,69196.98760986328,0,404327403520,8589930496,5640564736,114688
10,1791567979462,2499,2499,1254,1309,1263,1289,1258,1252,2500,2500,2500,2499,2499,2500,1254,1251,0,5,4.761904716491699,0,5,100,0,0,0,0,0,0,0,0,0,0,254554.35974121094,69197.33319091797,0,404327403520,8589930496,5648990208,114688
10,1791567979472,2499,2499,1254,1309,1263,1289,1258,1252,2500,2500,2500,2499,2499,2500,1254,1251,0,5,4.761904716491699,0,5,100,0,0,0,0,0,0,0,0,0,0,254554.5064086914,69197.65399169922,0,404327403520,8589930496,5648990208,114688
10,1791567979482,2499,2499,1254,1309,1263,1289,1258,1252,2500,2500,2500,2499,2499,2500,1254,1251,0,5,4.761904716491699,0,5,100,0,0,0,0,0,0,0,0,0,0,254554.65948486328,69197.96600341797,0,404327403520,8589930496,5648990208,114688
10,1791567979492,2499,2499,1254,1309,1263,1289,1258,1252,2500,2500,2500,2499,2499,2500,1254,1251,0,5,4.761904716491699,0,5,100,0,0,0,0,0,0,0,0,0,0,254554.81018066406,69198.27624511719,0,404327403520,8589930496,5648990208,114688
10,1791567979502,2499,2499,1254,1309,1263,1289,1258,1252,2500,2500,2500,2499,2499,2500,1254,1251,0,0,4.761904716491699,0,0,100,0,10,5,0,0,0,0,0,0,0,254554.96142578125,69198.58972167969,0,404327403520,8589930496,5648990208,114688
10,1791567979512,2499,2499,1254,1309,1263,1289,1258,1252,2500,2500,2500,2499,2499,2500,1254,1251,0,0,4.761904716491699,0,0,100,0,10,5,0,0,0,0,0,0,0,254555.11505126953,69198.91143798828,0,404327403520,8589930496,5656920064,114688
10,1791567979522,2499,2499,1254,1309,1263,1289,1258,1252,2500,2500,2500,2499,2499,2500,1254,1251,0,0,4.761904716491699,0,0,100,0,10,5,0,0,0,0,0,0,0,254555.26782226563,69199.22430419922,0,404327403520,8589930496,5656920064,114688
10,1791567979532,2499,2499,1254,1309,1263,1289,1258,1252,2500,2500,2500,2499,2499,2500,1254,1251,0,0,4.761904716491699,0,0,100,0,10,5,0,0,0,0,0,0,0,254555.41778564453,69199.54479980469,0,404327403520,8589930496,5656920064,114688
10,1791567979542,2499,2499,1254,1309,1263,1289,1258,1252,2500,2500,2500,2499,2499,2500,1254,1251,0,0,4.761904716491699,0,0,100,0,10,5,0,0,0,0,0,0,0,254555.57177734375,69199.86474609375,0,404327403520,8589930496,5656920064,114688
10,1791567979552,2499,2499,1254,1309,1263,1289,1258,1252,2500,2500,2500,2499,2499,2500,1254,1251,0,0,4.761904716491699,0,0,100,0,10,5,0,0,0,0,0,0,0,254555.72869873047,69200.1810913086,0,404327403520,8589930496,5665345536,114688
10,1791567979562,2499,2499,1254,1309,1263,1289,1258,1252,2500,2500,2500,2499,2499,2500,1254,1251,0,0,4.761904716491699,0,0,100,0,10,5,0,0,0,0,0,0,0,254555.8803100586,69200.5044555664,0,404327403520,8589930496,5665345536,114688
10,1791567979572,2499,2499,1254,1309,1263,1289,1258,1252,2500,2500,2500,2499,2499,2500,1254,1251,0,0,4.761904716491699,0,0,100,0,10,5,0,0,0,0,0,0,0,254556.03295898438,69200.82482910156,0,404327403520,8589930496,5665345536,114688
10,1791567979582,2499,2499,1254,1309,1263,1289,1258,1252,2500,2500,2500,2499,2499,2500,1254,1251,0,0,4.761904716491699,0,0,100,0,10,5,0,0,0,0,0,0,0,254556.1845703125,69201.14282226563,0,404327403520,8589930496,5665345536,114688
10,1791567979592,2499,2499,1254,1309,1263,1289,1258,1252,2500,2500,2500,2499,2499,2500,1254,1251,0,0,4.761904716491699,0,0,100,0,10,5,0,0,0,0,0,0,0,254556.33563232422,69201.45928955078,0,404327403520,8589930496,5673771008,114688
9,1791567979602,2499,2499,1254,1309,1263,1289,1258,1252,2500,2500,2500,2499,2499,2500,1254,1251,0,0,4.761904716491699,0,0,100,0,10,5,0,0,0,0,0,0,0,254556.4852294922,69201.77563476563,0,404327403520,8589930496,5673771008,114688
10,1791567979612,2499,2499,1254,1309,1263,1289,1258,1252,2500,2500,2500,2499,2499,2500,1254,1251,0,0,4.761904716491699,0,0,100,0,10,5,0,0,0,0,0,0,0,254556.6375732422,69202.08911132813,0,404327403520,8589930496,5673771008,114688
10,1791567979622,2499,2499,1254,1309,1263,1289,1258,1252,2500,2500,2500,2499,2499,2500,1254,1251,0,0,4.761904716491699,0,0,100,0,10,5,0,0,0,0,0,0,0,254556.79266357422,69202.40606689453,0,404327403520,8589930496,5673771008,114688
10,1791567979633,2499,2499,1254,1309,1263,1289,1258,1252,2500,2500,2500,2499,2499,2500,1254,1251,0,0,4.761904716491699,0,0,100,0,10,5,0,0,0,0,0,0,0,254556.94647216797,69202.72595214844,0,404327403520,8589930496,5673771008,114688
10,1791567979643,2499,2499,1254,1309,1263,1289,1258,1252,2500,2500,2500,2499,2499,2500,1254,1251,0,0,4.761904716491699,0,0,100,0,10,5,0,0,0,0,0,0,0,254557.10284423828,69203.0463256836,0,404327403520,8589930496,5681700864,114688
10,1791567979653,2499,2499,1254,1309,1263,1289,1258,1252,2500,2500,2500,2499,2499,2500,1254,1251,0,0,4.761904716491699,0,0,100,0,10,5,0,0,0,0,0,0,0,254557.27001953125,69203.3960571289,0,404327403520,8589930496,5681700864,114688
10,1791567979663,2499,2499,1254,1309,1263,1289,1258,1252,2500,2500,2500,2499,2499,2500,1254,1251,0,0,4.761904716491699,0,0,100,0,10,5,0,0,0,0,0,0,0,254557.42254638672,69203.71740722656,0,404327403520,8589930496,5681700864,114688
10,1791567979673,2499,2499,1254,1309,1263,1289,1258,1252,2500,2500,2500,2499,2499,2500,1254,1251,0,0,4.761904716491699,0,0,100,0,10,5,0,0,0,0,0,0,0,254557.57598876953,69204.03771972656,0,404327403520,8589930496,5681700864,114688
10,1791567979683,2499,2499,1254,1309,1263,1289,1258,1252,2500,2500,2500,2499,2499,2500,1254,1251,0,0,4.761904716491699,0,0,100,0,10,5,0,0,0,0,0,0,0,254557.73016357422,69204.35961914063,0,404327403520,8589930496,5690126336,114688
10,1791567979693,2499,2499,1254,1309,1263,1289,1258,1252,2500,2500,2500,2499,2499,2500,1254,1251,0,0,4.761904716491699,0,0,100,0,10,5,0,0,0,0,0,0,0,254557.8856201172,69204.6734008789,0,404327403520,8589930496,5690126336,114688
10,1791567979703,2499,2499,1254,1309,1263,1289,1258,1252,2500,2500,2500,2499,2499,2500,1254,1251,5,0,0,0,0,100,0,5,0,5,0,0,0,0,0,0,254558.0385131836,69204.98992919922,0,404327403520,8589930496,5690126336,114688
10,1791567979713,2499,2499,1254,1309,1263,1289,1258,1252,2500,2500,2500,2499,2499,2500,1254,1251,5,0,0,0,0,100,0,5,0,5,0,0,0,0,0,0,254558.19525146484,69205.30895996094,0,404327403520,8589930496,5690126336,114688
10,1791567979723,2499,2499,1254,1309,1263,1289,1258,1252,2500,2500,2500,2499,2499,2500,1254,1251,5,0,0,0,0,100,0,5,0,5,0,0,0,0,0,0,254558.34606933594,69205.6273803711,0,404327403520,8589930496,5690126336,114688
10,1791567979733,2499,2499,1254,1309,1263,1289,1258,1252,2500,2500,2500,2499,2499,2500,1254,1251,5,0,0,0,0,100,0,5,0,5,0,0,0,0,0,0,254558.49951171875,69205.94720458984,0,404327403520,8589930496,5698551808,114688
10,1791567979743,2499,2499,1254,1309,1263,1289,1258,1252,2500,2500,2500,2499,2499,2500,1254,1251,5,0,0,0,0,100,0,5,0,5,0,0,0,0,0,0,254558.65826416016,69206.26751708984,0,404327403520,8589930496,5698551808,114688
10,1791567979753,2499,2499,1254,1309,1263,1289,1258,1252,2500,2500,2500,2499,2499,2500,1254,1251,5,0,0,0,0,100,0,5,0,5,0,0,0,0,0,0,254558.81610107422,69206.58526611328,0,404327403520,8589930496,5698551808,114688
10,1791567979763,2499,2499,1254,1309,1263,1289,1258,1252,2500,2500,2500,2499,2499,2500,1254,1251,5,0,0,0,0,100,0,5,0,5,0,0,0,0,0,0,254558.9708251953,69206.90167236328,0,404327403520,8589930496,5698551808,114688
10,1791567979773,2499,2499,1254,1309,1263,1289,1258,1252,2500,2500,2500,2499,2499,2500,1254,1251,5,0,0,0,0,100,0,5,0,5,0,0,0,0,0,0,254559.125,69207.2173461914,0,404327403520,8589930496,5698551808,114688
10,1791567979783,2499,2499,1254,1309,1263,1289,1258,1252,2500,2500,2500,2499,2499,2500,1254,1251,5,0,0,0,0,100,0,5,0,5,0,0,0,0,0,0,254559.2837524414,69207.53546142578,0,404327403520,8589930496,5706481664,114688
9,1791567979793,2499,2499,1254,1309,1263,1289,1258,1252,2500,2500,2500,2499,2499,2500,1254,1251,5,0,0,0,0,100,0,5,0,5,0,0,0,0,0,0,254559.4344482422,69207.85632324219,0,404327403520,8589930496,5706481664,114688
10,1791567979804,2499,2499,1254,1309,1263,1289,1258,1252,2500,2500,2500,2499,2499,2500,1254,1251,5,0,0,0,0,100,0,5,0,5,0,0,0,0,0,0,254559.59301757813,69208.17565917969,0,404327403520,8589930496,5706481664,114688
10,1791567979814,2499,2499,1254,1309,1263,1289,1258,1252,2500,2500,2500,2499,2499,2500,1254,1251,5,0,0,0,0,100,0,5,0,5,0,0,0,0,0,0,254559.75231933594,69208.49145507813,0,404327403520,8589930496,5706481664,114688
9,1791567979824,2499,2499,1254,1309,1263,1289,1258,1252,2500,2500,2500,2499,2499,2500,1254,1251,5,0,0,0,0,100,0,5,0,5,0,0,0,0,0,0,254559.90704345703,69208.80841064453,0,404327403520,8589930496,5714907136,114688
10,1791567979834,2499,2499,1254,1309,1263,1289,1258,1252,2500,2500,2500,2499,2499,2500,1254,1251,5,0,0,0,0,100,0,5,0,5,0,0,0,0,0,0,254560.06030273438,69209.12487792969,0,404327403520,8589930496,5714907136,114688
10,1791567979844,2499,2499,1254,1309,1263,1289,1258,1252,2500,2500,2500,2499,2499,2500,1254,1251,5,0,0,0,0,100,0,5,0,5,0,0,0,0,0,0,254560.2153930664,69209.44482421875,0,404327403520,8589930496,5714907136,114688
10,1791567979854,2499,2499,1254,1309,1263,1289,1258,1252,2500,2500,2500,2499,2499,2500,1254,1251,5,0,0,0,0,100,0,5,0,5,0,0,0,0,0,0,254560.36596679688,69209.76916503906,0,404327403520,8589930496,5714907136,114688
10,1791567979864,2499,2499,1254,1309,1263,1289,1258,1252,2500,2500,2500,2499,2499,2500,1254,1251,5,0,0,0,0,100,0,5,0,5,0,0,0,0,0,0,254560.5316772461,69210.1166381836,0,404327403520,8589930496,5714907136,114688
10,1791567979874,2499,2499,1254,1309,1263,1289,1258,1252,2500,2500,2500,2499,2499,2500,1254,1251,5,0,0,0,0,100,0,5,0,5,0,0,0,0,0,0,254560.68548583984,69210.43780517578,0,404327403520,8589930496,5723332608,114688
10,1791567979884,2499,2499,1254,1309,1263,1289,1258,1252,2500,2500,2500,2499,2499,2500,1254,1251,5,0,0,0,0,100,0,5,0,5,0,0,0,0,0,0,254560.8408203125,69210.755859375,0,404327403520,8589930496,5723332608,114688
10,1791567979894,2499,2499,1254,1309,1263,1289,1258,1252,2500,2500,2500,2499,2499,2500,1254,1251,5,0,0,0,0,100,0,5,0,5,0,0,0,0,0,0,254560.99353027344,69211.07458496094,0,404327403520,8589930496,5723332608,114688
10,1791567979904,2499,2499,1254,1309,1263,1289,1258,1252,2500,2500,2500,2499,2499,2500,1254,1251,0,0,0,0,5,100,0,5.263157844543457,0,0,0,0,0,0,0,0,254561.1508178711,69211.3916015625,0,404327403520,8589930496,5723332608,114688
10,1791567979914,2499,2499,1254,1309,1263,1289,1258,1252,2500,2500,2500,2499,2499,2500,1254,1251,0,0,0,0,5,100,0,5.263157844543457,0,0,0,0,0,0,0,0,254561.30590820313,69211.71118164063,0,404327403520,8589930496,5731262464,114688
10,1791567979924,2499,2499,1254,1309,1263,1289,1258,1252,2500,2500,2500,2499,2499,2500,1254,1251,0,0,0,0,5,100,0,5.263157844543457,0,0,0,0,0,0,0,0,254561.4566040039,69212.03057861328,0,404327403520,8589930496,5731262464,114688
10,1791567979934,2499,2499,1254,1309,1263,1289,1258,1252,2500,2500,2500,2499,2499,2500,1254,1251,0,0,0,0,5,100,0,5.263157844543457,0,0,0,0,0,0,0,0,254561.6118774414,69212.35076904297,0,404327403520,8589930496,5731262464,114688
10,1791567979944,2499,2499,1254,1309,1263,1289,1258,1252,2500,2500,2500,2499,2499,2500,1254,1251,0,0,0,0,5,100,0,5.263157844543457,0,0,0,0,0,0,0,0,254561.763671875,69212.671875,0,404327403520,8589930496,5731262464,114688
10,1791567979954,2499,2499,1254,1309,1263,1289,1258,1252,2500,2500,2500,2499,2499,2500,1254,1251,0,0,0,0,5,100,0,5.263157844543457,0,0,0,0,0,0,0,0,254561.9135131836,69212.99377441406,0,404327403520,8589930496,5739687936,114688
10,1791567979964,2499,2499,1254,1309,1263,1289,1258,1252,2500,2500,2500,2499,2499,2500,1254,1251,0,0,0,0,5,100,0,5.263157844543457,0,0,0,0,0,0,0,0,254562.06842041016,69213.31274414063,0,404327403520,8589930496,5739687936,114688
9,1791567979975,2499,2499,1254,1309,1263,1289,1258,1252,2500,2500,2500,2499,2499,2500,1254,1251,0,0,0,0,5,100,0,5.263157844543457,0,0,0,0,0,0,0,0,254562.21923828125,69213.63092041016,0,404327403520,8589930496,5739687936,114688
10,1791567979985,2499,2499,1254,1309,1263,1289,1258,1252,2500,2500,2500,2499,2499,2500,1254,1251,0,0,0,0,5,100,0,5.263157844543457,0,0,0,0,0,0,0,0,254562.37365722656,69213.95281982422,0,404327403520,8589930496,5739687936,114688
10,1791567979995,2499,2499,1254,1309,1263,1289,1258,1252,2500,2500,2500,2499,2499,2500,1254,1251,0,0,0,0,5,100,0,5.263157844543457,0,0,0,0,0,0,0,0,254562.53186035156,69214.24536132813,0,404327403520,8589930496,5739687936,114688
10,1791567980005,2499,2499,1254,1309,1263,1289,1258,1252,2500,2500,2500,2499,2499,2500,1254,1251,0,0,0,0,5,100,0,5.263157844543457,0,0,0,0,0,0,0,0,254562.67779541016,69214.59796142578,0,404327403520,8589930496,5748113408,114688
10,1791567980015,2499,2499,1254,1309,1263,1289,1258,1252,2500,2500,2500,2499,2499,2500,1254,1251,0,0,0,0,5,100,0,5.263157844543457,0,0,0,0,0,0,0,0,254562.83294677734,69214.91619873047,0,404327403520,8589930496,5748113408,114688
10,1791567980025,2499,2499,1254,1309,1263,1289,1258,1252,2500,2500,2500,2499,2499,2500,1254,1251,0,0,0,0,5,100,0,5.263157844543457,0,0,0,0,0,0,0,0,254562.98510742188,69215.23736572266,0,404327403520,8589930496,5748113408,114688
10,1791567980035,2499,2499,1254,1309,1263,1289,1258,1252,2500,2500,2500,2499,2499,2500,1254,1251,0,0,0,0,5,100,0,5.263157844543457,0,0,0,0,0,0,0,0,254563.140625,69215.55505371094,0,404327403520,8589930496,5748113408,114688
10,1791567980045,2499,2499,1254,1309,1263,1289,1258,1252,2500,2500,2500,2499,2499,2500,1254,1251,0,0,0,0,5,100,0,5.263157844543457,0,0,0,0,0,0,0,0,254563.29498291016,69215.88067626953,0,404327403520,8589930496,5756043264,114688
10,1791567980055,2499,2499,1254,1309,1263,1289,1258,1252,2500,2500,2500,2499,2499,2500,1254,1251,0,0,0,0,5,100,0,5.263157844543457,0,0,0,0,0,0,0,0,254563.46630859375,69216.23376464844,0,404327403520,8589930496,5756043264,114688
10,1791567980065,2499,2499,1254,1309,1263,1289,1258,1252,2500,2500,2500,2499,2499,2500,1254,1251,0,0,0,0,5,100,0,5.263157844543457,0,0,0,0,0,0,0,0,254563.6212158203,69216.55432128906,0,404327403520,8589930496,5756043264,114688
10,1791567980075,2499,2499,1254,1309,1263,1289,1258,1252,2500,2500,2500,2499,2499,2500,1254,1251,0,0,0,0,5,100,0,5.263157844543457,0,0,0,0,0,0,0,0,254563.775390625,69216.87512207031,0,404327403520,8589930496,5747752960,114688
10,1791567980085,2499,2499,1254,1309,1263,1289,1258,1252,2500,2500,2500,2499,2499,2500,1254,1251,0,0,0,0,5,100,0,5.263157844543457,0,0,0,0,0,0,0,0,254563.9306640625,69217.1957397461,0,404327403520,8589930496,5747752960,114688
10,1791567980095,2499,2499,1254,1309,1263,1289,1258,1252,2500,2500,2500,2499,2499,2500,1254,1251,0,0,0,0,5,100,0,5.263157844543457,0,0,0,0,0,0,0,0,254564.08282470703,69217.51525878906,0,404327403520,8589930496,5756178432,114688
10,1791567980105,2499,2499,1254,1309,1263,1289,1258,1252,2500,2500,2500,2499,2499,2500,1254,1251,0,0,0,0,0,100,4.761904716491699,5,0,0,0,5,5,0,0,0,254564.23681640625,69217.8330078125,0,404327403520,8589930496,5756178432,114688
10,1791567980115,2499,2499,1254,1309,1263,1289,1258,1252,2500,2500,2500,2499,2499,2500,1254,1251,0,0,0,0,0,100,4.761904716491699,5,0,0,0,5,5,0,0,0,254564.3900756836,69218.1528930664,0,404327403520,8589930496,5756178432,114688
10,1791567980125,2499,2499,1254,1309,1263,1289,1258,1252,2500,2500,2500,2499,2499,2500,1254,1251,0,0,0,0,0,100,4.761904716491699,5,0,0,0,5,5,0,0,0,254564.54425048828,69218.47607421875,0,404327403520,8589930496,5756178432,114688
9,1791567980136,2499,2499,1254,1309,1263,1289,1258,1252,2500,2500,2500,2499,2499,2500,1254,1251,0,0,0,0,0,100,4.761904716491699,5,0,0,0,5,5,0,0,0,254564.6923828125,69218.794921875,0,404327403520,8589930496,5752705024,114688
10,1791567980146,2499,2499,1254,1309,1263,1289,1258,1252,2500,2500,2500,2499,2499,2500,1254,1251,0,0,0,0,0,100,4.761904716491699,5,0,0,0,5,5,0,0,0,254564.8530883789,69219.11804199219,0,404327403520,8589930496,5752705024,114688
10,1791567980156,2499,2499,1254,1309,1263,1289,1258,1252,2500,2500,2500,2499,2499,2500,1254,1251,0,0,0,0,0,100,4.761904716491699,5,0,0,0,5,5,0,0,0,254565.0025024414,69219.4345703125,0,404327403520,8589930496,5752705024,114688
9,1791567980166,2499,2499,1254,1309,1263,1289,1258,1252,2500,2500,2500,2499,2499,2500,1254,1251,0,0,0,0,0,100,4.761904716491699,5,0,0,0,5,5,0,0,0,254565.1561279297,69219.75231933594,0,404327403520,8589930496,5752705024,114688
10,1791567980176,2499,2499,1254,1309,1263,1289,1258,1252,2500,2500,2500,2499,2499,2500,1254,1251,0,0,0,0,0,100,4.761904716491699,5,0,0,0,5,5,0,0,0,254565.30535888672,69220.06628417969,0,404327403520,8589930496,5760634880,114688
10,1791567980186,2499,2499,1254,1309,1263,1289,1258,1252,2500,2500,2500,2499,2499,2500,1254,1251,0,0,0,0,0,100,4.761904716491699,5,0,0,0,5,5,0,0,0,254565.46154785156,69220.38690185547,0,404327403520,8589930496,5760634880,114688
10,1791567980196,2499,2499,1254,1309,1263,1289,1258,1252,2500,2500,2500,2499,2499,2500,1254,1251,0,0,0,0,0,100,4.761904716491699,5,0,0,0,5,5,0,0,0,254565.61517333984,69220.71087646484,0,404327403520,8589930496,5760634880,114688
10,1791567980206,2499,2499,1254,1309,1263,1289,1258,1252,2500,2500,2500,2499,2499,2500,1254,1251,0,0,0,0,0,100,4.761904716491699,5,0,0,0,5,5,0,0,0,254565.76861572266,69221.03118896484,0,404327403520,8589930496,5760634880,114688
10,1791567980216,2499,2499,1254,1309,1263,1289,1258,1252,2500,2500,2500,2499,2499,2500,1254,1251,0,0,0,0,0,100,4.761904716491699,5,0,0,0,5,5,0,0,0,254565.9178466797,69221.35339355469,0,404327403520,8589930496,5760634880,114688
10,1791567980226,2499,2499,1254,1309,1263,1289,1258,1252,2500,2500,2500,2499,2499,2500,1254,1251,0,0,0,0,0,100,4.761904716491699,5,0,0,0,5,5,0,0,0,254566.0712890625,69221.67041015625,0,404327403520,8589930496,5769060352,114688
9,1791567980236,2499,2499,1254,1309,1263,1289,1258,1252,2500,2500,2500,2499,2499,2500,1254,1251,0,0,0,0,0,100,4.761904716491699,5,0,0,0,5,5,0,0,0,254566.22436523438,69221.99938964844,0,404327403520,8589930496,5769060352,114688
10,1791567980246,2499,2499,1254,1309,1263,1289,1258,1252,2500,2500,2500,2499,2499,2500,1254,1251,0,0,0,0,0,100,4.761904716491699,5,0,0,0,5,5,0,0,0,254566.37591552734,69222.3256225586,0,404327403520,8589930496,5769060352,114688
10,1791567980256,2499,2499,1254,1309,1263,1289,1258,1252,2500,2500,2500,2499,2499,2500,1254,1251,0,0,0,0,0,100,4.761904716491699,5,0,0,0,5,5,0,0,0,254566.52813720703,69222.65112304688,0,404327403520,8589930496,5769060352,114688
10,1791567980266,2499,2499,1254,1309,1263,1289,1258,1252,2500,2500,2500,2499,2499,2500,1254,1251,0,0,0,0,0,100,4.761904716491699,5,0,0,0,5,5,0,0,0,254566.6782836914,69222.9771118164,0,404327403520,8589930496,5776990208,114688
10,1791567980276,2499,2499,1254,1309,1263,1289,1258,1252,2500,2500,2500,2499,2499,2500,1254,1251,0,0,0,0,0,100,4.761904716491699,5,0,0,0,5,5,0,0,0,254566.84802246094,69223.33294677734,0,404327403520,8589930496,5776990208,114688
10,1791567980286,2499,2499,1254,1309,1263,1289,1258,1252,2500,2500,2500,2499,2499,2500,1254,1251,0,0,0,0,0,100,4.761904716491699,5,0,0,0,5,5,0,0,0,254567.00567626953,69223.65557861328,0,404327403520,8589930496,5776990208,114688
10,1791567980296,2499,2499,1254,1309,1263,1289,1258,1252,2500,2500,2500,2499,2499,2500,1254,1251,0,0,0,0,0,100,4.761904716491699,5,0,0,0,5,5,0,0,0,254567.16131591797,69223.98114013672,0,404327403520,8589930496,5776990208,114688
10,1791567980306,2499,2499,1254,1309,1263,1289,1258,1252,2500,2500,2500,2499,2499,2500,1254,1251,0,0,0,0,0,100,0,5.263157844543457,0,5,0,0,0,0,0,5,254567.3148803711,69224.30682373047,0,404327403520,8589930496,5776990208,114688
10,1791567980317,2499,2499,1254,1309,1263,1289,1258,1252,2500,2500,2500,2499,2499,2500,1254,1251,0,0,0,0,0,100,0,5.263157844543457,0,5,0,0,0,0,0,5,254567.46685791016,69224.62030029297,0,404327403520,8589930496,5785415680,114688
10,1791567980327,2499,2499,1254,1309,1263,1289,1258,1252,2500,2500,2500,2499,2499,2500,1254,1251,0,0,0,0,0,100,0,5.263157844543457,0,5,0,0,0,0,0,5,254567.6235961914,69224.93688964844,0,404327403520,8589930496,5785415680,114688
10,1791567980337,2499,2499,1254,1309,1263,1289,1258,1252,2500,2500,2500,2499,2499,2500,1254,1251,0,0,0,0,0,100,0,5.263157844543457,0,5,0,0,0,0,0,5,254567.77545166016,69225.25982666016,0,404327403520,8589930496,5785415680,114688
9,1791567980347,2499,2499,1254,1309,1263,1289,1258,1252,2500,2500,2500,2499,2499,2500,1254,1251,0,0,0,0,0,100,0,5.263157844543457,0,5,0,0,0,0,0,5,254567.9287109375,69225.58599853516,0,404327403520,8589930496,5785415680,114688
10,1791567980357,2499,2499,1254,1309,1263,1289,1258,1252,2500,2500,2500,2499,2499,2500,1254,1251,0,0,0,0,0,100,0,5.263157844543457,0,5,0,0,0,0,0,5,254568.07666015625,69225.90936279297,0,404327403520,8589930496,5793841152,114688
10,1791567980367,2499,2499,1254,1309,1263,1289,1258,1252,2500,2500,2500,2499,2499,2500,1254,1251,0,0,0,0,0,100,0,5.263157844543457,0,5,0,0,0,0,0,5,254568.2299194336,69226.23175048828,0,404327403520,8589930496,5793841152,114688
10,1791567980377,2499,2499,1254,1309,1263,1289,1258,1252,2500,2500,2500,2499,2499,2500,1254,1251,0,0,0,0,0,100,0,5.263157844543457,0,5,0,0,0,0,0,5,254568.3780517578,69226.55297851563,0,404327403520,8589930496,5793841152,114688
10,1791567980387,2499,2499,1254,1309,1263,1289,1258,1252,2500,2500,2500,2499,2499,2500,1254,1251,0,0,0,0,0,100,0,5.263157844543457,0,5,0,0,0,0,0,5,254568.53155517578,69226.87524414063,0,404327403520,8589930496,5793841152,114688
10,1791567980397,2499,2499,1254,1309,1263,1289,1258,1252,2500,2500,2500,2499,2499,2500,1254,1251,0,0,0,0,0,100,0,5.263157844543457,0,5,0,0,0,0,0,5,254568.68408203125,69227.19836425781,0,404327403520,8589930496,5797806080,114688
10,1791567980407,2499,2499,1254,1309,1263,1289,1258,1252,2500,2500,2500,2499,2499,2500,1254,1251,0,0,0,0,0,100,0,5.263157844543457,0,5,0,0,0,0,0,5,254568.8389892578,69227.51959228516,0,404327403520,8589930496,5801771008,114688
10,1791567980417,2499,2499,1254,1309,1263,1289,1258,1252,2500,2500,2500,2499,2499,2500,1254,1251,0,0,0,0,0,100,0,5.263157844543457,0,5,0,0,0,0,0,5,254568.99151611328,69227.84747314453,0,404327403520,8589930496,5801771008,114688
10,1791567980427,2499,2499,1254,1309,1263,1289,1258,1252,2500,2500,2500,2499,2499,2500,1254,1251,0,0,0,0,0,100,0,5.263157844543457,0,5,0,0,0,0,0,5,254569.14392089844,69228.16809082031,0,404327403520,8589930496,5801771008,114688
9,1791567980437,2499,2499,1254,1309,1263,1289,1258,1252,2500,2500,2500,2499,2499,2500,1254,1251,0,0,0,0,0,100,0,5.263157844543457,0,5,0,0,0,0,0,5,254569.29425048828,69228.48260498047,0,404327403520,8589930496,5801771008,114688
10,1791567980447,2499,2499,1254,1309,1263,1289,1258,1252,2500,2500,2500,2499,2499,2500,1254,1251,0,0,0,0,0,100,0,5.263157844543457,0,5,0,0,0,0,0,5,254569.44659423828,69228.80340576172,0,404327403520,8589930496,5810196480,114688
10,1791567980457,2499,2499,1254,1309,1263,1289,1258,1252,2500,2500,2500,2499,2499,2500,1254,1251,0,0,0,0,0,100,0,5.263157844543457,0,5,0,0,0,0,0,5,254569.60021972656,69229.12548828125,0,404327403520,8589930496,5810196480,114688
10,1791567980467,2499,2499,1254,1309,1263,1289,1258,1252,2500,2500,2500,2499,2499,2500,1254,1251,0,0,0,0,0,100,0,5.263157844543457,0,5,0,0,0,0,0,5,254569.7716064453,69229.47369384766,0,404327403520,8589930496,5810196480,114688
10,1791567980477,2499,2499,1254,1309,1263,1289,1258,1252,2500,2500,2500,2499,2499,2500,1254,1251,0,0,0,0,0,100,0,5.263157844543457,0,5,0,0,0,0,0,5,254569.93127441406,69229.79815673828,0,404327403520,8589930496,5810196480,114688
10,1791567980488,2499,2499,1254,1309,1263,1289,1258,1252,2500,2500,2500,2499,2499,2500,1254,1251,0,0,0,0,0,100,0,5.263157844543457,0,5,0,0,0,0,0,5,254570.08361816406,69230.11975097656,0,404327403520,8589930496,5818621952,114688
10,1791567980498,2499,2499,1254,1309,1263,1289,1258,1252,2500,2500,2500,2499,2499,2500,1254,1251,0,0,0,0,0,100,0,5.263157844543457,0,5,0,0,0,0,0,5,254570.23541259766,69230.43908691406,0,404327403520,8589930496,5818621952,114688
10,1791567980508,2499,2499,1254,1309,1263,1289,1258,1252,2500,2500,2500,2499,2499,2500,1254,1251,5.263157844543457,0,0,0,0,100,0,5,0,0,5,0,0,0,5,0,254570.39056396484,69230.7568359375,0,404327403520,8589930496,5818621952,114688
10,1791567980518,2499,2499,1254,1309,1263,1289,1258,1252,2500,2500,2500,2499,2499,2500,1254,1251,5.263157844543457,0,0,0,0,100,0,5,0,0,5,0,0,0,5,0,254570.5473022461,69231.07684326172,0,404327403520,8589930496,5818621952,114688
9,1791567980528,2499,2499,1254,1309,1263,1289,1258,1252,2500,2500,2500,2499,2499,2500,1254,1251,5.263157844543457,0,0,0,0,100,0,5,0,0,5,0,0,0,5,0,254570.70294189453,69231.39331054688,0,404327403520,8589930496,5818621952,114688
9,1791567980538,2499,2499,1254,1309,1263,1289,1258,1252,2500,2500,2500,2499,2499,2500,1254,1251,5.263157844543457,0,0,0,0,100,0,5,0,0,5,0,0,0,5,0,254570.8572998047,69231.7066040039,0,404327403520,8589930496,5826551808,114688
10,1791567980548,2499,2499,1254,1309,1263,1289,1258,1252,2500,2500,2500,2499,2499,2500,1254,1251,5.263157844543457,0,0,0,0,100,0,5,0,0,5,0,0,0,5,0,254571.0107421875,69232.02709960938,0,404327403520,8589930496,5826551808,114688
10,1791567980558,2499,2499,1254,1309,1263,1289,1258,1252,2500,2500,2500,2499,2499,2500,1254,1251,5.263157844543457,0,0,0,0,100,0,5,0,0,5,0,0,0,5,0,254571.16485595703,69232.34313964844,0,404327403520,8589930496,5826551808,114688
10,1791567980568,2499,2499,1254,1309,1263,1289,1258,1252,2500,2500,2500,2499,2499,2500,1254,1251,5.263157844543457,0,0,0,0,100,0,5,0,0,5,0,0,0,5,0,254571.31927490234,69232.66040039063,0,404327403520,8589930496,5826551808,114688
10,1791567980578,2499,2499,1254,1309,1263,1289,1258,1252,2500,2500,2500,2499,2499,2500,1254,1251,5.263157844543457,0,0,0,0,100,0,5,0,0,5,0,0,0,5,0,254571.46740722656,69232.9712524414,0,404327403520,8589930496,5834977280,114688
10,1791567980588,2499,2499,1254,1309,1263,1289,1258,1252,2500,2500,2500,2499,2499,2500,1254,1251,5.263157844543457,0,0,0,0,100,0,5,0,0,5,0,0,0,5,0,254571.6265258789,69233.28747558594,0,404327403520,8589930496,5834977280,114688
10,1791567980598,2499,2499,1254,1309,1263,1289,1258,1252,2500,2500,2500,2499,2499,2500,1254,1251,5.263157844543457,0,0,0,0,100,0,5,0,0,5,0,0,0,5,0,254571.78051757813,69233.607421875,0,404327403520,8589930496,5834977280,114688
10,1791567980608,2499,2499,1254,1309,1263,1289,1258,1252,2500,2500,2500,2499,2499,2500,1254,1251,5.263157844543457,0,0,0,0,100,0,5,0,0,5,0,0,0,5,0,254571.93450927734,69233.9253540039,0,404327403520,8589930496,5834977280,114688
10,1791567980618,2499,2499,1254,1309,1263,1289,1258,1252,2500,2500,2500,2499,2499,2500,1254,1251,5.263157844543457,0,0,0,0,100,0,5,0,0,5,0,0,0,5,0,254572.08721923828,69234.24536132813,0,404327403520,8589930496,5834977280,114688
10,1791567980628,2499,2499,1254,1309,1263,1289,1258,1252,2500,2500,2500,2499,2499,2500,1254,1251,5.263157844543457,0,0,0,0,100,0,5,0,0,5,0,0,0,5,0,254572.24182128906,69234.56134033203,0,404327403520,8589930496,5843402752,114688
10,1791567980638,2499,2499,1254,1309,1263,1289,1258,1252,2500,2500,2500,2499,2499,2500,1254,1251,5.263157844543457,0,0,0,0,100,0,5,0,0,5,0,0,0,5,0,254572.40057373047,69234.87536621094,0,404327403520,8589930496,5843402752,114688
10,1791567980648,2499,2499,1254,1309,1263,1289,1258,1252,2500,2500,2500,2499,2499,2500,1254,1251,5.263157844543457,0,0,0,0,100,0,5,0,0,5,0,0,0,5,0,254572.552734375,69235.19317626953,0,404327403520,8589930496,5843402752,114688
10,1791567980659,2499,2499,1254,1309,1263,1289,1258,1252,2500,2500,2500,2499,2499,2500,1254,1251,5.263157844543457,0,0,0,0,100,0,5,0,0,5,0,0,0,5,0,254572.70727539063,69235.51043701172,0,404327403520,8589930496,5843402752,114688
10,1791567980669,2499,2499,1254,1309,1263,1289,1258,1252,2500,2500,2500,2499,2499,2500,1254,1251,5.263157844543457,0,0,0,0,100,0,5,0,0,5,0,0,0,5,0,254572.86016845703,69235.82409667969,0,404327403520,8589930496,5851332608,114688
10,1791567980679,2499,2499,1254,1309,1263,1289,1258,1252,2500,2500,2500,2499,2499,2500,1254,1251,5.263157844543457,0,0,0,0,100,0,5,0,0,5,0,0,0,5,0,254573.02423095703,69236.173828125,0,404327403520,8589930496,5851332608,114688
10,1791567980689,2499,2499,1254,1309,1263,1289,1258,1252,2500,2500,2500,2499,2499,2500,1254,1251,5.263157844543457,0,0,0,0,100,0,5,0,0,5,0,0,0,5,0,254573.17907714844,69236.49389648438,0,404327403520,8589930496,5851332608,114688
10,1791567980699,2499,2499,1254,1309,1263,1289,1258,1252,2500,2500,2500,2499,2499,2500,1254,1251,5.263157844543457,0,0,0,0,100,0,5,0,0,5,0,0,0,5,0,254573.33618164063,69236.81384277344,0,404327403520,8589930496,5851332608,114688
9,1791567980709,2499,2499,1254,1309,1263,1289,1258,1252,2500,2500,2500,2499,2499,2500,1254,1251,0,0,0,0,0,100,0,5.263157844543457,5,0,0,0,0,0,0,0,254573.4916381836,69237.1294555664,0,404327403520,8589930496,5859758080,114688
10,1791567980719,2499,2499,1254,1309,1263,1289,1258,1252,2500,2500,2500,2499,2499,2500,1254,1251,0,0,0,0,0,100,0,5.263157844543457,5,0,0,0,0,0,0,0,254573.64526367188,69237.45751953125,0,404327403520,8589930496,5859758080,114688
10,1791567980729,2499,2499,1254,1309,1263,1289,1258,1252,2500,2500,2500,2499,2499,2500,1254,1251,0,0,0,0,0,100,0,5.263157844543457,5,0,0,0,0,0,0,0,254573.8016357422,69237.78100585938,0,404327403520,8589930496,5859758080,114688
10,1791567980739,2499,2499,1254,1309,1263,1289,1258,1252,2500,2500,2500,2499,2499,2500,1254,1251,0,0,0,0,0,100,0,5.263157844543457,5,0,0,0,0,0,0,0,254573.95532226563,69238.10162353516,0,404327403520,8589930496,5859758080,114688
10,1791567980749,2499,2499,1254,1309,1263,1289,1258,1252,2500,2500,2500,2499,2499,2500,1254,1251,0,0,0,0,0,100,0,5.263157844543457,5,0,0,0,0,0,0,0,254574.1065673828,69238.41888427734,0,404327403520,8589930496,5859758080,114688
9,1791567980759,2499,2499,1254,1309,1263,1289,1258,1252,2500,2500,2500,2499,2499,2500,1254,1251,0,0,0,0,0,100,0,5.263157844543457,5,0,0,0,0,0,0,0,254574.26080322266,69238.74011230469,0,404327403520,8589930496,5868183552,114688
10,1791567980769,2499,2499,1254,1309,1263,1289,1258,1252,2500,2500,2500,2499,2499,2500,1254,1251,0,0,0,0,0,100,0,5.263157844543457,5,0,0,0,0,0,0,0,254574.41790771484,69239.05987548828,0,404327403520,8589930496,5868183552,114688
10,1791567980779,2499,2499,1254,1309,1263,1289,1258,1252,2500,2500,2500,2499,2499,2500,1254,1251,0,0,0,0,0,100,0,5.263157844543457,5,0,0,0,0,0,0,0,254574.5711669922,69239.37896728516,0,404327403520,8589930496,5868183552,114688
10,1791567980789,2499,2499,1254,1309,1263,1289,1258,1252,2500,2500,2500,2499,2499,2500,1254,1251,0,0,0,0,0,100,0,5.263157844543457,5,0,0,0,0,0,0,0,254574.7247314453,69239.69970703125,0,404327403520,8589930496,5868183552,114688
10,1791567980799,2499,2499,1254,1309,1263,1289,1258,1252,2500,2500,2500,2499,2499,2500,1254,1251,0,0,0,0,0,100,0,5.263157844543457,5,0,0,0,0,0,0,0,254574.87615966797,69240.0185546875,0,404327403520,8589930496,5876113408,114688
10,1791567980809,2499,2499,1254,1309,1263,1289,1258,1252,2500,2500,2500,2499,2499,2500,1254,1251,0,0,0,0,0,100,0,5.263157844543457,5,0,0,0,0,0,0,0,254575.0298461914,69240.33801269531,0,404327403520,8589930496,5876113408,114688
10,1791567980819,2499,2499,1254,1309,1263,1289,1258,1252,2500,2500,2500,2499,2499,2500,1254,1251,0,0,0,0,0,100,0,5.263157844543457,5,0,0,0,0,0,0,0,254575.1827392578,69240.6548461914,0,404327403520,8589930496,5876113408,114688
10,1791567980829,2499,2499,1254,1309,1263,1289,1258,1252,2500,2500,2500,2499,2499,2500,1254,1251,0,0,0,0,0,100,0,5.263157844543457,5,0,0,0,0,0,0,0,254575.33892822266,69240.97509765625,0,404327403520,8589930496,5876113408,114688
10,1791567980840,2499,2499,1254,1309,1263,1289,1258,1252,2500,2500,2500,2499,2499,2500,1254,1251,0,0,0,0,0,100,0,5.263157844543457,5,0,0,0,0,0,0,0,254575.4956665039,69241.29479980469,0,404327403520,8589930496,5876113408,114688
10,1791567980850,2499,2499,1254,1309,1263,1289,1258,1252,2500,2500,2500,2499,2499,2500,1254,1251,0,0,0,0,0,100,0,5.263157844543457,5,0,0,0,0,0,0,0,254575.64874267578,69241.61431884766,0,404327403520,8589930496,5884538880,114688
10,1791567980860,2499,2499,1254,1309,1263,1289,1258,1252,2500,2500,2500,2499,2499,2500,1254,1251,0,0,0,0,0,100,0,5.263157844543457,5,0,0,0,0,0,0,0,254575.8032836914,69241.93328857422,0,404327403520,8589930496,5884538880,114688
10,1791567980870,2499,2499,1254,1309,1263,1289,1258,1252,2500,2500,2500,2499,2499,2500,1254,1251,0,0,0,0,0,100,0,5.263157844543457,5,0,0,0,0,0,0,0,254575.96221923828,69242.2525024414,0,404327403520,8589930496,5884538880,114688
10,1791567980880,2499,2499,1254,1309,1263,1289,1258,1252,2500,2500,2500,2499,2499,2500,1254,1251,0,0,0,0,0,100,0,5.263157844543457,5,0,0,0,0,0,0,0,254576.11639404297,69242.56982421875,0,404327403520,8589930496,5884538880,114688
9,1791567980890,2499,2499,1254,1309,1263,1289,1258,1252,2500,2500,2500,2499,2499,2500,1254,1251,0,0,0,0,0,100,0,5.263157844543457,5,0,0,0,0,0,0,0,254576.28631591797,69242.91955566406,0,404327403520,8589930496,5892964352,114688
10,1791567980900,2499,2499,1254,1309,1263,1289,1258,1252,2500,2500,2500,2499,2499,2500,1254,1251,0,0,0,0,0,100,0,5.263157844543457,5,0,0,0,0,0,0,0,254576.43646240234,69243.23657226563,0,404327403520,8589930496,5892964352,114688
10,1791567980910,2499,2499,1254,1309,1263,1289,1258,1252,2500,2500,2500,2499,2499,2500,1254,1251,0,0,4.761904716491699,0,0,100,0,5,0,0,0,0,0,0,0,0,254576.59411621094,69243.55297851563,0,404327403520,8589930496,5892964352,114688
10,1791567980920,2499,2499,1254,1309,1263,1289,1258,1252,2500,2500,2500,2499,2499,2500,1254,1251,0,0,4.761904716491699,0,0,100,0,5,0,0,0,0,0,0,0,0,254576.74700927734,69243.87225341797,0,404327403520,8589930496,5892964352,114688
10,1791567980930,2499,2499,1254,1309,1263,1289,1258,1252,2500,2500,2500,2499,2499,2500,1254,1251,0,0,4.761904716491699,0,0,100,0,5,0,0,0,0,0,0,0,0,254576.9017944336,69244.18963623047,0,404327403520,8589930496,5892964352,114688
10,1791567980940,2499,2499,1254,1309,1263,1289,1258,1252,2500,2500,2500,2499,2499,2500,1254,1251,0,0,4.761904716491699,0,0,100,0,5,0,0,0,0,0,0,0,0,254577.06225585938,69244.51330566406,0,404327403520,8589930496,5900894208,114688
10,1791567980950,2499,2499,1254,1309,1263,1289,1258,1252,2500,2500,2500,2499,2499,2500,1254,1251,0,0,4.761904716491699,0,0,100,0,5,0,0,0,0,0,0,0,0,254577.21643066406,69244.83233642578,0,404327403520,8589930496,5900894208,114688
10,1791567980960,2499,2499,1254,1309,1263,1289,1258,1252,2500,2500,2500,2499,2499,2500,1254,1251,0,0,4.761904716491699,0,0,100,0,5,0,0,0,0,0,0,0,0,254577.36877441406,69245.15142822266,0,404327403520,8589930496,5900894208,114688
10,1791567980970,2499,2499,1254,1309,1263,1289,1258,1252,2500,2500,2500,2499,2499,2500,1254,1251,0,0,4.761904716491699,0,0,100,0,5,0,0,0,0,0,0,0,0,254577.52349853516,69245.46661376953,0,404327403520,8589930496,5900894208,114688
10,1791567980980,2499,2499,1254,1309,1263,1289,1258,1252,2500,2500,2500,2499,2499,2500,1254,1251,0,0,4.761904716491699,0,0,100,0,5,0,0,0,0,0,0,0,0,254577.67602539063,69245.78137207031,0,404327403520,8589930496,5900894208,114688
10,1791567980990,2499,2499,1254,1309,1263,1289,1258,1252,2500,2500,2500,2499,2499,2500,1254,1251,0,0,4.761904716491699,0,0,100,0,5,0,0,0,0,0,0,0,0,254577.83319091797,69246.09954833984,0,404327403520,8589930496,5909319680,114688
10,1791567981000,2499,2499,1254,1309,1263,1289,1258,1252,2500,2500,2500,2499,2499,2500,1254,1251,0,0,4.761904716491699,0,0,100,0,5,0,0,0,0,0,0,0,0,254577.99029541016,69246.41870117188,0,404327403520,8589930496,5909319680,114688
10,1791567981011,2499,2499,1254,1309,1263,1289,1258,1252,2500,2500,2500,2499,2499,2500,1254,1251,0,0,4.761904716491699,0,0,100,0,5,0,0,0,0,0,0,0,0,254578.1446533203,69246.7378540039,0,404327403520,8589930496,5909319680,114688
10,1791567981021,2499,2499,1254,1309,1263,1289,1258,1252,2500,2500,2500,2499,2499,2500,1254,1251,0,0,4.761904716491699,0,0,100,0,5,0,0,0,0,0,0,0,0,254578.29357910156,69247.06103515625,0,404327403520,8589930496,5909319680,114688
10,1791567981031,2499,2499,1254,1309,1263,1289,1258,1252,2500,2500,2500,2499,2499,2500,1254,1251,0,0,4.761904716491699,0,0,100,0,5,0,0,0,0,0,0,0,0,254578.4481201172,69247.38201904297,0,404327403520,8589930496,5917745152,114688
10,1791567981041,2499,2499,1254,1309,1263,1289,1258,1252,2500,2500,2500,2499,2499,2500,1254,1251,0,0,4.761904716491699,0,0,100,0,5,0,0,0,0,0,0,0,0,254578.60284423828,69247.69775390625,0,404327403520,8589930496,5917745152,114688
10,1791567981051,2499,2499,1254,1309,1263,1289,1258,1252,2500,2500,2500,2499,2499,2500,1254,1251,0,0,4.761904716491699,0,0,100,0,5,0,0,0,0,0,0,0,0,254578.75408935547,69248.01489257813,0,404327403520,8589930496,5917745152,114688
10,1791567981061,2499,2499,1254,1309,1263,1289,1258,1252,2500,2500,2500,2499,2499,2500,1254,1251,0,0,4.761904716491699,0,0,100,0,5,0,0,0,0,0,0,0,0,254578.90588378906,69248.3345336914,0,404327403520,8589930496,5917745152,114688
9,1791567981071,2499,2499,1254,1309,1263,1289,1258,1252,2500,2500,2500,2499,2499,2500,1254,1251,0,0,4.761904716491699,0,0,100,0,5,0,0,0,0,0,0,0,0,254579.0726928711,69248.65924072266,0,404327403520,8589930496,5917745152,114688
10,1791567981081,2499,2499,1254,1309,1263,1289,1258,1252,2500,2500,2500,2499,2499,2500,1254,1251,0,0,4.761904716491699,0,0,100,0,5,0,0,0,0,0,0,0,0,254579.22869873047,69249.01171875,0,404327403520,8589930496,5925675008,114688
10,1791567981091,2499,2499,1254,1309,1263,1289,1258,1252,2500,2500,2500,2499,2499,2500,1254,1251,0,0,4.761904716491699,0,0,100,0,5,0,0,0,0,0,0,0,0,254579.37701416016,69249.33575439453,0,404327403520,8589930496,5925675008,114688
10,1791567981101,2499,2499,1254,1309,1263,1289,1258,1252,2500,2500,2500,2499,2499,2500,1254,1251,0,0,4.761904716491699,0,0,100,0,5,0,0,0,0,0,0,0,0,254579.53161621094,69249.65948486328,0,404327403520,8589930496,5908074496,114688
9,1791567981111,2499,2499,1254,1309,1263,1289,1258,1252,2500,2500,2500,2499,2499,2500,1254,1251,5.263157844543457,5,0,0,0,100,0,5.263157844543457,0,0,0,0,0,0,0,0,254579.67974853516,69249.97985839844,0,404327403520,8589930496,5908074496,114688
10,1791567981121,2499,2499,1254,1309,1263,1289,1258,1252,2500,2500,2500,2499,2499,2500,1254,1251,5.263157844543457,5,0,0,0,100,0,5.263157844543457,0,0,0,0,0,0,0,0,254579.84161376953,69250.31951904297,0,404327403520,8589930496,5916004352,114688
10,1791567981131,2499,2499,1254,1309,1263,1289,1258,1252,2500,2500,2500,2499,2499,2500,1254,1251,5.263157844543457,5,0,0,0,100,0,5.263157844543457,0,0,0,0,0,0,0,0,254579.99908447266,69250.642578125,0,404327403520,8589930496,5916004352,114688
10,1791567981141,2499,2499,1254,1309,1263,1289,1258,1252,2500,2500,2500,2499,2499,2500,1254,1251,5.263157844543457,5,0,0,0,100,0,5.263157844543457,0,0,0,0,0,0,0,0,254580.15161132813,69250.95861816406,0,404327403520,8589930496,5916004352,114688
10,1791567981151,2499,2499,1254,1309,1263,1289,1258,1252,2500,2500,2500,2499,2499,2500,1254,1251,5.263157844543457,5,0,0,0,100,0,5.263157844543457,0,0,0,0,0,0,0,0,254580.30505371094,69251.27630615234,0,404327403520,8589930496,5916004352,114688
10,1791567981161,2499,2499,1254,1309,1263,1289,1258,1252,2500,2500,2500,2499,2499,2500,1254,1251,5.263157844543457,5,0,0,0,100,0,5.263157844543457,0,0,0,0,0,0,0,0,254580.46057128906,69251.59930419922,0,404327403520,8589930496,5915746304,114688
10,1791567981171,2499,2499,1254,1309,1263,1289,1258,1252,2500,2500,2500,2499,2499,2500,1254,1251,5.263157844543457,5,0,0,0,100,0,5.263157844543457,0,0,0,0,0,0,0,0,254580.61584472656,69251.91497802734,0,404327403520,8589930496,5924171776,114688
10,1791567981181,2499,2499,1254,1309,1263,1289,1258,1252,2500,2500,2500,2499,2499,2500,1254,1251,5.263157844543457,5,0,0,0,100,0,5.263157844543457,0,0,0,0,0,0,0,0,254580.7667236328,69252.2388305664,0,404327403520,8589930496,5924171776,114688
10,1791567981192,2499,2499,1254,1309,1263,1289,1258,1252,2500,2500,2500,2499,2499,2500,1254,1251,5.263157844543457,5,0,0,0,100,0,5.263157844543457,0,0,0,0,0,0,0,0,254580.92291259766,69252.56726074219,0,404327403520,8589930496,5924171776,114688
10,1791567981202,2499,2499,1254,1309,1263,1289,1258,1252,2500,2500,2500,2499,2499,2500,1254,1251,5.263157844543457,5,0,0,0,100,0,5.263157844543457,0,0,0,0,0,0,0,0,254581.0802001953,69252.8882446289,0,404327403520,8589930496,5924171776,114688
10,1791567981212,2499,2499,1254,1309,1263,1289,1258,1252,2500,2500,2500,2499,2499,2500,1254,1251,5.263157844543457,5,0,0,0,100,0,5.263157844543457,0,0,0,0,0,0,0,0,254581.234375,69253.20715332031,0,404327403520,8589930496,5932101632,114688
10,1791567981222,2499,2499,1254,1309,1263,1289,1258,1252,2500,2500,2500,2499,2499,2500,1254,1251,5.263157844543457,5,0,0,0,100,0,5.263157844543457,0,0,0,0,0,0,0,0,254581.38873291016,69253.53350830078,0,404327403520,8589930496,5932101632,114688
10,1791567981232,2499,2499,1254,1309,1263,1289,1258,1252,2500,2500,2500,2499,2499,2500,1254,1251,5.263157844543457,5,0,0,0,100,0,5.263157844543457,0,0,0,0,0,0,0,0,254581.54272460938,69253.84875488281,0,404327403520,8589930496,5932101632,114688
9,1791567981242,2499,2499,1254,1309,1263,1289,1258,1252,2500,2500,2500,2499,2499,2500,1254,1251,5.263157844543457,5,0,0,0,100,0,5.263157844543457,0,0,0,0,0,0,0,0,254581.68865966797,69254.17462158203,0,404327403520,8589930496,5932101632,114688
10,1791567981252,2499,2499,1254,1309,1263,1289,1258,1252,2500,2500,2500,2499,2499,2500,1254,1251,5.263157844543457,5,0,0,0,100,0,5.263157844543457,0,0,0,0,0,0,0,0,254581.8373413086,69254.49249267578,0,404327403520,8589930496,5940527104,114688
10,1791567981262,2499,2499,1254,1309,1263,1289,1258,1252,2500,2500,2500,2499,2499,2500,1254,1251,5.263157844543457,5,0,0,0,100,0,5.263157844543457,0,0,0,0,0,0,0,0,254581.99169921875,69254.80267333984,0,404327403520,8589930496,5940527104,114688
10,1791567981272,2499,2499,1254,1309,1263,1289,1258,1252,2500,2500,2500,2499,2499,2500,1254,1251,5.263157844543457,5,0,0,0,100,0,5.263157844543457,0,0,0,0,0,0,0,0,254582.14453125,69255.1195678711,0,404327403520,8589930496,5940527104,114688
10,1791567981282,2499,2499,1254,1309,1263,1289,1258,1252,2500,2500,2500,2499,2499,2500,1254,1251,5.263157844543457,5,0,0,0,100,0,5.263157844543457,0,0,0,0,0,0,0,0,254582.2974243164,69255.44244384766,0,404327403520,8589930496,5940527104,114688
10,1791567981292,2499,2499,1254,1309,1263,1289,1258,1252,2500,2500,2500,2499,2499,2500,1254,1251,5.263157844543457,5,0,0,0,100,0,5.263157844543457,0,0,0,0,0,0,0,0,254582.44995117188,69255.75750732422,0,404327403520,8589930496,5940527104,114688
10,1791567981302,2499,2499,1254,1309,1263,1289,1258,1252,2500,2500,2500,2499,2499,2500,1254,1251,5.263157844543457,5,0,0,0,100,0,5.263157844543457,0,0,0,0,0,0,0,0,254582.60430908203,69256.06518554688,0,404327403520,8589930496,5948952576,114688
10,1791567981312,2499,2499,1254,1309,1263,1289,1258,1252,2500,2500,2500,2499,2499,2500,1254,1251,5,5,5,0,0,100,0,5,0,0,5,0,0,0,0,0,254582.75610351563,69256.38330078125,0,404327403520,8589930496,5948952576,114688
10,1791567981322,2499,2499,1254,1309,1263,1289,1258,1252,2500,2500,2500,2499,2499,2500,1254,1251,5,5,5,0,0,100,0,5,0,0,5,0,0,0,0,0,254582.9252319336,69256.73364257813,0,404327403520,8589930496,5948952576,114688
10,1791567981332,2499,2499,1254,1309,1263,1289,1258,1252,2500,2500,2500,2499,2499,2500,1254,1251,5,5,5,0,0,100,0,5,0,0,5,0,0,0,0,0,254583.08239746094,69257.05279541016,0,404327403520,8589930496,5948952576,114688
10,1791567981342,2499,2499,1254,1309,1263,1289,1258,1252,2500,2500,2500,2499,2499,2500,1254,1251,5,5,5,0,0,100,0,5,0,0,5,0,0,0,0,0,254583.23693847656,69257.37182617188,0,404327403520,8589930496,5948952576,114688
10,1791567981352,2499,2499,1254,1309,1263,1289,1258,1252,2500,2500,2500,2499,2499,2500,1254,1251,5,5,5,0,0,100,0,5,0,0,5,0,0,0,0,0,254583.39642333984,69257.6889038086,0,404327403520,8589930496,5956882432,114688
10,1791567981363,2499,2499,1254,1309,1263,1289,1258,1252,2500,2500,2500,2499,2499,2500,1254,1251,5,5,5,0,0,100,0,5,0,0,5,0,0,0,0,0,254583.5489501953,69258.01629638672,0,404327403520,8589930496,5956882432,114688
10,1791567981373,2499,2499,1254,1309,1263,1289,1258,1252,2500,2500,2500,2499,2499,2500,1254,1251,5,5,5,0,0,100,0,5,0,0,5,0,0,0,0,0,254583.70477294922,69258.32897949219,0,404327403520,8589930496,5956882432,114688
10,1791567981383,2499,2499,1254,1309,1263,1289,1258,1252,2500,2500,2500,2499,2499,2500,1254,1251,5,5,5,0,0,100,0,5,0,0,5,0,0,0,0,0,254583.86407470703,69258.6494140625,0,404327403520,8589930496,5956882432,114688
10,1791567981393,2499,2499,1254,1309,1263,1289,1258,1252,2500,2500,2500,2499,2499,2500,1254,1251,5,5,5,0,0,100,0,5,0,0,5,0,0,0,0,0,254584.0186767578,69258.97106933594,0,404327403520,8589930496,5965307904,114688
10,1791567981403,2499,2499,1254,1309,1263,1289,1258,1252,2500,2500,2500,2499,2499,2500,1254,1251,5,5,5,0,0,100,0,5,0,0,5,0,0,0,0,0,254584.1752319336,69259.29412841797,0,404327403520,8589930496,5965307904,114688
10,1791567981413,2499,2499,1254,1309,1263,1289,1258,1252,2500,2500,2500,2499,2499,2500,1254,1251,5,5,5,0,0,100,0,5,0,0,5,0,0,0,0,0,254584.32849121094,69259.62005615234,0,404327403520,8589930496,5965307904,114688
9,1791567981423,2499,2499,1254,1309,1263,1289,1258,1252,2500,2500,2500,2499,2499,2500,1254,1251,5,5,5,0,0,100,0,5,0,0,5,0,0,0,0,0,254584.48468017578,69259.9437866211,0,404327403520,8589930496,5965307904,114688
10,1791567981433,2499,2499,1254,1309,1263,1289,1258,1252,2500,2500,2500,2499,2499,2500,1254,1251,5,5,5,0,0,100,0,5,0,0,5,0,0,0,0,0,254584.63647460938,69260.26977539063,0,404327403520,8589930496,5965307904,114688
10,1791567981443,2499,2499,1254,1309,1263,1289,1258,1252,2500,2500,2500,2499,2499,2500,1254,1251,5,5,5,0,0,100,0,5,0,0,5,0,0,0,0,0,254584.78826904297,69260.59838867188,0,404327403520,8589930496,5973733376,114688
10,1791567981453,2499,2499,1254,1309,1263,1289,1258,1252,2500,2500,2500,2499,2499,2500,1254,1251,5,5,5,0,0,100,0,5,0,0,5,0,0,0,0,0,254584.9467163086,69260.92108154297,0,404327403520,8589930496,5973733376,114688
9,1791567981463,2499,2499,1254,1309,1263,1289,1258,1252,2500,2500,2500,2499,2499,2500,1254,1251,5,5,5,0,0,100,0,5,0,0,5,0,0,0,0,0,254585.0985107422,69261.24780273438,0,404327403520,8589930496,5973733376,114688
10,1791567981473,2499,2499,1254,1309,1263,1289,1258,1252,2500,2500,2500,2499,2499,2500,1254,1251,5,5,5,0,0,100,0,5,0,0,5,0,0,0,0,0,254585.2562866211,69261.57293701172,0,404327403520,8589930496,5973733376,114688
10,1791567981483,2499,2499,1254,1309,1263,1289,1258,1252,2500,2500,2500,2499,2499,2500,1254,1251,5,5,5,0,0,100,0,5,0,0,5,0,0,0,0,0,254585.40954589844,69261.89434814453,0,404327403520,8589930496,5981663232,114688
10,1791567981493,2499,2499,1254,1309,1263,1289,1258,1252,2500,2500,2500,2499,2499,2500,1254,1251,5,5,5,0,0,100,0,5,0,0,5,0,0,0,0,0,254585.5615234375,69262.21575927734,0,404327403520,8589930496,5981663232,114688
10,1791567981503,2499,2499,1254,1309,1263,1289,1258,1252,2500,2500,2500,2499,2499,2500,1254,1251,5,5,5,0,0,100,0,5,0,0,5,0,0,0,0,0,254585.71643066406,69262.53302001953,0,404327403520,8589930496,5981663232,114688
10,1791567981513,2499,2499,1254,1309,1263,1289,1258,1252,2500,2500,2500,2499,2499,2500,1254,1251,0,0,0,0,0,100,0,5,0,0,0,0,0,0,0,0,254585.8901977539,69262.88787841797,0,404327403520,8589930496,5981663232,114688
10,1791567981523,2499,2499,1254,1309,1263,1289,1258,1252,2500,2500,2500,2499,2499,2500,1254,1251,0,0,0,0,0,100,0,5,0,0,0,0,0,0,0,0,254586.0389404297,69263.17834472656,0,404327403520,8589930496,5981663232,114688
10,1791567981533,2499,2499,1254,1309,1263,1289,1258,1252,2500,2500,2500,2499,2499,2500,1254,1251,0,0,0,0,0,100,0,5,0,0,0,0,0,0,0,0,254586.20959472656,69263.53192138672,0,404327403520,8589930496,5990088704,114688
10,1791567981544,2499,2499,1254,1309,1263,1289,1258,1252,2500,2500,2500,2499,2499,2500,1254,1251,0,0,0,0,0,100,0,5,0,0,0,0,0,0,0,0,254586.36260986328,69263.85443115234,0,404327403520,8589930496,5990088704,114688
10,1791567981554,2499,2499,1254,1309,1263,1289,1258,1252,2500,2500,2500,2499,2499,2500,1254,1251,0,0,0,0,0,100,0,5,0,0,0,0,0,0,0,0,254586.5189819336,69264.17712402344,0,404327403520,8589930496,5990088704,114688
10,1791567981564,2499,2499,1254,1309,1263,1289,1258,1252,2500,2500,2500,2499,2499,2500,1254,1251,0,0,0,0,0,100,0,5,0,0,0,0,0,0,0,0,254586.6732788086,69264.50134277344,0,404327403520,8589930496,5990088704,114688
10,1791567981574,2499,2499,1254,1309,1263,1289,1258,1252,2500,2500,2500,2499,2499,2500,1254,1251,0,0,0,0,0,100,0,5,0,0,0,0,0,0,0,0,254586.8309326172,69264.8197631836,0,404327403520,8589930496,5998514176,114688
10,1791567981584,2499,2499,1254,1309,1263,1289,1258,1252,2500,2500,2500,2499,2499,2500,1254,1251,0,0,0,0,0,100,0,5,0,0,0,0,0,0,0,0,254586.98693847656,69265.13995361328,0,404327403520,8589930496,5998514176,114688
10,1791567981594,2499,2499,1254,1309,1263,1289,1258,1252,2500,2500,2500,2499,2499,2500,1254,1251,0,0,0,0,0,100,0,5,0,0,0,0,0,0,0,0,254587.13647460938,69265.46459960938,0,404327403520,8589930496,5998514176,114688
10,1791567981604,2499,2499,1254,1309,1263,1289,1258,1252,2500,2500,2500,2499,2499,2500,1254,1251,0,0,0,0,0,100,0,5,0,0,0,0,0,0,0,0,254587.29083251953,69265.78631591797,0,404327403520,8589930496,5998514176,114688
9,1791567981614,2499,2499,1254,1309,1263,1289,1258,1252,2500,2500,2500,2499,2499,2500,1254,1251,0,0,0,0,0,100,0,5,0,0,0,0,0,0,0,0,254587.44342041016,69266.11297607422,0,404327403520,8589930496,5998514176,114688
10,1791567981624,2499,2499,1254,1309,1263,1289,1258,1252,2500,2500,2500,2499,2499,2500,1254,1251,0,0,0,0,0,100,0,5,0,0,0,0,0,0,0,0,254587.59594726563,69266.43322753906,0,404327403520,8589930496,6006444032,114688
9,1791567981634,2499,2499,1254,1309,1263,1289,1258,1252,2500,2500,2500,2499,2499,2500,1254,1251,0,0,0,0,0,100,0,5,0,0,0,0,0,0,0,0,254587.75122070313,69266.75030517578,0,404327403520,8589930496,6006444032,114688
10,1791567981644,2499,2499,1254,1309,1263,1289,1258,1252,2500,2500,2500,2499,2499,2500,1254,1251,0,0,0,0,0,100,0,5,0,0,0,0,0,0,0,0,254587.90478515625,69267.08575439453,0,404327403520,8589930496,6006444032,114688
10,1791567981654,2499,2499,1254,1309,1263,1289,1258,1252,2500,2500,2500,2499,2499,2500,1254,1251,0,0,0,0,0,100,0,5,0,0,0,0,0,0,0,0,254588.06005859375,69267.40716552734,0,404327403520,8589930496,6006444032,114688
10,1791567981664,2499,2499,1254,1309,1263,1289,1258,1252,2500,2500,2500,2499,2499,2500,1254,1251,0,0,0,0,0,100,0,5,0,0,0,0,0,0,0,0,254588.21166992188,69267.734375,0,404327403520,8589930496,6014869504,114688
10,1791567981674,2499,2499,1254,1309,1263,1289,1258,1252,2500,2500,2500,2499,2499,2500,1254,1251,0,0,0,0,0,100,0,5,0,0,0,0,0,0,0,0,254588.36639404297,69268.05700683594,0,404327403520,8589930496,6014869504,114688
10,1791567981684,2499,2499,1254,1309,1263,1289,1258,1252,2500,2500,2500,2499,2499,2500,1254,1251,0,0,0,0,0,100,0,5,0,0,0,0,0,0,0,0,254588.52056884766,69268.37573242188,0,404327403520,8589930496,6014869504,114688
10,1791567981694,2499,2499,1254,1309,1263,1289,1258,1252,2500,2500,2500,2499,2499,2500,1254,1251,0,0,0,0,0,100,0,5,0,0,0,0,0,0,0,0,254588.6743774414,69268.69946289063,0,404327403520,8589930496,6014869504,114688
10,1791567981704,2499,2499,1254,1309,1263,1289,1258,1252,2500,2500,2500,2499,2499,2500,1254,1251,0,0,0,0,0,100,0,5,0,0,0,0,0,0,0,0,254588.8309326172,69269.01934814453,0,404327403520,8589930496,6023294976,114688
10,1791567981715,2499,2499,1254,1309,1263,1289,1258,1252,2500,2500,2500,2499,2499,2500,1254,1251,0,0,0,0,5,100,0,5.263157844543457,5,0,0,0,0,0,0,0,254589.00421142578,69269.375,0,404327403520,8589930496,6023294976,114688
10,1791567981725,2499,2499,1254,1309,1263,1289,1258,1252,2500,2500,2500,2499,2499,2500,1254,1251,0,0,0,0,5,100,0,5.263157844543457,5,0,0,0,0,0,0,0,254589.16021728516,69269.70123291016,0,404327403520,8589930496,6023294976,114688
10,1791567981735,2499,2499,1254,1309,1263,1289,1258,1252,2500,2500,2500,2499,2499,2500,1254,1251,0,0,0,0,5,100,0,5.263157844543457,5,0,0,0,0,0,0,0,254589.31420898438,69270.03057861328,0,404327403520,8589930496,6023294976,114688
10,1791567981745,2499,2499,1254,1309,1263,1289,1258,1252,2500,2500,2500,2499,2499,2500,1254,1251,0,0,0,0,5,100,0,5.263157844543457,5,0,0,0,0,0,0,0,254589.46807861328,69270.34979248047,0,404327403520,8589930496,6023294976,114688
10,1791567981755,2499,2499,1254,1309,1263,1289,1258,1252,2500,2500,2500,2499,2499,2500,1254,1251,0,0,0,0,5,100,0,5.263157844543457,5,0,0,0,0,0,0,0,254589.62298583984,69270.67492675781,0,404327403520,8589930496,6031224832,114688
10,1791567981765,2499,2499,1254,1309,1263,1289,1258,1252,2500,2500,2500,2499,2499,2500,1254,1251,0,0,0,0,5,100,0,5.263157844543457,5,0,0,0,0,0,0,0,254589.77502441406,69270.99609375,0,404327403520,8589930496,6031224832,114688
10,1791567981775,2499,2499,1254,1309,1263,1289,1258,1252,2500,2500,2500,2499,2499,2500,1254,1251,0,0,0,0,5,100,0,5.263157844543457,5,0,0,0,0,0,0,0,254589.92810058594,69271.31549072266,0,404327403520,8589930496,6031224832,114688
10,1791567981785,2499,2499,1254,1309,1263,1289,1258,1252,2500,2500,2500,2499,2499,2500,1254,1251,0,0,0,0,5,100,0,5.263157844543457,5,0,0,0,0,0,0,0,254590.0819091797,69271.60632324219,0,404327403520,8589930496,6031224832,114688
10,1791567981795,2499,2499,1254,1309,1263,1289,1258,1252,2500,2500,2500,2499,2499,2500,1254,1251,0,0,0,0,5,100,0,5.263157844543457,5,0,0,0,0,0,0,0,254590.23919677734,69271.95880126953,0,404327403520,8589930496,6039650304,114688
9,1791567981805,2499,2499,1254,1309,1263,1289,1258,1252,2500,2500,2500,2499,2499,2500,1254,1251,0,0,0,0,5,100,0,5.263157844543457,5,0,0,0,0,0,0,0,254590.39501953125,69272.27783203125,0,404327403520,8589930496,6039650304,114688
9,1791567981815,2499,2499,1254,1309,1263,1289,1258,1252,2500,2500,2500,2499,2499,2500,1254,1251,0,0,0,0,5,100,0,5.263157844543457,5,0,0,0,0,0,0,0,254590.5512084961,69272.5991821289,0,404327403520,8589930496,6039650304,114688
9,1791567981825,2499,2499,1254,1309,1263,1289,1258,1252,2500,2500,2500,2499,2499,2500,1254,1251,0,0,0,0,5,100,0,5.263157844543457,5,0,0,0,0,0,0,0,254590.7059326172,69272.91387939453,0,404327403520,8589930496,6039650304,114688
10,1791567981835,2499,2499,1254,1309,1263,1289,1258,1252,2500,2500,2500,2499,2499,2500,1254,1251,0,0,0,0,5,100,0,5.263157844543457,5,0,0,0,0,0,0,0,254590.85845947266,69273.22772216797,0,404327403520,8589930496,6039650304,114688
10,1791567981845,2499,2499,1254,1309,1263,1289,1258,1252,2500,2500,2500,2499,2499,2500,1254,1251,0,0,0,0,5,100,0,5.263157844543457,5,0,0,0,0,0,0,0,254591.01007080078,69273.54931640625,0,404327403520,8589930496,6048075776,114688
10,1791567981855,2499,2499,1254,1309,1263,1289,1258,1252,2500,2500,2500,2499,2499,2500,1254,1251,0,0,0,0,5,100,0,5.263157844543457,5,0,0,0,0,0,0,0,254591.1710205078,69273.8716430664,0,404327403520,8589930496,6048075776,114688
10,1791567981865,2499,2499,1254,1309,1263,1289,1258,1252,2500,2500,2500,2499,2499,2500,1254,1251,0,0,0,0,5,100,0,5.263157844543457,5,0,0,0,0,0,0,0,254591.32934570313,69274.18817138672,0,404327403520,8589930496,6048075776,114688
10,1791567981875,2499,2499,1254,1309,1263,1289,1258,1252,2500,2500,2500,2499,2499,2500,1254,1251,0,0,0,0,5,100,0,5.263157844543457,5,0,0,0,0,0,0,0,254591.48278808594,69274.51000976563,0,404327403520,8589930496,6048075776,114688
10,1791567981885,2499,2499,1254,1309,1263,1289,1258,1252,2500,2500,2500,2499,2499,2500,1254,1251,0,0,0,0,5,100,0,5.263157844543457,5,0,0,0,0,0,0,0,254591.6376953125,69274.83349609375,0,404327403520,8589930496,6056005632,114688
10,1791567981896,2499,2499,1254,1309,1263,1289,1258,1252,2500,2500,2500,2499,2499,2500,1254,1251,0,0,0,0,5,100,0,5.263157844543457,5,0,0,0,0,0,0,0,254591.79150390625,69275.15325927734,0,404327403520,8589930496,6056005632,114688
10,1791567981906,2499,2499,1254,1309,1263,1289,1258,1252,2500,2500,2500,2499,2499,2500,1254,1251,0,0,0,0,5,100,0,5.263157844543457,5,0,0,0,0,0,0,0,254591.94567871094,69275.47241210938,0,404327403520,8589930496,6056005632,114688
10,1791567981916,2499,2499,1254,1309,1263,1289,1258,1252,2500,2500,2500,2499,2499,2500,1254,1251,5.263157844543457,0,5,0,0,100,0,5,0,0,0,0,0,5,0,0,254592.10626220703,69275.79455566406,0,404327403520,8589930496,6056005632,114688
10,1791567981926,2499,2499,1254,1309,1263,1289,1258,1252,2500,2500,2500,2499,2499,2500,1254,1251,5.263157844543457,0,5,0,0,100,0,5,0,0,0,0,0,5,0,0,254592.26373291016,69276.11486816406,0,404327403520,8589930496,6056005632,114688
10,1791567981936,2499,2499,1254,1309,1263,1289,1258,1252,2500,2500,2500,2499,2499,2500,1254,1251,5.263157844543457,0,5,0,0,100,0,5,0,0,0,0,0,5,0,0,254592.41955566406,69276.43450927734,0,404327403520,8589930496,6064431104,114688
10,1791567981946,2499,2499,1254,1309,1263,1289,1258,1252,2500,2500,2500,2499,2499,2500,1254,1251,5.263157844543457,0,5,0,0,100,0,5,0,0,0,0,0,5,0,0,254592.5880126953,69276.7880859375,0,404327403520,8589930496,6064431104,114688
10,1791567981956,2499,2499,1254,1309,1263,1289,1258,1252,2500,2500,2500,2499,2499,2500,1254,1251,5.263157844543457,0,5,0,0,100,0,5,0,0,0,0,0,5,0,0,254592.74822998047,69277.11004638672,0,404327403520,8589930496,6064431104,114688
10,1791567981966,2499,2499,1254,1309,1263,1289,1258,1252,2500,2500,2500,2499,2499,2500,1254,1251,5.263157844543457,0,5,0,0,100,0,5,0,0,0,0,0,5,0,0,254592.90203857422,69277.43743896484,0,404327403520,8589930496,6064431104,114688
10,1791567981976,2499,2499,1254,1309,1263,1289,1258,1252,2500,2500,2500,2499,2499,2500,1254,1251,5.263157844543457,0,5,0,0,100,0,5,0,0,0,0,0,5,0,0,254593.06213378906,69277.7534790039,0,404327403520,8589930496,6072856576,114688
9,1791567981986,2499,2499,1254,1309,1263,1289,1258,1252,2500,2500,2500,2499,2499,2500,1254,1251,5.263157844543457,0,5,0,0,100,0,5,0,0,0,0,0,5,0,0,254593.21795654297,69278.08154296875,0,404327403520,8589930496,6072856576,114688
10,1791567981996,2499,2499,1254,1309,1263,1289,1258,1252,2500,2500,2500,2499,2499,2500,1254,1251,5.263157844543457,0,5,0,0,100,0,5,0,0,0,0,0,5,0,0,254593.3699951172,69278.40734863281,0,404327403520,8589930496,6072856576,114688
10,1791567982006,2499,2499,1254,1309,1263,1289,1258,1252,2500,2500,2500,2499,2499,2500,1254,1251,5.263157844543457,0,5,0,0,100,0,5,0,0,0,0,0,5,0,0,254593.51885986328,69278.73162841797,0,404327403520,8589930496,6072856576,114688
10,1791567982016,2499,2499,1254,1309,1263,1289,1258,1252,2500,2500,2500,2499,2499,2500,1254,1251,5.263157844543457,0,5,0,0,100,0,5,0,0,0,0,0,5,0,0,254593.67254638672,69279.05352783203,0,404327403520,8589930496,6072856576,114688
10,1791567982026,2499,2499,1254,1309,1263,1289,1258,1252,2500,2500,2500,2499,2499,2500,1254,1251,5.263157844543457,0,5,0,0,100,0,5,0,0,0,0,0,5,0,0,254593.82342529297,69279.37341308594,0,404327403520,8589930496,6080786432,114688
10,1791567982036,2499,2499,1254,1309,1263,1289,1258,1252,2500,2500,2500,2499,2499,2500,1254,1251,5.263157844543457,0,5,0,0,100,0,5,0,0,0,0,0,5,0,0,254593.9702758789,69279.69274902344,0,404327403520,8589930496,6080786432,114688
10,1791567982046,2499,2499,1254,1309,1263,1289,1258,1252,2500,2500,2500,2499,2499,2500,1254,1251,5.263157844543457,0,5,0,0,100,0,5,0,0,0,0,0,5,0,0,254594.12628173828,69280.01818847656,0,404327403520,8589930496,6080786432,114688
10,1791567982056,2499,2499,1254,1309,1263,1289,1258,1252,2500,2500,2500,2499,2499,2500,1254,1251,5.263157844543457,0,5,0,0,100,0,5,0,0,0,0,0,5,0,0,254594.28173828125,69280.33715820313,0,404327403520,8589930496,6080786432,114688
10,1791567982067,2499,2499,1254,1309,1263,1289,1258,1252,2500,2500,2500,2499,2499,2500,1254,1251,5.263157844543457,0,5,0,0,100,0,5,0,0,0,0,0,5,0,0,254594.44018554688,69280.65789794922,0,404327403520,8589930496,6089211904,114688
10,1791567982077,2499,2499,1254,1309,1263,1289,1258,1252,2500,2500,2500,2499,2499,2500,1254,1251,5.263157844543457,0,5,0,0,100,0,5,0,0,0,0,0,5,0,0,254594.58911132813,69280.97937011719,0,404327403520,8589930496,6089211904,114688
10,1791567982087,2499,2499,1254,1309,1263,1289,1258,1252,2500,2500,2500,2499,2499,2500,1254,1251,5.263157844543457,0,5,0,0,100,0,5,0,0,0,0,0,5,0,0,254594.73944091797,69281.30267333984,0,404327403520,8589930496,6089211904,114688
10,1791567982097,2499,2499,1254,1309,1263,1289,1258,1252,2500,2500,2500,2499,2499,2500,1254,1251,5.263157844543457,0,5,0,0,100,0,5,0,0,0,0,0,5,0,0,254594.89672851563,69281.62121582031,0,404327403520,8589930496,6089211904,114688
10,1791567982107,2499,2499,1254,1309,1263,1289,1258,1252,2500,2500,2500,2499,2499,2500,1254,1251,5.263157844543457,0,5,0,0,100,0,5,0,0,0,0,0,5,0,0,254595.0581665039,69281.94610595703,0,404327403520,8589930496,6089211904,114688
10,1791567982117,2499,2499,1254,1309,1263,1289,1258,1252,2500,2500,2500,2499,2499,2500,1254,1251,0,5,0,5,0,100,4.761904716491699,5.263157844543457,0,0,0,0,0,0,0,0,254595.2123413086,69282.26458740234,0,404327403520,8589930496,6097637376,114688
10,1791567982127,2499,2499,1254,1309,1263,1289,1258,1252,2500,2500,2500,2499,2499,2500,1254,1251,0,5,0,5,0,100,4.761904716491699,5.263157844543457,0,0,0,0,0,0,0,0,254595.37103271484,69282.5849609375,0,404327403520,8589930496,6071676928,114688
10,1791567982137,2499,2499,1254,1309,1263,1289,1258,1252,2500,2500,2500,2499,2499,2500,1254,1251,0,5,0,5,0,100,4.761904716491699,5.263157844543457,0,0,0,0,0,0,0,0,254595.52612304688,69282.9057006836,0,404327403520,8589930496,6071676928,114688
10,1791567982147,2499,2499,1254,1309,1263,1289,1258,1252,2500,2500,2500,2499,2499,2500,1254,1251,0,5,0,5,0,100,4.761904716491699,5.263157844543457,0,0,0,0,0,0,0,0,254595.69366455078,69283.25958251953,0,404327403520,8589930496,6071676928,114688
10,1791567982157,2499,2499,1254,1309,1263,1289,1258,1252,2500,2500,2500,2499,2499,2500,1254,1251,0,5,0,5,0,100,4.761904716491699,5.263157844543457,0,0,0,0,0,0,0,0,254595.85021972656,69283.58117675781,0,404327403520,8589930496,6079606784,114688
9,1791567982167,2499,2499,1254,1309,1263,1289,1258,1252,2500,2500,2500,2499,2499,2500,1254,1251,0,5,0,5,0,100,4.761904716491699,5.263157844543457,0,0,0,0,0,0,0,0,254596.0047607422,69283.90612792969,0,404327403520,8589930496,6079606784,114688
10,1791567982177,2499,2499,1254,1309,1263,1289,1258,1252,2500,2500,2500,2499,2499,2500,1254,1251,0,5,0,5,0,100,4.761904716491699,5.263157844543457,0,0,0,0,0,0,0,0,254596.158203125,69284.23126220703,0,404327403520,8589930496,6079606784,114688
10,1791567982187,2499,2499,1254,1309,1263,1289,1258,1252,2500,2500,2500,2499,2499,2500,1254,1251,0,5,0,5,0,100,4.761904716491699,5.263157844543457,0,0,0,0,0,0,0,0,254596.30743408203,69284.5532836914,0,404327403520,8589930496,6079606784,114688
10,1791567982197,2499,2499,1254,1309,1263,1289,1258,1252,2500,2500,2500,2499,2499,2500,1254,1251,0,5,0,5,0,100,4.761904716491699,5.263157844543457,0,0,0,0,0,0,0,0,254596.4609375,69284.88055419922,0,404327403520,8589930496,6079606784,114688
10,1791567982207,2499,2499,1254,1309,1263,1289,1258,1252,2500,2500,2500,2499,2499,2500,1254,1251,0,5,0,5,0,100,4.761904716491699,5.263157844543457,0,0,0,0,0,0,0,0,254596.61297607422,69285.20068359375,0,404327403520,8589930496,6088032256,114688
10,1791567982217,2499,2499,1254,1309,1263,1289,1258,1252,2500,2500,2500,2499,2499,2500,1254,1251,0,5,0,5,0,100,4.761904716491699,5.263157844543457,0,0,0,0,0,0,0,0,254596.75927734375,69285.52227783203,0,404327403520,8589930496,6088032256,114688
10,1791567982227,2499,2499,1254,1309,1263,1289,1258,1252,2500,2500,2500,2499,2499,2500,1254,1251,0,5,0,5,0,100,4.761904716491699,5.263157844543457,0,0,0,0,0,0,0,0,254596.90997314453,69285.8462524414,0,404327403520,8589930496,6088032256,114688
10,1791567982238,2499,2499,1254,1309,1263,1289,1258,1252,2500,2500,2500,2499,2499,2500,1254,1251,0,5,0,5,0,100,4.761904716491699,5.263157844543457,0,0,0,0,0,0,0,0,254597.0606689453,69286.16174316406,0,404327403520,8589930496,6088032256,114688
10,1791567982248,2499,2499,1254,1309,1263,1289,1258,1252,2500,2500,2500,2499,2499,2500,1254,1251,0,5,0,5,0,100,4.761904716491699,5.263157844543457,0,0,0,0,0,0,0,0,254597.21618652344,69286.48724365234,0,404327403520,8589930496,6095962112,114688
10,1791567982258,2499,2499,1254,1309,1263,1289,1258,1252,2500,2500,2500,2499,2499,2500,1254,1251,0,5,0,5,0,100,4.761904716491699,5.263157844543457,0,0,0,0,0,0,0,0,254597.3634033203,69286.81231689453,0,404327403520,8589930496,6095962112,114688
10,1791567982268,2499,2499,1254,1309,1263,1289,1258,1252,2500,2500,2500,2499,2499,2500,1254,1251,0,5,0,5,0,100,4.761904716491699,5.263157844543457,0,0,0,0,0,0,0,0,254597.5199584961,69287.13525390625,0,404327403520,8589930496,6095962112,114688
10,1791567982278,2499,2499,1254,1309,1263,1289,1258,1252,2500,2500,2500,2499,2499,2500,1254,1251,0,5,0,5,0,100,4.761904716491699,5.263157844543457,0,0,0,0,0,0,0,0,254597.67193603516,69287.45349121094,0,404327403520,8589930496,6095962112,114688
10,1791567982288,2499,2499,1254,1309,1263,1289,1258,1252,2500,2500,2500,2499,2499,2500,1254,1251,0,5,0,5,0,100,4.761904716491699,5.263157844543457,0,0,0,0,0,0,0,0,254597.82940673828,69287.77545166016,0,404327403520,8589930496,6095962112,114688
10,1791567982298,2499,2499,1254,1309,1263,1289,1258,1252,2500,2500,2500,2499,2499,2500,1254,1251,0,5,0,5,0,100,4.761904716491699,5.263157844543457,0,0,0,0,0,0,0,0,254597.9839477539,69288.09704589844,0,404327403520,8589930496,6104387584,114688
10,1791567982308,2499,2499,1254,1309,1263,1289,1258,1252,2500,2500,2500,2499,2499,2500,1254,1251,0,5,0,5,0,100,4.761904716491699,5.263157844543457,0,0,0,0,0,0,0,0,254598.13354492188,69288.4185180664,0,404327403520,8589930496,6104387584,114688
10,1791567982318,2499,2499,1254,1309,1263,1289,1258,1252,2500,2500,2500,2499,2499,2500,1254,1251,0,0,0,0,0,100,0,5,0,0,0,0,0,0,0,0,254598.2886352539,69288.7333984375,0,404327403520,8589930496,6104387584,114688
10,1791567982328,2499,2499,1254,1309,1263,1289,1258,1252,2500,2500,2500,2499,2499,2500,1254,1251,0,0,0,0,0,100,0,5,0,0,0,0,0,0,0,0,254598.44061279297,69289.05548095703,0,404327403520,8589930496,6104387584,114688
9,1791567982338,2499,2499,1254,1309,1263,1289,1258,1252,2500,2500,2500,2499,2499,2500,1254,1251,0,0,0,0,0,100,0,5,0,0,0,0,0,0,0,0,254598.59759521484,69289.3765258789,0,404327403520,8589930496,6112813056,114688
10,1791567982348,2499,2499,1254,1309,1263,1289,1258,1252,2500,2500,2500,2499,2499,2500,1254,1251,0,0,0,0,0,100,0,5,0,0,0,0,0,0,0,0,254598.74658203125,69289.69958496094,0,404327403520,8589930496,6112813056,114688
10,1791567982358,2499,2499,1254,1309,1263,1289,1258,1252,2500,2500,2500,2499,2499,2500,1254,1251,0,0,0,0,0,100,0,5,0,0,0,0,0,0,0,0,254598.90075683594,69290.01544189453,0,404327403520,8589930496,6112813056,114688
10,1791567982368,2499,2499,1254,1309,1263,1289,1258,1252,2500,2500,2500,2499,2499,2500,1254,1251,0,0,0,0,0,100,0,5,0,0,0,0,0,0,0,0,254599.05950927734,69290.337890625,0,404327403520,8589930496,6112813056,114688
10,1791567982378,2499,2499,1254,1309,1263,1289,1258,1252,2500,2500,2500,2499,2499,2500,1254,1251,0,0,0,0,0,100,0,5,0,0,0,0,0,0,0,0,254599.2286376953,69290.69134521484,0,404327403520,8589930496,6112813056,114688
10,1791567982388,2499,2499,1254,1309,1263,1289,1258,1252,2500,2500,2500,2499,2499,2500,1254,1251,0,0,0,0,0,100,0,5,0,0,0,0,0,0,0,0,254599.3657836914,69290.97888183594,0,404327403520,8589930496,6120742912,114688
10,1791567982398,2499,2499,1254,1309,1263,1289,1258,1252,2500,2500,2500,2499,2499,2500,1254,1251,0,0,0,0,0,100,0,5,0,0,0,0,0,0,0,0,254599.53631591797,69291.33184814453,0,404327403520,8589930496,6120742912,114688
10,1791567982408,2499,2499,1254,1309,1263,1289,1258,1252,2500,2500,2500,2499,2499,2500,1254,1251,0,0,0,0,0,100,0,5,0,0,0,0,0,0,0,0,254599.69396972656,69291.65222167969,0,404327403520,8589930496,6120742912,114688
10,1791567982419,2499,2499,1254,1309,1263,1289,1258,1252,2500,2500,2500,2499,2499,2500,1254,1251,0,0,0,0,0,100,0,5,0,0,0,0,0,0,0,0,254599.84521484375,69291.97216796875,0,404327403520,8589930496,6120742912,114688
10,1791567982429,2499,2499,1254,1309,1263,1289,1258,1252,2500,2500,2500,2499,2499,2500,1254,1251,0,0,0,0,0,100,0,5,0,0,0,0,0,0,0,0,254599.99938964844,69292.29034423828,0,404327403520,8589930496,6129168384,114688
10,1791567982439,2499,2499,1254,1309,1263,1289,1258,1252,2500,2500,2500,2499,2499,2500,1254,1251,0,0,0,0,0,100,0,5,0,0,0,0,0,0,0,0,254600.1548461914,69292.61163330078,0,404327403520,8589930496,6129168384,114688
10,1791567982449,2499,2499,1254,1309,1263,1289,1258,1252,2500,2500,2500,2499,2499,2500,1254,1251,0,0,0,0,0,100,0,5,0,0,0,0,0,0,0,0,254600.31121826172,69292.92852783203,0,404327403520,8589930496,6129168384,114688
10,1791567982459,2499,2499,1254,1309,1263,1289,1258,1252,2500,2500,2500,2499,2499,2500,1254,1251,0,0,0,0,0,100,0,5,0,0,0,0,0,0,0,0,254600.46630859375,69293.25537109375,0,404327403520,8589930496,6129168384,114688
10,1791567982469,2499,2499,1254,1309,1263,1289,1258,1252,2500,2500,2500,2499,2499,2500,1254,1251,0,0,0,0,0,100,0,5,0,0,0,0,0,0,0,0,254600.6219482422,69293.57904052734,0,404327403520,8589930496,6129168384,114688
10,1791567982479,2499,2499,1254,1309,1263,1289,1258,1252,2500,2500,2500,2499,2499,2500,1254,1251,0,0,0,0,0,100,0,5,0,0,0,0,0,0,0,0,254600.7787475586,69293.89892578125,0,404327403520,8589930496,6137593856,114688
10,1791567982489,2499,2499,1254,1309,1263,1289,1258,1252,2500,2500,2500,2499,2499,2500,1254,1251,0,0,0,0,0,100,0,5,0,0,0,0,0,0,0,0,254600.935546875,69294.21600341797,0,404327403520,8589930496,6137593856,114688
10,1791567982499,2499,2499,1254,1309,1263,1289,1258,1252,2500,2500,2500,2499,2499,2500,1254,1251,0,0,0,0,0,100,0,5,0,0,0,0,0,0,0,0,254601.09448242188,69294.5316772461,0,404327403520,8589930496,6137593856,114688
9,1791567982509,2499,2499,1254,1309,1263,1289,1258,1252,2500,2500,2500,2499,2499,2500,1254,1251,0,0,0,0,0,100,0,5,0,0,0,0,0,0,0,0,254601.24865722656,69294.8482055664,0,404327403520,8589930496,6137593856,114688
10,1791567982519,2499,2499,1254,1309,1263,1289,1258,1252,2500,2500,2500,2499,2499,2500,1254,1251,5.263157844543457,0,0,0,0,100,0,5.263157844543457,0,5,0,0,0,0,0,0,254601.40795898438,69295.16662597656,0,404327403520,8589930496,6145523712,114688
9,1791567982529,2499,2499,1254,1309,1263,1289,1258,1252,2500,2500,2500,2499,2499,2500,1254,1251,5.263157844543457,0,0,0,0,100,0,5.263157844543457,0,5,0,0,0,0,0,0,254601.5640258789,69295.48443603516,0,404327403520,8589930496,6145523712,114688
10,1791567982539,2499,2499,1254,1309,1263,1289,1258,1252,2500,2500,2500,2499,2499,2500,1254,1251,5.263157844543457,0,0,0,0,100,0,5.263157844543457,0,5,0,0,0,0,0,0,254601.72131347656,69295.80169677734,0,404327403520,8589930496,6145523712,114688
10,1791567982549,2499,2499,1254,1309,1263,1289,1258,1252,2500,2500,2500,2499,2499,2500,1254,1251,5.263157844543457,0,0,0,0,100,0,5.263157844543457,0,5,0,0,0,0,0,0,254601.87768554688,69296.11920166016,0,404327403520,8589930496,6145523712,114688
10,1791567982559,2499,2499,1254,1309,1263,1289,1258,1252,2500,2500,2500,2499,2499,2500,1254,1251,5.263157844543457,0,0,0,0,100,0,5.263157844543457,0,5,0,0,0,0,0,0,254602.03076171875,69296.43530273438,0,404327403520,8589930496,6145523712,114688
10,1791567982569,2499,2499,1254,1309,1263,1289,1258,1252,2500,2500,2500,2499,2499,2500,1254,1251,5.263157844543457,0,0,0,0,100,0,5.263157844543457,0,5,0,0,0,0,0,0,254602.18713378906,69296.74841308594,0,404327403520,8589930496,6153949184,114688
10,1791567982579,2499,2499,1254,1309,1263,1289,1258,1252,2500,2500,2500,2499,2499,2500,1254,1251,5.263157844543457,0,0,0,0,100,0,5.263157844543457,0,5,0,0,0,0,0,0,254602.3446044922,69297.06829833984,0,404327403520,8589930496,6153949184,114688
10,1791567982590,2499,2499,1254,1309,1263,1289,1258,1252,2500,2500,2500,2499,2499,2500,1254,1251,5.263157844543457,0,0,0,0,100,0,5.263157844543457,0,5,0,0,0,0,0,0,254602.50610351563,69297.38781738281,0,404327403520,8589930496,6153949184,114688
10,1791567982600,2499,2499,1254,1309,1263,1289,1258,1252,2500,2500,2500,2499,2499,2500,1254,1251,5.263157844543457,0,0,0,0,100,0,5.263157844543457,0,5,0,0,0,0,0,0,254602.6596069336,69297.70727539063,0,404327403520,8589930496,6153949184,114688
10,1791567982610,2499,2499,1254,1309,1263,1289,1258,1252,2500,2500,2500,2499,2499,2500,1254,1251,5.263157844543457,0,0,0,0,100,0,5.263157844543457,0,5,0,0,0,0,0,0,254602.82928466797,69298.05627441406,0,404327403520,8589930496,6162374656,114688
10,1791567982620,2499,2499,1254,1309,1263,1289,1258,1252,2500,2500,2500,2499,2499,2500,1254,1251,5.263157844543457,0,0,0,0,100,0,5.263157844543457,0,5,0,0,0,0,0,0,254602.9819946289,69298.3773803711,0,404327403520,8589930496,6162374656,114688
10,1791567982630,2499,2499,1254,1309,1263,1289,1258,1252,2500,2500,2500,2499,2499,2500,1254,1251,5.263157844543457,0,0,0,0,100,0,5.263157844543457,0,5,0,0,0,0,0,0,254603.13916015625,69298.69525146484,0,404327403520,8589930496,6162374656,114688
10,1791567982640,2499,2499,1254,1309,1263,1289,1258,1252,2500,2500,2500,2499,2499,2500,1254,1251,5.263157844543457,0,0,0,0,100,0,5.263157844543457,0,5,0,0,0,0,0,0,254603.29809570313,69299.00927734375,0,404327403520,8589930496,6162374656,114688
10,1791567982650,2499,2499,1254,1309,1263,1289,1258,1252,2500,2500,2500,2499,2499,2500,1254,1251,5.263157844543457,0,0,0,0,100,0,5.263157844543457,0,5,0,0,0,0,0,0,254603.45239257813,69299.32690429688,0,404327403520,8589930496,6170304512,114688
10,1791567982660,2499,2499,1254,1309,1263,1289,1258,1252,2500,2500,2500,2499,2499,2500,1254,1251,5.263157844543457,0,0,0,0,100,0,5.263157844543457,0,5,0,0,0,0,0,0,254603.60540771484,69299.64129638672,0,404327403520,8589930496,6170304512,114688
10,1791567982670,2499,2499,1254,1309,1263,1289,1258,1252,2500,2500,2500,2499,2499,2500,1254,1251,5.263157844543457,0,0,0,0,100,0,5.263157844543457,0,5,0,0,0,0,0,0,254603.75958251953,69299.95904541016,0,404327403520,8589930496,6170304512,114688
10,1791567982680,2499,2499,1254,1309,1263,1289,1258,1252,2500,2500,2500,2499,2499,2500,1254,1251,5.263157844543457,0,0,0,0,100,0,5.263157844543457,0,5,0,0,0,0,0,0,254603.9141845703,69300.2730102539,0,404327403520,8589930496,6170304512,114688
9,1791567982690,2499,2499,1254,1309,1263,1289,1258,1252,2500,2500,2500,2499,2499,2500,1254,1251,5.263157844543457,0,0,0,0,100,0,5.263157844543457,0,5,0,0,0,0,0,0,254604.0689086914,69300.5971069336,0,404327403520,8589930496,6170304512,114688
9,1791567982700,2499,2499,1254,1309,1263,1289,1258,1252,2500,2500,2500,2499,2499,2500,1254,1251,5.263157844543457,0,0,0,0,100,0,5.263157844543457,0,5,0,0,0,0,0,0,254604.2236328125,69300.91369628906,0,404327403520,8589930496,6178729984,114688
10,1791567982710,2499,2499,1254,1309,1263,1289,1258,1252,2500,2500,2500,2499,2499,2500,1254,1251,5.263157844543457,0,0,0,0,100,0,5.263157844543457,0,5,0,0,0,0,0,0,254604.37451171875,69301.23803710938,0,404327403520,8589930496,6178729984,114688
10,1791567982720,2499,2499,1254,1309,1263,1289,1258,1252,2500,2500,2500,2499,2499,2500,1254,1251,0,0,5,0,0,100,0,9.523809432983398,0,0,0,0,0,0,0,4.761904716491699,254604.5252685547,69301.55981445313,0,404327403520,8589930496,6178729984,114688
10,1791567982730,2499,2499,1254,1309,1263,1289,1258,1252,2500,2500,2500,2499,2499,2500,1254,1251,0,0,5,0,0,100,0,9.523809432983398,0,0,0,0,0,0,0,4.761904716491699,254604.68212890625,69301.87921142578,0,404327403520,8589930496,6178729984,114688
10,1791567982740,2499,2499,1254,1309,1263,1289,1258,1252,2500,2500,2500,2499,2499,2500,1254,1251,0,0,5,0,0,100,0,9.523809432983398,0,0,0,0,0,0,0,4.761904716491699,254604.83154296875,69302.19482421875,0,404327403520,8589930496,6187155456,114688
10,1791567982750,2499,2499,1254,1309,1263,1289,1258,1252,2500,2500,2500,2499,2499,2500,1254,1251,0,0,5,0,0,100,0,9.523809432983398,0,0,0,0,0,0,0,4.761904716491699,254604.9800415039,69302.51721191406,0,404327403520,8589930496,6187155456,114688
10,1791567982760,2499,2499,1254,1309,1263,1289,1258,1252,2500,2500,2500,2499,2499,2500,1254,1251,0,0,5,0,0,100,0,9.523809432983398,0,0,0,0,0,0,0,4.761904716491699,254605.1339111328,69302.83447265625,0,404327403520,8589930496,6187155456,114688
10,1791567982771,2499,2499,1254,1309,1263,1289,1258,1252,2500,2500,2500,2499,2499,2500,1254,1251,0,0,5,0,0,100,0,9.523809432983398,0,0,0,0,0,0,0,4.761904716491699,254605.28497314453,69303.15234375,0,404327403520,8589930496,6187155456,114688
10,1791567982781,2499,2499,1254,1309,1263,1289,1258,1252,2500,2500,2500,2499,2499,2500,1254,1251,0,0,5,0,0,100,0,9.523809432983398,0,0,0,0,0,0,0,4.761904716491699,254605.4379272461,69303.46765136719,0,404327403520,8589930496,6187155456,114688
10,1791567982791,2499,2499,1254,1309,1263,1289,1258,1252,2500,2500,2500,2499,2499,2500,1254,1251,0,0,5,0,0,100,0,9.523809432983398,0,0,0,0,0,0,0,4.761904716491699,254605.59356689453,69303.78680419922,0,404327403520,8589930496,6195085312,114688
10,1791567982801,2499,2499,1254,1309,1263,1289,1258,1252,2500,2500,2500,2499,2499,2500,1254,1251,0,0,5,0,0,100,0,9.523809432983398,0,0,0,0,0,0,0,4.761904716491699,254605.74645996094,69304.10528564453,0,404327403520,8589930496,6195085312,114688
10,1791567982811,2499,2499,1254,1309,1263,1289,1258,1252,2500,2500,2500,2499,2499,2500,1254,1251,0,0,5,0,0,100,0,9.523809432983398,0,0,0,0,0,0,0,4.761904716491699,254605.9165649414,69304.45404052734,0,404327403520,8589930496,6195085312,114688
10,1791567982821,2499,2499,1254,1309,1263,1289,1258,1252,2500,2500,2500,2499,2499,2500,1254,1251,0,0,5,0,0,100,0,9.523809432983398,0,0,0,0,0,0,0,4.761904716491699,254606.0718383789,69304.77349853516,0,404327403520,8589930496,6195085312,114688
10,1791567982831,2499,2499,1254,1309,1263,1289,1258,1252,2500,2500,2500,2499,2499,2500,1254,1251,0,0,5,0,0,100,0,9.523809432983398,0,0,0,0,0,0,0,4.761904716491699,254606.2294921875,69305.09069824219,0,404327403520,8589930496,6203510784,114688
10,1791567982841,2499,2499,1254,1309,1263,1289,1258,1252,2500,2500,2500,2499,2499,2500,1254,1251,0,0,5,0,0,100,0,9.523809432983398,0,0,0,0,0,0,0,4.761904716491699,254606.38110351563,69305.40228271484,0,404327403520,8589930496,6203510784,114688
10,1791567982851,2499,2499,1254,1309,1263,1289,1258,1252,2500,2500,2500,2499,2499,2500,1254,1251,0,0,5,0,0,100,0,9.523809432983398,0,0,0,0,0,0,0,4.761904716491699,254606.54132080078,69305.7182006836,0,404327403520,8589930496,6203510784,114688
10,1791567982861,2499,2499,1254,1309,1263,1289,1258,1252,2500,2500,2500,2499,2499,2500,1254,1251,0,0,5,0,0,100,0,9.523809432983398,0,0,0,0,0,0,0,4.761904716491699,254606.70190429688,69306.04010009766,0,404327403520,8589930496,6203510784,114688
9,1791567982871,2499,2499,1254,1309,1263,1289,1258,1252,2500,2500,2500,2499,2499,2500,1254,1251,0,0,5,0,0,100,0,9.523809432983398,0,0,0,0,0,0,0,4.761904716491699,254606.8553466797,69306.36413574219,0,404327403520,8589930496,6203510784,114688
10,1791567982881,2499,2499,1254,1309,1263,1289,1258,1252,2500,2500,2500,2499,2499,2500,1254,1251,0,0,5,0,0,100,0,9.523809432983398,0,0,0,0,0,0,0,4.761904716491699,254607.0005493164,69306.68139648438,0,404327403520,8589930496,6211936256,114688
10,1791567982891,2499,2499,1254,1309,1263,1289,1258,1252,2500,2500,2500,2499,2499,2500,1254,1251,0,0,5,0,0,100,0,9.523809432983398,0,0,0,0,0,0,0,4.761904716491699,254607.1512451172,69307.00415039063,0,404327403520,8589930496,6211936256,114688
10,1791567982901,2499,2499,1254,1309,1263,1289,1258,1252,2500,2500,2500,2499,2499,2500,1254,1251,0,0,5,0,0,100,0,9.523809432983398,0,0,0,0,0,0,0,4.761904716491699,254607.30450439453,69307.3189086914,0,404327403520,8589930496,6211936256,114688
10,1791567982911,2499,2499,1254,1309,1263,1289,1258,1252,2500,2500,2500,2499,2499,2500,1254,1251,0,0,5,0,0,100,0,9.523809432983398,0,0,0,0,0,0,0,4.761904716491699,254607.45581054688,69307.63781738281,0,404327403520,8589930496,6211936256,114688
10,1791567982921,2499,2499,1254,1309,1263,1289,1258,1252,2500,2500,2500,2499,2499,2500,1254,1251,0,0,0,0,0,100,0,0,0,0,0,0,0,0,0,0,254607.60668945313,69307.95837402344,0,404327403520,8589930496,6219866112,114688
10,1791567982931,2499,2499,1254,1309,1263,1289,1258,1252,2500,2500,2500,2499,2499,2500,1254,1251,0,0,0,0,0,100,0,0,0,0,0,0,0,0,0,0,254607.7611694336,69308.27728271484,0,404327403520,8589930496,6219866112,114688
10,1791567982942,2499,2499,1254,1309,1263,1289,1258,1252,2500,2500,2500,2499,2499,2500,1254,1251,0,0,0,0,0,100,0,0,0,0,0,0,0,0,0,0,254607.9149169922,69308.59521484375,0,404327403520,8589930496,6219866112,114688
10,1791567982952,2499,2499,1254,1309,1263,1289,1258,1252,2500,2500,2500,2499,2499,2500,1254,1251,0,0,0,0,0,100,0,0,0,0,0,0,0,0,0,0,254608.06561279297,69308.91412353516,0,404327403520,8589930496,6219866112,114688
10,1791567982962,2499,2499,1254,1309,1263,1289,1258,1252,2500,2500,2500,2499,2499,2500,1254,1251,0,0,0,0,0,100,0,0,0,0,0,0,0,0,0,0,254608.21685791016,69309.23059082031,0,404327403520,8589930496,6219866112,114688
10,1791567982972,2499,2499,1254,1309,1263,1289,1258,1252,2500,2500,2500,2499,2499,2500,1254,1251,0,0,0,0,0,100,0,0,0,0,0,0,0,0,0,0,254608.36260986328,69309.54943847656,0,404327403520,8589930496,6228291584,114688
10,1791567982982,2499,2499,1254,1309,1263,1289,1258,1252,2500,2500,2500,2499,2499,2500,1254,1251,0,0,0,0,0,100,0,0,0,0,0,0,0,0,0,0,254608.51495361328,69309.86199951172,0,404327403520,8589930496,6228291584,114688
10,1791567982992,2499,2499,1254,1309,1263,1289,1258,1252,2500,2500,2500,2499,2499,2500,1254,1251,0,0,0,0,0,100,0,0,0,0,0,0,0,0,0,0,254608.66473388672,69310.17889404297,0,404327403520,8589930496,6228291584,114688
10,1791567983002,2499,2499,1254,1309,1263,1289,1258,1252,2500,2500,2500,2499,2499,2500,1254,1251,0,0,0,0,0,100,0,0,0,0,0,0,0,0,0,0,254608.8119506836,69310.4976196289,0,404327403520,8589930496,6228291584,114688
10,1791567983012,2499,2499,1254,1309,1263,1289,1258,1252,2500,2500,2500,2499,2499,2500,1254,1251,0,0,0,0,0,100,0,0,0,0,0,0,0,0,0,0,254608.9794921875,69310.81866455078,0,404327403520,8589930496,6228291584,114688
10,1791567983022,2499,2499,1254,1309,1263,1289,1258,1252,2500,2500,2500,2499,2499,2500,1254,1251,0,0,0,0,0,100,0,0,0,0,0,0,0,0,0,0,254609.13220214844,69311.17004394531,0,404327403520,8589930496,6228291584,114688
10,1791567983032,2499,2499,1254,1309,1263,1289,1258,1252,2500,2500,2500,2499,2499,2500,1254,1251,0,0,0,0,0,100,0,0,0,0,0,0,0,0,0,0,254609.28436279297,69311.48767089844,0,404327403520,8589930496,6228291584,114688
10,1791567983042,2499,2499,1254,1309,1263,1289,1258,1252,2500,2500,2500,2499,2499,2500,1254,1251,0,0,0,0,0,100,0,0,0,0,0,0,0,0,0,0,254609.43798828125,69311.806640625,0,404327403520,8589930496,6228291584,114688
9,1791567983052,2499,2499,1254,1309,1263,1289,1258,1252,2500,2500,2500,2499,2499,2500,1254,1251,0,0,0,0,0,100,0,0,0,0,0,0,0,0,0,0,254609.59088134766,69312.12628173828,0,404327403520,8589930496,6228291584,114688
10,1791567983062,2499,2499,1254,1309,1263,1289,1258,1252,2500,2500,2500,2499,2499,2500,1254,1251,0,0,0,0,0,100,0,0,0,0,0,0,0,0,0,0,254609.74139404297,69312.4443359375,0,404327403520,8589930496,6228291584,114688
10,1791567983072,2499,2499,1254,1309,1263,1289,1258,1252,2500,2500,2500,2499,2499,2500,1254,1251,0,0,0,0,0,100,0,0,0,0,0,0,0,0,0,0,254609.89080810547,69312.76062011719,0,404327403520,8589930496,6228291584,114688
10,1791567983082,2499,2499,1254,1309,1263,1289,1258,1252,2500,2500,2500,2499,2499,2500,1254,1251,0,0,0,0,0,100,0,0,0,0,0,0,0,0,0,0,254610.0447998047,69313.07635498047,0,404327403520,8589930496,6211796992,114688
10,1791567983092,2499,2499,1254,1309,1263,1289,1258,1252,2500,2500,2500,2499,2499,2500,1254,1251,0,0,0,0,0,100,0,0,0,0,0,0,0,0,0,0,254610.1958618164,69313.38720703125,0,404327403520,8589930496,6211796992,114688
10,1791567983102,2499,2499,1254,1309,1263,1289,1258,1252,2500,2500,2500,2499,2499,2500,1254,1251,0,0,0,0,0,100,0,0,0,0,0,0,0,0,0,0,254610.34252929688,69313.70477294922,0,404327403520,8589930496,6211796992,114688
10,1791567983113,2499,2499,1254,1309,1263,1289,1258,1252,2500,2500,2500,2499,2499,2500,1254,1251,0,0,0,0,0,100,0,0,0,0,0,0,0,0,0,0,254610.49908447266,69314.02447509766,0,404327403520,8589930496,6211796992,114688
10,1791567983123,2499,2499,1254,1309,1263,1289,1258,1252,2500,2500,2500,2499,2499,2500,1254,1251,0,0,0,0,0,100,0,9.523809432983398,0,0,5,0,0,0,4.761904716491699,5,254610.6519165039,69314.34051513672,0,404327403520,8589930496,6211796992,114688
10,1791567983133,2499,2499,1254,1309,1263,1289,1258,1252,2500,2500,2500,2499,2499,2500,1254,1251,0,0,0,0,0,100,0,9.523809432983398,0,0,5,0,0,0,4.761904716491699,5,254610.8051147461,69314.6615600586,0,404327403520,8589930496,6211796992,114688
10,1791567983143,2499,2499,1254,1309,1263,1289,1258,1252,2500,2500,2500,2499,2499,2500,1254,1251,0,0,0,0,0,100,0,9.523809432983398,0,0,5,0,0,0,4.761904716491699,5,254610.95989990234,69314.97546386719,0,404327403520,8589930496,6211280896,114688
10,1791567983153,2499,2499,1254,1309,1263,1289,1258,1252,2500,2500,2500,2499,2499,2500,1254,1251,0,0,0,0,0,100,0,9.523809432983398,0,0,5,0,0,0,4.761904716491699,5,254611.11407470703,69315.3119506836,0,404327403520,8589930496,6210940928,114688
10,1791567983163,2499,2499,1254,1309,1263,1289,1258,1252,2500,2500,2500,2499,2499,2500,1254,1251,0,0,0,0,0,100,0,9.523809432983398,0,0,5,0,0,0,4.761904716491699,5,254611.26220703125,69315.63708496094,0,404327403520,8589930496,6210940928,114688
10,1791567983173,2499,2499,1254,1309,1263,1289,1258,1252,2500,2500,2500,2499,2499,2500,1254,1251,0,0,0,0,0,100,0,9.523809432983398,0,0,5,0,0,0,4.761904716491699,5,254611.41235351563,69315.9546508789,0,404327403520,8589930496,6210940928,114688
10,1791567983183,2499,2499,1254,1309,1263,1289,1258,1252,2500,2500,2500,2499,2499,2500,1254,1251,0,0,0,0,0,100,0,9.523809432983398,0,0,5,0,0,0,4.761904716491699,5,254611.56506347656,69316.27429199219,0,404327403520,8589930496,6210940928,114688
10,1791567983193,2499,2499,1254,1309,1263,1289,1258,1252,2500,2500,2500,2499,2499,2500,1254,1251,0,0,0,0,0,100,0,9.523809432983398,0,0,5,0,0,0,4.761904716491699,5,254611.72302246094,69316.59185791016,0,404327403520,8589930496,6210940928,114688
10,1791567983203,2499,2499,1254,1309,1263,1289,1258,1252,2500,2500,2500,2499,2499,2500,1254,1251,0,0,0,0,0,100,0,9.523809432983398,0,0,5,0,0,0,4.761904716491699,5,254611.87731933594,69316.90856933594,0,404327403520,8589930496,6210940928,114688
9,1791567983213,2499,2499,1254,1309,1263,1289,1258,1252,2500,2500,2500,2499,2499,2500,1254,1251,0,0,0,0,0,100,0,9.523809432983398,0,0,5,0,0,0,4.761904716491699,5,254612.03094482422,69317.23156738281,0,404327403520,8589930496,6210940928,114688
10,1791567983223,2499,2499,1254,1309,1263,1289,1258,1252,2500,2500,2500,2499,2499,2500,1254,1251,0,0,0,0,0,100,0,9.523809432983398,0,0,5,0,0,0,4.761904716491699,5,254612.1851196289,69317.55456542969,0,404327403520,8589930496,6210940928,114688
9,1791567983233,2499,2499,1254,1309,1263,1289,1258,1252,2500,2500,2500,2499,2499,2500,1254,1251,0,0,0,0,0,100,0,9.523809432983398,0,0,5,0,0,0,4.761904716491699,5,254612.33380126953,69317.86926269531,0,404327403520,8589930496,6210940928,114688
10,1791567983243,2499,2499,1254,1309,1263,1289,1258,1252,2500,2500,2500,2499,2499,2500,1254,1251,0,0,0,0,0,100,0,9.523809432983398,0,0,5,0,0,0,4.761904716491699,5,254612.49932861328,69318.216796875,0,404327403520,8589930496,6210940928,114688
10,1791567983253,2499,2499,1254,1309,1263,1289,1258,1252,2500,2500,2500,2499,2499,2500,1254,1251,0,0,0,0,0,100,0,9.523809432983398,0,0,5,0,0,0,4.761904716491699,5,254612.6375732422,69318.50390625,0,404327403520,8589930496,6210940928,114688
10,1791567983263,2499,2499,1254,1309,1263,1289,1258,1252,2500,2500,2500,2499,2499,2500,1254,1251,0,0,0,0,0,100,0,9.523809432983398,0,0,5,0,0,0,4.761904716491699,5,254612.8074951172,69318.85052490234,0,404327403520,8589930496,6210940928,114688
10,1791567983273,2499,2499,1254,1309,1263,1289,1258,1252,2500,2500,2500,2499,2499,2500,1254,1251,0,0,0,0,0,100,0,9.523809432983398,0,0,5,0,0,0,4.761904716491699,5,254612.95678710938,69319.17028808594,0,404327403520,8589930496,6210940928,114688
10,1791567983283,2499,2499,1254,1309,1263,1289,1258,1252,2500,2500,2500,2499,2499,2500,1254,1251,0,0,0,0,0,100,0,9.523809432983398,0,0,5,0,0,0,4.761904716491699,5,254613.1107788086,69319.48107910156,0,404327403520,8589930496,6210940928,114688
10,1791567983294,2499,2499,1254,1309,1263,1289,1258,1252,2500,2500,2500,2499,2499,2500,1254,1251,0,0,0,0,0,100,0,9.523809432983398,0,0,5,0,0,0,4.761904716491699,5,254613.26568603516,69319.79888916016,0,404327403520,8589930496,6210940928,114688
10,1791567983304,2499,2499,1254,1309,1263,1289,1258,1252,2500,2500,2500,2499,2499,2500,1254,1251,0,0,0,0,0,100,0,9.523809432983398,0,0,5,0,0,0,4.761904716491699,5,254613.4136352539,69320.11798095703,0,404327403520,8589930496,6210940928,114688
10,1791567983314,2499,2499,1254,1309,1263,1289,1258,1252,2500,2500,2500,2499,2499,2500,1254,1251,0,0,0,0,0,100,0,9.523809432983398,0,0,5,0,0,0,4.761904716491699,5,254613.56762695313,69320.43347167969,0,404327403520,8589930496,6210940928,114688
10,1791567983324,2499,2499,1254,1309,1263,1289,1258,1252,2500,2500,2500,2499,2499,2500,1254,1251,5,0,0,0,0,100,0,5,5,0,0,0,0,0,0,0,254613.71978759766,69320.75219726563,0,404327403520,8589930496,6210940928,114688
10,1791567983334,2499,2499,1254,1309,1263,1289,1258,1252,2500,2500,2500,2499,2499,2500,1254,1251,5,0,0,0,0,100,0,5,5,0,0,0,0,0,0,0,254613.8741455078,69321.07977294922,0,404327403520,8589930496,6210940928,114688
10,1791567983344,2499,2499,1254,1309,1263,1289,1258,1252,2500,2500,2500,2499,2499,2500,1254,1251,5,0,0,0,0,100,0,5,5,0,0,0,0,0,0,0,254614.03125,69321.39624023438,0,404327403520,8589930496,6210940928,114688
10,1791567983354,2499,2499,1254,1309,1263,1289,1258,1252,2500,2500,2500,2499,2499,2500,1254,1251,5,0,0,0,0,100,0,5,5,0,0,0,0,0,0,0,254614.1846923828,69321.72161865234,0,404327403520,8589930496,6210940928,114688
10,1791567983364,2499,2499,1254,1309,1263,1289,1258,1252,2500,2500,2500,2499,2499,2500,1254,1251,5,0,0,0,0,100,0,5,5,0,0,0,0,0,0,0,254614.3394165039,69322.0302734375,0,404327403520,8589930496,6210940928,114688
10,1791567983374,2499,2499,1254,1309,1263,1289,1258,1252,2500,2500,2500,2499,2499,2500,1254,1251,5,0,0,0,0,100,0,5,5,0,0,0,0,0,0,0,254614.49560546875,69322.3447265625,0,404327403520,8589930496,6210940928,114688
10,1791567983384,2499,2499,1254,1309,1263,1289,1258,1252,2500,2500,2500,2499,2499,2500,1254,1251,5,0,0,0,0,100,0,5,5,0,0,0,0,0,0,0,254614.64923095703,69322.66534423828,0,404327403520,8589930496,6210940928,114688
10,1791567983394,2499,2499,1254,1309,1263,1289,1258,1252,2500,2500,2500,2499,2499,2500,1254,1251,5,0,0,0,0,100,0,5,5,0,0,0,0,0,0,0,254614.80688476563,69322.99340820313,0,404327403520,8589930496,6210940928,114688
10,1791567983404,2499,2499,1254,1309,1263,1289,1258,1252,2500,2500,2500,2499,2499,2500,1254,1251,5,0,0,0,0,100,0,5,5,0,0,0,0,0,0,0,254614.9623413086,69323.3046875,0,404327403520,8589930496,6210940928,114688
9,1791567983414,2499,2499,1254,1309,1263,1289,1258,1252,2500,2500,2500,2499,2499,2500,1254,1251,5,0,0,0,0,100,0,5,5,0,0,0,0,0,0,0,254615.1176147461,69323.62463378906,0,404327403520,8589930496,6210940928,114688
10,1791567983424,2499,2499,1254,1309,1263,1289,1258,1252,2500,2500,2500,2499,2499,2500,1254,1251,5,0,0,0,0,100,0,5,5,0,0,0,0,0,0,0,254615.27032470703,69323.94116210938,0,404327403520,8589930496,6210940928,114688
10,1791567983434,2499,2499,1254,1309,1263,1289,1258,1252,2500,2500,2500,2499,2499,2500,1254,1251,5,0,0,0,0,100,0,5,5,0,0,0,0,0,0,0,254615.42779541016,69324.26184082031,0,404327403520,8589930496,6210940928,114688
10,1791567983444,2499,2499,1254,1309,1263,1289,1258,1252,2500,2500,2500,2499,2499,2500,1254,1251,5,0,0,0,0,100,0,5,5,0,0,0,0,0,0,0,254615.58471679688,69324.58728027344,0,404327403520,8589930496,6210940928,114688
10,1791567983454,2499,2499,1254,1309,1263,1289,1258,1252,2500,2500,2500,2499,2499,2500,1254,1251,5,0,0,0,0,100,0,5,5,0,0,0,0,0,0,0,254615.75317382813,69324.93914794922,0,404327403520,8589930496,6210940928,114688
10,1791567983465,2499,2499,1254,1309,1263,1289,1258,1252,2500,2500,2500,2499,2499,2500,1254,1251,5,0,0,0,0,100,0,5,5,0,0,0,0,0,0,0,254615.90899658203,69325.25982666016,0,404327403520,8589930496,6210940928,114688
10,1791567983475,2499,2499,1254,1309,1263,1289,1258,1252,2500,2500,2500,2499,2499,2500,1254,1251,5,0,0,0,0,100,0,5,5,0,0,0,0,0,0,0,254616.06427001953,69325.58178710938,0,404327403520,8589930496,6210940928,114688
10,1791567983485,2499,2499,1254,1309,1263,1289,1258,1252,2500,2500,2500,2499,2499,2500,1254,1251,5,0,0,0,0,100,0,5,5,0,0,0,0,0,0,0,254616.22521972656,69325.89636230469,0,404327403520,8589930496,6210940928,114688
10,1791567983495,2499,2499,1254,1309,1263,1289,1258,1252,2500,2500,2500,2499,2499,2500,1254,1251,5,0,0,0,0,100,0,5,5,0,0,0,0,0,0,0,254616.37426757813,69326.2109375,0,404327403520,8589930496,6210940928,114688
10,1791567983505,2499,2499,1254,1309,1263,1289,1258,1252,2500,2500,2500,2499,2499,2500,1254,1251,5,0,0,0,0,100,0,5,5,0,0,0,0,0,0,0,254616.52606201172,69326.52801513672,0,404327403520,8589930496,6210940928,114688
10,1791567983515,2499,2499,1254,1309,1263,1289,1258,1252,2500,2500,2500,2499,2499,2500,1254,1251,5,0,0,0,0,100,0,5,5,0,0,0,0,0,0,0,254616.67669677734,69326.84680175781,0,404327403520,8589930496,6210940928,114688
10,1791567983525,2499,2499,1254,1309,1263,1289,1258,1252,2500,2500,2500,2499,2499,2500,1254,1251,0,0,4.761904716491699,0,4.761904716491699,100,0,5.263157844543457,0,0,0,5,0,0,0,0,254616.82940673828,69327.16088867188,0,404327403520,8589930496,6210940928,114688
10,1791567983535,2499,2499,1254,1309,1263,1289,1258,1252,2500,2500,2500,2499,2499,2500,1254,1251,0,0,4.761904716491699,0,4.761904716491699,100,0,5.263157844543457,0,0,0,5,0,0,0,0,254616.98303222656,69327.47857666016,0,404327403520,8589930496,6210940928,114688
10,1791567983545,2499,2499,1254,1309,1263,1289,1258,1252,2500,2500,2500,2499,2499,2500,1254,1251,0,0,4.761904716491699,0,4.761904716491699,100,0,5.263157844543457,0,0,0,5,0,0,0,0,254617.13848876953,69327.79650878906,0,404327403520,8589930496,6210940928,114688
10,1791567983555,2499,2499,1254,1309,1263,1289,1258,1252,2500,2500,2500,2499,2499,2500,1254,1251,0,0,4.761904716491699,0,4.761904716491699,100,0,5.263157844543457,0,0,0,5,0,0,0,0,254617.2891845703,69328.11486816406,0,404327403520,8589930496,6210940928,114688
9,1791567983565,2499,2499,1254,1309,1263,1289,1258,1252,2500,2500,2500,2499,2499,2500,1254,1251,0,0,4.761904716491699,0,4.761904716491699,100,0,5.263157844543457,0,0,0,5,0,0,0,0,254617.4393310547,69328.43872070313,0,404327403520,8589930496,6210940928,114688
10,1791567983575,2499,2499,1254,1309,1263,1289,1258,1252,2500,2500,2500,2499,2499,2500,1254,1251,0,0,4.761904716491699,0,4.761904716491699,100,0,5.263157844543457,0,0,0,5,0,0,0,0,254617.59185791016,69328.75885009766,0,404327403520,8589930496,6210940928,114688
10,1791567983585,2499,2499,1254,1309,1263,1289,1258,1252,2500,2500,2500,2499,2499,2500,1254,1251,0,0,4.761904716491699,0,4.761904716491699,100,0,5.263157844543457,0,0,0,5,0,0,0,0,254617.74255371094,69329.08239746094,0,404327403520,8589930496,6210940928,114688
9,1791567983595,2499,2499,1254,1309,1263,1289,1258,1252,2500,2500,2500,2499,2499,2500,1254,1251,0,0,4.761904716491699,0,4.761904716491699,100,0,5.263157844543457,0,0,0,5,0,0,0,0,254617.89379882813,69329.40155029297,0,404327403520,8589930496,6210940928,114688
10,1791567983605,2499,2499,1254,1309,1263,1289,1258,1252,2500,2500,2500,2499,2499,2500,1254,1251,0,0,4.761904716491699,0,4.761904716491699,100,0,5.263157844543457,0,0,0,5,0,0,0,0,254618.04815673828,69329.72302246094,0,404327403520,8589930496,6210940928,114688
10,1791567983615,2499,2499,1254,1309,1263,1289,1258,1252,2500,2500,2500,2499,2499,2500,1254,1251,0,0,4.761904716491699,0,4.761904716491699,100,0,5.263157844543457,0,0,0,5,0,0,0,0,254618.19995117188,69330.03942871094,0,404327403520,8589930496,6210940928,114688
9,1791567983625,2499,2499,1254,1309,1263,1289,1258,1252,2500,2500,2500,2499,2499,2500,1254,1251,0,0,4.761904716491699,0,4.761904716491699,100,0,5.263157844543457,0,0,0,5,0,0,0,0,254618.35723876953,69330.35955810547,0,404327403520,8589930496,6210940928,114688
9,1791567983636,2499,2499,1254,1309,1263,1289,1258,1252,2500,2500,2500,2499,2499,2500,1254,1251,0,0,4.761904716491699,0,4.761904716491699,100,0,5.263157844543457,0,0,0,5,0,0,0,0,254618.51489257813,69330.6830444336,0,404327403520,8589930496,6210940928,114688
9,1791567983646,2499,2499,1254,1309,1263,1289,1258,1252,2500,2500,2500,2499,2499,2500,1254,1251,0,0,4.761904716491699,0,4.761904716491699,100,0,5.263157844543457,0,0,0,5,0,0,0,0,254618.68621826172,69331.03875732422,0,404327403520,8589930496,6210940928,114688
9,1791567983656,2499,2499,1254,1309,1263,1289,1258,1252,2500,2500,2500,2499,2499,2500,1254,1251,0,0,4.761904716491699,0,4.761904716491699,100,0,5.263157844543457,0,0,0,5,0,0,0,0,254618.83837890625,69331.35668945313,0,404327403520,8589930496,6210940928,114688
9,1791567983666,2499,2499,1254,1309,1263,1289,1258,1252,2500,2500,2500,2499,2499,2500,1254,1251,0,0,4.761904716491699,0,4.761904716491699,100,0,5.263157844543457,0,0,0,5,0,0,0,0,254618.9898071289,69331.67791748047,0,404327403520,8589930496,6210940928,114688
9,1791567983676,2499,2499,1254,1309,1263,1289,1258,1252,2500,2500,2500,2499,2499,2500,1254,1251,0,0,4.761904716491699,0,4.761904716491699,100,0,5.263157844543457,0,0,0,5,0,0,0,0,254619.14233398438,69332.00177001953,0,404327403520,8589930496,6210940928,114688
9,1791567983686,2499,2499,1254,1309,1263,1289,1258,1252,2500,2500,2500,2499,2499,2500,1254,1251,0,0,4.761904716491699,0,4.761904716491699,100,0,5.263157844543457,0,0,0,5,0,0,0,0,254619.29541015625,69332.31896972656,0,404327403520,8589930496,6210940928,114688
9,1791567983696,2499,2499,1254,1309,1263,1289,1258,1252,2500,2500,2500,2499,2499,2500,1254,1251,0,0,4.761904716491699,0,4.761904716491699,100,0,5.263157844543457,0,0,0,5,0,0,0,0,254619.44793701172,69332.63928222656,0,404327403520,8589930496,6210940928,114688
9,1791567983706,2499,2499,1254,1309,1263,1289,1258,1252,2500,2500,2500,2499,2499,2500,1254,1251,0,0,4.761904716491699,0,4.761904716491699,100,0,5.263157844543457,0,0,0,5,0,0,0,0,254619.60467529297,69332.96032714844,0,404327403520,8589930496,6210940928,114688
9,1791567983716,2499,2499,1254,1309,1263,1289,1258,1252,2500,2500,2500,2499,2499,2500,1254,1251,0,0,4.761904716491699,0,4.761904716491699,100,0,5.263157844543457,0,0,0,5,0,0,0,0,254619.75848388672,69333.28131103516,0,404327403520,8589930496,6210940928,114688
10,1791567983726,2499,2499,1254,1309,1263,1289,1258,1252,2500,2500,2500,2499,2499,2500,1254,1251,10,5,5,0,0,100,0,0,0,0,0,0,0,0,0,0,254619.90997314453,69333.60565185547,0,404327403520,8589930496,6210940928,114688
9,1791567983736,2499,2499,1254,1309,1263,1289,1258,1252,2500,2500,2500,2499,2499,2500,1254,1251,10,5,5,0,0,100,0,0,0,0,0,0,0,0,0,0,254620.0606689453,69333.93048095703,0,404327403520,8589930496,6210940928,114688
10,1791567983746,2499,2499,1254,1309,1263,1289,1258,1252,2500,2500,2500,2499,2499,2500,1254,1251,10,5,5,0,0,100,0,0,0,0,0,0,0,0,0,0,254620.20935058594,69334.25396728516,0,404327403520,8589930496,6210940928,114688
9,1791567983756,2499,2499,1254,1309,1263,1289,1258,1252,2500,2500,2500,2499,2499,2500,1254,1251,10,5,5,0,0,100,0,0,0,0,0,0,0,0,0,0,254620.35955810547,69334.57434082031,0,404327403520,8589930496,6210940928,114688
10,1791567983766,2499,2499,1254,1309,1263,1289,1258,1252,2500,2500,2500,2499,2499,2500,1254,1251,10,5,5,0,0,100,0,0,0,0,0,0,0,0,0,0,254620.5082397461,69334.89373779297,0,404327403520,8589930496,6210940928,114688
9,1791567983777,2499,2499,1254,1309,1263,1289,1258,1252,2500,2500,2500,2499,2499,2500,1254,1251,10,5,5,0,0,100,0,0,0,0,0,0,0,0,0,0,254620.6630859375,69335.2109375,0,404327403520,8589930496,6210940928,114688
10,1791567983787,2499,2499,1254,1309,1263,1289,1258,1252,2500,2500,2500,2499,2499,2500,1254,1251,10,5,5,0,0,100,0,0,0,0,0,0,0,0,0,0,254620.8207397461,69335.5326538086,0,404327403520,8589930496,6210940928,114688
9,1791567983797,2499,2499,1254,1309,1263,1289,1258,1252,2500,2500,2500,2499,2499,2500,1254,1251,10,5,5,0,0,100,0,0,0,0,0,0,0,0,0,0,254620.99041748047,69335.88671875,0,404327403520,8589930496,6210940928,114688
9,1791567983807,2499,2499,1254,1309,1263,1289,1258,1252,2500,2500,2500,2499,2499,2500,1254,1251,10,5,5,0,0,100,0,0,0,0,0,0,0,0,0,0,254621.14477539063,69336.20703125,0,404327403520,8589930496,6210940928,114688
9,1791567983817,2499,2499,1254,1309,1263,1289,1258,1252,2500,2500,2500,2499,2499,2500,1254,1251,10,5,5,0,0,100,0,0,0,0,0,0,0,0,0,0,254621.2984008789,69336.5288696289,0,404327403520,8589930496,6210940928,114688
9,1791567983827,2499,2499,1254,1309,1263,1289,1258,1252,2500,2500,2500,2499,2499,2500,1254,1251,10,5,5,0,0,100,0,0,0,0,0,0,0,0,0,0,254621.45166015625,69336.84661865234,0,404327403520,8589930496,6210940928,114688
9,1791567983837,2499,2499,1254,1309,1263,1289,1258,1252,2500,2500,2500,2499,2499,2500,1254,1251,10,5,5,0,0,100,0,0,0,0,0,0,0,0,0,0,254621.60107421875,69337.16790771484,0,404327403520,8589930496,6210940928,114688
9,1791567983847,2499,2499,1254,1309,1263,1289,1258,1252,2500,2500,2500,2499,2499,2500,1254,1251,10,5,5,0,0,100,0,0,0,0,0,0,0,0,0,0,254621.75616455078,69337.49060058594,0,404327403520,8589930496,6210940928,114688
9,1791567983857,2499,2499,1254,1309,1263,1289,1258,1252,2500,2500,2500,2499,2499,2500,1254,1251,10,5,5,0,0,100,0,0,0,0,0,0,0,0,0,0,254621.91046142578,69337.80828857422,0,404327403520,8589930496,6210940928,114688
9,1791567983867,2499,2499,1254,1309,1263,1289,1258,1252,2500,2500,2500,2499,2499,2500,1254,1251,10,5,5,0,0,100,0,0,0,0,0,0,0,0,0,0,254622.06463623047,69338.12902832031,0,404327403520,8589930496,6210940928,114688
9,1791567983877,2499,2499,1254,1309,1263,1289,1258,1252,2500,2500,2500,2499,2499,2500,1254,1251,10,5,5,0,0,100,0,0,0,0,0,0,0,0,0,0,254622.22247314453,69338.44921875,0,404327403520,8589930496,6210940928,114688
9,1791567983887,2499,2499,1254,1309,1263,1289,1258,1252,2500,2500,2500,2499,2499,2500,1254,1251,10,5,5,0,0,100,0,0,0,0,0,0,0,0,0,0,254622.3833618164,69338.76654052734,0,404327403520,8589930496,6210940928,114688
9,1791567983897,2499,2499,1254,1309,1263,1289,1258,1252,2500,2500,2500,2499,2499,2500,1254,1251,10,5,5,0,0,100,0,0,0,0,0,0,0,0,0,0,254622.5340576172,69339.08312988281,0,404327403520,8589930496,6210940928,114688
9,1791567983907,2499,2499,1254,1309,1263,1289,1258,1252,2500,2500,2500,2499,2499,2500,1254,1251,10,5,5,0,0,100,0,0,0,0,0,0,0,0,0,0,254622.68731689453,69339.40295410156,0,404327403520,8589930496,6210940928,114688
9,1791567983918,2499,2499,1254,1309,1263,1289,1258,1252,2500,2500,2500,2499,2499,2500,1254,1251,10,5,5,0,0,100,0,0,0,0,0,0,0,0,0,0,254622.83892822266,69339.72424316406,0,404327403520,8589930496,6210940928,114688
10,1791567983928,2499,2499,1254,1309,1263,1289,1258,1252,2500,2500,2500,2499,2499,2500,1254,1251,0,0,0,0,0,100,0,10,5,0,0,0,0,0,0,0,254622.99603271484,69340.04302978516,0,404327403520,8589930496,6210940928,114688
9,1791567983938,2499,2499,1254,1309,1263,1289,1258,1252,2500,2500,2500,2499,2499,2500,1254,1251,0,0,0,0,0,100,0,10,5,0,0,0,0,0,0,0,254623.16729736328,69340.39562988281,0,404327403520,8589930496,6210940928,114688
10,1791567983948,2499,2499,1254,1309,1263,1289,1258,1252,2500,2500,2500,2499,2499,2500,1254,1251,0,0,0,0,0,100,0,10,5,0,0,0,0,0,0,0,254623.3038330078,69340.68267822266,0,404327403520,8589930496,6210940928,114688
9,1791567983958,2499,2499,1254,1309,1263,1289,1258,1252,2500,2500,2500,2499,2499,2500,1254,1251,0,0,0,0,0,100,0,10,5,0,0,0,0,0,0,0,254623.46936035156,69341.03295898438,0,404327403520,8589930496,6210940928,114688
9,1791567983968,2499,2499,1254,1309,1263,1289,1258,1252,2500,2500,2500,2499,2499,2500,1254,1251,0,0,0,0,0,100,0,10,5,0,0,0,0,0,0,0,254623.62280273438,69341.35607910156,0,404327403520,8589930496,6210940928,114688
9,1791567983978,2499,2499,1254,1309,1263,1289,1258,1252,2500,2500,2500,2499,2499,2500,1254,1251,0,0,0,0,0,100,0,10,5,0,0,0,0,0,0,0,254623.77954101563,69341.67999267578,0,404327403520,8589930496,6210940928,114688
9,1791567983988,2499,2499,1254,1309,1263,1289,1258,1252,2500,2500,2500,2499,2499,2500,1254,1251,0,0,0,0,0,100,0,10,5,0,0,0,0,0,0,0,254623.92993164063,69342.0044555664,0,404327403520,8589930496,6210940928,114688
10,1791567983998,2499,2499,1254,1309,1263,1289,1258,1252,2500,2500,2500,2499,2499,2500,1254,1251,0,0,0,0,0,100,0,10,5,0,0,0,0,0,0,0,254624.08502197266,69342.32525634766,0,404327403520,8589930496,6210940928,114688
9,1791567984008,2499,2499,1254,1309,1263,1289,1258,1252,2500,2500,2500,2499,2499,2500,1254,1251,0,0,0,0,0,100,0,10,5,0,0,0,0,0,0,0,254624.23699951172,69342.64892578125,0,404327403520,8589930496,6210940928,114688
10,1791567984018,2499,2499,1254,1309,1263,1289,1258,1252,2500,2500,2500,2499,2499,2500,1254,1251,0,0,0,0,0,100,0,10,5,0,0,0,0,0,0,0,254624.38745117188,69342.96594238281,0,404327403520,8589930496,6210940928,114688
9,1791567984028,2499,2499,1254,1309,1263,1289,1258,1252,2500,2500,2500,2499,2499,2500,1254,1251,0,0,0,0,0,100,0,10,5,0,0,0,0,0,0,0,254624.5414428711,69343.2861328125,0,404327403520,8589930496,6210940928,114688
10,1791567984038,2499,2499,1254,1309,1263,1289,1258,1252,2500,2500,2500,2499,2499,2500,1254,1251,0,0,0,0,0,100,0,10,5,0,0,0,0,0,0,0,254624.6961669922,69343.60791015625,0,404327403520,8589930496,6210940928,114688
10,1791567984048,2499,2499,1254,1309,1263,1289,1258,1252,2500,2500,2500,2499,2499,2500,1254,1251,0,0,0,0,0,100,0,10,5,0,0,0,0,0,0,0,254624.85040283203,69343.93054199219,0,404327403520,8589930496,6210940928,114688
10,1791567984059,2499,2499,1254,1309,1263,1289,1258,1252,2500,2500,2500,2499,2499,2500,1254,1251,0,0,0,0,0,100,0,10,5,0,0,0,0,0,0,0,254625.00903320313,69344.25268554688,0,404327403520,8589930496,6210940928,114688
9,1791567984069,2499,2499,1254,1309,1263,1289,1258,1252,2500,2500,2500,2499,2499,2500,1254,1251,0,0,0,0,0,100,0,10,5,0,0,0,0,0,0,0,254625.16381835938,69344.57708740234,0,404327403520,8589930496,6210940928,114688
9,1791567984079,2499,2499,1254,1309,1263,1289,1258,1252,2500,2500,2500,2499,2499,2500,1254,1251,0,0,0,0,0,100,0,10,5,0,0,0,0,0,0,0,254625.3212890625,69344.90032958984,0,404327403520,8589930496,6210940928,114688
9,1791567984089,2499,2499,1254,1309,1263,1289,1258,1252,2500,2500,2500,2499,2499,2500,1254,1251,0,0,0,0,0,100,0,10,5,0,0,0,0,0,0,0,254625.47583007813,69345.2230834961,0,404327403520,8589930496,6210940928,114688
9,1791567984099,2499,2499,1254,1309,1263,1289,1258,1252,2500,2500,2500,2499,2499,2500,1254,1251,0,0,0,0,0,100,0,10,5,0,0,0,0,0,0,0,254625.62615966797,69345.548828125,0,404327403520,8589930496,6210940928,114688
9,1791567984109,2499,2499,1254,1309,1263,1289,1258,1252,2500,2500,2500,2499,2499,2500,1254,1251,0,0,0,0,0,100,0,10,5,0,0,0,0,0,0,0,254625.79333496094,69345.90362548828,0,404327403520,8589930496,6193393664,114688
9,1791567984119,2499,2499,1254,1309,1263,1289,1258,1252,2500,2500,2500,2499,2499,2500,1254,1251,0,0,0,0,0,100,0,10,5,0,0,0,0,0,0,0,254625.93286132813,69346.19610595703,0,404327403520,8589930496,6193393664,114688
9,1791567984129,2499,2499,1254,1309,1263,1289,1258,1252,2500,2500,2500,2499,2499,2500,1254,1251,10,0,0,0,0,100,0,0,0,5,0,0,5,0,0,0,254626.1029663086,69346.55633544922,0,404327403520,8589930496,6193393664,114688
9,1791567984139,2499,2499,1254,1309,1263,1289,1258,1252,2500,2500,2500,2499,2499,2500,1254,1251,10,0,0,0,0,100,0,0,0,5,0,0,5,0,0,0,254626.25274658203,69346.87951660156,0,404327403520,8589930496,6193393664,114688
10,1791567984149,2499,2499,1254,1309,1263,1289,1258,1252,2500,2500,2500,2499,2499,2500,1254,1251,10,0,0,0,0,100,0,0,0,5,0,0,5,0,0,0,254626.40618896484,69347.20294189453,0,404327403520,8589930496,6193393664,114688
9,1791567984159,2499,2499,1254,1309,1263,1289,1258,1252,2500,2500,2500,2499,2499,2500,1254,1251,10,0,0,0,0,100,0,0,0,5,0,0,5,0,0,0,254626.56280517578,69347.52459716797,0,404327403520,8589930496,6193393664,114688
9,1791567984169,2499,2499,1254,1309,1263,1289,1258,1252,2500,2500,2500,2499,2499,2500,1254,1251,10,0,0,0,0,100,0,0,0,5,0,0,5,0,0,0,254626.71514892578,69347.84936523438,0,404327403520,8589930496,6193127424,114688
10,1791567984179,2499,2499,1254,1309,1263,1289,1258,1252,2500,2500,2500,2499,2499,2500,1254,1251,10,0,0,0,0,100,0,0,0,5,0,0,5,0,0,0,254626.8696899414,69348.17547607422,0,404327403520,8589930496,6193127424,114688
10,1791567984189,2499,2499,1254,1309,1263,1289,1258,1252,2500,2500,2500,2499,2499,2500,1254,1251,10,0,0,0,0,100,0,0,0,5,0,0,5,0,0,0,254627.0278930664,69348.50268554688,0,404327403520,8589930496,6193127424,114688
10,1791567984200,2499,2499,1254,1309,1263,1289,1258,1252,2500,2500,2500,2499,2499,2500,1254,1251,10,0,0,0,0,100,0,0,0,5,0,0,5,0,0,0,254627.1826171875,69348.83227539063,0,404327403520,8589930496,6193127424,114688
9,1791567984210,2499,2499,1254,1309,1263,1289,1258,1252,2500,2500,2500,2499,2499,2500,1254,1251,10,0,0,0,0,100,0,0,0,5,0,0,5,0,0,0,254627.34411621094,69349.14611816406,0,404327403520,8589930496,6193127424,114688
10,1791567984220,2499,2499,1254,1309,1263,1289,1258,1252,2500,2500,2500,2499,2499,2500,1254,1251,10,0,0,0,0,100,0,0,0,5,0,0,5,0,0,0,254627.5,69349.46435546875,0,404327403520,8589930496,6193127424,114688
9,1791567984230,2499,2499,1254,1309,1263,1289,1258,1252,2500,2500,2500,2499,2499,2500,1254,1251,10,0,0,0,0,100,0,0,0,5,0,0,5,0,0,0,254627.6541748047,69349.79418945313,0,404327403520,8589930496,6193127424,114688
9,1791567984240,2499,2499,1254,1309,1263,1289,1258,1252,2500,2500,2500,2499,2499,2500,1254,1251,10,0,0,0,0,100,0,0,0,5,0,0,5,0,0,0,254627.8158569336,69350.1240234375,0,404327403520,8589930496,6193127424,114688
9,1791567984250,2499,2499,1254,1309,1263,1289,1258,1252,2500,2500,2500,2499,2499,2500,1254,1251,10,0,0,0,0,100,0,0,0,5,0,0,5,0,0,0,254627.97076416016,69350.44775390625,0,404327403520,8589930496,6193127424,114688
9,1791567984260,2499,2499,1254,1309,1263,1289,1258,1252,2500,2500,2500,2499,2499,2500,1254,1251,10,0,0,0,0,100,0,0,0,5,0,0,5,0,0,0,254628.1264038086,69350.76788330078,0,404327403520,8589930496,6193127424,114688
9,1791567984270,2499,2499,1254,1309,1263,1289,1258,1252,2500,2500,2500,2499,2499,2500,1254,1251,10,0,0,0,0,100,0,0,0,5,0,0,5,0,0,0,254628.2840576172,69351.09173583984,0,404327403520,8589930496,6193127424,114688
10,1791567984280,2499,2499,1254,1309,1263,1289,1258,1252,2500,2500,2500,2499,2499,2500,1254,1251,10,0,0,0,0,100,0,0,0,5,0,0,5,0,0,0,254628.43951416016,69351.41235351563,0,404327403520,8589930496,6193127424,114688
9,1791567984290,2499,2499,1254,1309,1263,1289,1258,1252,2500,2500,2500,2499,2499,2500,1254,1251,10,0,0,0,0,100,0,0,0,5,0,0,5,0,0,0,254628.6114501953,69351.76654052734,0,404327403520,8589930496,6193127424,114688
9,1791567984300,2499,2499,1254,1309,1263,1289,1258,1252,2500,2500,2500,2499,2499,2500,1254,1251,10,0,0,0,0,100,0,0,0,5,0,0,5,0,0,0,254628.765625,69352.0892944336,0,404327403520,8589930496,6193127424,114688
10,1791567984310,2499,2499,1254,1309,1263,1289,1258,1252,2500,2500,2500,2499,2499,2500,1254,1251,10,0,0,0,0,100,0,0,0,5,0,0,5,0,0,0,254628.90264892578,69352.38311767578,0,404327403520,8589930496,6193127424,114688
9,1791567984320,2499,2499,1254,1309,1263,1289,1258,1252,2500,2500,2500,2499,2499,2500,1254,1251,10,0,0,0,0,100,0,0,0,5,0,0,5,0,0,0,254629.0707397461,69352.73291015625,0,404327403520,8589930496,6193127424,114688
9,1791567984330,2499,2499,1254,1309,1263,1289,1258,1252,2500,2500,2500,2499,2499,2500,1254,1251,0,0,0,0,0,100,0,10,5,0,0,0,0,0,0,0,254629.22528076172,69353.06329345703,0,404327403520,8589930496,6193127424,114688
10,1791567984341,2499,2499,1254,1309,1263,1289,1258,1252,2500,2500,2500,2499,2499,2500,1254,1251,0,0,0,0,0,100,0,10,5,0,0,0,0,0,0,0,254629.38256835938,69353.38635253906,0,404327403520,8589930496,6193127424,114688
9,1791567984351,2499,2499,1254,1309,1263,1289,1258,1252,2500,2500,2500,2499,2499,2500,1254,1251,0,0,0,0,0,100,0,10,5,0,0,0,0,0,0,0,254629.53930664063,69353.70324707031,0,404327403520,8589930496,6193127424,114688
9,1791567984361,2499,2499,1254,1309,1263,1289,1258,1252,2500,2500,2500,2499,2499,2500,1254,1251,0,0,0,0,0,100,0,10,5,0,0,0,0,0,0,0,254629.69506835938,69354.02258300781,0,404327403520,8589930496,6193127424,114688
9,1791567984371,2499,2499,1254,1309,1263,1289,1258,1252,2500,2500,2500,2499,2499,2500,1254,1251,0,0,0,0,0,100,0,10,5,0,0,0,0,0,0,0,254629.8480834961,69354.34588623047,0,404327403520,8589930496,6193127424,114688
9,1791567984381,2499,2499,1254,1309,1263,1289,1258,1252,2500,2500,2500,2499,2499,2500,1254,1251,0,0,0,0,0,100,0,10,5,0,0,0,0,0,0,0,254630.0004272461,69354.67236328125,0,404327403520,8589930496,6193127424,114688
9,1791567984391,2499,2499,1254,1309,1263,1289,1258,1252,2500,2500,2500,2499,2499,2500,1254,1251,0,0,0,0,0,100,0,10,5,0,0,0,0,0,0,0,254630.15460205078,69354.99188232422,0,404327403520,8589930496,6193127424,114688
9,1791567984401,2499,2499,1254,1309,1263,1289,1258,1252,2500,2500,2500,2499,2499,2500,1254,1251,0,0,0,0,0,100,0,10,5,0,0,0,0,0,0,0,254630.30694580078,69355.31549072266,0,404327403520,8589930496,6193127424,114688
10,1791567984411,2499,2499,1254,1309,1263,1289,1258,1252,2500,2500,2500,2499,2499,2500,1254,1251,0,0,0,0,0,100,0,10,5,0,0,0,0,0,0,0,254630.46112060547,69355.64178466797,0,404327403520,8589930496,6193127424,114688
10,1791567984421,2499,2499,1254,1309,1263,1289,1258,1252,2500,2500,2500,2499,2499,2500,1254,1251,0,0,0,0,0,100,0,10,5,0,0,0,0,0,0,0,254630.61712646484,69355.96765136719,0,404327403520,8589930496,6193127424,114688
10,1791567984431,2499,2499,1254,1309,1263,1289,1258,1252,2500,2500,2500,2499,2499,2500,1254,1251,0,0,0,0,0,100,0,10,5,0,0,0,0,0,0,0,254630.76580810547,69356.28802490234,0,404327403520,8589930496,6193127424,114688
9,1791567984441,2499,2499,1254,1309,1263,1289,1258,1252,2500,2500,2500,2499,2499,2500,1254,1251,0,0,0,0,0,100,0,10,5,0,0,0,0,0,0,0,254630.9208984375,69356.6137084961,0,404327403520,8589930496,6193127424,114688
9,1791567984451,2499,2499,1254,1309,1263,1289,1258,1252,2500,2500,2500,2499,2499,2500,1254,1251,0,0,0,0,0,100,0,10,5,0,0,0,0,0,0,0,254631.07781982422,69356.93591308594,0,404327403520,8589930496,6193127424,114688
9,1791567984461,2499,2499,1254,1309,1263,1289,1258,1252,2500,2500,2500,2499,2499,2500,1254,1251,0,0,0,0,0,100,0,10,5,0,0,0,0,0,0,0,254631.2265625,69357.25604248047,0,404327403520,8589930496,6193127424,114688
10,1791567984471,2499,2499,1254,1309,1263,1289,1258,1252,2500,2500,2500,2499,2499,2500,1254,1251,0,0,0,0,0,100,0,10,5,0,0,0,0,0,0,0,254631.37927246094,69357.57891845703,0,404327403520,8589930496,6193127424,114688
9,1791567984482,2499,2499,1254,1309,1263,1289,1258,1252,2500,2500,2500,2499,2499,2500,1254,1251,0,0,0,0,0,100,0,10,5,0,0,0,0,0,0,0,254631.54919433594,69357.93450927734,0,404327403520,8589930496,6193127424,114688
10,1791567984492,2499,2499,1254,1309,1263,1289,1258,1252,2500,2500,2500,2499,2499,2500,1254,1251,0,0,0,0,0,100,0,10,5,0,0,0,0,0,0,0,254631.701171875,69358.25549316406,0,404327403520,8589930496,6193127424,114688
9,1791567984502,2499,2499,1254,1309,1263,1289,1258,1252,2500,2500,2500,2499,2499,2500,1254,1251,0,0,0,0,0,100,0,10,5,0,0,0,0,0,0,0,254631.8494873047,69358.57861328125,0,404327403520,8589930496,6193127424,114688
9,1791567984512,2499,2499,1254,1309,1263,1289,1258,1252,2500,2500,2500,2499,2499,2500,1254,1251,0,0,0,0,0,100,0,10,5,0,0,0,0,0,0,0,254632.00366210938,69358.9013671875,0,404327403520,8589930496,6193127424,114688
9,1791567984522,2499,2499,1254,1309,1263,1289,1258,1252,2500,2500,2500,2499,2499,2500,1254,1251,0,0,0,0,0,100,0,10,5,0,0,0,0,0,0,0,254632.15692138672,69359.22155761719,0,404327403520,8589930496,6193127424,114688
9,1791567984532,2499,2499,1254,1309,1263,1289,1258,1252,2500,2500,2500,2499,2499,2500,1254,1251,5.263157844543457,0,0,0,4.761904716491699,100,0,5,0,0,0,0,0,0,0,0,254632.31188964844,69359.5443725586,0,404327403520,8589930496,6193127424,114688
9,1791567984542,2499,2499,1254,1309,1263,1289,1258,1252,2500,2500,2500,2499,2499,2500,1254,1251,5.263157844543457,0,0,0,4.761904716491699,100,0,5,0,0,0,0,0,0,0,0,254632.46295166016,69359.86907958984,0,404327403520,8589930496,6193127424,114688
9,1791567984552,2499,2499,1254,1309,1263,1289,1258,1252,2500,2500,2500,2499,2499,2500,1254,1251,5.263157844543457,0,0,0,4.761904716491699,100,0,5,0,0,0,0,0,0,0,0,254632.60961914063,69360.18969726563,0,404327403520,8589930496,6193127424,114688
9,1791567984562,2499,2499,1254,1309,1263,1289,1258,1252,2500,2500,2500,2499,2499,2500,1254,1251,5.263157844543457,0,0,0,4.761904716491699,100,0,5,0,0,0,0,0,0,0,0,254632.76287841797,69360.51147460938,0,404327403520,8589930496,6193127424,114688
9,1791567984572,2499,2499,1254,1309,1263,1289,1258,1252,2500,2500,2500,2499,2499,2500,1254,1251,5.263157844543457,0,0,0,4.761904716491699,100,0,5,0,0,0,0,0,0,0,0,254632.91485595703,69360.83404541016,0,404327403520,8589930496,6193127424,114688
9,1791567984582,2499,2499,1254,1309,1263,1289,1258,1252,2500,2500,2500,2499,2499,2500,1254,1251,5.263157844543457,0,0,0,4.761904716491699,100,0,5,0,0,0,0,0,0,0,0,254633.06799316406,69361.15551757813,0,404327403520,8589930496,6193127424,114688
9,1791567984592,2499,2499,1254,1309,1263,1289,1258,1252,2500,2500,2500,2499,2499,2500,1254,1251,5.263157844543457,0,0,0,4.761904716491699,100,0,5,0,0,0,0,0,0,0,0,254633.21923828125,69361.47827148438,0,404327403520,8589930496,6193127424,114688
9,1791567984602,2499,2499,1254,1309,1263,1289,1258,1252,2500,2500,2500,2499,2499,2500,1254,1251,5.263157844543457,0,0,0,4.761904716491699,100,0,5,0,0,0,0,0,0,0,0,254633.37634277344,69361.79968261719,0,404327403520,8589930496,6193127424,114688
10,1791567984612,2499,2499,1254,1309,1263,1289,1258,1252,2500,2500,2500,2499,2499,2500,1254,1251,5.263157844543457,0,0,0,4.761904716491699,100,0,5,0,0,0,0,0,0,0,0,254633.53271484375,69362.1215209961,0,404327403520,8589930496,6193127424,114688
9,1791567984623,2499,2499,1254,1309,1263,1289,1258,1252,2500,2500,2500,2499,2499,2500,1254,1251,5.263157844543457,0,0,0,4.761904716491699,100,0,5,0,0,0,0,0,0,0,0,254633.70483398438,69362.47387695313,0,404327403520,8589930496,6193127424,114688
9,1791567984633,2499,2499,1254,1309,1263,1289,1258,1252,2500,2500,2500,2499,2499,2500,1254,1251,5.263157844543457,0,0,0,4.761904716491699,100,0,5,0,0,0,0,0,0,0,0,254633.86505126953,69362.79559326172,0,404327403520,8589930496,6193127424,114688
9,1791567984643,2499,2499,1254,1309,1263,1289,1258,1252,2500,2500,2500,2499,2499,2500,1254,1251,5.263157844543457,0,0,0,4.761904716491699,100,0,5,0,0,0,0,0,0,0,0,254634.0228881836,69363.11907958984,0,404327403520,8589930496,6193127424,114688
9,1791567984653,2499,2499,1254,1309,1263,1289,1258,1252,2500,2500,2500,2499,2499,2500,1254,1251,5.263157844543457,0,0,0,4.761904716491699,100,0,5,0,0,0,0,0,0,0,0,254634.1752319336,69363.44372558594,0,404327403520,8589930496,6193127424,114688
9,1791567984663,2499,2499,1254,1309,1263,1289,1258,1252,2500,2500,2500,2499,2499,2500,1254,1251,5.263157844543457,0,0,0,4.761904716491699,100,0,5,0,0,0,0,0,0,0,0,254634.32373046875,69363.77062988281,0,404327403520,8589930496,6193127424,114688
9,1791567984673,2499,2499,1254,1309,1263,1289,1258,1252,2500,2500,2500,2499,2499,2500,1254,1251,5.263157844543457,0,0,0,4.761904716491699,100,0,5,0,0,0,0,0,0,0,0,254634.4786376953,69364.09545898438,0,404327403520,8589930496,6193127424,114688
9,1791567984683,2499,2499,1254,1309,1263,1289,1258,1252,2500,2500,2500,2499,2499,2500,1254,1251,5.263157844543457,0,0,0,4.761904716491699,100,0,5,0,0,0,0,0,0,0,0,254634.63208007813,69364.41796875,0,404327403520,8589930496,6193127424,114688
9,1791567984693,2499,2499,1254,1309,1263,1289,1258,1252,2500,2500,2500,2499,2499,2500,1254,1251,5.263157844543457,0,0,0,4.761904716491699,100,0,5,0,0,0,0,0,0,0,0,254634.78845214844,69364.74353027344,0,404327403520,8589930496,6193127424,114688
9,1791567984703,2499,2499,1254,1309,1263,1289,1258,1252,2500,2500,2500,2499,2499,2500,1254,1251,5.263157844543457,0,0,0,4.761904716491699,100,0,5,0,0,0,0,0,0,0,0,254634.9467163086,69365.06768798828,0,404327403520,8589930496,6193127424,114688
9,1791567984713,2499,2499,1254,1309,1263,1289,1258,1252,2500,2500,2500,2499,2499,2500,1254,1251,5.263157844543457,0,0,0,4.761904716491699,100,0,5,0,0,0,0,0,0,0,0,254635.10162353516,69365.38970947266,0,404327403520,8589930496,6193127424,114688
9,1791567984723,2499,2499,1254,1309,1263,1289,1258,1252,2500,2500,2500,2499,2499,2500,1254,1251,5.263157844543457,0,0,0,4.761904716491699,100,0,5,0,0,0,0,0,0,0,0,254635.25451660156,69365.71337890625,0,404327403520,8589930496,6193127424,114688
9,1791567984733,2499,2499,1254,1309,1263,1289,1258,1252,2500,2500,2500,2499,2499,2500,1254,1251,10,0,5,4.761904716491699,0,100,0,5,0,0,0,0,0,0,0,0,254635.40887451172,69366.03942871094,0,404327403520,8589930496,6193127424,114688
10,1791567984743,2499,2499,1254,1309,1263,1289,1258,1252,2500,2500,2500,2499,2499,2500,1254,1251,10,0,5,4.761904716491699,0,100,0,5,0,0,0,0,0,0,0,0,254635.55755615234,69366.35961914063,0,404327403520,8589930496,6193127424,114688
9,1791567984754,2499,2499,1254,1309,1263,1289,1258,1252,2500,2500,2500,2499,2499,2500,1254,1251,10,0,5,4.761904716491699,0,100,0,5,0,0,0,0,0,0,0,0,254635.7049560547,69366.67889404297,0,404327403520,8589930496,6193127424,114688
9,1791567984764,2499,2499,1254,1309,1263,1289,1258,1252,2500,2500,2500,2499,2499,2500,1254,1251,10,0,5,4.761904716491699,0,100,0,5,0,0,0,0,0,0,0,0,254635.8511352539,69367.0062866211,0,404327403520,8589930496,6193127424,114688
10,1791567984774,2499,2499,1254,1309,1263,1289,1258,1252,2500,2500,2500,2499,2499,2500,1254,1251,10,0,5,4.761904716491699,0,100,0,5,0,0,0,0,0,0,0,0,254635.9971923828,69367.32879638672,0,404327403520,8589930496,6193127424,114688
10,1791567984784,2499,2499,1254,1309,1263,1289,1258,1252,2500,2500,2500,2499,2499,2500,1254,1251,10,0,5,4.761904716491699,0,100,0,5,0,0,0,0,0,0,0,0,254636.14575195313,69367.65466308594,0,404327403520,8589930496,6193127424,114688
9,1791567984794,2499,2499,1254,1309,1263,1289,1258,1252,2500,2500,2500,2499,2499,2500,1254,1251,10,0,5,4.761904716491699,0,100,0,5,0,0,0,0,0,0,0,0,254636.30963134766,69368.01342773438,0,404327403520,8589930496,6193127424,114688
9,1791567984804,2499,2499,1254,1309,1263,1289,1258,1252,2500,2500,2500,2499,2499,2500,1254,1251,10,0,5,4.761904716491699,0,100,0,5,0,0,0,0,0,0,0,0,254636.46362304688,69368.33374023438,0,404327403520,8589930496,6193127424,114688
9,1791567984814,2499,2499,1254,1309,1263,1289,1258,1252,2500,2500,2500,2499,2499,2500,1254,1251,10,0,5,4.761904716491699,0,100,0,5,0,0,0,0,0,0,0,0,254636.6146850586,69368.65557861328,0,404327403520,8589930496,6193127424,114688
9,1791567984824,2499,2499,1254,1309,1263,1289,1258,1252,2500,2500,2500,2499,2499,2500,1254,1251,10,0,5,4.761904716491699,0,100,0,5,0,0,0,0,0,0,0,0,254636.7646484375,69368.9780883789,0,404327403520,8589930496,6193127424,114688
9,1791567984834,2499,2499,1254,1309,1263,1289,1258,1252,2500,2500,2500,2499,2499,2500,1254,1251,10,0,5,4.761904716491699,0,100,0,5,0,0,0,0,0,0,0,0,254636.91625976563,69369.29895019531,0,404327403520,8589930496,6193127424,114688
9,1791567984844,2499,2499,1254,1309,1263,1289,1258,1252,2500,2500,2500,2499,2499,2500,1254,1251,10,0,5,4.761904716491699,0,100,0,5,0,0,0,0,0,0,0,0,254637.06512451172,69369.625,0,404327403520,8589930496,6193127424,114688
10,1791567984854,2499,2499,1254,1309,1263,1289,1258,1252,2500,2500,2500,2499,2499,2500,1254,1251,10,0,5,4.761904716491699,0,100,0,5,0,0,0,0,0,0,0,0,254637.21325683594,69369.94720458984,0,404327403520,8589930496,6193127424,114688
9,1791567984864,2499,2499,1254,1309,1263,1289,1258,1252,2500,2500,2500,2499,2499,2500,1254,1251,10,0,5,4.761904716491699,0,100,0,5,0,0,0,0,0,0,0,0,254637.36138916016,69370.26733398438,0,404327403520,8589930496,6193127424,114688
9,1791567984874,2499,2499,1254,1309,1263,1289,1258,1252,2500,2500,2500,2499,2499,2500,1254,1251,10,0,5,4.761904716491699,0,100,0,5,0,0,0,0,0,0,0,0,254637.5140991211,69370.58728027344,0,404327403520,8589930496,6193127424,114688
10,1791567984884,2499,2499,1254,1309,1263,1289,1258,1252,2500,2500,2500,2499,2499,2500,1254,1251,10,0,5,4.761904716491699,0,100,0,5,0,0,0,0,0,0,0,0,254637.6680908203,69370.90502929688,0,404327403520,8589930496,6193127424,114688
9,1791567984894,2499,2499,1254,1309,1263,1289,1258,1252,2500,2500,2500,2499,2499,2500,1254,1251,10,0,5,4.761904716491699,0,100,0,5,0,0,0,0,0,0,0,0,254637.81842041016,69371.22790527344,0,404327403520,8589930496,6193127424,114688
9,1791567984905,2499,2499,1254,1309,1263,1289,1258,1252,2500,2500,2500,2499,2499,2500,1254,1251,10,0,5,4.761904716491699,0,100,0,5,0,0,0,0,0,0,0,0,254637.9716796875,69371.55310058594,0,404327403520,8589930496,6193127424,114688
9,1791567984915,2499,2499,1254,1309,1263,1289,1258,1252,2500,2500,2500,2499,2499,2500,1254,1251,10,0,5,4.761904716491699,0,100,0,5,0,0,0,0,0,0,0,0,254638.12493896484,69371.87524414063,0,404327403520,8589930496,6193127424,114688
9,1791567984925,2499,2499,1254,1309,1263,1289,1258,1252,2500,2500,2500,2499,2499,2500,1254,1251,10,0,5,4.761904716491699,0,100,0,5,0,0,0,0,0,0,0,0,254638.27416992188,69372.19909667969,0,404327403520,8589930496,6193127424,114688
9,1791567984935,2499,2499,1254,1309,1263,1289,1258,1252,2500,2500,2500,2499,2499,2500,1254,1251,0,0,0,0,0,100,0,5.263157844543457,0,5,0,0,0,0,0,0,254638.43969726563,69372.5562133789,0,404327403520,8589930496,6193127424,114688
9,1791567984945,2499,2499,1254,1309,1263,1289,1258,1252,2500,2500,2500,2499,2499,2500,1254,1251,0,0,0,0,0,100,0,5.263157844543457,0,5,0,0,0,0,0,0,254638.59149169922,69372.8773803711,0,404327403520,8589930496,6193127424,114688
9,1791567984955,2499,2499,1254,1309,1263,1289,1258,1252,2500,2500,2500,2499,2499,2500,1254,1251,0,0,0,0,0,100,0,5.263157844543457,0,5,0,0,0,0,0,0,254638.74530029297,69373.19616699219,0,404327403520,8589930496,6193127424,114688
9,1791567984965,2499,2499,1254,1309,1263,1289,1258,1252,2500,2500,2500,2499,2499,2500,1254,1251,0,0,0,0,0,100,0,5.263157844543457,0,5,0,0,0,0,0,0,254638.89379882813,69373.51885986328,0,404327403520,8589930496,6193127424,114688
9,1791567984975,2499,2499,1254,1309,1263,1289,1258,1252,2500,2500,2500,2499,2499,2500,1254,1251,0,0,0,0,0,100,0,5.263157844543457,0,5,0,0,0,0,0,0,254639.046875,69373.8441772461,0,404327403520,8589930496,6193127424,114688
10,1791567984985,2499,2499,1254,1309,1263,1289,1258,1252,2500,2500,2500,2499,2499,2500,1254,1251,0,0,0,0,0,100,0,5.263157844543457,0,5,0,0,0,0,0,0,254639.1928100586,69374.1664428711,0,404327403520,8589930496,6193127424,114688
9,1791567984995,2499,2499,1254,1309,1263,1289,1258,1252,2500,2500,2500,2499,2499,2500,1254,1251,0,0,0,0,0,100,0,5.263157844543457,0,5,0,0,0,0,0,0,254639.34350585938,69374.48797607422,0,404327403520,8589930496,6193127424,114688
9,1791567985005,2499,2499,1254,1309,1263,1289,1258,1252,2500,2500,2500,2499,2499,2500,1254,1251,0,0,0,0,0,100,0,5.263157844543457,0,5,0,0,0,0,0,0,254639.49346923828,69374.81085205078,0,404327403520,8589930496,6193127424,114688
9,1791567985015,2499,2499,1254,1309,1263,1289,1258,1252,2500,2500,2500,2499,2499,2500,1254,1251,0,0,0,0,0,100,0,5.263157844543457,0,5,0,0,0,0,0,0,254639.64385986328,69375.13305664063,0,404327403520,8589930496,6193127424,114688
9,1791567985025,2499,2499,1254,1309,1263,1289,1258,1252,2500,2500,2500,2499,2499,2500,1254,1251,0,0,0,0,0,100,0,5.263157844543457,0,5,0,0,0,0,0,0,254639.79290771484,69375.4556274414,0,404327403520,8589930496,6193127424,114688
9,1791567985036,2499,2499,1254,1309,1263,1289,1258,1252,2500,2500,2500,2499,2499,2500,1254,1251,0,0,0,0,0,100,0,5.263157844543457,0,5,0,0,0,0,0,0,254639.94396972656,69375.78057861328,0,404327403520,8589930496,6193127424,114688
9,1791567985046,2499,2499,1254,1309,1263,1289,1258,1252,2500,2500,2500,2499,2499,2500,1254,1251,0,0,0,0,0,100,0,5.263157844543457,0,5,0,0,0,0,0,0,254640.0913696289,69376.10192871094,0,404327403520,8589930496,6193127424,114688
9,1791567985056,2499,2499,1254,1309,1263,1289,1258,1252,2500,2500,2500,2499,2499,2500,1254,1251,0,0,0,0,0,100,0,5.263157844543457,0,5,0,0,0,0,0,0,254640.2435913086,69376.42236328125,0,404327403520,8589930496,6193127424,114688
9,1791567985066,2499,2499,1254,1309,1263,1289,1258,1252,2500,2500,2500,2499,2499,2500,1254,1251,0,0,0,0,0,100,0,5.263157844543457,0,5,0,0,0,0,0,0,254640.39392089844,69376.74676513672,0,404327403520,8589930496,6193127424,114688
9,1791567985076,2499,2499,1254,1309,1263,1289,1258,1252,2500,2500,2500,2499,2499,2500,1254,1251,0,0,0,0,0,100,0,5.263157844543457,0,5,0,0,0,0,0,0,254640.54193115234,69377.0698852539,0,404327403520,8589930496,6193127424,114688
9,1791567985086,2499,2499,1254,1309,1263,1289,1258,1252,2500,2500,2500,2499,2499,2500,1254,1251,0,0,0,0,0,100,0,5.263157844543457,0,5,0,0,0,0,0,0,254640.693359375,69377.39025878906,0,404327403520,8589930496,6193127424,114688
9,1791567985096,2499,2499,1254,1309,1263,1289,1258,1252,2500,2500,2500,2499,2499,2500,1254,1251,0,0,0,0,0,100,0,5.263157844543457,0,5,0,0,0,0,0,0,254640.8413696289,69377.7142944336,0,404327403520,8589930496,6193127424,114688
9,1791567985106,2499,2499,1254,1309,1263,1289,1258,1252,2500,2500,2500,2499,2499,2500,1254,1251,0,0,0,0,0,100,0,5.263157844543457,0,5,0,0,0,0,0,0,254640.99151611328,69378.03979492188,0,404327403520,8589930496,6193127424,114688
10,1791567985116,2499,2499,1254,1309,1263,1289,1258,1252,2500,2500,2500,2499,2499,2500,1254,1251,0,0,0,0,0,100,0,5.263157844543457,0,5,0,0,0,0,0,0,254641.14349365234,69378.36145019531,0,404327403520,8589930496,6193127424,114688
9,1791567985126,2499,2499,1254,1309,1263,1289,1258,1252,2500,2500,2500,2499,2499,2500,1254,1251,0,0,0,0,0,100,0,5.263157844543457,0,5,0,0,0,0,0,0,254641.3090209961,69378.72039794922,0,404327403520,8589930496,6192611328,114688
9,1791567985136,2499,2499,1254,1309,1263,1289,1258,1252,2500,2500,2500,2499,2499,2500,1254,1251,5.263157844543457,5,0,0,0,100,5,5,0,5,0,0,0,0,0,4.761904716491699,254641.46112060547,69379.04498291016,0,404327403520,8589930496,6175322112,114688
10,1791567985146,2499,2499,1254,1309,1263,1289,1258,1252,2500,2500,2500,2499,2499,2500,1254,1251,5.263157844543457,5,0,0,0,100,5,5,0,5,0,0,0,0,0,4.761904716491699,254641.60614013672,69379.36584472656,0,404327403520,8589930496,6175322112,114688
9,1791567985156,2499,2499,1254,1309,1263,1289,1258,1252,2500,2500,2500,2499,2499,2500,1254,1251,5.263157844543457,5,0,0,0,100,5,5,0,5,0,0,0,0,0,4.761904716491699,254641.75701904297,69379.68798828125,0,404327403520,8589930496,6175322112,114688
9,1791567985166,2499,2499,1254,1309,1263,1289,1258,1252,2500,2500,2500,2499,2499,2500,1254,1251,5.263157844543457,5,0,0,0,100,5,5,0,5,0,0,0,0,0,4.761904716491699,254641.90594482422,69380.01348876953,0,404327403520,8589930496,6175322112,114688
9,1791567985176,2499,2499,1254,1309,1263,1289,1258,1252,2500,2500,2500,2499,2499,2500,1254,1251,5.263157844543457,5,0,0,0,100,5,5,0,5,0,0,0,0,0,4.761904716491699,254642.0546875,69380.33935546875,0,404327403520,8589930496,6175322112,114688
9,1791567985187,2499,2499,1254,1309,1263,1289,1258,1252,2500,2500,2500,2499,2499,2500,1254,1251,5.263157844543457,5,0,0,0,100,5,5,0,5,0,0,0,0,0,4.761904716491699,254642.20501708984,69380.65728759766,0,404327403520,8589930496,6175322112,114688
9,1791567985197,2499,2499,1254,1309,1263,1289,1258,1252,2500,2500,2500,2499,2499,2500,1254,1251,5.263157844543457,5,0,0,0,100,5,5,0,5,0,0,0,0,0,4.761904716491699,254642.3553466797,69380.9833984375,0,404327403520,8589930496,6175322112,114688
10,1791567985207,2499,2499,1254,1309,1263,1289,1258,1252,2500,2500,2500,2499,2499,2500,1254,1251,5.263157844543457,5,0,0,0,100,5,5,0,5,0,0,0,0,0,4.761904716491699,254642.50311279297,69381.30932617188,0,404327403520,8589930496,6175322112,114688
9,1791567985217,2499,2499,1254,1309,1263,1289,1258,1252,2500,2500,2500,2499,2499,2500,1254,1251,5.263157844543457,5,0,0,0,100,5,5,0,5,0,0,0,0,0,4.761904716491699,254642.65454101563,69381.63470458984,0,404327403520,8589930496,6175322112,114688
9,1791567985227,2499,2499,1254,1309,1263,1289,1258,1252,2500,2500,2500,2499,2499,2500,1254,1251,5.263157844543457,5,0,0,0,100,5,5,0,5,0,0,0,0,0,4.761904716491699,254642.810546875,69381.95275878906,0,404327403520,8589930496,6175322112,114688
9,1791567985237,2499,2499,1254,1309,1263,1289,1258,1252,2500,2500,2500,2499,2499,2500,1254,1251,5.263157844543457,5,0,0,0,100,5,5,0,5,0,0,0,0,0,4.761904716491699,254642.96380615234,69382.27087402344,0,404327403520,8589930496,6175322112,114688
9,1791567985247,2499,2499,1254,1309,1263,1289,1258,1252,2500,2500,2500,2499,2499,2500,1254,1251,5.263157844543457,5,0,0,0,100,5,5,0,5,0,0,0,0,0,4.761904716491699,254643.1082763672,69382.59564208984,0,404327403520,8589930496,6175322112,114688
9,1791567985257,2499,2499,1254,1309,1263,1289,1258,1252,2500,2500,2500,2499,2499,2500,1254,1251,5.263157844543457,5,0,0,0,100,5,5,0,5,0,0,0,0,0,4.761904716491699,254643.25622558594,69382.91204833984,0,404327403520,8589930496,6175322112,114688
10,1791567985267,2499,2499,1254,1309,1263,1289,1258,1252,2500,2500,2500,2499,2499,2500,1254,1251,5.263157844543457,5,0,0,0,100,5,5,0,5,0,0,0,0,0,4.761904716491699,254643.40618896484,69383.23022460938,0,404327403520,8589930496,6175322112,114688
10,1791567985277,2499,2499,1254,1309,1263,1289,1258,1252,2500,2500,2500,2499,2499,2500,1254,1251,5.263157844543457,5,0,0,0,100,5,5,0,5,0,0,0,0,0,4.761904716491699,254643.55395507813,69383.5482788086,0,404327403520,8589930496,6175322112,114688
9,1791567985287,2499,2499,1254,1309,1263,1289,1258,1252,2500,2500,2500,2499,2499,2500,1254,1251,5.263157844543457,5,0,0,0,100,5,5,0,5,0,0,0,0,0,4.761904716491699,254643.72033691406,69383.9077758789,0,404327403520,8589930496,6175322112,114688
9,1791567985297,2499,2499,1254,1309,1263,1289,1258,1252,2500,2500,2500,2499,2499,2500,1254,1251,5.263157844543457,5,0,0,0,100,5,5,0,5,0,0,0,0,0,4.761904716491699,254643.86883544922,69384.234375,0,404327403520,8589930496,6175322112,114688
9,1791567985308,2499,2499,1254,1309,1263,1289,1258,1252,2500,2500,2500,2499,2499,2500,1254,1251,5.263157844543457,5,0,0,0,100,5,5,0,5,0,0,0,0,0,4.761904716491699,254644.01568603516,69384.55352783203,0,404327403520,8589930496,6175322112,114688
9,1791567985318,2499,2499,1254,1309,1263,1289,1258,1252,2500,2500,2500,2499,2499,2500,1254,1251,5.263157844543457,5,0,0,0,100,5,5,0,5,0,0,0,0,0,4.761904716491699,254644.16668701172,69384.8783569336,0,404327403520,8589930496,6175322112,114688
9,1791567985328,2499,2499,1254,1309,1263,1289,1258,1252,2500,2500,2500,2499,2499,2500,1254,1251,5.263157844543457,5,0,0,0,100,5,5,0,5,0,0,0,0,0,4.761904716491699,254644.32159423828,69385.20111083984,0,404327403520,8589930496,6175322112,114688
10,1791567985338,2499,2499,1254,1309,1263,1289,1258,1252,2500,2500,2500,2499,2499,2500,1254,1251,10,0,0,0,0,100,0,0,0,0,0,0,0,0,0,0,254644.4744873047,69385.52130126953,0,404327403520,8589930496,6175322112,114688
9,1791567985348,2499,2499,1254,1309,1263,1289,1258,1252,2500,2500,2500,2499,2499,2500,1254,1251,10,0,0,0,0,100,0,0,0,0,0,0,0,0,0,0,254644.62811279297,69385.84564208984,0,404327403520,8589930496,6175322112,114688
9,1791567985358,2499,2499,1254,1309,1263,1289,1258,1252,2500,2500,2500,2499,2499,2500,1254,1251,10,0,0,0,0,100,0,0,0,0,0,0,0,0,0,0,254644.78356933594,69386.16748046875,0,404327403520,8589930496,6175322112,114688
9,1791567985368,2499,2499,1254,1309,1263,1289,1258,1252,2500,2500,2500,2499,2499,2500,1254,1251,10,0,0,0,0,100,0,0,0,0,0,0,0,0,0,0,254644.93334960938,69386.48986816406,0,404327403520,8589930496,6175322112,114688
9,1791567985378,2499,2499,1254,1309,1263,1289,1258,1252,2500,2500,2500,2499,2499,2500,1254,1251,10,0,0,0,0,100,0,0,0,0,0,0,0,0,0,0,254645.08862304688,69386.81201171875,0,404327403520,8589930496,6175322112,114688
10,1791567985388,2499,2499,1254,1309,1263,1289,1258,1252,2500,2500,2500,2499,2499,2500,1254,1251,10,0,0,0,0,100,0,0,0,0,0,0,0,0,0,0,254645.24444580078,69387.13677978516,0,404327403520,8589930496,6175322112,114688
9,1791567985398,2499,2499,1254,1309,1263,1289,1258,1252,2500,2500,2500,2499,2499,2500,1254,1251,10,0,0,0,0,100,0,0,0,0,0,0,0,0,0,0,254645.3978881836,69387.45739746094,0,404327403520,8589930496,6175322112,114688
9,1791567985408,2499,2499,1254,1309,1263,1289,1258,1252,2500,2500,2500,2499,2499,2500,1254,1251,10,0,0,0,0,100,0,0,0,0,0,0,0,0,0,0,254645.55242919922,69387.77795410156,0,404327403520,8589930496,6175322112,114688
9,1791567985418,2499,2499,1254,1309,1263,1289,1258,1252,2500,2500,2500,2499,2499,2500,1254,1251,10,0,0,0,0,100,0,0,0,0,0,0,0,0,0,0,254645.70794677734,69388.0991821289,0,404327403520,8589930496,6175322112,114688
9,1791567985428,2499,2499,1254,1309,1263,1289,1258,1252,2500,2500,2500,2499,2499,2500,1254,1251,10,0,0,0,0,100,0,0,0,0,0,0,0,0,0,0,254645.86303710938,69388.41998291016,0,404327403520,8589930496,6175322112,114688
9,1791567985438,2499,2499,1254,1309,1263,1289,1258,1252,2500,2500,2500,2499,2499,2500,1254,1251,10,0,0,0,0,100,0,0,0,0,0,0,0,0,0,0,254646.01470947266,69388.73931884766,0,404327403520,8589930496,6175322112,114688
9,1791567985448,2499,2499,1254,1309,1263,1289,1258,1252,2500,2500,2500,2499,2499,2500,1254,1251,10,0,0,0,0,100,0,0,0,0,0,0,0,0,0,0,254646.18096923828,69389.08685302734,0,404327403520,8589930496,6175322112,114688
10,1791567985458,2499,2499,1254,1309,1263,1289,1258,1252,2500,2500,2500,2499,2499,2500,1254,1251,10,0,0,0,0,100,0,0,0,0,0,0,0,0,0,0,254646.3221435547,69389.37530517578,0,404327403520,8589930496,6175322112,114688
9,1791567985469,2499,2499,1254,1309,1263,1289,1258,1252,2500,2500,2500,2499,2499,2500,1254,1251,10,0,0,0,0,100,0,0,0,0,0,0,0,0,0,0,254646.49157714844,69389.73016357422,0,404327403520,8589930496,6175322112,114688
9,1791567985479,2499,2499,1254,1309,1263,1289,1258,1252,2500,2500,2500,2499,2499,2500,1254,1251,10,0,0,0,0,100,0,0,0,0,0,0,0,0,0,0,254646.64263916016,69390.05224609375,0,404327403520,8589930496,6175322112,114688
9,1791567985489,2499,2499,1254,1309,1263,1289,1258,1252,2500,2500,2500,2499,2499,2500,1254,1251,10,0,0,0,0,100,0,0,0,0,0,0,0,0,0,0,254646.79956054688,69390.37341308594,0,404327403520,8589930496,6175322112,114688
9,1791567985499,2499,2499,1254,1309,1263,1289,1258,1252,2500,2500,2500,2499,2499,2500,1254,1251,10,0,0,0,0,100,0,0,0,0,0,0,0,0,0,0,254646.95245361328,69390.6958618164,0,404327403520,8589930496,6175322112,114688
9,1791567985509,2499,2499,1254,1309,1263,1289,1258,1252,2500,2500,2500,2499,2499,2500,1254,1251,10,0,0,0,0,100,0,0,0,0,0,0,0,0,0,0,254647.10455322266,69391.01916503906,0,404327403520,8589930496,6175322112,114688
9,1791567985519,2499,2499,1254,1309,1263,1289,1258,1252,2500,2500,2500,2499,2499,2500,1254,1251,10,0,0,0,0,100,0,0,0,0,0,0,0,0,0,0,254647.25366210938,69391.34112548828,0,404327403520,8589930496,6175322112,114688
9,1791567985529,2499,2499,1254,1309,1263,1289,1258,1252,2500,2500,2500,2499,2499,2500,1254,1251,10,0,0,0,0,100,0,0,0,0,0,0,0,0,0,0,254647.4017944336,69391.66387939453,0,404327403520,8589930496,6175322112,114688
9,1791567985539,2499,2499,1254,1309,1263,1289,1258,1252,2500,2500,2500,2499,2499,2500,1254,1251,5.263157844543457,0,0,0,0,100,0,0,0,0,0,0,0,0,0,0,254647.55517578125,69391.98748779297,0,404327403520,8589930496,6175322112,114688
9,1791567985549,2499,2499,1254,1309,1263,1289,1258,1252,2500,2500,2500,2499,2499,2500,1254,1251,5.263157844543457,0,0,0,0,100,0,0,0,0,0,0,0,0,0,0,254647.71228027344,69392.28009033203,0,404327403520,8589930496,6175322112,114688
9,1791567985559,2499,2499,1254,1309,1263,1289,1258,1252,2500,2500,2500,2499,2499,2500,1254,1251,5.263157844543457,0,0,0,0,100,0,0,0,0,0,0,0,0,0,0,254647.8614501953,69392.6298828125,0,404327403520,8589930496,6175322112,114688
9,1791567985569,2499,2499,1254,1309,1263,1289,1258,1252,2500,2500,2500,2499,2499,2500,1254,1251,5.263157844543457,0,0,0,0,100,0,0,0,0,0,0,0,0,0,0,254648.01489257813,69392.95043945313,0,404327403520,8589930496,6175322112,114688
10,1791567985579,2499,2499,1254,1309,1263,1289,1258,1252,2500,2500,2500,2499,2499,2500,1254,1251,5.263157844543457,0,0,0,0,100,0,0,0,0,0,0,0,0,0,0,254648.16998291016,69393.27044677734,0,404327403520,8589930496,6175322112,114688
10,1791567985589,2499,2499,1254,1309,1263,1289,1258,1252,2500,2500,2500,2499,2499,2500,1254,1251,5.263157844543457,0,0,0,0,100,0,0,0,0,0,0,0,0,0,0,254648.32891845703,69393.58978271484,0,404327403520,8589930496,6175322112,114688
9,1791567985600,2499,2499,1254,1309,1263,1289,1258,1252,2500,2500,2500,2499,2499,2500,1254,1251,5.263157844543457,0,0,0,0,100,0,0,0,0,0,0,0,0,0,0,254648.49975585938,69393.94219970703,0,404327403520,8589930496,6175322112,114688
9,1791567985610,2499,2499,1254,1309,1263,1289,1258,1252,2500,2500,2500,2499,2499,2500,1254,1251,5.263157844543457,0,0,0,0,100,0,0,0,0,0,0,0,0,0,0,254648.65576171875,69394.26080322266,0,404327403520,8589930496,6175322112,114688
9,1791567985620,2499,2499,1254,1309,1263,1289,1258,1252,2500,2500,2500,2499,2499,2500,1254,1251,5.263157844543457,0,0,0,0,100,0,0,0,0,0,0,0,0,0,0,254648.79913330078,69394.5454711914,0,404327403520,8589930496,6175322112,114688
9,1791567985630,2499,2499,1254,1309,1263,1289,1258,1252,2500,2500,2500,2499,2499,2500,1254,1251,5.263157844543457,0,0,0,0,100,0,0,0,0,0,0,0,0,0,0,254648.96997070313,69394.89733886719,0,404327403520,8589930496,6175322112,114688
9,1791567985640,2499,2499,1254,1309,1263,1289,1258,1252,2500,2500,2500,2499,2499,2500,1254,1251,5.263157844543457,0,0,0,0,100,0,0,0,0,0,0,0,0,0,0,254649.1254272461,69395.21795654297,0,404327403520,8589930496,6175322112,114688
9,1791567985650,2499,2499,1254,1309,1263,1289,1258,1252,2500,2500,2500,2499,2499,2500,1254,1251,5.263157844543457,0,0,0,0,100,0,0,0,0,0,0,0,0,0,0,254649.2719116211,69395.53619384766,0,404327403520,8589930496,6175322112,114688
9,1791567985660,2499,2499,1254,1309,1263,1289,1258,1252,2500,2500,2500,2499,2499,2500,1254,1251,5.263157844543457,0,0,0,0,100,0,0,0,0,0,0,0,0,0,0,254649.42645263672,69395.85583496094,0,404327403520,8589930496,6175322112,114688
9,1791567985670,2499,2499,1254,1309,1263,1289,1258,1252,2500,2500,2500,2499,2499,2500,1254,1251,5.263157844543457,0,0,0,0,100,0,0,0,0,0,0,0,0,0,0,254649.57971191406,69396.18096923828,0,404327403520,8589930496,6175322112,114688
9,1791567985680,2499,2499,1254,1309,1263,1289,1258,1252,2500,2500,2500,2499,2499,2500,1254,1251,5.263157844543457,0,0,0,0,100,0,0,0,0,0,0,0,0,0,0,254649.72985839844,69396.49523925781,0,404327403520,8589930496,6175322112,114688
9,1791567985690,2499,2499,1254,1309,1263,1289,1258,1252,2500,2500,2500,2499,2499,2500,1254,1251,5.263157844543457,0,0,0,0,100,0,0,0,0,0,0,0,0,0,0,254649.88409423828,69396.81237792969,0,404327403520,8589930496,6175322112,114688
9,1791567985700,2499,2499,1254,1309,1263,1289,1258,1252,2500,2500,2500,2499,2499,2500,1254,1251,5.263157844543457,0,0,0,0,100,0,0,0,0,0,0,0,0,0,0,254650.0346069336,69397.13177490234,0,404327403520,8589930496,6175322112,114688
10,1791567985710,2499,2499,1254,1309,1263,1289,1258,1252,2500,2500,2500,2499,2499,2500,1254,1251,5.263157844543457,0,0,0,0,100,0,0,0,0,0,0,0,0,0,0,254650.1864013672,69397.44635009766,0,404327403520,8589930496,6175322112,114688
10,1791567985720,2499,2499,1254,1309,1263,1289,1258,1252,2500,2500,2500,2499,2499,2500,1254,1251,5.263157844543457,0,0,0,0,100,0,0,0,0,0,0,0,0,0,0,254650.3384399414,69397.76263427734,0,404327403520,8589930496,6175322112,114688
9,1791567985730,2499,2499,1254,1309,1263,1289,1258,1252,2500,2500,2500,2499,2499,2500,1254,1251,5.263157844543457,0,0,0,0,100,0,0,0,0,0,0,0,0,0,0,254650.49169921875,69398.08526611328,0,404327403520,8589930496,6175322112,114688
9,1791567985741,2499,2499,1254,1309,1263,1289,1258,1252,2500,2500,2500,2499,2499,2500,1254,1251,14.285715103149414,0,0,0,0,100,0,0,0,0,0,0,0,0,0,0,254650.6431274414,69398.40197753906,0,404327403520,8589930496,6175322112,114688
9,1791567985751,2499,2499,1254,1309,1263,1289,1258,1252,2500,2500,2500,2499,2499,2500,1254,1251,14.285715103149414,0,0,0,0,100,0,0,0,0,0,0,0,0,0,0,254650.81671142578,69398.75451660156,0,404327403520,8589930496,6175322112,114688
10,1791567985761,2499,2499,1254,1309,1263,1289,1258,1252,2500,2500,2500,2499,2499,2500,1254,1251,14.285715103149414,0,0,0,0,100,0,0,0,0,0,0,0,0,0,0,254650.9566040039,69399.04162597656,0,404327403520,8589930496,6175322112,114688
10,1791567985771,2499,2499,1254,1309,1263,1289,1258,1252,2500,2500,2500,2499,2499,2500,1254,1251,14.285715103149414,0,0,0,0,100,0,0,0,0,0,0,0,0,0,0,254651.10913085938,69399.36181640625,0,404327403520,8589930496,6175322112,114688
9,1791567985781,2499,2499,1254,1309,1263,1289,1258,1252,2500,2500,2500,2499,2499,2500,1254,1251,14.285715103149414,0,0,0,0,100,0,0,0,0,0,0,0,0,0,0,254651.27612304688,69399.71557617188,0,404327403520,8589930496,6170861568,114688
9,1791567985791,2499,2499,1254,1309,1263,1289,1258,1252,2500,2500,2500,2499,2499,2500,1254,1251,14.285715103149414,0,0,0,0,100,0,0,0,0,0,0,0,0,0,0,254651.43194580078,69400.0346069336,0,404327403520,8589930496,6170861568,114688
9,1791567985801,2499,2499,1254,1309,1263,1289,1258,1252,2500,2500,2500,2499,2499,2500,1254,1251,14.285715103149414,0,0,0,0,100,0,0,0,0,0,0,0,0,0,0,254651.5830078125,69400.35943603516,0,404327403520,8589930496,6170861568,114688
9,1791567985811,2499,2499,1254,1309,1263,1289,1258,1252,2500,2500,2500,2499,2499,2500,1254,1251,14.285715103149414,0,0,0,0,100,0,0,0,0,0,0,0,0,0,0,254651.7342529297,69400.68194580078,0,404327403520,8589930496,6164914176,114688
9,1791567985821,2499,2499,1254,1309,1263,1289,1258,1252,2500,2500,2500,2499,2499,2500,1254,1251,14.285715103149414,0,0,0,0,100,0,0,0,0,0,0,0,0,0,0,254651.89208984375,69401.0029296875,0,404327403520,8589930496,6161940480,114688
9,1791567985831,2499,2499,1254,1309,1263,1289,1258,1252,2500,2500,2500,2499,2499,2500,1254,1251,14.285715103149414,0,0,0,0,100,0,0,0,0,0,0,0,0,0,0,254652.04150390625,69401.3246459961,0,404327403520,8589930496,6161940480,114688
9,1791567985841,2499,2499,1254,1309,1263,1289,1258,1252,2500,2500,2500,2499,2499,2500,1254,1251,14.285715103149414,0,0,0,0,100,0,0,0,0,0,0,0,0,0,0,254652.18823242188,69401.64587402344,0,404327403520,8589930496,6156984320,114688
9,1791567985851,2499,2499,1254,1309,1263,1289,1258,1252,2500,2500,2500,2499,2499,2500,1254,1251,14.285715103149414,0,0,0,0,100,0,0,0,0,0,0,0,0,0,0,254652.33947753906,69401.96862792969,0,404327403520,8589930496,6156984320,114688
9,1791567985861,2499,2499,1254,1309,1263,1289,1258,1252,2500,2500,2500,2499,2499,2500,1254,1251,14.285715103149414,0,0,0,0,100,0,0,0,0,0,0,0,0,0,0,254652.49279785156,69402.29388427734,0,404327403520,8589930496,6150045696,114688
10,1791567985871,2499,2499,1254,1309,1263,1289,1258,1252,2500,2500,2500,2499,2499,2500,1254,1251,14.285715103149414,0,0,0,0,100,0,0,0,0,0,0,0,0,0,0,254652.6444091797,69402.6187133789,0,404327403520,8589930496,6150045696,114688
9,1791567985882,2499,2499,1254,1309,1263,1289,1258,1252,2500,2500,2500,2499,2499,2500,1254,1251,14.285715103149414,0,0,0,0,100,0,0,0,0,0,0,0,0,0,0,254652.7993774414,69402.94384765625,0,404327403520,8589930496,6150045696,114688
10,1791567985892,2499,2499,1254,1309,1263,1289,1258,1252,2500,2500,2500,2499,2499,2500,1254,1251,14.285715103149414,0,0,0,0,100,0,0,0,0,0,0,0,0,0,0,254652.95483398438,69403.2631225586,0,404327403520,8589930496,6143602688,114688
9,1791567985902,2499,2499,1254,1309,1263,1289,1258,1252,2500,2500,2500,2499,2499,2500,1254,1251,14.285715103149414,0,0,0,0,100,0,0,0,0,0,0,0,0,0,0,254653.11029052734,69403.58392333984,0,404327403520,8589930496,6140628992,114688
9,1791567985912,2499,2499,1254,1309,1263,1289,1258,1252,2500,2500,2500,2499,2499,2500,1254,1251,14.285715103149414,0,0,0,0,100,0,0,0,0,0,0,0,0,0,0,254653.26666259766,69403.9072265625,0,404327403520,8589930496,6140628992,114688
9,1791567985922,2499,2499,1254,1309,1263,1289,1258,1252,2500,2500,2500,2499,2499,2500,1254,1251,14.285715103149414,0,0,0,0,100,0,0,0,0,0,0,0,0,0,0,254653.42065429688,69404.2314453125,0,404327403520,8589930496,6135672832,114688
9,1791567985932,2499,2499,1254,1309,1263,1289,1258,1252,2500,2500,2500,2499,2499,2500,1254,1251,14.285715103149414,0,0,0,0,100,0,0,0,0,0,0,0,0,0,0,254653.5892944336,69404.58447265625,0,404327403520,8589930496,6133194752,114688
9,1791567985942,2499,2499,1254,1309,1263,1289,1258,1252,2500,2500,2500,2499,2499,2500,1254,1251,5,5.263157844543457,0,0,0,100,0,0,0,0,0,0,0,0,0,0,254653.74438476563,69404.90985107422,0,404327403520,8589930496,6133194752,114688
9,1791567985952,2499,2499,1254,1309,1263,1289,1258,1252,2500,2500,2500,2499,2499,2500,1254,1251,5,5.263157844543457,0,0,0,100,0,0,0,0,0,0,0,0,0,0,254653.89471435547,69405.23132324219,0,404327403520,8589930496,6126751744,114688
10,1791567985962,2499,2499,1254,1309,1263,1289,1258,1252,2500,2500,2500,2499,2499,2500,1254,1251,5,5.263157844543457,0,0,0,100,0,0,0,0,0,0,0,0,0,0,254654.04852294922,69405.54907226563,0,404327403520,8589930496,6126751744,114688
10,1791567985972,2499,2499,1254,1309,1263,1289,1258,1252,2500,2500,2500,2499,2499,2500,1254,1251,5,5.263157844543457,0,0,0,100,0,0,0,0,0,0,0,0,0,0,254654.1986694336,69405.87048339844,0,404327403520,8589930496,6123282432,114688
9,1791567985982,2499,2499,1254,1309,1263,1289,1258,1252,2500,2500,2500,2499,2499,2500,1254,1251,5,5.263157844543457,0,0,0,100,0,0,0,0,0,0,0,0,0,0,254654.35522460938,69406.19116210938,0,404327403520,8589930496,6120804352,114688
10,1791567985992,2499,2499,1254,1309,1263,1289,1258,1252,2500,2500,2500,2499,2499,2500,1254,1251,5,5.263157844543457,0,0,0,100,0,0,0,0,0,0,0,0,0,0,254654.51080322266,69406.51434326172,0,404327403520,8589930496,6120804352,114688
9,1791567986002,2499,2499,1254,1309,1263,1289,1258,1252,2500,2500,2500,2499,2499,2500,1254,1251,5,5.263157844543457,0,0,0,100,0,0,0,0,0,0,0,0,0,0,254654.66040039063,69406.8394165039,0,404327403520,8589930496,6110892032,114688
10,1791567986012,2499,2499,1254,1309,1263,1289,1258,1252,2500,2500,2500,2499,2499,2500,1254,1251,5,5.263157844543457,0,0,0,100,0,0,0,0,0,0,0,0,0,0,254654.8087158203,69407.16589355469,0,404327403520,8589930496,6103457792,114688
10,1791567986022,2499,2499,1254,1309,1263,1289,1258,1252,2500,2500,2500,2499,2499,2500,1254,1251,5,5.263157844543457,0,0,0,100,0,0,0,0,0,0,0,0,0,0,254654.96014404297,69407.4873046875,0,404327403520,8589930496,6103457792,114688
9,1791567986033,2499,2499,1254,1309,1263,1289,1258,1252,2500,2500,2500,2499,2499,2500,1254,1251,5,5.263157844543457,0,0,0,100,0,0,0,0,0,0,0,0,0,0,254655.11248779297,69407.81085205078,0,404327403520,8589930496,6103457792,114688
9,1791567986043,2499,2499,1254,1309,1263,1289,1258,1252,2500,2500,2500,2499,2499,2500,1254,1251,5,5.263157844543457,0,0,0,100,0,0,0,0,0,0,0,0,0,0,254655.26611328125,69408.1351928711,0,404327403520,8589930496,6103457792,114688
9,1791567986053,2499,2499,1254,1309,1263,1289,1258,1252,2500,2500,2500,2499,2499,2500,1254,1251,5,5.263157844543457,0,0,0,100,0,0,0,0,0,0,0,0,0,0,254655.4164428711,69408.45581054688,0,404327403520,8589930496,6103457792,114688
9,1791567986063,2499,2499,1254,1309,1263,1289,1258,1252,2500,2500,2500,2499,2499,2500,1254,1251,5,5.263157844543457,0,0,0,100,0,0,0,0,0,0,0,0,0,0,254655.56787109375,69408.7798461914,0,404327403520,8589930496,6103457792,114688
9,1791567986073,2499,2499,1254,1309,1263,1289,1258,1252,2500,2500,2500,2499,2499,2500,1254,1251,5,5.263157844543457,0,0,0,100,0,0,0,0,0,0,0,0,0,0,254655.7251586914,69409.09747314453,0,404327403520,8589930496,6103457792,114688
9,1791567986083,2499,2499,1254,1309,1263,1289,1258,1252,2500,2500,2500,2499,2499,2500,1254,1251,5,5.263157844543457,0,0,0,100,0,0,0,0,0,0,0,0,0,0,254655.876953125,69409.41638183594,0,404327403520,8589930496,6103457792,114688
9,1791567986093,2499,2499,1254,1309,1263,1289,1258,1252,2500,2500,2500,2499,2499,2500,1254,1251,5,5.263157844543457,0,0,0,100,0,0,0,0,0,0,0,0,0,0,254656.046875,69409.77069091797,0,404327403520,8589930496,6078832640,114688
9,1791567986103,2499,2499,1254,1309,1263,1289,1258,1252,2500,2500,2500,2499,2499,2500,1254,1251,5,5.263157844543457,0,0,0,100,0,0,0,0,0,0,0,0,0,0,254656.20050048828,69410.0932006836,0,404327403520,8589930496,6078832640,114688
10,1791567986113,2499,2499,1254,1309,1263,1289,1258,1252,2500,2500,2500,2499,2499,2500,1254,1251,5,5.263157844543457,0,0,0,100,0,0,0,0,0,0,0,0,0,0,254656.3380126953,69410.38446044922,0,404327403520,8589930496,6078832640,114688
9,1791567986123,2499,2499,1254,1309,1263,1289,1258,1252,2500,2500,2500,2499,2499,2500,1254,1251,5,5.263157844543457,0,0,0,100,0,0,0,0,0,0,0,0,0,0,254656.50830078125,69410.7398071289,0,404327403520,8589930496,6078832640,114688
9,1791567986133,2499,2499,1254,1309,1263,1289,1258,1252,2500,2500,2500,2499,2499,2500,1254,1251,5,5.263157844543457,0,0,0,100,0,0,0,0,0,0,0,0,0,0,254656.66235351563,69411.0615234375,0,404327403520,8589930496,6078832640,114688
10,1791567986143,2499,2499,1254,1309,1263,1289,1258,1252,2500,2500,2500,2499,2499,2500,1254,1251,14.285715103149414,5,0,0,0,100,0,0,5,0,0,0,0,0,0,0,254656.81799316406,69411.38122558594,0,404327403520,8589930496,6078832640,114688
9,1791567986153,2499,2499,1254,1309,1263,1289,1258,1252,2500,2500,2500,2499,2499,2500,1254,1251,14.285715103149414,5,0,0,0,100,0,0,5,0,0,0,0,0,0,0,254656.97283935547,69411.70068359375,0,404327403520,8589930496,6078574592,114688
9,1791567986164,2499,2499,1254,1309,1263,1289,1258,1252,2500,2500,2500,2499,2499,2500,1254,1251,14.285715103149414,5,0,0,0,100,0,0,5,0,0,0,0,0,0,0,254657.1255493164,69412.02349853516,0,404327403520,8589930496,6078574592,114688
9,1791567986174,2499,2499,1254,1309,1263,1289,1258,1252,2500,2500,2500,2499,2499,2500,1254,1251,14.285715103149414,5,0,0,0,100,0,0,5,0,0,0,0,0,0,0,254657.27569580078,69412.34655761719,0,404327403520,8589930496,6078574592,114688
9,1791567986184,2499,2499,1254,1309,1263,1289,1258,1252,2500,2500,2500,2499,2499,2500,1254,1251,14.285715103149414,5,0,0,0,100,0,0,5,0,0,0,0,0,0,0,254657.4273071289,69412.67211914063,0,404327403520,8589930496,6078574592,114688
9,1791567986194,2499,2499,1254,1309,1263,1289,1258,1252,2500,2500,2500,2499,2499,2500,1254,1251,14.285715103149414,5,0,0,0,100,0,0,5,0,0,0,0,0,0,0,254657.58123779297,69412.98754882813,0,404327403520,8589930496,6078574592,114688
9,1791567986204,2499,2499,1254,1309,1263,1289,1258,1252,2500,2500,2500,2499,2499,2500,1254,1251,14.285715103149414,5,0,0,0,100,0,0,5,0,0,0,0,0,0,0,254657.72790527344,69413.30389404297,0,404327403520,8589930496,6078574592,114688
9,1791567986214,2499,2499,1254,1309,1263,1289,1258,1252,2500,2500,2500,2499,2499,2500,1254,1251,14.285715103149414,5,0,0,0,100,0,0,5,0,0,0,0,0,0,0,254657.88153076172,69413.62158203125,0,404327403520,8589930496,6078574592,114688
9,1791567986224,2499,2499,1254,1309,1263,1289,1258,1252,2500,2500,2500,2499,2499,2500,1254,1251,14.285715103149414,5,0,0,0,100,0,0,5,0,0,0,0,0,0,0,254658.03900146484,69413.9467163086,0,404327403520,8589930496,6078574592,114688
9,1791567986234,2499,2499,1254,1309,1263,1289,1258,1252,2500,2500,2500,2499,2499,2500,1254,1251,14.285715103149414,5,0,0,0,100,0,0,5,0,0,0,0,0,0,0,254658.19464111328,69414.27282714844,0,404327403520,8589930496,6078574592,114688
9,1791567986244,2499,2499,1254,1309,1263,1289,1258,1252,2500,2500,2500,2499,2499,2500,1254,1251,14.285715103149414,5,0,0,0,100,0,0,5,0,0,0,0,0,0,0,254658.34735107422,69414.59674072266,0,404327403520,8589930496,6078574592,114688
9,1791567986254,2499,2499,1254,1309,1263,1289,1258,1252,2500,2500,2500,2499,2499,2500,1254,1251,14.285715103149414,5,0,0,0,100,0,0,5,0,0,0,0,0,0,0,254658.50018310547,69414.91882324219,0,404327403520,8589930496,6078574592,114688
9,1791567986264,2499,2499,1254,1309,1263,1289,1258,1252,2500,2500,2500,2499,2499,2500,1254,1251,14.285715103149414,5,0,0,0,100,0,0,5,0,0,0,0,0,0,0,254658.6499633789,69415.24114990234,0,404327403520,8589930496,6078574592,114688
9,1791567986274,2499,2499,1254,1309,1263,1289,1258,1252,2500,2500,2500,2499,2499,2500,1254,1251,14.285715103149414,5,0,0,0,100,0,0,5,0,0,0,0,0,0,0,254658.81677246094,69415.59362792969,0,404327403520,8589930496,6078574592,114688
10,1791567986284,2499,2499,1254,1309,1263,1289,1258,1252,2500,2500,2500,2499,2499,2500,1254,1251,14.285715103149414,5,0,0,0,100,0,0,5,0,0,0,0,0,0,0,254658.95080566406,69415.88482666016,0,404327403520,8589930496,6078574592,114688
9,1791567986295,2499,2499,1254,1309,1263,1289,1258,1252,2500,2500,2500,2499,2499,2500,1254,1251,14.285715103149414,5,0,0,0,100,0,0,5,0,0,0,0,0,0,0,254659.11889648438,69416.2388305664,0,404327403520,8589930496,6078574592,114688
10,1791567986304,2499,2499,1254,1309,1263,1289,1258,1252,2500,2500,2500,2499,2499,2500,1254,1251,14.285715103149414,5,0,0,0,100,0,0,5,0,0,0,0,0,0,0,254659.27197265625,69416.56567382813,0,404327403520,8589930496,6078574592,114688
9,1791567986315,2499,2499,1254,1309,1263,1289,1258,1252,2500,2500,2500,2499,2499,2500,1254,1251,14.285715103149414,5,0,0,0,100,0,0,5,0,0,0,0,0,0,0,254659.42504882813,69416.88262939453,0,404327403520,8589930496,6078574592,114688
9,1791567986325,2499,2499,1254,1309,1263,1289,1258,1252,2500,2500,2500,2499,2499,2500,1254,1251,14.285715103149414,5,0,0,0,100,0,0,5,0,0,0,0,0,0,0,254659.5743408203,69417.20623779297,0,404327403520,8589930496,6078574592,114688
9,1791567986335,2499,2499,1254,1309,1263,1289,1258,1252,2500,2500,2500,2499,2499,2500,1254,1251,14.285715103149414,5,0,0,0,100,0,0,5,0,0,0,0,0,0,0,254659.7208251953,69417.52825927734,0,404327403520,8589930496,6078574592,114688
9,1791567986345,2499,2499,1254,1309,1263,1289,1258,1252,2500,2500,2500,2499,2499,2500,1254,1251,5.263157844543457,0,0,0,0,100,0,0,0,0,0,0,0,0,0,0,254659.87280273438,69417.84851074219,0,404327403520,8589930496,6078574592,114688
9,1791567986355,2499,2499,1254,1309,1263,1289,1258,1252,2500,2500,2500,2499,2499,2500,1254,1251,5.263157844543457,0,0,0,0,100,0,0,0,0,0,0,0,0,0,0,254660.02276611328,69418.17126464844,0,404327403520,8589930496,6078574592,114688
9,1791567986365,2499,2499,1254,1309,1263,1289,1258,1252,2500,2500,2500,2499,2499,2500,1254,1251,5.263157844543457,0,0,0,0,100,0,0,0,0,0,0,0,0,0,0,254660.1773071289,69418.49951171875,0,404327403520,8589930496,6078574592,114688
9,1791567986375,2499,2499,1254,1309,1263,1289,1258,1252,2500,2500,2500,2499,2499,2500,1254,1251,5.263157844543457,0,0,0,0,100,0,0,0,0,0,0,0,0,0,0,254660.33264160156,69418.8267211914,0,404327403520,8589930496,6078574592,114688
9,1791567986385,2499,2499,1254,1309,1263,1289,1258,1252,2500,2500,2500,2499,2499,2500,1254,1251,5.263157844543457,0,0,0,0,100,0,0,0,0,0,0,0,0,0,0,254660.48876953125,69419.15130615234,0,404327403520,8589930496,6078574592,114688
10,1791567986395,2499,2499,1254,1309,1263,1289,1258,1252,2500,2500,2500,2499,2499,2500,1254,1251,5.263157844543457,0,0,0,0,100,0,0,0,0,0,0,0,0,0,0,254660.63763427734,69419.47399902344,0,404327403520,8589930496,6078574592,114688
10,1791567986405,2499,2499,1254,1309,1263,1289,1258,1252,2500,2500,2500,2499,2499,2500,1254,1251,5.263157844543457,0,0,0,0,100,0,0,0,0,0,0,0,0,0,0,254660.78576660156,69419.79913330078,0,404327403520,8589930496,6078574592,114688
9,1791567986415,2499,2499,1254,1309,1263,1289,1258,1252,2500,2500,2500,2499,2499,2500,1254,1251,5.263157844543457,0,0,0,0,100,0,0,0,0,0,0,0,0,0,0,254660.94140625,69420.11627197266,0,404327403520,8589930496,6078574592,114688
9,1791567986425,2499,2499,1254,1309,1263,1289,1258,1252,2500,2500,2500,2499,2499,2500,1254,1251,5.263157844543457,0,0,0,0,100,0,0,0,0,0,0,0,0,0,0,254661.0961303711,69420.43719482422,0,404327403520,8589930496,6078574592,114688
9,1791567986435,2499,2499,1254,1309,1263,1289,1258,1252,2500,2500,2500,2499,2499,2500,1254,1251,5.263157844543457,0,0,0,0,100,0,0,0,0,0,0,0,0,0,0,254661.2651977539,69420.79272460938,0,404327403520,8589930496,6078574592,114688
9,1791567986446,2499,2499,1254,1309,1263,1289,1258,1252,2500,2500,2500,2499,2499,2500,1254,1251,5.263157844543457,0,0,0,0,100,0,0,0,0,0,0,0,0,0,0,254661.4208984375,69421.1138305664,0,404327403520,8589930496,6078574592,114688
10,1791567986455,2499,2499,1254,1309,1263,1289,1258,1252,2500,2500,2500,2499,2499,2500,1254,1251,5.263157844543457,0,0,0,0,100,0,0,0,0,0,0,0,0,0,0,254661.5567626953,69421.40319824219,0,404327403520,8589930496,6078574592,114688
9,1791567986466,2499,2499,1254,1309,1263,1289,1258,1252,2500,2500,2500,2499,2499,2500,1254,1251,5.263157844543457,0,0,0,0,100,0,0,0,0,0,0,0,0,0,0,254661.72723388672,69421.75421142578,0,404327403520,8589930496,6078574592,114688
9,1791567986476,2499,2499,1254,1309,1263,1289,1258,1252,2500,2500,2500,2499,2499,2500,1254,1251,5.263157844543457,0,0,0,0,100,0,0,0,0,0,0,0,0,0,0,254661.88122558594,69422.07360839844,0,404327403520,8589930496,6078574592,114688
9,1791567986486,2499,2499,1254,1309,1263,1289,1258,1252,2500,2500,2500,2499,2499,2500,1254,1251,5.263157844543457,0,0,0,0,100,0,0,0,0,0,0,0,0,0,0,254662.03399658203,69422.39739990234,0,404327403520,8589930496,6078574592,114688
9,1791567986496,2499,2499,1254,1309,1263,1289,1258,1252,2500,2500,2500,2499,2499,2500,1254,1251,5.263157844543457,0,0,0,0,100,0,0,0,0,0,0,0,0,0,0,254662.18670654297,69422.72045898438,0,404327403520,8589930496,6078574592,114688
9,1791567986506,2499,2499,1254,1309,1263,1289,1258,1252,2500,2500,2500,2499,2499,2500,1254,1251,5.263157844543457,0,0,0,0,100,0,0,0,0,0,0,0,0,0,0,254662.33959960938,69423.0439453125,0,404327403520,8589930496,6078574592,114688
9,1791567986516,2499,2499,1254,1309,1263,1289,1258,1252,2500,2500,2500,2499,2499,2500,1254,1251,5.263157844543457,0,0,0,0,100,0,0,0,0,0,0,0,0,0,0,254662.49139404297,69423.36901855469,0,404327403520,8589930496,6078574592,114688
9,1791567986526,2499,2499,1254,1309,1263,1289,1258,1252,2500,2500,2500,2499,2499,2500,1254,1251,5.263157844543457,0,0,0,0,100,0,0,0,0,0,0,0,0,0,0,254662.6441040039,69423.68798828125,0,404327403520,8589930496,6078574592,114688
10,1791567986536,2499,2499,1254,1309,1263,1289,1258,1252,2500,2500,2500,2499,2499,2500,1254,1251,5.263157844543457,0,0,0,0,100,0,0,0,0,0,0,0,0,0,0,254662.79998779297,69424.00799560547,0,404327403520,8589930496,6078574592,114688
9,1791567986546,2499,2499,1254,1309,1263,1289,1258,1252,2500,2500,2500,2499,2499,2500,1254,1251,14.285715103149414,0,0,0,0,100,0,0,0,0,0,0,0,0,0,0,254662.95263671875,69424.32818603516,0,404327403520,8589930496,6078574592,114688
9,1791567986556,2499,2499,1254,1309,1263,1289,1258,1252,2500,2500,2500,2499,2499,2500,1254,1251,14.285715103149414,0,0,0,0,100,0,0,0,0,0,0,0,0,0,0,254663.1088256836,69424.65319824219,0,404327403520,8589930496,6078574592,114688
9,1791567986566,2499,2499,1254,1309,1263,1289,1258,1252,2500,2500,2500,2499,2499,2500,1254,1251,14.285715103149414,0,0,0,0,100,0,0,0,0,0,0,0,0,0,0,254663.25897216797,69424.97778320313,0,404327403520,8589930496,6078574592,114688
9,1791567986577,2499,2499,1254,1309,1263,1289,1258,1252,2500,2500,2500,2499,2499,2500,1254,1251,14.285715103149414,0,0,0,0,100,0,0,0,0,0,0,0,0,0,0,254663.42614746094,69425.32794189453,0,404327403520,8589930496,6078574592,114688
10,1791567986586,2499,2499,1254,1309,1263,1289,1258,1252,2500,2500,2500,2499,2499,2500,1254,1251,14.285715103149414,0,0,0,0,100,0,0,0,0,0,0,0,0,0,0,254663.56915283203,69425.6167602539,0,404327403520,8589930496,6078574592,114688
10,1791567986597,2499,2499,1254,1309,1263,1289,1258,1252,2500,2500,2500,2499,2499,2500,1254,1251,14.285715103149414,0,0,0,0,100,0,0,0,0,0,0,0,0,0,0,254663.72314453125,69425.94256591797,0,404327403520,8589930496,6078574592,114688
9,1791567986607,2499,2499,1254,1309,1263,1289,1258,1252,2500,2500,2500,2499,2499,2500,1254,1251,14.285715103149414,0,0,0,0,100,0,0,0,0,0,0,0,0,0,0,254663.89123535156,69426.30010986328,0,404327403520,8589930496,6078574592,114688
9,1791567986617,2499,2499,1254,1309,1263,1289,1258,1252,2500,2500,2500,2499,2499,2500,1254,1251,14.285715103149414,0,0,0,0,100,0,0,0,0,0,0,0,0,0,0,254664.0479736328,69426.62512207031,0,404327403520,8589930496,6078574592,114688
9,1791567986627,2499,2499,1254,1309,1263,1289,1258,1252,2500,2500,2500,2499,2499,2500,1254,1251,14.285715103149414,0,0,0,0,100,0,0,0,0,0,0,0,0,0,0,254664.2026977539,69426.94989013672,0,404327403520,8589930496,6078574592,114688
9,1791567986637,2499,2499,1254,1309,1263,1289,1258,1252,2500,2500,2500,2499,2499,2500,1254,1251,14.285715103149414,0,0,0,0,100,0,0,0,0,0,0,0,0,0,0,254664.35693359375,69427.27374267578,0,404327403520,8589930496,6078574592,114688
9,1791567986647,2499,2499,1254,1309,1263,1289,1258,1252,2500,2500,2500,2499,2499,2500,1254,1251,14.285715103149414,0,0,0,0,100,0,0,0,0,0,0,0,0,0,0,254664.51147460938,69427.59704589844,0,404327403520,8589930496,6078574592,114688
9,1791567986657,2499,2499,1254,1309,1263,1289,1258,1252,2500,2500,2500,2499,2499,2500,1254,1251,14.285715103149414,0,0,0,0,100,0,0,0,0,0,0,0,0,0,0,254664.66571044922,69427.91931152344,0,404327403520,8589930496,6078574592,114688
9,1791567986667,2499,2499,1254,1309,1263,1289,1258,1252,2500,2500,2500,2499,2499,2500,1254,1251,14.285715103149414,0,0,0,0,100,0,0,0,0,0,0,0,0,0,0,254664.82189941406,69428.2426147461,0,404327403520,8589930496,6078574592,114688
10,1791567986677,2499,2499,1254,1309,1263,1289,1258,1252,2500,2500,2500,2499,2499,2500,1254,1251,14.285715103149414,0,0,0,0,100,0,0,0,0,0,0,0,0,0,0,254664.97534179688,69428.5609741211,0,404327403520,8589930496,6078574592,114688
9,1791567986687,2499,2499,1254,1309,1263,1289,1258,1252,2500,2500,2500,2499,2499,2500,1254,1251,14.285715103149414,0,0,0,0,100,0,0,0,0,0,0,0,0,0,0,254665.13079833984,69428.8812866211,0,404327403520,8589930496,6078574592,114688
9,1791567986697,2499,2499,1254,1309,1263,1289,1258,1252,2500,2500,2500,2499,2499,2500,1254,1251,14.285715103149414,0,0,0,0,100,0,0,0,0,0,0,0,0,0,0,254665.28515625,69429.1997680664,0,404327403520,8589930496,6078574592,114688
10,1791567986707,2499,2499,1254,1309,1263,1289,1258,1252,2500,2500,2500,2499,2499,2500,1254,1251,14.285715103149414,0,0,0,0,100,0,0,0,0,0,0,0,0,0,0,254665.4422607422,69429.5205078125,0,404327403520,8589930496,6078574592,114688
9,1791567986718,2499,2499,1254,1309,1263,1289,1258,1252,2500,2500,2500,2499,2499,2500,1254,1251,14.285715103149414,0,0,0,0,100,0,0,0,0,0,0,0,0,0,0,254665.59826660156,69429.84210205078,0,404327403520,8589930496,6078574592,114688
9,1791567986728,2499,2499,1254,1309,1263,1289,1258,1252,2500,2500,2500,2499,2499,2500,1254,1251,14.285715103149414,0,0,0,0,100,0,0,0,0,0,0,0,0,0,0,254665.7504272461,69430.16802978516,0,404327403520,8589930496,6078574592,114688
10,1791567986738,2499,2499,1254,1309,1263,1289,1258,1252,2500,2500,2500,2499,2499,2500,1254,1251,14.285715103149414,0,0,0,0,100,0,0,0,0,0,0,0,0,0,0,254665.90350341797,69430.48876953125,0,404327403520,8589930496,6078574592,114688
10,1791567986748,2499,2499,1254,1309,1263,1289,1258,1252,2500,2500,2500,2499,2499,2500,1254,1251,10,0,0,0,0,100,0,0,0,0,0,0,0,0,0,0,254666.05541992188,69430.8125,0,404327403520,8589930496,6078574592,114688
9,1791567986758,2499,2499,1254,1309,1263,1289,1258,1252,2500,2500,2500,2499,2499,2500,1254,1251,10,0,0,0,0,100,0,0,0,0,0,0,0,0,0,0,254666.2218017578,69431.16650390625,0,404327403520,8589930496,6078574592,114688
9,1791567986768,2499,2499,1254,1309,1263,1289,1258,1252,2500,2500,2500,2499,2499,2500,1254,1251,10,0,0,0,0,100,0,0,0,0,0,0,0,0,0,0,254666.37329101563,69431.48931884766,0,404327403520,8589930496,6078574592,114688
9,1791567986778,2499,2499,1254,1309,1263,1289,1258,1252,2500,2500,2500,2499,2499,2500,1254,1251,10,0,0,0,0,100,0,0,0,0,0,0,0,0,0,0,254666.5259399414,69431.8021850586,0,404327403520,8589930496,6078574592,114688
9,1791567986788,2499,2499,1254,1309,1263,1289,1258,1252,2500,2500,2500,2499,2499,2500,1254,1251,10,0,0,0,0,100,0,0,0,0,0,0,0,0,0,0,254666.68450927734,69432.11743164063,0,404327403520,8589930496,6078574592,114688
9,1791567986798,2499,2499,1254,1309,1263,1289,1258,1252,2500,2500,2500,2499,2499,2500,1254,1251,10,0,0,0,0,100,0,0,0,0,0,0,0,0,0,0,254666.84246826172,69432.43908691406,0,404327403520,8589930496,6078574592,114688
10,1791567986808,2499,2499,1254,1309,1263,1289,1258,1252,2500,2500,2500,2499,2499,2500,1254,1251,10,0,0,0,0,100,0,0,0,0,0,0,0,0,0,0,254666.99536132813,69432.75872802734,0,404327403520,8589930496,6078574592,114688
9,1791567986818,2499,2499,1254,1309,1263,1289,1258,1252,2500,2500,2500,2499,2499,2500,1254,1251,10,0,0,0,0,100,0,0,0,0,0,0,0,0,0,0,254667.14263916016,69433.08001708984,0,404327403520,8589930496,6078574592,114688
10,1791567986828,2499,2499,1254,1309,1263,1289,1258,1252,2500,2500,2500,2499,2499,2500,1254,1251,10,0,0,0,0,100,0,0,0,0,0,0,0,0,0,0,254667.29443359375,69433.4019165039,0,404327403520,8589930496,6078574592,114688
10,1791567986838,2499,2499,1254,1309,1263,1289,1258,1252,2500,2500,2500,2499,2499,2500,1254,1251,10,0,0,0,0,100,0,0,0,0,0,0,0,0,0,0,254667.45001220703,69433.71649169922,0,404327403520,8589930496,6078574592,114688
10,1791567986848,2499,2499,1254,1309,1263,1289,1258,1252,2500,2500,2500,2499,2499,2500,1254,1251,10,0,0,0,0,100,0,0,0,0,0,0,0,0,0,0,254667.60345458984,69434.03662109375,0,404327403520,8589930496,6078574592,114688
9,1791567986858,2499,2499,1254,1309,1263,1289,1258,1252,2500,2500,2500,2499,2499,2500,1254,1251,10,0,0,0,0,100,0,0,0,0,0,0,0,0,0,0,254667.75360107422,69434.35479736328,0,404327403520,8589930496,6078574592,114688
9,1791567986868,2499,2499,1254,1309,1263,1289,1258,1252,2500,2500,2500,2499,2499,2500,1254,1251,10,0,0,0,0,100,0,0,0,0,0,0,0,0,0,0,254667.90631103516,69434.6771850586,0,404327403520,8589930496,6078574592,114688
9,1791567986879,2499,2499,1254,1309,1263,1289,1258,1252,2500,2500,2500,2499,2499,2500,1254,1251,10,0,0,0,0,100,0,0,0,0,0,0,0,0,0,0,254668.06030273438,69435.00024414063,0,404327403520,8589930496,6078574592,114688
9,1791567986889,2499,2499,1254,1309,1263,1289,1258,1252,2500,2500,2500,2499,2499,2500,1254,1251,10,0,0,0,0,100,0,0,0,0,0,0,0,0,0,0,254668.20849609375,69435.32147216797,0,404327403520,8589930496,6078574592,114688
9,1791567986899,2499,2499,1254,1309,1263,1289,1258,1252,2500,2500,2500,2499,2499,2500,1254,1251,10,0,0,0,0,100,0,0,0,0,0,0,0,0,0,0,254668.3604736328,69435.63818359375,0,404327403520,8589930496,6078574592,114688
9,1791567986909,2499,2499,1254,1309,1263,1289,1258,1252,2500,2500,2500,2499,2499,2500,1254,1251,10,0,0,0,0,100,0,0,0,0,0,0,0,0,0,0,254668.5234375,69435.99444580078,0,404327403520,8589930496,6078574592,114688
9,1791567986919,2499,2499,1254,1309,1263,1289,1258,1252,2500,2500,2500,2499,2499,2500,1254,1251,10,0,0,0,0,100,0,0,0,0,0,0,0,0,0,0,254668.67944335938,69436.31604003906,0,404327403520,8589930496,6078574592,114688
9,1791567986929,2499,2499,1254,1309,1263,1289,1258,1252,2500,2500,2500,2499,2499,2500,1254,1251,10,0,0,0,0,100,0,0,0,0,0,0,0,0,0,0,254668.8316040039,69436.63739013672,0,404327403520,8589930496,6078574592,114688
9,1791567986939,2499,2499,1254,1309,1263,1289,1258,1252,2500,2500,2500,2499,2499,2500,1254,1251,10,0,0,0,0,100,0,0,0,0,0,0,0,0,0,0,254668.98315429688,69436.95697021484,0,404327403520,8589930496,6078574592,114688
9,1791567986949,2499,2499,1254,1309,1263,1289,1258,1252,2500,2500,2500,2499,2499,2500,1254,1251,5,0,0,0,0,100,0,0,0,0,0,0,0,0,0,0,254669.13732910156,69437.27880859375,0,404327403520,8589930496,6078574592,114688
10,1791567986959,2499,2499,1254,1309,1263,1289,1258,1252,2500,2500,2500,2499,2499,2500,1254,1251,5,0,0,0,0,100,0,0,0,0,0,0,0,0,0,0,254669.2901611328,69437.59783935547,0,404327403520,8589930496,6078574592,114688
9,1791567986969,2499,2499,1254,1309,1263,1289,1258,1252,2500,2500,2500,2499,2499,2500,1254,1251,5,0,0,0,0,100,0,0,0,0,0,0,0,0,0,0,254669.4454345703,69437.92053222656,0,404327403520,8589930496,6078574592,114688
9,1791567986979,2499,2499,1254,1309,1263,1289,1258,1252,2500,2500,2500,2499,2499,2500,1254,1251,5,0,0,0,0,100,0,0,0,0,0,0,0,0,0,0,254669.5975341797,69438.24444580078,0,404327403520,8589930496,6078574592,114688
9,1791567986989,2499,2499,1254,1309,1263,1289,1258,1252,2500,2500,2500,2499,2499,2500,1254,1251,5,0,0,0,0,100,0,0,0,0,0,0,0,0,0,0,254669.75091552734,69438.56518554688,0,404327403520,8589930496,6078574592,114688
9,1791567987000,2499,2499,1254,1309,1263,1289,1258,1252,2500,2500,2500,2499,2499,2500,1254,1251,5,0,0,0,0,100,0,0,0,0,0,0,0,0,0,0,254669.90362548828,69438.88427734375,0,404327403520,8589930496,6078574592,114688
9,1791567987010,2499,2499,1254,1309,1263,1289,1258,1252,2500,2500,2500,2499,2499,2500,1254,1251,5,0,0,0,0,100,0,0,0,0,0,0,0,0,0,0,254670.05798339844,69439.205078125,0,404327403520,8589930496,6078574592,114688
10,1791567987020,2499,2499,1254,1309,1263,1289,1258,1252,2500,2500,2500,2499,2499,2500,1254,1251,5,0,0,0,0,100,0,0,0,0,0,0,0,0,0,0,254670.21362304688,69439.52813720703,0,404327403520,8589930496,6078574592,114688
9,1791567987030,2499,2499,1254,1309,1263,1289,1258,1252,2500,2500,2500,2499,2499,2500,1254,1251,5,0,0,0,0,100,0,0,0,0,0,0,0,0,0,0,254670.36596679688,69439.84411621094,0,404327403520,8589930496,6078574592,114688
9,1791567987040,2499,2499,1254,1309,1263,1289,1258,1252,2500,2500,2500,2499,2499,2500,1254,1251,5,0,0,0,0,100,0,0,0,0,0,0,0,0,0,0,254670.51434326172,69440.1674194336,0,404327403520,8589930496,6078574592,114688
9,1791567987050,2499,2499,1254,1309,1263,1289,1258,1252,2500,2500,2500,2499,2499,2500,1254,1251,5,0,0,0,0,100,0,0,0,0,0,0,0,0,0,0,254670.66375732422,69440.48858642578,0,404327403520,8589930496,6078574592,114688
9,1791567987060,2499,2499,1254,1309,1263,1289,1258,1252,2500,2500,2500,2499,2499,2500,1254,1251,5,0,0,0,0,100,0,0,0,0,0,0,0,0,0,0,254670.8123779297,69440.81121826172,0,404327403520,8589930496,6078574592,114688
9,1791567987070,2499,2499,1254,1309,1263,1289,1258,1252,2500,2500,2500,2499,2499,2500,1254,1251,5,0,0,0,0,100,0,0,0,0,0,0,0,0,0,0,254670.9617919922,69441.13330078125,0,404327403520,8589930496,6078574592,114688
10,1791567987080,2499,2499,1254,1309,1263,1289,1258,1252,2500,2500,2500,2499,2499,2500,1254,1251,5,0,0,0,0,100,0,0,0,0,0,0,0,0,0,0,254671.1099243164,69441.45129394531,0,404327403520,8589930496,6078574592,114688
9,1791567987090,2499,2499,1254,1309,1263,1289,1258,1252,2500,2500,2500,2499,2499,2500,1254,1251,5,0,0,0,0,100,0,0,0,0,0,0,0,0,0,0,254671.2593383789,69441.77117919922,0,404327403520,8589930496,6078574592,114688
10,1791567987100,2499,2499,1254,1309,1263,1289,1258,1252,2500,2500,2500,2499,2499,2500,1254,1251,5,0,0,0,0,100,0,0,0,0,0,0,0,0,0,0,254671.42669677734,69442.1264038086,0,404327403520,8589930496,6078574592,114688
9,1791567987110,2499,2499,1254,1309,1263,1289,1258,1252,2500,2500,2500,2499,2499,2500,1254,1251,5,0,0,0,0,100,0,0,0,0,0,0,0,0,0,0,254671.5731201172,69442.44915771484,0,404327403520,8589930496,6075838464,114688
10,1791567987120,2499,2499,1254,1309,1263,1289,1258,1252,2500,2500,2500,2499,2499,2500,1254,1251,5,0,0,0,0,100,0,0,0,0,0,0,0,0,0,0,254671.72326660156,69442.77172851563,0,404327403520,8589930496,6053027840,114688
9,1791567987130,2499,2499,1254,1309,1263,1289,1258,1252,2500,2500,2500,2499,2499,2500,1254,1251,5,0,0,0,0,100,0,0,0,0,0,0,0,0,0,0,254671.87286376953,69443.09552001953,0,404327403520,8589930496,6053027840,114688
10,1791567987140,2499,2499,1254,1309,1263,1289,1258,1252,2500,2500,2500,2499,2499,2500,1254,1251,5,0,0,0,0,100,0,0,0,0,0,0,0,0,0,0,254672.01989746094,69443.41705322266,0,404327403520,8589930496,6053027840,114688
9,1791567987151,2499,2499,1254,1309,1263,1289,1258,1252,2500,2500,2500,2499,2499,2500,1254,1251,14.285715103149414,0,0,0,0,100,0,0,0,0,0,0,0,0,0,0,254672.16442871094,69443.73388671875,0,404327403520,8589930496,6053027840,114688
9,1791567987161,2499,2499,1254,1309,1263,1289,1258,1252,2500,2500,2500,2499,2499,2500,1254,1251,14.285715103149414,0,0,0,0,100,0,0,0,0,0,0,0,0,0,0,254672.31280517578,69444.0542602539,0,404327403520,8589930496,6053027840,114688
9,1791567987171,2499,2499,1254,1309,1263,1289,1258,1252,2500,2500,2500,2499,2499,2500,1254,1251,14.285715103149414,0,0,0,0,100,0,0,0,0,0,0,0,0,0,0,254672.4569091797,69444.37219238281,0,404327403520,8589930496,6053027840,114688
10,1791567987181,2499,2499,1254,1309,1263,1289,1258,1252,2500,2500,2500,2499,2499,2500,1254,1251,14.285715103149414,0,0,0,0,100,0,0,0,0,0,0,0,0,0,0,254672.60522460938,69444.69323730469,0,404327403520,8589930496,6053027840,114688
9,1791567987191,2499,2499,1254,1309,1263,1289,1258,1252,2500,2500,2500,2499,2499,2500,1254,1251,14.285715103149414,0,0,0,0,100,0,0,0,0,0,0,0,0,0,0,254672.7557373047,69445.01300048828,0,404327403520,8589930496,6053027840,114688
9,1791567987201,2499,2499,1254,1309,1263,1289,1258,1252,2500,2500,2500,2499,2499,2500,1254,1251,14.285715103149414,0,0,0,0,100,0,0,0,0,0,0,0,0,0,0,254672.91046142578,69445.33776855469,0,404327403520,8589930496,6053027840,114688
9,1791567987211,2499,2499,1254,1309,1263,1289,1258,1252,2500,2500,2500,2499,2499,2500,1254,1251,14.285715103149414,0,0,0,0,100,0,0,0,0,0,0,0,0,0,0,254673.05950927734,69445.65710449219,0,404327403520,8589930496,6053027840,114688
9,1791567987221,2499,2499,1254,1309,1263,1289,1258,1252,2500,2500,2500,2499,2499,2500,1254,1251,14.285715103149414,0,0,0,0,100,0,0,0,0,0,0,0,0,0,0,254673.2080078125,69445.97473144531,0,404327403520,8589930496,6053027840,114688
9,1791567987231,2499,2499,1254,1309,1263,1289,1258,1252,2500,2500,2500,2499,2499,2500,1254,1251,14.285715103149414,0,0,0,0,100,0,0,0,0,0,0,0,0,0,0,254673.37762451172,69446.33178710938,0,404327403520,8589930496,6053027840,114688
9,1791567987241,2499,2499,1254,1309,1263,1289,1258,1252,2500,2500,2500,2499,2499,2500,1254,1251,14.285715103149414,0,0,0,0,100,0,0,0,0,0,0,0,0,0,0,254673.51110839844,69446.61596679688,0,404327403520,8589930496,6053027840,114688
9,1791567987251,2499,2499,1254,1309,1263,1289,1258,1252,2500,2500,2500,2499,2499,2500,1254,1251,14.285715103149414,0,0,0,0,100,0,0,0,0,0,0,0,0,0,0,254673.66088867188,69446.9462890625,0,404327403520,8589930496,6053027840,114688
9,1791567987261,2499,2499,1254,1309,1263,1289,1258,1252,2500,2500,2500,2499,2499,2500,1254,1251,14.285715103149414,0,0,0,0,100,0,0,0,0,0,0,0,0,0,0,254673.8260498047,69447.30065917969,0,404327403520,8589930496,6053027840,114688
10,1791567987271,2499,2499,1254,1309,1263,1289,1258,1252,2500,2500,2500,2499,2499,2500,1254,1251,14.285715103149414,0,0,0,0,100,0,0,0,0,0,0,0,0,0,0,254673.95861816406,69447.5834350586,0,404327403520,8589930496,6053027840,114688
9,1791567987281,2499,2499,1254,1309,1263,1289,1258,1252,2500,2500,2500,2499,2499,2500,1254,1251,14.285715103149414,0,0,0,0,100,0,0,0,0,0,0,0,0,0,0,254674.12744140625,69447.9375,0,404327403520,8589930496,6053027840,114688
9,1791567987292,2499,2499,1254,1309,1263,1289,1258,1252,2500,2500,2500,2499,2499,2500,1254,1251,14.285715103149414,0,0,0,0,100,0,0,0,0,0,0,0,0,0,0,254674.27630615234,69448.25750732422,0,404327403520,8589930496,6053027840,114688
9,1791567987302,2499,2499,1254,1309,1263,1289,1258,1252,2500,2500,2500,2499,2499,2500,1254,1251,14.285715103149414,0,0,0,0,100,0,0,0,0,0,0,0,0,0,0,254674.4271850586,69448.58709716797,0,404327403520,8589930496,6053027840,114688
9,1791567987312,2499,2499,1254,1309,1263,1289,1258,1252,2500,2500,2500,2499,2499,2500,1254,1251,14.285715103149414,0,0,0,0,100,0,0,0,0,0,0,0,0,0,0,254674.57934570313,69448.91790771484,0,404327403520,8589930496,6053027840,114688
9,1791567987322,2499,2499,1254,1309,1263,1289,1258,1252,2500,2500,2500,2499,2499,2500,1254,1251,14.285715103149414,0,0,0,0,100,0,0,0,0,0,0,0,0,0,0,254674.7329711914,69449.23663330078,0,404327403520,8589930496,6053027840,114688
10,1791567987332,2499,2499,1254,1309,1263,1289,1258,1252,2500,2500,2500,2499,2499,2500,1254,1251,14.285715103149414,0,0,0,0,100,0,0,0,0,0,0,0,0,0,0,254674.88189697266,69449.5562133789,0,404327403520,8589930496,6053027840,114688
9,1791567987342,2499,2499,1254,1309,1263,1289,1258,1252,2500,2500,2500,2499,2499,2500,1254,1251,14.285715103149414,0,0,0,0,100,0,0,0,0,0,0,0,0,0,0,254675.0322265625,69449.87939453125,0,404327403520,8589930496,6053027840,114688
9,1791567987352,2499,2499,1254,1309,1263,1289,1258,1252,2500,2500,2500,2499,2499,2500,1254,1251,5.263157844543457,5,0,0,0,100,0,5.263157844543457,0,0,0,0,0,0,0,0,254675.18658447266,69450.20263671875,0,404327403520,8589930496,6053027840,114688
9,1791567987362,2499,2499,1254,1309,1263,1289,1258,1252,2500,2500,2500,2499,2499,2500,1254,1251,5.263157844543457,5,0,0,0,100,0,5.263157844543457,0,0,0,0,0,0,0,0,254675.33892822266,69450.52685546875,0,404327403520,8589930496,6053027840,114688
10,1791567987372,2499,2499,1254,1309,1263,1289,1258,1252,2500,2500,2500,2499,2499,2500,1254,1251,5.263157844543457,5,0,0,0,100,0,5.263157844543457,0,0,0,0,0,0,0,0,254675.49578857422,69450.8423461914,0,404327403520,8589930496,6053027840,114688
9,1791567987382,2499,2499,1254,1309,1263,1289,1258,1252,2500,2500,2500,2499,2499,2500,1254,1251,5.263157844543457,5,0,0,0,100,0,5.263157844543457,0,0,0,0,0,0,0,0,254675.6470336914,69451.16687011719,0,404327403520,8589930496,6053027840,114688
10,1791567987392,2499,2499,1254,1309,1263,1289,1258,1252,2500,2500,2500,2499,2499,2500,1254,1251,5.263157844543457,5,0,0,0,100,0,5.263157844543457,0,0,0,0,0,0,0,0,254675.7993774414,69451.4859008789,0,404327403520,8589930496,6053027840,114688
9,1791567987402,2499,2499,1254,1309,1263,1289,1258,1252,2500,2500,2500,2499,2499,2500,1254,1251,5.263157844543457,5,0,0,0,100,0,5.263157844543457,0,0,0,0,0,0,0,0,254675.96600341797,69451.8433227539,0,404327403520,8589930496,6053027840,114688
9,1791567987412,2499,2499,1254,1309,1263,1289,1258,1252,2500,2500,2500,2499,2499,2500,1254,1251,5.263157844543457,5,0,0,0,100,0,5.263157844543457,0,0,0,0,0,0,0,0,254676.1192626953,69452.16326904297,0,404327403520,8589930496,6053027840,114688
9,1791567987422,2499,2499,1254,1309,1263,1289,1258,1252,2500,2500,2500,2499,2499,2500,1254,1251,5.263157844543457,5,0,0,0,100,0,5.263157844543457,0,0,0,0,0,0,0,0,254676.2694091797,69452.48510742188,0,404327403520,8589930496,6053027840,114688
10,1791567987432,2499,2499,1254,1309,1263,1289,1258,1252,2500,2500,2500,2499,2499,2500,1254,1251,5.263157844543457,5,0,0,0,100,0,5.263157844543457,0,0,0,0,0,0,0,0,254676.42010498047,69452.80255126953,0,404327403520,8589930496,6053027840,114688
9,1791567987443,2499,2499,1254,1309,1263,1289,1258,1252,2500,2500,2500,2499,2499,2500,1254,1251,5.263157844543457,5,0,0,0,100,0,5.263157844543457,0,0,0,0,0,0,0,0,254676.57061767578,69453.12432861328,0,404327403520,8589930496,6053027840,114688
10,1791567987453,2499,2499,1254,1309,1263,1289,1258,1252,2500,2500,2500,2499,2499,2500,1254,1251,5.263157844543457,5,0,0,0,100,0,5.263157844543457,0,0,0,0,0,0,0,0,254676.72039794922,69453.44665527344,0,404327403520,8589930496,6053027840,114688
10,1791567987463,2499,2499,1254,1309,1263,1289,1258,1252,2500,2500,2500,2499,2499,2500,1254,1251,5.263157844543457,5,0,0,0,100,0,5.263157844543457,0,0,0,0,0,0,0,0,254676.87145996094,69453.7646484375,0,404327403520,8589930496,6053027840,114688
9,1791567987473,2499,2499,1254,1309,1263,1289,1258,1252,2500,2500,2500,2499,2499,2500,1254,1251,5.263157844543457,5,0,0,0,100,0,5.263157844543457,0,0,0,0,0,0,0,0,254677.02252197266,69454.0902709961,0,404327403520,8589930496,6053027840,114688
9,1791567987483,2499,2499,1254,1309,1263,1289,1258,1252,2500,2500,2500,2499,2499,2500,1254,1251,5.263157844543457,5,0,0,0,100,0,5.263157844543457,0,0,0,0,0,0,0,0,254677.17681884766,69454.41174316406,0,404327403520,8589930496,6053027840,114688
9,1791567987493,2499,2499,1254,1309,1263,1289,1258,1252,2500,2500,2500,2499,2499,2500,1254,1251,5.263157844543457,5,0,0,0,100,0,5.263157844543457,0,0,0,0,0,0,0,0,254677.32421875,69454.73419189453,0,404327403520,8589930496,6053027840,114688
9,1791567987503,2499,2499,1254,1309,1263,1289,1258,1252,2500,2500,2500,2499,2499,2500,1254,1251,5.263157844543457,5,0,0,0,100,0,5.263157844543457,0,0,0,0,0,0,0,0,254677.47552490234,69455.05474853516,0,404327403520,8589930496,6053027840,114688
9,1791567987513,2499,2499,1254,1309,1263,1289,1258,1252,2500,2500,2500,2499,2499,2500,1254,1251,5.263157844543457,5,0,0,0,100,0,5.263157844543457,0,0,0,0,0,0,0,0,254677.6307373047,69455.37646484375,0,404327403520,8589930496,6053027840,114688
9,1791567987523,2499,2499,1254,1309,1263,1289,1258,1252,2500,2500,2500,2499,2499,2500,1254,1251,5.263157844543457,5,0,0,0,100,0,5.263157844543457,0,0,0,0,0,0,0,0,254677.78161621094,69455.69537353516,0,404327403520,8589930496,6053027840,114688
10,1791567987533,2499,2499,1254,1309,1263,1289,1258,1252,2500,2500,2500,2499,2499,2500,1254,1251,5.263157844543457,5,0,0,0,100,0,5.263157844543457,0,0,0,0,0,0,0,0,254677.93048095703,69456.01751708984,0,404327403520,8589930496,6053027840,114688
9,1791567987543,2499,2499,1254,1309,1263,1289,1258,1252,2500,2500,2500,2499,2499,2500,1254,1251,5.263157844543457,5,0,0,0,100,0,5.263157844543457,0,0,0,0,0,0,0,0,254678.0799560547,69456.34521484375,0,404327403520,8589930496,6053027840,114688
10,1791567987553,2499,2499,1254,1309,1263,1289,1258,1252,2500,2500,2500,2499,2499,2500,1254,1251,10,0,0,0,0,100,0,0,0,0,0,0,0,0,0,0,254678.22723388672,69456.66735839844,0,404327403520,8589930496,6053027840,114688
9,1791567987563,2499,2499,1254,1309,1263,1289,1258,1252,2500,2500,2500,2499,2499,2500,1254,1251,10,0,0,0,0,100,0,0,0,0,0,0,0,0,0,0,254678.3814086914,69456.98822021484,0,404327403520,8589930496,6053027840,114688
9,1791567987573,2499,2499,1254,1309,1263,1289,1258,1252,2500,2500,2500,2499,2499,2500,1254,1251,10,0,0,0,0,100,0,0,0,0,0,0,0,0,0,0,254678.5302734375,69457.2802734375,0,404327403520,8589930496,6053027840,114688
9,1791567987584,2499,2499,1254,1309,1263,1289,1258,1252,2500,2500,2500,2499,2499,2500,1254,1251,10,0,0,0,0,100,0,0,0,0,0,0,0,0,0,0,254678.69158935547,69457.66772460938,0,404327403520,8589930496,6053027840,114688
9,1791567987594,2499,2499,1254,1309,1263,1289,1258,1252,2500,2500,2500,2499,2499,2500,1254,1251,10,0,0,0,0,100,0,0,0,0,0,0,0,0,0,0,254678.82653808594,69457.95819091797,0,404327403520,8589930496,6053027840,114688
9,1791567987604,2499,2499,1254,1309,1263,1289,1258,1252,2500,2500,2500,2499,2499,2500,1254,1251,10,0,0,0,0,100,0,0,0,0,0,0,0,0,0,0,254678.98767089844,69458.31243896484,0,404327403520,8589930496,6053027840,114688
9,1791567987614,2499,2499,1254,1309,1263,1289,1258,1252,2500,2500,2500,2499,2499,2500,1254,1251,10,0,0,0,0,100,0,0,0,0,0,0,0,0,0,0,254679.1449584961,69458.63403320313,0,404327403520,8589930496,6053027840,114688
9,1791567987624,2499,2499,1254,1309,1263,1289,1258,1252,2500,2500,2500,2499,2499,2500,1254,1251,10,0,0,0,0,100,0,0,0,0,0,0,0,0,0,0,254679.29510498047,69458.95947265625,0,404327403520,8589930496,6053027840,114688
9,1791567987634,2499,2499,1254,1309,1263,1289,1258,1252,2500,2500,2500,2499,2499,2500,1254,1251,10,0,0,0,0,100,0,0,0,0,0,0,0,0,0,0,254679.4483642578,69459.28552246094,0,404327403520,8589930496,6053027840,114688
9,1791567987644,2499,2499,1254,1309,1263,1289,1258,1252,2500,2500,2500,2499,2499,2500,1254,1251,10,0,0,0,0,100,0,0,0,0,0,0,0,0,0,0,254679.60345458984,69459.6079711914,0,404327403520,8589930496,6053027840,114688
9,1791567987654,2499,2499,1254,1309,1263,1289,1258,1252,2500,2500,2500,2499,2499,2500,1254,1251,10,0,0,0,0,100,0,0,0,0,0,0,0,0,0,0,254679.75811767578,69459.93231201172,0,404327403520,8589930496,6053027840,114688
10,1791567987664,2499,2499,1254,1309,1263,1289,1258,1252,2500,2500,2500,2499,2499,2500,1254,1251,10,0,0,0,0,100,0,0,0,0,0,0,0,0,0,0,254679.9024658203,69460.26086425781,0,404327403520,8589930496,6053027840,114688
9,1791567987674,2499,2499,1254,1309,1263,1289,1258,1252,2500,2500,2500,2499,2499,2500,1254,1251,10,0,0,0,0,100,0,0,0,0,0,0,0,0,0,0,254680.05224609375,69460.58557128906,0,404327403520,8589930496,6053027840,114688
9,1791567987684,2499,2499,1254,1309,1263,1289,1258,1252,2500,2500,2500,2499,2499,2500,1254,1251,10,0,0,0,0,100,0,0,0,0,0,0,0,0,0,0,254680.19915771484,69460.90826416016,0,404327403520,8589930496,6053027840,114688
9,1791567987694,2499,2499,1254,1309,1263,1289,1258,1252,2500,2500,2500,2499,2499,2500,1254,1251,10,0,0,0,0,100,0,0,0,0,0,0,0,0,0,0,254680.34692382813,69461.23150634766,0,404327403520,8589930496,6053027840,114688
10,1791567987704,2499,2499,1254,1309,1263,1289,1258,1252,2500,2500,2500,2499,2499,2500,1254,1251,10,0,0,0,0,100,0,0,0,0,0,0,0,0,0,0,254680.49542236328,69461.55596923828,0,404327403520,8589930496,6053027840,114688
10,1791567987714,2499,2499,1254,1309,1263,1289,1258,1252,2500,2500,2500,2499,2499,2500,1254,1251,10,0,0,0,0,100,0,0,0,0,0,0,0,0,0,0,254680.6512451172,69461.87646484375,0,404327403520,8589930496,6053027840,114688
9,1791567987725,2499,2499,1254,1309,1263,1289,1258,1252,2500,2500,2500,2499,2499,2500,1254,1251,10,0,0,0,0,100,0,0,0,0,0,0,0,0,0,0,254680.8057861328,69462.20336914063,0,404327403520,8589930496,6053027840,114688
10,1791567987735,2499,2499,1254,1309,1263,1289,1258,1252,2500,2500,2500,2499,2499,2500,1254,1251,10,0,0,0,0,100,0,0,0,0,0,0,0,0,0,0,254680.95892333984,69462.53094482422,0,404327403520,8589930496,6053027840,114688
9,1791567987745,2499,2499,1254,1309,1263,1289,1258,1252,2500,2500,2500,2499,2499,2500,1254,1251,10,0,0,0,0,100,0,0,0,0,0,0,0,0,0,0,254681.1303100586,69462.88983154297,0,404327403520,8589930496,6053027840,114688
9,1791567987755,2499,2499,1254,1309,1263,1289,1258,1252,2500,2500,2500,2499,2499,2500,1254,1251,9.523809432983398,0,0,0,0,100,0,0,0,0,0,0,0,0,0,0,254681.28302001953,69463.21264648438,0,404327403520,8589930496,6053027840,114688
9,1791567987765,2499,2499,1254,1309,1263,1289,1258,1252,2500,2500,2500,2499,2499,2500,1254,1251,9.523809432983398,0,0,0,0,100,0,0,0,0,0,0,0,0,0,0,254681.43536376953,69463.5396118164,0,404327403520,8589930496,6053027840,114688
9,1791567987775,2499,2499,1254,1309,1263,1289,1258,1252,2500,2500,2500,2499,2499,2500,1254,1251,9.523809432983398,0,0,0,0,100,0,0,0,0,0,0,0,0,0,0,254681.59356689453,69463.85772705078,0,404327403520,8589930496,6053027840,114688
9,1791567987785,2499,2499,1254,1309,1263,1289,1258,1252,2500,2500,2500,2499,2499,2500,1254,1251,9.523809432983398,0,0,0,0,100,0,0,0,0,0,0,0,0,0,0,254681.74737548828,69464.17901611328,0,404327403520,8589930496,6053027840,114688
9,1791567987795,2499,2499,1254,1309,1263,1289,1258,1252,2500,2500,2500,2499,2499,2500,1254,1251,9.523809432983398,0,0,0,0,100,0,0,0,0,0,0,0,0,0,0,254681.8984375,69464.5054321289,0,404327403520,8589930496,6053027840,114688
9,1791567987805,2499,2499,1254,1309,1263,1289,1258,1252,2500,2500,2500,2499,2499,2500,1254,1251,9.523809432983398,0,0,0,0,100,0,0,0,0,0,0,0,0,0,0,254682.04791259766,69464.83135986328,0,404327403520,8589930496,6053027840,114688
10,1791567987815,2499,2499,1254,1309,1263,1289,1258,1252,2500,2500,2500,2499,2499,2500,1254,1251,9.523809432983398,0,0,0,0,100,0,0,0,0,0,0,0,0,0,0,254682.2026977539,69465.15325927734,0,404327403520,8589930496,6053027840,114688
9,1791567987825,2499,2499,1254,1309,1263,1289,1258,1252,2500,2500,2500,2499,2499,2500,1254,1251,9.523809432983398,0,0,0,0,100,0,0,0,0,0,0,0,0,0,0,254682.35760498047,69465.47760009766,0,404327403520,8589930496,6053027840,114688
9,1791567987835,2499,2499,1254,1309,1263,1289,1258,1252,2500,2500,2500,2499,2499,2500,1254,1251,9.523809432983398,0,0,0,0,100,0,0,0,0,0,0,0,0,0,0,254682.5069580078,69465.80004882813,0,404327403520,8589930496,6053027840,114688
10,1791567987845,2499,2499,1254,1309,1263,1289,1258,1252,2500,2500,2500,2499,2499,2500,1254,1251,9.523809432983398,0,0,0,0,100,0,0,0,0,0,0,0,0,0,0,254682.66204833984,69466.1220703125,0,404327403520,8589930496,6053027840,114688
9,1791567987856,2499,2499,1254,1309,1263,1289,1258,1252,2500,2500,2500,2499,2499,2500,1254,1251,9.523809432983398,0,0,0,0,100,0,0,0,0,0,0,0,0,0,0,254682.81201171875,69466.4691772461,0,404327403520,8589930496,6053027840,114688
9,1791567987866,2499,2499,1254,1309,1263,1289,1258,1252,2500,2500,2500,2499,2499,2500,1254,1251,9.523809432983398,0,0,0,0,100,0,0,0,0,0,0,0,0,0,0,254682.96362304688,69466.7944946289,0,404327403520,8589930496,6053027840,114688
9,1791567987876,2499,2499,1254,1309,1263,1289,1258,1252,2500,2500,2500,2499,2499,2500,1254,1251,9.523809432983398,0,0,0,0,100,0,0,0,0,0,0,0,0,0,0,254683.11236572266,69467.11987304688,0,404327403520,8589930496,6053027840,114688
9,1791567987886,2499,2499,1254,1309,1263,1289,1258,1252,2500,2500,2500,2499,2499,2500,1254,1251,9.523809432983398,0,0,0,0,100,0,0,0,0,0,0,0,0,0,0,254683.2685546875,69467.44177246094,0,404327403520,8589930496,6053027840,114688
9,1791567987896,2499,2499,1254,1309,1263,1289,1258,1252,2500,2500,2500,2499,2499,2500,1254,1251,9.523809432983398,0,0,0,0,100,0,0,0,0,0,0,0,0,0,0,254683.42346191406,69467.7642211914,0,404327403520,8589930496,6053027840,114688
9,1791567987906,2499,2499,1254,1309,1263,1289,1258,1252,2500,2500,2500,2499,2499,2500,1254,1251,9.523809432983398,0,0,0,0,100,0,0,0,0,0,0,0,0,0,0,254683.58074951172,69468.08349609375,0,404327403520,8589930496,6053027840,114688
9,1791567987916,2499,2499,1254,1309,1263,1289,1258,1252,2500,2500,2500,2499,2499,2500,1254,1251,9.523809432983398,0,0,0,0,100,0,0,0,0,0,0,0,0,0,0,254683.74993896484,69468.44250488281,0,404327403520,8589930496,6053027840,114688
9,1791567987926,2499,2499,1254,1309,1263,1289,1258,1252,2500,2500,2500,2499,2499,2500,1254,1251,9.523809432983398,0,0,0,0,100,0,0,0,0,0,0,0,0,0,0,254683.90405273438,69468.76098632813,0,404327403520,8589930496,6053027840,114688
9,1791567987936,2499,2499,1254,1309,1263,1289,1258,1252,2500,2500,2500,2499,2499,2500,1254,1251,9.523809432983398,0,0,0,0,100,0,0,0,0,0,0,0,0,0,0,254684.0556640625,69469.08361816406,0,404327403520,8589930496,6053027840,114688
9,1791567987946,2499,2499,1254,1309,1263,1289,1258,1252,2500,2500,2500,2499,2499,2500,1254,1251,9.523809432983398,0,0,0,0,100,0,0,0,0,0,0,0,0,0,0,254684.205078125,69469.40625,0,404327403520,8589930496,6053027840,114688
9,1791567987956,2499,2499,1254,1309,1263,1289,1258,1252,2500,2500,2500,2499,2499,2500,1254,1251,10,0,0,0,0,100,0,0,5,0,0,0,0,0,0,0,254684.35540771484,69469.72265625,0,404327403520,8589930496,6053027840,114688
10,1791567987966,2499,2499,1254,1309,1263,1289,1258,1252,2500,2500,2500,2499,2499,2500,1254,1251,10,0,0,0,0,100,0,0,5,0,0,0,0,0,0,0,254684.5108642578,69470.04913330078,0,404327403520,8589930496,6053027840,114688
10,1791567987976,2499,2499,1254,1309,1263,1289,1258,1252,2500,2500,2500,2499,2499,2500,1254,1251,10,0,0,0,0,100,0,0,5,0,0,0,0,0,0,0,254684.66271972656,69470.3740234375,0,404327403520,8589930496,6053027840,114688
9,1791567987986,2499,2499,1254,1309,1263,1289,1258,1252,2500,2500,2500,2499,2499,2500,1254,1251,10,0,0,0,0,100,0,0,5,0,0,0,0,0,0,0,254684.81219482422,69470.69439697266,0,404327403520,8589930496,6053027840,114688
10,1791567987996,2499,2499,1254,1309,1263,1289,1258,1252,2500,2500,2500,2499,2499,2500,1254,1251,10,0,0,0,0,100,0,0,5,0,0,0,0,0,0,0,254684.96435546875,69471.01391601563,0,404327403520,8589930496,6053027840,114688
9,1791567988007,2499,2499,1254,1309,1263,1289,1258,1252,2500,2500,2500,2499,2499,2500,1254,1251,10,0,0,0,0,100,0,0,5,0,0,0,0,0,0,0,254685.11779785156,69471.30065917969,0,404327403520,8589930496,6053027840,114688
10,1791567988017,2499,2499,1254,1309,1263,1289,1258,1252,2500,2500,2500,2499,2499,2500,1254,1251,10,0,0,0,0,100,0,0,5,0,0,0,0,0,0,0,254685.26538085938,69471.65313720703,0,404327403520,8589930496,6053027840,114688
10,1791567988027,2499,2499,1254,1309,1263,1289,1258,1252,2500,2500,2500,2499,2499,2500,1254,1251,10,0,0,0,0,100,0,0,5,0,0,0,0,0,0,0,254685.41918945313,69471.97540283203,0,404327403520,8589930496,6053027840,114688
9,1791567988037,2499,2499,1254,1309,1263,1289,1258,1252,2500,2500,2500,2499,2499,2500,1254,1251,10,0,0,0,0,100,0,0,5,0,0,0,0,0,0,0,254685.5698852539,69472.2992553711,0,404327403520,8589930496,6053027840,114688
9,1791567988047,2499,2499,1254,1309,1263,1289,1258,1252,2500,2500,2500,2499,2499,2500,1254,1251,10,0,0,0,0,100,0,0,5,0,0,0,0,0,0,0,254685.72387695313,69472.62274169922,0,404327403520,8589930496,6053027840,114688
9,1791567988057,2499,2499,1254,1309,1263,1289,1258,1252,2500,2500,2500,2499,2499,2500,1254,1251,10,0,0,0,0,100,0,0,5,0,0,0,0,0,0,0,254685.87200927734,69472.94213867188,0,404327403520,8589930496,6053027840,114688
9,1791567988067,2499,2499,1254,1309,1263,1289,1258,1252,2500,2500,2500,2499,2499,2500,1254,1251,10,0,0,0,0,100,0,0,5,0,0,0,0,0,0,0,254686.0263671875,69473.26184082031,0,404327403520,8589930496,6053027840,114688
9,1791567988077,2499,2499,1254,1309,1263,1289,1258,1252,2500,2500,2500,2499,2499,2500,1254,1251,10,0,0,0,0,100,0,0,5,0,0,0,0,0,0,0,254686.17578125,69473.57995605469,0,404327403520,8589930496,6044512256,114688
9,1791567988087,2499,2499,1254,1309,1263,1289,1258,1252,2500,2500,2500,2499,2499,2500,1254,1251,10,0,0,0,0,100,0,0,5,0,0,0,0,0,0,0,254686.34149169922,69473.9310913086,0,404327403520,8589930496,6044512256,114688
9,1791567988097,2499,2499,1254,1309,1263,1289,1258,1252,2500,2500,2500,2499,2499,2500,1254,1251,10,0,0,0,0,100,0,0,5,0,0,0,0,0,0,0,254686.4754638672,69474.22845458984,0,404327403520,8589930496,6044512256,114688
9,1791567988107,2499,2499,1254,1309,1263,1289,1258,1252,2500,2500,2500,2499,2499,2500,1254,1251,10,0,0,0,0,100,0,0,5,0,0,0,0,0,0,0,254686.6446533203,69474.58624267578,0,404327403520,8589930496,6044512256,114688
9,1791567988117,2499,2499,1254,1309,1263,1289,1258,1252,2500,2500,2500,2499,2499,2500,1254,1251,10,0,0,0,0,100,0,0,5,0,0,0,0,0,0,0,254686.7999267578,69474.90606689453,0,404327403520,8589930496,6044512256,114688
10,1791567988127,2499,2499,1254,1309,1263,1289,1258,1252,2500,2500,2500,2499,2499,2500,1254,1251,10,0,0,0,0,100,0,0,5,0,0,0,0,0,0,0,254686.94897460938,69475.2241821289,0,404327403520,8589930496,6044512256,114688
10,1791567988137,2499,2499,1254,1309,1263,1289,1258,1252,2500,2500,2500,2499,2499,2500,1254,1251,10,0,0,0,0,100,0,0,5,0,0,0,0,0,0,0,254687.09924316406,69475.54461669922,0,404327403520,8589930496,6025416704,114688
9,1791567988147,2499,2499,1254,1309,1263,1289,1258,1252,2500,2500,2500,2499,2499,2500,1254,1251,10,0,0,0,0,100,0,0,5,0,0,0,0,0,0,0,254687.2508544922,69475.86413574219,0,404327403520,8589930496,6025416704,114688
9,1791567988158,2499,2499,1254,1309,1263,1289,1258,1252,2500,2500,2500,2499,2499,2500,1254,1251,10,0,0,0,0,100,0,0,0,0,0,0,0,0,0,0,254687.40008544922,69476.18255615234,0,404327403520,8589930496,6025416704,114688
9,1791567988168,2499,2499,1254,1309,1263,1289,1258,1252,2500,2500,2500,2499,2499,2500,1254,1251,10,0,0,0,0,100,0,0,0,0,0,0,0,0,0,0,254687.55334472656,69476.5073852539,0,404327403520,8589930496,6025416704,114688
9,1791567988178,2499,2499,1254,1309,1263,1289,1258,1252,2500,2500,2500,2499,2499,2500,1254,1251,10,0,0,0,0,100,0,0,0,0,0,0,0,0,0,0,254687.7036743164,69476.83428955078,0,404327403520,8589930496,6025416704,114688
9,1791567988188,2499,2499,1254,1309,1263,1289,1258,1252,2500,2500,2500,2499,2499,2500,1254,1251,10,0,0,0,0,100,0,0,0,0,0,0,0,0,0,0,254687.85693359375,69477.15124511719,0,404327403520,8589930496,6025416704,114688
9,1791567988198,2499,2499,1254,1309,1263,1289,1258,1252,2500,2500,2500,2499,2499,2500,1254,1251,10,0,0,0,0,100,0,0,0,0,0,0,0,0,0,0,254688.00817871094,69477.47149658203,0,404327403520,8589930496,6025416704,114688
9,1791567988208,2499,2499,1254,1309,1263,1289,1258,1252,2500,2500,2500,2499,2499,2500,1254,1251,10,0,0,0,0,100,0,0,0,0,0,0,0,0,0,0,254688.1612548828,69477.7827758789,0,404327403520,8589930496,6025416704,114688
9,1791567988218,2499,2499,1254,1309,1263,1289,1258,1252,2500,2500,2500,2499,2499,2500,1254,1251,10,0,0,0,0,100,0,0,0,0,0,0,0,0,0,0,254688.31298828125,69478.10369873047,0,404327403520,8589930496,6025416704,114688
9,1791567988228,2499,2499,1254,1309,1263,1289,1258,1252,2500,2500,2500,2499,2499,2500,1254,1251,10,0,0,0,0,100,0,0,0,0,0,0,0,0,0,0,254688.46313476563,69478.42456054688,0,404327403520,8589930496,6025416704,114688
9,1791567988238,2499,2499,1254,1309,1263,1289,1258,1252,2500,2500,2500,2499,2499,2500,1254,1251,10,0,0,0,0,100,0,0,0,0,0,0,0,0,0,0,254688.63067626953,69478.77850341797,0,404327403520,8589930496,6025416704,114688
9,1791567988248,2499,2499,1254,1309,1263,1289,1258,1252,2500,2500,2500,2499,2499,2500,1254,1251,10,0,0,0,0,100,0,0,0,0,0,0,0,0,0,0,254688.77075195313,69479.06512451172,0,404327403520,8589930496,6025416704,114688
9,1791567988258,2499,2499,1254,1309,1263,1289,1258,1252,2500,2500,2500,2499,2499,2500,1254,1251,10,0,0,0,0,100,0,0,0,0,0,0,0,0,0,0,254688.92456054688,69479.38958740234,0,404327403520,8589930496,6025416704,114688
9,1791567988268,2499,2499,1254,1309,1263,1289,1258,1252,2500,2500,2500,2499,2499,2500,1254,1251,10,0,0,0,0,100,0,0,0,0,0,0,0,0,0,0,254689.08892822266,69479.73742675781,0,404327403520,8589930496,6025416704,114688
9,1791567988278,2499,2499,1254,1309,1263,1289,1258,1252,2500,2500,2500,2499,2499,2500,1254,1251,10,0,0,0,0,100,0,0,0,0,0,0,0,0,0,0,254689.2427368164,69480.05535888672,0,404327403520,8589930496,6025416704,114688
9,1791567988289,2499,2499,1254,1309,1263,1289,1258,1252,2500,2500,2500,2499,2499,2500,1254,1251,10,0,0,0,0,100,0,0,0,0,0,0,0,0,0,0,254689.3956298828,69480.37811279297,0,404327403520,8589930496,6025416704,114688
9,1791567988299,2499,2499,1254,1309,1263,1289,1258,1252,2500,2500,2500,2499,2499,2500,1254,1251,10,0,0,0,0,100,0,0,0,0,0,0,0,0,0,0,254689.55078125,69480.69970703125,0,404327403520,8589930496,6025416704,114688
10,1791567988309,2499,2499,1254,1309,1263,1289,1258,1252,2500,2500,2500,2499,2499,2500,1254,1251,10,0,0,0,0,100,0,0,0,0,0,0,0,0,0,0,254689.7039794922,69481.02014160156,0,404327403520,8589930496,6025416704,114688
9,1791567988319,2499,2499,1254,1309,1263,1289,1258,1252,2500,2500,2500,2499,2499,2500,1254,1251,10,0,0,0,0,100,0,0,0,0,0,0,0,0,0,0,254689.8526611328,69481.34240722656,0,404327403520,8589930496,6025416704,114688
9,1791567988329,2499,2499,1254,1309,1263,1289,1258,1252,2500,2500,2500,2499,2499,2500,1254,1251,10,0,0,0,0,100,0,0,0,0,0,0,0,0,0,0,254690.0108642578,69481.66186523438,0,404327403520,8589930496,6025416704,114688
9,1791567988339,2499,2499,1254,1309,1263,1289,1258,1252,2500,2500,2500,2499,2499,2500,1254,1251,10,0,0,0,0,100,0,0,0,0,0,0,0,0,0,0,254690.1644897461,69481.98168945313,0,404327403520,8589930496,6025416704,114688
9,1791567988349,2499,2499,1254,1309,1263,1289,1258,1252,2500,2500,2500,2499,2499,2500,1254,1251,10,0,0,0,0,100,0,0,0,0,0,0,0,0,0,0,254690.31951904297,69482.30029296875,0,404327403520,8589930496,6025416704,114688
9,1791567988359,2499,2499,1254,1309,1263,1289,1258,1252,2500,2500,2500,2499,2499,2500,1254,1251,10,0,0,0,0,100,0,0,0,0,0,0,0,0,0,0,254690.46978759766,69482.62225341797,0,404327403520,8589930496,6025416704,114688
9,1791567988369,2499,2499,1254,1309,1263,1289,1258,1252,2500,2500,2500,2499,2499,2500,1254,1251,10,0,0,0,0,100,0,0,0,0,0,0,0,0,0,0,254690.62213134766,69482.94073486328,0,404327403520,8589930496,6025416704,114688
9,1791567988379,2499,2499,1254,1309,1263,1289,1258,1252,2500,2500,2500,2499,2499,2500,1254,1251,10,0,0,0,0,100,0,0,0,0,0,0,0,0,0,0,254690.77081298828,69483.26013183594,0,404327403520,8589930496,6025416704,114688
10,1791567988389,2499,2499,1254,1309,1263,1289,1258,1252,2500,2500,2500,2499,2499,2500,1254,1251,10,0,0,0,0,100,0,0,0,0,0,0,0,0,0,0,254690.92443847656,69483.5708618164,0,404327403520,8589930496,6025416704,114688
9,1791567988399,2499,2499,1254,1309,1263,1289,1258,1252,2500,2500,2500,2499,2499,2500,1254,1251,10,0,0,0,0,100,0,0,0,0,0,0,0,0,0,0,254691.0701904297,69483.8857421875,0,404327403520,8589930496,6025416704,114688
9,1791567988409,2499,2499,1254,1309,1263,1289,1258,1252,2500,2500,2500,2499,2499,2500,1254,1251,10,0,0,0,0,100,0,0,0,0,0,0,0,0,0,0,254691.22088623047,69484.19787597656,0,404327403520,8589930496,6025416704,114688
9,1791567988419,2499,2499,1254,1309,1263,1289,1258,1252,2500,2500,2500,2499,2499,2500,1254,1251,10,0,0,0,0,100,0,0,0,0,0,0,0,0,0,0,254691.37078857422,69484.51348876953,0,404327403520,8589930496,6025416704,114688
9,1791567988430,2499,2499,1254,1309,1263,1289,1258,1252,2500,2500,2500,2499,2499,2500,1254,1251,10,0,0,0,0,100,0,0,0,0,0,0,0,0,0,0,254691.53875732422,69484.86340332031,0,404327403520,8589930496,6025416704,114688
10,1791567988440,2499,2499,1254,1309,1263,1289,1258,1252,2500,2500,2500,2499,2499,2500,1254,1251,10,0,0,0,0,100,0,0,0,0,0,0,0,0,0,0,254691.67517089844,69485.1527709961,0,404327403520,8589930496,6025416704,114688
10,1791567988450,2499,2499,1254,1309,1263,1289,1258,1252,2500,2500,2500,2499,2499,2500,1254,1251,10,0,0,0,0,100,0,0,0,0,0,0,0,0,0,0,254691.841796875,69485.505859375,0,404327403520,8589930496,6025416704,114688
9,1791567988460,2499,2499,1254,1309,1263,1289,1258,1252,2500,2500,2500,2499,2499,2500,1254,1251,10,0,0,0,0,100,0,0,0,0,0,0,0,0,0,0,254691.98901367188,69485.82080078125,0,404327403520,8589930496,6025416704,114688
9,1791567988470,2499,2499,1254,1309,1263,1289,1258,1252,2500,2500,2500,2499,2499,2500,1254,1251,10,0,0,0,0,100,0,0,0,0,0,0,0,0,0,0,254692.14080810547,69486.14056396484,0,404327403520,8589930496,6025416704,114688
9,1791567988480,2499,2499,1254,1309,1263,1289,1258,1252,2500,2500,2500,2499,2499,2500,1254,1251,10,0,0,0,0,100,0,0,0,0,0,0,0,0,0,0,254692.2928466797,69486.45794677734,0,404327403520,8589930496,6025416704,114688
9,1791567988490,2499,2499,1254,1309,1263,1289,1258,1252,2500,2500,2500,2499,2499,2500,1254,1251,10,0,0,0,0,100,0,0,0,0,0,0,0,0,0,0,254692.44049072266,69486.77868652344,0,404327403520,8589930496,6025416704,114688
10,1791567988500,2499,2499,1254,1309,1263,1289,1258,1252,2500,2500,2500,2499,2499,2500,1254,1251,10,0,0,0,0,100,0,0,0,0,0,0,0,0,0,0,254692.5873413086,69487.09893798828,0,404327403520,8589930496,6025416704,114688
9,1791567988510,2499,2499,1254,1309,1263,1289,1258,1252,2500,2500,2500,2499,2499,2500,1254,1251,10,0,0,0,0,100,0,0,0,0,0,0,0,0,0,0,254692.73583984375,69487.41619873047,0,404327403520,8589930496,6025416704,114688
9,1791567988520,2499,2499,1254,1309,1263,1289,1258,1252,2500,2500,2500,2499,2499,2500,1254,1251,10,0,0,0,0,100,0,0,0,0,0,0,0,0,0,0,254692.8871459961,69487.73376464844,0,404327403520,8589930496,6025416704,114688
9,1791567988530,2499,2499,1254,1309,1263,1289,1258,1252,2500,2500,2500,2499,2499,2500,1254,1251,10,0,0,0,0,100,0,0,0,0,0,0,0,0,0,0,254693.03839111328,69488.05456542969,0,404327403520,8589930496,6025416704,114688
10,1791567988540,2499,2499,1254,1309,1263,1289,1258,1252,2500,2500,2500,2499,2499,2500,1254,1251,10,0,0,0,0,100,0,0,0,0,0,0,0,0,0,0,254693.19201660156,69488.37377929688,0,404327403520,8589930496,6025416704,114688
9,1791567988550,2499,2499,1254,1309,1263,1289,1258,1252,2500,2500,2500,2499,2499,2500,1254,1251,10,0,0,0,0,100,0,0,0,0,0,0,0,0,0,0,254693.34252929688,69488.69439697266,0,404327403520,8589930496,6025416704,114688
9,1791567988560,2499,2499,1254,1309,1263,1289,1258,1252,2500,2500,2500,2499,2499,2500,1254,1251,5.263157844543457,5,0,0,0,100,0,0,0,0,0,0,0,0,0,0,254693.4962158203,69489.01885986328,0,404327403520,8589930496,6025416704,114688
10,1791567988570,2499,2499,1254,1309,1263,1289,1258,1252,2500,2500,2500,2499,2499,2500,1254,1251,5.263157844543457,5,0,0,0,100,0,0,0,0,0,0,0,0,0,0,254693.65295410156,69489.33892822266,0,404327403520,8589930496,6025416704,114688
9,1791567988581,2499,2499,1254,1309,1263,1289,1258,1252,2500,2500,2500,2499,2499,2500,1254,1251,5.263157844543457,5,0,0,0,100,0,0,0,0,0,0,0,0,0,0,254693.82287597656,69489.69061279297,0,404327403520,8589930496,6025416704,114688
10,1791567988591,2499,2499,1254,1309,1263,1289,1258,1252,2500,2500,2500,2499,2499,2500,1254,1251,5.263157844543457,5,0,0,0,100,0,0,0,0,0,0,0,0,0,0,254693.9591064453,69489.98040771484,0,404327403520,8589930496,6025416704,114688
9,1791567988601,2499,2499,1254,1309,1263,1289,1258,1252,2500,2500,2500,2499,2499,2500,1254,1251,5.263157844543457,5,0,0,0,100,0,0,0,0,0,0,0,0,0,0,254694.130859375,69490.33728027344,0,404327403520,8589930496,6025416704,114688
9,1791567988611,2499,2499,1254,1309,1263,1289,1258,1252,2500,2500,2500,2499,2499,2500,1254,1251,5.263157844543457,5,0,0,0,100,0,0,0,0,0,0,0,0,0,0,254694.28393554688,69490.6587524414,0,404327403520,8589930496,6025416704,114688
9,1791567988621,2499,2499,1254,1309,1263,1289,1258,1252,2500,2500,2500,2499,2499,2500,1254,1251,5.263157844543457,5,0,0,0,100,0,0,0,0,0,0,0,0,0,0,254694.435546875,69490.98114013672,0,404327403520,8589930496,6025416704,114688
9,1791567988631,2499,2499,1254,1309,1263,1289,1258,1252,2500,2500,2500,2499,2499,2500,1254,1251,5.263157844543457,5,0,0,0,100,0,0,0,0,0,0,0,0,0,0,254694.5849609375,69491.3060913086,0,404327403520,8589930496,6025416704,114688
10,1791567988641,2499,2499,1254,1309,1263,1289,1258,1252,2500,2500,2500,2499,2499,2500,1254,1251,5.263157844543457,5,0,0,0,100,0,0,0,0,0,0,0,0,0,0,254694.7362060547,69491.62316894531,0,404327403520,8589930496,6025416704,114688
9,1791567988651,2499,2499,1254,1309,1263,1289,1258,1252,2500,2500,2500,2499,2499,2500,1254,1251,5.263157844543457,5,0,0,0,100,0,0,0,0,0,0,0,0,0,0,254694.88891601563,69491.94543457031,0,404327403520,8589930496,6025416704,114688
9,1791567988661,2499,2499,1254,1309,1263,1289,1258,1252,2500,2500,2500,2499,2499,2500,1254,1251,5.263157844543457,5,0,0,0,100,0,0,0,0,0,0,0,0,0,0,254695.04327392578,69492.26446533203,0,404327403520,8589930496,6025416704,114688
9,1791567988671,2499,2499,1254,1309,1263,1289,1258,1252,2500,2500,2500,2499,2499,2500,1254,1251,5.263157844543457,5,0,0,0,100,0,0,0,0,0,0,0,0,0,0,254695.1993408203,69492.58740234375,0,404327403520,8589930496,6025416704,114688
9,1791567988681,2499,2499,1254,1309,1263,1289,1258,1252,2500,2500,2500,2499,2499,2500,1254,1251,5.263157844543457,5,0,0,0,100,0,0,0,0,0,0,0,0,0,0,254695.35314941406,69492.9116821289,0,404327403520,8589930496,6025416704,114688
9,1791567988691,2499,2499,1254,1309,1263,1289,1258,1252,2500,2500,2500,2499,2499,2500,1254,1251,5.263157844543457,5,0,0,0,100,0,0,0,0,0,0,0,0,0,0,254695.505859375,69493.23419189453,0,404327403520,8589930496,6025416704,114688
10,1791567988701,2499,2499,1254,1309,1263,1289,1258,1252,2500,2500,2500,2499,2499,2500,1254,1251,5.263157844543457,5,0,0,0,100,0,0,0,0,0,0,0,0,0,0,254695.65911865234,69493.5562133789,0,404327403520,8589930496,6025416704,114688
9,1791567988712,2499,2499,1254,1309,1263,1289,1258,1252,2500,2500,2500,2499,2499,2500,1254,1251,5.263157844543457,5,0,0,0,100,0,0,0,0,0,0,0,0,0,0,254695.81219482422,69493.87860107422,0,404327403520,8589930496,6025416704,114688
10,1791567988722,2499,2499,1254,1309,1263,1289,1258,1252,2500,2500,2500,2499,2499,2500,1254,1251,5.263157844543457,5,0,0,0,100,0,0,0,0,0,0,0,0,0,0,254695.96447753906,69494.20080566406,0,404327403520,8589930496,6025416704,114688
9,1791567988732,2499,2499,1254,1309,1263,1289,1258,1252,2500,2500,2500,2499,2499,2500,1254,1251,5.263157844543457,5,0,0,0,100,0,0,0,0,0,0,0,0,0,0,254696.11682128906,69494.53039550781,0,404327403520,8589930496,6025416704,114688
9,1791567988742,2499,2499,1254,1309,1263,1289,1258,1252,2500,2500,2500,2499,2499,2500,1254,1251,5.263157844543457,5,0,0,0,100,0,0,0,0,0,0,0,0,0,0,254696.28802490234,69494.88659667969,0,404327403520,8589930496,6025416704,114688
9,1791567988752,2499,2499,1254,1309,1263,1289,1258,1252,2500,2500,2500,2499,2499,2500,1254,1251,5.263157844543457,5,0,0,0,100,0,0,0,0,0,0,0,0,0,0,254696.44439697266,69495.21130371094,0,404327403520,8589930496,6025416704,114688
9,1791567988762,2499,2499,1254,1309,1263,1289,1258,1252,2500,2500,2500,2499,2499,2500,1254,1251,9.523809432983398,0,0,0,0,100,0,0,0,0,0,0,0,0,0,0,254696.5947265625,69495.5396118164,0,404327403520,8589930496,6025416704,114688
9,1791567988772,2499,2499,1254,1309,1263,1289,1258,1252,2500,2500,2500,2499,2499,2500,1254,1251,9.523809432983398,0,0,0,0,100,0,0,0,0,0,0,0,0,0,0,254696.7470703125,69495.86108398438,0,404327403520,8589930496,6025416704,114688
9,1791567988782,2499,2499,1254,1309,1263,1289,1258,1252,2500,2500,2500,2499,2499,2500,1254,1251,9.523809432983398,0,0,0,0,100,0,0,0,0,0,0,0,0,0,0,254696.90216064453,69496.18243408203,0,404327403520,8589930496,6025416704,114688
9,1791567988792,2499,2499,1254,1309,1263,1289,1258,1252,2500,2500,2500,2499,2499,2500,1254,1251,9.523809432983398,0,0,0,0,100,0,0,0,0,0,0,0,0,0,0,254697.05450439453,69496.50219726563,0,404327403520,8589930496,6025416704,114688
9,1791567988802,2499,2499,1254,1309,1263,1289,1258,1252,2500,2500,2500,2499,2499,2500,1254,1251,9.523809432983398,0,0,0,0,100,0,0,0,0,0,0,0,0,0,0,254697.2094116211,69496.82244873047,0,404327403520,8589930496,6025416704,114688
9,1791567988812,2499,2499,1254,1309,1263,1289,1258,1252,2500,2500,2500,2499,2499,2500,1254,1251,9.523809432983398,0,0,0,0,100,0,0,0,0,0,0,0,0,0,0,254697.36462402344,69497.13946533203,0,404327403520,8589930496,6025416704,114688
9,1791567988822,2499,2499,1254,1309,1263,1289,1258,1252,2500,2500,2500,2499,2499,2500,1254,1251,9.523809432983398,0,0,0,0,100,0,0,0,0,0,0,0,0,0,0,254697.51861572266,69497.46203613281,0,404327403520,8589930496,6025416704,114688
9,1791567988832,2499,2499,1254,1309,1263,1289,1258,1252,2500,2500,2500,2499,2499,2500,1254,1251,9.523809432983398,0,0,0,0,100,0,0,0,0,0,0,0,0,0,0,254697.67388916016,69497.77630615234,0,404327403520,8589930496,6025416704,114688
10,1791567988842,2499,2499,1254,1309,1263,1289,1258,1252,2500,2500,2500,2499,2499,2500,1254,1251,9.523809432983398,0,0,0,0,100,0,0,0,0,0,0,0,0,0,0,254697.8311767578,69498.09875488281,0,404327403520,8589930496,6025416704,114688
10,1791567988852,2499,2499,1254,1309,1263,1289,1258,1252,2500,2500,2500,2499,2499,2500,1254,1251,9.523809432983398,0,0,0,0,100,0,0,0,0,0,0,0,0,0,0,254697.98315429688,69498.42376708984,0,404327403520,8589930496,6025416704,114688
9,1791567988863,2499,2499,1254,1309,1263,1289,1258,1252,2500,2500,2500,2499,2499,2500,1254,1251,9.523809432983398,0,0,0,0,100,0,0,0,0,0,0,0,0,0,0,254698.1323852539,69498.74969482422,0,404327403520,8589930496,6025416704,114688
10,1791567988873,2499,2499,1254,1309,1263,1289,1258,1252,2500,2500,2500,2499,2499,2500,1254,1251,9.523809432983398,0,0,0,0,100,0,0,0,0,0,0,0,0,0,0,254698.2882080078,69499.07232666016,0,404327403520,8589930496,6025416704,114688
9,1791567988883,2499,2499,1254,1309,1263,1289,1258,1252,2500,2500,2500,2499,2499,2500,1254,1251,9.523809432983398,0,0,0,0,100,0,0,0,0,0,0,0,0,0,0,254698.44366455078,69499.39154052734,0,404327403520,8589930496,6025416704,114688
9,1791567988893,2499,2499,1254,1309,1263,1289,1258,1252,2500,2500,2500,2499,2499,2500,1254,1251,9.523809432983398,0,0,0,0,100,0,0,0,0,0,0,0,0,0,0,254698.59600830078,69499.71014404297,0,404327403520,8589930496,6025416704,114688
9,1791567988903,2499,2499,1254,1309,1263,1289,1258,1252,2500,2500,2500,2499,2499,2500,1254,1251,9.523809432983398,0,0,0,0,100,0,0,0,0,0,0,0,0,0,0,254698.76629638672,69500.06359863281,0,404327403520,8589930496,6025416704,114688
9,1791567988913,2499,2499,1254,1309,1263,1289,1258,1252,2500,2500,2500,2499,2499,2500,1254,1251,9.523809432983398,0,0,0,0,100,0,0,0,0,0,0,0,0,0,0,254698.9164428711,69500.38134765625,0,404327403520,8589930496,6025416704,114688
9,1791567988923,2499,2499,1254,1309,1263,1289,1258,1252,2500,2500,2500,2499,2499,2500,1254,1251,9.523809432983398,0,0,0,0,100,0,0,0,0,0,0,0,0,0,0,254699.06713867188,69500.70825195313,0,404327403520,8589930496,6025416704,114688
9,1791567988933,2499,2499,1254,1309,1263,1289,1258,1252,2500,2500,2500,2499,2499,2500,1254,1251,9.523809432983398,0,0,0,0,100,0,0,0,0,0,0,0,0,0,0,254699.21966552734,69501.03009033203,0,404327403520,8589930496,6025416704,114688
9,1791567988943,2499,2499,1254,1309,1263,1289,1258,1252,2500,2500,2500,2499,2499,2500,1254,1251,9.523809432983398,0,0,0,0,100,0,0,0,0,0,0,0,0,0,0,254699.3729248047,69501.35278320313,0,404327403520,8589930496,6025416704,114688
9,1791567988953,2499,2499,1254,1309,1263,1289,1258,1252,2500,2500,2500,2499,2499,2500,1254,1251,9.523809432983398,0,0,0,0,100,0,0,0,0,0,0,0,0,0,0,254699.52856445313,69501.671875,0,404327403520,8589930496,6025416704,114688
10,1791567988963,2499,2499,1254,1309,1263,1289,1258,1252,2500,2500,2500,2499,2499,2500,1254,1251,14.285715103149414,0,0,0,0,100,0,0,0,0,0,0,0,0,0,0,254699.68292236328,69501.9974975586,0,404327403520,8589930496,6025416704,114688
9,1791567988973,2499,2499,1254,1309,1263,1289,1258,1252,2500,2500,2500,2499,2499,2500,1254,1251,14.285715103149414,0,0,0,0,100,0,0,0,0,0,0,0,0,0,0,254699.8350830078,69502.32110595703,0,404327403520,8589930496,6025416704,114688
9,1791567988983,2499,2499,1254,1309,1263,1289,1258,1252,2500,2500,2500,2499,2499,2500,1254,1251,14.285715103149414,0,0,0,0,100,0,0,0,0,0,0,0,0,0,0,254699.99365234375,69502.6480102539,0,404327403520,8589930496,6025416704,114688
10,1791567988993,2499,2499,1254,1309,1263,1289,1258,1252,2500,2500,2500,2499,2499,2500,1254,1251,14.285715103149414,0,0,0,0,100,0,0,0,0,0,0,0,0,0,0,254700.14489746094,69502.97314453125,0,404327403520,8589930496,6025416704,114688
9,1791567989003,2499,2499,1254,1309,1263,1289,1258,1252,2500,2500,2500,2499,2499,2500,1254,1251,14.285715103149414,0,0,0,0,100,0,0,0,0,0,0,0,0,0,0,254700.2957763672,69503.29504394531,0,404327403520,8589930496,6025416704,114688
10,1791567989014,2499,2499,1254,1309,1263,1289,1258,1252,2500,2500,2500,2499,2499,2500,1254,1251,14.285715103149414,0,0,0,0,100,0,0,0,0,0,0,0,0,0,0,254700.44921875,69503.61602783203,0,404327403520,8589930496,6025416704,114688
9,1791567989024,2499,2499,1254,1309,1263,1289,1258,1252,2500,2500,2500,2499,2499,2500,1254,1251,14.285715103149414,0,0,0,0,100,0,0,0,0,0,0,0,0,0,0,254700.6039428711,69503.93933105469,0,404327403520,8589930496,6025416704,114688
9,1791567989034,2499,2499,1254,1309,1263,1289,1258,1252,2500,2500,2500,2499,2499,2500,1254,1251,14.285715103149414,0,0,0,0,100,0,0,0,0,0,0,0,0,0,0,254700.7562866211,69504.26098632813,0,404327403520,8589930496,6025416704,114688
9,1791567989044,2499,2499,1254,1309,1263,1289,1258,1252,2500,2500,2500,2499,2499,2500,1254,1251,14.285715103149414,0,0,0,0,100,0,0,0,0,0,0,0,0,0,0,254700.9102783203,69504.59002685547,0,404327403520,8589930496,6025416704,114688
9,1791567989054,2499,2499,1254,1309,1263,1289,1258,1252,2500,2500,2500,2499,2499,2500,1254,1251,14.285715103149414,0,0,0,0,100,0,0,0,0,0,0,0,0,0,0,254701.06646728516,69504.91186523438,0,404327403520,8589930496,6025416704,114688
9,1791567989064,2499,2499,1254,1309,1263,1289,1258,1252,2500,2500,2500,2499,2499,2500,1254,1251,14.285715103149414,0,0,0,0,100,0,0,0,0,0,0,0,0,0,0,254701.2201538086,69505.23498535156,0,404327403520,8589930496,6025416704,114688
9,1791567989074,2499,2499,1254,1309,1263,1289,1258,1252,2500,2500,2500,2499,2499,2500,1254,1251,14.285715103149414,0,0,0,0,100,0,0,0,0,0,0,0,0,0,0,254701.39385986328,69505.59265136719,0,404327403520,8589930496,6025416704,114688
9,1791567989084,2499,2499,1254,1309,1263,1289,1258,1252,2500,2500,2500,2499,2499,2500,1254,1251,14.285715103149414,0,0,0,0,100,0,0,0,0,0,0,0,0,0,0,254701.54571533203,69505.91333007813,0,404327403520,8589930496,6025416704,114688
9,1791567989094,2499,2499,1254,1309,1263,1289,1258,1252,2500,2500,2500,2499,2499,2500,1254,1251,14.285715103149414,0,0,0,0,100,0,0,0,0,0,0,0,0,0,0,254701.70092773438,69506.23425292969,0,404327403520,8589930496,6025416704,114688
9,1791567989104,2499,2499,1254,1309,1263,1289,1258,1252,2500,2500,2500,2499,2499,2500,1254,1251,14.285715103149414,0,0,0,0,100,0,0,0,0,0,0,0,0,0,0,254701.85345458984,69506.55212402344,0,404327403520,8589930496,6000644096,114688
9,1791567989114,2499,2499,1254,1309,1263,1289,1258,1252,2500,2500,2500,2499,2499,2500,1254,1251,14.285715103149414,0,0,0,0,100,0,0,0,0,0,0,0,0,0,0,254702.00799560547,69506.87280273438,0,404327403520,8589930496,6000644096,114688
9,1791567989124,2499,2499,1254,1309,1263,1289,1258,1252,2500,2500,2500,2499,2499,2500,1254,1251,14.285715103149414,0,0,0,0,100,0,0,0,0,0,0,0,0,0,0,254702.16229248047,69507.20489501953,0,404327403520,8589930496,6000644096,114688
9,1791567989134,2499,2499,1254,1309,1263,1289,1258,1252,2500,2500,2500,2499,2499,2500,1254,1251,14.285715103149414,0,0,0,0,100,0,0,0,0,0,0,0,0,0,0,254702.3208618164,69507.51824951172,0,404327403520,8589930496,6000644096,114688
9,1791567989145,2499,2499,1254,1309,1263,1289,1258,1252,2500,2500,2500,2499,2499,2500,1254,1251,14.285715103149414,0,0,0,0,100,0,0,0,0,0,0,0,0,0,0,254702.47491455078,69507.8388671875,0,404327403520,8589930496,6000644096,114688
10,1791567989155,2499,2499,1254,1309,1263,1289,1258,1252,2500,2500,2500,2499,2499,2500,1254,1251,14.285715103149414,0,0,0,0,100,0,0,0,0,0,0,0,0,0,0,254702.62799072266,69508.16125488281,0,404327403520,8589930496,6000644096,114688
9,1791567989165,2499,2499,1254,1309,1263,1289,1258,1252,2500,2500,2500,2499,2499,2500,1254,1251,5.263157844543457,5,0,0,0,100,0,0,0,0,0,0,0,0,0,0,254702.779296875,69508.48651123047,0,404327403520,8589930496,6000644096,114688
9,1791567989175,2499,2499,1254,1309,1263,1289,1258,1252,2500,2500,2500,2499,2499,2500,1254,1251,5.263157844543457,5,0,0,0,100,0,0,0,0,0,0,0,0,0,0,254702.92797851563,69508.81018066406,0,404327403520,8589930496,6000644096,114688
9,1791567989185,2499,2499,1254,1309,1263,1289,1258,1252,2500,2500,2500,2499,2499,2500,1254,1251,5.263157844543457,5,0,0,0,100,0,0,0,0,0,0,0,0,0,0,254703.08416748047,69509.13049316406,0,404327403520,8589930496,6000644096,114688
9,1791567989195,2499,2499,1254,1309,1263,1289,1258,1252,2500,2500,2500,2499,2499,2500,1254,1251,5.263157844543457,5,0,0,0,100,0,0,0,0,0,0,0,0,0,0,254703.23852539063,69509.46453857422,0,404327403520,8589930496,6000644096,114688
9,1791567989205,2499,2499,1254,1309,1263,1289,1258,1252,2500,2500,2500,2499,2499,2500,1254,1251,5.263157844543457,5,0,0,0,100,0,0,0,0,0,0,0,0,0,0,254703.39361572266,69509.77575683594,0,404327403520,8589930496,6000644096,114688
9,1791567989215,2499,2499,1254,1309,1263,1289,1258,1252,2500,2500,2500,2499,2499,2500,1254,1251,5.263157844543457,5,0,0,0,100,0,0,0,0,0,0,0,0,0,0,254703.54815673828,69510.10150146484,0,404327403520,8589930496,6000644096,114688
10,1791567989225,2499,2499,1254,1309,1263,1289,1258,1252,2500,2500,2500,2499,2499,2500,1254,1251,5.263157844543457,5,0,0,0,100,0,0,0,0,0,0,0,0,0,0,254703.69665527344,69510.41931152344,0,404327403520,8589930496,6000644096,114688
9,1791567989235,2499,2499,1254,1309,1263,1289,1258,1252,2500,2500,2500,2499,2499,2500,1254,1251,5.263157844543457,5,0,0,0,100,0,0,0,0,0,0,0,0,0,0,254703.84606933594,69510.74255371094,0,404327403520,8589930496,6000644096,114688
10,1791567989245,2499,2499,1254,1309,1263,1289,1258,1252,2500,2500,2500,2499,2499,2500,1254,1251,5.263157844543457,5,0,0,0,100,0,0,0,0,0,0,0,0,0,0,254703.99932861328,69511.06927490234,0,404327403520,8589930496,6000644096,114688
9,1791567989255,2499,2499,1254,1309,1263,1289,1258,1252,2500,2500,2500,2499,2499,2500,1254,1251,5.263157844543457,5,0,0,0,100,0,0,0,0,0,0,0,0,0,0,254704.1649169922,69511.41888427734,0,404327403520,8589930496,6000644096,114688
9,1791567989265,2499,2499,1254,1309,1263,1289,1258,1252,2500,2500,2500,2499,2499,2500,1254,1251,5.263157844543457,5,0,0,0,100,0,0,0,0,0,0,0,0,0,0,254704.32055664063,69511.73950195313,0,404327403520,8589930496,6000644096,114688
9,1791567989275,2499,2499,1254,1309,1263,1289,1258,1252,2500,2500,2500,2499,2499,2500,1254,1251,5.263157844543457,5,0,0,0,100,0,0,0,0,0,0,0,0,0,0,254704.4760131836,69512.05548095703,0,404327403520,8589930496,6000644096,114688
9,1791567989286,2499,2499,1254,1309,1263,1289,1258,1252,2500,2500,2500,2499,2499,2500,1254,1251,5.263157844543457,5,0,0,0,100,0,0,0,0,0,0,0,0,0,0,254704.62817382813,69512.37396240234,0,404327403520,8589930496,6000644096,114688
9,1791567989296,2499,2499,1254,1309,1263,1289,1258,1252,2500,2500,2500,2499,2499,2500,1254,1251,5.263157844543457,5,0,0,0,100,0,0,0,0,0,0,0,0,0,0,254704.78106689453,69512.68933105469,0,404327403520,8589930496,6000644096,114688
9,1791567989306,2499,2499,1254,1309,1263,1289,1258,1252,2500,2500,2500,2499,2499,2500,1254,1251,5.263157844543457,5,0,0,0,100,0,0,0,0,0,0,0,0,0,0,254704.9346923828,69513.01141357422,0,404327403520,8589930496,6000644096,114688
9,1791567989316,2499,2499,1254,1309,1263,1289,1258,1252,2500,2500,2500,2499,2499,2500,1254,1251,5.263157844543457,5,0,0,0,100,0,0,0,0,0,0,0,0,0,0,254705.08850097656,69513.3324584961,0,404327403520,8589930496,6000644096,114688
9,1791567989326,2499,2499,1254,1309,1263,1289,1258,1252,2500,2500,2500,2499,2499,2500,1254,1251,5.263157844543457,5,0,0,0,100,0,0,0,0,0,0,0,0,0,0,254705.2465209961,69513.65576171875,0,404327403520,8589930496,6000644096,114688
9,1791567989336,2499,2499,1254,1309,1263,1289,1258,1252,2500,2500,2500,2499,2499,2500,1254,1251,5.263157844543457,5,0,0,0,100,0,0,0,0,0,0,0,0,0,0,254705.40563964844,69513.97772216797,0,404327403520,8589930496,6000644096,114688
9,1791567989346,2499,2499,1254,1309,1263,1289,1258,1252,2500,2500,2500,2499,2499,2500,1254,1251,5.263157844543457,5,0,0,0,100,0,0,0,0,0,0,0,0,0,0,254705.55798339844,69514.29803466797,0,404327403520,8589930496,6000644096,114688
9,1791567989356,2499,2499,1254,1309,1263,1289,1258,1252,2500,2500,2500,2499,2499,2500,1254,1251,5.263157844543457,5,0,0,0,100,0,0,0,0,0,0,0,0,0,0,254705.7105102539,69514.61529541016,0,404327403520,8589930496,6000644096,114688
9,1791567989366,2499,2499,1254,1309,1263,1289,1258,1252,2500,2500,2500,2499,2499,2500,1254,1251,10,0,0,0,0,100,0,0,5,0,0,0,0,0,0,0,254705.8653564453,69514.93621826172,0,404327403520,8589930496,6000644096,114688
10,1791567989376,2499,2499,1254,1309,1263,1289,1258,1252,2500,2500,2500,2499,2499,2500,1254,1251,10,0,0,0,0,100,0,0,5,0,0,0,0,0,0,0,254706.01275634766,69515.25866699219,0,404327403520,8589930496,6000644096,114688
9,1791567989386,2499,2499,1254,1309,1263,1289,1258,1252,2500,2500,2500,2499,2499,2500,1254,1251,10,0,0,0,0,100,0,0,5,0,0,0,0,0,0,0,254706.1649169922,69515.57385253906,0,404327403520,8589930496,6000644096,114688
9,1791567989396,2499,2499,1254,1309,1263,1289,1258,1252,2500,2500,2500,2499,2499,2500,1254,1251,10,0,0,0,0,100,0,0,5,0,0,0,0,0,0,0,254706.3387451172,69515.92510986328,0,404327403520,8589930496,6000644096,114688
10,1791567989406,2499,2499,1254,1309,1263,1289,1258,1252,2500,2500,2500,2499,2499,2500,1254,1251,10,0,0,0,0,100,0,0,5,0,0,0,0,0,0,0,254706.47869873047,69516.20989990234,0,404327403520,8589930496,6000644096,114688
9,1791567989416,2499,2499,1254,1309,1263,1289,1258,1252,2500,2500,2500,2499,2499,2500,1254,1251,10,0,0,0,0,100,0,0,5,0,0,0,0,0,0,0,254706.62866210938,69516.52362060547,0,404327403520,8589930496,6000644096,114688
10,1791567989426,2499,2499,1254,1309,1263,1289,1258,1252,2500,2500,2500,2499,2499,2500,1254,1251,10,0,0,0,0,100,0,0,5,0,0,0,0,0,0,0,254706.77990722656,69516.83959960938,0,404327403520,8589930496,6000644096,114688
9,1791567989437,2499,2499,1254,1309,1263,1289,1258,1252,2500,2500,2500,2499,2499,2500,1254,1251,10,0,0,0,0,100,0,0,5,0,0,0,0,0,0,0,254706.94744873047,69517.19494628906,0,404327403520,8589930496,6000644096,114688
10,1791567989447,2499,2499,1254,1309,1263,1289,1258,1252,2500,2500,2500,2499,2499,2500,1254,1251,10,0,0,0,0,100,0,0,5,0,0,0,0,0,0,0,254707.09356689453,69517.51159667969,0,404327403520,8589930496,6000644096,114688
10,1791567989457,2499,2499,1254,1309,1263,1289,1258,1252,2500,2500,2500,2499,2499,2500,1254,1251,10,0,0,0,0,100,0,0,5,0,0,0,0,0,0,0,254707.2471923828,69517.83557128906,0,404327403520,8589930496,6000644096,114688
9,1791567989467,2499,2499,1254,1309,1263,1289,1258,1252,2500,2500,2500,2499,2499,2500,1254,1251,10,0,0,0,0,100,0,0,5,0,0,0,0,0,0,0,254707.4038696289,69518.15411376953,0,404327403520,8589930496,6000644096,114688
9,1791567989477,2499,2499,1254,1309,1263,1289,1258,1252,2500,2500,2500,2499,2499,2500,1254,1251,10,0,0,0,0,100,0,0,5,0,0,0,0,0,0,0,254707.55743408203,69518.47528076172,0,404327403520,8589930496,6000644096,114688
9,1791567989487,2499,2499,1254,1309,1263,1289,1258,1252,2500,2500,2500,2499,2499,2500,1254,1251,10,0,0,0,0,100,0,0,5,0,0,0,0,0,0,0,254707.71014404297,69518.79321289063,0,404327403520,8589930496,6000644096,114688
9,1791567989497,2499,2499,1254,1309,1263,1289,1258,1252,2500,2500,2500,2499,2499,2500,1254,1251,10,0,0,0,0,100,0,0,5,0,0,0,0,0,0,0,254707.865234375,69519.11492919922,0,404327403520,8589930496,6000644096,114688
9,1791567989507,2499,2499,1254,1309,1263,1289,1258,1252,2500,2500,2500,2499,2499,2500,1254,1251,10,0,0,0,0,100,0,0,5,0,0,0,0,0,0,0,254708.017578125,69519.42889404297,0,404327403520,8589930496,6000644096,114688
9,1791567989517,2499,2499,1254,1309,1263,1289,1258,1252,2500,2500,2500,2499,2499,2500,1254,1251,10,0,0,0,0,100,0,0,5,0,0,0,0,0,0,0,254708.1683959961,69519.74615478516,0,404327403520,8589930496,6000644096,114688
10,1791567989527,2499,2499,1254,1309,1263,1289,1258,1252,2500,2500,2500,2499,2499,2500,1254,1251,10,0,0,0,0,100,0,0,5,0,0,0,0,0,0,0,254708.31561279297,69520.06628417969,0,404327403520,8589930496,6000644096,114688
10,1791567989537,2499,2499,1254,1309,1263,1289,1258,1252,2500,2500,2500,2499,2499,2500,1254,1251,10,0,0,0,0,100,0,0,5,0,0,0,0,0,0,0,254708.4672241211,69520.38623046875,0,404327403520,8589930496,6000644096,114688
10,1791567989547,2499,2499,1254,1309,1263,1289,1258,1252,2500,2500,2500,2499,2499,2500,1254,1251,10,0,0,0,0,100,0,0,5,0,0,0,0,0,0,0,254708.6219482422,69520.708984375,0,404327403520,8589930496,6000644096,114688
9,1791567989558,2499,2499,1254,1309,1263,1289,1258,1252,2500,2500,2500,2499,2499,2500,1254,1251,10,0,0,0,0,100,0,0,5,0,0,0,0,0,0,0,254708.77435302734,69521.03143310547,0,404327403520,8589930496,6000644096,114688
10,1791567989568,2499,2499,1254,1309,1263,1289,1258,1252,2500,2500,2500,2499,2499,2500,1254,1251,5,0,0,0,0,100,0,0,0,0,0,0,0,0,0,0,254708.92596435547,69521.35345458984,0,404327403520,8589930496,6000644096,114688
9,1791567989578,2499,2499,1254,1309,1263,1289,1258,1252,2500,2500,2500,2499,2499,2500,1254,1251,5,0,0,0,0,100,0,0,0,0,0,0,0,0,0,0,254709.07537841797,69521.67236328125,0,404327403520,8589930496,6000644096,114688
9,1791567989588,2499,2499,1254,1309,1263,1289,1258,1252,2500,2500,2500,2499,2499,2500,1254,1251,5,0,0,0,0,100,0,0,0,0,0,0,0,0,0,0,254709.2426147461,69522.0249633789,0,404327403520,8589930496,6000644096,114688
9,1791567989598,2499,2499,1254,1309,1263,1289,1258,1252,2500,2500,2500,2499,2499,2500,1254,1251,5,0,0,0,0,100,0,0,0,0,0,0,0,0,0,0,254709.39233398438,69522.34503173828,0,404327403520,8589930496,6000644096,114688
9,1791567989608,2499,2499,1254,1309,1263,1289,1258,1252,2500,2500,2500,2499,2499,2500,1254,1251,5,0,0,0,0,100,0,0,0,0,0,0,0,0,0,0,254709.53900146484,69522.6683959961,0,404327403520,8589930496,6000644096,114688
9,1791567989618,2499,2499,1254,1309,1263,1289,1258,1252,2500,2500,2500,2499,2499,2500,1254,1251,5,0,0,0,0,100,0,0,0,0,0,0,0,0,0,0,254709.69091796875,69522.9878540039,0,404327403520,8589930496,6000644096,114688
10,1791567989628,2499,2499,1254,1309,1263,1289,1258,1252,2500,2500,2500,2499,2499,2500,1254,1251,5,0,0,0,0,100,0,0,0,0,0,0,0,0,0,0,254709.84106445313,69523.3062133789,0,404327403520,8589930496,6000644096,114688
10,1791567989638,2499,2499,1254,1309,1263,1289,1258,1252,2500,2500,2500,2499,2499,2500,1254,1251,5,0,0,0,0,100,0,0,0,0,0,0,0,0,0,0,254709.98681640625,69523.62908935547,0,404327403520,8589930496,6000644096,114688
10,1791567989648,2499,2499,1254,1309,1263,1289,1258,1252,2500,2500,2500,2499,2499,2500,1254,1251,5,0,0,0,0,100,0,0,0,0,0,0,0,0,0,0,254710.13861083984,69523.95025634766,0,404327403520,8589930496,6000644096,114688
9,1791567989658,2499,2499,1254,1309,1263,1289,1258,1252,2500,2500,2500,2499,2499,2500,1254,1251,5,0,0,0,0,100,0,0,0,0,0,0,0,0,0,0,254710.28619384766,69524.27062988281,0,404327403520,8589930496,6000644096,114688
9,1791567989668,2499,2499,1254,1309,1263,1289,1258,1252,2500,2500,2500,2499,2499,2500,1254,1251,5,0,0,0,0,100,0,0,0,0,0,0,0,0,0,0,254710.43780517578,69524.59185791016,0,404327403520,8589930496,6000644096,114688
9,1791567989678,2499,2499,1254,1309,1263,1289,1258,1252,2500,2500,2500,2499,2499,2500,1254,1251,5,0,0,0,0,100,0,0,0,0,0,0,0,0,0,0,254710.59051513672,69524.91473388672,0,404327403520,8589930496,6000644096,114688
10,1791567989688,2499,2499,1254,1309,1263,1289,1258,1252,2500,2500,2500,2499,2499,2500,1254,1251,5,0,0,0,0,100,0,0,0,0,0,0,0,0,0,0,254710.73876953125,69525.23583984375,0,404327403520,8589930496,6000644096,114688
9,1791567989699,2499,2499,1254,1309,1263,1289,1258,1252,2500,2500,2500,2499,2499,2500,1254,1251,5,0,0,0,0,100,0,0,0,0,0,0,0,0,0,0,254710.88671875,69525.54986572266,0,404327403520,8589930496,5995192320,114688
9,1791567989709,2499,2499,1254,1309,1263,1289,1258,1252,2500,2500,2500,2499,2499,2500,1254,1251,5,0,0,0,0,100,0,0,0,0,0,0,0,0,0,0,254711.05096435547,69525.89727783203,0,404327403520,8589930496,5990731776,114688
9,1791567989719,2499,2499,1254,1309,1263,1289,1258,1252,2500,2500,2500,2499,2499,2500,1254,1251,5,0,0,0,0,100,0,0,0,0,0,0,0,0,0,0,254711.1875,69526.18341064453,0,404327403520,8589930496,5964959744,114688
9,1791567989729,2499,2499,1254,1309,1263,1289,1258,1252,2500,2500,2500,2499,2499,2500,1254,1251,5,0,0,0,0,100,0,0,0,0,0,0,0,0,0,0,254711.36016845703,69526.5375366211,0,404327403520,8589930496,5943648256,114688
9,1791567989739,2499,2499,1254,1309,1263,1289,1258,1252,2500,2500,2500,2499,2499,2500,1254,1251,5,0,0,0,0,100,0,0,0,0,0,0,0,0,0,0,254711.50463867188,69526.85595703125,0,404327403520,8589930496,5943648256,114688
10,1791567989749,2499,2499,1254,1309,1263,1289,1258,1252,2500,2500,2500,2499,2499,2500,1254,1251,5,0,0,0,0,100,0,0,0,0,0,0,0,0,0,0,254711.64068603516,69527.142578125,0,404327403520,8589930496,5943648256,114688
9,1791567989759,2499,2499,1254,1309,1263,1289,1258,1252,2500,2500,2500,2499,2499,2500,1254,1251,5,0,0,0,0,100,0,0,0,0,0,0,0,0,0,0,254711.80200195313,69527.49298095703,0,404327403520,8589930496,5943648256,114688
9,1791567989769,2499,2499,1254,1309,1263,1289,1258,1252,2500,2500,2500,2499,2499,2500,1254,1251,10,0,0,0,0,100,0,0,0,0,0,0,0,0,0,0,254711.94653320313,69527.81359863281,0,404327403520,8589930496,5943648256,114688
9,1791567989779,2499,2499,1254,1309,1263,1289,1258,1252,2500,2500,2500,2499,2499,2500,1254,1251,10,0,0,0,0,100,0,0,0,0,0,0,0,0,0,0,254712.09857177734,69528.13464355469,0,404327403520,8589930496,5943648256,114688
10,1791567989789,2499,2499,1254,1309,1263,1289,1258,1252,2500,2500,2500,2499,2499,2500,1254,1251,10,0,0,0,0,100,0,0,0,0,0,0,0,0,0,0,254712.24835205078,69528.46057128906,0,404327403520,8589930496,5943648256,114688
9,1791567989799,2499,2499,1254,1309,1263,1289,1258,1252,2500,2500,2500,2499,2499,2500,1254,1251,10,0,0,0,0,100,0,0,0,0,0,0,0,0,0,0,254712.39978027344,69528.78161621094,0,404327403520,8589930496,5943648256,114688
10,1791567989809,2499,2499,1254,1309,1263,1289,1258,1252,2500,2500,2500,2499,2499,2500,1254,1251,10,0,0,0,0,100,0,0,0,0,0,0,0,0,0,0,254712.55053710938,69529.1049194336,0,404327403520,8589930496,5943648256,114688
9,1791567989819,2499,2499,1254,1309,1263,1289,1258,1252,2500,2500,2500,2499,2499,2500,1254,1251,10,0,0,0,0,100,0,0,0,0,0,0,0,0,0,0,254712.69940185547,69529.42712402344,0,404327403520,8589930496,5943648256,114688
9,1791567989829,2499,2499,1254,1309,1263,1289,1258,1252,2500,2500,2500,2499,2499,2500,1254,1251,10,0,0,0,0,100,0,0,0,0,0,0,0,0,0,0,254712.8472290039,69529.74853515625,0,404327403520,8589930496,5943648256,114688
10,1791567989839,2499,2499,1254,1309,1263,1289,1258,1252,2500,2500,2500,2499,2499,2500,1254,1251,10,0,0,0,0,100,0,0,0,0,0,0,0,0,0,0,254712.99755859375,69530.07104492188,0,404327403520,8589930496,5943648256,114688
9,1791567989850,2499,2499,1254,1309,1263,1289,1258,1252,2500,2500,2500,2499,2499,2500,1254,1251,10,0,0,0,0,100,0,0,0,0,0,0,0,0,0,0,254713.1483154297,69530.3920288086,0,404327403520,8589930496,5943648256,114688
9,1791567989860,2499,2499,1254,1309,1263,1289,1258,1252,2500,2500,2500,2499,2499,2500,1254,1251,10,0,0,0,0,100,0,0,0,0,0,0,0,0,0,0,254713.29736328125,69530.71282958984,0,404327403520,8589930496,5943648256,114688
10,1791567989870,2499,2499,1254,1309,1263,1289,1258,1252,2500,2500,2500,2499,2499,2500,1254,1251,10,0,0,0,0,100,0,0,0,0,0,0,0,0,0,0,254713.4458618164,69531.02514648438,0,404327403520,8589930496,5943648256,114688
9,1791567989880,2499,2499,1254,1309,1263,1289,1258,1252,2500,2500,2500,2499,2499,2500,1254,1251,10,0,0,0,0,100,0,0,0,0,0,0,0,0,0,0,254713.6163330078,69531.37585449219,0,404327403520,8589930496,5943648256,114688
9,1791567989890,2499,2499,1254,1309,1263,1289,1258,1252,2500,2500,2500,2499,2499,2500,1254,1251,10,0,0,0,0,100,0,0,0,0,0,0,0,0,0,0,254713.77087402344,69531.69415283203,0,404327403520,8589930496,5943648256,114688
9,1791567989900,2499,2499,1254,1309,1263,1289,1258,1252,2500,2500,2500,2499,2499,2500,1254,1251,10,0,0,0,0,100,0,0,0,0,0,0,0,0,0,0,254713.92651367188,69532.01470947266,0,404327403520,8589930496,5943648256,114688
9,1791567989910,2499,2499,1254,1309,1263,1289,1258,1252,2500,2500,2500,2499,2499,2500,1254,1251,10,0,0,0,0,100,0,0,0,0,0,0,0,0,0,0,254714.07592773438,69532.33630371094,0,404327403520,8589930496,5943648256,114688
9,1791567989920,2499,2499,1254,1309,1263,1289,1258,1252,2500,2500,2500,2499,2499,2500,1254,1251,10,0,0,0,0,100,0,0,0,0,0,0,0,0,0,0,254714.22589111328,69532.66033935547,0,404327403520,8589930496,5943648256,114688
9,1791567989930,2499,2499,1254,1309,1263,1289,1258,1252,2500,2500,2500,2499,2499,2500,1254,1251,10,0,0,0,0,100,0,0,0,0,0,0,0,0,0,0,254714.37335205078,69532.978515625,0,404327403520,8589930496,5943648256,114688
9,1791567989940,2499,2499,1254,1309,1263,1289,1258,1252,2500,2500,2500,2499,2499,2500,1254,1251,10,0,0,0,0,100,0,0,0,0,0,0,0,0,0,0,254714.5203857422,69533.2944946289,0,404327403520,8589930496,5943648256,114688
9,1791567989950,2499,2499,1254,1309,1263,1289,1258,1252,2500,2500,2500,2499,2499,2500,1254,1251,10,0,0,0,0,100,0,0,0,0,0,0,0,0,0,0,254714.6714477539,69533.61901855469,0,404327403520,8589930496,5943648256,114688
9,1791567989960,2499,2499,1254,1309,1263,1289,1258,1252,2500,2500,2500,2499,2499,2500,1254,1251,10,0,0,0,0,100,0,0,0,0,0,0,0,0,0,0,254714.82049560547,69533.9130859375,0,404327403520,8589930496,5943648256,114688
10,1791567989970,2499,2499,1254,1309,1263,1289,1258,1252,2500,2500,2500,2499,2499,2500,1254,1251,5.263157844543457,5,0,0,0,100,0,0,0,0,0,0,0,0,0,0,254714.96423339844,69534.2670288086,0,404327403520,8589930496,5943648256,114688
9,1791567989981,2499,2499,1254,1309,1263,1289,1258,1252,2500,2500,2500,2499,2499,2500,1254,1251,5.263157844543457,5,0,0,0,100,0,0,0,0,0,0,0,0,0,0,254715.1085205078,69534.58996582031,0,404327403520,8589930496,5943648256,114688
9,1791567989991,2499,2499,1254,1309,1263,1289,1258,1252,2500,2500,2500,2499,2499,2500,1254,1251,5.263157844543457,5,0,0,0,100,0,0,0,0,0,0,0,0,0,0,254715.25915527344,69534.91412353516,0,404327403520,8589930496,5943648256,114688
9,1791567990001,2499,2499,1254,1309,1263,1289,1258,1252,2500,2500,2500,2499,2499,2500,1254,1251,5.263157844543457,5,0,0,0,100,0,0,0,0,0,0,0,0,0,0,254715.40563964844,69535.23059082031,0,404327403520,8589930496,5943648256,114688
9,1791567990011,2499,2499,1254,1309,1263,1289,1258,1252,2500,2500,2500,2499,2499,2500,1254,1251,5.263157844543457,5,0,0,0,100,0,0,0,0,0,0,0,0,0,0,254715.5503540039,69535.5531616211,0,404327403520,8589930496,5887148032,114688
9,1791567990021,2499,2499,1254,1309,1263,1289,1258,1252,2500,2500,2500,2499,2499,2500,1254,1251,5.263157844543457,5,0,0,0,100,0,0,0,0,0,0,0,0,0,0,254715.69451904297,69535.8764038086,0,404327403520,8589930496,5788520448,114688
9,1791567990031,2499,2499,1254,1309,1263,1289,1258,1252,2500,2500,2500,2499,2499,2500,1254,1251,5.263157844543457,5,0,0,0,100,0,0,0,0,0,0,0,0,0,0,254715.85858154297,69536.22979736328,0,404327403520,8589930496,5705752576,114688
9,1791567990041,2499,2499,1254,1309,1263,1289,1258,1252,2500,2500,2500,2499,2499,2500,1254,1251,5.263157844543457,5,0,0,0,100,0,0,0,0,0,0,0,0,0,0,254715.99096679688,69536.52087402344,0,404327403520,8589930496,5617532928,114688
10,1791567990051,2499,2499,1254,1309,1263,1289,1258,1252,2500,2500,2500,2499,2499,2500,1254,1251,5.263157844543457,5,0,0,0,100,0,0,0,0,0,0,0,0,0,0,254716.1466064453,69536.87677001953,0,404327403520,8589930496,5573025792,114688
0,1791567990061,2499,2499,1254,1309,1263,1289,1258,1252,2500,2500,2500,2499,2499,2500,1254,1251,5.263157844543457,5,0,0,0,100,0,0,0,0,0,0,0,0,0,0,254716.31311035156,69537.25286865234,0,404327403520,8589930496,5573025792,114688
