Delta,Time,CPU_FREQUENCY_0,CPU_FREQUENCY_1,CPU_FREQUENCY_10,CPU_FREQUENCY_11,CPU_FREQUENCY_12,CPU_FREQUENCY_13,CPU_FREQUENCY_14,CPU_FREQUENCY_15,CPU_FREQUENCY_2,CPU_FREQUENCY_3,CPU_FREQUENCY_4,CPU_FREQUENCY_5,CPU_FREQUENCY_6,CPU_FREQUENCY_7,CPU_FREQUENCY_8,CPU_FREQUENCY_9,CPU_USAGE_0,CPU_USAGE_1,CPU_USAGE_10,CPU_USAGE_11,CPU_USAGE_12,CPU_USAGE_13,CPU_USAGE_14,CPU_USAGE_15,CPU_USAGE_2,CPU_USAGE_3,CPU_USAGE_4,CPU_USAGE_5,CPU_USAGE_6,CPU_USAGE_7,CPU_USAGE_8,CPU_USAGE_9,DRAM_ENERGY (J),PACKAGE_ENERGY (J),PP0_ENERGY (J),TOTAL_MEMORY,TOTAL_SWAP,USED_MEMORY,USED_SWAP
0,1791567457479,2499,2500,800,800,800,800,799,799,2500,2500,2499,2500,2500,2499,800,800,8,0,4.1666669845581055,0,0,0,0,8,0,0,4,4.1666669845581055,4.1666669845581055,4.1666669845581055,4,4,246513.46655273438,51484.21014404297,0,404327403520,8589930496,5779537920,114688
9,1791567457479,2499,2500,800,800,800,800,799,799,2500,2500,2499,2500,2500,2499,800,800,8,0,4.1666669845581055,0,0,0,0,8,0,0,4,4.1666669845581055,4.1666669845581055,4.1666669845581055,4,4,246513.46655273438,51484.21014404297,0,404327403520,8589930496,5779537920,114688
10,1791567457489,2499,2500,800,800,800,800,799,799,2500,2500,2499,2500,2500,2499,800,800,8,0,4.1666669845581055,0,0,0,0,8,0,0,4,4.1666669845581055,4.1666669845581055,4.1666669845581055,4,4,246513.61657714844,51484.58807373047,0,404327403520,8589930496,5779537920,114688
9,1791567457499,2499,2500,800,800,800,800,799,799,2500,2500,2499,2500,2500,2499,800,800,8,0,4.1666669845581055,0,0,0,0,8,0,0,4,4.1666669845581055,4.1666669845581055,4.1666669845581055,4,4,246513.7674560547,51484.963439941406,0,404327403520,8589930496,5779537920,114688
10,1791567457509,2499,2500,800,800,800,800,799,799,2500,2500,2499,2500,2500,2499,800,800,8,0,4.1666669845581055,0,0,0,0,8,0,0,4,4.1666669845581055,4.1666669845581055,4.1666669845581055,4,4,246513.9243774414,51485.34362792969,0,404327403520,8589930496,5779537920,114688
9,1791567457519,2499,2500,800,800,800,800,799,799,2500,2500,2499,2500,2500,2499,800,800,8,0,4.1666669845581055,0,0,0,0,8,0,0,4,4.1666669845581055,4.1666669845581055,4.1666669845581055,4,4,246514.0844116211,51485.71984863281,0,404327403520,8589930496,5779537920,114688
9,1791567457530,2499,2500,800,800,800,800,799,799,2500,2500,2499,2500,2500,2499,800,800,8,0,4.1666669845581055,0,0,0,0,8,0,0,4,4.1666669845581055,4.1666669845581055,4.1666669845581055,4,4,246514.23309326172,51486.099670410156,0,404327403520,8589930496,5779537920,114688
9,1791567457540,2499,2500,800,800,800,800,799,799,2500,2500,2499,2500,2500,2499,800,800,8,0,4.1666669845581055,0,0,0,0,8,0,0,4,4.1666669845581055,4.1666669845581055,4.1666669845581055,4,4,246514.39862060547,51486.477478027344,0,404327403520,8589930496,5779537920,114688
10,1791567457550,2499,2500,800,800,800,800,799,799,2500,2500,2499,2500,2500,2499,800,800,8,0,4.1666669845581055,0,0,0,0,8,0,0,4,4.1666669845581055,4.1666669845581055,4.1666669845581055,4,4,246514.55737304688,51486.85430908203,0,404327403520,8589930496,5779537920,114688
9,1791567457560,2499,2500,800,800,800,800,799,799,2500,2500,2499,2500,2500,2499,800,800,8,0,4.1666669845581055,0,0,0,0,8,0,0,4,4.1666669845581055,4.1666669845581055,4.1666669845581055,4,4,246514.72631835938,51487.26770019531,0,404327403520,8589930496,5779537920,114688
10,1791567457570,2499,2500,800,800,800,800,799,799,2500,2500,2499,2500,2500,2499,800,800,8,0,4.1666669845581055,0,0,0,0,8,0,0,4,4.1666669845581055,4.1666669845581055,4.1666669845581055,4,4,246514.87353515625,51487.60607910156,0,404327403520,8589930496,5779537920,114688
9,1791567457580,2499,2500,800,800,800,800,799,799,2500,2500,2499,2500,2500,2499,800,800,8,0,4.1666669845581055,0,0,0,0,8,0,0,4,4.1666669845581055,4.1666669845581055,4.1666669845581055,4,4,246515.0460205078,51488.02197265625,0,404327403520,8589930496,5779537920,114688
9,1791567457590,2499,2500,800,800,800,800,799,799,2500,2500,2499,2500,2500,2499,800,800,8,0,4.1666669845581055,0,0,0,0,8,0,0,4,4.1666669845581055,4.1666669845581055,4.1666669845581055,4,4,246515.19744873047,51488.398986816406,0,404327403520,8589930496,5779537920,114688
9,1791567457600,2499,2500,800,800,800,800,799,799,2500,2500,2499,2500,2500,2499,800,800,8,0,4.1666669845581055,0,0,0,0,8,0,0,4,4.1666669845581055,4.1666669845581055,4.1666669845581055,4,4,246515.34600830078,51488.774658203125,0,404327403520,8589930496,5779537920,114688
9,1791567457610,2499,2500,800,800,800,800,799,799,2500,2500,2499,2500,2500,2499,800,800,8,0,4.1666669845581055,0,0,0,0,8,0,0,4,4.1666669845581055,4.1666669845581055,4.1666669845581055,4,4,246515.49743652344,51489.15283203125,0,404327403520,8589930496,5779537920,114688
9,1791567457620,2499,2500,800,800,800,800,799,799,2500,2500,2499,2500,2500,2499,800,800,8,0,4.1666669845581055,0,0,0,0,8,0,0,4,4.1666669845581055,4.1666669845581055,4.1666669845581055,4,4,246515.65032958984,51489.528076171875,0,404327403520,8589930496,5779537920,114688
10,1791567457630,2499,2500,800,800,800,800,799,799,2500,2500,2499,2500,2500,2499,800,800,8,0,4.1666669845581055,0,0,0,0,8,0,0,4,4.1666669845581055,4.1666669845581055,4.1666669845581055,4,4,246515.8023071289,51489.90783691406,0,404327403520,8589930496,5779537920,114688
10,1791567457640,2499,2500,800,800,800,800,799,799,2500,2500,2499,2500,2500,2499,800,800,8,0,4.1666669845581055,0,0,0,0,8,0,0,4,4.1666669845581055,4.1666669845581055,4.1666669845581055,4,4,246515.95599365234,51490.28253173828,0,404327403520,8589930496,5779537920,114688
10,1791567457650,2499,2500,800,800,800,800,799,799,2500,2500,2499,2500,2500,2499,800,800,8,0,4.1666669845581055,0,0,0,0,8,0,0,4,4.1666669845581055,4.1666669845581055,4.1666669845581055,4,4,246516.1102294922,51490.662170410156,0,404327403520,8589930496,5779537920,114688
9,1791567457661,2499,2500,800,800,800,800,799,799,2500,2500,2499,2500,2500,2499,800,800,8,0,4.1666669845581055,0,0,0,0,8,0,0,4,4.1666669845581055,4.1666669845581055,4.1666669845581055,4,4,246516.2646484375,51491.039123535156,0,404327403520,8589930496,5779537920,114688
9,1791567457671,2499,2500,800,800,800,800,799,799,2500,2500,2499,2500,2500,2499,800,800,8,0,4.1666669845581055,0,0,0,0,8,0,0,4,4.1666669845581055,4.1666669845581055,4.1666669845581055,4,4,246516.4180908203,51491.41473388672,0,404327403520,8589930496,5779537920,114688
9,1791567457681,2499,2500,800,800,800,800,799,799,2500,2500,2499,2500,2500,2499,800,800,21.052631378173828,0,0,0,5,0,0,5.263157844543457,0,0,0,0,19.047618865966797,61.904762268066406,5,0,246516.57287597656,51491.79235839844,0,404327403520,8589930496,5779537920,114688
10,1791567457691,2499,2500,800,800,800,800,799,799,2500,2500,2499,2500,2500,2499,800,800,21.052631378173828,0,0,0,5,0,0,5.263157844543457,0,0,0,0,19.047618865966797,61.904762268066406,5,0,246516.72247314453,51492.171813964844,0,404327403520,8589930496,5779537920,114688
9,1791567457701,2499,2500,800,800,800,800,799,799,2500,2500,2499,2500,2500,2499,800,800,21.052631378173828,0,0,0,5,0,0,5.263157844543457,0,0,0,0,19.047618865966797,61.904762268066406,5,0,246516.88818359375,51492.58312988281,0,404327403520,8589930496,5779537920,114688
9,1791567457711,2499,2500,800,800,800,800,799,799,2500,2500,2499,2500,2500,2499,800,800,21.052631378173828,0,0,0,5,0,0,5.263157844543457,0,0,0,0,19.047618865966797,61.904762268066406,5,0,246517.0255126953,51492.92401123047,0,404327403520,8589930496,5779537920,114688
9,1791567457721,2499,2500,800,800,800,800,799,799,2500,2500,2499,2500,2500,2499,800,800,21.052631378173828,0,0,0,5,0,0,5.263157844543457,0,0,0,0,19.047618865966797,61.904762268066406,5,0,246517.18811035156,51493.33807373047,0,404327403520,8589930496,5779537920,114688
9,1791567457731,2499,2500,800,800,800,800,799,799,2500,2500,2499,2500,2500,2499,800,800,21.052631378173828,0,0,0,5,0,0,5.263157844543457,0,0,0,0,19.047618865966797,61.904762268066406,5,0,246517.33514404297,51493.715759277344,0,404327403520,8589930496,5779537920,114688
10,1791567457741,2499,2500,800,800,800,800,799,799,2500,2500,2499,2500,2500,2499,800,800,21.052631378173828,0,0,0,5,0,0,5.263157844543457,0,0,0,0,19.047618865966797,61.904762268066406,5,0,246517.48474121094,51494.09490966797,0,404327403520,8589930496,5779537920,114688
9,1791567457751,2499,2500,800,800,800,800,799,799,2500,2500,2499,2500,2500,2499,800,800,21.052631378173828,0,0,0,5,0,0,5.263157844543457,0,0,0,0,19.047618865966797,61.904762268066406,5,0,246517.6400756836,51494.47399902344,0,404327403520,8589930496,5779537920,114688
9,1791567457761,2499,2500,800,800,800,800,799,799,2500,2500,2499,2500,2500,2499,800,800,21.052631378173828,0,0,0,5,0,0,5.263157844543457,0,0,0,0,19.047618865966797,61.904762268066406,5,0,246517.7938232422,51494.851623535156,0,404327403520,8589930496,5779537920,114688
10,1791567457771,2499,2500,800,800,800,800,799,799,2500,2500,2499,2500,2500,2499,800,800,21.052631378173828,0,0,0,5,0,0,5.263157844543457,0,0,0,0,19.047618865966797,61.904762268066406,5,0,246517.94921875,51495.22888183594,0,404327403520,8589930496,5779537920,114688
9,1791567457781,2499,2500,800,800,800,800,799,799,2500,2500,2499,2500,2500,2499,800,800,21.052631378173828,0,0,0,5,0,0,5.263157844543457,0,0,0,0,19.047618865966797,61.904762268066406,5,0,246518.10125732422,51495.614196777344,0,404327403520,8589930496,5779537920,114688
10,1791567457791,2499,2500,800,800,800,800,799,799,2500,2500,2499,2500,2500,2499,800,800,21.052631378173828,0,0,0,5,0,0,5.263157844543457,0,0,0,0,19.047618865966797,61.904762268066406,5,0,246518.2631225586,51495.991638183594,0,404327403520,8589930496,5779537920,114688
10,1791567457801,2499,2500,800,800,800,800,799,799,2500,2500,2499,2500,2500,2499,800,800,21.052631378173828,0,0,0,5,0,0,5.263157844543457,0,0,0,0,19.047618865966797,61.904762268066406,5,0,246518.41967773438,51496.31640625,0,404327403520,8589930496,5788450816,114688
10,1791567457812,2499,2500,800,800,800,800,799,799,2500,2500,2499,2500,2500,2499,800,800,21.052631378173828,0,0,0,5,0,0,5.263157844543457,0,0,0,0,19.047618865966797,61.904762268066406,5,0,246518.5643310547,51496.63439941406,0,404327403520,8589930496,5796380672,114688
9,1791567457822,2499,2500,800,800,800,800,799,799,2500,2500,2499,2500,2500,2499,800,800,21.052631378173828,0,0,0,5,0,0,5.263157844543457,0,0,0,0,19.047618865966797,61.904762268066406,5,0,246518.71868896484,51496.958984375,0,404327403520,8589930496,5812240384,114688
10,1791567457832,2499,2500,800,800,800,800,799,799,2500,2500,2499,2500,2500,2499,800,800,21.052631378173828,0,0,0,5,0,0,5.263157844543457,0,0,0,0,19.047618865966797,61.904762268066406,5,0,246518.86938476563,51497.284912109375,0,404327403520,8589930496,5829091328,114688
10,1791567457842,2499,2500,800,800,800,800,799,799,2500,2500,2499,2500,2500,2499,800,800,21.052631378173828,0,0,0,5,0,0,5.263157844543457,0,0,0,0,19.047618865966797,61.904762268066406,5,0,246519.0219116211,51497.609313964844,0,404327403520,8589930496,5837021184,114688
10,1791567457852,2499,2500,800,800,800,800,799,799,2500,2500,2499,2500,2500,2499,800,800,21.052631378173828,0,0,0,5,0,0,5.263157844543457,0,0,0,0,19.047618865966797,61.904762268066406,5,0,246519.1737060547,51497.933532714844,0,404327403520,8589930496,5853872128,114688
10,1791567457862,2499,2500,800,800,800,800,799,799,2500,2500,2499,2500,2500,2499,800,800,21.052631378173828,0,0,0,5,0,0,5.263157844543457,0,0,0,0,19.047618865966797,61.904762268066406,5,0,246519.32580566406,51498.25665283203,0,404327403520,8589930496,5870227456,114688
10,1791567457872,2499,2500,800,800,800,800,799,799,2500,2500,2499,2500,2500,2499,800,800,21.052631378173828,0,0,0,5,0,0,5.263157844543457,0,0,0,0,19.047618865966797,61.904762268066406,5,0,246519.47979736328,51498.57653808594,0,404327403520,8589930496,5878652928,114688
10,1791567457882,2499,2500,800,800,800,800,799,799,2500,2500,2499,2500,2500,2499,800,800,0,5,0,0,5.263157844543457,0,0,52.6315803527832,15.000000953674316,0,0,0,0,38.88888931274414,0,0,246519.62744140625,51498.902404785156,0,404327403520,8589930496,5895008256,114688
10,1791567457892,2499,2500,800,800,800,800,799,799,2500,2500,2499,2500,2500,2499,800,800,0,5,0,0,5.263157844543457,0,0,52.6315803527832,15.000000953674316,0,0,0,0,38.88888931274414,0,0,246519.77960205078,51499.229248046875,0,404327403520,8589930496,5903433728,114688
9,1791567457902,2499,2500,800,800,800,800,799,799,2500,2500,2499,2500,2500,2499,800,800,0,5,0,0,5.263157844543457,0,0,52.6315803527832,15.000000953674316,0,0,0,0,38.88888931274414,0,0,246519.92974853516,51499.55340576172,0,404327403520,8589930496,5903433728,114688
9,1791567457912,2499,2500,800,800,800,800,799,799,2500,2500,2499,2500,2500,2499,800,800,0,5,0,0,5.263157844543457,0,0,52.6315803527832,15.000000953674316,0,0,0,0,38.88888931274414,0,0,246520.0965576172,51499.90478515625,0,404327403520,8589930496,5903433728,114688
10,1791567457922,2499,2500,800,800,800,800,799,799,2500,2500,2499,2500,2500,2499,800,800,0,5,0,0,5.263157844543457,0,0,52.6315803527832,15.000000953674316,0,0,0,0,38.88888931274414,0,0,246520.2510986328,51500.22692871094,0,404327403520,8589930496,5903433728,114688
10,1791567457932,2499,2500,800,800,800,800,799,799,2500,2500,2499,2500,2500,2499,800,800,0,5,0,0,5.263157844543457,0,0,52.6315803527832,15.000000953674316,0,0,0,0,38.88888931274414,0,0,246520.40728759766,51500.546936035156,0,404327403520,8589930496,5911363584,114688
10,1791567457942,2499,2500,800,800,800,800,799,799,2500,2500,2499,2500,2500,2499,800,800,0,5,0,0,5.263157844543457,0,0,52.6315803527832,15.000000953674316,0,0,0,0,38.88888931274414,0,0,246520.55633544922,51500.870056152344,0,404327403520,8589930496,5919789056,114688
10,1791567457952,2499,2500,800,800,800,800,799,799,2500,2500,2499,2500,2500,2499,800,800,0,5,0,0,5.263157844543457,0,0,52.6315803527832,15.000000953674316,0,0,0,0,38.88888931274414,0,0,246520.70837402344,51501.19226074219,0,404327403520,8589930496,5919789056,114688
10,1791567457962,2499,2500,800,800,800,800,799,799,2500,2500,2499,2500,2500,2499,800,800,0,5,0,0,5.263157844543457,0,0,52.6315803527832,15.000000953674316,0,0,0,0,38.88888931274414,0,0,246520.8662109375,51501.51495361328,0,404327403520,8589930496,5919789056,114688
10,1791567457972,2499,2500,800,800,800,800,799,799,2500,2500,2499,2500,2500,2499,800,800,0,5,0,0,5.263157844543457,0,0,52.6315803527832,15.000000953674316,0,0,0,0,38.88888931274414,0,0,246521.01763916016,51501.83721923828,0,404327403520,8589930496,5919789056,114688
10,1791567457983,2499,2500,800,800,800,800,799,799,2500,2500,2499,2500,2500,2499,800,800,0,5,0,0,5.263157844543457,0,0,52.6315803527832,15.000000953674316,0,0,0,0,38.88888931274414,0,0,246521.16632080078,51502.16101074219,0,404327403520,8589930496,5919789056,114688
10,1791567457993,2499,2500,800,800,800,800,799,799,2500,2500,2499,2500,2500,2499,800,800,0,5,0,0,5.263157844543457,0,0,52.6315803527832,15.000000953674316,0,0,0,0,38.88888931274414,0,0,246521.31756591797,51502.484619140625,0,404327403520,8589930496,5919789056,114688
10,1791567458003,2499,2500,800,800,800,800,799,799,2500,2500,2499,2500,2500,2499,800,800,0,5,0,0,5.263157844543457,0,0,52.6315803527832,15.000000953674316,0,0,0,0,38.88888931274414,0,0,246521.4697265625,51502.80920410156,0,404327403520,8589930496,5919789056,114688
10,1791567458013,2499,2500,800,800,800,800,799,799,2500,2500,2499,2500,2500,2499,800,800,0,5,0,0,5.263157844543457,0,0,52.6315803527832,15.000000953674316,0,0,0,0,38.88888931274414,0,0,246521.6199951172,51503.13244628906,0,404327403520,8589930496,5919789056,114688
10,1791567458023,2499,2500,800,800,800,800,799,799,2500,2500,2499,2500,2500,2499,800,800,0,5,0,0,5.263157844543457,0,0,52.6315803527832,15.000000953674316,0,0,0,0,38.88888931274414,0,0,246521.7681274414,51503.45587158203,0,404327403520,8589930496,5919789056,114688
10,1791567458033,2499,2500,800,800,800,800,799,799,2500,2500,2499,2500,2500,2499,800,800,0,5,0,0,5.263157844543457,0,0,52.6315803527832,15.000000953674316,0,0,0,0,38.88888931274414,0,0,246521.9150390625,51503.777770996094,0,404327403520,8589930496,5919789056,114688
10,1791567458043,2499,2500,800,800,800,800,799,799,2500,2500,2499,2500,2500,2499,800,800,0,5,0,0,5.263157844543457,0,0,52.6315803527832,15.000000953674316,0,0,0,0,38.88888931274414,0,0,246522.0684814453,51504.10314941406,0,404327403520,8589930496,5919789056,114688
10,1791567458053,2499,2500,800,800,800,800,799,799,2500,2500,2499,2500,2500,2499,800,800,0,5,0,0,5.263157844543457,0,0,52.6315803527832,15.000000953674316,0,0,0,0,38.88888931274414,0,0,246522.22192382813,51504.42370605469,0,404327403520,8589930496,5919789056,114688
9,1791567458063,2499,2500,800,800,800,800,799,799,2500,2500,2499,2500,2500,2499,800,800,0,5,0,0,5.263157844543457,0,0,52.6315803527832,15.000000953674316,0,0,0,0,38.88888931274414,0,0,246522.3755493164,51504.745666503906,0,404327403520,8589930496,5919789056,114688
9,1791567458073,2499,2500,800,800,800,800,799,799,2500,2500,2499,2500,2500,2499,800,800,0,5,0,0,5.263157844543457,0,0,52.6315803527832,15.000000953674316,0,0,0,0,38.88888931274414,0,0,246522.52893066406,51505.066833496094,0,404327403520,8589930496,5919789056,114688
10,1791567458083,2499,2500,800,800,800,800,799,799,2500,2500,2499,2500,2500,2499,800,800,5,0,0,0,0,0,0,100,5,5,0,0,0,0,0,0,246522.6840209961,51505.390075683594,0,404327403520,8589930496,5919789056,114688
10,1791567458093,2499,2500,800,800,800,800,799,799,2500,2500,2499,2500,2500,2499,800,800,5,0,0,0,0,0,0,100,5,5,0,0,0,0,0,0,246522.83392333984,51505.709045410156,0,404327403520,8589930496,5911719936,114688
10,1791567458103,2499,2500,800,800,800,800,799,799,2500,2500,2499,2500,2500,2499,800,800,5,0,0,0,0,0,0,100,5,5,0,0,0,0,0,0,246522.9864501953,51506.032165527344,0,404327403520,8589930496,5911719936,114688
10,1791567458113,2499,2500,800,800,800,800,799,799,2500,2500,2499,2500,2500,2499,800,800,5,0,0,0,0,0,0,100,5,5,0,0,0,0,0,0,246523.13732910156,51506.35217285156,0,404327403520,8589930496,5919649792,114688
10,1791567458123,2499,2500,800,800,800,800,799,799,2500,2500,2499,2500,2500,2499,800,800,5,0,0,0,0,0,0,100,5,5,0,0,0,0,0,0,246523.30560302734,51506.70642089844,0,404327403520,8589930496,5919649792,114688
10,1791567458133,2499,2500,800,800,800,800,799,799,2500,2500,2499,2500,2500,2499,800,800,5,0,0,0,0,0,0,100,5,5,0,0,0,0,0,0,246523.45404052734,51507.031494140625,0,404327403520,8589930496,5919649792,114688
10,1791567458143,2499,2500,800,800,800,800,799,799,2500,2500,2499,2500,2500,2499,800,800,5,0,0,0,0,0,0,100,5,5,0,0,0,0,0,0,246523.61456298828,51507.353515625,0,404327403520,8589930496,5919649792,114688
10,1791567458154,2499,2500,800,800,800,800,799,799,2500,2500,2499,2500,2500,2499,800,800,5,0,0,0,0,0,0,100,5,5,0,0,0,0,0,0,246523.77423095703,51507.67938232422,0,404327403520,8589930496,5903302656,114688
10,1791567458164,2499,2500,800,800,800,800,799,799,2500,2500,2499,2500,2500,2499,800,800,5,0,0,0,0,0,0,100,5,5,0,0,0,0,0,0,246523.93133544922,51508.0009765625,0,404327403520,8589930496,5903302656,114688
10,1791567458174,2499,2500,800,800,800,800,799,799,2500,2500,2499,2500,2500,2499,800,800,5,0,0,0,0,0,0,100,5,5,0,0,0,0,0,0,246524.0791015625,51508.322509765625,0,404327403520,8589930496,5903302656,114688
10,1791567458184,2499,2500,800,800,800,800,799,799,2500,2500,2499,2500,2500,2499,800,800,5,0,0,0,0,0,0,100,5,5,0,0,0,0,0,0,246524.22924804688,51508.643127441406,0,404327403520,8589930496,5904293888,114688
9,1791567458194,2499,2500,800,800,800,800,799,799,2500,2500,2499,2500,2500,2499,800,800,5,0,0,0,0,0,0,100,5,5,0,0,0,0,0,0,246524.38122558594,51508.96466064453,0,404327403520,8589930496,5905285120,114688
10,1791567458204,2499,2500,800,800,800,800,799,799,2500,2500,2499,2500,2500,2499,800,800,5,0,0,0,0,0,0,100,5,5,0,0,0,0,0,0,246524.53326416016,51509.287109375,0,404327403520,8589930496,5906771968,114688
10,1791567458214,2499,2500,800,800,800,800,799,799,2500,2500,2499,2500,2500,2499,800,800,5,0,0,0,0,0,0,100,5,5,0,0,0,0,0,0,246524.69073486328,51509.61395263672,0,404327403520,8589930496,5906771968,114688
10,1791567458224,2499,2500,800,800,800,800,799,799,2500,2500,2499,2500,2500,2499,800,800,5,0,0,0,0,0,0,100,5,5,0,0,0,0,0,0,246524.84252929688,51509.93927001953,0,404327403520,8589930496,5910736896,114688
10,1791567458234,2499,2500,800,800,800,800,799,799,2500,2500,2499,2500,2500,2499,800,800,5,0,0,0,0,0,0,100,5,5,0,0,0,0,0,0,246524.9985961914,51510.259826660156,0,404327403520,8589930496,5910736896,114688
10,1791567458244,2499,2500,800,800,800,800,799,799,2500,2500,2499,2500,2500,2499,800,800,5,0,0,0,0,0,0,100,5,5,0,0,0,0,0,0,246525.1492919922,51510.579650878906,0,404327403520,8589930496,5910736896,114688
9,1791567458254,2499,2500,800,800,800,800,799,799,2500,2500,2499,2500,2500,2499,800,800,5,0,0,0,0,0,0,100,5,5,0,0,0,0,0,0,246525.30407714844,51510.900146484375,0,404327403520,8589930496,5910736896,114688
9,1791567458264,2499,2500,800,800,800,800,799,799,2500,2500,2499,2500,2500,2499,800,800,5,0,0,0,0,0,0,100,5,5,0,0,0,0,0,0,246525.455078125,51511.22351074219,0,404327403520,8589930496,5910736896,114688
10,1791567458274,2499,2500,800,800,800,800,799,799,2500,2500,2499,2500,2500,2499,800,800,5,0,0,0,0,0,0,100,5,5,0,0,0,0,0,0,246525.60870361328,51511.54608154297,0,404327403520,8589930496,5910736896,114688
10,1791567458284,2499,2500,800,800,800,800,799,799,2500,2500,2499,2500,2500,2499,800,800,0,0,0,0,0,0,0,100,0,0,0,0,0,0,0,0,246525.76049804688,51511.869567871094,0,404327403520,8589930496,5910736896,114688
10,1791567458294,2499,2500,800,800,800,800,799,799,2500,2500,2499,2500,2500,2499,800,800,0,0,0,0,0,0,0,100,0,0,0,0,0,0,0,0,246525.9048461914,51512.18701171875,0,404327403520,8589930496,5910736896,114688
10,1791567458304,2499,2500,800,800,800,800,799,799,2500,2500,2499,2500,2500,2499,800,800,0,0,0,0,0,0,0,100,0,0,0,0,0,0,0,0,246526.0552368164,51512.50451660156,0,404327403520,8589930496,5910736896,114688
10,1791567458314,2499,2500,800,800,800,800,799,799,2500,2500,2499,2500,2500,2499,800,800,0,0,0,0,0,0,0,100,0,0,0,0,0,0,0,0,246526.2059326172,51512.82312011719,0,404327403520,8589930496,5910736896,114688
10,1791567458324,2499,2500,800,800,800,800,799,799,2500,2500,2499,2500,2500,2499,800,800,0,0,0,0,0,0,0,100,0,0,0,0,0,0,0,0,246526.35479736328,51513.145080566406,0,404327403520,8589930496,5910736896,114688
10,1791567458335,2499,2500,800,800,800,800,799,799,2500,2500,2499,2500,2500,2499,800,800,0,0,0,0,0,0,0,100,0,0,0,0,0,0,0,0,246526.52362060547,51513.499450683594,0,404327403520,8589930496,5910736896,114688
10,1791567458345,2499,2500,800,800,800,800,799,799,2500,2500,2499,2500,2500,2499,800,800,0,0,0,0,0,0,0,100,0,0,0,0,0,0,0,0,246526.6728515625,51513.82257080078,0,404327403520,8589930496,5910736896,114688
10,1791567458355,2499,2500,800,800,800,800,799,799,2500,2500,2499,2500,2500,2499,800,800,0,0,0,0,0,0,0,100,0,0,0,0,0,0,0,0,246526.8233642578,51514.14306640625,0,404327403520,8589930496,5910736896,114688
10,1791567458365,2499,2500,800,800,800,800,799,799,2500,2500,2499,2500,2500,2499,800,800,0,0,0,0,0,0,0,100,0,0,0,0,0,0,0,0,246526.97296142578,51514.432556152344,0,404327403520,8589930496,5910736896,114688
10,1791567458375,2499,2500,800,800,800,800,799,799,2500,2500,2499,2500,2500,2499,800,800,0,0,0,0,0,0,0,100,0,0,0,0,0,0,0,0,246527.11724853516,51514.787353515625,0,404327403520,8589930496,5910736896,114688
10,1791567458385,2499,2500,800,800,800,800,799,799,2500,2500,2499,2500,2500,2499,800,800,0,0,0,0,0,0,0,100,0,0,0,0,0,0,0,0,246527.26739501953,51515.11004638672,0,404327403520,8589930496,5910736896,114688
10,1791567458395,2499,2500,800,800,800,800,799,799,2500,2500,2499,2500,2500,2499,800,800,0,0,0,0,0,0,0,100,0,0,0,0,0,0,0,0,246527.41674804688,51515.433166503906,0,404327403520,8589930496,5910736896,114688
10,1791567458405,2499,2500,800,800,800,800,799,799,2500,2500,2499,2500,2500,2499,800,800,0,0,0,0,0,0,0,100,0,0,0,0,0,0,0,0,246527.56707763672,51515.75750732422,0,404327403520,8589930496,5910736896,114688
10,1791567458415,2499,2500,800,800,800,800,799,799,2500,2500,2499,2500,2500,2499,800,800,0,0,0,0,0,0,0,100,0,0,0,0,0,0,0,0,246527.7159423828,51516.077087402344,0,404327403520,8589930496,5910736896,114688
10,1791567458425,2499,2500,800,800,800,800,799,799,2500,2500,2499,2500,2500,2499,800,800,0,0,0,0,0,0,0,100,0,0,0,0,0,0,0,0,246527.8662109375,51516.41223144531,0,404327403520,8589930496,5910736896,114688
10,1791567458435,2499,2500,800,800,800,800,799,799,2500,2500,2499,2500,2500,2499,800,800,0,0,0,0,0,0,0,100,0,0,0,0,0,0,0,0,246528.01837158203,51516.73669433594,0,404327403520,8589930496,5910736896,114688
10,1791567458445,2499,2500,800,800,800,800,799,799,2500,2500,2499,2500,2500,2499,800,800,0,0,0,0,0,0,0,100,0,0,0,0,0,0,0,0,246528.17028808594,51517.068420410156,0,404327403520,8589930496,5910736896,114688
10,1791567458455,2499,2500,800,800,800,800,799,799,2500,2500,2499,2500,2500,2499,800,800,0,0,0,0,0,0,0,100,0,0,0,0,0,0,0,0,246528.32153320313,51517.383850097656,0,404327403520,8589930496,5910736896,114688
9,1791567458465,2499,2500,800,800,800,800,799,799,2500,2500,2499,2500,2500,2499,800,800,0,0,0,0,0,0,0,100,0,0,0,0,0,0,0,0,246528.4735107422,51517.708068847656,0,404327403520,8589930496,5910736896,114688
10,1791567458475,2499,2500,800,800,800,800,799,799,2500,2500,2499,2500,2500,2499,800,800,0,0,0,0,0,0,0,100,0,0,0,0,0,0,0,0,246528.62127685547,51518.03625488281,0,404327403520,8589930496,5910736896,114688
10,1791567458485,2499,2500,800,800,800,800,799,799,2500,2500,2499,2500,2500,2499,800,800,5.263157844543457,9.523809432983398,0,0,5,0,0,100,0,0,0,0,0,0,0,0,246528.77056884766,51518.35333251953,0,404327403520,8589930496,5910736896,114688
10,1791567458495,2499,2500,800,800,800,800,799,799,2500,2500,2499,2500,2500,2499,800,800,5.263157844543457,9.523809432983398,0,0,5,0,0,100,0,0,0,0,0,0,0,0,246528.91723632813,51518.67547607422,0,404327403520,8589930496,5910736896,114688
10,1791567458506,2499,2500,800,800,800,800,799,799,2500,2500,2499,2500,2500,2499,800,800,5.263157844543457,9.523809432983398,0,0,5,0,0,100,0,0,0,0,0,0,0,0,246529.07122802734,51518.997009277344,0,404327403520,8589930496,5910736896,114688
10,1791567458516,2499,2500,800,800,800,800,799,799,2500,2500,2499,2500,2500,2499,800,800,5.263157844543457,9.523809432983398,0,0,5,0,0,100,0,0,0,0,0,0,0,0,246529.22760009766,51519.31787109375,0,404327403520,8589930496,5910736896,114688
10,1791567458526,2499,2500,800,800,800,800,799,799,2500,2500,2499,2500,2500,2499,800,800,5.263157844543457,9.523809432983398,0,0,5,0,0,100,0,0,0,0,0,0,0,0,246529.3748779297,51519.645263671875,0,404327403520,8589930496,5910736896,114688
10,1791567458536,2499,2500,800,800,800,800,799,799,2500,2500,2499,2500,2500,2499,800,800,5.263157844543457,9.523809432983398,0,0,5,0,0,100,0,0,0,0,0,0,0,0,246529.5301513672,51519.962158203125,0,404327403520,8589930496,5910736896,114688
10,1791567458546,2499,2500,800,800,800,800,799,799,2500,2500,2499,2500,2500,2499,800,800,5.263157844543457,9.523809432983398,0,0,5,0,0,100,0,0,0,0,0,0,0,0,246529.68194580078,51520.287353515625,0,404327403520,8589930496,5910736896,114688
10,1791567458556,2499,2500,800,800,800,800,799,799,2500,2500,2499,2500,2500,2499,800,800,5.263157844543457,9.523809432983398,0,0,5,0,0,100,0,0,0,0,0,0,0,0,246529.84967041016,51520.64141845703,0,404327403520,8589930496,5910736896,114688
10,1791567458566,2499,2500,800,800,800,800,799,799,2500,2500,2499,2500,2500,2499,800,800,5.263157844543457,9.523809432983398,0,0,5,0,0,100,0,0,0,0,0,0,0,0,246530.0018310547,51520.96740722656,0,404327403520,8589930496,5910736896,114688
10,1791567458576,2499,2500,800,800,800,800,799,799,2500,2500,2499,2500,2500,2499,800,800,5.263157844543457,9.523809432983398,0,0,5,0,0,100,0,0,0,0,0,0,0,0,246530.15673828125,51521.28698730469,0,404327403520,8589930496,5910736896,114688
10,1791567458586,2499,2500,800,800,800,800,799,799,2500,2500,2499,2500,2500,2499,800,800,5.263157844543457,9.523809432983398,0,0,5,0,0,100,0,0,0,0,0,0,0,0,246530.30633544922,51521.609924316406,0,404327403520,8589930496,5910736896,114688
10,1791567458596,2499,2500,800,800,800,800,799,799,2500,2500,2499,2500,2500,2499,800,800,5.263157844543457,9.523809432983398,0,0,5,0,0,100,0,0,0,0,0,0,0,0,246530.45831298828,51521.938415527344,0,404327403520,8589930496,5910736896,114688
9,1791567458606,2499,2500,800,800,800,800,799,799,2500,2500,2499,2500,2500,2499,800,800,5.263157844543457,9.523809432983398,0,0,5,0,0,100,0,0,0,0,0,0,0,0,246530.61267089844,51522.258056640625,0,404327403520,8589930496,5910736896,114688
10,1791567458616,2499,2500,800,800,800,800,799,799,2500,2500,2499,2500,2500,2499,800,800,5.263157844543457,9.523809432983398,0,0,5,0,0,100,0,0,0,0,0,0,0,0,246530.76666259766,51522.584411621094,0,404327403520,8589930496,5910736896,114688
10,1791567458626,2499,2500,800,800,800,800,799,799,2500,2500,2499,2500,2500,2499,800,800,5.263157844543457,9.523809432983398,0,0,5,0,0,100,0,0,0,0,0,0,0,0,246530.91717529297,51522.91174316406,0,404327403520,8589930496,5910736896,114688
10,1791567458636,2499,2500,800,800,800,800,799,799,2500,2500,2499,2500,2500,2499,800,800,5.263157844543457,9.523809432983398,0,0,5,0,0,100,0,0,0,0,0,0,0,0,246531.06604003906,51523.237060546875,0,404327403520,8589930496,5910736896,114688
9,1791567458646,2499,2500,800,800,800,800,799,799,2500,2500,2499,2500,2500,2499,800,800,5.263157844543457,9.523809432983398,0,0,5,0,0,100,0,0,0,0,0,0,0,0,246531.21166992188,51523.55822753906,0,404327403520,8589930496,5910736896,114688
10,1791567458656,2499,2500,800,800,800,800,799,799,2500,2500,2499,2500,2500,2499,800,800,5.263157844543457,9.523809432983398,0,0,5,0,0,100,0,0,0,0,0,0,0,0,246531.35668945313,51523.87762451172,0,404327403520,8589930496,5910736896,114688
10,1791567458666,2499,2500,800,800,800,800,799,799,2500,2500,2499,2500,2500,2499,800,800,5.263157844543457,9.523809432983398,0,0,5,0,0,100,0,0,0,0,0,0,0,0,246531.50354003906,51524.20458984375,0,404327403520,8589930496,5910736896,114688
10,1791567458676,2499,2500,800,800,800,800,799,799,2500,2500,2499,2500,2500,2499,800,800,5.263157844543457,9.523809432983398,0,0,5,0,0,100,0,0,0,0,0,0,0,0,246531.65368652344,51524.52819824219,0,404327403520,8589930496,5910736896,114688
10,1791567458687,2499,2500,800,800,800,800,799,799,2500,2500,2499,2500,2500,2499,800,800,0,0,0,0,0,0,0,100,5,5,0,0,0,5,0,0,246531.80798339844,51524.85107421875,0,404327403520,8589930496,5910736896,114688
10,1791567458697,2499,2500,800,800,800,800,799,799,2500,2500,2499,2500,2500,2499,800,800,0,0,0,0,0,0,0,100,5,5,0,0,0,5,0,0,246531.95892333984,51525.17352294922,0,404327403520,8589930496,5910736896,114688
10,1791567458707,2499,2500,800,800,800,800,799,799,2500,2500,2499,2500,2500,2499,800,800,0,0,0,0,0,0,0,100,5,5,0,0,0,5,0,0,246532.11291503906,51525.50030517578,0,404327403520,8589930496,5910736896,114688
9,1791567458717,2499,2500,800,800,800,800,799,799,2500,2500,2499,2500,2500,2499,800,800,0,0,0,0,0,0,0,100,5,5,0,0,0,5,0,0,246532.2632446289,51525.822814941406,0,404327403520,8589930496,5910736896,114688
10,1791567458727,2499,2500,800,800,800,800,799,799,2500,2500,2499,2500,2500,2499,800,800,0,0,0,0,0,0,0,100,5,5,0,0,0,5,0,0,246532.4171142578,51526.148376464844,0,404327403520,8589930496,5910736896,114688
9,1791567458737,2499,2500,800,800,800,800,799,799,2500,2500,2499,2500,2500,2499,800,800,0,0,0,0,0,0,0,100,5,5,0,0,0,5,0,0,246532.56884765625,51526.472412109375,0,404327403520,8589930496,5910736896,114688
10,1791567458747,2499,2500,800,800,800,800,799,799,2500,2500,2499,2500,2500,2499,800,800,0,0,0,0,0,0,0,100,5,5,0,0,0,5,0,0,246532.72039794922,51526.79284667969,0,404327403520,8589930496,5910736896,114688
10,1791567458757,2499,2500,800,800,800,800,799,799,2500,2500,2499,2500,2500,2499,800,800,0,0,0,0,0,0,0,100,5,5,0,0,0,5,0,0,246532.89013671875,51527.14892578125,0,404327403520,8589930496,5910736896,114688
10,1791567458767,2499,2500,800,800,800,800,799,799,2500,2500,2499,2500,2500,2499,800,800,0,0,0,0,0,0,0,100,5,5,0,0,0,5,0,0,246533.04229736328,51527.475341796875,0,404327403520,8589930496,5910736896,114688
9,1791567458777,2499,2500,800,800,800,800,799,799,2500,2500,2499,2500,2500,2499,800,800,0,0,0,0,0,0,0,100,5,5,0,0,0,5,0,0,246533.19482421875,51527.80096435547,0,404327403520,8589930496,5911728128,114688
10,1791567458787,2499,2500,800,800,800,800,799,799,2500,2500,2499,2500,2500,2499,800,800,0,0,0,0,0,0,0,100,5,5,0,0,0,5,0,0,246533.34735107422,51528.12646484375,0,404327403520,8589930496,5912719360,114688
10,1791567458797,2499,2500,800,800,800,800,799,799,2500,2500,2499,2500,2500,2499,800,800,0,0,0,0,0,0,0,100,5,5,0,0,0,5,0,0,246533.4981689453,51528.45422363281,0,404327403520,8589930496,5914701824,114688
10,1791567458807,2499,2500,800,800,800,800,799,799,2500,2500,2499,2500,2500,2499,800,800,0,0,0,0,0,0,0,100,5,5,0,0,0,5,0,0,246533.6474609375,51528.77770996094,0,404327403520,8589930496,5914701824,114688
10,1791567458817,2499,2500,800,800,800,800,799,799,2500,2500,2499,2500,2500,2499,800,800,0,0,0,0,0,0,0,100,5,5,0,0,0,5,0,0,246533.79412841797,51529.10388183594,0,404327403520,8589930496,5918666752,114688
10,1791567458827,2499,2500,800,800,800,800,799,799,2500,2500,2499,2500,2500,2499,800,800,0,0,0,0,0,0,0,100,5,5,0,0,0,5,0,0,246533.94500732422,51529.42694091797,0,404327403520,8589930496,5918666752,114688
9,1791567458837,2499,2500,800,800,800,800,799,799,2500,2500,2499,2500,2500,2499,800,800,0,0,0,0,0,0,0,100,5,5,0,0,0,5,0,0,246534.09771728516,51529.748596191406,0,404327403520,8589930496,5918666752,114688
9,1791567458848,2499,2500,800,800,800,800,799,799,2500,2500,2499,2500,2500,2499,800,800,0,0,0,0,0,0,0,100,5,5,0,0,0,5,0,0,246534.24548339844,51530.07116699219,0,404327403520,8589930496,5918666752,114688
9,1791567458858,2499,2500,800,800,800,800,799,799,2500,2500,2499,2500,2500,2499,800,800,0,0,0,0,0,0,0,100,5,5,0,0,0,5,0,0,246534.39086914063,51530.393798828125,0,404327403520,8589930496,5918666752,114688
9,1791567458868,2499,2500,800,800,800,800,799,799,2500,2500,2499,2500,2500,2499,800,800,0,0,0,0,0,0,0,100,5,5,0,0,0,5,0,0,246534.5357055664,51530.716247558594,0,404327403520,8589930496,5918666752,114688
9,1791567458878,2499,2500,800,800,800,800,799,799,2500,2500,2499,2500,2500,2499,800,800,0,0,0,0,0,0,0,100,5,5,0,0,0,5,0,0,246534.68841552734,51531.03820800781,0,404327403520,8589930496,5918666752,114688
10,1791567458888,2499,2500,800,800,800,800,799,799,2500,2500,2499,2500,2500,2499,800,800,0,0,0,0,0,0,0,100,0,5,0,0,0,0,0,0,246534.84112548828,51531.36096191406,0,404327403520,8589930496,5919657984,114688
10,1791567458898,2499,2500,800,800,800,800,799,799,2500,2500,2499,2500,2500,2499,800,800,0,0,0,0,0,0,0,100,0,5,0,0,0,0,0,0,246534.9985961914,51531.67694091797,0,404327403520,8589930496,5920649216,114688
10,1791567458908,2499,2500,800,800,800,800,799,799,2500,2500,2499,2500,2500,2499,800,800,0,0,0,0,0,0,0,100,0,5,0,0,0,0,0,0,246535.14965820313,51531.998046875,0,404327403520,8589930496,5922631680,114688
10,1791567458918,2499,2500,800,800,800,800,799,799,2500,2500,2499,2500,2500,2499,800,800,0,0,0,0,0,0,0,100,0,5,0,0,0,0,0,0,246535.30364990234,51532.31945800781,0,404327403520,8589930496,5922631680,114688
10,1791567458928,2499,2500,800,800,800,800,799,799,2500,2500,2499,2500,2500,2499,800,800,0,0,0,0,0,0,0,100,0,5,0,0,0,0,0,0,246535.45141601563,51532.639892578125,0,404327403520,8589930496,5922631680,114688
10,1791567458938,2499,2500,800,800,800,800,799,799,2500,2500,2499,2500,2500,2499,800,800,0,0,0,0,0,0,0,100,0,5,0,0,0,0,0,0,246535.60522460938,51532.9638671875,0,404327403520,8589930496,5927092224,114688
9,1791567458948,2499,2500,800,800,800,800,799,799,2500,2500,2499,2500,2500,2499,800,800,0,0,0,0,0,0,0,100,0,5,0,0,0,0,0,0,246535.7533569336,51533.293212890625,0,404327403520,8589930496,5927092224,114688
10,1791567458958,2499,2500,800,800,800,800,799,799,2500,2500,2499,2500,2500,2499,800,800,0,0,0,0,0,0,0,100,0,5,0,0,0,0,0,0,246535.9057006836,51533.6123046875,0,404327403520,8589930496,5927092224,114688
10,1791567458968,2499,2500,800,800,800,800,799,799,2500,2500,2499,2500,2500,2499,800,800,0,0,0,0,0,0,0,100,0,5,0,0,0,0,0,0,246536.07452392578,51533.962951660156,0,404327403520,8589930496,5927092224,114688
10,1791567458978,2499,2500,800,800,800,800,799,799,2500,2500,2499,2500,2500,2499,800,800,0,0,0,0,0,0,0,100,0,5,0,0,0,0,0,0,246536.22094726563,51534.28497314453,0,404327403520,8589930496,5927092224,114688
10,1791567458988,2499,2500,800,800,800,800,799,799,2500,2500,2499,2500,2500,2499,800,800,0,0,0,0,0,0,0,100,0,5,0,0,0,0,0,0,246536.37335205078,51534.605712890625,0,404327403520,8589930496,5927092224,114688
9,1791567458998,2499,2500,800,800,800,800,799,799,2500,2500,2499,2500,2500,2499,800,800,0,0,0,0,0,0,0,100,0,5,0,0,0,0,0,0,246536.52935791016,51534.92303466797,0,404327403520,8589930496,5927092224,114688
10,1791567459008,2499,2500,800,800,800,800,799,799,2500,2500,2499,2500,2500,2499,800,800,0,0,0,0,0,0,0,100,0,5,0,0,0,0,0,0,246536.67749023438,51535.24609375,0,404327403520,8589930496,5927092224,114688
10,1791567459018,2499,2500,800,800,800,800,799,799,2500,2500,2499,2500,2500,2499,800,800,0,0,0,0,0,0,0,100,0,5,0,0,0,0,0,0,246536.82763671875,51535.569091796875,0,404327403520,8589930496,5927092224,114688
9,1791567459029,2499,2500,800,800,800,800,799,799,2500,2500,2499,2500,2500,2499,800,800,0,0,0,0,0,0,0,100,0,5,0,0,0,0,0,0,246536.98071289063,51535.88494873047,0,404327403520,8589930496,5930561536,114688
9,1791567459039,2499,2500,800,800,800,800,799,799,2500,2500,2499,2500,2500,2499,800,800,0,0,0,0,0,0,0,100,0,5,0,0,0,0,0,0,246537.13287353516,51536.205017089844,0,404327403520,8589930496,5930561536,114688
10,1791567459049,2499,2500,800,800,800,800,799,799,2500,2500,2499,2500,2500,2499,800,800,0,0,0,0,0,0,0,100,0,5,0,0,0,0,0,0,246537.2843017578,51536.530029296875,0,404327403520,8589930496,5930561536,114688
10,1791567459059,2499,2500,800,800,800,800,799,799,2500,2500,2499,2500,2500,2499,800,800,0,0,0,0,0,0,0,100,0,5,0,0,0,0,0,0,246537.4422607422,51536.85168457031,0,404327403520,8589930496,5935022080,114688
10,1791567459069,2499,2500,800,800,800,800,799,799,2500,2500,2499,2500,2500,2499,800,800,0,0,0,0,0,0,0,100,0,5,0,0,0,0,0,0,246537.59295654297,51537.17248535156,0,404327403520,8589930496,5935022080,114688
10,1791567459079,2499,2500,800,800,800,800,799,799,2500,2500,2499,2500,2500,2499,800,800,0,0,0,0,0,0,0,100,0,5,0,0,0,0,0,0,246537.74639892578,51537.49560546875,0,404327403520,8589930496,5935022080,114688
10,1791567459089,2499,2500,800,800,800,800,799,799,2500,2500,2499,2500,2500,2499,800,800,0,0,0,0,0,0,0,100,0,0,0,0,0,0,0,0,246537.90295410156,51537.81335449219,0,404327403520,8589930496,5935022080,114688
10,1791567459099,2499,2500,800,800,800,800,799,799,2500,2500,2499,2500,2500,2499,800,800,0,0,0,0,0,0,0,100,0,0,0,0,0,0,0,0,246538.05291748047,51538.13067626953,0,404327403520,8589930496,5935022080,114688
10,1791567459109,2499,2500,800,800,800,800,799,799,2500,2500,2499,2500,2500,2499,800,800,0,0,0,0,0,0,0,100,0,0,0,0,0,0,0,0,246538.205078125,51538.44909667969,0,404327403520,8589930496,5935022080,114688
9,1791567459119,2499,2500,800,800,800,800,799,799,2500,2500,2499,2500,2500,2499,800,800,0,0,0,0,0,0,0,100,0,0,0,0,0,0,0,0,246538.35833740234,51538.770935058594,0,404327403520,8589930496,5925998592,114688
10,1791567459129,2499,2500,800,800,800,800,799,799,2500,2500,2499,2500,2500,2499,800,800,0,0,0,0,0,0,0,100,0,0,0,0,0,0,0,0,246538.50610351563,51539.09210205078,0,404327403520,8589930496,5925998592,114688
9,1791567459139,2499,2500,800,800,800,800,799,799,2500,2500,2499,2500,2500,2499,800,800,0,0,0,0,0,0,0,100,0,0,0,0,0,0,0,0,246538.65844726563,51539.41357421875,0,404327403520,8589930496,5925998592,114688
10,1791567459149,2499,2500,800,800,800,800,799,799,2500,2500,2499,2500,2500,2499,800,800,0,0,0,0,0,0,0,100,0,0,0,0,0,0,0,0,246538.80493164063,51539.72784423828,0,404327403520,8589930496,5925998592,114688
10,1791567459159,2499,2500,800,800,800,800,799,799,2500,2500,2499,2500,2500,2499,800,800,0,0,0,0,0,0,0,100,0,0,0,0,0,0,0,0,246538.97229003906,51540.08221435547,0,404327403520,8589930496,5925998592,114688
10,1791567459169,2499,2500,800,800,800,800,799,799,2500,2500,2499,2500,2500,2499,800,800,0,0,0,0,0,0,0,100,0,0,0,0,0,0,0,0,246539.12243652344,51540.40368652344,0,404327403520,8589930496,5925998592,114688
10,1791567459179,2499,2500,800,800,800,800,799,799,2500,2500,2499,2500,2500,2499,800,800,0,0,0,0,0,0,0,100,0,0,0,0,0,0,0,0,246539.2733154297,51540.72619628906,0,404327403520,8589930496,5925740544,114688
10,1791567459189,2499,2500,800,800,800,800,799,799,2500,2500,2499,2500,2500,2499,800,800,0,0,0,0,0,0,0,100,0,0,0,0,0,0,0,0,246539.42474365234,51541.049865722656,0,404327403520,8589930496,5925740544,114688
9,1791567459200,2499,2500,800,800,800,800,799,799,2500,2500,2499,2500,2500,2499,800,800,0,0,0,0,0,0,0,100,0,0,0,0,0,0,0,0,246539.57415771484,51541.36804199219,0,404327403520,8589930496,5925740544,114688
10,1791567459210,2499,2500,800,800,800,800,799,799,2500,2500,2499,2500,2500,2499,800,800,0,0,0,0,0,0,0,100,0,0,0,0,0,0,0,0,246539.7294921875,51541.683349609375,0,404327403520,8589930496,5925740544,114688
10,1791567459220,2499,2500,800,800,800,800,799,799,2500,2500,2499,2500,2500,2499,800,800,0,0,0,0,0,0,0,100,0,0,0,0,0,0,0,0,246539.87963867188,51542.003662109375,0,404327403520,8589930496,5934166016,114688
9,1791567459230,2499,2500,800,800,800,800,799,799,2500,2500,2499,2500,2500,2499,800,800,0,0,0,0,0,0,0,100,0,0,0,0,0,0,0,0,246540.0330810547,51542.32098388672,0,404327403520,8589930496,5934166016,114688
9,1791567459240,2499,2500,800,800,800,800,799,799,2500,2500,2499,2500,2500,2499,800,800,0,0,0,0,0,0,0,100,0,0,0,0,0,0,0,0,246540.18029785156,51542.644958496094,0,404327403520,8589930496,5934166016,114688
10,1791567459250,2499,2500,800,800,800,800,799,799,2500,2500,2499,2500,2500,2499,800,800,0,0,0,0,0,0,0,100,0,0,0,0,0,0,0,0,246540.3324584961,51542.961486816406,0,404327403520,8589930496,5934166016,114688
10,1791567459260,2499,2500,800,800,800,800,799,799,2500,2500,2499,2500,2500,2499,800,800,0,0,0,0,0,0,0,100,0,0,0,0,0,0,0,0,246540.48022460938,51543.280029296875,0,404327403520,8589930496,5934166016,114688
10,1791567459270,2499,2500,800,800,800,800,799,799,2500,2500,2499,2500,2500,2499,800,800,0,0,0,0,0,0,0,100,0,0,0,0,0,0,0,0,246540.63177490234,51543.600036621094,0,404327403520,8589930496,5934166016,114688
10,1791567459280,2499,2500,800,800,800,800,799,799,2500,2500,2499,2500,2500,2499,800,800,0,0,0,0,0,0,0,100,0,0,0,0,0,0,0,0,246540.77893066406,51543.921875,0,404327403520,8589930496,5934166016,114688
9,1791567459290,2499,2500,800,800,800,800,799,799,2500,2500,2499,2500,2500,2499,800,800,0,0,33.333335876464844,0,4.761904716491699,0,0,71.42857360839844,5,0,0,0,0,0,0,0,246540.92889404297,51544.245178222656,0,404327403520,8589930496,5934166016,114688
10,1791567459300,2499,2500,800,800,800,800,799,799,2500,2500,2499,2500,2500,2499,800,800,0,0,33.333335876464844,0,4.761904716491699,0,0,71.42857360839844,5,0,0,0,0,0,0,0,246541.07788085938,51544.56915283203,0,404327403520,8589930496,5934166016,114688
9,1791567459310,2499,2500,800,800,800,800,799,799,2500,2500,2499,2500,2500,2499,800,800,0,0,33.333335876464844,0,4.761904716491699,0,0,71.42857360839844,5,0,0,0,0,0,0,0,246541.22784423828,51544.892517089844,0,404327403520,8589930496,5934166016,114688
10,1791567459320,2499,2500,800,800,800,800,799,799,2500,2500,2499,2500,2500,2499,800,800,0,0,33.333335876464844,0,4.761904716491699,0,0,71.42857360839844,5,0,0,0,0,0,0,0,246541.37506103516,51545.211669921875,0,404327403520,8589930496,5934166016,114688
10,1791567459330,2499,2500,800,800,800,800,799,799,2500,2500,2499,2500,2500,2499,800,800,0,0,33.333335876464844,0,4.761904716491699,0,0,71.42857360839844,5,0,0,0,0,0,0,0,246541.5242919922,51545.534606933594,0,404327403520,8589930496,5934166016,114688
10,1791567459340,2499,2500,800,800,800,800,799,799,2500,2500,2499,2500,2500,2499,800,800,0,0,33.333335876464844,0,4.761904716491699,0,0,71.42857360839844,5,0,0,0,0,0,0,0,246541.67919921875,51545.855407714844,0,404327403520,8589930496,5934166016,114688
10,1791567459350,2499,2500,800,800,800,800,799,799,2500,2500,2499,2500,2500,2499,800,800,0,0,33.333335876464844,0,4.761904716491699,0,0,71.42857360839844,5,0,0,0,0,0,0,0,246541.83172607422,51546.173400878906,0,404327403520,8589930496,5934166016,114688
10,1791567459360,2499,2500,800,800,800,800,799,799,2500,2500,2499,2500,2500,2499,800,800,0,0,33.333335876464844,0,4.761904716491699,0,0,71.42857360839844,5,0,0,0,0,0,0,0,246541.98571777344,51546.49572753906,0,404327403520,8589930496,5934166016,114688
10,1791567459371,2499,2500,800,800,800,800,799,799,2500,2500,2499,2500,2500,2499,800,800,0,0,33.333335876464844,0,4.761904716491699,0,0,71.42857360839844,5,0,0,0,0,0,0,0,246542.15655517578,51546.847595214844,0,404327403520,8589930496,5934166016,114688
10,1791567459381,2499,2500,800,800,800,800,799,799,2500,2500,2499,2500,2500,2499,800,800,0,0,33.333335876464844,0,4.761904716491699,0,0,71.42857360839844,5,0,0,0,0,0,0,0,246542.28674316406,51547.137939453125,0,404327403520,8589930496,5934661632,114688
10,1791567459391,2499,2500,800,800,800,800,799,799,2500,2500,2499,2500,2500,2499,800,800,0,0,33.333335876464844,0,4.761904716491699,0,0,71.42857360839844,5,0,0,0,0,0,0,0,246542.45574951172,51547.48571777344,0,404327403520,8589930496,5935652864,114688
9,1791567459401,2499,2500,800,800,800,800,799,799,2500,2500,2499,2500,2500,2499,800,800,0,0,33.333335876464844,0,4.761904716491699,0,0,71.42857360839844,5,0,0,0,0,0,0,0,246542.6075439453,51547.820373535156,0,404327403520,8589930496,5942095872,114688
10,1791567459411,2499,2500,800,800,800,800,799,799,2500,2500,2499,2500,2500,2499,800,800,0,0,33.333335876464844,0,4.761904716491699,0,0,71.42857360839844,5,0,0,0,0,0,0,0,246542.75311279297,51548.1435546875,0,404327403520,8589930496,5942095872,114688
9,1791567459421,2499,2500,800,800,800,800,799,799,2500,2500,2499,2500,2500,2499,800,800,0,0,33.333335876464844,0,4.761904716491699,0,0,71.42857360839844,5,0,0,0,0,0,0,0,246542.90783691406,51548.47119140625,0,404327403520,8589930496,5942095872,114688
10,1791567459431,2499,2500,800,800,800,800,799,799,2500,2500,2499,2500,2500,2499,800,800,0,0,33.333335876464844,0,4.761904716491699,0,0,71.42857360839844,5,0,0,0,0,0,0,0,246543.05505371094,51548.797119140625,0,404327403520,8589930496,5942095872,114688
10,1791567459441,2499,2500,800,800,800,800,799,799,2500,2500,2499,2500,2500,2499,800,800,0,0,33.333335876464844,0,4.761904716491699,0,0,71.42857360839844,5,0,0,0,0,0,0,0,246543.20654296875,51549.120666503906,0,404327403520,8589930496,5942095872,114688
10,1791567459451,2499,2500,800,800,800,800,799,799,2500,2500,2499,2500,2500,2499,800,800,0,0,33.333335876464844,0,4.761904716491699,0,0,71.42857360839844,5,0,0,0,0,0,0,0,246543.35552978516,51549.44317626953,0,404327403520,8589930496,5950025728,114688
9,1791567459461,2499,2500,800,800,800,800,799,799,2500,2500,2499,2500,2500,2499,800,800,0,0,33.333335876464844,0,4.761904716491699,0,0,71.42857360839844,5,0,0,0,0,0,0,0,246543.5062866211,51549.75964355469,0,404327403520,8589930496,5950025728,114688
10,1791567459471,2499,2500,800,800,800,800,799,799,2500,2500,2499,2500,2500,2499,800,800,0,0,33.333335876464844,0,4.761904716491699,0,0,71.42857360839844,5,0,0,0,0,0,0,0,246543.66247558594,51550.080505371094,0,404327403520,8589930496,5950025728,114688
10,1791567459481,2499,2500,800,800,800,800,799,799,2500,2500,2499,2500,2500,2499,800,800,0,0,33.333335876464844,0,4.761904716491699,0,0,71.42857360839844,5,0,0,0,0,0,0,0,246543.8096923828,51550.408142089844,0,404327403520,8589930496,5950025728,114688
10,1791567459491,2499,2500,800,800,800,800,799,799,2500,2500,2499,2500,2500,2499,800,800,0,0,100,0,0,0,0,5.263157844543457,0,0,0,0,0,0,0,0,246543.96130371094,51550.73370361328,0,404327403520,8589930496,5950025728,114688
10,1791567459501,2499,2500,800,800,800,800,799,799,2500,2500,2499,2500,2500,2499,800,800,0,0,100,0,0,0,0,5.263157844543457,0,0,0,0,0,0,0,0,246544.10668945313,51551.05419921875,0,404327403520,8589930496,5950025728,114688
9,1791567459511,2499,2500,800,800,800,800,799,799,2500,2500,2499,2500,2500,2499,800,800,0,0,100,0,0,0,0,5.263157844543457,0,0,0,0,0,0,0,0,246544.25592041016,51551.37774658203,0,404327403520,8589930496,5950025728,114688
10,1791567459521,2499,2500,800,800,800,800,799,799,2500,2500,2499,2500,2500,2499,800,800,0,0,100,0,0,0,0,5.263157844543457,0,0,0,0,0,0,0,0,246544.40423583984,51551.699462890625,0,404327403520,8589930496,5950025728,114688
10,1791567459531,2499,2500,800,800,800,800,799,799,2500,2500,2499,2500,2500,2499,800,800,0,0,100,0,0,0,0,5.263157844543457,0,0,0,0,0,0,0,0,246544.56072998047,51552.024963378906,0,404327403520,8589930496,5950025728,114688
10,1791567459542,2499,2500,800,800,800,800,799,799,2500,2500,2499,2500,2500,2499,800,800,0,0,100,0,0,0,0,5.263157844543457,0,0,0,0,0,0,0,0,246544.7198486328,51552.34698486328,0,404327403520,8589930496,5950025728,114688
10,1791567459552,2499,2500,800,800,800,800,799,799,2500,2500,2499,2500,2500,2499,800,800,0,0,100,0,0,0,0,5.263157844543457,0,0,0,0,0,0,0,0,246544.87182617188,51552.669006347656,0,404327403520,8589930496,5950025728,114688
10,1791567459562,2499,2500,800,800,800,800,799,799,2500,2500,2499,2500,2500,2499,800,800,0,0,100,0,0,0,0,5.263157844543457,0,0,0,0,0,0,0,0,246545.02264404297,51552.993225097656,0,404327403520,8589930496,5950025728,114688
10,1791567459572,2499,2500,800,800,800,800,799,799,2500,2500,2499,2500,2500,2499,800,800,0,0,100,0,0,0,0,5.263157844543457,0,0,0,0,0,0,0,0,246545.18231201172,51553.316162109375,0,404327403520,8589930496,5958451200,114688
10,1791567459582,2499,2500,800,800,800,800,799,799,2500,2500,2499,2500,2500,2499,800,800,0,0,100,0,0,0,0,5.263157844543457,0,0,0,0,0,0,0,0,246545.3510131836,51553.66955566406,0,404327403520,8589930496,5958451200,114688
9,1791567459592,2499,2500,800,800,800,800,799,799,2500,2500,2499,2500,2500,2499,800,800,0,0,100,0,0,0,0,5.263157844543457,0,0,0,0,0,0,0,0,246545.50451660156,51553.99230957031,0,404327403520,8589930496,5958451200,114688
10,1791567459602,2499,2500,800,800,800,800,799,799,2500,2500,2499,2500,2500,2499,800,800,0,0,100,0,0,0,0,5.263157844543457,0,0,0,0,0,0,0,0,246545.65728759766,51554.3134765625,0,404327403520,8589930496,5958451200,114688
10,1791567459612,2499,2500,800,800,800,800,799,799,2500,2500,2499,2500,2500,2499,800,800,0,0,100,0,0,0,0,5.263157844543457,0,0,0,0,0,0,0,0,246545.81085205078,51554.63537597656,0,404327403520,8589930496,5958451200,114688
10,1791567459622,2499,2500,800,800,800,800,799,799,2500,2500,2499,2500,2500,2499,800,800,0,0,100,0,0,0,0,5.263157844543457,0,0,0,0,0,0,0,0,246545.96484375,51554.958984375,0,404327403520,8589930496,5958451200,114688
9,1791567459632,2499,2500,800,800,800,800,799,799,2500,2500,2499,2500,2500,2499,800,800,0,0,100,0,0,0,0,5.263157844543457,0,0,0,0,0,0,0,0,246546.11791992188,51555.282165527344,0,404327403520,8589930496,5958451200,114688
10,1791567459642,2499,2500,800,800,800,800,799,799,2500,2500,2499,2500,2500,2499,800,800,0,0,100,0,0,0,0,5.263157844543457,0,0,0,0,0,0,0,0,246546.27172851563,51555.606018066406,0,404327403520,8589930496,5958451200,114688
9,1791567459652,2499,2500,800,800,800,800,799,799,2500,2500,2499,2500,2500,2499,800,800,0,0,100,0,0,0,0,5.263157844543457,0,0,0,0,0,0,0,0,246546.42864990234,51555.93115234375,0,404327403520,8589930496,5958451200,114688
10,1791567459662,2499,2500,800,800,800,800,799,799,2500,2500,2499,2500,2500,2499,800,800,0,0,100,0,0,0,0,5.263157844543457,0,0,0,0,0,0,0,0,246546.57330322266,51556.25177001953,0,404327403520,8589930496,5958451200,114688
10,1791567459672,2499,2500,800,800,800,800,799,799,2500,2500,2499,2500,2500,2499,800,800,0,0,100,0,0,0,0,5.263157844543457,0,0,0,0,0,0,0,0,246546.72619628906,51556.57354736328,0,404327403520,8589930496,5966876672,114688
10,1791567459682,2499,2500,800,800,800,800,799,799,2500,2500,2499,2500,2500,2499,800,800,0,0,100,0,0,0,0,5.263157844543457,0,0,0,0,0,0,0,0,246546.8807373047,51556.8994140625,0,404327403520,8589930496,5966876672,114688
10,1791567459692,2499,2500,800,800,800,800,799,799,2500,2500,2499,2500,2500,2499,800,800,0,5,100,0,0,5,0,5,0,0,0,0,0,0,0,4.761904716491699,246547.03125,51557.22479248047,0,404327403520,8589930496,5966876672,114688
10,1791567459702,2499,2500,800,800,800,800,799,799,2500,2500,2499,2500,2500,2499,800,800,0,5,100,0,0,5,0,5,0,0,0,0,0,0,0,4.761904716491699,246547.18524169922,51557.547790527344,0,404327403520,8589930496,5966876672,114688
10,1791567459713,2499,2500,800,800,800,800,799,799,2500,2500,2499,2500,2500,2499,800,800,0,5,100,0,0,5,0,5,0,0,0,0,0,0,0,4.761904716491699,246547.33660888672,51557.870361328125,0,404327403520,8589930496,5966876672,114688
10,1791567459723,2499,2500,800,800,800,800,799,799,2500,2500,2499,2500,2500,2499,800,800,0,5,100,0,0,5,0,5,0,0,0,0,0,0,0,4.761904716491699,246547.48602294922,51558.18859863281,0,404327403520,8589930496,5966876672,114688
10,1791567459733,2499,2500,800,800,800,800,799,799,2500,2500,2499,2500,2500,2499,800,800,0,5,100,0,0,5,0,5,0,0,0,0,0,0,0,4.761904716491699,246547.63946533203,51558.50988769531,0,404327403520,8589930496,5966876672,114688
10,1791567459743,2499,2500,800,800,800,800,799,799,2500,2500,2499,2500,2500,2499,800,800,0,5,100,0,0,5,0,5,0,0,0,0,0,0,0,4.761904716491699,246547.7896118164,51558.83386230469,0,404327403520,8589930496,5974806528,114688
10,1791567459753,2499,2500,800,800,800,800,799,799,2500,2500,2499,2500,2500,2499,800,800,0,5,100,0,0,5,0,5,0,0,0,0,0,0,0,4.761904716491699,246547.9448852539,51559.15594482422,0,404327403520,8589930496,5974806528,114688
10,1791567459763,2499,2500,800,800,800,800,799,799,2500,2500,2499,2500,2500,2499,800,800,0,5,100,0,0,5,0,5,0,0,0,0,0,0,0,4.761904716491699,246548.09796142578,51559.479553222656,0,404327403520,8589930496,5974806528,114688
10,1791567459773,2499,2500,800,800,800,800,799,799,2500,2500,2499,2500,2500,2499,800,800,0,5,100,0,0,5,0,5,0,0,0,0,0,0,0,4.761904716491699,246548.25122070313,51559.802001953125,0,404327403520,8589930496,5974806528,114688
9,1791567459783,2499,2500,800,800,800,800,799,799,2500,2500,2499,2500,2500,2499,800,800,0,5,100,0,0,5,0,5,0,0,0,0,0,0,0,4.761904716491699,246548.4204711914,51560.157653808594,0,404327403520,8589930496,5983232000,114688
9,1791567459793,2499,2500,800,800,800,800,799,799,2500,2500,2499,2500,2500,2499,800,800,0,5,100,0,0,5,0,5,0,0,0,0,0,0,0,4.761904716491699,246548.5717163086,51560.48065185547,0,404327403520,8589930496,5983232000,114688
10,1791567459803,2499,2500,800,800,800,800,799,799,2500,2500,2499,2500,2500,2499,800,800,0,5,100,0,0,5,0,5,0,0,0,0,0,0,0,4.761904716491699,246548.72589111328,51560.80334472656,0,404327403520,8589930496,5983232000,114688
10,1791567459813,2499,2500,800,800,800,800,799,799,2500,2500,2499,2500,2500,2499,800,800,0,5,100,0,0,5,0,5,0,0,0,0,0,0,0,4.761904716491699,246548.87658691406,51561.12756347656,0,404327403520,8589930496,5983232000,114688
10,1791567459823,2499,2500,800,800,800,800,799,799,2500,2500,2499,2500,2500,2499,800,800,0,5,100,0,0,5,0,5,0,0,0,0,0,0,0,4.761904716491699,246549.03076171875,51561.44641113281,0,404327403520,8589930496,5983232000,114688
10,1791567459833,2499,2500,800,800,800,800,799,799,2500,2500,2499,2500,2500,2499,800,800,0,5,100,0,0,5,0,5,0,0,0,0,0,0,0,4.761904716491699,246549.18072509766,51561.767333984375,0,404327403520,8589930496,5983232000,114688
10,1791567459843,2499,2500,800,800,800,800,799,799,2500,2500,2499,2500,2500,2499,800,800,0,5,100,0,0,5,0,5,0,0,0,0,0,0,0,4.761904716491699,246549.33728027344,51562.08953857422,0,404327403520,8589930496,5983232000,114688
10,1791567459853,2499,2500,800,800,800,800,799,799,2500,2500,2499,2500,2500,2499,800,800,0,5,100,0,0,5,0,5,0,0,0,0,0,0,0,4.761904716491699,246549.4868774414,51562.410888671875,0,404327403520,8589930496,5983232000,114688
10,1791567459863,2499,2500,800,800,800,800,799,799,2500,2500,2499,2500,2500,2499,800,800,0,5,100,0,0,5,0,5,0,0,0,0,0,0,0,4.761904716491699,246549.64361572266,51562.732360839844,0,404327403520,8589930496,5983232000,114688
10,1791567459873,2499,2500,800,800,800,800,799,799,2500,2500,2499,2500,2500,2499,800,800,0,5,100,0,0,5,0,5,0,0,0,0,0,0,0,4.761904716491699,246549.79943847656,51563.0537109375,0,404327403520,8589930496,5983232000,114688
10,1791567459884,2499,2500,800,800,800,800,799,799,2500,2500,2499,2500,2500,2499,800,800,0,5,100,0,0,5,0,5,0,0,0,0,0,0,0,4.761904716491699,246549.9561767578,51563.376037597656,0,404327403520,8589930496,5983232000,114688
10,1791567459894,2499,2500,800,800,800,800,799,799,2500,2500,2499,2500,2500,2499,800,800,5,0,100,0,5,0,0,10,0,0,5,0,0,0,0,0,246550.1103515625,51563.665466308594,0,404327403520,8589930496,5983232000,114688
10,1791567459904,2499,2500,800,800,800,800,799,799,2500,2500,2499,2500,2500,2499,800,800,5,0,100,0,5,0,0,10,0,0,5,0,0,0,0,0,246550.2632446289,51564.016540527344,0,404327403520,8589930496,5983232000,114688
10,1791567459914,2499,2500,800,800,800,800,799,799,2500,2500,2499,2500,2500,2499,800,800,5,0,100,0,5,0,0,10,0,0,5,0,0,0,0,0,246550.4203491211,51564.33367919922,0,404327403520,8589930496,5983232000,114688
10,1791567459924,2499,2500,800,800,800,800,799,799,2500,2500,2499,2500,2500,2499,800,800,5,0,100,0,5,0,0,10,0,0,5,0,0,0,0,0,246550.57177734375,51564.65655517578,0,404327403520,8589930496,5983232000,114688
10,1791567459934,2499,2500,800,800,800,800,799,799,2500,2500,2499,2500,2500,2499,800,800,5,0,100,0,5,0,0,10,0,0,5,0,0,0,0,0,246550.7303466797,51564.97705078125,0,404327403520,8589930496,5983232000,114688
10,1791567459944,2499,2500,800,800,800,800,799,799,2500,2500,2499,2500,2500,2499,800,800,5,0,100,0,5,0,0,10,0,0,5,0,0,0,0,0,246550.8857421875,51565.29846191406,0,404327403520,8589930496,5983232000,114688
10,1791567459954,2499,2500,800,800,800,800,799,799,2500,2500,2499,2500,2500,2499,800,800,5,0,100,0,5,0,0,10,0,0,5,0,0,0,0,0,246551.04064941406,51565.61608886719,0,404327403520,8589930496,5983232000,114688
10,1791567459964,2499,2500,800,800,800,800,799,799,2500,2500,2499,2500,2500,2499,800,800,5,0,100,0,5,0,0,10,0,0,5,0,0,0,0,0,246551.19903564453,51565.93389892578,0,404327403520,8589930496,5983232000,114688
9,1791567459974,2499,2500,800,800,800,800,799,799,2500,2500,2499,2500,2500,2499,800,800,5,0,100,0,5,0,0,10,0,0,5,0,0,0,0,0,246551.37335205078,51566.28289794922,0,404327403520,8589930496,5983232000,114688
10,1791567459984,2499,2500,800,800,800,800,799,799,2500,2500,2499,2500,2500,2499,800,800,5,0,100,0,5,0,0,10,0,0,5,0,0,0,0,0,246551.5137939453,51566.568908691406,0,404327403520,8589930496,5983232000,114688
10,1791567459994,2499,2500,800,800,800,800,799,799,2500,2500,2499,2500,2500,2499,800,800,5,0,100,0,5,0,0,10,0,0,5,0,0,0,0,0,246551.68627929688,51566.91912841797,0,404327403520,8589930496,5983232000,114688
9,1791567460004,2499,2500,800,800,800,800,799,799,2500,2500,2499,2500,2500,2499,800,800,5,0,100,0,5,0,0,10,0,0,5,0,0,0,0,0,246551.8389892578,51567.2392578125,0,404327403520,8589930496,5983232000,114688
10,1791567460014,2499,2500,800,800,800,800,799,799,2500,2500,2499,2500,2500,2499,800,800,5,0,100,0,5,0,0,10,0,0,5,0,0,0,0,0,246551.99188232422,51567.56164550781,0,404327403520,8589930496,5983232000,114688
10,1791567460024,2499,2500,800,800,800,800,799,799,2500,2500,2499,2500,2500,2499,800,800,5,0,100,0,5,0,0,10,0,0,5,0,0,0,0,0,246552.14813232422,51567.88409423828,0,404327403520,8589930496,5991657472,114688
10,1791567460034,2499,2500,800,800,800,800,799,799,2500,2500,2499,2500,2500,2499,800,800,5,0,100,0,5,0,0,10,0,0,5,0,0,0,0,0,246552.3023071289,51568.20788574219,0,404327403520,8589930496,5991657472,114688
10,1791567460044,2499,2500,800,800,800,800,799,799,2500,2500,2499,2500,2500,2499,800,800,5,0,100,0,5,0,0,10,0,0,5,0,0,0,0,0,246552.4559326172,51568.52490234375,0,404327403520,8589930496,5991657472,114688
10,1791567460055,2499,2500,800,800,800,800,799,799,2500,2500,2499,2500,2500,2499,800,800,5,0,100,0,5,0,0,10,0,0,5,0,0,0,0,0,246552.61212158203,51568.84765625,0,404327403520,8589930496,5991657472,114688
10,1791567460065,2499,2500,800,800,800,800,799,799,2500,2500,2499,2500,2500,2499,800,800,5,0,100,0,5,0,0,10,0,0,5,0,0,0,0,0,246552.76885986328,51569.169372558594,0,404327403520,8589930496,5991657472,114688
10,1791567460075,2499,2500,800,800,800,800,799,799,2500,2500,2499,2500,2500,2499,800,800,5,0,100,0,5,0,0,10,0,0,5,0,0,0,0,0,246552.92358398438,51569.493225097656,0,404327403520,8589930496,5991817216,114688
10,1791567460085,2499,2500,800,800,800,800,799,799,2500,2500,2499,2500,2500,2499,800,800,5,0,100,0,5,0,0,10,0,0,5,0,0,0,0,0,246553.08197021484,51569.784240722656,0,404327403520,8589930496,5991817216,114688
10,1791567460095,2499,2500,800,800,800,800,799,799,2500,2500,2499,2500,2500,2499,800,800,5.263157844543457,0,100,0,0,0,5,0,0,0,0,0,0,0,0,0,246553.23266601563,51570.13854980469,0,404327403520,8589930496,5991817216,114688
10,1791567460105,2499,2500,800,800,800,800,799,799,2500,2500,2499,2500,2500,2499,800,800,5.263157844543457,0,100,0,0,0,5,0,0,0,0,0,0,0,0,0,246553.38958740234,51570.45916748047,0,404327403520,8589930496,5991817216,114688
10,1791567460115,2499,2500,800,800,800,800,799,799,2500,2500,2499,2500,2500,2499,800,800,5.263157844543457,0,100,0,0,0,5,0,0,0,0,0,0,0,0,0,246553.54174804688,51570.78399658203,0,404327403520,8589930496,5991817216,114688
10,1791567460125,2499,2500,800,800,800,800,799,799,2500,2500,2499,2500,2500,2499,800,800,5.263157844543457,0,100,0,0,0,5,0,0,0,0,0,0,0,0,0,246553.6939086914,51571.107177734375,0,404327403520,8589930496,5991817216,114688
10,1791567460135,2499,2500,800,800,800,800,799,799,2500,2500,2499,2500,2500,2499,800,800,5.263157844543457,0,100,0,0,0,5,0,0,0,0,0,0,0,0,0,246553.84936523438,51571.431091308594,0,404327403520,8589930496,5974786048,114688
10,1791567460145,2499,2500,800,800,800,800,799,799,2500,2500,2499,2500,2500,2499,800,800,5.263157844543457,0,100,0,0,0,5,0,0,0,0,0,0,0,0,0,246554.0033569336,51571.757385253906,0,404327403520,8589930496,5965787136,114688
10,1791567460155,2499,2500,800,800,800,800,799,799,2500,2500,2499,2500,2500,2499,800,800,5.263157844543457,0,100,0,0,0,5,0,0,0,0,0,0,0,0,0,246554.16046142578,51572.08349609375,0,404327403520,8589930496,5965787136,114688
10,1791567460165,2499,2500,800,800,800,800,799,799,2500,2500,2499,2500,2500,2499,800,800,5.263157844543457,0,100,0,0,0,5,0,0,0,0,0,0,0,0,0,246554.31829833984,51572.407470703125,0,404327403520,8589930496,5965787136,114688
9,1791567460175,2499,2500,800,800,800,800,799,799,2500,2500,2499,2500,2500,2499,800,800,5.263157844543457,0,100,0,0,0,5,0,0,0,0,0,0,0,0,0,246554.47283935547,51572.73303222656,0,404327403520,8589930496,5965787136,114688
10,1791567460185,2499,2500,800,800,800,800,799,799,2500,2500,2499,2500,2500,2499,800,800,5.263157844543457,0,100,0,0,0,5,0,0,0,0,0,0,0,0,0,246554.62481689453,51573.05822753906,0,404327403520,8589930496,5965787136,114688
10,1791567460195,2499,2500,800,800,800,800,799,799,2500,2500,2499,2500,2500,2499,800,800,5.263157844543457,0,100,0,0,0,5,0,0,0,0,0,0,0,0,0,246554.79510498047,51573.413024902344,0,404327403520,8589930496,5965787136,114688
10,1791567460205,2499,2500,800,800,800,800,799,799,2500,2500,2499,2500,2500,2499,800,800,5.263157844543457,0,100,0,0,0,5,0,0,0,0,0,0,0,0,0,246554.95001220703,51573.731994628906,0,404327403520,8589930496,5965787136,114688
10,1791567460215,2499,2500,800,800,800,800,799,799,2500,2500,2499,2500,2500,2499,800,800,5.263157844543457,0,100,0,0,0,5,0,0,0,0,0,0,0,0,0,246555.10382080078,51574.05432128906,0,404327403520,8589930496,5965787136,114688
10,1791567460226,2499,2500,800,800,800,800,799,799,2500,2500,2499,2500,2500,2499,800,800,5.263157844543457,0,100,0,0,0,5,0,0,0,0,0,0,0,0,0,246555.26092529297,51574.37854003906,0,404327403520,8589930496,5965787136,114688
10,1791567460236,2499,2500,800,800,800,800,799,799,2500,2500,2499,2500,2500,2499,800,800,5.263157844543457,0,100,0,0,0,5,0,0,0,0,0,0,0,0,0,246555.41473388672,51574.70178222656,0,404327403520,8589930496,5965787136,114688
10,1791567460246,2499,2500,800,800,800,800,799,799,2500,2500,2499,2500,2500,2499,800,800,5.263157844543457,0,100,0,0,0,5,0,0,0,0,0,0,0,0,0,246555.56872558594,51575.02471923828,0,404327403520,8589930496,5965787136,114688
10,1791567460256,2499,2500,800,800,800,800,799,799,2500,2500,2499,2500,2500,2499,800,800,5.263157844543457,0,100,0,0,0,5,0,0,0,0,0,0,0,0,0,246555.7201538086,51575.348388671875,0,404327403520,8589930496,5965787136,114688
10,1791567460266,2499,2500,800,800,800,800,799,799,2500,2500,2499,2500,2500,2499,800,800,5.263157844543457,0,100,0,0,0,5,0,0,0,0,0,0,0,0,0,246555.87268066406,51575.669677734375,0,404327403520,8589930496,5965787136,114688
9,1791567460276,2499,2500,800,800,800,800,799,799,2500,2500,2499,2500,2500,2499,800,800,5.263157844543457,0,100,0,0,0,5,0,0,0,0,0,0,0,0,0,246556.02337646484,51575.99627685547,0,404327403520,8589930496,5965787136,114688
10,1791567460286,2499,2500,800,800,800,800,799,799,2500,2500,2499,2500,2500,2499,800,800,5.263157844543457,0,100,0,0,0,5,0,0,0,0,0,0,0,0,0,246556.17755126953,51576.318298339844,0,404327403520,8589930496,5965787136,114688
10,1791567460296,2499,2500,800,800,800,800,799,799,2500,2500,2499,2500,2500,2499,800,800,5,0,30.000001907348633,70,0,0,0,10,0,0,0,0,0,0,0,0,246556.3348388672,51576.641357421875,0,404327403520,8589930496,5965787136,114688
10,1791567460306,2499,2500,800,800,800,800,799,799,2500,2500,2499,2500,2500,2499,800,800,5,0,30.000001907348633,70,0,0,0,10,0,0,0,0,0,0,0,0,246556.49047851563,51576.96014404297,0,404327403520,8589930496,5965787136,114688
9,1791567460316,2499,2500,800,800,800,800,799,799,2500,2500,2499,2500,2500,2499,800,800,5,0,30.000001907348633,70,0,0,0,10,0,0,0,0,0,0,0,0,246556.63970947266,51577.282958984375,0,404327403520,8589930496,5965787136,114688
10,1791567460326,2499,2500,800,800,800,800,799,799,2500,2500,2499,2500,2500,2499,800,800,5,0,30.000001907348633,70,0,0,0,10,0,0,0,0,0,0,0,0,246556.79461669922,51577.60791015625,0,404327403520,8589930496,5965787136,114688
10,1791567460336,2499,2500,800,800,800,800,799,799,2500,2500,2499,2500,2500,2499,800,800,5,0,30.000001907348633,70,0,0,0,10,0,0,0,0,0,0,0,0,246556.9506225586,51577.927673339844,0,404327403520,8589930496,5965787136,114688
10,1791567460346,2499,2500,800,800,800,800,799,799,2500,2500,2499,2500,2500,2499,800,800,5,0,30.000001907348633,70,0,0,0,10,0,0,0,0,0,0,0,0,246557.1024169922,51578.24865722656,0,404327403520,8589930496,5965787136,114688
9,1791567460356,2499,2500,800,800,800,800,799,799,2500,2500,2499,2500,2500,2499,800,800,5,0,30.000001907348633,70,0,0,0,10,0,0,0,0,0,0,0,0,246557.25659179688,51578.56854248047,0,404327403520,8589930496,5965787136,114688
10,1791567460366,2499,2500,800,800,800,800,799,799,2500,2500,2499,2500,2500,2499,800,800,5,0,30.000001907348633,70,0,0,0,10,0,0,0,0,0,0,0,0,246557.41204833984,51578.890380859375,0,404327403520,8589930496,5965787136,114688
9,1791567460376,2499,2500,800,800,800,800,799,799,2500,2500,2499,2500,2500,2499,800,800,5,0,30.000001907348633,70,0,0,0,10,0,0,0,0,0,0,0,0,246557.5668334961,51579.21112060547,0,404327403520,8589930496,5965787136,114688
10,1791567460386,2499,2500,800,800,800,800,799,799,2500,2500,2499,2500,2500,2499,800,800,5,0,30.000001907348633,70,0,0,0,10,0,0,0,0,0,0,0,0,246557.74114990234,51579.56072998047,0,404327403520,8589930496,5965787136,114688
10,1791567460397,2499,2500,800,800,800,800,799,799,2500,2500,2499,2500,2500,2499,800,800,5,0,30.000001907348633,70,0,0,0,10,0,0,0,0,0,0,0,0,246557.8920288086,51579.87811279297,0,404327403520,8589930496,5965787136,114688
10,1791567460407,2499,2500,800,800,800,800,799,799,2500,2500,2499,2500,2500,2499,800,800,5,0,30.000001907348633,70,0,0,0,10,0,0,0,0,0,0,0,0,246558.0419921875,51580.19812011719,0,404327403520,8589930496,5965787136,114688
10,1791567460417,2499,2500,800,800,800,800,799,799,2500,2500,2499,2500,2500,2499,800,800,5,0,30.000001907348633,70,0,0,0,10,0,0,0,0,0,0,0,0,246558.1943359375,51580.51544189453,0,404327403520,8589930496,5965787136,114688
10,1791567460427,2499,2500,800,800,800,800,799,799,2500,2500,2499,2500,2500,2499,800,800,5,0,30.000001907348633,70,0,0,0,10,0,0,0,0,0,0,0,0,246558.34521484375,51580.83740234375,0,404327403520,8589930496,5965787136,114688
9,1791567460437,2499,2500,800,800,800,800,799,799,2500,2500,2499,2500,2500,2499,800,800,5,0,30.000001907348633,70,0,0,0,10,0,0,0,0,0,0,0,0,246558.49322509766,51581.156005859375,0,404327403520,8589930496,5965787136,114688
10,1791567460447,2499,2500,800,800,800,800,799,799,2500,2500,2499,2500,2500,2499,800,800,5,0,30.000001907348633,70,0,0,0,10,0,0,0,0,0,0,0,0,246558.6441040039,51581.49060058594,0,404327403520,8589930496,5965787136,114688
10,1791567460457,2499,2500,800,800,800,800,799,799,2500,2500,2499,2500,2500,2499,800,800,5,0,30.000001907348633,70,0,0,0,10,0,0,0,0,0,0,0,0,246558.79461669922,51581.803771972656,0,404327403520,8589930496,5965787136,114688
10,1791567460467,2499,2500,800,800,800,800,799,799,2500,2500,2499,2500,2500,2499,800,800,5,0,30.000001907348633,70,0,0,0,10,0,0,0,0,0,0,0,0,246558.94549560547,51582.12646484375,0,404327403520,8589930496,5965787136,114688
10,1791567460477,2499,2500,800,800,800,800,799,799,2500,2500,2499,2500,2500,2499,800,800,5,0,30.000001907348633,70,0,0,0,10,0,0,0,0,0,0,0,0,246559.0965576172,51582.44860839844,0,404327403520,8589930496,5965787136,114688
9,1791567460487,2499,2500,800,800,800,800,799,799,2500,2500,2499,2500,2500,2499,800,800,5,0,30.000001907348633,70,0,0,0,10,0,0,0,0,0,0,0,0,246559.2505493164,51582.77697753906,0,404327403520,8589930496,5965787136,114688
9,1791567460497,2499,2500,800,800,800,800,799,799,2500,2500,2499,2500,2500,2499,800,800,0,0,0,100,0,0,0,5,0,0,0,0,0,0,0,0,246559.40490722656,51583.105529785156,0,404327403520,8589930496,5965787136,114688
9,1791567460507,2499,2500,800,800,800,800,799,799,2500,2500,2499,2500,2500,2499,800,800,0,0,0,100,0,0,0,5,0,0,0,0,0,0,0,0,246559.55139160156,51583.42224121094,0,404327403520,8589930496,5965787136,114688
10,1791567460517,2499,2500,800,800,800,800,799,799,2500,2500,2499,2500,2500,2499,800,800,0,0,0,100,0,0,0,5,0,0,0,0,0,0,0,0,246559.70245361328,51583.74743652344,0,404327403520,8589930496,5965787136,114688
10,1791567460527,2499,2500,800,800,800,800,799,799,2500,2500,2499,2500,2500,2499,800,800,0,0,0,100,0,0,0,5,0,0,0,0,0,0,0,0,246559.8546142578,51584.068298339844,0,404327403520,8589930496,5965787136,114688
10,1791567460537,2499,2500,800,800,800,800,799,799,2500,2500,2499,2500,2500,2499,800,800,0,0,0,100,0,0,0,5,0,0,0,0,0,0,0,0,246560.0093383789,51584.39685058594,0,404327403520,8589930496,5965787136,114688
9,1791567460547,2499,2500,800,800,800,800,799,799,2500,2500,2499,2500,2500,2499,800,800,0,0,0,100,0,0,0,5,0,0,0,0,0,0,0,0,246560.1563720703,51584.71887207031,0,404327403520,8589930496,5965787136,114688
10,1791567460557,2499,2500,800,800,800,800,799,799,2500,2500,2499,2500,2500,2499,800,800,0,0,0,100,0,0,0,5,0,0,0,0,0,0,0,0,246560.30505371094,51585.0439453125,0,404327403520,8589930496,5965787136,114688
10,1791567460568,2499,2500,800,800,800,800,799,799,2500,2500,2499,2500,2500,2499,800,800,0,0,0,100,0,0,0,5,0,0,0,0,0,0,0,0,246560.46124267578,51585.36682128906,0,404327403520,8589930496,5965787136,114688
10,1791567460578,2499,2500,800,800,800,800,799,799,2500,2500,2499,2500,2500,2499,800,800,0,0,0,100,0,0,0,5,0,0,0,0,0,0,0,0,246560.61224365234,51585.68762207031,0,404327403520,8589930496,5965787136,114688
10,1791567460588,2499,2500,800,800,800,800,799,799,2500,2500,2499,2500,2500,2499,800,800,0,0,0,100,0,0,0,5,0,0,0,0,0,0,0,0,246560.76483154297,51586.013916015625,0,404327403520,8589930496,5965787136,114688
10,1791567460598,2499,2500,800,800,800,800,799,799,2500,2500,2499,2500,2500,2499,800,800,0,0,0,100,0,0,0,5,0,0,0,0,0,0,0,0,246560.92120361328,51586.333435058594,0,404327403520,8589930496,5965787136,114688
10,1791567460608,2499,2500,800,800,800,800,799,799,2500,2500,2499,2500,2500,2499,800,800,0,0,0,100,0,0,0,5,0,0,0,0,0,0,0,0,246561.078125,51586.65838623047,0,404327403520,8589930496,5965787136,114688
10,1791567460618,2499,2500,800,800,800,800,799,799,2500,2500,2499,2500,2500,2499,800,800,0,0,0,100,0,0,0,5,0,0,0,0,0,0,0,0,246561.25024414063,51587.01452636719,0,404327403520,8589930496,5965787136,114688
9,1791567460628,2499,2500,800,800,800,800,799,799,2500,2500,2499,2500,2500,2499,800,800,0,0,0,100,0,0,0,5,0,0,0,0,0,0,0,0,246561.40356445313,51587.337890625,0,404327403520,8589930496,5965787136,114688
10,1791567460638,2499,2500,800,800,800,800,799,799,2500,2500,2499,2500,2500,2499,800,800,0,0,0,100,0,0,0,5,0,0,0,0,0,0,0,0,246561.556640625,51587.667541503906,0,404327403520,8589930496,5965787136,114688
10,1791567460648,2499,2500,800,800,800,800,799,799,2500,2500,2499,2500,2500,2499,800,800,0,0,0,100,0,0,0,5,0,0,0,0,0,0,0,0,246561.70831298828,51587.99285888672,0,404327403520,8589930496,5965787136,114688
9,1791567460658,2499,2500,800,800,800,800,799,799,2500,2500,2499,2500,2500,2499,800,800,0,0,0,100,0,0,0,5,0,0,0,0,0,0,0,0,246561.8524169922,51588.31768798828,0,404327403520,8589930496,5965787136,114688
10,1791567460668,2499,2500,800,800,800,800,799,799,2500,2500,2499,2500,2500,2499,800,800,0,0,0,100,0,0,0,5,0,0,0,0,0,0,0,0,246562.00811767578,51588.649475097656,0,404327403520,8589930496,5965787136,114688
9,1791567460678,2499,2500,800,800,800,800,799,799,2500,2500,2499,2500,2500,2499,800,800,0,0,0,100,0,0,0,5,0,0,0,0,0,0,0,0,246562.15753173828,51588.973205566406,0,404327403520,8589930496,5965787136,114688
10,1791567460688,2499,2500,800,800,800,800,799,799,2500,2500,2499,2500,2500,2499,800,800,0,0,0,100,0,0,0,5,0,0,0,0,0,0,0,0,246562.302734375,51589.29412841797,0,404327403520,8589930496,5965787136,114688
10,1791567460698,2499,2500,800,800,800,800,799,799,2500,2500,2499,2500,2500,2499,800,800,10,0,0,21.052631378173828,76.19047546386719,0,0,0,0,0,0,0,0,0,0,0,246562.45709228516,51589.62194824219,0,404327403520,8589930496,5965787136,114688
10,1791567460708,2499,2500,800,800,800,800,799,799,2500,2500,2499,2500,2500,2499,800,800,10,0,0,21.052631378173828,76.19047546386719,0,0,0,0,0,0,0,0,0,0,0,246562.61163330078,51589.944396972656,0,404327403520,8589930496,5965787136,114688
10,1791567460718,2499,2500,800,800,800,800,799,799,2500,2500,2499,2500,2500,2499,800,800,10,0,0,21.052631378173828,76.19047546386719,0,0,0,0,0,0,0,0,0,0,0,246562.76751708984,51590.26770019531,0,404327403520,8589930496,5965787136,114688
10,1791567460728,2499,2500,800,800,800,800,799,799,2500,2500,2499,2500,2500,2499,800,800,10,0,0,21.052631378173828,76.19047546386719,0,0,0,0,0,0,0,0,0,0,0,246562.9189453125,51590.58972167969,0,404327403520,8589930496,5965787136,114688
10,1791567460739,2499,2500,800,800,800,800,799,799,2500,2500,2499,2500,2500,2499,800,800,10,0,0,21.052631378173828,76.19047546386719,0,0,0,0,0,0,0,0,0,0,0,246563.06396484375,51590.90930175781,0,404327403520,8589930496,5965787136,114688
9,1791567460749,2499,2500,800,800,800,800,799,799,2500,2500,2499,2500,2500,2499,800,800,10,0,0,21.052631378173828,76.19047546386719,0,0,0,0,0,0,0,0,0,0,0,246563.21649169922,51591.23028564453,0,404327403520,8589930496,5965787136,114688
10,1791567460759,2499,2500,800,800,800,800,799,799,2500,2500,2499,2500,2500,2499,800,800,10,0,0,21.052631378173828,76.19047546386719,0,0,0,0,0,0,0,0,0,0,0,246563.3701171875,51591.55242919922,0,404327403520,8589930496,5965787136,114688
10,1791567460769,2499,2500,800,800,800,800,799,799,2500,2500,2499,2500,2500,2499,800,800,10,0,0,21.052631378173828,76.19047546386719,0,0,0,0,0,0,0,0,0,0,0,246563.52758789063,51591.87451171875,0,404327403520,8589930496,5965787136,114688
10,1791567460779,2499,2500,800,800,800,800,799,799,2500,2500,2499,2500,2500,2499,800,800,10,0,0,21.052631378173828,76.19047546386719,0,0,0,0,0,0,0,0,0,0,0,246563.68084716797,51592.19854736328,0,404327403520,8589930496,5965787136,114688
10,1791567460789,2499,2500,800,800,800,800,799,799,2500,2500,2499,2500,2500,2499,800,800,10,0,0,21.052631378173828,76.19047546386719,0,0,0,0,0,0,0,0,0,0,0,246563.83428955078,51592.51611328125,0,404327403520,8589930496,5965787136,114688
10,1791567460799,2499,2500,800,800,800,800,799,799,2500,2500,2499,2500,2500,2499,800,800,10,0,0,21.052631378173828,76.19047546386719,0,0,0,0,0,0,0,0,0,0,0,246563.9859008789,51592.836364746094,0,404327403520,8589930496,5965787136,114688
10,1791567460809,2499,2500,800,800,800,800,799,799,2500,2500,2499,2500,2500,2499,800,800,10,0,0,21.052631378173828,76.19047546386719,0,0,0,0,0,0,0,0,0,0,0,246564.1580810547,51593.18957519531,0,404327403520,8589930496,5965787136,114688
10,1791567460819,2499,2500,800,800,800,800,799,799,2500,2500,2499,2500,2500,2499,800,800,10,0,0,21.052631378173828,76.19047546386719,0,0,0,0,0,0,0,0,0,0,0,246564.3096923828,51593.51055908203,0,404327403520,8589930496,5965787136,114688
9,1791567460829,2499,2500,800,800,800,800,799,799,2500,2500,2499,2500,2500,2499,800,800,10,0,0,21.052631378173828,76.19047546386719,0,0,0,0,0,0,0,0,0,0,0,246564.46118164063,51593.831115722656,0,404327403520,8589930496,5965787136,114688
10,1791567460839,2499,2500,800,800,800,800,799,799,2500,2500,2499,2500,2500,2499,800,800,10,0,0,21.052631378173828,76.19047546386719,0,0,0,0,0,0,0,0,0,0,0,246564.61737060547,51594.15966796875,0,404327403520,8589930496,5965787136,114688
10,1791567460849,2499,2500,800,800,800,800,799,799,2500,2500,2499,2500,2500,2499,800,800,10,0,0,21.052631378173828,76.19047546386719,0,0,0,0,0,0,0,0,0,0,0,246564.77630615234,51594.4833984375,0,404327403520,8589930496,5965787136,114688
10,1791567460859,2499,2500,800,800,800,800,799,799,2500,2500,2499,2500,2500,2499,800,800,10,0,0,21.052631378173828,76.19047546386719,0,0,0,0,0,0,0,0,0,0,0,246564.92993164063,51594.80383300781,0,404327403520,8589930496,5965787136,114688
9,1791567460869,2499,2500,800,800,800,800,799,799,2500,2500,2499,2500,2500,2499,800,800,10,0,0,21.052631378173828,76.19047546386719,0,0,0,0,0,0,0,0,0,0,0,246565.08520507813,51595.1240234375,0,404327403520,8589930496,5965787136,114688
10,1791567460879,2499,2500,800,800,800,800,799,799,2500,2500,2499,2500,2500,2499,800,800,10,0,0,21.052631378173828,76.19047546386719,0,0,0,0,0,0,0,0,0,0,0,246565.23516845703,51595.44415283203,0,404327403520,8589930496,5965787136,114688
9,1791567460889,2499,2500,800,800,800,800,799,799,2500,2500,2499,2500,2500,2499,800,800,10,0,0,21.052631378173828,76.19047546386719,0,0,0,0,0,0,0,0,0,0,0,246565.38842773438,51595.765563964844,0,404327403520,8589930496,5965787136,114688
9,1791567460900,2499,2500,800,800,800,800,799,799,2500,2500,2499,2500,2500,2499,800,800,5,0,10.526315689086914,9.523809432983398,94.73684692382813,0,0,0,0,0,0,0,0,0,0,0,246565.5424194336,51596.08740234375,0,404327403520,8589930496,5965787136,114688
10,1791567460910,2499,2500,800,800,800,800,799,799,2500,2500,2499,2500,2500,2499,800,800,5,0,10.526315689086914,9.523809432983398,94.73684692382813,0,0,0,0,0,0,0,0,0,0,0,246565.69970703125,51596.42224121094,0,404327403520,8589930496,5965787136,114688
9,1791567460920,2499,2500,800,800,800,800,799,799,2500,2500,2499,2500,2500,2499,800,800,5,0,10.526315689086914,9.523809432983398,94.73684692382813,0,0,0,0,0,0,0,0,0,0,0,246565.85186767578,51596.74346923828,0,404327403520,8589930496,5965787136,114688
9,1791567460930,2499,2500,800,800,800,800,799,799,2500,2500,2499,2500,2500,2499,800,800,5,0,10.526315689086914,9.523809432983398,94.73684692382813,0,0,0,0,0,0,0,0,0,0,0,246566.00311279297,51597.033447265625,0,404327403520,8589930496,5965787136,114688
9,1791567460940,2499,2500,800,800,800,800,799,799,2500,2500,2499,2500,2500,2499,800,800,5,0,10.526315689086914,9.523809432983398,94.73684692382813,0,0,0,0,0,0,0,0,0,0,0,246566.1528930664,51597.38781738281,0,404327403520,8589930496,5965787136,114688
9,1791567460950,2499,2500,800,800,800,800,799,799,2500,2500,2499,2500,2500,2499,800,800,5,0,10.526315689086914,9.523809432983398,94.73684692382813,0,0,0,0,0,0,0,0,0,0,0,246566.30853271484,51597.70721435547,0,404327403520,8589930496,5965787136,114688
10,1791567460960,2499,2500,800,800,800,800,799,799,2500,2500,2499,2500,2500,2499,800,800,5,0,10.526315689086914,9.523809432983398,94.73684692382813,0,0,0,0,0,0,0,0,0,0,0,246566.46215820313,51598.030212402344,0,404327403520,8589930496,5965787136,114688
9,1791567460970,2499,2500,800,800,800,800,799,799,2500,2500,2499,2500,2500,2499,800,800,5,0,10.526315689086914,9.523809432983398,94.73684692382813,0,0,0,0,0,0,0,0,0,0,0,246566.61431884766,51598.346923828125,0,404327403520,8589930496,5965787136,114688
9,1791567460980,2499,2500,800,800,800,800,799,799,2500,2500,2499,2500,2500,2499,800,800,5,0,10.526315689086914,9.523809432983398,94.73684692382813,0,0,0,0,0,0,0,0,0,0,0,246566.7681274414,51598.680236816406,0,404327403520,8589930496,5965787136,114688
10,1791567460990,2499,2500,800,800,800,800,799,799,2500,2500,2499,2500,2500,2499,800,800,5,0,10.526315689086914,9.523809432983398,94.73684692382813,0,0,0,0,0,0,0,0,0,0,0,246566.92065429688,51599.00311279297,0,404327403520,8589930496,5965787136,114688
9,1791567461000,2499,2500,800,800,800,800,799,799,2500,2500,2499,2500,2500,2499,800,800,5,0,10.526315689086914,9.523809432983398,94.73684692382813,0,0,0,0,0,0,0,0,0,0,0,246567.07739257813,51599.326721191406,0,404327403520,8589930496,5965787136,114688
10,1791567461010,2499,2500,800,800,800,800,799,799,2500,2500,2499,2500,2500,2499,800,800,5,0,10.526315689086914,9.523809432983398,94.73684692382813,0,0,0,0,0,0,0,0,0,0,0,246567.2440185547,51599.68231201172,0,404327403520,8589930496,5965787136,114688
10,1791567461020,2499,2500,800,800,800,800,799,799,2500,2500,2499,2500,2500,2499,800,800,5,0,10.526315689086914,9.523809432983398,94.73684692382813,0,0,0,0,0,0,0,0,0,0,0,246567.3950805664,51600.00646972656,0,404327403520,8589930496,5965787136,114688
10,1791567461030,2499,2500,800,800,800,800,799,799,2500,2500,2499,2500,2500,2499,800,800,5,0,10.526315689086914,9.523809432983398,94.73684692382813,0,0,0,0,0,0,0,0,0,0,0,246567.5535888672,51600.32751464844,0,404327403520,8589930496,5965787136,114688
10,1791567461040,2499,2500,800,800,800,800,799,799,2500,2500,2499,2500,2500,2499,800,800,5,0,10.526315689086914,9.523809432983398,94.73684692382813,0,0,0,0,0,0,0,0,0,0,0,246567.70831298828,51600.65173339844,0,404327403520,8589930496,5965787136,114688
9,1791567461050,2499,2500,800,800,800,800,799,799,2500,2500,2499,2500,2500,2499,800,800,5,0,10.526315689086914,9.523809432983398,94.73684692382813,0,0,0,0,0,0,0,0,0,0,0,246567.859375,51600.97595214844,0,404327403520,8589930496,5965787136,114688
9,1791567461060,2499,2500,800,800,800,800,799,799,2500,2500,2499,2500,2500,2499,800,800,5,0,10.526315689086914,9.523809432983398,94.73684692382813,0,0,0,0,0,0,0,0,0,0,0,246568.01446533203,51601.297912597656,0,404327403520,8589930496,5965787136,114688
10,1791567461070,2499,2500,800,800,800,800,799,799,2500,2500,2499,2500,2500,2499,800,800,5,0,10.526315689086914,9.523809432983398,94.73684692382813,0,0,0,0,0,0,0,0,0,0,0,246568.16717529297,51601.62127685547,0,404327403520,8589930496,5965787136,114688
9,1791567461081,2499,2500,800,800,800,800,799,799,2500,2500,2499,2500,2500,2499,800,800,5,0,10.526315689086914,9.523809432983398,94.73684692382813,0,0,0,0,0,0,0,0,0,0,0,246568.31573486328,51601.94482421875,0,404327403520,8589930496,5965787136,114688
9,1791567461091,2499,2500,800,800,800,800,799,799,2500,2500,2499,2500,2500,2499,800,800,5,0,10.526315689086914,9.523809432983398,94.73684692382813,0,0,0,0,0,0,0,0,0,0,0,246568.46771240234,51602.26477050781,0,404327403520,8589930496,5965787136,114688
9,1791567461101,2499,2500,800,800,800,800,799,799,2500,2500,2499,2500,2500,2499,800,800,5,0,100,0,0,0,0,5,0,0,0,0,0,0,0,0,246568.61987304688,51602.590270996094,0,404327403520,8589930496,5948997632,114688
9,1791567461111,2499,2500,800,800,800,800,799,799,2500,2500,2499,2500,2500,2499,800,800,5,0,100,0,0,0,0,5,0,0,0,0,0,0,0,0,246568.7752685547,51602.91192626953,0,404327403520,8589930496,5948997632,114688
10,1791567461121,2499,2500,800,800,800,800,799,799,2500,2500,2499,2500,2500,2499,800,800,5,0,100,0,0,0,0,5,0,0,0,0,0,0,0,0,246568.92724609375,51603.23828125,0,404327403520,8589930496,5948997632,114688
10,1791567461131,2499,2500,800,800,800,800,799,799,2500,2500,2499,2500,2500,2499,800,800,5,0,100,0,0,0,0,5,0,0,0,0,0,0,0,0,246569.08526611328,51603.55822753906,0,404327403520,8589930496,5948997632,114688
10,1791567461141,2499,2500,800,800,800,800,799,799,2500,2500,2499,2500,2500,2499,800,800,5,0,100,0,0,0,0,5,0,0,0,0,0,0,0,0,246569.236328125,51603.882751464844,0,404327403520,8589930496,5948997632,114688
10,1791567461151,2499,2500,800,800,800,800,799,799,2500,2500,2499,2500,2500,2499,800,800,5,0,100,0,0,0,0,5,0,0,0,0,0,0,0,0,246569.38702392578,51604.19989013672,0,404327403520,8589930496,5948997632,114688
10,1791567461161,2499,2500,800,800,800,800,799,799,2500,2500,2499,2500,2500,2499,800,800,5,0,100,0,0,0,0,5,0,0,0,0,0,0,0,0,246569.53857421875,51604.52453613281,0,404327403520,8589930496,5948481536,114688
9,1791567461171,2499,2500,800,800,800,800,799,799,2500,2500,2499,2500,2500,2499,800,800,5,0,100,0,0,0,0,5,0,0,0,0,0,0,0,0,246569.69494628906,51604.8515625,0,404327403520,8589930496,5948481536,114688
10,1791567461181,2499,2500,800,800,800,800,799,799,2500,2500,2499,2500,2500,2499,800,800,5,0,100,0,0,0,0,5,0,0,0,0,0,0,0,0,246569.8511352539,51605.17199707031,0,404327403520,8589930496,5948481536,114688
10,1791567461191,2499,2500,800,800,800,800,799,799,2500,2500,2499,2500,2500,2499,800,800,5,0,100,0,0,0,0,5,0,0,0,0,0,0,0,0,246570.0018310547,51605.50262451172,0,404327403520,8589930496,5948481536,114688
10,1791567461201,2499,2500,800,800,800,800,799,799,2500,2500,2499,2500,2500,2499,800,800,5,0,100,0,0,0,0,5,0,0,0,0,0,0,0,0,246570.17053222656,51605.82287597656,0,404327403520,8589930496,5948481536,114688
10,1791567461211,2499,2500,800,800,800,800,799,799,2500,2500,2499,2500,2500,2499,800,800,5,0,100,0,0,0,0,5,0,0,0,0,0,0,0,0,246570.3003540039,51606.14685058594,0,404327403520,8589930496,5948481536,114688
9,1791567461221,2499,2500,800,800,800,800,799,799,2500,2500,2499,2500,2500,2499,800,800,5,0,100,0,0,0,0,5,0,0,0,0,0,0,0,0,246570.46423339844,51606.499450683594,0,404327403520,8589930496,5948481536,114688
9,1791567461231,2499,2500,800,800,800,800,799,799,2500,2500,2499,2500,2500,2499,800,800,5,0,100,0,0,0,0,5,0,0,0,0,0,0,0,0,246570.6167602539,51606.82440185547,0,404327403520,8589930496,5948481536,114688
10,1791567461242,2499,2500,800,800,800,800,799,799,2500,2500,2499,2500,2500,2499,800,800,5,0,100,0,0,0,0,5,0,0,0,0,0,0,0,0,246570.76434326172,51607.14678955078,0,404327403520,8589930496,5948481536,114688
10,1791567461252,2499,2500,800,800,800,800,799,799,2500,2500,2499,2500,2500,2499,800,800,5,0,100,0,0,0,0,5,0,0,0,0,0,0,0,0,246570.9161376953,51607.46710205078,0,404327403520,8589930496,5948481536,114688
10,1791567461262,2499,2500,800,800,800,800,799,799,2500,2500,2499,2500,2500,2499,800,800,5,0,100,0,0,0,0,5,0,0,0,0,0,0,0,0,246571.0662841797,51607.789489746094,0,404327403520,8589930496,5948481536,114688
10,1791567461272,2499,2500,800,800,800,800,799,799,2500,2500,2499,2500,2500,2499,800,800,5,0,100,0,0,0,0,5,0,0,0,0,0,0,0,0,246571.22265625,51608.11462402344,0,404327403520,8589930496,5948481536,114688
9,1791567461282,2499,2500,800,800,800,800,799,799,2500,2500,2499,2500,2500,2499,800,800,5,0,100,0,0,0,0,5,0,0,0,0,0,0,0,0,246571.37957763672,51608.43048095703,0,404327403520,8589930496,5948481536,114688
10,1791567461292,2499,2500,800,800,800,800,799,799,2500,2500,2499,2500,2500,2499,800,800,5,0,100,0,0,0,0,5,0,0,0,0,0,0,0,0,246571.53283691406,51608.753662109375,0,404327403520,8589930496,5948481536,114688
10,1791567461302,2499,2500,800,800,800,800,799,799,2500,2500,2499,2500,2500,2499,800,800,0,0,95.23809814453125,0,9.523809432983398,0,0,5.263157844543457,0,0,0,0,0,0,0,0,246571.68853759766,51609.07580566406,0,404327403520,8589930496,5948481536,114688
10,1791567461312,2499,2500,800,800,800,800,799,799,2500,2500,2499,2500,2500,2499,800,800,0,0,95.23809814453125,0,9.523809432983398,0,0,5.263157844543457,0,0,0,0,0,0,0,0,246571.8441772461,51609.3984375,0,404327403520,8589930496,5948481536,114688
10,1791567461322,2499,2500,800,800,800,800,799,799,2500,2500,2499,2500,2500,2499,800,800,0,0,95.23809814453125,0,9.523809432983398,0,0,5.263157844543457,0,0,0,0,0,0,0,0,246571.99798583984,51609.726135253906,0,404327403520,8589930496,5948481536,114688
10,1791567461332,2499,2500,800,800,800,800,799,799,2500,2500,2499,2500,2500,2499,800,800,0,0,95.23809814453125,0,9.523809432983398,0,0,5.263157844543457,0,0,0,0,0,0,0,0,246572.15209960938,51610.051513671875,0,404327403520,8589930496,5948481536,114688
9,1791567461342,2499,2500,800,800,800,800,799,799,2500,2500,2499,2500,2500,2499,800,800,0,0,95.23809814453125,0,9.523809432983398,0,0,5.263157844543457,0,0,0,0,0,0,0,0,246572.30444335938,51610.37292480469,0,404327403520,8589930496,5948481536,114688
9,1791567461352,2499,2500,800,800,800,800,799,799,2500,2500,2499,2500,2500,2499,800,800,0,0,95.23809814453125,0,9.523809432983398,0,0,5.263157844543457,0,0,0,0,0,0,0,0,246572.4521484375,51610.69305419922,0,404327403520,8589930496,5948481536,114688
10,1791567461362,2499,2500,800,800,800,800,799,799,2500,2500,2499,2500,2500,2499,800,800,0,0,95.23809814453125,0,9.523809432983398,0,0,5.263157844543457,0,0,0,0,0,0,0,0,246572.60565185547,51611.014404296875,0,404327403520,8589930496,5948481536,114688
10,1791567461372,2499,2500,800,800,800,800,799,799,2500,2500,2499,2500,2500,2499,800,800,0,0,95.23809814453125,0,9.523809432983398,0,0,5.263157844543457,0,0,0,0,0,0,0,0,246572.7554321289,51611.33642578125,0,404327403520,8589930496,5948481536,114688
9,1791567461382,2499,2500,800,800,800,800,799,799,2500,2500,2499,2500,2500,2499,800,800,0,0,95.23809814453125,0,9.523809432983398,0,0,5.263157844543457,0,0,0,0,0,0,0,0,246572.90942382813,51611.66143798828,0,404327403520,8589930496,5948481536,114688
9,1791567461392,2499,2500,800,800,800,800,799,799,2500,2500,2499,2500,2500,2499,800,800,0,0,95.23809814453125,0,9.523809432983398,0,0,5.263157844543457,0,0,0,0,0,0,0,0,246573.0577392578,51611.982849121094,0,404327403520,8589930496,5948481536,114688
9,1791567461402,2499,2500,800,800,800,800,799,799,2500,2500,2499,2500,2500,2499,800,800,0,0,95.23809814453125,0,9.523809432983398,0,0,5.263157844543457,0,0,0,0,0,0,0,0,246573.21264648438,51612.30596923828,0,404327403520,8589930496,5948481536,114688
9,1791567461412,2499,2500,800,800,800,800,799,799,2500,2500,2499,2500,2500,2499,800,800,0,0,95.23809814453125,0,9.523809432983398,0,0,5.263157844543457,0,0,0,0,0,0,0,0,246573.37786865234,51612.659606933594,0,404327403520,8589930496,5948481536,114688
10,1791567461423,2499,2500,800,800,800,800,799,799,2500,2500,2499,2500,2500,2499,800,800,0,0,95.23809814453125,0,9.523809432983398,0,0,5.263157844543457,0,0,0,0,0,0,0,0,246573.5322265625,51612.98272705078,0,404327403520,8589930496,5948481536,114688
10,1791567461433,2499,2500,800,800,800,800,799,799,2500,2500,2499,2500,2500,2499,800,800,0,0,95.23809814453125,0,9.523809432983398,0,0,5.263157844543457,0,0,0,0,0,0,0,0,246573.68585205078,51613.302734375,0,404327403520,8589930496,5948481536,114688
10,1791567461443,2499,2500,800,800,800,800,799,799,2500,2500,2499,2500,2500,2499,800,800,0,0,95.23809814453125,0,9.523809432983398,0,0,5.263157844543457,0,0,0,0,0,0,0,0,246573.8369140625,51613.626708984375,0,404327403520,8589930496,5948481536,114688
9,1791567461453,2499,2500,800,800,800,800,799,799,2500,2500,2499,2500,2500,2499,800,800,0,0,95.23809814453125,0,9.523809432983398,0,0,5.263157844543457,0,0,0,0,0,0,0,0,246573.99084472656,51613.94812011719,0,404327403520,8589930496,5948481536,114688
10,1791567461463,2499,2500,800,800,800,800,799,799,2500,2500,2499,2500,2500,2499,800,800,0,0,95.23809814453125,0,9.523809432983398,0,0,5.263157844543457,0,0,0,0,0,0,0,0,246574.14483642578,51614.2666015625,0,404327403520,8589930496,5948481536,114688
10,1791567461473,2499,2500,800,800,800,800,799,799,2500,2500,2499,2500,2500,2499,800,800,0,0,95.23809814453125,0,9.523809432983398,0,0,5.263157844543457,0,0,0,0,0,0,0,0,246574.2969970703,51614.587890625,0,404327403520,8589930496,5948481536,114688
10,1791567461483,2499,2500,800,800,800,800,799,799,2500,2500,2499,2500,2500,2499,800,800,0,0,95.23809814453125,0,9.523809432983398,0,0,5.263157844543457,0,0,0,0,0,0,0,0,246574.4464111328,51614.91320800781,0,404327403520,8589930496,5948481536,114688
10,1791567461493,2499,2500,800,800,800,800,799,799,2500,2500,2499,2500,2500,2499,800,800,0,0,95.23809814453125,0,9.523809432983398,0,0,5.263157844543457,0,0,0,0,0,0,0,0,246574.59619140625,51615.23449707031,0,404327403520,8589930496,5948481536,114688
9,1791567461503,2499,2500,800,800,800,800,799,799,2500,2500,2499,2500,2500,2499,800,800,5,0,100,0,0,0,0,0,0,0,0,0,0,0,0,0,246574.73809814453,51615.55969238281,0,404327403520,8589930496,5948481536,114688
9,1791567461513,2499,2500,800,800,800,800,799,799,2500,2500,2499,2500,2500,2499,800,800,5,0,100,0,0,0,0,0,0,0,0,0,0,0,0,0,246574.88458251953,51615.890869140625,0,404327403520,8589930496,5948481536,114688
10,1791567461523,2499,2500,800,800,800,800,799,799,2500,2500,2499,2500,2500,2499,800,800,5,0,100,0,0,0,0,0,0,0,0,0,0,0,0,0,246575.0341796875,51616.21142578125,0,404327403520,8589930496,5948481536,114688
10,1791567461533,2499,2500,800,800,800,800,799,799,2500,2500,2499,2500,2500,2499,800,800,5,0,100,0,0,0,0,0,0,0,0,0,0,0,0,0,246575.19256591797,51616.531005859375,0,404327403520,8589930496,5948481536,114688
10,1791567461543,2499,2500,800,800,800,800,799,799,2500,2500,2499,2500,2500,2499,800,800,5,0,100,0,0,0,0,0,0,0,0,0,0,0,0,0,246575.3427734375,51616.853576660156,0,404327403520,8589930496,5948481536,114688
10,1791567461553,2499,2500,800,800,800,800,799,799,2500,2500,2499,2500,2500,2499,800,800,5,0,100,0,0,0,0,0,0,0,0,0,0,0,0,0,246575.49731445313,51617.1787109375,0,404327403520,8589930496,5948481536,114688
10,1791567461563,2499,2500,800,800,800,800,799,799,2500,2500,2499,2500,2500,2499,800,800,5,0,100,0,0,0,0,0,0,0,0,0,0,0,0,0,246575.64947509766,51617.49768066406,0,404327403520,8589930496,5947985920,114688
10,1791567461573,2499,2500,800,800,800,800,799,799,2500,2500,2499,2500,2500,2499,800,800,5,0,100,0,0,0,0,0,0,0,0,0,0,0,0,0,246575.79888916016,51617.81628417969,0,404327403520,8589930496,5947985920,114688
10,1791567461583,2499,2500,800,800,800,800,799,799,2500,2500,2499,2500,2500,2499,800,800,5,0,100,0,0,0,0,0,0,0,0,0,0,0,0,0,246575.95178222656,51618.13757324219,0,404327403520,8589930496,5947985920,114688
10,1791567461594,2499,2500,800,800,800,800,799,799,2500,2500,2499,2500,2500,2499,800,800,5,0,100,0,0,0,0,0,0,0,0,0,0,0,0,0,246576.10705566406,51618.46075439453,0,404327403520,8589930496,5947985920,114688
10,1791567461604,2499,2500,800,800,800,800,799,799,2500,2500,2499,2500,2500,2499,800,800,5,0,100,0,0,0,0,0,0,0,0,0,0,0,0,0,246576.26361083984,51618.7783203125,0,404327403520,8589930496,5947985920,114688
10,1791567461614,2499,2500,800,800,800,800,799,799,2500,2500,2499,2500,2500,2499,800,800,5,0,100,0,0,0,0,0,0,0,0,0,0,0,0,0,246576.41235351563,51619.102478027344,0,404327403520,8589930496,5947985920,114688
10,1791567461624,2499,2500,800,800,800,800,799,799,2500,2500,2499,2500,2500,2499,800,800,5,0,100,0,0,0,0,0,0,0,0,0,0,0,0,0,246576.56494140625,51619.42578125,0,404327403520,8589930496,5947985920,114688
10,1791567461634,2499,2500,800,800,800,800,799,799,2500,2500,2499,2500,2500,2499,800,800,5,0,100,0,0,0,0,0,0,0,0,0,0,0,0,0,246576.71575927734,51619.742736816406,0,404327403520,8589930496,5947985920,114688
9,1791567461644,2499,2500,800,800,800,800,799,799,2500,2500,2499,2500,2500,2499,800,800,5,0,100,0,0,0,0,0,0,0,0,0,0,0,0,0,246576.8721923828,51620.05847167969,0,404327403520,8589930496,5947985920,114688
10,1791567461654,2499,2500,800,800,800,800,799,799,2500,2500,2499,2500,2500,2499,800,800,5,0,100,0,0,0,0,0,0,0,0,0,0,0,0,0,246577.04248046875,51620.40753173828,0,404327403520,8589930496,5947985920,114688
10,1791567461664,2499,2500,800,800,800,800,799,799,2500,2500,2499,2500,2500,2499,800,800,5,0,100,0,0,0,0,0,0,0,0,0,0,0,0,0,246577.19592285156,51620.732177734375,0,404327403520,8589930496,5947985920,114688
10,1791567461674,2499,2500,800,800,800,800,799,799,2500,2500,2499,2500,2500,2499,800,800,5,0,100,0,0,0,0,0,0,0,0,0,0,0,0,0,246577.34899902344,51621.051208496094,0,404327403520,8589930496,5947985920,114688
9,1791567461684,2499,2500,800,800,800,800,799,799,2500,2500,2499,2500,2500,2499,800,800,5,0,100,0,0,0,0,0,0,0,0,0,0,0,0,0,246577.49639892578,51621.368896484375,0,404327403520,8589930496,5947985920,114688
10,1791567461694,2499,2500,800,800,800,800,799,799,2500,2500,2499,2500,2500,2499,800,800,5,0,100,0,0,0,0,0,0,0,0,0,0,0,0,0,246577.64947509766,51621.68524169922,0,404327403520,8589930496,5947985920,114688
10,1791567461704,2499,2500,800,800,800,800,799,799,2500,2500,2499,2500,2500,2499,800,800,0,0,25,0,0,75,0,5.263157844543457,0,0,0,0,0,0,0,0,246577.80102539063,51622.00762939453,0,404327403520,8589930496,5947985920,114688
10,1791567461714,2499,2500,800,800,800,800,799,799,2500,2500,2499,2500,2500,2499,800,800,0,0,25,0,0,75,0,5.263157844543457,0,0,0,0,0,0,0,0,246577.95043945313,51622.324951171875,0,404327403520,8589930496,5947985920,114688
10,1791567461724,2499,2500,800,800,800,800,799,799,2500,2500,2499,2500,2500,2499,800,800,0,0,25,0,0,75,0,5.263157844543457,0,0,0,0,0,0,0,0,246578.10443115234,51622.644775390625,0,404327403520,8589930496,5947985920,114688
10,1791567461734,2499,2500,800,800,800,800,799,799,2500,2500,2499,2500,2500,2499,800,800,0,0,25,0,0,75,0,5.263157844543457,0,0,0,0,0,0,0,0,246578.25848388672,51622.96875,0,404327403520,8589930496,5947985920,114688
10,1791567461744,2499,2500,800,800,800,800,799,799,2500,2500,2499,2500,2500,2499,800,800,0,0,25,0,0,75,0,5.263157844543457,0,0,0,0,0,0,0,0,246578.41540527344,51623.286376953125,0,404327403520,8589930496,5947985920,114688
10,1791567461754,2499,2500,800,800,800,800,799,799,2500,2500,2499,2500,2500,2499,800,800,0,0,25,0,0,75,0,5.263157844543457,0,0,0,0,0,0,0,0,246578.5697631836,51623.605712890625,0,404327403520,8589930496,5947985920,114688
10,1791567461765,2499,2500,800,800,800,800,799,799,2500,2500,2499,2500,2500,2499,800,800,0,0,25,0,0,75,0,5.263157844543457,0,0,0,0,0,0,0,0,246578.72302246094,51623.930419921875,0,404327403520,8589930496,5947985920,114688
10,1791567461775,2499,2500,800,800,800,800,799,799,2500,2500,2499,2500,2500,2499,800,800,0,0,25,0,0,75,0,5.263157844543457,0,0,0,0,0,0,0,0,246578.87774658203,51624.249755859375,0,404327403520,8589930496,5947985920,114688
10,1791567461785,2499,2500,800,800,800,800,799,799,2500,2500,2499,2500,2500,2499,800,800,0,0,25,0,0,75,0,5.263157844543457,0,0,0,0,0,0,0,0,246579.0321044922,51624.57257080078,0,404327403520,8589930496,5947985920,114688
10,1791567461795,2499,2500,800,800,800,800,799,799,2500,2500,2499,2500,2500,2499,800,800,0,0,25,0,0,75,0,5.263157844543457,0,0,0,0,0,0,0,0,246579.18481445313,51624.89245605469,0,404327403520,8589930496,5947985920,114688
10,1791567461805,2499,2500,800,800,800,800,799,799,2500,2500,2499,2500,2500,2499,800,800,0,0,25,0,0,75,0,5.263157844543457,0,0,0,0,0,0,0,0,246579.33624267578,51625.21710205078,0,404327403520,8589930496,5947985920,114688
10,1791567461815,2499,2500,800,800,800,800,799,799,2500,2500,2499,2500,2500,2499,800,800,0,0,25,0,0,75,0,5.263157844543457,0,0,0,0,0,0,0,0,246579.48791503906,51625.541442871094,0,404327403520,8589930496,5947985920,114688
10,1791567461825,2499,2500,800,800,800,800,799,799,2500,2500,2499,2500,2500,2499,800,800,0,0,25,0,0,75,0,5.263157844543457,0,0,0,0,0,0,0,0,246579.64196777344,51625.859619140625,0,404327403520,8589930496,5947985920,114688
9,1791567461835,2499,2500,800,800,800,800,799,799,2500,2500,2499,2500,2500,2499,800,800,0,0,25,0,0,75,0,5.263157844543457,0,0,0,0,0,0,0,0,246579.8062133789,51626.21325683594,0,404327403520,8589930496,5947985920,114688
10,1791567461845,2499,2500,800,800,800,800,799,799,2500,2500,2499,2500,2500,2499,800,800,0,0,25,0,0,75,0,5.263157844543457,0,0,0,0,0,0,0,0,246579.96185302734,51626.537353515625,0,404327403520,8589930496,5947985920,114688
9,1791567461855,2499,2500,800,800,800,800,799,799,2500,2500,2499,2500,2500,2499,800,800,0,0,25,0,0,75,0,5.263157844543457,0,0,0,0,0,0,0,0,246580.10888671875,51626.86199951172,0,404327403520,8589930496,5947985920,114688
10,1791567461865,2499,2500,800,800,800,800,799,799,2500,2500,2499,2500,2500,2499,800,800,0,0,25,0,0,75,0,5.263157844543457,0,0,0,0,0,0,0,0,246580.26110839844,51627.18298339844,0,404327403520,8589930496,5947985920,114688
9,1791567461875,2499,2500,800,800,800,800,799,799,2500,2500,2499,2500,2500,2499,800,800,0,0,25,0,0,75,0,5.263157844543457,0,0,0,0,0,0,0,0,246580.4141845703,51627.50518798828,0,404327403520,8589930496,5947985920,114688
10,1791567461885,2499,2500,800,800,800,800,799,799,2500,2500,2499,2500,2500,2499,800,800,0,0,25,0,0,75,0,5.263157844543457,0,0,0,0,0,0,0,0,246580.56762695313,51627.82873535156,0,404327403520,8589930496,5947985920,114688
9,1791567461895,2499,2500,800,800,800,800,799,799,2500,2500,2499,2500,2500,2499,800,800,0,0,25,0,0,75,0,5.263157844543457,0,0,0,0,0,0,0,0,246580.7196044922,51628.14764404297,0,404327403520,8589930496,5947985920,114688
10,1791567461905,2499,2500,800,800,800,800,799,799,2500,2500,2499,2500,2500,2499,800,800,5.263157844543457,5,0,0,0,100,0,0,0,0,0,0,0,0,0,0,246580.86810302734,51628.47216796875,0,404327403520,8589930496,5947985920,114688
10,1791567461915,2499,2500,800,800,800,800,799,799,2500,2500,2499,2500,2500,2499,800,800,5.263157844543457,5,0,0,0,100,0,0,0,0,0,0,0,0,0,0,246581.0177001953,51628.763732910156,0,404327403520,8589930496,5947985920,114688
10,1791567461925,2499,2500,800,800,800,800,799,799,2500,2500,2499,2500,2500,2499,800,800,5.263157844543457,5,0,0,0,100,0,0,0,0,0,0,0,0,0,0,246581.16436767578,51629.120849609375,0,404327403520,8589930496,5947985920,114688
10,1791567461936,2499,2500,800,800,800,800,799,799,2500,2500,2499,2500,2500,2499,800,800,5.263157844543457,5,0,0,0,100,0,0,0,0,0,0,0,0,0,0,246581.31616210938,51629.44403076172,0,404327403520,8589930496,5947985920,114688
9,1791567461946,2499,2500,800,800,800,800,799,799,2500,2500,2499,2500,2500,2499,800,800,5.263157844543457,5,0,0,0,100,0,0,0,0,0,0,0,0,0,0,246581.4659423828,51629.768310546875,0,404327403520,8589930496,5947985920,114688
10,1791567461956,2499,2500,800,800,800,800,799,799,2500,2500,2499,2500,2500,2499,800,800,5.263157844543457,5,0,0,0,100,0,0,0,0,0,0,0,0,0,0,246581.6118774414,51630.09014892578,0,404327403520,8589930496,5947985920,114688
10,1791567461966,2499,2500,800,800,800,800,799,799,2500,2500,2499,2500,2500,2499,800,800,5.263157844543457,5,0,0,0,100,0,0,0,0,0,0,0,0,0,0,246581.7631225586,51630.413146972656,0,404327403520,8589930496,5947985920,114688
10,1791567461976,2499,2500,800,800,800,800,799,799,2500,2500,2499,2500,2500,2499,800,800,5.263157844543457,5,0,0,0,100,0,0,0,0,0,0,0,0,0,0,246581.91693115234,51630.73840332031,0,404327403520,8589930496,5947985920,114688
10,1791567461986,2499,2500,800,800,800,800,799,799,2500,2500,2499,2500,2500,2499,800,800,5.263157844543457,5,0,0,0,100,0,0,0,0,0,0,0,0,0,0,246582.0694580078,51631.064025878906,0,404327403520,8589930496,5947985920,114688
10,1791567461996,2499,2500,800,800,800,800,799,799,2500,2500,2499,2500,2500,2499,800,800,5.263157844543457,5,0,0,0,100,0,0,0,0,0,0,0,0,0,0,246582.21905517578,51631.38702392578,0,404327403520,8589930496,5947985920,114688
10,1791567462006,2499,2500,800,800,800,800,799,799,2500,2500,2499,2500,2500,2499,800,800,5.263157844543457,5,0,0,0,100,0,0,0,0,0,0,0,0,0,0,246582.36993408203,51631.71240234375,0,404327403520,8589930496,5947985920,114688
9,1791567462016,2499,2500,800,800,800,800,799,799,2500,2500,2499,2500,2500,2499,800,800,5.263157844543457,5,0,0,0,100,0,0,0,0,0,0,0,0,0,0,246582.52319335938,51632.03338623047,0,404327403520,8589930496,5947985920,114688
10,1791567462026,2499,2500,800,800,800,800,799,799,2500,2500,2499,2500,2500,2499,800,800,5.263157844543457,5,0,0,0,100,0,0,0,0,0,0,0,0,0,0,246582.66857910156,51632.358337402344,0,404327403520,8589930496,5947985920,114688
10,1791567462036,2499,2500,800,800,800,800,799,799,2500,2500,2499,2500,2500,2499,800,800,5.263157844543457,5,0,0,0,100,0,0,0,0,0,0,0,0,0,0,246582.81964111328,51632.68115234375,0,404327403520,8589930496,5947985920,114688
10,1791567462046,2499,2500,800,800,800,800,799,799,2500,2500,2499,2500,2500,2499,800,800,5.263157844543457,5,0,0,0,100,0,0,0,0,0,0,0,0,0,0,246582.98175048828,51633.03967285156,0,404327403520,8589930496,5947985920,114688
10,1791567462056,2499,2500,800,800,800,800,799,799,2500,2500,2499,2500,2500,2499,800,800,5.263157844543457,5,0,0,0,100,0,0,0,0,0,0,0,0,0,0,246583.13153076172,51633.36083984375,0,404327403520,8589930496,5947985920,114688
10,1791567462066,2499,2500,800,800,800,800,799,799,2500,2500,2499,2500,2500,2499,800,800,5.263157844543457,5,0,0,0,100,0,0,0,0,0,0,0,0,0,0,246583.27947998047,51633.684814453125,0,404327403520,8589930496,5947985920,114688
10,1791567462076,2499,2500,800,800,800,800,799,799,2500,2500,2499,2500,2500,2499,800,800,5.263157844543457,5,0,0,0,100,0,0,0,0,0,0,0,0,0,0,246583.42944335938,51634.00842285156,0,404327403520,8589930496,5947985920,114688
10,1791567462086,2499,2500,800,800,800,800,799,799,2500,2500,2499,2500,2500,2499,800,800,5.263157844543457,5,0,0,0,100,0,0,0,0,0,0,0,0,0,0,246583.58367919922,51634.329833984375,0,404327403520,8589930496,5947985920,114688
10,1791567462096,2499,2500,800,800,800,800,799,799,2500,2500,2499,2500,2500,2499,800,800,5.263157844543457,5,0,0,0,100,0,0,0,0,0,0,0,0,0,0,246583.73455810547,51634.650329589844,0,404327403520,8589930496,5947985920,114688
10,1791567462107,2499,2500,800,800,800,800,799,799,2500,2500,2499,2500,2500,2499,800,800,5,0,0,0,0,100,0,0,0,0,0,0,0,0,0,0,246583.8826904297,51634.975524902344,0,404327403520,8589930496,5947985920,114688
10,1791567462117,2499,2500,800,800,800,800,799,799,2500,2500,2499,2500,2500,2499,800,800,5,0,0,0,0,100,0,0,0,0,0,0,0,0,0,0,246584.03875732422,51635.29803466797,0,404327403520,8589930496,5947985920,114688
10,1791567462127,2499,2500,800,800,800,800,799,799,2500,2500,2499,2500,2500,2499,800,800,5,0,0,0,0,100,0,0,0,0,0,0,0,0,0,0,246584.1889038086,51635.621154785156,0,404327403520,8589930496,5922676736,114688
10,1791567462137,2499,2500,800,800,800,800,799,799,2500,2500,2499,2500,2500,2499,800,800,5,0,0,0,0,100,0,0,0,0,0,0,0,0,0,0,246584.34014892578,51635.94122314453,0,404327403520,8589930496,5922676736,114688
10,1791567462147,2499,2500,800,800,800,800,799,799,2500,2500,2499,2500,2500,2499,800,800,5,0,0,0,0,100,0,0,0,0,0,0,0,0,0,0,246584.49047851563,51636.265869140625,0,404327403520,8589930496,5922676736,114688
9,1791567462157,2499,2500,800,800,800,800,799,799,2500,2500,2499,2500,2500,2499,800,800,5,0,0,0,0,100,0,0,0,0,0,0,0,0,0,0,246584.6417236328,51636.58740234375,0,404327403520,8589930496,5922676736,114688
10,1791567462167,2499,2500,800,800,800,800,799,799,2500,2500,2499,2500,2500,2499,800,800,5,0,0,0,0,100,0,0,0,0,0,0,0,0,0,0,246584.79498291016,51636.907653808594,0,404327403520,8589930496,5922676736,114688
10,1791567462177,2499,2500,800,800,800,800,799,799,2500,2500,2499,2500,2500,2499,800,800,5,0,0,0,0,100,0,0,0,0,0,0,0,0,0,0,246584.94860839844,51637.22998046875,0,404327403520,8589930496,5922676736,114688
10,1791567462187,2499,2500,800,800,800,800,799,799,2500,2500,2499,2500,2500,2499,800,800,5,0,0,0,0,100,0,0,0,0,0,0,0,0,0,0,246585.09912109375,51637.552307128906,0,404327403520,8589930496,5922676736,114688
10,1791567462197,2499,2500,800,800,800,800,799,799,2500,2500,2499,2500,2500,2499,800,800,5,0,0,0,0,100,0,0,0,0,0,0,0,0,0,0,246585.24908447266,51637.874572753906,0,404327403520,8589930496,5922676736,114688
9,1791567462207,2499,2500,800,800,800,800,799,799,2500,2500,2499,2500,2500,2499,800,800,5,0,0,0,0,100,0,0,0,0,0,0,0,0,0,0,246585.40258789063,51638.195861816406,0,404327403520,8589930496,5918216192,114688
9,1791567462217,2499,2500,800,800,800,800,799,799,2500,2500,2499,2500,2500,2499,800,800,5,0,0,0,0,100,0,0,0,0,0,0,0,0,0,0,246585.5538330078,51638.517639160156,0,404327403520,8589930496,5918216192,114688
10,1791567462227,2499,2500,800,800,800,800,799,799,2500,2500,2499,2500,2500,2499,800,800,5,0,0,0,0,100,0,0,0,0,0,0,0,0,0,0,246585.70306396484,51638.8427734375,0,404327403520,8589930496,5918216192,114688
10,1791567462237,2499,2500,800,800,800,800,799,799,2500,2500,2499,2500,2500,2499,800,800,5,0,0,0,0,100,0,0,0,0,0,0,0,0,0,0,246585.85919189453,51639.16320800781,0,404327403520,8589930496,5918216192,114688
10,1791567462247,2499,2500,800,800,800,800,799,799,2500,2500,2499,2500,2500,2499,800,800,5,0,0,0,0,100,0,0,0,0,0,0,0,0,0,0,246586.0194091797,51639.487060546875,0,404327403520,8589930496,5918216192,114688
10,1791567462257,2499,2500,800,800,800,800,799,799,2500,2500,2499,2500,2500,2499,800,800,5,0,0,0,0,100,0,0,0,0,0,0,0,0,0,0,246586.17010498047,51639.81164550781,0,404327403520,8589930496,5911277568,114688
10,1791567462267,2499,2500,800,800,800,800,799,799,2500,2500,2499,2500,2500,2499,800,800,5,0,0,0,0,100,0,0,0,0,0,0,0,0,0,0,246586.33526611328,51640.16296386719,0,404327403520,8589930496,5911277568,114688
10,1791567462277,2499,2500,800,800,800,800,799,799,2500,2500,2499,2500,2500,2499,800,800,5,0,0,0,0,100,0,0,0,0,0,0,0,0,0,0,246586.48486328125,51640.48645019531,0,404327403520,8589930496,5911277568,114688
10,1791567462288,2499,2500,800,800,800,800,799,799,2500,2500,2499,2500,2500,2499,800,800,5,0,0,0,0,100,0,0,0,0,0,0,0,0,0,0,246586.63513183594,51640.805114746094,0,404327403520,8589930496,5856264192,114688
10,1791567462298,2499,2500,800,800,800,800,799,799,2500,2500,2499,2500,2500,2499,800,800,5,0,0,0,0,100,0,0,0,0,0,0,0,0,0,0,246586.78686523438,51641.12756347656,0,404327403520,8589930496,5753176064,114688
9,1791567462308,2499,2500,800,800,800,800,799,799,2500,2500,2499,2500,2500,2499,800,800,9.523809432983398,0,0,0,9.090909004211426,100,0,0,0,0,0,0,0,0,0,0,246586.94067382813,51641.461975097656,0,404327403520,8589930496,5661380608,114688
0,1791567462318,2499,2500,800,800,800,800,799,799,2500,2500,2499,2500,2500,2499,800,800,9.523809432983398,0,0,0,9.090909004211426,100,0,0,0,0,0,0,0,0,0,0,246587.09802246094,51641.83203125,0,404327403520,8589930496,5661380608,114688
