Delta,Time,CPU_FREQUENCY_0,CPU_FREQUENCY_1,CPU_FREQUENCY_10,CPU_FREQUENCY_11,CPU_FREQUENCY_12,CPU_FREQUENCY_13,CPU_FREQUENCY_14,CPU_FREQUENCY_15,CPU_FREQUENCY_2,CPU_FREQUENCY_3,CPU_FREQUENCY_4,CPU_FREQUENCY_5,CPU_FREQUENCY_6,CPU_FREQUENCY_7,CPU_FREQUENCY_8,CPU_FREQUENCY_9,CPU_USAGE_0,CPU_USAGE_1,CPU_USAGE_10,CPU_USAGE_11,CPU_USAGE_12,CPU_USAGE_13,CPU_USAGE_14,CPU_USAGE_15,CPU_USAGE_2,CPU_USAGE_3,CPU_USAGE_4,CPU_USAGE_5,CPU_USAGE_6,CPU_USAGE_7,CPU_USAGE_8,CPU_USAGE_9,DRAM_ENERGY (J),PACKAGE_ENERGY (J),PP0_ENERGY (J),TOTAL_MEMORY,TOTAL_SWAP,USED_MEMORY,USED_SWAP
0,1791570586897,2500,2500,800,800,800,800,800,800,2500,2500,2500,2500,2500,2506,800,800,8,4.1666669845581055,0,7.692307949066162,0,0,0,4.34782600402832,4,4,4,4,4.1666669845581055,0,4,4,32262.506896972656,156851.3716430664,0,404327403520,8589930496,5242765312,114688
10,1791570586897,2500,2500,800,800,800,800,800,800,2500,2500,2500,2500,2500,2506,800,800,8,4.1666669845581055,0,7.692307949066162,0,0,0,4.34782600402832,4,4,4,4,4.1666669845581055,0,4,4,32262.506896972656,156851.3716430664,0,404327403520,8589930496,5242765312,114688
9,1791570586907,2500,2500,800,800,800,800,800,800,2500,2500,2500,2500,2500,2506,800,800,8,4.1666669845581055,0,7.692307949066162,0,0,0,4.34782600402832,4,4,4,4,4.1666669845581055,0,4,4,32262.66143798828,156851.74572753906,0,404327403520,8589930496,5242765312,114688
9,1791570586917,2500,2500,800,800,800,800,800,800,2500,2500,2500,2500,2500,2506,800,800,8,4.1666669845581055,0,7.692307949066162,0,0,0,4.34782600402832,4,4,4,4,4.1666669845581055,0,4,4,32262.8154296875,156852.12170410156,0,404327403520,8589930496,5242765312,114688
9,1791570586927,2500,2500,800,800,800,800,800,800,2500,2500,2500,2500,2500,2506,800,800,8,4.1666669845581055,0,7.692307949066162,0,0,0,4.34782600402832,4,4,4,4,4.1666669845581055,0,4,4,32262.968139648438,156852.49731445313,0,404327403520,8589930496,5242765312,114688
10,1791570586937,2500,2500,800,800,800,800,800,800,2500,2500,2500,2500,2500,2506,800,800,8,4.1666669845581055,0,7.692307949066162,0,0,0,4.34782600402832,4,4,4,4,4.1666669845581055,0,4,4,32263.117919921875,156852.8735961914,0,404327403520,8589930496,5242765312,114688
9,1791570586947,2500,2500,800,800,800,800,800,800,2500,2500,2500,2500,2500,2506,800,800,8,4.1666669845581055,0,7.692307949066162,0,0,0,4.34782600402832,4,4,4,4,4.1666669845581055,0,4,4,32263.270263671875,156853.2470703125,0,404327403520,8589930496,5242765312,114688
9,1791570586957,2500,2500,800,800,800,800,800,800,2500,2500,2500,2500,2500,2506,800,800,8,4.1666669845581055,0,7.692307949066162,0,0,0,4.34782600402832,4,4,4,4,4.1666669845581055,0,4,4,32263.44512939453,156853.66107177734,0,404327403520,8589930496,5242765312,114688
9,1791570586967,2500,2500,800,800,800,800,800,800,2500,2500,2500,2500,2500,2506,800,800,8,4.1666669845581055,0,7.692307949066162,0,0,0,4.34782600402832,4,4,4,4,4.1666669845581055,0,4,4,32263.60333251953,156854.0379638672,0,404327403520,8589930496,5242765312,114688
10,1791570586977,2500,2500,800,800,800,800,800,800,2500,2500,2500,2500,2500,2506,800,800,8,4.1666669845581055,0,7.692307949066162,0,0,0,4.34782600402832,4,4,4,4,4.1666669845581055,0,4,4,32263.746826171875,156854.3758544922,0,404327403520,8589930496,5242765312,114688
9,1791570586987,2500,2500,800,800,800,800,800,800,2500,2500,2500,2500,2500,2506,800,800,8,4.1666669845581055,0,7.692307949066162,0,0,0,4.34782600402832,4,4,4,4,4.1666669845581055,0,4,4,32263.91912841797,156854.79028320313,0,404327403520,8589930496,5242765312,114688
10,1791570586997,2500,2500,800,800,800,800,800,800,2500,2500,2500,2500,2500,2506,800,800,8,4.1666669845581055,0,7.692307949066162,0,0,0,4.34782600402832,4,4,4,4,4.1666669845581055,0,4,4,32264.074584960938,156855.1639404297,0,404327403520,8589930496,5242765312,114688
10,1791570587007,2500,2500,800,800,800,800,800,800,2500,2500,2500,2500,2500,2506,800,800,8,4.1666669845581055,0,7.692307949066162,0,0,0,4.34782600402832,4,4,4,4,4.1666669845581055,0,4,4,32264.224609375,156855.5390625,0,404327403520,8589930496,5243260928,114688
9,1791570587018,2500,2500,800,800,800,800,800,800,2500,2500,2500,2500,2500,2506,800,800,8,4.1666669845581055,0,7.692307949066162,0,0,0,4.34782600402832,4,4,4,4,4.1666669845581055,0,4,4,32264.375854492188,156855.916015625,0,404327403520,8589930496,5243260928,114688
9,1791570587028,2500,2500,800,800,800,800,800,800,2500,2500,2500,2500,2500,2506,800,800,8,4.1666669845581055,0,7.692307949066162,0,0,0,4.34782600402832,4,4,4,4,4.1666669845581055,0,4,4,32264.53076171875,156856.29077148438,0,404327403520,8589930496,5243260928,114688
9,1791570587038,2500,2500,800,800,800,800,800,800,2500,2500,2500,2500,2500,2506,800,800,8,4.1666669845581055,0,7.692307949066162,0,0,0,4.34782600402832,4,4,4,4,4.1666669845581055,0,4,4,32264.68426513672,156856.66632080078,0,404327403520,8589930496,5243260928,114688
10,1791570587048,2500,2500,800,800,800,800,800,800,2500,2500,2500,2500,2500,2506,800,800,8,4.1666669845581055,0,7.692307949066162,0,0,0,4.34782600402832,4,4,4,4,4.1666669845581055,0,4,4,32264.8349609375,156857.0428466797,0,404327403520,8589930496,5243260928,114688
9,1791570587058,2500,2500,800,800,800,800,800,800,2500,2500,2500,2500,2500,2506,800,800,8,4.1666669845581055,0,7.692307949066162,0,0,0,4.34782600402832,4,4,4,4,4.1666669845581055,0,4,4,32264.988037109375,156857.41583251953,0,404327403520,8589930496,5243260928,114688
9,1791570587068,2500,2500,800,800,800,800,800,800,2500,2500,2500,2500,2500,2506,800,800,8,4.1666669845581055,0,7.692307949066162,0,0,0,4.34782600402832,4,4,4,4,4.1666669845581055,0,4,4,32265.142456054688,156857.79180908203,0,404327403520,8589930496,5243260928,114688
9,1791570587078,2500,2500,800,800,800,800,800,800,2500,2500,2500,2500,2500,2506,800,800,8,4.1666669845581055,0,7.692307949066162,0,0,0,4.34782600402832,4,4,4,4,4.1666669845581055,0,4,4,32265.297729492188,156858.1674194336,0,404327403520,8589930496,5243260928,114688
9,1791570587088,2500,2500,800,800,800,800,800,800,2500,2500,2500,2500,2500,2506,800,800,8,4.1666669845581055,0,7.692307949066162,0,0,0,4.34782600402832,4,4,4,4,4.1666669845581055,0,4,4,32265.449096679688,156858.54205322266,0,404327403520,8589930496,5243260928,114688
10,1791570587098,2500,2500,800,800,800,800,800,800,2500,2500,2500,2500,2500,2506,800,800,25,10.526315689086914,0,0,0,5,0,5.263157844543457,5.263157844543457,55,0,0,0,0,0,0,32265.60546875,156858.91802978516,0,404327403520,8589930496,5243260928,114688
9,1791570587108,2500,2500,800,800,800,800,800,800,2500,2500,2500,2500,2500,2506,800,800,25,10.526315689086914,0,0,0,5,0,5.263157844543457,5.263157844543457,55,0,0,0,0,0,0,32265.76055908203,156859.29412841797,0,404327403520,8589930496,5243260928,114688
10,1791570587118,2500,2500,800,800,800,800,800,800,2500,2500,2500,2500,2500,2506,800,800,25,10.526315689086914,0,0,0,5,0,5.263157844543457,5.263157844543457,55,0,0,0,0,0,0,32265.91748046875,156859.65252685547,0,404327403520,8589930496,5236305920,114688
9,1791570587128,2500,2500,800,800,800,800,800,800,2500,2500,2500,2500,2500,2506,800,800,25,10.526315689086914,0,0,0,5,0,5.263157844543457,5.263157844543457,55,0,0,0,0,0,0,32266.066955566406,156859.9732055664,0,404327403520,8589930496,5236830208,114688
10,1791570587138,2500,2500,800,800,800,800,800,800,2500,2500,2500,2500,2500,2506,800,800,25,10.526315689086914,0,0,0,5,0,5.263157844543457,5.263157844543457,55,0,0,0,0,0,0,32266.235595703125,156860.31829833984,0,404327403520,8589930496,5250211840,114688
10,1791570587148,2500,2500,800,800,800,800,800,800,2500,2500,2500,2500,2500,2506,800,800,25,10.526315689086914,0,0,0,5,0,5.263157844543457,5.263157844543457,55,0,0,0,0,0,0,32266.386596679688,156860.62701416016,0,404327403520,8589930496,5261115392,114688
9,1791570587158,2500,2500,800,800,800,800,800,800,2500,2500,2500,2500,2500,2506,800,800,25,10.526315689086914,0,0,0,5,0,5.263157844543457,5.263157844543457,55,0,0,0,0,0,0,32266.536193847656,156860.94079589844,0,404327403520,8589930496,5277470720,114688
10,1791570587169,2500,2500,800,800,800,800,800,800,2500,2500,2500,2500,2500,2506,800,800,25,10.526315689086914,0,0,0,5,0,5.263157844543457,5.263157844543457,55,0,0,0,0,0,0,32266.690979003906,156861.25555419922,0,404327403520,8589930496,5294321664,114688
10,1791570587179,2500,2500,800,800,800,800,800,800,2500,2500,2500,2500,2500,2506,800,800,25,10.526315689086914,0,0,0,5,0,5.263157844543457,5.263157844543457,55,0,0,0,0,0,0,32266.849060058594,156861.5707397461,0,404327403520,8589930496,5304434688,114688
9,1791570587189,2500,2500,800,800,800,800,800,800,2500,2500,2500,2500,2500,2506,800,800,25,10.526315689086914,0,0,0,5,0,5.263157844543457,5.263157844543457,55,0,0,0,0,0,0,32267.002990722656,156861.8817138672,0,404327403520,8589930496,5318807552,114688
10,1791570587199,2500,2500,800,800,800,800,800,800,2500,2500,2500,2500,2500,2506,800,800,25,10.526315689086914,0,0,0,5,0,5.263157844543457,5.263157844543457,55,0,0,0,0,0,0,32267.151916503906,156862.19451904297,0,404327403520,8589930496,5335162880,114688
10,1791570587209,2500,2500,800,800,800,800,800,800,2500,2500,2500,2500,2500,2506,800,800,25,10.526315689086914,0,0,0,5,0,5.263157844543457,5.263157844543457,55,0,0,0,0,0,0,32267.30352783203,156862.50396728516,0,404327403520,8589930496,5351518208,114688
10,1791570587219,2500,2500,800,800,800,800,800,800,2500,2500,2500,2500,2500,2506,800,800,25,10.526315689086914,0,0,0,5,0,5.263157844543457,5.263157844543457,55,0,0,0,0,0,0,32267.452209472656,156862.81182861328,0,404327403520,8589930496,5351518208,114688
10,1791570587229,2500,2500,800,800,800,800,800,800,2500,2500,2500,2500,2500,2506,800,800,25,10.526315689086914,0,0,0,5,0,5.263157844543457,5.263157844543457,55,0,0,0,0,0,0,32267.59796142578,156863.12518310547,0,404327403520,8589930496,5351518208,114688
10,1791570587239,2500,2500,800,800,800,800,800,800,2500,2500,2500,2500,2500,2506,800,800,25,10.526315689086914,0,0,0,5,0,5.263157844543457,5.263157844543457,55,0,0,0,0,0,0,32267.74884033203,156863.4375,0,404327403520,8589930496,5351518208,114688
10,1791570587249,2500,2500,800,800,800,800,800,800,2500,2500,2500,2500,2500,2506,800,800,25,10.526315689086914,0,0,0,5,0,5.263157844543457,5.263157844543457,55,0,0,0,0,0,0,32267.8984375,156863.74725341797,0,404327403520,8589930496,5351518208,114688
9,1791570587259,2500,2500,800,800,800,800,800,800,2500,2500,2500,2500,2500,2506,800,800,25,10.526315689086914,0,0,0,5,0,5.263157844543457,5.263157844543457,55,0,0,0,0,0,0,32268.051513671875,156864.06378173828,0,404327403520,8589930496,5359943680,114688
10,1791570587269,2500,2500,800,800,800,800,800,800,2500,2500,2500,2500,2500,2506,800,800,25,10.526315689086914,0,0,0,5,0,5.263157844543457,5.263157844543457,55,0,0,0,0,0,0,32268.20587158203,156864.37091064453,0,404327403520,8589930496,5368369152,114688
10,1791570587279,2500,2500,800,800,800,800,800,800,2500,2500,2500,2500,2500,2506,800,800,25,10.526315689086914,0,0,0,5,0,5.263157844543457,5.263157844543457,55,0,0,0,0,0,0,32268.356384277344,156864.68865966797,0,404327403520,8589930496,5368369152,114688
10,1791570587289,2500,2500,800,800,800,800,800,800,2500,2500,2500,2500,2500,2506,800,800,25,10.526315689086914,0,0,0,5,0,5.263157844543457,5.263157844543457,55,0,0,0,0,0,0,32268.510498046875,156864.99981689453,0,404327403520,8589930496,5368369152,114688
10,1791570587299,2500,2500,800,800,800,800,800,800,2500,2500,2500,2500,2500,2506,800,800,5.263157844543457,5,5,5,5,0,0,5,0,0,0,0,0,0,94.73684692382813,0,32268.661010742188,156865.3154296875,0,404327403520,8589930496,5368369152,114688
10,1791570587309,2500,2500,800,800,800,800,800,800,2500,2500,2500,2500,2500,2506,800,800,5.263157844543457,5,5,5,5,0,0,5,0,0,0,0,0,0,94.73684692382813,0,32268.809143066406,156865.62890625,0,404327403520,8589930496,5368369152,114688
10,1791570587319,2500,2500,800,800,800,800,800,800,2500,2500,2500,2500,2500,2506,800,800,5.263157844543457,5,5,5,5,0,0,5,0,0,0,0,0,0,94.73684692382813,0,32268.955444335938,156865.94305419922,0,404327403520,8589930496,5368369152,114688
10,1791570587329,2500,2500,800,800,800,800,800,800,2500,2500,2500,2500,2500,2506,800,800,5.263157844543457,5,5,5,5,0,0,5,0,0,0,0,0,0,94.73684692382813,0,32269.107849121094,156866.24993896484,0,404327403520,8589930496,5368369152,114688
10,1791570587340,2500,2500,800,800,800,800,800,800,2500,2500,2500,2500,2500,2506,800,800,5.263157844543457,5,5,5,5,0,0,5,0,0,0,0,0,0,94.73684692382813,0,32269.255615234375,156866.5645751953,0,404327403520,8589930496,5368369152,114688
9,1791570587350,2500,2500,800,800,800,800,800,800,2500,2500,2500,2500,2500,2506,800,800,5.263157844543457,5,5,5,5,0,0,5,0,0,0,0,0,0,94.73684692382813,0,32269.422973632813,156866.87854003906,0,404327403520,8589930496,5368369152,114688
10,1791570587360,2500,2500,800,800,800,800,800,800,2500,2500,2500,2500,2500,2506,800,800,5.263157844543457,5,5,5,5,0,0,5,0,0,0,0,0,0,94.73684692382813,0,32269.5712890625,156867.22521972656,0,404327403520,8589930496,5368369152,114688
10,1791570587370,2500,2500,800,800,800,800,800,800,2500,2500,2500,2500,2500,2506,800,800,5.263157844543457,5,5,5,5,0,0,5,0,0,0,0,0,0,94.73684692382813,0,32269.72149658203,156867.50512695313,0,404327403520,8589930496,5368369152,114688
10,1791570587380,2500,2500,800,800,800,800,800,800,2500,2500,2500,2500,2500,2506,800,800,5.263157844543457,5,5,5,5,0,0,5,0,0,0,0,0,0,94.73684692382813,0,32269.871459960938,156867.85137939453,0,404327403520,8589930496,5368369152,114688
10,1791570587390,2500,2500,800,800,800,800,800,800,2500,2500,2500,2500,2500,2506,800,800,5.263157844543457,5,5,5,5,0,0,5,0,0,0,0,0,0,94.73684692382813,0,32270.019958496094,156868.16577148438,0,404327403520,8589930496,5368369152,114688
9,1791570587400,2500,2500,800,800,800,800,800,800,2500,2500,2500,2500,2500,2506,800,800,5.263157844543457,5,5,5,5,0,0,5,0,0,0,0,0,0,94.73684692382813,0,32270.166076660156,156868.47747802734,0,404327403520,8589930496,5368369152,114688
10,1791570587410,2500,2500,800,800,800,800,800,800,2500,2500,2500,2500,2500,2506,800,800,5.263157844543457,5,5,5,5,0,0,5,0,0,0,0,0,0,94.73684692382813,0,32270.311645507813,156868.7904663086,0,404327403520,8589930496,5368369152,114688
9,1791570587420,2500,2500,800,800,800,800,800,800,2500,2500,2500,2500,2500,2506,800,800,5.263157844543457,5,5,5,5,0,0,5,0,0,0,0,0,0,94.73684692382813,0,32270.455627441406,156869.10858154297,0,404327403520,8589930496,5368369152,114688
9,1791570587430,2500,2500,800,800,800,800,800,800,2500,2500,2500,2500,2500,2506,800,800,5.263157844543457,5,5,5,5,0,0,5,0,0,0,0,0,0,94.73684692382813,0,32270.60369873047,156869.4253540039,0,404327403520,8589930496,5376299008,114688
10,1791570587440,2500,2500,800,800,800,800,800,800,2500,2500,2500,2500,2500,2506,800,800,5.263157844543457,5,5,5,5,0,0,5,0,0,0,0,0,0,94.73684692382813,0,32270.75146484375,156869.74560546875,0,404327403520,8589930496,5376299008,114688
10,1791570587450,2500,2500,800,800,800,800,800,800,2500,2500,2500,2500,2500,2506,800,800,5.263157844543457,5,5,5,5,0,0,5,0,0,0,0,0,0,94.73684692382813,0,32270.900146484375,156870.04412841797,0,404327403520,8589930496,5376299008,114688
9,1791570587460,2500,2500,800,800,800,800,800,800,2500,2500,2500,2500,2500,2506,800,800,5.263157844543457,5,5,5,5,0,0,5,0,0,0,0,0,0,94.73684692382813,0,32271.049743652344,156870.35888671875,0,404327403520,8589930496,5376299008,114688
10,1791570587470,2500,2500,800,800,800,800,800,800,2500,2500,2500,2500,2500,2506,800,800,5.263157844543457,5,5,5,5,0,0,5,0,0,0,0,0,0,94.73684692382813,0,32271.198181152344,156870.68072509766,0,404327403520,8589930496,5376299008,114688
10,1791570587480,2500,2500,800,800,800,800,800,800,2500,2500,2500,2500,2500,2506,800,800,5.263157844543457,5,5,5,5,0,0,5,0,0,0,0,0,0,94.73684692382813,0,32271.350341796875,156870.99157714844,0,404327403520,8589930496,5376299008,114688
10,1791570587490,2500,2500,800,800,800,800,800,800,2500,2500,2500,2500,2500,2506,800,800,5.263157844543457,5,5,5,5,0,0,5,0,0,0,0,0,0,94.73684692382813,0,32271.495361328125,156871.3074951172,0,404327403520,8589930496,5376299008,114688
10,1791570587500,2500,2500,800,800,800,800,800,800,2500,2500,2500,2500,2500,2506,800,800,0,5,0,0,0,0,0,5.263157844543457,0,0,0,0,0,0,100,0,32271.642211914063,156871.62109375,0,404327403520,8589930496,5376299008,114688
10,1791570587511,2500,2500,800,800,800,800,800,800,2500,2500,2500,2500,2500,2506,800,800,0,5,0,0,0,0,0,5.263157844543457,0,0,0,0,0,0,100,0,32271.79248046875,156871.92553710938,0,404327403520,8589930496,5377290240,114688
10,1791570587521,2500,2500,800,800,800,800,800,800,2500,2500,2500,2500,2500,2506,800,800,0,5,0,0,0,0,0,5.263157844543457,0,0,0,0,0,0,100,0,32271.941345214844,156872.2431640625,0,404327403520,8589930496,5377290240,114688
9,1791570587531,2500,2500,800,800,800,800,800,800,2500,2500,2500,2500,2500,2506,800,800,0,5,0,0,0,0,0,5.263157844543457,0,0,0,0,0,0,100,0,32272.087890625,156872.55657958984,0,404327403520,8589930496,5381255168,114688
10,1791570587541,2500,2500,800,800,800,800,800,800,2500,2500,2500,2500,2500,2506,800,800,0,5,0,0,0,0,0,5.263157844543457,0,0,0,0,0,0,100,0,32272.240661621094,156872.8706665039,0,404327403520,8589930496,5381255168,114688
10,1791570587551,2500,2500,800,800,800,800,800,800,2500,2500,2500,2500,2500,2506,800,800,0,5,0,0,0,0,0,5.263157844543457,0,0,0,0,0,0,100,0,32272.39178466797,156873.18341064453,0,404327403520,8589930496,5381255168,114688
10,1791570587561,2500,2500,800,800,800,800,800,800,2500,2500,2500,2500,2500,2506,800,800,0,5,0,0,0,0,0,5.263157844543457,0,0,0,0,0,0,100,0,32272.543579101563,156873.49560546875,0,404327403520,8589930496,5381255168,114688
10,1791570587571,2500,2500,800,800,800,800,800,800,2500,2500,2500,2500,2500,2506,800,800,0,5,0,0,0,0,0,5.263157844543457,0,0,0,0,0,0,100,0,32272.693359375,156873.80401611328,0,404327403520,8589930496,5381255168,114688
10,1791570587581,2500,2500,800,800,800,800,800,800,2500,2500,2500,2500,2500,2506,800,800,0,5,0,0,0,0,0,5.263157844543457,0,0,0,0,0,0,100,0,32272.86053466797,156874.15032958984,0,404327403520,8589930496,5381255168,114688
10,1791570587591,2500,2500,800,800,800,800,800,800,2500,2500,2500,2500,2500,2506,800,800,0,5,0,0,0,0,0,5.263157844543457,0,0,0,0,0,0,100,0,32273.009216308594,156874.4652709961,0,404327403520,8589930496,5381255168,114688
9,1791570587601,2500,2500,800,800,800,800,800,800,2500,2500,2500,2500,2500,2506,800,800,0,5,0,0,0,0,0,5.263157844543457,0,0,0,0,0,0,100,0,32273.16064453125,156874.78100585938,0,404327403520,8589930496,5381255168,114688
10,1791570587611,2500,2500,800,800,800,800,800,800,2500,2500,2500,2500,2500,2506,800,800,0,5,0,0,0,0,0,5.263157844543457,0,0,0,0,0,0,100,0,32273.311157226563,156875.09643554688,0,404327403520,8589930496,5381255168,114688
10,1791570587621,2500,2500,800,800,800,800,800,800,2500,2500,2500,2500,2500,2506,800,800,0,5,0,0,0,0,0,5.263157844543457,0,0,0,0,0,0,100,0,32273.46502685547,156875.41510009766,0,404327403520,8589930496,5381255168,114688
10,1791570587631,2500,2500,800,800,800,800,800,800,2500,2500,2500,2500,2500,2506,800,800,0,5,0,0,0,0,0,5.263157844543457,0,0,0,0,0,0,100,0,32273.611694335938,156875.72973632813,0,404327403520,8589930496,5381255168,114688
10,1791570587641,2500,2500,800,800,800,800,800,800,2500,2500,2500,2500,2500,2506,800,800,0,5,0,0,0,0,0,5.263157844543457,0,0,0,0,0,0,100,0,32273.76202392578,156876.03741455078,0,404327403520,8589930496,5381255168,114688
10,1791570587651,2500,2500,800,800,800,800,800,800,2500,2500,2500,2500,2500,2506,800,800,0,5,0,0,0,0,0,5.263157844543457,0,0,0,0,0,0,100,0,32273.912658691406,156876.35375976563,0,404327403520,8589930496,5381255168,114688
10,1791570587661,2500,2500,800,800,800,800,800,800,2500,2500,2500,2500,2500,2506,800,800,0,5,0,0,0,0,0,5.263157844543457,0,0,0,0,0,0,100,0,32274.059143066406,156876.66772460938,0,404327403520,8589930496,5381255168,114688
10,1791570587671,2500,2500,800,800,800,800,800,800,2500,2500,2500,2500,2500,2506,800,800,0,5,0,0,0,0,0,5.263157844543457,0,0,0,0,0,0,100,0,32274.210388183594,156876.98291015625,0,404327403520,8589930496,5381255168,114688
10,1791570587682,2500,2500,800,800,800,800,800,800,2500,2500,2500,2500,2500,2506,800,800,0,5,0,0,0,0,0,5.263157844543457,0,0,0,0,0,0,100,0,32274.35760498047,156877.29608154297,0,404327403520,8589930496,5381255168,114688
10,1791570587692,2500,2500,800,800,800,800,800,800,2500,2500,2500,2500,2500,2506,800,800,0,5,0,0,0,0,0,5.263157844543457,0,0,0,0,0,0,100,0,32274.508666992188,156877.6085205078,0,404327403520,8589930496,5381255168,114688
10,1791570587702,2500,2500,800,800,800,800,800,800,2500,2500,2500,2500,2500,2506,800,800,0,0,0,0,0,0,0,5,0,0,0,0,0,0,100,0,32274.66229248047,156877.91632080078,0,404327403520,8589930496,5381255168,114688
9,1791570587712,2500,2500,800,800,800,800,800,800,2500,2500,2500,2500,2500,2506,800,800,0,0,0,0,0,0,0,5,0,0,0,0,0,0,100,0,32274.816833496094,156878.2289428711,0,404327403520,8589930496,5381255168,114688
10,1791570587722,2500,2500,800,800,800,800,800,800,2500,2500,2500,2500,2500,2506,800,800,0,0,0,0,0,0,0,5,0,0,0,0,0,0,100,0,32274.9638671875,156878.5400390625,0,404327403520,8589930496,5381255168,114688
10,1791570587732,2500,2500,800,800,800,800,800,800,2500,2500,2500,2500,2500,2506,800,800,0,0,0,0,0,0,0,5,0,0,0,0,0,0,100,0,32275.112182617188,156878.85357666016,0,404327403520,8589930496,5381255168,114688
10,1791570587742,2500,2500,800,800,800,800,800,800,2500,2500,2500,2500,2500,2506,800,800,0,0,0,0,0,0,0,5,0,0,0,0,0,0,100,0,32275.260803222656,156879.17095947266,0,404327403520,8589930496,5381255168,114688
10,1791570587752,2500,2500,800,800,800,800,800,800,2500,2500,2500,2500,2500,2506,800,800,0,0,0,0,0,0,0,5,0,0,0,0,0,0,100,0,32275.407653808594,156879.48315429688,0,404327403520,8589930496,5381255168,114688
10,1791570587762,2500,2500,800,800,800,800,800,800,2500,2500,2500,2500,2500,2506,800,800,0,0,0,0,0,0,0,5,0,0,0,0,0,0,100,0,32275.560180664063,156879.79315185547,0,404327403520,8589930496,5381255168,114688
10,1791570587772,2500,2500,800,800,800,800,800,800,2500,2500,2500,2500,2500,2506,800,800,0,0,0,0,0,0,0,5,0,0,0,0,0,0,100,0,32275.71270751953,156880.1075439453,0,404327403520,8589930496,5381255168,114688
9,1791570587782,2500,2500,800,800,800,800,800,800,2500,2500,2500,2500,2500,2506,800,800,0,0,0,0,0,0,0,5,0,0,0,0,0,0,100,0,32275.86785888672,156880.423828125,0,404327403520,8589930496,5381255168,114688
10,1791570587792,2500,2500,800,800,800,800,800,800,2500,2500,2500,2500,2500,2506,800,800,0,0,0,0,0,0,0,5,0,0,0,0,0,0,100,0,32276.02130126953,156880.73760986328,0,404327403520,8589930496,5381255168,114688
10,1791570587802,2500,2500,800,800,800,800,800,800,2500,2500,2500,2500,2500,2506,800,800,0,0,0,0,0,0,0,5,0,0,0,0,0,0,100,0,32276.189208984375,156881.0792236328,0,404327403520,8589930496,5381255168,114688
10,1791570587812,2500,2500,800,800,800,800,800,800,2500,2500,2500,2500,2500,2506,800,800,0,0,0,0,0,0,0,5,0,0,0,0,0,0,100,0,32276.332397460938,156881.39404296875,0,404327403520,8589930496,5381255168,114688
10,1791570587822,2500,2500,800,800,800,800,800,800,2500,2500,2500,2500,2500,2506,800,800,0,0,0,0,0,0,0,5,0,0,0,0,0,0,100,0,32276.49200439453,156881.70330810547,0,404327403520,8589930496,5381255168,114688
10,1791570587832,2500,2500,800,800,800,800,800,800,2500,2500,2500,2500,2500,2506,800,800,0,0,0,0,0,0,0,5,0,0,0,0,0,0,100,0,32276.641235351563,156882.01623535156,0,404327403520,8589930496,5381255168,114688
10,1791570587842,2500,2500,800,800,800,800,800,800,2500,2500,2500,2500,2500,2506,800,800,0,0,0,0,0,0,0,5,0,0,0,0,0,0,100,0,32276.791381835938,156882.32818603516,0,404327403520,8589930496,5381255168,114688
10,1791570587852,2500,2500,800,800,800,800,800,800,2500,2500,2500,2500,2500,2506,800,800,0,0,0,0,0,0,0,5,0,0,0,0,0,0,100,0,32276.94415283203,156882.63940429688,0,404327403520,8589930496,5381255168,114688
10,1791570587863,2500,2500,800,800,800,800,800,800,2500,2500,2500,2500,2500,2506,800,800,0,0,0,0,0,0,0,5,0,0,0,0,0,0,100,0,32277.097595214844,156882.94995117188,0,404327403520,8589930496,5381255168,114688
10,1791570587873,2500,2500,800,800,800,800,800,800,2500,2500,2500,2500,2500,2506,800,800,0,0,0,0,0,0,0,5,0,0,0,0,0,0,100,0,32277.245544433594,156883.25897216797,0,404327403520,8589930496,5381255168,114688
10,1791570587883,2500,2500,800,800,800,800,800,800,2500,2500,2500,2500,2500,2506,800,800,0,0,0,0,0,0,0,5,0,0,0,0,0,0,100,0,32277.399353027344,156883.56817626953,0,404327403520,8589930496,5381255168,114688
10,1791570587893,2500,2500,800,800,800,800,800,800,2500,2500,2500,2500,2500,2506,800,800,0,0,0,0,0,0,0,5,0,0,0,0,0,0,100,0,32277.548583984375,156883.87982177734,0,404327403520,8589930496,5381255168,114688
10,1791570587903,2500,2500,800,800,800,800,800,800,2500,2500,2500,2500,2500,2506,800,800,0,0,0,5,0,0,0,10,0,0,0,0,0,0,100,0,32277.7001953125,156884.19506835938,0,404327403520,8589930496,5381255168,114688
10,1791570587913,2500,2500,800,800,800,800,800,800,2500,2500,2500,2500,2500,2506,800,800,0,0,0,5,0,0,0,10,0,0,0,0,0,0,100,0,32277.851318359375,156884.50903320313,0,404327403520,8589930496,5381255168,114688
9,1791570587923,2500,2500,800,800,800,800,800,800,2500,2500,2500,2500,2500,2506,800,800,0,0,0,5,0,0,0,10,0,0,0,0,0,0,100,0,32278.002014160156,156884.81732177734,0,404327403520,8589930496,5381255168,114688
10,1791570587933,2500,2500,800,800,800,800,800,800,2500,2500,2500,2500,2500,2506,800,800,0,0,0,5,0,0,0,10,0,0,0,0,0,0,100,0,32278.152893066406,156885.12884521484,0,404327403520,8589930496,5381255168,114688
10,1791570587943,2500,2500,800,800,800,800,800,800,2500,2500,2500,2500,2500,2506,800,800,0,0,0,5,0,0,0,10,0,0,0,0,0,0,100,0,32278.29864501953,156885.44146728516,0,404327403520,8589930496,5381255168,114688
10,1791570587953,2500,2500,800,800,800,800,800,800,2500,2500,2500,2500,2500,2506,800,800,0,0,0,5,0,0,0,10,0,0,0,0,0,0,100,0,32278.448608398438,156885.75244140625,0,404327403520,8589930496,5381255168,114688
10,1791570587963,2500,2500,800,800,800,800,800,800,2500,2500,2500,2500,2500,2506,800,800,0,0,0,5,0,0,0,10,0,0,0,0,0,0,100,0,32278.595092773438,156886.06378173828,0,404327403520,8589930496,5381255168,114688
10,1791570587973,2500,2500,800,800,800,800,800,800,2500,2500,2500,2500,2500,2506,800,800,0,0,0,5,0,0,0,10,0,0,0,0,0,0,100,0,32278.746154785156,156886.3751220703,0,404327403520,8589930496,5381255168,114688
10,1791570587983,2500,2500,800,800,800,800,800,800,2500,2500,2500,2500,2500,2506,800,800,0,0,0,5,0,0,0,10,0,0,0,0,0,0,100,0,32278.897583007813,156886.6860961914,0,404327403520,8589930496,5381255168,114688
10,1791570587993,2500,2500,800,800,800,800,800,800,2500,2500,2500,2500,2500,2506,800,800,0,0,0,5,0,0,0,10,0,0,0,0,0,0,100,0,32279.04412841797,156886.99926757813,0,404327403520,8589930496,5381255168,114688
10,1791570588003,2500,2500,800,800,800,800,800,800,2500,2500,2500,2500,2500,2506,800,800,0,0,0,5,0,0,0,10,0,0,0,0,0,0,100,0,32279.191955566406,156887.30639648438,0,404327403520,8589930496,5381255168,114688
10,1791570588013,2500,2500,800,800,800,800,800,800,2500,2500,2500,2500,2500,2506,800,800,0,0,0,5,0,0,0,10,0,0,0,0,0,0,100,0,32279.349060058594,156887.6488647461,0,404327403520,8589930496,5381255168,114688
10,1791570588023,2500,2500,800,800,800,800,800,800,2500,2500,2500,2500,2500,2506,800,800,0,0,0,5,0,0,0,10,0,0,0,0,0,0,100,0,32279.494262695313,156887.95892333984,0,404327403520,8589930496,5381255168,114688
10,1791570588034,2500,2500,800,800,800,800,800,800,2500,2500,2500,2500,2500,2506,800,800,0,0,0,5,0,0,0,10,0,0,0,0,0,0,100,0,32279.64697265625,156888.2696533203,0,404327403520,8589930496,5381750784,114688
10,1791570588044,2500,2500,800,800,800,800,800,800,2500,2500,2500,2500,2500,2506,800,800,0,0,0,5,0,0,0,10,0,0,0,0,0,0,100,0,32279.79656982422,156888.5831298828,0,404327403520,8589930496,5384724480,114688
10,1791570588054,2500,2500,800,800,800,800,800,800,2500,2500,2500,2500,2500,2506,800,800,0,0,0,5,0,0,0,10,0,0,0,0,0,0,100,0,32279.944885253906,156888.89587402344,0,404327403520,8589930496,5389185024,114688
10,1791570588064,2500,2500,800,800,800,800,800,800,2500,2500,2500,2500,2500,2506,800,800,0,0,0,5,0,0,0,10,0,0,0,0,0,0,100,0,32280.094299316406,156889.20629882813,0,404327403520,8589930496,5389185024,114688
10,1791570588074,2500,2500,800,800,800,800,800,800,2500,2500,2500,2500,2500,2506,800,800,0,0,0,5,0,0,0,10,0,0,0,0,0,0,100,0,32280.246826171875,156889.51568603516,0,404327403520,8589930496,5381177344,114688
10,1791570588084,2500,2500,800,800,800,800,800,800,2500,2500,2500,2500,2500,2506,800,800,0,0,0,5,0,0,0,10,0,0,0,0,0,0,100,0,32280.3955078125,156889.82458496094,0,404327403520,8589930496,5389107200,114688
10,1791570588094,2500,2500,800,800,800,800,800,800,2500,2500,2500,2500,2500,2506,800,800,0,0,0,5,0,0,0,10,0,0,0,0,0,0,100,0,32280.544921875,156890.14251708984,0,404327403520,8589930496,5389107200,114688
10,1791570588104,2500,2500,800,800,800,800,800,800,2500,2500,2500,2500,2500,2506,800,800,0,0,0,0,0,0,0,9.523809432983398,9.523809432983398,0,0,0,0,5,100,0,32280.689208984375,156890.45672607422,0,404327403520,8589930496,5389107200,114688
9,1791570588114,2500,2500,800,800,800,800,800,800,2500,2500,2500,2500,2500,2506,800,800,0,0,0,0,0,0,0,9.523809432983398,9.523809432983398,0,0,0,0,5,100,0,32280.83612060547,156890.77465820313,0,404327403520,8589930496,5389107200,114688
10,1791570588124,2500,2500,800,800,800,800,800,800,2500,2500,2500,2500,2500,2506,800,800,0,0,0,0,0,0,0,9.523809432983398,9.523809432983398,0,0,0,0,5,100,0,32280.98797607422,156891.08618164063,0,404327403520,8589930496,5397532672,114688
10,1791570588134,2500,2500,800,800,800,800,800,800,2500,2500,2500,2500,2500,2506,800,800,0,0,0,0,0,0,0,9.523809432983398,9.523809432983398,0,0,0,0,5,100,0,32281.13983154297,156891.40087890625,0,404327403520,8589930496,5395234816,114688
10,1791570588144,2500,2500,800,800,800,800,800,800,2500,2500,2500,2500,2500,2506,800,800,0,0,0,0,0,0,0,9.523809432983398,9.523809432983398,0,0,0,0,5,100,0,32281.292907714844,156891.7080078125,0,404327403520,8589930496,5379371008,114688
10,1791570588154,2500,2500,800,800,800,800,800,800,2500,2500,2500,2500,2500,2506,800,800,0,0,0,0,0,0,0,9.523809432983398,9.523809432983398,0,0,0,0,5,100,0,32281.442138671875,156891.99114990234,0,404327403520,8589930496,5379371008,114688
10,1791570588164,2500,2500,800,800,800,800,800,800,2500,2500,2500,2500,2500,2506,800,800,0,0,0,0,0,0,0,9.523809432983398,9.523809432983398,0,0,0,0,5,100,0,32281.587951660156,156892.3388671875,0,404327403520,8589930496,5387300864,114688
10,1791570588174,2500,2500,800,800,800,800,800,800,2500,2500,2500,2500,2500,2506,800,800,0,0,0,0,0,0,0,9.523809432983398,9.523809432983398,0,0,0,0,5,100,0,32281.744079589844,156892.65466308594,0,404327403520,8589930496,5387300864,114688
10,1791570588184,2500,2500,800,800,800,800,800,800,2500,2500,2500,2500,2500,2506,800,800,0,0,0,0,0,0,0,9.523809432983398,9.523809432983398,0,0,0,0,5,100,0,32281.891723632813,156892.96905517578,0,404327403520,8589930496,5387300864,114688
10,1791570588194,2500,2500,800,800,800,800,800,800,2500,2500,2500,2500,2500,2506,800,800,0,0,0,0,0,0,0,9.523809432983398,9.523809432983398,0,0,0,0,5,100,0,32282.04168701172,156893.2891845703,0,404327403520,8589930496,5387300864,114688
10,1791570588205,2500,2500,800,800,800,800,800,800,2500,2500,2500,2500,2500,2506,800,800,0,0,0,0,0,0,0,9.523809432983398,9.523809432983398,0,0,0,0,5,100,0,32282.20721435547,156893.6312866211,0,404327403520,8589930496,5387300864,114688
10,1791570588215,2500,2500,800,800,800,800,800,800,2500,2500,2500,2500,2500,2506,800,800,0,0,0,0,0,0,0,9.523809432983398,9.523809432983398,0,0,0,0,5,100,0,32282.35498046875,156893.93774414063,0,404327403520,8589930496,5395726336,114688
10,1791570588225,2500,2500,800,800,800,800,800,800,2500,2500,2500,2500,2500,2506,800,800,0,0,0,0,0,0,0,9.523809432983398,9.523809432983398,0,0,0,0,5,100,0,32282.500061035156,156894.2479248047,0,404327403520,8589930496,5395726336,114688
10,1791570588235,2500,2500,800,800,800,800,800,800,2500,2500,2500,2500,2500,2506,800,800,0,0,0,0,0,0,0,9.523809432983398,9.523809432983398,0,0,0,0,5,100,0,32282.646545410156,156894.55444335938,0,404327403520,8589930496,5395726336,114688
10,1791570588245,2500,2500,800,800,800,800,800,800,2500,2500,2500,2500,2500,2506,800,800,0,0,0,0,0,0,0,9.523809432983398,9.523809432983398,0,0,0,0,5,100,0,32282.79559326172,156894.873046875,0,404327403520,8589930496,5395726336,114688
10,1791570588255,2500,2500,800,800,800,800,800,800,2500,2500,2500,2500,2500,2506,800,800,0,0,0,0,0,0,0,9.523809432983398,9.523809432983398,0,0,0,0,5,100,0,32282.94677734375,156895.18774414063,0,404327403520,8589930496,5403656192,114688
10,1791570588265,2500,2500,800,800,800,800,800,800,2500,2500,2500,2500,2500,2506,800,800,0,0,0,0,0,0,0,9.523809432983398,9.523809432983398,0,0,0,0,5,100,0,32283.095336914063,156895.50030517578,0,404327403520,8589930496,5403656192,114688
10,1791570588275,2500,2500,800,800,800,800,800,800,2500,2500,2500,2500,2500,2506,800,800,0,0,0,0,0,0,0,9.523809432983398,9.523809432983398,0,0,0,0,5,100,0,32283.24639892578,156895.81286621094,0,404327403520,8589930496,5403656192,114688
10,1791570588285,2500,2500,800,800,800,800,800,800,2500,2500,2500,2500,2500,2506,800,800,0,0,0,0,0,0,0,9.523809432983398,9.523809432983398,0,0,0,0,5,100,0,32283.39453125,156896.12310791016,0,404327403520,8589930496,5403656192,114688
9,1791570588295,2500,2500,800,800,800,800,800,800,2500,2500,2500,2500,2500,2506,800,800,0,0,0,0,0,0,0,9.523809432983398,9.523809432983398,0,0,0,0,5,100,0,32283.543212890625,156896.4393310547,0,404327403520,8589930496,5403656192,114688
10,1791570588305,2500,2500,800,800,800,800,800,800,2500,2500,2500,2500,2500,2506,800,800,5,0,0,4.761904716491699,0,0,0,5.263157844543457,0,5,0,0,0,0,100,0,32283.692810058594,156896.75622558594,0,404327403520,8589930496,5412081664,114688
10,1791570588315,2500,2500,800,800,800,800,800,800,2500,2500,2500,2500,2500,2506,800,800,5,0,0,4.761904716491699,0,0,0,5.263157844543457,0,5,0,0,0,0,100,0,32283.838012695313,156897.07415771484,0,404327403520,8589930496,5412081664,114688
9,1791570588325,2500,2500,800,800,800,800,800,800,2500,2500,2500,2500,2500,2506,800,800,5,0,0,4.761904716491699,0,0,0,5.263157844543457,0,5,0,0,0,0,100,0,32283.985595703125,156897.39331054688,0,404327403520,8589930496,5412081664,114688
10,1791570588335,2500,2500,800,800,800,800,800,800,2500,2500,2500,2500,2500,2506,800,800,5,0,0,4.761904716491699,0,0,0,5.263157844543457,0,5,0,0,0,0,100,0,32284.134826660156,156897.71014404297,0,404327403520,8589930496,5412081664,114688
10,1791570588345,2500,2500,800,800,800,800,800,800,2500,2500,2500,2500,2500,2506,800,800,5,0,0,4.761904716491699,0,0,0,5.263157844543457,0,5,0,0,0,0,100,0,32284.287170410156,156898.0194091797,0,404327403520,8589930496,5420507136,114688
10,1791570588355,2500,2500,800,800,800,800,800,800,2500,2500,2500,2500,2500,2506,800,800,5,0,0,4.761904716491699,0,0,0,5.263157844543457,0,5,0,0,0,0,100,0,32284.441528320313,156898.35180664063,0,404327403520,8589930496,5420507136,114688
9,1791570588365,2500,2500,800,800,800,800,800,800,2500,2500,2500,2500,2500,2506,800,800,5,0,0,4.761904716491699,0,0,0,5.263157844543457,0,5,0,0,0,0,100,0,32284.591918945313,156898.66485595703,0,404327403520,8589930496,5420507136,114688
10,1791570588376,2500,2500,800,800,800,800,800,800,2500,2500,2500,2500,2500,2506,800,800,5,0,0,4.761904716491699,0,0,0,5.263157844543457,0,5,0,0,0,0,100,0,32284.744079589844,156898.97747802734,0,404327403520,8589930496,5420507136,114688
10,1791570588386,2500,2500,800,800,800,800,800,800,2500,2500,2500,2500,2500,2506,800,800,5,0,0,4.761904716491699,0,0,0,5.263157844543457,0,5,0,0,0,0,100,0,32284.89697265625,156899.2930908203,0,404327403520,8589930496,5428436992,114688
10,1791570588396,2500,2500,800,800,800,800,800,800,2500,2500,2500,2500,2500,2506,800,800,5,0,0,4.761904716491699,0,0,0,5.263157844543457,0,5,0,0,0,0,100,0,32285.045471191406,156899.61492919922,0,404327403520,8589930496,5428436992,114688
10,1791570588406,2500,2500,800,800,800,800,800,800,2500,2500,2500,2500,2500,2506,800,800,5,0,0,4.761904716491699,0,0,0,5.263157844543457,0,5,0,0,0,0,100,0,32285.2119140625,156899.96588134766,0,404327403520,8589930496,5428436992,114688
10,1791570588416,2500,2500,800,800,800,800,800,800,2500,2500,2500,2500,2500,2506,800,800,5,0,0,4.761904716491699,0,0,0,5.263157844543457,0,5,0,0,0,0,100,0,32285.35858154297,156900.2455444336,0,404327403520,8589930496,5428436992,114688
10,1791570588426,2500,2500,800,800,800,800,800,800,2500,2500,2500,2500,2500,2506,800,800,5,0,0,4.761904716491699,0,0,0,5.263157844543457,0,5,0,0,0,0,100,0,32285.510375976563,156900.59259033203,0,404327403520,8589930496,5428436992,114688
10,1791570588436,2500,2500,800,800,800,800,800,800,2500,2500,2500,2500,2500,2506,800,800,5,0,0,4.761904716491699,0,0,0,5.263157844543457,0,5,0,0,0,0,100,0,32285.659545898438,156900.9086303711,0,404327403520,8589930496,5436862464,114688
10,1791570588446,2500,2500,800,800,800,800,800,800,2500,2500,2500,2500,2500,2506,800,800,5,0,0,4.761904716491699,0,0,0,5.263157844543457,0,5,0,0,0,0,100,0,32285.807678222656,156901.2274169922,0,404327403520,8589930496,5436862464,114688
10,1791570588456,2500,2500,800,800,800,800,800,800,2500,2500,2500,2500,2500,2506,800,800,5,0,0,4.761904716491699,0,0,0,5.263157844543457,0,5,0,0,0,0,100,0,32285.95916748047,156901.54541015625,0,404327403520,8589930496,5436862464,114688
9,1791570588466,2500,2500,800,800,800,800,800,800,2500,2500,2500,2500,2500,2506,800,800,5,0,0,4.761904716491699,0,0,0,5.263157844543457,0,5,0,0,0,0,100,0,32286.109802246094,156901.85369873047,0,404327403520,8589930496,5436862464,114688
10,1791570588476,2500,2500,800,800,800,800,800,800,2500,2500,2500,2500,2500,2506,800,800,5,0,0,4.761904716491699,0,0,0,5.263157844543457,0,5,0,0,0,0,100,0,32286.26104736328,156902.16760253906,0,404327403520,8589930496,5445287936,114688
10,1791570588486,2500,2500,800,800,800,800,800,800,2500,2500,2500,2500,2500,2506,800,800,5,0,0,4.761904716491699,0,0,0,5.263157844543457,0,5,0,0,0,0,100,0,32286.41192626953,156902.49041748047,0,404327403520,8589930496,5445287936,114688
10,1791570588496,2500,2500,800,800,800,800,800,800,2500,2500,2500,2500,2500,2506,800,800,5,0,0,4.761904716491699,0,0,0,5.263157844543457,0,5,0,0,0,0,100,0,32286.560607910156,156902.8052368164,0,404327403520,8589930496,5445287936,114688
10,1791570588506,2500,2500,800,800,800,800,800,800,2500,2500,2500,2500,2500,2506,800,800,0,0,0,0,0,4.761904716491699,0,5,0,0,0,0,0,0,100,0,32286.711303710938,156903.1245727539,0,404327403520,8589930496,5445287936,114688
10,1791570588516,2500,2500,800,800,800,800,800,800,2500,2500,2500,2500,2500,2506,800,800,0,0,0,0,0,4.761904716491699,0,5,0,0,0,0,0,0,100,0,32286.861083984375,156903.43688964844,0,404327403520,8589930496,5445287936,114688
10,1791570588526,2500,2500,800,800,800,800,800,800,2500,2500,2500,2500,2500,2506,800,800,0,0,0,0,0,4.761904716491699,0,5,0,0,0,0,0,0,100,0,32287.012145996094,156903.75067138672,0,404327403520,8589930496,5453217792,114688
10,1791570588536,2500,2500,800,800,800,800,800,800,2500,2500,2500,2500,2500,2506,800,800,0,0,0,0,0,4.761904716491699,0,5,0,0,0,0,0,0,100,0,32287.162475585938,156904.07080078125,0,404327403520,8589930496,5453217792,114688
10,1791570588547,2500,2500,800,800,800,800,800,800,2500,2500,2500,2500,2500,2506,800,800,0,0,0,0,0,4.761904716491699,0,5,0,0,0,0,0,0,100,0,32287.315185546875,156904.3779296875,0,404327403520,8589930496,5453217792,114688
10,1791570588557,2500,2500,800,800,800,800,800,800,2500,2500,2500,2500,2500,2506,800,800,0,0,0,0,0,4.761904716491699,0,5,0,0,0,0,0,0,100,0,32287.463012695313,156904.69427490234,0,404327403520,8589930496,5453217792,114688
10,1791570588567,2500,2500,800,800,800,800,800,800,2500,2500,2500,2500,2500,2506,800,800,0,0,0,0,0,4.761904716491699,0,5,0,0,0,0,0,0,100,0,32287.615173339844,156905.00390625,0,404327403520,8589930496,5461643264,114688
10,1791570588577,2500,2500,800,800,800,800,800,800,2500,2500,2500,2500,2500,2506,800,800,0,0,0,0,0,4.761904716491699,0,5,0,0,0,0,0,0,100,0,32287.76788330078,156905.31732177734,0,404327403520,8589930496,5461643264,114688
10,1791570588587,2500,2500,800,800,800,800,800,800,2500,2500,2500,2500,2500,2506,800,800,0,0,0,0,0,4.761904716491699,0,5,0,0,0,0,0,0,100,0,32287.92041015625,156905.6336669922,0,404327403520,8589930496,5461643264,114688
10,1791570588597,2500,2500,800,800,800,800,800,800,2500,2500,2500,2500,2500,2506,800,800,0,0,0,0,0,4.761904716491699,0,5,0,0,0,0,0,0,100,0,32288.07403564453,156905.94970703125,0,404327403520,8589930496,5461643264,114688
10,1791570588607,2500,2500,800,800,800,800,800,800,2500,2500,2500,2500,2500,2506,800,800,0,0,0,0,0,4.761904716491699,0,5,0,0,0,0,0,0,100,0,32288.223266601563,156906.26013183594,0,404327403520,8589930496,5461643264,114688
10,1791570588617,2500,2500,800,800,800,800,800,800,2500,2500,2500,2500,2500,2506,800,800,0,0,0,0,0,4.761904716491699,0,5,0,0,0,0,0,0,100,0,32288.39288330078,156906.60876464844,0,404327403520,8589930496,5470068736,114688
10,1791570588627,2500,2500,800,800,800,800,800,800,2500,2500,2500,2500,2500,2506,800,800,0,0,0,0,0,4.761904716491699,0,5,0,0,0,0,0,0,100,0,32288.544067382813,156906.92541503906,0,404327403520,8589930496,5470068736,114688
9,1791570588637,2500,2500,800,800,800,800,800,800,2500,2500,2500,2500,2500,2506,800,800,0,0,0,0,0,4.761904716491699,0,5,0,0,0,0,0,0,100,0,32288.69842529297,156907.24096679688,0,404327403520,8589930496,5470068736,114688
9,1791570588647,2500,2500,800,800,800,800,800,800,2500,2500,2500,2500,2500,2506,800,800,0,0,0,0,0,4.761904716491699,0,5,0,0,0,0,0,0,100,0,32288.85479736328,156907.56427001953,0,404327403520,8589930496,5470068736,114688
10,1791570588657,2500,2500,800,800,800,800,800,800,2500,2500,2500,2500,2500,2506,800,800,0,0,0,0,0,4.761904716491699,0,5,0,0,0,0,0,0,100,0,32289.00457763672,156907.88500976563,0,404327403520,8589930496,5477998592,114688
10,1791570588667,2500,2500,800,800,800,800,800,800,2500,2500,2500,2500,2500,2506,800,800,0,0,0,0,0,4.761904716491699,0,5,0,0,0,0,0,0,100,0,32289.15460205078,156908.2025756836,0,404327403520,8589930496,5477998592,114688
10,1791570588677,2500,2500,800,800,800,800,800,800,2500,2500,2500,2500,2500,2506,800,800,0,0,0,0,0,4.761904716491699,0,5,0,0,0,0,0,0,100,0,32289.305114746094,156908.5189819336,0,404327403520,8589930496,5477998592,114688
10,1791570588687,2500,2500,800,800,800,800,800,800,2500,2500,2500,2500,2500,2506,800,800,0,0,0,0,0,4.761904716491699,0,5,0,0,0,0,0,0,100,0,32289.456298828125,156908.82983398438,0,404327403520,8589930496,5477998592,114688
9,1791570588698,2500,2500,800,800,800,800,800,800,2500,2500,2500,2500,2500,2506,800,800,0,0,0,0,0,4.761904716491699,0,5,0,0,0,0,0,0,100,0,32289.61083984375,156909.14001464844,0,404327403520,8589930496,5486424064,114688
9,1791570588708,2500,2500,800,800,800,800,800,800,2500,2500,2500,2500,2500,2506,800,800,0,0,0,5,0,0,0,5.263157844543457,0,0,0,0,0,0,100,0,32289.76123046875,156909.46032714844,0,404327403520,8589930496,5486424064,114688
9,1791570588718,2500,2500,800,800,800,800,800,800,2500,2500,2500,2500,2500,2506,800,800,0,0,0,5,0,0,0,5.263157844543457,0,0,0,0,0,0,100,0,32289.913208007813,156909.77935791016,0,404327403520,8589930496,5486424064,114688
9,1791570588728,2500,2500,800,800,800,800,800,800,2500,2500,2500,2500,2500,2506,800,800,0,0,0,5,0,0,0,5.263157844543457,0,0,0,0,0,0,100,0,32290.06427001953,156910.09283447266,0,404327403520,8589930496,5486424064,114688
9,1791570588738,2500,2500,800,800,800,800,800,800,2500,2500,2500,2500,2500,2506,800,800,0,0,0,5,0,0,0,5.263157844543457,0,0,0,0,0,0,100,0,32290.213317871094,156910.41094970703,0,404327403520,8589930496,5486424064,114688
9,1791570588748,2500,2500,800,800,800,800,800,800,2500,2500,2500,2500,2500,2506,800,800,0,0,0,5,0,0,0,5.263157844543457,0,0,0,0,0,0,100,0,32290.361267089844,156910.73010253906,0,404327403520,8589930496,5494849536,114688
9,1791570588758,2500,2500,800,800,800,800,800,800,2500,2500,2500,2500,2500,2506,800,800,0,0,0,5,0,0,0,5.263157844543457,0,0,0,0,0,0,100,0,32290.508666992188,156911.0428466797,0,404327403520,8589930496,5494849536,114688
9,1791570588768,2500,2500,800,800,800,800,800,800,2500,2500,2500,2500,2500,2506,800,800,0,0,0,5,0,0,0,5.263157844543457,0,0,0,0,0,0,100,0,32290.67742919922,156911.388671875,0,404327403520,8589930496,5494849536,114688
10,1791570588778,2500,2500,800,800,800,800,800,800,2500,2500,2500,2500,2500,2506,800,800,0,0,0,5,0,0,0,5.263157844543457,0,0,0,0,0,0,100,0,32290.815673828125,156911.67254638672,0,404327403520,8589930496,5494849536,114688
9,1791570588788,2500,2500,800,800,800,800,800,800,2500,2500,2500,2500,2500,2506,800,800,0,0,0,5,0,0,0,5.263157844543457,0,0,0,0,0,0,100,0,32290.984497070313,156912.02618408203,0,404327403520,8589930496,5502779392,114688
9,1791570588798,2500,2500,800,800,800,800,800,800,2500,2500,2500,2500,2500,2506,800,800,0,0,0,5,0,0,0,5.263157844543457,0,0,0,0,0,0,100,0,32291.13494873047,156912.34375,0,404327403520,8589930496,5502779392,114688
9,1791570588808,2500,2500,800,800,800,800,800,800,2500,2500,2500,2500,2500,2506,800,800,0,0,0,5,0,0,0,5.263157844543457,0,0,0,0,0,0,100,0,32291.281982421875,156912.66180419922,0,404327403520,8589930496,5502779392,114688
10,1791570588818,2500,2500,800,800,800,800,800,800,2500,2500,2500,2500,2500,2506,800,800,0,0,0,5,0,0,0,5.263157844543457,0,0,0,0,0,0,100,0,32291.431579589844,156912.9780883789,0,404327403520,8589930496,5502779392,114688
9,1791570588828,2500,2500,800,800,800,800,800,800,2500,2500,2500,2500,2500,2506,800,800,0,0,0,5,0,0,0,5.263157844543457,0,0,0,0,0,0,100,0,32291.578979492188,156913.2969970703,0,404327403520,8589930496,5502779392,114688
10,1791570588838,2500,2500,800,800,800,800,800,800,2500,2500,2500,2500,2500,2506,800,800,0,0,0,5,0,0,0,5.263157844543457,0,0,0,0,0,0,100,0,32291.72674560547,156913.61267089844,0,404327403520,8589930496,5511204864,114688
9,1791570588849,2500,2500,800,800,800,800,800,800,2500,2500,2500,2500,2500,2506,800,800,0,0,0,5,0,0,0,5.263157844543457,0,0,0,0,0,0,100,0,32291.872497558594,156913.9346923828,0,404327403520,8589930496,5511204864,114688
10,1791570588859,2500,2500,800,800,800,800,800,800,2500,2500,2500,2500,2500,2506,800,800,0,0,0,5,0,0,0,5.263157844543457,0,0,0,0,0,0,100,0,32292.020629882813,156914.25537109375,0,404327403520,8589930496,5511204864,114688
10,1791570588869,2500,2500,800,800,800,800,800,800,2500,2500,2500,2500,2500,2506,800,800,0,0,0,5,0,0,0,5.263157844543457,0,0,0,0,0,0,100,0,32292.164916992188,156914.5757446289,0,404327403520,8589930496,5511204864,114688
9,1791570588879,2500,2500,800,800,800,800,800,800,2500,2500,2500,2500,2500,2506,800,800,0,0,0,5,0,0,0,5.263157844543457,0,0,0,0,0,0,100,0,32292.314208984375,156914.89251708984,0,404327403520,8589930496,5519630336,114688
9,1791570588889,2500,2500,800,800,800,800,800,800,2500,2500,2500,2500,2500,2506,800,800,0,0,0,5,0,0,0,5.263157844543457,0,0,0,0,0,0,100,0,32292.46160888672,156915.2144165039,0,404327403520,8589930496,5519630336,114688
9,1791570588899,2500,2500,800,800,800,800,800,800,2500,2500,2500,2500,2500,2506,800,800,0,0,0,5,0,0,0,5.263157844543457,0,0,0,0,0,0,100,0,32292.606811523438,156915.5274658203,0,404327403520,8589930496,5519630336,114688
9,1791570588909,2500,2500,800,800,800,800,800,800,2500,2500,2500,2500,2500,2506,800,800,10,0,0,0,0,0,0,5,0,0,0,0,0,0,100,0,32292.749450683594,156915.84838867188,0,404327403520,8589930496,5519630336,114688
9,1791570588919,2500,2500,800,800,800,800,800,800,2500,2500,2500,2500,2500,2506,800,800,10,0,0,0,0,0,0,5,0,0,0,0,0,0,100,0,32292.892822265625,156916.16955566406,0,404327403520,8589930496,5527560192,114688
10,1791570588929,2500,2500,800,800,800,800,800,800,2500,2500,2500,2500,2500,2506,800,800,10,0,0,0,0,0,0,5,0,0,0,0,0,0,100,0,32293.046447753906,156916.49041748047,0,404327403520,8589930496,5527560192,114688
9,1791570588939,2500,2500,800,800,800,800,800,800,2500,2500,2500,2500,2500,2506,800,800,10,0,0,0,0,0,0,5,0,0,0,0,0,0,100,0,32293.211791992188,156916.83813476563,0,404327403520,8589930496,5527560192,114688
10,1791570588949,2500,2500,800,800,800,800,800,800,2500,2500,2500,2500,2500,2506,800,800,10,0,0,0,0,0,0,5,0,0,0,0,0,0,100,0,32293.34600830078,156917.12536621094,0,404327403520,8589930496,5527560192,114688
10,1791570588959,2500,2500,800,800,800,800,800,800,2500,2500,2500,2500,2500,2506,800,800,10,0,0,0,0,0,0,5,0,0,0,0,0,0,100,0,32293.497314453125,156917.44512939453,0,404327403520,8589930496,5527560192,114688
9,1791570588969,2500,2500,800,800,800,800,800,800,2500,2500,2500,2500,2500,2506,800,800,10,0,0,0,0,0,0,5,0,0,0,0,0,0,100,0,32293.661743164063,156917.7960205078,0,404327403520,8589930496,5535985664,114688
9,1791570588980,2500,2500,800,800,800,800,800,800,2500,2500,2500,2500,2500,2506,800,800,10,0,0,0,0,0,0,5,0,0,0,0,0,0,100,0,32293.811767578125,156918.1148071289,0,404327403520,8589930496,5535985664,114688
9,1791570588990,2500,2500,800,800,800,800,800,800,2500,2500,2500,2500,2500,2506,800,800,10,0,0,0,0,0,0,5,0,0,0,0,0,0,100,0,32293.95880126953,156918.43115234375,0,404327403520,8589930496,5535985664,114688
10,1791570589000,2500,2500,800,800,800,800,800,800,2500,2500,2500,2500,2500,2506,800,800,10,0,0,0,0,0,0,5,0,0,0,0,0,0,100,0,32294.11151123047,156918.74322509766,0,404327403520,8589930496,5535985664,114688
9,1791570589010,2500,2500,800,800,800,800,800,800,2500,2500,2500,2500,2500,2506,800,800,10,0,0,0,0,0,0,5,0,0,0,0,0,0,100,0,32294.260375976563,156919.05908203125,0,404327403520,8589930496,5544411136,114688
9,1791570589020,2500,2500,800,800,800,800,800,800,2500,2500,2500,2500,2500,2506,800,800,10,0,0,0,0,0,0,5,0,0,0,0,0,0,100,0,32294.40869140625,156919.37567138672,0,404327403520,8589930496,5544411136,114688
10,1791570589030,2500,2500,800,800,800,800,800,800,2500,2500,2500,2500,2500,2506,800,800,10,0,0,0,0,0,0,5,0,0,0,0,0,0,100,0,32294.559204101563,156919.68615722656,0,404327403520,8589930496,5544411136,114688
9,1791570589040,2500,2500,800,800,800,800,800,800,2500,2500,2500,2500,2500,2506,800,800,10,0,0,0,0,0,0,5,0,0,0,0,0,0,100,0,32294.710998535156,156920.01007080078,0,404327403520,8589930496,5544411136,114688
9,1791570589050,2500,2500,800,800,800,800,800,800,2500,2500,2500,2500,2500,2506,800,800,10,0,0,0,0,0,0,5,0,0,0,0,0,0,100,0,32294.86407470703,156920.3270263672,0,404327403520,8589930496,5544411136,114688
9,1791570589060,2500,2500,800,800,800,800,800,800,2500,2500,2500,2500,2500,2506,800,800,10,0,0,0,0,0,0,5,0,0,0,0,0,0,100,0,32295.014221191406,156920.64093017578,0,404327403520,8589930496,5552340992,114688
9,1791570589070,2500,2500,800,800,800,800,800,800,2500,2500,2500,2500,2500,2506,800,800,10,0,0,0,0,0,0,5,0,0,0,0,0,0,100,0,32295.151123046875,156920.95672607422,0,404327403520,8589930496,5552340992,114688
9,1791570589080,2500,2500,800,800,800,800,800,800,2500,2500,2500,2500,2500,2506,800,800,10,0,0,0,0,0,0,5,0,0,0,0,0,0,100,0,32295.29852294922,156921.27508544922,0,404327403520,8589930496,5552340992,114688
10,1791570589090,2500,2500,800,800,800,800,800,800,2500,2500,2500,2500,2500,2506,800,800,10,0,0,0,0,0,0,5,0,0,0,0,0,0,100,0,32295.447021484375,156921.59014892578,0,404327403520,8589930496,5552340992,114688
9,1791570589100,2500,2500,800,800,800,800,800,800,2500,2500,2500,2500,2500,2506,800,800,10,0,0,0,0,0,0,5,0,0,0,0,0,0,100,0,32295.59686279297,156921.9053955078,0,404327403520,8589930496,5543936000,114688
10,1791570589110,2500,2500,800,800,800,800,800,800,2500,2500,2500,2500,2500,2506,800,800,0,0,0,0,0,0,0,9.523809432983398,0,0,0,0,0,0,100,0,32295.749938964844,156922.22052001953,0,404327403520,8589930496,5543936000,114688
9,1791570589121,2500,2500,800,800,800,800,800,800,2500,2500,2500,2500,2500,2506,800,800,0,0,0,0,0,0,0,9.523809432983398,0,0,0,0,0,0,100,0,32295.899353027344,156922.56842041016,0,404327403520,8589930496,5543936000,114688
9,1791570589131,2500,2500,800,800,800,800,800,800,2500,2500,2500,2500,2500,2506,800,800,0,0,0,0,0,0,0,9.523809432983398,0,0,0,0,0,0,100,0,32296.065979003906,156922.8848876953,0,404327403520,8589930496,5543936000,114688
9,1791570589141,2500,2500,800,800,800,800,800,800,2500,2500,2500,2500,2500,2506,800,800,0,0,0,0,0,0,0,9.523809432983398,0,0,0,0,0,0,100,0,32296.217041015625,156923.20043945313,0,404327403520,8589930496,5543936000,114688
9,1791570589151,2500,2500,800,800,800,800,800,800,2500,2500,2500,2500,2500,2506,800,800,0,0,0,0,0,0,0,9.523809432983398,0,0,0,0,0,0,100,0,32296.363159179688,156923.5177001953,0,404327403520,8589930496,5552361472,114688
9,1791570589161,2500,2500,800,800,800,800,800,800,2500,2500,2500,2500,2500,2506,800,800,0,0,0,0,0,0,0,9.523809432983398,0,0,0,0,0,0,100,0,32296.515686035156,156923.82904052734,0,404327403520,8589930496,5552361472,114688
9,1791570589171,2500,2500,800,800,800,800,800,800,2500,2500,2500,2500,2500,2506,800,800,0,0,0,0,0,0,0,9.523809432983398,0,0,0,0,0,0,100,0,32296.663452148438,156924.14318847656,0,404327403520,8589930496,5552361472,114688
9,1791570589181,2500,2500,800,800,800,800,800,800,2500,2500,2500,2500,2500,2506,800,800,0,0,0,0,0,0,0,9.523809432983398,0,0,0,0,0,0,100,0,32296.8125,156924.4580078125,0,404327403520,8589930496,5552361472,114688
9,1791570589191,2500,2500,800,800,800,800,800,800,2500,2500,2500,2500,2500,2506,800,800,0,0,0,0,0,0,0,9.523809432983398,0,0,0,0,0,0,100,0,32296.955505371094,156924.77282714844,0,404327403520,8589930496,5552361472,114688
9,1791570589201,2500,2500,800,800,800,800,800,800,2500,2500,2500,2500,2500,2506,800,800,0,0,0,0,0,0,0,9.523809432983398,0,0,0,0,0,0,100,0,32297.10546875,156925.08947753906,0,404327403520,8589930496,5560291328,114688
9,1791570589211,2500,2500,800,800,800,800,800,800,2500,2500,2500,2500,2500,2506,800,800,0,0,0,0,0,0,0,9.523809432983398,0,0,0,0,0,0,100,0,32297.25421142578,156925.40509033203,0,404327403520,8589930496,5560291328,114688
10,1791570589221,2500,2500,800,800,800,800,800,800,2500,2500,2500,2500,2500,2506,800,800,0,0,0,0,0,0,0,9.523809432983398,0,0,0,0,0,0,100,0,32297.40869140625,156925.71936035156,0,404327403520,8589930496,5560291328,114688
9,1791570589231,2500,2500,800,800,800,800,800,800,2500,2500,2500,2500,2500,2506,800,800,0,0,0,0,0,0,0,9.523809432983398,0,0,0,0,0,0,100,0,32297.555725097656,156926.0376586914,0,404327403520,8589930496,5560291328,114688
9,1791570589241,2500,2500,800,800,800,800,800,800,2500,2500,2500,2500,2500,2506,800,800,0,0,0,0,0,0,0,9.523809432983398,0,0,0,0,0,0,100,0,32297.70037841797,156926.34912109375,0,404327403520,8589930496,5568716800,114688
10,1791570589251,2500,2500,800,800,800,800,800,800,2500,2500,2500,2500,2500,2506,800,800,0,0,0,0,0,0,0,9.523809432983398,0,0,0,0,0,0,100,0,32297.851989746094,156926.66632080078,0,404327403520,8589930496,5568716800,114688
9,1791570589262,2500,2500,800,800,800,800,800,800,2500,2500,2500,2500,2500,2506,800,800,0,0,0,0,0,0,0,9.523809432983398,0,0,0,0,0,0,100,0,32298.00634765625,156926.98205566406,0,404327403520,8589930496,5568716800,114688
10,1791570589271,2500,2500,800,800,800,800,800,800,2500,2500,2500,2500,2500,2506,800,800,0,0,0,0,0,0,0,9.523809432983398,0,0,0,0,0,0,100,0,32298.15997314453,156927.30151367188,0,404327403520,8589930496,5568716800,114688
9,1791570589282,2500,2500,800,800,800,800,800,800,2500,2500,2500,2500,2500,2506,800,800,0,0,0,0,0,0,0,9.523809432983398,0,0,0,0,0,0,100,0,32298.320373535156,156927.6483154297,0,404327403520,8589930496,5577142272,114688
10,1791570589292,2500,2500,800,800,800,800,800,800,2500,2500,2500,2500,2500,2506,800,800,0,0,0,0,0,0,0,9.523809432983398,0,0,0,0,0,0,100,0,32298.45770263672,156927.92742919922,0,404327403520,8589930496,5577142272,114688
9,1791570589302,2500,2500,800,800,800,800,800,800,2500,2500,2500,2500,2500,2506,800,800,0,0,0,0,0,0,0,9.523809432983398,0,0,0,0,0,0,100,0,32298.622924804688,156928.2774658203,0,404327403520,8589930496,5577142272,114688
9,1791570589312,2500,2500,800,800,800,800,800,800,2500,2500,2500,2500,2500,2506,800,800,5.263157844543457,0,4.761904716491699,0,0,0,0,5.263157844543457,0,0,5,5,0,0,100,0,32298.774536132813,156928.59350585938,0,404327403520,8589930496,5577142272,114688
9,1791570589322,2500,2500,800,800,800,800,800,800,2500,2500,2500,2500,2500,2506,800,800,5.263157844543457,0,4.761904716491699,0,0,0,0,5.263157844543457,0,0,5,5,0,0,100,0,32298.926696777344,156928.90942382813,0,404327403520,8589930496,5577142272,114688
9,1791570589332,2500,2500,800,800,800,800,800,800,2500,2500,2500,2500,2500,2506,800,800,5.263157844543457,0,4.761904716491699,0,0,0,0,5.263157844543457,0,0,5,5,0,0,100,0,32299.08367919922,156929.22467041016,0,404327403520,8589930496,5585072128,114688
9,1791570589342,2500,2500,800,800,800,800,800,800,2500,2500,2500,2500,2500,2506,800,800,5.263157844543457,0,4.761904716491699,0,0,0,0,5.263157844543457,0,0,5,5,0,0,100,0,32299.238403320313,156929.53955078125,0,404327403520,8589930496,5585072128,114688
9,1791570589352,2500,2500,800,800,800,800,800,800,2500,2500,2500,2500,2500,2506,800,800,5.263157844543457,0,4.761904716491699,0,0,0,0,5.263157844543457,0,0,5,5,0,0,100,0,32299.394409179688,156929.86297607422,0,404327403520,8589930496,5585072128,114688
10,1791570589362,2500,2500,800,800,800,800,800,800,2500,2500,2500,2500,2500,2506,800,800,5.263157844543457,0,4.761904716491699,0,0,0,0,5.263157844543457,0,0,5,5,0,0,100,0,32299.554443359375,156930.17584228516,0,404327403520,8589930496,5585072128,114688
9,1791570589372,2500,2500,800,800,800,800,800,800,2500,2500,2500,2500,2500,2506,800,800,5.263157844543457,0,4.761904716491699,0,0,0,0,5.263157844543457,0,0,5,5,0,0,100,0,32299.71209716797,156930.49322509766,0,404327403520,8589930496,5593497600,114688
10,1791570589382,2500,2500,800,800,800,800,800,800,2500,2500,2500,2500,2500,2506,800,800,5.263157844543457,0,4.761904716491699,0,0,0,0,5.263157844543457,0,0,5,5,0,0,100,0,32299.867919921875,156930.80963134766,0,404327403520,8589930496,5593497600,114688
10,1791570589392,2500,2500,800,800,800,800,800,800,2500,2500,2500,2500,2500,2506,800,800,5.263157844543457,0,4.761904716491699,0,0,0,0,5.263157844543457,0,0,5,5,0,0,100,0,32300.017517089844,156931.12548828125,0,404327403520,8589930496,5593497600,114688
9,1791570589402,2500,2500,800,800,800,800,800,800,2500,2500,2500,2500,2500,2506,800,800,5.263157844543457,0,4.761904716491699,0,0,0,0,5.263157844543457,0,0,5,5,0,0,100,0,32300.162353515625,156931.44848632813,0,404327403520,8589930496,5593497600,114688
9,1791570589413,2500,2500,800,800,800,800,800,800,2500,2500,2500,2500,2500,2506,800,800,5.263157844543457,0,4.761904716491699,0,0,0,0,5.263157844543457,0,0,5,5,0,0,100,0,32300.313232421875,156931.76123046875,0,404327403520,8589930496,5593497600,114688
9,1791570589423,2500,2500,800,800,800,800,800,800,2500,2500,2500,2500,2500,2506,800,800,5.263157844543457,0,4.761904716491699,0,0,0,0,5.263157844543457,0,0,5,5,0,0,100,0,32300.467651367188,156932.08044433594,0,404327403520,8589930496,5601923072,114688
10,1791570589433,2500,2500,800,800,800,800,800,800,2500,2500,2500,2500,2500,2506,800,800,5.263157844543457,0,4.761904716491699,0,0,0,0,5.263157844543457,0,0,5,5,0,0,100,0,32300.620727539063,156932.38739013672,0,404327403520,8589930496,5601923072,114688
9,1791570589443,2500,2500,800,800,800,800,800,800,2500,2500,2500,2500,2500,2506,800,800,5.263157844543457,0,4.761904716491699,0,0,0,0,5.263157844543457,0,0,5,5,0,0,100,0,32300.772888183594,156932.7103881836,0,404327403520,8589930496,5601923072,114688
9,1791570589453,2500,2500,800,800,800,800,800,800,2500,2500,2500,2500,2500,2506,800,800,5.263157844543457,0,4.761904716491699,0,0,0,0,5.263157844543457,0,0,5,5,0,0,100,0,32300.92431640625,156933.02630615234,0,404327403520,8589930496,5601923072,114688
9,1791570589463,2500,2500,800,800,800,800,800,800,2500,2500,2500,2500,2500,2506,800,800,5.263157844543457,0,4.761904716491699,0,0,0,0,5.263157844543457,0,0,5,5,0,0,100,0,32301.078491210938,156933.3402709961,0,404327403520,8589930496,5609852928,114688
9,1791570589473,2500,2500,800,800,800,800,800,800,2500,2500,2500,2500,2500,2506,800,800,5.263157844543457,0,4.761904716491699,0,0,0,0,5.263157844543457,0,0,5,5,0,0,100,0,32301.24365234375,156933.68157958984,0,404327403520,8589930496,5609852928,114688
10,1791570589483,2500,2500,800,800,800,800,800,800,2500,2500,2500,2500,2500,2506,800,800,5.263157844543457,0,4.761904716491699,0,0,0,0,5.263157844543457,0,0,5,5,0,0,100,0,32301.377868652344,156933.97198486328,0,404327403520,8589930496,5609852928,114688
9,1791570589493,2500,2500,800,800,800,800,800,800,2500,2500,2500,2500,2500,2506,800,800,5.263157844543457,0,4.761904716491699,0,0,0,0,5.263157844543457,0,0,5,5,0,0,100,0,32301.543029785156,156934.31811523438,0,404327403520,8589930496,5609852928,114688
9,1791570589503,2500,2500,800,800,800,800,800,800,2500,2500,2500,2500,2500,2506,800,800,5.263157844543457,0,4.761904716491699,0,0,0,0,5.263157844543457,0,0,5,5,0,0,100,0,32301.694458007813,156934.62725830078,0,404327403520,8589930496,5618278400,114688
9,1791570589513,2500,2500,800,800,800,800,800,800,2500,2500,2500,2500,2500,2506,800,800,5,5,0,0,0,0,0,5,0,0,0,0,5,0,100,0,32301.846618652344,156934.94775390625,0,404327403520,8589930496,5618278400,114688
10,1791570589523,2500,2500,800,800,800,800,800,800,2500,2500,2500,2500,2500,2506,800,800,5,5,0,0,0,0,0,5,0,0,0,0,5,0,100,0,32302.002075195313,156935.26245117188,0,404327403520,8589930496,5618278400,114688
10,1791570589533,2500,2500,800,800,800,800,800,800,2500,2500,2500,2500,2500,2506,800,800,5,5,0,0,0,0,0,5,0,0,0,0,5,0,100,0,32302.15802001953,156935.5825805664,0,404327403520,8589930496,5618278400,114688
9,1791570589543,2500,2500,800,800,800,800,800,800,2500,2500,2500,2500,2500,2506,800,800,5,5,0,0,0,0,0,5,0,0,0,0,5,0,100,0,32302.312561035156,156935.896484375,0,404327403520,8589930496,5618278400,114688
9,1791570589554,2500,2500,800,800,800,800,800,800,2500,2500,2500,2500,2500,2506,800,800,5,5,0,0,0,0,0,5,0,0,0,0,5,0,100,0,32302.46856689453,156936.21649169922,0,404327403520,8589930496,5626703872,114688
9,1791570589564,2500,2500,800,800,800,800,800,800,2500,2500,2500,2500,2500,2506,800,800,5,5,0,0,0,0,0,5,0,0,0,0,5,0,100,0,32302.627380371094,156936.5238647461,0,404327403520,8589930496,5626703872,114688
10,1791570589574,2500,2500,800,800,800,800,800,800,2500,2500,2500,2500,2500,2506,800,800,5,5,0,0,0,0,0,5,0,0,0,0,5,0,100,0,32302.779541015625,156936.83709716797,0,404327403520,8589930496,5626703872,114688
9,1791570589584,2500,2500,800,800,800,800,800,800,2500,2500,2500,2500,2500,2506,800,800,5,5,0,0,0,0,0,5,0,0,0,0,5,0,100,0,32302.92901611328,156937.15954589844,0,404327403520,8589930496,5626703872,114688
9,1791570589594,2500,2500,800,800,800,800,800,800,2500,2500,2500,2500,2500,2506,800,800,5,5,0,0,0,0,0,5,0,0,0,0,5,0,100,0,32303.08154296875,156937.470703125,0,404327403520,8589930496,5634633728,114688
9,1791570589604,2500,2500,800,800,800,800,800,800,2500,2500,2500,2500,2500,2506,800,800,5,5,0,0,0,0,0,5,0,0,0,0,5,0,100,0,32303.23809814453,156937.78845214844,0,404327403520,8589930496,5634633728,114688
9,1791570589614,2500,2500,800,800,800,800,800,800,2500,2500,2500,2500,2500,2506,800,800,5,5,0,0,0,0,0,5,0,0,0,0,5,0,100,0,32303.389221191406,156938.111328125,0,404327403520,8589930496,5634633728,114688
9,1791570589624,2500,2500,800,800,800,800,800,800,2500,2500,2500,2500,2500,2506,800,800,5,5,0,0,0,0,0,5,0,0,0,0,5,0,100,0,32303.54559326172,156938.41748046875,0,404327403520,8589930496,5634633728,114688
9,1791570589634,2500,2500,800,800,800,800,800,800,2500,2500,2500,2500,2500,2506,800,800,5,5,0,0,0,0,0,5,0,0,0,0,5,0,100,0,32303.70086669922,156938.73504638672,0,404327403520,8589930496,5634633728,114688
10,1791570589644,2500,2500,800,800,800,800,800,800,2500,2500,2500,2500,2500,2506,800,800,5,5,0,0,0,0,0,5,0,0,0,0,5,0,100,0,32303.857421875,156939.05169677734,0,404327403520,8589930496,5643059200,114688
10,1791570589654,2500,2500,800,800,800,800,800,800,2500,2500,2500,2500,2500,2506,800,800,5,5,0,0,0,0,0,5,0,0,0,0,5,0,100,0,32304.023498535156,156939.3963623047,0,404327403520,8589930496,5643059200,114688
10,1791570589664,2500,2500,800,800,800,800,800,800,2500,2500,2500,2500,2500,2506,800,800,5,5,0,0,0,0,0,5,0,0,0,0,5,0,100,0,32304.178771972656,156939.7099609375,0,404327403520,8589930496,5643059200,114688
9,1791570589674,2500,2500,800,800,800,800,800,800,2500,2500,2500,2500,2500,2506,800,800,5,5,0,0,0,0,0,5,0,0,0,0,5,0,100,0,32304.3349609375,156940.02374267578,0,404327403520,8589930496,5643059200,114688
9,1791570589684,2500,2500,800,800,800,800,800,800,2500,2500,2500,2500,2500,2506,800,800,5,5,0,0,0,0,0,5,0,0,0,0,5,0,100,0,32304.490966796875,156940.3383178711,0,404327403520,8589930496,5651484672,114688
9,1791570589695,2500,2500,800,800,800,800,800,800,2500,2500,2500,2500,2500,2506,800,800,5,5,0,0,0,0,0,5,0,0,0,0,5,0,100,0,32304.644592285156,156940.64813232422,0,404327403520,8589930496,5651484672,114688
10,1791570589704,2500,2500,800,800,800,800,800,800,2500,2500,2500,2500,2500,2506,800,800,5,5,0,0,0,0,0,5,0,0,0,0,5,0,100,0,32304.798400878906,156940.96307373047,0,404327403520,8589930496,5651484672,114688
10,1791570589715,2500,2500,800,800,800,800,800,800,2500,2500,2500,2500,2500,2506,800,800,0,0,0,0,0,0,0,5.263157844543457,0,0,0,0,0,0,100,0,32304.952575683594,156941.27349853516,0,404327403520,8589930496,5651484672,114688
9,1791570589725,2500,2500,800,800,800,800,800,800,2500,2500,2500,2500,2500,2506,800,800,0,0,0,0,0,0,0,5.263157844543457,0,0,0,0,0,0,100,0,32305.108032226563,156941.58709716797,0,404327403520,8589930496,5651484672,114688
9,1791570589735,2500,2500,800,800,800,800,800,800,2500,2500,2500,2500,2500,2506,800,800,0,0,0,0,0,0,0,5.263157844543457,0,0,0,0,0,0,100,0,32305.259826660156,156941.9024658203,0,404327403520,8589930496,5659414528,114688
9,1791570589745,2500,2500,800,800,800,800,800,800,2500,2500,2500,2500,2500,2506,800,800,0,0,0,0,0,0,0,5.263157844543457,0,0,0,0,0,0,100,0,32305.415466308594,156942.2205810547,0,404327403520,8589930496,5659414528,114688
10,1791570589755,2500,2500,800,800,800,800,800,800,2500,2500,2500,2500,2500,2506,800,800,0,0,0,0,0,0,0,5.263157844543457,0,0,0,0,0,0,100,0,32305.567260742188,156942.52893066406,0,404327403520,8589930496,5659414528,114688
9,1791570589765,2500,2500,800,800,800,800,800,800,2500,2500,2500,2500,2500,2506,800,800,0,0,0,0,0,0,0,5.263157844543457,0,0,0,0,0,0,100,0,32305.723205566406,156942.84692382813,0,404327403520,8589930496,5659414528,114688
9,1791570589775,2500,2500,800,800,800,800,800,800,2500,2500,2500,2500,2500,2506,800,800,0,0,0,0,0,0,0,5.263157844543457,0,0,0,0,0,0,100,0,32305.891479492188,156943.19464111328,0,404327403520,8589930496,5667840000,114688
9,1791570589785,2500,2500,800,800,800,800,800,800,2500,2500,2500,2500,2500,2506,800,800,0,0,0,0,0,0,0,5.263157844543457,0,0,0,0,0,0,100,0,32306.030639648438,156943.47943115234,0,404327403520,8589930496,5667840000,114688
9,1791570589795,2500,2500,800,800,800,800,800,800,2500,2500,2500,2500,2500,2506,800,800,0,0,0,0,0,0,0,5.263157844543457,0,0,0,0,0,0,100,0,32306.19805908203,156943.82873535156,0,404327403520,8589930496,5667840000,114688
9,1791570589805,2500,2500,800,800,800,800,800,800,2500,2500,2500,2500,2500,2506,800,800,0,0,0,0,0,0,0,5.263157844543457,0,0,0,0,0,0,100,0,32306.355346679688,156944.142578125,0,404327403520,8589930496,5667840000,114688
9,1791570589815,2500,2500,800,800,800,800,800,800,2500,2500,2500,2500,2500,2506,800,800,0,0,0,0,0,0,0,5.263157844543457,0,0,0,0,0,0,100,0,32306.506408691406,156944.4595336914,0,404327403520,8589930496,5676265472,114688
10,1791570589825,2500,2500,800,800,800,800,800,800,2500,2500,2500,2500,2500,2506,800,800,0,0,0,0,0,0,0,5.263157844543457,0,0,0,0,0,0,100,0,32306.658935546875,156944.77362060547,0,404327403520,8589930496,5676265472,114688
9,1791570589835,2500,2500,800,800,800,800,800,800,2500,2500,2500,2500,2500,2506,800,800,0,0,0,0,0,0,0,5.263157844543457,0,0,0,0,0,0,100,0,32306.811279296875,156945.0853881836,0,404327403520,8589930496,5676265472,114688
9,1791570589846,2500,2500,800,800,800,800,800,800,2500,2500,2500,2500,2500,2506,800,800,0,0,0,0,0,0,0,5.263157844543457,0,0,0,0,0,0,100,0,32306.96893310547,156945.4013671875,0,404327403520,8589930496,5676265472,114688
9,1791570589856,2500,2500,800,800,800,800,800,800,2500,2500,2500,2500,2500,2506,800,800,0,0,0,0,0,0,0,5.263157844543457,0,0,0,0,0,0,100,0,32307.121643066406,156945.71069335938,0,404327403520,8589930496,5676265472,114688
9,1791570589866,2500,2500,800,800,800,800,800,800,2500,2500,2500,2500,2500,2506,800,800,0,0,0,0,0,0,0,5.263157844543457,0,0,0,0,0,0,100,0,32307.27215576172,156946.0239868164,0,404327403520,8589930496,5684195328,114688
9,1791570589876,2500,2500,800,800,800,800,800,800,2500,2500,2500,2500,2500,2506,800,800,0,0,0,0,0,0,0,5.263157844543457,0,0,0,0,0,0,100,0,32307.42449951172,156946.34509277344,0,404327403520,8589930496,5684195328,114688
10,1791570589886,2500,2500,800,800,800,800,800,800,2500,2500,2500,2500,2500,2506,800,800,0,0,0,0,0,0,0,5.263157844543457,0,0,0,0,0,0,100,0,32307.580139160156,156946.65704345703,0,404327403520,8589930496,5684195328,114688
9,1791570589896,2500,2500,800,800,800,800,800,800,2500,2500,2500,2500,2500,2506,800,800,0,0,0,0,0,0,0,5.263157844543457,0,0,0,0,0,0,100,0,32307.732299804688,156946.96997070313,0,404327403520,8589930496,5684195328,114688
9,1791570589906,2500,2500,800,800,800,800,800,800,2500,2500,2500,2500,2500,2506,800,800,0,0,0,0,0,0,0,5.263157844543457,0,0,0,0,0,0,100,0,32307.88134765625,156947.28546142578,0,404327403520,8589930496,5692620800,114688
9,1791570589916,2500,2500,800,800,800,800,800,800,2500,2500,2500,2500,2500,2506,800,800,10,0,0,0,0,5,0,5,0,0,0,0,0,0,100,0,32308.03564453125,156947.60302734375,0,404327403520,8589930496,5692620800,114688
9,1791570589926,2500,2500,800,800,800,800,800,800,2500,2500,2500,2500,2500,2506,800,800,10,0,0,0,0,5,0,5,0,0,0,0,0,0,100,0,32308.18377685547,156947.92114257813,0,404327403520,8589930496,5692620800,114688
10,1791570589936,2500,2500,800,800,800,800,800,800,2500,2500,2500,2500,2500,2506,800,800,10,0,0,0,0,5,0,5,0,0,0,0,0,0,100,0,32308.335021972656,156948.2396850586,0,404327403520,8589930496,5692620800,114688
9,1791570589946,2500,2500,800,800,800,800,800,800,2500,2500,2500,2500,2500,2506,800,800,10,0,0,0,0,5,0,5,0,0,0,0,0,0,100,0,32308.503662109375,156948.59149169922,0,404327403520,8589930496,5692620800,114688
10,1791570589956,2500,2500,800,800,800,800,800,800,2500,2500,2500,2500,2500,2506,800,800,10,0,0,0,0,5,0,5,0,0,0,0,0,0,100,0,32308.642456054688,156948.87371826172,0,404327403520,8589930496,5701046272,114688
10,1791570589966,2500,2500,800,800,800,800,800,800,2500,2500,2500,2500,2500,2506,800,800,10,0,0,0,0,5,0,5,0,0,0,0,0,0,100,0,32308.79425048828,156949.19104003906,0,404327403520,8589930496,5701046272,114688
9,1791570589977,2500,2500,800,800,800,800,800,800,2500,2500,2500,2500,2500,2506,800,800,10,0,0,0,0,5,0,5,0,0,0,0,0,0,100,0,32308.960876464844,156949.53875732422,0,404327403520,8589930496,5701046272,114688
9,1791570589987,2500,2500,800,800,800,800,800,800,2500,2500,2500,2500,2500,2506,800,800,10,0,0,0,0,5,0,5,0,0,0,0,0,0,100,0,32309.111572265625,156949.85595703125,0,404327403520,8589930496,5701046272,114688
9,1791570589997,2500,2500,800,800,800,800,800,800,2500,2500,2500,2500,2500,2506,800,800,10,0,0,0,0,5,0,5,0,0,0,0,0,0,100,0,32309.263244628906,156950.16827392578,0,404327403520,8589930496,5708976128,114688
10,1791570590007,2500,2500,800,800,800,800,800,800,2500,2500,2500,2500,2500,2506,800,800,10,0,0,0,0,5,0,5,0,0,0,0,0,0,100,0,32309.415771484375,156950.48443603516,0,404327403520,8589930496,5708976128,114688
9,1791570590017,2500,2500,800,800,800,800,800,800,2500,2500,2500,2500,2500,2506,800,800,10,0,0,0,0,5,0,5,0,0,0,0,0,0,100,0,32309.57196044922,156950.80102539063,0,404327403520,8589930496,5708976128,114688
9,1791570590027,2500,2500,800,800,800,800,800,800,2500,2500,2500,2500,2500,2506,800,800,10,0,0,0,0,5,0,5,0,0,0,0,0,0,100,0,32309.720458984375,156951.1094970703,0,404327403520,8589930496,5708976128,114688
9,1791570590037,2500,2500,800,800,800,800,800,800,2500,2500,2500,2500,2500,2506,800,800,10,0,0,0,0,5,0,5,0,0,0,0,0,0,100,0,32309.872131347656,156951.42895507813,0,404327403520,8589930496,5717401600,114688
9,1791570590047,2500,2500,800,800,800,800,800,800,2500,2500,2500,2500,2500,2506,800,800,10,0,0,0,0,5,0,5,0,0,0,0,0,0,100,0,32310.0283203125,156951.74560546875,0,404327403520,8589930496,5717401600,114688
10,1791570590057,2500,2500,800,800,800,800,800,800,2500,2500,2500,2500,2500,2506,800,800,10,0,0,0,0,5,0,5,0,0,0,0,0,0,100,0,32310.183044433594,156952.05908203125,0,404327403520,8589930496,5717401600,114688
9,1791570590067,2500,2500,800,800,800,800,800,800,2500,2500,2500,2500,2500,2506,800,800,10,0,0,0,0,5,0,5,0,0,0,0,0,0,100,0,32310.339599609375,156952.38067626953,0,404327403520,8589930496,5717401600,114688
9,1791570590077,2500,2500,800,800,800,800,800,800,2500,2500,2500,2500,2500,2506,800,800,10,0,0,0,0,5,0,5,0,0,0,0,0,0,100,0,32310.495666503906,156952.69897460938,0,404327403520,8589930496,5717401600,114688
10,1791570590087,2500,2500,800,800,800,800,800,800,2500,2500,2500,2500,2500,2506,800,800,10,0,0,0,0,5,0,5,0,0,0,0,0,0,100,0,32310.646728515625,156953.01568603516,0,404327403520,8589930496,5725827072,114688
9,1791570590097,2500,2500,800,800,800,800,800,800,2500,2500,2500,2500,2500,2506,800,800,10,0,0,0,0,5,0,5,0,0,0,0,0,0,100,0,32310.79803466797,156953.330078125,0,404327403520,8589930496,5725827072,114688
10,1791570590107,2500,2500,800,800,800,800,800,800,2500,2500,2500,2500,2500,2506,800,800,10,0,0,0,0,5,0,5,0,0,0,0,0,0,100,0,32310.950744628906,156953.64764404297,0,404327403520,8589930496,5725827072,114688
9,1791570590118,2500,2500,800,800,800,800,800,800,2500,2500,2500,2500,2500,2506,800,800,5.263157844543457,0,5,0,0,0,0,5.263157844543457,0,0,0,0,0,0,100,0,32311.118408203125,156954.00115966797,0,404327403520,8589930496,5725827072,114688
9,1791570590128,2500,2500,800,800,800,800,800,800,2500,2500,2500,2500,2500,2506,800,800,5.263157844543457,0,5,0,0,0,0,5.263157844543457,0,0,0,0,0,0,100,0,32311.27276611328,156954.3232421875,0,404327403520,8589930496,5699538944,114688
9,1791570590138,2500,2500,800,800,800,800,800,800,2500,2500,2500,2500,2500,2506,800,800,5.263157844543457,0,5,0,0,0,0,5.263157844543457,0,0,0,0,0,0,100,0,32311.431030273438,156954.64849853516,0,404327403520,8589930496,5699538944,114688
9,1791570590148,2500,2500,800,800,800,800,800,800,2500,2500,2500,2500,2500,2506,800,800,5.263157844543457,0,5,0,0,0,0,5.263157844543457,0,0,0,0,0,0,100,0,32311.586547851563,156954.9676513672,0,404327403520,8589930496,5699538944,114688
10,1791570590158,2500,2500,800,800,800,800,800,800,2500,2500,2500,2500,2500,2506,800,800,5.263157844543457,0,5,0,0,0,0,5.263157844543457,0,0,0,0,0,0,100,0,32311.743286132813,156955.28643798828,0,404327403520,8589930496,5699538944,114688
9,1791570590168,2500,2500,800,800,800,800,800,800,2500,2500,2500,2500,2500,2506,800,800,5.263157844543457,0,5,0,0,0,0,5.263157844543457,0,0,0,0,0,0,100,0,32311.89569091797,156955.60076904297,0,404327403520,8589930496,5699538944,114688
9,1791570590178,2500,2500,800,800,800,800,800,800,2500,2500,2500,2500,2500,2506,800,800,5.263157844543457,0,5,0,0,0,0,5.263157844543457,0,0,0,0,0,0,100,0,32312.04931640625,156955.92364501953,0,404327403520,8589930496,5707964416,114688
9,1791570590188,2500,2500,800,800,800,800,800,800,2500,2500,2500,2500,2500,2506,800,800,5.263157844543457,0,5,0,0,0,0,5.263157844543457,0,0,0,0,0,0,100,0,32312.203125,156956.2420654297,0,404327403520,8589930496,5707964416,114688
10,1791570590198,2500,2500,800,800,800,800,800,800,2500,2500,2500,2500,2500,2506,800,800,5.263157844543457,0,5,0,0,0,0,5.263157844543457,0,0,0,0,0,0,100,0,32312.35711669922,156956.55877685547,0,404327403520,8589930496,5707964416,114688
9,1791570590208,2500,2500,800,800,800,800,800,800,2500,2500,2500,2500,2500,2506,800,800,5.263157844543457,0,5,0,0,0,0,5.263157844543457,0,0,0,0,0,0,100,0,32312.513305664063,156956.87817382813,0,404327403520,8589930496,5707964416,114688
9,1791570590218,2500,2500,800,800,800,800,800,800,2500,2500,2500,2500,2500,2506,800,800,5.263157844543457,0,5,0,0,0,0,5.263157844543457,0,0,0,0,0,0,100,0,32312.67041015625,156957.19158935547,0,404327403520,8589930496,5715894272,114688
9,1791570590228,2500,2500,800,800,800,800,800,800,2500,2500,2500,2500,2500,2506,800,800,5.263157844543457,0,5,0,0,0,0,5.263157844543457,0,0,0,0,0,0,100,0,32312.821655273438,156957.50451660156,0,404327403520,8589930496,5715894272,114688
10,1791570590238,2500,2500,800,800,800,800,800,800,2500,2500,2500,2500,2500,2506,800,800,5.263157844543457,0,5,0,0,0,0,5.263157844543457,0,0,0,0,0,0,100,0,32312.97052001953,156957.81805419922,0,404327403520,8589930496,5715894272,114688
9,1791570590248,2500,2500,800,800,800,800,800,800,2500,2500,2500,2500,2500,2506,800,800,5.263157844543457,0,5,0,0,0,0,5.263157844543457,0,0,0,0,0,0,100,0,32313.125549316406,156958.1351928711,0,404327403520,8589930496,5715894272,114688
9,1791570590258,2500,2500,800,800,800,800,800,800,2500,2500,2500,2500,2500,2506,800,800,5.263157844543457,0,5,0,0,0,0,5.263157844543457,0,0,0,0,0,0,100,0,32313.280822753906,156958.44818115234,0,404327403520,8589930496,5724319744,114688
9,1791570590269,2500,2500,800,800,800,800,800,800,2500,2500,2500,2500,2500,2506,800,800,5.263157844543457,0,5,0,0,0,0,5.263157844543457,0,0,0,0,0,0,100,0,32313.447998046875,156958.79669189453,0,404327403520,8589930496,5724319744,114688
10,1791570590279,2500,2500,800,800,800,800,800,800,2500,2500,2500,2500,2500,2506,800,800,5.263157844543457,0,5,0,0,0,0,5.263157844543457,0,0,0,0,0,0,100,0,32313.582946777344,156959.07763671875,0,404327403520,8589930496,5724319744,114688
9,1791570590289,2500,2500,800,800,800,800,800,800,2500,2500,2500,2500,2500,2506,800,800,5.263157844543457,0,5,0,0,0,0,5.263157844543457,0,0,0,0,0,0,100,0,32313.750122070313,156959.41619873047,0,404327403520,8589930496,5724319744,114688
9,1791570590299,2500,2500,800,800,800,800,800,800,2500,2500,2500,2500,2500,2506,800,800,5.263157844543457,0,5,0,0,0,0,5.263157844543457,0,0,0,0,0,0,100,0,32313.903747558594,156959.72607421875,0,404327403520,8589930496,5724319744,114688
9,1791570590309,2500,2500,800,800,800,800,800,800,2500,2500,2500,2500,2500,2506,800,800,5.263157844543457,0,5,0,0,0,0,5.263157844543457,0,0,0,0,0,0,100,0,32314.058837890625,156960.0411376953,0,404327403520,8589930496,5732745216,114688
9,1791570590319,2500,2500,800,800,800,800,800,800,2500,2500,2500,2500,2500,2506,800,800,0,0,0,0,4.761904716491699,0,0,5,0,0,0,5,0,5,100,5,32314.214477539063,156960.35693359375,0,404327403520,8589930496,5732745216,114688
9,1791570590329,2500,2500,800,800,800,800,800,800,2500,2500,2500,2500,2500,2506,800,800,0,0,0,0,4.761904716491699,0,0,5,0,0,0,5,0,5,100,5,32314.36700439453,156960.6749267578,0,404327403520,8589930496,5732745216,114688
9,1791570590339,2500,2500,800,800,800,800,800,800,2500,2500,2500,2500,2500,2506,800,800,0,0,0,0,4.761904716491699,0,0,5,0,0,0,5,0,5,100,5,32314.529052734375,156960.98828125,0,404327403520,8589930496,5732745216,114688
10,1791570590349,2500,2500,800,800,800,800,800,800,2500,2500,2500,2500,2500,2506,800,800,0,0,0,0,4.761904716491699,0,0,5,0,0,0,5,0,5,100,5,32314.680297851563,156961.2963256836,0,404327403520,8589930496,5732745216,114688
9,1791570590359,2500,2500,800,800,800,800,800,800,2500,2500,2500,2500,2500,2506,800,800,0,0,0,0,4.761904716491699,0,0,5,0,0,0,5,0,5,100,5,32314.836669921875,156961.61328125,0,404327403520,8589930496,5740675072,114688
9,1791570590369,2500,2500,800,800,800,800,800,800,2500,2500,2500,2500,2500,2506,800,800,0,0,0,0,4.761904716491699,0,0,5,0,0,0,5,0,5,100,5,32314.995239257813,156961.92553710938,0,404327403520,8589930496,5740675072,114688
9,1791570590379,2500,2500,800,800,800,800,800,800,2500,2500,2500,2500,2500,2506,800,800,0,0,0,0,4.761904716491699,0,0,5,0,0,0,5,0,5,100,5,32315.152893066406,156962.24255371094,0,404327403520,8589930496,5740675072,114688
9,1791570590389,2500,2500,800,800,800,800,800,800,2500,2500,2500,2500,2500,2506,800,800,0,0,0,0,4.761904716491699,0,0,5,0,0,0,5,0,5,100,5,32315.30780029297,156962.5528564453,0,404327403520,8589930496,5740675072,114688
9,1791570590399,2500,2500,800,800,800,800,800,800,2500,2500,2500,2500,2500,2506,800,800,0,0,0,0,4.761904716491699,0,0,5,0,0,0,5,0,5,100,5,32315.45703125,156962.86450195313,0,404327403520,8589930496,5740675072,114688
9,1791570590410,2500,2500,800,800,800,800,800,800,2500,2500,2500,2500,2500,2506,800,800,0,0,0,0,4.761904716491699,0,0,5,0,0,0,5,0,5,100,5,32315.608459472656,156963.1788330078,0,404327403520,8589930496,5749100544,114688
9,1791570590420,2500,2500,800,800,800,800,800,800,2500,2500,2500,2500,2500,2506,800,800,0,0,0,0,4.761904716491699,0,0,5,0,0,0,5,0,5,100,5,32315.758239746094,156963.4892578125,0,404327403520,8589930496,5749100544,114688
9,1791570590430,2500,2500,800,800,800,800,800,800,2500,2500,2500,2500,2500,2506,800,800,0,0,0,0,4.761904716491699,0,0,5,0,0,0,5,0,5,100,5,32315.910400390625,156963.81463623047,0,404327403520,8589930496,5749100544,114688
9,1791570590440,2500,2500,800,800,800,800,800,800,2500,2500,2500,2500,2500,2506,800,800,0,0,0,0,4.761904716491699,0,0,5,0,0,0,5,0,5,100,5,32316.067504882813,156964.0982055664,0,404327403520,8589930496,5749100544,114688
9,1791570590450,2500,2500,800,800,800,800,800,800,2500,2500,2500,2500,2500,2506,800,800,0,0,0,0,4.761904716491699,0,0,5,0,0,0,5,0,5,100,5,32316.23797607422,156964.46325683594,0,404327403520,8589930496,5757526016,114688
9,1791570590460,2500,2500,800,800,800,800,800,800,2500,2500,2500,2500,2500,2506,800,800,0,0,0,0,4.761904716491699,0,0,5,0,0,0,5,0,5,100,5,32316.392700195313,156964.78216552734,0,404327403520,8589930496,5757526016,114688
9,1791570590470,2500,2500,800,800,800,800,800,800,2500,2500,2500,2500,2500,2506,800,800,0,0,0,0,4.761904716491699,0,0,5,0,0,0,5,0,5,100,5,32316.544860839844,156965.09832763672,0,404327403520,8589930496,5757526016,114688
10,1791570590480,2500,2500,800,800,800,800,800,800,2500,2500,2500,2500,2500,2506,800,800,0,0,0,0,4.761904716491699,0,0,5,0,0,0,5,0,5,100,5,32316.68768310547,156965.3862915039,0,404327403520,8589930496,5757526016,114688
9,1791570590490,2500,2500,800,800,800,800,800,800,2500,2500,2500,2500,2500,2506,800,800,0,0,0,0,4.761904716491699,0,0,5,0,0,0,5,0,5,100,5,32316.85467529297,156965.7319946289,0,404327403520,8589930496,5757526016,114688
9,1791570590500,2500,2500,800,800,800,800,800,800,2500,2500,2500,2500,2500,2506,800,800,0,0,0,0,4.761904716491699,0,0,5,0,0,0,5,0,5,100,5,32317.011596679688,156966.04290771484,0,404327403520,8589930496,5765455872,114688
10,1791570590510,2500,2500,800,800,800,800,800,800,2500,2500,2500,2500,2500,2506,800,800,0,0,0,0,4.761904716491699,0,0,5,0,0,0,5,0,5,100,5,32317.168395996094,156966.36102294922,0,404327403520,8589930496,5765455872,114688
9,1791570590520,2500,2500,800,800,800,800,800,800,2500,2500,2500,2500,2500,2506,800,800,10,0,0,0,0,0,0,5.263157844543457,0,0,0,0,0,0,100,0,32317.322631835938,156966.67596435547,0,404327403520,8589930496,5765455872,114688
9,1791570590530,2500,2500,800,800,800,800,800,800,2500,2500,2500,2500,2500,2506,800,800,10,0,0,0,0,0,0,5.263157844543457,0,0,0,0,0,0,100,0,32317.47589111328,156966.99432373047,0,404327403520,8589930496,5765455872,114688
10,1791570590540,2500,2500,800,800,800,800,800,800,2500,2500,2500,2500,2500,2506,800,800,10,0,0,0,0,0,0,5.263157844543457,0,0,0,0,0,0,100,0,32317.62969970703,156967.31115722656,0,404327403520,8589930496,5773881344,114688
9,1791570590551,2500,2500,800,800,800,800,800,800,2500,2500,2500,2500,2500,2506,800,800,10,0,0,0,0,0,0,5.263157844543457,0,0,0,0,0,0,100,0,32317.78497314453,156967.62548828125,0,404327403520,8589930496,5773881344,114688
9,1791570590561,2500,2500,800,800,800,800,800,800,2500,2500,2500,2500,2500,2506,800,800,10,0,0,0,0,0,0,5.263157844543457,0,0,0,0,0,0,100,0,32317.93768310547,156967.93969726563,0,404327403520,8589930496,5773881344,114688
9,1791570590571,2500,2500,800,800,800,800,800,800,2500,2500,2500,2500,2500,2506,800,800,10,0,0,0,0,0,0,5.263157844543457,0,0,0,0,0,0,100,0,32318.107543945313,156968.2840576172,0,404327403520,8589930496,5773881344,114688
9,1791570590581,2500,2500,800,800,800,800,800,800,2500,2500,2500,2500,2500,2506,800,800,10,0,0,0,0,0,0,5.263157844543457,0,0,0,0,0,0,100,0,32318.26446533203,156968.60382080078,0,404327403520,8589930496,5782306816,114688
9,1791570590591,2500,2500,800,800,800,800,800,800,2500,2500,2500,2500,2500,2506,800,800,10,0,0,0,0,0,0,5.263157844543457,0,0,0,0,0,0,100,0,32318.414794921875,156968.91522216797,0,404327403520,8589930496,5782306816,114688
9,1791570590601,2500,2500,800,800,800,800,800,800,2500,2500,2500,2500,2500,2506,800,800,10,0,0,0,0,0,0,5.263157844543457,0,0,0,0,0,0,100,0,32318.56951904297,156969.2280883789,0,404327403520,8589930496,5782306816,114688
9,1791570590611,2500,2500,800,800,800,800,800,800,2500,2500,2500,2500,2500,2506,800,800,10,0,0,0,0,0,0,5.263157844543457,0,0,0,0,0,0,100,0,32318.725341796875,156969.54711914063,0,404327403520,8589930496,5782306816,114688
10,1791570590621,2500,2500,800,800,800,800,800,800,2500,2500,2500,2500,2500,2506,800,800,10,0,0,0,0,0,0,5.263157844543457,0,0,0,0,0,0,100,0,32318.88153076172,156969.86755371094,0,404327403520,8589930496,5782306816,114688
9,1791570590631,2500,2500,800,800,800,800,800,800,2500,2500,2500,2500,2500,2506,800,800,10,0,0,0,0,0,0,5.263157844543457,0,0,0,0,0,0,100,0,32319.03369140625,156970.18389892578,0,404327403520,8589930496,5790236672,114688
10,1791570590641,2500,2500,800,800,800,800,800,800,2500,2500,2500,2500,2500,2506,800,800,10,0,0,0,0,0,0,5.263157844543457,0,0,0,0,0,0,100,0,32319.1904296875,156970.50299072266,0,404327403520,8589930496,5790236672,114688
9,1791570590651,2500,2500,800,800,800,800,800,800,2500,2500,2500,2500,2500,2506,800,800,10,0,0,0,0,0,0,5.263157844543457,0,0,0,0,0,0,100,0,32319.3427734375,156970.8204345703,0,404327403520,8589930496,5790236672,114688
10,1791570590661,2500,2500,800,800,800,800,800,800,2500,2500,2500,2500,2500,2506,800,800,10,0,0,0,0,0,0,5.263157844543457,0,0,0,0,0,0,100,0,32319.49365234375,156971.1381225586,0,404327403520,8589930496,5790236672,114688
9,1791570590672,2500,2500,800,800,800,800,800,800,2500,2500,2500,2500,2500,2506,800,800,10,0,0,0,0,0,0,5.263157844543457,0,0,0,0,0,0,100,0,32319.645446777344,156971.45526123047,0,404327403520,8589930496,5798662144,114688
9,1791570590682,2500,2500,800,800,800,800,800,800,2500,2500,2500,2500,2500,2506,800,800,10,0,0,0,0,0,0,5.263157844543457,0,0,0,0,0,0,100,0,32319.797790527344,156971.7680053711,0,404327403520,8589930496,5798662144,114688
9,1791570590692,2500,2500,800,800,800,800,800,800,2500,2500,2500,2500,2500,2506,800,800,10,0,0,0,0,0,0,5.263157844543457,0,0,0,0,0,0,100,0,32319.95343017578,156972.07946777344,0,404327403520,8589930496,5798662144,114688
9,1791570590702,2500,2500,800,800,800,800,800,800,2500,2500,2500,2500,2500,2506,800,800,10,0,0,0,0,0,0,5.263157844543457,0,0,0,0,0,0,100,0,32320.106689453125,156972.39709472656,0,404327403520,8589930496,5798662144,114688
9,1791570590712,2500,2500,800,800,800,800,800,800,2500,2500,2500,2500,2500,2506,800,800,10,0,0,0,0,0,0,5.263157844543457,0,0,0,0,0,0,100,0,32320.26251220703,156972.71252441406,0,404327403520,8589930496,5798662144,114688
9,1791570590722,2500,2500,800,800,800,800,800,800,2500,2500,2500,2500,2500,2506,800,800,5.263157844543457,0,0,0,0,0,0,5,0,0,0,0,0,0,100,0,32320.414489746094,156973.02801513672,0,404327403520,8589930496,5807087616,114688
9,1791570590732,2500,2500,800,800,800,800,800,800,2500,2500,2500,2500,2500,2506,800,800,5.263157844543457,0,0,0,0,0,0,5,0,0,0,0,0,0,100,0,32320.569763183594,156973.34393310547,0,404327403520,8589930496,5807087616,114688
9,1791570590742,2500,2500,800,800,800,800,800,800,2500,2500,2500,2500,2500,2506,800,800,5.263157844543457,0,0,0,0,0,0,5,0,0,0,0,0,0,100,0,32320.73858642578,156973.68969726563,0,404327403520,8589930496,5807087616,114688
9,1791570590752,2500,2500,800,800,800,800,800,800,2500,2500,2500,2500,2500,2506,800,800,5.263157844543457,0,0,0,0,0,0,5,0,0,0,0,0,0,100,0,32320.88818359375,156974.00592041016,0,404327403520,8589930496,5807087616,114688
9,1791570590762,2500,2500,800,800,800,800,800,800,2500,2500,2500,2500,2500,2506,800,800,5.263157844543457,0,0,0,0,0,0,5,0,0,0,0,0,0,100,0,32321.045288085938,156974.326171875,0,404327403520,8589930496,5806592000,114688
10,1791570590772,2500,2500,800,800,800,800,800,800,2500,2500,2500,2500,2500,2506,800,800,5.263157844543457,0,0,0,0,0,0,5,0,0,0,0,0,0,100,0,32321.19989013672,156974.64013671875,0,404327403520,8589930496,5814521856,114688
9,1791570590782,2500,2500,800,800,800,800,800,800,2500,2500,2500,2500,2500,2506,800,800,5.263157844543457,0,0,0,0,0,0,5,0,0,0,0,0,0,100,0,32321.348999023438,156974.9566040039,0,404327403520,8589930496,5814521856,114688
9,1791570590792,2500,2500,800,800,800,800,800,800,2500,2500,2500,2500,2500,2506,800,800,5.263157844543457,0,0,0,0,0,0,5,0,0,0,0,0,0,100,0,32321.504638671875,156975.27166748047,0,404327403520,8589930496,5814521856,114688
10,1791570590802,2500,2500,800,800,800,800,800,800,2500,2500,2500,2500,2500,2506,800,800,5.263157844543457,0,0,0,0,0,0,5,0,0,0,0,0,0,100,0,32321.657348632813,156975.58563232422,0,404327403520,8589930496,5814521856,114688
9,1791570590813,2500,2500,800,800,800,800,800,800,2500,2500,2500,2500,2500,2506,800,800,5.263157844543457,0,0,0,0,0,0,5,0,0,0,0,0,0,100,0,32321.809326171875,156975.90075683594,0,404327403520,8589930496,5822947328,114688
9,1791570590823,2500,2500,800,800,800,800,800,800,2500,2500,2500,2500,2500,2506,800,800,5.263157844543457,0,0,0,0,0,0,5,0,0,0,0,0,0,100,0,32321.957641601563,156976.21759033203,0,404327403520,8589930496,5822947328,114688
9,1791570590833,2500,2500,800,800,800,800,800,800,2500,2500,2500,2500,2500,2506,800,800,5.263157844543457,0,0,0,0,0,0,5,0,0,0,0,0,0,100,0,32322.109313964844,156976.53533935547,0,404327403520,8589930496,5822947328,114688
9,1791570590843,2500,2500,800,800,800,800,800,800,2500,2500,2500,2500,2500,2506,800,800,5.263157844543457,0,0,0,0,0,0,5,0,0,0,0,0,0,100,0,32322.263305664063,156976.85095214844,0,404327403520,8589930496,5822947328,114688
9,1791570590853,2500,2500,800,800,800,800,800,800,2500,2500,2500,2500,2500,2506,800,800,5.263157844543457,0,0,0,0,0,0,5,0,0,0,0,0,0,100,0,32322.41876220703,156977.16485595703,0,404327403520,8589930496,5822947328,114688
10,1791570590863,2500,2500,800,800,800,800,800,800,2500,2500,2500,2500,2500,2506,800,800,5.263157844543457,0,0,0,0,0,0,5,0,0,0,0,0,0,100,0,32322.571655273438,156977.48205566406,0,404327403520,8589930496,5831372800,114688
9,1791570590873,2500,2500,800,800,800,800,800,800,2500,2500,2500,2500,2500,2506,800,800,5.263157844543457,0,0,0,0,0,0,5,0,0,0,0,0,0,100,0,32322.725646972656,156977.79821777344,0,404327403520,8589930496,5831372800,114688
9,1791570590883,2500,2500,800,800,800,800,800,800,2500,2500,2500,2500,2500,2506,800,800,5.263157844543457,0,0,0,0,0,0,5,0,0,0,0,0,0,100,0,32322.880920410156,156978.11444091797,0,404327403520,8589930496,5831372800,114688
10,1791570590893,2500,2500,800,800,800,800,800,800,2500,2500,2500,2500,2500,2506,800,800,5.263157844543457,0,0,0,0,0,0,5,0,0,0,0,0,0,100,0,32323.034545898438,156978.42944335938,0,404327403520,8589930496,5831372800,114688
9,1791570590903,2500,2500,800,800,800,800,800,800,2500,2500,2500,2500,2500,2506,800,800,5.263157844543457,0,0,0,0,0,0,5,0,0,0,0,0,0,100,0,32323.203186035156,156978.77404785156,0,404327403520,8589930496,5839302656,114688
10,1791570590913,2500,2500,800,800,800,800,800,800,2500,2500,2500,2500,2500,2506,800,800,5.263157844543457,0,0,0,0,0,0,5,0,0,0,0,0,0,100,0,32323.332092285156,156979.05926513672,0,404327403520,8589930496,5839302656,114688
10,1791570590923,2500,2500,800,800,800,800,800,800,2500,2500,2500,2500,2500,2506,800,800,0,0,0,0,0,0,0,10,5,0,0,0,0,0,100,0,32323.49249267578,156979.4107055664,0,404327403520,8589930496,5839302656,114688
10,1791570590933,2500,2500,800,800,800,800,800,800,2500,2500,2500,2500,2500,2506,800,800,0,0,0,0,0,0,0,10,5,0,0,0,0,0,100,0,32323.623779296875,156979.69384765625,0,404327403520,8589930496,5839302656,114688
9,1791570590944,2500,2500,800,800,800,800,800,800,2500,2500,2500,2500,2500,2506,800,800,0,0,0,0,0,0,0,10,5,0,0,0,0,0,100,0,32323.78643798828,156980.04272460938,0,404327403520,8589930496,5841285120,114688
10,1791570590953,2500,2500,800,800,800,800,800,800,2500,2500,2500,2500,2500,2506,800,800,0,0,0,0,0,0,0,10,5,0,0,0,0,0,100,0,32323.938415527344,156980.35766601563,0,404327403520,8589930496,5847728128,114688
9,1791570590964,2500,2500,800,800,800,800,800,800,2500,2500,2500,2500,2500,2506,800,800,0,0,0,0,0,0,0,10,5,0,0,0,0,0,100,0,32324.088317871094,156980.67169189453,0,404327403520,8589930496,5847728128,114688
9,1791570590974,2500,2500,800,800,800,800,800,800,2500,2500,2500,2500,2500,2506,800,800,0,0,0,0,0,0,0,10,5,0,0,0,0,0,100,0,32324.234802246094,156980.99169921875,0,404327403520,8589930496,5847728128,114688
10,1791570590984,2500,2500,800,800,800,800,800,800,2500,2500,2500,2500,2500,2506,800,800,0,0,0,0,0,0,0,10,5,0,0,0,0,0,100,0,32324.384338378906,156981.31158447266,0,404327403520,8589930496,5847728128,114688
9,1791570590994,2500,2500,800,800,800,800,800,800,2500,2500,2500,2500,2500,2506,800,800,0,0,0,0,0,0,0,10,5,0,0,0,0,0,100,0,32324.539306640625,156981.62884521484,0,404327403520,8589930496,5856153600,114688
9,1791570591004,2500,2500,800,800,800,800,800,800,2500,2500,2500,2500,2500,2506,800,800,0,0,0,0,0,0,0,10,5,0,0,0,0,0,100,0,32324.689086914063,156981.9383544922,0,404327403520,8589930496,5856153600,114688
9,1791570591014,2500,2500,800,800,800,800,800,800,2500,2500,2500,2500,2500,2506,800,800,0,0,0,0,0,0,0,10,5,0,0,0,0,0,100,0,32324.84259033203,156982.2510986328,0,404327403520,8589930496,5856153600,114688
9,1791570591024,2500,2500,800,800,800,800,800,800,2500,2500,2500,2500,2500,2506,800,800,0,0,0,0,0,0,0,10,5,0,0,0,0,0,100,0,32324.9951171875,156982.56616210938,0,404327403520,8589930496,5856153600,114688
9,1791570591034,2500,2500,800,800,800,800,800,800,2500,2500,2500,2500,2500,2506,800,800,0,0,0,0,0,0,0,10,5,0,0,0,0,0,100,0,32325.14617919922,156982.88024902344,0,404327403520,8589930496,5858136064,114688
10,1791570591044,2500,2500,800,800,800,800,800,800,2500,2500,2500,2500,2500,2506,800,800,0,0,0,0,0,0,0,10,5,0,0,0,0,0,100,0,32325.297607421875,156983.19177246094,0,404327403520,8589930496,5864083456,114688
9,1791570591054,2500,2500,800,800,800,800,800,800,2500,2500,2500,2500,2500,2506,800,800,0,0,0,0,0,0,0,10,5,0,0,0,0,0,100,0,32325.451782226563,156983.50689697266,0,404327403520,8589930496,5864083456,114688
10,1791570591064,2500,2500,800,800,800,800,800,800,2500,2500,2500,2500,2500,2506,800,800,0,0,0,0,0,0,0,10,5,0,0,0,0,0,100,0,32325.60723876953,156983.8193359375,0,404327403520,8589930496,5864083456,114688
9,1791570591074,2500,2500,800,800,800,800,800,800,2500,2500,2500,2500,2500,2506,800,800,0,0,0,0,0,0,0,10,5,0,0,0,0,0,100,0,32325.760864257813,156984.13134765625,0,404327403520,8589930496,5864083456,114688
9,1791570591084,2500,2500,800,800,800,800,800,800,2500,2500,2500,2500,2500,2506,800,800,0,0,0,0,0,0,0,10,5,0,0,0,0,0,100,0,32325.909790039063,156984.4467163086,0,404327403520,8589930496,5864251392,114688
10,1791570591094,2500,2500,800,800,800,800,800,800,2500,2500,2500,2500,2500,2506,800,800,0,0,0,0,0,0,0,10,5,0,0,0,0,0,100,0,32326.062133789063,156984.75958251953,0,404327403520,8589930496,5864251392,114688
9,1791570591105,2500,2500,800,800,800,800,800,800,2500,2500,2500,2500,2500,2506,800,800,0,0,0,0,0,0,0,10,5,0,0,0,0,0,100,0,32326.232849121094,156985.1010131836,0,404327403520,8589930496,5864251392,114688
9,1791570591115,2500,2500,800,800,800,800,800,800,2500,2500,2500,2500,2500,2506,800,800,0,0,0,0,0,0,0,10,5,0,0,0,0,0,100,0,32326.385192871094,156985.41796875,0,404327403520,8589930496,5864251392,114688
9,1791570591125,2500,2500,800,800,800,800,800,800,2500,2500,2500,2500,2500,2506,800,800,10,0,0,4.761904716491699,0,0,0,0,0,5,5,0,0,0,100,0,32326.53662109375,156985.73474121094,0,404327403520,8589930496,5872676864,114688
10,1791570591135,2500,2500,800,800,800,800,800,800,2500,2500,2500,2500,2500,2506,800,800,10,0,0,4.761904716491699,0,0,0,0,0,5,5,0,0,0,100,0,32326.687133789063,156986.0513305664,0,404327403520,8589930496,5872676864,114688
9,1791570591145,2500,2500,800,800,800,800,800,800,2500,2500,2500,2500,2500,2506,800,800,10,0,0,4.761904716491699,0,0,0,0,0,5,5,0,0,0,100,0,32326.839477539063,156986.36328125,0,404327403520,8589930496,5863469056,114688
9,1791570591155,2500,2500,800,800,800,800,800,800,2500,2500,2500,2500,2500,2506,800,800,10,0,0,4.761904716491699,0,0,0,0,0,5,5,0,0,0,100,0,32326.994018554688,156986.68127441406,0,404327403520,8589930496,5863469056,114688
9,1791570591165,2500,2500,800,800,800,800,800,800,2500,2500,2500,2500,2500,2506,800,800,10,0,0,4.761904716491699,0,0,0,0,0,5,5,0,0,0,100,0,32327.144897460938,156986.99798583984,0,404327403520,8589930496,5863469056,114688
9,1791570591175,2500,2500,800,800,800,800,800,800,2500,2500,2500,2500,2500,2506,800,800,10,0,0,4.761904716491699,0,0,0,0,0,5,5,0,0,0,100,0,32327.295654296875,156987.31182861328,0,404327403520,8589930496,5871398912,114688
9,1791570591185,2500,2500,800,800,800,800,800,800,2500,2500,2500,2500,2500,2506,800,800,10,0,0,4.761904716491699,0,0,0,0,0,5,5,0,0,0,100,0,32327.447631835938,156987.63122558594,0,404327403520,8589930496,5871398912,114688
9,1791570591195,2500,2500,800,800,800,800,800,800,2500,2500,2500,2500,2500,2506,800,800,10,0,0,4.761904716491699,0,0,0,0,0,5,5,0,0,0,100,0,32327.597412109375,156987.95141601563,0,404327403520,8589930496,5871398912,114688
9,1791570591205,2500,2500,800,800,800,800,800,800,2500,2500,2500,2500,2500,2506,800,800,10,0,0,4.761904716491699,0,0,0,0,0,5,5,0,0,0,100,0,32327.748962402344,156988.26788330078,0,404327403520,8589930496,5871398912,114688
10,1791570591215,2500,2500,800,800,800,800,800,800,2500,2500,2500,2500,2500,2506,800,800,10,0,0,4.761904716491699,0,0,0,0,0,5,5,0,0,0,100,0,32327.902404785156,156988.58489990234,0,404327403520,8589930496,5879824384,114688
9,1791570591225,2500,2500,800,800,800,800,800,800,2500,2500,2500,2500,2500,2506,800,800,10,0,0,4.761904716491699,0,0,0,0,0,5,5,0,0,0,100,0,32328.052368164063,156988.9019165039,0,404327403520,8589930496,5879824384,114688
10,1791570591235,2500,2500,800,800,800,800,800,800,2500,2500,2500,2500,2500,2506,800,800,10,0,0,4.761904716491699,0,0,0,0,0,5,5,0,0,0,100,0,32328.202880859375,156989.22259521484,0,404327403520,8589930496,5879824384,114688
9,1791570591246,2500,2500,800,800,800,800,800,800,2500,2500,2500,2500,2500,2506,800,800,10,0,0,4.761904716491699,0,0,0,0,0,5,5,0,0,0,100,0,32328.352661132813,156989.54302978516,0,404327403520,8589930496,5879824384,114688
10,1791570591256,2500,2500,800,800,800,800,800,800,2500,2500,2500,2500,2500,2506,800,800,10,0,0,4.761904716491699,0,0,0,0,0,5,5,0,0,0,100,0,32328.503845214844,156989.86193847656,0,404327403520,8589930496,5879824384,114688
10,1791570591266,2500,2500,800,800,800,800,800,800,2500,2500,2500,2500,2500,2506,800,800,10,0,0,4.761904716491699,0,0,0,0,0,5,5,0,0,0,100,0,32328.656188964844,156990.1749267578,0,404327403520,8589930496,5887754240,114688
9,1791570591276,2500,2500,800,800,800,800,800,800,2500,2500,2500,2500,2500,2506,800,800,10,0,0,4.761904716491699,0,0,0,0,0,5,5,0,0,0,100,0,32328.821899414063,156990.5228881836,0,404327403520,8589930496,5887754240,114688
10,1791570591286,2500,2500,800,800,800,800,800,800,2500,2500,2500,2500,2500,2506,800,800,10,0,0,4.761904716491699,0,0,0,0,0,5,5,0,0,0,100,0,32328.97332763672,156990.83587646484,0,404327403520,8589930496,5887754240,114688
9,1791570591296,2500,2500,800,800,800,800,800,800,2500,2500,2500,2500,2500,2506,800,800,10,0,0,4.761904716491699,0,0,0,0,0,5,5,0,0,0,100,0,32329.121643066406,156991.12255859375,0,404327403520,8589930496,5887754240,114688
10,1791570591306,2500,2500,800,800,800,800,800,800,2500,2500,2500,2500,2500,2506,800,800,10,0,0,4.761904716491699,0,0,0,0,0,5,5,0,0,0,100,0,32329.2705078125,156991.46911621094,0,404327403520,8589930496,5896179712,114688
10,1791570591316,2500,2500,800,800,800,800,800,800,2500,2500,2500,2500,2500,2506,800,800,10,0,0,4.761904716491699,0,0,0,0,0,5,5,0,0,0,100,0,32329.426391601563,156991.7822265625,0,404327403520,8589930496,5896179712,114688
9,1791570591326,2500,2500,800,800,800,800,800,800,2500,2500,2500,2500,2500,2506,800,800,5,5,0,0,5,0,5,9.523809432983398,0,0,0,0,0,0,100,0,32329.58349609375,156992.0941772461,0,404327403520,8589930496,5896179712,114688
9,1791570591336,2500,2500,800,800,800,800,800,800,2500,2500,2500,2500,2500,2506,800,800,5,5,0,0,5,0,5,9.523809432983398,0,0,0,0,0,0,100,0,32329.734008789063,156992.4086303711,0,404327403520,8589930496,5896179712,114688
9,1791570591346,2500,2500,800,800,800,800,800,800,2500,2500,2500,2500,2500,2506,800,800,5,5,0,0,5,0,5,9.523809432983398,0,0,0,0,0,0,100,0,32329.88739013672,156992.72021484375,0,404327403520,8589930496,5896179712,114688
9,1791570591356,2500,2500,800,800,800,800,800,800,2500,2500,2500,2500,2500,2506,800,800,5,5,0,0,5,0,5,9.523809432983398,0,0,0,0,0,0,100,0,32330.03387451172,156993.03845214844,0,404327403520,8589930496,5904605184,114688
10,1791570591366,2500,2500,800,800,800,800,800,800,2500,2500,2500,2500,2500,2506,800,800,5,5,0,0,5,0,5,9.523809432983398,0,0,0,0,0,0,100,0,32330.189697265625,156993.3602294922,0,404327403520,8589930496,5904605184,114688
9,1791570591377,2500,2500,800,800,800,800,800,800,2500,2500,2500,2500,2500,2506,800,800,5,5,0,0,5,0,5,9.523809432983398,0,0,0,0,0,0,100,0,32330.34295654297,156993.67779541016,0,404327403520,8589930496,5904605184,114688
9,1791570591387,2500,2500,800,800,800,800,800,800,2500,2500,2500,2500,2500,2506,800,800,5,5,0,0,5,0,5,9.523809432983398,0,0,0,0,0,0,100,0,32330.492736816406,156993.9945678711,0,404327403520,8589930496,5904605184,114688
9,1791570591397,2500,2500,800,800,800,800,800,800,2500,2500,2500,2500,2500,2506,800,800,5,5,0,0,5,0,5,9.523809432983398,0,0,0,0,0,0,100,0,32330.646057128906,156994.30639648438,0,404327403520,8589930496,5912535040,114688
9,1791570591407,2500,2500,800,800,800,800,800,800,2500,2500,2500,2500,2500,2506,800,800,5,5,0,0,5,0,5,9.523809432983398,0,0,0,0,0,0,100,0,32330.798400878906,156994.62823486328,0,404327403520,8589930496,5912535040,114688
9,1791570591417,2500,2500,800,800,800,800,800,800,2500,2500,2500,2500,2500,2506,800,800,5,5,0,0,5,0,5,9.523809432983398,0,0,0,0,0,0,100,0,32330.96942138672,156994.96826171875,0,404327403520,8589930496,5912535040,114688
9,1791570591427,2500,2500,800,800,800,800,800,800,2500,2500,2500,2500,2500,2506,800,800,5,5,0,0,5,0,5,9.523809432983398,0,0,0,0,0,0,100,0,32331.123962402344,156995.28686523438,0,404327403520,8589930496,5912535040,114688
9,1791570591437,2500,2500,800,800,800,800,800,800,2500,2500,2500,2500,2500,2506,800,800,5,5,0,0,5,0,5,9.523809432983398,0,0,0,0,0,0,100,0,32331.27166748047,156995.60205078125,0,404327403520,8589930496,5912535040,114688
9,1791570591447,2500,2500,800,800,800,800,800,800,2500,2500,2500,2500,2500,2506,800,800,5,5,0,0,5,0,5,9.523809432983398,0,0,0,0,0,0,100,0,32331.424682617188,156995.92224121094,0,404327403520,8589930496,5920960512,114688
10,1791570591457,2500,2500,800,800,800,800,800,800,2500,2500,2500,2500,2500,2506,800,800,5,5,0,0,5,0,5,9.523809432983398,0,0,0,0,0,0,100,0,32331.57635498047,156996.23333740234,0,404327403520,8589930496,5920960512,114688
9,1791570591467,2500,2500,800,800,800,800,800,800,2500,2500,2500,2500,2500,2506,800,800,5,5,0,0,5,0,5,9.523809432983398,0,0,0,0,0,0,100,0,32331.726684570313,156996.5467529297,0,404327403520,8589930496,5920960512,114688
9,1791570591477,2500,2500,800,800,800,800,800,800,2500,2500,2500,2500,2500,2506,800,800,5,5,0,0,5,0,5,9.523809432983398,0,0,0,0,0,0,100,0,32331.87481689453,156996.85479736328,0,404327403520,8589930496,5920960512,114688
9,1791570591487,2500,2500,800,800,800,800,800,800,2500,2500,2500,2500,2500,2506,800,800,5,5,0,0,5,0,5,9.523809432983398,0,0,0,0,0,0,100,0,32332.028259277344,156997.1748046875,0,404327403520,8589930496,5929385984,114688
9,1791570591497,2500,2500,800,800,800,800,800,800,2500,2500,2500,2500,2500,2506,800,800,5,5,0,0,5,0,5,9.523809432983398,0,0,0,0,0,0,100,0,32332.179138183594,156997.48846435547,0,404327403520,8589930496,5929385984,114688
10,1791570591507,2500,2500,800,800,800,800,800,800,2500,2500,2500,2500,2500,2506,800,800,5,5,0,0,5,0,5,9.523809432983398,0,0,0,0,0,0,100,0,32332.329467773438,156997.80419921875,0,404327403520,8589930496,5929385984,114688
9,1791570591518,2500,2500,800,800,800,800,800,800,2500,2500,2500,2500,2500,2506,800,800,5,5,0,0,5,0,5,9.523809432983398,0,0,0,0,0,0,100,0,32332.484741210938,156998.1181640625,0,404327403520,8589930496,5929385984,114688
10,1791570591528,2500,2500,800,800,800,800,800,800,2500,2500,2500,2500,2500,2506,800,800,0,0,0,0,0,5,0,5.263157844543457,0,0,5,0,0,0,100,0,32332.639099121094,156998.43212890625,0,404327403520,8589930496,5929385984,114688
9,1791570591538,2500,2500,800,800,800,800,800,800,2500,2500,2500,2500,2500,2506,800,800,0,0,0,0,0,5,0,5.263157844543457,0,0,5,0,0,0,100,0,32332.794921875,156998.74731445313,0,404327403520,8589930496,5937315840,114688
9,1791570591548,2500,2500,800,800,800,800,800,800,2500,2500,2500,2500,2500,2506,800,800,0,0,0,0,0,5,0,5.263157844543457,0,0,5,0,0,0,100,0,32332.9521484375,156999.06481933594,0,404327403520,8589930496,5937315840,114688
9,1791570591558,2500,2500,800,800,800,800,800,800,2500,2500,2500,2500,2500,2506,800,800,0,0,0,0,0,5,0,5.263157844543457,0,0,5,0,0,0,100,0,32333.107421875,156999.38287353516,0,404327403520,8589930496,5937315840,114688
9,1791570591568,2500,2500,800,800,800,800,800,800,2500,2500,2500,2500,2500,2506,800,800,0,0,0,0,0,5,0,5.263157844543457,0,0,5,0,0,0,100,0,32333.25994873047,156999.7015991211,0,404327403520,8589930496,5937315840,114688
9,1791570591578,2500,2500,800,800,800,800,800,800,2500,2500,2500,2500,2500,2506,800,800,0,0,0,0,0,5,0,5.263157844543457,0,0,5,0,0,0,100,0,32333.4111328125,157000.013671875,0,404327403520,8589930496,5945741312,114688
10,1791570591588,2500,2500,800,800,800,800,800,800,2500,2500,2500,2500,2500,2506,800,800,0,0,0,0,0,5,0,5.263157844543457,0,0,5,0,0,0,100,0,32333.56768798828,157000.32830810547,0,404327403520,8589930496,5945741312,114688
9,1791570591598,2500,2500,800,800,800,800,800,800,2500,2500,2500,2500,2500,2506,800,800,0,0,0,0,0,5,0,5.263157844543457,0,0,5,0,0,0,100,0,32333.738830566406,157000.6742553711,0,404327403520,8589930496,5954166784,114688
9,1791570591608,2500,2500,800,800,800,800,800,800,2500,2500,2500,2500,2500,2506,800,800,0,0,0,0,0,5,0,5.263157844543457,0,0,5,0,0,0,100,0,32333.89013671875,157000.9835205078,0,404327403520,8589930496,5954166784,114688
9,1791570591618,2500,2500,800,800,800,800,800,800,2500,2500,2500,2500,2500,2506,800,800,0,0,0,0,0,5,0,5.263157844543457,0,0,5,0,0,0,100,0,32334.03936767578,157001.29919433594,0,404327403520,8589930496,5954166784,114688
9,1791570591628,2500,2500,800,800,800,800,800,800,2500,2500,2500,2500,2500,2506,800,800,0,0,0,0,0,5,0,5.263157844543457,0,0,5,0,0,0,100,0,32334.192993164063,157001.61602783203,0,404327403520,8589930496,5962096640,114688
9,1791570591638,2500,2500,800,800,800,800,800,800,2500,2500,2500,2500,2500,2506,800,800,0,0,0,0,0,5,0,5.263157844543457,0,0,5,0,0,0,100,0,32334.342224121094,157001.93194580078,0,404327403520,8589930496,5962096640,114688
9,1791570591649,2500,2500,800,800,800,800,800,800,2500,2500,2500,2500,2500,2506,800,800,0,0,0,0,0,5,0,5.263157844543457,0,0,5,0,0,0,100,0,32334.489379882813,157002.25073242188,0,404327403520,8589930496,5962096640,114688
9,1791570591659,2500,2500,800,800,800,800,800,800,2500,2500,2500,2500,2500,2506,800,800,0,0,0,0,0,5,0,5.263157844543457,0,0,5,0,0,0,100,0,32334.642822265625,157002.56658935547,0,404327403520,8589930496,5962096640,114688
10,1791570591669,2500,2500,800,800,800,800,800,800,2500,2500,2500,2500,2500,2506,800,800,0,0,0,0,0,5,0,5.263157844543457,0,0,5,0,0,0,100,0,32334.79364013672,157002.8770751953,0,404327403520,8589930496,5970522112,114688
9,1791570591679,2500,2500,800,800,800,800,800,800,2500,2500,2500,2500,2500,2506,800,800,0,0,0,0,0,5,0,5.263157844543457,0,0,5,0,0,0,100,0,32334.94561767578,157003.1928100586,0,404327403520,8589930496,5970522112,114688
9,1791570591689,2500,2500,800,800,800,800,800,800,2500,2500,2500,2500,2500,2506,800,800,0,0,0,0,0,5,0,5.263157844543457,0,0,5,0,0,0,100,0,32335.09619140625,157003.5082397461,0,404327403520,8589930496,5970522112,114688
9,1791570591699,2500,2500,800,800,800,800,800,800,2500,2500,2500,2500,2500,2506,800,800,0,0,0,0,0,5,0,5.263157844543457,0,0,5,0,0,0,100,0,32335.250915527344,157003.82293701172,0,404327403520,8589930496,5970522112,114688
9,1791570591709,2500,2500,800,800,800,800,800,800,2500,2500,2500,2500,2500,2506,800,800,0,0,0,0,0,5,0,5.263157844543457,0,0,5,0,0,0,100,0,32335.401977539063,157004.1390991211,0,404327403520,8589930496,5970522112,114688
9,1791570591719,2500,2500,800,800,800,800,800,800,2500,2500,2500,2500,2500,2506,800,800,0,0,0,0,0,5,0,5.263157844543457,0,0,5,0,0,0,100,0,32335.54901123047,157004.45727539063,0,404327403520,8589930496,5978947584,114688
9,1791570591729,2500,2500,800,800,800,800,800,800,2500,2500,2500,2500,2500,2506,800,800,5.263157844543457,0,0,0,0,0,0,5,0,0,0,0,0,0,100,0,32335.708129882813,157004.80395507813,0,404327403520,8589930496,5978947584,114688
10,1791570591739,2500,2500,800,800,800,800,800,800,2500,2500,2500,2500,2500,2506,800,800,5.263157844543457,0,0,0,0,0,0,5,0,0,0,0,0,0,100,0,32335.847778320313,157005.08947753906,0,404327403520,8589930496,5978947584,114688
9,1791570591749,2500,2500,800,800,800,800,800,800,2500,2500,2500,2500,2500,2506,800,800,5.263157844543457,0,0,0,0,0,0,5,0,0,0,0,0,0,100,0,32336.016174316406,157005.44342041016,0,404327403520,8589930496,5978947584,114688
9,1791570591759,2500,2500,800,800,800,800,800,800,2500,2500,2500,2500,2500,2506,800,800,5.263157844543457,0,0,0,0,0,0,5,0,0,0,0,0,0,100,0,32336.17059326172,157005.75848388672,0,404327403520,8589930496,5986877440,114688
10,1791570591769,2500,2500,800,800,800,800,800,800,2500,2500,2500,2500,2500,2506,800,800,5.263157844543457,0,0,0,0,0,0,5,0,0,0,0,0,0,100,0,32336.327697753906,157006.07244873047,0,404327403520,8589930496,5986877440,114688
9,1791570591779,2500,2500,800,800,800,800,800,800,2500,2500,2500,2500,2500,2506,800,800,5.263157844543457,0,0,0,0,0,0,5,0,0,0,0,0,0,100,0,32336.473693847656,157006.39276123047,0,404327403520,8589930496,5986877440,114688
10,1791570591789,2500,2500,800,800,800,800,800,800,2500,2500,2500,2500,2500,2506,800,800,5.263157844543457,0,0,0,0,0,0,5,0,0,0,0,0,0,100,0,32336.622802734375,157006.7114868164,0,404327403520,8589930496,5986877440,114688
9,1791570591800,2500,2500,800,800,800,800,800,800,2500,2500,2500,2500,2500,2506,800,800,5.263157844543457,0,0,0,0,0,0,5,0,0,0,0,0,0,100,0,32336.77880859375,157007.0249633789,0,404327403520,8589930496,5986877440,114688
10,1791570591810,2500,2500,800,800,800,800,800,800,2500,2500,2500,2500,2500,2506,800,800,5.263157844543457,0,0,0,0,0,0,5,0,0,0,0,0,0,100,0,32336.933532714844,157007.3360595703,0,404327403520,8589930496,5995302912,114688
9,1791570591820,2500,2500,800,800,800,800,800,800,2500,2500,2500,2500,2500,2506,800,800,5.263157844543457,0,0,0,0,0,0,5,0,0,0,0,0,0,100,0,32337.084411621094,157007.65313720703,0,404327403520,8589930496,5995302912,114688
10,1791570591830,2500,2500,800,800,800,800,800,800,2500,2500,2500,2500,2500,2506,800,800,5.263157844543457,0,0,0,0,0,0,5,0,0,0,0,0,0,100,0,32337.233459472656,157007.9698486328,0,404327403520,8589930496,5995302912,114688
9,1791570591840,2500,2500,800,800,800,800,800,800,2500,2500,2500,2500,2500,2506,800,800,5.263157844543457,0,0,0,0,0,0,5,0,0,0,0,0,0,100,0,32337.385375976563,157008.28717041016,0,404327403520,8589930496,5995302912,114688
9,1791570591850,2500,2500,800,800,800,800,800,800,2500,2500,2500,2500,2500,2506,800,800,5.263157844543457,0,0,0,0,0,0,5,0,0,0,0,0,0,100,0,32337.539916992188,157008.60137939453,0,404327403520,8589930496,6003728384,114688
10,1791570591860,2500,2500,800,800,800,800,800,800,2500,2500,2500,2500,2500,2506,800,800,5.263157844543457,0,0,0,0,0,0,5,0,0,0,0,0,0,100,0,32337.690368652344,157008.9115600586,0,404327403520,8589930496,6003728384,114688
10,1791570591870,2500,2500,800,800,800,800,800,800,2500,2500,2500,2500,2500,2506,800,800,5.263157844543457,0,0,0,0,0,0,5,0,0,0,0,0,0,100,0,32337.845275878906,157009.2261352539,0,404327403520,8589930496,6003728384,114688
9,1791570591880,2500,2500,800,800,800,800,800,800,2500,2500,2500,2500,2500,2506,800,800,5.263157844543457,0,0,0,0,0,0,5,0,0,0,0,0,0,100,0,32337.997619628906,157009.54217529297,0,404327403520,8589930496,6003728384,114688
10,1791570591890,2500,2500,800,800,800,800,800,800,2500,2500,2500,2500,2500,2506,800,800,5.263157844543457,0,0,0,0,0,0,5,0,0,0,0,0,0,100,0,32338.150512695313,157009.8555908203,0,404327403520,8589930496,6003728384,114688
9,1791570591900,2500,2500,800,800,800,800,800,800,2500,2500,2500,2500,2500,2506,800,800,5.263157844543457,0,0,0,0,0,0,5,0,0,0,0,0,0,100,0,32338.31787109375,157010.20190429688,0,404327403520,8589930496,6011658240,114688
9,1791570591910,2500,2500,800,800,800,800,800,800,2500,2500,2500,2500,2500,2506,800,800,5.263157844543457,0,0,0,0,0,0,5,0,0,0,0,0,0,100,0,32338.45263671875,157010.4844970703,0,404327403520,8589930496,6011658240,114688
9,1791570591920,2500,2500,800,800,800,800,800,800,2500,2500,2500,2500,2500,2506,800,800,5.263157844543457,0,0,0,0,0,0,5,0,0,0,0,0,0,100,0,32338.618896484375,157010.83447265625,0,404327403520,8589930496,6011658240,114688
10,1791570591930,2500,2500,800,800,800,800,800,800,2500,2500,2500,2500,2500,2506,800,800,5,0,0,0,5,0,0,0,0,0,0,0,0,0,100,0,32338.769409179688,157011.14379882813,0,404327403520,8589930496,6011658240,114688
9,1791570591941,2500,2500,800,800,800,800,800,800,2500,2500,2500,2500,2500,2506,800,800,5,0,0,0,5,0,0,0,0,0,0,0,0,0,100,0,32338.921752929688,157011.45867919922,0,404327403520,8589930496,6020083712,114688
9,1791570591951,2500,2500,800,800,800,800,800,800,2500,2500,2500,2500,2500,2506,800,800,5,0,0,0,5,0,0,0,0,0,0,0,0,0,100,0,32339.065307617188,157011.76989746094,0,404327403520,8589930496,6020083712,114688
9,1791570591961,2500,2500,800,800,800,800,800,800,2500,2500,2500,2500,2500,2506,800,800,5,0,0,0,5,0,0,0,0,0,0,0,0,0,100,0,32339.218200683594,157012.08428955078,0,404327403520,8589930496,6020083712,114688
9,1791570591971,2500,2500,800,800,800,800,800,800,2500,2500,2500,2500,2500,2506,800,800,5,0,0,0,5,0,0,0,0,0,0,0,0,0,100,0,32339.368591308594,157012.39739990234,0,404327403520,8589930496,6020083712,114688
9,1791570591981,2500,2500,800,800,800,800,800,800,2500,2500,2500,2500,2500,2506,800,800,5,0,0,0,5,0,0,0,0,0,0,0,0,0,100,0,32339.518310546875,157012.7163696289,0,404327403520,8589930496,6020083712,114688
10,1791570591991,2500,2500,800,800,800,800,800,800,2500,2500,2500,2500,2500,2506,800,800,5,0,0,0,5,0,0,0,0,0,0,0,0,0,100,0,32339.669921875,157013.03192138672,0,404327403520,8589930496,6028509184,114688
9,1791570592001,2500,2500,800,800,800,800,800,800,2500,2500,2500,2500,2500,2506,800,800,5,0,0,0,5,0,0,0,0,0,0,0,0,0,100,0,32339.82489013672,157013.34399414063,0,404327403520,8589930496,6028509184,114688
9,1791570592011,2500,2500,800,800,800,800,800,800,2500,2500,2500,2500,2500,2506,800,800,5,0,0,0,5,0,0,0,0,0,0,0,0,0,100,0,32339.975708007813,157013.65814208984,0,404327403520,8589930496,6028509184,114688
9,1791570592021,2500,2500,800,800,800,800,800,800,2500,2500,2500,2500,2500,2506,800,800,5,0,0,0,5,0,0,0,0,0,0,0,0,0,100,0,32340.129028320313,157013.96795654297,0,404327403520,8589930496,6028509184,114688
9,1791570592031,2500,2500,800,800,800,800,800,800,2500,2500,2500,2500,2500,2506,800,800,5,0,0,0,5,0,0,0,0,0,0,0,0,0,100,0,32340.279724121094,157014.27740478516,0,404327403520,8589930496,6036439040,114688
9,1791570592041,2500,2500,800,800,800,800,800,800,2500,2500,2500,2500,2500,2506,800,800,5,0,0,0,5,0,0,0,0,0,0,0,0,0,100,0,32340.432739257813,157014.59210205078,0,404327403520,8589930496,6036439040,114688
9,1791570592051,2500,2500,800,800,800,800,800,800,2500,2500,2500,2500,2500,2506,800,800,5,0,0,0,5,0,0,0,0,0,0,0,0,0,100,0,32340.584533691406,157014.90704345703,0,404327403520,8589930496,6036439040,114688
9,1791570592061,2500,2500,800,800,800,800,800,800,2500,2500,2500,2500,2500,2506,800,800,5,0,0,0,5,0,0,0,0,0,0,0,0,0,100,0,32340.735778808594,157015.21533203125,0,404327403520,8589930496,6036439040,114688
9,1791570592072,2500,2500,800,800,800,800,800,800,2500,2500,2500,2500,2500,2506,800,800,5,0,0,0,5,0,0,0,0,0,0,0,0,0,100,0,32340.891052246094,157015.52960205078,0,404327403520,8589930496,6036439040,114688
9,1791570592081,2500,2500,800,800,800,800,800,800,2500,2500,2500,2500,2500,2506,800,800,5,0,0,0,5,0,0,0,0,0,0,0,0,0,100,0,32341.04669189453,157015.84283447266,0,404327403520,8589930496,6044864512,114688
9,1791570592092,2500,2500,800,800,800,800,800,800,2500,2500,2500,2500,2500,2506,800,800,5,0,0,0,5,0,0,0,0,0,0,0,0,0,100,0,32341.21142578125,157016.18975830078,0,404327403520,8589930496,6044864512,114688
9,1791570592102,2500,2500,800,800,800,800,800,800,2500,2500,2500,2500,2500,2506,800,800,5,0,0,0,5,0,0,0,0,0,0,0,0,0,100,0,32341.35174560547,157016.46948242188,0,404327403520,8589930496,6044864512,114688
9,1791570592112,2500,2500,800,800,800,800,800,800,2500,2500,2500,2500,2500,2506,800,800,5,0,0,0,5,0,0,0,0,0,0,0,0,0,100,0,32341.517822265625,157016.81451416016,0,404327403520,8589930496,6028103680,114688
10,1791570592122,2500,2500,800,800,800,800,800,800,2500,2500,2500,2500,2500,2506,800,800,5,0,0,0,5,0,0,0,0,0,0,0,0,0,100,0,32341.668884277344,157017.1287841797,0,404327403520,8589930496,6036033536,114688
9,1791570592132,2500,2500,800,800,800,800,800,800,2500,2500,2500,2500,2500,2506,800,800,5.263157844543457,0,0,0,0,0,0,9.523809432983398,0,0,0,5,0,0,100,0,32341.823181152344,157017.4415283203,0,404327403520,8589930496,6036033536,114688
9,1791570592142,2500,2500,800,800,800,800,800,800,2500,2500,2500,2500,2500,2506,800,800,5.263157844543457,0,0,0,0,0,0,9.523809432983398,0,0,0,5,0,0,100,0,32341.978088378906,157017.75604248047,0,404327403520,8589930496,6036033536,114688
9,1791570592152,2500,2500,800,800,800,800,800,800,2500,2500,2500,2500,2500,2506,800,800,5.263157844543457,0,0,0,0,0,0,9.523809432983398,0,0,0,5,0,0,100,0,32342.13299560547,157018.07000732422,0,404327403520,8589930496,6036033536,114688
9,1791570592162,2500,2500,800,800,800,800,800,800,2500,2500,2500,2500,2500,2506,800,800,5.263157844543457,0,0,0,0,0,0,9.523809432983398,0,0,0,5,0,0,100,0,32342.28369140625,157018.38787841797,0,404327403520,8589930496,6036033536,114688
9,1791570592172,2500,2500,800,800,800,800,800,800,2500,2500,2500,2500,2500,2506,800,800,5.263157844543457,0,0,0,0,0,0,9.523809432983398,0,0,0,5,0,0,100,0,32342.43914794922,157018.70684814453,0,404327403520,8589930496,6044459008,114688
10,1791570592182,2500,2500,800,800,800,800,800,800,2500,2500,2500,2500,2500,2506,800,800,5.263157844543457,0,0,0,0,0,0,9.523809432983398,0,0,0,5,0,0,100,0,32342.59100341797,157019.02099609375,0,404327403520,8589930496,6044459008,114688
9,1791570592192,2500,2500,800,800,800,800,800,800,2500,2500,2500,2500,2500,2506,800,800,5.263157844543457,0,0,0,0,0,0,9.523809432983398,0,0,0,5,0,0,100,0,32342.745544433594,157019.3321533203,0,404327403520,8589930496,6044459008,114688
9,1791570592202,2500,2500,800,800,800,800,800,800,2500,2500,2500,2500,2500,2506,800,800,5.263157844543457,0,0,0,0,0,0,9.523809432983398,0,0,0,5,0,0,100,0,32342.896423339844,157019.650390625,0,404327403520,8589930496,6044459008,114688
9,1791570592212,2500,2500,800,800,800,800,800,800,2500,2500,2500,2500,2500,2506,800,800,5.263157844543457,0,0,0,0,0,0,9.523809432983398,0,0,0,5,0,0,100,0,32343.05206298828,157019.96490478516,0,404327403520,8589930496,6052388864,114688
9,1791570592223,2500,2500,800,800,800,800,800,800,2500,2500,2500,2500,2500,2506,800,800,5.263157844543457,0,0,0,0,0,0,9.523809432983398,0,0,0,5,0,0,100,0,32343.20458984375,157020.28289794922,0,404327403520,8589930496,6052388864,114688
9,1791570592233,2500,2500,800,800,800,800,800,800,2500,2500,2500,2500,2500,2506,800,800,5.263157844543457,0,0,0,0,0,0,9.523809432983398,0,0,0,5,0,0,100,0,32343.35858154297,157020.59411621094,0,404327403520,8589930496,6052388864,114688
9,1791570592243,2500,2500,800,800,800,800,800,800,2500,2500,2500,2500,2500,2506,800,800,5.263157844543457,0,0,0,0,0,0,9.523809432983398,0,0,0,5,0,0,100,0,32343.526489257813,157020.939453125,0,404327403520,8589930496,6052388864,114688
9,1791570592253,2500,2500,800,800,800,800,800,800,2500,2500,2500,2500,2500,2506,800,800,5.263157844543457,0,0,0,0,0,0,9.523809432983398,0,0,0,5,0,0,100,0,32343.678833007813,157021.25549316406,0,404327403520,8589930496,6052388864,114688
9,1791570592263,2500,2500,800,800,800,800,800,800,2500,2500,2500,2500,2500,2506,800,800,5.263157844543457,0,0,0,0,0,0,9.523809432983398,0,0,0,5,0,0,100,0,32343.830078125,157021.57135009766,0,404327403520,8589930496,6060814336,114688
9,1791570592273,2500,2500,800,800,800,800,800,800,2500,2500,2500,2500,2500,2506,800,800,5.263157844543457,0,0,0,0,0,0,9.523809432983398,0,0,0,5,0,0,100,0,32343.976623535156,157021.88189697266,0,404327403520,8589930496,6060814336,114688
10,1791570592283,2500,2500,800,800,800,800,800,800,2500,2500,2500,2500,2500,2506,800,800,5.263157844543457,0,0,0,0,0,0,9.523809432983398,0,0,0,5,0,0,100,0,32344.110900878906,157022.16998291016,0,404327403520,8589930496,6060814336,114688
10,1791570592293,2500,2500,800,800,800,800,800,800,2500,2500,2500,2500,2500,2506,800,800,5.263157844543457,0,0,0,0,0,0,9.523809432983398,0,0,0,5,0,0,100,0,32344.278198242188,157022.52075195313,0,404327403520,8589930496,6060814336,114688
9,1791570592303,2500,2500,800,800,800,800,800,800,2500,2500,2500,2500,2500,2506,800,800,5.263157844543457,0,0,0,0,0,0,9.523809432983398,0,0,0,5,0,0,100,0,32344.432739257813,157022.8380126953,0,404327403520,8589930496,6069239808,114688
9,1791570592313,2500,2500,800,800,800,800,800,800,2500,2500,2500,2500,2500,2506,800,800,5.263157844543457,0,0,0,0,0,0,9.523809432983398,0,0,0,5,0,0,100,0,32344.58526611328,157023.15588378906,0,404327403520,8589930496,6069239808,114688
9,1791570592323,2500,2500,800,800,800,800,800,800,2500,2500,2500,2500,2500,2506,800,800,5.263157844543457,0,0,0,0,0,0,9.523809432983398,0,0,0,5,0,0,100,0,32344.74200439453,157023.47662353516,0,404327403520,8589930496,6069239808,114688
9,1791570592333,2500,2500,800,800,800,800,800,800,2500,2500,2500,2500,2500,2506,800,800,0,5,4.761904716491699,0,0,0,0,5.263157844543457,0,0,0,0,0,0,100,0,32344.893981933594,157023.78729248047,0,404327403520,8589930496,6069239808,114688
9,1791570592343,2500,2500,800,800,800,800,800,800,2500,2500,2500,2500,2500,2506,800,800,0,5,4.761904716491699,0,0,0,0,5.263157844543457,0,0,0,0,0,0,100,0,32345.044311523438,157024.10791015625,0,404327403520,8589930496,6069239808,114688
9,1791570592353,2500,2500,800,800,800,800,800,800,2500,2500,2500,2500,2500,2506,800,800,0,5,4.761904716491699,0,0,0,0,5.263157844543457,0,0,0,0,0,0,100,0,32345.195739746094,157024.42456054688,0,404327403520,8589930496,6077169664,114688
10,1791570592363,2500,2500,800,800,800,800,800,800,2500,2500,2500,2500,2500,2506,800,800,0,5,4.761904716491699,0,0,0,0,5.263157844543457,0,0,0,0,0,0,100,0,32345.346252441406,157024.7416381836,0,404327403520,8589930496,6077169664,114688
9,1791570592374,2500,2500,800,800,800,800,800,800,2500,2500,2500,2500,2500,2506,800,800,0,5,4.761904716491699,0,0,0,0,5.263157844543457,0,0,0,0,0,0,100,0,32345.494750976563,157025.05767822266,0,404327403520,8589930496,6077169664,114688
9,1791570592384,2500,2500,800,800,800,800,800,800,2500,2500,2500,2500,2500,2506,800,800,0,5,4.761904716491699,0,0,0,0,5.263157844543457,0,0,0,0,0,0,100,0,32345.64599609375,157025.37823486328,0,404327403520,8589930496,6077169664,114688
10,1791570592394,2500,2500,800,800,800,800,800,800,2500,2500,2500,2500,2500,2506,800,800,0,5,4.761904716491699,0,0,0,0,5.263157844543457,0,0,0,0,0,0,100,0,32345.791748046875,157025.68914794922,0,404327403520,8589930496,6085595136,114688
9,1791570592404,2500,2500,800,800,800,800,800,800,2500,2500,2500,2500,2500,2506,800,800,0,5,4.761904716491699,0,0,0,0,5.263157844543457,0,0,0,0,0,0,100,0,32345.943908691406,157026.0008544922,0,404327403520,8589930496,6085595136,114688
9,1791570592414,2500,2500,800,800,800,800,800,800,2500,2500,2500,2500,2500,2506,800,800,0,5,4.761904716491699,0,0,0,0,5.263157844543457,0,0,0,0,0,0,100,0,32346.09423828125,157026.31634521484,0,404327403520,8589930496,6085595136,114688
9,1791570592424,2500,2500,800,800,800,800,800,800,2500,2500,2500,2500,2500,2506,800,800,0,5,4.761904716491699,0,0,0,0,5.263157844543457,0,0,0,0,0,0,100,0,32346.25958251953,157026.66186523438,0,404327403520,8589930496,6085595136,114688
9,1791570592434,2500,2500,800,800,800,800,800,800,2500,2500,2500,2500,2500,2506,800,800,0,5,4.761904716491699,0,0,0,0,5.263157844543457,0,0,0,0,0,0,100,0,32346.412658691406,157026.978515625,0,404327403520,8589930496,6085595136,114688
9,1791570592444,2500,2500,800,800,800,800,800,800,2500,2500,2500,2500,2500,2506,800,800,0,5,4.761904716491699,0,0,0,0,5.263157844543457,0,0,0,0,0,0,100,0,32346.56756591797,157027.29180908203,0,404327403520,8589930496,6085595136,114688
9,1791570592454,2500,2500,800,800,800,800,800,800,2500,2500,2500,2500,2500,2506,800,800,0,5,4.761904716491699,0,0,0,0,5.263157844543457,0,0,0,0,0,0,100,0,32346.722778320313,157027.60723876953,0,404327403520,8589930496,6085595136,114688
9,1791570592464,2500,2500,800,800,800,800,800,800,2500,2500,2500,2500,2500,2506,800,800,0,5,4.761904716491699,0,0,0,0,5.263157844543457,0,0,0,0,0,0,100,0,32346.877868652344,157027.92224121094,0,404327403520,8589930496,6085595136,114688
10,1791570592474,2500,2500,800,800,800,800,800,800,2500,2500,2500,2500,2500,2506,800,800,0,5,4.761904716491699,0,0,0,0,5.263157844543457,0,0,0,0,0,0,100,0,32347.03009033203,157028.2338256836,0,404327403520,8589930496,6085595136,114688
9,1791570592484,2500,2500,800,800,800,800,800,800,2500,2500,2500,2500,2500,2506,800,800,0,5,4.761904716491699,0,0,0,0,5.263157844543457,0,0,0,0,0,0,100,0,32347.179138183594,157028.54455566406,0,404327403520,8589930496,6085595136,114688
9,1791570592494,2500,2500,800,800,800,800,800,800,2500,2500,2500,2500,2500,2506,800,800,0,5,4.761904716491699,0,0,0,0,5.263157844543457,0,0,0,0,0,0,100,0,32347.328247070313,157028.85913085938,0,404327403520,8589930496,6085595136,114688
9,1791570592505,2500,2500,800,800,800,800,800,800,2500,2500,2500,2500,2500,2506,800,800,0,5,4.761904716491699,0,0,0,0,5.263157844543457,0,0,0,0,0,0,100,0,32347.479125976563,157029.17303466797,0,404327403520,8589930496,6085595136,114688
9,1791570592515,2500,2500,800,800,800,800,800,800,2500,2500,2500,2500,2500,2506,800,800,0,5,4.761904716491699,0,0,0,0,5.263157844543457,0,0,0,0,0,0,100,0,32347.62744140625,157029.48651123047,0,404327403520,8589930496,6085595136,114688
9,1791570592525,2500,2500,800,800,800,800,800,800,2500,2500,2500,2500,2500,2506,800,800,0,5,4.761904716491699,0,0,0,0,5.263157844543457,0,0,0,0,0,0,100,0,32347.786743164063,157029.79748535156,0,404327403520,8589930496,6085595136,114688
9,1791570592535,2500,2500,800,800,800,800,800,800,2500,2500,2500,2500,2500,2506,800,800,5.263157844543457,0,0,0,0,0,0,5,0,0,0,0,0,0,100,0,32347.94403076172,157030.10876464844,0,404327403520,8589930496,6085595136,114688
9,1791570592545,2500,2500,800,800,800,800,800,800,2500,2500,2500,2500,2500,2506,800,800,5.263157844543457,0,0,0,0,0,0,5,0,0,0,0,0,0,100,0,32348.093383789063,157030.41967773438,0,404327403520,8589930496,6085595136,114688
9,1791570592555,2500,2500,800,800,800,800,800,800,2500,2500,2500,2500,2500,2506,800,800,5.263157844543457,0,0,0,0,0,0,5,0,0,0,0,0,0,100,0,32348.247009277344,157030.73236083984,0,404327403520,8589930496,6085595136,114688
9,1791570592565,2500,2500,800,800,800,800,800,800,2500,2500,2500,2500,2500,2506,800,800,5.263157844543457,0,0,0,0,0,0,5,0,0,0,0,0,0,100,0,32348.3974609375,157031.04455566406,0,404327403520,8589930496,6085595136,114688
9,1791570592575,2500,2500,800,800,800,800,800,800,2500,2500,2500,2500,2500,2506,800,800,5.263157844543457,0,0,0,0,0,0,5,0,0,0,0,0,0,100,0,32348.544555664063,157031.3579711914,0,404327403520,8589930496,6085595136,114688
9,1791570592585,2500,2500,800,800,800,800,800,800,2500,2500,2500,2500,2500,2506,800,800,5.263157844543457,0,0,0,0,0,0,5,0,0,0,0,0,0,100,0,32348.708984375,157031.70050048828,0,404327403520,8589930496,6085595136,114688
9,1791570592595,2500,2500,800,800,800,800,800,800,2500,2500,2500,2500,2500,2506,800,800,5.263157844543457,0,0,0,0,0,0,5,0,0,0,0,0,0,100,0,32348.85675048828,157032.0064086914,0,404327403520,8589930496,6085595136,114688
9,1791570592605,2500,2500,800,800,800,800,800,800,2500,2500,2500,2500,2500,2506,800,800,5.263157844543457,0,0,0,0,0,0,5,0,0,0,0,0,0,100,0,32349.009704589844,157032.3247680664,0,404327403520,8589930496,6085595136,114688
10,1791570592615,2500,2500,800,800,800,800,800,800,2500,2500,2500,2500,2500,2506,800,800,5.263157844543457,0,0,0,0,0,0,5,0,0,0,0,0,0,100,0,32349.15966796875,157032.6421508789,0,404327403520,8589930496,6085595136,114688
9,1791570592625,2500,2500,800,800,800,800,800,800,2500,2500,2500,2500,2500,2506,800,800,5.263157844543457,0,0,0,0,0,0,5,0,0,0,0,0,0,100,0,32349.307067871094,157032.95892333984,0,404327403520,8589930496,6085595136,114688
9,1791570592636,2500,2500,800,800,800,800,800,800,2500,2500,2500,2500,2500,2506,800,800,5.263157844543457,0,0,0,0,0,0,5,0,0,0,0,0,0,100,0,32349.45721435547,157033.27264404297,0,404327403520,8589930496,6085595136,114688
9,1791570592646,2500,2500,800,800,800,800,800,800,2500,2500,2500,2500,2500,2506,800,800,5.263157844543457,0,0,0,0,0,0,5,0,0,0,0,0,0,100,0,32349.608825683594,157033.58569335938,0,404327403520,8589930496,6085595136,114688
9,1791570592656,2500,2500,800,800,800,800,800,800,2500,2500,2500,2500,2500,2506,800,800,5.263157844543457,0,0,0,0,0,0,5,0,0,0,0,0,0,100,0,32349.75860595703,157033.89361572266,0,404327403520,8589930496,6085595136,114688
9,1791570592666,2500,2500,800,800,800,800,800,800,2500,2500,2500,2500,2500,2506,800,800,5.263157844543457,0,0,0,0,0,0,5,0,0,0,0,0,0,100,0,32349.908203125,157034.20556640625,0,404327403520,8589930496,6085595136,114688
9,1791570592676,2500,2500,800,800,800,800,800,800,2500,2500,2500,2500,2500,2506,800,800,5.263157844543457,0,0,0,0,0,0,5,0,0,0,0,0,0,100,0,32350.05615234375,157034.52075195313,0,404327403520,8589930496,6085595136,114688
10,1791570592686,2500,2500,800,800,800,800,800,800,2500,2500,2500,2500,2500,2506,800,800,5.263157844543457,0,0,0,0,0,0,5,0,0,0,0,0,0,100,0,32350.200805664063,157034.83740234375,0,404327403520,8589930496,6085595136,114688
9,1791570592696,2500,2500,800,800,800,800,800,800,2500,2500,2500,2500,2500,2506,800,800,5.263157844543457,0,0,0,0,0,0,5,0,0,0,0,0,0,100,0,32350.35516357422,157035.15002441406,0,404327403520,8589930496,6085595136,114688
9,1791570592706,2500,2500,800,800,800,800,800,800,2500,2500,2500,2500,2500,2506,800,800,5.263157844543457,0,0,0,0,0,0,5,0,0,0,0,0,0,100,0,32350.50518798828,157035.46435546875,0,404327403520,8589930496,6085595136,114688
9,1791570592716,2500,2500,800,800,800,800,800,800,2500,2500,2500,2500,2500,2506,800,800,5.263157844543457,0,0,0,0,0,0,5,0,0,0,0,0,0,100,0,32350.656982421875,157035.7749633789,0,404327403520,8589930496,6085595136,114688
9,1791570592726,2500,2500,800,800,800,800,800,800,2500,2500,2500,2500,2500,2506,800,800,5.263157844543457,0,0,0,0,0,0,5,0,0,0,0,0,0,100,0,32350.803833007813,157036.08917236328,0,404327403520,8589930496,6085595136,114688
10,1791570592736,2500,2500,800,800,800,800,800,800,2500,2500,2500,2500,2500,2506,800,800,5,0,0,0,0,0,4.761904716491699,5,0,0,5,0,5,5,100,4.761904716491699,32350.955993652344,157036.40234375,0,404327403520,8589930496,6085595136,114688
9,1791570592746,2500,2500,800,800,800,800,800,800,2500,2500,2500,2500,2500,2506,800,800,5,0,0,0,0,0,4.761904716491699,5,0,0,5,0,5,5,100,4.761904716491699,32351.11932373047,157036.75170898438,0,404327403520,8589930496,6085595136,114688
9,1791570592756,2500,2500,800,800,800,800,800,800,2500,2500,2500,2500,2500,2506,800,800,5,0,0,0,0,0,4.761904716491699,5,0,0,5,0,5,5,100,4.761904716491699,32351.273315429688,157037.06774902344,0,404327403520,8589930496,6085595136,114688
9,1791570592766,2500,2500,800,800,800,800,800,800,2500,2500,2500,2500,2500,2506,800,800,5,0,0,0,0,0,4.761904716491699,5,0,0,5,0,5,5,100,4.761904716491699,32351.42071533203,157037.38354492188,0,404327403520,8589930496,6085595136,114688
9,1791570592776,2500,2500,800,800,800,800,800,800,2500,2500,2500,2500,2500,2506,800,800,5,0,0,0,0,0,4.761904716491699,5,0,0,5,0,5,5,100,4.761904716491699,32351.56964111328,157037.69708251953,0,404327403520,8589930496,6085595136,114688
9,1791570592787,2500,2500,800,800,800,800,800,800,2500,2500,2500,2500,2500,2506,800,800,5,0,0,0,0,0,4.761904716491699,5,0,0,5,0,5,5,100,4.761904716491699,32351.71649169922,157038.01440429688,0,404327403520,8589930496,6085595136,114688
9,1791570592797,2500,2500,800,800,800,800,800,800,2500,2500,2500,2500,2500,2506,800,800,5,0,0,0,0,0,4.761904716491699,5,0,0,5,0,5,5,100,4.761904716491699,32351.87127685547,157038.32275390625,0,404327403520,8589930496,6085595136,114688
10,1791570592807,2500,2500,800,800,800,800,800,800,2500,2500,2500,2500,2500,2506,800,800,5,0,0,0,0,0,4.761904716491699,5,0,0,5,0,5,5,100,4.761904716491699,32352.025634765625,157038.63580322266,0,404327403520,8589930496,6085595136,114688
9,1791570592817,2500,2500,800,800,800,800,800,800,2500,2500,2500,2500,2500,2506,800,800,5,0,0,0,0,0,4.761904716491699,5,0,0,5,0,5,5,100,4.761904716491699,32352.179321289063,157038.95391845703,0,404327403520,8589930496,6085595136,114688
9,1791570592827,2500,2500,800,800,800,800,800,800,2500,2500,2500,2500,2500,2506,800,800,5,0,0,0,0,0,4.761904716491699,5,0,0,5,0,5,5,100,4.761904716491699,32352.326904296875,157039.27014160156,0,404327403520,8589930496,6085595136,114688
9,1791570592837,2500,2500,800,800,800,800,800,800,2500,2500,2500,2500,2500,2506,800,800,5,0,0,0,0,0,4.761904716491699,5,0,0,5,0,5,5,100,4.761904716491699,32352.478881835938,157039.58599853516,0,404327403520,8589930496,6085595136,114688
9,1791570592847,2500,2500,800,800,800,800,800,800,2500,2500,2500,2500,2500,2506,800,800,5,0,0,0,0,0,4.761904716491699,5,0,0,5,0,5,5,100,4.761904716491699,32352.62628173828,157039.9009399414,0,404327403520,8589930496,6085595136,114688
9,1791570592857,2500,2500,800,800,800,800,800,800,2500,2500,2500,2500,2500,2506,800,800,5,0,0,0,0,0,4.761904716491699,5,0,0,5,0,5,5,100,4.761904716491699,32352.77734375,157040.21270751953,0,404327403520,8589930496,6085595136,114688
10,1791570592867,2500,2500,800,800,800,800,800,800,2500,2500,2500,2500,2500,2506,800,800,5,0,0,0,0,0,4.761904716491699,5,0,0,5,0,5,5,100,4.761904716491699,32352.92529296875,157040.52783203125,0,404327403520,8589930496,6085595136,114688
9,1791570592877,2500,2500,800,800,800,800,800,800,2500,2500,2500,2500,2500,2506,800,800,5,0,0,0,0,0,4.761904716491699,5,0,0,5,0,5,5,100,4.761904716491699,32353.07928466797,157040.84301757813,0,404327403520,8589930496,6085595136,114688
9,1791570592887,2500,2500,800,800,800,800,800,800,2500,2500,2500,2500,2500,2506,800,800,5,0,0,0,0,0,4.761904716491699,5,0,0,5,0,5,5,100,4.761904716491699,32353.23162841797,157041.15588378906,0,404327403520,8589930496,6085595136,114688
10,1791570592897,2500,2500,800,800,800,800,800,800,2500,2500,2500,2500,2500,2506,800,800,5,0,0,0,0,0,4.761904716491699,5,0,0,5,0,5,5,100,4.761904716491699,32353.38592529297,157041.46685791016,0,404327403520,8589930496,6085595136,114688
9,1791570592907,2500,2500,800,800,800,800,800,800,2500,2500,2500,2500,2500,2506,800,800,5,0,0,0,0,0,4.761904716491699,5,0,0,5,0,5,5,100,4.761904716491699,32353.53302001953,157041.78057861328,0,404327403520,8589930496,6085595136,114688
10,1791570592917,2500,2500,800,800,800,800,800,800,2500,2500,2500,2500,2500,2506,800,800,5,0,0,0,0,0,4.761904716491699,5,0,0,5,0,5,5,100,4.761904716491699,32353.681701660156,157042.08850097656,0,404327403520,8589930496,6085595136,114688
9,1791570592927,2500,2500,800,800,800,800,800,800,2500,2500,2500,2500,2500,2506,800,800,5,0,0,0,0,0,4.761904716491699,5,0,0,5,0,5,5,100,4.761904716491699,32353.83221435547,157042.40380859375,0,404327403520,8589930496,6085595136,114688
9,1791570592938,2500,2500,800,800,800,800,800,800,2500,2500,2500,2500,2500,2506,800,800,5.263157844543457,0,0,0,0,0,0,10,0,0,0,0,0,0,100,0,32353.99609375,157042.74871826172,0,404327403520,8589930496,6085595136,114688
9,1791570592948,2500,2500,800,800,800,800,800,800,2500,2500,2500,2500,2500,2506,800,800,5.263157844543457,0,0,0,0,0,0,10,0,0,0,0,0,0,100,0,32354.14697265625,157043.0616455078,0,404327403520,8589930496,6085595136,114688
9,1791570592958,2500,2500,800,800,800,800,800,800,2500,2500,2500,2500,2500,2506,800,800,5.263157844543457,0,0,0,0,0,0,10,0,0,0,0,0,0,100,0,32354.29852294922,157043.37493896484,0,404327403520,8589930496,6085595136,114688
9,1791570592968,2500,2500,800,800,800,800,800,800,2500,2500,2500,2500,2500,2506,800,800,5.263157844543457,0,0,0,0,0,0,10,0,0,0,0,0,0,100,0,32354.4501953125,157043.69018554688,0,404327403520,8589930496,6085595136,114688
9,1791570592978,2500,2500,800,800,800,800,800,800,2500,2500,2500,2500,2500,2506,800,800,5.263157844543457,0,0,0,0,0,0,10,0,0,0,0,0,0,100,0,32354.605590820313,157043.9994506836,0,404327403520,8589930496,6085595136,114688
10,1791570592988,2500,2500,800,800,800,800,800,800,2500,2500,2500,2500,2500,2506,800,800,5.263157844543457,0,0,0,0,0,0,10,0,0,0,0,0,0,100,0,32354.75408935547,157044.30670166016,0,404327403520,8589930496,6085595136,114688
9,1791570592998,2500,2500,800,800,800,800,800,800,2500,2500,2500,2500,2500,2506,800,800,5.263157844543457,0,0,0,0,0,0,10,0,0,0,0,0,0,100,0,32354.905395507813,157044.6163330078,0,404327403520,8589930496,6085595136,114688
9,1791570593008,2500,2500,800,800,800,800,800,800,2500,2500,2500,2500,2500,2506,800,800,5.263157844543457,0,0,0,0,0,0,10,0,0,0,0,0,0,100,0,32355.05352783203,157044.9291381836,0,404327403520,8589930496,6085595136,114688
10,1791570593018,2500,2500,800,800,800,800,800,800,2500,2500,2500,2500,2500,2506,800,800,5.263157844543457,0,0,0,0,0,0,10,0,0,0,0,0,0,100,0,32355.208435058594,157045.2391357422,0,404327403520,8589930496,6085595136,114688
9,1791570593028,2500,2500,800,800,800,800,800,800,2500,2500,2500,2500,2500,2506,800,800,5.263157844543457,0,0,0,0,0,0,10,0,0,0,0,0,0,100,0,32355.360412597656,157045.5516357422,0,404327403520,8589930496,6085595136,114688
9,1791570593038,2500,2500,800,800,800,800,800,800,2500,2500,2500,2500,2500,2506,800,800,5.263157844543457,0,0,0,0,0,0,10,0,0,0,0,0,0,100,0,32355.511840820313,157045.86547851563,0,404327403520,8589930496,6085595136,114688
10,1791570593048,2500,2500,800,800,800,800,800,800,2500,2500,2500,2500,2500,2506,800,800,5.263157844543457,0,0,0,0,0,0,10,0,0,0,0,0,0,100,0,32355.65997314453,157046.17797851563,0,404327403520,8589930496,6085595136,114688
9,1791570593058,2500,2500,800,800,800,800,800,800,2500,2500,2500,2500,2500,2506,800,800,5.263157844543457,0,0,0,0,0,0,10,0,0,0,0,0,0,100,0,32355.813415527344,157046.49182128906,0,404327403520,8589930496,6085595136,114688
10,1791570593068,2500,2500,800,800,800,800,800,800,2500,2500,2500,2500,2500,2506,800,800,5.263157844543457,0,0,0,0,0,0,10,0,0,0,0,0,0,100,0,32355.961181640625,157046.80438232422,0,404327403520,8589930496,6085595136,114688
9,1791570593079,2500,2500,800,800,800,800,800,800,2500,2500,2500,2500,2500,2506,800,800,5.263157844543457,0,0,0,0,0,0,10,0,0,0,0,0,0,100,0,32356.12725830078,157047.1528930664,0,404327403520,8589930496,6085595136,114688
9,1791570593089,2500,2500,800,800,800,800,800,800,2500,2500,2500,2500,2500,2506,800,800,5.263157844543457,0,0,0,0,0,0,10,0,0,0,0,0,0,100,0,32356.279235839844,157047.4678955078,0,404327403520,8589930496,6085595136,114688
9,1791570593099,2500,2500,800,800,800,800,800,800,2500,2500,2500,2500,2500,2506,800,800,5.263157844543457,0,0,0,0,0,0,10,0,0,0,0,0,0,100,0,32356.426818847656,157047.78381347656,0,404327403520,8589930496,6085595136,114688
9,1791570593109,2500,2500,800,800,800,800,800,800,2500,2500,2500,2500,2500,2506,800,800,5.263157844543457,0,0,0,0,0,0,10,0,0,0,0,0,0,100,0,32356.580810546875,157048.0985107422,0,404327403520,8589930496,6085595136,114688
9,1791570593119,2500,2500,800,800,800,800,800,800,2500,2500,2500,2500,2500,2506,800,800,5.263157844543457,0,0,0,0,0,0,10,0,0,0,0,0,0,100,0,32356.731506347656,157048.40771484375,0,404327403520,8589930496,6085595136,114688
9,1791570593129,2500,2500,800,800,800,800,800,800,2500,2500,2500,2500,2500,2506,800,800,5.263157844543457,0,0,0,0,0,0,10,0,0,0,0,0,0,100,0,32356.88641357422,157048.72076416016,0,404327403520,8589930496,6068101120,114688
9,1791570593139,2500,2500,800,800,800,800,800,800,2500,2500,2500,2500,2500,2506,800,800,5.263157844543457,0,0,0,0,0,0,5,0,0,0,0,0,0,100,0,32357.02850341797,157049.03411865234,0,404327403520,8589930496,6068101120,114688
9,1791570593149,2500,2500,800,800,800,800,800,800,2500,2500,2500,2500,2500,2506,800,800,5.263157844543457,0,0,0,0,0,0,5,0,0,0,0,0,0,100,0,32357.17626953125,157049.34857177734,0,404327403520,8589930496,6068101120,114688
9,1791570593159,2500,2500,800,800,800,800,800,800,2500,2500,2500,2500,2500,2506,800,800,5.263157844543457,0,0,0,0,0,0,5,0,0,0,0,0,0,100,0,32357.329528808594,157049.66381835938,0,404327403520,8589930496,6068101120,114688
9,1791570593169,2500,2500,800,800,800,800,800,800,2500,2500,2500,2500,2500,2506,800,800,5.263157844543457,0,0,0,0,0,0,5,0,0,0,0,0,0,100,0,32357.481506347656,157049.97729492188,0,404327403520,8589930496,6068101120,114688
10,1791570593179,2500,2500,800,800,800,800,800,800,2500,2500,2500,2500,2500,2506,800,800,5.263157844543457,0,0,0,0,0,0,5,0,0,0,0,0,0,100,0,32357.637268066406,157050.2889404297,0,404327403520,8589930496,6068101120,114688
9,1791570593189,2500,2500,800,800,800,800,800,800,2500,2500,2500,2500,2500,2506,800,800,5.263157844543457,0,0,0,0,0,0,5,0,0,0,0,0,0,100,0,32357.787048339844,157050.6000366211,0,404327403520,8589930496,6068101120,114688
10,1791570593199,2500,2500,800,800,800,800,800,800,2500,2500,2500,2500,2500,2506,800,800,5.263157844543457,0,0,0,0,0,0,5,0,0,0,0,0,0,100,0,32357.93865966797,157050.9139404297,0,404327403520,8589930496,6068101120,114688
9,1791570593210,2500,2500,800,800,800,800,800,800,2500,2500,2500,2500,2500,2506,800,800,5.263157844543457,0,0,0,0,0,0,5,0,0,0,0,0,0,100,0,32358.091552734375,157051.22845458984,0,404327403520,8589930496,6068101120,114688
9,1791570593220,2500,2500,800,800,800,800,800,800,2500,2500,2500,2500,2500,2506,800,800,5.263157844543457,0,0,0,0,0,0,5,0,0,0,0,0,0,100,0,32358.256408691406,157051.56756591797,0,404327403520,8589930496,6068101120,114688
9,1791570593230,2500,2500,800,800,800,800,800,800,2500,2500,2500,2500,2500,2506,800,800,5.263157844543457,0,0,0,0,0,0,5,0,0,0,0,0,0,100,0,32358.395385742188,157051.84991455078,0,404327403520,8589930496,6068101120,114688
9,1791570593240,2500,2500,800,800,800,800,800,800,2500,2500,2500,2500,2500,2506,800,800,5.263157844543457,0,0,0,0,0,0,5,0,0,0,0,0,0,100,0,32358.563842773438,157052.19219970703,0,404327403520,8589930496,6068101120,114688
9,1791570593250,2500,2500,800,800,800,800,800,800,2500,2500,2500,2500,2500,2506,800,800,5.263157844543457,0,0,0,0,0,0,5,0,0,0,0,0,0,100,0,32358.719360351563,157052.5028076172,0,404327403520,8589930496,6068101120,114688
9,1791570593260,2500,2500,800,800,800,800,800,800,2500,2500,2500,2500,2500,2506,800,800,5.263157844543457,0,0,0,0,0,0,5,0,0,0,0,0,0,100,0,32358.858520507813,157052.79193115234,0,404327403520,8589930496,6068101120,114688
9,1791570593270,2500,2500,800,800,800,800,800,800,2500,2500,2500,2500,2500,2506,800,800,5.263157844543457,0,0,0,0,0,0,5,0,0,0,0,0,0,100,0,32359.026611328125,157053.13836669922,0,404327403520,8589930496,6068101120,114688
10,1791570593280,2500,2500,800,800,800,800,800,800,2500,2500,2500,2500,2500,2506,800,800,5.263157844543457,0,0,0,0,0,0,5,0,0,0,0,0,0,100,0,32359.161193847656,157053.42053222656,0,404327403520,8589930496,6068101120,114688
9,1791570593290,2500,2500,800,800,800,800,800,800,2500,2500,2500,2500,2500,2506,800,800,5.263157844543457,0,0,0,0,0,0,5,0,0,0,0,0,0,100,0,32359.32489013672,157053.7646484375,0,404327403520,8589930496,6068101120,114688
9,1791570593300,2500,2500,800,800,800,800,800,800,2500,2500,2500,2500,2500,2506,800,800,5.263157844543457,0,0,0,0,0,0,5,0,0,0,0,0,0,100,0,32359.47998046875,157054.0767211914,0,404327403520,8589930496,6068101120,114688
10,1791570593310,2500,2500,800,800,800,800,800,800,2500,2500,2500,2500,2500,2506,800,800,5.263157844543457,0,0,0,0,0,0,5,0,0,0,0,0,0,100,0,32359.6318359375,157054.39221191406,0,404327403520,8589930496,6068101120,114688
10,1791570593320,2500,2500,800,800,800,800,800,800,2500,2500,2500,2500,2500,2506,800,800,5.263157844543457,0,0,0,0,0,0,5,0,0,0,0,0,0,100,0,32359.786376953125,157054.7139892578,0,404327403520,8589930496,6068101120,114688
10,1791570593330,2500,2500,800,800,800,800,800,800,2500,2500,2500,2500,2500,2506,800,800,5.263157844543457,0,0,0,0,0,0,5,0,0,0,0,0,0,100,0,32359.943115234375,157055.03100585938,0,404327403520,8589930496,6068101120,114688
9,1791570593340,2500,2500,800,800,800,800,800,800,2500,2500,2500,2500,2500,2506,800,800,0,0,0,0,0,0,0,5.263157844543457,0,0,0,0,0,0,100,0,32360.099670410156,157055.34692382813,0,404327403520,8589930496,6068101120,114688
9,1791570593350,2500,2500,800,800,800,800,800,800,2500,2500,2500,2500,2500,2506,800,800,0,0,0,0,0,0,0,5.263157844543457,0,0,0,0,0,0,100,0,32360.24835205078,157055.66094970703,0,404327403520,8589930496,6068101120,114688
10,1791570593360,2500,2500,800,800,800,800,800,800,2500,2500,2500,2500,2500,2506,800,800,0,0,0,0,0,0,0,5.263157844543457,0,0,0,0,0,0,100,0,32360.398681640625,157055.97625732422,0,404327403520,8589930496,6068101120,114688
9,1791570593371,2500,2500,800,800,800,800,800,800,2500,2500,2500,2500,2500,2506,800,800,0,0,0,0,0,0,0,5.263157844543457,0,0,0,0,0,0,100,0,32360.54736328125,157056.29345703125,0,404327403520,8589930496,6068101120,114688
9,1791570593381,2500,2500,800,800,800,800,800,800,2500,2500,2500,2500,2500,2506,800,800,0,0,0,0,0,0,0,5.263157844543457,0,0,0,0,0,0,100,0,32360.697875976563,157056.6063232422,0,404327403520,8589930496,6068101120,114688
9,1791570593391,2500,2500,800,800,800,800,800,800,2500,2500,2500,2500,2500,2506,800,800,0,0,0,0,0,0,0,5.263157844543457,0,0,0,0,0,0,100,0,32360.85498046875,157056.91717529297,0,404327403520,8589930496,6068101120,114688
9,1791570593401,2500,2500,800,800,800,800,800,800,2500,2500,2500,2500,2500,2506,800,800,0,0,0,0,0,0,0,5.263157844543457,0,0,0,0,0,0,100,0,32361.003784179688,157057.23077392578,0,404327403520,8589930496,6068101120,114688
9,1791570593411,2500,2500,800,800,800,800,800,800,2500,2500,2500,2500,2500,2506,800,800,0,0,0,0,0,0,0,5.263157844543457,0,0,0,0,0,0,100,0,32361.171752929688,157057.57586669922,0,404327403520,8589930496,6068101120,114688
9,1791570593421,2500,2500,800,800,800,800,800,800,2500,2500,2500,2500,2500,2506,800,800,0,0,0,0,0,0,0,5.263157844543457,0,0,0,0,0,0,100,0,32361.30615234375,157057.8575439453,0,404327403520,8589930496,6068101120,114688
9,1791570593431,2500,2500,800,800,800,800,800,800,2500,2500,2500,2500,2500,2506,800,800,0,0,0,0,0,0,0,5.263157844543457,0,0,0,0,0,0,100,0,32361.471313476563,157058.2060546875,0,404327403520,8589930496,6068101120,114688
9,1791570593441,2500,2500,800,800,800,800,800,800,2500,2500,2500,2500,2500,2506,800,800,0,0,0,0,0,0,0,5.263157844543457,0,0,0,0,0,0,100,0,32361.620544433594,157058.5155029297,0,404327403520,8589930496,6068101120,114688
9,1791570593451,2500,2500,800,800,800,800,800,800,2500,2500,2500,2500,2500,2506,800,800,0,0,0,0,0,0,0,5.263157844543457,0,0,0,0,0,0,100,0,32361.77947998047,157058.82934570313,0,404327403520,8589930496,6068101120,114688
9,1791570593461,2500,2500,800,800,800,800,800,800,2500,2500,2500,2500,2500,2506,800,800,0,0,0,0,0,0,0,5.263157844543457,0,0,0,0,0,0,100,0,32361.930541992188,157059.1444091797,0,404327403520,8589930496,6068101120,114688
9,1791570593471,2500,2500,800,800,800,800,800,800,2500,2500,2500,2500,2500,2506,800,800,0,0,0,0,0,0,0,5.263157844543457,0,0,0,0,0,0,100,0,32362.08526611328,157059.4591064453,0,404327403520,8589930496,6068101120,114688
9,1791570593481,2500,2500,800,800,800,800,800,800,2500,2500,2500,2500,2500,2506,800,800,0,0,0,0,0,0,0,5.263157844543457,0,0,0,0,0,0,100,0,32362.237243652344,157059.7742919922,0,404327403520,8589930496,6068101120,114688
9,1791570593492,2500,2500,800,800,800,800,800,800,2500,2500,2500,2500,2500,2506,800,800,0,0,0,0,0,0,0,5.263157844543457,0,0,0,0,0,0,100,0,32362.386474609375,157060.0909423828,0,404327403520,8589930496,6068101120,114688
10,1791570593501,2500,2500,800,800,800,800,800,800,2500,2500,2500,2500,2500,2506,800,800,0,0,0,0,0,0,0,5.263157844543457,0,0,0,0,0,0,100,0,32362.544860839844,157060.40209960938,0,404327403520,8589930496,6068101120,114688
9,1791570593512,2500,2500,800,800,800,800,800,800,2500,2500,2500,2500,2500,2506,800,800,0,0,0,0,0,0,0,5.263157844543457,0,0,0,0,0,0,100,0,32362.69921875,157060.70764160156,0,404327403520,8589930496,6068101120,114688
9,1791570593522,2500,2500,800,800,800,800,800,800,2500,2500,2500,2500,2500,2506,800,800,0,0,0,0,0,0,0,5.263157844543457,0,0,0,0,0,0,100,0,32362.849182128906,157061.0252685547,0,404327403520,8589930496,6068101120,114688
9,1791570593532,2500,2500,800,800,800,800,800,800,2500,2500,2500,2500,2500,2506,800,800,0,0,0,0,0,0,0,5.263157844543457,0,0,0,0,0,0,100,0,32362.999938964844,157061.34045410156,0,404327403520,8589930496,6068101120,114688
9,1791570593542,2500,2500,800,800,800,800,800,800,2500,2500,2500,2500,2500,2506,800,800,5,5,0,0,0,0,0,5,5,5,0,4.761904716491699,0,0,100,0,32363.157958984375,157061.65325927734,0,404327403520,8589930496,6068101120,114688
9,1791570593552,2500,2500,800,800,800,800,800,800,2500,2500,2500,2500,2500,2506,800,800,5,5,0,0,0,0,0,5,5,5,0,4.761904716491699,0,0,100,0,32363.312866210938,157061.96844482422,0,404327403520,8589930496,6068101120,114688
10,1791570593562,2500,2500,800,800,800,800,800,800,2500,2500,2500,2500,2500,2506,800,800,5,5,0,0,0,0,0,5,5,5,0,4.761904716491699,0,0,100,0,32363.462463378906,157062.2803955078,0,404327403520,8589930496,6068101120,114688
10,1791570593572,2500,2500,800,800,800,800,800,800,2500,2500,2500,2500,2500,2506,800,800,5,5,0,0,0,0,0,5,5,5,0,4.761904716491699,0,0,100,0,32363.61474609375,157062.59130859375,0,404327403520,8589930496,6068101120,114688
9,1791570593582,2500,2500,800,800,800,800,800,800,2500,2500,2500,2500,2500,2506,800,800,5,5,0,0,0,0,0,5,5,5,0,4.761904716491699,0,0,100,0,32363.785217285156,157062.93670654297,0,404327403520,8589930496,6068101120,114688
9,1791570593592,2500,2500,800,800,800,800,800,800,2500,2500,2500,2500,2500,2506,800,800,5,5,0,0,0,0,0,5,5,5,0,4.761904716491699,0,0,100,0,32363.921325683594,157063.2202758789,0,404327403520,8589930496,6068101120,114688
9,1791570593602,2500,2500,800,800,800,800,800,800,2500,2500,2500,2500,2500,2506,800,800,5,5,0,0,0,0,0,5,5,5,0,4.761904716491699,0,0,100,0,32364.087951660156,157063.56549072266,0,404327403520,8589930496,6068101120,114688
9,1791570593612,2500,2500,800,800,800,800,800,800,2500,2500,2500,2500,2500,2506,800,800,5,5,0,0,0,0,0,5,5,5,0,4.761904716491699,0,0,100,0,32364.24188232422,157063.88500976563,0,404327403520,8589930496,6068101120,114688
9,1791570593622,2500,2500,800,800,800,800,800,800,2500,2500,2500,2500,2500,2506,800,800,5,5,0,0,0,0,0,5,5,5,0,4.761904716491699,0,0,100,0,32364.390686035156,157064.2021484375,0,404327403520,8589930496,6068101120,114688
9,1791570593632,2500,2500,800,800,800,800,800,800,2500,2500,2500,2500,2500,2506,800,800,5,5,0,0,0,0,0,5,5,5,0,4.761904716491699,0,0,100,0,32364.543395996094,157064.51934814453,0,404327403520,8589930496,6068101120,114688
9,1791570593643,2500,2500,800,800,800,800,800,800,2500,2500,2500,2500,2500,2506,800,800,5,5,0,0,0,0,0,5,5,5,0,4.761904716491699,0,0,100,0,32364.695922851563,157064.8325805664,0,404327403520,8589930496,6068101120,114688
10,1791570593653,2500,2500,800,800,800,800,800,800,2500,2500,2500,2500,2500,2506,800,800,5,5,0,0,0,0,0,5,5,5,0,4.761904716491699,0,0,100,0,32364.85009765625,157065.14501953125,0,404327403520,8589930496,6068101120,114688
10,1791570593663,2500,2500,800,800,800,800,800,800,2500,2500,2500,2500,2500,2506,800,800,5,5,0,0,0,0,0,5,5,5,0,4.761904716491699,0,0,100,0,32365.002990722656,157065.46447753906,0,404327403520,8589930496,6068101120,114688
9,1791570593673,2500,2500,800,800,800,800,800,800,2500,2500,2500,2500,2500,2506,800,800,5,5,0,0,0,0,0,5,5,5,0,4.761904716491699,0,0,100,0,32365.153686523438,157065.78057861328,0,404327403520,8589930496,6068101120,114688
9,1791570593683,2500,2500,800,800,800,800,800,800,2500,2500,2500,2500,2500,2506,800,800,5,5,0,0,0,0,0,5,5,5,0,4.761904716491699,0,0,100,0,32365.306579589844,157066.0936279297,0,404327403520,8589930496,6068101120,114688
10,1791570593693,2500,2500,800,800,800,800,800,800,2500,2500,2500,2500,2500,2506,800,800,5,5,0,0,0,0,0,5,5,5,0,4.761904716491699,0,0,100,0,32365.459411621094,157066.4072265625,0,404327403520,8589930496,6068101120,114688
9,1791570593703,2500,2500,800,800,800,800,800,800,2500,2500,2500,2500,2500,2506,800,800,5,5,0,0,0,0,0,5,5,5,0,4.761904716491699,0,0,100,0,32365.61065673828,157066.71643066406,0,404327403520,8589930496,6068101120,114688
9,1791570593713,2500,2500,800,800,800,800,800,800,2500,2500,2500,2500,2500,2506,800,800,5,5,0,0,0,0,0,5,5,5,0,4.761904716491699,0,0,100,0,32365.758422851563,157067.0283203125,0,404327403520,8589930496,6068101120,114688
9,1791570593723,2500,2500,800,800,800,800,800,800,2500,2500,2500,2500,2500,2506,800,800,5,5,0,0,0,0,0,5,5,5,0,4.761904716491699,0,0,100,0,32365.910278320313,157067.34130859375,0,404327403520,8589930496,6068101120,114688
9,1791570593733,2500,2500,800,800,800,800,800,800,2500,2500,2500,2500,2500,2506,800,800,5,5,0,0,0,0,0,5,5,5,0,4.761904716491699,0,0,100,0,32366.06298828125,157067.65753173828,0,404327403520,8589930496,6068101120,114688
9,1791570593743,2500,2500,800,800,800,800,800,800,2500,2500,2500,2500,2500,2506,800,800,5.263157844543457,0,0,0,0,0,0,5.263157844543457,0,0,0,0,0,0,100,0,32366.232360839844,157067.9994506836,0,404327403520,8589930496,6068101120,114688
9,1791570593753,2500,2500,800,800,800,800,800,800,2500,2500,2500,2500,2500,2506,800,800,5.263157844543457,0,0,0,0,0,0,5.263157844543457,0,0,0,0,0,0,100,0,32366.382873535156,157068.31561279297,0,404327403520,8589930496,6068101120,114688
9,1791570593763,2500,2500,800,800,800,800,800,800,2500,2500,2500,2500,2500,2506,800,800,5.263157844543457,0,0,0,0,0,0,5.263157844543457,0,0,0,0,0,0,100,0,32366.530822753906,157068.6304321289,0,404327403520,8589930496,6068101120,114688
9,1791570593773,2500,2500,800,800,800,800,800,800,2500,2500,2500,2500,2500,2506,800,800,5.263157844543457,0,0,0,0,0,0,5.263157844543457,0,0,0,0,0,0,100,0,32366.676025390625,157068.94122314453,0,404327403520,8589930496,6068101120,114688
9,1791570593784,2500,2500,800,800,800,800,800,800,2500,2500,2500,2500,2500,2506,800,800,5.263157844543457,0,0,0,0,0,0,5.263157844543457,0,0,0,0,0,0,100,0,32366.823608398438,157069.2559814453,0,404327403520,8589930496,6068101120,114688
9,1791570593794,2500,2500,800,800,800,800,800,800,2500,2500,2500,2500,2500,2506,800,800,5.263157844543457,0,0,0,0,0,0,5.263157844543457,0,0,0,0,0,0,100,0,32366.97283935547,157069.56774902344,0,404327403520,8589930496,6068101120,114688
9,1791570593804,2500,2500,800,800,800,800,800,800,2500,2500,2500,2500,2500,2506,800,800,5.263157844543457,0,0,0,0,0,0,5.263157844543457,0,0,0,0,0,0,100,0,32367.121704101563,157069.88079833984,0,404327403520,8589930496,6068101120,114688
10,1791570593814,2500,2500,800,800,800,800,800,800,2500,2500,2500,2500,2500,2506,800,800,5.263157844543457,0,0,0,0,0,0,5.263157844543457,0,0,0,0,0,0,100,0,32367.27001953125,157070.1943359375,0,404327403520,8589930496,6068101120,114688
9,1791570593824,2500,2500,800,800,800,800,800,800,2500,2500,2500,2500,2500,2506,800,800,5.263157844543457,0,0,0,0,0,0,5.263157844543457,0,0,0,0,0,0,100,0,32367.421447753906,157070.50842285156,0,404327403520,8589930496,6068101120,114688
9,1791570593834,2500,2500,800,800,800,800,800,800,2500,2500,2500,2500,2500,2506,800,800,5.263157844543457,0,0,0,0,0,0,5.263157844543457,0,0,0,0,0,0,100,0,32367.570678710938,157070.81646728516,0,404327403520,8589930496,6068101120,114688
9,1791570593844,2500,2500,800,800,800,800,800,800,2500,2500,2500,2500,2500,2506,800,800,5.263157844543457,0,0,0,0,0,0,5.263157844543457,0,0,0,0,0,0,100,0,32367.724487304688,157071.13201904297,0,404327403520,8589930496,6068101120,114688
10,1791570593854,2500,2500,800,800,800,800,800,800,2500,2500,2500,2500,2500,2506,800,800,5.263157844543457,0,0,0,0,0,0,5.263157844543457,0,0,0,0,0,0,100,0,32367.871704101563,157071.44635009766,0,404327403520,8589930496,6068101120,114688
9,1791570593864,2500,2500,800,800,800,800,800,800,2500,2500,2500,2500,2500,2506,800,800,5.263157844543457,0,0,0,0,0,0,5.263157844543457,0,0,0,0,0,0,100,0,32368.02459716797,157071.75756835938,0,404327403520,8589930496,6068101120,114688
9,1791570593874,2500,2500,800,800,800,800,800,800,2500,2500,2500,2500,2500,2506,800,800,5.263157844543457,0,0,0,0,0,0,5.263157844543457,0,0,0,0,0,0,100,0,32368.175842285156,157072.07147216797,0,404327403520,8589930496,6068101120,114688
9,1791570593884,2500,2500,800,800,800,800,800,800,2500,2500,2500,2500,2500,2506,800,800,5.263157844543457,0,0,0,0,0,0,5.263157844543457,0,0,0,0,0,0,100,0,32368.32781982422,157072.38470458984,0,404327403520,8589930496,6068101120,114688
10,1791570593894,2500,2500,800,800,800,800,800,800,2500,2500,2500,2500,2500,2506,800,800,5.263157844543457,0,0,0,0,0,0,5.263157844543457,0,0,0,0,0,0,100,0,32368.478515625,157072.69500732422,0,404327403520,8589930496,6068101120,114688
9,1791570593904,2500,2500,800,800,800,800,800,800,2500,2500,2500,2500,2500,2506,800,800,5.263157844543457,0,0,0,0,0,0,5.263157844543457,0,0,0,0,0,0,100,0,32368.6279296875,157073.00524902344,0,404327403520,8589930496,6068101120,114688
10,1791570593914,2500,2500,800,800,800,800,800,800,2500,2500,2500,2500,2500,2506,800,800,5.263157844543457,0,0,0,0,0,0,5.263157844543457,0,0,0,0,0,0,100,0,32368.77703857422,157073.31909179688,0,404327403520,8589930496,6068101120,114688
9,1791570593925,2500,2500,800,800,800,800,800,800,2500,2500,2500,2500,2500,2506,800,800,5.263157844543457,0,0,0,0,0,0,5.263157844543457,0,0,0,0,0,0,100,0,32368.944396972656,157073.66278076172,0,404327403520,8589930496,6068101120,114688
9,1791570593935,2500,2500,800,800,800,800,800,800,2500,2500,2500,2500,2500,2506,800,800,5.263157844543457,0,0,0,0,0,0,5.263157844543457,0,0,0,0,0,0,100,0,32369.09454345703,157073.9771118164,0,404327403520,8589930496,6068101120,114688
9,1791570593945,2500,2500,800,800,800,800,800,800,2500,2500,2500,2500,2500,2506,800,800,0,0,0,0,4.761904716491699,0,0,5,0,0,0,0,0,0,100,0,32369.247680664063,157074.2925415039,0,404327403520,8589930496,6068101120,114688
9,1791570593955,2500,2500,800,800,800,800,800,800,2500,2500,2500,2500,2500,2506,800,800,0,0,0,0,4.761904716491699,0,0,5,0,0,0,0,0,0,100,0,32369.396545410156,157074.603515625,0,404327403520,8589930496,6068101120,114688
9,1791570593965,2500,2500,800,800,800,800,800,800,2500,2500,2500,2500,2500,2506,800,800,0,0,0,0,4.761904716491699,0,0,5,0,0,0,0,0,0,100,0,32369.546325683594,157074.91790771484,0,404327403520,8589930496,6068101120,114688
9,1791570593975,2500,2500,800,800,800,800,800,800,2500,2500,2500,2500,2500,2506,800,800,0,0,0,0,4.761904716491699,0,0,5,0,0,0,0,0,0,100,0,32369.695373535156,157075.23266601563,0,404327403520,8589930496,6068101120,114688
9,1791570593985,2500,2500,800,800,800,800,800,800,2500,2500,2500,2500,2500,2506,800,800,0,0,0,0,4.761904716491699,0,0,5,0,0,0,0,0,0,100,0,32369.84881591797,157075.54638671875,0,404327403520,8589930496,6068101120,114688
10,1791570593995,2500,2500,800,800,800,800,800,800,2500,2500,2500,2500,2500,2506,800,800,0,0,0,0,4.761904716491699,0,0,5,0,0,0,0,0,0,100,0,32369.996948242188,157075.8623046875,0,404327403520,8589930496,6068101120,114688
10,1791570594005,2500,2500,800,800,800,800,800,800,2500,2500,2500,2500,2500,2506,800,800,0,0,0,0,4.761904716491699,0,0,5,0,0,0,0,0,0,100,0,32370.149291992188,157076.173828125,0,404327403520,8589930496,6068101120,114688
9,1791570594015,2500,2500,800,800,800,800,800,800,2500,2500,2500,2500,2500,2506,800,800,0,0,0,0,4.761904716491699,0,0,5,0,0,0,0,0,0,100,0,32370.294677734375,157076.48779296875,0,404327403520,8589930496,6068101120,114688
10,1791570594025,2500,2500,800,800,800,800,800,800,2500,2500,2500,2500,2500,2506,800,800,0,0,0,0,4.761904716491699,0,0,5,0,0,0,0,0,0,100,0,32370.448120117188,157076.80517578125,0,404327403520,8589930496,6068101120,114688
9,1791570594035,2500,2500,800,800,800,800,800,800,2500,2500,2500,2500,2500,2506,800,800,0,0,0,0,4.761904716491699,0,0,5,0,0,0,0,0,0,100,0,32370.601989746094,157077.11907958984,0,404327403520,8589930496,6068101120,114688
10,1791570594045,2500,2500,800,800,800,800,800,800,2500,2500,2500,2500,2500,2506,800,800,0,0,0,0,4.761904716491699,0,0,5,0,0,0,0,0,0,100,0,32370.754150390625,157077.43395996094,0,404327403520,8589930496,6068101120,114688
9,1791570594056,2500,2500,800,800,800,800,800,800,2500,2500,2500,2500,2500,2506,800,800,0,0,0,0,4.761904716491699,0,0,5,0,0,0,0,0,0,100,0,32370.906677246094,157077.7479248047,0,404327403520,8589930496,6068101120,114688
10,1791570594066,2500,2500,800,800,800,800,800,800,2500,2500,2500,2500,2500,2506,800,800,0,0,0,0,4.761904716491699,0,0,5,0,0,0,0,0,0,100,0,32371.060668945313,157078.0633544922,0,404327403520,8589930496,6068101120,114688
9,1791570594076,2500,2500,800,800,800,800,800,800,2500,2500,2500,2500,2500,2506,800,800,0,0,0,0,4.761904716491699,0,0,5,0,0,0,0,0,0,100,0,32371.222595214844,157078.41333007813,0,404327403520,8589930496,6068101120,114688
9,1791570594086,2500,2500,800,800,800,800,800,800,2500,2500,2500,2500,2500,2506,800,800,0,0,0,0,4.761904716491699,0,0,5,0,0,0,0,0,0,100,0,32371.375549316406,157078.73022460938,0,404327403520,8589930496,6068101120,114688
10,1791570594096,2500,2500,800,800,800,800,800,800,2500,2500,2500,2500,2500,2506,800,800,0,0,0,0,4.761904716491699,0,0,5,0,0,0,0,0,0,100,0,32371.521850585938,157079.0411376953,0,404327403520,8589930496,6052319232,114688
9,1791570594106,2500,2500,800,800,800,800,800,800,2500,2500,2500,2500,2500,2506,800,800,0,0,0,0,4.761904716491699,0,0,5,0,0,0,0,0,0,100,0,32371.67041015625,157079.35662841797,0,404327403520,8589930496,6052319232,114688
9,1791570594116,2500,2500,800,800,800,800,800,800,2500,2500,2500,2500,2500,2506,800,800,0,0,0,0,4.761904716491699,0,0,5,0,0,0,0,0,0,100,0,32371.819885253906,157079.66815185547,0,404327403520,8589930496,6052319232,114688
9,1791570594126,2500,2500,800,800,800,800,800,800,2500,2500,2500,2500,2500,2506,800,800,0,0,0,0,4.761904716491699,0,0,5,0,0,0,0,0,0,100,0,32371.96875,157079.98217773438,0,404327403520,8589930496,6052319232,114688
9,1791570594136,2500,2500,800,800,800,800,800,800,2500,2500,2500,2500,2500,2506,800,800,0,0,0,0,4.761904716491699,0,0,5,0,0,0,0,0,0,100,0,32372.117797851563,157080.29876708984,0,404327403520,8589930496,6052319232,114688
9,1791570594146,2500,2500,800,800,800,800,800,800,2500,2500,2500,2500,2500,2506,800,800,10,0,0,0,0,0,0,10,0,0,0,0,0,5,100,0,32372.268676757813,157080.6128540039,0,404327403520,8589930496,6052319232,114688
10,1791570594156,2500,2500,800,800,800,800,800,800,2500,2500,2500,2500,2500,2506,800,800,10,0,0,0,0,0,0,10,0,0,0,0,0,5,100,0,32372.417724609375,157080.92755126953,0,404327403520,8589930496,6051180544,114688
10,1791570594166,2500,2500,800,800,800,800,800,800,2500,2500,2500,2500,2500,2506,800,800,10,0,0,0,0,0,0,10,0,0,0,0,0,5,100,0,32372.57354736328,157081.24243164063,0,404327403520,8589930496,6051180544,114688
10,1791570594176,2500,2500,800,800,800,800,800,800,2500,2500,2500,2500,2500,2506,800,800,10,0,0,0,0,0,0,10,0,0,0,0,0,5,100,0,32372.727905273438,157081.55639648438,0,404327403520,8589930496,6051180544,114688
9,1791570594186,2500,2500,800,800,800,800,800,800,2500,2500,2500,2500,2500,2506,800,800,10,0,0,0,0,0,0,10,0,0,0,0,0,5,100,0,32372.881713867188,157081.87145996094,0,404327403520,8589930496,6051180544,114688
9,1791570594196,2500,2500,800,800,800,800,800,800,2500,2500,2500,2500,2500,2506,800,800,10,0,0,0,0,0,0,10,0,0,0,0,0,5,100,0,32373.033325195313,157082.18438720703,0,404327403520,8589930496,6051180544,114688
9,1791570594207,2500,2500,800,800,800,800,800,800,2500,2500,2500,2500,2500,2506,800,800,10,0,0,0,0,0,0,10,0,0,0,0,0,5,100,0,32373.185302734375,157082.4990234375,0,404327403520,8589930496,6051180544,114688
9,1791570594217,2500,2500,800,800,800,800,800,800,2500,2500,2500,2500,2500,2506,800,800,10,0,0,0,0,0,0,10,0,0,0,0,0,5,100,0,32373.349731445313,157082.8487548828,0,404327403520,8589930496,6051180544,114688
9,1791570594227,2500,2500,800,800,800,800,800,800,2500,2500,2500,2500,2500,2506,800,800,10,0,0,0,0,0,0,10,0,0,0,0,0,5,100,0,32373.49951171875,157083.158203125,0,404327403520,8589930496,6051180544,114688
9,1791570594237,2500,2500,800,800,800,800,800,800,2500,2500,2500,2500,2500,2506,800,800,10,0,0,0,0,0,0,10,0,0,0,0,0,5,100,0,32373.651306152344,157083.4757080078,0,404327403520,8589930496,6051180544,114688
9,1791570594247,2500,2500,800,800,800,800,800,800,2500,2500,2500,2500,2500,2506,800,800,10,0,0,0,0,0,0,10,0,0,0,0,0,5,100,0,32373.801330566406,157083.78649902344,0,404327403520,8589930496,6051180544,114688
9,1791570594257,2500,2500,800,800,800,800,800,800,2500,2500,2500,2500,2500,2506,800,800,10,0,0,0,0,0,0,10,0,0,0,0,0,5,100,0,32373.939575195313,157084.0704345703,0,404327403520,8589930496,6051180544,114688
9,1791570594267,2500,2500,800,800,800,800,800,800,2500,2500,2500,2500,2500,2506,800,800,10,0,0,0,0,0,0,10,0,0,0,0,0,5,100,0,32374.104553222656,157084.42626953125,0,404327403520,8589930496,6051180544,114688
9,1791570594277,2500,2500,800,800,800,800,800,800,2500,2500,2500,2500,2500,2506,800,800,10,0,0,0,0,0,0,10,0,0,0,0,0,5,100,0,32374.25213623047,157084.73895263672,0,404327403520,8589930496,6051180544,114688
10,1791570594287,2500,2500,800,800,800,800,800,800,2500,2500,2500,2500,2500,2506,800,800,10,0,0,0,0,0,0,10,0,0,0,0,0,5,100,0,32374.387817382813,157084.9871826172,0,404327403520,8589930496,6051180544,114688
9,1791570594297,2500,2500,800,800,800,800,800,800,2500,2500,2500,2500,2500,2506,800,800,10,0,0,0,0,0,0,10,0,0,0,0,0,5,100,0,32374.549743652344,157085.3641357422,0,404327403520,8589930496,6051180544,114688
9,1791570594307,2500,2500,800,800,800,800,800,800,2500,2500,2500,2500,2500,2506,800,800,10,0,0,0,0,0,0,10,0,0,0,0,0,5,100,0,32374.703369140625,157085.6742553711,0,404327403520,8589930496,6051180544,114688
10,1791570594317,2500,2500,800,800,800,800,800,800,2500,2500,2500,2500,2500,2506,800,800,10,0,0,0,0,0,0,10,0,0,0,0,0,5,100,0,32374.85369873047,157085.99072265625,0,404327403520,8589930496,6051180544,114688
9,1791570594327,2500,2500,800,800,800,800,800,800,2500,2500,2500,2500,2500,2506,800,800,10,0,0,0,0,0,0,10,0,0,0,0,0,5,100,0,32375.004943847656,157086.30926513672,0,404327403520,8589930496,6051180544,114688
10,1791570594337,2500,2500,800,800,800,800,800,800,2500,2500,2500,2500,2500,2506,800,800,10,0,0,0,0,0,0,10,0,0,0,0,0,5,100,0,32375.155517578125,157086.6239013672,0,404327403520,8589930496,6051180544,114688
9,1791570594348,2500,2500,800,800,800,800,800,800,2500,2500,2500,2500,2500,2506,800,800,0,5,0,4.761904716491699,0,5,0,0,0,0,5,5.263157844543457,0,0,100,0,32375.30401611328,157086.94512939453,0,404327403520,8589930496,6051180544,114688
10,1791570594358,2500,2500,800,800,800,800,800,800,2500,2500,2500,2500,2500,2506,800,800,0,5,0,4.761904716491699,0,5,0,0,0,0,5,5.263157844543457,0,0,100,0,32375.45635986328,157087.25439453125,0,404327403520,8589930496,6051180544,114688
9,1791570594368,2500,2500,800,800,800,800,800,800,2500,2500,2500,2500,2500,2506,800,800,0,5,0,4.761904716491699,0,5,0,0,0,0,5,5.263157844543457,0,0,100,0,32375.606872558594,157087.5653076172,0,404327403520,8589930496,6051180544,114688
9,1791570594378,2500,2500,800,800,800,800,800,800,2500,2500,2500,2500,2500,2506,800,800,0,5,0,4.761904716491699,0,5,0,0,0,0,5,5.263157844543457,0,0,100,0,32375.76104736328,157087.87890625,0,404327403520,8589930496,6051180544,114688
9,1791570594388,2500,2500,800,800,800,800,800,800,2500,2500,2500,2500,2500,2506,800,800,0,5,0,4.761904716491699,0,5,0,0,0,0,5,5.263157844543457,0,0,100,0,32375.927307128906,157088.2218017578,0,404327403520,8589930496,6051180544,114688
9,1791570594398,2500,2500,800,800,800,800,800,800,2500,2500,2500,2500,2500,2506,800,800,0,5,0,4.761904716491699,0,5,0,0,0,0,5,5.263157844543457,0,0,100,0,32376.060607910156,157088.50146484375,0,404327403520,8589930496,6051180544,114688
9,1791570594408,2500,2500,800,800,800,800,800,800,2500,2500,2500,2500,2500,2506,800,800,0,5,0,4.761904716491699,0,5,0,0,0,0,5,5.263157844543457,0,0,100,0,32376.22705078125,157088.84344482422,0,404327403520,8589930496,6051180544,114688
9,1791570594418,2500,2500,800,800,800,800,800,800,2500,2500,2500,2500,2500,2506,800,800,0,5,0,4.761904716491699,0,5,0,0,0,0,5,5.263157844543457,0,0,100,0,32376.380126953125,157089.15618896484,0,404327403520,8589930496,6051180544,114688
10,1791570594428,2500,2500,800,800,800,800,800,800,2500,2500,2500,2500,2500,2506,800,800,0,5,0,4.761904716491699,0,5,0,0,0,0,5,5.263157844543457,0,0,100,0,32376.514892578125,157089.43621826172,0,404327403520,8589930496,6051180544,114688
9,1791570594438,2500,2500,800,800,800,800,800,800,2500,2500,2500,2500,2500,2506,800,800,0,5,0,4.761904716491699,0,5,0,0,0,0,5,5.263157844543457,0,0,100,0,32376.67742919922,157089.77899169922,0,404327403520,8589930496,6051180544,114688
9,1791570594448,2500,2500,800,800,800,800,800,800,2500,2500,2500,2500,2500,2506,800,800,0,5,0,4.761904716491699,0,5,0,0,0,0,5,5.263157844543457,0,0,100,0,32376.830322265625,157090.09344482422,0,404327403520,8589930496,6051180544,114688
10,1791570594458,2500,2500,800,800,800,800,800,800,2500,2500,2500,2500,2500,2506,800,800,0,5,0,4.761904716491699,0,5,0,0,0,0,5,5.263157844543457,0,0,100,0,32376.98370361328,157090.40802001953,0,404327403520,8589930496,6051180544,114688
9,1791570594468,2500,2500,800,800,800,800,800,800,2500,2500,2500,2500,2500,2506,800,800,0,5,0,4.761904716491699,0,5,0,0,0,0,5,5.263157844543457,0,0,100,0,32377.137329101563,157090.72399902344,0,404327403520,8589930496,6051180544,114688
10,1791570594478,2500,2500,800,800,800,800,800,800,2500,2500,2500,2500,2500,2506,800,800,0,5,0,4.761904716491699,0,5,0,0,0,0,5,5.263157844543457,0,0,100,0,32377.287475585938,157091.03845214844,0,404327403520,8589930496,6051180544,114688
9,1791570594489,2500,2500,800,800,800,800,800,800,2500,2500,2500,2500,2500,2506,800,800,0,5,0,4.761904716491699,0,5,0,0,0,0,5,5.263157844543457,0,0,100,0,32377.436096191406,157091.34838867188,0,404327403520,8589930496,6051180544,114688
9,1791570594499,2500,2500,800,800,800,800,800,800,2500,2500,2500,2500,2500,2506,800,800,0,5,0,4.761904716491699,0,5,0,0,0,0,5,5.263157844543457,0,0,100,0,32377.58056640625,157091.6572265625,0,404327403520,8589930496,6051180544,114688
9,1791570594509,2500,2500,800,800,800,800,800,800,2500,2500,2500,2500,2500,2506,800,800,0,5,0,4.761904716491699,0,5,0,0,0,0,5,5.263157844543457,0,0,100,0,32377.73565673828,157091.97076416016,0,404327403520,8589930496,6051180544,114688
9,1791570594519,2500,2500,800,800,800,800,800,800,2500,2500,2500,2500,2500,2506,800,800,0,5,0,4.761904716491699,0,5,0,0,0,0,5,5.263157844543457,0,0,100,0,32377.892150878906,157092.2523803711,0,404327403520,8589930496,6051180544,114688
9,1791570594529,2500,2500,800,800,800,800,800,800,2500,2500,2500,2500,2500,2506,800,800,0,5,0,4.761904716491699,0,5,0,0,0,0,5,5.263157844543457,0,0,100,0,32378.036193847656,157092.59649658203,0,404327403520,8589930496,6051180544,114688
9,1791570594539,2500,2500,800,800,800,800,800,800,2500,2500,2500,2500,2500,2506,800,800,0,5,0,4.761904716491699,0,5,0,0,0,0,5,5.263157844543457,0,0,100,0,32378.186950683594,157092.91162109375,0,404327403520,8589930496,6051180544,114688
9,1791570594549,2500,2500,800,800,800,800,800,800,2500,2500,2500,2500,2500,2506,800,800,5.263157844543457,0,0,0,0,0,0,9.523809432983398,0,0,0,0,0,0,100,0,32378.338928222656,157093.2241821289,0,404327403520,8589930496,6051180544,114688
10,1791570594559,2500,2500,800,800,800,800,800,800,2500,2500,2500,2500,2500,2506,800,800,5.263157844543457,0,0,0,0,0,0,9.523809432983398,0,0,0,0,0,0,100,0,32378.486877441406,157093.5321044922,0,404327403520,8589930496,6051180544,114688
9,1791570594569,2500,2500,800,800,800,800,800,800,2500,2500,2500,2500,2500,2506,800,800,5.263157844543457,0,0,0,0,0,0,9.523809432983398,0,0,0,0,0,0,100,0,32378.651123046875,157093.84533691406,0,404327403520,8589930496,6051180544,114688
9,1791570594579,2500,2500,800,800,800,800,800,800,2500,2500,2500,2500,2500,2506,800,800,5.263157844543457,0,0,0,0,0,0,9.523809432983398,0,0,0,0,0,0,100,0,32378.802185058594,157094.19036865234,0,404327403520,8589930496,6051180544,114688
9,1791570594589,2500,2500,800,800,800,800,800,800,2500,2500,2500,2500,2500,2506,800,800,5.263157844543457,0,0,0,0,0,0,9.523809432983398,0,0,0,0,0,0,100,0,32378.9521484375,157094.50708007813,0,404327403520,8589930496,6051180544,114688
10,1791570594599,2500,2500,800,800,800,800,800,800,2500,2500,2500,2500,2500,2506,800,800,5.263157844543457,0,0,0,0,0,0,9.523809432983398,0,0,0,0,0,0,100,0,32379.094604492188,157094.8187866211,0,404327403520,8589930496,6051180544,114688
9,1791570594609,2500,2500,800,800,800,800,800,800,2500,2500,2500,2500,2500,2506,800,800,5.263157844543457,0,0,0,0,0,0,9.523809432983398,0,0,0,0,0,0,100,0,32379.244384765625,157095.13415527344,0,404327403520,8589930496,6051180544,114688
10,1791570594619,2500,2500,800,800,800,800,800,800,2500,2500,2500,2500,2500,2506,800,800,5.263157844543457,0,0,0,0,0,0,9.523809432983398,0,0,0,0,0,0,100,0,32379.393615722656,157095.44427490234,0,404327403520,8589930496,6051180544,114688
9,1791570594630,2500,2500,800,800,800,800,800,800,2500,2500,2500,2500,2500,2506,800,800,5.263157844543457,0,0,0,0,0,0,9.523809432983398,0,0,0,0,0,0,100,0,32379.540649414063,157095.75939941406,0,404327403520,8589930496,6051180544,114688
9,1791570594640,2500,2500,800,800,800,800,800,800,2500,2500,2500,2500,2500,2506,800,800,5.263157844543457,0,0,0,0,0,0,9.523809432983398,0,0,0,0,0,0,100,0,32379.69451904297,157096.07427978516,0,404327403520,8589930496,6051180544,114688
9,1791570594650,2500,2500,800,800,800,800,800,800,2500,2500,2500,2500,2500,2506,800,800,5.263157844543457,0,0,0,0,0,0,9.523809432983398,0,0,0,0,0,0,100,0,32379.842407226563,157096.3848876953,0,404327403520,8589930496,6051180544,114688
9,1791570594660,2500,2500,800,800,800,800,800,800,2500,2500,2500,2500,2500,2506,800,800,5.263157844543457,0,0,0,0,0,0,9.523809432983398,0,0,0,0,0,0,100,0,32379.995483398438,157096.69653320313,0,404327403520,8589930496,6051180544,114688
9,1791570594670,2500,2500,800,800,800,800,800,800,2500,2500,2500,2500,2500,2506,800,800,5.263157844543457,0,0,0,0,0,0,9.523809432983398,0,0,0,0,0,0,100,0,32380.14569091797,157097.01293945313,0,404327403520,8589930496,6051180544,114688
10,1791570594680,2500,2500,800,800,800,800,800,800,2500,2500,2500,2500,2500,2506,800,800,5.263157844543457,0,0,0,0,0,0,9.523809432983398,0,0,0,0,0,0,100,0,32380.298400878906,157097.32318115234,0,404327403520,8589930496,6051180544,114688
9,1791570594690,2500,2500,800,800,800,800,800,800,2500,2500,2500,2500,2500,2506,800,800,5.263157844543457,0,0,0,0,0,0,9.523809432983398,0,0,0,0,0,0,100,0,32380.448364257813,157097.6371459961,0,404327403520,8589930496,6051180544,114688
9,1791570594700,2500,2500,800,800,800,800,800,800,2500,2500,2500,2500,2500,2506,800,800,5.263157844543457,0,0,0,0,0,0,9.523809432983398,0,0,0,0,0,0,100,0,32380.604553222656,157097.95220947266,0,404327403520,8589930496,6051180544,114688
10,1791570594710,2500,2500,800,800,800,800,800,800,2500,2500,2500,2500,2500,2506,800,800,5.263157844543457,0,0,0,0,0,0,9.523809432983398,0,0,0,0,0,0,100,0,32380.756713867188,157098.26501464844,0,404327403520,8589930496,6051180544,114688
9,1791570594720,2500,2500,800,800,800,800,800,800,2500,2500,2500,2500,2500,2506,800,800,5.263157844543457,0,0,0,0,0,0,9.523809432983398,0,0,0,0,0,0,100,0,32380.921875,157098.60998535156,0,404327403520,8589930496,6051180544,114688
9,1791570594730,2500,2500,800,800,800,800,800,800,2500,2500,2500,2500,2500,2506,800,800,5.263157844543457,0,0,0,0,0,0,9.523809432983398,0,0,0,0,0,0,100,0,32381.05975341797,157098.89868164063,0,404327403520,8589930496,6051180544,114688
9,1791570594740,2500,2500,800,800,800,800,800,800,2500,2500,2500,2500,2500,2506,800,800,5.263157844543457,0,0,0,0,0,0,9.523809432983398,0,0,0,0,0,0,100,0,32381.208618164063,157099.2471923828,0,404327403520,8589930496,6051180544,114688
9,1791570594751,2500,2500,800,800,800,800,800,800,2500,2500,2500,2500,2500,2506,800,800,5.263157844543457,0,0,0,0,0,0,10,0,0,0,0,0,0,100,0,32381.373779296875,157099.55633544922,0,404327403520,8589930496,6051180544,114688
9,1791570594761,2500,2500,800,800,800,800,800,800,2500,2500,2500,2500,2500,2506,800,800,5.263157844543457,0,0,0,0,0,0,10,0,0,0,0,0,0,100,0,32381.528686523438,157099.86822509766,0,404327403520,8589930496,6051180544,114688
9,1791570594771,2500,2500,800,800,800,800,800,800,2500,2500,2500,2500,2500,2506,800,800,5.263157844543457,0,0,0,0,0,0,10,0,0,0,0,0,0,100,0,32381.68377685547,157100.18017578125,0,404327403520,8589930496,6051180544,114688
9,1791570594781,2500,2500,800,800,800,800,800,800,2500,2500,2500,2500,2500,2506,800,800,5.263157844543457,0,0,0,0,0,0,10,0,0,0,0,0,0,100,0,32381.83612060547,157100.49670410156,0,404327403520,8589930496,6051180544,114688
10,1791570594791,2500,2500,800,800,800,800,800,800,2500,2500,2500,2500,2500,2506,800,800,5.263157844543457,0,0,0,0,0,0,10,0,0,0,0,0,0,100,0,32381.986267089844,157100.80963134766,0,404327403520,8589930496,6051180544,114688
10,1791570594801,2500,2500,800,800,800,800,800,800,2500,2500,2500,2500,2500,2506,800,800,5.263157844543457,0,0,0,0,0,0,10,0,0,0,0,0,0,100,0,32382.139770507813,157101.1160888672,0,404327403520,8589930496,6051180544,114688
9,1791570594811,2500,2500,800,800,800,800,800,800,2500,2500,2500,2500,2500,2506,800,800,5.263157844543457,0,0,0,0,0,0,10,0,0,0,0,0,0,100,0,32382.28631591797,157101.43048095703,0,404327403520,8589930496,6051180544,114688
9,1791570594821,2500,2500,800,800,800,800,800,800,2500,2500,2500,2500,2500,2506,800,800,5.263157844543457,0,0,0,0,0,0,10,0,0,0,0,0,0,100,0,32382.4326171875,157101.74572753906,0,404327403520,8589930496,6051180544,114688
9,1791570594831,2500,2500,800,800,800,800,800,800,2500,2500,2500,2500,2500,2506,800,800,5.263157844543457,0,0,0,0,0,0,10,0,0,0,0,0,0,100,0,32382.585205078125,157102.05712890625,0,404327403520,8589930496,6051180544,114688
9,1791570594841,2500,2500,800,800,800,800,800,800,2500,2500,2500,2500,2500,2506,800,800,5.263157844543457,0,0,0,0,0,0,10,0,0,0,0,0,0,100,0,32382.73956298828,157102.36987304688,0,404327403520,8589930496,6051180544,114688
9,1791570594851,2500,2500,800,800,800,800,800,800,2500,2500,2500,2500,2500,2506,800,800,5.263157844543457,0,0,0,0,0,0,10,0,0,0,0,0,0,100,0,32382.891540527344,157102.68298339844,0,404327403520,8589930496,6051180544,114688
9,1791570594861,2500,2500,800,800,800,800,800,800,2500,2500,2500,2500,2500,2506,800,800,5.263157844543457,0,0,0,0,0,0,10,0,0,0,0,0,0,100,0,32383.044799804688,157102.9965209961,0,404327403520,8589930496,6051180544,114688
10,1791570594871,2500,2500,800,800,800,800,800,800,2500,2500,2500,2500,2500,2506,800,800,5.263157844543457,0,0,0,0,0,0,10,0,0,0,0,0,0,100,0,32383.19970703125,157103.3119506836,0,404327403520,8589930496,6051180544,114688
10,1791570594881,2500,2500,800,800,800,800,800,800,2500,2500,2500,2500,2500,2506,800,800,5.263157844543457,0,0,0,0,0,0,10,0,0,0,0,0,0,100,0,32383.35009765625,157103.62579345703,0,404327403520,8589930496,6051180544,114688
9,1791570594891,2500,2500,800,800,800,800,800,800,2500,2500,2500,2500,2500,2506,800,800,5.263157844543457,0,0,0,0,0,0,10,0,0,0,0,0,0,100,0,32383.50079345703,157103.9359741211,0,404327403520,8589930496,6051180544,114688
9,1791570594902,2500,2500,800,800,800,800,800,800,2500,2500,2500,2500,2500,2506,800,800,5.263157844543457,0,0,0,0,0,0,10,0,0,0,0,0,0,100,0,32383.66748046875,157104.2798461914,0,404327403520,8589930496,6051180544,114688
9,1791570594912,2500,2500,800,800,800,800,800,800,2500,2500,2500,2500,2500,2506,800,800,5.263157844543457,0,0,0,0,0,0,10,0,0,0,0,0,0,100,0,32383.819091796875,157104.5972290039,0,404327403520,8589930496,6051180544,114688
9,1791570594922,2500,2500,800,800,800,800,800,800,2500,2500,2500,2500,2500,2506,800,800,5.263157844543457,0,0,0,0,0,0,10,0,0,0,0,0,0,100,0,32383.96356201172,157104.90948486328,0,404327403520,8589930496,6051180544,114688
9,1791570594932,2500,2500,800,800,800,800,800,800,2500,2500,2500,2500,2500,2506,800,800,5.263157844543457,0,0,0,0,0,0,10,0,0,0,0,0,0,100,0,32384.120483398438,157105.21850585938,0,404327403520,8589930496,6051180544,114688
9,1791570594942,2500,2500,800,800,800,800,800,800,2500,2500,2500,2500,2500,2506,800,800,5.263157844543457,0,0,0,0,0,0,10,0,0,0,0,0,0,100,0,32384.269165039063,157105.53063964844,0,404327403520,8589930496,6051180544,114688
9,1791570594952,2500,2500,800,800,800,800,800,800,2500,2500,2500,2500,2500,2506,800,800,0,0,0,0,0,0,0,5,0,0,0,0,0,0,100,0,32384.42041015625,157105.84729003906,0,404327403520,8589930496,6051180544,114688
9,1791570594962,2500,2500,800,800,800,800,800,800,2500,2500,2500,2500,2500,2506,800,800,0,0,0,0,0,0,0,5,0,0,0,0,0,0,100,0,32384.56817626953,157106.16430664063,0,404327403520,8589930496,6051180544,114688
9,1791570594972,2500,2500,800,800,800,800,800,800,2500,2500,2500,2500,2500,2506,800,800,0,0,0,0,0,0,0,5,0,0,0,0,0,0,100,0,32384.715209960938,157106.47705078125,0,404327403520,8589930496,6051180544,114688
9,1791570594982,2500,2500,800,800,800,800,800,800,2500,2500,2500,2500,2500,2506,800,800,0,0,0,0,0,0,0,5,0,0,0,0,0,0,100,0,32384.86395263672,157106.78778076172,0,404327403520,8589930496,6051180544,114688
10,1791570594992,2500,2500,800,800,800,800,800,800,2500,2500,2500,2500,2500,2506,800,800,0,0,0,0,0,0,0,5,0,0,0,0,0,0,100,0,32385.018798828125,157107.10040283203,0,404327403520,8589930496,6051180544,114688
9,1791570595002,2500,2500,800,800,800,800,800,800,2500,2500,2500,2500,2500,2506,800,800,0,0,0,0,0,0,0,5,0,0,0,0,0,0,100,0,32385.16876220703,157107.40850830078,0,404327403520,8589930496,6051180544,114688
9,1791570595012,2500,2500,800,800,800,800,800,800,2500,2500,2500,2500,2500,2506,800,800,0,0,0,0,0,0,0,5,0,0,0,0,0,0,100,0,32385.32098388672,157107.72442626953,0,404327403520,8589930496,6051180544,114688
9,1791570595022,2500,2500,800,800,800,800,800,800,2500,2500,2500,2500,2500,2506,800,800,0,0,0,0,0,0,0,5,0,0,0,0,0,0,100,0,32385.468200683594,157108.04168701172,0,404327403520,8589930496,6051180544,114688
10,1791570595032,2500,2500,800,800,800,800,800,800,2500,2500,2500,2500,2500,2506,800,800,0,0,0,0,0,0,0,5,0,0,0,0,0,0,100,0,32385.622192382813,157108.35180664063,0,404327403520,8589930496,6051180544,114688
9,1791570595043,2500,2500,800,800,800,800,800,800,2500,2500,2500,2500,2500,2506,800,800,0,0,0,0,0,0,0,5,0,0,0,0,0,0,100,0,32385.771057128906,157108.666015625,0,404327403520,8589930496,6051180544,114688
9,1791570595053,2500,2500,800,800,800,800,800,800,2500,2500,2500,2500,2500,2506,800,800,0,0,0,0,0,0,0,5,0,0,0,0,0,0,100,0,32385.938415527344,157109.01293945313,0,404327403520,8589930496,6051180544,114688
10,1791570595063,2500,2500,800,800,800,800,800,800,2500,2500,2500,2500,2500,2506,800,800,0,0,0,0,0,0,0,5,0,0,0,0,0,0,100,0,32386.077575683594,157109.29278564453,0,404327403520,8589930496,6051180544,114688
9,1791570595073,2500,2500,800,800,800,800,800,800,2500,2500,2500,2500,2500,2506,800,800,0,0,0,0,0,0,0,5,0,0,0,0,0,0,100,0,32386.248107910156,157109.63885498047,0,404327403520,8589930496,6051180544,114688
9,1791570595083,2500,2500,800,800,800,800,800,800,2500,2500,2500,2500,2500,2506,800,800,0,0,0,0,0,0,0,5,0,0,0,0,0,0,100,0,32386.400512695313,157109.95544433594,0,404327403520,8589930496,6051180544,114688
9,1791570595093,2500,2500,800,800,800,800,800,800,2500,2500,2500,2500,2500,2506,800,800,0,0,0,0,0,0,0,5,0,0,0,0,0,0,100,0,32386.551330566406,157110.26947021484,0,404327403520,8589930496,6051180544,114688
9,1791570595103,2500,2500,800,800,800,800,800,800,2500,2500,2500,2500,2500,2506,800,800,0,0,0,0,0,0,0,5,0,0,0,0,0,0,100,0,32386.701110839844,157110.58471679688,0,404327403520,8589930496,6051180544,114688
9,1791570595113,2500,2500,800,800,800,800,800,800,2500,2500,2500,2500,2500,2506,800,800,0,0,0,0,0,0,0,5,0,0,0,0,0,0,100,0,32386.853881835938,157110.89947509766,0,404327403520,8589930496,6028320768,114688
9,1791570595123,2500,2500,800,800,800,800,800,800,2500,2500,2500,2500,2500,2506,800,800,0,0,0,0,0,0,0,5,0,0,0,0,0,0,100,0,32387.005126953125,157111.2153930664,0,404327403520,8589930496,6023364608,114688
9,1791570595133,2500,2500,800,800,800,800,800,800,2500,2500,2500,2500,2500,2506,800,800,0,0,0,0,0,0,0,5,0,0,0,0,0,0,100,0,32387.15948486328,157111.5277709961,0,404327403520,8589930496,6023364608,114688
10,1791570595143,2500,2500,800,800,800,800,800,800,2500,2500,2500,2500,2500,2506,800,800,0,0,0,0,0,0,0,5,0,0,0,0,0,0,100,0,32387.3134765625,157111.84051513672,0,404327403520,8589930496,6023364608,114688
9,1791570595153,2500,2500,800,800,800,800,800,800,2500,2500,2500,2500,2500,2506,800,800,5,0,0,0,0,0,0,10,0,0,0,0,0,0,100,0,32387.465393066406,157112.15167236328,0,404327403520,8589930496,6019895296,114688
9,1791570595163,2500,2500,800,800,800,800,800,800,2500,2500,2500,2500,2500,2506,800,800,5,0,0,0,0,0,0,10,0,0,0,0,0,0,100,0,32387.61962890625,157112.46881103516,0,404327403520,8589930496,6015434752,114688
10,1791570595173,2500,2500,800,800,800,800,800,800,2500,2500,2500,2500,2500,2506,800,800,5,0,0,0,0,0,0,10,0,0,0,0,0,0,100,0,32387.77655029297,157112.77947998047,0,404327403520,8589930496,6015434752,114688
9,1791570595184,2500,2500,800,800,800,800,800,800,2500,2500,2500,2500,2500,2506,800,800,5,0,0,0,0,0,0,10,0,0,0,0,0,0,100,0,32387.923583984375,157113.0948486328,0,404327403520,8589930496,6010478592,114688
9,1791570595194,2500,2500,800,800,800,800,800,800,2500,2500,2500,2500,2500,2506,800,800,5,0,0,0,0,0,0,10,0,0,0,0,0,0,100,0,32388.078125,157113.40643310547,0,404327403520,8589930496,6005026816,114688
9,1791570595204,2500,2500,800,800,800,800,800,800,2500,2500,2500,2500,2500,2506,800,800,5,0,0,0,0,0,0,10,0,0,0,0,0,0,100,0,32388.23114013672,157113.71508789063,0,404327403520,8589930496,6005026816,114688
9,1791570595214,2500,2500,800,800,800,800,800,800,2500,2500,2500,2500,2500,2506,800,800,5,0,0,0,0,0,0,10,0,0,0,0,0,0,100,0,32388.381286621094,157114.0288696289,0,404327403520,8589930496,6002053120,114688
9,1791570595224,2500,2500,800,800,800,800,800,800,2500,2500,2500,2500,2500,2506,800,800,5,0,0,0,0,0,0,10,0,0,0,0,0,0,100,0,32388.53582763672,157114.3477783203,0,404327403520,8589930496,6002053120,114688
10,1791570595234,2500,2500,800,800,800,800,800,800,2500,2500,2500,2500,2500,2506,800,800,5,0,0,0,0,0,0,10,0,0,0,0,0,0,100,0,32388.689453125,157114.65588378906,0,404327403520,8589930496,5996601344,114688
9,1791570595244,2500,2500,800,800,800,800,800,800,2500,2500,2500,2500,2500,2506,800,800,5,0,0,0,0,0,0,10,0,0,0,0,0,0,100,0,32388.84197998047,157114.96252441406,0,404327403520,8589930496,5993132032,114688
10,1791570595254,2500,2500,800,800,800,800,800,800,2500,2500,2500,2500,2500,2506,800,800,5,0,0,0,0,0,0,10,0,0,0,0,0,0,100,0,32388.99462890625,157115.2847290039,0,404327403520,8589930496,5993132032,114688
9,1791570595264,2500,2500,800,800,800,800,800,800,2500,2500,2500,2500,2500,2506,800,800,5,0,0,0,0,0,0,10,0,0,0,0,0,0,100,0,32389.16766357422,157115.62475585938,0,404327403520,8589930496,5986193408,114688
10,1791570595274,2500,2500,800,800,800,800,800,800,2500,2500,2500,2500,2500,2506,800,800,5,0,0,0,0,0,0,10,0,0,0,0,0,0,100,0,32389.29931640625,157115.9115600586,0,404327403520,8589930496,5986193408,114688
9,1791570595284,2500,2500,800,800,800,800,800,800,2500,2500,2500,2500,2500,2506,800,800,5,0,0,0,0,0,0,10,0,0,0,0,0,0,100,0,32389.464294433594,157116.25616455078,0,404327403520,8589930496,5986193408,114688
9,1791570595294,2500,2500,800,800,800,800,800,800,2500,2500,2500,2500,2500,2506,800,800,5,0,0,0,0,0,0,10,0,0,0,0,0,0,100,0,32389.619201660156,157116.5679321289,0,404327403520,8589930496,5981237248,114688
9,1791570595304,2500,2500,800,800,800,800,800,800,2500,2500,2500,2500,2500,2506,800,800,5,0,0,0,0,0,0,10,0,0,0,0,0,0,100,0,32389.770446777344,157116.87915039063,0,404327403520,8589930496,5981237248,114688
9,1791570595315,2500,2500,800,800,800,800,800,800,2500,2500,2500,2500,2500,2506,800,800,5,0,0,0,0,0,0,10,0,0,0,0,0,0,100,0,32389.91778564453,157117.189453125,0,404327403520,8589930496,5976281088,114688
10,1791570595324,2500,2500,800,800,800,800,800,800,2500,2500,2500,2500,2500,2506,800,800,5,0,0,0,0,0,0,10,0,0,0,0,0,0,100,0,32390.068115234375,157117.50457763672,0,404327403520,8589930496,5969342464,114688
9,1791570595335,2500,2500,800,800,800,800,800,800,2500,2500,2500,2500,2500,2506,800,800,5,0,0,0,0,0,0,10,0,0,0,0,0,0,100,0,32390.2177734375,157117.8201904297,0,404327403520,8589930496,5969342464,114688
9,1791570595345,2500,2500,800,800,800,800,800,800,2500,2500,2500,2500,2500,2506,800,800,5,0,0,0,0,0,0,10,0,0,0,0,0,0,100,0,32390.366821289063,157118.1333618164,0,404327403520,8589930496,5969342464,114688
9,1791570595355,2500,2500,800,800,800,800,800,800,2500,2500,2500,2500,2500,2506,800,800,0,0,0,0,0,0,0,5,0,0,0,0,0,0,100,0,32390.51806640625,157118.44744873047,0,404327403520,8589930496,5962403840,114688
9,1791570595365,2500,2500,800,800,800,800,800,800,2500,2500,2500,2500,2500,2506,800,800,0,0,0,0,0,0,0,5,0,0,0,0,0,0,100,0,32390.66583251953,157118.75463867188,0,404327403520,8589930496,5962403840,114688
10,1791570595375,2500,2500,800,800,800,800,800,800,2500,2500,2500,2500,2500,2506,800,800,0,0,0,0,0,0,0,5,0,0,0,0,0,0,100,0,32390.815979003906,157119.0708618164,0,404327403520,8589930496,5958934528,114688
9,1791570595385,2500,2500,800,800,800,800,800,800,2500,2500,2500,2500,2500,2506,800,800,0,0,0,0,0,0,0,5,0,0,0,0,0,0,100,0,32390.9765625,157119.41345214844,0,404327403520,8589930496,5958934528,114688
9,1791570595395,2500,2500,800,800,800,800,800,800,2500,2500,2500,2500,2500,2506,800,800,0,0,0,0,0,0,0,5,0,0,0,0,0,0,100,0,32391.133361816406,157119.7279663086,0,404327403520,8589930496,5956456448,114688
9,1791570595405,2500,2500,800,800,800,800,800,800,2500,2500,2500,2500,2500,2506,800,800,0,0,0,0,0,0,0,5,0,0,0,0,0,0,100,0,32391.28204345703,157120.0428466797,0,404327403520,8589930496,5952491520,114688
9,1791570595415,2500,2500,800,800,800,800,800,800,2500,2500,2500,2500,2500,2506,800,800,0,0,0,0,0,0,0,5,0,0,0,0,0,0,100,0,32391.432189941406,157120.35424804688,0,404327403520,8589930496,5952491520,114688
10,1791570595425,2500,2500,800,800,800,800,800,800,2500,2500,2500,2500,2500,2506,800,800,0,0,0,0,0,0,0,5,0,0,0,0,0,0,100,0,32391.585083007813,157120.66723632813,0,404327403520,8589930496,5946048512,114688
9,1791570595435,2500,2500,800,800,800,800,800,800,2500,2500,2500,2500,2500,2506,800,800,0,0,0,0,0,0,0,5,0,0,0,0,0,0,100,0,32391.734497070313,157120.97827148438,0,404327403520,8589930496,5936136192,114688
9,1791570595445,2500,2500,800,800,800,800,800,800,2500,2500,2500,2500,2500,2506,800,800,0,0,0,0,0,0,0,5,0,0,0,0,0,0,100,0,32391.88446044922,157121.29455566406,0,404327403520,8589930496,5935640576,114688
10,1791570595455,2500,2500,800,800,800,800,800,800,2500,2500,2500,2500,2500,2506,800,800,0,0,0,0,0,0,0,5,0,0,0,0,0,0,100,0,32392.036010742188,157121.60668945313,0,404327403520,8589930496,5935640576,114688
9,1791570595466,2500,2500,800,800,800,800,800,800,2500,2500,2500,2500,2500,2506,800,800,0,0,0,0,0,0,0,5,0,0,0,0,0,0,100,0,32392.188720703125,157121.9204711914,0,404327403520,8589930496,5930684416,114688
9,1791570595476,2500,2500,800,800,800,800,800,800,2500,2500,2500,2500,2500,2506,800,800,0,0,0,0,0,0,0,5,0,0,0,0,0,0,100,0,32392.336486816406,157122.23468017578,0,404327403520,8589930496,5930684416,114688
10,1791570595486,2500,2500,800,800,800,800,800,800,2500,2500,2500,2500,2500,2506,800,800,0,0,0,0,0,0,0,5,0,0,0,0,0,0,100,0,32392.477661132813,157122.54083251953,0,404327403520,8589930496,5930684416,114688
9,1791570595496,2500,2500,800,800,800,800,800,800,2500,2500,2500,2500,2500,2506,800,800,0,0,0,0,0,0,0,5,0,0,0,0,0,0,100,0,32392.6318359375,157122.85510253906,0,404327403520,8589930496,5930684416,114688
9,1791570595506,2500,2500,800,800,800,800,800,800,2500,2500,2500,2500,2500,2506,800,800,0,0,0,0,0,0,0,5,0,0,0,0,0,0,100,0,32392.7783203125,157123.17150878906,0,404327403520,8589930496,5930684416,114688
9,1791570595516,2500,2500,800,800,800,800,800,800,2500,2500,2500,2500,2500,2506,800,800,0,0,0,0,0,0,0,5,0,0,0,0,0,0,100,0,32392.92938232422,157123.48663330078,0,404327403520,8589930496,5930684416,114688
10,1791570595526,2500,2500,800,800,800,800,800,800,2500,2500,2500,2500,2500,2506,800,800,0,0,0,0,0,0,0,5,0,0,0,0,0,0,100,0,32393.083374023438,157123.80444335938,0,404327403520,8589930496,5930684416,114688
9,1791570595536,2500,2500,800,800,800,800,800,800,2500,2500,2500,2500,2500,2506,800,800,0,0,0,0,0,0,0,5,0,0,0,0,0,0,100,0,32393.251892089844,157124.15002441406,0,404327403520,8589930496,5930684416,114688
10,1791570595546,2500,2500,800,800,800,800,800,800,2500,2500,2500,2500,2500,2506,800,800,0,0,0,0,0,0,0,5,0,0,0,0,0,0,100,0,32393.38116455078,157124.42938232422,0,404327403520,8589930496,5930684416,114688
9,1791570595556,2500,2500,800,800,800,800,800,800,2500,2500,2500,2500,2500,2506,800,800,0,0,0,0,0,0,0,9.523809432983398,0,0,0,0,0,0,100,0,32393.547973632813,157124.77471923828,0,404327403520,8589930496,5930684416,114688
9,1791570595566,2500,2500,800,800,800,800,800,800,2500,2500,2500,2500,2500,2506,800,800,0,0,0,0,0,0,0,9.523809432983398,0,0,0,0,0,0,100,0,32393.699951171875,157125.09228515625,0,404327403520,8589930496,5930684416,114688
10,1791570595576,2500,2500,800,800,800,800,800,800,2500,2500,2500,2500,2500,2506,800,800,0,0,0,0,0,0,0,9.523809432983398,0,0,0,0,0,0,100,0,32393.848999023438,157125.40509033203,0,404327403520,8589930496,5930684416,114688
10,1791570595586,2500,2500,800,800,800,800,800,800,2500,2500,2500,2500,2500,2506,800,800,0,0,0,0,0,0,0,9.523809432983398,0,0,0,0,0,0,100,0,32394.000610351563,157125.7198486328,0,404327403520,8589930496,5930684416,114688
9,1791570595597,2500,2500,800,800,800,800,800,800,2500,2500,2500,2500,2500,2506,800,800,0,0,0,0,0,0,0,9.523809432983398,0,0,0,0,0,0,100,0,32394.151977539063,157126.03436279297,0,404327403520,8589930496,5930684416,114688
9,1791570595607,2500,2500,800,800,800,800,800,800,2500,2500,2500,2500,2500,2506,800,800,0,0,0,0,0,0,0,9.523809432983398,0,0,0,0,0,0,100,0,32394.29949951172,157126.34619140625,0,404327403520,8589930496,5930684416,114688
9,1791570595617,2500,2500,800,800,800,800,800,800,2500,2500,2500,2500,2500,2506,800,800,0,0,0,0,0,0,0,9.523809432983398,0,0,0,0,0,0,100,0,32394.44854736328,157126.6571044922,0,404327403520,8589930496,5930684416,114688
9,1791570595627,2500,2500,800,800,800,800,800,800,2500,2500,2500,2500,2500,2506,800,800,0,0,0,0,0,0,0,9.523809432983398,0,0,0,0,0,0,100,0,32394.600341796875,157126.96520996094,0,404327403520,8589930496,5930684416,114688
9,1791570595637,2500,2500,800,800,800,800,800,800,2500,2500,2500,2500,2500,2506,800,800,0,0,0,0,0,0,0,9.523809432983398,0,0,0,0,0,0,100,0,32394.749938964844,157127.2772216797,0,404327403520,8589930496,5930684416,114688
9,1791570595647,2500,2500,800,800,800,800,800,800,2500,2500,2500,2500,2500,2506,800,800,0,0,0,0,0,0,0,9.523809432983398,0,0,0,0,0,0,100,0,32394.894958496094,157127.58953857422,0,404327403520,8589930496,5930684416,114688
9,1791570595657,2500,2500,800,800,800,800,800,800,2500,2500,2500,2500,2500,2506,800,800,0,0,0,0,0,0,0,9.523809432983398,0,0,0,0,0,0,100,0,32395.045288085938,157127.90447998047,0,404327403520,8589930496,5930684416,114688
9,1791570595667,2500,2500,800,800,800,800,800,800,2500,2500,2500,2500,2500,2506,800,800,0,0,0,0,0,0,0,9.523809432983398,0,0,0,0,0,0,100,0,32395.195251464844,157128.2173461914,0,404327403520,8589930496,5930684416,114688
9,1791570595677,2500,2500,800,800,800,800,800,800,2500,2500,2500,2500,2500,2506,800,800,0,0,0,0,0,0,0,9.523809432983398,0,0,0,0,0,0,100,0,32395.347900390625,157128.5272216797,0,404327403520,8589930496,5930684416,114688
9,1791570595687,2500,2500,800,800,800,800,800,800,2500,2500,2500,2500,2500,2506,800,800,0,0,0,0,0,0,0,9.523809432983398,0,0,0,0,0,0,100,0,32395.49530029297,157128.84118652344,0,404327403520,8589930496,5930684416,114688
9,1791570595697,2500,2500,800,800,800,800,800,800,2500,2500,2500,2500,2500,2506,800,800,0,0,0,0,0,0,0,9.523809432983398,0,0,0,0,0,0,100,0,32395.647521972656,157129.15478515625,0,404327403520,8589930496,5930684416,114688
9,1791570595707,2500,2500,800,800,800,800,800,800,2500,2500,2500,2500,2500,2506,800,800,0,0,0,0,0,0,0,9.523809432983398,0,0,0,0,0,0,100,0,32395.80078125,157129.46923828125,0,404327403520,8589930496,5930684416,114688
10,1791570595717,2500,2500,800,800,800,800,800,800,2500,2500,2500,2500,2500,2506,800,800,0,0,0,0,0,0,0,9.523809432983398,0,0,0,0,0,0,100,0,32395.953674316406,157129.78442382813,0,404327403520,8589930496,5930684416,114688
9,1791570595727,2500,2500,800,800,800,800,800,800,2500,2500,2500,2500,2500,2506,800,800,0,0,0,0,0,0,0,9.523809432983398,0,0,0,0,0,0,100,0,32396.11444091797,157130.1314086914,0,404327403520,8589930496,5930684416,114688
9,1791570595737,2500,2500,800,800,800,800,800,800,2500,2500,2500,2500,2500,2506,800,800,0,0,0,0,0,0,0,9.523809432983398,0,0,0,0,0,0,100,0,32396.26495361328,157130.4428100586,0,404327403520,8589930496,5930684416,114688
9,1791570595748,2500,2500,800,800,800,800,800,800,2500,2500,2500,2500,2500,2506,800,800,0,0,0,0,0,0,0,9.523809432983398,0,0,0,0,0,0,100,0,32396.41180419922,157130.75787353516,0,404327403520,8589930496,5930684416,114688
9,1791570595758,2500,2500,800,800,800,800,800,800,2500,2500,2500,2500,2500,2506,800,800,5,0,0,0,0,0,0,10,0,0,0,0,0,0,100,0,32396.56414794922,157131.07385253906,0,404327403520,8589930496,5930684416,114688
9,1791570595768,2500,2500,800,800,800,800,800,800,2500,2500,2500,2500,2500,2506,800,800,5,0,0,0,0,0,0,10,0,0,0,0,0,0,100,0,32396.71466064453,157131.38946533203,0,404327403520,8589930496,5930684416,114688
9,1791570595778,2500,2500,800,800,800,800,800,800,2500,2500,2500,2500,2500,2506,800,800,5,0,0,0,0,0,0,10,0,0,0,0,0,0,100,0,32396.865783691406,157131.7066040039,0,404327403520,8589930496,5930684416,114688
9,1791570595788,2500,2500,800,800,800,800,800,800,2500,2500,2500,2500,2500,2506,800,800,5,0,0,0,0,0,0,10,0,0,0,0,0,0,100,0,32397.015075683594,157132.02459716797,0,404327403520,8589930496,5930684416,114688
10,1791570595798,2500,2500,800,800,800,800,800,800,2500,2500,2500,2500,2500,2506,800,800,5,0,0,0,0,0,0,10,0,0,0,0,0,0,100,0,32397.167236328125,157132.33959960938,0,404327403520,8589930496,5930684416,114688
10,1791570595808,2500,2500,800,800,800,800,800,800,2500,2500,2500,2500,2500,2506,800,800,5,0,0,0,0,0,0,10,0,0,0,0,0,0,100,0,32397.317749023438,157132.65173339844,0,404327403520,8589930496,5930684416,114688
9,1791570595818,2500,2500,800,800,800,800,800,800,2500,2500,2500,2500,2500,2506,800,800,5,0,0,0,0,0,0,10,0,0,0,0,0,0,100,0,32397.46649169922,157132.9686279297,0,404327403520,8589930496,5930684416,114688
10,1791570595828,2500,2500,800,800,800,800,800,800,2500,2500,2500,2500,2500,2506,800,800,5,0,0,0,0,0,0,10,0,0,0,0,0,0,100,0,32397.621948242188,157133.28564453125,0,404327403520,8589930496,5930684416,114688
9,1791570595838,2500,2500,800,800,800,800,800,800,2500,2500,2500,2500,2500,2506,800,800,5,0,0,0,0,0,0,10,0,0,0,0,0,0,100,0,32397.77099609375,157133.5997314453,0,404327403520,8589930496,5930684416,114688
9,1791570595848,2500,2500,800,800,800,800,800,800,2500,2500,2500,2500,2500,2506,800,800,5,0,0,0,0,0,0,10,0,0,0,0,0,0,100,0,32397.923095703125,157133.9168701172,0,404327403520,8589930496,5930684416,114688
9,1791570595858,2500,2500,800,800,800,800,800,800,2500,2500,2500,2500,2500,2506,800,800,5,0,0,0,0,0,0,10,0,0,0,0,0,0,100,0,32398.069763183594,157134.22979736328,0,404327403520,8589930496,5930684416,114688
9,1791570595868,2500,2500,800,800,800,800,800,800,2500,2500,2500,2500,2500,2506,800,800,5,0,0,0,0,0,0,10,0,0,0,0,0,0,100,0,32398.2314453125,157134.57165527344,0,404327403520,8589930496,5930684416,114688
9,1791570595879,2500,2500,800,800,800,800,800,800,2500,2500,2500,2500,2500,2506,800,800,5,0,0,0,0,0,0,10,0,0,0,0,0,0,100,0,32398.38623046875,157134.8876953125,0,404327403520,8589930496,5930684416,114688
9,1791570595889,2500,2500,800,800,800,800,800,800,2500,2500,2500,2500,2500,2506,800,800,5,0,0,0,0,0,0,10,0,0,0,0,0,0,100,0,32398.536743164063,157135.203125,0,404327403520,8589930496,5930684416,114688
9,1791570595899,2500,2500,800,800,800,800,800,800,2500,2500,2500,2500,2500,2506,800,800,5,0,0,0,0,0,0,10,0,0,0,0,0,0,100,0,32398.686645507813,157135.51947021484,0,404327403520,8589930496,5930684416,114688
9,1791570595909,2500,2500,800,800,800,800,800,800,2500,2500,2500,2500,2500,2506,800,800,5,0,0,0,0,0,0,10,0,0,0,0,0,0,100,0,32398.83740234375,157135.83544921875,0,404327403520,8589930496,5930684416,114688
10,1791570595919,2500,2500,800,800,800,800,800,800,2500,2500,2500,2500,2500,2506,800,800,5,0,0,0,0,0,0,10,0,0,0,0,0,0,100,0,32398.989196777344,157136.14776611328,0,404327403520,8589930496,5930684416,114688
9,1791570595929,2500,2500,800,800,800,800,800,800,2500,2500,2500,2500,2500,2506,800,800,5,0,0,0,0,0,0,10,0,0,0,0,0,0,100,0,32399.138061523438,157136.45806884766,0,404327403520,8589930496,5930684416,114688
9,1791570595939,2500,2500,800,800,800,800,800,800,2500,2500,2500,2500,2500,2506,800,800,5,0,0,0,0,0,0,10,0,0,0,0,0,0,100,0,32399.289611816406,157136.77490234375,0,404327403520,8589930496,5930684416,114688
9,1791570595949,2500,2500,800,800,800,800,800,800,2500,2500,2500,2500,2500,2506,800,800,5,0,0,0,0,0,0,10,0,0,0,0,0,0,100,0,32399.44219970703,157137.0906982422,0,404327403520,8589930496,5930684416,114688
9,1791570595959,2500,2500,800,800,800,800,800,800,2500,2500,2500,2500,2500,2506,800,800,5.263157844543457,0,0,0,0,0,0,5,0,0,0,0,0,0,100,0,32399.596923828125,157137.40783691406,0,404327403520,8589930496,5930684416,114688
9,1791570595969,2500,2500,800,800,800,800,800,800,2500,2500,2500,2500,2500,2506,800,800,5.263157844543457,0,0,0,0,0,0,5,0,0,0,0,0,0,100,0,32399.745056152344,157137.72467041016,0,404327403520,8589930496,5930684416,114688
9,1791570595979,2500,2500,800,800,800,800,800,800,2500,2500,2500,2500,2500,2506,800,800,5.263157844543457,0,0,0,0,0,0,5,0,0,0,0,0,0,100,0,32399.893920898438,157138.04327392578,0,404327403520,8589930496,5930684416,114688
10,1791570595989,2500,2500,800,800,800,800,800,800,2500,2500,2500,2500,2500,2506,800,800,5.263157844543457,0,0,0,0,0,0,5,0,0,0,0,0,0,100,0,32400.04736328125,157138.3572998047,0,404327403520,8589930496,5930684416,114688
9,1791570595999,2500,2500,800,800,800,800,800,800,2500,2500,2500,2500,2500,2506,800,800,5.263157844543457,0,0,0,0,0,0,5,0,0,0,0,0,0,100,0,32400.200805664063,157138.67364501953,0,404327403520,8589930496,5930684416,114688
9,1791570596009,2500,2500,800,800,800,800,800,800,2500,2500,2500,2500,2500,2506,800,800,5.263157844543457,0,0,0,0,0,0,5,0,0,0,0,0,0,100,0,32400.350524902344,157138.99090576172,0,404327403520,8589930496,5930684416,114688
9,1791570596020,2500,2500,800,800,800,800,800,800,2500,2500,2500,2500,2500,2506,800,800,5.263157844543457,0,0,0,0,0,0,5,0,0,0,0,0,0,100,0,32400.501953125,157139.30987548828,0,404327403520,8589930496,5930684416,114688
9,1791570596030,2500,2500,800,800,800,800,800,800,2500,2500,2500,2500,2500,2506,800,800,5.263157844543457,0,0,0,0,0,0,5,0,0,0,0,0,0,100,0,32400.652465820313,157139.62921142578,0,404327403520,8589930496,5930684416,114688
10,1791570596040,2500,2500,800,800,800,800,800,800,2500,2500,2500,2500,2500,2506,800,800,5.263157844543457,0,0,0,0,0,0,5,0,0,0,0,0,0,100,0,32400.803161621094,157139.94702148438,0,404327403520,8589930496,5930684416,114688
10,1791570596050,2500,2500,800,800,800,800,800,800,2500,2500,2500,2500,2500,2506,800,800,5.263157844543457,0,0,0,0,0,0,5,0,0,0,0,0,0,100,0,32400.95751953125,157140.2548828125,0,404327403520,8589930496,5930684416,114688
9,1791570596060,2500,2500,800,800,800,800,800,800,2500,2500,2500,2500,2500,2506,800,800,5.263157844543457,0,0,0,0,0,0,5,0,0,0,0,0,0,100,0,32401.12823486328,157140.59588623047,0,404327403520,8589930496,5930684416,114688
9,1791570596070,2500,2500,800,800,800,800,800,800,2500,2500,2500,2500,2500,2506,800,800,5.263157844543457,0,0,0,0,0,0,5,0,0,0,0,0,0,100,0,32401.281311035156,157140.9130859375,0,404327403520,8589930496,5930684416,114688
10,1791570596080,2500,2500,800,800,800,800,800,800,2500,2500,2500,2500,2500,2506,800,800,5.263157844543457,0,0,0,0,0,0,5,0,0,0,0,0,0,100,0,32401.432556152344,157141.2335205078,0,404327403520,8589930496,5924823040,114688
9,1791570596090,2500,2500,800,800,800,800,800,800,2500,2500,2500,2500,2500,2506,800,800,5.263157844543457,0,0,0,0,0,0,5,0,0,0,0,0,0,100,0,32401.587341308594,157141.55108642578,0,404327403520,8589930496,5924823040,114688
9,1791570596100,2500,2500,800,800,800,800,800,800,2500,2500,2500,2500,2500,2506,800,800,5.263157844543457,0,0,0,0,0,0,5,0,0,0,0,0,0,100,0,32401.738403320313,157141.8607788086,0,404327403520,8589930496,5924823040,114688
10,1791570596110,2500,2500,800,800,800,800,800,800,2500,2500,2500,2500,2500,2506,800,800,5.263157844543457,0,0,0,0,0,0,5,0,0,0,0,0,0,100,0,32401.88671875,157142.17510986328,0,404327403520,8589930496,5924823040,114688
10,1791570596120,2500,2500,800,800,800,800,800,800,2500,2500,2500,2500,2500,2506,800,800,5.263157844543457,0,0,0,0,0,0,5,0,0,0,0,0,0,100,0,32402.037231445313,157142.48712158203,0,404327403520,8589930496,5924823040,114688
10,1791570596130,2500,2500,800,800,800,800,800,800,2500,2500,2500,2500,2500,2506,800,800,5.263157844543457,0,0,0,0,0,0,5,0,0,0,0,0,0,100,0,32402.187561035156,157142.79803466797,0,404327403520,8589930496,5924823040,114688
10,1791570596140,2500,2500,800,800,800,800,800,800,2500,2500,2500,2500,2500,2506,800,800,5.263157844543457,0,0,0,0,0,0,5,0,0,0,0,0,0,100,0,32402.33660888672,157143.11328125,0,404327403520,8589930496,5907271680,114688
10,1791570596150,2500,2500,800,800,800,800,800,800,2500,2500,2500,2500,2500,2506,800,800,5.263157844543457,0,0,0,0,0,0,5,0,0,0,0,0,0,100,0,32402.490966796875,157143.4278564453,0,404327403520,8589930496,5907271680,114688
9,1791570596160,2500,2500,800,800,800,800,800,800,2500,2500,2500,2500,2500,2506,800,800,0,0,0,0,0,0,0,10,0,0,0,0,0,0,100,0,32402.645141601563,157143.74530029297,0,404327403520,8589930496,5907271680,114688
10,1791570596170,2500,2500,800,800,800,800,800,800,2500,2500,2500,2500,2500,2506,800,800,0,0,0,0,0,0,0,10,0,0,0,0,0,0,100,0,32402.796020507813,157144.06060791016,0,404327403520,8589930496,5907271680,114688
9,1791570596181,2500,2500,800,800,800,800,800,800,2500,2500,2500,2500,2500,2506,800,800,0,0,0,0,0,0,0,10,0,0,0,0,0,0,100,0,32402.947875976563,157144.37719726563,0,404327403520,8589930496,5907271680,114688
9,1791570596191,2500,2500,800,800,800,800,800,800,2500,2500,2500,2500,2500,2506,800,800,0,0,0,0,0,0,0,10,0,0,0,0,0,0,100,0,32403.10076904297,157144.68548583984,0,404327403520,8589930496,5907271680,114688
9,1791570596201,2500,2500,800,800,800,800,800,800,2500,2500,2500,2500,2500,2506,800,800,0,0,0,0,0,0,0,10,0,0,0,0,0,0,100,0,32403.249633789063,157145.0043334961,0,404327403520,8589930496,5907271680,114688
9,1791570596211,2500,2500,800,800,800,800,800,800,2500,2500,2500,2500,2500,2506,800,800,0,0,0,0,0,0,0,10,0,0,0,0,0,0,100,0,32403.41241455078,157145.34576416016,0,404327403520,8589930496,5907271680,114688
9,1791570596221,2500,2500,800,800,800,800,800,800,2500,2500,2500,2500,2500,2506,800,800,0,0,0,0,0,0,0,10,0,0,0,0,0,0,100,0,32403.548889160156,157145.63244628906,0,404327403520,8589930496,5907271680,114688
10,1791570596231,2500,2500,800,800,800,800,800,800,2500,2500,2500,2500,2500,2506,800,800,0,0,0,0,0,0,0,10,0,0,0,0,0,0,100,0,32403.703063964844,157145.9442138672,0,404327403520,8589930496,5907271680,114688
9,1791570596241,2500,2500,800,800,800,800,800,800,2500,2500,2500,2500,2500,2506,800,800,0,0,0,0,0,0,0,10,0,0,0,0,0,0,100,0,32403.86346435547,157146.29315185547,0,404327403520,8589930496,5907271680,114688
9,1791570596251,2500,2500,800,800,800,800,800,800,2500,2500,2500,2500,2500,2506,800,800,0,0,0,0,0,0,0,10,0,0,0,0,0,0,100,0,32404.012756347656,157146.6065673828,0,404327403520,8589930496,5907271680,114688
9,1791570596261,2500,2500,800,800,800,800,800,800,2500,2500,2500,2500,2500,2506,800,800,0,0,0,0,0,0,0,10,0,0,0,0,0,0,100,0,32404.168579101563,157146.91888427734,0,404327403520,8589930496,5907271680,114688
10,1791570596271,2500,2500,800,800,800,800,800,800,2500,2500,2500,2500,2500,2506,800,800,0,0,0,0,0,0,0,10,0,0,0,0,0,0,100,0,32404.315368652344,157147.23376464844,0,404327403520,8589930496,5907271680,114688
10,1791570596281,2500,2500,800,800,800,800,800,800,2500,2500,2500,2500,2500,2506,800,800,0,0,0,0,0,0,0,10,0,0,0,0,0,0,100,0,32404.464599609375,157147.5424194336,0,404327403520,8589930496,5907271680,114688
10,1791570596291,2500,2500,800,800,800,800,800,800,2500,2500,2500,2500,2500,2506,800,800,0,0,0,0,0,0,0,10,0,0,0,0,0,0,100,0,32404.617126464844,157147.85565185547,0,404327403520,8589930496,5907271680,114688
9,1791570596301,2500,2500,800,800,800,800,800,800,2500,2500,2500,2500,2500,2506,800,800,0,0,0,0,0,0,0,10,0,0,0,0,0,0,100,0,32404.76544189453,157148.16217041016,0,404327403520,8589930496,5907271680,114688
9,1791570596311,2500,2500,800,800,800,800,800,800,2500,2500,2500,2500,2500,2506,800,800,0,0,0,0,0,0,0,10,0,0,0,0,0,0,100,0,32404.91650390625,157148.47998046875,0,404327403520,8589930496,5907271680,114688
10,1791570596321,2500,2500,800,800,800,800,800,800,2500,2500,2500,2500,2500,2506,800,800,0,0,0,0,0,0,0,10,0,0,0,0,0,0,100,0,32405.078186035156,157148.79595947266,0,404327403520,8589930496,5907271680,114688
9,1791570596332,2500,2500,800,800,800,800,800,800,2500,2500,2500,2500,2500,2506,800,800,0,0,0,0,0,0,0,10,0,0,0,0,0,0,100,0,32405.230346679688,157149.1118774414,0,404327403520,8589930496,5907271680,114688
9,1791570596342,2500,2500,800,800,800,800,800,800,2500,2500,2500,2500,2500,2506,800,800,0,0,0,0,0,0,0,10,0,0,0,0,0,0,100,0,32405.384033203125,157149.42950439453,0,404327403520,8589930496,5907271680,114688
9,1791570596352,2500,2500,800,800,800,800,800,800,2500,2500,2500,2500,2500,2506,800,800,0,0,0,0,0,0,0,10,0,0,0,0,0,0,100,0,32405.53729248047,157149.74157714844,0,404327403520,8589930496,5907271680,114688
9,1791570596362,2500,2500,800,800,800,800,800,800,2500,2500,2500,2500,2500,2506,800,800,0,0,0,0,0,0,0,9.523809432983398,0,0,0,0,0,0,100,0,32405.692016601563,157150.04681396484,0,404327403520,8589930496,5907271680,114688
9,1791570596372,2500,2500,800,800,800,800,800,800,2500,2500,2500,2500,2500,2506,800,800,0,0,0,0,0,0,0,9.523809432983398,0,0,0,0,0,0,100,0,32405.843627929688,157150.35900878906,0,404327403520,8589930496,5907271680,114688
9,1791570596382,2500,2500,800,800,800,800,800,800,2500,2500,2500,2500,2500,2506,800,800,0,0,0,0,0,0,0,9.523809432983398,0,0,0,0,0,0,100,0,32406.01153564453,157150.70727539063,0,404327403520,8589930496,5907271680,114688
9,1791570596392,2500,2500,800,800,800,800,800,800,2500,2500,2500,2500,2500,2506,800,800,0,0,0,0,0,0,0,9.523809432983398,0,0,0,0,0,0,100,0,32406.14776611328,157150.9916381836,0,404327403520,8589930496,5907271680,114688
9,1791570596402,2500,2500,800,800,800,800,800,800,2500,2500,2500,2500,2500,2506,800,800,0,0,0,0,0,0,0,9.523809432983398,0,0,0,0,0,0,100,0,32406.31475830078,157151.34106445313,0,404327403520,8589930496,5907271680,114688
9,1791570596412,2500,2500,800,800,800,800,800,800,2500,2500,2500,2500,2500,2506,800,800,0,0,0,0,0,0,0,9.523809432983398,0,0,0,0,0,0,100,0,32406.46893310547,157151.6573486328,0,404327403520,8589930496,5907271680,114688
9,1791570596422,2500,2500,800,800,800,800,800,800,2500,2500,2500,2500,2500,2506,800,800,0,0,0,0,0,0,0,9.523809432983398,0,0,0,0,0,0,100,0,32406.62091064453,157151.97332763672,0,404327403520,8589930496,5907271680,114688
9,1791570596432,2500,2500,800,800,800,800,800,800,2500,2500,2500,2500,2500,2506,800,800,0,0,0,0,0,0,0,9.523809432983398,0,0,0,0,0,0,100,0,32406.7724609375,157152.28814697266,0,404327403520,8589930496,5907271680,114688
9,1791570596442,2500,2500,800,800,800,800,800,800,2500,2500,2500,2500,2500,2506,800,800,0,0,0,0,0,0,0,9.523809432983398,0,0,0,0,0,0,100,0,32406.924438476563,157152.60772705078,0,404327403520,8589930496,5907271680,114688
10,1791570596452,2500,2500,800,800,800,800,800,800,2500,2500,2500,2500,2500,2506,800,800,0,0,0,0,0,0,0,9.523809432983398,0,0,0,0,0,0,100,0,32407.080078125,157152.92163085938,0,404327403520,8589930496,5907271680,114688
9,1791570596462,2500,2500,800,800,800,800,800,800,2500,2500,2500,2500,2500,2506,800,800,0,0,0,0,0,0,0,9.523809432983398,0,0,0,0,0,0,100,0,32407.234802246094,157153.23767089844,0,404327403520,8589930496,5907271680,114688
10,1791570596473,2500,2500,800,800,800,800,800,800,2500,2500,2500,2500,2500,2506,800,800,0,0,0,0,0,0,0,9.523809432983398,0,0,0,0,0,0,100,0,32407.384887695313,157153.55859375,0,404327403520,8589930496,5907271680,114688
10,1791570596483,2500,2500,800,800,800,800,800,800,2500,2500,2500,2500,2500,2506,800,800,0,0,0,0,0,0,0,9.523809432983398,0,0,0,0,0,0,100,0,32407.535400390625,157153.8748779297,0,404327403520,8589930496,5907271680,114688
9,1791570596493,2500,2500,800,800,800,800,800,800,2500,2500,2500,2500,2500,2506,800,800,0,0,0,0,0,0,0,9.523809432983398,0,0,0,0,0,0,100,0,32407.684936523438,157154.1905517578,0,404327403520,8589930496,5907271680,114688
9,1791570596503,2500,2500,800,800,800,800,800,800,2500,2500,2500,2500,2500,2506,800,800,0,0,0,0,0,0,0,9.523809432983398,0,0,0,0,0,0,100,0,32407.83544921875,157154.50421142578,0,404327403520,8589930496,5907271680,114688
9,1791570596513,2500,2500,800,800,800,800,800,800,2500,2500,2500,2500,2500,2506,800,800,0,0,0,0,0,0,0,9.523809432983398,0,0,0,0,0,0,100,0,32407.98504638672,157154.81860351563,0,404327403520,8589930496,5907271680,114688
10,1791570596523,2500,2500,800,800,800,800,800,800,2500,2500,2500,2500,2500,2506,800,800,0,0,0,0,0,0,0,9.523809432983398,0,0,0,0,0,0,100,0,32408.13555908203,157155.13775634766,0,404327403520,8589930496,5907271680,114688
9,1791570596533,2500,2500,800,800,800,800,800,800,2500,2500,2500,2500,2500,2506,800,800,0,0,0,0,0,0,0,9.523809432983398,0,0,0,0,0,0,100,0,32408.28887939453,157155.4535522461,0,404327403520,8589930496,5907271680,114688
10,1791570596543,2500,2500,800,800,800,800,800,800,2500,2500,2500,2500,2500,2506,800,800,0,0,0,0,0,0,0,9.523809432983398,0,0,0,0,0,0,100,0,32408.44012451172,157155.76135253906,0,404327403520,8589930496,5907271680,114688
10,1791570596553,2500,2500,800,800,800,800,800,800,2500,2500,2500,2500,2500,2506,800,800,0,0,0,0,0,0,0,9.523809432983398,0,0,0,0,0,0,100,0,32408.594970703125,157156.07891845703,0,404327403520,8589930496,5907271680,114688
9,1791570596563,2500,2500,800,800,800,800,800,800,2500,2500,2500,2500,2500,2506,800,800,10,0,0,0,0,0,0,5.263157844543457,0,0,0,0,0,0,100,0,32408.757751464844,157156.42413330078,0,404327403520,8589930496,5907271680,114688
10,1791570596573,2500,2500,800,800,800,800,800,800,2500,2500,2500,2500,2500,2506,800,800,10,0,0,0,0,0,0,5.263157844543457,0,0,0,0,0,0,100,0,32408.895446777344,157156.71118164063,0,404327403520,8589930496,5907271680,114688
10,1791570596583,2500,2500,800,800,800,800,800,800,2500,2500,2500,2500,2500,2506,800,800,10,0,0,0,0,0,0,5.263157844543457,0,0,0,0,0,0,100,0,32409.046325683594,157157.02514648438,0,404327403520,8589930496,5907271680,114688
10,1791570596593,2500,2500,800,800,800,800,800,800,2500,2500,2500,2500,2500,2506,800,800,10,0,0,0,0,0,0,5.263157844543457,0,0,0,0,0,0,100,0,32409.192993164063,157157.34051513672,0,404327403520,8589930496,5907271680,114688
9,1791570596603,2500,2500,800,800,800,800,800,800,2500,2500,2500,2500,2500,2506,800,800,10,0,0,0,0,0,0,5.263157844543457,0,0,0,0,0,0,100,0,32409.352111816406,157157.68786621094,0,404327403520,8589930496,5907271680,114688
10,1791570596613,2500,2500,800,800,800,800,800,800,2500,2500,2500,2500,2500,2506,800,800,10,0,0,0,0,0,0,5.263157844543457,0,0,0,0,0,0,100,0,32409.500610351563,157157.99768066406,0,404327403520,8589930496,5907271680,114688
10,1791570596624,2500,2500,800,800,800,800,800,800,2500,2500,2500,2500,2500,2506,800,800,10,0,0,0,0,0,0,5.263157844543457,0,0,0,0,0,0,100,0,32409.652221679688,157158.31231689453,0,404327403520,8589930496,5907271680,114688
9,1791570596634,2500,2500,800,800,800,800,800,800,2500,2500,2500,2500,2500,2506,800,800,10,0,0,0,0,0,0,5.263157844543457,0,0,0,0,0,0,100,0,32409.799438476563,157158.62908935547,0,404327403520,8589930496,5907271680,114688
10,1791570596644,2500,2500,800,800,800,800,800,800,2500,2500,2500,2500,2500,2506,800,800,10,0,0,0,0,0,0,5.263157844543457,0,0,0,0,0,0,100,0,32409.955810546875,157158.9408569336,0,404327403520,8589930496,5907271680,114688
9,1791570596654,2500,2500,800,800,800,800,800,800,2500,2500,2500,2500,2500,2506,800,800,10,0,0,0,0,0,0,5.263157844543457,0,0,0,0,0,0,100,0,32410.109008789063,157159.25817871094,0,404327403520,8589930496,5907271680,114688
9,1791570596664,2500,2500,800,800,800,800,800,800,2500,2500,2500,2500,2500,2506,800,800,10,0,0,0,0,0,0,5.263157844543457,0,0,0,0,0,0,100,0,32410.258056640625,157159.57446289063,0,404327403520,8589930496,5907271680,114688
9,1791570596674,2500,2500,800,800,800,800,800,800,2500,2500,2500,2500,2500,2506,800,800,10,0,0,0,0,0,0,5.263157844543457,0,0,0,0,0,0,100,0,32410.414184570313,157159.88018798828,0,404327403520,8589930496,5907271680,114688
9,1791570596684,2500,2500,800,800,800,800,800,800,2500,2500,2500,2500,2500,2506,800,800,10,0,0,0,0,0,0,5.263157844543457,0,0,0,0,0,0,100,0,32410.564331054688,157160.1932373047,0,404327403520,8589930496,5907271680,114688
9,1791570596694,2500,2500,800,800,800,800,800,800,2500,2500,2500,2500,2500,2506,800,800,10,0,0,0,0,0,0,5.263157844543457,0,0,0,0,0,0,100,0,32410.71795654297,157160.50946044922,0,404327403520,8589930496,5907271680,114688
10,1791570596704,2500,2500,800,800,800,800,800,800,2500,2500,2500,2500,2500,2506,800,800,10,0,0,0,0,0,0,5.263157844543457,0,0,0,0,0,0,100,0,32410.870849609375,157160.8228149414,0,404327403520,8589930496,5907271680,114688
9,1791570596714,2500,2500,800,800,800,800,800,800,2500,2500,2500,2500,2500,2506,800,800,10,0,0,0,0,0,0,5.263157844543457,0,0,0,0,0,0,100,0,32411.029296875,157161.13983154297,0,404327403520,8589930496,5907271680,114688
9,1791570596724,2500,2500,800,800,800,800,800,800,2500,2500,2500,2500,2500,2506,800,800,10,0,0,0,0,0,0,5.263157844543457,0,0,0,0,0,0,100,0,32411.181274414063,157161.45794677734,0,404327403520,8589930496,5907271680,114688
9,1791570596734,2500,2500,800,800,800,800,800,800,2500,2500,2500,2500,2500,2506,800,800,10,0,0,0,0,0,0,5.263157844543457,0,0,0,0,0,0,100,0,32411.33612060547,157161.7650756836,0,404327403520,8589930496,5907271680,114688
9,1791570596744,2500,2500,800,800,800,800,800,800,2500,2500,2500,2500,2500,2506,800,800,10,0,0,0,0,0,0,5.263157844543457,0,0,0,0,0,0,100,0,32411.509643554688,157162.11267089844,0,404327403520,8589930496,5907271680,114688
10,1791570596754,2500,2500,800,800,800,800,800,800,2500,2500,2500,2500,2500,2506,800,800,10,0,0,0,0,0,0,5.263157844543457,0,0,0,0,0,0,100,0,32411.643676757813,157162.39764404297,0,404327403520,8589930496,5907271680,114688
10,1791570596764,2500,2500,800,800,800,800,800,800,2500,2500,2500,2500,2500,2506,800,800,0,0,0,0,0,0,0,9.523809432983398,0,0,0,0,0,0,100,0,32411.81231689453,157162.74243164063,0,404327403520,8589930496,5907271680,114688
9,1791570596775,2500,2500,800,800,800,800,800,800,2500,2500,2500,2500,2500,2506,800,800,0,0,0,0,0,0,0,9.523809432983398,0,0,0,0,0,0,100,0,32411.96551513672,157163.0571899414,0,404327403520,8589930496,5907271680,114688
9,1791570596785,2500,2500,800,800,800,800,800,800,2500,2500,2500,2500,2500,2506,800,800,0,0,0,0,0,0,0,9.523809432983398,0,0,0,0,0,0,100,0,32412.11749267578,157163.3677368164,0,404327403520,8589930496,5907271680,114688
9,1791570596795,2500,2500,800,800,800,800,800,800,2500,2500,2500,2500,2500,2506,800,800,0,0,0,0,0,0,0,9.523809432983398,0,0,0,0,0,0,100,0,32412.26690673828,157163.67419433594,0,404327403520,8589930496,5907271680,114688
9,1791570596805,2500,2500,800,800,800,800,800,800,2500,2500,2500,2500,2500,2506,800,800,0,0,0,0,0,0,0,9.523809432983398,0,0,0,0,0,0,100,0,32412.41632080078,157163.98669433594,0,404327403520,8589930496,5907271680,114688
9,1791570596815,2500,2500,800,800,800,800,800,800,2500,2500,2500,2500,2500,2506,800,800,0,0,0,0,0,0,0,9.523809432983398,0,0,0,0,0,0,100,0,32412.567749023438,157164.30249023438,0,404327403520,8589930496,5907271680,114688
9,1791570596825,2500,2500,800,800,800,800,800,800,2500,2500,2500,2500,2500,2506,800,800,0,0,0,0,0,0,0,9.523809432983398,0,0,0,0,0,0,100,0,32412.71337890625,157164.6137084961,0,404327403520,8589930496,5907271680,114688
9,1791570596835,2500,2500,800,800,800,800,800,800,2500,2500,2500,2500,2500,2506,800,800,0,0,0,0,0,0,0,9.523809432983398,0,0,0,0,0,0,100,0,32412.86297607422,157164.9276123047,0,404327403520,8589930496,5907271680,114688
9,1791570596845,2500,2500,800,800,800,800,800,800,2500,2500,2500,2500,2500,2506,800,800,0,0,0,0,0,0,0,9.523809432983398,0,0,0,0,0,0,100,0,32413.008728027344,157165.23992919922,0,404327403520,8589930496,5907271680,114688
9,1791570596855,2500,2500,800,800,800,800,800,800,2500,2500,2500,2500,2500,2506,800,800,0,0,0,0,0,0,0,9.523809432983398,0,0,0,0,0,0,100,0,32413.157592773438,157165.5518798828,0,404327403520,8589930496,5907271680,114688
10,1791570596865,2500,2500,800,800,800,800,800,800,2500,2500,2500,2500,2500,2506,800,800,0,0,0,0,0,0,0,9.523809432983398,0,0,0,0,0,0,100,0,32413.305725097656,157165.86346435547,0,404327403520,8589930496,5907271680,114688
9,1791570596875,2500,2500,800,800,800,800,800,800,2500,2500,2500,2500,2500,2506,800,800,0,0,0,0,0,0,0,9.523809432983398,0,0,0,0,0,0,100,0,32413.461364746094,157166.17517089844,0,404327403520,8589930496,5907271680,114688
10,1791570596885,2500,2500,800,800,800,800,800,800,2500,2500,2500,2500,2500,2506,800,800,0,0,0,0,0,0,0,9.523809432983398,0,0,0,0,0,0,100,0,32413.606384277344,157166.4920654297,0,404327403520,8589930496,5907271680,114688
9,1791570596896,2500,2500,800,800,800,800,800,800,2500,2500,2500,2500,2500,2506,800,800,0,0,0,0,0,0,0,9.523809432983398,0,0,0,0,0,0,100,0,32413.767333984375,157166.8383178711,0,404327403520,8589930496,5907271680,114688
9,1791570596906,2500,2500,800,800,800,800,800,800,2500,2500,2500,2500,2500,2506,800,800,0,0,0,0,0,0,0,9.523809432983398,0,0,0,0,0,0,100,0,32413.917846679688,157167.15350341797,0,404327403520,8589930496,5907271680,114688
10,1791570596916,2500,2500,800,800,800,800,800,800,2500,2500,2500,2500,2500,2506,800,800,0,0,0,0,0,0,0,9.523809432983398,0,0,0,0,0,0,100,0,32414.057556152344,157167.43359375,0,404327403520,8589930496,5907271680,114688
10,1791570596926,2500,2500,800,800,800,800,800,800,2500,2500,2500,2500,2500,2506,800,800,0,0,0,0,0,0,0,9.523809432983398,0,0,0,0,0,0,100,0,32414.210083007813,157167.7481689453,0,404327403520,8589930496,5907271680,114688
9,1791570596936,2500,2500,800,800,800,800,800,800,2500,2500,2500,2500,2500,2506,800,800,0,0,0,0,0,0,0,9.523809432983398,0,0,0,0,0,0,100,0,32414.37335205078,157168.09765625,0,404327403520,8589930496,5907271680,114688
9,1791570596946,2500,2500,800,800,800,800,800,800,2500,2500,2500,2500,2500,2506,800,800,0,0,0,0,0,0,0,9.523809432983398,0,0,0,0,0,0,100,0,32414.528259277344,157168.4151611328,0,404327403520,8589930496,5907271680,114688
9,1791570596956,2500,2500,800,800,800,800,800,800,2500,2500,2500,2500,2500,2506,800,800,0,0,0,0,0,0,0,9.523809432983398,0,0,0,0,0,0,100,0,32414.677612304688,157168.72888183594,0,404327403520,8589930496,5907271680,114688
9,1791570596966,2500,2500,800,800,800,800,800,800,2500,2500,2500,2500,2500,2506,800,800,0,0,0,0,0,0,0,9.523809432983398,0,0,0,0,0,0,100,0,32414.83251953125,157169.04473876953,0,404327403520,8589930496,5907271680,114688
10,1791570596976,2500,2500,800,800,800,800,800,800,2500,2500,2500,2500,2500,2506,800,800,0,0,0,0,0,0,0,9.523809432983398,0,0,0,0,0,0,100,0,32414.99072265625,157169.36138916016,0,404327403520,8589930496,5907271680,114688
9,1791570596986,2500,2500,800,800,800,800,800,800,2500,2500,2500,2500,2500,2506,800,800,0,0,0,0,0,0,0,9.523809432983398,0,0,0,0,0,0,100,0,32415.14031982422,157169.68170166016,0,404327403520,8589930496,5907271680,114688
9,1791570596996,2500,2500,800,800,800,800,800,800,2500,2500,2500,2500,2500,2506,800,800,0,0,0,0,0,0,0,9.523809432983398,0,0,0,0,0,0,100,0,32415.29119873047,157169.99908447266,0,404327403520,8589930496,5907271680,114688
10,1791570597006,2500,2500,800,800,800,800,800,800,2500,2500,2500,2500,2500,2506,800,800,0,0,0,0,0,0,0,9.523809432983398,0,0,0,0,0,0,100,0,32415.444274902344,157170.3134765625,0,404327403520,8589930496,5907271680,114688
9,1791570597016,2500,2500,800,800,800,800,800,800,2500,2500,2500,2500,2500,2506,800,800,0,0,0,0,0,0,0,9.523809432983398,0,0,0,0,0,0,100,0,32415.59735107422,157170.62951660156,0,404327403520,8589930496,5907271680,114688
9,1791570597026,2500,2500,800,800,800,800,800,800,2500,2500,2500,2500,2500,2506,800,800,0,0,0,0,0,0,0,9.523809432983398,0,0,0,0,0,0,100,0,32415.74786376953,157170.94592285156,0,404327403520,8589930496,5907271680,114688
10,1791570597036,2500,2500,800,800,800,800,800,800,2500,2500,2500,2500,2500,2506,800,800,0,0,0,0,0,0,0,9.523809432983398,0,0,0,0,0,0,100,0,32415.89892578125,157171.26336669922,0,404327403520,8589930496,5907271680,114688
9,1791570597047,2500,2500,800,800,800,800,800,800,2500,2500,2500,2500,2500,2506,800,800,0,0,0,0,0,0,0,9.523809432983398,0,0,0,0,0,0,100,0,32416.054748535156,157171.58111572266,0,404327403520,8589930496,5907271680,114688
9,1791570597057,2500,2500,800,800,800,800,800,800,2500,2500,2500,2500,2500,2506,800,800,0,0,0,0,0,0,0,9.523809432983398,0,0,0,0,0,0,100,0,32416.196655273438,157171.9013671875,0,404327403520,8589930496,5907271680,114688
9,1791570597067,2500,2500,800,800,800,800,800,800,2500,2500,2500,2500,2500,2506,800,800,0,0,0,0,0,0,0,9.523809432983398,0,0,0,0,0,0,100,0,32416.342407226563,157172.22021484375,0,404327403520,8589930496,5907271680,114688
9,1791570597077,2500,2500,800,800,800,800,800,800,2500,2500,2500,2500,2500,2506,800,800,0,0,0,0,0,0,0,9.523809432983398,0,0,0,0,0,0,100,0,32416.50537109375,157172.5701904297,0,404327403520,8589930496,5907271680,114688
9,1791570597087,2500,2500,800,800,800,800,800,800,2500,2500,2500,2500,2500,2506,800,800,0,0,0,0,0,0,0,9.523809432983398,0,0,0,0,0,0,100,0,32416.65899658203,157172.8848876953,0,404327403520,8589930496,5907271680,114688
9,1791570597097,2500,2500,800,800,800,800,800,800,2500,2500,2500,2500,2500,2506,800,800,0,0,0,0,0,0,0,9.523809432983398,0,0,0,0,0,0,100,0,32416.809326171875,157173.20245361328,0,404327403520,8589930496,5885280256,114688
9,1791570597107,2500,2500,800,800,800,800,800,800,2500,2500,2500,2500,2500,2506,800,800,0,0,0,0,0,0,0,9.523809432983398,0,0,0,0,0,0,100,0,32416.959838867188,157173.51525878906,0,404327403520,8589930496,5885280256,114688
9,1791570597117,2500,2500,800,800,800,800,800,800,2500,2500,2500,2500,2500,2506,800,800,0,0,0,0,0,0,0,9.523809432983398,0,0,0,0,0,0,100,0,32417.10675048828,157173.82989501953,0,404327403520,8589930496,5885280256,114688
9,1791570597127,2500,2500,800,800,800,800,800,800,2500,2500,2500,2500,2500,2506,800,800,0,0,0,0,0,0,0,9.523809432983398,0,0,0,0,0,0,100,0,32417.263305664063,157174.14575195313,0,404327403520,8589930496,5885280256,114688
10,1791570597137,2500,2500,800,800,800,800,800,800,2500,2500,2500,2500,2500,2506,800,800,0,0,0,0,0,0,0,9.523809432983398,0,0,0,0,0,0,100,0,32417.41583251953,157174.45959472656,0,404327403520,8589930496,5885280256,114688
9,1791570597147,2500,2500,800,800,800,800,800,800,2500,2500,2500,2500,2500,2506,800,800,0,0,0,0,0,0,0,9.523809432983398,0,0,0,0,0,0,100,0,32417.563415527344,157174.77703857422,0,404327403520,8589930496,5885280256,114688
9,1791570597157,2500,2500,800,800,800,800,800,800,2500,2500,2500,2500,2500,2506,800,800,0,0,0,0,0,0,0,9.523809432983398,0,0,0,0,0,0,100,0,32417.713989257813,157175.0928955078,0,404327403520,8589930496,5885280256,114688
9,1791570597167,2500,2500,800,800,800,800,800,800,2500,2500,2500,2500,2500,2506,800,800,5,0,0,0,0,0,0,5.263157844543457,0,0,0,0,0,0,100,0,32417.873291015625,157175.40661621094,0,404327403520,8589930496,5884760064,114688
9,1791570597177,2500,2500,800,800,800,800,800,800,2500,2500,2500,2500,2500,2506,800,800,5,0,0,0,0,0,0,5.263157844543457,0,0,0,0,0,0,100,0,32418.02655029297,157175.72912597656,0,404327403520,8589930496,5884760064,114688
9,1791570597188,2500,2500,800,800,800,800,800,800,2500,2500,2500,2500,2500,2506,800,800,5,0,0,0,0,0,0,5.263157844543457,0,0,0,0,0,0,100,0,32418.179077148438,157176.0428466797,0,404327403520,8589930496,5884760064,114688
9,1791570597198,2500,2500,800,800,800,800,800,800,2500,2500,2500,2500,2500,2506,800,800,5,0,0,0,0,0,0,5.263157844543457,0,0,0,0,0,0,100,0,32418.333374023438,157176.36004638672,0,404327403520,8589930496,5884760064,114688
9,1791570597208,2500,2500,800,800,800,800,800,800,2500,2500,2500,2500,2500,2506,800,800,5,0,0,0,0,0,0,5.263157844543457,0,0,0,0,0,0,100,0,32418.48681640625,157176.6773071289,0,404327403520,8589930496,5884760064,114688
9,1791570597218,2500,2500,800,800,800,800,800,800,2500,2500,2500,2500,2500,2506,800,800,5,0,0,0,0,0,0,5.263157844543457,0,0,0,0,0,0,100,0,32418.635681152344,157176.99139404297,0,404327403520,8589930496,5884760064,114688
10,1791570597228,2500,2500,800,800,800,800,800,800,2500,2500,2500,2500,2500,2506,800,800,5,0,0,0,0,0,0,5.263157844543457,0,0,0,0,0,0,100,0,32418.789123535156,157177.30883789063,0,404327403520,8589930496,5884760064,114688
9,1791570597238,2500,2500,800,800,800,800,800,800,2500,2500,2500,2500,2500,2506,800,800,5,0,0,0,0,0,0,5.263157844543457,0,0,0,0,0,0,100,0,32418.937438964844,157177.62170410156,0,404327403520,8589930496,5884760064,114688
9,1791570597248,2500,2500,800,800,800,800,800,800,2500,2500,2500,2500,2500,2506,800,800,5,0,0,0,0,0,0,5.263157844543457,0,0,0,0,0,0,100,0,32419.091796875,157177.94274902344,0,404327403520,8589930496,5884760064,114688
9,1791570597258,2500,2500,800,800,800,800,800,800,2500,2500,2500,2500,2500,2506,800,800,5,0,0,0,0,0,0,5.263157844543457,0,0,0,0,0,0,100,0,32419.262451171875,157178.28289794922,0,404327403520,8589930496,5884760064,114688
9,1791570597268,2500,2500,800,800,800,800,800,800,2500,2500,2500,2500,2500,2506,800,800,5,0,0,0,0,0,0,5.263157844543457,0,0,0,0,0,0,100,0,32419.413146972656,157178.5987548828,0,404327403520,8589930496,5884760064,114688
10,1791570597278,2500,2500,800,800,800,800,800,800,2500,2500,2500,2500,2500,2506,800,800,5,0,0,0,0,0,0,5.263157844543457,0,0,0,0,0,0,100,0,32419.567321777344,157178.91046142578,0,404327403520,8589930496,5884760064,114688
9,1791570597288,2500,2500,800,800,800,800,800,800,2500,2500,2500,2500,2500,2506,800,800,5,0,0,0,0,0,0,5.263157844543457,0,0,0,0,0,0,100,0,32419.713989257813,157179.2271118164,0,404327403520,8589930496,5884760064,114688
10,1791570597298,2500,2500,800,800,800,800,800,800,2500,2500,2500,2500,2500,2506,800,800,5,0,0,0,0,0,0,5.263157844543457,0,0,0,0,0,0,100,0,32419.8623046875,157179.53717041016,0,404327403520,8589930496,5884760064,114688
9,1791570597308,2500,2500,800,800,800,800,800,800,2500,2500,2500,2500,2500,2506,800,800,5,0,0,0,0,0,0,5.263157844543457,0,0,0,0,0,0,100,0,32420.015563964844,157179.8546142578,0,404327403520,8589930496,5884760064,114688
10,1791570597318,2500,2500,800,800,800,800,800,800,2500,2500,2500,2500,2500,2506,800,800,5,0,0,0,0,0,0,5.263157844543457,0,0,0,0,0,0,100,0,32420.16864013672,157180.16961669922,0,404327403520,8589930496,5884760064,114688
10,1791570597328,2500,2500,800,800,800,800,800,800,2500,2500,2500,2500,2500,2506,800,800,5,0,0,0,0,0,0,5.263157844543457,0,0,0,0,0,0,100,0,32420.31365966797,157180.48809814453,0,404327403520,8589930496,5884760064,114688
9,1791570597339,2500,2500,800,800,800,800,800,800,2500,2500,2500,2500,2500,2506,800,800,5,0,0,0,0,0,0,5.263157844543457,0,0,0,0,0,0,100,0,32420.47021484375,157180.80389404297,0,404327403520,8589930496,5884760064,114688
10,1791570597349,2500,2500,800,800,800,800,800,800,2500,2500,2500,2500,2500,2506,800,800,5,0,0,0,0,0,0,5.263157844543457,0,0,0,0,0,0,100,0,32420.620361328125,157181.1224975586,0,404327403520,8589930496,5884760064,114688
9,1791570597359,2500,2500,800,800,800,800,800,800,2500,2500,2500,2500,2500,2506,800,800,5,0,0,0,0,0,0,5.263157844543457,0,0,0,0,0,0,100,0,32420.769958496094,157181.43786621094,0,404327403520,8589930496,5884760064,114688
9,1791570597369,2500,2500,800,800,800,800,800,800,2500,2500,2500,2500,2500,2506,800,800,0,0,0,0,0,0,0,9.523809432983398,0,0,0,0,0,0,100,4.761904716491699,32420.92108154297,157181.7564086914,0,404327403520,8589930496,5884760064,114688
9,1791570597379,2500,2500,800,800,800,800,800,800,2500,2500,2500,2500,2500,2506,800,800,0,0,0,0,0,0,0,9.523809432983398,0,0,0,0,0,0,100,4.761904716491699,32421.071044921875,157182.0723876953,0,404327403520,8589930496,5884760064,114688
9,1791570597389,2500,2500,800,800,800,800,800,800,2500,2500,2500,2500,2500,2506,800,800,0,0,0,0,0,0,0,9.523809432983398,0,0,0,0,0,0,100,4.761904716491699,32421.22393798828,157182.3875732422,0,404327403520,8589930496,5884760064,114688
9,1791570597399,2500,2500,800,800,800,800,800,800,2500,2500,2500,2500,2500,2506,800,800,0,0,0,0,0,0,0,9.523809432983398,0,0,0,0,0,0,100,4.761904716491699,32421.386169433594,157182.7353515625,0,404327403520,8589930496,5884760064,114688
9,1791570597409,2500,2500,800,800,800,800,800,800,2500,2500,2500,2500,2500,2506,800,800,0,0,0,0,0,0,0,9.523809432983398,0,0,0,0,0,0,100,4.761904716491699,32421.54034423828,157183.0516357422,0,404327403520,8589930496,5884760064,114688
10,1791570597419,2500,2500,800,800,800,800,800,800,2500,2500,2500,2500,2500,2506,800,800,0,0,0,0,0,0,0,9.523809432983398,0,0,0,0,0,0,100,4.761904716491699,32421.674926757813,157183.3321533203,0,404327403520,8589930496,5884760064,114688
9,1791570597429,2500,2500,800,800,800,800,800,800,2500,2500,2500,2500,2500,2506,800,800,0,0,0,0,0,0,0,9.523809432983398,0,0,0,0,0,0,100,4.761904716491699,32421.84100341797,157183.68267822266,0,404327403520,8589930496,5884760064,114688
10,1791570597439,2500,2500,800,800,800,800,800,800,2500,2500,2500,2500,2500,2506,800,800,0,0,0,0,0,0,0,9.523809432983398,0,0,0,0,0,0,100,4.761904716491699,32421.978149414063,157183.9688720703,0,404327403520,8589930496,5884760064,114688
9,1791570597449,2500,2500,800,800,800,800,800,800,2500,2500,2500,2500,2500,2506,800,800,0,0,0,0,0,0,0,9.523809432983398,0,0,0,0,0,0,100,4.761904716491699,32422.14825439453,157184.31701660156,0,404327403520,8589930496,5884760064,114688
9,1791570597459,2500,2500,800,800,800,800,800,800,2500,2500,2500,2500,2500,2506,800,800,0,0,0,0,0,0,0,9.523809432983398,0,0,0,0,0,0,100,4.761904716491699,32422.299865722656,157184.6343383789,0,404327403520,8589930496,5884760064,114688
9,1791570597470,2500,2500,800,800,800,800,800,800,2500,2500,2500,2500,2500,2506,800,800,0,0,0,0,0,0,0,9.523809432983398,0,0,0,0,0,0,100,4.761904716491699,32422.453002929688,157184.9526977539,0,404327403520,8589930496,5884760064,114688
9,1791570597480,2500,2500,800,800,800,800,800,800,2500,2500,2500,2500,2500,2506,800,800,0,0,0,0,0,0,0,9.523809432983398,0,0,0,0,0,0,100,4.761904716491699,32422.604553222656,157185.2625732422,0,404327403520,8589930496,5884760064,114688
10,1791570597490,2500,2500,800,800,800,800,800,800,2500,2500,2500,2500,2500,2506,800,800,0,0,0,0,0,0,0,9.523809432983398,0,0,0,0,0,0,100,4.761904716491699,32422.759765625,157185.5824584961,0,404327403520,8589930496,5884760064,114688
9,1791570597500,2500,2500,800,800,800,800,800,800,2500,2500,2500,2500,2500,2506,800,800,0,0,0,0,0,0,0,9.523809432983398,0,0,0,0,0,0,100,4.761904716491699,32422.913208007813,157185.90130615234,0,404327403520,8589930496,5884760064,114688
9,1791570597510,2500,2500,800,800,800,800,800,800,2500,2500,2500,2500,2500,2506,800,800,0,0,0,0,0,0,0,9.523809432983398,0,0,0,0,0,0,100,4.761904716491699,32423.063903808594,157186.21264648438,0,404327403520,8589930496,5884760064,114688
9,1791570597520,2500,2500,800,800,800,800,800,800,2500,2500,2500,2500,2500,2506,800,800,0,0,0,0,0,0,0,9.523809432983398,0,0,0,0,0,0,100,4.761904716491699,32423.20947265625,157186.52697753906,0,404327403520,8589930496,5884760064,114688
9,1791570597530,2500,2500,800,800,800,800,800,800,2500,2500,2500,2500,2500,2506,800,800,0,0,0,0,0,0,0,9.523809432983398,0,0,0,0,0,0,100,4.761904716491699,32423.357421875,157186.8441772461,0,404327403520,8589930496,5884760064,114688
9,1791570597540,2500,2500,800,800,800,800,800,800,2500,2500,2500,2500,2500,2506,800,800,0,0,0,0,0,0,0,9.523809432983398,0,0,0,0,0,0,100,4.761904716491699,32423.5068359375,157187.16052246094,0,404327403520,8589930496,5884760064,114688
9,1791570597550,2500,2500,800,800,800,800,800,800,2500,2500,2500,2500,2500,2506,800,800,0,0,0,0,0,0,0,9.523809432983398,0,0,0,0,0,0,100,4.761904716491699,32423.653198242188,157187.47564697266,0,404327403520,8589930496,5884760064,114688
9,1791570597560,2500,2500,800,800,800,800,800,800,2500,2500,2500,2500,2500,2506,800,800,0,0,0,0,0,0,0,9.523809432983398,0,0,0,0,0,0,100,4.761904716491699,32423.805541992188,157187.78784179688,0,404327403520,8589930496,5884760064,114688
9,1791570597570,2500,2500,800,800,800,800,800,800,2500,2500,2500,2500,2500,2506,800,800,5.263157844543457,0,0,0,0,0,0,5.263157844543457,0,0,0,0,0,0,100,0,32423.970947265625,157188.13623046875,0,404327403520,8589930496,5884760064,114688
9,1791570597580,2500,2500,800,800,800,800,800,800,2500,2500,2500,2500,2500,2506,800,800,5.263157844543457,0,0,0,0,0,0,5.263157844543457,0,0,0,0,0,0,100,0,32424.10595703125,157188.4239501953,0,404327403520,8589930496,5884760064,114688
9,1791570597590,2500,2500,800,800,800,800,800,800,2500,2500,2500,2500,2500,2506,800,800,5.263157844543457,0,0,0,0,0,0,5.263157844543457,0,0,0,0,0,0,100,0,32424.270141601563,157188.7696533203,0,404327403520,8589930496,5884760064,114688
9,1791570597601,2500,2500,800,800,800,800,800,800,2500,2500,2500,2500,2500,2506,800,800,5.263157844543457,0,0,0,0,0,0,5.263157844543457,0,0,0,0,0,0,100,0,32424.417724609375,157189.08227539063,0,404327403520,8589930496,5884760064,114688
10,1791570597610,2500,2500,800,800,800,800,800,800,2500,2500,2500,2500,2500,2506,800,800,5.263157844543457,0,0,0,0,0,0,5.263157844543457,0,0,0,0,0,0,100,0,32424.566040039063,157189.39520263672,0,404327403520,8589930496,5884760064,114688
10,1791570597621,2500,2500,800,800,800,800,800,800,2500,2500,2500,2500,2500,2506,800,800,5.263157844543457,0,0,0,0,0,0,5.263157844543457,0,0,0,0,0,0,100,0,32424.715270996094,157189.71118164063,0,404327403520,8589930496,5884760064,114688
9,1791570597631,2500,2500,800,800,800,800,800,800,2500,2500,2500,2500,2500,2506,800,800,5.263157844543457,0,0,0,0,0,0,5.263157844543457,0,0,0,0,0,0,100,0,32424.86553955078,157190.0281982422,0,404327403520,8589930496,5884760064,114688
9,1791570597641,2500,2500,800,800,800,800,800,800,2500,2500,2500,2500,2500,2506,800,800,5.263157844543457,0,0,0,0,0,0,5.263157844543457,0,0,0,0,0,0,100,0,32425.016967773438,157190.34338378906,0,404327403520,8589930496,5884760064,114688
9,1791570597651,2500,2500,800,800,800,800,800,800,2500,2500,2500,2500,2500,2506,800,800,5.263157844543457,0,0,0,0,0,0,5.263157844543457,0,0,0,0,0,0,100,0,32425.168029785156,157190.65545654297,0,404327403520,8589930496,5884760064,114688
9,1791570597661,2500,2500,800,800,800,800,800,800,2500,2500,2500,2500,2500,2506,800,800,5.263157844543457,0,0,0,0,0,0,5.263157844543457,0,0,0,0,0,0,100,0,32425.322631835938,157190.96630859375,0,404327403520,8589930496,5884760064,114688
9,1791570597671,2500,2500,800,800,800,800,800,800,2500,2500,2500,2500,2500,2506,800,800,5.263157844543457,0,0,0,0,0,0,5.263157844543457,0,0,0,0,0,0,100,0,32425.47332763672,157191.28094482422,0,404327403520,8589930496,5884760064,114688
9,1791570597681,2500,2500,800,800,800,800,800,800,2500,2500,2500,2500,2500,2506,800,800,5.263157844543457,0,0,0,0,0,0,5.263157844543457,0,0,0,0,0,0,100,0,32425.62420654297,157191.59606933594,0,404327403520,8589930496,5884760064,114688
9,1791570597691,2500,2500,800,800,800,800,800,800,2500,2500,2500,2500,2500,2506,800,800,5.263157844543457,0,0,0,0,0,0,5.263157844543457,0,0,0,0,0,0,100,0,32425.77960205078,157191.91467285156,0,404327403520,8589930496,5884760064,114688
9,1791570597701,2500,2500,800,800,800,800,800,800,2500,2500,2500,2500,2500,2506,800,800,5.263157844543457,0,0,0,0,0,0,5.263157844543457,0,0,0,0,0,0,100,0,32425.92901611328,157192.23010253906,0,404327403520,8589930496,5884760064,114688
9,1791570597711,2500,2500,800,800,800,800,800,800,2500,2500,2500,2500,2500,2506,800,800,5.263157844543457,0,0,0,0,0,0,5.263157844543457,0,0,0,0,0,0,100,0,32426.08331298828,157192.5435180664,0,404327403520,8589930496,5884760064,114688
9,1791570597721,2500,2500,800,800,800,800,800,800,2500,2500,2500,2500,2500,2506,800,800,5.263157844543457,0,0,0,0,0,0,5.263157844543457,0,0,0,0,0,0,100,0,32426.238037109375,157192.85888671875,0,404327403520,8589930496,5884760064,114688
10,1791570597731,2500,2500,800,800,800,800,800,800,2500,2500,2500,2500,2500,2506,800,800,5.263157844543457,0,0,0,0,0,0,5.263157844543457,0,0,0,0,0,0,100,0,32426.38671875,157193.17065429688,0,404327403520,8589930496,5884760064,114688
9,1791570597741,2500,2500,800,800,800,800,800,800,2500,2500,2500,2500,2500,2506,800,800,5.263157844543457,0,0,0,0,0,0,5.263157844543457,0,0,0,0,0,0,100,0,32426.535766601563,157193.4920654297,0,404327403520,8589930496,5884760064,114688
9,1791570597752,2500,2500,800,800,800,800,800,800,2500,2500,2500,2500,2500,2506,800,800,5.263157844543457,0,0,0,0,0,0,5.263157844543457,0,0,0,0,0,0,100,0,32426.687744140625,157193.8065185547,0,404327403520,8589930496,5884760064,114688
9,1791570597762,2500,2500,800,800,800,800,800,800,2500,2500,2500,2500,2500,2506,800,800,5.263157844543457,0,0,0,0,0,0,5.263157844543457,0,0,0,0,0,0,100,0,32426.83917236328,157194.11840820313,0,404327403520,8589930496,5884760064,114688
9,1791570597772,2500,2500,800,800,800,800,800,800,2500,2500,2500,2500,2500,2506,800,800,0,0,0,0,0,0,0,9.523809432983398,0,0,0,0,0,0,100,0,32427.00323486328,157194.4649658203,0,404327403520,8589930496,5884760064,114688
10,1791570597782,2500,2500,800,800,800,800,800,800,2500,2500,2500,2500,2500,2506,800,800,0,0,0,0,0,0,0,9.523809432983398,0,0,0,0,0,0,100,0,32427.1396484375,157194.74432373047,0,404327403520,8589930496,5884760064,114688
9,1791570597792,2500,2500,800,800,800,800,800,800,2500,2500,2500,2500,2500,2506,800,800,0,0,0,0,0,0,0,9.523809432983398,0,0,0,0,0,0,100,0,32427.30810546875,157195.08697509766,0,404327403520,8589930496,5884760064,114688
9,1791570597802,2500,2500,800,800,800,800,800,800,2500,2500,2500,2500,2500,2506,800,800,0,0,0,0,0,0,0,9.523809432983398,0,0,0,0,0,0,100,0,32427.463623046875,157195.39825439453,0,404327403520,8589930496,5884760064,114688
9,1791570597812,2500,2500,800,800,800,800,800,800,2500,2500,2500,2500,2500,2506,800,800,0,0,0,0,0,0,0,9.523809432983398,0,0,0,0,0,0,100,0,32427.612670898438,157195.70861816406,0,404327403520,8589930496,5884760064,114688
10,1791570597822,2500,2500,800,800,800,800,800,800,2500,2500,2500,2500,2500,2506,800,800,0,0,0,0,0,0,0,9.523809432983398,0,0,0,0,0,0,100,0,32427.76336669922,157196.02770996094,0,404327403520,8589930496,5884760064,114688
9,1791570597832,2500,2500,800,800,800,800,800,800,2500,2500,2500,2500,2500,2506,800,800,0,0,0,0,0,0,0,9.523809432983398,0,0,0,0,0,0,100,0,32427.919006347656,157196.34014892578,0,404327403520,8589930496,5884760064,114688
10,1791570597842,2500,2500,800,800,800,800,800,800,2500,2500,2500,2500,2500,2506,800,800,0,0,0,0,0,0,0,9.523809432983398,0,0,0,0,0,0,100,0,32428.070251464844,157196.65173339844,0,404327403520,8589930496,5884760064,114688
9,1791570597852,2500,2500,800,800,800,800,800,800,2500,2500,2500,2500,2500,2506,800,800,0,0,0,0,0,0,0,9.523809432983398,0,0,0,0,0,0,100,0,32428.22314453125,157196.96356201172,0,404327403520,8589930496,5884760064,114688
9,1791570597862,2500,2500,800,800,800,800,800,800,2500,2500,2500,2500,2500,2506,800,800,0,0,0,0,0,0,0,9.523809432983398,0,0,0,0,0,0,100,0,32428.377685546875,157197.2769165039,0,404327403520,8589930496,5884760064,114688
9,1791570597872,2500,2500,800,800,800,800,800,800,2500,2500,2500,2500,2500,2506,800,800,0,0,0,0,0,0,0,9.523809432983398,0,0,0,0,0,0,100,0,32428.533142089844,157197.59338378906,0,404327403520,8589930496,5884760064,114688
9,1791570597882,2500,2500,800,800,800,800,800,800,2500,2500,2500,2500,2500,2506,800,800,0,0,0,0,0,0,0,9.523809432983398,0,0,0,0,0,0,100,0,32428.681274414063,157197.9071044922,0,404327403520,8589930496,5884760064,114688
9,1791570597893,2500,2500,800,800,800,800,800,800,2500,2500,2500,2500,2500,2506,800,800,0,0,0,0,0,0,0,9.523809432983398,0,0,0,0,0,0,100,0,32428.83526611328,157198.21954345703,0,404327403520,8589930496,5884760064,114688
9,1791570597903,2500,2500,800,800,800,800,800,800,2500,2500,2500,2500,2500,2506,800,800,0,0,0,0,0,0,0,9.523809432983398,0,0,0,0,0,0,100,0,32428.999877929688,157198.56274414063,0,404327403520,8589930496,5884760064,114688
9,1791570597913,2500,2500,800,800,800,800,800,800,2500,2500,2500,2500,2500,2506,800,800,0,0,0,0,0,0,0,9.523809432983398,0,0,0,0,0,0,100,0,32429.152770996094,157198.87139892578,0,404327403520,8589930496,5884760064,114688
9,1791570597923,2500,2500,800,800,800,800,800,800,2500,2500,2500,2500,2500,2506,800,800,0,0,0,0,0,0,0,9.523809432983398,0,0,0,0,0,0,100,0,32429.30584716797,157199.18334960938,0,404327403520,8589930496,5884760064,114688
9,1791570597933,2500,2500,800,800,800,800,800,800,2500,2500,2500,2500,2500,2506,800,800,0,0,0,0,0,0,0,9.523809432983398,0,0,0,0,0,0,100,0,32429.45819091797,157199.49462890625,0,404327403520,8589930496,5884760064,114688
9,1791570597943,2500,2500,800,800,800,800,800,800,2500,2500,2500,2500,2500,2506,800,800,0,0,0,0,0,0,0,9.523809432983398,0,0,0,0,0,0,100,0,32429.610717773438,157199.80688476563,0,404327403520,8589930496,5884760064,114688
9,1791570597953,2500,2500,800,800,800,800,800,800,2500,2500,2500,2500,2500,2506,800,800,0,0,0,0,0,0,0,9.523809432983398,0,0,0,0,0,0,100,0,32429.763793945313,157200.12017822266,0,404327403520,8589930496,5884760064,114688
9,1791570597963,2500,2500,800,800,800,800,800,800,2500,2500,2500,2500,2500,2506,800,800,0,0,0,0,0,0,0,9.523809432983398,0,0,0,0,0,0,100,0,32429.915771484375,157200.43328857422,0,404327403520,8589930496,5884760064,114688
10,1791570597973,2500,2500,800,800,800,800,800,800,2500,2500,2500,2500,2500,2506,800,800,5,0,0,0,0,0,0,9.523809432983398,0,0,0,0,0,0,100,0,32430.065368652344,157200.74249267578,0,404327403520,8589930496,5884760064,114688
9,1791570597983,2500,2500,800,800,800,800,800,800,2500,2500,2500,2500,2500,2506,800,800,5,0,0,0,0,0,0,9.523809432983398,0,0,0,0,0,0,100,0,32430.214782714844,157201.0560913086,0,404327403520,8589930496,5884760064,114688
10,1791570597993,2500,2500,800,800,800,800,800,800,2500,2500,2500,2500,2500,2506,800,800,5,0,0,0,0,0,0,9.523809432983398,0,0,0,0,0,0,100,0,32430.36767578125,157201.3690185547,0,404327403520,8589930496,5884760064,114688
9,1791570598003,2500,2500,800,800,800,800,800,800,2500,2500,2500,2500,2500,2506,800,800,5,0,0,0,0,0,0,9.523809432983398,0,0,0,0,0,0,100,0,32430.52001953125,157201.68041992188,0,404327403520,8589930496,5884760064,114688
9,1791570598013,2500,2500,800,800,800,800,800,800,2500,2500,2500,2500,2500,2506,800,800,5,0,0,0,0,0,0,9.523809432983398,0,0,0,0,0,0,100,0,32430.671630859375,157201.99884033203,0,404327403520,8589930496,5884760064,114688
10,1791570598023,2500,2500,800,800,800,800,800,800,2500,2500,2500,2500,2500,2506,800,800,5,0,0,0,0,0,0,9.523809432983398,0,0,0,0,0,0,100,0,32430.822875976563,157202.30920410156,0,404327403520,8589930496,5884760064,114688
9,1791570598033,2500,2500,800,800,800,800,800,800,2500,2500,2500,2500,2500,2506,800,800,5,0,0,0,0,0,0,9.523809432983398,0,0,0,0,0,0,100,0,32430.97100830078,157202.62274169922,0,404327403520,8589930496,5884760064,114688
9,1791570598044,2500,2500,800,800,800,800,800,800,2500,2500,2500,2500,2500,2506,800,800,5,0,0,0,0,0,0,9.523809432983398,0,0,0,0,0,0,100,0,32431.120849609375,157202.9038696289,0,404327403520,8589930496,5884760064,114688
9,1791570598054,2500,2500,800,800,800,800,800,800,2500,2500,2500,2500,2500,2506,800,800,5,0,0,0,0,0,0,9.523809432983398,0,0,0,0,0,0,100,0,32431.267578125,157203.25299072266,0,404327403520,8589930496,5884760064,114688
9,1791570598064,2500,2500,800,800,800,800,800,800,2500,2500,2500,2500,2500,2506,800,800,5,0,0,0,0,0,0,9.523809432983398,0,0,0,0,0,0,100,0,32431.42626953125,157203.5650024414,0,404327403520,8589930496,5884760064,114688
9,1791570598074,2500,2500,800,800,800,800,800,800,2500,2500,2500,2500,2500,2506,800,800,5,0,0,0,0,0,0,9.523809432983398,0,0,0,0,0,0,100,0,32431.58837890625,157203.88354492188,0,404327403520,8589930496,5884760064,114688
9,1791570598084,2500,2500,800,800,800,800,800,800,2500,2500,2500,2500,2500,2506,800,800,5,0,0,0,0,0,0,9.523809432983398,0,0,0,0,0,0,100,0,32431.72186279297,157204.19921875,0,404327403520,8589930496,5884760064,114688
10,1791570598094,2500,2500,800,800,800,800,800,800,2500,2500,2500,2500,2500,2506,800,800,5,0,0,0,0,0,0,9.523809432983398,0,0,0,0,0,0,100,0,32431.87530517578,157204.50665283203,0,404327403520,8589930496,5884760064,114688
9,1791570598104,2500,2500,800,800,800,800,800,800,2500,2500,2500,2500,2500,2506,800,800,5,0,0,0,0,0,0,9.523809432983398,0,0,0,0,0,0,100,0,32432.027282714844,157204.81707763672,0,404327403520,8589930496,5884760064,114688
10,1791570598114,2500,2500,800,800,800,800,800,800,2500,2500,2500,2500,2500,2506,800,800,5,0,0,0,0,0,0,9.523809432983398,0,0,0,0,0,0,100,0,32432.190795898438,157205.16436767578,0,404327403520,8589930496,5884760064,114688
9,1791570598124,2500,2500,800,800,800,800,800,800,2500,2500,2500,2500,2500,2506,800,800,5,0,0,0,0,0,0,9.523809432983398,0,0,0,0,0,0,100,0,32432.3427734375,157205.47692871094,0,404327403520,8589930496,5863088128,114688
9,1791570598134,2500,2500,800,800,800,800,800,800,2500,2500,2500,2500,2500,2506,800,800,5,0,0,0,0,0,0,9.523809432983398,0,0,0,0,0,0,100,0,32432.492736816406,157205.78619384766,0,404327403520,8589930496,5863088128,114688
9,1791570598144,2500,2500,800,800,800,800,800,800,2500,2500,2500,2500,2500,2506,800,800,5,0,0,0,0,0,0,9.523809432983398,0,0,0,0,0,0,100,0,32432.646606445313,157206.10626220703,0,404327403520,8589930496,5863088128,114688
10,1791570598154,2500,2500,800,800,800,800,800,800,2500,2500,2500,2500,2500,2506,800,800,5,0,0,0,0,0,0,9.523809432983398,0,0,0,0,0,0,100,0,32432.79803466797,157206.42626953125,0,404327403520,8589930496,5863088128,114688
9,1791570598164,2500,2500,800,800,800,800,800,800,2500,2500,2500,2500,2500,2506,800,800,5,0,0,0,0,0,0,9.523809432983398,0,0,0,0,0,0,100,0,32432.94744873047,157206.7286376953,0,404327403520,8589930496,5863088128,114688
10,1791570598174,2500,2500,800,800,800,800,800,800,2500,2500,2500,2500,2500,2506,800,800,0,0,0,0,0,0,0,5.263157844543457,0,0,0,0,0,0,100,0,32433.096130371094,157207.04321289063,0,404327403520,8589930496,5863088128,114688
9,1791570598185,2500,2500,800,800,800,800,800,800,2500,2500,2500,2500,2500,2506,800,800,0,0,0,0,0,0,0,5.263157844543457,0,0,0,0,0,0,100,0,32433.25323486328,157207.35412597656,0,404327403520,8589930496,5863088128,114688
9,1791570598195,2500,2500,800,800,800,800,800,800,2500,2500,2500,2500,2500,2506,800,800,0,0,0,0,0,0,0,5.263157844543457,0,0,0,0,0,0,100,0,32433.40740966797,157207.66876220703,0,404327403520,8589930496,5863088128,114688
9,1791570598205,2500,2500,800,800,800,800,800,800,2500,2500,2500,2500,2500,2506,800,800,0,0,0,0,0,0,0,5.263157844543457,0,0,0,0,0,0,100,0,32433.55499267578,157207.978515625,0,404327403520,8589930496,5863088128,114688
9,1791570598215,2500,2500,800,800,800,800,800,800,2500,2500,2500,2500,2500,2506,800,800,0,0,0,0,0,0,0,5.263157844543457,0,0,0,0,0,0,100,0,32433.71063232422,157208.2938232422,0,404327403520,8589930496,5863088128,114688
9,1791570598225,2500,2500,800,800,800,800,800,800,2500,2500,2500,2500,2500,2506,800,800,0,0,0,0,0,0,0,5.263157844543457,0,0,0,0,0,0,100,0,32433.856201171875,157208.60192871094,0,404327403520,8589930496,5863088128,114688
9,1791570598235,2500,2500,800,800,800,800,800,800,2500,2500,2500,2500,2500,2506,800,800,0,0,0,0,0,0,0,5.263157844543457,0,0,0,0,0,0,100,0,32434.00909423828,157208.9129638672,0,404327403520,8589930496,5863088128,114688
9,1791570598245,2500,2500,800,800,800,800,800,800,2500,2500,2500,2500,2500,2506,800,800,0,0,0,0,0,0,0,5.263157844543457,0,0,0,0,0,0,100,0,32434.159240722656,157209.22338867188,0,404327403520,8589930496,5863088128,114688
9,1791570598255,2500,2500,800,800,800,800,800,800,2500,2500,2500,2500,2500,2506,800,800,0,0,0,0,0,0,0,5.263157844543457,0,0,0,0,0,0,100,0,32434.326782226563,157209.56524658203,0,404327403520,8589930496,5863088128,114688
9,1791570598265,2500,2500,800,800,800,800,800,800,2500,2500,2500,2500,2500,2506,800,800,0,0,0,0,0,0,0,5.263157844543457,0,0,0,0,0,0,100,0,32434.47686767578,157209.87817382813,0,404327403520,8589930496,5863088128,114688
10,1791570598275,2500,2500,800,800,800,800,800,800,2500,2500,2500,2500,2500,2506,800,800,0,0,0,0,0,0,0,5.263157844543457,0,0,0,0,0,0,100,0,32434.62646484375,157210.19354248047,0,404327403520,8589930496,5863088128,114688
9,1791570598285,2500,2500,800,800,800,800,800,800,2500,2500,2500,2500,2500,2506,800,800,0,0,0,0,0,0,0,5.263157844543457,0,0,0,0,0,0,100,0,32434.777709960938,157210.5044555664,0,404327403520,8589930496,5863088128,114688
9,1791570598295,2500,2500,800,800,800,800,800,800,2500,2500,2500,2500,2500,2506,800,800,0,0,0,0,0,0,0,5.263157844543457,0,0,0,0,0,0,100,0,32434.92254638672,157210.8158569336,0,404327403520,8589930496,5863088128,114688
10,1791570598305,2500,2500,800,800,800,800,800,800,2500,2500,2500,2500,2500,2506,800,800,0,0,0,0,0,0,0,5.263157844543457,0,0,0,0,0,0,100,0,32435.078186035156,157211.12921142578,0,404327403520,8589930496,5863088128,114688
9,1791570598316,2500,2500,800,800,800,800,800,800,2500,2500,2500,2500,2500,2506,800,800,0,0,0,0,0,0,0,5.263157844543457,0,0,0,0,0,0,100,0,32435.22833251953,157211.4468383789,0,404327403520,8589930496,5863088128,114688
9,1791570598326,2500,2500,800,800,800,800,800,800,2500,2500,2500,2500,2500,2506,800,800,0,0,0,0,0,0,0,5.263157844543457,0,0,0,0,0,0,100,0,32435.382873535156,157211.75939941406,0,404327403520,8589930496,5863088128,114688
9,1791570598336,2500,2500,800,800,800,800,800,800,2500,2500,2500,2500,2500,2506,800,800,0,0,0,0,0,0,0,5.263157844543457,0,0,0,0,0,0,100,0,32435.53302001953,157212.07153320313,0,404327403520,8589930496,5863088128,114688
10,1791570598346,2500,2500,800,800,800,800,800,800,2500,2500,2500,2500,2500,2506,800,800,0,0,0,0,0,0,0,5.263157844543457,0,0,0,0,0,0,100,0,32435.68426513672,157212.3797607422,0,404327403520,8589930496,5863088128,114688
9,1791570598356,2500,2500,800,800,800,800,800,800,2500,2500,2500,2500,2500,2506,800,800,0,0,0,0,0,0,0,5.263157844543457,0,0,0,0,0,0,100,0,32435.836303710938,157212.68969726563,0,404327403520,8589930496,5863088128,114688
9,1791570598366,2500,2500,800,800,800,800,800,800,2500,2500,2500,2500,2500,2506,800,800,0,0,0,0,0,0,0,5.263157844543457,0,0,0,0,0,0,100,0,32435.987854003906,157213.0014038086,0,404327403520,8589930496,5863088128,114688
9,1791570598376,2500,2500,800,800,800,800,800,800,2500,2500,2500,2500,2500,2506,800,800,5.263157844543457,0,0,0,0,0,0,9.523809432983398,0,0,0,0,0,0,100,0,32436.13671875,157213.3133544922,0,404327403520,8589930496,5863088128,114688
9,1791570598386,2500,2500,800,800,800,800,800,800,2500,2500,2500,2500,2500,2506,800,800,5.263157844543457,0,0,0,0,0,0,9.523809432983398,0,0,0,0,0,0,100,0,32436.28759765625,157213.62884521484,0,404327403520,8589930496,5863088128,114688
9,1791570598396,2500,2500,800,800,800,800,800,800,2500,2500,2500,2500,2500,2506,800,800,5.263157844543457,0,0,0,0,0,0,9.523809432983398,0,0,0,0,0,0,100,0,32436.437377929688,157213.94244384766,0,404327403520,8589930496,5863088128,114688
9,1791570598406,2500,2500,800,800,800,800,800,800,2500,2500,2500,2500,2500,2506,800,800,5.263157844543457,0,0,0,0,0,0,9.523809432983398,0,0,0,0,0,0,100,0,32436.605834960938,157214.28936767578,0,404327403520,8589930496,5863088128,114688
9,1791570598416,2500,2500,800,800,800,800,800,800,2500,2500,2500,2500,2500,2506,800,800,5.263157844543457,0,0,0,0,0,0,9.523809432983398,0,0,0,0,0,0,100,0,32436.739135742188,157214.56829833984,0,404327403520,8589930496,5863088128,114688
9,1791570598426,2500,2500,800,800,800,800,800,800,2500,2500,2500,2500,2500,2506,800,800,5.263157844543457,0,0,0,0,0,0,9.523809432983398,0,0,0,0,0,0,100,0,32436.90948486328,157214.91375732422,0,404327403520,8589930496,5863088128,114688
9,1791570598436,2500,2500,800,800,800,800,800,800,2500,2500,2500,2500,2500,2506,800,800,5.263157844543457,0,0,0,0,0,0,9.523809432983398,0,0,0,0,0,0,100,0,32437.06365966797,157215.23046875,0,404327403520,8589930496,5863088128,114688
9,1791570598446,2500,2500,800,800,800,800,800,800,2500,2500,2500,2500,2500,2506,800,800,5.263157844543457,0,0,0,0,0,0,9.523809432983398,0,0,0,0,0,0,100,0,32437.212646484375,157215.54235839844,0,404327403520,8589930496,5863088128,114688
9,1791570598456,2500,2500,800,800,800,800,800,800,2500,2500,2500,2500,2500,2506,800,800,5.263157844543457,0,0,0,0,0,0,9.523809432983398,0,0,0,0,0,0,100,0,32437.36846923828,157215.86016845703,0,404327403520,8589930496,5863088128,114688
9,1791570598467,2500,2500,800,800,800,800,800,800,2500,2500,2500,2500,2500,2506,800,800,5.263157844543457,0,0,0,0,0,0,9.523809432983398,0,0,0,0,0,0,100,0,32437.51873779297,157216.17358398438,0,404327403520,8589930496,5863088128,114688
9,1791570598477,2500,2500,800,800,800,800,800,800,2500,2500,2500,2500,2500,2506,800,800,5.263157844543457,0,0,0,0,0,0,9.523809432983398,0,0,0,0,0,0,100,0,32437.67218017578,157216.4849243164,0,404327403520,8589930496,5863088128,114688
9,1791570598487,2500,2500,800,800,800,800,800,800,2500,2500,2500,2500,2500,2506,800,800,5.263157844543457,0,0,0,0,0,0,9.523809432983398,0,0,0,0,0,0,100,0,32437.819763183594,157216.80017089844,0,404327403520,8589930496,5863088128,114688
9,1791570598497,2500,2500,800,800,800,800,800,800,2500,2500,2500,2500,2500,2506,800,800,5.263157844543457,0,0,0,0,0,0,9.523809432983398,0,0,0,0,0,0,100,0,32437.971557617188,157217.11358642578,0,404327403520,8589930496,5863088128,114688
9,1791570598507,2500,2500,800,800,800,800,800,800,2500,2500,2500,2500,2500,2506,800,800,5.263157844543457,0,0,0,0,0,0,9.523809432983398,0,0,0,0,0,0,100,0,32438.122619628906,157217.4310913086,0,404327403520,8589930496,5863088128,114688
9,1791570598517,2500,2500,800,800,800,800,800,800,2500,2500,2500,2500,2500,2506,800,800,5.263157844543457,0,0,0,0,0,0,9.523809432983398,0,0,0,0,0,0,100,0,32438.279907226563,157217.7432861328,0,404327403520,8589930496,5863088128,114688
9,1791570598527,2500,2500,800,800,800,800,800,800,2500,2500,2500,2500,2500,2506,800,800,5.263157844543457,0,0,0,0,0,0,9.523809432983398,0,0,0,0,0,0,100,0,32438.42803955078,157218.05560302734,0,404327403520,8589930496,5863088128,114688
9,1791570598537,2500,2500,800,800,800,800,800,800,2500,2500,2500,2500,2500,2506,800,800,5.263157844543457,0,0,0,0,0,0,9.523809432983398,0,0,0,0,0,0,100,0,32438.575256347656,157218.37036132813,0,404327403520,8589930496,5863088128,114688
9,1791570598547,2500,2500,800,800,800,800,800,800,2500,2500,2500,2500,2500,2506,800,800,5.263157844543457,0,0,0,0,0,0,9.523809432983398,0,0,0,0,0,0,100,0,32438.7255859375,157218.6837158203,0,404327403520,8589930496,5863088128,114688
9,1791570598557,2500,2500,800,800,800,800,800,800,2500,2500,2500,2500,2500,2506,800,800,5.263157844543457,0,0,0,0,0,0,9.523809432983398,0,0,0,0,0,0,100,0,32438.876831054688,157218.99542236328,0,404327403520,8589930496,5863088128,114688
9,1791570598567,2500,2500,800,800,800,800,800,800,2500,2500,2500,2500,2500,2506,800,800,5.263157844543457,0,0,0,0,0,0,9.523809432983398,0,0,0,0,0,0,100,0,32439.026916503906,157219.3109741211,0,404327403520,8589930496,5863088128,114688
9,1791570598577,2500,2500,800,800,800,800,800,800,2500,2500,2500,2500,2500,2506,800,800,0,0,0,0,0,0,0,10,0,0,0,0,0,0,100,0,32439.19366455078,157219.65606689453,0,404327403520,8589930496,5863088128,114688
9,1791570598587,2500,2500,800,800,800,800,800,800,2500,2500,2500,2500,2500,2506,800,800,0,0,0,0,0,0,0,10,0,0,0,0,0,0,100,0,32439.32733154297,157219.9444580078,0,404327403520,8589930496,5863088128,114688
9,1791570598597,2500,2500,800,800,800,800,800,800,2500,2500,2500,2500,2500,2506,800,800,0,0,0,0,0,0,0,10,0,0,0,0,0,0,100,0,32439.492126464844,157220.2862548828,0,404327403520,8589930496,5863088128,114688
9,1791570598608,2500,2500,800,800,800,800,800,800,2500,2500,2500,2500,2500,2506,800,800,0,0,0,0,0,0,0,10,0,0,0,0,0,0,100,0,32439.64190673828,157220.60034179688,0,404327403520,8589930496,5863088128,114688
10,1791570598618,2500,2500,800,800,800,800,800,800,2500,2500,2500,2500,2500,2506,800,800,0,0,0,0,0,0,0,10,0,0,0,0,0,0,100,0,32439.7919921875,157220.91583251953,0,404327403520,8589930496,5863088128,114688
9,1791570598628,2500,2500,800,800,800,800,800,800,2500,2500,2500,2500,2500,2506,800,800,0,0,0,0,0,0,0,10,0,0,0,0,0,0,100,0,32439.943237304688,157221.2322998047,0,404327403520,8589930496,5863088128,114688
9,1791570598638,2500,2500,800,800,800,800,800,800,2500,2500,2500,2500,2500,2506,800,800,0,0,0,0,0,0,0,10,0,0,0,0,0,0,100,0,32440.09698486328,157221.54760742188,0,404327403520,8589930496,5863088128,114688
9,1791570598648,2500,2500,800,800,800,800,800,800,2500,2500,2500,2500,2500,2506,800,800,0,0,0,0,0,0,0,10,0,0,0,0,0,0,100,0,32440.24932861328,157221.86193847656,0,404327403520,8589930496,5863088128,114688
10,1791570598658,2500,2500,800,800,800,800,800,800,2500,2500,2500,2500,2500,2506,800,800,0,0,0,0,0,0,0,10,0,0,0,0,0,0,100,0,32440.40496826172,157222.17901611328,0,404327403520,8589930496,5863088128,114688
9,1791570598668,2500,2500,800,800,800,800,800,800,2500,2500,2500,2500,2500,2506,800,800,0,0,0,0,0,0,0,10,0,0,0,0,0,0,100,0,32440.557861328125,157222.49481201172,0,404327403520,8589930496,5863088128,114688
9,1791570598678,2500,2500,800,800,800,800,800,800,2500,2500,2500,2500,2500,2506,800,800,0,0,0,0,0,0,0,10,0,0,0,0,0,0,100,0,32440.710205078125,157222.80828857422,0,404327403520,8589930496,5863088128,114688
9,1791570598688,2500,2500,800,800,800,800,800,800,2500,2500,2500,2500,2500,2506,800,800,0,0,0,0,0,0,0,10,0,0,0,0,0,0,100,0,32440.85467529297,157223.1273803711,0,404327403520,8589930496,5863088128,114688
9,1791570598698,2500,2500,800,800,800,800,800,800,2500,2500,2500,2500,2500,2506,800,800,0,0,0,0,0,0,0,10,0,0,0,0,0,0,100,0,32441.004638671875,157223.44287109375,0,404327403520,8589930496,5863088128,114688
9,1791570598708,2500,2500,800,800,800,800,800,800,2500,2500,2500,2500,2500,2506,800,800,0,0,0,0,0,0,0,10,0,0,0,0,0,0,100,0,32441.157165527344,157223.76049804688,0,404327403520,8589930496,5863088128,114688
10,1791570598718,2500,2500,800,800,800,800,800,800,2500,2500,2500,2500,2500,2506,800,800,0,0,0,0,0,0,0,10,0,0,0,0,0,0,100,0,32441.304626464844,157224.07611083984,0,404327403520,8589930496,5863088128,114688
10,1791570598728,2500,2500,800,800,800,800,800,800,2500,2500,2500,2500,2500,2506,800,800,0,0,0,0,0,0,0,10,0,0,0,0,0,0,100,0,32441.454223632813,157224.39068603516,0,404327403520,8589930496,5863088128,114688
9,1791570598738,2500,2500,800,800,800,800,800,800,2500,2500,2500,2500,2500,2506,800,800,0,0,0,0,0,0,0,10,0,0,0,0,0,0,100,0,32441.624877929688,157224.73669433594,0,404327403520,8589930496,5863088128,114688
9,1791570598748,2500,2500,800,800,800,800,800,800,2500,2500,2500,2500,2500,2506,800,800,0,0,0,0,0,0,0,10,0,0,0,0,0,0,100,0,32441.75909423828,157225.02172851563,0,404327403520,8589930496,5863088128,114688
9,1791570598759,2500,2500,800,800,800,800,800,800,2500,2500,2500,2500,2500,2506,800,800,0,0,0,0,0,0,0,10,0,0,0,0,0,0,100,0,32441.92431640625,157225.36932373047,0,404327403520,8589930496,5863088128,114688
9,1791570598769,2500,2500,800,800,800,800,800,800,2500,2500,2500,2500,2500,2506,800,800,0,0,0,0,0,0,0,10,0,0,0,0,0,0,100,0,32442.074829101563,157225.68090820313,0,404327403520,8589930496,5863088128,114688
9,1791570598779,2500,2500,800,800,800,800,800,800,2500,2500,2500,2500,2500,2506,800,800,0,0,0,0,0,0,0,5,0,0,0,0,0,0,100,0,32442.22314453125,157225.994140625,0,404327403520,8589930496,5863088128,114688
9,1791570598789,2500,2500,800,800,800,800,800,800,2500,2500,2500,2500,2500,2506,800,800,0,0,0,0,0,0,0,5,0,0,0,0,0,0,100,0,32442.372192382813,157226.3070678711,0,404327403520,8589930496,5863088128,114688
9,1791570598799,2500,2500,800,800,800,800,800,800,2500,2500,2500,2500,2500,2506,800,800,0,0,0,0,0,0,0,5,0,0,0,0,0,0,100,0,32442.523315429688,157226.62561035156,0,404327403520,8589930496,5863088128,114688
9,1791570598809,2500,2500,800,800,800,800,800,800,2500,2500,2500,2500,2500,2506,800,800,0,0,0,0,0,0,0,5,0,0,0,0,0,0,100,0,32442.67529296875,157226.9444580078,0,404327403520,8589930496,5863088128,114688
9,1791570598819,2500,2500,800,800,800,800,800,800,2500,2500,2500,2500,2500,2506,800,800,0,0,0,0,0,0,0,5,0,0,0,0,0,0,100,0,32442.82763671875,157227.25799560547,0,404327403520,8589930496,5863088128,114688
9,1791570598829,2500,2500,800,800,800,800,800,800,2500,2500,2500,2500,2500,2506,800,800,0,0,0,0,0,0,0,5,0,0,0,0,0,0,100,0,32442.977600097656,157227.57470703125,0,404327403520,8589930496,5863088128,114688
9,1791570598839,2500,2500,800,800,800,800,800,800,2500,2500,2500,2500,2500,2506,800,800,0,0,0,0,0,0,0,5,0,0,0,0,0,0,100,0,32443.12188720703,157227.89227294922,0,404327403520,8589930496,5863088128,114688
9,1791570598849,2500,2500,800,800,800,800,800,800,2500,2500,2500,2500,2500,2506,800,800,0,0,0,0,0,0,0,5,0,0,0,0,0,0,100,0,32443.270751953125,157228.20776367188,0,404327403520,8589930496,5863088128,114688
10,1791570598859,2500,2500,800,800,800,800,800,800,2500,2500,2500,2500,2500,2506,800,800,0,0,0,0,0,0,0,5,0,0,0,0,0,0,100,0,32443.41815185547,157228.5274658203,0,404327403520,8589930496,5863088128,114688
10,1791570598869,2500,2500,800,800,800,800,800,800,2500,2500,2500,2500,2500,2506,800,800,0,0,0,0,0,0,0,5,0,0,0,0,0,0,100,0,32443.575561523438,157228.8432006836,0,404327403520,8589930496,5863088128,114688
9,1791570598879,2500,2500,800,800,800,800,800,800,2500,2500,2500,2500,2500,2506,800,800,0,0,0,0,0,0,0,5,0,0,0,0,0,0,100,0,32443.72528076172,157229.16375732422,0,404327403520,8589930496,5863088128,114688
9,1791570598890,2500,2500,800,800,800,800,800,800,2500,2500,2500,2500,2500,2506,800,800,0,0,0,0,0,0,0,5,0,0,0,0,0,0,100,0,32443.880004882813,157229.48010253906,0,404327403520,8589930496,5863088128,114688
9,1791570598900,2500,2500,800,800,800,800,800,800,2500,2500,2500,2500,2500,2506,800,800,0,0,0,0,0,0,0,5,0,0,0,0,0,0,100,0,32444.042419433594,157229.8306274414,0,404327403520,8589930496,5863088128,114688
10,1791570598910,2500,2500,800,800,800,800,800,800,2500,2500,2500,2500,2500,2506,800,800,0,0,0,0,0,0,0,5,0,0,0,0,0,0,100,0,32444.175903320313,157230.1098022461,0,404327403520,8589930496,5863088128,114688
9,1791570598920,2500,2500,800,800,800,800,800,800,2500,2500,2500,2500,2500,2506,800,800,0,0,0,0,0,0,0,5,0,0,0,0,0,0,100,0,32444.338256835938,157230.45672607422,0,404327403520,8589930496,5863088128,114688
9,1791570598930,2500,2500,800,800,800,800,800,800,2500,2500,2500,2500,2500,2506,800,800,0,0,0,0,0,0,0,5,0,0,0,0,0,0,100,0,32444.490234375,157230.77172851563,0,404327403520,8589930496,5863088128,114688
9,1791570598940,2500,2500,800,800,800,800,800,800,2500,2500,2500,2500,2500,2506,800,800,0,0,0,0,0,0,0,5,0,0,0,0,0,0,100,0,32444.639587402344,157231.09088134766,0,404327403520,8589930496,5863088128,114688
9,1791570598950,2500,2500,800,800,800,800,800,800,2500,2500,2500,2500,2500,2506,800,800,0,0,0,0,0,0,0,5,0,0,0,0,0,0,100,0,32444.791015625,157231.40881347656,0,404327403520,8589930496,5863088128,114688
9,1791570598960,2500,2500,800,800,800,800,800,800,2500,2500,2500,2500,2500,2506,800,800,0,0,0,0,0,0,0,5,0,0,0,0,0,0,100,0,32444.940979003906,157231.72088623047,0,404327403520,8589930496,5863088128,114688
9,1791570598970,2500,2500,800,800,800,800,800,800,2500,2500,2500,2500,2500,2506,800,800,0,0,0,0,0,0,0,5,0,0,0,0,0,0,100,0,32445.09552001953,157232.03198242188,0,404327403520,8589930496,5863088128,114688
9,1791570598980,2500,2500,800,800,800,800,800,800,2500,2500,2500,2500,2500,2506,800,800,10,0,0,0,0,0,0,10,0,0,0,0,0,0,100,0,32445.248779296875,157232.3433227539,0,404327403520,8589930496,5863088128,114688
9,1791570598990,2500,2500,800,800,800,800,800,800,2500,2500,2500,2500,2500,2506,800,800,10,0,0,0,0,0,0,10,0,0,0,0,0,0,100,0,32445.399047851563,157232.65740966797,0,404327403520,8589930496,5863088128,114688
9,1791570599000,2500,2500,800,800,800,800,800,800,2500,2500,2500,2500,2500,2506,800,800,10,0,0,0,0,0,0,10,0,0,0,0,0,0,100,0,32445.54864501953,157232.97607421875,0,404327403520,8589930496,5863088128,114688
10,1791570599010,2500,2500,800,800,800,800,800,800,2500,2500,2500,2500,2500,2506,800,800,10,0,0,0,0,0,0,10,0,0,0,0,0,0,100,0,32445.70037841797,157233.29272460938,0,404327403520,8589930496,5863088128,114688
10,1791570599020,2500,2500,800,800,800,800,800,800,2500,2500,2500,2500,2500,2506,800,800,10,0,0,0,0,0,0,10,0,0,0,0,0,0,100,0,32445.854919433594,157233.61193847656,0,404327403520,8589930496,5863088128,114688
9,1791570599031,2500,2500,800,800,800,800,800,800,2500,2500,2500,2500,2500,2506,800,800,10,0,0,0,0,0,0,10,0,0,0,0,0,0,100,0,32446.00408935547,157233.9315185547,0,404327403520,8589930496,5863088128,114688
9,1791570599041,2500,2500,800,800,800,800,800,800,2500,2500,2500,2500,2500,2506,800,800,10,0,0,0,0,0,0,10,0,0,0,0,0,0,100,0,32446.1533203125,157234.24505615234,0,404327403520,8589930496,5863088128,114688
9,1791570599051,2500,2500,800,800,800,800,800,800,2500,2500,2500,2500,2500,2506,800,800,10,0,0,0,0,0,0,10,0,0,0,0,0,0,100,0,32446.30548095703,157234.5526123047,0,404327403520,8589930496,5863088128,114688
9,1791570599061,2500,2500,800,800,800,800,800,800,2500,2500,2500,2500,2500,2506,800,800,10,0,0,0,0,0,0,10,0,0,0,0,0,0,100,0,32446.45526123047,157234.8662109375,0,404327403520,8589930496,5863088128,114688
9,1791570599071,2500,2500,800,800,800,800,800,800,2500,2500,2500,2500,2500,2506,800,800,10,0,0,0,0,0,0,10,0,0,0,0,0,0,100,0,32446.604553222656,157235.169921875,0,404327403520,8589930496,5863088128,114688
9,1791570599081,2500,2500,800,800,800,800,800,800,2500,2500,2500,2500,2500,2506,800,800,10,0,0,0,0,0,0,10,0,0,0,0,0,0,100,0,32446.751220703125,157235.4832763672,0,404327403520,8589930496,5862465536,114688
10,1791570599091,2500,2500,800,800,800,800,800,800,2500,2500,2500,2500,2500,2506,800,800,10,0,0,0,0,0,0,10,0,0,0,0,0,0,100,0,32446.907775878906,157235.79229736328,0,404327403520,8589930496,5862465536,114688
9,1791570599101,2500,2500,800,800,800,800,800,800,2500,2500,2500,2500,2500,2506,800,800,10,0,0,0,0,0,0,10,0,0,0,0,0,0,100,0,32447.059143066406,157236.1103515625,0,404327403520,8589930496,5862465536,114688
9,1791570599111,2500,2500,800,800,800,800,800,800,2500,2500,2500,2500,2500,2506,800,800,10,0,0,0,0,0,0,10,0,0,0,0,0,0,100,0,32447.22283935547,157236.45599365234,0,404327403520,8589930496,5862465536,114688
9,1791570599121,2500,2500,800,800,800,800,800,800,2500,2500,2500,2500,2500,2506,800,800,10,0,0,0,0,0,0,10,0,0,0,0,0,0,100,0,32447.37518310547,157236.76928710938,0,404327403520,8589930496,5862465536,114688
9,1791570599131,2500,2500,800,800,800,800,800,800,2500,2500,2500,2500,2500,2506,800,800,10,0,0,0,0,0,0,10,0,0,0,0,0,0,100,0,32447.522033691406,157237.0799560547,0,404327403520,8589930496,5862465536,114688
9,1791570599141,2500,2500,800,800,800,800,800,800,2500,2500,2500,2500,2500,2506,800,800,10,0,0,0,0,0,0,10,0,0,0,0,0,0,100,0,32447.671997070313,157237.39514160156,0,404327403520,8589930496,5862465536,114688
10,1791570599151,2500,2500,800,800,800,800,800,800,2500,2500,2500,2500,2500,2506,800,800,10,0,0,0,0,0,0,10,0,0,0,0,0,0,100,0,32447.822326660156,157237.70831298828,0,404327403520,8589930496,5842870272,114688
9,1791570599161,2500,2500,800,800,800,800,800,800,2500,2500,2500,2500,2500,2506,800,800,10,0,0,0,0,0,0,10,0,0,0,0,0,0,100,0,32447.970703125,157238.01916503906,0,404327403520,8589930496,5842870272,114688
10,1791570599171,2500,2500,800,800,800,800,800,800,2500,2500,2500,2500,2500,2506,800,800,10,0,0,0,0,0,0,10,0,0,0,0,0,0,100,0,32448.123046875,157238.3413696289,0,404327403520,8589930496,5842870272,114688
9,1791570599182,2500,2500,800,800,800,800,800,800,2500,2500,2500,2500,2500,2506,800,800,0,0,0,0,0,0,0,5,0,0,0,0,0,0,100,0,32448.278564453125,157238.65075683594,0,404327403520,8589930496,5834940416,114688
9,1791570599192,2500,2500,800,800,800,800,800,800,2500,2500,2500,2500,2500,2506,800,800,0,0,0,0,0,0,0,5,0,0,0,0,0,0,100,0,32448.432006835938,157238.97076416016,0,404327403520,8589930496,5805699072,114688
9,1791570599202,2500,2500,800,800,800,800,800,800,2500,2500,2500,2500,2500,2506,800,800,0,0,0,0,0,0,0,5,0,0,0,0,0,0,100,0,32448.584411621094,157239.2866821289,0,404327403520,8589930496,5794795520,114688
9,1791570599212,2500,2500,800,800,800,800,800,800,2500,2500,2500,2500,2500,2506,800,800,0,0,0,0,0,0,0,5,0,0,0,0,0,0,100,0,32448.73291015625,157239.59759521484,0,404327403520,8589930496,5794795520,114688
9,1791570599222,2500,2500,800,800,800,800,800,800,2500,2500,2500,2500,2500,2506,800,800,0,0,0,0,0,0,0,5,0,0,0,0,0,0,100,0,32448.88525390625,157239.9031982422,0,404327403520,8589930496,5794795520,114688
9,1791570599232,2500,2500,800,800,800,800,800,800,2500,2500,2500,2500,2500,2506,800,800,0,0,0,0,0,0,0,5,0,0,0,0,0,0,100,0,32449.038513183594,157240.21844482422,0,404327403520,8589930496,5794795520,114688
10,1791570599242,2500,2500,800,800,800,800,800,800,2500,2500,2500,2500,2500,2506,800,800,0,0,0,0,0,0,0,5,0,0,0,0,0,0,100,0,32449.188354492188,157240.5350341797,0,404327403520,8589930496,5794795520,114688
10,1791570599252,2500,2500,800,800,800,800,800,800,2500,2500,2500,2500,2500,2506,800,800,0,0,0,0,0,0,0,5,0,0,0,0,0,0,100,0,32449.340209960938,157240.85083007813,0,404327403520,8589930496,5794795520,114688
9,1791570599262,2500,2500,800,800,800,800,800,800,2500,2500,2500,2500,2500,2506,800,800,0,0,0,0,0,0,0,5,0,0,0,0,0,0,100,0,32449.50665283203,157241.19635009766,0,404327403520,8589930496,5794795520,114688
9,1791570599272,2500,2500,800,800,800,800,800,800,2500,2500,2500,2500,2500,2506,800,800,0,0,0,0,0,0,0,5,0,0,0,0,0,0,100,0,32449.659545898438,157241.50897216797,0,404327403520,8589930496,5794795520,114688
9,1791570599282,2500,2500,800,800,800,800,800,800,2500,2500,2500,2500,2500,2506,800,800,0,0,0,0,0,0,0,5,0,0,0,0,0,0,100,0,32449.812072753906,157241.8179321289,0,404327403520,8589930496,5794795520,114688
10,1791570599292,2500,2500,800,800,800,800,800,800,2500,2500,2500,2500,2500,2506,800,800,0,0,0,0,0,0,0,5,0,0,0,0,0,0,100,0,32449.959838867188,157242.12817382813,0,404327403520,8589930496,5794795520,114688
9,1791570599302,2500,2500,800,800,800,800,800,800,2500,2500,2500,2500,2500,2506,800,800,0,0,0,0,0,0,0,5,0,0,0,0,0,0,100,0,32450.10614013672,157242.44464111328,0,404327403520,8589930496,5794795520,114688
9,1791570599313,2500,2500,800,800,800,800,800,800,2500,2500,2500,2500,2500,2506,800,800,0,0,0,0,0,0,0,5,0,0,0,0,0,0,100,0,32450.26190185547,157242.7568359375,0,404327403520,8589930496,5794795520,114688
9,1791570599323,2500,2500,800,800,800,800,800,800,2500,2500,2500,2500,2500,2506,800,800,0,0,0,0,0,0,0,5,0,0,0,0,0,0,100,0,32450.419921875,157243.0668334961,0,404327403520,8589930496,5794795520,114688
9,1791570599333,2500,2500,800,800,800,800,800,800,2500,2500,2500,2500,2500,2506,800,800,0,0,0,0,0,0,0,5,0,0,0,0,0,0,100,0,32450.572265625,157243.38439941406,0,404327403520,8589930496,5794795520,114688
10,1791570599343,2500,2500,800,800,800,800,800,800,2500,2500,2500,2500,2500,2506,800,800,0,0,0,0,0,0,0,5,0,0,0,0,0,0,100,0,32450.724060058594,157243.69079589844,0,404327403520,8589930496,5794795520,114688
9,1791570599353,2500,2500,800,800,800,800,800,800,2500,2500,2500,2500,2500,2506,800,800,0,0,0,0,0,0,0,5,0,0,0,0,0,0,100,0,32450.87127685547,157244.00549316406,0,404327403520,8589930496,5794795520,114688
9,1791570599363,2500,2500,800,800,800,800,800,800,2500,2500,2500,2500,2500,2506,800,800,0,0,0,0,0,0,0,5,0,0,0,0,0,0,100,0,32451.027770996094,157244.31817626953,0,404327403520,8589930496,5794795520,114688
10,1791570599373,2500,2500,800,800,800,800,800,800,2500,2500,2500,2500,2500,2506,800,800,0,0,0,0,0,0,0,5,0,0,0,0,0,0,100,0,32451.17950439453,157244.63317871094,0,404327403520,8589930496,5794795520,114688
9,1791570599383,2500,2500,800,800,800,800,800,800,2500,2500,2500,2500,2500,2506,800,800,0,0,0,0,0,0,0,9.523809432983398,0,0,0,0,0,0,100,0,32451.326904296875,157244.94921875,0,404327403520,8589930496,5794795520,114688
9,1791570599393,2500,2500,800,800,800,800,800,800,2500,2500,2500,2500,2500,2506,800,800,0,0,0,0,0,0,0,9.523809432983398,0,0,0,0,0,0,100,0,32451.493713378906,157245.2943725586,0,404327403520,8589930496,5794795520,114688
9,1791570599403,2500,2500,800,800,800,800,800,800,2500,2500,2500,2500,2500,2506,800,800,0,0,0,0,0,0,0,9.523809432983398,0,0,0,0,0,0,100,0,32451.63983154297,157245.61224365234,0,404327403520,8589930496,5794795520,114688
9,1791570599413,2500,2500,800,800,800,800,800,800,2500,2500,2500,2500,2500,2506,800,800,0,0,0,0,0,0,0,9.523809432983398,0,0,0,0,0,0,100,0,32451.79052734375,157245.92169189453,0,404327403520,8589930496,5794795520,114688
9,1791570599423,2500,2500,800,800,800,800,800,800,2500,2500,2500,2500,2500,2506,800,800,0,0,0,0,0,0,0,9.523809432983398,0,0,0,0,0,0,100,0,32451.942138671875,157246.23895263672,0,404327403520,8589930496,5794795520,114688
9,1791570599433,2500,2500,800,800,800,800,800,800,2500,2500,2500,2500,2500,2506,800,800,0,0,0,0,0,0,0,9.523809432983398,0,0,0,0,0,0,100,0,32452.09686279297,157246.55810546875,0,404327403520,8589930496,5794795520,114688
9,1791570599443,2500,2500,800,800,800,800,800,800,2500,2500,2500,2500,2500,2506,800,800,0,0,0,0,0,0,0,9.523809432983398,0,0,0,0,0,0,100,0,32452.251220703125,157246.8729248047,0,404327403520,8589930496,5794795520,114688
9,1791570599453,2500,2500,800,800,800,800,800,800,2500,2500,2500,2500,2500,2506,800,800,0,0,0,0,0,0,0,9.523809432983398,0,0,0,0,0,0,100,0,32452.396240234375,157247.18969726563,0,404327403520,8589930496,5711532032,114688
9,1791570599464,2500,2500,800,800,800,800,800,800,2500,2500,2500,2500,2500,2506,800,800,0,0,0,0,0,0,0,9.523809432983398,0,0,0,0,0,0,100,0,32452.54345703125,157247.50616455078,0,404327403520,8589930496,5612408832,114688
9,1791570599474,2500,2500,800,800,800,800,800,800,2500,2500,2500,2500,2500,2506,800,800,0,0,0,0,0,0,0,9.523809432983398,0,0,0,0,0,0,100,0,32452.695251464844,157247.81616210938,0,404327403520,8589930496,5520224256,114688
9,1791570599484,2500,2500,800,800,800,800,800,800,2500,2500,2500,2500,2500,2506,800,800,0,0,0,0,0,0,0,9.523809432983398,0,0,0,0,0,0,100,0,32452.843017578125,157248.1298828125,0,404327403520,8589930496,5423824896,114688
0,1791570599494,2500,2500,800,800,800,800,800,800,2500,2500,2500,2500,2500,2506,800,800,0,0,0,0,0,0,0,9.523809432983398,0,0,0,0,0,0,100,0,32453.001098632813,157248.5037841797,0,404327403520,8589930496,5415895040,114688
