Delta,Time,CPU_FREQUENCY_0,CPU_FREQUENCY_1,CPU_FREQUENCY_10,CPU_FREQUENCY_11,CPU_FREQUENCY_12,CPU_FREQUENCY_13,CPU_FREQUENCY_14,CPU_FREQUENCY_15,CPU_FREQUENCY_2,CPU_FREQUENCY_3,CPU_FREQUENCY_4,CPU_FREQUENCY_5,CPU_FREQUENCY_6,CPU_FREQUENCY_7,CPU_FREQUENCY_8,CPU_FREQUENCY_9,CPU_USAGE_0,CPU_USAGE_1,CPU_USAGE_10,CPU_USAGE_11,CPU_USAGE_12,CPU_USAGE_13,CPU_USAGE_14,CPU_USAGE_15,CPU_USAGE_2,CPU_USAGE_3,CPU_USAGE_4,CPU_USAGE_5,CPU_USAGE_6,CPU_USAGE_7,CPU_USAGE_8,CPU_USAGE_9,DRAM_ENERGY (J),PACKAGE_ENERGY (J),PP0_ENERGY (J),TOTAL_MEMORY,TOTAL_SWAP,USED_MEMORY,USED_SWAP
0,1791573738981,2499,2500,800,800,800,800,799,800,2500,2499,2499,2499,2499,2499,799,799,4.1666669845581055,8,0,3.846153974533081,0,0,0,12.5,4,0,12,4,4.1666669845581055,4,4,3.846153974533081,80664.38568115234,261135.46350097656,0,404327403520,8589930496,5023703040,114688
10,1791573738981,2499,2500,800,800,800,800,799,800,2500,2499,2499,2499,2499,2499,799,799,4.1666669845581055,8,0,3.846153974533081,0,0,0,12.5,4,0,12,4,4.1666669845581055,4,4,3.846153974533081,80664.38568115234,261135.46350097656,0,404327403520,8589930496,5023703040,114688
9,1791573738991,2499,2500,800,800,800,800,799,800,2500,2499,2499,2499,2499,2499,799,799,4.1666669845581055,8,0,3.846153974533081,0,0,0,12.5,4,0,12,4,4.1666669845581055,4,4,3.846153974533081,80664.53619384766,261135.84552001953,0,404327403520,8589930496,5023703040,114688
10,1791573739001,2499,2500,800,800,800,800,799,800,2500,2499,2499,2499,2499,2499,799,799,4.1666669845581055,8,0,3.846153974533081,0,0,0,12.5,4,0,12,4,4.1666669845581055,4,4,3.846153974533081,80664.68835449219,261136.22241210938,0,404327403520,8589930496,5023703040,114688
9,1791573739011,2499,2500,800,800,800,800,799,800,2500,2499,2499,2499,2499,2499,799,799,4.1666669845581055,8,0,3.846153974533081,0,0,0,12.5,4,0,12,4,4.1666669845581055,4,4,3.846153974533081,80664.83685302734,261136.59802246094,0,404327403520,8589930496,5023703040,114688
10,1791573739021,2499,2500,800,800,800,800,799,800,2500,2499,2499,2499,2499,2499,799,799,4.1666669845581055,8,0,3.846153974533081,0,0,0,12.5,4,0,12,4,4.1666669845581055,4,4,3.846153974533081,80664.9906616211,261136.9747314453,0,404327403520,8589930496,5023703040,114688
10,1791573739031,2499,2500,800,800,800,800,799,800,2500,2499,2499,2499,2499,2499,799,799,4.1666669845581055,8,0,3.846153974533081,0,0,0,12.5,4,0,12,4,4.1666669845581055,4,4,3.846153974533081,80665.14385986328,261137.3511352539,0,404327403520,8589930496,5023703040,114688
10,1791573739041,2499,2500,800,800,800,800,799,800,2500,2499,2499,2499,2499,2499,799,799,4.1666669845581055,8,0,3.846153974533081,0,0,0,12.5,4,0,12,4,4.1666669845581055,4,4,3.846153974533081,80665.3197631836,261137.76397705078,0,404327403520,8589930496,5023703040,114688
9,1791573739051,2499,2500,800,800,800,800,799,800,2500,2499,2499,2499,2499,2499,799,799,4.1666669845581055,8,0,3.846153974533081,0,0,0,12.5,4,0,12,4,4.1666669845581055,4,4,3.846153974533081,80665.47747802734,261138.14208984375,0,404327403520,8589930496,5023703040,114688
10,1791573739061,2499,2500,800,800,800,800,799,800,2500,2499,2499,2499,2499,2499,799,799,4.1666669845581055,8,0,3.846153974533081,0,0,0,12.5,4,0,12,4,4.1666669845581055,4,4,3.846153974533081,80665.63110351563,261138.51684570313,0,404327403520,8589930496,5023703040,114688
9,1791573739071,2499,2500,800,800,800,800,799,800,2500,2499,2499,2499,2499,2499,799,799,4.1666669845581055,8,0,3.846153974533081,0,0,0,12.5,4,0,12,4,4.1666669845581055,4,4,3.846153974533081,80665.7894897461,261138.89373779297,0,404327403520,8589930496,5023703040,114688
10,1791573739081,2499,2500,800,800,800,800,799,800,2500,2499,2499,2499,2499,2499,799,799,4.1666669845581055,8,0,3.846153974533081,0,0,0,12.5,4,0,12,4,4.1666669845581055,4,4,3.846153974533081,80665.94732666016,261139.27239990234,0,404327403520,8589930496,5023703040,114688
10,1791573739091,2499,2500,800,800,800,800,799,800,2500,2499,2499,2499,2499,2499,799,799,4.1666669845581055,8,0,3.846153974533081,0,0,0,12.5,4,0,12,4,4.1666669845581055,4,4,3.846153974533081,80666.10028076172,261139.64935302734,0,404327403520,8589930496,5023703040,114688
10,1791573739101,2499,2500,800,800,800,800,799,800,2500,2499,2499,2499,2499,2499,799,799,4.1666669845581055,8,0,3.846153974533081,0,0,0,12.5,4,0,12,4,4.1666669845581055,4,4,3.846153974533081,80666.25225830078,261140.02532958984,0,404327403520,8589930496,5023703040,114688
9,1791573739111,2499,2500,800,800,800,800,799,800,2500,2499,2499,2499,2499,2499,799,799,4.1666669845581055,8,0,3.846153974533081,0,0,0,12.5,4,0,12,4,4.1666669845581055,4,4,3.846153974533081,80666.40222167969,261140.40142822266,0,404327403520,8589930496,5018329088,114688
10,1791573739121,2499,2500,800,800,800,800,799,800,2500,2499,2499,2499,2499,2499,799,799,4.1666669845581055,8,0,3.846153974533081,0,0,0,12.5,4,0,12,4,4.1666669845581055,4,4,3.846153974533081,80666.55352783203,261140.77764892578,0,404327403520,8589930496,5018329088,114688
10,1791573739132,2499,2500,800,800,800,800,799,800,2500,2499,2499,2499,2499,2499,799,799,4.1666669845581055,8,0,3.846153974533081,0,0,0,12.5,4,0,12,4,4.1666669845581055,4,4,3.846153974533081,80666.6967163086,261141.1552734375,0,404327403520,8589930496,5018329088,114688
10,1791573739142,2499,2500,800,800,800,800,799,800,2500,2499,2499,2499,2499,2499,799,799,4.1666669845581055,8,0,3.846153974533081,0,0,0,12.5,4,0,12,4,4.1666669845581055,4,4,3.846153974533081,80666.8471069336,261141.53253173828,0,404327403520,8589930496,5018329088,114688
10,1791573739152,2499,2500,800,800,800,800,799,800,2500,2499,2499,2499,2499,2499,799,799,4.1666669845581055,8,0,3.846153974533081,0,0,0,12.5,4,0,12,4,4.1666669845581055,4,4,3.846153974533081,80666.9945678711,261141.91180419922,0,404327403520,8589930496,5018329088,114688
10,1791573739162,2499,2500,800,800,800,800,799,800,2500,2499,2499,2499,2499,2499,799,799,4.1666669845581055,8,0,3.846153974533081,0,0,0,12.5,4,0,12,4,4.1666669845581055,4,4,3.846153974533081,80667.14660644531,261142.2865600586,0,404327403520,8589930496,5018329088,114688
10,1791573739172,2499,2500,800,800,800,800,799,800,2500,2499,2499,2499,2499,2499,799,799,4.1666669845581055,8,0,3.846153974533081,0,0,0,12.5,4,0,12,4,4.1666669845581055,4,4,3.846153974533081,80667.30242919922,261142.66009521484,0,404327403520,8589930496,5018329088,114688
10,1791573739182,2499,2500,800,800,800,800,799,800,2500,2499,2499,2499,2499,2499,799,799,57.142860412597656,0,0,0,0,0,5,5.263157844543457,10,0,0,25,15.000000953674316,0,0,0,80667.45092773438,261143.03582763672,0,404327403520,8589930496,5018562560,114688
10,1791573739192,2499,2500,800,800,800,800,799,800,2500,2499,2499,2499,2499,2499,799,799,57.142860412597656,0,0,0,0,0,5,5.263157844543457,10,0,0,25,15.000000953674316,0,0,0,80667.6025390625,261143.41778564453,0,404327403520,8589930496,5018562560,114688
9,1791573739202,2499,2500,800,800,800,800,799,800,2500,2499,2499,2499,2499,2499,799,799,57.142860412597656,0,0,0,0,0,5,5.263157844543457,10,0,0,25,15.000000953674316,0,0,0,80667.76922607422,261143.81469726563,0,404327403520,8589930496,5019516928,114688
9,1791573739212,2499,2500,800,800,800,800,799,800,2500,2499,2499,2499,2499,2499,799,799,57.142860412597656,0,0,0,0,0,5,5.263157844543457,10,0,0,25,15.000000953674316,0,0,0,80667.92272949219,261144.13220214844,0,404327403520,8589930496,5020536832,114688
10,1791573739222,2499,2500,800,800,800,800,799,800,2500,2499,2499,2499,2499,2499,799,799,57.142860412597656,0,0,0,0,0,5,5.263157844543457,10,0,0,25,15.000000953674316,0,0,0,80668.07104492188,261144.4444580078,0,404327403520,8589930496,5033918464,114688
9,1791573739232,2499,2500,800,800,800,800,799,800,2500,2499,2499,2499,2499,2499,799,799,57.142860412597656,0,0,0,0,0,5,5.263157844543457,10,0,0,25,15.000000953674316,0,0,0,80668.21923828125,261144.75982666016,0,404327403520,8589930496,5044326400,114688
10,1791573739242,2499,2500,800,800,800,800,799,800,2500,2499,2499,2499,2499,2499,799,799,57.142860412597656,0,0,0,0,0,5,5.263157844543457,10,0,0,25,15.000000953674316,0,0,0,80668.36499023438,261145.07391357422,0,404327403520,8589930496,5060681728,114688
9,1791573739252,2499,2500,800,800,800,800,799,800,2500,2499,2499,2499,2499,2499,799,799,57.142860412597656,0,0,0,0,0,5,5.263157844543457,10,0,0,25,15.000000953674316,0,0,0,80668.51696777344,261145.38830566406,0,404327403520,8589930496,5069107200,114688
9,1791573739262,2499,2500,800,800,800,800,799,800,2500,2499,2499,2499,2499,2499,799,799,57.142860412597656,0,0,0,0,0,5,5.263157844543457,10,0,0,25,15.000000953674316,0,0,0,80668.67022705078,261145.70153808594,0,404327403520,8589930496,5085462528,114688
10,1791573739272,2499,2500,800,800,800,800,799,800,2500,2499,2499,2499,2499,2499,799,799,57.142860412597656,0,0,0,0,0,5,5.263157844543457,10,0,0,25,15.000000953674316,0,0,0,80668.82897949219,261146.01611328125,0,404327403520,8589930496,5102313472,114688
9,1791573739283,2499,2500,800,800,800,800,799,800,2500,2499,2499,2499,2499,2499,799,799,57.142860412597656,0,0,0,0,0,5,5.263157844543457,10,0,0,25,15.000000953674316,0,0,0,80668.97076416016,261146.32403564453,0,404327403520,8589930496,5110243328,114688
9,1791573739293,2499,2500,800,800,800,800,799,800,2500,2499,2499,2499,2499,2499,799,799,57.142860412597656,0,0,0,0,0,5,5.263157844543457,10,0,0,25,15.000000953674316,0,0,0,80669.12530517578,261146.63873291016,0,404327403520,8589930496,5127094272,114688
10,1791573739303,2499,2500,800,800,800,800,799,800,2500,2499,2499,2499,2499,2499,799,799,57.142860412597656,0,0,0,0,0,5,5.263157844543457,10,0,0,25,15.000000953674316,0,0,0,80669.27551269531,261146.95245361328,0,404327403520,8589930496,5135024128,114688
9,1791573739313,2499,2500,800,800,800,800,799,800,2500,2499,2499,2499,2499,2499,799,799,57.142860412597656,0,0,0,0,0,5,5.263157844543457,10,0,0,25,15.000000953674316,0,0,0,80669.41961669922,261147.26531982422,0,404327403520,8589930496,5135024128,114688
9,1791573739323,2499,2500,800,800,800,800,799,800,2500,2499,2499,2499,2499,2499,799,799,57.142860412597656,0,0,0,0,0,5,5.263157844543457,10,0,0,25,15.000000953674316,0,0,0,80669.56939697266,261147.5791015625,0,404327403520,8589930496,5135024128,114688
9,1791573739333,2499,2500,800,800,800,800,799,800,2500,2499,2499,2499,2499,2499,799,799,57.142860412597656,0,0,0,0,0,5,5.263157844543457,10,0,0,25,15.000000953674316,0,0,0,80669.72247314453,261147.89349365234,0,404327403520,8589930496,5135024128,114688
9,1791573739343,2499,2500,800,800,800,800,799,800,2500,2499,2499,2499,2499,2499,799,799,57.142860412597656,0,0,0,0,0,5,5.263157844543457,10,0,0,25,15.000000953674316,0,0,0,80669.87072753906,261148.20556640625,0,404327403520,8589930496,5143449600,114688
9,1791573739353,2499,2500,800,800,800,800,799,800,2500,2499,2499,2499,2499,2499,799,799,57.142860412597656,0,0,0,0,0,5,5.263157844543457,10,0,0,25,15.000000953674316,0,0,0,80670.01831054688,261148.52099609375,0,404327403520,8589930496,5151875072,114688
9,1791573739363,2499,2500,800,800,800,800,799,800,2500,2499,2499,2499,2499,2499,799,799,57.142860412597656,0,0,0,0,0,5,5.263157844543457,10,0,0,25,15.000000953674316,0,0,0,80670.1841430664,261148.86267089844,0,404327403520,8589930496,5151875072,114688
9,1791573739373,2499,2500,800,800,800,800,799,800,2500,2499,2499,2499,2499,2499,799,799,57.142860412597656,0,0,0,0,0,5,5.263157844543457,10,0,0,25,15.000000953674316,0,0,0,80670.3374633789,261149.1781616211,0,404327403520,8589930496,5151875072,114688
9,1791573739383,2499,2500,800,800,800,800,799,800,2500,2499,2499,2499,2499,2499,799,799,0,0,0,0,0,0,0,90.47618865966797,0,5,5,5.263157844543457,0,0,0,0,80670.48718261719,261149.49090576172,0,404327403520,8589930496,5151875072,114688
10,1791573739393,2499,2500,800,800,800,800,799,800,2500,2499,2499,2499,2499,2499,799,799,0,0,0,0,0,0,0,90.47618865966797,0,5,5,5.263157844543457,0,0,0,0,80670.64373779297,261149.80474853516,0,404327403520,8589930496,5151875072,114688
9,1791573739403,2499,2500,800,800,800,800,799,800,2500,2499,2499,2499,2499,2499,799,799,0,0,0,0,0,0,0,90.47618865966797,0,5,5,5.263157844543457,0,0,0,0,80670.796875,261150.11737060547,0,404327403520,8589930496,5151875072,114688
9,1791573739414,2499,2500,800,800,800,800,799,800,2500,2499,2499,2499,2499,2499,799,799,0,0,0,0,0,0,0,90.47618865966797,0,5,5,5.263157844543457,0,0,0,0,80670.9486694336,261150.42938232422,0,404327403520,8589930496,5151875072,114688
9,1791573739424,2499,2500,800,800,800,800,799,800,2500,2499,2499,2499,2499,2499,799,799,0,0,0,0,0,0,0,90.47618865966797,0,5,5,5.263157844543457,0,0,0,0,80671.09503173828,261150.74243164063,0,404327403520,8589930496,5151875072,114688
9,1791573739434,2499,2500,800,800,800,800,799,800,2500,2499,2499,2499,2499,2499,799,799,0,0,0,0,0,0,0,90.47618865966797,0,5,5,5.263157844543457,0,0,0,0,80671.25085449219,261151.0541381836,0,404327403520,8589930496,5151875072,114688
9,1791573739444,2499,2500,800,800,800,800,799,800,2500,2499,2499,2499,2499,2499,799,799,0,0,0,0,0,0,0,90.47618865966797,0,5,5,5.263157844543457,0,0,0,0,80671.40502929688,261151.36877441406,0,404327403520,8589930496,5151875072,114688
9,1791573739454,2499,2500,800,800,800,800,799,800,2500,2499,2499,2499,2499,2499,799,799,0,0,0,0,0,0,0,90.47618865966797,0,5,5,5.263157844543457,0,0,0,0,80671.5562133789,261151.67901611328,0,404327403520,8589930496,5151875072,114688
9,1791573739464,2499,2500,800,800,800,800,799,800,2500,2499,2499,2499,2499,2499,799,799,0,0,0,0,0,0,0,90.47618865966797,0,5,5,5.263157844543457,0,0,0,0,80671.7103881836,261151.98876953125,0,404327403520,8589930496,5151875072,114688
9,1791573739474,2499,2500,800,800,800,800,799,800,2500,2499,2499,2499,2499,2499,799,799,0,0,0,0,0,0,0,90.47618865966797,0,5,5,5.263157844543457,0,0,0,0,80671.86474609375,261152.30236816406,0,404327403520,8589930496,5151875072,114688
9,1791573739484,2499,2500,800,800,800,800,799,800,2500,2499,2499,2499,2499,2499,799,799,0,0,0,0,0,0,0,90.47618865966797,0,5,5,5.263157844543457,0,0,0,0,80672.01568603516,261152.61755371094,0,404327403520,8589930496,5151875072,114688
9,1791573739494,2499,2500,800,800,800,800,799,800,2500,2499,2499,2499,2499,2499,799,799,0,0,0,0,0,0,0,90.47618865966797,0,5,5,5.263157844543457,0,0,0,0,80672.16473388672,261152.92907714844,0,404327403520,8589930496,5151875072,114688
9,1791573739504,2499,2500,800,800,800,800,799,800,2500,2499,2499,2499,2499,2499,799,799,0,0,0,0,0,0,0,90.47618865966797,0,5,5,5.263157844543457,0,0,0,0,80672.32165527344,261153.24383544922,0,404327403520,8589930496,5151875072,114688
10,1791573739514,2499,2500,800,800,800,800,799,800,2500,2499,2499,2499,2499,2499,799,799,0,0,0,0,0,0,0,90.47618865966797,0,5,5,5.263157844543457,0,0,0,0,80672.47509765625,261153.55151367188,0,404327403520,8589930496,5151875072,114688
10,1791573739524,2499,2500,800,800,800,800,799,800,2500,2499,2499,2499,2499,2499,799,799,0,0,0,0,0,0,0,90.47618865966797,0,5,5,5.263157844543457,0,0,0,0,80672.6284790039,261153.86291503906,0,404327403520,8589930496,5159804928,114688
10,1791573739534,2499,2500,800,800,800,800,799,800,2500,2499,2499,2499,2499,2499,799,799,0,0,0,0,0,0,0,90.47618865966797,0,5,5,5.263157844543457,0,0,0,0,80672.78009033203,261154.17608642578,0,404327403520,8589930496,5159804928,114688
10,1791573739544,2499,2500,800,800,800,800,799,800,2500,2499,2499,2499,2499,2499,799,799,0,0,0,0,0,0,0,90.47618865966797,0,5,5,5.263157844543457,0,0,0,0,80672.93243408203,261154.49029541016,0,404327403520,8589930496,5159804928,114688
9,1791573739555,2499,2500,800,800,800,800,799,800,2500,2499,2499,2499,2499,2499,799,799,0,0,0,0,0,0,0,90.47618865966797,0,5,5,5.263157844543457,0,0,0,0,80673.09484863281,261154.8335571289,0,404327403520,8589930496,5159804928,114688
10,1791573739564,2499,2500,800,800,800,800,799,800,2500,2499,2499,2499,2499,2499,799,799,0,0,0,0,0,0,0,90.47618865966797,0,5,5,5.263157844543457,0,0,0,0,80673.24810791016,261155.14697265625,0,404327403520,8589930496,5159804928,114688
9,1791573739575,2499,2500,800,800,800,800,799,800,2500,2499,2499,2499,2499,2499,799,799,0,0,0,0,0,0,0,90.47618865966797,0,5,5,5.263157844543457,0,0,0,0,80673.39678955078,261155.45861816406,0,404327403520,8589930496,5159804928,114688
9,1791573739585,2499,2500,800,800,800,800,799,800,2500,2499,2499,2499,2499,2499,799,799,5.263157844543457,5,0,0,0,0,0,100,0,5,0,0,0,0,0,0,80673.54235839844,261155.77313232422,0,404327403520,8589930496,5159804928,114688
9,1791573739595,2499,2500,800,800,800,800,799,800,2500,2499,2499,2499,2499,2499,799,799,5.263157844543457,5,0,0,0,0,0,100,0,5,0,0,0,0,0,0,80673.69287109375,261156.08612060547,0,404327403520,8589930496,5159804928,114688
9,1791573739605,2499,2500,800,800,800,800,799,800,2500,2499,2499,2499,2499,2499,799,799,5.263157844543457,5,0,0,0,0,0,100,0,5,0,0,0,0,0,0,80673.84356689453,261156.4002685547,0,404327403520,8589930496,5160796160,114688
9,1791573739615,2499,2500,800,800,800,800,799,800,2500,2499,2499,2499,2499,2499,799,799,5.263157844543457,5,0,0,0,0,0,100,0,5,0,0,0,0,0,0,80673.99530029297,261156.71630859375,0,404327403520,8589930496,5163769856,114688
9,1791573739625,2499,2500,800,800,800,800,799,800,2500,2499,2499,2499,2499,2499,799,799,5.263157844543457,5,0,0,0,0,0,100,0,5,0,0,0,0,0,0,80674.13885498047,261157.03045654297,0,404327403520,8589930496,5163769856,114688
10,1791573739635,2499,2500,800,800,800,800,799,800,2500,2499,2499,2499,2499,2499,799,799,5.263157844543457,5,0,0,0,0,0,100,0,5,0,0,0,0,0,0,80674.28845214844,261157.34173583984,0,404327403520,8589930496,5167734784,114688
9,1791573739645,2499,2500,800,800,800,800,799,800,2500,2499,2499,2499,2499,2499,799,799,5.263157844543457,5,0,0,0,0,0,100,0,5,0,0,0,0,0,0,80674.43963623047,261157.65545654297,0,404327403520,8589930496,5167734784,114688
10,1791573739655,2499,2500,800,800,800,800,799,800,2500,2499,2499,2499,2499,2499,799,799,5.263157844543457,5,0,0,0,0,0,100,0,5,0,0,0,0,0,0,80674.5894165039,261157.96954345703,0,404327403520,8589930496,5167734784,114688
9,1791573739665,2499,2500,800,800,800,800,799,800,2500,2499,2499,2499,2499,2499,799,799,5.263157844543457,5,0,0,0,0,0,100,0,5,0,0,0,0,0,0,80674.72930908203,261158.27996826172,0,404327403520,8589930496,5167734784,114688
9,1791573739675,2499,2500,800,800,800,800,799,800,2500,2499,2499,2499,2499,2499,799,799,5.263157844543457,5,0,0,0,0,0,100,0,5,0,0,0,0,0,0,80674.88366699219,261158.59173583984,0,404327403520,8589930496,5167734784,114688
10,1791573739685,2499,2500,800,800,800,800,799,800,2500,2499,2499,2499,2499,2499,799,799,5.263157844543457,5,0,0,0,0,0,100,0,5,0,0,0,0,0,0,80675.03253173828,261158.90496826172,0,404327403520,8589930496,5167734784,114688
10,1791573739695,2499,2500,800,800,800,800,799,800,2500,2499,2499,2499,2499,2499,799,799,5.263157844543457,5,0,0,0,0,0,100,0,5,0,0,0,0,0,0,80675.18243408203,261159.2173461914,0,404327403520,8589930496,5167734784,114688
9,1791573739706,2499,2500,800,800,800,800,799,800,2500,2499,2499,2499,2499,2499,799,799,5.263157844543457,5,0,0,0,0,0,100,0,5,0,0,0,0,0,0,80675.34301757813,261159.564453125,0,404327403520,8589930496,5167734784,114688
9,1791573739716,2499,2500,800,800,800,800,799,800,2500,2499,2499,2499,2499,2499,799,799,5.263157844543457,5,0,0,0,0,0,100,0,5,0,0,0,0,0,0,80675.49114990234,261159.87689208984,0,404327403520,8589930496,5167734784,114688
9,1791573739726,2499,2500,800,800,800,800,799,800,2500,2499,2499,2499,2499,2499,799,799,5.263157844543457,5,0,0,0,0,0,100,0,5,0,0,0,0,0,0,80675.64276123047,261160.19091796875,0,404327403520,8589930496,5167734784,114688
9,1791573739736,2499,2500,800,800,800,800,799,800,2500,2499,2499,2499,2499,2499,799,799,5.263157844543457,5,0,0,0,0,0,100,0,5,0,0,0,0,0,0,80675.7905883789,261160.4991455078,0,404327403520,8589930496,5167734784,114688
9,1791573739746,2499,2500,800,800,800,800,799,800,2500,2499,2499,2499,2499,2499,799,799,5.263157844543457,5,0,0,0,0,0,100,0,5,0,0,0,0,0,0,80675.93615722656,261160.8145751953,0,404327403520,8589930496,5167734784,114688
9,1791573739756,2499,2500,800,800,800,800,799,800,2500,2499,2499,2499,2499,2499,799,799,5.263157844543457,5,0,0,0,0,0,100,0,5,0,0,0,0,0,0,80676.08612060547,261161.12286376953,0,404327403520,8589930496,5167734784,114688
10,1791573739766,2499,2500,800,800,800,800,799,800,2500,2499,2499,2499,2499,2499,799,799,5.263157844543457,5,0,0,0,0,0,100,0,5,0,0,0,0,0,0,80676.2329711914,261161.4405517578,0,404327403520,8589930496,5167734784,114688
9,1791573739776,2499,2500,800,800,800,800,799,800,2500,2499,2499,2499,2499,2499,799,799,5.263157844543457,5,0,0,0,0,0,100,0,5,0,0,0,0,0,0,80676.38256835938,261161.75561523438,0,404327403520,8589930496,5167734784,114688
10,1791573739786,2499,2500,800,800,800,800,799,800,2500,2499,2499,2499,2499,2499,799,799,5.263157844543457,0,0,0,0,0,0,100,5,0,0,0,0,0,0,0,80676.53234863281,261162.06414794922,0,404327403520,8589930496,5167734784,114688
9,1791573739796,2499,2500,800,800,800,800,799,800,2500,2499,2499,2499,2499,2499,799,799,5.263157844543457,0,0,0,0,0,0,100,5,0,0,0,0,0,0,0,80676.68194580078,261162.38018798828,0,404327403520,8589930496,5167734784,114688
9,1791573739806,2499,2500,800,800,800,800,799,800,2500,2499,2499,2499,2499,2499,799,799,5.263157844543457,0,0,0,0,0,0,100,5,0,0,0,0,0,0,0,80676.83172607422,261162.69482421875,0,404327403520,8589930496,5167734784,114688
9,1791573739816,2499,2500,800,800,800,800,799,800,2500,2499,2499,2499,2499,2499,799,799,5.263157844543457,0,0,0,0,0,0,100,5,0,0,0,0,0,0,0,80676.98077392578,261163.00354003906,0,404327403520,8589930496,5167734784,114688
9,1791573739826,2499,2500,800,800,800,800,799,800,2500,2499,2499,2499,2499,2499,799,799,5.263157844543457,0,0,0,0,0,0,100,5,0,0,0,0,0,0,0,80677.13110351563,261163.31671142578,0,404327403520,8589930496,5167734784,114688
9,1791573739837,2499,2500,800,800,800,800,799,800,2500,2499,2499,2499,2499,2499,799,799,5.263157844543457,0,0,0,0,0,0,100,5,0,0,0,0,0,0,0,80677.29974365234,261163.66082763672,0,404327403520,8589930496,5167734784,114688
9,1791573739847,2499,2500,800,800,800,800,799,800,2500,2499,2499,2499,2499,2499,799,799,5.263157844543457,0,0,0,0,0,0,100,5,0,0,0,0,0,0,0,80677.44970703125,261163.97918701172,0,404327403520,8589930496,5167734784,114688
9,1791573739857,2499,2500,800,800,800,800,799,800,2500,2499,2499,2499,2499,2499,799,799,5.263157844543457,0,0,0,0,0,0,100,5,0,0,0,0,0,0,0,80677.60229492188,261164.2894897461,0,404327403520,8589930496,5167734784,114688
9,1791573739867,2499,2500,800,800,800,800,799,800,2500,2499,2499,2499,2499,2499,799,799,5.263157844543457,0,0,0,0,0,0,100,5,0,0,0,0,0,0,0,80677.75299072266,261164.60247802734,0,404327403520,8589930496,5167734784,114688
9,1791573739877,2499,2500,800,800,800,800,799,800,2500,2499,2499,2499,2499,2499,799,799,5.263157844543457,0,0,0,0,0,0,100,5,0,0,0,0,0,0,0,80677.90051269531,261164.90966796875,0,404327403520,8589930496,5167734784,114688
9,1791573739887,2499,2500,800,800,800,800,799,800,2500,2499,2499,2499,2499,2499,799,799,5.263157844543457,0,0,0,0,0,0,100,5,0,0,0,0,0,0,0,80678.0521850586,261165.2218017578,0,404327403520,8589930496,5167734784,114688
10,1791573739897,2499,2500,800,800,800,800,799,800,2500,2499,2499,2499,2499,2499,799,799,5.263157844543457,0,0,0,0,0,0,100,5,0,0,0,0,0,0,0,80678.19738769531,261165.53521728516,0,404327403520,8589930496,5167734784,114688
9,1791573739907,2499,2500,800,800,800,800,799,800,2500,2499,2499,2499,2499,2499,799,799,5.263157844543457,0,0,0,0,0,0,100,5,0,0,0,0,0,0,0,80678.34948730469,261165.8468017578,0,404327403520,8589930496,5167734784,114688
10,1791573739917,2499,2500,800,800,800,800,799,800,2500,2499,2499,2499,2499,2499,799,799,5.263157844543457,0,0,0,0,0,0,100,5,0,0,0,0,0,0,0,80678.49890136719,261166.16107177734,0,404327403520,8589930496,5167734784,114688
9,1791573739927,2499,2500,800,800,800,800,799,800,2500,2499,2499,2499,2499,2499,799,799,5.263157844543457,0,0,0,0,0,0,100,5,0,0,0,0,0,0,0,80678.64575195313,261166.47534179688,0,404327403520,8589930496,5167734784,114688
9,1791573739937,2499,2500,800,800,800,800,799,800,2500,2499,2499,2499,2499,2499,799,799,5.263157844543457,0,0,0,0,0,0,100,5,0,0,0,0,0,0,0,80678.79522705078,261166.7852783203,0,404327403520,8589930496,5167734784,114688
10,1791573739947,2499,2500,800,800,800,800,799,800,2500,2499,2499,2499,2499,2499,799,799,5.263157844543457,0,0,0,0,0,0,100,5,0,0,0,0,0,0,0,80678.94775390625,261167.09490966797,0,404327403520,8589930496,5167734784,114688
10,1791573739957,2499,2500,800,800,800,800,799,800,2500,2499,2499,2499,2499,2499,799,799,5.263157844543457,0,0,0,0,0,0,100,5,0,0,0,0,0,0,0,80679.10028076172,261167.40588378906,0,404327403520,8589930496,5167734784,114688
9,1791573739967,2499,2500,800,800,800,800,799,800,2500,2499,2499,2499,2499,2499,799,799,5.263157844543457,0,0,0,0,0,0,100,5,0,0,0,0,0,0,0,80679.25537109375,261167.7221069336,0,404327403520,8589930496,5167734784,114688
9,1791573739978,2499,2500,800,800,800,800,799,800,2500,2499,2499,2499,2499,2499,799,799,5.263157844543457,0,0,0,0,0,0,100,5,0,0,0,0,0,0,0,80679.40753173828,261168.03686523438,0,404327403520,8589930496,5167734784,114688
9,1791573739988,2499,2500,800,800,800,800,799,800,2500,2499,2499,2499,2499,2499,799,799,5,0,0,0,0,0,0,100,4.761904716491699,0,0,0,0,0,0,0,80679.57397460938,261168.38409423828,0,404327403520,8589930496,5167734784,114688
9,1791573739998,2499,2500,800,800,800,800,799,800,2500,2499,2499,2499,2499,2499,799,799,5,0,0,0,0,0,0,100,4.761904716491699,0,0,0,0,0,0,0,80679.72448730469,261168.697265625,0,404327403520,8589930496,5167734784,114688
9,1791573740008,2499,2500,800,800,800,800,799,800,2500,2499,2499,2499,2499,2499,799,799,5,0,0,0,0,0,0,100,4.761904716491699,0,0,0,0,0,0,0,80679.86169433594,261168.97552490234,0,404327403520,8589930496,5167734784,114688
9,1791573740018,2499,2500,800,800,800,800,799,800,2500,2499,2499,2499,2499,2499,799,799,5,0,0,0,0,0,0,100,4.761904716491699,0,0,0,0,0,0,0,80680.03106689453,261169.31829833984,0,404327403520,8589930496,5167734784,114688
9,1791573740028,2499,2500,800,800,800,800,799,800,2500,2499,2499,2499,2499,2499,799,799,5,0,0,0,0,0,0,100,4.761904716491699,0,0,0,0,0,0,0,80680.18347167969,261169.63317871094,0,404327403520,8589930496,5167734784,114688
9,1791573740038,2499,2500,800,800,800,800,799,800,2500,2499,2499,2499,2499,2499,799,799,5,0,0,0,0,0,0,100,4.761904716491699,0,0,0,0,0,0,0,80680.33679199219,261169.94720458984,0,404327403520,8589930496,5167734784,114688
9,1791573740048,2499,2500,800,800,800,800,799,800,2500,2499,2499,2499,2499,2499,799,799,5,0,0,0,0,0,0,100,4.761904716491699,0,0,0,0,0,0,0,80680.49133300781,261170.2589111328,0,404327403520,8589930496,5167734784,114688
9,1791573740058,2499,2500,800,800,800,800,799,800,2500,2499,2499,2499,2499,2499,799,799,5,0,0,0,0,0,0,100,4.761904716491699,0,0,0,0,0,0,0,80680.62829589844,261170.5762939453,0,404327403520,8589930496,5167734784,114688
9,1791573740068,2499,2500,800,800,800,800,799,800,2500,2499,2499,2499,2499,2499,799,799,5,0,0,0,0,0,0,100,4.761904716491699,0,0,0,0,0,0,0,80680.7984008789,261170.87915039063,0,404327403520,8589930496,5167734784,114688
9,1791573740078,2499,2500,800,800,800,800,799,800,2500,2499,2499,2499,2499,2499,799,799,5,0,0,0,0,0,0,100,4.761904716491699,0,0,0,0,0,0,0,80680.94653320313,261171.19750976563,0,404327403520,8589930496,5167837184,114688
10,1791573740088,2499,2500,800,800,800,800,799,800,2500,2499,2499,2499,2499,2499,799,799,5,0,0,0,0,0,0,100,4.761904716491699,0,0,0,0,0,0,0,80681.09979248047,261171.51177978516,0,404327403520,8589930496,5167837184,114688
9,1791573740098,2499,2500,800,800,800,800,799,800,2500,2499,2499,2499,2499,2499,799,799,5,0,0,0,0,0,0,100,4.761904716491699,0,0,0,0,0,0,0,80681.2484741211,261171.82537841797,0,404327403520,8589930496,5167837184,114688
9,1791573740108,2499,2500,800,800,800,800,799,800,2500,2499,2499,2499,2499,2499,799,799,5,0,0,0,0,0,0,100,4.761904716491699,0,0,0,0,0,0,0,80681.40380859375,261172.14013671875,0,404327403520,8589930496,5167837184,114688
9,1791573740118,2499,2500,800,800,800,800,799,800,2500,2499,2499,2499,2499,2499,799,799,5,0,0,0,0,0,0,100,4.761904716491699,0,0,0,0,0,0,0,80681.55627441406,261172.4515991211,0,404327403520,8589930496,5167837184,114688
9,1791573740129,2499,2500,800,800,800,800,799,800,2500,2499,2499,2499,2499,2499,799,799,5,0,0,0,0,0,0,100,4.761904716491699,0,0,0,0,0,0,0,80681.7046508789,261172.76165771484,0,404327403520,8589930496,5167837184,114688
9,1791573740139,2499,2500,800,800,800,800,799,800,2500,2499,2499,2499,2499,2499,799,799,5,0,0,0,0,0,0,100,4.761904716491699,0,0,0,0,0,0,0,80681.8564453125,261173.0799560547,0,404327403520,8589930496,5154942976,114688
9,1791573740149,2499,2500,800,800,800,800,799,800,2500,2499,2499,2499,2499,2499,799,799,5,0,0,0,0,0,0,100,4.761904716491699,0,0,0,0,0,0,0,80682.01135253906,261173.39349365234,0,404327403520,8589930496,5154942976,114688
9,1791573740159,2499,2500,800,800,800,800,799,800,2500,2499,2499,2499,2499,2499,799,799,5,0,0,0,0,0,0,100,4.761904716491699,0,0,0,0,0,0,0,80682.16284179688,261173.7025756836,0,404327403520,8589930496,5154942976,114688
10,1791573740169,2499,2500,800,800,800,800,799,800,2500,2499,2499,2499,2499,2499,799,799,5,0,0,0,0,0,0,100,4.761904716491699,0,0,0,0,0,0,0,80682.31005859375,261174.01593017578,0,404327403520,8589930496,5154942976,114688
9,1791573740179,2499,2500,800,800,800,800,799,800,2500,2499,2499,2499,2499,2499,799,799,5,0,0,0,0,0,0,100,4.761904716491699,0,0,0,0,0,0,0,80682.4580078125,261174.32580566406,0,404327403520,8589930496,5154942976,114688
10,1791573740189,2499,2500,800,800,800,800,799,800,2500,2499,2499,2499,2499,2499,799,799,5.263157844543457,0,0,0,0,5,0,85,0,5,0,0,0,0,15.789472579956055,0,80682.6099243164,261174.63830566406,0,404327403520,8589930496,5154942976,114688
9,1791573740199,2499,2500,800,800,800,800,799,800,2500,2499,2499,2499,2499,2499,799,799,5.263157844543457,0,0,0,0,5,0,85,0,5,0,0,0,0,15.789472579956055,0,80682.75573730469,261174.9530029297,0,404327403520,8589930496,5154942976,114688
10,1791573740209,2499,2500,800,800,800,800,799,800,2500,2499,2499,2499,2499,2499,799,799,5.263157844543457,0,0,0,0,5,0,85,0,5,0,0,0,0,15.789472579956055,0,80682.92291259766,261175.29864501953,0,404327403520,8589930496,5154942976,114688
9,1791573740219,2499,2500,800,800,800,800,799,800,2500,2499,2499,2499,2499,2499,799,799,5.263157844543457,0,0,0,0,5,0,85,0,5,0,0,0,0,15.789472579956055,0,80683.07598876953,261175.60748291016,0,404327403520,8589930496,5154942976,114688
9,1791573740229,2499,2500,800,800,800,800,799,800,2500,2499,2499,2499,2499,2499,799,799,5.263157844543457,0,0,0,0,5,0,85,0,5,0,0,0,0,15.789472579956055,0,80683.22540283203,261175.92169189453,0,404327403520,8589930496,5156429824,114688
10,1791573740239,2499,2500,800,800,800,800,799,800,2500,2499,2499,2499,2499,2499,799,799,5.263157844543457,0,0,0,0,5,0,85,0,5,0,0,0,0,15.789472579956055,0,80683.38250732422,261176.23388671875,0,404327403520,8589930496,5158412288,114688
10,1791573740249,2499,2500,800,800,800,800,799,800,2500,2499,2499,2499,2499,2499,799,799,5.263157844543457,0,0,0,0,5,0,85,0,5,0,0,0,0,15.789472579956055,0,80683.53039550781,261176.54028320313,0,404327403520,8589930496,5162872832,114688
9,1791573740259,2499,2500,800,800,800,800,799,800,2500,2499,2499,2499,2499,2499,799,799,5.263157844543457,0,0,0,0,5,0,85,0,5,0,0,0,0,15.789472579956055,0,80683.68310546875,261176.85418701172,0,404327403520,8589930496,5162872832,114688
10,1791573740270,2499,2500,800,800,800,800,799,800,2500,2499,2499,2499,2499,2499,799,799,5.263157844543457,0,0,0,0,5,0,85,0,5,0,0,0,0,15.789472579956055,0,80683.83038330078,261177.16674804688,0,404327403520,8589930496,5170802688,114688
9,1791573740280,2499,2500,800,800,800,800,799,800,2500,2499,2499,2499,2499,2499,799,799,5.263157844543457,0,0,0,0,5,0,85,0,5,0,0,0,0,15.789472579956055,0,80683.97943115234,261177.48364257813,0,404327403520,8589930496,5170802688,114688
9,1791573740290,2499,2500,800,800,800,800,799,800,2500,2499,2499,2499,2499,2499,799,799,5.263157844543457,0,0,0,0,5,0,85,0,5,0,0,0,0,15.789472579956055,0,80684.1294555664,261177.79650878906,0,404327403520,8589930496,5170802688,114688
9,1791573740300,2499,2500,800,800,800,800,799,800,2500,2499,2499,2499,2499,2499,799,799,5.263157844543457,0,0,0,0,5,0,85,0,5,0,0,0,0,15.789472579956055,0,80684.2817993164,261178.1094970703,0,404327403520,8589930496,5170802688,114688
9,1791573740310,2499,2500,800,800,800,800,799,800,2500,2499,2499,2499,2499,2499,799,799,5.263157844543457,0,0,0,0,5,0,85,0,5,0,0,0,0,15.789472579956055,0,80684.43341064453,261178.4165649414,0,404327403520,8589930496,5170802688,114688
9,1791573740320,2499,2500,800,800,800,800,799,800,2500,2499,2499,2499,2499,2499,799,799,5.263157844543457,0,0,0,0,5,0,85,0,5,0,0,0,0,15.789472579956055,0,80684.58874511719,261178.72985839844,0,404327403520,8589930496,5179228160,114688
9,1791573740330,2499,2500,800,800,800,800,799,800,2500,2499,2499,2499,2499,2499,799,799,5.263157844543457,0,0,0,0,5,0,85,0,5,0,0,0,0,15.789472579956055,0,80684.74108886719,261179.0404663086,0,404327403520,8589930496,5179228160,114688
10,1791573740340,2499,2500,800,800,800,800,799,800,2500,2499,2499,2499,2499,2499,799,799,5.263157844543457,0,0,0,0,5,0,85,0,5,0,0,0,0,15.789472579956055,0,80684.89251708984,261179.35107421875,0,404327403520,8589930496,5179228160,114688
10,1791573740350,2499,2500,800,800,800,800,799,800,2500,2499,2499,2499,2499,2499,799,799,5.263157844543457,0,0,0,0,5,0,85,0,5,0,0,0,0,15.789472579956055,0,80685.04797363281,261179.6629638672,0,404327403520,8589930496,5179228160,114688
9,1791573740360,2499,2500,800,800,800,800,799,800,2500,2499,2499,2499,2499,2499,799,799,5.263157844543457,0,0,0,0,5,0,85,0,5,0,0,0,0,15.789472579956055,0,80685.2191772461,261180.00354003906,0,404327403520,8589930496,5187653632,114688
10,1791573740370,2499,2500,800,800,800,800,799,800,2500,2499,2499,2499,2499,2499,799,799,5.263157844543457,0,0,0,0,5,0,85,0,5,0,0,0,0,15.789472579956055,0,80685.36883544922,261180.31439208984,0,404327403520,8589930496,5187653632,114688
9,1791573740380,2499,2500,800,800,800,800,799,800,2500,2499,2499,2499,2499,2499,799,799,5.263157844543457,0,0,0,0,5,0,85,0,5,0,0,0,0,15.789472579956055,0,80685.52227783203,261180.62237548828,0,404327403520,8589930496,5187653632,114688
9,1791573740391,2499,2500,800,800,800,800,799,800,2500,2499,2499,2499,2499,2499,799,799,0,0,0,0,0,0,0,9.523809432983398,0,0,5,0,0,0,100,0,80685.67352294922,261180.93237304688,0,404327403520,8589930496,5187653632,114688
9,1791573740401,2499,2500,800,800,800,800,799,800,2500,2499,2499,2499,2499,2499,799,799,0,0,0,0,0,0,0,9.523809432983398,0,0,5,0,0,0,100,0,80685.8295288086,261181.24627685547,0,404327403520,8589930496,5187653632,114688
9,1791573740411,2499,2500,800,800,800,800,799,800,2500,2499,2499,2499,2499,2499,799,799,0,0,0,0,0,0,0,9.523809432983398,0,0,5,0,0,0,100,0,80685.98138427734,261181.56005859375,0,404327403520,8589930496,5195583488,114688
9,1791573740421,2499,2500,800,800,800,800,799,800,2500,2499,2499,2499,2499,2499,799,799,0,0,0,0,0,0,0,9.523809432983398,0,0,5,0,0,0,100,0,80686.12896728516,261181.87127685547,0,404327403520,8589930496,5195583488,114688
9,1791573740431,2499,2500,800,800,800,800,799,800,2500,2499,2499,2499,2499,2499,799,799,0,0,0,0,0,0,0,9.523809432983398,0,0,5,0,0,0,100,0,80686.28112792969,261182.18060302734,0,404327403520,8589930496,5195583488,114688
9,1791573740441,2499,2500,800,800,800,800,799,800,2500,2499,2499,2499,2499,2499,799,799,0,0,0,0,0,0,0,9.523809432983398,0,0,5,0,0,0,100,0,80686.43737792969,261182.48962402344,0,404327403520,8589930496,5195583488,114688
9,1791573740451,2499,2500,800,800,800,800,799,800,2500,2499,2499,2499,2499,2499,799,799,0,0,0,0,0,0,0,9.523809432983398,0,0,5,0,0,0,100,0,80686.58953857422,261182.80194091797,0,404327403520,8589930496,5204008960,114688
9,1791573740461,2499,2500,800,800,800,800,799,800,2500,2499,2499,2499,2499,2499,799,799,0,0,0,0,0,0,0,9.523809432983398,0,0,5,0,0,0,100,0,80686.74169921875,261183.11645507813,0,404327403520,8589930496,5204008960,114688
9,1791573740471,2499,2500,800,800,800,800,799,800,2500,2499,2499,2499,2499,2499,799,799,0,0,0,0,0,0,0,9.523809432983398,0,0,5,0,0,0,100,0,80686.8920288086,261183.42657470703,0,404327403520,8589930496,5204008960,114688
9,1791573740481,2499,2500,800,800,800,800,799,800,2500,2499,2499,2499,2499,2499,799,799,0,0,0,0,0,0,0,9.523809432983398,0,0,5,0,0,0,100,0,80687.04766845703,261183.74322509766,0,404327403520,8589930496,5204008960,114688
10,1791573740491,2499,2500,800,800,800,800,799,800,2500,2499,2499,2499,2499,2499,799,799,0,0,0,0,0,0,0,9.523809432983398,0,0,5,0,0,0,100,0,80687.20092773438,261184.05822753906,0,404327403520,8589930496,5212434432,114688
9,1791573740501,2499,2500,800,800,800,800,799,800,2500,2499,2499,2499,2499,2499,799,799,0,0,0,0,0,0,0,9.523809432983398,0,0,5,0,0,0,100,0,80687.35748291016,261184.3656616211,0,404327403520,8589930496,5212434432,114688
9,1791573740511,2499,2500,800,800,800,800,799,800,2500,2499,2499,2499,2499,2499,799,799,0,0,0,0,0,0,0,9.523809432983398,0,0,5,0,0,0,100,0,80687.50744628906,261184.6768798828,0,404327403520,8589930496,5212434432,114688
10,1791573740521,2499,2500,800,800,800,800,799,800,2500,2499,2499,2499,2499,2499,799,799,0,0,0,0,0,0,0,9.523809432983398,0,0,5,0,0,0,100,0,80687.67468261719,261184.99029541016,0,404327403520,8589930496,5212434432,114688
9,1791573740531,2499,2500,800,800,800,800,799,800,2500,2499,2499,2499,2499,2499,799,799,0,0,0,0,0,0,0,9.523809432983398,0,0,5,0,0,0,100,0,80687.8251953125,261185.33227539063,0,404327403520,8589930496,5212434432,114688
9,1791573740542,2499,2500,800,800,800,800,799,800,2500,2499,2499,2499,2499,2499,799,799,0,0,0,0,0,0,0,9.523809432983398,0,0,5,0,0,0,100,0,80687.97607421875,261185.64428710938,0,404327403520,8589930496,5220364288,114688
9,1791573740552,2499,2500,800,800,800,800,799,800,2500,2499,2499,2499,2499,2499,799,799,0,0,0,0,0,0,0,9.523809432983398,0,0,5,0,0,0,100,0,80688.12292480469,261185.9600830078,0,404327403520,8589930496,5220364288,114688
9,1791573740562,2499,2500,800,800,800,800,799,800,2500,2499,2499,2499,2499,2499,799,799,0,0,0,0,0,0,0,9.523809432983398,0,0,5,0,0,0,100,0,80688.27325439453,261186.27325439453,0,404327403520,8589930496,5220364288,114688
9,1791573740572,2499,2500,800,800,800,800,799,800,2500,2499,2499,2499,2499,2499,799,799,0,0,0,0,0,0,0,9.523809432983398,0,0,5,0,0,0,100,0,80688.42651367188,261186.58471679688,0,404327403520,8589930496,5220364288,114688
9,1791573740582,2499,2500,800,800,800,800,799,800,2500,2499,2499,2499,2499,2499,799,799,0,0,0,0,0,0,0,9.523809432983398,0,0,5,0,0,0,100,0,80688.57904052734,261186.89306640625,0,404327403520,8589930496,5228789760,114688
9,1791573740592,2499,2500,800,800,800,800,799,800,2500,2499,2499,2499,2499,2499,799,799,5.263157844543457,0,0,0,4.761904716491699,0,0,10,0,0,0,0,0,0,100,0,80688.73114013672,261187.20343017578,0,404327403520,8589930496,5228789760,114688
9,1791573740602,2499,2500,800,800,800,800,799,800,2500,2499,2499,2499,2499,2499,799,799,5.263157844543457,0,0,0,4.761904716491699,0,0,10,0,0,0,0,0,0,100,0,80688.8853149414,261187.51849365234,0,404327403520,8589930496,5228789760,114688
9,1791573740612,2499,2500,800,800,800,800,799,800,2500,2499,2499,2499,2499,2499,799,799,5.263157844543457,0,0,0,4.761904716491699,0,0,10,0,0,0,0,0,0,100,0,80689.03857421875,261187.82879638672,0,404327403520,8589930496,5228789760,114688
10,1791573740622,2499,2500,800,800,800,800,799,800,2500,2499,2499,2499,2499,2499,799,799,5.263157844543457,0,0,0,4.761904716491699,0,0,10,0,0,0,0,0,0,100,0,80689.19091796875,261188.14318847656,0,404327403520,8589930496,5228789760,114688
9,1791573740632,2499,2500,800,800,800,800,799,800,2500,2499,2499,2499,2499,2499,799,799,5.263157844543457,0,0,0,4.761904716491699,0,0,10,0,0,0,0,0,0,100,0,80689.33605957031,261188.4530029297,0,404327403520,8589930496,5237215232,114688
9,1791573740642,2499,2500,800,800,800,800,799,800,2500,2499,2499,2499,2499,2499,799,799,5.263157844543457,0,0,0,4.761904716491699,0,0,10,0,0,0,0,0,0,100,0,80689.4868774414,261188.76416015625,0,404327403520,8589930496,5237215232,114688
9,1791573740652,2499,2500,800,800,800,800,799,800,2500,2499,2499,2499,2499,2499,799,799,5.263157844543457,0,0,0,4.761904716491699,0,0,10,0,0,0,0,0,0,100,0,80689.64086914063,261189.07568359375,0,404327403520,8589930496,5237215232,114688
9,1791573740662,2499,2500,800,800,800,800,799,800,2500,2499,2499,2499,2499,2499,799,799,5.263157844543457,0,0,0,4.761904716491699,0,0,10,0,0,0,0,0,0,100,0,80689.78771972656,261189.38763427734,0,404327403520,8589930496,5237215232,114688
10,1791573740672,2499,2500,800,800,800,800,799,800,2500,2499,2499,2499,2499,2499,799,799,5.263157844543457,0,0,0,4.761904716491699,0,0,10,0,0,0,0,0,0,100,0,80689.9400024414,261189.69921875,0,404327403520,8589930496,5245145088,114688
9,1791573740683,2499,2500,800,800,800,800,799,800,2500,2499,2499,2499,2499,2499,799,799,5.263157844543457,0,0,0,4.761904716491699,0,0,10,0,0,0,0,0,0,100,0,80690.10827636719,261190.04260253906,0,404327403520,8589930496,5245145088,114688
9,1791573740693,2499,2500,800,800,800,800,799,800,2500,2499,2499,2499,2499,2499,799,799,5.263157844543457,0,0,0,4.761904716491699,0,0,10,0,0,0,0,0,0,100,0,80690.2582397461,261190.35614013672,0,404327403520,8589930496,5245145088,114688
10,1791573740703,2499,2500,800,800,800,800,799,800,2500,2499,2499,2499,2499,2499,799,799,5.263157844543457,0,0,0,4.761904716491699,0,0,10,0,0,0,0,0,0,100,0,80690.41088867188,261190.67065429688,0,404327403520,8589930496,5245145088,114688
9,1791573740713,2499,2500,800,800,800,800,799,800,2500,2499,2499,2499,2499,2499,799,799,5.263157844543457,0,0,0,4.761904716491699,0,0,10,0,0,0,0,0,0,100,0,80690.5630493164,261190.98168945313,0,404327403520,8589930496,5245145088,114688
9,1791573740723,2499,2500,800,800,800,800,799,800,2500,2499,2499,2499,2499,2499,799,799,5.263157844543457,0,0,0,4.761904716491699,0,0,10,0,0,0,0,0,0,100,0,80690.71392822266,261191.2939453125,0,404327403520,8589930496,5253570560,114688
9,1791573740733,2499,2500,800,800,800,800,799,800,2500,2499,2499,2499,2499,2499,799,799,5.263157844543457,0,0,0,4.761904716491699,0,0,10,0,0,0,0,0,0,100,0,80690.8662109375,261191.60791015625,0,404327403520,8589930496,5253570560,114688
9,1791573740743,2499,2500,800,800,800,800,799,800,2500,2499,2499,2499,2499,2499,799,799,5.263157844543457,0,0,0,4.761904716491699,0,0,10,0,0,0,0,0,0,100,0,80691.02056884766,261191.92193603516,0,404327403520,8589930496,5253570560,114688
9,1791573740753,2499,2500,800,800,800,800,799,800,2500,2499,2499,2499,2499,2499,799,799,5.263157844543457,0,0,0,4.761904716491699,0,0,10,0,0,0,0,0,0,100,0,80691.1732788086,261192.23345947266,0,404327403520,8589930496,5253570560,114688
9,1791573740763,2499,2500,800,800,800,800,799,800,2500,2499,2499,2499,2499,2499,799,799,5.263157844543457,0,0,0,4.761904716491699,0,0,10,0,0,0,0,0,0,100,0,80691.3306274414,261192.5512084961,0,404327403520,8589930496,5261996032,114688
9,1791573740773,2499,2500,800,800,800,800,799,800,2500,2499,2499,2499,2499,2499,799,799,5.263157844543457,0,0,0,4.761904716491699,0,0,10,0,0,0,0,0,0,100,0,80691.47998046875,261192.85986328125,0,404327403520,8589930496,5261996032,114688
9,1791573740783,2499,2500,800,800,800,800,799,800,2500,2499,2499,2499,2499,2499,799,799,5.263157844543457,0,0,0,4.761904716491699,0,0,10,0,0,0,0,0,0,100,0,80691.62829589844,261193.17211914063,0,404327403520,8589930496,5261996032,114688
9,1791573740793,2499,2500,800,800,800,800,799,800,2500,2499,2499,2499,2499,2499,799,799,9.523809432983398,5,5,0,0,0,0,0,5,0,0,0,0,0,100,0,80691.78399658203,261193.4598388672,0,404327403520,8589930496,5261996032,114688
10,1791573740803,2499,2500,800,800,800,800,799,800,2500,2499,2499,2499,2499,2499,799,799,9.523809432983398,5,5,0,0,0,0,0,5,0,0,0,0,0,100,0,80691.93084716797,261193.8016357422,0,404327403520,8589930496,5268439040,114688
10,1791573740813,2499,2500,800,800,800,800,799,800,2500,2499,2499,2499,2499,2499,799,799,9.523809432983398,5,5,0,0,0,0,0,5,0,0,0,0,0,100,0,80692.08337402344,261194.1163330078,0,404327403520,8589930496,5269925888,114688
10,1791573740823,2499,2500,800,800,800,800,799,800,2500,2499,2499,2499,2499,2499,799,799,9.523809432983398,5,5,0,0,0,0,0,5,0,0,0,0,0,100,0,80692.23571777344,261194.42749023438,0,404327403520,8589930496,5269925888,114688
9,1791573740834,2499,2500,800,800,800,800,799,800,2500,2499,2499,2499,2499,2499,799,799,9.523809432983398,5,5,0,0,0,0,0,5,0,0,0,0,0,100,0,80692.3853149414,261194.73822021484,0,404327403520,8589930496,5269925888,114688
9,1791573740844,2499,2500,800,800,800,800,799,800,2500,2499,2499,2499,2499,2499,799,799,9.523809432983398,5,5,0,0,0,0,0,5,0,0,0,0,0,100,0,80692.54895019531,261195.08129882813,0,404327403520,8589930496,5269925888,114688
9,1791573740854,2499,2500,800,800,800,800,799,800,2500,2499,2499,2499,2499,2499,799,799,9.523809432983398,5,5,0,0,0,0,0,5,0,0,0,0,0,100,0,80692.7007446289,261195.39654541016,0,404327403520,8589930496,5278351360,114688
9,1791573740864,2499,2500,800,800,800,800,799,800,2500,2499,2499,2499,2499,2499,799,799,9.523809432983398,5,5,0,0,0,0,0,5,0,0,0,0,0,100,0,80692.8490600586,261195.70849609375,0,404327403520,8589930496,5278351360,114688
9,1791573740874,2499,2500,800,800,800,800,799,800,2500,2499,2499,2499,2499,2499,799,799,9.523809432983398,5,5,0,0,0,0,0,5,0,0,0,0,0,100,0,80693.00085449219,261196.0196533203,0,404327403520,8589930496,5278351360,114688
9,1791573740884,2499,2500,800,800,800,800,799,800,2500,2499,2499,2499,2499,2499,799,799,9.523809432983398,5,5,0,0,0,0,0,5,0,0,0,0,0,100,0,80693.14862060547,261196.3311767578,0,404327403520,8589930496,5278351360,114688
9,1791573740894,2499,2500,800,800,800,800,799,800,2500,2499,2499,2499,2499,2499,799,799,9.523809432983398,5,5,0,0,0,0,0,5,0,0,0,0,0,100,0,80693.29846191406,261196.64324951172,0,404327403520,8589930496,5286776832,114688
10,1791573740904,2499,2500,800,800,800,800,799,800,2500,2499,2499,2499,2499,2499,799,799,9.523809432983398,5,5,0,0,0,0,0,5,0,0,0,0,0,100,0,80693.45025634766,261196.95672607422,0,404327403520,8589930496,5286776832,114688
9,1791573740914,2499,2500,800,800,800,800,799,800,2500,2499,2499,2499,2499,2499,799,799,9.523809432983398,5,5,0,0,0,0,0,5,0,0,0,0,0,100,0,80693.59948730469,261197.26434326172,0,404327403520,8589930496,5286776832,114688
9,1791573740924,2499,2500,800,800,800,800,799,800,2500,2499,2499,2499,2499,2499,799,799,9.523809432983398,5,5,0,0,0,0,0,5,0,0,0,0,0,100,0,80693.7417602539,261197.57934570313,0,404327403520,8589930496,5286776832,114688
10,1791573740934,2499,2500,800,800,800,800,799,800,2500,2499,2499,2499,2499,2499,799,799,9.523809432983398,5,5,0,0,0,0,0,5,0,0,0,0,0,100,0,80693.89031982422,261197.89221191406,0,404327403520,8589930496,5286776832,114688
10,1791573740944,2499,2500,800,800,800,800,799,800,2500,2499,2499,2499,2499,2499,799,799,9.523809432983398,5,5,0,0,0,0,0,5,0,0,0,0,0,100,0,80694.04223632813,261198.20391845703,0,404327403520,8589930496,5294706688,114688
9,1791573740954,2499,2500,800,800,800,800,799,800,2500,2499,2499,2499,2499,2499,799,799,9.523809432983398,5,5,0,0,0,0,0,5,0,0,0,0,0,100,0,80694.19036865234,261198.51831054688,0,404327403520,8589930496,5294706688,114688
9,1791573740965,2499,2500,800,800,800,800,799,800,2500,2499,2499,2499,2499,2499,799,799,9.523809432983398,5,5,0,0,0,0,0,5,0,0,0,0,0,100,0,80694.34094238281,261198.84051513672,0,404327403520,8589930496,5294706688,114688
9,1791573740975,2499,2500,800,800,800,800,799,800,2500,2499,2499,2499,2499,2499,799,799,9.523809432983398,5,5,0,0,0,0,0,5,0,0,0,0,0,100,0,80694.4927368164,261199.14123535156,0,404327403520,8589930496,5294706688,114688
9,1791573740985,2499,2500,800,800,800,800,799,800,2500,2499,2499,2499,2499,2499,799,799,9.523809432983398,5,5,0,0,0,0,0,5,0,0,0,0,0,100,0,80694.6421508789,261199.45336914063,0,404327403520,8589930496,5303132160,114688
9,1791573740995,2499,2500,800,800,800,800,799,800,2500,2499,2499,2499,2499,2499,799,799,0,0,0,0,0,4.761904716491699,0,5.263157844543457,0,0,0,0,0,0,100,0,80694.78771972656,261199.76330566406,0,404327403520,8589930496,5303132160,114688
9,1791573741005,2499,2500,800,800,800,800,799,800,2500,2499,2499,2499,2499,2499,799,799,0,0,0,0,0,4.761904716491699,0,5.263157844543457,0,0,0,0,0,0,100,0,80694.93328857422,261200.07397460938,0,404327403520,8589930496,5303132160,114688
9,1791573741015,2499,2500,800,800,800,800,799,800,2500,2499,2499,2499,2499,2499,799,799,0,0,0,0,0,4.761904716491699,0,5.263157844543457,0,0,0,0,0,0,100,0,80695.08361816406,261200.39208984375,0,404327403520,8589930496,5303132160,114688
9,1791573741025,2499,2500,800,800,800,800,799,800,2500,2499,2499,2499,2499,2499,799,799,0,0,0,0,0,4.761904716491699,0,5.263157844543457,0,0,0,0,0,0,100,0,80695.23638916016,261200.70440673828,0,404327403520,8589930496,5303132160,114688
9,1791573741035,2499,2500,800,800,800,800,799,800,2500,2499,2499,2499,2499,2499,799,799,0,0,0,0,0,4.761904716491699,0,5.263157844543457,0,0,0,0,0,0,100,0,80695.40155029297,261201.04705810547,0,404327403520,8589930496,5311557632,114688
9,1791573741045,2499,2500,800,800,800,800,799,800,2500,2499,2499,2499,2499,2499,799,799,0,0,0,0,0,4.761904716491699,0,5.263157844543457,0,0,0,0,0,0,100,0,80695.53338623047,261201.35845947266,0,404327403520,8589930496,5311557632,114688
9,1791573741055,2499,2500,800,800,800,800,799,800,2500,2499,2499,2499,2499,2499,799,799,0,0,0,0,0,4.761904716491699,0,5.263157844543457,0,0,0,0,0,0,100,0,80695.7001953125,261201.66387939453,0,404327403520,8589930496,5311557632,114688
10,1791573741065,2499,2500,800,800,800,800,799,800,2500,2499,2499,2499,2499,2499,799,799,0,0,0,0,0,4.761904716491699,0,5.263157844543457,0,0,0,0,0,0,100,0,80695.8432006836,261201.97680664063,0,404327403520,8589930496,5311557632,114688
10,1791573741075,2499,2500,800,800,800,800,799,800,2500,2499,2499,2499,2499,2499,799,799,0,0,0,0,0,4.761904716491699,0,5.263157844543457,0,0,0,0,0,0,100,0,80695.99682617188,261202.29138183594,0,404327403520,8589930496,5319487488,114688
9,1791573741085,2499,2500,800,800,800,800,799,800,2500,2499,2499,2499,2499,2499,799,799,0,0,0,0,0,4.761904716491699,0,5.263157844543457,0,0,0,0,0,0,100,0,80696.14678955078,261202.60833740234,0,404327403520,8589930496,5319487488,114688
10,1791573741095,2499,2500,800,800,800,800,799,800,2500,2499,2499,2499,2499,2499,799,799,0,0,0,0,0,4.761904716491699,0,5.263157844543457,0,0,0,0,0,0,100,0,80696.30059814453,261202.92456054688,0,404327403520,8589930496,5317099520,114688
9,1791573741105,2499,2500,800,800,800,800,799,800,2500,2499,2499,2499,2499,2499,799,799,0,0,0,0,0,4.761904716491699,0,5.263157844543457,0,0,0,0,0,0,100,0,80696.4507446289,261203.23864746094,0,404327403520,8589930496,5317447680,114688
10,1791573741115,2499,2500,800,800,800,800,799,800,2500,2499,2499,2499,2499,2499,799,799,0,0,0,0,0,4.761904716491699,0,5.263157844543457,0,0,0,0,0,0,100,0,80696.5990600586,261203.54931640625,0,404327403520,8589930496,5317447680,114688
9,1791573741126,2499,2500,800,800,800,800,799,800,2500,2499,2499,2499,2499,2499,799,799,0,0,0,0,0,4.761904716491699,0,5.263157844543457,0,0,0,0,0,0,100,0,80696.75366210938,261203.86358642578,0,404327403520,8589930496,5325377536,114688
9,1791573741136,2499,2500,800,800,800,800,799,800,2500,2499,2499,2499,2499,2499,799,799,0,0,0,0,0,4.761904716491699,0,5.263157844543457,0,0,0,0,0,0,100,0,80696.91101074219,261204.1749267578,0,404327403520,8589930496,5325377536,114688
9,1791573741146,2499,2500,800,800,800,800,799,800,2500,2499,2499,2499,2499,2499,799,799,0,0,0,0,0,4.761904716491699,0,5.263157844543457,0,0,0,0,0,0,100,0,80697.05712890625,261204.4917602539,0,404327403520,8589930496,5325377536,114688
9,1791573741156,2499,2500,800,800,800,800,799,800,2500,2499,2499,2499,2499,2499,799,799,0,0,0,0,0,4.761904716491699,0,5.263157844543457,0,0,0,0,0,0,100,0,80697.20361328125,261204.80438232422,0,404327403520,8589930496,5325377536,114688
9,1791573741166,2499,2500,800,800,800,800,799,800,2500,2499,2499,2499,2499,2499,799,799,0,0,0,0,0,4.761904716491699,0,5.263157844543457,0,0,0,0,0,0,100,0,80697.35412597656,261205.11309814453,0,404327403520,8589930496,5333544960,114688
9,1791573741176,2499,2500,800,800,800,800,799,800,2500,2499,2499,2499,2499,2499,799,799,0,0,0,0,0,4.761904716491699,0,5.263157844543457,0,0,0,0,0,0,100,0,80697.50244140625,261205.42291259766,0,404327403520,8589930496,5333544960,114688
9,1791573741186,2499,2500,800,800,800,800,799,800,2500,2499,2499,2499,2499,2499,799,799,0,0,0,0,0,4.761904716491699,0,5.263157844543457,0,0,0,0,0,0,100,0,80697.66998291016,261205.7681274414,0,404327403520,8589930496,5333544960,114688
9,1791573741196,2499,2500,800,800,800,800,799,800,2500,2499,2499,2499,2499,2499,799,799,0,0,0,0,0,0,0,9.523809432983398,0,0,0,0,0,0,100,0,80697.82232666016,261206.08575439453,0,404327403520,8589930496,5333544960,114688
10,1791573741206,2499,2500,800,800,800,800,799,800,2500,2499,2499,2499,2499,2499,799,799,0,0,0,0,0,0,0,9.523809432983398,0,0,0,0,0,0,100,0,80697.97137451172,261206.39892578125,0,404327403520,8589930496,5341474816,114688
10,1791573741216,2499,2500,800,800,800,800,799,800,2500,2499,2499,2499,2499,2499,799,799,0,0,0,0,0,0,0,9.523809432983398,0,0,0,0,0,0,100,0,80698.12280273438,261206.71002197266,0,404327403520,8589930496,5341474816,114688
9,1791573741226,2499,2500,800,800,800,800,799,800,2500,2499,2499,2499,2499,2499,799,799,0,0,0,0,0,0,0,9.523809432983398,0,0,0,0,0,0,100,0,80698.27807617188,261207.02215576172,0,404327403520,8589930496,5341474816,114688
9,1791573741236,2499,2500,800,800,800,800,799,800,2500,2499,2499,2499,2499,2499,799,799,0,0,0,0,0,0,0,9.523809432983398,0,0,0,0,0,0,100,0,80698.43096923828,261207.3341064453,0,404327403520,8589930496,5341474816,114688
9,1791573741246,2499,2500,800,800,800,800,799,800,2500,2499,2499,2499,2499,2499,799,799,0,0,0,0,0,0,0,9.523809432983398,0,0,0,0,0,0,100,0,80698.57775878906,261207.64349365234,0,404327403520,8589930496,5341474816,114688
9,1791573741257,2499,2500,800,800,800,800,799,800,2500,2499,2499,2499,2499,2499,799,799,0,0,0,0,0,0,0,9.523809432983398,0,0,0,0,0,0,100,0,80698.73010253906,261207.9581298828,0,404327403520,8589930496,5349900288,114688
9,1791573741267,2499,2500,800,800,800,800,799,800,2500,2499,2499,2499,2499,2499,799,799,0,0,0,0,0,0,0,9.523809432983398,0,0,0,0,0,0,100,0,80698.88073730469,261208.27130126953,0,404327403520,8589930496,5349900288,114688
10,1791573741277,2499,2500,800,800,800,800,799,800,2500,2499,2499,2499,2499,2499,799,799,0,0,0,0,0,0,0,9.523809432983398,0,0,0,0,0,0,100,0,80699.03326416016,261208.58477783203,0,404327403520,8589930496,5349900288,114688
9,1791573741287,2499,2500,800,800,800,800,799,800,2500,2499,2499,2499,2499,2499,799,799,0,0,0,0,0,0,0,9.523809432983398,0,0,0,0,0,0,100,0,80699.18487548828,261208.89837646484,0,404327403520,8589930496,5349900288,114688
9,1791573741297,2499,2500,800,800,800,800,799,800,2500,2499,2499,2499,2499,2499,799,799,0,0,0,0,0,0,0,9.523809432983398,0,0,0,0,0,0,100,0,80699.33697509766,261209.21032714844,0,404327403520,8589930496,5349900288,114688
9,1791573741307,2499,2500,800,800,800,800,799,800,2500,2499,2499,2499,2499,2499,799,799,0,0,0,0,0,0,0,9.523809432983398,0,0,0,0,0,0,100,0,80699.48931884766,261209.51654052734,0,404327403520,8589930496,5358325760,114688
9,1791573741317,2499,2500,800,800,800,800,799,800,2500,2499,2499,2499,2499,2499,799,799,0,0,0,0,0,0,0,9.523809432983398,0,0,0,0,0,0,100,0,80699.63690185547,261209.8285522461,0,404327403520,8589930496,5358325760,114688
9,1791573741327,2499,2500,800,800,800,800,799,800,2500,2499,2499,2499,2499,2499,799,799,0,0,0,0,0,0,0,9.523809432983398,0,0,0,0,0,0,100,0,80699.78594970703,261210.1439819336,0,404327403520,8589930496,5358325760,114688
10,1791573741337,2499,2500,800,800,800,800,799,800,2500,2499,2499,2499,2499,2499,799,799,0,0,0,0,0,0,0,9.523809432983398,0,0,0,0,0,0,100,0,80699.93225097656,261210.45709228516,0,404327403520,8589930496,5358325760,114688
9,1791573741347,2499,2500,800,800,800,800,799,800,2500,2499,2499,2499,2499,2499,799,799,0,0,0,0,0,0,0,9.523809432983398,0,0,0,0,0,0,100,0,80700.0810546875,261210.7709350586,0,404327403520,8589930496,5366255616,114688
9,1791573741357,2499,2500,800,800,800,800,799,800,2500,2499,2499,2499,2499,2499,799,799,0,0,0,0,0,0,0,9.523809432983398,0,0,0,0,0,0,100,0,80700.24346923828,261211.1180419922,0,404327403520,8589930496,5366255616,114688
10,1791573741367,2499,2500,800,800,800,800,799,800,2500,2499,2499,2499,2499,2499,799,799,0,0,0,0,0,0,0,9.523809432983398,0,0,0,0,0,0,100,0,80700.39471435547,261211.4273071289,0,404327403520,8589930496,5366255616,114688
9,1791573741377,2499,2500,800,800,800,800,799,800,2500,2499,2499,2499,2499,2499,799,799,0,0,0,0,0,0,0,9.523809432983398,0,0,0,0,0,0,100,0,80700.55145263672,261211.7362060547,0,404327403520,8589930496,5366255616,114688
9,1791573741388,2499,2500,800,800,800,800,799,800,2500,2499,2499,2499,2499,2499,799,799,0,0,0,0,0,0,0,9.523809432983398,0,0,0,0,0,0,100,0,80700.70599365234,261212.04913330078,0,404327403520,8589930496,5366255616,114688
9,1791573741398,2499,2500,800,800,800,800,799,800,2500,2499,2499,2499,2499,2499,799,799,5.263157844543457,0,0,0,5,0,0,0,0,0,0,0,0,0,100,0,80700.85943603516,261212.36364746094,0,404327403520,8589930496,5374681088,114688
9,1791573741408,2499,2500,800,800,800,800,799,800,2500,2499,2499,2499,2499,2499,799,799,5.263157844543457,0,0,0,5,0,0,0,0,0,0,0,0,0,100,0,80701.00848388672,261212.6773071289,0,404327403520,8589930496,5374681088,114688
10,1791573741418,2499,2500,800,800,800,800,799,800,2500,2499,2499,2499,2499,2499,799,799,5.263157844543457,0,0,0,5,0,0,0,0,0,0,0,0,0,100,0,80701.16125488281,261212.98986816406,0,404327403520,8589930496,5374681088,114688
9,1791573741428,2499,2500,800,800,800,800,799,800,2500,2499,2499,2499,2499,2499,799,799,5.263157844543457,0,0,0,5,0,0,0,0,0,0,0,0,0,100,0,80701.31213378906,261213.3023071289,0,404327403520,8589930496,5374681088,114688
9,1791573741438,2499,2500,800,800,800,800,799,800,2500,2499,2499,2499,2499,2499,799,799,5.263157844543457,0,0,0,5,0,0,0,0,0,0,0,0,0,100,0,80701.46044921875,261213.61267089844,0,404327403520,8589930496,5383106560,114688
9,1791573741448,2499,2500,800,800,800,800,799,800,2500,2499,2499,2499,2499,2499,799,799,5.263157844543457,0,0,0,5,0,0,0,0,0,0,0,0,0,100,0,80701.6137084961,261213.92669677734,0,404327403520,8589930496,5383106560,114688
10,1791573741458,2499,2500,800,800,800,800,799,800,2500,2499,2499,2499,2499,2499,799,799,5.263157844543457,0,0,0,5,0,0,0,0,0,0,0,0,0,100,0,80701.76446533203,261214.23858642578,0,404327403520,8589930496,5383106560,114688
9,1791573741468,2499,2500,800,800,800,800,799,800,2500,2499,2499,2499,2499,2499,799,799,5.263157844543457,0,0,0,5,0,0,0,0,0,0,0,0,0,100,0,80701.92120361328,261214.5556640625,0,404327403520,8589930496,5383106560,114688
9,1791573741478,2499,2500,800,800,800,800,799,800,2500,2499,2499,2499,2499,2499,799,799,5.263157844543457,0,0,0,5,0,0,0,0,0,0,0,0,0,100,0,80702.07336425781,261214.86767578125,0,404327403520,8589930496,5383106560,114688
9,1791573741488,2499,2500,800,800,800,800,799,800,2500,2499,2499,2499,2499,2499,799,799,5.263157844543457,0,0,0,5,0,0,0,0,0,0,0,0,0,100,0,80702.22497558594,261215.18145751953,0,404327403520,8589930496,5391036416,114688
10,1791573741498,2499,2500,800,800,800,800,799,800,2500,2499,2499,2499,2499,2499,799,799,5.263157844543457,0,0,0,5,0,0,0,0,0,0,0,0,0,100,0,80702.37255859375,261215.4969482422,0,404327403520,8589930496,5391036416,114688
9,1791573741508,2499,2500,800,800,800,800,799,800,2500,2499,2499,2499,2499,2499,799,799,5.263157844543457,0,0,0,5,0,0,0,0,0,0,0,0,0,100,0,80702.52709960938,261215.80615234375,0,404327403520,8589930496,5391036416,114688
9,1791573741518,2499,2500,800,800,800,800,799,800,2500,2499,2499,2499,2499,2499,799,799,5.263157844543457,0,0,0,5,0,0,0,0,0,0,0,0,0,100,0,80702.69610595703,261216.15057373047,0,404327403520,8589930496,5391036416,114688
9,1791573741529,2499,2500,800,800,800,800,799,800,2500,2499,2499,2499,2499,2499,799,799,5.263157844543457,0,0,0,5,0,0,0,0,0,0,0,0,0,100,0,80702.85430908203,261216.45959472656,0,404327403520,8589930496,5399461888,114688
9,1791573741539,2499,2500,800,800,800,800,799,800,2500,2499,2499,2499,2499,2499,799,799,5.263157844543457,0,0,0,5,0,0,0,0,0,0,0,0,0,100,0,80703.01177978516,261216.77313232422,0,404327403520,8589930496,5399461888,114688
9,1791573741549,2499,2500,800,800,800,800,799,800,2500,2499,2499,2499,2499,2499,799,799,5.263157844543457,0,0,0,5,0,0,0,0,0,0,0,0,0,100,0,80703.16613769531,261217.0835571289,0,404327403520,8589930496,5399461888,114688
9,1791573741559,2499,2500,800,800,800,800,799,800,2500,2499,2499,2499,2499,2499,799,799,5.263157844543457,0,0,0,5,0,0,0,0,0,0,0,0,0,100,0,80703.32165527344,261217.3985595703,0,404327403520,8589930496,5399461888,114688
10,1791573741569,2499,2500,800,800,800,800,799,800,2500,2499,2499,2499,2499,2499,799,799,5.263157844543457,0,0,0,5,0,0,0,0,0,0,0,0,0,100,0,80703.47454833984,261217.7114868164,0,404327403520,8589930496,5407887360,114688
9,1791573741579,2499,2500,800,800,800,800,799,800,2500,2499,2499,2499,2499,2499,799,799,5.263157844543457,0,0,0,5,0,0,0,0,0,0,0,0,0,100,0,80703.62872314453,261218.0263671875,0,404327403520,8589930496,5407887360,114688
9,1791573741589,2499,2500,800,800,800,800,799,800,2500,2499,2499,2499,2499,2499,799,799,5.263157844543457,0,0,0,5,0,0,0,0,0,0,0,0,0,100,0,80703.78106689453,261218.3422241211,0,404327403520,8589930496,5407887360,114688
9,1791573741599,2499,2500,800,800,800,800,799,800,2500,2499,2499,2499,2499,2499,799,799,5,0,0,0,0,0,5,10,0,0,0,0,0,0,100,0,80703.93231201172,261218.6577758789,0,404327403520,8589930496,5407887360,114688
9,1791573741609,2499,2500,800,800,800,800,799,800,2500,2499,2499,2499,2499,2499,799,799,5,0,0,0,0,0,5,10,0,0,0,0,0,0,100,0,80704.09106445313,261218.97497558594,0,404327403520,8589930496,5407887360,114688
9,1791573741619,2499,2500,800,800,800,800,799,800,2500,2499,2499,2499,2499,2499,799,799,5,0,0,0,0,0,5,10,0,0,0,0,0,0,100,0,80704.24084472656,261219.28814697266,0,404327403520,8589930496,5415817216,114688
9,1791573741629,2499,2500,800,800,800,800,799,800,2500,2499,2499,2499,2499,2499,799,799,5,0,0,0,0,0,5,10,0,0,0,0,0,0,100,0,80704.39245605469,261219.60021972656,0,404327403520,8589930496,5415817216,114688
9,1791573741639,2499,2500,800,800,800,800,799,800,2500,2499,2499,2499,2499,2499,799,799,5,0,0,0,0,0,5,10,0,0,0,0,0,0,100,0,80704.54443359375,261219.9122314453,0,404327403520,8589930496,5415817216,114688
9,1791573741649,2499,2500,800,800,800,800,799,800,2500,2499,2499,2499,2499,2499,799,799,5,0,0,0,0,0,5,10,0,0,0,0,0,0,100,0,80704.69732666016,261220.2235107422,0,404327403520,8589930496,5415817216,114688
9,1791573741660,2499,2500,800,800,800,800,799,800,2500,2499,2499,2499,2499,2499,799,799,5,0,0,0,0,0,5,10,0,0,0,0,0,0,100,0,80704.86895751953,261220.57067871094,0,404327403520,8589930496,5424242688,114688
9,1791573741670,2499,2500,800,800,800,800,799,800,2500,2499,2499,2499,2499,2499,799,799,5,0,0,0,0,0,5,10,0,0,0,0,0,0,100,0,80705.0044555664,261220.85284423828,0,404327403520,8589930496,5424242688,114688
9,1791573741680,2499,2500,800,800,800,800,799,800,2500,2499,2499,2499,2499,2499,799,799,5,0,0,0,0,0,5,10,0,0,0,0,0,0,100,0,80705.15551757813,261221.16668701172,0,404327403520,8589930496,5424242688,114688
9,1791573741690,2499,2500,800,800,800,800,799,800,2500,2499,2499,2499,2499,2499,799,799,5,0,0,0,0,0,5,10,0,0,0,0,0,0,100,0,80705.32159423828,261221.51275634766,0,404327403520,8589930496,5424242688,114688
9,1791573741700,2499,2500,800,800,800,800,799,800,2500,2499,2499,2499,2499,2499,799,799,5,0,0,0,0,0,5,10,0,0,0,0,0,0,100,0,80705.46936035156,261221.8256225586,0,404327403520,8589930496,5424242688,114688
9,1791573741710,2499,2500,800,800,800,800,799,800,2500,2499,2499,2499,2499,2499,799,799,5,0,0,0,0,0,5,10,0,0,0,0,0,0,100,0,80705.62133789063,261222.1351928711,0,404327403520,8589930496,5432668160,114688
9,1791573741720,2499,2500,800,800,800,800,799,800,2500,2499,2499,2499,2499,2499,799,799,5,0,0,0,0,0,5,10,0,0,0,0,0,0,100,0,80705.77844238281,261222.44763183594,0,404327403520,8589930496,5432668160,114688
9,1791573741730,2499,2500,800,800,800,800,799,800,2500,2499,2499,2499,2499,2499,799,799,5,0,0,0,0,0,5,10,0,0,0,0,0,0,100,0,80705.92895507813,261222.76397705078,0,404327403520,8589930496,5432668160,114688
9,1791573741740,2499,2500,800,800,800,800,799,800,2500,2499,2499,2499,2499,2499,799,799,5,0,0,0,0,0,5,10,0,0,0,0,0,0,100,0,80706.08276367188,261223.07971191406,0,404327403520,8589930496,5432668160,114688
10,1791573741750,2499,2500,800,800,800,800,799,800,2500,2499,2499,2499,2499,2499,799,799,5,0,0,0,0,0,5,10,0,0,0,0,0,0,100,0,80706.23620605469,261223.39288330078,0,404327403520,8589930496,5440598016,114688
10,1791573741760,2499,2500,800,800,800,800,799,800,2500,2499,2499,2499,2499,2499,799,799,5,0,0,0,0,0,5,10,0,0,0,0,0,0,100,0,80706.39001464844,261223.71069335938,0,404327403520,8589930496,5440598016,114688
10,1791573741770,2499,2500,800,800,800,800,799,800,2500,2499,2499,2499,2499,2499,799,799,5,0,0,0,0,0,5,10,0,0,0,0,0,0,100,0,80706.54565429688,261224.0245361328,0,404327403520,8589930496,5440598016,114688
9,1791573741780,2499,2500,800,800,800,800,799,800,2500,2499,2499,2499,2499,2499,799,799,5,0,0,0,0,0,5,10,0,0,0,0,0,0,100,0,80706.69689941406,261224.33618164063,0,404327403520,8589930496,5440598016,114688
9,1791573741790,2499,2500,800,800,800,800,799,800,2500,2499,2499,2499,2499,2499,799,799,5,0,0,0,0,0,5,10,0,0,0,0,0,0,100,0,80706.85729980469,261224.65197753906,0,404327403520,8589930496,5449023488,114688
10,1791573741800,2499,2500,800,800,800,800,799,800,2500,2499,2499,2499,2499,2499,799,799,5.263157844543457,0,0,0,0,0,0,5,5,0,0,0,0,0,100,0,80707.00598144531,261224.96655273438,0,404327403520,8589930496,5449023488,114688
9,1791573741811,2499,2500,800,800,800,800,799,800,2500,2499,2499,2499,2499,2499,799,799,5.263157844543457,0,0,0,0,0,0,5,5,0,0,0,0,0,100,0,80707.15539550781,261225.28271484375,0,404327403520,8589930496,5449023488,114688
9,1791573741821,2499,2500,800,800,800,800,799,800,2500,2499,2499,2499,2499,2499,799,799,5.263157844543457,0,0,0,0,0,0,5,5,0,0,0,0,0,100,0,80707.31396484375,261225.62744140625,0,404327403520,8589930496,5449023488,114688
9,1791573741831,2499,2500,800,800,800,800,799,800,2500,2499,2499,2499,2499,2499,799,799,5.263157844543457,0,0,0,0,0,0,5,5,0,0,0,0,0,100,0,80707.46575927734,261225.94134521484,0,404327403520,8589930496,5449023488,114688
9,1791573741841,2499,2500,800,800,800,800,799,800,2500,2499,2499,2499,2499,2499,799,799,5.263157844543457,0,0,0,0,0,0,5,5,0,0,0,0,0,100,0,80707.61553955078,261226.25299072266,0,404327403520,8589930496,5457448960,114688
9,1791573741851,2499,2500,800,800,800,800,799,800,2500,2499,2499,2499,2499,2499,799,799,5.263157844543457,0,0,0,0,0,0,5,5,0,0,0,0,0,100,0,80707.76239013672,261226.56616210938,0,404327403520,8589930496,5457448960,114688
9,1791573741861,2499,2500,800,800,800,800,799,800,2500,2499,2499,2499,2499,2499,799,799,5.263157844543457,0,0,0,0,0,0,5,5,0,0,0,0,0,100,0,80707.91143798828,261226.880859375,0,404327403520,8589930496,5457448960,114688
9,1791573741871,2499,2500,800,800,800,800,799,800,2500,2499,2499,2499,2499,2499,799,799,5.263157844543457,0,0,0,0,0,0,5,5,0,0,0,0,0,100,0,80708.0595703125,261227.19177246094,0,404327403520,8589930496,5457448960,114688
9,1791573741881,2499,2500,800,800,800,800,799,800,2500,2499,2499,2499,2499,2499,799,799,5.263157844543457,0,0,0,0,0,0,5,5,0,0,0,0,0,100,0,80708.20458984375,261227.50384521484,0,404327403520,8589930496,5465378816,114688
9,1791573741891,2499,2500,800,800,800,800,799,800,2500,2499,2499,2499,2499,2499,799,799,5.263157844543457,0,0,0,0,0,0,5,5,0,0,0,0,0,100,0,80708.3583984375,261227.81518554688,0,404327403520,8589930496,5465378816,114688
9,1791573741901,2499,2500,800,800,800,800,799,800,2500,2499,2499,2499,2499,2499,799,799,5.263157844543457,0,0,0,0,0,0,5,5,0,0,0,0,0,100,0,80708.51531982422,261228.12756347656,0,404327403520,8589930496,5465378816,114688
9,1791573741911,2499,2500,800,800,800,800,799,800,2500,2499,2499,2499,2499,2499,799,799,5.263157844543457,0,0,0,0,0,0,5,5,0,0,0,0,0,100,0,80708.66619873047,261228.43951416016,0,404327403520,8589930496,5465378816,114688
9,1791573741921,2499,2500,800,800,800,800,799,800,2500,2499,2499,2499,2499,2499,799,799,5.263157844543457,0,0,0,0,0,0,5,5,0,0,0,0,0,100,0,80708.81726074219,261228.75579833984,0,404327403520,8589930496,5465378816,114688
9,1791573741931,2499,2500,800,800,800,800,799,800,2500,2499,2499,2499,2499,2499,799,799,5.263157844543457,0,0,0,0,0,0,5,5,0,0,0,0,0,100,0,80708.96978759766,261229.0712890625,0,404327403520,8589930496,5473804288,114688
9,1791573741942,2499,2500,800,800,800,800,799,800,2500,2499,2499,2499,2499,2499,799,799,5.263157844543457,0,0,0,0,0,0,5,5,0,0,0,0,0,100,0,80709.11846923828,261229.35278320313,0,404327403520,8589930496,5473804288,114688
9,1791573741952,2499,2500,800,800,800,800,799,800,2500,2499,2499,2499,2499,2499,799,799,5.263157844543457,0,0,0,0,0,0,5,5,0,0,0,0,0,100,0,80709.26385498047,261229.69787597656,0,404327403520,8589930496,5473804288,114688
9,1791573741962,2499,2500,800,800,800,800,799,800,2500,2499,2499,2499,2499,2499,799,799,5.263157844543457,0,0,0,0,0,0,5,5,0,0,0,0,0,100,0,80709.4165649414,261230.0118408203,0,404327403520,8589930496,5473804288,114688
9,1791573741972,2499,2500,800,800,800,800,799,800,2500,2499,2499,2499,2499,2499,799,799,5.263157844543457,0,0,0,0,0,0,5,5,0,0,0,0,0,100,0,80709.56469726563,261230.32305908203,0,404327403520,8589930496,5482229760,114688
9,1791573741982,2499,2500,800,800,800,800,799,800,2500,2499,2499,2499,2499,2499,799,799,5.263157844543457,0,0,0,0,0,0,5,5,0,0,0,0,0,100,0,80709.72088623047,261230.6332397461,0,404327403520,8589930496,5482229760,114688
9,1791573741992,2499,2500,800,800,800,800,799,800,2500,2499,2499,2499,2499,2499,799,799,5.263157844543457,0,0,0,0,0,0,5,5,0,0,0,0,0,100,0,80709.87377929688,261230.94384765625,0,404327403520,8589930496,5482229760,114688
9,1791573742002,2499,2500,800,800,800,800,799,800,2500,2499,2499,2499,2499,2499,799,799,0,0,0,0,0,4.761904716491699,0,5.263157844543457,0,0,0,0,0,0,100,0,80710.0415649414,261231.2919921875,0,404327403520,8589930496,5482229760,114688
9,1791573742012,2499,2500,800,800,800,800,799,800,2500,2499,2499,2499,2499,2499,799,799,0,0,0,0,0,4.761904716491699,0,5.263157844543457,0,0,0,0,0,0,100,0,80710.19665527344,261231.6060180664,0,404327403520,8589930496,5482229760,114688
9,1791573742022,2499,2500,800,800,800,800,799,800,2500,2499,2499,2499,2499,2499,799,799,0,0,0,0,0,4.761904716491699,0,5.263157844543457,0,0,0,0,0,0,100,0,80710.34460449219,261231.91577148438,0,404327403520,8589930496,5490159616,114688
9,1791573742032,2499,2500,800,800,800,800,799,800,2500,2499,2499,2499,2499,2499,799,799,0,0,0,0,0,4.761904716491699,0,5.263157844543457,0,0,0,0,0,0,100,0,80710.49658203125,261232.22784423828,0,404327403520,8589930496,5490159616,114688
10,1791573742042,2499,2500,800,800,800,800,799,800,2500,2499,2499,2499,2499,2499,799,799,0,0,0,0,0,4.761904716491699,0,5.263157844543457,0,0,0,0,0,0,100,0,80710.65148925781,261232.5389404297,0,404327403520,8589930496,5490159616,114688
10,1791573742052,2499,2500,800,800,800,800,799,800,2500,2499,2499,2499,2499,2499,799,799,0,0,0,0,0,4.761904716491699,0,5.263157844543457,0,0,0,0,0,0,100,0,80710.80987548828,261232.84979248047,0,404327403520,8589930496,5490159616,114688
10,1791573742062,2499,2500,800,800,800,800,799,800,2500,2499,2499,2499,2499,2499,799,799,0,0,0,0,0,4.761904716491699,0,5.263157844543457,0,0,0,0,0,0,100,0,80710.96130371094,261233.16375732422,0,404327403520,8589930496,5498585088,114688
9,1791573742072,2499,2500,800,800,800,800,799,800,2500,2499,2499,2499,2499,2499,799,799,0,0,0,0,0,4.761904716491699,0,5.263157844543457,0,0,0,0,0,0,100,0,80711.11236572266,261233.4755859375,0,404327403520,8589930496,5498585088,114688
10,1791573742082,2499,2500,800,800,800,800,799,800,2500,2499,2499,2499,2499,2499,799,799,0,0,0,0,0,4.761904716491699,0,5.263157844543457,0,0,0,0,0,0,100,0,80711.26361083984,261233.7919921875,0,404327403520,8589930496,5498585088,114688
9,1791573742093,2499,2500,800,800,800,800,799,800,2500,2499,2499,2499,2499,2499,799,799,0,0,0,0,0,4.761904716491699,0,5.263157844543457,0,0,0,0,0,0,100,0,80711.41632080078,261234.10614013672,0,404327403520,8589930496,5498585088,114688
9,1791573742103,2499,2500,800,800,800,800,799,800,2500,2499,2499,2499,2499,2499,799,799,0,0,0,0,0,4.761904716491699,0,5.263157844543457,0,0,0,0,0,0,100,0,80711.57159423828,261234.4203491211,0,404327403520,8589930496,5507010560,114688
9,1791573742113,2499,2500,800,800,800,800,799,800,2500,2499,2499,2499,2499,2499,799,799,0,0,0,0,0,4.761904716491699,0,5.263157844543457,0,0,0,0,0,0,100,0,80711.71844482422,261234.72723388672,0,404327403520,8589930496,5507010560,114688
9,1791573742123,2499,2500,800,800,800,800,799,800,2500,2499,2499,2499,2499,2499,799,799,0,0,0,0,0,4.761904716491699,0,5.263157844543457,0,0,0,0,0,0,100,0,80711.87683105469,261235.0376586914,0,404327403520,8589930496,5506084864,114688
9,1791573742133,2499,2500,800,800,800,800,799,800,2500,2499,2499,2499,2499,2499,799,799,0,0,0,0,0,4.761904716491699,0,5.263157844543457,0,0,0,0,0,0,100,0,80712.03063964844,261235.35028076172,0,404327403520,8589930496,5506084864,114688
9,1791573742143,2499,2500,800,800,800,800,799,800,2500,2499,2499,2499,2499,2499,799,799,0,0,0,0,0,4.761904716491699,0,5.263157844543457,0,0,0,0,0,0,100,0,80712.17999267578,261235.66680908203,0,404327403520,8589930496,5506084864,114688
9,1791573742153,2499,2500,800,800,800,800,799,800,2500,2499,2499,2499,2499,2499,799,799,0,0,0,0,0,4.761904716491699,0,5.263157844543457,0,0,0,0,0,0,100,0,80712.3422241211,261236.01202392578,0,404327403520,8589930496,5514014720,114688
10,1791573742163,2499,2500,800,800,800,800,799,800,2500,2499,2499,2499,2499,2499,799,799,0,0,0,0,0,4.761904716491699,0,5.263157844543457,0,0,0,0,0,0,100,0,80712.48175048828,261236.29370117188,0,404327403520,8589930496,5514014720,114688
9,1791573742173,2499,2500,800,800,800,800,799,800,2500,2499,2499,2499,2499,2499,799,799,0,0,0,0,0,4.761904716491699,0,5.263157844543457,0,0,0,0,0,0,100,0,80712.65478515625,261236.63458251953,0,404327403520,8589930496,5514014720,114688
10,1791573742183,2499,2500,800,800,800,800,799,800,2500,2499,2499,2499,2499,2499,799,799,0,0,0,0,0,4.761904716491699,0,5.263157844543457,0,0,0,0,0,0,100,0,80712.79193115234,261236.91632080078,0,404327403520,8589930496,5514014720,114688
9,1791573742193,2499,2500,800,800,800,800,799,800,2500,2499,2499,2499,2499,2499,799,799,0,0,0,0,0,4.761904716491699,0,5.263157844543457,0,0,0,0,0,0,100,0,80712.96368408203,261237.26000976563,0,404327403520,8589930496,5522440192,114688
10,1791573742203,2499,2500,800,800,800,800,799,800,2500,2499,2499,2499,2499,2499,799,799,9.523809432983398,0,0,0,0,0,0,5,0,0,5,0,0,0,100,0,80713.12005615234,261237.57275390625,0,404327403520,8589930496,5522440192,114688
9,1791573742213,2499,2500,800,800,800,800,799,800,2500,2499,2499,2499,2499,2499,799,799,9.523809432983398,0,0,0,0,0,0,5,0,0,5,0,0,0,100,0,80713.26416015625,261237.8814086914,0,404327403520,8589930496,5522440192,114688
9,1791573742223,2499,2500,800,800,800,800,799,800,2500,2499,2499,2499,2499,2499,799,799,9.523809432983398,0,0,0,0,0,0,5,0,0,5,0,0,0,100,0,80713.41174316406,261238.19506835938,0,404327403520,8589930496,5522440192,114688
9,1791573742234,2499,2500,800,800,800,800,799,800,2500,2499,2499,2499,2499,2499,799,799,9.523809432983398,0,0,0,0,0,0,5,0,0,5,0,0,0,100,0,80713.56317138672,261238.50982666016,0,404327403520,8589930496,5522440192,114688
9,1791573742244,2499,2500,800,800,800,800,799,800,2500,2499,2499,2499,2499,2499,799,799,9.523809432983398,0,0,0,0,0,0,5,0,0,5,0,0,0,100,0,80713.70965576172,261238.81622314453,0,404327403520,8589930496,5530370048,114688
9,1791573742254,2499,2500,800,800,800,800,799,800,2500,2499,2499,2499,2499,2499,799,799,9.523809432983398,0,0,0,0,0,0,5,0,0,5,0,0,0,100,0,80713.86267089844,261239.12579345703,0,404327403520,8589930496,5530370048,114688
9,1791573742264,2499,2500,800,800,800,800,799,800,2500,2499,2499,2499,2499,2499,799,799,9.523809432983398,0,0,0,0,0,0,5,0,0,5,0,0,0,100,0,80714.01458740234,261239.44140625,0,404327403520,8589930496,5530370048,114688
9,1791573742274,2499,2500,800,800,800,800,799,800,2500,2499,2499,2499,2499,2499,799,799,9.523809432983398,0,0,0,0,0,0,5,0,0,5,0,0,0,100,0,80714.1630859375,261239.75451660156,0,404327403520,8589930496,5530370048,114688
9,1791573742284,2499,2500,800,800,800,800,799,800,2500,2499,2499,2499,2499,2499,799,799,9.523809432983398,0,0,0,0,0,0,5,0,0,5,0,0,0,100,0,80714.31744384766,261240.0684814453,0,404327403520,8589930496,5538795520,114688
9,1791573742294,2499,2500,800,800,800,800,799,800,2500,2499,2499,2499,2499,2499,799,799,9.523809432983398,0,0,0,0,0,0,5,0,0,5,0,0,0,100,0,80714.47296142578,261240.38201904297,0,404327403520,8589930496,5538795520,114688
10,1791573742304,2499,2500,800,800,800,800,799,800,2500,2499,2499,2499,2499,2499,799,799,9.523809432983398,0,0,0,0,0,0,5,0,0,5,0,0,0,100,0,80714.62841796875,261240.6922607422,0,404327403520,8589930496,5538795520,114688
9,1791573742314,2499,2500,800,800,800,800,799,800,2500,2499,2499,2499,2499,2499,799,799,9.523809432983398,0,0,0,0,0,0,5,0,0,5,0,0,0,100,0,80714.78045654297,261241.00482177734,0,404327403520,8589930496,5538795520,114688
9,1791573742324,2499,2500,800,800,800,800,799,800,2500,2499,2499,2499,2499,2499,799,799,9.523809432983398,0,0,0,0,0,0,5,0,0,5,0,0,0,100,0,80714.93243408203,261241.31951904297,0,404327403520,8589930496,5538795520,114688
9,1791573742334,2499,2500,800,800,800,800,799,800,2500,2499,2499,2499,2499,2499,799,799,9.523809432983398,0,0,0,0,0,0,5,0,0,5,0,0,0,100,0,80715.09008789063,261241.63543701172,0,404327403520,8589930496,5547220992,114688
9,1791573742344,2499,2500,800,800,800,800,799,800,2500,2499,2499,2499,2499,2499,799,799,9.523809432983398,0,0,0,0,0,0,5,0,0,5,0,0,0,100,0,80715.25885009766,261241.98022460938,0,404327403520,8589930496,5547220992,114688
10,1791573742354,2499,2500,800,800,800,800,799,800,2500,2499,2499,2499,2499,2499,799,799,9.523809432983398,0,0,0,0,0,0,5,0,0,5,0,0,0,100,0,80715.39611816406,261242.26397705078,0,404327403520,8589930496,5547220992,114688
10,1791573742364,2499,2500,800,800,800,800,799,800,2500,2499,2499,2499,2499,2499,799,799,9.523809432983398,0,0,0,0,0,0,5,0,0,5,0,0,0,100,0,80715.56201171875,261242.60546875,0,404327403520,8589930496,5547220992,114688
10,1791573742374,2499,2500,800,800,800,800,799,800,2500,2499,2499,2499,2499,2499,799,799,9.523809432983398,0,0,0,0,0,0,5,0,0,5,0,0,0,100,0,80715.71575927734,261242.9180908203,0,404327403520,8589930496,5555150848,114688
9,1791573742385,2499,2500,800,800,800,800,799,800,2500,2499,2499,2499,2499,2499,799,799,9.523809432983398,0,0,0,0,0,0,5,0,0,5,0,0,0,100,0,80715.86883544922,261243.23205566406,0,404327403520,8589930496,5555150848,114688
9,1791573742395,2499,2500,800,800,800,800,799,800,2500,2499,2499,2499,2499,2499,799,799,9.523809432983398,0,0,0,0,0,0,5,0,0,5,0,0,0,100,0,80716.02514648438,261243.55078125,0,404327403520,8589930496,5555150848,114688
10,1791573742405,2499,2500,800,800,800,800,799,800,2500,2499,2499,2499,2499,2499,799,799,0,0,0,0,0,0,0,9.523809432983398,0,5,0,0,0,0,100,0,80716.17547607422,261243.8653564453,0,404327403520,8589930496,5555150848,114688
9,1791573742415,2499,2500,800,800,800,800,799,800,2500,2499,2499,2499,2499,2499,799,799,0,0,0,0,0,0,0,9.523809432983398,0,5,0,0,0,0,100,0,80716.32983398438,261244.17987060547,0,404327403520,8589930496,5563576320,114688
9,1791573742425,2499,2500,800,800,800,800,799,800,2500,2499,2499,2499,2499,2499,799,799,0,0,0,0,0,0,0,9.523809432983398,0,5,0,0,0,0,100,0,80716.48364257813,261244.4942626953,0,404327403520,8589930496,5563576320,114688
9,1791573742435,2499,2500,800,800,800,800,799,800,2500,2499,2499,2499,2499,2499,799,799,0,0,0,0,0,0,0,9.523809432983398,0,5,0,0,0,0,100,0,80716.642578125,261244.80834960938,0,404327403520,8589930496,5563576320,114688
9,1791573742445,2499,2500,800,800,800,800,799,800,2500,2499,2499,2499,2499,2499,799,799,0,0,0,0,0,0,0,9.523809432983398,0,5,0,0,0,0,100,0,80716.79382324219,261245.12170410156,0,404327403520,8589930496,5563576320,114688
10,1791573742455,2499,2500,800,800,800,800,799,800,2500,2499,2499,2499,2499,2499,799,799,0,0,0,0,0,0,0,9.523809432983398,0,5,0,0,0,0,100,0,80716.94836425781,261245.43359375,0,404327403520,8589930496,5563576320,114688
9,1791573742465,2499,2500,800,800,800,800,799,800,2500,2499,2499,2499,2499,2499,799,799,0,0,0,0,0,0,0,9.523809432983398,0,5,0,0,0,0,100,0,80717.10272216797,261245.74682617188,0,404327403520,8589930496,5572001792,114688
9,1791573742475,2499,2500,800,800,800,800,799,800,2500,2499,2499,2499,2499,2499,799,799,0,0,0,0,0,0,0,9.523809432983398,0,5,0,0,0,0,100,0,80717.25799560547,261246.06323242188,0,404327403520,8589930496,5572001792,114688
10,1791573742485,2499,2500,800,800,800,800,799,800,2500,2499,2499,2499,2499,2499,799,799,0,0,0,0,0,0,0,9.523809432983398,0,5,0,0,0,0,100,0,80717.4057006836,261246.3465576172,0,404327403520,8589930496,5572001792,114688
9,1791573742495,2499,2500,800,800,800,800,799,800,2500,2499,2499,2499,2499,2499,799,799,0,0,0,0,0,0,0,9.523809432983398,0,5,0,0,0,0,100,0,80717.55291748047,261246.6870727539,0,404327403520,8589930496,5572001792,114688
9,1791573742505,2499,2500,800,800,800,800,799,800,2500,2499,2499,2499,2499,2499,799,799,0,0,0,0,0,0,0,9.523809432983398,0,5,0,0,0,0,100,0,80717.7015991211,261246.99786376953,0,404327403520,8589930496,5572001792,114688
9,1791573742516,2499,2500,800,800,800,800,799,800,2500,2499,2499,2499,2499,2499,799,799,0,0,0,0,0,0,0,9.523809432983398,0,5,0,0,0,0,100,0,80717.86529541016,261247.33856201172,0,404327403520,8589930496,5579931648,114688
9,1791573742526,2499,2500,800,800,800,800,799,800,2500,2499,2499,2499,2499,2499,799,799,0,0,0,0,0,0,0,9.523809432983398,0,5,0,0,0,0,100,0,80718.0191040039,261247.6517944336,0,404327403520,8589930496,5579931648,114688
9,1791573742536,2499,2500,800,800,800,800,799,800,2500,2499,2499,2499,2499,2499,799,799,0,0,0,0,0,0,0,9.523809432983398,0,5,0,0,0,0,100,0,80718.1703491211,261247.9639892578,0,404327403520,8589930496,5579931648,114688
9,1791573742546,2499,2500,800,800,800,800,799,800,2500,2499,2499,2499,2499,2499,799,799,0,0,0,0,0,0,0,9.523809432983398,0,5,0,0,0,0,100,0,80718.32250976563,261248.28314208984,0,404327403520,8589930496,5579931648,114688
9,1791573742556,2499,2500,800,800,800,800,799,800,2500,2499,2499,2499,2499,2499,799,799,0,0,0,0,0,0,0,9.523809432983398,0,5,0,0,0,0,100,0,80718.474609375,261248.59661865234,0,404327403520,8589930496,5579931648,114688
9,1791573742566,2499,2500,800,800,800,800,799,800,2500,2499,2499,2499,2499,2499,799,799,0,0,0,0,0,0,0,9.523809432983398,0,5,0,0,0,0,100,0,80718.62768554688,261248.90643310547,0,404327403520,8589930496,5588357120,114688
9,1791573742576,2499,2500,800,800,800,800,799,800,2500,2499,2499,2499,2499,2499,799,799,0,0,0,0,0,0,0,9.523809432983398,0,5,0,0,0,0,100,0,80718.78039550781,261249.21118164063,0,404327403520,8589930496,5588357120,114688
9,1791573742586,2499,2500,800,800,800,800,799,800,2500,2499,2499,2499,2499,2499,799,799,0,0,0,0,0,0,0,9.523809432983398,0,5,0,0,0,0,100,0,80718.92761230469,261249.52801513672,0,404327403520,8589930496,5588357120,114688
9,1791573742596,2499,2500,800,800,800,800,799,800,2500,2499,2499,2499,2499,2499,799,799,0,0,0,0,0,0,0,9.523809432983398,0,5,0,0,0,0,100,0,80719.08508300781,261249.84259033203,0,404327403520,8589930496,5588357120,114688
9,1791573742606,2499,2500,800,800,800,800,799,800,2500,2499,2499,2499,2499,2499,799,799,5.263157844543457,0,0,0,5,0,0,0,0,0,0,5,0,0,100,0,80719.23779296875,261250.1572265625,0,404327403520,8589930496,5596782592,114688
9,1791573742616,2499,2500,800,800,800,800,799,800,2500,2499,2499,2499,2499,2499,799,799,5.263157844543457,0,0,0,5,0,0,0,0,0,0,5,0,0,100,0,80719.38958740234,261250.47467041016,0,404327403520,8589930496,5596782592,114688
10,1791573742626,2499,2500,800,800,800,800,799,800,2500,2499,2499,2499,2499,2499,799,799,5.263157844543457,0,0,0,5,0,0,0,0,0,0,5,0,0,100,0,80719.53955078125,261250.7900390625,0,404327403520,8589930496,5596782592,114688
10,1791573742636,2499,2500,800,800,800,800,799,800,2500,2499,2499,2499,2499,2499,799,799,5.263157844543457,0,0,0,5,0,0,0,0,0,0,5,0,0,100,0,80719.69207763672,261251.0982055664,0,404327403520,8589930496,5596782592,114688
9,1791573742646,2499,2500,800,800,800,800,799,800,2500,2499,2499,2499,2499,2499,799,799,5.263157844543457,0,0,0,5,0,0,0,0,0,0,5,0,0,100,0,80719.84460449219,261251.4107055664,0,404327403520,8589930496,5596782592,114688
9,1791573742657,2499,2500,800,800,800,800,799,800,2500,2499,2499,2499,2499,2499,799,799,5.263157844543457,0,0,0,5,0,0,0,0,0,0,5,0,0,100,0,80720.01489257813,261251.7550048828,0,404327403520,8589930496,5604712448,114688
9,1791573742667,2499,2500,800,800,800,800,799,800,2500,2499,2499,2499,2499,2499,799,799,5.263157844543457,0,0,0,5,0,0,0,0,0,0,5,0,0,100,0,80720.1655883789,261252.06701660156,0,404327403520,8589930496,5604712448,114688
10,1791573742677,2499,2500,800,800,800,800,799,800,2500,2499,2499,2499,2499,2499,799,799,5.263157844543457,0,0,0,5,0,0,0,0,0,0,5,0,0,100,0,80720.30474853516,261252.3455810547,0,404327403520,8589930496,5604712448,114688
9,1791573742687,2499,2500,800,800,800,800,799,800,2500,2499,2499,2499,2499,2499,799,799,5.263157844543457,0,0,0,5,0,0,0,0,0,0,5,0,0,100,0,80720.47265625,261252.6879272461,0,404327403520,8589930496,5604712448,114688
9,1791573742697,2499,2500,800,800,800,800,799,800,2500,2499,2499,2499,2499,2499,799,799,5.263157844543457,0,0,0,5,0,0,0,0,0,0,5,0,0,100,0,80720.62683105469,261252.99993896484,0,404327403520,8589930496,5613137920,114688
9,1791573742707,2499,2500,800,800,800,800,799,800,2500,2499,2499,2499,2499,2499,799,799,5.263157844543457,0,0,0,5,0,0,0,0,0,0,5,0,0,100,0,80720.78247070313,261253.3095703125,0,404327403520,8589930496,5613137920,114688
10,1791573742717,2499,2500,800,800,800,800,799,800,2500,2499,2499,2499,2499,2499,799,799,5.263157844543457,0,0,0,5,0,0,0,0,0,0,5,0,0,100,0,80720.93188476563,261253.6216430664,0,404327403520,8589930496,5613137920,114688
9,1791573742727,2499,2500,800,800,800,800,799,800,2500,2499,2499,2499,2499,2499,799,799,5.263157844543457,0,0,0,5,0,0,0,0,0,0,5,0,0,100,0,80721.07763671875,261253.93432617188,0,404327403520,8589930496,5613137920,114688
10,1791573742737,2499,2500,800,800,800,800,799,800,2500,2499,2499,2499,2499,2499,799,799,5.263157844543457,0,0,0,5,0,0,0,0,0,0,5,0,0,100,0,80721.2255859375,261254.24829101563,0,404327403520,8589930496,5621563392,114688
10,1791573742747,2499,2500,800,800,800,800,799,800,2500,2499,2499,2499,2499,2499,799,799,5.263157844543457,0,0,0,5,0,0,0,0,0,0,5,0,0,100,0,80721.37426757813,261254.5629272461,0,404327403520,8589930496,5621563392,114688
9,1791573742757,2499,2500,800,800,800,800,799,800,2500,2499,2499,2499,2499,2499,799,799,5.263157844543457,0,0,0,5,0,0,0,0,0,0,5,0,0,100,0,80721.51983642578,261254.8814086914,0,404327403520,8589930496,5621563392,114688
9,1791573742767,2499,2500,800,800,800,800,799,800,2500,2499,2499,2499,2499,2499,799,799,5.263157844543457,0,0,0,5,0,0,0,0,0,0,5,0,0,100,0,80721.66705322266,261255.19622802734,0,404327403520,8589930496,5621563392,114688
10,1791573742777,2499,2500,800,800,800,800,799,800,2500,2499,2499,2499,2499,2499,799,799,5.263157844543457,0,0,0,5,0,0,0,0,0,0,5,0,0,100,0,80721.81921386719,261255.50329589844,0,404327403520,8589930496,5621563392,114688
10,1791573742787,2499,2500,800,800,800,800,799,800,2500,2499,2499,2499,2499,2499,799,799,5.263157844543457,0,0,0,5,0,0,0,0,0,0,5,0,0,100,0,80721.97448730469,261255.8192138672,0,404327403520,8589930496,5629493248,114688
9,1791573742798,2499,2500,800,800,800,800,799,800,2500,2499,2499,2499,2499,2499,799,799,5.263157844543457,0,0,0,5,0,0,0,0,0,0,5,0,0,100,0,80722.12371826172,261256.13409423828,0,404327403520,8589930496,5629493248,114688
9,1791573742808,2499,2500,800,800,800,800,799,800,2500,2499,2499,2499,2499,2499,799,799,0,5,0,0,0,0,0,9.523809432983398,0,0,0,0,0,0,100,0,80722.27514648438,261256.44763183594,0,404327403520,8589930496,5629493248,114688
10,1791573742818,2499,2500,800,800,800,800,799,800,2500,2499,2499,2499,2499,2499,799,799,0,5,0,0,0,0,0,9.523809432983398,0,0,0,0,0,0,100,0,80722.42907714844,261256.76092529297,0,404327403520,8589930496,5629493248,114688
9,1791573742828,2499,2500,800,800,800,800,799,800,2500,2499,2499,2499,2499,2499,799,799,0,5,0,0,0,0,0,9.523809432983398,0,0,0,0,0,0,100,0,80722.59564208984,261257.10711669922,0,404327403520,8589930496,5637918720,114688
9,1791573742838,2499,2500,800,800,800,800,799,800,2500,2499,2499,2499,2499,2499,799,799,0,5,0,0,0,0,0,9.523809432983398,0,0,0,0,0,0,100,0,80722.74688720703,261257.4164428711,0,404327403520,8589930496,5637918720,114688
9,1791573742848,2499,2500,800,800,800,800,799,800,2500,2499,2499,2499,2499,2499,799,799,0,5,0,0,0,0,0,9.523809432983398,0,0,0,0,0,0,100,0,80722.89904785156,261257.72735595703,0,404327403520,8589930496,5637918720,114688
9,1791573742858,2499,2500,800,800,800,800,799,800,2500,2499,2499,2499,2499,2499,799,799,0,5,0,0,0,0,0,9.523809432983398,0,0,0,0,0,0,100,0,80723.05303955078,261258.03643798828,0,404327403520,8589930496,5637918720,114688
9,1791573742868,2499,2500,800,800,800,800,799,800,2500,2499,2499,2499,2499,2499,799,799,0,5,0,0,0,0,0,9.523809432983398,0,0,0,0,0,0,100,0,80723.20428466797,261258.35107421875,0,404327403520,8589930496,5637918720,114688
9,1791573742878,2499,2500,800,800,800,800,799,800,2500,2499,2499,2499,2499,2499,799,799,0,5,0,0,0,0,0,9.523809432983398,0,0,0,0,0,0,100,0,80723.35119628906,261258.66729736328,0,404327403520,8589930496,5646344192,114688
10,1791573742888,2499,2500,800,800,800,800,799,800,2500,2499,2499,2499,2499,2499,799,799,0,5,0,0,0,0,0,9.523809432983398,0,0,0,0,0,0,100,0,80723.49713134766,261258.98028564453,0,404327403520,8589930496,5646344192,114688
9,1791573742898,2499,2500,800,800,800,800,799,800,2500,2499,2499,2499,2499,2499,799,799,0,5,0,0,0,0,0,9.523809432983398,0,0,0,0,0,0,100,0,80723.64526367188,261259.298828125,0,404327403520,8589930496,5646344192,114688
10,1791573742908,2499,2500,800,800,800,800,799,800,2500,2499,2499,2499,2499,2499,799,799,0,5,0,0,0,0,0,9.523809432983398,0,0,0,0,0,0,100,0,80723.79571533203,261259.6036376953,0,404327403520,8589930496,5646344192,114688
10,1791573742918,2499,2500,800,800,800,800,799,800,2500,2499,2499,2499,2499,2499,799,799,0,5,0,0,0,0,0,9.523809432983398,0,0,0,0,0,0,100,0,80723.94458007813,261259.916015625,0,404327403520,8589930496,5646344192,114688
9,1791573742928,2499,2500,800,800,800,800,799,800,2500,2499,2499,2499,2499,2499,799,799,0,5,0,0,0,0,0,9.523809432983398,0,0,0,0,0,0,100,0,80724.09454345703,261260.23999023438,0,404327403520,8589930496,5654274048,114688
9,1791573742938,2499,2500,800,800,800,800,799,800,2500,2499,2499,2499,2499,2499,799,799,0,5,0,0,0,0,0,9.523809432983398,0,0,0,0,0,0,100,0,80724.24578857422,261260.5517578125,0,404327403520,8589930496,5654274048,114688
10,1791573742949,2499,2500,800,800,800,800,799,800,2500,2499,2499,2499,2499,2499,799,799,0,5,0,0,0,0,0,9.523809432983398,0,0,0,0,0,0,100,0,80724.39978027344,261260.86840820313,0,404327403520,8589930496,5654274048,114688
9,1791573742959,2499,2500,800,800,800,800,799,800,2500,2499,2499,2499,2499,2499,799,799,0,5,0,0,0,0,0,9.523809432983398,0,0,0,0,0,0,100,0,80724.55358886719,261261.18505859375,0,404327403520,8589930496,5654274048,114688
10,1791573742969,2499,2500,800,800,800,800,799,800,2500,2499,2499,2499,2499,2499,799,799,0,5,0,0,0,0,0,9.523809432983398,0,0,0,0,0,0,100,0,80724.70007324219,261261.49633789063,0,404327403520,8589930496,5662699520,114688
9,1791573742979,2499,2500,800,800,800,800,799,800,2500,2499,2499,2499,2499,2499,799,799,0,5,0,0,0,0,0,9.523809432983398,0,0,0,0,0,0,100,0,80724.85168457031,261261.8130493164,0,404327403520,8589930496,5662699520,114688
9,1791573742989,2499,2500,800,800,800,800,799,800,2500,2499,2499,2499,2499,2499,799,799,0,5,0,0,0,0,0,9.523809432983398,0,0,0,0,0,0,100,0,80725.00665283203,261262.1209716797,0,404327403520,8589930496,5662699520,114688
9,1791573742999,2499,2500,800,800,800,800,799,800,2500,2499,2499,2499,2499,2499,799,799,0,5,0,0,0,0,0,9.523809432983398,0,0,0,0,0,0,100,0,80725.15734863281,261262.43493652344,0,404327403520,8589930496,5662699520,114688
9,1791573743009,2499,2500,800,800,800,800,799,800,2500,2499,2499,2499,2499,2499,799,799,5,0,0,0,0,0,0,5.263157844543457,0,0,0,0,0,0,100,0,80725.32330322266,261262.78198242188,0,404327403520,8589930496,5662699520,114688
9,1791573743019,2499,2500,800,800,800,800,799,800,2500,2499,2499,2499,2499,2499,799,799,5,0,0,0,0,0,0,5.263157844543457,0,0,0,0,0,0,100,0,80725.47204589844,261263.09185791016,0,404327403520,8589930496,5671124992,114688
9,1791573743029,2499,2500,800,800,800,800,799,800,2500,2499,2499,2499,2499,2499,799,799,5,0,0,0,0,0,0,5.263157844543457,0,0,0,0,0,0,100,0,80725.61981201172,261263.40405273438,0,404327403520,8589930496,5671124992,114688
9,1791573743039,2499,2500,800,800,800,800,799,800,2500,2499,2499,2499,2499,2499,799,799,5,0,0,0,0,0,0,5.263157844543457,0,0,0,0,0,0,100,0,80725.76251220703,261263.7137451172,0,404327403520,8589930496,5671124992,114688
10,1791573743049,2499,2500,800,800,800,800,799,800,2500,2499,2499,2499,2499,2499,799,799,5,0,0,0,0,0,0,5.263157844543457,0,0,0,0,0,0,100,0,80725.9150390625,261264.02099609375,0,404327403520,8589930496,5671124992,114688
9,1791573743059,2499,2500,800,800,800,800,799,800,2500,2499,2499,2499,2499,2499,799,799,5,0,0,0,0,0,0,5.263157844543457,0,0,0,0,0,0,100,0,80726.07141113281,261264.33837890625,0,404327403520,8589930496,5679054848,114688
9,1791573743069,2499,2500,800,800,800,800,799,800,2500,2499,2499,2499,2499,2499,799,799,5,0,0,0,0,0,0,5.263157844543457,0,0,0,0,0,0,100,0,80726.2191772461,261264.65460205078,0,404327403520,8589930496,5679054848,114688
9,1791573743079,2499,2500,800,800,800,800,799,800,2500,2499,2499,2499,2499,2499,799,799,5,0,0,0,0,0,0,5.263157844543457,0,0,0,0,0,0,100,0,80726.36511230469,261264.96356201172,0,404327403520,8589930496,5678280704,114688
9,1791573743090,2499,2500,800,800,800,800,799,800,2500,2499,2499,2499,2499,2499,799,799,5,0,0,0,0,0,0,5.263157844543457,0,0,0,0,0,0,100,0,80726.51049804688,261265.27966308594,0,404327403520,8589930496,5678280704,114688
9,1791573743100,2499,2500,800,800,800,800,799,800,2500,2499,2499,2499,2499,2499,799,799,5,0,0,0,0,0,0,5.263157844543457,0,0,0,0,0,0,100,0,80726.65911865234,261265.58984375,0,404327403520,8589930496,5678280704,114688
9,1791573743110,2499,2500,800,800,800,800,799,800,2500,2499,2499,2499,2499,2499,799,799,5,0,0,0,0,0,0,5.263157844543457,0,0,0,0,0,0,100,0,80726.80981445313,261265.89489746094,0,404327403520,8589930496,5686706176,114688
9,1791573743120,2499,2500,800,800,800,800,799,800,2500,2499,2499,2499,2499,2499,799,799,5,0,0,0,0,0,0,5.263157844543457,0,0,0,0,0,0,100,0,80726.96276855469,261266.20336914063,0,404327403520,8589930496,5686706176,114688
9,1791573743130,2499,2500,800,800,800,800,799,800,2500,2499,2499,2499,2499,2499,799,799,5,0,0,0,0,0,0,5.263157844543457,0,0,0,0,0,0,100,0,80727.11199951172,261266.51440429688,0,404327403520,8589930496,5686706176,114688
9,1791573743140,2499,2500,800,800,800,800,799,800,2500,2499,2499,2499,2499,2499,799,799,5,0,0,0,0,0,0,5.263157844543457,0,0,0,0,0,0,100,0,80727.25579833984,261266.8285522461,0,404327403520,8589930496,5686706176,114688
9,1791573743150,2499,2500,800,800,800,800,799,800,2500,2499,2499,2499,2499,2499,799,799,5,0,0,0,0,0,0,5.263157844543457,0,0,0,0,0,0,100,0,80727.41912841797,261267.1788330078,0,404327403520,8589930496,5693358080,114688
9,1791573743160,2499,2500,800,800,800,800,799,800,2500,2499,2499,2499,2499,2499,799,799,5,0,0,0,0,0,0,5.263157844543457,0,0,0,0,0,0,100,0,80727.55078125,261267.4608154297,0,404327403520,8589930496,5693358080,114688
9,1791573743170,2499,2500,800,800,800,800,799,800,2500,2499,2499,2499,2499,2499,799,799,5,0,0,0,0,0,0,5.263157844543457,0,0,0,0,0,0,100,0,80727.70404052734,261267.7703857422,0,404327403520,8589930496,5693358080,114688
9,1791573743180,2499,2500,800,800,800,800,799,800,2500,2499,2499,2499,2499,2499,799,799,5,0,0,0,0,0,0,5.263157844543457,0,0,0,0,0,0,100,0,80727.87048339844,261268.11553955078,0,404327403520,8589930496,5693358080,114688
9,1791573743190,2499,2500,800,800,800,800,799,800,2500,2499,2499,2499,2499,2499,799,799,5,0,0,0,0,0,0,5.263157844543457,0,0,0,0,0,0,100,0,80728.0224609375,261268.4301147461,0,404327403520,8589930496,5693358080,114688
9,1791573743200,2499,2500,800,800,800,800,799,800,2500,2499,2499,2499,2499,2499,799,799,5,0,0,0,0,0,0,5.263157844543457,0,0,0,0,0,0,100,0,80728.17498779297,261268.74420166016,0,404327403520,8589930496,5701783552,114688
9,1791573743210,2499,2500,800,800,800,800,799,800,2500,2499,2499,2499,2499,2499,799,799,5.263157844543457,0,0,0,0,0,0,0,0,0,0,0,0,0,100,0,80728.32922363281,261269.05920410156,0,404327403520,8589930496,5701783552,114688
9,1791573743220,2499,2500,800,800,800,800,799,800,2500,2499,2499,2499,2499,2499,799,799,5.263157844543457,0,0,0,0,0,0,0,0,0,0,0,0,0,100,0,80728.48065185547,261269.37475585938,0,404327403520,8589930496,5701783552,114688
9,1791573743231,2499,2500,800,800,800,800,799,800,2500,2499,2499,2499,2499,2499,799,799,5.263157844543457,0,0,0,0,0,0,0,0,0,0,0,0,0,100,0,80728.63250732422,261269.6864013672,0,404327403520,8589930496,5701783552,114688
9,1791573743241,2499,2500,800,800,800,800,799,800,2500,2499,2499,2499,2499,2499,799,799,5.263157844543457,0,0,0,0,0,0,0,0,0,0,0,0,0,100,0,80728.78448486328,261269.99584960938,0,404327403520,8589930496,5709713408,114688
9,1791573743251,2499,2500,800,800,800,800,799,800,2500,2499,2499,2499,2499,2499,799,799,5.263157844543457,0,0,0,0,0,0,0,0,0,0,0,0,0,100,0,80728.94030761719,261270.30487060547,0,404327403520,8589930496,5709713408,114688
9,1791573743261,2499,2500,800,800,800,800,799,800,2500,2499,2499,2499,2499,2499,799,799,5.263157844543457,0,0,0,0,0,0,0,0,0,0,0,0,0,100,0,80729.09112548828,261270.61627197266,0,404327403520,8589930496,5709713408,114688
9,1791573743271,2499,2500,800,800,800,800,799,800,2500,2499,2499,2499,2499,2499,799,799,5.263157844543457,0,0,0,0,0,0,0,0,0,0,0,0,0,100,0,80729.24346923828,261270.92852783203,0,404327403520,8589930496,5709713408,114688
9,1791573743281,2499,2500,800,800,800,800,799,800,2500,2499,2499,2499,2499,2499,799,799,5.263157844543457,0,0,0,0,0,0,0,0,0,0,0,0,0,100,0,80729.38940429688,261271.23956298828,0,404327403520,8589930496,5709713408,114688
9,1791573743291,2499,2500,800,800,800,800,799,800,2500,2499,2499,2499,2499,2499,799,799,5.263157844543457,0,0,0,0,0,0,0,0,0,0,0,0,0,100,0,80729.54803466797,261271.55224609375,0,404327403520,8589930496,5718138880,114688
10,1791573743301,2499,2500,800,800,800,800,799,800,2500,2499,2499,2499,2499,2499,799,799,5.263157844543457,0,0,0,0,0,0,0,0,0,0,0,0,0,100,0,80729.69470214844,261271.86083984375,0,404327403520,8589930496,5718138880,114688
10,1791573743311,2499,2500,800,800,800,800,799,800,2500,2499,2499,2499,2499,2499,799,799,5.263157844543457,0,0,0,0,0,0,0,0,0,0,0,0,0,100,0,80729.84539794922,261272.171875,0,404327403520,8589930496,5718138880,114688
9,1791573743321,2499,2500,800,800,800,800,799,800,2500,2499,2499,2499,2499,2499,799,799,5.263157844543457,0,0,0,0,0,0,0,0,0,0,0,0,0,100,0,80730.00927734375,261272.51489257813,0,404327403520,8589930496,5718138880,114688
9,1791573743331,2499,2500,800,800,800,800,799,800,2500,2499,2499,2499,2499,2499,799,799,5.263157844543457,0,0,0,0,0,0,0,0,0,0,0,0,0,100,0,80730.15856933594,261272.82751464844,0,404327403520,8589930496,5726564352,114688
9,1791573743341,2499,2500,800,800,800,800,799,800,2500,2499,2499,2499,2499,2499,799,799,5.263157844543457,0,0,0,0,0,0,0,0,0,0,0,0,0,100,0,80730.31018066406,261273.14654541016,0,404327403520,8589930496,5726564352,114688
10,1791573743351,2499,2500,800,800,800,800,799,800,2500,2499,2499,2499,2499,2499,799,799,5.263157844543457,0,0,0,0,0,0,0,0,0,0,0,0,0,100,0,80730.4605102539,261273.4630126953,0,404327403520,8589930496,5726564352,114688
9,1791573743362,2499,2500,800,800,800,800,799,800,2500,2499,2499,2499,2499,2499,799,799,5.263157844543457,0,0,0,0,0,0,0,0,0,0,0,0,0,100,0,80730.6064453125,261273.77661132813,0,404327403520,8589930496,5726564352,114688
9,1791573743372,2499,2500,800,800,800,800,799,800,2500,2499,2499,2499,2499,2499,799,799,5.263157844543457,0,0,0,0,0,0,0,0,0,0,0,0,0,100,0,80730.76135253906,261274.08306884766,0,404327403520,8589930496,5726564352,114688
9,1791573743382,2499,2500,800,800,800,800,799,800,2500,2499,2499,2499,2499,2499,799,799,5.263157844543457,0,0,0,0,0,0,0,0,0,0,0,0,0,100,0,80730.91552734375,261274.39477539063,0,404327403520,8589930496,5734494208,114688
9,1791573743392,2499,2500,800,800,800,800,799,800,2500,2499,2499,2499,2499,2499,799,799,5.263157844543457,0,0,0,0,0,0,0,0,0,0,0,0,0,100,0,80731.06622314453,261274.7094116211,0,404327403520,8589930496,5734494208,114688
9,1791573743402,2499,2500,800,800,800,800,799,800,2500,2499,2499,2499,2499,2499,799,799,5.263157844543457,0,0,0,0,0,0,0,0,0,0,0,0,0,100,0,80731.22009277344,261275.02117919922,0,404327403520,8589930496,5734494208,114688
9,1791573743412,2499,2500,800,800,800,800,799,800,2500,2499,2499,2499,2499,2499,799,799,5.263157844543457,0,0,0,0,4.761904716491699,0,9.523809432983398,5,0,0,0,0,0,100,0,80731.36987304688,261275.33380126953,0,404327403520,8589930496,5734494208,114688
9,1791573743422,2499,2500,800,800,800,800,799,800,2500,2499,2499,2499,2499,2499,799,799,5.263157844543457,0,0,0,0,4.761904716491699,0,9.523809432983398,5,0,0,0,0,0,100,0,80731.52935791016,261275.65014648438,0,404327403520,8589930496,5742919680,114688
10,1791573743432,2499,2500,800,800,800,800,799,800,2500,2499,2499,2499,2499,2499,799,799,5.263157844543457,0,0,0,0,4.761904716491699,0,9.523809432983398,5,0,0,0,0,0,100,0,80731.68005371094,261275.95928955078,0,404327403520,8589930496,5742919680,114688
9,1791573743442,2499,2500,800,800,800,800,799,800,2500,2499,2499,2499,2499,2499,799,799,5.263157844543457,0,0,0,0,4.761904716491699,0,9.523809432983398,5,0,0,0,0,0,100,0,80731.83166503906,261276.2755126953,0,404327403520,8589930496,5742919680,114688
9,1791573743452,2499,2500,800,800,800,800,799,800,2500,2499,2499,2499,2499,2499,799,799,5.263157844543457,0,0,0,0,4.761904716491699,0,9.523809432983398,5,0,0,0,0,0,100,0,80731.97833251953,261276.5894165039,0,404327403520,8589930496,5742919680,114688
9,1791573743462,2499,2500,800,800,800,800,799,800,2500,2499,2499,2499,2499,2499,799,799,5.263157844543457,0,0,0,0,4.761904716491699,0,9.523809432983398,5,0,0,0,0,0,100,0,80732.12957763672,261276.9033203125,0,404327403520,8589930496,5742919680,114688
9,1791573743472,2499,2500,800,800,800,800,799,800,2500,2499,2499,2499,2499,2499,799,799,5.263157844543457,0,0,0,0,4.761904716491699,0,9.523809432983398,5,0,0,0,0,0,100,0,80732.29760742188,261277.21405029297,0,404327403520,8589930496,5751345152,114688
9,1791573743482,2499,2500,800,800,800,800,799,800,2500,2499,2499,2499,2499,2499,799,799,5.263157844543457,0,0,0,0,4.761904716491699,0,9.523809432983398,5,0,0,0,0,0,100,0,80732.43090820313,261277.5259399414,0,404327403520,8589930496,5751345152,114688
10,1791573743492,2499,2500,800,800,800,800,799,800,2500,2499,2499,2499,2499,2499,799,799,5.263157844543457,0,0,0,0,4.761904716491699,0,9.523809432983398,5,0,0,0,0,0,100,0,80732.58489990234,261277.83795166016,0,404327403520,8589930496,5751345152,114688
9,1791573743502,2499,2500,800,800,800,800,799,800,2500,2499,2499,2499,2499,2499,799,799,5.263157844543457,0,0,0,0,4.761904716491699,0,9.523809432983398,5,0,0,0,0,0,100,0,80732.73651123047,261278.15228271484,0,404327403520,8589930496,5751345152,114688
9,1791573743513,2499,2500,800,800,800,800,799,800,2500,2499,2499,2499,2499,2499,799,799,5.263157844543457,0,0,0,0,4.761904716491699,0,9.523809432983398,5,0,0,0,0,0,100,0,80732.90313720703,261278.49334716797,0,404327403520,8589930496,5759275008,114688
9,1791573743523,2499,2500,800,800,800,800,799,800,2500,2499,2499,2499,2499,2499,799,799,5.263157844543457,0,0,0,0,4.761904716491699,0,9.523809432983398,5,0,0,0,0,0,100,0,80733.05364990234,261278.8074951172,0,404327403520,8589930496,5759275008,114688
9,1791573743533,2499,2500,800,800,800,800,799,800,2500,2499,2499,2499,2499,2499,799,799,5.263157844543457,0,0,0,0,4.761904716491699,0,9.523809432983398,5,0,0,0,0,0,100,0,80733.20324707031,261279.11846923828,0,404327403520,8589930496,5759275008,114688
9,1791573743543,2499,2500,800,800,800,800,799,800,2500,2499,2499,2499,2499,2499,799,799,5.263157844543457,0,0,0,0,4.761904716491699,0,9.523809432983398,5,0,0,0,0,0,100,0,80733.3511352539,261279.4282836914,0,404327403520,8589930496,5759275008,114688
10,1791573743553,2499,2500,800,800,800,800,799,800,2500,2499,2499,2499,2499,2499,799,799,5.263157844543457,0,0,0,0,4.761904716491699,0,9.523809432983398,5,0,0,0,0,0,100,0,80733.50091552734,261279.7423095703,0,404327403520,8589930496,5767700480,114688
9,1791573743563,2499,2500,800,800,800,800,799,800,2500,2499,2499,2499,2499,2499,799,799,5.263157844543457,0,0,0,0,4.761904716491699,0,9.523809432983398,5,0,0,0,0,0,100,0,80733.64685058594,261280.0560913086,0,404327403520,8589930496,5767700480,114688
9,1791573743573,2499,2500,800,800,800,800,799,800,2500,2499,2499,2499,2499,2499,799,799,5.263157844543457,0,0,0,0,4.761904716491699,0,9.523809432983398,5,0,0,0,0,0,100,0,80733.8012084961,261280.36322021484,0,404327403520,8589930496,5767700480,114688
9,1791573743583,2499,2500,800,800,800,800,799,800,2500,2499,2499,2499,2499,2499,799,799,5.263157844543457,0,0,0,0,4.761904716491699,0,9.523809432983398,5,0,0,0,0,0,100,0,80733.95263671875,261280.6766357422,0,404327403520,8589930496,5767700480,114688
9,1791573743593,2499,2500,800,800,800,800,799,800,2500,2499,2499,2499,2499,2499,799,799,5.263157844543457,0,0,0,0,4.761904716491699,0,9.523809432983398,5,0,0,0,0,0,100,0,80734.0980834961,261280.99145507813,0,404327403520,8589930496,5767700480,114688
9,1791573743603,2499,2500,800,800,800,800,799,800,2500,2499,2499,2499,2499,2499,799,799,5.263157844543457,0,0,0,0,4.761904716491699,0,9.523809432983398,5,0,0,0,0,0,100,0,80734.2456665039,261281.3018798828,0,404327403520,8589930496,5776125952,114688
9,1791573743613,2499,2500,800,800,800,800,799,800,2500,2499,2499,2499,2499,2499,799,799,10,0,4.761904716491699,0,0,0,5,5.263157844543457,0,5,0,0,0,0,100,4.761904716491699,80734.38903808594,261281.61206054688,0,404327403520,8589930496,5776125952,114688
10,1791573743623,2499,2500,800,800,800,800,799,800,2500,2499,2499,2499,2499,2499,799,799,10,0,4.761904716491699,0,0,0,5,5.263157844543457,0,5,0,0,0,0,100,4.761904716491699,80734.53973388672,261281.9273071289,0,404327403520,8589930496,5776125952,114688
10,1791573743633,2499,2500,800,800,800,800,799,800,2500,2499,2499,2499,2499,2499,799,799,10,0,4.761904716491699,0,0,0,5,5.263157844543457,0,5,0,0,0,0,100,4.761904716491699,80734.68841552734,261282.23608398438,0,404327403520,8589930496,5776125952,114688
9,1791573743644,2499,2500,800,800,800,800,799,800,2500,2499,2499,2499,2499,2499,799,799,10,0,4.761904716491699,0,0,0,5,5.263157844543457,0,5,0,0,0,0,100,4.761904716491699,80734.85278320313,261282.58172607422,0,404327403520,8589930496,5784055808,114688
9,1791573743654,2499,2500,800,800,800,800,799,800,2500,2499,2499,2499,2499,2499,799,799,10,0,4.761904716491699,0,0,0,5,5.263157844543457,0,5,0,0,0,0,100,4.761904716491699,80734.98754882813,261282.86309814453,0,404327403520,8589930496,5784055808,114688
9,1791573743664,2499,2500,800,800,800,800,799,800,2500,2499,2499,2499,2499,2499,799,799,10,0,4.761904716491699,0,0,0,5,5.263157844543457,0,5,0,0,0,0,100,4.761904716491699,80735.1488647461,261283.20782470703,0,404327403520,8589930496,5784055808,114688
9,1791573743674,2499,2500,800,800,800,800,799,800,2500,2499,2499,2499,2499,2499,799,799,10,0,4.761904716491699,0,0,0,5,5.263157844543457,0,5,0,0,0,0,100,4.761904716491699,80735.30322265625,261283.52032470703,0,404327403520,8589930496,5784055808,114688
9,1791573743684,2499,2500,800,800,800,800,799,800,2500,2499,2499,2499,2499,2499,799,799,10,0,4.761904716491699,0,0,0,5,5.263157844543457,0,5,0,0,0,0,100,4.761904716491699,80735.4497680664,261283.83569335938,0,404327403520,8589930496,5784055808,114688
9,1791573743694,2499,2500,800,800,800,800,799,800,2500,2499,2499,2499,2499,2499,799,799,10,0,4.761904716491699,0,0,0,5,5.263157844543457,0,5,0,0,0,0,100,4.761904716491699,80735.6011352539,261284.15106201172,0,404327403520,8589930496,5792481280,114688
10,1791573743704,2499,2500,800,800,800,800,799,800,2500,2499,2499,2499,2499,2499,799,799,10,0,4.761904716491699,0,0,0,5,5.263157844543457,0,5,0,0,0,0,100,4.761904716491699,80735.7523803711,261284.46435546875,0,404327403520,8589930496,5792481280,114688
9,1791573743714,2499,2500,800,800,800,800,799,800,2500,2499,2499,2499,2499,2499,799,799,10,0,4.761904716491699,0,0,0,5,5.263157844543457,0,5,0,0,0,0,100,4.761904716491699,80735.89868164063,261284.7724609375,0,404327403520,8589930496,5792481280,114688
9,1791573743724,2499,2500,800,800,800,800,799,800,2500,2499,2499,2499,2499,2499,799,799,10,0,4.761904716491699,0,0,0,5,5.263157844543457,0,5,0,0,0,0,100,4.761904716491699,80736.04681396484,261285.08666992188,0,404327403520,8589930496,5792481280,114688
10,1791573743734,2499,2500,800,800,800,800,799,800,2500,2499,2499,2499,2499,2499,799,799,10,0,4.761904716491699,0,0,0,5,5.263157844543457,0,5,0,0,0,0,100,4.761904716491699,80736.20050048828,261285.39794921875,0,404327403520,8589930496,5800906752,114688
9,1791573743744,2499,2500,800,800,800,800,799,800,2500,2499,2499,2499,2499,2499,799,799,10,0,4.761904716491699,0,0,0,5,5.263157844543457,0,5,0,0,0,0,100,4.761904716491699,80736.3550415039,261285.7124633789,0,404327403520,8589930496,5800906752,114688
9,1791573743754,2499,2500,800,800,800,800,799,800,2500,2499,2499,2499,2499,2499,799,799,10,0,4.761904716491699,0,0,0,5,5.263157844543457,0,5,0,0,0,0,100,4.761904716491699,80736.50939941406,261286.02490234375,0,404327403520,8589930496,5800906752,114688
9,1791573743764,2499,2500,800,800,800,800,799,800,2500,2499,2499,2499,2499,2499,799,799,10,0,4.761904716491699,0,0,0,5,5.263157844543457,0,5,0,0,0,0,100,4.761904716491699,80736.66009521484,261286.34216308594,0,404327403520,8589930496,5800906752,114688
10,1791573743774,2499,2500,800,800,800,800,799,800,2500,2499,2499,2499,2499,2499,799,799,10,0,4.761904716491699,0,0,0,5,5.263157844543457,0,5,0,0,0,0,100,4.761904716491699,80736.8115234375,261286.64971923828,0,404327403520,8589930496,5800906752,114688
9,1791573743785,2499,2500,800,800,800,800,799,800,2500,2499,2499,2499,2499,2499,799,799,10,0,4.761904716491699,0,0,0,5,5.263157844543457,0,5,0,0,0,0,100,4.761904716491699,80736.9624633789,261286.96673583984,0,404327403520,8589930496,5808836608,114688
9,1791573743795,2499,2500,800,800,800,800,799,800,2500,2499,2499,2499,2499,2499,799,799,10,0,4.761904716491699,0,0,0,5,5.263157844543457,0,5,0,0,0,0,100,4.761904716491699,80737.12377929688,261287.3115234375,0,404327403520,8589930496,5808836608,114688
9,1791573743805,2499,2500,800,800,800,800,799,800,2500,2499,2499,2499,2499,2499,799,799,10,0,4.761904716491699,0,0,0,5,5.263157844543457,0,5,0,0,0,0,100,4.761904716491699,80737.27795410156,261287.6224975586,0,404327403520,8589930496,5808836608,114688
9,1791573743815,2499,2500,800,800,800,800,799,800,2500,2499,2499,2499,2499,2499,799,799,0,0,0,0,0,0,0,9.523809432983398,0,0,0,0,0,0,100,0,80737.42260742188,261287.9380493164,0,404327403520,8589930496,5808836608,114688
9,1791573743825,2499,2500,800,800,800,800,799,800,2500,2499,2499,2499,2499,2499,799,799,0,0,0,0,0,0,0,9.523809432983398,0,0,0,0,0,0,100,0,80737.57177734375,261288.2534790039,0,404327403520,8589930496,5817262080,114688
9,1791573743835,2499,2500,800,800,800,800,799,800,2500,2499,2499,2499,2499,2499,799,799,0,0,0,0,0,0,0,9.523809432983398,0,0,0,0,0,0,100,0,80737.71936035156,261288.5703125,0,404327403520,8589930496,5817262080,114688
9,1791573743845,2499,2500,800,800,800,800,799,800,2500,2499,2499,2499,2499,2499,799,799,0,0,0,0,0,0,0,9.523809432983398,0,0,0,0,0,0,100,0,80737.86822509766,261288.88061523438,0,404327403520,8589930496,5817262080,114688
9,1791573743855,2499,2500,800,800,800,800,799,800,2500,2499,2499,2499,2499,2499,799,799,0,0,0,0,0,0,0,9.523809432983398,0,0,0,0,0,0,100,0,80738.01672363281,261289.1925048828,0,404327403520,8589930496,5817262080,114688
10,1791573743865,2499,2500,800,800,800,800,799,800,2500,2499,2499,2499,2499,2499,799,799,0,0,0,0,0,0,0,9.523809432983398,0,0,0,0,0,0,100,0,80738.16302490234,261289.50457763672,0,404327403520,8589930496,5817262080,114688
9,1791573743875,2499,2500,800,800,800,800,799,800,2500,2499,2499,2499,2499,2499,799,799,0,0,0,0,0,0,0,9.523809432983398,0,0,0,0,0,0,100,0,80738.31573486328,261289.81481933594,0,404327403520,8589930496,5825687552,114688
9,1791573743885,2499,2500,800,800,800,800,799,800,2500,2499,2499,2499,2499,2499,799,799,0,0,0,0,0,0,0,9.523809432983398,0,0,0,0,0,0,100,0,80738.46685791016,261290.1294555664,0,404327403520,8589930496,5825687552,114688
10,1791573743895,2499,2500,800,800,800,800,799,800,2500,2499,2499,2499,2499,2499,799,799,0,0,0,0,0,0,0,9.523809432983398,0,0,0,0,0,0,100,0,80738.61865234375,261290.44244384766,0,404327403520,8589930496,5825687552,114688
10,1791573743905,2499,2500,800,800,800,800,799,800,2500,2499,2499,2499,2499,2499,799,799,0,0,0,0,0,0,0,9.523809432983398,0,0,0,0,0,0,100,0,80738.76770019531,261290.75646972656,0,404327403520,8589930496,5825687552,114688
9,1791573743915,2499,2500,800,800,800,800,799,800,2500,2499,2499,2499,2499,2499,799,799,0,0,0,0,0,0,0,9.523809432983398,0,0,0,0,0,0,100,0,80738.91857910156,261291.06610107422,0,404327403520,8589930496,5825687552,114688
9,1791573743926,2499,2500,800,800,800,800,799,800,2500,2499,2499,2499,2499,2499,799,799,0,0,0,0,0,0,0,9.523809432983398,0,0,0,0,0,0,100,0,80739.06451416016,261291.3800048828,0,404327403520,8589930496,5833617408,114688
10,1791573743936,2499,2500,800,800,800,800,799,800,2500,2499,2499,2499,2499,2499,799,799,0,0,0,0,0,0,0,9.523809432983398,0,0,0,0,0,0,100,0,80739.21374511719,261291.69091796875,0,404327403520,8589930496,5833617408,114688
9,1791573743946,2499,2500,800,800,800,800,799,800,2500,2499,2499,2499,2499,2499,799,799,0,0,0,0,0,0,0,9.523809432983398,0,0,0,0,0,0,100,0,80739.3589477539,261292.00579833984,0,404327403520,8589930496,5833617408,114688
9,1791573743956,2499,2500,800,800,800,800,799,800,2500,2499,2499,2499,2499,2499,799,799,0,0,0,0,0,0,0,9.523809432983398,0,0,0,0,0,0,100,0,80739.5072631836,261292.31762695313,0,404327403520,8589930496,5833617408,114688
9,1791573743966,2499,2500,800,800,800,800,799,800,2500,2499,2499,2499,2499,2499,799,799,0,0,0,0,0,0,0,9.523809432983398,0,0,0,0,0,0,100,0,80739.65594482422,261292.62811279297,0,404327403520,8589930496,5842042880,114688
10,1791573743976,2499,2500,800,800,800,800,799,800,2500,2499,2499,2499,2499,2499,799,799,0,0,0,0,0,0,0,9.523809432983398,0,0,0,0,0,0,100,0,80739.80407714844,261292.93334960938,0,404327403520,8589930496,5842042880,114688
9,1791573743986,2499,2500,800,800,800,800,799,800,2500,2499,2499,2499,2499,2499,799,799,0,0,0,0,0,0,0,9.523809432983398,0,0,0,0,0,0,100,0,80739.94946289063,261293.24291992188,0,404327403520,8589930496,5842042880,114688
9,1791573743996,2499,2500,800,800,800,800,799,800,2500,2499,2499,2499,2499,2499,799,799,0,0,0,0,0,0,0,9.523809432983398,0,0,0,0,0,0,100,0,80740.11560058594,261293.58557128906,0,404327403520,8589930496,5842042880,114688
9,1791573744006,2499,2500,800,800,800,800,799,800,2500,2499,2499,2499,2499,2499,799,799,0,0,0,0,0,0,0,9.523809432983398,0,0,0,0,0,0,100,0,80740.26556396484,261293.90075683594,0,404327403520,8589930496,5842042880,114688
9,1791573744016,2499,2500,800,800,800,800,799,800,2500,2499,2499,2499,2499,2499,799,799,0,0,0,5,0,0,0,5.263157844543457,0,0,0,0,5,0,100,0,80740.41918945313,261294.21185302734,0,404327403520,8589930496,5850468352,114688
9,1791573744026,2499,2500,800,800,800,800,799,800,2500,2499,2499,2499,2499,2499,799,799,0,0,0,5,0,0,0,5.263157844543457,0,0,0,0,5,0,100,0,80740.56768798828,261294.52600097656,0,404327403520,8589930496,5850468352,114688
10,1791573744036,2499,2500,800,800,800,800,799,800,2500,2499,2499,2499,2499,2499,799,799,0,0,0,5,0,0,0,5.263157844543457,0,0,0,0,5,0,100,0,80740.7211303711,261294.83404541016,0,404327403520,8589930496,5850468352,114688
9,1791573744046,2499,2500,800,800,800,800,799,800,2500,2499,2499,2499,2499,2499,799,799,0,0,0,5,0,0,0,5.263157844543457,0,0,0,0,5,0,100,0,80740.8687133789,261295.14477539063,0,404327403520,8589930496,5850468352,114688
9,1791573744056,2499,2500,800,800,800,800,799,800,2500,2499,2499,2499,2499,2499,799,799,0,0,0,5,0,0,0,5.263157844543457,0,0,0,0,5,0,100,0,80741.02142333984,261295.45629882813,0,404327403520,8589930496,5858398208,114688
9,1791573744067,2499,2500,800,800,800,800,799,800,2500,2499,2499,2499,2499,2499,799,799,0,0,0,5,0,0,0,5.263157844543457,0,0,0,0,5,0,100,0,80741.16979980469,261295.7705078125,0,404327403520,8589930496,5858398208,114688
9,1791573744077,2499,2500,800,800,800,800,799,800,2500,2499,2499,2499,2499,2499,799,799,0,0,0,5,0,0,0,5.263157844543457,0,0,0,0,5,0,100,0,80741.32312011719,261296.07983398438,0,404327403520,8589930496,5858398208,114688
9,1791573744087,2499,2500,800,800,800,800,799,800,2500,2499,2499,2499,2499,2499,799,799,0,0,0,5,0,0,0,5.263157844543457,0,0,0,0,5,0,100,0,80741.46887207031,261296.39044189453,0,404327403520,8589930496,5858398208,114688
9,1791573744097,2499,2500,800,800,800,800,799,800,2500,2499,2499,2499,2499,2499,799,799,0,0,0,5,0,0,0,5.263157844543457,0,0,0,0,5,0,100,0,80741.62103271484,261296.7035522461,0,404327403520,8589930496,5858398208,114688
10,1791573744107,2499,2500,800,800,800,800,799,800,2500,2499,2499,2499,2499,2499,799,799,0,0,0,5,0,0,0,5.263157844543457,0,0,0,0,5,0,100,0,80741.77276611328,261297.01568603516,0,404327403520,8589930496,5866835968,114688
9,1791573744117,2499,2500,800,800,800,800,799,800,2500,2499,2499,2499,2499,2499,799,799,0,0,0,5,0,0,0,5.263157844543457,0,0,0,0,5,0,100,0,80741.92108154297,261297.32751464844,0,404327403520,8589930496,5866835968,114688
9,1791573744127,2499,2500,800,800,800,800,799,800,2500,2499,2499,2499,2499,2499,799,799,0,0,0,5,0,0,0,5.263157844543457,0,0,0,0,5,0,100,0,80742.07232666016,261297.64233398438,0,404327403520,8589930496,5866835968,114688
9,1791573744137,2499,2500,800,800,800,800,799,800,2500,2499,2499,2499,2499,2499,799,799,0,0,0,5,0,0,0,5.263157844543457,0,0,0,0,5,0,100,0,80742.22088623047,261297.95574951172,0,404327403520,8589930496,5866835968,114688
9,1791573744147,2499,2500,800,800,800,800,799,800,2500,2499,2499,2499,2499,2499,799,799,0,0,0,5,0,0,0,5.263157844543457,0,0,0,0,5,0,100,0,80742.37103271484,261298.26593017578,0,404327403520,8589930496,5874765824,114688
9,1791573744157,2499,2500,800,800,800,800,799,800,2500,2499,2499,2499,2499,2499,799,799,0,0,0,5,0,0,0,5.263157844543457,0,0,0,0,5,0,100,0,80742.53344726563,261298.61206054688,0,404327403520,8589930496,5874765824,114688
9,1791573744167,2499,2500,800,800,800,800,799,800,2500,2499,2499,2499,2499,2499,799,799,0,0,0,5,0,0,0,5.263157844543457,0,0,0,0,5,0,100,0,80742.68341064453,261298.9295654297,0,404327403520,8589930496,5874507776,114688
10,1791573744177,2499,2500,800,800,800,800,799,800,2500,2499,2499,2499,2499,2499,799,799,0,0,0,5,0,0,0,5.263157844543457,0,0,0,0,5,0,100,0,80742.83557128906,261299.23779296875,0,404327403520,8589930496,5874507776,114688
10,1791573744187,2499,2500,800,800,800,800,799,800,2500,2499,2499,2499,2499,2499,799,799,0,0,0,5,0,0,0,5.263157844543457,0,0,0,0,5,0,100,0,80742.98699951172,261299.5433959961,0,404327403520,8589930496,5874507776,114688
10,1791573744197,2499,2500,800,800,800,800,799,800,2500,2499,2499,2499,2499,2499,799,799,0,0,0,5,0,0,0,5.263157844543457,0,0,0,0,5,0,100,0,80743.13787841797,261299.8592529297,0,404327403520,8589930496,5882933248,114688
9,1791573744208,2499,2500,800,800,800,800,799,800,2500,2499,2499,2499,2499,2499,799,799,0,0,0,5,0,0,0,5.263157844543457,0,0,0,0,5,0,100,0,80743.28985595703,261300.1704711914,0,404327403520,8589930496,5882933248,114688
9,1791573744218,2499,2500,800,800,800,800,799,800,2500,2499,2499,2499,2499,2499,799,799,5.263157844543457,0,0,0,0,0,0,0,0,0,0,0,0,0,100,0,80743.43817138672,261300.48065185547,0,404327403520,8589930496,5882933248,114688
9,1791573744228,2499,2500,800,800,800,800,799,800,2500,2499,2499,2499,2499,2499,799,799,5.263157844543457,0,0,0,0,0,0,0,0,0,0,0,0,0,100,0,80743.58923339844,261300.7915649414,0,404327403520,8589930496,5882933248,114688
9,1791573744238,2499,2500,800,800,800,800,799,800,2500,2499,2499,2499,2499,2499,799,799,5.263157844543457,0,0,0,0,0,0,0,0,0,0,0,0,0,100,0,80743.7359008789,261301.10723876953,0,404327403520,8589930496,5890863104,114688
9,1791573744248,2499,2500,800,800,800,800,799,800,2500,2499,2499,2499,2499,2499,799,799,5.263157844543457,0,0,0,0,0,0,0,0,0,0,0,0,0,100,0,80743.8876953125,261301.4141845703,0,404327403520,8589930496,5890863104,114688
9,1791573744258,2499,2500,800,800,800,800,799,800,2500,2499,2499,2499,2499,2499,799,799,5.263157844543457,0,0,0,0,0,0,0,0,0,0,0,0,0,100,0,80744.03161621094,261301.728515625,0,404327403520,8589930496,5890863104,114688
9,1791573744268,2499,2500,800,800,800,800,799,800,2500,2499,2499,2499,2499,2499,799,799,5.263157844543457,0,0,0,0,0,0,0,0,0,0,0,0,0,100,0,80744.17895507813,261302.04357910156,0,404327403520,8589930496,5890863104,114688
9,1791573744278,2499,2500,800,800,800,800,799,800,2500,2499,2499,2499,2499,2499,799,799,5.263157844543457,0,0,0,0,0,0,0,0,0,0,0,0,0,100,0,80744.32745361328,261302.35455322266,0,404327403520,8589930496,5890863104,114688
9,1791573744288,2499,2500,800,800,800,800,799,800,2500,2499,2499,2499,2499,2499,799,799,5.263157844543457,0,0,0,0,0,0,0,0,0,0,0,0,0,100,0,80744.47961425781,261302.66961669922,0,404327403520,8589930496,5899288576,114688
9,1791573744298,2499,2500,800,800,800,800,799,800,2500,2499,2499,2499,2499,2499,799,799,5.263157844543457,0,0,0,0,0,0,0,0,0,0,0,0,0,100,0,80744.62957763672,261302.9786376953,0,404327403520,8589930496,5899288576,114688
10,1791573744308,2499,2500,800,800,800,800,799,800,2500,2499,2499,2499,2499,2499,799,799,5.263157844543457,0,0,0,0,0,0,0,0,0,0,0,0,0,100,0,80744.77990722656,261303.28619384766,0,404327403520,8589930496,5899288576,114688
9,1791573744318,2499,2500,800,800,800,800,799,800,2500,2499,2499,2499,2499,2499,799,799,5.263157844543457,0,0,0,0,0,0,0,0,0,0,0,0,0,100,0,80744.9384765625,261303.62768554688,0,404327403520,8589930496,5899288576,114688
9,1791573744328,2499,2500,800,800,800,800,799,800,2500,2499,2499,2499,2499,2499,799,799,5.263157844543457,0,0,0,0,0,0,0,0,0,0,0,0,0,100,0,80745.08367919922,261303.9376220703,0,404327403520,8589930496,5907714048,114688
9,1791573744338,2499,2500,800,800,800,800,799,800,2500,2499,2499,2499,2499,2499,799,799,5.263157844543457,0,0,0,0,0,0,0,0,0,0,0,0,0,100,0,80745.23474121094,261304.25103759766,0,404327403520,8589930496,5907714048,114688
9,1791573744349,2499,2500,800,800,800,800,799,800,2500,2499,2499,2499,2499,2499,799,799,5.263157844543457,0,0,0,0,0,0,0,0,0,0,0,0,0,100,0,80745.38049316406,261304.56481933594,0,404327403520,8589930496,5907714048,114688
10,1791573744358,2499,2500,800,800,800,800,799,800,2500,2499,2499,2499,2499,2499,799,799,5.263157844543457,0,0,0,0,0,0,0,0,0,0,0,0,0,100,0,80745.52807617188,261304.87799072266,0,404327403520,8589930496,5907714048,114688
9,1791573744369,2499,2500,800,800,800,800,799,800,2500,2499,2499,2499,2499,2499,799,799,5.263157844543457,0,0,0,0,0,0,0,0,0,0,0,0,0,100,0,80745.67639160156,261305.19165039063,0,404327403520,8589930496,5915643904,114688
9,1791573744379,2499,2500,800,800,800,800,799,800,2500,2499,2499,2499,2499,2499,799,799,5.263157844543457,0,0,0,0,0,0,0,0,0,0,0,0,0,100,0,80745.82489013672,261305.50262451172,0,404327403520,8589930496,5915643904,114688
9,1791573744389,2499,2500,800,800,800,800,799,800,2500,2499,2499,2499,2499,2499,799,799,5.263157844543457,0,0,0,0,0,0,0,0,0,0,0,0,0,100,0,80745.9721069336,261305.81604003906,0,404327403520,8589930496,5915643904,114688
9,1791573744399,2499,2500,800,800,800,800,799,800,2500,2499,2499,2499,2499,2499,799,799,5.263157844543457,0,0,0,0,0,0,0,0,0,0,0,0,0,100,0,80746.12023925781,261306.13305664063,0,404327403520,8589930496,5915643904,114688
9,1791573744409,2499,2500,800,800,800,800,799,800,2500,2499,2499,2499,2499,2499,799,799,5.263157844543457,0,0,0,0,0,0,0,0,0,0,0,0,0,100,0,80746.26654052734,261306.44696044922,0,404327403520,8589930496,5915643904,114688
9,1791573744419,2499,2500,800,800,800,800,799,800,2500,2499,2499,2499,2499,2499,799,799,5.263157844543457,0,0,0,0,0,0,10,0,0,5,0,0,0,100,0,80746.41320800781,261306.75561523438,0,404327403520,8589930496,5924069376,114688
9,1791573744429,2499,2500,800,800,800,800,799,800,2500,2499,2499,2499,2499,2499,799,799,5.263157844543457,0,0,0,0,0,0,10,0,0,5,0,0,0,100,0,80746.56536865234,261307.07299804688,0,404327403520,8589930496,5924069376,114688
10,1791573744439,2499,2500,800,800,800,800,799,800,2500,2499,2499,2499,2499,2499,799,799,5.263157844543457,0,0,0,0,0,0,10,0,0,5,0,0,0,100,0,80746.71478271484,261307.38055419922,0,404327403520,8589930496,5924069376,114688
9,1791573744449,2499,2500,800,800,800,800,799,800,2500,2499,2499,2499,2499,2499,799,799,5.263157844543457,0,0,0,0,0,0,10,0,0,5,0,0,0,100,0,80746.86181640625,261307.6919555664,0,404327403520,8589930496,5924069376,114688
9,1791573744459,2499,2500,800,800,800,800,799,800,2500,2499,2499,2499,2499,2499,799,799,5.263157844543457,0,0,0,0,0,0,10,0,0,5,0,0,0,100,0,80747.0126953125,261308.00927734375,0,404327403520,8589930496,5932494848,114688
9,1791573744469,2499,2500,800,800,800,800,799,800,2500,2499,2499,2499,2499,2499,799,799,5.263157844543457,0,0,0,0,0,0,10,0,0,5,0,0,0,100,0,80747.16680908203,261308.32196044922,0,404327403520,8589930496,5932494848,114688
9,1791573744479,2499,2500,800,800,800,800,799,800,2500,2499,2499,2499,2499,2499,799,799,5.263157844543457,0,0,0,0,0,0,10,0,0,5,0,0,0,100,0,80747.33044433594,261308.6655883789,0,404327403520,8589930496,5932494848,114688
9,1791573744489,2499,2500,800,800,800,800,799,800,2500,2499,2499,2499,2499,2499,799,799,5.263157844543457,0,0,0,0,0,0,10,0,0,5,0,0,0,100,0,80747.48425292969,261308.97650146484,0,404327403520,8589930496,5932494848,114688
9,1791573744500,2499,2500,800,800,800,800,799,800,2500,2499,2499,2499,2499,2499,799,799,5.263157844543457,0,0,0,0,0,0,10,0,0,5,0,0,0,100,0,80747.62963867188,261309.2880859375,0,404327403520,8589930496,5932494848,114688
9,1791573744510,2499,2500,800,800,800,800,799,800,2500,2499,2499,2499,2499,2499,799,799,5.263157844543457,0,0,0,0,0,0,10,0,0,5,0,0,0,100,0,80747.77685546875,261309.59765625,0,404327403520,8589930496,5940424704,114688
9,1791573744520,2499,2500,800,800,800,800,799,800,2500,2499,2499,2499,2499,2499,799,799,5.263157844543457,0,0,0,0,0,0,10,0,0,5,0,0,0,100,0,80747.92169189453,261309.90673828125,0,404327403520,8589930496,5940424704,114688
9,1791573744530,2499,2500,800,800,800,800,799,800,2500,2499,2499,2499,2499,2499,799,799,5.263157844543457,0,0,0,0,0,0,10,0,0,5,0,0,0,100,0,80748.0726928711,261310.2212524414,0,404327403520,8589930496,5940424704,114688
9,1791573744540,2499,2500,800,800,800,800,799,800,2500,2499,2499,2499,2499,2499,799,799,5.263157844543457,0,0,0,0,0,0,10,0,0,5,0,0,0,100,0,80748.22064208984,261310.53344726563,0,404327403520,8589930496,5940424704,114688
9,1791573744550,2499,2500,800,800,800,800,799,800,2500,2499,2499,2499,2499,2499,799,799,5.263157844543457,0,0,0,0,0,0,10,0,0,5,0,0,0,100,0,80748.37078857422,261310.84600830078,0,404327403520,8589930496,5940424704,114688
9,1791573744560,2499,2500,800,800,800,800,799,800,2500,2499,2499,2499,2499,2499,799,799,5.263157844543457,0,0,0,0,0,0,10,0,0,5,0,0,0,100,0,80748.52703857422,261311.16278076172,0,404327403520,8589930496,5948850176,114688
10,1791573744570,2499,2500,800,800,800,800,799,800,2500,2499,2499,2499,2499,2499,799,799,5.263157844543457,0,0,0,0,0,0,10,0,0,5,0,0,0,100,0,80748.67297363281,261311.47369384766,0,404327403520,8589930496,5948850176,114688
10,1791573744580,2499,2500,800,800,800,800,799,800,2500,2499,2499,2499,2499,2499,799,799,5.263157844543457,0,0,0,0,0,0,10,0,0,5,0,0,0,100,0,80748.8178100586,261311.78192138672,0,404327403520,8589930496,5948850176,114688
9,1791573744590,2499,2500,800,800,800,800,799,800,2500,2499,2499,2499,2499,2499,799,799,5.263157844543457,0,0,0,0,0,0,10,0,0,5,0,0,0,100,0,80748.9624633789,261312.09350585938,0,404327403520,8589930496,5948850176,114688
9,1791573744600,2499,2500,800,800,800,800,799,800,2500,2499,2499,2499,2499,2499,799,799,5.263157844543457,0,0,0,0,0,0,10,0,0,5,0,0,0,100,0,80749.11169433594,261312.40295410156,0,404327403520,8589930496,5948850176,114688
10,1791573744610,2499,2500,800,800,800,800,799,800,2500,2499,2499,2499,2499,2499,799,799,5.263157844543457,0,0,0,0,0,0,10,0,0,5,0,0,0,100,0,80749.26348876953,261312.71807861328,0,404327403520,8589930496,5948850176,114688
9,1791573744620,2499,2500,800,800,800,800,799,800,2500,2499,2499,2499,2499,2499,799,799,5,0,0,0,0,0,0,5,0,0,0,0,5,5,100,0,80749.41583251953,261313.03063964844,0,404327403520,8589930496,5948850176,114688
9,1791573744630,2499,2500,800,800,800,800,799,800,2500,2499,2499,2499,2499,2499,799,799,5,0,0,0,0,0,0,5,0,0,0,0,5,5,100,0,80749.56115722656,261313.34857177734,0,404327403520,8589930496,5948850176,114688
10,1791573744640,2499,2500,800,800,800,800,799,800,2500,2499,2499,2499,2499,2499,799,799,5,0,0,0,0,0,0,5,0,0,0,0,5,5,100,0,80749.71203613281,261313.65966796875,0,404327403520,8589930496,5948850176,114688
9,1791573744651,2499,2500,800,800,800,800,799,800,2500,2499,2499,2499,2499,2499,799,799,5,0,0,0,0,0,0,5,0,0,0,0,5,5,100,0,80749.87518310547,261314.00634765625,0,404327403520,8589930496,5948850176,114688
9,1791573744661,2499,2500,800,800,800,800,799,800,2500,2499,2499,2499,2499,2499,799,799,5,0,0,0,0,0,0,5,0,0,0,0,5,5,100,0,80750.02185058594,261314.3175048828,0,404327403520,8589930496,5948850176,114688
9,1791573744671,2499,2500,800,800,800,800,799,800,2500,2499,2499,2499,2499,2499,799,799,5,0,0,0,0,0,0,5,0,0,0,0,5,5,100,0,80750.16925048828,261314.6343383789,0,404327403520,8589930496,5948850176,114688
9,1791573744681,2499,2500,800,800,800,800,799,800,2500,2499,2499,2499,2499,2499,799,799,5,0,0,0,0,0,0,5,0,0,0,0,5,5,100,0,80750.3189086914,261314.94702148438,0,404327403520,8589930496,5948850176,114688
9,1791573744691,2499,2500,800,800,800,800,799,800,2500,2499,2499,2499,2499,2499,799,799,5,0,0,0,0,0,0,5,0,0,0,0,5,5,100,0,80750.46765136719,261315.26190185547,0,404327403520,8589930496,5948850176,114688
9,1791573744701,2499,2500,800,800,800,800,799,800,2500,2499,2499,2499,2499,2499,799,799,5,0,0,0,0,0,0,5,0,0,0,0,5,5,100,0,80750.61669921875,261315.57830810547,0,404327403520,8589930496,5948850176,114688
9,1791573744711,2499,2500,800,800,800,800,799,800,2500,2499,2499,2499,2499,2499,799,799,5,0,0,0,0,0,0,5,0,0,0,0,5,5,100,0,80750.76135253906,261315.88891601563,0,404327403520,8589930496,5948850176,114688
9,1791573744721,2499,2500,800,800,800,800,799,800,2500,2499,2499,2499,2499,2499,799,799,5,0,0,0,0,0,0,5,0,0,0,0,5,5,100,0,80750.90930175781,261316.20385742188,0,404327403520,8589930496,5948850176,114688
10,1791573744731,2499,2500,800,800,800,800,799,800,2500,2499,2499,2499,2499,2499,799,799,5,0,0,0,0,0,0,5,0,0,0,0,5,5,100,0,80751.05670166016,261316.51593017578,0,404327403520,8589930496,5948850176,114688
9,1791573744741,2499,2500,800,800,800,800,799,800,2500,2499,2499,2499,2499,2499,799,799,5,0,0,0,0,0,0,5,0,0,0,0,5,5,100,0,80751.21124267578,261316.83526611328,0,404327403520,8589930496,5948850176,114688
9,1791573744751,2499,2500,800,800,800,800,799,800,2500,2499,2499,2499,2499,2499,799,799,5,0,0,0,0,0,0,5,0,0,0,0,5,5,100,0,80751.36218261719,261317.1534423828,0,404327403520,8589930496,5948850176,114688
9,1791573744761,2499,2500,800,800,800,800,799,800,2500,2499,2499,2499,2499,2499,799,799,5,0,0,0,0,0,0,5,0,0,0,0,5,5,100,0,80751.51452636719,261317.4722290039,0,404327403520,8589930496,5948850176,114688
10,1791573744771,2499,2500,800,800,800,800,799,800,2500,2499,2499,2499,2499,2499,799,799,5,0,0,0,0,0,0,5,0,0,0,0,5,5,100,0,80751.66888427734,261317.7821044922,0,404327403520,8589930496,5948850176,114688
10,1791573744782,2499,2500,800,800,800,800,799,800,2500,2499,2499,2499,2499,2499,799,799,5,0,0,0,0,0,0,5,0,0,0,0,5,5,100,0,80751.81939697266,261318.09698486328,0,404327403520,8589930496,5948850176,114688
9,1791573744792,2499,2500,800,800,800,800,799,800,2500,2499,2499,2499,2499,2499,799,799,5,0,0,0,0,0,0,5,0,0,0,0,5,5,100,0,80751.98748779297,261318.4443359375,0,404327403520,8589930496,5948850176,114688
9,1791573744802,2499,2500,800,800,800,800,799,800,2500,2499,2499,2499,2499,2499,799,799,5,0,0,0,0,0,0,5,0,0,0,0,5,5,100,0,80752.14038085938,261318.75262451172,0,404327403520,8589930496,5948850176,114688
9,1791573744812,2499,2500,800,800,800,800,799,800,2500,2499,2499,2499,2499,2499,799,799,5,0,0,0,0,0,0,5,0,0,0,0,5,5,100,0,80752.28723144531,261319.0682373047,0,404327403520,8589930496,5948850176,114688
9,1791573744822,2499,2500,800,800,800,800,799,800,2500,2499,2499,2499,2499,2499,799,799,10,0,0,0,0,0,0,5,0,5,4.761904716491699,0,0,0,100,0,80752.43426513672,261319.38439941406,0,404327403520,8589930496,5948850176,114688
9,1791573744832,2499,2500,800,800,800,800,799,800,2500,2499,2499,2499,2499,2499,799,799,10,0,0,0,0,0,0,5,0,5,4.761904716491699,0,0,0,100,0,80752.58612060547,261319.69787597656,0,404327403520,8589930496,5948850176,114688
9,1791573744842,2499,2500,800,800,800,800,799,800,2500,2499,2499,2499,2499,2499,799,799,10,0,0,0,0,0,0,5,0,5,4.761904716491699,0,0,0,100,0,80752.73846435547,261320.00830078125,0,404327403520,8589930496,5948850176,114688
9,1791573744852,2499,2500,800,800,800,800,799,800,2500,2499,2499,2499,2499,2499,799,799,10,0,0,0,0,0,0,5,0,5,4.761904716491699,0,0,0,100,0,80752.88208007813,261320.32250976563,0,404327403520,8589930496,5948850176,114688
9,1791573744862,2499,2500,800,800,800,800,799,800,2500,2499,2499,2499,2499,2499,799,799,10,0,0,0,0,0,0,5,0,5,4.761904716491699,0,0,0,100,0,80753.02709960938,261320.6339111328,0,404327403520,8589930496,5948850176,114688
9,1791573744872,2499,2500,800,800,800,800,799,800,2500,2499,2499,2499,2499,2499,799,799,10,0,0,0,0,0,0,5,0,5,4.761904716491699,0,0,0,100,0,80753.17980957031,261320.95013427734,0,404327403520,8589930496,5948850176,114688
10,1791573744882,2499,2500,800,800,800,800,799,800,2500,2499,2499,2499,2499,2499,799,799,10,0,0,0,0,0,0,5,0,5,4.761904716491699,0,0,0,100,0,80753.32794189453,261321.2666015625,0,404327403520,8589930496,5948850176,114688
9,1791573744892,2499,2500,800,800,800,800,799,800,2500,2499,2499,2499,2499,2499,799,799,10,0,0,0,0,0,0,5,0,5,4.761904716491699,0,0,0,100,0,80753.47973632813,261321.58026123047,0,404327403520,8589930496,5948850176,114688
9,1791573744903,2499,2500,800,800,800,800,799,800,2500,2499,2499,2499,2499,2499,799,799,10,0,0,0,0,0,0,5,0,5,4.761904716491699,0,0,0,100,0,80753.62255859375,261321.89416503906,0,404327403520,8589930496,5948850176,114688
9,1791573744913,2499,2500,800,800,800,800,799,800,2500,2499,2499,2499,2499,2499,799,799,10,0,0,0,0,0,0,5,0,5,4.761904716491699,0,0,0,100,0,80753.76684570313,261322.20141601563,0,404327403520,8589930496,5948850176,114688
9,1791573744923,2499,2500,800,800,800,800,799,800,2500,2499,2499,2499,2499,2499,799,799,10,0,0,0,0,0,0,5,0,5,4.761904716491699,0,0,0,100,0,80753.91369628906,261322.51104736328,0,404327403520,8589930496,5948850176,114688
9,1791573744933,2499,2500,800,800,800,800,799,800,2500,2499,2499,2499,2499,2499,799,799,10,0,0,0,0,0,0,5,0,5,4.761904716491699,0,0,0,100,0,80754.06475830078,261322.822265625,0,404327403520,8589930496,5948850176,114688
9,1791573744943,2499,2500,800,800,800,800,799,800,2500,2499,2499,2499,2499,2499,799,799,10,0,0,0,0,0,0,5,0,5,4.761904716491699,0,0,0,100,0,80754.22839355469,261323.16723632813,0,404327403520,8589930496,5948850176,114688
9,1791573744953,2499,2500,800,800,800,800,799,800,2500,2499,2499,2499,2499,2499,799,799,10,0,0,0,0,0,0,5,0,5,4.761904716491699,0,0,0,100,0,80754.36096191406,261323.45904541016,0,404327403520,8589930496,5948850176,114688
10,1791573744963,2499,2500,800,800,800,800,799,800,2500,2499,2499,2499,2499,2499,799,799,10,0,0,0,0,0,0,5,0,5,4.761904716491699,0,0,0,100,0,80754.5048828125,261323.75982666016,0,404327403520,8589930496,5948850176,114688
9,1791573744973,2499,2500,800,800,800,800,799,800,2500,2499,2499,2499,2499,2499,799,799,10,0,0,0,0,0,0,5,0,5,4.761904716491699,0,0,0,100,0,80754.6484375,261324.0721435547,0,404327403520,8589930496,5948850176,114688
9,1791573744983,2499,2500,800,800,800,800,799,800,2500,2499,2499,2499,2499,2499,799,799,10,0,0,0,0,0,0,5,0,5,4.761904716491699,0,0,0,100,0,80754.8090209961,261324.41668701172,0,404327403520,8589930496,5948850176,114688
9,1791573744993,2499,2500,800,800,800,800,799,800,2500,2499,2499,2499,2499,2499,799,799,10,0,0,0,0,0,0,5,0,5,4.761904716491699,0,0,0,100,0,80754.9467163086,261324.69793701172,0,404327403520,8589930496,5948850176,114688
9,1791573745003,2499,2500,800,800,800,800,799,800,2500,2499,2499,2499,2499,2499,799,799,10,0,0,0,0,0,0,5,0,5,4.761904716491699,0,0,0,100,0,80755.11279296875,261325.05151367188,0,404327403520,8589930496,5948850176,114688
9,1791573745013,2499,2500,800,800,800,800,799,800,2500,2499,2499,2499,2499,2499,799,799,10,0,0,0,0,0,0,5,0,5,4.761904716491699,0,0,0,100,0,80755.26110839844,261325.3564453125,0,404327403520,8589930496,5948850176,114688
9,1791573745023,2499,2500,800,800,800,800,799,800,2500,2499,2499,2499,2499,2499,799,799,0,0,4.761904716491699,0,0,0,0,10,0,0,0,0,0,0,100,0,80755.40814208984,261325.6742553711,0,404327403520,8589930496,5948850176,114688
10,1791573745033,2499,2500,800,800,800,800,799,800,2500,2499,2499,2499,2499,2499,799,799,0,0,4.761904716491699,0,0,0,0,10,0,0,0,0,0,0,100,0,80755.55346679688,261325.9833984375,0,404327403520,8589930496,5948850176,114688
10,1791573745043,2499,2500,800,800,800,800,799,800,2500,2499,2499,2499,2499,2499,799,799,0,0,4.761904716491699,0,0,0,0,10,0,0,0,0,0,0,100,0,80755.70385742188,261326.2957763672,0,404327403520,8589930496,5948850176,114688
9,1791573745053,2499,2500,800,800,800,800,799,800,2500,2499,2499,2499,2499,2499,799,799,0,0,4.761904716491699,0,0,0,0,10,0,0,0,0,0,0,100,0,80755.85034179688,261326.60614013672,0,404327403520,8589930496,5948850176,114688
9,1791573745064,2499,2500,800,800,800,800,799,800,2500,2499,2499,2499,2499,2499,799,799,0,0,4.761904716491699,0,0,0,0,10,0,0,0,0,0,0,100,0,80755.99639892578,261326.916015625,0,404327403520,8589930496,5948850176,114688
9,1791573745074,2499,2500,800,800,800,800,799,800,2500,2499,2499,2499,2499,2499,799,799,0,0,4.761904716491699,0,0,0,0,10,0,0,0,0,0,0,100,0,80756.14050292969,261327.22778320313,0,404327403520,8589930496,5948850176,114688
9,1791573745084,2499,2500,800,800,800,800,799,800,2500,2499,2499,2499,2499,2499,799,799,0,0,4.761904716491699,0,0,0,0,10,0,0,0,0,0,0,100,0,80756.28698730469,261327.54229736328,0,404327403520,8589930496,5948850176,114688
10,1791573745094,2499,2500,800,800,800,800,799,800,2500,2499,2499,2499,2499,2499,799,799,0,0,4.761904716491699,0,0,0,0,10,0,0,0,0,0,0,100,0,80756.43035888672,261327.8514404297,0,404327403520,8589930496,5948850176,114688
9,1791573745104,2499,2500,800,800,800,800,799,800,2500,2499,2499,2499,2499,2499,799,799,0,0,4.761904716491699,0,0,0,0,10,0,0,0,0,0,0,100,0,80756.58020019531,261328.16082763672,0,404327403520,8589930496,5948850176,114688
9,1791573745114,2499,2500,800,800,800,800,799,800,2500,2499,2499,2499,2499,2499,799,799,0,0,4.761904716491699,0,0,0,0,10,0,0,0,0,0,0,100,0,80756.72723388672,261328.47149658203,0,404327403520,8589930496,5948850176,114688
9,1791573745124,2499,2500,800,800,800,800,799,800,2500,2499,2499,2499,2499,2499,799,799,0,0,4.761904716491699,0,0,0,0,10,0,0,0,0,0,0,100,0,80756.8783569336,261328.78161621094,0,404327403520,8589930496,5948850176,114688
9,1791573745134,2499,2500,800,800,800,800,799,800,2500,2499,2499,2499,2499,2499,799,799,0,0,4.761904716491699,0,0,0,0,10,0,0,0,0,0,0,100,0,80757.04370117188,261329.1234741211,0,404327403520,8589930496,5947961344,114688
10,1791573745144,2499,2500,800,800,800,800,799,800,2500,2499,2499,2499,2499,2499,799,799,0,0,4.761904716491699,0,0,0,0,10,0,0,0,0,0,0,100,0,80757.17852783203,261329.4061279297,0,404327403520,8589930496,5947961344,114688
9,1791573745154,2499,2500,800,800,800,800,799,800,2500,2499,2499,2499,2499,2499,799,799,0,0,4.761904716491699,0,0,0,0,10,0,0,0,0,0,0,100,0,80757.3433227539,261329.74841308594,0,404327403520,8589930496,5947961344,114688
10,1791573745164,2499,2500,800,800,800,800,799,800,2500,2499,2499,2499,2499,2499,799,799,0,0,4.761904716491699,0,0,0,0,10,0,0,0,0,0,0,100,0,80757.47827148438,261330.03063964844,0,404327403520,8589930496,5947961344,114688
9,1791573745174,2499,2500,800,800,800,800,799,800,2500,2499,2499,2499,2499,2499,799,799,0,0,4.761904716491699,0,0,0,0,10,0,0,0,0,0,0,100,0,80757.64489746094,261330.37274169922,0,404327403520,8589930496,5947961344,114688
10,1791573745184,2499,2500,800,800,800,800,799,800,2500,2499,2499,2499,2499,2499,799,799,0,0,4.761904716491699,0,0,0,0,10,0,0,0,0,0,0,100,0,80757.79174804688,261330.68518066406,0,404327403520,8589930496,5947961344,114688
9,1791573745195,2499,2500,800,800,800,800,799,800,2500,2499,2499,2499,2499,2499,799,799,0,0,4.761904716491699,0,0,0,0,10,0,0,0,0,0,0,100,0,80757.94213867188,261331.0014038086,0,404327403520,8589930496,5947961344,114688
9,1791573745205,2499,2500,800,800,800,800,799,800,2500,2499,2499,2499,2499,2499,799,799,0,0,4.761904716491699,0,0,0,0,10,0,0,0,0,0,0,100,0,80758.0932006836,261331.314453125,0,404327403520,8589930496,5947961344,114688
10,1791573745215,2499,2500,800,800,800,800,799,800,2500,2499,2499,2499,2499,2499,799,799,0,0,4.761904716491699,0,0,0,0,10,0,0,0,0,0,0,100,0,80758.24243164063,261331.6297607422,0,404327403520,8589930496,5947961344,114688
10,1791573745225,2499,2500,800,800,800,800,799,800,2500,2499,2499,2499,2499,2499,799,799,0,0,0,0,4.761904716491699,0,0,0,5,0,0,0,0,0,100,0,80758.39166259766,261331.9383544922,0,404327403520,8589930496,5947961344,114688
9,1791573745235,2499,2500,800,800,800,800,799,800,2500,2499,2499,2499,2499,2499,799,799,0,0,0,0,4.761904716491699,0,0,0,5,0,0,0,0,0,100,0,80758.5443725586,261332.24975585938,0,404327403520,8589930496,5947961344,114688
9,1791573745245,2499,2500,800,800,800,800,799,800,2500,2499,2499,2499,2499,2499,799,799,0,0,0,0,4.761904716491699,0,0,0,5,0,0,0,0,0,100,0,80758.69830322266,261332.56225585938,0,404327403520,8589930496,5947961344,114688
9,1791573745255,2499,2500,800,800,800,800,799,800,2500,2499,2499,2499,2499,2499,799,799,0,0,0,0,4.761904716491699,0,0,0,5,0,0,0,0,0,100,0,80758.85192871094,261332.8724975586,0,404327403520,8589930496,5947961344,114688
9,1791573745265,2499,2500,800,800,800,800,799,800,2500,2499,2499,2499,2499,2499,799,799,0,0,0,0,4.761904716491699,0,0,0,5,0,0,0,0,0,100,0,80758.99969482422,261333.18585205078,0,404327403520,8589930496,5947961344,114688
9,1791573745275,2499,2500,800,800,800,800,799,800,2500,2499,2499,2499,2499,2499,799,799,0,0,0,0,4.761904716491699,0,0,0,5,0,0,0,0,0,100,0,80759.14916992188,261333.5050048828,0,404327403520,8589930496,5947961344,114688
9,1791573745285,2499,2500,800,800,800,800,799,800,2500,2499,2499,2499,2499,2499,799,799,0,0,0,0,4.761904716491699,0,0,0,5,0,0,0,0,0,100,0,80759.2973022461,261333.81909179688,0,404327403520,8589930496,5947961344,114688
10,1791573745295,2499,2500,800,800,800,800,799,800,2500,2499,2499,2499,2499,2499,799,799,0,0,0,0,4.761904716491699,0,0,0,5,0,0,0,0,0,100,0,80759.45092773438,261334.12799072266,0,404327403520,8589930496,5947961344,114688
9,1791573745305,2499,2500,800,800,800,800,799,800,2500,2499,2499,2499,2499,2499,799,799,0,0,0,0,4.761904716491699,0,0,0,5,0,0,0,0,0,100,0,80759.6001586914,261334.44262695313,0,404327403520,8589930496,5947961344,114688
9,1791573745315,2499,2500,800,800,800,800,799,800,2500,2499,2499,2499,2499,2499,799,799,0,0,0,0,4.761904716491699,0,0,0,5,0,0,0,0,0,100,0,80759.76379394531,261334.78576660156,0,404327403520,8589930496,5947961344,114688
10,1791573745325,2499,2500,800,800,800,800,799,800,2500,2499,2499,2499,2499,2499,799,799,0,0,0,0,4.761904716491699,0,0,0,5,0,0,0,0,0,100,0,80759.9155883789,261335.09893798828,0,404327403520,8589930496,5947961344,114688
9,1791573745335,2499,2500,800,800,800,800,799,800,2500,2499,2499,2499,2499,2499,799,799,0,0,0,0,4.761904716491699,0,0,0,5,0,0,0,0,0,100,0,80760.06591796875,261335.41528320313,0,404327403520,8589930496,5947961344,114688
9,1791573745346,2499,2500,800,800,800,800,799,800,2500,2499,2499,2499,2499,2499,799,799,0,0,0,0,4.761904716491699,0,0,0,5,0,0,0,0,0,100,0,80760.2144165039,261335.7289428711,0,404327403520,8589930496,5947961344,114688
9,1791573745356,2499,2500,800,800,800,800,799,800,2500,2499,2499,2499,2499,2499,799,799,0,0,0,0,4.761904716491699,0,0,0,5,0,0,0,0,0,100,0,80760.36541748047,261336.04223632813,0,404327403520,8589930496,5947961344,114688
9,1791573745366,2499,2500,800,800,800,800,799,800,2500,2499,2499,2499,2499,2499,799,799,0,0,0,0,4.761904716491699,0,0,0,5,0,0,0,0,0,100,0,80760.51867675781,261336.35119628906,0,404327403520,8589930496,5947961344,114688
9,1791573745376,2499,2500,800,800,800,800,799,800,2500,2499,2499,2499,2499,2499,799,799,0,0,0,0,4.761904716491699,0,0,0,5,0,0,0,0,0,100,0,80760.669921875,261336.6629638672,0,404327403520,8589930496,5947961344,114688
9,1791573745386,2499,2500,800,800,800,800,799,800,2500,2499,2499,2499,2499,2499,799,799,0,0,0,0,4.761904716491699,0,0,0,5,0,0,0,0,0,100,0,80760.82153320313,261336.97595214844,0,404327403520,8589930496,5947961344,114688
9,1791573745396,2499,2500,800,800,800,800,799,800,2500,2499,2499,2499,2499,2499,799,799,0,0,0,0,4.761904716491699,0,0,0,5,0,0,0,0,0,100,0,80760.96899414063,261337.29217529297,0,404327403520,8589930496,5947961344,114688
9,1791573745406,2499,2500,800,800,800,800,799,800,2500,2499,2499,2499,2499,2499,799,799,0,0,0,0,4.761904716491699,0,0,0,5,0,0,0,0,0,100,0,80761.12133789063,261337.60986328125,0,404327403520,8589930496,5947961344,114688
9,1791573745416,2499,2500,800,800,800,800,799,800,2500,2499,2499,2499,2499,2499,799,799,0,0,0,0,4.761904716491699,0,0,0,5,0,0,0,0,0,100,0,80761.27532958984,261337.9259033203,0,404327403520,8589930496,5947961344,114688
10,1791573745426,2499,2500,800,800,800,800,799,800,2500,2499,2499,2499,2499,2499,799,799,5,5,0,0,0,0,0,10,0,0,0,0,0,0,100,0,80761.4214477539,261338.2352294922,0,404327403520,8589930496,5947961344,114688
9,1791573745436,2499,2500,800,800,800,800,799,800,2500,2499,2499,2499,2499,2499,799,799,5,5,0,0,0,0,0,10,0,0,0,0,0,0,100,0,80761.56866455078,261338.54858398438,0,404327403520,8589930496,5947961344,114688
10,1791573745446,2499,2500,800,800,800,800,799,800,2500,2499,2499,2499,2499,2499,799,799,5,5,0,0,0,0,0,10,0,0,0,0,0,0,100,0,80761.71826171875,261338.8325805664,0,404327403520,8589930496,5947961344,114688
9,1791573745456,2499,2500,800,800,800,800,799,800,2500,2499,2499,2499,2499,2499,799,799,5,5,0,0,0,0,0,10,0,0,0,0,0,0,100,0,80761.86145019531,261339.17572021484,0,404327403520,8589930496,5947961344,114688
10,1791573745466,2499,2500,800,800,800,800,799,800,2500,2499,2499,2499,2499,2499,799,799,5,5,0,0,0,0,0,10,0,0,0,0,0,0,100,0,80762.01086425781,261339.48901367188,0,404327403520,8589930496,5947961344,114688
9,1791573745476,2499,2500,800,800,800,800,799,800,2500,2499,2499,2499,2499,2499,799,799,5,5,0,0,0,0,0,10,0,0,0,0,0,0,100,0,80762.16302490234,261339.80389404297,0,404327403520,8589930496,5947961344,114688
10,1791573745486,2499,2500,800,800,800,800,799,800,2500,2499,2499,2499,2499,2499,799,799,5,5,0,0,0,0,0,10,0,0,0,0,0,0,100,0,80762.31665039063,261340.11682128906,0,404327403520,8589930496,5947961344,114688
10,1791573745496,2499,2500,800,800,800,800,799,800,2500,2499,2499,2499,2499,2499,799,799,5,5,0,0,0,0,0,10,0,0,0,0,0,0,100,0,80762.47778320313,261340.45404052734,0,404327403520,8589930496,5947961344,114688
9,1791573745507,2499,2500,800,800,800,800,799,800,2500,2499,2499,2499,2499,2499,799,799,5,5,0,0,0,0,0,10,0,0,0,0,0,0,100,0,80762.62536621094,261340.76434326172,0,404327403520,8589930496,5947961344,114688
9,1791573745517,2499,2500,800,800,800,800,799,800,2500,2499,2499,2499,2499,2499,799,799,5,5,0,0,0,0,0,10,0,0,0,0,0,0,100,0,80762.77368164063,261341.0750732422,0,404327403520,8589930496,5947961344,114688
9,1791573745527,2499,2500,800,800,800,800,799,800,2500,2499,2499,2499,2499,2499,799,799,5,5,0,0,0,0,0,10,0,0,0,0,0,0,100,0,80762.92712402344,261341.39001464844,0,404327403520,8589930496,5947961344,114688
9,1791573745537,2499,2500,800,800,800,800,799,800,2500,2499,2499,2499,2499,2499,799,799,5,5,0,0,0,0,0,10,0,0,0,0,0,0,100,0,80763.07373046875,261341.70477294922,0,404327403520,8589930496,5947961344,114688
9,1791573745547,2499,2500,800,800,800,800,799,800,2500,2499,2499,2499,2499,2499,799,799,5,5,0,0,0,0,0,10,0,0,0,0,0,0,100,0,80763.22467041016,261342.02056884766,0,404327403520,8589930496,5947961344,114688
9,1791573745557,2499,2500,800,800,800,800,799,800,2500,2499,2499,2499,2499,2499,799,799,5,5,0,0,0,0,0,10,0,0,0,0,0,0,100,0,80763.373046875,261342.33544921875,0,404327403520,8589930496,5947961344,114688
10,1791573745567,2499,2500,800,800,800,800,799,800,2500,2499,2499,2499,2499,2499,799,799,5,5,0,0,0,0,0,10,0,0,0,0,0,0,100,0,80763.52923583984,261342.64404296875,0,404327403520,8589930496,5947961344,114688
10,1791573745577,2499,2500,800,800,800,800,799,800,2500,2499,2499,2499,2499,2499,799,799,5,5,0,0,0,0,0,10,0,0,0,0,0,0,100,0,80763.6742553711,261342.95971679688,0,404327403520,8589930496,5947961344,114688
10,1791573745587,2499,2500,800,800,800,800,799,800,2500,2499,2499,2499,2499,2499,799,799,5,5,0,0,0,0,0,10,0,0,0,0,0,0,100,0,80763.82623291016,261343.26928710938,0,404327403520,8589930496,5947961344,114688
9,1791573745597,2499,2500,800,800,800,800,799,800,2500,2499,2499,2499,2499,2499,799,799,5,5,0,0,0,0,0,10,0,0,0,0,0,0,100,0,80763.9760131836,261343.58319091797,0,404327403520,8589930496,5947961344,114688
9,1791573745607,2499,2500,800,800,800,800,799,800,2500,2499,2499,2499,2499,2499,799,799,5,5,0,0,0,0,0,10,0,0,0,0,0,0,100,0,80764.12469482422,261343.89849853516,0,404327403520,8589930496,5947961344,114688
9,1791573745617,2499,2500,800,800,800,800,799,800,2500,2499,2499,2499,2499,2499,799,799,5,5,0,0,0,0,0,10,0,0,0,0,0,0,100,0,80764.27319335938,261344.21411132813,0,404327403520,8589930496,5947961344,114688
10,1791573745627,2499,2500,800,800,800,800,799,800,2500,2499,2499,2499,2499,2499,799,799,5.263157844543457,0,0,0,0,0,0,0,0,0,0,5,0,0,100,0,80764.41766357422,261344.52423095703,0,404327403520,8589930496,5947961344,114688
9,1791573745638,2499,2500,800,800,800,800,799,800,2500,2499,2499,2499,2499,2499,799,799,5.263157844543457,0,0,0,0,0,0,0,0,0,0,5,0,0,100,0,80764.58337402344,261344.87048339844,0,404327403520,8589930496,5947961344,114688
9,1791573745648,2499,2500,800,800,800,800,799,800,2500,2499,2499,2499,2499,2499,799,799,5.263157844543457,0,0,0,0,0,0,0,0,0,0,5,0,0,100,0,80764.73443603516,261345.18225097656,0,404327403520,8589930496,5947961344,114688
9,1791573745658,2499,2500,800,800,800,800,799,800,2500,2499,2499,2499,2499,2499,799,799,5.263157844543457,0,0,0,0,0,0,0,0,0,0,5,0,0,100,0,80764.88751220703,261345.4935913086,0,404327403520,8589930496,5947961344,114688
9,1791573745668,2499,2500,800,800,800,800,799,800,2500,2499,2499,2499,2499,2499,799,799,5.263157844543457,0,0,0,0,0,0,0,0,0,0,5,0,0,100,0,80765.03033447266,261345.81182861328,0,404327403520,8589930496,5947961344,114688
9,1791573745678,2499,2500,800,800,800,800,799,800,2500,2499,2499,2499,2499,2499,799,799,5.263157844543457,0,0,0,0,0,0,0,0,0,0,5,0,0,100,0,80765.17596435547,261346.12573242188,0,404327403520,8589930496,5947961344,114688
9,1791573745688,2499,2500,800,800,800,800,799,800,2500,2499,2499,2499,2499,2499,799,799,5.263157844543457,0,0,0,0,0,0,0,0,0,0,5,0,0,100,0,80765.3217163086,261346.44360351563,0,404327403520,8589930496,5947961344,114688
9,1791573745698,2499,2500,800,800,800,800,799,800,2500,2499,2499,2499,2499,2499,799,799,5.263157844543457,0,0,0,0,0,0,0,0,0,0,5,0,0,100,0,80765.47186279297,261346.7510986328,0,404327403520,8589930496,5947961344,114688
10,1791573745708,2499,2500,800,800,800,800,799,800,2500,2499,2499,2499,2499,2499,799,799,5.263157844543457,0,0,0,0,0,0,0,0,0,0,5,0,0,100,0,80765.62109375,261347.06243896484,0,404327403520,8589930496,5947961344,114688
9,1791573745718,2499,2500,800,800,800,800,799,800,2500,2499,2499,2499,2499,2499,799,799,5.263157844543457,0,0,0,0,0,0,0,0,0,0,5,0,0,100,0,80765.76922607422,261347.3758544922,0,404327403520,8589930496,5947961344,114688
9,1791573745728,2499,2500,800,800,800,800,799,800,2500,2499,2499,2499,2499,2499,799,799,5.263157844543457,0,0,0,0,0,0,0,0,0,0,5,0,0,100,0,80765.91735839844,261347.6884765625,0,404327403520,8589930496,5947961344,114688
10,1791573745738,2499,2500,800,800,800,800,799,800,2500,2499,2499,2499,2499,2499,799,799,5.263157844543457,0,0,0,0,0,0,0,0,0,0,5,0,0,100,0,80766.06823730469,261348.00390625,0,404327403520,8589930496,5947961344,114688
9,1791573745748,2499,2500,800,800,800,800,799,800,2500,2499,2499,2499,2499,2499,799,799,5.263157844543457,0,0,0,0,0,0,0,0,0,0,5,0,0,100,0,80766.21783447266,261348.31896972656,0,404327403520,8589930496,5947961344,114688
10,1791573745758,2499,2500,800,800,800,800,799,800,2500,2499,2499,2499,2499,2499,799,799,5.263157844543457,0,0,0,0,0,0,0,0,0,0,5,0,0,100,0,80766.36688232422,261348.6332397461,0,404327403520,8589930496,5947961344,114688
9,1791573745769,2499,2500,800,800,800,800,799,800,2500,2499,2499,2499,2499,2499,799,799,5.263157844543457,0,0,0,0,0,0,0,0,0,0,5,0,0,100,0,80766.51953125,261348.94262695313,0,404327403520,8589930496,5947961344,114688
10,1791573745779,2499,2500,800,800,800,800,799,800,2500,2499,2499,2499,2499,2499,799,799,5.263157844543457,0,0,0,0,0,0,0,0,0,0,5,0,0,100,0,80766.67297363281,261349.25268554688,0,404327403520,8589930496,5947961344,114688
9,1791573745789,2499,2500,800,800,800,800,799,800,2500,2499,2499,2499,2499,2499,799,799,5.263157844543457,0,0,0,0,0,0,0,0,0,0,5,0,0,100,0,80766.841796875,261349.59674072266,0,404327403520,8589930496,5947961344,114688
9,1791573745799,2499,2500,800,800,800,800,799,800,2500,2499,2499,2499,2499,2499,799,799,5.263157844543457,0,0,0,0,0,0,0,0,0,0,5,0,0,100,0,80766.98907470703,261349.9102783203,0,404327403520,8589930496,5947961344,114688
9,1791573745809,2499,2500,800,800,800,800,799,800,2500,2499,2499,2499,2499,2499,799,799,5.263157844543457,0,0,0,0,0,0,0,0,0,0,5,0,0,100,0,80767.13269042969,261350.22052001953,0,404327403520,8589930496,5947961344,114688
9,1791573745819,2499,2500,800,800,800,800,799,800,2500,2499,2499,2499,2499,2499,799,799,5.263157844543457,0,0,0,0,0,0,0,0,0,0,5,0,0,100,0,80767.28430175781,261350.53485107422,0,404327403520,8589930496,5947961344,114688
9,1791573745829,2499,2500,800,800,800,800,799,800,2500,2499,2499,2499,2499,2499,799,799,5.263157844543457,0,4.761904716491699,0,0,5,0,9.523809432983398,0,0,0,0,0,0,100,0,80767.4360961914,261350.84735107422,0,404327403520,8589930496,5947961344,114688
9,1791573745839,2499,2500,800,800,800,800,799,800,2500,2499,2499,2499,2499,2499,799,799,5.263157844543457,0,4.761904716491699,0,0,5,0,9.523809432983398,0,0,0,0,0,0,100,0,80767.58477783203,261351.1622314453,0,404327403520,8589930496,5947961344,114688
9,1791573745849,2499,2500,800,800,800,800,799,800,2500,2499,2499,2499,2499,2499,799,799,5.263157844543457,0,4.761904716491699,0,0,5,0,9.523809432983398,0,0,0,0,0,0,100,0,80767.73126220703,261351.47973632813,0,404327403520,8589930496,5947961344,114688
9,1791573745859,2499,2500,800,800,800,800,799,800,2500,2499,2499,2499,2499,2499,799,799,5.263157844543457,0,4.761904716491699,0,0,5,0,9.523809432983398,0,0,0,0,0,0,100,0,80767.88488769531,261351.79010009766,0,404327403520,8589930496,5947961344,114688
9,1791573745869,2499,2500,800,800,800,800,799,800,2500,2499,2499,2499,2499,2499,799,799,5.263157844543457,0,4.761904716491699,0,0,5,0,9.523809432983398,0,0,0,0,0,0,100,0,80768.03302001953,261352.1040649414,0,404327403520,8589930496,5947961344,114688
9,1791573745879,2499,2500,800,800,800,800,799,800,2500,2499,2499,2499,2499,2499,799,799,5.263157844543457,0,4.761904716491699,0,0,5,0,9.523809432983398,0,0,0,0,0,0,100,0,80768.1841430664,261352.41540527344,0,404327403520,8589930496,5947961344,114688
10,1791573745889,2499,2500,800,800,800,800,799,800,2500,2499,2499,2499,2499,2499,799,799,5.263157844543457,0,4.761904716491699,0,0,5,0,9.523809432983398,0,0,0,0,0,0,100,0,80768.33319091797,261352.73107910156,0,404327403520,8589930496,5947961344,114688
9,1791573745899,2499,2500,800,800,800,800,799,800,2500,2499,2499,2499,2499,2499,799,799,5.263157844543457,0,4.761904716491699,0,0,5,0,9.523809432983398,0,0,0,0,0,0,100,0,80768.4877319336,261353.0350341797,0,404327403520,8589930496,5947961344,114688
9,1791573745910,2499,2500,800,800,800,800,799,800,2500,2499,2499,2499,2499,2499,799,799,5.263157844543457,0,4.761904716491699,0,0,5,0,9.523809432983398,0,0,0,0,0,0,100,0,80768.63934326172,261353.35540771484,0,404327403520,8589930496,5947961344,114688
9,1791573745920,2499,2500,800,800,800,800,799,800,2500,2499,2499,2499,2499,2499,799,799,5.263157844543457,0,4.761904716491699,0,0,5,0,9.523809432983398,0,0,0,0,0,0,100,0,80768.78857421875,261353.66662597656,0,404327403520,8589930496,5947961344,114688
9,1791573745930,2499,2500,800,800,800,800,799,800,2500,2499,2499,2499,2499,2499,799,799,5.263157844543457,0,4.761904716491699,0,0,5,0,9.523809432983398,0,0,0,0,0,0,100,0,80768.93963623047,261353.97833251953,0,404327403520,8589930496,5947961344,114688
10,1791573745940,2499,2500,800,800,800,800,799,800,2500,2499,2499,2499,2499,2499,799,799,5.263157844543457,0,4.761904716491699,0,0,5,0,9.523809432983398,0,0,0,0,0,0,100,0,80769.09289550781,261354.28521728516,0,404327403520,8589930496,5947961344,114688
9,1791573745950,2499,2500,800,800,800,800,799,800,2500,2499,2499,2499,2499,2499,799,799,5.263157844543457,0,4.761904716491699,0,0,5,0,9.523809432983398,0,0,0,0,0,0,100,0,80769.24450683594,261354.60021972656,0,404327403520,8589930496,5947961344,114688
9,1791573745960,2499,2500,800,800,800,800,799,800,2500,2499,2499,2499,2499,2499,799,799,5.263157844543457,0,4.761904716491699,0,0,5,0,9.523809432983398,0,0,0,0,0,0,100,0,80769.39263916016,261354.91082763672,0,404327403520,8589930496,5947961344,114688
9,1791573745970,2499,2500,800,800,800,800,799,800,2500,2499,2499,2499,2499,2499,799,799,5.263157844543457,0,4.761904716491699,0,0,5,0,9.523809432983398,0,0,0,0,0,0,100,0,80769.55578613281,261355.25561523438,0,404327403520,8589930496,5947961344,114688
9,1791573745980,2499,2500,800,800,800,800,799,800,2500,2499,2499,2499,2499,2499,799,799,5.263157844543457,0,4.761904716491699,0,0,5,0,9.523809432983398,0,0,0,0,0,0,100,0,80769.68463134766,261355.53192138672,0,404327403520,8589930496,5947961344,114688
9,1791573745990,2499,2500,800,800,800,800,799,800,2500,2499,2499,2499,2499,2499,799,799,5.263157844543457,0,4.761904716491699,0,0,5,0,9.523809432983398,0,0,0,0,0,0,100,0,80769.84661865234,261355.88067626953,0,404327403520,8589930496,5947961344,114688
9,1791573746000,2499,2500,800,800,800,800,799,800,2500,2499,2499,2499,2499,2499,799,799,5.263157844543457,0,4.761904716491699,0,0,5,0,9.523809432983398,0,0,0,0,0,0,100,0,80769.9956665039,261356.19384765625,0,404327403520,8589930496,5947961344,114688
10,1791573746010,2499,2500,800,800,800,800,799,800,2500,2499,2499,2499,2499,2499,799,799,5.263157844543457,0,4.761904716491699,0,0,5,0,9.523809432983398,0,0,0,0,0,0,100,0,80770.14825439453,261356.5033569336,0,404327403520,8589930496,5947961344,114688
10,1791573746020,2499,2500,800,800,800,800,799,800,2500,2499,2499,2499,2499,2499,799,799,5.263157844543457,0,4.761904716491699,0,0,5,0,9.523809432983398,0,0,0,0,0,0,100,0,80770.30041503906,261356.81323242188,0,404327403520,8589930496,5947961344,114688
10,1791573746030,2499,2500,800,800,800,800,799,800,2500,2499,2499,2499,2499,2499,799,799,5,0,0,0,0,0,0,0,0,0,5,0,0,0,100,0,80770.45037841797,261357.11889648438,0,404327403520,8589930496,5947961344,114688
10,1791573746040,2499,2500,800,800,800,800,799,800,2500,2499,2499,2499,2499,2499,799,799,5,0,0,0,0,0,0,0,0,0,5,0,0,0,100,0,80770.6025390625,261357.4344482422,0,404327403520,8589930496,5947961344,114688
9,1791573746051,2499,2500,800,800,800,800,799,800,2500,2499,2499,2499,2499,2499,799,799,5,0,0,0,0,0,0,0,0,0,5,0,0,0,100,0,80770.75506591797,261357.74517822266,0,404327403520,8589930496,5947961344,114688
10,1791573746060,2499,2500,800,800,800,800,799,800,2500,2499,2499,2499,2499,2499,799,799,5,0,0,0,0,0,0,0,0,0,5,0,0,0,100,0,80770.9048461914,261358.0551147461,0,404327403520,8589930496,5947961344,114688
9,1791573746071,2499,2500,800,800,800,800,799,800,2500,2499,2499,2499,2499,2499,799,799,5,0,0,0,0,0,0,0,0,0,5,0,0,0,100,0,80771.05334472656,261358.3646850586,0,404327403520,8589930496,5947961344,114688
9,1791573746081,2499,2500,800,800,800,800,799,800,2500,2499,2499,2499,2499,2499,799,799,5,0,0,0,0,0,0,0,0,0,5,0,0,0,100,0,80771.20440673828,261358.6766357422,0,404327403520,8589930496,5947961344,114688
10,1791573746091,2499,2500,800,800,800,800,799,800,2500,2499,2499,2499,2499,2499,799,799,5,0,0,0,0,0,0,0,0,0,5,0,0,0,100,0,80771.3583984375,261358.98175048828,0,404327403520,8589930496,5947437056,114688
9,1791573746101,2499,2500,800,800,800,800,799,800,2500,2499,2499,2499,2499,2499,799,799,5,0,0,0,0,0,0,0,0,0,5,0,0,0,100,0,80771.51037597656,261359.29077148438,0,404327403520,8589930496,5947437056,114688
9,1791573746111,2499,2500,800,800,800,800,799,800,2500,2499,2499,2499,2499,2499,799,799,5,0,0,0,0,0,0,0,0,0,5,0,0,0,100,0,80771.65869140625,261359.60186767578,0,404327403520,8589930496,5947437056,114688
10,1791573746121,2499,2500,800,800,800,800,799,800,2500,2499,2499,2499,2499,2499,799,799,5,0,0,0,0,0,0,0,0,0,5,0,0,0,100,0,80771.81140136719,261359.91455078125,0,404327403520,8589930496,5947437056,114688
10,1791573746131,2499,2500,800,800,800,800,799,800,2500,2499,2499,2499,2499,2499,799,799,5,0,0,0,0,0,0,0,0,0,5,0,0,0,100,0,80771.96032714844,261360.2269897461,0,404327403520,8589930496,5947437056,114688
9,1791573746141,2499,2500,800,800,800,800,799,800,2500,2499,2499,2499,2499,2499,799,799,5,0,0,0,0,0,0,0,0,0,5,0,0,0,100,0,80772.10583496094,261360.54010009766,0,404327403520,8589930496,5947437056,114688
9,1791573746151,2499,2500,800,800,800,800,799,800,2500,2499,2499,2499,2499,2499,799,799,5,0,0,0,0,0,0,0,0,0,5,0,0,0,100,0,80772.275390625,261360.88275146484,0,404327403520,8589930496,5946404864,114688
9,1791573746161,2499,2500,800,800,800,800,799,800,2500,2499,2499,2499,2499,2499,799,799,5,0,0,0,0,0,0,0,0,0,5,0,0,0,100,0,80772.42517089844,261361.19287109375,0,404327403520,8589930496,5946404864,114688
9,1791573746171,2499,2500,800,800,800,800,799,800,2500,2499,2499,2499,2499,2499,799,799,5,0,0,0,0,0,0,0,0,0,5,0,0,0,100,0,80772.58282470703,261361.50384521484,0,404327403520,8589930496,5946404864,114688
9,1791573746181,2499,2500,800,800,800,800,799,800,2500,2499,2499,2499,2499,2499,799,799,5,0,0,0,0,0,0,0,0,0,5,0,0,0,100,0,80772.73223876953,261361.81762695313,0,404327403520,8589930496,5946404864,114688
9,1791573746191,2499,2500,800,800,800,800,799,800,2500,2499,2499,2499,2499,2499,799,799,5,0,0,0,0,0,0,0,0,0,5,0,0,0,100,0,80772.88513183594,261362.13165283203,0,404327403520,8589930496,5946404864,114688
9,1791573746202,2499,2500,800,800,800,800,799,800,2500,2499,2499,2499,2499,2499,799,799,5,0,0,0,0,0,0,0,0,0,5,0,0,0,100,0,80773.03564453125,261362.443359375,0,404327403520,8589930496,5946404864,114688
9,1791573746212,2499,2500,800,800,800,800,799,800,2500,2499,2499,2499,2499,2499,799,799,5,0,0,0,0,0,0,0,0,0,5,0,0,0,100,0,80773.18634033203,261362.75549316406,0,404327403520,8589930496,5946404864,114688
9,1791573746222,2499,2500,800,800,800,800,799,800,2500,2499,2499,2499,2499,2499,799,799,5,0,0,0,0,0,0,0,0,0,5,0,0,0,100,0,80773.33447265625,261363.06646728516,0,404327403520,8589930496,5946404864,114688
9,1791573746232,2499,2500,800,800,800,800,799,800,2500,2499,2499,2499,2499,2499,799,799,0,0,0,0,0,0,0,9.523809432983398,5,0,0,0,0,0,100,0,80773.48461914063,261363.37524414063,0,404327403520,8589930496,5946404864,114688
9,1791573746242,2499,2500,800,800,800,800,799,800,2500,2499,2499,2499,2499,2499,799,799,0,0,0,0,0,0,0,9.523809432983398,5,0,0,0,0,0,100,0,80773.63677978516,261363.68756103516,0,404327403520,8589930496,5946404864,114688
9,1791573746252,2499,2500,800,800,800,800,799,800,2500,2499,2499,2499,2499,2499,799,799,0,0,0,0,0,0,0,9.523809432983398,5,0,0,0,0,0,100,0,80773.7905883789,261364.0020751953,0,404327403520,8589930496,5946404864,114688
9,1791573746262,2499,2500,800,800,800,800,799,800,2500,2499,2499,2499,2499,2499,799,799,0,0,0,0,0,0,0,9.523809432983398,5,0,0,0,0,0,100,0,80773.94403076172,261364.3154296875,0,404327403520,8589930496,5946404864,114688
9,1791573746272,2499,2500,800,800,800,800,799,800,2500,2499,2499,2499,2499,2499,799,799,0,0,0,0,0,0,0,9.523809432983398,5,0,0,0,0,0,100,0,80774.09368896484,261364.62896728516,0,404327403520,8589930496,5946404864,114688
9,1791573746282,2499,2500,800,800,800,800,799,800,2500,2499,2499,2499,2499,2499,799,799,0,0,0,0,0,0,0,9.523809432983398,5,0,0,0,0,0,100,0,80774.24694824219,261364.94458007813,0,404327403520,8589930496,5946404864,114688
10,1791573746292,2499,2500,800,800,800,800,799,800,2500,2499,2499,2499,2499,2499,799,799,0,0,0,0,0,0,0,9.523809432983398,5,0,0,0,0,0,100,0,80774.39489746094,261365.25274658203,0,404327403520,8589930496,5946404864,114688
9,1791573746302,2499,2500,800,800,800,800,799,800,2500,2499,2499,2499,2499,2499,799,799,0,0,0,0,0,0,0,9.523809432983398,5,0,0,0,0,0,100,0,80774.56042480469,261365.59399414063,0,404327403520,8589930496,5946404864,114688
9,1791573746312,2499,2500,800,800,800,800,799,800,2500,2499,2499,2499,2499,2499,799,799,0,0,0,0,0,0,0,9.523809432983398,5,0,0,0,0,0,100,0,80774.70928955078,261365.9048461914,0,404327403520,8589930496,5946404864,114688
10,1791573746322,2499,2500,800,800,800,800,799,800,2500,2499,2499,2499,2499,2499,799,799,0,0,0,0,0,0,0,9.523809432983398,5,0,0,0,0,0,100,0,80774.84460449219,261366.1883544922,0,404327403520,8589930496,5946404864,114688
9,1791573746332,2499,2500,800,800,800,800,799,800,2500,2499,2499,2499,2499,2499,799,799,0,0,0,0,0,0,0,9.523809432983398,5,0,0,0,0,0,100,0,80775.01086425781,261366.52685546875,0,404327403520,8589930496,5946404864,114688
9,1791573746342,2499,2500,800,800,800,800,799,800,2500,2499,2499,2499,2499,2499,799,799,0,0,0,0,0,0,0,9.523809432983398,5,0,0,0,0,0,100,0,80775.16320800781,261366.841796875,0,404327403520,8589930496,5946404864,114688
9,1791573746353,2499,2500,800,800,800,800,799,800,2500,2499,2499,2499,2499,2499,799,799,0,0,0,0,0,0,0,9.523809432983398,5,0,0,0,0,0,100,0,80775.3110961914,261367.1571044922,0,404327403520,8589930496,5946404864,114688
9,1791573746363,2499,2500,800,800,800,800,799,800,2500,2499,2499,2499,2499,2499,799,799,0,0,0,0,0,0,0,9.523809432983398,5,0,0,0,0,0,100,0,80775.46398925781,261367.46923828125,0,404327403520,8589930496,5946404864,114688
9,1791573746373,2499,2500,800,800,800,800,799,800,2500,2499,2499,2499,2499,2499,799,799,0,0,0,0,0,0,0,9.523809432983398,5,0,0,0,0,0,100,0,80775.61651611328,261367.75122070313,0,404327403520,8589930496,5946404864,114688
10,1791573746383,2499,2500,800,800,800,800,799,800,2500,2499,2499,2499,2499,2499,799,799,0,0,0,0,0,0,0,9.523809432983398,5,0,0,0,0,0,100,0,80775.76470947266,261368.09393310547,0,404327403520,8589930496,5946404864,114688
9,1791573746393,2499,2500,800,800,800,800,799,800,2500,2499,2499,2499,2499,2499,799,799,0,0,0,0,0,0,0,9.523809432983398,5,0,0,0,0,0,100,0,80775.91705322266,261368.40393066406,0,404327403520,8589930496,5946404864,114688
9,1791573746403,2499,2500,800,800,800,800,799,800,2500,2499,2499,2499,2499,2499,799,799,0,0,0,0,0,0,0,9.523809432983398,5,0,0,0,0,0,100,0,80776.06829833984,261368.71868896484,0,404327403520,8589930496,5946404864,114688
9,1791573746413,2499,2500,800,800,800,800,799,800,2500,2499,2499,2499,2499,2499,799,799,0,0,0,0,0,0,0,9.523809432983398,5,0,0,0,0,0,100,0,80776.21752929688,261369.03021240234,0,404327403520,8589930496,5946404864,114688
9,1791573746423,2499,2500,800,800,800,800,799,800,2500,2499,2499,2499,2499,2499,799,799,0,0,0,0,0,0,0,9.523809432983398,5,0,0,0,0,0,100,0,80776.36309814453,261369.34075927734,0,404327403520,8589930496,5946404864,114688
9,1791573746433,2499,2500,800,800,800,800,799,800,2500,2499,2499,2499,2499,2499,799,799,5.263157844543457,0,0,4.761904716491699,0,0,0,0,0,0,0,0,0,0,100,0,80776.52630615234,261369.68292236328,0,404327403520,8589930496,5946404864,114688
9,1791573746443,2499,2500,800,800,800,800,799,800,2500,2499,2499,2499,2499,2499,799,799,5.263157844543457,0,0,4.761904716491699,0,0,0,0,0,0,0,0,0,0,100,0,80776.6605834961,261369.96856689453,0,404327403520,8589930496,5946404864,114688
10,1791573746453,2499,2500,800,800,800,800,799,800,2500,2499,2499,2499,2499,2499,799,799,5.263157844543457,0,0,4.761904716491699,0,0,0,0,0,0,0,0,0,0,100,0,80776.81213378906,261370.2811279297,0,404327403520,8589930496,5946404864,114688
10,1791573746463,2499,2500,800,800,800,800,799,800,2500,2499,2499,2499,2499,2499,799,799,5.263157844543457,0,0,4.761904716491699,0,0,0,0,0,0,0,0,0,0,100,0,80776.9624633789,261370.59368896484,0,404327403520,8589930496,5946404864,114688
10,1791573746473,2499,2500,800,800,800,800,799,800,2500,2499,2499,2499,2499,2499,799,799,5.263157844543457,0,0,4.761904716491699,0,0,0,0,0,0,0,0,0,0,100,0,80777.11297607422,261370.90625,0,404327403520,8589930496,5946404864,114688
9,1791573746483,2499,2500,800,800,800,800,799,800,2500,2499,2499,2499,2499,2499,799,799,5.263157844543457,0,0,4.761904716491699,0,0,0,0,0,0,0,0,0,0,100,0,80777.2646484375,261371.21551513672,0,404327403520,8589930496,5946404864,114688
9,1791573746494,2499,2500,800,800,800,800,799,800,2500,2499,2499,2499,2499,2499,799,799,5.263157844543457,0,0,4.761904716491699,0,0,0,0,0,0,0,0,0,0,100,0,80777.42852783203,261371.55938720703,0,404327403520,8589930496,5946404864,114688
9,1791573746504,2499,2500,800,800,800,800,799,800,2500,2499,2499,2499,2499,2499,799,799,5.263157844543457,0,0,4.761904716491699,0,0,0,0,0,0,0,0,0,0,100,0,80777.57702636719,261371.87176513672,0,404327403520,8589930496,5946404864,114688
9,1791573746514,2499,2500,800,800,800,800,799,800,2500,2499,2499,2499,2499,2499,799,799,5.263157844543457,0,0,4.761904716491699,0,0,0,0,0,0,0,0,0,0,100,0,80777.72662353516,261372.18646240234,0,404327403520,8589930496,5946404864,114688
9,1791573746524,2499,2500,800,800,800,800,799,800,2500,2499,2499,2499,2499,2499,799,799,5.263157844543457,0,0,4.761904716491699,0,0,0,0,0,0,0,0,0,0,100,0,80777.87390136719,261372.50103759766,0,404327403520,8589930496,5946404864,114688
9,1791573746534,2499,2500,800,800,800,800,799,800,2500,2499,2499,2499,2499,2499,799,799,5.263157844543457,0,0,4.761904716491699,0,0,0,0,0,0,0,0,0,0,100,0,80778.02502441406,261372.8148803711,0,404327403520,8589930496,5946404864,114688
9,1791573746544,2499,2500,800,800,800,800,799,800,2500,2499,2499,2499,2499,2499,799,799,5.263157844543457,0,0,4.761904716491699,0,0,0,0,0,0,0,0,0,0,100,0,80778.17059326172,261373.12719726563,0,404327403520,8589930496,5946404864,114688
10,1791573746554,2499,2500,800,800,800,800,799,800,2500,2499,2499,2499,2499,2499,799,799,5.263157844543457,0,0,4.761904716491699,0,0,0,0,0,0,0,0,0,0,100,0,80778.32214355469,261373.4373779297,0,404327403520,8589930496,5946404864,114688
9,1791573746564,2499,2500,800,800,800,800,799,800,2500,2499,2499,2499,2499,2499,799,799,5.263157844543457,0,0,4.761904716491699,0,0,0,0,0,0,0,0,0,0,100,0,80778.47723388672,261373.74884033203,0,404327403520,8589930496,5946404864,114688
9,1791573746574,2499,2500,800,800,800,800,799,800,2500,2499,2499,2499,2499,2499,799,799,5.263157844543457,0,0,4.761904716491699,0,0,0,0,0,0,0,0,0,0,100,0,80778.625,261374.0574951172,0,404327403520,8589930496,5946404864,114688
9,1791573746584,2499,2500,800,800,800,800,799,800,2500,2499,2499,2499,2499,2499,799,799,5.263157844543457,0,0,4.761904716491699,0,0,0,0,0,0,0,0,0,0,100,0,80778.77514648438,261374.37036132813,0,404327403520,8589930496,5946404864,114688
9,1791573746594,2499,2500,800,800,800,800,799,800,2500,2499,2499,2499,2499,2499,799,799,5.263157844543457,0,0,4.761904716491699,0,0,0,0,0,0,0,0,0,0,100,0,80778.923828125,261374.68450927734,0,404327403520,8589930496,5946404864,114688
10,1791573746604,2499,2500,800,800,800,800,799,800,2500,2499,2499,2499,2499,2499,799,799,5.263157844543457,0,0,4.761904716491699,0,0,0,0,0,0,0,0,0,0,100,0,80779.07147216797,261375.00036621094,0,404327403520,8589930496,5946404864,114688
10,1791573746614,2499,2500,800,800,800,800,799,800,2500,2499,2499,2499,2499,2499,799,799,5.263157844543457,0,0,4.761904716491699,0,0,0,0,0,0,0,0,0,0,100,0,80779.22143554688,261375.30895996094,0,404327403520,8589930496,5946404864,114688
9,1791573746624,2499,2500,800,800,800,800,799,800,2500,2499,2499,2499,2499,2499,799,799,5.263157844543457,0,0,4.761904716491699,0,0,0,0,0,0,0,0,0,0,100,0,80779.37634277344,261375.61907958984,0,404327403520,8589930496,5946404864,114688
9,1791573746635,2499,2500,800,800,800,800,799,800,2500,2499,2499,2499,2499,2499,799,799,10,0,0,0,0,0,4.761904716491699,9.523809432983398,0,5,0,0,0,0,100,0,80779.54406738281,261375.96508789063,0,404327403520,8589930496,5946404864,114688
9,1791573746645,2499,2500,800,800,800,800,799,800,2500,2499,2499,2499,2499,2499,799,799,10,0,0,0,0,0,4.761904716491699,9.523809432983398,0,5,0,0,0,0,100,0,80779.69146728516,261376.27770996094,0,404327403520,8589930496,5946404864,114688
9,1791573746655,2499,2500,800,800,800,800,799,800,2500,2499,2499,2499,2499,2499,799,799,10,0,0,0,0,0,4.761904716491699,9.523809432983398,0,5,0,0,0,0,100,0,80779.84191894531,261376.5892944336,0,404327403520,8589930496,5946404864,114688
9,1791573746665,2499,2500,800,800,800,800,799,800,2500,2499,2499,2499,2499,2499,799,799,10,0,0,0,0,0,4.761904716491699,9.523809432983398,0,5,0,0,0,0,100,0,80779.99426269531,261376.9019165039,0,404327403520,8589930496,5946404864,114688
9,1791573746675,2499,2500,800,800,800,800,799,800,2500,2499,2499,2499,2499,2499,799,799,10,0,0,0,0,0,4.761904716491699,9.523809432983398,0,5,0,0,0,0,100,0,80780.14282226563,261377.21417236328,0,404327403520,8589930496,5946404864,114688
9,1791573746685,2499,2500,800,800,800,800,799,800,2500,2499,2499,2499,2499,2499,799,799,10,0,0,0,0,0,4.761904716491699,9.523809432983398,0,5,0,0,0,0,100,0,80780.2914428711,261377.52368164063,0,404327403520,8589930496,5946404864,114688
9,1791573746695,2499,2500,800,800,800,800,799,800,2500,2499,2499,2499,2499,2499,799,799,10,0,0,0,0,0,4.761904716491699,9.523809432983398,0,5,0,0,0,0,100,0,80780.44158935547,261377.83349609375,0,404327403520,8589930496,5946404864,114688
9,1791573746705,2499,2500,800,800,800,800,799,800,2500,2499,2499,2499,2499,2499,799,799,10,0,0,0,0,0,4.761904716491699,9.523809432983398,0,5,0,0,0,0,100,0,80780.58605957031,261378.14556884766,0,404327403520,8589930496,5946404864,114688
9,1791573746715,2499,2500,800,800,800,800,799,800,2500,2499,2499,2499,2499,2499,799,799,10,0,0,0,0,0,4.761904716491699,9.523809432983398,0,5,0,0,0,0,100,0,80780.73217773438,261378.45623779297,0,404327403520,8589930496,5946404864,114688
10,1791573746725,2499,2500,800,800,800,800,799,800,2500,2499,2499,2499,2499,2499,799,799,10,0,0,0,0,0,4.761904716491699,9.523809432983398,0,5,0,0,0,0,100,0,80780.88397216797,261378.77026367188,0,404327403520,8589930496,5946404864,114688
10,1791573746735,2499,2500,800,800,800,800,799,800,2500,2499,2499,2499,2499,2499,799,799,10,0,0,0,0,0,4.761904716491699,9.523809432983398,0,5,0,0,0,0,100,0,80781.03155517578,261379.0816040039,0,404327403520,8589930496,5946404864,114688
10,1791573746745,2499,2500,800,800,800,800,799,800,2500,2499,2499,2499,2499,2499,799,799,10,0,0,0,0,0,4.761904716491699,9.523809432983398,0,5,0,0,0,0,100,0,80781.17584228516,261379.39001464844,0,404327403520,8589930496,5946404864,114688
9,1791573746755,2499,2500,800,800,800,800,799,800,2500,2499,2499,2499,2499,2499,799,799,10,0,0,0,0,0,4.761904716491699,9.523809432983398,0,5,0,0,0,0,100,0,80781.32836914063,261379.7015991211,0,404327403520,8589930496,5946404864,114688
9,1791573746766,2499,2500,800,800,800,800,799,800,2500,2499,2499,2499,2499,2499,799,799,10,0,0,0,0,0,4.761904716491699,9.523809432983398,0,5,0,0,0,0,100,0,80781.4814453125,261380.01849365234,0,404327403520,8589930496,5946404864,114688
10,1791573746776,2499,2500,800,800,800,800,799,800,2500,2499,2499,2499,2499,2499,799,799,10,0,0,0,0,0,4.761904716491699,9.523809432983398,0,5,0,0,0,0,100,0,80781.62811279297,261380.33178710938,0,404327403520,8589930496,5946404864,114688
9,1791573746786,2499,2500,800,800,800,800,799,800,2500,2499,2499,2499,2499,2499,799,799,10,0,0,0,0,0,4.761904716491699,9.523809432983398,0,5,0,0,0,0,100,0,80781.79071044922,261380.67401123047,0,404327403520,8589930496,5946404864,114688
9,1791573746796,2499,2500,800,800,800,800,799,800,2500,2499,2499,2499,2499,2499,799,799,10,0,0,0,0,0,4.761904716491699,9.523809432983398,0,5,0,0,0,0,100,0,80781.93872070313,261380.984375,0,404327403520,8589930496,5946404864,114688
10,1791573746806,2499,2500,800,800,800,800,799,800,2500,2499,2499,2499,2499,2499,799,799,10,0,0,0,0,0,4.761904716491699,9.523809432983398,0,5,0,0,0,0,100,0,80782.07055664063,261381.26708984375,0,404327403520,8589930496,5946404864,114688
9,1791573746816,2499,2500,800,800,800,800,799,800,2500,2499,2499,2499,2499,2499,799,799,10,0,0,0,0,0,4.761904716491699,9.523809432983398,0,5,0,0,0,0,100,0,80782.22973632813,261381.61083984375,0,404327403520,8589930496,5946404864,114688
9,1791573746826,2499,2500,800,800,800,800,799,800,2500,2499,2499,2499,2499,2499,799,799,10,0,0,0,0,0,4.761904716491699,9.523809432983398,0,5,0,0,0,0,100,0,80782.38171386719,261381.92742919922,0,404327403520,8589930496,5946404864,114688
9,1791573746836,2499,2500,800,800,800,800,799,800,2500,2499,2499,2499,2499,2499,799,799,0,0,0,0,0,0,0,5,0,0,0,0,0,0,100,0,80782.5263671875,261382.24029541016,0,404327403520,8589930496,5946404864,114688
10,1791573746846,2499,2500,800,800,800,800,799,800,2500,2499,2499,2499,2499,2499,799,799,0,0,0,0,0,0,0,5,0,0,0,0,0,0,100,0,80782.67211914063,261382.55364990234,0,404327403520,8589930496,5946404864,114688
9,1791573746856,2499,2500,800,800,800,800,799,800,2500,2499,2499,2499,2499,2499,799,799,0,0,0,0,0,0,0,5,0,0,0,0,0,0,100,0,80782.8246459961,261382.8662109375,0,404327403520,8589930496,5946404864,114688
9,1791573746866,2499,2500,800,800,800,800,799,800,2500,2499,2499,2499,2499,2499,799,799,0,0,0,0,0,0,0,5,0,0,0,0,0,0,100,0,80782.96490478516,261383.1763305664,0,404327403520,8589930496,5946404864,114688
9,1791573746876,2499,2500,800,800,800,800,799,800,2500,2499,2499,2499,2499,2499,799,799,0,0,0,0,0,0,0,5,0,0,0,0,0,0,100,0,80783.11358642578,261383.4881591797,0,404327403520,8589930496,5946404864,114688
10,1791573746886,2499,2500,800,800,800,800,799,800,2500,2499,2499,2499,2499,2499,799,799,0,0,0,0,0,0,0,5,0,0,0,0,0,0,100,0,80783.26135253906,261383.8055419922,0,404327403520,8589930496,5946404864,114688
9,1791573746896,2499,2500,800,800,800,800,799,800,2500,2499,2499,2499,2499,2499,799,799,0,0,0,0,0,0,0,5,0,0,0,0,0,0,100,0,80783.41040039063,261384.11584472656,0,404327403520,8589930496,5946404864,114688
9,1791573746906,2499,2500,800,800,800,800,799,800,2500,2499,2499,2499,2499,2499,799,799,0,0,0,0,0,0,0,5,0,0,0,0,0,0,100,0,80783.560546875,261384.43872070313,0,404327403520,8589930496,5946404864,114688
10,1791573746917,2499,2500,800,800,800,800,799,800,2500,2499,2499,2499,2499,2499,799,799,0,0,0,0,0,0,0,5,0,0,0,0,0,0,100,0,80783.70721435547,261384.71844482422,0,404327403520,8589930496,5946404864,114688
9,1791573746927,2499,2500,800,800,800,800,799,800,2500,2499,2499,2499,2499,2499,799,799,0,0,0,0,0,0,0,5,0,0,0,0,0,0,100,0,80783.85412597656,261385.06378173828,0,404327403520,8589930496,5946404864,114688
9,1791573746937,2499,2500,800,800,800,800,799,800,2500,2499,2499,2499,2499,2499,799,799,0,0,0,0,0,0,0,5,0,0,0,0,0,0,100,0,80784.00500488281,261385.37225341797,0,404327403520,8589930496,5946404864,114688
9,1791573746947,2499,2500,800,800,800,800,799,800,2500,2499,2499,2499,2499,2499,799,799,0,0,0,0,0,0,0,5,0,0,0,0,0,0,100,0,80784.15643310547,261385.68426513672,0,404327403520,8589930496,5946404864,114688
9,1791573746957,2499,2500,800,800,800,800,799,800,2500,2499,2499,2499,2499,2499,799,799,0,0,0,0,0,0,0,5,0,0,0,0,0,0,100,0,80784.3060913086,261385.99505615234,0,404327403520,8589930496,5946404864,114688
9,1791573746967,2499,2500,800,800,800,800,799,800,2500,2499,2499,2499,2499,2499,799,799,0,0,0,0,0,0,0,5,0,0,0,0,0,0,100,0,80784.45245361328,261386.30645751953,0,404327403520,8589930496,5946404864,114688
9,1791573746977,2499,2500,800,800,800,800,799,800,2500,2499,2499,2499,2499,2499,799,799,0,0,0,0,0,0,0,5,0,0,0,0,0,0,100,0,80784.60479736328,261386.61975097656,0,404327403520,8589930496,5946404864,114688
9,1791573746987,2499,2500,800,800,800,800,799,800,2500,2499,2499,2499,2499,2499,799,799,0,0,0,0,0,0,0,5,0,0,0,0,0,0,100,0,80784.75714111328,261386.9330444336,0,404327403520,8589930496,5946404864,114688
10,1791573746997,2499,2500,800,800,800,800,799,800,2500,2499,2499,2499,2499,2499,799,799,0,0,0,0,0,0,0,5,0,0,0,0,0,0,100,0,80784.90618896484,261387.23706054688,0,404327403520,8589930496,5946404864,114688
9,1791573747007,2499,2500,800,800,800,800,799,800,2500,2499,2499,2499,2499,2499,799,799,0,0,0,0,0,0,0,5,0,0,0,0,0,0,100,0,80785.07427978516,261387.58013916016,0,404327403520,8589930496,5946404864,114688
9,1791573747017,2499,2500,800,800,800,800,799,800,2500,2499,2499,2499,2499,2499,799,799,0,0,0,0,0,0,0,5,0,0,0,0,0,0,100,0,80785.22259521484,261387.8901977539,0,404327403520,8589930496,5946404864,114688
9,1791573747027,2499,2500,800,800,800,800,799,800,2500,2499,2499,2499,2499,2499,799,799,0,0,0,0,0,0,0,5,0,0,0,0,0,0,100,0,80785.37237548828,261388.20654296875,0,404327403520,8589930496,5946404864,114688
10,1791573747037,2499,2500,800,800,800,800,799,800,2500,2499,2499,2499,2499,2499,799,799,0,0,0,0,0,0,0,10,0,0,0,0,0,0,100,0,80785.52233886719,261388.51873779297,0,404327403520,8589930496,5946404864,114688
9,1791573747048,2499,2500,800,800,800,800,799,800,2500,2499,2499,2499,2499,2499,799,799,0,0,0,0,0,0,0,10,0,0,0,0,0,0,100,0,80785.66918945313,261388.8316040039,0,404327403520,8589930496,5946404864,114688
10,1791573747058,2499,2500,800,800,800,800,799,800,2500,2499,2499,2499,2499,2499,799,799,0,0,0,0,0,0,0,10,0,0,0,0,0,0,100,0,80785.82061767578,261389.1405029297,0,404327403520,8589930496,5946404864,114688
9,1791573747068,2499,2500,800,800,800,800,799,800,2500,2499,2499,2499,2499,2499,799,799,0,0,0,0,0,0,0,10,0,0,0,0,0,0,100,0,80785.97387695313,261389.45294189453,0,404327403520,8589930496,5946404864,114688
9,1791573747078,2499,2500,800,800,800,800,799,800,2500,2499,2499,2499,2499,2499,799,799,0,0,0,0,0,0,0,10,0,0,0,0,0,0,100,0,80786.12493896484,261389.7642211914,0,404327403520,8589930496,5946404864,114688
9,1791573747088,2499,2500,800,800,800,800,799,800,2500,2499,2499,2499,2499,2499,799,799,0,0,0,0,0,0,0,10,0,0,0,0,0,0,100,0,80786.27014160156,261390.08276367188,0,404327403520,8589930496,5946404864,114688
9,1791573747098,2499,2500,800,800,800,800,799,800,2500,2499,2499,2499,2499,2499,799,799,0,0,0,0,0,0,0,10,0,0,0,0,0,0,100,0,80786.41589355469,261390.39324951172,0,404327403520,8589930496,5946404864,114688
9,1791573747108,2499,2500,800,800,800,800,799,800,2500,2499,2499,2499,2499,2499,799,799,0,0,0,0,0,0,0,10,0,0,0,0,0,0,100,0,80786.56622314453,261390.70336914063,0,404327403520,8589930496,5946404864,114688
10,1791573747118,2499,2500,800,800,800,800,799,800,2500,2499,2499,2499,2499,2499,799,799,0,0,0,0,0,0,0,10,0,0,0,0,0,0,100,0,80786.71380615234,261391.01196289063,0,404327403520,8589930496,5938475008,114688
10,1791573747128,2499,2500,800,800,800,800,799,800,2500,2499,2499,2499,2499,2499,799,799,0,0,0,0,0,0,0,10,0,0,0,0,0,0,100,0,80786.85974121094,261391.32348632813,0,404327403520,8589930496,5930049536,114688
9,1791573747138,2499,2500,800,800,800,800,799,800,2500,2499,2499,2499,2499,2499,799,799,0,0,0,0,0,0,0,10,0,0,0,0,0,0,100,0,80787.01977539063,261391.669921875,0,404327403520,8589930496,5930049536,114688
9,1791573747148,2499,2500,800,800,800,800,799,800,2500,2499,2499,2499,2499,2499,799,799,0,0,0,0,0,0,0,10,0,0,0,0,0,0,100,0,80787.16882324219,261391.98077392578,0,404327403520,8589930496,5930049536,114688
9,1791573747158,2499,2500,800,800,800,800,799,800,2500,2499,2499,2499,2499,2499,799,799,0,0,0,0,0,0,0,10,0,0,0,0,0,0,100,0,80787.31420898438,261392.29345703125,0,404327403520,8589930496,5925588992,114688
9,1791573747168,2499,2500,800,800,800,800,799,800,2500,2499,2499,2499,2499,2499,799,799,0,0,0,0,0,0,0,10,0,0,0,0,0,0,100,0,80787.46490478516,261392.6072998047,0,404327403520,8589930496,5925588992,114688
10,1791573747178,2499,2500,800,800,800,800,799,800,2500,2499,2499,2499,2499,2499,799,799,0,0,0,0,0,0,0,10,0,0,0,0,0,0,100,0,80787.61083984375,261392.92321777344,0,404327403520,8589930496,5917659136,114688
9,1791573747188,2499,2500,800,800,800,800,799,800,2500,2499,2499,2499,2499,2499,799,799,0,0,0,0,0,0,0,10,0,0,0,0,0,0,100,0,80787.7593383789,261393.23107910156,0,404327403520,8589930496,5917659136,114688
9,1791573747199,2499,2500,800,800,800,800,799,800,2500,2499,2499,2499,2499,2499,799,799,0,0,0,0,0,0,0,10,0,0,0,0,0,0,100,0,80787.91455078125,261393.54754638672,0,404327403520,8589930496,5913198592,114688
9,1791573747209,2499,2500,800,800,800,800,799,800,2500,2499,2499,2499,2499,2499,799,799,0,0,0,0,0,0,0,10,0,0,0,0,0,0,100,0,80788.07147216797,261393.85791015625,0,404327403520,8589930496,5913198592,114688
9,1791573747219,2499,2500,800,800,800,800,799,800,2500,2499,2499,2499,2499,2499,799,799,0,0,0,0,0,0,0,10,0,0,0,0,0,0,100,0,80788.2212524414,261394.16876220703,0,404327403520,8589930496,5913198592,114688
9,1791573747229,2499,2500,800,800,800,800,799,800,2500,2499,2499,2499,2499,2499,799,799,0,0,0,0,0,0,0,10,0,0,0,0,0,0,100,0,80788.37365722656,261394.4800415039,0,404327403520,8589930496,5907251200,114688
9,1791573747239,2499,2500,800,800,800,800,799,800,2500,2499,2499,2499,2499,2499,799,799,5.263157844543457,0,0,0,0,0,0,9.523809432983398,0,0,0,0,0,0,100,0,80788.52600097656,261394.79260253906,0,404327403520,8589930496,5900312576,114688
9,1791573747249,2499,2500,800,800,800,800,799,800,2500,2499,2499,2499,2499,2499,799,799,5.263157844543457,0,0,0,0,0,0,9.523809432983398,0,0,0,0,0,0,100,0,80788.67700195313,261395.10150146484,0,404327403520,8589930496,5900312576,114688
9,1791573747259,2499,2500,800,800,800,800,799,800,2500,2499,2499,2499,2499,2499,799,799,5.263157844543457,0,0,0,0,0,0,9.523809432983398,0,0,0,0,0,0,100,0,80788.82586669922,261395.41528320313,0,404327403520,8589930496,5893373952,114688
9,1791573747269,2499,2500,800,800,800,800,799,800,2500,2499,2499,2499,2499,2499,799,799,5.263157844543457,0,0,0,0,0,0,9.523809432983398,0,0,0,0,0,0,100,0,80788.97344970703,261395.72576904297,0,404327403520,8589930496,5893373952,114688
9,1791573747279,2499,2500,800,800,800,800,799,800,2500,2499,2499,2499,2499,2499,799,799,5.263157844543457,0,0,0,0,0,0,9.523809432983398,0,0,0,0,0,0,100,0,80789.12689208984,261396.0414428711,0,404327403520,8589930496,5889904640,114688
9,1791573747289,2499,2500,800,800,800,800,799,800,2500,2499,2499,2499,2499,2499,799,799,5.263157844543457,0,0,0,0,0,0,9.523809432983398,0,0,0,0,0,0,100,0,80789.2759399414,261396.35284423828,0,404327403520,8589930496,5886435328,114688
9,1791573747299,2499,2500,800,800,800,800,799,800,2500,2499,2499,2499,2499,2499,799,799,5.263157844543457,0,0,0,0,0,0,9.523809432983398,0,0,0,0,0,0,100,0,80789.42700195313,261396.6669921875,0,404327403520,8589930496,5886435328,114688
10,1791573747309,2499,2500,800,800,800,800,799,800,2500,2499,2499,2499,2499,2499,799,799,5.263157844543457,0,0,0,0,0,0,9.523809432983398,0,0,0,0,0,0,100,0,80789.57495117188,261396.97381591797,0,404327403520,8589930496,5883461632,114688
9,1791573747319,2499,2500,800,800,800,800,799,800,2500,2499,2499,2499,2499,2499,799,799,5.263157844543457,0,0,0,0,0,0,9.523809432983398,0,0,0,0,0,0,100,0,80789.74389648438,261397.31365966797,0,404327403520,8589930496,5879001088,114688
9,1791573747330,2499,2500,800,800,800,800,799,800,2500,2499,2499,2499,2499,2499,799,799,5.263157844543457,0,0,0,0,0,0,9.523809432983398,0,0,0,0,0,0,100,0,80789.89465332031,261397.62896728516,0,404327403520,8589930496,5879001088,114688
10,1791573747340,2499,2500,800,800,800,800,799,800,2500,2499,2499,2499,2499,2499,799,799,5.263157844543457,0,0,0,0,0,0,9.523809432983398,0,0,0,0,0,0,100,0,80790.04296875,261397.94171142578,0,404327403520,8589930496,5875036160,114688
9,1791573747350,2499,2500,800,800,800,800,799,800,2500,2499,2499,2499,2499,2499,799,799,5.263157844543457,0,0,0,0,0,0,9.523809432983398,0,0,0,0,0,0,100,0,80790.1909790039,261398.25299072266,0,404327403520,8589930496,5875036160,114688
9,1791573747360,2499,2500,800,800,800,800,799,800,2500,2499,2499,2499,2499,2499,799,799,5.263157844543457,0,0,0,0,0,0,9.523809432983398,0,0,0,0,0,0,100,0,80790.3369140625,261398.56475830078,0,404327403520,8589930496,5866610688,114688
10,1791573747370,2499,2500,800,800,800,800,799,800,2500,2499,2499,2499,2499,2499,799,799,5.263157844543457,0,0,0,0,0,0,9.523809432983398,0,0,0,0,0,0,100,0,80790.48449707031,261398.87353515625,0,404327403520,8589930496,5866610688,114688
9,1791573747380,2499,2500,800,800,800,800,799,800,2500,2499,2499,2499,2499,2499,799,799,5.263157844543457,0,0,0,0,0,0,9.523809432983398,0,0,0,0,0,0,100,0,80790.63208007813,261399.18170166016,0,404327403520,8589930496,5866610688,114688
9,1791573747390,2499,2500,800,800,800,800,799,800,2500,2499,2499,2499,2499,2499,799,799,5.263157844543457,0,0,0,0,0,0,9.523809432983398,0,0,0,0,0,0,100,0,80790.77954101563,261399.49487304688,0,404327403520,8589930496,5858680832,114688
10,1791573747400,2499,2500,800,800,800,800,799,800,2500,2499,2499,2499,2499,2499,799,799,5.263157844543457,0,0,0,0,0,0,9.523809432983398,0,0,0,0,0,0,100,0,80790.93371582031,261399.80938720703,0,404327403520,8589930496,5858680832,114688
9,1791573747410,2499,2500,800,800,800,800,799,800,2500,2499,2499,2499,2499,2499,799,799,5.263157844543457,0,0,0,0,0,0,9.523809432983398,0,0,0,0,0,0,100,0,80791.08184814453,261400.12176513672,0,404327403520,8589930496,5858680832,114688
10,1791573747420,2499,2500,800,800,800,800,799,800,2500,2499,2499,2499,2499,2499,799,799,5.263157844543457,0,0,0,0,0,0,9.523809432983398,0,0,0,0,0,0,100,0,80791.2299194336,261400.43237304688,0,404327403520,8589930496,5853724672,114688
9,1791573747430,2499,2500,800,800,800,800,799,800,2500,2499,2499,2499,2499,2499,799,799,5.263157844543457,0,0,0,0,0,0,9.523809432983398,0,0,0,0,0,0,100,0,80791.38098144531,261400.73852539063,0,404327403520,8589930496,5853724672,114688
9,1791573747440,2499,2500,800,800,800,800,799,800,2500,2499,2499,2499,2499,2499,799,799,0,0,0,0,0,0,0,5,0,0,0,0,0,0,100,0,80791.52966308594,261401.04541015625,0,404327403520,8589930496,5848272896,114688
9,1791573747450,2499,2500,800,800,800,800,799,800,2500,2499,2499,2499,2499,2499,799,799,0,0,0,0,0,0,0,5,0,0,0,0,0,0,100,0,80791.69171142578,261401.3895263672,0,404327403520,8589930496,5845299200,114688
9,1791573747461,2499,2500,800,800,800,800,799,800,2500,2499,2499,2499,2499,2499,799,799,0,0,0,0,0,0,0,5,0,0,0,0,0,0,100,0,80791.83728027344,261401.7017211914,0,404327403520,8589930496,5845299200,114688
10,1791573747470,2499,2500,800,800,800,800,799,800,2500,2499,2499,2499,2499,2499,799,799,0,0,0,0,0,0,0,5,0,0,0,0,0,0,100,0,80791.97186279297,261401.98278808594,0,404327403520,8589930496,5840838656,114688
9,1791573747481,2499,2500,800,800,800,800,799,800,2500,2499,2499,2499,2499,2499,799,799,0,0,0,0,0,0,0,5,0,0,0,0,0,0,100,0,80792.13775634766,261402.32580566406,0,404327403520,8589930496,5834891264,114688
9,1791573747491,2499,2500,800,800,800,800,799,800,2500,2499,2499,2499,2499,2499,799,799,0,0,0,0,0,0,0,5,0,0,0,0,0,0,100,0,80792.28497314453,261402.6392211914,0,404327403520,8589930496,5834891264,114688
9,1791573747501,2499,2500,800,800,800,800,799,800,2500,2499,2499,2499,2499,2499,799,799,0,0,0,0,0,0,0,5,0,0,0,0,0,0,100,0,80792.43347167969,261402.94927978516,0,404327403520,8589930496,5831421952,114688
9,1791573747511,2499,2500,800,800,800,800,799,800,2500,2499,2499,2499,2499,2499,799,799,0,0,0,0,0,0,0,5,0,0,0,0,0,0,100,0,80792.58123779297,261403.2647705078,0,404327403520,8589930496,5828943872,114688
9,1791573747521,2499,2500,800,800,800,800,799,800,2500,2499,2499,2499,2499,2499,799,799,0,0,0,0,0,0,0,5,0,0,0,0,0,0,100,0,80792.73010253906,261403.57598876953,0,404327403520,8589930496,5828943872,114688
9,1791573747531,2499,2500,800,800,800,800,799,800,2500,2499,2499,2499,2499,2499,799,799,0,0,0,0,0,0,0,5,0,0,0,0,0,0,100,0,80792.8775024414,261403.8885498047,0,404327403520,8589930496,5824978944,114688
9,1791573747541,2499,2500,800,800,800,800,799,800,2500,2499,2499,2499,2499,2499,799,799,0,0,0,0,0,0,0,5,0,0,0,0,0,0,100,0,80793.02526855469,261404.20208740234,0,404327403520,8589930496,5822996480,114688
9,1791573747551,2499,2500,800,800,800,800,799,800,2500,2499,2499,2499,2499,2499,799,799,0,0,0,0,0,0,0,5,0,0,0,0,0,0,100,0,80793.17498779297,261404.515625,0,404327403520,8589930496,5820518400,114688
9,1791573747561,2499,2500,800,800,800,800,799,800,2500,2499,2499,2499,2499,2499,799,799,0,0,0,0,0,0,0,5,0,0,0,0,0,0,100,0,80793.32568359375,261404.82556152344,0,404327403520,8589930496,5812588544,114688
9,1791573747571,2499,2500,800,800,800,800,799,800,2500,2499,2499,2499,2499,2499,799,799,0,0,0,0,0,0,0,5,0,0,0,0,0,0,100,0,80793.47540283203,261405.1362915039,0,404327403520,8589930496,5812588544,114688
9,1791573747581,2499,2500,800,800,800,800,799,800,2500,2499,2499,2499,2499,2499,799,799,0,0,0,0,0,0,0,5,0,0,0,0,0,0,100,0,80793.62060546875,261405.45086669922,0,404327403520,8589930496,5807136768,114688
10,1791573747591,2499,2500,800,800,800,800,799,800,2500,2499,2499,2499,2499,2499,799,799,0,0,0,0,0,0,0,5,0,0,0,0,0,0,100,0,80793.76708984375,261405.76483154297,0,404327403520,8589930496,5801684992,114688
9,1791573747601,2499,2500,800,800,800,800,799,800,2500,2499,2499,2499,2499,2499,799,799,0,0,0,0,0,0,0,5,0,0,0,0,0,0,100,0,80793.9155883789,261406.0809326172,0,404327403520,8589930496,5801684992,114688
9,1791573747612,2499,2500,800,800,800,800,799,800,2500,2499,2499,2499,2499,2499,799,799,0,0,0,0,0,0,0,5,0,0,0,0,0,0,100,0,80794.06939697266,261406.3934326172,0,404327403520,8589930496,5798711296,114688
10,1791573747622,2499,2500,800,800,800,800,799,800,2500,2499,2499,2499,2499,2499,799,799,0,0,0,0,0,0,0,5,0,0,0,0,0,0,100,0,80794.21203613281,261406.70080566406,0,404327403520,8589930496,5798711296,114688
9,1791573747632,2499,2500,800,800,800,800,799,800,2500,2499,2499,2499,2499,2499,799,799,0,0,0,0,0,0,0,5,0,0,0,0,0,0,100,0,80794.3784790039,261407.04205322266,0,404327403520,8589930496,5798711296,114688
9,1791573747642,2499,2500,800,800,800,800,799,800,2500,2499,2499,2499,2499,2499,799,799,5.263157844543457,0,0,0,0,0,0,10,0,0,0,0,0,0,100,0,80794.53228759766,261407.3540649414,0,404327403520,8589930496,5798711296,114688
9,1791573747652,2499,2500,800,800,800,800,799,800,2500,2499,2499,2499,2499,2499,799,799,5.263157844543457,0,0,0,0,0,0,10,0,0,0,0,0,0,100,0,80794.6762084961,261407.66638183594,0,404327403520,8589930496,5798711296,114688
9,1791573747662,2499,2500,800,800,800,800,799,800,2500,2499,2499,2499,2499,2499,799,799,5.263157844543457,0,0,0,0,0,0,10,0,0,0,0,0,0,100,0,80794.82415771484,261407.97918701172,0,404327403520,8589930496,5798711296,114688
9,1791573747672,2499,2500,800,800,800,800,799,800,2500,2499,2499,2499,2499,2499,799,799,5.263157844543457,0,0,0,0,0,0,10,0,0,0,0,0,0,100,0,80794.97521972656,261408.29290771484,0,404327403520,8589930496,5798711296,114688
10,1791573747682,2499,2500,800,800,800,800,799,800,2500,2499,2499,2499,2499,2499,799,799,5.263157844543457,0,0,0,0,0,0,10,0,0,0,0,0,0,100,0,80795.12548828125,261408.60546875,0,404327403520,8589930496,5798711296,114688
9,1791573747692,2499,2500,800,800,800,800,799,800,2500,2499,2499,2499,2499,2499,799,799,5.263157844543457,0,0,0,0,0,0,10,0,0,0,0,0,0,100,0,80795.28149414063,261408.91082763672,0,404327403520,8589930496,5798711296,114688
10,1791573747702,2499,2500,800,800,800,800,799,800,2500,2499,2499,2499,2499,2499,799,799,5.263157844543457,0,0,0,0,0,0,10,0,0,0,0,0,0,100,0,80795.4312133789,261409.2241821289,0,404327403520,8589930496,5798711296,114688
9,1791573747712,2499,2500,800,800,800,800,799,800,2500,2499,2499,2499,2499,2499,799,799,5.263157844543457,0,0,0,0,0,0,10,0,0,0,0,0,0,100,0,80795.57879638672,261409.53869628906,0,404327403520,8589930496,5798711296,114688
10,1791573747722,2499,2500,800,800,800,800,799,800,2500,2499,2499,2499,2499,2499,799,799,5.263157844543457,0,0,0,0,0,0,10,0,0,0,0,0,0,100,0,80795.7318725586,261409.8519897461,0,404327403520,8589930496,5798711296,114688
10,1791573747732,2499,2500,800,800,800,800,799,800,2500,2499,2499,2499,2499,2499,799,799,5.263157844543457,0,0,0,0,0,0,10,0,0,0,0,0,0,100,0,80795.87854003906,261410.16607666016,0,404327403520,8589930496,5798711296,114688
9,1791573747742,2499,2500,800,800,800,800,799,800,2500,2499,2499,2499,2499,2499,799,799,5.263157844543457,0,0,0,0,0,0,10,0,0,0,0,0,0,100,0,80796.03186035156,261410.4793701172,0,404327403520,8589930496,5798711296,114688
10,1791573747752,2499,2500,800,800,800,800,799,800,2500,2499,2499,2499,2499,2499,799,799,5.263157844543457,0,0,0,0,0,0,10,0,0,0,0,0,0,100,0,80796.18200683594,261410.79455566406,0,404327403520,8589930496,5798711296,114688
9,1791573747763,2499,2500,800,800,800,800,799,800,2500,2499,2499,2499,2499,2499,799,799,5.263157844543457,0,0,0,0,0,0,10,0,0,0,0,0,0,100,0,80796.32958984375,261411.11126708984,0,404327403520,8589930496,5798711296,114688
9,1791573747773,2499,2500,800,800,800,800,799,800,2500,2499,2499,2499,2499,2499,799,799,5.263157844543457,0,0,0,0,0,0,10,0,0,0,0,0,0,100,0,80796.48046875,261411.42095947266,0,404327403520,8589930496,5798711296,114688
9,1791573747783,2499,2500,800,800,800,800,799,800,2500,2499,2499,2499,2499,2499,799,799,5.263157844543457,0,0,0,0,0,0,10,0,0,0,0,0,0,100,0,80796.6298828125,261411.7349243164,0,404327403520,8589930496,5798711296,114688
9,1791573747793,2499,2500,800,800,800,800,799,800,2500,2499,2499,2499,2499,2499,799,799,5.263157844543457,0,0,0,0,0,0,10,0,0,0,0,0,0,100,0,80796.79132080078,261412.0776977539,0,404327403520,8589930496,5798711296,114688
9,1791573747803,2499,2500,800,800,800,800,799,800,2500,2499,2499,2499,2499,2499,799,799,5.263157844543457,0,0,0,0,0,0,10,0,0,0,0,0,0,100,0,80796.93908691406,261412.39227294922,0,404327403520,8589930496,5798711296,114688
9,1791573747813,2499,2500,800,800,800,800,799,800,2500,2499,2499,2499,2499,2499,799,799,5.263157844543457,0,0,0,0,0,0,10,0,0,0,0,0,0,100,0,80797.08740234375,261412.70141601563,0,404327403520,8589930496,5798711296,114688
9,1791573747823,2499,2500,800,800,800,800,799,800,2500,2499,2499,2499,2499,2499,799,799,5.263157844543457,0,0,0,0,0,0,10,0,0,0,0,0,0,100,0,80797.23663330078,261413.02587890625,0,404327403520,8589930496,5798711296,114688
9,1791573747833,2499,2500,800,800,800,800,799,800,2500,2499,2499,2499,2499,2499,799,799,5.263157844543457,0,0,0,0,0,0,10,0,0,0,0,0,0,100,0,80797.38934326172,261413.33953857422,0,404327403520,8589930496,5798711296,114688
10,1791573747843,2499,2500,800,800,800,800,799,800,2500,2499,2499,2499,2499,2499,799,799,5.263157844543457,0,0,0,0,0,0,9.523809432983398,0,0,0,0,0,0,100,0,80797.53546142578,261413.65454101563,0,404327403520,8589930496,5798711296,114688
9,1791573747853,2499,2500,800,800,800,800,799,800,2500,2499,2499,2499,2499,2499,799,799,5.263157844543457,0,0,0,0,0,0,9.523809432983398,0,0,0,0,0,0,100,0,80797.68975830078,261413.9642944336,0,404327403520,8589930496,5798711296,114688
9,1791573747863,2499,2500,800,800,800,800,799,800,2500,2499,2499,2499,2499,2499,799,799,5.263157844543457,0,0,0,0,0,0,9.523809432983398,0,0,0,0,0,0,100,0,80797.84063720703,261414.28021240234,0,404327403520,8589930496,5798711296,114688
9,1791573747873,2499,2500,800,800,800,800,799,800,2500,2499,2499,2499,2499,2499,799,799,5.263157844543457,0,0,0,0,0,0,9.523809432983398,0,0,0,0,0,0,100,0,80797.98907470703,261414.5916748047,0,404327403520,8589930496,5798711296,114688
10,1791573747883,2499,2500,800,800,800,800,799,800,2500,2499,2499,2499,2499,2499,799,799,5.263157844543457,0,0,0,0,0,0,9.523809432983398,0,0,0,0,0,0,100,0,80798.13793945313,261414.89721679688,0,404327403520,8589930496,5798711296,114688
9,1791573747894,2499,2500,800,800,800,800,799,800,2500,2499,2499,2499,2499,2499,799,799,5.263157844543457,0,0,0,0,0,0,9.523809432983398,0,0,0,0,0,0,100,0,80798.28314208984,261415.21502685547,0,404327403520,8589930496,5798711296,114688
10,1791573747904,2499,2500,800,800,800,800,799,800,2500,2499,2499,2499,2499,2499,799,799,5.263157844543457,0,0,0,0,0,0,9.523809432983398,0,0,0,0,0,0,100,0,80798.43383789063,261415.52368164063,0,404327403520,8589930496,5798711296,114688
9,1791573747914,2499,2500,800,800,800,800,799,800,2500,2499,2499,2499,2499,2499,799,799,5.263157844543457,0,0,0,0,0,0,9.523809432983398,0,0,0,0,0,0,100,0,80798.5810546875,261415.8363647461,0,404327403520,8589930496,5798711296,114688
9,1791573747924,2499,2500,800,800,800,800,799,800,2500,2499,2499,2499,2499,2499,799,799,5.263157844543457,0,0,0,0,0,0,9.523809432983398,0,0,0,0,0,0,100,0,80798.72607421875,261416.15075683594,0,404327403520,8589930496,5798711296,114688
10,1791573747934,2499,2500,800,800,800,800,799,800,2500,2499,2499,2499,2499,2499,799,799,5.263157844543457,0,0,0,0,0,0,9.523809432983398,0,0,0,0,0,0,100,0,80798.87231445313,261416.46270751953,0,404327403520,8589930496,5798711296,114688
9,1791573747944,2499,2500,800,800,800,800,799,800,2500,2499,2499,2499,2499,2499,799,799,5.263157844543457,0,0,0,0,0,0,9.523809432983398,0,0,0,0,0,0,100,0,80799.02575683594,261416.7713623047,0,404327403520,8589930496,5798711296,114688
9,1791573747954,2499,2500,800,800,800,800,799,800,2500,2499,2499,2499,2499,2499,799,799,5.263157844543457,0,0,0,0,0,0,9.523809432983398,0,0,0,0,0,0,100,0,80799.17077636719,261417.0795288086,0,404327403520,8589930496,5798711296,114688
10,1791573747964,2499,2500,800,800,800,800,799,800,2500,2499,2499,2499,2499,2499,799,799,5.263157844543457,0,0,0,0,0,0,9.523809432983398,0,0,0,0,0,0,100,0,80799.31927490234,261417.3953857422,0,404327403520,8589930496,5798711296,114688
9,1791573747974,2499,2500,800,800,800,800,799,800,2500,2499,2499,2499,2499,2499,799,799,5.263157844543457,0,0,0,0,0,0,9.523809432983398,0,0,0,0,0,0,100,0,80799.48065185547,261417.74114990234,0,404327403520,8589930496,5798711296,114688
9,1791573747984,2499,2500,800,800,800,800,799,800,2500,2499,2499,2499,2499,2499,799,799,5.263157844543457,0,0,0,0,0,0,9.523809432983398,0,0,0,0,0,0,100,0,80799.63153076172,261418.05438232422,0,404327403520,8589930496,5798711296,114688
10,1791573747994,2499,2500,800,800,800,800,799,800,2500,2499,2499,2499,2499,2499,799,799,5.263157844543457,0,0,0,0,0,0,9.523809432983398,0,0,0,0,0,0,100,0,80799.76336669922,261418.3685913086,0,404327403520,8589930496,5798711296,114688
9,1791573748004,2499,2500,800,800,800,800,799,800,2500,2499,2499,2499,2499,2499,799,799,5.263157844543457,0,0,0,0,0,0,9.523809432983398,0,0,0,0,0,0,100,0,80799.92657470703,261418.6787109375,0,404327403520,8589930496,5798711296,114688
9,1791573748014,2499,2500,800,800,800,800,799,800,2500,2499,2499,2499,2499,2499,799,799,5.263157844543457,0,0,0,0,0,0,9.523809432983398,0,0,0,0,0,0,100,0,80800.07232666016,261418.99249267578,0,404327403520,8589930496,5798711296,114688
9,1791573748024,2499,2500,800,800,800,800,799,800,2500,2499,2499,2499,2499,2499,799,799,5.263157844543457,0,0,0,0,0,0,9.523809432983398,0,0,0,0,0,0,100,0,80800.22283935547,261419.30780029297,0,404327403520,8589930496,5798711296,114688
9,1791573748034,2499,2500,800,800,800,800,799,800,2500,2499,2499,2499,2499,2499,799,799,5.263157844543457,0,0,0,0,0,0,9.523809432983398,0,0,0,0,0,0,100,0,80800.37097167969,261419.61700439453,0,404327403520,8589930496,5798711296,114688
10,1791573748044,2499,2500,800,800,800,800,799,800,2500,2499,2499,2499,2499,2499,799,799,0,0,0,0,0,0,0,5.263157844543457,0,0,0,0,0,0,100,0,80800.52478027344,261419.93170166016,0,404327403520,8589930496,5798711296,114688
9,1791573748055,2499,2500,800,800,800,800,799,800,2500,2499,2499,2499,2499,2499,799,799,0,0,0,0,0,0,0,5.263157844543457,0,0,0,0,0,0,100,0,80800.67254638672,261420.24853515625,0,404327403520,8589930496,5798711296,114688
9,1791573748065,2499,2500,800,800,800,800,799,800,2500,2499,2499,2499,2499,2499,799,799,0,0,0,0,0,0,0,5.263157844543457,0,0,0,0,0,0,100,0,80800.81994628906,261420.5526123047,0,404327403520,8589930496,5798711296,114688
9,1791573748075,2499,2500,800,800,800,800,799,800,2500,2499,2499,2499,2499,2499,799,799,0,0,0,0,0,0,0,5.263157844543457,0,0,0,0,0,0,100,0,80800.96697998047,261420.8638305664,0,404327403520,8589930496,5798711296,114688
9,1791573748085,2499,2500,800,800,800,800,799,800,2500,2499,2499,2499,2499,2499,799,799,0,0,0,0,0,0,0,5.263157844543457,0,0,0,0,0,0,100,0,80801.11181640625,261421.17724609375,0,404327403520,8589930496,5798711296,114688
9,1791573748095,2499,2500,800,800,800,800,799,800,2500,2499,2499,2499,2499,2499,799,799,0,0,0,0,0,0,0,5.263157844543457,0,0,0,0,0,0,100,0,80801.2621459961,261421.49255371094,0,404327403520,8589930496,5798711296,114688
9,1791573748105,2499,2500,800,800,800,800,799,800,2500,2499,2499,2499,2499,2499,799,799,0,0,0,0,0,0,0,5.263157844543457,0,0,0,0,0,0,100,0,80801.41339111328,261421.8081665039,0,404327403520,8589930496,5798711296,114688
9,1791573748115,2499,2500,800,800,800,800,799,800,2500,2499,2499,2499,2499,2499,799,799,0,0,0,0,0,0,0,5.263157844543457,0,0,0,0,0,0,100,0,80801.56243896484,261422.12286376953,0,404327403520,8589930496,5798711296,114688
9,1791573748125,2499,2500,800,800,800,800,799,800,2500,2499,2499,2499,2499,2499,799,799,0,0,0,0,0,0,0,5.263157844543457,0,0,0,0,0,0,100,0,80801.71130371094,261422.4302368164,0,404327403520,8589930496,5798711296,114688
9,1791573748135,2499,2500,800,800,800,800,799,800,2500,2499,2499,2499,2499,2499,799,799,0,0,0,0,0,0,0,5.263157844543457,0,0,0,0,0,0,100,0,80801.87725830078,261422.77459716797,0,404327403520,8589930496,5790998528,114688
10,1791573748145,2499,2500,800,800,800,800,799,800,2500,2499,2499,2499,2499,2499,799,799,0,0,0,0,0,0,0,5.263157844543457,0,0,0,0,0,0,100,0,80802.0142211914,261423.05987548828,0,404327403520,8589930496,5789474816,114688
9,1791573748155,2499,2500,800,800,800,800,799,800,2500,2499,2499,2499,2499,2499,799,799,0,0,0,0,0,0,0,5.263157844543457,0,0,0,0,0,0,100,0,80802.1724243164,261423.40545654297,0,404327403520,8589930496,5789474816,114688
9,1791573748165,2499,2500,800,800,800,800,799,800,2500,2499,2499,2499,2499,2499,799,799,0,0,0,0,0,0,0,5.263157844543457,0,0,0,0,0,0,100,0,80802.32385253906,261423.71618652344,0,404327403520,8589930496,5789474816,114688
9,1791573748176,2499,2500,800,800,800,800,799,800,2500,2499,2499,2499,2499,2499,799,799,0,0,0,0,0,0,0,5.263157844543457,0,0,0,0,0,0,100,0,80802.4765625,261424.0347290039,0,404327403520,8589930496,5789474816,114688
10,1791573748186,2499,2500,800,800,800,800,799,800,2500,2499,2499,2499,2499,2499,799,799,0,0,0,0,0,0,0,5.263157844543457,0,0,0,0,0,0,100,0,80802.62396240234,261424.34912109375,0,404327403520,8589930496,5789474816,114688
9,1791573748196,2499,2500,800,800,800,800,799,800,2500,2499,2499,2499,2499,2499,799,799,0,0,0,0,0,0,0,5.263157844543457,0,0,0,0,0,0,100,0,80802.77813720703,261424.66040039063,0,404327403520,8589930496,5789474816,114688
9,1791573748206,2499,2500,800,800,800,800,799,800,2500,2499,2499,2499,2499,2499,799,799,0,0,0,0,0,0,0,5.263157844543457,0,0,0,0,0,0,100,0,80802.92572021484,261424.97229003906,0,404327403520,8589930496,5789474816,114688
9,1791573748216,2499,2500,800,800,800,800,799,800,2500,2499,2499,2499,2499,2499,799,799,0,0,0,0,0,0,0,5.263157844543457,0,0,0,0,0,0,100,0,80803.07421875,261425.28887939453,0,404327403520,8589930496,5789474816,114688
9,1791573748226,2499,2500,800,800,800,800,799,800,2500,2499,2499,2499,2499,2499,799,799,0,0,0,0,0,0,0,5.263157844543457,0,0,0,0,0,0,100,0,80803.2230834961,261425.60180664063,0,404327403520,8589930496,5789474816,114688
9,1791573748236,2499,2500,800,800,800,800,799,800,2500,2499,2499,2499,2499,2499,799,799,0,0,0,0,0,0,0,5.263157844543457,0,0,0,0,0,0,100,0,80803.37036132813,261425.91241455078,0,404327403520,8589930496,5789474816,114688
10,1791573748246,2499,2500,800,800,800,800,799,800,2500,2499,2499,2499,2499,2499,799,799,0,0,0,0,0,0,0,9.523809432983398,0,0,0,0,0,0,100,0,80803.51818847656,261426.22259521484,0,404327403520,8589930496,5789474816,114688
9,1791573748256,2499,2500,800,800,800,800,799,800,2500,2499,2499,2499,2499,2499,799,799,0,0,0,0,0,0,0,9.523809432983398,0,0,0,0,0,0,100,0,80803.66650390625,261426.53350830078,0,404327403520,8589930496,5789474816,114688
9,1791573748266,2499,2500,800,800,800,800,799,800,2500,2499,2499,2499,2499,2499,799,799,0,0,0,0,0,0,0,9.523809432983398,0,0,0,0,0,0,100,0,80803.814453125,261426.85821533203,0,404327403520,8589930496,5789474816,114688
10,1791573748276,2499,2500,800,800,800,800,799,800,2500,2499,2499,2499,2499,2499,799,799,0,0,0,0,0,0,0,9.523809432983398,0,0,0,0,0,0,100,0,80803.9662475586,261427.17181396484,0,404327403520,8589930496,5789474816,114688
9,1791573748286,2499,2500,800,800,800,800,799,800,2500,2499,2499,2499,2499,2499,799,799,0,0,0,0,0,0,0,9.523809432983398,0,0,0,0,0,0,100,0,80804.11163330078,261427.48370361328,0,404327403520,8589930496,5789474816,114688
9,1791573748296,2499,2500,800,800,800,800,799,800,2500,2499,2499,2499,2499,2499,799,799,0,0,0,0,0,0,0,9.523809432983398,0,0,0,0,0,0,100,0,80804.25958251953,261427.7958984375,0,404327403520,8589930496,5789474816,114688
9,1791573748306,2499,2500,800,800,800,800,799,800,2500,2499,2499,2499,2499,2499,799,799,0,0,0,0,0,0,0,9.523809432983398,0,0,0,0,0,0,100,0,80804.4208984375,261428.13745117188,0,404327403520,8589930496,5789474816,114688
9,1791573748317,2499,2500,800,800,800,800,799,800,2500,2499,2499,2499,2499,2499,799,799,0,0,0,0,0,0,0,9.523809432983398,0,0,0,0,0,0,100,0,80804.5634765625,261428.44219970703,0,404327403520,8589930496,5789474816,114688
9,1791573748327,2499,2500,800,800,800,800,799,800,2500,2499,2499,2499,2499,2499,799,799,0,0,0,0,0,0,0,9.523809432983398,0,0,0,0,0,0,100,0,80804.71435546875,261428.75708007813,0,404327403520,8589930496,5789474816,114688
10,1791573748337,2499,2500,800,800,800,800,799,800,2500,2499,2499,2499,2499,2499,799,799,0,0,0,0,0,0,0,9.523809432983398,0,0,0,0,0,0,100,0,80804.85717773438,261429.06768798828,0,404327403520,8589930496,5789474816,114688
9,1791573748347,2499,2500,800,800,800,800,799,800,2500,2499,2499,2499,2499,2499,799,799,0,0,0,0,0,0,0,9.523809432983398,0,0,0,0,0,0,100,0,80805.00689697266,261429.38018798828,0,404327403520,8589930496,5789474816,114688
9,1791573748357,2499,2500,800,800,800,800,799,800,2500,2499,2499,2499,2499,2499,799,799,0,0,0,0,0,0,0,9.523809432983398,0,0,0,0,0,0,100,0,80805.15100097656,261429.6937866211,0,404327403520,8589930496,5789474816,114688
9,1791573748367,2499,2500,800,800,800,800,799,800,2500,2499,2499,2499,2499,2499,799,799,0,0,0,0,0,0,0,9.523809432983398,0,0,0,0,0,0,100,0,80805.30029296875,261430.00659179688,0,404327403520,8589930496,5789474816,114688
9,1791573748377,2499,2500,800,800,800,800,799,800,2500,2499,2499,2499,2499,2499,799,799,0,0,0,0,0,0,0,9.523809432983398,0,0,0,0,0,0,100,0,80805.45208740234,261430.31231689453,0,404327403520,8589930496,5789474816,114688
10,1791573748387,2499,2500,800,800,800,800,799,800,2500,2499,2499,2499,2499,2499,799,799,0,0,0,0,0,0,0,9.523809432983398,0,0,0,0,0,0,100,0,80805.60260009766,261430.62530517578,0,404327403520,8589930496,5789474816,114688
10,1791573748397,2499,2500,800,800,800,800,799,800,2500,2499,2499,2499,2499,2499,799,799,0,0,0,0,0,0,0,9.523809432983398,0,0,0,0,0,0,100,0,80805.75360107422,261430.93811035156,0,404327403520,8589930496,5789474816,114688
10,1791573748407,2499,2500,800,800,800,800,799,800,2500,2499,2499,2499,2499,2499,799,799,0,0,0,0,0,0,0,9.523809432983398,0,0,0,0,0,0,100,0,80805.90319824219,261431.25225830078,0,404327403520,8589930496,5789474816,114688
9,1791573748417,2499,2500,800,800,800,800,799,800,2500,2499,2499,2499,2499,2499,799,799,0,0,0,0,0,0,0,9.523809432983398,0,0,0,0,0,0,100,0,80806.0542602539,261431.56469726563,0,404327403520,8589930496,5789474816,114688
9,1791573748427,2499,2500,800,800,800,800,799,800,2500,2499,2499,2499,2499,2499,799,799,0,0,0,0,0,0,0,9.523809432983398,0,0,0,0,0,0,100,0,80806.20788574219,261431.87664794922,0,404327403520,8589930496,5789474816,114688
10,1791573748437,2499,2500,800,800,800,800,799,800,2500,2499,2499,2499,2499,2499,799,799,0,0,0,0,0,0,0,9.523809432983398,0,0,0,0,0,0,100,0,80806.35675048828,261432.18572998047,0,404327403520,8589930496,5789474816,114688
9,1791573748447,2499,2500,800,800,800,800,799,800,2500,2499,2499,2499,2499,2499,799,799,0,0,0,0,0,0,0,5,0,0,0,0,0,0,100,0,80806.50750732422,261432.49578857422,0,404327403520,8589930496,5789474816,114688
10,1791573748457,2499,2500,800,800,800,800,799,800,2500,2499,2499,2499,2499,2499,799,799,0,0,0,0,0,0,0,5,0,0,0,0,0,0,100,0,80806.65838623047,261432.81469726563,0,404327403520,8589930496,5789474816,114688
9,1791573748468,2499,2500,800,800,800,800,799,800,2500,2499,2499,2499,2499,2499,799,799,0,0,0,0,0,0,0,5,0,0,0,0,0,0,100,0,80806.80615234375,261433.12866210938,0,404327403520,8589930496,5789474816,114688
9,1791573748478,2499,2500,800,800,800,800,799,800,2500,2499,2499,2499,2499,2499,799,799,0,0,0,0,0,0,0,5,0,0,0,0,0,0,100,0,80806.96948242188,261433.47412109375,0,404327403520,8589930496,5789474816,114688
9,1791573748488,2499,2500,800,800,800,800,799,800,2500,2499,2499,2499,2499,2499,799,799,0,0,0,0,0,0,0,5,0,0,0,0,0,0,100,0,80807.11798095703,261433.78686523438,0,404327403520,8589930496,5789474816,114688
10,1791573748498,2499,2500,800,800,800,800,799,800,2500,2499,2499,2499,2499,2499,799,799,0,0,0,0,0,0,0,5,0,0,0,0,0,0,100,0,80807.25805664063,261434.06622314453,0,404327403520,8589930496,5789474816,114688
9,1791573748508,2499,2500,800,800,800,800,799,800,2500,2499,2499,2499,2499,2499,799,799,0,0,0,0,0,0,0,5,0,0,0,0,0,0,100,0,80807.42651367188,261434.4105834961,0,404327403520,8589930496,5789474816,114688
9,1791573748518,2499,2500,800,800,800,800,799,800,2500,2499,2499,2499,2499,2499,799,799,0,0,0,0,0,0,0,5,0,0,0,0,0,0,100,0,80807.5757446289,261434.72302246094,0,404327403520,8589930496,5789474816,114688
9,1791573748528,2499,2500,800,800,800,800,799,800,2500,2499,2499,2499,2499,2499,799,799,0,0,0,0,0,0,0,5,0,0,0,0,0,0,100,0,80807.72094726563,261435.03582763672,0,404327403520,8589930496,5789474816,114688
10,1791573748538,2499,2500,800,800,800,800,799,800,2500,2499,2499,2499,2499,2499,799,799,0,0,0,0,0,0,0,5,0,0,0,0,0,0,100,0,80807.87310791016,261435.34997558594,0,404327403520,8589930496,5789474816,114688
9,1791573748548,2499,2500,800,800,800,800,799,800,2500,2499,2499,2499,2499,2499,799,799,0,0,0,0,0,0,0,5,0,0,0,0,0,0,100,0,80808.02117919922,261435.66467285156,0,404327403520,8589930496,5789474816,114688
10,1791573748558,2499,2500,800,800,800,800,799,800,2500,2499,2499,2499,2499,2499,799,799,0,0,0,0,0,0,0,5,0,0,0,0,0,0,100,0,80808.16986083984,261435.97662353516,0,404327403520,8589930496,5789474816,114688
9,1791573748568,2499,2500,800,800,800,800,799,800,2500,2499,2499,2499,2499,2499,799,799,0,0,0,0,0,0,0,5,0,0,0,0,0,0,100,0,80808.31811523438,261436.28588867188,0,404327403520,8589930496,5789474816,114688
9,1791573748578,2499,2500,800,800,800,800,799,800,2500,2499,2499,2499,2499,2499,799,799,0,0,0,0,0,0,0,5,0,0,0,0,0,0,100,0,80808.4644165039,261436.5991821289,0,404327403520,8589930496,5789474816,114688
10,1791573748588,2499,2500,800,800,800,800,799,800,2500,2499,2499,2499,2499,2499,799,799,0,0,0,0,0,0,0,5,0,0,0,0,0,0,100,0,80808.61511230469,261436.91137695313,0,404327403520,8589930496,5789474816,114688
9,1791573748598,2499,2500,800,800,800,800,799,800,2500,2499,2499,2499,2499,2499,799,799,0,0,0,0,0,0,0,5,0,0,0,0,0,0,100,0,80808.77239990234,261437.2269897461,0,404327403520,8589930496,5789474816,114688
9,1791573748609,2499,2500,800,800,800,800,799,800,2500,2499,2499,2499,2499,2499,799,799,0,0,0,0,0,0,0,5,0,0,0,0,0,0,100,0,80808.92218017578,261437.5394897461,0,404327403520,8589930496,5789474816,114688
9,1791573748619,2499,2500,800,800,800,800,799,800,2500,2499,2499,2499,2499,2499,799,799,0,0,0,0,0,0,0,5,0,0,0,0,0,0,100,0,80809.06628417969,261437.849609375,0,404327403520,8589930496,5789474816,114688
9,1791573748629,2499,2500,800,800,800,800,799,800,2500,2499,2499,2499,2499,2499,799,799,0,0,0,0,0,0,0,5,0,0,0,0,0,0,100,0,80809.23638916016,261438.1854248047,0,404327403520,8589930496,5789474816,114688
9,1791573748639,2499,2500,800,800,800,800,799,800,2500,2499,2499,2499,2499,2499,799,799,0,0,0,0,0,0,0,5,0,0,0,0,0,0,100,0,80809.38983154297,261438.49517822266,0,404327403520,8589930496,5789474816,114688
9,1791573748649,2499,2500,800,800,800,800,799,800,2500,2499,2499,2499,2499,2499,799,799,0,0,0,0,0,0,0,10,0,0,0,0,0,0,100,0,80809.53887939453,261438.80798339844,0,404327403520,8589930496,5789474816,114688
9,1791573748659,2499,2500,800,800,800,800,799,800,2500,2499,2499,2499,2499,2499,799,799,0,0,0,0,0,0,0,10,0,0,0,0,0,0,100,0,80809.68719482422,261439.12127685547,0,404327403520,8589930496,5789474816,114688
9,1791573748669,2499,2500,800,800,800,800,799,800,2500,2499,2499,2499,2499,2499,799,799,0,0,0,0,0,0,0,10,0,0,0,0,0,0,100,0,80809.83618164063,261439.40942382813,0,404327403520,8589930496,5789474816,114688
9,1791573748679,2499,2500,800,800,800,800,799,800,2500,2499,2499,2499,2499,2499,799,799,0,0,0,0,0,0,0,10,0,0,0,0,0,0,100,0,80809.98779296875,261439.74670410156,0,404327403520,8589930496,5789474816,114688
9,1791573748689,2499,2500,800,800,800,800,799,800,2500,2499,2499,2499,2499,2499,799,799,0,0,0,0,0,0,0,10,0,0,0,0,0,0,100,0,80810.14196777344,261440.06280517578,0,404327403520,8589930496,5789474816,114688
9,1791573748699,2499,2500,800,800,800,800,799,800,2500,2499,2499,2499,2499,2499,799,799,0,0,0,0,0,0,0,10,0,0,0,0,0,0,100,0,80810.29907226563,261440.36590576172,0,404327403520,8589930496,5789474816,114688
10,1791573748709,2499,2500,800,800,800,800,799,800,2500,2499,2499,2499,2499,2499,799,799,0,0,0,0,0,0,0,10,0,0,0,0,0,0,100,0,80810.4457397461,261440.67474365234,0,404327403520,8589930496,5789474816,114688
9,1791573748719,2499,2500,800,800,800,800,799,800,2500,2499,2499,2499,2499,2499,799,799,0,0,0,0,0,0,0,10,0,0,0,0,0,0,100,0,80810.59735107422,261440.99340820313,0,404327403520,8589930496,5789474816,114688
9,1791573748729,2499,2500,800,800,800,800,799,800,2500,2499,2499,2499,2499,2499,799,799,0,0,0,0,0,0,0,10,0,0,0,0,0,0,100,0,80810.7435913086,261441.3096923828,0,404327403520,8589930496,5789474816,114688
9,1791573748739,2499,2500,800,800,800,800,799,800,2500,2499,2499,2499,2499,2499,799,799,0,0,0,0,0,0,0,10,0,0,0,0,0,0,100,0,80810.89520263672,261441.6153564453,0,404327403520,8589930496,5789474816,114688
10,1791573748749,2499,2500,800,800,800,800,799,800,2500,2499,2499,2499,2499,2499,799,799,0,0,0,0,0,0,0,10,0,0,0,0,0,0,100,0,80811.04370117188,261441.93334960938,0,404327403520,8589930496,5789474816,114688
10,1791573748760,2499,2500,800,800,800,800,799,800,2500,2499,2499,2499,2499,2499,799,799,0,0,0,0,0,0,0,10,0,0,0,0,0,0,100,0,80811.19464111328,261442.24633789063,0,404327403520,8589930496,5789474816,114688
9,1791573748770,2499,2500,800,800,800,800,799,800,2500,2499,2499,2499,2499,2499,799,799,0,0,0,0,0,0,0,10,0,0,0,0,0,0,100,0,80811.3427734375,261442.56079101563,0,404327403520,8589930496,5789474816,114688
9,1791573748780,2499,2500,800,800,800,800,799,800,2500,2499,2499,2499,2499,2499,799,799,0,0,0,0,0,0,0,10,0,0,0,0,0,0,100,0,80811.4951171875,261442.87078857422,0,404327403520,8589930496,5789474816,114688
10,1791573748790,2499,2500,800,800,800,800,799,800,2500,2499,2499,2499,2499,2499,799,799,0,0,0,0,0,0,0,10,0,0,0,0,0,0,100,0,80811.64819335938,261443.18463134766,0,404327403520,8589930496,5789474816,114688
9,1791573748800,2499,2500,800,800,800,800,799,800,2500,2499,2499,2499,2499,2499,799,799,0,0,0,0,0,0,0,10,0,0,0,0,0,0,100,0,80811.79724121094,261443.49450683594,0,404327403520,8589930496,5789474816,114688
10,1791573748810,2499,2500,800,800,800,800,799,800,2500,2499,2499,2499,2499,2499,799,799,0,0,0,0,0,0,0,10,0,0,0,0,0,0,100,0,80811.94482421875,261443.80615234375,0,404327403520,8589930496,5789474816,114688
9,1791573748820,2499,2500,800,800,800,800,799,800,2500,2499,2499,2499,2499,2499,799,799,0,0,0,0,0,0,0,10,0,0,0,0,0,0,100,0,80812.09588623047,261444.14752197266,0,404327403520,8589930496,5789474816,114688
9,1791573748830,2499,2500,800,800,800,800,799,800,2500,2499,2499,2499,2499,2499,799,799,0,0,0,0,0,0,0,10,0,0,0,0,0,0,100,0,80812.25775146484,261444.4619140625,0,404327403520,8589930496,5789474816,114688
9,1791573748840,2499,2500,800,800,800,800,799,800,2500,2499,2499,2499,2499,2499,799,799,0,0,0,0,0,0,0,10,0,0,0,0,0,0,100,0,80812.40881347656,261444.77728271484,0,404327403520,8589930496,5789474816,114688
9,1791573748850,2499,2500,800,800,800,800,799,800,2500,2499,2499,2499,2499,2499,799,799,10,0,0,0,0,0,0,9.523809432983398,0,0,0,0,0,0,100,0,80812.56262207031,261445.08435058594,0,404327403520,8589930496,5789474816,114688
9,1791573748860,2499,2500,800,800,800,800,799,800,2500,2499,2499,2499,2499,2499,799,799,10,0,0,0,0,0,0,9.523809432983398,0,0,0,0,0,0,100,0,80812.71142578125,261445.39910888672,0,404327403520,8589930496,5789474816,114688
10,1791573748870,2499,2500,800,800,800,800,799,800,2500,2499,2499,2499,2499,2499,799,799,10,0,0,0,0,0,0,9.523809432983398,0,0,0,0,0,0,100,0,80812.85900878906,261445.71252441406,0,404327403520,8589930496,5789474816,114688
9,1791573748880,2499,2500,800,800,800,800,799,800,2500,2499,2499,2499,2499,2499,799,799,10,0,0,0,0,0,0,9.523809432983398,0,0,0,0,0,0,100,0,80813.00811767578,261446.02423095703,0,404327403520,8589930496,5789474816,114688
9,1791573748890,2499,2500,800,800,800,800,799,800,2500,2499,2499,2499,2499,2499,799,799,10,0,0,0,0,0,0,9.523809432983398,0,0,0,0,0,0,100,0,80813.1538696289,261446.3334350586,0,404327403520,8589930496,5789474816,114688
9,1791573748901,2499,2500,800,800,800,800,799,800,2500,2499,2499,2499,2499,2499,799,799,10,0,0,0,0,0,0,9.523809432983398,0,0,0,0,0,0,100,0,80813.30798339844,261446.65142822266,0,404327403520,8589930496,5789474816,114688
9,1791573748911,2499,2500,800,800,800,800,799,800,2500,2499,2499,2499,2499,2499,799,799,10,0,0,0,0,0,0,9.523809432983398,0,0,0,0,0,0,100,0,80813.46087646484,261446.96704101563,0,404327403520,8589930496,5789474816,114688
9,1791573748921,2499,2500,800,800,800,800,799,800,2500,2499,2499,2499,2499,2499,799,799,10,0,0,0,0,0,0,9.523809432983398,0,0,0,0,0,0,100,0,80813.61303710938,261447.2515258789,0,404327403520,8589930496,5789474816,114688
9,1791573748931,2499,2500,800,800,800,800,799,800,2500,2499,2499,2499,2499,2499,799,799,10,0,0,0,0,0,0,9.523809432983398,0,0,0,0,0,0,100,0,80813.75659179688,261447.6000366211,0,404327403520,8589930496,5789474816,114688
9,1791573748941,2499,2500,800,800,800,800,799,800,2500,2499,2499,2499,2499,2499,799,799,10,0,0,0,0,0,0,9.523809432983398,0,0,0,0,0,0,100,0,80813.89904785156,261447.9097290039,0,404327403520,8589930496,5789474816,114688
9,1791573748951,2499,2500,800,800,800,800,799,800,2500,2499,2499,2499,2499,2499,799,799,10,0,0,0,0,0,0,9.523809432983398,0,0,0,0,0,0,100,0,80814.04815673828,261448.22088623047,0,404327403520,8589930496,5789474816,114688
9,1791573748961,2499,2500,800,800,800,800,799,800,2500,2499,2499,2499,2499,2499,799,799,10,0,0,0,0,0,0,9.523809432983398,0,0,0,0,0,0,100,0,80814.19702148438,261448.54119873047,0,404327403520,8589930496,5789474816,114688
9,1791573748971,2499,2500,800,800,800,800,799,800,2500,2499,2499,2499,2499,2499,799,799,10,0,0,0,0,0,0,9.523809432983398,0,0,0,0,0,0,100,0,80814.35961914063,261448.88653564453,0,404327403520,8589930496,5789474816,114688
10,1791573748981,2499,2500,800,800,800,800,799,800,2500,2499,2499,2499,2499,2499,799,799,10,0,0,0,0,0,0,9.523809432983398,0,0,0,0,0,0,100,0,80814.49682617188,261449.1694946289,0,404327403520,8589930496,5789474816,114688
9,1791573748991,2499,2500,800,800,800,800,799,800,2500,2499,2499,2499,2499,2499,799,799,10,0,0,0,0,0,0,9.523809432983398,0,0,0,0,0,0,100,0,80814.6596069336,261449.51373291016,0,404327403520,8589930496,5789474816,114688
10,1791573749001,2499,2500,800,800,800,800,799,800,2500,2499,2499,2499,2499,2499,799,799,10,0,0,0,0,0,0,9.523809432983398,0,0,0,0,0,0,100,0,80814.8125,261449.82263183594,0,404327403520,8589930496,5789474816,114688
10,1791573749011,2499,2500,800,800,800,800,799,800,2500,2499,2499,2499,2499,2499,799,799,10,0,0,0,0,0,0,9.523809432983398,0,0,0,0,0,0,100,0,80814.9638671875,261450.13305664063,0,404327403520,8589930496,5789474816,114688
10,1791573749021,2499,2500,800,800,800,800,799,800,2500,2499,2499,2499,2499,2499,799,799,10,0,0,0,0,0,0,9.523809432983398,0,0,0,0,0,0,100,0,80815.1162109375,261450.4448852539,0,404327403520,8589930496,5789474816,114688
9,1791573749032,2499,2500,800,800,800,800,799,800,2500,2499,2499,2499,2499,2499,799,799,10,0,0,0,0,0,0,9.523809432983398,0,0,0,0,0,0,100,0,80815.2650756836,261450.75579833984,0,404327403520,8589930496,5789474816,114688
10,1791573749041,2499,2500,800,800,800,800,799,800,2500,2499,2499,2499,2499,2499,799,799,10,0,0,0,0,0,0,9.523809432983398,0,0,0,0,0,0,100,0,80815.41979980469,261451.0692138672,0,404327403520,8589930496,5789474816,114688
9,1791573749052,2499,2500,800,800,800,800,799,800,2500,2499,2499,2499,2499,2499,799,799,0,0,0,0,0,0,0,5.263157844543457,0,0,0,0,0,0,100,0,80815.5726928711,261451.38134765625,0,404327403520,8589930496,5789474816,114688
10,1791573749062,2499,2500,800,800,800,800,799,800,2500,2499,2499,2499,2499,2499,799,799,0,0,0,0,0,0,0,5.263157844543457,0,0,0,0,0,0,100,0,80815.71990966797,261451.6922607422,0,404327403520,8589930496,5789474816,114688
9,1791573749072,2499,2500,800,800,800,800,799,800,2500,2499,2499,2499,2499,2499,799,799,0,0,0,0,0,0,0,5.263157844543457,0,0,0,0,0,0,100,0,80815.86840820313,261452.0068359375,0,404327403520,8589930496,5789474816,114688
9,1791573749082,2499,2500,800,800,800,800,799,800,2500,2499,2499,2499,2499,2499,799,799,0,0,0,0,0,0,0,5.263157844543457,0,0,0,0,0,0,100,0,80816.01690673828,261452.32006835938,0,404327403520,8589930496,5789474816,114688
9,1791573749092,2499,2500,800,800,800,800,799,800,2500,2499,2499,2499,2499,2499,799,799,0,0,0,0,0,0,0,5.263157844543457,0,0,0,0,0,0,100,0,80816.16760253906,261452.63732910156,0,404327403520,8589930496,5789474816,114688
9,1791573749102,2499,2500,800,800,800,800,799,800,2500,2499,2499,2499,2499,2499,799,799,0,0,0,0,0,0,0,5.263157844543457,0,0,0,0,0,0,100,0,80816.31665039063,261452.94995117188,0,404327403520,8589930496,5780185088,114688
9,1791573749112,2499,2500,800,800,800,800,799,800,2500,2499,2499,2499,2499,2499,799,799,0,0,0,0,0,0,0,5.263157844543457,0,0,0,0,0,0,100,0,80816.47302246094,261453.26696777344,0,404327403520,8589930496,5780185088,114688
9,1791573749122,2499,2500,800,800,800,800,799,800,2500,2499,2499,2499,2499,2499,799,799,0,0,0,0,0,0,0,5.263157844543457,0,0,0,0,0,0,100,0,80816.62078857422,261453.61297607422,0,404327403520,8589930496,5780185088,114688
10,1791573749132,2499,2500,800,800,800,800,799,800,2500,2499,2499,2499,2499,2499,799,799,0,0,0,0,0,0,0,5.263157844543457,0,0,0,0,0,0,100,0,80816.76873779297,261453.88934326172,0,404327403520,8589930496,5780185088,114688
9,1791573749142,2499,2500,800,800,800,800,799,800,2500,2499,2499,2499,2499,2499,799,799,0,0,0,0,0,0,0,5.263157844543457,0,0,0,0,0,0,100,0,80816.92218017578,261454.20336914063,0,404327403520,8589930496,5780185088,114688
9,1791573749152,2499,2500,800,800,800,800,799,800,2500,2499,2499,2499,2499,2499,799,799,0,0,0,0,0,0,0,5.263157844543457,0,0,0,0,0,0,100,0,80817.08605957031,261454.5463256836,0,404327403520,8589930496,5780185088,114688
9,1791573749162,2499,2500,800,800,800,800,799,800,2500,2499,2499,2499,2499,2499,799,799,0,0,0,0,0,0,0,5.263157844543457,0,0,0,0,0,0,100,0,80817.23541259766,261454.86328125,0,404327403520,8589930496,5778894848,114688
9,1791573749172,2499,2500,800,800,800,800,799,800,2500,2499,2499,2499,2499,2499,799,799,0,0,0,0,0,0,0,5.263157844543457,0,0,0,0,0,0,100,0,80817.38677978516,261455.177734375,0,404327403520,8589930496,5778894848,114688
9,1791573749183,2499,2500,800,800,800,800,799,800,2500,2499,2499,2499,2499,2499,799,799,0,0,0,0,0,0,0,5.263157844543457,0,0,0,0,0,0,100,0,80817.5336303711,261455.49285888672,0,404327403520,8589930496,5778894848,114688
9,1791573749193,2499,2500,800,800,800,800,799,800,2500,2499,2499,2499,2499,2499,799,799,0,0,0,0,0,0,0,5.263157844543457,0,0,0,0,0,0,100,0,80817.68634033203,261455.80157470703,0,404327403520,8589930496,5778894848,114688
9,1791573749203,2499,2500,800,800,800,800,799,800,2500,2499,2499,2499,2499,2499,799,799,0,0,0,0,0,0,0,5.263157844543457,0,0,0,0,0,0,100,0,80817.83740234375,261456.11206054688,0,404327403520,8589930496,5778894848,114688
9,1791573749213,2499,2500,800,800,800,800,799,800,2500,2499,2499,2499,2499,2499,799,799,0,0,0,0,0,0,0,5.263157844543457,0,0,0,0,0,0,100,0,80817.98852539063,261456.42401123047,0,404327403520,8589930496,5778894848,114688
9,1791573749223,2499,2500,800,800,800,800,799,800,2500,2499,2499,2499,2499,2499,799,799,0,0,0,0,0,0,0,5.263157844543457,0,0,0,0,0,0,100,0,80818.14093017578,261456.7391357422,0,404327403520,8589930496,5778894848,114688
9,1791573749233,2499,2500,800,800,800,800,799,800,2500,2499,2499,2499,2499,2499,799,799,0,0,0,0,0,0,0,5.263157844543457,0,0,0,0,0,0,100,0,80818.29089355469,261457.05322265625,0,404327403520,8589930496,5778894848,114688
9,1791573749243,2499,2500,800,800,800,800,799,800,2500,2499,2499,2499,2499,2499,799,799,0,0,0,0,0,0,0,5.263157844543457,0,0,0,0,0,0,100,0,80818.43957519531,261457.36553955078,0,404327403520,8589930496,5778894848,114688
10,1791573749253,2499,2500,800,800,800,800,799,800,2500,2499,2499,2499,2499,2499,799,799,0,0,0,0,0,0,0,9.523809432983398,0,0,0,0,0,0,100,0,80818.59191894531,261457.6746826172,0,404327403520,8589930496,5778894848,114688
9,1791573749263,2499,2500,800,800,800,800,799,800,2500,2499,2499,2499,2499,2499,799,799,0,0,0,0,0,0,0,9.523809432983398,0,0,0,0,0,0,100,0,80818.7417602539,261457.98822021484,0,404327403520,8589930496,5778894848,114688
9,1791573749273,2499,2500,800,800,800,800,799,800,2500,2499,2499,2499,2499,2499,799,799,0,0,0,0,0,0,0,9.523809432983398,0,0,0,0,0,0,100,0,80818.89172363281,261458.3006591797,0,404327403520,8589930496,5778894848,114688
9,1791573749283,2499,2500,800,800,800,800,799,800,2500,2499,2499,2499,2499,2499,799,799,0,0,0,0,0,0,0,9.523809432983398,0,0,0,0,0,0,100,0,80819.04278564453,261458.61529541016,0,404327403520,8589930496,5778894848,114688
9,1791573749293,2499,2500,800,800,800,800,799,800,2500,2499,2499,2499,2499,2499,799,799,0,0,0,0,0,0,0,9.523809432983398,0,0,0,0,0,0,100,0,80819.20446777344,261458.96197509766,0,404327403520,8589930496,5778894848,114688
9,1791573749303,2499,2500,800,800,800,800,799,800,2500,2499,2499,2499,2499,2499,799,799,0,0,0,0,0,0,0,9.523809432983398,0,0,0,0,0,0,100,0,80819.34503173828,261459.24053955078,0,404327403520,8589930496,5778894848,114688
10,1791573749313,2499,2500,800,800,800,800,799,800,2500,2499,2499,2499,2499,2499,799,799,0,0,0,0,0,0,0,9.523809432983398,0,0,0,0,0,0,100,0,80819.49243164063,261459.5464477539,0,404327403520,8589930496,5778894848,114688
9,1791573749324,2499,2500,800,800,800,800,799,800,2500,2499,2499,2499,2499,2499,799,799,0,0,0,0,0,0,0,9.523809432983398,0,0,0,0,0,0,100,0,80819.66186523438,261459.888671875,0,404327403520,8589930496,5778894848,114688
9,1791573749334,2499,2500,800,800,800,800,799,800,2500,2499,2499,2499,2499,2499,799,799,0,0,0,0,0,0,0,9.523809432983398,0,0,0,0,0,0,100,0,80819.81420898438,261460.19757080078,0,404327403520,8589930496,5778894848,114688
9,1791573749344,2499,2500,800,800,800,800,799,800,2500,2499,2499,2499,2499,2499,799,799,0,0,0,0,0,0,0,9.523809432983398,0,0,0,0,0,0,100,0,80819.96569824219,261460.50756835938,0,404327403520,8589930496,5778894848,114688
9,1791573749354,2499,2500,800,800,800,800,799,800,2500,2499,2499,2499,2499,2499,799,799,0,0,0,0,0,0,0,9.523809432983398,0,0,0,0,0,0,100,0,80820.1162109375,261460.82189941406,0,404327403520,8589930496,5778894848,114688
9,1791573749364,2499,2500,800,800,800,800,799,800,2500,2499,2499,2499,2499,2499,799,799,0,0,0,0,0,0,0,9.523809432983398,0,0,0,0,0,0,100,0,80820.26379394531,261461.1339111328,0,404327403520,8589930496,5778894848,114688
10,1791573749374,2499,2500,800,800,800,800,799,800,2500,2499,2499,2499,2499,2499,799,799,0,0,0,0,0,0,0,9.523809432983398,0,0,0,0,0,0,100,0,80820.4155883789,261461.44567871094,0,404327403520,8589930496,5778894848,114688
9,1791573749384,2499,2500,800,800,800,800,799,800,2500,2499,2499,2499,2499,2499,799,799,0,0,0,0,0,0,0,9.523809432983398,0,0,0,0,0,0,100,0,80820.55773925781,261461.75439453125,0,404327403520,8589930496,5778894848,114688
9,1791573749394,2499,2500,800,800,800,800,799,800,2500,2499,2499,2499,2499,2499,799,799,0,0,0,0,0,0,0,9.523809432983398,0,0,0,0,0,0,100,0,80820.70983886719,261462.07049560547,0,404327403520,8589930496,5778894848,114688
9,1791573749404,2499,2500,800,800,800,800,799,800,2500,2499,2499,2499,2499,2499,799,799,0,0,0,0,0,0,0,9.523809432983398,0,0,0,0,0,0,100,0,80820.85943603516,261462.3819580078,0,404327403520,8589930496,5778894848,114688
9,1791573749414,2499,2500,800,800,800,800,799,800,2500,2499,2499,2499,2499,2499,799,799,0,0,0,0,0,0,0,9.523809432983398,0,0,0,0,0,0,100,0,80821.01361083984,261462.69580078125,0,404327403520,8589930496,5778894848,114688
9,1791573749424,2499,2500,800,800,800,800,799,800,2500,2499,2499,2499,2499,2499,799,799,0,0,0,0,0,0,0,9.523809432983398,0,0,0,0,0,0,100,0,80821.16021728516,261463.0098876953,0,404327403520,8589930496,5778894848,114688
9,1791573749434,2499,2500,800,800,800,800,799,800,2500,2499,2499,2499,2499,2499,799,799,0,0,0,0,0,0,0,9.523809432983398,0,0,0,0,0,0,100,0,80821.31713867188,261463.32250976563,0,404327403520,8589930496,5778894848,114688
9,1791573749444,2499,2500,800,800,800,800,799,800,2500,2499,2499,2499,2499,2499,799,799,0,0,0,0,0,0,0,9.523809432983398,0,0,0,0,0,0,100,0,80821.46362304688,261463.63409423828,0,404327403520,8589930496,5778894848,114688
9,1791573749455,2499,2500,800,800,800,800,799,800,2500,2499,2499,2499,2499,2499,799,799,0,0,0,0,0,0,0,9.523809432983398,0,0,0,0,0,0,100,0,80821.62701416016,261463.97760009766,0,404327403520,8589930496,5778894848,114688
9,1791573749465,2499,2500,800,800,800,800,799,800,2500,2499,2499,2499,2499,2499,799,799,0,0,0,0,0,0,0,9.523809432983398,0,0,0,0,0,0,100,0,80821.77404785156,261464.2894897461,0,404327403520,8589930496,5778894848,114688
9,1791573749475,2499,2500,800,800,800,800,799,800,2500,2499,2499,2499,2499,2499,799,799,0,0,0,0,0,0,0,9.523809432983398,0,0,0,0,0,0,100,0,80821.92456054688,261464.6011352539,0,404327403520,8589930496,5778894848,114688
9,1791573749485,2499,2500,800,800,800,800,799,800,2500,2499,2499,2499,2499,2499,799,799,0,0,0,0,0,0,0,9.523809432983398,0,0,0,0,0,0,100,0,80822.07873535156,261464.91564941406,0,404327403520,8589930496,5778894848,114688
9,1791573749495,2499,2500,800,800,800,800,799,800,2500,2499,2499,2499,2499,2499,799,799,0,0,0,0,0,0,0,9.523809432983398,0,0,0,0,0,0,100,0,80822.23126220703,261465.2308959961,0,404327403520,8589930496,5778894848,114688
9,1791573749505,2499,2500,800,800,800,800,799,800,2500,2499,2499,2499,2499,2499,799,799,0,0,0,0,0,0,0,9.523809432983398,0,0,0,0,0,0,100,0,80822.38269042969,261465.54028320313,0,404327403520,8589930496,5778894848,114688
9,1791573749515,2499,2500,800,800,800,800,799,800,2500,2499,2499,2499,2499,2499,799,799,0,0,0,0,0,0,0,9.523809432983398,0,0,0,0,0,0,100,0,80822.53521728516,261465.85418701172,0,404327403520,8589930496,5778894848,114688
9,1791573749525,2499,2500,800,800,800,800,799,800,2500,2499,2499,2499,2499,2499,799,799,0,0,0,0,0,0,0,9.523809432983398,0,0,0,0,0,0,100,0,80822.69104003906,261466.16931152344,0,404327403520,8589930496,5778894848,114688
10,1791573749535,2499,2500,800,800,800,800,799,800,2500,2499,2499,2499,2499,2499,799,799,0,0,0,0,0,0,0,9.523809432983398,0,0,0,0,0,0,100,0,80822.83825683594,261466.4800415039,0,404327403520,8589930496,5778894848,114688
9,1791573749545,2499,2500,800,800,800,800,799,800,2500,2499,2499,2499,2499,2499,799,799,0,0,0,0,0,0,0,9.523809432983398,0,0,0,0,0,0,100,0,80822.99041748047,261466.79321289063,0,404327403520,8589930496,5778894848,114688
10,1791573749555,2499,2500,800,800,800,800,799,800,2500,2499,2499,2499,2499,2499,799,799,0,0,0,0,0,0,0,9.523809432983398,0,0,0,0,0,0,100,0,80823.14459228516,261467.10479736328,0,404327403520,8589930496,5778894848,114688
9,1791573749565,2499,2500,800,800,800,800,799,800,2500,2499,2499,2499,2499,2499,799,799,0,0,0,0,0,0,0,9.523809432983398,0,0,0,0,0,0,100,0,80823.2925415039,261467.41302490234,0,404327403520,8589930496,5778894848,114688
9,1791573749575,2499,2500,800,800,800,800,799,800,2500,2499,2499,2499,2499,2499,799,799,0,0,0,0,0,0,0,9.523809432983398,0,0,0,0,0,0,100,0,80823.4453125,261467.7266845703,0,404327403520,8589930496,5778894848,114688
9,1791573749585,2499,2500,800,800,800,800,799,800,2500,2499,2499,2499,2499,2499,799,799,0,0,0,0,0,0,0,9.523809432983398,0,0,0,0,0,0,100,0,80823.59216308594,261468.0400390625,0,404327403520,8589930496,5778894848,114688
10,1791573749595,2499,2500,800,800,800,800,799,800,2500,2499,2499,2499,2499,2499,799,799,0,0,0,0,0,0,0,9.523809432983398,0,0,0,0,0,0,100,0,80823.74255371094,261468.3529663086,0,404327403520,8589930496,5778894848,114688
10,1791573749606,2499,2500,800,800,800,800,799,800,2500,2499,2499,2499,2499,2499,799,799,0,0,0,0,0,0,0,9.523809432983398,0,0,0,0,0,0,100,0,80823.8949584961,261468.66888427734,0,404327403520,8589930496,5778894848,114688
9,1791573749616,2499,2500,800,800,800,800,799,800,2500,2499,2499,2499,2499,2499,799,799,0,0,0,0,0,0,0,9.523809432983398,0,0,0,0,0,0,100,0,80824.04272460938,261468.9832763672,0,404327403520,8589930496,5778894848,114688
10,1791573749626,2499,2500,800,800,800,800,799,800,2500,2499,2499,2499,2499,2499,799,799,0,0,0,0,0,0,0,9.523809432983398,0,0,0,0,0,0,100,0,80824.19360351563,261469.2925415039,0,404327403520,8589930496,5778894848,114688
9,1791573749636,2499,2500,800,800,800,800,799,800,2500,2499,2499,2499,2499,2499,799,799,0,0,0,0,0,0,0,9.523809432983398,0,0,0,0,0,0,100,0,80824.36407470703,261469.63397216797,0,404327403520,8589930496,5778894848,114688
9,1791573749646,2499,2500,800,800,800,800,799,800,2500,2499,2499,2499,2499,2499,799,799,0,0,0,0,0,0,0,9.523809432983398,0,0,0,0,0,0,100,0,80824.51635742188,261469.94677734375,0,404327403520,8589930496,5778894848,114688
9,1791573749656,2499,2500,800,800,800,800,799,800,2500,2499,2499,2499,2499,2499,799,799,5.263157844543457,0,0,0,0,0,0,5.263157844543457,0,0,0,0,0,0,100,0,80824.66595458984,261470.26373291016,0,404327403520,8589930496,5778894848,114688
9,1791573749666,2499,2500,800,800,800,800,799,800,2500,2499,2499,2499,2499,2499,799,799,5.263157844543457,0,0,0,0,0,0,5.263157844543457,0,0,0,0,0,0,100,0,80824.81463623047,261470.57690429688,0,404327403520,8589930496,5778894848,114688
9,1791573749676,2499,2500,800,800,800,800,799,800,2500,2499,2499,2499,2499,2499,799,799,5.263157844543457,0,0,0,0,0,0,5.263157844543457,0,0,0,0,0,0,100,0,80824.9633178711,261470.89044189453,0,404327403520,8589930496,5778894848,114688
10,1791573749686,2499,2500,800,800,800,800,799,800,2500,2499,2499,2499,2499,2499,799,799,5.263157844543457,0,0,0,0,0,0,5.263157844543457,0,0,0,0,0,0,100,0,80825.11456298828,261471.20373535156,0,404327403520,8589930496,5778894848,114688
9,1791573749696,2499,2500,800,800,800,800,799,800,2500,2499,2499,2499,2499,2499,799,799,5.263157844543457,0,0,0,0,0,0,5.263157844543457,0,0,0,0,0,0,100,0,80825.26690673828,261471.5170288086,0,404327403520,8589930496,5778894848,114688
9,1791573749706,2499,2500,800,800,800,800,799,800,2500,2499,2499,2499,2499,2499,799,799,5.263157844543457,0,0,0,0,0,0,5.263157844543457,0,0,0,0,0,0,100,0,80825.40936279297,261471.83770751953,0,404327403520,8589930496,5778894848,114688
9,1791573749716,2499,2500,800,800,800,800,799,800,2500,2499,2499,2499,2499,2499,799,799,5.263157844543457,0,0,0,0,0,0,5.263157844543457,0,0,0,0,0,0,100,0,80825.56457519531,261472.14819335938,0,404327403520,8589930496,5778894848,114688
10,1791573749726,2499,2500,800,800,800,800,799,800,2500,2499,2499,2499,2499,2499,799,799,5.263157844543457,0,0,0,0,0,0,5.263157844543457,0,0,0,0,0,0,100,0,80825.71716308594,261472.4605102539,0,404327403520,8589930496,5778894848,114688
9,1791573749736,2499,2500,800,800,800,800,799,800,2500,2499,2499,2499,2499,2499,799,799,5.263157844543457,0,0,0,0,0,0,5.263157844543457,0,0,0,0,0,0,100,0,80825.86639404297,261472.7759399414,0,404327403520,8589930496,5778894848,114688
9,1791573749747,2499,2500,800,800,800,800,799,800,2500,2499,2499,2499,2499,2499,799,799,5.263157844543457,0,0,0,0,0,0,5.263157844543457,0,0,0,0,0,0,100,0,80826.01721191406,261473.0867919922,0,404327403520,8589930496,5778894848,114688
10,1791573749757,2499,2500,800,800,800,800,799,800,2500,2499,2499,2499,2499,2499,799,799,5.263157844543457,0,0,0,0,0,0,5.263157844543457,0,0,0,0,0,0,100,0,80826.17028808594,261473.39208984375,0,404327403520,8589930496,5778894848,114688
9,1791573749767,2499,2500,800,800,800,800,799,800,2500,2499,2499,2499,2499,2499,799,799,5.263157844543457,0,0,0,0,0,0,5.263157844543457,0,0,0,0,0,0,100,0,80826.32098388672,261473.70526123047,0,404327403520,8589930496,5778894848,114688
9,1791573749777,2499,2500,800,800,800,800,799,800,2500,2499,2499,2499,2499,2499,799,799,5.263157844543457,0,0,0,0,0,0,5.263157844543457,0,0,0,0,0,0,100,0,80826.46862792969,261474.01959228516,0,404327403520,8589930496,5778894848,114688
9,1791573749787,2499,2500,800,800,800,800,799,800,2500,2499,2499,2499,2499,2499,799,799,5.263157844543457,0,0,0,0,0,0,5.263157844543457,0,0,0,0,0,0,100,0,80826.62139892578,261474.330078125,0,404327403520,8589930496,5778894848,114688
9,1791573749797,2499,2500,800,800,800,800,799,800,2500,2499,2499,2499,2499,2499,799,799,5.263157844543457,0,0,0,0,0,0,5.263157844543457,0,0,0,0,0,0,100,0,80826.77026367188,261474.640625,0,404327403520,8589930496,5778894848,114688
9,1791573749807,2499,2500,800,800,800,800,799,800,2500,2499,2499,2499,2499,2499,799,799,5.263157844543457,0,0,0,0,0,0,5.263157844543457,0,0,0,0,0,0,100,0,80826.9203491211,261474.9556274414,0,404327403520,8589930496,5778894848,114688
9,1791573749817,2499,2500,800,800,800,800,799,800,2500,2499,2499,2499,2499,2499,799,799,5.263157844543457,0,0,0,0,0,0,5.263157844543457,0,0,0,0,0,0,100,0,80827.08520507813,261475.29400634766,0,404327403520,8589930496,5778894848,114688
9,1791573749827,2499,2500,800,800,800,800,799,800,2500,2499,2499,2499,2499,2499,799,799,5.263157844543457,0,0,0,0,0,0,5.263157844543457,0,0,0,0,0,0,100,0,80827.23406982422,261475.60876464844,0,404327403520,8589930496,5778894848,114688
9,1791573749837,2499,2500,800,800,800,800,799,800,2500,2499,2499,2499,2499,2499,799,799,5.263157844543457,0,0,0,0,0,0,5.263157844543457,0,0,0,0,0,0,100,0,80827.38549804688,261475.91857910156,0,404327403520,8589930496,5778894848,114688
10,1791573749847,2499,2500,800,800,800,800,799,800,2500,2499,2499,2499,2499,2499,799,799,5.263157844543457,0,0,0,0,0,0,5.263157844543457,0,0,0,0,0,0,100,0,80827.5365600586,261476.2315673828,0,404327403520,8589930496,5778894848,114688
9,1791573749857,2499,2500,800,800,800,800,799,800,2500,2499,2499,2499,2499,2499,799,799,5,0,0,0,0,0,0,9.523809432983398,0,0,0,0,0,0,100,0,80827.68377685547,261476.5430908203,0,404327403520,8589930496,5778894848,114688
9,1791573749867,2499,2500,800,800,800,800,799,800,2500,2499,2499,2499,2499,2499,799,799,5,0,0,0,0,0,0,9.523809432983398,0,0,0,0,0,0,100,0,80827.83850097656,261476.853515625,0,404327403520,8589930496,5778894848,114688
9,1791573749877,2499,2500,800,800,800,800,799,800,2500,2499,2499,2499,2499,2499,799,799,5,0,0,0,0,0,0,9.523809432983398,0,0,0,0,0,0,100,0,80827.98663330078,261477.16577148438,0,404327403520,8589930496,5778894848,114688
9,1791573749888,2499,2500,800,800,800,800,799,800,2500,2499,2499,2499,2499,2499,799,799,5,0,0,0,0,0,0,9.523809432983398,0,0,0,0,0,0,100,0,80828.13311767578,261477.4761352539,0,404327403520,8589930496,5778894848,114688
9,1791573749898,2499,2500,800,800,800,800,799,800,2500,2499,2499,2499,2499,2499,799,799,5,0,0,0,0,0,0,9.523809432983398,0,0,0,0,0,0,100,0,80828.2861328125,261477.78692626953,0,404327403520,8589930496,5778894848,114688
9,1791573749908,2499,2500,800,800,800,800,799,800,2500,2499,2499,2499,2499,2499,799,799,5,0,0,0,0,0,0,9.523809432983398,0,0,0,0,0,0,100,0,80828.43957519531,261478.10119628906,0,404327403520,8589930496,5778894848,114688
9,1791573749918,2499,2500,800,800,800,800,799,800,2500,2499,2499,2499,2499,2499,799,799,5,0,0,0,0,0,0,9.523809432983398,0,0,0,0,0,0,100,0,80828.58776855469,261478.41180419922,0,404327403520,8589930496,5778894848,114688
9,1791573749928,2499,2500,800,800,800,800,799,800,2500,2499,2499,2499,2499,2499,799,799,5,0,0,0,0,0,0,9.523809432983398,0,0,0,0,0,0,100,0,80828.74249267578,261478.72412109375,0,404327403520,8589930496,5778894848,114688
10,1791573749938,2499,2500,800,800,800,800,799,800,2500,2499,2499,2499,2499,2499,799,799,5,0,0,0,0,0,0,9.523809432983398,0,0,0,0,0,0,100,0,80828.89208984375,261479.029296875,0,404327403520,8589930496,5778894848,114688
9,1791573749948,2499,2500,800,800,800,800,799,800,2500,2499,2499,2499,2499,2499,799,799,5,0,0,0,0,0,0,9.523809432983398,0,0,0,0,0,0,100,0,80829.0464477539,261479.3412475586,0,404327403520,8589930496,5778894848,114688
9,1791573749958,2499,2500,800,800,800,800,799,800,2500,2499,2499,2499,2499,2499,799,799,5,0,0,0,0,0,0,9.523809432983398,0,0,0,0,0,0,100,0,80829.19561767578,261479.65423583984,0,404327403520,8589930496,5778894848,114688
10,1791573749968,2499,2500,800,800,800,800,799,800,2500,2499,2499,2499,2499,2499,799,799,5,0,0,0,0,0,0,9.523809432983398,0,0,0,0,0,0,100,0,80829.35009765625,261479.97052001953,0,404327403520,8589930496,5778894848,114688
10,1791573749978,2499,2500,800,800,800,800,799,800,2500,2499,2499,2499,2499,2499,799,799,5,0,0,0,0,0,0,9.523809432983398,0,0,0,0,0,0,100,0,80829.49694824219,261480.28350830078,0,404327403520,8589930496,5778894848,114688
9,1791573749988,2499,2500,800,800,800,800,799,800,2500,2499,2499,2499,2499,2499,799,799,5,0,0,0,0,0,0,9.523809432983398,0,0,0,0,0,0,100,0,80829.6615600586,261480.62548828125,0,404327403520,8589930496,5778894848,114688
10,1791573749998,2499,2500,800,800,800,800,799,800,2500,2499,2499,2499,2499,2499,799,799,5,0,0,0,0,0,0,9.523809432983398,0,0,0,0,0,0,100,0,80829.79943847656,261480.90557861328,0,404327403520,8589930496,5778894848,114688
9,1791573750008,2499,2500,800,800,800,800,799,800,2500,2499,2499,2499,2499,2499,799,799,5,0,0,0,0,0,0,9.523809432983398,0,0,0,0,0,0,100,0,80829.96661376953,261481.25177001953,0,404327403520,8589930496,5778894848,114688
10,1791573750018,2499,2500,800,800,800,800,799,800,2500,2499,2499,2499,2499,2499,799,799,5,0,0,0,0,0,0,9.523809432983398,0,0,0,0,0,0,100,0,80830.1187133789,261481.56121826172,0,404327403520,8589930496,5778894848,114688
9,1791573750029,2499,2500,800,800,800,800,799,800,2500,2499,2499,2499,2499,2499,799,799,5,0,0,0,0,0,0,9.523809432983398,0,0,0,0,0,0,100,0,80830.26904296875,261481.87603759766,0,404327403520,8589930496,5778894848,114688
10,1791573750039,2499,2500,800,800,800,800,799,800,2500,2499,2499,2499,2499,2499,799,799,5,0,0,0,0,0,0,9.523809432983398,0,0,0,0,0,0,100,0,80830.42163085938,261482.19189453125,0,404327403520,8589930496,5778894848,114688
10,1791573750049,2499,2500,800,800,800,800,799,800,2500,2499,2499,2499,2499,2499,799,799,5,0,0,0,0,0,0,9.523809432983398,0,0,0,0,0,0,100,0,80830.57159423828,261482.5067138672,0,404327403520,8589930496,5778894848,114688
9,1791573750059,2499,2500,800,800,800,800,799,800,2500,2499,2499,2499,2499,2499,799,799,0,0,0,0,0,0,0,5.263157844543457,0,0,0,0,0,0,100,0,80830.72302246094,261482.822265625,0,404327403520,8589930496,5778894848,114688
9,1791573750069,2499,2500,800,800,800,800,799,800,2500,2499,2499,2499,2499,2499,799,799,0,0,0,0,0,0,0,5.263157844543457,0,0,0,0,0,0,100,0,80830.8715209961,261483.12994384766,0,404327403520,8589930496,5778894848,114688
9,1791573750079,2499,2500,800,800,800,800,799,800,2500,2499,2499,2499,2499,2499,799,799,0,0,0,0,0,0,0,5.263157844543457,0,0,0,0,0,0,100,0,80831.0181274414,261483.44018554688,0,404327403520,8589930496,5778894848,114688
9,1791573750089,2499,2500,800,800,800,800,799,800,2500,2499,2499,2499,2499,2499,799,799,0,0,0,0,0,0,0,5.263157844543457,0,0,0,0,0,0,100,0,80831.17297363281,261483.7550048828,0,404327403520,8589930496,5778894848,114688
9,1791573750099,2499,2500,800,800,800,800,799,800,2500,2499,2499,2499,2499,2499,799,799,0,0,0,0,0,0,0,5.263157844543457,0,0,0,0,0,0,100,0,80831.31964111328,261484.06677246094,0,404327403520,8589930496,5778894848,114688
9,1791573750109,2499,2500,800,800,800,800,799,800,2500,2499,2499,2499,2499,2499,799,799,0,0,0,0,0,0,0,5.263157844543457,0,0,0,0,0,0,100,0,80831.47052001953,261484.38201904297,0,404327403520,8589930496,5778894848,114688
9,1791573750119,2499,2500,800,800,800,800,799,800,2500,2499,2499,2499,2499,2499,799,799,0,0,0,0,0,0,0,5.263157844543457,0,0,0,0,0,0,100,0,80831.63201904297,261484.72479248047,0,404327403520,8589930496,5773185024,114688
9,1791573750129,2499,2500,800,800,800,800,799,800,2500,2499,2499,2499,2499,2499,799,799,0,0,0,0,0,0,0,5.263157844543457,0,0,0,0,0,0,100,0,80831.76916503906,261485.00256347656,0,404327403520,8589930496,5770379264,114688
9,1791573750139,2499,2500,800,800,800,800,799,800,2500,2499,2499,2499,2499,2499,799,799,0,0,0,0,0,0,0,5.263157844543457,0,0,0,0,0,0,100,0,80831.93048095703,261485.34588623047,0,404327403520,8589930496,5770379264,114688
9,1791573750149,2499,2500,800,800,800,800,799,800,2500,2499,2499,2499,2499,2499,799,799,0,0,0,0,0,0,0,5.263157844543457,0,0,0,0,0,0,100,0,80832.09216308594,261485.6577758789,0,404327403520,8589930496,5770379264,114688
9,1791573750159,2499,2500,800,800,800,800,799,800,2500,2499,2499,2499,2499,2499,799,799,0,0,0,0,0,0,0,5.263157844543457,0,0,0,0,0,0,100,0,80832.24432373047,261485.9663696289,0,404327403520,8589930496,5770379264,114688
9,1791573750169,2499,2500,800,800,800,800,799,800,2500,2499,2499,2499,2499,2499,799,799,0,0,0,0,0,0,0,5.263157844543457,0,0,0,0,0,0,100,0,80832.39343261719,261486.28369140625,0,404327403520,8589930496,5770379264,114688
10,1791573750180,2499,2500,800,800,800,800,799,800,2500,2499,2499,2499,2499,2499,799,799,0,0,0,0,0,0,0,5.263157844543457,0,0,0,0,0,0,100,0,80832.54229736328,261486.59790039063,0,404327403520,8589930496,5770379264,114688
9,1791573750190,2499,2500,800,800,800,800,799,800,2500,2499,2499,2499,2499,2499,799,799,0,0,0,0,0,0,0,5.263157844543457,0,0,0,0,0,0,100,0,80832.69036865234,261486.9129638672,0,404327403520,8589930496,5770379264,114688
9,1791573750200,2499,2500,800,800,800,800,799,800,2500,2499,2499,2499,2499,2499,799,799,0,0,0,0,0,0,0,5.263157844543457,0,0,0,0,0,0,100,0,80832.84014892578,261487.22528076172,0,404327403520,8589930496,5770379264,114688
9,1791573750210,2499,2500,800,800,800,800,799,800,2500,2499,2499,2499,2499,2499,799,799,0,0,0,0,0,0,0,5.263157844543457,0,0,0,0,0,0,100,0,80832.99450683594,261487.5382080078,0,404327403520,8589930496,5770379264,114688
9,1791573750220,2499,2500,800,800,800,800,799,800,2500,2499,2499,2499,2499,2499,799,799,0,0,0,0,0,0,0,5.263157844543457,0,0,0,0,0,0,100,0,80833.14978027344,261487.85314941406,0,404327403520,8589930496,5770379264,114688
9,1791573750230,2499,2500,800,800,800,800,799,800,2500,2499,2499,2499,2499,2499,799,799,0,0,0,0,0,0,0,5.263157844543457,0,0,0,0,0,0,100,0,80833.30322265625,261488.16729736328,0,404327403520,8589930496,5770379264,114688
9,1791573750240,2499,2500,800,800,800,800,799,800,2500,2499,2499,2499,2499,2499,799,799,0,0,0,0,0,0,0,5.263157844543457,0,0,0,0,0,0,100,0,80833.45373535156,261488.48468017578,0,404327403520,8589930496,5770379264,114688
9,1791573750250,2499,2500,800,800,800,800,799,800,2500,2499,2499,2499,2499,2499,799,799,0,0,0,0,0,0,0,5.263157844543457,0,0,0,0,0,0,100,0,80833.6058959961,261488.79663085938,0,404327403520,8589930496,5770379264,114688
9,1791573750260,2499,2500,800,800,800,800,799,800,2500,2499,2499,2499,2499,2499,799,799,10,0,0,0,0,0,0,9.523809432983398,0,0,0,0,0,0,100,0,80833.75457763672,261489.1083984375,0,404327403520,8589930496,5770379264,114688
9,1791573750270,2499,2500,800,800,800,800,799,800,2500,2499,2499,2499,2499,2499,799,799,10,0,0,0,0,0,0,9.523809432983398,0,0,0,0,0,0,100,0,80833.90399169922,261489.42407226563,0,404327403520,8589930496,5770379264,114688
9,1791573750280,2499,2500,800,800,800,800,799,800,2500,2499,2499,2499,2499,2499,799,799,10,0,0,0,0,0,0,9.523809432983398,0,0,0,0,0,0,100,0,80834.05694580078,261489.73834228516,0,404327403520,8589930496,5770379264,114688
9,1791573750290,2499,2500,800,800,800,800,799,800,2500,2499,2499,2499,2499,2499,799,799,10,0,0,0,0,0,0,9.523809432983398,0,0,0,0,0,0,100,0,80834.21185302734,261490.0503540039,0,404327403520,8589930496,5770379264,114688
10,1791573750300,2499,2500,800,800,800,800,799,800,2500,2499,2499,2499,2499,2499,799,799,10,0,0,0,0,0,0,9.523809432983398,0,0,0,0,0,0,100,0,80834.36822509766,261490.36553955078,0,404327403520,8589930496,5770379264,114688
9,1791573750311,2499,2500,800,800,800,800,799,800,2500,2499,2499,2499,2499,2499,799,799,10,0,0,0,0,0,0,9.523809432983398,0,0,0,0,0,0,100,0,80834.53771972656,261490.7105102539,0,404327403520,8589930496,5770379264,114688
9,1791573750321,2499,2500,800,800,800,800,799,800,2500,2499,2499,2499,2499,2499,799,799,10,0,0,0,0,0,0,9.523809432983398,0,0,0,0,0,0,100,0,80834.68933105469,261491.01983642578,0,404327403520,8589930496,5770379264,114688
9,1791573750331,2499,2500,800,800,800,800,799,800,2500,2499,2499,2499,2499,2499,799,799,10,0,0,0,0,0,0,9.523809432983398,0,0,0,0,0,0,100,0,80834.84100341797,261491.33184814453,0,404327403520,8589930496,5770379264,114688
9,1791573750341,2499,2500,800,800,800,800,799,800,2500,2499,2499,2499,2499,2499,799,799,10,0,0,0,0,0,0,9.523809432983398,0,0,0,0,0,0,100,0,80834.99444580078,261491.6466064453,0,404327403520,8589930496,5770379264,114688
10,1791573750351,2499,2500,800,800,800,800,799,800,2500,2499,2499,2499,2499,2499,799,799,10,0,0,0,0,0,0,9.523809432983398,0,0,0,0,0,0,100,0,80835.14093017578,261491.9603881836,0,404327403520,8589930496,5770379264,114688
9,1791573750361,2499,2500,800,800,800,800,799,800,2500,2499,2499,2499,2499,2499,799,799,10,0,0,0,0,0,0,9.523809432983398,0,0,0,0,0,0,100,0,80835.29010009766,261492.27557373047,0,404327403520,8589930496,5770379264,114688
9,1791573750371,2499,2500,800,800,800,800,799,800,2500,2499,2499,2499,2499,2499,799,799,10,0,0,0,0,0,0,9.523809432983398,0,0,0,0,0,0,100,0,80835.4409790039,261492.59002685547,0,404327403520,8589930496,5770379264,114688
9,1791573750381,2499,2500,800,800,800,800,799,800,2500,2499,2499,2499,2499,2499,799,799,10,0,0,0,0,0,0,9.523809432983398,0,0,0,0,0,0,100,0,80835.59460449219,261492.89959716797,0,404327403520,8589930496,5770379264,114688
10,1791573750391,2499,2500,800,800,800,800,799,800,2500,2499,2499,2499,2499,2499,799,799,10,0,0,0,0,0,0,9.523809432983398,0,0,0,0,0,0,100,0,80835.74182128906,261493.2119140625,0,404327403520,8589930496,5770379264,114688
9,1791573750401,2499,2500,800,800,800,800,799,800,2500,2499,2499,2499,2499,2499,799,799,10,0,0,0,0,0,0,9.523809432983398,0,0,0,0,0,0,100,0,80835.88525390625,261493.5233154297,0,404327403520,8589930496,5770379264,114688
9,1791573750411,2499,2500,800,800,800,800,799,800,2500,2499,2499,2499,2499,2499,799,799,10,0,0,0,0,0,0,9.523809432983398,0,0,0,0,0,0,100,0,80836.0396118164,261493.83880615234,0,404327403520,8589930496,5770379264,114688
10,1791573750421,2499,2500,800,800,800,800,799,800,2500,2499,2499,2499,2499,2499,799,799,10,0,0,0,0,0,0,9.523809432983398,0,0,0,0,0,0,100,0,80836.19250488281,261494.15228271484,0,404327403520,8589930496,5770379264,114688
9,1791573750431,2499,2500,800,800,800,800,799,800,2500,2499,2499,2499,2499,2499,799,799,10,0,0,0,0,0,0,9.523809432983398,0,0,0,0,0,0,100,0,80836.34191894531,261494.46783447266,0,404327403520,8589930496,5770379264,114688
10,1791573750441,2499,2500,800,800,800,800,799,800,2500,2499,2499,2499,2499,2499,799,799,10,0,0,0,0,0,0,9.523809432983398,0,0,0,0,0,0,100,0,80836.4937133789,261494.77801513672,0,404327403520,8589930496,5770379264,114688
10,1791573750451,2499,2500,800,800,800,800,799,800,2500,2499,2499,2499,2499,2499,799,799,10,0,0,0,0,0,0,9.523809432983398,0,0,0,0,0,0,100,0,80836.6449584961,261495.08825683594,0,404327403520,8589930496,5770379264,114688
9,1791573750462,2499,2500,800,800,800,800,799,800,2500,2499,2499,2499,2499,2499,799,799,0,0,0,0,0,0,0,9.523809432983398,0,0,0,0,0,0,100,0,80836.81048583984,261495.4334716797,0,404327403520,8589930496,5770379264,114688
9,1791573750472,2499,2500,800,800,800,800,799,800,2500,2499,2499,2499,2499,2499,799,799,0,0,0,0,0,0,0,9.523809432983398,0,0,0,0,0,0,100,0,80836.96301269531,261495.74853515625,0,404327403520,8589930496,5770379264,114688
10,1791573750482,2499,2500,800,800,800,800,799,800,2500,2499,2499,2499,2499,2499,799,799,0,0,0,0,0,0,0,9.523809432983398,0,0,0,0,0,0,100,0,80837.11193847656,261496.06365966797,0,404327403520,8589930496,5770379264,114688
9,1791573750492,2499,2500,800,800,800,800,799,800,2500,2499,2499,2499,2499,2499,799,799,0,0,0,0,0,0,0,9.523809432983398,0,0,0,0,0,0,100,0,80837.26281738281,261496.37725830078,0,404327403520,8589930496,5770379264,114688
10,1791573750502,2499,2500,800,800,800,800,799,800,2500,2499,2499,2499,2499,2499,799,799,0,0,0,0,0,0,0,9.523809432983398,0,0,0,0,0,0,100,0,80837.40985107422,261496.69262695313,0,404327403520,8589930496,5770379264,114688
9,1791573750512,2499,2500,800,800,800,800,799,800,2500,2499,2499,2499,2499,2499,799,799,0,0,0,0,0,0,0,9.523809432983398,0,0,0,0,0,0,100,0,80837.56072998047,261497.00427246094,0,404327403520,8589930496,5770379264,114688
9,1791573750522,2499,2500,800,800,800,800,799,800,2500,2499,2499,2499,2499,2499,799,799,0,0,0,0,0,0,0,9.523809432983398,0,0,0,0,0,0,100,0,80837.70928955078,261497.32006835938,0,404327403520,8589930496,5770379264,114688
9,1791573750532,2499,2500,800,800,800,800,799,800,2500,2499,2499,2499,2499,2499,799,799,0,0,0,0,0,0,0,9.523809432983398,0,0,0,0,0,0,100,0,80837.85833740234,261497.63330078125,0,404327403520,8589930496,5770379264,114688
10,1791573750542,2499,2500,800,800,800,800,799,800,2500,2499,2499,2499,2499,2499,799,799,0,0,0,0,0,0,0,9.523809432983398,0,0,0,0,0,0,100,0,80838.00592041016,261497.94750976563,0,404327403520,8589930496,5770379264,114688
10,1791573750552,2499,2500,800,800,800,800,799,800,2500,2499,2499,2499,2499,2499,799,799,0,0,0,0,0,0,0,9.523809432983398,0,0,0,0,0,0,100,0,80838.15826416016,261498.25970458984,0,404327403520,8589930496,5770379264,114688
9,1791573750562,2499,2500,800,800,800,800,799,800,2500,2499,2499,2499,2499,2499,799,799,0,0,0,0,0,0,0,9.523809432983398,0,0,0,0,0,0,100,0,80838.30773925781,261498.57202148438,0,404327403520,8589930496,5770379264,114688
9,1791573750572,2499,2500,800,800,800,800,799,800,2500,2499,2499,2499,2499,2499,799,799,0,0,0,0,0,0,0,9.523809432983398,0,0,0,0,0,0,100,0,80838.45721435547,261498.8794555664,0,404327403520,8589930496,5770379264,114688
9,1791573750582,2499,2500,800,800,800,800,799,800,2500,2499,2499,2499,2499,2499,799,799,0,0,0,0,0,0,0,9.523809432983398,0,0,0,0,0,0,100,0,80838.60717773438,261499.1948852539,0,404327403520,8589930496,5770379264,114688
9,1791573750593,2499,2500,800,800,800,800,799,800,2500,2499,2499,2499,2499,2499,799,799,0,0,0,0,0,0,0,9.523809432983398,0,0,0,0,0,0,100,0,80838.76336669922,261499.50903320313,0,404327403520,8589930496,5770379264,114688
9,1791573750603,2499,2500,800,800,800,800,799,800,2500,2499,2499,2499,2499,2499,799,799,0,0,0,0,0,0,0,9.523809432983398,0,0,0,0,0,0,100,0,80838.93054199219,261499.8500366211,0,404327403520,8589930496,5770379264,114688
9,1791573750613,2499,2500,800,800,800,800,799,800,2500,2499,2499,2499,2499,2499,799,799,0,0,0,0,0,0,0,9.523809432983398,0,0,0,0,0,0,100,0,80839.07958984375,261500.16174316406,0,404327403520,8589930496,5770379264,114688
9,1791573750623,2499,2500,800,800,800,800,799,800,2500,2499,2499,2499,2499,2499,799,799,0,0,0,0,0,0,0,9.523809432983398,0,0,0,0,0,0,100,0,80839.23303222656,261500.47790527344,0,404327403520,8589930496,5770379264,114688
9,1791573750633,2499,2500,800,800,800,800,799,800,2500,2499,2499,2499,2499,2499,799,799,0,0,0,0,0,0,0,9.523809432983398,0,0,0,0,0,0,100,0,80839.38354492188,261500.7865600586,0,404327403520,8589930496,5770379264,114688
9,1791573750643,2499,2500,800,800,800,800,799,800,2500,2499,2499,2499,2499,2499,799,799,0,0,0,0,0,0,0,9.523809432983398,0,0,0,0,0,0,100,0,80839.53900146484,261501.10095214844,0,404327403520,8589930496,5770379264,114688
9,1791573750653,2499,2500,800,800,800,800,799,800,2500,2499,2499,2499,2499,2499,799,799,0,0,0,0,0,0,0,9.523809432983398,0,0,0,0,0,0,100,0,80839.68896484375,261501.41760253906,0,404327403520,8589930496,5770379264,114688
9,1791573750663,2499,2500,800,800,800,800,799,800,2500,2499,2499,2499,2499,2499,799,799,0,0,0,0,0,0,0,5.263157844543457,0,0,0,0,0,0,100,0,80839.8451538086,261501.72973632813,0,404327403520,8589930496,5770379264,114688
9,1791573750673,2499,2500,800,800,800,800,799,800,2500,2499,2499,2499,2499,2499,799,799,0,0,0,0,0,0,0,5.263157844543457,0,0,0,0,0,0,100,0,80839.99786376953,261502.0430908203,0,404327403520,8589930496,5770379264,114688
9,1791573750683,2499,2500,800,800,800,800,799,800,2500,2499,2499,2499,2499,2499,799,799,0,0,0,0,0,0,0,5.263157844543457,0,0,0,0,0,0,100,0,80840.1460571289,261502.3529663086,0,404327403520,8589930496,5770379264,114688
9,1791573750693,2499,2500,800,800,800,800,799,800,2500,2499,2499,2499,2499,2499,799,799,0,0,0,0,0,0,0,5.263157844543457,0,0,0,0,0,0,100,0,80840.29455566406,261502.66485595703,0,404327403520,8589930496,5770379264,114688
10,1791573750703,2499,2500,800,800,800,800,799,800,2500,2499,2499,2499,2499,2499,799,799,0,0,0,0,0,0,0,5.263157844543457,0,0,0,0,0,0,100,0,80840.44561767578,261502.9741821289,0,404327403520,8589930496,5770379264,114688
9,1791573750713,2499,2500,800,800,800,800,799,800,2500,2499,2499,2499,2499,2499,799,799,0,0,0,0,0,0,0,5.263157844543457,0,0,0,0,0,0,100,0,80840.59979248047,261503.28833007813,0,404327403520,8589930496,5770379264,114688
10,1791573750723,2499,2500,800,800,800,800,799,800,2500,2499,2499,2499,2499,2499,799,799,0,0,0,0,0,0,0,5.263157844543457,0,0,0,0,0,0,100,0,80840.75439453125,261503.60675048828,0,404327403520,8589930496,5770379264,114688
9,1791573750734,2499,2500,800,800,800,800,799,800,2500,2499,2499,2499,2499,2499,799,799,0,0,0,0,0,0,0,5.263157844543457,0,0,0,0,0,0,100,0,80840.9087524414,261503.91766357422,0,404327403520,8589930496,5770379264,114688
9,1791573750744,2499,2500,800,800,800,800,799,800,2500,2499,2499,2499,2499,2499,799,799,0,0,0,0,0,0,0,5.263157844543457,0,0,0,0,0,0,100,0,80841.06036376953,261504.2319946289,0,404327403520,8589930496,5770379264,114688
10,1791573750754,2499,2500,800,800,800,800,799,800,2500,2499,2499,2499,2499,2499,799,799,0,0,0,0,0,0,0,5.263157844543457,0,0,0,0,0,0,100,0,80841.21154785156,261504.54400634766,0,404327403520,8589930496,5770379264,114688
10,1791573750764,2499,2500,800,800,800,800,799,800,2500,2499,2499,2499,2499,2499,799,799,0,0,0,0,0,0,0,5.263157844543457,0,0,0,0,0,0,100,0,80841.36059570313,261504.85327148438,0,404327403520,8589930496,5770379264,114688
9,1791573750774,2499,2500,800,800,800,800,799,800,2500,2499,2499,2499,2499,2499,799,799,0,0,0,0,0,0,0,5.263157844543457,0,0,0,0,0,0,100,0,80841.50982666016,261505.16918945313,0,404327403520,8589930496,5770379264,114688
9,1791573750784,2499,2500,800,800,800,800,799,800,2500,2499,2499,2499,2499,2499,799,799,0,0,0,0,0,0,0,5.263157844543457,0,0,0,0,0,0,100,0,80841.6577758789,261505.47930908203,0,404327403520,8589930496,5770379264,114688
9,1791573750794,2499,2500,800,800,800,800,799,800,2500,2499,2499,2499,2499,2499,799,799,0,0,0,0,0,0,0,5.263157844543457,0,0,0,0,0,0,100,0,80841.8178100586,261505.82287597656,0,404327403520,8589930496,5770379264,114688
9,1791573750804,2499,2500,800,800,800,800,799,800,2500,2499,2499,2499,2499,2499,799,799,0,0,0,0,0,0,0,5.263157844543457,0,0,0,0,0,0,100,0,80841.95770263672,261506.11236572266,0,404327403520,8589930496,5770379264,114688
10,1791573750814,2499,2500,800,800,800,800,799,800,2500,2499,2499,2499,2499,2499,799,799,0,0,0,0,0,0,0,5.263157844543457,0,0,0,0,0,0,100,0,80842.11004638672,261506.41833496094,0,404327403520,8589930496,5770379264,114688
9,1791573750824,2499,2500,800,800,800,800,799,800,2500,2499,2499,2499,2499,2499,799,799,0,0,0,0,0,0,0,5.263157844543457,0,0,0,0,0,0,100,0,80842.27014160156,261506.76416015625,0,404327403520,8589930496,5770379264,114688
9,1791573750834,2499,2500,800,800,800,800,799,800,2500,2499,2499,2499,2499,2499,799,799,0,0,0,0,0,0,0,5.263157844543457,0,0,0,0,0,0,100,0,80842.42248535156,261507.07330322266,0,404327403520,8589930496,5770379264,114688
9,1791573750844,2499,2500,800,800,800,800,799,800,2500,2499,2499,2499,2499,2499,799,799,0,0,0,0,0,0,0,5.263157844543457,0,0,0,0,0,0,100,0,80842.57427978516,261507.38598632813,0,404327403520,8589930496,5770379264,114688
9,1791573750854,2499,2500,800,800,800,800,799,800,2500,2499,2499,2499,2499,2499,799,799,0,0,0,0,0,0,0,5.263157844543457,0,0,0,0,0,0,100,0,80842.72424316406,261507.69677734375,0,404327403520,8589930496,5770379264,114688
9,1791573750865,2499,2500,800,800,800,800,799,800,2500,2499,2499,2499,2499,2499,799,799,5.263157844543457,0,0,0,0,0,0,9.523809432983398,0,0,0,0,0,0,100,0,80842.87512207031,261508.01232910156,0,404327403520,8589930496,5770379264,114688
9,1791573750875,2499,2500,800,800,800,800,799,800,2500,2499,2499,2499,2499,2499,799,799,5.263157844543457,0,0,0,0,0,0,9.523809432983398,0,0,0,0,0,0,100,0,80843.02355957031,261508.3272705078,0,404327403520,8589930496,5770379264,114688
9,1791573750885,2499,2500,800,800,800,800,799,800,2500,2499,2499,2499,2499,2499,799,799,5.263157844543457,0,0,0,0,0,0,9.523809432983398,0,0,0,0,0,0,100,0,80843.17449951172,261508.63470458984,0,404327403520,8589930496,5770379264,114688
9,1791573750895,2499,2500,800,800,800,800,799,800,2500,2499,2499,2499,2499,2499,799,799,5.263157844543457,0,0,0,0,0,0,9.523809432983398,0,0,0,0,0,0,100,0,80843.32189941406,261508.94702148438,0,404327403520,8589930496,5770379264,114688
9,1791573750905,2499,2500,800,800,800,800,799,800,2500,2499,2499,2499,2499,2499,799,799,5.263157844543457,0,0,0,0,0,0,9.523809432983398,0,0,0,0,0,0,100,0,80843.46380615234,261509.25592041016,0,404327403520,8589930496,5770379264,114688
9,1791573750915,2499,2500,800,800,800,800,799,800,2500,2499,2499,2499,2499,2499,799,799,5.263157844543457,0,0,0,0,0,0,9.523809432983398,0,0,0,0,0,0,100,0,80843.61779785156,261509.57049560547,0,404327403520,8589930496,5770379264,114688
9,1791573750925,2499,2500,800,800,800,800,799,800,2500,2499,2499,2499,2499,2499,799,799,5.263157844543457,0,0,0,0,0,0,9.523809432983398,0,0,0,0,0,0,100,0,80843.77142333984,261509.88360595703,0,404327403520,8589930496,5770379264,114688
9,1791573750935,2499,2500,800,800,800,800,799,800,2500,2499,2499,2499,2499,2499,799,799,5.263157844543457,0,0,0,0,0,0,9.523809432983398,0,0,0,0,0,0,100,0,80843.91827392578,261510.1976928711,0,404327403520,8589930496,5770379264,114688
9,1791573750945,2499,2500,800,800,800,800,799,800,2500,2499,2499,2499,2499,2499,799,799,5.263157844543457,0,0,0,0,0,0,9.523809432983398,0,0,0,0,0,0,100,0,80844.0679321289,261510.5037841797,0,404327403520,8589930496,5770379264,114688
9,1791573750955,2499,2500,800,800,800,800,799,800,2500,2499,2499,2499,2499,2499,799,799,5.263157844543457,0,0,0,0,0,0,9.523809432983398,0,0,0,0,0,0,100,0,80844.2373046875,261510.84930419922,0,404327403520,8589930496,5770379264,114688
9,1791573750965,2499,2500,800,800,800,800,799,800,2500,2499,2499,2499,2499,2499,799,799,5.263157844543457,0,0,0,0,0,0,9.523809432983398,0,0,0,0,0,0,100,0,80844.38494873047,261511.1649169922,0,404327403520,8589930496,5770379264,114688
10,1791573750975,2499,2500,800,800,800,800,799,800,2500,2499,2499,2499,2499,2499,799,799,5.263157844543457,0,0,0,0,0,0,9.523809432983398,0,0,0,0,0,0,100,0,80844.5326538086,261511.47857666016,0,404327403520,8589930496,5770379264,114688
9,1791573750985,2499,2500,800,800,800,800,799,800,2500,2499,2499,2499,2499,2499,799,799,5.263157844543457,0,0,0,0,0,0,9.523809432983398,0,0,0,0,0,0,100,0,80844.68115234375,261511.79248046875,0,404327403520,8589930496,5770379264,114688
9,1791573750995,2499,2500,800,800,800,800,799,800,2500,2499,2499,2499,2499,2499,799,799,5.263157844543457,0,0,0,0,0,0,9.523809432983398,0,0,0,0,0,0,100,0,80844.83129882813,261512.1050415039,0,404327403520,8589930496,5770379264,114688
10,1791573751005,2499,2500,800,800,800,800,799,800,2500,2499,2499,2499,2499,2499,799,799,5.263157844543457,0,0,0,0,0,0,9.523809432983398,0,0,0,0,0,0,100,0,80844.98364257813,261512.4190673828,0,404327403520,8589930496,5770379264,114688
9,1791573751016,2499,2500,800,800,800,800,799,800,2500,2499,2499,2499,2499,2499,799,799,5.263157844543457,0,0,0,0,0,0,9.523809432983398,0,0,0,0,0,0,100,0,80845.13751220703,261512.72564697266,0,404327403520,8589930496,5770379264,114688
10,1791573751026,2499,2500,800,800,800,800,799,800,2500,2499,2499,2499,2499,2499,799,799,5.263157844543457,0,0,0,0,0,0,9.523809432983398,0,0,0,0,0,0,100,0,80845.28637695313,261513.0361328125,0,404327403520,8589930496,5770379264,114688
9,1791573751036,2499,2500,800,800,800,800,799,800,2500,2499,2499,2499,2499,2499,799,799,5.263157844543457,0,0,0,0,0,0,9.523809432983398,0,0,0,0,0,0,100,0,80845.43371582031,261513.34674072266,0,404327403520,8589930496,5770379264,114688
9,1791573751046,2499,2500,800,800,800,800,799,800,2500,2499,2499,2499,2499,2499,799,799,5.263157844543457,0,0,0,0,0,0,9.523809432983398,0,0,0,0,0,0,100,0,80845.58514404297,261513.66021728516,0,404327403520,8589930496,5770379264,114688
9,1791573751056,2499,2500,800,800,800,800,799,800,2500,2499,2499,2499,2499,2499,799,799,5.263157844543457,0,0,0,0,0,0,9.523809432983398,0,0,0,0,0,0,100,0,80845.74224853516,261513.97436523438,0,404327403520,8589930496,5770379264,114688
10,1791573751066,2499,2500,800,800,800,800,799,800,2500,2499,2499,2499,2499,2499,799,799,0,0,0,0,0,0,0,10,0,0,0,0,0,0,100,0,80845.89294433594,261514.28680419922,0,404327403520,8589930496,5770379264,114688
9,1791573751076,2499,2500,800,800,800,800,799,800,2500,2499,2499,2499,2499,2499,799,799,0,0,0,0,0,0,0,10,0,0,0,0,0,0,100,0,80846.04107666016,261514.5968017578,0,404327403520,8589930496,5770379264,114688
9,1791573751086,2499,2500,800,800,800,800,799,800,2500,2499,2499,2499,2499,2499,799,799,0,0,0,0,0,0,0,10,0,0,0,0,0,0,100,0,80846.19049072266,261514.91217041016,0,404327403520,8589930496,5770379264,114688
9,1791573751096,2499,2500,800,800,800,800,799,800,2500,2499,2499,2499,2499,2499,799,799,0,0,0,0,0,0,0,10,0,0,0,0,0,0,100,0,80846.33880615234,261515.2236328125,0,404327403520,8589930496,5770379264,114688
9,1791573751106,2499,2500,800,800,800,800,799,800,2500,2499,2499,2499,2499,2499,799,799,0,0,0,0,0,0,0,10,0,0,0,0,0,0,100,0,80846.49353027344,261515.53759765625,0,404327403520,8589930496,5770379264,114688
9,1791573751116,2499,2500,800,800,800,800,799,800,2500,2499,2499,2499,2499,2499,799,799,0,0,0,0,0,0,0,10,0,0,0,0,0,0,100,0,80846.65393066406,261515.87744140625,0,404327403520,8589930496,5770379264,114688
10,1791573751126,2499,2500,800,800,800,800,799,800,2500,2499,2499,2499,2499,2499,799,799,0,0,0,0,0,0,0,10,0,0,0,0,0,0,100,0,80846.78283691406,261516.1537475586,0,404327403520,8589930496,5770379264,114688
9,1791573751136,2499,2500,800,800,800,800,799,800,2500,2499,2499,2499,2499,2499,799,799,0,0,0,0,0,0,0,10,0,0,0,0,0,0,100,0,80846.94525146484,261516.49780273438,0,404327403520,8589930496,5770379264,114688
9,1791573751147,2499,2500,800,800,800,800,799,800,2500,2499,2499,2499,2499,2499,799,799,0,0,0,0,0,0,0,10,0,0,0,0,0,0,100,0,80847.09283447266,261516.81439208984,0,404327403520,8589930496,5760966656,114688
10,1791573751157,2499,2500,800,800,800,800,799,800,2500,2499,2499,2499,2499,2499,799,799,0,0,0,0,0,0,0,10,0,0,0,0,0,0,100,0,80847.24432373047,261517.12475585938,0,404327403520,8589930496,5760966656,114688
10,1791573751167,2499,2500,800,800,800,800,799,800,2500,2499,2499,2499,2499,2499,799,799,0,0,0,0,0,0,0,10,0,0,0,0,0,0,100,0,80847.39471435547,261517.44079589844,0,404327403520,8589930496,5760966656,114688
9,1791573751177,2499,2500,800,800,800,800,799,800,2500,2499,2499,2499,2499,2499,799,799,0,0,0,0,0,0,0,10,0,0,0,0,0,0,100,0,80847.54669189453,261517.75408935547,0,404327403520,8589930496,5760966656,114688
9,1791573751187,2499,2500,800,800,800,800,799,800,2500,2499,2499,2499,2499,2499,799,799,0,0,0,0,0,0,0,10,0,0,0,0,0,0,100,0,80847.70104980469,261518.06860351563,0,404327403520,8589930496,5760966656,114688
9,1791573751197,2499,2500,800,800,800,800,799,800,2500,2499,2499,2499,2499,2499,799,799,0,0,0,0,0,0,0,10,0,0,0,0,0,0,100,0,80847.85302734375,261518.37731933594,0,404327403520,8589930496,5760966656,114688
9,1791573751207,2499,2500,800,800,800,800,799,800,2500,2499,2499,2499,2499,2499,799,799,0,0,0,0,0,0,0,10,0,0,0,0,0,0,100,0,80848.0062866211,261518.69256591797,0,404327403520,8589930496,5760966656,114688
9,1791573751217,2499,2500,800,800,800,800,799,800,2500,2499,2499,2499,2499,2499,799,799,0,0,0,0,0,0,0,10,0,0,0,0,0,0,100,0,80848.1591796875,261519.0043334961,0,404327403520,8589930496,5760966656,114688
10,1791573751227,2499,2500,800,800,800,800,799,800,2500,2499,2499,2499,2499,2499,799,799,0,0,0,0,0,0,0,10,0,0,0,0,0,0,100,0,80848.31042480469,261519.31475830078,0,404327403520,8589930496,5760966656,114688
9,1791573751237,2499,2500,800,800,800,800,799,800,2500,2499,2499,2499,2499,2499,799,799,0,0,0,0,0,0,0,10,0,0,0,0,0,0,100,0,80848.46520996094,261519.62677001953,0,404327403520,8589930496,5760966656,114688
10,1791573751247,2499,2500,800,800,800,800,799,800,2500,2499,2499,2499,2499,2499,799,799,0,0,0,0,0,0,0,10,0,0,0,0,0,0,100,0,80848.61059570313,261519.93603515625,0,404327403520,8589930496,5760966656,114688
10,1791573751257,2499,2500,800,800,800,800,799,800,2500,2499,2499,2499,2499,2499,799,799,0,0,0,0,0,0,0,10,0,0,0,0,0,0,100,0,80848.76000976563,261520.24224853516,0,404327403520,8589930496,5760966656,114688
9,1791573751268,2499,2500,800,800,800,800,799,800,2500,2499,2499,2499,2499,2499,799,799,0,0,0,0,0,0,0,5,0,0,0,0,0,0,100,0,80848.92370605469,261520.5835571289,0,404327403520,8589930496,5760966656,114688
9,1791573751278,2499,2500,800,800,800,800,799,800,2500,2499,2499,2499,2499,2499,799,799,0,0,0,0,0,0,0,5,0,0,0,0,0,0,100,0,80849.07037353516,261520.8955078125,0,404327403520,8589930496,5760966656,114688
9,1791573751288,2499,2500,800,800,800,800,799,800,2500,2499,2499,2499,2499,2499,799,799,0,0,0,0,0,0,0,5,0,0,0,0,0,0,100,0,80849.22473144531,261521.21032714844,0,404327403520,8589930496,5760966656,114688
9,1791573751298,2499,2500,800,800,800,800,799,800,2500,2499,2499,2499,2499,2499,799,799,0,0,0,0,0,0,0,5,0,0,0,0,0,0,100,0,80849.37390136719,261521.52221679688,0,404327403520,8589930496,5755514880,114688
9,1791573751308,2499,2500,800,800,800,800,799,800,2500,2499,2499,2499,2499,2499,799,799,0,0,0,0,0,0,0,5,0,0,0,0,0,0,100,0,80849.52020263672,261521.83599853516,0,404327403520,8589930496,5755514880,114688
10,1791573751318,2499,2500,800,800,800,800,799,800,2500,2499,2499,2499,2499,2499,799,799,0,0,0,0,0,0,0,5,0,0,0,0,0,0,100,0,80849.6732788086,261522.1473388672,0,404327403520,8589930496,5755514880,114688
9,1791573751328,2499,2500,800,800,800,800,799,800,2500,2499,2499,2499,2499,2499,799,799,0,0,0,0,0,0,0,5,0,0,0,0,0,0,100,0,80849.826171875,261522.4561767578,0,404327403520,8589930496,5749567488,114688
9,1791573751338,2499,2500,800,800,800,800,799,800,2500,2499,2499,2499,2499,2499,799,799,0,0,0,0,0,0,0,5,0,0,0,0,0,0,100,0,80849.97595214844,261522.76904296875,0,404327403520,8589930496,5725777920,114688
10,1791573751348,2499,2500,800,800,800,800,799,800,2500,2499,2499,2499,2499,2499,799,799,0,0,0,0,0,0,0,5,0,0,0,0,0,0,100,0,80850.125,261523.07751464844,0,404327403520,8589930496,5708926976,114688
9,1791573751358,2499,2500,800,800,800,800,799,800,2500,2499,2499,2499,2499,2499,799,799,0,0,0,0,0,0,0,5,0,0,0,0,0,0,100,0,80850.27703857422,261523.3890991211,0,404327403520,8589930496,5708926976,114688
9,1791573751368,2499,2500,800,800,800,800,799,800,2500,2499,2499,2499,2499,2499,799,799,0,0,0,0,0,0,0,5,0,0,0,0,0,0,100,0,80850.43200683594,261523.70220947266,0,404327403520,8589930496,5708926976,114688
10,1791573751378,2499,2500,800,800,800,800,799,800,2500,2499,2499,2499,2499,2499,799,799,0,0,0,0,0,0,0,5,0,0,0,0,0,0,100,0,80850.58416748047,261524.01245117188,0,404327403520,8589930496,5708926976,114688
9,1791573751388,2499,2500,800,800,800,800,799,800,2500,2499,2499,2499,2499,2499,799,799,0,0,0,0,0,0,0,5,0,0,0,0,0,0,100,0,80850.75305175781,261524.35626220703,0,404327403520,8589930496,5708926976,114688
9,1791573751399,2499,2500,800,800,800,800,799,800,2500,2499,2499,2499,2499,2499,799,799,0,0,0,0,0,0,0,5,0,0,0,0,0,0,100,0,80850.90234375,261524.6703491211,0,404327403520,8589930496,5708926976,114688
9,1791573751409,2499,2500,800,800,800,800,799,800,2500,2499,2499,2499,2499,2499,799,799,0,0,0,0,0,0,0,5,0,0,0,0,0,0,100,0,80851.05102539063,261524.98120117188,0,404327403520,8589930496,5708926976,114688
9,1791573751419,2499,2500,800,800,800,800,799,800,2500,2499,2499,2499,2499,2499,799,799,0,0,0,0,0,0,0,5,0,0,0,0,0,0,100,0,80851.19805908203,261525.29235839844,0,404327403520,8589930496,5708926976,114688
9,1791573751429,2499,2500,800,800,800,800,799,800,2500,2499,2499,2499,2499,2499,799,799,0,0,0,0,0,0,0,5,0,0,0,0,0,0,100,0,80851.35223388672,261525.603515625,0,404327403520,8589930496,5708926976,114688
9,1791573751439,2499,2500,800,800,800,800,799,800,2500,2499,2499,2499,2499,2499,799,799,0,0,0,0,0,0,0,5,0,0,0,0,0,0,100,0,80851.50183105469,261525.91705322266,0,404327403520,8589930496,5708926976,114688
9,1791573751449,2499,2500,800,800,800,800,799,800,2500,2499,2499,2499,2499,2499,799,799,0,0,0,0,0,0,0,5,0,0,0,0,0,0,100,0,80851.64611816406,261526.22314453125,0,404327403520,8589930496,5708926976,114688
9,1791573751459,2499,2500,800,800,800,800,799,800,2500,2499,2499,2499,2499,2499,799,799,0,0,0,0,0,0,0,5,0,0,0,0,0,0,100,0,80851.79370117188,261526.53521728516,0,404327403520,8589930496,5708926976,114688
9,1791573751469,2499,2500,800,800,800,800,799,800,2500,2499,2499,2499,2499,2499,799,799,5.263157844543457,0,0,0,4.761904716491699,0,0,5,0,0,0,0,0,0,100,0,80851.94366455078,261526.85009765625,0,404327403520,8589930496,5708926976,114688
9,1791573751479,2499,2500,800,800,800,800,799,800,2500,2499,2499,2499,2499,2499,799,799,5.263157844543457,0,0,0,4.761904716491699,0,0,5,0,0,0,0,0,0,100,0,80852.09344482422,261527.16302490234,0,404327403520,8589930496,5708926976,114688
9,1791573751489,2499,2500,800,800,800,800,799,800,2500,2499,2499,2499,2499,2499,799,799,5.263157844543457,0,0,0,4.761904716491699,0,0,5,0,0,0,0,0,0,100,0,80852.2470703125,261527.47845458984,0,404327403520,8589930496,5708926976,114688
9,1791573751499,2499,2500,800,800,800,800,799,800,2500,2499,2499,2499,2499,2499,799,799,5.263157844543457,0,0,0,4.761904716491699,0,0,5,0,0,0,0,0,0,100,0,80852.39099121094,261527.79321289063,0,404327403520,8589930496,5708926976,114688
10,1791573751509,2499,2500,800,800,800,800,799,800,2500,2499,2499,2499,2499,2499,799,799,5.263157844543457,0,0,0,4.761904716491699,0,0,5,0,0,0,0,0,0,100,0,80852.54370117188,261528.10162353516,0,404327403520,8589930496,5708926976,114688
9,1791573751519,2499,2500,800,800,800,800,799,800,2500,2499,2499,2499,2499,2499,799,799,5.263157844543457,0,0,0,4.761904716491699,0,0,5,0,0,0,0,0,0,100,0,80852.69439697266,261528.41442871094,0,404327403520,8589930496,5708926976,114688
9,1791573751529,2499,2500,800,800,800,800,799,800,2500,2499,2499,2499,2499,2499,799,799,5.263157844543457,0,0,0,4.761904716491699,0,0,5,0,0,0,0,0,0,100,0,80852.8412475586,261528.72998046875,0,404327403520,8589930496,5708926976,114688
9,1791573751540,2499,2500,800,800,800,800,799,800,2500,2499,2499,2499,2499,2499,799,799,5.263157844543457,0,0,0,4.761904716491699,0,0,5,0,0,0,0,0,0,100,0,80852.9917602539,261529.04370117188,0,404327403520,8589930496,5708926976,114688
9,1791573751550,2499,2500,800,800,800,800,799,800,2500,2499,2499,2499,2499,2499,799,799,5.263157844543457,0,0,0,4.761904716491699,0,0,5,0,0,0,0,0,0,100,0,80853.16101074219,261529.38525390625,0,404327403520,8589930496,5708926976,114688
9,1791573751560,2499,2500,800,800,800,800,799,800,2500,2499,2499,2499,2499,2499,799,799,5.263157844543457,0,0,0,4.761904716491699,0,0,5,0,0,0,0,0,0,100,0,80853.3120727539,261529.69787597656,0,404327403520,8589930496,5708926976,114688
9,1791573751570,2499,2500,800,800,800,800,799,800,2500,2499,2499,2499,2499,2499,799,799,5.263157844543457,0,0,0,4.761904716491699,0,0,5,0,0,0,0,0,0,100,0,80853.46197509766,261530.00610351563,0,404327403520,8589930496,5708926976,114688
9,1791573751580,2499,2500,800,800,800,800,799,800,2500,2499,2499,2499,2499,2499,799,799,5.263157844543457,0,0,0,4.761904716491699,0,0,5,0,0,0,0,0,0,100,0,80853.60974121094,261530.31884765625,0,404327403520,8589930496,5708926976,114688
9,1791573751590,2499,2500,800,800,800,800,799,800,2500,2499,2499,2499,2499,2499,799,799,5.263157844543457,0,0,0,4.761904716491699,0,0,5,0,0,0,0,0,0,100,0,80853.76293945313,261530.63220214844,0,404327403520,8589930496,5692571648,114688
9,1791573751600,2499,2500,800,800,800,800,799,800,2500,2499,2499,2499,2499,2499,799,799,5.263157844543457,0,0,0,4.761904716491699,0,0,5,0,0,0,0,0,0,100,0,80853.9183959961,261530.94696044922,0,404327403520,8589930496,5601873920,114688
9,1791573751610,2499,2500,800,800,800,800,799,800,2500,2499,2499,2499,2499,2499,799,799,5.263157844543457,0,0,0,4.761904716491699,0,0,5,0,0,0,0,0,0,100,0,80854.07550048828,261531.25885009766,0,404327403520,8589930496,5511176192,114688
9,1791573751620,2499,2500,800,800,800,800,799,800,2500,2499,2499,2499,2499,2499,799,799,5.263157844543457,0,0,0,4.761904716491699,0,0,5,0,0,0,0,0,0,100,0,80854.22857666016,261531.57153320313,0,404327403520,8589930496,5428408320,114688
10,1791573751630,2499,2500,800,800,800,800,799,800,2500,2499,2499,2499,2499,2499,799,799,5.263157844543457,0,0,0,4.761904716491699,0,0,5,0,0,0,0,0,0,100,0,80854.3794555664,261531.87829589844,0,404327403520,8589930496,5336834048,114688
0,1791573751640,2499,2500,800,800,800,800,799,800,2500,2499,2499,2499,2499,2499,799,799,5.263157844543457,0,0,0,4.761904716491699,0,0,5,0,0,0,0,0,0,100,0,80854.53399658203,261532.25115966797,0,404327403520,8589930496,5323948032,114688
