Delta,Time,CPU_FREQUENCY_0,CPU_FREQUENCY_1,CPU_FREQUENCY_10,CPU_FREQUENCY_11,CPU_FREQUENCY_12,CPU_FREQUENCY_13,CPU_FREQUENCY_14,CPU_FREQUENCY_15,CPU_FREQUENCY_2,CPU_FREQUENCY_3,CPU_FREQUENCY_4,CPU_FREQUENCY_5,CPU_FREQUENCY_6,CPU_FREQUENCY_7,CPU_FREQUENCY_8,CPU_FREQUENCY_9,CPU_USAGE_0,CPU_USAGE_1,CPU_USAGE_10,CPU_USAGE_11,CPU_USAGE_12,CPU_USAGE_13,CPU_USAGE_14,CPU_USAGE_15,CPU_USAGE_2,CPU_USAGE_3,CPU_USAGE_4,CPU_USAGE_5,CPU_USAGE_6,CPU_USAGE_7,CPU_USAGE_8,CPU_USAGE_9,DRAM_ENERGY (J),PACKAGE_ENERGY (J),PP0_ENERGY (J),TOTAL_MEMORY,TOTAL_SWAP,USED_MEMORY,USED_SWAP
0,1791575388324,2499,2499,800,800,800,800,800,800,2500,2500,2499,2499,2499,2499,799,799,8,4.1666669845581055,0,0,0,0,0,8,4,4.1666669845581055,0,4,0,0,4.1666669845581055,0,105985.18658447266,52999.61456298828,0,404327403520,8589930496,5082058752,114688
10,1791575388324,2499,2499,800,800,800,800,800,800,2500,2500,2499,2499,2499,2499,799,799,8,4.1666669845581055,0,0,0,0,0,8,4,4.1666669845581055,0,4,0,0,4.1666669845581055,0,105985.20343017578,52999.64880371094,0,404327403520,8589930496,5082058752,114688
10,1791575388334,2499,2499,800,800,800,800,800,800,2500,2500,2499,2499,2499,2499,799,799,8,4.1666669845581055,0,0,0,0,0,8,4,4.1666669845581055,0,4,0,0,4.1666669845581055,0,105985.35668945313,53000.025451660156,0,404327403520,8589930496,5082058752,114688
9,1791575388344,2499,2499,800,800,800,800,800,800,2500,2500,2499,2499,2499,2499,799,799,8,4.1666669845581055,0,0,0,0,0,8,4,4.1666669845581055,0,4,0,0,4.1666669845581055,0,105985.513671875,53000.399353027344,0,404327403520,8589930496,5082058752,114688
10,1791575388354,2499,2499,800,800,800,800,800,800,2500,2500,2499,2499,2499,2499,799,799,8,4.1666669845581055,0,0,0,0,0,8,4,4.1666669845581055,0,4,0,0,4.1666669845581055,0,105985.66845703125,53000.77624511719,0,404327403520,8589930496,5082058752,114688
10,1791575388364,2499,2499,800,800,800,800,800,800,2500,2500,2499,2499,2499,2499,799,799,8,4.1666669845581055,0,0,0,0,0,8,4,4.1666669845581055,0,4,0,0,4.1666669845581055,0,105985.82147216797,53001.14892578125,0,404327403520,8589930496,5082058752,114688
10,1791575388374,2499,2499,800,800,800,800,800,800,2500,2500,2499,2499,2499,2499,799,799,8,4.1666669845581055,0,0,0,0,0,8,4,4.1666669845581055,0,4,0,0,4.1666669845581055,0,105985.9789428711,53001.52520751953,0,404327403520,8589930496,5082058752,114688
10,1791575388384,2499,2499,800,800,800,800,800,800,2500,2500,2499,2499,2499,2499,799,799,8,4.1666669845581055,0,0,0,0,0,8,4,4.1666669845581055,0,4,0,0,4.1666669845581055,0,105986.1371459961,53001.903381347656,0,404327403520,8589930496,5082058752,114688
9,1791575388394,2499,2499,800,800,800,800,800,800,2500,2500,2499,2499,2499,2499,799,799,8,4.1666669845581055,0,0,0,0,0,8,4,4.1666669845581055,0,4,0,0,4.1666669845581055,0,105986.29541015625,53002.28161621094,0,404327403520,8589930496,5082058752,114688
10,1791575388404,2499,2499,800,800,800,800,800,800,2500,2500,2499,2499,2499,2499,799,799,8,4.1666669845581055,0,0,0,0,0,8,4,4.1666669845581055,0,4,0,0,4.1666669845581055,0,105986.45111083984,53002.65539550781,0,404327403520,8589930496,5082058752,114688
9,1791575388414,2499,2499,800,800,800,800,800,800,2500,2500,2499,2499,2499,2499,799,799,8,4.1666669845581055,0,0,0,0,0,8,4,4.1666669845581055,0,4,0,0,4.1666669845581055,0,105986.60620117188,53003.031494140625,0,404327403520,8589930496,5082058752,114688
10,1791575388424,2499,2499,800,800,800,800,800,800,2500,2500,2499,2499,2499,2499,799,799,8,4.1666669845581055,0,0,0,0,0,8,4,4.1666669845581055,0,4,0,0,4.1666669845581055,0,105986.75866699219,53003.405700683594,0,404327403520,8589930496,5082058752,114688
10,1791575388434,2499,2499,800,800,800,800,800,800,2500,2500,2499,2499,2499,2499,799,799,8,4.1666669845581055,0,0,0,0,0,8,4,4.1666669845581055,0,4,0,0,4.1666669845581055,0,105986.91870117188,53003.78137207031,0,404327403520,8589930496,5082058752,114688
10,1791575388444,2499,2499,800,800,800,800,800,800,2500,2500,2499,2499,2499,2499,799,799,8,4.1666669845581055,0,0,0,0,0,8,4,4.1666669845581055,0,4,0,0,4.1666669845581055,0,105987.07415771484,53004.157470703125,0,404327403520,8589930496,5082058752,114688
9,1791575388454,2499,2499,800,800,800,800,800,800,2500,2500,2499,2499,2499,2499,799,799,8,4.1666669845581055,0,0,0,0,0,8,4,4.1666669845581055,0,4,0,0,4.1666669845581055,0,105987.22473144531,53004.533630371094,0,404327403520,8589930496,5082058752,114688
10,1791575388464,2499,2499,800,800,800,800,800,800,2500,2500,2499,2499,2499,2499,799,799,8,4.1666669845581055,0,0,0,0,0,8,4,4.1666669845581055,0,4,0,0,4.1666669845581055,0,105987.37579345703,53004.90905761719,0,404327403520,8589930496,5082058752,114688
10,1791575388474,2499,2499,800,800,800,800,800,800,2500,2500,2499,2499,2499,2499,799,799,8,4.1666669845581055,0,0,0,0,0,8,4,4.1666669845581055,0,4,0,0,4.1666669845581055,0,105987.5277709961,53005.28283691406,0,404327403520,8589930496,5082058752,114688
10,1791575388484,2499,2499,800,800,800,800,800,800,2500,2500,2499,2499,2499,2499,799,799,8,4.1666669845581055,0,0,0,0,0,8,4,4.1666669845581055,0,4,0,0,4.1666669845581055,0,105987.67938232422,53005.659423828125,0,404327403520,8589930496,5082058752,114688
10,1791575388495,2499,2499,800,800,800,800,800,800,2500,2500,2499,2499,2499,2499,799,799,8,4.1666669845581055,0,0,0,0,0,8,4,4.1666669845581055,0,4,0,0,4.1666669845581055,0,105987.82678222656,53006.03552246094,0,404327403520,8589930496,5082058752,114688
10,1791575388505,2499,2499,800,800,800,800,800,800,2500,2500,2499,2499,2499,2499,799,799,8,4.1666669845581055,0,0,0,0,0,8,4,4.1666669845581055,0,4,0,0,4.1666669845581055,0,105987.99615478516,53006.44665527344,0,404327403520,8589930496,5082058752,114688
10,1791575388515,2499,2499,800,800,800,800,800,800,2500,2500,2499,2499,2499,2499,799,799,8,4.1666669845581055,0,0,0,0,0,8,4,4.1666669845581055,0,4,0,0,4.1666669845581055,0,105988.1513671875,53006.822265625,0,404327403520,8589930496,5082058752,114688
10,1791575388525,2499,2499,800,800,800,800,800,800,2500,2500,2499,2499,2499,2499,799,799,0,0,0,0,5,0,0,5.263157844543457,15.000000953674316,0,61.904762268066406,0,25,0,0,0,105988.30291748047,53007.19805908203,0,404327403520,8589930496,5082058752,114688
10,1791575388535,2499,2499,800,800,800,800,800,800,2500,2500,2499,2499,2499,2499,799,799,0,0,0,0,5,0,0,5.263157844543457,15.000000953674316,0,61.904762268066406,0,25,0,0,0,105988.45416259766,53007.574157714844,0,404327403520,8589930496,5082058752,114688
10,1791575388545,2499,2499,800,800,800,800,800,800,2500,2500,2499,2499,2499,2499,799,799,0,0,0,0,5,0,0,5.263157844543457,15.000000953674316,0,61.904762268066406,0,25,0,0,0,105988.60906982422,53007.94805908203,0,404327403520,8589930496,5082058752,114688
10,1791575388555,2499,2499,800,800,800,800,800,800,2500,2500,2499,2499,2499,2499,799,799,0,0,0,0,5,0,0,5.263157844543457,15.000000953674316,0,61.904762268066406,0,25,0,0,0,105988.7603149414,53008.32177734375,0,404327403520,8589930496,5082058752,114688
10,1791575388565,2499,2499,800,800,800,800,800,800,2500,2500,2499,2499,2499,2499,799,799,0,0,0,0,5,0,0,5.263157844543457,15.000000953674316,0,61.904762268066406,0,25,0,0,0,105988.91577148438,53008.69738769531,0,404327403520,8589930496,5082058752,114688
10,1791575388575,2499,2499,800,800,800,800,800,800,2500,2500,2499,2499,2499,2499,799,799,0,0,0,0,5,0,0,5.263157844543457,15.000000953674316,0,61.904762268066406,0,25,0,0,0,105989.06433105469,53009.07305908203,0,404327403520,8589930496,5082058752,114688
9,1791575388585,2499,2499,800,800,800,800,800,800,2500,2500,2499,2499,2499,2499,799,799,0,0,0,0,5,0,0,5.263157844543457,15.000000953674316,0,61.904762268066406,0,25,0,0,0,105989.21795654297,53009.44842529297,0,404327403520,8589930496,5082058752,114688
10,1791575388595,2499,2499,800,800,800,800,800,800,2500,2500,2499,2499,2499,2499,799,799,0,0,0,0,5,0,0,5.263157844543457,15.000000953674316,0,61.904762268066406,0,25,0,0,0,105989.36791992188,53009.82550048828,0,404327403520,8589930496,5082058752,114688
10,1791575388605,2499,2499,800,800,800,800,800,800,2500,2500,2499,2499,2499,2499,799,799,0,0,0,0,5,0,0,5.263157844543457,15.000000953674316,0,61.904762268066406,0,25,0,0,0,105989.52575683594,53010.19836425781,0,404327403520,8589930496,5082058752,114688
10,1791575388615,2499,2499,800,800,800,800,800,800,2500,2500,2499,2499,2499,2499,799,799,0,0,0,0,5,0,0,5.263157844543457,15.000000953674316,0,61.904762268066406,0,25,0,0,0,105989.68322753906,53010.574157714844,0,404327403520,8589930496,5082058752,114688
9,1791575388625,2499,2499,800,800,800,800,800,800,2500,2500,2499,2499,2499,2499,799,799,0,0,0,0,5,0,0,5.263157844543457,15.000000953674316,0,61.904762268066406,0,25,0,0,0,105989.84069824219,53010.95245361328,0,404327403520,8589930496,5082058752,114688
10,1791575388635,2499,2499,800,800,800,800,800,800,2500,2500,2499,2499,2499,2499,799,799,0,0,0,0,5,0,0,5.263157844543457,15.000000953674316,0,61.904762268066406,0,25,0,0,0,105989.99194335938,53011.32977294922,0,404327403520,8589930496,5082058752,114688
9,1791575388645,2499,2499,800,800,800,800,800,800,2500,2500,2499,2499,2499,2499,799,799,0,0,0,0,5,0,0,5.263157844543457,15.000000953674316,0,61.904762268066406,0,25,0,0,0,105990.14263916016,53011.645568847656,0,404327403520,8589930496,5090971648,114688
9,1791575388656,2499,2499,800,800,800,800,800,800,2500,2500,2499,2499,2499,2499,799,799,0,0,0,0,5,0,0,5.263157844543457,15.000000953674316,0,61.904762268066406,0,25,0,0,0,105990.31164550781,53011.98815917969,0,404327403520,8589930496,5090971648,114688
9,1791575388666,2499,2499,800,800,800,800,800,800,2500,2500,2499,2499,2499,2499,799,799,0,0,0,0,5,0,0,5.263157844543457,15.000000953674316,0,61.904762268066406,0,25,0,0,0,105990.45965576172,53012.298400878906,0,404327403520,8589930496,5106831360,114688
9,1791575388676,2499,2499,800,800,800,800,800,800,2500,2500,2499,2499,2499,2499,799,799,0,0,0,0,5,0,0,5.263157844543457,15.000000953674316,0,61.904762268066406,0,25,0,0,0,105990.61169433594,53012.61047363281,0,404327403520,8589930496,5115256832,114688
9,1791575388686,2499,2499,800,800,800,800,800,800,2500,2500,2499,2499,2499,2499,799,799,0,0,0,0,5,0,0,5.263157844543457,15.000000953674316,0,61.904762268066406,0,25,0,0,0,105990.76611328125,53012.92449951172,0,404327403520,8589930496,5131612160,114688
9,1791575388696,2499,2499,800,800,800,800,800,800,2500,2500,2499,2499,2499,2499,799,799,0,0,0,0,5,0,0,5.263157844543457,15.000000953674316,0,61.904762268066406,0,25,0,0,0,105990.92010498047,53013.237854003906,0,404327403520,8589930496,5148463104,114688
9,1791575388706,2499,2499,800,800,800,800,800,800,2500,2500,2499,2499,2499,2499,799,799,0,0,0,0,5,0,0,5.263157844543457,15.000000953674316,0,61.904762268066406,0,25,0,0,0,105991.06951904297,53013.547607421875,0,404327403520,8589930496,5164818432,114688
10,1791575388716,2499,2499,800,800,800,800,800,800,2500,2500,2499,2499,2499,2499,799,799,0,0,0,0,5,0,0,5.263157844543457,15.000000953674316,0,61.904762268066406,0,25,0,0,0,105991.22039794922,53013.85888671875,0,404327403520,8589930496,5173243904,114688
9,1791575388726,2499,2499,800,800,800,800,800,800,2500,2500,2499,2499,2499,2499,799,799,5,0,0,0,0,0,0,10,0,10.526315689086914,38.88888931274414,5,5,0,45,0,105991.37109375,53014.171142578125,0,404327403520,8589930496,5198024704,114688
9,1791575388736,2499,2499,800,800,800,800,800,800,2500,2500,2499,2499,2499,2499,799,799,5,0,0,0,0,0,0,10,0,10.526315689086914,38.88888931274414,5,5,0,45,0,105991.52087402344,53014.483642578125,0,404327403520,8589930496,5205954560,114688
9,1791575388746,2499,2499,800,800,800,800,800,800,2500,2500,2499,2499,2499,2499,799,799,5,0,0,0,0,0,0,10,0,10.526315689086914,38.88888931274414,5,5,0,45,0,105991.67193603516,53014.795349121094,0,404327403520,8589930496,5205954560,114688
10,1791575388756,2499,2499,800,800,800,800,800,800,2500,2500,2499,2499,2499,2499,799,799,5,0,0,0,0,0,0,10,0,10.526315689086914,38.88888931274414,5,5,0,45,0,105991.82299804688,53015.10876464844,0,404327403520,8589930496,5205954560,114688
9,1791575388766,2499,2499,800,800,800,800,800,800,2500,2500,2499,2499,2499,2499,799,799,5,0,0,0,0,0,0,10,0,10.526315689086914,38.88888931274414,5,5,0,45,0,105991.97790527344,53015.41827392578,0,404327403520,8589930496,5205954560,114688
9,1791575388777,2499,2499,800,800,800,800,800,800,2500,2500,2499,2499,2499,2499,799,799,5,0,0,0,0,0,0,10,0,10.526315689086914,38.88888931274414,5,5,0,45,0,105992.1284790039,53015.727294921875,0,404327403520,8589930496,5214380032,114688
10,1791575388786,2499,2499,800,800,800,800,800,800,2500,2500,2499,2499,2499,2499,799,799,5,0,0,0,0,0,0,10,0,10.526315689086914,38.88888931274414,5,5,0,45,0,105992.2826538086,53016.04150390625,0,404327403520,8589930496,5214380032,114688
9,1791575388797,2499,2499,800,800,800,800,800,800,2500,2500,2499,2499,2499,2499,799,799,5,0,0,0,0,0,0,10,0,10.526315689086914,38.88888931274414,5,5,0,45,0,105992.43859863281,53016.353515625,0,404327403520,8589930496,5222805504,114688
9,1791575388807,2499,2499,800,800,800,800,800,800,2500,2500,2499,2499,2499,2499,799,799,5,0,0,0,0,0,0,10,0,10.526315689086914,38.88888931274414,5,5,0,45,0,105992.60571289063,53016.694763183594,0,404327403520,8589930496,5222805504,114688
9,1791575388817,2499,2499,800,800,800,800,800,800,2500,2500,2499,2499,2499,2499,799,799,5,0,0,0,0,0,0,10,0,10.526315689086914,38.88888931274414,5,5,0,45,0,105992.75915527344,53017.00469970703,0,404327403520,8589930496,5222805504,114688
10,1791575388827,2499,2499,800,800,800,800,800,800,2500,2500,2499,2499,2499,2499,799,799,5,0,0,0,0,0,0,10,0,10.526315689086914,38.88888931274414,5,5,0,45,0,105992.89739990234,53017.281188964844,0,404327403520,8589930496,5222805504,114688
9,1791575388837,2499,2499,800,800,800,800,800,800,2500,2500,2499,2499,2499,2499,799,799,5,0,0,0,0,0,0,10,0,10.526315689086914,38.88888931274414,5,5,0,45,0,105993.05963134766,53017.62438964844,0,404327403520,8589930496,5222805504,114688
9,1791575388847,2499,2499,800,800,800,800,800,800,2500,2500,2499,2499,2499,2499,799,799,5,0,0,0,0,0,0,10,0,10.526315689086914,38.88888931274414,5,5,0,45,0,105993.2134399414,53017.93518066406,0,404327403520,8589930496,5222805504,114688
9,1791575388857,2499,2499,800,800,800,800,800,800,2500,2500,2499,2499,2499,2499,799,799,5,0,0,0,0,0,0,10,0,10.526315689086914,38.88888931274414,5,5,0,45,0,105993.36267089844,53018.248962402344,0,404327403520,8589930496,5222805504,114688
9,1791575388867,2499,2499,800,800,800,800,800,800,2500,2500,2499,2499,2499,2499,799,799,5,0,0,0,0,0,0,10,0,10.526315689086914,38.88888931274414,5,5,0,45,0,105993.51544189453,53018.56170654297,0,404327403520,8589930496,5222805504,114688
9,1791575388877,2499,2499,800,800,800,800,800,800,2500,2500,2499,2499,2499,2499,799,799,5,0,0,0,0,0,0,10,0,10.526315689086914,38.88888931274414,5,5,0,45,0,105993.66674804688,53018.87188720703,0,404327403520,8589930496,5222805504,114688
9,1791575388887,2499,2499,800,800,800,800,800,800,2500,2500,2499,2499,2499,2499,799,799,5,0,0,0,0,0,0,10,0,10.526315689086914,38.88888931274414,5,5,0,45,0,105993.82147216797,53019.185974121094,0,404327403520,8589930496,5222805504,114688
9,1791575388897,2499,2499,800,800,800,800,800,800,2500,2500,2499,2499,2499,2499,799,799,5,0,0,0,0,0,0,10,0,10.526315689086914,38.88888931274414,5,5,0,45,0,105993.97479248047,53019.49499511719,0,404327403520,8589930496,5222805504,114688
10,1791575388907,2499,2499,800,800,800,800,800,800,2500,2500,2499,2499,2499,2499,799,799,5,0,0,0,0,0,0,10,0,10.526315689086914,38.88888931274414,5,5,0,45,0,105994.13299560547,53019.80676269531,0,404327403520,8589930496,5222805504,114688
9,1791575388917,2499,2499,800,800,800,800,800,800,2500,2500,2499,2499,2499,2499,799,799,5,0,0,0,0,0,0,10,0,10.526315689086914,38.88888931274414,5,5,0,45,0,105994.28332519531,53020.118713378906,0,404327403520,8589930496,5222805504,114688
9,1791575388927,2499,2499,800,800,800,800,800,800,2500,2500,2499,2499,2499,2499,799,799,0,0,0,0,0,0,0,5.263157844543457,0,0,0,0,0,0,100,0,105994.4380493164,53020.42938232422,0,404327403520,8589930496,5222805504,114688
9,1791575388938,2499,2499,800,800,800,800,800,800,2500,2500,2499,2499,2499,2499,799,799,0,0,0,0,0,0,0,5.263157844543457,0,0,0,0,0,0,100,0,105994.59149169922,53020.74597167969,0,404327403520,8589930496,5222805504,114688
9,1791575388948,2499,2499,800,800,800,800,800,800,2500,2500,2499,2499,2499,2499,799,799,0,0,0,0,0,0,0,5.263157844543457,0,0,0,0,0,0,100,0,105994.74035644531,53021.05871582031,0,404327403520,8589930496,5230735360,114688
9,1791575388958,2499,2499,800,800,800,800,800,800,2500,2500,2499,2499,2499,2499,799,799,0,0,0,0,0,0,0,5.263157844543457,0,0,0,0,0,0,100,0,105994.89471435547,53021.36767578125,0,404327403520,8589930496,5230735360,114688
9,1791575388968,2499,2499,800,800,800,800,800,800,2500,2500,2499,2499,2499,2499,799,799,0,0,0,0,0,0,0,5.263157844543457,0,0,0,0,0,0,100,0,105995.04406738281,53021.67724609375,0,404327403520,8589930496,5230735360,114688
9,1791575388978,2499,2499,800,800,800,800,800,800,2500,2500,2499,2499,2499,2499,799,799,0,0,0,0,0,0,0,5.263157844543457,0,0,0,0,0,0,100,0,105995.20794677734,53022.02032470703,0,404327403520,8589930496,5230735360,114688
9,1791575388988,2499,2499,800,800,800,800,800,800,2500,2500,2499,2499,2499,2499,799,799,0,0,0,0,0,0,0,5.263157844543457,0,0,0,0,0,0,100,0,105995.34442138672,53022.302673339844,0,404327403520,8589930496,5230735360,114688
9,1791575388998,2499,2499,800,800,800,800,800,800,2500,2500,2499,2499,2499,2499,799,799,0,0,0,0,0,0,0,5.263157844543457,0,0,0,0,0,0,100,0,105995.49603271484,53022.6162109375,0,404327403520,8589930496,5230735360,114688
10,1791575389008,2499,2499,800,800,800,800,800,800,2500,2500,2499,2499,2499,2499,799,799,0,0,0,0,0,0,0,5.263157844543457,0,0,0,0,0,0,100,0,105995.66027832031,53022.95782470703,0,404327403520,8589930496,5230735360,114688
9,1791575389018,2499,2499,800,800,800,800,800,800,2500,2500,2499,2499,2499,2499,799,799,0,0,0,0,0,0,0,5.263157844543457,0,0,0,0,0,0,100,0,105995.81335449219,53023.26574707031,0,404327403520,8589930496,5230735360,114688
9,1791575389028,2499,2499,800,800,800,800,800,800,2500,2500,2499,2499,2499,2499,799,799,0,0,0,0,0,0,0,5.263157844543457,0,0,0,0,0,0,100,0,105995.96862792969,53023.583435058594,0,404327403520,8589930496,5231230976,114688
10,1791575389038,2499,2499,800,800,800,800,800,800,2500,2500,2499,2499,2499,2499,799,799,0,0,0,0,0,0,0,5.263157844543457,0,0,0,0,0,0,100,0,105996.1185913086,53023.89031982422,0,404327403520,8589930496,5231230976,114688
9,1791575389048,2499,2499,800,800,800,800,800,800,2500,2500,2499,2499,2499,2499,799,799,0,0,0,0,0,0,0,5.263157844543457,0,0,0,0,0,0,100,0,105996.2691040039,53024.21063232422,0,404327403520,8589930496,5235195904,114688
9,1791575389058,2499,2499,800,800,800,800,800,800,2500,2500,2499,2499,2499,2499,799,799,0,0,0,0,0,0,0,5.263157844543457,0,0,0,0,0,0,100,0,105996.42199707031,53024.523681640625,0,404327403520,8589930496,5235195904,114688
9,1791575389069,2499,2499,800,800,800,800,800,800,2500,2500,2499,2499,2499,2499,799,799,0,0,0,0,0,0,0,5.263157844543457,0,0,0,0,0,0,100,0,105996.5791015625,53024.83215332031,0,404327403520,8589930496,5235195904,114688
9,1791575389079,2499,2499,800,800,800,800,800,800,2500,2500,2499,2499,2499,2499,799,799,0,0,0,0,0,0,0,5.263157844543457,0,0,0,0,0,0,100,0,105996.73028564453,53025.14270019531,0,404327403520,8589930496,5235195904,114688
9,1791575389089,2499,2499,800,800,800,800,800,800,2500,2500,2499,2499,2499,2499,799,799,0,0,0,0,0,0,0,5.263157844543457,0,0,0,0,0,0,100,0,105996.88269042969,53025.45275878906,0,404327403520,8589930496,5235195904,114688
9,1791575389099,2499,2499,800,800,800,800,800,800,2500,2500,2499,2499,2499,2499,799,799,0,0,0,0,0,0,0,5.263157844543457,0,0,0,0,0,0,100,0,105997.03631591797,53025.76318359375,0,404327403520,8589930496,5220073472,114688
9,1791575389109,2499,2499,800,800,800,800,800,800,2500,2500,2499,2499,2499,2499,799,799,0,0,0,0,0,0,0,5.263157844543457,0,0,0,0,0,0,100,0,105997.18865966797,53026.07391357422,0,404327403520,8589930496,5220073472,114688
9,1791575389119,2499,2499,800,800,800,800,800,800,2500,2500,2499,2499,2499,2499,799,799,0,0,0,0,0,0,0,5.263157844543457,0,0,0,0,0,0,100,0,105997.34173583984,53026.385803222656,0,404327403520,8589930496,5220073472,114688
9,1791575389129,2499,2499,800,800,800,800,800,800,2500,2500,2499,2499,2499,2499,799,799,5.263157844543457,5,0,0,0,0,0,5,0,4.761904716491699,0,0,0,0,100,0,105997.49572753906,53026.697998046875,0,404327403520,8589930496,5220073472,114688
9,1791575389139,2499,2499,800,800,800,800,800,800,2500,2500,2499,2499,2499,2499,799,799,5.263157844543457,5,0,0,0,0,0,5,0,4.761904716491699,0,0,0,0,100,0,105997.6513671875,53027.01379394531,0,404327403520,8589930496,5220073472,114688
9,1791575389149,2499,2499,800,800,800,800,800,800,2500,2500,2499,2499,2499,2499,799,799,5.263157844543457,5,0,0,0,0,0,5,0,4.761904716491699,0,0,0,0,100,0,105997.80450439453,53027.322692871094,0,404327403520,8589930496,5220073472,114688
9,1791575389159,2499,2499,800,800,800,800,800,800,2500,2500,2499,2499,2499,2499,799,799,5.263157844543457,5,0,0,0,0,0,5,0,4.761904716491699,0,0,0,0,100,0,105997.95892333984,53027.630432128906,0,404327403520,8589930496,5219815424,114688
9,1791575389169,2499,2499,800,800,800,800,800,800,2500,2500,2499,2499,2499,2499,799,799,5.263157844543457,5,0,0,0,0,0,5,0,4.761904716491699,0,0,0,0,100,0,105998.12799072266,53027.97229003906,0,404327403520,8589930496,5219815424,114688
9,1791575389179,2499,2499,800,800,800,800,800,800,2500,2500,2499,2499,2499,2499,799,799,5.263157844543457,5,0,0,0,0,0,5,0,4.761904716491699,0,0,0,0,100,0,105998.27380371094,53028.28161621094,0,404327403520,8589930496,5219815424,114688
10,1791575389189,2499,2499,800,800,800,800,800,800,2500,2500,2499,2499,2499,2499,799,799,5.263157844543457,5,0,0,0,0,0,5,0,4.761904716491699,0,0,0,0,100,0,105998.42291259766,53028.59436035156,0,404327403520,8589930496,5219815424,114688
10,1791575389199,2499,2499,800,800,800,800,800,800,2500,2500,2499,2499,2499,2499,799,799,5.263157844543457,5,0,0,0,0,0,5,0,4.761904716491699,0,0,0,0,100,0,105998.58001708984,53028.90447998047,0,404327403520,8589930496,5219815424,114688
9,1791575389210,2499,2499,800,800,800,800,800,800,2500,2500,2499,2499,2499,2499,799,799,5.263157844543457,5,0,0,0,0,0,5,0,4.761904716491699,0,0,0,0,100,0,105998.73071289063,53029.214111328125,0,404327403520,8589930496,5219815424,114688
9,1791575389220,2499,2499,800,800,800,800,800,800,2500,2500,2499,2499,2499,2499,799,799,5.263157844543457,5,0,0,0,0,0,5,0,4.761904716491699,0,0,0,0,100,0,105998.8814086914,53029.52673339844,0,404327403520,8589930496,5219815424,114688
9,1791575389230,2499,2499,800,800,800,800,800,800,2500,2500,2499,2499,2499,2499,799,799,5.263157844543457,5,0,0,0,0,0,5,0,4.761904716491699,0,0,0,0,100,0,105999.03198242188,53029.83416748047,0,404327403520,8589930496,5219815424,114688
9,1791575389240,2499,2499,800,800,800,800,800,800,2500,2500,2499,2499,2499,2499,799,799,5.263157844543457,5,0,0,0,0,0,5,0,4.761904716491699,0,0,0,0,100,0,105999.1802368164,53030.14599609375,0,404327403520,8589930496,5219815424,114688
9,1791575389250,2499,2499,800,800,800,800,800,800,2500,2500,2499,2499,2499,2499,799,799,5.263157844543457,5,0,0,0,0,0,5,0,4.761904716491699,0,0,0,0,100,0,105999.33239746094,53030.45397949219,0,404327403520,8589930496,5219815424,114688
9,1791575389260,2499,2499,800,800,800,800,800,800,2500,2500,2499,2499,2499,2499,799,799,5.263157844543457,5,0,0,0,0,0,5,0,4.761904716491699,0,0,0,0,100,0,105999.48620605469,53030.764221191406,0,404327403520,8589930496,5219815424,114688
9,1791575389270,2499,2499,800,800,800,800,800,800,2500,2500,2499,2499,2499,2499,799,799,5.263157844543457,5,0,0,0,0,0,5,0,4.761904716491699,0,0,0,0,100,0,105999.6371459961,53031.07043457031,0,404327403520,8589930496,5219815424,114688
9,1791575389280,2499,2499,800,800,800,800,800,800,2500,2500,2499,2499,2499,2499,799,799,5.263157844543457,5,0,0,0,0,0,5,0,4.761904716491699,0,0,0,0,100,0,105999.78839111328,53031.383239746094,0,404327403520,8589930496,5219815424,114688
9,1791575389290,2499,2499,800,800,800,800,800,800,2500,2500,2499,2499,2499,2499,799,799,5.263157844543457,5,0,0,0,0,0,5,0,4.761904716491699,0,0,0,0,100,0,105999.94702148438,53031.694580078125,0,404327403520,8589930496,5219815424,114688
9,1791575389300,2499,2499,800,800,800,800,800,800,2500,2500,2499,2499,2499,2499,799,799,5.263157844543457,5,0,0,0,0,0,5,0,4.761904716491699,0,0,0,0,100,0,106000.11877441406,53032.03497314453,0,404327403520,8589930496,5219815424,114688
9,1791575389310,2499,2499,800,800,800,800,800,800,2500,2500,2499,2499,2499,2499,799,799,5.263157844543457,5,0,0,0,0,0,5,0,4.761904716491699,0,0,0,0,100,0,106000.27862548828,53032.34814453125,0,404327403520,8589930496,5219815424,114688
9,1791575389320,2499,2499,800,800,800,800,800,800,2500,2500,2499,2499,2499,2499,799,799,5.263157844543457,5,0,0,0,0,0,5,0,4.761904716491699,0,0,0,0,100,0,106000.43353271484,53032.659240722656,0,404327403520,8589930496,5219815424,114688
10,1791575389330,2499,2499,800,800,800,800,800,800,2500,2500,2499,2499,2499,2499,799,799,9.523809432983398,0,0,0,0,0,0,10,0,0,0,0,0,0,100,0,106000.5855102539,53032.96984863281,0,404327403520,8589930496,5219815424,114688
9,1791575389340,2499,2499,800,800,800,800,800,800,2500,2500,2499,2499,2499,2499,799,799,9.523809432983398,0,0,0,0,0,0,10,0,0,0,0,0,0,100,0,106000.73895263672,53033.28106689453,0,404327403520,8589930496,5219815424,114688
9,1791575389351,2499,2499,800,800,800,800,800,800,2500,2500,2499,2499,2499,2499,799,799,9.523809432983398,0,0,0,0,0,0,10,0,0,0,0,0,0,100,0,106000.88800048828,53033.593994140625,0,404327403520,8589930496,5219815424,114688
10,1791575389361,2499,2499,800,800,800,800,800,800,2500,2500,2499,2499,2499,2499,799,799,9.523809432983398,0,0,0,0,0,0,10,0,0,0,0,0,0,100,0,106001.0355834961,53033.904846191406,0,404327403520,8589930496,5219815424,114688
9,1791575389371,2499,2499,800,800,800,800,800,800,2500,2500,2499,2499,2499,2499,799,799,9.523809432983398,0,0,0,0,0,0,10,0,0,0,0,0,0,100,0,106001.18786621094,53034.2197265625,0,404327403520,8589930496,5219815424,114688
9,1791575389381,2499,2499,800,800,800,800,800,800,2500,2500,2499,2499,2499,2499,799,799,9.523809432983398,0,0,0,0,0,0,10,0,0,0,0,0,0,100,0,106001.33911132813,53034.530334472656,0,404327403520,8589930496,5219815424,114688
10,1791575389391,2499,2499,800,800,800,800,800,800,2500,2500,2499,2499,2499,2499,799,799,9.523809432983398,0,0,0,0,0,0,10,0,0,0,0,0,0,100,0,106001.49291992188,53034.83605957031,0,404327403520,8589930496,5219815424,114688
9,1791575389401,2499,2499,800,800,800,800,800,800,2500,2500,2499,2499,2499,2499,799,799,9.523809432983398,0,0,0,0,0,0,10,0,0,0,0,0,0,100,0,106001.6480102539,53035.146484375,0,404327403520,8589930496,5219815424,114688
9,1791575389411,2499,2499,800,800,800,800,800,800,2500,2500,2499,2499,2499,2499,799,799,9.523809432983398,0,0,0,0,0,0,10,0,0,0,0,0,0,100,0,106001.80255126953,53035.45623779297,0,404327403520,8589930496,5219815424,114688
9,1791575389421,2499,2499,800,800,800,800,800,800,2500,2500,2499,2499,2499,2499,799,799,9.523809432983398,0,0,0,0,0,0,10,0,0,0,0,0,0,100,0,106001.95770263672,53035.76647949219,0,404327403520,8589930496,5219815424,114688
9,1791575389431,2499,2499,800,800,800,800,800,800,2500,2500,2499,2499,2499,2499,799,799,9.523809432983398,0,0,0,0,0,0,10,0,0,0,0,0,0,100,0,106002.11041259766,53036.077209472656,0,404327403520,8589930496,5219815424,114688
9,1791575389441,2499,2499,800,800,800,800,800,800,2500,2500,2499,2499,2499,2499,799,799,9.523809432983398,0,0,0,0,0,0,10,0,0,0,0,0,0,100,0,106002.26147460938,53036.390380859375,0,404327403520,8589930496,5219815424,114688
10,1791575389451,2499,2499,800,800,800,800,800,800,2500,2500,2499,2499,2499,2499,799,799,9.523809432983398,0,0,0,0,0,0,10,0,0,0,0,0,0,100,0,106002.41345214844,53036.700256347656,0,404327403520,8589930496,5219815424,114688
9,1791575389461,2499,2499,800,800,800,800,800,800,2500,2500,2499,2499,2499,2499,799,799,9.523809432983398,0,0,0,0,0,0,10,0,0,0,0,0,0,100,0,106002.5678100586,53037.00744628906,0,404327403520,8589930496,5219815424,114688
9,1791575389471,2499,2499,800,800,800,800,800,800,2500,2500,2499,2499,2499,2499,799,799,9.523809432983398,0,0,0,0,0,0,10,0,0,0,0,0,0,100,0,106002.7153930664,53037.317932128906,0,404327403520,8589930496,5219815424,114688
9,1791575389481,2499,2499,800,800,800,800,800,800,2500,2500,2499,2499,2499,2499,799,799,9.523809432983398,0,0,0,0,0,0,10,0,0,0,0,0,0,100,0,106002.8701171875,53037.630798339844,0,404327403520,8589930496,5219815424,114688
9,1791575389492,2499,2499,800,800,800,800,800,800,2500,2500,2499,2499,2499,2499,799,799,9.523809432983398,0,0,0,0,0,0,10,0,0,0,0,0,0,100,0,106003.02453613281,53037.941955566406,0,404327403520,8589930496,5219815424,114688
9,1791575389502,2499,2499,800,800,800,800,800,800,2500,2500,2499,2499,2499,2499,799,799,9.523809432983398,0,0,0,0,0,0,10,0,0,0,0,0,0,100,0,106003.19317626953,53038.28741455078,0,404327403520,8589930496,5219815424,114688
9,1791575389512,2499,2499,800,800,800,800,800,800,2500,2500,2499,2499,2499,2499,799,799,9.523809432983398,0,0,0,0,0,0,10,0,0,0,0,0,0,100,0,106003.35028076172,53038.59930419922,0,404327403520,8589930496,5219815424,114688
9,1791575389522,2499,2499,800,800,800,800,800,800,2500,2500,2499,2499,2499,2499,799,799,9.523809432983398,0,0,0,0,0,0,10,0,0,0,0,0,0,100,0,106003.501953125,53038.90216064453,0,404327403520,8589930496,5219815424,114688
9,1791575389532,2499,2499,800,800,800,800,800,800,2500,2500,2499,2499,2499,2499,799,799,0,0,4.761904716491699,5,0,0,0,5,0,0,0,0,0,0,100,0,106003.65490722656,53039.21307373047,0,404327403520,8589930496,5219815424,114688
9,1791575389542,2499,2499,800,800,800,800,800,800,2500,2500,2499,2499,2499,2499,799,799,0,0,4.761904716491699,5,0,0,0,5,0,0,0,0,0,0,100,0,106003.80877685547,53039.525146484375,0,404327403520,8589930496,5219815424,114688
9,1791575389552,2499,2499,800,800,800,800,800,800,2500,2500,2499,2499,2499,2499,799,799,0,0,4.761904716491699,5,0,0,0,5,0,0,0,0,0,0,100,0,106003.96649169922,53039.836486816406,0,404327403520,8589930496,5219815424,114688
9,1791575389562,2499,2499,800,800,800,800,800,800,2500,2500,2499,2499,2499,2499,799,799,0,0,4.761904716491699,5,0,0,0,5,0,0,0,0,0,0,100,0,106004.12200927734,53040.1474609375,0,404327403520,8589930496,5219815424,114688
9,1791575389572,2499,2499,800,800,800,800,800,800,2500,2500,2499,2499,2499,2499,799,799,0,0,4.761904716491699,5,0,0,0,5,0,0,0,0,0,0,100,0,106004.27844238281,53040.457580566406,0,404327403520,8589930496,5221302272,114688
10,1791575389582,2499,2499,800,800,800,800,800,800,2500,2500,2499,2499,2499,2499,799,799,0,0,4.761904716491699,5,0,0,0,5,0,0,0,0,0,0,100,0,106004.43359375,53040.76300048828,0,404327403520,8589930496,5223284736,114688
9,1791575389592,2499,2499,800,800,800,800,800,800,2500,2500,2499,2499,2499,2499,799,799,0,0,4.761904716491699,5,0,0,0,5,0,0,0,0,0,0,100,0,106004.58850097656,53041.07238769531,0,404327403520,8589930496,5223284736,114688
10,1791575389602,2499,2499,800,800,800,800,800,800,2500,2500,2499,2499,2499,2499,799,799,0,0,4.761904716491699,5,0,0,0,5,0,0,0,0,0,0,100,0,106004.74481201172,53041.38146972656,0,404327403520,8589930496,5227745280,114688
9,1791575389612,2499,2499,800,800,800,800,800,800,2500,2500,2499,2499,2499,2499,799,799,0,0,4.761904716491699,5,0,0,0,5,0,0,0,0,0,0,100,0,106004.90393066406,53041.693420410156,0,404327403520,8589930496,5227745280,114688
10,1791575389622,2499,2499,800,800,800,800,800,800,2500,2500,2499,2499,2499,2499,799,799,0,0,4.761904716491699,5,0,0,0,5,0,0,0,0,0,0,100,0,106005.06140136719,53042.00408935547,0,404327403520,8589930496,5227745280,114688
9,1791575389633,2499,2499,800,800,800,800,800,800,2500,2500,2499,2499,2499,2499,799,799,0,0,4.761904716491699,5,0,0,0,5,0,0,0,0,0,0,100,0,106005.2113647461,53042.317932128906,0,404327403520,8589930496,5227745280,114688
9,1791575389643,2499,2499,800,800,800,800,800,800,2500,2500,2499,2499,2499,2499,799,799,0,0,4.761904716491699,5,0,0,0,5,0,0,0,0,0,0,100,0,106005.38360595703,53042.66131591797,0,404327403520,8589930496,5227745280,114688
9,1791575389653,2499,2499,800,800,800,800,800,800,2500,2500,2499,2499,2499,2499,799,799,0,0,4.761904716491699,5,0,0,0,5,0,0,0,0,0,0,100,0,106005.53814697266,53042.96514892578,0,404327403520,8589930496,5227745280,114688
9,1791575389663,2499,2499,800,800,800,800,800,800,2500,2500,2499,2499,2499,2499,799,799,0,0,4.761904716491699,5,0,0,0,5,0,0,0,0,0,0,100,0,106005.69067382813,53043.27703857422,0,404327403520,8589930496,5227745280,114688
9,1791575389673,2499,2499,800,800,800,800,800,800,2500,2500,2499,2499,2499,2499,799,799,0,0,4.761904716491699,5,0,0,0,5,0,0,0,0,0,0,100,0,106005.84704589844,53043.586975097656,0,404327403520,8589930496,5228240896,114688
9,1791575389683,2499,2499,800,800,800,800,800,800,2500,2500,2499,2499,2499,2499,799,799,0,0,4.761904716491699,5,0,0,0,5,0,0,0,0,0,0,100,0,106006.00323486328,53043.89904785156,0,404327403520,8589930496,5229232128,114688
9,1791575389693,2499,2499,800,800,800,800,800,800,2500,2500,2499,2499,2499,2499,799,799,0,0,4.761904716491699,5,0,0,0,5,0,0,0,0,0,0,100,0,106006.154296875,53044.212829589844,0,404327403520,8589930496,5231214592,114688
9,1791575389703,2499,2499,800,800,800,800,800,800,2500,2500,2499,2499,2499,2499,799,799,0,0,4.761904716491699,5,0,0,0,5,0,0,0,0,0,0,100,0,106006.30700683594,53044.52508544922,0,404327403520,8589930496,5231214592,114688
10,1791575389713,2499,2499,800,800,800,800,800,800,2500,2500,2499,2499,2499,2499,799,799,0,0,4.761904716491699,5,0,0,0,5,0,0,0,0,0,0,100,0,106006.46044921875,53044.8349609375,0,404327403520,8589930496,5235675136,114688
9,1791575389723,2499,2499,800,800,800,800,800,800,2500,2500,2499,2499,2499,2499,799,799,0,0,4.761904716491699,5,0,0,0,5,0,0,0,0,0,0,100,0,106006.61444091797,53045.13885498047,0,404327403520,8589930496,5235675136,114688
10,1791575389733,2499,2499,800,800,800,800,800,800,2500,2500,2499,2499,2499,2499,799,799,0,0,0,0,0,0,0,5,5,0,0,0,0,0,100,0,106006.7631225586,53045.451721191406,0,404327403520,8589930496,5235675136,114688
10,1791575389743,2499,2499,800,800,800,800,800,800,2500,2500,2499,2499,2499,2499,799,799,0,0,0,0,0,0,0,5,5,0,0,0,0,0,100,0,106006.9130859375,53045.761291503906,0,404327403520,8589930496,5235675136,114688
10,1791575389753,2499,2499,800,800,800,800,800,800,2500,2500,2499,2499,2499,2499,799,799,0,0,0,0,0,0,0,5,5,0,0,0,0,0,100,0,106007.06634521484,53046.07000732422,0,404327403520,8589930496,5243604992,114688
9,1791575389763,2499,2499,800,800,800,800,800,800,2500,2500,2499,2499,2499,2499,799,799,0,0,0,0,0,0,0,5,5,0,0,0,0,0,100,0,106007.2211303711,53046.38220214844,0,404327403520,8589930496,5243604992,114688
10,1791575389773,2499,2499,800,800,800,800,800,800,2500,2500,2499,2499,2499,2499,799,799,0,0,0,0,0,0,0,5,5,0,0,0,0,0,100,0,106007.37420654297,53046.69714355469,0,404327403520,8589930496,5243604992,114688
9,1791575389784,2499,2499,800,800,800,800,800,800,2500,2500,2499,2499,2499,2499,799,799,0,0,0,0,0,0,0,5,5,0,0,0,0,0,100,0,106007.52838134766,53047.009765625,0,404327403520,8589930496,5243604992,114688
10,1791575389794,2499,2499,800,800,800,800,800,800,2500,2500,2499,2499,2499,2499,799,799,0,0,0,0,0,0,0,5,5,0,0,0,0,0,100,0,106007.68017578125,53047.32275390625,0,404327403520,8589930496,5243604992,114688
9,1791575389804,2499,2499,800,800,800,800,800,800,2500,2500,2499,2499,2499,2499,799,799,0,0,0,0,0,0,0,5,5,0,0,0,0,0,100,0,106007.85046386719,53047.66784667969,0,404327403520,8589930496,5243604992,114688
9,1791575389814,2499,2499,800,800,800,800,800,800,2500,2500,2499,2499,2499,2499,799,799,0,0,0,0,0,0,0,5,5,0,0,0,0,0,100,0,106008.00537109375,53047.97674560547,0,404327403520,8589930496,5243604992,114688
9,1791575389824,2499,2499,800,800,800,800,800,800,2500,2500,2499,2499,2499,2499,799,799,0,0,0,0,0,0,0,5,5,0,0,0,0,0,100,0,106008.1615600586,53048.28674316406,0,404327403520,8589930496,5243604992,114688
9,1791575389834,2499,2499,800,800,800,800,800,800,2500,2500,2499,2499,2499,2499,799,799,0,0,0,0,0,0,0,5,5,0,0,0,0,0,100,0,106008.31860351563,53048.60009765625,0,404327403520,8589930496,5243604992,114688
9,1791575389844,2499,2499,800,800,800,800,800,800,2500,2500,2499,2499,2499,2499,799,799,0,0,0,0,0,0,0,5,5,0,0,0,0,0,100,0,106008.47314453125,53048.909606933594,0,404327403520,8589930496,5243604992,114688
9,1791575389854,2499,2499,800,800,800,800,800,800,2500,2500,2499,2499,2499,2499,799,799,0,0,0,0,0,0,0,5,5,0,0,0,0,0,100,0,106008.62878417969,53049.22033691406,0,404327403520,8589930496,5243604992,114688
9,1791575389864,2499,2499,800,800,800,800,800,800,2500,2500,2499,2499,2499,2499,799,799,0,0,0,0,0,0,0,5,5,0,0,0,0,0,100,0,106008.78436279297,53049.53057861328,0,404327403520,8589930496,5243604992,114688
10,1791575389874,2499,2499,800,800,800,800,800,800,2500,2500,2499,2499,2499,2499,799,799,0,0,0,0,0,0,0,5,5,0,0,0,0,0,100,0,106008.94018554688,53049.846435546875,0,404327403520,8589930496,5243604992,114688
9,1791575389884,2499,2499,800,800,800,800,800,800,2500,2500,2499,2499,2499,2499,799,799,0,0,0,0,0,0,0,5,5,0,0,0,0,0,100,0,106009.09729003906,53050.16082763672,0,404327403520,8589930496,5243604992,114688
10,1791575389894,2499,2499,800,800,800,800,800,800,2500,2500,2499,2499,2499,2499,799,799,0,0,0,0,0,0,0,5,5,0,0,0,0,0,100,0,106009.244140625,53050.47589111328,0,404327403520,8589930496,5244596224,114688
9,1791575389904,2499,2499,800,800,800,800,800,800,2500,2500,2499,2499,2499,2499,799,799,0,0,0,0,0,0,0,5,5,0,0,0,0,0,100,0,106009.39611816406,53050.7978515625,0,404327403520,8589930496,5245587456,114688
10,1791575389914,2499,2499,800,800,800,800,800,800,2500,2500,2499,2499,2499,2499,799,799,0,0,0,0,0,0,0,5,5,0,0,0,0,0,100,0,106009.55010986328,53051.102966308594,0,404327403520,8589930496,5247569920,114688
9,1791575389925,2499,2499,800,800,800,800,800,800,2500,2500,2499,2499,2499,2499,799,799,0,0,0,0,0,0,0,5,5,0,0,0,0,0,100,0,106009.70043945313,53051.41778564453,0,404327403520,8589930496,5247569920,114688
9,1791575389935,2499,2499,800,800,800,800,800,800,2500,2500,2499,2499,2499,2499,799,799,10,0,0,0,0,0,0,10,0,0,5,0,0,0,100,0,106009.85662841797,53051.697204589844,0,404327403520,8589930496,5252030464,114688
9,1791575389945,2499,2499,800,800,800,800,800,800,2500,2500,2499,2499,2499,2499,799,799,10,0,0,0,0,0,0,10,0,0,5,0,0,0,100,0,106010.0053100586,53052.04895019531,0,404327403520,8589930496,5252030464,114688
9,1791575389955,2499,2499,800,800,800,800,800,800,2500,2500,2499,2499,2499,2499,799,799,10,0,0,0,0,0,0,10,0,0,5,0,0,0,100,0,106010.16320800781,53052.36407470703,0,404327403520,8589930496,5252030464,114688
9,1791575389965,2499,2499,800,800,800,800,800,800,2500,2500,2499,2499,2499,2499,799,799,10,0,0,0,0,0,0,10,0,0,5,0,0,0,100,0,106010.32067871094,53052.67736816406,0,404327403520,8589930496,5252030464,114688
9,1791575389975,2499,2499,800,800,800,800,800,800,2500,2500,2499,2499,2499,2499,799,799,10,0,0,0,0,0,0,10,0,0,5,0,0,0,100,0,106010.47009277344,53052.99743652344,0,404327403520,8589930496,5252030464,114688
9,1791575389985,2499,2499,800,800,800,800,800,800,2500,2500,2499,2499,2499,2499,799,799,10,0,0,0,0,0,0,10,0,0,5,0,0,0,100,0,106010.62518310547,53053.305725097656,0,404327403520,8589930496,5259960320,114688
9,1791575389995,2499,2499,800,800,800,800,800,800,2500,2500,2499,2499,2499,2499,799,799,10,0,0,0,0,0,0,10,0,0,5,0,0,0,100,0,106010.79895019531,53053.6513671875,0,404327403520,8589930496,5259960320,114688
9,1791575390005,2499,2499,800,800,800,800,800,800,2500,2500,2499,2499,2499,2499,799,799,10,0,0,0,0,0,0,10,0,0,5,0,0,0,100,0,106010.93408203125,53053.92810058594,0,404327403520,8589930496,5259960320,114688
10,1791575390015,2499,2499,800,800,800,800,800,800,2500,2500,2499,2499,2499,2499,799,799,10,0,0,0,0,0,0,10,0,0,5,0,0,0,100,0,106011.08825683594,53054.23791503906,0,404327403520,8589930496,5259960320,114688
9,1791575390025,2499,2499,800,800,800,800,800,800,2500,2500,2499,2499,2499,2499,799,799,10,0,0,0,0,0,0,10,0,0,5,0,0,0,100,0,106011.25653076172,53054.580993652344,0,404327403520,8589930496,5259960320,114688
10,1791575390035,2499,2499,800,800,800,800,800,800,2500,2500,2499,2499,2499,2499,799,799,10,0,0,0,0,0,0,10,0,0,5,0,0,0,100,0,106011.40612792969,53054.894958496094,0,404327403520,8589930496,5259960320,114688
10,1791575390045,2499,2499,800,800,800,800,800,800,2500,2500,2499,2499,2499,2499,799,799,10,0,0,0,0,0,0,10,0,0,5,0,0,0,100,0,106011.55627441406,53055.205078125,0,404327403520,8589930496,5259960320,114688
9,1791575390055,2499,2499,800,800,800,800,800,800,2500,2500,2499,2499,2499,2499,799,799,10,0,0,0,0,0,0,10,0,0,5,0,0,0,100,0,106011.71520996094,53055.514709472656,0,404327403520,8589930496,5259960320,114688
9,1791575390066,2499,2499,800,800,800,800,800,800,2500,2500,2499,2499,2499,2499,799,799,10,0,0,0,0,0,0,10,0,0,5,0,0,0,100,0,106011.86846923828,53055.83331298828,0,404327403520,8589930496,5259960320,114688
10,1791575390076,2499,2499,800,800,800,800,800,800,2500,2500,2499,2499,2499,2499,799,799,10,0,0,0,0,0,0,10,0,0,5,0,0,0,100,0,106012.02227783203,53056.14434814453,0,404327403520,8589930496,5259960320,114688
9,1791575390086,2499,2499,800,800,800,800,800,800,2500,2500,2499,2499,2499,2499,799,799,10,0,0,0,0,0,0,10,0,0,5,0,0,0,100,0,106012.17376708984,53056.46008300781,0,404327403520,8589930496,5259960320,114688
9,1791575390096,2499,2499,800,800,800,800,800,800,2500,2500,2499,2499,2499,2499,799,799,10,0,0,0,0,0,0,10,0,0,5,0,0,0,100,0,106012.32904052734,53056.77014160156,0,404327403520,8589930496,5259960320,114688
10,1791575390106,2499,2499,800,800,800,800,800,800,2500,2500,2499,2499,2499,2499,799,799,10,0,0,0,0,0,0,10,0,0,5,0,0,0,100,0,106012.48413085938,53057.07946777344,0,404327403520,8589930496,5259960320,114688
9,1791575390116,2499,2499,800,800,800,800,800,800,2500,2500,2499,2499,2499,2499,799,799,10,0,0,0,0,0,0,10,0,0,5,0,0,0,100,0,106012.6362915039,53057.38806152344,0,404327403520,8589930496,5259960320,114688
9,1791575390126,2499,2499,800,800,800,800,800,800,2500,2500,2499,2499,2499,2499,799,799,10,0,0,0,0,0,0,10,0,0,5,0,0,0,100,0,106012.7904663086,53057.704833984375,0,404327403520,8589930496,5241577472,114688
9,1791575390136,2499,2499,800,800,800,800,800,800,2500,2500,2499,2499,2499,2499,799,799,0,0,0,0,0,0,0,5,0,0,0,0,0,0,100,0,106012.94274902344,53058.016845703125,0,404327403520,8589930496,5241577472,114688
10,1791575390146,2499,2499,800,800,800,800,800,800,2500,2500,2499,2499,2499,2499,799,799,0,0,0,0,0,0,0,5,0,0,0,0,0,0,100,0,106013.0888671875,53058.33038330078,0,404327403520,8589930496,5242073088,114688
9,1791575390156,2499,2499,800,800,800,800,800,800,2500,2500,2499,2499,2499,2499,799,799,0,0,0,0,0,0,0,5,0,0,0,0,0,0,100,0,106013.25842285156,53058.66925048828,0,404327403520,8589930496,5243064320,114688
10,1791575390166,2499,2499,800,800,800,800,800,800,2500,2500,2499,2499,2499,2499,799,799,0,0,0,0,0,0,0,5,0,0,0,0,0,0,100,0,106013.39367675781,53058.94842529297,0,404327403520,8589930496,5249507328,114688
9,1791575390176,2499,2499,800,800,800,800,800,800,2500,2500,2499,2499,2499,2499,799,799,0,0,0,0,0,0,0,5,0,0,0,0,0,0,100,0,106013.55828857422,53059.28747558594,0,404327403520,8589930496,5249507328,114688
10,1791575390186,2499,2499,800,800,800,800,800,800,2500,2500,2499,2499,2499,2499,799,799,0,0,0,0,0,0,0,5,0,0,0,0,0,0,100,0,106013.71264648438,53059.597412109375,0,404327403520,8589930496,5249507328,114688
9,1791575390197,2499,2499,800,800,800,800,800,800,2500,2500,2499,2499,2499,2499,799,799,0,0,0,0,0,0,0,5,0,0,0,0,0,0,100,0,106013.86590576172,53059.91442871094,0,404327403520,8589930496,5249507328,114688
9,1791575390207,2499,2499,800,800,800,800,800,800,2500,2500,2499,2499,2499,2499,799,799,0,0,0,0,0,0,0,5,0,0,0,0,0,0,100,0,106014.02209472656,53060.22528076172,0,404327403520,8589930496,5249507328,114688
10,1791575390217,2499,2499,800,800,800,800,800,800,2500,2500,2499,2499,2499,2499,799,799,0,0,0,0,0,0,0,5,0,0,0,0,0,0,100,0,106014.17681884766,53060.534729003906,0,404327403520,8589930496,5257437184,114688
9,1791575390227,2499,2499,800,800,800,800,800,800,2500,2500,2499,2499,2499,2499,799,799,0,0,0,0,0,0,0,5,0,0,0,0,0,0,100,0,106014.33081054688,53060.84729003906,0,404327403520,8589930496,5257437184,114688
9,1791575390237,2499,2499,800,800,800,800,800,800,2500,2500,2499,2499,2499,2499,799,799,0,0,0,0,0,0,0,5,0,0,0,0,0,0,100,0,106014.48370361328,53061.159912109375,0,404327403520,8589930496,5257437184,114688
9,1791575390247,2499,2499,800,800,800,800,800,800,2500,2500,2499,2499,2499,2499,799,799,0,0,0,0,0,0,0,5,0,0,0,0,0,0,100,0,106014.63549804688,53061.467224121094,0,404327403520,8589930496,5257437184,114688
9,1791575390257,2499,2499,800,800,800,800,800,800,2500,2500,2499,2499,2499,2499,799,799,0,0,0,0,0,0,0,5,0,0,0,0,0,0,100,0,106014.7876586914,53061.746154785156,0,404327403520,8589930496,5257437184,114688
9,1791575390267,2499,2499,800,800,800,800,800,800,2500,2500,2499,2499,2499,2499,799,799,0,0,0,0,0,0,0,5,0,0,0,0,0,0,100,0,106014.93853759766,53062.08776855469,0,404327403520,8589930496,5257437184,114688
9,1791575390277,2499,2499,800,800,800,800,800,800,2500,2500,2499,2499,2499,2499,799,799,0,0,0,0,0,0,0,5,0,0,0,0,0,0,100,0,106015.09161376953,53062.402587890625,0,404327403520,8589930496,5257437184,114688
9,1791575390287,2499,2499,800,800,800,800,800,800,2500,2500,2499,2499,2499,2499,799,799,0,0,0,0,0,0,0,5,0,0,0,0,0,0,100,0,106015.24743652344,53062.714904785156,0,404327403520,8589930496,5257437184,114688
9,1791575390297,2499,2499,800,800,800,800,800,800,2500,2500,2499,2499,2499,2499,799,799,0,0,0,0,0,0,0,5,0,0,0,0,0,0,100,0,106015.39978027344,53063.028747558594,0,404327403520,8589930496,5257437184,114688
9,1791575390307,2499,2499,800,800,800,800,800,800,2500,2500,2499,2499,2499,2499,799,799,0,0,0,0,0,0,0,5,0,0,0,0,0,0,100,0,106015.54956054688,53063.34191894531,0,404327403520,8589930496,5257437184,114688
10,1791575390317,2499,2499,800,800,800,800,800,800,2500,2500,2499,2499,2499,2499,799,799,0,0,0,0,0,0,0,5,0,0,0,0,0,0,100,0,106015.70428466797,53063.651916503906,0,404327403520,8589930496,5257437184,114688
9,1791575390327,2499,2499,800,800,800,800,800,800,2500,2500,2499,2499,2499,2499,799,799,0,0,0,0,0,0,0,5,0,0,0,0,0,0,100,0,106015.87780761719,53063.99334716797,0,404327403520,8589930496,5257437184,114688
9,1791575390338,2499,2499,800,800,800,800,800,800,2500,2500,2499,2499,2499,2499,799,799,5,0,0,0,0,0,0,10,0,0,0,0,0,0,100,0,106016.03161621094,53064.307189941406,0,404327403520,8589930496,5265862656,114688
9,1791575390348,2499,2499,800,800,800,800,800,800,2500,2500,2499,2499,2499,2499,799,799,5,0,0,0,0,0,0,10,0,0,0,0,0,0,100,0,106016.18615722656,53064.62121582031,0,404327403520,8589930496,5265862656,114688
9,1791575390358,2499,2499,800,800,800,800,800,800,2500,2500,2499,2499,2499,2499,799,799,5,0,0,0,0,0,0,10,0,0,0,0,0,0,100,0,106016.34088134766,53064.93133544922,0,404327403520,8589930496,5265862656,114688
9,1791575390368,2499,2499,800,800,800,800,800,800,2500,2500,2499,2499,2499,2499,799,799,5,0,0,0,0,0,0,10,0,0,0,0,0,0,100,0,106016.49890136719,53065.24133300781,0,404327403520,8589930496,5265862656,114688
9,1791575390378,2499,2499,800,800,800,800,800,800,2500,2500,2499,2499,2499,2499,799,799,5,0,0,0,0,0,0,10,0,0,0,0,0,0,100,0,106016.6547241211,53065.55285644531,0,404327403520,8589930496,5265862656,114688
9,1791575390388,2499,2499,800,800,800,800,800,800,2500,2500,2499,2499,2499,2499,799,799,5,0,0,0,0,0,0,10,0,0,0,0,0,0,100,0,106016.80871582031,53065.86047363281,0,404327403520,8589930496,5265862656,114688
9,1791575390398,2499,2499,800,800,800,800,800,800,2500,2500,2499,2499,2499,2499,799,799,5,0,0,0,0,0,0,10,0,0,0,0,0,0,100,0,106016.96179199219,53066.17224121094,0,404327403520,8589930496,5265862656,114688
9,1791575390408,2499,2499,800,800,800,800,800,800,2500,2500,2499,2499,2499,2499,799,799,5,0,0,0,0,0,0,10,0,0,0,0,0,0,100,0,106017.11669921875,53066.48126220703,0,404327403520,8589930496,5265862656,114688
9,1791575390418,2499,2499,800,800,800,800,800,800,2500,2500,2499,2499,2499,2499,799,799,5,0,0,0,0,0,0,10,0,0,0,0,0,0,100,0,106017.26922607422,53066.792419433594,0,404327403520,8589930496,5265862656,114688
10,1791575390428,2499,2499,800,800,800,800,800,800,2500,2500,2499,2499,2499,2499,799,799,5,0,0,0,0,0,0,10,0,0,0,0,0,0,100,0,106017.42266845703,53067.10595703125,0,404327403520,8589930496,5265862656,114688
9,1791575390438,2499,2499,800,800,800,800,800,800,2500,2500,2499,2499,2499,2499,799,799,5,0,0,0,0,0,0,10,0,0,0,0,0,0,100,0,106017.57537841797,53067.417419433594,0,404327403520,8589930496,5274288128,114688
10,1791575390448,2499,2499,800,800,800,800,800,800,2500,2500,2499,2499,2499,2499,799,799,5,0,0,0,0,0,0,10,0,0,0,0,0,0,100,0,106017.72955322266,53067.72265625,0,404327403520,8589930496,5274288128,114688
10,1791575390458,2499,2499,800,800,800,800,800,800,2500,2500,2499,2499,2499,2499,799,799,5,0,0,0,0,0,0,10,0,0,0,0,0,0,100,0,106017.88354492188,53068.03332519531,0,404327403520,8589930496,5274288128,114688
9,1791575390468,2499,2499,800,800,800,800,800,800,2500,2500,2499,2499,2499,2499,799,799,5,0,0,0,0,0,0,10,0,0,0,0,0,0,100,0,106018.03680419922,53068.315673828125,0,404327403520,8589930496,5274288128,114688
9,1791575390479,2499,2499,800,800,800,800,800,800,2500,2500,2499,2499,2499,2499,799,799,5,0,0,0,0,0,0,10,0,0,0,0,0,0,100,0,106018.1880493164,53068.65625,0,404327403520,8589930496,5274288128,114688
10,1791575390489,2499,2499,800,800,800,800,800,800,2500,2500,2499,2499,2499,2499,799,799,5,0,0,0,0,0,0,10,0,0,0,0,0,0,100,0,106018.34075927734,53068.96984863281,0,404327403520,8589930496,5274288128,114688
9,1791575390499,2499,2499,800,800,800,800,800,800,2500,2500,2499,2499,2499,2499,799,799,5,0,0,0,0,0,0,10,0,0,0,0,0,0,100,0,106018.5111694336,53069.31121826172,0,404327403520,8589930496,5274288128,114688
9,1791575390509,2499,2499,800,800,800,800,800,800,2500,2500,2499,2499,2499,2499,799,799,5,0,0,0,0,0,0,10,0,0,0,0,0,0,100,0,106018.6635131836,53069.619567871094,0,404327403520,8589930496,5282217984,114688
9,1791575390519,2499,2499,800,800,800,800,800,800,2500,2500,2499,2499,2499,2499,799,799,5,0,0,0,0,0,0,10,0,0,0,0,0,0,100,0,106018.82214355469,53069.926208496094,0,404327403520,8589930496,5282217984,114688
9,1791575390529,2499,2499,800,800,800,800,800,800,2500,2500,2499,2499,2499,2499,799,799,5,0,0,0,0,0,0,10,0,0,0,0,0,0,100,0,106018.97741699219,53070.234375,0,404327403520,8589930496,5282217984,114688
9,1791575390539,2499,2499,800,800,800,800,800,800,2500,2500,2499,2499,2499,2499,799,799,5.263157844543457,0,4.761904716491699,4.761904716491699,0,0,0,0,0,0,0,0,0,5,100,0,106019.1304321289,53070.54766845703,0,404327403520,8589930496,5282217984,114688
9,1791575390549,2499,2499,800,800,800,800,800,800,2500,2500,2499,2499,2499,2499,799,799,5.263157844543457,0,4.761904716491699,4.761904716491699,0,0,0,0,0,0,0,0,0,5,100,0,106019.28295898438,53070.86376953125,0,404327403520,8589930496,5288165376,114688
10,1791575390559,2499,2499,800,800,800,800,800,800,2500,2500,2499,2499,2499,2499,799,799,5.263157844543457,0,4.761904716491699,4.761904716491699,0,0,0,0,0,0,0,0,0,5,100,0,106019.43853759766,53071.17596435547,0,404327403520,8589930496,5290643456,114688
9,1791575390569,2499,2499,800,800,800,800,800,800,2500,2500,2499,2499,2499,2499,799,799,5.263157844543457,0,4.761904716491699,4.761904716491699,0,0,0,0,0,0,0,0,0,5,100,0,106019.5952758789,53071.49060058594,0,404327403520,8589930496,5290643456,114688
9,1791575390579,2499,2499,800,800,800,800,800,800,2500,2500,2499,2499,2499,2499,799,799,5.263157844543457,0,4.761904716491699,4.761904716491699,0,0,0,0,0,0,0,0,0,5,100,0,106019.75201416016,53071.79949951172,0,404327403520,8589930496,5290643456,114688
10,1791575390589,2499,2499,800,800,800,800,800,800,2500,2500,2499,2499,2499,2499,799,799,5.263157844543457,0,4.761904716491699,4.761904716491699,0,0,0,0,0,0,0,0,0,5,100,0,106019.90618896484,53072.10388183594,0,404327403520,8589930496,5290643456,114688
9,1791575390599,2499,2499,800,800,800,800,800,800,2500,2500,2499,2499,2499,2499,799,799,5.263157844543457,0,4.761904716491699,4.761904716491699,0,0,0,0,0,0,0,0,0,5,100,0,106020.06072998047,53072.41369628906,0,404327403520,8589930496,5290643456,114688
9,1791575390609,2499,2499,800,800,800,800,800,800,2500,2500,2499,2499,2499,2499,799,799,5.263157844543457,0,4.761904716491699,4.761904716491699,0,0,0,0,0,0,0,0,0,5,100,0,106020.21398925781,53072.722717285156,0,404327403520,8589930496,5290643456,114688
10,1791575390619,2499,2499,800,800,800,800,800,800,2500,2500,2499,2499,2499,2499,799,799,5.263157844543457,0,4.761904716491699,4.761904716491699,0,0,0,0,0,0,0,0,0,5,100,0,106020.36193847656,53073.03466796875,0,404327403520,8589930496,5290643456,114688
9,1791575390630,2499,2499,800,800,800,800,800,800,2500,2500,2499,2499,2499,2499,799,799,5.263157844543457,0,4.761904716491699,4.761904716491699,0,0,0,0,0,0,0,0,0,5,100,0,106020.5087890625,53073.344970703125,0,404327403520,8589930496,5290643456,114688
9,1791575390640,2499,2499,800,800,800,800,800,800,2500,2500,2499,2499,2499,2499,799,799,5.263157844543457,0,4.761904716491699,4.761904716491699,0,0,0,0,0,0,0,0,0,5,100,0,106020.65985107422,53073.657958984375,0,404327403520,8589930496,5290643456,114688
9,1791575390650,2499,2499,800,800,800,800,800,800,2500,2500,2499,2499,2499,2499,799,799,5.263157844543457,0,4.761904716491699,4.761904716491699,0,0,0,0,0,0,0,0,0,5,100,0,106020.82720947266,53073.99334716797,0,404327403520,8589930496,5290643456,114688
9,1791575390660,2499,2499,800,800,800,800,800,800,2500,2500,2499,2499,2499,2499,799,799,5.263157844543457,0,4.761904716491699,4.761904716491699,0,0,0,0,0,0,0,0,0,5,100,0,106020.97937011719,53074.302490234375,0,404327403520,8589930496,5290643456,114688
9,1791575390670,2499,2499,800,800,800,800,800,800,2500,2500,2499,2499,2499,2499,799,799,5.263157844543457,0,4.761904716491699,4.761904716491699,0,0,0,0,0,0,0,0,0,5,100,0,106021.1255493164,53074.61413574219,0,404327403520,8589930496,5290643456,114688
9,1791575390680,2499,2499,800,800,800,800,800,800,2500,2500,2499,2499,2499,2499,799,799,5.263157844543457,0,4.761904716491699,4.761904716491699,0,0,0,0,0,0,0,0,0,5,100,0,106021.27844238281,53074.9267578125,0,404327403520,8589930496,5290643456,114688
9,1791575390690,2499,2499,800,800,800,800,800,800,2500,2500,2499,2499,2499,2499,799,799,5.263157844543457,0,4.761904716491699,4.761904716491699,0,0,0,0,0,0,0,0,0,5,100,0,106021.42858886719,53075.240661621094,0,404327403520,8589930496,5290643456,114688
9,1791575390700,2499,2499,800,800,800,800,800,800,2500,2500,2499,2499,2499,2499,799,799,5.263157844543457,0,4.761904716491699,4.761904716491699,0,0,0,0,0,0,0,0,0,5,100,0,106021.58349609375,53075.55017089844,0,404327403520,8589930496,5290643456,114688
10,1791575390710,2499,2499,800,800,800,800,800,800,2500,2500,2499,2499,2499,2499,799,799,5.263157844543457,0,4.761904716491699,4.761904716491699,0,0,0,0,0,0,0,0,0,5,100,0,106021.73126220703,53075.856018066406,0,404327403520,8589930496,5290643456,114688
9,1791575390720,2499,2499,800,800,800,800,800,800,2500,2500,2499,2499,2499,2499,799,799,5.263157844543457,0,4.761904716491699,4.761904716491699,0,0,0,0,0,0,0,0,0,5,100,0,106021.88201904297,53076.16278076172,0,404327403520,8589930496,5290643456,114688
9,1791575390730,2499,2499,800,800,800,800,800,800,2500,2500,2499,2499,2499,2499,799,799,5.263157844543457,0,4.761904716491699,4.761904716491699,0,0,0,0,0,0,0,0,0,5,100,0,106022.0308227539,53076.47521972656,0,404327403520,8589930496,5290643456,114688
9,1791575390740,2499,2499,800,800,800,800,800,800,2500,2500,2499,2499,2499,2499,799,799,5.263157844543457,0,0,0,0,4.761904716491699,4.761904716491699,5,0,0,0,0,0,0,100,0,106022.18170166016,53076.78942871094,0,404327403520,8589930496,5290643456,114688
9,1791575390750,2499,2499,800,800,800,800,800,800,2500,2500,2499,2499,2499,2499,799,799,5.263157844543457,0,0,0,0,4.761904716491699,4.761904716491699,5,0,0,0,0,0,0,100,0,106022.33319091797,53077.10089111328,0,404327403520,8589930496,5290643456,114688
9,1791575390761,2499,2499,800,800,800,800,800,800,2500,2500,2499,2499,2499,2499,799,799,5.263157844543457,0,0,0,0,4.761904716491699,4.761904716491699,5,0,0,0,0,0,0,100,0,106022.48608398438,53077.413146972656,0,404327403520,8589930496,5290643456,114688
9,1791575390771,2499,2499,800,800,800,800,800,800,2500,2500,2499,2499,2499,2499,799,799,5.263157844543457,0,0,0,0,4.761904716491699,4.761904716491699,5,0,0,0,0,0,0,100,0,106022.6372680664,53077.729553222656,0,404327403520,8589930496,5290643456,114688
9,1791575390781,2499,2499,800,800,800,800,800,800,2500,2500,2499,2499,2499,2499,799,799,5.263157844543457,0,0,0,0,4.761904716491699,4.761904716491699,5,0,0,0,0,0,0,100,0,106022.79107666016,53078.03680419922,0,404327403520,8589930496,5290643456,114688
9,1791575390791,2499,2499,800,800,800,800,800,800,2500,2500,2499,2499,2499,2499,799,799,5.263157844543457,0,0,0,0,4.761904716491699,4.761904716491699,5,0,0,0,0,0,0,100,0,106022.9408569336,53078.35144042969,0,404327403520,8589930496,5299068928,114688
9,1791575390801,2499,2499,800,800,800,800,800,800,2500,2500,2499,2499,2499,2499,799,799,5.263157844543457,0,0,0,0,4.761904716491699,4.761904716491699,5,0,0,0,0,0,0,100,0,106023.09173583984,53078.662170410156,0,404327403520,8589930496,5299068928,114688
9,1791575390811,2499,2499,800,800,800,800,800,800,2500,2500,2499,2499,2499,2499,799,799,5.263157844543457,0,0,0,0,4.761904716491699,4.761904716491699,5,0,0,0,0,0,0,100,0,106023.25946044922,53079.00280761719,0,404327403520,8589930496,5299068928,114688
9,1791575390821,2499,2499,800,800,800,800,800,800,2500,2500,2499,2499,2499,2499,799,799,5.263157844543457,0,0,0,0,4.761904716491699,4.761904716491699,5,0,0,0,0,0,0,100,0,106023.40979003906,53079.312927246094,0,404327403520,8589930496,5299068928,114688
9,1791575390831,2499,2499,800,800,800,800,800,800,2500,2500,2499,2499,2499,2499,799,799,5.263157844543457,0,0,0,0,4.761904716491699,4.761904716491699,5,0,0,0,0,0,0,100,0,106023.55993652344,53079.623046875,0,404327403520,8589930496,5299068928,114688
10,1791575390841,2499,2499,800,800,800,800,800,800,2500,2500,2499,2499,2499,2499,799,799,5.263157844543457,0,0,0,0,4.761904716491699,4.761904716491699,5,0,0,0,0,0,0,100,0,106023.71044921875,53079.93273925781,0,404327403520,8589930496,5299068928,114688
9,1791575390851,2499,2499,800,800,800,800,800,800,2500,2500,2499,2499,2499,2499,799,799,5.263157844543457,0,0,0,0,4.761904716491699,4.761904716491699,5,0,0,0,0,0,0,100,0,106023.8618774414,53080.24627685547,0,404327403520,8589930496,5299068928,114688
9,1791575390861,2499,2499,800,800,800,800,800,800,2500,2500,2499,2499,2499,2499,799,799,5.263157844543457,0,0,0,0,4.761904716491699,4.761904716491699,5,0,0,0,0,0,0,100,0,106024.01623535156,53080.560546875,0,404327403520,8589930496,5299068928,114688
9,1791575390871,2499,2499,800,800,800,800,800,800,2500,2500,2499,2499,2499,2499,799,799,5.263157844543457,0,0,0,0,4.761904716491699,4.761904716491699,5,0,0,0,0,0,0,100,0,106024.16766357422,53080.88134765625,0,404327403520,8589930496,5299068928,114688
9,1791575390881,2499,2499,800,800,800,800,800,800,2500,2500,2499,2499,2499,2499,799,799,5.263157844543457,0,0,0,0,4.761904716491699,4.761904716491699,5,0,0,0,0,0,0,100,0,106024.31927490234,53081.190185546875,0,404327403520,8589930496,5299068928,114688
10,1791575390891,2499,2499,800,800,800,800,800,800,2500,2500,2499,2499,2499,2499,799,799,5.263157844543457,0,0,0,0,4.761904716491699,4.761904716491699,5,0,0,0,0,0,0,100,0,106024.47198486328,53081.51300048828,0,404327403520,8589930496,5299068928,114688
10,1791575390902,2499,2499,800,800,800,800,800,800,2500,2500,2499,2499,2499,2499,799,799,5.263157844543457,0,0,0,0,4.761904716491699,4.761904716491699,5,0,0,0,0,0,0,100,0,106024.63073730469,53081.81866455078,0,404327403520,8589930496,5299068928,114688
10,1791575390912,2499,2499,800,800,800,800,800,800,2500,2500,2499,2499,2499,2499,799,799,5.263157844543457,0,0,0,0,4.761904716491699,4.761904716491699,5,0,0,0,0,0,0,100,0,106024.78527832031,53082.12683105469,0,404327403520,8589930496,5299068928,114688
9,1791575390922,2499,2499,800,800,800,800,800,800,2500,2500,2499,2499,2499,2499,799,799,5.263157844543457,0,0,0,0,4.761904716491699,4.761904716491699,5,0,0,0,0,0,0,100,0,106024.93817138672,53082.44110107422,0,404327403520,8589930496,5299068928,114688
9,1791575390932,2499,2499,800,800,800,800,800,800,2500,2500,2499,2499,2499,2499,799,799,5.263157844543457,0,0,0,0,4.761904716491699,4.761904716491699,5,0,0,0,0,0,0,100,0,106025.0864868164,53082.755432128906,0,404327403520,8589930496,5299068928,114688
9,1791575390942,2499,2499,800,800,800,800,800,800,2500,2500,2499,2499,2499,2499,799,799,5.263157844543457,5,0,0,0,0,0,10,0,5,0,0,0,0,50,55,106025.2578125,53083.099670410156,0,404327403520,8589930496,5299068928,114688
9,1791575390952,2499,2499,800,800,800,800,800,800,2500,2500,2499,2499,2499,2499,799,799,5.263157844543457,5,0,0,0,0,0,10,0,5,0,0,0,0,50,55,106025.39440917969,53083.384826660156,0,404327403520,8589930496,5299068928,114688
10,1791575390962,2499,2499,800,800,800,800,800,800,2500,2500,2499,2499,2499,2499,799,799,5.263157844543457,5,0,0,0,0,0,10,0,5,0,0,0,0,50,55,106025.5478515625,53083.694580078125,0,404327403520,8589930496,5299068928,114688
9,1791575390972,2499,2499,800,800,800,800,800,800,2500,2500,2499,2499,2499,2499,799,799,5.263157844543457,5,0,0,0,0,0,10,0,5,0,0,0,0,50,55,106025.71502685547,53084.03137207031,0,404327403520,8589930496,5299068928,114688
9,1791575390982,2499,2499,800,800,800,800,800,800,2500,2500,2499,2499,2499,2499,799,799,5.263157844543457,5,0,0,0,0,0,10,0,5,0,0,0,0,50,55,106025.86572265625,53084.34875488281,0,404327403520,8589930496,5299068928,114688
9,1791575390992,2499,2499,800,800,800,800,800,800,2500,2500,2499,2499,2499,2499,799,799,5.263157844543457,5,0,0,0,0,0,10,0,5,0,0,0,0,50,55,106026.01623535156,53084.6572265625,0,404327403520,8589930496,5299068928,114688
9,1791575391002,2499,2499,800,800,800,800,800,800,2500,2500,2499,2499,2499,2499,799,799,5.263157844543457,5,0,0,0,0,0,10,0,5,0,0,0,0,50,55,106026.16619873047,53084.96160888672,0,404327403520,8589930496,5299068928,114688
9,1791575391012,2499,2499,800,800,800,800,800,800,2500,2500,2499,2499,2499,2499,799,799,5.263157844543457,5,0,0,0,0,0,10,0,5,0,0,0,0,50,55,106026.32385253906,53085.278259277344,0,404327403520,8589930496,5299068928,114688
9,1791575391022,2499,2499,800,800,800,800,800,800,2500,2500,2499,2499,2499,2499,799,799,5.263157844543457,5,0,0,0,0,0,10,0,5,0,0,0,0,50,55,106026.47821044922,53085.594177246094,0,404327403520,8589930496,5299068928,114688
9,1791575391033,2499,2499,800,800,800,800,800,800,2500,2500,2499,2499,2499,2499,799,799,5.263157844543457,5,0,0,0,0,0,10,0,5,0,0,0,0,50,55,106026.6312866211,53085.897705078125,0,404327403520,8589930496,5299068928,114688
9,1791575391043,2499,2499,800,800,800,800,800,800,2500,2500,2499,2499,2499,2499,799,799,5.263157844543457,5,0,0,0,0,0,10,0,5,0,0,0,0,50,55,106026.78234863281,53086.20916748047,0,404327403520,8589930496,5299068928,114688
9,1791575391053,2499,2499,800,800,800,800,800,800,2500,2500,2499,2499,2499,2499,799,799,5.263157844543457,5,0,0,0,0,0,10,0,5,0,0,0,0,50,55,106026.93286132813,53086.51916503906,0,404327403520,8589930496,5299068928,114688
9,1791575391063,2499,2499,800,800,800,800,800,800,2500,2500,2499,2499,2499,2499,799,799,5.263157844543457,5,0,0,0,0,0,10,0,5,0,0,0,0,50,55,106027.08471679688,53086.82849121094,0,404327403520,8589930496,5299068928,114688
9,1791575391073,2499,2499,800,800,800,800,800,800,2500,2500,2499,2499,2499,2499,799,799,5.263157844543457,5,0,0,0,0,0,10,0,5,0,0,0,0,50,55,106027.23602294922,53087.142639160156,0,404327403520,8589930496,5299068928,114688
9,1791575391083,2499,2499,800,800,800,800,800,800,2500,2500,2499,2499,2499,2499,799,799,5.263157844543457,5,0,0,0,0,0,10,0,5,0,0,0,0,50,55,106027.38720703125,53087.458068847656,0,404327403520,8589930496,5292707840,114688
9,1791575391093,2499,2499,800,800,800,800,800,800,2500,2500,2499,2499,2499,2499,799,799,5.263157844543457,5,0,0,0,0,0,10,0,5,0,0,0,0,50,55,106027.54486083984,53087.7685546875,0,404327403520,8589930496,5292707840,114688
9,1791575391103,2499,2499,800,800,800,800,800,800,2500,2500,2499,2499,2499,2499,799,799,5.263157844543457,5,0,0,0,0,0,10,0,5,0,0,0,0,50,55,106027.69354248047,53088.08068847656,0,404327403520,8589930496,5292707840,114688
9,1791575391113,2499,2499,800,800,800,800,800,800,2500,2500,2499,2499,2499,2499,799,799,5.263157844543457,5,0,0,0,0,0,10,0,5,0,0,0,0,50,55,106027.84686279297,53088.39440917969,0,404327403520,8589930496,5292707840,114688
10,1791575391123,2499,2499,800,800,800,800,800,800,2500,2500,2499,2499,2499,2499,799,799,5.263157844543457,5,0,0,0,0,0,10,0,5,0,0,0,0,50,55,106028.00103759766,53088.707763671875,0,404327403520,8589930496,5292707840,114688
10,1791575391133,2499,2499,800,800,800,800,800,800,2500,2500,2499,2499,2499,2499,799,799,5.263157844543457,5,0,0,0,0,0,10,0,5,0,0,0,0,50,55,106028.15411376953,53089.018493652344,0,404327403520,8589930496,5292707840,114688
10,1791575391143,2499,2499,800,800,800,800,800,800,2500,2500,2499,2499,2499,2499,799,799,5,0,0,0,0,0,0,9.523809432983398,0,0,0,0,0,0,0,100,106028.31732177734,53089.3662109375,0,404327403520,8589930496,5282385920,114688
9,1791575391153,2499,2499,800,800,800,800,800,800,2500,2500,2499,2499,2499,2499,799,799,5,0,0,0,0,0,0,9.523809432983398,0,0,0,0,0,0,0,100,106028.46984863281,53089.67224121094,0,404327403520,8589930496,5282385920,114688
9,1791575391164,2499,2499,800,800,800,800,800,800,2500,2500,2499,2499,2499,2499,799,799,5,0,0,0,0,0,0,9.523809432983398,0,0,0,0,0,0,0,100,106028.61999511719,53089.986572265625,0,404327403520,8589930496,5282385920,114688
9,1791575391174,2499,2499,800,800,800,800,800,800,2500,2500,2499,2499,2499,2499,799,799,5,0,0,0,0,0,0,9.523809432983398,0,0,0,0,0,0,0,100,106028.77746582031,53090.29345703125,0,404327403520,8589930496,5282385920,114688
9,1791575391184,2499,2499,800,800,800,800,800,800,2500,2500,2499,2499,2499,2499,799,799,5,0,0,0,0,0,0,9.523809432983398,0,0,0,0,0,0,0,100,106028.931640625,53090.606018066406,0,404327403520,8589930496,5282385920,114688
9,1791575391194,2499,2499,800,800,800,800,800,800,2500,2500,2499,2499,2499,2499,799,799,5,0,0,0,0,0,0,9.523809432983398,0,0,0,0,0,0,0,100,106029.08270263672,53090.915100097656,0,404327403520,8589930496,5282385920,114688
9,1791575391204,2499,2499,800,800,800,800,800,800,2500,2500,2499,2499,2499,2499,799,799,5,0,0,0,0,0,0,9.523809432983398,0,0,0,0,0,0,0,100,106029.23248291016,53091.22570800781,0,404327403520,8589930496,5282385920,114688
10,1791575391214,2499,2499,800,800,800,800,800,800,2500,2500,2499,2499,2499,2499,799,799,5,0,0,0,0,0,0,9.523809432983398,0,0,0,0,0,0,0,100,106029.38134765625,53091.533142089844,0,404327403520,8589930496,5282385920,114688
9,1791575391224,2499,2499,800,800,800,800,800,800,2500,2500,2499,2499,2499,2499,799,799,5,0,0,0,0,0,0,9.523809432983398,0,0,0,0,0,0,0,100,106029.53039550781,53091.84313964844,0,404327403520,8589930496,5282385920,114688
9,1791575391234,2499,2499,800,800,800,800,800,800,2500,2500,2499,2499,2499,2499,799,799,5,0,0,0,0,0,0,9.523809432983398,0,0,0,0,0,0,0,100,106029.68017578125,53092.15588378906,0,404327403520,8589930496,5282385920,114688
9,1791575391244,2499,2499,800,800,800,800,800,800,2500,2500,2499,2499,2499,2499,799,799,5,0,0,0,0,0,0,9.523809432983398,0,0,0,0,0,0,0,100,106029.83044433594,53092.46942138672,0,404327403520,8589930496,5282385920,114688
9,1791575391254,2499,2499,800,800,800,800,800,800,2500,2500,2499,2499,2499,2499,799,799,5,0,0,0,0,0,0,9.523809432983398,0,0,0,0,0,0,0,100,106029.9829711914,53092.77966308594,0,404327403520,8589930496,5282385920,114688
10,1791575391264,2499,2499,800,800,800,800,800,800,2500,2500,2499,2499,2499,2499,799,799,5,0,0,0,0,0,0,9.523809432983398,0,0,0,0,0,0,0,100,106030.13439941406,53093.08703613281,0,404327403520,8589930496,5282385920,114688
9,1791575391274,2499,2499,800,800,800,800,800,800,2500,2500,2499,2499,2499,2499,799,799,5,0,0,0,0,0,0,9.523809432983398,0,0,0,0,0,0,0,100,106030.28967285156,53093.398376464844,0,404327403520,8589930496,5282385920,114688
9,1791575391284,2499,2499,800,800,800,800,800,800,2500,2500,2499,2499,2499,2499,799,799,5,0,0,0,0,0,0,9.523809432983398,0,0,0,0,0,0,0,100,106030.45794677734,53093.74035644531,0,404327403520,8589930496,5282385920,114688
9,1791575391294,2499,2499,800,800,800,800,800,800,2500,2500,2499,2499,2499,2499,799,799,5,0,0,0,0,0,0,9.523809432983398,0,0,0,0,0,0,0,100,106030.5923461914,53094.02258300781,0,404327403520,8589930496,5282385920,114688
9,1791575391304,2499,2499,800,800,800,800,800,800,2500,2500,2499,2499,2499,2499,799,799,5,0,0,0,0,0,0,9.523809432983398,0,0,0,0,0,0,0,100,106030.7582397461,53094.36389160156,0,404327403520,8589930496,5282385920,114688
9,1791575391315,2499,2499,800,800,800,800,800,800,2500,2500,2499,2499,2499,2499,799,799,5,0,0,0,0,0,0,9.523809432983398,0,0,0,0,0,0,0,100,106030.90759277344,53094.67938232422,0,404327403520,8589930496,5282385920,114688
10,1791575391325,2499,2499,800,800,800,800,800,800,2500,2500,2499,2499,2499,2499,799,799,5,0,0,0,0,0,0,9.523809432983398,0,0,0,0,0,0,0,100,106031.06140136719,53094.98516845703,0,404327403520,8589930496,5282385920,114688
10,1791575391335,2499,2499,800,800,800,800,800,800,2500,2500,2499,2499,2499,2499,799,799,5,0,0,0,0,0,0,9.523809432983398,0,0,0,0,0,0,0,100,106031.21228027344,53095.29479980469,0,404327403520,8589930496,5282385920,114688
9,1791575391345,2499,2499,800,800,800,800,800,800,2500,2500,2499,2499,2499,2499,799,799,0,0,0,0,0,0,0,5.263157844543457,0,0,0,0,0,0,60.000003814697266,40,106031.36737060547,53095.60467529297,0,404327403520,8589930496,5282385920,114688
9,1791575391355,2499,2499,800,800,800,800,800,800,2500,2500,2499,2499,2499,2499,799,799,0,0,0,0,0,0,0,5.263157844543457,0,0,0,0,0,0,60.000003814697266,40,106031.52557373047,53095.917419433594,0,404327403520,8589930496,5282385920,114688
9,1791575391365,2499,2499,800,800,800,800,800,800,2500,2500,2499,2499,2499,2499,799,799,0,0,0,0,0,0,0,5.263157844543457,0,0,0,0,0,0,60.000003814697266,40,106031.68103027344,53096.229064941406,0,404327403520,8589930496,5282385920,114688
9,1791575391375,2499,2499,800,800,800,800,800,800,2500,2500,2499,2499,2499,2499,799,799,0,0,0,0,0,0,0,5.263157844543457,0,0,0,0,0,0,60.000003814697266,40,106031.83520507813,53096.53985595703,0,404327403520,8589930496,5282385920,114688
10,1791575391385,2499,2499,800,800,800,800,800,800,2500,2500,2499,2499,2499,2499,799,799,0,0,0,0,0,0,0,5.263157844543457,0,0,0,0,0,0,60.000003814697266,40,106031.98760986328,53096.845947265625,0,404327403520,8589930496,5282385920,114688
9,1791575391395,2499,2499,800,800,800,800,800,800,2500,2500,2499,2499,2499,2499,799,799,0,0,0,0,0,0,0,5.263157844543457,0,0,0,0,0,0,60.000003814697266,40,106032.13989257813,53097.153381347656,0,404327403520,8589930496,5282385920,114688
9,1791575391405,2499,2499,800,800,800,800,800,800,2500,2500,2499,2499,2499,2499,799,799,0,0,0,0,0,0,0,5.263157844543457,0,0,0,0,0,0,60.000003814697266,40,106032.29113769531,53097.464599609375,0,404327403520,8589930496,5282385920,114688
9,1791575391415,2499,2499,800,800,800,800,800,800,2500,2500,2499,2499,2499,2499,799,799,0,0,0,0,0,0,0,5.263157844543457,0,0,0,0,0,0,60.000003814697266,40,106032.44055175781,53097.77624511719,0,404327403520,8589930496,5282385920,114688
9,1791575391425,2499,2499,800,800,800,800,800,800,2500,2500,2499,2499,2499,2499,799,799,0,0,0,0,0,0,0,5.263157844543457,0,0,0,0,0,0,60.000003814697266,40,106032.59161376953,53098.086364746094,0,404327403520,8589930496,5282385920,114688
10,1791575391435,2499,2499,800,800,800,800,800,800,2500,2500,2499,2499,2499,2499,799,799,0,0,0,0,0,0,0,5.263157844543457,0,0,0,0,0,0,60.000003814697266,40,106032.74340820313,53098.39959716797,0,404327403520,8589930496,5282385920,114688
9,1791575391446,2499,2499,800,800,800,800,800,800,2500,2500,2499,2499,2499,2499,799,799,0,0,0,0,0,0,0,5.263157844543457,0,0,0,0,0,0,60.000003814697266,40,106032.90930175781,53098.74365234375,0,404327403520,8589930496,5282385920,114688
9,1791575391456,2499,2499,800,800,800,800,800,800,2500,2500,2499,2499,2499,2499,799,799,0,0,0,0,0,0,0,5.263157844543457,0,0,0,0,0,0,60.000003814697266,40,106033.0629272461,53099.04962158203,0,404327403520,8589930496,5282385920,114688
9,1791575391466,2499,2499,800,800,800,800,800,800,2500,2500,2499,2499,2499,2499,799,799,0,0,0,0,0,0,0,5.263157844543457,0,0,0,0,0,0,60.000003814697266,40,106033.22186279297,53099.359130859375,0,404327403520,8589930496,5282385920,114688
9,1791575391476,2499,2499,800,800,800,800,800,800,2500,2500,2499,2499,2499,2499,799,799,0,0,0,0,0,0,0,5.263157844543457,0,0,0,0,0,0,60.000003814697266,40,106033.36944580078,53099.671447753906,0,404327403520,8589930496,5282385920,114688
9,1791575391486,2499,2499,800,800,800,800,800,800,2500,2500,2499,2499,2499,2499,799,799,0,0,0,0,0,0,0,5.263157844543457,0,0,0,0,0,0,60.000003814697266,40,106033.52508544922,53099.982177734375,0,404327403520,8589930496,5282385920,114688
9,1791575391496,2499,2499,800,800,800,800,800,800,2500,2500,2499,2499,2499,2499,799,799,0,0,0,0,0,0,0,5.263157844543457,0,0,0,0,0,0,60.000003814697266,40,106033.68054199219,53100.2919921875,0,404327403520,8589930496,5282385920,114688
9,1791575391506,2499,2499,800,800,800,800,800,800,2500,2500,2499,2499,2499,2499,799,799,0,0,0,0,0,0,0,5.263157844543457,0,0,0,0,0,0,60.000003814697266,40,106033.83435058594,53100.602600097656,0,404327403520,8589930496,5282385920,114688
9,1791575391516,2499,2499,800,800,800,800,800,800,2500,2500,2499,2499,2499,2499,799,799,0,0,0,0,0,0,0,5.263157844543457,0,0,0,0,0,0,60.000003814697266,40,106033.98889160156,53100.908264160156,0,404327403520,8589930496,5282385920,114688
9,1791575391526,2499,2499,800,800,800,800,800,800,2500,2500,2499,2499,2499,2499,799,799,0,0,0,0,0,0,0,5.263157844543457,0,0,0,0,0,0,60.000003814697266,40,106034.14361572266,53101.189392089844,0,404327403520,8589930496,5282385920,114688
9,1791575391536,2499,2499,800,800,800,800,800,800,2500,2500,2499,2499,2499,2499,799,799,0,0,0,0,0,0,0,5.263157844543457,0,0,0,0,0,0,60.000003814697266,40,106034.29083251953,53101.534912109375,0,404327403520,8589930496,5282385920,114688
10,1791575391546,2499,2499,800,800,800,800,800,800,2500,2500,2499,2499,2499,2499,799,799,5.263157844543457,0,0,0,0,0,0,9.523809432983398,0,0,0,0,0,0,100,0,106034.44445800781,53101.84619140625,0,404327403520,8589930496,5282385920,114688
9,1791575391556,2499,2499,800,800,800,800,800,800,2500,2500,2499,2499,2499,2499,799,799,5.263157844543457,0,0,0,0,0,0,9.523809432983398,0,0,0,0,0,0,100,0,106034.5951538086,53102.158935546875,0,404327403520,8589930496,5282385920,114688
9,1791575391566,2499,2499,800,800,800,800,800,800,2500,2500,2499,2499,2499,2499,799,799,5.263157844543457,0,0,0,0,0,0,9.523809432983398,0,0,0,0,0,0,100,0,106034.74658203125,53102.472229003906,0,404327403520,8589930496,5282385920,114688
10,1791575391576,2499,2499,800,800,800,800,800,800,2500,2500,2499,2499,2499,2499,799,799,5.263157844543457,0,0,0,0,0,0,9.523809432983398,0,0,0,0,0,0,100,0,106034.90222167969,53102.77618408203,0,404327403520,8589930496,5282385920,114688
9,1791575391587,2499,2499,800,800,800,800,800,800,2500,2500,2499,2499,2499,2499,799,799,5.263157844543457,0,0,0,0,0,0,9.523809432983398,0,0,0,0,0,0,100,0,106035.05096435547,53103.08642578125,0,404327403520,8589930496,5282385920,114688
9,1791575391597,2499,2499,800,800,800,800,800,800,2500,2500,2499,2499,2499,2499,799,799,5.263157844543457,0,0,0,0,0,0,9.523809432983398,0,0,0,0,0,0,100,0,106035.21502685547,53103.4296875,0,404327403520,8589930496,5282385920,114688
9,1791575391607,2499,2499,800,800,800,800,800,800,2500,2500,2499,2499,2499,2499,799,799,5.263157844543457,0,0,0,0,0,0,9.523809432983398,0,0,0,0,0,0,100,0,106035.3706665039,53103.74200439453,0,404327403520,8589930496,5282385920,114688
9,1791575391617,2499,2499,800,800,800,800,800,800,2500,2500,2499,2499,2499,2499,799,799,5.263157844543457,0,0,0,0,0,0,9.523809432983398,0,0,0,0,0,0,100,0,106035.53033447266,53104.049865722656,0,404327403520,8589930496,5282385920,114688
9,1791575391627,2499,2499,800,800,800,800,800,800,2500,2500,2499,2499,2499,2499,799,799,5.263157844543457,0,0,0,0,0,0,9.523809432983398,0,0,0,0,0,0,100,0,106035.68762207031,53104.36212158203,0,404327403520,8589930496,5282385920,114688
10,1791575391637,2499,2499,800,800,800,800,800,800,2500,2500,2499,2499,2499,2499,799,799,5.263157844543457,0,0,0,0,0,0,9.523809432983398,0,0,0,0,0,0,100,0,106035.84143066406,53104.67370605469,0,404327403520,8589930496,5282385920,114688
9,1791575391647,2499,2499,800,800,800,800,800,800,2500,2500,2499,2499,2499,2499,799,799,5.263157844543457,0,0,0,0,0,0,9.523809432983398,0,0,0,0,0,0,100,0,106035.99816894531,53104.980529785156,0,404327403520,8589930496,5282385920,114688
9,1791575391657,2499,2499,800,800,800,800,800,800,2500,2500,2499,2499,2499,2499,799,799,5.263157844543457,0,0,0,0,0,0,9.523809432983398,0,0,0,0,0,0,100,0,106036.15673828125,53105.297912597656,0,404327403520,8589930496,5282385920,114688
9,1791575391667,2499,2499,800,800,800,800,800,800,2500,2500,2499,2499,2499,2499,799,799,5.263157844543457,0,0,0,0,0,0,9.523809432983398,0,0,0,0,0,0,100,0,106036.30871582031,53105.610595703125,0,404327403520,8589930496,5282385920,114688
9,1791575391677,2499,2499,800,800,800,800,800,800,2500,2500,2499,2499,2499,2499,799,799,5.263157844543457,0,0,0,0,0,0,9.523809432983398,0,0,0,0,0,0,100,0,106036.46105957031,53105.923889160156,0,404327403520,8589930496,5282385920,114688
10,1791575391687,2499,2499,800,800,800,800,800,800,2500,2500,2499,2499,2499,2499,799,799,5.263157844543457,0,0,0,0,0,0,9.523809432983398,0,0,0,0,0,0,100,0,106036.61212158203,53106.23718261719,0,404327403520,8589930496,5282385920,114688
10,1791575391697,2499,2499,800,800,800,800,800,800,2500,2500,2499,2499,2499,2499,799,799,5.263157844543457,0,0,0,0,0,0,9.523809432983398,0,0,0,0,0,0,100,0,106036.76446533203,53106.548095703125,0,404327403520,8589930496,5282385920,114688
9,1791575391707,2499,2499,800,800,800,800,800,800,2500,2500,2499,2499,2499,2499,799,799,5.263157844543457,0,0,0,0,0,0,9.523809432983398,0,0,0,0,0,0,100,0,106036.91864013672,53106.86053466797,0,404327403520,8589930496,5282385920,114688
9,1791575391717,2499,2499,800,800,800,800,800,800,2500,2500,2499,2499,2499,2499,799,799,5.263157844543457,0,0,0,0,0,0,9.523809432983398,0,0,0,0,0,0,100,0,106037.0693359375,53107.17150878906,0,404327403520,8589930496,5282385920,114688
9,1791575391728,2499,2499,800,800,800,800,800,800,2500,2500,2499,2499,2499,2499,799,799,5.263157844543457,0,0,0,0,0,0,9.523809432983398,0,0,0,0,0,0,100,0,106037.21948242188,53107.487548828125,0,404327403520,8589930496,5282385920,114688
9,1791575391738,2499,2499,800,800,800,800,800,800,2500,2500,2499,2499,2499,2499,799,799,5.263157844543457,0,0,0,0,0,0,9.523809432983398,0,0,0,0,0,0,100,0,106037.3716430664,53107.80163574219,0,404327403520,8589930496,5282385920,114688
9,1791575391748,2499,2499,800,800,800,800,800,800,2500,2500,2499,2499,2499,2499,799,799,0,5,0,0,0,0,0,5,0,0,0,0,0,0,100,0,106037.533203125,53108.143798828125,0,404327403520,8589930496,5282385920,114688
10,1791575391758,2499,2499,800,800,800,800,800,800,2500,2500,2499,2499,2499,2499,799,799,0,5,0,0,0,0,0,5,0,0,0,0,0,0,100,0,106037.66998291016,53108.427307128906,0,404327403520,8589930496,5282385920,114688
9,1791575391768,2499,2499,800,800,800,800,800,800,2500,2500,2499,2499,2499,2499,799,799,0,5,0,0,0,0,0,5,0,0,0,0,0,0,100,0,106037.83837890625,53108.771057128906,0,404327403520,8589930496,5282385920,114688
9,1791575391778,2499,2499,800,800,800,800,800,800,2500,2500,2499,2499,2499,2499,799,799,0,5,0,0,0,0,0,5,0,0,0,0,0,0,100,0,106037.97259521484,53109.05194091797,0,404327403520,8589930496,5282385920,114688
9,1791575391788,2499,2499,800,800,800,800,800,800,2500,2500,2499,2499,2499,2499,799,799,0,5,0,0,0,0,0,5,0,0,0,0,0,0,100,0,106038.1392211914,53109.39294433594,0,404327403520,8589930496,5282385920,114688
9,1791575391798,2499,2499,800,800,800,800,800,800,2500,2500,2499,2499,2499,2499,799,799,0,5,0,0,0,0,0,5,0,0,0,0,0,0,100,0,106038.29229736328,53109.71014404297,0,404327403520,8589930496,5282385920,114688
9,1791575391808,2499,2499,800,800,800,800,800,800,2500,2500,2499,2499,2499,2499,799,799,0,5,0,0,0,0,0,5,0,0,0,0,0,0,100,0,106038.44500732422,53110.023864746094,0,404327403520,8589930496,5282385920,114688
9,1791575391818,2499,2499,800,800,800,800,800,800,2500,2500,2499,2499,2499,2499,799,799,0,5,0,0,0,0,0,5,0,0,0,0,0,0,100,0,106038.59790039063,53110.337463378906,0,404327403520,8589930496,5282385920,114688
9,1791575391828,2499,2499,800,800,800,800,800,800,2500,2500,2499,2499,2499,2499,799,799,0,5,0,0,0,0,0,5,0,0,0,0,0,0,100,0,106038.75207519531,53110.646728515625,0,404327403520,8589930496,5282385920,114688
9,1791575391838,2499,2499,800,800,800,800,800,800,2500,2500,2499,2499,2499,2499,799,799,0,5,0,0,0,0,0,5,0,0,0,0,0,0,100,0,106038.90643310547,53110.95703125,0,404327403520,8589930496,5282385920,114688
9,1791575391848,2499,2499,800,800,800,800,800,800,2500,2500,2499,2499,2499,2499,799,799,0,5,0,0,0,0,0,5,0,0,0,0,0,0,100,0,106039.05657958984,53111.26983642578,0,404327403520,8589930496,5282385920,114688
10,1791575391858,2499,2499,800,800,800,800,800,800,2500,2500,2499,2499,2499,2499,799,799,0,5,0,0,0,0,0,5,0,0,0,0,0,0,100,0,106039.20947265625,53111.58172607422,0,404327403520,8589930496,5282385920,114688
9,1791575391869,2499,2499,800,800,800,800,800,800,2500,2500,2499,2499,2499,2499,799,799,0,5,0,0,0,0,0,5,0,0,0,0,0,0,100,0,106039.3609008789,53111.89666748047,0,404327403520,8589930496,5282385920,114688
10,1791575391879,2499,2499,800,800,800,800,800,800,2500,2500,2499,2499,2499,2499,799,799,0,5,0,0,0,0,0,5,0,0,0,0,0,0,100,0,106039.51361083984,53112.20440673828,0,404327403520,8589930496,5282385920,114688
9,1791575391889,2499,2499,800,800,800,800,800,800,2500,2500,2499,2499,2499,2499,799,799,0,5,0,0,0,0,0,5,0,0,0,0,0,0,100,0,106039.66943359375,53112.51141357422,0,404327403520,8589930496,5282385920,114688
9,1791575391899,2499,2499,800,800,800,800,800,800,2500,2500,2499,2499,2499,2499,799,799,0,5,0,0,0,0,0,5,0,0,0,0,0,0,100,0,106039.82470703125,53112.822021484375,0,404327403520,8589930496,5282385920,114688
9,1791575391909,2499,2499,800,800,800,800,800,800,2500,2500,2499,2499,2499,2499,799,799,0,5,0,0,0,0,0,5,0,0,0,0,0,0,100,0,106039.97833251953,53113.13488769531,0,404327403520,8589930496,5282385920,114688
9,1791575391919,2499,2499,800,800,800,800,800,800,2500,2500,2499,2499,2499,2499,799,799,0,5,0,0,0,0,0,5,0,0,0,0,0,0,100,0,106040.13214111328,53113.447509765625,0,404327403520,8589930496,5282385920,114688
9,1791575391929,2499,2499,800,800,800,800,800,800,2500,2500,2499,2499,2499,2499,799,799,0,5,0,0,0,0,0,5,0,0,0,0,0,0,100,0,106040.28485107422,53113.76239013672,0,404327403520,8589930496,5282385920,114688
10,1791575391939,2499,2499,800,800,800,800,800,800,2500,2500,2499,2499,2499,2499,799,799,0,5,0,0,0,0,0,5,0,0,0,0,0,0,100,0,106040.44140625,53114.075256347656,0,404327403520,8589930496,5282385920,114688
10,1791575391949,2499,2499,800,800,800,800,800,800,2500,2500,2499,2499,2499,2499,799,799,0,0,0,0,0,0,0,23.809524536132813,0,0,0,0,0,0,85,0,106040.61206054688,53114.40881347656,0,404327403520,8589930496,5282385920,114688
9,1791575391959,2499,2499,800,800,800,800,800,800,2500,2500,2499,2499,2499,2499,799,799,0,0,0,0,0,0,0,23.809524536132813,0,0,0,0,0,0,85,0,106040.7484741211,53114.69873046875,0,404327403520,8589930496,5282385920,114688
9,1791575391969,2499,2499,800,800,800,800,800,800,2500,2500,2499,2499,2499,2499,799,799,0,0,0,0,0,0,0,23.809524536132813,0,0,0,0,0,0,85,0,106040.9194946289,53115.04138183594,0,404327403520,8589930496,5282385920,114688
10,1791575391979,2499,2499,800,800,800,800,800,800,2500,2500,2499,2499,2499,2499,799,799,0,0,0,0,0,0,0,23.809524536132813,0,0,0,0,0,0,85,0,106041.06176757813,53115.31628417969,0,404327403520,8589930496,5282385920,114688
10,1791575391989,2499,2499,800,800,800,800,800,800,2500,2500,2499,2499,2499,2499,799,799,0,0,0,0,0,0,0,23.809524536132813,0,0,0,0,0,0,85,0,106041.22961425781,53115.66198730469,0,404327403520,8589930496,5282385920,114688
9,1791575391999,2499,2499,800,800,800,800,800,800,2500,2500,2499,2499,2499,2499,799,799,0,0,0,0,0,0,0,23.809524536132813,0,0,0,0,0,0,85,0,106041.38122558594,53115.97424316406,0,404327403520,8589930496,5282385920,114688
10,1791575392009,2499,2499,800,800,800,800,800,800,2500,2500,2499,2499,2499,2499,799,799,0,0,0,0,0,0,0,23.809524536132813,0,0,0,0,0,0,85,0,106041.53594970703,53116.287353515625,0,404327403520,8589930496,5282385920,114688
9,1791575392020,2499,2499,800,800,800,800,800,800,2500,2500,2499,2499,2499,2499,799,799,0,0,0,0,0,0,0,23.809524536132813,0,0,0,0,0,0,85,0,106041.6890258789,53116.59393310547,0,404327403520,8589930496,5282385920,114688
9,1791575392030,2499,2499,800,800,800,800,800,800,2500,2500,2499,2499,2499,2499,799,799,0,0,0,0,0,0,0,23.809524536132813,0,0,0,0,0,0,85,0,106041.84100341797,53116.90301513672,0,404327403520,8589930496,5282385920,114688
9,1791575392040,2499,2499,800,800,800,800,800,800,2500,2500,2499,2499,2499,2499,799,799,0,0,0,0,0,0,0,23.809524536132813,0,0,0,0,0,0,85,0,106041.99884033203,53117.210388183594,0,404327403520,8589930496,5282385920,114688
10,1791575392050,2499,2499,800,800,800,800,800,800,2500,2500,2499,2499,2499,2499,799,799,0,0,0,0,0,0,0,23.809524536132813,0,0,0,0,0,0,85,0,106042.1513671875,53117.51965332031,0,404327403520,8589930496,5282385920,114688
9,1791575392060,2499,2499,800,800,800,800,800,800,2500,2500,2499,2499,2499,2499,799,799,0,0,0,0,0,0,0,23.809524536132813,0,0,0,0,0,0,85,0,106042.29907226563,53117.83532714844,0,404327403520,8589930496,5282385920,114688
10,1791575392070,2499,2499,800,800,800,800,800,800,2500,2500,2499,2499,2499,2499,799,799,0,0,0,0,0,0,0,23.809524536132813,0,0,0,0,0,0,85,0,106042.455078125,53118.14611816406,0,404327403520,8589930496,5282385920,114688
9,1791575392080,2499,2499,800,800,800,800,800,800,2500,2500,2499,2499,2499,2499,799,799,0,0,0,0,0,0,0,23.809524536132813,0,0,0,0,0,0,85,0,106042.60961914063,53118.459228515625,0,404327403520,8589930496,5282385920,114688
9,1791575392090,2499,2499,800,800,800,800,800,800,2500,2500,2499,2499,2499,2499,799,799,0,0,0,0,0,0,0,23.809524536132813,0,0,0,0,0,0,85,0,106042.76306152344,53118.76824951172,0,404327403520,8589930496,5282385920,114688
9,1791575392100,2499,2499,800,800,800,800,800,800,2500,2500,2499,2499,2499,2499,799,799,0,0,0,0,0,0,0,23.809524536132813,0,0,0,0,0,0,85,0,106042.93078613281,53119.111877441406,0,404327403520,8589930496,5282385920,114688
10,1791575392110,2499,2499,800,800,800,800,800,800,2500,2500,2499,2499,2499,2499,799,799,0,0,0,0,0,0,0,23.809524536132813,0,0,0,0,0,0,85,0,106043.07159423828,53119.395080566406,0,404327403520,8589930496,5277458432,114688
9,1791575392120,2499,2499,800,800,800,800,800,800,2500,2500,2499,2499,2499,2499,799,799,0,0,0,0,0,0,0,23.809524536132813,0,0,0,0,0,0,85,0,106043.23596191406,53119.73895263672,0,404327403520,8589930496,5277458432,114688
9,1791575392130,2499,2499,800,800,800,800,800,800,2500,2500,2499,2499,2499,2499,799,799,0,0,0,0,0,0,0,23.809524536132813,0,0,0,0,0,0,85,0,106043.38830566406,53120.04821777344,0,404327403520,8589930496,5277458432,114688
9,1791575392140,2499,2499,800,800,800,800,800,800,2500,2500,2499,2499,2499,2499,799,799,0,0,0,0,0,0,0,23.809524536132813,0,0,0,0,0,0,85,0,106043.541015625,53120.359924316406,0,404327403520,8589930496,5277458432,114688
10,1791575392150,2499,2499,800,800,800,800,800,800,2500,2500,2499,2499,2499,2499,799,799,5.263157844543457,5,0,0,0,0,0,100,0,0,0,0,0,0,0,0,106043.6928100586,53120.67321777344,0,404327403520,8589930496,5277458432,114688
9,1791575392161,2499,2499,800,800,800,800,800,800,2500,2500,2499,2499,2499,2499,799,799,5.263157844543457,5,0,0,0,0,0,100,0,0,0,0,0,0,0,0,106043.84716796875,53120.986267089844,0,404327403520,8589930496,5277458432,114688
10,1791575392171,2499,2499,800,800,800,800,800,800,2500,2500,2499,2499,2499,2499,799,799,5.263157844543457,5,0,0,0,0,0,100,0,0,0,0,0,0,0,0,106043.998046875,53121.29656982422,0,404327403520,8589930496,5277458432,114688
9,1791575392181,2499,2499,800,800,800,800,800,800,2500,2500,2499,2499,2499,2499,799,799,5.263157844543457,5,0,0,0,0,0,100,0,0,0,0,0,0,0,0,106044.14855957031,53121.61181640625,0,404327403520,8589930496,5277458432,114688
9,1791575392191,2499,2499,800,800,800,800,800,800,2500,2500,2499,2499,2499,2499,799,799,5.263157844543457,5,0,0,0,0,0,100,0,0,0,0,0,0,0,0,106044.29998779297,53121.918029785156,0,404327403520,8589930496,5277458432,114688
10,1791575392201,2499,2499,800,800,800,800,800,800,2500,2500,2499,2499,2499,2499,799,799,5.263157844543457,5,0,0,0,0,0,100,0,0,0,0,0,0,0,0,106044.45379638672,53122.22882080078,0,404327403520,8589930496,5277458432,114688
9,1791575392211,2499,2499,800,800,800,800,800,800,2500,2500,2499,2499,2499,2499,799,799,5.263157844543457,5,0,0,0,0,0,100,0,0,0,0,0,0,0,0,106044.60369873047,53122.53955078125,0,404327403520,8589930496,5277458432,114688
9,1791575392221,2499,2499,800,800,800,800,800,800,2500,2500,2499,2499,2499,2499,799,799,5.263157844543457,5,0,0,0,0,0,100,0,0,0,0,0,0,0,0,106044.7562866211,53122.850524902344,0,404327403520,8589930496,5277458432,114688
10,1791575392231,2499,2499,800,800,800,800,800,800,2500,2500,2499,2499,2499,2499,799,799,5.263157844543457,5,0,0,0,0,0,100,0,0,0,0,0,0,0,0,106044.90533447266,53123.160888671875,0,404327403520,8589930496,5277458432,114688
9,1791575392241,2499,2499,800,800,800,800,800,800,2500,2500,2499,2499,2499,2499,799,799,5.263157844543457,5,0,0,0,0,0,100,0,0,0,0,0,0,0,0,106045.05731201172,53123.47149658203,0,404327403520,8589930496,5277458432,114688
10,1791575392251,2499,2499,800,800,800,800,800,800,2500,2500,2499,2499,2499,2499,799,799,5.263157844543457,5,0,0,0,0,0,100,0,0,0,0,0,0,0,0,106045.2114868164,53123.78289794922,0,404327403520,8589930496,5277458432,114688
10,1791575392261,2499,2499,800,800,800,800,800,800,2500,2500,2499,2499,2499,2499,799,799,5.263157844543457,5,0,0,0,0,0,100,0,0,0,0,0,0,0,0,106045.36254882813,53124.092834472656,0,404327403520,8589930496,5277458432,114688
10,1791575392271,2499,2499,800,800,800,800,800,800,2500,2500,2499,2499,2499,2499,799,799,5.263157844543457,5,0,0,0,0,0,100,0,0,0,0,0,0,0,0,106045.51470947266,53124.409423828125,0,404327403520,8589930496,5277458432,114688
9,1791575392282,2499,2499,800,800,800,800,800,800,2500,2500,2499,2499,2499,2499,799,799,5.263157844543457,5,0,0,0,0,0,100,0,0,0,0,0,0,0,0,106045.68408203125,53124.75231933594,0,404327403520,8589930496,5277458432,114688
10,1791575392292,2499,2499,800,800,800,800,800,800,2500,2500,2499,2499,2499,2499,799,799,5.263157844543457,5,0,0,0,0,0,100,0,0,0,0,0,0,0,0,106045.84008789063,53125.06573486328,0,404327403520,8589930496,5277458432,114688
9,1791575392302,2499,2499,800,800,800,800,800,800,2500,2500,2499,2499,2499,2499,799,799,5.263157844543457,5,0,0,0,0,0,100,0,0,0,0,0,0,0,0,106045.99169921875,53125.381774902344,0,404327403520,8589930496,5277458432,114688
10,1791575392312,2499,2499,800,800,800,800,800,800,2500,2500,2499,2499,2499,2499,799,799,5.263157844543457,5,0,0,0,0,0,100,0,0,0,0,0,0,0,0,106046.14276123047,53125.68914794922,0,404327403520,8589930496,5277458432,114688
9,1791575392322,2499,2499,800,800,800,800,800,800,2500,2500,2499,2499,2499,2499,799,799,5.263157844543457,5,0,0,0,0,0,100,0,0,0,0,0,0,0,0,106046.2919921875,53125.99938964844,0,404327403520,8589930496,5277458432,114688
9,1791575392332,2499,2499,800,800,800,800,800,800,2500,2500,2499,2499,2499,2499,799,799,5.263157844543457,5,0,0,0,0,0,100,0,0,0,0,0,0,0,0,106046.43920898438,53126.316467285156,0,404327403520,8589930496,5277458432,114688
9,1791575392342,2499,2499,800,800,800,800,800,800,2500,2500,2499,2499,2499,2499,799,799,5.263157844543457,5,0,0,0,0,0,100,0,0,0,0,0,0,0,0,106046.59338378906,53126.626708984375,0,404327403520,8589930496,5277458432,114688
9,1791575392352,2499,2499,800,800,800,800,800,800,2500,2500,2499,2499,2499,2499,799,799,5,0,0,0,0,0,0,100,0,0,0,0,0,0,0,0,106046.74353027344,53126.93713378906,0,404327403520,8589930496,5277458432,114688
9,1791575392362,2499,2499,800,800,800,800,800,800,2500,2500,2499,2499,2499,2499,799,799,5,0,0,0,0,0,0,100,0,0,0,0,0,0,0,0,106046.89990234375,53127.251220703125,0,404327403520,8589930496,5277458432,114688
9,1791575392372,2499,2499,800,800,800,800,800,800,2500,2500,2499,2499,2499,2499,799,799,5,0,0,0,0,0,0,100,0,0,0,0,0,0,0,0,106047.05169677734,53127.559631347656,0,404327403520,8589930496,5277458432,114688
10,1791575392382,2499,2499,800,800,800,800,800,800,2500,2500,2499,2499,2499,2499,799,799,5,0,0,0,0,0,0,100,0,0,0,0,0,0,0,0,106047.20416259766,53127.86877441406,0,404327403520,8589930496,5277458432,114688
9,1791575392392,2499,2499,800,800,800,800,800,800,2500,2500,2499,2499,2499,2499,799,799,5,0,0,0,0,0,0,100,0,0,0,0,0,0,0,0,106047.35943603516,53128.18017578125,0,404327403520,8589930496,5277458432,114688
10,1791575392402,2499,2499,800,800,800,800,800,800,2500,2500,2499,2499,2499,2499,799,799,5,0,0,0,0,0,0,100,0,0,0,0,0,0,0,0,106047.51232910156,53128.489196777344,0,404327403520,8589930496,5277458432,114688
10,1791575392412,2499,2499,800,800,800,800,800,800,2500,2500,2499,2499,2499,2499,799,799,5,0,0,0,0,0,0,100,0,0,0,0,0,0,0,0,106047.65954589844,53128.799255371094,0,404327403520,8589930496,5277458432,114688
9,1791575392422,2499,2499,800,800,800,800,800,800,2500,2500,2499,2499,2499,2499,799,799,5,0,0,0,0,0,0,100,0,0,0,0,0,0,0,0,106047.81243896484,53129.11016845703,0,404327403520,8589930496,5277458432,114688
9,1791575392433,2499,2499,800,800,800,800,800,800,2500,2500,2499,2499,2499,2499,799,799,5,0,0,0,0,0,0,100,0,0,0,0,0,0,0,0,106047.9599609375,53129.42590332031,0,404327403520,8589930496,5277458432,114688
9,1791575392443,2499,2499,800,800,800,800,800,800,2500,2500,2499,2499,2499,2499,799,799,5,0,0,0,0,0,0,100,0,0,0,0,0,0,0,0,106048.12493896484,53129.766845703125,0,404327403520,8589930496,5277458432,114688
10,1791575392453,2499,2499,800,800,800,800,800,800,2500,2500,2499,2499,2499,2499,799,799,5,0,0,0,0,0,0,100,0,0,0,0,0,0,0,0,106048.27709960938,53130.07751464844,0,404327403520,8589930496,5277458432,114688
9,1791575392463,2499,2499,800,800,800,800,800,800,2500,2500,2499,2499,2499,2499,799,799,5,0,0,0,0,0,0,100,0,0,0,0,0,0,0,0,106048.42834472656,53130.38916015625,0,404327403520,8589930496,5277458432,114688
9,1791575392473,2499,2499,800,800,800,800,800,800,2500,2500,2499,2499,2499,2499,799,799,5,0,0,0,0,0,0,100,0,0,0,0,0,0,0,0,106048.57940673828,53130.699645996094,0,404327403520,8589930496,5277458432,114688
9,1791575392483,2499,2499,800,800,800,800,800,800,2500,2500,2499,2499,2499,2499,799,799,5,0,0,0,0,0,0,100,0,0,0,0,0,0,0,0,106048.73419189453,53131.012268066406,0,404327403520,8589930496,5277458432,114688
10,1791575392493,2499,2499,800,800,800,800,800,800,2500,2500,2499,2499,2499,2499,799,799,5,0,0,0,0,0,0,100,0,0,0,0,0,0,0,0,106048.88854980469,53131.330078125,0,404327403520,8589930496,5277458432,114688
9,1791575392503,2499,2499,800,800,800,800,800,800,2500,2500,2499,2499,2499,2499,799,799,5,0,0,0,0,0,0,100,0,0,0,0,0,0,0,0,106049.0419921875,53131.64111328125,0,404327403520,8589930496,5277458432,114688
9,1791575392513,2499,2499,800,800,800,800,800,800,2500,2500,2499,2499,2499,2499,799,799,5,0,0,0,0,0,0,100,0,0,0,0,0,0,0,0,106049.19177246094,53131.955322265625,0,404327403520,8589930496,5277458432,114688
9,1791575392523,2499,2499,800,800,800,800,800,800,2500,2500,2499,2499,2499,2499,799,799,5,0,0,0,0,0,0,100,0,0,0,0,0,0,0,0,106049.3442993164,53132.26385498047,0,404327403520,8589930496,5277458432,114688
9,1791575392533,2499,2499,800,800,800,800,800,800,2500,2500,2499,2499,2499,2499,799,799,5,0,0,0,0,0,0,100,0,0,0,0,0,0,0,0,106049.49829101563,53132.56787109375,0,404327403520,8589930496,5277458432,114688
9,1791575392543,2499,2499,800,800,800,800,800,800,2500,2500,2499,2499,2499,2499,799,799,5,0,0,0,0,0,0,100,0,0,0,0,0,0,0,0,106049.6548461914,53132.8798828125,0,404327403520,8589930496,5277458432,114688
10,1791575392553,2499,2499,800,800,800,800,800,800,2500,2500,2499,2499,2499,2499,799,799,0,0,0,0,0,0,0,21.052631378173828,0,0,0,0,0,0,73.68421173095703,10.526315689086914,106049.81048583984,53133.190856933594,0,404327403520,8589930496,5277458432,114688
9,1791575392564,2499,2499,800,800,800,800,800,800,2500,2500,2499,2499,2499,2499,799,799,0,0,0,0,0,0,0,21.052631378173828,0,0,0,0,0,0,73.68421173095703,10.526315689086914,106049.96228027344,53133.50207519531,0,404327403520,8589930496,5277458432,114688
9,1791575392574,2499,2499,800,800,800,800,800,800,2500,2500,2499,2499,2499,2499,799,799,0,0,0,0,0,0,0,21.052631378173828,0,0,0,0,0,0,73.68421173095703,10.526315689086914,106050.13134765625,53133.847717285156,0,404327403520,8589930496,5277458432,114688
9,1791575392584,2499,2499,800,800,800,800,800,800,2500,2500,2499,2499,2499,2499,799,799,0,0,0,0,0,0,0,21.052631378173828,0,0,0,0,0,0,73.68421173095703,10.526315689086914,106050.26739501953,53134.12518310547,0,404327403520,8589930496,5277458432,114688
10,1791575392594,2499,2499,800,800,800,800,800,800,2500,2500,2499,2499,2499,2499,799,799,0,0,0,0,0,0,0,21.052631378173828,0,0,0,0,0,0,73.68421173095703,10.526315689086914,106050.419921875,53134.43493652344,0,404327403520,8589930496,5277458432,114688
9,1791575392604,2499,2499,800,800,800,800,800,800,2500,2500,2499,2499,2499,2499,799,799,0,0,0,0,0,0,0,21.052631378173828,0,0,0,0,0,0,73.68421173095703,10.526315689086914,106050.5927734375,53134.77471923828,0,404327403520,8589930496,5277458432,114688
9,1791575392614,2499,2499,800,800,800,800,800,800,2500,2500,2499,2499,2499,2499,799,799,0,0,0,0,0,0,0,21.052631378173828,0,0,0,0,0,0,73.68421173095703,10.526315689086914,106050.74420166016,53135.08526611328,0,404327403520,8589930496,5277458432,114688
9,1791575392624,2499,2499,800,800,800,800,800,800,2500,2500,2499,2499,2499,2499,799,799,0,0,0,0,0,0,0,21.052631378173828,0,0,0,0,0,0,73.68421173095703,10.526315689086914,106050.89672851563,53135.40100097656,0,404327403520,8589930496,5277458432,114688
9,1791575392634,2499,2499,800,800,800,800,800,800,2500,2500,2499,2499,2499,2499,799,799,0,0,0,0,0,0,0,21.052631378173828,0,0,0,0,0,0,73.68421173095703,10.526315689086914,106051.05072021484,53135.71154785156,0,404327403520,8589930496,5277458432,114688
9,1791575392644,2499,2499,800,800,800,800,800,800,2500,2500,2499,2499,2499,2499,799,799,0,0,0,0,0,0,0,21.052631378173828,0,0,0,0,0,0,73.68421173095703,10.526315689086914,106051.20251464844,53136.02520751953,0,404327403520,8589930496,5277458432,114688
9,1791575392654,2499,2499,800,800,800,800,800,800,2500,2500,2499,2499,2499,2499,799,799,0,0,0,0,0,0,0,21.052631378173828,0,0,0,0,0,0,73.68421173095703,10.526315689086914,106051.35321044922,53136.33740234375,0,404327403520,8589930496,5277458432,114688
10,1791575392664,2499,2499,800,800,800,800,800,800,2500,2500,2499,2499,2499,2499,799,799,0,0,0,0,0,0,0,21.052631378173828,0,0,0,0,0,0,73.68421173095703,10.526315689086914,106051.50061035156,53136.64270019531,0,404327403520,8589930496,5277458432,114688
9,1791575392674,2499,2499,800,800,800,800,800,800,2500,2500,2499,2499,2499,2499,799,799,0,0,0,0,0,0,0,21.052631378173828,0,0,0,0,0,0,73.68421173095703,10.526315689086914,106051.64916992188,53136.957275390625,0,404327403520,8589930496,5277458432,114688
10,1791575392684,2499,2499,800,800,800,800,800,800,2500,2500,2499,2499,2499,2499,799,799,0,0,0,0,0,0,0,21.052631378173828,0,0,0,0,0,0,73.68421173095703,10.526315689086914,106051.80535888672,53137.27185058594,0,404327403520,8589930496,5277458432,114688
9,1791575392694,2499,2499,800,800,800,800,800,800,2500,2500,2499,2499,2499,2499,799,799,0,0,0,0,0,0,0,21.052631378173828,0,0,0,0,0,0,73.68421173095703,10.526315689086914,106051.9566040039,53137.58612060547,0,404327403520,8589930496,5277458432,114688
9,1791575392705,2499,2499,800,800,800,800,800,800,2500,2500,2499,2499,2499,2499,799,799,0,0,0,0,0,0,0,21.052631378173828,0,0,0,0,0,0,73.68421173095703,10.526315689086914,106052.10968017578,53137.898681640625,0,404327403520,8589930496,5277458432,114688
9,1791575392715,2499,2499,800,800,800,800,800,800,2500,2500,2499,2499,2499,2499,799,799,0,0,0,0,0,0,0,21.052631378173828,0,0,0,0,0,0,73.68421173095703,10.526315689086914,106052.25598144531,53138.20928955078,0,404327403520,8589930496,5277458432,114688
9,1791575392725,2499,2499,800,800,800,800,800,800,2500,2500,2499,2499,2499,2499,799,799,0,0,0,0,0,0,0,21.052631378173828,0,0,0,0,0,0,73.68421173095703,10.526315689086914,106052.42572021484,53138.544860839844,0,404327403520,8589930496,5277458432,114688
9,1791575392735,2499,2499,800,800,800,800,800,800,2500,2500,2499,2499,2499,2499,799,799,0,0,0,0,0,0,0,21.052631378173828,0,0,0,0,0,0,73.68421173095703,10.526315689086914,106052.57788085938,53138.85467529297,0,404327403520,8589930496,5277458432,114688
9,1791575392745,2499,2499,800,800,800,800,800,800,2500,2500,2499,2499,2499,2499,799,799,0,0,0,0,0,0,0,21.052631378173828,0,0,0,0,0,0,73.68421173095703,10.526315689086914,106052.72882080078,53139.17004394531,0,404327403520,8589930496,5277458432,114688
9,1791575392755,2499,2499,800,800,800,800,800,800,2500,2500,2499,2499,2499,2499,799,799,10,0,0,0,0,0,0,9.523809432983398,0,0,0,0,0,0,100,0,106052.88171386719,53139.48016357422,0,404327403520,8589930496,5277458432,114688
10,1791575392765,2499,2499,800,800,800,800,800,800,2500,2500,2499,2499,2499,2499,799,799,10,0,0,0,0,0,0,9.523809432983398,0,0,0,0,0,0,100,0,106053.0316772461,53139.79528808594,0,404327403520,8589930496,5277458432,114688
9,1791575392775,2499,2499,800,800,800,800,800,800,2500,2500,2499,2499,2499,2499,799,799,10,0,0,0,0,0,0,9.523809432983398,0,0,0,0,0,0,100,0,106053.18237304688,53140.10662841797,0,404327403520,8589930496,5277458432,114688
10,1791575392785,2499,2499,800,800,800,800,800,800,2500,2500,2499,2499,2499,2499,799,799,10,0,0,0,0,0,0,9.523809432983398,0,0,0,0,0,0,100,0,106053.3363647461,53140.41320800781,0,404327403520,8589930496,5277458432,114688
9,1791575392795,2499,2499,800,800,800,800,800,800,2500,2500,2499,2499,2499,2499,799,799,10,0,0,0,0,0,0,9.523809432983398,0,0,0,0,0,0,100,0,106053.49053955078,53140.728515625,0,404327403520,8589930496,5277458432,114688
9,1791575392805,2499,2499,800,800,800,800,800,800,2500,2500,2499,2499,2499,2499,799,799,10,0,0,0,0,0,0,9.523809432983398,0,0,0,0,0,0,100,0,106053.64239501953,53141.03741455078,0,404327403520,8589930496,5277458432,114688
9,1791575392815,2499,2499,800,800,800,800,800,800,2500,2500,2499,2499,2499,2499,799,799,10,0,0,0,0,0,0,9.523809432983398,0,0,0,0,0,0,100,0,106053.79217529297,53141.347412109375,0,404327403520,8589930496,5277458432,114688
9,1791575392825,2499,2499,800,800,800,800,800,800,2500,2500,2499,2499,2499,2499,799,799,10,0,0,0,0,0,0,9.523809432983398,0,0,0,0,0,0,100,0,106053.94512939453,53141.632080078125,0,404327403520,8589930496,5277458432,114688
9,1791575392835,2499,2499,800,800,800,800,800,800,2500,2500,2499,2499,2499,2499,799,799,10,0,0,0,0,0,0,9.523809432983398,0,0,0,0,0,0,100,0,106054.09545898438,53141.975036621094,0,404327403520,8589930496,5277458432,114688
10,1791575392845,2499,2499,800,800,800,800,800,800,2500,2500,2499,2499,2499,2499,799,799,10,0,0,0,0,0,0,9.523809432983398,0,0,0,0,0,0,100,0,106054.25549316406,53142.28302001953,0,404327403520,8589930496,5277458432,114688
9,1791575392856,2499,2499,800,800,800,800,800,800,2500,2500,2499,2499,2499,2499,799,799,10,0,0,0,0,0,0,9.523809432983398,0,0,0,0,0,0,100,0,106054.4105834961,53142.59143066406,0,404327403520,8589930496,5277458432,114688
9,1791575392866,2499,2499,800,800,800,800,800,800,2500,2500,2499,2499,2499,2499,799,799,10,0,0,0,0,0,0,9.523809432983398,0,0,0,0,0,0,100,0,106054.56091308594,53142.904541015625,0,404327403520,8589930496,5277458432,114688
9,1791575392876,2499,2499,800,800,800,800,800,800,2500,2500,2499,2499,2499,2499,799,799,10,0,0,0,0,0,0,9.523809432983398,0,0,0,0,0,0,100,0,106054.7158203125,53143.21612548828,0,404327403520,8589930496,5277458432,114688
9,1791575392886,2499,2499,800,800,800,800,800,800,2500,2500,2499,2499,2499,2499,799,799,10,0,0,0,0,0,0,9.523809432983398,0,0,0,0,0,0,100,0,106054.86834716797,53143.528259277344,0,404327403520,8589930496,5277458432,114688
9,1791575392896,2499,2499,800,800,800,800,800,800,2500,2500,2499,2499,2499,2499,799,799,10,0,0,0,0,0,0,9.523809432983398,0,0,0,0,0,0,100,0,106055.03094482422,53143.869689941406,0,404327403520,8589930496,5277458432,114688
10,1791575392906,2499,2499,800,800,800,800,800,800,2500,2500,2499,2499,2499,2499,799,799,10,0,0,0,0,0,0,9.523809432983398,0,0,0,0,0,0,100,0,106055.16571044922,53144.14617919922,0,404327403520,8589930496,5277458432,114688
9,1791575392916,2499,2499,800,800,800,800,800,800,2500,2500,2499,2499,2499,2499,799,799,10,0,0,0,0,0,0,9.523809432983398,0,0,0,0,0,0,100,0,106055.33312988281,53144.48937988281,0,404327403520,8589930496,5277458432,114688
9,1791575392926,2499,2499,800,800,800,800,800,800,2500,2500,2499,2499,2499,2499,799,799,10,0,0,0,0,0,0,9.523809432983398,0,0,0,0,0,0,100,0,106055.48864746094,53144.804138183594,0,404327403520,8589930496,5277458432,114688
9,1791575392936,2499,2499,800,800,800,800,800,800,2500,2500,2499,2499,2499,2499,799,799,10,0,0,0,0,0,0,9.523809432983398,0,0,0,0,0,0,100,0,106055.63806152344,53145.11505126953,0,404327403520,8589930496,5277458432,114688
9,1791575392946,2499,2499,800,800,800,800,800,800,2500,2500,2499,2499,2499,2499,799,799,10,0,0,0,0,0,0,9.523809432983398,0,0,0,0,0,0,100,0,106055.7876586914,53145.435485839844,0,404327403520,8589930496,5277458432,114688
10,1791575392956,2499,2499,800,800,800,800,800,800,2500,2500,2499,2499,2499,2499,799,799,0,0,0,0,0,0,0,10,0,0,0,0,0,0,100,0,106055.94384765625,53145.73651123047,0,404327403520,8589930496,5277458432,114688
10,1791575392966,2499,2499,800,800,800,800,800,800,2500,2500,2499,2499,2499,2499,799,799,0,0,0,0,0,0,0,10,0,0,0,0,0,0,100,0,106056.09875488281,53146.05090332031,0,404327403520,8589930496,5277458432,114688
9,1791575392976,2499,2499,800,800,800,800,800,800,2500,2500,2499,2499,2499,2499,799,799,0,0,0,0,0,0,0,10,0,0,0,0,0,0,100,0,106056.2505493164,53146.36346435547,0,404327403520,8589930496,5277458432,114688
10,1791575392986,2499,2499,800,800,800,800,800,800,2500,2500,2499,2499,2499,2499,799,799,0,0,0,0,0,0,0,10,0,0,0,0,0,0,100,0,106056.40509033203,53146.66906738281,0,404327403520,8589930496,5277458432,114688
9,1791575392997,2499,2499,800,800,800,800,800,800,2500,2500,2499,2499,2499,2499,799,799,0,0,0,0,0,0,0,10,0,0,0,0,0,0,100,0,106056.55303955078,53146.99041748047,0,404327403520,8589930496,5277458432,114688
10,1791575393007,2499,2499,800,800,800,800,800,800,2500,2500,2499,2499,2499,2499,799,799,0,0,0,0,0,0,0,10,0,0,0,0,0,0,100,0,106056.70837402344,53147.303161621094,0,404327403520,8589930496,5277458432,114688
9,1791575393017,2499,2499,800,800,800,800,800,800,2500,2500,2499,2499,2499,2499,799,799,0,0,0,0,0,0,0,10,0,0,0,0,0,0,100,0,106056.8638305664,53147.61895751953,0,404327403520,8589930496,5277458432,114688
9,1791575393027,2499,2499,800,800,800,800,800,800,2500,2500,2499,2499,2499,2499,799,799,0,0,0,0,0,0,0,10,0,0,0,0,0,0,100,0,106057.02166748047,53147.928955078125,0,404327403520,8589930496,5277458432,114688
9,1791575393037,2499,2499,800,800,800,800,800,800,2500,2500,2499,2499,2499,2499,799,799,0,0,0,0,0,0,0,10,0,0,0,0,0,0,100,0,106057.17803955078,53148.241271972656,0,404327403520,8589930496,5277458432,114688
9,1791575393047,2499,2499,800,800,800,800,800,800,2500,2500,2499,2499,2499,2499,799,799,0,0,0,0,0,0,0,10,0,0,0,0,0,0,100,0,106057.33386230469,53148.550842285156,0,404327403520,8589930496,5277458432,114688
9,1791575393057,2499,2499,800,800,800,800,800,800,2500,2500,2499,2499,2499,2499,799,799,0,0,0,0,0,0,0,10,0,0,0,0,0,0,100,0,106057.48767089844,53148.866149902344,0,404327403520,8589930496,5277458432,114688
9,1791575393067,2499,2499,800,800,800,800,800,800,2500,2500,2499,2499,2499,2499,799,799,0,0,0,0,0,0,0,10,0,0,0,0,0,0,100,0,106057.64190673828,53149.182067871094,0,404327403520,8589930496,5277458432,114688
9,1791575393077,2499,2499,800,800,800,800,800,800,2500,2500,2499,2499,2499,2499,799,799,0,0,0,0,0,0,0,10,0,0,0,0,0,0,100,0,106057.79779052734,53149.495849609375,0,404327403520,8589930496,5277458432,114688
9,1791575393087,2499,2499,800,800,800,800,800,800,2500,2500,2499,2499,2499,2499,799,799,0,0,0,0,0,0,0,10,0,0,0,0,0,0,100,0,106057.95379638672,53149.814453125,0,404327403520,8589930496,5277458432,114688
9,1791575393097,2499,2499,800,800,800,800,800,800,2500,2500,2499,2499,2499,2499,799,799,0,0,0,0,0,0,0,10,0,0,0,0,0,0,100,0,106058.12097167969,53150.1494140625,0,404327403520,8589930496,5277458432,114688
9,1791575393107,2499,2499,800,800,800,800,800,800,2500,2500,2499,2499,2499,2499,799,799,0,0,0,0,0,0,0,10,0,0,0,0,0,0,100,0,106058.27258300781,53150.46081542969,0,404327403520,8589930496,5277458432,114688
9,1791575393117,2499,2499,800,800,800,800,800,800,2500,2500,2499,2499,2499,2499,799,799,0,0,0,0,0,0,0,10,0,0,0,0,0,0,100,0,106058.42803955078,53150.772705078125,0,404327403520,8589930496,5277458432,114688
9,1791575393127,2499,2499,800,800,800,800,800,800,2500,2500,2499,2499,2499,2499,799,799,0,0,0,0,0,0,0,10,0,0,0,0,0,0,100,0,106058.58935546875,53151.086669921875,0,404327403520,8589930496,5272584192,114688
9,1791575393138,2499,2499,800,800,800,800,800,800,2500,2500,2499,2499,2499,2499,799,799,0,0,0,0,0,0,0,10,0,0,0,0,0,0,100,0,106058.7455444336,53151.39929199219,0,404327403520,8589930496,5272584192,114688
9,1791575393148,2499,2499,800,800,800,800,800,800,2500,2500,2499,2499,2499,2499,799,799,0,0,0,0,0,0,0,10,0,0,0,0,0,0,100,0,106058.89666748047,53151.71240234375,0,404327403520,8589930496,5190311936,114688
10,1791575393158,2499,2499,800,800,800,800,800,800,2500,2500,2499,2499,2499,2499,799,799,0,0,0,0,0,0,0,5,0,0,0,0,5.263157844543457,0,95,5,106059.05633544922,53152.0517578125,0,404327403520,8589930496,5139939328,114688
0,1791575393168,2499,2499,800,800,800,800,800,800,2500,2500,2499,2499,2499,2499,799,799,0,0,0,0,0,0,0,5,0,0,0,0,5.263157844543457,0,95,5,106059.21197509766,53152.39239501953,0,404327403520,8589930496,5139939328,114688
