Delta,Time,CPU_FREQUENCY_0,CPU_FREQUENCY_1,CPU_FREQUENCY_10,CPU_FREQUENCY_11,CPU_FREQUENCY_12,CPU_FREQUENCY_13,CPU_FREQUENCY_14,CPU_FREQUENCY_15,CPU_FREQUENCY_2,CPU_FREQUENCY_3,CPU_FREQUENCY_4,CPU_FREQUENCY_5,CPU_FREQUENCY_6,CPU_FREQUENCY_7,CPU_FREQUENCY_8,CPU_FREQUENCY_9,CPU_USAGE_0,CPU_USAGE_1,CPU_USAGE_10,CPU_USAGE_11,CPU_USAGE_12,CPU_USAGE_13,CPU_USAGE_14,CPU_USAGE_15,CPU_USAGE_2,CPU_USAGE_3,CPU_USAGE_4,CPU_USAGE_5,CPU_USAGE_6,CPU_USAGE_7,CPU_USAGE_8,CPU_USAGE_9,DRAM_ENERGY (J),PACKAGE_ENERGY (J),PP0_ENERGY (J),TOTAL_MEMORY,TOTAL_SWAP,USED_MEMORY,USED_SWAP
0,1791579721879,2500,2500,800,799,800,800,800,800,2499,2499,2499,2500,2499,2500,800,800,4.1666669845581055,4.34782600402832,0,0,4.1666669845581055,0,0,8.333333969116211,4.1666669845581055,4.1666669845581055,4.1666669845581055,4.1666669845581055,4.1666669845581055,4.34782600402832,4.1666669845581055,0,172553.78662109375,195348.48999023438,0,404327403520,8589930496,5350891520,114688
10,1791579721879,2500,2500,800,799,800,800,800,800,2499,2499,2499,2500,2499,2500,800,800,4.1666669845581055,4.34782600402832,0,0,4.1666669845581055,0,0,8.333333969116211,4.1666669845581055,4.1666669845581055,4.1666669845581055,4.1666669845581055,4.1666669845581055,4.34782600402832,4.1666669845581055,0,172553.78662109375,195348.48999023438,0,404327403520,8589930496,5350891520,114688
9,1791579721889,2500,2500,800,799,800,800,800,800,2499,2499,2499,2500,2499,2500,800,800,4.1666669845581055,4.34782600402832,0,0,4.1666669845581055,0,0,8.333333969116211,4.1666669845581055,4.1666669845581055,4.1666669845581055,4.1666669845581055,4.1666669845581055,4.34782600402832,4.1666669845581055,0,172553.93719482422,195348.86486816406,0,404327403520,8589930496,5350891520,114688
9,1791579721899,2500,2500,800,799,800,800,800,800,2499,2499,2499,2500,2499,2500,800,800,4.1666669845581055,4.34782600402832,0,0,4.1666669845581055,0,0,8.333333969116211,4.1666669845581055,4.1666669845581055,4.1666669845581055,4.1666669845581055,4.1666669845581055,4.34782600402832,4.1666669845581055,0,172554.08953857422,195349.24127197266,0,404327403520,8589930496,5350891520,114688
10,1791579721909,2500,2500,800,799,800,800,800,800,2499,2499,2499,2500,2499,2500,800,800,4.1666669845581055,4.34782600402832,0,0,4.1666669845581055,0,0,8.333333969116211,4.1666669845581055,4.1666669845581055,4.1666669845581055,4.1666669845581055,4.1666669845581055,4.34782600402832,4.1666669845581055,0,172554.2437133789,195349.6181640625,0,404327403520,8589930496,5350891520,114688
9,1791579721919,2500,2500,800,799,800,800,800,800,2499,2499,2499,2500,2499,2500,800,800,4.1666669845581055,4.34782600402832,0,0,4.1666669845581055,0,0,8.333333969116211,4.1666669845581055,4.1666669845581055,4.1666669845581055,4.1666669845581055,4.1666669845581055,4.34782600402832,4.1666669845581055,0,172554.39715576172,195349.99151611328,0,404327403520,8589930496,5350891520,114688
10,1791579721929,2500,2500,800,799,800,800,800,800,2499,2499,2499,2500,2499,2500,800,800,4.1666669845581055,4.34782600402832,0,0,4.1666669845581055,0,0,8.333333969116211,4.1666669845581055,4.1666669845581055,4.1666669845581055,4.1666669845581055,4.1666669845581055,4.34782600402832,4.1666669845581055,0,172554.5478515625,195350.36682128906,0,404327403520,8589930496,5350891520,114688
9,1791579721939,2500,2500,800,799,800,800,800,800,2499,2499,2499,2500,2499,2500,800,800,4.1666669845581055,4.34782600402832,0,0,4.1666669845581055,0,0,8.333333969116211,4.1666669845581055,4.1666669845581055,4.1666669845581055,4.1666669845581055,4.1666669845581055,4.34782600402832,4.1666669845581055,0,172554.70440673828,195350.74383544922,0,404327403520,8589930496,5350891520,114688
9,1791579721950,2500,2500,800,799,800,800,800,800,2499,2499,2499,2500,2499,2500,800,800,4.1666669845581055,4.34782600402832,0,0,4.1666669845581055,0,0,8.333333969116211,4.1666669845581055,4.1666669845581055,4.1666669845581055,4.1666669845581055,4.1666669845581055,4.34782600402832,4.1666669845581055,0,172554.88024902344,195351.1558227539,0,404327403520,8589930496,5350891520,114688
9,1791579721960,2500,2500,800,799,800,800,800,800,2499,2499,2499,2500,2499,2500,800,800,4.1666669845581055,4.34782600402832,0,0,4.1666669845581055,0,0,8.333333969116211,4.1666669845581055,4.1666669845581055,4.1666669845581055,4.1666669845581055,4.1666669845581055,4.34782600402832,4.1666669845581055,0,172555.02618408203,195351.49737548828,0,404327403520,8589930496,5350891520,114688
10,1791579721970,2500,2500,800,799,800,800,800,800,2499,2499,2499,2500,2499,2500,800,800,4.1666669845581055,4.34782600402832,0,0,4.1666669845581055,0,0,8.333333969116211,4.1666669845581055,4.1666669845581055,4.1666669845581055,4.1666669845581055,4.1666669845581055,4.34782600402832,4.1666669845581055,0,172555.18768310547,195351.86883544922,0,404327403520,8589930496,5350891520,114688
9,1791579721980,2500,2500,800,799,800,800,800,800,2499,2499,2499,2500,2499,2500,800,800,4.1666669845581055,4.34782600402832,0,0,4.1666669845581055,0,0,8.333333969116211,4.1666669845581055,4.1666669845581055,4.1666669845581055,4.1666669845581055,4.1666669845581055,4.34782600402832,4.1666669845581055,0,172555.36486816406,195352.2432861328,0,404327403520,8589930496,5350891520,114688
9,1791579721990,2500,2500,800,799,800,800,800,800,2499,2499,2499,2500,2499,2500,800,800,4.1666669845581055,4.34782600402832,0,0,4.1666669845581055,0,0,8.333333969116211,4.1666669845581055,4.1666669845581055,4.1666669845581055,4.1666669845581055,4.1666669845581055,4.34782600402832,4.1666669845581055,0,172555.52423095703,195352.65533447266,0,404327403520,8589930496,5350891520,114688
10,1791579722000,2500,2500,800,799,800,800,800,800,2499,2499,2499,2500,2499,2500,800,800,4.1666669845581055,4.34782600402832,0,0,4.1666669845581055,0,0,8.333333969116211,4.1666669845581055,4.1666669845581055,4.1666669845581055,4.1666669845581055,4.1666669845581055,4.34782600402832,4.1666669845581055,0,172555.673828125,195353.0316772461,0,404327403520,8589930496,5350891520,114688
9,1791579722010,2500,2500,800,799,800,800,800,800,2499,2499,2499,2500,2499,2500,800,800,4.1666669845581055,4.34782600402832,0,0,4.1666669845581055,0,0,8.333333969116211,4.1666669845581055,4.1666669845581055,4.1666669845581055,4.1666669845581055,4.1666669845581055,4.34782600402832,4.1666669845581055,0,172555.83074951172,195353.40728759766,0,404327403520,8589930496,5350891520,114688
9,1791579722020,2500,2500,800,799,800,800,800,800,2499,2499,2499,2500,2499,2500,800,800,4.1666669845581055,4.34782600402832,0,0,4.1666669845581055,0,0,8.333333969116211,4.1666669845581055,4.1666669845581055,4.1666669845581055,4.1666669845581055,4.1666669845581055,4.34782600402832,4.1666669845581055,0,172555.98400878906,195353.7865600586,0,404327403520,8589930496,5350891520,114688
9,1791579722030,2500,2500,800,799,800,800,800,800,2499,2499,2499,2500,2499,2500,800,800,4.1666669845581055,4.34782600402832,0,0,4.1666669845581055,0,0,8.333333969116211,4.1666669845581055,4.1666669845581055,4.1666669845581055,4.1666669845581055,4.1666669845581055,4.34782600402832,4.1666669845581055,0,172556.13989257813,195354.16943359375,0,404327403520,8589930496,5350891520,114688
10,1791579722040,2500,2500,800,799,800,800,800,800,2499,2499,2499,2500,2499,2500,800,800,4.1666669845581055,4.34782600402832,0,0,4.1666669845581055,0,0,8.333333969116211,4.1666669845581055,4.1666669845581055,4.1666669845581055,4.1666669845581055,4.1666669845581055,4.34782600402832,4.1666669845581055,0,172556.29809570313,195354.53521728516,0,404327403520,8589930496,5350891520,114688
9,1791579722050,2500,2500,800,799,800,800,800,800,2499,2499,2499,2500,2499,2500,800,800,4.1666669845581055,4.34782600402832,0,0,4.1666669845581055,0,0,8.333333969116211,4.1666669845581055,4.1666669845581055,4.1666669845581055,4.1666669845581055,4.1666669845581055,4.34782600402832,4.1666669845581055,0,172556.45318603516,195354.9116821289,0,404327403520,8589930496,5350891520,114688
10,1791579722060,2500,2500,800,799,800,800,800,800,2499,2499,2499,2500,2499,2500,800,800,4.1666669845581055,4.34782600402832,0,0,4.1666669845581055,0,0,8.333333969116211,4.1666669845581055,4.1666669845581055,4.1666669845581055,4.1666669845581055,4.1666669845581055,4.34782600402832,4.1666669845581055,0,172556.6069946289,195355.28814697266,0,404327403520,8589930496,5350891520,114688
9,1791579722070,2500,2500,800,799,800,800,800,800,2499,2499,2499,2500,2499,2500,800,800,4.1666669845581055,4.34782600402832,0,0,4.1666669845581055,0,0,8.333333969116211,4.1666669845581055,4.1666669845581055,4.1666669845581055,4.1666669845581055,4.1666669845581055,4.34782600402832,4.1666669845581055,0,172556.76708984375,195355.6658935547,0,404327403520,8589930496,5350891520,114688
9,1791579722080,2500,2500,800,799,800,800,800,800,2499,2499,2499,2500,2499,2500,800,800,25,0,5.263157844543457,0,0,0,5,10,15.000000953674316,9.523809432983398,0,57.894737243652344,0,4.761904716491699,0,0,172556.92578125,195356.03875732422,0,404327403520,8589930496,5350891520,114688
9,1791579722091,2500,2500,800,799,800,800,800,800,2499,2499,2499,2500,2499,2500,800,800,25,0,5.263157844543457,0,0,0,5,10,15.000000953674316,9.523809432983398,0,57.894737243652344,0,4.761904716491699,0,0,172557.08221435547,195356.42126464844,0,404327403520,8589930496,5335076864,114688
10,1791579722101,2500,2500,800,799,800,800,800,800,2499,2499,2499,2500,2499,2500,800,800,25,0,5.263157844543457,0,0,0,5,10,15.000000953674316,9.523809432983398,0,57.894737243652344,0,4.761904716491699,0,0,172557.23986816406,195356.78076171875,0,404327403520,8589930496,5343404032,114688
9,1791579722111,2500,2500,800,799,800,800,800,800,2499,2499,2499,2500,2499,2500,800,800,25,0,5.263157844543457,0,0,0,5,10,15.000000953674316,9.523809432983398,0,57.894737243652344,0,4.761904716491699,0,0,172557.39459228516,195357.09271240234,0,404327403520,8589930496,5343928320,114688
10,1791579722121,2500,2500,800,799,800,800,800,800,2499,2499,2499,2500,2499,2500,800,800,25,0,5.263157844543457,0,0,0,5,10,15.000000953674316,9.523809432983398,0,57.894737243652344,0,4.761904716491699,0,0,172557.55279541016,195357.4047241211,0,404327403520,8589930496,5343928320,114688
9,1791579722131,2500,2500,800,799,800,800,800,800,2499,2499,2499,2500,2499,2500,800,800,25,0,5.263157844543457,0,0,0,5,10,15.000000953674316,9.523809432983398,0,57.894737243652344,0,4.761904716491699,0,0,172557.7084350586,195357.71942138672,0,404327403520,8589930496,5343928320,114688
10,1791579722141,2500,2500,800,799,800,800,800,800,2499,2499,2499,2500,2499,2500,800,800,25,0,5.263157844543457,0,0,0,5,10,15.000000953674316,9.523809432983398,0,57.894737243652344,0,4.761904716491699,0,0,172557.861328125,195358.03051757813,0,404327403520,8589930496,5343928320,114688
10,1791579722151,2500,2500,800,799,800,800,800,800,2499,2499,2499,2500,2499,2500,800,800,25,0,5.263157844543457,0,0,0,5,10,15.000000953674316,9.523809432983398,0,57.894737243652344,0,4.761904716491699,0,0,172558.01861572266,195358.34356689453,0,404327403520,8589930496,5343387648,114688
10,1791579722161,2500,2500,800,799,800,800,800,800,2499,2499,2499,2500,2499,2500,800,800,25,0,5.263157844543457,0,0,0,5,10,15.000000953674316,9.523809432983398,0,57.894737243652344,0,4.761904716491699,0,0,172558.17413330078,195358.65850830078,0,404327403520,8589930496,5343387648,114688
10,1791579722171,2500,2500,800,799,800,800,800,800,2499,2499,2499,2500,2499,2500,800,800,25,0,5.263157844543457,0,0,0,5,10,15.000000953674316,9.523809432983398,0,57.894737243652344,0,4.761904716491699,0,0,172558.32971191406,195358.97186279297,0,404327403520,8589930496,5343387648,114688
10,1791579722181,2500,2500,800,799,800,800,800,800,2499,2499,2499,2500,2499,2500,800,800,25,0,5.263157844543457,0,0,0,5,10,15.000000953674316,9.523809432983398,0,57.894737243652344,0,4.761904716491699,0,0,172558.49908447266,195359.31762695313,0,404327403520,8589930496,5343387648,114688
9,1791579722191,2500,2500,800,799,800,800,800,800,2499,2499,2499,2500,2499,2500,800,800,25,0,5.263157844543457,0,0,0,5,10,15.000000953674316,9.523809432983398,0,57.894737243652344,0,4.761904716491699,0,0,172558.65362548828,195359.6318359375,0,404327403520,8589930496,5343387648,114688
9,1791579722201,2500,2500,800,799,800,800,800,800,2499,2499,2499,2500,2499,2500,800,800,25,0,5.263157844543457,0,0,0,5,10,15.000000953674316,9.523809432983398,0,57.894737243652344,0,4.761904716491699,0,0,172558.8065185547,195359.94464111328,0,404327403520,8589930496,5343387648,114688
9,1791579722211,2500,2500,800,799,800,800,800,800,2499,2499,2499,2500,2499,2500,800,800,25,0,5.263157844543457,0,0,0,5,10,15.000000953674316,9.523809432983398,0,57.894737243652344,0,4.761904716491699,0,0,172558.96142578125,195360.26135253906,0,404327403520,8589930496,5343387648,114688
10,1791579722221,2500,2500,800,799,800,800,800,800,2499,2499,2499,2500,2499,2500,800,800,25,0,5.263157844543457,0,0,0,5,10,15.000000953674316,9.523809432983398,0,57.894737243652344,0,4.761904716491699,0,0,172559.11651611328,195360.58294677734,0,404327403520,8589930496,5343387648,114688
10,1791579722231,2500,2500,800,799,800,800,800,800,2499,2499,2499,2500,2499,2500,800,800,25,0,5.263157844543457,0,0,0,5,10,15.000000953674316,9.523809432983398,0,57.894737243652344,0,4.761904716491699,0,0,172559.2666015625,195360.90002441406,0,404327403520,8589930496,5343387648,114688
10,1791579722241,2500,2500,800,799,800,800,800,800,2499,2499,2499,2500,2499,2500,800,800,25,0,5.263157844543457,0,0,0,5,10,15.000000953674316,9.523809432983398,0,57.894737243652344,0,4.761904716491699,0,0,172559.42279052734,195361.21221923828,0,404327403520,8589930496,5343387648,114688
10,1791579722251,2500,2500,800,799,800,800,800,800,2499,2499,2499,2500,2499,2500,800,800,25,0,5.263157844543457,0,0,0,5,10,15.000000953674316,9.523809432983398,0,57.894737243652344,0,4.761904716491699,0,0,172559.57733154297,195361.5291748047,0,404327403520,8589930496,5343387648,114688
10,1791579722261,2500,2500,800,799,800,800,800,800,2499,2499,2499,2500,2499,2500,800,800,25,0,5.263157844543457,0,0,0,5,10,15.000000953674316,9.523809432983398,0,57.894737243652344,0,4.761904716491699,0,0,172559.7371826172,195361.8367919922,0,404327403520,8589930496,5343387648,114688
9,1791579722272,2500,2500,800,799,800,800,800,800,2499,2499,2499,2500,2499,2500,800,800,25,0,5.263157844543457,0,0,0,5,10,15.000000953674316,9.523809432983398,0,57.894737243652344,0,4.761904716491699,0,0,172559.89093017578,195362.15069580078,0,404327403520,8589930496,5343387648,114688
9,1791579722282,2500,2500,800,799,800,800,800,800,2499,2499,2499,2500,2499,2500,800,800,5.263157844543457,0,5,0,0,0,0,90,5,5.263157844543457,0,0,0,0,0,0,172560.04748535156,195362.47033691406,0,404327403520,8589930496,5343387648,114688
10,1791579722292,2500,2500,800,799,800,800,800,800,2499,2499,2499,2500,2499,2500,800,800,5.263157844543457,0,5,0,0,0,0,90,5,5.263157844543457,0,0,0,0,0,0,172560.19799804688,195362.78637695313,0,404327403520,8589930496,5343387648,114688
9,1791579722302,2500,2500,800,799,800,800,800,800,2499,2499,2499,2500,2499,2500,800,800,5.263157844543457,0,5,0,0,0,0,90,5,5.263157844543457,0,0,0,0,0,0,172560.35186767578,195363.10223388672,0,404327403520,8589930496,5343387648,114688
9,1791579722312,2500,2500,800,799,800,800,800,800,2499,2499,2499,2500,2499,2500,800,800,5.263157844543457,0,5,0,0,0,0,90,5,5.263157844543457,0,0,0,0,0,0,172560.51025390625,195363.41625976563,0,404327403520,8589930496,5343387648,114688
9,1791579722322,2500,2500,800,799,800,800,800,800,2499,2499,2499,2500,2499,2500,800,800,5.263157844543457,0,5,0,0,0,0,90,5,5.263157844543457,0,0,0,0,0,0,172560.66668701172,195363.72735595703,0,404327403520,8589930496,5343387648,114688
9,1791579722332,2500,2500,800,799,800,800,800,800,2499,2499,2499,2500,2499,2500,800,800,5.263157844543457,0,5,0,0,0,0,90,5,5.263157844543457,0,0,0,0,0,0,172560.82012939453,195364.03686523438,0,404327403520,8589930496,5343387648,114688
9,1791579722342,2500,2500,800,799,800,800,800,800,2499,2499,2499,2500,2499,2500,800,800,5.263157844543457,0,5,0,0,0,0,90,5,5.263157844543457,0,0,0,0,0,0,172560.99725341797,195364.3510131836,0,404327403520,8589930496,5343387648,114688
9,1791579722352,2500,2500,800,799,800,800,800,800,2499,2499,2499,2500,2499,2500,800,800,5.263157844543457,0,5,0,0,0,0,90,5,5.263157844543457,0,0,0,0,0,0,172561.13403320313,195364.66174316406,0,404327403520,8589930496,5343387648,114688
10,1791579722362,2500,2500,800,799,800,800,800,800,2499,2499,2499,2500,2499,2500,800,800,5.263157844543457,0,5,0,0,0,0,90,5,5.263157844543457,0,0,0,0,0,0,172561.29229736328,195364.97521972656,0,404327403520,8589930496,5343387648,114688
9,1791579722372,2500,2500,800,799,800,800,800,800,2499,2499,2499,2500,2499,2500,800,800,5.263157844543457,0,5,0,0,0,0,90,5,5.263157844543457,0,0,0,0,0,0,172561.46606445313,195365.31896972656,0,404327403520,8589930496,5343387648,114688
9,1791579722382,2500,2500,800,799,800,800,800,800,2499,2499,2499,2500,2499,2500,800,800,5.263157844543457,0,5,0,0,0,0,90,5,5.263157844543457,0,0,0,0,0,0,172561.62078857422,195365.6333618164,0,404327403520,8589930496,5343387648,114688
10,1791579722392,2500,2500,800,799,800,800,800,800,2499,2499,2499,2500,2499,2500,800,800,5.263157844543457,0,5,0,0,0,0,90,5,5.263157844543457,0,0,0,0,0,0,172561.78228759766,195365.9473876953,0,404327403520,8589930496,5343387648,114688
9,1791579722403,2500,2500,800,799,800,800,800,800,2499,2499,2499,2500,2499,2500,800,800,5.263157844543457,0,5,0,0,0,0,90,5,5.263157844543457,0,0,0,0,0,0,172561.9369506836,195366.26470947266,0,404327403520,8589930496,5343387648,114688
9,1791579722413,2500,2500,800,799,800,800,800,800,2499,2499,2499,2500,2499,2500,800,800,5.263157844543457,0,5,0,0,0,0,90,5,5.263157844543457,0,0,0,0,0,0,172562.0897216797,195366.58221435547,0,404327403520,8589930496,5343387648,114688
9,1791579722423,2500,2500,800,799,800,800,800,800,2499,2499,2499,2500,2499,2500,800,800,5.263157844543457,0,5,0,0,0,0,90,5,5.263157844543457,0,0,0,0,0,0,172562.2449951172,195366.9017944336,0,404327403520,8589930496,5343387648,114688
9,1791579722433,2500,2500,800,799,800,800,800,800,2499,2499,2499,2500,2499,2500,800,800,5.263157844543457,0,5,0,0,0,0,90,5,5.263157844543457,0,0,0,0,0,0,172562.4041748047,195367.2156982422,0,404327403520,8589930496,5343387648,114688
9,1791579722443,2500,2500,800,799,800,800,800,800,2499,2499,2499,2500,2499,2500,800,800,5.263157844543457,0,5,0,0,0,0,90,5,5.263157844543457,0,0,0,0,0,0,172562.5590209961,195367.52600097656,0,404327403520,8589930496,5343387648,114688
9,1791579722453,2500,2500,800,799,800,800,800,800,2499,2499,2499,2500,2499,2500,800,800,5.263157844543457,0,5,0,0,0,0,90,5,5.263157844543457,0,0,0,0,0,0,172562.71557617188,195367.83819580078,0,404327403520,8589930496,5343387648,114688
9,1791579722463,2500,2500,800,799,800,800,800,800,2499,2499,2499,2500,2499,2500,800,800,5.263157844543457,0,5,0,0,0,0,90,5,5.263157844543457,0,0,0,0,0,0,172562.87030029297,195368.15631103516,0,404327403520,8589930496,5343387648,114688
9,1791579722473,2500,2500,800,799,800,800,800,800,2499,2499,2499,2500,2499,2500,800,800,5.263157844543457,0,5,0,0,0,0,90,5,5.263157844543457,0,0,0,0,0,0,172563.02502441406,195368.47259521484,0,404327403520,8589930496,5343387648,114688
9,1791579722483,2500,2500,800,799,800,800,800,800,2499,2499,2499,2500,2499,2500,800,800,5,0,0,0,0,0,0,100,0,0,0,0,0,0,0,0,172563.17315673828,195368.78674316406,0,404327403520,8589930496,5343387648,114688
9,1791579722493,2500,2500,800,799,800,800,800,800,2499,2499,2499,2500,2499,2500,800,800,5,0,0,0,0,0,0,100,0,0,0,0,0,0,0,0,172563.32916259766,195369.1021118164,0,404327403520,8589930496,5343387648,114688
9,1791579722503,2500,2500,800,799,800,800,800,800,2499,2499,2499,2500,2499,2500,800,800,5,0,0,0,0,0,0,100,0,0,0,0,0,0,0,0,172563.4854736328,195369.4185180664,0,404327403520,8589930496,5343387648,114688
9,1791579722513,2500,2500,800,799,800,800,800,800,2499,2499,2499,2500,2499,2500,800,800,5,0,0,0,0,0,0,100,0,0,0,0,0,0,0,0,172563.65063476563,195369.7606201172,0,404327403520,8589930496,5343387648,114688
9,1791579722523,2500,2500,800,799,800,800,800,800,2499,2499,2499,2500,2499,2500,800,800,5,0,0,0,0,0,0,100,0,0,0,0,0,0,0,0,172563.79833984375,195370.0701904297,0,404327403520,8589930496,5343387648,114688
9,1791579722534,2500,2500,800,799,800,800,800,800,2499,2499,2499,2500,2499,2500,800,800,5,0,0,0,0,0,0,100,0,0,0,0,0,0,0,0,172563.94952392578,195370.38507080078,0,404327403520,8589930496,5343387648,114688
9,1791579722544,2500,2500,800,799,800,800,800,800,2499,2499,2499,2500,2499,2500,800,800,5,0,0,0,0,0,0,100,0,0,0,0,0,0,0,0,172564.1053466797,195370.70544433594,0,404327403520,8589930496,5343387648,114688
9,1791579722554,2500,2500,800,799,800,800,800,800,2499,2499,2499,2500,2499,2500,800,800,5,0,0,0,0,0,0,100,0,0,0,0,0,0,0,0,172564.25970458984,195371.01977539063,0,404327403520,8589930496,5343387648,114688
9,1791579722564,2500,2500,800,799,800,800,800,800,2499,2499,2499,2500,2499,2500,800,800,5,0,0,0,0,0,0,100,0,0,0,0,0,0,0,0,172564.41381835938,195371.32708740234,0,404327403520,8589930496,5343387648,114688
9,1791579722574,2500,2500,800,799,800,800,800,800,2499,2499,2499,2500,2499,2500,800,800,5,0,0,0,0,0,0,100,0,0,0,0,0,0,0,0,172564.56671142578,195371.6420288086,0,404327403520,8589930496,5343387648,114688
9,1791579722584,2500,2500,800,799,800,800,800,800,2499,2499,2499,2500,2499,2500,800,800,5,0,0,0,0,0,0,100,0,0,0,0,0,0,0,0,172564.7201538086,195371.9591064453,0,404327403520,8589930496,5343387648,114688
9,1791579722594,2500,2500,800,799,800,800,800,800,2499,2499,2499,2500,2499,2500,800,800,5,0,0,0,0,0,0,100,0,0,0,0,0,0,0,0,172564.87396240234,195372.27166748047,0,404327403520,8589930496,5343387648,114688
9,1791579722604,2500,2500,800,799,800,800,800,800,2499,2499,2499,2500,2499,2500,800,800,5,0,0,0,0,0,0,100,0,0,0,0,0,0,0,0,172565.0301513672,195372.58618164063,0,404327403520,8589930496,5343387648,114688
9,1791579722614,2500,2500,800,799,800,800,800,800,2499,2499,2499,2500,2499,2500,800,800,5,0,0,0,0,0,0,100,0,0,0,0,0,0,0,0,172565.18658447266,195372.9022216797,0,404327403520,8589930496,5343387648,114688
9,1791579722624,2500,2500,800,799,800,800,800,800,2499,2499,2499,2500,2499,2500,800,800,5,0,0,0,0,0,0,100,0,0,0,0,0,0,0,0,172565.3497314453,195373.2124633789,0,404327403520,8589930496,5343387648,114688
9,1791579722634,2500,2500,800,799,800,800,800,800,2499,2499,2499,2500,2499,2500,800,800,5,0,0,0,0,0,0,100,0,0,0,0,0,0,0,0,172565.50030517578,195373.5244140625,0,404327403520,8589930496,5343387648,114688
10,1791579722644,2500,2500,800,799,800,800,800,800,2499,2499,2499,2500,2499,2500,800,800,5,0,0,0,0,0,0,100,0,0,0,0,0,0,0,0,172565.65338134766,195373.83770751953,0,404327403520,8589930496,5343387648,114688
9,1791579722654,2500,2500,800,799,800,800,800,800,2499,2499,2499,2500,2499,2500,800,800,5,0,0,0,0,0,0,100,0,0,0,0,0,0,0,0,172565.80352783203,195374.1566772461,0,404327403520,8589930496,5343387648,114688
9,1791579722664,2500,2500,800,799,800,800,800,800,2499,2499,2499,2500,2499,2500,800,800,5,0,0,0,0,0,0,100,0,0,0,0,0,0,0,0,172565.97631835938,195374.50469970703,0,404327403520,8589930496,5343387648,114688
9,1791579722674,2500,2500,800,799,800,800,800,800,2499,2499,2499,2500,2499,2500,800,800,5,0,0,0,0,0,0,100,0,0,0,0,0,0,0,0,172566.11407470703,195374.78515625,0,404327403520,8589930496,5343387648,114688
10,1791579722684,2500,2500,800,799,800,800,800,800,2499,2499,2499,2500,2499,2500,800,800,0,10,0,0,0,0,0,100,0,0,0,0,0,0,0,0,172566.2686767578,195375.0977783203,0,404327403520,8589930496,5343387648,114688
9,1791579722695,2500,2500,800,799,800,800,800,800,2499,2499,2499,2500,2499,2500,800,800,0,10,0,0,0,0,0,100,0,0,0,0,0,0,0,0,172566.4447631836,195375.4454345703,0,404327403520,8589930496,5343387648,114688
9,1791579722705,2500,2500,800,799,800,800,800,800,2499,2499,2499,2500,2499,2500,800,800,0,10,0,0,0,0,0,100,0,0,0,0,0,0,0,0,172566.60443115234,195375.75854492188,0,404327403520,8589930496,5343387648,114688
9,1791579722715,2500,2500,800,799,800,800,800,800,2499,2499,2499,2500,2499,2500,800,800,0,10,0,0,0,0,0,100,0,0,0,0,0,0,0,0,172566.76275634766,195376.07293701172,0,404327403520,8589930496,5343387648,114688
10,1791579722725,2500,2500,800,799,800,800,800,800,2499,2499,2499,2500,2499,2500,800,800,0,10,0,0,0,0,0,100,0,0,0,0,0,0,0,0,172566.92059326172,195376.3907470703,0,404327403520,8589930496,5343387648,114688
9,1791579722735,2500,2500,800,799,800,800,800,800,2499,2499,2499,2500,2499,2500,800,800,0,10,0,0,0,0,0,100,0,0,0,0,0,0,0,0,172567.07305908203,195376.70574951172,0,404327403520,8589930496,5343387648,114688
9,1791579722745,2500,2500,800,799,800,800,800,800,2499,2499,2499,2500,2499,2500,800,800,0,10,0,0,0,0,0,100,0,0,0,0,0,0,0,0,172567.2255859375,195377.0150756836,0,404327403520,8589930496,5343387648,114688
9,1791579722755,2500,2500,800,799,800,800,800,800,2499,2499,2499,2500,2499,2500,800,800,0,10,0,0,0,0,0,100,0,0,0,0,0,0,0,0,172567.3779296875,195377.3306274414,0,404327403520,8589930496,5343387648,114688
9,1791579722765,2500,2500,800,799,800,800,800,800,2499,2499,2499,2500,2499,2500,800,800,0,10,0,0,0,0,0,100,0,0,0,0,0,0,0,0,172567.53100585938,195377.64556884766,0,404327403520,8589930496,5343387648,114688
9,1791579722775,2500,2500,800,799,800,800,800,800,2499,2499,2499,2500,2499,2500,800,800,0,10,0,0,0,0,0,100,0,0,0,0,0,0,0,0,172567.6876220703,195377.96215820313,0,404327403520,8589930496,5343387648,114688
10,1791579722785,2500,2500,800,799,800,800,800,800,2499,2499,2499,2500,2499,2500,800,800,0,10,0,0,0,0,0,100,0,0,0,0,0,0,0,0,172567.841796875,195378.27899169922,0,404327403520,8589930496,5343387648,114688
9,1791579722795,2500,2500,800,799,800,800,800,800,2499,2499,2499,2500,2499,2500,800,800,0,10,0,0,0,0,0,100,0,0,0,0,0,0,0,0,172567.99194335938,195378.5948486328,0,404327403520,8589930496,5343387648,114688
9,1791579722805,2500,2500,800,799,800,800,800,800,2499,2499,2499,2500,2499,2500,800,800,0,10,0,0,0,0,0,100,0,0,0,0,0,0,0,0,172568.14208984375,195378.90551757813,0,404327403520,8589930496,5343387648,114688
10,1791579722815,2500,2500,800,799,800,800,800,800,2499,2499,2499,2500,2499,2500,800,800,0,10,0,0,0,0,0,100,0,0,0,0,0,0,0,0,172568.29168701172,195379.22137451172,0,404327403520,8589930496,5343387648,114688
9,1791579722826,2500,2500,800,799,800,800,800,800,2499,2499,2499,2500,2499,2500,800,800,0,10,0,0,0,0,0,100,0,0,0,0,0,0,0,0,172568.4468383789,195379.53619384766,0,404327403520,8589930496,5343387648,114688
9,1791579722836,2500,2500,800,799,800,800,800,800,2499,2499,2499,2500,2499,2500,800,800,0,10,0,0,0,0,0,100,0,0,0,0,0,0,0,0,172568.61981201172,195379.88012695313,0,404327403520,8589930496,5343387648,114688
9,1791579722846,2500,2500,800,799,800,800,800,800,2499,2499,2499,2500,2499,2500,800,800,0,10,0,0,0,0,0,100,0,0,0,0,0,0,0,0,172568.7763671875,195380.19696044922,0,404327403520,8589930496,5343387648,114688
9,1791579722856,2500,2500,800,799,800,800,800,800,2499,2499,2499,2500,2499,2500,800,800,0,10,0,0,0,0,0,100,0,0,0,0,0,0,0,0,172568.93237304688,195380.51336669922,0,404327403520,8589930496,5343387648,114688
9,1791579722866,2500,2500,800,799,800,800,800,800,2499,2499,2499,2500,2499,2500,800,800,0,10,0,0,0,0,0,100,0,0,0,0,0,0,0,0,172569.0903930664,195380.82885742188,0,404327403520,8589930496,5343387648,114688
9,1791579722876,2500,2500,800,799,800,800,800,800,2499,2499,2499,2500,2499,2500,800,800,0,10,0,0,0,0,0,100,0,0,0,0,0,0,0,0,172569.24853515625,195381.14611816406,0,404327403520,8589930496,5343387648,114688
9,1791579722886,2500,2500,800,799,800,800,800,800,2499,2499,2499,2500,2499,2500,800,800,10,0,0,0,0,0,0,100,5,5,0,0,0,0,0,0,172569.40838623047,195381.46661376953,0,404327403520,8589930496,5343387648,114688
9,1791579722896,2500,2500,800,799,800,800,800,800,2499,2499,2499,2500,2499,2500,800,800,10,0,0,0,0,0,0,100,5,5,0,0,0,0,0,0,172569.55889892578,195381.7808227539,0,404327403520,8589930496,5343387648,114688
9,1791579722906,2500,2500,800,799,800,800,800,800,2499,2499,2499,2500,2499,2500,800,800,10,0,0,0,0,0,0,100,5,5,0,0,0,0,0,0,172569.71215820313,195382.09881591797,0,404327403520,8589930496,5343387648,114688
10,1791579722916,2500,2500,800,799,800,800,800,800,2499,2499,2499,2500,2499,2500,800,800,10,0,0,0,0,0,0,100,5,5,0,0,0,0,0,0,172569.86755371094,195382.4151611328,0,404327403520,8589930496,5343387648,114688
9,1791579722926,2500,2500,800,799,800,800,800,800,2499,2499,2499,2500,2499,2500,800,800,10,0,0,0,0,0,0,100,5,5,0,0,0,0,0,0,172570.0224609375,195382.73022460938,0,404327403520,8589930496,5343387648,114688
9,1791579722936,2500,2500,800,799,800,800,800,800,2499,2499,2499,2500,2499,2500,800,800,10,0,0,0,0,0,0,100,5,5,0,0,0,0,0,0,172570.17486572266,195383.04626464844,0,404327403520,8589930496,5343387648,114688
10,1791579722946,2500,2500,800,799,800,800,800,800,2499,2499,2499,2500,2499,2500,800,800,10,0,0,0,0,0,0,100,5,5,0,0,0,0,0,0,172570.33123779297,195383.3667602539,0,404327403520,8589930496,5343387648,114688
10,1791579722956,2500,2500,800,799,800,800,800,800,2499,2499,2499,2500,2499,2500,800,800,10,0,0,0,0,0,0,100,5,5,0,0,0,0,0,0,172570.48107910156,195383.6904296875,0,404327403520,8589930496,5343387648,114688
9,1791579722967,2500,2500,800,799,800,800,800,800,2499,2499,2499,2500,2499,2500,800,800,10,0,0,0,0,0,0,100,5,5,0,0,0,0,0,0,172570.6303100586,195384.0112915039,0,404327403520,8589930496,5343387648,114688
9,1791579722977,2500,2500,800,799,800,800,800,800,2499,2499,2499,2500,2499,2500,800,800,10,0,0,0,0,0,0,100,5,5,0,0,0,0,0,0,172570.78521728516,195384.31182861328,0,404327403520,8589930496,5343387648,114688
9,1791579722987,2500,2500,800,799,800,800,800,800,2499,2499,2499,2500,2499,2500,800,800,10,0,0,0,0,0,0,100,5,5,0,0,0,0,0,0,172570.93353271484,195384.62628173828,0,404327403520,8589930496,5343387648,114688
9,1791579722997,2500,2500,800,799,800,800,800,800,2499,2499,2499,2500,2499,2500,800,800,10,0,0,0,0,0,0,100,5,5,0,0,0,0,0,0,172571.0844116211,195384.9405517578,0,404327403520,8589930496,5343387648,114688
9,1791579723007,2500,2500,800,799,800,800,800,800,2499,2499,2499,2500,2499,2500,800,800,10,0,0,0,0,0,0,100,5,5,0,0,0,0,0,0,172571.23986816406,195385.26135253906,0,404327403520,8589930496,5343387648,114688
9,1791579723017,2500,2500,800,799,800,800,800,800,2499,2499,2499,2500,2499,2500,800,800,10,0,0,0,0,0,0,100,5,5,0,0,0,0,0,0,172571.41326904297,195385.60620117188,0,404327403520,8589930496,5343387648,114688
9,1791579723027,2500,2500,800,799,800,800,800,800,2499,2499,2499,2500,2499,2500,800,800,10,0,0,0,0,0,0,100,5,5,0,0,0,0,0,0,172571.56872558594,195385.92236328125,0,404327403520,8589930496,5343387648,114688
10,1791579723037,2500,2500,800,799,800,800,800,800,2499,2499,2499,2500,2499,2500,800,800,10,0,0,0,0,0,0,100,5,5,0,0,0,0,0,0,172571.71173095703,195386.19995117188,0,404327403520,8589930496,5343387648,114688
9,1791579723047,2500,2500,800,799,800,800,800,800,2499,2499,2499,2500,2499,2500,800,800,10,0,0,0,0,0,0,100,5,5,0,0,0,0,0,0,172571.88494873047,195386.5460205078,0,404327403520,8589930496,5343387648,114688
9,1791579723057,2500,2500,800,799,800,800,800,800,2499,2499,2499,2500,2499,2500,800,800,10,0,0,0,0,0,0,100,5,5,0,0,0,0,0,0,172572.03729248047,195386.86291503906,0,404327403520,8589930496,5343387648,114688
9,1791579723067,2500,2500,800,799,800,800,800,800,2499,2499,2499,2500,2499,2500,800,800,10,0,0,0,0,0,0,100,5,5,0,0,0,0,0,0,172572.19775390625,195387.17852783203,0,404327403520,8589930496,5343387648,114688
9,1791579723077,2500,2500,800,799,800,800,800,800,2499,2499,2499,2500,2499,2500,800,800,10,0,0,0,0,0,0,100,5,5,0,0,0,0,0,0,172572.35430908203,195387.4966430664,0,404327403520,8589930496,5343387648,114688
9,1791579723087,2500,2500,800,799,800,800,800,800,2499,2499,2499,2500,2499,2500,800,800,0,5,0,0,0,0,0,100,0,0,0,0,0,0,0,0,172572.50994873047,195387.81427001953,0,404327403520,8589930496,5343387648,114688
10,1791579723097,2500,2500,800,799,800,800,800,800,2499,2499,2499,2500,2499,2500,800,800,0,5,0,0,0,0,0,100,0,0,0,0,0,0,0,0,172572.66650390625,195388.12670898438,0,404327403520,8589930496,5343387648,114688
10,1791579723107,2500,2500,800,799,800,800,800,800,2499,2499,2499,2500,2499,2500,800,800,0,5,0,0,0,0,0,100,0,0,0,0,0,0,0,0,172572.81829833984,195388.43908691406,0,404327403520,8589930496,5343387648,114688
9,1791579723118,2500,2500,800,799,800,800,800,800,2499,2499,2499,2500,2499,2500,800,800,0,5,0,0,0,0,0,100,0,0,0,0,0,0,0,0,172572.96936035156,195388.75939941406,0,404327403520,8589930496,5334511616,114688
9,1791579723128,2500,2500,800,799,800,800,800,800,2499,2499,2499,2500,2499,2500,800,800,0,5,0,0,0,0,0,100,0,0,0,0,0,0,0,0,172573.1226196289,195389.076171875,0,404327403520,8589930496,5334511616,114688
9,1791579723138,2500,2500,800,799,800,800,800,800,2499,2499,2499,2500,2499,2500,800,800,0,5,0,0,0,0,0,100,0,0,0,0,0,0,0,0,172573.27532958984,195389.39001464844,0,404327403520,8589930496,5335998464,114688
10,1791579723148,2500,2500,800,799,800,800,800,800,2499,2499,2499,2500,2499,2500,800,800,0,5,0,0,0,0,0,100,0,0,0,0,0,0,0,0,172573.43041992188,195389.7006225586,0,404327403520,8589930496,5337980928,114688
9,1791579723158,2500,2500,800,799,800,800,800,800,2499,2499,2499,2500,2499,2500,800,800,0,5,0,0,0,0,0,100,0,0,0,0,0,0,0,0,172573.5897216797,195390.0131225586,0,404327403520,8589930496,5342441472,114688
9,1791579723168,2500,2500,800,799,800,800,800,800,2499,2499,2499,2500,2499,2500,800,800,0,5,0,0,0,0,0,100,0,0,0,0,0,0,0,0,172573.75708007813,195390.35845947266,0,404327403520,8589930496,5342441472,114688
9,1791579723178,2500,2500,800,799,800,800,800,800,2499,2499,2499,2500,2499,2500,800,800,0,5,0,0,0,0,0,100,0,0,0,0,0,0,0,0,172573.89617919922,195390.63873291016,0,404327403520,8589930496,5350371328,114688
9,1791579723188,2500,2500,800,799,800,800,800,800,2499,2499,2499,2500,2499,2500,800,800,0,5,0,0,0,0,0,100,0,0,0,0,0,0,0,0,172574.07287597656,195390.98779296875,0,404327403520,8589930496,5350371328,114688
9,1791579723198,2500,2500,800,799,800,800,800,800,2499,2499,2499,2500,2499,2500,800,800,0,5,0,0,0,0,0,100,0,0,0,0,0,0,0,0,172574.22650146484,195391.30352783203,0,404327403520,8589930496,5350371328,114688
10,1791579723208,2500,2500,800,799,800,800,800,800,2499,2499,2499,2500,2499,2500,800,800,0,5,0,0,0,0,0,100,0,0,0,0,0,0,0,0,172574.38122558594,195391.6187133789,0,404327403520,8589930496,5350371328,114688
10,1791579723218,2500,2500,800,799,800,800,800,800,2499,2499,2499,2500,2499,2500,800,800,0,5,0,0,0,0,0,100,0,0,0,0,0,0,0,0,172574.53173828125,195391.93029785156,0,404327403520,8589930496,5350371328,114688
9,1791579723228,2500,2500,800,799,800,800,800,800,2499,2499,2499,2500,2499,2500,800,800,0,5,0,0,0,0,0,100,0,0,0,0,0,0,0,0,172574.68719482422,195392.24243164063,0,404327403520,8589930496,5358796800,114688
9,1791579723238,2500,2500,800,799,800,800,800,800,2499,2499,2499,2500,2499,2500,800,800,0,5,0,0,0,0,0,100,0,0,0,0,0,0,0,0,172574.8408203125,195392.56103515625,0,404327403520,8589930496,5358796800,114688
10,1791579723248,2500,2500,800,799,800,800,800,800,2499,2499,2499,2500,2499,2500,800,800,0,5,0,0,0,0,0,100,0,0,0,0,0,0,0,0,172575.0009765625,195392.8759765625,0,404327403520,8589930496,5358796800,114688
9,1791579723259,2500,2500,800,799,800,800,800,800,2499,2499,2499,2500,2499,2500,800,800,0,5,0,0,0,0,0,100,0,0,0,0,0,0,0,0,172575.1538696289,195393.19110107422,0,404327403520,8589930496,5358796800,114688
9,1791579723269,2500,2500,800,799,800,800,800,800,2499,2499,2499,2500,2499,2500,800,800,0,5,0,0,0,0,0,100,0,0,0,0,0,0,0,0,172575.30493164063,195393.5107421875,0,404327403520,8589930496,5358796800,114688
10,1791579723279,2500,2500,800,799,800,800,800,800,2499,2499,2499,2500,2499,2500,800,800,0,5,0,0,0,0,0,100,0,0,0,0,0,0,0,0,172575.45361328125,195393.8270263672,0,404327403520,8589930496,5367222272,114688
9,1791579723289,2500,2500,800,799,800,800,800,800,2499,2499,2499,2500,2499,2500,800,800,5.263157844543457,0,0,0,0,5,0,100,0,0,0,5,0,0,0,0,172575.61053466797,195394.1387939453,0,404327403520,8589930496,5367222272,114688
9,1791579723299,2500,2500,800,799,800,800,800,800,2499,2499,2499,2500,2499,2500,800,800,5.263157844543457,0,0,0,0,5,0,100,0,0,0,5,0,0,0,0,172575.76293945313,195394.45343017578,0,404327403520,8589930496,5367222272,114688
9,1791579723309,2500,2500,800,799,800,800,800,800,2499,2499,2499,2500,2499,2500,800,800,5.263157844543457,0,0,0,0,5,0,100,0,0,0,5,0,0,0,0,172575.9125366211,195394.7655029297,0,404327403520,8589930496,5367222272,114688
9,1791579723319,2500,2500,800,799,800,800,800,800,2499,2499,2499,2500,2499,2500,800,800,5.263157844543457,0,0,0,0,5,0,100,0,0,0,5,0,0,0,0,172576.06964111328,195395.08612060547,0,404327403520,8589930496,5375152128,114688
9,1791579723329,2500,2500,800,799,800,800,800,800,2499,2499,2499,2500,2499,2500,800,800,5.263157844543457,0,0,0,0,5,0,100,0,0,0,5,0,0,0,0,172576.22326660156,195395.40155029297,0,404327403520,8589930496,5375152128,114688
9,1791579723339,2500,2500,800,799,800,800,800,800,2499,2499,2499,2500,2499,2500,800,800,5.263157844543457,0,0,0,0,5,0,100,0,0,0,5,0,0,0,0,172576.3798828125,195395.71502685547,0,404327403520,8589930496,5375152128,114688
9,1791579723349,2500,2500,800,799,800,800,800,800,2499,2499,2499,2500,2499,2500,800,800,5.263157844543457,0,0,0,0,5,0,100,0,0,0,5,0,0,0,0,172576.5492553711,195396.0633544922,0,404327403520,8589930496,5375152128,114688
9,1791579723359,2500,2500,800,799,800,800,800,800,2499,2499,2499,2500,2499,2500,800,800,5.263157844543457,0,0,0,0,5,0,100,0,0,0,5,0,0,0,0,172576.70251464844,195396.37908935547,0,404327403520,8589930496,5376143360,114688
10,1791579723369,2500,2500,800,799,800,800,800,800,2499,2499,2499,2500,2499,2500,800,800,5.263157844543457,0,0,0,0,5,0,100,0,0,0,5,0,0,0,0,172576.84130859375,195396.66564941406,0,404327403520,8589930496,5392003072,114688
9,1791579723379,2500,2500,800,799,800,800,800,800,2499,2499,2499,2500,2499,2500,800,800,5.263157844543457,0,0,0,0,5,0,100,0,0,0,5,0,0,0,0,172577.01013183594,195397.01348876953,0,404327403520,8589930496,5392003072,114688
10,1791579723389,2500,2500,800,799,800,800,800,800,2499,2499,2499,2500,2499,2500,800,800,5.263157844543457,0,0,0,0,5,0,100,0,0,0,5,0,0,0,0,172577.16888427734,195397.29791259766,0,404327403520,8589930496,5392003072,114688
10,1791579723399,2500,2500,800,799,800,800,800,800,2499,2499,2499,2500,2499,2500,800,800,5.263157844543457,0,0,0,0,5,0,100,0,0,0,5,0,0,0,0,172577.3237915039,195397.64349365234,0,404327403520,8589930496,5392003072,114688
10,1791579723409,2500,2500,800,799,800,800,800,800,2499,2499,2499,2500,2499,2500,800,800,5.263157844543457,0,0,0,0,5,0,100,0,0,0,5,0,0,0,0,172577.4800415039,195397.95343017578,0,404327403520,8589930496,5392003072,114688
9,1791579723420,2500,2500,800,799,800,800,800,800,2499,2499,2499,2500,2499,2500,800,800,5.263157844543457,0,0,0,0,5,0,100,0,0,0,5,0,0,0,0,172577.63787841797,195398.26837158203,0,404327403520,8589930496,5399932928,114688
9,1791579723430,2500,2500,800,799,800,800,800,800,2499,2499,2499,2500,2499,2500,800,800,5.263157844543457,0,0,0,0,5,0,100,0,0,0,5,0,0,0,0,172577.79296875,195398.57843017578,0,404327403520,8589930496,5399932928,114688
9,1791579723440,2500,2500,800,799,800,800,800,800,2499,2499,2499,2500,2499,2500,800,800,5.263157844543457,0,0,0,0,5,0,100,0,0,0,5,0,0,0,0,172577.9510498047,195398.89422607422,0,404327403520,8589930496,5399932928,114688
9,1791579723450,2500,2500,800,799,800,800,800,800,2499,2499,2499,2500,2499,2500,800,800,5.263157844543457,0,0,0,0,5,0,100,0,0,0,5,0,0,0,0,172578.1049194336,195399.21014404297,0,404327403520,8589930496,5399932928,114688
9,1791579723460,2500,2500,800,799,800,800,800,800,2499,2499,2499,2500,2499,2500,800,800,5.263157844543457,0,0,0,0,5,0,100,0,0,0,5,0,0,0,0,172578.26251220703,195399.52709960938,0,404327403520,8589930496,5408358400,114688
9,1791579723470,2500,2500,800,799,800,800,800,800,2499,2499,2499,2500,2499,2500,800,800,5.263157844543457,0,0,0,0,5,0,100,0,0,0,5,0,0,0,0,172578.41888427734,195399.84252929688,0,404327403520,8589930496,5408358400,114688
9,1791579723480,2500,2500,800,799,800,800,800,800,2499,2499,2499,2500,2499,2500,800,800,5.263157844543457,0,0,0,0,5,0,100,0,0,0,5,0,0,0,0,172578.56866455078,195400.16271972656,0,404327403520,8589930496,5408358400,114688
9,1791579723490,2500,2500,800,799,800,800,800,800,2499,2499,2499,2500,2499,2500,800,800,5.263157844543457,0,0,0,0,0,0,100,0,0,5,0,0,0,0,0,172578.7244873047,195400.48022460938,0,404327403520,8589930496,5408358400,114688
10,1791579723500,2500,2500,800,799,800,800,800,800,2499,2499,2499,2500,2499,2500,800,800,5.263157844543457,0,0,0,0,0,0,100,0,0,5,0,0,0,0,0,172578.87811279297,195400.7969970703,0,404327403520,8589930496,5408358400,114688
10,1791579723510,2500,2500,800,799,800,800,800,800,2499,2499,2499,2500,2499,2500,800,800,5.263157844543457,0,0,0,0,0,0,100,0,0,5,0,0,0,0,0,172579.03100585938,195401.10809326172,0,404327403520,8589930496,5416783872,114688
9,1791579723520,2500,2500,800,799,800,800,800,800,2499,2499,2499,2500,2499,2500,800,800,5.263157844543457,0,0,0,0,0,0,100,0,0,5,0,0,0,0,0,172579.2007446289,195401.45416259766,0,404327403520,8589930496,5416783872,114688
10,1791579723530,2500,2500,800,799,800,800,800,800,2499,2499,2499,2500,2499,2500,800,800,5.263157844543457,0,0,0,0,0,0,100,0,0,5,0,0,0,0,0,172579.3367919922,195401.74029541016,0,404327403520,8589930496,5416783872,114688
10,1791579723540,2500,2500,800,799,800,800,800,800,2499,2499,2499,2500,2499,2500,800,800,5.263157844543457,0,0,0,0,0,0,100,0,0,5,0,0,0,0,0,172579.490234375,195402.05297851563,0,404327403520,8589930496,5416783872,114688
9,1791579723551,2500,2500,800,799,800,800,800,800,2499,2499,2499,2500,2499,2500,800,800,5.263157844543457,0,0,0,0,0,0,100,0,0,5,0,0,0,0,0,172579.65795898438,195402.3995361328,0,404327403520,8589930496,5416783872,114688
10,1791579723561,2500,2500,800,799,800,800,800,800,2499,2499,2499,2500,2499,2500,800,800,5.263157844543457,0,0,0,0,0,0,100,0,0,5,0,0,0,0,0,172579.81378173828,195402.71453857422,0,404327403520,8589930496,5416783872,114688
9,1791579723571,2500,2500,800,799,800,800,800,800,2499,2499,2499,2500,2499,2500,800,800,5.263157844543457,0,0,0,0,0,0,100,0,0,5,0,0,0,0,0,172579.96795654297,195403.02520751953,0,404327403520,8589930496,5416783872,114688
9,1791579723581,2500,2500,800,799,800,800,800,800,2499,2499,2499,2500,2499,2500,800,800,5.263157844543457,0,0,0,0,0,0,100,0,0,5,0,0,0,0,0,172580.12231445313,195403.3397216797,0,404327403520,8589930496,5416783872,114688
9,1791579723591,2500,2500,800,799,800,800,800,800,2499,2499,2499,2500,2499,2500,800,800,5.263157844543457,0,0,0,0,0,0,100,0,0,5,0,0,0,0,0,172580.27612304688,195403.65350341797,0,404327403520,8589930496,5416783872,114688
9,1791579723601,2500,2500,800,799,800,800,800,800,2499,2499,2499,2500,2499,2500,800,800,5.263157844543457,0,0,0,0,0,0,100,0,0,5,0,0,0,0,0,172580.43048095703,195403.96643066406,0,404327403520,8589930496,5416783872,114688
9,1791579723611,2500,2500,800,799,800,800,800,800,2499,2499,2499,2500,2499,2500,800,800,5.263157844543457,0,0,0,0,0,0,100,0,0,5,0,0,0,0,0,172580.5855102539,195404.2823486328,0,404327403520,8589930496,5416783872,114688
9,1791579723621,2500,2500,800,799,800,800,800,800,2499,2499,2499,2500,2499,2500,800,800,5.263157844543457,0,0,0,0,0,0,100,0,0,5,0,0,0,0,0,172580.73950195313,195404.59692382813,0,404327403520,8589930496,5416783872,114688
9,1791579723631,2500,2500,800,799,800,800,800,800,2499,2499,2499,2500,2499,2500,800,800,5.263157844543457,0,0,0,0,0,0,100,0,0,5,0,0,0,0,0,172580.89764404297,195404.91046142578,0,404327403520,8589930496,5416783872,114688
10,1791579723641,2500,2500,800,799,800,800,800,800,2499,2499,2499,2500,2499,2500,800,800,5.263157844543457,0,0,0,0,0,0,100,0,0,5,0,0,0,0,0,172581.05126953125,195405.22161865234,0,404327403520,8589930496,5416783872,114688
9,1791579723651,2500,2500,800,799,800,800,800,800,2499,2499,2499,2500,2499,2500,800,800,5.263157844543457,0,0,0,0,0,0,100,0,0,5,0,0,0,0,0,172581.20220947266,195405.5399169922,0,404327403520,8589930496,5416783872,114688
10,1791579723661,2500,2500,800,799,800,800,800,800,2499,2499,2499,2500,2499,2500,800,800,5.263157844543457,0,0,0,0,0,0,100,0,0,5,0,0,0,0,0,172581.3543701172,195405.85498046875,0,404327403520,8589930496,5416783872,114688
10,1791579723671,2500,2500,800,799,800,800,800,800,2499,2499,2499,2500,2499,2500,800,800,5.263157844543457,0,0,0,0,0,0,100,0,0,5,0,0,0,0,0,172581.5037841797,195406.16961669922,0,404327403520,8589930496,5416783872,114688
9,1791579723682,2500,2500,800,799,800,800,800,800,2499,2499,2499,2500,2499,2500,800,800,5.263157844543457,0,0,0,0,0,0,100,0,0,5,0,0,0,0,0,172581.66973876953,195406.51208496094,0,404327403520,8589930496,5418270720,114688
9,1791579723692,2500,2500,800,799,800,800,800,800,2499,2499,2499,2500,2499,2500,800,800,5,0,0,0,0,0,0,38.095237731933594,0,0,5,0,0,0,4.761904716491699,70,172581.82061767578,195406.8223876953,0,404327403520,8589930496,5420253184,114688
9,1791579723702,2500,2500,800,799,800,800,800,800,2499,2499,2499,2500,2499,2500,800,800,5,0,0,0,0,0,0,38.095237731933594,0,0,5,0,0,0,4.761904716491699,70,172581.97479248047,195407.13873291016,0,404327403520,8589930496,5424713728,114688
9,1791579723712,2500,2500,800,799,800,800,800,800,2499,2499,2499,2500,2499,2500,800,800,5,0,0,0,0,0,0,38.095237731933594,0,0,5,0,0,0,4.761904716491699,70,172582.12841796875,195407.4483642578,0,404327403520,8589930496,5424713728,114688
9,1791579723722,2500,2500,800,799,800,800,800,800,2499,2499,2499,2500,2499,2500,800,800,5,0,0,0,0,0,0,38.095237731933594,0,0,5,0,0,0,4.761904716491699,70,172582.2816772461,195407.75970458984,0,404327403520,8589930496,5432643584,114688
9,1791579723732,2500,2500,800,799,800,800,800,800,2499,2499,2499,2500,2499,2500,800,800,5,0,0,0,0,0,0,38.095237731933594,0,0,5,0,0,0,4.761904716491699,70,172582.43591308594,195408.07611083984,0,404327403520,8589930496,5432643584,114688
10,1791579723742,2500,2500,800,799,800,800,800,800,2499,2499,2499,2500,2499,2500,800,800,5,0,0,0,0,0,0,38.095237731933594,0,0,5,0,0,0,4.761904716491699,70,172582.58514404297,195408.3935546875,0,404327403520,8589930496,5432643584,114688
9,1791579723752,2500,2500,800,799,800,800,800,800,2499,2499,2499,2500,2499,2500,800,800,5,0,0,0,0,0,0,38.095237731933594,0,0,5,0,0,0,4.761904716491699,70,172582.73858642578,195408.70861816406,0,404327403520,8589930496,5432643584,114688
10,1791579723762,2500,2500,800,799,800,800,800,800,2499,2499,2499,2500,2499,2500,800,800,5,0,0,0,0,0,0,38.095237731933594,0,0,5,0,0,0,4.761904716491699,70,172582.88818359375,195409.02661132813,0,404327403520,8589930496,5441069056,114688
9,1791579723772,2500,2500,800,799,800,800,800,800,2499,2499,2499,2500,2499,2500,800,800,5,0,0,0,0,0,0,38.095237731933594,0,0,5,0,0,0,4.761904716491699,70,172583.03924560547,195409.34381103516,0,404327403520,8589930496,5441069056,114688
9,1791579723782,2500,2500,800,799,800,800,800,800,2499,2499,2499,2500,2499,2500,800,800,5,0,0,0,0,0,0,38.095237731933594,0,0,5,0,0,0,4.761904716491699,70,172583.19415283203,195409.66375732422,0,404327403520,8589930496,5441069056,114688
9,1791579723792,2500,2500,800,799,800,800,800,800,2499,2499,2499,2500,2499,2500,800,800,5,0,0,0,0,0,0,38.095237731933594,0,0,5,0,0,0,4.761904716491699,70,172583.34759521484,195409.97540283203,0,404327403520,8589930496,5441069056,114688
9,1791579723802,2500,2500,800,799,800,800,800,800,2499,2499,2499,2500,2499,2500,800,800,5,0,0,0,0,0,0,38.095237731933594,0,0,5,0,0,0,4.761904716491699,70,172583.50451660156,195410.29180908203,0,404327403520,8589930496,5441069056,114688
10,1791579723812,2500,2500,800,799,800,800,800,800,2499,2499,2499,2500,2499,2500,800,800,5,0,0,0,0,0,0,38.095237731933594,0,0,5,0,0,0,4.761904716491699,70,172583.6561279297,195410.6043701172,0,404327403520,8589930496,5449494528,114688
9,1791579723823,2500,2500,800,799,800,800,800,800,2499,2499,2499,2500,2499,2500,800,800,5,0,0,0,0,0,0,38.095237731933594,0,0,5,0,0,0,4.761904716491699,70,172583.82971191406,195410.9517211914,0,404327403520,8589930496,5449494528,114688
10,1791579723833,2500,2500,800,799,800,800,800,800,2499,2499,2499,2500,2499,2500,800,800,5,0,0,0,0,0,0,38.095237731933594,0,0,5,0,0,0,4.761904716491699,70,172583.96850585938,195411.2338256836,0,404327403520,8589930496,5449494528,114688
9,1791579723843,2500,2500,800,799,800,800,800,800,2499,2499,2499,2500,2499,2500,800,800,5,0,0,0,0,0,0,38.095237731933594,0,0,5,0,0,0,4.761904716491699,70,172584.12103271484,195411.55108642578,0,404327403520,8589930496,5449494528,114688
9,1791579723853,2500,2500,800,799,800,800,800,800,2499,2499,2499,2500,2499,2500,800,800,5,0,0,0,0,0,0,38.095237731933594,0,0,5,0,0,0,4.761904716491699,70,172584.29608154297,195411.90264892578,0,404327403520,8589930496,5457424384,114688
9,1791579723863,2500,2500,800,799,800,800,800,800,2499,2499,2499,2500,2499,2500,800,800,5,0,0,0,0,0,0,38.095237731933594,0,0,5,0,0,0,4.761904716491699,70,172584.44897460938,195412.22119140625,0,404327403520,8589930496,5457424384,114688
9,1791579723873,2500,2500,800,799,800,800,800,800,2499,2499,2499,2500,2499,2500,800,800,5,0,0,0,0,0,0,38.095237731933594,0,0,5,0,0,0,4.761904716491699,70,172584.60571289063,195412.53729248047,0,404327403520,8589930496,5457424384,114688
9,1791579723883,2500,2500,800,799,800,800,800,800,2499,2499,2499,2500,2499,2500,800,800,5,0,0,0,0,0,0,38.095237731933594,0,0,5,0,0,0,4.761904716491699,70,172584.76300048828,195412.8501586914,0,404327403520,8589930496,5457424384,114688
9,1791579723893,2500,2500,800,799,800,800,800,800,2499,2499,2499,2500,2499,2500,800,800,0,0,0,0,0,0,0,0,0,0,0,0,0,0,5,100,172584.92016601563,195413.1632080078,0,404327403520,8589930496,5457424384,114688
9,1791579723903,2500,2500,800,799,800,800,800,800,2499,2499,2499,2500,2499,2500,800,800,0,0,0,0,0,0,0,0,0,0,0,0,0,0,5,100,172585.07263183594,195413.48223876953,0,404327403520,8589930496,5465849856,114688
9,1791579723913,2500,2500,800,799,800,800,800,800,2499,2499,2499,2500,2499,2500,800,800,0,0,0,0,0,0,0,0,0,0,0,0,0,0,5,100,172585.22589111328,195413.80102539063,0,404327403520,8589930496,5465849856,114688
9,1791579723923,2500,2500,800,799,800,800,800,800,2499,2499,2499,2500,2499,2500,800,800,0,0,0,0,0,0,0,0,0,0,0,0,0,0,5,100,172585.38244628906,195414.1173095703,0,404327403520,8589930496,5465849856,114688
10,1791579723933,2500,2500,800,799,800,800,800,800,2499,2499,2499,2500,2499,2500,800,800,0,0,0,0,0,0,0,0,0,0,0,0,0,0,5,100,172585.53186035156,195414.4447631836,0,404327403520,8589930496,5465849856,114688
10,1791579723943,2500,2500,800,799,800,800,800,800,2499,2499,2499,2500,2499,2500,800,800,0,0,0,0,0,0,0,0,0,0,0,0,0,0,5,100,172585.6885986328,195414.7534790039,0,404327403520,8589930496,5474275328,114688
9,1791579723954,2500,2500,800,799,800,800,800,800,2499,2499,2499,2500,2499,2500,800,800,0,0,0,0,0,0,0,0,0,0,0,0,0,0,5,100,172585.8448486328,195415.07061767578,0,404327403520,8589930496,5474275328,114688
9,1791579723964,2500,2500,800,799,800,800,800,800,2499,2499,2499,2500,2499,2500,800,800,0,0,0,0,0,0,0,0,0,0,0,0,0,0,5,100,172586.00213623047,195415.384765625,0,404327403520,8589930496,5474275328,114688
9,1791579723974,2500,2500,800,799,800,800,800,800,2499,2499,2499,2500,2499,2500,800,800,0,0,0,0,0,0,0,0,0,0,0,0,0,0,5,100,172586.158203125,195415.70831298828,0,404327403520,8589930496,5474275328,114688
9,1791579723984,2500,2500,800,799,800,800,800,800,2499,2499,2499,2500,2499,2500,800,800,0,0,0,0,0,0,0,0,0,0,0,0,0,0,5,100,172586.31079101563,195416.02673339844,0,404327403520,8589930496,5474275328,114688
9,1791579723994,2500,2500,800,799,800,800,800,800,2499,2499,2499,2500,2499,2500,800,800,0,0,0,0,0,0,0,0,0,0,0,0,0,0,5,100,172586.46368408203,195416.3428955078,0,404327403520,8589930496,5482205184,114688
9,1791579724004,2500,2500,800,799,800,800,800,800,2499,2499,2499,2500,2499,2500,800,800,0,0,0,0,0,0,0,0,0,0,0,0,0,0,5,100,172586.61822509766,195416.65655517578,0,404327403520,8589930496,5482205184,114688
9,1791579724014,2500,2500,800,799,800,800,800,800,2499,2499,2499,2500,2499,2500,800,800,0,0,0,0,0,0,0,0,0,0,0,0,0,0,5,100,172586.7879638672,195416.9970703125,0,404327403520,8589930496,5482205184,114688
9,1791579724024,2500,2500,800,799,800,800,800,800,2499,2499,2499,2500,2499,2500,800,800,0,0,0,0,0,0,0,0,0,0,0,0,0,0,5,100,172586.935546875,195417.30725097656,0,404327403520,8589930496,5482205184,114688
10,1791579724034,2500,2500,800,799,800,800,800,800,2499,2499,2499,2500,2499,2500,800,800,0,0,0,0,0,0,0,0,0,0,0,0,0,0,5,100,172587.087890625,195417.62365722656,0,404327403520,8589930496,5490630656,114688
10,1791579724044,2500,2500,800,799,800,800,800,800,2499,2499,2499,2500,2499,2500,800,800,0,0,0,0,0,0,0,0,0,0,0,0,0,0,5,100,172587.23767089844,195417.93780517578,0,404327403520,8589930496,5490630656,114688
9,1791579724054,2500,2500,800,799,800,800,800,800,2499,2499,2499,2500,2499,2500,800,800,0,0,0,0,0,0,0,0,0,0,0,0,0,0,5,100,172587.3931274414,195418.24853515625,0,404327403520,8589930496,5490630656,114688
10,1791579724064,2500,2500,800,799,800,800,800,800,2499,2499,2499,2500,2499,2500,800,800,0,0,0,0,0,0,0,0,0,0,0,0,0,0,5,100,172587.54858398438,195418.56414794922,0,404327403520,8589930496,5490630656,114688
10,1791579724074,2500,2500,800,799,800,800,800,800,2499,2499,2499,2500,2499,2500,800,800,0,0,0,0,0,0,0,0,0,0,0,0,0,0,5,100,172587.70483398438,195418.87603759766,0,404327403520,8589930496,5499097088,114688
10,1791579724084,2500,2500,800,799,800,800,800,800,2499,2499,2499,2500,2499,2500,800,800,0,0,0,0,0,0,0,0,0,0,0,0,0,0,5,100,172587.86138916016,195419.19049072266,0,404327403520,8589930496,5499097088,114688
9,1791579724095,2500,2500,800,799,800,800,800,800,2499,2499,2499,2500,2499,2500,800,800,5.263157844543457,0,0,0,0,0,5,9.523809432983398,0,0,0,0,0,0,0,100,172588.01721191406,195419.50036621094,0,404327403520,8589930496,5499097088,114688
9,1791579724105,2500,2500,800,799,800,800,800,800,2499,2499,2499,2500,2499,2500,800,800,5.263157844543457,0,0,0,0,0,5,9.523809432983398,0,0,0,0,0,0,0,100,172588.17193603516,195419.78515625,0,404327403520,8589930496,5499097088,114688
9,1791579724115,2500,2500,800,799,800,800,800,800,2499,2499,2499,2500,2499,2500,800,800,5.263157844543457,0,0,0,0,0,5,9.523809432983398,0,0,0,0,0,0,0,100,172588.32537841797,195420.13665771484,0,404327403520,8589930496,5499097088,114688
9,1791579724125,2500,2500,800,799,800,800,800,800,2499,2499,2499,2500,2499,2500,800,800,5.263157844543457,0,0,0,0,0,5,9.523809432983398,0,0,0,0,0,0,0,100,172588.48046875,195420.4496459961,0,404327403520,8589930496,5507026944,114688
9,1791579724135,2500,2500,800,799,800,800,800,800,2499,2499,2499,2500,2499,2500,800,800,5.263157844543457,0,0,0,0,0,5,9.523809432983398,0,0,0,0,0,0,0,100,172588.63702392578,195420.7677001953,0,404327403520,8589930496,5505736704,114688
9,1791579724145,2500,2500,800,799,800,800,800,800,2499,2499,2499,2500,2499,2500,800,800,5.263157844543457,0,0,0,0,0,5,9.523809432983398,0,0,0,0,0,0,0,100,172588.78424072266,195421.08221435547,0,404327403520,8589930496,5497851904,114688
9,1791579724155,2500,2500,800,799,800,800,800,800,2499,2499,2499,2500,2499,2500,800,800,5.263157844543457,0,0,0,0,0,5,9.523809432983398,0,0,0,0,0,0,0,100,172588.94427490234,195421.39233398438,0,404327403520,8589930496,5497851904,114688
9,1791579724165,2500,2500,800,799,800,800,800,800,2499,2499,2499,2500,2499,2500,800,800,5.263157844543457,0,0,0,0,0,5,9.523809432983398,0,0,0,0,0,0,0,100,172589.09716796875,195421.7041015625,0,404327403520,8589930496,5505781760,114688
9,1791579724175,2500,2500,800,799,800,800,800,800,2499,2499,2499,2500,2499,2500,800,800,5.263157844543457,0,0,0,0,0,5,9.523809432983398,0,0,0,0,0,0,0,100,172589.2667236328,195422.0528564453,0,404327403520,8589930496,5505781760,114688
9,1791579724185,2500,2500,800,799,800,800,800,800,2499,2499,2499,2500,2499,2500,800,800,5.263157844543457,0,0,0,0,0,5,9.523809432983398,0,0,0,0,0,0,0,100,172589.41888427734,195422.36614990234,0,404327403520,8589930496,5505781760,114688
9,1791579724195,2500,2500,800,799,800,800,800,800,2499,2499,2499,2500,2499,2500,800,800,5.263157844543457,0,0,0,0,0,5,9.523809432983398,0,0,0,0,0,0,0,100,172589.56915283203,195422.6821899414,0,404327403520,8589930496,5505781760,114688
10,1791579724205,2500,2500,800,799,800,800,800,800,2499,2499,2499,2500,2499,2500,800,800,5.263157844543457,0,0,0,0,0,5,9.523809432983398,0,0,0,0,0,0,0,100,172589.72589111328,195423.0001220703,0,404327403520,8589930496,5505781760,114688
9,1791579724215,2500,2500,800,799,800,800,800,800,2499,2499,2499,2500,2499,2500,800,800,5.263157844543457,0,0,0,0,0,5,9.523809432983398,0,0,0,0,0,0,0,100,172589.8784790039,195423.31518554688,0,404327403520,8589930496,5514207232,114688
9,1791579724225,2500,2500,800,799,800,800,800,800,2499,2499,2499,2500,2499,2500,800,800,5.263157844543457,0,0,0,0,0,5,9.523809432983398,0,0,0,0,0,0,0,100,172590.0307006836,195423.6319580078,0,404327403520,8589930496,5514207232,114688
9,1791579724236,2500,2500,800,799,800,800,800,800,2499,2499,2499,2500,2499,2500,800,800,5.263157844543457,0,0,0,0,0,5,9.523809432983398,0,0,0,0,0,0,0,100,172590.18688964844,195423.95178222656,0,404327403520,8589930496,5514207232,114688
9,1791579724246,2500,2500,800,799,800,800,800,800,2499,2499,2499,2500,2499,2500,800,800,5.263157844543457,0,0,0,0,0,5,9.523809432983398,0,0,0,0,0,0,0,100,172590.34661865234,195424.2671508789,0,404327403520,8589930496,5514207232,114688
9,1791579724256,2500,2500,800,799,800,800,800,800,2499,2499,2499,2500,2499,2500,800,800,5.263157844543457,0,0,0,0,0,5,9.523809432983398,0,0,0,0,0,0,0,100,172590.50079345703,195424.5831298828,0,404327403520,8589930496,5514207232,114688
9,1791579724266,2500,2500,800,799,800,800,800,800,2499,2499,2499,2500,2499,2500,800,800,5.263157844543457,0,0,0,0,0,5,9.523809432983398,0,0,0,0,0,0,0,100,172590.65496826172,195424.89453125,0,404327403520,8589930496,5522137088,114688
9,1791579724276,2500,2500,800,799,800,800,800,800,2499,2499,2499,2500,2499,2500,800,800,5.263157844543457,0,0,0,0,0,5,9.523809432983398,0,0,0,0,0,0,0,100,172590.80822753906,195425.20922851563,0,404327403520,8589930496,5522137088,114688
9,1791579724286,2500,2500,800,799,800,800,800,800,2499,2499,2499,2500,2499,2500,800,800,5.263157844543457,0,0,0,0,0,5,9.523809432983398,0,0,0,0,0,0,0,100,172590.95819091797,195425.52307128906,0,404327403520,8589930496,5522137088,114688
9,1791579724296,2500,2500,800,799,800,800,800,800,2499,2499,2499,2500,2499,2500,800,800,0,0,0,0,0,0,0,5.263157844543457,0,5,0,5,5,0,0,100,172591.11126708984,195425.8349609375,0,404327403520,8589930496,5522137088,114688
9,1791579724306,2500,2500,800,799,800,800,800,800,2499,2499,2499,2500,2499,2500,800,800,0,0,0,0,0,0,0,5.263157844543457,0,5,0,5,5,0,0,100,172591.2631225586,195426.15069580078,0,404327403520,8589930496,5530562560,114688
9,1791579724316,2500,2500,800,799,800,800,800,800,2499,2499,2499,2500,2499,2500,800,800,0,0,0,0,0,0,0,5.263157844543457,0,5,0,5,5,0,0,100,172591.4119873047,195426.4683227539,0,404327403520,8589930496,5530562560,114688
9,1791579724326,2500,2500,800,799,800,800,800,800,2499,2499,2499,2500,2499,2500,800,800,0,0,0,0,0,0,0,5.263157844543457,0,5,0,5,5,0,0,100,172591.5659790039,195426.78704833984,0,404327403520,8589930496,5530562560,114688
9,1791579724336,2500,2500,800,799,800,800,800,800,2499,2499,2499,2500,2499,2500,800,800,0,0,0,0,0,0,0,5.263157844543457,0,5,0,5,5,0,0,100,172591.71905517578,195427.10571289063,0,404327403520,8589930496,5530562560,114688
9,1791579724346,2500,2500,800,799,800,800,800,800,2499,2499,2499,2500,2499,2500,800,800,0,0,0,0,0,0,0,5.263157844543457,0,5,0,5,5,0,0,100,172591.8900756836,195427.45794677734,0,404327403520,8589930496,5530562560,114688
10,1791579724356,2500,2500,800,799,800,800,800,800,2499,2499,2499,2500,2499,2500,800,800,0,0,0,0,0,0,0,5.263157844543457,0,5,0,5,5,0,0,100,172592.0435180664,195427.76977539063,0,404327403520,8589930496,5538988032,114688
9,1791579724366,2500,2500,800,799,800,800,800,800,2499,2499,2499,2500,2499,2500,800,800,0,0,0,0,0,0,0,5.263157844543457,0,5,0,5,5,0,0,100,172592.1971435547,195428.08752441406,0,404327403520,8589930496,5538988032,114688
9,1791579724377,2500,2500,800,799,800,800,800,800,2499,2499,2499,2500,2499,2500,800,800,0,0,0,0,0,0,0,5.263157844543457,0,5,0,5,5,0,0,100,172592.34967041016,195428.40228271484,0,404327403520,8589930496,5538988032,114688
9,1791579724387,2500,2500,800,799,800,800,800,800,2499,2499,2499,2500,2499,2500,800,800,0,0,0,0,0,0,0,5.263157844543457,0,5,0,5,5,0,0,100,172592.50549316406,195428.7178955078,0,404327403520,8589930496,5538988032,114688
9,1791579724397,2500,2500,800,799,800,800,800,800,2499,2499,2499,2500,2499,2500,800,800,0,0,0,0,0,0,0,5.263157844543457,0,5,0,5,5,0,0,100,172592.65966796875,195429.0321044922,0,404327403520,8589930496,5546917888,114688
9,1791579724407,2500,2500,800,799,800,800,800,800,2499,2499,2499,2500,2499,2500,800,800,0,0,0,0,0,0,0,5.263157844543457,0,5,0,5,5,0,0,100,172592.81127929688,195429.34442138672,0,404327403520,8589930496,5546917888,114688
10,1791579724417,2500,2500,800,799,800,800,800,800,2499,2499,2499,2500,2499,2500,800,800,0,0,0,0,0,0,0,5.263157844543457,0,5,0,5,5,0,0,100,172592.96801757813,195429.6610107422,0,404327403520,8589930496,5546917888,114688
9,1791579724427,2500,2500,800,799,800,800,800,800,2499,2499,2499,2500,2499,2500,800,800,0,0,0,0,0,0,0,5.263157844543457,0,5,0,5,5,0,0,100,172593.12329101563,195429.97094726563,0,404327403520,8589930496,5546917888,114688
9,1791579724437,2500,2500,800,799,800,800,800,800,2499,2499,2499,2500,2499,2500,800,800,0,0,0,0,0,0,0,5.263157844543457,0,5,0,5,5,0,0,100,172593.27362060547,195430.2846069336,0,404327403520,8589930496,5554847744,114688
9,1791579724447,2500,2500,800,799,800,800,800,800,2499,2499,2499,2500,2499,2500,800,800,0,0,0,0,0,0,0,5.263157844543457,0,5,0,5,5,0,0,100,172593.43182373047,195430.6014404297,0,404327403520,8589930496,5555343360,114688
9,1791579724457,2500,2500,800,799,800,800,800,800,2499,2499,2499,2500,2499,2500,800,800,0,0,0,0,0,0,0,5.263157844543457,0,5,0,5,5,0,0,100,172593.58825683594,195430.91925048828,0,404327403520,8589930496,5555343360,114688
9,1791579724467,2500,2500,800,799,800,800,800,800,2499,2499,2499,2500,2499,2500,800,800,0,0,0,0,0,0,0,5.263157844543457,0,5,0,5,5,0,0,100,172593.744140625,195431.2348022461,0,404327403520,8589930496,5555343360,114688
10,1791579724477,2500,2500,800,799,800,800,800,800,2499,2499,2499,2500,2499,2500,800,800,0,0,0,0,0,0,0,5.263157844543457,0,5,0,5,5,0,0,100,172593.9028930664,195431.5521850586,0,404327403520,8589930496,5555343360,114688
9,1791579724487,2500,2500,800,799,800,800,800,800,2499,2499,2499,2500,2499,2500,800,800,0,0,0,0,0,0,0,5.263157844543457,0,5,0,5,5,0,0,100,172594.07684326172,195431.89404296875,0,404327403520,8589930496,5563768832,114688
9,1791579724497,2500,2500,800,799,800,800,800,800,2499,2499,2499,2500,2499,2500,800,800,5,0,0,0,0,0,0,5,5,0,0,0,0,0,0,100,172594.2357788086,195432.20587158203,0,404327403520,8589930496,5563768832,114688
10,1791579724507,2500,2500,800,799,800,800,800,800,2499,2499,2499,2500,2499,2500,800,800,5,0,0,0,0,0,0,5,5,0,0,0,0,0,0,100,172594.37475585938,195432.4891357422,0,404327403520,8589930496,5563768832,114688
9,1791579724518,2500,2500,800,799,800,800,800,800,2499,2499,2499,2500,2499,2500,800,800,5,0,0,0,0,0,0,5,5,0,0,0,0,0,0,100,172594.55072021484,195432.8388671875,0,404327403520,8589930496,5563768832,114688
9,1791579724528,2500,2500,800,799,800,800,800,800,2499,2499,2499,2500,2499,2500,800,800,5,0,0,0,0,0,0,5,5,0,0,0,0,0,0,100,172594.70581054688,195433.1524658203,0,404327403520,8589930496,5571698688,114688
9,1791579724538,2500,2500,800,799,800,800,800,800,2499,2499,2499,2500,2499,2500,800,800,5,0,0,0,0,0,0,5,5,0,0,0,0,0,0,100,172594.857421875,195433.46392822266,0,404327403520,8589930496,5571698688,114688
9,1791579724548,2500,2500,800,799,800,800,800,800,2499,2499,2499,2500,2499,2500,800,800,5,0,0,0,0,0,0,5,5,0,0,0,0,0,0,100,172595.00915527344,195433.77758789063,0,404327403520,8589930496,5571698688,114688
10,1791579724558,2500,2500,800,799,800,800,800,800,2499,2499,2499,2500,2499,2500,800,800,5,0,0,0,0,0,0,5,5,0,0,0,0,0,0,100,172595.16577148438,195434.08587646484,0,404327403520,8589930496,5571698688,114688
9,1791579724568,2500,2500,800,799,800,800,800,800,2499,2499,2499,2500,2499,2500,800,800,5,0,0,0,0,0,0,5,5,0,0,0,0,0,0,100,172595.3197631836,195434.40118408203,0,404327403520,8589930496,5571698688,114688
9,1791579724578,2500,2500,800,799,800,800,800,800,2499,2499,2499,2500,2499,2500,800,800,5,0,0,0,0,0,0,5,5,0,0,0,0,0,0,100,172595.4737548828,195434.71405029297,0,404327403520,8589930496,5580124160,114688
9,1791579724588,2500,2500,800,799,800,800,800,800,2499,2499,2499,2500,2499,2500,800,800,5,0,0,0,0,0,0,5,5,0,0,0,0,0,0,100,172595.6297607422,195435.03143310547,0,404327403520,8589930496,5580124160,114688
9,1791579724598,2500,2500,800,799,800,800,800,800,2499,2499,2499,2500,2499,2500,800,800,5,0,0,0,0,0,0,5,5,0,0,0,0,0,0,100,172595.7846069336,195435.34674072266,0,404327403520,8589930496,5580124160,114688
9,1791579724608,2500,2500,800,799,800,800,800,800,2499,2499,2499,2500,2499,2500,800,800,5,0,0,0,0,0,0,5,5,0,0,0,0,0,0,100,172595.93786621094,195435.66009521484,0,404327403520,8589930496,5580124160,114688
9,1791579724618,2500,2500,800,799,800,800,800,800,2499,2499,2499,2500,2499,2500,800,800,5,0,0,0,0,0,0,5,5,0,0,0,0,0,0,100,172596.09185791016,195435.9754638672,0,404327403520,8589930496,5588549632,114688
10,1791579724628,2500,2500,800,799,800,800,800,800,2499,2499,2499,2500,2499,2500,800,800,5,0,0,0,0,0,0,5,5,0,0,0,0,0,0,100,172596.24743652344,195436.28259277344,0,404327403520,8589930496,5588549632,114688
9,1791579724638,2500,2500,800,799,800,800,800,800,2499,2499,2499,2500,2499,2500,800,800,5,0,0,0,0,0,0,5,5,0,0,0,0,0,0,100,172596.4175415039,195436.63244628906,0,404327403520,8589930496,5588549632,114688
9,1791579724648,2500,2500,800,799,800,800,800,800,2499,2499,2499,2500,2499,2500,800,800,5,0,0,0,0,0,0,5,5,0,0,0,0,0,0,100,172596.5576171875,195436.91595458984,0,404327403520,8589930496,5588549632,114688
9,1791579724659,2500,2500,800,799,800,800,800,800,2499,2499,2499,2500,2499,2500,800,800,5,0,0,0,0,0,0,5,5,0,0,0,0,0,0,100,172596.7299194336,195437.26708984375,0,404327403520,8589930496,5588549632,114688
9,1791579724669,2500,2500,800,799,800,800,800,800,2499,2499,2499,2500,2499,2500,800,800,5,0,0,0,0,0,0,5,5,0,0,0,0,0,0,100,172596.88623046875,195437.58135986328,0,404327403520,8589930496,5596479488,114688
9,1791579724679,2500,2500,800,799,800,800,800,800,2499,2499,2499,2500,2499,2500,800,800,5,0,0,0,0,0,0,5,5,0,0,0,0,0,0,100,172597.03875732422,195437.86840820313,0,404327403520,8589930496,5596479488,114688
10,1791579724689,2500,2500,800,799,800,800,800,800,2499,2499,2499,2500,2499,2500,800,800,5,0,0,0,0,0,0,5,5,0,0,0,0,0,0,100,172597.18359375,195438.21514892578,0,404327403520,8589930496,5596479488,114688
10,1791579724699,2500,2500,800,799,800,800,800,800,2499,2499,2499,2500,2499,2500,800,800,5.263157844543457,0,0,0,0,0,0,10,0,0,0,0,0,0,0,100,172597.33978271484,195438.53399658203,0,404327403520,8589930496,5596479488,114688
9,1791579724709,2500,2500,800,799,800,800,800,800,2499,2499,2499,2500,2499,2500,800,800,5.263157844543457,0,0,0,0,0,0,10,0,0,0,0,0,0,0,100,172597.4989013672,195438.85119628906,0,404327403520,8589930496,5604904960,114688
9,1791579724719,2500,2500,800,799,800,800,800,800,2499,2499,2499,2500,2499,2500,800,800,5.263157844543457,0,0,0,0,0,0,10,0,0,0,0,0,0,0,100,172597.65893554688,195439.16998291016,0,404327403520,8589930496,5604904960,114688
9,1791579724729,2500,2500,800,799,800,800,800,800,2499,2499,2499,2500,2499,2500,800,800,5.263157844543457,0,0,0,0,0,0,10,0,0,0,0,0,0,0,100,172597.81842041016,195439.48468017578,0,404327403520,8589930496,5604904960,114688
10,1791579724739,2500,2500,800,799,800,800,800,800,2499,2499,2499,2500,2499,2500,800,800,5.263157844543457,0,0,0,0,0,0,10,0,0,0,0,0,0,0,100,172597.97369384766,195439.79876708984,0,404327403520,8589930496,5604904960,114688
9,1791579724749,2500,2500,800,799,800,800,800,800,2499,2499,2499,2500,2499,2500,800,800,5.263157844543457,0,0,0,0,0,0,10,0,0,0,0,0,0,0,100,172598.12286376953,195440.11572265625,0,404327403520,8589930496,5613330432,114688
9,1791579724759,2500,2500,800,799,800,800,800,800,2499,2499,2499,2500,2499,2500,800,800,5.263157844543457,0,0,0,0,0,0,10,0,0,0,0,0,0,0,100,172598.27282714844,195440.43133544922,0,404327403520,8589930496,5613330432,114688
10,1791579724769,2500,2500,800,799,800,800,800,800,2499,2499,2499,2500,2499,2500,800,800,5.263157844543457,0,0,0,0,0,0,10,0,0,0,0,0,0,0,100,172598.42645263672,195440.74713134766,0,404327403520,8589930496,5613330432,114688
10,1791579724779,2500,2500,800,799,800,800,800,800,2499,2499,2499,2500,2499,2500,800,800,5.263157844543457,0,0,0,0,0,0,10,0,0,0,0,0,0,0,100,172598.57806396484,195441.06256103516,0,404327403520,8589930496,5613330432,114688
9,1791579724789,2500,2500,800,799,800,800,800,800,2499,2499,2499,2500,2499,2500,800,800,5.263157844543457,0,0,0,0,0,0,10,0,0,0,0,0,0,0,100,172598.73663330078,195441.37994384766,0,404327403520,8589930496,5613330432,114688
9,1791579724800,2500,2500,800,799,800,800,800,800,2499,2499,2499,2500,2499,2500,800,800,5.263157844543457,0,0,0,0,0,0,10,0,0,0,0,0,0,0,100,172598.8887939453,195441.6954345703,0,404327403520,8589930496,5621260288,114688
9,1791579724810,2500,2500,800,799,800,800,800,800,2499,2499,2499,2500,2499,2500,800,800,5.263157844543457,0,0,0,0,0,0,10,0,0,0,0,0,0,0,100,172599.0418701172,195442.01171875,0,404327403520,8589930496,5621260288,114688
9,1791579724820,2500,2500,800,799,800,800,800,800,2499,2499,2499,2500,2499,2500,800,800,5.263157844543457,0,0,0,0,0,0,10,0,0,0,0,0,0,0,100,172599.21380615234,195442.32360839844,0,404327403520,8589930496,5621260288,114688
9,1791579724830,2500,2500,800,799,800,800,800,800,2499,2499,2499,2500,2499,2500,800,800,5.263157844543457,0,0,0,0,0,0,10,0,0,0,0,0,0,0,100,172599.3667602539,195442.66662597656,0,404327403520,8589930496,5621260288,114688
9,1791579724840,2500,2500,800,799,800,800,800,800,2499,2499,2499,2500,2499,2500,800,800,5.263157844543457,0,0,0,0,0,0,10,0,0,0,0,0,0,0,100,172599.5209350586,195442.97717285156,0,404327403520,8589930496,5629685760,114688
9,1791579724850,2500,2500,800,799,800,800,800,800,2499,2499,2499,2500,2499,2500,800,800,5.263157844543457,0,0,0,0,0,0,10,0,0,0,0,0,0,0,100,172599.67364501953,195443.29229736328,0,404327403520,8589930496,5629685760,114688
9,1791579724860,2500,2500,800,799,800,800,800,800,2499,2499,2499,2500,2499,2500,800,800,5.263157844543457,0,0,0,0,0,0,10,0,0,0,0,0,0,0,100,172599.82836914063,195443.60711669922,0,404327403520,8589930496,5629685760,114688
9,1791579724870,2500,2500,800,799,800,800,800,800,2499,2499,2499,2500,2499,2500,800,800,5.263157844543457,0,0,0,0,0,0,10,0,0,0,0,0,0,0,100,172599.9825439453,195443.9237060547,0,404327403520,8589930496,5629685760,114688
10,1791579724880,2500,2500,800,799,800,800,800,800,2499,2499,2499,2500,2499,2500,800,800,5.263157844543457,0,0,0,0,0,0,10,0,0,0,0,0,0,0,100,172600.14031982422,195444.2354736328,0,404327403520,8589930496,5638111232,114688
9,1791579724890,2500,2500,800,799,800,800,800,800,2499,2499,2499,2500,2499,2500,800,800,5.263157844543457,0,0,0,0,0,0,10,0,0,0,0,0,0,0,100,172600.29174804688,195444.55517578125,0,404327403520,8589930496,5646041088,114688
9,1791579724900,2500,2500,800,799,800,800,800,800,2499,2499,2499,2500,2499,2500,800,800,5.263157844543457,5,0,0,0,0,0,9.523809432983398,0,0,0,0,0,0,0,100,172600.44354248047,195444.86651611328,0,404327403520,8589930496,5646041088,114688
10,1791579724910,2500,2500,800,799,800,800,800,800,2499,2499,2499,2500,2499,2500,800,800,5.263157844543457,5,0,0,0,0,0,9.523809432983398,0,0,0,0,0,0,0,100,172600.59643554688,195445.18200683594,0,404327403520,8589930496,5646041088,114688
10,1791579724920,2500,2500,800,799,800,800,800,800,2499,2499,2499,2500,2499,2500,800,800,5.263157844543457,5,0,0,0,0,0,9.523809432983398,0,0,0,0,0,0,0,100,172600.74548339844,195445.50689697266,0,404327403520,8589930496,5646041088,114688
9,1791579724930,2500,2500,800,799,800,800,800,800,2499,2499,2499,2500,2499,2500,800,800,5.263157844543457,5,0,0,0,0,0,9.523809432983398,0,0,0,0,0,0,0,100,172600.8998413086,195445.8189086914,0,404327403520,8589930496,5654466560,114688
9,1791579724940,2500,2500,800,799,800,800,800,800,2499,2499,2499,2500,2499,2500,800,800,5.263157844543457,5,0,0,0,0,0,9.523809432983398,0,0,0,0,0,0,0,100,172601.05639648438,195446.12969970703,0,404327403520,8589930496,5654466560,114688
9,1791579724951,2500,2500,800,799,800,800,800,800,2499,2499,2499,2500,2499,2500,800,800,5.263157844543457,5,0,0,0,0,0,9.523809432983398,0,0,0,0,0,0,0,100,172601.20892333984,195446.45709228516,0,404327403520,8589930496,5654466560,114688
10,1791579724961,2500,2500,800,799,800,800,800,800,2499,2499,2499,2500,2499,2500,800,800,5.263157844543457,5,0,0,0,0,0,9.523809432983398,0,0,0,0,0,0,0,100,172601.36602783203,195446.76403808594,0,404327403520,8589930496,5654466560,114688
9,1791579724971,2500,2500,800,799,800,800,800,800,2499,2499,2499,2500,2499,2500,800,800,5.263157844543457,5,0,0,0,0,0,9.523809432983398,0,0,0,0,0,0,0,100,172601.5191040039,195447.0831298828,0,404327403520,8589930496,5654466560,114688
9,1791579724981,2500,2500,800,799,800,800,800,800,2499,2499,2499,2500,2499,2500,800,800,5.263157844543457,5,0,0,0,0,0,9.523809432983398,0,0,0,0,0,0,0,100,172601.67510986328,195447.39428710938,0,404327403520,8589930496,5662892032,114688
9,1791579724991,2500,2500,800,799,800,800,800,800,2499,2499,2499,2500,2499,2500,800,800,5.263157844543457,5,0,0,0,0,0,9.523809432983398,0,0,0,0,0,0,0,100,172601.83331298828,195447.70623779297,0,404327403520,8589930496,5662892032,114688
9,1791579725001,2500,2500,800,799,800,800,800,800,2499,2499,2499,2500,2499,2500,800,800,5.263157844543457,5,0,0,0,0,0,9.523809432983398,0,0,0,0,0,0,0,100,172601.9838256836,195448.02404785156,0,404327403520,8589930496,5662892032,114688
9,1791579725011,2500,2500,800,799,800,800,800,800,2499,2499,2499,2500,2499,2500,800,800,5.263157844543457,5,0,0,0,0,0,9.523809432983398,0,0,0,0,0,0,0,100,172602.15704345703,195448.36846923828,0,404327403520,8589930496,5662892032,114688
10,1791579725021,2500,2500,800,799,800,800,800,800,2499,2499,2499,2500,2499,2500,800,800,5.263157844543457,5,0,0,0,0,0,9.523809432983398,0,0,0,0,0,0,0,100,172602.29583740234,195448.6583251953,0,404327403520,8589930496,5670821888,114688
9,1791579725031,2500,2500,800,799,800,800,800,800,2499,2499,2499,2500,2499,2500,800,800,5.263157844543457,5,0,0,0,0,0,9.523809432983398,0,0,0,0,0,0,0,100,172602.4672241211,195448.99389648438,0,404327403520,8589930496,5670821888,114688
9,1791579725041,2500,2500,800,799,800,800,800,800,2499,2499,2499,2500,2499,2500,800,800,5.263157844543457,5,0,0,0,0,0,9.523809432983398,0,0,0,0,0,0,0,100,172602.62048339844,195449.3129272461,0,404327403520,8589930496,5670821888,114688
9,1791579725051,2500,2500,800,799,800,800,800,800,2499,2499,2499,2500,2499,2500,800,800,5.263157844543457,5,0,0,0,0,0,9.523809432983398,0,0,0,0,0,0,0,100,172602.77612304688,195449.6361694336,0,404327403520,8589930496,5670821888,114688
9,1791579725061,2500,2500,800,799,800,800,800,800,2499,2499,2499,2500,2499,2500,800,800,5.263157844543457,5,0,0,0,0,0,9.523809432983398,0,0,0,0,0,0,0,100,172602.9359741211,195449.9486694336,0,404327403520,8589930496,5679247360,114688
9,1791579725071,2500,2500,800,799,800,800,800,800,2499,2499,2499,2500,2499,2500,800,800,5.263157844543457,5,0,0,0,0,0,9.523809432983398,0,0,0,0,0,0,0,100,172603.08923339844,195450.27319335938,0,404327403520,8589930496,5679247360,114688
10,1791579725081,2500,2500,800,799,800,800,800,800,2499,2499,2499,2500,2499,2500,800,800,5.263157844543457,5,0,0,0,0,0,9.523809432983398,0,0,0,0,0,0,0,100,172603.24102783203,195450.58654785156,0,404327403520,8589930496,5679247360,114688
9,1791579725092,2500,2500,800,799,800,800,800,800,2499,2499,2499,2500,2499,2500,800,800,5.263157844543457,5,0,0,0,0,0,9.523809432983398,0,0,0,0,0,0,0,100,172603.3930053711,195450.90771484375,0,404327403520,8589930496,5679247360,114688
9,1791579725102,2500,2500,800,799,800,800,800,800,2499,2499,2499,2500,2499,2500,800,800,5,0,0,0,4.761904716491699,0,0,0,0,0,0,0,0,0,0,100,172603.54425048828,195451.22039794922,0,404327403520,8589930496,5670928384,114688
9,1791579725112,2500,2500,800,799,800,800,800,800,2499,2499,2499,2500,2499,2500,800,800,5,0,0,0,4.761904716491699,0,0,0,0,0,0,0,0,0,0,100,172603.69659423828,195451.53369140625,0,404327403520,8589930496,5678858240,114688
9,1791579725122,2500,2500,800,799,800,800,800,800,2499,2499,2499,2500,2499,2500,800,800,5,0,0,0,4.761904716491699,0,0,0,0,0,0,0,0,0,0,100,172603.85186767578,195451.84893798828,0,404327403520,8589930496,5678858240,114688
9,1791579725132,2500,2500,800,799,800,800,800,800,2499,2499,2499,2500,2499,2500,800,800,5,0,0,0,4.761904716491699,0,0,0,0,0,0,0,0,0,0,100,172604.0069580078,195452.1630859375,0,404327403520,8589930496,5678858240,114688
9,1791579725142,2500,2500,800,799,800,800,800,800,2499,2499,2499,2500,2499,2500,800,800,5,0,0,0,4.761904716491699,0,0,0,0,0,0,0,0,0,0,100,172604.17797851563,195452.51397705078,0,404327403520,8589930496,5678858240,114688
9,1791579725152,2500,2500,800,799,800,800,800,800,2499,2499,2499,2500,2499,2500,800,800,5,0,0,0,4.761904716491699,0,0,0,0,0,0,0,0,0,0,100,172604.31939697266,195452.79327392578,0,404327403520,8589930496,5687283712,114688
9,1791579725162,2500,2500,800,799,800,800,800,800,2499,2499,2499,2500,2499,2500,800,800,5,0,0,0,4.761904716491699,0,0,0,0,0,0,0,0,0,0,100,172604.49060058594,195453.13354492188,0,404327403520,8589930496,5686509568,114688
9,1791579725172,2500,2500,800,799,800,800,800,800,2499,2499,2499,2500,2499,2500,800,800,5,0,0,0,4.761904716491699,0,0,0,0,0,0,0,0,0,0,100,172604.64971923828,195453.45043945313,0,404327403520,8589930496,5686509568,114688
10,1791579725182,2500,2500,800,799,800,800,800,800,2499,2499,2499,2500,2499,2500,800,800,5,0,0,0,4.761904716491699,0,0,0,0,0,0,0,0,0,0,100,172604.80364990234,195453.76391601563,0,404327403520,8589930496,5686509568,114688
10,1791579725192,2500,2500,800,799,800,800,800,800,2499,2499,2499,2500,2499,2500,800,800,5,0,0,0,4.761904716491699,0,0,0,0,0,0,0,0,0,0,100,172604.95916748047,195454.07928466797,0,404327403520,8589930496,5686509568,114688
9,1791579725202,2500,2500,800,799,800,800,800,800,2499,2499,2499,2500,2499,2500,800,800,5,0,0,0,4.761904716491699,0,0,0,0,0,0,0,0,0,0,100,172605.1102294922,195454.39166259766,0,404327403520,8589930496,5694439424,114688
9,1791579725212,2500,2500,800,799,800,800,800,800,2499,2499,2499,2500,2499,2500,800,800,5,0,0,0,4.761904716491699,0,0,0,0,0,0,0,0,0,0,100,172605.2671508789,195454.71063232422,0,404327403520,8589930496,5694439424,114688
9,1791579725223,2500,2500,800,799,800,800,800,800,2499,2499,2499,2500,2499,2500,800,800,5,0,0,0,4.761904716491699,0,0,0,0,0,0,0,0,0,0,100,172605.4248046875,195455.02508544922,0,404327403520,8589930496,5694439424,114688
9,1791579725233,2500,2500,800,799,800,800,800,800,2499,2499,2499,2500,2499,2500,800,800,5,0,0,0,4.761904716491699,0,0,0,0,0,0,0,0,0,0,100,172605.58135986328,195455.3341064453,0,404327403520,8589930496,5694439424,114688
9,1791579725243,2500,2500,800,799,800,800,800,800,2499,2499,2499,2500,2499,2500,800,800,5,0,0,0,4.761904716491699,0,0,0,0,0,0,0,0,0,0,100,172605.7364501953,195455.65014648438,0,404327403520,8589930496,5702864896,114688
10,1791579725253,2500,2500,800,799,800,800,800,800,2499,2499,2499,2500,2499,2500,800,800,5,0,0,0,4.761904716491699,0,0,0,0,0,0,0,0,0,0,100,172605.89294433594,195455.9666748047,0,404327403520,8589930496,5702864896,114688
9,1791579725263,2500,2500,800,799,800,800,800,800,2499,2499,2499,2500,2499,2500,800,800,5,0,0,0,4.761904716491699,0,0,0,0,0,0,0,0,0,0,100,172606.0428466797,195456.27935791016,0,404327403520,8589930496,5702864896,114688
9,1791579725273,2500,2500,800,799,800,800,800,800,2499,2499,2499,2500,2499,2500,800,800,5,0,0,0,4.761904716491699,0,0,0,0,0,0,0,0,0,0,100,172606.19262695313,195456.58990478516,0,404327403520,8589930496,5702864896,114688
9,1791579725283,2500,2500,800,799,800,800,800,800,2499,2499,2499,2500,2499,2500,800,800,5,0,0,0,4.761904716491699,0,0,0,0,0,0,0,0,0,0,100,172606.3433227539,195456.90447998047,0,404327403520,8589930496,5711290368,114688
9,1791579725293,2500,2500,800,799,800,800,800,800,2499,2499,2499,2500,2499,2500,800,800,5,0,0,0,4.761904716491699,0,0,0,0,0,0,0,0,0,0,100,172606.498046875,195457.2172241211,0,404327403520,8589930496,5711290368,114688
9,1791579725303,2500,2500,800,799,800,800,800,800,2499,2499,2499,2500,2499,2500,800,800,0,0,0,5,0,0,0,10,0,0,0,0,0,0,0,100,172606.6668701172,195457.56243896484,0,404327403520,8589930496,5711290368,114688
10,1791579725313,2500,2500,800,799,800,800,800,800,2499,2499,2499,2500,2499,2500,800,800,0,0,0,5,0,0,0,10,0,0,0,0,0,0,0,100,172606.7987060547,195457.84771728516,0,404327403520,8589930496,5711290368,114688
10,1791579725323,2500,2500,800,799,800,800,800,800,2499,2499,2499,2500,2499,2500,800,800,0,0,0,5,0,0,0,10,0,0,0,0,0,0,0,100,172606.9532470703,195458.16369628906,0,404327403520,8589930496,5711290368,114688
9,1791579725333,2500,2500,800,799,800,800,800,800,2499,2499,2499,2500,2499,2500,800,800,0,0,0,5,0,0,0,10,0,0,0,0,0,0,0,100,172607.12426757813,195458.5068359375,0,404327403520,8589930496,5719220224,114688
9,1791579725343,2500,2500,800,799,800,800,800,800,2499,2499,2499,2500,2499,2500,800,800,0,0,0,5,0,0,0,10,0,0,0,0,0,0,0,100,172607.27978515625,195458.81762695313,0,404327403520,8589930496,5719220224,114688
9,1791579725353,2500,2500,800,799,800,800,800,800,2499,2499,2499,2500,2499,2500,800,800,0,0,0,5,0,0,0,10,0,0,0,0,0,0,0,100,172607.43322753906,195459.13671875,0,404327403520,8589930496,5719220224,114688
10,1791579725363,2500,2500,800,799,800,800,800,800,2499,2499,2499,2500,2499,2500,800,800,0,0,0,5,0,0,0,10,0,0,0,0,0,0,0,100,172607.58740234375,195459.44500732422,0,404327403520,8589930496,5719220224,114688
9,1791579725374,2500,2500,800,799,800,800,800,800,2499,2499,2499,2500,2499,2500,800,800,0,0,0,5,0,0,0,10,0,0,0,0,0,0,0,100,172607.74249267578,195459.75927734375,0,404327403520,8589930496,5727645696,114688
10,1791579725384,2500,2500,800,799,800,800,800,800,2499,2499,2499,2500,2499,2500,800,800,0,0,0,5,0,0,0,10,0,0,0,0,0,0,0,100,172607.8988647461,195460.07342529297,0,404327403520,8589930496,5727645696,114688
9,1791579725394,2500,2500,800,799,800,800,800,800,2499,2499,2499,2500,2499,2500,800,800,0,0,0,5,0,0,0,10,0,0,0,0,0,0,0,100,172608.05432128906,195460.3910522461,0,404327403520,8589930496,5727645696,114688
9,1791579725404,2500,2500,800,799,800,800,800,800,2499,2499,2499,2500,2499,2500,800,800,0,0,0,5,0,0,0,10,0,0,0,0,0,0,0,100,172608.20556640625,195460.708984375,0,404327403520,8589930496,5727645696,114688
9,1791579725414,2500,2500,800,799,800,800,800,800,2499,2499,2499,2500,2499,2500,800,800,0,0,0,5,0,0,0,10,0,0,0,0,0,0,0,100,172608.3646850586,195461.02502441406,0,404327403520,8589930496,5727645696,114688
10,1791579725424,2500,2500,800,799,800,800,800,800,2499,2499,2499,2500,2499,2500,800,800,0,0,0,5,0,0,0,10,0,0,0,0,0,0,0,100,172608.5199584961,195461.33459472656,0,404327403520,8589930496,5727645696,114688
9,1791579725434,2500,2500,800,799,800,800,800,800,2499,2499,2499,2500,2499,2500,800,800,0,0,0,5,0,0,0,10,0,0,0,0,0,0,0,100,172608.67797851563,195461.64770507813,0,404327403520,8589930496,5736071168,114688
10,1791579725444,2500,2500,800,799,800,800,800,800,2499,2499,2499,2500,2499,2500,800,800,0,0,0,5,0,0,0,10,0,0,0,0,0,0,0,100,172608.83251953125,195461.9591064453,0,404327403520,8589930496,5736071168,114688
9,1791579725454,2500,2500,800,799,800,800,800,800,2499,2499,2499,2500,2499,2500,800,800,0,0,0,5,0,0,0,10,0,0,0,0,0,0,0,100,172608.98596191406,195462.27362060547,0,404327403520,8589930496,5736071168,114688
9,1791579725464,2500,2500,800,799,800,800,800,800,2499,2499,2499,2500,2499,2500,800,800,0,0,0,5,0,0,0,10,0,0,0,0,0,0,0,100,172609.1439819336,195462.58795166016,0,404327403520,8589930496,5736071168,114688
10,1791579725474,2500,2500,800,799,800,800,800,800,2499,2499,2499,2500,2499,2500,800,800,0,0,0,5,0,0,0,10,0,0,0,0,0,0,0,100,172609.2979736328,195462.9053955078,0,404327403520,8589930496,5744001024,114688
9,1791579725484,2500,2500,800,799,800,800,800,800,2499,2499,2499,2500,2499,2500,800,800,0,0,0,5,0,0,0,10,0,0,0,0,0,0,0,100,172609.4711303711,195463.25024414063,0,404327403520,8589930496,5744001024,114688
9,1791579725495,2500,2500,800,799,800,800,800,800,2499,2499,2499,2500,2499,2500,800,800,0,0,0,5,0,0,0,10,0,0,0,0,0,0,0,100,172609.62438964844,195463.56439208984,0,404327403520,8589930496,5744001024,114688
9,1791579725505,2500,2500,800,799,800,800,800,800,2499,2499,2499,2500,2499,2500,800,800,10,0,0,0,0,0,0,0,0,5,0,0,0,5,0,100,172609.78057861328,195463.87615966797,0,404327403520,8589930496,5744001024,114688
10,1791579725515,2500,2500,800,799,800,800,800,800,2499,2499,2499,2500,2499,2500,800,800,10,0,0,0,0,0,0,0,0,5,0,0,0,5,0,100,172609.93603515625,195464.19232177734,0,404327403520,8589930496,5744001024,114688
9,1791579725525,2500,2500,800,799,800,800,800,800,2499,2499,2499,2500,2499,2500,800,800,10,0,0,0,0,0,0,0,0,5,0,0,0,5,0,100,172610.0933227539,195464.50463867188,0,404327403520,8589930496,5752426496,114688
9,1791579725535,2500,2500,800,799,800,800,800,800,2499,2499,2499,2500,2499,2500,800,800,10,0,0,0,0,0,0,0,0,5,0,0,0,5,0,100,172610.2427368164,195464.81842041016,0,404327403520,8589930496,5752426496,114688
9,1791579725545,2500,2500,800,799,800,800,800,800,2499,2499,2499,2500,2499,2500,800,800,10,0,0,0,0,0,0,0,0,5,0,0,0,5,0,100,172610.4027709961,195465.13104248047,0,404327403520,8589930496,5752426496,114688
9,1791579725555,2500,2500,800,799,800,800,800,800,2499,2499,2499,2500,2499,2500,800,800,10,0,0,0,0,0,0,0,0,5,0,0,0,5,0,100,172610.5591430664,195465.43884277344,0,404327403520,8589930496,5752426496,114688
9,1791579725565,2500,2500,800,799,800,800,800,800,2499,2499,2499,2500,2499,2500,800,800,10,0,0,0,0,0,0,0,0,5,0,0,0,5,0,100,172610.70928955078,195465.7518310547,0,404327403520,8589930496,5760851968,114688
10,1791579725575,2500,2500,800,799,800,800,800,800,2499,2499,2499,2500,2499,2500,800,800,10,0,0,0,0,0,0,0,0,5,0,0,0,5,0,100,172610.86395263672,195466.0634765625,0,404327403520,8589930496,5760851968,114688
9,1791579725585,2500,2500,800,799,800,800,800,800,2499,2499,2499,2500,2499,2500,800,800,10,0,0,0,0,0,0,0,0,5,0,0,0,5,0,100,172611.0174560547,195466.37786865234,0,404327403520,8589930496,5760851968,114688
10,1791579725595,2500,2500,800,799,800,800,800,800,2499,2499,2499,2500,2499,2500,800,800,10,0,0,0,0,0,0,0,0,5,0,0,0,5,0,100,172611.1674194336,195466.68731689453,0,404327403520,8589930496,5760851968,114688
10,1791579725605,2500,2500,800,799,800,800,800,800,2499,2499,2499,2500,2499,2500,800,800,10,0,0,0,0,0,0,0,0,5,0,0,0,5,0,100,172611.32287597656,195466.99951171875,0,404327403520,8589930496,5768781824,114688
9,1791579725615,2500,2500,800,799,800,800,800,800,2499,2499,2499,2500,2499,2500,800,800,10,0,0,0,0,0,0,0,0,5,0,0,0,5,0,100,172611.47650146484,195467.3104248047,0,404327403520,8589930496,5768781824,114688
9,1791579725625,2500,2500,800,799,800,800,800,800,2499,2499,2499,2500,2499,2500,800,800,10,0,0,0,0,0,0,0,0,5,0,0,0,5,0,100,172611.62957763672,195467.62420654297,0,404327403520,8589930496,5768781824,114688
9,1791579725636,2500,2500,800,799,800,800,800,800,2499,2499,2499,2500,2499,2500,800,800,10,0,0,0,0,0,0,0,0,5,0,0,0,5,0,100,172611.79931640625,195467.96533203125,0,404327403520,8589930496,5768781824,114688
10,1791579725646,2500,2500,800,799,800,800,800,800,2499,2499,2499,2500,2499,2500,800,800,10,0,0,0,0,0,0,0,0,5,0,0,0,5,0,100,172611.93994140625,195468.24591064453,0,404327403520,8589930496,5768781824,114688
9,1791579725656,2500,2500,800,799,800,800,800,800,2499,2499,2499,2500,2499,2500,800,800,10,0,0,0,0,0,0,0,0,5,0,0,0,5,0,100,172612.11059570313,195468.58880615234,0,404327403520,8589930496,5777207296,114688
9,1791579725666,2500,2500,800,799,800,800,800,800,2499,2499,2499,2500,2499,2500,800,800,10,0,0,0,0,0,0,0,0,5,0,0,0,5,0,100,172612.26568603516,195468.90362548828,0,404327403520,8589930496,5777207296,114688
9,1791579725676,2500,2500,800,799,800,800,800,800,2499,2499,2499,2500,2499,2500,800,800,10,0,0,0,0,0,0,0,0,5,0,0,0,5,0,100,172612.4229736328,195469.22149658203,0,404327403520,8589930496,5777207296,114688
9,1791579725686,2500,2500,800,799,800,800,800,800,2499,2499,2499,2500,2499,2500,800,800,10,0,0,0,0,0,0,0,0,5,0,0,0,5,0,100,172612.57739257813,195469.53356933594,0,404327403520,8589930496,5777207296,114688
10,1791579725696,2500,2500,800,799,800,800,800,800,2499,2499,2499,2500,2499,2500,800,800,10,0,0,0,0,0,0,0,0,5,0,0,0,5,0,100,172612.73175048828,195469.8427734375,0,404327403520,8589930496,5785632768,114688
9,1791579725706,2500,2500,800,799,800,800,800,800,2499,2499,2499,2500,2499,2500,800,800,0,0,0,0,0,5,5,10,0,0,0,0,0,0,0,100,172612.8851928711,195470.1571044922,0,404327403520,8589930496,5785632768,114688
9,1791579725716,2500,2500,800,799,800,800,800,800,2499,2499,2499,2500,2499,2500,800,800,0,0,0,0,0,5,5,10,0,0,0,0,0,0,0,100,172613.03784179688,195470.47131347656,0,404327403520,8589930496,5785632768,114688
10,1791579725726,2500,2500,800,799,800,800,800,800,2499,2499,2499,2500,2499,2500,800,800,0,0,0,0,0,5,5,10,0,0,0,0,0,0,0,100,172613.18908691406,195470.7866821289,0,404327403520,8589930496,5785632768,114688
10,1791579725736,2500,2500,800,799,800,800,800,800,2499,2499,2499,2500,2499,2500,800,800,0,0,0,0,0,5,5,10,0,0,0,0,0,0,0,100,172613.34014892578,195471.09954833984,0,404327403520,8589930496,5785632768,114688
9,1791579725746,2500,2500,800,799,800,800,800,800,2499,2499,2499,2500,2499,2500,800,800,0,0,0,0,0,5,5,10,0,0,0,0,0,0,0,100,172613.49420166016,195471.41149902344,0,404327403520,8589930496,5793562624,114688
10,1791579725756,2500,2500,800,799,800,800,800,800,2499,2499,2499,2500,2499,2500,800,800,0,0,0,0,0,5,5,10,0,0,0,0,0,0,0,100,172613.64837646484,195471.72625732422,0,404327403520,8589930496,5793562624,114688
9,1791579725766,2500,2500,800,799,800,800,800,800,2499,2499,2499,2500,2499,2500,800,800,0,0,0,0,0,5,5,10,0,0,0,0,0,0,0,100,172613.80072021484,195472.03637695313,0,404327403520,8589930496,5793562624,114688
9,1791579725777,2500,2500,800,799,800,800,800,800,2499,2499,2499,2500,2499,2500,800,800,0,0,0,0,0,5,5,10,0,0,0,0,0,0,0,100,172613.95471191406,195472.3510131836,0,404327403520,8589930496,5793562624,114688
9,1791579725787,2500,2500,800,799,800,800,800,800,2499,2499,2499,2500,2499,2500,800,800,0,0,0,0,0,5,5,10,0,0,0,0,0,0,0,100,172614.109375,195472.67309570313,0,404327403520,8589930496,5793562624,114688
9,1791579725797,2500,2500,800,799,800,800,800,800,2499,2499,2499,2500,2499,2500,800,800,0,0,0,0,0,5,5,10,0,0,0,0,0,0,0,100,172614.26849365234,195472.98974609375,0,404327403520,8589930496,5801988096,114688
9,1791579725807,2500,2500,800,799,800,800,800,800,2499,2499,2499,2500,2499,2500,800,800,0,0,0,0,0,5,5,10,0,0,0,0,0,0,0,100,172614.42779541016,195473.30694580078,0,404327403520,8589930496,5801988096,114688
9,1791579725817,2500,2500,800,799,800,800,800,800,2499,2499,2499,2500,2499,2500,800,800,0,0,0,0,0,5,5,10,0,0,0,0,0,0,0,100,172614.60034179688,195473.64959716797,0,404327403520,8589930496,5801988096,114688
9,1791579725827,2500,2500,800,799,800,800,800,800,2499,2499,2499,2500,2499,2500,800,800,0,0,0,0,0,5,5,10,0,0,0,0,0,0,0,100,172614.75708007813,195473.9642944336,0,404327403520,8589930496,5801988096,114688
9,1791579725837,2500,2500,800,799,800,800,800,800,2499,2499,2499,2500,2499,2500,800,800,0,0,0,0,0,5,5,10,0,0,0,0,0,0,0,100,172614.9175415039,195474.27709960938,0,404327403520,8589930496,5810413568,114688
9,1791579725847,2500,2500,800,799,800,800,800,800,2499,2499,2499,2500,2499,2500,800,800,0,0,0,0,0,5,5,10,0,0,0,0,0,0,0,100,172615.07446289063,195474.59313964844,0,404327403520,8589930496,5810413568,114688
9,1791579725857,2500,2500,800,799,800,800,800,800,2499,2499,2499,2500,2499,2500,800,800,0,0,0,0,0,5,5,10,0,0,0,0,0,0,0,100,172615.22497558594,195474.90600585938,0,404327403520,8589930496,5810413568,114688
10,1791579725867,2500,2500,800,799,800,800,800,800,2499,2499,2499,2500,2499,2500,800,800,0,0,0,0,0,5,5,10,0,0,0,0,0,0,0,100,172615.38012695313,195475.21911621094,0,404327403520,8589930496,5810413568,114688
9,1791579725877,2500,2500,800,799,800,800,800,800,2499,2499,2499,2500,2499,2500,800,800,0,0,0,0,0,5,5,10,0,0,0,0,0,0,0,100,172615.5379638672,195475.53564453125,0,404327403520,8589930496,5817847808,114688
9,1791579725887,2500,2500,800,799,800,800,800,800,2499,2499,2499,2500,2499,2500,800,800,0,0,0,0,0,5,5,10,0,0,0,0,0,0,0,100,172615.6903076172,195475.8504638672,0,404327403520,8589930496,5818343424,114688
10,1791579725897,2500,2500,800,799,800,800,800,800,2499,2499,2499,2500,2499,2500,800,800,0,0,0,0,0,5,5,10,0,0,0,0,0,0,0,100,172615.8432006836,195476.15979003906,0,404327403520,8589930496,5818343424,114688
10,1791579725907,2500,2500,800,799,800,800,800,800,2499,2499,2499,2500,2499,2500,800,800,5,5,0,0,0,0,0,0,0,0,5,0,0,0,0,100,172615.99572753906,195476.47393798828,0,404327403520,8589930496,5818343424,114688
9,1791579725918,2500,2500,800,799,800,800,800,800,2499,2499,2499,2500,2499,2500,800,800,5,5,0,0,0,0,0,0,0,0,5,0,0,0,0,100,172616.14752197266,195476.796875,0,404327403520,8589930496,5818343424,114688
9,1791579725928,2500,2500,800,799,800,800,800,800,2499,2499,2499,2500,2499,2500,800,800,5,5,0,0,0,0,0,0,0,0,5,0,0,0,0,100,172616.306640625,195477.11389160156,0,404327403520,8589930496,5826768896,114688
9,1791579725938,2500,2500,800,799,800,800,800,800,2499,2499,2499,2500,2499,2500,800,800,5,5,0,0,0,0,0,0,0,0,5,0,0,0,0,100,172616.45806884766,195477.4183959961,0,404327403520,8589930496,5826768896,114688
9,1791579725948,2500,2500,800,799,800,800,800,800,2499,2499,2499,2500,2499,2500,800,800,5,5,0,0,0,0,0,0,0,0,5,0,0,0,0,100,172616.62268066406,195477.76336669922,0,404327403520,8589930496,5826768896,114688
10,1791579725958,2500,2500,800,799,800,800,800,800,2499,2499,2499,2500,2499,2500,800,800,5,5,0,0,0,0,0,0,0,0,5,0,0,0,0,100,172616.75946044922,195478.0567626953,0,404327403520,8589930496,5826768896,114688
9,1791579725968,2500,2500,800,799,800,800,800,800,2499,2499,2499,2500,2499,2500,800,800,5,5,0,0,0,0,0,0,0,0,5,0,0,0,0,100,172616.91564941406,195478.36602783203,0,404327403520,8589930496,5835194368,114688
9,1791579725978,2500,2500,800,799,800,800,800,800,2499,2499,2499,2500,2499,2500,800,800,5,5,0,0,0,0,0,0,0,0,5,0,0,0,0,100,172617.07110595703,195478.6851196289,0,404327403520,8589930496,5835194368,114688
9,1791579725988,2500,2500,800,799,800,800,800,800,2499,2499,2499,2500,2499,2500,800,800,5,5,0,0,0,0,0,0,0,0,5,0,0,0,0,100,172617.24249267578,195479.0288696289,0,404327403520,8589930496,5835194368,114688
9,1791579725998,2500,2500,800,799,800,800,800,800,2499,2499,2499,2500,2499,2500,800,800,5,5,0,0,0,0,0,0,0,0,5,0,0,0,0,100,172617.39666748047,195479.3480834961,0,404327403520,8589930496,5835194368,114688
9,1791579726008,2500,2500,800,799,800,800,800,800,2499,2499,2499,2500,2499,2500,800,800,5,5,0,0,0,0,0,0,0,0,5,0,0,0,0,100,172617.54919433594,195479.66021728516,0,404327403520,8589930496,5835194368,114688
9,1791579726018,2500,2500,800,799,800,800,800,800,2499,2499,2499,2500,2499,2500,800,800,5,5,0,0,0,0,0,0,0,0,5,0,0,0,0,100,172617.70581054688,195479.98077392578,0,404327403520,8589930496,5843124224,114688
9,1791579726028,2500,2500,800,799,800,800,800,800,2499,2499,2499,2500,2499,2500,800,800,5,5,0,0,0,0,0,0,0,0,5,0,0,0,0,100,172617.8638305664,195480.291015625,0,404327403520,8589930496,5843124224,114688
9,1791579726038,2500,2500,800,799,800,800,800,800,2499,2499,2499,2500,2499,2500,800,800,5,5,0,0,0,0,0,0,0,0,5,0,0,0,0,100,172618.01763916016,195480.60412597656,0,404327403520,8589930496,5843124224,114688
10,1791579726048,2500,2500,800,799,800,800,800,800,2499,2499,2499,2500,2499,2500,800,800,5,5,0,0,0,0,0,0,0,0,5,0,0,0,0,100,172618.16961669922,195480.9197998047,0,404327403520,8589930496,5843124224,114688
9,1791579726059,2500,2500,800,799,800,800,800,800,2499,2499,2499,2500,2499,2500,800,800,5,5,0,0,0,0,0,0,0,0,5,0,0,0,0,100,172618.32452392578,195481.23803710938,0,404327403520,8589930496,5851549696,114688
10,1791579726069,2500,2500,800,799,800,800,800,800,2499,2499,2499,2500,2499,2500,800,800,5,5,0,0,0,0,0,0,0,0,5,0,0,0,0,100,172618.48321533203,195481.55145263672,0,404327403520,8589930496,5851549696,114688
9,1791579726079,2500,2500,800,799,800,800,800,800,2499,2499,2499,2500,2499,2500,800,800,5,5,0,0,0,0,0,0,0,0,5,0,0,0,0,100,172618.6319580078,195481.873046875,0,404327403520,8589930496,5851549696,114688
10,1791579726089,2500,2500,800,799,800,800,800,800,2499,2499,2499,2500,2499,2500,800,800,5,5,0,0,0,0,0,0,0,0,5,0,0,0,0,100,172618.78869628906,195482.1810913086,0,404327403520,8589930496,5851549696,114688
9,1791579726099,2500,2500,800,799,800,800,800,800,2499,2499,2499,2500,2499,2500,800,800,5,5,0,0,0,0,0,0,0,0,5,0,0,0,0,100,172618.94177246094,195482.4952392578,0,404327403520,8589930496,5851549696,114688
9,1791579726109,2500,2500,800,799,800,800,800,800,2499,2499,2499,2500,2499,2500,800,800,0,0,0,0,0,0,0,9.523809432983398,0,5,0,5,0,0,0,100,172619.1001586914,195482.80834960938,0,404327403520,8589930496,5859975168,114688
9,1791579726119,2500,2500,800,799,800,800,800,800,2499,2499,2499,2500,2499,2500,800,800,0,0,0,0,0,0,0,9.523809432983398,0,5,0,5,0,0,0,100,172619.2548828125,195483.12127685547,0,404327403520,8589930496,5859459072,114688
10,1791579726129,2500,2500,800,799,800,800,800,800,2499,2499,2499,2500,2499,2500,800,800,0,0,0,0,0,0,0,9.523809432983398,0,5,0,5,0,0,0,100,172619.41345214844,195483.43701171875,0,404327403520,8589930496,5850787840,114688
9,1791579726139,2500,2500,800,799,800,800,800,800,2499,2499,2499,2500,2499,2500,800,800,0,0,0,0,0,0,0,9.523809432983398,0,5,0,5,0,0,0,100,172619.58905029297,195483.78076171875,0,404327403520,8589930496,5850787840,114688
9,1791579726149,2500,2500,800,799,800,800,800,800,2499,2499,2499,2500,2499,2500,800,800,0,0,0,0,0,0,0,9.523809432983398,0,5,0,5,0,0,0,100,172619.74713134766,195484.09545898438,0,404327403520,8589930496,5858717696,114688
10,1791579726159,2500,2500,800,799,800,800,800,800,2499,2499,2499,2500,2499,2500,800,800,0,0,0,0,0,0,0,9.523809432983398,0,5,0,5,0,0,0,100,172619.88537597656,195484.37530517578,0,404327403520,8589930496,5858717696,114688
9,1791579726169,2500,2500,800,799,800,800,800,800,2499,2499,2499,2500,2499,2500,800,800,0,0,0,0,0,0,0,9.523809432983398,0,5,0,5,0,0,0,100,172620.05181884766,195484.71966552734,0,404327403520,8589930496,5858717696,114688
9,1791579726179,2500,2500,800,799,800,800,800,800,2499,2499,2499,2500,2499,2500,800,800,0,0,0,0,0,0,0,9.523809432983398,0,5,0,5,0,0,0,100,172620.2039794922,195485.03045654297,0,404327403520,8589930496,5858717696,114688
9,1791579726189,2500,2500,800,799,800,800,800,800,2499,2499,2499,2500,2499,2500,800,800,0,0,0,0,0,0,0,9.523809432983398,0,5,0,5,0,0,0,100,172620.35778808594,195485.34368896484,0,404327403520,8589930496,5858717696,114688
9,1791579726200,2500,2500,800,799,800,800,800,800,2499,2499,2499,2500,2499,2500,800,800,0,0,0,0,0,0,0,9.523809432983398,0,5,0,5,0,0,0,100,172620.51135253906,195485.65643310547,0,404327403520,8589930496,5867143168,114688
9,1791579726210,2500,2500,800,799,800,800,800,800,2499,2499,2499,2500,2499,2500,800,800,0,0,0,0,0,0,0,9.523809432983398,0,5,0,5,0,0,0,100,172620.66149902344,195485.9702758789,0,404327403520,8589930496,5867143168,114688
9,1791579726220,2500,2500,800,799,800,800,800,800,2499,2499,2499,2500,2499,2500,800,800,0,0,0,0,0,0,0,9.523809432983398,0,5,0,5,0,0,0,100,172620.8169555664,195486.28240966797,0,404327403520,8589930496,5867143168,114688
9,1791579726230,2500,2500,800,799,800,800,800,800,2499,2499,2499,2500,2499,2500,800,800,0,0,0,0,0,0,0,9.523809432983398,0,5,0,5,0,0,0,100,172620.96618652344,195486.59552001953,0,404327403520,8589930496,5867143168,114688
9,1791579726240,2500,2500,800,799,800,800,800,800,2499,2499,2499,2500,2499,2500,800,800,0,0,0,0,0,0,0,9.523809432983398,0,5,0,5,0,0,0,100,172621.11492919922,195486.9100341797,0,404327403520,8589930496,5875073024,114688
9,1791579726250,2500,2500,800,799,800,800,800,800,2499,2499,2499,2500,2499,2500,800,800,0,0,0,0,0,0,0,9.523809432983398,0,5,0,5,0,0,0,100,172621.27020263672,195487.22424316406,0,404327403520,8589930496,5875073024,114688
9,1791579726260,2500,2500,800,799,800,800,800,800,2499,2499,2499,2500,2499,2500,800,800,0,0,0,0,0,0,0,9.523809432983398,0,5,0,5,0,0,0,100,172621.42126464844,195487.53942871094,0,404327403520,8589930496,5875073024,114688
9,1791579726270,2500,2500,800,799,800,800,800,800,2499,2499,2499,2500,2499,2500,800,800,0,0,0,0,0,0,0,9.523809432983398,0,5,0,5,0,0,0,100,172621.5732421875,195487.8501586914,0,404327403520,8589930496,5875073024,114688
9,1791579726280,2500,2500,800,799,800,800,800,800,2499,2499,2499,2500,2499,2500,800,800,0,0,0,0,0,0,0,9.523809432983398,0,5,0,5,0,0,0,100,172621.72100830078,195488.1661376953,0,404327403520,8589930496,5875073024,114688
10,1791579726290,2500,2500,800,799,800,800,800,800,2499,2499,2499,2500,2499,2500,800,800,0,0,0,0,0,0,0,9.523809432983398,0,5,0,5,0,0,0,100,172621.8739013672,195488.47680664063,0,404327403520,8589930496,5883498496,114688
9,1791579726300,2500,2500,800,799,800,800,800,800,2499,2499,2499,2500,2499,2500,800,800,0,0,0,0,0,0,0,9.523809432983398,0,5,0,5,0,0,0,100,172622.0308227539,195488.78930664063,0,404327403520,8589930496,5883498496,114688
9,1791579726310,2500,2500,800,799,800,800,800,800,2499,2499,2499,2500,2499,2500,800,800,10,0,0,0,0,0,0,10,0,0,0,0,0,0,0,100,172622.19635009766,195489.13873291016,0,404327403520,8589930496,5883498496,114688
10,1791579726320,2500,2500,800,799,800,800,800,800,2499,2499,2499,2500,2499,2500,800,800,10,0,0,0,0,0,0,10,0,0,0,0,0,0,0,100,172622.33367919922,195489.42456054688,0,404327403520,8589930496,5883498496,114688
10,1791579726330,2500,2500,800,799,800,800,800,800,2499,2499,2499,2500,2499,2500,800,800,10,0,0,0,0,0,0,10,0,0,0,0,0,0,0,100,172622.49884033203,195489.7691040039,0,404327403520,8589930496,5891923968,114688
9,1791579726340,2500,2500,800,799,800,800,800,800,2499,2499,2499,2500,2499,2500,800,800,10,0,0,0,0,0,0,10,0,0,0,0,0,0,0,100,172622.65447998047,195490.08184814453,0,404327403520,8589930496,5891923968,114688
10,1791579726350,2500,2500,800,799,800,800,800,800,2499,2499,2499,2500,2499,2500,800,800,10,0,0,0,0,0,0,10,0,0,0,0,0,0,0,100,172622.81323242188,195490.3983154297,0,404327403520,8589930496,5891923968,114688
9,1791579726361,2500,2500,800,799,800,800,800,800,2499,2499,2499,2500,2499,2500,800,800,10,0,0,0,0,0,0,10,0,0,0,0,0,0,0,100,172622.96228027344,195490.71118164063,0,404327403520,8589930496,5891923968,114688
9,1791579726371,2500,2500,800,799,800,800,800,800,2499,2499,2499,2500,2499,2500,800,800,10,0,0,0,0,0,0,10,0,0,0,0,0,0,0,100,172623.1177368164,195491.0238647461,0,404327403520,8589930496,5891923968,114688
9,1791579726381,2500,2500,800,799,800,800,800,800,2499,2499,2499,2500,2499,2500,800,800,10,0,0,0,0,0,0,10,0,0,0,0,0,0,0,100,172623.26959228516,195491.34033203125,0,404327403520,8589930496,5899853824,114688
9,1791579726391,2500,2500,800,799,800,800,800,800,2499,2499,2499,2500,2499,2500,800,800,10,0,0,0,0,0,0,10,0,0,0,0,0,0,0,100,172623.42742919922,195491.6527709961,0,404327403520,8589930496,5899853824,114688
9,1791579726401,2500,2500,800,799,800,800,800,800,2499,2499,2499,2500,2499,2500,800,800,10,0,0,0,0,0,0,10,0,0,0,0,0,0,0,100,172623.57611083984,195491.96563720703,0,404327403520,8589930496,5899853824,114688
9,1791579726411,2500,2500,800,799,800,800,800,800,2499,2499,2499,2500,2499,2500,800,800,10,0,0,0,0,0,0,10,0,0,0,0,0,0,0,100,172623.72821044922,195492.28088378906,0,404327403520,8589930496,5899853824,114688
10,1791579726421,2500,2500,800,799,800,800,800,800,2499,2499,2499,2500,2499,2500,800,800,10,0,0,0,0,0,0,10,0,0,0,0,0,0,0,100,172623.88110351563,195492.58966064453,0,404327403520,8589930496,5908279296,114688
9,1791579726431,2500,2500,800,799,800,800,800,800,2499,2499,2499,2500,2499,2500,800,800,10,0,0,0,0,0,0,10,0,0,0,0,0,0,0,100,172624.0347290039,195492.90557861328,0,404327403520,8589930496,5908279296,114688
9,1791579726441,2500,2500,800,799,800,800,800,800,2499,2499,2499,2500,2499,2500,800,800,10,0,0,0,0,0,0,10,0,0,0,0,0,0,0,100,172624.19110107422,195493.2221069336,0,404327403520,8589930496,5908279296,114688
10,1791579726451,2500,2500,800,799,800,800,800,800,2499,2499,2499,2500,2499,2500,800,800,10,0,0,0,0,0,0,10,0,0,0,0,0,0,0,100,172624.34216308594,195493.5382080078,0,404327403520,8589930496,5908279296,114688
9,1791579726461,2500,2500,800,799,800,800,800,800,2499,2499,2499,2500,2499,2500,800,800,10,0,0,0,0,0,0,10,0,0,0,0,0,0,0,100,172624.51263427734,195493.8818359375,0,404327403520,8589930496,5908279296,114688
9,1791579726471,2500,2500,800,799,800,800,800,800,2499,2499,2499,2500,2499,2500,800,800,10,0,0,0,0,0,0,10,0,0,0,0,0,0,0,100,172624.6640625,195494.19763183594,0,404327403520,8589930496,5916704768,114688
10,1791579726481,2500,2500,800,799,800,800,800,800,2499,2499,2499,2500,2499,2500,800,800,10,0,0,0,0,0,0,10,0,0,0,0,0,0,0,100,172624.8006591797,195494.4852294922,0,404327403520,8589930496,5916704768,114688
9,1791579726492,2500,2500,800,799,800,800,800,800,2499,2499,2499,2500,2499,2500,800,800,10,0,0,0,0,0,0,10,0,0,0,0,0,0,0,100,172624.96563720703,195494.82928466797,0,404327403520,8589930496,5916704768,114688
10,1791579726501,2500,2500,800,799,800,800,800,800,2499,2499,2499,2500,2499,2500,800,800,10,0,0,0,0,0,0,10,0,0,0,0,0,0,0,100,172625.11767578125,195495.14666748047,0,404327403520,8589930496,5916704768,114688
10,1791579726512,2500,2500,800,799,800,800,800,800,2499,2499,2499,2500,2499,2500,800,800,0,0,0,0,0,0,0,0,0,0,0,0,0,0,0,100,172625.27459716797,195495.4610595703,0,404327403520,8589930496,5924634624,114688
10,1791579726522,2500,2500,800,799,800,800,800,800,2499,2499,2499,2500,2499,2500,800,800,0,0,0,0,0,0,0,0,0,0,0,0,0,0,0,100,172625.43133544922,195495.7798461914,0,404327403520,8589930496,5924634624,114688
9,1791579726532,2500,2500,800,799,800,800,800,800,2499,2499,2499,2500,2499,2500,800,800,0,0,0,0,0,0,0,0,0,0,0,0,0,0,0,100,172625.58367919922,195496.0922241211,0,404327403520,8589930496,5924634624,114688
9,1791579726542,2500,2500,800,799,800,800,800,800,2499,2499,2499,2500,2499,2500,800,800,0,0,0,0,0,0,0,0,0,0,0,0,0,0,0,100,172625.73956298828,195496.40631103516,0,404327403520,8589930496,5924634624,114688
9,1791579726552,2500,2500,800,799,800,800,800,800,2499,2499,2499,2500,2499,2500,800,800,0,0,0,0,0,0,0,0,0,0,0,0,0,0,0,100,172625.88830566406,195496.71997070313,0,404327403520,8589930496,5924634624,114688
9,1791579726562,2500,2500,800,799,800,800,800,800,2499,2499,2499,2500,2499,2500,800,800,0,0,0,0,0,0,0,0,0,0,0,0,0,0,0,100,172626.0386352539,195497.03063964844,0,404327403520,8589930496,5933060096,114688
9,1791579726572,2500,2500,800,799,800,800,800,800,2499,2499,2499,2500,2499,2500,800,800,0,0,0,0,0,0,0,0,0,0,0,0,0,0,0,100,172626.1922607422,195497.34576416016,0,404327403520,8589930496,5933060096,114688
9,1791579726582,2500,2500,800,799,800,800,800,800,2499,2499,2499,2500,2499,2500,800,800,0,0,0,0,0,0,0,0,0,0,0,0,0,0,0,100,172626.34552001953,195497.6611328125,0,404327403520,8589930496,5933060096,114688
9,1791579726592,2500,2500,800,799,800,800,800,800,2499,2499,2499,2500,2499,2500,800,800,0,0,0,0,0,0,0,0,0,0,0,0,0,0,0,100,172626.49505615234,195497.97552490234,0,404327403520,8589930496,5933060096,114688
9,1791579726602,2500,2500,800,799,800,800,800,800,2499,2499,2499,2500,2499,2500,800,800,0,0,0,0,0,0,0,0,0,0,0,0,0,0,0,100,172626.6453857422,195498.28729248047,0,404327403520,8589930496,5941485568,114688
9,1791579726612,2500,2500,800,799,800,800,800,800,2499,2499,2499,2500,2499,2500,800,800,0,0,0,0,0,0,0,0,0,0,0,0,0,0,0,100,172626.79815673828,195498.59674072266,0,404327403520,8589930496,5941485568,114688
10,1791579726622,2500,2500,800,799,800,800,800,800,2499,2499,2499,2500,2499,2500,800,800,0,0,0,0,0,0,0,0,0,0,0,0,0,0,0,100,172626.94757080078,195498.9072265625,0,404327403520,8589930496,5941485568,114688
9,1791579726633,2500,2500,800,799,800,800,800,800,2499,2499,2499,2500,2499,2500,800,800,0,0,0,0,0,0,0,0,0,0,0,0,0,0,0,100,172627.1173095703,195499.25268554688,0,404327403520,8589930496,5941485568,114688
9,1791579726643,2500,2500,800,799,800,800,800,800,2499,2499,2499,2500,2499,2500,800,800,0,0,0,0,0,0,0,0,0,0,0,0,0,0,0,100,172627.2685546875,195499.56518554688,0,404327403520,8589930496,5949415424,114688
9,1791579726653,2500,2500,800,799,800,800,800,800,2499,2499,2499,2500,2499,2500,800,800,0,0,0,0,0,0,0,0,0,0,0,0,0,0,0,100,172627.41943359375,195499.87829589844,0,404327403520,8589930496,5949415424,114688
9,1791579726663,2500,2500,800,799,800,800,800,800,2499,2499,2499,2500,2499,2500,800,800,0,0,0,0,0,0,0,0,0,0,0,0,0,0,0,100,172627.57049560547,195500.19366455078,0,404327403520,8589930496,5949415424,114688
9,1791579726673,2500,2500,800,799,800,800,800,800,2499,2499,2499,2500,2499,2500,800,800,0,0,0,0,0,0,0,0,0,0,0,0,0,0,0,100,172627.72283935547,195500.5107421875,0,404327403520,8589930496,5949415424,114688
9,1791579726683,2500,2500,800,799,800,800,800,800,2499,2499,2499,2500,2499,2500,800,800,0,0,0,0,0,0,0,0,0,0,0,0,0,0,0,100,172627.8803100586,195500.8250732422,0,404327403520,8589930496,5949415424,114688
9,1791579726693,2500,2500,800,799,800,800,800,800,2499,2499,2499,2500,2499,2500,800,800,0,0,0,0,0,0,0,0,0,0,0,0,0,0,0,100,172628.0350341797,195501.13146972656,0,404327403520,8589930496,5957840896,114688
9,1791579726703,2500,2500,800,799,800,800,800,800,2499,2499,2499,2500,2499,2500,800,800,0,0,0,0,0,0,0,0,0,0,0,0,0,0,0,100,172628.18682861328,195501.44793701172,0,404327403520,8589930496,5957840896,114688
9,1791579726713,2500,2500,800,799,800,800,800,800,2499,2499,2499,2500,2499,2500,800,800,5.263157844543457,0,0,0,0,0,0,10,0,0,0,0,0,0,0,100,172628.33862304688,195501.7612915039,0,404327403520,8589930496,5957840896,114688
9,1791579726723,2500,2500,800,799,800,800,800,800,2499,2499,2499,2500,2499,2500,800,800,5.263157844543457,0,0,0,0,0,0,10,0,0,0,0,0,0,0,100,172628.49536132813,195502.07397460938,0,404327403520,8589930496,5957840896,114688
9,1791579726733,2500,2500,800,799,800,800,800,800,2499,2499,2499,2500,2499,2500,800,800,5.263157844543457,0,0,0,0,0,0,10,0,0,0,0,0,0,0,100,172628.64526367188,195502.38732910156,0,404327403520,8589930496,5966266368,114688
9,1791579726743,2500,2500,800,799,800,800,800,800,2499,2499,2499,2500,2499,2500,800,800,5.263157844543457,0,0,0,0,0,0,10,0,0,0,0,0,0,0,100,172628.80108642578,195502.70025634766,0,404327403520,8589930496,5966266368,114688
9,1791579726753,2500,2500,800,799,800,800,800,800,2499,2499,2499,2500,2499,2500,800,800,5.263157844543457,0,0,0,0,0,0,10,0,0,0,0,0,0,0,100,172628.95727539063,195503.0122680664,0,404327403520,8589930496,5966266368,114688
9,1791579726763,2500,2500,800,799,800,800,800,800,2499,2499,2499,2500,2499,2500,800,800,5.263157844543457,0,0,0,0,0,0,10,0,0,0,0,0,0,0,100,172629.11181640625,195503.32104492188,0,404327403520,8589930496,5966266368,114688
9,1791579726774,2500,2500,800,799,800,800,800,800,2499,2499,2499,2500,2499,2500,800,800,5.263157844543457,0,0,0,0,0,0,10,0,0,0,0,0,0,0,100,172629.26342773438,195503.6353149414,0,404327403520,8589930496,5966266368,114688
9,1791579726784,2500,2500,800,799,800,800,800,800,2499,2499,2499,2500,2499,2500,800,800,5.263157844543457,0,0,0,0,0,0,10,0,0,0,0,0,0,0,100,172629.4375,195503.98278808594,0,404327403520,8589930496,5974196224,114688
9,1791579726794,2500,2500,800,799,800,800,800,800,2499,2499,2499,2500,2499,2500,800,800,5.263157844543457,0,0,0,0,0,0,10,0,0,0,0,0,0,0,100,172629.58966064453,195504.29681396484,0,404327403520,8589930496,5974196224,114688
9,1791579726804,2500,2500,800,799,800,800,800,800,2499,2499,2499,2500,2499,2500,800,800,5.263157844543457,0,0,0,0,0,0,10,0,0,0,0,0,0,0,100,172629.7469482422,195504.61108398438,0,404327403520,8589930496,5974196224,114688
9,1791579726814,2500,2500,800,799,800,800,800,800,2499,2499,2499,2500,2499,2500,800,800,5.263157844543457,0,0,0,0,0,0,10,0,0,0,0,0,0,0,100,172629.9057006836,195504.9262084961,0,404327403520,8589930496,5974196224,114688
9,1791579726824,2500,2500,800,799,800,800,800,800,2499,2499,2499,2500,2499,2500,800,800,5.263157844543457,0,0,0,0,0,0,10,0,0,0,0,0,0,0,100,172630.0610961914,195505.23455810547,0,404327403520,8589930496,5974196224,114688
9,1791579726834,2500,2500,800,799,800,800,800,800,2499,2499,2499,2500,2499,2500,800,800,5.263157844543457,0,0,0,0,0,0,10,0,0,0,0,0,0,0,100,172630.2139892578,195505.54516601563,0,404327403520,8589930496,5982621696,114688
9,1791579726844,2500,2500,800,799,800,800,800,800,2499,2499,2499,2500,2499,2500,800,800,5.263157844543457,0,0,0,0,0,0,10,0,0,0,0,0,0,0,100,172630.36944580078,195505.86486816406,0,404327403520,8589930496,5982621696,114688
9,1791579726854,2500,2500,800,799,800,800,800,800,2499,2499,2499,2500,2499,2500,800,800,5.263157844543457,0,0,0,0,0,0,10,0,0,0,0,0,0,0,100,172630.52655029297,195506.18243408203,0,404327403520,8589930496,5982621696,114688
10,1791579726864,2500,2500,800,799,800,800,800,800,2499,2499,2499,2500,2499,2500,800,800,5.263157844543457,0,0,0,0,0,0,10,0,0,0,0,0,0,0,100,172630.6810913086,195506.49279785156,0,404327403520,8589930496,5982621696,114688
9,1791579726874,2500,2500,800,799,800,800,800,800,2499,2499,2499,2500,2499,2500,800,800,5.263157844543457,0,0,0,0,0,0,10,0,0,0,0,0,0,0,100,172630.83728027344,195506.80743408203,0,404327403520,8589930496,5991047168,114688
9,1791579726884,2500,2500,800,799,800,800,800,800,2499,2499,2499,2500,2499,2500,800,800,5.263157844543457,0,0,0,0,0,0,10,0,0,0,0,0,0,0,100,172630.9891357422,195507.1226196289,0,404327403520,8589930496,5991047168,114688
10,1791579726894,2500,2500,800,799,800,800,800,800,2499,2499,2499,2500,2499,2500,800,800,5.263157844543457,0,0,0,0,0,0,10,0,0,0,0,0,0,0,100,172631.14111328125,195507.43450927734,0,404327403520,8589930496,5991047168,114688
10,1791579726904,2500,2500,800,799,800,800,800,800,2499,2499,2499,2500,2499,2500,800,800,5.263157844543457,0,0,0,0,0,0,10,0,0,0,0,0,0,0,100,172631.29467773438,195507.75299072266,0,404327403520,8589930496,5991047168,114688
10,1791579726914,2500,2500,800,799,800,800,800,800,2499,2499,2499,2500,2499,2500,800,800,0,5,0,0,0,0,0,5,0,0,0,0,0,0,0,100,172631.44537353516,195508.06964111328,0,404327403520,8589930496,5991047168,114688
9,1791579726925,2500,2500,800,799,800,800,800,800,2499,2499,2499,2500,2499,2500,800,800,0,5,0,0,0,0,0,5,0,0,0,0,0,0,0,100,172631.60235595703,195508.38989257813,0,404327403520,8589930496,5998977024,114688
9,1791579726935,2500,2500,800,799,800,800,800,800,2499,2499,2499,2500,2499,2500,800,800,0,5,0,0,0,0,0,5,0,0,0,0,0,0,0,100,172631.77044677734,195508.72430419922,0,404327403520,8589930496,5998977024,114688
10,1791579726945,2500,2500,800,799,800,800,800,800,2499,2499,2499,2500,2499,2500,800,800,0,5,0,0,0,0,0,5,0,0,0,0,0,0,0,100,172631.9090576172,195509.01348876953,0,404327403520,8589930496,5998977024,114688
9,1791579726955,2500,2500,800,799,800,800,800,800,2499,2499,2499,2500,2499,2500,800,800,0,5,0,0,0,0,0,5,0,0,0,0,0,0,0,100,172632.06213378906,195509.33221435547,0,404327403520,8589930496,5998977024,114688
10,1791579726965,2500,2500,800,799,800,800,800,800,2499,2499,2499,2500,2499,2500,800,800,0,5,0,0,0,0,0,5,0,0,0,0,0,0,0,100,172632.21759033203,195509.64068603516,0,404327403520,8589930496,6007402496,114688
9,1791579726975,2500,2500,800,799,800,800,800,800,2499,2499,2499,2500,2499,2500,800,800,0,5,0,0,0,0,0,5,0,0,0,0,0,0,0,100,172632.3721923828,195509.9549560547,0,404327403520,8589930496,6007402496,114688
9,1791579726985,2500,2500,800,799,800,800,800,800,2499,2499,2499,2500,2499,2500,800,800,0,5,0,0,0,0,0,5,0,0,0,0,0,0,0,100,172632.53735351563,195510.29718017578,0,404327403520,8589930496,6007402496,114688
9,1791579726995,2500,2500,800,799,800,800,800,800,2499,2499,2499,2500,2499,2500,800,800,0,5,0,0,0,0,0,5,0,0,0,0,0,0,0,100,172632.69006347656,195510.60815429688,0,404327403520,8589930496,6007402496,114688
9,1791579727005,2500,2500,800,799,800,800,800,800,2499,2499,2499,2500,2499,2500,800,800,0,5,0,0,0,0,0,5,0,0,0,0,0,0,0,100,172632.84185791016,195510.92742919922,0,404327403520,8589930496,6008393728,114688
9,1791579727015,2500,2500,800,799,800,800,800,800,2499,2499,2499,2500,2499,2500,800,800,0,5,0,0,0,0,0,5,0,0,0,0,0,0,0,100,172632.9962158203,195511.23999023438,0,404327403520,8589930496,6015827968,114688
10,1791579727025,2500,2500,800,799,800,800,800,800,2499,2499,2499,2500,2499,2500,800,800,0,5,0,0,0,0,0,5,0,0,0,0,0,0,0,100,172633.15020751953,195511.55834960938,0,404327403520,8589930496,6015827968,114688
10,1791579727035,2500,2500,800,799,800,800,800,800,2499,2499,2499,2500,2499,2500,800,800,0,5,0,0,0,0,0,5,0,0,0,0,0,0,0,100,172633.3032836914,195511.86517333984,0,404327403520,8589930496,6015827968,114688
10,1791579727045,2500,2500,800,799,800,800,800,800,2499,2499,2499,2500,2499,2500,800,800,0,5,0,0,0,0,0,5,0,0,0,0,0,0,0,100,172633.45635986328,195512.18029785156,0,404327403520,8589930496,6015827968,114688
9,1791579727056,2500,2500,800,799,800,800,800,800,2499,2499,2499,2500,2499,2500,800,800,0,5,0,0,0,0,0,5,0,0,0,0,0,0,0,100,172633.60833740234,195512.49298095703,0,404327403520,8589930496,6023757824,114688
9,1791579727066,2500,2500,800,799,800,800,800,800,2499,2499,2499,2500,2499,2500,800,800,0,5,0,0,0,0,0,5,0,0,0,0,0,0,0,100,172633.76147460938,195512.80401611328,0,404327403520,8589930496,6023757824,114688
10,1791579727076,2500,2500,800,799,800,800,800,800,2499,2499,2499,2500,2499,2500,800,800,0,5,0,0,0,0,0,5,0,0,0,0,0,0,0,100,172633.91802978516,195513.11596679688,0,404327403520,8589930496,6023757824,114688
9,1791579727086,2500,2500,800,799,800,800,800,800,2499,2499,2499,2500,2499,2500,800,800,0,5,0,0,0,0,0,5,0,0,0,0,0,0,0,100,172634.0712890625,195513.43438720703,0,404327403520,8589930496,6015500288,114688
10,1791579727096,2500,2500,800,799,800,800,800,800,2499,2499,2499,2500,2499,2500,800,800,0,5,0,0,0,0,0,5,0,0,0,0,0,0,0,100,172634.22216796875,195513.74432373047,0,404327403520,8589930496,6023925760,114688
9,1791579727106,2500,2500,800,799,800,800,800,800,2499,2499,2499,2500,2499,2500,800,800,0,5,0,0,0,0,0,5,0,0,0,0,0,0,0,100,172634.36700439453,195514.05499267578,0,404327403520,8589930496,6023925760,114688
9,1791579727116,2500,2500,800,799,800,800,800,800,2499,2499,2499,2500,2499,2500,800,800,10,0,4.761904716491699,0,0,0,0,5,5,0,0,0,0,0,0,100,172634.53546142578,195514.40057373047,0,404327403520,8589930496,6023925760,114688
9,1791579727126,2500,2500,800,799,800,800,800,800,2499,2499,2499,2500,2499,2500,800,800,10,0,4.761904716491699,0,0,0,0,5,5,0,0,0,0,0,0,100,172634.6737060547,195514.6798095703,0,404327403520,8589930496,6023925760,114688
9,1791579727136,2500,2500,800,799,800,800,800,800,2499,2499,2499,2500,2499,2500,800,800,10,0,4.761904716491699,0,0,0,0,5,5,0,0,0,0,0,0,100,172634.84490966797,195515.0209350586,0,404327403520,8589930496,6023925760,114688
9,1791579727146,2500,2500,800,799,800,800,800,800,2499,2499,2499,2500,2499,2500,800,800,10,0,4.761904716491699,0,0,0,0,5,5,0,0,0,0,0,0,100,172635.0023803711,195515.33056640625,0,404327403520,8589930496,6031163392,114688
9,1791579727156,2500,2500,800,799,800,800,800,800,2499,2499,2499,2500,2499,2500,800,800,10,0,4.761904716491699,0,0,0,0,5,5,0,0,0,0,0,0,100,172635.15673828125,195515.6082763672,0,404327403520,8589930496,6031163392,114688
10,1791579727166,2500,2500,800,799,800,800,800,800,2499,2499,2499,2500,2499,2500,800,800,10,0,4.761904716491699,0,0,0,0,5,5,0,0,0,0,0,0,100,172635.30505371094,195515.94757080078,0,404327403520,8589930496,6031163392,114688
9,1791579727176,2500,2500,800,799,800,800,800,800,2499,2499,2499,2500,2499,2500,800,800,10,0,4.761904716491699,0,0,0,0,5,5,0,0,0,0,0,0,100,172635.45959472656,195516.2618408203,0,404327403520,8589930496,6031163392,114688
9,1791579727186,2500,2500,800,799,800,800,800,800,2499,2499,2499,2500,2499,2500,800,800,10,0,4.761904716491699,0,0,0,0,5,5,0,0,0,0,0,0,100,172635.60821533203,195516.57208251953,0,404327403520,8589930496,6039093248,114688
9,1791579727196,2500,2500,800,799,800,800,800,800,2499,2499,2499,2500,2499,2500,800,800,10,0,4.761904716491699,0,0,0,0,5,5,0,0,0,0,0,0,100,172635.76293945313,195516.88549804688,0,404327403520,8589930496,6039093248,114688
9,1791579727207,2500,2500,800,799,800,800,800,800,2499,2499,2499,2500,2499,2500,800,800,10,0,4.761904716491699,0,0,0,0,5,5,0,0,0,0,0,0,100,172635.91619873047,195517.19995117188,0,404327403520,8589930496,6039093248,114688
9,1791579727217,2500,2500,800,799,800,800,800,800,2499,2499,2499,2500,2499,2500,800,800,10,0,4.761904716491699,0,0,0,0,5,5,0,0,0,0,0,0,100,172636.0731201172,195517.51287841797,0,404327403520,8589930496,6039093248,114688
10,1791579727227,2500,2500,800,799,800,800,800,800,2499,2499,2499,2500,2499,2500,800,800,10,0,4.761904716491699,0,0,0,0,5,5,0,0,0,0,0,0,100,172636.23022460938,195517.82415771484,0,404327403520,8589930496,6039093248,114688
9,1791579727237,2500,2500,800,799,800,800,800,800,2499,2499,2499,2500,2499,2500,800,800,10,0,4.761904716491699,0,0,0,0,5,5,0,0,0,0,0,0,100,172636.38305664063,195518.13623046875,0,404327403520,8589930496,6047518720,114688
9,1791579727247,2500,2500,800,799,800,800,800,800,2499,2499,2499,2500,2499,2500,800,800,10,0,4.761904716491699,0,0,0,0,5,5,0,0,0,0,0,0,100,172636.53778076172,195518.44598388672,0,404327403520,8589930496,6047518720,114688
9,1791579727257,2500,2500,800,799,800,800,800,800,2499,2499,2499,2500,2499,2500,800,800,10,0,4.761904716491699,0,0,0,0,5,5,0,0,0,0,0,0,100,172636.69018554688,195518.75610351563,0,404327403520,8589930496,6047518720,114688
9,1791579727267,2500,2500,800,799,800,800,800,800,2499,2499,2499,2500,2499,2500,800,800,10,0,4.761904716491699,0,0,0,0,5,5,0,0,0,0,0,0,100,172636.84399414063,195519.07067871094,0,404327403520,8589930496,6047518720,114688
9,1791579727277,2500,2500,800,799,800,800,800,800,2499,2499,2499,2500,2499,2500,800,800,10,0,4.761904716491699,0,0,0,0,5,5,0,0,0,0,0,0,100,172636.9937133789,195519.38256835938,0,404327403520,8589930496,6055448576,114688
9,1791579727287,2500,2500,800,799,800,800,800,800,2499,2499,2499,2500,2499,2500,800,800,10,0,4.761904716491699,0,0,0,0,5,5,0,0,0,0,0,0,100,172637.1513671875,195519.69274902344,0,404327403520,8589930496,6055448576,114688
9,1791579727297,2500,2500,800,799,800,800,800,800,2499,2499,2499,2500,2499,2500,800,800,10,0,4.761904716491699,0,0,0,0,5,5,0,0,0,0,0,0,100,172637.30462646484,195520.00494384766,0,404327403520,8589930496,6055448576,114688
10,1791579727307,2500,2500,800,799,800,800,800,800,2499,2499,2499,2500,2499,2500,800,800,10,0,4.761904716491699,0,0,0,0,5,5,0,0,0,0,0,0,100,172637.4584350586,195520.3172607422,0,404327403520,8589930496,6055448576,114688
10,1791579727317,2500,2500,800,799,800,800,800,800,2499,2499,2499,2500,2499,2500,800,800,5.263157844543457,0,0,0,0,0,0,5.263157844543457,0,0,0,5,0,0,4.761904716491699,100,172637.62133789063,195520.662109375,0,404327403520,8589930496,6055448576,114688
9,1791579727327,2500,2500,800,799,800,800,800,800,2499,2499,2499,2500,2499,2500,800,800,5.263157844543457,0,0,0,0,0,0,5.263157844543457,0,0,0,5,0,0,4.761904716491699,100,172637.7797241211,195520.97344970703,0,404327403520,8589930496,6063874048,114688
9,1791579727338,2500,2500,800,799,800,800,800,800,2499,2499,2499,2500,2499,2500,800,800,5.263157844543457,0,0,0,0,0,0,5.263157844543457,0,0,0,5,0,0,4.761904716491699,100,172637.93389892578,195521.28686523438,0,404327403520,8589930496,6063874048,114688
9,1791579727348,2500,2500,800,799,800,800,800,800,2499,2499,2499,2500,2499,2500,800,800,5.263157844543457,0,0,0,0,0,0,5.263157844543457,0,0,0,5,0,0,4.761904716491699,100,172638.08770751953,195521.59698486328,0,404327403520,8589930496,6063874048,114688
9,1791579727358,2500,2500,800,799,800,800,800,800,2499,2499,2499,2500,2499,2500,800,800,5.263157844543457,0,0,0,0,0,0,5.263157844543457,0,0,0,5,0,0,4.761904716491699,100,172638.23858642578,195521.90942382813,0,404327403520,8589930496,6063874048,114688
10,1791579727368,2500,2500,800,799,800,800,800,800,2499,2499,2499,2500,2499,2500,800,800,5.263157844543457,0,0,0,0,0,0,5.263157844543457,0,0,0,5,0,0,4.761904716491699,100,172638.3900756836,195522.2158203125,0,404327403520,8589930496,6072299520,114688
9,1791579727378,2500,2500,800,799,800,800,800,800,2499,2499,2499,2500,2499,2500,800,800,5.263157844543457,0,0,0,0,0,0,5.263157844543457,0,0,0,5,0,0,4.761904716491699,100,172638.54223632813,195522.52880859375,0,404327403520,8589930496,6072299520,114688
9,1791579727388,2500,2500,800,799,800,800,800,800,2499,2499,2499,2500,2499,2500,800,800,5.263157844543457,0,0,0,0,0,0,5.263157844543457,0,0,0,5,0,0,4.761904716491699,100,172638.69494628906,195522.8406982422,0,404327403520,8589930496,6072299520,114688
9,1791579727398,2500,2500,800,799,800,800,800,800,2499,2499,2499,2500,2499,2500,800,800,5.263157844543457,0,0,0,0,0,0,5.263157844543457,0,0,0,5,0,0,4.761904716491699,100,172638.8452758789,195523.1561279297,0,404327403520,8589930496,6072299520,114688
9,1791579727408,2500,2500,800,799,800,800,800,800,2499,2499,2499,2500,2499,2500,800,800,5.263157844543457,0,0,0,0,0,0,5.263157844543457,0,0,0,5,0,0,4.761904716491699,100,172638.99871826172,195523.4708251953,0,404327403520,8589930496,6072299520,114688
9,1791579727418,2500,2500,800,799,800,800,800,800,2499,2499,2499,2500,2499,2500,800,800,5.263157844543457,0,0,0,0,0,0,5.263157844543457,0,0,0,5,0,0,4.761904716491699,100,172639.14849853516,195523.78540039063,0,404327403520,8589930496,6080229376,114688
9,1791579727428,2500,2500,800,799,800,800,800,800,2499,2499,2499,2500,2499,2500,800,800,5.263157844543457,0,0,0,0,0,0,5.263157844543457,0,0,0,5,0,0,4.761904716491699,100,172639.29791259766,195524.0955810547,0,404327403520,8589930496,6080229376,114688
9,1791579727438,2500,2500,800,799,800,800,800,800,2499,2499,2499,2500,2499,2500,800,800,5.263157844543457,0,0,0,0,0,0,5.263157844543457,0,0,0,5,0,0,4.761904716491699,100,172639.45043945313,195524.4076538086,0,404327403520,8589930496,6080229376,114688
9,1791579727448,2500,2500,800,799,800,800,800,800,2499,2499,2499,2500,2499,2500,800,800,5.263157844543457,0,0,0,0,0,0,5.263157844543457,0,0,0,5,0,0,4.761904716491699,100,172639.6016845703,195524.72204589844,0,404327403520,8589930496,6080229376,114688
9,1791579727458,2500,2500,800,799,800,800,800,800,2499,2499,2499,2500,2499,2500,800,800,5.263157844543457,0,0,0,0,0,0,5.263157844543457,0,0,0,5,0,0,4.761904716491699,100,172639.75787353516,195525.03704833984,0,404327403520,8589930496,6088654848,114688
9,1791579727468,2500,2500,800,799,800,800,800,800,2499,2499,2499,2500,2499,2500,800,800,5.263157844543457,0,0,0,0,0,0,5.263157844543457,0,0,0,5,0,0,4.761904716491699,100,172639.9281616211,195525.38146972656,0,404327403520,8589930496,6088654848,114688
10,1791579727478,2500,2500,800,799,800,800,800,800,2499,2499,2499,2500,2499,2500,800,800,5.263157844543457,0,0,0,0,0,0,5.263157844543457,0,0,0,5,0,0,4.761904716491699,100,172640.0623779297,195525.6607055664,0,404327403520,8589930496,6088654848,114688
10,1791579727489,2500,2500,800,799,800,800,800,800,2499,2499,2499,2500,2499,2500,800,800,5.263157844543457,0,0,0,0,0,0,5.263157844543457,0,0,0,5,0,0,4.761904716491699,100,172640.212890625,195525.96978759766,0,404327403520,8589930496,6088654848,114688
9,1791579727499,2500,2500,800,799,800,800,800,800,2499,2499,2499,2500,2499,2500,800,800,5.263157844543457,0,0,0,0,0,0,5.263157844543457,0,0,0,5,0,0,4.761904716491699,100,172640.3828125,195526.3139038086,0,404327403520,8589930496,6088654848,114688
9,1791579727509,2500,2500,800,799,800,800,800,800,2499,2499,2499,2500,2499,2500,800,800,5.263157844543457,0,0,0,0,0,0,5.263157844543457,0,0,0,5,0,0,4.761904716491699,100,172640.53131103516,195526.62786865234,0,404327403520,8589930496,6088654848,114688
10,1791579727519,2500,2500,800,799,800,800,800,800,2499,2499,2499,2500,2499,2500,800,800,0,0,0,0,5,0,0,9.523809432983398,0,0,0,0,0,0,0,100,172640.6840209961,195526.94299316406,0,404327403520,8589930496,6088654848,114688
9,1791579727529,2500,2500,800,799,800,800,800,800,2499,2499,2499,2500,2499,2500,800,800,0,0,0,0,5,0,0,9.523809432983398,0,0,0,0,0,0,0,100,172640.83856201172,195527.25115966797,0,404327403520,8589930496,6088654848,114688
9,1791579727539,2500,2500,800,799,800,800,800,800,2499,2499,2499,2500,2499,2500,800,800,0,0,0,0,5,0,0,9.523809432983398,0,0,0,0,0,0,0,100,172640.9974975586,195527.56317138672,0,404327403520,8589930496,6088654848,114688
9,1791579727549,2500,2500,800,799,800,800,800,800,2499,2499,2499,2500,2499,2500,800,800,0,0,0,0,5,0,0,9.523809432983398,0,0,0,0,0,0,0,100,172641.1527709961,195527.87622070313,0,404327403520,8589930496,6088654848,114688
10,1791579727559,2500,2500,800,799,800,800,800,800,2499,2499,2499,2500,2499,2500,800,800,0,0,0,0,5,0,0,9.523809432983398,0,0,0,0,0,0,0,100,172641.30206298828,195528.18634033203,0,404327403520,8589930496,6088654848,114688
9,1791579727569,2500,2500,800,799,800,800,800,800,2499,2499,2499,2500,2499,2500,800,800,0,0,0,0,5,0,0,9.523809432983398,0,0,0,0,0,0,0,100,172641.45642089844,195528.49768066406,0,404327403520,8589930496,6088654848,114688
9,1791579727579,2500,2500,800,799,800,800,800,800,2499,2499,2499,2500,2499,2500,800,800,0,0,0,0,5,0,0,9.523809432983398,0,0,0,0,0,0,0,100,172641.6142578125,195528.81115722656,0,404327403520,8589930496,6088654848,114688
9,1791579727589,2500,2500,800,799,800,800,800,800,2499,2499,2499,2500,2499,2500,800,800,0,0,0,0,5,0,0,9.523809432983398,0,0,0,0,0,0,0,100,172641.76403808594,195529.12335205078,0,404327403520,8589930496,6088654848,114688
9,1791579727599,2500,2500,800,799,800,800,800,800,2499,2499,2499,2500,2499,2500,800,800,0,0,0,0,5,0,0,9.523809432983398,0,0,0,0,0,0,0,100,172641.92974853516,195529.44140625,0,404327403520,8589930496,6088654848,114688
10,1791579727609,2500,2500,800,799,800,800,800,800,2499,2499,2499,2500,2499,2500,800,800,0,0,0,0,5,0,0,9.523809432983398,0,0,0,0,0,0,0,100,172642.07067871094,195529.75115966797,0,404327403520,8589930496,6088654848,114688
9,1791579727620,2500,2500,800,799,800,800,800,800,2499,2499,2499,2500,2499,2500,800,800,0,0,0,0,5,0,0,9.523809432983398,0,0,0,0,0,0,0,100,172642.24353027344,195530.09869384766,0,404327403520,8589930496,6088654848,114688
9,1791579727630,2500,2500,800,799,800,800,800,800,2499,2499,2499,2500,2499,2500,800,800,0,0,0,0,5,0,0,9.523809432983398,0,0,0,0,0,0,0,100,172642.39569091797,195530.40899658203,0,404327403520,8589930496,6088654848,114688
9,1791579727640,2500,2500,800,799,800,800,800,800,2499,2499,2499,2500,2499,2500,800,800,0,0,0,0,5,0,0,9.523809432983398,0,0,0,0,0,0,0,100,172642.54833984375,195530.7241821289,0,404327403520,8589930496,6088654848,114688
9,1791579727650,2500,2500,800,799,800,800,800,800,2499,2499,2499,2500,2499,2500,800,800,0,0,0,0,5,0,0,9.523809432983398,0,0,0,0,0,0,0,100,172642.70471191406,195531.03356933594,0,404327403520,8589930496,6088654848,114688
9,1791579727660,2500,2500,800,799,800,800,800,800,2499,2499,2499,2500,2499,2500,800,800,0,0,0,0,5,0,0,9.523809432983398,0,0,0,0,0,0,0,100,172642.85681152344,195531.34716796875,0,404327403520,8589930496,6088654848,114688
9,1791579727670,2500,2500,800,799,800,800,800,800,2499,2499,2499,2500,2499,2500,800,800,0,0,0,0,5,0,0,9.523809432983398,0,0,0,0,0,0,0,100,172643.01300048828,195531.66278076172,0,404327403520,8589930496,6088654848,114688
9,1791579727680,2500,2500,800,799,800,800,800,800,2499,2499,2499,2500,2499,2500,800,800,0,0,0,0,5,0,0,9.523809432983398,0,0,0,0,0,0,0,100,172643.16827392578,195531.97827148438,0,404327403520,8589930496,6088654848,114688
10,1791579727690,2500,2500,800,799,800,800,800,800,2499,2499,2499,2500,2499,2500,800,800,0,0,0,0,5,0,0,9.523809432983398,0,0,0,0,0,0,0,100,172643.3175048828,195532.29791259766,0,404327403520,8589930496,6088654848,114688
9,1791579727700,2500,2500,800,799,800,800,800,800,2499,2499,2499,2500,2499,2500,800,800,0,0,0,0,5,0,0,9.523809432983398,0,0,0,0,0,0,0,100,172643.46948242188,195532.60772705078,0,404327403520,8589930496,6088654848,114688
9,1791579727710,2500,2500,800,799,800,800,800,800,2499,2499,2499,2500,2499,2500,800,800,0,0,0,0,5,0,0,9.523809432983398,0,0,0,0,0,0,0,100,172643.62017822266,195532.92401123047,0,404327403520,8589930496,6088654848,114688
10,1791579727720,2500,2500,800,799,800,800,800,800,2499,2499,2499,2500,2499,2500,800,800,0,5,0,0,0,4.761904716491699,0,5.263157844543457,0,0,0,0,0,0,0,100,172643.77087402344,195533.23510742188,0,404327403520,8589930496,6088654848,114688
9,1791579727730,2500,2500,800,799,800,800,800,800,2499,2499,2499,2500,2499,2500,800,800,0,5,0,0,0,4.761904716491699,0,5.263157844543457,0,0,0,0,0,0,0,100,172643.91827392578,195533.54779052734,0,404327403520,8589930496,6088654848,114688
9,1791579727740,2500,2500,800,799,800,800,800,800,2499,2499,2499,2500,2499,2500,800,800,0,5,0,0,0,4.761904716491699,0,5.263157844543457,0,0,0,0,0,0,0,100,172644.07354736328,195533.86669921875,0,404327403520,8589930496,6088654848,114688
10,1791579727750,2500,2500,800,799,800,800,800,800,2499,2499,2499,2500,2499,2500,800,800,0,5,0,0,0,4.761904716491699,0,5.263157844543457,0,0,0,0,0,0,0,100,172644.22607421875,195534.1834716797,0,404327403520,8589930496,6088654848,114688
9,1791579727761,2500,2500,800,799,800,800,800,800,2499,2499,2499,2500,2499,2500,800,800,0,5,0,0,0,4.761904716491699,0,5.263157844543457,0,0,0,0,0,0,0,100,172644.3817138672,195534.4971923828,0,404327403520,8589930496,6088654848,114688
9,1791579727771,2500,2500,800,799,800,800,800,800,2499,2499,2499,2500,2499,2500,800,800,0,5,0,0,0,4.761904716491699,0,5.263157844543457,0,0,0,0,0,0,0,100,172644.54321289063,195534.8099975586,0,404327403520,8589930496,6088654848,114688
10,1791579727781,2500,2500,800,799,800,800,800,800,2499,2499,2499,2500,2499,2500,800,800,0,5,0,0,0,4.761904716491699,0,5.263157844543457,0,0,0,0,0,0,0,100,172644.69830322266,195535.12957763672,0,404327403520,8589930496,6088654848,114688
9,1791579727791,2500,2500,800,799,800,800,800,800,2499,2499,2499,2500,2499,2500,800,800,0,5,0,0,0,4.761904716491699,0,5.263157844543457,0,0,0,0,0,0,0,100,172644.85485839844,195535.43896484375,0,404327403520,8589930496,6088654848,114688
9,1791579727801,2500,2500,800,799,800,800,800,800,2499,2499,2499,2500,2499,2500,800,800,0,5,0,0,0,4.761904716491699,0,5.263157844543457,0,0,0,0,0,0,0,100,172645.0092163086,195535.7494506836,0,404327403520,8589930496,6088654848,114688
9,1791579727811,2500,2500,800,799,800,800,800,800,2499,2499,2499,2500,2499,2500,800,800,0,5,0,0,0,4.761904716491699,0,5.263157844543457,0,0,0,0,0,0,0,100,172645.18127441406,195536.09661865234,0,404327403520,8589930496,6088654848,114688
10,1791579727821,2500,2500,800,799,800,800,800,800,2499,2499,2499,2500,2499,2500,800,800,0,5,0,0,0,4.761904716491699,0,5.263157844543457,0,0,0,0,0,0,0,100,172645.31774902344,195536.38018798828,0,404327403520,8589930496,6088654848,114688
10,1791579727831,2500,2500,800,799,800,800,800,800,2499,2499,2499,2500,2499,2500,800,800,0,5,0,0,0,4.761904716491699,0,5.263157844543457,0,0,0,0,0,0,0,100,172645.47186279297,195536.68951416016,0,404327403520,8589930496,6088654848,114688
10,1791579727841,2500,2500,800,799,800,800,800,800,2499,2499,2499,2500,2499,2500,800,800,0,5,0,0,0,4.761904716491699,0,5.263157844543457,0,0,0,0,0,0,0,100,172645.64141845703,195537.0308227539,0,404327403520,8589930496,6088654848,114688
9,1791579727851,2500,2500,800,799,800,800,800,800,2499,2499,2499,2500,2499,2500,800,800,0,5,0,0,0,4.761904716491699,0,5.263157844543457,0,0,0,0,0,0,0,100,172645.79760742188,195537.34985351563,0,404327403520,8589930496,6088654848,114688
10,1791579727861,2500,2500,800,799,800,800,800,800,2499,2499,2499,2500,2499,2500,800,800,0,5,0,0,0,4.761904716491699,0,5.263157844543457,0,0,0,0,0,0,0,100,172645.94940185547,195537.66400146484,0,404327403520,8589930496,6088654848,114688
9,1791579727871,2500,2500,800,799,800,800,800,800,2499,2499,2499,2500,2499,2500,800,800,0,5,0,0,0,4.761904716491699,0,5.263157844543457,0,0,0,0,0,0,0,100,172646.1026611328,195537.97314453125,0,404327403520,8589930496,6088654848,114688
9,1791579727881,2500,2500,800,799,800,800,800,800,2499,2499,2499,2500,2499,2500,800,800,0,5,0,0,0,4.761904716491699,0,5.263157844543457,0,0,0,0,0,0,0,100,172646.25787353516,195538.2876586914,0,404327403520,8589930496,6088654848,114688
9,1791579727892,2500,2500,800,799,800,800,800,800,2499,2499,2499,2500,2499,2500,800,800,0,5,0,0,0,4.761904716491699,0,5.263157844543457,0,0,0,0,0,0,0,100,172646.40881347656,195538.60247802734,0,404327403520,8589930496,6088654848,114688
9,1791579727902,2500,2500,800,799,800,800,800,800,2499,2499,2499,2500,2499,2500,800,800,0,5,0,0,0,4.761904716491699,0,5.263157844543457,0,0,0,0,0,0,0,100,172646.5595703125,195538.9107055664,0,404327403520,8589930496,6088654848,114688
10,1791579727912,2500,2500,800,799,800,800,800,800,2499,2499,2499,2500,2499,2500,800,800,0,5,0,0,0,4.761904716491699,0,5.263157844543457,0,0,0,0,0,0,0,100,172646.71551513672,195539.22967529297,0,404327403520,8589930496,6088654848,114688
9,1791579727922,2500,2500,800,799,800,800,800,800,2499,2499,2499,2500,2499,2500,800,800,5,0,0,0,0,0,0,5,0,0,0,0,0,5,0,100,172646.87622070313,195539.54821777344,0,404327403520,8589930496,6088654848,114688
10,1791579727932,2500,2500,800,799,800,800,800,800,2499,2499,2499,2500,2499,2500,800,800,5,0,0,0,0,0,0,5,0,0,0,0,0,5,0,100,172647.02838134766,195539.86407470703,0,404327403520,8589930496,6088654848,114688
9,1791579727942,2500,2500,800,799,800,800,800,800,2499,2499,2499,2500,2499,2500,800,800,5,0,0,0,0,0,0,5,0,0,0,0,0,5,0,100,172647.18579101563,195540.18280029297,0,404327403520,8589930496,6088654848,114688
9,1791579727952,2500,2500,800,799,800,800,800,800,2499,2499,2499,2500,2499,2500,800,800,5,0,0,0,0,0,0,5,0,0,0,0,0,5,0,100,172647.3406982422,195540.49237060547,0,404327403520,8589930496,6088654848,114688
9,1791579727962,2500,2500,800,799,800,800,800,800,2499,2499,2499,2500,2499,2500,800,800,5,0,0,0,0,0,0,5,0,0,0,0,0,5,0,100,172647.49603271484,195540.81121826172,0,404327403520,8589930496,6088654848,114688
10,1791579727972,2500,2500,800,799,800,800,800,800,2499,2499,2499,2500,2499,2500,800,800,5,0,0,0,0,0,0,5,0,0,0,0,0,5,0,100,172647.64782714844,195541.11602783203,0,404327403520,8589930496,6088654848,114688
9,1791579727982,2500,2500,800,799,800,800,800,800,2499,2499,2499,2500,2499,2500,800,800,5,0,0,0,0,0,0,5,0,0,0,0,0,5,0,100,172647.81896972656,195541.46588134766,0,404327403520,8589930496,6088654848,114688
9,1791579727992,2500,2500,800,799,800,800,800,800,2499,2499,2499,2500,2499,2500,800,800,5,0,0,0,0,0,0,5,0,0,0,0,0,5,0,100,172647.97552490234,195541.77899169922,0,404327403520,8589930496,6088654848,114688
9,1791579728002,2500,2500,800,799,800,800,800,800,2499,2499,2499,2500,2499,2500,800,800,5,0,0,0,0,0,0,5,0,0,0,0,0,5,0,100,172648.13360595703,195542.09246826172,0,404327403520,8589930496,6088654848,114688
9,1791579728012,2500,2500,800,799,800,800,800,800,2499,2499,2499,2500,2499,2500,800,800,5,0,0,0,0,0,0,5,0,0,0,0,0,5,0,100,172648.29290771484,195542.40924072266,0,404327403520,8589930496,6088654848,114688
10,1791579728022,2500,2500,800,799,800,800,800,800,2499,2499,2499,2500,2499,2500,800,800,5,0,0,0,0,0,0,5,0,0,0,0,0,5,0,100,172648.45208740234,195542.72369384766,0,404327403520,8589930496,6088654848,114688
10,1791579728032,2500,2500,800,799,800,800,800,800,2499,2499,2499,2500,2499,2500,800,800,5,0,0,0,0,0,0,5,0,0,0,0,0,5,0,100,172648.6058959961,195543.03955078125,0,404327403520,8589930496,6088654848,114688
9,1791579728043,2500,2500,800,799,800,800,800,800,2499,2499,2499,2500,2499,2500,800,800,5,0,0,0,0,0,0,5,0,0,0,0,0,5,0,100,172648.76037597656,195543.35357666016,0,404327403520,8589930496,6088654848,114688
9,1791579728053,2500,2500,800,799,800,800,800,800,2499,2499,2499,2500,2499,2500,800,800,5,0,0,0,0,0,0,5,0,0,0,0,0,5,0,100,172648.9158935547,195543.66967773438,0,404327403520,8589930496,6088654848,114688
9,1791579728063,2500,2500,800,799,800,800,800,800,2499,2499,2499,2500,2499,2500,800,800,5,0,0,0,0,0,0,5,0,0,0,0,0,5,0,100,172649.07446289063,195543.98211669922,0,404327403520,8589930496,6088654848,114688
9,1791579728073,2500,2500,800,799,800,800,800,800,2499,2499,2499,2500,2499,2500,800,800,5,0,0,0,0,0,0,5,0,0,0,0,0,5,0,100,172649.23211669922,195544.29626464844,0,404327403520,8589930496,6088654848,114688
9,1791579728083,2500,2500,800,799,800,800,800,800,2499,2499,2499,2500,2499,2500,800,800,5,0,0,0,0,0,0,5,0,0,0,0,0,5,0,100,172649.3939819336,195544.60888671875,0,404327403520,8589930496,6088654848,114688
10,1791579728093,2500,2500,800,799,800,800,800,800,2499,2499,2499,2500,2499,2500,800,800,5,0,0,0,0,0,0,5,0,0,0,0,0,5,0,100,172649.54888916016,195544.92224121094,0,404327403520,8589930496,6088654848,114688
9,1791579728103,2500,2500,800,799,800,800,800,800,2499,2499,2499,2500,2499,2500,800,800,5,0,0,0,0,0,0,5,0,0,0,0,0,5,0,100,172649.70288085938,195545.23376464844,0,404327403520,8589930496,6080139264,114688
10,1791579728113,2500,2500,800,799,800,800,800,800,2499,2499,2499,2500,2499,2500,800,800,5,0,0,0,0,0,0,5,0,0,0,0,0,5,0,100,172649.85821533203,195545.5487060547,0,404327403520,8589930496,6080450560,114688
9,1791579728123,2500,2500,800,799,800,800,800,800,2499,2499,2499,2500,2499,2500,800,800,5.263157844543457,5,0,5,0,0,0,5,0,0,5,5,0,0,0,100,172650.02575683594,195545.8936767578,0,404327403520,8589930496,6080450560,114688
10,1791579728133,2500,2500,800,799,800,800,800,800,2499,2499,2499,2500,2499,2500,800,800,5.263157844543457,5,0,5,0,0,0,5,0,0,5,5,0,0,0,100,172650.1649169922,195546.1778564453,0,404327403520,8589930496,6080450560,114688
9,1791579728143,2500,2500,800,799,800,800,800,800,2499,2499,2499,2500,2499,2500,800,800,5.263157844543457,5,0,5,0,0,0,5,0,0,5,5,0,0,0,100,172650.33557128906,195546.51885986328,0,404327403520,8589930496,6080450560,114688
9,1791579728153,2500,2500,800,799,800,800,800,800,2499,2499,2499,2500,2499,2500,800,800,5.263157844543457,5,0,5,0,0,0,5,0,0,5,5,0,0,0,100,172650.48388671875,195546.8344116211,0,404327403520,8589930496,6080450560,114688
9,1791579728164,2500,2500,800,799,800,800,800,800,2499,2499,2499,2500,2499,2500,800,800,5.263157844543457,5,0,5,0,0,0,5,0,0,5,5,0,0,0,100,172650.63751220703,195547.150390625,0,404327403520,8589930496,6080450560,114688
9,1791579728174,2500,2500,800,799,800,800,800,800,2499,2499,2499,2500,2499,2500,800,800,5.263157844543457,5,0,5,0,0,0,5,0,0,5,5,0,0,0,100,172650.7940673828,195547.4605102539,0,404327403520,8589930496,6079934464,114688
9,1791579728184,2500,2500,800,799,800,800,800,800,2499,2499,2499,2500,2499,2500,800,800,5.263157844543457,5,0,5,0,0,0,5,0,0,5,5,0,0,0,100,172650.95135498047,195547.7723388672,0,404327403520,8589930496,6079934464,114688
9,1791579728194,2500,2500,800,799,800,800,800,800,2499,2499,2499,2500,2499,2500,800,800,5.263157844543457,5,0,5,0,0,0,5,0,0,5,5,0,0,0,100,172651.1064453125,195548.08557128906,0,404327403520,8589930496,6079934464,114688
9,1791579728204,2500,2500,800,799,800,800,800,800,2499,2499,2499,2500,2499,2500,800,800,5.263157844543457,5,0,5,0,0,0,5,0,0,5,5,0,0,0,100,172651.2611694336,195548.39776611328,0,404327403520,8589930496,6079934464,114688
9,1791579728214,2500,2500,800,799,800,800,800,800,2499,2499,2499,2500,2499,2500,800,800,5.263157844543457,5,0,5,0,0,0,5,0,0,5,5,0,0,0,100,172651.4110107422,195548.71185302734,0,404327403520,8589930496,6079934464,114688
9,1791579728224,2500,2500,800,799,800,800,800,800,2499,2499,2499,2500,2499,2500,800,800,5.263157844543457,5,0,5,0,0,0,5,0,0,5,5,0,0,0,100,172651.56280517578,195549.02362060547,0,404327403520,8589930496,6079934464,114688
10,1791579728234,2500,2500,800,799,800,800,800,800,2499,2499,2499,2500,2499,2500,800,800,5.263157844543457,5,0,5,0,0,0,5,0,0,5,5,0,0,0,100,172651.71936035156,195549.33294677734,0,404327403520,8589930496,6079934464,114688
9,1791579728244,2500,2500,800,799,800,800,800,800,2499,2499,2499,2500,2499,2500,800,800,5.263157844543457,5,0,5,0,0,0,5,0,0,5,5,0,0,0,100,172651.86962890625,195549.6444091797,0,404327403520,8589930496,6079934464,114688
10,1791579728254,2500,2500,800,799,800,800,800,800,2499,2499,2499,2500,2499,2500,800,800,5.263157844543457,5,0,5,0,0,0,5,0,0,5,5,0,0,0,100,172652.02252197266,195549.96099853516,0,404327403520,8589930496,6079934464,114688
9,1791579728264,2500,2500,800,799,800,800,800,800,2499,2499,2499,2500,2499,2500,800,800,5.263157844543457,5,0,5,0,0,0,5,0,0,5,5,0,0,0,100,172652.1739501953,195550.27612304688,0,404327403520,8589930496,6079934464,114688
10,1791579728274,2500,2500,800,799,800,800,800,800,2499,2499,2499,2500,2499,2500,800,800,5.263157844543457,5,0,5,0,0,0,5,0,0,5,5,0,0,0,100,172652.3198852539,195550.58575439453,0,404327403520,8589930496,6079934464,114688
10,1791579728284,2500,2500,800,799,800,800,800,800,2499,2499,2499,2500,2499,2500,800,800,5.263157844543457,5,0,5,0,0,0,5,0,0,5,5,0,0,0,100,172652.4732055664,195550.86920166016,0,404327403520,8589930496,6079934464,114688
10,1791579728294,2500,2500,800,799,800,800,800,800,2499,2499,2499,2500,2499,2500,800,800,5.263157844543457,5,0,5,0,0,0,5,0,0,5,5,0,0,0,100,172652.62036132813,195551.21563720703,0,404327403520,8589930496,6079934464,114688
9,1791579728304,2500,2500,800,799,800,800,800,800,2499,2499,2499,2500,2499,2500,800,800,5.263157844543457,5,0,5,0,0,0,5,0,0,5,5,0,0,0,100,172652.7852783203,195551.55419921875,0,404327403520,8589930496,6079934464,114688
9,1791579728315,2500,2500,800,799,800,800,800,800,2499,2499,2499,2500,2499,2500,800,800,5.263157844543457,5,0,5,0,0,0,5,0,0,5,5,0,0,0,100,172652.9405517578,195551.86462402344,0,404327403520,8589930496,6079934464,114688
9,1791579728325,2500,2500,800,799,800,800,800,800,2499,2499,2499,2500,2499,2500,800,800,0,0,0,0,0,0,5,10,0,0,0,0,0,0,0,100,172653.08850097656,195552.17755126953,0,404327403520,8589930496,6079934464,114688
10,1791579728335,2500,2500,800,799,800,800,800,800,2499,2499,2499,2500,2499,2500,800,800,0,0,0,0,0,0,5,10,0,0,0,0,0,0,0,100,172653.24212646484,195552.4888305664,0,404327403520,8589930496,6079934464,114688
10,1791579728345,2500,2500,800,799,800,800,800,800,2499,2499,2499,2500,2499,2500,800,800,0,0,0,0,0,0,5,10,0,0,0,0,0,0,0,100,172653.3959350586,195552.8009033203,0,404327403520,8589930496,6079934464,114688
9,1791579728355,2500,2500,800,799,800,800,800,800,2499,2499,2499,2500,2499,2500,800,800,0,0,0,0,0,0,5,10,0,0,0,0,0,0,0,100,172653.54656982422,195553.11596679688,0,404327403520,8589930496,6079934464,114688
9,1791579728365,2500,2500,800,799,800,800,800,800,2499,2499,2499,2500,2499,2500,800,800,0,0,0,0,0,0,5,10,0,0,0,0,0,0,0,100,172653.69366455078,195553.42901611328,0,404327403520,8589930496,6079934464,114688
9,1791579728375,2500,2500,800,799,800,800,800,800,2499,2499,2499,2500,2499,2500,800,800,0,0,0,0,0,0,5,10,0,0,0,0,0,0,0,100,172653.84838867188,195553.7426147461,0,404327403520,8589930496,6079934464,114688
9,1791579728385,2500,2500,800,799,800,800,800,800,2499,2499,2499,2500,2499,2500,800,800,0,0,0,0,0,0,5,10,0,0,0,0,0,0,0,100,172653.9994506836,195554.05407714844,0,404327403520,8589930496,6079934464,114688
9,1791579728395,2500,2500,800,799,800,800,800,800,2499,2499,2499,2500,2499,2500,800,800,0,0,0,0,0,0,5,10,0,0,0,0,0,0,0,100,172654.15399169922,195554.37030029297,0,404327403520,8589930496,6079934464,114688
9,1791579728405,2500,2500,800,799,800,800,800,800,2499,2499,2499,2500,2499,2500,800,800,0,0,0,0,0,0,5,10,0,0,0,0,0,0,0,100,172654.30377197266,195554.68182373047,0,404327403520,8589930496,6079934464,114688
9,1791579728415,2500,2500,800,799,800,800,800,800,2499,2499,2499,2500,2499,2500,800,800,0,0,0,0,0,0,5,10,0,0,0,0,0,0,0,100,172654.45782470703,195555.00170898438,0,404327403520,8589930496,6079934464,114688
10,1791579728425,2500,2500,800,799,800,800,800,800,2499,2499,2499,2500,2499,2500,800,800,0,0,0,0,0,0,5,10,0,0,0,0,0,0,0,100,172654.6121826172,195555.32342529297,0,404327403520,8589930496,6079934464,114688
9,1791579728435,2500,2500,800,799,800,800,800,800,2499,2499,2499,2500,2499,2500,800,800,0,0,0,0,0,0,5,10,0,0,0,0,0,0,0,100,172654.76599121094,195555.64434814453,0,404327403520,8589930496,6079934464,114688
10,1791579728445,2500,2500,800,799,800,800,800,800,2499,2499,2499,2500,2499,2500,800,800,0,0,0,0,0,0,5,10,0,0,0,0,0,0,0,100,172654.92071533203,195555.9571533203,0,404327403520,8589930496,6079934464,114688
10,1791579728455,2500,2500,800,799,800,800,800,800,2499,2499,2499,2500,2499,2500,800,800,0,0,0,0,0,0,5,10,0,0,0,0,0,0,0,100,172655.06994628906,195556.27362060547,0,404327403520,8589930496,6079934464,114688
9,1791579728466,2500,2500,800,799,800,800,800,800,2499,2499,2499,2500,2499,2500,800,800,0,0,0,0,0,0,5,10,0,0,0,0,0,0,0,100,172655.23767089844,195556.6185913086,0,404327403520,8589930496,6079934464,114688
9,1791579728476,2500,2500,800,799,800,800,800,800,2499,2499,2499,2500,2499,2500,800,800,0,0,0,0,0,0,5,10,0,0,0,0,0,0,0,100,172655.3949584961,195556.93212890625,0,404327403520,8589930496,6079934464,114688
9,1791579728486,2500,2500,800,799,800,800,800,800,2499,2499,2499,2500,2499,2500,800,800,0,0,0,0,0,0,5,10,0,0,0,0,0,0,0,100,172655.54638671875,195557.244140625,0,404327403520,8589930496,6079934464,114688
9,1791579728496,2500,2500,800,799,800,800,800,800,2499,2499,2499,2500,2499,2500,800,800,0,0,0,0,0,0,5,10,0,0,0,0,0,0,0,100,172655.69854736328,195557.55517578125,0,404327403520,8589930496,6079934464,114688
9,1791579728506,2500,2500,800,799,800,800,800,800,2499,2499,2499,2500,2499,2500,800,800,0,0,0,0,0,0,5,10,0,0,0,0,0,0,0,100,172655.85345458984,195557.8685913086,0,404327403520,8589930496,6079934464,114688
9,1791579728516,2500,2500,800,799,800,800,800,800,2499,2499,2499,2500,2499,2500,800,800,0,0,0,0,0,0,5,10,0,0,0,0,0,0,0,100,172656.00610351563,195558.18475341797,0,404327403520,8589930496,6079934464,114688
9,1791579728526,2500,2500,800,799,800,800,800,800,2499,2499,2499,2500,2499,2500,800,800,5,0,0,0,0,0,0,5,5,0,0,0,4.761904716491699,0,0,100,172656.15490722656,195558.49645996094,0,404327403520,8589930496,6079934464,114688
10,1791579728536,2500,2500,800,799,800,800,800,800,2499,2499,2499,2500,2499,2500,800,800,5,0,0,0,0,0,0,5,5,0,0,0,4.761904716491699,0,0,100,172656.31127929688,195558.8115234375,0,404327403520,8589930496,6079934464,114688
9,1791579728546,2500,2500,800,799,800,800,800,800,2499,2499,2499,2500,2499,2500,800,800,5,0,0,0,0,0,0,5,5,0,0,0,4.761904716491699,0,0,100,172656.46557617188,195559.1307373047,0,404327403520,8589930496,6079934464,114688
9,1791579728556,2500,2500,800,799,800,800,800,800,2499,2499,2499,2500,2499,2500,800,800,5,0,0,0,0,0,0,5,5,0,0,0,4.761904716491699,0,0,100,172656.62310791016,195559.44635009766,0,404327403520,8589930496,6079934464,114688
9,1791579728566,2500,2500,800,799,800,800,800,800,2499,2499,2499,2500,2499,2500,800,800,5,0,0,0,0,0,0,5,5,0,0,0,4.761904716491699,0,0,100,172656.77642822266,195559.7529296875,0,404327403520,8589930496,6079934464,114688
10,1791579728576,2500,2500,800,799,800,800,800,800,2499,2499,2499,2500,2499,2500,800,800,5,0,0,0,0,0,0,5,5,0,0,0,4.761904716491699,0,0,100,172656.9344482422,195560.06915283203,0,404327403520,8589930496,6079934464,114688
9,1791579728586,2500,2500,800,799,800,800,800,800,2499,2499,2499,2500,2499,2500,800,800,5,0,0,0,0,0,0,5,5,0,0,0,4.761904716491699,0,0,100,172657.0889892578,195560.38458251953,0,404327403520,8589930496,6079934464,114688
10,1791579728596,2500,2500,800,799,800,800,800,800,2499,2499,2499,2500,2499,2500,800,800,5,0,0,0,0,0,0,5,5,0,0,0,4.761904716491699,0,0,100,172657.2437133789,195560.69689941406,0,404327403520,8589930496,6079934464,114688
9,1791579728607,2500,2500,800,799,800,800,800,800,2499,2499,2499,2500,2499,2500,800,800,5,0,0,0,0,0,0,5,5,0,0,0,4.761904716491699,0,0,100,172657.39642333984,195560.9755859375,0,404327403520,8589930496,6079934464,114688
10,1791579728616,2500,2500,800,799,800,800,800,800,2499,2499,2499,2500,2499,2500,800,800,5,0,0,0,0,0,0,5,5,0,0,0,4.761904716491699,0,0,100,172657.54364013672,195561.3246459961,0,404327403520,8589930496,6079934464,114688
10,1791579728627,2500,2500,800,799,800,800,800,800,2499,2499,2499,2500,2499,2500,800,800,5,0,0,0,0,0,0,5,5,0,0,0,4.761904716491699,0,0,100,172657.6967163086,195561.63494873047,0,404327403520,8589930496,6079934464,114688
9,1791579728637,2500,2500,800,799,800,800,800,800,2499,2499,2499,2500,2499,2500,800,800,5,0,0,0,0,0,0,5,5,0,0,0,4.761904716491699,0,0,100,172657.86682128906,195561.97619628906,0,404327403520,8589930496,6079934464,114688
9,1791579728647,2500,2500,800,799,800,800,800,800,2499,2499,2499,2500,2499,2500,800,800,5,0,0,0,0,0,0,5,5,0,0,0,4.761904716491699,0,0,100,172658.0184326172,195562.294921875,0,404327403520,8589930496,6079934464,114688
9,1791579728657,2500,2500,800,799,800,800,800,800,2499,2499,2499,2500,2499,2500,800,800,5,0,0,0,0,0,0,5,5,0,0,0,4.761904716491699,0,0,100,172658.1713256836,195562.61096191406,0,404327403520,8589930496,6079934464,114688
9,1791579728667,2500,2500,800,799,800,800,800,800,2499,2499,2499,2500,2499,2500,800,800,5,0,0,0,0,0,0,5,5,0,0,0,4.761904716491699,0,0,100,172658.32293701172,195562.92779541016,0,404327403520,8589930496,6079934464,114688
9,1791579728677,2500,2500,800,799,800,800,800,800,2499,2499,2499,2500,2499,2500,800,800,5,0,0,0,0,0,0,5,5,0,0,0,4.761904716491699,0,0,100,172658.47326660156,195563.24475097656,0,404327403520,8589930496,6079934464,114688
9,1791579728687,2500,2500,800,799,800,800,800,800,2499,2499,2499,2500,2499,2500,800,800,5,0,0,0,0,0,0,5,5,0,0,0,4.761904716491699,0,0,100,172658.62530517578,195563.5587158203,0,404327403520,8589930496,6079934464,114688
9,1791579728697,2500,2500,800,799,800,800,800,800,2499,2499,2499,2500,2499,2500,800,800,5,0,0,0,0,0,0,5,5,0,0,0,4.761904716491699,0,0,100,172658.77856445313,195563.8720703125,0,404327403520,8589930496,6079934464,114688
9,1791579728707,2500,2500,800,799,800,800,800,800,2499,2499,2499,2500,2499,2500,800,800,5,0,0,0,0,0,0,5,5,0,0,0,4.761904716491699,0,0,100,172658.92797851563,195564.19329833984,0,404327403520,8589930496,6079934464,114688
10,1791579728717,2500,2500,800,799,800,800,800,800,2499,2499,2499,2500,2499,2500,800,800,5,0,0,0,0,0,0,5,5,0,0,0,4.761904716491699,0,0,100,172659.0757446289,195564.49743652344,0,404327403520,8589930496,6079934464,114688
10,1791579728727,2500,2500,800,799,800,800,800,800,2499,2499,2499,2500,2499,2500,800,800,5.263157844543457,0,0,0,0,0,0,5.263157844543457,0,0,0,0,0,0,0,100,172659.23168945313,195564.80987548828,0,404327403520,8589930496,6079934464,114688
9,1791579728737,2500,2500,800,799,800,800,800,800,2499,2499,2499,2500,2499,2500,800,800,5.263157844543457,0,0,0,0,0,0,5.263157844543457,0,0,0,0,0,0,0,100,172659.38806152344,195565.1268310547,0,404327403520,8589930496,6079934464,114688
10,1791579728747,2500,2500,800,799,800,800,800,800,2499,2499,2499,2500,2499,2500,800,800,5.263157844543457,0,0,0,0,0,0,5.263157844543457,0,0,0,0,0,0,0,100,172659.5394897461,195565.4503173828,0,404327403520,8589930496,6079934464,114688
10,1791579728757,2500,2500,800,799,800,800,800,800,2499,2499,2499,2500,2499,2500,800,800,5.263157844543457,0,0,0,0,0,0,5.263157844543457,0,0,0,0,0,0,0,100,172659.6912841797,195565.7612915039,0,404327403520,8589930496,6079934464,114688
9,1791579728768,2500,2500,800,799,800,800,800,800,2499,2499,2499,2500,2499,2500,800,800,5.263157844543457,0,0,0,0,0,0,5.263157844543457,0,0,0,0,0,0,0,100,172659.84649658203,195566.07257080078,0,404327403520,8589930496,6079934464,114688
9,1791579728778,2500,2500,800,799,800,800,800,800,2499,2499,2499,2500,2499,2500,800,800,5.263157844543457,0,0,0,0,0,0,5.263157844543457,0,0,0,0,0,0,0,100,172659.99420166016,195566.38299560547,0,404327403520,8589930496,6079934464,114688
9,1791579728788,2500,2500,800,799,800,800,800,800,2499,2499,2499,2500,2499,2500,800,800,5.263157844543457,0,0,0,0,0,0,5.263157844543457,0,0,0,0,0,0,0,100,172660.14599609375,195566.7020263672,0,404327403520,8589930496,6079934464,114688
9,1791579728798,2500,2500,800,799,800,800,800,800,2499,2499,2499,2500,2499,2500,800,800,5.263157844543457,0,0,0,0,0,0,5.263157844543457,0,0,0,0,0,0,0,100,172660.30291748047,195567.01721191406,0,404327403520,8589930496,6079934464,114688
9,1791579728808,2500,2500,800,799,800,800,800,800,2499,2499,2499,2500,2499,2500,800,800,5.263157844543457,0,0,0,0,0,0,5.263157844543457,0,0,0,0,0,0,0,100,172660.45672607422,195567.33569335938,0,404327403520,8589930496,6079934464,114688
9,1791579728818,2500,2500,800,799,800,800,800,800,2499,2499,2499,2500,2499,2500,800,800,5.263157844543457,0,0,0,0,0,0,5.263157844543457,0,0,0,0,0,0,0,100,172660.61108398438,195567.65130615234,0,404327403520,8589930496,6079934464,114688
9,1791579728828,2500,2500,800,799,800,800,800,800,2499,2499,2499,2500,2499,2500,800,800,5.263157844543457,0,0,0,0,0,0,5.263157844543457,0,0,0,0,0,0,0,100,172660.76489257813,195567.9599609375,0,404327403520,8589930496,6079934464,114688
9,1791579728838,2500,2500,800,799,800,800,800,800,2499,2499,2499,2500,2499,2500,800,800,5.263157844543457,0,0,0,0,0,0,5.263157844543457,0,0,0,0,0,0,0,100,172660.92071533203,195568.27447509766,0,404327403520,8589930496,6079934464,114688
9,1791579728848,2500,2500,800,799,800,800,800,800,2499,2499,2499,2500,2499,2500,800,800,5.263157844543457,0,0,0,0,0,0,5.263157844543457,0,0,0,0,0,0,0,100,172661.0908203125,195568.61944580078,0,404327403520,8589930496,6079934464,114688
9,1791579728858,2500,2500,800,799,800,800,800,800,2499,2499,2499,2500,2499,2500,800,800,5.263157844543457,0,0,0,0,0,0,5.263157844543457,0,0,0,0,0,0,0,100,172661.24627685547,195568.93518066406,0,404327403520,8589930496,6079934464,114688
9,1791579728868,2500,2500,800,799,800,800,800,800,2499,2499,2499,2500,2499,2500,800,800,5.263157844543457,0,0,0,0,0,0,5.263157844543457,0,0,0,0,0,0,0,100,172661.40283203125,195569.25317382813,0,404327403520,8589930496,6079934464,114688
9,1791579728878,2500,2500,800,799,800,800,800,800,2499,2499,2499,2500,2499,2500,800,800,5.263157844543457,0,0,0,0,0,0,5.263157844543457,0,0,0,0,0,0,0,100,172661.55151367188,195569.57318115234,0,404327403520,8589930496,6079934464,114688
9,1791579728888,2500,2500,800,799,800,800,800,800,2499,2499,2499,2500,2499,2500,800,800,5.263157844543457,0,0,0,0,0,0,5.263157844543457,0,0,0,0,0,0,0,100,172661.7036743164,195569.88696289063,0,404327403520,8589930496,6079934464,114688
9,1791579728898,2500,2500,800,799,800,800,800,800,2499,2499,2499,2500,2499,2500,800,800,5.263157844543457,0,0,0,0,0,0,5.263157844543457,0,0,0,0,0,0,0,100,172661.85400390625,195570.20178222656,0,404327403520,8589930496,6079934464,114688
9,1791579728909,2500,2500,800,799,800,800,800,800,2499,2499,2499,2500,2499,2500,800,800,5.263157844543457,0,0,0,0,0,0,5.263157844543457,0,0,0,0,0,0,0,100,172662.00799560547,195570.51733398438,0,404327403520,8589930496,6079934464,114688
9,1791579728919,2500,2500,800,799,800,800,800,800,2499,2499,2499,2500,2499,2500,800,800,5.263157844543457,0,0,0,0,0,0,5.263157844543457,0,0,0,0,0,0,0,100,172662.16143798828,195570.82611083984,0,404327403520,8589930496,6079934464,114688
9,1791579728929,2500,2500,800,799,800,800,800,800,2499,2499,2499,2500,2499,2500,800,800,5.263157844543457,0,0,0,0,0,0,5,0,5,0,0,0,0,0,100,172662.3159790039,195571.14318847656,0,404327403520,8589930496,6079934464,114688
9,1791579728939,2500,2500,800,799,800,800,800,800,2499,2499,2499,2500,2499,2500,800,800,5.263157844543457,0,0,0,0,0,0,5,0,5,0,0,0,0,0,100,172662.47326660156,195571.45733642578,0,404327403520,8589930496,6079934464,114688
9,1791579728949,2500,2500,800,799,800,800,800,800,2499,2499,2499,2500,2499,2500,800,800,5.263157844543457,0,0,0,0,0,0,5,0,5,0,0,0,0,0,100,172662.6303100586,195571.76873779297,0,404327403520,8589930496,6079934464,114688
9,1791579728959,2500,2500,800,799,800,800,800,800,2499,2499,2499,2500,2499,2500,800,800,5.263157844543457,0,0,0,0,0,0,5,0,5,0,0,0,0,0,100,172662.78411865234,195572.0809326172,0,404327403520,8589930496,6079934464,114688
9,1791579728969,2500,2500,800,799,800,800,800,800,2499,2499,2499,2500,2499,2500,800,800,5.263157844543457,0,0,0,0,0,0,5,0,5,0,0,0,0,0,100,172662.93865966797,195572.39581298828,0,404327403520,8589930496,6079934464,114688
9,1791579728979,2500,2500,800,799,800,800,800,800,2499,2499,2499,2500,2499,2500,800,800,5.263157844543457,0,0,0,0,0,0,5,0,5,0,0,0,0,0,100,172663.09411621094,195572.70880126953,0,404327403520,8589930496,6079934464,114688
10,1791579728989,2500,2500,800,799,800,800,800,800,2499,2499,2499,2500,2499,2500,800,800,5.263157844543457,0,0,0,0,0,0,5,0,5,0,0,0,0,0,100,172663.2537841797,195573.02514648438,0,404327403520,8589930496,6079934464,114688
9,1791579728999,2500,2500,800,799,800,800,800,800,2499,2499,2499,2500,2499,2500,800,800,5.263157844543457,0,0,0,0,0,0,5,0,5,0,0,0,0,0,100,172663.42169189453,195573.33953857422,0,404327403520,8589930496,6079934464,114688
9,1791579729009,2500,2500,800,799,800,800,800,800,2499,2499,2499,2500,2499,2500,800,800,5.263157844543457,0,0,0,0,0,0,5,0,5,0,0,0,0,0,100,172663.57165527344,195573.6864013672,0,404327403520,8589930496,6079934464,114688
10,1791579729019,2500,2500,800,799,800,800,800,800,2499,2499,2499,2500,2499,2500,800,800,5.263157844543457,0,0,0,0,0,0,5,0,5,0,0,0,0,0,100,172663.72399902344,195574.00201416016,0,404327403520,8589930496,6079934464,114688
9,1791579729029,2500,2500,800,799,800,800,800,800,2499,2499,2499,2500,2499,2500,800,800,5.263157844543457,0,0,0,0,0,0,5,0,5,0,0,0,0,0,100,172663.87872314453,195574.3175048828,0,404327403520,8589930496,6079934464,114688
9,1791579729039,2500,2500,800,799,800,800,800,800,2499,2499,2499,2500,2499,2500,800,800,5.263157844543457,0,0,0,0,0,0,5,0,5,0,0,0,0,0,100,172664.0330810547,195574.63134765625,0,404327403520,8589930496,6079934464,114688
9,1791579729050,2500,2500,800,799,800,800,800,800,2499,2499,2499,2500,2499,2500,800,800,5.263157844543457,0,0,0,0,0,0,5,0,5,0,0,0,0,0,100,172664.18560791016,195574.94677734375,0,404327403520,8589930496,6079934464,114688
9,1791579729060,2500,2500,800,799,800,800,800,800,2499,2499,2499,2500,2499,2500,800,800,5.263157844543457,0,0,0,0,0,0,5,0,5,0,0,0,0,0,100,172664.3377685547,195575.2621459961,0,404327403520,8589930496,6079934464,114688
9,1791579729070,2500,2500,800,799,800,800,800,800,2499,2499,2499,2500,2499,2500,800,800,5.263157844543457,0,0,0,0,0,0,5,0,5,0,0,0,0,0,100,172664.4952392578,195575.57580566406,0,404327403520,8589930496,6079934464,114688
9,1791579729080,2500,2500,800,799,800,800,800,800,2499,2499,2499,2500,2499,2500,800,800,5.263157844543457,0,0,0,0,0,0,5,0,5,0,0,0,0,0,100,172664.64190673828,195575.88970947266,0,404327403520,8589930496,6079934464,114688
9,1791579729090,2500,2500,800,799,800,800,800,800,2499,2499,2499,2500,2499,2500,800,800,5.263157844543457,0,0,0,0,0,0,5,0,5,0,0,0,0,0,100,172664.79754638672,195576.19989013672,0,404327403520,8589930496,6079934464,114688
9,1791579729100,2500,2500,800,799,800,800,800,800,2499,2499,2499,2500,2499,2500,800,800,5.263157844543457,0,0,0,0,0,0,5,0,5,0,0,0,0,0,100,172664.9564819336,195576.51391601563,0,404327403520,8589930496,6079934464,114688
9,1791579729110,2500,2500,800,799,800,800,800,800,2499,2499,2499,2500,2499,2500,800,800,5.263157844543457,0,0,0,0,0,0,5,0,5,0,0,0,0,0,100,172665.11083984375,195576.82781982422,0,404327403520,8589930496,6079934464,114688
9,1791579729120,2500,2500,800,799,800,800,800,800,2499,2499,2499,2500,2499,2500,800,800,5.263157844543457,0,0,0,0,0,0,5,0,5,0,0,0,0,0,100,172665.26794433594,195577.14318847656,0,404327403520,8589930496,6079934464,114688
9,1791579729130,2500,2500,800,799,800,800,800,800,2499,2499,2499,2500,2499,2500,800,800,5.263157844543457,0,0,0,0,0,0,9.523809432983398,0,0,5,0,0,0,0,100,172665.43768310547,195577.48895263672,0,404327403520,8589930496,6062243840,114688
9,1791579729140,2500,2500,800,799,800,800,800,800,2499,2499,2499,2500,2499,2500,800,800,5.263157844543457,0,0,0,0,0,0,9.523809432983398,0,0,5,0,0,0,0,100,172665.57690429688,195577.7752685547,0,404327403520,8589930496,6062243840,114688
9,1791579729150,2500,2500,800,799,800,800,800,800,2499,2499,2499,2500,2499,2500,800,800,5.263157844543457,0,0,0,0,0,0,9.523809432983398,0,0,5,0,0,0,0,100,172665.74938964844,195578.12268066406,0,404327403520,8589930496,6062243840,114688
10,1791579729160,2500,2500,800,799,800,800,800,800,2499,2499,2499,2500,2499,2500,800,800,5.263157844543457,0,0,0,0,0,0,9.523809432983398,0,0,5,0,0,0,0,100,172665.8878173828,195578.4019165039,0,404327403520,8589930496,6062243840,114688
9,1791579729170,2500,2500,800,799,800,800,800,800,2499,2499,2499,2500,2499,2500,800,800,5.263157844543457,0,0,0,0,0,0,9.523809432983398,0,0,5,0,0,0,0,100,172666.0596923828,195578.7481689453,0,404327403520,8589930496,6062243840,114688
9,1791579729180,2500,2500,800,799,800,800,800,800,2499,2499,2499,2500,2499,2500,800,800,5.263157844543457,0,0,0,0,0,0,9.523809432983398,0,0,5,0,0,0,0,100,172666.21130371094,195579.05895996094,0,404327403520,8589930496,6062243840,114688
9,1791579729191,2500,2500,800,799,800,800,800,800,2499,2499,2499,2500,2499,2500,800,800,5.263157844543457,0,0,0,0,0,0,9.523809432983398,0,0,5,0,0,0,0,100,172666.3662109375,195579.37341308594,0,404327403520,8589930496,6062243840,114688
9,1791579729201,2500,2500,800,799,800,800,800,800,2499,2499,2499,2500,2499,2500,800,800,5.263157844543457,0,0,0,0,0,0,9.523809432983398,0,0,5,0,0,0,0,100,172666.52239990234,195579.68475341797,0,404327403520,8589930496,6062243840,114688
9,1791579729211,2500,2500,800,799,800,800,800,800,2499,2499,2499,2500,2499,2500,800,800,5.263157844543457,0,0,0,0,0,0,9.523809432983398,0,0,5,0,0,0,0,100,172666.67529296875,195580.00036621094,0,404327403520,8589930496,6062243840,114688
10,1791579729221,2500,2500,800,799,800,800,800,800,2499,2499,2499,2500,2499,2500,800,800,5.263157844543457,0,0,0,0,0,0,9.523809432983398,0,0,5,0,0,0,0,100,172666.83135986328,195580.3153076172,0,404327403520,8589930496,6062243840,114688
9,1791579729231,2500,2500,800,799,800,800,800,800,2499,2499,2499,2500,2499,2500,800,800,5.263157844543457,0,0,0,0,0,0,9.523809432983398,0,0,5,0,0,0,0,100,172666.9852294922,195580.62689208984,0,404327403520,8589930496,6062243840,114688
9,1791579729241,2500,2500,800,799,800,800,800,800,2499,2499,2499,2500,2499,2500,800,800,5.263157844543457,0,0,0,0,0,0,9.523809432983398,0,0,5,0,0,0,0,100,172667.14086914063,195580.9415283203,0,404327403520,8589930496,6062243840,114688
9,1791579729251,2500,2500,800,799,800,800,800,800,2499,2499,2499,2500,2499,2500,800,800,5.263157844543457,0,0,0,0,0,0,9.523809432983398,0,0,5,0,0,0,0,100,172667.29083251953,195581.25512695313,0,404327403520,8589930496,6062243840,114688
9,1791579729261,2500,2500,800,799,800,800,800,800,2499,2499,2499,2500,2499,2500,800,800,5.263157844543457,0,0,0,0,0,0,9.523809432983398,0,0,5,0,0,0,0,100,172667.4457397461,195581.5711669922,0,404327403520,8589930496,6062243840,114688
9,1791579729271,2500,2500,800,799,800,800,800,800,2499,2499,2499,2500,2499,2500,800,800,5.263157844543457,0,0,0,0,0,0,9.523809432983398,0,0,5,0,0,0,0,100,172667.59405517578,195581.88482666016,0,404327403520,8589930496,6062243840,114688
9,1791579729281,2500,2500,800,799,800,800,800,800,2499,2499,2499,2500,2499,2500,800,800,5.263157844543457,0,0,0,0,0,0,9.523809432983398,0,0,5,0,0,0,0,100,172667.74658203125,195582.1986694336,0,404327403520,8589930496,6062243840,114688
10,1791579729291,2500,2500,800,799,800,800,800,800,2499,2499,2499,2500,2499,2500,800,800,5.263157844543457,0,0,0,0,0,0,9.523809432983398,0,0,5,0,0,0,0,100,172667.90185546875,195582.50830078125,0,404327403520,8589930496,6062243840,114688
10,1791579729301,2500,2500,800,799,800,800,800,800,2499,2499,2499,2500,2499,2500,800,800,5.263157844543457,0,0,0,0,0,0,9.523809432983398,0,0,5,0,0,0,0,100,172668.05639648438,195582.82501220703,0,404327403520,8589930496,6062243840,114688
9,1791579729311,2500,2500,800,799,800,800,800,800,2499,2499,2499,2500,2499,2500,800,800,5.263157844543457,0,0,0,0,0,0,9.523809432983398,0,0,5,0,0,0,0,100,172668.21130371094,195583.1400756836,0,404327403520,8589930496,6062243840,114688
10,1791579729321,2500,2500,800,799,800,800,800,800,2499,2499,2499,2500,2499,2500,800,800,5.263157844543457,0,0,0,0,0,0,9.523809432983398,0,0,5,0,0,0,0,100,172668.36444091797,195583.45721435547,0,404327403520,8589930496,6062243840,114688
9,1791579729332,2500,2500,800,799,800,800,800,800,2499,2499,2499,2500,2499,2500,800,800,0,5,5,0,0,0,4.761904716491699,0,0,0,0,0,0,0,0,100,172668.5288696289,195583.8016357422,0,404327403520,8589930496,6062243840,114688
9,1791579729342,2500,2500,800,799,800,800,800,800,2499,2499,2499,2500,2499,2500,800,800,0,5,5,0,0,0,4.761904716491699,0,0,0,0,0,0,0,0,100,172668.68658447266,195584.11877441406,0,404327403520,8589930496,6062243840,114688
9,1791579729352,2500,2500,800,799,800,800,800,800,2499,2499,2499,2500,2499,2500,800,800,0,5,5,0,0,0,4.761904716491699,0,0,0,0,0,0,0,0,100,172668.83984375,195584.43634033203,0,404327403520,8589930496,6062243840,114688
9,1791579729362,2500,2500,800,799,800,800,800,800,2499,2499,2499,2500,2499,2500,800,800,0,5,5,0,0,0,4.761904716491699,0,0,0,0,0,0,0,0,100,172668.99383544922,195584.7440185547,0,404327403520,8589930496,6062243840,114688
9,1791579729372,2500,2500,800,799,800,800,800,800,2499,2499,2499,2500,2499,2500,800,800,0,5,5,0,0,0,4.761904716491699,0,0,0,0,0,0,0,0,100,172669.14849853516,195585.0548095703,0,404327403520,8589930496,6062243840,114688
9,1791579729382,2500,2500,800,799,800,800,800,800,2499,2499,2499,2500,2499,2500,800,800,0,5,5,0,0,0,4.761904716491699,0,0,0,0,0,0,0,0,100,172669.2999267578,195585.36724853516,0,404327403520,8589930496,6062243840,114688
9,1791579729392,2500,2500,800,799,800,800,800,800,2499,2499,2499,2500,2499,2500,800,800,0,5,5,0,0,0,4.761904716491699,0,0,0,0,0,0,0,0,100,172669.4594116211,195585.67877197266,0,404327403520,8589930496,6062243840,114688
9,1791579729402,2500,2500,800,799,800,800,800,800,2499,2499,2499,2500,2499,2500,800,800,0,5,5,0,0,0,4.761904716491699,0,0,0,0,0,0,0,0,100,172669.61431884766,195585.99090576172,0,404327403520,8589930496,6062243840,114688
9,1791579729412,2500,2500,800,799,800,800,800,800,2499,2499,2499,2500,2499,2500,800,800,0,5,5,0,0,0,4.761904716491699,0,0,0,0,0,0,0,0,100,172669.7694091797,195586.30139160156,0,404327403520,8589930496,6062243840,114688
10,1791579729422,2500,2500,800,799,800,800,800,800,2499,2499,2499,2500,2499,2500,800,800,0,5,5,0,0,0,4.761904716491699,0,0,0,0,0,0,0,0,100,172669.92431640625,195586.60961914063,0,404327403520,8589930496,6062243840,114688
9,1791579729432,2500,2500,800,799,800,800,800,800,2499,2499,2499,2500,2499,2500,800,800,0,5,5,0,0,0,4.761904716491699,0,0,0,0,0,0,0,0,100,172670.07830810547,195586.91998291016,0,404327403520,8589930496,6062243840,114688
9,1791579729442,2500,2500,800,799,800,800,800,800,2499,2499,2499,2500,2499,2500,800,800,0,5,5,0,0,0,4.761904716491699,0,0,0,0,0,0,0,0,100,172670.22900390625,195587.23248291016,0,404327403520,8589930496,6062243840,114688
9,1791579729452,2500,2500,800,799,800,800,800,800,2499,2499,2499,2500,2499,2500,800,800,0,5,5,0,0,0,4.761904716491699,0,0,0,0,0,0,0,0,100,172670.3851928711,195587.54418945313,0,404327403520,8589930496,6062243840,114688
10,1791579729462,2500,2500,800,799,800,800,800,800,2499,2499,2499,2500,2499,2500,800,800,0,5,5,0,0,0,4.761904716491699,0,0,0,0,0,0,0,0,100,172670.5327758789,195587.8598022461,0,404327403520,8589930496,6062243840,114688
9,1791579729473,2500,2500,800,799,800,800,800,800,2499,2499,2499,2500,2499,2500,800,800,0,5,5,0,0,0,4.761904716491699,0,0,0,0,0,0,0,0,100,172670.69940185547,195588.20721435547,0,404327403520,8589930496,6062243840,114688
9,1791579729483,2500,2500,800,799,800,800,800,800,2499,2499,2499,2500,2499,2500,800,800,0,5,5,0,0,0,4.761904716491699,0,0,0,0,0,0,0,0,100,172670.8539428711,195588.52056884766,0,404327403520,8589930496,6062243840,114688
9,1791579729493,2500,2500,800,799,800,800,800,800,2499,2499,2499,2500,2499,2500,800,800,0,5,5,0,0,0,4.761904716491699,0,0,0,0,0,0,0,0,100,172671.0037841797,195588.8285522461,0,404327403520,8589930496,6062243840,114688
9,1791579729503,2500,2500,800,799,800,800,800,800,2499,2499,2499,2500,2499,2500,800,800,0,5,5,0,0,0,4.761904716491699,0,0,0,0,0,0,0,0,100,172671.16436767578,195589.14178466797,0,404327403520,8589930496,6062243840,114688
9,1791579729513,2500,2500,800,799,800,800,800,800,2499,2499,2499,2500,2499,2500,800,800,0,5,5,0,0,0,4.761904716491699,0,0,0,0,0,0,0,0,100,172671.31518554688,195589.45861816406,0,404327403520,8589930496,6062243840,114688
9,1791579729523,2500,2500,800,799,800,800,800,800,2499,2499,2499,2500,2499,2500,800,800,0,5,5,0,0,0,4.761904716491699,0,0,0,0,0,0,0,0,100,172671.47100830078,195589.7728881836,0,404327403520,8589930496,6062243840,114688
9,1791579729533,2500,2500,800,799,800,800,800,800,2499,2499,2499,2500,2499,2500,800,800,5.263157844543457,5,0,4.761904716491699,0,0,0,9.523809432983398,0,0,0,0,0,0,0,100,172671.62335205078,195590.08728027344,0,404327403520,8589930496,6062243840,114688
9,1791579729543,2500,2500,800,799,800,800,800,800,2499,2499,2499,2500,2499,2500,800,800,5.263157844543457,5,0,4.761904716491699,0,0,0,9.523809432983398,0,0,0,0,0,0,0,100,172671.77880859375,195590.39874267578,0,404327403520,8589930496,6062243840,114688
10,1791579729553,2500,2500,800,799,800,800,800,800,2499,2499,2499,2500,2499,2500,800,800,5.263157844543457,5,0,4.761904716491699,0,0,0,9.523809432983398,0,0,0,0,0,0,0,100,172671.93572998047,195590.71087646484,0,404327403520,8589930496,6062243840,114688
9,1791579729563,2500,2500,800,799,800,800,800,800,2499,2499,2499,2500,2499,2500,800,800,5.263157844543457,5,0,4.761904716491699,0,0,0,9.523809432983398,0,0,0,0,0,0,0,100,172672.09063720703,195591.02020263672,0,404327403520,8589930496,6062243840,114688
10,1791579729573,2500,2500,800,799,800,800,800,800,2499,2499,2499,2500,2499,2500,800,800,5.263157844543457,5,0,4.761904716491699,0,0,0,9.523809432983398,0,0,0,0,0,0,0,100,172672.24194335938,195591.33197021484,0,404327403520,8589930496,6062243840,114688
9,1791579729583,2500,2500,800,799,800,800,800,800,2499,2499,2499,2500,2499,2500,800,800,5.263157844543457,5,0,4.761904716491699,0,0,0,9.523809432983398,0,0,0,0,0,0,0,100,172672.39868164063,195591.64672851563,0,404327403520,8589930496,6062243840,114688
9,1791579729593,2500,2500,800,799,800,800,800,800,2499,2499,2499,2500,2499,2500,800,800,5.263157844543457,5,0,4.761904716491699,0,0,0,9.523809432983398,0,0,0,0,0,0,0,100,172672.54516601563,195591.96044921875,0,404327403520,8589930496,6062243840,114688
10,1791579729603,2500,2500,800,799,800,800,800,800,2499,2499,2499,2500,2499,2500,800,800,5.263157844543457,5,0,4.761904716491699,0,0,0,9.523809432983398,0,0,0,0,0,0,0,100,172672.69750976563,195592.2733154297,0,404327403520,8589930496,6062243840,114688
9,1791579729614,2500,2500,800,799,800,800,800,800,2499,2499,2499,2500,2499,2500,800,800,5.263157844543457,5,0,4.761904716491699,0,0,0,9.523809432983398,0,0,0,0,0,0,0,100,172672.84985351563,195592.59033203125,0,404327403520,8589930496,6062243840,114688
9,1791579729624,2500,2500,800,799,800,800,800,800,2499,2499,2499,2500,2499,2500,800,800,5.263157844543457,5,0,4.761904716491699,0,0,0,9.523809432983398,0,0,0,0,0,0,0,100,172673.0050048828,195592.89587402344,0,404327403520,8589930496,6062243840,114688
9,1791579729634,2500,2500,800,799,800,800,800,800,2499,2499,2499,2500,2499,2500,800,800,5.263157844543457,5,0,4.761904716491699,0,0,0,9.523809432983398,0,0,0,0,0,0,0,100,172673.17279052734,195593.23864746094,0,404327403520,8589930496,6062243840,114688
9,1791579729644,2500,2500,800,799,800,800,800,800,2499,2499,2499,2500,2499,2500,800,800,5.263157844543457,5,0,4.761904716491699,0,0,0,9.523809432983398,0,0,0,0,0,0,0,100,172673.32647705078,195593.54754638672,0,404327403520,8589930496,6062243840,114688
9,1791579729654,2500,2500,800,799,800,800,800,800,2499,2499,2499,2500,2499,2500,800,800,5.263157844543457,5,0,4.761904716491699,0,0,0,9.523809432983398,0,0,0,0,0,0,0,100,172673.47760009766,195593.85778808594,0,404327403520,8589930496,6062243840,114688
9,1791579729664,2500,2500,800,799,800,800,800,800,2499,2499,2499,2500,2499,2500,800,800,5.263157844543457,5,0,4.761904716491699,0,0,0,9.523809432983398,0,0,0,0,0,0,0,100,172673.63525390625,195594.17083740234,0,404327403520,8589930496,6062243840,114688
9,1791579729674,2500,2500,800,799,800,800,800,800,2499,2499,2499,2500,2499,2500,800,800,5.263157844543457,5,0,4.761904716491699,0,0,0,9.523809432983398,0,0,0,0,0,0,0,100,172673.79107666016,195594.4546508789,0,404327403520,8589930496,6062243840,114688
9,1791579729684,2500,2500,800,799,800,800,800,800,2499,2499,2499,2500,2499,2500,800,800,5.263157844543457,5,0,4.761904716491699,0,0,0,9.523809432983398,0,0,0,0,0,0,0,100,172673.94140625,195594.7979736328,0,404327403520,8589930496,6062243840,114688
9,1791579729694,2500,2500,800,799,800,800,800,800,2499,2499,2499,2500,2499,2500,800,800,5.263157844543457,5,0,4.761904716491699,0,0,0,9.523809432983398,0,0,0,0,0,0,0,100,172674.09118652344,195595.11456298828,0,404327403520,8589930496,6062243840,114688
9,1791579729704,2500,2500,800,799,800,800,800,800,2499,2499,2499,2500,2499,2500,800,800,5.263157844543457,5,0,4.761904716491699,0,0,0,9.523809432983398,0,0,0,0,0,0,0,100,172674.2449951172,195595.4327392578,0,404327403520,8589930496,6062243840,114688
9,1791579729714,2500,2500,800,799,800,800,800,800,2499,2499,2499,2500,2499,2500,800,800,5.263157844543457,5,0,4.761904716491699,0,0,0,9.523809432983398,0,0,0,0,0,0,0,100,172674.39880371094,195595.73767089844,0,404327403520,8589930496,6062243840,114688
9,1791579729724,2500,2500,800,799,800,800,800,800,2499,2499,2499,2500,2499,2500,800,800,5.263157844543457,5,0,4.761904716491699,0,0,0,9.523809432983398,0,0,0,0,0,0,0,100,172674.55114746094,195596.05572509766,0,404327403520,8589930496,6062243840,114688
9,1791579729734,2500,2500,800,799,800,800,800,800,2499,2499,2499,2500,2499,2500,800,800,5.263157844543457,0,0,0,0,0,0,5.263157844543457,0,0,0,0,0,0,0,100,172674.7071533203,195596.36450195313,0,404327403520,8589930496,6062243840,114688
9,1791579729744,2500,2500,800,799,800,800,800,800,2499,2499,2499,2500,2499,2500,800,800,5.263157844543457,0,0,0,0,0,0,5.263157844543457,0,0,0,0,0,0,0,100,172674.86267089844,195596.67932128906,0,404327403520,8589930496,6062243840,114688
9,1791579729754,2500,2500,800,799,800,800,800,800,2499,2499,2499,2500,2499,2500,800,800,5.263157844543457,0,0,0,0,0,0,5.263157844543457,0,0,0,0,0,0,0,100,172675.01776123047,195596.99395751953,0,404327403520,8589930496,6062243840,114688
9,1791579729764,2500,2500,800,799,800,800,800,800,2499,2499,2499,2500,2499,2500,800,800,5.263157844543457,0,0,0,0,0,0,5.263157844543457,0,0,0,0,0,0,0,100,172675.16607666016,195597.3143310547,0,404327403520,8589930496,6062243840,114688
9,1791579729775,2500,2500,800,799,800,800,800,800,2499,2499,2499,2500,2499,2500,800,800,5.263157844543457,0,0,0,0,0,0,5.263157844543457,0,0,0,0,0,0,0,100,172675.31732177734,195597.62371826172,0,404327403520,8589930496,6062243840,114688
10,1791579729785,2500,2500,800,799,800,800,800,800,2499,2499,2499,2500,2499,2500,800,800,5.263157844543457,0,0,0,0,0,0,5.263157844543457,0,0,0,0,0,0,0,100,172675.4712524414,195597.94274902344,0,404327403520,8589930496,6062243840,114688
9,1791579729795,2500,2500,800,799,800,800,800,800,2499,2499,2499,2500,2499,2500,800,800,5.263157844543457,0,0,0,0,0,0,5.263157844543457,0,0,0,0,0,0,0,100,172675.6270751953,195598.25927734375,0,404327403520,8589930496,6062243840,114688
10,1791579729805,2500,2500,800,799,800,800,800,800,2499,2499,2499,2500,2499,2500,800,800,5.263157844543457,0,0,0,0,0,0,5.263157844543457,0,0,0,0,0,0,0,100,172675.78198242188,195598.5682373047,0,404327403520,8589930496,6062243840,114688
9,1791579729815,2500,2500,800,799,800,800,800,800,2499,2499,2499,2500,2499,2500,800,800,5.263157844543457,0,0,0,0,0,0,5.263157844543457,0,0,0,0,0,0,0,100,172675.93780517578,195598.8773803711,0,404327403520,8589930496,6062243840,114688
9,1791579729825,2500,2500,800,799,800,800,800,800,2499,2499,2499,2500,2499,2500,800,800,5.263157844543457,0,0,0,0,0,0,5.263157844543457,0,0,0,0,0,0,0,100,172676.08721923828,195599.1919555664,0,404327403520,8589930496,6062243840,114688
9,1791579729835,2500,2500,800,799,800,800,800,800,2499,2499,2499,2500,2499,2500,800,800,5.263157844543457,0,0,0,0,0,0,5.263157844543457,0,0,0,0,0,0,0,100,172676.25366210938,195599.53131103516,0,404327403520,8589930496,6062243840,114688
9,1791579729845,2500,2500,800,799,800,800,800,800,2499,2499,2499,2500,2499,2500,800,800,5.263157844543457,0,0,0,0,0,0,5.263157844543457,0,0,0,0,0,0,0,100,172676.40362548828,195599.84649658203,0,404327403520,8589930496,6062243840,114688
9,1791579729855,2500,2500,800,799,800,800,800,800,2499,2499,2499,2500,2499,2500,800,800,5.263157844543457,0,0,0,0,0,0,5.263157844543457,0,0,0,0,0,0,0,100,172676.55377197266,195600.16467285156,0,404327403520,8589930496,6062243840,114688
9,1791579729865,2500,2500,800,799,800,800,800,800,2499,2499,2499,2500,2499,2500,800,800,5.263157844543457,0,0,0,0,0,0,5.263157844543457,0,0,0,0,0,0,0,100,172676.71014404297,195600.47924804688,0,404327403520,8589930496,6062243840,114688
9,1791579729875,2500,2500,800,799,800,800,800,800,2499,2499,2499,2500,2499,2500,800,800,5.263157844543457,0,0,0,0,0,0,5.263157844543457,0,0,0,0,0,0,0,100,172676.8617553711,195600.79235839844,0,404327403520,8589930496,6062243840,114688
10,1791579729885,2500,2500,800,799,800,800,800,800,2499,2499,2499,2500,2499,2500,800,800,5.263157844543457,0,0,0,0,0,0,5.263157844543457,0,0,0,0,0,0,0,100,172677.02032470703,195601.10583496094,0,404327403520,8589930496,6062243840,114688
9,1791579729895,2500,2500,800,799,800,800,800,800,2499,2499,2499,2500,2499,2500,800,800,5.263157844543457,0,0,0,0,0,0,5.263157844543457,0,0,0,0,0,0,0,100,172677.17376708984,195601.41766357422,0,404327403520,8589930496,6062243840,114688
9,1791579729906,2500,2500,800,799,800,800,800,800,2499,2499,2499,2500,2499,2500,800,800,5.263157844543457,0,0,0,0,0,0,5.263157844543457,0,0,0,0,0,0,0,100,172677.32775878906,195601.7348022461,0,404327403520,8589930496,6062243840,114688
9,1791579729916,2500,2500,800,799,800,800,800,800,2499,2499,2499,2500,2499,2500,800,800,5.263157844543457,0,0,0,0,0,0,5.263157844543457,0,0,0,0,0,0,0,100,172677.48559570313,195602.04510498047,0,404327403520,8589930496,6062243840,114688
9,1791579729926,2500,2500,800,799,800,800,800,800,2499,2499,2499,2500,2499,2500,800,800,5.263157844543457,0,0,0,0,0,0,5.263157844543457,0,0,0,0,0,0,0,100,172677.64013671875,195602.35913085938,0,404327403520,8589930496,6062243840,114688
9,1791579729936,2500,2500,800,799,800,800,800,800,2499,2499,2499,2500,2499,2500,800,800,0,0,0,0,0,0,0,9.523809432983398,0,0,0,0,0,0,0,100,172677.79010009766,195602.6668701172,0,404327403520,8589930496,6062243840,114688
9,1791579729946,2500,2500,800,799,800,800,800,800,2499,2499,2499,2500,2499,2500,800,800,0,0,0,0,0,0,0,9.523809432983398,0,0,0,0,0,0,0,100,172677.9473876953,195602.97955322266,0,404327403520,8589930496,6062243840,114688
9,1791579729956,2500,2500,800,799,800,800,800,800,2499,2499,2499,2500,2499,2500,800,800,0,0,0,0,0,0,0,9.523809432983398,0,0,0,0,0,0,0,100,172678.10595703125,195603.29614257813,0,404327403520,8589930496,6062243840,114688
9,1791579729966,2500,2500,800,799,800,800,800,800,2499,2499,2499,2500,2499,2500,800,800,0,0,0,0,0,0,0,9.523809432983398,0,0,0,0,0,0,0,100,172678.2632446289,195603.6128540039,0,404327403520,8589930496,6062243840,114688
10,1791579729976,2500,2500,800,799,800,800,800,800,2499,2499,2499,2500,2499,2500,800,800,0,0,0,0,0,0,0,9.523809432983398,0,0,0,0,0,0,0,100,172678.41815185547,195603.92419433594,0,404327403520,8589930496,6062243840,114688
10,1791579729986,2500,2500,800,799,800,800,800,800,2499,2499,2499,2500,2499,2500,800,800,0,0,0,0,0,0,0,9.523809432983398,0,0,0,0,0,0,0,100,172678.57305908203,195604.2410888672,0,404327403520,8589930496,6062243840,114688
10,1791579729996,2500,2500,800,799,800,800,800,800,2499,2499,2499,2500,2499,2500,800,800,0,0,0,0,0,0,0,9.523809432983398,0,0,0,0,0,0,0,100,172678.72998046875,195604.55004882813,0,404327403520,8589930496,6062243840,114688
9,1791579730006,2500,2500,800,799,800,800,800,800,2499,2499,2499,2500,2499,2500,800,800,0,0,0,0,0,0,0,9.523809432983398,0,0,0,0,0,0,0,100,172678.89892578125,195604.8935546875,0,404327403520,8589930496,6062243840,114688
10,1791579730016,2500,2500,800,799,800,800,800,800,2499,2499,2499,2500,2499,2500,800,800,0,0,0,0,0,0,0,9.523809432983398,0,0,0,0,0,0,0,100,172679.05072021484,195605.2064819336,0,404327403520,8589930496,6062243840,114688
9,1791579730026,2500,2500,800,799,800,800,800,800,2499,2499,2499,2500,2499,2500,800,800,0,0,0,0,0,0,0,9.523809432983398,0,0,0,0,0,0,0,100,172679.20220947266,195605.51861572266,0,404327403520,8589930496,6062243840,114688
9,1791579730036,2500,2500,800,799,800,800,800,800,2499,2499,2499,2500,2499,2500,800,800,0,0,0,0,0,0,0,9.523809432983398,0,0,0,0,0,0,0,100,172679.35528564453,195605.82946777344,0,404327403520,8589930496,6062243840,114688
9,1791579730047,2500,2500,800,799,800,800,800,800,2499,2499,2499,2500,2499,2500,800,800,0,0,0,0,0,0,0,9.523809432983398,0,0,0,0,0,0,0,100,172679.51165771484,195606.14056396484,0,404327403520,8589930496,6057287680,114688
9,1791579730057,2500,2500,800,799,800,800,800,800,2499,2499,2499,2500,2499,2500,800,800,0,0,0,0,0,0,0,9.523809432983398,0,0,0,0,0,0,0,100,172679.67059326172,195606.45056152344,0,404327403520,8589930496,6057287680,114688
9,1791579730067,2500,2500,800,799,800,800,800,800,2499,2499,2499,2500,2499,2500,800,800,0,0,0,0,0,0,0,9.523809432983398,0,0,0,0,0,0,0,100,172679.82556152344,195606.76342773438,0,404327403520,8589930496,6057287680,114688
9,1791579730077,2500,2500,800,799,800,800,800,800,2499,2499,2499,2500,2499,2500,800,800,0,0,0,0,0,0,0,9.523809432983398,0,0,0,0,0,0,0,100,172679.98022460938,195607.07415771484,0,404327403520,8589930496,6055305216,114688
9,1791579730087,2500,2500,800,799,800,800,800,800,2499,2499,2499,2500,2499,2500,800,800,0,0,0,0,0,0,0,9.523809432983398,0,0,0,0,0,0,0,100,172680.1358642578,195607.3858642578,0,404327403520,8589930496,6050349056,114688
9,1791579730097,2500,2500,800,799,800,800,800,800,2499,2499,2499,2500,2499,2500,800,800,0,0,0,0,0,0,0,9.523809432983398,0,0,0,0,0,0,0,100,172680.29138183594,195607.69653320313,0,404327403520,8589930496,6029074432,114688
9,1791579730107,2500,2500,800,799,800,800,800,800,2499,2499,2499,2500,2499,2500,800,800,0,0,0,0,0,0,0,9.523809432983398,0,0,0,0,0,0,0,100,172680.44757080078,195608.00885009766,0,404327403520,8589930496,6029074432,114688
9,1791579730117,2500,2500,800,799,800,800,800,800,2499,2499,2499,2500,2499,2500,800,800,0,0,0,0,0,0,0,9.523809432983398,0,0,0,0,0,0,0,100,172680.6055908203,195608.318359375,0,404327403520,8589930496,6025605120,114688
9,1791579730127,2500,2500,800,799,800,800,800,800,2499,2499,2499,2500,2499,2500,800,800,0,0,0,0,0,0,0,9.523809432983398,0,0,0,0,0,0,0,100,172680.7608642578,195608.62927246094,0,404327403520,8589930496,6025605120,114688
9,1791579730137,2500,2500,800,799,800,800,800,800,2499,2499,2499,2500,2499,2500,800,800,0,0,0,0,0,0,0,9.523809432983398,0,0,0,0,0,0,0,100,172680.93518066406,195608.9730834961,0,404327403520,8589930496,6021144576,114688
9,1791579730147,2500,2500,800,799,800,800,800,800,2499,2499,2499,2500,2499,2500,800,800,0,0,0,0,0,0,0,9.523809432983398,0,0,0,0,0,0,0,100,172681.08862304688,195609.2869873047,0,404327403520,8589930496,6014205952,114688
10,1791579730157,2500,2500,800,799,800,800,800,800,2499,2499,2499,2500,2499,2500,800,800,0,0,0,0,0,0,0,9.523809432983398,0,0,0,0,0,0,0,100,172681.22998046875,195609.56903076172,0,404327403520,8589930496,6009208832,114688
9,1791579730167,2500,2500,800,799,800,800,800,800,2499,2499,2499,2500,2499,2500,800,800,0,0,0,0,0,0,0,9.523809432983398,0,0,0,0,0,0,0,100,172681.3861694336,195609.87927246094,0,404327403520,8589930496,6005739520,114688
9,1791579730177,2500,2500,800,799,800,800,800,800,2499,2499,2499,2500,2499,2500,800,800,0,0,0,0,0,0,0,9.523809432983398,0,0,0,0,0,0,0,100,172681.55279541016,195610.22296142578,0,404327403520,8589930496,6005739520,114688
10,1791579730187,2500,2500,800,799,800,800,800,800,2499,2499,2499,2500,2499,2500,800,800,0,0,0,0,0,0,0,9.523809432983398,0,0,0,0,0,0,0,100,172681.70440673828,195610.53283691406,0,404327403520,8589930496,6002765824,114688
9,1791579730198,2500,2500,800,799,800,800,800,800,2499,2499,2499,2500,2499,2500,800,800,0,0,0,0,0,0,0,9.523809432983398,0,0,0,0,0,0,0,100,172681.85766601563,195610.84600830078,0,404327403520,8589930496,5997314048,114688
9,1791579730208,2500,2500,800,799,800,800,800,800,2499,2499,2499,2500,2499,2500,800,800,0,0,0,0,0,0,0,9.523809432983398,0,0,0,0,0,0,0,100,172682.01196289063,195611.16259765625,0,404327403520,8589930496,5997314048,114688
9,1791579730218,2500,2500,800,799,800,800,800,800,2499,2499,2499,2500,2499,2500,800,800,0,0,0,0,0,0,0,9.523809432983398,0,0,0,0,0,0,0,100,172682.16229248047,195611.47576904297,0,404327403520,8589930496,5994340352,114688
9,1791579730228,2500,2500,800,799,800,800,800,800,2499,2499,2499,2500,2499,2500,800,800,0,0,0,0,0,0,0,9.523809432983398,0,0,0,0,0,0,0,100,172682.31701660156,195611.79028320313,0,404327403520,8589930496,5990375424,114688
9,1791579730238,2500,2500,800,799,800,800,800,800,2499,2499,2499,2500,2499,2500,800,800,0,0,0,0,0,0,0,9.523809432983398,0,0,0,0,0,0,0,100,172682.46606445313,195612.10412597656,0,404327403520,8589930496,5990375424,114688
9,1791579730248,2500,2500,800,799,800,800,800,800,2499,2499,2499,2500,2499,2500,800,800,0,0,0,0,0,0,0,9.523809432983398,0,0,0,0,0,0,0,100,172682.62280273438,195612.41577148438,0,404327403520,8589930496,5985914880,114688
9,1791579730258,2500,2500,800,799,800,800,800,800,2499,2499,2499,2500,2499,2500,800,800,0,0,0,0,0,0,0,9.523809432983398,0,0,0,0,0,0,0,100,172682.77990722656,195612.7276611328,0,404327403520,8589930496,5985914880,114688
9,1791579730268,2500,2500,800,799,800,800,800,800,2499,2499,2499,2500,2499,2500,800,800,0,0,0,0,0,0,0,9.523809432983398,0,0,0,0,0,0,0,100,172682.9344482422,195613.0385131836,0,404327403520,8589930496,5979967488,114688
9,1791579730278,2500,2500,800,799,800,800,800,800,2499,2499,2499,2500,2499,2500,800,800,0,0,0,0,0,0,0,9.523809432983398,0,0,0,0,0,0,0,100,172683.08905029297,195613.35418701172,0,404327403520,8589930496,5976498176,114688
10,1791579730288,2500,2500,800,799,800,800,800,800,2499,2499,2499,2500,2499,2500,800,800,0,0,0,0,0,0,0,9.523809432983398,0,0,0,0,0,0,0,100,172683.24670410156,195613.6654663086,0,404327403520,8589930496,5976498176,114688
9,1791579730298,2500,2500,800,799,800,800,800,800,2499,2499,2499,2500,2499,2500,800,800,0,0,0,0,0,0,0,9.523809432983398,0,0,0,0,0,0,0,100,172683.40252685547,195613.97802734375,0,404327403520,8589930496,5973524480,114688
9,1791579730308,2500,2500,800,799,800,800,800,800,2499,2499,2499,2500,2499,2500,800,800,0,0,0,0,0,0,0,9.523809432983398,0,0,0,0,0,0,0,100,172683.55541992188,195614.2869873047,0,404327403520,8589930496,5973524480,114688
10,1791579730318,2500,2500,800,799,800,800,800,800,2499,2499,2499,2500,2499,2500,800,800,0,0,0,0,0,0,0,9.523809432983398,0,0,0,0,0,0,0,100,172683.70837402344,195614.599609375,0,404327403520,8589930496,5970055168,114688
9,1791579730329,2500,2500,800,799,800,800,800,800,2499,2499,2499,2500,2499,2500,800,800,0,0,0,0,0,0,0,9.523809432983398,0,0,0,0,0,0,0,100,172683.8770751953,195614.94274902344,0,404327403520,8589930496,5965099008,114688
9,1791579730339,2500,2500,800,799,800,800,800,800,2499,2499,2499,2500,2499,2500,800,800,5,0,0,0,0,0,0,10,0,0,0,0,0,0,0,100,172684.03344726563,195615.25701904297,0,404327403520,8589930496,5965099008,114688
10,1791579730349,2500,2500,800,799,800,800,800,800,2499,2499,2499,2500,2499,2500,800,800,5,0,0,0,0,0,0,10,0,0,0,0,0,0,0,100,172684.18780517578,195615.57330322266,0,404327403520,8589930496,5960142848,114688
9,1791579730359,2500,2500,800,799,800,800,800,800,2499,2499,2499,2500,2499,2500,800,800,5,0,0,0,0,0,0,10,0,0,0,0,0,0,0,100,172684.34051513672,195615.8851928711,0,404327403520,8589930496,5957664768,114688
10,1791579730369,2500,2500,800,799,800,800,800,800,2499,2499,2499,2500,2499,2500,800,800,5,0,0,0,0,0,0,10,0,0,0,0,0,0,0,100,172684.49505615234,195616.19598388672,0,404327403520,8589930496,5957664768,114688
9,1791579730379,2500,2500,800,799,800,800,800,800,2499,2499,2499,2500,2499,2500,800,800,5,0,0,0,0,0,0,10,0,0,0,0,0,0,0,100,172684.65014648438,195616.50567626953,0,404327403520,8589930496,5952212992,114688
9,1791579730389,2500,2500,800,799,800,800,800,800,2499,2499,2499,2500,2499,2500,800,800,5,0,0,0,0,0,0,10,0,0,0,0,0,0,0,100,172684.80157470703,195616.82061767578,0,404327403520,8589930496,5947256832,114688
9,1791579730399,2500,2500,800,799,800,800,800,800,2499,2499,2499,2500,2499,2500,800,800,5,0,0,0,0,0,0,10,0,0,0,0,0,0,0,100,172684.95776367188,195617.1332397461,0,404327403520,8589930496,5947256832,114688
9,1791579730409,2500,2500,800,799,800,800,800,800,2499,2499,2499,2500,2499,2500,800,800,5,0,0,0,0,0,0,10,0,0,0,0,0,0,0,100,172685.1138305664,195617.44854736328,0,404327403520,8589930496,5944283136,114688
9,1791579730419,2500,2500,800,799,800,800,800,800,2499,2499,2499,2500,2499,2500,800,800,5,0,0,0,0,0,0,10,0,0,0,0,0,0,0,100,172685.26837158203,195617.76873779297,0,404327403520,8589930496,5944283136,114688
10,1791579730429,2500,2500,800,799,800,800,800,800,2499,2499,2499,2500,2499,2500,800,800,5,0,0,0,0,0,0,10,0,0,0,0,0,0,0,100,172685.42803955078,195618.07696533203,0,404327403520,8589930496,5940318208,114688
9,1791579730439,2500,2500,800,799,800,800,800,800,2499,2499,2499,2500,2499,2500,800,800,5,0,0,0,0,0,0,10,0,0,0,0,0,0,0,100,172685.58502197266,195618.38916015625,0,404327403520,8589930496,5934370816,114688
9,1791579730449,2500,2500,800,799,800,800,800,800,2499,2499,2499,2500,2499,2500,800,800,5,0,0,0,0,0,0,10,0,0,0,0,0,0,0,100,172685.74377441406,195618.70526123047,0,404327403520,8589930496,5934370816,114688
9,1791579730459,2500,2500,800,799,800,800,800,800,2499,2499,2499,2500,2499,2500,800,800,5,0,0,0,0,0,0,10,0,0,0,0,0,0,0,100,172685.89813232422,195619.02044677734,0,404327403520,8589930496,5931892736,114688
10,1791579730469,2500,2500,800,799,800,800,800,800,2499,2499,2499,2500,2499,2500,800,800,5,0,0,0,0,0,0,10,0,0,0,0,0,0,0,100,172686.05377197266,195619.33673095703,0,404327403520,8589930496,5927927808,114688
9,1791579730480,2500,2500,800,799,800,800,800,800,2499,2499,2499,2500,2499,2500,800,800,5,0,0,0,0,0,0,10,0,0,0,0,0,0,0,100,172686.22760009766,195619.685546875,0,404327403520,8589930496,5927927808,114688
9,1791579730490,2500,2500,800,799,800,800,800,800,2499,2499,2499,2500,2499,2500,800,800,5,0,0,0,0,0,0,10,0,0,0,0,0,0,0,100,172686.38397216797,195619.99780273438,0,404327403520,8589930496,5918015488,114688
9,1791579730500,2500,2500,800,799,800,800,800,800,2499,2499,2499,2500,2499,2500,800,800,5,0,0,0,0,0,0,10,0,0,0,0,0,0,0,100,172686.5414428711,195620.30828857422,0,404327403520,8589930496,5915537408,114688
9,1791579730510,2500,2500,800,799,800,800,800,800,2499,2499,2499,2500,2499,2500,800,800,5,0,0,0,0,0,0,10,0,0,0,0,0,0,0,100,172686.69311523438,195620.6176147461,0,404327403520,8589930496,5915537408,114688
9,1791579730520,2500,2500,800,799,800,800,800,800,2499,2499,2499,2500,2499,2500,800,800,5,0,0,0,0,0,0,10,0,0,0,0,0,0,0,100,172686.84564208984,195620.93280029297,0,404327403520,8589930496,5910085632,114688
9,1791579730530,2500,2500,800,799,800,800,800,800,2499,2499,2499,2500,2499,2500,800,800,5,0,0,0,0,0,0,10,0,0,0,0,0,0,0,100,172686.9989013672,195621.24560546875,0,404327403520,8589930496,5910085632,114688
9,1791579730540,2500,2500,800,799,800,800,800,800,2499,2499,2499,2500,2499,2500,800,800,5.263157844543457,0,0,0,0,0,0,5,0,0,0,0,0,0,0,100,172687.15380859375,195621.5606689453,0,404327403520,8589930496,5910085632,114688
10,1791579730550,2500,2500,800,799,800,800,800,800,2499,2499,2499,2500,2499,2500,800,800,5.263157844543457,0,0,0,0,0,0,5,0,0,0,0,0,0,0,100,172687.31072998047,195621.87823486328,0,404327403520,8589930496,5910085632,114688
9,1791579730560,2500,2500,800,799,800,800,800,800,2499,2499,2499,2500,2499,2500,800,800,5.263157844543457,0,0,0,0,0,0,5,0,0,0,0,0,0,0,100,172687.46575927734,195622.15661621094,0,404327403520,8589930496,5910085632,114688
9,1791579730570,2500,2500,800,799,800,800,800,800,2499,2499,2499,2500,2499,2500,800,800,5.263157844543457,0,0,0,0,0,0,5,0,0,0,0,0,0,0,100,172687.61993408203,195622.50103759766,0,404327403520,8589930496,5910085632,114688
9,1791579730580,2500,2500,800,799,800,800,800,800,2499,2499,2499,2500,2499,2500,800,800,5.263157844543457,0,0,0,0,0,0,5,0,0,0,0,0,0,0,100,172687.7830810547,195622.81671142578,0,404327403520,8589930496,5910085632,114688
10,1791579730590,2500,2500,800,799,800,800,800,800,2499,2499,2499,2500,2499,2500,800,800,5.263157844543457,0,0,0,0,0,0,5,0,0,0,0,0,0,0,100,172687.9412841797,195623.1329345703,0,404327403520,8589930496,5910085632,114688
9,1791579730600,2500,2500,800,799,800,800,800,800,2499,2499,2499,2500,2499,2500,800,800,5.263157844543457,0,0,0,0,0,0,5,0,0,0,0,0,0,0,100,172688.0958251953,195623.44799804688,0,404327403520,8589930496,5910085632,114688
9,1791579730610,2500,2500,800,799,800,800,800,800,2499,2499,2499,2500,2499,2500,800,800,5.263157844543457,0,0,0,0,0,0,5,0,0,0,0,0,0,0,100,172688.25457763672,195623.75805664063,0,404327403520,8589930496,5910085632,114688
10,1791579730620,2500,2500,800,799,800,800,800,800,2499,2499,2499,2500,2499,2500,800,800,5.263157844543457,0,0,0,0,0,0,5,0,0,0,0,0,0,0,100,172688.4047241211,195624.07025146484,0,404327403520,8589930496,5910085632,114688
9,1791579730631,2500,2500,800,799,800,800,800,800,2499,2499,2499,2500,2499,2500,800,800,5.263157844543457,0,0,0,0,0,0,5,0,0,0,0,0,0,0,100,172688.55725097656,195624.38458251953,0,404327403520,8589930496,5910085632,114688
9,1791579730641,2500,2500,800,799,800,800,800,800,2499,2499,2499,2500,2499,2500,800,800,5.263157844543457,0,0,0,0,0,0,5,0,0,0,0,0,0,0,100,172688.72772216797,195624.72912597656,0,404327403520,8589930496,5910085632,114688
10,1791579730651,2500,2500,800,799,800,800,800,800,2499,2499,2499,2500,2499,2500,800,800,5.263157844543457,0,0,0,0,0,0,5,0,0,0,0,0,0,0,100,172688.865234375,195625.0101928711,0,404327403520,8589930496,5910085632,114688
9,1791579730661,2500,2500,800,799,800,800,800,800,2499,2499,2499,2500,2499,2500,800,800,5.263157844543457,0,0,0,0,0,0,5,0,0,0,0,0,0,0,100,172689.03662109375,195625.35327148438,0,404327403520,8589930496,5910085632,114688
9,1791579730671,2500,2500,800,799,800,800,800,800,2499,2499,2499,2500,2499,2500,800,800,5.263157844543457,0,0,0,0,0,0,5,0,0,0,0,0,0,0,100,172689.19018554688,195625.6650390625,0,404327403520,8589930496,5910085632,114688
10,1791579730681,2500,2500,800,799,800,800,800,800,2499,2499,2499,2500,2499,2500,800,800,5.263157844543457,0,0,0,0,0,0,5,0,0,0,0,0,0,0,100,172689.34088134766,195625.9822998047,0,404327403520,8589930496,5910085632,114688
9,1791579730691,2500,2500,800,799,800,800,800,800,2499,2499,2499,2500,2499,2500,800,800,5.263157844543457,0,0,0,0,0,0,5,0,0,0,0,0,0,0,100,172689.4959716797,195626.28729248047,0,404327403520,8589930496,5910085632,114688
9,1791579730701,2500,2500,800,799,800,800,800,800,2499,2499,2499,2500,2499,2500,800,800,5.263157844543457,0,0,0,0,0,0,5,0,0,0,0,0,0,0,100,172689.65014648438,195626.59869384766,0,404327403520,8589930496,5910085632,114688
9,1791579730711,2500,2500,800,799,800,800,800,800,2499,2499,2499,2500,2499,2500,800,800,5.263157844543457,0,0,0,0,0,0,5,0,0,0,0,0,0,0,100,172689.80303955078,195626.91271972656,0,404327403520,8589930496,5910085632,114688
9,1791579730721,2500,2500,800,799,800,800,800,800,2499,2499,2499,2500,2499,2500,800,800,5.263157844543457,0,0,0,0,0,0,5,0,0,0,0,0,0,0,100,172689.95721435547,195627.22717285156,0,404327403520,8589930496,5910085632,114688
9,1791579730731,2500,2500,800,799,800,800,800,800,2499,2499,2499,2500,2499,2500,800,800,5.263157844543457,0,0,0,0,0,0,5,0,0,0,0,0,0,0,100,172690.11486816406,195627.5458984375,0,404327403520,8589930496,5910085632,114688
9,1791579730741,2500,2500,800,799,800,800,800,800,2499,2499,2499,2500,2499,2500,800,800,0,0,0,0,0,0,0,10,0,0,0,0,0,0,0,100,172690.26373291016,195627.85766601563,0,404327403520,8589930496,5910085632,114688
10,1791579730751,2500,2500,800,799,800,800,800,800,2499,2499,2499,2500,2499,2500,800,800,0,0,0,0,0,0,0,10,0,0,0,0,0,0,0,100,172690.42065429688,195628.16815185547,0,404327403520,8589930496,5910085632,114688
9,1791579730762,2500,2500,800,799,800,800,800,800,2499,2499,2499,2500,2499,2500,800,800,0,0,0,0,0,0,0,10,0,0,0,0,0,0,0,100,172690.57446289063,195628.47827148438,0,404327403520,8589930496,5910085632,114688
9,1791579730772,2500,2500,800,799,800,800,800,800,2499,2499,2499,2500,2499,2500,800,800,0,0,0,0,0,0,0,10,0,0,0,0,0,0,0,100,172690.72827148438,195628.7885131836,0,404327403520,8589930496,5910085632,114688
9,1791579730782,2500,2500,800,799,800,800,800,800,2499,2499,2499,2500,2499,2500,800,800,0,0,0,0,0,0,0,10,0,0,0,0,0,0,0,100,172690.884765625,195629.10809326172,0,404327403520,8589930496,5910085632,114688
9,1791579730792,2500,2500,800,799,800,800,800,800,2499,2499,2499,2500,2499,2500,800,800,0,0,0,0,0,0,0,10,0,0,0,0,0,0,0,100,172691.04077148438,195629.42309570313,0,404327403520,8589930496,5910085632,114688
9,1791579730802,2500,2500,800,799,800,800,800,800,2499,2499,2499,2500,2499,2500,800,800,0,0,0,0,0,0,0,10,0,0,0,0,0,0,0,100,172691.1923828125,195629.7342529297,0,404327403520,8589930496,5910085632,114688
9,1791579730812,2500,2500,800,799,800,800,800,800,2499,2499,2499,2500,2499,2500,800,800,0,0,0,0,0,0,0,10,0,0,0,0,0,0,0,100,172691.34857177734,195630.04669189453,0,404327403520,8589930496,5910085632,114688
9,1791579730822,2500,2500,800,799,800,800,800,800,2499,2499,2499,2500,2499,2500,800,800,0,0,0,0,0,0,0,10,0,0,0,0,0,0,0,100,172691.50262451172,195630.3589477539,0,404327403520,8589930496,5910085632,114688
9,1791579730832,2500,2500,800,799,800,800,800,800,2499,2499,2499,2500,2499,2500,800,800,0,0,0,0,0,0,0,10,0,0,0,0,0,0,0,100,172691.67401123047,195630.70336914063,0,404327403520,8589930496,5910085632,114688
9,1791579730842,2500,2500,800,799,800,800,800,800,2499,2499,2499,2500,2499,2500,800,800,0,0,0,0,0,0,0,10,0,0,0,0,0,0,0,100,172691.8349609375,195631.01092529297,0,404327403520,8589930496,5910085632,114688
9,1791579730852,2500,2500,800,799,800,800,800,800,2499,2499,2499,2500,2499,2500,800,800,0,0,0,0,0,0,0,10,0,0,0,0,0,0,0,100,172691.99438476563,195631.32788085938,0,404327403520,8589930496,5910085632,114688
10,1791579730862,2500,2500,800,799,800,800,800,800,2499,2499,2499,2500,2499,2500,800,800,0,0,0,0,0,0,0,10,0,0,0,0,0,0,0,100,172692.14947509766,195631.64044189453,0,404327403520,8589930496,5910085632,114688
9,1791579730873,2500,2500,800,799,800,800,800,800,2499,2499,2499,2500,2499,2500,800,800,0,0,0,0,0,0,0,10,0,0,0,0,0,0,0,100,172692.30438232422,195631.9464111328,0,404327403520,8589930496,5910085632,114688
9,1791579730883,2500,2500,800,799,800,800,800,800,2499,2499,2499,2500,2499,2500,800,800,0,0,0,0,0,0,0,10,0,0,0,0,0,0,0,100,172692.46307373047,195632.25653076172,0,404327403520,8589930496,5910085632,114688
9,1791579730893,2500,2500,800,799,800,800,800,800,2499,2499,2499,2500,2499,2500,800,800,0,0,0,0,0,0,0,10,0,0,0,0,0,0,0,100,172692.61889648438,195632.5717163086,0,404327403520,8589930496,5910085632,114688
9,1791579730903,2500,2500,800,799,800,800,800,800,2499,2499,2499,2500,2499,2500,800,800,0,0,0,0,0,0,0,10,0,0,0,0,0,0,0,100,172692.77178955078,195632.88092041016,0,404327403520,8589930496,5910085632,114688
9,1791579730913,2500,2500,800,799,800,800,800,800,2499,2499,2499,2500,2499,2500,800,800,0,0,0,0,0,0,0,10,0,0,0,0,0,0,0,100,172692.93017578125,195633.19647216797,0,404327403520,8589930496,5910085632,114688
9,1791579730923,2500,2500,800,799,800,800,800,800,2499,2499,2499,2500,2499,2500,800,800,0,0,0,0,0,0,0,10,0,0,0,0,0,0,0,100,172693.08624267578,195633.51263427734,0,404327403520,8589930496,5910085632,114688
10,1791579730933,2500,2500,800,799,800,800,800,800,2499,2499,2499,2500,2499,2500,800,800,0,0,0,0,0,0,0,10,0,0,0,0,0,0,0,100,172693.23693847656,195633.82257080078,0,404327403520,8589930496,5910085632,114688
9,1791579730943,2500,2500,800,799,800,800,800,800,2499,2499,2499,2500,2499,2500,800,800,0,0,0,0,0,0,0,5,0,0,0,0,0,0,0,100,172693.4096069336,195634.1625366211,0,404327403520,8589930496,5910085632,114688
9,1791579730953,2500,2500,800,799,800,800,800,800,2499,2499,2499,2500,2499,2500,800,800,0,0,0,0,0,0,0,5,0,0,0,0,0,0,0,100,172693.56744384766,195634.47589111328,0,404327403520,8589930496,5910085632,114688
9,1791579730963,2500,2500,800,799,800,800,800,800,2499,2499,2499,2500,2499,2500,800,800,0,0,0,0,0,0,0,5,0,0,0,0,0,0,0,100,172693.7283935547,195634.78845214844,0,404327403520,8589930496,5910085632,114688
9,1791579730973,2500,2500,800,799,800,800,800,800,2499,2499,2499,2500,2499,2500,800,800,0,0,0,0,0,0,0,5,0,0,0,0,0,0,0,100,172693.8836669922,195635.09899902344,0,404327403520,8589930496,5910085632,114688
9,1791579730983,2500,2500,800,799,800,800,800,800,2499,2499,2499,2500,2499,2500,800,800,0,0,0,0,0,0,0,5,0,0,0,0,0,0,0,100,172694.03802490234,195635.41961669922,0,404327403520,8589930496,5910085632,114688
10,1791579730993,2500,2500,800,799,800,800,800,800,2499,2499,2499,2500,2499,2500,800,800,0,0,0,0,0,0,0,5,0,0,0,0,0,0,0,100,172694.19384765625,195635.73083496094,0,404327403520,8589930496,5910085632,114688
10,1791579731003,2500,2500,800,799,800,800,800,800,2499,2499,2499,2500,2499,2500,800,800,0,0,0,0,0,0,0,5,0,0,0,0,0,0,0,100,172694.35205078125,195636.04296875,0,404327403520,8589930496,5910085632,114688
9,1791579731014,2500,2500,800,799,800,800,800,800,2499,2499,2499,2500,2499,2500,800,800,0,0,0,0,0,0,0,5,0,0,0,0,0,0,0,100,172694.5064086914,195636.35430908203,0,404327403520,8589930496,5910085632,114688
9,1791579731024,2500,2500,800,799,800,800,800,800,2499,2499,2499,2500,2499,2500,800,800,0,0,0,0,0,0,0,5,0,0,0,0,0,0,0,100,172694.6587524414,195636.66876220703,0,404327403520,8589930496,5910085632,114688
9,1791579731034,2500,2500,800,799,800,800,800,800,2499,2499,2499,2500,2499,2500,800,800,0,0,0,0,0,0,0,5,0,0,0,0,0,0,0,100,172694.81365966797,195636.9844970703,0,404327403520,8589930496,5910085632,114688
9,1791579731044,2500,2500,800,799,800,800,800,800,2499,2499,2499,2500,2499,2500,800,800,0,0,0,0,0,0,0,5,0,0,0,0,0,0,0,100,172694.96911621094,195637.29296875,0,404327403520,8589930496,5910085632,114688
9,1791579731054,2500,2500,800,799,800,800,800,800,2499,2499,2499,2500,2499,2500,800,800,0,0,0,0,0,0,0,5,0,0,0,0,0,0,0,100,172695.1229248047,195637.60626220703,0,404327403520,8589930496,5910085632,114688
9,1791579731064,2500,2500,800,799,800,800,800,800,2499,2499,2499,2500,2499,2500,800,800,0,0,0,0,0,0,0,5,0,0,0,0,0,0,0,100,172695.27947998047,195637.9144897461,0,404327403520,8589930496,5910085632,114688
9,1791579731074,2500,2500,800,799,800,800,800,800,2499,2499,2499,2500,2499,2500,800,800,0,0,0,0,0,0,0,5,0,0,0,0,0,0,0,100,172695.43157958984,195638.23010253906,0,404327403520,8589930496,5910085632,114688
9,1791579731084,2500,2500,800,799,800,800,800,800,2499,2499,2499,2500,2499,2500,800,800,0,0,0,0,0,0,0,5,0,0,0,0,0,0,0,100,172695.58154296875,195638.54418945313,0,404327403520,8589930496,5910085632,114688
9,1791579731094,2500,2500,800,799,800,800,800,800,2499,2499,2499,2500,2499,2500,800,800,0,0,0,0,0,0,0,5,0,0,0,0,0,0,0,100,172695.75219726563,195638.89031982422,0,404327403520,8589930496,5910085632,114688
9,1791579731104,2500,2500,800,799,800,800,800,800,2499,2499,2499,2500,2499,2500,800,800,0,0,0,0,0,0,0,5,0,0,0,0,0,0,0,100,172695.90161132813,195639.20837402344,0,404327403520,8589930496,5910085632,114688
9,1791579731114,2500,2500,800,799,800,800,800,800,2499,2499,2499,2500,2499,2500,800,800,0,0,0,0,0,0,0,5,0,0,0,0,0,0,0,100,172696.05682373047,195639.52362060547,0,404327403520,8589930496,5892792320,114688
9,1791579731124,2500,2500,800,799,800,800,800,800,2499,2499,2499,2500,2499,2500,800,800,0,0,0,0,0,0,0,5,0,0,0,0,0,0,0,100,172696.20770263672,195639.8314819336,0,404327403520,8589930496,5892792320,114688
10,1791579731134,2500,2500,800,799,800,800,800,800,2499,2499,2499,2500,2499,2500,800,800,0,0,0,0,0,0,0,5,0,0,0,0,0,0,0,100,172696.35479736328,195640.14459228516,0,404327403520,8589930496,5892792320,114688
9,1791579731144,2500,2500,800,799,800,800,800,800,2499,2499,2499,2500,2499,2500,800,800,10,0,0,0,0,0,0,9.523809432983398,0,0,0,0,0,0,0,100,172696.5087890625,195640.45806884766,0,404327403520,8589930496,5892792320,114688
10,1791579731154,2500,2500,800,799,800,800,800,800,2499,2499,2499,2500,2499,2500,800,800,10,0,0,0,0,0,0,9.523809432983398,0,0,0,0,0,0,0,100,172696.6622314453,195640.77215576172,0,404327403520,8589930496,5892792320,114688
9,1791579731165,2500,2500,800,799,800,800,800,800,2499,2499,2499,2500,2499,2500,800,800,10,0,0,0,0,0,0,9.523809432983398,0,0,0,0,0,0,0,100,172696.81384277344,195641.08978271484,0,404327403520,8589930496,5892792320,114688
9,1791579731175,2500,2500,800,799,800,800,800,800,2499,2499,2499,2500,2499,2500,800,800,10,0,0,0,0,0,0,9.523809432983398,0,0,0,0,0,0,0,100,172696.96575927734,195641.40155029297,0,404327403520,8589930496,5892534272,114688
10,1791579731185,2500,2500,800,799,800,800,800,800,2499,2499,2499,2500,2499,2500,800,800,10,0,0,0,0,0,0,9.523809432983398,0,0,0,0,0,0,0,100,172697.11499023438,195641.70965576172,0,404327403520,8589930496,5892534272,114688
9,1791579731195,2500,2500,800,799,800,800,800,800,2499,2499,2499,2500,2499,2500,800,800,10,0,0,0,0,0,0,9.523809432983398,0,0,0,0,0,0,0,100,172697.26495361328,195642.02111816406,0,404327403520,8589930496,5892534272,114688
9,1791579731205,2500,2500,800,799,800,800,800,800,2499,2499,2499,2500,2499,2500,800,800,10,0,0,0,0,0,0,9.523809432983398,0,0,0,0,0,0,0,100,172697.4154663086,195642.3328857422,0,404327403520,8589930496,5892534272,114688
9,1791579731215,2500,2500,800,799,800,800,800,800,2499,2499,2499,2500,2499,2500,800,800,10,0,0,0,0,0,0,9.523809432983398,0,0,0,0,0,0,0,100,172697.57385253906,195642.64874267578,0,404327403520,8589930496,5892534272,114688
9,1791579731225,2500,2500,800,799,800,800,800,800,2499,2499,2499,2500,2499,2500,800,800,10,0,0,0,0,0,0,9.523809432983398,0,0,0,0,0,0,0,100,172697.7230834961,195642.96661376953,0,404327403520,8589930496,5892534272,114688
9,1791579731235,2500,2500,800,799,800,800,800,800,2499,2499,2499,2500,2499,2500,800,800,10,0,0,0,0,0,0,9.523809432983398,0,0,0,0,0,0,0,100,172697.87469482422,195643.28100585938,0,404327403520,8589930496,5892534272,114688
9,1791579731245,2500,2500,800,799,800,800,800,800,2499,2499,2499,2500,2499,2500,800,800,10,0,0,0,0,0,0,9.523809432983398,0,0,0,0,0,0,0,100,172698.03051757813,195643.59765625,0,404327403520,8589930496,5892534272,114688
9,1791579731255,2500,2500,800,799,800,800,800,800,2499,2499,2499,2500,2499,2500,800,800,10,0,0,0,0,0,0,9.523809432983398,0,0,0,0,0,0,0,100,172698.18505859375,195643.90783691406,0,404327403520,8589930496,5892534272,114688
9,1791579731265,2500,2500,800,799,800,800,800,800,2499,2499,2499,2500,2499,2500,800,800,10,0,0,0,0,0,0,9.523809432983398,0,0,0,0,0,0,0,100,172698.35021972656,195644.25268554688,0,404327403520,8589930496,5892534272,114688
9,1791579731275,2500,2500,800,799,800,800,800,800,2499,2499,2499,2500,2499,2500,800,800,10,0,0,0,0,0,0,9.523809432983398,0,0,0,0,0,0,0,100,172698.50311279297,195644.56762695313,0,404327403520,8589930496,5892534272,114688
9,1791579731286,2500,2500,800,799,800,800,800,800,2499,2499,2499,2500,2499,2500,800,800,10,0,0,0,0,0,0,9.523809432983398,0,0,0,0,0,0,0,100,172698.6580810547,195644.88012695313,0,404327403520,8589930496,5892534272,114688
10,1791579731295,2500,2500,800,799,800,800,800,800,2499,2499,2499,2500,2499,2500,800,800,10,0,0,0,0,0,0,9.523809432983398,0,0,0,0,0,0,0,100,172698.81317138672,195645.19689941406,0,404327403520,8589930496,5892534272,114688
9,1791579731306,2500,2500,800,799,800,800,800,800,2499,2499,2499,2500,2499,2500,800,800,10,0,0,0,0,0,0,9.523809432983398,0,0,0,0,0,0,0,100,172698.96643066406,195645.513671875,0,404327403520,8589930496,5892534272,114688
9,1791579731316,2500,2500,800,799,800,800,800,800,2499,2499,2499,2500,2499,2500,800,800,10,0,0,0,0,0,0,9.523809432983398,0,0,0,0,0,0,0,100,172699.12060546875,195645.82495117188,0,404327403520,8589930496,5892534272,114688
9,1791579731326,2500,2500,800,799,800,800,800,800,2499,2499,2499,2500,2499,2500,800,800,10,0,0,0,0,0,0,9.523809432983398,0,0,0,0,0,0,0,100,172699.27563476563,195646.14447021484,0,404327403520,8589930496,5892534272,114688
9,1791579731336,2500,2500,800,799,800,800,800,800,2499,2499,2499,2500,2499,2500,800,800,10,0,0,0,0,0,0,9.523809432983398,0,0,0,0,0,0,0,100,172699.42834472656,195646.45385742188,0,404327403520,8589930496,5892534272,114688
9,1791579731346,2500,2500,800,799,800,800,800,800,2499,2499,2499,2500,2499,2500,800,800,0,0,0,0,0,0,0,10,0,0,0,0,0,0,0,100,172699.5828857422,195646.76721191406,0,404327403520,8589930496,5892534272,114688
9,1791579731356,2500,2500,800,799,800,800,800,800,2499,2499,2499,2500,2499,2500,800,800,0,0,0,0,0,0,0,10,0,0,0,0,0,0,0,100,172699.7381591797,195647.0795288086,0,404327403520,8589930496,5892534272,114688
9,1791579731366,2500,2500,800,799,800,800,800,800,2499,2499,2499,2500,2499,2500,800,800,0,0,0,0,0,0,0,10,0,0,0,0,0,0,0,100,172699.8916015625,195647.39263916016,0,404327403520,8589930496,5892534272,114688
9,1791579731376,2500,2500,800,799,800,800,800,800,2499,2499,2499,2500,2499,2500,800,800,0,0,0,0,0,0,0,10,0,0,0,0,0,0,0,100,172700.04119873047,195647.7020263672,0,404327403520,8589930496,5892534272,114688
9,1791579731386,2500,2500,800,799,800,800,800,800,2499,2499,2499,2500,2499,2500,800,800,0,0,0,0,0,0,0,10,0,0,0,0,0,0,0,100,172700.1957397461,195648.01049804688,0,404327403520,8589930496,5892534272,114688
9,1791579731396,2500,2500,800,799,800,800,800,800,2499,2499,2499,2500,2499,2500,800,800,0,0,0,0,0,0,0,10,0,0,0,0,0,0,0,100,172700.3471069336,195648.32385253906,0,404327403520,8589930496,5892534272,114688
9,1791579731406,2500,2500,800,799,800,800,800,800,2499,2499,2499,2500,2499,2500,800,800,0,0,0,0,0,0,0,10,0,0,0,0,0,0,0,100,172700.50366210938,195648.63787841797,0,404327403520,8589930496,5892534272,114688
9,1791579731416,2500,2500,800,799,800,800,800,800,2499,2499,2499,2500,2499,2500,800,800,0,0,0,0,0,0,0,10,0,0,0,0,0,0,0,100,172700.65362548828,195648.9503173828,0,404327403520,8589930496,5892534272,114688
10,1791579731426,2500,2500,800,799,800,800,800,800,2499,2499,2499,2500,2499,2500,800,800,0,0,0,0,0,0,0,10,0,0,0,0,0,0,0,100,172700.8035888672,195649.2642211914,0,404327403520,8589930496,5892534272,114688
10,1791579731437,2500,2500,800,799,800,800,800,800,2499,2499,2499,2500,2499,2500,800,800,0,0,0,0,0,0,0,10,0,0,0,0,0,0,0,100,172700.9594116211,195649.57159423828,0,404327403520,8589930496,5892534272,114688
9,1791579731447,2500,2500,800,799,800,800,800,800,2499,2499,2499,2500,2499,2500,800,800,0,0,0,0,0,0,0,10,0,0,0,0,0,0,0,100,172701.12768554688,195649.91632080078,0,404327403520,8589930496,5892534272,114688
9,1791579731457,2500,2500,800,799,800,800,800,800,2499,2499,2499,2500,2499,2500,800,800,0,0,0,0,0,0,0,10,0,0,0,0,0,0,0,100,172701.2833251953,195650.22882080078,0,404327403520,8589930496,5892534272,114688
9,1791579731467,2500,2500,800,799,800,800,800,800,2499,2499,2499,2500,2499,2500,800,800,0,0,0,0,0,0,0,10,0,0,0,0,0,0,0,100,172701.43603515625,195650.54400634766,0,404327403520,8589930496,5892534272,114688
9,1791579731477,2500,2500,800,799,800,800,800,800,2499,2499,2499,2500,2499,2500,800,800,0,0,0,0,0,0,0,10,0,0,0,0,0,0,0,100,172701.58966064453,195650.8544921875,0,404327403520,8589930496,5892534272,114688
10,1791579731487,2500,2500,800,799,800,800,800,800,2499,2499,2499,2500,2499,2500,800,800,0,0,0,0,0,0,0,10,0,0,0,0,0,0,0,100,172701.7416381836,195651.16802978516,0,404327403520,8589930496,5892534272,114688
10,1791579731497,2500,2500,800,799,800,800,800,800,2499,2499,2499,2500,2499,2500,800,800,0,0,0,0,0,0,0,10,0,0,0,0,0,0,0,100,172701.89288330078,195651.4825439453,0,404327403520,8589930496,5892534272,114688
9,1791579731507,2500,2500,800,799,800,800,800,800,2499,2499,2499,2500,2499,2500,800,800,0,0,0,0,0,0,0,10,0,0,0,0,0,0,0,100,172702.05072021484,195651.79260253906,0,404327403520,8589930496,5892534272,114688
9,1791579731517,2500,2500,800,799,800,800,800,800,2499,2499,2499,2500,2499,2500,800,800,0,0,0,0,0,0,0,10,0,0,0,0,0,0,0,100,172702.20196533203,195652.10552978516,0,404327403520,8589930496,5892534272,114688
9,1791579731527,2500,2500,800,799,800,800,800,800,2499,2499,2499,2500,2499,2500,800,800,0,0,0,0,0,0,0,10,0,0,0,0,0,0,0,100,172702.3543701172,195652.42224121094,0,404327403520,8589930496,5892534272,114688
10,1791579731537,2500,2500,800,799,800,800,800,800,2499,2499,2499,2500,2499,2500,800,800,0,0,0,0,0,0,0,10,0,0,0,0,0,0,0,100,172702.50744628906,195652.73657226563,0,404327403520,8589930496,5892534272,114688
9,1791579731547,2500,2500,800,799,800,800,800,800,2499,2499,2499,2500,2499,2500,800,800,0,0,0,0,0,0,0,5,0,0,0,0,0,0,0,100,172702.6607055664,195653.05487060547,0,404327403520,8589930496,5892534272,114688
10,1791579731557,2500,2500,800,799,800,800,800,800,2499,2499,2499,2500,2499,2500,800,800,0,0,0,0,0,0,0,5,0,0,0,0,0,0,0,100,172702.8154296875,195653.37072753906,0,404327403520,8589930496,5892534272,114688
9,1791579731568,2500,2500,800,799,800,800,800,800,2499,2499,2499,2500,2499,2500,800,800,0,0,0,0,0,0,0,5,0,0,0,0,0,0,0,100,172702.97985839844,195653.71514892578,0,404327403520,8589930496,5892534272,114688
9,1791579731578,2500,2500,800,799,800,800,800,800,2499,2499,2499,2500,2499,2500,800,800,0,0,0,0,0,0,0,5,0,0,0,0,0,0,0,100,172703.11590576172,195653.9956665039,0,404327403520,8589930496,5892534272,114688
9,1791579731588,2500,2500,800,799,800,800,800,800,2499,2499,2499,2500,2499,2500,800,800,0,0,0,0,0,0,0,5,0,0,0,0,0,0,0,100,172703.28314208984,195654.33978271484,0,404327403520,8589930496,5892534272,114688
10,1791579731598,2500,2500,800,799,800,800,800,800,2499,2499,2499,2500,2499,2500,800,800,0,0,0,0,0,0,0,5,0,0,0,0,0,0,0,100,172703.42138671875,195654.62341308594,0,404327403520,8589930496,5892534272,114688
9,1791579731608,2500,2500,800,799,800,800,800,800,2499,2499,2499,2500,2499,2500,800,800,0,0,0,0,0,0,0,5,0,0,0,0,0,0,0,100,172703.58990478516,195654.96411132813,0,404327403520,8589930496,5892534272,114688
9,1791579731618,2500,2500,800,799,800,800,800,800,2499,2499,2499,2500,2499,2500,800,800,0,0,0,0,0,0,0,5,0,0,0,0,0,0,0,100,172703.73583984375,195655.2797241211,0,404327403520,8589930496,5892534272,114688
9,1791579731628,2500,2500,800,799,800,800,800,800,2499,2499,2499,2500,2499,2500,800,800,0,0,0,0,0,0,0,5,0,0,0,0,0,0,0,100,172703.8861694336,195655.5887451172,0,404327403520,8589930496,5892534272,114688
10,1791579731638,2500,2500,800,799,800,800,800,800,2499,2499,2499,2500,2499,2500,800,800,0,0,0,0,0,0,0,5,0,0,0,0,0,0,0,100,172704.03704833984,195655.90075683594,0,404327403520,8589930496,5892534272,114688
9,1791579731648,2500,2500,800,799,800,800,800,800,2499,2499,2499,2500,2499,2500,800,800,0,0,0,0,0,0,0,5,0,0,0,0,0,0,0,100,172704.19232177734,195656.21697998047,0,404327403520,8589930496,5892534272,114688
9,1791579731658,2500,2500,800,799,800,800,800,800,2499,2499,2499,2500,2499,2500,800,800,0,0,0,0,0,0,0,5,0,0,0,0,0,0,0,100,172704.3442993164,195656.52569580078,0,404327403520,8589930496,5892534272,114688
9,1791579731668,2500,2500,800,799,800,800,800,800,2499,2499,2499,2500,2499,2500,800,800,0,0,0,0,0,0,0,5,0,0,0,0,0,0,0,100,172704.50231933594,195656.84033203125,0,404327403520,8589930496,5892534272,114688
10,1791579731678,2500,2500,800,799,800,800,800,800,2499,2499,2499,2500,2499,2500,800,800,0,0,0,0,0,0,0,5,0,0,0,0,0,0,0,100,172704.6537475586,195657.15301513672,0,404327403520,8589930496,5892534272,114688
9,1791579731688,2500,2500,800,799,800,800,800,800,2499,2499,2499,2500,2499,2500,800,800,0,0,0,0,0,0,0,5,0,0,0,0,0,0,0,100,172704.80444335938,195657.46313476563,0,404327403520,8589930496,5892534272,114688
9,1791579731698,2500,2500,800,799,800,800,800,800,2499,2499,2499,2500,2499,2500,800,800,0,0,0,0,0,0,0,5,0,0,0,0,0,0,0,100,172704.95733642578,195657.7723388672,0,404327403520,8589930496,5892534272,114688
9,1791579731709,2500,2500,800,799,800,800,800,800,2499,2499,2499,2500,2499,2500,800,800,0,0,0,0,0,0,0,5,0,0,0,0,0,0,0,100,172705.11224365234,195658.09216308594,0,404327403520,8589930496,5892534272,114688
9,1791579731719,2500,2500,800,799,800,800,800,800,2499,2499,2499,2500,2499,2500,800,800,0,0,0,0,0,0,0,5,0,0,0,0,0,0,0,100,172705.27996826172,195658.4344482422,0,404327403520,8589930496,5892534272,114688
9,1791579731729,2500,2500,800,799,800,800,800,800,2499,2499,2499,2500,2499,2500,800,800,0,0,0,0,0,0,0,5,0,0,0,0,0,0,0,100,172705.421875,195658.74810791016,0,404327403520,8589930496,5892534272,114688
9,1791579731739,2500,2500,800,799,800,800,800,800,2499,2499,2499,2500,2499,2500,800,800,0,0,0,0,0,0,0,5,0,0,0,0,0,0,0,100,172705.5708618164,195659.02508544922,0,404327403520,8589930496,5892534272,114688
10,1791579731749,2500,2500,800,799,800,800,800,800,2499,2499,2499,2500,2499,2500,800,800,0,0,0,0,0,0,0,9.523809432983398,0,0,0,0,0,0,0,100,172705.72442626953,195659.3380126953,0,404327403520,8589930496,5892534272,114688
9,1791579731759,2500,2500,800,799,800,800,800,800,2499,2499,2499,2500,2499,2500,800,800,0,0,0,0,0,0,0,9.523809432983398,0,0,0,0,0,0,0,100,172705.8950805664,195659.6791381836,0,404327403520,8589930496,5892534272,114688
9,1791579731769,2500,2500,800,799,800,800,800,800,2499,2499,2499,2500,2499,2500,800,800,0,0,0,0,0,0,0,9.523809432983398,0,0,0,0,0,0,0,100,172706.02911376953,195659.97064208984,0,404327403520,8589930496,5892534272,114688
9,1791579731779,2500,2500,800,799,800,800,800,800,2499,2499,2499,2500,2499,2500,800,800,0,0,0,0,0,0,0,9.523809432983398,0,0,0,0,0,0,0,100,172706.1968383789,195660.30963134766,0,404327403520,8589930496,5892534272,114688
9,1791579731789,2500,2500,800,799,800,800,800,800,2499,2499,2499,2500,2499,2500,800,800,0,0,0,0,0,0,0,9.523809432983398,0,0,0,0,0,0,0,100,172706.35028076172,195660.62579345703,0,404327403520,8589930496,5892534272,114688
10,1791579731799,2500,2500,800,799,800,800,800,800,2499,2499,2499,2500,2499,2500,800,800,0,0,0,0,0,0,0,9.523809432983398,0,0,0,0,0,0,0,100,172706.50482177734,195660.94244384766,0,404327403520,8589930496,5892534272,114688
9,1791579731809,2500,2500,800,799,800,800,800,800,2499,2499,2499,2500,2499,2500,800,800,0,0,0,0,0,0,0,9.523809432983398,0,0,0,0,0,0,0,100,172706.65826416016,195661.2569580078,0,404327403520,8589930496,5892534272,114688
9,1791579731819,2500,2500,800,799,800,800,800,800,2499,2499,2499,2500,2499,2500,800,800,0,0,0,0,0,0,0,9.523809432983398,0,0,0,0,0,0,0,100,172706.80731201172,195661.5785522461,0,404327403520,8589930496,5892534272,114688
9,1791579731829,2500,2500,800,799,800,800,800,800,2499,2499,2499,2500,2499,2500,800,800,0,0,0,0,0,0,0,9.523809432983398,0,0,0,0,0,0,0,100,172706.96514892578,195661.88818359375,0,404327403520,8589930496,5892534272,114688
9,1791579731840,2500,2500,800,799,800,800,800,800,2499,2499,2499,2500,2499,2500,800,800,0,0,0,0,0,0,0,9.523809432983398,0,0,0,0,0,0,0,100,172707.11712646484,195662.20251464844,0,404327403520,8589930496,5892534272,114688
10,1791579731849,2500,2500,800,799,800,800,800,800,2499,2499,2499,2500,2499,2500,800,800,0,0,0,0,0,0,0,9.523809432983398,0,0,0,0,0,0,0,100,172707.2696533203,195662.50469970703,0,404327403520,8589930496,5892534272,114688
9,1791579731860,2500,2500,800,799,800,800,800,800,2499,2499,2499,2500,2499,2500,800,800,0,0,0,0,0,0,0,9.523809432983398,0,0,0,0,0,0,0,100,172707.42205810547,195662.8194580078,0,404327403520,8589930496,5892534272,114688
9,1791579731870,2500,2500,800,799,800,800,800,800,2499,2499,2499,2500,2499,2500,800,800,0,0,0,0,0,0,0,9.523809432983398,0,0,0,0,0,0,0,100,172707.57568359375,195663.13146972656,0,404327403520,8589930496,5892534272,114688
9,1791579731880,2500,2500,800,799,800,800,800,800,2499,2499,2499,2500,2499,2500,800,800,0,0,0,0,0,0,0,9.523809432983398,0,0,0,0,0,0,0,100,172707.7294921875,195663.4439086914,0,404327403520,8589930496,5892534272,114688
9,1791579731890,2500,2500,800,799,800,800,800,800,2499,2499,2499,2500,2499,2500,800,800,0,0,0,0,0,0,0,9.523809432983398,0,0,0,0,0,0,0,100,172707.88751220703,195663.75927734375,0,404327403520,8589930496,5892534272,114688
9,1791579731900,2500,2500,800,799,800,800,800,800,2499,2499,2499,2500,2499,2500,800,800,0,0,0,0,0,0,0,9.523809432983398,0,0,0,0,0,0,0,100,172708.04095458984,195664.07037353516,0,404327403520,8589930496,5892534272,114688
9,1791579731910,2500,2500,800,799,800,800,800,800,2499,2499,2499,2500,2499,2500,800,800,0,0,0,0,0,0,0,9.523809432983398,0,0,0,0,0,0,0,100,172708.19018554688,195664.3832397461,0,404327403520,8589930496,5892534272,114688
9,1791579731920,2500,2500,800,799,800,800,800,800,2499,2499,2499,2500,2499,2500,800,800,0,0,0,0,0,0,0,9.523809432983398,0,0,0,0,0,0,0,100,172708.3423461914,195664.6923828125,0,404327403520,8589930496,5892534272,114688
9,1791579731930,2500,2500,800,799,800,800,800,800,2499,2499,2499,2500,2499,2500,800,800,0,0,0,0,0,0,0,9.523809432983398,0,0,0,0,0,0,0,100,172708.51483154297,195665.03326416016,0,404327403520,8589930496,5892534272,114688
9,1791579731940,2500,2500,800,799,800,800,800,800,2499,2499,2499,2500,2499,2500,800,800,0,0,0,0,0,0,0,9.523809432983398,0,0,0,0,0,0,0,100,172708.67028808594,195665.33923339844,0,404327403520,8589930496,5892534272,114688
9,1791579731950,2500,2500,800,799,800,800,800,800,2499,2499,2499,2500,2499,2500,800,800,10,0,0,0,0,0,0,10,0,0,0,0,0,0,0,100,172708.82556152344,195665.6513671875,0,404327403520,8589930496,5892534272,114688
9,1791579731960,2500,2500,800,799,800,800,800,800,2499,2499,2499,2500,2499,2500,800,800,10,0,0,0,0,0,0,10,0,0,0,0,0,0,0,100,172708.97387695313,195665.9647216797,0,404327403520,8589930496,5892534272,114688
9,1791579731970,2500,2500,800,799,800,800,800,800,2499,2499,2499,2500,2499,2500,800,800,10,0,0,0,0,0,0,10,0,0,0,0,0,0,0,100,172709.12677001953,195666.28057861328,0,404327403520,8589930496,5892534272,114688
10,1791579731980,2500,2500,800,799,800,800,800,800,2499,2499,2499,2500,2499,2500,800,800,10,0,0,0,0,0,0,10,0,0,0,0,0,0,0,100,172709.27337646484,195666.58575439453,0,404327403520,8589930496,5892534272,114688
9,1791579731990,2500,2500,800,799,800,800,800,800,2499,2499,2499,2500,2499,2500,800,800,10,0,0,0,0,0,0,10,0,0,0,0,0,0,0,100,172709.43212890625,195666.8980102539,0,404327403520,8589930496,5892534272,114688
10,1791579732001,2500,2500,800,799,800,800,800,800,2499,2499,2499,2500,2499,2500,800,800,10,0,0,0,0,0,0,10,0,0,0,0,0,0,0,100,172709.58795166016,195667.20556640625,0,404327403520,8589930496,5892534272,114688
9,1791579732011,2500,2500,800,799,800,800,800,800,2499,2499,2499,2500,2499,2500,800,800,10,0,0,0,0,0,0,10,0,0,0,0,0,0,0,100,172709.74340820313,195667.51690673828,0,404327403520,8589930496,5892534272,114688
9,1791579732021,2500,2500,800,799,800,800,800,800,2499,2499,2499,2500,2499,2500,800,800,10,0,0,0,0,0,0,10,0,0,0,0,0,0,0,100,172709.89959716797,195667.82635498047,0,404327403520,8589930496,5892534272,114688
9,1791579732031,2500,2500,800,799,800,800,800,800,2499,2499,2499,2500,2499,2500,800,800,10,0,0,0,0,0,0,10,0,0,0,0,0,0,0,100,172710.0506591797,195668.1358642578,0,404327403520,8589930496,5892534272,114688
9,1791579732041,2500,2500,800,799,800,800,800,800,2499,2499,2499,2500,2499,2500,800,800,10,0,0,0,0,0,0,10,0,0,0,0,0,0,0,100,172710.1993408203,195668.4483642578,0,404327403520,8589930496,5892534272,114688
9,1791579732051,2500,2500,800,799,800,800,800,800,2499,2499,2499,2500,2499,2500,800,800,10,0,0,0,0,0,0,10,0,0,0,0,0,0,0,100,172710.35186767578,195668.75799560547,0,404327403520,8589930496,5892534272,114688
10,1791579732061,2500,2500,800,799,800,800,800,800,2499,2499,2499,2500,2499,2500,800,800,10,0,0,0,0,0,0,10,0,0,0,0,0,0,0,100,172710.50329589844,195669.0673828125,0,404327403520,8589930496,5892534272,114688
9,1791579732071,2500,2500,800,799,800,800,800,800,2499,2499,2499,2500,2499,2500,800,800,10,0,0,0,0,0,0,10,0,0,0,0,0,0,0,100,172710.65405273438,195669.37719726563,0,404327403520,8589930496,5892268032,114688
9,1791579732081,2500,2500,800,799,800,800,800,800,2499,2499,2499,2500,2499,2500,800,800,10,0,0,0,0,0,0,10,0,0,0,0,0,0,0,100,172710.80474853516,195669.69207763672,0,404327403520,8589930496,5892268032,114688
10,1791579732091,2500,2500,800,799,800,800,800,800,2499,2499,2499,2500,2499,2500,800,800,10,0,0,0,0,0,0,10,0,0,0,0,0,0,0,100,172710.95568847656,195670.00634765625,0,404327403520,8589930496,5892268032,114688
10,1791579732101,2500,2500,800,799,800,800,800,800,2499,2499,2499,2500,2499,2500,800,800,10,0,0,0,0,0,0,10,0,0,0,0,0,0,0,100,172711.1072998047,195670.31671142578,0,404327403520,8589930496,5892268032,114688
9,1791579732111,2500,2500,800,799,800,800,800,800,2499,2499,2499,2500,2499,2500,800,800,10,0,0,0,0,0,0,10,0,0,0,0,0,0,0,100,172711.27478027344,195670.66137695313,0,404327403520,8589930496,5892268032,114688
9,1791579732121,2500,2500,800,799,800,800,800,800,2499,2499,2499,2500,2499,2500,800,800,10,0,0,0,0,0,0,10,0,0,0,0,0,0,0,100,172711.42681884766,195670.9747314453,0,404327403520,8589930496,5892268032,114688
9,1791579732132,2500,2500,800,799,800,800,800,800,2499,2499,2499,2500,2499,2500,800,800,10,0,0,0,0,0,0,10,0,0,0,0,0,0,0,100,172711.5765991211,195671.28479003906,0,404327403520,8589930496,5892268032,114688
9,1791579732142,2500,2500,800,799,800,800,800,800,2499,2499,2499,2500,2499,2500,800,800,10,0,0,0,0,0,0,10,0,0,0,0,0,0,0,100,172711.73022460938,195671.60510253906,0,404327403520,8589930496,5866971136,114688
9,1791579732152,2500,2500,800,799,800,800,800,800,2499,2499,2499,2500,2499,2500,800,800,0,0,0,0,0,0,0,5,0,0,0,0,0,0,0,100,172711.88220214844,195671.9165649414,0,404327403520,8589930496,5866971136,114688
9,1791579732162,2500,2500,800,799,800,800,800,800,2499,2499,2499,2500,2499,2500,800,800,0,0,0,0,0,0,0,5,0,0,0,0,0,0,0,100,172712.03289794922,195672.23083496094,0,404327403520,8589930496,5866971136,114688
9,1791579732172,2500,2500,800,799,800,800,800,800,2499,2499,2499,2500,2499,2500,800,800,0,0,0,0,0,0,0,5,0,0,0,0,0,0,0,100,172712.18286132813,195672.54217529297,0,404327403520,8589930496,5866971136,114688
9,1791579732182,2500,2500,800,799,800,800,800,800,2499,2499,2499,2500,2499,2500,800,800,0,0,0,0,0,0,0,5,0,0,0,0,0,0,0,100,172712.33111572266,195672.85900878906,0,404327403520,8589930496,5866971136,114688
9,1791579732192,2500,2500,800,799,800,800,800,800,2499,2499,2499,2500,2499,2500,800,800,0,0,0,0,0,0,0,5,0,0,0,0,0,0,0,100,172712.4766845703,195673.1710205078,0,404327403520,8589930496,5866971136,114688
10,1791579732202,2500,2500,800,799,800,800,800,800,2499,2499,2499,2500,2499,2500,800,800,0,0,0,0,0,0,0,5,0,0,0,0,0,0,0,100,172712.6255493164,195673.48767089844,0,404327403520,8589930496,5866971136,114688
10,1791579732212,2500,2500,800,799,800,800,800,800,2499,2499,2499,2500,2499,2500,800,800,0,0,0,0,0,0,0,5,0,0,0,0,0,0,0,100,172712.7762451172,195673.8016357422,0,404327403520,8589930496,5866971136,114688
10,1791579732222,2500,2500,800,799,800,800,800,800,2499,2499,2499,2500,2499,2500,800,800,0,0,0,0,0,0,0,5,0,0,0,0,0,0,0,100,172712.9296875,195674.11486816406,0,404327403520,8589930496,5866971136,114688
9,1791579732232,2500,2500,800,799,800,800,800,800,2499,2499,2499,2500,2499,2500,800,800,0,0,0,0,0,0,0,5,0,0,0,0,0,0,0,100,172713.07891845703,195674.4281616211,0,404327403520,8589930496,5866971136,114688
9,1791579732242,2500,2500,800,799,800,800,800,800,2499,2499,2499,2500,2499,2500,800,800,0,0,0,0,0,0,0,5,0,0,0,0,0,0,0,100,172713.23236083984,195674.7430419922,0,404327403520,8589930496,5866971136,114688
9,1791579732252,2500,2500,800,799,800,800,800,800,2499,2499,2499,2500,2499,2500,800,800,0,0,0,0,0,0,0,5,0,0,0,0,0,0,0,100,172713.38397216797,195675.0479736328,0,404327403520,8589930496,5866971136,114688
9,1791579732262,2500,2500,800,799,800,800,800,800,2499,2499,2499,2500,2499,2500,800,800,0,0,0,0,0,0,0,5,0,0,0,0,0,0,0,100,172713.55499267578,195675.392578125,0,404327403520,8589930496,5866971136,114688
9,1791579732273,2500,2500,800,799,800,800,800,800,2499,2499,2499,2500,2499,2500,800,800,0,0,0,0,0,0,0,5,0,0,0,0,0,0,0,100,172713.70489501953,195675.70672607422,0,404327403520,8589930496,5866971136,114688
9,1791579732283,2500,2500,800,799,800,800,800,800,2499,2499,2499,2500,2499,2500,800,800,0,0,0,0,0,0,0,5,0,0,0,0,0,0,0,100,172713.85540771484,195676.02166748047,0,404327403520,8589930496,5866971136,114688
9,1791579732293,2500,2500,800,799,800,800,800,800,2499,2499,2499,2500,2499,2500,800,800,0,0,0,0,0,0,0,5,0,0,0,0,0,0,0,100,172714.0079345703,195676.33856201172,0,404327403520,8589930496,5866971136,114688
9,1791579732303,2500,2500,800,799,800,800,800,800,2499,2499,2499,2500,2499,2500,800,800,0,0,0,0,0,0,0,5,0,0,0,0,0,0,0,100,172714.16009521484,195676.65258789063,0,404327403520,8589930496,5866971136,114688
10,1791579732313,2500,2500,800,799,800,800,800,800,2499,2499,2499,2500,2499,2500,800,800,0,0,0,0,0,0,0,5,0,0,0,0,0,0,0,100,172714.31610107422,195676.96264648438,0,404327403520,8589930496,5866971136,114688
9,1791579732323,2500,2500,800,799,800,800,800,800,2499,2499,2499,2500,2499,2500,800,800,0,0,0,0,0,0,0,5,0,0,0,0,0,0,0,100,172714.4737548828,195677.2755126953,0,404327403520,8589930496,5866971136,114688
9,1791579732333,2500,2500,800,799,800,800,800,800,2499,2499,2499,2500,2499,2500,800,800,0,0,0,0,0,0,0,5,0,0,0,0,0,0,0,100,172714.6319580078,195677.5928955078,0,404327403520,8589930496,5866971136,114688
9,1791579732343,2500,2500,800,799,800,800,800,800,2499,2499,2499,2500,2499,2500,800,800,0,0,0,0,0,0,0,5,0,0,0,0,0,0,0,100,172714.7813720703,195677.90509033203,0,404327403520,8589930496,5866971136,114688
9,1791579732353,2500,2500,800,799,800,800,800,800,2499,2499,2499,2500,2499,2500,800,800,0,0,0,0,0,0,0,10,0,0,0,0,0,0,0,100,172714.93688964844,195678.21795654297,0,404327403520,8589930496,5866971136,114688
9,1791579732363,2500,2500,800,799,800,800,800,800,2499,2499,2499,2500,2499,2500,800,800,0,0,0,0,0,0,0,10,0,0,0,0,0,0,0,100,172715.08715820313,195678.53021240234,0,404327403520,8589930496,5866971136,114688
10,1791579732373,2500,2500,800,799,800,800,800,800,2499,2499,2499,2500,2499,2500,800,800,0,0,0,0,0,0,0,10,0,0,0,0,0,0,0,100,172715.24151611328,195678.84106445313,0,404327403520,8589930496,5866971136,114688
9,1791579732383,2500,2500,800,799,800,800,800,800,2499,2499,2499,2500,2499,2500,800,800,0,0,0,0,0,0,0,10,0,0,0,0,0,0,0,100,172715.39569091797,195679.14959716797,0,404327403520,8589930496,5866971136,114688
9,1791579732393,2500,2500,800,799,800,800,800,800,2499,2499,2499,2500,2499,2500,800,800,0,0,0,0,0,0,0,10,0,0,0,0,0,0,0,100,172715.5537109375,195679.45935058594,0,404327403520,8589930496,5866971136,114688
9,1791579732403,2500,2500,800,799,800,800,800,800,2499,2499,2499,2500,2499,2500,800,800,0,0,0,0,0,0,0,10,0,0,0,0,0,0,0,100,172715.72088623047,195679.80541992188,0,404327403520,8589930496,5866971136,114688
9,1791579732414,2500,2500,800,799,800,800,800,800,2499,2499,2499,2500,2499,2500,800,800,0,0,0,0,0,0,0,10,0,0,0,0,0,0,0,100,172715.87268066406,195680.11389160156,0,404327403520,8589930496,5866971136,114688
9,1791579732424,2500,2500,800,799,800,800,800,800,2499,2499,2499,2500,2499,2500,800,800,0,0,0,0,0,0,0,10,0,0,0,0,0,0,0,100,172716.02575683594,195680.421875,0,404327403520,8589930496,5866971136,114688
9,1791579732434,2500,2500,800,799,800,800,800,800,2499,2499,2499,2500,2499,2500,800,800,0,0,0,0,0,0,0,10,0,0,0,0,0,0,0,100,172716.17846679688,195680.72967529297,0,404327403520,8589930496,5866971136,114688
9,1791579732444,2500,2500,800,799,800,800,800,800,2499,2499,2499,2500,2499,2500,800,800,0,0,0,0,0,0,0,10,0,0,0,0,0,0,0,100,172716.32641601563,195681.03924560547,0,404327403520,8589930496,5866971136,114688
9,1791579732454,2500,2500,800,799,800,800,800,800,2499,2499,2499,2500,2499,2500,800,800,0,0,0,0,0,0,0,10,0,0,0,0,0,0,0,100,172716.47857666016,195681.3515625,0,404327403520,8589930496,5866971136,114688
9,1791579732464,2500,2500,800,799,800,800,800,800,2499,2499,2499,2500,2499,2500,800,800,0,0,0,0,0,0,0,10,0,0,0,0,0,0,0,100,172716.6323852539,195681.63641357422,0,404327403520,8589930496,5866971136,114688
9,1791579732474,2500,2500,800,799,800,800,800,800,2499,2499,2499,2500,2499,2500,800,800,0,0,0,0,0,0,0,10,0,0,0,0,0,0,0,100,172716.77740478516,195681.97790527344,0,404327403520,8589930496,5866971136,114688
9,1791579732484,2500,2500,800,799,800,800,800,800,2499,2499,2499,2500,2499,2500,800,800,0,0,0,0,0,0,0,10,0,0,0,0,0,0,0,100,172716.92755126953,195682.28912353516,0,404327403520,8589930496,5866971136,114688
9,1791579732494,2500,2500,800,799,800,800,800,800,2499,2499,2499,2500,2499,2500,800,800,0,0,0,0,0,0,0,10,0,0,0,0,0,0,0,100,172717.07513427734,195682.60290527344,0,404327403520,8589930496,5866971136,114688
9,1791579732504,2500,2500,800,799,800,800,800,800,2499,2499,2499,2500,2499,2500,800,800,0,0,0,0,0,0,0,10,0,0,0,0,0,0,0,100,172717.22814941406,195682.90814208984,0,404327403520,8589930496,5866971136,114688
9,1791579732514,2500,2500,800,799,800,800,800,800,2499,2499,2499,2500,2499,2500,800,800,0,0,0,0,0,0,0,10,0,0,0,0,0,0,0,100,172717.38232421875,195683.21868896484,0,404327403520,8589930496,5866971136,114688
10,1791579732524,2500,2500,800,799,800,800,800,800,2499,2499,2499,2500,2499,2500,800,800,0,0,0,0,0,0,0,10,0,0,0,0,0,0,0,100,172717.53704833984,195683.53198242188,0,404327403520,8589930496,5866971136,114688
9,1791579732534,2500,2500,800,799,800,800,800,800,2499,2499,2499,2500,2499,2500,800,800,0,0,0,0,0,0,0,10,0,0,0,0,0,0,0,100,172717.69342041016,195683.84600830078,0,404327403520,8589930496,5866971136,114688
9,1791579732544,2500,2500,800,799,800,800,800,800,2499,2499,2499,2500,2499,2500,800,800,0,0,0,0,0,0,0,10,0,0,0,0,0,0,0,100,172717.8446044922,195684.15826416016,0,404327403520,8589930496,5866971136,114688
9,1791579732555,2500,2500,800,799,800,800,800,800,2499,2499,2499,2500,2499,2500,800,800,5,0,0,0,0,0,0,5,0,0,0,0,0,0,0,100,172718.0028076172,195684.47198486328,0,404327403520,8589930496,5866971136,114688
10,1791579732565,2500,2500,800,799,800,800,800,800,2499,2499,2499,2500,2499,2500,800,800,5,0,0,0,0,0,0,5,0,0,0,0,0,0,0,100,172718.15936279297,195684.7830810547,0,404327403520,8589930496,5866971136,114688
9,1791579732575,2500,2500,800,799,800,800,800,800,2499,2499,2499,2500,2499,2500,800,800,5,0,0,0,0,0,0,5,0,0,0,0,0,0,0,100,172718.3226928711,195685.1234741211,0,404327403520,8589930496,5866971136,114688
9,1791579732585,2500,2500,800,799,800,800,800,800,2499,2499,2499,2500,2499,2500,800,800,5,0,0,0,0,0,0,5,0,0,0,0,0,0,0,100,172718.47637939453,195685.43280029297,0,404327403520,8589930496,5866971136,114688
9,1791579732595,2500,2500,800,799,800,800,800,800,2499,2499,2499,2500,2499,2500,800,800,5,0,0,0,0,0,0,5,0,0,0,0,0,0,0,100,172718.63446044922,195685.7471923828,0,404327403520,8589930496,5866971136,114688
10,1791579732605,2500,2500,800,799,800,800,800,800,2499,2499,2499,2500,2499,2500,800,800,5,0,0,0,0,0,0,5,0,0,0,0,0,0,0,100,172718.7930908203,195686.06280517578,0,404327403520,8589930496,5866971136,114688
9,1791579732615,2500,2500,800,799,800,800,800,800,2499,2499,2499,2500,2499,2500,800,800,5,0,0,0,0,0,0,5,0,0,0,0,0,0,0,100,172718.95220947266,195686.37561035156,0,404327403520,8589930496,5866971136,114688
10,1791579732625,2500,2500,800,799,800,800,800,800,2499,2499,2499,2500,2499,2500,800,800,5,0,0,0,0,0,0,5,0,0,0,0,0,0,0,100,172719.10913085938,195686.68798828125,0,404327403520,8589930496,5866971136,114688
9,1791579732635,2500,2500,800,799,800,800,800,800,2499,2499,2499,2500,2499,2500,800,800,5,0,0,0,0,0,0,5,0,0,0,0,0,0,0,100,172719.26403808594,195686.9956665039,0,404327403520,8589930496,5866971136,114688
10,1791579732645,2500,2500,800,799,800,800,800,800,2499,2499,2499,2500,2499,2500,800,800,5,0,0,0,0,0,0,5,0,0,0,0,0,0,0,100,172719.42236328125,195687.30865478516,0,404327403520,8589930496,5866971136,114688
9,1791579732655,2500,2500,800,799,800,800,800,800,2499,2499,2499,2500,2499,2500,800,800,5,0,0,0,0,0,0,5,0,0,0,0,0,0,0,100,172719.57397460938,195687.6221923828,0,404327403520,8589930496,5866971136,114688
9,1791579732665,2500,2500,800,799,800,800,800,800,2499,2499,2499,2500,2499,2500,800,800,5,0,0,0,0,0,0,5,0,0,0,0,0,0,0,100,172719.7255859375,195687.93243408203,0,404327403520,8589930496,5866971136,114688
10,1791579732675,2500,2500,800,799,800,800,800,800,2499,2499,2499,2500,2499,2500,800,800,5,0,0,0,0,0,0,5,0,0,0,0,0,0,0,100,172719.88122558594,195688.2449951172,0,404327403520,8589930496,5866971136,114688
9,1791579732685,2500,2500,800,799,800,800,800,800,2499,2499,2499,2500,2499,2500,800,800,5,0,0,0,0,0,0,5,0,0,0,0,0,0,0,100,172720.03448486328,195688.55725097656,0,404327403520,8589930496,5866971136,114688
9,1791579732695,2500,2500,800,799,800,800,800,800,2499,2499,2499,2500,2499,2500,800,800,5,0,0,0,0,0,0,5,0,0,0,0,0,0,0,100,172720.18939208984,195688.8637084961,0,404327403520,8589930496,5866971136,114688
9,1791579732706,2500,2500,800,799,800,800,800,800,2499,2499,2499,2500,2499,2500,800,800,5,0,0,0,0,0,0,5,0,0,0,0,0,0,0,100,172720.3448486328,195689.14776611328,0,404327403520,8589930496,5866971136,114688
9,1791579732716,2500,2500,800,799,800,800,800,800,2499,2499,2499,2500,2499,2500,800,800,5,0,0,0,0,0,0,5,0,0,0,0,0,0,0,100,172720.49353027344,195689.49951171875,0,404327403520,8589930496,5866971136,114688
9,1791579732726,2500,2500,800,799,800,800,800,800,2499,2499,2499,2500,2499,2500,800,800,5,0,0,0,0,0,0,5,0,0,0,0,0,0,0,100,172720.66088867188,195689.83740234375,0,404327403520,8589930496,5866971136,114688
9,1791579732736,2500,2500,800,799,800,800,800,800,2499,2499,2499,2500,2499,2500,800,800,5,0,0,0,0,0,0,5,0,0,0,0,0,0,0,100,172720.81671142578,195690.1498413086,0,404327403520,8589930496,5866971136,114688
9,1791579732746,2500,2500,800,799,800,800,800,800,2499,2499,2499,2500,2499,2500,800,800,5,0,0,0,0,0,0,5,0,0,0,0,0,0,0,100,172720.97235107422,195690.46130371094,0,404327403520,8589930496,5866971136,114688
9,1791579732756,2500,2500,800,799,800,800,800,800,2499,2499,2499,2500,2499,2500,800,800,0,0,0,0,0,0,0,9.523809432983398,0,0,0,0,0,0,0,100,172721.1235961914,195690.7728881836,0,404327403520,8589930496,5866971136,114688
10,1791579732766,2500,2500,800,799,800,800,800,800,2499,2499,2499,2500,2499,2500,800,800,0,0,0,0,0,0,0,9.523809432983398,0,0,0,0,0,0,0,100,172721.2735595703,195691.09033203125,0,404327403520,8589930496,5866971136,114688
9,1791579732776,2500,2500,800,799,800,800,800,800,2499,2499,2499,2500,2499,2500,800,800,0,0,0,0,0,0,0,9.523809432983398,0,0,0,0,0,0,0,100,172721.42700195313,195691.4116821289,0,404327403520,8589930496,5866971136,114688
9,1791579732786,2500,2500,800,799,800,800,800,800,2499,2499,2499,2500,2499,2500,800,800,0,0,0,0,0,0,0,9.523809432983398,0,0,0,0,0,0,0,100,172721.5859375,195691.72814941406,0,404327403520,8589930496,5866971136,114688
9,1791579732796,2500,2500,800,799,800,800,800,800,2499,2499,2499,2500,2499,2500,800,800,0,0,0,0,0,0,0,9.523809432983398,0,0,0,0,0,0,0,100,172721.73699951172,195692.04522705078,0,404327403520,8589930496,5866971136,114688
10,1791579732806,2500,2500,800,799,800,800,800,800,2499,2499,2499,2500,2499,2500,800,800,0,0,0,0,0,0,0,9.523809432983398,0,0,0,0,0,0,0,100,172721.88568115234,195692.35821533203,0,404327403520,8589930496,5866971136,114688
10,1791579732816,2500,2500,800,799,800,800,800,800,2499,2499,2499,2500,2499,2500,800,800,0,0,0,0,0,0,0,9.523809432983398,0,0,0,0,0,0,0,100,172722.04388427734,195692.6724243164,0,404327403520,8589930496,5866971136,114688
9,1791579732827,2500,2500,800,799,800,800,800,800,2499,2499,2499,2500,2499,2500,800,800,0,0,0,0,0,0,0,9.523809432983398,0,0,0,0,0,0,0,100,172722.19659423828,195692.9814453125,0,404327403520,8589930496,5866971136,114688
9,1791579732837,2500,2500,800,799,800,800,800,800,2499,2499,2499,2500,2499,2500,800,800,0,0,0,0,0,0,0,9.523809432983398,0,0,0,0,0,0,0,100,172722.34985351563,195693.30206298828,0,404327403520,8589930496,5866971136,114688
9,1791579732847,2500,2500,800,799,800,800,800,800,2499,2499,2499,2500,2499,2500,800,800,0,0,0,0,0,0,0,9.523809432983398,0,0,0,0,0,0,0,100,172722.50256347656,195693.61645507813,0,404327403520,8589930496,5866971136,114688
9,1791579732857,2500,2500,800,799,800,800,800,800,2499,2499,2499,2500,2499,2500,800,800,0,0,0,0,0,0,0,9.523809432983398,0,0,0,0,0,0,0,100,172722.6587524414,195693.92572021484,0,404327403520,8589930496,5866971136,114688
9,1791579732867,2500,2500,800,799,800,800,800,800,2499,2499,2499,2500,2499,2500,800,800,0,0,0,0,0,0,0,9.523809432983398,0,0,0,0,0,0,0,100,172722.81201171875,195694.24084472656,0,404327403520,8589930496,5866971136,114688
10,1791579732877,2500,2500,800,799,800,800,800,800,2499,2499,2499,2500,2499,2500,800,800,0,0,0,0,0,0,0,9.523809432983398,0,0,0,0,0,0,0,100,172722.96856689453,195694.5509033203,0,404327403520,8589930496,5866971136,114688
9,1791579732887,2500,2500,800,799,800,800,800,800,2499,2499,2499,2500,2499,2500,800,800,0,0,0,0,0,0,0,9.523809432983398,0,0,0,0,0,0,0,100,172723.12475585938,195694.86151123047,0,404327403520,8589930496,5866971136,114688
9,1791579732897,2500,2500,800,799,800,800,800,800,2499,2499,2499,2500,2499,2500,800,800,0,0,0,0,0,0,0,9.523809432983398,0,0,0,0,0,0,0,100,172723.28247070313,195695.1767578125,0,404327403520,8589930496,5866971136,114688
9,1791579732907,2500,2500,800,799,800,800,800,800,2499,2499,2499,2500,2499,2500,800,800,0,0,0,0,0,0,0,9.523809432983398,0,0,0,0,0,0,0,100,172723.45330810547,195695.52490234375,0,404327403520,8589930496,5866971136,114688
9,1791579732917,2500,2500,800,799,800,800,800,800,2499,2499,2499,2500,2499,2500,800,800,0,0,0,0,0,0,0,9.523809432983398,0,0,0,0,0,0,0,100,172723.60748291016,195695.83612060547,0,404327403520,8589930496,5866971136,114688
9,1791579732927,2500,2500,800,799,800,800,800,800,2499,2499,2499,2500,2499,2500,800,800,0,0,0,0,0,0,0,9.523809432983398,0,0,0,0,0,0,0,100,172723.75982666016,195696.14178466797,0,404327403520,8589930496,5866971136,114688
10,1791579732937,2500,2500,800,799,800,800,800,800,2499,2499,2499,2500,2499,2500,800,800,0,0,0,0,0,0,0,9.523809432983398,0,0,0,0,0,0,0,100,172723.89935302734,195696.4237060547,0,404327403520,8589930496,5866971136,114688
10,1791579732947,2500,2500,800,799,800,800,800,800,2499,2499,2499,2500,2499,2500,800,800,0,0,0,0,0,0,0,9.523809432983398,0,0,0,0,0,0,0,100,172724.0635986328,195696.76361083984,0,404327403520,8589930496,5866971136,114688
10,1791579732957,2500,2500,800,799,800,800,800,800,2499,2499,2499,2500,2499,2500,800,800,0,0,0,0,0,0,0,10,0,0,0,0,0,0,0,100,172724.2119140625,195697.076171875,0,404327403520,8589930496,5866971136,114688
10,1791579732967,2500,2500,800,799,800,800,800,800,2499,2499,2499,2500,2499,2500,800,800,0,0,0,0,0,0,0,10,0,0,0,0,0,0,0,100,172724.36407470703,195697.3892211914,0,404327403520,8589930496,5866971136,114688
9,1791579732978,2500,2500,800,799,800,800,800,800,2499,2499,2499,2500,2499,2500,800,800,0,0,0,0,0,0,0,10,0,0,0,0,0,0,0,100,172724.52117919922,195697.7035522461,0,404327403520,8589930496,5866971136,114688
9,1791579732988,2500,2500,800,799,800,800,800,800,2499,2499,2499,2500,2499,2500,800,800,0,0,0,0,0,0,0,10,0,0,0,0,0,0,0,100,172724.67260742188,195698.01666259766,0,404327403520,8589930496,5866971136,114688
9,1791579732998,2500,2500,800,799,800,800,800,800,2499,2499,2499,2500,2499,2500,800,800,0,0,0,0,0,0,0,10,0,0,0,0,0,0,0,100,172724.82806396484,195698.32836914063,0,404327403520,8589930496,5866971136,114688
9,1791579733008,2500,2500,800,799,800,800,800,800,2499,2499,2499,2500,2499,2500,800,800,0,0,0,0,0,0,0,10,0,0,0,0,0,0,0,100,172724.98022460938,195698.63818359375,0,404327403520,8589930496,5866971136,114688
9,1791579733018,2500,2500,800,799,800,800,800,800,2499,2499,2499,2500,2499,2500,800,800,0,0,0,0,0,0,0,10,0,0,0,0,0,0,0,100,172725.13092041016,195698.947265625,0,404327403520,8589930496,5866971136,114688
9,1791579733028,2500,2500,800,799,800,800,800,800,2499,2499,2499,2500,2499,2500,800,800,0,0,0,0,0,0,0,10,0,0,0,0,0,0,0,100,172725.28198242188,195699.26202392578,0,404327403520,8589930496,5866971136,114688
9,1791579733038,2500,2500,800,799,800,800,800,800,2499,2499,2499,2500,2499,2500,800,800,0,0,0,0,0,0,0,10,0,0,0,0,0,0,0,100,172725.43505859375,195699.56915283203,0,404327403520,8589930496,5866971136,114688
9,1791579733048,2500,2500,800,799,800,800,800,800,2499,2499,2499,2500,2499,2500,800,800,0,0,0,0,0,0,0,10,0,0,0,0,0,0,0,100,172725.58392333984,195699.87957763672,0,404327403520,8589930496,5866971136,114688
9,1791579733058,2500,2500,800,799,800,800,800,800,2499,2499,2499,2500,2499,2500,800,800,0,0,0,0,0,0,0,10,0,0,0,0,0,0,0,100,172725.7530517578,195700.22845458984,0,404327403520,8589930496,5866971136,114688
9,1791579733068,2500,2500,800,799,800,800,800,800,2499,2499,2499,2500,2499,2500,800,800,0,0,0,0,0,0,0,10,0,0,0,0,0,0,0,100,172725.89038085938,195700.50592041016,0,404327403520,8589930496,5866971136,114688
9,1791579733078,2500,2500,800,799,800,800,800,800,2499,2499,2499,2500,2499,2500,800,800,0,0,0,0,0,0,0,10,0,0,0,0,0,0,0,100,172726.0421142578,195700.81896972656,0,404327403520,8589930496,5866971136,114688
9,1791579733088,2500,2500,800,799,800,800,800,800,2499,2499,2499,2500,2499,2500,800,800,0,0,0,0,0,0,0,10,0,0,0,0,0,0,0,100,172726.21166992188,195701.16162109375,0,404327403520,8589930496,5866971136,114688
9,1791579733098,2500,2500,800,799,800,800,800,800,2499,2499,2499,2500,2499,2500,800,800,0,0,0,0,0,0,0,10,0,0,0,0,0,0,0,100,172726.3627319336,195701.47332763672,0,404327403520,8589930496,5849939968,114688
9,1791579733108,2500,2500,800,799,800,800,800,800,2499,2499,2499,2500,2499,2500,800,800,0,0,0,0,0,0,0,10,0,0,0,0,0,0,0,100,172726.51818847656,195701.78424072266,0,404327403520,8589930496,5857869824,114688
9,1791579733119,2500,2500,800,799,800,800,800,800,2499,2499,2499,2500,2499,2500,800,800,0,0,0,0,0,0,0,10,0,0,0,0,0,0,0,100,172726.67053222656,195702.0990600586,0,404327403520,8589930496,5857869824,114688
10,1791579733128,2500,2500,800,799,800,800,800,800,2499,2499,2499,2500,2499,2500,800,800,0,0,0,0,0,0,0,10,0,0,0,0,0,0,0,100,172726.82421875,195702.40966796875,0,404327403520,8589930496,5857869824,114688
9,1791579733139,2500,2500,800,799,800,800,800,800,2499,2499,2499,2500,2499,2500,800,800,0,0,0,0,0,0,0,10,0,0,0,0,0,0,0,100,172726.97564697266,195702.72100830078,0,404327403520,8589930496,5857869824,114688
9,1791579733149,2500,2500,800,799,800,800,800,800,2499,2499,2499,2500,2499,2500,800,800,0,0,0,0,0,0,0,10,0,0,0,0,0,0,0,100,172727.12622070313,195703.0352783203,0,404327403520,8589930496,5857869824,114688
9,1791579733159,2500,2500,800,799,800,800,800,800,2499,2499,2499,2500,2499,2500,800,800,10,0,0,0,0,0,0,9.523809432983398,0,0,0,0,0,0,0,100,172727.28350830078,195703.34924316406,0,404327403520,8589930496,5857095680,114688
9,1791579733169,2500,2500,800,799,800,800,800,800,2499,2499,2499,2500,2499,2500,800,800,10,0,0,0,0,0,0,9.523809432983398,0,0,0,0,0,0,0,100,172727.43975830078,195703.66217041016,0,404327403520,8589930496,5857095680,114688
9,1791579733179,2500,2500,800,799,800,800,800,800,2499,2499,2499,2500,2499,2500,800,800,10,0,0,0,0,0,0,9.523809432983398,0,0,0,0,0,0,0,100,172727.59649658203,195703.9757080078,0,404327403520,8589930496,5857095680,114688
10,1791579733189,2500,2500,800,799,800,800,800,800,2499,2499,2499,2500,2499,2500,800,800,10,0,0,0,0,0,0,9.523809432983398,0,0,0,0,0,0,0,100,172727.75524902344,195704.2862548828,0,404327403520,8589930496,5857095680,114688
9,1791579733199,2500,2500,800,799,800,800,800,800,2499,2499,2499,2500,2499,2500,800,800,10,0,0,0,0,0,0,9.523809432983398,0,0,0,0,0,0,0,100,172727.91052246094,195704.59869384766,0,404327403520,8589930496,5857095680,114688
9,1791579733209,2500,2500,800,799,800,800,800,800,2499,2499,2499,2500,2499,2500,800,800,10,0,0,0,0,0,0,9.523809432983398,0,0,0,0,0,0,0,100,172728.0619506836,195704.91412353516,0,404327403520,8589930496,5857095680,114688
9,1791579733219,2500,2500,800,799,800,800,800,800,2499,2499,2499,2500,2499,2500,800,800,10,0,0,0,0,0,0,9.523809432983398,0,0,0,0,0,0,0,100,172728.2130126953,195705.2254638672,0,404327403520,8589930496,5857095680,114688
9,1791579733229,2500,2500,800,799,800,800,800,800,2499,2499,2499,2500,2499,2500,800,800,10,0,0,0,0,0,0,9.523809432983398,0,0,0,0,0,0,0,100,172728.36932373047,195705.53582763672,0,404327403520,8589930496,5857095680,114688
9,1791579733239,2500,2500,800,799,800,800,800,800,2499,2499,2499,2500,2499,2500,800,800,10,0,0,0,0,0,0,9.523809432983398,0,0,0,0,0,0,0,100,172728.52276611328,195705.84259033203,0,404327403520,8589930496,5857095680,114688
9,1791579733249,2500,2500,800,799,800,800,800,800,2499,2499,2499,2500,2499,2500,800,800,10,0,0,0,0,0,0,9.523809432983398,0,0,0,0,0,0,0,100,172728.68487548828,195706.1865234375,0,404327403520,8589930496,5857095680,114688
10,1791579733259,2500,2500,800,799,800,800,800,800,2499,2499,2499,2500,2499,2500,800,800,10,0,0,0,0,0,0,9.523809432983398,0,0,0,0,0,0,0,100,172728.82165527344,195706.4663696289,0,404327403520,8589930496,5857095680,114688
9,1791579733270,2500,2500,800,799,800,800,800,800,2499,2499,2499,2500,2499,2500,800,800,10,0,0,0,0,0,0,9.523809432983398,0,0,0,0,0,0,0,100,172728.98992919922,195706.8096923828,0,404327403520,8589930496,5857095680,114688
9,1791579733280,2500,2500,800,799,800,800,800,800,2499,2499,2499,2500,2499,2500,800,800,10,0,0,0,0,0,0,9.523809432983398,0,0,0,0,0,0,0,100,172729.14544677734,195707.11785888672,0,404327403520,8589930496,5857095680,114688
9,1791579733290,2500,2500,800,799,800,800,800,800,2499,2499,2499,2500,2499,2500,800,800,10,0,0,0,0,0,0,9.523809432983398,0,0,0,0,0,0,0,100,172729.29705810547,195707.43139648438,0,404327403520,8589930496,5857095680,114688
9,1791579733300,2500,2500,800,799,800,800,800,800,2499,2499,2499,2500,2499,2500,800,800,10,0,0,0,0,0,0,9.523809432983398,0,0,0,0,0,0,0,100,172729.4486694336,195707.74444580078,0,404327403520,8589930496,5857095680,114688
9,1791579733310,2500,2500,800,799,800,800,800,800,2499,2499,2499,2500,2499,2500,800,800,10,0,0,0,0,0,0,9.523809432983398,0,0,0,0,0,0,0,100,172729.5980834961,195708.05920410156,0,404327403520,8589930496,5857095680,114688
10,1791579733320,2500,2500,800,799,800,800,800,800,2499,2499,2499,2500,2499,2500,800,800,10,0,0,0,0,0,0,9.523809432983398,0,0,0,0,0,0,0,100,172729.75225830078,195708.36596679688,0,404327403520,8589930496,5857095680,114688
9,1791579733330,2500,2500,800,799,800,800,800,800,2499,2499,2499,2500,2499,2500,800,800,10,0,0,0,0,0,0,9.523809432983398,0,0,0,0,0,0,0,100,172729.90295410156,195708.6807861328,0,404327403520,8589930496,5857095680,114688
9,1791579733340,2500,2500,800,799,800,800,800,800,2499,2499,2499,2500,2499,2500,800,800,10,0,0,0,0,0,0,9.523809432983398,0,0,0,0,0,0,0,100,172730.05786132813,195708.9959716797,0,404327403520,8589930496,5857095680,114688
9,1791579733350,2500,2500,800,799,800,800,800,800,2499,2499,2499,2500,2499,2500,800,800,10,0,0,0,0,0,0,9.523809432983398,0,0,0,0,0,0,0,100,172730.21264648438,195709.30700683594,0,404327403520,8589930496,5857095680,114688
9,1791579733360,2500,2500,800,799,800,800,800,800,2499,2499,2499,2500,2499,2500,800,800,0,0,0,0,0,0,0,5.263157844543457,0,0,0,0,0,0,0,100,172730.36645507813,195709.62072753906,0,404327403520,8589930496,5857095680,114688
9,1791579733370,2500,2500,800,799,800,800,800,800,2499,2499,2499,2500,2499,2500,800,800,0,0,0,0,0,0,0,5.263157844543457,0,0,0,0,0,0,0,100,172730.51641845703,195709.93579101563,0,404327403520,8589930496,5857095680,114688
9,1791579733380,2500,2500,800,799,800,800,800,800,2499,2499,2499,2500,2499,2500,800,800,0,0,0,0,0,0,0,5.263157844543457,0,0,0,0,0,0,0,100,172730.6724243164,195710.24310302734,0,404327403520,8589930496,5857095680,114688
10,1791579733390,2500,2500,800,799,800,800,800,800,2499,2499,2499,2500,2499,2500,800,800,0,0,0,0,0,0,0,5.263157844543457,0,0,0,0,0,0,0,100,172730.82751464844,195710.55407714844,0,404327403520,8589930496,5857095680,114688
10,1791579733400,2500,2500,800,799,800,800,800,800,2499,2499,2499,2500,2499,2500,800,800,0,0,0,0,0,0,0,5.263157844543457,0,0,0,0,0,0,0,100,172730.9864501953,195710.87176513672,0,404327403520,8589930496,5857095680,114688
9,1791579733411,2500,2500,800,799,800,800,800,800,2499,2499,2499,2500,2499,2500,800,800,0,0,0,0,0,0,0,5.263157844543457,0,0,0,0,0,0,0,100,172731.16033935547,195711.2211303711,0,404327403520,8589930496,5857095680,114688
9,1791579733421,2500,2500,800,799,800,800,800,800,2499,2499,2499,2500,2499,2500,800,800,0,0,0,0,0,0,0,5.263157844543457,0,0,0,0,0,0,0,100,172731.3101196289,195711.53131103516,0,404327403520,8589930496,5857095680,114688
9,1791579733431,2500,2500,800,799,800,800,800,800,2499,2499,2499,2500,2499,2500,800,800,0,0,0,0,0,0,0,5.263157844543457,0,0,0,0,0,0,0,100,172731.46673583984,195711.8387451172,0,404327403520,8589930496,5857095680,114688
10,1791579733441,2500,2500,800,799,800,800,800,800,2499,2499,2499,2500,2499,2500,800,800,0,0,0,0,0,0,0,5.263157844543457,0,0,0,0,0,0,0,100,172731.61767578125,195712.1519165039,0,404327403520,8589930496,5857095680,114688
9,1791579733451,2500,2500,800,799,800,800,800,800,2499,2499,2499,2500,2499,2500,800,800,0,0,0,0,0,0,0,5.263157844543457,0,0,0,0,0,0,0,100,172731.7680053711,195712.46453857422,0,404327403520,8589930496,5857095680,114688
9,1791579733461,2500,2500,800,799,800,800,800,800,2499,2499,2499,2500,2499,2500,800,800,0,0,0,0,0,0,0,5.263157844543457,0,0,0,0,0,0,0,100,172731.9197998047,195712.77685546875,0,404327403520,8589930496,5857095680,114688
9,1791579733471,2500,2500,800,799,800,800,800,800,2499,2499,2499,2500,2499,2500,800,800,0,0,0,0,0,0,0,5.263157844543457,0,0,0,0,0,0,0,100,172732.06701660156,195713.08728027344,0,404327403520,8589930496,5857095680,114688
9,1791579733481,2500,2500,800,799,800,800,800,800,2499,2499,2499,2500,2499,2500,800,800,0,0,0,0,0,0,0,5.263157844543457,0,0,0,0,0,0,0,100,172732.21661376953,195713.39978027344,0,404327403520,8589930496,5857095680,114688
10,1791579733491,2500,2500,800,799,800,800,800,800,2499,2499,2499,2500,2499,2500,800,800,0,0,0,0,0,0,0,5.263157844543457,0,0,0,0,0,0,0,100,172732.36688232422,195713.71313476563,0,404327403520,8589930496,5857095680,114688
9,1791579733501,2500,2500,800,799,800,800,800,800,2499,2499,2499,2500,2499,2500,800,800,0,0,0,0,0,0,0,5.263157844543457,0,0,0,0,0,0,0,100,172732.5210571289,195714.02575683594,0,404327403520,8589930496,5857095680,114688
9,1791579733511,2500,2500,800,799,800,800,800,800,2499,2499,2499,2500,2499,2500,800,800,0,0,0,0,0,0,0,5.263157844543457,0,0,0,0,0,0,0,100,172732.6763305664,195714.3350830078,0,404327403520,8589930496,5857095680,114688
9,1791579733521,2500,2500,800,799,800,800,800,800,2499,2499,2499,2500,2499,2500,800,800,0,0,0,0,0,0,0,5.263157844543457,0,0,0,0,0,0,0,100,172732.82849121094,195714.6485595703,0,404327403520,8589930496,5857095680,114688
9,1791579733531,2500,2500,800,799,800,800,800,800,2499,2499,2499,2500,2499,2500,800,800,0,0,0,0,0,0,0,5.263157844543457,0,0,0,0,0,0,0,100,172732.97973632813,195714.95867919922,0,404327403520,8589930496,5857095680,114688
9,1791579733541,2500,2500,800,799,800,800,800,800,2499,2499,2499,2500,2499,2500,800,800,0,0,0,0,0,0,0,5.263157844543457,0,0,0,0,0,0,0,100,172733.13116455078,195715.27239990234,0,404327403520,8589930496,5857095680,114688
9,1791579733552,2500,2500,800,799,800,800,800,800,2499,2499,2499,2500,2499,2500,800,800,0,0,0,0,0,0,0,5.263157844543457,0,0,0,0,0,0,0,100,172733.2803955078,195715.58447265625,0,404327403520,8589930496,5857095680,114688
9,1791579733562,2500,2500,800,799,800,800,800,800,2499,2499,2499,2500,2499,2500,800,800,0,0,0,0,0,0,0,9.523809432983398,0,0,0,0,0,0,0,100,172733.45471191406,195715.93096923828,0,404327403520,8589930496,5857095680,114688
9,1791579733572,2500,2500,800,799,800,800,800,800,2499,2499,2499,2500,2499,2500,800,800,0,0,0,0,0,0,0,9.523809432983398,0,0,0,0,0,0,0,100,172733.6053466797,195716.2421875,0,404327403520,8589930496,5857095680,114688
9,1791579733582,2500,2500,800,799,800,800,800,800,2499,2499,2499,2500,2499,2500,800,800,0,0,0,0,0,0,0,9.523809432983398,0,0,0,0,0,0,0,100,172733.7611694336,195716.5565185547,0,404327403520,8589930496,5857095680,114688
9,1791579733592,2500,2500,800,799,800,800,800,800,2499,2499,2499,2500,2499,2500,800,800,0,0,0,0,0,0,0,9.523809432983398,0,0,0,0,0,0,0,100,172733.91534423828,195716.86920166016,0,404327403520,8589930496,5857095680,114688
9,1791579733602,2500,2500,800,799,800,800,800,800,2499,2499,2499,2500,2499,2500,800,800,0,0,0,0,0,0,0,9.523809432983398,0,0,0,0,0,0,0,100,172734.06903076172,195717.1782836914,0,404327403520,8589930496,5857095680,114688
9,1791579733612,2500,2500,800,799,800,800,800,800,2499,2499,2499,2500,2499,2500,800,800,0,0,0,0,0,0,0,9.523809432983398,0,0,0,0,0,0,0,100,172734.22332763672,195717.4887084961,0,404327403520,8589930496,5857095680,114688
9,1791579733622,2500,2500,800,799,800,800,800,800,2499,2499,2499,2500,2499,2500,800,800,0,0,0,0,0,0,0,9.523809432983398,0,0,0,0,0,0,0,100,172734.38153076172,195717.7989501953,0,404327403520,8589930496,5857095680,114688
9,1791579733632,2500,2500,800,799,800,800,800,800,2499,2499,2499,2500,2499,2500,800,800,0,0,0,0,0,0,0,9.523809432983398,0,0,0,0,0,0,0,100,172734.5357055664,195718.10766601563,0,404327403520,8589930496,5857095680,114688
9,1791579733642,2500,2500,800,799,800,800,800,800,2499,2499,2499,2500,2499,2500,800,800,0,0,0,0,0,0,0,9.523809432983398,0,0,0,0,0,0,0,100,172734.69317626953,195718.42095947266,0,404327403520,8589930496,5857095680,114688
10,1791579733652,2500,2500,800,799,800,800,800,800,2499,2499,2499,2500,2499,2500,800,800,0,0,0,0,0,0,0,9.523809432983398,0,0,0,0,0,0,0,100,172734.84997558594,195718.7338256836,0,404327403520,8589930496,5857095680,114688
10,1791579733662,2500,2500,800,799,800,800,800,800,2499,2499,2499,2500,2499,2500,800,800,0,0,0,0,0,0,0,9.523809432983398,0,0,0,0,0,0,0,100,172735.00067138672,195719.04541015625,0,404327403520,8589930496,5857095680,114688
10,1791579733672,2500,2500,800,799,800,800,800,800,2499,2499,2499,2500,2499,2500,800,800,0,0,0,0,0,0,0,9.523809432983398,0,0,0,0,0,0,0,100,172735.15393066406,195719.35931396484,0,404327403520,8589930496,5857095680,114688
9,1791579733683,2500,2500,800,799,800,800,800,800,2499,2499,2499,2500,2499,2500,800,800,0,0,0,0,0,0,0,9.523809432983398,0,0,0,0,0,0,0,100,172735.30389404297,195719.67657470703,0,404327403520,8589930496,5857095680,114688
10,1791579733692,2500,2500,800,799,800,800,800,800,2499,2499,2499,2500,2499,2500,800,800,0,0,0,0,0,0,0,9.523809432983398,0,0,0,0,0,0,0,100,172735.45330810547,195719.98699951172,0,404327403520,8589930496,5857095680,114688
9,1791579733703,2500,2500,800,799,800,800,800,800,2499,2499,2499,2500,2499,2500,800,800,0,0,0,0,0,0,0,9.523809432983398,0,0,0,0,0,0,0,100,172735.62048339844,195720.32690429688,0,404327403520,8589930496,5857095680,114688
9,1791579733713,2500,2500,800,799,800,800,800,800,2499,2499,2499,2500,2499,2500,800,800,0,0,0,0,0,0,0,9.523809432983398,0,0,0,0,0,0,0,100,172735.7713623047,195720.64483642578,0,404327403520,8589930496,5857095680,114688
9,1791579733723,2500,2500,800,799,800,800,800,800,2499,2499,2499,2500,2499,2500,800,800,0,0,0,0,0,0,0,9.523809432983398,0,0,0,0,0,0,0,100,172735.923828125,195720.95922851563,0,404327403520,8589930496,5857095680,114688
9,1791579733733,2500,2500,800,799,800,800,800,800,2499,2499,2499,2500,2499,2500,800,800,0,0,0,0,0,0,0,9.523809432983398,0,0,0,0,0,0,0,100,172736.06774902344,195721.27020263672,0,404327403520,8589930496,5857095680,114688
9,1791579733743,2500,2500,800,799,800,800,800,800,2499,2499,2499,2500,2499,2500,800,800,0,0,0,0,0,0,0,9.523809432983398,0,0,0,0,0,0,0,100,172736.22119140625,195721.58569335938,0,404327403520,8589930496,5857095680,114688
10,1791579733753,2500,2500,800,799,800,800,800,800,2499,2499,2499,2500,2499,2500,800,800,0,0,0,0,0,0,0,9.523809432983398,0,0,0,0,0,0,0,100,172736.369140625,195721.89459228516,0,404327403520,8589930496,5857095680,114688
9,1791579733763,2500,2500,800,799,800,800,800,800,2499,2499,2499,2500,2499,2500,800,800,5.263157844543457,0,0,0,0,0,0,5,0,0,0,0,0,0,0,100,172736.52130126953,195722.20349121094,0,404327403520,8589930496,5857095680,114688
10,1791579733773,2500,2500,800,799,800,800,800,800,2499,2499,2499,2500,2499,2500,800,800,5.263157844543457,0,0,0,0,0,0,5,0,0,0,0,0,0,0,100,172736.67053222656,195722.51599121094,0,404327403520,8589930496,5857095680,114688
9,1791579733783,2500,2500,800,799,800,800,800,800,2499,2499,2499,2500,2499,2500,800,800,5.263157844543457,0,0,0,0,0,0,5,0,0,0,0,0,0,0,100,172736.82049560547,195722.83428955078,0,404327403520,8589930496,5857095680,114688
9,1791579733793,2500,2500,800,799,800,800,800,800,2499,2499,2499,2500,2499,2500,800,800,5.263157844543457,0,0,0,0,0,0,5,0,0,0,0,0,0,0,100,172736.9744873047,195723.14385986328,0,404327403520,8589930496,5857095680,114688
10,1791579733803,2500,2500,800,799,800,800,800,800,2499,2499,2499,2500,2499,2500,800,800,5.263157844543457,0,0,0,0,0,0,5,0,0,0,0,0,0,0,100,172737.12866210938,195723.45666503906,0,404327403520,8589930496,5857095680,114688
9,1791579733813,2500,2500,800,799,800,800,800,800,2499,2499,2499,2500,2499,2500,800,800,5.263157844543457,0,0,0,0,0,0,5,0,0,0,0,0,0,0,100,172737.28100585938,195723.78057861328,0,404327403520,8589930496,5857095680,114688
9,1791579733824,2500,2500,800,799,800,800,800,800,2499,2499,2499,2500,2499,2500,800,800,5.263157844543457,0,0,0,0,0,0,5,0,0,0,0,0,0,0,100,172737.4400024414,195724.09216308594,0,404327403520,8589930496,5857095680,114688
9,1791579733834,2500,2500,800,799,800,800,800,800,2499,2499,2499,2500,2499,2500,800,800,5.263157844543457,0,0,0,0,0,0,5,0,0,0,0,0,0,0,100,172737.59545898438,195724.40258789063,0,404327403520,8589930496,5857095680,114688
10,1791579733844,2500,2500,800,799,800,800,800,800,2499,2499,2499,2500,2499,2500,800,800,5.263157844543457,0,0,0,0,0,0,5,0,0,0,0,0,0,0,100,172737.7489013672,195724.70922851563,0,404327403520,8589930496,5857095680,114688
9,1791579733854,2500,2500,800,799,800,800,800,800,2499,2499,2499,2500,2499,2500,800,800,5.263157844543457,0,0,0,0,0,0,5,0,0,0,0,0,0,0,100,172737.9017944336,195725.02618408203,0,404327403520,8589930496,5857095680,114688
9,1791579733864,2500,2500,800,799,800,800,800,800,2499,2499,2499,2500,2499,2500,800,800,5.263157844543457,0,0,0,0,0,0,5,0,0,0,0,0,0,0,100,172738.05303955078,195725.34008789063,0,404327403520,8589930496,5857095680,114688
9,1791579733874,2500,2500,800,799,800,800,800,800,2499,2499,2499,2500,2499,2500,800,800,5.263157844543457,0,0,0,0,0,0,5,0,0,0,0,0,0,0,100,172738.21087646484,195725.65405273438,0,404327403520,8589930496,5857095680,114688
9,1791579733884,2500,2500,800,799,800,800,800,800,2499,2499,2499,2500,2499,2500,800,800,5.263157844543457,0,0,0,0,0,0,5,0,0,0,0,0,0,0,100,172738.37957763672,195725.9951171875,0,404327403520,8589930496,5857095680,114688
9,1791579733894,2500,2500,800,799,800,800,800,800,2499,2499,2499,2500,2499,2500,800,800,5.263157844543457,0,0,0,0,0,0,5,0,0,0,0,0,0,0,100,172738.533203125,195726.30096435547,0,404327403520,8589930496,5857095680,114688
10,1791579733904,2500,2500,800,799,800,800,800,800,2499,2499,2499,2500,2499,2500,800,800,5.263157844543457,0,0,0,0,0,0,5,0,0,0,0,0,0,0,100,172738.6870727539,195726.61138916016,0,404327403520,8589930496,5857095680,114688
9,1791579733914,2500,2500,800,799,800,800,800,800,2499,2499,2499,2500,2499,2500,800,800,5.263157844543457,0,0,0,0,0,0,5,0,0,0,0,0,0,0,100,172738.8403930664,195726.92431640625,0,404327403520,8589930496,5857095680,114688
9,1791579733924,2500,2500,800,799,800,800,800,800,2499,2499,2499,2500,2499,2500,800,800,5.263157844543457,0,0,0,0,0,0,5,0,0,0,0,0,0,0,100,172738.99713134766,195727.23565673828,0,404327403520,8589930496,5857095680,114688
10,1791579733934,2500,2500,800,799,800,800,800,800,2499,2499,2499,2500,2499,2500,800,800,5.263157844543457,0,0,0,0,0,0,5,0,0,0,0,0,0,0,100,172739.15075683594,195727.5503540039,0,404327403520,8589930496,5857095680,114688
9,1791579733944,2500,2500,800,799,800,800,800,800,2499,2499,2499,2500,2499,2500,800,800,5.263157844543457,0,0,0,0,0,0,5,0,0,0,0,0,0,0,100,172739.3056640625,195727.85888671875,0,404327403520,8589930496,5857095680,114688
9,1791579733954,2500,2500,800,799,800,800,800,800,2499,2499,2499,2500,2499,2500,800,800,5.263157844543457,0,0,0,0,0,0,5,0,0,0,0,0,0,0,100,172739.45764160156,195728.16857910156,0,404327403520,8589930496,5857095680,114688
9,1791579733964,2500,2500,800,799,800,800,800,800,2499,2499,2499,2500,2499,2500,800,800,5.263157844543457,0,0,0,0,0,0,10,0,0,0,0,0,0,0,100,172739.61547851563,195728.48431396484,0,404327403520,8589930496,5857095680,114688
9,1791579733975,2500,2500,800,799,800,800,800,800,2499,2499,2499,2500,2499,2500,800,800,5.263157844543457,0,0,0,0,0,0,10,0,0,0,0,0,0,0,100,172739.77166748047,195728.7963256836,0,404327403520,8589930496,5857095680,114688
10,1791579733985,2500,2500,800,799,800,800,800,800,2499,2499,2499,2500,2499,2500,800,800,5.263157844543457,0,0,0,0,0,0,10,0,0,0,0,0,0,0,100,172739.9320678711,195729.10766601563,0,404327403520,8589930496,5857095680,114688
9,1791579733995,2500,2500,800,799,800,800,800,800,2499,2499,2499,2500,2499,2500,800,800,5.263157844543457,0,0,0,0,0,0,10,0,0,0,0,0,0,0,100,172740.08587646484,195729.41918945313,0,404327403520,8589930496,5857095680,114688
10,1791579734005,2500,2500,800,799,800,800,800,800,2499,2499,2499,2500,2499,2500,800,800,5.263157844543457,0,0,0,0,0,0,10,0,0,0,0,0,0,0,100,172740.24591064453,195729.72985839844,0,404327403520,8589930496,5857095680,114688
9,1791579734015,2500,2500,800,799,800,800,800,800,2499,2499,2499,2500,2499,2500,800,800,5.263157844543457,0,0,0,0,0,0,10,0,0,0,0,0,0,0,100,172740.39978027344,195730.0438232422,0,404327403520,8589930496,5857095680,114688
9,1791579734025,2500,2500,800,799,800,800,800,800,2499,2499,2499,2500,2499,2500,800,800,5.263157844543457,0,0,0,0,0,0,10,0,0,0,0,0,0,0,100,172740.55139160156,195730.35662841797,0,404327403520,8589930496,5857095680,114688
9,1791579734035,2500,2500,800,799,800,800,800,800,2499,2499,2499,2500,2499,2500,800,800,5.263157844543457,0,0,0,0,0,0,10,0,0,0,0,0,0,0,100,172740.70959472656,195730.67156982422,0,404327403520,8589930496,5857095680,114688
9,1791579734045,2500,2500,800,799,800,800,800,800,2499,2499,2499,2500,2499,2500,800,800,5.263157844543457,0,0,0,0,0,0,10,0,0,0,0,0,0,0,100,172740.88116455078,195731.0166015625,0,404327403520,8589930496,5857095680,114688
9,1791579734055,2500,2500,800,799,800,800,800,800,2499,2499,2499,2500,2499,2500,800,800,5.263157844543457,0,0,0,0,0,0,10,0,0,0,0,0,0,0,100,172741.03369140625,195731.33337402344,0,404327403520,8589930496,5857095680,114688
10,1791579734065,2500,2500,800,799,800,800,800,800,2499,2499,2499,2500,2499,2500,800,800,5.263157844543457,0,0,0,0,0,0,10,0,0,0,0,0,0,0,100,172741.17071533203,195731.6099243164,0,404327403520,8589930496,5857095680,114688
9,1791579734075,2500,2500,800,799,800,800,800,800,2499,2499,2499,2500,2499,2500,800,800,5.263157844543457,0,0,0,0,0,0,10,0,0,0,0,0,0,0,100,172741.34063720703,195731.95446777344,0,404327403520,8589930496,5857095680,114688
9,1791579734085,2500,2500,800,799,800,800,800,800,2499,2499,2499,2500,2499,2500,800,800,5.263157844543457,0,0,0,0,0,0,10,0,0,0,0,0,0,0,100,172741.49609375,195732.263671875,0,404327403520,8589930496,5857095680,114688
9,1791579734095,2500,2500,800,799,800,800,800,800,2499,2499,2499,2500,2499,2500,800,800,5.263157844543457,0,0,0,0,0,0,10,0,0,0,0,0,0,0,100,172741.6508178711,195732.57904052734,0,404327403520,8589930496,5857095680,114688
9,1791579734105,2500,2500,800,799,800,800,800,800,2499,2499,2499,2500,2499,2500,800,800,5.263157844543457,0,0,0,0,0,0,10,0,0,0,0,0,0,0,100,172741.80792236328,195732.89251708984,0,404327403520,8589930496,5857095680,114688
9,1791579734116,2500,2500,800,799,800,800,800,800,2499,2499,2499,2500,2499,2500,800,800,5.263157844543457,0,0,0,0,0,0,10,0,0,0,0,0,0,0,100,172741.96044921875,195733.20703125,0,404327403520,8589930496,5857095680,114688
9,1791579734126,2500,2500,800,799,800,800,800,800,2499,2499,2499,2500,2499,2500,800,800,5.263157844543457,0,0,0,0,0,0,10,0,0,0,0,0,0,0,100,172742.11541748047,195733.51641845703,0,404327403520,8589930496,5839613952,114688
9,1791579734136,2500,2500,800,799,800,800,800,800,2499,2499,2499,2500,2499,2500,800,800,5.263157844543457,0,0,0,0,0,0,10,0,0,0,0,0,0,0,100,172742.26794433594,195733.82342529297,0,404327403520,8589930496,5839613952,114688
9,1791579734146,2500,2500,800,799,800,800,800,800,2499,2499,2499,2500,2499,2500,800,800,5.263157844543457,0,0,0,0,0,0,10,0,0,0,0,0,0,0,100,172742.42071533203,195734.1342163086,0,404327403520,8589930496,5839613952,114688
9,1791579734156,2500,2500,800,799,800,800,800,800,2499,2499,2499,2500,2499,2500,800,800,5.263157844543457,0,0,0,0,0,0,10,0,0,0,0,0,0,0,100,172742.57360839844,195734.44500732422,0,404327403520,8589930496,5839613952,114688
9,1791579734166,2500,2500,800,799,800,800,800,800,2499,2499,2499,2500,2499,2500,800,800,0,0,0,0,0,0,0,5,0,0,0,0,0,0,0,100,172742.72723388672,195734.75982666016,0,404327403520,8589930496,5839613952,114688
9,1791579734176,2500,2500,800,799,800,800,800,800,2499,2499,2499,2500,2499,2500,800,800,0,0,0,0,0,0,0,5,0,0,0,0,0,0,0,100,172742.8779296875,195735.07122802734,0,404327403520,8589930496,5839613952,114688
10,1791579734186,2500,2500,800,799,800,800,800,800,2499,2499,2499,2500,2499,2500,800,800,0,0,0,0,0,0,0,5,0,0,0,0,0,0,0,100,172743.02642822266,195735.37786865234,0,404327403520,8589930496,5839613952,114688
9,1791579734196,2500,2500,800,799,800,800,800,800,2499,2499,2499,2500,2499,2500,800,800,0,0,0,0,0,0,0,5,0,0,0,0,0,0,0,100,172743.18005371094,195735.6893310547,0,404327403520,8589930496,5839613952,114688
9,1791579734206,2500,2500,800,799,800,800,800,800,2499,2499,2499,2500,2499,2500,800,800,0,0,0,0,0,0,0,5,0,0,0,0,0,0,0,100,172743.32983398438,195736.0023803711,0,404327403520,8589930496,5834162176,114688
9,1791579734216,2500,2500,800,799,800,800,800,800,2499,2499,2499,2500,2499,2500,800,800,0,0,0,0,0,0,0,5,0,0,0,0,0,0,0,100,172743.48364257813,195736.31579589844,0,404327403520,8589930496,5834162176,114688
10,1791579734226,2500,2500,800,799,800,800,800,800,2499,2499,2499,2500,2499,2500,800,800,0,0,0,0,0,0,0,5,0,0,0,0,0,0,0,100,172743.6396484375,195736.62957763672,0,404327403520,8589930496,5834162176,114688
9,1791579734236,2500,2500,800,799,800,800,800,800,2499,2499,2499,2500,2499,2500,800,800,0,0,0,0,0,0,0,5,0,0,0,0,0,0,0,100,172743.79071044922,195736.9419555664,0,404327403520,8589930496,5816815616,114688
10,1791579734246,2500,2500,800,799,800,800,800,800,2499,2499,2499,2500,2499,2500,800,800,0,0,0,0,0,0,0,5,0,0,0,0,0,0,0,100,172743.94244384766,195737.25646972656,0,404327403520,8589930496,5791043584,114688
9,1791579734257,2500,2500,800,799,800,800,800,800,2499,2499,2499,2500,2499,2500,800,800,0,0,0,0,0,0,0,5,0,0,0,0,0,0,0,100,172744.11016845703,195737.5965576172,0,404327403520,8589930496,5788069888,114688
9,1791579734267,2500,2500,800,799,800,800,800,800,2499,2499,2499,2500,2499,2500,800,800,0,0,0,0,0,0,0,5,0,0,0,0,0,0,0,100,172744.25939941406,195737.90795898438,0,404327403520,8589930496,5787066368,114688
9,1791579734277,2500,2500,800,799,800,800,800,800,2499,2499,2499,2500,2499,2500,800,800,0,0,0,0,0,0,0,5,0,0,0,0,0,0,0,100,172744.40753173828,195738.22229003906,0,404327403520,8589930496,5787066368,114688
9,1791579734287,2500,2500,800,799,800,800,800,800,2499,2499,2499,2500,2499,2500,800,800,0,0,0,0,0,0,0,5,0,0,0,0,0,0,0,100,172744.5604248047,195738.5317993164,0,404327403520,8589930496,5787066368,114688
9,1791579734297,2500,2500,800,799,800,800,800,800,2499,2499,2499,2500,2499,2500,800,800,0,0,0,0,0,0,0,5,0,0,0,0,0,0,0,100,172744.71319580078,195738.84271240234,0,404327403520,8589930496,5787066368,114688
9,1791579734307,2500,2500,800,799,800,800,800,800,2499,2499,2499,2500,2499,2500,800,800,0,0,0,0,0,0,0,5,0,0,0,0,0,0,0,100,172744.86669921875,195739.15307617188,0,404327403520,8589930496,5787066368,114688
9,1791579734317,2500,2500,800,799,800,800,800,800,2499,2499,2499,2500,2499,2500,800,800,0,0,0,0,0,0,0,5,0,0,0,0,0,0,0,100,172745.01922607422,195739.46130371094,0,404327403520,8589930496,5787066368,114688
9,1791579734327,2500,2500,800,799,800,800,800,800,2499,2499,2499,2500,2499,2500,800,800,0,0,0,0,0,0,0,5,0,0,0,0,0,0,0,100,172745.17211914063,195739.77307128906,0,404327403520,8589930496,5787066368,114688
9,1791579734337,2500,2500,800,799,800,800,800,800,2499,2499,2499,2500,2499,2500,800,800,0,0,0,0,0,0,0,5,0,0,0,0,0,0,0,100,172745.32104492188,195740.08251953125,0,404327403520,8589930496,5787066368,114688
10,1791579734347,2500,2500,800,799,800,800,800,800,2499,2499,2499,2500,2499,2500,800,800,0,0,0,0,0,0,0,5,0,0,0,0,0,0,0,100,172745.4662475586,195740.39697265625,0,404327403520,8589930496,5787066368,114688
9,1791579734357,2500,2500,800,799,800,800,800,800,2499,2499,2499,2500,2499,2500,800,800,0,0,0,0,0,0,0,5,0,0,0,0,0,0,0,100,172745.6332397461,195740.74072265625,0,404327403520,8589930496,5787066368,114688
9,1791579734367,2500,2500,800,799,800,800,800,800,2499,2499,2499,2500,2499,2500,800,800,5.263157844543457,0,0,0,0,0,0,10,0,0,0,0,0,0,0,100,172745.78887939453,195741.05499267578,0,404327403520,8589930496,5787066368,114688
9,1791579734378,2500,2500,800,799,800,800,800,800,2499,2499,2499,2500,2499,2500,800,800,5.263157844543457,0,0,0,0,0,0,10,0,0,0,0,0,0,0,100,172745.94067382813,195741.36346435547,0,404327403520,8589930496,5787066368,114688
10,1791579734388,2500,2500,800,799,800,800,800,800,2499,2499,2499,2500,2499,2500,800,800,5.263157844543457,0,0,0,0,0,0,10,0,0,0,0,0,0,0,100,172746.09503173828,195741.67364501953,0,404327403520,8589930496,5787066368,114688
9,1791579734398,2500,2500,800,799,800,800,800,800,2499,2499,2499,2500,2499,2500,800,800,5.263157844543457,0,0,0,0,0,0,10,0,0,0,0,0,0,0,100,172746.24829101563,195741.98693847656,0,404327403520,8589930496,5787066368,114688
9,1791579734408,2500,2500,800,799,800,800,800,800,2499,2499,2499,2500,2499,2500,800,800,5.263157844543457,0,0,0,0,0,0,10,0,0,0,0,0,0,0,100,172746.39935302734,195742.30047607422,0,404327403520,8589930496,5787066368,114688
9,1791579734418,2500,2500,800,799,800,800,800,800,2499,2499,2499,2500,2499,2500,800,800,5.263157844543457,0,0,0,0,0,0,10,0,0,0,0,0,0,0,100,172746.55541992188,195742.61029052734,0,404327403520,8589930496,5787066368,114688
9,1791579734428,2500,2500,800,799,800,800,800,800,2499,2499,2499,2500,2499,2500,800,800,5.263157844543457,0,0,0,0,0,0,10,0,0,0,0,0,0,0,100,172746.7099609375,195742.9228515625,0,404327403520,8589930496,5787066368,114688
10,1791579734438,2500,2500,800,799,800,800,800,800,2499,2499,2499,2500,2499,2500,800,800,5.263157844543457,0,0,0,0,0,0,10,0,0,0,0,0,0,0,100,172746.86474609375,195743.2333984375,0,404327403520,8589930496,5787066368,114688
9,1791579734448,2500,2500,800,799,800,800,800,800,2499,2499,2499,2500,2499,2500,800,800,5.263157844543457,0,0,0,0,0,0,10,0,0,0,0,0,0,0,100,172747.01654052734,195743.53979492188,0,404327403520,8589930496,5787066368,114688
10,1791579734458,2500,2500,800,799,800,800,800,800,2499,2499,2499,2500,2499,2500,800,800,5.263157844543457,0,0,0,0,0,0,10,0,0,0,0,0,0,0,100,172747.17218017578,195743.84912109375,0,404327403520,8589930496,5787066368,114688
9,1791579734468,2500,2500,800,799,800,800,800,800,2499,2499,2499,2500,2499,2500,800,800,5.263157844543457,0,0,0,0,0,0,10,0,0,0,0,0,0,0,100,172747.3232421875,195744.16021728516,0,404327403520,8589930496,5787066368,114688
9,1791579734478,2500,2500,800,799,800,800,800,800,2499,2499,2499,2500,2499,2500,800,800,5.263157844543457,0,0,0,0,0,0,10,0,0,0,0,0,0,0,100,172747.4730834961,195744.47302246094,0,404327403520,8589930496,5787066368,114688
10,1791579734488,2500,2500,800,799,800,800,800,800,2499,2499,2499,2500,2499,2500,800,800,5.263157844543457,0,0,0,0,0,0,10,0,0,0,0,0,0,0,100,172747.6254272461,195744.78833007813,0,404327403520,8589930496,5787066368,114688
9,1791579734498,2500,2500,800,799,800,800,800,800,2499,2499,2499,2500,2499,2500,800,800,5.263157844543457,0,0,0,0,0,0,10,0,0,0,0,0,0,0,100,172747.77758789063,195745.10278320313,0,404327403520,8589930496,5707272192,114688
9,1791579734509,2500,2500,800,799,800,800,800,800,2499,2499,2499,2500,2499,2500,800,800,5.263157844543457,0,0,0,0,0,0,10,0,0,0,0,0,0,0,100,172747.94458007813,195745.44702148438,0,404327403520,8589930496,5624504320,114688
9,1791579734519,2500,2500,800,799,800,800,800,800,2499,2499,2499,2500,2499,2500,800,800,5.263157844543457,0,0,0,0,0,0,10,0,0,0,0,0,0,0,100,172748.0936279297,195745.76165771484,0,404327403520,8589930496,5536284672,114688
9,1791579734529,2500,2500,800,799,800,800,800,800,2499,2499,2499,2500,2499,2500,800,800,5.263157844543457,0,0,0,0,0,0,10,0,0,0,0,0,0,0,100,172748.24725341797,195746.07421875,0,404327403520,8589930496,5442613248,114688
10,1791579734539,2500,2500,800,799,800,800,800,800,2499,2499,2499,2500,2499,2500,800,800,5.263157844543457,0,0,0,0,0,0,10,0,0,0,0,0,0,0,100,172748.39044189453,195746.3969116211,0,404327403520,8589930496,5409001472,114688
0,1791579734549,2500,2500,800,799,800,800,800,800,2499,2499,2499,2500,2499,2500,800,800,5.263157844543457,0,0,0,0,0,0,10,0,0,0,0,0,0,0,100,172748.5576171875,195746.7647705078,0,404327403520,8589930496,5409001472,114688
