Delta,Time,CPU_FREQUENCY_0,CPU_FREQUENCY_1,CPU_FREQUENCY_10,CPU_FREQUENCY_11,CPU_FREQUENCY_12,CPU_FREQUENCY_13,CPU_FREQUENCY_14,CPU_FREQUENCY_15,CPU_FREQUENCY_2,CPU_FREQUENCY_3,CPU_FREQUENCY_4,CPU_FREQUENCY_5,CPU_FREQUENCY_6,CPU_FREQUENCY_7,CPU_FREQUENCY_8,CPU_FREQUENCY_9,CPU_USAGE_0,CPU_USAGE_1,CPU_USAGE_10,CPU_USAGE_11,CPU_USAGE_12,CPU_USAGE_13,CPU_USAGE_14,CPU_USAGE_15,CPU_USAGE_2,CPU_USAGE_3,CPU_USAGE_4,CPU_USAGE_5,CPU_USAGE_6,CPU_USAGE_7,CPU_USAGE_8,CPU_USAGE_9,DRAM_ENERGY (J),PACKAGE_ENERGY (J),PP0_ENERGY (J),TOTAL_MEMORY,TOTAL_SWAP,USED_MEMORY,USED_SWAP
0,1791580744309,2500,2500,800,800,800,799,800,799,2499,2500,2500,2499,2500,2499,800,800,8,0,0,3.846153974533081,0,0,0,8.333333969116211,4,4.1666669845581055,0,4,4,4,11.538461685180664,0,188408.7471923828,228799.13928222656,0,404327403520,8589930496,5566607360,114688
10,1791580744309,2500,2500,800,800,800,799,800,799,2499,2500,2500,2499,2500,2499,800,800,8,0,0,3.846153974533081,0,0,0,8.333333969116211,4,4.1666669845581055,0,4,4,4,11.538461685180664,0,188408.76330566406,228799.17205810547,0,404327403520,8589930496,5566607360,114688
9,1791580744319,2500,2500,800,800,800,799,800,799,2499,2500,2500,2499,2500,2499,800,800,8,0,0,3.846153974533081,0,0,0,8.333333969116211,4,4.1666669845581055,0,4,4,4,11.538461685180664,0,188408.92486572266,228799.54803466797,0,404327403520,8589930496,5566607360,114688
9,1791580744329,2500,2500,800,800,800,799,800,799,2499,2500,2500,2499,2500,2499,800,800,8,0,0,3.846153974533081,0,0,0,8.333333969116211,4,4.1666669845581055,0,4,4,4,11.538461685180664,0,188409.08111572266,228799.9214477539,0,404327403520,8589930496,5566607360,114688
10,1791580744339,2500,2500,800,800,800,799,800,799,2499,2500,2500,2499,2500,2499,800,800,8,0,0,3.846153974533081,0,0,0,8.333333969116211,4,4.1666669845581055,0,4,4,4,11.538461685180664,0,188409.23950195313,228800.294921875,0,404327403520,8589930496,5566607360,114688
9,1791580744349,2500,2500,800,800,800,799,800,799,2499,2500,2500,2499,2500,2499,800,800,8,0,0,3.846153974533081,0,0,0,8.333333969116211,4,4.1666669845581055,0,4,4,4,11.538461685180664,0,188409.39184570313,228800.66888427734,0,404327403520,8589930496,5566607360,114688
9,1791580744359,2500,2500,800,800,800,799,800,799,2499,2500,2500,2499,2500,2499,800,800,8,0,0,3.846153974533081,0,0,0,8.333333969116211,4,4.1666669845581055,0,4,4,4,11.538461685180664,0,188409.54656982422,228801.0467529297,0,404327403520,8589930496,5566607360,114688
9,1791580744369,2500,2500,800,800,800,799,800,799,2499,2500,2500,2499,2500,2499,800,800,8,0,0,3.846153974533081,0,0,0,8.333333969116211,4,4.1666669845581055,0,4,4,4,11.538461685180664,0,188409.71124267578,228801.42041015625,0,404327403520,8589930496,5566607360,114688
9,1791580744379,2500,2500,800,800,800,799,800,799,2499,2500,2500,2499,2500,2499,800,800,8,0,0,3.846153974533081,0,0,0,8.333333969116211,4,4.1666669845581055,0,4,4,4,11.538461685180664,0,188409.87274169922,228801.7947998047,0,404327403520,8589930496,5566607360,114688
9,1791580744389,2500,2500,800,800,800,799,800,799,2499,2500,2500,2499,2500,2499,800,800,8,0,0,3.846153974533081,0,0,0,8.333333969116211,4,4.1666669845581055,0,4,4,4,11.538461685180664,0,188410.02764892578,228802.17614746094,0,404327403520,8589930496,5566607360,114688
9,1791580744399,2500,2500,800,800,800,799,800,799,2499,2500,2500,2499,2500,2499,800,800,8,0,0,3.846153974533081,0,0,0,8.333333969116211,4,4.1666669845581055,0,4,4,4,11.538461685180664,0,188410.1875,228802.544921875,0,404327403520,8589930496,5566607360,114688
10,1791580744409,2500,2500,800,800,800,799,800,799,2499,2500,2500,2499,2500,2499,800,800,8,0,0,3.846153974533081,0,0,0,8.333333969116211,4,4.1666669845581055,0,4,4,4,11.538461685180664,0,188410.3462524414,228802.9197998047,0,404327403520,8589930496,5566607360,114688
10,1791580744419,2500,2500,800,800,800,799,800,799,2499,2500,2500,2499,2500,2499,800,800,8,0,0,3.846153974533081,0,0,0,8.333333969116211,4,4.1666669845581055,0,4,4,4,11.538461685180664,0,188410.5044555664,228803.29364013672,0,404327403520,8589930496,5566607360,114688
9,1791580744429,2500,2500,800,800,800,799,800,799,2499,2500,2500,2499,2500,2499,800,800,8,0,0,3.846153974533081,0,0,0,8.333333969116211,4,4.1666669845581055,0,4,4,4,11.538461685180664,0,188410.66015625,228803.66986083984,0,404327403520,8589930496,5566607360,114688
10,1791580744440,2500,2500,800,800,800,799,800,799,2499,2500,2500,2499,2500,2499,800,800,8,0,0,3.846153974533081,0,0,0,8.333333969116211,4,4.1666669845581055,0,4,4,4,11.538461685180664,0,188410.8130493164,228804.05169677734,0,404327403520,8589930496,5566607360,114688
10,1791580744450,2500,2500,800,800,800,799,800,799,2499,2500,2500,2499,2500,2499,800,800,8,0,0,3.846153974533081,0,0,0,8.333333969116211,4,4.1666669845581055,0,4,4,4,11.538461685180664,0,188410.96575927734,228804.4243774414,0,404327403520,8589930496,5566607360,114688
9,1791580744460,2500,2500,800,800,800,799,800,799,2499,2500,2500,2499,2500,2499,800,800,8,0,0,3.846153974533081,0,0,0,8.333333969116211,4,4.1666669845581055,0,4,4,4,11.538461685180664,0,188411.1337890625,228804.83984375,0,404327403520,8589930496,5566607360,114688
9,1791580744470,2500,2500,800,800,800,799,800,799,2499,2500,2500,2499,2500,2499,800,800,8,0,0,3.846153974533081,0,0,0,8.333333969116211,4,4.1666669845581055,0,4,4,4,11.538461685180664,0,188411.28338623047,228805.21520996094,0,404327403520,8589930496,5566607360,114688
9,1791580744480,2500,2500,800,800,800,799,800,799,2499,2500,2500,2499,2500,2499,800,800,8,0,0,3.846153974533081,0,0,0,8.333333969116211,4,4.1666669845581055,0,4,4,4,11.538461685180664,0,188411.43756103516,228805.59197998047,0,404327403520,8589930496,5566607360,114688
10,1791580744490,2500,2500,800,800,800,799,800,799,2499,2500,2500,2499,2500,2499,800,800,8,0,0,3.846153974533081,0,0,0,8.333333969116211,4,4.1666669845581055,0,4,4,4,11.538461685180664,0,188411.59063720703,228805.96356201172,0,404327403520,8589930496,5566607360,114688
10,1791580744500,2500,2500,800,800,800,799,800,799,2499,2500,2500,2499,2500,2499,800,800,8,0,0,3.846153974533081,0,0,0,8.333333969116211,4,4.1666669845581055,0,4,4,4,11.538461685180664,0,188411.74438476563,228806.3413696289,0,404327403520,8589930496,5566607360,114688
9,1791580744510,2500,2500,800,800,800,799,800,799,2499,2500,2500,2499,2500,2499,800,800,10.526315689086914,0,0,0,0,0,4.761904716491699,5.263157844543457,0,61.904762268066406,0,0,0,25,0,0,188411.8992919922,228806.71746826172,0,404327403520,8589930496,5566607360,114688
9,1791580744520,2500,2500,800,800,800,799,800,799,2499,2500,2500,2499,2500,2499,800,800,10.526315689086914,0,0,0,0,0,4.761904716491699,5.263157844543457,0,61.904762268066406,0,0,0,25,0,0,188412.0562133789,228807.09002685547,0,404327403520,8589930496,5566607360,114688
9,1791580744530,2500,2500,800,800,800,799,800,799,2499,2500,2500,2499,2500,2499,800,800,10.526315689086914,0,0,0,0,0,4.761904716491699,5.263157844543457,0,61.904762268066406,0,0,0,25,0,0,188412.21166992188,228807.46795654297,0,404327403520,8589930496,5566607360,114688
9,1791580744540,2500,2500,800,800,800,799,800,799,2499,2500,2500,2499,2500,2499,800,800,10.526315689086914,0,0,0,0,0,4.761904716491699,5.263157844543457,0,61.904762268066406,0,0,0,25,0,0,188412.3656616211,228807.84423828125,0,404327403520,8589930496,5567598592,114688
10,1791580744550,2500,2500,800,800,800,799,800,799,2499,2500,2500,2499,2500,2499,800,800,10.526315689086914,0,0,0,0,0,4.761904716491699,5.263157844543457,0,61.904762268066406,0,0,0,25,0,0,188412.52447509766,228808.22198486328,0,404327403520,8589930496,5568094208,114688
9,1791580744560,2500,2500,800,800,800,799,800,799,2499,2500,2500,2499,2500,2499,800,800,10.526315689086914,0,0,0,0,0,4.761904716491699,5.263157844543457,0,61.904762268066406,0,0,0,25,0,0,188412.6805419922,228808.59423828125,0,404327403520,8589930496,5568094208,114688
9,1791580744571,2500,2500,800,800,800,799,800,799,2499,2500,2500,2499,2500,2499,800,800,10.526315689086914,0,0,0,0,0,4.761904716491699,5.263157844543457,0,61.904762268066406,0,0,0,25,0,0,188412.83837890625,228808.9676513672,0,404327403520,8589930496,5568094208,114688
9,1791580744581,2500,2500,800,800,800,799,800,799,2499,2500,2500,2499,2500,2499,800,800,10.526315689086914,0,0,0,0,0,4.761904716491699,5.263157844543457,0,61.904762268066406,0,0,0,25,0,0,188413.00158691406,228809.38177490234,0,404327403520,8589930496,5568094208,114688
9,1791580744591,2500,2500,800,800,800,799,800,799,2499,2500,2500,2499,2500,2499,800,800,10.526315689086914,0,0,0,0,0,4.761904716491699,5.263157844543457,0,61.904762268066406,0,0,0,25,0,0,188413.1571044922,228809.75524902344,0,404327403520,8589930496,5568094208,114688
9,1791580744601,2500,2500,800,800,800,799,800,799,2499,2500,2500,2499,2500,2499,800,800,10.526315689086914,0,0,0,0,0,4.761904716491699,5.263157844543457,0,61.904762268066406,0,0,0,25,0,0,188413.3104248047,228810.1343383789,0,404327403520,8589930496,5568589824,114688
9,1791580744611,2500,2500,800,800,800,799,800,799,2499,2500,2500,2499,2500,2499,800,800,10.526315689086914,0,0,0,0,0,4.761904716491699,5.263157844543457,0,61.904762268066406,0,0,0,25,0,0,188413.4686279297,228810.47680664063,0,404327403520,8589930496,5570076672,114688
10,1791580744621,2500,2500,800,800,800,799,800,799,2499,2500,2500,2499,2500,2499,800,800,10.526315689086914,0,0,0,0,0,4.761904716491699,5.263157844543457,0,61.904762268066406,0,0,0,25,0,0,188413.6259765625,228810.88934326172,0,404327403520,8589930496,5570076672,114688
9,1791580744631,2500,2500,800,800,800,799,800,799,2499,2500,2500,2499,2500,2499,800,800,10.526315689086914,0,0,0,0,0,4.761904716491699,5.263157844543457,0,61.904762268066406,0,0,0,25,0,0,188413.78436279297,228811.26611328125,0,404327403520,8589930496,5570076672,114688
9,1791580744641,2500,2500,800,800,800,799,800,799,2499,2500,2500,2499,2500,2499,800,800,10.526315689086914,0,0,0,0,0,4.761904716491699,5.263157844543457,0,61.904762268066406,0,0,0,25,0,0,188413.9405517578,228811.64318847656,0,404327403520,8589930496,5576024064,114688
9,1791580744651,2500,2500,800,800,800,799,800,799,2499,2500,2500,2499,2500,2499,800,800,10.526315689086914,0,0,0,0,0,4.761904716491699,5.263157844543457,0,61.904762268066406,0,0,0,25,0,0,188414.09649658203,228812.02069091797,0,404327403520,8589930496,5576024064,114688
9,1791580744661,2500,2500,800,800,800,799,800,799,2499,2500,2500,2499,2500,2499,800,800,10.526315689086914,0,0,0,0,0,4.761904716491699,5.263157844543457,0,61.904762268066406,0,0,0,25,0,0,188414.24865722656,228812.39782714844,0,404327403520,8589930496,5576024064,114688
9,1791580744671,2500,2500,800,800,800,799,800,799,2499,2500,2500,2499,2500,2499,800,800,10.526315689086914,0,0,0,0,0,4.761904716491699,5.263157844543457,0,61.904762268066406,0,0,0,25,0,0,188414.40557861328,228812.7758178711,0,404327403520,8589930496,5576024064,114688
9,1791580744681,2500,2500,800,800,800,799,800,799,2499,2500,2500,2499,2500,2499,800,800,10.526315689086914,0,0,0,0,0,4.761904716491699,5.263157844543457,0,61.904762268066406,0,0,0,25,0,0,188414.5648803711,228813.15002441406,0,404327403520,8589930496,5576024064,114688
9,1791580744691,2500,2500,800,800,800,799,800,799,2499,2500,2500,2499,2500,2499,800,800,10.526315689086914,0,0,0,0,0,4.761904716491699,5.263157844543457,0,61.904762268066406,0,0,0,25,0,0,188414.71990966797,228813.52600097656,0,404327403520,8589930496,5576024064,114688
10,1791580744701,2500,2500,800,800,800,799,800,799,2499,2500,2500,2499,2500,2499,800,800,10.526315689086914,0,0,0,0,0,4.761904716491699,5.263157844543457,0,61.904762268066406,0,0,0,25,0,0,188414.8754272461,228813.90338134766,0,404327403520,8589930496,5576024064,114688
10,1791580744711,2500,2500,800,800,800,799,800,799,2499,2500,2500,2499,2500,2499,800,800,0,0,0,0,0,0,0,10,0,100,0,0,0,0,0,0,188415.03033447266,228814.28381347656,0,404327403520,8589930496,5576024064,114688
9,1791580744722,2500,2500,800,800,800,799,800,799,2499,2500,2500,2499,2500,2499,800,800,0,0,0,0,0,0,0,10,0,100,0,0,0,0,0,0,188415.1849975586,228814.66247558594,0,404327403520,8589930496,5576024064,114688
10,1791580744732,2500,2500,800,800,800,799,800,799,2499,2500,2500,2499,2500,2499,800,800,0,0,0,0,0,0,0,10,0,100,0,0,0,0,0,0,188415.34118652344,228815.03790283203,0,404327403520,8589930496,5576024064,114688
10,1791580744742,2500,2500,800,800,800,799,800,799,2499,2500,2500,2499,2500,2499,800,800,0,0,0,0,0,0,0,10,0,100,0,0,0,0,0,0,188415.49639892578,228815.4154663086,0,404327403520,8589930496,5576024064,114688
9,1791580744752,2500,2500,800,800,800,799,800,799,2499,2500,2500,2499,2500,2499,800,800,0,0,0,0,0,0,0,10,0,100,0,0,0,0,0,0,188415.65661621094,228815.79071044922,0,404327403520,8589930496,5576024064,114688
10,1791580744762,2500,2500,800,800,800,799,800,799,2499,2500,2500,2499,2500,2499,800,800,0,0,0,0,0,0,0,10,0,100,0,0,0,0,0,0,188415.80798339844,228816.16796875,0,404327403520,8589930496,5576024064,114688
10,1791580744772,2500,2500,800,800,800,799,800,799,2499,2500,2500,2499,2500,2499,800,800,0,0,0,0,0,0,0,10,0,100,0,0,0,0,0,0,188415.95776367188,228816.5493774414,0,404327403520,8589930496,5576024064,114688
9,1791580744782,2500,2500,800,800,800,799,800,799,2499,2500,2500,2499,2500,2499,800,800,0,0,0,0,0,0,0,10,0,100,0,0,0,0,0,0,188416.12274169922,228816.93048095703,0,404327403520,8589930496,5576024064,114688
9,1791580744792,2500,2500,800,800,800,799,800,799,2499,2500,2500,2499,2500,2499,800,800,0,0,0,0,0,0,0,10,0,100,0,0,0,0,0,0,188416.28643798828,228817.31048583984,0,404327403520,8589930496,5576519680,114688
10,1791580744802,2500,2500,800,800,800,799,800,799,2499,2500,2500,2499,2500,2499,800,800,0,0,0,0,0,0,0,10,0,100,0,0,0,0,0,0,188416.44915771484,228817.69274902344,0,404327403520,8589930496,5577510912,114688
10,1791580744812,2500,2500,800,800,800,799,800,799,2499,2500,2500,2499,2500,2499,800,800,0,0,0,0,0,0,0,10,0,100,0,0,0,0,0,0,188416.6058959961,228818.07189941406,0,404327403520,8589930496,5578997760,114688
9,1791580744822,2500,2500,800,800,800,799,800,799,2499,2500,2500,2499,2500,2499,800,800,0,0,0,0,0,0,0,10,0,100,0,0,0,0,0,0,188416.77935791016,228818.4853515625,0,404327403520,8589930496,5578502144,114688
10,1791580744832,2500,2500,800,800,800,799,800,799,2499,2500,2500,2499,2500,2499,800,800,0,0,0,0,0,0,0,10,0,100,0,0,0,0,0,0,188416.94140625,228818.86169433594,0,404327403520,8589930496,5582467072,114688
10,1791580744842,2500,2500,800,800,800,799,800,799,2499,2500,2500,2499,2500,2499,800,800,0,0,0,0,0,0,0,10,0,100,0,0,0,0,0,0,188417.10400390625,228819.2367553711,0,404327403520,8589930496,5582467072,114688
9,1791580744852,2500,2500,800,800,800,799,800,799,2499,2500,2500,2499,2500,2499,800,800,0,0,0,0,0,0,0,10,0,100,0,0,0,0,0,0,188417.26348876953,228819.56414794922,0,404327403520,8589930496,5582962688,114688
9,1791580744862,2500,2500,800,800,800,799,800,799,2499,2500,2500,2499,2500,2499,800,800,0,0,0,0,0,0,0,10,0,100,0,0,0,0,0,0,188417.41339111328,228819.87817382813,0,404327403520,8589930496,5582962688,114688
9,1791580744872,2500,2500,800,800,800,799,800,799,2499,2500,2500,2499,2500,2499,800,800,0,0,0,0,0,0,0,10,0,100,0,0,0,0,0,0,188417.57135009766,228820.1986694336,0,404327403520,8589930496,5582962688,114688
9,1791580744882,2500,2500,800,800,800,799,800,799,2499,2500,2500,2499,2500,2499,800,800,0,0,0,0,0,0,0,10,0,100,0,0,0,0,0,0,188417.72534179688,228820.58502197266,0,404327403520,8589930496,5582962688,114688
9,1791580744893,2500,2500,800,800,800,799,800,799,2499,2500,2500,2499,2500,2499,800,800,0,0,0,0,0,0,0,10,0,100,0,0,0,0,0,0,188417.87823486328,228820.94970703125,0,404327403520,8589930496,5583458304,114688
10,1791580744903,2500,2500,800,800,800,799,800,799,2499,2500,2500,2499,2500,2499,800,800,0,0,0,0,0,0,0,10,0,100,0,0,0,0,0,0,188418.03302001953,228821.32080078125,0,404327403520,8589930496,5583458304,114688
9,1791580744913,2500,2500,800,800,800,799,800,799,2499,2500,2500,2499,2500,2499,800,800,21.052631378173828,5.263157844543457,0,0,0,0,0,21.052631378173828,60.000003814697266,0,5,0,0,0,14.285715103149414,10,188418.1925048828,228821.69842529297,0,404327403520,8589930496,5583458304,114688
9,1791580744923,2500,2500,800,800,800,799,800,799,2499,2500,2500,2499,2500,2499,800,800,21.052631378173828,5.263157844543457,0,0,0,0,0,21.052631378173828,60.000003814697266,0,5,0,0,0,14.285715103149414,10,188418.34533691406,228822.0712890625,0,404327403520,8589930496,5583458304,114688
10,1791580744933,2500,2500,800,800,800,799,800,799,2499,2500,2500,2499,2500,2499,800,800,21.052631378173828,5.263157844543457,0,0,0,0,0,21.052631378173828,60.000003814697266,0,5,0,0,0,14.285715103149414,10,188418.50177001953,228822.44744873047,0,404327403520,8589930496,5583458304,114688
9,1791580744943,2500,2500,800,800,800,799,800,799,2499,2500,2500,2499,2500,2499,800,800,21.052631378173828,5.263157844543457,0,0,0,0,0,21.052631378173828,60.000003814697266,0,5,0,0,0,14.285715103149414,10,188418.66326904297,228822.82189941406,0,404327403520,8589930496,5583458304,114688
10,1791580744953,2500,2500,800,800,800,799,800,799,2499,2500,2500,2499,2500,2499,800,800,21.052631378173828,5.263157844543457,0,0,0,0,0,21.052631378173828,60.000003814697266,0,5,0,0,0,14.285715103149414,10,188418.81939697266,228823.19818115234,0,404327403520,8589930496,5583458304,114688
10,1791580744963,2500,2500,800,800,800,799,800,799,2499,2500,2500,2499,2500,2499,800,800,21.052631378173828,5.263157844543457,0,0,0,0,0,21.052631378173828,60.000003814697266,0,5,0,0,0,14.285715103149414,10,188418.9744873047,228823.57122802734,0,404327403520,8589930496,5583458304,114688
10,1791580744973,2500,2500,800,800,800,799,800,799,2499,2500,2500,2499,2500,2499,800,800,21.052631378173828,5.263157844543457,0,0,0,0,0,21.052631378173828,60.000003814697266,0,5,0,0,0,14.285715103149414,10,188419.13214111328,228823.94458007813,0,404327403520,8589930496,5583458304,114688
10,1791580744983,2500,2500,800,800,800,799,800,799,2499,2500,2500,2499,2500,2499,800,800,21.052631378173828,5.263157844543457,0,0,0,0,0,21.052631378173828,60.000003814697266,0,5,0,0,0,14.285715103149414,10,188419.28997802734,228824.3204345703,0,404327403520,8589930496,5583458304,114688
9,1791580744993,2500,2500,800,800,800,799,800,799,2499,2500,2500,2499,2500,2499,800,800,21.052631378173828,5.263157844543457,0,0,0,0,0,21.052631378173828,60.000003814697266,0,5,0,0,0,14.285715103149414,10,188419.44122314453,228824.69500732422,0,404327403520,8589930496,5583458304,114688
10,1791580745003,2500,2500,800,800,800,799,800,799,2499,2500,2500,2499,2500,2499,800,800,21.052631378173828,5.263157844543457,0,0,0,0,0,21.052631378173828,60.000003814697266,0,5,0,0,0,14.285715103149414,10,188419.5997314453,228825.07092285156,0,404327403520,8589930496,5583458304,114688
10,1791580745013,2500,2500,800,800,800,799,800,799,2499,2500,2500,2499,2500,2499,800,800,21.052631378173828,5.263157844543457,0,0,0,0,0,21.052631378173828,60.000003814697266,0,5,0,0,0,14.285715103149414,10,188419.75317382813,228825.44665527344,0,404327403520,8589930496,5583458304,114688
10,1791580745023,2500,2500,800,800,800,799,800,799,2499,2500,2500,2499,2500,2499,800,800,21.052631378173828,5.263157844543457,0,0,0,0,0,21.052631378173828,60.000003814697266,0,5,0,0,0,14.285715103149414,10,188419.92529296875,228825.85791015625,0,404327403520,8589930496,5583458304,114688
10,1791580745033,2500,2500,800,800,800,799,800,799,2499,2500,2500,2499,2500,2499,800,800,21.052631378173828,5.263157844543457,0,0,0,0,0,21.052631378173828,60.000003814697266,0,5,0,0,0,14.285715103149414,10,188420.07781982422,228826.2310180664,0,404327403520,8589930496,5583458304,114688
10,1791580745043,2500,2500,800,800,800,799,800,799,2499,2500,2500,2499,2500,2499,800,800,21.052631378173828,5.263157844543457,0,0,0,0,0,21.052631378173828,60.000003814697266,0,5,0,0,0,14.285715103149414,10,188420.23565673828,228826.60388183594,0,404327403520,8589930496,5583458304,114688
10,1791580745053,2500,2500,800,800,800,799,800,799,2499,2500,2500,2499,2500,2499,800,800,21.052631378173828,5.263157844543457,0,0,0,0,0,21.052631378173828,60.000003814697266,0,5,0,0,0,14.285715103149414,10,188420.39422607422,228826.97784423828,0,404327403520,8589930496,5583458304,114688
10,1791580745063,2500,2500,800,800,800,799,800,799,2499,2500,2500,2499,2500,2499,800,800,21.052631378173828,5.263157844543457,0,0,0,0,0,21.052631378173828,60.000003814697266,0,5,0,0,0,14.285715103149414,10,188420.54528808594,228827.35424804688,0,404327403520,8589930496,5583458304,114688
9,1791580745074,2500,2500,800,800,800,799,800,799,2499,2500,2500,2499,2500,2499,800,800,21.052631378173828,5.263157844543457,0,0,0,0,0,21.052631378173828,60.000003814697266,0,5,0,0,0,14.285715103149414,10,188420.69982910156,228827.72979736328,0,404327403520,8589930496,5575528448,114688
9,1791580745084,2500,2500,800,800,800,799,800,799,2499,2500,2500,2499,2500,2499,800,800,21.052631378173828,5.263157844543457,0,0,0,0,0,21.052631378173828,60.000003814697266,0,5,0,0,0,14.285715103149414,10,188420.85455322266,228828.10540771484,0,404327403520,8589930496,5575528448,114688
10,1791580745094,2500,2500,800,800,800,799,800,799,2499,2500,2500,2499,2500,2499,800,800,21.052631378173828,5.263157844543457,0,0,0,0,0,21.052631378173828,60.000003814697266,0,5,0,0,0,14.285715103149414,10,188421.0082397461,228828.42901611328,0,404327403520,8589930496,5575528448,114688
9,1791580745104,2500,2500,800,800,800,799,800,799,2499,2500,2500,2499,2500,2499,800,800,21.052631378173828,5.263157844543457,0,0,0,0,0,21.052631378173828,60.000003814697266,0,5,0,0,0,14.285715103149414,10,188421.15966796875,228828.7435913086,0,404327403520,8589930496,5575528448,114688
9,1791580745114,2500,2500,800,800,800,799,800,799,2499,2500,2500,2499,2500,2499,800,800,90,0,0,0,0,0,0,10,0,0,0,0,0,0,5.263157844543457,5,188421.3192138672,228829.0606689453,0,404327403520,8589930496,5575528448,114688
10,1791580745124,2500,2500,800,800,800,799,800,799,2499,2500,2500,2499,2500,2499,800,800,90,0,0,0,0,0,0,10,0,0,0,0,0,0,5.263157844543457,5,188421.4774169922,228829.3770751953,0,404327403520,8589930496,5575528448,114688
9,1791580745134,2500,2500,800,800,800,799,800,799,2499,2500,2500,2499,2500,2499,800,800,90,0,0,0,0,0,0,10,0,0,0,0,0,0,5.263157844543457,5,188421.63507080078,228829.69177246094,0,404327403520,8589930496,5563772928,114688
9,1791580745144,2500,2500,800,800,800,799,800,799,2499,2500,2500,2499,2500,2499,800,800,90,0,0,0,0,0,0,10,0,0,0,0,0,0,5.263157844543457,5,188421.7905883789,228830.00329589844,0,404327403520,8589930496,5563772928,114688
9,1791580745154,2500,2500,800,800,800,799,800,799,2499,2500,2500,2499,2500,2499,800,800,90,0,0,0,0,0,0,10,0,0,0,0,0,0,5.263157844543457,5,188421.96075439453,228830.34643554688,0,404327403520,8589930496,5563772928,114688
10,1791580745164,2500,2500,800,800,800,799,800,799,2499,2500,2500,2499,2500,2499,800,800,90,0,0,0,0,0,0,10,0,0,0,0,0,0,5.263157844543457,5,188422.10192871094,228830.6234741211,0,404327403520,8589930496,5563772928,114688
10,1791580745174,2500,2500,800,800,800,799,800,799,2499,2500,2500,2499,2500,2499,800,800,90,0,0,0,0,0,0,10,0,0,0,0,0,0,5.263157844543457,5,188422.2530517578,228830.93884277344,0,404327403520,8589930496,5563772928,114688
9,1791580745184,2500,2500,800,800,800,799,800,799,2499,2500,2500,2499,2500,2499,800,800,90,0,0,0,0,0,0,10,0,0,0,0,0,0,5.263157844543457,5,188422.4204711914,228831.28369140625,0,404327403520,8589930496,5563772928,114688
9,1791580745195,2500,2500,800,800,800,799,800,799,2499,2500,2500,2499,2500,2499,800,800,90,0,0,0,0,0,0,10,0,0,0,0,0,0,5.263157844543457,5,188422.57592773438,228831.5982055664,0,404327403520,8589930496,5563772928,114688
9,1791580745204,2500,2500,800,800,800,799,800,799,2499,2500,2500,2499,2500,2499,800,800,90,0,0,0,0,0,0,10,0,0,0,0,0,0,5.263157844543457,5,188422.72680664063,228831.90881347656,0,404327403520,8589930496,5563772928,114688
10,1791580745215,2500,2500,800,800,800,799,800,799,2499,2500,2500,2499,2500,2499,800,800,90,0,0,0,0,0,0,10,0,0,0,0,0,0,5.263157844543457,5,188422.88671875,228832.22064208984,0,404327403520,8589930496,5563772928,114688
9,1791580745225,2500,2500,800,800,800,799,800,799,2499,2500,2500,2499,2500,2499,800,800,90,0,0,0,0,0,0,10,0,0,0,0,0,0,5.263157844543457,5,188423.04455566406,228832.5302734375,0,404327403520,8589930496,5563772928,114688
9,1791580745235,2500,2500,800,800,800,799,800,799,2499,2500,2500,2499,2500,2499,800,800,90,0,0,0,0,0,0,10,0,0,0,0,0,0,5.263157844543457,5,188423.20184326172,228832.84326171875,0,404327403520,8589930496,5563772928,114688
9,1791580745245,2500,2500,800,800,800,799,800,799,2499,2500,2500,2499,2500,2499,800,800,90,0,0,0,0,0,0,10,0,0,0,0,0,0,5.263157844543457,5,188423.3578491211,228833.1586303711,0,404327403520,8589930496,5563772928,114688
9,1791580745255,2500,2500,800,800,800,799,800,799,2499,2500,2500,2499,2500,2499,800,800,90,0,0,0,0,0,0,10,0,0,0,0,0,0,5.263157844543457,5,188423.51385498047,228833.47436523438,0,404327403520,8589930496,5563772928,114688
9,1791580745265,2500,2500,800,800,800,799,800,799,2499,2500,2500,2499,2500,2499,800,800,90,0,0,0,0,0,0,10,0,0,0,0,0,0,5.263157844543457,5,188423.66857910156,228833.78942871094,0,404327403520,8589930496,5563772928,114688
9,1791580745275,2500,2500,800,800,800,799,800,799,2499,2500,2500,2499,2500,2499,800,800,90,0,0,0,0,0,0,10,0,0,0,0,0,0,5.263157844543457,5,188423.82385253906,228834.1055908203,0,404327403520,8589930496,5563772928,114688
9,1791580745285,2500,2500,800,800,800,799,800,799,2499,2500,2500,2499,2500,2499,800,800,90,0,0,0,0,0,0,10,0,0,0,0,0,0,5.263157844543457,5,188423.9839477539,228834.40924072266,0,404327403520,8589930496,5563772928,114688
9,1791580745295,2500,2500,800,800,800,799,800,799,2499,2500,2500,2499,2500,2499,800,800,90,0,0,0,0,0,0,10,0,0,0,0,0,0,5.263157844543457,5,188424.13873291016,228834.7211303711,0,404327403520,8589930496,5563772928,114688
10,1791580745305,2500,2500,800,800,800,799,800,799,2499,2500,2500,2499,2500,2499,800,800,90,0,0,0,0,0,0,10,0,0,0,0,0,0,5.263157844543457,5,188424.2938232422,228835.03833007813,0,404327403520,8589930496,5563772928,114688
9,1791580745315,2500,2500,800,800,800,799,800,799,2499,2500,2500,2499,2500,2499,800,800,5.263157844543457,5,0,0,0,0,0,10.526315689086914,0,0,0,0,0,0,11.111111640930176,0,188424.45001220703,228835.35064697266,0,404327403520,8589930496,5563772928,114688
9,1791580745325,2500,2500,800,800,800,799,800,799,2499,2500,2500,2499,2500,2499,800,800,5.263157844543457,5,0,0,0,0,0,10.526315689086914,0,0,0,0,0,0,11.111111640930176,0,188424.6254272461,228835.69647216797,0,404327403520,8589930496,5563772928,114688
10,1791580745335,2500,2500,800,800,800,799,800,799,2499,2500,2500,2499,2500,2499,800,800,5.263157844543457,5,0,0,0,0,0,10.526315689086914,0,0,0,0,0,0,11.111111640930176,0,188424.76586914063,228835.97491455078,0,404327403520,8589930496,5563772928,114688
9,1791580745346,2500,2500,800,800,800,799,800,799,2499,2500,2500,2499,2500,2499,800,800,5.263157844543457,5,0,0,0,0,0,10.526315689086914,0,0,0,0,0,0,11.111111640930176,0,188424.9237060547,228836.28302001953,0,404327403520,8589930496,5563772928,114688
9,1791580745356,2500,2500,800,800,800,799,800,799,2499,2500,2500,2499,2500,2499,800,800,5.263157844543457,5,0,0,0,0,0,10.526315689086914,0,0,0,0,0,0,11.111111640930176,0,188425.09106445313,228836.62475585938,0,404327403520,8589930496,5563772928,114688
9,1791580745366,2500,2500,800,800,800,799,800,799,2499,2500,2500,2499,2500,2499,800,800,5.263157844543457,5,0,0,0,0,0,10.526315689086914,0,0,0,0,0,0,11.111111640930176,0,188425.24603271484,228836.9364013672,0,404327403520,8589930496,5563772928,114688
10,1791580745376,2500,2500,800,800,800,799,800,799,2499,2500,2500,2499,2500,2499,800,800,5.263157844543457,5,0,0,0,0,0,10.526315689086914,0,0,0,0,0,0,11.111111640930176,0,188425.39764404297,228837.24908447266,0,404327403520,8589930496,5563772928,114688
9,1791580745386,2500,2500,800,800,800,799,800,799,2499,2500,2500,2499,2500,2499,800,800,5.263157844543457,5,0,0,0,0,0,10.526315689086914,0,0,0,0,0,0,11.111111640930176,0,188425.5551147461,228837.5604248047,0,404327403520,8589930496,5563772928,114688
9,1791580745396,2500,2500,800,800,800,799,800,799,2499,2500,2500,2499,2500,2499,800,800,5.263157844543457,5,0,0,0,0,0,10.526315689086914,0,0,0,0,0,0,11.111111640930176,0,188425.70935058594,228837.87481689453,0,404327403520,8589930496,5563772928,114688
9,1791580745406,2500,2500,800,800,800,799,800,799,2499,2500,2500,2499,2500,2499,800,800,5.263157844543457,5,0,0,0,0,0,10.526315689086914,0,0,0,0,0,0,11.111111640930176,0,188425.8666381836,228838.18334960938,0,404327403520,8589930496,5563772928,114688
9,1791580745416,2500,2500,800,800,800,799,800,799,2499,2500,2500,2499,2500,2499,800,800,5.263157844543457,5,0,0,0,0,0,10.526315689086914,0,0,0,0,0,0,11.111111640930176,0,188426.02154541016,228838.49798583984,0,404327403520,8589930496,5563772928,114688
10,1791580745426,2500,2500,800,800,800,799,800,799,2499,2500,2500,2499,2500,2499,800,800,5.263157844543457,5,0,0,0,0,0,10.526315689086914,0,0,0,0,0,0,11.111111640930176,0,188426.17755126953,228838.81121826172,0,404327403520,8589930496,5563772928,114688
9,1791580745436,2500,2500,800,800,800,799,800,799,2499,2500,2500,2499,2500,2499,800,800,5.263157844543457,5,0,0,0,0,0,10.526315689086914,0,0,0,0,0,0,11.111111640930176,0,188426.33374023438,228839.12377929688,0,404327403520,8589930496,5563772928,114688
9,1791580745446,2500,2500,800,800,800,799,800,799,2499,2500,2500,2499,2500,2499,800,800,5.263157844543457,5,0,0,0,0,0,10.526315689086914,0,0,0,0,0,0,11.111111640930176,0,188426.48498535156,228839.4422607422,0,404327403520,8589930496,5563772928,114688
9,1791580745456,2500,2500,800,800,800,799,800,799,2499,2500,2500,2499,2500,2499,800,800,5.263157844543457,5,0,0,0,0,0,10.526315689086914,0,0,0,0,0,0,11.111111640930176,0,188426.63385009766,228839.7508544922,0,404327403520,8589930496,5563772928,114688
10,1791580745466,2500,2500,800,800,800,799,800,799,2499,2500,2500,2499,2500,2499,800,800,5.263157844543457,5,0,0,0,0,0,10.526315689086914,0,0,0,0,0,0,11.111111640930176,0,188426.78582763672,228840.05908203125,0,404327403520,8589930496,5563772928,114688
10,1791580745476,2500,2500,800,800,800,799,800,799,2499,2500,2500,2499,2500,2499,800,800,5.263157844543457,5,0,0,0,0,0,10.526315689086914,0,0,0,0,0,0,11.111111640930176,0,188426.93359375,228840.373046875,0,404327403520,8589930496,5563772928,114688
9,1791580745487,2500,2500,800,800,800,799,800,799,2499,2500,2500,2499,2500,2499,800,800,5.263157844543457,5,0,0,0,0,0,10.526315689086914,0,0,0,0,0,0,11.111111640930176,0,188427.08416748047,228840.69232177734,0,404327403520,8589930496,5563772928,114688
10,1791580745496,2500,2500,800,800,800,799,800,799,2499,2500,2500,2499,2500,2499,800,800,5.263157844543457,5,0,0,0,0,0,10.526315689086914,0,0,0,0,0,0,11.111111640930176,0,188427.2377319336,228841.00036621094,0,404327403520,8589930496,5563772928,114688
9,1791580745507,2500,2500,800,800,800,799,800,799,2499,2500,2500,2499,2500,2499,800,800,5.263157844543457,5,0,0,0,0,0,10.526315689086914,0,0,0,0,0,0,11.111111640930176,0,188427.4086303711,228841.34326171875,0,404327403520,8589930496,5563772928,114688
10,1791580745517,2500,2500,800,800,800,799,800,799,2499,2500,2500,2499,2500,2499,800,800,5,0,0,5,5,0,0,0,0,5,0,0,0,0,0,0,188427.5496826172,228841.6260986328,0,404327403520,8589930496,5563772928,114688
10,1791580745527,2500,2500,800,800,800,799,800,799,2499,2500,2500,2499,2500,2499,800,800,5,0,0,5,5,0,0,0,0,5,0,0,0,0,0,0,188427.6997680664,228841.93383789063,0,404327403520,8589930496,5563772928,114688
9,1791580745537,2500,2500,800,800,800,799,800,799,2499,2500,2500,2499,2500,2499,800,800,5,0,0,5,5,0,0,0,0,5,0,0,0,0,0,0,188427.87188720703,228842.2762451172,0,404327403520,8589930496,5563772928,114688
9,1791580745547,2500,2500,800,800,800,799,800,799,2499,2500,2500,2499,2500,2499,800,800,5,0,0,5,5,0,0,0,0,5,0,0,0,0,0,0,188428.02697753906,228842.5941772461,0,404327403520,8589930496,5563772928,114688
10,1791580745557,2500,2500,800,800,800,799,800,799,2499,2500,2500,2499,2500,2499,800,800,5,0,0,5,5,0,0,0,0,5,0,0,0,0,0,0,188428.18005371094,228842.90881347656,0,404327403520,8589930496,5563772928,114688
9,1791580745567,2500,2500,800,800,800,799,800,799,2499,2500,2500,2499,2500,2499,800,800,5,0,0,5,5,0,0,0,0,5,0,0,0,0,0,0,188428.33026123047,228843.22540283203,0,404327403520,8589930496,5563772928,114688
9,1791580745577,2500,2500,800,800,800,799,800,799,2499,2500,2500,2499,2500,2499,800,800,5,0,0,5,5,0,0,0,0,5,0,0,0,0,0,0,188428.48223876953,228843.53729248047,0,404327403520,8589930496,5563772928,114688
9,1791580745587,2500,2500,800,800,800,799,800,799,2499,2500,2500,2499,2500,2499,800,800,5,0,0,5,5,0,0,0,0,5,0,0,0,0,0,0,188428.6353149414,228843.84954833984,0,404327403520,8589930496,5563772928,114688
9,1791580745597,2500,2500,800,800,800,799,800,799,2499,2500,2500,2499,2500,2499,800,800,5,0,0,5,5,0,0,0,0,5,0,0,0,0,0,0,188428.7911376953,228844.1625366211,0,404327403520,8589930496,5563772928,114688
9,1791580745607,2500,2500,800,800,800,799,800,799,2499,2500,2500,2499,2500,2499,800,800,5,0,0,5,5,0,0,0,0,5,0,0,0,0,0,0,188428.9429321289,228844.4780883789,0,404327403520,8589930496,5563772928,114688
9,1791580745617,2500,2500,800,800,800,799,800,799,2499,2500,2500,2499,2500,2499,800,800,5,0,0,5,5,0,0,0,0,5,0,0,0,0,0,0,188429.09075927734,228844.7899169922,0,404327403520,8589930496,5563772928,114688
10,1791580745627,2500,2500,800,800,800,799,800,799,2499,2500,2500,2499,2500,2499,800,800,5,0,0,5,5,0,0,0,0,5,0,0,0,0,0,0,188429.24200439453,228845.10583496094,0,404327403520,8589930496,5563772928,114688
9,1791580745638,2500,2500,800,800,800,799,800,799,2499,2500,2500,2499,2500,2499,800,800,5,0,0,5,5,0,0,0,0,5,0,0,0,0,0,0,188429.40209960938,228845.4189453125,0,404327403520,8589930496,5563772928,114688
9,1791580745648,2500,2500,800,800,800,799,800,799,2499,2500,2500,2499,2500,2499,800,800,5,0,0,5,5,0,0,0,0,5,0,0,0,0,0,0,188429.5555419922,228845.7303466797,0,404327403520,8589930496,5563772928,114688
9,1791580745658,2500,2500,800,800,800,799,800,799,2499,2500,2500,2499,2500,2499,800,800,5,0,0,5,5,0,0,0,0,5,0,0,0,0,0,0,188429.71099853516,228846.0447998047,0,404327403520,8589930496,5563772928,114688
9,1791580745668,2500,2500,800,800,800,799,800,799,2499,2500,2500,2499,2500,2499,800,800,5,0,0,5,5,0,0,0,0,5,0,0,0,0,0,0,188429.8682861328,228846.35961914063,0,404327403520,8589930496,5563772928,114688
9,1791580745678,2500,2500,800,800,800,799,800,799,2499,2500,2500,2499,2500,2499,800,800,5,0,0,5,5,0,0,0,0,5,0,0,0,0,0,0,188430.0242919922,228846.705078125,0,404327403520,8589930496,5563772928,114688
9,1791580745688,2500,2500,800,800,800,799,800,799,2499,2500,2500,2499,2500,2499,800,800,5,0,0,5,5,0,0,0,0,5,0,0,0,0,0,0,188430.17901611328,228846.98596191406,0,404327403520,8589930496,5563772928,114688
9,1791580745698,2500,2500,800,800,800,799,800,799,2499,2500,2500,2499,2500,2499,800,800,5,0,0,5,5,0,0,0,0,5,0,0,0,0,0,0,188430.35223388672,228847.33013916016,0,404327403520,8589930496,5563772928,114688
9,1791580745708,2500,2500,800,800,800,799,800,799,2499,2500,2500,2499,2500,2499,800,800,5,0,0,5,5,0,0,0,0,5,0,0,0,0,0,0,188430.50439453125,228847.64337158203,0,404327403520,8589930496,5563772928,114688
9,1791580745718,2500,2500,800,800,800,799,800,799,2499,2500,2500,2499,2500,2499,800,800,5.263157844543457,5,0,0,0,0,0,10,0,0,0,0,0,0,5,0,188430.65856933594,228847.95526123047,0,404327403520,8589930496,5563772928,114688
9,1791580745728,2500,2500,800,800,800,799,800,799,2499,2500,2500,2499,2500,2499,800,800,5.263157844543457,5,0,0,0,0,0,10,0,0,0,0,0,0,5,0,188430.81439208984,228848.2696533203,0,404327403520,8589930496,5563772928,114688
10,1791580745738,2500,2500,800,800,800,799,800,799,2499,2500,2500,2499,2500,2499,800,800,5.263157844543457,5,0,0,0,0,0,10,0,0,0,0,0,0,5,0,188430.97003173828,228848.58087158203,0,404327403520,8589930496,5563772928,114688
9,1791580745748,2500,2500,800,800,800,799,800,799,2499,2500,2500,2499,2500,2499,800,800,5.263157844543457,5,0,0,0,0,0,10,0,0,0,0,0,0,5,0,188431.12475585938,228848.89379882813,0,404327403520,8589930496,5563772928,114688
9,1791580745758,2500,2500,800,800,800,799,800,799,2499,2500,2500,2499,2500,2499,800,800,5.263157844543457,5,0,0,0,0,0,10,0,0,0,0,0,0,5,0,188431.27655029297,228849.20629882813,0,404327403520,8589930496,5563772928,114688
9,1791580745768,2500,2500,800,800,800,799,800,799,2499,2500,2500,2499,2500,2499,800,800,5.263157844543457,5,0,0,0,0,0,10,0,0,0,0,0,0,5,0,188431.4292602539,228849.51403808594,0,404327403520,8589930496,5563772928,114688
9,1791580745779,2500,2500,800,800,800,799,800,799,2499,2500,2500,2499,2500,2499,800,800,5.263157844543457,5,0,0,0,0,0,10,0,0,0,0,0,0,5,0,188431.57940673828,228849.83270263672,0,404327403520,8589930496,5563772928,114688
9,1791580745789,2500,2500,800,800,800,799,800,799,2499,2500,2500,2499,2500,2499,800,800,5.263157844543457,5,0,0,0,0,0,10,0,0,0,0,0,0,5,0,188431.7403564453,228850.15002441406,0,404327403520,8589930496,5563772928,114688
9,1791580745799,2500,2500,800,800,800,799,800,799,2499,2500,2500,2499,2500,2499,800,800,5.263157844543457,5,0,0,0,0,0,10,0,0,0,0,0,0,5,0,188431.8939819336,228850.46282958984,0,404327403520,8589930496,5563772928,114688
9,1791580745809,2500,2500,800,800,800,799,800,799,2499,2500,2500,2499,2500,2499,800,800,5.263157844543457,5,0,0,0,0,0,10,0,0,0,0,0,0,5,0,188432.04248046875,228850.77520751953,0,404327403520,8589930496,5563772928,114688
9,1791580745819,2500,2500,800,800,800,799,800,799,2499,2500,2500,2499,2500,2499,800,800,5.263157844543457,5,0,0,0,0,0,10,0,0,0,0,0,0,5,0,188432.19970703125,228851.09051513672,0,404327403520,8589930496,5563772928,114688
9,1791580745829,2500,2500,800,800,800,799,800,799,2499,2500,2500,2499,2500,2499,800,800,5.263157844543457,5,0,0,0,0,0,10,0,0,0,0,0,0,5,0,188432.3540649414,228851.40252685547,0,404327403520,8589930496,5563772928,114688
9,1791580745839,2500,2500,800,800,800,799,800,799,2499,2500,2500,2499,2500,2499,800,800,5.263157844543457,5,0,0,0,0,0,10,0,0,0,0,0,0,5,0,188432.52349853516,228851.74200439453,0,404327403520,8589930496,5563772928,114688
9,1791580745849,2500,2500,800,800,800,799,800,799,2499,2500,2500,2499,2500,2499,800,800,5.263157844543457,5,0,0,0,0,0,10,0,0,0,0,0,0,5,0,188432.66790771484,228852.02600097656,0,404327403520,8589930496,5563772928,114688
9,1791580745859,2500,2500,800,800,800,799,800,799,2499,2500,2500,2499,2500,2499,800,800,5.263157844543457,5,0,0,0,0,0,10,0,0,0,0,0,0,5,0,188432.84204101563,228852.3751220703,0,404327403520,8589930496,5563772928,114688
9,1791580745869,2500,2500,800,800,800,799,800,799,2499,2500,2500,2499,2500,2499,800,800,5.263157844543457,5,0,0,0,0,0,10,0,0,0,0,0,0,5,0,188432.9974975586,228852.68560791016,0,404327403520,8589930496,5563772928,114688
9,1791580745879,2500,2500,800,800,800,799,800,799,2499,2500,2500,2499,2500,2499,800,800,5.263157844543457,5,0,0,0,0,0,10,0,0,0,0,0,0,5,0,188433.15167236328,228852.99835205078,0,404327403520,8589930496,5563772928,114688
10,1791580745889,2500,2500,800,800,800,799,800,799,2499,2500,2500,2499,2500,2499,800,800,5.263157844543457,5,0,0,0,0,0,10,0,0,0,0,0,0,5,0,188433.30438232422,228853.30584716797,0,404327403520,8589930496,5563772928,114688
9,1791580745899,2500,2500,800,800,800,799,800,799,2499,2500,2500,2499,2500,2499,800,800,5.263157844543457,5,0,0,0,0,0,10,0,0,0,0,0,0,5,0,188433.4598388672,228853.61645507813,0,404327403520,8589930496,5563772928,114688
9,1791580745909,2500,2500,800,800,800,799,800,799,2499,2500,2500,2499,2500,2499,800,800,5.263157844543457,5,0,0,0,0,0,10,0,0,0,0,0,0,5,0,188433.6185913086,228853.93072509766,0,404327403520,8589930496,5563772928,114688
9,1791580745920,2500,2500,800,800,800,799,800,799,2499,2500,2500,2499,2500,2499,800,800,5.263157844543457,5,0,0,0,0,0,5.555555820465088,5,0,5,0,0,0,0,0,188433.77752685547,228854.24334716797,0,404327403520,8589930496,5563772928,114688
9,1791580745930,2500,2500,800,800,800,799,800,799,2499,2500,2500,2499,2500,2499,800,800,5.263157844543457,5,0,0,0,0,0,5.555555820465088,5,0,5,0,0,0,0,0,188433.93572998047,228854.5596923828,0,404327403520,8589930496,5563772928,114688
10,1791580745940,2500,2500,800,800,800,799,800,799,2499,2500,2500,2499,2500,2499,800,800,5.263157844543457,5,0,0,0,0,0,5.555555820465088,5,0,5,0,0,0,0,0,188434.0908203125,228854.87158203125,0,404327403520,8589930496,5563772928,114688
10,1791580745950,2500,2500,800,800,800,799,800,799,2499,2500,2500,2499,2500,2499,800,800,5.263157844543457,5,0,0,0,0,0,5.555555820465088,5,0,5,0,0,0,0,0,188434.24780273438,228855.18408203125,0,404327403520,8589930496,5563772928,114688
9,1791580745960,2500,2500,800,800,800,799,800,799,2499,2500,2500,2499,2500,2499,800,800,5.263157844543457,5,0,0,0,0,0,5.555555820465088,5,0,5,0,0,0,0,0,188434.4041748047,228855.49542236328,0,404327403520,8589930496,5563772928,114688
9,1791580745970,2500,2500,800,800,800,799,800,799,2499,2500,2500,2499,2500,2499,800,800,5.263157844543457,5,0,0,0,0,0,5.555555820465088,5,0,5,0,0,0,0,0,188434.56182861328,228855.8139038086,0,404327403520,8589930496,5563772928,114688
9,1791580745980,2500,2500,800,800,800,799,800,799,2499,2500,2500,2499,2500,2499,800,800,5.263157844543457,5,0,0,0,0,0,5.555555820465088,5,0,5,0,0,0,0,0,188434.71911621094,228856.12982177734,0,404327403520,8589930496,5563772928,114688
9,1791580745990,2500,2500,800,800,800,799,800,799,2499,2500,2500,2499,2500,2499,800,800,5.263157844543457,5,0,0,0,0,0,5.555555820465088,5,0,5,0,0,0,0,0,188434.8739013672,228856.44580078125,0,404327403520,8589930496,5563772928,114688
9,1791580746000,2500,2500,800,800,800,799,800,799,2499,2500,2500,2499,2500,2499,800,800,5.263157844543457,5,0,0,0,0,0,5.555555820465088,5,0,5,0,0,0,0,0,188435.03100585938,228856.76141357422,0,404327403520,8589930496,5563772928,114688
10,1791580746010,2500,2500,800,800,800,799,800,799,2499,2500,2500,2499,2500,2499,800,800,5.263157844543457,5,0,0,0,0,0,5.555555820465088,5,0,5,0,0,0,0,0,188435.18334960938,228857.07495117188,0,404327403520,8589930496,5563772928,114688
9,1791580746020,2500,2500,800,800,800,799,800,799,2499,2500,2500,2499,2500,2499,800,800,5.263157844543457,5,0,0,0,0,0,5.555555820465088,5,0,5,0,0,0,0,0,188435.34887695313,228857.4228515625,0,404327403520,8589930496,5563772928,114688
9,1791580746030,2500,2500,800,800,800,799,800,799,2499,2500,2500,2499,2500,2499,800,800,5.263157844543457,5,0,0,0,0,0,5.555555820465088,5,0,5,0,0,0,0,0,188435.50231933594,228857.7423095703,0,404327403520,8589930496,5563772928,114688
9,1791580746040,2500,2500,800,800,800,799,800,799,2499,2500,2500,2499,2500,2499,800,800,5.263157844543457,5,0,0,0,0,0,5.555555820465088,5,0,5,0,0,0,0,0,188435.65338134766,228858.06170654297,0,404327403520,8589930496,5563772928,114688
9,1791580746050,2500,2500,800,800,800,799,800,799,2499,2500,2500,2499,2500,2499,800,800,5.263157844543457,5,0,0,0,0,0,5.555555820465088,5,0,5,0,0,0,0,0,188435.80462646484,228858.37475585938,0,404327403520,8589930496,5563772928,114688
9,1791580746061,2500,2500,800,800,800,799,800,799,2499,2500,2500,2499,2500,2499,800,800,5.263157844543457,5,0,0,0,0,0,5.555555820465088,5,0,5,0,0,0,0,0,188435.96630859375,228858.6922607422,0,404327403520,8589930496,5563772928,114688
10,1791580746071,2500,2500,800,800,800,799,800,799,2499,2500,2500,2499,2500,2499,800,800,5.263157844543457,5,0,0,0,0,0,5.555555820465088,5,0,5,0,0,0,0,0,188436.1224975586,228859.01147460938,0,404327403520,8589930496,5563772928,114688
9,1791580746081,2500,2500,800,800,800,799,800,799,2499,2500,2500,2499,2500,2499,800,800,5.263157844543457,5,0,0,0,0,0,5.555555820465088,5,0,5,0,0,0,0,0,188436.27978515625,228859.3262939453,0,404327403520,8589930496,5563772928,114688
10,1791580746091,2500,2500,800,800,800,799,800,799,2499,2500,2500,2499,2500,2499,800,800,5.263157844543457,5,0,0,0,0,0,5.555555820465088,5,0,5,0,0,0,0,0,188436.43780517578,228859.64196777344,0,404327403520,8589930496,5554741248,114688
9,1791580746101,2500,2500,800,800,800,799,800,799,2499,2500,2500,2499,2500,2499,800,800,5.263157844543457,5,0,0,0,0,0,5.555555820465088,5,0,5,0,0,0,0,0,188436.5961303711,228859.9564819336,0,404327403520,8589930496,5554741248,114688
9,1791580746111,2500,2500,800,800,800,799,800,799,2499,2500,2500,2499,2500,2499,800,800,5.263157844543457,5,0,0,0,0,0,5.555555820465088,5,0,5,0,0,0,0,0,188436.75286865234,228860.27416992188,0,404327403520,8589930496,5554741248,114688
9,1791580746121,2500,2500,800,800,800,799,800,799,2499,2500,2500,2499,2500,2499,800,800,0,0,0,0,0,0,0,10,5,0,0,0,0,0,0,0,188436.90686035156,228860.59002685547,0,404327403520,8589930496,5554741248,114688
9,1791580746131,2500,2500,800,800,800,799,800,799,2499,2500,2500,2499,2500,2499,800,800,0,0,0,0,0,0,0,10,5,0,0,0,0,0,0,0,188437.06451416016,228860.90460205078,0,404327403520,8589930496,5554741248,114688
9,1791580746141,2500,2500,800,800,800,799,800,799,2499,2500,2500,2499,2500,2499,800,800,0,0,0,0,0,0,0,10,5,0,0,0,0,0,0,0,188437.2236328125,228861.21704101563,0,404327403520,8589930496,5554741248,114688
9,1791580746151,2500,2500,800,800,800,799,800,799,2499,2500,2500,2499,2500,2499,800,800,0,0,0,0,0,0,0,10,5,0,0,0,0,0,0,0,188437.37670898438,228861.533203125,0,404327403520,8589930496,5553950720,114688
10,1791580746161,2500,2500,800,800,800,799,800,799,2499,2500,2500,2499,2500,2499,800,800,0,0,0,0,0,0,0,10,5,0,0,0,0,0,0,0,188437.53479003906,228861.8468017578,0,404327403520,8589930496,5553950720,114688
9,1791580746171,2500,2500,800,800,800,799,800,799,2499,2500,2500,2499,2500,2499,800,800,0,0,0,0,0,0,0,10,5,0,0,0,0,0,0,0,188437.7109375,228862.19537353516,0,404327403520,8589930496,5553950720,114688
9,1791580746181,2500,2500,800,800,800,799,800,799,2499,2500,2500,2499,2500,2499,800,800,0,0,0,0,0,0,0,10,5,0,0,0,0,0,0,0,188437.8680419922,228862.51153564453,0,404327403520,8589930496,5553950720,114688
9,1791580746191,2500,2500,800,800,800,799,800,799,2499,2500,2500,2499,2500,2499,800,800,0,0,0,0,0,0,0,10,5,0,0,0,0,0,0,0,188438.0092163086,228862.79412841797,0,404327403520,8589930496,5553950720,114688
9,1791580746202,2500,2500,800,800,800,799,800,799,2499,2500,2500,2499,2500,2499,800,800,0,0,0,0,0,0,0,10,5,0,0,0,0,0,0,0,188438.18188476563,228863.13690185547,0,404327403520,8589930496,5553950720,114688
10,1791580746212,2500,2500,800,800,800,799,800,799,2499,2500,2500,2499,2500,2499,800,800,0,0,0,0,0,0,0,10,5,0,0,0,0,0,0,0,188438.3338623047,228863.44854736328,0,404327403520,8589930496,5553950720,114688
9,1791580746222,2500,2500,800,800,800,799,800,799,2499,2500,2500,2499,2500,2499,800,800,0,0,0,0,0,0,0,10,5,0,0,0,0,0,0,0,188438.49450683594,228863.7646484375,0,404327403520,8589930496,5553950720,114688
9,1791580746232,2500,2500,800,800,800,799,800,799,2499,2500,2500,2499,2500,2499,800,800,0,0,0,0,0,0,0,10,5,0,0,0,0,0,0,0,188438.6534423828,228864.07983398438,0,404327403520,8589930496,5553950720,114688
9,1791580746242,2500,2500,800,800,800,799,800,799,2499,2500,2500,2499,2500,2499,800,800,0,0,0,0,0,0,0,10,5,0,0,0,0,0,0,0,188438.81311035156,228864.3914794922,0,404327403520,8589930496,5553950720,114688
10,1791580746252,2500,2500,800,800,800,799,800,799,2499,2500,2500,2499,2500,2499,800,800,0,0,0,0,0,0,0,10,5,0,0,0,0,0,0,0,188438.96856689453,228864.70928955078,0,404327403520,8589930496,5553950720,114688
9,1791580746262,2500,2500,800,800,800,799,800,799,2499,2500,2500,2499,2500,2499,800,800,0,0,0,0,0,0,0,10,5,0,0,0,0,0,0,0,188439.12475585938,228865.02154541016,0,404327403520,8589930496,5553950720,114688
9,1791580746272,2500,2500,800,800,800,799,800,799,2499,2500,2500,2499,2500,2499,800,800,0,0,0,0,0,0,0,10,5,0,0,0,0,0,0,0,188439.2822265625,228865.33892822266,0,404327403520,8589930496,5553950720,114688
9,1791580746282,2500,2500,800,800,800,799,800,799,2499,2500,2500,2499,2500,2499,800,800,0,0,0,0,0,0,0,10,5,0,0,0,0,0,0,0,188439.43920898438,228865.6502685547,0,404327403520,8589930496,5553950720,114688
9,1791580746292,2500,2500,800,800,800,799,800,799,2499,2500,2500,2499,2500,2499,800,800,0,0,0,0,0,0,0,10,5,0,0,0,0,0,0,0,188439.5948486328,228865.96710205078,0,404327403520,8589930496,5553950720,114688
9,1791580746302,2500,2500,800,800,800,799,800,799,2499,2500,2500,2499,2500,2499,800,800,0,0,0,0,0,0,0,10,5,0,0,0,0,0,0,0,188439.7508544922,228866.28198242188,0,404327403520,8589930496,5553950720,114688
10,1791580746312,2500,2500,800,800,800,799,800,799,2499,2500,2500,2499,2500,2499,800,800,0,0,0,0,0,0,0,10,5,0,0,0,0,0,0,0,188439.90850830078,228866.5962524414,0,404327403520,8589930496,5553950720,114688
10,1791580746322,2500,2500,800,800,800,799,800,799,2499,2500,2500,2499,2500,2499,800,800,10,0,0,0,5,0,0,5.263157844543457,0,5,0,0,0,0,0,0,188440.06176757813,228866.90979003906,0,404327403520,8589930496,5553950720,114688
10,1791580746332,2500,2500,800,800,800,799,800,799,2499,2500,2500,2499,2500,2499,800,800,10,0,0,0,5,0,0,5.263157844543457,0,5,0,0,0,0,0,0,188440.21649169922,228867.2251586914,0,404327403520,8589930496,5553950720,114688
10,1791580746342,2500,2500,800,800,800,799,800,799,2499,2500,2500,2499,2500,2499,800,800,10,0,0,0,5,0,0,5.263157844543457,0,5,0,0,0,0,0,0,188440.37158203125,228867.54034423828,0,404327403520,8589930496,5553950720,114688
10,1791580746352,2500,2500,800,800,800,799,800,799,2499,2500,2500,2499,2500,2499,800,800,10,0,0,0,5,0,0,5.263157844543457,0,5,0,0,0,0,0,0,188440.52868652344,228867.85540771484,0,404327403520,8589930496,5553950720,114688
9,1791580746363,2500,2500,800,800,800,799,800,799,2499,2500,2500,2499,2500,2499,800,800,10,0,0,0,5,0,0,5.263157844543457,0,5,0,0,0,0,0,0,188440.6982421875,228868.2055053711,0,404327403520,8589930496,5553950720,114688
9,1791580746373,2500,2500,800,800,800,799,800,799,2499,2500,2500,2499,2500,2499,800,800,10,0,0,0,5,0,0,5.263157844543457,0,5,0,0,0,0,0,0,188440.85516357422,228868.51397705078,0,404327403520,8589930496,5553950720,114688
9,1791580746383,2500,2500,800,800,800,799,800,799,2499,2500,2500,2499,2500,2499,800,800,10,0,0,0,5,0,0,5.263157844543457,0,5,0,0,0,0,0,0,188440.9912109375,228868.79370117188,0,404327403520,8589930496,5553950720,114688
9,1791580746393,2500,2500,800,800,800,799,800,799,2499,2500,2500,2499,2500,2499,800,800,10,0,0,0,5,0,0,5.263157844543457,0,5,0,0,0,0,0,0,188441.16131591797,228869.13891601563,0,404327403520,8589930496,5553950720,114688
9,1791580746403,2500,2500,800,800,800,799,800,799,2499,2500,2500,2499,2500,2499,800,800,10,0,0,0,5,0,0,5.263157844543457,0,5,0,0,0,0,0,0,188441.31713867188,228869.453125,0,404327403520,8589930496,5553950720,114688
9,1791580746413,2500,2500,800,800,800,799,800,799,2499,2500,2500,2499,2500,2499,800,800,10,0,0,0,5,0,0,5.263157844543457,0,5,0,0,0,0,0,0,188441.47442626953,228869.77014160156,0,404327403520,8589930496,5553950720,114688
9,1791580746423,2500,2500,800,800,800,799,800,799,2499,2500,2500,2499,2500,2499,800,800,10,0,0,0,5,0,0,5.263157844543457,0,5,0,0,0,0,0,0,188441.6293334961,228870.07843017578,0,404327403520,8589930496,5553950720,114688
9,1791580746433,2500,2500,800,800,800,799,800,799,2499,2500,2500,2499,2500,2499,800,800,10,0,0,0,5,0,0,5.263157844543457,0,5,0,0,0,0,0,0,188441.78576660156,228870.40234375,0,404327403520,8589930496,5553950720,114688
9,1791580746443,2500,2500,800,800,800,799,800,799,2499,2500,2500,2499,2500,2499,800,800,10,0,0,0,5,0,0,5.263157844543457,0,5,0,0,0,0,0,0,188441.94140625,228870.71099853516,0,404327403520,8589930496,5553950720,114688
9,1791580746453,2500,2500,800,800,800,799,800,799,2499,2500,2500,2499,2500,2499,800,800,10,0,0,0,5,0,0,5.263157844543457,0,5,0,0,0,0,0,0,188442.0985107422,228871.02770996094,0,404327403520,8589930496,5553950720,114688
9,1791580746463,2500,2500,800,800,800,799,800,799,2499,2500,2500,2499,2500,2499,800,800,10,0,0,0,5,0,0,5.263157844543457,0,5,0,0,0,0,0,0,188442.24969482422,228871.3419189453,0,404327403520,8589930496,5553950720,114688
9,1791580746473,2500,2500,800,800,800,799,800,799,2499,2500,2500,2499,2500,2499,800,800,10,0,0,0,5,0,0,5.263157844543457,0,5,0,0,0,0,0,0,188442.4097290039,228871.6567993164,0,404327403520,8589930496,5553950720,114688
9,1791580746483,2500,2500,800,800,800,799,800,799,2499,2500,2500,2499,2500,2499,800,800,10,0,0,0,5,0,0,5.263157844543457,0,5,0,0,0,0,0,0,188442.5662841797,228871.97192382813,0,404327403520,8589930496,5553950720,114688
9,1791580746494,2500,2500,800,800,800,799,800,799,2499,2500,2500,2499,2500,2499,800,800,10,0,0,0,5,0,0,5.263157844543457,0,5,0,0,0,0,0,0,188442.72259521484,228872.28869628906,0,404327403520,8589930496,5553950720,114688
9,1791580746504,2500,2500,800,800,800,799,800,799,2499,2500,2500,2499,2500,2499,800,800,10,0,0,0,5,0,0,5.263157844543457,0,5,0,0,0,0,0,0,188442.8804321289,228872.6029663086,0,404327403520,8589930496,5553950720,114688
9,1791580746514,2500,2500,800,800,800,799,800,799,2499,2500,2500,2499,2500,2499,800,800,10,0,0,0,5,0,0,5.263157844543457,0,5,0,0,0,0,0,0,188443.03497314453,228872.91607666016,0,404327403520,8589930496,5553950720,114688
9,1791580746524,2500,2500,800,800,800,799,800,799,2499,2500,2500,2499,2500,2499,800,800,5.263157844543457,0,0,0,0,0,5,0,0,0,0,0,0,0,0,0,188443.18872070313,228873.23559570313,0,404327403520,8589930496,5553950720,114688
9,1791580746534,2500,2500,800,800,800,799,800,799,2499,2500,2500,2499,2500,2499,800,800,5.263157844543457,0,0,0,0,0,5,0,0,0,0,0,0,0,0,0,188443.35522460938,228873.58569335938,0,404327403520,8589930496,5553950720,114688
9,1791580746544,2500,2500,800,800,800,799,800,799,2499,2500,2500,2499,2500,2499,800,800,5.263157844543457,0,0,0,0,0,5,0,0,0,0,0,0,0,0,0,188443.5092163086,228873.90203857422,0,404327403520,8589930496,5553950720,114688
9,1791580746554,2500,2500,800,800,800,799,800,799,2499,2500,2500,2499,2500,2499,800,800,5.263157844543457,0,0,0,0,0,5,0,0,0,0,0,0,0,0,0,188443.6602783203,228874.21899414063,0,404327403520,8589930496,5553950720,114688
10,1791580746564,2500,2500,800,800,800,799,800,799,2499,2500,2500,2499,2500,2499,800,800,5.263157844543457,0,0,0,0,0,5,0,0,0,0,0,0,0,0,0,188443.81079101563,228874.53967285156,0,404327403520,8589930496,5553950720,114688
9,1791580746574,2500,2500,800,800,800,799,800,799,2499,2500,2500,2499,2500,2499,800,800,5.263157844543457,0,0,0,0,0,5,0,0,0,0,0,0,0,0,0,188443.96350097656,228874.85284423828,0,404327403520,8589930496,5553950720,114688
9,1791580746584,2500,2500,800,800,800,799,800,799,2499,2500,2500,2499,2500,2499,800,800,5.263157844543457,0,0,0,0,0,5,0,0,0,0,0,0,0,0,0,188444.11346435547,228875.16888427734,0,404327403520,8589930496,5553950720,114688
10,1791580746594,2500,2500,800,800,800,799,800,799,2499,2500,2500,2499,2500,2499,800,800,5.263157844543457,0,0,0,0,0,5,0,0,0,0,0,0,0,0,0,188444.26489257813,228875.48803710938,0,404327403520,8589930496,5553950720,114688
9,1791580746604,2500,2500,800,800,800,799,800,799,2499,2500,2500,2499,2500,2499,800,800,5.263157844543457,0,0,0,0,0,5,0,0,0,0,0,0,0,0,0,188444.4168701172,228875.80950927734,0,404327403520,8589930496,5553950720,114688
10,1791580746614,2500,2500,800,800,800,799,800,799,2499,2500,2500,2499,2500,2499,800,800,5.263157844543457,0,0,0,0,0,5,0,0,0,0,0,0,0,0,0,188444.57232666016,228876.12341308594,0,404327403520,8589930496,5553950720,114688
9,1791580746625,2500,2500,800,800,800,799,800,799,2499,2500,2500,2499,2500,2499,800,800,5.263157844543457,0,0,0,0,0,5,0,0,0,0,0,0,0,0,0,188444.7244873047,228876.44073486328,0,404327403520,8589930496,5553950720,114688
9,1791580746635,2500,2500,800,800,800,799,800,799,2499,2500,2500,2499,2500,2499,800,800,5.263157844543457,0,0,0,0,0,5,0,0,0,0,0,0,0,0,0,188444.87536621094,228876.7554321289,0,404327403520,8589930496,5553950720,114688
10,1791580746645,2500,2500,800,800,800,799,800,799,2499,2500,2500,2499,2500,2499,800,800,5.263157844543457,0,0,0,0,0,5,0,0,0,0,0,0,0,0,0,188445.0255126953,228877.06665039063,0,404327403520,8589930496,5553950720,114688
9,1791580746655,2500,2500,800,800,800,799,800,799,2499,2500,2500,2499,2500,2499,800,800,5.263157844543457,0,0,0,0,0,5,0,0,0,0,0,0,0,0,0,188445.1802368164,228877.38024902344,0,404327403520,8589930496,5553950720,114688
9,1791580746665,2500,2500,800,800,800,799,800,799,2499,2500,2500,2499,2500,2499,800,800,5.263157844543457,0,0,0,0,0,5,0,0,0,0,0,0,0,0,0,188445.3514404297,228877.7255859375,0,404327403520,8589930496,5553950720,114688
9,1791580746675,2500,2500,800,800,800,799,800,799,2499,2500,2500,2499,2500,2499,800,800,5.263157844543457,0,0,0,0,0,5,0,0,0,0,0,0,0,0,0,188445.5037841797,228878.04174804688,0,404327403520,8589930496,5553950720,114688
9,1791580746685,2500,2500,800,800,800,799,800,799,2499,2500,2500,2499,2500,2499,800,800,5.263157844543457,0,0,0,0,0,5,0,0,0,0,0,0,0,0,0,188445.66033935547,228878.36041259766,0,404327403520,8589930496,5553950720,114688
10,1791580746695,2500,2500,800,800,800,799,800,799,2499,2500,2500,2499,2500,2499,800,800,5.263157844543457,0,0,0,0,0,5,0,0,0,0,0,0,0,0,0,188445.8130493164,228878.67260742188,0,404327403520,8589930496,5553950720,114688
9,1791580746705,2500,2500,800,800,800,799,800,799,2499,2500,2500,2499,2500,2499,800,800,5.263157844543457,0,0,0,0,0,5,0,0,0,0,0,0,0,0,0,188445.96795654297,228878.9910888672,0,404327403520,8589930496,5553950720,114688
9,1791580746715,2500,2500,800,800,800,799,800,799,2499,2500,2500,2499,2500,2499,800,800,5.263157844543457,0,0,0,0,0,5,0,0,0,0,0,0,0,0,0,188446.12048339844,228879.3084716797,0,404327403520,8589930496,5553950720,114688
10,1791580746725,2500,2500,800,800,800,799,800,799,2499,2500,2500,2499,2500,2499,800,800,5,5,0,0,0,0,0,10.526315689086914,0,0,0,5,0,0,9.523809432983398,0,188446.2738647461,228879.62689208984,0,404327403520,8589930496,5553950720,114688
10,1791580746735,2500,2500,800,800,800,799,800,799,2499,2500,2500,2499,2500,2499,800,800,5,5,0,0,0,0,0,10.526315689086914,0,0,0,5,0,0,9.523809432983398,0,188446.42578125,228879.94848632813,0,404327403520,8589930496,5553950720,114688
10,1791580746745,2500,2500,800,800,800,799,800,799,2499,2500,2500,2499,2500,2499,800,800,5,5,0,0,0,0,0,10.526315689086914,0,0,0,5,0,0,9.523809432983398,0,188446.58068847656,228880.2632446289,0,404327403520,8589930496,5553950720,114688
10,1791580746755,2500,2500,800,800,800,799,800,799,2499,2500,2500,2499,2500,2499,800,800,5,5,0,0,0,0,0,10.526315689086914,0,0,0,5,0,0,9.523809432983398,0,188446.7339477539,228880.5795288086,0,404327403520,8589930496,5553950720,114688
9,1791580746765,2500,2500,800,800,800,799,800,799,2499,2500,2500,2499,2500,2499,800,800,5,5,0,0,0,0,0,10.526315689086914,0,0,0,5,0,0,9.523809432983398,0,188446.88928222656,228880.89276123047,0,404327403520,8589930496,5553950720,114688
9,1791580746776,2500,2500,800,800,800,799,800,799,2499,2500,2500,2499,2500,2499,800,800,5,5,0,0,0,0,0,10.526315689086914,0,0,0,5,0,0,9.523809432983398,0,188447.04119873047,228881.18072509766,0,404327403520,8589930496,5553950720,114688
9,1791580746786,2500,2500,800,800,800,799,800,799,2499,2500,2500,2499,2500,2499,800,800,5,5,0,0,0,0,0,10.526315689086914,0,0,0,5,0,0,9.523809432983398,0,188447.1951904297,228881.53204345703,0,404327403520,8589930496,5553950720,114688
10,1791580746796,2500,2500,800,800,800,799,800,799,2499,2500,2500,2499,2500,2499,800,800,5,5,0,0,0,0,0,10.526315689086914,0,0,0,5,0,0,9.523809432983398,0,188447.35083007813,228881.84649658203,0,404327403520,8589930496,5553950720,114688
9,1791580746806,2500,2500,800,800,800,799,800,799,2499,2500,2500,2499,2500,2499,800,800,5,5,0,0,0,0,0,10.526315689086914,0,0,0,5,0,0,9.523809432983398,0,188447.50244140625,228882.1688232422,0,404327403520,8589930496,5553950720,114688
10,1791580746816,2500,2500,800,800,800,799,800,799,2499,2500,2500,2499,2500,2499,800,800,5,5,0,0,0,0,0,10.526315689086914,0,0,0,5,0,0,9.523809432983398,0,188447.66082763672,228882.48400878906,0,404327403520,8589930496,5553950720,114688
9,1791580746826,2500,2500,800,800,800,799,800,799,2499,2500,2500,2499,2500,2499,800,800,5,5,0,0,0,0,0,10.526315689086914,0,0,0,5,0,0,9.523809432983398,0,188447.80859375,228882.8081665039,0,404327403520,8589930496,5553950720,114688
9,1791580746836,2500,2500,800,800,800,799,800,799,2499,2500,2500,2499,2500,2499,800,800,5,5,0,0,0,0,0,10.526315689086914,0,0,0,5,0,0,9.523809432983398,0,188447.96118164063,228883.12963867188,0,404327403520,8589930496,5553950720,114688
9,1791580746846,2500,2500,800,800,800,799,800,799,2499,2500,2500,2499,2500,2499,800,800,5,5,0,0,0,0,0,10.526315689086914,0,0,0,5,0,0,9.523809432983398,0,188448.1107788086,228883.4458618164,0,404327403520,8589930496,5553950720,114688
10,1791580746856,2500,2500,800,800,800,799,800,799,2499,2500,2500,2499,2500,2499,800,800,5,5,0,0,0,0,0,10.526315689086914,0,0,0,5,0,0,9.523809432983398,0,188448.26818847656,228883.76593017578,0,404327403520,8589930496,5553950720,114688
9,1791580746866,2500,2500,800,800,800,799,800,799,2499,2500,2500,2499,2500,2499,800,800,5,5,0,0,0,0,0,10.526315689086914,0,0,0,5,0,0,9.523809432983398,0,188448.43811035156,228884.1173095703,0,404327403520,8589930496,5553950720,114688
9,1791580746876,2500,2500,800,800,800,799,800,799,2499,2500,2500,2499,2500,2499,800,800,5,5,0,0,0,0,0,10.526315689086914,0,0,0,5,0,0,9.523809432983398,0,188448.59210205078,228884.43426513672,0,404327403520,8589930496,5553950720,114688
9,1791580746886,2500,2500,800,800,800,799,800,799,2499,2500,2500,2499,2500,2499,800,800,5,5,0,0,0,0,0,10.526315689086914,0,0,0,5,0,0,9.523809432983398,0,188448.74627685547,228884.7514038086,0,404327403520,8589930496,5553950720,114688
9,1791580746896,2500,2500,800,800,800,799,800,799,2499,2500,2500,2499,2500,2499,800,800,5,5,0,0,0,0,0,10.526315689086914,0,0,0,5,0,0,9.523809432983398,0,188448.89715576172,228885.06866455078,0,404327403520,8589930496,5553950720,114688
9,1791580746907,2500,2500,800,800,800,799,800,799,2499,2500,2500,2499,2500,2499,800,800,5,5,0,0,0,0,0,10.526315689086914,0,0,0,5,0,0,9.523809432983398,0,188449.0531616211,228885.38842773438,0,404327403520,8589930496,5553950720,114688
9,1791580746916,2500,2500,800,800,800,799,800,799,2499,2500,2500,2499,2500,2499,800,800,5,5,0,0,0,0,0,10.526315689086914,0,0,0,5,0,0,9.523809432983398,0,188449.19982910156,228885.7080078125,0,404327403520,8589930496,5553950720,114688
9,1791580746927,2500,2500,800,800,800,799,800,799,2499,2500,2500,2499,2500,2499,800,800,5.263157844543457,0,0,0,0,5,0,5.263157844543457,0,0,0,0,0,0,0,0,188449.35662841797,228886.03021240234,0,404327403520,8589930496,5553950720,114688
9,1791580746937,2500,2500,800,800,800,799,800,799,2499,2500,2500,2499,2500,2499,800,800,5.263157844543457,0,0,0,0,5,0,5.263157844543457,0,0,0,0,0,0,0,0,188449.5111694336,228886.349609375,0,404327403520,8589930496,5553950720,114688
9,1791580746947,2500,2500,800,800,800,799,800,799,2499,2500,2500,2499,2500,2499,800,800,5.263157844543457,0,0,0,0,5,0,5.263157844543457,0,0,0,0,0,0,0,0,188449.66876220703,228886.65942382813,0,404327403520,8589930496,5553950720,114688
9,1791580746957,2500,2500,800,800,800,799,800,799,2499,2500,2500,2499,2500,2499,800,800,5.263157844543457,0,0,0,0,5,0,5.263157844543457,0,0,0,0,0,0,0,0,188449.8212890625,228886.97924804688,0,404327403520,8589930496,5553950720,114688
9,1791580746967,2500,2500,800,800,800,799,800,799,2499,2500,2500,2499,2500,2499,800,800,5.263157844543457,0,0,0,0,5,0,5.263157844543457,0,0,0,0,0,0,0,0,188449.97436523438,228887.29626464844,0,404327403520,8589930496,5553950720,114688
9,1791580746977,2500,2500,800,800,800,799,800,799,2499,2500,2500,2499,2500,2499,800,800,5.263157844543457,0,0,0,0,5,0,5.263157844543457,0,0,0,0,0,0,0,0,188450.12725830078,228887.6146850586,0,404327403520,8589930496,5553950720,114688
9,1791580746987,2500,2500,800,800,800,799,800,799,2499,2500,2500,2499,2500,2499,800,800,5.263157844543457,0,0,0,0,5,0,5.263157844543457,0,0,0,0,0,0,0,0,188450.2841796875,228887.9344482422,0,404327403520,8589930496,5553950720,114688
9,1791580746997,2500,2500,800,800,800,799,800,799,2499,2500,2500,2499,2500,2499,800,800,5.263157844543457,0,0,0,0,5,0,5.263157844543457,0,0,0,0,0,0,0,0,188450.4383544922,228888.21368408203,0,404327403520,8589930496,5553950720,114688
9,1791580747007,2500,2500,800,800,800,799,800,799,2499,2500,2500,2499,2500,2499,800,800,5.263157844543457,0,0,0,0,5,0,5.263157844543457,0,0,0,0,0,0,0,0,188450.5897216797,228888.56018066406,0,404327403520,8589930496,5553950720,114688
9,1791580747017,2500,2500,800,800,800,799,800,799,2499,2500,2500,2499,2500,2499,800,800,5.263157844543457,0,0,0,0,5,0,5.263157844543457,0,0,0,0,0,0,0,0,188450.7466430664,228888.87896728516,0,404327403520,8589930496,5553950720,114688
9,1791580747027,2500,2500,800,800,800,799,800,799,2499,2500,2500,2499,2500,2499,800,800,5.263157844543457,0,0,0,0,5,0,5.263157844543457,0,0,0,0,0,0,0,0,188450.91748046875,228889.22943115234,0,404327403520,8589930496,5553950720,114688
9,1791580747037,2500,2500,800,800,800,799,800,799,2499,2500,2500,2499,2500,2499,800,800,5.263157844543457,0,0,0,0,5,0,5.263157844543457,0,0,0,0,0,0,0,0,188451.07098388672,228889.5482788086,0,404327403520,8589930496,5553950720,114688
9,1791580747047,2500,2500,800,800,800,799,800,799,2499,2500,2500,2499,2500,2499,800,800,5.263157844543457,0,0,0,0,5,0,5.263157844543457,0,0,0,0,0,0,0,0,188451.21746826172,228889.8599243164,0,404327403520,8589930496,5553950720,114688
10,1791580747057,2500,2500,800,800,800,799,800,799,2499,2500,2500,2499,2500,2499,800,800,5.263157844543457,0,0,0,0,5,0,5.263157844543457,0,0,0,0,0,0,0,0,188451.3734741211,228890.1806640625,0,404327403520,8589930496,5553950720,114688
9,1791580747068,2500,2500,800,800,800,799,800,799,2499,2500,2500,2499,2500,2499,800,800,5.263157844543457,0,0,0,0,5,0,5.263157844543457,0,0,0,0,0,0,0,0,188451.52966308594,228890.49633789063,0,404327403520,8589930496,5553950720,114688
9,1791580747078,2500,2500,800,800,800,799,800,799,2499,2500,2500,2499,2500,2499,800,800,5.263157844543457,0,0,0,0,5,0,5.263157844543457,0,0,0,0,0,0,0,0,188451.68621826172,228890.81414794922,0,404327403520,8589930496,5553950720,114688
9,1791580747088,2500,2500,800,800,800,799,800,799,2499,2500,2500,2499,2500,2499,800,800,5.263157844543457,0,0,0,0,5,0,5.263157844543457,0,0,0,0,0,0,0,0,188451.84552001953,228891.13122558594,0,404327403520,8589930496,5553950720,114688
9,1791580747098,2500,2500,800,800,800,799,800,799,2499,2500,2500,2499,2500,2499,800,800,5.263157844543457,0,0,0,0,5,0,5.263157844543457,0,0,0,0,0,0,0,0,188452.00225830078,228891.44873046875,0,404327403520,8589930496,5553950720,114688
9,1791580747108,2500,2500,800,800,800,799,800,799,2499,2500,2500,2499,2500,2499,800,800,5.263157844543457,0,0,0,0,5,0,5.263157844543457,0,0,0,0,0,0,0,0,188452.15802001953,228891.7661743164,0,404327403520,8589930496,5553950720,114688
9,1791580747118,2500,2500,800,800,800,799,800,799,2499,2500,2500,2499,2500,2499,800,800,5.263157844543457,0,0,0,0,5,0,5.263157844543457,0,0,0,0,0,0,0,0,188452.31494140625,228892.08569335938,0,404327403520,8589930496,5545177088,114688
10,1791580747128,2500,2500,800,800,800,799,800,799,2499,2500,2500,2499,2500,2499,800,800,0,0,0,0,0,0,0,10,5,0,0,0,0,0,0,0,188452.46813964844,228892.40350341797,0,404327403520,8589930496,5545177088,114688
9,1791580747138,2500,2500,800,800,800,799,800,799,2499,2500,2500,2499,2500,2499,800,800,0,0,0,0,0,0,0,10,5,0,0,0,0,0,0,0,188452.62744140625,228892.72283935547,0,404327403520,8589930496,5545177088,114688
9,1791580747148,2500,2500,800,800,800,799,800,799,2499,2500,2500,2499,2500,2499,800,800,0,0,0,0,0,0,0,10,5,0,0,0,0,0,0,0,188452.78930664063,228893.03924560547,0,404327403520,8589930496,5545177088,114688
9,1791580747158,2500,2500,800,800,800,799,800,799,2499,2500,2500,2499,2500,2499,800,800,0,0,0,0,0,0,0,10,5,0,0,0,0,0,0,0,188452.94256591797,228893.3549194336,0,404327403520,8589930496,5545177088,114688
9,1791580747168,2500,2500,800,800,800,799,800,799,2499,2500,2500,2499,2500,2499,800,800,0,0,0,0,0,0,0,10,5,0,0,0,0,0,0,0,188453.09631347656,228893.67205810547,0,404327403520,8589930496,5545177088,114688
9,1791580747178,2500,2500,800,800,800,799,800,799,2499,2500,2500,2499,2500,2499,800,800,0,0,0,0,0,0,0,10,5,0,0,0,0,0,0,0,188453.25665283203,228893.99029541016,0,404327403520,8589930496,5545177088,114688
9,1791580747188,2500,2500,800,800,800,799,800,799,2499,2500,2500,2499,2500,2499,800,800,0,0,0,0,0,0,0,10,5,0,0,0,0,0,0,0,188453.4273071289,228894.33325195313,0,404327403520,8589930496,5545177088,114688
9,1791580747199,2500,2500,800,800,800,799,800,799,2499,2500,2500,2499,2500,2499,800,800,0,0,0,0,0,0,0,10,5,0,0,0,0,0,0,0,188453.57946777344,228894.6488647461,0,404327403520,8589930496,5545177088,114688
10,1791580747209,2500,2500,800,800,800,799,800,799,2499,2500,2500,2499,2500,2499,800,800,0,0,0,0,0,0,0,10,5,0,0,0,0,0,0,0,188453.7314453125,228894.96942138672,0,404327403520,8589930496,5545177088,114688
9,1791580747219,2500,2500,800,800,800,799,800,799,2499,2500,2500,2499,2500,2499,800,800,0,0,0,0,0,0,0,10,5,0,0,0,0,0,0,0,188453.88861083984,228895.28771972656,0,404327403520,8589930496,5545177088,114688
9,1791580747229,2500,2500,800,800,800,799,800,799,2499,2500,2500,2499,2500,2499,800,800,0,0,0,0,0,0,0,10,5,0,0,0,0,0,0,0,188454.0464477539,228895.6029663086,0,404327403520,8589930496,5545177088,114688
10,1791580747239,2500,2500,800,800,800,799,800,799,2499,2500,2500,2499,2500,2499,800,800,0,0,0,0,0,0,0,10,5,0,0,0,0,0,0,0,188454.2000732422,228895.91918945313,0,404327403520,8589930496,5545177088,114688
9,1791580747249,2500,2500,800,800,800,799,800,799,2499,2500,2500,2499,2500,2499,800,800,0,0,0,0,0,0,0,10,5,0,0,0,0,0,0,0,188454.35260009766,228896.22967529297,0,404327403520,8589930496,5545177088,114688
9,1791580747259,2500,2500,800,800,800,799,800,799,2499,2500,2500,2499,2500,2499,800,800,0,0,0,0,0,0,0,10,5,0,0,0,0,0,0,0,188454.50775146484,228896.54626464844,0,404327403520,8589930496,5545177088,114688
9,1791580747269,2500,2500,800,800,800,799,800,799,2499,2500,2500,2499,2500,2499,800,800,0,0,0,0,0,0,0,10,5,0,0,0,0,0,0,0,188454.6635131836,228896.8653564453,0,404327403520,8589930496,5545177088,114688
10,1791580747279,2500,2500,800,800,800,799,800,799,2499,2500,2500,2499,2500,2499,800,800,0,0,0,0,0,0,0,10,5,0,0,0,0,0,0,0,188454.8169555664,228897.1851196289,0,404327403520,8589930496,5545177088,114688
9,1791580747289,2500,2500,800,800,800,799,800,799,2499,2500,2500,2499,2500,2499,800,800,0,0,0,0,0,0,0,10,5,0,0,0,0,0,0,0,188454.97241210938,228897.50311279297,0,404327403520,8589930496,5545177088,114688
10,1791580747299,2500,2500,800,800,800,799,800,799,2499,2500,2500,2499,2500,2499,800,800,0,0,0,0,0,0,0,10,5,0,0,0,0,0,0,0,188455.12823486328,228897.81951904297,0,404327403520,8589930496,5545177088,114688
9,1791580747309,2500,2500,800,800,800,799,800,799,2499,2500,2500,2499,2500,2499,800,800,0,0,0,0,0,0,0,10,5,0,0,0,0,0,0,0,188455.27838134766,228898.13342285156,0,404327403520,8589930496,5545177088,114688
9,1791580747319,2500,2500,800,800,800,799,800,799,2499,2500,2500,2499,2500,2499,800,800,0,0,0,0,0,0,0,10,5,0,0,0,0,0,0,0,188455.4305419922,228898.45391845703,0,404327403520,8589930496,5545177088,114688
10,1791580747329,2500,2500,800,800,800,799,800,799,2499,2500,2500,2499,2500,2499,800,800,10,0,0,0,0,0,0,10.526315689086914,0,0,0,0,0,0,5,0,188455.58599853516,228898.7657470703,0,404327403520,8589930496,5545177088,114688
9,1791580747340,2500,2500,800,800,800,799,800,799,2499,2500,2500,2499,2500,2499,800,800,10,0,0,0,0,0,0,10.526315689086914,0,0,0,0,0,0,5,0,188455.7410888672,228899.08227539063,0,404327403520,8589930496,5545177088,114688
10,1791580747350,2500,2500,800,800,800,799,800,799,2499,2500,2500,2499,2500,2499,800,800,10,0,0,0,0,0,0,10.526315689086914,0,0,0,0,0,0,5,0,188455.900390625,228899.39678955078,0,404327403520,8589930496,5545177088,114688
10,1791580747360,2500,2500,800,800,800,799,800,799,2499,2500,2500,2499,2500,2499,800,800,10,0,0,0,0,0,0,10.526315689086914,0,0,0,0,0,0,5,0,188456.05181884766,228899.7081298828,0,404327403520,8589930496,5545177088,114688
9,1791580747370,2500,2500,800,800,800,799,800,799,2499,2500,2500,2499,2500,2499,800,800,10,0,0,0,0,0,0,10.526315689086914,0,0,0,0,0,0,5,0,188456.22247314453,228900.05346679688,0,404327403520,8589930496,5545177088,114688
9,1791580747380,2500,2500,800,800,800,799,800,799,2499,2500,2500,2499,2500,2499,800,800,10,0,0,0,0,0,0,10.526315689086914,0,0,0,0,0,0,5,0,188456.38220214844,228900.36846923828,0,404327403520,8589930496,5545177088,114688
9,1791580747390,2500,2500,800,800,800,799,800,799,2499,2500,2500,2499,2500,2499,800,800,10,0,0,0,0,0,0,10.526315689086914,0,0,0,0,0,0,5,0,188456.5362548828,228900.67950439453,0,404327403520,8589930496,5545177088,114688
9,1791580747400,2500,2500,800,800,800,799,800,799,2499,2500,2500,2499,2500,2499,800,800,10,0,0,0,0,0,0,10.526315689086914,0,0,0,0,0,0,5,0,188456.69299316406,228900.9976196289,0,404327403520,8589930496,5545177088,114688
9,1791580747410,2500,2500,800,800,800,799,800,799,2499,2500,2500,2499,2500,2499,800,800,10,0,0,0,0,0,0,10.526315689086914,0,0,0,0,0,0,5,0,188456.8486328125,228901.31048583984,0,404327403520,8589930496,5545177088,114688
9,1791580747420,2500,2500,800,800,800,799,800,799,2499,2500,2500,2499,2500,2499,800,800,10,0,0,0,0,0,0,10.526315689086914,0,0,0,0,0,0,5,0,188457.00518798828,228901.62536621094,0,404327403520,8589930496,5545177088,114688
9,1791580747430,2500,2500,800,800,800,799,800,799,2499,2500,2500,2499,2500,2499,800,800,10,0,0,0,0,0,0,10.526315689086914,0,0,0,0,0,0,5,0,188457.16137695313,228901.93682861328,0,404327403520,8589930496,5545177088,114688
9,1791580747440,2500,2500,800,800,800,799,800,799,2499,2500,2500,2499,2500,2499,800,800,10,0,0,0,0,0,0,10.526315689086914,0,0,0,0,0,0,5,0,188457.31353759766,228902.25714111328,0,404327403520,8589930496,5545177088,114688
9,1791580747450,2500,2500,800,800,800,799,800,799,2499,2500,2500,2499,2500,2499,800,800,10,0,0,0,0,0,0,10.526315689086914,0,0,0,0,0,0,5,0,188457.46844482422,228902.578125,0,404327403520,8589930496,5545177088,114688
9,1791580747460,2500,2500,800,800,800,799,800,799,2499,2500,2500,2499,2500,2499,800,800,10,0,0,0,0,0,0,10.526315689086914,0,0,0,0,0,0,5,0,188457.62866210938,228902.89483642578,0,404327403520,8589930496,5545177088,114688
9,1791580747470,2500,2500,800,800,800,799,800,799,2499,2500,2500,2499,2500,2499,800,800,10,0,0,0,0,0,0,10.526315689086914,0,0,0,0,0,0,5,0,188457.78173828125,228903.21844482422,0,404327403520,8589930496,5545177088,114688
9,1791580747481,2500,2500,800,800,800,799,800,799,2499,2500,2500,2499,2500,2499,800,800,10,0,0,0,0,0,0,10.526315689086914,0,0,0,0,0,0,5,0,188457.94140625,228903.53411865234,0,404327403520,8589930496,5545177088,114688
9,1791580747491,2500,2500,800,800,800,799,800,799,2499,2500,2500,2499,2500,2499,800,800,10,0,0,0,0,0,0,10.526315689086914,0,0,0,0,0,0,5,0,188458.09466552734,228903.8501586914,0,404327403520,8589930496,5545177088,114688
9,1791580747501,2500,2500,800,800,800,799,800,799,2499,2500,2500,2499,2500,2499,800,800,10,0,0,0,0,0,0,10.526315689086914,0,0,0,0,0,0,5,0,188458.2469482422,228904.16833496094,0,404327403520,8589930496,5545177088,114688
9,1791580747511,2500,2500,800,800,800,799,800,799,2499,2500,2500,2499,2500,2499,800,800,10,0,0,0,0,0,0,10.526315689086914,0,0,0,0,0,0,5,0,188458.40496826172,228904.48602294922,0,404327403520,8589930496,5545177088,114688
9,1791580747521,2500,2500,800,800,800,799,800,799,2499,2500,2500,2499,2500,2499,800,800,10,0,0,0,0,0,0,10.526315689086914,0,0,0,0,0,0,5,0,188458.5765991211,228904.83422851563,0,404327403520,8589930496,5545177088,114688
9,1791580747531,2500,2500,800,800,800,799,800,799,2499,2500,2500,2499,2500,2499,800,800,5.263157844543457,0,0,0,0,0,0,5.263157844543457,0,0,0,0,0,0,0,5,188458.73626708984,228905.15100097656,0,404327403520,8589930496,5545177088,114688
9,1791580747541,2500,2500,800,800,800,799,800,799,2499,2500,2500,2499,2500,2499,800,800,5.263157844543457,0,0,0,0,0,0,5.263157844543457,0,0,0,0,0,0,0,5,188458.89154052734,228905.4659423828,0,404327403520,8589930496,5545177088,114688
9,1791580747551,2500,2500,800,800,800,799,800,799,2499,2500,2500,2499,2500,2499,800,800,5.263157844543457,0,0,0,0,0,0,5.263157844543457,0,0,0,0,0,0,0,5,188459.04681396484,228905.7767944336,0,404327403520,8589930496,5545177088,114688
9,1791580747561,2500,2500,800,800,800,799,800,799,2499,2500,2500,2499,2500,2499,800,800,5.263157844543457,0,0,0,0,0,0,5.263157844543457,0,0,0,0,0,0,0,5,188459.20477294922,228906.0902709961,0,404327403520,8589930496,5545177088,114688
10,1791580747571,2500,2500,800,800,800,799,800,799,2499,2500,2500,2499,2500,2499,800,800,5.263157844543457,0,0,0,0,0,0,5.263157844543457,0,0,0,0,0,0,0,5,188459.3642578125,228906.4031982422,0,404327403520,8589930496,5545177088,114688
9,1791580747581,2500,2500,800,800,800,799,800,799,2499,2500,2500,2499,2500,2499,800,800,5.263157844543457,0,0,0,0,0,0,5.263157844543457,0,0,0,0,0,0,0,5,188459.52465820313,228906.71685791016,0,404327403520,8589930496,5545177088,114688
9,1791580747591,2500,2500,800,800,800,799,800,799,2499,2500,2500,2499,2500,2499,800,800,5.263157844543457,0,0,0,0,0,0,5.263157844543457,0,0,0,0,0,0,0,5,188459.68194580078,228907.0283203125,0,404327403520,8589930496,5545177088,114688
9,1791580747601,2500,2500,800,800,800,799,800,799,2499,2500,2500,2499,2500,2499,800,800,5.263157844543457,0,0,0,0,0,0,5.263157844543457,0,0,0,0,0,0,0,5,188459.83392333984,228907.34313964844,0,404327403520,8589930496,5545177088,114688
10,1791580747611,2500,2500,800,800,800,799,800,799,2499,2500,2500,2499,2500,2499,800,800,5.263157844543457,0,0,0,0,0,0,5.263157844543457,0,0,0,0,0,0,0,5,188459.98864746094,228907.65594482422,0,404327403520,8589930496,5545177088,114688
9,1791580747622,2500,2500,800,800,800,799,800,799,2499,2500,2500,2499,2500,2499,800,800,5.263157844543457,0,0,0,0,0,0,5.263157844543457,0,0,0,0,0,0,0,5,188460.14434814453,228907.96557617188,0,404327403520,8589930496,5545177088,114688
10,1791580747632,2500,2500,800,800,800,799,800,799,2499,2500,2500,2499,2500,2499,800,800,5.263157844543457,0,0,0,0,0,0,5.263157844543457,0,0,0,0,0,0,0,5,188460.30126953125,228908.27966308594,0,404327403520,8589930496,5545177088,114688
9,1791580747642,2500,2500,800,800,800,799,800,799,2499,2500,2500,2499,2500,2499,800,800,5.263157844543457,0,0,0,0,0,0,5.263157844543457,0,0,0,0,0,0,0,5,188460.45928955078,228908.5962524414,0,404327403520,8589930496,5545177088,114688
9,1791580747652,2500,2500,800,800,800,799,800,799,2499,2500,2500,2499,2500,2499,800,800,5.263157844543457,0,0,0,0,0,0,5.263157844543457,0,0,0,0,0,0,0,5,188460.6173095703,228908.90893554688,0,404327403520,8589930496,5545177088,114688
9,1791580747662,2500,2500,800,800,800,799,800,799,2499,2500,2500,2499,2500,2499,800,800,5.263157844543457,0,0,0,0,0,0,5.263157844543457,0,0,0,0,0,0,0,5,188460.77532958984,228909.22412109375,0,404327403520,8589930496,5545177088,114688
10,1791580747672,2500,2500,800,800,800,799,800,799,2499,2500,2500,2499,2500,2499,800,800,5.263157844543457,0,0,0,0,0,0,5.263157844543457,0,0,0,0,0,0,0,5,188460.9326171875,228909.5350341797,0,404327403520,8589930496,5545177088,114688
9,1791580747682,2500,2500,800,800,800,799,800,799,2499,2500,2500,2499,2500,2499,800,800,5.263157844543457,0,0,0,0,0,0,5.263157844543457,0,0,0,0,0,0,0,5,188461.10034179688,228909.88092041016,0,404327403520,8589930496,5545177088,114688
9,1791580747692,2500,2500,800,800,800,799,800,799,2499,2500,2500,2499,2500,2499,800,800,5.263157844543457,0,0,0,0,0,0,5.263157844543457,0,0,0,0,0,0,0,5,188461.25268554688,228910.1951904297,0,404327403520,8589930496,5545177088,114688
9,1791580747702,2500,2500,800,800,800,799,800,799,2499,2500,2500,2499,2500,2499,800,800,5.263157844543457,0,0,0,0,0,0,5.263157844543457,0,0,0,0,0,0,0,5,188461.3901977539,228910.5101928711,0,404327403520,8589930496,5545177088,114688
10,1791580747712,2500,2500,800,800,800,799,800,799,2499,2500,2500,2499,2500,2499,800,800,5.263157844543457,0,0,0,0,0,0,5.263157844543457,0,0,0,0,0,0,0,5,188461.5630493164,228910.82843017578,0,404327403520,8589930496,5545177088,114688
9,1791580747722,2500,2500,800,800,800,799,800,799,2499,2500,2500,2499,2500,2499,800,800,5.263157844543457,0,0,0,0,0,0,5.263157844543457,0,0,0,0,0,0,0,5,188461.71905517578,228911.1435546875,0,404327403520,8589930496,5545177088,114688
10,1791580747732,2500,2500,800,800,800,799,800,799,2499,2500,2500,2499,2500,2499,800,800,5,5,0,0,0,0,0,10,0,0,0,0,0,0,0,0,188461.87670898438,228911.45770263672,0,404327403520,8589930496,5545177088,114688
9,1791580747742,2500,2500,800,800,800,799,800,799,2499,2500,2500,2499,2500,2499,800,800,5,5,0,0,0,0,0,10,0,0,0,0,0,0,0,0,188462.0327758789,228911.76690673828,0,404327403520,8589930496,5545177088,114688
9,1791580747752,2500,2500,800,800,800,799,800,799,2499,2500,2500,2499,2500,2499,800,800,5,5,0,0,0,0,0,10,0,0,0,0,0,0,0,0,188462.1909790039,228912.08435058594,0,404327403520,8589930496,5545177088,114688
9,1791580747763,2500,2500,800,800,800,799,800,799,2499,2500,2500,2499,2500,2499,800,800,5,5,0,0,0,0,0,10,0,0,0,0,0,0,0,0,188462.3427734375,228912.40002441406,0,404327403520,8589930496,5545177088,114688
9,1791580747773,2500,2500,800,800,800,799,800,799,2499,2500,2500,2499,2500,2499,800,800,5,5,0,0,0,0,0,10,0,0,0,0,0,0,0,0,188462.4969482422,228912.7163696289,0,404327403520,8589930496,5545177088,114688
9,1791580747783,2500,2500,800,800,800,799,800,799,2499,2500,2500,2499,2500,2499,800,800,5,5,0,0,0,0,0,10,0,0,0,0,0,0,0,0,188462.65368652344,228913.02947998047,0,404327403520,8589930496,5545177088,114688
9,1791580747793,2500,2500,800,800,800,799,800,799,2499,2500,2500,2499,2500,2499,800,800,5,5,0,0,0,0,0,10,0,0,0,0,0,0,0,0,188462.80975341797,228913.3451538086,0,404327403520,8589930496,5545177088,114688
9,1791580747803,2500,2500,800,800,800,799,800,799,2499,2500,2500,2499,2500,2499,800,800,5,5,0,0,0,0,0,10,0,0,0,0,0,0,0,0,188462.96520996094,228913.6557006836,0,404327403520,8589930496,5545177088,114688
9,1791580747813,2500,2500,800,800,800,799,800,799,2499,2500,2500,2499,2500,2499,800,800,5,5,0,0,0,0,0,10,0,0,0,0,0,0,0,0,188463.1190185547,228913.96618652344,0,404327403520,8589930496,5545177088,114688
9,1791580747823,2500,2500,800,800,800,799,800,799,2499,2500,2500,2499,2500,2499,800,800,5,5,0,0,0,0,0,10,0,0,0,0,0,0,0,0,188463.2781982422,228914.2813720703,0,404327403520,8589930496,5545177088,114688
10,1791580747833,2500,2500,800,800,800,799,800,799,2499,2500,2500,2499,2500,2499,800,800,5,5,0,0,0,0,0,10,0,0,0,0,0,0,0,0,188463.43585205078,228914.60021972656,0,404327403520,8589930496,5545177088,114688
9,1791580747843,2500,2500,800,800,800,799,800,799,2499,2500,2500,2499,2500,2499,800,800,5,5,0,0,0,0,0,10,0,0,0,0,0,0,0,0,188463.6123046875,228914.94720458984,0,404327403520,8589930496,5545177088,114688
9,1791580747853,2500,2500,800,800,800,799,800,799,2499,2500,2500,2499,2500,2499,800,800,5,5,0,0,0,0,0,10,0,0,0,0,0,0,0,0,188463.7681274414,228915.2598876953,0,404327403520,8589930496,5545177088,114688
10,1791580747863,2500,2500,800,800,800,799,800,799,2499,2500,2500,2499,2500,2499,800,800,5,5,0,0,0,0,0,10,0,0,0,0,0,0,0,0,188463.90802001953,228915.5379638672,0,404327403520,8589930496,5545177088,114688
10,1791580747873,2500,2500,800,800,800,799,800,799,2499,2500,2500,2499,2500,2499,800,800,5,5,0,0,0,0,0,10,0,0,0,0,0,0,0,0,188464.05834960938,228915.85455322266,0,404327403520,8589930496,5545177088,114688
9,1791580747883,2500,2500,800,800,800,799,800,799,2499,2500,2500,2499,2500,2499,800,800,5,5,0,0,0,0,0,10,0,0,0,0,0,0,0,0,188464.23211669922,228916.2025756836,0,404327403520,8589930496,5545177088,114688
10,1791580747893,2500,2500,800,800,800,799,800,799,2499,2500,2500,2499,2500,2499,800,800,5,5,0,0,0,0,0,10,0,0,0,0,0,0,0,0,188464.39013671875,228916.52026367188,0,404327403520,8589930496,5545177088,114688
10,1791580747903,2500,2500,800,800,800,799,800,799,2499,2500,2500,2499,2500,2499,800,800,5,5,0,0,0,0,0,10,0,0,0,0,0,0,0,0,188464.54174804688,228916.83361816406,0,404327403520,8589930496,5545177088,114688
10,1791580747913,2500,2500,800,800,800,799,800,799,2499,2500,2500,2499,2500,2499,800,800,5,5,0,0,0,0,0,10,0,0,0,0,0,0,0,0,188464.69915771484,228917.1466064453,0,404327403520,8589930496,5545177088,114688
9,1791580747924,2500,2500,800,800,800,799,800,799,2499,2500,2500,2499,2500,2499,800,800,5,5,0,0,0,0,0,10,0,0,0,0,0,0,0,0,188464.85333251953,228917.46185302734,0,404327403520,8589930496,5545177088,114688
9,1791580747934,2500,2500,800,800,800,799,800,799,2499,2500,2500,2499,2500,2499,800,800,5.263157844543457,0,0,0,0,0,0,5.555555820465088,5,5,0,0,0,5,0,0,188465.00952148438,228917.7733154297,0,404327403520,8589930496,5545177088,114688
9,1791580747944,2500,2500,800,800,800,799,800,799,2499,2500,2500,2499,2500,2499,800,800,5.263157844543457,0,0,0,0,0,0,5.555555820465088,5,5,0,0,0,5,0,0,188465.16827392578,228918.08673095703,0,404327403520,8589930496,5545177088,114688
9,1791580747954,2500,2500,800,800,800,799,800,799,2499,2500,2500,2499,2500,2499,800,800,5.263157844543457,0,0,0,0,0,0,5.555555820465088,5,5,0,0,0,5,0,0,188465.32720947266,228918.4038696289,0,404327403520,8589930496,5545177088,114688
9,1791580747964,2500,2500,800,800,800,799,800,799,2499,2500,2500,2499,2500,2499,800,800,5.263157844543457,0,0,0,0,0,0,5.555555820465088,5,5,0,0,0,5,0,0,188465.48596191406,228918.71923828125,0,404327403520,8589930496,5545177088,114688
9,1791580747974,2500,2500,800,800,800,799,800,799,2499,2500,2500,2499,2500,2499,800,800,5.263157844543457,0,0,0,0,0,0,5.555555820465088,5,5,0,0,0,5,0,0,188465.64379882813,228919.03314208984,0,404327403520,8589930496,5545177088,114688
9,1791580747984,2500,2500,800,800,800,799,800,799,2499,2500,2500,2499,2500,2499,800,800,5.263157844543457,0,0,0,0,0,0,5.555555820465088,5,5,0,0,0,5,0,0,188465.8009033203,228919.34375,0,404327403520,8589930496,5545177088,114688
9,1791580747994,2500,2500,800,800,800,799,800,799,2499,2500,2500,2499,2500,2499,800,800,5.263157844543457,0,0,0,0,0,0,5.555555820465088,5,5,0,0,0,5,0,0,188465.95727539063,228919.6552734375,0,404327403520,8589930496,5545177088,114688
9,1791580748004,2500,2500,800,800,800,799,800,799,2499,2500,2500,2499,2500,2499,800,800,5.263157844543457,0,0,0,0,0,0,5.555555820465088,5,5,0,0,0,5,0,0,188466.12646484375,228920.00659179688,0,404327403520,8589930496,5545177088,114688
9,1791580748014,2500,2500,800,800,800,799,800,799,2499,2500,2500,2499,2500,2499,800,800,5.263157844543457,0,0,0,0,0,0,5.555555820465088,5,5,0,0,0,5,0,0,188466.28063964844,228920.3270263672,0,404327403520,8589930496,5545177088,114688
9,1791580748024,2500,2500,800,800,800,799,800,799,2499,2500,2500,2499,2500,2499,800,800,5.263157844543457,0,0,0,0,0,0,5.555555820465088,5,5,0,0,0,5,0,0,188466.43811035156,228920.64764404297,0,404327403520,8589930496,5545177088,114688
9,1791580748034,2500,2500,800,800,800,799,800,799,2499,2500,2500,2499,2500,2499,800,800,5.263157844543457,0,0,0,0,0,0,5.555555820465088,5,5,0,0,0,5,0,0,188466.59521484375,228920.96502685547,0,404327403520,8589930496,5545177088,114688
10,1791580748044,2500,2500,800,800,800,799,800,799,2499,2500,2500,2499,2500,2499,800,800,5.263157844543457,0,0,0,0,0,0,5.555555820465088,5,5,0,0,0,5,0,0,188466.75103759766,228921.27667236328,0,404327403520,8589930496,5545177088,114688
9,1791580748055,2500,2500,800,800,800,799,800,799,2499,2500,2500,2499,2500,2499,800,800,5.263157844543457,0,0,0,0,0,0,5.555555820465088,5,5,0,0,0,5,0,0,188466.90887451172,228921.5922241211,0,404327403520,8589930496,5545177088,114688
9,1791580748065,2500,2500,800,800,800,799,800,799,2499,2500,2500,2499,2500,2499,800,800,5.263157844543457,0,0,0,0,0,0,5.555555820465088,5,5,0,0,0,5,0,0,188467.06085205078,228921.9122314453,0,404327403520,8589930496,5545177088,114688
9,1791580748075,2500,2500,800,800,800,799,800,799,2499,2500,2500,2499,2500,2499,800,800,5.263157844543457,0,0,0,0,0,0,5.555555820465088,5,5,0,0,0,5,0,0,188467.2166748047,228922.22729492188,0,404327403520,8589930496,5536661504,114688
9,1791580748085,2500,2500,800,800,800,799,800,799,2499,2500,2500,2499,2500,2499,800,800,5.263157844543457,0,0,0,0,0,0,5.555555820465088,5,5,0,0,0,5,0,0,188467.37438964844,228922.54760742188,0,404327403520,8589930496,5536661504,114688
9,1791580748095,2500,2500,800,800,800,799,800,799,2499,2500,2500,2499,2500,2499,800,800,5.263157844543457,0,0,0,0,0,0,5.555555820465088,5,5,0,0,0,5,0,0,188467.5239868164,228922.86151123047,0,404327403520,8589930496,5536661504,114688
9,1791580748105,2500,2500,800,800,800,799,800,799,2499,2500,2500,2499,2500,2499,800,800,5.263157844543457,0,0,0,0,0,0,5.555555820465088,5,5,0,0,0,5,0,0,188467.68017578125,228923.1704711914,0,404327403520,8589930496,5536661504,114688
9,1791580748115,2500,2500,800,800,800,799,800,799,2499,2500,2500,2499,2500,2499,800,800,5.263157844543457,0,0,0,0,0,0,5.555555820465088,5,5,0,0,0,5,0,0,188467.83209228516,228923.48419189453,0,404327403520,8589930496,5536661504,114688
9,1791580748125,2500,2500,800,800,800,799,800,799,2499,2500,2500,2499,2500,2499,800,800,5.263157844543457,0,0,0,0,0,0,5.555555820465088,5,5,0,0,0,5,0,0,188467.9901123047,228923.79809570313,0,404327403520,8589930496,5536661504,114688
9,1791580748135,2500,2500,800,800,800,799,800,799,2499,2500,2500,2499,2500,2499,800,800,0,0,0,0,0,0,5,10,0,0,5,0,0,0,0,0,188468.1640625,228924.14611816406,0,404327403520,8589930496,5536096256,114688
9,1791580748145,2500,2500,800,800,800,799,800,799,2499,2500,2500,2499,2500,2499,800,800,0,0,0,0,0,0,5,10,0,0,5,0,0,0,0,0,188468.30450439453,228924.4298095703,0,404327403520,8589930496,5535838208,114688
10,1791580748155,2500,2500,800,800,800,799,800,799,2499,2500,2500,2499,2500,2499,800,800,0,0,0,0,0,0,5,10,0,0,5,0,0,0,0,0,188468.46014404297,228924.7427368164,0,404327403520,8589930496,5535838208,114688
9,1791580748165,2500,2500,800,800,800,799,800,799,2499,2500,2500,2499,2500,2499,800,800,0,0,0,0,0,0,5,10,0,0,5,0,0,0,0,0,188468.61907958984,228925.05438232422,0,404327403520,8589930496,5535838208,114688
9,1791580748175,2500,2500,800,800,800,799,800,799,2499,2500,2500,2499,2500,2499,800,800,0,0,0,0,0,0,5,10,0,0,5,0,0,0,0,0,188468.77264404297,228925.3671875,0,404327403520,8589930496,5535838208,114688
9,1791580748185,2500,2500,800,800,800,799,800,799,2499,2500,2500,2499,2500,2499,800,800,0,0,0,0,0,0,5,10,0,0,5,0,0,0,0,0,188468.9288330078,228925.71002197266,0,404327403520,8589930496,5535838208,114688
9,1791580748195,2500,2500,800,800,800,799,800,799,2499,2500,2500,2499,2500,2499,800,800,0,0,0,0,0,0,5,10,0,0,5,0,0,0,0,0,188469.08465576172,228925.98748779297,0,404327403520,8589930496,5535838208,114688
9,1791580748206,2500,2500,800,800,800,799,800,799,2499,2500,2500,2499,2500,2499,800,800,0,0,0,0,0,0,5,10,0,0,5,0,0,0,0,0,188469.25408935547,228926.33471679688,0,404327403520,8589930496,5535838208,114688
10,1791580748216,2500,2500,800,800,800,799,800,799,2499,2500,2500,2499,2500,2499,800,800,0,0,0,0,0,0,5,10,0,0,5,0,0,0,0,0,188469.41119384766,228926.65466308594,0,404327403520,8589930496,5535838208,114688
10,1791580748226,2500,2500,800,800,800,799,800,799,2499,2500,2500,2499,2500,2499,800,800,0,0,0,0,0,0,5,10,0,0,5,0,0,0,0,0,188469.57012939453,228926.97088623047,0,404327403520,8589930496,5535838208,114688
10,1791580748236,2500,2500,800,800,800,799,800,799,2499,2500,2500,2499,2500,2499,800,800,0,0,0,0,0,0,5,10,0,0,5,0,0,0,0,0,188469.72576904297,228927.28546142578,0,404327403520,8589930496,5535838208,114688
9,1791580748246,2500,2500,800,800,800,799,800,799,2499,2500,2500,2499,2500,2499,800,800,0,0,0,0,0,0,5,10,0,0,5,0,0,0,0,0,188469.88177490234,228927.59729003906,0,404327403520,8589930496,5535838208,114688
9,1791580748256,2500,2500,800,800,800,799,800,799,2499,2500,2500,2499,2500,2499,800,800,0,0,0,0,0,0,5,10,0,0,5,0,0,0,0,0,188470.04034423828,228927.91021728516,0,404327403520,8589930496,5535838208,114688
9,1791580748266,2500,2500,800,800,800,799,800,799,2499,2500,2500,2499,2500,2499,800,800,0,0,0,0,0,0,5,10,0,0,5,0,0,0,0,0,188470.19287109375,228928.22161865234,0,404327403520,8589930496,5535838208,114688
9,1791580748276,2500,2500,800,800,800,799,800,799,2499,2500,2500,2499,2500,2499,800,800,0,0,0,0,0,0,5,10,0,0,5,0,0,0,0,0,188470.34704589844,228928.53247070313,0,404327403520,8589930496,5535838208,114688
10,1791580748286,2500,2500,800,800,800,799,800,799,2499,2500,2500,2499,2500,2499,800,800,0,0,0,0,0,0,5,10,0,0,5,0,0,0,0,0,188470.5059814453,228928.84020996094,0,404327403520,8589930496,5535838208,114688
9,1791580748296,2500,2500,800,800,800,799,800,799,2499,2500,2500,2499,2500,2499,800,800,0,0,0,0,0,0,5,10,0,0,5,0,0,0,0,0,188470.65692138672,228929.15106201172,0,404327403520,8589930496,5535838208,114688
9,1791580748306,2500,2500,800,800,800,799,800,799,2499,2500,2500,2499,2500,2499,800,800,0,0,0,0,0,0,5,10,0,0,5,0,0,0,0,0,188470.80926513672,228929.46087646484,0,404327403520,8589930496,5535838208,114688
9,1791580748316,2500,2500,800,800,800,799,800,799,2499,2500,2500,2499,2500,2499,800,800,0,0,0,0,0,0,5,10,0,0,5,0,0,0,0,0,188470.9617919922,228929.77770996094,0,404327403520,8589930496,5535838208,114688
9,1791580748326,2500,2500,800,800,800,799,800,799,2499,2500,2500,2499,2500,2499,800,800,0,0,0,0,0,0,5,10,0,0,5,0,0,0,0,0,188471.11853027344,228930.09552001953,0,404327403520,8589930496,5535838208,114688
10,1791580748336,2500,2500,800,800,800,799,800,799,2499,2500,2500,2499,2500,2499,800,800,5.263157844543457,0,5,0,0,0,5,0,5,0,5,0,0,0,0,0,188471.27508544922,228930.4102783203,0,404327403520,8589930496,5535838208,114688
9,1791580748346,2500,2500,800,800,800,799,800,799,2499,2500,2500,2499,2500,2499,800,800,5.263157844543457,0,5,0,0,0,5,0,5,0,5,0,0,0,0,0,188471.42645263672,228930.72882080078,0,404327403520,8589930496,5535838208,114688
9,1791580748357,2500,2500,800,800,800,799,800,799,2499,2500,2500,2499,2500,2499,800,800,5.263157844543457,0,5,0,0,0,5,0,5,0,5,0,0,0,0,0,188471.5819091797,228931.04040527344,0,404327403520,8589930496,5535838208,114688
9,1791580748367,2500,2500,800,800,800,799,800,799,2499,2500,2500,2499,2500,2499,800,800,5.263157844543457,0,5,0,0,0,5,0,5,0,5,0,0,0,0,0,188471.74963378906,228931.39263916016,0,404327403520,8589930496,5535838208,114688
10,1791580748377,2500,2500,800,800,800,799,800,799,2499,2500,2500,2499,2500,2499,800,800,5.263157844543457,0,5,0,0,0,5,0,5,0,5,0,0,0,0,0,188471.88989257813,228931.67626953125,0,404327403520,8589930496,5535838208,114688
9,1791580748387,2500,2500,800,800,800,799,800,799,2499,2500,2500,2499,2500,2499,800,800,5.263157844543457,0,5,0,0,0,5,0,5,0,5,0,0,0,0,0,188472.0474243164,228931.9930419922,0,404327403520,8589930496,5535838208,114688
9,1791580748397,2500,2500,800,800,800,799,800,799,2499,2500,2500,2499,2500,2499,800,800,5.263157844543457,0,5,0,0,0,5,0,5,0,5,0,0,0,0,0,188472.2197265625,228932.33282470703,0,404327403520,8589930496,5535838208,114688
9,1791580748407,2500,2500,800,800,800,799,800,799,2499,2500,2500,2499,2500,2499,800,800,5.263157844543457,0,5,0,0,0,5,0,5,0,5,0,0,0,0,0,188472.3720703125,228932.65228271484,0,404327403520,8589930496,5535838208,114688
9,1791580748417,2500,2500,800,800,800,799,800,799,2499,2500,2500,2499,2500,2499,800,800,5.263157844543457,0,5,0,0,0,5,0,5,0,5,0,0,0,0,0,188472.52758789063,228932.95819091797,0,404327403520,8589930496,5535838208,114688
9,1791580748427,2500,2500,800,800,800,799,800,799,2499,2500,2500,2499,2500,2499,800,800,5.263157844543457,0,5,0,0,0,5,0,5,0,5,0,0,0,0,0,188472.68377685547,228933.27734375,0,404327403520,8589930496,5535838208,114688
9,1791580748437,2500,2500,800,800,800,799,800,799,2499,2500,2500,2499,2500,2499,800,800,5.263157844543457,0,5,0,0,0,5,0,5,0,5,0,0,0,0,0,188472.84197998047,228933.59802246094,0,404327403520,8589930496,5535838208,114688
9,1791580748447,2500,2500,800,800,800,799,800,799,2499,2500,2500,2499,2500,2499,800,800,5.263157844543457,0,5,0,0,0,5,0,5,0,5,0,0,0,0,0,188472.99682617188,228933.91479492188,0,404327403520,8589930496,5535838208,114688
9,1791580748457,2500,2500,800,800,800,799,800,799,2499,2500,2500,2499,2500,2499,800,800,5.263157844543457,0,5,0,0,0,5,0,5,0,5,0,0,0,0,0,188473.1572265625,228934.23016357422,0,404327403520,8589930496,5535838208,114688
10,1791580748467,2500,2500,800,800,800,799,800,799,2499,2500,2500,2499,2500,2499,800,800,5.263157844543457,0,5,0,0,0,5,0,5,0,5,0,0,0,0,0,188473.31451416016,228934.54376220703,0,404327403520,8589930496,5535838208,114688
9,1791580748477,2500,2500,800,800,800,799,800,799,2499,2500,2500,2499,2500,2499,800,800,5.263157844543457,0,5,0,0,0,5,0,5,0,5,0,0,0,0,0,188473.4725341797,228934.8579711914,0,404327403520,8589930496,5535838208,114688
9,1791580748488,2500,2500,800,800,800,799,800,799,2499,2500,2500,2499,2500,2499,800,800,5.263157844543457,0,5,0,0,0,5,0,5,0,5,0,0,0,0,0,188473.63110351563,228935.1752319336,0,404327403520,8589930496,5535838208,114688
9,1791580748498,2500,2500,800,800,800,799,800,799,2499,2500,2500,2499,2500,2499,800,800,5.263157844543457,0,5,0,0,0,5,0,5,0,5,0,0,0,0,0,188473.78637695313,228935.48809814453,0,404327403520,8589930496,5535838208,114688
9,1791580748508,2500,2500,800,800,800,799,800,799,2499,2500,2500,2499,2500,2499,800,800,5.263157844543457,0,5,0,0,0,5,0,5,0,5,0,0,0,0,0,188473.9412841797,228935.8067626953,0,404327403520,8589930496,5535838208,114688
9,1791580748518,2500,2500,800,800,800,799,800,799,2499,2500,2500,2499,2500,2499,800,800,5.263157844543457,0,5,0,0,0,5,0,5,0,5,0,0,0,0,0,188474.10864257813,228936.15362548828,0,404327403520,8589930496,5535838208,114688
9,1791580748528,2500,2500,800,800,800,799,800,799,2499,2500,2500,2499,2500,2499,800,800,5.263157844543457,0,5,0,0,0,5,0,5,0,5,0,0,0,0,0,188474.26245117188,228936.4747314453,0,404327403520,8589930496,5535838208,114688
9,1791580748538,2500,2500,800,800,800,799,800,799,2499,2500,2500,2499,2500,2499,800,800,5.263157844543457,0,0,0,0,0,0,10.526315689086914,0,0,0,0,5,0,0,0,188474.41772460938,228936.78869628906,0,404327403520,8589930496,5535838208,114688
9,1791580748548,2500,2500,800,800,800,799,800,799,2499,2500,2500,2499,2500,2499,800,800,5.263157844543457,0,0,0,0,0,0,10.526315689086914,0,0,0,0,5,0,0,0,188474.57135009766,228937.10119628906,0,404327403520,8589930496,5535838208,114688
9,1791580748558,2500,2500,800,800,800,799,800,799,2499,2500,2500,2499,2500,2499,800,800,5.263157844543457,0,0,0,0,0,0,10.526315689086914,0,0,0,0,5,0,0,0,188474.72387695313,228937.421875,0,404327403520,8589930496,5535838208,114688
9,1791580748568,2500,2500,800,800,800,799,800,799,2499,2500,2500,2499,2500,2499,800,800,5.263157844543457,0,0,0,0,0,0,10.526315689086914,0,0,0,0,5,0,0,0,188474.87744140625,228937.73663330078,0,404327403520,8589930496,5535838208,114688
9,1791580748578,2500,2500,800,800,800,799,800,799,2499,2500,2500,2499,2500,2499,800,800,5.263157844543457,0,0,0,0,0,0,10.526315689086914,0,0,0,0,5,0,0,0,188475.03143310547,228938.05303955078,0,404327403520,8589930496,5535838208,114688
10,1791580748588,2500,2500,800,800,800,799,800,799,2499,2500,2500,2499,2500,2499,800,800,5.263157844543457,0,0,0,0,0,0,10.526315689086914,0,0,0,0,5,0,0,0,188475.18725585938,228938.36975097656,0,404327403520,8589930496,5535838208,114688
10,1791580748598,2500,2500,800,800,800,799,800,799,2499,2500,2500,2499,2500,2499,800,800,5.263157844543457,0,0,0,0,0,0,10.526315689086914,0,0,0,0,5,0,0,0,188475.34399414063,228938.68487548828,0,404327403520,8589930496,5535838208,114688
9,1791580748608,2500,2500,800,800,800,799,800,799,2499,2500,2500,2499,2500,2499,800,800,5.263157844543457,0,0,0,0,0,0,10.526315689086914,0,0,0,0,5,0,0,0,188475.49725341797,228939.00073242188,0,404327403520,8589930496,5535838208,114688
9,1791580748618,2500,2500,800,800,800,799,800,799,2499,2500,2500,2499,2500,2499,800,800,5.263157844543457,0,0,0,0,0,0,10.526315689086914,0,0,0,0,5,0,0,0,188475.6483154297,228939.31982421875,0,404327403520,8589930496,5535838208,114688
9,1791580748628,2500,2500,800,800,800,799,800,799,2499,2500,2500,2499,2500,2499,800,800,5.263157844543457,0,0,0,0,0,0,10.526315689086914,0,0,0,0,5,0,0,0,188475.80560302734,228939.6392211914,0,404327403520,8589930496,5535838208,114688
10,1791580748638,2500,2500,800,800,800,799,800,799,2499,2500,2500,2499,2500,2499,800,800,5.263157844543457,0,0,0,0,0,0,10.526315689086914,0,0,0,0,5,0,0,0,188475.96032714844,228939.95825195313,0,404327403520,8589930496,5535838208,114688
9,1791580748649,2500,2500,800,800,800,799,800,799,2499,2500,2500,2499,2500,2499,800,800,5.263157844543457,0,0,0,0,0,0,10.526315689086914,0,0,0,0,5,0,0,0,188476.1163330078,228940.2758178711,0,404327403520,8589930496,5535838208,114688
10,1791580748659,2500,2500,800,800,800,799,800,799,2499,2500,2500,2499,2500,2499,800,800,5.263157844543457,0,0,0,0,0,0,10.526315689086914,0,0,0,0,5,0,0,0,188476.27392578125,228940.58599853516,0,404327403520,8589930496,5535838208,114688
9,1791580748669,2500,2500,800,800,800,799,800,799,2499,2500,2500,2499,2500,2499,800,800,5.263157844543457,0,0,0,0,0,0,10.526315689086914,0,0,0,0,5,0,0,0,188476.42864990234,228940.89587402344,0,404327403520,8589930496,5535838208,114688
9,1791580748679,2500,2500,800,800,800,799,800,799,2499,2500,2500,2499,2500,2499,800,800,5.263157844543457,0,0,0,0,0,0,10.526315689086914,0,0,0,0,5,0,0,0,188476.5987548828,228941.24536132813,0,404327403520,8589930496,5535838208,114688
9,1791580748689,2500,2500,800,800,800,799,800,799,2499,2500,2500,2499,2500,2499,800,800,5.263157844543457,0,0,0,0,0,0,10.526315689086914,0,0,0,0,5,0,0,0,188476.7559814453,228941.55950927734,0,404327403520,8589930496,5535838208,114688
9,1791580748699,2500,2500,800,800,800,799,800,799,2499,2500,2500,2499,2500,2499,800,800,5.263157844543457,0,0,0,0,0,0,10.526315689086914,0,0,0,0,5,0,0,0,188476.91375732422,228941.8759765625,0,404327403520,8589930496,5535838208,114688
9,1791580748709,2500,2500,800,800,800,799,800,799,2499,2500,2500,2499,2500,2499,800,800,5.263157844543457,0,0,0,0,0,0,10.526315689086914,0,0,0,0,5,0,0,0,188477.07049560547,228942.1958618164,0,404327403520,8589930496,5535838208,114688
10,1791580748719,2500,2500,800,800,800,799,800,799,2499,2500,2500,2499,2500,2499,800,800,5.263157844543457,0,0,0,0,0,0,10.526315689086914,0,0,0,0,5,0,0,0,188477.2215576172,228942.51263427734,0,404327403520,8589930496,5535838208,114688
9,1791580748729,2500,2500,800,800,800,799,800,799,2499,2500,2500,2499,2500,2499,800,800,5.263157844543457,0,0,0,0,0,0,10.526315689086914,0,0,0,0,5,0,0,0,188477.37078857422,228942.82489013672,0,404327403520,8589930496,5535838208,114688
9,1791580748739,2500,2500,800,800,800,799,800,799,2499,2500,2500,2499,2500,2499,800,800,9.523809432983398,0,0,0,0,0,0,5.263157844543457,0,0,0,0,0,0,0,0,188477.52435302734,228943.13800048828,0,404327403520,8589930496,5535838208,114688
9,1791580748749,2500,2500,800,800,800,799,800,799,2499,2500,2500,2499,2500,2499,800,800,9.523809432983398,0,0,0,0,0,0,5.263157844543457,0,0,0,0,0,0,0,0,188477.68200683594,228943.4578857422,0,404327403520,8589930496,5535838208,114688
9,1791580748760,2500,2500,800,800,800,799,800,799,2499,2500,2500,2499,2500,2499,800,800,9.523809432983398,0,0,0,0,0,0,5.263157844543457,0,0,0,0,0,0,0,0,188477.83837890625,228943.77337646484,0,404327403520,8589930496,5535838208,114688
9,1791580748770,2500,2500,800,800,800,799,800,799,2499,2500,2500,2499,2500,2499,800,800,9.523809432983398,0,0,0,0,0,0,5.263157844543457,0,0,0,0,0,0,0,0,188477.9940185547,228944.09210205078,0,404327403520,8589930496,5535838208,114688
9,1791580748780,2500,2500,800,800,800,799,800,799,2499,2500,2500,2499,2500,2499,800,800,9.523809432983398,0,0,0,0,0,0,5.263157844543457,0,0,0,0,0,0,0,0,188478.15020751953,228944.4139404297,0,404327403520,8589930496,5535838208,114688
9,1791580748790,2500,2500,800,800,800,799,800,799,2499,2500,2500,2499,2500,2499,800,800,9.523809432983398,0,0,0,0,0,0,5.263157844543457,0,0,0,0,0,0,0,0,188478.3045654297,228944.7271118164,0,404327403520,8589930496,5535838208,114688
10,1791580748800,2500,2500,800,800,800,799,800,799,2499,2500,2500,2499,2500,2499,800,800,9.523809432983398,0,0,0,0,0,0,5.263157844543457,0,0,0,0,0,0,0,0,188478.46014404297,228945.04150390625,0,404327403520,8589930496,5535838208,114688
9,1791580748810,2500,2500,800,800,800,799,800,799,2499,2500,2500,2499,2500,2499,800,800,9.523809432983398,0,0,0,0,0,0,5.263157844543457,0,0,0,0,0,0,0,0,188478.61431884766,228945.3603515625,0,404327403520,8589930496,5535838208,114688
9,1791580748820,2500,2500,800,800,800,799,800,799,2499,2500,2500,2499,2500,2499,800,800,9.523809432983398,0,0,0,0,0,0,5.263157844543457,0,0,0,0,0,0,0,0,188478.7720336914,228945.67578125,0,404327403520,8589930496,5535838208,114688
9,1791580748830,2500,2500,800,800,800,799,800,799,2499,2500,2500,2499,2500,2499,800,800,9.523809432983398,0,0,0,0,0,0,5.263157844543457,0,0,0,0,0,0,0,0,188478.92407226563,228945.9932861328,0,404327403520,8589930496,5535838208,114688
9,1791580748840,2500,2500,800,800,800,799,800,799,2499,2500,2500,2499,2500,2499,800,800,9.523809432983398,0,0,0,0,0,0,5.263157844543457,0,0,0,0,0,0,0,0,188479.0824584961,228946.31201171875,0,404327403520,8589930496,5535838208,114688
9,1791580748850,2500,2500,800,800,800,799,800,799,2499,2500,2500,2499,2500,2499,800,800,9.523809432983398,0,0,0,0,0,0,5.263157844543457,0,0,0,0,0,0,0,0,188479.2540283203,228946.65069580078,0,404327403520,8589930496,5535838208,114688
9,1791580748860,2500,2500,800,800,800,799,800,799,2499,2500,2500,2499,2500,2499,800,800,9.523809432983398,0,0,0,0,0,0,5.263157844543457,0,0,0,0,0,0,0,0,188479.40655517578,228946.96160888672,0,404327403520,8589930496,5535838208,114688
9,1791580748870,2500,2500,800,800,800,799,800,799,2499,2500,2500,2499,2500,2499,800,800,9.523809432983398,0,0,0,0,0,0,5.263157844543457,0,0,0,0,0,0,0,0,188479.56622314453,228947.28051757813,0,404327403520,8589930496,5535838208,114688
9,1791580748880,2500,2500,800,800,800,799,800,799,2499,2500,2500,2499,2500,2499,800,800,9.523809432983398,0,0,0,0,0,0,5.263157844543457,0,0,0,0,0,0,0,0,188479.71893310547,228947.59375,0,404327403520,8589930496,5535838208,114688
9,1791580748890,2500,2500,800,800,800,799,800,799,2499,2500,2500,2499,2500,2499,800,800,9.523809432983398,0,0,0,0,0,0,5.263157844543457,0,0,0,0,0,0,0,0,188479.8744506836,228947.9061279297,0,404327403520,8589930496,5535838208,114688
10,1791580748900,2500,2500,800,800,800,799,800,799,2499,2500,2500,2499,2500,2499,800,800,9.523809432983398,0,0,0,0,0,0,5.263157844543457,0,0,0,0,0,0,0,0,188480.02770996094,228948.22052001953,0,404327403520,8589930496,5535838208,114688
9,1791580748911,2500,2500,800,800,800,799,800,799,2499,2500,2500,2499,2500,2499,800,800,9.523809432983398,0,0,0,0,0,0,5.263157844543457,0,0,0,0,0,0,0,0,188480.18572998047,228948.53479003906,0,404327403520,8589930496,5535838208,114688
9,1791580748921,2500,2500,800,800,800,799,800,799,2499,2500,2500,2499,2500,2499,800,800,9.523809432983398,0,0,0,0,0,0,5.263157844543457,0,0,0,0,0,0,0,0,188480.33917236328,228948.84936523438,0,404327403520,8589930496,5535838208,114688
10,1791580748931,2500,2500,800,800,800,799,800,799,2499,2500,2500,2499,2500,2499,800,800,9.523809432983398,0,0,0,0,0,0,5.263157844543457,0,0,0,0,0,0,0,0,188480.49334716797,228949.1683959961,0,404327403520,8589930496,5535838208,114688
9,1791580748941,2500,2500,800,800,800,799,800,799,2499,2500,2500,2499,2500,2499,800,800,5.263157844543457,0,0,0,0,0,0,10,0,0,0,0,0,0,5,0,188480.65185546875,228949.4814453125,0,404327403520,8589930496,5535838208,114688
9,1791580748951,2500,2500,800,800,800,799,800,799,2499,2500,2500,2499,2500,2499,800,800,5.263157844543457,0,0,0,0,0,0,10,0,0,0,0,0,0,5,0,188480.80798339844,228949.79455566406,0,404327403520,8589930496,5535838208,114688
9,1791580748961,2500,2500,800,800,800,799,800,799,2499,2500,2500,2499,2500,2499,800,800,5.263157844543457,0,0,0,0,0,0,10,0,0,0,0,0,0,5,0,188480.9683227539,228950.11169433594,0,404327403520,8589930496,5535838208,114688
9,1791580748971,2500,2500,800,800,800,799,800,799,2499,2500,2500,2499,2500,2499,800,800,5.263157844543457,0,0,0,0,0,0,10,0,0,0,0,0,0,5,0,188481.12634277344,228950.42358398438,0,404327403520,8589930496,5535838208,114688
9,1791580748981,2500,2500,800,800,800,799,800,799,2499,2500,2500,2499,2500,2499,800,800,5.263157844543457,0,0,0,0,0,0,10,0,0,0,0,0,0,5,0,188481.28771972656,228950.73413085938,0,404327403520,8589930496,5535838208,114688
9,1791580748991,2500,2500,800,800,800,799,800,799,2499,2500,2500,2499,2500,2499,800,800,5.263157844543457,0,0,0,0,0,0,10,0,0,0,0,0,0,5,0,188481.45709228516,228951.08074951172,0,404327403520,8589930496,5535838208,114688
9,1791580749001,2500,2500,800,800,800,799,800,799,2499,2500,2500,2499,2500,2499,800,800,5.263157844543457,0,0,0,0,0,0,10,0,0,0,0,0,0,5,0,188481.62115478516,228951.3960571289,0,404327403520,8589930496,5535838208,114688
9,1791580749011,2500,2500,800,800,800,799,800,799,2499,2500,2500,2499,2500,2499,800,800,5.263157844543457,0,0,0,0,0,0,10,0,0,0,0,0,0,5,0,188481.77661132813,228951.7081298828,0,404327403520,8589930496,5535838208,114688
9,1791580749021,2500,2500,800,800,800,799,800,799,2499,2500,2500,2499,2500,2499,800,800,5.263157844543457,0,0,0,0,0,0,10,0,0,0,0,0,0,5,0,188481.9340209961,228952.02026367188,0,404327403520,8589930496,5535838208,114688
10,1791580749031,2500,2500,800,800,800,799,800,799,2499,2500,2500,2499,2500,2499,800,800,5.263157844543457,0,0,0,0,0,0,10,0,0,0,0,0,0,5,0,188482.09423828125,228952.33715820313,0,404327403520,8589930496,5535838208,114688
9,1791580749042,2500,2500,800,800,800,799,800,799,2499,2500,2500,2499,2500,2499,800,800,5.263157844543457,0,0,0,0,0,0,10,0,0,0,0,0,0,5,0,188482.2509765625,228952.64916992188,0,404327403520,8589930496,5535838208,114688
9,1791580749052,2500,2500,800,800,800,799,800,799,2499,2500,2500,2499,2500,2499,800,800,5.263157844543457,0,0,0,0,0,0,10,0,0,0,0,0,0,5,0,188482.40954589844,228952.96380615234,0,404327403520,8589930496,5535838208,114688
9,1791580749062,2500,2500,800,800,800,799,800,799,2499,2500,2500,2499,2500,2499,800,800,5.263157844543457,0,0,0,0,0,0,10,0,0,0,0,0,0,5,0,188482.5679321289,228953.27764892578,0,404327403520,8589930496,5535838208,114688
9,1791580749072,2500,2500,800,800,800,799,800,799,2499,2500,2500,2499,2500,2499,800,800,5.263157844543457,0,0,0,0,0,0,10,0,0,0,0,0,0,5,0,188482.7215576172,228953.59338378906,0,404327403520,8589930496,5535838208,114688
9,1791580749082,2500,2500,800,800,800,799,800,799,2499,2500,2500,2499,2500,2499,800,800,5.263157844543457,0,0,0,0,0,0,10,0,0,0,0,0,0,5,0,188482.880859375,228953.90814208984,0,404327403520,8589930496,5535838208,114688
10,1791580749092,2500,2500,800,800,800,799,800,799,2499,2500,2500,2499,2500,2499,800,800,5.263157844543457,0,0,0,0,0,0,10,0,0,0,0,0,0,5,0,188483.04229736328,228954.22290039063,0,404327403520,8589930496,5535838208,114688
9,1791580749102,2500,2500,800,800,800,799,800,799,2499,2500,2500,2499,2500,2499,800,800,5.263157844543457,0,0,0,0,0,0,10,0,0,0,0,0,0,5,0,188483.2003173828,228954.5372314453,0,404327403520,8589930496,5526290432,114688
10,1791580749112,2500,2500,800,800,800,799,800,799,2499,2500,2500,2499,2500,2499,800,800,5.263157844543457,0,0,0,0,0,0,10,0,0,0,0,0,0,5,0,188483.3588256836,228954.8510131836,0,404327403520,8589930496,5526290432,114688
9,1791580749122,2500,2500,800,800,800,799,800,799,2499,2500,2500,2499,2500,2499,800,800,5.263157844543457,0,0,0,0,0,0,10,0,0,0,0,0,0,5,0,188483.5135498047,228955.16735839844,0,404327403520,8589930496,5526290432,114688
9,1791580749132,2500,2500,800,800,800,799,800,799,2499,2500,2500,2499,2500,2499,800,800,5.263157844543457,0,0,0,0,0,0,10,0,0,0,0,0,0,5,0,188483.6739501953,228955.48248291016,0,404327403520,8589930496,5526290432,114688
10,1791580749142,2500,2500,800,800,800,799,800,799,2499,2500,2500,2499,2500,2499,800,800,5.263157844543457,5,0,0,5,0,0,0,0,0,0,0,0,0,0,0,188483.83197021484,228955.7957763672,0,404327403520,8589930496,5526290432,114688
10,1791580749152,2500,2500,800,800,800,799,800,799,2499,2500,2500,2499,2500,2499,800,800,5.263157844543457,5,0,0,5,0,0,0,0,0,0,0,0,0,0,0,188483.9881591797,228956.1088256836,0,404327403520,8589930496,5526290432,114688
9,1791580749162,2500,2500,800,800,800,799,800,799,2499,2500,2500,2499,2500,2499,800,800,5.263157844543457,5,0,0,5,0,0,0,0,0,0,0,0,0,0,0,188484.1602783203,228956.453125,0,404327403520,8589930496,5526204416,114688
10,1791580749172,2500,2500,800,800,800,799,800,799,2499,2500,2500,2499,2500,2499,800,800,5.263157844543457,5,0,0,5,0,0,0,0,0,0,0,0,0,0,0,188484.29852294922,228956.73260498047,0,404327403520,8589930496,5526204416,114688
9,1791580749182,2500,2500,800,800,800,799,800,799,2499,2500,2500,2499,2500,2499,800,800,5.263157844543457,5,0,0,5,0,0,0,0,0,0,0,0,0,0,0,188484.4569091797,228957.04815673828,0,404327403520,8589930496,5526204416,114688
9,1791580749193,2500,2500,800,800,800,799,800,799,2499,2500,2500,2499,2500,2499,800,800,5.263157844543457,5,0,0,5,0,0,0,0,0,0,0,0,0,0,0,188484.6356201172,228957.3939819336,0,404327403520,8589930496,5526204416,114688
10,1791580749203,2500,2500,800,800,800,799,800,799,2499,2500,2500,2499,2500,2499,800,800,5.263157844543457,5,0,0,5,0,0,0,0,0,0,0,0,0,0,0,188484.79565429688,228957.7074584961,0,404327403520,8589930496,5526204416,114688
9,1791580749213,2500,2500,800,800,800,799,800,799,2499,2500,2500,2499,2500,2499,800,800,5.263157844543457,5,0,0,5,0,0,0,0,0,0,0,0,0,0,0,188484.95361328125,228957.9892578125,0,404327403520,8589930496,5526204416,114688
9,1791580749223,2500,2500,800,800,800,799,800,799,2499,2500,2500,2499,2500,2499,800,800,5.263157844543457,5,0,0,5,0,0,0,0,0,0,0,0,0,0,0,188485.1082763672,228958.32934570313,0,404327403520,8589930496,5526204416,114688
9,1791580749233,2500,2500,800,800,800,799,800,799,2499,2500,2500,2499,2500,2499,800,800,5.263157844543457,5,0,0,5,0,0,0,0,0,0,0,0,0,0,0,188485.26373291016,228958.63903808594,0,404327403520,8589930496,5526204416,114688
9,1791580749243,2500,2500,800,800,800,799,800,799,2499,2500,2500,2499,2500,2499,800,800,5.263157844543457,5,0,0,5,0,0,0,0,0,0,0,0,0,0,0,188485.42449951172,228958.95623779297,0,404327403520,8589930496,5526204416,114688
9,1791580749253,2500,2500,800,800,800,799,800,799,2499,2500,2500,2499,2500,2499,800,800,5.263157844543457,5,0,0,5,0,0,0,0,0,0,0,0,0,0,0,188485.58074951172,228959.2705078125,0,404327403520,8589930496,5526204416,114688
9,1791580749263,2500,2500,800,800,800,799,800,799,2499,2500,2500,2499,2500,2499,800,800,5.263157844543457,5,0,0,5,0,0,0,0,0,0,0,0,0,0,0,188485.73510742188,228959.58337402344,0,404327403520,8589930496,5526204416,114688
9,1791580749273,2500,2500,800,800,800,799,800,799,2499,2500,2500,2499,2500,2499,800,800,5.263157844543457,5,0,0,5,0,0,0,0,0,0,0,0,0,0,0,188485.89617919922,228959.89715576172,0,404327403520,8589930496,5526204416,114688
10,1791580749283,2500,2500,800,800,800,799,800,799,2499,2500,2500,2499,2500,2499,800,800,5.263157844543457,5,0,0,5,0,0,0,0,0,0,0,0,0,0,0,188486.0532836914,228960.205078125,0,404327403520,8589930496,5526204416,114688
10,1791580749293,2500,2500,800,800,800,799,800,799,2499,2500,2500,2499,2500,2499,800,800,5.263157844543457,5,0,0,5,0,0,0,0,0,0,0,0,0,0,0,188486.2109375,228960.5160522461,0,404327403520,8589930496,5526204416,114688
9,1791580749303,2500,2500,800,800,800,799,800,799,2499,2500,2500,2499,2500,2499,800,800,5.263157844543457,5,0,0,5,0,0,0,0,0,0,0,0,0,0,0,188486.37005615234,228960.828125,0,404327403520,8589930496,5525708800,114688
9,1791580749313,2500,2500,800,800,800,799,800,799,2499,2500,2500,2499,2500,2499,800,800,5.263157844543457,5,0,0,5,0,0,0,0,0,0,0,0,0,0,0,188486.53106689453,228961.14276123047,0,404327403520,8589930496,5525708800,114688
9,1791580749324,2500,2500,800,800,800,799,800,799,2499,2500,2500,2499,2500,2499,800,800,5.263157844543457,5,0,0,5,0,0,0,0,0,0,0,0,0,0,0,188486.6876220703,228961.45684814453,0,404327403520,8589930496,5525708800,114688
9,1791580749334,2500,2500,800,800,800,799,800,799,2499,2500,2500,2499,2500,2499,800,800,5.263157844543457,5,0,0,5,0,0,0,0,0,0,0,0,0,0,0,188486.84436035156,228961.77282714844,0,404327403520,8589930496,5525708800,114688
10,1791580749344,2500,2500,800,800,800,799,800,799,2499,2500,2500,2499,2500,2499,800,800,5.263157844543457,5,0,0,0,0,0,10.526315689086914,0,5,0,0,0,0,0,0,188487.0174560547,228962.12139892578,0,404327403520,8589930496,5525708800,114688
9,1791580749354,2500,2500,800,800,800,799,800,799,2499,2500,2500,2499,2500,2499,800,800,5.263157844543457,5,0,0,0,0,0,10.526315689086914,0,5,0,0,0,0,0,0,188487.17657470703,228962.43438720703,0,404327403520,8589930496,5525708800,114688
9,1791580749364,2500,2500,800,800,800,799,800,799,2499,2500,2500,2499,2500,2499,800,800,5.263157844543457,5,0,0,0,0,0,10.526315689086914,0,5,0,0,0,0,0,0,188487.3296508789,228962.75354003906,0,404327403520,8589930496,5525708800,114688
9,1791580749374,2500,2500,800,800,800,799,800,799,2499,2500,2500,2499,2500,2499,800,800,5.263157844543457,5,0,0,0,0,0,10.526315689086914,0,5,0,0,0,0,0,0,188487.48455810547,228963.06481933594,0,404327403520,8589930496,5525708800,114688
9,1791580749384,2500,2500,800,800,800,799,800,799,2499,2500,2500,2499,2500,2499,800,800,5.263157844543457,5,0,0,0,0,0,10.526315689086914,0,5,0,0,0,0,0,0,188487.64471435547,228963.37451171875,0,404327403520,8589930496,5525708800,114688
9,1791580749394,2500,2500,800,800,800,799,800,799,2499,2500,2500,2499,2500,2499,800,800,5.263157844543457,5,0,0,0,0,0,10.526315689086914,0,5,0,0,0,0,0,0,188487.7996826172,228963.69604492188,0,404327403520,8589930496,5525708800,114688
9,1791580749404,2500,2500,800,800,800,799,800,799,2499,2500,2500,2499,2500,2499,800,800,5.263157844543457,5,0,0,0,0,0,10.526315689086914,0,5,0,0,0,0,0,0,188487.95697021484,228964.01037597656,0,404327403520,8589930496,5525708800,114688
9,1791580749414,2500,2500,800,800,800,799,800,799,2499,2500,2500,2499,2500,2499,800,800,5.263157844543457,5,0,0,0,0,0,10.526315689086914,0,5,0,0,0,0,0,0,188488.11029052734,228964.3201904297,0,404327403520,8589930496,5525708800,114688
9,1791580749424,2500,2500,800,800,800,799,800,799,2499,2500,2500,2499,2500,2499,800,800,5.263157844543457,5,0,0,0,0,0,10.526315689086914,0,5,0,0,0,0,0,0,188488.2657470703,228964.63763427734,0,404327403520,8589930496,5525708800,114688
9,1791580749434,2500,2500,800,800,800,799,800,799,2499,2500,2500,2499,2500,2499,800,800,5.263157844543457,5,0,0,0,0,0,10.526315689086914,0,5,0,0,0,0,0,0,188488.42028808594,228964.95111083984,0,404327403520,8589930496,5525708800,114688
9,1791580749444,2500,2500,800,800,800,799,800,799,2499,2500,2500,2499,2500,2499,800,800,5.263157844543457,5,0,0,0,0,0,10.526315689086914,0,5,0,0,0,0,0,0,188488.57708740234,228965.26538085938,0,404327403520,8589930496,5525708800,114688
9,1791580749454,2500,2500,800,800,800,799,800,799,2499,2500,2500,2499,2500,2499,800,800,5.263157844543457,5,0,0,0,0,0,10.526315689086914,0,5,0,0,0,0,0,0,188488.73107910156,228965.58392333984,0,404327403520,8589930496,5525708800,114688
10,1791580749464,2500,2500,800,800,800,799,800,799,2499,2500,2500,2499,2500,2499,800,800,5.263157844543457,5,0,0,0,0,0,10.526315689086914,0,5,0,0,0,0,0,0,188488.89166259766,228965.89434814453,0,404327403520,8589930496,5525708800,114688
9,1791580749475,2500,2500,800,800,800,799,800,799,2499,2500,2500,2499,2500,2499,800,800,5.263157844543457,5,0,0,0,0,0,10.526315689086914,0,5,0,0,0,0,0,0,188489.05004882813,228966.20806884766,0,404327403520,8589930496,5525708800,114688
10,1791580749485,2500,2500,800,800,800,799,800,799,2499,2500,2500,2499,2500,2499,800,800,5.263157844543457,5,0,0,0,0,0,10.526315689086914,0,5,0,0,0,0,0,0,188489.20239257813,228966.52154541016,0,404327403520,8589930496,5525708800,114688
9,1791580749495,2500,2500,800,800,800,799,800,799,2499,2500,2500,2499,2500,2499,800,800,5.263157844543457,5,0,0,0,0,0,10.526315689086914,0,5,0,0,0,0,0,0,188489.35876464844,228966.84350585938,0,404327403520,8589930496,5525708800,114688
9,1791580749505,2500,2500,800,800,800,799,800,799,2499,2500,2500,2499,2500,2499,800,800,5.263157844543457,5,0,0,0,0,0,10.526315689086914,0,5,0,0,0,0,0,0,188489.53002929688,228967.19384765625,0,404327403520,8589930496,5525708800,114688
9,1791580749515,2500,2500,800,800,800,799,800,799,2499,2500,2500,2499,2500,2499,800,800,5.263157844543457,5,0,0,0,0,0,10.526315689086914,0,5,0,0,0,0,0,0,188489.68731689453,228967.5078125,0,404327403520,8589930496,5525708800,114688
10,1791580749525,2500,2500,800,800,800,799,800,799,2499,2500,2500,2499,2500,2499,800,800,5.263157844543457,5,0,0,0,0,0,10.526315689086914,0,5,0,0,0,0,0,0,188489.83013916016,228967.79296875,0,404327403520,8589930496,5525708800,114688
9,1791580749535,2500,2500,800,800,800,799,800,799,2499,2500,2500,2499,2500,2499,800,800,5.263157844543457,5,0,0,0,0,0,10.526315689086914,0,5,0,0,0,0,0,0,188490.00079345703,228968.13696289063,0,404327403520,8589930496,5525708800,114688
9,1791580749545,2500,2500,800,800,800,799,800,799,2499,2500,2500,2499,2500,2499,800,800,0,0,0,0,0,0,0,10,0,0,0,0,0,0,0,0,188490.1557006836,228968.4517211914,0,404327403520,8589930496,5525708800,114688
9,1791580749555,2500,2500,800,800,800,799,800,799,2499,2500,2500,2499,2500,2499,800,800,0,0,0,0,0,0,0,10,0,0,0,0,0,0,0,0,188490.3150024414,228968.7660522461,0,404327403520,8589930496,5525708800,114688
9,1791580749565,2500,2500,800,800,800,799,800,799,2499,2500,2500,2499,2500,2499,800,800,0,0,0,0,0,0,0,10,0,0,0,0,0,0,0,0,188490.46844482422,228969.08477783203,0,404327403520,8589930496,5525708800,114688
9,1791580749575,2500,2500,800,800,800,799,800,799,2499,2500,2500,2499,2500,2499,800,800,0,0,0,0,0,0,0,10,0,0,0,0,0,0,0,0,188490.62957763672,228969.39819335938,0,404327403520,8589930496,5525708800,114688
10,1791580749585,2500,2500,800,800,800,799,800,799,2499,2500,2500,2499,2500,2499,800,800,0,0,0,0,0,0,0,10,0,0,0,0,0,0,0,0,188490.78631591797,228969.7049560547,0,404327403520,8589930496,5525708800,114688
10,1791580749595,2500,2500,800,800,800,799,800,799,2499,2500,2500,2499,2500,2499,800,800,0,0,0,0,0,0,0,10,0,0,0,0,0,0,0,0,188490.94232177734,228970.0170288086,0,404327403520,8589930496,5525708800,114688
9,1791580749605,2500,2500,800,800,800,799,800,799,2499,2500,2500,2499,2500,2499,800,800,0,0,0,0,0,0,0,10,0,0,0,0,0,0,0,0,188491.1025390625,228970.32934570313,0,404327403520,8589930496,5525708800,114688
9,1791580749616,2500,2500,800,800,800,799,800,799,2499,2500,2500,2499,2500,2499,800,800,0,0,0,0,0,0,0,10,0,0,0,0,0,0,0,0,188491.263671875,228970.64544677734,0,404327403520,8589930496,5525708800,114688
9,1791580749626,2500,2500,800,800,800,799,800,799,2499,2500,2500,2499,2500,2499,800,800,0,0,0,0,0,0,0,10,0,0,0,0,0,0,0,0,188491.42333984375,228970.96197509766,0,404327403520,8589930496,5525708800,114688
9,1791580749636,2500,2500,800,800,800,799,800,799,2499,2500,2500,2499,2500,2499,800,800,0,0,0,0,0,0,0,10,0,0,0,0,0,0,0,0,188491.57904052734,228971.27966308594,0,404327403520,8589930496,5525708800,114688
9,1791580749646,2500,2500,800,800,800,799,800,799,2499,2500,2500,2499,2500,2499,800,800,0,0,0,0,0,0,0,10,0,0,0,0,0,0,0,0,188491.73266601563,228971.59344482422,0,404327403520,8589930496,5525708800,114688
10,1791580749656,2500,2500,800,800,800,799,800,799,2499,2500,2500,2499,2500,2499,800,800,0,0,0,0,0,0,0,10,0,0,0,0,0,0,0,0,188491.88702392578,228971.90466308594,0,404327403520,8589930496,5525708800,114688
9,1791580749666,2500,2500,800,800,800,799,800,799,2499,2500,2500,2499,2500,2499,800,800,0,0,0,0,0,0,0,10,0,0,0,0,0,0,0,0,188492.05950927734,228972.2528076172,0,404327403520,8589930496,5525708800,114688
9,1791580749676,2500,2500,800,800,800,799,800,799,2499,2500,2500,2499,2500,2499,800,800,0,0,0,0,0,0,0,10,0,0,0,0,0,0,0,0,188492.21551513672,228972.5655517578,0,404327403520,8589930496,5525708800,114688
9,1791580749686,2500,2500,800,800,800,799,800,799,2499,2500,2500,2499,2500,2499,800,800,0,0,0,0,0,0,0,10,0,0,0,0,0,0,0,0,188492.36639404297,228972.8807373047,0,404327403520,8589930496,5525708800,114688
9,1791580749696,2500,2500,800,800,800,799,800,799,2499,2500,2500,2499,2500,2499,800,800,0,0,0,0,0,0,0,10,0,0,0,0,0,0,0,0,188492.51983642578,228973.1961669922,0,404327403520,8589930496,5525708800,114688
10,1791580749706,2500,2500,800,800,800,799,800,799,2499,2500,2500,2499,2500,2499,800,800,0,0,0,0,0,0,0,10,0,0,0,0,0,0,0,0,188492.67309570313,228973.50848388672,0,404327403520,8589930496,5525708800,114688
9,1791580749716,2500,2500,800,800,800,799,800,799,2499,2500,2500,2499,2500,2499,800,800,0,0,0,0,0,0,0,10,0,0,0,0,0,0,0,0,188492.82501220703,228973.81640625,0,404327403520,8589930496,5525708800,114688
9,1791580749726,2500,2500,800,800,800,799,800,799,2499,2500,2500,2499,2500,2499,800,800,0,0,0,0,0,0,0,10,0,0,0,0,0,0,0,0,188492.97900390625,228974.1326904297,0,404327403520,8589930496,5525708800,114688
9,1791580749736,2500,2500,800,800,800,799,800,799,2499,2500,2500,2499,2500,2499,800,800,0,0,0,0,0,0,0,10,0,0,0,0,0,0,0,0,188493.1375732422,228974.4447631836,0,404327403520,8589930496,5525708800,114688
9,1791580749746,2500,2500,800,800,800,799,800,799,2499,2500,2500,2499,2500,2499,800,800,10,5.263157844543457,0,0,0,0,0,5.263157844543457,5,0,0,0,0,0,0,5.263157844543457,188493.28973388672,228974.7548828125,0,404327403520,8589930496,5525708800,114688
9,1791580749756,2500,2500,800,800,800,799,800,799,2499,2500,2500,2499,2500,2499,800,800,10,5.263157844543457,0,0,0,0,0,5.263157844543457,5,0,0,0,0,0,0,5.263157844543457,188493.44317626953,228975.06787109375,0,404327403520,8589930496,5525708800,114688
10,1791580749767,2500,2500,800,800,800,799,800,799,2499,2500,2500,2499,2500,2499,800,800,10,5.263157844543457,0,0,0,0,0,5.263157844543457,5,0,0,0,0,0,0,5.263157844543457,188493.5997314453,228975.37896728516,0,404327403520,8589930496,5525708800,114688
9,1791580749777,2500,2500,800,800,800,799,800,799,2499,2500,2500,2499,2500,2499,800,800,10,5.263157844543457,0,0,0,0,0,5.263157844543457,5,0,0,0,0,0,0,5.263157844543457,188493.75463867188,228975.6912841797,0,404327403520,8589930496,5525708800,114688
9,1791580749787,2500,2500,800,800,800,799,800,799,2499,2500,2500,2499,2500,2499,800,800,10,5.263157844543457,0,0,0,0,0,5.263157844543457,5,0,0,0,0,0,0,5.263157844543457,188493.91046142578,228976.01165771484,0,404327403520,8589930496,5525708800,114688
9,1791580749797,2500,2500,800,800,800,799,800,799,2499,2500,2500,2499,2500,2499,800,800,10,5.263157844543457,0,0,0,0,0,5.263157844543457,5,0,0,0,0,0,0,5.263157844543457,188494.06701660156,228976.32556152344,0,404327403520,8589930496,5525708800,114688
9,1791580749807,2500,2500,800,800,800,799,800,799,2499,2500,2500,2499,2500,2499,800,800,10,5.263157844543457,0,0,0,0,0,5.263157844543457,5,0,0,0,0,0,0,5.263157844543457,188494.22119140625,228976.63891601563,0,404327403520,8589930496,5525708800,114688
10,1791580749817,2500,2500,800,800,800,799,800,799,2499,2500,2500,2499,2500,2499,800,800,10,5.263157844543457,0,0,0,0,0,5.263157844543457,5,0,0,0,0,0,0,5.263157844543457,188494.3780517578,228976.9512939453,0,404327403520,8589930496,5525708800,114688
9,1791580749827,2500,2500,800,800,800,799,800,799,2499,2500,2500,2499,2500,2499,800,800,10,5.263157844543457,0,0,0,0,0,5.263157844543457,5,0,0,0,0,0,0,5.263157844543457,188494.5424194336,228977.29638671875,0,404327403520,8589930496,5525708800,114688
9,1791580749837,2500,2500,800,800,800,799,800,799,2499,2500,2500,2499,2500,2499,800,800,10,5.263157844543457,0,0,0,0,0,5.263157844543457,5,0,0,0,0,0,0,5.263157844543457,188494.69555664063,228977.60595703125,0,404327403520,8589930496,5525708800,114688
9,1791580749847,2500,2500,800,800,800,799,800,799,2499,2500,2500,2499,2500,2499,800,800,10,5.263157844543457,0,0,0,0,0,5.263157844543457,5,0,0,0,0,0,0,5.263157844543457,188494.8480834961,228977.9197998047,0,404327403520,8589930496,5525708800,114688
9,1791580749857,2500,2500,800,800,800,799,800,799,2499,2500,2500,2499,2500,2499,800,800,10,5.263157844543457,0,0,0,0,0,5.263157844543457,5,0,0,0,0,0,0,5.263157844543457,188494.9979248047,228978.23388671875,0,404327403520,8589930496,5525708800,114688
9,1791580749867,2500,2500,800,800,800,799,800,799,2499,2500,2500,2499,2500,2499,800,800,10,5.263157844543457,0,0,0,0,0,5.263157844543457,5,0,0,0,0,0,0,5.263157844543457,188495.15502929688,228978.56689453125,0,404327403520,8589930496,5525708800,114688
9,1791580749877,2500,2500,800,800,800,799,800,799,2499,2500,2500,2499,2500,2499,800,800,10,5.263157844543457,0,0,0,0,0,5.263157844543457,5,0,0,0,0,0,0,5.263157844543457,188495.30780029297,228978.88372802734,0,404327403520,8589930496,5525708800,114688
9,1791580749887,2500,2500,800,800,800,799,800,799,2499,2500,2500,2499,2500,2499,800,800,10,5.263157844543457,0,0,0,0,0,5.263157844543457,5,0,0,0,0,0,0,5.263157844543457,188495.46160888672,228979.20123291016,0,404327403520,8589930496,5525708800,114688
10,1791580749897,2500,2500,800,800,800,799,800,799,2499,2500,2500,2499,2500,2499,800,800,10,5.263157844543457,0,0,0,0,0,5.263157844543457,5,0,0,0,0,0,0,5.263157844543457,188495.61669921875,228979.51513671875,0,404327403520,8589930496,5525708800,114688
9,1791580749908,2500,2500,800,800,800,799,800,799,2499,2500,2500,2499,2500,2499,800,800,10,5.263157844543457,0,0,0,0,0,5.263157844543457,5,0,0,0,0,0,0,5.263157844543457,188495.76885986328,228979.82745361328,0,404327403520,8589930496,5525708800,114688
10,1791580749918,2500,2500,800,800,800,799,800,799,2499,2500,2500,2499,2500,2499,800,800,10,5.263157844543457,0,0,0,0,0,5.263157844543457,5,0,0,0,0,0,0,5.263157844543457,188495.91973876953,228980.14190673828,0,404327403520,8589930496,5525708800,114688
10,1791580749928,2500,2500,800,800,800,799,800,799,2499,2500,2500,2499,2500,2499,800,800,10,5.263157844543457,0,0,0,0,0,5.263157844543457,5,0,0,0,0,0,0,5.263157844543457,188496.06842041016,228980.45709228516,0,404327403520,8589930496,5525708800,114688
9,1791580749938,2500,2500,800,800,800,799,800,799,2499,2500,2500,2499,2500,2499,800,800,10,5.263157844543457,0,0,0,0,0,5.263157844543457,5,0,0,0,0,0,0,5.263157844543457,188496.22637939453,228980.77075195313,0,404327403520,8589930496,5525708800,114688
9,1791580749948,2500,2500,800,800,800,799,800,799,2499,2500,2500,2499,2500,2499,800,800,0,0,0,0,0,0,0,5.263157844543457,0,0,0,0,0,0,0,0,188496.3748779297,228981.08752441406,0,404327403520,8589930496,5525708800,114688
9,1791580749958,2500,2500,800,800,800,799,800,799,2499,2500,2500,2499,2500,2499,800,800,0,0,0,0,0,0,0,5.263157844543457,0,0,0,0,0,0,0,0,188496.52465820313,228981.40167236328,0,404327403520,8589930496,5525708800,114688
9,1791580749968,2500,2500,800,800,800,799,800,799,2499,2500,2500,2499,2500,2499,800,800,0,0,0,0,0,0,0,5.263157844543457,0,0,0,0,0,0,0,0,188496.67517089844,228981.71270751953,0,404327403520,8589930496,5525708800,114688
9,1791580749978,2500,2500,800,800,800,799,800,799,2499,2500,2500,2499,2500,2499,800,800,0,0,0,0,0,0,0,5.263157844543457,0,0,0,0,0,0,0,0,188496.8399658203,228982.03021240234,0,404327403520,8589930496,5525708800,114688
9,1791580749988,2500,2500,800,800,800,799,800,799,2499,2500,2500,2499,2500,2499,800,800,0,0,0,0,0,0,0,5.263157844543457,0,0,0,0,0,0,0,0,188496.9859008789,228982.37396240234,0,404327403520,8589930496,5525708800,114688
9,1791580749998,2500,2500,800,800,800,799,800,799,2499,2500,2500,2499,2500,2499,800,800,0,0,0,0,0,0,0,5.263157844543457,0,0,0,0,0,0,0,0,188497.1255493164,228982.65844726563,0,404327403520,8589930496,5525708800,114688
10,1791580750008,2500,2500,800,800,800,799,800,799,2499,2500,2500,2499,2500,2499,800,800,0,0,0,0,0,0,0,5.263157844543457,0,0,0,0,0,0,0,0,188497.28149414063,228982.97686767578,0,404327403520,8589930496,5525708800,114688
9,1791580750018,2500,2500,800,800,800,799,800,799,2499,2500,2500,2499,2500,2499,800,800,0,0,0,0,0,0,0,5.263157844543457,0,0,0,0,0,0,0,0,188497.45251464844,228983.328125,0,404327403520,8589930496,5525708800,114688
9,1791580750028,2500,2500,800,800,800,799,800,799,2499,2500,2500,2499,2500,2499,800,800,0,0,0,0,0,0,0,5.263157844543457,0,0,0,0,0,0,0,0,188497.6050415039,228983.64233398438,0,404327403520,8589930496,5525708800,114688
10,1791580750038,2500,2500,800,800,800,799,800,799,2499,2500,2500,2499,2500,2499,800,800,0,0,0,0,0,0,0,5.263157844543457,0,0,0,0,0,0,0,0,188497.75366210938,228983.96270751953,0,404327403520,8589930496,5525708800,114688
9,1791580750049,2500,2500,800,800,800,799,800,799,2499,2500,2500,2499,2500,2499,800,800,0,0,0,0,0,0,0,5.263157844543457,0,0,0,0,0,0,0,0,188497.90234375,228984.27478027344,0,404327403520,8589930496,5525708800,114688
10,1791580750059,2500,2500,800,800,800,799,800,799,2499,2500,2500,2499,2500,2499,800,800,0,0,0,0,0,0,0,5.263157844543457,0,0,0,0,0,0,0,0,188498.05212402344,228984.58587646484,0,404327403520,8589930496,5525708800,114688
9,1791580750069,2500,2500,800,800,800,799,800,799,2499,2500,2500,2499,2500,2499,800,800,0,0,0,0,0,0,0,5.263157844543457,0,0,0,0,0,0,0,0,188498.19873046875,228984.90228271484,0,404327403520,8589930496,5525708800,114688
9,1791580750079,2500,2500,800,800,800,799,800,799,2499,2500,2500,2499,2500,2499,800,800,0,0,0,0,0,0,0,5.263157844543457,0,0,0,0,0,0,0,0,188498.3530883789,228985.21746826172,0,404327403520,8589930496,5525708800,114688
9,1791580750089,2500,2500,800,800,800,799,800,799,2499,2500,2500,2499,2500,2499,800,800,0,0,0,0,0,0,0,5.263157844543457,0,0,0,0,0,0,0,0,188498.50122070313,228985.53106689453,0,404327403520,8589930496,5525708800,114688
9,1791580750099,2500,2500,800,800,800,799,800,799,2499,2500,2500,2499,2500,2499,800,800,0,0,0,0,0,0,0,5.263157844543457,0,0,0,0,0,0,0,0,188498.6547241211,228985.8482055664,0,404327403520,8589930496,5525708800,114688
9,1791580750109,2500,2500,800,800,800,799,800,799,2499,2500,2500,2499,2500,2499,800,800,0,0,0,0,0,0,0,5.263157844543457,0,0,0,0,0,0,0,0,188498.80389404297,228986.16400146484,0,404327403520,8589930496,5525708800,114688
9,1791580750119,2500,2500,800,800,800,799,800,799,2499,2500,2500,2499,2500,2499,800,800,0,0,0,0,0,0,0,5.263157844543457,0,0,0,0,0,0,0,0,188498.9520263672,228986.47540283203,0,404327403520,8589930496,5525192704,114688
10,1791580750129,2500,2500,800,800,800,799,800,799,2499,2500,2500,2499,2500,2499,800,800,0,0,0,0,0,0,0,5.263157844543457,0,0,0,0,0,0,0,0,188499.1050415039,228986.79083251953,0,404327403520,8589930496,5508612096,114688
9,1791580750139,2500,2500,800,800,800,799,800,799,2499,2500,2500,2499,2500,2499,800,800,0,0,0,0,0,0,0,5.263157844543457,0,0,0,0,0,0,0,0,188499.2573852539,228987.10778808594,0,404327403520,8589930496,5508612096,114688
9,1791580750149,2500,2500,800,800,800,799,800,799,2499,2500,2500,2499,2500,2499,800,800,5.263157844543457,0,0,0,0,0,0,10.526315689086914,0,0,0,0,0,0,5,0,188499.4197998047,228987.41876220703,0,404327403520,8589930496,5508612096,114688
9,1791580750159,2500,2500,800,800,800,799,800,799,2499,2500,2500,2499,2500,2499,800,800,5.263157844543457,0,0,0,0,0,0,10.526315689086914,0,0,0,0,0,0,5,0,188499.5689086914,228987.7660522461,0,404327403520,8589930496,5508612096,114688
10,1791580750169,2500,2500,800,800,800,799,800,799,2499,2500,2500,2499,2500,2499,800,800,5.263157844543457,0,0,0,0,0,0,10.526315689086914,0,0,0,0,0,0,5,0,188499.70092773438,228988.048828125,0,404327403520,8589930496,5508612096,114688
9,1791580750180,2500,2500,800,800,800,799,800,799,2499,2500,2500,2499,2500,2499,800,800,5.263157844543457,0,0,0,0,0,0,10.526315689086914,0,0,0,0,0,0,5,0,188499.87139892578,228988.3978881836,0,404327403520,8589930496,5508612096,114688
9,1791580750190,2500,2500,800,800,800,799,800,799,2499,2500,2500,2499,2500,2499,800,800,5.263157844543457,0,0,0,0,0,0,10.526315689086914,0,0,0,0,0,0,5,0,188500.02227783203,228988.7113647461,0,404327403520,8589930496,5508612096,114688
9,1791580750200,2500,2500,800,800,800,799,800,799,2499,2500,2500,2499,2500,2499,800,800,5.263157844543457,0,0,0,0,0,0,10.526315689086914,0,0,0,0,0,0,5,0,188500.17486572266,228989.02575683594,0,404327403520,8589930496,5508612096,114688
10,1791580750210,2500,2500,800,800,800,799,800,799,2499,2500,2500,2499,2500,2499,800,800,5.263157844543457,0,0,0,0,0,0,10.526315689086914,0,0,0,0,0,0,5,0,188500.32556152344,228989.3416748047,0,404327403520,8589930496,5508612096,114688
9,1791580750220,2500,2500,800,800,800,799,800,799,2499,2500,2500,2499,2500,2499,800,800,5.263157844543457,0,0,0,0,0,0,10.526315689086914,0,0,0,0,0,0,5,0,188500.47888183594,228989.65673828125,0,404327403520,8589930496,5508612096,114688
9,1791580750230,2500,2500,800,800,800,799,800,799,2499,2500,2500,2499,2500,2499,800,800,5.263157844543457,0,0,0,0,0,0,10.526315689086914,0,0,0,0,0,0,5,0,188500.6268310547,228989.9736328125,0,404327403520,8589930496,5508612096,114688
9,1791580750240,2500,2500,800,800,800,799,800,799,2499,2500,2500,2499,2500,2499,800,800,5.263157844543457,0,0,0,0,0,0,10.526315689086914,0,0,0,0,0,0,5,0,188500.77716064453,228990.28631591797,0,404327403520,8589930496,5508612096,114688
10,1791580750250,2500,2500,800,800,800,799,800,799,2499,2500,2500,2499,2500,2499,800,800,5.263157844543457,0,0,0,0,0,0,10.526315689086914,0,0,0,0,0,0,5,0,188500.92803955078,228990.60455322266,0,404327403520,8589930496,5508612096,114688
10,1791580750260,2500,2500,800,800,800,799,800,799,2499,2500,2500,2499,2500,2499,800,800,5.263157844543457,0,0,0,0,0,0,10.526315689086914,0,0,0,0,0,0,5,0,188501.0802001953,228990.9180908203,0,404327403520,8589930496,5508612096,114688
10,1791580750270,2500,2500,800,800,800,799,800,799,2499,2500,2500,2499,2500,2499,800,800,5.263157844543457,0,0,0,0,0,0,10.526315689086914,0,0,0,0,0,0,5,0,188501.23638916016,228991.2286376953,0,404327403520,8589930496,5508612096,114688
10,1791580750280,2500,2500,800,800,800,799,800,799,2499,2500,2500,2499,2500,2499,800,800,5.263157844543457,0,0,0,0,0,0,10.526315689086914,0,0,0,0,0,0,5,0,188501.3890991211,228991.5435180664,0,404327403520,8589930496,5508612096,114688
9,1791580750290,2500,2500,800,800,800,799,800,799,2499,2500,2500,2499,2500,2499,800,800,5.263157844543457,0,0,0,0,0,0,10.526315689086914,0,0,0,0,0,0,5,0,188501.5430908203,228991.86065673828,0,404327403520,8589930496,5508612096,114688
9,1791580750300,2500,2500,800,800,800,799,800,799,2499,2500,2500,2499,2500,2499,800,800,5.263157844543457,0,0,0,0,0,0,10.526315689086914,0,0,0,0,0,0,5,0,188501.69842529297,228992.177734375,0,404327403520,8589930496,5508612096,114688
9,1791580750311,2500,2500,800,800,800,799,800,799,2499,2500,2500,2499,2500,2499,800,800,5.263157844543457,0,0,0,0,0,0,10.526315689086914,0,0,0,0,0,0,5,0,188501.84985351563,228992.4976196289,0,404327403520,8589930496,5508612096,114688
9,1791580750320,2500,2500,800,800,800,799,800,799,2499,2500,2500,2499,2500,2499,800,800,5.263157844543457,0,0,0,0,0,0,10.526315689086914,0,0,0,0,0,0,5,0,188502.00128173828,228992.81518554688,0,404327403520,8589930496,5508612096,114688
10,1791580750331,2500,2500,800,800,800,799,800,799,2499,2500,2500,2499,2500,2499,800,800,5.263157844543457,0,0,0,0,0,0,10.526315689086914,0,0,0,0,0,0,5,0,188502.15399169922,228993.12927246094,0,404327403520,8589930496,5508612096,114688
9,1791580750341,2500,2500,800,800,800,799,800,799,2499,2500,2500,2499,2500,2499,800,800,5.263157844543457,0,0,0,0,0,0,10.526315689086914,0,0,0,0,0,0,5,0,188502.3192138672,228993.48291015625,0,404327403520,8589930496,5508612096,114688
10,1791580750351,2500,2500,800,800,800,799,800,799,2499,2500,2500,2499,2500,2499,800,800,5.263157844543457,0,0,0,0,0,0,5.263157844543457,0,0,0,5,0,0,0,0,188502.46954345703,228993.80572509766,0,404327403520,8589930496,5508612096,114688
9,1791580750361,2500,2500,800,800,800,799,800,799,2499,2500,2500,2499,2500,2499,800,800,5.263157844543457,0,0,0,0,0,0,5.263157844543457,0,0,0,5,0,0,0,0,188502.61688232422,228994.11907958984,0,404327403520,8589930496,5508612096,114688
10,1791580750371,2500,2500,800,800,800,799,800,799,2499,2500,2500,2499,2500,2499,800,800,5.263157844543457,0,0,0,0,0,0,5.263157844543457,0,0,0,5,0,0,0,0,188502.7709350586,228994.4443359375,0,404327403520,8589930496,5508612096,114688
9,1791580750381,2500,2500,800,800,800,799,800,799,2499,2500,2500,2499,2500,2499,800,800,5.263157844543457,0,0,0,0,0,0,5.263157844543457,0,0,0,5,0,0,0,0,188502.9262084961,228994.76165771484,0,404327403520,8589930496,5508612096,114688
10,1791580750391,2500,2500,800,800,800,799,800,799,2499,2500,2500,2499,2500,2499,800,800,5.263157844543457,0,0,0,0,0,0,5.263157844543457,0,0,0,5,0,0,0,0,188503.0780029297,228995.08892822266,0,404327403520,8589930496,5508612096,114688
9,1791580750401,2500,2500,800,800,800,799,800,799,2499,2500,2500,2499,2500,2499,800,800,5.263157844543457,0,0,0,0,0,0,5.263157844543457,0,0,0,5,0,0,0,0,188503.2303466797,228995.40490722656,0,404327403520,8589930496,5508612096,114688
10,1791580750411,2500,2500,800,800,800,799,800,799,2499,2500,2500,2499,2500,2499,800,800,5.263157844543457,0,0,0,0,0,0,5.263157844543457,0,0,0,5,0,0,0,0,188503.38671875,228995.72229003906,0,404327403520,8589930496,5508612096,114688
10,1791580750421,2500,2500,800,800,800,799,800,799,2499,2500,2500,2499,2500,2499,800,800,5.263157844543457,0,0,0,0,0,0,5.263157844543457,0,0,0,5,0,0,0,0,188503.54071044922,228996.04376220703,0,404327403520,8589930496,5508612096,114688
10,1791580750431,2500,2500,800,800,800,799,800,799,2499,2500,2500,2499,2500,2499,800,800,5.263157844543457,0,0,0,0,0,0,5.263157844543457,0,0,0,5,0,0,0,0,188503.69384765625,228996.36138916016,0,404327403520,8589930496,5508612096,114688
9,1791580750441,2500,2500,800,800,800,799,800,799,2499,2500,2500,2499,2500,2499,800,800,5.263157844543457,0,0,0,0,0,0,5.263157844543457,0,0,0,5,0,0,0,0,188503.8458251953,228996.681640625,0,404327403520,8589930496,5508612096,114688
10,1791580750451,2500,2500,800,800,800,799,800,799,2499,2500,2500,2499,2500,2499,800,800,5.263157844543457,0,0,0,0,0,0,5.263157844543457,0,0,0,5,0,0,0,0,188504.0010986328,228996.99731445313,0,404327403520,8589930496,5508612096,114688
9,1791580750461,2500,2500,800,800,800,799,800,799,2499,2500,2500,2499,2500,2499,800,800,5.263157844543457,0,0,0,0,0,0,5.263157844543457,0,0,0,5,0,0,0,0,188504.1547241211,228997.31805419922,0,404327403520,8589930496,5508612096,114688
9,1791580750472,2500,2500,800,800,800,799,800,799,2499,2500,2500,2499,2500,2499,800,800,5.263157844543457,0,0,0,0,0,0,5.263157844543457,0,0,0,5,0,0,0,0,188504.310546875,228997.64227294922,0,404327403520,8589930496,5508612096,114688
9,1791580750482,2500,2500,800,800,800,799,800,799,2499,2500,2500,2499,2500,2499,800,800,5.263157844543457,0,0,0,0,0,0,5.263157844543457,0,0,0,5,0,0,0,0,188504.48321533203,228997.9945678711,0,404327403520,8589930496,5508612096,114688
9,1791580750492,2500,2500,800,800,800,799,800,799,2499,2500,2500,2499,2500,2499,800,800,5.263157844543457,0,0,0,0,0,0,5.263157844543457,0,0,0,5,0,0,0,0,188504.63537597656,228998.3154296875,0,404327403520,8589930496,5508612096,114688
9,1791580750502,2500,2500,800,800,800,799,800,799,2499,2500,2500,2499,2500,2499,800,800,5.263157844543457,0,0,0,0,0,0,5.263157844543457,0,0,0,5,0,0,0,0,188504.78845214844,228998.63739013672,0,404327403520,8589930496,5508612096,114688
9,1791580750512,2500,2500,800,800,800,799,800,799,2499,2500,2500,2499,2500,2499,800,800,5.263157844543457,0,0,0,0,0,0,5.263157844543457,0,0,0,5,0,0,0,0,188504.94006347656,228998.9574584961,0,404327403520,8589930496,5508612096,114688
9,1791580750522,2500,2500,800,800,800,799,800,799,2499,2500,2500,2499,2500,2499,800,800,5.263157844543457,0,0,0,0,0,0,5.263157844543457,0,0,0,5,0,0,0,0,188505.0880126953,228999.2734375,0,404327403520,8589930496,5508612096,114688
9,1791580750532,2500,2500,800,800,800,799,800,799,2499,2500,2500,2499,2500,2499,800,800,5.263157844543457,0,0,0,0,0,0,5.263157844543457,0,0,0,5,0,0,0,0,188505.24017333984,228999.5942993164,0,404327403520,8589930496,5508612096,114688
10,1791580750542,2500,2500,800,800,800,799,800,799,2499,2500,2500,2499,2500,2499,800,800,5.263157844543457,0,0,0,0,0,0,5.263157844543457,0,0,0,5,0,0,0,0,188505.3930053711,228999.9122314453,0,404327403520,8589930496,5508612096,114688
9,1791580750552,2500,2500,800,800,800,799,800,799,2499,2500,2500,2499,2500,2499,800,800,5.263157844543457,5,5,0,0,5,0,5.263157844543457,0,0,0,0,0,0,0,0,188505.54296875,229000.22845458984,0,404327403520,8589930496,5508612096,114688
9,1791580750562,2500,2500,800,800,800,799,800,799,2499,2500,2500,2499,2500,2499,800,800,5.263157844543457,5,5,0,0,5,0,5.263157844543457,0,0,0,0,0,0,0,0,188505.69470214844,229000.54779052734,0,404327403520,8589930496,5508612096,114688
9,1791580750572,2500,2500,800,800,800,799,800,799,2499,2500,2500,2499,2500,2499,800,800,5.263157844543457,5,5,0,0,5,0,5.263157844543457,0,0,0,0,0,0,0,0,188505.84631347656,229000.86163330078,0,404327403520,8589930496,5508612096,114688
10,1791580750582,2500,2500,800,800,800,799,800,799,2499,2500,2500,2499,2500,2499,800,800,5.263157844543457,5,5,0,0,5,0,5.263157844543457,0,0,0,0,0,0,0,0,188505.99298095703,229001.17877197266,0,404327403520,8589930496,5508612096,114688
9,1791580750592,2500,2500,800,800,800,799,800,799,2499,2500,2500,2499,2500,2499,800,800,5.263157844543457,5,5,0,0,5,0,5.263157844543457,0,0,0,0,0,0,0,0,188506.14349365234,229001.49768066406,0,404327403520,8589930496,5508612096,114688
9,1791580750603,2500,2500,800,800,800,799,800,799,2499,2500,2500,2499,2500,2499,800,800,5.263157844543457,5,5,0,0,5,0,5.263157844543457,0,0,0,0,0,0,0,0,188506.2938232422,229001.8153076172,0,404327403520,8589930496,5508612096,114688
9,1791580750613,2500,2500,800,800,800,799,800,799,2499,2500,2500,2499,2500,2499,800,800,5.263157844543457,5,5,0,0,5,0,5.263157844543457,0,0,0,0,0,0,0,0,188506.4483642578,229002.13330078125,0,404327403520,8589930496,5508612096,114688
9,1791580750623,2500,2500,800,800,800,799,800,799,2499,2500,2500,2499,2500,2499,800,800,5.263157844543457,5,5,0,0,5,0,5.263157844543457,0,0,0,0,0,0,0,0,188506.60089111328,229002.45666503906,0,404327403520,8589930496,5508612096,114688
9,1791580750633,2500,2500,800,800,800,799,800,799,2499,2500,2500,2499,2500,2499,800,800,5.263157844543457,5,5,0,0,5,0,5.263157844543457,0,0,0,0,0,0,0,0,188506.75506591797,229002.7749633789,0,404327403520,8589930496,5508612096,114688
10,1791580750643,2500,2500,800,800,800,799,800,799,2499,2500,2500,2499,2500,2499,800,800,5.263157844543457,5,5,0,0,5,0,5.263157844543457,0,0,0,0,0,0,0,0,188506.90850830078,229003.09002685547,0,404327403520,8589930496,5508612096,114688
9,1791580750653,2500,2500,800,800,800,799,800,799,2499,2500,2500,2499,2500,2499,800,800,5.263157844543457,5,5,0,0,5,0,5.263157844543457,0,0,0,0,0,0,0,0,188507.06085205078,229003.4063720703,0,404327403520,8589930496,5508612096,114688
9,1791580750663,2500,2500,800,800,800,799,800,799,2499,2500,2500,2499,2500,2499,800,800,5.263157844543457,5,5,0,0,5,0,5.263157844543457,0,0,0,0,0,0,0,0,188507.21264648438,229003.72564697266,0,404327403520,8589930496,5508612096,114688
10,1791580750673,2500,2500,800,800,800,799,800,799,2499,2500,2500,2499,2500,2499,800,800,5.263157844543457,5,5,0,0,5,0,5.263157844543457,0,0,0,0,0,0,0,0,188507.38055419922,229004.07653808594,0,404327403520,8589930496,5508612096,114688
9,1791580750683,2500,2500,800,800,800,799,800,799,2499,2500,2500,2499,2500,2499,800,800,5.263157844543457,5,5,0,0,5,0,5.263157844543457,0,0,0,0,0,0,0,0,188507.53619384766,229004.39752197266,0,404327403520,8589930496,5508612096,114688
9,1791580750693,2500,2500,800,800,800,799,800,799,2499,2500,2500,2499,2500,2499,800,800,5.263157844543457,5,5,0,0,5,0,5.263157844543457,0,0,0,0,0,0,0,0,188507.69018554688,229004.71423339844,0,404327403520,8589930496,5508612096,114688
10,1791580750703,2500,2500,800,800,800,799,800,799,2499,2500,2500,2499,2500,2499,800,800,5.263157844543457,5,5,0,0,5,0,5.263157844543457,0,0,0,0,0,0,0,0,188507.84637451172,229005.02770996094,0,404327403520,8589930496,5508612096,114688
9,1791580750713,2500,2500,800,800,800,799,800,799,2499,2500,2500,2499,2500,2499,800,800,5.263157844543457,5,5,0,0,5,0,5.263157844543457,0,0,0,0,0,0,0,0,188507.99871826172,229005.34252929688,0,404327403520,8589930496,5508612096,114688
10,1791580750723,2500,2500,800,800,800,799,800,799,2499,2500,2500,2499,2500,2499,800,800,5.263157844543457,5,5,0,0,5,0,5.263157844543457,0,0,0,0,0,0,0,0,188508.1528930664,229005.6668701172,0,404327403520,8589930496,5508612096,114688
9,1791580750733,2500,2500,800,800,800,799,800,799,2499,2500,2500,2499,2500,2499,800,800,5.263157844543457,5,5,0,0,5,0,5.263157844543457,0,0,0,0,0,0,0,0,188508.30889892578,229005.98638916016,0,404327403520,8589930496,5508612096,114688
9,1791580750744,2500,2500,800,800,800,799,800,799,2499,2500,2500,2499,2500,2499,800,800,5.263157844543457,5,5,0,0,5,0,5.263157844543457,0,0,0,0,0,0,0,0,188508.45867919922,229006.30297851563,0,404327403520,8589930496,5508612096,114688
9,1791580750754,2500,2500,800,800,800,799,800,799,2499,2500,2500,2499,2500,2499,800,800,5.263157844543457,0,0,0,0,0,5,10.526315689086914,0,0,0,0,0,0,5,5,188508.61486816406,229006.6187133789,0,404327403520,8589930496,5508612096,114688
9,1791580750764,2500,2500,800,800,800,799,800,799,2499,2500,2500,2499,2500,2499,800,800,5.263157844543457,0,0,0,0,0,5,10.526315689086914,0,0,0,0,0,0,5,5,188508.76922607422,229006.93432617188,0,404327403520,8589930496,5508612096,114688
9,1791580750774,2500,2500,800,800,800,799,800,799,2499,2500,2500,2499,2500,2499,800,800,5.263157844543457,0,0,0,0,0,5,10.526315689086914,0,0,0,0,0,0,5,5,188508.92156982422,229007.25360107422,0,404327403520,8589930496,5508612096,114688
9,1791580750784,2500,2500,800,800,800,799,800,799,2499,2500,2500,2499,2500,2499,800,800,5.263157844543457,0,0,0,0,0,5,10.526315689086914,0,0,0,0,0,0,5,5,188509.07135009766,229007.57232666016,0,404327403520,8589930496,5508612096,114688
9,1791580750794,2500,2500,800,800,800,799,800,799,2499,2500,2500,2499,2500,2499,800,800,5.263157844543457,0,0,0,0,0,5,10.526315689086914,0,0,0,0,0,0,5,5,188509.22528076172,229007.89068603516,0,404327403520,8589930496,5508612096,114688
9,1791580750804,2500,2500,800,800,800,799,800,799,2499,2500,2500,2499,2500,2499,800,800,5.263157844543457,0,0,0,0,0,5,10.526315689086914,0,0,0,0,0,0,5,5,188509.37719726563,229008.20782470703,0,404327403520,8589930496,5508612096,114688
9,1791580750814,2500,2500,800,800,800,799,800,799,2499,2500,2500,2499,2500,2499,800,800,5.263157844543457,0,0,0,0,0,5,10.526315689086914,0,0,0,0,0,0,5,5,188509.53045654297,229008.52416992188,0,404327403520,8589930496,5508612096,114688
9,1791580750824,2500,2500,800,800,800,799,800,799,2499,2500,2500,2499,2500,2499,800,800,5.263157844543457,0,0,0,0,0,5,10.526315689086914,0,0,0,0,0,0,5,5,188509.70092773438,229008.86907958984,0,404327403520,8589930496,5508612096,114688
9,1791580750834,2500,2500,800,800,800,799,800,799,2499,2500,2500,2499,2500,2499,800,800,5.263157844543457,0,0,0,0,0,5,10.526315689086914,0,0,0,0,0,0,5,5,188509.85473632813,229009.18255615234,0,404327403520,8589930496,5508612096,114688
9,1791580750844,2500,2500,800,800,800,799,800,799,2499,2500,2500,2499,2500,2499,800,800,5.263157844543457,0,0,0,0,0,5,10.526315689086914,0,0,0,0,0,0,5,5,188510.00616455078,229009.49981689453,0,404327403520,8589930496,5508612096,114688
9,1791580750854,2500,2500,800,800,800,799,800,799,2499,2500,2500,2499,2500,2499,800,800,5.263157844543457,0,0,0,0,0,5,10.526315689086914,0,0,0,0,0,0,5,5,188510.15631103516,229009.81378173828,0,404327403520,8589930496,5508612096,114688
9,1791580750864,2500,2500,800,800,800,799,800,799,2499,2500,2500,2499,2500,2499,800,800,5.263157844543457,0,0,0,0,0,5,10.526315689086914,0,0,0,0,0,0,5,5,188510.3099975586,229010.13116455078,0,404327403520,8589930496,5508612096,114688
9,1791580750874,2500,2500,800,800,800,799,800,799,2499,2500,2500,2499,2500,2499,800,800,5.263157844543457,0,0,0,0,0,5,10.526315689086914,0,0,0,0,0,0,5,5,188510.46197509766,229010.45123291016,0,404327403520,8589930496,5508612096,114688
10,1791580750884,2500,2500,800,800,800,799,800,799,2499,2500,2500,2499,2500,2499,800,800,5.263157844543457,0,0,0,0,0,5,10.526315689086914,0,0,0,0,0,0,5,5,188510.61688232422,229010.73406982422,0,404327403520,8589930496,5508612096,114688
9,1791580750895,2500,2500,800,800,800,799,800,799,2499,2500,2500,2499,2500,2499,800,800,5.263157844543457,0,0,0,0,0,5,10.526315689086914,0,0,0,0,0,0,5,5,188510.7651977539,229011.07928466797,0,404327403520,8589930496,5508612096,114688
9,1791580750905,2500,2500,800,800,800,799,800,799,2499,2500,2500,2499,2500,2499,800,800,5.263157844543457,0,0,0,0,0,5,10.526315689086914,0,0,0,0,0,0,5,5,188510.92358398438,229011.39764404297,0,404327403520,8589930496,5508612096,114688
9,1791580750915,2500,2500,800,800,800,799,800,799,2499,2500,2500,2499,2500,2499,800,800,5.263157844543457,0,0,0,0,0,5,10.526315689086914,0,0,0,0,0,0,5,5,188511.06915283203,229011.71130371094,0,404327403520,8589930496,5508612096,114688
9,1791580750925,2500,2500,800,800,800,799,800,799,2499,2500,2500,2499,2500,2499,800,800,5.263157844543457,0,0,0,0,0,5,10.526315689086914,0,0,0,0,0,0,5,5,188511.22235107422,229012.0255126953,0,404327403520,8589930496,5508612096,114688
9,1791580750935,2500,2500,800,800,800,799,800,799,2499,2500,2500,2499,2500,2499,800,800,5.263157844543457,0,0,0,0,0,5,10.526315689086914,0,0,0,0,0,0,5,5,188511.36755371094,229012.33892822266,0,404327403520,8589930496,5508612096,114688
9,1791580750945,2500,2500,800,800,800,799,800,799,2499,2500,2500,2499,2500,2499,800,800,5.263157844543457,0,0,0,0,0,5,10.526315689086914,0,0,0,0,0,0,5,5,188511.51629638672,229012.6494140625,0,404327403520,8589930496,5508612096,114688
9,1791580750955,2500,2500,800,800,800,799,800,799,2499,2500,2500,2499,2500,2499,800,800,0,0,0,0,0,0,0,5.263157844543457,0,0,0,0,0,0,0,0,188511.6680908203,229012.96453857422,0,404327403520,8589930496,5508612096,114688
9,1791580750965,2500,2500,800,800,800,799,800,799,2499,2500,2500,2499,2500,2499,800,800,0,0,0,0,0,0,0,5.263157844543457,0,0,0,0,0,0,0,0,188511.81713867188,229013.2817993164,0,404327403520,8589930496,5508612096,114688
10,1791580750975,2500,2500,800,800,800,799,800,799,2499,2500,2500,2499,2500,2499,800,800,0,0,0,0,0,0,0,5.263157844543457,0,0,0,0,0,0,0,0,188511.97424316406,229013.59704589844,0,404327403520,8589930496,5508612096,114688
9,1791580750985,2500,2500,800,800,800,799,800,799,2499,2500,2500,2499,2500,2499,800,800,0,0,0,0,0,0,0,5.263157844543457,0,0,0,0,0,0,0,0,188512.1332397461,229013.9429321289,0,404327403520,8589930496,5508612096,114688
9,1791580750995,2500,2500,800,800,800,799,800,799,2499,2500,2500,2499,2500,2499,800,800,0,0,0,0,0,0,0,5.263157844543457,0,0,0,0,0,0,0,0,188512.2855834961,229014.25646972656,0,404327403520,8589930496,5508612096,114688
10,1791580751005,2500,2500,800,800,800,799,800,799,2499,2500,2500,2499,2500,2499,800,800,0,0,0,0,0,0,0,5.263157844543457,0,0,0,0,0,0,0,0,188512.43524169922,229014.56884765625,0,404327403520,8589930496,5508612096,114688
9,1791580751015,2500,2500,800,800,800,799,800,799,2499,2500,2500,2499,2500,2499,800,800,0,0,0,0,0,0,0,5.263157844543457,0,0,0,0,0,0,0,0,188512.58374023438,229014.87786865234,0,404327403520,8589930496,5508612096,114688
9,1791580751026,2500,2500,800,800,800,799,800,799,2499,2500,2500,2499,2500,2499,800,800,0,0,0,0,0,0,0,5.263157844543457,0,0,0,0,0,0,0,0,188512.74237060547,229015.19580078125,0,404327403520,8589930496,5508612096,114688
9,1791580751036,2500,2500,800,800,800,799,800,799,2499,2500,2500,2499,2500,2499,800,800,0,0,0,0,0,0,0,5.263157844543457,0,0,0,0,0,0,0,0,188512.8946533203,229015.51165771484,0,404327403520,8589930496,5508612096,114688
9,1791580751046,2500,2500,800,800,800,799,800,799,2499,2500,2500,2499,2500,2499,800,800,0,0,0,0,0,0,0,5.263157844543457,0,0,0,0,0,0,0,0,188513.0499267578,229015.82684326172,0,404327403520,8589930496,5508612096,114688
9,1791580751056,2500,2500,800,800,800,799,800,799,2499,2500,2500,2499,2500,2499,800,800,0,0,0,0,0,0,0,5.263157844543457,0,0,0,0,0,0,0,0,188513.20629882813,229016.14471435547,0,404327403520,8589930496,5508612096,114688
9,1791580751066,2500,2500,800,800,800,799,800,799,2499,2500,2500,2499,2500,2499,800,800,0,0,0,0,0,0,0,5.263157844543457,0,0,0,0,0,0,0,0,188513.36102294922,229016.4564819336,0,404327403520,8589930496,5508612096,114688
10,1791580751076,2500,2500,800,800,800,799,800,799,2499,2500,2500,2499,2500,2499,800,800,0,0,0,0,0,0,0,5.263157844543457,0,0,0,0,0,0,0,0,188513.5122680664,229016.76971435547,0,404327403520,8589930496,5508612096,114688
9,1791580751086,2500,2500,800,800,800,799,800,799,2499,2500,2500,2499,2500,2499,800,800,0,0,0,0,0,0,0,5.263157844543457,0,0,0,0,0,0,0,0,188513.6693725586,229017.08135986328,0,404327403520,8589930496,5500354560,114688
9,1791580751096,2500,2500,800,800,800,799,800,799,2499,2500,2500,2499,2500,2499,800,800,0,0,0,0,0,0,0,5.263157844543457,0,0,0,0,0,0,0,0,188513.8286743164,229017.39532470703,0,404327403520,8589930496,5500354560,114688
9,1791580751106,2500,2500,800,800,800,799,800,799,2499,2500,2500,2499,2500,2499,800,800,0,0,0,0,0,0,0,5.263157844543457,0,0,0,0,0,0,0,0,188513.98565673828,229017.70806884766,0,404327403520,8589930496,5500354560,114688
10,1791580751116,2500,2500,800,800,800,799,800,799,2499,2500,2500,2499,2500,2499,800,800,0,0,0,0,0,0,0,5.263157844543457,0,0,0,0,0,0,0,0,188514.1385498047,229018.0248413086,0,404327403520,8589930496,5500354560,114688
10,1791580751126,2500,2500,800,800,800,799,800,799,2499,2500,2500,2499,2500,2499,800,800,0,0,0,0,0,0,0,5.263157844543457,0,0,0,0,0,0,0,0,188514.29235839844,229018.33612060547,0,404327403520,8589930496,5500354560,114688
9,1791580751136,2500,2500,800,800,800,799,800,799,2499,2500,2500,2499,2500,2499,800,800,0,0,0,0,0,0,0,5.263157844543457,0,0,0,0,0,0,0,0,188514.4613647461,229018.67651367188,0,404327403520,8589930496,5500354560,114688
10,1791580751146,2500,2500,800,800,800,799,800,799,2499,2500,2500,2499,2500,2499,800,800,0,0,0,0,0,0,0,5.263157844543457,0,0,0,0,0,0,0,0,188514.5985107422,229018.9614868164,0,404327403520,8589930496,5499580416,114688
10,1791580751156,2500,2500,800,800,800,799,800,799,2499,2500,2500,2499,2500,2499,800,800,0,0,0,0,0,0,0,10,9.523809432983398,5,5,0,0,5,0,0,188514.76733398438,229019.30786132813,0,404327403520,8589930496,5499580416,114688
10,1791580751166,2500,2500,800,800,800,799,800,799,2499,2500,2500,2499,2500,2499,800,800,0,0,0,0,0,0,0,10,9.523809432983398,5,5,0,0,5,0,0,188514.9165649414,229019.62573242188,0,404327403520,8589930496,5499580416,114688
9,1791580751177,2500,2500,800,800,800,799,800,799,2499,2500,2500,2499,2500,2499,800,800,0,0,0,0,0,0,0,10,9.523809432983398,5,5,0,0,5,0,0,188515.06616210938,229019.9447631836,0,404327403520,8589930496,5499580416,114688
9,1791580751187,2500,2500,800,800,800,799,800,799,2499,2500,2500,2499,2500,2499,800,800,0,0,0,0,0,0,0,10,9.523809432983398,5,5,0,0,5,0,0,188515.2177734375,229020.25848388672,0,404327403520,8589930496,5499580416,114688
10,1791580751197,2500,2500,800,800,800,799,800,799,2499,2500,2500,2499,2500,2499,800,800,0,0,0,0,0,0,0,10,9.523809432983398,5,5,0,0,5,0,0,188515.36279296875,229020.57147216797,0,404327403520,8589930496,5499580416,114688
9,1791580751207,2500,2500,800,800,800,799,800,799,2499,2500,2500,2499,2500,2499,800,800,0,0,0,0,0,0,0,10,9.523809432983398,5,5,0,0,5,0,0,188515.51696777344,229020.88513183594,0,404327403520,8589930496,5499580416,114688
9,1791580751217,2500,2500,800,800,800,799,800,799,2499,2500,2500,2499,2500,2499,800,800,0,0,0,0,0,0,0,10,9.523809432983398,5,5,0,0,5,0,0,188515.67150878906,229021.20092773438,0,404327403520,8589930496,5499580416,114688
9,1791580751227,2500,2500,800,800,800,799,800,799,2499,2500,2500,2499,2500,2499,800,800,0,0,0,0,0,0,0,10,9.523809432983398,5,5,0,0,5,0,0,188515.8282470703,229021.51971435547,0,404327403520,8589930496,5499580416,114688
10,1791580751237,2500,2500,800,800,800,799,800,799,2499,2500,2500,2499,2500,2499,800,800,0,0,0,0,0,0,0,10,9.523809432983398,5,5,0,0,5,0,0,188515.9789428711,229021.84210205078,0,404327403520,8589930496,5499580416,114688
9,1791580751247,2500,2500,800,800,800,799,800,799,2499,2500,2500,2499,2500,2499,800,800,0,0,0,0,0,0,0,10,9.523809432983398,5,5,0,0,5,0,0,188516.13385009766,229022.16217041016,0,404327403520,8589930496,5499580416,114688
10,1791580751257,2500,2500,800,800,800,799,800,799,2499,2500,2500,2499,2500,2499,800,800,0,0,0,0,0,0,0,10,9.523809432983398,5,5,0,0,5,0,0,188516.28436279297,229022.47528076172,0,404327403520,8589930496,5499580416,114688
9,1791580751267,2500,2500,800,800,800,799,800,799,2499,2500,2500,2499,2500,2499,800,800,0,0,0,0,0,0,0,10,9.523809432983398,5,5,0,0,5,0,0,188516.4341430664,229022.7930908203,0,404327403520,8589930496,5499580416,114688
9,1791580751277,2500,2500,800,800,800,799,800,799,2499,2500,2500,2499,2500,2499,800,800,0,0,0,0,0,0,0,10,9.523809432983398,5,5,0,0,5,0,0,188516.58795166016,229023.1137084961,0,404327403520,8589930496,5499580416,114688
10,1791580751287,2500,2500,800,800,800,799,800,799,2499,2500,2500,2499,2500,2499,800,800,0,0,0,0,0,0,0,10,9.523809432983398,5,5,0,0,5,0,0,188516.73809814453,229023.42950439453,0,404327403520,8589930496,5499580416,114688
9,1791580751297,2500,2500,800,800,800,799,800,799,2499,2500,2500,2499,2500,2499,800,800,0,0,0,0,0,0,0,10,9.523809432983398,5,5,0,0,5,0,0,188516.8887939453,229023.74633789063,0,404327403520,8589930496,5499580416,114688
9,1791580751307,2500,2500,800,800,800,799,800,799,2499,2500,2500,2499,2500,2499,800,800,0,0,0,0,0,0,0,10,9.523809432983398,5,5,0,0,5,0,0,188517.04425048828,229024.06481933594,0,404327403520,8589930496,5499580416,114688
10,1791580751317,2500,2500,800,800,800,799,800,799,2499,2500,2500,2499,2500,2499,800,800,0,0,0,0,0,0,0,10,9.523809432983398,5,5,0,0,5,0,0,188517.2000732422,229024.3768310547,0,404327403520,8589930496,5499580416,114688
10,1791580751328,2500,2500,800,800,800,799,800,799,2499,2500,2500,2499,2500,2499,800,800,0,0,0,0,0,0,0,10,9.523809432983398,5,5,0,0,5,0,0,188517.35723876953,229024.71740722656,0,404327403520,8589930496,5499580416,114688
9,1791580751338,2500,2500,800,800,800,799,800,799,2499,2500,2500,2499,2500,2499,800,800,0,0,0,0,0,0,0,10,9.523809432983398,5,5,0,0,5,0,0,188517.53216552734,229025.0369873047,0,404327403520,8589930496,5499580416,114688
9,1791580751348,2500,2500,800,800,800,799,800,799,2499,2500,2500,2499,2500,2499,800,800,0,0,0,0,0,0,0,10,9.523809432983398,5,5,0,0,5,0,0,188517.68817138672,229025.34643554688,0,404327403520,8589930496,5499580416,114688
9,1791580751358,2500,2500,800,800,800,799,800,799,2499,2500,2500,2499,2500,2499,800,800,5.263157844543457,5,0,5,0,0,0,5.555555820465088,0,0,0,0,0,0,0,0,188517.84271240234,229025.66015625,0,404327403520,8589930496,5499580416,114688
10,1791580751368,2500,2500,800,800,800,799,800,799,2499,2500,2500,2499,2500,2499,800,800,5.263157844543457,5,0,5,0,0,0,5.555555820465088,0,0,0,0,0,0,0,0,188517.9970703125,229025.9769897461,0,404327403520,8589930496,5499580416,114688
10,1791580751378,2500,2500,800,800,800,799,800,799,2499,2500,2500,2499,2500,2499,800,800,5.263157844543457,5,0,5,0,0,0,5.555555820465088,0,0,0,0,0,0,0,0,188518.15032958984,229026.29461669922,0,404327403520,8589930496,5499580416,114688
9,1791580751388,2500,2500,800,800,800,799,800,799,2499,2500,2500,2499,2500,2499,800,800,5.263157844543457,5,0,5,0,0,0,5.555555820465088,0,0,0,0,0,0,0,0,188518.3046875,229026.60900878906,0,404327403520,8589930496,5499580416,114688
9,1791580751398,2500,2500,800,800,800,799,800,799,2499,2500,2500,2499,2500,2499,800,800,5.263157844543457,5,0,5,0,0,0,5.555555820465088,0,0,0,0,0,0,0,0,188518.4605102539,229026.92291259766,0,404327403520,8589930496,5499580416,114688
9,1791580751408,2500,2500,800,800,800,799,800,799,2499,2500,2500,2499,2500,2499,800,800,5.263157844543457,5,0,5,0,0,0,5.555555820465088,0,0,0,0,0,0,0,0,188518.61431884766,229027.23583984375,0,404327403520,8589930496,5499580416,114688
10,1791580751418,2500,2500,800,800,800,799,800,799,2499,2500,2500,2499,2500,2499,800,800,5.263157844543457,5,0,5,0,0,0,5.555555820465088,0,0,0,0,0,0,0,0,188518.7681274414,229027.55102539063,0,404327403520,8589930496,5499580416,114688
9,1791580751428,2500,2500,800,800,800,799,800,799,2499,2500,2500,2499,2500,2499,800,800,5.263157844543457,5,0,5,0,0,0,5.555555820465088,0,0,0,0,0,0,0,0,188518.92156982422,229027.86614990234,0,404327403520,8589930496,5499580416,114688
10,1791580751438,2500,2500,800,800,800,799,800,799,2499,2500,2500,2499,2500,2499,800,800,5.263157844543457,5,0,5,0,0,0,5.555555820465088,0,0,0,0,0,0,0,0,188519.07666015625,229028.18572998047,0,404327403520,8589930496,5499580416,114688
9,1791580751448,2500,2500,800,800,800,799,800,799,2499,2500,2500,2499,2500,2499,800,800,5.263157844543457,5,0,5,0,0,0,5.555555820465088,0,0,0,0,0,0,0,0,188519.23431396484,229028.49334716797,0,404327403520,8589930496,5499580416,114688
9,1791580751459,2500,2500,800,800,800,799,800,799,2499,2500,2500,2499,2500,2499,800,800,5.263157844543457,5,0,5,0,0,0,5.555555820465088,0,0,0,0,0,0,0,0,188519.38446044922,229028.81286621094,0,404327403520,8589930496,5499580416,114688
9,1791580751469,2500,2500,800,800,800,799,800,799,2499,2500,2500,2499,2500,2499,800,800,5.263157844543457,5,0,5,0,0,0,5.555555820465088,0,0,0,0,0,0,0,0,188519.54064941406,229029.13330078125,0,404327403520,8589930496,5499580416,114688
10,1791580751479,2500,2500,800,800,800,799,800,799,2499,2500,2500,2499,2500,2499,800,800,5.263157844543457,5,0,5,0,0,0,5.555555820465088,0,0,0,0,0,0,0,0,188519.69427490234,229029.45281982422,0,404327403520,8589930496,5499580416,114688
9,1791580751489,2500,2500,800,800,800,799,800,799,2499,2500,2500,2499,2500,2499,800,800,5.263157844543457,5,0,5,0,0,0,5.555555820465088,0,0,0,0,0,0,0,0,188519.86254882813,229029.8052368164,0,404327403520,8589930496,5499580416,114688
9,1791580751499,2500,2500,800,800,800,799,800,799,2499,2500,2500,2499,2500,2499,800,800,5.263157844543457,5,0,5,0,0,0,5.555555820465088,0,0,0,0,0,0,0,0,188520.01013183594,229030.12322998047,0,404327403520,8589930496,5499580416,114688
9,1791580751509,2500,2500,800,800,800,799,800,799,2499,2500,2500,2499,2500,2499,800,800,5.263157844543457,5,0,5,0,0,0,5.555555820465088,0,0,0,0,0,0,0,0,188520.1615600586,229030.4119873047,0,404327403520,8589930496,5499580416,114688
9,1791580751519,2500,2500,800,800,800,799,800,799,2499,2500,2500,2499,2500,2499,800,800,5.263157844543457,5,0,5,0,0,0,5.555555820465088,0,0,0,0,0,0,0,0,188520.31170654297,229030.763671875,0,404327403520,8589930496,5499580416,114688
9,1791580751529,2500,2500,800,800,800,799,800,799,2499,2500,2500,2499,2500,2499,800,800,5.263157844543457,5,0,5,0,0,0,5.555555820465088,0,0,0,0,0,0,0,0,188520.46807861328,229031.07666015625,0,404327403520,8589930496,5499580416,114688
9,1791580751539,2500,2500,800,800,800,799,800,799,2499,2500,2500,2499,2500,2499,800,800,5.263157844543457,5,0,5,0,0,0,5.555555820465088,0,0,0,0,0,0,0,0,188520.62060546875,229031.38848876953,0,404327403520,8589930496,5499580416,114688
9,1791580751549,2500,2500,800,800,800,799,800,799,2499,2500,2500,2499,2500,2499,800,800,5.263157844543457,5,0,5,0,0,0,5.555555820465088,0,0,0,0,0,0,0,0,188520.7744140625,229031.70471191406,0,404327403520,8589930496,5499580416,114688
9,1791580751559,2500,2500,800,800,800,799,800,799,2499,2500,2500,2499,2500,2499,800,800,5.263157844543457,0,0,0,0,0,0,10,0,0,0,0,0,0,9.523809432983398,0,188520.9296875,229032.02270507813,0,404327403520,8589930496,5499580416,114688
10,1791580751569,2500,2500,800,800,800,799,800,799,2499,2500,2500,2499,2500,2499,800,800,5.263157844543457,0,0,0,0,0,0,10,0,0,0,0,0,0,9.523809432983398,0,188521.07928466797,229032.33374023438,0,404327403520,8589930496,5499580416,114688
9,1791580751579,2500,2500,800,800,800,799,800,799,2499,2500,2500,2499,2500,2499,800,800,5.263157844543457,0,0,0,0,0,0,10,0,0,0,0,0,0,9.523809432983398,0,188521.23431396484,229032.6527709961,0,404327403520,8589930496,5499580416,114688
9,1791580751590,2500,2500,800,800,800,799,800,799,2499,2500,2500,2499,2500,2499,800,800,5.263157844543457,0,0,0,0,0,0,10,0,0,0,0,0,0,9.523809432983398,0,188521.39031982422,229032.9669189453,0,404327403520,8589930496,5499580416,114688
9,1791580751600,2500,2500,800,800,800,799,800,799,2499,2500,2500,2499,2500,2499,800,800,5.263157844543457,0,0,0,0,0,0,10,0,0,0,0,0,0,9.523809432983398,0,188521.5418701172,229033.28143310547,0,404327403520,8589930496,5499580416,114688
9,1791580751610,2500,2500,800,800,800,799,800,799,2499,2500,2500,2499,2500,2499,800,800,5.263157844543457,0,0,0,0,0,0,10,0,0,0,0,0,0,9.523809432983398,0,188521.6922607422,229033.59893798828,0,404327403520,8589930496,5499580416,114688
10,1791580751620,2500,2500,800,800,800,799,800,799,2499,2500,2500,2499,2500,2499,800,800,5.263157844543457,0,0,0,0,0,0,10,0,0,0,0,0,0,9.523809432983398,0,188521.84478759766,229033.91412353516,0,404327403520,8589930496,5499580416,114688
9,1791580751630,2500,2500,800,800,800,799,800,799,2499,2500,2500,2499,2500,2499,800,800,5.263157844543457,0,0,0,0,0,0,10,0,0,0,0,0,0,9.523809432983398,0,188522.00360107422,229034.22399902344,0,404327403520,8589930496,5499580416,114688
9,1791580751640,2500,2500,800,800,800,799,800,799,2499,2500,2500,2499,2500,2499,800,800,5.263157844543457,0,0,0,0,0,0,10,0,0,0,0,0,0,9.523809432983398,0,188522.1572265625,229034.53955078125,0,404327403520,8589930496,5499580416,114688
9,1791580751650,2500,2500,800,800,800,799,800,799,2499,2500,2500,2499,2500,2499,800,800,5.263157844543457,0,0,0,0,0,0,10,0,0,0,0,0,0,9.523809432983398,0,188522.3236694336,229034.8878173828,0,404327403520,8589930496,5499580416,114688
9,1791580751660,2500,2500,800,800,800,799,800,799,2499,2500,2500,2499,2500,2499,800,800,5.263157844543457,0,0,0,0,0,0,10,0,0,0,0,0,0,9.523809432983398,0,188522.47985839844,229035.2035522461,0,404327403520,8589930496,5499580416,114688
9,1791580751670,2500,2500,800,800,800,799,800,799,2499,2500,2500,2499,2500,2499,800,800,5.263157844543457,0,0,0,0,0,0,10,0,0,0,0,0,0,9.523809432983398,0,188522.63568115234,229035.5189819336,0,404327403520,8589930496,5499580416,114688
9,1791580751680,2500,2500,800,800,800,799,800,799,2499,2500,2500,2499,2500,2499,800,800,5.263157844543457,0,0,0,0,0,0,10,0,0,0,0,0,0,9.523809432983398,0,188522.79077148438,229035.83764648438,0,404327403520,8589930496,5499580416,114688
9,1791580751690,2500,2500,800,800,800,799,800,799,2499,2500,2500,2499,2500,2499,800,800,5.263157844543457,0,0,0,0,0,0,10,0,0,0,0,0,0,9.523809432983398,0,188522.9447631836,229036.15405273438,0,404327403520,8589930496,5499580416,114688
9,1791580751700,2500,2500,800,800,800,799,800,799,2499,2500,2500,2499,2500,2499,800,800,5.263157844543457,0,0,0,0,0,0,10,0,0,0,0,0,0,9.523809432983398,0,188523.1011352539,229036.46466064453,0,404327403520,8589930496,5499580416,114688
9,1791580751710,2500,2500,800,800,800,799,800,799,2499,2500,2500,2499,2500,2499,800,800,5.263157844543457,0,0,0,0,0,0,10,0,0,0,0,0,0,9.523809432983398,0,188523.25622558594,229036.78088378906,0,404327403520,8589930496,5499580416,114688
9,1791580751720,2500,2500,800,800,800,799,800,799,2499,2500,2500,2499,2500,2499,800,800,5.263157844543457,0,0,0,0,0,0,10,0,0,0,0,0,0,9.523809432983398,0,188523.41333007813,229037.09796142578,0,404327403520,8589930496,5499580416,114688
9,1791580751730,2500,2500,800,800,800,799,800,799,2499,2500,2500,2499,2500,2499,800,800,5.263157844543457,0,0,0,0,0,0,10,0,0,0,0,0,0,9.523809432983398,0,188523.56567382813,229037.4188232422,0,404327403520,8589930496,5499580416,114688
10,1791580751740,2500,2500,800,800,800,799,800,799,2499,2500,2500,2499,2500,2499,800,800,5.263157844543457,0,0,0,0,0,0,10,0,0,0,0,0,0,9.523809432983398,0,188523.71484375,229037.7374267578,0,404327403520,8589930496,5499580416,114688
9,1791580751751,2500,2500,800,800,800,799,800,799,2499,2500,2500,2499,2500,2499,800,800,5.263157844543457,0,0,0,0,0,0,10,0,0,0,0,0,0,9.523809432983398,0,188523.8677368164,229038.0499267578,0,404327403520,8589930496,5499580416,114688
9,1791580751761,2500,2500,800,800,800,799,800,799,2499,2500,2500,2499,2500,2499,800,800,5,0,0,0,0,0,0,5.263157844543457,0,0,0,0,0,0,0,0,188524.01861572266,229038.3663330078,0,404327403520,8589930496,5499580416,114688
10,1791580751771,2500,2500,800,800,800,799,800,799,2499,2500,2500,2499,2500,2499,800,800,5,0,0,0,0,0,0,5.263157844543457,0,0,0,0,0,0,0,0,188524.17260742188,229038.68255615234,0,404327403520,8589930496,5499580416,114688
9,1791580751781,2500,2500,800,800,800,799,800,799,2499,2500,2500,2499,2500,2499,800,800,5,0,0,0,0,0,0,5.263157844543457,0,0,0,0,0,0,0,0,188524.3256225586,229039.0029296875,0,404327403520,8589930496,5499580416,114688
10,1791580751791,2500,2500,800,800,800,799,800,799,2499,2500,2500,2499,2500,2499,800,800,5,0,0,0,0,0,0,5.263157844543457,0,0,0,0,0,0,0,0,188524.47814941406,229039.32543945313,0,404327403520,8589930496,5499580416,114688
9,1791580751801,2500,2500,800,800,800,799,800,799,2499,2500,2500,2499,2500,2499,800,800,5,0,0,0,0,0,0,5.263157844543457,0,0,0,0,0,0,0,0,188524.6478881836,229039.67333984375,0,404327403520,8589930496,5499580416,114688
9,1791580751811,2500,2500,800,800,800,799,800,799,2499,2500,2500,2499,2500,2499,800,800,5,0,0,0,0,0,0,5.263157844543457,0,0,0,0,0,0,0,0,188524.80517578125,229039.98193359375,0,404327403520,8589930496,5499580416,114688
10,1791580751821,2500,2500,800,800,800,799,800,799,2499,2500,2500,2499,2500,2499,800,800,5,0,0,0,0,0,0,5.263157844543457,0,0,0,0,0,0,0,0,188524.96221923828,229040.29193115234,0,404327403520,8589930496,5499580416,114688
9,1791580751831,2500,2500,800,800,800,799,800,799,2499,2500,2500,2499,2500,2499,800,800,5,0,0,0,0,0,0,5.263157844543457,0,0,0,0,0,0,0,0,188525.1128540039,229040.60815429688,0,404327403520,8589930496,5499580416,114688
9,1791580751841,2500,2500,800,800,800,799,800,799,2499,2500,2500,2499,2500,2499,800,800,5,0,0,0,0,0,0,5.263157844543457,0,0,0,0,0,0,0,0,188525.26794433594,229040.92510986328,0,404327403520,8589930496,5499580416,114688
9,1791580751851,2500,2500,800,800,800,799,800,799,2499,2500,2500,2499,2500,2499,800,800,5,0,0,0,0,0,0,5.263157844543457,0,0,0,0,0,0,0,0,188525.42431640625,229041.23791503906,0,404327403520,8589930496,5499580416,114688
9,1791580751861,2500,2500,800,800,800,799,800,799,2499,2500,2500,2499,2500,2499,800,800,5,0,0,0,0,0,0,5.263157844543457,0,0,0,0,0,0,0,0,188525.5770263672,229041.55084228516,0,404327403520,8589930496,5499580416,114688
10,1791580751871,2500,2500,800,800,800,799,800,799,2499,2500,2500,2499,2500,2499,800,800,5,0,0,0,0,0,0,5.263157844543457,0,0,0,0,0,0,0,0,188525.73046875,229041.8638305664,0,404327403520,8589930496,5499580416,114688
9,1791580751882,2500,2500,800,800,800,799,800,799,2499,2500,2500,2499,2500,2499,800,800,5,0,0,0,0,0,0,5.263157844543457,0,0,0,0,0,0,0,0,188525.88720703125,229042.18225097656,0,404327403520,8589930496,5499580416,114688
9,1791580751892,2500,2500,800,800,800,799,800,799,2499,2500,2500,2499,2500,2499,800,800,5,0,0,0,0,0,0,5.263157844543457,0,0,0,0,0,0,0,0,188526.0453491211,229042.5005493164,0,404327403520,8589930496,5499580416,114688
9,1791580751902,2500,2500,800,800,800,799,800,799,2499,2500,2500,2499,2500,2499,800,800,5,0,0,0,0,0,0,5.263157844543457,0,0,0,0,0,0,0,0,188526.2041015625,229042.8172607422,0,404327403520,8589930496,5499580416,114688
9,1791580751912,2500,2500,800,800,800,799,800,799,2499,2500,2500,2499,2500,2499,800,800,5,0,0,0,0,0,0,5.263157844543457,0,0,0,0,0,0,0,0,188526.35516357422,229043.1337890625,0,404327403520,8589930496,5499580416,114688
9,1791580751922,2500,2500,800,800,800,799,800,799,2499,2500,2500,2499,2500,2499,800,800,5,0,0,0,0,0,0,5.263157844543457,0,0,0,0,0,0,0,0,188526.50756835938,229043.4506225586,0,404327403520,8589930496,5499580416,114688
10,1791580751932,2500,2500,800,800,800,799,800,799,2499,2500,2500,2499,2500,2499,800,800,5,0,0,0,0,0,0,5.263157844543457,0,0,0,0,0,0,0,0,188526.66467285156,229043.765625,0,404327403520,8589930496,5499580416,114688
10,1791580751942,2500,2500,800,800,800,799,800,799,2499,2500,2500,2499,2500,2499,800,800,5,0,0,0,0,0,0,5.263157844543457,0,0,0,0,0,0,0,0,188526.81811523438,229044.0835571289,0,404327403520,8589930496,5499580416,114688
10,1791580751952,2500,2500,800,800,800,799,800,799,2499,2500,2500,2499,2500,2499,800,800,5,0,0,0,0,0,0,5.263157844543457,0,0,0,0,0,0,0,0,188526.97399902344,229044.39776611328,0,404327403520,8589930496,5499580416,114688
9,1791580751962,2500,2500,800,800,800,799,800,799,2499,2500,2500,2499,2500,2499,800,800,5.263157844543457,0,0,0,0,0,0,5.555555820465088,0,0,0,0,5,0,0,0,188527.14611816406,229044.74517822266,0,404327403520,8589930496,5499580416,114688
9,1791580751972,2500,2500,800,800,800,799,800,799,2499,2500,2500,2499,2500,2499,800,800,5.263157844543457,0,0,0,0,0,0,5.555555820465088,0,0,0,0,5,0,0,0,188527.298828125,229045.05560302734,0,404327403520,8589930496,5499580416,114688
9,1791580751982,2500,2500,800,800,800,799,800,799,2499,2500,2500,2499,2500,2499,800,800,5.263157844543457,0,0,0,0,0,0,5.555555820465088,0,0,0,0,5,0,0,0,188527.45483398438,229045.36993408203,0,404327403520,8589930496,5499580416,114688
10,1791580751992,2500,2500,800,800,800,799,800,799,2499,2500,2500,2499,2500,2499,800,800,5.263157844543457,0,0,0,0,0,0,5.555555820465088,0,0,0,0,5,0,0,0,188527.6046142578,229045.68286132813,0,404327403520,8589930496,5499580416,114688
9,1791580752002,2500,2500,800,800,800,799,800,799,2499,2500,2500,2499,2500,2499,800,800,5.263157844543457,0,0,0,0,0,0,5.555555820465088,0,0,0,0,5,0,0,0,188527.76025390625,229045.9893798828,0,404327403520,8589930496,5499580416,114688
10,1791580752012,2500,2500,800,800,800,799,800,799,2499,2500,2500,2499,2500,2499,800,800,5.263157844543457,0,0,0,0,0,0,5.555555820465088,0,0,0,0,5,0,0,0,188527.9175415039,229046.30541992188,0,404327403520,8589930496,5499580416,114688
9,1791580752023,2500,2500,800,800,800,799,800,799,2499,2500,2500,2499,2500,2499,800,800,5.263157844543457,0,0,0,0,0,0,5.555555820465088,0,0,0,0,5,0,0,0,188528.07330322266,229046.62286376953,0,404327403520,8589930496,5499580416,114688
9,1791580752033,2500,2500,800,800,800,799,800,799,2499,2500,2500,2499,2500,2499,800,800,5.263157844543457,0,0,0,0,0,0,5.555555820465088,0,0,0,0,5,0,0,0,188528.2294921875,229046.9403076172,0,404327403520,8589930496,5499580416,114688
9,1791580752043,2500,2500,800,800,800,799,800,799,2499,2500,2500,2499,2500,2499,800,800,5.263157844543457,0,0,0,0,0,0,5.555555820465088,0,0,0,0,5,0,0,0,188528.38439941406,229047.25830078125,0,404327403520,8589930496,5499580416,114688
9,1791580752053,2500,2500,800,800,800,799,800,799,2499,2500,2500,2499,2500,2499,800,800,5.263157844543457,0,0,0,0,0,0,5.555555820465088,0,0,0,0,5,0,0,0,188528.53985595703,229047.57397460938,0,404327403520,8589930496,5499580416,114688
9,1791580752063,2500,2500,800,800,800,799,800,799,2499,2500,2500,2499,2500,2499,800,800,5.263157844543457,0,0,0,0,0,0,5.555555820465088,0,0,0,0,5,0,0,0,188528.69274902344,229047.89001464844,0,404327403520,8589930496,5499580416,114688
9,1791580752073,2500,2500,800,800,800,799,800,799,2499,2500,2500,2499,2500,2499,800,800,5.263157844543457,0,0,0,0,0,0,5.555555820465088,0,0,0,0,5,0,0,0,188528.8500366211,229048.2061767578,0,404327403520,8589930496,5499580416,114688
9,1791580752083,2500,2500,800,800,800,799,800,799,2499,2500,2500,2499,2500,2499,800,800,5.263157844543457,0,0,0,0,0,0,5.555555820465088,0,0,0,0,5,0,0,0,188528.99798583984,229048.52124023438,0,404327403520,8589930496,5499580416,114688
9,1791580752093,2500,2500,800,800,800,799,800,799,2499,2500,2500,2499,2500,2499,800,800,5.263157844543457,0,0,0,0,0,0,5.555555820465088,0,0,0,0,5,0,0,0,188529.15112304688,229048.83319091797,0,404327403520,8589930496,5499580416,114688
9,1791580752103,2500,2500,800,800,800,799,800,799,2499,2500,2500,2499,2500,2499,800,800,5.263157844543457,0,0,0,0,0,0,5.555555820465088,0,0,0,0,5,0,0,0,188529.30493164063,229049.14739990234,0,404327403520,8589930496,5490290688,114688
9,1791580752113,2500,2500,800,800,800,799,800,799,2499,2500,2500,2499,2500,2499,800,800,5.263157844543457,0,0,0,0,0,0,5.555555820465088,0,0,0,0,5,0,0,0,188529.47540283203,229049.48779296875,0,404327403520,8589930496,5490290688,114688
10,1791580752123,2500,2500,800,800,800,799,800,799,2499,2500,2500,2499,2500,2499,800,800,5.263157844543457,0,0,0,0,0,0,5.555555820465088,0,0,0,0,5,0,0,0,188529.61712646484,229049.77056884766,0,404327403520,8589930496,5490290688,114688
9,1791580752133,2500,2500,800,800,800,799,800,799,2499,2500,2500,2499,2500,2499,800,800,5.263157844543457,0,0,0,0,0,0,5.555555820465088,0,0,0,0,5,0,0,0,188529.7850341797,229050.11755371094,0,404327403520,8589930496,5490290688,114688
9,1791580752143,2500,2500,800,800,800,799,800,799,2499,2500,2500,2499,2500,2499,800,800,5.263157844543457,0,0,0,0,0,0,5.555555820465088,0,0,0,0,5,0,0,0,188529.94104003906,229050.4321899414,0,404327403520,8589930496,5490290688,114688
9,1791580752153,2500,2500,800,800,800,799,800,799,2499,2500,2500,2499,2500,2499,800,800,5.263157844543457,0,0,0,0,0,0,5.555555820465088,0,0,0,0,5,0,0,0,188530.09832763672,229050.7518310547,0,404327403520,8589930496,5490290688,114688
9,1791580752164,2500,2500,800,800,800,799,800,799,2499,2500,2500,2499,2500,2499,800,800,5.263157844543457,0,0,0,0,0,0,10,5,0,0,0,0,0,0,0,188530.25854492188,229051.06787109375,0,404327403520,8589930496,5490290688,114688
9,1791580752174,2500,2500,800,800,800,799,800,799,2499,2500,2500,2499,2500,2499,800,800,5.263157844543457,0,0,0,0,0,0,10,5,0,0,0,0,0,0,0,188530.4141845703,229051.38165283203,0,404327403520,8589930496,5490290688,114688
9,1791580752184,2500,2500,800,800,800,799,800,799,2499,2500,2500,2499,2500,2499,800,800,5.263157844543457,0,0,0,0,0,0,10,5,0,0,0,0,0,0,0,188530.57165527344,229051.69848632813,0,404327403520,8589930496,5490290688,114688
9,1791580752194,2500,2500,800,800,800,799,800,799,2499,2500,2500,2499,2500,2499,800,800,5.263157844543457,0,0,0,0,0,0,10,5,0,0,0,0,0,0,0,188530.73413085938,229052.01147460938,0,404327403520,8589930496,5490290688,114688
10,1791580752204,2500,2500,800,800,800,799,800,799,2499,2500,2500,2499,2500,2499,800,800,5.263157844543457,0,0,0,0,0,0,10,5,0,0,0,0,0,0,0,188530.8905029297,229052.328125,0,404327403520,8589930496,5490290688,114688
9,1791580752214,2500,2500,800,800,800,799,800,799,2499,2500,2500,2499,2500,2499,800,800,5.263157844543457,0,0,0,0,0,0,10,5,0,0,0,0,0,0,0,188531.04498291016,229052.64208984375,0,404327403520,8589930496,5490290688,114688
9,1791580752224,2500,2500,800,800,800,799,800,799,2499,2500,2500,2499,2500,2499,800,800,5.263157844543457,0,0,0,0,0,0,10,5,0,0,0,0,0,0,0,188531.201171875,229052.95892333984,0,404327403520,8589930496,5490290688,114688
9,1791580752234,2500,2500,800,800,800,799,800,799,2499,2500,2500,2499,2500,2499,800,800,5.263157844543457,0,0,0,0,0,0,10,5,0,0,0,0,0,0,0,188531.36267089844,229053.27124023438,0,404327403520,8589930496,5490290688,114688
9,1791580752244,2500,2500,800,800,800,799,800,799,2499,2500,2500,2499,2500,2499,800,800,5.263157844543457,0,0,0,0,0,0,10,5,0,0,0,0,0,0,0,188531.53369140625,229053.58715820313,0,404327403520,8589930496,5490290688,114688
10,1791580752254,2500,2500,800,800,800,799,800,799,2499,2500,2500,2499,2500,2499,800,800,5.263157844543457,0,0,0,0,0,0,10,5,0,0,0,0,0,0,0,188531.67578125,229053.90368652344,0,404327403520,8589930496,5490290688,114688
10,1791580752264,2500,2500,800,800,800,799,800,799,2499,2500,2500,2499,2500,2499,800,800,5.263157844543457,0,0,0,0,0,0,10,5,0,0,0,0,0,0,0,188531.82885742188,229054.2191772461,0,404327403520,8589930496,5490290688,114688
9,1791580752274,2500,2500,800,800,800,799,800,799,2499,2500,2500,2499,2500,2499,800,800,5.263157844543457,0,0,0,0,0,0,10,5,0,0,0,0,0,0,0,188531.99493408203,229054.56439208984,0,404327403520,8589930496,5490290688,114688
9,1791580752284,2500,2500,800,800,800,799,800,799,2499,2500,2500,2499,2500,2499,800,800,5.263157844543457,0,0,0,0,0,0,10,5,0,0,0,0,0,0,0,188532.15167236328,229054.87951660156,0,404327403520,8589930496,5490290688,114688
10,1791580752294,2500,2500,800,800,800,799,800,799,2499,2500,2500,2499,2500,2499,800,800,5.263157844543457,0,0,0,0,0,0,10,5,0,0,0,0,0,0,0,188532.29260253906,229055.15936279297,0,404327403520,8589930496,5490290688,114688
10,1791580752304,2500,2500,800,800,800,799,800,799,2499,2500,2500,2499,2500,2499,800,800,5.263157844543457,0,0,0,0,0,0,10,5,0,0,0,0,0,0,0,188532.46618652344,229055.5069580078,0,404327403520,8589930496,5490290688,114688
9,1791580752315,2500,2500,800,800,800,799,800,799,2499,2500,2500,2499,2500,2499,800,800,5.263157844543457,0,0,0,0,0,0,10,5,0,0,0,0,0,0,0,188532.6199951172,229055.82122802734,0,404327403520,8589930496,5490290688,114688
9,1791580752325,2500,2500,800,800,800,799,800,799,2499,2500,2500,2499,2500,2499,800,800,5.263157844543457,0,0,0,0,0,0,10,5,0,0,0,0,0,0,0,188532.7758178711,229056.13458251953,0,404327403520,8589930496,5490290688,114688
9,1791580752335,2500,2500,800,800,800,799,800,799,2499,2500,2500,2499,2500,2499,800,800,5.263157844543457,0,0,0,0,0,0,10,5,0,0,0,0,0,0,0,188532.93145751953,229056.4525756836,0,404327403520,8589930496,5490290688,114688
9,1791580752345,2500,2500,800,800,800,799,800,799,2499,2500,2500,2499,2500,2499,800,800,5.263157844543457,0,0,0,0,0,0,10,5,0,0,0,0,0,0,0,188533.0845336914,229056.76885986328,0,404327403520,8589930496,5490290688,114688
9,1791580752355,2500,2500,800,800,800,799,800,799,2499,2500,2500,2499,2500,2499,800,800,5.263157844543457,0,0,0,0,0,0,10,5,0,0,0,0,0,0,0,188533.24200439453,229057.07916259766,0,404327403520,8589930496,5490290688,114688
10,1791580752365,2500,2500,800,800,800,799,800,799,2499,2500,2500,2499,2500,2499,800,800,5.263157844543457,5,0,0,0,5,0,0,0,0,0,0,0,0,5.263157844543457,0,188533.39617919922,229057.3936767578,0,404327403520,8589930496,5490290688,114688
9,1791580752375,2500,2500,800,800,800,799,800,799,2499,2500,2500,2499,2500,2499,800,800,5.263157844543457,5,0,0,0,5,0,0,0,0,0,0,0,0,5.263157844543457,0,188533.55603027344,229057.70971679688,0,404327403520,8589930496,5490290688,114688
9,1791580752385,2500,2500,800,800,800,799,800,799,2499,2500,2500,2499,2500,2499,800,800,5.263157844543457,5,0,0,0,5,0,0,0,0,0,0,0,0,5.263157844543457,0,188533.7159423828,229058.0228881836,0,404327403520,8589930496,5490290688,114688
9,1791580752395,2500,2500,800,800,800,799,800,799,2499,2500,2500,2499,2500,2499,800,800,5.263157844543457,5,0,0,0,5,0,0,0,0,0,0,0,0,5.263157844543457,0,188533.86907958984,229058.3338623047,0,404327403520,8589930496,5490290688,114688
9,1791580752405,2500,2500,800,800,800,799,800,799,2499,2500,2500,2499,2500,2499,800,800,5.263157844543457,5,0,0,0,5,0,0,0,0,0,0,0,0,5.263157844543457,0,188534.0263671875,229058.6460571289,0,404327403520,8589930496,5490290688,114688
9,1791580752415,2500,2500,800,800,800,799,800,799,2499,2500,2500,2499,2500,2499,800,800,5.263157844543457,5,0,0,0,5,0,0,0,0,0,0,0,0,5.263157844543457,0,188534.18145751953,229058.95654296875,0,404327403520,8589930496,5490290688,114688
10,1791580752425,2500,2500,800,800,800,799,800,799,2499,2500,2500,2499,2500,2499,800,800,5.263157844543457,5,0,0,0,5,0,0,0,0,0,0,0,0,5.263157844543457,0,188534.33819580078,229059.27813720703,0,404327403520,8589930496,5490290688,114688
10,1791580752435,2500,2500,800,800,800,799,800,799,2499,2500,2500,2499,2500,2499,800,800,5.263157844543457,5,0,0,0,5,0,0,0,0,0,0,0,0,5.263157844543457,0,188534.48889160156,229059.5938720703,0,404327403520,8589930496,5490290688,114688
9,1791580752445,2500,2500,800,800,800,799,800,799,2499,2500,2500,2499,2500,2499,800,800,5.263157844543457,5,0,0,0,5,0,0,0,0,0,0,0,0,5.263157844543457,0,188534.64123535156,229059.90631103516,0,404327403520,8589930496,5490290688,114688
9,1791580752456,2500,2500,800,800,800,799,800,799,2499,2500,2500,2499,2500,2499,800,800,5.263157844543457,5,0,0,0,5,0,0,0,0,0,0,0,0,5.263157844543457,0,188534.8179321289,229060.25341796875,0,404327403520,8589930496,5490290688,114688
9,1791580752466,2500,2500,800,800,800,799,800,799,2499,2500,2500,2499,2500,2499,800,800,5.263157844543457,5,0,0,0,5,0,0,0,0,0,0,0,0,5.263157844543457,0,188534.9727783203,229060.56713867188,0,404327403520,8589930496,5490290688,114688
9,1791580752476,2500,2500,800,800,800,799,800,799,2499,2500,2500,2499,2500,2499,800,800,5.263157844543457,5,0,0,0,5,0,0,0,0,0,0,0,0,5.263157844543457,0,188535.12896728516,229060.87408447266,0,404327403520,8589930496,5490290688,114688
9,1791580752486,2500,2500,800,800,800,799,800,799,2499,2500,2500,2499,2500,2499,800,800,5.263157844543457,5,0,0,0,5,0,0,0,0,0,0,0,0,5.263157844543457,0,188535.2855834961,229061.18536376953,0,404327403520,8589930496,5490290688,114688
9,1791580752496,2500,2500,800,800,800,799,800,799,2499,2500,2500,2499,2500,2499,800,800,5.263157844543457,5,0,0,0,5,0,0,0,0,0,0,0,0,5.263157844543457,0,188535.4412841797,229061.50384521484,0,404327403520,8589930496,5490290688,114688
9,1791580752506,2500,2500,800,800,800,799,800,799,2499,2500,2500,2499,2500,2499,800,800,5.263157844543457,5,0,0,0,5,0,0,0,0,0,0,0,0,5.263157844543457,0,188535.60388183594,229061.81896972656,0,404327403520,8589930496,5490290688,114688
9,1791580752516,2500,2500,800,800,800,799,800,799,2499,2500,2500,2499,2500,2499,800,800,5.263157844543457,5,0,0,0,5,0,0,0,0,0,0,0,0,5.263157844543457,0,188535.7628173828,229062.13598632813,0,404327403520,8589930496,5490290688,114688
9,1791580752526,2500,2500,800,800,800,799,800,799,2499,2500,2500,2499,2500,2499,800,800,5.263157844543457,5,0,0,0,5,0,0,0,0,0,0,0,0,5.263157844543457,0,188535.9164428711,229062.4512939453,0,404327403520,8589930496,5490290688,114688
9,1791580752536,2500,2500,800,800,800,799,800,799,2499,2500,2500,2499,2500,2499,800,800,5.263157844543457,5,0,0,0,5,0,0,0,0,0,0,0,0,5.263157844543457,0,188536.07354736328,229062.76245117188,0,404327403520,8589930496,5490290688,114688
9,1791580752546,2500,2500,800,800,800,799,800,799,2499,2500,2500,2499,2500,2499,800,800,5.263157844543457,5,0,0,0,5,0,0,0,0,0,0,0,0,5.263157844543457,0,188536.22827148438,229063.078125,0,404327403520,8589930496,5490290688,114688
9,1791580752556,2500,2500,800,800,800,799,800,799,2499,2500,2500,2499,2500,2499,800,800,5.263157844543457,5,0,0,0,5,0,0,0,0,0,0,0,0,5.263157844543457,0,188536.38409423828,229063.39428710938,0,404327403520,8589930496,5490290688,114688
9,1791580752566,2500,2500,800,800,800,799,800,799,2499,2500,2500,2499,2500,2499,800,800,0,5,0,0,0,0,0,15.000000953674316,0,0,0,0,0,0,0,0,188536.5391845703,229063.71514892578,0,404327403520,8589930496,5490290688,114688
10,1791580752576,2500,2500,800,800,800,799,800,799,2499,2500,2500,2499,2500,2499,800,800,0,5,0,0,0,0,0,15.000000953674316,0,0,0,0,0,0,0,0,188536.69244384766,229064.0333251953,0,404327403520,8589930496,5490290688,114688
9,1791580752587,2500,2500,800,800,800,799,800,799,2499,2500,2500,2499,2500,2499,800,800,0,5,0,0,0,0,0,15.000000953674316,0,0,0,0,0,0,0,0,188536.8433227539,229064.35717773438,0,404327403520,8589930496,5490290688,114688
9,1791580752597,2500,2500,800,800,800,799,800,799,2499,2500,2500,2499,2500,2499,800,800,0,5,0,0,0,0,0,15.000000953674316,0,0,0,0,0,0,0,0,188537.00244140625,229064.66967773438,0,404327403520,8589930496,5490290688,114688
9,1791580752607,2500,2500,800,800,800,799,800,799,2499,2500,2500,2499,2500,2499,800,800,0,5,0,0,0,0,0,15.000000953674316,0,0,0,0,0,0,0,0,188537.17218017578,229065.01348876953,0,404327403520,8589930496,5490290688,114688
10,1791580752617,2500,2500,800,800,800,799,800,799,2499,2500,2500,2499,2500,2499,800,800,0,5,0,0,0,0,0,15.000000953674316,0,0,0,0,0,0,0,0,188537.31060791016,229065.2984008789,0,404327403520,8589930496,5490290688,114688
9,1791580752627,2500,2500,800,800,800,799,800,799,2499,2500,2500,2499,2500,2499,800,800,0,5,0,0,0,0,0,15.000000953674316,0,0,0,0,0,0,0,0,188537.4761352539,229065.646484375,0,404327403520,8589930496,5490290688,114688
9,1791580752637,2500,2500,800,800,800,799,800,799,2499,2500,2500,2499,2500,2499,800,800,0,5,0,0,0,0,0,15.000000953674316,0,0,0,0,0,0,0,0,188537.6326904297,229065.96057128906,0,404327403520,8589930496,5490290688,114688
9,1791580752647,2500,2500,800,800,800,799,800,799,2499,2500,2500,2499,2500,2499,800,800,0,5,0,0,0,0,0,15.000000953674316,0,0,0,0,0,0,0,0,188537.78686523438,229066.27795410156,0,404327403520,8589930496,5490290688,114688
10,1791580752657,2500,2500,800,800,800,799,800,799,2499,2500,2500,2499,2500,2499,800,800,0,5,0,0,0,0,0,15.000000953674316,0,0,0,0,0,0,0,0,188537.92950439453,229066.55859375,0,404327403520,8589930496,5490290688,114688
9,1791580752667,2500,2500,800,800,800,799,800,799,2499,2500,2500,2499,2500,2499,800,800,0,5,0,0,0,0,0,15.000000953674316,0,0,0,0,0,0,0,0,188538.09924316406,229066.90240478516,0,404327403520,8589930496,5490290688,114688
9,1791580752677,2500,2500,800,800,800,799,800,799,2499,2500,2500,2499,2500,2499,800,800,0,5,0,0,0,0,0,15.000000953674316,0,0,0,0,0,0,0,0,188538.25268554688,229067.21588134766,0,404327403520,8589930496,5490290688,114688
10,1791580752687,2500,2500,800,800,800,799,800,799,2499,2500,2500,2499,2500,2499,800,800,0,5,0,0,0,0,0,15.000000953674316,0,0,0,0,0,0,0,0,188538.40759277344,229067.52685546875,0,404327403520,8589930496,5490290688,114688
9,1791580752697,2500,2500,800,800,800,799,800,799,2499,2500,2500,2499,2500,2499,800,800,0,5,0,0,0,0,0,15.000000953674316,0,0,0,0,0,0,0,0,188538.5654296875,229067.8436279297,0,404327403520,8589930496,5490290688,114688
9,1791580752707,2500,2500,800,800,800,799,800,799,2499,2500,2500,2499,2500,2499,800,800,0,5,0,0,0,0,0,15.000000953674316,0,0,0,0,0,0,0,0,188538.72290039063,229068.16217041016,0,404327403520,8589930496,5490290688,114688
10,1791580752717,2500,2500,800,800,800,799,800,799,2499,2500,2500,2499,2500,2499,800,800,0,5,0,0,0,0,0,15.000000953674316,0,0,0,0,0,0,0,0,188538.88055419922,229068.47521972656,0,404327403520,8589930496,5490290688,114688
9,1791580752728,2500,2500,800,800,800,799,800,799,2499,2500,2500,2499,2500,2499,800,800,0,5,0,0,0,0,0,15.000000953674316,0,0,0,0,0,0,0,0,188539.03967285156,229068.7905883789,0,404327403520,8589930496,5490290688,114688
10,1791580752738,2500,2500,800,800,800,799,800,799,2499,2500,2500,2499,2500,2499,800,800,0,5,0,0,0,0,0,15.000000953674316,0,0,0,0,0,0,0,0,188539.19915771484,229069.10968017578,0,404327403520,8589930496,5490290688,114688
9,1791580752748,2500,2500,800,800,800,799,800,799,2499,2500,2500,2499,2500,2499,800,800,0,5,0,0,0,0,0,15.000000953674316,0,0,0,0,0,0,0,0,188539.35864257813,229069.4292602539,0,404327403520,8589930496,5490290688,114688
9,1791580752758,2500,2500,800,800,800,799,800,799,2499,2500,2500,2499,2500,2499,800,800,0,5,0,0,0,0,0,15.000000953674316,0,0,0,0,0,0,0,0,188539.51641845703,229069.7474975586,0,404327403520,8589930496,5490290688,114688
9,1791580752768,2500,2500,800,800,800,799,800,799,2499,2500,2500,2499,2500,2499,800,800,5.263157844543457,0,0,0,0,0,0,5.263157844543457,0,0,0,0,0,0,5,0,188539.68725585938,229070.09857177734,0,404327403520,8589930496,5490290688,114688
10,1791580752778,2500,2500,800,800,800,799,800,799,2499,2500,2500,2499,2500,2499,800,800,5.263157844543457,0,0,0,0,0,0,5.263157844543457,0,0,0,0,0,0,5,0,188539.83172607422,229070.37841796875,0,404327403520,8589930496,5490290688,114688
9,1791580752788,2500,2500,800,800,800,799,800,799,2499,2500,2500,2499,2500,2499,800,800,5.263157844543457,0,0,0,0,0,0,5.263157844543457,0,0,0,0,0,0,5,0,188540.00274658203,229070.72814941406,0,404327403520,8589930496,5490290688,114688
9,1791580752798,2500,2500,800,800,800,799,800,799,2499,2500,2500,2499,2500,2499,800,800,5.263157844543457,0,0,0,0,0,0,5.263157844543457,0,0,0,0,0,0,5,0,188540.15655517578,229071.0484008789,0,404327403520,8589930496,5490290688,114688
9,1791580752808,2500,2500,800,800,800,799,800,799,2499,2500,2500,2499,2500,2499,800,800,5.263157844543457,0,0,0,0,0,0,5.263157844543457,0,0,0,0,0,0,5,0,188540.31103515625,229071.36975097656,0,404327403520,8589930496,5490290688,114688
9,1791580752818,2500,2500,800,800,800,799,800,799,2499,2500,2500,2499,2500,2499,800,800,5.263157844543457,0,0,0,0,0,0,5.263157844543457,0,0,0,0,0,0,5,0,188540.46856689453,229071.68585205078,0,404327403520,8589930496,5490290688,114688
9,1791580752828,2500,2500,800,800,800,799,800,799,2499,2500,2500,2499,2500,2499,800,800,5.263157844543457,0,0,0,0,0,0,5.263157844543457,0,0,0,0,0,0,5,0,188540.62408447266,229072.0034790039,0,404327403520,8589930496,5490290688,114688
9,1791580752838,2500,2500,800,800,800,799,800,799,2499,2500,2500,2499,2500,2499,800,800,5.263157844543457,0,0,0,0,0,0,5.263157844543457,0,0,0,0,0,0,5,0,188540.7784423828,229072.31610107422,0,404327403520,8589930496,5490290688,114688
9,1791580752848,2500,2500,800,800,800,799,800,799,2499,2500,2500,2499,2500,2499,800,800,5.263157844543457,0,0,0,0,0,0,5.263157844543457,0,0,0,0,0,0,5,0,188540.93450927734,229072.62963867188,0,404327403520,8589930496,5490290688,114688
9,1791580752858,2500,2500,800,800,800,799,800,799,2499,2500,2500,2499,2500,2499,800,800,5.263157844543457,0,0,0,0,0,0,5.263157844543457,0,0,0,0,0,0,5,0,188541.0864868164,229072.94458007813,0,404327403520,8589930496,5490290688,114688
9,1791580752869,2500,2500,800,800,800,799,800,799,2499,2500,2500,2499,2500,2499,800,800,5.263157844543457,0,0,0,0,0,0,5.263157844543457,0,0,0,0,0,0,5,0,188541.24157714844,229073.26092529297,0,404327403520,8589930496,5490290688,114688
10,1791580752879,2500,2500,800,800,800,799,800,799,2499,2500,2500,2499,2500,2499,800,800,5.263157844543457,0,0,0,0,0,0,5.263157844543457,0,0,0,0,0,0,5,0,188541.39813232422,229073.57916259766,0,404327403520,8589930496,5490290688,114688
9,1791580752889,2500,2500,800,800,800,799,800,799,2499,2500,2500,2499,2500,2499,800,800,5.263157844543457,0,0,0,0,0,0,5.263157844543457,0,0,0,0,0,0,5,0,188541.5557861328,229073.89813232422,0,404327403520,8589930496,5490290688,114688
9,1791580752899,2500,2500,800,800,800,799,800,799,2499,2500,2500,2499,2500,2499,800,800,5.263157844543457,0,0,0,0,0,0,5.263157844543457,0,0,0,0,0,0,5,0,188541.70721435547,229074.21154785156,0,404327403520,8589930496,5490290688,114688
9,1791580752909,2500,2500,800,800,800,799,800,799,2499,2500,2500,2499,2500,2499,800,800,5.263157844543457,0,0,0,0,0,0,5.263157844543457,0,0,0,0,0,0,5,0,188541.857421875,229074.5258178711,0,404327403520,8589930496,5490290688,114688
9,1791580752919,2500,2500,800,800,800,799,800,799,2499,2500,2500,2499,2500,2499,800,800,5.263157844543457,0,0,0,0,0,0,5.263157844543457,0,0,0,0,0,0,5,0,188542.01489257813,229074.84814453125,0,404327403520,8589930496,5490290688,114688
9,1791580752929,2500,2500,800,800,800,799,800,799,2499,2500,2500,2499,2500,2499,800,800,5.263157844543457,0,0,0,0,0,0,5.263157844543457,0,0,0,0,0,0,5,0,188542.16888427734,229075.16815185547,0,404327403520,8589930496,5490290688,114688
9,1791580752939,2500,2500,800,800,800,799,800,799,2499,2500,2500,2499,2500,2499,800,800,5.263157844543457,0,0,0,0,0,0,5.263157844543457,0,0,0,0,0,0,5,0,188542.32452392578,229075.4852294922,0,404327403520,8589930496,5490290688,114688
9,1791580752949,2500,2500,800,800,800,799,800,799,2499,2500,2500,2499,2500,2499,800,800,5.263157844543457,0,0,0,0,0,0,5.263157844543457,0,0,0,0,0,0,5,0,188542.49700927734,229075.8350830078,0,404327403520,8589930496,5490290688,114688
9,1791580752959,2500,2500,800,800,800,799,800,799,2499,2500,2500,2499,2500,2499,800,800,5.263157844543457,0,0,0,0,0,0,5.263157844543457,0,0,0,0,0,0,5,0,188542.65112304688,229076.15112304688,0,404327403520,8589930496,5490290688,114688
9,1791580752969,2500,2500,800,800,800,799,800,799,2499,2500,2500,2499,2500,2499,800,800,5.263157844543457,0,0,0,0,5,0,5.263157844543457,0,0,0,0,0,0,0,0,188542.80920410156,229076.4644165039,0,404327403520,8589930496,5490290688,114688
9,1791580752979,2500,2500,800,800,800,799,800,799,2499,2500,2500,2499,2500,2499,800,800,5.263157844543457,0,0,0,0,5,0,5.263157844543457,0,0,0,0,0,0,0,0,188542.9653930664,229076.77960205078,0,404327403520,8589930496,5490290688,114688
10,1791580752989,2500,2500,800,800,800,799,800,799,2499,2500,2500,2499,2500,2499,800,800,5.263157844543457,0,0,0,0,5,0,5.263157844543457,0,0,0,0,0,0,0,0,188543.1234741211,229077.0883178711,0,404327403520,8589930496,5490290688,114688
9,1791580752999,2500,2500,800,800,800,799,800,799,2499,2500,2500,2499,2500,2499,800,800,5.263157844543457,0,0,0,0,5,0,5.263157844543457,0,0,0,0,0,0,0,0,188543.28045654297,229077.40032958984,0,404327403520,8589930496,5490290688,114688
9,1791580753009,2500,2500,800,800,800,799,800,799,2499,2500,2500,2499,2500,2499,800,800,5.263157844543457,0,0,0,0,5,0,5.263157844543457,0,0,0,0,0,0,0,0,188543.4349975586,229077.71423339844,0,404327403520,8589930496,5490290688,114688
9,1791580753020,2500,2500,800,800,800,799,800,799,2499,2500,2500,2499,2500,2499,800,800,5.263157844543457,0,0,0,0,5,0,5.263157844543457,0,0,0,0,0,0,0,0,188543.5873413086,229078.03131103516,0,404327403520,8589930496,5490290688,114688
9,1791580753030,2500,2500,800,800,800,799,800,799,2499,2500,2500,2499,2500,2499,800,800,5.263157844543457,0,0,0,0,5,0,5.263157844543457,0,0,0,0,0,0,0,0,188543.74609375,229078.33782958984,0,404327403520,8589930496,5490290688,114688
9,1791580753040,2500,2500,800,800,800,799,800,799,2499,2500,2500,2499,2500,2499,800,800,5.263157844543457,0,0,0,0,5,0,5.263157844543457,0,0,0,0,0,0,0,0,188543.9048461914,229078.6484375,0,404327403520,8589930496,5490290688,114688
9,1791580753050,2500,2500,800,800,800,799,800,799,2499,2500,2500,2499,2500,2499,800,800,5.263157844543457,0,0,0,0,5,0,5.263157844543457,0,0,0,0,0,0,0,0,188544.06024169922,229078.96142578125,0,404327403520,8589930496,5490290688,114688
9,1791580753060,2500,2500,800,800,800,799,800,799,2499,2500,2500,2499,2500,2499,800,800,5.263157844543457,0,0,0,0,5,0,5.263157844543457,0,0,0,0,0,0,0,0,188544.2144165039,229079.27142333984,0,404327403520,8589930496,5490290688,114688
10,1791580753070,2500,2500,800,800,800,799,800,799,2499,2500,2500,2499,2500,2499,800,800,5.263157844543457,0,0,0,0,5,0,5.263157844543457,0,0,0,0,0,0,0,0,188544.3651123047,229079.59338378906,0,404327403520,8589930496,5490290688,114688
9,1791580753080,2500,2500,800,800,800,799,800,799,2499,2500,2500,2499,2500,2499,800,800,5.263157844543457,0,0,0,0,5,0,5.263157844543457,0,0,0,0,0,0,0,0,188544.5255126953,229079.90783691406,0,404327403520,8589930496,5490290688,114688
9,1791580753090,2500,2500,800,800,800,799,800,799,2499,2500,2500,2499,2500,2499,800,800,5.263157844543457,0,0,0,0,5,0,5.263157844543457,0,0,0,0,0,0,0,0,188544.67932128906,229080.21813964844,0,404327403520,8589930496,5490290688,114688
9,1791580753100,2500,2500,800,800,800,799,800,799,2499,2500,2500,2499,2500,2499,800,800,5.263157844543457,0,0,0,0,5,0,5.263157844543457,0,0,0,0,0,0,0,0,188544.83587646484,229080.53240966797,0,404327403520,8589930496,5490290688,114688
9,1791580753110,2500,2500,800,800,800,799,800,799,2499,2500,2500,2499,2500,2499,800,800,5.263157844543457,0,0,0,0,5,0,5.263157844543457,0,0,0,0,0,0,0,0,188544.99224853516,229080.84985351563,0,404327403520,8589930496,5490290688,114688
10,1791580753120,2500,2500,800,800,800,799,800,799,2499,2500,2500,2499,2500,2499,800,800,5.263157844543457,0,0,0,0,5,0,5.263157844543457,0,0,0,0,0,0,0,0,188545.15118408203,229081.16259765625,0,404327403520,8589930496,5490290688,114688
9,1791580753130,2500,2500,800,800,800,799,800,799,2499,2500,2500,2499,2500,2499,800,800,5.263157844543457,0,0,0,0,5,0,5.263157844543457,0,0,0,0,0,0,0,0,188545.32196044922,229081.50073242188,0,404327403520,8589930496,5481259008,114688
9,1791580753140,2500,2500,800,800,800,799,800,799,2499,2500,2500,2499,2500,2499,800,800,5.263157844543457,0,0,0,0,5,0,5.263157844543457,0,0,0,0,0,0,0,0,188545.4755859375,229081.81768798828,0,404327403520,8589930496,5481259008,114688
10,1791580753150,2500,2500,800,800,800,799,800,799,2499,2500,2500,2499,2500,2499,800,800,5.263157844543457,0,0,0,0,5,0,5.263157844543457,0,0,0,0,0,0,0,0,188545.63690185547,229082.13116455078,0,404327403520,8589930496,5481259008,114688
9,1791580753161,2500,2500,800,800,800,799,800,799,2499,2500,2500,2499,2500,2499,800,800,5.263157844543457,0,0,0,0,5,0,5.263157844543457,0,0,0,0,0,0,0,0,188545.79278564453,229082.43994140625,0,404327403520,8589930496,5481259008,114688
10,1791580753171,2500,2500,800,800,800,799,800,799,2499,2500,2500,2499,2500,2499,800,800,5.263157844543457,0,0,0,5,0,5,5.263157844543457,0,0,0,0,0,0,0,5,188545.94732666016,229082.75091552734,0,404327403520,8589930496,5481259008,114688
9,1791580753181,2500,2500,800,800,800,799,800,799,2499,2500,2500,2499,2500,2499,800,800,5.263157844543457,0,0,0,5,0,5,5.263157844543457,0,0,0,0,0,0,0,5,188546.0947265625,229083.0653076172,0,404327403520,8589930496,5481259008,114688
9,1791580753191,2500,2500,800,800,800,799,800,799,2499,2500,2500,2499,2500,2499,800,800,5.263157844543457,0,0,0,5,0,5,5.263157844543457,0,0,0,0,0,0,0,5,188546.25036621094,229083.37921142578,0,404327403520,8589930496,5481259008,114688
9,1791580753201,2500,2500,800,800,800,799,800,799,2499,2500,2500,2499,2500,2499,800,800,5.263157844543457,0,0,0,5,0,5,5.263157844543457,0,0,0,0,0,0,0,5,188546.40728759766,229083.70025634766,0,404327403520,8589930496,5481259008,114688
10,1791580753211,2500,2500,800,800,800,799,800,799,2499,2500,2500,2499,2500,2499,800,800,5.263157844543457,0,0,0,5,0,5,5.263157844543457,0,0,0,0,0,0,0,5,188546.56622314453,229084.015625,0,404327403520,8589930496,5481259008,114688
10,1791580753221,2500,2500,800,800,800,799,800,799,2499,2500,2500,2499,2500,2499,800,800,5.263157844543457,0,0,0,5,0,5,5.263157844543457,0,0,0,0,0,0,0,5,188546.72021484375,229084.33374023438,0,404327403520,8589930496,5481259008,114688
9,1791580753231,2500,2500,800,800,800,799,800,799,2499,2500,2500,2499,2500,2499,800,800,5.263157844543457,0,0,0,5,0,5,5.263157844543457,0,0,0,0,0,0,0,5,188546.87658691406,229084.64569091797,0,404327403520,8589930496,5481259008,114688
10,1791580753241,2500,2500,800,800,800,799,800,799,2499,2500,2500,2499,2500,2499,800,800,5.263157844543457,0,0,0,5,0,5,5.263157844543457,0,0,0,0,0,0,0,5,188547.0269165039,229084.96270751953,0,404327403520,8589930496,5481259008,114688
9,1791580753251,2500,2500,800,800,800,799,800,799,2499,2500,2500,2499,2500,2499,800,800,5.263157844543457,0,0,0,5,0,5,5.263157844543457,0,0,0,0,0,0,0,5,188547.18328857422,229085.24981689453,0,404327403520,8589930496,5481259008,114688
9,1791580753261,2500,2500,800,800,800,799,800,799,2499,2500,2500,2499,2500,2499,800,800,5.263157844543457,0,0,0,5,0,5,5.263157844543457,0,0,0,0,0,0,0,5,188547.333984375,229085.59509277344,0,404327403520,8589930496,5481259008,114688
10,1791580753271,2500,2500,800,800,800,799,800,799,2499,2500,2500,2499,2500,2499,800,800,5.263157844543457,0,0,0,5,0,5,5.263157844543457,0,0,0,0,0,0,0,5,188547.4898071289,229085.90673828125,0,404327403520,8589930496,5481259008,114688
9,1791580753281,2500,2500,800,800,800,799,800,799,2499,2500,2500,2499,2500,2499,800,800,5.263157844543457,0,0,0,5,0,5,5.263157844543457,0,0,0,0,0,0,0,5,188547.6610107422,229086.2548828125,0,404327403520,8589930496,5481259008,114688
9,1791580753292,2500,2500,800,800,800,799,800,799,2499,2500,2500,2499,2500,2499,800,800,5.263157844543457,0,0,0,5,0,5,5.263157844543457,0,0,0,0,0,0,0,5,188547.82012939453,229086.57067871094,0,404327403520,8589930496,5481259008,114688
9,1791580753302,2500,2500,800,800,800,799,800,799,2499,2500,2500,2499,2500,2499,800,800,5.263157844543457,0,0,0,5,0,5,5.263157844543457,0,0,0,0,0,0,0,5,188547.9779663086,229086.89141845703,0,404327403520,8589930496,5481259008,114688
10,1791580753312,2500,2500,800,800,800,799,800,799,2499,2500,2500,2499,2500,2499,800,800,5.263157844543457,0,0,0,5,0,5,5.263157844543457,0,0,0,0,0,0,0,5,188548.13360595703,229087.2069091797,0,404327403520,8589930496,5481259008,114688
9,1791580753322,2500,2500,800,800,800,799,800,799,2499,2500,2500,2499,2500,2499,800,800,5.263157844543457,0,0,0,5,0,5,5.263157844543457,0,0,0,0,0,0,0,5,188548.29296875,229087.525390625,0,404327403520,8589930496,5481259008,114688
10,1791580753332,2500,2500,800,800,800,799,800,799,2499,2500,2500,2499,2500,2499,800,800,5.263157844543457,0,0,0,5,0,5,5.263157844543457,0,0,0,0,0,0,0,5,188548.44732666016,229087.8432006836,0,404327403520,8589930496,5481259008,114688
9,1791580753342,2500,2500,800,800,800,799,800,799,2499,2500,2500,2499,2500,2499,800,800,5.263157844543457,0,0,0,5,0,5,5.263157844543457,0,0,0,0,0,0,0,5,188548.6112060547,229088.15490722656,0,404327403520,8589930496,5481259008,114688
9,1791580753352,2500,2500,800,800,800,799,800,799,2499,2500,2500,2499,2500,2499,800,800,5.263157844543457,0,0,0,5,0,5,5.263157844543457,0,0,0,0,0,0,0,5,188548.76629638672,229088.47357177734,0,404327403520,8589930496,5481259008,114688
10,1791580753362,2500,2500,800,800,800,799,800,799,2499,2500,2500,2499,2500,2499,800,800,5.263157844543457,0,0,0,5,0,5,5.263157844543457,0,0,0,0,0,0,0,5,188548.92767333984,229088.78784179688,0,404327403520,8589930496,5481259008,114688
9,1791580753372,2500,2500,800,800,800,799,800,799,2499,2500,2500,2499,2500,2499,800,800,5,5,0,0,0,0,0,10.526315689086914,5,0,0,0,0,0,0,0,188549.0844116211,229089.10638427734,0,404327403520,8589930496,5481259008,114688
9,1791580753382,2500,2500,800,800,800,799,800,799,2499,2500,2500,2499,2500,2499,800,800,5,5,0,0,0,0,0,10.526315689086914,5,0,0,0,0,0,0,0,188549.23602294922,229089.41955566406,0,404327403520,8589930496,5481259008,114688
10,1791580753392,2500,2500,800,800,800,799,800,799,2499,2500,2500,2499,2500,2499,800,800,5,5,0,0,0,0,0,10.526315689086914,5,0,0,0,0,0,0,0,188549.3955078125,229089.73126220703,0,404327403520,8589930496,5481259008,114688
9,1791580753402,2500,2500,800,800,800,799,800,799,2499,2500,2500,2499,2500,2499,800,800,5,5,0,0,0,0,0,10.526315689086914,5,0,0,0,0,0,0,0,188549.5513305664,229090.0430908203,0,404327403520,8589930496,5481259008,114688
10,1791580753412,2500,2500,800,800,800,799,800,799,2499,2500,2500,2499,2500,2499,800,800,5,5,0,0,0,0,0,10.526315689086914,5,0,0,0,0,0,0,0,188549.7071533203,229090.35485839844,0,404327403520,8589930496,5481259008,114688
9,1791580753422,2500,2500,800,800,800,799,800,799,2499,2500,2500,2499,2500,2499,800,800,5,5,0,0,0,0,0,10.526315689086914,5,0,0,0,0,0,0,0,188549.86553955078,229090.66790771484,0,404327403520,8589930496,5481259008,114688
9,1791580753433,2500,2500,800,800,800,799,800,799,2499,2500,2500,2499,2500,2499,800,800,5,5,0,0,0,0,0,10.526315689086914,5,0,0,0,0,0,0,0,188550.02227783203,229090.98040771484,0,404327403520,8589930496,5481259008,114688
9,1791580753443,2500,2500,800,800,800,799,800,799,2499,2500,2500,2499,2500,2499,800,800,5,5,0,0,0,0,0,10.526315689086914,5,0,0,0,0,0,0,0,188550.1958618164,229091.32244873047,0,404327403520,8589930496,5481259008,114688
9,1791580753453,2500,2500,800,800,800,799,800,799,2499,2500,2500,2499,2500,2499,800,800,5,5,0,0,0,0,0,10.526315689086914,5,0,0,0,0,0,0,0,188550.35278320313,229091.63134765625,0,404327403520,8589930496,5481259008,114688
9,1791580753463,2500,2500,800,800,800,799,800,799,2499,2500,2500,2499,2500,2499,800,800,5,5,0,0,0,0,0,10.526315689086914,5,0,0,0,0,0,0,0,188550.50604248047,229091.9083251953,0,404327403520,8589930496,5481259008,114688
9,1791580753473,2500,2500,800,800,800,799,800,799,2499,2500,2500,2499,2500,2499,800,800,5,5,0,0,0,0,0,10.526315689086914,5,0,0,0,0,0,0,0,188550.6563720703,229092.25506591797,0,404327403520,8589930496,5481259008,114688
9,1791580753483,2500,2500,800,800,800,799,800,799,2499,2500,2500,2499,2500,2499,800,800,5,5,0,0,0,0,0,10.526315689086914,5,0,0,0,0,0,0,0,188550.81079101563,229092.57684326172,0,404327403520,8589930496,5481259008,114688
9,1791580753493,2500,2500,800,800,800,799,800,799,2499,2500,2500,2499,2500,2499,800,800,5,5,0,0,0,0,0,10.526315689086914,5,0,0,0,0,0,0,0,188550.9652709961,229092.88507080078,0,404327403520,8589930496,5481259008,114688
9,1791580753503,2500,2500,800,800,800,799,800,799,2499,2500,2500,2499,2500,2499,800,800,5,5,0,0,0,0,0,10.526315689086914,5,0,0,0,0,0,0,0,188551.11755371094,229093.2066040039,0,404327403520,8589930496,5481259008,114688
10,1791580753513,2500,2500,800,800,800,799,800,799,2499,2500,2500,2499,2500,2499,800,800,5,5,0,0,0,0,0,10.526315689086914,5,0,0,0,0,0,0,0,188551.26904296875,229093.51611328125,0,404327403520,8589930496,5481259008,114688
9,1791580753523,2500,2500,800,800,800,799,800,799,2499,2500,2500,2499,2500,2499,800,800,5,5,0,0,0,0,0,10.526315689086914,5,0,0,0,0,0,0,0,188551.4204711914,229093.82458496094,0,404327403520,8589930496,5481259008,114688
10,1791580753533,2500,2500,800,800,800,799,800,799,2499,2500,2500,2499,2500,2499,800,800,5,5,0,0,0,0,0,10.526315689086914,5,0,0,0,0,0,0,0,188551.57391357422,229094.13830566406,0,404327403520,8589930496,5481259008,114688
9,1791580753543,2500,2500,800,800,800,799,800,799,2499,2500,2500,2499,2500,2499,800,800,5,5,0,0,0,0,0,10.526315689086914,5,0,0,0,0,0,0,0,188551.7271118164,229094.45642089844,0,404327403520,8589930496,5481259008,114688
10,1791580753553,2500,2500,800,800,800,799,800,799,2499,2500,2500,2499,2500,2499,800,800,5,5,0,0,0,0,0,10.526315689086914,5,0,0,0,0,0,0,0,188551.87908935547,229094.77294921875,0,404327403520,8589930496,5481259008,114688
9,1791580753563,2500,2500,800,800,800,799,800,799,2499,2500,2500,2499,2500,2499,800,800,5,5,0,0,0,0,0,10.526315689086914,5,0,0,0,0,0,0,0,188552.02673339844,229095.0869140625,0,404327403520,8589930496,5481259008,114688
9,1791580753574,2500,2500,800,800,800,799,800,799,2499,2500,2500,2499,2500,2499,800,800,5.263157844543457,0,5,0,0,0,0,5.263157844543457,0,0,0,0,0,0,0,0,188552.1763305664,229095.39978027344,0,404327403520,8589930496,5481259008,114688
9,1791580753584,2500,2500,800,800,800,799,800,799,2499,2500,2500,2499,2500,2499,800,800,5.263157844543457,0,5,0,0,0,0,5.263157844543457,0,0,0,0,0,0,0,0,188552.32904052734,229095.70709228516,0,404327403520,8589930496,5481259008,114688
9,1791580753594,2500,2500,800,800,800,799,800,799,2499,2500,2500,2499,2500,2499,800,800,5.263157844543457,0,5,0,0,0,0,5.263157844543457,0,0,0,0,0,0,0,0,188552.48138427734,229096.0155029297,0,404327403520,8589930496,5481259008,114688
10,1791580753604,2500,2500,800,800,800,799,800,799,2499,2500,2500,2499,2500,2499,800,800,5.263157844543457,0,5,0,0,0,0,5.263157844543457,0,0,0,0,0,0,0,0,188552.63385009766,229096.32653808594,0,404327403520,8589930496,5481259008,114688
9,1791580753614,2500,2500,800,800,800,799,800,799,2499,2500,2500,2499,2500,2499,800,800,5.263157844543457,0,5,0,0,0,0,5.263157844543457,0,0,0,0,0,0,0,0,188552.79974365234,229096.6719970703,0,404327403520,8589930496,5481259008,114688
9,1791580753624,2500,2500,800,800,800,799,800,799,2499,2500,2500,2499,2500,2499,800,800,5.263157844543457,0,5,0,0,0,0,5.263157844543457,0,0,0,0,0,0,0,0,188552.95831298828,229096.98413085938,0,404327403520,8589930496,5481259008,114688
9,1791580753634,2500,2500,800,800,800,799,800,799,2499,2500,2500,2499,2500,2499,800,800,5.263157844543457,0,5,0,0,0,0,5.263157844543457,0,0,0,0,0,0,0,0,188553.1117553711,229097.29626464844,0,404327403520,8589930496,5481259008,114688
9,1791580753644,2500,2500,800,800,800,799,800,799,2499,2500,2500,2499,2500,2499,800,800,5.263157844543457,0,5,0,0,0,0,5.263157844543457,0,0,0,0,0,0,0,0,188553.26483154297,229097.60626220703,0,404327403520,8589930496,5481259008,114688
9,1791580753654,2500,2500,800,800,800,799,800,799,2499,2500,2500,2499,2500,2499,800,800,5.263157844543457,0,5,0,0,0,0,5.263157844543457,0,0,0,0,0,0,0,0,188553.41967773438,229097.92010498047,0,404327403520,8589930496,5481259008,114688
9,1791580753664,2500,2500,800,800,800,799,800,799,2499,2500,2500,2499,2500,2499,800,800,5.263157844543457,0,5,0,0,0,0,5.263157844543457,0,0,0,0,0,0,0,0,188553.57330322266,229098.2332763672,0,404327403520,8589930496,5481259008,114688
9,1791580753674,2500,2500,800,800,800,799,800,799,2499,2500,2500,2499,2500,2499,800,800,5.263157844543457,0,5,0,0,0,0,5.263157844543457,0,0,0,0,0,0,0,0,188553.72729492188,229098.54956054688,0,404327403520,8589930496,5481259008,114688
9,1791580753684,2500,2500,800,800,800,799,800,799,2499,2500,2500,2499,2500,2499,800,800,5.263157844543457,0,5,0,0,0,0,5.263157844543457,0,0,0,0,0,0,0,0,188553.88256835938,229098.86346435547,0,404327403520,8589930496,5481259008,114688
9,1791580753694,2500,2500,800,800,800,799,800,799,2499,2500,2500,2499,2500,2499,800,800,5.263157844543457,0,5,0,0,0,0,5.263157844543457,0,0,0,0,0,0,0,0,188554.03509521484,229099.17474365234,0,404327403520,8589930496,5481259008,114688
10,1791580753704,2500,2500,800,800,800,799,800,799,2499,2500,2500,2499,2500,2499,800,800,5.263157844543457,0,5,0,0,0,0,5.263157844543457,0,0,0,0,0,0,0,0,188554.1903076172,229099.4819946289,0,404327403520,8589930496,5481259008,114688
9,1791580753715,2500,2500,800,800,800,799,800,799,2499,2500,2500,2499,2500,2499,800,800,5.263157844543457,0,5,0,0,0,0,5.263157844543457,0,0,0,0,0,0,0,0,188554.3442993164,229099.79400634766,0,404327403520,8589930496,5481259008,114688
10,1791580753725,2500,2500,800,800,800,799,800,799,2499,2500,2500,2499,2500,2499,800,800,5.263157844543457,0,5,0,0,0,0,5.263157844543457,0,0,0,0,0,0,0,0,188554.4981689453,229100.1050415039,0,404327403520,8589930496,5481259008,114688
9,1791580753735,2500,2500,800,800,800,799,800,799,2499,2500,2500,2499,2500,2499,800,800,5.263157844543457,0,5,0,0,0,0,5.263157844543457,0,0,0,0,0,0,0,0,188554.65301513672,229100.41967773438,0,404327403520,8589930496,5481259008,114688
9,1791580753745,2500,2500,800,800,800,799,800,799,2499,2500,2500,2499,2500,2499,800,800,5.263157844543457,0,5,0,0,0,0,5.263157844543457,0,0,0,0,0,0,0,0,188554.80639648438,229100.7299194336,0,404327403520,8589930496,5481259008,114688
9,1791580753755,2500,2500,800,800,800,799,800,799,2499,2500,2500,2499,2500,2499,800,800,5.263157844543457,0,5,0,0,0,0,5.263157844543457,0,0,0,0,0,0,0,0,188554.96350097656,229101.03930664063,0,404327403520,8589930496,5481259008,114688
9,1791580753765,2500,2500,800,800,800,799,800,799,2499,2500,2500,2499,2500,2499,800,800,5.263157844543457,0,5,0,0,0,0,5.263157844543457,0,0,0,0,0,0,0,0,188555.1332397461,229101.38232421875,0,404327403520,8589930496,5481259008,114688
9,1791580753775,2500,2500,800,800,800,799,800,799,2499,2500,2500,2499,2500,2499,800,800,0,0,0,0,0,0,0,5.263157844543457,0,5,5,0,0,0,0,0,188555.2908935547,229101.69207763672,0,404327403520,8589930496,5481259008,114688
9,1791580753785,2500,2500,800,800,800,799,800,799,2499,2500,2500,2499,2500,2499,800,800,0,0,0,0,0,0,0,5.263157844543457,0,5,5,0,0,0,0,0,188555.44158935547,229102.01025390625,0,404327403520,8589930496,5481259008,114688
9,1791580753795,2500,2500,800,800,800,799,800,799,2499,2500,2500,2499,2500,2499,800,800,0,0,0,0,0,0,0,5.263157844543457,0,5,5,0,0,0,0,0,188555.59649658203,229102.32080078125,0,404327403520,8589930496,5481259008,114688
9,1791580753805,2500,2500,800,800,800,799,800,799,2499,2500,2500,2499,2500,2499,800,800,0,0,0,0,0,0,0,5.263157844543457,0,5,5,0,0,0,0,0,188555.74865722656,229102.63232421875,0,404327403520,8589930496,5481259008,114688
9,1791580753815,2500,2500,800,800,800,799,800,799,2499,2500,2500,2499,2500,2499,800,800,0,0,0,0,0,0,0,5.263157844543457,0,5,5,0,0,0,0,0,188555.90045166016,229102.9429321289,0,404327403520,8589930496,5481259008,114688
10,1791580753825,2500,2500,800,800,800,799,800,799,2499,2500,2500,2499,2500,2499,800,800,0,0,0,0,0,0,0,5.263157844543457,0,5,5,0,0,0,0,0,188556.0526123047,229103.2498779297,0,404327403520,8589930496,5481259008,114688
9,1791580753835,2500,2500,800,800,800,799,800,799,2499,2500,2500,2499,2500,2499,800,800,0,0,0,0,0,0,0,5.263157844543457,0,5,5,0,0,0,0,0,188556.21026611328,229103.55981445313,0,404327403520,8589930496,5481259008,114688
9,1791580753845,2500,2500,800,800,800,799,800,799,2499,2500,2500,2499,2500,2499,800,800,0,0,0,0,0,0,0,5.263157844543457,0,5,5,0,0,0,0,0,188556.36486816406,229103.87109375,0,404327403520,8589930496,5481259008,114688
9,1791580753855,2500,2500,800,800,800,799,800,799,2499,2500,2500,2499,2500,2499,800,800,0,0,0,0,0,0,0,5.263157844543457,0,5,5,0,0,0,0,0,188556.51934814453,229104.18328857422,0,404327403520,8589930496,5481259008,114688
9,1791580753866,2500,2500,800,800,800,799,800,799,2499,2500,2500,2499,2500,2499,800,800,0,0,0,0,0,0,0,5.263157844543457,0,5,5,0,0,0,0,0,188556.6788330078,229104.4926147461,0,404327403520,8589930496,5481259008,114688
9,1791580753876,2500,2500,800,800,800,799,800,799,2499,2500,2500,2499,2500,2499,800,800,0,0,0,0,0,0,0,5.263157844543457,0,5,5,0,0,0,0,0,188556.83392333984,229104.80572509766,0,404327403520,8589930496,5481259008,114688
9,1791580753886,2500,2500,800,800,800,799,800,799,2499,2500,2500,2499,2500,2499,800,800,0,0,0,0,0,0,0,5.263157844543457,0,5,5,0,0,0,0,0,188556.9926147461,229105.11547851563,0,404327403520,8589930496,5481259008,114688
9,1791580753896,2500,2500,800,800,800,799,800,799,2499,2500,2500,2499,2500,2499,800,800,0,0,0,0,0,0,0,5.263157844543457,0,5,5,0,0,0,0,0,188557.1514892578,229105.4243774414,0,404327403520,8589930496,5481259008,114688
9,1791580753906,2500,2500,800,800,800,799,800,799,2499,2500,2500,2499,2500,2499,800,800,0,0,0,0,0,0,0,5.263157844543457,0,5,5,0,0,0,0,0,188557.30987548828,229105.7396850586,0,404327403520,8589930496,5481259008,114688
10,1791580753916,2500,2500,800,800,800,799,800,799,2499,2500,2500,2499,2500,2499,800,800,0,0,0,0,0,0,0,5.263157844543457,0,5,5,0,0,0,0,0,188557.46588134766,229106.05657958984,0,404327403520,8589930496,5481259008,114688
9,1791580753926,2500,2500,800,800,800,799,800,799,2499,2500,2500,2499,2500,2499,800,800,0,0,0,0,0,0,0,5.263157844543457,0,5,5,0,0,0,0,0,188557.62170410156,229106.3706665039,0,404327403520,8589930496,5481259008,114688
9,1791580753936,2500,2500,800,800,800,799,800,799,2499,2500,2500,2499,2500,2499,800,800,0,0,0,0,0,0,0,5.263157844543457,0,5,5,0,0,0,0,0,188557.77880859375,229106.68395996094,0,404327403520,8589930496,5481259008,114688
10,1791580753946,2500,2500,800,800,800,799,800,799,2499,2500,2500,2499,2500,2499,800,800,0,0,0,0,0,0,0,5.263157844543457,0,5,5,0,0,0,0,0,188557.93811035156,229106.99340820313,0,404327403520,8589930496,5481259008,114688
9,1791580753956,2500,2500,800,800,800,799,800,799,2499,2500,2500,2499,2500,2499,800,800,0,0,0,0,0,0,0,5.263157844543457,0,5,5,0,0,0,0,0,188558.1153564453,229107.3363647461,0,404327403520,8589930496,5481259008,114688
9,1791580753966,2500,2500,800,800,800,799,800,799,2499,2500,2500,2499,2500,2499,800,800,0,0,0,0,0,0,0,5.263157844543457,0,5,5,0,0,0,0,0,188558.2764892578,229107.65020751953,0,404327403520,8589930496,5481259008,114688
9,1791580753976,2500,2500,800,800,800,799,800,799,2499,2500,2500,2499,2500,2499,800,800,10,0,0,0,0,0,0,5.555555820465088,0,0,0,5,0,0,0,0,188558.43359375,229107.9644165039,0,404327403520,8589930496,5481259008,114688
9,1791580753986,2500,2500,800,800,800,799,800,799,2499,2500,2500,2499,2500,2499,800,800,10,0,0,0,0,0,0,5.555555820465088,0,0,0,5,0,0,0,0,188558.59674072266,229108.2764892578,0,404327403520,8589930496,5481259008,114688
9,1791580753997,2500,2500,800,800,800,799,800,799,2499,2500,2500,2499,2500,2499,800,800,10,0,0,0,0,0,0,5.555555820465088,0,0,0,5,0,0,0,0,188558.74822998047,229108.5909423828,0,404327403520,8589930496,5481259008,114688
10,1791580754007,2500,2500,800,800,800,799,800,799,2499,2500,2500,2499,2500,2499,800,800,10,0,0,0,0,0,0,5.555555820465088,0,0,0,5,0,0,0,0,188558.90899658203,229108.9019165039,0,404327403520,8589930496,5481259008,114688
9,1791580754017,2500,2500,800,800,800,799,800,799,2499,2500,2500,2499,2500,2499,800,800,10,0,0,0,0,0,0,5.555555820465088,0,0,0,5,0,0,0,0,188559.06756591797,229109.20721435547,0,404327403520,8589930496,5481259008,114688
9,1791580754027,2500,2500,800,800,800,799,800,799,2499,2500,2500,2499,2500,2499,800,800,10,0,0,0,0,0,0,5.555555820465088,0,0,0,5,0,0,0,0,188559.22247314453,229109.51751708984,0,404327403520,8589930496,5481259008,114688
9,1791580754037,2500,2500,800,800,800,799,800,799,2499,2500,2500,2499,2500,2499,800,800,10,0,0,0,0,0,0,5.555555820465088,0,0,0,5,0,0,0,0,188559.37561035156,229109.82666015625,0,404327403520,8589930496,5481259008,114688
9,1791580754047,2500,2500,800,800,800,799,800,799,2499,2500,2500,2499,2500,2499,800,800,10,0,0,0,0,0,0,5.555555820465088,0,0,0,5,0,0,0,0,188559.52996826172,229110.13568115234,0,404327403520,8589930496,5481259008,114688
9,1791580754057,2500,2500,800,800,800,799,800,799,2499,2500,2500,2499,2500,2499,800,800,10,0,0,0,0,0,0,5.555555820465088,0,0,0,5,0,0,0,0,188559.69384765625,229110.45135498047,0,404327403520,8589930496,5481259008,114688
9,1791580754067,2500,2500,800,800,800,799,800,799,2499,2500,2500,2499,2500,2499,800,800,10,0,0,0,0,0,0,5.555555820465088,0,0,0,5,0,0,0,0,188559.8511352539,229110.76336669922,0,404327403520,8589930496,5481259008,114688
10,1791580754077,2500,2500,800,800,800,799,800,799,2499,2500,2500,2499,2500,2499,800,800,10,0,0,0,0,0,0,5.555555820465088,0,0,0,5,0,0,0,0,188560.00970458984,229111.07733154297,0,404327403520,8589930496,5481259008,114688
10,1791580754087,2500,2500,800,800,800,799,800,799,2499,2500,2500,2499,2500,2499,800,800,10,0,0,0,0,0,0,5.555555820465088,0,0,0,5,0,0,0,0,188560.1640625,229111.38903808594,0,404327403520,8589930496,5481259008,114688
10,1791580754097,2500,2500,800,800,800,799,800,799,2499,2500,2500,2499,2500,2499,800,800,10,0,0,0,0,0,0,5.555555820465088,0,0,0,5,0,0,0,0,188560.31768798828,229111.70532226563,0,404327403520,8589930496,5472743424,114688
9,1791580754107,2500,2500,800,800,800,799,800,799,2499,2500,2500,2499,2500,2499,800,800,10,0,0,0,0,0,0,5.555555820465088,0,0,0,5,0,0,0,0,188560.48999023438,229112.05029296875,0,404327403520,8589930496,5472743424,114688
9,1791580754117,2500,2500,800,800,800,799,800,799,2499,2500,2500,2499,2500,2499,800,800,10,0,0,0,0,0,0,5.555555820465088,0,0,0,5,0,0,0,0,188560.64526367188,229112.3641357422,0,404327403520,8589930496,5472743424,114688
9,1791580754128,2500,2500,800,800,800,799,800,799,2499,2500,2500,2499,2500,2499,800,800,10,0,0,0,0,0,0,5.555555820465088,0,0,0,5,0,0,0,0,188560.79943847656,229112.67822265625,0,404327403520,8589930496,5472743424,114688
9,1791580754138,2500,2500,800,800,800,799,800,799,2499,2500,2500,2499,2500,2499,800,800,10,0,0,0,0,0,0,5.555555820465088,0,0,0,5,0,0,0,0,188560.95251464844,229112.98736572266,0,404327403520,8589930496,5472743424,114688
9,1791580754148,2500,2500,800,800,800,799,800,799,2499,2500,2500,2499,2500,2499,800,800,10,0,0,0,0,0,0,5.555555820465088,0,0,0,5,0,0,0,0,188561.1079711914,229113.3021850586,0,404327403520,8589930496,5472743424,114688
9,1791580754158,2500,2500,800,800,800,799,800,799,2499,2500,2500,2499,2500,2499,800,800,10,0,0,0,0,0,0,5.555555820465088,0,0,0,5,0,0,0,0,188561.26361083984,229113.61389160156,0,404327403520,8589930496,5471866880,114688
9,1791580754168,2500,2500,800,800,800,799,800,799,2499,2500,2500,2499,2500,2499,800,800,10,0,0,0,0,0,0,5.555555820465088,0,0,0,5,0,0,0,0,188561.41522216797,229113.92681884766,0,404327403520,8589930496,5471866880,114688
9,1791580754178,2500,2500,800,800,800,799,800,799,2499,2500,2500,2499,2500,2499,800,800,0,5.263157844543457,0,0,0,0,0,5.263157844543457,5,0,0,0,0,0,0,0,188561.57104492188,229114.2430419922,0,404327403520,8589930496,5471866880,114688
9,1791580754188,2500,2500,800,800,800,799,800,799,2499,2500,2500,2499,2500,2499,800,800,0,5.263157844543457,0,0,0,0,0,5.263157844543457,5,0,0,0,0,0,0,0,188561.72869873047,229114.55743408203,0,404327403520,8589930496,5471866880,114688
9,1791580754198,2500,2500,800,800,800,799,800,799,2499,2500,2500,2499,2500,2499,800,800,0,5.263157844543457,0,0,0,0,0,5.263157844543457,5,0,0,0,0,0,0,0,188561.88470458984,229114.8667602539,0,404327403520,8589930496,5471866880,114688
9,1791580754208,2500,2500,800,800,800,799,800,799,2499,2500,2500,2499,2500,2499,800,800,0,5.263157844543457,0,0,0,0,0,5.263157844543457,5,0,0,0,0,0,0,0,188562.04107666016,229115.17553710938,0,404327403520,8589930496,5471866880,114688
9,1791580754218,2500,2500,800,800,800,799,800,799,2499,2500,2500,2499,2500,2499,800,800,0,5.263157844543457,0,0,0,0,0,5.263157844543457,5,0,0,0,0,0,0,0,188562.19763183594,229115.48736572266,0,404327403520,8589930496,5471866880,114688
9,1791580754228,2500,2500,800,800,800,799,800,799,2499,2500,2500,2499,2500,2499,800,800,0,5.263157844543457,0,0,0,0,0,5.263157844543457,5,0,0,0,0,0,0,0,188562.36169433594,229115.79760742188,0,404327403520,8589930496,5471866880,114688
9,1791580754238,2500,2500,800,800,800,799,800,799,2499,2500,2500,2499,2500,2499,800,800,0,5.263157844543457,0,0,0,0,0,5.263157844543457,5,0,0,0,0,0,0,0,188562.51989746094,229116.11108398438,0,404327403520,8589930496,5471866880,114688
10,1791580754248,2500,2500,800,800,800,799,800,799,2499,2500,2500,2499,2500,2499,800,800,0,5.263157844543457,0,0,0,0,0,5.263157844543457,5,0,0,0,0,0,0,0,188562.67517089844,229116.42504882813,0,404327403520,8589930496,5471866880,114688
10,1791580754258,2500,2500,800,800,800,799,800,799,2499,2500,2500,2499,2500,2499,800,800,0,5.263157844543457,0,0,0,0,0,5.263157844543457,5,0,0,0,0,0,0,0,188562.83099365234,229116.73760986328,0,404327403520,8589930496,5471866880,114688
9,1791580754268,2500,2500,800,800,800,799,800,799,2499,2500,2500,2499,2500,2499,800,800,0,5.263157844543457,0,0,0,0,0,5.263157844543457,5,0,0,0,0,0,0,0,188562.98852539063,229117.05010986328,0,404327403520,8589930496,5471866880,114688
9,1791580754279,2500,2500,800,800,800,799,800,799,2499,2500,2500,2499,2500,2499,800,800,0,5.263157844543457,0,0,0,0,0,5.263157844543457,5,0,0,0,0,0,0,0,188563.16284179688,229117.3931274414,0,404327403520,8589930496,5471866880,114688
9,1791580754289,2500,2500,800,800,800,799,800,799,2499,2500,2500,2499,2500,2499,800,800,0,5.263157844543457,0,0,0,0,0,5.263157844543457,5,0,0,0,0,0,0,0,188563.3175048828,229117.70123291016,0,404327403520,8589930496,5471866880,114688
9,1791580754299,2500,2500,800,800,800,799,800,799,2499,2500,2500,2499,2500,2499,800,800,0,5.263157844543457,0,0,0,0,0,5.263157844543457,5,0,0,0,0,0,0,0,188563.46856689453,229118.017578125,0,404327403520,8589930496,5471866880,114688
9,1791580754309,2500,2500,800,800,800,799,800,799,2499,2500,2500,2499,2500,2499,800,800,0,5.263157844543457,0,0,0,0,0,5.263157844543457,5,0,0,0,0,0,0,0,188563.62384033203,229118.3310546875,0,404327403520,8589930496,5471866880,114688
10,1791580754319,2500,2500,800,800,800,799,800,799,2499,2500,2500,2499,2500,2499,800,800,0,5.263157844543457,0,0,0,0,0,5.263157844543457,5,0,0,0,0,0,0,0,188563.78283691406,229118.64825439453,0,404327403520,8589930496,5471866880,114688
9,1791580754329,2500,2500,800,800,800,799,800,799,2499,2500,2500,2499,2500,2499,800,800,0,5.263157844543457,0,0,0,0,0,5.263157844543457,5,0,0,0,0,0,0,0,188563.94036865234,229118.9672241211,0,404327403520,8589930496,5471866880,114688
9,1791580754339,2500,2500,800,800,800,799,800,799,2499,2500,2500,2499,2500,2499,800,800,0,5.263157844543457,0,0,0,0,0,5.263157844543457,5,0,0,0,0,0,0,0,188564.0958251953,229119.28509521484,0,404327403520,8589930496,5471866880,114688
9,1791580754349,2500,2500,800,800,800,799,800,799,2499,2500,2500,2499,2500,2499,800,800,0,5.263157844543457,0,0,0,0,0,5.263157844543457,5,0,0,0,0,0,0,0,188564.25177001953,229119.60650634766,0,404327403520,8589930496,5471866880,114688
9,1791580754359,2500,2500,800,800,800,799,800,799,2499,2500,2500,2499,2500,2499,800,800,0,5.263157844543457,0,0,0,0,0,5.263157844543457,5,0,0,0,0,0,0,0,188564.4066772461,229119.9217529297,0,404327403520,8589930496,5471866880,114688
9,1791580754369,2500,2500,800,800,800,799,800,799,2499,2500,2500,2499,2500,2499,800,800,0,5.263157844543457,0,0,0,0,0,5.263157844543457,5,0,0,0,0,0,0,0,188564.56701660156,229120.23999023438,0,404327403520,8589930496,5471866880,114688
10,1791580754379,2500,2500,800,800,800,799,800,799,2499,2500,2500,2499,2500,2499,800,800,10,0,0,0,0,0,0,10,0,0,0,5,0,0,0,0,188564.72540283203,229120.55053710938,0,404327403520,8589930496,5471866880,114688
10,1791580754389,2500,2500,800,800,800,799,800,799,2499,2500,2500,2499,2500,2499,800,800,10,0,0,0,0,0,0,10,0,0,0,5,0,0,0,0,188564.88470458984,229120.87438964844,0,404327403520,8589930496,5471866880,114688
10,1791580754399,2500,2500,800,800,800,799,800,799,2499,2500,2500,2499,2500,2499,800,800,10,0,0,0,0,0,0,10,0,0,0,5,0,0,0,0,188565.04162597656,229121.19305419922,0,404327403520,8589930496,5471866880,114688
9,1791580754409,2500,2500,800,800,800,799,800,799,2499,2500,2500,2499,2500,2499,800,800,10,0,0,0,0,0,0,10,0,0,0,5,0,0,0,0,188565.19598388672,229121.50231933594,0,404327403520,8589930496,5471866880,114688
9,1791580754420,2500,2500,800,800,800,799,800,799,2499,2500,2500,2499,2500,2499,800,800,10,0,0,0,0,0,0,10,0,0,0,5,0,0,0,0,188565.35614013672,229121.82165527344,0,404327403520,8589930496,5471866880,114688
9,1791580754430,2500,2500,800,800,800,799,800,799,2499,2500,2500,2499,2500,2499,800,800,10,0,0,0,0,0,0,10,0,0,0,5,0,0,0,0,188565.50885009766,229122.13763427734,0,404327403520,8589930496,5471866880,114688
10,1791580754440,2500,2500,800,800,800,799,800,799,2499,2500,2500,2499,2500,2499,800,800,10,0,0,0,0,0,0,10,0,0,0,5,0,0,0,0,188565.66375732422,229122.4490966797,0,404327403520,8589930496,5471866880,114688
9,1791580754450,2500,2500,800,800,800,799,800,799,2499,2500,2500,2499,2500,2499,800,800,10,0,0,0,0,0,0,10,0,0,0,5,0,0,0,0,188565.8192138672,229122.7612915039,0,404327403520,8589930496,5471866880,114688
9,1791580754460,2500,2500,800,800,800,799,800,799,2499,2500,2500,2499,2500,2499,800,800,10,0,0,0,0,0,0,10,0,0,0,5,0,0,0,0,188565.97595214844,229123.07501220703,0,404327403520,8589930496,5471866880,114688
9,1791580754470,2500,2500,800,800,800,799,800,799,2499,2500,2500,2499,2500,2499,800,800,10,0,0,0,0,0,0,10,0,0,0,5,0,0,0,0,188566.14251708984,229123.42456054688,0,404327403520,8589930496,5471866880,114688
9,1791580754480,2500,2500,800,800,800,799,800,799,2499,2500,2500,2499,2500,2499,800,800,10,0,0,0,0,0,0,10,0,0,0,5,0,0,0,0,188566.29522705078,229123.74346923828,0,404327403520,8589930496,5471866880,114688
9,1791580754490,2500,2500,800,800,800,799,800,799,2499,2500,2500,2499,2500,2499,800,800,10,0,0,0,0,0,0,10,0,0,0,5,0,0,0,0,188566.44830322266,229124.05737304688,0,404327403520,8589930496,5471866880,114688
10,1791580754500,2500,2500,800,800,800,799,800,799,2499,2500,2500,2499,2500,2499,800,800,10,0,0,0,0,0,0,10,0,0,0,5,0,0,0,0,188566.60009765625,229124.36944580078,0,404327403520,8589930496,5471866880,114688
9,1791580754510,2500,2500,800,800,800,799,800,799,2499,2500,2500,2499,2500,2499,800,800,10,0,0,0,0,0,0,10,0,0,0,5,0,0,0,0,188566.755859375,229124.6802368164,0,404327403520,8589930496,5471866880,114688
9,1791580754520,2500,2500,800,800,800,799,800,799,2499,2500,2500,2499,2500,2499,800,800,10,0,0,0,0,0,0,10,0,0,0,5,0,0,0,0,188566.9136352539,229124.9985961914,0,404327403520,8589930496,5471866880,114688
9,1791580754530,2500,2500,800,800,800,799,800,799,2499,2500,2500,2499,2500,2499,800,800,10,0,0,0,0,0,0,10,0,0,0,5,0,0,0,0,188567.06982421875,229125.31372070313,0,404327403520,8589930496,5471866880,114688
9,1791580754540,2500,2500,800,800,800,799,800,799,2499,2500,2500,2499,2500,2499,800,800,10,0,0,0,0,0,0,10,0,0,0,5,0,0,0,0,188567.2225341797,229125.62915039063,0,404327403520,8589930496,5471866880,114688
9,1791580754550,2500,2500,800,800,800,799,800,799,2499,2500,2500,2499,2500,2499,800,800,10,0,0,0,0,0,0,10,0,0,0,5,0,0,0,0,188567.3783569336,229125.94897460938,0,404327403520,8589930496,5471866880,114688
9,1791580754561,2500,2500,800,800,800,799,800,799,2499,2500,2500,2499,2500,2499,800,800,10,0,0,0,0,0,0,10,0,0,0,5,0,0,0,0,188567.53692626953,229126.2645263672,0,404327403520,8589930496,5471866880,114688
9,1791580754571,2500,2500,800,800,800,799,800,799,2499,2500,2500,2499,2500,2499,800,800,10,0,0,0,0,0,0,10,0,0,0,5,0,0,0,0,188567.68981933594,229126.5728149414,0,404327403520,8589930496,5471866880,114688
9,1791580754581,2500,2500,800,800,800,799,800,799,2499,2500,2500,2499,2500,2499,800,800,0,5,0,0,0,0,0,10.526315689086914,0,0,0,0,0,0,5,0,188567.84600830078,229126.88354492188,0,404327403520,8589930496,5471866880,114688
9,1791580754591,2500,2500,800,800,800,799,800,799,2499,2500,2500,2499,2500,2499,800,800,0,5,0,0,0,0,0,10.526315689086914,0,0,0,0,0,0,5,0,188568.00128173828,229127.2007446289,0,404327403520,8589930496,5471866880,114688
9,1791580754601,2500,2500,800,800,800,799,800,799,2499,2500,2500,2499,2500,2499,800,800,0,5,0,0,0,0,0,10.526315689086914,0,0,0,0,0,0,5,0,188568.15728759766,229127.51873779297,0,404327403520,8589930496,5471866880,114688
9,1791580754611,2500,2500,800,800,800,799,800,799,2499,2500,2500,2499,2500,2499,800,800,0,5,0,0,0,0,0,10.526315689086914,0,0,0,0,0,0,5,0,188568.3158569336,229127.83502197266,0,404327403520,8589930496,5471866880,114688
9,1791580754621,2500,2500,800,800,800,799,800,799,2499,2500,2500,2499,2500,2499,800,800,0,5,0,0,0,0,0,10.526315689086914,0,0,0,0,0,0,5,0,188568.48321533203,229128.1824951172,0,404327403520,8589930496,5471866880,114688
9,1791580754631,2500,2500,800,800,800,799,800,799,2499,2500,2500,2499,2500,2499,800,800,0,5,0,0,0,0,0,10.526315689086914,0,0,0,0,0,0,5,0,188568.62469482422,229128.46166992188,0,404327403520,8589930496,5471866880,114688
10,1791580754641,2500,2500,800,800,800,799,800,799,2499,2500,2500,2499,2500,2499,800,800,0,5,0,0,0,0,0,10.526315689086914,0,0,0,0,0,0,5,0,188568.7794189453,229128.7739868164,0,404327403520,8589930496,5471866880,114688
9,1791580754651,2500,2500,800,800,800,799,800,799,2499,2500,2500,2499,2500,2499,800,800,0,5,0,0,0,0,0,10.526315689086914,0,0,0,0,0,0,5,0,188568.94677734375,229129.11596679688,0,404327403520,8589930496,5471866880,114688
9,1791580754661,2500,2500,800,800,800,799,800,799,2499,2500,2500,2499,2500,2499,800,800,0,5,0,0,0,0,0,10.526315689086914,0,0,0,0,0,0,5,0,188569.10150146484,229129.43389892578,0,404327403520,8589930496,5471866880,114688
9,1791580754671,2500,2500,800,800,800,799,800,799,2499,2500,2500,2499,2500,2499,800,800,0,5,0,0,0,0,0,10.526315689086914,0,0,0,0,0,0,5,0,188569.25421142578,229129.7445678711,0,404327403520,8589930496,5471866880,114688
10,1791580754681,2500,2500,800,800,800,799,800,799,2499,2500,2500,2499,2500,2499,800,800,0,5,0,0,0,0,0,10.526315689086914,0,0,0,0,0,0,5,0,188569.40802001953,229130.0557861328,0,404327403520,8589930496,5471866880,114688
10,1791580754691,2500,2500,800,800,800,799,800,799,2499,2500,2500,2499,2500,2499,800,800,0,5,0,0,0,0,0,10.526315689086914,0,0,0,0,0,0,5,0,188569.5616455078,229130.36474609375,0,404327403520,8589930496,5471866880,114688
9,1791580754701,2500,2500,800,800,800,799,800,799,2499,2500,2500,2499,2500,2499,800,800,0,5,0,0,0,0,0,10.526315689086914,0,0,0,0,0,0,5,0,188569.7169189453,229130.67919921875,0,404327403520,8589930496,5471866880,114688
9,1791580754712,2500,2500,800,800,800,799,800,799,2499,2500,2500,2499,2500,2499,800,800,0,5,0,0,0,0,0,10.526315689086914,0,0,0,0,0,0,5,0,188569.87200927734,229130.99737548828,0,404327403520,8589930496,5471866880,114688
9,1791580754722,2500,2500,800,800,800,799,800,799,2499,2500,2500,2499,2500,2499,800,800,0,5,0,0,0,0,0,10.526315689086914,0,0,0,0,0,0,5,0,188570.02709960938,229131.3155517578,0,404327403520,8589930496,5471866880,114688
10,1791580754732,2500,2500,800,800,800,799,800,799,2499,2500,2500,2499,2500,2499,800,800,0,5,0,0,0,0,0,10.526315689086914,0,0,0,0,0,0,5,0,188570.1782836914,229131.63494873047,0,404327403520,8589930496,5471866880,114688
9,1791580754742,2500,2500,800,800,800,799,800,799,2499,2500,2500,2499,2500,2499,800,800,0,5,0,0,0,0,0,10.526315689086914,0,0,0,0,0,0,5,0,188570.33374023438,229131.9574584961,0,404327403520,8589930496,5471866880,114688
9,1791580754752,2500,2500,800,800,800,799,800,799,2499,2500,2500,2499,2500,2499,800,800,0,5,0,0,0,0,0,10.526315689086914,0,0,0,0,0,0,5,0,188570.48663330078,229132.26953125,0,404327403520,8589930496,5471866880,114688
9,1791580754762,2500,2500,800,800,800,799,800,799,2499,2500,2500,2499,2500,2499,800,800,0,5,0,0,0,0,0,10.526315689086914,0,0,0,0,0,0,5,0,188570.64031982422,229132.58813476563,0,404327403520,8589930496,5471866880,114688
9,1791580754772,2500,2500,800,800,800,799,800,799,2499,2500,2500,2499,2500,2499,800,800,0,5,0,0,0,0,0,10.526315689086914,0,0,0,0,0,0,5,0,188570.79779052734,229132.90313720703,0,404327403520,8589930496,5471866880,114688
9,1791580754782,2500,2500,800,800,800,799,800,799,2499,2500,2500,2499,2500,2499,800,800,0,0,0,0,0,0,0,5.263157844543457,0,0,0,0,0,0,0,0,188570.94995117188,229133.2205810547,0,404327403520,8589930496,5471866880,114688
9,1791580754792,2500,2500,800,800,800,799,800,799,2499,2500,2500,2499,2500,2499,800,800,0,0,0,0,0,0,0,5.263157844543457,0,0,0,0,0,0,0,0,188571.1021118164,229133.53942871094,0,404327403520,8589930496,5471866880,114688
9,1791580754802,2500,2500,800,800,800,799,800,799,2499,2500,2500,2499,2500,2499,800,800,0,0,0,0,0,0,0,5.263157844543457,0,0,0,0,0,0,0,0,188571.26947021484,229133.88360595703,0,404327403520,8589930496,5471866880,114688
10,1791580754812,2500,2500,800,800,800,799,800,799,2499,2500,2500,2499,2500,2499,800,800,0,0,0,0,0,0,0,5.263157844543457,0,0,0,0,0,0,0,0,188571.40698242188,229134.16186523438,0,404327403520,8589930496,5471866880,114688
9,1791580754822,2500,2500,800,800,800,799,800,799,2499,2500,2500,2499,2500,2499,800,800,0,0,0,0,0,0,0,5.263157844543457,0,0,0,0,0,0,0,0,188571.57305908203,229134.50579833984,0,404327403520,8589930496,5471866880,114688
10,1791580754832,2500,2500,800,800,800,799,800,799,2499,2500,2500,2499,2500,2499,800,800,0,0,0,0,0,0,0,5.263157844543457,0,0,0,0,0,0,0,0,188571.71112060547,229134.79077148438,0,404327403520,8589930496,5471866880,114688
10,1791580754842,2500,2500,800,800,800,799,800,799,2499,2500,2500,2499,2500,2499,800,800,0,0,0,0,0,0,0,5.263157844543457,0,0,0,0,0,0,0,0,188571.87420654297,229135.13549804688,0,404327403520,8589930496,5471866880,114688
9,1791580754852,2500,2500,800,800,800,799,800,799,2499,2500,2500,2499,2500,2499,800,800,0,0,0,0,0,0,0,5.263157844543457,0,0,0,0,0,0,0,0,188572.0274658203,229135.4517211914,0,404327403520,8589930496,5471866880,114688
9,1791580754863,2500,2500,800,800,800,799,800,799,2499,2500,2500,2499,2500,2499,800,800,0,0,0,0,0,0,0,5.263157844543457,0,0,0,0,0,0,0,0,188572.18383789063,229135.76928710938,0,404327403520,8589930496,5471866880,114688
9,1791580754873,2500,2500,800,800,800,799,800,799,2499,2500,2500,2499,2500,2499,800,800,0,0,0,0,0,0,0,5.263157844543457,0,0,0,0,0,0,0,0,188572.33361816406,229136.08380126953,0,404327403520,8589930496,5471866880,114688
9,1791580754883,2500,2500,800,800,800,799,800,799,2499,2500,2500,2499,2500,2499,800,800,0,0,0,0,0,0,0,5.263157844543457,0,0,0,0,0,0,0,0,188572.48852539063,229136.39526367188,0,404327403520,8589930496,5471866880,114688
9,1791580754893,2500,2500,800,800,800,799,800,799,2499,2500,2500,2499,2500,2499,800,800,0,0,0,0,0,0,0,5.263157844543457,0,0,0,0,0,0,0,0,188572.64282226563,229136.70831298828,0,404327403520,8589930496,5471866880,114688
9,1791580754903,2500,2500,800,800,800,799,800,799,2499,2500,2500,2499,2500,2499,800,800,0,0,0,0,0,0,0,5.263157844543457,0,0,0,0,0,0,0,0,188572.8012084961,229137.02368164063,0,404327403520,8589930496,5471866880,114688
9,1791580754913,2500,2500,800,800,800,799,800,799,2499,2500,2500,2499,2500,2499,800,800,0,0,0,0,0,0,0,5.263157844543457,0,0,0,0,0,0,0,0,188572.9564819336,229137.3426513672,0,404327403520,8589930496,5471866880,114688
9,1791580754923,2500,2500,800,800,800,799,800,799,2499,2500,2500,2499,2500,2499,800,800,0,0,0,0,0,0,0,5.263157844543457,0,0,0,0,0,0,0,0,188573.11682128906,229137.65789794922,0,404327403520,8589930496,5471866880,114688
9,1791580754933,2500,2500,800,800,800,799,800,799,2499,2500,2500,2499,2500,2499,800,800,0,0,0,0,0,0,0,5.263157844543457,0,0,0,0,0,0,0,0,188573.27264404297,229137.97631835938,0,404327403520,8589930496,5471866880,114688
9,1791580754943,2500,2500,800,800,800,799,800,799,2499,2500,2500,2499,2500,2499,800,800,0,0,0,0,0,0,0,5.263157844543457,0,0,0,0,0,0,0,0,188573.43267822266,229138.28692626953,0,404327403520,8589930496,5471866880,114688
9,1791580754953,2500,2500,800,800,800,799,800,799,2499,2500,2500,2499,2500,2499,800,800,0,0,0,0,0,0,0,5.263157844543457,0,0,0,0,0,0,0,0,188573.58770751953,229138.6036376953,0,404327403520,8589930496,5471866880,114688
9,1791580754963,2500,2500,800,800,800,799,800,799,2499,2500,2500,2499,2500,2499,800,800,0,0,0,0,0,0,0,5.263157844543457,0,0,0,0,0,0,0,0,188573.74285888672,229138.9242553711,0,404327403520,8589930496,5471866880,114688
10,1791580754973,2500,2500,800,800,800,799,800,799,2499,2500,2500,2499,2500,2499,800,800,0,0,0,0,0,0,0,5.263157844543457,0,0,0,0,0,0,0,0,188573.9028930664,229139.24578857422,0,404327403520,8589930496,5471866880,114688
9,1791580754983,2500,2500,800,800,800,799,800,799,2499,2500,2500,2499,2500,2499,800,800,10,0,0,0,0,5,5,5.263157844543457,0,0,0,0,5,0,0,0,188574.07373046875,229139.595703125,0,404327403520,8589930496,5471866880,114688
10,1791580754993,2500,2500,800,800,800,799,800,799,2499,2500,2500,2499,2500,2499,800,800,10,0,0,0,0,5,5,5.263157844543457,0,0,0,0,5,0,0,0,188574.21215820313,229139.9151611328,0,404327403520,8589930496,5471866880,114688
9,1791580755004,2500,2500,800,800,800,799,800,799,2499,2500,2500,2499,2500,2499,800,800,10,0,0,0,0,5,5,5.263157844543457,0,0,0,0,5,0,0,0,188574.38665771484,229140.23126220703,0,404327403520,8589930496,5471866880,114688
9,1791580755014,2500,2500,800,800,800,799,800,799,2499,2500,2500,2499,2500,2499,800,800,10,0,0,0,0,5,5,5.263157844543457,0,0,0,0,5,0,0,0,188574.54229736328,229140.54766845703,0,404327403520,8589930496,5471866880,114688
9,1791580755024,2500,2500,800,800,800,799,800,799,2499,2500,2500,2499,2500,2499,800,800,10,0,0,0,0,5,5,5.263157844543457,0,0,0,0,5,0,0,0,188574.69592285156,229140.86309814453,0,404327403520,8589930496,5471866880,114688
9,1791580755034,2500,2500,800,800,800,799,800,799,2499,2500,2500,2499,2500,2499,800,800,10,0,0,0,0,5,5,5.263157844543457,0,0,0,0,5,0,0,0,188574.8533935547,229141.1788330078,0,404327403520,8589930496,5471866880,114688
9,1791580755044,2500,2500,800,800,800,799,800,799,2499,2500,2500,2499,2500,2499,800,800,10,0,0,0,0,5,5,5.263157844543457,0,0,0,0,5,0,0,0,188575.00555419922,229141.49530029297,0,404327403520,8589930496,5471866880,114688
9,1791580755054,2500,2500,800,800,800,799,800,799,2499,2500,2500,2499,2500,2499,800,800,10,0,0,0,0,5,5,5.263157844543457,0,0,0,0,5,0,0,0,188575.16094970703,229141.81378173828,0,404327403520,8589930496,5471866880,114688
9,1791580755064,2500,2500,800,800,800,799,800,799,2499,2500,2500,2499,2500,2499,800,800,10,0,0,0,0,5,5,5.263157844543457,0,0,0,0,5,0,0,0,188575.31640625,229142.12939453125,0,404327403520,8589930496,5471866880,114688
9,1791580755074,2500,2500,800,800,800,799,800,799,2499,2500,2500,2499,2500,2499,800,800,10,0,0,0,0,5,5,5.263157844543457,0,0,0,0,5,0,0,0,188575.47314453125,229142.4482421875,0,404327403520,8589930496,5471866880,114688
9,1791580755084,2500,2500,800,800,800,799,800,799,2499,2500,2500,2499,2500,2499,800,800,10,0,0,0,0,5,5,5.263157844543457,0,0,0,0,5,0,0,0,188575.62469482422,229142.76733398438,0,404327403520,8589930496,5471866880,114688
9,1791580755094,2500,2500,800,800,800,799,800,799,2499,2500,2500,2499,2500,2499,800,800,10,0,0,0,0,5,5,5.263157844543457,0,0,0,0,5,0,0,0,188575.7788696289,229143.0869140625,0,404327403520,8589930496,5471866880,114688
9,1791580755104,2500,2500,800,800,800,799,800,799,2499,2500,2500,2499,2500,2499,800,800,10,0,0,0,0,5,5,5.263157844543457,0,0,0,0,5,0,0,0,188575.9365234375,229143.39880371094,0,404327403520,8589930496,5471866880,114688
9,1791580755114,2500,2500,800,800,800,799,800,799,2499,2500,2500,2499,2500,2499,800,800,10,0,0,0,0,5,5,5.263157844543457,0,0,0,0,5,0,0,0,188576.0947265625,229143.7091064453,0,404327403520,8589930496,5462835200,114688
9,1791580755124,2500,2500,800,800,800,799,800,799,2499,2500,2500,2499,2500,2499,800,800,10,0,0,0,0,5,5,5.263157844543457,0,0,0,0,5,0,0,0,188576.2470703125,229144.021484375,0,404327403520,8589930496,5462835200,114688
9,1791580755134,2500,2500,800,800,800,799,800,799,2499,2500,2500,2499,2500,2499,800,800,10,0,0,0,0,5,5,5.263157844543457,0,0,0,0,5,0,0,0,188576.4076538086,229144.3363647461,0,404327403520,8589930496,5462835200,114688
9,1791580755145,2500,2500,800,800,800,799,800,799,2499,2500,2500,2499,2500,2499,800,800,10,0,0,0,0,5,5,5.263157844543457,0,0,0,0,5,0,0,0,188576.56475830078,229144.65173339844,0,404327403520,8589930496,5462835200,114688
9,1791580755155,2500,2500,800,800,800,799,800,799,2499,2500,2500,2499,2500,2499,800,800,10,0,0,0,0,5,5,5.263157844543457,0,0,0,0,5,0,0,0,188576.73419189453,229145.00170898438,0,404327403520,8589930496,5462835200,114688
9,1791580755165,2500,2500,800,800,800,799,800,799,2499,2500,2500,2499,2500,2499,800,800,10,0,0,0,0,5,5,5.263157844543457,0,0,0,0,5,0,0,0,188576.892578125,229145.2866821289,0,404327403520,8589930496,5462835200,114688
9,1791580755175,2500,2500,800,800,800,799,800,799,2499,2500,2500,2499,2500,2499,800,800,10,0,0,0,0,5,5,5.263157844543457,0,0,0,0,5,0,0,0,188577.0438232422,229145.6382446289,0,404327403520,8589930496,5462835200,114688
9,1791580755185,2500,2500,800,800,800,799,800,799,2499,2500,2500,2499,2500,2499,800,800,5.263157844543457,5,0,5,0,0,0,10.526315689086914,5,0,0,0,0,0,0,5,188577.1996459961,229145.94146728516,0,404327403520,8589930496,5462835200,114688
9,1791580755195,2500,2500,800,800,800,799,800,799,2499,2500,2500,2499,2500,2499,800,800,5.263157844543457,5,0,5,0,0,0,10.526315689086914,5,0,0,0,0,0,0,5,188577.3543701172,229146.2592163086,0,404327403520,8589930496,5462835200,114688
9,1791580755205,2500,2500,800,800,800,799,800,799,2499,2500,2500,2499,2500,2499,800,800,5.263157844543457,5,0,5,0,0,0,10.526315689086914,5,0,0,0,0,0,0,5,188577.51239013672,229146.5792236328,0,404327403520,8589930496,5462835200,114688
9,1791580755215,2500,2500,800,800,800,799,800,799,2499,2500,2500,2499,2500,2499,800,800,5.263157844543457,5,0,5,0,0,0,10.526315689086914,5,0,0,0,0,0,0,5,188577.66619873047,229146.88690185547,0,404327403520,8589930496,5462835200,114688
10,1791580755225,2500,2500,800,800,800,799,800,799,2499,2500,2500,2499,2500,2499,800,800,5.263157844543457,5,0,5,0,0,0,10.526315689086914,5,0,0,0,0,0,0,5,188577.82104492188,229147.20727539063,0,404327403520,8589930496,5462835200,114688
9,1791580755235,2500,2500,800,800,800,799,800,799,2499,2500,2500,2499,2500,2499,800,800,5.263157844543457,5,0,5,0,0,0,10.526315689086914,5,0,0,0,0,0,0,5,188577.97760009766,229147.52166748047,0,404327403520,8589930496,5462835200,114688
10,1791580755245,2500,2500,800,800,800,799,800,799,2499,2500,2500,2499,2500,2499,800,800,5.263157844543457,5,0,5,0,0,0,10.526315689086914,5,0,0,0,0,0,0,5,188578.12994384766,229147.82958984375,0,404327403520,8589930496,5462835200,114688
9,1791580755255,2500,2500,800,800,800,799,800,799,2499,2500,2500,2499,2500,2499,800,800,5.263157844543457,5,0,5,0,0,0,10.526315689086914,5,0,0,0,0,0,0,5,188578.28283691406,229148.15234375,0,404327403520,8589930496,5462835200,114688
10,1791580755265,2500,2500,800,800,800,799,800,799,2499,2500,2500,2499,2500,2499,800,800,5.263157844543457,5,0,5,0,0,0,10.526315689086914,5,0,0,0,0,0,0,5,188578.43408203125,229148.46936035156,0,404327403520,8589930496,5462835200,114688
9,1791580755275,2500,2500,800,800,800,799,800,799,2499,2500,2500,2499,2500,2499,800,800,5.263157844543457,5,0,5,0,0,0,10.526315689086914,5,0,0,0,0,0,0,5,188578.58532714844,229148.78326416016,0,404327403520,8589930496,5462835200,114688
10,1791580755285,2500,2500,800,800,800,799,800,799,2499,2500,2500,2499,2500,2499,800,800,5.263157844543457,5,0,5,0,0,0,10.526315689086914,5,0,0,0,0,0,0,5,188578.74169921875,229149.10498046875,0,404327403520,8589930496,5462835200,114688
10,1791580755295,2500,2500,800,800,800,799,800,799,2499,2500,2500,2499,2500,2499,800,800,5.263157844543457,5,0,5,0,0,0,10.526315689086914,5,0,0,0,0,0,0,5,188578.89697265625,229149.4139404297,0,404327403520,8589930496,5462835200,114688
9,1791580755306,2500,2500,800,800,800,799,800,799,2499,2500,2500,2499,2500,2499,800,800,5.263157844543457,5,0,5,0,0,0,10.526315689086914,5,0,0,0,0,0,0,5,188579.05206298828,229149.7240600586,0,404327403520,8589930496,5462835200,114688
10,1791580755316,2500,2500,800,800,800,799,800,799,2499,2500,2500,2499,2500,2499,800,800,5.263157844543457,5,0,5,0,0,0,10.526315689086914,5,0,0,0,0,0,0,5,188579.20385742188,229150.03869628906,0,404327403520,8589930496,5462835200,114688
9,1791580755326,2500,2500,800,800,800,799,800,799,2499,2500,2500,2499,2500,2499,800,800,5.263157844543457,5,0,5,0,0,0,10.526315689086914,5,0,0,0,0,0,0,5,188579.35968017578,229150.3569946289,0,404327403520,8589930496,5462835200,114688
9,1791580755336,2500,2500,800,800,800,799,800,799,2499,2500,2500,2499,2500,2499,800,800,5.263157844543457,5,0,5,0,0,0,10.526315689086914,5,0,0,0,0,0,0,5,188579.52758789063,229150.70135498047,0,404327403520,8589930496,5462835200,114688
9,1791580755346,2500,2500,800,800,800,799,800,799,2499,2500,2500,2499,2500,2499,800,800,5.263157844543457,5,0,5,0,0,0,10.526315689086914,5,0,0,0,0,0,0,5,188579.68377685547,229151.0180053711,0,404327403520,8589930496,5462835200,114688
9,1791580755356,2500,2500,800,800,800,799,800,799,2499,2500,2500,2499,2500,2499,800,800,5.263157844543457,5,0,5,0,0,0,10.526315689086914,5,0,0,0,0,0,0,5,188579.8359375,229151.33044433594,0,404327403520,8589930496,5462835200,114688
9,1791580755366,2500,2500,800,800,800,799,800,799,2499,2500,2500,2499,2500,2499,800,800,5.263157844543457,5,0,5,0,0,0,10.526315689086914,5,0,0,0,0,0,0,5,188579.99322509766,229151.65313720703,0,404327403520,8589930496,5462835200,114688
9,1791580755376,2500,2500,800,800,800,799,800,799,2499,2500,2500,2499,2500,2499,800,800,5.263157844543457,5,0,5,0,0,0,10.526315689086914,5,0,0,0,0,0,0,5,188580.1475830078,229151.95922851563,0,404327403520,8589930496,5462835200,114688
9,1791580755386,2500,2500,800,800,800,799,800,799,2499,2500,2500,2499,2500,2499,800,800,10,0,0,0,0,0,0,5.263157844543457,5,0,0,0,0,0,0,0,188580.30615234375,229152.27349853516,0,404327403520,8589930496,5462835200,114688
9,1791580755396,2500,2500,800,800,800,799,800,799,2499,2500,2500,2499,2500,2499,800,800,10,0,0,0,0,0,0,5.263157844543457,5,0,0,0,0,0,0,0,188580.45776367188,229152.58282470703,0,404327403520,8589930496,5462835200,114688
9,1791580755406,2500,2500,800,800,800,799,800,799,2499,2500,2500,2499,2500,2499,800,800,10,0,0,0,0,0,0,5.263157844543457,5,0,0,0,0,0,0,0,188580.6138305664,229152.89776611328,0,404327403520,8589930496,5462835200,114688
9,1791580755416,2500,2500,800,800,800,799,800,799,2499,2500,2500,2499,2500,2499,800,800,10,0,0,0,0,0,0,5.263157844543457,5,0,0,0,0,0,0,0,188580.7749633789,229153.21405029297,0,404327403520,8589930496,5462835200,114688
9,1791580755426,2500,2500,800,800,800,799,800,799,2499,2500,2500,2499,2500,2499,800,800,10,0,0,0,0,0,0,5.263157844543457,5,0,0,0,0,0,0,0,188580.9278564453,229153.5321044922,0,404327403520,8589930496,5462835200,114688
9,1791580755437,2500,2500,800,800,800,799,800,799,2499,2500,2500,2499,2500,2499,800,800,10,0,0,0,0,0,0,5.263157844543457,5,0,0,0,0,0,0,0,188581.08349609375,229153.83978271484,0,404327403520,8589930496,5462835200,114688
10,1791580755447,2500,2500,800,800,800,799,800,799,2499,2500,2500,2499,2500,2499,800,800,10,0,0,0,0,0,0,5.263157844543457,5,0,0,0,0,0,0,0,188581.23583984375,229154.15301513672,0,404327403520,8589930496,5462835200,114688
10,1791580755457,2500,2500,800,800,800,799,800,799,2499,2500,2500,2499,2500,2499,800,800,10,0,0,0,0,0,0,5.263157844543457,5,0,0,0,0,0,0,0,188581.39569091797,229154.4688720703,0,404327403520,8589930496,5462835200,114688
9,1791580755467,2500,2500,800,800,800,799,800,799,2499,2500,2500,2499,2500,2499,800,800,10,0,0,0,0,0,0,5.263157844543457,5,0,0,0,0,0,0,0,188581.54718017578,229154.78283691406,0,404327403520,8589930496,5462835200,114688
9,1791580755477,2500,2500,800,800,800,799,800,799,2499,2500,2500,2499,2500,2499,800,800,10,0,0,0,0,0,0,5.263157844543457,5,0,0,0,0,0,0,0,188581.70147705078,229155.09979248047,0,404327403520,8589930496,5462835200,114688
9,1791580755487,2500,2500,800,800,800,799,800,799,2499,2500,2500,2499,2500,2499,800,800,10,0,0,0,0,0,0,5.263157844543457,5,0,0,0,0,0,0,0,188581.86791992188,229155.44750976563,0,404327403520,8589930496,5462835200,114688
9,1791580755497,2500,2500,800,800,800,799,800,799,2499,2500,2500,2499,2500,2499,800,800,10,0,0,0,0,0,0,5.263157844543457,5,0,0,0,0,0,0,0,188582.00689697266,229155.72650146484,0,404327403520,8589930496,5462835200,114688
9,1791580755507,2500,2500,800,800,800,799,800,799,2499,2500,2500,2499,2500,2499,800,800,10,0,0,0,0,0,0,5.263157844543457,5,0,0,0,0,0,0,0,188582.17462158203,229156.068359375,0,404327403520,8589930496,5462835200,114688
9,1791580755517,2500,2500,800,800,800,799,800,799,2499,2500,2500,2499,2500,2499,800,800,10,0,0,0,0,0,0,5.263157844543457,5,0,0,0,0,0,0,0,188582.33099365234,229156.38836669922,0,404327403520,8589930496,5462835200,114688
9,1791580755527,2500,2500,800,800,800,799,800,799,2499,2500,2500,2499,2500,2499,800,800,10,0,0,0,0,0,0,5.263157844543457,5,0,0,0,0,0,0,0,188582.48608398438,229156.701171875,0,404327403520,8589930496,5462835200,114688
9,1791580755537,2500,2500,800,800,800,799,800,799,2499,2500,2500,2499,2500,2499,800,800,10,0,0,0,0,0,0,5.263157844543457,5,0,0,0,0,0,0,0,188582.64227294922,229157.00939941406,0,404327403520,8589930496,5462835200,114688
10,1791580755547,2500,2500,800,800,800,799,800,799,2499,2500,2500,2499,2500,2499,800,800,10,0,0,0,0,0,0,5.263157844543457,5,0,0,0,0,0,0,0,188582.79754638672,229157.32489013672,0,404327403520,8589930496,5462835200,114688
10,1791580755557,2500,2500,800,800,800,799,800,799,2499,2500,2500,2499,2500,2499,800,800,10,0,0,0,0,0,0,5.263157844543457,5,0,0,0,0,0,0,0,188582.95208740234,229157.63836669922,0,404327403520,8589930496,5462835200,114688
9,1791580755567,2500,2500,800,800,800,799,800,799,2499,2500,2500,2499,2500,2499,800,800,10,0,0,0,0,0,0,5.263157844543457,5,0,0,0,0,0,0,0,188583.10662841797,229157.95574951172,0,404327403520,8589930496,5462835200,114688
9,1791580755578,2500,2500,800,800,800,799,800,799,2499,2500,2500,2499,2500,2499,800,800,10,0,0,0,0,0,0,5.263157844543457,5,0,0,0,0,0,0,0,188583.2628173828,229158.27294921875,0,404327403520,8589930496,5462835200,114688
10,1791580755588,2500,2500,800,800,800,799,800,799,2499,2500,2500,2499,2500,2499,800,800,0,0,0,0,0,0,0,5.263157844543457,0,0,0,0,0,0,30.000001907348633,0,188583.4158935547,229158.58642578125,0,404327403520,8589930496,5462835200,114688
9,1791580755598,2500,2500,800,800,800,799,800,799,2499,2500,2500,2499,2500,2499,800,800,0,0,0,0,0,0,0,5.263157844543457,0,0,0,0,0,0,30.000001907348633,0,188583.57122802734,229158.90307617188,0,404327403520,8589930496,5464322048,114688
9,1791580755608,2500,2500,800,800,800,799,800,799,2499,2500,2500,2499,2500,2499,800,800,0,0,0,0,0,0,0,5.263157844543457,0,0,0,0,0,0,30.000001907348633,0,188583.72723388672,229159.2159423828,0,404327403520,8589930496,5466304512,114688
9,1791580755618,2500,2500,800,800,800,799,800,799,2499,2500,2500,2499,2500,2499,800,800,0,0,0,0,0,0,0,5.263157844543457,0,0,0,0,0,0,30.000001907348633,0,188583.8837890625,229159.5272216797,0,404327403520,8589930496,5466304512,114688
9,1791580755628,2500,2500,800,800,800,799,800,799,2499,2500,2500,2499,2500,2499,800,800,0,0,0,0,0,0,0,5.263157844543457,0,0,0,0,0,0,30.000001907348633,0,188584.04125976563,229159.84326171875,0,404327403520,8589930496,5466304512,114688
9,1791580755638,2500,2500,800,800,800,799,800,799,2499,2500,2500,2499,2500,2499,800,800,0,0,0,0,0,0,0,5.263157844543457,0,0,0,0,0,0,30.000001907348633,0,188584.19915771484,229160.16180419922,0,404327403520,8589930496,5466304512,114688
10,1791580755648,2500,2500,800,800,800,799,800,799,2499,2500,2500,2499,2500,2499,800,800,0,0,0,0,0,0,0,5.263157844543457,0,0,0,0,0,0,30.000001907348633,0,188584.35968017578,229160.49505615234,0,404327403520,8589930496,5452427264,114688
0,1791580755658,2500,2500,800,800,800,799,800,799,2499,2500,2500,2499,2500,2499,800,800,0,0,0,0,0,0,0,5.263157844543457,0,0,0,0,0,0,30.000001907348633,0,188584.53588867188,229160.89031982422,0,404327403520,8589930496,5452427264,114688
